"FSA","location_name","Vulnerability_Communication_Kindergarten","Vulnerability_Emotional_Kindergarten","Vulnerability_Cognitive_Kindergarten","Vulnerability_Physical_Kindergarten","Vulnerability_Social_Kindergarten","Vulnerability_One_or_More_Areas_Kindergarten","Life_Expectancy_Total_All_Ages","PYLL_Smoking_Attributable_Deaths","PYLL_Drug_Induced_Deaths","PYLL_Alcohol_Related_Deaths","PYLL_Accidental_Falls","PYLL_Motor_Vehicle_Accidents","Infant_Mortality_Rate_1_Year","Low_Birth_Rate_1_Year","Asthma_Prevalence_5_54_Years","COPD_Prevalence_45_Years","Diabetes_Prevalence_1_Years","Heart_Failure_Prevalence_1_Years","Hypertension_Prevalence_20_Years","Asthma_Incidence_5_54_Years","COPD_Incidence_45_Years","Diabetes_Incidence_1_Years","Heart_Failure_Incidence_1_Years","Hypertension_Incidence_20_Years","General_Practitioners_Per_100000_Population","Specialists_Per_100000_Population","Supplementary_Practitioners_Per_100000_Population","Alcohol_Consumption_Per_Capita","Injury_Hospitalization_Count","All_Cause_Cancer_Incident_Cases","Depression_Incident_Counts_1_Years","Asthma_Incident_Counts_5_54_Years","COPD_Incident_Counts_45_Years","Hypertension_Incident_Counts_20_Years","Heart_Failure_Incident_Counts_1_Years","Diabetes_Incident_Counts_1_Years","total_gaming_grant_2022","avg_gaming_grant_2022","population","pop_density","mean_age","median_age","num_living_alone","avg_household_size","num_single_ppl","median_person_income","median_household_income","low_income_percent","gini_household","num_eng_speakers","num_indigenous","num_non_indigenous","avg_room_dwelling","excess_rent","num_non_immig","num_non_minority","num_non_1yr_mover","num_hs_edu","num_postsecond","num_employed","avg10yr_noiselvl2019","avg10yr_landsat_fsa2019","pm25_fsa_avg10yr_2020","avg3yr_landtemp_2021","avg2019_buil_dense_100m","avg2019_facility_richness","avg2019_prox.emp","avg2019_prox_health","avg2019_prox_park","avg2021_canbics_index","avg10yr_annual_precipitation","2020s_summer_tmean_change","2050s_summer_tmean_change","total_heat","pop_chng","median_age_chgn"
"V0A","Invermere",0.07,0.12,0.09,0.12,0.12,0.26,81.7,1.21,0.5,0.82,0,0,6,46,9.6,7.6,6,1.8,19.5,4.5,12.5,7.4,3.8,14.2,136,41,149,2.8,1028,129,43,29,36,47,24,48,1851395,22856.7284,598.586206896552,460.034482758621,44.2827586206897,45.6551724137931,81.8965517241379,2.21379310344828,192.758620689655,42917.2413793103,83779.3103448276,9.43448275862069,0.29948275862069,537.586206896552,41.551724137931,531.724137931035,6.28965517241379,14.2769230769231,498.275862068965,545.689655172414,484.48275862069,417.758620689655,195.344827586207,291.379310344828,59.289,0.281,6.829,26.187,0.098,0.006,0.003,0.003,0.048,0.168,51.26075,0.9,3,210,4826,4.8
"V0B","Sparwood",0.1,0.13,0.03,0.1,0.14,0.26,81.1,0.77,0.52,0.99,0.95,3.41,2,32,11,8.4,7.5,2.5,22.4,7,13.6,9.2,4.8,23.4,154,20,148,2.3,2198,281,113,100,74,150,55,125,1441280,18717.92208,493.178082191781,405.742465753425,44.730303030303,47.5818181818182,70,2.2969696969697,170.681818181818,41403.2786885246,85326.2295081967,11.3737704918033,0.297426229508197,507.272727272727,46.5151515151515,486.969696969697,6.51212121212121,14.5418181818182,478.484848484848,516.893939393939,465.833333333333,366.439393939394,166.136363636364,248.409090909091,59.058,0.385,7.124,27.162,0.06,0.004,0.002,0.003,0.022,0.215,51.1015,0.9,3,210,1349,0.399999999999999
"V0C","Fort St. John",0.07,0.15,0.05,0.13,0.11,0.26,79.5,1.31,0.69,2.3,0,3.28,6,66,13.6,6.7,7.8,2.6,25.6,3.2,9.6,7.9,4.1,31.1,49,66.5,65,1.9,970,71,61,19,13,71,11,43,710790,19744.16667,368.285714285714,143.415476190476,38.6913043478261,39.2507246376812,49.7826086956522,2.48840579710145,128.550724637681,46112.0689655172,98315.5172413793,10.9034482758621,0.311379310344828,427.826086956522,85.7971014492754,350.144927536232,6.46666666666667,4.1219512195122,403.188405797101,418.913043478261,383.115942028986,249.347826086957,109.420289855072,210.434782608696,58.903,0.338,5.596,22.125,0.027,0.001,0.002,0.003,0.009,0.013,38.41675,0.7,2.5,211,7920,3.7
"V0E","Kelowna",0.12,0.16,0.11,0.17,0.16,0.3,79.8,1.41,1.16,1.6,0.7,2.09,5,59,13.5,6.9,8.5,2.7,25.3,6.5,9.7,6.4,4.8,23.2,120,92,81,1.7,11770,2164,1235,561,374,965,383,544,914684,19461.3617,513.194805194805,300.62091503268,46.66,50.4827586206897,62.9655172413793,2.32275862068966,166.275862068965,36828.3582089552,75572.3880597015,12.8626865671642,0.300492537313433,515.689655172414,55.1034482758621,479.172413793103,6.54137931034483,16.4456140350877,486.172413793103,521.620689655172,468.896551724138,358.206896551724,152.206896551724,234.137931034483,59.392,0.357,6.603,26.502,0.061,0.003,0.002,0.002,0.023,0.068,48.9415833333333,0.9,3,211,3617,-0.399999999999999
"V0G","Trail",0.06,0.12,0.05,0.07,0.13,0.21,80.8,1.3,0.78,1.66,1.17,2.87,1,54,14.3,9.8,6.7,2.4,24.6,6.6,10.7,5.4,3.7,21,243,191,175,1.8,3080,640,217,114,109,209,92,110,992460,17111.37931,547.108695652174,336.008695652174,46.9644444444444,50.2844444444444,80.8888888888889,2.16888888888889,182.555555555556,38154.5454545455,74002.2727272727,14.0886363636364,0.298454545454545,514.444444444444,32.4444444444444,513.222222222222,6.41777777777778,15.6416666666667,490.888888888889,533.333333333333,488,394.222222222222,185.555555555556,240.777777777778,59.392,0.425,6.986,26.975,0.041,0.005,0.001,0.002,0.028,0.022,64.7866666666667,0.9,3,210,7314,-2.9
"V0H","Kelowna",0.15,0.17,0.12,0.19,0.29,0.42,81.75,1.56,1.3,0.96,1.98,1.11,11,56,12,9.5,6.1,1.7,21.1,6.1,9.6,4.5,2.3,16,54,64.5,27,1.8,328,136,20,17,22,40,12,21,1906310,24130.50633,569.872549019608,533.270588235294,51.4372549019608,56.5549019607843,72.8921568627451,2.22941176470588,181.617647058824,37154.6391752577,75658.7628865979,11.4216494845361,0.305886597938144,524.21568627451,30.5392156862745,521.127450980392,6.70980392156863,17.5857142857143,468.333333333333,512.941176470588,482.598039215686,401.176470588235,156.666666666667,227.401960784314,59.058,0.336,6.799,29.715,0.092,0.002,0.003,0.003,0.043,0.499,36.3853333333333,0.9,3,210,138023,-0.399999999999999
"V0J","Prince George",0.12,0.16,0.11,0.17,0.16,0.3,79.8,1.41,1.16,1.6,0.7,2.09,5,59,13.5,6.9,8.5,2.7,25.3,6.5,9.7,6.4,4.8,23.2,120,92,81,1.7,11770,2164,1235,561,374,965,383,544,853776,21891.69231,287.626315789474,213.019251336898,41.4875,42.8382352941176,46.4705882352941,2.45073529411765,133.419117647059,40640.3669724771,81947.7064220184,13.4596330275229,0.298770642201835,380.514705882353,109.777777777778,283.444444444445,6.28444444444444,9.5125,360.222222222222,381.666666666667,352.148148148148,235.814814814815,103.555555555556,174.851851851852,59.058,0.393,6.442,21.963,0.035,0.002,0.001,0.004,0.019,0.031,54.3775,0.8,2.8,211,59,23.4
"V0K","Kamloops",0.14,0.21,0.17,0.21,0.18,0.38,79.3,1.31,1.27,1.89,2.97,1.67,4,62,11.9,10.6,8.6,2.8,25.8,6,14,8.2,4.1,21.7,110,25,59,1.6,4028,697,212,127,157,266,101,192,914684,19461.3617,199.494252873563,81.0253012048193,48.1735632183908,52.851724137931,55.6896551724138,2.2551724137931,131.609195402299,34764.5161290323,67790.3225806452,15.6854838709677,0.313064516129032,376.954022988506,71.3793103448276,314.310344827586,6.35747126436782,10.2,348.965517241379,373.965517241379,338.16091954023,249.655172413793,97.0689655172414,150.229885057471,59.392,0.297,6.726,25.981,0.052,0.006,0.001,0.004,0.017,0,46.4014166666667,0.9,3,211,2627,-3
"V0L","Hanceville",0.18,0.24,0.18,0.23,0.25,0.42,79.6,1.35,0.59,1.58,0.27,3,7,62,12.8,7.2,7.8,2.2,24.1,6.8,10.4,5,5.3,21.6,123,26,108,1.7,3922,678,273,162,128,261,130,128,914684,19461.3617,95.3555555555555,11.2230769230769,44.0266666666667,46.9466666666667,33.6666666666667,2.69333333333333,98.3333333333333,32200,67400,18.3,0.318428571428571,270.333333333333,119.666666666667,150,5.74666666666667,0,242,266.666666666667,243.333333333333,154.666666666667,56.3333333333333,102,59.058,0.419,7.081,23.903,0.007,0.001,0,0.003,0.001,0,43.6330833333333,0.9,2.9,211,5523,0.299999999999997
"V0M","Agassiz",0.11,0.15,0.16,0.23,0.14,0.36,81.6,1.24,1.14,0.56,0,0.04,2,64,15.1,7.6,9.3,2.7,24.6,7.5,7.2,7.8,3.6,21.8,33,45,44,1.7,936,251,99,58,36,108,40,71,1650688,22612.16438,355.588235294118,305.747058823529,44.2541666666667,46.3916666666667,52.2916666666667,2.49583333333333,172.708333333333,35905.8823529412,76588.2352941177,13.6588235294118,0.300352941176471,456.458333333333,105.217391304348,388.478260869565,5.98260869565217,22.2153846153846,421.304347826087,459.782608695652,420.434782608696,324.130434782609,126.304347826087,200.869565217391,59.974,0.43,5.648,26.235,0.047,0.003,0.002,0,0.023,0.104,152.4395,0.9,2.9,198,24178,2.1
"V0N","West Vancouver",0.13,0.13,0.05,0.12,0.14,0.28,86.1,0.48,0.56,0.47,0.42,0.05,1,60,8.9,4,5.4,1.5,18.1,5,5.3,4,2.3,14.8,148,78,132,1.5,5640,1785,514,243,198,481,207,240,1848820,22274.93976,393.1,400.094444444444,46.3246031746032,49.5857142857143,78.968253968254,2.3024,188.134920634921,40783.0188679245,81296.2264150943,12.6679245283019,0.323575471698113,507.420634920635,68.44,483.24,6.1072,25.0989583333333,458.76,517.52,478.36,403.12,180.64,257.84,59.7055,0.474,5.006,22.319,0.057,0.006,0.002,0.004,0.039,0.253,132.665,0.9,2.9,125,6968,-3.8
"V0P","Campbell River",0.08,0.14,0.09,0.13,0.12,0.28,79.8,1.4,1.5,1.85,0.7,2.21,5,48,14.2,8.2,8.2,2.4,22.6,8.1,13.6,6.8,4.2,18.9,164,70,132,2.2,5038,1268,439,298,304,453,205,292,1690785,21134.8125,191.27027027027,94.4405405405405,47.5947368421053,52.1473684210526,66.5789473684211,2.27368421052632,131.315789473684,32461.5384615385,58361.5384615385,19.5307692307692,0.328,337.105263157895,57.1052631578947,297.368421052632,5.86315789473684,16.925,301.052631578947,347.631578947368,313.684210526316,251.578947368421,93.9473684210526,134.473684210526,59.585,0.595,5.246,21.288,0.028,0.002,0.001,0.004,0.006,0,181.075333333333,0.6,1.8,198,20673,0.199999999999996
"V0R","Nanaimo",0.16,0.18,0.13,0.19,0.19,0.35,82,1.1,0.63,1.48,1.13,1.73,2,51,13.1,10.3,7.3,1.9,23,5.5,12.6,5,3.2,17.6,118,84,141,1.8,7872,1807,572,285,385,557,231,307,2184145,24268.27778,529.357142857143,357.427536231884,47.1186991869919,50.3772357723577,69.7967479674797,2.41463414634146,190.365853658537,39570.1754385965,81507.0175438596,11.4938596491228,0.304350877192982,555.650406504065,58.0894308943089,528.211382113821,6.49105691056911,21.309900990099,513.739837398374,568.617886178862,522.439024390244,427.682926829268,186.056910569106,261.747967479675,59.289,0.47,5.612,23.63,0.057,0.006,0.003,0.001,0.049,0.044,122.918666666667,0.8,2.5,198,26478,-0.900000000000006
"V0S","Port Renfrew",0.1,0.15,0.07,0.14,0.13,0.27,83.1,1.02,0.81,1.03,1.61,0.71,3,55,13.1,5.9,7.8,1.8,23,6.7,8.2,6.1,3.1,20.8,76,15,120,1.7,6326,1730,952,450,252,714,190,395,1150885,23976.77083,239,41.7,40.15,37,45,2.7,87.5,39200,67500,20.4,0.313,232.5,45,97.5,5,19.1174504950495,140,140,125,107.5,65,82.5,59.641,0.546,4.8,19.31,0.022,0.007,0,0.0015,0.0285,0,157.067083333333,0.8,2.4,198,75054,1.6
"V0T","Vancouver",0.21,0.19,0.18,0.21,0.25,0.46,80,1.02,0.57,1.52,0,0.34,10,42,16.9,11.9,10.6,3.1,28.6,12.4,21.4,7.7,6.3,27.9,97,19,19,2.2,1908,252,114,104,87,105,54,62,728576,18681.4359,397.68,112.22,42.2636363636364,43.3272727272727,65.2272727272727,2.34545454545455,179.545454545455,34352.9411764706,66688.2352941177,19.1647058823529,0.311941176470588,426.363636363636,230.227272727273,219.318181818182,5.88636363636364,6.07,408.409090909091,430,402.5,260,120.909090909091,200,59.9555,0.47,4.401,20.975,0.033,0.001,0,0,0.007,0.013,137.813416666667,0.6,1.7,125,736,2.2
"V0V","Prince Rupert",0.28,0.21,0.28,0.19,0.25,0.5,78.6,1.5,1.02,2.87,0.31,3.63,15,43,12,5.4,8.9,3.2,28.5,6,6.4,7.3,5.4,25.2,133,28,84,2.5,2750,309,128,80,37,139,64,91,728576,18681.4359,257.833333333333,34.7833333333333,38.28,37.84,26,2.94,116,27466.6666666667,61533.3333333333,29.4,0.320666666666667,299,250,49,6.86,0,294,297,255,113,46,106,59.641,0.511,4.173,19.686,0.043,0.001,0,0.0055,0.0205,0,174.94975,0.6,1.9,125,2120,2
"V0W","Atlin",0.07,0.15,0.05,0.13,0.11,0.26,79.5,1.31,0.69,2.3,0,3.28,6,66,13.6,6.7,7.8,2.6,25.6,3.2,9.6,7.9,4.1,31.1,49,64.5,65,1.9,970,71,61,19,13,71,11,43,544140,17004.375,100,162.88,52.1333333333333,58.2666666666667,46.6666666666667,1.73333333333333,58.3333333333333,37740.9559512652,75615.5754731497,12.8324796472185,0.303189567625789,143.333333333333,38.3333333333333,116.666666666667,5.1,10.2664673046252,135,156.666666666667,141.666666666667,120,50,70,59.3355,0.437,3.69,18.243,0,0,0.0025,0.003,0.001,0,30.1808333333333,0.6,1.9,125,281,14.7
"V0X","Chilliwack",0.24,0.15,0.1,0.34,0.25,0.5,75.9,1.82,1.73,1.63,3.26,7.32,11,63,13.6,11.7,9.8,2.6,25.8,7.4,13.7,9.5,4.7,20.7,134,40,49,2.4,1116,333,97,56,68,101,53,90,914684,19461.3617,361.136363636364,262.6390625,46.2065217391304,49.1217391304348,65.4347826086957,2.40434782608696,177.934782608696,34954.2857142857,71471.4285714286,14.5685714285714,0.310628571428571,491.739130434783,62.3913043478261,432.608695652174,6.24130434782609,23.6096774193548,425.434782608696,458.04347826087,431.630434782609,319.239130434783,125.434782608696,202.5,59.392,0.366,6.426,29.502,0.119,0.007,0.002,0.002,0.053,0.483,79.0403333333334,0.9,2.9,210,2627,-3
"V1A","Kimberley",0.06,0.14,0.09,0.12,0.14,0.23,82.5,1.04,0.41,0.97,1.34,1.81,3,48,9.6,8.9,5.8,2,20.8,7.7,15.6,5.3,4,23.4,128,88,105,2,1172,293,109,62,72,118,45,52,1441280,18717.92208,631.176470588235,598.864705882353,45.0647058823529,46.9411764705882,80.2941176470588,2.25294117647059,184.705882352941,42611.7647058823,82158.8235294118,8.27647058823529,0.287588235294118,580,39.1176470588235,573.529411764706,6.52941176470588,14.30625,559.411764705882,604.411764705882,529.705882352941,446.176470588235,214.117647058824,289.411764705882,59.289,0.316,6.606,29.749,0.109,0.001,0.004,0.002,0.039,1.579,51.11475,0.8,3,210,1349,0.399999999999999
"V1B","Vernon",0.1,0.13,0.1,0.15,0.1,0.26,81.3,1.23,1.41,1.15,1.73,2.11,4,54,13.1,9.2,6.8,2.6,22.2,6.9,12.1,5.4,4.3,24.3,137,106,202,1.8,8426,2141,874,426,447,895,381,394,2536967,30938.62195,707.35,717.8175,45.1236842105263,48.1473684210526,59.3421052631579,2.61052631578947,212.236842105263,43621.0526315789,102205.263157895,6.82432432432432,0.297947368421053,683.684210526316,35.5263157894737,687.5,7.65526315789474,20.3642857142857,636.710526315789,691.052631578947,635.921052631579,527.763157894737,240.131578947368,340.921052631579,59.289,0.344,7.095,29.503,0.094,0,0.007,0.002,0.023,0.033,39.7753333333333,0.9,3,210,32845,0.399999999999999
"V1C","Cranbrook",0.09,0.2,0.07,0.18,0.13,0.33,81.4,1.44,1.37,1.47,0.05,0.98,3,52,9.6,8.3,7.2,2.3,23.9,4.8,13.2,7,3.9,24,179,155,175,1.7,3596,694,404,117,175,319,118,184,976330,18775.57692,526.021276595745,1515.88723404255,43.7840909090909,44.9522727272727,66.1363636363636,2.32272727272727,193.863636363636,42327.2727272727,86722.7272727273,9.21363636363636,0.276886363636364,523.863636363636,54.6590909090909,487.5,6.78863636363636,20.69,489.431818181818,511.818181818182,472.386363636364,380.454545454545,166.704545454545,263.409090909091,59.289,0.31,7.077,30.774,0.131,0.001,0.009,0.017,0.043,0.489,48.0219166666667,0.8,3,210,10792,-0.399999999999999
"V1E","Salmon Arm",0.13,0.15,0.13,0.16,0.18,0.3,81.9,0.97,0.89,1.08,0.08,3.73,5,51,11.6,9.1,6.4,2.1,19.8,5.3,10.6,4.8,3.4,15.2,155,29,123,2,4992,1150,368,157,220,333,170,189,1816230,23897.76316,594.264705882353,907.941176470588,48.2058823529412,51.5441176470588,72.7941176470588,2.33529411764706,205.735294117647,38141.935483871,77000,11.7774193548387,0.298677419354839,542.5,44.1176470588235,516.911764705882,6.63235294117647,28.1172413793103,509.411764705882,539.117647058824,494.264705882353,391.029411764706,167.205882352941,250.294117647059,59.058,0.36,6.734,27.679,0.11,0.002,0.006,0.008,0.061,0.549,46.4330833333333,0.9,3,210,16750,-4.9
"V1G","Dawson Creek",0.15,0.17,0.13,0.18,0.15,0.34,79.4,1.51,1.22,2.17,2.09,2.19,5,47,11,10.6,8.9,2.9,26.3,4.7,13.6,7,4.4,18.6,100,59,63,1.7,3358,643,332,123,137,224,91,151,494600,12063.41463,534.714285714286,983.071428571429,39.05,38.0428571428571,76.7857142857143,2.29642857142857,200.892857142857,44800,85525.9259259259,11.6111111111111,0.302074074074074,502.142857142857,73.3928571428571,443.75,6.29285714285714,18.4130434782609,452.857142857143,458.035714285714,429.285714285714,315.357142857143,152.678571428571,266.607142857143,59.058,0.295,5.889,25.894,0.119,0.001,0.008,0.013,0.024,0,35.0623333333333,0.7,2.6,211,13899,3.9
"V1H","Vernon",0.09,0.11,0.1,0.07,0.13,0.24,82.1,0.84,0.7,0.69,1.1,1.53,2,42,11.6,8.4,7.1,2.4,22,5.8,15.6,5.1,4.7,22.2,72,106,103,1.5,1476,324,102,52,78,117,57,51,1816230,23897.76316,694.642857142857,389.392857142857,52.3923076923077,57,102.692307692308,2.13076923076923,241.538461538462,40145.4545454545,80463.6363636364,10.8363636363636,0.314454545454545,703.076923076923,63.8461538461538,648.076923076923,6.51538461538462,34.0375,622.692307692308,688.076923076923,601.923076923077,543.846153846154,217.307692307692,298.076923076923,59.058,0.351,7.218,29.063,0.068,0,0.003,0,0.016,0.028,37.1710833333333,0.9,3,210,16750,-4.9
"V1J","Fort St. John",0.14,0.17,0.1,0.19,0.16,0.35,80.1,1.39,0.78,1.7,0.79,4.53,5,47,10.1,8.6,7.3,2.8,22.8,4.3,10.1,5.4,4.4,18.3,86,23,60,1.6,3802,530,271,160,103,293,90,146,494600,12063.41463,593.342857142857,1751.06,35.2588235294118,33.9647058823529,74.5588235294118,2.40882352941176,210.588235294118,50279.4117647059,100020.588235294,8.80588235294118,0.283705882352941,573.970588235294,77.5,514.85294117647,6.30588235294118,17.93125,507.205882352941,504.411764705882,486.029411764706,370.735294117647,185.882352941176,323.529411764706,59.289,0.252,6.489,25.063,0.132,0.001,0.012,0.013,0.026,0.31,38.0829166666667,0.7,2.5,211,13899,3.9
"V1K","Merritt",0.1,0.16,0.1,0.12,0.13,0.28,80.7,1.23,1.04,1.19,1.7,2.11,3,58,14.1,9.3,7.6,2.3,23.1,6.7,11.8,5.6,3.4,20,106,110,114,1.8,13470,3275,1313,673,628,1139,414,632,914684,19461.3617,377.769230769231,639.7,45.5954545454545,48.0545454545455,55.2272727272727,2.38636363636364,161.136363636364,35442.1052631579,71336.8421052632,16.0157894736842,0.317421052631579,415.227272727273,128.409090909091,299.090909090909,6.46363636363636,21.9375,388.636363636364,398.181818181818,367.954545454545,265,115.454545454545,165.681818181818,59.392,0.292,6.479,30.53,0.091,0.002,0.003,0.002,0.019,0,32.922,0.9,2.9,210,1845,-2.5
"V1L","Nelson",0.09,0.18,0.04,0.17,0.15,0.32,81.7,1.31,0.72,1.39,1.63,2.93,2,39,9.3,7.2,5.2,2.3,18.8,6.3,8.4,3.6,3.4,16.8,167,48,342,2.9,3474,643,230,151,105,239,95,95,1441280,18717.92208,549.212121212121,1112.56363636364,44.296875,45.3,82.34375,2.215625,219.0625,39500,75431.25,11.43125,0.3049375,495.78125,27.8125,516.25,6.3125,25.5225806451613,462.34375,512.34375,466.09375,413.4375,218.4375,274.21875,59.289,0.379,7.203,26.17,0.112,0.003,0.009,0.011,0.036,0.641,69.246,0.9,3,210,9726,-0.799999999999997
"V1M","Langley Township",0.11,0.18,0.09,0.13,0.16,0.31,81.1,1.16,1.38,0.82,1.25,0.93,2,51,14.3,7.4,9,2.2,25.5,6.3,8.3,5.8,3.9,19.6,88,44,112,1.4,10616,2243,1102,556,331,852,338,495,1437771,27127.75472,734.348837209302,2305.5511627907,41.9928571428571,44.1,53.2142857142857,2.89285714285714,226.666666666667,48410,125550,5.32820512820513,0.306725,692.02380952381,27.9761904761905,709.642857142857,7.4452380952381,19.1888888888889,580.714285714286,591.309523809524,667.857142857143,530.357142857143,260.119047619048,367.97619047619,59.491,0.363,5.924,28.073,0.164,0.003,0.026,0.004,0.046,1.967,152.31675,0.9,2.8,12,56413,2.3
"V1N","Castlegar",0.09,0.14,0.05,0.1,0.12,0.22,81.4,1.04,1.5,1.11,1.73,1.41,5,54,11.9,8.7,6.3,2.4,24.8,5,11.8,4.6,3.6,23.6,134,108,97,1.9,1562,378,134,61,79,145,57,62,992460,17111.37931,577.4,545.912,45.2833333333333,47.65,71.25,2.275,202.5,41391.3043478261,84169.5652173913,9.90869565217391,0.288130434782609,563.958333333333,38.9583333333333,543.75,6.93333333333333,21.725,527.291666666667,553.958333333333,501.041666666667,416.458333333333,200,265.208333333333,59.058,0.388,7.277,30.079,0.097,0.002,0.003,0.003,0.039,0.321,63.5514166666667,0.8,3,210,1370,-7.4
"V1P","Kelowna",0.1,0.16,0.07,0.11,0.14,0.27,82.6,1.04,1.42,1,1.11,1.03,2,55,12.4,7.6,5.8,1.8,21.3,6.8,9.7,4.5,3,22.3,110,100,145,2.3,19494,5358,2396,1168,967,2280,738,899,1684820,32400.38462,926.75,790.0625,43.05,44.3375,55.625,2.725,273.75,44500,109375,7.025,0.289875,863.75,44.375,861.25,7.3,40.6833333333333,748.75,760,796.875,658.75,321.875,471.25,60.1115,0.331,6.659,29.189,0.088,0,0.005,0,0.015,1.451,36.1221666666667,0.9,3,210,138023,-0.399999999999999
"V1R","Trail",0.06,0.12,0.05,0.07,0.13,0.21,80.8,1.3,0.78,1.66,1.17,2.87,1,54,14.3,9.8,6.7,2.4,24.6,6.6,10.7,5.4,3.7,21,243,191,175,1.8,3080,640,217,114,109,209,92,110,992460,17111.37931,619.642857142857,1112.73571428571,45.6071428571429,47.4,112.857142857143,2.07857142857143,258.214285714286,41214.2857142857,74421.4285714286,10.7142857142857,0.278285714285714,588.214285714286,55.3571428571429,543.928571428571,6.66428571428571,19.1461538461538,534.642857142857,565,517.142857142857,420.357142857143,188.571428571429,263.214285714286,59.289,0.331,7.592,30.258,0.123,0.001,0.004,0.006,0.031,0,59.4651666666667,0.8,3,210,7314,-2.9
"V1S","Tobiano",0.1,0.16,0.1,0.12,0.13,0.28,80.7,1.23,1.04,1.19,1.7,2.11,3,58,14.1,9.3,7.6,2.3,23.1,6.7,11.8,5.6,3.4,20,106,110,114,1.8,13470,3275,1313,673,628,1139,414,632,2334407,31978.17808,856.5,2305.43571428571,41.7857142857143,42.6,64.6428571428571,2.59285714285714,253.928571428571,50285.7142857143,112964.285714286,4.16923076923077,0.269142857142857,784.642857142857,60.3571428571429,757.142857142857,7.43571428571429,26.75,699.285714285714,708.214285714286,713.571428571429,606.428571428571,313.214285714286,431.071428571429,59.5745,0.238,6.59,27.868,0.146,0,0.01,0.002,0.048,1.354,34.7380833333333,0.9,3,210,56319,-2.6
"V1T","Vernon",0.1,0.13,0.1,0.15,0.1,0.26,81.3,1.23,1.41,1.15,1.73,2.11,4,54,13.1,9.2,6.8,2.6,22.2,6.9,12.1,5.4,4.3,24.3,137,106,202,1.8,8426,2141,874,426,447,895,381,394,2536967,30938.62195,573.75,2493.8125,45.5395833333333,46.475,99.4791666666667,2.2375,251.875,37895.8333333333,72316.6666666667,13.0604166666667,0.2714375,521.875,45.5208333333333,503.541666666667,6.10416666666667,30.24375,482.083333333333,501.041666666667,462.291666666667,370.729166666667,162.1875,248.75,59.058,0.257,7.16,31.888,0.166,0.001,0.019,0.021,0.054,0.427,38.1959166666667,0.9,3,210,32845,0.399999999999999
"V1V","Kelowna",0.1,0.16,0.07,0.11,0.14,0.27,82.6,1.04,1.42,1,1.11,1.03,2,55,12.4,7.6,5.8,1.8,21.3,6.8,9.7,4.5,3,22.3,110,100,145,2.3,19494,5358,2396,1168,967,2280,738,899,1684820,32400.38462,1206.25,2004.22083333333,42.1875,42.7083333333333,140.625,2.525,418.541666666667,46983.3333333333,105033.333333333,7.57916666666667,0.287666666666667,1089.16666666667,65.625,1133.95833333333,6.87083333333333,31.5857142857143,986.25,1033.125,946.458333333333,915.833333333333,441.666666666667,628.958333333333,61.875,0.286,7.004,30.838,0.129,0.001,0.013,0.001,0.035,1.922,33.1951666666667,0.9,3,210,138023,-0.399999999999999
"V1W","Kelowna",0.1,0.16,0.07,0.11,0.14,0.27,82.6,1.04,1.42,1,1.11,1.03,2,55,12.4,7.6,5.8,1.8,21.3,6.8,9.7,4.5,3,22.3,110,100,145,2.3,19494,5358,2396,1168,967,2280,738,899,1314999,27395.8125,929.307692307692,1603.93846153846,45.0230769230769,47.4820512820513,92.5641025641026,2.53846153846154,290.51282051282,46441.0256410256,110192.307692308,8.25128205128205,0.343794871794872,831.282051282051,32.4358974358974,872.948717948718,7.21794871794872,38.1272727272727,755.512820512821,813.461538461538,764.358974358974,675.897435897436,333.076923076923,443.974358974359,59.7335,0.339,6.882,30.18,0.134,0,0.014,0.006,0.034,2.36,32.3223333333333,0.9,3,210,138023,-0.399999999999999
"V1X","Kelowna",0.1,0.16,0.07,0.11,0.14,0.27,82.6,1.04,1.42,1,1.11,1.03,2,55,12.4,7.6,5.8,1.8,21.3,6.8,9.7,4.5,3,22.3,110,100,145,2.3,19494,5358,2396,1168,967,2280,738,899,1684820,32400.38462,735.269230769231,2511.575,42.0153846153846,41.2557692307692,80.8653846153846,2.51346153846154,293.461538461538,37815.3846153846,82721.1538461538,10.1288461538462,0.262442307692308,681.25,54.6153846153846,667.307692307692,6.43269230769231,35.0039215686275,585.769230769231,593.75,607.788461538462,498.75,226.442307692308,371.25,59.3745,0.294,6.992,31.958,0.147,0,0.021,0.003,0.043,2.559,33.2700833333333,0.9,3,210,138023,-0.399999999999999
"V1Y","Kelowna",0.1,0.16,0.07,0.11,0.14,0.27,82.6,1.04,1.42,1,1.11,1.03,2,55,12.4,7.6,5.8,1.8,21.3,6.8,9.7,4.5,3,22.3,110,100,145,2.3,19494,5358,2396,1168,967,2280,738,899,1684820,32400.38462,763.021276595745,3978.36382978723,44.6148936170213,43.2957446808511,163.510638297872,2.03829787234043,363.404255319149,40544.6808510638,74704.2553191489,12.4234042553191,0.309404255319149,679.042553191489,44.2553191489362,694.787234042553,5.25106382978723,37.8173913043478,609.042553191489,652.021276595745,572.553191489362,580,295,406.808510638298,61.032,0.286,7.093,32.054,0.189,0.003,0.037,0.022,0.06,4.238,32.1195,0.9,3,210,138023,-0.399999999999999
"V1Z","Kelowna",0.1,0.16,0.07,0.11,0.14,0.27,82.6,1.04,1.42,1,1.11,1.03,2,55,12.4,7.6,5.8,1.8,21.3,6.8,9.7,4.5,3,22.3,110,100,145,2.3,19494,5358,2396,1168,967,2280,738,899,3325058,36945.08889,612.966666666667,679.84,46.0142857142857,48.5428571428571,46.4285714285714,2.56785714285714,180.892857142857,45056,109120,6.92,0.31576,612.142857142857,37.6785714285714,626.428571428571,7.65,14.5,571.071428571429,614.821428571429,581.785714285714,486.071428571429,233.214285714286,329.821428571429,59.058,0.327,7.075,29.33,0.098,0,0.011,0.001,0.026,0.23,32.33375,0.9,3,210,138023,-0.399999999999999
"V2A","Penticton",0.13,0.19,0.07,0.15,0.15,0.32,81.6,1.24,1.53,1.6,0.61,1.49,4,57,12.8,7.9,6.8,2,22.4,5.8,10.7,5.1,3.3,19.1,154,154,156,2.6,6718,1544,585,209,286,491,234,251,1906310,24130.50633,571.816901408451,2187.43943661972,49.6214285714286,52.6628571428571,98.3571428571428,2.16285714285714,230,39163.6363636364,75396.9696969697,11.6787878787879,0.290863636363636,527.357142857143,45.5,511.285714285714,6.21571428571429,36.1345454545455,484.357142857143,517.285714285714,471.5,402.857142857143,166.571428571429,249.357142857143,59.058,0.265,6.593,29.861,0.134,0.001,0.014,0.011,0.042,2.22,30.7604166666667,0.9,3,210,16505,-0.100000000000001
"V2B","Kamloops",0.1,0.16,0.1,0.12,0.13,0.28,80.7,1.23,1.04,1.19,1.7,2.11,3,58,14.1,9.3,7.6,2.3,23.1,6.7,11.8,5.6,3.4,20,106,110,114,1.8,13470,3275,1313,673,628,1139,414,632,1201660,19699.34426,659.53125,2426.6609375,43.1921875,43.596875,77.8125,2.3734375,259.140625,39714.2857142857,79853.9682539682,11.5111111111111,0.267777777777778,613.671875,89.296875,540,6.4265625,26.935593220339,570.3125,574.6875,543.4375,428.359375,184.21875,297.96875,59.3745,0.292,7.183,29.157,0.151,0.001,0.012,0.01,0.047,1.478,29.9666666666667,0.9,3,210,56319,-2.6
"V2C","Kamloops",0.1,0.16,0.1,0.12,0.13,0.28,80.7,1.23,1.04,1.19,1.7,2.11,3,58,14.1,9.3,7.6,2.3,23.1,6.7,11.8,5.6,3.4,20,106,110,114,1.8,13470,3275,1313,673,628,1139,414,632,1201660,19699.34426,699.652173913043,1641.10217391304,43.6152173913043,43.8369565217391,97.5,2.29347826086957,271.739130434783,44900,93179.5454545455,8.28409090909091,0.303340909090909,637.934782608696,55.5434782608696,613.586956521739,6.40869565217391,23.5153846153846,578.478260869565,605.434782608696,565.869565217391,507.717391304348,241.630434782609,347.065217391304,59.2115,0.25,7.182,30.534,0.159,0.005,0.022,0.052,0.072,1.742,31.2020833333333,0.9,3,210,56319,-2.6
"V2E","Kamloops",0.1,0.16,0.1,0.12,0.13,0.28,80.7,1.23,1.04,1.19,1.7,2.11,3,58,14.1,9.3,7.6,2.3,23.1,6.7,11.8,5.6,3.4,20,106,110,114,1.8,13470,3275,1313,673,628,1139,414,632,2334407,31978.17808,745.4,2762.98666666667,37.9066666666667,36.9733333333333,62,2.64,252,48606.6666666667,109766.666666667,7.47857142857143,0.2798,691.666666666667,61,670.333333333333,7.23333333333333,23.7833333333333,624.333333333333,633.666666666667,607.666666666667,537.333333333333,287.666666666667,394.333333333333,59.4715,0.271,6.896,28.937,0.141,0.001,0.01,0.003,0.034,2.742,33.3266666666667,0.9,3,210,56319,-2.6
"V2G","Williams Lake",0.18,0.24,0.18,0.23,0.25,0.42,79.6,1.35,0.59,1.58,0.27,3,7,62,12.8,7.2,7.8,2.2,24.1,6.8,10.4,5,5.3,21.6,123,26,108,1.7,3922,678,273,162,128,261,130,128,810022,20250.55,380.708333333333,627.991666666667,41.8425,42.685,57.625,2.3775,161.375,41956.7567567568,84143.2432432432,10.8918918918919,0.281216216216216,430,110.375,340.5,6.51,10.230303030303,412.75,427.25,391,279.375,117.125,212.125,59.058,0.307,7.588,25.678,0.1,0.001,0.005,0.004,0.03,0.072,41.03525,0.9,2.9,211,6303,-2.2
"V2H","Kamloops",0.1,0.16,0.1,0.12,0.13,0.28,80.7,1.23,1.04,1.19,1.7,2.11,3,58,14.1,9.3,7.6,2.3,23.1,6.7,11.8,5.6,3.4,20,106,110,114,1.8,13470,3275,1313,673,628,1139,414,632,2334407,31978.17808,469.090909090909,873.636363636364,40.59,42.96,47.5,2.38888888888889,136,49666.6666666667,111500,4.3,0.283166666666667,475,88.125,539.375,6.9375,0,578.75,604.375,540.625,468.75,202.5,296.25,59.058,0.285,7.039,30.026,0.089,0,0.007,0.002,0.02,0.172,31.22625,0.9,3,210,56319,-2.6
"V2J","Batnuni Lake",0.14,0.21,0.17,0.21,0.18,0.38,79.3,1.31,1.27,1.89,2.97,1.67,4,62,11.9,10.6,8.6,2.8,25.8,6,14,8.2,4.1,21.7,110,25,59,1.6,4028,697,212,127,157,266,101,192,554607,14220.69231,386.4,335.077192982456,44.2714285714286,47.0081632653061,64.8979591836735,2.28163265306122,163.367346938775,38327.2727272727,76784.0909090909,12.8022727272727,0.292613636363636,454.795918367347,64.4897959183673,396.020408163265,6.52448979591837,10.3026315789474,430.714285714286,447.040816326531,420.204081632653,289.69387755102,115.714285714286,191.530612244898,59.058,0.375,9.736,23.359,0.078,0,0.003,0.003,0.033,1.123,45.5436666666667,0.9,2.9,211,3980,6.6
"V2K","Prince George",0.12,0.16,0.11,0.17,0.16,0.3,79.8,1.41,1.16,1.6,0.7,2.09,5,59,13.5,6.9,8.5,2.7,25.3,6.5,9.7,6.4,4.8,23.2,120,92,81,1.7,11770,2164,1235,561,374,965,383,544,3075304,36610.7619,641.75,572.063888888889,40.0972222222222,40.9333333333333,58.4722222222222,2.525,191.388888888889,50402.9411764706,108220.588235294,6.97741935483871,0.273058823529412,601.527777777778,83.1944444444444,544.444444444444,7.175,12.58,590.138888888889,607.638888888889,554.722222222222,402.361111111111,196.944444444444,314.861111111111,59.555,0.379,9.013,23.711,0.075,0,0.004,0.001,0.05,0.008,49.53675,0.8,2.8,211,32737,0.5
"V2L","Prince George",0.12,0.16,0.11,0.17,0.16,0.3,79.8,1.41,1.16,1.6,0.7,2.09,5,59,13.5,6.9,8.5,2.7,25.3,6.5,9.7,6.4,4.8,23.2,120,92,81,1.7,11770,2164,1235,561,374,965,383,544,3075304,36610.7619,456.72,2179.044,42.792,42.608,87,2.12,236.6,38108.3333333333,68712.5,15.65,0.284708333333333,418.8,101.4,324.6,5.92,26.3363636363636,380.2,387.8,352.2,277.6,109,185,59.94,0.244,9.125,26.792,0.175,0.002,0.029,0.031,0.129,0.703,51.2313333333333,0.8,2.8,211,32737,0.5
"V2M","Prince George",0.12,0.16,0.11,0.17,0.16,0.3,79.8,1.41,1.16,1.6,0.7,2.09,5,59,13.5,6.9,8.5,2.7,25.3,6.5,9.7,6.4,4.8,23.2,120,92,81,1.7,11770,2164,1235,561,374,965,383,544,3075304,36610.7619,511.5,2519.70227272727,39.1568181818182,37.3727272727273,72.1590909090909,2.28181818181818,220.681818181818,43736.3636363636,83231.8181818182,10.4727272727273,0.276454545454545,475.113636363636,80.6818181818182,420.568181818182,6.52272727272727,19.6756097560976,421.477272727273,426.931818181818,406.136363636364,341.363636363636,153.068181818182,258.636363636364,59.058,0.32,9.12,27.084,0.14,0,0.018,0.015,0.146,2.062,50.5785833333333,0.8,2.8,211,32737,0.5
"V2N","Prince George",0.12,0.16,0.11,0.17,0.16,0.3,79.8,1.41,1.16,1.6,0.7,2.09,5,59,13.5,6.9,8.5,2.7,25.3,6.5,9.7,6.4,4.8,23.2,120,92,81,1.7,11770,2164,1235,561,374,965,383,544,1759085,32575.64815,654.510638297872,1279.04893617021,40.1723404255319,40.5191489361702,58.7234042553192,2.52127659574468,204.893617021277,48746.6666666667,105300,6.33953488372093,0.271333333333333,615.31914893617,78.7234042553192,569.042553191489,7.26382978723404,9.04736842105263,570.212765957447,571.595744680851,572.127659574468,438.191489361702,217.553191489362,332.659574468085,59.289,0.329,9.083,26.19,0.111,0,0.01,0.004,0.091,0.978,50.61675,0.8,2.8,211,32737,0.5
"V2P","Chilliwack",0.13,0.19,0.11,0.17,0.17,0.34,81,1.28,1.22,1.01,1.05,1.07,5,51,12.9,7.4,9.1,2.5,24.2,5.7,8.2,7.6,4.2,24.4,108,46,83,1.5,8782,2549,1008,486,359,1097,421,632,1153030,23531.22449,566.014084507042,2636.39154929577,42.1602941176471,42.3323529411765,80.8823529411765,2.51470588235294,234.852941176471,37076.9230769231,77906.1538461538,13.8261538461538,0.276307692307692,553.382352941176,64.264705882353,513.382352941176,6.29411764705882,27.6095238095238,488.823529411765,510.220588235294,488.014705882353,362.794117647059,141.397058823529,265.588235294118,60.2195,0.37,5.675,29.393,0.172,0.001,0.019,0.013,0.103,1.345,153.758583333333,0.9,2.9,12,56528,3.7
"V2R","Chilliwack",0.13,0.19,0.11,0.17,0.17,0.34,81,1.28,1.22,1.01,1.05,1.07,5,51,12.9,7.4,9.1,2.5,24.2,5.7,8.2,7.6,4.2,24.4,108,46,83,1.5,8782,2549,1008,486,359,1097,421,632,1153030,23531.22449,727.402597402598,1671.15194805195,42.8810810810811,43.927027027027,65.8108108108108,2.68918918918919,224.256756756757,42381.5384615385,98103.0769230769,7.87846153846154,0.278707692307692,712.364864864865,57.972972972973,695.810810810811,7.00945945945946,22.3490196078431,641.959459459459,672.432432432432,639.797297297297,515.27027027027,221.891891891892,351.486486486486,59.923,0.363,5.614,28.093,0.153,0.002,0.011,0.004,0.056,1.359,153.356833333333,0.9,2.9,12,56528,3.7
"V2S","Abbotsford",0.19,0.15,0.09,0.16,0.16,0.34,82.7,1,1.16,0.69,1.31,1.05,3,64,16.9,6.1,10.7,2.5,27.3,8.2,7.4,8.7,4.1,28.2,86,70,96,1.1,14008,3118,1783,1026,451,1659,574,993,1061700,28694.59459,658.916666666667,3916.69861111111,42.0295774647887,41.856338028169,90.4225352112676,2.56478873239437,257.464788732394,39374.6478873239,86518.3098591549,10.5380281690141,0.272084507042254,604.859154929577,41.056338028169,613.661971830986,6.23521126760563,24.7786885245902,499.788732394366,494.647887323944,543.169014084507,444.859154929577,198.380281690141,323.661971830986,59.975,0.353,5.928,28.776,0.158,0.006,0.029,0.012,0.041,2.077,150.873166666667,0.9,2.8,12,83141,2.7
"V2T","Abbotsford",0.19,0.15,0.09,0.16,0.16,0.34,82.7,1,1.16,0.69,1.31,1.05,3,64,16.9,6.1,10.7,2.5,27.3,8.2,7.4,8.7,4.1,28.2,86,70,96,1.1,14008,3118,1783,1026,451,1659,574,993,1061700,28694.59459,694.287356321839,4727.96091954023,40.9183908045977,40.1080459770115,52.4137931034483,3.27816091954023,239.942528735632,34211.6279069767,94197.6744186047,8.99036144578313,0.256011627906977,582.586206896552,20.0574712643678,653.045977011494,6.14827586206897,22.6130952380952,368.045977011494,262.241379310345,563.793103448276,410.977011494253,156.034482758621,319.310344827586,59.975,0.309,5.776,30.132,0.18,0.006,0.035,0.01,0.052,2.683,148.153,0.9,2.8,12,83141,2.7
"V2V","Mission",0.11,0.18,0.09,0.13,0.16,0.31,81.1,1.16,1.38,0.82,1.25,0.93,2,51,14.3,7.4,9,2.2,25.5,6.3,8.3,5.8,3.9,19.6,88,44,112,1.4,10616,2243,1102,556,331,852,338,495,1650688,22612.16438,593.571428571429,2222.85555555556,40.3730158730159,40.9269841269841,44.2063492063492,2.84126984126984,203.253968253968,40168.253968254,96534.9206349206,9.10793650793651,0.272793650793651,544.761904761905,50.4761904761905,521.825396825397,7.00634920634921,17.3125,476.269841269841,471.904761904762,506.507936507937,367.539682539683,168.571428571429,281.428571428571,59.9345,0.402,5.705,27.803,0.116,0.001,0.014,0.016,0.026,0.232,156.520333333333,0.9,2.8,12,24178,2.1
"V2W","Maple Ridge",0.11,0.18,0.09,0.13,0.16,0.31,81.1,1.16,1.38,0.82,1.25,0.93,2,51,14.3,7.4,9,2.2,25.5,6.3,8.3,5.8,3.9,19.6,88,44,112,1.4,10616,2243,1102,556,331,852,338,495,1633890,30828.11321,1037.29166666667,1412,40.5304347826087,42.5565217391304,45.4347826086956,3,302.608695652174,46509.0909090909,124454.545454545,6.47272727272727,0.285636363636364,1010.21739130435,51.0869565217391,1018.26086956522,7.51739130434783,17.7190476190476,822.826086956522,840,923.478260869565,735.217391304348,383.913043478261,567.826086956522,60.39,0.42,5.716,25.854,0.124,0,0.009,0.003,0.029,0.345,154.995916666667,0.9,2.8,12,56413,2.3
"V2X","Maple Ridge",0.11,0.18,0.09,0.13,0.16,0.31,81.1,1.16,1.38,0.82,1.25,0.93,2,51,14.3,7.4,9,2.2,25.5,6.3,8.3,5.8,3.9,19.6,88,44,112,1.4,10616,2243,1102,556,331,852,338,495,1436095,31219.45652,616.837209302326,3045.43488372093,42.1162790697674,43.0476744186047,66.6279069767442,2.66046511627907,222.325581395349,44031.3253012048,102328.915662651,7.54268292682927,0.264807228915663,564.593023255814,30.0581395348837,573.081395348837,6.43837209302326,16.4052631578947,461.162790697674,472.96511627907,529.593023255814,426.569767441861,198.837209302326,309.709302325581,60.756,0.353,5.889,29.192,0.174,0.001,0.032,0.027,0.044,1.264,152.058666666667,0.9,2.8,12,56413,2.3
"V2Y","Langley",0.12,0.15,0.07,0.12,0.14,0.28,82,1.04,0.95,0.8,0.53,0.84,5,49,14.3,6.2,8.5,2.3,24.2,6.4,6.5,6.3,3.3,21,85,58,125,1.6,12128,3420,1373,814,402,1383,454,785,2163870,33810.46875,1420.68571428571,3244.24571428571,38.4371428571429,39.0857142857143,105.428571428571,2.90285714285714,420,45131.4285714286,110600,7.16,0.278857142857143,1307.14285714286,41.4285714285714,1345.85714285714,6.38857142857143,27.7433333333333,906.857142857143,800.571428571429,1133.71428571429,970.285714285714,555,741.142857142857,60.212,0.358,5.789,28.524,0.16,0.002,0.035,0.01,0.06,4.223,147.884166666667,0.9,2.8,12,98395,3.6
"V2Z","Langley",0.12,0.15,0.07,0.12,0.14,0.28,82,1.04,0.95,0.8,0.53,0.84,5,49,14.3,6.2,8.5,2.3,24.2,6.4,6.5,6.3,3.3,21,85,58,125,1.6,12128,3420,1373,814,402,1383,454,785,1437771,27127.75472,574.733333333333,526.583333333333,46.3266666666667,49.7366666666667,45.5,2.78666666666667,182.166666666667,43760,110660,7.61379310344828,0.357366666666667,538.333333333333,26,538,7.64,15.7708333333333,470.5,483.833333333333,506.333333333333,398.5,159,272,59.915,0.499,5.502,25.253,0.059,0,0.009,0.002,0.019,0.567,141.518,0.9,2.8,12,98395,3.6
"V3A","Langley City",0.12,0.15,0.07,0.12,0.14,0.28,82,1.04,0.95,0.8,0.53,0.84,5,49,14.3,6.2,8.5,2.3,24.2,6.4,6.5,6.3,3.3,21,85,58,125,1.6,12128,3420,1373,814,402,1383,454,785,1891520,37088.62745,668.209677419355,3858.55806451613,42.6209677419355,43.408064516129,85.8064516129032,2.59838709677419,241.532258064516,44193.5483870968,100067.741935484,8.79193548387097,0.265725806451613,613.629032258065,33.8709677419355,615.08064516129,6.49838709677419,19.396,516.451612903226,526.451612903226,567.903225806452,452.016129032258,210.322580645161,328.467741935484,59.452,0.359,5.692,28.613,0.164,0.002,0.031,0.008,0.041,2.465,142.0285,0.9,2.8,12,98395,3.6
"V3B","Port Coquitlam",0.14,0.16,0.08,0.11,0.14,0.31,84,0.76,0.66,0.47,0.74,0.61,3,55,11.1,5.4,8.2,1.6,22.5,5.5,6.2,6,2.6,19.1,72,23,119,1.2,17486,4439,1993,1142,564,2000,507,1202,625060,22323.57143,824.56,5380.21733333333,41.3853333333333,42.5466666666667,75.2,2.812,283.066666666667,41757.3333333333,105229.333333333,8.96,0.282106666666667,732.666666666667,17,791.666666666667,6.2,20.9797101449275,435.866666666667,401.733333333333,711.333333333333,599.666666666667,325.8,406.533333333333,59.392,0.336,5.632,29.174,0.192,0.002,0.043,0.024,0.038,3.313,153.070666666667,0.9,2.8,198,133737,2.1
"V3C","Port Coquitlam",0.14,0.16,0.08,0.11,0.14,0.31,84,0.76,0.66,0.47,0.74,0.61,3,55,11.1,5.4,8.2,1.6,22.5,5.5,6.2,6,2.6,19.1,72,23,119,1.2,17486,4439,1993,1142,564,2000,507,1202,880570,19142.82609,670.7,3616.605,42.7508474576271,44.664406779661,60.2542372881356,2.73728813559322,234.576271186441,46028.5714285714,115126.785714286,6.63571428571429,0.283785714285714,604.322033898305,18.3898305084746,641.864406779661,6.82372881355932,19.24,415.338983050847,399.06779661017,597.796610169491,492.372881355932,263.474576271186,347.203389830508,59.954,0.313,5.71,29.364,0.186,0.001,0.049,0.011,0.048,3.29,149.08775,0.9,2.8,198,133737,2.1
"V3E","Coquitlam",0.14,0.16,0.08,0.11,0.14,0.31,84,0.76,0.66,0.47,0.74,0.61,3,55,11.1,5.4,8.2,1.6,22.5,5.5,6.2,6,2.6,19.1,72,23,119,1.2,17486,4439,1993,1142,564,2000,507,1202,625060,22323.57143,905.4,3444.62,40.9,43.57,42.4,3.038,263.8,40225,113735.416666667,9.64791666666667,0.324708333333333,803.7,14.9,892.5,7.126,21.8720930232558,428.6,361.9,783.7,673.1,391.8,447.7,57.867,0.335,5.397,28.219,0.205,0.001,0.032,0.014,0.051,2.752,158.83175,0.9,2.8,198,133737,2.1
"V3G","Abbotsford",0.19,0.15,0.09,0.16,0.16,0.34,82.7,1,1.16,0.69,1.31,1.05,3,64,16.9,6.1,10.7,2.5,27.3,8.2,7.4,8.7,4.1,28.2,86,70,96,1.1,14008,3118,1783,1026,451,1659,574,993,1405195,27022.98077,718.511627906977,1738.02790697674,38.7581395348837,39.3441860465116,37.4418604651163,3.08372093023256,196.860465116279,46952.380952381,124107.142857143,5.08333333333333,0.281595238095238,668.488372093023,36.2790697674419,671.162790697674,7.84651162790698,11.3833333333333,566.744186046512,553.604651162791,625.116279069767,491.627906976744,238.139534883721,374.767441860465,59.6915,0.437,5.872,27.036,0.1,0.001,0.008,0.003,0.033,0.816,153.71625,0.9,2.8,12,83141,2.7
"V3H","Coquitlam",0.14,0.16,0.08,0.11,0.14,0.31,84,0.76,0.66,0.47,0.74,0.61,3,55,11.1,5.4,8.2,1.6,22.5,5.5,6.2,6,2.6,19.1,72,23,119,1.2,17486,4439,1993,1142,564,2000,507,1202,880570,19142.82609,880.425531914894,2728.14680851064,41.1,43.3,88.6363636363636,2.74090909090909,305.340909090909,50361.9047619048,126726.19047619,6.83170731707317,0.320761904761905,846.136363636364,24.7727272727273,895.113636363636,6.83181818181818,19.305,580.113636363636,598.068181818182,788.295454545455,708.181818181818,419.431818181818,490.340909090909,60.273,0.358,5.523,27.156,0.155,0.004,0.04,0.022,0.038,4.04,153.1045,0.9,2.8,198,133737,2.1
"V3J","Burnaby",0.14,0.16,0.08,0.11,0.14,0.31,84,0.76,0.66,0.47,0.74,0.61,3,55,11.1,5.4,8.2,1.6,22.5,5.5,6.2,6,2.6,19.1,72,23,119,1.2,17486,4439,1993,1142,564,2000,507,1202,880570,19142.82609,787.844827586207,5687.16551724138,41.7551724137931,42.6413793103448,98.103448275862,2.65,303.534482758621,41371.9298245614,99192.9824561404,10.680701754386,0.315035087719298,699.137931034483,14.9137931034483,761.293103448276,6.1448275862069,26.4545454545455,404.48275862069,366.551724137931,654.310344827586,600.431034482758,330.689655172414,407.931034482759,57.664,0.36,5.511,28.824,0.171,0.002,0.053,0.01,0.036,2.839,150.591583333333,0.9,2.8,198,133737,2.1
"V3K","Coquitlam",0.14,0.16,0.08,0.11,0.14,0.31,84,0.76,0.66,0.47,0.74,0.61,3,55,11.1,5.4,8.2,1.6,22.5,5.5,6.2,6,2.6,19.1,72,23,119,1.2,17486,4439,1993,1142,564,2000,507,1202,880570,19142.82609,645.489361702128,3855.58510638298,42.2369565217391,42.895652173913,63.5869565217391,2.72608695652174,244.673913043478,41528.8888888889,100306.666666667,9.50444444444444,0.301555555555556,583.478260869565,14.6739130434783,629.782608695652,6.25869565217391,26.3395348837209,356.086956521739,299.673913043478,562.391304347826,480.326086956522,261.521739130435,338.04347826087,59.996,0.32,5.712,29.762,0.17,0.001,0.061,0.013,0.027,1.965,146.349916666667,0.9,2.8,198,133737,2.1
"V3L","New Westminster",0.17,0.14,0.09,0.12,0.17,0.33,84.5,0.78,0.56,0.51,0.83,0.36,3,63,10.3,5.3,9.3,1.8,22.8,5.2,6,7,2.9,19.1,83,62,127,0.8,15718,4977,2076,1076,617,2102,689,1406,2211820,55295.5,816.325,6769.75,42.69,43.275,124.625,2.4575,314.375,46575,101880,8.07,0.299325,708.75,26.875,761.25,5.7,26.6972972972973,497.75,466.125,668.5,605.5,360.125,438.25,61.842,0.322,5.795,29.22,0.18,0.005,0.086,0.057,0.044,3.597,142.916666666667,0.9,2.8,198,43484,-0.5
"V3M","New Westminster",0.15,0.13,0.07,0.1,0.12,0.3,81.9,1.21,1.21,0.87,1.38,0.8,4,65,11.7,7.3,9.1,2.1,23.4,5.5,9,6,3.1,20.9,111,331,135,1.1,7708,1592,741,340,273,701,215,379,581300,18751.6129,904.732142857143,9561.69285714286,41.5571428571429,41.0214285714286,151.517857142857,2.35178571428571,359.821428571429,42065.4545454545,85030.9090909091,11.3709090909091,0.293672727272727,813.660714285714,25.0892857142857,865.714285714286,4.7125,32.94,478.214285714286,429.732142857143,744.732142857143,686.428571428571,391.785714285714,497.589285714286,62.446,0.273,5.875,29.646,0.197,0.006,0.073,0.029,0.038,4.807,136.471166666667,0.9,2.8,198,43484,-0.5
"V3N","Burnaby",0.17,0.14,0.09,0.12,0.17,0.33,84.5,0.78,0.56,0.51,0.83,0.36,3,63,10.3,5.3,9.3,1.8,22.8,5.2,6,7,2.9,19.1,83,62,127,0.8,15718,4977,2076,1076,617,2102,689,1406,2211820,55295.5,897.086956521739,7245.73913043478,41.7282608695652,41.6326086956522,99.8913043478261,2.75869565217391,336.413043478261,37973.9130434783,91152.1739130435,12.2630434782609,0.299760869565217,782.282608695652,11.9565217391304,864.565217391304,5.13913043478261,26.4586956521739,341.195652173913,234.347826086957,756.630434782609,649.45652173913,372.065217391304,444.45652173913,61.07,0.32,5.708,28.887,0.176,0.003,0.071,0.018,0.052,4.522,143.542833333333,0.9,2.7,198,119575,1.4
"V3R","Surrey",0.18,0.16,0.12,0.16,0.18,0.35,82.9,0.96,1.15,0.76,1.17,0.84,4,72,14.3,5.2,12.4,2.2,27.6,7.6,6.3,10.4,3.4,27.7,59,44,65,0.7,27880,6925,4362,2977,1014,4845,1158,3455,619526,26935.91304,817.938271604938,5438.19259259259,40.241975308642,39.7493827160494,62.5925925925926,3.05061728395062,311.604938271605,35923.4567901235,93133.3333333333,10.1679012345679,0.26283950617284,733.641975308642,19.8148148148148,790.617283950617,5.57037037037037,21.4746835443038,353.950617283951,247.160493827161,699.62962962963,551.234567901235,267.407407407407,404.074074074074,59.723,0.338,5.661,28.22,0.17,0.002,0.061,0.021,0.098,3.721,141.663583333333,0.9,2.8,198,133737,2.1
"V3S","Surrey",0.18,0.16,0.12,0.16,0.18,0.35,82.9,0.96,1.15,0.76,1.17,0.84,4,72,14.3,5.2,12.4,2.2,27.6,7.6,6.3,10.4,3.4,27.7,59,44,65,0.7,27880,6925,4362,2977,1014,4845,1158,3455,509530,25476.5,865.096,4201.416,39.1328,39.232,42.72,3.3064,276.56,41564.5161290323,117538.709677419,5.94576271186441,0.261524193548387,781.12,18.56,839.08,6.8384,16.9252252252252,478.12,312.68,744.28,579.28,281.52,441.32,59.833,0.336,5.695,29.285,0.195,0.001,0.049,0.007,0.089,2.931,135.703666666667,0.9,2.8,12,338432,3.1
"V3T","Surrey",0.18,0.16,0.12,0.16,0.18,0.35,82.9,0.96,1.15,0.76,1.17,0.84,4,72,14.3,5.2,12.4,2.2,27.6,7.6,6.3,10.4,3.4,27.7,59,44,65,0.7,27880,6925,4362,2977,1014,4845,1158,3455,619526,26935.91304,946.571428571429,8633.00952380952,38.4261904761905,36.052380952381,138.452380952381,2.80238095238095,424.52380952381,34280.9523809524,81526.1904761905,13.0785714285714,0.270904761904762,845.357142857143,29.7619047619048,900.238095238095,4.77380952380952,29.6634146341463,371.904761904762,258.809523809524,740.119047619048,676.190476190476,352.023809523809,510.595238095238,61.712,0.297,5.675,28.382,0.172,0.004,0.079,0.023,0.073,6.187,139.903666666667,0.9,2.8,198,338432,3.1
"V3V","Surrey",0.18,0.16,0.12,0.16,0.18,0.35,82.9,0.96,1.15,0.76,1.17,0.84,4,72,14.3,5.2,12.4,2.2,27.6,7.6,6.3,10.4,3.4,27.7,59,44,65,0.7,27880,6925,4362,2977,1014,4845,1158,3455,773080,30923.2,755.439393939394,4734.11515151515,38.1742424242424,35.3666666666667,31.2878787878788,3.62424242424242,294.69696969697,32806.1538461538,100876.923076923,7.58923076923077,0.256138461538462,651.742424242424,11.3636363636364,725.909090909091,5.79242424242424,17.6769230769231,288.030303030303,124.166666666667,626.212121212121,469.166666666667,195.757575757576,378.484848484848,58.91,0.328,5.731,28.44,0.165,0.001,0.065,0.012,0.07,2.892,137.327916666667,0.9,2.8,198,338432,3.1
"V3W","Surrey",0.18,0.16,0.12,0.16,0.18,0.35,82.9,0.96,1.15,0.76,1.17,0.84,4,72,14.3,5.2,12.4,2.2,27.6,7.6,6.3,10.4,3.4,27.7,59,44,65,0.7,27880,6925,4362,2977,1014,4845,1158,3455,560615,24374.56522,890.761061946903,5765.77168141593,38.1469026548673,36.041592920354,46.0176991150442,3.5353982300885,324.336283185841,33295.5752212389,97772.5663716814,9.03628318584071,0.256699115044248,771.283185840708,14.9115044247788,869.070796460177,5.56902654867257,21.0694444444444,351.061946902655,156.017699115044,749.115044247788,575.70796460177,248.274336283186,445.442477876106,59.969,0.31,5.568,28.912,0.203,0.001,0.066,0.008,0.084,2.732,132.984583333333,0.9,2.8,198,338432,3.1
"V3X","Surrey",0.18,0.16,0.12,0.16,0.18,0.35,82.9,0.96,1.15,0.76,1.17,0.84,4,72,14.3,5.2,12.4,2.2,27.6,7.6,6.3,10.4,3.4,27.7,59,44,65,0.7,27880,6925,4362,2977,1014,4845,1158,3455,411960,15844.61538,898.878787878788,4455.82121212121,39.7575757575758,39.8909090909091,33.1818181818182,3.4030303030303,294.848484848485,39103.0303030303,116424.242424242,6.06666666666667,0.272212121212121,791.212121212121,7.42424242424242,876.666666666667,6.56666666666667,18.2233333333333,396.666666666667,163.787878787879,750.151515151515,609.393939393939,289.393939393939,448.636363636364,59.196,0.377,5.476,27.145,0.171,0,0.043,0.004,0.127,3.109,129.820833333333,0.9,2.8,198,338432,3.1
"V3Y","Pitt Meadows",0.14,0.16,0.08,0.11,0.14,0.31,84,0.76,0.66,0.47,0.74,0.61,3,55,11.1,5.4,8.2,1.6,22.5,5.5,6.2,6,2.6,19.1,72,23,119,1.2,17486,4439,1993,1142,564,2000,507,1202,625060,22323.57143,832.434782608696,3283.28695652174,43,45.2260869565217,74.1304347826087,2.6304347826087,256.739130434783,46171.4285714286,107447.619047619,6.76666666666667,0.272857142857143,757.608695652174,34.1304347826087,789.130434782609,6.65652173913043,25.7764705882353,611.95652173913,627.391304347826,725.652173913043,583.478260869565,291.739130434783,434.347826086957,61.775,0.314,5.849,29.744,0.203,0.001,0.03,0.009,0.052,2.199,149.377666666667,0.9,2.8,12,133737,2.1
"V3Z","Surrey",0.18,0.16,0.12,0.16,0.18,0.35,82.9,0.96,1.15,0.76,1.17,0.84,4,72,14.3,5.2,12.4,2.2,27.6,7.6,6.3,10.4,3.4,27.7,59,44,65,0.7,27880,6925,4362,2977,1014,4845,1158,3455,819420,29265,1069.04545454545,3032.15909090909,42.0325581395349,44.1558139534884,80.5813953488372,2.77441860465116,311.627906976744,46800,116685.365853659,10.0926829268293,0.351487804878049,968.139534883721,18.1395348837209,1048.72093023256,6.97674418604651,31.8432432432432,676.744186046512,597.674418604651,868.023255813953,784.418604651163,440.46511627907,526.395348837209,59.8505,0.293,6.981,27.162,0.152,0,0.027,0.008,0.058,2.773,22.0961666666667,0.9,2.8,12,338432,3.1
"V4A","Surrey",0.18,0.16,0.12,0.16,0.18,0.35,82.9,0.96,1.15,0.76,1.17,0.84,4,72,14.3,5.2,12.4,2.2,27.6,7.6,6.3,10.4,3.4,27.7,59,44,65,0.7,27880,6925,4362,2977,1014,4845,1158,3455,1756205,39913.75,606.849056603774,2846.15660377359,46.9490566037736,50.7641509433962,64.0566037735849,2.60566037735849,199.622641509434,43456.6037735849,106275.471698113,10.3792452830189,0.355018867924528,531.88679245283,11.2264150943396,582.169811320755,7.0377358490566,31.2522727272727,394.811320754717,421.22641509434,520.943396226415,456.320754716981,206.603773584906,247.264150943396,58.759,0.392,5.232,26.244,0.185,0.001,0.024,0.019,0.107,1.628,122.146333333333,0.9,2.8,12,64298,-2.6
"V4B","White Rock",0.18,0.16,0.12,0.16,0.18,0.35,82.9,0.96,1.15,0.76,1.17,0.84,4,72,14.3,5.2,12.4,2.2,27.6,7.6,6.3,10.4,3.4,27.7,59,44,65,0.7,27880,6925,4362,2977,1014,4845,1158,3455,1756205,39913.75,619.638888888889,5563.70833333333,52.1777777777778,56.2972222222222,132.916666666667,2.10277777777778,267.083333333333,44011.1111111111,85050,12.6666666666667,0.370222222222222,530.138888888889,17.5,563.194444444444,5.65833333333333,38.0972222222222,406.805555555556,444.722222222222,491.111111111111,463.472222222222,194.027777777778,259.861111111111,58.779,0.321,5.24,27.849,0.201,0.003,0.033,0.043,0.157,1.079,122.077416666667,0.9,2.8,12,64298,-2.6
"V4C","Delta",0.11,0.16,0.08,0.12,0.13,0.29,83,0.8,0.78,0.66,0.52,0.52,3,69,13.9,4.6,8.8,2,24.7,6.7,5.9,6.5,3,21.5,102,22,110,1.4,10312,2535,947,596,305,1067,331,619,805825,19654.26829,685.761904761905,4021.39206349206,39.9222222222222,39.5428571428571,28.4920634920635,3.34444444444444,236.666666666667,38679.3650793651,114619.047619048,6.12222222222222,0.260698412698413,606.904761904762,16.1904761904762,666.111111111111,6.8984126984127,16.4793103448276,361.349206349206,242.936507936508,593.809523809524,471.507936507937,220.47619047619,353.571428571429,57.676,0.344,5.612,28.792,0.174,0.001,0.046,0.007,0.036,2.988,132.2485,0.9,2.8,198,44545,0.200000000000003
"V4E","Delta",0.11,0.16,0.08,0.12,0.13,0.29,83,0.8,0.78,0.66,0.52,0.52,3,69,13.9,4.6,8.8,2,24.7,6.7,5.9,6.5,3,21.5,102,22,110,1.4,10312,2535,947,596,305,1067,331,619,805825,19654.26829,638.266666666667,2831.01333333333,42.4,44.5333333333333,22.3333333333333,3.14666666666667,189,44657.1428571429,131142.857142857,5.95,0.291857142857143,559.333333333333,12,610.333333333333,7.82666666666667,24.1333333333333,381,303.333333333333,561.333333333333,461.666666666667,232.333333333333,310.333333333333,58.395,0.378,5.542,26.972,0.185,0.001,0.036,0.01,0.03,1.013,129.3205,0.9,2.8,198,44545,0.200000000000003
"V4G","Delta",0.18,0.16,0.12,0.16,0.18,0.35,82.9,0.96,1.15,0.76,1.17,0.84,4,72,14.3,5.2,12.4,2.2,27.6,7.6,6.3,10.4,3.4,27.7,59,44,65,0.7,27880,6925,4362,2977,1014,4845,1158,3455,773080,30923.2,752,11.4,61.8,66.5,60,2.4,360,46000,104000,7.6,0.382,450,0,470,6,40,390,365,435,390,150,295,61.461,0.26,5.964,28.645,0.215,0.001,0.017,0,0.009,0,126.402916666667,0.9,2.7,198,44545,0.200000000000003
"V4K","Delta",0.18,0.16,0.12,0.16,0.18,0.35,82.9,0.96,1.15,0.76,1.17,0.84,4,72,14.3,5.2,12.4,2.2,27.6,7.6,6.3,10.4,3.4,27.7,59,44,65,0.7,27880,6925,4362,2977,1014,4845,1158,3455,819420,29265,609.113636363636,3130.50454545455,44.5046511627907,46.9372093023256,60.8139534883721,2.5953488372093,205,46362.7906976744,106572.093023256,6.91162790697674,0.291976744186047,566.162790697674,25.3488372093023,581.627906976744,6.65348837209302,22.3027027027027,460.232558139535,440.813953488372,536.395348837209,447.790697674419,209.06976744186,306.395348837209,59.658,0.339,5.735,27.693,0.192,0.004,0.012,0.018,0.055,1.059,117.644833333333,0.9,2.7,198,44545,0.200000000000003
"V4L","Delta",0.11,0.16,0.08,0.12,0.13,0.29,83,0.8,0.78,0.66,0.52,0.52,3,69,13.9,4.6,8.8,2,24.7,6.7,5.9,6.5,3,21.5,102,22,110,1.4,10312,2535,947,596,305,1067,331,619,1428890,29161.02041,594.285714285714,2481.8,48.5285714285714,53.6928571428571,76.7857142857143,2.39285714285714,187.857142857143,51242.8571428571,112885.714285714,8.02142857142857,0.352571428571429,525,14.6428571428571,552.857142857143,6.92142857142857,15.3692307692308,464.285714285714,510,517.142857142857,454.642857142857,183.214285714286,261.785714285714,59.126,0.356,5.366,26.181,0.192,0.001,0.008,0.006,0.037,2.3,111.635166666667,0.9,2.7,198,44545,0.200000000000003
"V4M","Delta",0.11,0.16,0.08,0.12,0.13,0.29,83,0.8,0.78,0.66,0.52,0.52,3,69,13.9,4.6,8.8,2,24.7,6.7,5.9,6.5,3,21.5,102,22,110,1.4,10312,2535,947,596,305,1067,331,619,1428890,29161.02041,563.16,2412.352,45.756,49.6,57.2,2.608,175.6,49264,121120,7.108,0.35012,496.4,15.8,537.8,7.54,24.615,412.8,443,480.4,427.2,191,261.8,57.702,0.401,5.309,26.581,0.173,0,0.007,0.005,0.023,2.624,110.139166666667,0.9,2.7,198,44545,0.200000000000003
"V4N","Surrey",0.18,0.16,0.12,0.16,0.18,0.35,82.9,0.96,1.15,0.76,1.17,0.84,4,72,14.3,5.2,12.4,2.2,27.6,7.6,6.3,10.4,3.4,27.7,59,44,65,0.7,27880,6925,4362,2977,1014,4845,1158,3455,619526,26935.91304,870.452830188679,4259.59428571429,39.6209523809524,40.7847619047619,48.0952380952381,3.14,278.904761904762,40792.3076923077,112134.615384615,7.8875,0.287355769230769,795.238095238095,17.6666666666667,849.428571428571,6.65904761904762,20.7697916666667,463.142857142857,311.619047619048,750.47619047619,608.52380952381,330.666666666667,446.428571428571,60.615,0.353,5.729,28.448,0.184,0.001,0.045,0.008,0.105,3.506,143.55225,0.9,2.8,12,56413,2.3
"V4P","Surrey",0.18,0.16,0.12,0.16,0.18,0.35,82.9,0.96,1.15,0.76,1.17,0.84,4,72,14.3,5.2,12.4,2.2,27.6,7.6,6.3,10.4,3.4,27.7,59,44,65,0.7,27880,6925,4362,2977,1014,4845,1158,3455,819420,29265,718.857142857143,1493.73571428571,47.7071428571429,51.3357142857143,72.5,2.73571428571429,230.714285714286,41157.1428571429,105414.285714286,15.4285714285714,0.417928571428571,638.571428571429,4.28571428571429,701.071428571429,7.6,25.0642857142857,434.642857142857,416.071428571429,627.142857142857,545.357142857143,231.428571428571,270.714285714286,59.809,0.424,5.325,25.278,0.142,0.001,0.027,0.009,0.064,2.958,124.8885,0.9,2.8,12,64298,-2.6
"V4R","Maple Ridge",0.11,0.18,0.09,0.13,0.16,0.31,81.1,1.16,1.38,0.82,1.25,0.93,2,51,14.3,7.4,9,2.2,25.5,6.3,8.3,5.8,3.9,19.6,88,44,112,1.4,10616,2243,1102,556,331,852,338,495,1633890,30828.11321,897.533333333333,839.34,41.3533333333333,43.1733333333333,40,2.92,246.666666666667,47200,122066.666666667,5.33333333333333,0.301533333333333,821.333333333333,41.3333333333333,843,7.76,18.3833333333333,707,723.333333333333,770.666666666667,615,329.666666666667,464.666666666667,58.459,0.424,5.772,26.519,0.132,0,0.013,0.004,0.024,0.677,157.921333333333,0.9,2.8,12,56413,2.3
"V4S","Mission",0.12,0.2,0.09,0.12,0.19,0.31,80.2,1.56,1.5,0.84,0.47,1.32,4,53,15.8,8.4,9.5,2.5,25.1,8.8,10.5,6.8,4.2,22.7,90,5,57,1.4,4950,1012,583,335,185,446,157,251,1436095,31219.45652,581.916666666667,355.866666666667,42.3833333333333,45.1666666666667,37.5,2.84166666666667,180,41233.3333333333,103166.666666667,9.09166666666667,0.302833333333333,539.583333333333,35,540.833333333333,7.24166666666667,28.1555555555556,486.666666666667,497.916666666667,502.5,379.166666666667,173.75,292.916666666667,58.975,0.499,5.492,24.339,0.051,0,0.004,0.001,0.021,0,160.06175,0.9,2.8,12,20881,1.8
"V4T","Westbank",0.1,0.16,0.07,0.11,0.14,0.27,82.6,1.04,1.42,1,1.11,1.03,2,55,12.4,7.6,5.8,1.8,21.3,6.8,9.7,4.5,3,22.3,110,100,145,2.3,19494,5358,2396,1168,967,2280,738,899,3325058,36945.08889,699.348837209302,1476.29302325581,45.4815789473684,47.5052631578947,91.7105263157895,2.41578947368421,259.078947368421,42305.5555555556,91286.1111111111,8.68611111111111,0.286055555555556,741.184210526316,68.0263157894737,698.947368421053,6.58421052631579,30.9230769230769,668.289473684211,726.184210526316,642.631578947368,547.631578947368,240,350.526315789474,59.289,0.3,6.97,30.602,0.123,0.001,0.009,0.003,0.041,0.038,31.6911666666667,0.9,3,210,138023,-0.399999999999999
"V4V","Kelowna",0.1,0.16,0.07,0.11,0.14,0.27,82.6,1.04,1.42,1,1.11,1.03,2,55,12.4,7.6,5.8,1.8,21.3,6.8,9.7,4.5,3,22.3,110,100,145,2.3,19494,5358,2396,1168,967,2280,738,899,1684820,32400.38462,946.5,376.995,44.64,47.325,87.5,2.475,280,43360,96835,8.995,0.32855,876.25,58.5,863.5,7.05,30.7111111111111,812.75,870,780.5,668.25,325.5,471.75,60.3245,0.327,7.113,29.602,0.081,0.002,0.003,0.001,0.033,0.215,34.6408333333333,0.9,3,210,138023,-0.399999999999999
"V4W","Langley Township",0.12,0.15,0.07,0.12,0.14,0.28,82,1.04,0.95,0.8,0.53,0.84,5,49,14.3,6.2,8.5,2.3,24.2,6.4,6.5,6.3,3.3,21,85,58,125,1.6,12128,3420,1373,814,402,1383,454,785,1437771,27127.75472,574.972972972973,1790.98108108108,41.9864864864865,43.1297297297297,44.4594594594595,2.90540540540541,193.648648648649,41748.5714285714,103637.142857143,7.77647058823529,0.290114285714286,539.189189189189,28.3783783783784,537.027027027027,6.95405405405405,19.1034482758621,468.243243243243,462.972972972973,507.432432432432,377.567567567568,156.081081081081,297.027027027027,60.443,0.451,5.566,26.35,0.09,0,0.009,0.001,0.049,1.05,146.67,0.9,2.8,12,98395,3.6
"V4X","Abbotsford",0.19,0.15,0.09,0.16,0.16,0.34,82.7,1,1.16,0.69,1.31,1.05,3,64,16.9,6.1,10.7,2.5,27.3,8.2,7.4,8.7,4.1,28.2,86,70,96,1.1,14008,3118,1783,1026,451,1659,574,993,1061700,28694.59459,657.25,1133.9,38.7625,38.6416666666667,27.0833333333333,3.42916666666667,193.333333333333,40643.4782608696,120913.043478261,5.82608695652174,0.302782608695652,592.083333333333,26.0416666666667,628.541666666667,7.525,15.2590909090909,461.458333333333,377.708333333333,564.583333333333,411.666666666667,172.5,343.125,58.2,0.476,5.629,25.852,0.056,0.001,0.011,0.001,0.016,0.324,149.005666666667,0.9,2.8,12,83141,2.7
"V4Z","Chilliwack",0.13,0.19,0.11,0.17,0.17,0.34,81,1.28,1.22,1.01,1.05,1.07,5,51,12.9,7.4,9.1,2.5,24.2,5.7,8.2,7.6,4.2,24.4,108,46,83,1.5,8782,2549,1008,486,359,1097,421,632,745650,22595.45455,569.6,42.24,39.925,41.1,38.75,2.95,188.75,42100,103125,9.7,0.33625,657.5,16.25,622.5,7.575,13.3333333333333,550,605,571.25,438.75,205,318.75,59.4715,0.498,5.235,23.528,0.049,0.001,0.003,0.001,0.008,0.37,146.98175,0.9,2.9,12,56528,3.7
"V5A","Burnaby",0.17,0.14,0.09,0.12,0.17,0.33,84.5,0.78,0.56,0.51,0.83,0.36,3,63,10.3,5.3,9.3,1.8,22.8,5.2,6,7,2.9,19.1,83,62,127,0.8,15718,4977,2076,1076,617,2102,689,1406,2211820,55295.5,611.527777777778,3528.13888888889,43.2388888888889,44.5277777777778,46.6666666666667,2.82777777777778,215.138888888889,41233.3333333333,108288.888888889,9.52777777777778,0.356722222222222,544.722222222222,13.1944444444444,594.305555555556,6.91666666666667,19.7636363636364,332.222222222222,284.861111111111,541.111111111111,455.138888888889,241.25,293.472222222222,59.994,0.374,5.721,27.873,0.17,0.001,0.047,0.006,0.032,3.232,150.556083333333,0.9,2.8,198,119575,1.4
"V5B","Burnaby",0.17,0.14,0.09,0.12,0.17,0.33,84.5,0.78,0.56,0.51,0.83,0.36,3,63,10.3,5.3,9.3,1.8,22.8,5.2,6,7,2.9,19.1,83,62,127,0.8,15718,4977,2076,1076,617,2102,689,1406,2417959,48359.18,561.135135135135,4112.22432432432,42.5945945945946,43.0378378378378,46.4864864864865,2.74054054054054,211.081081081081,38832.4324324324,97354.054054054,11.0891891891892,0.347648648648649,496.351351351351,8.91891891891892,548.108108108108,6.48108108108108,29.4305555555556,280,224.459459459459,486.216216216216,413.648648648649,220.27027027027,265,60.669,0.329,5.809,29.079,0.173,0.001,0.065,0.031,0.054,3.264,148.868,0.8,2.7,198,119575,1.4
"V5C","Burnaby",0.17,0.14,0.09,0.12,0.17,0.33,84.5,0.78,0.56,0.51,0.83,0.36,3,63,10.3,5.3,9.3,1.8,22.8,5.2,6,7,2.9,19.1,83,62,127,0.8,15718,4977,2076,1076,617,2102,689,1406,2417959,48359.18,916.372093023256,6010.34186046512,43.806976744186,44.2604651162791,140.116279069767,2.52325581395349,361.860465116279,41209.5238095238,94269.0476190476,9.41428571428572,0.322071428571429,824.302325581396,14.4186046511628,893.372093023256,6.01162790697674,29.8690476190476,460.348837209302,353.139534883721,713.953488372093,707.209302325581,430.46511627907,510.348837209302,61.975,0.274,5.945,29.228,0.202,0.003,0.118,0.034,0.035,4.804,145.181416666667,0.8,2.7,198,119575,1.4
"V5E","Burnaby",0.17,0.14,0.09,0.12,0.17,0.33,84.5,0.78,0.56,0.51,0.83,0.36,3,63,10.3,5.3,9.3,1.8,22.8,5.2,6,7,2.9,19.1,83,62,127,0.8,15718,4977,2076,1076,617,2102,689,1406,581300,18751.6129,668.266666666667,6220.74,41.84,41.7333333333333,59.6666666666667,2.85333333333333,237.333333333333,38153.3333333333,100420,11.7133333333333,0.3314,589.333333333333,7.66666666666667,655.833333333333,6.02,28.0307692307692,263.666666666667,163.5,580.333333333333,499.666666666667,277,323.166666666667,61.156,0.321,5.707,28.317,0.178,0.002,0.071,0.012,0.063,3.097,144.073166666667,0.9,2.7,198,119575,1.4
"V5G","Burnaby",0.17,0.14,0.09,0.12,0.17,0.33,84.5,0.78,0.56,0.51,0.83,0.36,3,63,10.3,5.3,9.3,1.8,22.8,5.2,6,7,2.9,19.1,83,62,127,0.8,15718,4977,2076,1076,617,2102,689,1406,2417959,48359.18,592.323529411765,3959.05882352941,44.2205882352941,44.9058823529412,56.0294117647059,2.87352941176471,231.176470588235,39341.1764705882,103776.470588235,9.83235294117647,0.309205882352941,519.558823529412,7.05882352941176,573.676470588235,6.34117647058823,23.2032258064516,277.941176470588,177.941176470588,517.941176470588,435.882352941176,222.794117647059,279.117647058824,60.325,0.333,5.89,29.322,0.172,0.001,0.092,0.027,0.044,2.96,141.834416666667,0.9,2.7,198,119575,1.4
"V5H","Burnaby",0.17,0.14,0.09,0.12,0.17,0.33,84.5,0.78,0.56,0.51,0.83,0.36,3,63,10.3,5.3,9.3,1.8,22.8,5.2,6,7,2.9,19.1,83,62,127,0.8,15718,4977,2076,1076,617,2102,689,1406,1236545,36368.97059,866.872727272727,13715.4309090909,42.6418181818182,41.5890909090909,142.636363636364,2.20909090909091,354.272727272727,34686.7924528302,70566.0377358491,18.8207547169811,0.339735849056604,751.454545454545,6.27272727272727,852.909090909091,4.04,37.3134615384615,252.818181818182,195.272727272727,687.545454545455,688.727272727273,415.272727272727,442.909090909091,62.202,0.274,5.647,29.321,0.199,0.009,0.096,0.036,0.064,3.887,137.6035,0.9,2.7,198,119575,1.4
"V5J","Burnaby",0.17,0.14,0.09,0.12,0.17,0.33,84.5,0.78,0.56,0.51,0.83,0.36,3,63,10.3,5.3,9.3,1.8,22.8,5.2,6,7,2.9,19.1,83,62,127,0.8,15718,4977,2076,1076,617,2102,689,1406,581300,18751.6129,644.703703703704,3666.62592592593,43.2777777777778,43.5111111111111,45,2.92222222222222,245.555555555556,36955.5555555556,97696.2962962963,10.9481481481481,0.323814814814815,556.111111111111,7.59259259259259,622.592592592593,6.33703703703704,23.7592592592593,267.037037037037,173.888888888889,549.074074074074,477.592592592593,257.592592592593,302.592592592593,60.902,0.322,5.696,29.192,0.188,0.002,0.072,0.014,0.038,4.16,136.65,0.9,2.7,198,119575,1.4
"V5K","Vancouver",0.2,0.15,0.09,0.14,0.17,0.36,84.2,0.85,1.09,0.82,0.7,0.25,3,61,10.9,5.1,8,1.8,21.4,5.5,5.6,5.6,3,16.5,136,235,176,1.4,48204,4977,6632,3259,1606,5108,1990,3294,2144891,37629.66667,622.047619047619,5654.65,42.4452380952381,41.8095238095238,68.5714285714286,2.53809523809524,258.809523809524,39428.5714285714,90959.5238095238,9.86904761904762,0.331666666666667,512.02380952381,15.1190476190476,596.666666666667,5.70714285714286,33.7142857142857,355.595238095238,275,537.142857142857,436.904761904762,238.571428571429,320.595238095238,61.65,0.317,6.031,28.247,0.171,0.003,0.143,0.016,0.062,7.163,142.773416666667,0.8,2.7,198,43545,2.9
"V5L","Vancouver",0.2,0.15,0.09,0.14,0.17,0.36,84.2,0.85,1.09,0.82,0.7,0.25,3,61,10.9,5.1,8,1.8,21.4,5.5,5.6,5.6,3,16.5,136,235,176,1.4,48204,4977,6632,3259,1606,5108,1990,3294,8144725,45756.88202,494.911764705882,10213.1529411765,40.8470588235294,39.2705882352941,123.823529411765,1.90882352941176,232.941176470588,44958.8235294118,74050,14.0794117647059,0.337676470588235,407.058823529412,42.7941176470588,445.294117647059,4.07352941176471,32.2911764705882,357.205882352941,366.323529411765,400.588235294118,381.176470588235,254.264705882353,296.323529411765,63.251,0.23,6.09,28.924,0.242,0.008,0.176,0.019,0.125,6.63,140.474833333333,0.8,2.7,198,25798,-3.8
"V5M","Vancouver",0.2,0.15,0.09,0.14,0.17,0.36,84.2,0.85,1.09,0.82,0.7,0.25,3,61,10.9,5.1,8,1.8,21.4,5.5,5.6,5.6,3,16.5,136,235,176,1.4,48204,4977,6632,3259,1606,5108,1990,3294,2417959,48359.18,607.025,5649.0275,44.135,43.31,61.375,2.6525,276.5,33575,80332.5,12.1175,0.30575,497.25,13,578.75,5.525,30.6975,269.375,161.125,519.125,408.875,200,287.5,61.709,0.281,5.98,29.289,0.195,0.003,0.149,0.025,0.042,3.395,140.183416666667,0.9,2.7,198,43545,2.9
"V5N","Vancouver",0.2,0.15,0.09,0.14,0.17,0.36,84.2,0.85,1.09,0.82,0.7,0.25,3,61,10.9,5.1,8,1.8,21.4,5.5,5.6,5.6,3,16.5,136,235,176,1.4,48204,4977,6632,3259,1606,5108,1990,3294,2144891,37629.66667,613.491228070175,8025.4649122807,40.8175438596491,39.2,83.859649122807,2.43333333333333,268.859649122807,40414.0350877193,88738.5964912281,10.9210526315789,0.322754385964912,500.877192982456,15.7017543859649,594.210526315789,5.01052631578947,30.5017543859649,347.719298245614,286.140350877193,509.035087719298,455.087719298246,273.157894736842,340,62.854,0.28,6.041,28.569,0.188,0.007,0.169,0.029,0.059,6.642,136.854916666667,0.9,2.7,198,43545,2.9
"V5P","Vancouver",0.2,0.15,0.09,0.14,0.17,0.36,84.2,0.85,1.09,0.82,0.7,0.25,3,61,10.9,5.1,8,1.8,21.4,5.5,5.6,5.6,3,16.5,136,235,176,1.4,48204,4977,6632,3259,1606,5108,1990,3294,766460,24724.51613,592.366666666667,6632.29,43.865,43.985,46.25,2.87333333333333,248.666666666667,34146.6666666667,85586.6666666667,11.0433333333333,0.296183333333333,485.25,5.91666666666667,570.083333333333,5.69666666666667,25.1916666666667,220.333333333333,86.8333333333333,509.083333333333,398.166666666667,190.166666666667,278.583333333333,60.494,0.287,5.844,29.152,0.204,0.003,0.128,0.02,0.039,6.246,132.686,0.9,2.7,198,40162,1.8
"V5R","Vancouver",0.2,0.15,0.09,0.14,0.17,0.36,84.2,0.85,1.09,0.82,0.7,0.25,3,61,10.9,5.1,8,1.8,21.4,5.5,5.6,5.6,3,16.5,136,235,176,1.4,48204,4977,6632,3259,1606,5108,1990,3294,1308800,31161.90476,652.315068493151,11377.0150684932,41.9698630136986,40.7287671232877,69.6575342465754,2.71506849315068,290.27397260274,35025,84804.1666666667,10.7416666666667,0.291208333333333,553.972602739726,8.83561643835617,637.602739726027,5.24794520547945,28.6541666666667,239.657534246575,119.931506849315,556.917808219178,474.452054794521,252.534246575343,343.972602739726,61.753,0.276,5.775,29.307,0.198,0.003,0.133,0.023,0.064,4.789,136.170666666667,0.9,2.7,198,43545,2.9
"V5S","Vancouver",0.17,0.14,0.09,0.12,0.17,0.33,84.5,0.78,0.56,0.51,0.83,0.36,3,63,10.3,5.3,9.3,1.8,22.8,5.2,6,7,2.9,19.1,83,62,127,0.8,15718,4977,2076,1076,617,2102,689,1406,581300,18751.6129,786.186046511628,6283.92558139535,43.9325581395349,44.7720930232558,78.6046511627907,2.73023255813954,303.488372093023,38093.023255814,92700,9.64883720930232,0.296627906976744,678.023255813954,10,758.255813953488,5.72558139534884,24.7585365853659,364.186046511628,226.511627906977,660,572.674418604651,305.46511627907,390,59.297,0.342,5.765,28.623,0.187,0.001,0.091,0.011,0.04,3.373,133.458833333333,0.9,2.7,198,119575,1.4
"V5T","Vancouver",0.2,0.15,0.09,0.14,0.17,0.36,84.2,0.85,1.09,0.82,0.7,0.25,3,61,10.9,5.1,8,1.8,21.4,5.5,5.6,5.6,3,16.5,136,235,176,1.4,48204,4977,6632,3259,1606,5108,1990,3294,8144725,45756.88202,638.4,10886.23,39.5475,36.84,168.625,1.88,303.75,47674.358974359,79228.2051282051,11.3435897435897,0.342461538461538,540.75,23.25,592.5,3.725,37.2461538461538,417.625,410.125,480,521.5,368.75,416.5,62.622,0.233,6.122,29.154,0.255,0.018,0.232,0.114,0.116,9.726,135.65525,0.9,2.7,198,25798,-3.8
"V5V","Vancouver",0.2,0.15,0.09,0.14,0.17,0.36,84.2,0.85,1.09,0.82,0.7,0.25,3,61,10.9,5.1,8,1.8,21.4,5.5,5.6,5.6,3,16.5,136,235,176,1.4,48204,4977,6632,3259,1606,5108,1990,3294,8144725,45756.88202,542.863636363636,7360.25227272727,40.1613636363636,39.3363636363636,57.9545454545455,2.53409090909091,207.727272727273,45875,104147.727272727,7.27272727272727,0.355204545454545,453.068181818182,10.6818181818182,524.090909090909,5.41136363636364,26.4704545454545,332.159090909091,280.340909090909,453.068181818182,400.113636363636,250.340909090909,303.181818181818,60.666,0.311,5.988,28.567,0.192,0.005,0.181,0.061,0.074,5.799,134.342083333333,0.9,2.7,198,43545,2.9
"V5W","Vancouver",0.2,0.15,0.09,0.14,0.17,0.36,84.2,0.85,1.09,0.82,0.7,0.25,3,61,10.9,5.1,8,1.8,21.4,5.5,5.6,5.6,3,16.5,136,235,176,1.4,48204,4977,6632,3259,1606,5108,1990,3294,766460,24724.51613,590.363636363636,6783.06363636364,42.0363636363636,41.2393939393939,58.6363636363636,2.66363636363636,243.939393939394,39351.5151515152,94509.0909090909,9.76363636363636,0.331757575757576,507.121212121212,10.7575757575758,573.484848484848,5.4969696969697,32.9333333333333,296.515151515152,211.363636363636,495.151515151515,440.454545454545,244.090909090909,311.666666666667,59.168,0.317,5.821,29.206,0.194,0.004,0.152,0.031,0.036,7.645,132.474166666667,0.9,2.7,198,40162,1.8
"V5X","Vancouver",0.2,0.15,0.09,0.14,0.17,0.36,84.2,0.85,1.09,0.82,0.7,0.25,3,61,10.9,5.1,8,1.8,21.4,5.5,5.6,5.6,3,16.5,136,235,176,1.4,48204,4977,6632,3259,1606,5108,1990,3294,806815,29882.03704,639.764705882353,8041.84117647059,41.4392156862745,39.7588235294118,61.2745098039216,2.92352941176471,274.019607843137,34596.0784313726,88898.0392156863,11.3549019607843,0.306470588235294,557.647058823529,4.50980392156863,623.823529411765,5.27843137254902,29.134,221.176470588235,89.2156862745098,524.21568627451,468.627450980392,237.745098039216,325.392156862745,59.92,0.278,5.967,30.27,0.21,0.001,0.13,0.025,0.034,6.276,130.667666666667,0.9,2.7,198,56353,2.2
"V5Y","Vancouver",0.2,0.15,0.09,0.14,0.17,0.36,84.2,0.85,1.09,0.82,0.7,0.25,3,61,10.9,5.1,8,1.8,21.4,5.5,5.6,5.6,3,16.5,136,235,176,1.4,48204,4977,6632,3259,1606,5108,1990,3294,5797057,56833.89216,1029.3125,8433.584375,42.0625,40.2,209.0625,2.203125,418.4375,48631.25,95143.75,12.6375,0.4089375,876.09375,16.71875,1002.96875,4.928125,36.021875,572.8125,515.625,806.5625,858.90625,583.28125,614.6875,60.786,0.295,5.981,28.774,0.241,0.01,0.225,0.135,0.101,12.284,133.80075,0.9,2.7,198,40162,1.8
"V5Z","Vancouver",0.2,0.15,0.09,0.14,0.17,0.36,84.2,0.85,1.09,0.82,0.7,0.25,3,61,10.9,5.1,8,1.8,21.4,5.5,5.6,5.6,3,16.5,136,235,176,1.4,48204,4977,6632,3259,1606,5108,1990,3294,5797057,56833.89216,624.173913043478,9529.73913043478,44.1478260869565,44.2217391304348,105,2.18260869565217,248.913043478261,51981.8181818182,101227.272727273,11.3636363636364,0.388136363636364,513.260869565217,6.95652173913044,582.173913043478,4.84347826086957,34.2190476190476,350.434782608696,349.130434782609,481.304347826087,482.826086956522,308.260869565217,333.695652173913,61.945,0.279,5.922,28.6,0.241,0.013,0.217,0.189,0.098,10.546,133.324,0.9,2.7,198,40162,1.8
"V6A","Vancouver",0.2,0.15,0.09,0.14,0.17,0.36,84.2,0.85,1.09,0.82,0.7,0.25,3,61,10.9,5.1,8,1.8,21.4,5.5,5.6,5.6,3,16.5,136,235,176,1.4,48204,4977,6632,3259,1606,5108,1990,3294,8144725,45756.88202,681.666666666667,13732.53,46.2433333333333,45.4,211.166666666667,1.69,425.5,35148.1481481481,53103.7037037037,27.6851851851852,0.370703703703704,490.5,47.6666666666667,518.333333333333,3.22333333333333,31.004,350.666666666667,338.166666666667,454.666666666667,409.833333333333,237.833333333333,280.5,65.35,0.153,6.171,29.67,0.311,0.014,0.255,0.05,0.111,9.104,138.143583333333,0.8,2.7,198,25798,-3.8
"V6B","Vancouver",0.2,0.15,0.09,0.14,0.17,0.36,84.2,0.85,1.09,0.82,0.7,0.25,3,61,10.9,5.1,8,1.8,21.4,5.5,5.6,5.6,3,16.5,136,235,176,1.4,48204,4977,6632,3259,1606,5108,1990,3294,1350589,40926.93939,1024.82352941176,30375.7117647059,40.0558823529412,37.7529411764706,315.147058823529,1.65454545454545,531.470588235294,51074.1935483871,81932.2580645161,18.4129032258065,0.435064516129032,881.911764705882,17.1212121212121,968.939393939394,3.25454545454545,46.1741935483871,450.909090909091,479.090909090909,696.515151515152,884.69696969697,631.666666666667,669.545454545455,67.291,0.072,6.112,28.666,0.471,0.055,0.377,0.134,0.155,16.848,137.2225,0.8,2.7,198,51130,-4.90000000000001
"V6C","Vancouver",0.2,0.15,0.09,0.14,0.17,0.36,84.2,0.85,1.09,0.82,0.7,0.25,3,61,10.9,5.1,8,1.8,21.4,5.5,5.6,5.6,3,16.5,136,235,176,1.4,48204,4977,6632,3259,1606,5108,1990,3294,5797057,56833.89216,1353,34425.3333333333,41.8,40.8,316.666666666667,1.83333333333333,586.666666666667,47200,81666.6666666667,18.1,0.516333333333333,1175,6.66666666666667,1413.33333333333,3.6,42.3,558.333333333333,605,1106.66666666667,1246.66666666667,886.666666666667,881.666666666667,66.858,0.058,6.093,26.073,0.468,0.058,0.557,0.137,0.138,15.67,137.326083333333,0.8,2.7,198,25798,-3.8
"V6E","Vancouver",0.2,0.15,0.09,0.14,0.17,0.36,84.2,0.85,1.09,0.82,0.7,0.25,3,61,10.9,5.1,8,1.8,21.4,5.5,5.6,5.6,3,16.5,136,235,176,1.4,48204,4977,6632,3259,1606,5108,1990,3294,1350589,40926.93939,740.695652173913,31405.8782608696,41.9739130434783,37.7391304347826,260,1.57826086956522,386.304347826087,44765.2173913043,65308.6956521739,16.9608695652174,0.371739130434783,636.95652173913,21.7391304347826,715.652173913043,3.01304347826087,47.6695652173913,351.95652173913,455.434782608696,554.782608695652,662.173913043478,446.739130434783,483.478260869565,64.475,0.162,6.072,26.242,0.356,0.035,0.378,0.163,0.133,16.996,136.429416666667,0.8,2.7,198,51130,-4.90000000000001
"V6G","Vancouver",0.2,0.15,0.09,0.14,0.17,0.36,84.2,0.85,1.09,0.82,0.7,0.25,3,61,10.9,5.1,8,1.8,21.4,5.5,5.6,5.6,3,16.5,136,235,176,1.4,48204,4977,6632,3259,1606,5108,1990,3294,1350589,40926.93939,695.767441860465,27043.3209302326,44.2162790697674,41.9348837209302,253.604651162791,1.58837209302326,348.023255813953,45888.3720930233,67046.511627907,16.4558139534884,0.389674418604651,599.767441860465,16.3953488372093,669.302325581395,3.12790697674419,46.5809523809524,352.441860465116,459.302325581395,523.720930232558,618.139534883721,397.325581395349,428.720930232558,63.211,0.224,6.04,25.819,0.273,0.023,0.266,0.103,0.161,17.317,136.55625,0.8,2.7,198,51130,-4.90000000000001
"V6H","Vancouver",0.2,0.15,0.09,0.14,0.17,0.36,84.2,0.85,1.09,0.82,0.7,0.25,3,61,10.9,5.1,8,1.8,21.4,5.5,5.6,5.6,3,16.5,136,235,176,1.4,48204,4977,6632,3259,1606,5108,1990,3294,5797057,56833.89216,647.148148148148,11570.2888888889,42.6777777777778,40.4888888888889,193.703703703704,1.84814814814815,311.296296296296,51481.4814814815,89900,12.4740740740741,0.410444444444445,544.074074074074,13.5185185185185,626.851851851852,4.47777777777778,37.5407407407407,400,420.740740740741,510.555555555556,563.703703703704,360.740740740741,401.111111111111,62.175,0.29,5.908,27.686,0.239,0.015,0.215,0.168,0.088,9.342,133.305083333333,0.9,2.7,198,51130,-4.90000000000001
"V6J","Vancouver",0.2,0.15,0.09,0.14,0.17,0.36,84.2,0.85,1.09,0.82,0.7,0.25,3,61,10.9,5.1,8,1.8,21.4,5.5,5.6,5.6,3,16.5,136,235,176,1.4,48204,4977,6632,3259,1606,5108,1990,3294,5797057,56833.89216,614.47619047619,10889.55,43.2761904761905,41.2642857142857,164.761904761905,1.85238095238095,277.5,53235.7142857143,91271.4285714286,13.1833333333333,0.408595238095238,506.904761904762,9.64285714285714,590.47619047619,4.34285714285714,37.6261904761905,378.214285714286,424.285714285714,480.595238095238,523.571428571429,341.071428571429,372.02380952381,61.131,0.302,5.979,27.793,0.236,0.012,0.206,0.123,0.08,13.462,133.090583333333,0.9,2.7,198,62980,1.6
"V6K","Vancouver",0.2,0.15,0.09,0.14,0.17,0.36,84.2,0.85,1.09,0.82,0.7,0.25,3,61,10.9,5.1,8,1.8,21.4,5.5,5.6,5.6,3,16.5,136,235,176,1.4,48204,4977,6632,3259,1606,5108,1990,3294,1235980,33404.86486,601.2,9808.44888888889,42.2288888888889,40.3422222222222,121,2.03333333333333,265.555555555556,52162.2222222222,96888.8888888889,10.6777777777778,0.4174,491.333333333333,5.66666666666667,578.111111111111,4.62444444444444,38.7088888888889,372,442.111111111111,468.444444444444,496.888888888889,313.777777777778,349.111111111111,59.158,0.317,6.005,28.11,0.211,0.012,0.162,0.081,0.066,12.163,132.62575,0.9,2.7,198,62980,1.6
"V6L","Vancouver",0.2,0.15,0.09,0.14,0.17,0.36,84.2,0.85,1.09,0.82,0.7,0.25,3,61,10.9,5.1,8,1.8,21.4,5.5,5.6,5.6,3,16.5,136,235,176,1.4,48204,4977,6632,3259,1606,5108,1990,3294,818210,17046.04167,509.409090909091,3608.44090909091,43.0909090909091,44.6181818181818,43.1818181818182,2.73636363636364,190.681818181818,40463.6363636364,112154.545454545,16.1954545454545,0.493681818181818,419.318181818182,2.04545454545455,504.772727272727,7.26363636363636,41.7227272727273,247.045454545455,229.090909090909,441.818181818182,402.272727272727,208.181818181818,216.818181818182,57.479,0.39,5.907,28.644,0.165,0.001,0.126,0.05,0.073,7.878,130.986083333333,0.9,2.7,198,62980,1.6
"V6M","Vancouver",0.2,0.15,0.09,0.14,0.17,0.36,84.2,0.85,1.09,0.82,0.7,0.25,3,61,10.9,5.1,8,1.8,21.4,5.5,5.6,5.6,3,16.5,136,235,176,1.4,48204,4977,6632,3259,1606,5108,1990,3294,818210,17046.04167,555.466666666667,5308.9,45.4466666666667,46.9333333333333,83,2.48666666666667,233,42473.3333333333,107566.666666667,16.5033333333333,0.4809,466,2.16666666666667,546.5,6.60333333333333,37.6103448275862,248,213.333333333333,476.333333333333,447.833333333333,220.166666666667,237.5,59.545,0.419,5.792,27.143,0.171,0.004,0.135,0.056,0.039,7.011,130.228166666667,0.9,2.7,198,62980,1.6
"V6N","Vancouver",0.2,0.15,0.09,0.14,0.17,0.36,84.2,0.85,1.09,0.82,0.7,0.25,3,61,10.9,5.1,8,1.8,21.4,5.5,5.6,5.6,3,16.5,136,235,176,1.4,48204,4977,6632,3259,1606,5108,1990,3294,818210,17046.04167,509.875,2847.12916666667,42.575,44.8333333333333,34.1666666666667,2.83333333333333,188.125,43804.1666666667,132833.333333333,12.35,0.481583333333333,431.041666666667,35.4166666666667,470,7.95,45.7666666666667,306.041666666667,276.25,446.25,392.291666666667,200.833333333333,226.666666666667,57.815,0.454,5.882,26.481,0.143,0.001,0.082,0.029,0.026,4.806,128.6985,0.9,2.7,198,62980,1.6
"V6P","Vancouver",0.2,0.15,0.09,0.14,0.17,0.36,84.2,0.85,1.09,0.82,0.7,0.25,3,61,10.9,5.1,8,1.8,21.4,5.5,5.6,5.6,3,16.5,136,235,176,1.4,48204,4977,6632,3259,1606,5108,1990,3294,2822600,40322.85714,587.788461538462,6820.075,42.9326923076923,42.9076923076923,87.6923076923077,2.50192307692308,248.461538461538,36992.3076923077,88003.8461538462,15.9557692307692,0.396384615384615,510.384615384615,6.25,576.442307692308,5.70576923076923,39.9807692307692,239.903846153846,169.615384615385,488.557692307692,465.769230769231,262.019230769231,285.192307692308,61.454,0.358,5.939,28.083,0.194,0.002,0.12,0.029,0.048,6.025,128.699333333333,0.9,2.7,198,56353,2.2
"V6R","Vancouver",0.2,0.15,0.09,0.14,0.17,0.36,84.2,0.85,1.09,0.82,0.7,0.25,3,61,10.9,5.1,8,1.8,21.4,5.5,5.6,5.6,3,16.5,136,235,176,1.4,48204,4977,6632,3259,1606,5108,1990,3294,1235980,33404.86486,530.212121212121,4964.12121212121,43.1393939393939,43.6484848484848,72.8787878787879,2.38181818181818,212.424242424242,47512.1212121212,111024.242424242,14.5121212121212,0.487787878787879,427.575757575758,5.75757575757576,523.181818181818,6.2030303030303,44.3677419354839,299.545454545455,333.030303030303,434.69696969697,433.484848484848,235.909090909091,256.515151515152,57.704,0.364,5.825,26.761,0.153,0.004,0.104,0.038,0.048,7.03,131.19825,0.9,2.7,198,62980,1.6
"V6S","Vancouver",0.2,0.15,0.09,0.14,0.17,0.36,84.2,0.85,1.09,0.82,0.7,0.25,3,61,10.9,5.1,8,1.8,21.4,5.5,5.6,5.6,3,16.5,136,235,176,1.4,48204,4977,6632,3259,1606,5108,1990,3294,818210,17046.04167,546.210526315789,5749.42631578947,40.1388888888889,41.9222222222222,48.6111111111111,2.67777777777778,212.777777777778,43622.2222222222,117377.777777778,15.2444444444444,0.461,477.222222222222,1.38888888888889,563.888888888889,6.55555555555556,44.2166666666667,277.222222222222,275.277777777778,441.944444444444,443.611111111111,265,262.777777777778,57.627,0.408,5.753,26.851,0.159,0.005,0.09,0.033,0.063,5.315,130.000416666667,0.9,2.7,198,62980,1.6
"V6T","Vancouver",0.2,0.15,0.09,0.14,0.17,0.36,84.2,0.85,1.09,0.82,0.7,0.25,3,61,10.9,5.1,8,1.8,21.4,5.5,5.6,5.6,3,16.5,136,235,176,1.4,48204,4977,6632,3259,1606,5108,1990,3294,1235980,33404.86486,474,7839.37333333333,35.6928571428571,34.5285714285714,72.3214285714286,2.376,225.357142857143,34810.5263157895,73978.9473684211,28.6842105263158,0.471947368421053,421.964285714286,3.2,496,4.284,63.1388888888889,176.8,163.6,350.6,409,228.2,214.4,59.367,0.381,5.503,25.856,0.157,0.005,0.03,0.008,0.117,4.94,129.723916666667,0.9,2.7,198,62980,1.6
"V6V","Richmond",0.2,0.17,0.08,0.12,0.18,0.35,86.2,0.59,0.35,0.31,0.17,0.4,2,56,9.4,3.6,8.9,1.3,23.2,5.1,4,6.4,1.9,19,78,63,133,0.7,10676,4067,1598,947,394,1962,433,1208,908470,28389.6875,863.230769230769,3970.73846153846,42.5076923076923,44.0923076923077,46.9230769230769,3.08461538461538,296.538461538462,38123.0769230769,107076.923076923,8.74615384615385,0.295538461538462,755.769230769231,5.76923076923077,857.307692307692,5.95384615384615,14.3090909090909,356.538461538462,155.384615384615,800,618.076923076923,305.769230769231,436.153846153846,64.206,0.271,6.134,29.134,0.215,0.001,0.047,0.001,0.031,0.51,129.103916666667,0.9,2.7,198,91451,1.1
"V6W","Richmond",0.2,0.17,0.08,0.12,0.18,0.35,86.2,0.59,0.35,0.31,0.17,0.4,2,56,9.4,3.6,8.9,1.3,23.2,5.1,4,6.4,1.9,19,78,63,133,0.7,10676,4067,1598,947,394,1962,433,1208,908470,28389.6875,1083.6,1440.38,43.98,44.96,141,2.66,393,41760,91900,10.12,0.3564,948,8,1037,5.76,35.22,526,384,889,801,408,571,63.288,0.323,6.011,26.883,0.134,0,0.022,0.002,0.029,0.166,125.4075,0.9,2.7,198,91451,1.1
"V6X","Richmond",0.2,0.17,0.08,0.12,0.18,0.35,86.2,0.59,0.35,0.31,0.17,0.4,2,56,9.4,3.6,8.9,1.3,23.2,5.1,4,6.4,1.9,19,78,63,133,0.7,10676,4067,1598,947,394,1962,433,1208,908470,28389.6875,1335.38888888889,6815.75,43.125,42.6222222222222,181.388888888889,2.71666666666667,523.333333333333,32622.2222222222,82386.1111111111,15.3027777777778,0.321,1125.97222222222,5.97222222222222,1313.75,5.09444444444444,34.2787878787879,355.555555555556,128.888888888889,1034.44444444444,1025.13888888889,566.25,652.222222222222,64.37,0.243,6.099,28.777,0.231,0.005,0.069,0.017,0.035,3.314,125.99325,0.9,2.7,198,91451,1.1
"V6Y","Richmond",0.2,0.17,0.08,0.12,0.18,0.35,86.2,0.59,0.35,0.31,0.17,0.4,2,56,9.4,3.6,8.9,1.3,23.2,5.1,4,6.4,1.9,19,78,63,133,0.7,10676,4067,1598,947,394,1962,433,1208,1500940,41692.77778,921.622641509434,10464.3830188679,44.7283018867925,46.2811320754717,107.358490566038,2.56981132075472,338.11320754717,32524.5283018868,76496.2264150943,17.3415094339623,0.330867924528302,766.22641509434,2.54716981132075,908.11320754717,4.90754716981132,31.918,256.037735849057,132.452830188679,789.716981132075,694.811320754717,368.962264150943,414.433962264151,61.867,0.272,6.011,28.948,0.251,0.003,0.054,0.022,0.041,2.339,122.802666666667,0.9,2.7,198,91451,1.1
"V6Z","Vancouver",0.2,0.15,0.09,0.14,0.17,0.36,84.2,0.85,1.09,0.82,0.7,0.25,3,61,10.9,5.1,8,1.8,21.4,5.5,5.6,5.6,3,16.5,136,235,176,1.4,48204,4977,6632,3259,1606,5108,1990,3294,5797057,56833.89216,985.04347826087,29122.752173913,43.1608695652174,41.4782608695652,283.695652173913,1.74782608695652,442.608695652174,50960.8695652174,86673.9130434783,16.9826086956522,0.431086956521739,860,18.695652173913,956.521739130435,3.57826086956522,42.9608695652174,473.04347826087,539.347826086957,733.913043478261,859.130434782609,560.869565217391,587.608695652174,67.07,0.095,6.079,26.53,0.371,0.05,0.357,0.191,0.156,20.859,135.84925,0.8,2.7,198,51130,-4.90000000000001
"V7A","Richmond",0.11,0.16,0.08,0.12,0.13,0.29,83,0.8,0.78,0.66,0.52,0.52,3,69,13.9,4.6,8.8,2,24.7,6.7,5.9,6.5,3,21.5,102,22,110,1.4,10312,2535,947,596,305,1067,331,619,908470,28389.6875,588.45,4499.4025,43.0425,44.06,45.625,3.025,208.375,34558.9743589744,93676.9230769231,12.5794871794872,0.32751282051282,499.375,2.875,584.875,6.3875,23.5361111111111,237.25,134.625,523.375,438.625,220,276.125,58.99,0.333,5.928,28.23,0.208,0.001,0.035,0.004,0.029,1.334,121.125666666667,0.9,2.7,198,91451,1.1
"V7B","Richmond",0.2,0.17,0.08,0.12,0.18,0.35,86.2,0.59,0.35,0.31,0.17,0.4,2,56,9.4,3.6,8.9,1.3,23.2,5.1,4,6.4,1.9,19,78,63,133,0.7,10676,4067,1598,947,394,1962,433,1208,1030500,32203.125,819,45.6,41,43.2,60,2.7,265,48000,114000,6.8,0.289,750,35,850,6.2,23.1,675,560,835,620,340,430,60.991,0.333,6.05,27.69,0.12,0.001,0.049,0.002,0.048,5.098,125.097083333333,0.9,2.7,198,91451,1.1
"V7C","Richmond",0.2,0.17,0.08,0.12,0.18,0.35,86.2,0.59,0.35,0.31,0.17,0.4,2,56,9.4,3.6,8.9,1.3,23.2,5.1,4,6.4,1.9,19,78,63,133,0.7,10676,4067,1598,947,394,1962,433,1208,1030500,32203.125,670.563636363636,4159.28181818182,43.9181818181818,45.8727272727273,49.5454545454545,2.88545454545455,231.818181818182,33051.8518518519,87316.6666666667,16.6907407407407,0.362703703703704,562.636363636364,5.36363636363636,659.090909090909,6.33636363636364,31.0117647058823,234.454545454545,132.545454545455,595.545454545455,500.818181818182,253.181818181818,284.090909090909,60.222,0.335,5.936,28.077,0.219,0.001,0.038,0.012,0.034,2.78,121.36325,0.9,2.7,198,91451,1.1
"V7E","Richmond",0.2,0.17,0.08,0.12,0.18,0.35,86.2,0.59,0.35,0.31,0.17,0.4,2,56,9.4,3.6,8.9,1.3,23.2,5.1,4,6.4,1.9,19,78,63,133,0.7,10676,4067,1598,947,394,1962,433,1208,530860,19661.48148,626.092592592593,4192.74444444444,44.3169811320755,47.3735849056604,40.377358490566,2.88867924528302,200.943396226415,40550,107528.846153846,10.7480769230769,0.348884615384615,552.075471698113,3.39622641509434,627.452830188679,6.72830188679245,16.4675,313.018867924528,223.867924528302,572.547169811321,477.924528301887,242.830188679245,284.622641509434,58.816,0.318,5.853,28.059,0.226,0.002,0.024,0.007,0.05,2.223,118.696583333333,0.9,2.7,198,91451,1.1
"V7G","North Vancouver",0.11,0.12,0.06,0.1,0.12,0.25,84.5,0.57,0.48,0.56,1.51,0.3,4,53,10.5,4.5,6.5,1.6,20.9,5.4,5.6,4.9,2.5,16.3,105,101,164,1.4,13832,3391,1477,719,381,1182,380,677,1458360,25144.13793,830.529411764706,2652.70588235294,43.6588235294118,47.1058823529412,76.7647058823529,2.64705882352941,248.529411764706,54600,137588.235294118,5.8,0.366294117647059,720.588235294118,32.6470588235294,784.705882352941,7.14705882352941,16.6846153846154,605.588235294118,672.058823529412,733.529411764706,641.764705882353,354.411764705882,426.176470588235,56.941,0.393,5.586,25.431,0.151,0.003,0.01,0.004,0.036,0.29,151.669666666667,0.8,2.7,198,61515,0.600000000000001
"V7H","North Vancouver",0.11,0.12,0.06,0.1,0.12,0.25,84.5,0.57,0.48,0.56,1.51,0.3,4,53,10.5,4.5,6.5,1.6,20.9,5.4,5.6,4.9,2.5,16.3,105,101,164,1.4,13832,3391,1477,719,381,1182,380,677,1458360,25144.13793,677.066666666667,2182.83333333333,43.3,45.7066666666667,44.6666666666667,2.77333333333333,206,52342.8571428571,136392.857142857,6.55714285714286,0.337857142857143,590.666666666667,10.3333333333333,648,7.26666666666667,25.9333333333333,457.333333333333,495.333333333333,604.333333333333,506.333333333333,271.666666666667,343.333333333333,57.97,0.382,5.634,25.848,0.149,0.001,0.03,0.004,0.044,1.949,147.334083333333,0.8,2.7,198,61515,0.600000000000001
"V7J","North Vancouver",0.11,0.12,0.06,0.1,0.12,0.25,84.5,0.57,0.48,0.56,1.51,0.3,4,53,10.5,4.5,6.5,1.6,20.9,5.4,5.6,4.9,2.5,16.3,105,101,164,1.4,13832,3391,1477,719,381,1182,380,677,1458360,25144.13793,756.068965517241,2971.24137931035,41.7607142857143,43.2178571428571,71.25,2.72857142857143,251.428571428571,50369.2307692308,124138.461538462,6.89615384615385,0.338923076923077,688.214285714286,20.5357142857143,741.071428571429,6.5,29.876,518.392857142857,558.035714285714,631.607142857143,575.535714285714,338.75,414.285714285714,59.892,0.346,5.641,26.891,0.148,0.003,0.048,0.012,0.06,2.102,149.711833333333,0.8,2.7,198,61515,0.600000000000001
"V7K","North Vancouver",0.11,0.12,0.06,0.1,0.12,0.25,84.5,0.57,0.48,0.56,1.51,0.3,4,53,10.5,4.5,6.5,1.6,20.9,5.4,5.6,4.9,2.5,16.3,105,101,164,1.4,13832,3391,1477,719,381,1182,380,677,1458360,25144.13793,567.941176470588,3357.67647058824,42.4529411764706,45.5705882352941,31.1764705882353,2.97058823529412,170.882352941176,50752.9411764706,143029.411764706,5.37058823529412,0.357647058823529,483.529411764706,6.47058823529412,538.823529411765,7.48823529411765,9.84666666666667,362.941176470588,395,496.176470588235,411.764705882353,238.235294117647,282.352941176471,57.444,0.413,5.125,26.291,0.137,0,0.034,0.013,0.065,0.844,159.213583333333,0.8,2.7,198,61515,0.600000000000001
"V7L","North Vancouver",0.11,0.12,0.06,0.1,0.12,0.25,84.5,0.57,0.48,0.56,1.51,0.3,4,53,10.5,4.5,6.5,1.6,20.9,5.4,5.6,4.9,2.5,16.3,105,101,164,1.4,13832,3391,1477,719,381,1182,380,677,2342700,43383.33333,763.652173913043,9501.49782608696,43.1,43.0260869565217,144.45652173913,2.22608695652174,296.195652173913,47478.2608695652,96126.0869565217,11.054347826087,0.351782608695652,676.413043478261,14.0217391304348,743.260869565217,5.02173913043478,39.0804347826087,455.760869565217,514.021739130435,615.108695652174,609.130434782609,364.130434782609,426.521739130435,59.365,0.329,5.726,28.072,0.029,0.002,0.063,0.05,0.106,6.346,144.504083333333,0.8,2.7,198,61515,0.600000000000001
"V7M","North Vancouver",0.11,0.12,0.06,0.1,0.12,0.25,84.5,0.57,0.48,0.56,1.51,0.3,4,53,10.5,4.5,6.5,1.6,20.9,5.4,5.6,4.9,2.5,16.3,105,101,164,1.4,13832,3391,1477,719,381,1182,380,677,2342700,43383.33333,723.833333333333,9702.65,42.6291666666667,42.65,128.541666666667,2.25833333333333,294.791666666667,43625,88075,10.9291666666667,0.337,645,31.25,669.791666666667,4.77916666666667,37.804347826087,384.791666666667,417.916666666667,588.75,564.166666666667,344.791666666667,406.458333333333,61.773,0.268,5.798,27.877,0.045,0.007,0.084,0.069,0.093,6.752,143.337166666667,0.8,2.7,198,61515,0.600000000000001
"V7N","North Vancouver",0.11,0.12,0.06,0.1,0.12,0.25,84.5,0.57,0.48,0.56,1.51,0.3,4,53,10.5,4.5,6.5,1.6,20.9,5.4,5.6,4.9,2.5,16.3,105,101,164,1.4,13832,3391,1477,719,381,1182,380,677,1458360,25144.13793,547.066666666667,3289.37,43.8366666666667,46.31,42.5,2.72,178.833333333333,47720,124846.666666667,7.64666666666667,0.388233333333333,474.166666666667,6,531.333333333333,7.02666666666667,31.2379310344828,334.833333333333,362.833333333333,477.833333333333,422.333333333333,228,273.166666666667,58.245,0.404,5.2,26.607,0.114,0.001,0.044,0.023,0.103,0.936,152.436166666667,0.8,2.7,198,61515,0.600000000000001
"V7P","West Vancouver",0.13,0.13,0.05,0.12,0.14,0.28,86.1,0.48,0.56,0.47,0.42,0.05,1,60,8.9,4,5.4,1.5,18.1,5,5.3,4,2.3,14.8,148,78,132,1.5,5640,1785,514,243,198,481,207,240,1381280,24232.98246,737.388888888889,7520.32222222222,43.7166666666667,45,100.277777777778,2.45555555555556,287.5,42022.2222222222,95922.2222222222,12.7777777777778,0.375,654.722222222222,63.6111111111111,667.777777777778,5.38333333333333,35.5,380.277777777778,426.388888888889,621.666666666667,564.722222222222,315.833333333333,358.611111111111,61.073,0.308,5.878,27.354,0.141,0.003,0.09,0.021,0.048,6.154,142.11825,0.8,2.7,198,16513,-2.3
"V7R","North Vancouver",0.11,0.12,0.06,0.1,0.12,0.25,84.5,0.57,0.48,0.56,1.51,0.3,4,53,10.5,4.5,6.5,1.6,20.9,5.4,5.6,4.9,2.5,16.3,105,101,164,1.4,13832,3391,1477,719,381,1182,380,677,1381280,24232.98246,622.04,2369.368,42.576,45.456,31.8,2.956,179.4,49312,149040,8.376,0.44384,533,3.6,611.2,7.908,29.647619047619,380.2,408.6,548.8,466.8,260.2,296,57.713,0.389,5.346,26.51,0.164,0.003,0.042,0.011,0.037,1.117,150.417666666667,0.8,2.7,198,61515,0.600000000000001
"V7S","West Vancouver",0.13,0.13,0.05,0.12,0.14,0.28,86.1,0.48,0.56,0.47,0.42,0.05,1,60,8.9,4,5.4,1.5,18.1,5,5.3,4,2.3,14.8,148,78,132,1.5,5640,1785,514,243,198,481,207,240,1381280,24232.98246,595.227272727273,1047.9,43.2636363636364,46.1636363636364,41.5909090909091,2.89090909090909,183.181818181818,40772.7272727273,121863.636363636,17.1363636363636,0.543136363636364,507.272727272727,3.40909090909091,590.681818181818,8.00909090909091,53.155,247.954545454545,235,515.227272727273,462.954545454545,237.272727272727,238.636363636364,58.61,0.462,5.128,25.052,0.121,0,0.031,0.004,0.022,1.566,150.084416666667,0.8,2.7,198,16513,-2.3
"V7T","West Vancouver",0.11,0.12,0.06,0.1,0.12,0.25,84.5,0.57,0.48,0.56,1.51,0.3,4,53,10.5,4.5,6.5,1.6,20.9,5.4,5.6,4.9,2.5,16.3,105,101,164,1.4,13832,3391,1477,719,381,1182,380,677,1381280,24232.98246,556.473684210526,5267.72631578947,51.3631578947369,54.4263157894737,95.2631578947368,2.28947368421053,225.526315789474,40277.7777777778,92450,16.5777777777778,0.459611111111111,462.894736842105,4.73684210526316,530,5.57368421052632,49.1058823529412,251.842105263158,297.368421052632,455.526315789474,431.842105263158,203.421052631579,225,60.037,0.381,5.573,26.428,0.106,0.003,0.076,0.018,0.037,4.619,141.284333333333,0.8,2.7,198,61515,0.600000000000001
"V7V","West Vancouver",0.13,0.13,0.05,0.12,0.14,0.28,86.1,0.48,0.56,0.47,0.42,0.05,1,60,8.9,4,5.4,1.5,18.1,5,5.3,4,2.3,14.8,148,78,132,1.5,5640,1785,514,243,198,481,207,240,1650688,22612.16438,480.583333333333,2926.4625,48.4958333333333,52.4,67.7083333333333,2.52083333333333,173.75,48354.1666666667,130725,15.3166666666667,0.540875,408.75,0.833333333333333,469.791666666667,7.15416666666667,40.7454545454545,262.5,311.25,401.458333333333,374.791666666667,172.291666666667,180.625,59.255,0.426,5.13,25.685,0.124,0.002,0.04,0.02,0.048,2.033,139.743666666667,0.8,2.7,198,16513,-2.3
"V7W","West Vancouver",0.13,0.13,0.05,0.12,0.14,0.28,86.1,0.48,0.56,0.47,0.42,0.05,1,60,8.9,4,5.4,1.5,18.1,5,5.3,4,2.3,14.8,148,78,132,1.5,5640,1785,514,243,198,481,207,240,1235980,33404.86486,565,2680.16111111111,44.725,48.8625,46.5625,2.65625,184.0625,54133.3333333333,148973.333333333,12.56,0.501066666666667,543.4375,1.875,625,7.5,25.9454545454545,371.875,432.1875,527.1875,499.375,253.125,285.9375,59.753,0.465,5.159,22.42,0.079,0.002,0.005,0.004,0.034,2.437,137.78925,0.9,2.7,198,62980,1.6
"V7X","Vancouver",0.2,0.15,0.09,0.14,0.17,0.36,84.2,0.85,1.09,0.82,0.7,0.25,3,61,10.9,5.1,8,1.8,21.4,5.5,5.6,5.6,3,16.5,136,235,176,1.4,48204,4977,6632,3259,1606,5108,1990,3294,1807971,37368.70407,1004.93350383632,17738.4526526163,41.1652173913043,39.6428571428571,157.245535714286,2.3015625,402.370923913043,45820.2597402597,81799.4623655914,14.7991847826087,0.366713315217391,770,17.9084321475626,862.323369565217,4.2640625,39.1609375,464.402173913043,469.196617336152,651.327075098814,659.211956521739,422.032355915066,445.766715116279,62.412,0.2505,6.0105,27.9745,0.247,0.014,0.1555,0.043,0.0635,4.8055,141.942708333333,0.9,2.7,198,47337.5,1.7
"V7Y","Vancouver",0.2,0.15,0.09,0.14,0.17,0.36,84.2,0.85,1.09,0.82,0.7,0.25,3,61,10.9,5.1,8,1.8,21.4,5.5,5.6,5.6,3,16.5,136,235,176,1.4,48204,4977,6632,3259,1606,5108,1990,3294,1807971,37368.70407,1004.93350383632,17738.4526526163,41.1652173913043,39.6428571428571,157.245535714286,2.3015625,402.370923913043,45820.2597402597,81799.4623655914,14.7991847826087,0.366713315217391,770,17.9084321475626,862.323369565217,4.2640625,39.1609375,464.402173913043,469.196617336152,651.327075098814,659.211956521739,422.032355915066,445.766715116279,62.412,0.2505,6.0105,27.9745,0.247,0.014,0.1555,0.043,0.0635,4.8055,141.942708333333,0.9,2.7,198,47337.5,1.7
"V7Z","Sechelt (Halfmoon Bay)",0.14,0.17,0.05,0.2,0.14,0.36,82.4,1.03,1.57,1.53,2.01,1.48,5,40,13.5,5.2,5.6,1.8,20,5.3,6.2,4.5,2.9,17.8,135,34,169,2.4,4692,1168,276,142,133,374,137,161,1965254,25522.77922,1004.93350383632,5838.91504464286,40.8280379041249,40.5,130.342490842491,2.41923076923077,383.28125,45820.2597402597,90908.8315217391,10.2579807692308,0.323661931818182,870.955882352941,29.875995101041,962.730566534914,4.9640625,31.9751488095238,531.041666666667,512.922794117647,668.156224406224,659.211956521739,386.674107142857,473.145380434783,61.9085,0.2735,5.91,28.227,0.176,0.0045,0.068,0.0265,0.041,3.8185,145.3145,0.9,2.8,198,13344,-0.5
"V8A","Powell River",0.17,0.18,0.13,0.2,0.18,0.36,80.7,1.46,2.18,1.92,0.83,1.31,3,35,13.3,8.5,7,2.3,23.7,5.1,10.4,3.8,3.1,18,192,45,131,2,2524,729,183,85,123,194,83,88,1965254,25522.77922,513.142857142857,835.711428571429,49.1264705882353,53.6441176470588,82.2058823529412,2.15294117647059,187.941176470588,36642.4242424242,67657.5757575758,12.8969696969697,0.291212121212121,484.117647058824,32.5,478.676470588235,6.39411764705882,20.5870967741935,446.617647058824,489.117647058824,453.823529411765,364.705882352941,151.764705882353,209.117647058824,59.058,0.352,4.559,24.667,0.099,0.001,0.004,0.003,0.023,0,113.405833333333,0.8,2.5,198,6652,-2
"V8B","Squamish",0.13,0.18,0.08,0.14,0.14,0.31,82.4,0.89,0.59,1.15,2.69,1,3,48,11.7,4.6,6.3,2,20.3,6.7,6.5,4.6,3.4,22,155,17,279,4.3,5112,569,501,256,82,313,75,146,1650688,22612.16438,881.545454545455,1640.25909090909,38.8380952380952,38.9904761904762,89.7619047619048,2.64285714285714,290.714285714286,50442.1052631579,114473.684210526,6.27894736842105,0.295157894736842,785.952380952381,43.8095238095238,858.095238095238,6.13809523809524,28.6111111111111,677.380952380952,748.809523809524,722.380952380952,670.714285714286,404.52380952381,527.142857142857,59.6915,0.236,5.414,26.579,0.149,0.007,0.011,0.007,0.023,1.19,140.712083333333,0.9,2.9,198,24178,2.1
"V8C","Kitimat",0.21,0.19,0.18,0.21,0.25,0.46,80,1.02,0.57,1.52,0,0.34,10,42,16.9,11.9,10.6,3.1,28.6,12.4,21.4,7.7,6.3,27.9,97,19,19,2.2,1908,252,114,104,87,105,54,62,853776,21891.69231,492.071428571429,1231.17142857143,42.4642857142857,43.8285714285714,68.9285714285714,2.26428571428571,167.142857142857,51733.3333333333,102166.666666667,6.05454545454545,0.290583333333333,458.928571428571,79.2857142857143,407.142857142857,6.78571428571429,8.82727272727273,407.5,453.571428571429,425.357142857143,320,136.785714285714,223.571428571429,59.6835,0.315,5.317,25.646,0.099,0,0.003,0.01,0.02,0,194.88,0.8,2.5,125,2120,2
"V8E","Whistler",0.13,0.18,0.08,0.14,0.14,0.31,82.4,0.89,0.59,1.15,2.69,1,3,48,11.7,4.6,6.3,2,20.3,6.7,6.5,4.6,3.4,22,155,17,279,4.3,5112,569,501,256,82,313,75,146,1650688,22612.16438,811.625,881.71875,38.2375,36.325,95.625,2.4,348.125,44975,100312.5,7.15,0.3616875,680,4.375,768.125,5.21875,34.08125,503.75,684.375,596.5625,656.25,381.5625,462.8125,59.4415,0.341,5.5685,24.011,0.15,0.013,0.006,0.001,0.063,4.223,151.347666666667,0.9,2.9,198,24178,2.1
"V8G","Thornhill",0.21,0.14,0.18,0.22,0.16,0.4,78,1.42,1.16,2.75,0.76,3.38,7,49,12.7,7.5,8.2,3.4,26.2,5.6,8,5.4,4.4,20.8,74,74,74,2.2,3758,469,249,108,67,191,71,97,853776,21891.69231,436.022727272727,848.690909090909,40.0904761904762,39.8857142857143,53.0952380952381,2.48809523809524,159.166666666667,45082.9268292683,94190.243902439,9.64878048780488,0.282292682926829,423.214285714286,115.714285714286,336.071428571429,6.54285714285714,13.0875,405.238095238095,419.642857142857,388.928571428571,293.690476190476,146.547619047619,230.952380952381,59.289,0.343,5.888,25.056,0.1,0.001,0.006,0.007,0.03,0,131.084,0.8,2.5,125,538,14.9
"V8J","Prince Rupert",0.28,0.21,0.28,0.19,0.25,0.5,78.6,1.5,1.02,2.87,0.31,3.63,15,43,12,5.4,8.9,3.2,28.5,6,6.4,7.3,5.4,25.2,133,28,84,2.5,2750,309,128,80,37,139,64,91,728576,18681.4359,398.225806451613,2076.93793103448,40.8827586206897,40.5724137931035,55.6896551724138,2.40344827586207,163.275862068966,45771.4285714286,99621.4285714286,9.41481481481482,0.308392857142857,401.724137931034,156.724137931034,268.793103448276,6.25172413793103,13.3642857142857,356.379310344828,357.413793103448,366.034482758621,258.965517241379,118.275862068966,212.241379310345,59.9345,0.206,4.299,24.384,0.119,0.002,0.009,0.01,0.018,0,176.684166666667,0.7,2.1,125,4142,4
"V8K","Salt Spring Island",0.16,0.18,0.13,0.19,0.19,0.35,82,1.1,0.63,1.48,1.13,1.73,2,51,13.1,10.3,7.3,1.9,23,5.5,12.6,5,3.2,17.6,118,84,141,1.8,7872,1807,572,285,385,557,231,307,1848820,22274.93976,1057.72727272727,122.481818181818,51.2181818181818,55.9727272727273,145,2.20909090909091,374.090909090909,37454.5454545455,75754.5454545455,13.4909090909091,0.388818181818182,913.181818181818,37.2727272727273,977.727272727273,6.09090909090909,40.1727272727273,794.545454545455,965.454545454546,903.636363636364,819.090909090909,338.181818181818,477.727272727273,60.0155,0.553,5.517,20.688,0.024,0.004,0.002,0.003,0.012,0,100.726416666667,0.8,2.6,198,6968,-3.8
"V8L","North Saanich",0.07,0.12,0.06,0.11,0.11,0.2,84.4,0.67,0.43,0.89,0.26,0.17,2,62,11.9,3.5,6.1,1.4,21.2,5.4,3.8,4.7,2.5,18.1,148,68,145,1.8,7690,2594,735,282,184,745,302,367,1848820,22274.93976,579.720930232558,1822.1976744186,52.346511627907,56.8,76.7441860465116,2.28837209302326,183.488372093023,47447.619047619,99030.9523809524,7.07142857142857,0.314642857142857,520,24.7674418604651,536.976744186047,6.75581395348837,23.8485714285714,453.255813953488,523.837209302326,499.302325581395,451.627906976744,172.906976744186,244.651162790698,58.903,0.385,5.941,25.593,0.142,0.005,0.008,0.004,0.046,2.025,93.00875,0.8,2.6,198,25175,-1.8
"V8M","North Saanich",0.07,0.12,0.06,0.11,0.11,0.2,84.4,0.67,0.43,0.89,0.26,0.17,2,62,11.9,3.5,6.1,1.4,21.2,5.4,3.8,4.7,2.5,18.1,148,68,145,1.8,7690,2594,735,282,184,745,302,367,1848820,22274.93976,645.870967741935,1261.55483870968,47.0193548387097,50.2,73.2258064516129,2.46451612903226,209.032258064516,47967.7419354839,103367.741935484,6.79333333333333,0.289967741935484,585,59.1935483870968,574.354838709677,6.84838709677419,17.82,533.387096774194,589.354838709677,574.032258064516,474.032258064516,210.645161290323,308.548387096774,59.289,0.401,5.959,25.855,0.131,0.002,0.006,0.002,0.043,0.396,93.58975,0.8,2.6,198,25175,-1.8
"V8N","Victoria",0.07,0.12,0.06,0.11,0.11,0.2,84.4,0.67,0.43,0.89,0.26,0.17,2,62,11.9,3.5,6.1,1.4,21.2,5.4,3.8,4.7,2.5,18.1,148,68,145,1.8,7690,2594,735,282,184,745,302,367,1249086.23,27757.47178,586.803921568627,2306.00392156863,44.5725490196078,45.4960784313726,49.4117647058824,2.63333333333333,226.764705882353,44214,108076,8.962,0.3271,506.666666666667,12.0588235294118,559.117647058824,7.14901960784314,35.1914893617021,387.254901960784,391.764705882353,487.156862745098,447.254901960784,207.745098039216,262.549019607843,58.903,0.423,5.806,25.079,0.15,0.001,0.032,0.022,0.066,1.706,93.52775,0.8,2.6,198,92643,2
"V8P","Victoria",0.07,0.12,0.06,0.11,0.11,0.2,84.4,0.67,0.43,0.89,0.26,0.17,2,62,11.9,3.5,6.1,1.4,21.2,5.4,3.8,4.7,2.5,18.1,148,68,145,1.8,7690,2594,735,282,184,745,302,367,2751436,41066.20896,617.666666666667,2832.72,43.7566666666667,43.28,79.6666666666667,2.34333333333333,254.833333333333,43600,92210,8.75333333333333,0.299866666666667,532,20.6666666666667,583.333333333333,6.31333333333333,36.7857142857143,470.333333333333,479.5,490.666666666667,475.5,231.166666666667,312.333333333333,59.058,0.427,5.778,26.209,0.149,0.002,0.052,0.038,0.061,1.794,94.0258333333333,0.8,2.6,198,92643,2
"V8R","Victoria",0.07,0.12,0.06,0.11,0.11,0.2,84.4,0.67,0.43,0.89,0.26,0.17,2,62,11.9,3.5,6.1,1.4,21.2,5.4,3.8,4.7,2.5,18.1,148,68,145,1.8,7690,2594,735,282,184,745,302,367,1249086.23,27757.47178,561.659574468085,4119.01489361702,44.5787234042553,45.5170212765957,92.1276595744681,2.22340425531915,229.36170212766,47804.2553191489,95353.1914893617,8.97872340425532,0.330297872340426,477.127659574468,18.6170212765957,524.468085106383,5.98510638297872,35.4444444444444,421.595744680851,455.531914893617,459.468085106383,433.829787234043,227.978723404255,286.702127659574,58.903,0.406,5.791,26.137,0.169,0.003,0.055,0.048,0.124,1.579,94.38525,0.8,2.6,198,92643,2
"V8S","Victoria",0.11,0.15,0.06,0.14,0.13,0.28,82.4,1.01,1.09,1.14,1.15,0.3,5,53,12.1,5.1,6.8,1.6,20.7,6.1,6.4,4.9,3,16.7,183,174,239,1.7,26994,6564,2854,1133,743,1946,897,1067,1249086.23,27757.47178,556.757575757576,3710.82727272727,48.1333333333333,50.6878787878788,97.1212121212121,2.13939393939394,209.393939393939,51557.5757575758,99827.2727272727,8.46060606060606,0.364484848484848,451.212121212121,12.7272727272727,532.272727272727,6.27272727272727,42.248275862069,430.757575757576,485.909090909091,474.545454545455,451.212121212121,221.212121212121,272.272727272727,58.903,0.442,5.867,24.589,0.164,0.003,0.049,0.041,0.087,1.642,94.8501666666667,0.8,2.6,198,92643,2
"V8T","Victoria",0.11,0.15,0.06,0.14,0.13,0.28,82.4,1.01,1.09,1.14,1.15,0.3,5,53,12.1,5.1,6.8,1.6,20.7,6.1,6.4,4.9,3,16.7,183,174,239,1.7,26994,6564,2854,1133,743,1946,897,1067,2751436,41066.20896,598.594594594595,5850.7,41.8918918918919,40.4864864864865,144.324324324324,1.8972972972973,313.378378378378,39318.9189189189,63045.9459459459,16.4891891891892,0.297972972972973,505.27027027027,33.3783783783784,520.540540540541,4.25945945945946,39.3243243243243,421.486486486486,431.216216216216,440,430.810810810811,236.351351351351,315.540540540541,61.552,0.277,5.876,29.013,0.214,0.005,0.082,0.044,0.156,4.341,94.7266666666667,0.8,2.6,198,92643,2
"V8V","Victoria",0.11,0.15,0.06,0.14,0.13,0.28,82.4,1.01,1.09,1.14,1.15,0.3,5,53,12.1,5.1,6.8,1.6,20.7,6.1,6.4,4.9,3,16.7,183,174,239,1.7,26994,6564,2854,1133,743,1946,897,1067,3969702,40507.16327,706.166666666667,8636.5,48.9166666666667,49.5666666666667,237.261904761905,1.64761904761905,363.690476190476,43857.1428571429,65950,13.9738095238095,0.335666666666667,587.619047619048,31.7857142857143,636.666666666667,4.07619047619048,44.85,513.214285714286,580.833333333333,524.880952380952,581.904761904762,300.595238095238,369.047619047619,61.6135,0.317,5.944,26.365,0.237,0.008,0.067,0.045,0.123,4.985,95.3029166666667,0.8,2.6,198,92643,2
"V8W","Victoria",0.11,0.15,0.06,0.14,0.13,0.28,82.4,1.01,1.09,1.14,1.15,0.3,5,53,12.1,5.1,6.8,1.6,20.7,6.1,6.4,4.9,3,16.7,183,174,239,1.7,26994,6564,2854,1133,743,1946,897,1067,3969702,40507.16327,936,6685.36666666667,41.7666666666667,37.7333333333333,366.666666666667,1.43333333333333,593.333333333333,43866.6666666667,57866.6666666667,19.9333333333333,0.387,710,31.6666666666667,775,2.86666666666667,45.8666666666667,588.333333333333,605,495,730,446.666666666667,571.666666666667,62.9165,0.105,5.965,29.562,0.391,0.032,0.12,0.069,0.188,9.118,95.0664166666667,0.8,2.6,198,92643,2
"V8X","Victoria",0.07,0.12,0.06,0.11,0.11,0.2,84.4,0.67,0.43,0.89,0.26,0.17,2,62,11.9,3.5,6.1,1.4,21.2,5.4,3.8,4.7,2.5,18.1,148,68,145,1.8,7690,2594,735,282,184,745,302,367,2004920,27093.51351,586.888888888889,3329.47222222222,44.3222222222222,45.1472222222222,82.2222222222222,2.35555555555556,231.388888888889,46533.3333333333,96466.6666666667,8.29166666666667,0.283833333333333,522.361111111111,21.5277777777778,555.555555555556,6.11944444444444,27.640625,424.166666666667,423.472222222222,497.5,446.944444444444,222.916666666667,314.027777777778,58.903,0.408,5.828,26.24,0.15,0.002,0.053,0.014,0.1,2.207,94.1645,0.8,2.6,198,25175,-1.8
"V8Y","Victoria",0.07,0.12,0.06,0.11,0.11,0.2,84.4,0.67,0.43,0.89,0.26,0.17,2,62,11.9,3.5,6.1,1.4,21.2,5.4,3.8,4.7,2.5,18.1,148,68,145,1.8,7690,2594,735,282,184,745,302,367,2004920,27093.51351,722.538461538462,1470.65384615385,50.5846153846154,55.4846153846154,68.8461538461538,2.44615384615385,217.307692307692,53607.6923076923,119769.230769231,5.53333333333333,0.334230769230769,643.846153846154,13.4615384615385,680,7.31538461538462,20.5818181818182,518.076923076923,551.538461538462,623.076923076923,556.923076923077,244.615384615385,308.461538461538,58.971,0.459,5.913,24.06,0.139,0.001,0.015,0.004,0.066,2.197,93.9259166666667,0.8,2.6,198,25175,-1.8
"V8Z","Victoria",0.07,0.12,0.06,0.11,0.11,0.2,84.4,0.67,0.43,0.89,0.26,0.17,2,62,11.9,3.5,6.1,1.4,21.2,5.4,3.8,4.7,2.5,18.1,148,68,145,1.8,7690,2594,735,282,184,745,302,367,2004920,27093.51351,694.880952380952,2499.32857142857,41.9428571428571,42.2380952380952,72.7380952380952,2.52142857142857,263.928571428571,44523.8095238095,94571.4285714286,7.42380952380952,0.262571428571429,622.619047619048,31.1904761904762,638.095238095238,6.2547619047619,25.7825,529.404761904762,515.238095238095,590.238095238095,494.404761904762,248.095238095238,359.047619047619,59.058,0.382,5.907,26.564,0.143,0.001,0.045,0.01,0.056,2.036,94.5683333333333,0.8,2.5,198,25175,-1.8
"V9A","Victoria",0.11,0.15,0.06,0.14,0.13,0.28,82.4,1.01,1.09,1.14,1.15,0.3,5,53,12.1,5.1,6.8,1.6,20.7,6.1,6.4,4.9,3,16.7,183,174,239,1.7,26994,6564,2854,1133,743,1946,897,1067,993900,23664.28571,600.876923076923,4125.34769230769,44.1453125,44.434375,120.859375,2.0734375,258.75,44911.4754098361,78816.393442623,9.75901639344262,0.279540983606557,529.0625,40.859375,552.421875,5.1375,34.3771929824561,492.96875,517.734375,502.890625,457.03125,232.890625,314.453125,59.058,0.339,5.942,25.942,0.159,0.003,0.058,0.012,0.115,2.676,95.4005,0.8,2.5,198,92643,2
"V9B","Victoria",0.1,0.15,0.07,0.14,0.13,0.27,83.1,1.02,0.81,1.03,1.61,0.71,3,55,13.1,5.9,7.8,1.8,23,6.7,8.2,6.1,3.1,20.8,76,15,120,1.7,6326,1730,952,450,252,714,190,395,1150885,23976.77083,1342.3,2309.3125,41.125641025641,41.3846153846154,155.25641025641,2.43846153846154,476.923076923077,47076.9230769231,95474.358974359,6.95897435897436,0.266461538461538,1260.25641025641,78.7179487179487,1264.87179487179,5.94871794871795,28.8153846153846,1116.92307692308,1139.23076923077,1077.4358974359,973.205128205128,507.179487179487,750,60.6905,0.365,5.868,26.057,0.129,0.002,0.023,0.017,0.047,2.42,97.8085833333333,0.8,2.6,198,75054,1.6
"V9C","Victoria",0.1,0.15,0.07,0.14,0.13,0.27,83.1,1.02,0.81,1.03,1.61,0.71,3,55,13.1,5.9,7.8,1.8,23,6.7,8.2,6.1,3.1,20.8,76,15,120,1.7,6326,1730,952,450,252,714,190,395,993900,23664.28571,801.322580645161,1258.99677419355,41.9966666666667,43.8733333333333,61.1666666666667,2.60666666666667,239.166666666667,49773.3333333333,105466.666666667,5.06428571428571,0.259666666666667,752.333333333333,40.5,772,6.96333333333333,21.25,704.333333333333,739.333333333333,708.666666666667,584.5,287.333333333333,427.833333333333,59.3085,0.411,5.904,25.136,0.101,0.001,0.014,0.003,0.032,0.341,98.80975,0.8,2.5,198,75054,1.6
"V9E","Victoria",0.1,0.15,0.07,0.14,0.13,0.27,83.1,1.02,0.81,1.03,1.61,0.71,3,55,13.1,5.9,7.8,1.8,23,6.7,8.2,6.1,3.1,20.8,76,15,120,1.7,6326,1730,952,450,252,714,190,395,2004920,27093.51351,793.142857142857,394.292857142857,46.1714285714286,49.7142857142857,59.6428571428571,2.57857142857143,224.642857142857,50000,113857.142857143,5.14285714285714,0.320142857142857,722.5,33.2142857142857,760.714285714286,7.27857142857143,9.92142857142857,675,726.071428571429,699.285714285714,597.142857142857,289.285714285714,414.285714285714,59.3085,0.573,5.942,21.752,0.027,0,0.012,0.003,0.017,0.093,95.2670833333334,0.8,2.6,198,75054,1.6
"V9G","Ladysmith",0.12,0.21,0.1,0.12,0.2,0.36,80.7,1.07,0.94,1.86,0.6,2.09,1,53,15.2,7.4,7.2,1.9,23.1,8.3,9,6.3,2.7,15.3,114,22,65,1.5,2394,723,193,131,115,195,81,140,1439280,22488.75,614.545454545455,853.5,46.9619047619048,50.1809523809524,72.8571428571429,2.4952380952381,209.761904761905,39300,79670,10.585,0.2814,600.47619047619,86.9047619047619,544.52380952381,6.63333333333333,15.8947368421053,559.52380952381,609.047619047619,564.52380952381,444.761904761905,186.666666666667,266.666666666667,59.289,0.421,5.607,24.819,0.077,0.006,0.004,0.003,0.048,0.648,111.688833333333,0.8,2.6,198,8748,-8
"V9H","Campbell River",0.08,0.14,0.09,0.13,0.12,0.28,79.8,1.4,1.5,1.85,0.7,2.21,5,48,14.2,8.2,8.2,2.4,22.6,8.1,13.6,6.8,4.2,18.9,164,70,132,2.2,5038,1268,439,298,304,453,205,292,1690785,21134.8125,504.153846153846,313.380769230769,46.1526315789474,50.3789473684211,52.8947368421053,2.42105263157895,185,42258.8235294118,90500,8.46470588235294,0.298294117647059,642.105263157895,55.5263157894737,620,6.56315789473684,20.6181818181818,608.157894736842,647.894736842105,594.473684210526,474.736842105263,216.578947368421,302.894736842105,59.7865,0.444,5.6,26.419,0.082,0,0.003,0.002,0.042,0.153,143.768583333333,0.8,2.5,198,20673,0.199999999999996
"V9J","Courtenay",0.17,0.23,0.11,0.21,0.21,0.4,82.3,1.13,1.1,1.21,0.58,0.96,3,49,12.4,6.1,5.9,1.9,21.6,4.7,7,4.9,3.2,19.9,156,91,190,1.8,7616,2243,658,275,271,784,283,371,1690785,21134.8125,593.785714285714,160.842857142857,48.7,53.7230769230769,63.0769230769231,2.36153846153846,177.692307692308,40769.2307692308,86923.0769230769,9.64615384615385,0.311615384615385,581.538461538462,46.1538461538462,597.307692307692,6.76923076923077,10.5769230769231,571.538461538462,625,577.692307692308,467.692307692308,199.230769230769,278.461538461538,59.289,0.564,5.829,23.017,0.027,0,0.002,0.001,0.013,0.004,138.916,0.8,2.5,198,33611,-2.2
"V9K","Qualicum Beach",0.13,0.21,0.12,0.19,0.16,0.37,82.8,0.95,0.64,1.09,1.35,0.89,3,43,12.8,5.5,6.4,1.7,21.2,6.5,7,4.9,2.6,19.6,88,9,123,1.7,5692,1962,465,271,261,675,241,299,1715205,24157.8169,604.833333333333,469.829166666667,54.1166666666667,59.325,77.7083333333333,2.1375,194.166666666667,38886.9565217391,76995.652173913,11.0217391304348,0.312260869565217,552.291666666667,28.5416666666667,544.791666666667,6.3875,26.0571428571429,478.333333333333,558.958333333333,515,440.625,152.708333333333,210.833333333333,59.058,0.412,5.178,24.784,0.107,0.002,0.003,0.004,0.017,0.187,122.909333333333,0.8,2.5,198,23172,0.399999999999999
"V9L","Duncan",0.16,0.18,0.13,0.19,0.19,0.35,82,1.1,0.63,1.48,1.13,1.73,2,51,13.1,10.3,7.3,1.9,23,5.5,12.6,5,3.2,17.6,118,84,141,1.8,7872,1807,572,285,385,557,231,307,1439280,22488.75,577.918032786885,1123.7,46.3155172413793,48.8068965517241,75.6896551724138,2.38793103448276,226.379310344828,38377.7777777778,78440.7407407407,12.5537037037037,0.283574074074074,561.379310344828,97.5862068965517,495.689655172414,6.38103448275862,28.0727272727273,517.931034482759,548.448275862069,519.396551724138,395.775862068966,163.534482758621,265.431034482759,59.058,0.383,5.993,27.519,0.111,0.004,0.009,0.009,0.057,0.213,102.913583333333,0.8,2.6,198,2415,6.5
"V9M","Comox",0.17,0.23,0.11,0.21,0.21,0.4,82.3,1.13,1.1,1.21,0.58,0.96,3,49,12.4,6.1,5.9,1.9,21.6,4.7,7,4.9,3.2,19.9,156,91,190,1.8,7616,2243,658,275,271,784,283,371,2395130,26911.57303,551.15625,1365.73125,48.565625,52.321875,68.75,2.3125,180,43586.6666666667,85653.3333333333,7.55172413793103,0.2798,476.71875,36.5625,494.53125,6.784375,28.6409090909091,469.21875,513.59375,472.03125,403.28125,172.5,227.65625,59.555,0.42,6.003,27.02,0.117,0.004,0.01,0.011,0.044,0.751,132.519416666667,0.8,2.5,198,33611,-2.2
"V9N","Courtenay",0.17,0.23,0.11,0.21,0.21,0.4,82.3,1.13,1.1,1.21,0.58,0.96,3,49,12.4,6.1,5.9,1.9,21.6,4.7,7,4.9,3.2,19.9,156,91,190,1.8,7616,2243,658,275,271,784,283,371,1715205,24157.8169,658.603773584906,1508.99811320755,45.5943396226415,47.2150943396226,92.5471698113207,2.24150943396226,241.603773584906,39082.3529411765,75652.9411764706,11.6627450980392,0.279960784313726,591.509433962264,49.7169811320755,587.264150943396,6.06981132075472,35.2777777777778,552.924528301887,594.622641509434,547.075471698113,456.603773584906,198.11320754717,287.547169811321,59.827,0.367,6.175,28.293,0.127,0.005,0.014,0.008,0.08,0.829,136.612666666667,0.8,2.5,198,33611,-2.2
"V9P","Parksville",0.13,0.21,0.12,0.19,0.16,0.37,82.8,0.95,0.64,1.09,1.35,0.89,3,43,12.8,5.5,6.4,1.7,21.2,6.5,7,4.9,2.6,19.6,88,9,123,1.7,5692,1962,465,271,261,675,241,299,616520,15037.07317,626.957446808511,1101.58936170213,55.7106382978723,61.5,84.3617021276596,2.08510638297872,185.851063829787,39995.7446808511,78395.7446808511,9.55744680851064,0.30036170212766,584.574468085106,22.4468085106383,588.617021276596,6.30425531914894,27.8114285714286,510.31914893617,587.978723404255,537.978723404255,478.085106382979,160.851063829787,216.382978723404,58.903,0.358,5.231,25.58,0.112,0.002,0.005,0.003,0.032,0.381,116.22075,0.8,2.6,198,23172,0.399999999999999
"V9R","Nanaimo",0.13,0.18,0.1,0.18,0.16,0.34,81,1.26,1.59,1.61,1.42,1.45,4,53,13.4,6.6,7.4,1.9,20.9,6,8.6,5.7,3.4,16.7,146,111,140,1.9,11466,3347,1131,583,504,1021,465,631,1439280,22488.75,603.16,1876.106,42.7857142857143,42.8979591836735,90.3061224489796,2.30408163265306,264.69387755102,36791.8367346939,70785.7142857143,14.1734693877551,0.287816326530612,560.30612244898,78.9795918367347,514.081632653061,5.78571428571429,36.3468085106383,503.469387755102,522.959183673469,498.061224489796,408.163265306122,190.510204081633,279.489795918367,59.058,0.34,5.417,27.373,0.109,0.002,0.019,0.008,0.099,2.057,111.697083333333,0.8,2.6,198,57909,-2.2
"V9S","Nanaimo",0.13,0.18,0.1,0.18,0.16,0.34,81,1.26,1.59,1.61,1.42,1.45,4,53,13.4,6.6,7.4,1.9,20.9,6,8.6,5.7,3.4,16.7,146,111,140,1.9,11466,3347,1131,583,504,1021,465,631,2981898,36813.55556,609.861111111111,2357.43333333333,45.6361111111111,46.0472222222222,113.611111111111,2.16285714285714,277.361111111111,39308.5714285714,72074.2857142857,12.6257142857143,0.2872,554.027777777778,53,543.142857142857,5.77428571428571,35.9794117647059,496,522.571428571429,490.714285714286,438.714285714286,204.714285714286,290.571428571429,59.058,0.341,5.352,27.524,0.113,0.001,0.021,0.036,0.079,2.654,109.828833333333,0.8,2.6,198,57909,-2.2
"V9T","Nanaimo",0.13,0.18,0.1,0.18,0.16,0.34,81,1.26,1.59,1.61,1.42,1.45,4,53,13.4,6.6,7.4,1.9,20.9,6,8.6,5.7,3.4,16.7,146,111,140,1.9,11466,3347,1131,583,504,1021,465,631,616520,15037.07317,744.565217391304,1655.99782608696,45.0755555555556,46.6044444444444,80.4444444444444,2.40222222222222,253.444444444444,42972.7272727273,88475,8.32954545454546,0.280636363636364,695.222222222222,46,690.666666666667,6.69555555555556,22.4452380952381,610,643.555555555556,622.111111111111,538.777777777778,246.111111111111,352,59.3745,0.359,5.101,25.364,0.105,0.001,0.016,0.004,0.068,0.92,110.823333333333,0.8,2.6,198,57909,-2.2
"V9V","Nanaimo",0.13,0.18,0.1,0.18,0.16,0.34,81,1.26,1.59,1.61,1.42,1.45,4,53,13.4,6.6,7.4,1.9,20.9,6,8.6,5.7,3.4,16.7,146,111,140,1.9,11466,3347,1131,583,504,1021,465,631,2981898,36813.55556,565.954545454545,2191.38181818182,48.45,52.5181818181818,60.6818181818182,2.43181818181818,183.636363636364,42763.6363636364,93818.1818181818,8.26818181818182,0.2945,515.454545454545,24.3181818181818,529.545454545455,7.25909090909091,19.4055555555556,413.409090909091,450.909090909091,482.5,416.363636363636,177.954545454545,238.636363636364,59.058,0.287,5.171,25.722,0.162,0,0.013,0.007,0.097,0.268,111.137916666667,0.8,2.6,198,57909,-2.2
"V9W","Campbell River",0.08,0.14,0.09,0.13,0.12,0.28,79.8,1.4,1.5,1.85,0.7,2.21,5,48,14.2,8.2,8.2,2.4,22.6,8.1,13.6,6.8,4.2,18.9,164,70,132,2.2,5038,1268,439,298,304,453,205,292,1690785,21134.8125,554,1656.14074074074,46.0611111111111,48.3222222222222,79.0740740740741,2.26481481481481,205.462962962963,39614.8148148148,77403.7037037037,10.9333333333333,0.286203703703704,508.518518518519,74.537037037037,462.037037037037,6.34814814814815,25.5204081632653,482.962962962963,511.388888888889,462.314814814815,373.703703703704,155.833333333333,238.055555555556,60.384,0.351,5.525,28.843,0.123,0.001,0.01,0.008,0.055,0.075,144.568666666667,0.8,2.5,198,20673,0.199999999999996
"V9X","Nanaimo",0.12,0.21,0.1,0.12,0.2,0.36,80.7,1.07,0.94,1.86,0.6,2.09,1,53,15.2,7.4,7.2,1.9,23.1,8.3,9,6.3,2.7,15.3,114,22,65,1.5,2394,723,193,131,115,195,81,140,1439280,22488.75,608.166666666667,415.761111111111,44.8588235294118,47.8352941176471,55.2941176470588,2.45882352941176,192.058823529412,42282.3529411765,92511.7647058824,8.02941176470588,0.289294117647059,609.411764705882,42.3529411764706,583.235294117647,6.76470588235294,11.5533333333333,574.705882352941,603.823529411765,564.411764705882,438.529411764706,200.588235294118,311.176470588235,59.058,0.467,5.485,24.416,0.038,0,0.003,0.001,0.036,0.097,110.340166666667,0.8,2.6,198,57909,-2.2
"V9Y","Port Alberni",0.16,0.14,0.12,0.18,0.15,0.32,79,1.75,1.87,2.8,0.99,1.85,5,52,13.4,7.1,9.1,2.5,23.8,6.1,9.2,7,4.2,20.8,101,54,95,2.3,5288,948,386,171,148,331,151,209,1715205,24157.8169,490.648148148148,1054.24444444444,46.2269230769231,49.0461538461538,75.6730769230769,2.225,190.096153846154,36980,69148,13.66,0.28056,475.865384615385,86.3461538461539,415.673076923077,6.50192307692308,23.4333333333333,452.884615384615,477.211538461538,432.403846153846,314.807692307692,131.826923076923,205.769230769231,59.9555,0.348,5.978,27.959,0.1,0.001,0.007,0.004,0.034,0.251,157.952583333333,0.8,2.5,198,2415,6.5
"V9Z","Sooke",0.1,0.15,0.07,0.14,0.13,0.27,83.1,1.02,0.81,1.03,1.61,0.71,3,55,13.1,5.9,7.8,1.8,23,6.7,8.2,6.1,3.1,20.8,76,15,120,1.7,6326,1730,952,450,252,714,190,395,1150885,23976.77083,697.565217391304,636.734782608696,44.2454545454545,46.7818181818182,79.3181818181818,2.45909090909091,234.545454545455,42133.3333333333,86800,9.59444444444444,0.280388888888889,662.272727272727,64.0909090909091,644.545454545455,6.34545454545455,32.1277777777778,619.545454545455,683.863636363636,626.818181818182,502.727272727273,225.227272727273,344.318181818182,59.289,0.472,5.96,23.136,0.063,0.001,0.004,0.003,0.042,0.005,78.0569166666667,0.8,2.4,198,75054,1.6
