{"type":"FeatureCollection","features":[{"type":"Feature","geometry":{"type":"Point","coordinates":[-122.7791727,53.8863535]},"properties":{"id":"k12-05757000","source":"bc_k12_schools","name":"Continuing ED SD 57","category":"school_k12","educationFacilityType":"Continuing Education School","educationLevel":"Senior Secondary","publicOrIndependent":"Public School","districtNumber":"057","districtName":"Prince George","address":"3400 Westwood Dr, Prince George, V2N1S1","designCapacityTotal":null,"hasCoreFrench":"NO","hasEarlyFrenchImmersion":"NO","hasLateFrenchImmersion":"NO","hasFrancophoneProgram":"NO"}},{"type":"Feature","geometry":{"type":"Point","coordinates":[-122.6521563,53.7943137]},"properties":{"id":"k12-05757007","source":"bc_k12_schools","name":"Buckhorn Elementary","category":"school_k12","educationFacilityType":"Standard School","educationLevel":"Elementary","publicOrIndependent":"Public School","districtNumber":"057","districtName":"Prince George","address":"5190 Buckhorn Lake Rd, Prince George, V2N6B4","designCapacityTotal":195,"hasCoreFrench":"YES","hasEarlyFrenchImmersion":"NO","hasLateFrenchImmersion":"NO","hasFrancophoneProgram":"NO"}},{"type":"Feature","geometry":{"type":"Point","coordinates":[-122.757402,53.9161314]},"properties":{"id":"k12-05757012","source":"bc_k12_schools","name":"Duchess Park Secondary","category":"school_k12","educationFacilityType":"Standard School","educationLevel":"Elementary","publicOrIndependent":"Public School","districtNumber":"057","districtName":"Prince George","address":"747 Winnipeg St, Prince George, V2L2V3","designCapacityTotal":900,"hasCoreFrench":"YES","hasEarlyFrenchImmersion":"YES","hasLateFrenchImmersion":"NO","hasFrancophoneProgram":"NO"}},{"type":"Feature","geometry":{"type":"Point","coordinates":[-122.7524398,53.9082838]},"properties":{"id":"k12-05757017","source":"bc_k12_schools","name":"Ron Brent Elementary","category":"school_k12","educationFacilityType":"Standard School","educationLevel":"Elementary","publicOrIndependent":"Public School","districtNumber":"057","districtName":"Prince George","address":"1401 17th Ave, Prince George, V2L3Z2","designCapacityTotal":295,"hasCoreFrench":"YES","hasEarlyFrenchImmersion":"NO","hasLateFrenchImmersion":"NO","hasFrancophoneProgram":"NO"}},{"type":"Feature","geometry":{"type":"Point","coordinates":[-122.6592248,53.8495804]},"properties":{"id":"k12-05757022","source":"bc_k12_schools","name":"Pineview Elementary","category":"school_k12","educationFacilityType":"Standard School","educationLevel":"Elementary","publicOrIndependent":"Public School","districtNumber":"057","districtName":"Prince George","address":"8515 Old Cariboo Hwy, Prince George, V2N5X5","designCapacityTotal":220,"hasCoreFrench":"YES","hasEarlyFrenchImmersion":"NO","hasLateFrenchImmersion":"NO","hasFrancophoneProgram":"NO"}},{"type":"Feature","geometry":{"type":"Point","coordinates":[-122.7769908,53.9135087]},"properties":{"id":"k12-05757024","source":"bc_k12_schools","name":"Harwin Elementary","category":"school_k12","educationFacilityType":"Standard School","educationLevel":"Elementary","publicOrIndependent":"Public School","districtNumber":"057","districtName":"Prince George","address":"1193 Harper St, Prince George, V2M2X1","designCapacityTotal":365,"hasCoreFrench":"YES","hasEarlyFrenchImmersion":"NO","hasLateFrenchImmersion":"NO","hasFrancophoneProgram":"NO"}},{"type":"Feature","geometry":{"type":"Point","coordinates":[-122.7797019,53.9031676]},"properties":{"id":"k12-05757036","source":"bc_k12_schools","name":"Prince George Secondary","category":"school_k12","educationFacilityType":"Standard School","educationLevel":"Elementary","publicOrIndependent":"Public School","districtNumber":"057","districtName":"Prince George","address":"2901 Griffiths Ave, Prince George, V2M2S7","designCapacityTotal":1500,"hasCoreFrench":"YES","hasEarlyFrenchImmersion":"NO","hasLateFrenchImmersion":"NO","hasFrancophoneProgram":"NO"}},{"type":"Feature","geometry":{"type":"Point","coordinates":[-122.7791721,53.8853758]},"properties":{"id":"k12-05757040","source":"bc_k12_schools","name":"Peden Hill Elementary","category":"school_k12","educationFacilityType":"Standard School","educationLevel":"Elementary","publicOrIndependent":"Public School","districtNumber":"057","districtName":"Prince George","address":"3500 Westwood Dr, Prince George, V2N1S1","designCapacityTotal":220,"hasCoreFrench":"YES","hasEarlyFrenchImmersion":"NO","hasLateFrenchImmersion":"NO","hasFrancophoneProgram":"NO"}},{"type":"Feature","geometry":{"type":"Point","coordinates":[-122.987976,54.0851105]},"properties":{"id":"k12-05757045","source":"bc_k12_schools","name":"Nukko Lake Elementary","category":"school_k12","educationFacilityType":"Standard School","educationLevel":"Elementary","publicOrIndependent":"Public School","districtNumber":"057","districtName":"Prince George","address":"23955 Chief Lake Rd, Prince George, V2K5L1","designCapacityTotal":245,"hasCoreFrench":"YES","hasEarlyFrenchImmersion":"NO","hasLateFrenchImmersion":"NO","hasFrancophoneProgram":"NO"}},{"type":"Feature","geometry":{"type":"Point","coordinates":[-122.8014408,53.9968927]},"properties":{"id":"k12-05757047","source":"bc_k12_schools","name":"Shas Ti Kelly Road Secondary","category":"school_k12","educationFacilityType":"Standard School","educationLevel":"Secondary","publicOrIndependent":"Public School","districtNumber":"057","districtName":"Prince George","address":"7405 Kelly Rd S, Prince George, V2K2J8","designCapacityTotal":900,"hasCoreFrench":"YES","hasEarlyFrenchImmersion":"NO","hasLateFrenchImmersion":"NO","hasFrancophoneProgram":"NO"}},{"type":"Feature","geometry":{"type":"Point","coordinates":[-122.8169726,53.8580175]},"properties":{"id":"k12-05757048","source":"bc_k12_schools","name":"Vanway Elementary","category":"school_k12","educationFacilityType":"Standard School","educationLevel":"Elementary","publicOrIndependent":"Public School","districtNumber":"057","districtName":"Prince George","address":"4509 Highway 16 W, Prince George, V2N5M8","designCapacityTotal":295,"hasCoreFrench":"YES","hasEarlyFrenchImmersion":"NO","hasLateFrenchImmersion":"NO","hasFrancophoneProgram":"NO"}},{"type":"Feature","geometry":{"type":"Point","coordinates":[-122.7889906,53.923274]},"properties":{"id":"k12-05757051","source":"bc_k12_schools","name":"Quinson Elementary","category":"school_k12","educationFacilityType":"Standard School","educationLevel":"Elementary","publicOrIndependent":"Public School","districtNumber":"057","districtName":"Prince George","address":"251 Ogilvie St S, Prince George, V2M3M4","designCapacityTotal":345,"hasCoreFrench":"YES","hasEarlyFrenchImmersion":"NO","hasLateFrenchImmersion":"NO","hasFrancophoneProgram":"NO"}},{"type":"Feature","geometry":{"type":"Point","coordinates":[-122.8747234,53.8305903]},"properties":{"id":"k12-05757057","source":"bc_k12_schools","name":"Beaverly Elementary","category":"school_k12","educationFacilityType":"Standard School","educationLevel":"Elementary","publicOrIndependent":"Public School","districtNumber":"057","districtName":"Prince George","address":"9777 Western Rd, Prince George, V2N6M9","designCapacityTotal":220,"hasCoreFrench":"YES","hasEarlyFrenchImmersion":"NO","hasLateFrenchImmersion":"NO","hasFrancophoneProgram":"NO"}},{"type":"Feature","geometry":{"type":"Point","coordinates":[-122.7924481,53.9158945]},"properties":{"id":"k12-05757059","source":"bc_k12_schools","name":"Spruceland Community School of the Arts","category":"school_k12","educationFacilityType":"Standard School","educationLevel":"Elementary","publicOrIndependent":"Public School","districtNumber":"057","districtName":"Prince George","address":"3805 Rainbow Dr, Prince George, V2M3W2","designCapacityTotal":390,"hasCoreFrench":"YES","hasEarlyFrenchImmersion":"NO","hasLateFrenchImmersion":"NO","hasFrancophoneProgram":"NO"}},{"type":"Feature","geometry":{"type":"Point","coordinates":[-122.762158,53.8907856]},"properties":{"id":"k12-05757063","source":"bc_k12_schools","name":"Van Bien Elementary","category":"school_k12","educationFacilityType":"Standard School","educationLevel":"Elementary","publicOrIndependent":"Public School","districtNumber":"057","districtName":"Prince George","address":"311 Wilson Cres, Prince George, V2L4P8","designCapacityTotal":245,"hasCoreFrench":"YES","hasEarlyFrenchImmersion":"NO","hasLateFrenchImmersion":"NO","hasFrancophoneProgram":"NO"}},{"type":"Feature","geometry":{"type":"Point","coordinates":[-122.6412754,53.8975298]},"properties":{"id":"k12-05757064","source":"bc_k12_schools","name":"Blackburn Elementary","category":"school_k12","educationFacilityType":"Standard School","educationLevel":"Elementary","publicOrIndependent":"Public School","districtNumber":"057","districtName":"Prince George","address":"2222 South Blackburn Rd, Prince George, V2N6C1","designCapacityTotal":345,"hasCoreFrench":"YES","hasEarlyFrenchImmersion":"NO","hasLateFrenchImmersion":"NO","hasFrancophoneProgram":"NO"}},{"type":"Feature","geometry":{"type":"Point","coordinates":[-122.7849608,53.8951997]},"properties":{"id":"k12-05757068","source":"bc_k12_schools","name":"Westwood Elementary","category":"school_k12","educationFacilityType":"Standard School","educationLevel":"Elementary","publicOrIndependent":"Public School","districtNumber":"057","districtName":"Prince George","address":"2633 Vanier Dr, Prince George, V2N1V1","designCapacityTotal":295,"hasCoreFrench":"YES","hasEarlyFrenchImmersion":"NO","hasLateFrenchImmersion":"NO","hasFrancophoneProgram":"NO"}},{"type":"Feature","geometry":{"type":"Point","coordinates":[-122.7619208,53.8581653]},"properties":{"id":"k12-05757076","source":"bc_k12_schools","name":"Polaris Montessori Elementary","category":"school_k12","educationFacilityType":"Standard School","educationLevel":"Elementary","publicOrIndependent":"Public School","districtNumber":"057","districtName":"Prince George","address":"7005 Gladstone Dr, Prince George, V2N3N7","designCapacityTotal":245,"hasCoreFrench":"YES","hasEarlyFrenchImmersion":"NO","hasLateFrenchImmersion":"NO","hasFrancophoneProgram":"NO"}},{"type":"Feature","geometry":{"type":"Point","coordinates":[-122.7666446,53.8731462]},"properties":{"id":"k12-05757078","source":"bc_k12_schools","name":"College Heights Elementary","category":"school_k12","educationFacilityType":"Standard School","educationLevel":"Elementary","publicOrIndependent":"Public School","districtNumber":"057","districtName":"Prince George","address":"5410 Cowart Rd, Prince George, V2N1Z2","designCapacityTotal":415,"hasCoreFrench":"YES","hasEarlyFrenchImmersion":"YES","hasLateFrenchImmersion":"NO","hasFrancophoneProgram":"NO"}},{"type":"Feature","geometry":{"type":"Point","coordinates":[-122.7765673,53.9955405]},"properties":{"id":"k12-05757082","source":"bc_k12_schools","name":"Glenview Elementary","category":"school_k12","educationFacilityType":"Standard School","educationLevel":"Elementary","publicOrIndependent":"Public School","districtNumber":"057","districtName":"Prince George","address":"7310 Cluff Rd, Prince George, V2K2M3","designCapacityTotal":220,"hasCoreFrench":"YES","hasEarlyFrenchImmersion":"NO","hasLateFrenchImmersion":"NO","hasFrancophoneProgram":"NO"}},{"type":"Feature","geometry":{"type":"Point","coordinates":[-122.792132,53.9747788]},"properties":{"id":"k12-05757087","source":"bc_k12_schools","name":"Hart Highlands Elementary","category":"school_k12","educationFacilityType":"Standard School","educationLevel":"Elementary","publicOrIndependent":"Public School","districtNumber":"057","districtName":"Prince George","address":"2233 Sussex Lane, Prince George, V2K3J1","designCapacityTotal":220,"hasCoreFrench":"YES","hasEarlyFrenchImmersion":"NO","hasLateFrenchImmersion":"NO","hasFrancophoneProgram":"NO"}},{"type":"Feature","geometry":{"type":"Point","coordinates":[-122.8111681,53.9169924]},"properties":{"id":"k12-05757088","source":"bc_k12_schools","name":"Foothills Elementary","category":"school_k12","educationFacilityType":"Standard School","educationLevel":"Elementary","publicOrIndependent":"Public School","districtNumber":"057","districtName":"Prince George","address":"4375 Eaglenest Cres, Prince George, V2M4Y5","designCapacityTotal":320,"hasCoreFrench":"YES","hasEarlyFrenchImmersion":"NO","hasLateFrenchImmersion":"NO","hasFrancophoneProgram":"NO"}},{"type":"Feature","geometry":{"type":"Point","coordinates":[-122.8054228,54.015331]},"properties":{"id":"k12-05757089","source":"bc_k12_schools","name":"Springwood Elementary","category":"school_k12","educationFacilityType":"Standard School","educationLevel":"Elementary","publicOrIndependent":"Public School","districtNumber":"057","districtName":"Prince George","address":"4600 Zral Rd, Prince George, V2K5X9","designCapacityTotal":220,"hasCoreFrench":"YES","hasEarlyFrenchImmersion":"NO","hasLateFrenchImmersion":"NO","hasFrancophoneProgram":"NO"}},{"type":"Feature","geometry":{"type":"Point","coordinates":[-122.8111636,53.9260064]},"properties":{"id":"k12-05757098","source":"bc_k12_schools","name":"Heritage Elementary","category":"school_k12","educationFacilityType":"Standard School","educationLevel":"Elementary","publicOrIndependent":"Public School","districtNumber":"057","districtName":"Prince George","address":"257 Anderson St, Prince George, V2M6C1","designCapacityTotal":345,"hasCoreFrench":"YES","hasEarlyFrenchImmersion":"NO","hasLateFrenchImmersion":"NO","hasFrancophoneProgram":"NO"}},{"type":"Feature","geometry":{"type":"Point","coordinates":[-122.8120023,53.9230418]},"properties":{"id":"k12-05757100","source":"bc_k12_schools","name":"D. P. Todd Secondary","category":"school_k12","educationFacilityType":"Standard School","educationLevel":"Secondary","publicOrIndependent":"Public School","districtNumber":"057","districtName":"Prince George","address":"4444 Hill Ave, Prince George, V2M5V9","designCapacityTotal":600,"hasCoreFrench":"YES","hasEarlyFrenchImmersion":"NO","hasLateFrenchImmersion":"NO","hasFrancophoneProgram":"NO"}},{"type":"Feature","geometry":{"type":"Point","coordinates":[-122.7659643,53.8618799]},"properties":{"id":"k12-05757101","source":"bc_k12_schools","name":"College Heights Secondary","category":"school_k12","educationFacilityType":"Standard School","educationLevel":"Secondary","publicOrIndependent":"Public School","districtNumber":"057","districtName":"Prince George","address":"6180 Domano Blvd, Prince George, V2N3Z4","designCapacityTotal":850,"hasCoreFrench":"YES","hasEarlyFrenchImmersion":"NO","hasLateFrenchImmersion":"NO","hasFrancophoneProgram":"NO"}},{"type":"Feature","geometry":{"type":"Point","coordinates":[-122.7992251,53.8989163]},"properties":{"id":"k12-05757102","source":"bc_k12_schools","name":"Pinewood Elementary","category":"school_k12","educationFacilityType":"Standard School","educationLevel":"Elementary","publicOrIndependent":"Public School","districtNumber":"057","districtName":"Prince George","address":"4140 Campbell Ave, Prince George, V2N3A9","designCapacityTotal":195,"hasCoreFrench":"YES","hasEarlyFrenchImmersion":"NO","hasLateFrenchImmersion":"NO","hasFrancophoneProgram":"NO"}},{"type":"Feature","geometry":{"type":"Point","coordinates":[-122.8022485,53.9457448]},"properties":{"id":"k12-05757104","source":"bc_k12_schools","name":"Edgewood Elementary","category":"school_k12","educationFacilityType":"Standard School","educationLevel":"Elementary","publicOrIndependent":"Public School","districtNumber":"057","districtName":"Prince George","address":"4440 Craig Dr, Prince George, V2K3P5","designCapacityTotal":220,"hasCoreFrench":"YES","hasEarlyFrenchImmersion":"NO","hasLateFrenchImmersion":"NO","hasFrancophoneProgram":"NO"}},{"type":"Feature","geometry":{"type":"Point","coordinates":[-122.7629659,53.8496362]},"properties":{"id":"k12-05757108","source":"bc_k12_schools","name":"Malaspina Elementary","category":"school_k12","educationFacilityType":"Standard School","educationLevel":"Elementary","publicOrIndependent":"Public School","districtNumber":"057","districtName":"Prince George","address":"7900 Malaspina Ave, Prince George, V2N4A9","designCapacityTotal":315,"hasCoreFrench":"YES","hasEarlyFrenchImmersion":"NO","hasLateFrenchImmersion":"NO","hasFrancophoneProgram":"NO"}},{"type":"Feature","geometry":{"type":"Point","coordinates":[-122.7792912,53.8576359]},"properties":{"id":"k12-05757110","source":"bc_k12_schools","name":"Southridge Elementary","category":"school_k12","educationFacilityType":"Standard School","educationLevel":"Elementary","publicOrIndependent":"Public School","districtNumber":"057","districtName":"Prince George","address":"7300 Southridge Ave, Prince George, V2N4Y6","designCapacityTotal":345,"hasCoreFrench":"YES","hasEarlyFrenchImmersion":"NO","hasLateFrenchImmersion":"NO","hasFrancophoneProgram":"NO"}},{"type":"Feature","geometry":{"type":"Point","coordinates":[-122.8077448,53.994333]},"properties":{"id":"k12-05757114","source":"bc_k12_schools","name":"Heather Park Elementary","category":"school_k12","educationFacilityType":"Standard School","educationLevel":"Elementary","publicOrIndependent":"Public School","districtNumber":"057","districtName":"Prince George","address":"7151 Heather Park Rd, Prince George, V2K5Y3","designCapacityTotal":760,"hasCoreFrench":"YES","hasEarlyFrenchImmersion":"YES","hasLateFrenchImmersion":"NO","hasFrancophoneProgram":"NO"}},{"type":"Feature","geometry":{"type":"Point","coordinates":[-122.7976598,53.916652]},"properties":{"id":"k12-05757115","source":"bc_k12_schools","name":"Ecole Lac Des Bois","category":"school_k12","educationFacilityType":"Standard School","educationLevel":"Elementary","publicOrIndependent":"Public School","districtNumber":"057","districtName":"Prince George","address":"4131 Rainbow Dr, Prince George, V2M3W3","designCapacityTotal":635,"hasCoreFrench":"NO","hasEarlyFrenchImmersion":"YES","hasLateFrenchImmersion":"NO","hasFrancophoneProgram":"NO"}},{"type":"Feature","geometry":{"type":"Point","coordinates":[-122.7555616,53.8982322]},"properties":{"id":"k12-05757116","source":"bc_k12_schools","name":"Nusdeh Yoh","category":"school_k12","educationFacilityType":"Standard School","educationLevel":"Elementary","publicOrIndependent":"Public School","districtNumber":"057","districtName":"Prince George","address":"2579 Victoria St, Prince George, V2L2M3","designCapacityTotal":440,"hasCoreFrench":"NO","hasEarlyFrenchImmersion":"NO","hasLateFrenchImmersion":"NO","hasFrancophoneProgram":"NO"}},{"type":"Feature","geometry":{"type":"Point","coordinates":[-122.739835,53.9122309]},"properties":{"id":"k12-05796144","source":"bc_k12_schools","name":"Sacred Heart","category":"school_k12","educationFacilityType":"Standard School","educationLevel":"Elementary","publicOrIndependent":"Independent School","districtNumber":"057","districtName":"Prince George","address":"785 Patricia Blvd, Prince George, V2L3V5","designCapacityTotal":null,"hasCoreFrench":"YES","hasEarlyFrenchImmersion":"NO","hasLateFrenchImmersion":"NO","hasFrancophoneProgram":"NO"}},{"type":"Feature","geometry":{"type":"Point","coordinates":[-122.7749847,53.9145583]},"properties":{"id":"k12-05796160","source":"bc_k12_schools","name":"St. Mary's","category":"school_k12","educationFacilityType":"Standard School","educationLevel":"Elementary","publicOrIndependent":"Independent School","districtNumber":"057","districtName":"Prince George","address":"1088 Gillett St, Prince George, V2M2V3","designCapacityTotal":null,"hasCoreFrench":"YES","hasEarlyFrenchImmersion":"NO","hasLateFrenchImmersion":"NO","hasFrancophoneProgram":"NO"}},{"type":"Feature","geometry":{"type":"Point","coordinates":[-122.783331,53.9300654]},"properties":{"id":"k12-05796230","source":"bc_k12_schools","name":"Cedars Christian School","category":"school_k12","educationFacilityType":"Standard School","educationLevel":"Elementary-Secondary","publicOrIndependent":"Independent School","districtNumber":"057","districtName":"Prince George","address":"600 Preston Road, Prince George, V2K1A8","designCapacityTotal":null,"hasCoreFrench":"YES","hasEarlyFrenchImmersion":"NO","hasLateFrenchImmersion":"NO","hasFrancophoneProgram":"NO"}},{"type":"Feature","geometry":{"type":"Point","coordinates":[-122.7966963,53.8592218]},"properties":{"id":"k12-05796310","source":"bc_k12_schools","name":"Immaculate Conception","category":"school_k12","educationFacilityType":"Standard School","educationLevel":"Elementary","publicOrIndependent":"Independent School","districtNumber":"057","districtName":"Prince George","address":"3285 Cathedral Ave, Prince George, V2N6R4","designCapacityTotal":null,"hasCoreFrench":"YES","hasEarlyFrenchImmersion":"NO","hasLateFrenchImmersion":"NO","hasFrancophoneProgram":"NO"}},{"type":"Feature","geometry":{"type":"Point","coordinates":[-122.8037828,53.8603494]},"properties":{"id":"k12-05796491","source":"bc_k12_schools","name":"Westside Academy","category":"school_k12","educationFacilityType":"Standard School","educationLevel":"Elementary-Secondary","publicOrIndependent":"Independent School","districtNumber":"057","districtName":"Prince George","address":"3791 Highway 16 W, Prince George, V2N5P8","designCapacityTotal":null,"hasCoreFrench":"YES","hasEarlyFrenchImmersion":"NO","hasLateFrenchImmersion":"NO","hasFrancophoneProgram":"NO"}},{"type":"Feature","geometry":{"type":"Point","coordinates":[-122.8033306,53.9253414]},"properties":{"id":"k12-05796684","source":"bc_k12_schools","name":"Zion Lutheran Christian School","category":"school_k12","educationFacilityType":"Standard School","educationLevel":"Elementary","publicOrIndependent":"Independent School","districtNumber":"057","districtName":"Prince George","address":"180 Tabor Blvd S, Prince George, V2M5T4","designCapacityTotal":null,"hasCoreFrench":"YES","hasEarlyFrenchImmersion":"NO","hasLateFrenchImmersion":"NO","hasFrancophoneProgram":"NO"}},{"type":"Feature","geometry":{"type":"Point","coordinates":[-122.7784159,53.983083]},"properties":{"id":"k12-05796841","source":"bc_k12_schools","name":"Pathways Academy","category":"school_k12","educationFacilityType":"Provincial Online Learning School","educationLevel":"Elementary-Secondary","publicOrIndependent":"Independent School","districtNumber":"057","districtName":"Prince George","address":"Box 10096 Rpo Hart, Prince George, V0E1Y0","designCapacityTotal":null,"hasCoreFrench":"NO","hasEarlyFrenchImmersion":"NO","hasLateFrenchImmersion":"NO","hasFrancophoneProgram":"NO"}},{"type":"Feature","geometry":{"type":"Point","coordinates":[-122.7791727,53.8863535]},"properties":{"id":"k12-05798005","source":"bc_k12_schools","name":"Central Interior Distance Education","category":"school_k12","educationFacilityType":"District Online Learning School","educationLevel":"Elementary-Secondary","publicOrIndependent":"Public School","districtNumber":"057","districtName":"Prince George","address":"3400 Westwood Dr, Prince George, V2N1S1","designCapacityTotal":null,"hasCoreFrench":"NO","hasEarlyFrenchImmersion":"NO","hasLateFrenchImmersion":"NO","hasFrancophoneProgram":"NO"}},{"type":"Feature","geometry":{"type":"Point","coordinates":[-122.7791727,53.8863535]},"properties":{"id":"k12-05799140","source":"bc_k12_schools","name":"Alternate Community Programs","category":"school_k12","educationFacilityType":"Alternate Programs School","educationLevel":"Elementary-Secondary","publicOrIndependent":"Public School","districtNumber":"057","districtName":"Prince George","address":"3400 Westwood Dr, Prince George, V2N1S1","designCapacityTotal":null,"hasCoreFrench":"NO","hasEarlyFrenchImmersion":"NO","hasLateFrenchImmersion":"NO","hasFrancophoneProgram":"NO"}},{"type":"Feature","geometry":{"type":"Point","coordinates":[-122.757402,53.9161314]},"properties":{"id":"k12-09357012","source":"bc_k12_schools","name":"Secondaire Duchess-Park","category":"school_k12","educationFacilityType":"Standard School","educationLevel":"Secondary","publicOrIndependent":"Public School","districtNumber":"093","districtName":"Conseil scolaire francophone","address":"2641 Ellison Drive, Prince George, V2M2S6","designCapacityTotal":50,"hasCoreFrench":"NO","hasEarlyFrenchImmersion":"NO","hasLateFrenchImmersion":"NO","hasFrancophoneProgram":"YES"}},{"type":"Feature","geometry":{"type":"Point","coordinates":[-122.772694,53.9070791]},"properties":{"id":"k12-09357053","source":"bc_k12_schools","name":"Franco-Nord","category":"school_k12","educationFacilityType":"Standard School","educationLevel":"Elementary","publicOrIndependent":"Public School","districtNumber":"093","districtName":"Conseil scolaire francophone","address":"2641 Ellison Dr, Prince George, V2M2S6","designCapacityTotal":245,"hasCoreFrench":"NO","hasEarlyFrenchImmersion":"NO","hasLateFrenchImmersion":"NO","hasFrancophoneProgram":"YES"}},{"type":"Feature","geometry":{"type":"Point","coordinates":[-122.748834,53.916107]},"properties":{"id":"childcare-63","source":"bc_childcare_map","name":"Tyke Town Early Learning","category":"child_care","serviceType":"Licensed Group","address":"1448 5Th Ave, \", Prince George, V2L 3L7","phone":"250-899-4546","website":"\"","weekdayOperation":"N","weekendOperation":"N","servesUnder36Months":"N","serves30MonthsTo5Years":"N","servesPreschool":"N","servesKindergartenOutOfSchool":"N","servesGrade1To12OutOfSchool":"N","providesMeals":"\""}},{"type":"Feature","geometry":{"type":"Point","coordinates":[-122.783626,53.903804]},"properties":{"id":"childcare-262","source":"bc_childcare_map","name":"Caledonia Early Care And Learning Centre","category":"child_care","serviceType":"Licensed Group","address":"3330 22Nd Avenue, \", Prince George, V2N 1P8","phone":"250-561-5834","website":"\"","weekdayOperation":"N","weekendOperation":"N","servesUnder36Months":"N","serves30MonthsTo5Years":"N","servesPreschool":"N","servesKindergartenOutOfSchool":"N","servesGrade1To12OutOfSchool":"N","providesMeals":"\""}},{"type":"Feature","geometry":{"type":"Point","coordinates":[-122.755565,53.898233]},"properties":{"id":"childcare-280","source":"bc_childcare_map","name":"Carney Hill Neighbourhood Centre","category":"child_care","serviceType":"Licensed Group","address":"2579 Victoria St, \", Prince George, V2L 2M3","phone":"250-563-0858","website":"\"","weekdayOperation":"Y","weekendOperation":"N","servesUnder36Months":"N","serves30MonthsTo5Years":"Y","servesPreschool":"N","servesKindergartenOutOfSchool":"Y","servesGrade1To12OutOfSchool":"Y","providesMeals":"Included in fee"}},{"type":"Feature","geometry":{"type":"Point","coordinates":[-122.632331,53.841907]},"properties":{"id":"childcare-292","source":"bc_childcare_map","name":"Teddy Bear Preschool","category":"child_care","serviceType":"Licensed Group","address":"6355 Bendixon Rd, \", Prince George, V2N 5V5","phone":"250-963-8214","website":"\"","weekdayOperation":"N","weekendOperation":"N","servesUnder36Months":"N","serves30MonthsTo5Years":"N","servesPreschool":"N","servesKindergartenOutOfSchool":"N","servesGrade1To12OutOfSchool":"N","providesMeals":"\""}},{"type":"Feature","geometry":{"type":"Point","coordinates":[-122.813939,53.887586]},"properties":{"id":"childcare-306","source":"bc_childcare_map","name":"Unbc Child Care","category":"child_care","serviceType":"Licensed Group","address":"3333 University Way, \", Prince George, V2N 4Z9","phone":"250-960-5720","website":"\"","weekdayOperation":"N","weekendOperation":"N","servesUnder36Months":"N","serves30MonthsTo5Years":"N","servesPreschool":"N","servesKindergartenOutOfSchool":"N","servesGrade1To12OutOfSchool":"N","providesMeals":"\""}},{"type":"Feature","geometry":{"type":"Point","coordinates":[-122.76746,53.860541]},"properties":{"id":"childcare-337","source":"bc_childcare_map","name":"Teeter Tots Early Learning Centre","category":"child_care","serviceType":"Licensed Group","address":"7201 Domano Blvd, \", Prince George, V2N 5E1","phone":"250-964-2744","website":"\"","weekdayOperation":"N","weekendOperation":"N","servesUnder36Months":"N","serves30MonthsTo5Years":"N","servesPreschool":"N","servesKindergartenOutOfSchool":"N","servesGrade1To12OutOfSchool":"N","providesMeals":"\""}},{"type":"Feature","geometry":{"type":"Point","coordinates":[-122.741323,53.912065]},"properties":{"id":"childcare-377","source":"bc_childcare_map","name":"Children's Choice Daycare","category":"child_care","serviceType":"Licensed Group","address":"933 Patricia Blvd., \", Prince George, V2L 3V6","phone":"250-961-1435","website":"\"","weekdayOperation":"N","weekendOperation":"N","servesUnder36Months":"N","serves30MonthsTo5Years":"N","servesPreschool":"N","servesKindergartenOutOfSchool":"N","servesGrade1To12OutOfSchool":"N","providesMeals":"\""}},{"type":"Feature","geometry":{"type":"Point","coordinates":[-122.802405,53.914864]},"properties":{"id":"childcare-394","source":"bc_childcare_map","name":"Sunny Day","category":"child_care","serviceType":"Licensed Group","address":"4191 Davie Ave, \", Prince George, V2M 4G6","phone":"250-562-0402","website":"\"","weekdayOperation":"N","weekendOperation":"N","servesUnder36Months":"N","serves30MonthsTo5Years":"N","servesPreschool":"N","servesKindergartenOutOfSchool":"N","servesGrade1To12OutOfSchool":"N","providesMeals":"\""}},{"type":"Feature","geometry":{"type":"Point","coordinates":[-122.786417,53.915008]},"properties":{"id":"childcare-494","source":"bc_childcare_map","name":"Little Tykes Day Care","category":"child_care","serviceType":"Licensed Family","address":"1036 Babine Cres, \", Prince George, V2M 3X4","phone":"250-564-1751","website":"\"","weekdayOperation":"N","weekendOperation":"N","servesUnder36Months":"N","serves30MonthsTo5Years":"N","servesPreschool":"N","servesKindergartenOutOfSchool":"N","servesGrade1To12OutOfSchool":"N","providesMeals":"\""}},{"type":"Feature","geometry":{"type":"Point","coordinates":[-122.80901,53.918767]},"properties":{"id":"childcare-495","source":"bc_childcare_map","name":"Happy Tots Day Care","category":"child_care","serviceType":"Licensed Family","address":"634 Faulkner Cres, \", Prince George, V2M 5C6","phone":"250-562-6563","website":"\"","weekdayOperation":"N","weekendOperation":"N","servesUnder36Months":"N","serves30MonthsTo5Years":"N","servesPreschool":"N","servesKindergartenOutOfSchool":"N","servesGrade1To12OutOfSchool":"N","providesMeals":"\""}},{"type":"Feature","geometry":{"type":"Point","coordinates":[-122.795107,53.894334]},"properties":{"id":"childcare-496","source":"bc_childcare_map","name":"Tykes 'N Tots","category":"child_care","serviceType":"Licensed Family","address":"3851 Grace Cres, \", Prince George, V2N 4V9","phone":"250-563-2496","website":"\"","weekdayOperation":"N","weekendOperation":"N","servesUnder36Months":"N","serves30MonthsTo5Years":"N","servesPreschool":"N","servesKindergartenOutOfSchool":"N","servesGrade1To12OutOfSchool":"N","providesMeals":"\""}},{"type":"Feature","geometry":{"type":"Point","coordinates":[-122.777675,53.860669]},"properties":{"id":"childcare-497","source":"bc_childcare_map","name":"Goldilocks Family Day Care","category":"child_care","serviceType":"Licensed Family","address":"2967 Parent Rd, \", Prince George, V2N 5G2","phone":"250-964-1544","website":"\"","weekdayOperation":"N","weekendOperation":"N","servesUnder36Months":"N","serves30MonthsTo5Years":"N","servesPreschool":"N","servesKindergartenOutOfSchool":"N","servesGrade1To12OutOfSchool":"N","providesMeals":"\""}},{"type":"Feature","geometry":{"type":"Point","coordinates":[-122.787241,53.917963]},"properties":{"id":"childcare-498","source":"bc_childcare_map","name":"Sherwood Forest","category":"child_care","serviceType":"Licensed Family","address":"856 Warren Ave, \", Prince George, V2M 3V7","phone":"250-562-5536","website":"\"","weekdayOperation":"N","weekendOperation":"N","servesUnder36Months":"N","serves30MonthsTo5Years":"N","servesPreschool":"N","servesKindergartenOutOfSchool":"N","servesGrade1To12OutOfSchool":"N","providesMeals":"\""}},{"type":"Feature","geometry":{"type":"Point","coordinates":[-122.782122,53.887224]},"properties":{"id":"childcare-499","source":"bc_childcare_map","name":"Eeyore's Daycare","category":"child_care","serviceType":"Licensed Family","address":"106-3308 Underhill Rd, \", Prince George, V2N 1W5","phone":"250-561-0639","website":"\"","weekdayOperation":"N","weekendOperation":"N","servesUnder36Months":"N","serves30MonthsTo5Years":"N","servesPreschool":"N","servesKindergartenOutOfSchool":"N","servesGrade1To12OutOfSchool":"N","providesMeals":"\""}},{"type":"Feature","geometry":{"type":"Point","coordinates":[-122.782952,53.893137]},"properties":{"id":"childcare-590","source":"bc_childcare_map","name":"Amazing Kids Center","category":"child_care","serviceType":"Licensed Family","address":"2742 Michener Cres, \", Prince George, V2N 1G9","phone":"250-981-9322","website":"\"","weekdayOperation":"Y","weekendOperation":"N","servesUnder36Months":"Y","serves30MonthsTo5Years":"Y","servesPreschool":"N","servesKindergartenOutOfSchool":"Y","servesGrade1To12OutOfSchool":"Y","providesMeals":"Included in fee"}},{"type":"Feature","geometry":{"type":"Point","coordinates":[-122.786855,53.889061]},"properties":{"id":"childcare-626","source":"bc_childcare_map","name":"Little Bits Of Joy Daycare","category":"child_care","serviceType":"Licensed Family","address":"3194 Ospika Blvd S, \", Prince George, V2N 2T5","phone":"250-961-1889","website":"\"","weekdayOperation":"N","weekendOperation":"N","servesUnder36Months":"Y","serves30MonthsTo5Years":"Y","servesPreschool":"N","servesKindergartenOutOfSchool":"Y","servesGrade1To12OutOfSchool":"Y","providesMeals":"Included in fee"}},{"type":"Feature","geometry":{"type":"Point","coordinates":[-122.757765,53.915011]},"properties":{"id":"childcare-641","source":"bc_childcare_map","name":"Duchess Early Learning Centre","category":"child_care","serviceType":"Licensed Group","address":"810 Winnipeg St, \", Prince George, V2L 5T7","phone":"250-596-1319","website":"\"","weekdayOperation":"N","weekendOperation":"N","servesUnder36Months":"N","serves30MonthsTo5Years":"N","servesPreschool":"N","servesKindergartenOutOfSchool":"N","servesGrade1To12OutOfSchool":"N","providesMeals":"\""}},{"type":"Feature","geometry":{"type":"Point","coordinates":[-122.75897,53.9021]},"properties":{"id":"childcare-646","source":"bc_childcare_map","name":"Story Book Preschool","category":"child_care","serviceType":"Licensed Group","address":"1687 Strathcona Ave, \", Prince George, V2L 4E7","phone":"250-961-6183","website":"\"","weekdayOperation":"N","weekendOperation":"N","servesUnder36Months":"N","serves30MonthsTo5Years":"N","servesPreschool":"N","servesKindergartenOutOfSchool":"N","servesGrade1To12OutOfSchool":"N","providesMeals":"\""}},{"type":"Feature","geometry":{"type":"Point","coordinates":[-122.807039,53.936329]},"properties":{"id":"childcare-655","source":"bc_childcare_map","name":"Natural Beginnings Child Care Centre","category":"child_care","serviceType":"Licensed Family","address":"995 Heritage Cres, \", Prince George, V2M 6X2","phone":"250-564-4751","website":"\"","weekdayOperation":"N","weekendOperation":"N","servesUnder36Months":"N","serves30MonthsTo5Years":"N","servesPreschool":"N","servesKindergartenOutOfSchool":"N","servesGrade1To12OutOfSchool":"N","providesMeals":"Not offered"}},{"type":"Feature","geometry":{"type":"Point","coordinates":[-122.805408,54.015331]},"properties":{"id":"childcare-675","source":"bc_childcare_map","name":"ymca Springwood School Age Care","category":"child_care","serviceType":"Licensed Group","address":"4600 Zral Rd, \", Prince George, V2K 5X9","phone":"250-961-7046","website":"\"","weekdayOperation":"N","weekendOperation":"N","servesUnder36Months":"N","serves30MonthsTo5Years":"N","servesPreschool":"N","servesKindergartenOutOfSchool":"N","servesGrade1To12OutOfSchool":"N","providesMeals":"\""}},{"type":"Feature","geometry":{"type":"Point","coordinates":[-122.766492,53.850574]},"properties":{"id":"childcare-685","source":"bc_childcare_map","name":"Abc's & 123 Daycare","category":"child_care","serviceType":"Licensed Family","address":"8036 Princeton Cres, \", Prince George, V2N 3W5","phone":"250-613-7101","website":"\"","weekdayOperation":"N","weekendOperation":"N","servesUnder36Months":"N","serves30MonthsTo5Years":"N","servesPreschool":"N","servesKindergartenOutOfSchool":"N","servesGrade1To12OutOfSchool":"N","providesMeals":"\""}},{"type":"Feature","geometry":{"type":"Point","coordinates":[-122.762582,53.858883]},"properties":{"id":"childcare-702","source":"bc_childcare_map","name":"Castle Court Child Care (C.C.C.C)","category":"child_care","serviceType":"Licensed Family","address":"6877 Simon Fraser Ave, \", Prince George, V2N 2N3","phone":"250-964-1199","website":"\"","weekdayOperation":"N","weekendOperation":"N","servesUnder36Months":"N","serves30MonthsTo5Years":"N","servesPreschool":"N","servesKindergartenOutOfSchool":"N","servesGrade1To12OutOfSchool":"N","providesMeals":"\""}},{"type":"Feature","geometry":{"type":"Point","coordinates":[-122.777675,53.854274]},"properties":{"id":"childcare-733","source":"bc_childcare_map","name":"Kidz Corner","category":"child_care","serviceType":"Licensed Family","address":"7598 Southridge Ave, \", Prince George, V2N 6S4","phone":"250-961-5212","website":"\"","weekdayOperation":"Y","weekendOperation":"N","servesUnder36Months":"Y","serves30MonthsTo5Years":"Y","servesPreschool":"N","servesKindergartenOutOfSchool":"Y","servesGrade1To12OutOfSchool":"Y","providesMeals":"Included in fee"}},{"type":"Feature","geometry":{"type":"Point","coordinates":[-122.758865,53.951421]},"properties":{"id":"childcare-801","source":"bc_childcare_map","name":"Fairytale Daycare","category":"child_care","serviceType":"Licensed Family","address":"1820 Hegert Rd, \", Prince George, V2K 1L8","phone":"250-565-1018","website":"\"","weekdayOperation":"N","weekendOperation":"N","servesUnder36Months":"N","serves30MonthsTo5Years":"N","servesPreschool":"N","servesKindergartenOutOfSchool":"N","servesGrade1To12OutOfSchool":"N","providesMeals":"\""}},{"type":"Feature","geometry":{"type":"Point","coordinates":[-122.822581,53.850867]},"properties":{"id":"childcare-875","source":"bc_childcare_map","name":"Busy B's Clubhouse","category":"child_care","serviceType":"Licensed Group","address":"4637 Highway 16 W, \", Prince George, V2N 5M8","phone":"250-640-7071","website":"\"","weekdayOperation":"N","weekendOperation":"N","servesUnder36Months":"N","serves30MonthsTo5Years":"N","servesPreschool":"N","servesKindergartenOutOfSchool":"N","servesGrade1To12OutOfSchool":"N","providesMeals":"\""}},{"type":"Feature","geometry":{"type":"Point","coordinates":[-122.771486,53.906706]},"properties":{"id":"childcare-884","source":"bc_childcare_map","name":"Service De Garde Franco-Amis","category":"child_care","serviceType":"Licensed Group","address":"2641 Ellison Dr, \", Prince George, V2M 2S6","phone":"250-640-0143","website":"\"","weekdayOperation":"N","weekendOperation":"N","servesUnder36Months":"N","serves30MonthsTo5Years":"N","servesPreschool":"N","servesKindergartenOutOfSchool":"N","servesGrade1To12OutOfSchool":"N","providesMeals":"\""}},{"type":"Feature","geometry":{"type":"Point","coordinates":[-122.801556,53.917832]},"properties":{"id":"childcare-921","source":"bc_childcare_map","name":"Robyn's Nest Daycare","category":"child_care","serviceType":"Licensed Family","address":"755 Kerry St, \", Prince George, V2M 5A8","phone":"778-349-0815","website":"\"","weekdayOperation":"Y","weekendOperation":"N","servesUnder36Months":"Y","serves30MonthsTo5Years":"Y","servesPreschool":"N","servesKindergartenOutOfSchool":"N","servesGrade1To12OutOfSchool":"N","providesMeals":"Not offered"}},{"type":"Feature","geometry":{"type":"Point","coordinates":[-122.769724,53.916606]},"properties":{"id":"childcare-929","source":"bc_childcare_map","name":"Always Home Childcare","category":"child_care","serviceType":"Licensed Group","address":"887 Carney St, \", Prince George, V2M 2K8","phone":"250-301-6432","website":"\"","weekdayOperation":"N","weekendOperation":"N","servesUnder36Months":"N","serves30MonthsTo5Years":"N","servesPreschool":"N","servesKindergartenOutOfSchool":"N","servesGrade1To12OutOfSchool":"N","providesMeals":"\""}},{"type":"Feature","geometry":{"type":"Point","coordinates":[-122.808961,53.994832]},"properties":{"id":"childcare-940","source":"bc_childcare_map","name":"Heart To Hart Preschool & After School Care","category":"child_care","serviceType":"Licensed Group","address":"7151 Heather Park Rd, \", Prince George, V2K 5Y3","phone":"250-649-5845","website":"\"","weekdayOperation":"N","weekendOperation":"N","servesUnder36Months":"N","serves30MonthsTo5Years":"N","servesPreschool":"N","servesKindergartenOutOfSchool":"N","servesGrade1To12OutOfSchool":"N","providesMeals":"Not offered"}},{"type":"Feature","geometry":{"type":"Point","coordinates":[-122.762399,53.856339]},"properties":{"id":"childcare-1046","source":"bc_childcare_map","name":"Candy's Kiddie Korner","category":"child_care","serviceType":"Licensed Family","address":"7652 Moncton Cres, \", Prince George, V2N 3M1","phone":"250-617-3081","website":"\"","weekdayOperation":"N","weekendOperation":"N","servesUnder36Months":"N","serves30MonthsTo5Years":"N","servesPreschool":"N","servesKindergartenOutOfSchool":"N","servesGrade1To12OutOfSchool":"N","providesMeals":"\""}},{"type":"Feature","geometry":{"type":"Point","coordinates":[-122.793425,53.893147]},"properties":{"id":"childcare-1121","source":"bc_childcare_map","name":"Shine Star Family Daycare","category":"child_care","serviceType":"Licensed Family","address":"3794 Shane Cres, \", Prince George, V2N 4N2","phone":"250-981-7433","website":"\"","weekdayOperation":"N","weekendOperation":"N","servesUnder36Months":"N","serves30MonthsTo5Years":"N","servesPreschool":"N","servesKindergartenOutOfSchool":"N","servesGrade1To12OutOfSchool":"N","providesMeals":"\""}},{"type":"Feature","geometry":{"type":"Point","coordinates":[-122.776356,53.987821]},"properties":{"id":"childcare-1165","source":"bc_childcare_map","name":"A Loving Hart Daycare","category":"child_care","serviceType":"Licensed Family","address":"6386 Dawson Rd, \", Prince George, V2K 4X8","phone":"250-981-2716","website":"\"","weekdayOperation":"N","weekendOperation":"N","servesUnder36Months":"N","serves30MonthsTo5Years":"N","servesPreschool":"N","servesKindergartenOutOfSchool":"N","servesGrade1To12OutOfSchool":"N","providesMeals":"\""}},{"type":"Feature","geometry":{"type":"Point","coordinates":[-122.795418,53.892644]},"properties":{"id":"childcare-1174","source":"bc_childcare_map","name":"Ishwar Family Child Care","category":"child_care","serviceType":"Licensed Family","address":"3807 Grace Cres, \", Prince George, V2N 4N5","phone":"250-649-3488","website":"\"","weekdayOperation":"N","weekendOperation":"N","servesUnder36Months":"N","serves30MonthsTo5Years":"N","servesPreschool":"N","servesKindergartenOutOfSchool":"N","servesGrade1To12OutOfSchool":"N","providesMeals":"\""}},{"type":"Feature","geometry":{"type":"Point","coordinates":[-122.779784,53.978369]},"properties":{"id":"childcare-1188","source":"bc_childcare_map","name":"Mystic Kids Daycare","category":"child_care","serviceType":"Licensed Family","address":"5473 Cook Cres, \", Prince George, V2K 1V3","phone":"250-962-7149","website":"\"","weekdayOperation":"N","weekendOperation":"N","servesUnder36Months":"N","serves30MonthsTo5Years":"N","servesPreschool":"N","servesKindergartenOutOfSchool":"N","servesGrade1To12OutOfSchool":"N","providesMeals":"\""}},{"type":"Feature","geometry":{"type":"Point","coordinates":[-122.75244,53.908284]},"properties":{"id":"childcare-1248","source":"bc_childcare_map","name":"ymca Ron Brent After School Care","category":"child_care","serviceType":"Licensed Group","address":"1401 17Th Ave, \", Prince George, V2L 3Z2","phone":"250-961-7046","website":"\"","weekdayOperation":"N","weekendOperation":"N","servesUnder36Months":"N","serves30MonthsTo5Years":"N","servesPreschool":"N","servesKindergartenOutOfSchool":"N","servesGrade1To12OutOfSchool":"N","providesMeals":"\""}},{"type":"Feature","geometry":{"type":"Point","coordinates":[-122.80213,53.994104]},"properties":{"id":"childcare-1272","source":"bc_childcare_map","name":"Kidlogic Daycare","category":"child_care","serviceType":"Licensed Family","address":"4529 Gray Dr, \", Prince George, V2K 4Y4","phone":"250-981-9851","website":"\"","weekdayOperation":"Y","weekendOperation":"N","servesUnder36Months":"Y","serves30MonthsTo5Years":"Y","servesPreschool":"N","servesKindergartenOutOfSchool":"Y","servesGrade1To12OutOfSchool":"Y","providesMeals":"Extra fee"}},{"type":"Feature","geometry":{"type":"Point","coordinates":[-122.814219,53.847139]},"properties":{"id":"childcare-1296","source":"bc_childcare_map","name":"Parkridge Early Learning Centre","category":"child_care","serviceType":"Licensed Family","address":"5264 Park Dr, \", Prince George, V2N 5M8","phone":"250-565-7543","website":"\"","weekdayOperation":"N","weekendOperation":"N","servesUnder36Months":"N","serves30MonthsTo5Years":"N","servesPreschool":"N","servesKindergartenOutOfSchool":"N","servesGrade1To12OutOfSchool":"N","providesMeals":"\""}},{"type":"Feature","geometry":{"type":"Point","coordinates":[-122.762041,53.858187]},"properties":{"id":"childcare-1410","source":"bc_childcare_map","name":"Kool Cats Kid Care And Kool Cats Preschool","category":"child_care","serviceType":"Licensed Group","address":"6989 Gladstone Dr, \", Prince George, V2N 3N7","phone":"250-964-2668","website":"\"","weekdayOperation":"N","weekendOperation":"N","servesUnder36Months":"N","serves30MonthsTo5Years":"N","servesPreschool":"N","servesKindergartenOutOfSchool":"N","servesGrade1To12OutOfSchool":"N","providesMeals":"\""}},{"type":"Feature","geometry":{"type":"Point","coordinates":[-122.80538,54.01489]},"properties":{"id":"childcare-1433","source":"bc_childcare_map","name":"Exploring The North Childcare","category":"child_care","serviceType":"Licensed Family","address":"4651 Zral Rd, \", Prince George, V2K 5X9","phone":"250-613-6116","website":"\"","weekdayOperation":"\"","weekendOperation":"\"","servesUnder36Months":"\"","serves30MonthsTo5Years":"\"","servesPreschool":"\"","servesKindergartenOutOfSchool":"\"","servesGrade1To12OutOfSchool":"\"","providesMeals":"\""}},{"type":"Feature","geometry":{"type":"Point","coordinates":[-122.808308,53.926379]},"properties":{"id":"childcare-1492","source":"bc_childcare_map","name":"Building Blocks Childcare","category":"child_care","serviceType":"Licensed Group","address":"261 Bellos St, \", Prince George, V2M 4W8","phone":"250-961-1341","website":"\"","weekdayOperation":"N","weekendOperation":"N","servesUnder36Months":"Y","serves30MonthsTo5Years":"Y","servesPreschool":"N","servesKindergartenOutOfSchool":"N","servesGrade1To12OutOfSchool":"N","providesMeals":"Extra fee"}},{"type":"Feature","geometry":{"type":"Point","coordinates":[-122.816791,53.960229]},"properties":{"id":"childcare-1499","source":"bc_childcare_map","name":"Sunshine Learning Centre","category":"child_care","serviceType":"Licensed Group","address":"5100 N Nechako Rd, \", Prince George, V2K 4Y5","phone":"250-640-6977","website":"\"","weekdayOperation":"N","weekendOperation":"N","servesUnder36Months":"N","serves30MonthsTo5Years":"N","servesPreschool":"N","servesKindergartenOutOfSchool":"N","servesGrade1To12OutOfSchool":"N","providesMeals":"\""}},{"type":"Feature","geometry":{"type":"Point","coordinates":[-122.767518,53.973602]},"properties":{"id":"childcare-1533","source":"bc_childcare_map","name":"Adventure Time Childcare","category":"child_care","serviceType":"Licensed Family","address":"14-5164 Hart Hwy, \", Prince George, V2K 3A1","phone":"250-614-6991","website":"\"","weekdayOperation":"N","weekendOperation":"N","servesUnder36Months":"N","serves30MonthsTo5Years":"N","servesPreschool":"N","servesKindergartenOutOfSchool":"N","servesGrade1To12OutOfSchool":"N","providesMeals":"\""}},{"type":"Feature","geometry":{"type":"Point","coordinates":[-122.766159,53.859139]},"properties":{"id":"childcare-1564","source":"bc_childcare_map","name":"Precious Stars Daycare","category":"child_care","serviceType":"Licensed Group","address":"7092 Domano Boulevard, \", Prince George, V2N 3Z4","phone":"250-964-0377","website":"\"","weekdayOperation":"N","weekendOperation":"N","servesUnder36Months":"N","serves30MonthsTo5Years":"N","servesPreschool":"N","servesKindergartenOutOfSchool":"N","servesGrade1To12OutOfSchool":"N","providesMeals":"\""}},{"type":"Feature","geometry":{"type":"Point","coordinates":[-122.781924,53.992194]},"properties":{"id":"childcare-1568","source":"bc_childcare_map","name":"Moonlight Daycare","category":"child_care","serviceType":"Licensed Family","address":"6896 Helm Dr, \", Prince George, V2K 2N6","phone":"250-900-8815","website":"\"","weekdayOperation":"N","weekendOperation":"N","servesUnder36Months":"N","serves30MonthsTo5Years":"N","servesPreschool":"N","servesKindergartenOutOfSchool":"N","servesGrade1To12OutOfSchool":"N","providesMeals":"\""}},{"type":"Feature","geometry":{"type":"Point","coordinates":[-122.761664,53.896342]},"properties":{"id":"childcare-1572","source":"bc_childcare_map","name":"Young Pup Child Care","category":"child_care","serviceType":"Licensed Family","address":"2685 Abbott Cres, \", Prince George, V2L 2X6","phone":"250-983-9881","website":"\"","weekdayOperation":"N","weekendOperation":"N","servesUnder36Months":"N","serves30MonthsTo5Years":"N","servesPreschool":"N","servesKindergartenOutOfSchool":"N","servesGrade1To12OutOfSchool":"N","providesMeals":"\""}},{"type":"Feature","geometry":{"type":"Point","coordinates":[-122.785079,53.852221]},"properties":{"id":"childcare-1610","source":"bc_childcare_map","name":"Little Star Daycare","category":"child_care","serviceType":"Licensed Family","address":"2821 Vista Ridge Crt, \", Prince George, V2N 0G9","phone":"250-563-5349","website":"\"","weekdayOperation":"N","weekendOperation":"N","servesUnder36Months":"N","serves30MonthsTo5Years":"N","servesPreschool":"N","servesKindergartenOutOfSchool":"N","servesGrade1To12OutOfSchool":"N","providesMeals":"\""}},{"type":"Feature","geometry":{"type":"Point","coordinates":[-122.788991,53.923274]},"properties":{"id":"childcare-1638","source":"bc_childcare_map","name":"Bbbs Nbc Asc Quinson","category":"child_care","serviceType":"Licensed Group","address":"251 Ogilvie St S, \", Prince George, V2M 3M4","phone":"250-563-7410","website":"\"","weekdayOperation":"N","weekendOperation":"N","servesUnder36Months":"N","serves30MonthsTo5Years":"N","servesPreschool":"N","servesKindergartenOutOfSchool":"N","servesGrade1To12OutOfSchool":"N","providesMeals":"\""}},{"type":"Feature","geometry":{"type":"Point","coordinates":[-122.831391,54.01475]},"properties":{"id":"childcare-1675","source":"bc_childcare_map","name":"Tena's Family Daycare","category":"child_care","serviceType":"Licensed Family","address":"9059 Fox Dr, \", Prince George, V2K 5H4","phone":"250-981-5373","website":"\"","weekdayOperation":"N","weekendOperation":"N","servesUnder36Months":"N","serves30MonthsTo5Years":"N","servesPreschool":"N","servesKindergartenOutOfSchool":"N","servesGrade1To12OutOfSchool":"N","providesMeals":"\""}},{"type":"Feature","geometry":{"type":"Point","coordinates":[-122.762966,53.849636]},"properties":{"id":"childcare-1696","source":"bc_childcare_map","name":"ymca Malaspina School Age Care","category":"child_care","serviceType":"Licensed Group","address":"7900 Malaspina Ave, \", Prince George, V2N 4A9","phone":"250-961-7046","website":"\"","weekdayOperation":"N","weekendOperation":"N","servesUnder36Months":"N","serves30MonthsTo5Years":"N","servesPreschool":"N","servesKindergartenOutOfSchool":"N","servesGrade1To12OutOfSchool":"N","providesMeals":"\""}},{"type":"Feature","geometry":{"type":"Point","coordinates":[-122.874723,53.83059]},"properties":{"id":"childcare-1755","source":"bc_childcare_map","name":"Bbbs Childcare - Beaverly","category":"child_care","serviceType":"Licensed Group","address":"101-9777 Western Rd, \", Prince George, V2N 6M9","phone":"250-563-7410","website":"\"","weekdayOperation":"N","weekendOperation":"N","servesUnder36Months":"N","serves30MonthsTo5Years":"N","servesPreschool":"N","servesKindergartenOutOfSchool":"N","servesGrade1To12OutOfSchool":"N","providesMeals":"\""}},{"type":"Feature","geometry":{"type":"Point","coordinates":[-122.797584,53.982225]},"properties":{"id":"childcare-1763","source":"bc_childcare_map","name":"Hart Highlands Childcare","category":"child_care","serviceType":"Licensed Family","address":"5963 Teresa Pl, \", Prince George, V2K 2C9","phone":"250-552-5467","website":"\"","weekdayOperation":"N","weekendOperation":"N","servesUnder36Months":"N","serves30MonthsTo5Years":"N","servesPreschool":"N","servesKindergartenOutOfSchool":"N","servesGrade1To12OutOfSchool":"N","providesMeals":"\""}},{"type":"Feature","geometry":{"type":"Point","coordinates":[-122.797773,53.900322]},"properties":{"id":"childcare-1764","source":"bc_childcare_map","name":"Lariah's Little Learners Childcare","category":"child_care","serviceType":"Licensed Family","address":"4110 Campbell Ave, \", Prince George, V2N 3A9","phone":"250-562-9639","website":"\"","weekdayOperation":"N","weekendOperation":"N","servesUnder36Months":"N","serves30MonthsTo5Years":"N","servesPreschool":"N","servesKindergartenOutOfSchool":"N","servesGrade1To12OutOfSchool":"N","providesMeals":"\""}},{"type":"Feature","geometry":{"type":"Point","coordinates":[-122.779405,53.909752]},"properties":{"id":"childcare-1790","source":"bc_childcare_map","name":"Costumes & Crayons Daycare Center","category":"child_care","serviceType":"Licensed Group","address":"1600 Johnson St, \", Prince George, V2M 3A6","phone":"236-423-0132","website":"\"","weekdayOperation":"N","weekendOperation":"N","servesUnder36Months":"N","serves30MonthsTo5Years":"N","servesPreschool":"N","servesKindergartenOutOfSchool":"N","servesGrade1To12OutOfSchool":"N","providesMeals":"\""}},{"type":"Feature","geometry":{"type":"Point","coordinates":[-122.791498,53.925816]},"properties":{"id":"childcare-1861","source":"bc_childcare_map","name":"Chiddlers Daycare","category":"child_care","serviceType":"Licensed Family","address":"210 Quinn St N, \", Prince George, V2M 3J5","phone":"236-423-4241","website":"\"","weekdayOperation":"N","weekendOperation":"N","servesUnder36Months":"N","serves30MonthsTo5Years":"N","servesPreschool":"N","servesKindergartenOutOfSchool":"N","servesGrade1To12OutOfSchool":"N","providesMeals":"\""}},{"type":"Feature","geometry":{"type":"Point","coordinates":[-122.761925,53.887111]},"properties":{"id":"childcare-2105","source":"bc_childcare_map","name":"Northern Roots Family Child Care","category":"child_care","serviceType":"Licensed Family","address":"541 Runnals Ave, \", Prince George, V2N 1Z1","phone":"778-281-0262","website":"\"","weekdayOperation":"N","weekendOperation":"N","servesUnder36Months":"N","serves30MonthsTo5Years":"N","servesPreschool":"N","servesKindergartenOutOfSchool":"N","servesGrade1To12OutOfSchool":"N","providesMeals":"\""}},{"type":"Feature","geometry":{"type":"Point","coordinates":[-122.806052,53.854196]},"properties":{"id":"childcare-2109","source":"bc_childcare_map","name":"Little Tots Childcare","category":"child_care","serviceType":"Licensed Family","address":"7312 Aldeen Rd, \", Prince George, V2N 5P8","phone":"778-823-1716","website":"\"","weekdayOperation":"Y","weekendOperation":"N","servesUnder36Months":"Y","serves30MonthsTo5Years":"Y","servesPreschool":"N","servesKindergartenOutOfSchool":"N","servesGrade1To12OutOfSchool":"N","providesMeals":"Included in fee"}},{"type":"Feature","geometry":{"type":"Point","coordinates":[-122.775058,53.855962]},"properties":{"id":"childcare-2174","source":"bc_childcare_map","name":"The Creative Zone","category":"child_care","serviceType":"Licensed Family","address":"7937 St John Cres, \", Prince George, V2N 4H9","phone":"250-964-9585","website":"\"","weekdayOperation":"Y","weekendOperation":"N","servesUnder36Months":"Y","serves30MonthsTo5Years":"Y","servesPreschool":"N","servesKindergartenOutOfSchool":"N","servesGrade1To12OutOfSchool":"N","providesMeals":"Not offered"}},{"type":"Feature","geometry":{"type":"Point","coordinates":[-122.79841,53.94497]},"properties":{"id":"childcare-2236","source":"bc_childcare_map","name":"Megans Nature Childcare","category":"child_care","serviceType":"Licensed Family","address":"4236 Churchill Rd, \", Prince George, V2K 1C3","phone":"250-640-4076","website":"\"","weekdayOperation":"N","weekendOperation":"N","servesUnder36Months":"N","serves30MonthsTo5Years":"N","servesPreschool":"N","servesKindergartenOutOfSchool":"N","servesGrade1To12OutOfSchool":"N","providesMeals":"\""}},{"type":"Feature","geometry":{"type":"Point","coordinates":[-122.758591,53.899139]},"properties":{"id":"childcare-2262","source":"bc_childcare_map","name":"Bigs Nbc Early Learning Centre","category":"child_care","serviceType":"Licensed Group","address":"1788 Diefenbaker Dr, \", Prince George, V2M 2L3","phone":"250-563-7410","website":"\"","weekdayOperation":"N","weekendOperation":"N","servesUnder36Months":"N","serves30MonthsTo5Years":"N","servesPreschool":"N","servesKindergartenOutOfSchool":"N","servesGrade1To12OutOfSchool":"N","providesMeals":"\""}},{"type":"Feature","geometry":{"type":"Point","coordinates":[-122.757964,53.94632]},"properties":{"id":"childcare-2266","source":"bc_childcare_map","name":"Sky's The Limit Childcare","category":"child_care","serviceType":"Licensed Family","address":"2319 mcmillan Dr, \", Prince George, V2K 5R6","phone":"250-617-6370","website":"\"","weekdayOperation":"N","weekendOperation":"N","servesUnder36Months":"N","serves30MonthsTo5Years":"N","servesPreschool":"N","servesKindergartenOutOfSchool":"N","servesGrade1To12OutOfSchool":"N","providesMeals":"\""}},{"type":"Feature","geometry":{"type":"Point","coordinates":[-122.788562,53.898982]},"properties":{"id":"childcare-2319","source":"bc_childcare_map","name":"Precious Gems Daycare","category":"child_care","serviceType":"Licensed Group","address":"10-2440 Nicholson St S, \", Prince George, V2N 2M3","phone":"250-562-9881","website":"\"","weekdayOperation":"Y","weekendOperation":"N","servesUnder36Months":"Y","serves30MonthsTo5Years":"Y","servesPreschool":"N","servesKindergartenOutOfSchool":"Y","servesGrade1To12OutOfSchool":"Y","providesMeals":"Included in fee"}},{"type":"Feature","geometry":{"type":"Point","coordinates":[-122.934533,54.009906]},"properties":{"id":"childcare-2328","source":"bc_childcare_map","name":"Circle Z Childcare","category":"child_care","serviceType":"Licensed Family","address":"12785 Chief Lake Rd, \", Prince George, V2K 5J8","phone":"250-613-3726","website":"\"","weekdayOperation":"N","weekendOperation":"N","servesUnder36Months":"N","serves30MonthsTo5Years":"N","servesPreschool":"N","servesKindergartenOutOfSchool":"N","servesGrade1To12OutOfSchool":"N","providesMeals":"\""}},{"type":"Feature","geometry":{"type":"Point","coordinates":[-122.769548,53.91278]},"properties":{"id":"childcare-2369","source":"bc_childcare_map","name":"Little Peanuts Early Learning","category":"child_care","serviceType":"Licensed Family","address":"1257 Carney St, \", Prince George, V2M 2L3","phone":"250-552-6192","website":"\"","weekdayOperation":"\"","weekendOperation":"\"","servesUnder36Months":"\"","serves30MonthsTo5Years":"\"","servesPreschool":"\"","servesKindergartenOutOfSchool":"\"","servesGrade1To12OutOfSchool":"\"","providesMeals":"\""}},{"type":"Feature","geometry":{"type":"Point","coordinates":[-122.765245,53.849357]},"properties":{"id":"childcare-2399","source":"bc_childcare_map","name":"Kool Cats Family Care","category":"child_care","serviceType":"Licensed Group","address":"8008 Malaspina Ave, \", Prince George, V2N 4S7","phone":"250-964-2668","website":"\"","weekdayOperation":"N","weekendOperation":"N","servesUnder36Months":"N","serves30MonthsTo5Years":"N","servesPreschool":"N","servesKindergartenOutOfSchool":"N","servesGrade1To12OutOfSchool":"N","providesMeals":"\""}},{"type":"Feature","geometry":{"type":"Point","coordinates":[-122.796696,53.859222]},"properties":{"id":"childcare-2405","source":"bc_childcare_map","name":"Immaculate Conception School","category":"child_care","serviceType":"Licensed Group","address":"3285 Cathedral Ave, \", Prince George, V2N 6R4","phone":"250-964-4362","website":"\"","weekdayOperation":"N","weekendOperation":"N","servesUnder36Months":"N","serves30MonthsTo5Years":"N","servesPreschool":"N","servesKindergartenOutOfSchool":"N","servesGrade1To12OutOfSchool":"N","providesMeals":"\""}},{"type":"Feature","geometry":{"type":"Point","coordinates":[-122.79086,53.975409]},"properties":{"id":"childcare-2435","source":"bc_childcare_map","name":"Junior Trekkers","category":"child_care","serviceType":"Licensed Group","address":"2850 Sussex Pl, \", Prince George, V2K 3H9","phone":"250-617-0102","website":"\"","weekdayOperation":"Y","weekendOperation":"N","servesUnder36Months":"N","serves30MonthsTo5Years":"N","servesPreschool":"N","servesKindergartenOutOfSchool":"Y","servesGrade1To12OutOfSchool":"Y","providesMeals":"Not offered"}},{"type":"Feature","geometry":{"type":"Point","coordinates":[-122.817201,53.857978]},"properties":{"id":"childcare-2457","source":"bc_childcare_map","name":"ymca Vanway School Age Child Care","category":"child_care","serviceType":"Licensed Group","address":"4509 Highway 16 W, \", Prince George, V2N 5M8","phone":"250-961-7046","website":"\"","weekdayOperation":"N","weekendOperation":"N","servesUnder36Months":"N","serves30MonthsTo5Years":"N","servesPreschool":"N","servesKindergartenOutOfSchool":"N","servesGrade1To12OutOfSchool":"N","providesMeals":"\""}},{"type":"Feature","geometry":{"type":"Point","coordinates":[-122.785824,53.991043]},"properties":{"id":"childcare-2505","source":"bc_childcare_map","name":"Tsulh Cho (Huckleberry) Early Learning And Care Centre","category":"child_care","serviceType":"Licensed Group","address":"6776 Dagg Rd, \", Prince George, V2K 2R7","phone":"778-764-2429","website":"\"","weekdayOperation":"N","weekendOperation":"N","servesUnder36Months":"N","serves30MonthsTo5Years":"N","servesPreschool":"N","servesKindergartenOutOfSchool":"N","servesGrade1To12OutOfSchool":"N","providesMeals":"\""}},{"type":"Feature","geometry":{"type":"Point","coordinates":[-122.797375,53.948082]},"properties":{"id":"childcare-2530","source":"bc_childcare_map","name":"The Hundred Acre Wood Early Learning Centre","category":"child_care","serviceType":"Licensed Family","address":"2578 North Nechako Rd, \", Prince George, V2K 5C3","phone":"778-983-1324","website":"\"","weekdayOperation":"N","weekendOperation":"N","servesUnder36Months":"N","serves30MonthsTo5Years":"N","servesPreschool":"N","servesKindergartenOutOfSchool":"N","servesGrade1To12OutOfSchool":"N","providesMeals":"\""}},{"type":"Feature","geometry":{"type":"Point","coordinates":[-122.773482,53.913253]},"properties":{"id":"childcare-2560","source":"bc_childcare_map","name":"St. Mary's Daycare","category":"child_care","serviceType":"Licensed Group","address":"1206 Freeman St, \", Prince George, V2M 2V3","phone":"250-563-7502","website":"\"","weekdayOperation":"N","weekendOperation":"N","servesUnder36Months":"N","serves30MonthsTo5Years":"N","servesPreschool":"N","servesKindergartenOutOfSchool":"N","servesGrade1To12OutOfSchool":"N","providesMeals":"\""}},{"type":"Feature","geometry":{"type":"Point","coordinates":[-122.776308,53.978214]},"properties":{"id":"childcare-2609","source":"bc_childcare_map","name":"Munchkins Family Daycare","category":"child_care","serviceType":"Licensed Family","address":"5494 Lehman St, \", Prince George, V2K 4P2","phone":"250-640-4070","website":"\"","weekdayOperation":"N","weekendOperation":"N","servesUnder36Months":"N","serves30MonthsTo5Years":"N","servesPreschool":"N","servesKindergartenOutOfSchool":"N","servesGrade1To12OutOfSchool":"N","providesMeals":"\""}},{"type":"Feature","geometry":{"type":"Point","coordinates":[-122.797787,54.007146]},"properties":{"id":"childcare-2688","source":"bc_childcare_map","name":"Baby Duck's Early Learning Centre","category":"child_care","serviceType":"Licensed Group","address":"4247 Estavilla Dr, \", Prince George, V2K 2V2","phone":"250-552-4909","website":"\"","weekdayOperation":"N","weekendOperation":"N","servesUnder36Months":"N","serves30MonthsTo5Years":"N","servesPreschool":"N","servesKindergartenOutOfSchool":"N","servesGrade1To12OutOfSchool":"N","providesMeals":"\""}},{"type":"Feature","geometry":{"type":"Point","coordinates":[-122.760885,53.903596]},"properties":{"id":"childcare-2717","source":"bc_childcare_map","name":"Doodlebugs Daycare","category":"child_care","serviceType":"Licensed Family","address":"30A-2131 Upland St, \", Prince George, V2L 2V8","phone":"250-640-8897","website":"\"","weekdayOperation":"N","weekendOperation":"N","servesUnder36Months":"N","serves30MonthsTo5Years":"N","servesPreschool":"N","servesKindergartenOutOfSchool":"N","servesGrade1To12OutOfSchool":"N","providesMeals":"\""}},{"type":"Feature","geometry":{"type":"Point","coordinates":[-122.791408,53.919078]},"properties":{"id":"childcare-2749","source":"bc_childcare_map","name":"First Steps Daycare","category":"child_care","serviceType":"Licensed Family","address":"681 Tay Cres, \", Prince George, V2M 3V3","phone":"250-981-2249","website":"\"","weekdayOperation":"Y","weekendOperation":"N","servesUnder36Months":"Y","serves30MonthsTo5Years":"Y","servesPreschool":"N","servesKindergartenOutOfSchool":"N","servesGrade1To12OutOfSchool":"N","providesMeals":"Not offered"}},{"type":"Feature","geometry":{"type":"Point","coordinates":[-122.80794,53.920244]},"properties":{"id":"childcare-2771","source":"bc_childcare_map","name":"Hopes And Dreams Out Of School Childcare","category":"child_care","serviceType":"Licensed Group","address":"511 Tabor Blvd S, \", Prince George, V2M 6W7","phone":"250-617-4331","website":"\"","weekdayOperation":"N","weekendOperation":"N","servesUnder36Months":"N","serves30MonthsTo5Years":"N","servesPreschool":"N","servesKindergartenOutOfSchool":"N","servesGrade1To12OutOfSchool":"N","providesMeals":"\""}},{"type":"Feature","geometry":{"type":"Point","coordinates":[-122.77403,53.91399]},"properties":{"id":"childcare-2870","source":"bc_childcare_map","name":"St. Mary's After School Care","category":"child_care","serviceType":"Licensed Group","address":"1125 Freeman Street, \", Prince George, V2M 2R6","phone":"250-563-7502","website":"\"","weekdayOperation":"N","weekendOperation":"N","servesUnder36Months":"N","serves30MonthsTo5Years":"N","servesPreschool":"N","servesKindergartenOutOfSchool":"N","servesGrade1To12OutOfSchool":"N","providesMeals":"\""}},{"type":"Feature","geometry":{"type":"Point","coordinates":[-122.80366,54.00597]},"properties":{"id":"childcare-2871","source":"bc_childcare_map","name":"Little Bambinos Child Care","category":"child_care","serviceType":"Licensed Family","address":"8263 Peter Rd, \", Prince George, V2K 0B2","phone":"778-267-0197","website":"\"","weekdayOperation":"N","weekendOperation":"N","servesUnder36Months":"N","serves30MonthsTo5Years":"N","servesPreschool":"N","servesKindergartenOutOfSchool":"N","servesGrade1To12OutOfSchool":"N","providesMeals":"\""}},{"type":"Feature","geometry":{"type":"Point","coordinates":[-122.813294,53.919748]},"properties":{"id":"childcare-2896","source":"bc_childcare_map","name":"Costumes & Crayons It Centre Urquhart","category":"child_care","serviceType":"Licensed Group","address":"4480 Urquhart Crescent, \", Prince George, V2M 5H4","phone":"778-983-0806","website":"\"","weekdayOperation":"N","weekendOperation":"N","servesUnder36Months":"N","serves30MonthsTo5Years":"N","servesPreschool":"N","servesKindergartenOutOfSchool":"N","servesGrade1To12OutOfSchool":"N","providesMeals":"\""}},{"type":"Feature","geometry":{"type":"Point","coordinates":[-122.799733,53.993834]},"properties":{"id":"childcare-2962","source":"bc_childcare_map","name":"Mini Marvels Daycare","category":"child_care","serviceType":"Licensed Group","address":"4369 Turner Rd, \", Prince George, V2K 2J5","phone":"250-613-5897","website":"\"","weekdayOperation":"N","weekendOperation":"N","servesUnder36Months":"N","serves30MonthsTo5Years":"N","servesPreschool":"N","servesKindergartenOutOfSchool":"N","servesGrade1To12OutOfSchool":"N","providesMeals":"\""}},{"type":"Feature","geometry":{"type":"Point","coordinates":[-122.775471,53.920886]},"properties":{"id":"childcare-3042","source":"bc_childcare_map","name":"ymca Gillett School Age Care","category":"child_care","serviceType":"Licensed Group","address":"483 Gillett St, \", Prince George, V2M 2T6","phone":"250-960-9336","website":"\"","weekdayOperation":"N","weekendOperation":"N","servesUnder36Months":"N","serves30MonthsTo5Years":"N","servesPreschool":"N","servesKindergartenOutOfSchool":"N","servesGrade1To12OutOfSchool":"N","providesMeals":"\""}},{"type":"Feature","geometry":{"type":"Point","coordinates":[-122.793706,53.894455]},"properties":{"id":"childcare-3075","source":"bc_childcare_map","name":"Stepping Stones Family Day Care","category":"child_care","serviceType":"Licensed Family","address":"3785 Goheen Pl, \", Prince George, V2N 4Z4","phone":"250-552-9304","website":"\"","weekdayOperation":"N","weekendOperation":"N","servesUnder36Months":"N","serves30MonthsTo5Years":"N","servesPreschool":"N","servesKindergartenOutOfSchool":"N","servesGrade1To12OutOfSchool":"N","providesMeals":"\""}},{"type":"Feature","geometry":{"type":"Point","coordinates":[-122.792058,53.912243]},"properties":{"id":"childcare-3206","source":"bc_childcare_map","name":"Dad Does It Childcare","category":"child_care","serviceType":"Licensed Family","address":"1341 Kellogg Ave, \", Prince George, V2M 4B1","phone":"250-301-9442","website":"\"","weekdayOperation":"N","weekendOperation":"N","servesUnder36Months":"N","serves30MonthsTo5Years":"N","servesPreschool":"N","servesKindergartenOutOfSchool":"N","servesGrade1To12OutOfSchool":"N","providesMeals":"\""}},{"type":"Feature","geometry":{"type":"Point","coordinates":[-122.748192,53.915919]},"properties":{"id":"childcare-3217","source":"bc_childcare_map","name":"Tiny Tyke Town","category":"child_care","serviceType":"Licensed Group","address":"1388 5Th Ave, \", Prince George, V2L 3L4","phone":"250-899-4546","website":"\"","weekdayOperation":"N","weekendOperation":"N","servesUnder36Months":"N","serves30MonthsTo5Years":"N","servesPreschool":"N","servesKindergartenOutOfSchool":"N","servesGrade1To12OutOfSchool":"N","providesMeals":"\""}},{"type":"Feature","geometry":{"type":"Point","coordinates":[-122.764645,53.892763]},"properties":{"id":"childcare-3220","source":"bc_childcare_map","name":"4Pillar Early Learning Centre Inc.","category":"child_care","serviceType":"Licensed Group","address":"172 Mckenzie Avenue, \", Prince George, V2L 4N4","phone":"604-414-5757","website":"\"","weekdayOperation":"N","weekendOperation":"N","servesUnder36Months":"N","serves30MonthsTo5Years":"N","servesPreschool":"N","servesKindergartenOutOfSchool":"N","servesGrade1To12OutOfSchool":"N","providesMeals":"\""}},{"type":"Feature","geometry":{"type":"Point","coordinates":[-122.812541,53.91841]},"properties":{"id":"childcare-3258","source":"bc_childcare_map","name":"Taycare","category":"child_care","serviceType":"Licensed Family","address":"726 Selwyn Cres, \", Prince George, V2M 5H5","phone":"250-612-7892","website":"\"","weekdayOperation":"N","weekendOperation":"N","servesUnder36Months":"N","serves30MonthsTo5Years":"N","servesPreschool":"N","servesKindergartenOutOfSchool":"N","servesGrade1To12OutOfSchool":"N","providesMeals":"\""}},{"type":"Feature","geometry":{"type":"Point","coordinates":[-122.735886,53.905137]},"properties":{"id":"childcare-3335","source":"bc_childcare_map","name":"Preschool North & Childcare","category":"child_care","serviceType":"Licensed Group","address":"333 Becott Place, \", Prince George, V2L 4V7","phone":"250-565-5262","website":"\"","weekdayOperation":"N","weekendOperation":"N","servesUnder36Months":"N","serves30MonthsTo5Years":"N","servesPreschool":"N","servesKindergartenOutOfSchool":"N","servesGrade1To12OutOfSchool":"N","providesMeals":"\""}},{"type":"Feature","geometry":{"type":"Point","coordinates":[-122.772544,53.851401]},"properties":{"id":"childcare-3392","source":"bc_childcare_map","name":"Cherished Treasures","category":"child_care","serviceType":"Licensed Family","address":"7694 St Mark Cres, \", Prince George, V2N 4B8","phone":"250-649-8762","website":"\"","weekdayOperation":"N","weekendOperation":"N","servesUnder36Months":"N","serves30MonthsTo5Years":"N","servesPreschool":"N","servesKindergartenOutOfSchool":"N","servesGrade1To12OutOfSchool":"N","providesMeals":"\""}},{"type":"Feature","geometry":{"type":"Point","coordinates":[-122.741268,53.899115]},"properties":{"id":"childcare-3399","source":"bc_childcare_map","name":"The Tots Cave Daycare","category":"child_care","serviceType":"Licensed Group","address":"2414 Queensway, \", Prince George, V2L 1M8","phone":"587-917-1784","website":"\"","weekdayOperation":"N","weekendOperation":"N","servesUnder36Months":"N","serves30MonthsTo5Years":"N","servesPreschool":"N","servesKindergartenOutOfSchool":"N","servesGrade1To12OutOfSchool":"N","providesMeals":"\""}},{"type":"Feature","geometry":{"type":"Point","coordinates":[-122.737754,53.90586]},"properties":{"id":"childcare-3423","source":"bc_childcare_map","name":"Lheidli Littles' Lodge","category":"child_care","serviceType":"Licensed Group","address":"1950 Gorse Street, \", Prince George, V2L 1G6","phone":"236-601-0483","website":"\"","weekdayOperation":"N","weekendOperation":"N","servesUnder36Months":"N","serves30MonthsTo5Years":"N","servesPreschool":"N","servesKindergartenOutOfSchool":"N","servesGrade1To12OutOfSchool":"N","providesMeals":"\""}},{"type":"Feature","geometry":{"type":"Point","coordinates":[-122.74767,53.916345]},"properties":{"id":"childcare-3452","source":"bc_childcare_map","name":"Tiny Tykes On 4Th","category":"child_care","serviceType":"Licensed Group","address":"1367 4Th Ave, \", Prince George, V2L 3J6","phone":"250-899-4546","website":"\"","weekdayOperation":"N","weekendOperation":"N","servesUnder36Months":"N","serves30MonthsTo5Years":"N","servesPreschool":"N","servesKindergartenOutOfSchool":"N","servesGrade1To12OutOfSchool":"N","providesMeals":"\""}},{"type":"Feature","geometry":{"type":"Point","coordinates":[-122.780514,53.872191]},"properties":{"id":"childcare-3471","source":"bc_childcare_map","name":"Wise Owls Daycare Ltd","category":"child_care","serviceType":"Licensed Family","address":"4479 Wheeler Rd, \", Prince George, V2N 5H5","phone":"250-552-0945","website":"\"","weekdayOperation":"N","weekendOperation":"N","servesUnder36Months":"N","serves30MonthsTo5Years":"N","servesPreschool":"N","servesKindergartenOutOfSchool":"N","servesGrade1To12OutOfSchool":"N","providesMeals":"\""}},{"type":"Feature","geometry":{"type":"Point","coordinates":[-122.828569,53.836737]},"properties":{"id":"childcare-3483","source":"bc_childcare_map","name":"Mousewood Forest And Nature Early Learning And Family Centre","category":"child_care","serviceType":"Licensed Group","address":"8868 Haldi Rd, \", Prince George, V2N 6K1","phone":"250-906-0581","website":"\"","weekdayOperation":"N","weekendOperation":"N","servesUnder36Months":"N","serves30MonthsTo5Years":"N","servesPreschool":"N","servesKindergartenOutOfSchool":"N","servesGrade1To12OutOfSchool":"N","providesMeals":"\""}},{"type":"Feature","geometry":{"type":"Point","coordinates":[-122.766699,53.91013]},"properties":{"id":"childcare-3535","source":"bc_childcare_map","name":"Ilm-Alward","category":"child_care","serviceType":"Licensed Group","address":"1511 Alward Street, \", Prince George, V2M 2G7","phone":"250-585-7898","website":"\"","weekdayOperation":"N","weekendOperation":"N","servesUnder36Months":"N","serves30MonthsTo5Years":"N","servesPreschool":"N","servesKindergartenOutOfSchool":"N","servesGrade1To12OutOfSchool":"N","providesMeals":"\""}},{"type":"Feature","geometry":{"type":"Point","coordinates":[-122.764713,53.892478]},"properties":{"id":"childcare-3557","source":"bc_childcare_map","name":"4Pillar Early Learning Centre Inc Pg","category":"child_care","serviceType":"Licensed Group","address":"177 Mckenzie Ave, \", Prince George, V2L 4N5","phone":"778-636-4717","website":"\"","weekdayOperation":"N","weekendOperation":"N","servesUnder36Months":"N","serves30MonthsTo5Years":"N","servesPreschool":"N","servesKindergartenOutOfSchool":"N","servesGrade1To12OutOfSchool":"N","providesMeals":"\""}},{"type":"Feature","geometry":{"type":"Point","coordinates":[-122.801632,53.980924]},"properties":{"id":"childcare-3610","source":"bc_childcare_map","name":"Northern Lights Out Of School Care","category":"child_care","serviceType":"Licensed Group","address":"4412 Enns Rd, \", Prince George, V2K 4X3","phone":"250-714-9864","website":"\"","weekdayOperation":"N","weekendOperation":"N","servesUnder36Months":"N","serves30MonthsTo5Years":"N","servesPreschool":"N","servesKindergartenOutOfSchool":"N","servesGrade1To12OutOfSchool":"N","providesMeals":"\""}},{"type":"Feature","geometry":{"type":"Point","coordinates":[-122.809859,53.984559]},"properties":{"id":"childcare-3697","source":"bc_childcare_map","name":"Little Valley Daycare","category":"child_care","serviceType":"Licensed Family","address":"4798 Vellencher Rd, \", Prince George, V2K 4P1","phone":"250-617-2698","website":"\"","weekdayOperation":"N","weekendOperation":"N","servesUnder36Months":"N","serves30MonthsTo5Years":"N","servesPreschool":"N","servesKindergartenOutOfSchool":"N","servesGrade1To12OutOfSchool":"N","providesMeals":"\""}},{"type":"Feature","geometry":{"type":"Point","coordinates":[-122.747772,53.912579]},"properties":{"id":"childcare-3703","source":"bc_childcare_map","name":"Wild Haven Dayhome","category":"child_care","serviceType":"Licensed Family","address":"12910 Eagle Crest Rd, \", Prince George, V2K 5V3","phone":"250-981-6595","website":"\"","weekdayOperation":"N","weekendOperation":"N","servesUnder36Months":"N","serves30MonthsTo5Years":"N","servesPreschool":"N","servesKindergartenOutOfSchool":"N","servesGrade1To12OutOfSchool":"N","providesMeals":"\""}},{"type":"Feature","geometry":{"type":"Point","coordinates":[-122.794715,53.898393]},"properties":{"id":"childcare-3727","source":"bc_childcare_map","name":"Giggleberry Early Learning Centre","category":"child_care","serviceType":"Licensed Group","address":"2460 Foot St, \", Prince George, V2N 2Y4","phone":"250-960-9893","website":"\"","weekdayOperation":"Y","weekendOperation":"N","servesUnder36Months":"Y","serves30MonthsTo5Years":"N","servesPreschool":"N","servesKindergartenOutOfSchool":"N","servesGrade1To12OutOfSchool":"N","providesMeals":"Not offered"}},{"type":"Feature","geometry":{"type":"Point","coordinates":[-122.784395,53.894817]},"properties":{"id":"childcare-3856","source":"bc_childcare_map","name":"Big Dreams Learning Center","category":"child_care","serviceType":"Licensed Group","address":"2670 Vanier Drive, \", Prince George, V2N 1T7","phone":"250-981-7433","website":"\"","weekdayOperation":"N","weekendOperation":"N","servesUnder36Months":"N","serves30MonthsTo5Years":"N","servesPreschool":"N","servesKindergartenOutOfSchool":"N","servesGrade1To12OutOfSchool":"N","providesMeals":"\""}},{"type":"Feature","geometry":{"type":"Point","coordinates":[-122.792025,53.925525]},"properties":{"id":"childcare-3906","source":"bc_childcare_map","name":"Thimbleberry Early Years Society","category":"child_care","serviceType":"Licensed Group","address":"109 Riley Dr, \", Prince George, V2M 3N9","phone":"250-617-6886","website":"\"","weekdayOperation":"N","weekendOperation":"N","servesUnder36Months":"N","serves30MonthsTo5Years":"N","servesPreschool":"N","servesKindergartenOutOfSchool":"N","servesGrade1To12OutOfSchool":"N","providesMeals":"\""}},{"type":"Feature","geometry":{"type":"Point","coordinates":[-122.789178,53.986656]},"properties":{"id":"childcare-3925","source":"bc_childcare_map","name":"Curious Minds Family Daycare","category":"child_care","serviceType":"Licensed Family","address":"3722 Balsum Rd, \", Prince George, V2K 1Z7","phone":"250-640-0465","website":"\"","weekdayOperation":"Y","weekendOperation":"N","servesUnder36Months":"Y","serves30MonthsTo5Years":"Y","servesPreschool":"N","servesKindergartenOutOfSchool":"Y","servesGrade1To12OutOfSchool":"N","providesMeals":"Included in fee"}},{"type":"Feature","geometry":{"type":"Point","coordinates":[-122.745672,53.916111]},"properties":{"id":"childcare-3934","source":"bc_childcare_map","name":"Tyke Town Corner","category":"child_care","serviceType":"Licensed Group","address":"1240 4Th Avenue, \", Prince George, V2L 3J4","phone":"250-899-4546","website":"\"","weekdayOperation":"N","weekendOperation":"N","servesUnder36Months":"N","serves30MonthsTo5Years":"N","servesPreschool":"N","servesKindergartenOutOfSchool":"N","servesGrade1To12OutOfSchool":"N","providesMeals":"\""}},{"type":"Feature","geometry":{"type":"Point","coordinates":[-122.809109,53.937836]},"properties":{"id":"childcare-3999","source":"bc_childcare_map","name":"Tracey’S Place Daycare","category":"child_care","serviceType":"Licensed Family","address":"4634 Ryser Crt, \", Prince George, V2M 6X8","phone":"250-961-9098","website":"\"","weekdayOperation":"N","weekendOperation":"N","servesUnder36Months":"N","serves30MonthsTo5Years":"N","servesPreschool":"N","servesKindergartenOutOfSchool":"N","servesGrade1To12OutOfSchool":"N","providesMeals":"\""}},{"type":"Feature","geometry":{"type":"Point","coordinates":[-122.782187,53.988802]},"properties":{"id":"childcare-4005","source":"bc_childcare_map","name":"Tadpole Ranch Daycare","category":"child_care","serviceType":"Licensed Group","address":"6599 Driftwood Rd, \", Prince George, V2K 4E4","phone":"250-612-2955","website":"\"","weekdayOperation":"N","weekendOperation":"N","servesUnder36Months":"N","serves30MonthsTo5Years":"N","servesPreschool":"N","servesKindergartenOutOfSchool":"N","servesGrade1To12OutOfSchool":"N","providesMeals":"\""}},{"type":"Feature","geometry":{"type":"Point","coordinates":[-122.81499,53.911972]},"properties":{"id":"childcare-4009","source":"bc_childcare_map","name":"Happy Home Day Care","category":"child_care","serviceType":"Licensed Family","address":"4545 Cascade Ave, \", Prince George, V2M 6L5","phone":"250-777-3204","website":"\"","weekdayOperation":"Y","weekendOperation":"N","servesUnder36Months":"Y","serves30MonthsTo5Years":"Y","servesPreschool":"N","servesKindergartenOutOfSchool":"N","servesGrade1To12OutOfSchool":"N","providesMeals":"Included in fee"}},{"type":"Feature","geometry":{"type":"Point","coordinates":[-122.797412,53.874498]},"properties":{"id":"childcare-4010","source":"bc_childcare_map","name":"Sweet Pumpkins Day Care Inc","category":"child_care","serviceType":"Licensed Group","address":"2501 Chancellor Blvd, \", Prince George, V2N 0E6","phone":"647-642-1112","website":"\"","weekdayOperation":"N","weekendOperation":"N","servesUnder36Months":"N","serves30MonthsTo5Years":"N","servesPreschool":"N","servesKindergartenOutOfSchool":"N","servesGrade1To12OutOfSchool":"N","providesMeals":"\""}},{"type":"Feature","geometry":{"type":"Point","coordinates":[-122.783673,53.870409]},"properties":{"id":"childcare-4061","source":"bc_childcare_map","name":"Seven Tiny Toes Childcare","category":"child_care","serviceType":"Licensed Group","address":"4427 Wheeler Rd, \", Prince George, V2N 5H4","phone":"778-675-9893","website":"\"","weekdayOperation":"N","weekendOperation":"N","servesUnder36Months":"N","serves30MonthsTo5Years":"N","servesPreschool":"N","servesKindergartenOutOfSchool":"N","servesGrade1To12OutOfSchool":"N","providesMeals":"Not offered"}},{"type":"Feature","geometry":{"type":"Point","coordinates":[-122.795116,53.976742]},"properties":{"id":"childcare-4064","source":"bc_childcare_map","name":"Hart Highlands Montessori Day Care Inc.","category":"child_care","serviceType":"Licensed Family","address":"2886 Langley Cres, \", Prince George, V2K 3J8","phone":"778-927-2313","website":"\"","weekdayOperation":"Y","weekendOperation":"N","servesUnder36Months":"Y","serves30MonthsTo5Years":"Y","servesPreschool":"N","servesKindergartenOutOfSchool":"N","servesGrade1To12OutOfSchool":"N","providesMeals":"Not offered"}},{"type":"Feature","geometry":{"type":"Point","coordinates":[-122.779937,53.931266]},"properties":{"id":"childcare-4100","source":"bc_childcare_map","name":"Selva Montessori","category":"child_care","serviceType":"Licensed Group","address":"2-556 North Nechako Rd, \", Prince George, V2K 1A1","phone":"250-301-7229","website":"\"","weekdayOperation":"\"","weekendOperation":"\"","servesUnder36Months":"\"","serves30MonthsTo5Years":"\"","servesPreschool":"\"","servesKindergartenOutOfSchool":"\"","servesGrade1To12OutOfSchool":"\"","providesMeals":"\""}},{"type":"Feature","geometry":{"type":"Point","coordinates":[-122.805025,53.922118]},"properties":{"id":"childcare-4172","source":"bc_childcare_map","name":"Playhouse","category":"child_care","serviceType":"Licensed Family","address":"4242 Carrier Ave, \", Prince George, V2M 5M9","phone":"250-614-2303","website":"\"","weekdayOperation":"N","weekendOperation":"N","servesUnder36Months":"N","serves30MonthsTo5Years":"N","servesPreschool":"N","servesKindergartenOutOfSchool":"N","servesGrade1To12OutOfSchool":"N","providesMeals":"\""}},{"type":"Feature","geometry":{"type":"Point","coordinates":[-122.815843,53.916121]},"properties":{"id":"childcare-4195","source":"bc_childcare_map","name":"L'il Monsters Daycare","category":"child_care","serviceType":"Licensed Family","address":"921 Ochakwin Cres, \", Prince George, V2M 5P5","phone":"250-561-9409","website":"\"","weekdayOperation":"N","weekendOperation":"N","servesUnder36Months":"N","serves30MonthsTo5Years":"N","servesPreschool":"N","servesKindergartenOutOfSchool":"N","servesGrade1To12OutOfSchool":"N","providesMeals":"\""}},{"type":"Feature","geometry":{"type":"Point","coordinates":[-122.800401,53.855196]},"properties":{"id":"childcare-4196","source":"bc_childcare_map","name":"Always Sunshine","category":"child_care","serviceType":"Licensed Family","address":"3219 Embree Pl, \", Prince George, V2N 0A4","phone":"250-961-0540","website":"\"","weekdayOperation":"N","weekendOperation":"N","servesUnder36Months":"N","serves30MonthsTo5Years":"N","servesPreschool":"N","servesKindergartenOutOfSchool":"N","servesGrade1To12OutOfSchool":"N","providesMeals":"\""}},{"type":"Feature","geometry":{"type":"Point","coordinates":[-122.81863,53.84766]},"properties":{"id":"childcare-4200","source":"bc_childcare_map","name":"Huggabug","category":"child_care","serviceType":"Licensed Family","address":"5570 Heyer Rd, \", Prince George, V2N 6P7","phone":"250-964-1971","website":"\"","weekdayOperation":"N","weekendOperation":"N","servesUnder36Months":"N","serves30MonthsTo5Years":"N","servesPreschool":"N","servesKindergartenOutOfSchool":"N","servesGrade1To12OutOfSchool":"N","providesMeals":"\""}},{"type":"Feature","geometry":{"type":"Point","coordinates":[-122.786204,53.920396]},"properties":{"id":"childcare-4230","source":"bc_childcare_map","name":"Edge Meadows Preschool","category":"child_care","serviceType":"Licensed Group","address":"3555 5Th Ave, \", Prince George, V2M 1K8","phone":"250-649-9681","website":"\"","weekdayOperation":"N","weekendOperation":"N","servesUnder36Months":"N","serves30MonthsTo5Years":"N","servesPreschool":"N","servesKindergartenOutOfSchool":"N","servesGrade1To12OutOfSchool":"N","providesMeals":"\""}},{"type":"Feature","geometry":{"type":"Point","coordinates":[-122.805178,53.981993]},"properties":{"id":"childcare-4260","source":"bc_childcare_map","name":"Rainbow Kids Daycare","category":"child_care","serviceType":"Licensed Family","address":"4521 Stauble Rd, \", Prince George, V2K 4W9","phone":"250-962-9719","website":"\"","weekdayOperation":"N","weekendOperation":"N","servesUnder36Months":"N","serves30MonthsTo5Years":"N","servesPreschool":"N","servesKindergartenOutOfSchool":"N","servesGrade1To12OutOfSchool":"N","providesMeals":"\""}},{"type":"Feature","geometry":{"type":"Point","coordinates":[-122.807946,53.920246]},"properties":{"id":"childcare-4317","source":"bc_childcare_map","name":"Prince George Cornerstone Learning Centre","category":"child_care","serviceType":"Licensed Group","address":"511 South Tabor Blvd, \", Prince George, V2M 6W7","phone":"250-552-1098","website":"\"","weekdayOperation":"N","weekendOperation":"N","servesUnder36Months":"N","serves30MonthsTo5Years":"N","servesPreschool":"N","servesKindergartenOutOfSchool":"N","servesGrade1To12OutOfSchool":"N","providesMeals":"\""}},{"type":"Feature","geometry":{"type":"Point","coordinates":[-122.779001,53.989421]},"properties":{"id":"childcare-4351","source":"bc_childcare_map","name":"Wee Care Day Care","category":"child_care","serviceType":"Licensed Family","address":"3111 Austin Rd E, \", Prince George, V2K 2K6","phone":"250-962-2217","website":"\"","weekdayOperation":"N","weekendOperation":"N","servesUnder36Months":"N","serves30MonthsTo5Years":"N","servesPreschool":"N","servesKindergartenOutOfSchool":"N","servesGrade1To12OutOfSchool":"N","providesMeals":"\""}},{"type":"Feature","geometry":{"type":"Point","coordinates":[-122.800309,53.898049]},"properties":{"id":"childcare-4352","source":"bc_childcare_map","name":"The Friendship Garden Family Day Care","category":"child_care","serviceType":"Licensed Family","address":"4150 Morgan Cres, \", Prince George, V2N 3E6","phone":"250-564-9350","website":"\"","weekdayOperation":"N","weekendOperation":"N","servesUnder36Months":"N","serves30MonthsTo5Years":"N","servesPreschool":"N","servesKindergartenOutOfSchool":"N","servesGrade1To12OutOfSchool":"N","providesMeals":"\""}},{"type":"Feature","geometry":{"type":"Point","coordinates":[-122.797945,53.898498]},"properties":{"id":"childcare-4358","source":"bc_childcare_map","name":"Grizzly Den Daycare","category":"child_care","serviceType":"Licensed Family","address":"4118 Guest Cres, \", Prince George, V2N 3G4","phone":"250-617-6494","website":"\"","weekdayOperation":"N","weekendOperation":"N","servesUnder36Months":"N","serves30MonthsTo5Years":"N","servesPreschool":"N","servesKindergartenOutOfSchool":"N","servesGrade1To12OutOfSchool":"N","providesMeals":"\""}},{"type":"Feature","geometry":{"type":"Point","coordinates":[-122.763427,53.955812]},"properties":{"id":"childcare-4435","source":"bc_childcare_map","name":"Dandilions & Daisies Family Day Care","category":"child_care","serviceType":"Licensed Family","address":"3473 Clearwood Cres, \", Prince George, V2K 4R1","phone":"250-962-6498","website":"\"","weekdayOperation":"N","weekendOperation":"N","servesUnder36Months":"N","serves30MonthsTo5Years":"N","servesPreschool":"N","servesKindergartenOutOfSchool":"N","servesGrade1To12OutOfSchool":"N","providesMeals":"\""}},{"type":"Feature","geometry":{"type":"Point","coordinates":[-122.804689,53.92179]},"properties":{"id":"childcare-4490","source":"bc_childcare_map","name":"Clarke's Candyland","category":"child_care","serviceType":"Licensed Family","address":"4231 Carrier Ave, \", Prince George, V2M 5T9","phone":"250-614-9563","website":"\"","weekdayOperation":"N","weekendOperation":"N","servesUnder36Months":"N","serves30MonthsTo5Years":"N","servesPreschool":"N","servesKindergartenOutOfSchool":"N","servesGrade1To12OutOfSchool":"N","providesMeals":"\""}},{"type":"Feature","geometry":{"type":"Point","coordinates":[-122.79671,53.979349]},"properties":{"id":"childcare-4501","source":"bc_childcare_map","name":"Little Shooting Stars Family Day Care","category":"child_care","serviceType":"Licensed Family","address":"3049 Poyner Cres, \", Prince George, V2K 2B8","phone":"250-613-5152","website":"\"","weekdayOperation":"N","weekendOperation":"N","servesUnder36Months":"N","serves30MonthsTo5Years":"N","servesPreschool":"N","servesKindergartenOutOfSchool":"N","servesGrade1To12OutOfSchool":"N","providesMeals":"\""}},{"type":"Feature","geometry":{"type":"Point","coordinates":[-122.988115,54.085229]},"properties":{"id":"childcare-4507","source":"bc_childcare_map","name":"Nukko Lake Child Care","category":"child_care","serviceType":"Licensed Group","address":"23955 Chief Lake Rd, \", Prince George, V2K 5L1","phone":"250-981-4886","website":"\"","weekdayOperation":"N","weekendOperation":"N","servesUnder36Months":"N","serves30MonthsTo5Years":"N","servesPreschool":"N","servesKindergartenOutOfSchool":"N","servesGrade1To12OutOfSchool":"N","providesMeals":"\""}},{"type":"Feature","geometry":{"type":"Point","coordinates":[-122.828646,54.032146]},"properties":{"id":"childcare-4531","source":"bc_childcare_map","name":"Teddy Bear Junction","category":"child_care","serviceType":"Licensed Family","address":"5963 Ferguson Lake Rd, \", Prince George, V2K 5V2","phone":"250-552-0374","website":"\"","weekdayOperation":"N","weekendOperation":"N","servesUnder36Months":"N","serves30MonthsTo5Years":"N","servesPreschool":"N","servesKindergartenOutOfSchool":"N","servesGrade1To12OutOfSchool":"N","providesMeals":"Extra fee"}},{"type":"Feature","geometry":{"type":"Point","coordinates":[-122.809656,53.927899]},"properties":{"id":"childcare-4535","source":"bc_childcare_map","name":"Power Of Friendship Aboriginal Head Start Program","category":"child_care","serviceType":"Licensed Group","address":"110 Anderson St, \", Prince George, V2M 4Z1","phone":"250-564-3568","website":"\"","weekdayOperation":"N","weekendOperation":"N","servesUnder36Months":"N","serves30MonthsTo5Years":"N","servesPreschool":"N","servesKindergartenOutOfSchool":"N","servesGrade1To12OutOfSchool":"N","providesMeals":"\""}},{"type":"Feature","geometry":{"type":"Point","coordinates":[-122.757616,53.919996]},"properties":{"id":"childcare-4536","source":"bc_childcare_map","name":"Pg Aboriginal Head Start","category":"child_care","serviceType":"Licensed Group","address":"1945 3Rd Ave, \", Prince George, V2M 1G6","phone":"250-564-3568","website":"\"","weekdayOperation":"N","weekendOperation":"N","servesUnder36Months":"N","serves30MonthsTo5Years":"N","servesPreschool":"N","servesKindergartenOutOfSchool":"N","servesGrade1To12OutOfSchool":"N","providesMeals":"\""}},{"type":"Feature","geometry":{"type":"Point","coordinates":[-122.781838,53.853446]},"properties":{"id":"childcare-4551","source":"bc_childcare_map","name":"Little Blessings Daycare","category":"child_care","serviceType":"Licensed Family","address":"8454 St Lawrence Ave, \", Prince George, V2N 5G9","phone":"250-961-6173","website":"\"","weekdayOperation":"N","weekendOperation":"N","servesUnder36Months":"N","serves30MonthsTo5Years":"N","servesPreschool":"N","servesKindergartenOutOfSchool":"N","servesGrade1To12OutOfSchool":"N","providesMeals":"\""}},{"type":"Feature","geometry":{"type":"Point","coordinates":[-122.78511,53.990656]},"properties":{"id":"childcare-4566","source":"bc_childcare_map","name":"Abra-Kid-Abra Out Of School Daycare","category":"child_care","serviceType":"Licensed Group","address":"6742 Dagg Rd, \", Prince George, V2K 3Y4","phone":"250-962-9398","website":"\"","weekdayOperation":"N","weekendOperation":"N","servesUnder36Months":"N","serves30MonthsTo5Years":"N","servesPreschool":"N","servesKindergartenOutOfSchool":"N","servesGrade1To12OutOfSchool":"N","providesMeals":"\""}},{"type":"Feature","geometry":{"type":"Point","coordinates":[-122.812072,53.91385]},"properties":{"id":"childcare-4573","source":"bc_childcare_map","name":"Kitty's Korner","category":"child_care","serviceType":"Licensed Family","address":"1117 Limestone Cres, \", Prince George, V2M 4Z5","phone":"250-564-1535","website":"\"","weekdayOperation":"N","weekendOperation":"N","servesUnder36Months":"N","serves30MonthsTo5Years":"N","servesPreschool":"N","servesKindergartenOutOfSchool":"N","servesGrade1To12OutOfSchool":"N","providesMeals":"\""}},{"type":"Feature","geometry":{"type":"Point","coordinates":[-122.815619,53.920905]},"properties":{"id":"childcare-4575","source":"bc_childcare_map","name":"Cedars Christian School Pre-School","category":"child_care","serviceType":"Licensed Group","address":"4590 5Th Ave, \", Prince George, V2M 6B6","phone":"250-564-0707","website":"\"","weekdayOperation":"N","weekendOperation":"N","servesUnder36Months":"N","serves30MonthsTo5Years":"N","servesPreschool":"N","servesKindergartenOutOfSchool":"N","servesGrade1To12OutOfSchool":"N","providesMeals":"\""}},{"type":"Feature","geometry":{"type":"Point","coordinates":[-122.798001,53.946227]},"properties":{"id":"childcare-4580","source":"bc_childcare_map","name":"Little Achievers Day Care","category":"child_care","serviceType":"Licensed Family","address":"4188 Craig Dr, \", Prince George, V2K 1E5","phone":"250-563-3315","website":"\"","weekdayOperation":"N","weekendOperation":"N","servesUnder36Months":"N","serves30MonthsTo5Years":"N","servesPreschool":"N","servesKindergartenOutOfSchool":"N","servesGrade1To12OutOfSchool":"N","providesMeals":"\""}},{"type":"Feature","geometry":{"type":"Point","coordinates":[-122.767018,53.855981]},"properties":{"id":"childcare-4589","source":"bc_childcare_map","name":"Tunz O Fun Family Day Care","category":"child_care","serviceType":"Licensed Family","address":"7797 Queens Cres, \", Prince George, V2N 3H3","phone":"250-981-6238","website":"\"","weekdayOperation":"N","weekendOperation":"N","servesUnder36Months":"N","serves30MonthsTo5Years":"N","servesPreschool":"N","servesKindergartenOutOfSchool":"N","servesGrade1To12OutOfSchool":"N","providesMeals":"\""}},{"type":"Feature","geometry":{"type":"Point","coordinates":[-122.792448,53.915895]},"properties":{"id":"childcare-4625","source":"bc_childcare_map","name":"Bbbs Nbc Asc Spruceland","category":"child_care","serviceType":"Licensed Group","address":"3805 Rainbow Dr, \", Prince George, V2M 3W2","phone":"250-563-7410","website":"\"","weekdayOperation":"N","weekendOperation":"N","servesUnder36Months":"N","serves30MonthsTo5Years":"N","servesPreschool":"N","servesKindergartenOutOfSchool":"N","servesGrade1To12OutOfSchool":"N","providesMeals":"\""}},{"type":"Feature","geometry":{"type":"Point","coordinates":[-122.818823,53.93334]},"properties":{"id":"childcare-4685","source":"bc_childcare_map","name":"Jelly Bean Bunch Childcare","category":"child_care","serviceType":"Licensed Family","address":"183 Van Somer St, \", Prince George, V2N 6C9","phone":"250-961-1463","website":"\"","weekdayOperation":"N","weekendOperation":"N","servesUnder36Months":"N","serves30MonthsTo5Years":"N","servesPreschool":"N","servesKindergartenOutOfSchool":"N","servesGrade1To12OutOfSchool":"N","providesMeals":"\""}},{"type":"Feature","geometry":{"type":"Point","coordinates":[-122.74263,53.899863]},"properties":{"id":"childcare-4699","source":"bc_childcare_map","name":"Little Monkey's Day Care","category":"child_care","serviceType":"Licensed Family","address":"2384 Jasper St, \", Prince George, V2L 1P1","phone":"250-561-1902","website":"\"","weekdayOperation":"N","weekendOperation":"N","servesUnder36Months":"N","serves30MonthsTo5Years":"N","servesPreschool":"N","servesKindergartenOutOfSchool":"N","servesGrade1To12OutOfSchool":"N","providesMeals":"\""}},{"type":"Feature","geometry":{"type":"Point","coordinates":[-122.783481,53.991529]},"properties":{"id":"childcare-4764","source":"bc_childcare_map","name":"Giggles And Stickers Daycare","category":"child_care","serviceType":"Licensed Family","address":"6824 Glenview Dr, \", Prince George, V2K 2N8","phone":"250-612-1519","website":"\"","weekdayOperation":"N","weekendOperation":"N","servesUnder36Months":"N","serves30MonthsTo5Years":"N","servesPreschool":"N","servesKindergartenOutOfSchool":"N","servesGrade1To12OutOfSchool":"N","providesMeals":"\""}},{"type":"Feature","geometry":{"type":"Point","coordinates":[-122.780439,53.858258]},"properties":{"id":"childcare-4801","source":"bc_childcare_map","name":"Peanuts Lifetime Pals Club","category":"child_care","serviceType":"Licensed Group","address":"7148 Southridge Ave, \", Prince George, V2N 4Y6","phone":"250-964-3326","website":"\"","weekdayOperation":"N","weekendOperation":"N","servesUnder36Months":"N","serves30MonthsTo5Years":"N","servesPreschool":"N","servesKindergartenOutOfSchool":"N","servesGrade1To12OutOfSchool":"N","providesMeals":"\""}},{"type":"Feature","geometry":{"type":"Point","coordinates":[-122.780739,53.89579]},"properties":{"id":"childcare-4876","source":"bc_childcare_map","name":"Solid Foundations Family Daycare","category":"child_care","serviceType":"Licensed Family","address":"2626 Tweedsmuir Ave, \", Prince George, V2N 1E7","phone":"250-614-9226","website":"\"","weekdayOperation":"N","weekendOperation":"N","servesUnder36Months":"N","serves30MonthsTo5Years":"N","servesPreschool":"N","servesKindergartenOutOfSchool":"N","servesGrade1To12OutOfSchool":"N","providesMeals":"\""}},{"type":"Feature","geometry":{"type":"Point","coordinates":[-122.784961,53.8952]},"properties":{"id":"childcare-4892","source":"bc_childcare_map","name":"ymca Westwood After School Care","category":"child_care","serviceType":"Licensed Group","address":"2633 Vanier Dr, \", Prince George, V2N 1V1","phone":"250-961-7046","website":"\"","weekdayOperation":"N","weekendOperation":"N","servesUnder36Months":"N","serves30MonthsTo5Years":"N","servesPreschool":"N","servesKindergartenOutOfSchool":"N","servesGrade1To12OutOfSchool":"N","providesMeals":"\""}},{"type":"Feature","geometry":{"type":"Point","coordinates":[-122.78967,53.895907]},"properties":{"id":"childcare-4937","source":"bc_childcare_map","name":"Gentle Rain Family Child Care","category":"child_care","serviceType":"Licensed Family","address":"3618 Forest Ave, \", Prince George, V2N 3Z5","phone":"250-561-7015","website":"\"","weekdayOperation":"N","weekendOperation":"N","servesUnder36Months":"N","serves30MonthsTo5Years":"N","servesPreschool":"N","servesKindergartenOutOfSchool":"N","servesGrade1To12OutOfSchool":"N","providesMeals":"\""}},{"type":"Feature","geometry":{"type":"Point","coordinates":[-122.809214,53.915506]},"properties":{"id":"childcare-4962","source":"bc_childcare_map","name":"Little Niblets Family Daycare","category":"child_care","serviceType":"Licensed Family","address":"853 Faulkner Cres, \", Prince George, V2M 5E1","phone":"250-562-4419","website":"\"","weekdayOperation":"N","weekendOperation":"N","servesUnder36Months":"N","serves30MonthsTo5Years":"N","servesPreschool":"N","servesKindergartenOutOfSchool":"N","servesGrade1To12OutOfSchool":"N","providesMeals":"\""}},{"type":"Feature","geometry":{"type":"Point","coordinates":[-122.64316,53.89867]},"properties":{"id":"childcare-4983","source":"bc_childcare_map","name":"Amanda's Angels","category":"child_care","serviceType":"Licensed Family","address":"5428 Giscome Rd, \", Prince George, V2N 6S7","phone":"250-963-0044","website":"\"","weekdayOperation":"N","weekendOperation":"N","servesUnder36Months":"N","serves30MonthsTo5Years":"N","servesPreschool":"N","servesKindergartenOutOfSchool":"N","servesGrade1To12OutOfSchool":"N","providesMeals":"\""}},{"type":"Feature","geometry":{"type":"Point","coordinates":[-122.736563,53.907998]},"properties":{"id":"childcare-5111","source":"bc_childcare_map","name":"Le Coin Des Petits","category":"child_care","serviceType":"Licensed Group","address":"1752 Fir St, \", Prince George, V2L 1E7","phone":"250-561-2565","website":"\"","weekdayOperation":"N","weekendOperation":"N","servesUnder36Months":"N","serves30MonthsTo5Years":"N","servesPreschool":"N","servesKindergartenOutOfSchool":"N","servesGrade1To12OutOfSchool":"N","providesMeals":"\""}},{"type":"Feature","geometry":{"type":"Point","coordinates":[-122.805339,53.9173]},"properties":{"id":"childcare-5178","source":"bc_childcare_map","name":"Lisa's Daycare","category":"child_care","serviceType":"Licensed Family","address":"4262 Merton Cres, \", Prince George, V2M 5B8","phone":"250-564-5411","website":"\"","weekdayOperation":"N","weekendOperation":"N","servesUnder36Months":"N","serves30MonthsTo5Years":"N","servesPreschool":"N","servesKindergartenOutOfSchool":"N","servesGrade1To12OutOfSchool":"N","providesMeals":"\""}},{"type":"Feature","geometry":{"type":"Point","coordinates":[-122.78405,53.92999]},"properties":{"id":"childcare-5225","source":"bc_childcare_map","name":"Cedars Child Care","category":"child_care","serviceType":"Licensed Group","address":"600 Preston Rd, \", Prince George, V2K 1A8","phone":"250-564-0707","website":"\"","weekdayOperation":"N","weekendOperation":"N","servesUnder36Months":"N","serves30MonthsTo5Years":"N","servesPreschool":"N","servesKindergartenOutOfSchool":"N","servesGrade1To12OutOfSchool":"N","providesMeals":"\""}},{"type":"Feature","geometry":{"type":"Point","coordinates":[-122.790317,53.891387]},"properties":{"id":"childcare-5332","source":"bc_childcare_map","name":"Precious Angels Family Daycare","category":"child_care","serviceType":"Licensed Family","address":"2920 Christopher Cres, \", Prince George, V2N 4S4","phone":"250-960-0084","website":"\"","weekdayOperation":"N","weekendOperation":"N","servesUnder36Months":"N","serves30MonthsTo5Years":"N","servesPreschool":"N","servesKindergartenOutOfSchool":"N","servesGrade1To12OutOfSchool":"N","providesMeals":"\""}},{"type":"Feature","geometry":{"type":"Point","coordinates":[-122.751284,53.918711]},"properties":{"id":"childcare-5376","source":"bc_childcare_map","name":"Little Friends Day Care","category":"child_care","serviceType":"Licensed Group","address":"1600 3Rd Ave, \", Prince George, V2L 3G6","phone":"250-564-3568","website":"\"","weekdayOperation":"N","weekendOperation":"N","servesUnder36Months":"N","serves30MonthsTo5Years":"N","servesPreschool":"N","servesKindergartenOutOfSchool":"N","servesGrade1To12OutOfSchool":"N","providesMeals":"\""}},{"type":"Feature","geometry":{"type":"Point","coordinates":[-122.803985,53.857883]},"properties":{"id":"childcare-5498","source":"bc_childcare_map","name":"Little Otters Daycare","category":"child_care","serviceType":"Licensed Family","address":"6864 Chartwell Cres, \", Prince George, V2N 6Y3","phone":"250-964-9478","website":"\"","weekdayOperation":"N","weekendOperation":"N","servesUnder36Months":"N","serves30MonthsTo5Years":"N","servesPreschool":"N","servesKindergartenOutOfSchool":"N","servesGrade1To12OutOfSchool":"N","providesMeals":"\""}},{"type":"Feature","geometry":{"type":"Point","coordinates":[-122.781339,53.872329]},"properties":{"id":"childcare-5512","source":"bc_childcare_map","name":"Soaring Butterflies Family Day Care","category":"child_care","serviceType":"Licensed Family","address":"4467 Wheeler Rd, \", Prince George, V2N 5H5","phone":"250-981-0829","website":"\"","weekdayOperation":"N","weekendOperation":"N","servesUnder36Months":"N","serves30MonthsTo5Years":"N","servesPreschool":"N","servesKindergartenOutOfSchool":"N","servesGrade1To12OutOfSchool":"N","providesMeals":"\""}},{"type":"Feature","geometry":{"type":"Point","coordinates":[-122.792118,53.919925]},"properties":{"id":"childcare-5606","source":"bc_childcare_map","name":"Bbbs Pg Asc Clubhouse","category":"child_care","serviceType":"Licensed Group","address":"777 Kinsmen Pl, \", Prince George, V2M 6Y7","phone":"250-563-7410","website":"\"","weekdayOperation":"N","weekendOperation":"N","servesUnder36Months":"N","serves30MonthsTo5Years":"N","servesPreschool":"N","servesKindergartenOutOfSchool":"N","servesGrade1To12OutOfSchool":"N","providesMeals":"\""}},{"type":"Feature","geometry":{"type":"Point","coordinates":[-122.798283,53.914179]},"properties":{"id":"childcare-5618","source":"bc_childcare_map","name":"Little Ladybugs Family Daycare","category":"child_care","serviceType":"Licensed Family","address":"1112 Cluculz Ave, \", Prince George, V2M 4G2","phone":"250-614-0023","website":"\"","weekdayOperation":"N","weekendOperation":"N","servesUnder36Months":"Y","serves30MonthsTo5Years":"Y","servesPreschool":"N","servesKindergartenOutOfSchool":"Y","servesGrade1To12OutOfSchool":"Y","providesMeals":"Included in fee"}},{"type":"Feature","geometry":{"type":"Point","coordinates":[-122.803664,53.985576]},"properties":{"id":"childcare-5665","source":"bc_childcare_map","name":"Growing Patch (The)","category":"child_care","serviceType":"Licensed Family","address":"6221 Tasa Pl, \", Prince George, V2K 4J3","phone":"250-640-6517","website":"\"","weekdayOperation":"N","weekendOperation":"N","servesUnder36Months":"N","serves30MonthsTo5Years":"N","servesPreschool":"N","servesKindergartenOutOfSchool":"N","servesGrade1To12OutOfSchool":"N","providesMeals":"\""}},{"type":"Feature","geometry":{"type":"Point","coordinates":[-122.805004,53.899433]},"properties":{"id":"childcare-5717","source":"bc_childcare_map","name":"Something Cool Family Daycare","category":"child_care","serviceType":"Licensed Family","address":"2387 Webber Cres, \", Prince George, V2N 3C9","phone":"250-562-8861","website":"\"","weekdayOperation":"N","weekendOperation":"N","servesUnder36Months":"N","serves30MonthsTo5Years":"N","servesPreschool":"N","servesKindergartenOutOfSchool":"N","servesGrade1To12OutOfSchool":"N","providesMeals":"\""}},{"type":"Feature","geometry":{"type":"Point","coordinates":[-122.768924,53.910547]},"properties":{"id":"childcare-5824","source":"bc_childcare_map","name":"Mindfulnest Early Learning Centre Ltd.","category":"child_care","serviceType":"Licensed Group","address":"2364 15Th Ave, \", Prince George, V2M 1S4","phone":"250-561-6276","website":"\"","weekdayOperation":"N","weekendOperation":"N","servesUnder36Months":"N","serves30MonthsTo5Years":"N","servesPreschool":"N","servesKindergartenOutOfSchool":"N","servesGrade1To12OutOfSchool":"N","providesMeals":"\""}},{"type":"Feature","geometry":{"type":"Point","coordinates":[-122.803551,53.899174]},"properties":{"id":"childcare-5878","source":"bc_childcare_map","name":"Adrianne's Little Critters Family Daycare","category":"child_care","serviceType":"Licensed Family","address":"4245 Paschal Pl, \", Prince George, V2N 3J7","phone":"250-301-3969","website":"\"","weekdayOperation":"N","weekendOperation":"N","servesUnder36Months":"N","serves30MonthsTo5Years":"N","servesPreschool":"N","servesKindergartenOutOfSchool":"N","servesGrade1To12OutOfSchool":"N","providesMeals":"\""}},{"type":"Feature","geometry":{"type":"Point","coordinates":[-122.774647,53.908872]},"properties":{"id":"childcare-5905","source":"bc_childcare_map","name":"Chez Naty","category":"child_care","serviceType":"Licensed Family","address":"1658 Gillett St, \", Prince George, V2M 2V4","phone":"250-613-5254","website":"\"","weekdayOperation":"N","weekendOperation":"N","servesUnder36Months":"N","serves30MonthsTo5Years":"N","servesPreschool":"N","servesKindergartenOutOfSchool":"N","servesGrade1To12OutOfSchool":"N","providesMeals":"\""}},{"type":"Feature","geometry":{"type":"Point","coordinates":[-122.759004,53.893257]},"properties":{"id":"childcare-5937","source":"bc_childcare_map","name":"Happy Beginnings Childcare","category":"child_care","serviceType":"Licensed Family","address":"2744 Lonsdale St, \", Prince George, V2L 4X9","phone":"250-640-2340","website":"\"","weekdayOperation":"N","weekendOperation":"N","servesUnder36Months":"N","serves30MonthsTo5Years":"N","servesPreschool":"N","servesKindergartenOutOfSchool":"N","servesGrade1To12OutOfSchool":"N","providesMeals":"\""}},{"type":"Feature","geometry":{"type":"Point","coordinates":[-122.8130998,53.8929882]},"properties":{"id":"post-secondary-university-of-northern-british-columbia-89","source":"bc_post_secondary_locations","name":"University of Northern British Columbia","category":"post_secondary","acronym":"UNBC","campusLocation":"Main Campus","institutionType":"Public Post-Secondary","economicDevelopmentRegion":"Cariboo","address":"3333 University Way, Prince George","locationDescription":"Main Campus"}},{"type":"Feature","geometry":{"type":"Point","coordinates":[-122.783976,53.905596]},"properties":{"id":"post-secondary-college-of-new-caledonia-109","source":"bc_post_secondary_locations","name":"College of New Caledonia","category":"post_secondary","acronym":"CNC","campusLocation":"Prince George","institutionType":"Public Post-Secondary","economicDevelopmentRegion":"Cariboo","address":"3330 22 Ave, Prince George","locationDescription":"Main Campus"}},{"type":"Feature","geometry":{"type":"Point","coordinates":[-122.74085,53.8961]},"properties":{"id":"post-secondary-western-community-college-110","source":"bc_post_secondary_locations","name":"Western Community College","category":"post_secondary","acronym":"WCC","campusLocation":"Prince George Campus","institutionType":"Private and Out-of-Province Degree Granting","economicDevelopmentRegion":"Cariboo","address":"2666 Queensway #100, Prince George","locationDescription":"Campus"}},{"type":"Feature","geometry":{"type":"Point","coordinates":[-122.7441318,53.91479916]},"properties":{"id":"post-secondary-university-of-northern-british-columbia-159","source":"bc_post_secondary_locations","name":"University of Northern British Columbia","category":"post_secondary","acronym":"UNBC","campusLocation":"Wood Innovation and Design Centre","institutionType":"Public Post-Secondary","economicDevelopmentRegion":"Cariboo","address":"499 George St 3rd Floor, Prince George","locationDescription":"Centre"}}]}
