{"type":"FeatureCollection","features":[{"type":"Feature","geometry":{"type":"MultiPolygon","coordinates":[[[[-130.573282,54.786795],[-130.573218,54.787165],[-130.57367,54.786834],[-130.573282,54.786795]]],[[[-130.157428,55.064091],[-130.157486,55.064441],[-130.157867,55.064105],[-130.157428,55.064091]]],[[[-130.42041,54.870324],[-130.42062,54.870574],[-130.420767,54.870293],[-130.42041,54.870324]]],[[[-129.721201,55.390937],[-129.721145,55.391243],[-129.721583,55.391007],[-129.721201,55.390937]]],[[[-129.726319,55.389289],[-129.726211,55.389497],[-129.72667,55.389457],[-129.726319,55.389289]]],[[[-130.571109,54.700261],[-130.571166,54.700512],[-130.571492,54.700103],[-130.571109,54.700261]]],[[[-129.979413,55.104826],[-129.979343,55.105124],[-129.979807,55.104895],[-129.979413,55.104826]]],[[[-130.30335,54.939599],[-130.303269,54.939987],[-130.303743,54.939676],[-130.30335,54.939599]]],[[[-129.802908,55.382826],[-129.803119,55.383075],[-129.80346,55.382813],[-129.802908,55.382826]]],[[[-130.433871,54.859237],[-130.434282,54.859431],[-130.434272,54.859143],[-130.433871,54.859237]]],[[[-130.567561,54.786087],[-130.567949,54.786468],[-130.568096,54.786225],[-130.567561,54.786087]]],[[[-130.455976,54.731978],[-130.456205,54.732281],[-130.456251,54.731831],[-130.455976,54.731978]]],[[[-130.60854,54.780958],[-130.608453,54.781139],[-130.6091,54.780951],[-130.60854,54.780958]]],[[[-130.598036,54.716068],[-130.598402,54.716289],[-130.598402,54.715929],[-130.598036,54.716068]]],[[[-130.59272,54.778461],[-130.593129,54.778591],[-130.593367,54.778328],[-130.59272,54.778461]]],[[[-129.776184,55.376249],[-129.775923,55.376565],[-129.776562,55.376157],[-129.776184,55.376249]]],[[[-130.204865,54.777604],[-130.204642,54.778002],[-130.205151,54.777843],[-130.204865,54.777604]]],[[[-130.20764,54.899902],[-130.2074,54.900274],[-130.207897,54.900187],[-130.20764,54.899902]]],[[[-129.884015,55.150767],[-129.884179,55.151018],[-129.884547,55.150664],[-129.884015,55.150767]]],[[[-129.721457,55.437861],[-129.72181,55.438155],[-129.722042,55.437848],[-129.721457,55.437861]]],[[[-129.726233,55.389783],[-129.72627,55.390161],[-129.726738,55.389799],[-129.726233,55.389783]]],[[[-130.640364,54.760031],[-130.640963,54.760283],[-130.640828,54.759961],[-130.640364,54.760031]]],[[[-130.44666,54.737689],[-130.447112,54.737729],[-130.447669,54.737255],[-130.44666,54.737689]]],[[[-129.719075,55.378045],[-129.718751,55.378578],[-129.719436,55.378044],[-129.719075,55.378045]]],[[[-130.494223,54.701403],[-130.494563,54.701768],[-130.494784,54.70146],[-130.494223,54.701403]]],[[[-130.323312,54.811485],[-130.322956,54.812],[-130.323627,54.81158],[-130.323312,54.811485]]],[[[-129.707298,55.409799],[-129.707434,55.410329],[-129.707743,55.409878],[-129.707298,55.409799]]],[[[-129.756421,55.381757],[-129.756268,55.382071],[-129.756681,55.382168],[-129.756818,55.381808],[-129.756421,55.381757]]],[[[-129.770745,55.450311],[-129.77096,55.45076],[-129.771122,55.450247],[-129.770745,55.450311]]],[[[-130.587726,54.765306],[-130.588205,54.765605],[-130.58838,54.765297],[-130.587726,54.765306]]],[[[-130.577682,54.710888],[-130.5774,54.71118],[-130.577902,54.711327],[-130.578025,54.71092],[-130.577682,54.710888]]],[[[-130.594589,54.718838],[-130.595086,54.71885],[-130.595088,54.718516],[-130.594222,54.718609],[-130.594589,54.718838]]],[[[-129.708704,55.412468],[-129.708835,55.412737],[-129.709437,55.412689],[-129.709178,55.412367],[-129.708704,55.412468]]],[[[-129.817724,55.386313],[-129.818157,55.386714],[-129.818292,55.386318],[-129.817724,55.386313]]],[[[-129.781164,55.372704],[-129.781366,55.373305],[-129.781543,55.372711],[-129.781164,55.372704]]],[[[-130.01831,55.430556],[-130.018607,55.431076],[-130.018757,55.430732],[-130.01831,55.430556]]],[[[-129.710292,55.411947],[-129.710947,55.41251],[-129.710653,55.411919],[-129.710292,55.411947]]],[[[-130.367006,54.698897],[-130.367163,54.699398],[-130.367442,54.698936],[-130.367296,54.698731],[-130.367006,54.698897]]],[[[-130.614532,54.738132],[-130.614483,54.738501],[-130.614938,54.738639],[-130.614532,54.738132]]],[[[-130.471527,54.837424],[-130.47173,54.837844],[-130.472006,54.837291],[-130.471527,54.837424]]],[[[-130.456186,54.729998],[-130.456206,54.730591],[-130.456533,54.730174],[-130.456186,54.729998]]],[[[-130.6025,54.776103],[-130.60266,54.776577],[-130.603127,54.776194],[-130.602884,54.775973],[-130.6025,54.776103]]],[[[-130.603725,54.77483],[-130.60377,54.775189],[-130.604272,54.77528],[-130.604462,54.774981],[-130.603725,54.77483]]],[[[-130.58338,54.773415],[-130.583626,54.772945],[-130.582717,54.773532],[-130.58338,54.773415]]],[[[-130.598022,54.717669],[-130.598297,54.71799],[-130.59891,54.717739],[-130.598022,54.717669]]],[[[-130.100778,55.626543],[-130.100692,55.62737],[-130.10121,55.62662],[-130.100778,55.626543]]],[[[-130.459831,54.72387],[-130.460602,54.723645],[-130.460572,54.723303],[-130.459728,54.723538],[-130.459831,54.72387]]],[[[-129.773318,55.458221],[-129.774074,55.458907],[-129.77384,55.458262],[-129.773318,55.458221]]],[[[-129.948661,55.105483],[-129.949085,55.104878],[-129.948446,55.105027],[-129.948661,55.105483]]],[[[-130.610535,54.784286],[-130.608971,54.784349],[-130.607773,54.785063],[-130.610535,54.784286]]],[[[-130.596867,54.715546],[-130.5974,54.716068],[-130.597484,54.715464],[-130.596867,54.715546]]],[[[-130.513215,54.811727],[-130.513463,54.812066],[-130.514031,54.811429],[-130.513215,54.811727]]],[[[-129.81774,55.377219],[-129.817078,55.378059],[-129.817707,55.37783],[-129.81774,55.377219]]],[[[-130.605224,54.724692],[-130.605673,54.725082],[-130.606215,54.725029],[-130.606104,54.724582],[-130.605224,54.724692]]],[[[-130.634477,54.755094],[-130.634905,54.754936],[-130.63455,54.754626],[-130.633814,54.755247],[-130.634477,54.755094]]],[[[-130.378299,54.787514],[-130.378232,54.787856],[-130.379048,54.788106],[-130.378939,54.787623],[-130.378299,54.787514]]],[[[-130.150145,55.055308],[-130.150054,55.055964],[-130.150482,55.056158],[-130.150618,55.05542],[-130.150145,55.055308]]],[[[-130.596945,54.777966],[-130.597515,54.7774],[-130.596371,54.777568],[-130.596945,54.777966]]],[[[-130.449344,54.735023],[-130.44907,54.735997],[-130.449701,54.735846],[-130.449716,54.734956],[-130.449344,54.735023]]],[[[-129.948445,54.96193],[-129.948391,54.962236],[-129.949179,54.962518],[-129.949324,54.962093],[-129.948445,54.96193]]],[[[-130.601837,54.714446],[-130.601987,54.715083],[-130.602514,54.715093],[-130.602617,54.714526],[-130.601837,54.714446]]],[[[-130.607779,54.776681],[-130.607944,54.776517],[-130.607334,54.776435],[-130.606423,54.777023],[-130.607779,54.776681]]],[[[-129.774016,55.447774],[-129.774216,55.448286],[-129.77493,55.448461],[-129.774775,55.447887],[-129.774016,55.447774]]],[[[-130.334867,54.745174],[-130.335742,54.744426],[-130.334372,54.745269],[-130.334867,54.745174]]],[[[-130.590922,54.717582],[-130.591301,54.718135],[-130.591671,54.718076],[-130.591661,54.71743],[-130.590922,54.717582]]],[[[-129.716001,55.381873],[-129.71637,55.382177],[-129.717445,55.382198],[-129.717185,55.381831],[-129.716001,55.381873]]],[[[-129.947438,54.960275],[-129.947838,54.961279],[-129.948187,54.960863],[-129.947438,54.960275]]],[[[-130.596005,54.758051],[-130.595692,54.758389],[-130.596663,54.75896],[-130.596411,54.758055],[-130.596005,54.758051]]],[[[-129.704077,55.408965],[-129.70431,55.409591],[-129.705177,55.40947],[-129.704502,55.408845],[-129.704077,55.408965]]],[[[-130.554344,54.700962],[-130.554578,54.701803],[-130.555236,54.701184],[-130.554344,54.700962]]],[[[-130.598837,54.77902],[-130.599845,54.77852],[-130.599785,54.778225],[-130.59847,54.778736],[-130.598837,54.77902]]],[[[-130.157776,55.063638],[-130.157819,55.062506],[-130.157198,55.063177],[-130.157322,55.063697],[-130.157776,55.063638]]],[[[-130.592825,54.77758],[-130.59333,54.777356],[-130.592446,54.777036],[-130.591866,54.777708],[-130.592825,54.77758]]],[[[-129.766712,55.44774],[-129.766883,55.448467],[-129.767473,55.448796],[-129.767437,55.447772],[-129.766712,55.44774]]],[[[-130.589438,54.716568],[-130.589359,54.716928],[-130.590152,54.717359],[-130.590434,54.716609],[-130.589438,54.716568]]],[[[-130.174138,54.836548],[-130.173963,54.836962],[-130.174638,54.837155],[-130.17533,54.835728],[-130.174138,54.836548]]],[[[-130.595889,54.75942],[-130.596024,54.760092],[-130.596665,54.7602],[-130.596917,54.759468],[-130.595889,54.75942]]],[[[-129.971613,55.111511],[-129.971123,55.112001],[-129.971384,55.11234],[-129.972418,55.111694],[-129.972576,55.111136],[-129.971613,55.111511]]],[[[-129.76764,55.444761],[-129.767629,55.445326],[-129.76875,55.446155],[-129.768477,55.445087],[-129.76764,55.444761]]],[[[-130.427428,54.762355],[-130.427212,54.763284],[-130.427588,54.763359],[-130.428385,54.762631],[-130.427839,54.762099],[-130.427428,54.762355]]],[[[-130.568948,54.699354],[-130.568867,54.699697],[-130.569717,54.699982],[-130.570429,54.6991],[-130.568948,54.699354]]],[[[-129.818487,55.37743],[-129.818421,55.378022],[-129.819942,55.376826],[-129.8199,55.376306],[-129.818867,55.37678],[-129.818487,55.37743]]],[[[-130.600522,54.722813],[-130.599923,54.723379],[-130.600132,54.723951],[-130.601213,54.723406],[-130.601273,54.722964],[-130.600522,54.722813]]],[[[-129.685324,55.393085],[-129.684852,55.394139],[-129.686348,55.393851],[-129.685939,55.393001],[-129.685324,55.393085]]],[[[-130.447219,54.735957],[-130.446751,54.736753],[-130.44717,54.737171],[-130.44823,54.736403],[-130.447824,54.735896],[-130.447219,54.735957]]],[[[-130.556421,54.702508],[-130.557079,54.701897],[-130.555744,54.701447],[-130.555342,54.702271],[-130.556421,54.702508]]],[[[-129.772619,55.447522],[-129.773825,55.446958],[-129.772471,55.445691],[-129.772619,55.447522]]],[[[-130.48512,54.70539],[-130.485348,54.706546],[-130.486406,54.706623],[-130.486329,54.70577],[-130.485597,54.705303],[-130.48512,54.70539]]],[[[-129.755231,55.419524],[-129.7556,55.418946],[-129.755041,55.418635],[-129.754442,55.418656],[-129.753428,55.419454],[-129.75383,55.419747],[-129.755231,55.419524]]],[[[-130.561145,54.702654],[-130.562334,54.7021],[-130.562749,54.701205],[-130.561869,54.701315],[-130.560683,54.701969],[-130.561145,54.702654]]],[[[-129.892786,54.957948],[-129.893582,54.957861],[-129.893588,54.957537],[-129.892023,54.956686],[-129.891431,54.957338],[-129.891541,54.958137],[-129.892786,54.957948]]],[[[-130.602696,54.724816],[-130.603168,54.724567],[-130.603065,54.723498],[-130.602664,54.723189],[-130.602212,54.723537],[-130.601797,54.723263],[-130.601241,54.724089],[-130.601557,54.724292],[-130.602047,54.724061],[-130.60201,54.724726],[-130.602696,54.724816]]],[[[-130.602512,54.777964],[-130.604555,54.776966],[-130.604298,54.776358],[-130.602107,54.777178],[-130.60186,54.777954],[-130.602512,54.777964]]],[[[-130.596589,54.71902],[-130.59718,54.718759],[-130.59689,54.718546],[-130.597337,54.718046],[-130.59707,54.717538],[-130.596288,54.717386],[-130.595041,54.718068],[-130.596589,54.71902]]],[[[-130.616263,54.738693],[-130.61589,54.739085],[-130.616191,54.739619],[-130.617728,54.740381],[-130.618083,54.7399],[-130.617544,54.738856],[-130.616263,54.738693]]],[[[-130.603009,54.778343],[-130.603418,54.778823],[-130.605307,54.778647],[-130.605637,54.777536],[-130.60447,54.77757],[-130.603168,54.778009],[-130.603009,54.778343]]],[[[-130.606775,54.776479],[-130.607418,54.77621],[-130.607181,54.775673],[-130.605811,54.774882],[-130.604664,54.775787],[-130.606238,54.77662],[-130.606775,54.776479]]],[[[-129.902009,54.952756],[-129.90545,54.952363],[-129.905149,54.95215],[-129.903247,54.952281],[-129.905624,54.951768],[-129.905728,54.951462],[-129.901975,54.951903],[-129.901527,54.952185],[-129.902157,54.952333],[-129.902009,54.952756]]],[[[-130.559167,54.701674],[-130.560249,54.701543],[-130.561107,54.700839],[-130.56084,54.700385],[-130.560177,54.7005],[-130.559931,54.700962],[-130.559384,54.700485],[-130.558908,54.700607],[-130.559053,54.701117],[-130.558765,54.700932],[-130.557108,54.701385],[-130.558339,54.701936],[-130.559167,54.701674]]],[[[-130.620215,54.743134],[-130.620693,54.742705],[-130.619506,54.742533],[-130.620174,54.741751],[-130.619227,54.740559],[-130.618735,54.741077],[-130.617956,54.741025],[-130.617871,54.741233],[-130.619016,54.742682],[-130.620215,54.743134]]],[[[-129.810626,55.360426],[-129.810141,55.361355],[-129.810998,55.362338],[-129.811935,55.361838],[-129.812382,55.360648],[-129.811901,55.360292],[-129.810626,55.360426]]],[[[-129.764344,55.465925],[-129.765407,55.466197],[-129.765535,55.465486],[-129.766083,55.465168],[-129.764426,55.463677],[-129.763718,55.464715],[-129.764344,55.465925]]],[[[-130.591027,54.759851],[-130.591648,54.759853],[-130.591816,54.760173],[-130.592229,54.760007],[-130.591529,54.758829],[-130.589678,54.757964],[-130.589163,54.75833],[-130.589171,54.759354],[-130.590015,54.760233],[-130.591027,54.759851]]],[[[-129.807665,55.63442],[-129.81012,55.633981],[-129.809342,55.632611],[-129.806713,55.633645],[-129.805986,55.634629],[-129.806631,55.634327],[-129.806876,55.634632],[-129.807665,55.63442]]],[[[-129.753697,55.434368],[-129.753997,55.435958],[-129.756023,55.436143],[-129.756466,55.435421],[-129.755603,55.434069],[-129.75478,55.433913],[-129.753697,55.434368]]],[[[-130.565902,54.705694],[-130.566653,54.705424],[-130.566614,54.704821],[-130.567833,54.704653],[-130.567329,54.704444],[-130.567577,54.704054],[-130.566802,54.703669],[-130.566174,54.703911],[-130.565986,54.703445],[-130.565838,54.704005],[-130.565235,54.704094],[-130.563627,54.703018],[-130.562424,54.702817],[-130.564619,54.705009],[-130.56503,54.705193],[-130.565514,54.704854],[-130.565342,54.705278],[-130.565902,54.705694]]],[[[-129.951728,54.931689],[-129.952781,54.931268],[-129.953159,54.930151],[-129.952589,54.929042],[-129.951464,54.928367],[-129.950571,54.929587],[-129.950596,54.93133],[-129.950984,54.93184],[-129.951728,54.931689]]],[[[-129.959082,54.995797],[-129.958782,54.996158],[-129.960134,54.996048],[-129.960141,54.996556],[-129.956289,54.997599],[-129.954469,54.999168],[-129.954977,54.999779],[-129.956624,54.999134],[-129.958016,54.997857],[-129.962854,54.996847],[-129.961922,54.995767],[-129.960556,54.995581],[-129.959082,54.995797]]],[[[-130.599076,54.776418],[-130.600652,54.775364],[-130.600705,54.774689],[-130.600258,54.774398],[-130.596373,54.775258],[-130.594867,54.776114],[-130.594563,54.776703],[-130.595866,54.777359],[-130.599076,54.776418]]],[[[-130.615165,54.72012],[-130.615911,54.719697],[-130.61569,54.718074],[-130.614352,54.717201],[-130.612602,54.71691],[-130.611705,54.717389],[-130.61231,54.718163],[-130.61154,54.71873],[-130.611374,54.719605],[-130.612161,54.720295],[-130.613337,54.720207],[-130.614036,54.72062],[-130.614819,54.719991],[-130.615165,54.72012]]],[[[-129.768304,55.379175],[-129.768483,55.381114],[-129.770136,55.380045],[-129.771171,55.378069],[-129.772663,55.377773],[-129.777018,55.374475],[-129.77768,55.374398],[-129.776752,55.372948],[-129.774351,55.375291],[-129.771964,55.375126],[-129.771107,55.375635],[-129.770607,55.376698],[-129.769008,55.377221],[-129.768304,55.379175]]],[[[-130.58637,54.772756],[-130.588628,54.773203],[-130.589958,54.77226],[-130.589707,54.7714],[-130.590493,54.771219],[-130.592113,54.769724],[-130.592366,54.7667],[-130.591884,54.766293],[-130.590745,54.766192],[-130.590418,54.765756],[-130.5892,54.766005],[-130.588827,54.765605],[-130.587949,54.765797],[-130.588285,54.766836],[-130.589306,54.767901],[-130.58808,54.768753],[-130.588802,54.770909],[-130.587551,54.771105],[-130.586312,54.772038],[-130.58637,54.772756]]],[[[-130.507104,54.70013],[-130.50747,54.701195],[-130.508485,54.701802],[-130.510124,54.702078],[-130.510933,54.699597],[-130.50987,54.698127],[-130.509138,54.698038],[-130.508483,54.698368],[-130.508409,54.697642],[-130.507631,54.698011],[-130.50741,54.697069],[-130.506123,54.69794],[-130.50612,54.697445],[-130.505587,54.697722],[-130.506069,54.69688],[-130.50548,54.696537],[-130.505223,54.69672],[-130.504347,54.696551],[-130.50392,54.697132],[-130.503819,54.696504],[-130.503204,54.696259],[-130.501914,54.696626],[-130.501789,54.697391],[-130.502222,54.697817],[-130.5034,54.698585],[-130.50412,54.69837],[-130.505057,54.698932],[-130.504538,54.699577],[-130.505153,54.699821],[-130.505629,54.699267],[-130.505743,54.699868],[-130.506629,54.700298],[-130.507104,54.70013]]],[[[-129.69344,55.400344],[-129.69272,55.40166],[-129.693944,55.402076],[-129.694537,55.402666],[-129.695452,55.402606],[-129.696786,55.401179],[-129.696011,55.400177],[-129.696358,55.39933],[-129.698131,55.39781],[-129.697706,55.395953],[-129.696938,55.395517],[-129.696734,55.394637],[-129.693933,55.395166],[-129.692982,55.395845],[-129.694048,55.398112],[-129.694768,55.398683],[-129.69344,55.400344]]],[[[-129.767457,55.465052],[-129.76769,55.464798],[-129.766943,55.463859],[-129.767799,55.463935],[-129.768505,55.463535],[-129.76854,55.463005],[-129.767806,55.462605],[-129.769063,55.461357],[-129.769559,55.460078],[-129.768621,55.459006],[-129.770311,55.45894],[-129.769658,55.457849],[-129.770908,55.457886],[-129.770673,55.457204],[-129.771145,55.457003],[-129.770909,55.456385],[-129.769271,55.455075],[-129.76984,55.4526],[-129.769085,55.451148],[-129.76776,55.451355],[-129.76697,55.452177],[-129.764233,55.452976],[-129.76297,55.4547],[-129.763177,55.457153],[-129.764859,55.458301],[-129.764655,55.459174],[-129.766152,55.462193],[-129.766349,55.463333],[-129.765789,55.463894],[-129.766574,55.465101],[-129.767457,55.465052]]],[[[-130.363946,54.736329],[-130.36557,54.735637],[-130.367486,54.733908],[-130.368233,54.733558],[-130.368292,54.733871],[-130.368922,54.733676],[-130.370432,54.732373],[-130.370973,54.732367],[-130.371375,54.733199],[-130.372036,54.733029],[-130.373094,54.732109],[-130.373165,54.731498],[-130.374784,54.731146],[-130.37486,54.730175],[-130.375904,54.72984],[-130.376906,54.728668],[-130.378691,54.72731],[-130.380132,54.726727],[-130.381457,54.725462],[-130.38154,54.724752],[-130.380088,54.725002],[-130.380058,54.724571],[-130.379636,54.724512],[-130.381033,54.723085],[-130.38068,54.722326],[-130.381537,54.721472],[-130.381605,54.720707],[-130.380948,54.720562],[-130.38031,54.719157],[-130.378361,54.718029],[-130.376954,54.717757],[-130.375862,54.718515],[-130.37457,54.718845],[-130.371897,54.721536],[-130.367483,54.724623],[-130.367611,54.725665],[-130.365563,54.726649],[-130.360816,54.730954],[-130.360913,54.732041],[-130.358328,54.734594],[-130.357723,54.737397],[-130.358382,54.737605],[-130.359961,54.736976],[-130.361083,54.737098],[-130.361575,54.736473],[-130.362716,54.736685],[-130.363946,54.736329]]],[[[-129.717495,55.376329],[-129.717753,55.377487],[-129.720708,55.375979],[-129.721636,55.374822],[-129.72331,55.374147],[-129.724373,55.37274],[-129.725979,55.371652],[-129.727387,55.369189],[-129.731846,55.368013],[-129.732966,55.368096],[-129.736478,55.365146],[-129.737918,55.364517],[-129.738235,55.363823],[-129.740147,55.363138],[-129.740935,55.362198],[-129.740838,55.361165],[-129.7422,55.360609],[-129.742207,55.360133],[-129.741304,55.360012],[-129.738802,55.361089],[-129.737268,55.360144],[-129.737316,55.359291],[-129.742414,55.356051],[-129.74306,55.355167],[-129.742713,55.354361],[-129.743664,55.353744],[-129.744192,55.352501],[-129.745249,55.351649],[-129.745327,55.350742],[-129.746839,55.349024],[-129.748945,55.347727],[-129.750344,55.347556],[-129.75284,55.345223],[-129.755785,55.340855],[-129.755628,55.339365],[-129.754799,55.33972],[-129.753881,55.339537],[-129.752744,55.340245],[-129.751731,55.340053],[-129.749879,55.341313],[-129.748155,55.341917],[-129.746018,55.343881],[-129.744408,55.34469],[-129.74091,55.348961],[-129.740005,55.349515],[-129.739307,55.349376],[-129.738887,55.349621],[-129.736057,55.353592],[-129.735284,55.353516],[-129.734817,55.352989],[-129.732954,55.35548],[-129.73206,55.355728],[-129.73096,55.357676],[-129.72972,55.357907],[-129.729035,55.358469],[-129.728198,55.35842],[-129.723593,55.361897],[-129.720945,55.364655],[-129.717292,55.371226],[-129.716797,55.376056],[-129.717495,55.376329]]],[[[-129.753289,55.461078],[-129.754347,55.460981],[-129.754843,55.460457],[-129.756133,55.460152],[-129.75681,55.459142],[-129.756776,55.458154],[-129.758637,55.457962],[-129.758894,55.456469],[-129.760542,55.454913],[-129.761559,55.451969],[-129.761075,55.450633],[-129.758732,55.448858],[-129.757654,55.448713],[-129.757393,55.449918],[-129.756952,55.450038],[-129.756291,55.449395],[-129.75611,55.448192],[-129.753403,55.448002],[-129.7534,55.445333],[-129.752787,55.4447],[-129.752734,55.441843],[-129.752196,55.441045],[-129.752537,55.438967],[-129.752168,55.437047],[-129.74839,55.434581],[-129.747281,55.430175],[-129.746667,55.429469],[-129.746551,55.427546],[-129.745388,55.426171],[-129.74582,55.424802],[-129.745404,55.423645],[-129.748448,55.421794],[-129.749052,55.421934],[-129.749481,55.422901],[-129.750367,55.422913],[-129.75074,55.420108],[-129.752274,55.419317],[-129.751704,55.417585],[-129.752653,55.416898],[-129.752773,55.415747],[-129.750598,55.415095],[-129.749733,55.413734],[-129.751393,55.412933],[-129.752866,55.413139],[-129.753951,55.412873],[-129.756595,55.409828],[-129.756315,55.407673],[-129.756962,55.405081],[-129.755133,55.402828],[-129.752937,55.401889],[-129.75294,55.401197],[-129.753621,55.400519],[-129.753065,55.398725],[-129.750348,55.399397],[-129.748946,55.398822],[-129.748685,55.396729],[-129.750651,55.395442],[-129.751966,55.393115],[-129.751162,55.39241],[-129.751778,55.390726],[-129.750079,55.391141],[-129.749268,55.390832],[-129.750292,55.389792],[-129.749675,55.388977],[-129.748405,55.38939],[-129.747045,55.390934],[-129.747081,55.391159],[-129.74861,55.391078],[-129.748761,55.391481],[-129.747369,55.392155],[-129.744857,55.394569],[-129.7454,55.395815],[-129.744964,55.398639],[-129.744102,55.399004],[-129.742958,55.401078],[-129.740898,55.401603],[-129.739423,55.403813],[-129.738342,55.40683],[-129.736177,55.407562],[-129.735373,55.408429],[-129.735357,55.410172],[-129.733836,55.409976],[-129.734364,55.409469],[-129.734164,55.407233],[-129.736045,55.405559],[-129.736384,55.404209],[-129.736069,55.40342],[-129.736938,55.403477],[-129.73744,55.402388],[-129.736702,55.399283],[-129.735787,55.398515],[-129.736389,55.397793],[-129.736175,55.396375],[-129.738881,55.39421],[-129.740418,55.39368],[-129.741771,55.39173],[-129.743092,55.390654],[-129.744179,55.390432],[-129.745753,55.389316],[-129.747883,55.388566],[-129.749919,55.386811],[-129.751826,55.385873],[-129.752228,55.384532],[-129.753455,55.384228],[-129.754576,55.384337],[-129.756016,55.383718],[-129.755527,55.38284],[-129.755737,55.382218],[-129.754151,55.382643],[-129.753134,55.382315],[-129.752332,55.383399],[-129.750409,55.382719],[-129.749707,55.381384],[-129.750654,55.379716],[-129.749691,55.378068],[-129.749855,55.37752],[-129.748901,55.376357],[-129.747677,55.37586],[-129.745374,55.376746],[-129.744093,55.376629],[-129.741335,55.378532],[-129.740985,55.379155],[-129.738935,55.380102],[-129.737234,55.382044],[-129.734357,55.382708],[-129.732044,55.383926],[-129.727705,55.389218],[-129.727002,55.389546],[-129.727702,55.390746],[-129.72615,55.392175],[-129.724969,55.394115],[-129.723601,55.395173],[-129.722933,55.396651],[-129.723242,55.398078],[-129.724364,55.398953],[-129.72534,55.404006],[-129.728966,55.408827],[-129.728548,55.409261],[-129.72729,55.40872],[-129.726576,55.409345],[-129.727132,55.409476],[-129.727701,55.410389],[-129.728564,55.410124],[-129.728793,55.409683],[-129.729651,55.409965],[-129.729602,55.412454],[-129.727977,55.414251],[-129.728581,55.415335],[-129.727621,55.416429],[-129.728602,55.417331],[-129.727378,55.420339],[-129.727616,55.421335],[-129.728525,55.421734],[-129.727906,55.422483],[-129.728213,55.424476],[-129.729362,55.425988],[-129.730838,55.426366],[-129.729809,55.427927],[-129.730368,55.429119],[-129.732431,55.430517],[-129.734191,55.430821],[-129.734228,55.431917],[-129.735255,55.433555],[-129.735957,55.439095],[-129.736992,55.440293],[-129.737674,55.442095],[-129.737434,55.443705],[-129.740321,55.449286],[-129.740534,55.451406],[-129.741216,55.452363],[-129.740843,55.453507],[-129.741636,55.45441],[-129.741658,55.455667],[-129.742384,55.456345],[-129.741839,55.457634],[-129.743164,55.458389],[-129.743828,55.45755],[-129.744893,55.457741],[-129.745109,55.458342],[-129.744155,55.459004],[-129.744537,55.46079],[-129.745449,55.461341],[-129.746714,55.461316],[-129.748334,55.462501],[-129.75134,55.461719],[-129.751711,55.461205],[-129.753289,55.461078]]],[[[-130.376916,54.69361],[-130.37605,54.694697],[-130.375545,54.694477],[-130.374835,54.695016],[-130.374821,54.695987],[-130.372716,54.69797],[-130.371962,54.69814],[-130.370112,54.69949],[-130.369504,54.699416],[-130.368017,54.700818],[-130.366582,54.700627],[-130.36644,54.69964],[-130.36611,54.699976],[-130.365174,54.699834],[-130.359964,54.701816],[-130.357424,54.703363],[-130.355665,54.703706],[-130.355598,54.70396],[-130.354785,54.703816],[-130.354308,54.70436],[-130.351649,54.704696],[-130.348921,54.706703],[-130.348119,54.706874],[-130.344262,54.706602],[-130.343651,54.706394],[-130.343716,54.706033],[-130.342001,54.706717],[-130.341721,54.705786],[-130.340845,54.706038],[-130.33988,54.706938],[-130.339275,54.706953],[-130.337387,54.704746],[-130.333972,54.704235],[-130.332791,54.703718],[-130.329072,54.703903],[-130.324735,54.704615],[-130.322276,54.704479],[-130.315267,54.707055],[-130.312041,54.707566],[-130.310681,54.708219],[-130.309735,54.708257],[-130.308526,54.708836],[-130.305245,54.7096],[-130.304128,54.709144],[-130.305624,54.707878],[-130.304502,54.707234],[-130.302376,54.70723],[-130.301368,54.707744],[-130.300023,54.707462],[-130.297729,54.708556],[-130.297625,54.709141],[-130.29605,54.70941],[-130.295615,54.7099],[-130.290583,54.710753],[-130.286774,54.712079],[-130.284533,54.711851],[-130.282061,54.71274],[-130.276725,54.712841],[-130.267402,54.714593],[-130.264377,54.714149],[-130.262469,54.71567],[-130.2617,54.715363],[-130.260459,54.715466],[-130.25597,54.716852],[-130.255687,54.717268],[-130.254721,54.717107],[-130.253167,54.717581],[-130.248762,54.720224],[-130.247428,54.720795],[-130.245926,54.720955],[-130.245365,54.721374],[-130.235208,54.722843],[-130.233749,54.722328],[-130.231563,54.722459],[-130.231201,54.723343],[-130.231886,54.72383],[-130.231534,54.726108],[-130.229381,54.728268],[-130.229549,54.729768],[-130.227109,54.73123],[-130.225955,54.732599],[-130.2227,54.733891],[-130.220963,54.733998],[-130.218865,54.735466],[-130.217743,54.738928],[-130.214674,54.741754],[-130.214751,54.743291],[-130.213857,54.744036],[-130.21095,54.749727],[-130.209504,54.755404],[-130.209637,54.75835],[-130.210986,54.75875],[-130.21311,54.76121],[-130.213155,54.762189],[-130.211851,54.763757],[-130.212337,54.764947],[-130.212153,54.766091],[-130.210116,54.770712],[-130.207687,54.773747],[-130.206848,54.775868],[-130.205702,54.777066],[-130.204855,54.778853],[-130.201733,54.782669],[-130.201699,54.783073],[-130.202296,54.782807],[-130.202462,54.783102],[-130.201642,54.785348],[-130.201612,54.789599],[-130.202623,54.790649],[-130.203725,54.791114],[-130.204886,54.790419],[-130.208097,54.786424],[-130.208369,54.786692],[-130.208674,54.786535],[-130.209665,54.785303],[-130.212093,54.784318],[-130.212062,54.784831],[-130.212669,54.784932],[-130.212968,54.783976],[-130.214972,54.783902],[-130.215818,54.783103],[-130.217666,54.78303],[-130.218268,54.782305],[-130.218295,54.781163],[-130.220154,54.779356],[-130.221287,54.776757],[-130.223008,54.775562],[-130.223264,54.775784],[-130.225538,54.775897],[-130.226281,54.775817],[-130.226811,54.775362],[-130.22812,54.775411],[-130.232862,54.780045],[-130.233153,54.780941],[-130.232273,54.78166],[-130.230229,54.7809],[-130.229099,54.781045],[-130.228427,54.781457],[-130.226592,54.78046],[-130.22589,54.780333],[-130.225571,54.780614],[-130.223656,54.783644],[-130.221894,54.78962],[-130.22057,54.791171],[-130.219248,54.791661],[-130.218124,54.793038],[-130.216667,54.79378],[-130.216489,54.79452],[-130.214665,54.795427],[-130.213229,54.796817],[-130.213236,54.799657],[-130.214964,54.801257],[-130.216931,54.801507],[-130.217297,54.801225],[-130.218131,54.801539],[-130.218478,54.801168],[-130.218706,54.801534],[-130.219391,54.801059],[-130.219628,54.800122],[-130.220855,54.799598],[-130.221029,54.800145],[-130.222545,54.79985],[-130.22294,54.801087],[-130.223571,54.801404],[-130.224783,54.801366],[-130.22547,54.800927],[-130.226742,54.80076],[-130.226918,54.800409],[-130.227712,54.800454],[-130.22941,54.797499],[-130.229462,54.796582],[-130.229877,54.796461],[-130.231061,54.796996],[-130.232789,54.796035],[-130.233635,54.79626],[-130.237864,54.793665],[-130.238961,54.791379],[-130.240052,54.790416],[-130.241696,54.787757],[-130.243548,54.787747],[-130.243556,54.786488],[-130.244621,54.784744],[-130.245882,54.78376],[-130.248614,54.78258],[-130.250212,54.779419],[-130.251199,54.779202],[-130.254008,54.777475],[-130.253901,54.77655],[-130.252653,54.775906],[-130.254072,54.775569],[-130.254789,54.776136],[-130.256058,54.774937],[-130.256377,54.77372],[-130.258017,54.771933],[-130.25821,54.770627],[-130.259605,54.769462],[-130.259151,54.768434],[-130.25799,54.768059],[-130.260127,54.767786],[-130.260342,54.767244],[-130.261447,54.766712],[-130.261905,54.766985],[-130.263426,54.766915],[-130.264386,54.766258],[-130.26488,54.766693],[-130.265795,54.766639],[-130.266301,54.765403],[-130.265635,54.7655],[-130.265237,54.765135],[-130.267178,54.764135],[-130.268088,54.764341],[-130.268807,54.763497],[-130.269631,54.764469],[-130.272186,54.764685],[-130.274918,54.763614],[-130.275708,54.762545],[-130.27646,54.763238],[-130.277845,54.762288],[-130.277952,54.761766],[-130.27615,54.761281],[-130.275743,54.759165],[-130.280113,54.758822],[-130.28048,54.758585],[-130.282453,54.759598],[-130.283395,54.758913],[-130.283909,54.758944],[-130.283985,54.759374],[-130.284482,54.759352],[-130.28648,54.758665],[-130.286035,54.757843],[-130.292011,54.754687],[-130.293228,54.752931],[-130.294959,54.752149],[-130.296383,54.750974],[-130.29928,54.751662],[-130.300488,54.751047],[-130.299755,54.751917],[-130.299929,54.752518],[-130.301498,54.753031],[-130.30218,54.75244],[-130.303735,54.752037],[-130.303934,54.751433],[-130.304695,54.75146],[-130.304602,54.751937],[-130.305141,54.752229],[-130.305933,54.75222],[-130.309397,54.751275],[-130.309883,54.750919],[-130.309641,54.750121],[-130.311063,54.750367],[-130.312945,54.749942],[-130.313565,54.750376],[-130.314027,54.749805],[-130.315448,54.749996],[-130.316832,54.74954],[-130.317755,54.748829],[-130.318876,54.748916],[-130.319617,54.748253],[-130.319825,54.746965],[-130.322938,54.746687],[-130.322869,54.747398],[-130.323324,54.747592],[-130.323945,54.747126],[-130.324832,54.747153],[-130.324857,54.746469],[-130.325791,54.747025],[-130.326627,54.746917],[-130.328631,54.745467],[-130.329169,54.745774],[-130.329895,54.745614],[-130.33102,54.744416],[-130.332143,54.744582],[-130.333687,54.743756],[-130.333844,54.74335],[-130.334745,54.743386],[-130.336558,54.741838],[-130.335959,54.741099],[-130.338933,54.740365],[-130.341823,54.738958],[-130.34167,54.738069],[-130.343209,54.736705],[-130.343257,54.735868],[-130.345535,54.735195],[-130.345748,54.7346],[-130.34792,54.734028],[-130.34937,54.732799],[-130.349749,54.731635],[-130.349194,54.731236],[-130.34973,54.731032],[-130.351069,54.731162],[-130.352243,54.730493],[-130.354489,54.729856],[-130.361381,54.724198],[-130.364357,54.72359],[-130.366623,54.721702],[-130.369417,54.720251],[-130.37086,54.718843],[-130.371189,54.716169],[-130.37172,54.715858],[-130.371796,54.714859],[-130.374055,54.712811],[-130.373794,54.712428],[-130.374582,54.710477],[-130.380029,54.706335],[-130.380929,54.704968],[-130.381772,54.700967],[-130.382611,54.699619],[-130.382187,54.699489],[-130.382165,54.697979],[-130.381418,54.697853],[-130.380256,54.695664],[-130.379093,54.695695],[-130.3799,54.693825],[-130.379717,54.693187],[-130.376916,54.69361]]],[[[-130.629056,54.774492],[-130.6297,54.774294],[-130.629831,54.773655],[-130.630498,54.773672],[-130.630811,54.772527],[-130.631675,54.772362],[-130.633091,54.771246],[-130.634708,54.770848],[-130.637112,54.769556],[-130.638107,54.768438],[-130.640679,54.767432],[-130.641924,54.765186],[-130.643161,54.764612],[-130.643467,54.763341],[-130.645172,54.763614],[-130.645236,54.763272],[-130.644424,54.763211],[-130.644606,54.762687],[-130.64363,54.762791],[-130.644386,54.762231],[-130.644174,54.761642],[-130.643512,54.761012],[-130.641973,54.761006],[-130.642207,54.762198],[-130.641201,54.762265],[-130.640876,54.761579],[-130.639873,54.761385],[-130.639436,54.760932],[-130.639631,54.760364],[-130.639127,54.759777],[-130.637669,54.759887],[-130.63716,54.760334],[-130.635284,54.760881],[-130.63435,54.760813],[-130.634146,54.760015],[-130.632268,54.760095],[-130.632642,54.758579],[-130.629274,54.759424],[-130.633752,54.756785],[-130.634497,54.756766],[-130.634342,54.7556],[-130.633497,54.755449],[-130.632712,54.754498],[-130.632933,54.753029],[-130.632082,54.752727],[-130.63216,54.753122],[-130.631651,54.753227],[-130.630054,54.752548],[-130.62856,54.750923],[-130.626421,54.7499],[-130.626193,54.75081],[-130.624696,54.751837],[-130.62362,54.751384],[-130.622577,54.750167],[-130.62171,54.750232],[-130.620967,54.749523],[-130.618992,54.749496],[-130.618306,54.749002],[-130.617411,54.749202],[-130.616629,54.749842],[-130.616315,54.749369],[-130.616873,54.748194],[-130.616122,54.74691],[-130.617132,54.74766],[-130.617646,54.747716],[-130.617671,54.747501],[-130.617493,54.746945],[-130.616255,54.746314],[-130.616263,54.745757],[-130.61826,54.744383],[-130.619166,54.744137],[-130.618671,54.743802],[-130.618122,54.744034],[-130.617837,54.743534],[-130.616717,54.743873],[-130.616167,54.7445],[-130.615262,54.744396],[-130.616853,54.743359],[-130.616948,54.742674],[-130.614941,54.741784],[-130.614692,54.741384],[-130.613742,54.741342],[-130.613992,54.74212],[-130.613432,54.742533],[-130.61336,54.743477],[-130.612455,54.743722],[-130.611529,54.74351],[-130.610662,54.742435],[-130.607877,54.740727],[-130.607477,54.739663],[-130.605804,54.738985],[-130.605711,54.738213],[-130.605205,54.737977],[-130.603812,54.740089],[-130.602203,54.740254],[-130.601315,54.738981],[-130.601636,54.738437],[-130.602287,54.738428],[-130.602072,54.738081],[-130.602937,54.737179],[-130.602798,54.736454],[-130.602236,54.736372],[-130.60245,54.735892],[-130.602886,54.735886],[-130.602665,54.734658],[-130.600322,54.73308],[-130.598426,54.732287],[-130.598272,54.731903],[-130.598847,54.731562],[-130.597576,54.731256],[-130.5975,54.730897],[-130.59906,54.729887],[-130.598303,54.72997],[-130.597323,54.729524],[-130.596653,54.728688],[-130.596957,54.727714],[-130.596142,54.727545],[-130.595947,54.725732],[-130.593513,54.723849],[-130.592462,54.723575],[-130.591492,54.723786],[-130.588664,54.722942],[-130.588005,54.723211],[-130.587298,54.722574],[-130.58512,54.722036],[-130.583913,54.721386],[-130.582912,54.720367],[-130.582368,54.720409],[-130.582541,54.720829],[-130.581922,54.720891],[-130.579415,54.719908],[-130.577805,54.71965],[-130.572673,54.719817],[-130.571701,54.718381],[-130.571846,54.717302],[-130.571145,54.716825],[-130.570089,54.716847],[-130.568617,54.714485],[-130.566818,54.713717],[-130.566515,54.713919],[-130.565376,54.71379],[-130.563752,54.713154],[-130.563141,54.713396],[-130.561348,54.711972],[-130.560529,54.712118],[-130.556277,54.710114],[-130.555184,54.710317],[-130.551355,54.708064],[-130.54913,54.707482],[-130.548911,54.707053],[-130.546194,54.70743],[-130.54613,54.706963],[-130.544838,54.706845],[-130.544822,54.706018],[-130.543059,54.70622],[-130.54267,54.704535],[-130.540931,54.704135],[-130.539946,54.703501],[-130.539264,54.70351],[-130.538592,54.702978],[-130.536832,54.702453],[-130.535181,54.703121],[-130.531861,54.701904],[-130.531221,54.701373],[-130.530477,54.701392],[-130.528831,54.702212],[-130.527939,54.702036],[-130.527384,54.702554],[-130.525742,54.702638],[-130.524668,54.702121],[-130.523959,54.702661],[-130.523044,54.702645],[-130.521758,54.704414],[-130.520156,54.705162],[-130.519225,54.706422],[-130.518746,54.706042],[-130.517164,54.706466],[-130.516973,54.707188],[-130.517548,54.70763],[-130.516604,54.708127],[-130.518741,54.709647],[-130.518719,54.709899],[-130.518055,54.709961],[-130.520019,54.711464],[-130.521001,54.712791],[-130.52073,54.712992],[-130.520148,54.712801],[-130.519408,54.71211],[-130.518862,54.712422],[-130.518202,54.712214],[-130.518958,54.713374],[-130.519839,54.712832],[-130.520172,54.713439],[-130.520054,54.714007],[-130.519443,54.713458],[-130.518904,54.714812],[-130.520252,54.715587],[-130.521531,54.715741],[-130.522418,54.716188],[-130.523284,54.717769],[-130.525715,54.719697],[-130.525759,54.720442],[-130.527328,54.72125],[-130.527454,54.72256],[-130.528972,54.723682],[-130.529785,54.726756],[-130.52808,54.725609],[-130.528101,54.725311],[-130.528778,54.725132],[-130.527996,54.724981],[-130.526633,54.723839],[-130.525767,54.721503],[-130.520381,54.719001],[-130.519002,54.717014],[-130.517768,54.717658],[-130.516963,54.717695],[-130.517014,54.718225],[-130.517764,54.718781],[-130.51698,54.719438],[-130.516244,54.719223],[-130.514422,54.719525],[-130.512108,54.719113],[-130.509488,54.719209],[-130.508936,54.718559],[-130.509805,54.718099],[-130.508091,54.717554],[-130.506946,54.718054],[-130.506884,54.718441],[-130.507638,54.718754],[-130.507262,54.719461],[-130.506182,54.719672],[-130.504109,54.719446],[-130.502227,54.720997],[-130.499768,54.719149],[-130.500012,54.718633],[-130.499674,54.718297],[-130.499289,54.7184],[-130.498823,54.717569],[-130.49907,54.716255],[-130.498263,54.71373],[-130.495649,54.711515],[-130.496689,54.710235],[-130.496943,54.709091],[-130.496331,54.708487],[-130.495874,54.708341],[-130.49524,54.708798],[-130.494708,54.708697],[-130.494249,54.707596],[-130.493753,54.708043],[-130.493006,54.707962],[-130.492772,54.707111],[-130.492481,54.707627],[-130.491337,54.707739],[-130.490967,54.706953],[-130.489998,54.707621],[-130.488386,54.707712],[-130.488219,54.708272],[-130.489563,54.708453],[-130.490048,54.709041],[-130.489126,54.709708],[-130.488426,54.709222],[-130.487904,54.709805],[-130.486239,54.707973],[-130.484425,54.707627],[-130.483463,54.706775],[-130.482352,54.70695],[-130.47908,54.704475],[-130.47783,54.704256],[-130.478088,54.705367],[-130.476855,54.706075],[-130.474926,54.705092],[-130.474277,54.705126],[-130.473659,54.705637],[-130.47399,54.7062],[-130.473092,54.706291],[-130.471886,54.708571],[-130.471434,54.708496],[-130.471451,54.708971],[-130.47077,54.70863],[-130.469703,54.709154],[-130.467623,54.712163],[-130.464594,54.715121],[-130.462245,54.720112],[-130.461344,54.719296],[-130.460671,54.720013],[-130.459854,54.722333],[-130.463109,54.72304],[-130.463707,54.723652],[-130.463175,54.72356],[-130.463168,54.724235],[-130.463713,54.724686],[-130.462791,54.724122],[-130.461228,54.723826],[-130.458688,54.726176],[-130.457337,54.728295],[-130.457292,54.729662],[-130.457845,54.72996],[-130.457887,54.730698],[-130.456617,54.732052],[-130.4567,54.732662],[-130.457463,54.732706],[-130.457155,54.733654],[-130.455765,54.734308],[-130.454425,54.733704],[-130.453557,54.733814],[-130.45181,54.736208],[-130.451331,54.73802],[-130.450649,54.738047],[-130.450229,54.737602],[-130.449554,54.737843],[-130.446892,54.741542],[-130.445958,54.744142],[-130.444918,54.744208],[-130.443184,54.746108],[-130.443189,54.747545],[-130.443436,54.747965],[-130.444093,54.748065],[-130.444349,54.749131],[-130.443756,54.749516],[-130.442759,54.749437],[-130.442934,54.749984],[-130.441474,54.750406],[-130.441755,54.751329],[-130.442185,54.751233],[-130.441789,54.751876],[-130.439208,54.754414],[-130.43857,54.755734],[-130.438058,54.75575],[-130.438267,54.755036],[-130.437801,54.755104],[-130.437635,54.755691],[-130.435975,54.757085],[-130.435955,54.757796],[-130.436416,54.758061],[-130.437122,54.757846],[-130.438285,54.756024],[-130.439896,54.757605],[-130.442169,54.757301],[-130.446402,54.756136],[-130.452552,54.75563],[-130.456846,54.754455],[-130.457904,54.754469],[-130.451622,54.756531],[-130.448068,54.75803],[-130.447439,54.758658],[-130.446637,54.758829],[-130.446138,54.759643],[-130.442661,54.760692],[-130.439093,54.762621],[-130.439789,54.766415],[-130.441231,54.768106],[-130.442051,54.770154],[-130.442056,54.773353],[-130.444827,54.777842],[-130.445737,54.778037],[-130.447227,54.779305],[-130.447574,54.780289],[-130.448819,54.780742],[-130.453223,54.785201],[-130.454767,54.785766],[-130.454512,54.786444],[-130.456106,54.787979],[-130.457004,54.788247],[-130.459963,54.79142],[-130.460075,54.792345],[-130.461083,54.792684],[-130.46173,54.792558],[-130.462728,54.79349],[-130.462923,54.794143],[-130.461989,54.794991],[-130.463134,54.79566],[-130.463242,54.79609],[-130.464373,54.796382],[-130.465291,54.797693],[-130.466178,54.798131],[-130.465952,54.798718],[-130.46835,54.800091],[-130.468454,54.800827],[-130.467152,54.801381],[-130.467231,54.80184],[-130.467803,54.802623],[-130.468773,54.802729],[-130.470002,54.804016],[-130.471382,54.804297],[-130.471067,54.805909],[-130.47257,54.807024],[-130.472946,54.808386],[-130.473954,54.808723],[-130.474023,54.809739],[-130.47705,54.812118],[-130.476783,54.81294],[-130.481002,54.815935],[-130.482953,54.817772],[-130.482573,54.818064],[-130.483327,54.81863],[-130.484432,54.81868],[-130.486189,54.819845],[-130.487586,54.819801],[-130.488846,54.820154],[-130.490743,54.822189],[-130.48949,54.822042],[-130.489083,54.822811],[-130.48991,54.8237],[-130.491632,54.823579],[-130.492795,54.823852],[-130.49238,54.824406],[-130.492703,54.825957],[-130.495062,54.825398],[-130.496739,54.824406],[-130.49824,54.822932],[-130.498652,54.821463],[-130.500815,54.819313],[-130.502382,54.818765],[-130.503051,54.817956],[-130.504498,54.817058],[-130.50521,54.816976],[-130.506855,54.815581],[-130.508017,54.815001],[-130.508446,54.815256],[-130.509307,54.814149],[-130.516756,54.809454],[-130.517988,54.809061],[-130.523562,54.805863],[-130.525235,54.805654],[-130.525809,54.80518],[-130.526142,54.805346],[-130.527508,54.804862],[-130.531128,54.803063],[-130.532698,54.801811],[-130.534969,54.80137],[-130.535752,54.800309],[-130.536837,54.799782],[-130.537912,54.7994],[-130.539417,54.799318],[-130.54467,54.797553],[-130.54592,54.796854],[-130.546575,54.79609],[-130.546992,54.793991],[-130.546276,54.792751],[-130.546318,54.79018],[-130.54523,54.789412],[-130.545539,54.788887],[-130.545168,54.788559],[-130.545623,54.78867],[-130.545979,54.789429],[-130.5485,54.790278],[-130.549871,54.790341],[-130.549641,54.790865],[-130.550571,54.790737],[-130.551039,54.790362],[-130.550496,54.790019],[-130.551162,54.78957],[-130.551038,54.78834],[-130.552959,54.788145],[-130.554226,54.787076],[-130.555132,54.7872],[-130.555887,54.786607],[-130.55666,54.786524],[-130.558134,54.785219],[-130.558826,54.785373],[-130.5602,54.784349],[-130.564075,54.782815],[-130.565779,54.781787],[-130.56605,54.78119],[-130.568515,54.781384],[-130.572042,54.779333],[-130.577102,54.779097],[-130.578056,54.778815],[-130.578449,54.777722],[-130.580035,54.777296],[-130.580566,54.776184],[-130.58167,54.775388],[-130.582142,54.774367],[-130.581317,54.773532],[-130.581582,54.773169],[-130.583779,54.772853],[-130.585188,54.772332],[-130.587108,54.770932],[-130.587157,54.765044],[-130.585867,54.762282],[-130.584475,54.761646],[-130.582968,54.759706],[-130.580634,54.75881],[-130.57936,54.757218],[-130.573212,54.754952],[-130.572566,54.753954],[-130.571491,54.753455],[-130.571237,54.752532],[-130.571302,54.752172],[-130.571719,54.752149],[-130.575238,54.752723],[-130.576706,54.75372],[-130.577711,54.753986],[-130.577716,54.75333],[-130.576963,54.752737],[-130.578575,54.752249],[-130.579999,54.752455],[-130.580874,54.752192],[-130.580554,54.753185],[-130.581118,54.753303],[-130.58183,54.754426],[-130.582807,54.754728],[-130.583639,54.754592],[-130.586549,54.756234],[-130.587224,54.756054],[-130.587213,54.754931],[-130.586401,54.754448],[-130.58588,54.753421],[-130.586026,54.753185],[-130.587194,54.75326],[-130.587471,54.752807],[-130.586703,54.751856],[-130.586958,54.744491],[-130.586369,54.742899],[-130.58551,54.74202],[-130.586799,54.740808],[-130.587637,54.74077],[-130.588033,54.741349],[-130.593011,54.743486],[-130.592134,54.744926],[-130.590434,54.745964],[-130.589858,54.745927],[-130.589831,54.745639],[-130.588959,54.746361],[-130.589413,54.746823],[-130.588915,54.748052],[-130.589205,54.749054],[-130.590488,54.750511],[-130.589372,54.750957],[-130.589316,54.751507],[-130.588702,54.751721],[-130.58982,54.752911],[-130.588894,54.754649],[-130.590004,54.755587],[-130.59123,54.75593],[-130.5908,54.756466],[-130.592515,54.757433],[-130.594403,54.75756],[-130.594921,54.757346],[-130.594912,54.755882],[-130.595686,54.755422],[-130.595496,54.754958],[-130.594687,54.754914],[-130.594733,54.753746],[-130.595956,54.753207],[-130.598544,54.753848],[-130.59854,54.754513],[-130.59733,54.754978],[-130.596787,54.75575],[-130.597725,54.757076],[-130.59671,54.756964],[-130.596469,54.75756],[-130.596839,54.758661],[-130.598114,54.759848],[-130.597026,54.760267],[-130.597502,54.760495],[-130.598053,54.76029],[-130.598473,54.760689],[-130.598061,54.761314],[-130.598171,54.763658],[-130.5986,54.764309],[-130.599581,54.764377],[-130.600008,54.765756],[-130.600816,54.765745],[-130.605215,54.768841],[-130.607949,54.77],[-130.608299,54.770563],[-130.609083,54.77038],[-130.610858,54.771598],[-130.612472,54.771944],[-130.614486,54.772889],[-130.614675,54.773354],[-130.616149,54.773658],[-130.616666,54.77418],[-130.620797,54.775978],[-130.621927,54.775891],[-130.622175,54.775078],[-130.624336,54.775822],[-130.629056,54.774492]]],[[[-130.201026,55.030238],[-130.201585,55.030609],[-130.202257,55.029065],[-130.201379,55.028409],[-130.200558,55.028732],[-130.200044,55.027739],[-130.199273,55.028107],[-130.19957,55.026036],[-130.201523,55.025415],[-130.203574,55.025439],[-130.204255,55.025173],[-130.204548,55.024532],[-130.205595,55.025582],[-130.206445,55.025259],[-130.20854,55.023638],[-130.209001,55.022339],[-130.20988,55.021836],[-130.2134,55.021919],[-130.213727,55.022337],[-130.214454,55.021576],[-130.215921,55.02094],[-130.217873,55.018207],[-130.220076,55.016109],[-130.220853,55.015948],[-130.221715,55.014996],[-130.222357,55.014953],[-130.223703,55.013556],[-130.225064,55.013012],[-130.226142,55.012938],[-130.227737,55.011439],[-130.228254,55.011479],[-130.229784,55.010323],[-130.231299,55.006685],[-130.232307,55.005416],[-130.233804,55.0048],[-130.234158,55.002585],[-130.236505,54.99857],[-130.239678,54.995474],[-130.239831,54.994394],[-130.241342,54.992123],[-130.241291,54.991053],[-130.242205,54.990227],[-130.242649,54.990455],[-130.243561,54.989619],[-130.244201,54.989568],[-130.245109,54.988166],[-130.247981,54.986024],[-130.250233,54.982972],[-130.2516,54.982222],[-130.253717,54.97944],[-130.255485,54.978066],[-130.255816,54.977163],[-130.256922,54.976559],[-130.257032,54.975596],[-130.260263,54.97292],[-130.26184,54.970926],[-130.262813,54.970585],[-130.262366,54.970238],[-130.26325,54.969546],[-130.264399,54.96735],[-130.263668,54.965947],[-130.263931,54.964443],[-130.265751,54.963184],[-130.269627,54.962739],[-130.270086,54.962447],[-130.270648,54.961947],[-130.270636,54.961012],[-130.272941,54.959864],[-130.273835,54.958534],[-130.276191,54.956478],[-130.275748,54.955746],[-130.273891,54.954848],[-130.275557,54.953205],[-130.279105,54.951819],[-130.280557,54.950869],[-130.28101,54.949876],[-130.282664,54.949804],[-130.28344,54.948717],[-130.28556,54.948623],[-130.286566,54.9473],[-130.286571,54.945997],[-130.288523,54.946013],[-130.289399,54.945608],[-130.29183,54.942509],[-130.295048,54.940138],[-130.295887,54.940021],[-130.295551,54.941229],[-130.29693,54.942347],[-130.298654,54.942068],[-130.300494,54.941059],[-130.301456,54.939925],[-130.303152,54.939296],[-130.302798,54.937979],[-130.303285,54.937543],[-130.304354,54.937333],[-130.305499,54.93751],[-130.30609,54.936973],[-130.30806,54.936574],[-130.310822,54.932222],[-130.312155,54.931003],[-130.314169,54.930029],[-130.314608,54.928622],[-130.319181,54.92673],[-130.320853,54.925417],[-130.323066,54.921519],[-130.324576,54.920892],[-130.325019,54.91971],[-130.326915,54.918557],[-130.32764,54.917299],[-130.330518,54.916073],[-130.334085,54.915449],[-130.33508,54.914397],[-130.337238,54.913142],[-130.339788,54.912421],[-130.339952,54.910792],[-130.342678,54.909774],[-130.343487,54.907805],[-130.344312,54.907743],[-130.344737,54.907388],[-130.344527,54.905772],[-130.346094,54.905098],[-130.346308,54.904467],[-130.350671,54.902963],[-130.353936,54.901245],[-130.355881,54.900649],[-130.358752,54.898343],[-130.35961,54.896994],[-130.362029,54.895197],[-130.362029,54.895691],[-130.363059,54.896605],[-130.36509,54.895774],[-130.365238,54.896446],[-130.365691,54.896467],[-130.367487,54.895674],[-130.368809,54.894636],[-130.368871,54.89325],[-130.37151,54.892411],[-130.373315,54.890971],[-130.374012,54.89082],[-130.374362,54.891022],[-130.376588,54.890017],[-130.377504,54.890349],[-130.378671,54.890272],[-130.380785,54.888721],[-130.380161,54.890121],[-130.381049,54.890065],[-130.381933,54.889507],[-130.383504,54.889822],[-130.384715,54.889207],[-130.385989,54.887708],[-130.38682,54.887817],[-130.389157,54.886891],[-130.39091,54.886646],[-130.393238,54.884974],[-130.393595,54.883604],[-130.394692,54.882873],[-130.396679,54.881744],[-130.400764,54.880385],[-130.402237,54.878831],[-130.404352,54.877782],[-130.403972,54.877166],[-130.407239,54.875637],[-130.408403,54.875489],[-130.408499,54.874661],[-130.410203,54.873463],[-130.409653,54.872445],[-130.410535,54.871393],[-130.409963,54.869718],[-130.41096,54.870615],[-130.414259,54.87223],[-130.415773,54.871844],[-130.41775,54.870437],[-130.418178,54.871123],[-130.419323,54.870894],[-130.422596,54.868222],[-130.423142,54.867381],[-130.425815,54.865848],[-130.427372,54.864015],[-130.428591,54.863299],[-130.429567,54.860475],[-130.430817,54.859651],[-130.430662,54.860633],[-130.431645,54.86063],[-130.431617,54.859821],[-130.432504,54.859335],[-130.433313,54.859342],[-130.433836,54.858753],[-130.434328,54.858981],[-130.435195,54.856642],[-130.435828,54.856447],[-130.436534,54.856618],[-130.437004,54.857565],[-130.437664,54.857673],[-130.443274,54.854704],[-130.445737,54.852536],[-130.446947,54.851991],[-130.447297,54.851296],[-130.450233,54.849354],[-130.450376,54.848552],[-130.451097,54.848229],[-130.451518,54.847425],[-130.453926,54.845949],[-130.456309,54.843754],[-130.457805,54.841184],[-130.457087,54.839449],[-130.457585,54.838149],[-130.457161,54.836284],[-130.454676,54.832153],[-130.448635,54.828216],[-130.446725,54.8214],[-130.443826,54.818252],[-130.438753,54.816489],[-130.437984,54.815887],[-130.436562,54.812641],[-130.43646,54.810683],[-130.435504,54.809149],[-130.432906,54.807867],[-130.432729,54.80723],[-130.431566,54.806471],[-130.431021,54.805184],[-130.429147,54.804513],[-130.429095,54.803508],[-130.427947,54.802676],[-130.42688,54.80242],[-130.425646,54.800528],[-130.424536,54.799913],[-130.423503,54.798406],[-130.42425,54.797966],[-130.424352,54.797381],[-130.423165,54.794985],[-130.41989,54.793873],[-130.419495,54.792817],[-130.417503,54.791887],[-130.417969,54.7919],[-130.418328,54.791519],[-130.418041,54.791288],[-130.418578,54.79104],[-130.418807,54.791361],[-130.419694,54.791359],[-130.419319,54.790473],[-130.418002,54.79012],[-130.414108,54.788216],[-130.413829,54.787806],[-130.413954,54.787337],[-130.414055,54.788018],[-130.415385,54.788731],[-130.41793,54.789915],[-130.419429,54.79004],[-130.420047,54.790842],[-130.422418,54.792298],[-130.423344,54.792601],[-130.424459,54.792436],[-130.424458,54.792867],[-130.425503,54.792909],[-130.426917,54.794186],[-130.428762,54.794928],[-130.431812,54.7998],[-130.432629,54.800437],[-130.432583,54.80095],[-130.431213,54.801344],[-130.430931,54.802192],[-130.433359,54.803539],[-130.433877,54.80497],[-130.437984,54.806296],[-130.438024,54.807816],[-130.438837,54.80795],[-130.439607,54.808596],[-130.441356,54.808773],[-130.441438,54.809761],[-130.442508,54.810107],[-130.442787,54.811336],[-130.444469,54.812251],[-130.445294,54.81402],[-130.449089,54.816105],[-130.448845,54.817573],[-130.448263,54.817445],[-130.447817,54.817972],[-130.448809,54.818346],[-130.450522,54.818335],[-130.453121,54.820506],[-130.452637,54.82044],[-130.452312,54.820929],[-130.451598,54.820147],[-130.451321,54.820258],[-130.451748,54.820837],[-130.451183,54.820718],[-130.450558,54.821067],[-130.4507,54.821972],[-130.450037,54.822628],[-130.45301,54.827392],[-130.455655,54.829085],[-130.458497,54.83013],[-130.458782,54.83072],[-130.459237,54.830391],[-130.460096,54.830479],[-130.461138,54.836075],[-130.46206,54.836972],[-130.463456,54.837297],[-130.463606,54.837978],[-130.464713,54.838916],[-130.466275,54.839015],[-130.467401,54.838704],[-130.467491,54.839019],[-130.468244,54.838757],[-130.468607,54.838933],[-130.469738,54.838344],[-130.472104,54.835772],[-130.472634,54.835747],[-130.473051,54.836938],[-130.474149,54.836259],[-130.476526,54.833157],[-130.476637,54.834467],[-130.475624,54.835306],[-130.475793,54.836113],[-130.476938,54.836343],[-130.477879,54.836079],[-130.482974,54.832791],[-130.484445,54.832574],[-130.485452,54.830738],[-130.489337,54.828893],[-130.489998,54.827797],[-130.489244,54.827564],[-130.48941,54.826222],[-130.488467,54.825937],[-130.488054,54.824909],[-130.485561,54.823133],[-130.483075,54.822813],[-130.477767,54.81815],[-130.477062,54.817979],[-130.474868,54.816324],[-130.473739,54.816086],[-130.470072,54.813201],[-130.469112,54.811667],[-130.466463,54.809021],[-130.465268,54.808658],[-130.464925,54.808168],[-130.463656,54.807977],[-130.459614,54.802461],[-130.459346,54.801494],[-130.456109,54.798442],[-130.455381,54.798063],[-130.454574,54.798118],[-130.450154,54.800661],[-130.450201,54.799815],[-130.44934,54.799664],[-130.449172,54.79892],[-130.450536,54.797052],[-130.449233,54.797149],[-130.449244,54.796123],[-130.448457,54.794588],[-130.446814,54.792988],[-130.44629,54.791809],[-130.444378,54.78963],[-130.443306,54.789283],[-130.442359,54.787578],[-130.439659,54.785983],[-130.438243,54.784184],[-130.437304,54.783566],[-130.435594,54.783154],[-130.433507,54.78175],[-130.432374,54.782267],[-130.432651,54.782623],[-130.432229,54.783492],[-130.432901,54.784895],[-130.431641,54.786149],[-130.429973,54.784749],[-130.427577,54.784678],[-130.427388,54.78372],[-130.426965,54.78367],[-130.427312,54.782875],[-130.426941,54.782133],[-130.426089,54.781749],[-130.426214,54.781324],[-130.425207,54.781435],[-130.425956,54.779736],[-130.425756,54.778004],[-130.426569,54.777239],[-130.426929,54.775123],[-130.424805,54.773108],[-130.423205,54.773136],[-130.422302,54.772617],[-130.422145,54.770812],[-130.423184,54.769901],[-130.423123,54.76858],[-130.419854,54.768438],[-130.41864,54.769703],[-130.41638,54.769099],[-130.415996,54.769265],[-130.416162,54.768221],[-130.415354,54.768698],[-130.415226,54.768142],[-130.414524,54.768015],[-130.413636,54.768448],[-130.413327,54.769368],[-130.411996,54.769106],[-130.411946,54.769888],[-130.410791,54.769785],[-130.410492,54.770138],[-130.40997,54.769831],[-130.408976,54.771225],[-130.40802,54.771011],[-130.407923,54.770016],[-130.406873,54.770208],[-130.40673,54.770541],[-130.405952,54.770524],[-130.403842,54.77249],[-130.403126,54.772884],[-130.401559,54.772992],[-130.400652,54.773713],[-130.401347,54.774459],[-130.401155,54.77475],[-130.400395,54.774848],[-130.399514,54.774068],[-130.398899,54.774281],[-130.399104,54.774845],[-130.400042,54.774969],[-130.400229,54.775425],[-130.39947,54.776413],[-130.398934,54.776231],[-130.398601,54.776442],[-130.399109,54.776768],[-130.398907,54.77722],[-130.39822,54.777103],[-130.39669,54.778342],[-130.39765,54.779104],[-130.397411,54.77979],[-130.396302,54.779649],[-130.395942,54.780049],[-130.395133,54.780068],[-130.393365,54.779306],[-130.392751,54.779555],[-130.391852,54.781427],[-130.391084,54.781247],[-130.391301,54.780346],[-130.390935,54.780044],[-130.390416,54.780787],[-130.389669,54.780769],[-130.389167,54.781106],[-130.388454,54.782086],[-130.38595,54.781629],[-130.384604,54.782274],[-130.384164,54.782134],[-130.382261,54.783811],[-130.382145,54.785366],[-130.380882,54.785776],[-130.380944,54.788068],[-130.380044,54.788122],[-130.379153,54.78887],[-130.377587,54.789022],[-130.376624,54.788593],[-130.375395,54.789048],[-130.374554,54.789021],[-130.372527,54.790248],[-130.372557,54.789763],[-130.372089,54.789669],[-130.371291,54.790486],[-130.370391,54.790569],[-130.369802,54.79107],[-130.368564,54.791245],[-130.367649,54.791795],[-130.367204,54.791513],[-130.366422,54.792258],[-130.365249,54.792577],[-130.364848,54.793552],[-130.363409,54.794719],[-130.363605,54.795462],[-130.362317,54.795549],[-130.361822,54.795186],[-130.360815,54.795781],[-130.359993,54.7958],[-130.359056,54.7967],[-130.359722,54.797492],[-130.360643,54.800349],[-130.363866,54.802344],[-130.364176,54.803203],[-130.363598,54.804073],[-130.360225,54.803697],[-130.356549,54.800772],[-130.356063,54.799735],[-130.355411,54.799796],[-130.354873,54.799057],[-130.350963,54.798426],[-130.3504,54.799241],[-130.349489,54.799017],[-130.348603,54.799469],[-130.347958,54.799295],[-130.345345,54.800735],[-130.345247,54.801501],[-130.346735,54.802257],[-130.345686,54.803463],[-130.344329,54.803829],[-130.342861,54.80363],[-130.342315,54.804103],[-130.341495,54.804203],[-130.341204,54.804835],[-130.340452,54.80469],[-130.339557,54.806326],[-130.336862,54.806725],[-130.335223,54.807488],[-130.334799,54.80735],[-130.333605,54.808424],[-130.33292,54.807901],[-130.332291,54.808672],[-130.331057,54.808514],[-130.328404,54.809217],[-130.327824,54.810023],[-130.326564,54.810567],[-130.326601,54.811233],[-130.32536,54.812244],[-130.324531,54.812108],[-130.322996,54.813249],[-130.322352,54.813121],[-130.31958,54.814481],[-130.319044,54.814236],[-130.316405,54.816385],[-130.315236,54.818735],[-130.314425,54.81913],[-130.314599,54.819694],[-130.313715,54.819821],[-130.313092,54.821194],[-130.311131,54.821682],[-130.310494,54.822175],[-130.310438,54.823847],[-130.30938,54.824371],[-130.308434,54.825441],[-130.308794,54.826939],[-130.307301,54.828401],[-130.306383,54.828474],[-130.305516,54.829552],[-130.306037,54.830276],[-130.304898,54.831132],[-130.304392,54.830922],[-130.305162,54.83015],[-130.303686,54.830291],[-130.302995,54.830056],[-130.302496,54.82759],[-130.303365,54.826099],[-130.303556,54.823318],[-130.302313,54.819494],[-130.29751,54.822134],[-130.295624,54.822576],[-130.295116,54.82322],[-130.29411,54.823438],[-130.293047,54.823279],[-130.291572,54.823878],[-130.290642,54.824939],[-130.289601,54.825023],[-130.286266,54.826865],[-130.284215,54.830383],[-130.284343,54.832987],[-130.283754,54.833551],[-130.282914,54.833541],[-130.282592,54.83571],[-130.281882,54.835844],[-130.28041,54.834161],[-130.280215,54.832869],[-130.279573,54.832301],[-130.27878,54.832327],[-130.278422,54.833292],[-130.277563,54.832762],[-130.276048,54.833606],[-130.274528,54.836236],[-130.274674,54.838392],[-130.275203,54.838881],[-130.272403,54.842433],[-130.271135,54.845691],[-130.271168,54.846221],[-130.272327,54.846478],[-130.27232,54.847215],[-130.273377,54.847635],[-130.273916,54.849454],[-130.274784,54.850236],[-130.272738,54.849611],[-130.272187,54.850901],[-130.270581,54.851358],[-130.268449,54.850455],[-130.268086,54.849776],[-130.267508,54.850178],[-130.266621,54.850213],[-130.266006,54.849977],[-130.264796,54.850161],[-130.264301,54.849806],[-130.2631,54.850215],[-130.262434,54.849834],[-130.261858,54.850317],[-130.262435,54.850374],[-130.262229,54.850753],[-130.261377,54.850915],[-130.261252,54.851348],[-130.259495,54.851986],[-130.258584,54.852714],[-130.253222,54.85819],[-130.250769,54.861971],[-130.246748,54.865437],[-130.243678,54.869504],[-130.24048,54.872385],[-130.241139,54.873062],[-130.241038,54.873845],[-130.239302,54.87566],[-130.239228,54.876316],[-130.234446,54.880482],[-130.234189,54.88123],[-130.230842,54.883484],[-130.230847,54.884149],[-130.227963,54.886677],[-130.227904,54.887324],[-130.226966,54.887757],[-130.225246,54.889598],[-130.2243,54.889788],[-130.223462,54.890451],[-130.222927,54.890251],[-130.221877,54.891636],[-130.220242,54.892254],[-130.219335,54.893199],[-130.216834,54.894536],[-130.215222,54.894839],[-130.215012,54.895606],[-130.211779,54.897553],[-130.209467,54.899462],[-130.208598,54.900693],[-130.20782,54.901231],[-130.206657,54.901449],[-130.205168,54.902785],[-130.204742,54.902655],[-130.203793,54.903204],[-130.202009,54.905683],[-130.200748,54.906244],[-130.200345,54.907354],[-130.199789,54.907531],[-130.199344,54.907301],[-130.199192,54.907995],[-130.197175,54.908849],[-130.196711,54.910023],[-130.195224,54.91036],[-130.194753,54.911346],[-130.193444,54.912401],[-130.192818,54.914474],[-130.189377,54.917896],[-130.189256,54.919038],[-130.186945,54.921659],[-130.185648,54.922139],[-130.184693,54.92417],[-130.183278,54.925387],[-130.183157,54.926531],[-130.181481,54.927912],[-130.181337,54.928885],[-130.182332,54.929288],[-130.180138,54.929472],[-130.179947,54.930445],[-130.180832,54.931846],[-130.180192,54.932464],[-130.176691,54.933351],[-130.176546,54.93427],[-130.174759,54.935059],[-130.171955,54.93843],[-130.169626,54.939944],[-130.16953,54.940988],[-130.168733,54.941498],[-130.167527,54.943452],[-130.16658,54.944251],[-130.165913,54.944366],[-130.164626,54.945716],[-130.163462,54.945486],[-130.162185,54.949335],[-130.160742,54.950732],[-130.159314,54.951007],[-130.158857,54.951416],[-130.158872,54.953051],[-130.157604,54.95345],[-130.156959,54.954373],[-130.156106,54.954606],[-130.153663,54.956535],[-130.152876,54.95797],[-130.153094,54.960108],[-130.153868,54.961519],[-130.154932,54.96212],[-130.158312,54.962358],[-130.157636,54.963281],[-130.156879,54.966793],[-130.158307,54.967041],[-130.158576,54.968817],[-130.158168,54.96981],[-130.159154,54.970448],[-130.158756,54.971288],[-130.157601,54.971873],[-130.156605,54.973608],[-130.155425,54.973899],[-130.154887,54.974685],[-130.153308,54.975249],[-130.153308,54.976336],[-130.153721,54.976566],[-130.155219,54.976471],[-130.156093,54.977038],[-130.15788,54.977191],[-130.158028,54.977999],[-130.159046,54.97913],[-130.157938,54.982521],[-130.158359,54.984097],[-130.157844,54.984103],[-130.158025,54.986024],[-130.158643,54.986882],[-130.160378,54.987953],[-130.160912,54.989098],[-130.160646,54.989702],[-130.161322,54.990324],[-130.161122,54.990974],[-130.162642,54.993853],[-130.163737,54.994957],[-130.165134,54.995689],[-130.165376,54.996522],[-130.167398,54.997204],[-130.168537,54.998721],[-130.170319,54.999801],[-130.170918,55.002679],[-130.171983,55.003245],[-130.172054,55.004664],[-130.172869,55.005177],[-130.174437,55.007553],[-130.173967,55.008591],[-130.174603,55.008909],[-130.175046,55.01018],[-130.177649,55.011998],[-130.178601,55.014083],[-130.180377,55.014954],[-130.181949,55.016242],[-130.182368,55.019294],[-130.183294,55.020983],[-130.18292,55.022101],[-130.183454,55.023265],[-130.17933,55.025552],[-130.180093,55.02762],[-130.180982,55.028034],[-130.181225,55.029864],[-130.181832,55.029796],[-130.182183,55.030548],[-130.184007,55.030907],[-130.184065,55.031814],[-130.185037,55.029252],[-130.185781,55.028454],[-130.185678,55.025993],[-130.186737,55.025291],[-130.185945,55.025011],[-130.186479,55.023962],[-130.187129,55.024801],[-130.188948,55.025529],[-130.188328,55.031521],[-130.18912,55.033958],[-130.19062,55.03229],[-130.192232,55.032291],[-130.192519,55.032513],[-130.193233,55.032273],[-130.193663,55.031478],[-130.195323,55.031542],[-130.195787,55.031844],[-130.197412,55.030749],[-130.198288,55.030776],[-130.1986,55.031223],[-130.201026,55.030238]]],[[[-129.463957,54.660293],[-129.460844,54.669542],[-129.458678,54.674156],[-129.451706,54.681334],[-129.450422,54.686241],[-129.450503,54.69068],[-129.453834,54.692863],[-129.45632,54.69797],[-129.455657,54.702708],[-129.452774,54.710008],[-129.436173,54.731881],[-129.423307,54.74708],[-129.418706,54.750776],[-129.416258,54.754445],[-129.404028,54.766544],[-129.396353,54.772782],[-129.384313,54.779147],[-129.381362,54.784396],[-129.384738,54.791345],[-129.396147,54.798052],[-129.407541,54.810057],[-129.420198,54.812527],[-129.434937,54.811498],[-129.445565,54.814184],[-129.455805,54.817237],[-129.472324,54.817226],[-129.477847,54.819983],[-129.481744,54.816337],[-129.561232,54.823868],[-129.600032,54.825002],[-129.671259,54.821275],[-129.709859,54.819023],[-129.742139,54.816784],[-129.749856,54.812542],[-129.751982,54.808044],[-129.759721,54.805625],[-129.785776,54.810696],[-129.806167,54.810037],[-129.826797,54.841076],[-129.827773,54.857204],[-129.819125,54.864262],[-129.815401,54.875504],[-129.821481,54.891467],[-129.836972,54.917205],[-129.840253,54.924484],[-129.859693,54.936448],[-129.873837,54.946896],[-129.87746,54.947616],[-129.87842,54.947213],[-129.879513,54.947832],[-129.879841,54.947249],[-129.878627,54.94679],[-129.880475,54.946265],[-129.88086,54.945328],[-129.882444,54.944291],[-129.88416,54.944863],[-129.88503,54.944685],[-129.887099,54.945048],[-129.890037,54.944506],[-129.891767,54.943621],[-129.893458,54.943186],[-129.898812,54.943174],[-129.901319,54.942858],[-129.902236,54.941316],[-129.904411,54.940158],[-129.906075,54.939803],[-129.907633,54.939045],[-129.909704,54.93744],[-129.912422,54.936845],[-129.914908,54.93563],[-129.919836,54.934012],[-129.921872,54.934337],[-129.925064,54.934071],[-129.92779,54.935192],[-129.928274,54.934478],[-129.928633,54.935221],[-129.929713,54.934565],[-129.926839,54.937913],[-129.92684,54.939342],[-129.927892,54.940242],[-129.930137,54.940098],[-129.930624,54.938926],[-129.932513,54.937617],[-129.931901,54.936724],[-129.93258,54.935765],[-129.931927,54.935196],[-129.93288,54.934578],[-129.932809,54.933554],[-129.933749,54.932988],[-129.935918,54.933017],[-129.937069,54.93344],[-129.93722,54.934589],[-129.935516,54.935851],[-129.937757,54.938278],[-129.940386,54.939129],[-129.942136,54.938595],[-129.945941,54.936453],[-129.945644,54.935063],[-129.946551,54.935163],[-129.947258,54.934646],[-129.947413,54.932631],[-129.948856,54.932252],[-129.949931,54.931543],[-129.948708,54.931309],[-129.949044,54.930964],[-129.948144,54.92922],[-129.945402,54.929421],[-129.943667,54.929956],[-129.941737,54.93015],[-129.941126,54.930039],[-129.941381,54.929614],[-129.943966,54.928704],[-129.947219,54.927007],[-129.948593,54.927032],[-129.953091,54.925981],[-129.953792,54.925204],[-129.953986,54.922811],[-129.954656,54.922204],[-129.956413,54.921858],[-129.958351,54.921978],[-129.962428,54.92154],[-129.96542,54.920079],[-129.969466,54.919606],[-129.970759,54.918886],[-129.972191,54.918758],[-129.976973,54.915277],[-129.98004,54.913734],[-129.985939,54.913776],[-129.988891,54.914516],[-129.994275,54.917187],[-129.995506,54.917131],[-129.997175,54.916479],[-129.997787,54.916627],[-129.996626,54.91892],[-130.000018,54.921112],[-129.999867,54.925615],[-129.994348,54.928995],[-129.991666,54.932279],[-129.990196,54.932749],[-129.989129,54.932542],[-129.987799,54.933047],[-129.986793,54.933989],[-129.982664,54.934364],[-129.980548,54.935254],[-129.979518,54.935261],[-129.978985,54.93576],[-129.977286,54.935253],[-129.974135,54.935961],[-129.970931,54.939007],[-129.967246,54.940294],[-129.966205,54.941794],[-129.962518,54.942919],[-129.959597,54.944848],[-129.959467,54.945298],[-129.960755,54.945602],[-129.957856,54.947773],[-129.956946,54.949012],[-129.957308,54.95166],[-129.951675,54.955146],[-129.952038,54.955333],[-129.951572,54.956109],[-129.949296,54.957537],[-129.949812,54.958909],[-129.949439,54.959612],[-129.948504,54.959809],[-129.950166,54.962078],[-129.951959,54.963187],[-129.954872,54.964144],[-129.963704,54.96509],[-129.968455,54.967147],[-129.970748,54.967055],[-129.972424,54.967879],[-129.973731,54.969028],[-129.975893,54.969234],[-129.977419,54.970345],[-129.978856,54.970352],[-129.984723,54.97257],[-129.985679,54.974],[-129.98715,54.974733],[-129.996382,54.975279],[-129.998972,54.975806],[-130.001159,54.975752],[-130.006922,54.976854],[-130.007061,54.976242],[-130.008005,54.976486],[-130.011845,54.976293],[-130.015122,54.975574],[-130.017753,54.974535],[-130.019329,54.974495],[-130.021174,54.973896],[-130.022259,54.972997],[-130.023734,54.972634],[-130.024126,54.972118],[-130.028556,54.970607],[-130.029148,54.969928],[-130.030079,54.969606],[-130.02973,54.968827],[-130.030236,54.968427],[-130.036923,54.966051],[-130.037898,54.964462],[-130.039432,54.964026],[-130.042855,54.962299],[-130.043985,54.96193],[-130.045286,54.962079],[-130.048047,54.96077],[-130.05044,54.959114],[-130.053105,54.956485],[-130.056875,54.954403],[-130.058525,54.952951],[-130.059939,54.950889],[-130.062231,54.94962],[-130.064447,54.947767],[-130.064628,54.946913],[-130.066097,54.945812],[-130.067254,54.944175],[-130.069127,54.942928],[-130.069943,54.941959],[-130.06985,54.941304],[-130.07108,54.940017],[-130.075629,54.936228],[-130.076562,54.934881],[-130.080591,54.931503],[-130.08293,54.928543],[-130.084394,54.927766],[-130.08573,54.92637],[-130.08647,54.924926],[-130.087527,54.92418],[-130.088038,54.922952],[-130.088809,54.922559],[-130.089089,54.921936],[-130.09342,54.918869],[-130.097115,54.915295],[-130.099947,54.913831],[-130.100758,54.912755],[-130.100314,54.911312],[-130.102059,54.909543],[-130.103535,54.909314],[-130.103835,54.908854],[-130.103163,54.908302],[-130.10503,54.907466],[-130.107091,54.907035],[-130.106807,54.905186],[-130.112273,54.902593],[-130.114259,54.900005],[-130.116446,54.899022],[-130.119052,54.896815],[-130.120511,54.896604],[-130.121589,54.8961],[-130.124033,54.893704],[-130.124979,54.893525],[-130.130325,54.8906],[-130.134186,54.887139],[-130.135226,54.886985],[-130.136038,54.886475],[-130.136727,54.885479],[-130.140103,54.88295],[-130.140193,54.882292],[-130.146087,54.879029],[-130.149178,54.875926],[-130.150907,54.874868],[-130.151764,54.873754],[-130.153483,54.872794],[-130.157225,54.869037],[-130.161157,54.866538],[-130.169115,54.858291],[-130.169311,54.856987],[-130.170128,54.857266],[-130.170451,54.857092],[-130.170634,54.856353],[-130.170058,54.855927],[-130.17134,54.854927],[-130.171647,54.853774],[-130.172417,54.853982],[-130.17288,54.853771],[-130.172099,54.853194],[-130.173644,54.8522],[-130.17374,54.851813],[-130.173175,54.851656],[-130.174802,54.850769],[-130.176637,54.847497],[-130.176346,54.846556],[-130.175575,54.846329],[-130.174719,54.84473],[-130.176294,54.843716],[-130.175965,54.842094],[-130.176611,54.841772],[-130.17633,54.841199],[-130.174399,54.841255],[-130.173571,54.841685],[-130.17224,54.841437],[-130.172243,54.841024],[-130.170592,54.840959],[-130.169601,54.841714],[-130.169664,54.84281],[-130.168916,54.843824],[-130.165876,54.843225],[-130.163943,54.84371],[-130.163425,54.843535],[-130.160092,54.845706],[-130.158193,54.845211],[-130.156441,54.845498],[-130.15392,54.845028],[-130.151156,54.845889],[-130.149802,54.845875],[-130.149056,54.845344],[-130.146974,54.845049],[-130.143247,54.846503],[-130.141269,54.84645],[-130.140454,54.845757],[-130.137394,54.846577],[-130.132176,54.84933],[-130.130935,54.850601],[-130.129263,54.851038],[-130.127487,54.851028],[-130.124808,54.852113],[-130.1208,54.854792],[-130.113233,54.86163],[-130.111077,54.862557],[-130.109059,54.862872],[-130.109011,54.863376],[-130.107286,54.864649],[-130.105826,54.866532],[-130.102787,54.868276],[-130.102779,54.869104],[-130.100049,54.87071],[-130.099321,54.872046],[-130.09934,54.873295],[-130.10033,54.874194],[-130.099669,54.877886],[-130.098787,54.878737],[-130.093764,54.880859],[-130.09313,54.882249],[-130.093306,54.884144],[-130.092516,54.886011],[-130.090529,54.886972],[-130.090206,54.887677],[-130.089202,54.888],[-130.087109,54.887902],[-130.085916,54.889288],[-130.083716,54.889235],[-130.082812,54.889863],[-130.080933,54.89007],[-130.078365,54.891458],[-130.078004,54.892522],[-130.076898,54.893196],[-130.07467,54.893783],[-130.071179,54.895655],[-130.070339,54.895698],[-130.068556,54.896712],[-130.065835,54.897545],[-130.063919,54.897642],[-130.06277,54.897194],[-130.056312,54.892388],[-130.055076,54.889802],[-130.05485,54.887189],[-130.060498,54.885566],[-130.061041,54.884807],[-130.0607,54.883111],[-130.064255,54.882047],[-130.06437,54.881597],[-130.065357,54.881174],[-130.065558,54.880535],[-130.06662,54.880076],[-130.065963,54.878222],[-130.067705,54.876903],[-130.06937,54.876835],[-130.071066,54.876128],[-130.073556,54.87421],[-130.072756,54.872868],[-130.071342,54.872952],[-130.071256,54.872729],[-130.072118,54.871049],[-130.074384,54.86961],[-130.074093,54.867411],[-130.077292,54.866402],[-130.080521,54.863642],[-130.080646,54.863119],[-130.079441,54.862276],[-130.079488,54.861691],[-130.077601,54.860532],[-130.077586,54.859929],[-130.077081,54.859673],[-130.077962,54.858271],[-130.079967,54.857454],[-130.083905,54.857339],[-130.084923,54.855864],[-130.086933,54.855208],[-130.090656,54.852973],[-130.091844,54.853133],[-130.093616,54.851768],[-130.095171,54.851683],[-130.096946,54.851083],[-130.099206,54.849409],[-130.101404,54.848409],[-130.10728,54.842874],[-130.106978,54.840333],[-130.106658,54.840049],[-130.106044,54.840332],[-130.105969,54.839856],[-130.107778,54.838304],[-130.113819,54.835957],[-130.116932,54.835945],[-130.120731,54.835417],[-130.12246,54.834862],[-130.125107,54.83313],[-130.128674,54.832099],[-130.128905,54.832554],[-130.130487,54.832405],[-130.131245,54.831078],[-130.133682,54.830327],[-130.135307,54.829394],[-130.137057,54.829028],[-130.137708,54.828985],[-130.140281,54.830229],[-130.141513,54.830307],[-130.14376,54.831005],[-130.145334,54.83108],[-130.148204,54.830693],[-130.150587,54.8297],[-130.153657,54.827585],[-130.155867,54.826513],[-130.156283,54.824659],[-130.156802,54.82433],[-130.158009,54.824597],[-130.159531,54.822911],[-130.158911,54.821326],[-130.160407,54.82035],[-130.164519,54.819349],[-130.165776,54.818141],[-130.166164,54.816978],[-130.168013,54.816331],[-130.169337,54.815339],[-130.17003,54.812977],[-130.170806,54.812862],[-130.171131,54.81223],[-130.171277,54.809811],[-130.170498,54.809226],[-130.169244,54.808914],[-130.167013,54.810274],[-130.166023,54.810518],[-130.167269,54.809491],[-130.167935,54.807749],[-130.170195,54.806235],[-130.170758,54.802591],[-130.17041,54.801884],[-130.172873,54.800961],[-130.174545,54.799048],[-130.174701,54.797492],[-130.173976,54.797653],[-130.173499,54.797307],[-130.173709,54.796505],[-130.175458,54.795193],[-130.176138,54.793426],[-130.175543,54.792721],[-130.174981,54.792627],[-130.174712,54.790842],[-130.172622,54.78689],[-130.171043,54.785593],[-130.169523,54.785113],[-130.16753,54.783946],[-130.165847,54.782794],[-130.165771,54.782264],[-130.163375,54.781703],[-130.160726,54.780434],[-130.160615,54.779833],[-130.159273,54.779629],[-130.15631,54.778292],[-130.154694,54.778316],[-130.149097,54.777237],[-130.151191,54.773163],[-130.15235,54.774618],[-130.153054,54.774746],[-130.153666,54.774354],[-130.153935,54.774541],[-130.154552,54.774354],[-130.154358,54.77521],[-130.15574,54.775135],[-130.157649,54.776159],[-130.161044,54.775775],[-130.165071,54.774128],[-130.16594,54.774146],[-130.167362,54.77488],[-130.172093,54.776173],[-130.173815,54.77709],[-130.176058,54.777761],[-130.177084,54.778802],[-130.182812,54.782243],[-130.182584,54.781921],[-130.183309,54.781726],[-130.18392,54.780236],[-130.186179,54.778238],[-130.187012,54.775946],[-130.188135,54.775513],[-130.188336,54.774441],[-130.189125,54.77483],[-130.189399,54.774108],[-130.188591,54.774071],[-130.189277,54.773094],[-130.189941,54.7735],[-130.190606,54.773359],[-130.191645,54.77059],[-130.192834,54.769284],[-130.193705,54.769357],[-130.194745,54.768204],[-130.195771,54.764024],[-130.194975,54.76227],[-130.195389,54.760522],[-130.194209,54.758961],[-130.195295,54.756282],[-130.195069,54.754935],[-130.195199,54.753605],[-130.195663,54.75343],[-130.195663,54.750823],[-130.196282,54.750745],[-130.198437,54.746391],[-130.200886,54.74306],[-130.201968,54.73976],[-130.205398,54.735439],[-130.205638,54.734619],[-130.207503,54.733081],[-130.20839,54.731634],[-130.209554,54.731047],[-130.211782,54.730728],[-130.215945,54.727209],[-130.217385,54.726502],[-130.217466,54.7261],[-130.209894,54.729924],[-130.203929,54.731768],[-130.156466,54.732178],[-130.144905,54.731609],[-130.139904,54.730729],[-130.130534,54.726997],[-130.128195,54.723406],[-130.121821,54.721437],[-130.11205,54.719137],[-130.097115,54.718364],[-130.080857,54.714683],[-130.074428,54.710213],[-130.058844,54.703205],[-130.04995,54.700967],[-130.031622,54.699861],[-130.002342,54.701784],[-129.983407,54.699146],[-129.965618,54.69893],[-129.959955,54.702578],[-129.95962,54.706888],[-129.971125,54.71271],[-129.973773,54.716376],[-129.965451,54.715283],[-129.955238,54.712496],[-129.940855,54.710277],[-129.919295,54.711082],[-129.898759,54.716388],[-129.869852,54.7251],[-129.853103,54.727686],[-129.823703,54.731648],[-129.816919,54.73515],[-129.80922,54.740627],[-129.799517,54.745196],[-129.795372,54.745793],[-129.779517,54.733319],[-129.774378,54.72745],[-129.76391,54.722844],[-129.753877,54.723581],[-129.743347,54.732272],[-129.723765,54.742869],[-129.714337,54.743664],[-129.707492,54.740513],[-129.701158,54.736438],[-129.696738,54.731046],[-129.692268,54.723254],[-129.6898,54.713669],[-129.689641,54.705802],[-129.684358,54.695417],[-129.665172,54.68932],[-129.631384,54.686416],[-129.58301,54.681601],[-129.566992,54.680307],[-129.552394,54.67703],[-129.54227,54.671867],[-129.530933,54.667373],[-129.522246,54.661837],[-129.513023,54.658446],[-129.500376,54.658291],[-129.493316,54.659589],[-129.488076,54.659922],[-129.485715,54.662043],[-129.478328,54.664904],[-129.476256,54.664965],[-129.474303,54.664444],[-129.463957,54.660293]]],[[[-129.002073,57.164394],[-129.003709,57.165723],[-129.049073,57.176554],[-129.054479,57.175837],[-129.086998,57.177811],[-129.10502,57.17951],[-129.121894,57.175147],[-129.135503,57.157403],[-129.155295,57.134579],[-129.16929,57.120993],[-129.186875,57.11679],[-129.224981,57.111743],[-129.242334,57.104111],[-129.248359,57.094182],[-129.249472,57.084647],[-129.255491,57.071932],[-129.263796,57.066893],[-129.277526,57.067213],[-129.294664,57.078858],[-129.306176,57.079445],[-129.327716,57.075875],[-129.378789,57.071464],[-129.427118,57.067753],[-129.450483,57.072353],[-129.472334,57.081081],[-129.492044,57.091754],[-129.498084,57.100684],[-129.499039,57.111472],[-129.475959,57.131035],[-129.473422,57.145493],[-129.480844,57.160417],[-129.490057,57.165408],[-129.512522,57.168267],[-129.54175,57.167179],[-129.561736,57.162496],[-129.578234,57.156143],[-129.597796,57.149978],[-129.621738,57.150337],[-129.662661,57.159877],[-129.681711,57.159698],[-129.696248,57.147679],[-129.703458,57.117791],[-129.718168,57.109112],[-129.735538,57.107361],[-129.776017,57.108947],[-129.795858,57.103478],[-129.811586,57.089273],[-129.81409,57.074287],[-129.819472,57.059556],[-129.843909,57.026959],[-129.855323,57.014332],[-129.87415,57.007182],[-129.888884,57.003336],[-129.901017,56.99898],[-129.903701,56.995655],[-129.904374,56.970876],[-129.900585,56.963048],[-129.905763,56.942339],[-129.901725,56.934994],[-129.899533,56.921374],[-129.893748,56.914447],[-129.8944,56.89946],[-129.881562,56.886859],[-129.881329,56.880739],[-129.890059,56.873843],[-129.89515,56.863566],[-129.889044,56.852495],[-129.882192,56.846981],[-129.872785,56.836213],[-129.873589,56.825906],[-129.869904,56.815179],[-129.86458,56.807236],[-129.869459,56.803866],[-129.912678,56.816329],[-129.933006,56.819463],[-129.949326,56.816864],[-129.958633,56.811363],[-129.965486,56.803667],[-129.977608,56.796792],[-129.991438,56.79425],[-130.003553,56.793516],[-130.007822,56.789892],[-130.019067,56.785049],[-130.028949,56.783204],[-130.038475,56.782892],[-130.049746,56.779434],[-130.06497,56.775966],[-130.083514,56.778793],[-130.096932,56.781369],[-130.112792,56.780223],[-130.124777,56.777108],[-130.141183,56.774583],[-130.155908,56.767314],[-130.167872,56.766225],[-130.19144,56.772592],[-130.20662,56.772934],[-130.222077,56.769194],[-130.22522,56.763328],[-130.213636,56.747757],[-130.212654,56.735659],[-130.220794,56.727902],[-130.22933,56.727476],[-130.243835,56.727515],[-130.258897,56.722118],[-130.271761,56.714744],[-130.284206,56.71314],[-130.308088,56.710935],[-130.318503,56.708616],[-130.332854,56.701755],[-130.352094,56.698337],[-130.37515,56.697051],[-130.380047,56.698464],[-130.391583,56.701095],[-130.402213,56.705709],[-130.40881,56.709597],[-130.417639,56.716382],[-130.429543,56.724027],[-130.446718,56.728411],[-130.462127,56.726438],[-130.480507,56.72614],[-130.480792,56.723218],[-130.479063,56.718251],[-130.475949,56.714438],[-130.478086,56.708933],[-130.481338,56.70386],[-130.474375,56.695424],[-130.477176,56.690446],[-130.470019,56.680053],[-130.471479,56.675587],[-130.466716,56.670688],[-130.460464,56.660108],[-130.46765,56.652985],[-130.476004,56.653539],[-130.487639,56.657369],[-130.499795,56.65756],[-130.511603,56.653429],[-130.520217,56.652161],[-130.535088,56.647086],[-130.566949,56.647374],[-130.581589,56.643239],[-130.59424,56.636188],[-130.629111,56.634359],[-130.638652,56.632252],[-130.644423,56.624707],[-130.652107,56.618225],[-130.655375,56.611172],[-130.652769,56.605757],[-130.645894,56.600108],[-130.638943,56.595741],[-130.634379,56.589672],[-130.631858,56.581407],[-130.631309,56.574027],[-130.637642,56.567829],[-130.638985,56.56105],[-130.643921,56.557111],[-130.647564,56.551479],[-130.652952,56.549243],[-130.657659,56.542886],[-130.668918,56.536111],[-130.67288,56.527377],[-130.692278,56.518311],[-130.742698,56.515631],[-130.767327,56.512038],[-130.775793,56.506873],[-130.789082,56.497248],[-130.805714,56.49361],[-130.82746,56.492214],[-130.851677,56.491421],[-130.861091,56.491914],[-130.875937,56.490213],[-130.887525,56.490407],[-130.904377,56.487606],[-130.92001,56.486297],[-130.928974,56.474635],[-130.927597,56.464653],[-130.939236,56.453984],[-130.959928,56.44731],[-130.982305,56.443739],[-131.003879,56.442206],[-131.015972,56.43593],[-131.024222,56.422398],[-131.043339,56.400936],[-130.781227,56.368105],[-130.756896,56.349123],[-130.726599,56.3322],[-130.709395,56.320124],[-130.675553,56.297965],[-130.656255,56.2834],[-130.633473,56.27157],[-130.585532,56.255451],[-130.563859,56.25179],[-130.563581,56.250057],[-130.553571,56.250051],[-130.534072,56.246751],[-130.498107,56.242504],[-130.465131,56.241479],[-130.444873,56.241606],[-130.062301,56.271626],[-129.948534,56.039609],[-129.918618,56.040182],[-129.905453,56.036969],[-129.903063,56.035706],[-129.901128,56.033531],[-129.900089,56.030024],[-129.891355,56.023534],[-129.888329,56.023422],[-129.883669,56.022314],[-129.880098,56.020558],[-129.872359,56.019792],[-129.870877,56.019165],[-129.866449,56.019493],[-129.861339,56.01888],[-129.857875,56.019489],[-129.856379,56.01909],[-129.854688,56.019111],[-129.87824,56.009556],[-129.914981,55.964546],[-129.950798,55.914642],[-129.98017,55.869369],[-130.015953,55.86769],[-130.025017,55.868317],[-130.026854,55.867563],[-130.02975,55.865293],[-130.030434,55.8634],[-130.032157,55.862029],[-130.035303,55.85724],[-130.036389,55.857159],[-130.038009,55.855689],[-130.038103,55.854898],[-130.037513,55.854409],[-130.038573,55.85281],[-130.040887,55.851568],[-130.041016,55.850974],[-130.04284,55.850518],[-130.045296,55.84862],[-130.048395,55.843803],[-130.049882,55.843287],[-130.051466,55.842195],[-130.051692,55.841771],[-130.05114,55.84139],[-130.053089,55.83962],[-130.053804,55.839516],[-130.055752,55.838323],[-130.056399,55.837445],[-130.056048,55.836864],[-130.055506,55.836931],[-130.054904,55.837638],[-130.054577,55.837424],[-130.054936,55.835292],[-130.055785,55.834278],[-130.058543,55.83296],[-130.058267,55.832198],[-130.058992,55.830018],[-130.06031,55.829235],[-130.063561,55.828451],[-130.06466,55.827184],[-130.066591,55.825963],[-130.066748,55.825297],[-130.066147,55.824925],[-130.066045,55.824062],[-130.067348,55.822138],[-130.067603,55.820356],[-130.068927,55.819742],[-130.06841,55.819496],[-130.068232,55.81823],[-130.070645,55.818325],[-130.072477,55.816539],[-130.073867,55.815988],[-130.074012,55.815484],[-130.077193,55.813919],[-130.079047,55.81348],[-130.081634,55.812308],[-130.0824,55.811231],[-130.08549,55.809848],[-130.088965,55.807498],[-130.091395,55.806417],[-130.095783,55.803654],[-130.097316,55.802007],[-130.099328,55.800919],[-130.099994,55.799044],[-130.101411,55.798456],[-130.102553,55.798707],[-130.104905,55.798433],[-130.105933,55.798658],[-130.108852,55.797572],[-130.108948,55.7959],[-130.10824,55.795636],[-130.108481,55.795122],[-130.10798,55.794371],[-130.110102,55.792708],[-130.110649,55.791751],[-130.110539,55.791275],[-130.109679,55.791238],[-130.109272,55.789867],[-130.109965,55.789042],[-130.111228,55.788591],[-130.114473,55.784895],[-130.116254,55.783666],[-130.116302,55.782479],[-130.117911,55.780749],[-130.118435,55.779037],[-130.119634,55.777445],[-130.122224,55.776036],[-130.123181,55.774384],[-130.124659,55.77428],[-130.12505,55.774601],[-130.125458,55.77376],[-130.127511,55.772528],[-130.12742,55.771596],[-130.12952,55.769294],[-130.131295,55.768316],[-130.13405,55.764445],[-130.134308,55.761791],[-130.1336,55.760458],[-130.133779,55.75946],[-130.133186,55.7588],[-130.134005,55.757866],[-130.133944,55.756933],[-130.133553,55.756047],[-130.131886,55.754625],[-130.131807,55.753547],[-130.132811,55.752477],[-130.135311,55.754575],[-130.136226,55.754835],[-130.137991,55.751423],[-130.135241,55.741213],[-130.133907,55.740821],[-130.133889,55.740183],[-130.133003,55.739806],[-130.133266,55.737961],[-130.132183,55.735715],[-130.132032,55.734378],[-130.133015,55.732032],[-130.132838,55.730839],[-130.13171,55.7304],[-130.131577,55.727481],[-130.132079,55.724943],[-130.131586,55.724434],[-130.131692,55.723661],[-130.132403,55.723528],[-130.133,55.722687],[-130.133374,55.720814],[-130.132579,55.717478],[-130.13104,55.716612],[-130.130725,55.715546],[-130.129945,55.715042],[-130.127615,55.714819],[-130.127046,55.713297],[-130.125501,55.711614],[-130.126134,55.710897],[-130.124619,55.709771],[-130.123838,55.709688],[-130.120533,55.707723],[-130.12155,55.706455],[-130.120587,55.705673],[-130.122048,55.705004],[-130.118617,55.701872],[-130.118403,55.701039],[-130.115994,55.70027],[-130.115187,55.700412],[-130.111688,55.6988],[-130.10908,55.698877],[-130.10845,55.698551],[-130.106957,55.699166],[-130.10443,55.6982],[-130.103535,55.697436],[-130.10433,55.696924],[-130.104279,55.696179],[-130.102637,55.694927],[-130.103331,55.694175],[-130.102836,55.693533],[-130.101841,55.6932],[-130.10205,55.692775],[-130.10069,55.691314],[-130.098703,55.690253],[-130.096536,55.690156],[-130.095671,55.690541],[-130.094619,55.689867],[-130.09215,55.6898],[-130.091583,55.689419],[-130.090242,55.689242],[-130.089753,55.688806],[-130.088123,55.688533],[-130.086749,55.687718],[-130.086316,55.687003],[-130.087395,55.685241],[-130.087177,55.684254],[-130.086357,55.68339],[-130.085346,55.682985],[-130.086085,55.681551],[-130.090708,55.677888],[-130.090601,55.675805],[-130.089843,55.675451],[-130.090068,55.673832],[-130.091859,55.671867],[-130.091632,55.66831],[-130.09232,55.663855],[-130.091671,55.661669],[-130.090728,55.660959],[-130.090091,55.660929],[-130.090517,55.660259],[-130.089307,55.659569],[-130.089311,55.658553],[-130.088579,55.657995],[-130.090903,55.654612],[-130.090388,55.653305],[-130.090583,55.652324],[-130.089277,55.65106],[-130.088885,55.650075],[-130.090364,55.648974],[-130.088928,55.648268],[-130.089127,55.647899],[-130.087592,55.646447],[-130.088948,55.646057],[-130.090331,55.644392],[-130.091805,55.643677],[-130.091748,55.642789],[-130.09249,55.641982],[-130.09207,55.641159],[-130.090973,55.640575],[-130.090806,55.639742],[-130.091935,55.63868],[-130.09178,55.638224],[-130.092254,55.63812],[-130.093204,55.638526],[-130.094162,55.637565],[-130.0943,55.636279],[-130.093374,55.636116],[-130.094211,55.635407],[-130.09358,55.634379],[-130.094238,55.634041],[-130.093421,55.633788],[-130.093046,55.632848],[-130.093563,55.632618],[-130.093505,55.632214],[-130.092457,55.631675],[-130.091698,55.630721],[-130.091596,55.629355],[-130.093565,55.628682],[-130.092876,55.627916],[-130.093728,55.625976],[-130.09562,55.626597],[-130.096414,55.625457],[-130.098531,55.62507],[-130.100404,55.626195],[-130.100663,55.625204],[-130.100153,55.624616],[-130.100896,55.623908],[-130.101117,55.622791],[-130.102321,55.622054],[-130.102978,55.620555],[-130.104311,55.62004],[-130.105157,55.618973],[-130.10464,55.618168],[-130.104557,55.616327],[-130.104888,55.614581],[-130.105757,55.613809],[-130.105333,55.611728],[-130.103075,55.610526],[-130.103668,55.609532],[-130.105151,55.608629],[-130.105286,55.60782],[-130.104781,55.607393],[-130.105366,55.606651],[-130.105132,55.605709],[-130.106257,55.605627],[-130.10612,55.605251],[-130.105327,55.605312],[-130.105752,55.604607],[-130.104979,55.604749],[-130.104173,55.604361],[-130.103283,55.60321],[-130.103195,55.602276],[-130.104178,55.601754],[-130.103869,55.600885],[-130.106031,55.601055],[-130.106855,55.599807],[-130.107486,55.599666],[-130.10832,55.60001],[-130.108592,55.598983],[-130.108491,55.59814],[-130.107839,55.597616],[-130.107826,55.594857],[-130.106097,55.592661],[-130.104822,55.591828],[-130.105224,55.590953],[-130.104844,55.590381],[-130.105486,55.58954],[-130.107236,55.588545],[-130.108184,55.587269],[-130.11037,55.582082],[-130.1104,55.580878],[-130.109276,55.579316],[-130.109577,55.578135],[-130.109139,55.57502],[-130.10779,55.572769],[-130.108427,55.572277],[-130.108497,55.570274],[-130.109721,55.569228],[-130.110507,55.566158],[-130.11011,55.563285],[-130.109105,55.561965],[-130.107523,55.561574],[-130.10623,55.560068],[-130.103526,55.558699],[-130.100433,55.558098],[-130.096774,55.555372],[-130.097424,55.55365],[-130.097594,55.550674],[-130.095202,55.547874],[-130.095426,55.54619],[-130.094049,55.544595],[-130.094026,55.543705],[-130.092803,55.542511],[-130.093584,55.54157],[-130.092204,55.541475],[-130.091503,55.540735],[-130.09138,55.539209],[-130.09253,55.537195],[-130.091885,55.535672],[-130.090699,55.535163],[-130.090048,55.532858],[-130.087791,55.530255],[-130.086094,55.529649],[-130.084541,55.528504],[-130.083174,55.528318],[-130.081725,55.527496],[-130.080561,55.527237],[-130.078961,55.526082],[-130.079039,55.525407],[-130.077239,55.523923],[-130.077303,55.520983],[-130.075244,55.517586],[-130.075757,55.514832],[-130.074629,55.514735],[-130.074637,55.513916],[-130.075297,55.513147],[-130.074775,55.511948],[-130.075437,55.510153],[-130.074486,55.506586],[-130.075011,55.505475],[-130.074784,55.503555],[-130.073914,55.501863],[-130.072257,55.50088],[-130.071527,55.499063],[-130.070636,55.498361],[-130.069171,55.495659],[-130.067297,55.494328],[-130.065141,55.491848],[-130.062444,55.49039],[-130.061782,55.489371],[-130.060304,55.489141],[-130.05931,55.488638],[-130.058846,55.487823],[-130.057648,55.48742],[-130.058085,55.48605],[-130.057239,55.485123],[-130.055816,55.484642],[-130.054712,55.48182],[-130.049805,55.478798],[-130.047966,55.478015],[-130.047154,55.47724],[-130.047281,55.476071],[-130.04479,55.47521],[-130.044439,55.473839],[-130.042373,55.473578],[-130.041222,55.472482],[-130.038183,55.471844],[-130.036622,55.469583],[-130.0362,55.468005],[-130.034421,55.466546],[-130.034001,55.465616],[-130.031177,55.465225],[-130.029064,55.464318],[-130.029162,55.463176],[-130.028481,55.461941],[-130.027687,55.46238],[-130.026574,55.462217],[-130.024966,55.461846],[-130.024142,55.461096],[-130.023573,55.458091],[-130.024121,55.457297],[-130.023233,55.456593],[-130.022963,55.45345],[-130.022172,55.452819],[-130.022075,55.452172],[-130.022995,55.448526],[-130.020575,55.442391],[-130.020473,55.440316],[-130.019485,55.437564],[-130.020253,55.435482],[-130.019232,55.434502],[-130.019171,55.432149],[-130.018828,55.431658],[-130.016938,55.431323],[-130.015848,55.43073],[-130.015244,55.428721],[-130.016626,55.427784],[-130.0159,55.425967],[-130.014084,55.425443],[-130.013111,55.425666],[-130.011936,55.425397],[-130.009678,55.425451],[-130.008655,55.424373],[-130.009503,55.422946],[-130.008982,55.422339],[-130.009842,55.420733],[-130.012296,55.418547],[-130.013363,55.418242],[-130.014074,55.417634],[-130.015016,55.41803],[-130.016354,55.417758],[-130.017091,55.411461],[-130.017973,55.408255],[-130.017387,55.407011],[-130.016642,55.406253],[-130.016007,55.406151],[-130.015816,55.405407],[-130.014978,55.404802],[-130.013766,55.39881],[-130.014009,55.395905],[-130.015583,55.390204],[-130.016675,55.388433],[-130.015536,55.379096],[-130.013852,55.376892],[-130.013989,55.375435],[-130.011455,55.373236],[-130.011535,55.372066],[-130.010644,55.371068],[-130.009354,55.367591],[-130.007472,55.36679],[-130.007058,55.365975],[-130.004817,55.364106],[-130.004861,55.363297],[-130.003535,55.362068],[-130.00318,55.359905],[-130.003974,55.356916],[-130.003284,55.356481],[-130.002304,55.353972],[-130.003447,55.353029],[-130.002876,55.352251],[-130.003713,55.350349],[-130.003297,55.347],[-130.005169,55.344927],[-130.00451,55.343871],[-130.005145,55.3409],[-130.004682,55.339439],[-130.003875,55.338656],[-130.001354,55.338192],[-130.002834,55.33684],[-130.003054,55.336119],[-129.99879,55.333359],[-129.997756,55.333017],[-129.998642,55.332498],[-129.99833,55.332015],[-129.996614,55.331436],[-129.99454,55.329898],[-129.985352,55.325533],[-129.981175,55.324183],[-129.97744,55.32361],[-129.976098,55.322183],[-129.973816,55.321088],[-129.972712,55.319775],[-129.969956,55.319141],[-129.969226,55.317656],[-129.967936,55.317082],[-129.968558,55.315468],[-129.967101,55.314464],[-129.967192,55.311777],[-129.965995,55.310555],[-129.964255,55.307001],[-129.963202,55.306462],[-129.963204,55.305851],[-129.961228,55.302918],[-129.961473,55.30137],[-129.959648,55.299561],[-129.959652,55.298375],[-129.958798,55.297536],[-129.956327,55.296926],[-129.954451,55.296861],[-129.952314,55.295834],[-129.94833,55.295838],[-129.945538,55.29435],[-129.945872,55.293817],[-129.945216,55.29341],[-129.94558,55.29142],[-129.945394,55.290938],[-129.944252,55.290577],[-129.944382,55.289454],[-129.943841,55.289197],[-129.943676,55.288156],[-129.944151,55.287631],[-129.945767,55.287411],[-129.949902,55.285852],[-129.950825,55.284937],[-129.950515,55.283817],[-129.951845,55.282808],[-129.95202,55.282169],[-129.956273,55.280366],[-129.956971,55.279282],[-129.957723,55.279087],[-129.957955,55.279561],[-129.960195,55.279112],[-129.964349,55.277049],[-129.966214,55.27476],[-129.967225,55.274294],[-129.967337,55.27369],[-129.972829,55.271751],[-129.97318,55.271264],[-129.973997,55.271212],[-129.974188,55.270663],[-129.975555,55.269959],[-129.975158,55.269109],[-129.976329,55.268767],[-129.976424,55.268128],[-129.977419,55.267653],[-129.9775,55.267032],[-129.978891,55.265987],[-129.981414,55.265625],[-129.981098,55.264855],[-129.983415,55.263174],[-129.984355,55.262986],[-129.988194,55.261042],[-129.98809,55.260629],[-129.991363,55.259363],[-129.993362,55.258169],[-129.993162,55.257694],[-129.997337,55.25606],[-129.997127,55.2552],[-130.000492,55.253843],[-130.000747,55.253337],[-130.001989,55.252706],[-130.001583,55.252216],[-130.005196,55.250677],[-130.006986,55.250607],[-130.008741,55.249712],[-130.009404,55.248575],[-130.011366,55.24774],[-130.014018,55.245669],[-130.014465,55.244722],[-130.015995,55.24364],[-130.015622,55.242547],[-130.019112,55.240029],[-130.020145,55.238574],[-130.021343,55.238095],[-130.024868,55.235092],[-130.027358,55.233489],[-130.027324,55.232151],[-130.028238,55.231091],[-130.029696,55.230288],[-130.031218,55.228352],[-130.032586,55.227694],[-130.032746,55.227199],[-130.033841,55.227026],[-130.034165,55.227365],[-130.034666,55.227307],[-130.036062,55.225911],[-130.037355,55.22547],[-130.038333,55.224364],[-130.038192,55.223845],[-130.039042,55.223191],[-130.042078,55.22151],[-130.043333,55.221402],[-130.044643,55.220419],[-130.045212,55.220532],[-130.046441,55.220026],[-130.046551,55.219451],[-130.045721,55.21961],[-130.04613,55.218942],[-130.047712,55.218129],[-130.049836,55.217598],[-130.050402,55.216424],[-130.054721,55.214554],[-130.054881,55.213466],[-130.054413,55.213533],[-130.054383,55.213039],[-130.055907,55.21184],[-130.059501,55.209867],[-130.060825,55.209414],[-130.062755,55.209336],[-130.064707,55.208267],[-130.064843,55.207475],[-130.06549,55.206958],[-130.066092,55.207805],[-130.067145,55.207715],[-130.067441,55.205871],[-130.070477,55.204829],[-130.070987,55.203943],[-130.075541,55.201459],[-130.076661,55.199858],[-130.075816,55.198887],[-130.080807,55.19637],[-130.081357,55.195746],[-130.083944,55.195076],[-130.085409,55.194029],[-130.086144,55.192153],[-130.088281,55.190975],[-130.088795,55.190314],[-130.087574,55.18931],[-130.089189,55.188604],[-130.089995,55.187608],[-130.091072,55.1874],[-130.091349,55.186563],[-130.09218,55.186016],[-130.093696,55.185706],[-130.095195,55.184793],[-130.096233,55.183652],[-130.096176,55.183364],[-130.095362,55.183444],[-130.095546,55.182732],[-130.097411,55.182014],[-130.097971,55.180634],[-130.099576,55.179631],[-130.099203,55.178098],[-130.100533,55.177331],[-130.102834,55.173042],[-130.104698,55.171264],[-130.104593,55.169727],[-130.106179,55.16797],[-130.105509,55.16759],[-130.107443,55.166053],[-130.10747,55.165334],[-130.11004,55.163414],[-130.110763,55.163516],[-130.110863,55.162554],[-130.112422,55.161578],[-130.113069,55.160566],[-130.114307,55.159933],[-130.115214,55.158721],[-130.11525,55.158298],[-130.114631,55.158052],[-130.117872,55.156145],[-130.119214,55.155817],[-130.12013,55.154893],[-130.120775,55.153313],[-130.122459,55.152346],[-130.124032,55.151918],[-130.125337,55.152015],[-130.126129,55.151674],[-130.127761,55.149448],[-130.129051,55.14852],[-130.130076,55.146479],[-130.130004,55.145536],[-130.131249,55.144077],[-130.130414,55.143986],[-130.130741,55.142205],[-130.131988,55.140853],[-130.132415,55.138738],[-130.133269,55.137293],[-130.132657,55.136713],[-130.132663,55.135851],[-130.134998,55.128585],[-130.133877,55.128326],[-130.13372,55.127762],[-130.135321,55.125598],[-130.134956,55.124344],[-130.135386,55.121752],[-130.135962,55.119986],[-130.136236,55.119686],[-130.137021,55.119705],[-130.137502,55.119036],[-130.138492,55.11527],[-130.138824,55.114746],[-130.139875,55.114799],[-130.140368,55.114517],[-130.140875,55.112983],[-130.142656,55.110586],[-130.142653,55.109929],[-130.146681,55.106646],[-130.146843,55.10625],[-130.146267,55.105879],[-130.14732,55.105419],[-130.147475,55.104815],[-130.148774,55.104722],[-130.149287,55.105158],[-130.149661,55.105001],[-130.153047,55.101805],[-130.155746,55.09806],[-130.160198,55.094351],[-130.160757,55.092584],[-130.163648,55.088495],[-130.164644,55.086121],[-130.164846,55.0823],[-130.166133,55.08022],[-130.164784,55.079038],[-130.164574,55.078339],[-130.163641,55.077997],[-130.163233,55.077426],[-130.162844,55.07273],[-130.162,55.072226],[-130.161662,55.068643],[-130.161232,55.068342],[-130.160702,55.068995],[-130.159546,55.069634],[-130.159058,55.069594],[-130.158262,55.069116],[-130.157115,55.066781],[-130.156641,55.06665],[-130.155869,55.067036],[-130.15533,55.066798],[-130.155167,55.066018],[-130.156715,55.063819],[-130.153665,55.061737],[-130.153186,55.05926],[-130.15219,55.05839],[-130.150053,55.057547],[-130.149316,55.056457],[-130.148296,55.055811],[-130.147768,55.055969],[-130.146478,55.05572],[-130.143574,55.054355],[-130.144088,55.056443],[-130.143301,55.056882],[-130.143193,55.055265],[-130.142639,55.054489],[-130.141187,55.05355],[-130.137656,55.052172],[-130.135351,55.049795],[-130.134481,55.046737],[-130.135664,55.045935],[-130.135715,55.045468],[-130.135001,55.044567],[-130.133948,55.044468],[-130.132778,55.042934],[-130.134372,55.040062],[-130.135698,55.038791],[-130.135594,55.037857],[-130.13666,55.036859],[-130.136629,55.036302],[-130.136186,55.036189],[-130.13633,55.033509],[-130.134567,55.027019],[-130.133629,55.026489],[-130.13285,55.024968],[-130.133219,55.024175],[-130.132711,55.0239],[-130.131197,55.020094],[-130.129259,55.019043],[-130.128728,55.0169],[-130.127919,55.016468],[-130.127609,55.01488],[-130.127082,55.014553],[-130.127739,55.013935],[-130.127832,55.012775],[-130.127344,55.012123],[-130.126293,55.012636],[-130.126192,55.011784],[-130.125499,55.011062],[-130.125859,55.008793],[-130.124074,55.005368],[-130.121113,55.002332],[-130.120777,55.000977],[-130.119723,54.999594],[-130.117913,54.998567],[-130.117407,54.99673],[-130.116688,54.996206],[-130.11559,54.993745],[-130.115214,54.993758],[-130.115639,54.992119],[-130.114683,54.992019],[-130.114127,54.990622],[-130.112698,54.989216],[-130.112099,54.989086],[-130.11153,54.987698],[-130.109519,54.986215],[-130.109044,54.986023],[-130.106165,54.986947],[-130.105517,54.986774],[-130.105252,54.986165],[-130.106939,54.98498],[-130.106659,54.984489],[-130.105632,54.984679],[-130.105919,54.983768],[-130.105301,54.983405],[-130.104342,54.983234],[-130.100867,54.984677],[-130.099829,54.983887],[-130.098713,54.98422],[-130.098078,54.983821],[-130.095047,54.98508],[-130.094847,54.984569],[-130.094427,54.984663],[-130.086144,54.988719],[-130.084052,54.990552],[-130.082701,54.99088],[-130.081778,54.991993],[-130.080948,54.991884],[-130.079238,54.99224],[-130.078672,54.992685],[-130.078925,54.993366],[-130.077654,54.99442],[-130.076798,54.994517],[-130.076207,54.995169],[-130.07587,54.994903],[-130.075186,54.995017],[-130.072074,54.996797],[-130.07075,54.998147],[-130.070583,55.000046],[-130.068862,55.001803],[-130.067945,55.001947],[-130.066454,55.002948],[-130.065589,55.002749],[-130.064333,55.0032],[-130.063844,55.003565],[-130.063848,55.00432],[-130.063317,55.00436],[-130.063373,55.004089],[-130.062283,55.004261],[-130.062622,55.004015],[-130.062184,55.004038],[-130.060022,55.005099],[-130.059066,55.006186],[-130.05999,55.006213],[-130.059499,55.007153],[-130.057672,55.008488],[-130.056512,55.010135],[-130.054605,55.011328],[-130.053324,55.011448],[-130.053041,55.011944],[-130.049111,55.01419],[-130.047314,55.017188],[-130.044793,55.020059],[-130.045235,55.020261],[-130.041615,55.023015],[-130.039957,55.023048],[-130.038986,55.023604],[-130.036866,55.025707],[-130.034848,55.028744],[-130.031669,55.036518],[-130.031047,55.036676],[-130.031562,55.03783],[-130.030875,55.039768],[-130.03108,55.040424],[-130.030655,55.040301],[-130.030216,55.041517],[-130.029222,55.042362],[-130.028746,55.042141],[-130.028346,55.042405],[-130.028613,55.043033],[-130.029521,55.04306],[-130.030591,55.043931],[-130.029818,55.044856],[-130.030035,55.046004],[-130.028525,55.047013],[-130.029055,55.048752],[-130.028324,55.049496],[-130.028716,55.051344],[-130.027661,55.051703],[-130.027545,55.052639],[-130.026789,55.053086],[-130.027199,55.054502],[-130.026603,55.05501],[-130.025735,55.058416],[-130.026252,55.059058],[-130.024296,55.059657],[-130.022826,55.060992],[-130.02188,55.061332],[-130.020471,55.064417],[-130.019787,55.064702],[-130.019484,55.066242],[-130.018233,55.066395],[-130.018152,55.067483],[-130.018996,55.067449],[-130.016835,55.069274],[-130.016338,55.070077],[-130.016462,55.07128],[-130.01408,55.07424],[-130.011045,55.076943],[-130.011012,55.078048],[-130.010153,55.078766],[-130.00781,55.082767],[-130.000273,55.08902],[-129.996669,55.09091],[-129.993857,55.091849],[-129.98867,55.095701],[-129.987777,55.096976],[-129.9868,55.097362],[-129.985766,55.098592],[-129.985465,55.101012],[-129.984677,55.101477],[-129.984157,55.102713],[-129.98366,55.102842],[-129.983775,55.10365],[-129.98254,55.104477],[-129.982343,55.106025],[-129.98127,55.106411],[-129.979642,55.106433],[-129.978959,55.10608],[-129.979219,55.105224],[-129.978835,55.104868],[-129.977013,55.106023],[-129.976177,55.107143],[-129.976783,55.107498],[-129.97632,55.107817],[-129.976654,55.108048],[-129.974118,55.110764],[-129.973894,55.110469],[-129.973503,55.110572],[-129.972879,55.111385],[-129.973095,55.111806],[-129.971284,55.113456],[-129.971297,55.114669],[-129.970881,55.114897],[-129.970027,55.114608],[-129.969103,55.115316],[-129.966385,55.116415],[-129.963994,55.118627],[-129.963068,55.119956],[-129.963491,55.120537],[-129.962431,55.122845],[-129.961391,55.123231],[-129.960227,55.123042],[-129.959668,55.123361],[-129.958591,55.124205],[-129.958212,55.125395],[-129.957475,55.126047],[-129.956439,55.125957],[-129.956409,55.125363],[-129.955911,55.125566],[-129.955309,55.126577],[-129.953897,55.127289],[-129.952226,55.129522],[-129.951253,55.129467],[-129.950833,55.130341],[-129.949709,55.131204],[-129.949306,55.131396],[-129.948832,55.131211],[-129.947815,55.132036],[-129.947358,55.131915],[-129.946477,55.132415],[-129.944614,55.134622],[-129.943199,55.135163],[-129.942717,55.134646],[-129.941616,55.135904],[-129.939331,55.137422],[-129.939341,55.1378],[-129.939844,55.137922],[-129.939129,55.138825],[-129.939494,55.139721],[-129.939061,55.139923],[-129.93783,55.139617],[-129.937285,55.139846],[-129.936276,55.140933],[-129.934911,55.141626],[-129.934967,55.14194],[-129.934368,55.141891],[-129.933396,55.142618],[-129.932984,55.142387],[-129.931991,55.142834],[-129.928852,55.144845],[-129.924434,55.149183],[-129.924047,55.149401],[-129.923697,55.149233],[-129.92218,55.150179],[-129.921404,55.151147],[-129.920562,55.151359],[-129.91993,55.152604],[-129.917557,55.153782],[-129.915111,55.155965],[-129.914812,55.15666],[-129.913061,55.157607],[-129.912544,55.159013],[-129.910529,55.160115],[-129.909647,55.159987],[-129.907801,55.162329],[-129.907325,55.162162],[-129.905911,55.163467],[-129.905362,55.163398],[-129.904064,55.164415],[-129.902924,55.164585],[-129.902026,55.165886],[-129.900988,55.166513],[-129.900167,55.171867],[-129.898424,55.174665],[-129.897347,55.174916],[-129.896256,55.176011],[-129.894965,55.179966],[-129.894303,55.180635],[-129.893947,55.182194],[-129.89334,55.182494],[-129.893507,55.182933],[-129.893879,55.182759],[-129.892524,55.186013],[-129.892797,55.187027],[-129.890828,55.190294],[-129.890986,55.192378],[-129.890474,55.19276],[-129.890828,55.19308],[-129.890313,55.194657],[-129.889742,55.195047],[-129.8896,55.197152],[-129.890154,55.198036],[-129.892123,55.197582],[-129.892813,55.197568],[-129.893007,55.197827],[-129.891256,55.199593],[-129.891094,55.201517],[-129.891596,55.202205],[-129.890332,55.203248],[-129.890353,55.205602],[-129.88976,55.205733],[-129.888762,55.206854],[-129.888849,55.207204],[-129.889849,55.206899],[-129.889494,55.207953],[-129.888661,55.20868],[-129.889345,55.209771],[-129.888095,55.210759],[-129.888058,55.211901],[-129.887368,55.212769],[-129.887857,55.213412],[-129.886416,55.214384],[-129.885998,55.215385],[-129.884549,55.216698],[-129.882438,55.2179],[-129.881818,55.218999],[-129.880773,55.219323],[-129.880944,55.220687],[-129.880272,55.220908],[-129.879975,55.221629],[-129.878879,55.221915],[-129.878129,55.222838],[-129.876153,55.223749],[-129.873783,55.228287],[-129.872274,55.228901],[-129.871467,55.231565],[-129.870448,55.231689],[-129.864921,55.235683],[-129.864456,55.237528],[-129.865145,55.238027],[-129.864532,55.238804],[-129.864876,55.238766],[-129.865082,55.239465],[-129.864308,55.240073],[-129.864355,55.240747],[-129.863896,55.24065],[-129.86388,55.241388],[-129.862984,55.241456],[-129.862884,55.241871],[-129.863466,55.241839],[-129.863177,55.242301],[-129.862131,55.243405],[-129.857968,55.245896],[-129.855014,55.248855],[-129.854398,55.250225],[-129.853331,55.250412],[-129.850106,55.253302],[-129.849774,55.254706],[-129.848424,55.255604],[-129.846926,55.257637],[-129.847092,55.258148],[-129.846134,55.258856],[-129.846336,55.25952],[-129.84689,55.259749],[-129.846858,55.261133],[-129.845884,55.262713],[-129.846795,55.263381],[-129.847072,55.264574],[-129.848607,55.264976],[-129.849971,55.266935],[-129.851473,55.268002],[-129.852528,55.267951],[-129.854567,55.266948],[-129.851793,55.268989],[-129.851026,55.269102],[-129.850577,55.270174],[-129.847221,55.271546],[-129.845181,55.271793],[-129.844043,55.272305],[-129.843157,55.272141],[-129.838905,55.272843],[-129.83285,55.276829],[-129.827857,55.278932],[-129.821569,55.283161],[-129.815808,55.288636],[-129.816177,55.288931],[-129.815955,55.290451],[-129.816619,55.290536],[-129.81662,55.291291],[-129.817867,55.291534],[-129.817533,55.292057],[-129.818074,55.293879],[-129.81865,55.294323],[-129.819371,55.294175],[-129.819744,55.296249],[-129.820674,55.296251],[-129.821216,55.296625],[-129.822279,55.299242],[-129.823729,55.300004],[-129.824404,55.301492],[-129.825296,55.301952],[-129.825653,55.303236],[-129.827396,55.304465],[-129.827573,55.305425],[-129.8284,55.305823],[-129.829857,55.307655],[-129.831191,55.311888],[-129.83298,55.313826],[-129.832895,55.315075],[-129.832224,55.316122],[-129.833735,55.318322],[-129.83329,55.318865],[-129.834228,55.320755],[-129.833072,55.321921],[-129.832497,55.323796],[-129.833071,55.324951],[-129.831907,55.327276],[-129.828676,55.328809],[-129.827839,55.329532],[-129.826878,55.331004],[-129.826487,55.332705],[-129.82547,55.333845],[-129.828065,55.33726],[-129.828582,55.340194],[-129.827882,55.340586],[-129.826794,55.339911],[-129.824441,55.340492],[-129.823852,55.340191],[-129.823001,55.340249],[-129.819935,55.342921],[-129.818344,55.343777],[-129.817463,55.345355],[-129.815762,55.345502],[-129.814549,55.344764],[-129.811174,55.346243],[-129.809568,55.347906],[-129.807835,55.347217],[-129.807174,55.347321],[-129.806776,55.347862],[-129.806329,55.347596],[-129.803302,55.349196],[-129.801918,55.350958],[-129.799818,55.350846],[-129.799089,55.349926],[-129.796505,55.350823],[-129.794045,55.35313],[-129.792702,55.356221],[-129.791728,55.356416],[-129.792721,55.357209],[-129.792719,55.357803],[-129.790931,55.359136],[-129.790697,55.360862],[-129.791689,55.361557],[-129.792517,55.363609],[-129.791107,55.36484],[-129.787848,55.365212],[-129.783917,55.365022],[-129.781858,55.363013],[-129.779117,55.361593],[-129.778454,55.361606],[-129.777869,55.362365],[-129.776442,55.36285],[-129.775143,55.367386],[-129.775402,55.367708],[-129.777159,55.367957],[-129.778072,55.368654],[-129.778345,55.370503],[-129.779208,55.37189],[-129.778972,55.373617],[-129.780788,55.371969],[-129.782861,55.371561],[-129.783711,55.37222],[-129.785439,55.372561],[-129.786298,55.373704],[-129.785032,55.379069],[-129.785393,55.379875],[-129.784495,55.380663],[-129.785221,55.381557],[-129.787058,55.380943],[-129.790504,55.378072],[-129.792903,55.374992],[-129.793077,55.374191],[-129.794185,55.373582],[-129.79687,55.3705],[-129.797794,55.368625],[-129.799827,55.367022],[-129.800737,55.366718],[-129.801562,55.363783],[-129.800428,55.361598],[-129.799032,55.361131],[-129.798907,55.361986],[-129.79805,55.361829],[-129.796482,55.362298],[-129.795847,55.362815],[-129.795937,55.361772],[-129.797715,55.360835],[-129.801038,55.358153],[-129.803092,55.358355],[-129.804481,55.359209],[-129.805389,55.360335],[-129.80729,55.35928],[-129.809745,55.359713],[-129.810454,55.358927],[-129.812943,55.358776],[-129.814855,55.35736],[-129.814121,55.358408],[-129.814689,55.358504],[-129.813617,55.359266],[-129.813662,55.359867],[-129.814481,55.359888],[-129.814319,55.360438],[-129.813472,55.360658],[-129.813676,55.362122],[-129.812513,55.363191],[-129.813531,55.366607],[-129.813378,55.367668],[-129.814368,55.369746],[-129.813101,55.370339],[-129.812675,55.371071],[-129.812304,55.374569],[-129.811117,55.378252],[-129.80881,55.381196],[-129.806875,55.381479],[-129.80503,55.383054],[-129.802615,55.383825],[-129.800815,55.3854],[-129.799247,55.38595],[-129.798727,55.386771],[-129.798115,55.386972],[-129.798222,55.387575],[-129.800427,55.387308],[-129.798653,55.387787],[-129.799057,55.388278],[-129.79752,55.387983],[-129.797379,55.387283],[-129.79674,55.386874],[-129.795827,55.387716],[-129.796971,55.388184],[-129.795218,55.388869],[-129.794207,55.388912],[-129.793153,55.392172],[-129.791871,55.39201],[-129.789967,55.393936],[-129.789222,55.396197],[-129.789691,55.39755],[-129.788725,55.398141],[-129.787627,55.39776],[-129.786708,55.399951],[-129.788097,55.403923],[-129.789295,55.403852],[-129.790155,55.404117],[-129.78978,55.409052],[-129.791397,55.410973],[-129.792413,55.413663],[-129.794711,55.41549],[-129.796254,55.415318],[-129.796902,55.414496],[-129.797783,55.414347],[-129.80002,55.412535],[-129.804261,55.411293],[-129.80527,55.410416],[-129.805893,55.408471],[-129.809059,55.40499],[-129.809812,55.404671],[-129.809832,55.404194],[-129.811589,55.40359],[-129.811935,55.402787],[-129.813953,55.401093],[-129.815944,55.401107],[-129.817602,55.399568],[-129.818017,55.397544],[-129.820365,55.393494],[-129.820515,55.388532],[-129.820078,55.387978],[-129.816395,55.386924],[-129.815435,55.386301],[-129.816595,55.382833],[-129.81526,55.383238],[-129.813403,55.385757],[-129.811742,55.386353],[-129.812025,55.385542],[-129.811617,55.38488],[-129.812132,55.384571],[-129.812312,55.38333],[-129.811392,55.38312],[-129.811192,55.382717],[-129.810278,55.382714],[-129.80995,55.382051],[-129.814369,55.379749],[-129.82284,55.369708],[-129.824389,55.368341],[-129.825797,55.367703],[-129.827151,55.366085],[-129.827848,55.362459],[-129.828813,55.361032],[-129.828524,55.356343],[-129.829519,55.354791],[-129.830233,55.355074],[-129.830421,55.353428],[-129.830684,55.35392],[-129.831823,55.353355],[-129.831541,55.354211],[-129.832404,55.354825],[-129.832401,55.355365],[-129.834283,55.356286],[-129.835105,55.357143],[-129.836143,55.359966],[-129.835285,55.361221],[-129.835621,55.362971],[-129.836364,55.363766],[-129.837325,55.363688],[-129.838271,55.364499],[-129.83813,55.365291],[-129.835522,55.364994],[-129.83387,55.365976],[-129.833048,55.367384],[-129.833274,55.368371],[-129.834781,55.36801],[-129.837037,55.367985],[-129.839,55.368341],[-129.84059,55.368167],[-129.840014,55.368586],[-129.838192,55.368912],[-129.836028,55.368811],[-129.833304,55.369107],[-129.832769,55.36992],[-129.83401,55.371151],[-129.835745,55.37185],[-129.83739,55.372026],[-129.839974,55.371828],[-129.84154,55.372071],[-129.841536,55.372645],[-129.839813,55.373915],[-129.839986,55.375379],[-129.838726,55.37705],[-129.838785,55.377579],[-129.839531,55.377682],[-129.840779,55.379273],[-129.838845,55.384867],[-129.835043,55.385693],[-129.83471,55.386387],[-129.833117,55.386442],[-129.833415,55.387087],[-129.832555,55.387552],[-129.832954,55.388448],[-129.835888,55.389039],[-129.838109,55.390318],[-129.841462,55.390716],[-129.83817,55.391072],[-129.836684,55.390121],[-129.835096,55.389701],[-129.83321,55.390863],[-129.834021,55.391883],[-129.839502,55.394325],[-129.837872,55.397886],[-129.838126,55.399321],[-129.837412,55.399254],[-129.836777,55.400526],[-129.835779,55.400469],[-129.834133,55.401659],[-129.83328,55.403245],[-129.833363,55.404215],[-129.831607,55.407041],[-129.829252,55.407694],[-129.827608,55.409188],[-129.827616,55.41103],[-129.826337,55.411038],[-129.825754,55.410342],[-129.823752,55.410482],[-129.82243,55.410849],[-129.82215,55.411723],[-129.820746,55.412649],[-129.821326,55.413867],[-129.823437,55.415956],[-129.825967,55.415975],[-129.826915,55.416751],[-129.821602,55.416543],[-129.820232,55.416786],[-129.818244,55.41608],[-129.8146,55.418621],[-129.814543,55.419718],[-129.812906,55.419279],[-129.812225,55.419948],[-129.809246,55.419484],[-129.806979,55.418276],[-129.806157,55.41829],[-129.803766,55.420435],[-129.803302,55.421652],[-129.79899,55.424115],[-129.79759,55.425975],[-129.794991,55.426289],[-129.793805,55.427088],[-129.793053,55.42818],[-129.792318,55.427861],[-129.792048,55.426201],[-129.790665,55.425778],[-129.790907,55.425202],[-129.78732,55.425206],[-129.785661,55.426008],[-129.784538,55.427544],[-129.78457,55.428361],[-129.782055,55.429077],[-129.781852,55.432332],[-129.779811,55.436982],[-129.780044,55.43761],[-129.779514,55.438034],[-129.78016,55.439468],[-129.779366,55.440867],[-129.778341,55.441071],[-129.777881,55.441739],[-129.7786,55.446191],[-129.778115,55.446427],[-129.777,55.446004],[-129.776645,55.446429],[-129.777802,55.453816],[-129.778416,55.455286],[-129.777352,55.455895],[-129.77746,55.457287],[-129.776817,55.459197],[-129.775758,55.459256],[-129.775293,55.459701],[-129.773528,55.460088],[-129.772896,55.460883],[-129.772976,55.461754],[-129.772276,55.462397],[-129.772938,55.464684],[-129.772206,55.466118],[-129.773113,55.467128],[-129.773145,55.468736],[-129.772616,55.469197],[-129.770476,55.46895],[-129.769872,55.469583],[-129.768874,55.469616],[-129.768216,55.471589],[-129.767234,55.471523],[-129.766892,55.471821],[-129.767727,55.473254],[-129.768344,55.473214],[-129.768999,55.472688],[-129.770755,55.472722],[-129.770768,55.474241],[-129.7694,55.474636],[-129.769129,55.475401],[-129.770978,55.476073],[-129.77072,55.477503],[-129.772088,55.47781],[-129.772543,55.479181],[-129.774346,55.480006],[-129.774948,55.484827],[-129.775853,55.486583],[-129.775133,55.487899],[-129.775793,55.490034],[-129.775624,55.491113],[-129.777084,55.496109],[-129.777008,55.497907],[-129.77821,55.501017],[-129.779288,55.502663],[-129.782264,55.504326],[-129.787191,55.50928],[-129.789291,55.512035],[-129.791134,55.516265],[-129.792152,55.516545],[-129.792326,55.522889],[-129.799312,55.531478],[-129.799488,55.53235],[-129.799009,55.532936],[-129.800741,55.53554],[-129.799922,55.536578],[-129.80078,55.538226],[-129.800781,55.54219],[-129.801494,55.543658],[-129.800679,55.545695],[-129.798877,55.546704],[-129.798249,55.550131],[-129.798919,55.552724],[-129.798678,55.554146],[-129.803193,55.557844],[-129.80443,55.560209],[-129.806803,55.563024],[-129.809529,55.564578],[-129.809347,55.566521],[-129.810813,55.569136],[-129.810274,55.573757],[-129.810951,55.57501],[-129.810202,55.575717],[-129.810356,55.576956],[-129.809009,55.579319],[-129.805889,55.581918],[-129.805841,55.582691],[-129.80367,55.58586],[-129.801381,55.587277],[-129.80119,55.587961],[-129.801694,55.588632],[-129.800203,55.590151],[-129.799944,55.592174],[-129.800343,55.593888],[-129.803657,55.596949],[-129.80448,55.598336],[-129.804487,55.599441],[-129.805467,55.60001],[-129.807688,55.603868],[-129.805549,55.606309],[-129.807409,55.608058],[-129.807798,55.610795],[-129.808854,55.611211],[-129.809969,55.612857],[-129.811119,55.613218],[-129.812597,55.61488],[-129.813151,55.616241],[-129.813662,55.618737],[-129.812992,55.619325],[-129.8137,55.619733],[-129.813137,55.622549],[-129.813533,55.624731],[-129.813281,55.626403],[-129.812705,55.626956],[-129.813655,55.629834],[-129.812729,55.630478],[-129.812274,55.63146],[-129.813307,55.633044],[-129.812423,55.634047],[-129.809994,55.634836],[-129.806269,55.635319],[-129.805922,55.636183],[-129.804299,55.635287],[-129.805101,55.634923],[-129.806024,55.633416],[-129.809129,55.6322],[-129.807264,55.631151],[-129.806901,55.629617],[-129.805637,55.629276],[-129.802977,55.629697],[-129.800877,55.629451],[-129.798683,55.630201],[-129.796325,55.630559],[-129.79617,55.626812],[-129.79469,55.625932],[-129.793937,55.623951],[-129.792801,55.623572],[-129.791801,55.623596],[-129.790866,55.622992],[-129.790834,55.619802],[-129.791572,55.61941],[-129.791496,55.618692],[-129.792101,55.61806],[-129.791121,55.615864],[-129.79103,55.615254],[-129.791592,55.614881],[-129.790468,55.614269],[-129.789054,55.611781],[-129.789248,55.610386],[-129.787602,55.608303],[-129.787018,55.606043],[-129.786502,55.605614],[-129.784322,55.605403],[-129.784227,55.604541],[-129.783041,55.60322],[-129.781528,55.602951],[-129.781021,55.599755],[-129.779477,55.599521],[-129.779307,55.598211],[-129.777657,55.597413],[-129.777229,55.596705],[-129.77773,55.595471],[-129.777272,55.594835],[-129.779418,55.593421],[-129.778974,55.591869],[-129.779728,55.591433],[-129.780339,55.590269],[-129.781609,55.589498],[-129.781354,55.58781],[-129.780088,55.587172],[-129.780049,55.586821],[-129.782065,55.583654],[-129.783005,55.583046],[-129.783079,55.582012],[-129.784512,55.579883],[-129.784309,55.57929],[-129.785555,55.57807],[-129.786132,55.576816],[-129.783347,55.57315],[-129.785446,55.566299],[-129.784658,55.56501],[-129.782644,55.563396],[-129.782534,55.560998],[-129.781325,55.559981],[-129.781167,55.5592],[-129.780221,55.558668],[-129.778006,55.558933],[-129.775941,55.557984],[-129.774497,55.555423],[-129.774191,55.555193],[-129.773273,55.555251],[-129.771892,55.554362],[-129.771444,55.55335],[-129.772188,55.551673],[-129.771971,55.550372],[-129.771317,55.55007],[-129.768921,55.549969],[-129.767117,55.549296],[-129.767455,55.547875],[-129.766662,55.547089],[-129.767414,55.543319],[-129.768977,55.539814],[-129.772348,55.537178],[-129.773196,55.53605],[-129.773638,55.534285],[-129.772891,55.532573],[-129.771504,55.532061],[-129.771415,55.531658],[-129.770608,55.531653],[-129.769758,55.530374],[-129.768014,55.52945],[-129.768288,55.528154],[-129.76711,55.525304],[-129.767348,55.523776],[-129.764367,55.521997],[-129.764505,55.520863],[-129.763342,55.519765],[-129.763554,55.519207],[-129.761215,55.516948],[-129.760445,55.51485],[-129.760631,55.513869],[-129.75947,55.511954],[-129.75924,55.509008],[-129.759702,55.507603],[-129.758581,55.504429],[-129.757432,55.503169],[-129.757146,55.501419],[-129.756335,55.500463],[-129.755557,55.500215],[-129.753926,55.498518],[-129.75289,55.498273],[-129.751844,55.497291],[-129.75186,55.492358],[-129.751582,55.491919],[-129.750023,55.491515],[-129.749674,55.489739],[-129.750582,55.488438],[-129.749866,55.487437],[-129.747873,55.486533],[-129.747571,55.485653],[-129.746248,55.485167],[-129.746501,55.484303],[-129.7458,55.483239],[-129.746244,55.482498],[-129.745518,55.481785],[-129.74542,55.480715],[-129.744889,55.480251],[-129.742619,55.480678],[-129.739912,55.479715],[-129.739001,55.478436],[-129.739315,55.477535],[-129.73636,55.475954],[-129.735059,55.475836],[-129.733984,55.474997],[-129.733152,55.475317],[-129.731881,55.475037],[-129.7307,55.473642],[-129.72849,55.473044],[-129.727342,55.471721],[-129.727031,55.470267],[-129.725255,55.469981],[-129.724583,55.468772],[-129.723436,55.468384],[-129.722915,55.466607],[-129.724751,55.464979],[-129.724908,55.463963],[-129.723672,55.463116],[-129.722824,55.461656],[-129.721612,55.461152],[-129.72137,55.459967],[-129.721435,55.457469],[-129.723115,55.456002],[-129.723761,55.454884],[-129.723323,55.452641],[-129.72379,55.452171],[-129.721771,55.449011],[-129.721899,55.447285],[-129.720954,55.445762],[-129.720942,55.444306],[-129.719989,55.443144],[-129.720137,55.441787],[-129.721545,55.441024],[-129.719727,55.439236],[-129.71983,55.437933],[-129.719344,55.437227],[-129.720588,55.43535],[-129.720664,55.434299],[-129.714722,55.430865],[-129.714015,55.429278],[-129.714895,55.428968],[-129.715233,55.428417],[-129.713846,55.426934],[-129.714319,55.425997],[-129.713583,55.425515],[-129.712783,55.423983],[-129.711717,55.423594],[-129.71178,55.422785],[-129.711116,55.4218],[-129.71157,55.421609],[-129.712603,55.421918],[-129.712866,55.421629],[-129.712115,55.421202],[-129.711122,55.421199],[-129.711252,55.420613],[-129.70979,55.420119],[-129.709466,55.419689],[-129.710296,55.419272],[-129.712612,55.418961],[-129.713457,55.418399],[-129.713155,55.417511],[-129.713554,55.416808],[-129.712035,55.415811],[-129.710441,55.415928],[-129.711175,55.415419],[-129.711487,55.414348],[-129.710715,55.413625],[-129.707828,55.412878],[-129.70838,55.412031],[-129.708008,55.411511],[-129.707096,55.411696],[-129.706849,55.412965],[-129.704857,55.41286],[-129.703869,55.412407],[-129.703462,55.410784],[-129.704868,55.40993],[-129.701554,55.409077],[-129.700684,55.407321],[-129.698977,55.407241],[-129.696024,55.408201],[-129.694622,55.410195],[-129.693356,55.410859],[-129.693709,55.411288],[-129.693061,55.412127],[-129.69407,55.413793],[-129.693399,55.416942],[-129.690714,55.417954],[-129.688932,55.418081],[-129.68681,55.418713],[-129.684024,55.421056],[-129.684034,55.421776],[-129.680984,55.42252],[-129.681379,55.422661],[-129.680649,55.424301],[-129.681268,55.425278],[-129.679774,55.425708],[-129.680262,55.427467],[-129.679981,55.428627],[-129.677696,55.430751],[-129.676763,55.433561],[-129.676149,55.440051],[-129.67225,55.442391],[-129.670711,55.442822],[-129.668465,55.442763],[-129.667657,55.443567],[-129.666197,55.443332],[-129.663344,55.444768],[-129.66193,55.446231],[-129.661394,55.448121],[-129.660308,55.44845],[-129.659007,55.450093],[-129.6559,55.450594],[-129.653903,55.452105],[-129.652238,55.452869],[-129.6488,55.453328],[-129.64283,55.455804],[-129.640999,55.455921],[-129.636831,55.457416],[-129.633344,55.457921],[-129.631665,55.457696],[-129.630615,55.458302],[-129.629775,55.458163],[-129.626589,55.458647],[-129.621293,55.458764],[-129.619564,55.458458],[-129.614011,55.458288],[-129.613148,55.457762],[-129.610395,55.457552],[-129.607009,55.45844],[-129.60297,55.458064],[-129.601502,55.458359],[-129.596523,55.458446],[-129.595234,55.457824],[-129.593777,55.457804],[-129.589075,55.458438],[-129.588009,55.458056],[-129.585293,55.458267],[-129.582467,55.457489],[-129.577737,55.457305],[-129.573821,55.456642],[-129.572036,55.456803],[-129.56928,55.456465],[-129.563443,55.456411],[-129.563042,55.456044],[-129.561871,55.455995],[-129.560926,55.455002],[-129.558376,55.454789],[-129.557533,55.454371],[-129.554084,55.45427],[-129.552006,55.453857],[-129.549904,55.453839],[-129.547742,55.454199],[-129.546553,55.453963],[-129.544548,55.454196],[-129.543597,55.454038],[-129.542322,55.454386],[-129.541939,55.454154],[-129.540976,55.454364],[-129.539361,55.454209],[-129.538818,55.453726],[-129.536639,55.453907],[-129.533873,55.452805],[-129.534197,55.452247],[-129.533517,55.452214],[-129.53335,55.451693],[-129.531159,55.450849],[-129.526484,55.451381],[-129.523443,55.450918],[-129.521094,55.451395],[-129.516947,55.45117],[-129.509486,55.45361],[-129.508346,55.453651],[-129.506336,55.454594],[-129.504945,55.455867],[-129.503409,55.45572],[-129.503063,55.455955],[-129.503324,55.46148],[-129.499928,55.46552],[-129.498574,55.468491],[-129.496387,55.469578],[-129.495369,55.472808],[-129.4934,55.474837],[-129.491506,55.477684],[-129.490936,55.48014],[-129.488322,55.480151],[-129.487268,55.487995],[-129.476119,55.4882],[-129.476251,55.479275],[-129.474544,55.478938],[-129.474003,55.478562],[-129.474157,55.478176],[-129.473002,55.478171],[-129.472206,55.477778],[-129.471353,55.478069],[-129.468759,55.477908],[-129.467971,55.478307],[-129.465977,55.478288],[-129.464922,55.478616],[-129.462687,55.478372],[-129.461242,55.477838],[-129.46048,55.476215],[-129.461047,55.476123],[-129.461639,55.475276],[-129.459446,55.474376],[-129.459,55.472796],[-129.457834,55.471821],[-129.457067,55.469757],[-129.459354,55.469273],[-129.460801,55.468512],[-129.462005,55.468696],[-129.465812,55.467038],[-129.466592,55.465903],[-129.466841,55.464401],[-129.467762,55.463355],[-129.468914,55.463216],[-129.469284,55.464922],[-129.470537,55.465151],[-129.471007,55.463576],[-129.471915,55.462737],[-129.473394,55.462166],[-129.47492,55.462645],[-129.475272,55.461871],[-129.477358,55.461673],[-129.478254,55.461203],[-129.47916,55.460382],[-129.480053,55.458312],[-129.481129,55.458235],[-129.481643,55.45897],[-129.482686,55.459047],[-129.483222,55.458685],[-129.483497,55.459286],[-129.48418,55.458205],[-129.485796,55.458442],[-129.484975,55.457295],[-129.4868,55.455347],[-129.486413,55.452131],[-129.489223,55.450539],[-129.491394,55.44822],[-129.492672,55.448027],[-129.492112,55.447544],[-129.492272,55.446375],[-129.49427,55.445719],[-129.498982,55.445674],[-129.499888,55.446065],[-129.500925,55.445657],[-129.501135,55.444704],[-129.502397,55.444573],[-129.503257,55.442592],[-129.504339,55.441904],[-129.50681,55.442192],[-129.507939,55.441467],[-129.510527,55.441313],[-129.512292,55.44082],[-129.513448,55.44095],[-129.514464,55.440201],[-129.517774,55.439396],[-129.519265,55.438634],[-129.524867,55.437828],[-129.526955,55.438098],[-129.52809,55.437779],[-129.533389,55.43807],[-129.539261,55.437586],[-129.544324,55.437959],[-129.545237,55.437641],[-129.546204,55.437825],[-129.547148,55.437569],[-129.55458,55.43768],[-129.55595,55.437485],[-129.559369,55.437684],[-129.562333,55.438318],[-129.563533,55.438214],[-129.570762,55.439843],[-129.572135,55.440672],[-129.573844,55.44079],[-129.582612,55.442672],[-129.600959,55.444487],[-129.602344,55.444005],[-129.602202,55.44512],[-129.602794,55.445548],[-129.605342,55.445759],[-129.610458,55.445321],[-129.611666,55.445692],[-129.619781,55.44602],[-129.624177,55.445198],[-129.628497,55.445446],[-129.631629,55.444522],[-129.636872,55.442311],[-129.638065,55.440705],[-129.639933,55.439852],[-129.640287,55.439363],[-129.641535,55.439276],[-129.643955,55.438455],[-129.645951,55.436827],[-129.64755,55.436055],[-129.652224,55.434826],[-129.657142,55.433074],[-129.656877,55.432266],[-129.658009,55.432944],[-129.65935,55.432712],[-129.662247,55.433047],[-129.66441,55.432037],[-129.66666,55.427578],[-129.668038,55.42597],[-129.668411,55.423668],[-129.667908,55.422018],[-129.665178,55.42036],[-129.666001,55.41944],[-129.668666,55.418202],[-129.670812,55.415261],[-129.667238,55.412216],[-129.666985,55.411319],[-129.667388,55.410867],[-129.669225,55.410219],[-129.669182,55.406653],[-129.669689,55.406767],[-129.671197,55.409104],[-129.671834,55.409398],[-129.672701,55.409275],[-129.67387,55.407454],[-129.67393,55.406376],[-129.673284,55.405588],[-129.674419,55.40445],[-129.674794,55.403279],[-129.676962,55.40262],[-129.677641,55.401763],[-129.67738,55.399393],[-129.676179,55.398383],[-129.675937,55.397243],[-129.674249,55.395419],[-129.674325,55.394314],[-129.673606,55.393824],[-129.674444,55.392947],[-129.674176,55.392095],[-129.675945,55.389309],[-129.678981,55.386002],[-129.679883,55.384263],[-129.679488,55.383313],[-129.680749,55.382318],[-129.680714,55.381167],[-129.680107,55.380731],[-129.679966,55.379833],[-129.677449,55.378517],[-129.676978,55.3778],[-129.6779,55.377265],[-129.678123,55.376446],[-129.678979,55.375768],[-129.681447,55.375161],[-129.683184,55.375214],[-129.684683,55.376986],[-129.688338,55.378438],[-129.689157,55.379197],[-129.687857,55.381711],[-129.687621,55.383501],[-129.686906,55.384188],[-129.68724,55.38707],[-129.686612,55.388198],[-129.685536,55.388923],[-129.686072,55.389791],[-129.686977,55.390091],[-129.687643,55.392092],[-129.688587,55.392743],[-129.689598,55.391937],[-129.689633,55.391253],[-129.689187,55.391033],[-129.689506,55.390231],[-129.690991,55.389459],[-129.690727,55.388839],[-129.69277,55.387426],[-129.692513,55.387068],[-129.693976,55.385891],[-129.693525,55.3854],[-129.693657,55.383899],[-129.695168,55.381895],[-129.69605,55.381693],[-129.697154,55.380824],[-129.697639,55.37976],[-129.698442,55.379531],[-129.697343,55.379034],[-129.697513,55.377937],[-129.696913,55.37794],[-129.696305,55.377477],[-129.694699,55.37754],[-129.694039,55.37784],[-129.69181,55.377646],[-129.685541,55.375543],[-129.684441,55.37491],[-129.68423,55.373617],[-129.685103,55.373002],[-129.685447,55.372002],[-129.687447,55.37075],[-129.688905,55.371148],[-129.687648,55.371495],[-129.687813,55.371827],[-129.689961,55.371941],[-129.691387,55.371394],[-129.692094,55.370374],[-129.69167,55.369487],[-129.693001,55.368077],[-129.692763,55.366139],[-129.693211,55.365615],[-129.695991,55.363973],[-129.69877,55.363238],[-129.703064,55.359825],[-129.70588,55.358542],[-129.70899,55.356071],[-129.71077,55.354991],[-129.71292,55.35443],[-129.715135,55.35306],[-129.720529,55.348688],[-129.722489,55.346322],[-129.723079,55.344162],[-129.725068,55.341634],[-129.725291,55.339224],[-129.72881,55.335124],[-129.728568,55.333868],[-129.729403,55.332119],[-129.734039,55.327077],[-129.734442,55.325062],[-129.7368,55.323008],[-129.739018,55.321951],[-129.738995,55.32153],[-129.739912,55.320886],[-129.739051,55.320308],[-129.737948,55.321131],[-129.736536,55.320645],[-129.737325,55.319096],[-129.738278,55.31855],[-129.737918,55.317825],[-129.739562,55.315586],[-129.739437,55.314805],[-129.740809,55.314016],[-129.739799,55.313932],[-129.740366,55.312211],[-129.740256,55.311385],[-129.739695,55.310975],[-129.740455,55.310216],[-129.741112,55.308343],[-129.74022,55.30603],[-129.740997,55.304623],[-129.74137,55.301035],[-129.743064,55.302364],[-129.744002,55.301028],[-129.742687,55.297406],[-129.743165,55.295957],[-129.742939,55.292247],[-129.74082,55.290049],[-129.740573,55.288639],[-129.741796,55.287527],[-129.744117,55.287054],[-129.744486,55.285793],[-129.744863,55.285746],[-129.74511,55.287084],[-129.747105,55.290244],[-129.748414,55.291134],[-129.749843,55.291019],[-129.750861,55.291443],[-129.753122,55.295374],[-129.754559,55.297144],[-129.75537,55.297545],[-129.756354,55.296253],[-129.755727,55.29569],[-129.755861,55.292688],[-129.75458,55.290827],[-129.753209,55.28983],[-129.752115,55.289503],[-129.753124,55.288779],[-129.753039,55.286783],[-129.75373,55.285791],[-129.752885,55.284412],[-129.754522,55.283584],[-129.754789,55.281058],[-129.756234,55.280851],[-129.756376,55.280041],[-129.757444,55.27999],[-129.757896,55.280608],[-129.758822,55.280413],[-129.762022,55.278164],[-129.762126,55.276923],[-129.763723,55.276545],[-129.765672,55.276344],[-129.766654,55.278279],[-129.768175,55.278],[-129.770879,55.276213],[-129.772349,55.275682],[-129.773912,55.27427],[-129.776863,55.273092],[-129.779169,55.272655],[-129.782078,55.270965],[-129.783117,55.270905],[-129.784661,55.27023],[-129.788222,55.269596],[-129.791433,55.269602],[-129.792293,55.27018],[-129.791743,55.270912],[-129.792564,55.271041],[-129.793321,55.270425],[-129.793672,55.270638],[-129.794482,55.270265],[-129.79532,55.270358],[-129.795944,55.270947],[-129.797766,55.270702],[-129.799189,55.270217],[-129.799896,55.269404],[-129.800343,55.269714],[-129.801072,55.269161],[-129.801987,55.269327],[-129.803092,55.268645],[-129.804123,55.269043],[-129.806838,55.268701],[-129.812641,55.264583],[-129.812442,55.264135],[-129.814153,55.262344],[-129.814288,55.261301],[-129.816102,55.259933],[-129.816538,55.25894],[-129.817976,55.257772],[-129.817721,55.256794],[-129.818224,55.256026],[-129.817633,55.255599],[-129.818182,55.254787],[-129.816484,55.253971],[-129.816415,55.253038],[-129.81893,55.250531],[-129.8184,55.250059],[-129.818706,55.248861],[-129.82087,55.247005],[-129.820708,55.246017],[-129.819669,55.245215],[-129.821955,55.243197],[-129.823439,55.242601],[-129.823071,55.241616],[-129.824596,55.240078],[-129.82409,55.239928],[-129.824624,55.239161],[-129.826749,55.237674],[-129.828972,55.234916],[-129.832733,55.23278],[-129.83288,55.233039],[-129.833112,55.232094],[-129.834408,55.231663],[-129.834769,55.230897],[-129.837281,55.230034],[-129.838446,55.226351],[-129.839456,55.225779],[-129.839835,55.225084],[-129.840799,55.224601],[-129.842373,55.224698],[-129.843325,55.224367],[-129.846043,55.22203],[-129.850682,55.216184],[-129.85153,55.213968],[-129.85429,55.212205],[-129.855141,55.21086],[-129.85633,55.210608],[-129.857643,55.209521],[-129.857356,55.208607],[-129.856291,55.20812],[-129.856825,55.20729],[-129.855405,55.207083],[-129.855402,55.206122],[-129.85462,55.20638],[-129.855047,55.205675],[-129.854526,55.204942],[-129.854448,55.202741],[-129.855797,55.199002],[-129.855506,55.198518],[-129.856368,55.197803],[-129.856144,55.196132],[-129.857387,55.193302],[-129.860818,55.189198],[-129.861344,55.186606],[-129.860912,55.185503],[-129.861346,55.183776],[-129.861051,55.183185],[-129.862479,55.180325],[-129.861537,55.180324],[-129.861436,55.180738],[-129.860426,55.181167],[-129.859538,55.180796],[-129.859903,55.180272],[-129.859438,55.179808],[-129.856434,55.181006],[-129.860026,55.177243],[-129.861566,55.173593],[-129.864484,55.17065],[-129.866955,55.166607],[-129.867694,55.165901],[-129.868385,55.165888],[-129.868187,55.165422],[-129.868907,55.16468],[-129.870249,55.163555],[-129.871296,55.16327],[-129.873334,55.16108],[-129.874797,55.160503],[-129.875781,55.159526],[-129.876626,55.159403],[-129.878633,55.157951],[-129.879351,55.156229],[-129.879049,55.156088],[-129.880577,55.154944],[-129.881311,55.152665],[-129.887034,55.147484],[-129.888282,55.145731],[-129.891187,55.144379],[-129.89293,55.144537],[-129.893075,55.143944],[-129.894214,55.143657],[-129.89327,55.142891],[-129.893844,55.141898],[-129.898884,55.139291],[-129.89921,55.138336],[-129.899807,55.13843],[-129.9,55.137908],[-129.90208,55.136939],[-129.902554,55.135715],[-129.903338,55.135717],[-129.903205,55.136096],[-129.903565,55.136093],[-129.904736,55.135095],[-129.904667,55.134836],[-129.903804,55.134869],[-129.90497,55.133638],[-129.906873,55.132527],[-129.907388,55.131032],[-129.908736,55.130275],[-129.910351,55.130273],[-129.911373,55.129672],[-129.912691,55.12968],[-129.915506,55.128689],[-129.917174,55.127481],[-129.920076,55.126147],[-129.921149,55.124476],[-129.922889,55.123744],[-129.92459,55.122034],[-129.927445,55.121337],[-129.929969,55.119997],[-129.930109,55.119313],[-129.936012,55.114873],[-129.936699,55.113448],[-129.937681,55.113189],[-129.939615,55.111439],[-129.940826,55.110936],[-129.945631,55.107286],[-129.947682,55.105212],[-129.949553,55.104145],[-129.95037,55.102899],[-129.952709,55.10112],[-129.952645,55.100303],[-129.953736,55.099396],[-129.953431,55.099084],[-129.952619,55.099189],[-129.953863,55.098191],[-129.954462,55.096352],[-129.955176,55.096067],[-129.955788,55.096774],[-129.956209,55.09669],[-129.957836,55.095257],[-129.957964,55.094734],[-129.956527,55.095482],[-129.957523,55.09392],[-129.957124,55.092315],[-129.957893,55.089801],[-129.958836,55.089173],[-129.959696,55.087783],[-129.961547,55.086663],[-129.962715,55.086303],[-129.96361,55.086431],[-129.963643,55.085856],[-129.964434,55.085544],[-129.96455,55.085121],[-129.965284,55.085078],[-129.966826,55.084014],[-129.967778,55.082543],[-129.967444,55.081018],[-129.967871,55.080565],[-129.969301,55.080049],[-129.970165,55.080187],[-129.9718,55.07977],[-129.976435,55.075221],[-129.980858,55.068409],[-129.98187,55.066226],[-129.98157,55.065501],[-129.982772,55.064745],[-129.986844,55.060291],[-129.987915,55.057416],[-129.961396,55.057721],[-129.951442,55.047707],[-129.936565,55.036204],[-129.930102,55.032737],[-129.917175,55.040531],[-129.906162,55.050926],[-129.838181,55.103898],[-129.818677,55.120963],[-129.788782,55.142093],[-129.756259,55.168928],[-129.740878,55.179643],[-129.725148,55.185126],[-129.714007,55.193503],[-129.708721,55.198922],[-129.705263,55.200943],[-129.692388,55.199952],[-129.681894,55.196034],[-129.674907,55.194085],[-129.662598,55.195542],[-129.653794,55.198976],[-129.64261,55.205345],[-129.636816,55.214306],[-129.631152,55.210511],[-129.620718,55.212567],[-129.600408,55.219134],[-129.570695,55.224669],[-129.527858,55.219605],[-129.43724,55.216272],[-129.24683,55.287637],[-129.249364,55.295488],[-129.239007,55.30074],[-129.228661,55.30459],[-129.220809,55.307045],[-129.216884,55.315001],[-129.215701,55.3233],[-129.206986,55.327683],[-129.190757,55.331399],[-129.158385,55.344403],[-129.073643,55.383088],[-129.063083,55.391729],[-129.045267,55.402961],[-129.00943,55.42104],[-129.008273,55.423082],[-129.006455,55.423846],[-129.002839,55.429093],[-129.000972,55.430434],[-128.999517,55.43037],[-128.998421,55.42991],[-128.998012,55.428993],[-128.996136,55.447447],[-128.992977,55.454801],[-128.995123,55.456767],[-128.996077,55.462173],[-128.998651,55.471651],[-129.0005,55.4835],[-128.995882,55.485352],[-128.999898,55.48826],[-129.005627,55.49054],[-129.010172,55.497663],[-129.009334,55.510558],[-128.967634,55.511446],[-128.955618,55.518652],[-128.958063,55.526794],[-128.969975,55.542602],[-128.959981,55.547582],[-128.952594,55.545691],[-128.956811,55.539537],[-128.950821,55.531678],[-128.947975,55.523337],[-128.944688,55.515827],[-128.935938,55.5159],[-128.932331,55.513213],[-128.916847,55.50589],[-128.910924,55.504899],[-128.903231,55.505317],[-128.898535,55.504476],[-128.897697,55.504841],[-128.898767,55.499548],[-128.909908,55.497613],[-128.909673,55.495184],[-128.910231,55.488293],[-128.924612,55.455246],[-128.92163,55.445783],[-128.895506,55.394442],[-128.91098,55.379633],[-128.909157,55.374613],[-128.910683,55.373985],[-128.913164,55.37153],[-128.915846,55.369623],[-128.921159,55.3627],[-128.922804,55.361824],[-128.924131,55.360581],[-128.929143,55.358554],[-128.935136,55.352865],[-128.922952,55.337532],[-128.888668,55.334691],[-128.86644,55.334614],[-128.861133,55.340248],[-128.856136,55.338475],[-128.860649,55.332579],[-128.862756,55.327583],[-128.874041,55.316902],[-128.880923,55.312638],[-128.885636,55.308625],[-128.87946,55.300287],[-128.873241,55.296172],[-128.868467,55.295441],[-128.869869,55.266176],[-128.898525,55.256529],[-128.897866,55.254253],[-128.902295,55.243613],[-128.898029,55.238207],[-128.894423,55.235077],[-128.88697,55.230309],[-128.903174,55.223932],[-128.94805,55.212637],[-128.976332,55.206316],[-128.978363,55.208075],[-128.980879,55.206003],[-128.986108,55.205432],[-128.986605,55.199911],[-128.976632,55.197222],[-128.962764,55.198809],[-128.963977,55.189654],[-128.979834,55.180017],[-128.958972,55.177233],[-129.003365,55.159615],[-129.009917,55.163592],[-129.011184,55.160867],[-129.01355,55.167667],[-129.015678,55.170456],[-129.031409,55.175209],[-129.037598,55.180682],[-129.042511,55.183278],[-129.047278,55.178659],[-129.056494,55.18025],[-129.059187,55.184467],[-129.071174,55.184567],[-129.078635,55.188516],[-129.078652,55.189755],[-129.080141,55.19043],[-129.079868,55.190913],[-129.079844,55.191301],[-129.080988,55.191322],[-129.082263,55.191336],[-129.08371,55.192719],[-129.08448,55.192817],[-129.084345,55.194078],[-129.097252,55.203398],[-129.101303,55.200104],[-129.104496,55.201214],[-129.102759,55.213222],[-129.108787,55.218647],[-129.110378,55.218982],[-129.113362,55.218206],[-129.114428,55.217585],[-129.116109,55.217333],[-129.116724,55.217332],[-129.117872,55.218041],[-129.118893,55.217752],[-129.121504,55.217938],[-129.124142,55.217558],[-129.129111,55.218101],[-129.131198,55.217155],[-129.134324,55.216406],[-129.140585,55.213442],[-129.14461,55.214318],[-129.147673,55.213542],[-129.149142,55.211681],[-129.154045,55.207352],[-129.156386,55.207429],[-129.159209,55.205908],[-129.161422,55.205536],[-129.1615,55.20498],[-129.163118,55.204797],[-129.164753,55.205226],[-129.167251,55.205123],[-129.168741,55.20425],[-129.170908,55.204077],[-129.1727,55.204353],[-129.173672,55.204145],[-129.177703,55.202323],[-129.181301,55.202201],[-129.182489,55.200869],[-129.183977,55.200005],[-129.187646,55.198408],[-129.188743,55.197608],[-129.190327,55.197328],[-129.199043,55.191095],[-129.203916,55.190669],[-129.227696,55.182939],[-129.231199,55.182531],[-129.233472,55.178977],[-129.248256,55.17186],[-129.256817,55.169194],[-129.255201,55.164672],[-129.258168,55.165512],[-129.262398,55.165638],[-129.251705,55.161071],[-129.244204,55.163614],[-129.226036,55.163062],[-129.226772,55.164738],[-129.21808,55.162846],[-129.198041,55.160725],[-129.18346,55.163683],[-129.175692,55.171536],[-129.167805,55.172263],[-129.144399,55.175645],[-129.138113,55.182275],[-129.141358,55.187235],[-129.119775,55.193784],[-129.098442,55.181297],[-129.078271,55.17033],[-129.057103,55.165934],[-129.03023,55.155706],[-129.019381,55.150022],[-129.018588,55.144772],[-129.020953,55.1393],[-129.026436,55.132802],[-129.061225,55.109064],[-129.083978,55.09187],[-129.118761,55.1021],[-129.181339,55.111017],[-129.202519,55.109194],[-129.232541,55.095899],[-129.263324,55.084247],[-129.302765,55.067346],[-129.290505,55.055818],[-129.290272,55.048774],[-129.33504,55.032096],[-129.396155,55.011433],[-129.423009,54.995013],[-129.422488,54.990668],[-129.423274,54.986472],[-129.428771,54.982422],[-129.430341,54.977926],[-129.424858,54.972243],[-129.41495,54.971525],[-129.410777,54.962092],[-129.408697,54.950559],[-129.388623,54.936215],[-129.381066,54.932635],[-129.369093,54.934024],[-129.347999,54.93243],[-129.338103,54.927802],[-129.337078,54.921062],[-129.345194,54.913421],[-129.353042,54.908477],[-129.357492,54.903533],[-129.359995,54.902294],[-129.354285,54.900448],[-129.34214,54.894303],[-129.323236,54.888797],[-129.297506,54.882801],[-129.270685,54.882464],[-129.252752,54.88345],[-129.193922,54.883799],[-129.174333,54.886885],[-129.165383,54.89235],[-129.155363,54.900905],[-129.148055,54.905908],[-129.136656,54.912091],[-129.122331,54.915499],[-129.101835,54.918159],[-129.054679,54.929368],[-129.039503,54.930375],[-128.987132,54.936798],[-128.966335,54.942772],[-128.966453,54.942498],[-128.944708,54.949765],[-128.937516,54.956243],[-128.931708,54.961511],[-128.930957,54.961403],[-128.926879,54.962236],[-128.924689,54.964374],[-128.921468,54.966466],[-128.919871,54.967075],[-128.916944,54.970237],[-128.914208,54.971565],[-128.911484,54.974691],[-128.911467,54.97523],[-128.908877,54.976828],[-128.908191,54.984717],[-128.927303,55.000225],[-128.950346,55.000217],[-128.947655,55.00761],[-128.942232,55.012854],[-128.912185,55.035024],[-128.892466,55.066673],[-128.882153,55.069466],[-128.8682,55.067832],[-128.856771,55.059169],[-128.839567,55.075334],[-128.819628,55.108544],[-128.796259,55.115549],[-128.790752,55.124249],[-128.793094,55.144913],[-128.790374,55.153945],[-128.796283,55.161669],[-128.828259,55.174519],[-128.838993,55.181814],[-128.8398,55.18759],[-128.83363,55.195714],[-128.825958,55.199152],[-128.806654,55.200055],[-128.780173,55.191778],[-128.740189,55.170907],[-128.724997,55.167362],[-128.712294,55.162194],[-128.715175,55.145401],[-128.708206,55.138913],[-128.69733,55.131961],[-128.694928,55.127348],[-128.682429,55.124864],[-128.676282,55.130478],[-128.673314,55.139314],[-128.663122,55.145613],[-128.648107,55.145994],[-128.632278,55.141442],[-128.604215,55.125346],[-128.599085,55.117073],[-128.588705,55.108834],[-128.57585,55.108128],[-128.569489,55.112708],[-128.540462,55.120238],[-128.53531,55.125466],[-128.529449,55.121595],[-128.523442,55.113376],[-128.508135,55.112201],[-128.501823,55.114278],[-128.501681,55.120114],[-128.480427,55.134084],[-128.472215,55.135764],[-128.4716,55.136453],[-128.465609,55.138681],[-128.452583,55.141375],[-128.442641,55.141358],[-128.430431,55.139643],[-128.423322,55.140915],[-128.408296,55.140634],[-128.400775,55.139129],[-128.381162,55.137813],[-128.377089,55.141472],[-128.380553,55.148197],[-128.383242,55.158883],[-128.383126,55.16068],[-128.388119,55.16422],[-128.396117,55.167192],[-128.400344,55.172715],[-128.396644,55.176799],[-128.394764,55.185647],[-128.385792,55.190146],[-128.364954,55.195173],[-128.35733,55.198322],[-128.370213,55.201737],[-128.384314,55.209642],[-128.388447,55.221912],[-128.38193,55.231165],[-128.365531,55.237591],[-128.362322,55.244117],[-128.363033,55.252739],[-128.354406,55.260972],[-128.354942,55.266872],[-128.366517,55.269374],[-128.378012,55.270113],[-128.387586,55.276469],[-128.386332,55.284747],[-128.37764,55.302605],[-128.368436,55.306643],[-128.36249,55.324406],[-128.354476,55.33548],[-128.341231,55.343891],[-128.368635,55.354932],[-128.376766,55.361394],[-128.376216,55.371164],[-128.368575,55.378876],[-128.356141,55.383481],[-128.346267,55.385251],[-128.23028,55.381628],[-128.163575,55.378879],[-128.1627,55.415065],[-128.167449,55.42755],[-128.13403,55.417528],[-128.123475,55.421111],[-128.120345,55.427446],[-128.121336,55.431286],[-128.13335,55.441805],[-128.13878,55.453094],[-128.137328,55.459811],[-128.136319,55.46212],[-128.144142,55.470561],[-128.151855,55.474254],[-128.17171,55.488239],[-128.177751,55.494905],[-128.180519,55.510971],[-128.186019,55.521062],[-128.186743,55.531441],[-128.174226,55.545],[-128.180256,55.549973],[-128.191018,55.551795],[-128.197781,55.554619],[-128.201694,55.5593],[-128.203371,55.562375],[-128.217446,55.562527],[-128.250117,55.576138],[-128.261267,55.582214],[-128.266303,55.581637],[-128.277878,55.591548],[-128.286579,55.591485],[-128.349132,55.628607],[-128.34906,55.632024],[-128.346429,55.638552],[-128.353133,55.64287],[-128.36064,55.641716],[-128.374566,55.637982],[-128.383428,55.640905],[-128.388532,55.645191],[-128.39038,55.647854],[-128.391688,55.65118],[-128.390772,55.65843],[-128.388045,55.661976],[-128.387357,55.666002],[-128.392465,55.67603],[-128.398983,55.683505],[-128.403036,55.686169],[-128.425511,55.690877],[-128.444579,55.697759],[-128.463276,55.711333],[-128.481612,55.719985],[-128.496886,55.71299],[-128.510015,55.714563],[-128.530186,55.720221],[-128.557459,55.725187],[-128.583937,55.727075],[-128.616813,55.726942],[-128.624167,55.734462],[-128.645305,55.746333],[-128.652857,55.753345],[-128.65416,55.753803],[-128.663815,55.762489],[-128.698648,55.782024],[-128.718864,55.794016],[-128.743137,55.809165],[-128.755289,55.815339],[-128.759734,55.825202],[-128.779758,55.843871],[-128.793799,55.855444],[-128.788971,55.861612],[-128.789238,55.861863],[-128.779776,55.874813],[-128.760928,55.866805],[-128.750551,55.864646],[-128.745622,55.867954],[-128.753838,55.876381],[-128.751149,55.883844],[-128.736238,55.883849],[-128.737452,55.89087],[-128.732949,55.89153],[-128.719314,55.879604],[-128.711563,55.878967],[-128.711132,55.8846],[-128.724083,55.894773],[-128.73043,55.906877],[-128.723812,55.919265],[-128.723788,55.926742],[-128.715367,55.92378],[-128.706677,55.926138],[-128.701067,55.931343],[-128.700218,55.938125],[-128.716689,55.950499],[-128.70786,55.952741],[-128.688184,55.944017],[-128.658667,55.947362],[-128.665179,55.964879],[-128.627783,55.993977],[-128.618187,56.012901],[-128.604135,56.02126],[-128.561462,56.052719],[-128.555312,56.054533],[-128.555158,56.059734],[-128.554318,56.0601],[-128.554379,56.068486],[-128.556621,56.07455],[-128.554486,56.079454],[-128.546933,56.081587],[-128.53626,56.081489],[-128.522584,56.08373],[-128.519859,56.086155],[-128.507256,56.092747],[-128.492109,56.102178],[-128.47381,56.105788],[-128.433379,56.1069],[-128.409322,56.109153],[-128.38788,56.107014],[-128.345564,56.093601],[-128.330063,56.093206],[-128.321639,56.092092],[-128.306546,56.096614],[-128.27873,56.11029],[-128.275998,56.118794],[-128.285534,56.126541],[-128.287973,56.130484],[-128.290288,56.136955],[-128.294059,56.170824],[-128.298452,56.180964],[-128.29559,56.190512],[-128.277042,56.2094],[-128.27551,56.214208],[-128.284778,56.233254],[-128.285777,56.241418],[-128.284109,56.24658],[-128.274625,56.252555],[-128.241182,56.265472],[-128.230925,56.271258],[-128.222246,56.279827],[-128.21458,56.295411],[-128.202079,56.300923],[-128.181886,56.30475],[-128.154984,56.308213],[-128.135847,56.308684],[-128.118588,56.308409],[-128.105828,56.309431],[-128.094096,56.314195],[-128.087984,56.321222],[-128.095168,56.335001],[-128.109363,56.348189],[-128.130119,56.354936],[-128.175055,56.362102],[-128.227271,56.368859],[-128.255819,56.375854],[-128.273195,56.383421],[-128.280754,56.391072],[-128.285458,56.400049],[-128.280204,56.409455],[-128.265252,56.419034],[-128.247266,56.424354],[-128.227895,56.426351],[-128.215396,56.43025],[-128.19059,56.446498],[-128.163536,56.453483],[-128.156675,56.449198],[-128.143725,56.434856],[-128.136524,56.427613],[-128.118558,56.42157],[-128.103214,56.418004],[-128.080122,56.414129],[-128.067829,56.413445],[-128.053518,56.415528],[-128.027567,56.423914],[-128.015347,56.42472],[-127.998983,56.428352],[-127.978641,56.435431],[-127.969428,56.443393],[-127.963813,56.451156],[-127.964687,56.460737],[-127.969864,56.470473],[-127.987133,56.494737],[-127.99004,56.503452],[-127.988761,56.510447],[-127.977513,56.520729],[-127.966796,56.528614],[-127.946009,56.533499],[-127.908079,56.53855],[-127.872429,56.541037],[-127.854512,56.542915],[-127.84371,56.548831],[-127.847618,56.559164],[-127.861572,56.565064],[-127.886086,56.578206],[-127.897386,56.584657],[-127.905256,56.591476],[-127.912547,56.610211],[-127.916237,56.615077],[-127.926991,56.619365],[-127.944997,56.621563],[-127.951497,56.620497],[-127.964709,56.616158],[-127.98214,56.61117],[-127.989497,56.611322],[-128.002879,56.62001],[-128.012448,56.627072],[-128.01824,56.633256],[-128.028384,56.636995],[-128.045011,56.647742],[-128.053426,56.656888],[-128.071138,56.666646],[-128.088297,56.668065],[-128.097811,56.666006],[-128.100709,56.662545],[-128.09826,56.654721],[-128.103395,56.644373],[-128.110607,56.639388],[-128.126502,56.637585],[-128.176538,56.643453],[-128.181227,56.648657],[-128.18393,56.657616],[-128.16709,56.681872],[-128.161023,56.694005],[-128.161996,56.706472],[-128.170265,56.719721],[-128.188695,56.737852],[-128.198875,56.737766],[-128.206439,56.730209],[-128.219895,56.733389],[-128.230346,56.735188],[-128.248758,56.742109],[-128.259286,56.748231],[-128.272032,56.749369],[-128.290641,56.745069],[-128.303362,56.747129],[-128.314165,56.750632],[-128.358537,56.752986],[-128.375818,56.758117],[-128.418322,56.771851],[-128.449043,56.794749],[-128.486019,56.803732],[-128.495151,56.811431],[-128.537394,56.833223],[-128.56271,56.84343],[-128.576098,56.852307],[-128.618901,56.877869],[-128.634489,56.883646],[-128.655469,56.882896],[-128.69336,56.878432],[-128.694747,56.884929],[-128.684006,56.895754],[-128.657298,56.91228],[-128.648921,56.919759],[-128.664093,56.926326],[-128.667712,56.935948],[-128.667684,56.950221],[-128.663566,56.963424],[-128.660042,56.967748],[-128.661535,56.972276],[-128.675665,56.978433],[-128.686587,56.985428],[-128.694326,56.991641],[-128.699145,56.996826],[-128.709126,57.010295],[-128.718028,57.030827],[-128.726291,57.042151],[-128.740665,57.047306],[-128.763394,57.049323],[-128.780676,57.052899],[-128.786918,57.060651],[-128.786135,57.075673],[-128.81799,57.087563],[-128.834478,57.099338],[-128.850064,57.116663],[-128.860236,57.121095],[-128.876152,57.121857],[-128.892281,57.127462],[-128.901651,57.134257],[-128.914811,57.142771],[-128.930635,57.147639],[-128.947489,57.147753],[-128.977713,57.143945],[-129.002073,57.164394]]]]},"properties":{"id":"59490103","boundaryCode":"59490103","boundaryName":"DA 59490103","boundarySource":"census","boundaryLevel":"bcDaSimplified","boundaryDetail":"medium","DAUID":"59490103","DGUID":"2021S051259490103","PRUID":"59","CDUID":"5949","CDNAME":"Kitimat-Stikine","CDTYPE":"RD","CSDUID":"5949039","CSDNAME":"Kitimat-Stikine A","CSDTYPE":"RDA","CTUID":null,"CTNAME":null,"parentCdId":"5949","parentCdName":"Kitimat-Stikine","parentCsdId":"5949039","parentCsdName":"Kitimat-Stikine A","parentCtId":null,"parentCtName":null,"LANDAREA":25253.1957,"areaKm2":25555.473366273476},"id":57155},{"type":"Feature","geometry":{"type":"Polygon","coordinates":[[[-129.488322,55.480151],[-129.486823,55.480219],[-129.485552,55.479784],[-129.483556,55.47964],[-129.479669,55.480132],[-129.479643,55.48058],[-129.479122,55.480573],[-129.480953,55.481618],[-129.480864,55.482139],[-129.479338,55.481534],[-129.477321,55.47961],[-129.476251,55.479275],[-129.476119,55.4882],[-129.487268,55.487995],[-129.488322,55.480151]]]},"properties":{"id":"59490104","boundaryCode":"59490104","boundaryName":"DA 59490104","boundarySource":"census","boundaryLevel":"bcDaSimplified","boundaryDetail":"medium","DAUID":"59490104","DGUID":"2021S051259490104","PRUID":"59","CDUID":"5949","CDNAME":"Kitimat-Stikine","CDTYPE":"RD","CSDUID":"5949039","CSDNAME":"Kitimat-Stikine A","CSDTYPE":"RDA","CTUID":null,"CTNAME":null,"parentCdId":"5949","parentCdName":"Kitimat-Stikine","parentCsdId":"5949039","parentCsdName":"Kitimat-Stikine A","parentCtId":null,"parentCtName":null,"LANDAREA":0.47640000000000005,"areaKm2":0.6549600736139644},"id":57156},{"type":"Feature","geometry":{"type":"Polygon","coordinates":[[[-130.465131,56.241479],[-130.419743,56.138881],[-130.392426,56.134538],[-130.331564,56.122596],[-130.315098,56.116092],[-130.241259,56.095812],[-130.10372,56.122029],[-130.059668,56.071493],[-130.002158,56.006616],[-130.020115,55.911722],[-130.013736,55.911977],[-130.013984,55.912491],[-130.01061,55.912464],[-130.011685,55.914126],[-130.010039,55.915479],[-130.011465,55.916141],[-130.011121,55.916476],[-130.010776,55.916129],[-130.010132,55.916547],[-130.010953,55.916784],[-130.010317,55.916879],[-130.00993,55.917403],[-130.008173,55.924929],[-130.005521,55.928878],[-130.003877,55.929619],[-130.002532,55.930861],[-130.002785,55.934381],[-130.001898,55.935385],[-130.000439,55.934742],[-129.995388,55.934395],[-129.994267,55.933722],[-129.99409,55.933031],[-129.990994,55.932167],[-129.991065,55.930594],[-129.992608,55.928955],[-129.991979,55.928098],[-129.990807,55.928018],[-129.988564,55.931054],[-129.98781,55.930953],[-129.993174,55.924818],[-129.992884,55.924064],[-129.994141,55.922617],[-129.994296,55.92178],[-129.993795,55.921523],[-129.992894,55.922035],[-129.992322,55.920269],[-129.992663,55.919843],[-129.993681,55.919565],[-129.99435,55.918195],[-129.992981,55.917828],[-129.987114,55.917489],[-129.988405,55.915385],[-129.990479,55.913239],[-129.990189,55.912594],[-129.99098,55.912228],[-129.991557,55.910966],[-129.990607,55.909517],[-129.990534,55.908493],[-129.991897,55.906749],[-129.992411,55.9043],[-129.995271,55.901106],[-129.995935,55.898907],[-129.997542,55.89796],[-129.998304,55.896516],[-130.000601,55.895033],[-130.001486,55.893948],[-130.001184,55.893465],[-130.001833,55.891977],[-130.004933,55.888204],[-130.003889,55.886784],[-130.004091,55.885903],[-130.003314,55.884938],[-130.00391,55.883244],[-130.004544,55.882987],[-130.006822,55.883338],[-130.011459,55.883326],[-130.015967,55.882157],[-130.01659,55.880839],[-130.014666,55.879454],[-130.015203,55.879189],[-130.015416,55.87818],[-130.01684,55.877575],[-130.017035,55.877062],[-130.016512,55.876041],[-130.015105,55.874822],[-130.019417,55.872253],[-130.020023,55.87099],[-130.022277,55.870369],[-130.02393,55.869439],[-130.025017,55.868317],[-130.015953,55.86769],[-129.98017,55.869369],[-129.950798,55.914642],[-129.914981,55.964546],[-129.87824,56.009556],[-129.854688,56.019111],[-129.856379,56.01909],[-129.857875,56.019489],[-129.861339,56.01888],[-129.866449,56.019493],[-129.870877,56.019165],[-129.872359,56.019792],[-129.880098,56.020558],[-129.883669,56.022314],[-129.888329,56.023422],[-129.891355,56.023534],[-129.900089,56.030024],[-129.901128,56.033531],[-129.903063,56.035706],[-129.905453,56.036969],[-129.918618,56.040182],[-129.948534,56.039609],[-130.062301,56.271626],[-130.444873,56.241606],[-130.465131,56.241479]]]},"properties":{"id":"59490105","boundaryCode":"59490105","boundaryName":"DA 59490105","boundarySource":"census","boundaryLevel":"bcDaSimplified","boundaryDetail":"medium","DAUID":"59490105","DGUID":"2021S051259490105","PRUID":"59","CDUID":"5949","CDNAME":"Kitimat-Stikine","CDTYPE":"RD","CSDUID":"5949032","CSDNAME":"Stewart","CSDTYPE":"DM","CTUID":null,"CTNAME":null,"parentCdId":"5949","parentCdName":"Kitimat-Stikine","parentCsdId":"5949032","parentCsdName":"Stewart","parentCtId":null,"parentCtName":null,"LANDAREA":551.5683,"areaKm2":560.5927434355865},"id":57157},{"type":"Feature","geometry":{"type":"Polygon","coordinates":[[[-128.167449,55.42755],[-128.15893,55.416868],[-128.15592,55.414037],[-128.153252,55.412359],[-128.144523,55.408082],[-128.135268,55.402136],[-128.129231,55.399338],[-128.114633,55.388164],[-128.101925,55.381207],[-128.099965,55.379437],[-128.09916,55.377361],[-128.099301,55.376014],[-128.100176,55.374451],[-128.103528,55.370713],[-128.103883,55.368744],[-128.100336,55.359622],[-128.091625,55.347616],[-128.090332,55.344506],[-128.089914,55.315994],[-128.089295,55.312196],[-128.08963,55.298096],[-128.087863,55.294931],[-128.081128,55.28822],[-128.077738,55.286411],[-128.078244,55.285781],[-128.07662,55.283328],[-128.071669,55.279202],[-128.070222,55.277378],[-128.062062,55.277993],[-128.060985,55.268396],[-128.054444,55.264246],[-128.05327,55.262413],[-128.052187,55.250931],[-128.047037,55.235197],[-128.045946,55.225921],[-128.046491,55.221551],[-128.044061,55.21582],[-128.044135,55.206731],[-128.040591,55.198285],[-128.039483,55.193888],[-128.038146,55.191814],[-128.030856,55.184419],[-128.030037,55.182202],[-128.029575,55.176636],[-128.025431,55.171079],[-128.018951,55.159684],[-128.017329,55.157938],[-128.00675,55.149648],[-128.00478,55.147082],[-128.004432,55.144846],[-128.006355,55.132222],[-128.003873,55.125811],[-128.004229,55.122543],[-127.980685,55.122643],[-127.973417,55.124164],[-127.966526,55.124438],[-127.963107,55.125047],[-127.951323,55.128298],[-127.948064,55.129951],[-127.94531,55.130889],[-127.940753,55.131802],[-127.930436,55.134587],[-127.927972,55.13639],[-127.924662,55.138158],[-127.923946,55.139104],[-127.919316,55.140358],[-127.915937,55.142296],[-127.915138,55.143421],[-127.895935,55.142824],[-127.886149,55.143194],[-127.878792,55.142682],[-127.873028,55.141056],[-127.867866,55.136456],[-127.864985,55.135534],[-127.841304,55.135108],[-127.839218,55.134183],[-127.838205,55.131423],[-127.84461,55.128713],[-127.846618,55.127447],[-127.847117,55.123404],[-127.850785,55.118719],[-127.850937,55.112968],[-127.852586,55.109776],[-127.852346,55.104244],[-127.855181,55.101263],[-127.856414,55.098699],[-127.822725,55.096388],[-127.822987,55.099205],[-127.822011,55.106566],[-127.809196,55.107627],[-127.808021,55.117093],[-127.794983,55.117797],[-127.794244,55.125232],[-127.785746,55.125701],[-127.781647,55.124457],[-127.773838,55.121165],[-127.773436,55.125021],[-127.769502,55.130533],[-127.767405,55.135854],[-127.766996,55.137921],[-127.767369,55.14735],[-127.766475,55.154584],[-127.765111,55.157342],[-127.76116,55.162926],[-127.742062,55.173458],[-127.714464,55.18453],[-127.711993,55.18738],[-127.707952,55.189634],[-127.703271,55.193739],[-127.702137,55.194341],[-127.694915,55.19696],[-127.688118,55.197305],[-127.684145,55.199096],[-127.675869,55.201092],[-127.674054,55.202397],[-127.672844,55.205354],[-127.671522,55.20661],[-127.666343,55.209473],[-127.655704,55.213544],[-127.654227,55.214425],[-127.660953,55.214537],[-127.661218,55.232643],[-127.664346,55.232622],[-127.663632,55.233079],[-127.663319,55.237829],[-127.660043,55.239487],[-127.659551,55.239138],[-127.651046,55.239458],[-127.651037,55.238558],[-127.645768,55.239701],[-127.646102,55.248849],[-127.652251,55.247347],[-127.65371,55.248247],[-127.656572,55.250866],[-127.660774,55.252527],[-127.664282,55.252959],[-127.666924,55.25235],[-127.669895,55.250985],[-127.671054,55.250127],[-127.67306,55.247552],[-127.674563,55.246747],[-127.675365,55.245575],[-127.67955,55.24652],[-127.681746,55.247414],[-127.684747,55.250097],[-127.685115,55.251353],[-127.683638,55.253704],[-127.680874,55.25629],[-127.675736,55.258687],[-127.677076,55.259496],[-127.68082,55.259757],[-127.698006,55.259615],[-127.703935,55.259877],[-127.703097,55.27761],[-127.704133,55.288432],[-127.697938,55.288424],[-127.693806,55.291839],[-127.693449,55.293558],[-127.696408,55.293609],[-127.696562,55.322097],[-127.686267,55.322337],[-127.686973,55.326168],[-127.690689,55.32922],[-127.690917,55.332964],[-127.709208,55.333546],[-127.709997,55.34579],[-127.70933,55.358178],[-127.710333,55.36956],[-127.70293,55.369065],[-127.684842,55.370094],[-127.672505,55.370066],[-127.670448,55.370244],[-127.667049,55.371393],[-127.664073,55.371208],[-127.661282,55.371587],[-127.657196,55.371506],[-127.656884,55.347612],[-127.657654,55.34408],[-127.653432,55.346259],[-127.6498,55.347315],[-127.646627,55.34783],[-127.640521,55.347754],[-127.637143,55.347093],[-127.634882,55.346119],[-127.632147,55.347527],[-127.633056,55.351371],[-127.63774,55.359585],[-127.639738,55.365727],[-127.639453,55.367153],[-127.636761,55.37016],[-127.636348,55.37668],[-127.634942,55.381311],[-127.633407,55.383253],[-127.628622,55.385122],[-127.626546,55.386267],[-127.625053,55.387895],[-127.624037,55.390337],[-127.615448,55.398023],[-127.610224,55.399743],[-127.606407,55.401865],[-127.605306,55.403084],[-127.604538,55.40471],[-127.604356,55.40806],[-127.602499,55.411005],[-127.603163,55.419945],[-127.602492,55.422391],[-127.600563,55.424229],[-127.599521,55.425988],[-127.599125,55.428239],[-127.597658,55.431295],[-127.595167,55.443561],[-127.595445,55.445083],[-127.601105,55.451798],[-127.603117,55.453025],[-127.60468,55.453546],[-127.606004,55.455017],[-127.608688,55.454688],[-127.610156,55.456574],[-127.610289,55.457276],[-127.609254,55.458819],[-127.609158,55.460202],[-127.611155,55.462337],[-127.611707,55.464617],[-127.613051,55.466007],[-127.613678,55.472457],[-127.616668,55.478809],[-127.622619,55.483747],[-127.624221,55.484547],[-127.627903,55.485621],[-127.630324,55.486996],[-127.630832,55.487874],[-127.636579,55.493294],[-127.640075,55.494285],[-127.641358,55.49518],[-127.644099,55.495112],[-127.644487,55.49579],[-127.643588,55.496634],[-127.643685,55.497021],[-127.645064,55.49745],[-127.646123,55.496572],[-127.646803,55.496571],[-127.650054,55.498251],[-127.65477,55.501574],[-127.657775,55.505381],[-127.656669,55.508577],[-127.655571,55.51012],[-127.655638,55.510939],[-127.65719,55.510947],[-127.657889,55.510406],[-127.659363,55.508984],[-127.658484,55.507807],[-127.661525,55.505926],[-127.66238,55.505926],[-127.663619,55.506757],[-127.665024,55.506872],[-127.665993,55.5077],[-127.670576,55.509385],[-127.673379,55.509865],[-127.675241,55.509598],[-127.676137,55.509796],[-127.68315,55.513179],[-127.683936,55.514778],[-127.686586,55.516046],[-127.687332,55.517887],[-127.689293,55.518951],[-127.687574,55.519669],[-127.689148,55.52187],[-127.692662,55.522887],[-127.695012,55.521771],[-127.695231,55.52233],[-127.698011,55.524031],[-127.700194,55.524594],[-127.70348,55.527289],[-127.704505,55.527434],[-127.705563,55.52705],[-127.705951,55.527297],[-127.706516,55.529388],[-127.708629,55.533562],[-127.70755,55.534089],[-127.707427,55.534933],[-127.706439,55.536064],[-127.706427,55.537888],[-127.703693,55.538623],[-127.702488,55.53959],[-127.695118,55.540113],[-127.694887,55.540857],[-127.693669,55.541257],[-127.693451,55.541632],[-127.719352,55.559295],[-127.718632,55.559727],[-127.718676,55.560312],[-127.720707,55.560755],[-127.721977,55.562188],[-127.724804,55.563997],[-127.728966,55.568677],[-127.729826,55.571014],[-127.73027,55.574954],[-127.731518,55.576511],[-127.732943,55.584393],[-127.732596,55.590014],[-127.730486,55.594622],[-127.729616,55.594727],[-127.730127,55.595404],[-127.72872,55.600161],[-127.724828,55.608504],[-127.725641,55.611442],[-127.730429,55.614578],[-127.734409,55.615912],[-127.739164,55.616796],[-127.749068,55.61723],[-127.757002,55.618781],[-127.761778,55.621456],[-127.761411,55.624625],[-127.755528,55.632752],[-127.755177,55.636804],[-127.756383,55.639503],[-127.755619,55.641749],[-127.748905,55.647191],[-127.746565,55.65081],[-127.733161,55.663027],[-127.732799,55.667305],[-127.731651,55.670007],[-127.730883,55.673613],[-127.728923,55.676325],[-127.725371,55.679039],[-127.709116,55.685869],[-127.702748,55.687026],[-127.697591,55.689076],[-127.69044,55.689786],[-127.685673,55.691614],[-127.681402,55.69267],[-127.686715,55.694899],[-127.688752,55.695022],[-127.690627,55.695648],[-127.694601,55.698134],[-127.693197,55.698967],[-127.693437,55.699183],[-127.71334,55.710824],[-127.741364,55.708905],[-127.757395,55.708156],[-127.767871,55.704929],[-127.785407,55.705004],[-127.79804,55.70992],[-127.800201,55.709869],[-127.811367,55.707972],[-127.82664,55.708204],[-127.843709,55.711109],[-127.853685,55.708399],[-127.869973,55.71247],[-127.882037,55.717088],[-127.902461,55.720048],[-127.915091,55.717036],[-127.925374,55.699586],[-127.936808,55.687627],[-127.949174,55.686122],[-127.962967,55.688455],[-127.976319,55.699817],[-127.983204,55.716973],[-127.996174,55.726697],[-127.994777,55.736953],[-127.998776,55.747313],[-128.004464,55.752088],[-128.03161,55.74656],[-128.042696,55.748958],[-128.049343,55.75416],[-128.055624,55.756639],[-128.071767,55.759576],[-128.087776,55.770187],[-128.095328,55.769341],[-128.099532,55.76448],[-128.094598,55.749695],[-128.104765,55.731866],[-128.115139,55.721414],[-128.14688,55.727735],[-128.180186,55.727744],[-128.213871,55.740856],[-128.230012,55.758731],[-128.240629,55.767974],[-128.223895,55.78383],[-128.207584,55.796253],[-128.19325,55.810414],[-128.189508,55.822393],[-128.168896,55.829799],[-128.142892,55.846498],[-128.15602,55.863025],[-128.1885,55.870921],[-128.191682,55.878771],[-128.189062,55.910792],[-128.224275,55.932456],[-128.275392,55.936058],[-128.330954,55.914169],[-128.386918,55.914305],[-128.455185,55.928826],[-128.485569,55.944843],[-128.475207,55.967469],[-128.439299,56.002958],[-128.364645,56.003184],[-128.36878,56.009037],[-128.391545,56.027759],[-128.405762,56.035274],[-128.416073,56.039749],[-128.452809,56.052852],[-128.511448,56.076763],[-128.51564,56.079787],[-128.522584,56.08373],[-128.53626,56.081489],[-128.546933,56.081587],[-128.554486,56.079454],[-128.556621,56.07455],[-128.554379,56.068486],[-128.554318,56.0601],[-128.555158,56.059734],[-128.555312,56.054533],[-128.561462,56.052719],[-128.604135,56.02126],[-128.618187,56.012901],[-128.627783,55.993977],[-128.665179,55.964879],[-128.658667,55.947362],[-128.688184,55.944017],[-128.70786,55.952741],[-128.716689,55.950499],[-128.700218,55.938125],[-128.701067,55.931343],[-128.706677,55.926138],[-128.715367,55.92378],[-128.723788,55.926742],[-128.723812,55.919265],[-128.73043,55.906877],[-128.724083,55.894773],[-128.711132,55.8846],[-128.711563,55.878967],[-128.719314,55.879604],[-128.732949,55.89153],[-128.737452,55.89087],[-128.736238,55.883849],[-128.751149,55.883844],[-128.753838,55.876381],[-128.745622,55.867954],[-128.750551,55.864646],[-128.760928,55.866805],[-128.779776,55.874813],[-128.789238,55.861863],[-128.788971,55.861612],[-128.793799,55.855444],[-128.779758,55.843871],[-128.759734,55.825202],[-128.755289,55.815339],[-128.743137,55.809165],[-128.718864,55.794016],[-128.698648,55.782024],[-128.663815,55.762489],[-128.65416,55.753803],[-128.652857,55.753345],[-128.645305,55.746333],[-128.624167,55.734462],[-128.616813,55.726942],[-128.583937,55.727075],[-128.557459,55.725187],[-128.530186,55.720221],[-128.510015,55.714563],[-128.496886,55.71299],[-128.481612,55.719985],[-128.463276,55.711333],[-128.444579,55.697759],[-128.425511,55.690877],[-128.403036,55.686169],[-128.398983,55.683505],[-128.392465,55.67603],[-128.387357,55.666002],[-128.388045,55.661976],[-128.390772,55.65843],[-128.391688,55.65118],[-128.39038,55.647854],[-128.388532,55.645191],[-128.383428,55.640905],[-128.374566,55.637982],[-128.36064,55.641716],[-128.353133,55.64287],[-128.346429,55.638552],[-128.34906,55.632024],[-128.349132,55.628607],[-128.286579,55.591485],[-128.277878,55.591548],[-128.266303,55.581637],[-128.261267,55.582214],[-128.250117,55.576138],[-128.217446,55.562527],[-128.203371,55.562375],[-128.201694,55.5593],[-128.197781,55.554619],[-128.191018,55.551795],[-128.180256,55.549973],[-128.174226,55.545],[-128.186743,55.531441],[-128.186019,55.521062],[-128.180519,55.510971],[-128.177751,55.494905],[-128.17171,55.488239],[-128.151855,55.474254],[-128.144142,55.470561],[-128.136319,55.46212],[-128.137328,55.459811],[-128.13878,55.453094],[-128.13335,55.441805],[-128.121336,55.431286],[-128.120345,55.427446],[-128.123475,55.421111],[-128.13403,55.417528],[-128.167449,55.42755]],[[-127.770835,55.129278],[-127.773029,55.12727],[-127.779358,55.12766],[-127.777655,55.129844],[-127.774817,55.135476],[-127.773766,55.139417],[-127.767825,55.138536],[-127.770835,55.129278]],[[-127.779428,55.12757],[-127.78046,55.126246],[-127.781921,55.126468],[-127.781043,55.127675],[-127.779428,55.12757]]]},"properties":{"id":"59490161","boundaryCode":"59490161","boundaryName":"DA 59490161","boundarySource":"census","boundaryLevel":"bcDaSimplified","boundaryDetail":"medium","DAUID":"59490161","DGUID":"2021S051259490161","PRUID":"59","CDUID":"5949","CDNAME":"Kitimat-Stikine","CDTYPE":"RD","CSDUID":"5949028","CSDNAME":"Kitimat-Stikine B","CSDTYPE":"RDA","CTUID":null,"CTNAME":null,"parentCdId":"5949","parentCdName":"Kitimat-Stikine","parentCsdId":"5949028","parentCsdName":"Kitimat-Stikine B","parentCtId":null,"parentCtName":null,"LANDAREA":2870.317,"areaKm2":2926.23439899442},"id":57207},{"type":"Feature","geometry":{"type":"Polygon","coordinates":[[[-127.337743,55.045408],[-127.331536,55.045796],[-127.330644,55.03512],[-127.320317,55.03544],[-127.320681,55.03873],[-127.311067,55.038948],[-127.310264,55.036572],[-127.30668,55.035749],[-127.305625,55.035041],[-127.304382,55.033842],[-127.304671,55.031469],[-127.3056,55.030742],[-127.305664,55.029798],[-127.307883,55.026143],[-127.310501,55.025337],[-127.311652,55.024498],[-127.312269,55.023394],[-127.313209,55.023265],[-127.313724,55.022725],[-127.305977,55.022467],[-127.302744,55.000332],[-127.272539,55.000284],[-127.271644,55.007953],[-127.241538,55.006882],[-127.240132,55.000224],[-127.074605,55.00048],[-126.937219,55.00004],[-126.942981,55.007075],[-126.930086,55.0159],[-126.912865,55.025318],[-126.902256,55.025158],[-126.896128,55.031869],[-126.873492,55.034973],[-126.883096,55.049868],[-126.880019,55.059855],[-126.855262,55.064797],[-126.843472,55.075027],[-126.833974,55.076013],[-126.824308,55.073773],[-126.814182,55.072633],[-126.802643,55.072456],[-126.785154,55.07073],[-126.775994,55.070979],[-126.763001,55.069403],[-126.742944,55.064183],[-126.734954,55.06274],[-126.724725,55.063014],[-126.716173,55.064109],[-126.710068,55.069026],[-126.704828,55.075509],[-126.684045,55.086443],[-126.679077,55.08863],[-126.647642,55.100786],[-126.647446,55.111507],[-126.644718,55.12449],[-126.660851,55.122088],[-126.676742,55.121735],[-126.685621,55.124752],[-126.734962,55.16031],[-126.740636,55.172979],[-126.741492,55.178898],[-126.735998,55.194156],[-126.738592,55.203909],[-126.742021,55.207151],[-126.756199,55.211085],[-126.765808,55.220162],[-126.785483,55.22704],[-126.808069,55.22933],[-126.838094,55.221934],[-126.848803,55.231916],[-126.845353,55.240284],[-126.856192,55.249888],[-126.879988,55.268984],[-126.908017,55.265908],[-126.928358,55.268266],[-126.940791,55.274065],[-126.954003,55.282023],[-126.953664,55.28855],[-126.925658,55.293503],[-126.920323,55.295379],[-126.9052,55.297152],[-126.895802,55.299568],[-126.882922,55.303426],[-126.88144,55.304101],[-126.867788,55.302792],[-126.868223,55.310223],[-126.875047,55.31406],[-126.872575,55.334817],[-126.875579,55.34125],[-126.874851,55.342382],[-126.874324,55.346965],[-126.871188,55.352013],[-126.853404,55.360809],[-126.867471,55.364912],[-126.879355,55.366251],[-126.882662,55.368617],[-126.884927,55.368924],[-126.889221,55.368958],[-126.891376,55.369524],[-126.892184,55.371003],[-126.889382,55.375276],[-126.891669,55.380129],[-126.893803,55.381323],[-126.896068,55.381522],[-126.897742,55.380582],[-126.905818,55.377409],[-126.921792,55.381442],[-126.924234,55.385054],[-126.931204,55.386133],[-126.937421,55.38615],[-126.946394,55.382976],[-126.961104,55.378378],[-126.973437,55.378393],[-126.991195,55.383223],[-127.008504,55.382462],[-127.03186,55.385872],[-127.033416,55.384397],[-127.03799,55.377714],[-127.046651,55.375508],[-127.063396,55.383069],[-127.060721,55.390266],[-127.063025,55.396059],[-127.072049,55.397596],[-127.089773,55.405334],[-127.108104,55.416916],[-127.128445,55.430919],[-127.142996,55.442741],[-127.162212,55.455296],[-127.172622,55.462598],[-127.181373,55.465553],[-127.215068,55.473514],[-127.21682,55.473606],[-127.218448,55.475071],[-127.230297,55.475711],[-127.240541,55.475528],[-127.24701,55.472541],[-127.257251,55.473928],[-127.266682,55.483333],[-127.273225,55.488584],[-127.278505,55.49488],[-127.293033,55.500113],[-127.295397,55.505654],[-127.300187,55.512125],[-127.309233,55.51357],[-127.318747,55.514428],[-127.328151,55.514633],[-127.333579,55.516213],[-127.335372,55.514438],[-127.337864,55.514645],[-127.34664,55.51141],[-127.356165,55.509512],[-127.369553,55.511098],[-127.378957,55.511299],[-127.395054,55.510913],[-127.401814,55.503156],[-127.403458,55.498523],[-127.415601,55.494011],[-127.429037,55.494536],[-127.448921,55.49974],[-127.451539,55.503705],[-127.458424,55.509299],[-127.459436,55.514543],[-127.456589,55.520134],[-127.458775,55.524255],[-127.458543,55.527845],[-127.458978,55.529126],[-127.454113,55.532848],[-127.457719,55.537569],[-127.469105,55.539907],[-127.494902,55.540956],[-127.494935,55.539646],[-127.506551,55.54236],[-127.533388,55.55003],[-127.544679,55.557991],[-127.568862,55.577941],[-127.58064,55.592874],[-127.590888,55.601573],[-127.627358,55.623704],[-127.652813,55.638499],[-127.655592,55.643569],[-127.657561,55.649418],[-127.656628,55.661664],[-127.656983,55.67393],[-127.664115,55.685451],[-127.681402,55.69267],[-127.685673,55.691614],[-127.69044,55.689786],[-127.697591,55.689076],[-127.702748,55.687026],[-127.709116,55.685869],[-127.725371,55.679039],[-127.728923,55.676325],[-127.730883,55.673613],[-127.731651,55.670007],[-127.732799,55.667305],[-127.733161,55.663027],[-127.746565,55.65081],[-127.748905,55.647191],[-127.755619,55.641749],[-127.756383,55.639503],[-127.755177,55.636804],[-127.755528,55.632752],[-127.761411,55.624625],[-127.761778,55.621456],[-127.757002,55.618781],[-127.749068,55.61723],[-127.739164,55.616796],[-127.734409,55.615912],[-127.730429,55.614578],[-127.725641,55.611442],[-127.724828,55.608504],[-127.72872,55.600161],[-127.730127,55.595404],[-127.729616,55.594727],[-127.730486,55.594622],[-127.732596,55.590014],[-127.732943,55.584393],[-127.731518,55.576511],[-127.73027,55.574954],[-127.729826,55.571014],[-127.728966,55.568677],[-127.724804,55.563997],[-127.721977,55.562188],[-127.720707,55.560755],[-127.718676,55.560312],[-127.718632,55.559727],[-127.719352,55.559295],[-127.693451,55.541632],[-127.693669,55.541257],[-127.694887,55.540857],[-127.695118,55.540113],[-127.702488,55.53959],[-127.703693,55.538623],[-127.706427,55.537888],[-127.706439,55.536064],[-127.707427,55.534933],[-127.70755,55.534089],[-127.708629,55.533562],[-127.706516,55.529388],[-127.705951,55.527297],[-127.705563,55.52705],[-127.704505,55.527434],[-127.70348,55.527289],[-127.700194,55.524594],[-127.698011,55.524031],[-127.695231,55.52233],[-127.695012,55.521771],[-127.692662,55.522887],[-127.689148,55.52187],[-127.687574,55.519669],[-127.689293,55.518951],[-127.687332,55.517887],[-127.686586,55.516046],[-127.683936,55.514778],[-127.68315,55.513179],[-127.676137,55.509796],[-127.675241,55.509598],[-127.673379,55.509865],[-127.670576,55.509385],[-127.665993,55.5077],[-127.665024,55.506872],[-127.663619,55.506757],[-127.66238,55.505926],[-127.661525,55.505926],[-127.658484,55.507807],[-127.659363,55.508984],[-127.657889,55.510406],[-127.65719,55.510947],[-127.655638,55.510939],[-127.655571,55.51012],[-127.656669,55.508577],[-127.657775,55.505381],[-127.65477,55.501574],[-127.650054,55.498251],[-127.646803,55.496571],[-127.646123,55.496572],[-127.645064,55.49745],[-127.643685,55.497021],[-127.643588,55.496634],[-127.644487,55.49579],[-127.644099,55.495112],[-127.641358,55.49518],[-127.640075,55.494285],[-127.636579,55.493294],[-127.630832,55.487874],[-127.630324,55.486996],[-127.627903,55.485621],[-127.624221,55.484547],[-127.622619,55.483747],[-127.616668,55.478809],[-127.613678,55.472457],[-127.613051,55.466007],[-127.611707,55.464617],[-127.611155,55.462337],[-127.609158,55.460202],[-127.609254,55.458819],[-127.610289,55.457276],[-127.610156,55.456574],[-127.608688,55.454688],[-127.606004,55.455017],[-127.60468,55.453546],[-127.603117,55.453025],[-127.601105,55.451798],[-127.595445,55.445083],[-127.595167,55.443561],[-127.597658,55.431295],[-127.599125,55.428239],[-127.599521,55.425988],[-127.600563,55.424229],[-127.602492,55.422391],[-127.603163,55.419945],[-127.602499,55.411005],[-127.604356,55.40806],[-127.604538,55.40471],[-127.605306,55.403084],[-127.606407,55.401865],[-127.610224,55.399743],[-127.615448,55.398023],[-127.624037,55.390337],[-127.625053,55.387895],[-127.626546,55.386267],[-127.628622,55.385122],[-127.633407,55.383253],[-127.634942,55.381311],[-127.636348,55.37668],[-127.636761,55.37016],[-127.639453,55.367153],[-127.639738,55.365727],[-127.63774,55.359585],[-127.633056,55.351371],[-127.632147,55.347527],[-127.634882,55.346119],[-127.637143,55.347093],[-127.640521,55.347754],[-127.646627,55.34783],[-127.6498,55.347315],[-127.653432,55.346259],[-127.657654,55.34408],[-127.657259,55.334186],[-127.686494,55.333557],[-127.690917,55.332964],[-127.690689,55.32922],[-127.686973,55.326168],[-127.686267,55.322337],[-127.685546,55.324353],[-127.680345,55.324439],[-127.678345,55.323158],[-127.677464,55.322151],[-127.677168,55.320198],[-127.667798,55.308215],[-127.667491,55.305641],[-127.669611,55.30296],[-127.673649,55.300452],[-127.678006,55.299294],[-127.685206,55.299201],[-127.686664,55.298948],[-127.68832,55.297455],[-127.690345,55.29405],[-127.693449,55.293558],[-127.693806,55.291839],[-127.697938,55.288424],[-127.693182,55.288827],[-127.687424,55.290095],[-127.670232,55.288476],[-127.670716,55.288004],[-127.652648,55.288313],[-127.653382,55.272368],[-127.641583,55.272772],[-127.64144,55.257677],[-127.628649,55.2575],[-127.628282,55.252619],[-127.620087,55.255009],[-127.615218,55.256932],[-127.612868,55.257253],[-127.609296,55.255179],[-127.609607,55.254804],[-127.609041,55.25434],[-127.605772,55.254249],[-127.603319,55.255101],[-127.602901,55.255797],[-127.603903,55.256402],[-127.604199,55.257807],[-127.603661,55.258762],[-127.603855,55.25952],[-127.602302,55.260356],[-127.603885,55.263439],[-127.603254,55.264077],[-127.601337,55.264698],[-127.597122,55.264859],[-127.59295,55.265608],[-127.588186,55.265631],[-127.58653,55.265294],[-127.584865,55.26429],[-127.582606,55.263901],[-127.580537,55.262911],[-127.578276,55.262884],[-127.577309,55.261861],[-127.578731,55.260565],[-127.577243,55.259379],[-127.575549,55.25895],[-127.570512,55.258361],[-127.567003,55.258554],[-127.563884,55.259174],[-127.562939,55.258949],[-127.559484,55.259019],[-127.557942,55.259527],[-127.555632,55.261461],[-127.554316,55.262066],[-127.55114,55.262649],[-127.547022,55.265042],[-127.543907,55.266367],[-127.541776,55.2668],[-127.536576,55.269218],[-127.537032,55.263661],[-127.542892,55.245026],[-127.477858,55.220354],[-127.473968,55.217628],[-127.472504,55.215793],[-127.47055,55.211704],[-127.468836,55.210408],[-127.466165,55.209923],[-127.440002,55.210815],[-127.437432,55.210401],[-127.435919,55.209518],[-127.434481,55.207617],[-127.431649,55.205974],[-127.410157,55.197615],[-127.407169,55.195996],[-127.404591,55.194218],[-127.392128,55.183134],[-127.390312,55.180332],[-127.387221,55.177515],[-127.385857,55.174473],[-127.382082,55.17051],[-127.381514,55.168867],[-127.382375,55.158209],[-127.382722,55.107292],[-127.381471,55.10568],[-127.378843,55.103724],[-127.37086,55.101494],[-127.348677,55.089341],[-127.346901,55.08768],[-127.346473,55.086512],[-127.346627,55.074216],[-127.347151,55.071435],[-127.349836,55.064965],[-127.349845,55.063966],[-127.348106,55.059024],[-127.337743,55.045408]]]},"properties":{"id":"59490172","boundaryCode":"59490172","boundaryName":"DA 59490172","boundarySource":"census","boundaryLevel":"bcDaSimplified","boundaryDetail":"medium","DAUID":"59490172","DGUID":"2021S051259490172","PRUID":"59","CDUID":"5949","CDNAME":"Kitimat-Stikine","CDTYPE":"RD","CSDUID":"5949028","CSDNAME":"Kitimat-Stikine B","CSDTYPE":"RDA","CTUID":null,"CTNAME":null,"parentCdId":"5949","parentCdName":"Kitimat-Stikine","parentCsdId":"5949028","parentCsdName":"Kitimat-Stikine B","parentCtId":null,"parentCtName":null,"LANDAREA":2350.7808,"areaKm2":2363.20899186079},"id":57216},{"type":"Feature","geometry":{"type":"Polygon","coordinates":[[[-127.690917,55.332964],[-127.686494,55.333557],[-127.657259,55.334186],[-127.657654,55.34408],[-127.656884,55.347612],[-127.657196,55.371506],[-127.661282,55.371587],[-127.664073,55.371208],[-127.667049,55.371393],[-127.670448,55.370244],[-127.672505,55.370066],[-127.684842,55.370094],[-127.70293,55.369065],[-127.710333,55.36956],[-127.70933,55.358178],[-127.709997,55.34579],[-127.709208,55.333546],[-127.690917,55.332964]]]},"properties":{"id":"59490174","boundaryCode":"59490174","boundaryName":"DA 59490174","boundarySource":"census","boundaryLevel":"bcDaSimplified","boundaryDetail":"medium","DAUID":"59490174","DGUID":"2021S051259490174","PRUID":"59","CDUID":"5949","CDNAME":"Kitimat-Stikine","CDTYPE":"RD","CSDUID":"5949813","CSDNAME":"Kispiox 1","CSDTYPE":"IRI","CTUID":null,"CTNAME":null,"parentCdId":"5949","parentCdName":"Kitimat-Stikine","parentCsdId":"5949813","parentCsdName":"Kispiox 1","parentCtId":null,"parentCtName":null,"LANDAREA":12.3069,"areaKm2":13.503655788644345},"id":57218},{"type":"Feature","geometry":{"type":"Polygon","coordinates":[[[-126.630254,55.316867],[-126.630112,55.31574],[-126.609619,55.316071],[-126.61192,55.330646],[-126.632849,55.33065],[-126.629677,55.328688],[-126.62926,55.327403],[-126.629369,55.322802],[-126.628232,55.321289],[-126.6281,55.320382],[-126.62836,55.316818],[-126.630254,55.316867]]]},"properties":{"id":"59510289","boundaryCode":"59510289","boundaryName":"DA 59510289","boundarySource":"census","boundaryLevel":"bcDaSimplified","boundaryDetail":"medium","DAUID":"59510289","DGUID":"2021S051259510289","PRUID":"59","CDUID":"5951","CDNAME":"Bulkley-Nechako","CDTYPE":"RD","CSDUID":"5951828","CSDNAME":"Babine 6","CSDTYPE":"IRI","CTUID":null,"CTNAME":null,"parentCdId":"5951","parentCdName":"Bulkley-Nechako","parentCsdId":"5951828","parentCsdName":"Babine 6","parentCtId":null,"parentCtName":null,"LANDAREA":1.8218,"areaKm2":1.9282816492164396},"id":57381},{"type":"Feature","geometry":{"type":"Polygon","coordinates":[[[-126.632849,55.33065],[-126.63347,55.331459],[-126.658413,55.331319],[-126.65906,55.317606],[-126.630254,55.316867],[-126.62836,55.316818],[-126.6281,55.320382],[-126.628232,55.321289],[-126.629369,55.322802],[-126.62926,55.327403],[-126.629677,55.328688],[-126.632849,55.33065]]]},"properties":{"id":"59510292","boundaryCode":"59510292","boundaryName":"DA 59510292","boundarySource":"census","boundaryLevel":"bcDaSimplified","boundaryDetail":"medium","DAUID":"59510292","DGUID":"2021S051259510292","PRUID":"59","CDUID":"5951","CDNAME":"Bulkley-Nechako","CDTYPE":"RD","CSDUID":"5951831","CSDNAME":"Babine 16","CSDTYPE":"IRI","CTUID":null,"CTNAME":null,"parentCdId":"5951","parentCdName":"Bulkley-Nechako","parentCsdId":"5951831","parentCsdName":"Babine 16","parentCtId":null,"parentCtName":null,"LANDAREA":2.802,"areaKm2":2.9253771324235793},"id":57383}]}