{"type":"FeatureCollection","features":[{"type":"Feature","geometry":{"type":"Polygon","coordinates":[[[-116.068986,50.617058],[-116.069455,50.619171],[-116.069319,50.623204],[-116.064179,50.623322],[-116.063909,50.627745],[-116.064601,50.629601],[-116.065107,50.633873],[-116.072197,50.633256],[-116.072416,50.637102],[-116.07519,50.637594],[-116.076963,50.637352],[-116.076621,50.640276],[-116.075515,50.640428],[-116.079912,50.649072],[-116.081269,50.647935],[-116.081831,50.646456],[-116.08889,50.642685],[-116.090959,50.642402],[-116.092624,50.640265],[-116.091865,50.639181],[-116.089833,50.637644],[-116.089628,50.63704],[-116.094718,50.637043],[-116.095828,50.622821],[-116.103801,50.622998],[-116.102544,50.6213],[-116.098082,50.62096],[-116.09599,50.620215],[-116.096082,50.619082],[-116.096995,50.617885],[-116.096375,50.617062],[-116.090927,50.617423],[-116.089078,50.615781],[-116.088404,50.614122],[-116.085767,50.613085],[-116.083898,50.611702],[-116.082731,50.611433],[-116.080537,50.61156],[-116.07741,50.61104],[-116.072813,50.609602],[-116.069505,50.609256],[-116.068986,50.617058]]]},"properties":{"id":"59010126","boundaryCode":"59010126","boundaryName":"DA 59010126","boundarySource":"census","boundaryLevel":"bcDaSimplified","boundaryDetail":"medium","DAUID":"59010126","DGUID":"2021S051259010126","PRUID":"59","CDUID":"5901","CDNAME":"East Kootenay","CDTYPE":"RD","CSDUID":"5901040","CSDNAME":"Radium Hot Springs","CSDTYPE":"VL","CTUID":null,"CTNAME":null,"parentCdId":"5901","parentCdName":"East Kootenay","parentCsdId":"5901040","parentCsdName":"Radium Hot Springs","parentCtId":null,"parentCtName":null,"LANDAREA":6.3379,"areaKm2":6.377270558561721},"id":49865},{"type":"Feature","geometry":{"type":"Polygon","coordinates":[[[-116.019655,50.516161],[-116.020084,50.517587],[-116.022141,50.518834],[-116.022561,50.519624],[-116.022084,50.520816],[-116.022948,50.522105],[-116.023201,50.523559],[-116.026857,50.526053],[-116.029412,50.52652],[-116.031172,50.530337],[-116.033428,50.531551],[-116.033115,50.531018],[-116.034373,50.530609],[-116.035586,50.529614],[-116.038032,50.529641],[-116.038654,50.529387],[-116.039625,50.527219],[-116.040883,50.52654],[-116.04204,50.525086],[-116.042859,50.522339],[-116.044567,50.521584],[-116.045402,50.520817],[-116.041646,50.519148],[-116.036956,50.517586],[-116.033498,50.517555],[-116.030903,50.517017],[-116.030249,50.517175],[-116.029773,50.516309],[-116.028275,50.513553],[-116.028613,50.511772],[-116.030278,50.51044],[-116.03037,50.508461],[-116.026577,50.508541],[-116.024615,50.504366],[-116.025171,50.504317],[-116.025258,50.503716],[-116.024248,50.503716],[-116.023342,50.502386],[-116.023751,50.501734],[-116.024814,50.501281],[-116.026205,50.501338],[-116.027147,50.502417],[-116.027322,50.501706],[-116.028064,50.501261],[-116.028028,50.501734],[-116.029286,50.501569],[-116.02974,50.501761],[-116.029814,50.500108],[-116.032402,50.500422],[-116.033755,50.498722],[-116.034186,50.49851],[-116.034861,50.499076],[-116.032865,50.49642],[-116.033826,50.496353],[-116.034088,50.495481],[-116.033044,50.494749],[-116.031723,50.494558],[-116.029801,50.494927],[-116.027646,50.494181],[-116.025564,50.496091],[-116.023239,50.495348],[-116.019648,50.49182],[-116.015657,50.491695],[-116.014814,50.49929],[-116.019629,50.509639],[-116.018874,50.514432],[-116.019655,50.516161]]]},"properties":{"id":"59010128","boundaryCode":"59010128","boundaryName":"DA 59010128","boundarySource":"census","boundaryLevel":"bcDaSimplified","boundaryDetail":"medium","DAUID":"59010128","DGUID":"2021S051259010128","PRUID":"59","CDUID":"5901","CDNAME":"East Kootenay","CDTYPE":"RD","CSDUID":"5901039","CSDNAME":"Invermere","CSDTYPE":"DM","CTUID":null,"CTNAME":null,"parentCdId":"5901","parentCdName":"East Kootenay","parentCsdId":"5901039","parentCsdName":"Invermere","parentCtId":null,"parentCtName":null,"LANDAREA":2.7777000000000003,"areaKm2":3.7884502847250507},"id":49866},{"type":"Feature","geometry":{"type":"Polygon","coordinates":[[[-116.029773,50.516309],[-116.03078,50.516124],[-116.0319,50.515349],[-116.032138,50.514773],[-116.034867,50.513526],[-116.035304,50.509269],[-116.037672,50.509297],[-116.037539,50.508478],[-116.035323,50.50845],[-116.032111,50.508414],[-116.032092,50.509151],[-116.03037,50.508461],[-116.030278,50.51044],[-116.028613,50.511772],[-116.028275,50.513553],[-116.029773,50.516309]]]},"properties":{"id":"59010129","boundaryCode":"59010129","boundaryName":"DA 59010129","boundarySource":"census","boundaryLevel":"bcDaSimplified","boundaryDetail":"medium","DAUID":"59010129","DGUID":"2021S051259010129","PRUID":"59","CDUID":"5901","CDNAME":"East Kootenay","CDTYPE":"RD","CSDUID":"5901039","CSDNAME":"Invermere","CSDTYPE":"DM","CTUID":null,"CTNAME":null,"parentCdId":"5901","parentCdName":"East Kootenay","parentCsdId":"5901039","parentCsdName":"Invermere","parentCtId":null,"parentCtName":null,"LANDAREA":0.3169,"areaKm2":0.31650852852424294},"id":49867},{"type":"Feature","geometry":{"type":"Polygon","coordinates":[[[-116.03037,50.508461],[-116.032092,50.509151],[-116.032111,50.508414],[-116.035323,50.50845],[-116.035381,50.505692],[-116.032179,50.505665],[-116.032402,50.500422],[-116.029814,50.500108],[-116.02974,50.501761],[-116.029286,50.501569],[-116.028028,50.501734],[-116.028064,50.501261],[-116.027322,50.501706],[-116.027147,50.502417],[-116.026205,50.501338],[-116.024814,50.501281],[-116.023751,50.501734],[-116.023342,50.502386],[-116.024248,50.503716],[-116.025258,50.503716],[-116.025171,50.504317],[-116.024615,50.504366],[-116.026577,50.508541],[-116.03037,50.508461]]]},"properties":{"id":"59010130","boundaryCode":"59010130","boundaryName":"DA 59010130","boundarySource":"census","boundaryLevel":"bcDaSimplified","boundaryDetail":"medium","DAUID":"59010130","DGUID":"2021S051259010130","PRUID":"59","CDUID":"5901","CDNAME":"East Kootenay","CDTYPE":"RD","CSDUID":"5901039","CSDNAME":"Invermere","CSDTYPE":"DM","CTUID":null,"CTNAME":null,"parentCdId":"5901","parentCdName":"East Kootenay","parentCsdId":"5901039","parentCsdName":"Invermere","parentCtId":null,"parentCtName":null,"LANDAREA":0.4965,"areaKm2":0.49587044733505686},"id":49868},{"type":"Feature","geometry":{"type":"Polygon","coordinates":[[[-116.032402,50.500422],[-116.032179,50.505665],[-116.035381,50.505692],[-116.035323,50.50845],[-116.037539,50.508478],[-116.037704,50.507916],[-116.037884,50.501585],[-116.03546,50.501574],[-116.034861,50.499076],[-116.034186,50.49851],[-116.033755,50.498722],[-116.032402,50.500422]]]},"properties":{"id":"59010131","boundaryCode":"59010131","boundaryName":"DA 59010131","boundarySource":"census","boundaryLevel":"bcDaSimplified","boundaryDetail":"medium","DAUID":"59010131","DGUID":"2021S051259010131","PRUID":"59","CDUID":"5901","CDNAME":"East Kootenay","CDTYPE":"RD","CSDUID":"5901039","CSDNAME":"Invermere","CSDTYPE":"DM","CTUID":null,"CTNAME":null,"parentCdId":"5901","parentCdName":"East Kootenay","parentCsdId":"5901039","parentCsdName":"Invermere","parentCtId":null,"parentCtName":null,"LANDAREA":0.2906,"areaKm2":0.29027911120300387},"id":49869},{"type":"Feature","geometry":{"type":"Polygon","coordinates":[[[-116.037704,50.507916],[-116.040065,50.507113],[-116.043618,50.507257],[-116.044586,50.507026],[-116.045025,50.505799],[-116.046459,50.504513],[-116.047252,50.503182],[-116.045167,50.502392],[-116.046998,50.5017],[-116.047702,50.500019],[-116.04597,50.495858],[-116.044338,50.494494],[-116.043907,50.494524],[-116.044363,50.495069],[-116.04409,50.495702],[-116.041393,50.495722],[-116.041311,50.498984],[-116.039621,50.498969],[-116.03966,50.499357],[-116.039237,50.49943],[-116.037938,50.499335],[-116.037884,50.501585],[-116.037704,50.507916]]]},"properties":{"id":"59010132","boundaryCode":"59010132","boundaryName":"DA 59010132","boundarySource":"census","boundaryLevel":"bcDaSimplified","boundaryDetail":"medium","DAUID":"59010132","DGUID":"2021S051259010132","PRUID":"59","CDUID":"5901","CDNAME":"East Kootenay","CDTYPE":"RD","CSDUID":"5901039","CSDNAME":"Invermere","CSDTYPE":"DM","CTUID":null,"CTNAME":null,"parentCdId":"5901","parentCdName":"East Kootenay","parentCsdId":"5901039","parentCsdName":"Invermere","parentCtId":null,"parentCtName":null,"LANDAREA":0.6979000000000001,"areaKm2":0.6970584996587611},"id":49870},{"type":"Feature","geometry":{"type":"Polygon","coordinates":[[[-116.034861,50.499076],[-116.03546,50.501574],[-116.037884,50.501585],[-116.037938,50.499335],[-116.039237,50.49943],[-116.03966,50.499357],[-116.039621,50.498969],[-116.041311,50.498984],[-116.041393,50.495722],[-116.04409,50.495702],[-116.044363,50.495069],[-116.043907,50.494524],[-116.044338,50.494494],[-116.04597,50.495858],[-116.047702,50.500019],[-116.046998,50.5017],[-116.045167,50.502392],[-116.047252,50.503182],[-116.046459,50.504513],[-116.045025,50.505799],[-116.044586,50.507026],[-116.043618,50.507257],[-116.040065,50.507113],[-116.037704,50.507916],[-116.037539,50.508478],[-116.037672,50.509297],[-116.035304,50.509269],[-116.034867,50.513526],[-116.032138,50.514773],[-116.0319,50.515349],[-116.03078,50.516124],[-116.029773,50.516309],[-116.030249,50.517175],[-116.030903,50.517017],[-116.033498,50.517555],[-116.036956,50.517586],[-116.041646,50.519148],[-116.045402,50.520817],[-116.046025,50.519816],[-116.046365,50.515161],[-116.046959,50.513487],[-116.044981,50.510669],[-116.044753,50.509569],[-116.046311,50.50839],[-116.046425,50.505895],[-116.048748,50.504573],[-116.05036,50.501752],[-116.052223,50.501878],[-116.053407,50.501413],[-116.054267,50.501527],[-116.055131,50.502874],[-116.057581,50.50355],[-116.058938,50.50428],[-116.056526,50.500008],[-116.057123,50.488518],[-116.050885,50.489282],[-116.05046,50.486081],[-116.049128,50.485469],[-116.051102,50.485965],[-116.049164,50.472953],[-116.037635,50.472498],[-116.037374,50.475605],[-116.02812,50.475173],[-116.027273,50.477948],[-116.028782,50.480844],[-116.022553,50.481038],[-116.022805,50.482646],[-116.021427,50.484353],[-116.021156,50.485919],[-116.022,50.487228],[-116.027707,50.491699],[-116.028023,50.493495],[-116.027646,50.494181],[-116.029801,50.494927],[-116.031723,50.494558],[-116.033044,50.494749],[-116.034088,50.495481],[-116.033826,50.496353],[-116.032865,50.49642],[-116.034861,50.499076]]]},"properties":{"id":"59010133","boundaryCode":"59010133","boundaryName":"DA 59010133","boundarySource":"census","boundaryLevel":"bcDaSimplified","boundaryDetail":"medium","DAUID":"59010133","DGUID":"2021S051259010133","PRUID":"59","CDUID":"5901","CDNAME":"East Kootenay","CDTYPE":"RD","CSDUID":"5901039","CSDNAME":"Invermere","CSDTYPE":"DM","CTUID":null,"CTNAME":null,"parentCdId":"5901","parentCdName":"East Kootenay","parentCsdId":"5901039","parentCsdName":"Invermere","parentCtId":null,"parentCtName":null,"LANDAREA":6.1685,"areaKm2":6.488697533908369},"id":49871},{"type":"Feature","geometry":{"type":"Polygon","coordinates":[[[-115.951515,50.461709],[-115.948679,50.463223],[-115.948011,50.46549],[-115.94602,50.467038],[-115.944055,50.469228],[-115.943942,50.470511],[-115.944787,50.471854],[-115.944629,50.473904],[-115.947047,50.47865],[-115.951341,50.481256],[-115.95056,50.481425],[-115.952036,50.482021],[-115.952298,50.481774],[-115.953066,50.482266],[-115.957438,50.485795],[-115.961042,50.487407],[-115.964877,50.492494],[-115.966108,50.492708],[-115.968223,50.49234],[-115.974426,50.492422],[-115.986644,50.490927],[-115.98915,50.484829],[-115.988786,50.482196],[-115.985189,50.473688],[-115.984088,50.47183],[-115.982754,50.470535],[-115.983312,50.468778],[-115.984421,50.468082],[-115.989424,50.4681],[-115.990733,50.468546],[-115.990962,50.467726],[-115.990507,50.467309],[-115.989014,50.467078],[-115.988722,50.466544],[-115.990547,50.466029],[-115.992261,50.46649],[-115.990993,50.463895],[-115.989243,50.464318],[-115.987344,50.460801],[-115.986734,50.458792],[-115.983765,50.455988],[-115.981974,50.456261],[-115.976218,50.459608],[-115.975082,50.458864],[-115.974784,50.458085],[-115.975172,50.457113],[-115.979341,50.456039],[-115.979319,50.454766],[-115.970697,50.454634],[-115.97141,50.461137],[-115.971054,50.461498],[-115.969493,50.461695],[-115.956734,50.46152],[-115.951515,50.461709]]]},"properties":{"id":"59010135","boundaryCode":"59010135","boundaryName":"DA 59010135","boundarySource":"census","boundaryLevel":"bcDaSimplified","boundaryDetail":"medium","DAUID":"59010135","DGUID":"2021S051259010135","PRUID":"59","CDUID":"5901","CDNAME":"East Kootenay","CDTYPE":"RD","CSDUID":"5901046","CSDNAME":"East Kootenay F","CSDTYPE":"RDA","CTUID":null,"CTNAME":null,"parentCdId":"5901","parentCdName":"East Kootenay","parentCsdId":"5901046","parentCsdName":"East Kootenay F","parentCtId":null,"parentCtName":null,"LANDAREA":9.4131,"areaKm2":9.40123367983391},"id":49872},{"type":"Feature","geometry":{"type":"Polygon","coordinates":[[[-115.979319,50.454766],[-115.984257,50.454309],[-115.98393,50.453416],[-115.984145,50.451882],[-115.983158,50.451259],[-115.981614,50.451076],[-115.979052,50.44965],[-115.977426,50.449302],[-115.977311,50.448672],[-115.972017,50.445387],[-115.967308,50.44174],[-115.963964,50.440712],[-115.959851,50.436232],[-115.954558,50.431688],[-115.95039,50.429788],[-115.948374,50.428008],[-115.946399,50.426937],[-115.945057,50.427078],[-115.944095,50.426665],[-115.943892,50.426284],[-115.945872,50.426555],[-115.943067,50.42482],[-115.94166,50.42354],[-115.939758,50.422973],[-115.938617,50.42174],[-115.937079,50.421267],[-115.936042,50.422311],[-115.935351,50.422322],[-115.934911,50.421913],[-115.936132,50.420827],[-115.935804,50.420392],[-115.932973,50.419116],[-115.930546,50.417493],[-115.929292,50.417617],[-115.929603,50.416963],[-115.92747,50.414785],[-115.927288,50.414082],[-115.926371,50.413579],[-115.926723,50.412934],[-115.925962,50.41174],[-115.924996,50.410813],[-115.923537,50.411305],[-115.923891,50.410605],[-115.922982,50.409742],[-115.92371,50.409291],[-115.924435,50.407651],[-115.925093,50.407171],[-115.928471,50.406565],[-115.929797,50.407107],[-115.931469,50.407132],[-115.933691,50.407916],[-115.935819,50.407757],[-115.93454,50.406368],[-115.929204,50.403441],[-115.927872,50.403151],[-115.925842,50.403527],[-115.921186,50.403117],[-115.918869,50.401989],[-115.91601,50.401913],[-115.913613,50.401499],[-115.911007,50.399828],[-115.90798,50.399279],[-115.908288,50.397491],[-115.909219,50.396753],[-115.907872,50.395392],[-115.907789,50.394828],[-115.909136,50.393344],[-115.909781,50.391574],[-115.909487,50.390968],[-115.910063,50.390458],[-115.911752,50.389933],[-115.911761,50.388517],[-115.909145,50.386169],[-115.907724,50.385898],[-115.906125,50.386043],[-115.903783,50.385374],[-115.903463,50.38395],[-115.902095,50.382319],[-115.899601,50.382179],[-115.897975,50.382883],[-115.896463,50.382271],[-115.892393,50.378409],[-115.893296,50.376578],[-115.893221,50.375444],[-115.894461,50.375533],[-115.896259,50.374372],[-115.898443,50.374285],[-115.899534,50.373864],[-115.901105,50.372258],[-115.902168,50.370021],[-115.901249,50.368447],[-115.89842,50.366144],[-115.897416,50.366388],[-115.89679,50.365436],[-115.895542,50.365085],[-115.896393,50.364093],[-115.89313,50.360375],[-115.888238,50.358394],[-115.884758,50.358136],[-115.882229,50.357447],[-115.879839,50.357397],[-115.878403,50.35687],[-115.876767,50.35769],[-115.876837,50.358986],[-115.87523,50.35915],[-115.875018,50.358033],[-115.873384,50.357586],[-115.873645,50.356572],[-115.87171,50.35577],[-115.86143,50.356475],[-115.859658,50.355823],[-115.857421,50.355761],[-115.858183,50.361939],[-115.86046,50.367],[-115.858493,50.395639],[-115.891785,50.396179],[-115.895047,50.435726],[-115.896859,50.452499],[-115.919526,50.454834],[-115.930428,50.446963],[-115.948105,50.447085],[-115.947672,50.455357],[-115.946788,50.462116],[-115.951515,50.461709],[-115.956734,50.46152],[-115.969493,50.461695],[-115.971054,50.461498],[-115.97141,50.461137],[-115.970697,50.454634],[-115.979319,50.454766]]]},"properties":{"id":"59010136","boundaryCode":"59010136","boundaryName":"DA 59010136","boundarySource":"census","boundaryLevel":"bcDaSimplified","boundaryDetail":"medium","DAUID":"59010136","DGUID":"2021S051259010136","PRUID":"59","CDUID":"5901","CDNAME":"East Kootenay","CDTYPE":"RD","CSDUID":"5901804","CSDNAME":"Columbia Lake 3","CSDTYPE":"IRI","CTUID":null,"CTNAME":null,"parentCdId":"5901","parentCdName":"East Kootenay","parentCsdId":"5901804","parentCsdName":"Columbia Lake 3","parentCtId":null,"parentCtName":null,"LANDAREA":36.0165,"areaKm2":36.1473873502577},"id":49873},{"type":"Feature","geometry":{"type":"Polygon","coordinates":[[[-115.89313,50.360375],[-115.892737,50.35957],[-115.88905,50.357898],[-115.886785,50.354432],[-115.885873,50.354279],[-115.884462,50.354527],[-115.883257,50.353751],[-115.880627,50.353559],[-115.875195,50.349394],[-115.873478,50.348883],[-115.872926,50.346764],[-115.87161,50.345943],[-115.871832,50.345107],[-115.870978,50.343928],[-115.870486,50.341837],[-115.870234,50.342168],[-115.870585,50.340179],[-115.871418,50.339752],[-115.871417,50.339415],[-115.870875,50.339279],[-115.871462,50.338639],[-115.869698,50.337588],[-115.869493,50.335835],[-115.868545,50.336392],[-115.868188,50.337407],[-115.867442,50.337711],[-115.866941,50.337265],[-115.867256,50.335875],[-115.866371,50.335102],[-115.866779,50.334872],[-115.868698,50.334996],[-115.869107,50.334758],[-115.868434,50.334062],[-115.868516,50.333528],[-115.86958,50.332904],[-115.869459,50.331079],[-115.870112,50.330515],[-115.870416,50.330603],[-115.870504,50.331479],[-115.871105,50.331661],[-115.871465,50.330731],[-115.870583,50.329338],[-115.869345,50.328602],[-115.867562,50.328069],[-115.867789,50.327434],[-115.869394,50.327125],[-115.868963,50.326114],[-115.86855,50.325878],[-115.866584,50.326103],[-115.86618,50.325826],[-115.868572,50.324092],[-115.86734,50.323548],[-115.866844,50.323699],[-115.866883,50.324268],[-115.866382,50.324522],[-115.86482,50.324307],[-115.864155,50.323821],[-115.863093,50.322455],[-115.863287,50.320802],[-115.862197,50.320833],[-115.862579,50.321779],[-115.862061,50.321908],[-115.860685,50.320887],[-115.860031,50.319845],[-115.86108,50.318665],[-115.859046,50.317035],[-115.859956,50.316023],[-115.859651,50.315272],[-115.858332,50.31441],[-115.857801,50.313508],[-115.856472,50.313159],[-115.856051,50.316597],[-115.856162,50.314973],[-115.855327,50.314272],[-115.855807,50.313218],[-115.855807,50.311487],[-115.856748,50.310001],[-115.856486,50.309035],[-115.854723,50.308155],[-115.854435,50.307497],[-115.853321,50.307388],[-115.851726,50.306176],[-115.851383,50.305232],[-115.848154,50.301937],[-115.846582,50.298542],[-115.846291,50.296518],[-115.847575,50.294194],[-115.849309,50.292254],[-115.841503,50.292384],[-115.844959,50.308069],[-115.842012,50.315133],[-115.816976,50.314728],[-115.816447,50.348099],[-115.847076,50.347792],[-115.846683,50.362142],[-115.858183,50.361939],[-115.857421,50.355761],[-115.859658,50.355823],[-115.86143,50.356475],[-115.87171,50.35577],[-115.873645,50.356572],[-115.873384,50.357586],[-115.875018,50.358033],[-115.87523,50.35915],[-115.876837,50.358986],[-115.876767,50.35769],[-115.878403,50.35687],[-115.879839,50.357397],[-115.882229,50.357447],[-115.884758,50.358136],[-115.888238,50.358394],[-115.89313,50.360375]]]},"properties":{"id":"59010137","boundaryCode":"59010137","boundaryName":"DA 59010137","boundarySource":"census","boundaryLevel":"bcDaSimplified","boundaryDetail":"medium","DAUID":"59010137","DGUID":"2021S051259010137","PRUID":"59","CDUID":"5901","CDNAME":"East Kootenay","CDTYPE":"RD","CSDUID":"5901046","CSDNAME":"East Kootenay F","CSDTYPE":"RDA","CTUID":null,"CTNAME":null,"parentCdId":"5901","parentCdName":"East Kootenay","parentCsdId":"5901046","parentCsdName":"East Kootenay F","parentCtId":null,"parentCtName":null,"LANDAREA":17.3956,"areaKm2":17.484620611063633},"id":49874},{"type":"Feature","geometry":{"type":"Polygon","coordinates":[[[-115.80078,50.147841],[-115.792106,50.151305],[-115.787893,50.150799],[-115.786353,50.151008],[-115.786006,50.153207],[-115.784881,50.15385],[-115.78335,50.153671],[-115.783769,50.161578],[-115.790234,50.161819],[-115.802315,50.161179],[-115.80469,50.163178],[-115.807692,50.164727],[-115.807351,50.183412],[-115.815354,50.184245],[-115.816369,50.192715],[-115.825952,50.193583],[-115.834417,50.189241],[-115.850226,50.170361],[-115.854309,50.170434],[-115.859531,50.170415],[-115.860569,50.165557],[-115.852011,50.165195],[-115.847722,50.164414],[-115.842898,50.15804],[-115.837342,50.153825],[-115.830464,50.14969],[-115.82592,50.146308],[-115.826777,50.145199],[-115.826629,50.144508],[-115.82344,50.141976],[-115.819711,50.136153],[-115.817286,50.138045],[-115.808076,50.143007],[-115.80078,50.147841]]]},"properties":{"id":"59010139","boundaryCode":"59010139","boundaryName":"DA 59010139","boundarySource":"census","boundaryLevel":"bcDaSimplified","boundaryDetail":"medium","DAUID":"59010139","DGUID":"2021S051259010139","PRUID":"59","CDUID":"5901","CDNAME":"East Kootenay","CDTYPE":"RD","CSDUID":"5901043","CSDNAME":"Canal Flats","CSDTYPE":"VL","CTUID":null,"CTNAME":null,"parentCdId":"5901","parentCdName":"East Kootenay","parentCsdId":"5901043","parentCsdName":"Canal Flats","parentCtId":null,"parentCtName":null,"LANDAREA":11.0663,"areaKm2":15.476640111566134},"id":49875},{"type":"Feature","geometry":{"type":"Polygon","coordinates":[[[-116.652337,50.420231],[-116.644582,50.412407],[-116.637403,50.395729],[-116.631573,50.390394],[-116.63507,50.378544],[-116.62628,50.365216],[-116.613815,50.350185],[-116.622806,50.34503],[-116.624884,50.338385],[-116.622024,50.33456],[-116.623002,50.327441],[-116.615423,50.323077],[-116.6182,50.317519],[-116.608862,50.314125],[-116.602126,50.311065],[-116.590889,50.308423],[-116.578557,50.310895],[-116.559443,50.317683],[-116.540809,50.319006],[-116.541861,50.311363],[-116.545056,50.300875],[-116.55497,50.283494],[-116.549475,50.264689],[-116.549827,50.248723],[-116.554293,50.236364],[-116.556655,50.222606],[-116.556824,50.212883],[-116.547495,50.205645],[-116.525722,50.204315],[-116.500347,50.197913],[-116.490532,50.190898],[-116.487981,50.181693],[-116.488855,50.173532],[-116.482516,50.167867],[-116.481357,50.167728],[-116.475641,50.159477],[-116.46406,50.155797],[-116.458544,50.157301],[-116.453624,50.155015],[-116.452475,50.142258],[-116.449933,50.133464],[-116.45215,50.12422],[-116.459182,50.117795],[-116.467333,50.115162],[-116.480125,50.114705],[-116.482617,50.1069],[-116.495182,50.093797],[-116.498273,50.056187],[-116.483,50.04678],[-116.47145,50.037917],[-116.466747,50.020451],[-116.469157,50.013535],[-116.465834,50.001437],[-116.442087,49.987766],[-116.443129,49.979293],[-116.426799,49.963534],[-116.408479,49.944044],[-116.398553,49.936617],[-116.355673,49.934868],[-116.334366,49.931268],[-116.321777,49.923358],[-116.314101,49.925685],[-116.310162,49.926829],[-116.302452,49.925564],[-116.295599,49.93669],[-116.293316,49.939039],[-116.288147,49.942235],[-116.275628,49.9432],[-116.273721,49.944621],[-116.273812,49.948287],[-116.269845,49.957163],[-116.266279,49.959015],[-116.25215,49.962471],[-116.248572,49.96375],[-116.243608,49.969193],[-116.241309,49.980226],[-116.241685,49.987047],[-116.239757,49.99389],[-116.240137,49.999903],[-116.236415,50.001794],[-116.222865,50.004514],[-116.215072,50.005505],[-116.208491,50.006755],[-116.198969,50.006926],[-116.189204,50.006699],[-116.177054,50.004557],[-116.162407,50.003925],[-116.157786,50.004663],[-116.145356,50.018026],[-116.136895,50.021601],[-116.124466,50.020444],[-116.113005,50.020303],[-116.105744,50.026328],[-116.092732,50.028369],[-116.080754,50.028242],[-116.067326,50.023654],[-116.041147,50.00878],[-116.023083,50.007061],[-116.016964,50.012624],[-116.016126,50.015627],[-115.998127,50.022394],[-115.993966,50.018426],[-115.99155,50.014019],[-115.977763,50.01154],[-115.975109,50.017226],[-115.978438,50.036744],[-115.975212,50.04009],[-115.969339,50.044481],[-115.960834,50.047245],[-115.946115,50.044347],[-115.934636,50.048375],[-115.92892,50.055633],[-115.931209,50.061339],[-115.927516,50.064256],[-115.924858,50.070837],[-115.92357,50.076674],[-115.923861,50.082106],[-115.922681,50.087128],[-115.90868,50.0872],[-115.898877,50.090115],[-115.879322,50.084163],[-115.871662,50.078686],[-115.855794,50.073745],[-115.852887,50.065101],[-115.85323,50.058757],[-115.862867,50.041842],[-115.870346,50.037207],[-115.876245,50.032971],[-115.872332,50.025143],[-115.861862,50.018321],[-115.862059,50.013979],[-115.855825,50.008145],[-115.850109,50.00375],[-115.848781,50.000214],[-115.846152,49.999154],[-115.797002,49.999489],[-115.75858,50.000294],[-115.75367,50.010902],[-115.752735,50.014392],[-115.752435,50.017545],[-115.752383,50.047553],[-115.757284,50.098375],[-115.757825,50.100862],[-115.758795,50.103241],[-115.761361,50.106944],[-115.80078,50.147841],[-115.808076,50.143007],[-115.817286,50.138045],[-115.819711,50.136153],[-115.82344,50.141976],[-115.826629,50.144508],[-115.826777,50.145199],[-115.82592,50.146308],[-115.830464,50.14969],[-115.837342,50.153825],[-115.842898,50.15804],[-115.847722,50.164414],[-115.852011,50.165195],[-115.860569,50.165557],[-115.859531,50.170415],[-115.854309,50.170434],[-115.855289,50.172073],[-115.855721,50.173912],[-115.855786,50.185732],[-115.85663,50.187414],[-115.861379,50.193543],[-115.862055,50.195153],[-115.873691,50.231834],[-115.874905,50.241931],[-115.882203,50.252547],[-115.882811,50.253951],[-115.882564,50.260319],[-115.885719,50.266612],[-115.890685,50.282356],[-115.890259,50.2844],[-115.888258,50.287647],[-115.888399,50.289537],[-115.890666,50.295538],[-115.892687,50.298661],[-115.894621,50.300964],[-115.900955,50.30668],[-115.901696,50.308165],[-115.900885,50.310077],[-115.899879,50.310799],[-115.897584,50.311631],[-115.895676,50.311774],[-115.892857,50.310902],[-115.891417,50.310851],[-115.879876,50.313439],[-115.87672,50.314418],[-115.87236,50.316791],[-115.864155,50.323821],[-115.86482,50.324307],[-115.866382,50.324522],[-115.866883,50.324268],[-115.866844,50.323699],[-115.86734,50.323548],[-115.868572,50.324092],[-115.86618,50.325826],[-115.866584,50.326103],[-115.86855,50.325878],[-115.868963,50.326114],[-115.869394,50.327125],[-115.867789,50.327434],[-115.867562,50.328069],[-115.869345,50.328602],[-115.870583,50.329338],[-115.871465,50.330731],[-115.871105,50.331661],[-115.870504,50.331479],[-115.870416,50.330603],[-115.870112,50.330515],[-115.869459,50.331079],[-115.86958,50.332904],[-115.868516,50.333528],[-115.868434,50.334062],[-115.869107,50.334758],[-115.868698,50.334996],[-115.866779,50.334872],[-115.866371,50.335102],[-115.867256,50.335875],[-115.866941,50.337265],[-115.867442,50.337711],[-115.868188,50.337407],[-115.868545,50.336392],[-115.869493,50.335835],[-115.869698,50.337588],[-115.871462,50.338639],[-115.870875,50.339279],[-115.871417,50.339415],[-115.871418,50.339752],[-115.870585,50.340179],[-115.870234,50.342168],[-115.870486,50.341837],[-115.870978,50.343928],[-115.871832,50.345107],[-115.87161,50.345943],[-115.872926,50.346764],[-115.873478,50.348883],[-115.875195,50.349394],[-115.880627,50.353559],[-115.883257,50.353751],[-115.884462,50.354527],[-115.885873,50.354279],[-115.886785,50.354432],[-115.88905,50.357898],[-115.892737,50.35957],[-115.89313,50.360375],[-115.896393,50.364093],[-115.895542,50.365085],[-115.89679,50.365436],[-115.897416,50.366388],[-115.89842,50.366144],[-115.901249,50.368447],[-115.902168,50.370021],[-115.901105,50.372258],[-115.899534,50.373864],[-115.898443,50.374285],[-115.896259,50.374372],[-115.894461,50.375533],[-115.893221,50.375444],[-115.893296,50.376578],[-115.892393,50.378409],[-115.896463,50.382271],[-115.897975,50.382883],[-115.899601,50.382179],[-115.902095,50.382319],[-115.903463,50.38395],[-115.903783,50.385374],[-115.906125,50.386043],[-115.907724,50.385898],[-115.909145,50.386169],[-115.911761,50.388517],[-115.911752,50.389933],[-115.910063,50.390458],[-115.909487,50.390968],[-115.909781,50.391574],[-115.909136,50.393344],[-115.907789,50.394828],[-115.907872,50.395392],[-115.909219,50.396753],[-115.908288,50.397491],[-115.90798,50.399279],[-115.911007,50.399828],[-115.913613,50.401499],[-115.91601,50.401913],[-115.918869,50.401989],[-115.921186,50.403117],[-115.925842,50.403527],[-115.927872,50.403151],[-115.929204,50.403441],[-115.93454,50.406368],[-115.935819,50.407757],[-115.933691,50.407916],[-115.931469,50.407132],[-115.929797,50.407107],[-115.928471,50.406565],[-115.925093,50.407171],[-115.924435,50.407651],[-115.92371,50.409291],[-115.922982,50.409742],[-115.923891,50.410605],[-115.923537,50.411305],[-115.924996,50.410813],[-115.925962,50.41174],[-115.926723,50.412934],[-115.926371,50.413579],[-115.927288,50.414082],[-115.92747,50.414785],[-115.929603,50.416963],[-115.929292,50.417617],[-115.930546,50.417493],[-115.932973,50.419116],[-115.935804,50.420392],[-115.936132,50.420827],[-115.934911,50.421913],[-115.935351,50.422322],[-115.936042,50.422311],[-115.937079,50.421267],[-115.938617,50.42174],[-115.939758,50.422973],[-115.94166,50.42354],[-115.943067,50.42482],[-115.945872,50.426555],[-115.943892,50.426284],[-115.944095,50.426665],[-115.945057,50.427078],[-115.946399,50.426937],[-115.948374,50.428008],[-115.95039,50.429788],[-115.954558,50.431688],[-115.959851,50.436232],[-115.963964,50.440712],[-115.967308,50.44174],[-115.972017,50.445387],[-115.977311,50.448672],[-115.977426,50.449302],[-115.979052,50.44965],[-115.981614,50.451076],[-115.983158,50.451259],[-115.984145,50.451882],[-115.988152,50.447279],[-115.984323,50.444847],[-115.978518,50.443664],[-115.969414,50.438558],[-115.975885,50.437696],[-115.995248,50.440857],[-115.996559,50.442736],[-116.000367,50.44482],[-116.001872,50.447782],[-116.002762,50.448517],[-116.007361,50.449217],[-116.014116,50.452622],[-116.018394,50.45325],[-116.019855,50.453879],[-116.020804,50.454881],[-116.020971,50.459688],[-116.023053,50.461083],[-116.025214,50.461867],[-116.028834,50.464232],[-116.029175,50.471492],[-116.02812,50.475173],[-116.037374,50.475605],[-116.037635,50.472498],[-116.049164,50.472953],[-116.051102,50.485965],[-116.049128,50.485469],[-116.05046,50.486081],[-116.050885,50.489282],[-116.057123,50.488518],[-116.056526,50.500008],[-116.058938,50.50428],[-116.057581,50.50355],[-116.055131,50.502874],[-116.054267,50.501527],[-116.053407,50.501413],[-116.052223,50.501878],[-116.05036,50.501752],[-116.048748,50.504573],[-116.046425,50.505895],[-116.046311,50.50839],[-116.044753,50.509569],[-116.044981,50.510669],[-116.046959,50.513487],[-116.046365,50.515161],[-116.046025,50.519816],[-116.045402,50.520817],[-116.044567,50.521584],[-116.042859,50.522339],[-116.04204,50.525086],[-116.040883,50.52654],[-116.039625,50.527219],[-116.038654,50.529387],[-116.038032,50.529641],[-116.035586,50.529614],[-116.034373,50.530609],[-116.033115,50.531018],[-116.033428,50.531551],[-116.035467,50.533969],[-116.035872,50.534224],[-116.037044,50.534198],[-116.037767,50.53673],[-116.038858,50.53785],[-116.050878,50.537874],[-116.052109,50.538575],[-116.055912,50.539138],[-116.056223,50.538218],[-116.065055,50.538276],[-116.066635,50.538724],[-116.073164,50.538096],[-116.094043,50.537587],[-116.121567,50.537884],[-116.12181,50.526599],[-116.120513,50.519091],[-116.120678,50.512946],[-116.173612,50.51306],[-116.186698,50.512659],[-116.188288,50.512871],[-116.221547,50.512338],[-116.265729,50.499345],[-116.316738,50.473997],[-116.317827,50.463073],[-116.349558,50.455383],[-116.36337,50.45098],[-116.390721,50.451666],[-116.398591,50.454124],[-116.403509,50.457653],[-116.408394,50.465686],[-116.420194,50.468211],[-116.437222,50.466756],[-116.449473,50.458184],[-116.46408,50.43904],[-116.456619,50.426158],[-116.453221,50.416235],[-116.465393,50.410614],[-116.490222,50.407742],[-116.507027,50.411278],[-116.517349,50.40922],[-116.562614,50.405124],[-116.58869,50.418166],[-116.616861,50.430659],[-116.630086,50.430465],[-116.647714,50.42409],[-116.652337,50.420231]]]},"properties":{"id":"59010140","boundaryCode":"59010140","boundaryName":"DA 59010140","boundarySource":"census","boundaryLevel":"bcDaSimplified","boundaryDetail":"medium","DAUID":"59010140","DGUID":"2021S051259010140","PRUID":"59","CDUID":"5901","CDNAME":"East Kootenay","CDTYPE":"RD","CSDUID":"5901046","CSDNAME":"East Kootenay F","CSDTYPE":"RDA","CTUID":null,"CTNAME":null,"parentCdId":"5901","parentCdName":"East Kootenay","parentCsdId":"5901046","parentCsdName":"East Kootenay F","parentCtId":null,"parentCtName":null,"LANDAREA":2555.8057000000003,"areaKm2":2577.2095790469252},"id":49876},{"type":"Feature","geometry":{"type":"Polygon","coordinates":[[[-116.314101,49.925685],[-116.303928,49.924086],[-116.298078,49.920876],[-116.289788,49.919016],[-116.283418,49.91108],[-116.282626,49.903698],[-116.270515,49.862313],[-116.257598,49.854327],[-116.250606,49.857909],[-116.247574,49.861798],[-116.239617,49.862741],[-116.228464,49.860726],[-116.228845,49.853484],[-116.220974,49.836678],[-116.204991,49.809383],[-116.19768,49.790094],[-116.182626,49.7755],[-116.161143,49.766585],[-116.143013,49.777465],[-116.113442,49.78862],[-116.110692,49.798394],[-116.089704,49.81605],[-116.063617,49.830025],[-116.042225,49.804386],[-116.012879,49.813075],[-115.999919,49.789899],[-115.968621,49.799864],[-115.947648,49.776991],[-115.947391,49.76712],[-115.941934,49.761063],[-115.94103,49.75165],[-115.942523,49.73524],[-115.923364,49.725511],[-115.92533,49.725709],[-115.926111,49.724934],[-115.926122,49.72255],[-115.925625,49.721843],[-115.925823,49.720352],[-115.926599,49.719811],[-115.926793,49.719156],[-115.92584,49.718347],[-115.925827,49.717639],[-115.922681,49.717369],[-115.905571,49.71761],[-115.900802,49.717369],[-115.900568,49.708351],[-115.899364,49.707839],[-115.895118,49.707416],[-115.895023,49.699116],[-115.893315,49.698679],[-115.891065,49.69657],[-115.872601,49.698871],[-115.864758,49.699396],[-115.862433,49.699269],[-115.857709,49.69797],[-115.85855,49.697113],[-115.860709,49.696806],[-115.862386,49.694103],[-115.862247,49.693289],[-115.856531,49.685564],[-115.855943,49.684386],[-115.856008,49.683124],[-115.854772,49.681393],[-115.854324,49.679394],[-115.851976,49.67847],[-115.850181,49.676578],[-115.813564,49.676493],[-115.79068,49.676304],[-115.789941,49.676574],[-115.782794,49.676602],[-115.700269,49.676086],[-115.697744,49.6741],[-115.694426,49.673279],[-115.691786,49.672997],[-115.688522,49.671693],[-115.68679,49.67062],[-115.684914,49.66827],[-115.684047,49.666506],[-115.683132,49.662924],[-115.68322,49.661734],[-115.680893,49.661896],[-115.674983,49.661921],[-115.669249,49.661614],[-115.668743,49.669724],[-115.67571,49.67834],[-115.672795,49.678949],[-115.672163,49.680786],[-115.675197,49.683722],[-115.677029,49.684566],[-115.678899,49.687026],[-115.682903,49.689879],[-115.683416,49.691586],[-115.685317,49.693804],[-115.685997,49.695432],[-115.688276,49.697559],[-115.687286,49.695179],[-115.687388,49.694075],[-115.688053,49.693597],[-115.718556,49.731339],[-115.7459,49.784638],[-115.746262,49.7891],[-115.74472,49.7891],[-115.744706,49.790438],[-115.738859,49.790531],[-115.736052,49.790288],[-115.734417,49.789542],[-115.733417,49.787889],[-115.730858,49.787605],[-115.730377,49.787843],[-115.732393,49.794909],[-115.736649,49.798396],[-115.736561,49.800214],[-115.735511,49.801549],[-115.739755,49.799801],[-115.742271,49.799461],[-115.746495,49.799748],[-115.750561,49.800828],[-115.751649,49.798894],[-115.753176,49.798802],[-115.756576,49.799475],[-115.763438,49.801826],[-115.766281,49.801042],[-115.770633,49.801285],[-115.773607,49.799203],[-115.774651,49.79911],[-115.772706,49.800413],[-115.771941,49.801363],[-115.769193,49.810005],[-115.753991,49.828894],[-115.750199,49.832467],[-115.738381,49.841802],[-115.733712,49.846558],[-115.72526,49.863181],[-115.726965,49.876464],[-115.731482,49.894276],[-115.73691,49.900735],[-115.738566,49.904734],[-115.741391,49.908526],[-115.74125,49.909522],[-115.740285,49.910381],[-115.738986,49.910781],[-115.735576,49.911082],[-115.734511,49.911513],[-115.733787,49.912294],[-115.733731,49.913189],[-115.737159,49.916973],[-115.73772,49.919147],[-115.740586,49.920296],[-115.741461,49.921024],[-115.741439,49.921907],[-115.740222,49.923996],[-115.740596,49.925817],[-115.751018,49.939633],[-115.752254,49.942503],[-115.754821,49.951979],[-115.761138,49.961592],[-115.7608,49.964143],[-115.75759,49.968848],[-115.757423,49.971145],[-115.760671,49.981894],[-115.76352,49.985815],[-115.764043,49.988047],[-115.76362,49.98967],[-115.75858,50.000294],[-115.797002,49.999489],[-115.846152,49.999154],[-115.848781,50.000214],[-115.850109,50.00375],[-115.855825,50.008145],[-115.862059,50.013979],[-115.861862,50.018321],[-115.872332,50.025143],[-115.876245,50.032971],[-115.870346,50.037207],[-115.862867,50.041842],[-115.85323,50.058757],[-115.852887,50.065101],[-115.855794,50.073745],[-115.871662,50.078686],[-115.879322,50.084163],[-115.898877,50.090115],[-115.90868,50.0872],[-115.922681,50.087128],[-115.923861,50.082106],[-115.92357,50.076674],[-115.924858,50.070837],[-115.927516,50.064256],[-115.931209,50.061339],[-115.92892,50.055633],[-115.934636,50.048375],[-115.946115,50.044347],[-115.960834,50.047245],[-115.969339,50.044481],[-115.975212,50.04009],[-115.978438,50.036744],[-115.975109,50.017226],[-115.977763,50.01154],[-115.99155,50.014019],[-115.993966,50.018426],[-115.998127,50.022394],[-116.016126,50.015627],[-116.016964,50.012624],[-116.023083,50.007061],[-116.041147,50.00878],[-116.067326,50.023654],[-116.080754,50.028242],[-116.092732,50.028369],[-116.105744,50.026328],[-116.113005,50.020303],[-116.124466,50.020444],[-116.136895,50.021601],[-116.145356,50.018026],[-116.157786,50.004663],[-116.162407,50.003925],[-116.177054,50.004557],[-116.189204,50.006699],[-116.198969,50.006926],[-116.208491,50.006755],[-116.215072,50.005505],[-116.222865,50.004514],[-116.236415,50.001794],[-116.240137,49.999903],[-116.239757,49.99389],[-116.241685,49.987047],[-116.241309,49.980226],[-116.243608,49.969193],[-116.248572,49.96375],[-116.25215,49.962471],[-116.266279,49.959015],[-116.269845,49.957163],[-116.273812,49.948287],[-116.273721,49.944621],[-116.275628,49.9432],[-116.288147,49.942235],[-116.293316,49.939039],[-116.295599,49.93669],[-116.302452,49.925564],[-116.310162,49.926829],[-116.314101,49.925685]]]},"properties":{"id":"59010141","boundaryCode":"59010141","boundaryName":"DA 59010141","boundarySource":"census","boundaryLevel":"bcDaSimplified","boundaryDetail":"medium","DAUID":"59010141","DGUID":"2021S051259010141","PRUID":"59","CDUID":"5901","CDNAME":"East Kootenay","CDTYPE":"RD","CSDUID":"5901037","CSDNAME":"East Kootenay E","CSDTYPE":"RDA","CTUID":null,"CTNAME":null,"parentCdId":"5901","parentCdName":"East Kootenay","parentCsdId":"5901037","parentCsdName":"East Kootenay E","parentCtId":null,"parentCtName":null,"LANDAREA":1104.0227,"areaKm2":1114.29513375253},"id":49877},{"type":"Feature","geometry":{"type":"Polygon","coordinates":[[[-115.668743,49.669724],[-115.667913,49.683165],[-115.585271,49.683901],[-115.586581,49.686776],[-115.586801,49.691857],[-115.589222,49.697327],[-115.598945,49.711356],[-115.602445,49.717904],[-115.602717,49.719603],[-115.598195,49.723045],[-115.588436,49.742029],[-115.59545,49.747625],[-115.601264,49.754217],[-115.59445,49.763599],[-115.57952,49.764675],[-115.570546,49.786165],[-115.554939,49.798063],[-115.553502,49.814728],[-115.545758,49.814246],[-115.520987,49.813907],[-115.498982,49.82607],[-115.471382,49.84024],[-115.458465,49.827201],[-115.442806,49.818734],[-115.416175,49.830425],[-115.362596,49.84065],[-115.342364,49.849936],[-115.34413,49.858307],[-115.356337,49.864133],[-115.357377,49.884961],[-115.348114,49.896636],[-115.343205,49.90985],[-115.344664,49.92697],[-115.351975,49.948847],[-115.355317,49.953236],[-115.360391,49.991614],[-115.364667,49.998919],[-115.361503,50.009745],[-115.371466,50.01139],[-115.386094,50.017948],[-115.386623,50.026419],[-115.398583,50.035937],[-115.406431,50.04086],[-115.414242,50.054914],[-115.420258,50.062131],[-115.408857,50.06946],[-115.436858,50.080943],[-115.437461,50.087105],[-115.439472,50.093087],[-115.450135,50.097653],[-115.461847,50.109991],[-115.469226,50.110214],[-115.475651,50.103337],[-115.48808,50.101379],[-115.508439,50.096749],[-115.520383,50.098693],[-115.537358,50.10575],[-115.548142,50.11304],[-115.551623,50.115773],[-115.551427,50.120046],[-115.5504,50.119961],[-115.548515,50.120415],[-115.546145,50.123456],[-115.542571,50.124075],[-115.53544,50.123818],[-115.536613,50.125858],[-115.53941,50.127525],[-115.543284,50.1283],[-115.536582,50.134863],[-115.530488,50.149501],[-115.544109,50.171435],[-115.559954,50.179537],[-115.580102,50.180013],[-115.596773,50.172943],[-115.605639,50.17678],[-115.609148,50.181408],[-115.616004,50.186571],[-115.619082,50.198639],[-115.617954,50.205526],[-115.618158,50.206531],[-115.623796,50.211716],[-115.638704,50.214576],[-115.647425,50.217403],[-115.6602,50.213411],[-115.66821,50.196919],[-115.660226,50.181819],[-115.65885,50.178218],[-115.662036,50.170579],[-115.662121,50.169361],[-115.65793,50.160504],[-115.657606,50.156609],[-115.686127,50.158193],[-115.689115,50.150467],[-115.701509,50.146433],[-115.696008,50.143529],[-115.698849,50.135988],[-115.708591,50.133875],[-115.708038,50.131884],[-115.707492,50.13139],[-115.707784,50.130969],[-115.706284,50.125572],[-115.711468,50.111298],[-115.712222,50.090362],[-115.709747,50.073366],[-115.702488,50.058949],[-115.700338,50.048865],[-115.706287,50.035131],[-115.707312,50.030761],[-115.70634,50.027098],[-115.703305,50.019461],[-115.702635,50.015848],[-115.701994,50.009687],[-115.702204,50.001373],[-115.702361,50.001137],[-115.704775,50.001346],[-115.75858,50.000294],[-115.76362,49.98967],[-115.764043,49.988047],[-115.76352,49.985815],[-115.760671,49.981894],[-115.757423,49.971145],[-115.75759,49.968848],[-115.7608,49.964143],[-115.761138,49.961592],[-115.754821,49.951979],[-115.752254,49.942503],[-115.751018,49.939633],[-115.740596,49.925817],[-115.740222,49.923996],[-115.741439,49.921907],[-115.741461,49.921024],[-115.740586,49.920296],[-115.73772,49.919147],[-115.737159,49.916973],[-115.733731,49.913189],[-115.733787,49.912294],[-115.734511,49.911513],[-115.735576,49.911082],[-115.738986,49.910781],[-115.740285,49.910381],[-115.74125,49.909522],[-115.741391,49.908526],[-115.738566,49.904734],[-115.73691,49.900735],[-115.731482,49.894276],[-115.726965,49.876464],[-115.72526,49.863181],[-115.733712,49.846558],[-115.738381,49.841802],[-115.750199,49.832467],[-115.753991,49.828894],[-115.769193,49.810005],[-115.771941,49.801363],[-115.772706,49.800413],[-115.774651,49.79911],[-115.773607,49.799203],[-115.770633,49.801285],[-115.766281,49.801042],[-115.763438,49.801826],[-115.756576,49.799475],[-115.753176,49.798802],[-115.751649,49.798894],[-115.750561,49.800828],[-115.746495,49.799748],[-115.742271,49.799461],[-115.739755,49.799801],[-115.735511,49.801549],[-115.736561,49.800214],[-115.736649,49.798396],[-115.732393,49.794909],[-115.730377,49.787843],[-115.730858,49.787605],[-115.733417,49.787889],[-115.734417,49.789542],[-115.736052,49.790288],[-115.738859,49.790531],[-115.744706,49.790438],[-115.74472,49.7891],[-115.746262,49.7891],[-115.7459,49.784638],[-115.718556,49.731339],[-115.688053,49.693597],[-115.687388,49.694075],[-115.687286,49.695179],[-115.688276,49.697559],[-115.685997,49.695432],[-115.685317,49.693804],[-115.683416,49.691586],[-115.682903,49.689879],[-115.678899,49.687026],[-115.677029,49.684566],[-115.675197,49.683722],[-115.672163,49.680786],[-115.672795,49.678949],[-115.67571,49.67834],[-115.668743,49.669724]]]},"properties":{"id":"59010142","boundaryCode":"59010142","boundaryName":"DA 59010142","boundarySource":"census","boundaryLevel":"bcDaSimplified","boundaryDetail":"medium","DAUID":"59010142","DGUID":"2021S051259010142","PRUID":"59","CDUID":"5901","CDNAME":"East Kootenay","CDTYPE":"RD","CSDUID":"5901037","CSDNAME":"East Kootenay E","CSDTYPE":"RDA","CTUID":null,"CTNAME":null,"parentCdId":"5901","parentCdName":"East Kootenay","parentCsdId":"5901037","parentCsdName":"East Kootenay E","parentCtId":null,"parentCtName":null,"LANDAREA":1045.4748,"areaKm2":1055.7572869253395},"id":49878},{"type":"Feature","geometry":{"type":"Polygon","coordinates":[[[-115.674983,49.661921],[-115.675,49.654115],[-115.674406,49.652526],[-115.678142,49.652704],[-115.68486,49.65375],[-115.689389,49.654873],[-115.690244,49.655548],[-115.690485,49.656343],[-115.690135,49.657058],[-115.68379,49.659056],[-115.681598,49.660685],[-115.680893,49.661896],[-115.68322,49.661734],[-115.684585,49.6599],[-115.690106,49.658614],[-115.691053,49.657968],[-115.692331,49.655806],[-115.691477,49.654051],[-115.689622,49.652906],[-115.687947,49.652392],[-115.685378,49.65257],[-115.680006,49.651393],[-115.670785,49.65118],[-115.667223,49.650267],[-115.665976,49.649217],[-115.664177,49.645096],[-115.659881,49.640629],[-115.658578,49.638617],[-115.658459,49.636925],[-115.659659,49.632612],[-115.658535,49.630116],[-115.6566,49.62905],[-115.649846,49.626867],[-115.647715,49.626541],[-115.647485,49.627177],[-115.641151,49.626377],[-115.637825,49.625144],[-115.633696,49.622549],[-115.632863,49.620882],[-115.633311,49.619631],[-115.63596,49.617459],[-115.637247,49.617886],[-115.638453,49.617838],[-115.641178,49.616925],[-115.641907,49.61606],[-115.641171,49.614703],[-115.641821,49.614189],[-115.643734,49.614608],[-115.644009,49.615663],[-115.644565,49.616029],[-115.649476,49.617211],[-115.653059,49.614788],[-115.654759,49.614898],[-115.654791,49.615275],[-115.655325,49.615453],[-115.657924,49.615105],[-115.65896,49.614632],[-115.660359,49.613109],[-115.663844,49.612701],[-115.665366,49.613266],[-115.666283,49.614159],[-115.666172,49.615686],[-115.667087,49.617889],[-115.672619,49.618127],[-115.675197,49.616664],[-115.680528,49.618026],[-115.683765,49.616852],[-115.684896,49.614703],[-115.689466,49.613135],[-115.6902,49.612273],[-115.69125,49.611799],[-115.693085,49.61155],[-115.696318,49.612325],[-115.696804,49.613292],[-115.69777,49.613914],[-115.699885,49.613815],[-115.69935,49.612544],[-115.700057,49.611975],[-115.703392,49.611436],[-115.705848,49.610161],[-115.706923,49.608378],[-115.706672,49.607424],[-115.706858,49.605018],[-115.705703,49.60409],[-115.706571,49.602543],[-115.708605,49.601238],[-115.708421,49.596075],[-115.705877,49.595678],[-115.697089,49.592689],[-115.694538,49.592626],[-115.69254,49.593405],[-115.691889,49.59515],[-115.690057,49.596013],[-115.684193,49.592706],[-115.686747,49.588909],[-115.687678,49.585254],[-115.686951,49.580693],[-115.685494,49.578035],[-115.682749,49.574426],[-115.684637,49.573492],[-115.685598,49.572458],[-115.686316,49.570761],[-115.685515,49.56926],[-115.683587,49.56905],[-115.681939,49.566704],[-115.680156,49.565149],[-115.676631,49.564096],[-115.675381,49.563274],[-115.669362,49.563748],[-115.667155,49.563116],[-115.66511,49.563638],[-115.659341,49.56269],[-115.655104,49.559066],[-115.645891,49.549297],[-115.624146,49.530448],[-115.619635,49.527483],[-115.602126,49.518364],[-115.6027,49.517553],[-115.600767,49.514345],[-115.602084,49.51301],[-115.601191,49.509863],[-115.601484,49.508976],[-115.60114,49.509101],[-115.59654,49.507051],[-115.59332,49.506086],[-115.588297,49.502503],[-115.585923,49.501831],[-115.580164,49.498411],[-115.567276,49.496782],[-115.565433,49.496224],[-115.563179,49.494932],[-115.559974,49.494976],[-115.559483,49.492209],[-115.549481,49.484583],[-115.543868,49.481397],[-115.539869,49.479744],[-115.521984,49.473762],[-115.522104,49.473392],[-115.52046,49.471781],[-115.519702,49.467886],[-115.517534,49.465832],[-115.516536,49.462161],[-115.516003,49.461482],[-115.513584,49.460045],[-115.513881,49.456589],[-115.511384,49.453208],[-115.508225,49.450021],[-115.505918,49.445365],[-115.500243,49.438961],[-115.498993,49.437989],[-115.497729,49.437556],[-115.493814,49.434523],[-115.490201,49.433537],[-115.489366,49.431544],[-115.487221,49.431163],[-115.485426,49.43173],[-115.483987,49.431698],[-115.478695,49.430343],[-115.473232,49.428094],[-115.463923,49.426683],[-115.460937,49.426554],[-115.458851,49.425343],[-115.451979,49.422486],[-115.449041,49.422944],[-115.448224,49.423461],[-115.448174,49.42536],[-115.44679,49.428961],[-115.445983,49.429824],[-115.441136,49.430361],[-115.437406,49.430411],[-115.433331,49.428862],[-115.427824,49.428919],[-115.426007,49.42602],[-115.424613,49.42084],[-115.42402,49.42014],[-115.430085,49.420169],[-115.430169,49.415522],[-115.430498,49.414913],[-115.431842,49.414501],[-115.430903,49.414466],[-115.432058,49.414402],[-115.432993,49.411788],[-115.436733,49.410982],[-115.439434,49.411086],[-115.44005,49.410726],[-115.44015,49.410098],[-115.438788,49.407176],[-115.439241,49.406128],[-115.437014,49.403448],[-115.439145,49.39874],[-115.438566,49.395944],[-115.441928,49.394235],[-115.442301,49.392976],[-115.44322,49.392297],[-115.443084,49.391559],[-115.419081,49.392146],[-115.407786,49.391695],[-115.396251,49.390121],[-115.375867,49.390337],[-115.377136,49.400738],[-115.373879,49.401349],[-115.373906,49.403086],[-115.374948,49.413134],[-115.375458,49.427189],[-115.348663,49.426506],[-115.319083,49.425137],[-115.298629,49.4263],[-115.265968,49.426497],[-115.252556,49.426161],[-115.207354,49.427045],[-115.216238,49.438776],[-115.224517,49.444362],[-115.239067,49.452692],[-115.236931,49.45839],[-115.243125,49.464824],[-115.250694,49.466886],[-115.249925,49.474353],[-115.250816,49.479455],[-115.249733,49.484936],[-115.255459,49.48725],[-115.258082,49.48768],[-115.256197,49.492501],[-115.243559,49.499911],[-115.242206,49.507803],[-115.234634,49.513371],[-115.223164,49.516829],[-115.212597,49.515829],[-115.200452,49.519243],[-115.189731,49.524091],[-115.180847,49.528815],[-115.180511,49.528969],[-115.170806,49.524126],[-115.161319,49.521631],[-115.147127,49.522729],[-115.1372,49.528697],[-115.132555,49.536197],[-115.127872,49.546582],[-115.128467,49.552983],[-115.131048,49.559571],[-115.135284,49.563566],[-115.137024,49.568533],[-115.137157,49.568943],[-115.133728,49.57291],[-115.12731,49.57601],[-115.092367,49.575884],[-115.079077,49.57674],[-115.070957,49.580915],[-115.069737,49.590737],[-115.065982,49.602966],[-115.060544,49.608418],[-115.057539,49.610279],[-115.055299,49.612698],[-115.044255,49.614313],[-115.035842,49.611892],[-115.028248,49.603936],[-115.020829,49.600809],[-115.013525,49.601183],[-115.00821,49.604949],[-115.004667,49.613799],[-115.006011,49.622001],[-115.012254,49.633716],[-115.016651,49.640238],[-115.018187,49.65647],[-115.016547,49.666459],[-115.010563,49.675348],[-115.006824,49.678828],[-114.983641,49.687875],[-114.974677,49.695898],[-114.974714,49.703389],[-114.979769,49.711021],[-114.987382,49.719984],[-114.9872,49.737359],[-114.987118,49.763198],[-114.993706,49.763282],[-115.018963,49.759658],[-115.035103,49.761328],[-115.058874,49.765826],[-115.069559,49.768725],[-115.085588,49.776067],[-115.089418,49.780488],[-115.0914,49.79889],[-115.102509,49.851012],[-115.100262,49.85524],[-115.094027,49.859887],[-115.086714,49.861823],[-115.080704,49.86149],[-115.074148,49.862322],[-115.068393,49.865701],[-115.067736,49.871711],[-115.068173,49.874814],[-115.072306,49.890476],[-115.078247,49.897151],[-115.087413,49.901199],[-115.096522,49.902169],[-115.108661,49.902853],[-115.113543,49.907152],[-115.113389,49.912812],[-115.108477,49.918505],[-115.104834,49.924399],[-115.102554,49.930356],[-115.101805,49.942127],[-115.096829,49.954832],[-115.090108,49.965216],[-115.081734,49.970161],[-115.056629,49.971017],[-115.055558,49.97931],[-115.072601,50.005845],[-115.076476,50.013097],[-115.077402,50.016213],[-115.076979,50.021789],[-115.07114,50.029313],[-115.066046,50.031791],[-115.058375,50.033086],[-115.051306,50.033019],[-115.044261,50.035371],[-115.038598,50.037684],[-115.034195,50.042114],[-115.029789,50.048527],[-115.031942,50.059521],[-115.026892,50.070975],[-115.022202,50.078726],[-115.024722,50.097495],[-115.016364,50.107584],[-115.009296,50.112996],[-115.010893,50.118341],[-115.027659,50.1201],[-115.036129,50.122618],[-115.049926,50.12923],[-115.048256,50.125955],[-115.052067,50.117906],[-115.060733,50.114214],[-115.076723,50.11426],[-115.090628,50.109048],[-115.104264,50.105682],[-115.11945,50.105285],[-115.128025,50.111154],[-115.137155,50.109778],[-115.142689,50.111968],[-115.183371,50.106317],[-115.206421,50.10522],[-115.224,50.081036],[-115.227291,50.064209],[-115.215701,50.05896],[-115.223106,50.052441],[-115.245034,50.041532],[-115.271318,50.036578],[-115.250461,50.015217],[-115.268771,50.004506],[-115.23826,49.995733],[-115.249283,49.9882],[-115.250384,49.977006],[-115.263179,49.971549],[-115.295975,49.973609],[-115.311861,49.967914],[-115.322142,49.959754],[-115.326787,49.953298],[-115.355317,49.953236],[-115.351975,49.948847],[-115.344664,49.92697],[-115.343205,49.90985],[-115.348114,49.896636],[-115.357377,49.884961],[-115.356337,49.864133],[-115.34413,49.858307],[-115.342364,49.849936],[-115.362596,49.84065],[-115.416175,49.830425],[-115.442806,49.818734],[-115.458465,49.827201],[-115.471382,49.84024],[-115.498982,49.82607],[-115.520987,49.813907],[-115.545758,49.814246],[-115.553502,49.814728],[-115.554939,49.798063],[-115.570546,49.786165],[-115.57952,49.764675],[-115.59445,49.763599],[-115.601264,49.754217],[-115.59545,49.747625],[-115.588436,49.742029],[-115.598195,49.723045],[-115.602717,49.719603],[-115.602445,49.717904],[-115.598945,49.711356],[-115.589222,49.697327],[-115.586801,49.691857],[-115.586581,49.686776],[-115.585271,49.683901],[-115.667913,49.683165],[-115.668743,49.669724],[-115.669249,49.661614],[-115.674983,49.661921]],[[-115.591162,49.535776],[-115.600349,49.535895],[-115.60055,49.539383],[-115.605929,49.539446],[-115.606136,49.543002],[-115.611545,49.543186],[-115.61131,49.554304],[-115.589166,49.553719],[-115.589603,49.535757],[-115.591162,49.535776]]]},"properties":{"id":"59010143","boundaryCode":"59010143","boundaryName":"DA 59010143","boundarySource":"census","boundaryLevel":"bcDaSimplified","boundaryDetail":"medium","DAUID":"59010143","DGUID":"2021S051259010143","PRUID":"59","CDUID":"5901","CDNAME":"East Kootenay","CDTYPE":"RD","CSDUID":"5901035","CSDNAME":"East Kootenay C","CSDTYPE":"RDA","CTUID":null,"CTNAME":null,"parentCdId":"5901","parentCdName":"East Kootenay","parentCsdId":"5901035","parentCsdName":"East Kootenay C","parentCtId":null,"parentCtName":null,"LANDAREA":2146.9007,"areaKm2":2169.003175431948},"id":49879},{"type":"Feature","geometry":{"type":"Polygon","coordinates":[[[-115.591162,49.535776],[-115.589603,49.535757],[-115.589166,49.553719],[-115.61131,49.554304],[-115.611545,49.543186],[-115.606136,49.543002],[-115.605929,49.539446],[-115.60055,49.539383],[-115.600349,49.535895],[-115.591162,49.535776]]]},"properties":{"id":"59010144","boundaryCode":"59010144","boundaryName":"DA 59010144","boundarySource":"census","boundaryLevel":"bcDaSimplified","boundaryDetail":"medium","DAUID":"59010144","DGUID":"2021S051259010144","PRUID":"59","CDUID":"5901","CDNAME":"East Kootenay","CDTYPE":"RD","CSDUID":"5901802","CSDNAME":"Isidore's Ranch 4","CSDTYPE":"IRI","CTUID":null,"CTNAME":null,"parentCdId":"5901","parentCdName":"East Kootenay","parentCsdId":"5901802","parentCsdName":"Isidore's Ranch 4","parentCtId":null,"parentCtName":null,"LANDAREA":2.6275,"areaKm2":2.7534711400918925},"id":49880},{"type":"Feature","geometry":{"type":"Polygon","coordinates":[[[-115.680893,49.661896],[-115.681598,49.660685],[-115.68379,49.659056],[-115.690135,49.657058],[-115.690485,49.656343],[-115.690244,49.655548],[-115.689389,49.654873],[-115.68486,49.65375],[-115.678142,49.652704],[-115.674406,49.652526],[-115.675,49.654115],[-115.674983,49.661921],[-115.680893,49.661896]]]},"properties":{"id":"59010145","boundaryCode":"59010145","boundaryName":"DA 59010145","boundarySource":"census","boundaryLevel":"bcDaSimplified","boundaryDetail":"medium","DAUID":"59010145","DGUID":"2021S051259010145","PRUID":"59","CDUID":"5901","CDNAME":"East Kootenay","CDTYPE":"RD","CSDUID":"5901035","CSDNAME":"East Kootenay C","CSDTYPE":"RDA","CTUID":null,"CTNAME":null,"parentCdId":"5901","parentCdName":"East Kootenay","parentCsdId":"5901035","parentCsdName":"East Kootenay C","parentCtId":null,"parentCtName":null,"LANDAREA":0.6617000000000001,"areaKm2":0.7986913496272974},"id":49881},{"type":"Feature","geometry":{"type":"Polygon","coordinates":[[[-115.813564,49.676493],[-115.813116,49.661264],[-115.790165,49.661302],[-115.790287,49.619696],[-115.786617,49.619765],[-115.786863,49.626586],[-115.778356,49.624313],[-115.777515,49.595786],[-115.786016,49.595763],[-115.785883,49.603645],[-115.790488,49.603656],[-115.79009,49.588994],[-115.790389,49.588142],[-115.790234,49.588403],[-115.788672,49.58851],[-115.786199,49.587315],[-115.785197,49.585874],[-115.785216,49.583511],[-115.78577,49.582976],[-115.785498,49.582281],[-115.783255,49.581084],[-115.780971,49.580432],[-115.779592,49.580287],[-115.778951,49.581094],[-115.779504,49.583853],[-115.777607,49.585057],[-115.774763,49.585863],[-115.768734,49.58579],[-115.764081,49.586541],[-115.757755,49.589396],[-115.754584,49.589983],[-115.751619,49.589627],[-115.751688,49.588918],[-115.749358,49.588721],[-115.746461,49.588969],[-115.742527,49.590158],[-115.7398,49.591864],[-115.734496,49.592581],[-115.732225,49.593167],[-115.727331,49.595614],[-115.72599,49.597147],[-115.72383,49.597771],[-115.722987,49.597698],[-115.722209,49.596808],[-115.721288,49.596493],[-115.720338,49.596338],[-115.718975,49.596647],[-115.718088,49.597204],[-115.719259,49.59898],[-115.719306,49.599826],[-115.718761,49.600585],[-115.716179,49.601382],[-115.713903,49.600531],[-115.710223,49.601073],[-115.710298,49.602901],[-115.711568,49.604057],[-115.711201,49.604899],[-115.70865,49.605033],[-115.707775,49.604618],[-115.708086,49.605944],[-115.707561,49.607008],[-115.706672,49.607424],[-115.706923,49.608378],[-115.705848,49.610161],[-115.703392,49.611436],[-115.700057,49.611975],[-115.69935,49.612544],[-115.699885,49.613815],[-115.69777,49.613914],[-115.696804,49.613292],[-115.696318,49.612325],[-115.693085,49.61155],[-115.69125,49.611799],[-115.6902,49.612273],[-115.689466,49.613135],[-115.684896,49.614703],[-115.683765,49.616852],[-115.680528,49.618026],[-115.675197,49.616664],[-115.672619,49.618127],[-115.667087,49.617889],[-115.666172,49.615686],[-115.666283,49.614159],[-115.665366,49.613266],[-115.663844,49.612701],[-115.660359,49.613109],[-115.65896,49.614632],[-115.657924,49.615105],[-115.655325,49.615453],[-115.654791,49.615275],[-115.654759,49.614898],[-115.653059,49.614788],[-115.649476,49.617211],[-115.644565,49.616029],[-115.644009,49.615663],[-115.643734,49.614608],[-115.641821,49.614189],[-115.641171,49.614703],[-115.641907,49.61606],[-115.641178,49.616925],[-115.638453,49.617838],[-115.637247,49.617886],[-115.63596,49.617459],[-115.633311,49.619631],[-115.632863,49.620882],[-115.633696,49.622549],[-115.637825,49.625144],[-115.641151,49.626377],[-115.647485,49.627177],[-115.647715,49.626541],[-115.649846,49.626867],[-115.6566,49.62905],[-115.658535,49.630116],[-115.659659,49.632612],[-115.658459,49.636925],[-115.658578,49.638617],[-115.659881,49.640629],[-115.664177,49.645096],[-115.665976,49.649217],[-115.667223,49.650267],[-115.670785,49.65118],[-115.680006,49.651393],[-115.685378,49.65257],[-115.687947,49.652392],[-115.689622,49.652906],[-115.691477,49.654051],[-115.692331,49.655806],[-115.691053,49.657968],[-115.690106,49.658614],[-115.684585,49.6599],[-115.68322,49.661734],[-115.683132,49.662924],[-115.684047,49.666506],[-115.684914,49.66827],[-115.68679,49.67062],[-115.688522,49.671693],[-115.691786,49.672997],[-115.694426,49.673279],[-115.697744,49.6741],[-115.700269,49.676086],[-115.782794,49.676602],[-115.789941,49.676574],[-115.79068,49.676304],[-115.813564,49.676493]]]},"properties":{"id":"59010146","boundaryCode":"59010146","boundaryName":"DA 59010146","boundarySource":"census","boundaryLevel":"bcDaSimplified","boundaryDetail":"medium","DAUID":"59010146","DGUID":"2021S051259010146","PRUID":"59","CDUID":"5901","CDNAME":"East Kootenay","CDTYPE":"RD","CSDUID":"5901803","CSDNAME":"Kootenay 1","CSDTYPE":"IRI","CTUID":null,"CTNAME":null,"parentCdId":"5901","parentCdName":"East Kootenay","parentCsdId":"5901803","parentCsdName":"Kootenay 1","parentCtId":null,"parentCtName":null,"LANDAREA":74.0194,"areaKm2":76.77973652134735},"id":49882},{"type":"Feature","geometry":{"type":"Polygon","coordinates":[[[-115.790287,49.619696],[-115.790666,49.615633],[-115.790488,49.603656],[-115.785883,49.603645],[-115.786016,49.595763],[-115.777515,49.595786],[-115.778356,49.624313],[-115.786863,49.626586],[-115.786617,49.619765],[-115.790287,49.619696]]]},"properties":{"id":"59010147","boundaryCode":"59010147","boundaryName":"DA 59010147","boundarySource":"census","boundaryLevel":"bcDaSimplified","boundaryDetail":"medium","DAUID":"59010147","DGUID":"2021S051259010147","PRUID":"59","CDUID":"5901","CDNAME":"East Kootenay","CDTYPE":"RD","CSDUID":"5901022","CSDNAME":"Cranbrook","CSDTYPE":"CY","CTUID":null,"CTNAME":null,"parentCdId":"5901","parentCdName":"East Kootenay","parentCsdId":"5901022","parentCsdName":"Cranbrook","parentCtId":null,"parentCtName":null,"LANDAREA":2.5395000000000003,"areaKm2":2.537170014150141},"id":49883},{"type":"Feature","geometry":{"type":"Polygon","coordinates":[[[-115.900568,49.708351],[-115.900809,49.705712],[-115.906079,49.706298],[-115.911751,49.706325],[-115.911747,49.707089],[-115.917424,49.707144],[-115.917636,49.696871],[-115.918327,49.696412],[-115.918366,49.695544],[-115.927729,49.695443],[-115.929736,49.69478],[-115.934549,49.692314],[-115.938397,49.69144],[-115.945248,49.691027],[-115.950237,49.691363],[-115.960212,49.690236],[-115.961945,49.68961],[-115.964083,49.687969],[-115.965533,49.687453],[-115.970239,49.68654],[-115.975362,49.686849],[-115.976245,49.68646],[-115.976608,49.685802],[-115.973477,49.685715],[-115.972533,49.68382],[-115.970169,49.684762],[-115.97019,49.685214],[-115.968313,49.685699],[-115.963107,49.684304],[-115.959865,49.687673],[-115.954403,49.685514],[-115.951543,49.687663],[-115.945737,49.687792],[-115.945318,49.680223],[-115.939138,49.680158],[-115.93843,49.673709],[-115.92838,49.673593],[-115.928508,49.666429],[-115.915151,49.666536],[-115.915369,49.665742],[-115.914915,49.665219],[-115.914615,49.65961],[-115.915063,49.65277],[-115.911672,49.65272],[-115.911978,49.641168],[-115.929376,49.641308],[-115.929398,49.640836],[-115.92956,49.63755],[-115.940456,49.637669],[-115.941247,49.634332],[-115.936866,49.633565],[-115.935674,49.632776],[-115.933715,49.630431],[-115.929493,49.630421],[-115.929466,49.626381],[-115.923089,49.620696],[-115.916783,49.617286],[-115.912847,49.616155],[-115.905489,49.615767],[-115.903238,49.615364],[-115.894536,49.611959],[-115.880134,49.605239],[-115.878088,49.648656],[-115.870489,49.648532],[-115.870464,49.651137],[-115.862665,49.65112],[-115.861932,49.676581],[-115.850181,49.676578],[-115.851976,49.67847],[-115.854324,49.679394],[-115.854772,49.681393],[-115.856008,49.683124],[-115.855943,49.684386],[-115.856531,49.685564],[-115.862247,49.693289],[-115.862386,49.694103],[-115.860709,49.696806],[-115.85855,49.697113],[-115.857709,49.69797],[-115.862433,49.699269],[-115.864758,49.699396],[-115.872601,49.698871],[-115.891065,49.69657],[-115.893315,49.698679],[-115.895023,49.699116],[-115.895118,49.707416],[-115.899364,49.707839],[-115.900568,49.708351]]]},"properties":{"id":"59010149","boundaryCode":"59010149","boundaryName":"DA 59010149","boundarySource":"census","boundaryLevel":"bcDaSimplified","boundaryDetail":"medium","DAUID":"59010149","DGUID":"2021S051259010149","PRUID":"59","CDUID":"5901","CDNAME":"East Kootenay","CDTYPE":"RD","CSDUID":"5901037","CSDNAME":"East Kootenay E","CSDTYPE":"RDA","CTUID":null,"CTNAME":null,"parentCdId":"5901","parentCdName":"East Kootenay","parentCsdId":"5901037","parentCsdName":"East Kootenay E","parentCtId":null,"parentCtName":null,"LANDAREA":42.324400000000004,"areaKm2":42.4260534565078},"id":49884},{"type":"Feature","geometry":{"type":"Polygon","coordinates":[[[-115.929398,49.640836],[-115.933974,49.64174],[-115.934773,49.642228],[-115.942953,49.644373],[-115.943252,49.643721],[-115.944192,49.643164],[-115.946274,49.642754],[-115.946736,49.641964],[-115.948683,49.642277],[-115.950416,49.641621],[-115.950586,49.638956],[-115.950203,49.638864],[-115.951451,49.637854],[-115.953028,49.638977],[-115.956681,49.639016],[-115.956573,49.637445],[-115.958213,49.637456],[-115.958252,49.636506],[-115.959823,49.63652],[-115.959835,49.635557],[-115.95506,49.635519],[-115.955085,49.634604],[-115.951259,49.63457],[-115.951251,49.635902],[-115.947934,49.635071],[-115.941247,49.634332],[-115.940456,49.637669],[-115.92956,49.63755],[-115.929398,49.640836]]]},"properties":{"id":"59010150","boundaryCode":"59010150","boundaryName":"DA 59010150","boundarySource":"census","boundaryLevel":"bcDaSimplified","boundaryDetail":"medium","DAUID":"59010150","DGUID":"2021S051259010150","PRUID":"59","CDUID":"5901","CDNAME":"East Kootenay","CDTYPE":"RD","CSDUID":"5901028","CSDNAME":"Kimberley","CSDTYPE":"CY","CTUID":null,"CTNAME":null,"parentCdId":"5901","parentCdName":"East Kootenay","parentCsdId":"5901028","parentCsdName":"Kimberley","parentCtId":null,"parentCtName":null,"LANDAREA":1.2773,"areaKm2":1.2759325122209126},"id":49885},{"type":"Feature","geometry":{"type":"Polygon","coordinates":[[[-115.941247,49.634332],[-115.947934,49.635071],[-115.951251,49.635902],[-115.951259,49.63457],[-115.955085,49.634604],[-115.95506,49.635519],[-115.959835,49.635557],[-115.959823,49.63652],[-115.962069,49.636638],[-115.962505,49.638135],[-115.963306,49.639088],[-115.967623,49.64126],[-115.967555,49.640072],[-115.966039,49.639544],[-115.966051,49.638984],[-115.969843,49.6368],[-115.972112,49.635875],[-115.974421,49.636557],[-115.977201,49.636246],[-115.980289,49.635341],[-115.984065,49.635061],[-115.990071,49.635752],[-115.992635,49.635226],[-115.997052,49.635226],[-115.999223,49.634905],[-116.000383,49.634917],[-116.001889,49.635378],[-116.004254,49.635129],[-116.008663,49.635432],[-116.010893,49.634554],[-116.01086,49.632192],[-116.000888,49.631103],[-116.000397,49.629913],[-115.997942,49.629952],[-115.995104,49.629026],[-115.992075,49.628942],[-115.989871,49.629718],[-115.989566,49.631017],[-115.991551,49.632345],[-115.991524,49.63288],[-115.990902,49.633061],[-115.9886,49.632842],[-115.984816,49.631352],[-115.97957,49.630187],[-115.976507,49.630769],[-115.973881,49.631911],[-115.973108,49.63167],[-115.972718,49.63102],[-115.97291,49.629521],[-115.972276,49.628118],[-115.970323,49.627555],[-115.968044,49.628332],[-115.96594,49.629469],[-115.960747,49.630432],[-115.956422,49.629047],[-115.95374,49.626712],[-115.952797,49.624885],[-115.950973,49.624228],[-115.949785,49.623104],[-115.947419,49.62258],[-115.944344,49.623168],[-115.94287,49.622748],[-115.94215,49.623517],[-115.929412,49.623066],[-115.929466,49.626381],[-115.929493,49.630421],[-115.933715,49.630431],[-115.935674,49.632776],[-115.936866,49.633565],[-115.941247,49.634332]]]},"properties":{"id":"59010151","boundaryCode":"59010151","boundaryName":"DA 59010151","boundarySource":"census","boundaryLevel":"bcDaSimplified","boundaryDetail":"medium","DAUID":"59010151","DGUID":"2021S051259010151","PRUID":"59","CDUID":"5901","CDNAME":"East Kootenay","CDTYPE":"RD","CSDUID":"5901028","CSDNAME":"Kimberley","CSDTYPE":"CY","CTUID":null,"CTNAME":null,"parentCdId":"5901","parentCdName":"East Kootenay","parentCsdId":"5901028","parentCsdName":"Kimberley","parentCtId":null,"parentCtName":null,"LANDAREA":4.3343,"areaKm2":4.584635131878809},"id":49886},{"type":"Feature","geometry":{"type":"Polygon","coordinates":[[[-115.946274,49.642754],[-115.947408,49.643409],[-115.949298,49.643792],[-115.956234,49.64325],[-115.956552,49.644207],[-115.957285,49.644457],[-115.957757,49.644471],[-115.957894,49.64396],[-115.958899,49.643673],[-115.961358,49.646236],[-115.961528,49.646861],[-115.962402,49.646924],[-115.962823,49.648858],[-115.965066,49.649062],[-115.965167,49.650545],[-115.967065,49.650499],[-115.967152,49.658324],[-115.96567,49.660053],[-115.965794,49.660771],[-115.966724,49.661738],[-115.966996,49.660803],[-115.96799,49.660284],[-115.971233,49.658831],[-115.971925,49.658043],[-115.973355,49.649228],[-115.971351,49.643953],[-115.967623,49.64126],[-115.963306,49.639088],[-115.962505,49.638135],[-115.962069,49.636638],[-115.959823,49.63652],[-115.958252,49.636506],[-115.958213,49.637456],[-115.956573,49.637445],[-115.956681,49.639016],[-115.953028,49.638977],[-115.951451,49.637854],[-115.950203,49.638864],[-115.950586,49.638956],[-115.950416,49.641621],[-115.948683,49.642277],[-115.946736,49.641964],[-115.946274,49.642754]]]},"properties":{"id":"59010152","boundaryCode":"59010152","boundaryName":"DA 59010152","boundarySource":"census","boundaryLevel":"bcDaSimplified","boundaryDetail":"medium","DAUID":"59010152","DGUID":"2021S051259010152","PRUID":"59","CDUID":"5901","CDNAME":"East Kootenay","CDTYPE":"RD","CSDUID":"5901028","CSDNAME":"Kimberley","CSDTYPE":"CY","CTUID":null,"CTNAME":null,"parentCdId":"5901","parentCdName":"East Kootenay","parentCsdId":"5901028","parentCsdName":"Kimberley","parentCtId":null,"parentCtName":null,"LANDAREA":1.7681,"areaKm2":1.7952284279149537},"id":49887},{"type":"Feature","geometry":{"type":"Polygon","coordinates":[[[-115.976608,49.685802],[-115.978603,49.683858],[-115.979529,49.683729],[-115.980536,49.684009],[-115.980782,49.683621],[-115.979382,49.682004],[-115.980144,49.681691],[-115.9802,49.681257],[-115.976907,49.675179],[-115.976592,49.673314],[-115.97571,49.671488],[-115.972793,49.669374],[-115.970531,49.669399],[-115.969163,49.669032],[-115.968501,49.668517],[-115.967945,49.668738],[-115.966263,49.666891],[-115.966918,49.666874],[-115.965814,49.664352],[-115.966884,49.664014],[-115.968579,49.664836],[-115.967728,49.663689],[-115.968297,49.663374],[-115.966724,49.661738],[-115.965794,49.660771],[-115.96567,49.660053],[-115.967152,49.658324],[-115.967065,49.650499],[-115.965167,49.650545],[-115.965066,49.649062],[-115.962823,49.648858],[-115.962402,49.646924],[-115.961528,49.646861],[-115.961358,49.646236],[-115.958899,49.643673],[-115.957894,49.64396],[-115.957757,49.644471],[-115.957285,49.644457],[-115.956552,49.644207],[-115.956234,49.64325],[-115.949298,49.643792],[-115.947408,49.643409],[-115.946274,49.642754],[-115.944192,49.643164],[-115.943252,49.643721],[-115.942953,49.644373],[-115.934773,49.642228],[-115.933974,49.64174],[-115.929398,49.640836],[-115.929376,49.641308],[-115.911978,49.641168],[-115.911672,49.65272],[-115.915063,49.65277],[-115.914615,49.65961],[-115.914915,49.665219],[-115.915369,49.665742],[-115.915151,49.666536],[-115.928508,49.666429],[-115.92838,49.673593],[-115.93843,49.673709],[-115.939138,49.680158],[-115.945318,49.680223],[-115.945737,49.687792],[-115.951543,49.687663],[-115.954403,49.685514],[-115.959865,49.687673],[-115.963107,49.684304],[-115.968313,49.685699],[-115.97019,49.685214],[-115.970169,49.684762],[-115.972533,49.68382],[-115.973477,49.685715],[-115.976608,49.685802]]]},"properties":{"id":"59010153","boundaryCode":"59010153","boundaryName":"DA 59010153","boundarySource":"census","boundaryLevel":"bcDaSimplified","boundaryDetail":"medium","DAUID":"59010153","DGUID":"2021S051259010153","PRUID":"59","CDUID":"5901","CDNAME":"East Kootenay","CDTYPE":"RD","CSDUID":"5901028","CSDNAME":"Kimberley","CSDTYPE":"CY","CTUID":null,"CTNAME":null,"parentCdId":"5901","parentCdName":"East Kootenay","parentCsdId":"5901028","parentCsdName":"Kimberley","parentCtId":null,"parentCtName":null,"LANDAREA":16.068,"areaKm2":16.10186411485413},"id":49888},{"type":"Feature","geometry":{"type":"Polygon","coordinates":[[[-115.966724,49.661738],[-115.968297,49.663374],[-115.967728,49.663689],[-115.968579,49.664836],[-115.966884,49.664014],[-115.965814,49.664352],[-115.966918,49.666874],[-115.966263,49.666891],[-115.967945,49.668738],[-115.968501,49.668517],[-115.969163,49.669032],[-115.970531,49.669399],[-115.972793,49.669374],[-115.975096,49.668147],[-115.975934,49.668673],[-115.977193,49.667832],[-115.97546,49.666745],[-115.974212,49.667573],[-115.973944,49.667354],[-115.972858,49.664354],[-115.968204,49.661444],[-115.96799,49.660284],[-115.966996,49.660803],[-115.966724,49.661738]]]},"properties":{"id":"59010154","boundaryCode":"59010154","boundaryName":"DA 59010154","boundarySource":"census","boundaryLevel":"bcDaSimplified","boundaryDetail":"medium","DAUID":"59010154","DGUID":"2021S051259010154","PRUID":"59","CDUID":"5901","CDNAME":"East Kootenay","CDTYPE":"RD","CSDUID":"5901028","CSDNAME":"Kimberley","CSDTYPE":"CY","CTUID":null,"CTNAME":null,"parentCdId":"5901","parentCdName":"East Kootenay","parentCsdId":"5901028","parentCsdName":"Kimberley","parentCtId":null,"parentCtName":null,"LANDAREA":0.3783,"areaKm2":0.37786533821237556},"id":49889},{"type":"Feature","geometry":{"type":"Polygon","coordinates":[[[-115.976907,49.675179],[-115.978458,49.674703],[-115.978091,49.673971],[-115.981144,49.671946],[-115.982013,49.672493],[-115.983987,49.671173],[-115.979553,49.668504],[-115.979007,49.668875],[-115.977193,49.667832],[-115.975934,49.668673],[-115.975096,49.668147],[-115.972793,49.669374],[-115.97571,49.671488],[-115.976592,49.673314],[-115.976907,49.675179]]]},"properties":{"id":"59010155","boundaryCode":"59010155","boundaryName":"DA 59010155","boundarySource":"census","boundaryLevel":"bcDaSimplified","boundaryDetail":"medium","DAUID":"59010155","DGUID":"2021S051259010155","PRUID":"59","CDUID":"5901","CDNAME":"East Kootenay","CDTYPE":"RD","CSDUID":"5901028","CSDNAME":"Kimberley","CSDTYPE":"CY","CTUID":null,"CTNAME":null,"parentCdId":"5901","parentCdName":"East Kootenay","parentCsdId":"5901028","parentCsdName":"Kimberley","parentCtId":null,"parentCtName":null,"LANDAREA":0.2867,"areaKm2":0.2863748951110477},"id":49890},{"type":"Feature","geometry":{"type":"Polygon","coordinates":[[[-115.967623,49.64126],[-115.971351,49.643953],[-115.973355,49.649228],[-115.971925,49.658043],[-115.971233,49.658831],[-115.96799,49.660284],[-115.968204,49.661444],[-115.972858,49.664354],[-115.973944,49.667354],[-115.974212,49.667573],[-115.97546,49.666745],[-115.977193,49.667832],[-115.979007,49.668875],[-115.979553,49.668504],[-115.983987,49.671173],[-115.982013,49.672493],[-115.983131,49.673513],[-115.982928,49.674791],[-115.983462,49.675407],[-115.982448,49.675632],[-115.982845,49.676387],[-115.982256,49.676541],[-115.983027,49.677998],[-115.983621,49.677339],[-115.986257,49.677148],[-115.986113,49.679944],[-115.984927,49.679955],[-115.985103,49.680909],[-115.987082,49.683623],[-115.988959,49.684432],[-115.989652,49.683971],[-115.990495,49.684426],[-115.991982,49.685754],[-115.991329,49.686302],[-115.995716,49.688742],[-116.005335,49.691912],[-116.007127,49.692894],[-116.008458,49.69319],[-116.008943,49.693722],[-116.007957,49.694337],[-116.002215,49.693773],[-115.992808,49.691122],[-115.994229,49.691639],[-115.99555,49.693757],[-116.000138,49.69558],[-116.002186,49.697426],[-116.002995,49.699107],[-116.004635,49.700715],[-116.004215,49.703159],[-116.002304,49.705286],[-116.002417,49.706574],[-116.003174,49.707679],[-116.003778,49.707774],[-116.004897,49.706723],[-116.007358,49.705494],[-116.007014,49.703999],[-116.005248,49.704168],[-116.004532,49.697252],[-116.007939,49.697608],[-116.008079,49.695541],[-116.014578,49.696622],[-116.012797,49.697204],[-116.017258,49.700352],[-116.021757,49.697851],[-116.021007,49.697208],[-116.025434,49.698352],[-116.025376,49.700789],[-116.028572,49.701199],[-116.030084,49.696985],[-116.051476,49.700793],[-116.057682,49.684795],[-116.034497,49.68107],[-116.03398,49.679116],[-116.03346,49.679154],[-116.032103,49.675361],[-116.028712,49.675721],[-116.028315,49.671863],[-116.022196,49.671897],[-116.022167,49.672484],[-116.02121,49.672606],[-116.021076,49.670025],[-116.021897,49.669016],[-116.022084,49.6709],[-116.027645,49.671302],[-116.028585,49.667072],[-116.027392,49.666969],[-116.027837,49.639223],[-116.011017,49.639376],[-116.010893,49.634554],[-116.008663,49.635432],[-116.004254,49.635129],[-116.001889,49.635378],[-116.000383,49.634917],[-115.999223,49.634905],[-115.997052,49.635226],[-115.992635,49.635226],[-115.990071,49.635752],[-115.984065,49.635061],[-115.980289,49.635341],[-115.977201,49.636246],[-115.974421,49.636557],[-115.972112,49.635875],[-115.969843,49.6368],[-115.966051,49.638984],[-115.966039,49.639544],[-115.967555,49.640072],[-115.967623,49.64126]]]},"properties":{"id":"59010156","boundaryCode":"59010156","boundaryName":"DA 59010156","boundarySource":"census","boundaryLevel":"bcDaSimplified","boundaryDetail":"medium","DAUID":"59010156","DGUID":"2021S051259010156","PRUID":"59","CDUID":"5901","CDNAME":"East Kootenay","CDTYPE":"RD","CSDUID":"5901028","CSDNAME":"Kimberley","CSDTYPE":"CY","CTUID":null,"CTNAME":null,"parentCdId":"5901","parentCdName":"East Kootenay","parentCsdId":"5901028","parentCsdName":"Kimberley","parentCtId":null,"parentCtName":null,"LANDAREA":27.175800000000002,"areaKm2":27.203321725285868},"id":49891},{"type":"Feature","geometry":{"type":"Polygon","coordinates":[[[-115.980782,49.683621],[-115.981835,49.682135],[-115.982467,49.682307],[-115.981447,49.680882],[-115.982712,49.68059],[-115.98144,49.67841],[-115.983027,49.677998],[-115.982256,49.676541],[-115.982845,49.676387],[-115.982448,49.675632],[-115.983462,49.675407],[-115.982928,49.674791],[-115.983131,49.673513],[-115.982013,49.672493],[-115.981144,49.671946],[-115.978091,49.673971],[-115.978458,49.674703],[-115.976907,49.675179],[-115.9802,49.681257],[-115.980144,49.681691],[-115.979382,49.682004],[-115.980782,49.683621]]]},"properties":{"id":"59010157","boundaryCode":"59010157","boundaryName":"DA 59010157","boundarySource":"census","boundaryLevel":"bcDaSimplified","boundaryDetail":"medium","DAUID":"59010157","DGUID":"2021S051259010157","PRUID":"59","CDUID":"5901","CDNAME":"East Kootenay","CDTYPE":"RD","CSDUID":"5901028","CSDNAME":"Kimberley","CSDTYPE":"CY","CTUID":null,"CTNAME":null,"parentCdId":"5901","parentCdName":"East Kootenay","parentCsdId":"5901028","parentCsdName":"Kimberley","parentCtId":null,"parentCtName":null,"LANDAREA":0.3169,"areaKm2":0.31659219990270165},"id":49892},{"type":"Feature","geometry":{"type":"Polygon","coordinates":[[[-115.980536,49.684009],[-115.981518,49.684286],[-115.981101,49.684943],[-115.981781,49.685355],[-115.98621,49.686587],[-115.993006,49.689077],[-115.993265,49.688596],[-115.989526,49.686728],[-115.98851,49.685151],[-115.988959,49.684432],[-115.987082,49.683623],[-115.985103,49.680909],[-115.984927,49.679955],[-115.986113,49.679944],[-115.986257,49.677148],[-115.983621,49.677339],[-115.983027,49.677998],[-115.98144,49.67841],[-115.982712,49.68059],[-115.981447,49.680882],[-115.982467,49.682307],[-115.981835,49.682135],[-115.980782,49.683621],[-115.980536,49.684009]]]},"properties":{"id":"59010158","boundaryCode":"59010158","boundaryName":"DA 59010158","boundarySource":"census","boundaryLevel":"bcDaSimplified","boundaryDetail":"medium","DAUID":"59010158","DGUID":"2021S051259010158","PRUID":"59","CDUID":"5901","CDNAME":"East Kootenay","CDTYPE":"RD","CSDUID":"5901028","CSDNAME":"Kimberley","CSDTYPE":"CY","CTUID":null,"CTNAME":null,"parentCdId":"5901","parentCdName":"East Kootenay","parentCsdId":"5901028","parentCsdName":"Kimberley","parentCtId":null,"parentCtName":null,"LANDAREA":0.3919,"areaKm2":0.39150622750604913},"id":49893},{"type":"Feature","geometry":{"type":"Polygon","coordinates":[[[-115.976608,49.685802],[-115.97655,49.687556],[-115.976953,49.689297],[-115.977727,49.69045],[-115.978879,49.690515],[-115.983628,49.689038],[-115.984771,49.689411],[-115.987549,49.691448],[-115.988449,49.69079],[-115.990535,49.692006],[-115.991577,49.691267],[-115.992808,49.691122],[-116.002215,49.693773],[-116.007957,49.694337],[-116.008943,49.693722],[-116.008458,49.69319],[-116.007127,49.692894],[-116.005335,49.691912],[-115.995716,49.688742],[-115.991329,49.686302],[-115.991982,49.685754],[-115.990495,49.684426],[-115.989652,49.683971],[-115.988959,49.684432],[-115.98851,49.685151],[-115.989526,49.686728],[-115.993265,49.688596],[-115.993006,49.689077],[-115.98621,49.686587],[-115.981781,49.685355],[-115.981101,49.684943],[-115.981518,49.684286],[-115.980536,49.684009],[-115.979529,49.683729],[-115.978603,49.683858],[-115.976608,49.685802]]]},"properties":{"id":"59010159","boundaryCode":"59010159","boundaryName":"DA 59010159","boundarySource":"census","boundaryLevel":"bcDaSimplified","boundaryDetail":"medium","DAUID":"59010159","DGUID":"2021S051259010159","PRUID":"59","CDUID":"5901","CDNAME":"East Kootenay","CDTYPE":"RD","CSDUID":"5901028","CSDNAME":"Kimberley","CSDTYPE":"CY","CTUID":null,"CTNAME":null,"parentCdId":"5901","parentCdName":"East Kootenay","parentCsdId":"5901028","parentCsdName":"Kimberley","parentCtId":null,"parentCtName":null,"LANDAREA":0.9534,"areaKm2":0.9523276775887571},"id":49894},{"type":"Feature","geometry":{"type":"Polygon","coordinates":[[[-115.97655,49.687556],[-115.974699,49.688478],[-115.967552,49.688414],[-115.967804,49.696125],[-115.976926,49.695677],[-115.976928,49.695286],[-115.978904,49.69534],[-115.979405,49.698655],[-115.984663,49.700624],[-115.98589,49.700006],[-115.98629,49.699436],[-115.986541,49.696713],[-115.983051,49.69458],[-115.987549,49.691448],[-115.984771,49.689411],[-115.983628,49.689038],[-115.978879,49.690515],[-115.977727,49.69045],[-115.976953,49.689297],[-115.97655,49.687556]]]},"properties":{"id":"59010160","boundaryCode":"59010160","boundaryName":"DA 59010160","boundarySource":"census","boundaryLevel":"bcDaSimplified","boundaryDetail":"medium","DAUID":"59010160","DGUID":"2021S051259010160","PRUID":"59","CDUID":"5901","CDNAME":"East Kootenay","CDTYPE":"RD","CSDUID":"5901028","CSDNAME":"Kimberley","CSDTYPE":"CY","CTUID":null,"CTNAME":null,"parentCdId":"5901","parentCdName":"East Kootenay","parentCsdId":"5901028","parentCsdName":"Kimberley","parentCtId":null,"parentCtName":null,"LANDAREA":1.1995,"areaKm2":1.1982429256039693},"id":49895},{"type":"Feature","geometry":{"type":"Polygon","coordinates":[[[-115.992808,49.691122],[-115.991577,49.691267],[-115.990535,49.692006],[-115.988449,49.69079],[-115.987549,49.691448],[-115.983051,49.69458],[-115.986541,49.696713],[-115.98629,49.699436],[-115.98589,49.700006],[-115.984663,49.700624],[-115.985152,49.700787],[-115.982113,49.704183],[-115.992597,49.708043],[-115.993338,49.708845],[-115.99079,49.7125],[-115.992202,49.713193],[-115.990166,49.715193],[-115.991599,49.716073],[-115.990843,49.716204],[-115.988102,49.715118],[-115.981311,49.720813],[-115.990603,49.725574],[-115.994608,49.728801],[-116.00086,49.729812],[-116.002755,49.732014],[-116.004598,49.727947],[-116.008282,49.724783],[-116.011416,49.725863],[-116.014706,49.722703],[-116.014169,49.721833],[-116.015064,49.7208],[-116.016581,49.720375],[-116.017338,49.716454],[-116.016648,49.716215],[-116.016645,49.714446],[-116.017709,49.713853],[-116.017206,49.713535],[-116.01544,49.713422],[-116.014584,49.714231],[-116.013584,49.71371],[-116.015107,49.713222],[-116.009813,49.705887],[-116.007618,49.706555],[-116.007358,49.705494],[-116.004897,49.706723],[-116.003778,49.707774],[-116.003174,49.707679],[-116.002417,49.706574],[-116.002304,49.705286],[-116.004215,49.703159],[-116.004635,49.700715],[-116.002995,49.699107],[-116.002186,49.697426],[-116.000138,49.69558],[-115.99555,49.693757],[-115.994229,49.691639],[-115.992808,49.691122]],[[-115.990077,49.694138],[-115.992156,49.695335],[-115.991509,49.695809],[-115.991086,49.700613],[-115.989926,49.702189],[-115.986877,49.701149],[-115.987989,49.699607],[-115.988287,49.696673],[-115.987472,49.695646],[-115.989168,49.694668],[-115.98743,49.693662],[-115.98822,49.693078],[-115.990077,49.694138]]]},"properties":{"id":"59010161","boundaryCode":"59010161","boundaryName":"DA 59010161","boundarySource":"census","boundaryLevel":"bcDaSimplified","boundaryDetail":"medium","DAUID":"59010161","DGUID":"2021S051259010161","PRUID":"59","CDUID":"5901","CDNAME":"East Kootenay","CDTYPE":"RD","CSDUID":"5901028","CSDNAME":"Kimberley","CSDTYPE":"CY","CTUID":null,"CTNAME":null,"parentCdId":"5901","parentCdName":"East Kootenay","parentCsdId":"5901028","parentCsdName":"Kimberley","parentCtId":null,"parentCtName":null,"LANDAREA":6.1428,"areaKm2":6.136128007944474},"id":49896},{"type":"Feature","geometry":{"type":"Polygon","coordinates":[[[-115.990077,49.694138],[-115.98822,49.693078],[-115.98743,49.693662],[-115.989168,49.694668],[-115.987472,49.695646],[-115.988287,49.696673],[-115.987989,49.699607],[-115.986877,49.701149],[-115.989926,49.702189],[-115.991086,49.700613],[-115.991509,49.695809],[-115.992156,49.695335],[-115.990077,49.694138]]]},"properties":{"id":"59010162","boundaryCode":"59010162","boundaryName":"DA 59010162","boundarySource":"census","boundaryLevel":"bcDaSimplified","boundaryDetail":"medium","DAUID":"59010162","DGUID":"2021S051259010162","PRUID":"59","CDUID":"5901","CDNAME":"East Kootenay","CDTYPE":"RD","CSDUID":"5901028","CSDNAME":"Kimberley","CSDTYPE":"CY","CTUID":null,"CTNAME":null,"parentCdId":"5901","parentCdName":"East Kootenay","parentCsdId":"5901028","parentCsdName":"Kimberley","parentCtId":null,"parentCtName":null,"LANDAREA":0.2151,"areaKm2":0.21488737370580432},"id":49897},{"type":"Feature","geometry":{"type":"Polygon","coordinates":[[[-116.443129,49.979293],[-116.45127,49.965619],[-116.471895,49.966244],[-116.498498,49.97779],[-116.497446,49.98097],[-116.510154,49.985001],[-116.546234,49.962075],[-116.565581,49.952988],[-116.578846,49.954631],[-116.583913,49.948846],[-116.584823,49.929689],[-116.59981,49.925301],[-116.620775,49.90998],[-116.622557,49.897267],[-116.645649,49.8826],[-116.676753,49.882297],[-116.697183,49.874532],[-116.693269,49.870066],[-116.684767,49.860675],[-116.69097,49.842771],[-116.683894,49.824603],[-116.673607,49.816852],[-116.685055,49.811815],[-116.669227,49.792858],[-116.658474,49.781668],[-116.639476,49.785145],[-116.634603,49.777659],[-116.62439,49.776916],[-116.623858,49.763901],[-116.611152,49.745258],[-116.597462,49.732632],[-116.590936,49.724897],[-116.607647,49.715785],[-116.590591,49.699379],[-116.594588,49.694754],[-116.628814,49.683879],[-116.657342,49.667821],[-116.675405,49.648301],[-116.677585,49.633354],[-116.670717,49.629635],[-116.648309,49.630759],[-116.645376,49.619768],[-116.650293,49.616377],[-116.664028,49.607339],[-116.689227,49.572749],[-116.682491,49.570632],[-116.64466,49.558729],[-116.625183,49.538848],[-116.644548,49.502918],[-116.667367,49.472222],[-116.632354,49.458686],[-116.617805,49.472113],[-116.595165,49.477024],[-116.579592,49.455205],[-116.563826,49.460673],[-116.543952,49.465118],[-116.534993,49.467146],[-116.509501,49.478899],[-116.491768,49.489657],[-116.463933,49.49704],[-116.45951,49.505205],[-116.456254,49.518227],[-116.450757,49.526907],[-116.440246,49.532457],[-116.423526,49.533667],[-116.414805,49.529777],[-116.41179,49.526411],[-116.401968,49.521822],[-116.395372,49.519645],[-116.37349,49.516344],[-116.362408,49.513097],[-116.355082,49.518618],[-116.349521,49.523766],[-116.312462,49.524605],[-116.303464,49.520983],[-116.296766,49.51165],[-116.289116,49.50856],[-116.281772,49.48919],[-116.282602,49.477658],[-116.284866,49.472404],[-116.266614,49.470782],[-116.257807,49.467998],[-116.248075,49.461463],[-116.245286,49.457982],[-116.248934,49.451958],[-116.259895,49.447973],[-116.254757,49.444293],[-116.237414,49.42815],[-116.238058,49.423311],[-116.241675,49.420162],[-116.23573,49.416968],[-116.215911,49.416569],[-116.210523,49.413461],[-116.198989,49.415343],[-116.199181,49.421224],[-116.189594,49.42498],[-116.182285,49.426654],[-116.175081,49.435865],[-116.173204,49.440131],[-116.170078,49.443487],[-116.164693,49.452706],[-116.163452,49.474012],[-116.166729,49.477217],[-116.163738,49.479397],[-116.153108,49.482748],[-116.147576,49.483815],[-116.140832,49.488947],[-116.133741,49.490802],[-116.128027,49.500178],[-116.128069,49.504118],[-116.121298,49.508855],[-116.1173,49.515274],[-116.109861,49.520053],[-116.104296,49.52599],[-116.098535,49.53303],[-116.094938,49.537623],[-116.090445,49.553611],[-116.078765,49.572281],[-116.075444,49.574498],[-116.071619,49.575277],[-116.07174,49.579559],[-116.075526,49.581883],[-116.073939,49.587634],[-116.07152,49.590071],[-115.99261,49.59143],[-115.982775,49.591166],[-115.95083,49.5914],[-115.951045,49.59382],[-115.927584,49.593962],[-115.906017,49.593976],[-115.9057,49.600978],[-115.898686,49.600039],[-115.898025,49.599276],[-115.896555,49.59851],[-115.894124,49.598307],[-115.891798,49.599192],[-115.891438,49.599915],[-115.887431,49.601535],[-115.881162,49.600726],[-115.881106,49.602095],[-115.880112,49.603177],[-115.880134,49.605239],[-115.894536,49.611959],[-115.903238,49.615364],[-115.905489,49.615767],[-115.912847,49.616155],[-115.916783,49.617286],[-115.923089,49.620696],[-115.929466,49.626381],[-115.929412,49.623066],[-115.94215,49.623517],[-115.94287,49.622748],[-115.944344,49.623168],[-115.947419,49.62258],[-115.949785,49.623104],[-115.950973,49.624228],[-115.952797,49.624885],[-115.95374,49.626712],[-115.956422,49.629047],[-115.960747,49.630432],[-115.96594,49.629469],[-115.968044,49.628332],[-115.970323,49.627555],[-115.972276,49.628118],[-115.97291,49.629521],[-115.972718,49.63102],[-115.973108,49.63167],[-115.973881,49.631911],[-115.976507,49.630769],[-115.97957,49.630187],[-115.984816,49.631352],[-115.9886,49.632842],[-115.990902,49.633061],[-115.991524,49.63288],[-115.991551,49.632345],[-115.989566,49.631017],[-115.989871,49.629718],[-115.992075,49.628942],[-115.995104,49.629026],[-115.997942,49.629952],[-116.000397,49.629913],[-116.000888,49.631103],[-116.01086,49.632192],[-116.010893,49.634554],[-116.011017,49.639376],[-116.027837,49.639223],[-116.027392,49.666969],[-116.028585,49.667072],[-116.027645,49.671302],[-116.022084,49.6709],[-116.021897,49.669016],[-116.021076,49.670025],[-116.02121,49.672606],[-116.022167,49.672484],[-116.022196,49.671897],[-116.028315,49.671863],[-116.028712,49.675721],[-116.032103,49.675361],[-116.03346,49.679154],[-116.03398,49.679116],[-116.034497,49.68107],[-116.057682,49.684795],[-116.051476,49.700793],[-116.030084,49.696985],[-116.028572,49.701199],[-116.025376,49.700789],[-116.025434,49.698352],[-116.021007,49.697208],[-116.021757,49.697851],[-116.017258,49.700352],[-116.012797,49.697204],[-116.014578,49.696622],[-116.008079,49.695541],[-116.007939,49.697608],[-116.004532,49.697252],[-116.005248,49.704168],[-116.007014,49.703999],[-116.007358,49.705494],[-116.007618,49.706555],[-116.009813,49.705887],[-116.015107,49.713222],[-116.013584,49.71371],[-116.014584,49.714231],[-116.01544,49.713422],[-116.017206,49.713535],[-116.017709,49.713853],[-116.016645,49.714446],[-116.016648,49.716215],[-116.017338,49.716454],[-116.016581,49.720375],[-116.015064,49.7208],[-116.014169,49.721833],[-116.014706,49.722703],[-116.011416,49.725863],[-116.008282,49.724783],[-116.004598,49.727947],[-116.002755,49.732014],[-116.00086,49.729812],[-115.994608,49.728801],[-115.990603,49.725574],[-115.981311,49.720813],[-115.988102,49.715118],[-115.990843,49.716204],[-115.991599,49.716073],[-115.990166,49.715193],[-115.992202,49.713193],[-115.99079,49.7125],[-115.993338,49.708845],[-115.992597,49.708043],[-115.982113,49.704183],[-115.985152,49.700787],[-115.984663,49.700624],[-115.979405,49.698655],[-115.978904,49.69534],[-115.976928,49.695286],[-115.976926,49.695677],[-115.967804,49.696125],[-115.967552,49.688414],[-115.974699,49.688478],[-115.97655,49.687556],[-115.976608,49.685802],[-115.976245,49.68646],[-115.975362,49.686849],[-115.970239,49.68654],[-115.965533,49.687453],[-115.964083,49.687969],[-115.961945,49.68961],[-115.960212,49.690236],[-115.950237,49.691363],[-115.945248,49.691027],[-115.938397,49.69144],[-115.934549,49.692314],[-115.929736,49.69478],[-115.927729,49.695443],[-115.918366,49.695544],[-115.918327,49.696412],[-115.917636,49.696871],[-115.917424,49.707144],[-115.911747,49.707089],[-115.911751,49.706325],[-115.906079,49.706298],[-115.900809,49.705712],[-115.900568,49.708351],[-115.900802,49.717369],[-115.905571,49.71761],[-115.922681,49.717369],[-115.925827,49.717639],[-115.92584,49.718347],[-115.926793,49.719156],[-115.926599,49.719811],[-115.925823,49.720352],[-115.925625,49.721843],[-115.926122,49.72255],[-115.926111,49.724934],[-115.92533,49.725709],[-115.923364,49.725511],[-115.942523,49.73524],[-115.94103,49.75165],[-115.941934,49.761063],[-115.947391,49.76712],[-115.947648,49.776991],[-115.968621,49.799864],[-115.999919,49.789899],[-116.012879,49.813075],[-116.042225,49.804386],[-116.063617,49.830025],[-116.089704,49.81605],[-116.110692,49.798394],[-116.113442,49.78862],[-116.143013,49.777465],[-116.161143,49.766585],[-116.182626,49.7755],[-116.19768,49.790094],[-116.204991,49.809383],[-116.220974,49.836678],[-116.228845,49.853484],[-116.228464,49.860726],[-116.239617,49.862741],[-116.247574,49.861798],[-116.250606,49.857909],[-116.257598,49.854327],[-116.270515,49.862313],[-116.282626,49.903698],[-116.283418,49.91108],[-116.289788,49.919016],[-116.298078,49.920876],[-116.303928,49.924086],[-116.314101,49.925685],[-116.321777,49.923358],[-116.334366,49.931268],[-116.355673,49.934868],[-116.398553,49.936617],[-116.408479,49.944044],[-116.426799,49.963534],[-116.443129,49.979293]]]},"properties":{"id":"59010163","boundaryCode":"59010163","boundaryName":"DA 59010163","boundarySource":"census","boundaryLevel":"bcDaSimplified","boundaryDetail":"medium","DAUID":"59010163","DGUID":"2021S051259010163","PRUID":"59","CDUID":"5901","CDNAME":"East Kootenay","CDTYPE":"RD","CSDUID":"5901037","CSDNAME":"East Kootenay E","CSDTYPE":"RDA","CTUID":null,"CTNAME":null,"parentCdId":"5901","parentCdName":"East Kootenay","parentCsdId":"5901037","parentCsdName":"East Kootenay E","parentCtId":null,"parentCtName":null,"LANDAREA":2062.6205,"areaKm2":2080.602868561211},"id":49898},{"type":"Feature","geometry":{"type":"Polygon","coordinates":[[[-116.210523,49.413461],[-116.209676,49.404612],[-116.198262,49.399111],[-116.191402,49.400922],[-116.183526,49.40167],[-116.152699,49.400872],[-116.129279,49.399435],[-116.119933,49.400197],[-116.11096,49.401327],[-116.1069,49.403413],[-116.097229,49.411906],[-116.087638,49.426252],[-116.077894,49.436066],[-116.078612,49.449213],[-116.07522,49.453361],[-116.072674,49.454863],[-116.058257,49.461506],[-116.044644,49.466632],[-116.03864,49.47099],[-116.0274,49.483608],[-116.020691,49.492529],[-116.008933,49.499776],[-116.007189,49.499762],[-115.99006,49.515298],[-115.976304,49.522123],[-115.964673,49.524853],[-115.957843,49.524101],[-115.935789,49.508908],[-115.925299,49.508076],[-115.913441,49.511137],[-115.902523,49.513251],[-115.892788,49.502717],[-115.891476,49.501596],[-115.859269,49.501361],[-115.859364,49.502409],[-115.85839,49.505046],[-115.859657,49.506924],[-115.8599,49.508631],[-115.860939,49.509376],[-115.861266,49.510895],[-115.859628,49.514395],[-115.860144,49.516893],[-115.856716,49.518695],[-115.853429,49.519519],[-115.8516,49.52088],[-115.84831,49.522173],[-115.845089,49.524215],[-115.842158,49.524104],[-115.84033,49.523403],[-115.838488,49.52324],[-115.836151,49.523679],[-115.834586,49.524346],[-115.825584,49.524465],[-115.818154,49.524216],[-115.815445,49.52376],[-115.812586,49.52367],[-115.810535,49.521837],[-115.808228,49.520556],[-115.794915,49.520688],[-115.794919,49.518066],[-115.792664,49.517941],[-115.791583,49.517076],[-115.791536,49.513468],[-115.783359,49.513399],[-115.783284,49.516688],[-115.780424,49.518339],[-115.778162,49.516484],[-115.778933,49.515961],[-115.776869,49.514563],[-115.776182,49.514963],[-115.775458,49.514416],[-115.773041,49.515562],[-115.770564,49.517249],[-115.771455,49.517774],[-115.77079,49.518243],[-115.776109,49.521013],[-115.776299,49.522158],[-115.777763,49.523036],[-115.780664,49.524357],[-115.783434,49.524305],[-115.78323,49.538314],[-115.775243,49.538607],[-115.775015,49.546326],[-115.771204,49.546236],[-115.771082,49.55213],[-115.777197,49.550187],[-115.789745,49.55121],[-115.789213,49.565478],[-115.784795,49.564192],[-115.772716,49.558872],[-115.771154,49.558904],[-115.775531,49.563691],[-115.78626,49.57022],[-115.791561,49.569919],[-115.797979,49.57133],[-115.800099,49.571403],[-115.802129,49.571035],[-115.805097,49.571625],[-115.806555,49.572215],[-115.812827,49.576252],[-115.815182,49.578347],[-115.819138,49.580457],[-115.822039,49.581338],[-115.824685,49.581626],[-115.829875,49.58264],[-115.835859,49.584499],[-115.840982,49.584958],[-115.847313,49.587284],[-115.866163,49.589932],[-115.866497,49.58915],[-115.867409,49.588608],[-115.872065,49.588364],[-115.873221,49.587018],[-115.872979,49.585705],[-115.877679,49.58535],[-115.882929,49.5859],[-115.884453,49.587222],[-115.885564,49.586378],[-115.886246,49.586389],[-115.886679,49.585952],[-115.888783,49.585394],[-115.890919,49.585661],[-115.89523,49.585633],[-115.898202,49.586185],[-115.900159,49.58624],[-115.910719,49.583717],[-115.912392,49.583603],[-115.919371,49.584225],[-115.921271,49.583514],[-115.925109,49.585616],[-115.931608,49.58709],[-115.931319,49.58909],[-115.927988,49.591967],[-115.927584,49.593962],[-115.951045,49.59382],[-115.95083,49.5914],[-115.982775,49.591166],[-115.99261,49.59143],[-116.07152,49.590071],[-116.073939,49.587634],[-116.075526,49.581883],[-116.07174,49.579559],[-116.071619,49.575277],[-116.075444,49.574498],[-116.078765,49.572281],[-116.090445,49.553611],[-116.094938,49.537623],[-116.098535,49.53303],[-116.104296,49.52599],[-116.109861,49.520053],[-116.1173,49.515274],[-116.121298,49.508855],[-116.128069,49.504118],[-116.128027,49.500178],[-116.133741,49.490802],[-116.140832,49.488947],[-116.147576,49.483815],[-116.153108,49.482748],[-116.163738,49.479397],[-116.166729,49.477217],[-116.163452,49.474012],[-116.164693,49.452706],[-116.170078,49.443487],[-116.173204,49.440131],[-116.175081,49.435865],[-116.182285,49.426654],[-116.189594,49.42498],[-116.199181,49.421224],[-116.198989,49.415343],[-116.210523,49.413461]]]},"properties":{"id":"59010164","boundaryCode":"59010164","boundaryName":"DA 59010164","boundarySource":"census","boundaryLevel":"bcDaSimplified","boundaryDetail":"medium","DAUID":"59010164","DGUID":"2021S051259010164","PRUID":"59","CDUID":"5901","CDNAME":"East Kootenay","CDTYPE":"RD","CSDUID":"5901035","CSDNAME":"East Kootenay C","CSDTYPE":"RDA","CTUID":null,"CTNAME":null,"parentCdId":"5901","parentCdName":"East Kootenay","parentCsdId":"5901035","parentCsdName":"East Kootenay C","parentCtId":null,"parentCtName":null,"LANDAREA":278.4794,"areaKm2":279.267277109207},"id":49899},{"type":"Feature","geometry":{"type":"Polygon","coordinates":[[[-115.892788,49.502717],[-115.891972,49.500237],[-115.881357,49.486945],[-115.8689,49.474571],[-115.863228,49.469589],[-115.863605,49.468508],[-115.831346,49.469338],[-115.831414,49.470573],[-115.823853,49.470783],[-115.823265,49.471111],[-115.822831,49.472354],[-115.820909,49.474469],[-115.811043,49.482441],[-115.807126,49.486273],[-115.807157,49.484712],[-115.802241,49.489877],[-115.798504,49.4954],[-115.7962,49.497314],[-115.796725,49.497364],[-115.796117,49.500525],[-115.796094,49.509449],[-115.796081,49.512565],[-115.795551,49.513097],[-115.796088,49.513414],[-115.791536,49.513468],[-115.791583,49.517076],[-115.792664,49.517941],[-115.794919,49.518066],[-115.794915,49.520688],[-115.808228,49.520556],[-115.810535,49.521837],[-115.812586,49.52367],[-115.815445,49.52376],[-115.818154,49.524216],[-115.825584,49.524465],[-115.834586,49.524346],[-115.836151,49.523679],[-115.838488,49.52324],[-115.84033,49.523403],[-115.842158,49.524104],[-115.845089,49.524215],[-115.84831,49.522173],[-115.8516,49.52088],[-115.853429,49.519519],[-115.856716,49.518695],[-115.860144,49.516893],[-115.859628,49.514395],[-115.861266,49.510895],[-115.860939,49.509376],[-115.8599,49.508631],[-115.859657,49.506924],[-115.85839,49.505046],[-115.859364,49.502409],[-115.859269,49.501361],[-115.891476,49.501596],[-115.892788,49.502717]]]},"properties":{"id":"59010165","boundaryCode":"59010165","boundaryName":"DA 59010165","boundarySource":"census","boundaryLevel":"bcDaSimplified","boundaryDetail":"medium","DAUID":"59010165","DGUID":"2021S051259010165","PRUID":"59","CDUID":"5901","CDNAME":"East Kootenay","CDTYPE":"RD","CSDUID":"5901035","CSDNAME":"East Kootenay C","CSDTYPE":"RDA","CTUID":null,"CTNAME":null,"parentCdId":"5901","parentCdName":"East Kootenay","parentCsdId":"5901035","parentCsdName":"East Kootenay C","parentCtId":null,"parentCtName":null,"LANDAREA":28.9129,"areaKm2":29.23522842915731},"id":49900},{"type":"Feature","geometry":{"type":"Polygon","coordinates":[[[-115.7962,49.497314],[-115.789574,49.502546],[-115.787949,49.501738],[-115.784467,49.50261],[-115.785141,49.503276],[-115.782391,49.504918],[-115.777363,49.504903],[-115.775971,49.504901],[-115.775967,49.506711],[-115.775897,49.509353],[-115.774238,49.510325],[-115.771785,49.510315],[-115.771775,49.51163],[-115.769545,49.513055],[-115.771183,49.51423],[-115.77212,49.513722],[-115.773608,49.513483],[-115.785859,49.506265],[-115.789641,49.508933],[-115.792528,49.507264],[-115.796094,49.509449],[-115.796117,49.500525],[-115.796725,49.497364],[-115.7962,49.497314]]]},"properties":{"id":"59010166","boundaryCode":"59010166","boundaryName":"DA 59010166","boundarySource":"census","boundaryLevel":"bcDaSimplified","boundaryDetail":"medium","DAUID":"59010166","DGUID":"2021S051259010166","PRUID":"59","CDUID":"5901","CDNAME":"East Kootenay","CDTYPE":"RD","CSDUID":"5901022","CSDNAME":"Cranbrook","CSDTYPE":"CY","CTUID":null,"CTNAME":null,"parentCdId":"5901","parentCdName":"East Kootenay","parentCsdId":"5901022","parentCsdName":"Cranbrook","parentCtId":null,"parentCtName":null,"LANDAREA":1.1148,"areaKm2":1.1136227738804687},"id":49901},{"type":"Feature","geometry":{"type":"Polygon","coordinates":[[[-115.784467,49.50261],[-115.782966,49.503038],[-115.782958,49.501996],[-115.780727,49.501981],[-115.781166,49.501372],[-115.782952,49.501341],[-115.782984,49.49789],[-115.77737,49.49792],[-115.777381,49.502881],[-115.777363,49.504903],[-115.782391,49.504918],[-115.785141,49.503276],[-115.784467,49.50261]]]},"properties":{"id":"59010167","boundaryCode":"59010167","boundaryName":"DA 59010167","boundarySource":"census","boundaryLevel":"bcDaSimplified","boundaryDetail":"medium","DAUID":"59010167","DGUID":"2021S051259010167","PRUID":"59","CDUID":"5901","CDNAME":"East Kootenay","CDTYPE":"RD","CSDUID":"5901022","CSDNAME":"Cranbrook","CSDTYPE":"CY","CTUID":null,"CTNAME":null,"parentCdId":"5901","parentCdName":"East Kootenay","parentCsdId":"5901022","parentCsdName":"Cranbrook","parentCtId":null,"parentCtName":null,"LANDAREA":0.32170000000000004,"areaKm2":0.3213963518769549},"id":49902},{"type":"Feature","geometry":{"type":"Polygon","coordinates":[[[-115.7962,49.497314],[-115.788217,49.497879],[-115.783843,49.497908],[-115.784246,49.494661],[-115.777156,49.494723],[-115.776997,49.496894],[-115.77737,49.49792],[-115.782984,49.49789],[-115.782952,49.501341],[-115.781166,49.501372],[-115.780727,49.501981],[-115.782958,49.501996],[-115.782966,49.503038],[-115.784467,49.50261],[-115.787949,49.501738],[-115.789574,49.502546],[-115.7962,49.497314]]]},"properties":{"id":"59010168","boundaryCode":"59010168","boundaryName":"DA 59010168","boundarySource":"census","boundaryLevel":"bcDaSimplified","boundaryDetail":"medium","DAUID":"59010168","DGUID":"2021S051259010168","PRUID":"59","CDUID":"5901","CDNAME":"East Kootenay","CDTYPE":"RD","CSDUID":"5901022","CSDNAME":"Cranbrook","CSDTYPE":"CY","CTUID":null,"CTNAME":null,"parentCdId":"5901","parentCdName":"East Kootenay","parentCsdId":"5901022","parentCsdName":"Cranbrook","parentCtId":null,"parentCtName":null,"LANDAREA":0.5296000000000001,"areaKm2":0.5495316573244374},"id":49903},{"type":"Feature","geometry":{"type":"Polygon","coordinates":[[[-115.784246,49.494661],[-115.784206,49.491209],[-115.776489,49.490871],[-115.776344,49.494351],[-115.772071,49.496491],[-115.771872,49.49795],[-115.774643,49.497934],[-115.77737,49.49792],[-115.776997,49.496894],[-115.777156,49.494723],[-115.784246,49.494661]]]},"properties":{"id":"59010169","boundaryCode":"59010169","boundaryName":"DA 59010169","boundarySource":"census","boundaryLevel":"bcDaSimplified","boundaryDetail":"medium","DAUID":"59010169","DGUID":"2021S051259010169","PRUID":"59","CDUID":"5901","CDNAME":"East Kootenay","CDTYPE":"RD","CSDUID":"5901022","CSDNAME":"Cranbrook","CSDTYPE":"CY","CTUID":null,"CTNAME":null,"parentCdId":"5901","parentCdName":"East Kootenay","parentCsdId":"5901022","parentCsdName":"Cranbrook","parentCtId":null,"parentCtName":null,"LANDAREA":0.33430000000000004,"areaKm2":0.3339513414191185},"id":49904},{"type":"Feature","geometry":{"type":"Polygon","coordinates":[[[-115.776489,49.490871],[-115.77261,49.490944],[-115.772489,49.48785],[-115.77082,49.487879],[-115.770806,49.490461],[-115.770707,49.49376],[-115.767941,49.493726],[-115.767903,49.494631],[-115.770686,49.494705],[-115.770674,49.495553],[-115.771364,49.495764],[-115.770701,49.496443],[-115.770693,49.497956],[-115.771872,49.49795],[-115.772071,49.496491],[-115.776344,49.494351],[-115.776489,49.490871]]]},"properties":{"id":"59010170","boundaryCode":"59010170","boundaryName":"DA 59010170","boundarySource":"census","boundaryLevel":"bcDaSimplified","boundaryDetail":"medium","DAUID":"59010170","DGUID":"2021S051259010170","PRUID":"59","CDUID":"5901","CDNAME":"East Kootenay","CDTYPE":"RD","CSDUID":"5901022","CSDNAME":"Cranbrook","CSDTYPE":"CY","CTUID":null,"CTNAME":null,"parentCdId":"5901","parentCdName":"East Kootenay","parentCsdId":"5901022","parentCsdName":"Cranbrook","parentCtId":null,"parentCtName":null,"LANDAREA":0.2942,"areaKm2":0.2939382289480354},"id":49905},{"type":"Feature","geometry":{"type":"Polygon","coordinates":[[[-115.770806,49.490461],[-115.765267,49.490228],[-115.764996,49.496428],[-115.766326,49.496423],[-115.766284,49.497233],[-115.767825,49.49721],[-115.767625,49.497983],[-115.770693,49.497956],[-115.770701,49.496443],[-115.771364,49.495764],[-115.770674,49.495553],[-115.770686,49.494705],[-115.767903,49.494631],[-115.767941,49.493726],[-115.770707,49.49376],[-115.770806,49.490461]]]},"properties":{"id":"59010171","boundaryCode":"59010171","boundaryName":"DA 59010171","boundarySource":"census","boundaryLevel":"bcDaSimplified","boundaryDetail":"medium","DAUID":"59010171","DGUID":"2021S051259010171","PRUID":"59","CDUID":"5901","CDNAME":"East Kootenay","CDTYPE":"RD","CSDUID":"5901022","CSDNAME":"Cranbrook","CSDTYPE":"CY","CTUID":null,"CTNAME":null,"parentCdId":"5901","parentCdName":"East Kootenay","parentCsdId":"5901022","parentCsdName":"Cranbrook","parentCtId":null,"parentCtName":null,"LANDAREA":0.3073,"areaKm2":0.30693517899358214},"id":49906},{"type":"Feature","geometry":{"type":"Polygon","coordinates":[[[-115.771872,49.49795],[-115.770693,49.497956],[-115.767625,49.497983],[-115.767825,49.49721],[-115.766284,49.497233],[-115.766296,49.500753],[-115.76904,49.500931],[-115.77185,49.500946],[-115.771857,49.499994],[-115.77464,49.500002],[-115.774643,49.497934],[-115.771872,49.49795]]]},"properties":{"id":"59010172","boundaryCode":"59010172","boundaryName":"DA 59010172","boundarySource":"census","boundaryLevel":"bcDaSimplified","boundaryDetail":"medium","DAUID":"59010172","DGUID":"2021S051259010172","PRUID":"59","CDUID":"5901","CDNAME":"East Kootenay","CDTYPE":"RD","CSDUID":"5901022","CSDNAME":"Cranbrook","CSDTYPE":"CY","CTUID":null,"CTNAME":null,"parentCdId":"5901","parentCdName":"East Kootenay","parentCsdId":"5901022","parentCsdName":"Cranbrook","parentCtId":null,"parentCtName":null,"LANDAREA":0.18710000000000002,"areaKm2":0.1869093350798128},"id":49907},{"type":"Feature","geometry":{"type":"Polygon","coordinates":[[[-115.764996,49.496428],[-115.76477,49.497412],[-115.762077,49.497524],[-115.762188,49.500711],[-115.766296,49.500753],[-115.766284,49.497233],[-115.766326,49.496423],[-115.764996,49.496428]]]},"properties":{"id":"59010173","boundaryCode":"59010173","boundaryName":"DA 59010173","boundarySource":"census","boundaryLevel":"bcDaSimplified","boundaryDetail":"medium","DAUID":"59010173","DGUID":"2021S051259010173","PRUID":"59","CDUID":"5901","CDNAME":"East Kootenay","CDTYPE":"RD","CSDUID":"5901022","CSDNAME":"Cranbrook","CSDTYPE":"CY","CTUID":null,"CTNAME":null,"parentCdId":"5901","parentCdName":"East Kootenay","parentCsdId":"5901022","parentCsdName":"Cranbrook","parentCtId":null,"parentCtName":null,"LANDAREA":0.1221,"areaKm2":0.12197388387843576},"id":49908},{"type":"Feature","geometry":{"type":"Polygon","coordinates":[[[-115.766296,49.500753],[-115.762188,49.500711],[-115.759384,49.500655],[-115.759362,49.502284],[-115.760723,49.502295],[-115.760738,49.503912],[-115.761384,49.504859],[-115.762097,49.504862],[-115.763458,49.504865],[-115.763473,49.50306],[-115.769029,49.503319],[-115.769029,49.502844],[-115.76904,49.500931],[-115.766296,49.500753]]]},"properties":{"id":"59010174","boundaryCode":"59010174","boundaryName":"DA 59010174","boundarySource":"census","boundaryLevel":"bcDaSimplified","boundaryDetail":"medium","DAUID":"59010174","DGUID":"2021S051259010174","PRUID":"59","CDUID":"5901","CDNAME":"East Kootenay","CDTYPE":"RD","CSDUID":"5901022","CSDNAME":"Cranbrook","CSDTYPE":"CY","CTUID":null,"CTNAME":null,"parentCdId":"5901","parentCdName":"East Kootenay","parentCsdId":"5901022","parentCsdName":"Cranbrook","parentCtId":null,"parentCtName":null,"LANDAREA":0.21230000000000002,"areaKm2":0.2120845652513121},"id":49909},{"type":"Feature","geometry":{"type":"Polygon","coordinates":[[[-115.762077,49.497524],[-115.760531,49.496118],[-115.759923,49.496418],[-115.759318,49.495935],[-115.757536,49.495939],[-115.757514,49.496796],[-115.759257,49.497402],[-115.759205,49.499524],[-115.75685,49.499665],[-115.756793,49.498466],[-115.755718,49.498461],[-115.755788,49.499732],[-115.755816,49.50123],[-115.756659,49.501874],[-115.759362,49.502284],[-115.759384,49.500655],[-115.762188,49.500711],[-115.762077,49.497524]]]},"properties":{"id":"59010175","boundaryCode":"59010175","boundaryName":"DA 59010175","boundarySource":"census","boundaryLevel":"bcDaSimplified","boundaryDetail":"medium","DAUID":"59010175","DGUID":"2021S051259010175","PRUID":"59","CDUID":"5901","CDNAME":"East Kootenay","CDTYPE":"RD","CSDUID":"5901022","CSDNAME":"Cranbrook","CSDTYPE":"CY","CTUID":null,"CTNAME":null,"parentCdId":"5901","parentCdName":"East Kootenay","parentCsdId":"5901022","parentCsdName":"Cranbrook","parentCtId":null,"parentCtName":null,"LANDAREA":0.1915,"areaKm2":0.19127640272204294},"id":49910},{"type":"Feature","geometry":{"type":"Polygon","coordinates":[[[-115.760531,49.496118],[-115.759784,49.495325],[-115.759818,49.492491],[-115.751315,49.492469],[-115.751314,49.494217],[-115.748402,49.494241],[-115.74842,49.496257],[-115.751314,49.496273],[-115.751416,49.500006],[-115.755788,49.499732],[-115.755718,49.498461],[-115.756793,49.498466],[-115.75685,49.499665],[-115.759205,49.499524],[-115.759257,49.497402],[-115.757514,49.496796],[-115.757536,49.495939],[-115.759318,49.495935],[-115.759923,49.496418],[-115.760531,49.496118]]]},"properties":{"id":"59010176","boundaryCode":"59010176","boundaryName":"DA 59010176","boundarySource":"census","boundaryLevel":"bcDaSimplified","boundaryDetail":"medium","DAUID":"59010176","DGUID":"2021S051259010176","PRUID":"59","CDUID":"5901","CDNAME":"East Kootenay","CDTYPE":"RD","CSDUID":"5901022","CSDNAME":"Cranbrook","CSDTYPE":"CY","CTUID":null,"CTNAME":null,"parentCdId":"5901","parentCdName":"East Kootenay","parentCsdId":"5901022","parentCsdName":"Cranbrook","parentCtId":null,"parentCtName":null,"LANDAREA":0.5004000000000001,"areaKm2":0.4998710232884711},"id":49911},{"type":"Feature","geometry":{"type":"Polygon","coordinates":[[[-115.759362,49.502284],[-115.756659,49.501874],[-115.755816,49.50123],[-115.755788,49.499732],[-115.751416,49.500006],[-115.751417,49.500065],[-115.751521,49.50407],[-115.752324,49.504069],[-115.752204,49.506659],[-115.755179,49.506743],[-115.755622,49.506747],[-115.755638,49.504068],[-115.75864,49.503753],[-115.75868,49.504843],[-115.761384,49.504859],[-115.760738,49.503912],[-115.760723,49.502295],[-115.759362,49.502284]]]},"properties":{"id":"59010177","boundaryCode":"59010177","boundaryName":"DA 59010177","boundarySource":"census","boundaryLevel":"bcDaSimplified","boundaryDetail":"medium","DAUID":"59010177","DGUID":"2021S051259010177","PRUID":"59","CDUID":"5901","CDNAME":"East Kootenay","CDTYPE":"RD","CSDUID":"5901022","CSDNAME":"Cranbrook","CSDTYPE":"CY","CTUID":null,"CTNAME":null,"parentCdId":"5901","parentCdName":"East Kootenay","parentCsdId":"5901022","parentCsdName":"Cranbrook","parentCtId":null,"parentCtName":null,"LANDAREA":0.31020000000000003,"areaKm2":0.3098860166116957},"id":49912},{"type":"Feature","geometry":{"type":"Polygon","coordinates":[[[-115.751417,49.500065],[-115.749748,49.500074],[-115.749738,49.501996],[-115.743788,49.501955],[-115.743755,49.504988],[-115.749467,49.505013],[-115.749437,49.506641],[-115.751348,49.506654],[-115.751521,49.50407],[-115.751417,49.500065]]]},"properties":{"id":"59010178","boundaryCode":"59010178","boundaryName":"DA 59010178","boundarySource":"census","boundaryLevel":"bcDaSimplified","boundaryDetail":"medium","DAUID":"59010178","DGUID":"2021S051259010178","PRUID":"59","CDUID":"5901","CDNAME":"East Kootenay","CDTYPE":"RD","CSDUID":"5901022","CSDNAME":"Cranbrook","CSDTYPE":"CY","CTUID":null,"CTNAME":null,"parentCdId":"5901","parentCdName":"East Kootenay","parentCsdId":"5901022","parentCsdName":"Cranbrook","parentCtId":null,"parentCtName":null,"LANDAREA":0.24020000000000002,"areaKm2":0.2399843365182821},"id":49913},{"type":"Feature","geometry":{"type":"Polygon","coordinates":[[[-115.743755,49.504988],[-115.743839,49.508414],[-115.748335,49.508433],[-115.751755,49.508436],[-115.751348,49.506654],[-115.749437,49.506641],[-115.749467,49.505013],[-115.743755,49.504988]]]},"properties":{"id":"59010179","boundaryCode":"59010179","boundaryName":"DA 59010179","boundarySource":"census","boundaryLevel":"bcDaSimplified","boundaryDetail":"medium","DAUID":"59010179","DGUID":"2021S051259010179","PRUID":"59","CDUID":"5901","CDNAME":"East Kootenay","CDTYPE":"RD","CSDUID":"5901022","CSDNAME":"Cranbrook","CSDTYPE":"CY","CTUID":null,"CTNAME":null,"parentCdId":"5901","parentCdName":"East Kootenay","parentCsdId":"5901022","parentCsdName":"Cranbrook","parentCtId":null,"parentCtName":null,"LANDAREA":0.1859,"areaKm2":0.18569842709132733},"id":49914},{"type":"Feature","geometry":{"type":"Polygon","coordinates":[[[-115.743788,49.501955],[-115.743605,49.499984],[-115.742495,49.500034],[-115.741902,49.499474],[-115.742062,49.498016],[-115.73919,49.497966],[-115.739187,49.500029],[-115.739174,49.504912],[-115.738014,49.504919],[-115.738023,49.506388],[-115.736456,49.50648],[-115.737346,49.507363],[-115.737355,49.508052],[-115.738004,49.507726],[-115.739611,49.508313],[-115.743839,49.508414],[-115.743755,49.504988],[-115.743788,49.501955]]]},"properties":{"id":"59010180","boundaryCode":"59010180","boundaryName":"DA 59010180","boundarySource":"census","boundaryLevel":"bcDaSimplified","boundaryDetail":"medium","DAUID":"59010180","DGUID":"2021S051259010180","PRUID":"59","CDUID":"5901","CDNAME":"East Kootenay","CDTYPE":"RD","CSDUID":"5901022","CSDNAME":"Cranbrook","CSDTYPE":"CY","CTUID":null,"CTNAME":null,"parentCdId":"5901","parentCdName":"East Kootenay","parentCsdId":"5901022","parentCsdName":"Cranbrook","parentCtId":null,"parentCtName":null,"LANDAREA":0.3924,"areaKm2":0.39197089672137764},"id":49915},{"type":"Feature","geometry":{"type":"Polygon","coordinates":[[[-115.739187,49.500029],[-115.734042,49.500004],[-115.732541,49.501899],[-115.733519,49.501928],[-115.733059,49.506451],[-115.736456,49.50648],[-115.738023,49.506388],[-115.738014,49.504919],[-115.739174,49.504912],[-115.739187,49.500029]]]},"properties":{"id":"59010181","boundaryCode":"59010181","boundaryName":"DA 59010181","boundarySource":"census","boundaryLevel":"bcDaSimplified","boundaryDetail":"medium","DAUID":"59010181","DGUID":"2021S051259010181","PRUID":"59","CDUID":"5901","CDNAME":"East Kootenay","CDTYPE":"RD","CSDUID":"5901022","CSDNAME":"Cranbrook","CSDTYPE":"CY","CTUID":null,"CTNAME":null,"parentCdId":"5901","parentCdName":"East Kootenay","parentCsdId":"5901022","parentCsdName":"Cranbrook","parentCtId":null,"parentCtName":null,"LANDAREA":0.29350000000000004,"areaKm2":0.2932144847033606},"id":49916},{"type":"Feature","geometry":{"type":"Polygon","coordinates":[[[-115.743839,49.508414],[-115.739611,49.508313],[-115.738004,49.507726],[-115.737355,49.508052],[-115.734911,49.510223],[-115.739056,49.510556],[-115.741334,49.516737],[-115.741751,49.516727],[-115.736392,49.519905],[-115.735088,49.521322],[-115.739443,49.524079],[-115.739466,49.524442],[-115.742924,49.524671],[-115.744287,49.524123],[-115.744981,49.523233],[-115.745471,49.522012],[-115.746869,49.521195],[-115.746638,49.520823],[-115.744724,49.520808],[-115.745161,49.520101],[-115.747949,49.520166],[-115.747961,49.518208],[-115.751078,49.518186],[-115.751091,49.519277],[-115.752286,49.519278],[-115.75231,49.51748],[-115.747971,49.51745],[-115.747989,49.515665],[-115.749342,49.515651],[-115.749372,49.513864],[-115.749063,49.513862],[-115.748532,49.511332],[-115.748335,49.508433],[-115.743839,49.508414]]]},"properties":{"id":"59010183","boundaryCode":"59010183","boundaryName":"DA 59010183","boundarySource":"census","boundaryLevel":"bcDaSimplified","boundaryDetail":"medium","DAUID":"59010183","DGUID":"2021S051259010183","PRUID":"59","CDUID":"5901","CDNAME":"East Kootenay","CDTYPE":"RD","CSDUID":"5901022","CSDNAME":"Cranbrook","CSDTYPE":"CY","CTUID":null,"CTNAME":null,"parentCdId":"5901","parentCdName":"East Kootenay","parentCsdId":"5901022","parentCsdName":"Cranbrook","parentCtId":null,"parentCtName":null,"LANDAREA":1.2282,"areaKm2":1.226882288034252},"id":49917},{"type":"Feature","geometry":{"type":"Polygon","coordinates":[[[-115.746869,49.521195],[-115.753551,49.521098],[-115.753571,49.519287],[-115.752286,49.519278],[-115.751091,49.519277],[-115.751078,49.518186],[-115.747961,49.518208],[-115.747949,49.520166],[-115.745161,49.520101],[-115.744724,49.520808],[-115.746638,49.520823],[-115.746869,49.521195]]]},"properties":{"id":"59010184","boundaryCode":"59010184","boundaryName":"DA 59010184","boundarySource":"census","boundaryLevel":"bcDaSimplified","boundaryDetail":"medium","DAUID":"59010184","DGUID":"2021S051259010184","PRUID":"59","CDUID":"5901","CDNAME":"East Kootenay","CDTYPE":"RD","CSDUID":"5901022","CSDNAME":"Cranbrook","CSDTYPE":"CY","CTUID":null,"CTNAME":null,"parentCdId":"5901","parentCdName":"East Kootenay","parentCsdId":"5901022","parentCsdName":"Cranbrook","parentCtId":null,"parentCtName":null,"LANDAREA":0.1293,"areaKm2":0.12921392043846205},"id":49918},{"type":"Feature","geometry":{"type":"Polygon","coordinates":[[[-115.744981,49.523233],[-115.747902,49.522869],[-115.753532,49.522842],[-115.753551,49.521098],[-115.746869,49.521195],[-115.745471,49.522012],[-115.744981,49.523233]]]},"properties":{"id":"59010185","boundaryCode":"59010185","boundaryName":"DA 59010185","boundarySource":"census","boundaryLevel":"bcDaSimplified","boundaryDetail":"medium","DAUID":"59010185","DGUID":"2021S051259010185","PRUID":"59","CDUID":"5901","CDNAME":"East Kootenay","CDTYPE":"RD","CSDUID":"5901022","CSDNAME":"Cranbrook","CSDTYPE":"CY","CTUID":null,"CTNAME":null,"parentCdId":"5901","parentCdName":"East Kootenay","parentCsdId":"5901022","parentCsdName":"Cranbrook","parentCtId":null,"parentCtName":null,"LANDAREA":0.11720000000000001,"areaKm2":0.11705302883604649},"id":49919},{"type":"Feature","geometry":{"type":"Polygon","coordinates":[[[-115.752286,49.519278],[-115.753571,49.519287],[-115.753551,49.521098],[-115.753532,49.522842],[-115.75357,49.524077],[-115.756046,49.525686],[-115.753304,49.533424],[-115.75509,49.533891],[-115.75658,49.536452],[-115.757298,49.53666],[-115.759991,49.536246],[-115.763557,49.533907],[-115.765119,49.533468],[-115.764461,49.53223],[-115.764595,49.527943],[-115.768742,49.52488],[-115.769584,49.522164],[-115.767801,49.521241],[-115.763941,49.519239],[-115.767336,49.516552],[-115.764832,49.515301],[-115.764282,49.516117],[-115.761504,49.518006],[-115.760462,49.517494],[-115.759189,49.517505],[-115.759197,49.515698],[-115.753597,49.51568],[-115.753562,49.517476],[-115.75231,49.51748],[-115.752286,49.519278]]]},"properties":{"id":"59010186","boundaryCode":"59010186","boundaryName":"DA 59010186","boundarySource":"census","boundaryLevel":"bcDaSimplified","boundaryDetail":"medium","DAUID":"59010186","DGUID":"2021S051259010186","PRUID":"59","CDUID":"5901","CDNAME":"East Kootenay","CDTYPE":"RD","CSDUID":"5901022","CSDNAME":"Cranbrook","CSDTYPE":"CY","CTUID":null,"CTNAME":null,"parentCdId":"5901","parentCdName":"East Kootenay","parentCsdId":"5901022","parentCsdName":"Cranbrook","parentCtId":null,"parentCtName":null,"LANDAREA":1.8437000000000001,"areaKm2":1.8428777414248303},"id":49920},{"type":"Feature","geometry":{"type":"Polygon","coordinates":[[[-115.75231,49.51748],[-115.753562,49.517476],[-115.753597,49.51568],[-115.753628,49.513869],[-115.749372,49.513864],[-115.749342,49.515651],[-115.747989,49.515665],[-115.747971,49.51745],[-115.75231,49.51748]]]},"properties":{"id":"59010187","boundaryCode":"59010187","boundaryName":"DA 59010187","boundarySource":"census","boundaryLevel":"bcDaSimplified","boundaryDetail":"medium","DAUID":"59010187","DGUID":"2021S051259010187","PRUID":"59","CDUID":"5901","CDNAME":"East Kootenay","CDTYPE":"RD","CSDUID":"5901022","CSDNAME":"Cranbrook","CSDTYPE":"CY","CTUID":null,"CTNAME":null,"parentCdId":"5901","parentCdName":"East Kootenay","parentCsdId":"5901022","parentCsdName":"Cranbrook","parentCtId":null,"parentCtName":null,"LANDAREA":0.1431,"areaKm2":0.14293636944019808},"id":49921},{"type":"Feature","geometry":{"type":"Polygon","coordinates":[[[-115.759197,49.515698],[-115.759137,49.513887],[-115.753628,49.513869],[-115.753597,49.51568],[-115.759197,49.515698]]]},"properties":{"id":"59010188","boundaryCode":"59010188","boundaryName":"DA 59010188","boundarySource":"census","boundaryLevel":"bcDaSimplified","boundaryDetail":"medium","DAUID":"59010188","DGUID":"2021S051259010188","PRUID":"59","CDUID":"5901","CDNAME":"East Kootenay","CDTYPE":"RD","CSDUID":"5901022","CSDNAME":"Cranbrook","CSDTYPE":"CY","CTUID":null,"CTNAME":null,"parentCdId":"5901","parentCdName":"East Kootenay","parentCsdId":"5901022","parentCsdName":"Cranbrook","parentCtId":null,"parentCtName":null,"LANDAREA":0.0806,"areaKm2":0.08049038854268852},"id":49922},{"type":"Feature","geometry":{"type":"Polygon","coordinates":[[[-115.759197,49.515698],[-115.762009,49.515708],[-115.762054,49.510277],[-115.757862,49.510261],[-115.756051,49.510778],[-115.75315,49.512751],[-115.753628,49.513869],[-115.759137,49.513887],[-115.759197,49.515698]]]},"properties":{"id":"59010189","boundaryCode":"59010189","boundaryName":"DA 59010189","boundarySource":"census","boundaryLevel":"bcDaSimplified","boundaryDetail":"medium","DAUID":"59010189","DGUID":"2021S051259010189","PRUID":"59","CDUID":"5901","CDNAME":"East Kootenay","CDTYPE":"RD","CSDUID":"5901022","CSDNAME":"Cranbrook","CSDTYPE":"CY","CTUID":null,"CTNAME":null,"parentCdId":"5901","parentCdName":"East Kootenay","parentCsdId":"5901022","parentCsdName":"Cranbrook","parentCtId":null,"parentCtName":null,"LANDAREA":0.2586,"areaKm2":0.2583789595596976},"id":49923},{"type":"Feature","geometry":{"type":"Polygon","coordinates":[[[-115.771785,49.510315],[-115.764818,49.510286],[-115.764813,49.508488],[-115.764867,49.506671],[-115.762083,49.50666],[-115.762054,49.510277],[-115.762009,49.515708],[-115.759197,49.515698],[-115.759189,49.517505],[-115.760462,49.517494],[-115.761504,49.518006],[-115.764282,49.516117],[-115.764832,49.515301],[-115.767001,49.513528],[-115.768166,49.514131],[-115.769545,49.513055],[-115.771775,49.51163],[-115.771785,49.510315]]]},"properties":{"id":"59010190","boundaryCode":"59010190","boundaryName":"DA 59010190","boundarySource":"census","boundaryLevel":"bcDaSimplified","boundaryDetail":"medium","DAUID":"59010190","DGUID":"2021S051259010190","PRUID":"59","CDUID":"5901","CDNAME":"East Kootenay","CDTYPE":"RD","CSDUID":"5901022","CSDNAME":"Cranbrook","CSDTYPE":"CY","CTUID":null,"CTNAME":null,"parentCdId":"5901","parentCdName":"East Kootenay","parentCsdId":"5901022","parentCsdName":"Cranbrook","parentCtId":null,"parentCtName":null,"LANDAREA":0.4419,"areaKm2":0.4414078601983159},"id":49924},{"type":"Feature","geometry":{"type":"Polygon","coordinates":[[[-115.771785,49.510315],[-115.771797,49.508515],[-115.770369,49.508508],[-115.770384,49.506691],[-115.769008,49.506686],[-115.766249,49.506676],[-115.766207,49.508494],[-115.764813,49.508488],[-115.764818,49.510286],[-115.771785,49.510315]]]},"properties":{"id":"59010191","boundaryCode":"59010191","boundaryName":"DA 59010191","boundarySource":"census","boundaryLevel":"bcDaSimplified","boundaryDetail":"medium","DAUID":"59010191","DGUID":"2021S051259010191","PRUID":"59","CDUID":"5901","CDNAME":"East Kootenay","CDTYPE":"RD","CSDUID":"5901022","CSDNAME":"Cranbrook","CSDTYPE":"CY","CTUID":null,"CTNAME":null,"parentCdId":"5901","parentCdName":"East Kootenay","parentCsdId":"5901022","parentCsdName":"Cranbrook","parentCtId":null,"parentCtName":null,"LANDAREA":0.16190000000000002,"areaKm2":0.16168388162525651},"id":49925},{"type":"Feature","geometry":{"type":"Polygon","coordinates":[[[-115.762097,49.504862],[-115.762083,49.50666],[-115.764867,49.506671],[-115.764813,49.508488],[-115.766207,49.508494],[-115.766249,49.506676],[-115.769008,49.506686],[-115.769016,49.504882],[-115.769029,49.503319],[-115.763473,49.50306],[-115.763458,49.504865],[-115.762097,49.504862]]]},"properties":{"id":"59010192","boundaryCode":"59010192","boundaryName":"DA 59010192","boundarySource":"census","boundaryLevel":"bcDaSimplified","boundaryDetail":"medium","DAUID":"59010192","DGUID":"2021S051259010192","PRUID":"59","CDUID":"5901","CDNAME":"East Kootenay","CDTYPE":"RD","CSDUID":"5901022","CSDNAME":"Cranbrook","CSDTYPE":"CY","CTUID":null,"CTNAME":null,"parentCdId":"5901","parentCdName":"East Kootenay","parentCsdId":"5901022","parentCsdName":"Cranbrook","parentCtId":null,"parentCtName":null,"LANDAREA":0.19640000000000002,"areaKm2":0.19618261506990195},"id":49926},{"type":"Feature","geometry":{"type":"Polygon","coordinates":[[[-115.775967,49.506711],[-115.773185,49.506701],[-115.77319,49.504893],[-115.769016,49.504882],[-115.769008,49.506686],[-115.770384,49.506691],[-115.770369,49.508508],[-115.771797,49.508515],[-115.771785,49.510315],[-115.774238,49.510325],[-115.775897,49.509353],[-115.775967,49.506711]]]},"properties":{"id":"59010193","boundaryCode":"59010193","boundaryName":"DA 59010193","boundarySource":"census","boundaryLevel":"bcDaSimplified","boundaryDetail":"medium","DAUID":"59010193","DGUID":"2021S051259010193","PRUID":"59","CDUID":"5901","CDNAME":"East Kootenay","CDTYPE":"RD","CSDUID":"5901022","CSDNAME":"Cranbrook","CSDTYPE":"CY","CTUID":null,"CTNAME":null,"parentCdId":"5901","parentCdName":"East Kootenay","parentCsdId":"5901022","parentCsdName":"Cranbrook","parentCtId":null,"parentCtName":null,"LANDAREA":0.1957,"areaKm2":0.195490199012217},"id":49927},{"type":"Feature","geometry":{"type":"Polygon","coordinates":[[[-115.777363,49.504903],[-115.777381,49.502881],[-115.769029,49.502844],[-115.769029,49.503319],[-115.769016,49.504882],[-115.77319,49.504893],[-115.773185,49.506701],[-115.775967,49.506711],[-115.775971,49.504901],[-115.777363,49.504903]]]},"properties":{"id":"59010194","boundaryCode":"59010194","boundaryName":"DA 59010194","boundarySource":"census","boundaryLevel":"bcDaSimplified","boundaryDetail":"medium","DAUID":"59010194","DGUID":"2021S051259010194","PRUID":"59","CDUID":"5901","CDNAME":"East Kootenay","CDTYPE":"RD","CSDUID":"5901022","CSDNAME":"Cranbrook","CSDTYPE":"CY","CTUID":null,"CTNAME":null,"parentCdId":"5901","parentCdName":"East Kootenay","parentCsdId":"5901022","parentCsdName":"Cranbrook","parentCtId":null,"parentCtName":null,"LANDAREA":0.17750000000000002,"areaKm2":0.17729716646851312},"id":49928},{"type":"Feature","geometry":{"type":"Polygon","coordinates":[[[-115.77737,49.49792],[-115.774643,49.497934],[-115.77464,49.500002],[-115.771857,49.499994],[-115.77185,49.500946],[-115.76904,49.500931],[-115.769029,49.502844],[-115.777381,49.502881],[-115.77737,49.49792]]]},"properties":{"id":"59010195","boundaryCode":"59010195","boundaryName":"DA 59010195","boundarySource":"census","boundaryLevel":"bcDaSimplified","boundaryDetail":"medium","DAUID":"59010195","DGUID":"2021S051259010195","PRUID":"59","CDUID":"5901","CDNAME":"East Kootenay","CDTYPE":"RD","CSDUID":"5901022","CSDNAME":"Cranbrook","CSDTYPE":"CY","CTUID":null,"CTNAME":null,"parentCdId":"5901","parentCdName":"East Kootenay","parentCsdId":"5901022","parentCsdName":"Cranbrook","parentCtId":null,"parentCtName":null,"LANDAREA":0.21780000000000002,"areaKm2":0.21757284442800928},"id":49929},{"type":"Feature","geometry":{"type":"Polygon","coordinates":[[[-115.761384,49.504859],[-115.75868,49.504843],[-115.75864,49.503753],[-115.755638,49.504068],[-115.755622,49.506747],[-115.755179,49.506743],[-115.755156,49.507632],[-115.757912,49.507634],[-115.757862,49.510261],[-115.762054,49.510277],[-115.762083,49.50666],[-115.762097,49.504862],[-115.761384,49.504859]]]},"properties":{"id":"59010196","boundaryCode":"59010196","boundaryName":"DA 59010196","boundarySource":"census","boundaryLevel":"bcDaSimplified","boundaryDetail":"medium","DAUID":"59010196","DGUID":"2021S051259010196","PRUID":"59","CDUID":"5901","CDNAME":"East Kootenay","CDTYPE":"RD","CSDUID":"5901022","CSDNAME":"Cranbrook","CSDTYPE":"CY","CTUID":null,"CTNAME":null,"parentCdId":"5901","parentCdName":"East Kootenay","parentCsdId":"5901022","parentCsdName":"Cranbrook","parentCtId":null,"parentCtName":null,"LANDAREA":0.25980000000000003,"areaKm2":0.2594970686033252},"id":49930},{"type":"Feature","geometry":{"type":"Polygon","coordinates":[[[-115.751521,49.50407],[-115.751348,49.506654],[-115.751755,49.508436],[-115.75184,49.511325],[-115.75315,49.512751],[-115.756051,49.510778],[-115.757862,49.510261],[-115.757912,49.507634],[-115.755156,49.507632],[-115.755179,49.506743],[-115.752204,49.506659],[-115.752324,49.504069],[-115.751521,49.50407]]]},"properties":{"id":"59010197","boundaryCode":"59010197","boundaryName":"DA 59010197","boundarySource":"census","boundaryLevel":"bcDaSimplified","boundaryDetail":"medium","DAUID":"59010197","DGUID":"2021S051259010197","PRUID":"59","CDUID":"5901","CDNAME":"East Kootenay","CDTYPE":"RD","CSDUID":"5901022","CSDNAME":"Cranbrook","CSDTYPE":"CY","CTUID":null,"CTNAME":null,"parentCdId":"5901","parentCdName":"East Kootenay","parentCsdId":"5901022","parentCsdName":"Cranbrook","parentCtId":null,"parentCtName":null,"LANDAREA":0.23720000000000002,"areaKm2":0.23695501783759257},"id":49931},{"type":"Feature","geometry":{"type":"Polygon","coordinates":[[[-115.748335,49.508433],[-115.748532,49.511332],[-115.749063,49.513862],[-115.749372,49.513864],[-115.753628,49.513869],[-115.75315,49.512751],[-115.75184,49.511325],[-115.751755,49.508436],[-115.748335,49.508433]]]},"properties":{"id":"59010198","boundaryCode":"59010198","boundaryName":"DA 59010198","boundarySource":"census","boundaryLevel":"bcDaSimplified","boundaryDetail":"medium","DAUID":"59010198","DGUID":"2021S051259010198","PRUID":"59","CDUID":"5901","CDNAME":"East Kootenay","CDTYPE":"RD","CSDUID":"5901022","CSDNAME":"Cranbrook","CSDTYPE":"CY","CTUID":null,"CTNAME":null,"parentCdId":"5901","parentCdName":"East Kootenay","parentCsdId":"5901022","parentCsdName":"Cranbrook","parentCtId":null,"parentCtName":null,"LANDAREA":0.16090000000000002,"areaKm2":0.16071004366260247},"id":49932},{"type":"Feature","geometry":{"type":"Polygon","coordinates":[[[-115.791536,49.513468],[-115.796088,49.513414],[-115.795551,49.513097],[-115.796081,49.512565],[-115.796094,49.509449],[-115.792528,49.507264],[-115.789641,49.508933],[-115.785859,49.506265],[-115.773608,49.513483],[-115.77212,49.513722],[-115.771183,49.51423],[-115.769545,49.513055],[-115.768166,49.514131],[-115.767001,49.513528],[-115.764832,49.515301],[-115.767336,49.516552],[-115.763941,49.519239],[-115.767801,49.521241],[-115.769825,49.519538],[-115.770708,49.519372],[-115.769547,49.518708],[-115.770352,49.518018],[-115.77079,49.518243],[-115.771455,49.517774],[-115.770564,49.517249],[-115.773041,49.515562],[-115.775458,49.514416],[-115.776182,49.514963],[-115.776869,49.514563],[-115.778933,49.515961],[-115.778162,49.516484],[-115.780424,49.518339],[-115.783284,49.516688],[-115.783359,49.513399],[-115.791536,49.513468]]]},"properties":{"id":"59010199","boundaryCode":"59010199","boundaryName":"DA 59010199","boundarySource":"census","boundaryLevel":"bcDaSimplified","boundaryDetail":"medium","DAUID":"59010199","DGUID":"2021S051259010199","PRUID":"59","CDUID":"5901","CDNAME":"East Kootenay","CDTYPE":"RD","CSDUID":"5901022","CSDNAME":"Cranbrook","CSDTYPE":"CY","CTUID":null,"CTNAME":null,"parentCdId":"5901","parentCdName":"East Kootenay","parentCsdId":"5901022","parentCsdName":"Cranbrook","parentCtId":null,"parentCtName":null,"LANDAREA":1.3388,"areaKm2":1.3373905966537152},"id":49933},{"type":"Feature","geometry":{"type":"Polygon","coordinates":[[[-115.77079,49.518243],[-115.770352,49.518018],[-115.769547,49.518708],[-115.770708,49.519372],[-115.769825,49.519538],[-115.767801,49.521241],[-115.769584,49.522164],[-115.768742,49.52488],[-115.764595,49.527943],[-115.764461,49.53223],[-115.765119,49.533468],[-115.763557,49.533907],[-115.759991,49.536246],[-115.757298,49.53666],[-115.75658,49.536452],[-115.757497,49.538376],[-115.75647,49.539835],[-115.756515,49.540452],[-115.75735,49.541436],[-115.758226,49.54372],[-115.761297,49.547918],[-115.76392,49.550319],[-115.765113,49.552733],[-115.767891,49.554537],[-115.766333,49.555578],[-115.772716,49.558872],[-115.784795,49.564192],[-115.789213,49.565478],[-115.789745,49.55121],[-115.777197,49.550187],[-115.771082,49.55213],[-115.771204,49.546236],[-115.775015,49.546326],[-115.775243,49.538607],[-115.78323,49.538314],[-115.783434,49.524305],[-115.780664,49.524357],[-115.777763,49.523036],[-115.776299,49.522158],[-115.776109,49.521013],[-115.77079,49.518243]]]},"properties":{"id":"59010200","boundaryCode":"59010200","boundaryName":"DA 59010200","boundarySource":"census","boundaryLevel":"bcDaSimplified","boundaryDetail":"medium","DAUID":"59010200","DGUID":"2021S051259010200","PRUID":"59","CDUID":"5901","CDNAME":"East Kootenay","CDTYPE":"RD","CSDUID":"5901022","CSDNAME":"Cranbrook","CSDTYPE":"CY","CTUID":null,"CTNAME":null,"parentCdId":"5901","parentCdName":"East Kootenay","parentCsdId":"5901022","parentCsdName":"Cranbrook","parentCtId":null,"parentCtName":null,"LANDAREA":5.8406,"areaKm2":5.874086866762907},"id":49934},{"type":"Feature","geometry":{"type":"Polygon","coordinates":[[[-115.739443,49.524079],[-115.728207,49.523976],[-115.728149,49.5307],[-115.728709,49.537579],[-115.739188,49.53737],[-115.739636,49.53619],[-115.742632,49.533707],[-115.739885,49.5321],[-115.73921,49.531999],[-115.739466,49.524442],[-115.739443,49.524079]]]},"properties":{"id":"59010202","boundaryCode":"59010202","boundaryName":"DA 59010202","boundarySource":"census","boundaryLevel":"bcDaSimplified","boundaryDetail":"medium","DAUID":"59010202","DGUID":"2021S051259010202","PRUID":"59","CDUID":"5901","CDNAME":"East Kootenay","CDTYPE":"RD","CSDUID":"5901022","CSDNAME":"Cranbrook","CSDTYPE":"CY","CTUID":null,"CTNAME":null,"parentCdId":"5901","parentCdName":"East Kootenay","parentCsdId":"5901022","parentCsdName":"Cranbrook","parentCtId":null,"parentCtName":null,"LANDAREA":1.2448000000000001,"areaKm2":1.2435335401003285},"id":49935},{"type":"Feature","geometry":{"type":"Polygon","coordinates":[[[-115.563179,49.494932],[-115.570895,49.495047],[-115.570912,49.488475],[-115.55965,49.487887],[-115.559483,49.492209],[-115.559974,49.494976],[-115.563179,49.494932]]]},"properties":{"id":"59010203","boundaryCode":"59010203","boundaryName":"DA 59010203","boundarySource":"census","boundaryLevel":"bcDaSimplified","boundaryDetail":"medium","DAUID":"59010203","DGUID":"2021S051259010203","PRUID":"59","CDUID":"5901","CDNAME":"East Kootenay","CDTYPE":"RD","CSDUID":"5901805","CSDNAME":"Cassimayooks (Mayook) 5","CSDTYPE":"IRI","CTUID":null,"CTNAME":null,"parentCdId":"5901","parentCdName":"East Kootenay","parentCsdId":"5901805","parentCsdName":"Cassimayooks (Mayook) 5","parentCtId":null,"parentCtName":null,"LANDAREA":0.6179,"areaKm2":0.6172926427264441},"id":49936},{"type":"Feature","geometry":{"type":"Polygon","coordinates":[[[-115.559483,49.492209],[-115.55965,49.487887],[-115.570912,49.488475],[-115.570869,49.483473],[-115.572469,49.483233],[-115.573591,49.483395],[-115.576059,49.485193],[-115.577758,49.485371],[-115.578225,49.486175],[-115.579654,49.487068],[-115.580233,49.487842],[-115.580476,49.486453],[-115.58348,49.485428],[-115.583749,49.486137],[-115.584988,49.486244],[-115.586042,49.487072],[-115.586234,49.488094],[-115.588096,49.489178],[-115.589781,49.489189],[-115.593257,49.49038],[-115.592426,49.490973],[-115.592396,49.492032],[-115.595788,49.495261],[-115.59476,49.496466],[-115.592376,49.496807],[-115.592274,49.498514],[-115.594144,49.498796],[-115.597565,49.497925],[-115.598305,49.498122],[-115.601248,49.497596],[-115.6039,49.497571],[-115.607535,49.496954],[-115.607931,49.496607],[-115.610782,49.496872],[-115.611238,49.496346],[-115.614625,49.496212],[-115.617184,49.495556],[-115.619538,49.49577],[-115.62041,49.495195],[-115.62309,49.494706],[-115.627597,49.494518],[-115.635765,49.493374],[-115.637002,49.493578],[-115.649732,49.491789],[-115.651206,49.491355],[-115.659688,49.486054],[-115.660239,49.486095],[-115.661251,49.488318],[-115.664893,49.48709],[-115.668332,49.487704],[-115.671524,49.487219],[-115.673897,49.48899],[-115.675514,49.488517],[-115.677028,49.489868],[-115.678932,49.490462],[-115.679896,49.491523],[-115.685983,49.491798],[-115.693837,49.496008],[-115.694408,49.492276],[-115.695041,49.492499],[-115.696808,49.492277],[-115.698421,49.491182],[-115.698595,49.487473],[-115.699007,49.487128],[-115.705042,49.487421],[-115.70599,49.487165],[-115.70599,49.486116],[-115.706767,49.485462],[-115.708568,49.485252],[-115.711423,49.485893],[-115.712411,49.48686],[-115.713485,49.488824],[-115.712335,49.490985],[-115.713992,49.492953],[-115.715372,49.493871],[-115.71687,49.49426],[-115.716886,49.496196],[-115.739193,49.496246],[-115.739198,49.492444],[-115.739222,49.488641],[-115.733355,49.488635],[-115.733379,49.485925],[-115.728126,49.485906],[-115.728171,49.482096],[-115.725113,49.478309],[-115.728179,49.477624],[-115.722454,49.475017],[-115.722465,49.474495],[-115.721296,49.47449],[-115.718874,49.473645],[-115.716626,49.472305],[-115.717411,49.467227],[-115.722657,49.467257],[-115.722726,49.463477],[-115.717448,49.463436],[-115.717459,49.458366],[-115.722721,49.458403],[-115.722757,49.45206],[-115.724146,49.451818],[-115.725193,49.452022],[-115.725576,49.451791],[-115.725968,49.451971],[-115.734496,49.451616],[-115.734471,49.451258],[-115.735198,49.451058],[-115.736613,49.449629],[-115.736286,49.448263],[-115.736603,49.447454],[-115.737743,49.44642],[-115.737546,49.445732],[-115.738777,49.444861],[-115.738768,49.443284],[-115.738124,49.442642],[-115.73809,49.441433],[-115.738506,49.440891],[-115.740395,49.440046],[-115.741971,49.44004],[-115.742543,49.439357],[-115.743205,49.437457],[-115.742642,49.435929],[-115.743578,49.434596],[-115.743038,49.433722],[-115.743126,49.432093],[-115.74357,49.431525],[-115.741722,49.430146],[-115.741651,49.427369],[-115.740968,49.426673],[-115.744883,49.424966],[-115.748625,49.422469],[-115.750031,49.422509],[-115.752931,49.423212],[-115.747314,49.405084],[-115.743842,49.399336],[-115.741429,49.384531],[-115.738709,49.379241],[-115.740149,49.355087],[-115.733053,49.340308],[-115.734469,49.339192],[-115.728151,49.333633],[-115.728546,49.325972],[-115.729454,49.323685],[-115.735134,49.319136],[-115.742253,49.315798],[-115.744561,49.313707],[-115.747467,49.302684],[-115.746146,49.301236],[-115.746252,49.300588],[-115.745432,49.300047],[-115.745414,49.299362],[-115.746222,49.297549],[-115.747373,49.297375],[-115.748101,49.296397],[-115.748173,49.295231],[-115.749459,49.294664],[-115.752411,49.282977],[-115.755131,49.27509],[-115.757666,49.270549],[-115.749223,49.272838],[-115.734005,49.268183],[-115.727524,49.269088],[-115.726337,49.270619],[-115.726557,49.273321],[-115.728117,49.275524],[-115.728017,49.277695],[-115.721987,49.282467],[-115.718453,49.28399],[-115.715288,49.284959],[-115.711723,49.285264],[-115.709013,49.285043],[-115.706353,49.283736],[-115.700983,49.282208],[-115.698672,49.28265],[-115.696354,49.283859],[-115.693311,49.284642],[-115.686972,49.287345],[-115.679342,49.289461],[-115.677675,49.290196],[-115.6655,49.293325],[-115.660657,49.295833],[-115.659665,49.295831],[-115.65877,49.296335],[-115.657721,49.296413],[-115.656464,49.296004],[-115.655685,49.296302],[-115.655207,49.296143],[-115.65457,49.297685],[-115.653482,49.297682],[-115.653043,49.299019],[-115.652205,49.298956],[-115.651655,49.297836],[-115.651187,49.297804],[-115.650596,49.298257],[-115.65001,49.298016],[-115.649688,49.298202],[-115.650485,49.300085],[-115.648604,49.299848],[-115.647703,49.300054],[-115.647591,49.301044],[-115.646126,49.302657],[-115.645769,49.304499],[-115.64505,49.305049],[-115.64405,49.30484],[-115.643062,49.30519],[-115.64087,49.306218],[-115.640685,49.30691],[-115.638497,49.307768],[-115.63727,49.307826],[-115.636406,49.308636],[-115.634632,49.309012],[-115.633809,49.310299],[-115.632471,49.310356],[-115.630863,49.3097],[-115.628148,49.310678],[-115.627589,49.313716],[-115.628425,49.315012],[-115.62682,49.317151],[-115.625811,49.31774],[-115.624988,49.317704],[-115.623838,49.318106],[-115.623288,49.318668],[-115.623264,49.320245],[-115.619348,49.322994],[-115.617625,49.323118],[-115.616316,49.324082],[-115.613108,49.325022],[-115.609824,49.323712],[-115.608218,49.32353],[-115.604989,49.323356],[-115.602663,49.32385],[-115.599757,49.323931],[-115.597984,49.322407],[-115.596249,49.32244],[-115.59581,49.322912],[-115.5963,49.324554],[-115.594834,49.32576],[-115.595781,49.326842],[-115.595296,49.326944],[-115.595531,49.327989],[-115.596904,49.329758],[-115.596571,49.330436],[-115.592414,49.330404],[-115.589347,49.329827],[-115.587764,49.329817],[-115.587007,49.328872],[-115.584306,49.327993],[-115.583365,49.328162],[-115.582422,49.327925],[-115.581632,49.328608],[-115.580268,49.329122],[-115.580544,49.330034],[-115.578876,49.331084],[-115.578534,49.331944],[-115.579416,49.33244],[-115.5791,49.333451],[-115.58186,49.338923],[-115.582097,49.341434],[-115.586034,49.34248],[-115.586763,49.343085],[-115.594299,49.34538],[-115.604754,49.350236],[-115.624145,49.363127],[-115.62764,49.366253],[-115.629141,49.366756],[-115.628858,49.367535],[-115.630718,49.368528],[-115.631265,49.369155],[-115.632069,49.371703],[-115.631032,49.379201],[-115.626311,49.386488],[-115.623658,49.393549],[-115.610085,49.394013],[-115.60983,49.386726],[-115.605398,49.386584],[-115.604518,49.379783],[-115.600065,49.379767],[-115.600433,49.382782],[-115.599909,49.383075],[-115.600576,49.383823],[-115.600885,49.386638],[-115.60307,49.38669],[-115.604669,49.388264],[-115.605336,49.393325],[-115.544028,49.393514],[-115.542904,49.392974],[-115.541877,49.393506],[-115.504918,49.39346],[-115.498675,49.39307],[-115.443084,49.391559],[-115.44322,49.392297],[-115.442301,49.392976],[-115.441928,49.394235],[-115.438566,49.395944],[-115.439145,49.39874],[-115.437014,49.403448],[-115.439241,49.406128],[-115.438788,49.407176],[-115.44015,49.410098],[-115.44005,49.410726],[-115.439434,49.411086],[-115.436733,49.410982],[-115.432993,49.411788],[-115.432058,49.414402],[-115.430903,49.414466],[-115.431842,49.414501],[-115.430498,49.414913],[-115.430169,49.415522],[-115.430085,49.420169],[-115.42402,49.42014],[-115.424613,49.42084],[-115.426007,49.42602],[-115.427824,49.428919],[-115.433331,49.428862],[-115.437406,49.430411],[-115.441136,49.430361],[-115.445983,49.429824],[-115.44679,49.428961],[-115.448174,49.42536],[-115.448224,49.423461],[-115.449041,49.422944],[-115.451979,49.422486],[-115.458851,49.425343],[-115.460937,49.426554],[-115.463923,49.426683],[-115.473232,49.428094],[-115.478695,49.430343],[-115.483987,49.431698],[-115.485426,49.43173],[-115.487221,49.431163],[-115.489366,49.431544],[-115.490201,49.433537],[-115.493814,49.434523],[-115.497729,49.437556],[-115.498993,49.437989],[-115.500243,49.438961],[-115.505918,49.445365],[-115.508225,49.450021],[-115.511384,49.453208],[-115.513881,49.456589],[-115.513584,49.460045],[-115.516003,49.461482],[-115.516536,49.462161],[-115.517534,49.465832],[-115.519702,49.467886],[-115.52046,49.471781],[-115.522104,49.473392],[-115.521984,49.473762],[-115.539869,49.479744],[-115.543868,49.481397],[-115.549481,49.484583],[-115.559483,49.492209]]]},"properties":{"id":"59010204","boundaryCode":"59010204","boundaryName":"DA 59010204","boundarySource":"census","boundaryLevel":"bcDaSimplified","boundaryDetail":"medium","DAUID":"59010204","DGUID":"2021S051259010204","PRUID":"59","CDUID":"5901","CDNAME":"East Kootenay","CDTYPE":"RD","CSDUID":"5901019","CSDNAME":"East Kootenay B","CSDTYPE":"RDA","CTUID":null,"CTNAME":null,"parentCdId":"5901","parentCdName":"East Kootenay","parentCsdId":"5901019","parentCsdName":"East Kootenay B","parentCtId":null,"parentCtName":null,"LANDAREA":302.0786,"areaKm2":302.65470527047404},"id":49937},{"type":"Feature","geometry":{"type":"Polygon","coordinates":[[[-115.733379,49.485925],[-115.744975,49.485982],[-115.743814,49.483423],[-115.744392,49.482182],[-115.739313,49.482157],[-115.73936,49.474581],[-115.738226,49.471038],[-115.739304,49.467377],[-115.739502,49.458479],[-115.722721,49.458403],[-115.717459,49.458366],[-115.717448,49.463436],[-115.722726,49.463477],[-115.722657,49.467257],[-115.717411,49.467227],[-115.716626,49.472305],[-115.718874,49.473645],[-115.721296,49.47449],[-115.722465,49.474495],[-115.722454,49.475017],[-115.728179,49.477624],[-115.725113,49.478309],[-115.728171,49.482096],[-115.728126,49.485906],[-115.733379,49.485925]]]},"properties":{"id":"59010205","boundaryCode":"59010205","boundaryName":"DA 59010205","boundarySource":"census","boundaryLevel":"bcDaSimplified","boundaryDetail":"medium","DAUID":"59010205","DGUID":"2021S051259010205","PRUID":"59","CDUID":"5901","CDNAME":"East Kootenay","CDTYPE":"RD","CSDUID":"5901035","CSDNAME":"East Kootenay C","CSDTYPE":"RDA","CTUID":null,"CTNAME":null,"parentCdId":"5901","parentCdName":"East Kootenay","parentCsdId":"5901035","parentCsdName":"East Kootenay C","parentCtId":null,"parentCtName":null,"LANDAREA":3.9572000000000003,"areaKm2":3.9531388053624856},"id":49938},{"type":"Feature","geometry":{"type":"Polygon","coordinates":[[[-115.759818,49.492491],[-115.759841,49.490453],[-115.757267,49.490262],[-115.758078,49.482896],[-115.76262,49.482599],[-115.762696,49.490177],[-115.765267,49.490228],[-115.76719,49.485958],[-115.764305,49.485799],[-115.763605,49.484849],[-115.76541,49.484035],[-115.780945,49.474299],[-115.782487,49.472969],[-115.7848,49.463076],[-115.788901,49.457905],[-115.792287,49.450085],[-115.793612,49.448726],[-115.793678,49.448042],[-115.793239,49.447794],[-115.7949,49.4455],[-115.794453,49.44518],[-115.795319,49.444775],[-115.800625,49.436334],[-115.797959,49.432751],[-115.796602,49.431937],[-115.79669,49.431162],[-115.795347,49.43034],[-115.796352,49.427729],[-115.796352,49.426632],[-115.798751,49.424571],[-115.801227,49.423785],[-115.801943,49.422251],[-115.803602,49.421584],[-115.805516,49.420111],[-115.806379,49.419823],[-115.806924,49.418731],[-115.806667,49.416002],[-115.8075,49.41367],[-115.808319,49.413121],[-115.809798,49.41274],[-115.810331,49.412043],[-115.809186,49.409512],[-115.809855,49.408043],[-115.810978,49.407991],[-115.81105,49.406727],[-115.812076,49.405424],[-115.811834,49.404885],[-115.81281,49.396065],[-115.810801,49.394447],[-115.810097,49.394295],[-115.811506,49.391878],[-115.812828,49.391138],[-115.814454,49.38846],[-115.814113,49.385915],[-115.815622,49.38481],[-115.818891,49.384735],[-115.82267,49.384229],[-115.825847,49.384847],[-115.826966,49.386168],[-115.830248,49.386858],[-115.831861,49.386392],[-115.83123,49.385649],[-115.831771,49.384827],[-115.832407,49.38468],[-115.833983,49.384957],[-115.837321,49.383147],[-115.839627,49.381146],[-115.836901,49.380832],[-115.832071,49.379173],[-115.825031,49.373409],[-115.824154,49.372114],[-115.823786,49.369792],[-115.824687,49.3676],[-115.824806,49.363714],[-115.824289,49.362646],[-115.821977,49.360133],[-115.821894,49.357692],[-115.820604,49.354774],[-115.820926,49.353649],[-115.823086,49.350417],[-115.823481,49.348349],[-115.82449,49.346691],[-115.824618,49.341775],[-115.821928,49.334469],[-115.822674,49.330762],[-115.822304,49.330671],[-115.82244,49.329812],[-115.822017,49.32964],[-115.821295,49.330081],[-115.820506,49.33162],[-115.819318,49.329856],[-115.819157,49.328544],[-115.81978,49.327683],[-115.821507,49.327453],[-115.828692,49.323725],[-115.828889,49.322626],[-115.827875,49.317127],[-115.828999,49.311691],[-115.827818,49.310471],[-115.828922,49.30998],[-115.82878,49.309064],[-115.828194,49.308718],[-115.828712,49.308109],[-115.827308,49.304912],[-115.828505,49.300803],[-115.828859,49.300677],[-115.828844,49.296747],[-115.831087,49.292332],[-115.832712,49.290922],[-115.831682,49.291063],[-115.830671,49.289937],[-115.830902,49.287985],[-115.832151,49.287995],[-115.832159,49.28555],[-115.8314,49.284273],[-115.831516,49.282729],[-115.833089,49.278112],[-115.835826,49.273207],[-115.836869,49.270396],[-115.839483,49.266247],[-115.842804,49.262125],[-115.845185,49.258119],[-115.84942,49.255415],[-115.848914,49.25331],[-115.847316,49.251713],[-115.847272,49.249498],[-115.847973,49.248206],[-115.848109,49.246197],[-115.849374,49.244742],[-115.850283,49.242645],[-115.853278,49.24036],[-115.854644,49.238331],[-115.856153,49.237249],[-115.858434,49.233034],[-115.857297,49.231701],[-115.857608,49.230741],[-115.856936,49.229529],[-115.856579,49.227124],[-115.854097,49.223987],[-115.854519,49.223532],[-115.854336,49.222559],[-115.852226,49.221764],[-115.850593,49.220507],[-115.849089,49.218432],[-115.848609,49.216052],[-115.849264,49.215069],[-115.848204,49.213988],[-115.846026,49.210197],[-115.844706,49.204976],[-115.842476,49.199376],[-115.841608,49.197721],[-115.840239,49.19643],[-115.839729,49.19414],[-115.838413,49.191149],[-115.836865,49.18929],[-115.833618,49.186702],[-115.831306,49.181137],[-115.831192,49.17842],[-115.831895,49.178752],[-115.836936,49.183664],[-115.83885,49.183866],[-115.841797,49.183397],[-115.845854,49.185162],[-115.849329,49.185247],[-115.849488,49.184118],[-115.848806,49.183456],[-115.848294,49.182006],[-115.848626,49.181668],[-115.855826,49.184081],[-115.859916,49.186856],[-115.869884,49.189137],[-115.871445,49.189011],[-115.872659,49.188431],[-115.877639,49.18491],[-115.879001,49.182994],[-115.879666,49.178719],[-115.880858,49.176917],[-115.882235,49.176007],[-115.883618,49.175771],[-115.88818,49.177189],[-115.890621,49.177504],[-115.892341,49.176705],[-115.894402,49.174554],[-115.896097,49.170271],[-115.898161,49.169134],[-115.899571,49.169572],[-115.902599,49.171911],[-115.908923,49.178383],[-115.90979,49.178372],[-115.910488,49.176554],[-115.911545,49.176993],[-115.912823,49.178098],[-115.914398,49.178415],[-115.915621,49.178181],[-115.916138,49.177499],[-115.914776,49.174687],[-115.91496,49.173786],[-115.915656,49.17344],[-115.91687,49.173538],[-115.920262,49.17518],[-115.92373,49.173448],[-115.92459,49.172535],[-115.925288,49.170158],[-115.927647,49.165638],[-115.926755,49.164016],[-115.92617,49.15935],[-115.923957,49.159093],[-115.923097,49.158677],[-115.922913,49.158023],[-115.92757,49.148862],[-115.940283,49.128562],[-115.940454,49.122789],[-115.934716,49.113024],[-115.934328,49.111186],[-115.935313,49.110361],[-115.935478,49.109578],[-115.931958,49.108227],[-115.932389,49.105297],[-115.933757,49.103123],[-115.933789,49.100953],[-115.934665,49.100394],[-115.935796,49.098749],[-115.936451,49.096929],[-115.936851,49.093596],[-115.93749,49.091919],[-115.937546,49.089266],[-115.940475,49.084876],[-115.942704,49.08307],[-115.943807,49.080139],[-115.945974,49.078719],[-115.946556,49.077078],[-115.947397,49.076151],[-115.947531,49.074991],[-115.950183,49.073288],[-115.952226,49.072497],[-115.953182,49.071301],[-115.955365,49.06971],[-115.957745,49.069147],[-115.958702,49.06858],[-115.95945,49.065546],[-115.960715,49.063983],[-115.96108,49.062871],[-115.961606,49.059961],[-115.961233,49.057484],[-115.962609,49.05451],[-115.963019,49.051941],[-115.964013,49.050195],[-115.966137,49.048082],[-115.968022,49.047595],[-115.969752,49.046666],[-115.982556,49.044252],[-115.987742,49.042238],[-115.99206,49.041169],[-115.993691,49.041039],[-115.99509,49.041546],[-115.996357,49.043177],[-115.999262,49.044353],[-116.003182,49.044711],[-116.006333,49.044549],[-116.008986,49.046713],[-116.013624,49.047473],[-116.017397,49.049114],[-116.020289,49.050885],[-116.021842,49.052761],[-116.024429,49.054806],[-116.030103,49.056544],[-116.032474,49.058765],[-116.035619,49.05485],[-116.024826,49.044959],[-116.027063,49.000924],[-115.520008,49.00072],[-115.523763,49.003812],[-115.529245,49.009293],[-115.532534,49.014257],[-115.5347,49.021438],[-115.531392,49.029655],[-115.535523,49.037472],[-115.533066,49.043572],[-115.546272,49.050772],[-115.547355,49.069076],[-115.554858,49.080005],[-115.554295,49.08994],[-115.550595,49.100554],[-115.552335,49.114349],[-115.556818,49.119768],[-115.56979,49.124946],[-115.578999,49.130312],[-115.587927,49.133347],[-115.589058,49.137108],[-115.590753,49.142586],[-115.595528,49.153833],[-115.591692,49.155895],[-115.601557,49.162565],[-115.608512,49.16929],[-115.612922,49.180126],[-115.61872,49.188087],[-115.617905,49.201939],[-115.620539,49.211254],[-115.633758,49.212613],[-115.651136,49.209921],[-115.663372,49.206299],[-115.671833,49.19663],[-115.687678,49.191608],[-115.699496,49.197602],[-115.70308,49.207383],[-115.718201,49.208091],[-115.727515,49.20338],[-115.735592,49.192147],[-115.743203,49.184461],[-115.767714,49.177597],[-115.780115,49.174662],[-115.780671,49.183581],[-115.784507,49.194994],[-115.776536,49.205525],[-115.763569,49.211332],[-115.759297,49.21497],[-115.756754,49.218399],[-115.757174,49.227152],[-115.755515,49.23529],[-115.757437,49.241134],[-115.760091,49.247194],[-115.76123,49.248764],[-115.763494,49.250113],[-115.764844,49.25311],[-115.764799,49.254946],[-115.765608,49.255748],[-115.766354,49.261455],[-115.765758,49.263152],[-115.762195,49.268395],[-115.759063,49.270139],[-115.757666,49.270549],[-115.755131,49.27509],[-115.752411,49.282977],[-115.749459,49.294664],[-115.748173,49.295231],[-115.748101,49.296397],[-115.747373,49.297375],[-115.746222,49.297549],[-115.745414,49.299362],[-115.745432,49.300047],[-115.746252,49.300588],[-115.746146,49.301236],[-115.747467,49.302684],[-115.744561,49.313707],[-115.742253,49.315798],[-115.735134,49.319136],[-115.729454,49.323685],[-115.728546,49.325972],[-115.728151,49.333633],[-115.734469,49.339192],[-115.733053,49.340308],[-115.740149,49.355087],[-115.738709,49.379241],[-115.741429,49.384531],[-115.743842,49.399336],[-115.747314,49.405084],[-115.752931,49.423212],[-115.750031,49.422509],[-115.748625,49.422469],[-115.744883,49.424966],[-115.740968,49.426673],[-115.741651,49.427369],[-115.741722,49.430146],[-115.74357,49.431525],[-115.743126,49.432093],[-115.743038,49.433722],[-115.743578,49.434596],[-115.742642,49.435929],[-115.743205,49.437457],[-115.742543,49.439357],[-115.741971,49.44004],[-115.740395,49.440046],[-115.738506,49.440891],[-115.73809,49.441433],[-115.738124,49.442642],[-115.738768,49.443284],[-115.738777,49.444861],[-115.737546,49.445732],[-115.737743,49.44642],[-115.736603,49.447454],[-115.736286,49.448263],[-115.736613,49.449629],[-115.735198,49.451058],[-115.734471,49.451258],[-115.734496,49.451616],[-115.725968,49.451971],[-115.725576,49.451791],[-115.725193,49.452022],[-115.724146,49.451818],[-115.722757,49.45206],[-115.722721,49.458403],[-115.739502,49.458479],[-115.739304,49.467377],[-115.738226,49.471038],[-115.73936,49.474581],[-115.739313,49.482157],[-115.744392,49.482182],[-115.743814,49.483423],[-115.744975,49.485982],[-115.733379,49.485925],[-115.733355,49.488635],[-115.739222,49.488641],[-115.739198,49.492444],[-115.751315,49.492469],[-115.759818,49.492491]]]},"properties":{"id":"59010206","boundaryCode":"59010206","boundaryName":"DA 59010206","boundarySource":"census","boundaryLevel":"bcDaSimplified","boundaryDetail":"medium","DAUID":"59010206","DGUID":"2021S051259010206","PRUID":"59","CDUID":"5901","CDNAME":"East Kootenay","CDTYPE":"RD","CSDUID":"5901035","CSDNAME":"East Kootenay C","CSDTYPE":"RDA","CTUID":null,"CTNAME":null,"parentCdId":"5901","parentCdName":"East Kootenay","parentCsdId":"5901035","parentCsdName":"East Kootenay C","parentCtId":null,"parentCtName":null,"LANDAREA":790.5879,"areaKm2":790.1794482108015},"id":49939},{"type":"Feature","geometry":{"type":"Polygon","coordinates":[[[-115.765267,49.490228],[-115.762696,49.490177],[-115.76262,49.482599],[-115.758078,49.482896],[-115.757267,49.490262],[-115.759841,49.490453],[-115.759818,49.492491],[-115.759784,49.495325],[-115.760531,49.496118],[-115.762077,49.497524],[-115.76477,49.497412],[-115.764996,49.496428],[-115.765267,49.490228]]]},"properties":{"id":"59010207","boundaryCode":"59010207","boundaryName":"DA 59010207","boundarySource":"census","boundaryLevel":"bcDaSimplified","boundaryDetail":"medium","DAUID":"59010207","DGUID":"2021S051259010207","PRUID":"59","CDUID":"5901","CDNAME":"East Kootenay","CDTYPE":"RD","CSDUID":"5901022","CSDNAME":"Cranbrook","CSDTYPE":"CY","CTUID":null,"CTNAME":null,"parentCdId":"5901","parentCdName":"East Kootenay","parentCsdId":"5901022","parentCsdName":"Cranbrook","parentCtId":null,"parentCtName":null,"LANDAREA":0.5904,"areaKm2":0.5897479254229971},"id":49940},{"type":"Feature","geometry":{"type":"Polygon","coordinates":[[[-115.793612,49.448726],[-115.793894,49.448488],[-115.794268,49.448756],[-115.796288,49.448356],[-115.797636,49.448814],[-115.799461,49.448758],[-115.803952,49.447627],[-115.806969,49.447319],[-115.807728,49.447644],[-115.823144,49.445655],[-115.822496,49.446737],[-115.823216,49.447051],[-115.824083,49.446934],[-115.82497,49.448103],[-115.82658,49.448507],[-115.827375,49.449531],[-115.82678,49.450893],[-115.827177,49.451418],[-115.82846,49.451737],[-115.828964,49.452354],[-115.827033,49.455719],[-115.827226,49.459182],[-115.829012,49.460549],[-115.834599,49.46199],[-115.834769,49.46297],[-115.840146,49.462732],[-115.848714,49.459368],[-115.852039,49.457542],[-115.865029,49.447869],[-115.872007,49.444368],[-115.874455,49.442506],[-115.875729,49.440337],[-115.875838,49.437779],[-115.874722,49.428409],[-115.874007,49.426921],[-115.872549,49.425515],[-115.881053,49.424193],[-115.883402,49.424909],[-115.889783,49.425972],[-115.892199,49.427456],[-115.893946,49.42946],[-115.897898,49.432835],[-115.899934,49.433691],[-115.903822,49.434358],[-115.904879,49.435222],[-115.906316,49.435713],[-115.909831,49.435188],[-115.912298,49.435302],[-115.914573,49.434675],[-115.916346,49.433729],[-115.921293,49.432724],[-115.921951,49.430328],[-115.923946,49.429923],[-115.927126,49.427686],[-115.92748,49.427887],[-115.926984,49.429097],[-115.928117,49.429656],[-115.930062,49.428991],[-115.932874,49.429053],[-115.935532,49.427971],[-115.937692,49.427568],[-115.938836,49.426076],[-115.940683,49.425587],[-115.939837,49.424646],[-115.940354,49.423577],[-115.942116,49.42298],[-115.942877,49.422923],[-115.942676,49.423084],[-115.943493,49.423924],[-115.944723,49.423738],[-115.94719,49.424178],[-115.94886,49.425736],[-115.951437,49.426204],[-115.957973,49.425872],[-115.958674,49.425321],[-115.959509,49.426921],[-115.964779,49.428593],[-115.965586,49.429697],[-115.966887,49.430239],[-115.970337,49.430403],[-115.97158,49.42982],[-115.973394,49.429592],[-115.974456,49.429026],[-115.975625,49.427407],[-115.978115,49.426609],[-115.978783,49.425742],[-115.981562,49.42374],[-115.980217,49.421685],[-115.981222,49.42002],[-115.980645,49.418727],[-115.980202,49.418706],[-115.982084,49.417657],[-115.984282,49.417329],[-115.985916,49.41743],[-115.986974,49.415715],[-115.99052,49.412244],[-115.99164,49.41189],[-115.992406,49.412772],[-115.993983,49.412518],[-115.994426,49.411281],[-115.997463,49.408599],[-116.000324,49.407931],[-116.011824,49.403791],[-116.016371,49.403705],[-116.020557,49.404284],[-116.021643,49.403504],[-116.020205,49.401425],[-116.020154,49.399361],[-116.022172,49.397446],[-116.024864,49.395769],[-116.031097,49.393205],[-116.03663,49.390304],[-116.039647,49.389307],[-116.04376,49.387177],[-116.050259,49.38246],[-116.054492,49.380832],[-116.055367,49.380212],[-116.055447,49.377521],[-116.058763,49.375521],[-116.06127,49.37247],[-116.066273,49.371349],[-116.070448,49.369682],[-116.074387,49.369738],[-116.076782,49.370081],[-116.074873,49.3689],[-116.075283,49.368203],[-116.074764,49.367451],[-116.07461,49.365846],[-116.075993,49.364497],[-116.081479,49.361139],[-116.083879,49.358957],[-116.087124,49.357677],[-116.087847,49.353338],[-116.092828,49.34707],[-116.092662,49.344312],[-116.093693,49.34266],[-116.101128,49.334994],[-116.102476,49.332093],[-116.102261,49.329417],[-116.103455,49.326172],[-116.103437,49.32291],[-116.104714,49.321402],[-116.103816,49.318588],[-116.104208,49.317547],[-116.106384,49.315581],[-116.110337,49.308404],[-116.109033,49.303154],[-116.109756,49.300602],[-116.110973,49.299393],[-116.11391,49.297444],[-116.115305,49.295906],[-116.116952,49.288576],[-116.118012,49.286964],[-116.115511,49.288289],[-116.107728,49.287724],[-116.102184,49.281829],[-116.095139,49.279471],[-116.088733,49.271494],[-116.079321,49.262758],[-116.072637,49.25865],[-116.07786,49.252865],[-116.078236,49.246315],[-116.074096,49.243169],[-116.071192,49.240917],[-116.070087,49.232021],[-116.076728,49.223898],[-116.07736,49.221667],[-116.085944,49.208551],[-116.094821,49.202032],[-116.10078,49.198457],[-116.064358,49.197688],[-116.028486,49.197556],[-116.028122,49.188836],[-116.028123,49.138334],[-116.032583,49.063613],[-116.032474,49.058765],[-116.030103,49.056544],[-116.024429,49.054806],[-116.021842,49.052761],[-116.020289,49.050885],[-116.017397,49.049114],[-116.013624,49.047473],[-116.008986,49.046713],[-116.006333,49.044549],[-116.003182,49.044711],[-115.999262,49.044353],[-115.996357,49.043177],[-115.99509,49.041546],[-115.993691,49.041039],[-115.99206,49.041169],[-115.987742,49.042238],[-115.982556,49.044252],[-115.969752,49.046666],[-115.968022,49.047595],[-115.966137,49.048082],[-115.964013,49.050195],[-115.963019,49.051941],[-115.962609,49.05451],[-115.961233,49.057484],[-115.961606,49.059961],[-115.96108,49.062871],[-115.960715,49.063983],[-115.95945,49.065546],[-115.958702,49.06858],[-115.957745,49.069147],[-115.955365,49.06971],[-115.953182,49.071301],[-115.952226,49.072497],[-115.950183,49.073288],[-115.947531,49.074991],[-115.947397,49.076151],[-115.946556,49.077078],[-115.945974,49.078719],[-115.943807,49.080139],[-115.942704,49.08307],[-115.940475,49.084876],[-115.937546,49.089266],[-115.93749,49.091919],[-115.936851,49.093596],[-115.936451,49.096929],[-115.935796,49.098749],[-115.934665,49.100394],[-115.933789,49.100953],[-115.933757,49.103123],[-115.932389,49.105297],[-115.931958,49.108227],[-115.935478,49.109578],[-115.935313,49.110361],[-115.934328,49.111186],[-115.934716,49.113024],[-115.940454,49.122789],[-115.940283,49.128562],[-115.92757,49.148862],[-115.922913,49.158023],[-115.923097,49.158677],[-115.923957,49.159093],[-115.92617,49.15935],[-115.926755,49.164016],[-115.927647,49.165638],[-115.925288,49.170158],[-115.92459,49.172535],[-115.92373,49.173448],[-115.920262,49.17518],[-115.91687,49.173538],[-115.915656,49.17344],[-115.91496,49.173786],[-115.914776,49.174687],[-115.916138,49.177499],[-115.915621,49.178181],[-115.914398,49.178415],[-115.912823,49.178098],[-115.911545,49.176993],[-115.910488,49.176554],[-115.90979,49.178372],[-115.908923,49.178383],[-115.902599,49.171911],[-115.899571,49.169572],[-115.898161,49.169134],[-115.896097,49.170271],[-115.894402,49.174554],[-115.892341,49.176705],[-115.890621,49.177504],[-115.88818,49.177189],[-115.883618,49.175771],[-115.882235,49.176007],[-115.880858,49.176917],[-115.879666,49.178719],[-115.879001,49.182994],[-115.877639,49.18491],[-115.872659,49.188431],[-115.871445,49.189011],[-115.869884,49.189137],[-115.859916,49.186856],[-115.855826,49.184081],[-115.848626,49.181668],[-115.848294,49.182006],[-115.848806,49.183456],[-115.849488,49.184118],[-115.849329,49.185247],[-115.845854,49.185162],[-115.841797,49.183397],[-115.83885,49.183866],[-115.836936,49.183664],[-115.831895,49.178752],[-115.831192,49.17842],[-115.831306,49.181137],[-115.833618,49.186702],[-115.836865,49.18929],[-115.838413,49.191149],[-115.839729,49.19414],[-115.840239,49.19643],[-115.841608,49.197721],[-115.842476,49.199376],[-115.844706,49.204976],[-115.846026,49.210197],[-115.848204,49.213988],[-115.849264,49.215069],[-115.848609,49.216052],[-115.849089,49.218432],[-115.850593,49.220507],[-115.852226,49.221764],[-115.854336,49.222559],[-115.854519,49.223532],[-115.854097,49.223987],[-115.856579,49.227124],[-115.856936,49.229529],[-115.857608,49.230741],[-115.857297,49.231701],[-115.858434,49.233034],[-115.856153,49.237249],[-115.854644,49.238331],[-115.853278,49.24036],[-115.850283,49.242645],[-115.849374,49.244742],[-115.848109,49.246197],[-115.847973,49.248206],[-115.847272,49.249498],[-115.847316,49.251713],[-115.848914,49.25331],[-115.84942,49.255415],[-115.845185,49.258119],[-115.842804,49.262125],[-115.839483,49.266247],[-115.836869,49.270396],[-115.835826,49.273207],[-115.833089,49.278112],[-115.831516,49.282729],[-115.8314,49.284273],[-115.832159,49.28555],[-115.832151,49.287995],[-115.830902,49.287985],[-115.830671,49.289937],[-115.831682,49.291063],[-115.832712,49.290922],[-115.831087,49.292332],[-115.828844,49.296747],[-115.828859,49.300677],[-115.828505,49.300803],[-115.827308,49.304912],[-115.828712,49.308109],[-115.828194,49.308718],[-115.82878,49.309064],[-115.828922,49.30998],[-115.827818,49.310471],[-115.828999,49.311691],[-115.827875,49.317127],[-115.828889,49.322626],[-115.828692,49.323725],[-115.821507,49.327453],[-115.81978,49.327683],[-115.819157,49.328544],[-115.819318,49.329856],[-115.820506,49.33162],[-115.821295,49.330081],[-115.822017,49.32964],[-115.82244,49.329812],[-115.822304,49.330671],[-115.822674,49.330762],[-115.821928,49.334469],[-115.824618,49.341775],[-115.82449,49.346691],[-115.823481,49.348349],[-115.823086,49.350417],[-115.820926,49.353649],[-115.820604,49.354774],[-115.821894,49.357692],[-115.821977,49.360133],[-115.824289,49.362646],[-115.824806,49.363714],[-115.824687,49.3676],[-115.823786,49.369792],[-115.824154,49.372114],[-115.825031,49.373409],[-115.832071,49.379173],[-115.836901,49.380832],[-115.839627,49.381146],[-115.837321,49.383147],[-115.833983,49.384957],[-115.832407,49.38468],[-115.831771,49.384827],[-115.83123,49.385649],[-115.831861,49.386392],[-115.830248,49.386858],[-115.826966,49.386168],[-115.825847,49.384847],[-115.82267,49.384229],[-115.818891,49.384735],[-115.815622,49.38481],[-115.814113,49.385915],[-115.814454,49.38846],[-115.812828,49.391138],[-115.811506,49.391878],[-115.810097,49.394295],[-115.810801,49.394447],[-115.81281,49.396065],[-115.811834,49.404885],[-115.812076,49.405424],[-115.81105,49.406727],[-115.810978,49.407991],[-115.809855,49.408043],[-115.809186,49.409512],[-115.810331,49.412043],[-115.809798,49.41274],[-115.808319,49.413121],[-115.8075,49.41367],[-115.806667,49.416002],[-115.806924,49.418731],[-115.806379,49.419823],[-115.805516,49.420111],[-115.803602,49.421584],[-115.801943,49.422251],[-115.801227,49.423785],[-115.798751,49.424571],[-115.796352,49.426632],[-115.796352,49.427729],[-115.795347,49.43034],[-115.79669,49.431162],[-115.796602,49.431937],[-115.797959,49.432751],[-115.800625,49.436334],[-115.795319,49.444775],[-115.794453,49.44518],[-115.7949,49.4455],[-115.793239,49.447794],[-115.793678,49.448042],[-115.793612,49.448726]]]},"properties":{"id":"59010208","boundaryCode":"59010208","boundaryName":"DA 59010208","boundarySource":"census","boundaryLevel":"bcDaSimplified","boundaryDetail":"medium","DAUID":"59010208","DGUID":"2021S051259010208","PRUID":"59","CDUID":"5901","CDNAME":"East Kootenay","CDTYPE":"RD","CSDUID":"5901035","CSDNAME":"East Kootenay C","CSDTYPE":"RDA","CTUID":null,"CTNAME":null,"parentCdId":"5901","parentCdName":"East Kootenay","parentCsdId":"5901035","parentCsdName":"East Kootenay C","parentCtId":null,"parentCtName":null,"LANDAREA":580.8856000000001,"areaKm2":591.9786248723723},"id":49941},{"type":"Feature","geometry":{"type":"Polygon","coordinates":[[[-116.198262,49.399111],[-116.18863,49.392847],[-116.182931,49.390836],[-116.181979,49.379652],[-116.181186,49.379616],[-116.179064,49.376043],[-116.166838,49.368408],[-116.164691,49.358627],[-116.165348,49.352289],[-116.171428,49.350102],[-116.185232,49.337023],[-116.18574,49.329137],[-116.18897,49.321941],[-116.183418,49.314409],[-116.176132,49.307129],[-116.172648,49.297906],[-116.171701,49.296536],[-116.171106,49.293553],[-116.168016,49.289267],[-116.164071,49.285677],[-116.158485,49.283359],[-116.149839,49.283041],[-116.144725,49.284135],[-116.137223,49.280643],[-116.130859,49.278455],[-116.126252,49.282798],[-116.118012,49.286964],[-116.116952,49.288576],[-116.115305,49.295906],[-116.11391,49.297444],[-116.110973,49.299393],[-116.109756,49.300602],[-116.109033,49.303154],[-116.110337,49.308404],[-116.106384,49.315581],[-116.104208,49.317547],[-116.103816,49.318588],[-116.104714,49.321402],[-116.103437,49.32291],[-116.103455,49.326172],[-116.102261,49.329417],[-116.102476,49.332093],[-116.101128,49.334994],[-116.093693,49.34266],[-116.092662,49.344312],[-116.092828,49.34707],[-116.087847,49.353338],[-116.087124,49.357677],[-116.083879,49.358957],[-116.081479,49.361139],[-116.075993,49.364497],[-116.07461,49.365846],[-116.074764,49.367451],[-116.075283,49.368203],[-116.074873,49.3689],[-116.076782,49.370081],[-116.074387,49.369738],[-116.070448,49.369682],[-116.066273,49.371349],[-116.06127,49.37247],[-116.058763,49.375521],[-116.055447,49.377521],[-116.055367,49.380212],[-116.054492,49.380832],[-116.050259,49.38246],[-116.04376,49.387177],[-116.039647,49.389307],[-116.03663,49.390304],[-116.031097,49.393205],[-116.024864,49.395769],[-116.022172,49.397446],[-116.020154,49.399361],[-116.020205,49.401425],[-116.021643,49.403504],[-116.020557,49.404284],[-116.016371,49.403705],[-116.011824,49.403791],[-116.000324,49.407931],[-115.997463,49.408599],[-115.994426,49.411281],[-115.993983,49.412518],[-115.992406,49.412772],[-115.99164,49.41189],[-115.99052,49.412244],[-115.986974,49.415715],[-115.985916,49.41743],[-115.984282,49.417329],[-115.982084,49.417657],[-115.980202,49.418706],[-115.980645,49.418727],[-115.981222,49.42002],[-115.980217,49.421685],[-115.981562,49.42374],[-115.978783,49.425742],[-115.978115,49.426609],[-115.975625,49.427407],[-115.974456,49.429026],[-115.973394,49.429592],[-115.97158,49.42982],[-115.970337,49.430403],[-115.966887,49.430239],[-115.965586,49.429697],[-115.964779,49.428593],[-115.959509,49.426921],[-115.958674,49.425321],[-115.957973,49.425872],[-115.951437,49.426204],[-115.94886,49.425736],[-115.94719,49.424178],[-115.944723,49.423738],[-115.943493,49.423924],[-115.942676,49.423084],[-115.942877,49.422923],[-115.942116,49.42298],[-115.940354,49.423577],[-115.939837,49.424646],[-115.940683,49.425587],[-115.938836,49.426076],[-115.937692,49.427568],[-115.935532,49.427971],[-115.932874,49.429053],[-115.930062,49.428991],[-115.928117,49.429656],[-115.926984,49.429097],[-115.92748,49.427887],[-115.927126,49.427686],[-115.923946,49.429923],[-115.921951,49.430328],[-115.921293,49.432724],[-115.916346,49.433729],[-115.914573,49.434675],[-115.912298,49.435302],[-115.909831,49.435188],[-115.906316,49.435713],[-115.904879,49.435222],[-115.903822,49.434358],[-115.899934,49.433691],[-115.897898,49.432835],[-115.893946,49.42946],[-115.892199,49.427456],[-115.889783,49.425972],[-115.883402,49.424909],[-115.881053,49.424193],[-115.872549,49.425515],[-115.874007,49.426921],[-115.874722,49.428409],[-115.875838,49.437779],[-115.875729,49.440337],[-115.874455,49.442506],[-115.872007,49.444368],[-115.865029,49.447869],[-115.852039,49.457542],[-115.848714,49.459368],[-115.840146,49.462732],[-115.834769,49.46297],[-115.834599,49.46199],[-115.829012,49.460549],[-115.827226,49.459182],[-115.827033,49.455719],[-115.828964,49.452354],[-115.82846,49.451737],[-115.827177,49.451418],[-115.82678,49.450893],[-115.827375,49.449531],[-115.82658,49.448507],[-115.82497,49.448103],[-115.824083,49.446934],[-115.823216,49.447051],[-115.822496,49.446737],[-115.823144,49.445655],[-115.807728,49.447644],[-115.806969,49.447319],[-115.803952,49.447627],[-115.799461,49.448758],[-115.797636,49.448814],[-115.796288,49.448356],[-115.794268,49.448756],[-115.793894,49.448488],[-115.793612,49.448726],[-115.792287,49.450085],[-115.788901,49.457905],[-115.7848,49.463076],[-115.782487,49.472969],[-115.780945,49.474299],[-115.76541,49.484035],[-115.763605,49.484849],[-115.764305,49.485799],[-115.76719,49.485958],[-115.765267,49.490228],[-115.770806,49.490461],[-115.77082,49.487879],[-115.772489,49.48785],[-115.77261,49.490944],[-115.776489,49.490871],[-115.784206,49.491209],[-115.784246,49.494661],[-115.783843,49.497908],[-115.788217,49.497879],[-115.7962,49.497314],[-115.798504,49.4954],[-115.802241,49.489877],[-115.807157,49.484712],[-115.807126,49.486273],[-115.811043,49.482441],[-115.820909,49.474469],[-115.822831,49.472354],[-115.823265,49.471111],[-115.823853,49.470783],[-115.831414,49.470573],[-115.831346,49.469338],[-115.863605,49.468508],[-115.863228,49.469589],[-115.8689,49.474571],[-115.881357,49.486945],[-115.891972,49.500237],[-115.892788,49.502717],[-115.902523,49.513251],[-115.913441,49.511137],[-115.925299,49.508076],[-115.935789,49.508908],[-115.957843,49.524101],[-115.964673,49.524853],[-115.976304,49.522123],[-115.99006,49.515298],[-116.007189,49.499762],[-116.008933,49.499776],[-116.020691,49.492529],[-116.0274,49.483608],[-116.03864,49.47099],[-116.044644,49.466632],[-116.058257,49.461506],[-116.072674,49.454863],[-116.07522,49.453361],[-116.078612,49.449213],[-116.077894,49.436066],[-116.087638,49.426252],[-116.097229,49.411906],[-116.1069,49.403413],[-116.11096,49.401327],[-116.119933,49.400197],[-116.129279,49.399435],[-116.152699,49.400872],[-116.183526,49.40167],[-116.191402,49.400922],[-116.198262,49.399111]]]},"properties":{"id":"59010209","boundaryCode":"59010209","boundaryName":"DA 59010209","boundarySource":"census","boundaryLevel":"bcDaSimplified","boundaryDetail":"medium","DAUID":"59010209","DGUID":"2021S051259010209","PRUID":"59","CDUID":"5901","CDNAME":"East Kootenay","CDTYPE":"RD","CSDUID":"5901035","CSDNAME":"East Kootenay C","CSDTYPE":"RDA","CTUID":null,"CTNAME":null,"parentCdId":"5901","parentCdName":"East Kootenay","parentCsdId":"5901035","parentCsdName":"East Kootenay C","parentCtId":null,"parentCtName":null,"LANDAREA":243.1044,"areaKm2":244.2554743952203},"id":49942},{"type":"Feature","geometry":{"type":"Polygon","coordinates":[[[-115.443084,49.391559],[-115.498675,49.39307],[-115.504918,49.39346],[-115.541877,49.393506],[-115.542904,49.392974],[-115.544028,49.393514],[-115.605336,49.393325],[-115.604669,49.388264],[-115.60307,49.38669],[-115.600885,49.386638],[-115.600576,49.383823],[-115.599909,49.383075],[-115.600433,49.382782],[-115.600065,49.379767],[-115.604518,49.379783],[-115.605398,49.386584],[-115.60983,49.386726],[-115.610085,49.394013],[-115.623658,49.393549],[-115.626311,49.386488],[-115.631032,49.379201],[-115.632069,49.371703],[-115.631265,49.369155],[-115.630718,49.368528],[-115.628858,49.367535],[-115.629141,49.366756],[-115.62764,49.366253],[-115.624145,49.363127],[-115.604754,49.350236],[-115.594299,49.34538],[-115.586763,49.343085],[-115.586034,49.34248],[-115.582097,49.341434],[-115.58186,49.338923],[-115.5791,49.333451],[-115.579416,49.33244],[-115.578534,49.331944],[-115.578876,49.331084],[-115.580544,49.330034],[-115.580268,49.329122],[-115.581632,49.328608],[-115.582422,49.327925],[-115.583365,49.328162],[-115.584306,49.327993],[-115.587007,49.328872],[-115.587764,49.329817],[-115.589347,49.329827],[-115.592414,49.330404],[-115.596571,49.330436],[-115.596904,49.329758],[-115.595531,49.327989],[-115.595296,49.326944],[-115.595781,49.326842],[-115.594834,49.32576],[-115.5963,49.324554],[-115.59581,49.322912],[-115.596249,49.32244],[-115.597984,49.322407],[-115.599757,49.323931],[-115.602663,49.32385],[-115.604989,49.323356],[-115.608218,49.32353],[-115.609824,49.323712],[-115.613108,49.325022],[-115.616316,49.324082],[-115.617625,49.323118],[-115.619348,49.322994],[-115.623264,49.320245],[-115.623288,49.318668],[-115.623838,49.318106],[-115.624988,49.317704],[-115.625811,49.31774],[-115.62682,49.317151],[-115.628425,49.315012],[-115.627589,49.313716],[-115.628148,49.310678],[-115.630863,49.3097],[-115.632471,49.310356],[-115.633809,49.310299],[-115.634632,49.309012],[-115.636406,49.308636],[-115.63727,49.307826],[-115.638497,49.307768],[-115.640685,49.30691],[-115.64087,49.306218],[-115.643062,49.30519],[-115.64405,49.30484],[-115.64505,49.305049],[-115.645769,49.304499],[-115.646126,49.302657],[-115.647591,49.301044],[-115.647703,49.300054],[-115.648604,49.299848],[-115.650485,49.300085],[-115.649688,49.298202],[-115.65001,49.298016],[-115.650596,49.298257],[-115.651187,49.297804],[-115.651655,49.297836],[-115.652205,49.298956],[-115.653043,49.299019],[-115.653482,49.297682],[-115.65457,49.297685],[-115.655207,49.296143],[-115.655685,49.296302],[-115.656464,49.296004],[-115.657721,49.296413],[-115.65877,49.296335],[-115.659665,49.295831],[-115.660657,49.295833],[-115.6655,49.293325],[-115.677675,49.290196],[-115.679342,49.289461],[-115.686972,49.287345],[-115.693311,49.284642],[-115.696354,49.283859],[-115.698672,49.28265],[-115.700983,49.282208],[-115.706353,49.283736],[-115.709013,49.285043],[-115.711723,49.285264],[-115.715288,49.284959],[-115.718453,49.28399],[-115.721987,49.282467],[-115.728017,49.277695],[-115.728117,49.275524],[-115.726557,49.273321],[-115.726337,49.270619],[-115.727524,49.269088],[-115.734005,49.268183],[-115.749223,49.272838],[-115.757666,49.270549],[-115.759063,49.270139],[-115.762195,49.268395],[-115.765758,49.263152],[-115.766354,49.261455],[-115.765608,49.255748],[-115.764799,49.254946],[-115.764844,49.25311],[-115.763494,49.250113],[-115.76123,49.248764],[-115.760091,49.247194],[-115.757437,49.241134],[-115.755515,49.23529],[-115.757174,49.227152],[-115.756754,49.218399],[-115.759297,49.21497],[-115.763569,49.211332],[-115.776536,49.205525],[-115.784507,49.194994],[-115.780671,49.183581],[-115.780115,49.174662],[-115.767714,49.177597],[-115.743203,49.184461],[-115.735592,49.192147],[-115.727515,49.20338],[-115.718201,49.208091],[-115.70308,49.207383],[-115.699496,49.197602],[-115.687678,49.191608],[-115.671833,49.19663],[-115.663372,49.206299],[-115.651136,49.209921],[-115.633758,49.212613],[-115.620539,49.211254],[-115.617905,49.201939],[-115.61872,49.188087],[-115.612922,49.180126],[-115.608512,49.16929],[-115.601557,49.162565],[-115.591692,49.155895],[-115.595528,49.153833],[-115.590753,49.142586],[-115.589058,49.137108],[-115.581692,49.139158],[-115.578628,49.139636],[-115.5751,49.142817],[-115.568278,49.144221],[-115.56417,49.144145],[-115.560967,49.144521],[-115.554127,49.147489],[-115.551053,49.147958],[-115.547806,49.149],[-115.542663,49.150057],[-115.540089,49.15019],[-115.537339,49.149322],[-115.535786,49.149331],[-115.532205,49.150486],[-115.528634,49.15265],[-115.519823,49.161085],[-115.517122,49.164604],[-115.514236,49.166668],[-115.509843,49.172569],[-115.508318,49.173716],[-115.506774,49.174628],[-115.498903,49.176975],[-115.494617,49.177369],[-115.492743,49.178402],[-115.491572,49.180231],[-115.490385,49.181262],[-115.480499,49.186245],[-115.473667,49.188017],[-115.470755,49.189295],[-115.467517,49.189541],[-115.465085,49.189283],[-115.461767,49.187251],[-115.460902,49.186379],[-115.460424,49.182285],[-115.459254,49.179785],[-115.457394,49.178757],[-115.456548,49.178648],[-115.452925,49.180241],[-115.449818,49.182403],[-115.445848,49.184358],[-115.442405,49.187215],[-115.439978,49.188329],[-115.434442,49.189531],[-115.431339,49.191231],[-115.429595,49.191515],[-115.42682,49.19104],[-115.421454,49.192121],[-115.419027,49.19508],[-115.414882,49.197496],[-115.412984,49.199738],[-115.410915,49.201181],[-115.410738,49.202003],[-115.41194,49.205983],[-115.409496,49.209419],[-115.405742,49.211696],[-115.392986,49.215636],[-115.382773,49.219907],[-115.379031,49.220385],[-115.372357,49.219502],[-115.370867,49.219726],[-115.370022,49.22069],[-115.37021,49.225733],[-115.369361,49.227165],[-115.362275,49.231317],[-115.358694,49.232436],[-115.3546,49.232992],[-115.353628,49.233398],[-115.351268,49.237783],[-115.346151,49.240506],[-115.341808,49.244257],[-115.336645,49.245444],[-115.333428,49.247305],[-115.331896,49.250615],[-115.328421,49.25377],[-115.326172,49.254566],[-115.32094,49.254736],[-115.319513,49.255293],[-115.319196,49.25708],[-115.320383,49.261349],[-115.320422,49.263142],[-115.319409,49.264315],[-115.315127,49.266301],[-115.312678,49.266539],[-115.307782,49.265454],[-115.305058,49.265491],[-115.30313,49.266405],[-115.301915,49.268223],[-115.284567,49.261996],[-115.281073,49.261111],[-115.276647,49.260995],[-115.26252,49.26257],[-115.258597,49.262613],[-115.25634,49.262257],[-115.253607,49.261353],[-115.246962,49.256931],[-115.242562,49.255274],[-115.239182,49.254688],[-115.236144,49.25457],[-115.230679,49.255369],[-115.235757,49.263969],[-115.237287,49.265712],[-115.238872,49.266832],[-115.25243,49.273899],[-115.259164,49.279777],[-115.26017,49.281204],[-115.261779,49.285508],[-115.262804,49.287043],[-115.278069,49.300362],[-115.295796,49.321286],[-115.295516,49.323647],[-115.288275,49.330401],[-115.287698,49.332262],[-115.2859,49.333957],[-115.287853,49.338208],[-115.286557,49.341774],[-115.288221,49.344302],[-115.288159,49.344717],[-115.283654,49.344731],[-115.283571,49.349838],[-115.281519,49.349871],[-115.281331,49.365952],[-115.270462,49.366187],[-115.270524,49.370489],[-115.271616,49.376771],[-115.273979,49.3785],[-115.275424,49.37914],[-115.279194,49.379715],[-115.291363,49.37818],[-115.299564,49.376204],[-115.302164,49.37608],[-115.304984,49.376544],[-115.308484,49.378221],[-115.318831,49.386331],[-115.328318,49.389862],[-115.337777,49.394092],[-115.342398,49.395042],[-115.349777,49.395341],[-115.359782,49.397156],[-115.371121,49.401552],[-115.373906,49.403086],[-115.373879,49.401349],[-115.377136,49.400738],[-115.375867,49.390337],[-115.396251,49.390121],[-115.407786,49.391695],[-115.419081,49.392146],[-115.443084,49.391559]]]},"properties":{"id":"59010210","boundaryCode":"59010210","boundaryName":"DA 59010210","boundarySource":"census","boundaryLevel":"bcDaSimplified","boundaryDetail":"medium","DAUID":"59010210","DGUID":"2021S051259010210","PRUID":"59","CDUID":"5901","CDNAME":"East Kootenay","CDTYPE":"RD","CSDUID":"5901019","CSDNAME":"East Kootenay B","CSDTYPE":"RDA","CTUID":null,"CTNAME":null,"parentCdId":"5901","parentCdName":"East Kootenay","parentCsdId":"5901019","parentCsdName":"East Kootenay B","parentCtId":null,"parentCtName":null,"LANDAREA":620.7555,"areaKm2":639.9213336013862},"id":49943},{"type":"Feature","geometry":{"type":"Polygon","coordinates":[[[-115.373906,49.403086],[-115.371121,49.401552],[-115.359782,49.397156],[-115.349777,49.395341],[-115.342398,49.395042],[-115.337777,49.394092],[-115.328318,49.389862],[-115.318831,49.386331],[-115.308484,49.378221],[-115.304984,49.376544],[-115.302164,49.37608],[-115.299564,49.376204],[-115.291363,49.37818],[-115.279194,49.379715],[-115.275424,49.37914],[-115.273979,49.3785],[-115.271616,49.376771],[-115.265841,49.372375],[-115.262638,49.371052],[-115.25768,49.369805],[-115.254778,49.369813],[-115.248745,49.370587],[-115.244824,49.370623],[-115.240441,49.371991],[-115.233028,49.372787],[-115.229388,49.372581],[-115.225628,49.371493],[-115.224825,49.371974],[-115.220699,49.372479],[-115.220182,49.373413],[-115.22093,49.37408],[-115.223588,49.374433],[-115.225682,49.375787],[-115.230423,49.391406],[-115.232237,49.395779],[-115.233891,49.398845],[-115.238973,49.402835],[-115.239881,49.404037],[-115.240785,49.408045],[-115.243173,49.414153],[-115.245498,49.416617],[-115.254033,49.423196],[-115.256271,49.423878],[-115.262033,49.42472],[-115.265968,49.426497],[-115.298629,49.4263],[-115.319083,49.425137],[-115.348663,49.426506],[-115.375458,49.427189],[-115.374948,49.413134],[-115.373906,49.403086]]]},"properties":{"id":"59010211","boundaryCode":"59010211","boundaryName":"DA 59010211","boundarySource":"census","boundaryLevel":"bcDaSimplified","boundaryDetail":"medium","DAUID":"59010211","DGUID":"2021S051259010211","PRUID":"59","CDUID":"5901","CDNAME":"East Kootenay","CDTYPE":"RD","CSDUID":"5901019","CSDNAME":"East Kootenay B","CSDTYPE":"RDA","CTUID":null,"CTNAME":null,"parentCdId":"5901","parentCdName":"East Kootenay","parentCsdId":"5901019","parentCsdName":"East Kootenay B","parentCtId":null,"parentCtName":null,"LANDAREA":45.1777,"areaKm2":47.51006708835791},"id":49944},{"type":"Feature","geometry":{"type":"Polygon","coordinates":[[[-115.520008,49.00072],[-115.502841,49.000799],[-115.501164,49.00014],[-115.484389,49.000025],[-115.259184,49.000018],[-115.128164,49.000087],[-115.128614,49.074195],[-115.129957,49.092066],[-115.129766,49.096261],[-115.123763,49.095436],[-115.113328,49.094547],[-115.081738,49.094049],[-115.085284,49.102533],[-115.097587,49.139751],[-115.098898,49.141844],[-115.101418,49.143798],[-115.132634,49.161881],[-115.136447,49.163295],[-115.155333,49.168232],[-115.15828,49.169464],[-115.160374,49.171028],[-115.169623,49.181993],[-115.171156,49.184915],[-115.170979,49.187678],[-115.167211,49.197382],[-115.166712,49.20192],[-115.167223,49.207245],[-115.166115,49.210217],[-115.16456,49.211861],[-115.143982,49.228624],[-115.14008,49.232945],[-115.136945,49.238348],[-115.135609,49.242715],[-115.12559,49.293776],[-115.130524,49.292953],[-115.136056,49.29044],[-115.145629,49.290449],[-115.149405,49.291482],[-115.157485,49.29709],[-115.161362,49.300902],[-115.198802,49.349219],[-115.222657,49.369688],[-115.225628,49.371493],[-115.229388,49.372581],[-115.233028,49.372787],[-115.240441,49.371991],[-115.244824,49.370623],[-115.248745,49.370587],[-115.254778,49.369813],[-115.25768,49.369805],[-115.262638,49.371052],[-115.265841,49.372375],[-115.271616,49.376771],[-115.270524,49.370489],[-115.270462,49.366187],[-115.281331,49.365952],[-115.281519,49.349871],[-115.283571,49.349838],[-115.283654,49.344731],[-115.288159,49.344717],[-115.288221,49.344302],[-115.286557,49.341774],[-115.287853,49.338208],[-115.2859,49.333957],[-115.287698,49.332262],[-115.288275,49.330401],[-115.295516,49.323647],[-115.295796,49.321286],[-115.278069,49.300362],[-115.262804,49.287043],[-115.261779,49.285508],[-115.26017,49.281204],[-115.259164,49.279777],[-115.25243,49.273899],[-115.238872,49.266832],[-115.237287,49.265712],[-115.235757,49.263969],[-115.230679,49.255369],[-115.236144,49.25457],[-115.239182,49.254688],[-115.242562,49.255274],[-115.246962,49.256931],[-115.253607,49.261353],[-115.25634,49.262257],[-115.258597,49.262613],[-115.26252,49.26257],[-115.276647,49.260995],[-115.281073,49.261111],[-115.284567,49.261996],[-115.301915,49.268223],[-115.30313,49.266405],[-115.305058,49.265491],[-115.307782,49.265454],[-115.312678,49.266539],[-115.315127,49.266301],[-115.319409,49.264315],[-115.320422,49.263142],[-115.320383,49.261349],[-115.319196,49.25708],[-115.319513,49.255293],[-115.32094,49.254736],[-115.326172,49.254566],[-115.328421,49.25377],[-115.331896,49.250615],[-115.333428,49.247305],[-115.336645,49.245444],[-115.341808,49.244257],[-115.346151,49.240506],[-115.351268,49.237783],[-115.353628,49.233398],[-115.3546,49.232992],[-115.358694,49.232436],[-115.362275,49.231317],[-115.369361,49.227165],[-115.37021,49.225733],[-115.370022,49.22069],[-115.370867,49.219726],[-115.372357,49.219502],[-115.379031,49.220385],[-115.382773,49.219907],[-115.392986,49.215636],[-115.405742,49.211696],[-115.409496,49.209419],[-115.41194,49.205983],[-115.410738,49.202003],[-115.410915,49.201181],[-115.412984,49.199738],[-115.414882,49.197496],[-115.419027,49.19508],[-115.421454,49.192121],[-115.42682,49.19104],[-115.429595,49.191515],[-115.431339,49.191231],[-115.434442,49.189531],[-115.439978,49.188329],[-115.442405,49.187215],[-115.445848,49.184358],[-115.449818,49.182403],[-115.452925,49.180241],[-115.456548,49.178648],[-115.457394,49.178757],[-115.459254,49.179785],[-115.460424,49.182285],[-115.460902,49.186379],[-115.461767,49.187251],[-115.465085,49.189283],[-115.467517,49.189541],[-115.470755,49.189295],[-115.473667,49.188017],[-115.480499,49.186245],[-115.490385,49.181262],[-115.491572,49.180231],[-115.492743,49.178402],[-115.494617,49.177369],[-115.498903,49.176975],[-115.506774,49.174628],[-115.508318,49.173716],[-115.509843,49.172569],[-115.514236,49.166668],[-115.517122,49.164604],[-115.519823,49.161085],[-115.528634,49.15265],[-115.532205,49.150486],[-115.535786,49.149331],[-115.537339,49.149322],[-115.540089,49.15019],[-115.542663,49.150057],[-115.547806,49.149],[-115.551053,49.147958],[-115.554127,49.147489],[-115.560967,49.144521],[-115.56417,49.144145],[-115.568278,49.144221],[-115.5751,49.142817],[-115.578628,49.139636],[-115.581692,49.139158],[-115.589058,49.137108],[-115.587927,49.133347],[-115.578999,49.130312],[-115.56979,49.124946],[-115.556818,49.119768],[-115.552335,49.114349],[-115.550595,49.100554],[-115.554295,49.08994],[-115.554858,49.080005],[-115.547355,49.069076],[-115.546272,49.050772],[-115.533066,49.043572],[-115.535523,49.037472],[-115.531392,49.029655],[-115.5347,49.021438],[-115.532534,49.014257],[-115.529245,49.009293],[-115.523763,49.003812],[-115.520008,49.00072]]]},"properties":{"id":"59010212","boundaryCode":"59010212","boundaryName":"DA 59010212","boundarySource":"census","boundaryLevel":"bcDaSimplified","boundaryDetail":"medium","DAUID":"59010212","DGUID":"2021S051259010212","PRUID":"59","CDUID":"5901","CDNAME":"East Kootenay","CDTYPE":"RD","CSDUID":"5901019","CSDNAME":"East Kootenay B","CSDTYPE":"RDA","CTUID":null,"CTNAME":null,"parentCdId":"5901","parentCdName":"East Kootenay","parentCsdId":"5901019","parentCsdName":"East Kootenay B","parentCtId":null,"parentCtName":null,"LANDAREA":817.3892000000001,"areaKm2":864.4161605063146},"id":49945},{"type":"Feature","geometry":{"type":"Polygon","coordinates":[[[-115.265968,49.426497],[-115.262033,49.42472],[-115.256271,49.423878],[-115.254033,49.423196],[-115.245498,49.416617],[-115.243173,49.414153],[-115.240785,49.408045],[-115.239881,49.404037],[-115.238973,49.402835],[-115.233891,49.398845],[-115.232237,49.395779],[-115.230423,49.391406],[-115.225682,49.375787],[-115.223588,49.374433],[-115.22093,49.37408],[-115.220182,49.373413],[-115.220699,49.372479],[-115.224825,49.371974],[-115.225628,49.371493],[-115.222657,49.369688],[-115.198802,49.349219],[-115.161362,49.300902],[-115.157485,49.29709],[-115.149405,49.291482],[-115.145629,49.290449],[-115.136056,49.29044],[-115.130524,49.292953],[-115.12559,49.293776],[-115.135609,49.242715],[-115.136945,49.238348],[-115.14008,49.232945],[-115.143982,49.228624],[-115.16456,49.211861],[-115.166115,49.210217],[-115.167223,49.207245],[-115.166712,49.20192],[-115.167211,49.197382],[-115.170979,49.187678],[-115.171156,49.184915],[-115.169623,49.181993],[-115.160374,49.171028],[-115.15828,49.169464],[-115.155333,49.168232],[-115.136447,49.163295],[-115.132634,49.161881],[-115.101418,49.143798],[-115.098898,49.141844],[-115.097587,49.139751],[-115.085284,49.102533],[-115.081738,49.094049],[-115.074589,49.094157],[-115.074178,49.086993],[-115.073732,49.043158],[-115.07569,49.002715],[-115.052398,49.00279],[-115.052229,49.001424],[-115.048538,49.001466],[-115.048057,49.000062],[-114.726263,49.000135],[-114.730292,49.00508],[-114.734117,49.006753],[-114.739377,49.012117],[-114.741142,49.019553],[-114.744045,49.022719],[-114.749349,49.026444],[-114.756886,49.029292],[-114.75757,49.032797],[-114.757272,49.035703],[-114.753664,49.038468],[-114.750655,49.038875],[-114.746113,49.040285],[-114.741334,49.0427],[-114.736684,49.049341],[-114.733993,49.048611],[-114.73233,49.049959],[-114.728868,49.053843],[-114.721964,49.057084],[-114.71767,49.060643],[-114.716736,49.063284],[-114.711927,49.063382],[-114.700789,49.070007],[-114.703603,49.073303],[-114.707709,49.075751],[-114.708683,49.078345],[-114.711282,49.082114],[-114.714417,49.08512],[-114.718962,49.087774],[-114.719961,49.089838],[-114.724372,49.091683],[-114.731665,49.100646],[-114.736791,49.103472],[-114.745539,49.114439],[-114.751528,49.117365],[-114.753911,49.120452],[-114.753797,49.124259],[-114.743522,49.125036],[-114.736297,49.1283],[-114.732924,49.127584],[-114.731529,49.132291],[-114.725546,49.134694],[-114.722815,49.1369],[-114.72682,49.142051],[-114.727226,49.143566],[-114.723752,49.14532],[-114.72044,49.145963],[-114.718297,49.147803],[-114.719072,49.149119],[-114.717853,49.150614],[-114.716148,49.151269],[-114.71491,49.151059],[-114.710801,49.152548],[-114.708674,49.155243],[-114.707979,49.157358],[-114.709448,49.159581],[-114.713978,49.163691],[-114.714016,49.165406],[-114.708857,49.167967],[-114.70697,49.16949],[-114.706752,49.170815],[-114.708849,49.172524],[-114.717191,49.177569],[-114.722252,49.186495],[-114.726154,49.187123],[-114.732585,49.191632],[-114.736706,49.197187],[-114.744584,49.198849],[-114.751063,49.203717],[-114.747427,49.208428],[-114.74793,49.21159],[-114.753292,49.2179],[-114.740057,49.222854],[-114.738967,49.227202],[-114.740432,49.228643],[-114.740006,49.233306],[-114.742792,49.237071],[-114.740664,49.241305],[-114.738081,49.243318],[-114.737324,49.24626],[-114.740962,49.249817],[-114.732435,49.259333],[-114.733241,49.261891],[-114.731341,49.263683],[-114.726515,49.263491],[-114.719978,49.266263],[-114.713879,49.27094],[-114.715088,49.278487],[-114.709262,49.282025],[-114.709437,49.283038],[-114.70678,49.283688],[-114.699038,49.288475],[-114.714917,49.295544],[-114.715736,49.296814],[-114.718347,49.299326],[-114.726091,49.302126],[-114.728831,49.302051],[-114.732001,49.30355],[-114.731255,49.308606],[-114.728137,49.311001],[-114.725145,49.313887],[-114.735277,49.314999],[-114.743628,49.316813],[-114.750993,49.316633],[-114.759334,49.317863],[-114.762882,49.316694],[-114.767484,49.317071],[-114.77038,49.318713],[-114.772457,49.320341],[-114.781399,49.322328],[-114.796709,49.326338],[-114.798198,49.327789],[-114.798556,49.330375],[-114.802147,49.331527],[-114.811571,49.332652],[-114.816529,49.33167],[-114.820487,49.329239],[-114.825924,49.3274],[-114.830116,49.327344],[-114.834194,49.329336],[-114.837211,49.329776],[-114.842044,49.32914],[-114.843952,49.326255],[-114.846048,49.326226],[-114.848894,49.327772],[-114.863212,49.330046],[-114.871426,49.334121],[-114.878017,49.335395],[-114.881482,49.338283],[-114.886194,49.34108],[-114.889392,49.345745],[-114.886394,49.349815],[-114.88577,49.354934],[-114.880373,49.357715],[-114.880652,49.35933],[-114.883449,49.36448],[-114.882628,49.369836],[-114.872849,49.373778],[-114.872753,49.37559],[-114.874921,49.380212],[-114.876799,49.38122],[-114.877736,49.382568],[-114.886205,49.385725],[-114.88118,49.387465],[-114.873969,49.393319],[-114.873023,49.395917],[-114.871075,49.396799],[-114.867619,49.40191],[-114.865609,49.403626],[-114.859837,49.407135],[-114.857077,49.41224],[-114.858734,49.414711],[-114.863742,49.418461],[-114.868398,49.419731],[-114.87551,49.422209],[-114.891928,49.428964],[-114.906549,49.42526],[-114.90888,49.421559],[-114.909899,49.417371],[-114.90989,49.416506],[-114.909427,49.416066],[-114.90977,49.415792],[-114.909885,49.413392],[-114.91011,49.412957],[-114.911347,49.412717],[-114.911163,49.411545],[-114.913786,49.410827],[-114.916142,49.408882],[-114.919604,49.407874],[-114.921126,49.40611],[-114.923787,49.40515],[-114.923954,49.404749],[-114.925231,49.404538],[-114.92601,49.402735],[-114.928504,49.400476],[-114.93038,49.399458],[-114.929991,49.398534],[-114.931825,49.397226],[-114.930647,49.396063],[-114.931735,49.394751],[-114.931172,49.394066],[-114.931876,49.393404],[-114.931278,49.392871],[-114.931803,49.392485],[-114.931999,49.391454],[-114.931408,49.391084],[-114.93151,49.390276],[-114.930476,49.389664],[-114.931159,49.387822],[-114.932096,49.385851],[-114.932454,49.385534],[-114.93405,49.385266],[-114.934328,49.384568],[-114.935916,49.384156],[-114.93575,49.383497],[-114.936809,49.383182],[-114.936464,49.382591],[-114.936746,49.382066],[-114.937561,49.381721],[-114.938447,49.380611],[-114.944314,49.379358],[-114.944692,49.378249],[-114.946492,49.378336],[-114.949001,49.377327],[-114.949815,49.377279],[-114.949894,49.376371],[-114.950494,49.375869],[-114.95378,49.37537],[-114.956726,49.374433],[-114.95817,49.373477],[-114.958128,49.372542],[-114.959485,49.37235],[-114.960241,49.371733],[-114.962342,49.371563],[-114.962985,49.370683],[-114.96392,49.370682],[-114.965019,49.371098],[-114.966201,49.370156],[-114.967862,49.370301],[-114.969308,49.370021],[-114.970253,49.369471],[-114.970556,49.368154],[-114.972362,49.367736],[-114.973992,49.368332],[-114.976719,49.367291],[-114.978579,49.367332],[-114.979858,49.367697],[-114.98134,49.367497],[-114.98223,49.365264],[-114.983737,49.364472],[-114.983072,49.363867],[-114.984141,49.362652],[-114.985556,49.362453],[-114.985145,49.362023],[-114.985774,49.361142],[-114.985363,49.360722],[-114.985638,49.360412],[-114.987035,49.360588],[-114.987841,49.3601],[-114.988827,49.360224],[-114.989268,49.359243],[-114.992804,49.359987],[-114.993367,49.359026],[-114.995912,49.35773],[-114.998033,49.358387],[-114.998829,49.357763],[-115.000014,49.358223],[-115.001434,49.357726],[-115.004492,49.358022],[-115.007001,49.356982],[-115.007016,49.355439],[-115.004574,49.353782],[-115.004405,49.352371],[-115.006053,49.349717],[-115.007907,49.348974],[-115.010142,49.346721],[-115.010359,49.348449],[-115.02758,49.34749],[-115.056497,49.347668],[-115.056335,49.364404],[-115.040561,49.365269],[-115.041256,49.404761],[-115.051808,49.40507],[-115.051404,49.417849],[-115.061908,49.418062],[-115.061834,49.420483],[-115.084635,49.420479],[-115.084616,49.434907],[-115.106395,49.435142],[-115.106425,49.452737],[-115.128509,49.452429],[-115.128218,49.467062],[-115.151397,49.467205],[-115.150868,49.481768],[-115.156959,49.481696],[-115.15714,49.488867],[-115.201797,49.48864],[-115.200452,49.519243],[-115.212597,49.515829],[-115.223164,49.516829],[-115.234634,49.513371],[-115.242206,49.507803],[-115.243559,49.499911],[-115.256197,49.492501],[-115.258082,49.48768],[-115.255459,49.48725],[-115.249733,49.484936],[-115.250816,49.479455],[-115.249925,49.474353],[-115.250694,49.466886],[-115.243125,49.464824],[-115.236931,49.45839],[-115.239067,49.452692],[-115.224517,49.444362],[-115.216238,49.438776],[-115.207354,49.427045],[-115.252556,49.426161],[-115.265968,49.426497]]]},"properties":{"id":"59010213","boundaryCode":"59010213","boundaryName":"DA 59010213","boundarySource":"census","boundaryLevel":"bcDaSimplified","boundaryDetail":"medium","DAUID":"59010213","DGUID":"2021S051259010213","PRUID":"59","CDUID":"5901","CDNAME":"East Kootenay","CDTYPE":"RD","CSDUID":"5901019","CSDNAME":"East Kootenay B","CSDTYPE":"RDA","CTUID":null,"CTNAME":null,"parentCdId":"5901","parentCdName":"East Kootenay","parentCsdId":"5901019","parentCsdName":"East Kootenay B","parentCtId":null,"parentCtName":null,"LANDAREA":1297.8304,"areaKm2":1303.0401130150476},"id":49946},{"type":"Feature","geometry":{"type":"Polygon","coordinates":[[[-115.128164,49.000087],[-115.048057,49.000062],[-115.048538,49.001466],[-115.052229,49.001424],[-115.052398,49.00279],[-115.07569,49.002715],[-115.073732,49.043158],[-115.074178,49.086993],[-115.074589,49.094157],[-115.081738,49.094049],[-115.113328,49.094547],[-115.123763,49.095436],[-115.129766,49.096261],[-115.129957,49.092066],[-115.128614,49.074195],[-115.128164,49.000087]]]},"properties":{"id":"59010214","boundaryCode":"59010214","boundaryName":"DA 59010214","boundarySource":"census","boundaryLevel":"bcDaSimplified","boundaryDetail":"medium","DAUID":"59010214","DGUID":"2021S051259010214","PRUID":"59","CDUID":"5901","CDNAME":"East Kootenay","CDTYPE":"RD","CSDUID":"5901801","CSDNAME":"Tobacco Plains 2","CSDTYPE":"IRI","CTUID":null,"CTNAME":null,"parentCdId":"5901","parentCdName":"East Kootenay","parentCsdId":"5901801","parentCsdName":"Tobacco Plains 2","parentCtId":null,"parentCtName":null,"LANDAREA":41.7374,"areaKm2":42.2114320795482},"id":49947},{"type":"Feature","geometry":{"type":"Polygon","coordinates":[[[-114.625651,49.477877],[-114.628115,49.514719],[-114.649007,49.514434],[-114.649328,49.518757],[-114.672175,49.517996],[-114.672033,49.516088],[-114.671409,49.516114],[-114.671825,49.514458],[-114.675009,49.509399],[-114.675429,49.506563],[-114.678646,49.500791],[-114.678977,49.498434],[-114.680924,49.494209],[-114.681133,49.491785],[-114.680716,49.490301],[-114.679574,49.488508],[-114.67971,49.486188],[-114.661301,49.48643],[-114.647194,49.486044],[-114.646203,49.472191],[-114.625401,49.472632],[-114.625651,49.477877]]]},"properties":{"id":"59010216","boundaryCode":"59010216","boundaryName":"DA 59010216","boundarySource":"census","boundaryLevel":"bcDaSimplified","boundaryDetail":"medium","DAUID":"59010216","DGUID":"2021S051259010216","PRUID":"59","CDUID":"5901","CDNAME":"East Kootenay","CDTYPE":"RD","CSDUID":"5901006","CSDNAME":"Sparwood","CSDTYPE":"DM","CTUID":null,"CTNAME":null,"parentCdId":"5901","parentCdName":"East Kootenay","parentCsdId":"5901006","parentCsdName":"Sparwood","parentCtId":null,"parentCtName":null,"LANDAREA":14.554200000000002,"areaKm2":14.553119374225844},"id":49948},{"type":"Feature","geometry":{"type":"Polygon","coordinates":[[[-115.034003,49.49669],[-115.032915,49.512764],[-115.041638,49.518089],[-115.043833,49.516328],[-115.052769,49.508702],[-115.051236,49.508105],[-115.051048,49.507402],[-115.053114,49.505683],[-115.052015,49.505366],[-115.054491,49.503422],[-115.05399,49.503017],[-115.054451,49.502276],[-115.055933,49.50179],[-115.055189,49.501417],[-115.055699,49.500628],[-115.057936,49.5004],[-115.058174,49.50113],[-115.059829,49.501116],[-115.061019,49.501601],[-115.063564,49.499047],[-115.063727,49.498528],[-115.061274,49.497252],[-115.059728,49.496933],[-115.053088,49.497316],[-115.049753,49.497893],[-115.047263,49.497999],[-115.034003,49.49669]]]},"properties":{"id":"59010217","boundaryCode":"59010217","boundaryName":"DA 59010217","boundarySource":"census","boundaryLevel":"bcDaSimplified","boundaryDetail":"medium","DAUID":"59010217","DGUID":"2021S051259010217","PRUID":"59","CDUID":"5901","CDNAME":"East Kootenay","CDTYPE":"RD","CSDUID":"5901012","CSDNAME":"Fernie","CSDTYPE":"CY","CTUID":null,"CTNAME":null,"parentCdId":"5901","parentCdName":"East Kootenay","parentCsdId":"5901012","parentCsdName":"Fernie","parentCtId":null,"parentCtName":null,"LANDAREA":2.931,"areaKm2":2.927975848281654},"id":49949},{"type":"Feature","geometry":{"type":"Polygon","coordinates":[[[-115.052769,49.508702],[-115.054978,49.509626],[-115.057465,49.507163],[-115.060864,49.50859],[-115.063319,49.506139],[-115.061066,49.505166],[-115.061902,49.504331],[-115.060796,49.503859],[-115.061637,49.503029],[-115.0607,49.502625],[-115.061519,49.501814],[-115.061019,49.501601],[-115.059829,49.501116],[-115.058174,49.50113],[-115.057936,49.5004],[-115.055699,49.500628],[-115.055189,49.501417],[-115.055933,49.50179],[-115.054451,49.502276],[-115.05399,49.503017],[-115.054491,49.503422],[-115.052015,49.505366],[-115.053114,49.505683],[-115.051048,49.507402],[-115.051236,49.508105],[-115.052769,49.508702]]]},"properties":{"id":"59010218","boundaryCode":"59010218","boundaryName":"DA 59010218","boundarySource":"census","boundaryLevel":"bcDaSimplified","boundaryDetail":"medium","DAUID":"59010218","DGUID":"2021S051259010218","PRUID":"59","CDUID":"5901","CDNAME":"East Kootenay","CDTYPE":"RD","CSDUID":"5901012","CSDNAME":"Fernie","CSDTYPE":"CY","CTUID":null,"CTNAME":null,"parentCdId":"5901","parentCdName":"East Kootenay","parentCsdId":"5901012","parentCsdName":"Fernie","parentCtId":null,"parentCtName":null,"LANDAREA":0.512,"areaKm2":0.5115057953047075},"id":49950},{"type":"Feature","geometry":{"type":"Polygon","coordinates":[[[-115.061019,49.501601],[-115.061519,49.501814],[-115.0607,49.502625],[-115.061637,49.503029],[-115.060796,49.503859],[-115.061902,49.504331],[-115.061066,49.505166],[-115.063319,49.506139],[-115.065479,49.507043],[-115.067467,49.505497],[-115.070486,49.503782],[-115.070232,49.50361],[-115.068839,49.504102],[-115.067131,49.503164],[-115.066404,49.503887],[-115.064723,49.503173],[-115.065504,49.502361],[-115.065951,49.499655],[-115.064422,49.498937],[-115.064114,49.499247],[-115.063564,49.499047],[-115.061019,49.501601]]]},"properties":{"id":"59010219","boundaryCode":"59010219","boundaryName":"DA 59010219","boundarySource":"census","boundaryLevel":"bcDaSimplified","boundaryDetail":"medium","DAUID":"59010219","DGUID":"2021S051259010219","PRUID":"59","CDUID":"5901","CDNAME":"East Kootenay","CDTYPE":"RD","CSDUID":"5901012","CSDNAME":"Fernie","CSDTYPE":"CY","CTUID":null,"CTNAME":null,"parentCdId":"5901","parentCdName":"East Kootenay","parentCsdId":"5901012","parentCsdName":"Fernie","parentCtId":null,"parentCtName":null,"LANDAREA":0.2787,"areaKm2":0.2813427645205929},"id":49951},{"type":"Feature","geometry":{"type":"Polygon","coordinates":[[[-115.054978,49.509626],[-115.059502,49.511562],[-115.055873,49.515824],[-115.057424,49.516691],[-115.058995,49.514669],[-115.059902,49.515257],[-115.060313,49.514841],[-115.060197,49.514217],[-115.061859,49.512567],[-115.06764,49.506778],[-115.068491,49.505933],[-115.067467,49.505497],[-115.065479,49.507043],[-115.063319,49.506139],[-115.060864,49.50859],[-115.057465,49.507163],[-115.054978,49.509626]]]},"properties":{"id":"59010220","boundaryCode":"59010220","boundaryName":"DA 59010220","boundarySource":"census","boundaryLevel":"bcDaSimplified","boundaryDetail":"medium","DAUID":"59010220","DGUID":"2021S051259010220","PRUID":"59","CDUID":"5901","CDNAME":"East Kootenay","CDTYPE":"RD","CSDUID":"5901012","CSDNAME":"Fernie","CSDTYPE":"CY","CTUID":null,"CTNAME":null,"parentCdId":"5901","parentCdName":"East Kootenay","parentCsdId":"5901012","parentCsdName":"Fernie","parentCtId":null,"parentCtName":null,"LANDAREA":0.4176,"areaKm2":0.41712419357446767},"id":49952},{"type":"Feature","geometry":{"type":"Polygon","coordinates":[[[-115.061859,49.512567],[-115.064099,49.513518],[-115.06493,49.512691],[-115.066065,49.513176],[-115.066897,49.51235],[-115.067925,49.512794],[-115.069018,49.510899],[-115.070802,49.508978],[-115.071037,49.508197],[-115.06764,49.506778],[-115.061859,49.512567]]]},"properties":{"id":"59010221","boundaryCode":"59010221","boundaryName":"DA 59010221","boundarySource":"census","boundaryLevel":"bcDaSimplified","boundaryDetail":"medium","DAUID":"59010221","DGUID":"2021S051259010221","PRUID":"59","CDUID":"5901","CDNAME":"East Kootenay","CDTYPE":"RD","CSDUID":"5901012","CSDNAME":"Fernie","CSDTYPE":"CY","CTUID":null,"CTNAME":null,"parentCdId":"5901","parentCdName":"East Kootenay","parentCsdId":"5901012","parentCsdName":"Fernie","parentCtId":null,"parentCtName":null,"LANDAREA":0.2396,"areaKm2":0.2393208289434742},"id":49953},{"type":"Feature","geometry":{"type":"Polygon","coordinates":[[[-115.067467,49.505497],[-115.068491,49.505933],[-115.06764,49.506778],[-115.071037,49.508197],[-115.070802,49.508978],[-115.069018,49.510899],[-115.067925,49.512794],[-115.066897,49.51235],[-115.066065,49.513176],[-115.06493,49.512691],[-115.064099,49.513518],[-115.062439,49.515174],[-115.063565,49.515653],[-115.061886,49.517309],[-115.062787,49.5178],[-115.060992,49.520778],[-115.062985,49.519945],[-115.064307,49.520003],[-115.062929,49.521237],[-115.062819,49.521787],[-115.064987,49.524612],[-115.067485,49.52619],[-115.067177,49.527225],[-115.065248,49.527635],[-115.066819,49.528336],[-115.068515,49.528409],[-115.06946,49.529333],[-115.072122,49.529854],[-115.073134,49.530494],[-115.08499,49.531714],[-115.083033,49.511497],[-115.081428,49.505452],[-115.079439,49.505455],[-115.078718,49.509206],[-115.072841,49.509512],[-115.072308,49.506521],[-115.071604,49.505315],[-115.072815,49.505229],[-115.071397,49.503386],[-115.070486,49.503782],[-115.067467,49.505497]]]},"properties":{"id":"59010222","boundaryCode":"59010222","boundaryName":"DA 59010222","boundarySource":"census","boundaryLevel":"bcDaSimplified","boundaryDetail":"medium","DAUID":"59010222","DGUID":"2021S051259010222","PRUID":"59","CDUID":"5901","CDNAME":"East Kootenay","CDTYPE":"RD","CSDUID":"5901012","CSDNAME":"Fernie","CSDTYPE":"CY","CTUID":null,"CTNAME":null,"parentCdId":"5901","parentCdName":"East Kootenay","parentCsdId":"5901012","parentCsdName":"Fernie","parentCtId":null,"parentCtName":null,"LANDAREA":3.3001,"areaKm2":3.4198678036474184},"id":49954},{"type":"Feature","geometry":{"type":"Polygon","coordinates":[[[-115.043833,49.516328],[-115.04556,49.516356],[-115.044304,49.524278],[-115.041977,49.524586],[-115.038014,49.526208],[-115.037119,49.526403],[-115.035938,49.526091],[-115.033472,49.526173],[-115.032044,49.526973],[-115.039494,49.5288],[-115.041848,49.528227],[-115.052135,49.52833],[-115.073134,49.530494],[-115.072122,49.529854],[-115.06946,49.529333],[-115.068515,49.528409],[-115.066819,49.528336],[-115.065248,49.527635],[-115.067177,49.527225],[-115.067485,49.52619],[-115.064987,49.524612],[-115.062819,49.521787],[-115.062929,49.521237],[-115.064307,49.520003],[-115.062985,49.519945],[-115.060992,49.520778],[-115.062787,49.5178],[-115.061886,49.517309],[-115.063565,49.515653],[-115.062439,49.515174],[-115.064099,49.513518],[-115.061859,49.512567],[-115.060197,49.514217],[-115.060313,49.514841],[-115.059902,49.515257],[-115.058995,49.514669],[-115.057424,49.516691],[-115.055873,49.515824],[-115.059502,49.511562],[-115.054978,49.509626],[-115.052769,49.508702],[-115.043833,49.516328]]]},"properties":{"id":"59010223","boundaryCode":"59010223","boundaryName":"DA 59010223","boundarySource":"census","boundaryLevel":"bcDaSimplified","boundaryDetail":"medium","DAUID":"59010223","DGUID":"2021S051259010223","PRUID":"59","CDUID":"5901","CDNAME":"East Kootenay","CDTYPE":"RD","CSDUID":"5901012","CSDNAME":"Fernie","CSDTYPE":"CY","CTUID":null,"CTNAME":null,"parentCdId":"5901","parentCdName":"East Kootenay","parentCsdId":"5901012","parentCsdName":"Fernie","parentCtId":null,"parentCtName":null,"LANDAREA":2.5699,"areaKm2":2.8884320171385736},"id":49955},{"type":"Feature","geometry":{"type":"Polygon","coordinates":[[[-115.070597,49.496027],[-115.073934,49.496213],[-115.074041,49.489461],[-115.072937,49.489453],[-115.0729,49.491232],[-115.070688,49.491205],[-115.070679,49.492029],[-115.071574,49.493103],[-115.072899,49.493215],[-115.072858,49.495357],[-115.071985,49.49522],[-115.070015,49.49409],[-115.069364,49.494249],[-115.068461,49.495089],[-115.070597,49.496027]]]},"properties":{"id":"59010226","boundaryCode":"59010226","boundaryName":"DA 59010226","boundarySource":"census","boundaryLevel":"bcDaSimplified","boundaryDetail":"medium","DAUID":"59010226","DGUID":"2021S051259010226","PRUID":"59","CDUID":"5901","CDNAME":"East Kootenay","CDTYPE":"RD","CSDUID":"5901012","CSDNAME":"Fernie","CSDTYPE":"CY","CTUID":null,"CTNAME":null,"parentCdId":"5901","parentCdName":"East Kootenay","parentCsdId":"5901012","parentCsdName":"Fernie","parentCtId":null,"parentCtName":null,"LANDAREA":0.13340000000000002,"areaKm2":0.13322721754069244},"id":49956},{"type":"Feature","geometry":{"type":"Polygon","coordinates":[[[-115.137024,49.568533],[-115.131268,49.567699],[-115.124806,49.564927],[-115.121549,49.564329],[-115.122095,49.562323],[-115.120089,49.558027],[-115.118866,49.557809],[-115.117792,49.557008],[-115.115585,49.556082],[-115.113024,49.554043],[-115.111586,49.553327],[-115.109805,49.552911],[-115.108284,49.553282],[-115.106778,49.552852],[-115.105914,49.553063],[-115.102894,49.551071],[-115.099866,49.54745],[-115.097552,49.546576],[-115.095642,49.545186],[-115.095511,49.543907],[-115.093965,49.542477],[-115.09198,49.541581],[-115.089562,49.541218],[-115.085529,49.538632],[-115.084481,49.536816],[-115.081904,49.535577],[-115.082264,49.534809],[-115.081986,49.534157],[-115.079815,49.53349],[-115.077586,49.533922],[-115.076946,49.533362],[-115.075024,49.532674],[-115.073616,49.531562],[-115.073134,49.530494],[-115.052135,49.52833],[-115.041848,49.528227],[-115.024013,49.543036],[-115.004533,49.555646],[-114.992504,49.567013],[-114.975936,49.584111],[-114.973518,49.585219],[-114.966252,49.586895],[-114.964445,49.587854],[-114.960623,49.590862],[-114.948485,49.608781],[-114.917767,49.638191],[-114.908083,49.653552],[-114.906867,49.658123],[-114.906273,49.658929],[-114.900426,49.661973],[-114.893975,49.66803],[-114.892415,49.672174],[-114.88966,49.677254],[-114.889063,49.681891],[-114.903934,49.681417],[-114.905097,49.692666],[-114.913667,49.707992],[-114.913633,49.743501],[-114.91097,49.755883],[-114.910655,49.763614],[-114.930496,49.759573],[-114.952935,49.757953],[-114.958963,49.75058],[-114.95669,49.750639],[-114.961414,49.74672],[-114.9872,49.737359],[-114.987382,49.719984],[-114.979769,49.711021],[-114.974714,49.703389],[-114.974677,49.695898],[-114.983641,49.687875],[-115.006824,49.678828],[-115.010563,49.675348],[-115.016547,49.666459],[-115.018187,49.65647],[-115.016651,49.640238],[-115.012254,49.633716],[-115.006011,49.622001],[-115.004667,49.613799],[-115.00821,49.604949],[-115.013525,49.601183],[-115.020829,49.600809],[-115.028248,49.603936],[-115.035842,49.611892],[-115.044255,49.614313],[-115.055299,49.612698],[-115.057539,49.610279],[-115.060544,49.608418],[-115.065982,49.602966],[-115.069737,49.590737],[-115.070957,49.580915],[-115.079077,49.57674],[-115.092367,49.575884],[-115.12731,49.57601],[-115.133728,49.57291],[-115.137157,49.568943],[-115.137024,49.568533]]]},"properties":{"id":"59010227","boundaryCode":"59010227","boundaryName":"DA 59010227","boundarySource":"census","boundaryLevel":"bcDaSimplified","boundaryDetail":"medium","DAUID":"59010227","DGUID":"2021S051259010227","PRUID":"59","CDUID":"5901","CDNAME":"East Kootenay","CDTYPE":"RD","CSDUID":"5901017","CSDNAME":"East Kootenay A","CSDTYPE":"RDA","CTUID":null,"CTNAME":null,"parentCdId":"5901","parentCdName":"East Kootenay","parentCsdId":"5901017","parentCsdName":"East Kootenay A","parentCtId":null,"parentCtName":null,"LANDAREA":161.2923,"areaKm2":162.297625591729},"id":49957},{"type":"Feature","geometry":{"type":"Polygon","coordinates":[[[-114.889063,49.681891],[-114.89376,49.69682],[-114.894194,49.699306],[-114.893332,49.716032],[-114.892201,49.719531],[-114.893775,49.719856],[-114.895202,49.719569],[-114.896013,49.720821],[-114.89674,49.724398],[-114.897282,49.731303],[-114.896422,49.732325],[-114.894758,49.730629],[-114.894566,49.729949],[-114.892269,49.730478],[-114.892431,49.732084],[-114.890839,49.732148],[-114.890882,49.732886],[-114.892512,49.73293],[-114.893315,49.733682],[-114.895158,49.732887],[-114.89715,49.734781],[-114.897009,49.736164],[-114.896358,49.736762],[-114.89388,49.737395],[-114.890266,49.737075],[-114.889503,49.736805],[-114.88864,49.735915],[-114.886795,49.734441],[-114.881179,49.734447],[-114.881008,49.734175],[-114.879577,49.734429],[-114.881502,49.73551],[-114.881968,49.736154],[-114.883344,49.745884],[-114.886182,49.749613],[-114.887873,49.747724],[-114.89215,49.745438],[-114.895207,49.743018],[-114.901228,49.742767],[-114.913633,49.743501],[-114.913667,49.707992],[-114.905097,49.692666],[-114.903934,49.681417],[-114.889063,49.681891]]]},"properties":{"id":"59010228","boundaryCode":"59010228","boundaryName":"DA 59010228","boundarySource":"census","boundaryLevel":"bcDaSimplified","boundaryDetail":"medium","DAUID":"59010228","DGUID":"2021S051259010228","PRUID":"59","CDUID":"5901","CDNAME":"East Kootenay","CDTYPE":"RD","CSDUID":"5901006","CSDNAME":"Sparwood","CSDTYPE":"DM","CTUID":null,"CTNAME":null,"parentCdId":"5901","parentCdName":"East Kootenay","parentCsdId":"5901006","parentCsdName":"Sparwood","parentCtId":null,"parentCtName":null,"LANDAREA":8.461400000000001,"areaKm2":9.474907759899828},"id":49958},{"type":"Feature","geometry":{"type":"Polygon","coordinates":[[[-114.892269,49.730478],[-114.890823,49.73033],[-114.889926,49.72923],[-114.890599,49.725645],[-114.892489,49.723994],[-114.893486,49.72392],[-114.893775,49.719856],[-114.892201,49.719531],[-114.886622,49.728574],[-114.885246,49.730133],[-114.8862,49.730843],[-114.887692,49.731916],[-114.889259,49.732385],[-114.890772,49.733852],[-114.891867,49.733761],[-114.89226,49.734115],[-114.893315,49.733682],[-114.892512,49.73293],[-114.890882,49.732886],[-114.890839,49.732148],[-114.892431,49.732084],[-114.892269,49.730478]]]},"properties":{"id":"59010229","boundaryCode":"59010229","boundaryName":"DA 59010229","boundarySource":"census","boundaryLevel":"bcDaSimplified","boundaryDetail":"medium","DAUID":"59010229","DGUID":"2021S051259010229","PRUID":"59","CDUID":"5901","CDNAME":"East Kootenay","CDTYPE":"RD","CSDUID":"5901006","CSDNAME":"Sparwood","CSDTYPE":"DM","CTUID":null,"CTNAME":null,"parentCdId":"5901","parentCdName":"East Kootenay","parentCsdId":"5901006","parentCsdName":"Sparwood","parentCtId":null,"parentCtName":null,"LANDAREA":0.3635,"areaKm2":0.3630946944840894},"id":49959},{"type":"Feature","geometry":{"type":"Polygon","coordinates":[[[-114.893775,49.719856],[-114.893486,49.72392],[-114.892489,49.723994],[-114.890599,49.725645],[-114.889926,49.72923],[-114.890823,49.73033],[-114.892269,49.730478],[-114.894566,49.729949],[-114.894758,49.730629],[-114.896422,49.732325],[-114.897282,49.731303],[-114.89674,49.724398],[-114.896013,49.720821],[-114.895202,49.719569],[-114.893775,49.719856]]]},"properties":{"id":"59010230","boundaryCode":"59010230","boundaryName":"DA 59010230","boundarySource":"census","boundaryLevel":"bcDaSimplified","boundaryDetail":"medium","DAUID":"59010230","DGUID":"2021S051259010230","PRUID":"59","CDUID":"5901","CDNAME":"East Kootenay","CDTYPE":"RD","CSDUID":"5901006","CSDNAME":"Sparwood","CSDTYPE":"DM","CTUID":null,"CTNAME":null,"parentCdId":"5901","parentCdName":"East Kootenay","parentCsdId":"5901006","parentCsdName":"Sparwood","parentCtId":null,"parentCtName":null,"LANDAREA":0.44120000000000004,"areaKm2":0.44075971558990185},"id":49960},{"type":"Feature","geometry":{"type":"Polygon","coordinates":[[[-114.893315,49.733682],[-114.89226,49.734115],[-114.891867,49.733761],[-114.890772,49.733852],[-114.889259,49.732385],[-114.887692,49.731916],[-114.8862,49.730843],[-114.885079,49.731293],[-114.88268,49.73335],[-114.888807,49.733506],[-114.88882,49.734626],[-114.889376,49.735404],[-114.88864,49.735915],[-114.889503,49.736805],[-114.890266,49.737075],[-114.89388,49.737395],[-114.896358,49.736762],[-114.897009,49.736164],[-114.89715,49.734781],[-114.895158,49.732887],[-114.893315,49.733682]]]},"properties":{"id":"59010231","boundaryCode":"59010231","boundaryName":"DA 59010231","boundarySource":"census","boundaryLevel":"bcDaSimplified","boundaryDetail":"medium","DAUID":"59010231","DGUID":"2021S051259010231","PRUID":"59","CDUID":"5901","CDNAME":"East Kootenay","CDTYPE":"RD","CSDUID":"5901006","CSDNAME":"Sparwood","CSDTYPE":"DM","CTUID":null,"CTNAME":null,"parentCdId":"5901","parentCdName":"East Kootenay","parentCsdId":"5901006","parentCsdName":"Sparwood","parentCtId":null,"parentCtName":null,"LANDAREA":0.3159,"areaKm2":0.3155440972757902},"id":49961},{"type":"Feature","geometry":{"type":"Polygon","coordinates":[[[-114.88864,49.735915],[-114.889376,49.735404],[-114.88882,49.734626],[-114.888807,49.733506],[-114.88268,49.73335],[-114.885079,49.731293],[-114.8862,49.730843],[-114.885246,49.730133],[-114.886622,49.728574],[-114.892201,49.719531],[-114.893332,49.716032],[-114.894194,49.699306],[-114.89376,49.69682],[-114.889063,49.681891],[-114.886891,49.681941],[-114.886304,49.689077],[-114.885835,49.706975],[-114.874086,49.707439],[-114.875083,49.731402],[-114.855393,49.729288],[-114.842361,49.715708],[-114.831276,49.705644],[-114.824972,49.698875],[-114.811746,49.686697],[-114.795591,49.681813],[-114.787272,49.671107],[-114.782984,49.666812],[-114.771488,49.664924],[-114.74959,49.662111],[-114.748877,49.64001],[-114.703839,49.639425],[-114.703433,49.636761],[-114.702122,49.637382],[-114.699185,49.635535],[-114.696424,49.629363],[-114.69102,49.630051],[-114.691245,49.633078],[-114.686838,49.634585],[-114.686399,49.636787],[-114.680709,49.638094],[-114.679331,49.638819],[-114.679387,49.640606],[-114.67435,49.64292],[-114.667766,49.637453],[-114.665185,49.641692],[-114.662832,49.643731],[-114.662265,49.6482],[-114.659827,49.655257],[-114.717184,49.653845],[-114.716196,49.667723],[-114.736389,49.668441],[-114.763449,49.679361],[-114.771655,49.731807],[-114.774901,49.749976],[-114.782302,49.785644],[-114.788202,49.820456],[-114.858183,49.820243],[-114.858875,49.812904],[-114.87197,49.812441],[-114.87193,49.811062],[-114.871155,49.81021],[-114.87089,49.809061],[-114.875148,49.80297],[-114.876549,49.799305],[-114.878371,49.797205],[-114.879251,49.796902],[-114.881632,49.796841],[-114.883043,49.796344],[-114.882969,49.794874],[-114.881158,49.793844],[-114.88057,49.791879],[-114.878811,49.789762],[-114.878968,49.789245],[-114.881393,49.787924],[-114.881989,49.78668],[-114.881804,49.785689],[-114.880069,49.784373],[-114.878622,49.783987],[-114.876439,49.784441],[-114.87568,49.784023],[-114.875817,49.780853],[-114.874052,49.779119],[-114.87369,49.777979],[-114.874582,49.774146],[-114.872969,49.772205],[-114.873531,49.767494],[-114.874683,49.767574],[-114.876343,49.764693],[-114.890105,49.765934],[-114.88997,49.76954],[-114.900229,49.770151],[-114.897976,49.76858],[-114.89775,49.767317],[-114.896528,49.765506],[-114.892646,49.764624],[-114.888391,49.764316],[-114.88712,49.761601],[-114.887011,49.75573],[-114.886933,49.753075],[-114.886182,49.749613],[-114.883344,49.745884],[-114.881968,49.736154],[-114.881502,49.73551],[-114.879577,49.734429],[-114.881008,49.734175],[-114.881179,49.734447],[-114.886795,49.734441],[-114.88864,49.735915]]]},"properties":{"id":"59010232","boundaryCode":"59010232","boundaryName":"DA 59010232","boundarySource":"census","boundaryLevel":"bcDaSimplified","boundaryDetail":"medium","DAUID":"59010232","DGUID":"2021S051259010232","PRUID":"59","CDUID":"5901","CDNAME":"East Kootenay","CDTYPE":"RD","CSDUID":"5901006","CSDNAME":"Sparwood","CSDTYPE":"DM","CTUID":null,"CTNAME":null,"parentCdId":"5901","parentCdName":"East Kootenay","parentCsdId":"5901006","parentCsdName":"Sparwood","parentCtId":null,"parentCtName":null,"LANDAREA":119.0677,"areaKm2":120.26771896327664},"id":49962},{"type":"Feature","geometry":{"type":"Polygon","coordinates":[[[-114.886182,49.749613],[-114.886933,49.753075],[-114.887011,49.75573],[-114.892777,49.755721],[-114.895016,49.755303],[-114.892956,49.752014],[-114.893209,49.747634],[-114.893977,49.746928],[-114.897348,49.748345],[-114.898727,49.748227],[-114.899091,49.747248],[-114.897983,49.747345],[-114.896522,49.746494],[-114.89858,49.746007],[-114.898568,49.745274],[-114.901217,49.745224],[-114.901228,49.742767],[-114.895207,49.743018],[-114.89215,49.745438],[-114.887873,49.747724],[-114.886182,49.749613]]]},"properties":{"id":"59010233","boundaryCode":"59010233","boundaryName":"DA 59010233","boundarySource":"census","boundaryLevel":"bcDaSimplified","boundaryDetail":"medium","DAUID":"59010233","DGUID":"2021S051259010233","PRUID":"59","CDUID":"5901","CDNAME":"East Kootenay","CDTYPE":"RD","CSDUID":"5901006","CSDNAME":"Sparwood","CSDTYPE":"DM","CTUID":null,"CTNAME":null,"parentCdId":"5901","parentCdName":"East Kootenay","parentCsdId":"5901006","parentCsdName":"Sparwood","parentCtId":null,"parentCtName":null,"LANDAREA":0.727,"areaKm2":0.7262482238445145},"id":49963},{"type":"Feature","geometry":{"type":"Polygon","coordinates":[[[-114.913633,49.743501],[-114.901228,49.742767],[-114.901217,49.745224],[-114.898568,49.745274],[-114.89858,49.746007],[-114.896522,49.746494],[-114.897983,49.747345],[-114.899091,49.747248],[-114.898727,49.748227],[-114.897348,49.748345],[-114.893977,49.746928],[-114.893209,49.747634],[-114.892956,49.752014],[-114.895016,49.755303],[-114.892777,49.755721],[-114.887011,49.75573],[-114.88712,49.761601],[-114.888391,49.764316],[-114.892646,49.764624],[-114.896528,49.765506],[-114.89775,49.767317],[-114.897976,49.76858],[-114.900229,49.770151],[-114.908343,49.770383],[-114.907835,49.769504],[-114.910655,49.763614],[-114.91097,49.755883],[-114.913633,49.743501]]]},"properties":{"id":"59010234","boundaryCode":"59010234","boundaryName":"DA 59010234","boundarySource":"census","boundaryLevel":"bcDaSimplified","boundaryDetail":"medium","DAUID":"59010234","DGUID":"2021S051259010234","PRUID":"59","CDUID":"5901","CDNAME":"East Kootenay","CDTYPE":"RD","CSDUID":"5901006","CSDNAME":"Sparwood","CSDTYPE":"DM","CTUID":null,"CTNAME":null,"parentCdId":"5901","parentCdName":"East Kootenay","parentCsdId":"5901006","parentCsdName":"Sparwood","parentCtId":null,"parentCtName":null,"LANDAREA":3.865,"areaKm2":3.860786517029264},"id":49964},{"type":"Feature","geometry":{"type":"Polygon","coordinates":[[[-114.716805,49.966495],[-114.744008,49.966256],[-114.785467,49.966508],[-114.784434,49.904441],[-114.78549,49.90359],[-114.785604,49.902907],[-114.787112,49.903107],[-114.788232,49.901788],[-114.790381,49.901686],[-114.791818,49.901012],[-114.79345,49.900979],[-114.795312,49.900116],[-114.798842,49.899679],[-114.799712,49.898921],[-114.799823,49.898339],[-114.80065,49.897879],[-114.80089,49.896893],[-114.802128,49.896323],[-114.803045,49.896376],[-114.803689,49.895363],[-114.805384,49.89517],[-114.8065,49.894201],[-114.807777,49.894604],[-114.81049,49.894637],[-114.812611,49.894552],[-114.814625,49.894049],[-114.81788,49.894416],[-114.820379,49.894257],[-114.82095,49.893333],[-114.823427,49.893703],[-114.825067,49.893149],[-114.82783,49.892994],[-114.832221,49.891636],[-114.834384,49.891857],[-114.837216,49.893583],[-114.839144,49.894096],[-114.84366,49.893676],[-114.844822,49.8926],[-114.846933,49.893656],[-114.851105,49.893445],[-114.851802,49.894052],[-114.852814,49.893872],[-114.854238,49.894079],[-114.856829,49.895945],[-114.856614,49.897028],[-114.856957,49.897467],[-114.858322,49.897561],[-114.859255,49.89801],[-114.860464,49.898004],[-114.862994,49.896525],[-114.864784,49.894113],[-114.865629,49.893975],[-114.86803,49.894331],[-114.869561,49.893827],[-114.870729,49.892049],[-114.871033,49.889661],[-114.873245,49.888435],[-114.874905,49.884538],[-114.876982,49.882833],[-114.876691,49.881999],[-114.875867,49.881437],[-114.875743,49.879506],[-114.875029,49.877834],[-114.873553,49.877287],[-114.870869,49.877048],[-114.86992,49.876574],[-114.868149,49.874396],[-114.868071,49.872761],[-114.867536,49.871805],[-114.866263,49.870787],[-114.841567,49.871768],[-114.841965,49.876267],[-114.784692,49.877582],[-114.784464,49.894558],[-114.772248,49.894899],[-114.762448,49.894829],[-114.762653,49.90957],[-114.740824,49.909492],[-114.740776,49.936158],[-114.717054,49.9365],[-114.716805,49.966495]]]},"properties":{"id":"59010236","boundaryCode":"59010236","boundaryName":"DA 59010236","boundarySource":"census","boundaryLevel":"bcDaSimplified","boundaryDetail":"medium","DAUID":"59010236","DGUID":"2021S051259010236","PRUID":"59","CDUID":"5901","CDNAME":"East Kootenay","CDTYPE":"RD","CSDUID":"5901006","CSDNAME":"Sparwood","CSDTYPE":"DM","CTUID":null,"CTNAME":null,"parentCdId":"5901","parentCdName":"East Kootenay","parentCsdId":"5901006","parentCsdName":"Sparwood","parentCtId":null,"parentCtName":null,"LANDAREA":42.7569,"areaKm2":42.83609938585291},"id":49965},{"type":"Feature","geometry":{"type":"Polygon","coordinates":[[[-114.851091,50.187784],[-114.872509,50.188232],[-114.87426,50.213167],[-114.873152,50.213202],[-114.873816,50.224488],[-114.891067,50.224053],[-114.889846,50.199235],[-114.910647,50.199426],[-114.910418,50.188978],[-114.90083,50.18876],[-114.900902,50.175464],[-114.889155,50.175471],[-114.888656,50.162862],[-114.851327,50.162808],[-114.851091,50.187784]]]},"properties":{"id":"59010237","boundaryCode":"59010237","boundaryName":"DA 59010237","boundarySource":"census","boundaryLevel":"bcDaSimplified","boundaryDetail":"medium","DAUID":"59010237","DGUID":"2021S051259010237","PRUID":"59","CDUID":"5901","CDNAME":"East Kootenay","CDTYPE":"RD","CSDUID":"5901003","CSDNAME":"Elkford","CSDTYPE":"DM","CTUID":null,"CTNAME":null,"parentCdId":"5901","parentCdName":"East Kootenay","parentCsdId":"5901003","parentCsdName":"Elkford","parentCtId":null,"parentCtName":null,"LANDAREA":14.9122,"areaKm2":15.380080304692028},"id":49966},{"type":"Feature","geometry":{"type":"Polygon","coordinates":[[[-114.939578,49.991731],[-114.92394,49.960747],[-114.914395,49.959758],[-114.901591,49.961214],[-114.900735,49.977776],[-114.898985,49.984581],[-114.897865,49.991904],[-114.896761,50.016943],[-114.837432,50.016781],[-114.793251,50.015651],[-114.798522,50.069454],[-114.799122,50.072513],[-114.800771,50.072581],[-114.804902,50.068452],[-114.82535,50.06902],[-114.824196,50.094484],[-114.893165,50.096681],[-114.894165,50.069231],[-114.903574,50.069115],[-114.920883,50.068269],[-114.920946,50.07033],[-114.919377,50.071712],[-114.919176,50.072991],[-114.92126,50.07477],[-114.92227,50.075003],[-114.926298,50.074908],[-114.927486,50.074465],[-114.928415,50.07335],[-114.929345,50.073562],[-114.931285,50.075224],[-114.932373,50.075648],[-114.93138,50.073566],[-114.927343,50.071254],[-114.924936,50.06872],[-114.921606,50.067212],[-114.920204,50.062797],[-114.920276,50.059506],[-114.92358,50.057092],[-114.924728,50.055421],[-114.927055,50.053286],[-114.927989,50.049768],[-114.928912,50.048444],[-114.928635,50.046488],[-114.929876,50.045463],[-114.930195,50.044702],[-114.928773,50.041751],[-114.929157,50.03881],[-114.927696,50.033956],[-114.925488,50.029645],[-114.924327,50.028626],[-114.919792,50.026377],[-114.917415,50.023396],[-114.916724,50.021805],[-114.917895,50.001437],[-114.920614,50.001585],[-114.921807,50.001985],[-114.923894,50.005474],[-114.92445,50.005874],[-114.925548,50.005972],[-114.92559,50.004627],[-114.924209,50.00277],[-114.924305,50.001156],[-114.92373,49.999954],[-114.926421,50.000124],[-114.927001,50.001015],[-114.92804,50.00078],[-114.927934,49.999236],[-114.929093,49.999243],[-114.927771,49.99549],[-114.928846,49.995231],[-114.928696,49.994025],[-114.929271,49.993841],[-114.931172,49.994035],[-114.939578,49.991731]]]},"properties":{"id":"59010238","boundaryCode":"59010238","boundaryName":"DA 59010238","boundarySource":"census","boundaryLevel":"bcDaSimplified","boundaryDetail":"medium","DAUID":"59010238","DGUID":"2021S051259010238","PRUID":"59","CDUID":"5901","CDNAME":"East Kootenay","CDTYPE":"RD","CSDUID":"5901003","CSDNAME":"Elkford","CSDTYPE":"DM","CTUID":null,"CTNAME":null,"parentCdId":"5901","parentCdName":"East Kootenay","parentCsdId":"5901003","parentCsdName":"Elkford","parentCtId":null,"parentCtName":null,"LANDAREA":79.7253,"areaKm2":81.25005665622015},"id":49967},{"type":"Feature","geometry":{"type":"Polygon","coordinates":[[[-114.924327,50.028626],[-114.925755,50.027461],[-114.927464,50.024918],[-114.92762,50.023963],[-114.92387,50.023729],[-114.923803,50.022029],[-114.923103,50.021093],[-114.92175,50.019563],[-114.916724,50.021805],[-114.917415,50.023396],[-114.919792,50.026377],[-114.924327,50.028626]]]},"properties":{"id":"59010239","boundaryCode":"59010239","boundaryName":"DA 59010239","boundarySource":"census","boundaryLevel":"bcDaSimplified","boundaryDetail":"medium","DAUID":"59010239","DGUID":"2021S051259010239","PRUID":"59","CDUID":"5901","CDNAME":"East Kootenay","CDTYPE":"RD","CSDUID":"5901003","CSDNAME":"Elkford","CSDTYPE":"DM","CTUID":null,"CTNAME":null,"parentCdId":"5901","parentCdName":"East Kootenay","parentCsdId":"5901003","parentCsdName":"Elkford","parentCtId":null,"parentCtName":null,"LANDAREA":0.4047,"areaKm2":0.4041965724846242},"id":49968},{"type":"Feature","geometry":{"type":"Polygon","coordinates":[[[-114.916724,50.021805],[-114.92175,50.019563],[-114.923103,50.021093],[-114.924264,50.020432],[-114.925431,50.020861],[-114.925917,50.020563],[-114.925629,50.01695],[-114.923955,50.015901],[-114.924309,50.013657],[-114.923899,50.012919],[-114.923231,50.012637],[-114.924119,50.008819],[-114.925471,50.007814],[-114.927016,50.006128],[-114.925548,50.005972],[-114.92445,50.005874],[-114.923894,50.005474],[-114.921807,50.001985],[-114.920614,50.001585],[-114.917895,50.001437],[-114.916724,50.021805]]]},"properties":{"id":"59010240","boundaryCode":"59010240","boundaryName":"DA 59010240","boundarySource":"census","boundaryLevel":"bcDaSimplified","boundaryDetail":"medium","DAUID":"59010240","DGUID":"2021S051259010240","PRUID":"59","CDUID":"5901","CDNAME":"East Kootenay","CDTYPE":"RD","CSDUID":"5901003","CSDNAME":"Elkford","CSDTYPE":"DM","CTUID":null,"CTNAME":null,"parentCdId":"5901","parentCdName":"East Kootenay","parentCsdId":"5901003","parentCsdName":"Elkford","parentCtId":null,"parentCtName":null,"LANDAREA":1.0749,"areaKm2":1.073673373360444},"id":49969},{"type":"Feature","geometry":{"type":"Polygon","coordinates":[[[-114.93138,50.073566],[-114.936621,50.073757],[-114.938466,50.035441],[-114.939846,50.03177],[-114.950149,50.025756],[-114.951757,50.012073],[-114.9483,50.005954],[-114.947542,50.00544],[-114.935573,50.008375],[-114.933857,50.008461],[-114.932763,50.009661],[-114.930658,50.010944],[-114.928389,50.01176],[-114.927939,50.01161],[-114.927455,50.010157],[-114.929492,50.009072],[-114.929613,50.008699],[-114.9293,50.008356],[-114.926782,50.009249],[-114.925471,50.007814],[-114.924119,50.008819],[-114.923231,50.012637],[-114.923899,50.012919],[-114.924309,50.013657],[-114.923955,50.015901],[-114.925629,50.01695],[-114.925917,50.020563],[-114.925431,50.020861],[-114.924264,50.020432],[-114.923103,50.021093],[-114.923803,50.022029],[-114.92387,50.023729],[-114.92762,50.023963],[-114.927464,50.024918],[-114.925755,50.027461],[-114.924327,50.028626],[-114.925488,50.029645],[-114.927696,50.033956],[-114.929157,50.03881],[-114.928773,50.041751],[-114.930195,50.044702],[-114.929876,50.045463],[-114.928635,50.046488],[-114.928912,50.048444],[-114.927989,50.049768],[-114.927055,50.053286],[-114.924728,50.055421],[-114.92358,50.057092],[-114.920276,50.059506],[-114.920204,50.062797],[-114.921606,50.067212],[-114.924936,50.06872],[-114.927343,50.071254],[-114.93138,50.073566]]]},"properties":{"id":"59010241","boundaryCode":"59010241","boundaryName":"DA 59010241","boundarySource":"census","boundaryLevel":"bcDaSimplified","boundaryDetail":"medium","DAUID":"59010241","DGUID":"2021S051259010241","PRUID":"59","CDUID":"5901","CDNAME":"East Kootenay","CDTYPE":"RD","CSDUID":"5901003","CSDNAME":"Elkford","CSDTYPE":"DM","CTUID":null,"CTNAME":null,"parentCdId":"5901","parentCdName":"East Kootenay","parentCsdId":"5901003","parentCsdName":"Elkford","parentCtId":null,"parentCtName":null,"LANDAREA":8.5173,"areaKm2":8.507382864044029},"id":49970},{"type":"Feature","geometry":{"type":"Polygon","coordinates":[[[-114.925548,50.005972],[-114.927016,50.006128],[-114.925471,50.007814],[-114.926782,50.009249],[-114.9293,50.008356],[-114.929613,50.008699],[-114.929492,50.009072],[-114.927455,50.010157],[-114.927939,50.01161],[-114.928389,50.01176],[-114.930658,50.010944],[-114.932763,50.009661],[-114.933857,50.008461],[-114.935573,50.008375],[-114.947542,50.00544],[-114.942143,49.996731],[-114.939578,49.991731],[-114.931172,49.994035],[-114.929271,49.993841],[-114.928696,49.994025],[-114.928846,49.995231],[-114.927771,49.99549],[-114.929093,49.999243],[-114.927934,49.999236],[-114.92804,50.00078],[-114.927001,50.001015],[-114.926421,50.000124],[-114.92373,49.999954],[-114.924305,50.001156],[-114.924209,50.00277],[-114.92559,50.004627],[-114.925548,50.005972]]]},"properties":{"id":"59010242","boundaryCode":"59010242","boundaryName":"DA 59010242","boundarySource":"census","boundaryLevel":"bcDaSimplified","boundaryDetail":"medium","DAUID":"59010242","DGUID":"2021S051259010242","PRUID":"59","CDUID":"5901","CDNAME":"East Kootenay","CDTYPE":"RD","CSDUID":"5901003","CSDNAME":"Elkford","CSDTYPE":"DM","CTUID":null,"CTNAME":null,"parentCdId":"5901","parentCdName":"East Kootenay","parentCsdId":"5901003","parentCsdName":"Elkford","parentCtId":null,"parentCtName":null,"LANDAREA":2.1226000000000003,"areaKm2":2.120174022762022},"id":49971},{"type":"Feature","geometry":{"type":"Polygon","coordinates":[[[-115.850181,49.676578],[-115.861932,49.676581],[-115.862665,49.65112],[-115.870464,49.651137],[-115.870489,49.648532],[-115.878088,49.648656],[-115.880134,49.605239],[-115.880112,49.603177],[-115.881106,49.602095],[-115.881162,49.600726],[-115.887431,49.601535],[-115.891438,49.599915],[-115.891798,49.599192],[-115.894124,49.598307],[-115.896555,49.59851],[-115.898025,49.599276],[-115.898686,49.600039],[-115.9057,49.600978],[-115.906017,49.593976],[-115.927584,49.593962],[-115.927988,49.591967],[-115.931319,49.58909],[-115.931608,49.58709],[-115.925109,49.585616],[-115.921271,49.583514],[-115.919371,49.584225],[-115.912392,49.583603],[-115.910719,49.583717],[-115.900159,49.58624],[-115.898202,49.586185],[-115.89523,49.585633],[-115.890919,49.585661],[-115.888783,49.585394],[-115.886679,49.585952],[-115.886246,49.586389],[-115.885564,49.586378],[-115.884453,49.587222],[-115.882929,49.5859],[-115.877679,49.58535],[-115.872979,49.585705],[-115.873221,49.587018],[-115.872065,49.588364],[-115.867409,49.588608],[-115.866497,49.58915],[-115.866163,49.589932],[-115.847313,49.587284],[-115.840982,49.584958],[-115.835859,49.584499],[-115.829875,49.58264],[-115.824685,49.581626],[-115.823509,49.583693],[-115.82269,49.5836],[-115.820297,49.584114],[-115.819485,49.584538],[-115.818021,49.586169],[-115.816588,49.586478],[-115.815347,49.586277],[-115.813981,49.585606],[-115.812238,49.582126],[-115.810314,49.58107],[-115.80284,49.581794],[-115.798373,49.581676],[-115.79648,49.582718],[-115.793136,49.586488],[-115.791491,49.58755],[-115.7904,49.587873],[-115.790389,49.588142],[-115.79009,49.588994],[-115.790488,49.603656],[-115.790666,49.615633],[-115.790287,49.619696],[-115.790165,49.661302],[-115.813116,49.661264],[-115.813564,49.676493],[-115.850181,49.676578]]]},"properties":{"id":"59010244","boundaryCode":"59010244","boundaryName":"DA 59010244","boundarySource":"census","boundaryLevel":"bcDaSimplified","boundaryDetail":"medium","DAUID":"59010244","DGUID":"2021S051259010244","PRUID":"59","CDUID":"5901","CDNAME":"East Kootenay","CDTYPE":"RD","CSDUID":"5901035","CSDNAME":"East Kootenay C","CSDTYPE":"RDA","CTUID":null,"CTNAME":null,"parentCdId":"5901","parentCdName":"East Kootenay","parentCsdId":"5901035","parentCsdName":"East Kootenay C","parentCtId":null,"parentCtName":null,"LANDAREA":62.511900000000004,"areaKm2":63.61180980687894},"id":49972},{"type":"Feature","geometry":{"type":"Polygon","coordinates":[[[-115.790389,49.588142],[-115.7904,49.587873],[-115.791491,49.58755],[-115.793136,49.586488],[-115.79648,49.582718],[-115.798373,49.581676],[-115.80284,49.581794],[-115.810314,49.58107],[-115.812238,49.582126],[-115.813981,49.585606],[-115.815347,49.586277],[-115.816588,49.586478],[-115.818021,49.586169],[-115.819485,49.584538],[-115.820297,49.584114],[-115.82269,49.5836],[-115.823509,49.583693],[-115.824685,49.581626],[-115.822039,49.581338],[-115.819138,49.580457],[-115.815182,49.578347],[-115.812827,49.576252],[-115.806555,49.572215],[-115.805097,49.571625],[-115.802129,49.571035],[-115.800099,49.571403],[-115.797979,49.57133],[-115.791561,49.569919],[-115.78626,49.57022],[-115.775531,49.563691],[-115.771154,49.558904],[-115.772716,49.558872],[-115.766333,49.555578],[-115.767891,49.554537],[-115.765113,49.552733],[-115.76392,49.550319],[-115.761297,49.547918],[-115.758226,49.54372],[-115.75735,49.541436],[-115.756515,49.540452],[-115.75647,49.539835],[-115.757497,49.538376],[-115.75658,49.536452],[-115.75509,49.533891],[-115.753304,49.533424],[-115.756046,49.525686],[-115.75357,49.524077],[-115.753532,49.522842],[-115.747902,49.522869],[-115.744981,49.523233],[-115.744287,49.524123],[-115.742924,49.524671],[-115.739466,49.524442],[-115.73921,49.531999],[-115.739885,49.5321],[-115.742632,49.533707],[-115.739636,49.53619],[-115.739188,49.53737],[-115.741363,49.537256],[-115.739344,49.539381],[-115.74001,49.541845],[-115.739548,49.542037],[-115.74144,49.544157],[-115.742566,49.546888],[-115.743379,49.547877],[-115.745136,49.548437],[-115.75071,49.548589],[-115.753708,49.548969],[-115.756696,49.549907],[-115.759651,49.55157],[-115.753569,49.551601],[-115.755077,49.553073],[-115.755589,49.55417],[-115.754666,49.559027],[-115.76048,49.558971],[-115.760067,49.563068],[-115.763901,49.563224],[-115.763844,49.566334],[-115.76714,49.564953],[-115.76906,49.566074],[-115.769823,49.56751],[-115.76969,49.568501],[-115.769012,49.569388],[-115.768937,49.570698],[-115.769784,49.570705],[-115.770844,49.568113],[-115.770411,49.566745],[-115.774828,49.56679],[-115.774852,49.577482],[-115.781455,49.578249],[-115.780971,49.580432],[-115.783255,49.581084],[-115.785498,49.582281],[-115.78577,49.582976],[-115.785216,49.583511],[-115.785197,49.585874],[-115.786199,49.587315],[-115.788672,49.58851],[-115.790234,49.588403],[-115.790389,49.588142]]]},"properties":{"id":"59010245","boundaryCode":"59010245","boundaryName":"DA 59010245","boundarySource":"census","boundaryLevel":"bcDaSimplified","boundaryDetail":"medium","DAUID":"59010245","DGUID":"2021S051259010245","PRUID":"59","CDUID":"5901","CDNAME":"East Kootenay","CDTYPE":"RD","CSDUID":"5901022","CSDNAME":"Cranbrook","CSDTYPE":"CY","CTUID":null,"CTNAME":null,"parentCdId":"5901","parentCdName":"East Kootenay","parentCsdId":"5901022","parentCsdName":"Cranbrook","parentCtId":null,"parentCtName":null,"LANDAREA":9.0295,"areaKm2":9.127493367760117},"id":49973},{"type":"Feature","geometry":{"type":"Polygon","coordinates":[[[-114.674369,49.523136],[-114.677242,49.523144],[-114.68062,49.525652],[-114.684713,49.527333],[-114.695652,49.528379],[-114.693758,49.528044],[-114.692429,49.527344],[-114.681881,49.518072],[-114.680602,49.51739],[-114.679159,49.517198],[-114.679008,49.521065],[-114.677865,49.521075],[-114.676693,49.517836],[-114.673911,49.521062],[-114.674369,49.523136]]]},"properties":{"id":"59010247","boundaryCode":"59010247","boundaryName":"DA 59010247","boundarySource":"census","boundaryLevel":"bcDaSimplified","boundaryDetail":"medium","DAUID":"59010247","DGUID":"2021S051259010247","PRUID":"59","CDUID":"5901","CDNAME":"East Kootenay","CDTYPE":"RD","CSDUID":"5901006","CSDNAME":"Sparwood","CSDTYPE":"DM","CTUID":null,"CTNAME":null,"parentCdId":"5901","parentCdName":"East Kootenay","parentCsdId":"5901006","parentCsdName":"Sparwood","parentCtId":null,"parentCtName":null,"LANDAREA":0.743,"areaKm2":0.7422422799654939},"id":49974},{"type":"Feature","geometry":{"type":"Polygon","coordinates":[[[-114.9872,49.737359],[-114.961414,49.74672],[-114.95669,49.750639],[-114.958963,49.75058],[-114.952935,49.757953],[-114.930496,49.759573],[-114.910655,49.763614],[-114.907835,49.769504],[-114.908343,49.770383],[-114.900229,49.770151],[-114.88997,49.76954],[-114.890105,49.765934],[-114.876343,49.764693],[-114.874683,49.767574],[-114.873531,49.767494],[-114.872969,49.772205],[-114.874582,49.774146],[-114.87369,49.777979],[-114.874052,49.779119],[-114.875817,49.780853],[-114.87568,49.784023],[-114.876439,49.784441],[-114.878622,49.783987],[-114.880069,49.784373],[-114.881804,49.785689],[-114.881989,49.78668],[-114.881393,49.787924],[-114.878968,49.789245],[-114.878811,49.789762],[-114.88057,49.791879],[-114.881158,49.793844],[-114.882969,49.794874],[-114.883043,49.796344],[-114.881632,49.796841],[-114.879251,49.796902],[-114.878371,49.797205],[-114.876549,49.799305],[-114.875148,49.80297],[-114.87089,49.809061],[-114.871155,49.81021],[-114.87193,49.811062],[-114.87197,49.812441],[-114.858875,49.812904],[-114.858183,49.820243],[-114.788202,49.820456],[-114.782302,49.785644],[-114.774901,49.749976],[-114.771655,49.731807],[-114.763449,49.679361],[-114.736389,49.668441],[-114.716196,49.667723],[-114.717184,49.653845],[-114.659827,49.655257],[-114.657721,49.661252],[-114.658242,49.664008],[-114.6633,49.665806],[-114.667362,49.669828],[-114.669337,49.670435],[-114.670337,49.673167],[-114.668633,49.67584],[-114.665021,49.676809],[-114.668799,49.680815],[-114.668913,49.68321],[-114.670412,49.684235],[-114.670528,49.687011],[-114.669229,49.691149],[-114.672271,49.693364],[-114.676077,49.694357],[-114.676798,49.696194],[-114.668399,49.703882],[-114.660982,49.706221],[-114.647454,49.713029],[-114.646199,49.715487],[-114.643,49.717244],[-114.638919,49.717849],[-114.636303,49.721741],[-114.638355,49.724361],[-114.633662,49.730368],[-114.633133,49.734086],[-114.637038,49.738043],[-114.641593,49.739286],[-114.642944,49.739098],[-114.646305,49.743327],[-114.643323,49.744997],[-114.642181,49.746342],[-114.64424,49.749626],[-114.648201,49.753955],[-114.651021,49.755093],[-114.651368,49.758688],[-114.654032,49.75932],[-114.65732,49.7608],[-114.659149,49.765086],[-114.653213,49.767262],[-114.644462,49.772992],[-114.641022,49.78141],[-114.636066,49.784818],[-114.635916,49.78559],[-114.637742,49.786409],[-114.638472,49.791137],[-114.641651,49.794624],[-114.642184,49.795826],[-114.641513,49.801314],[-114.642045,49.803358],[-114.643728,49.805613],[-114.641892,49.808055],[-114.645496,49.814803],[-114.647482,49.817301],[-114.647433,49.819275],[-114.645817,49.820787],[-114.642918,49.82233],[-114.639946,49.827727],[-114.64281,49.831555],[-114.6469,49.833753],[-114.650628,49.83837],[-114.652127,49.842458],[-114.654838,49.846673],[-114.661183,49.851778],[-114.661294,49.853468],[-114.66269,49.854847],[-114.661986,49.859434],[-114.661302,49.860686],[-114.661455,49.862261],[-114.6624,49.863329],[-114.671385,49.864518],[-114.670483,49.868434],[-114.670815,49.870878],[-114.673031,49.873952],[-114.672702,49.878343],[-114.675386,49.881145],[-114.682211,49.885802],[-114.68516,49.887051],[-114.684946,49.887804],[-114.6918,49.896293],[-114.691134,49.898698],[-114.688761,49.901902],[-114.689782,49.906511],[-114.687331,49.917062],[-114.690167,49.921617],[-114.691388,49.933067],[-114.68968,49.93611],[-114.690441,49.937891],[-114.693214,49.941023],[-114.694875,49.941918],[-114.69369,49.942591],[-114.685333,49.955185],[-114.683534,49.9606],[-114.683325,49.967067],[-114.681403,49.96755],[-114.670613,49.967879],[-114.663615,49.966476],[-114.65745,49.968403],[-114.655949,49.968065],[-114.655809,49.970141],[-114.651514,49.975525],[-114.651919,49.978539],[-114.653669,49.980992],[-114.653727,49.98416],[-114.654358,49.985761],[-114.652062,49.99274],[-114.654863,49.996955],[-114.656709,49.997816],[-114.663532,50.000008],[-114.664975,50.000011],[-114.666128,50.001573],[-114.666597,50.003292],[-114.66338,50.007541],[-114.661739,50.011294],[-114.661245,50.015078],[-114.657669,50.019132],[-114.659592,50.026725],[-114.657736,50.029689],[-114.661952,50.033897],[-114.666459,50.035396],[-114.666461,50.036009],[-114.662914,50.039601],[-114.665146,50.041518],[-114.671094,50.043107],[-114.67232,50.044372],[-114.673765,50.045076],[-114.676086,50.048128],[-114.666385,50.050951],[-114.665105,50.055679],[-114.665941,50.058871],[-114.665632,50.060962],[-114.662483,50.064913],[-114.665177,50.063737],[-114.671556,50.06447],[-114.677087,50.063486],[-114.679932,50.064115],[-114.680752,50.06461],[-114.681761,50.067278],[-114.684502,50.068756],[-114.691313,50.071348],[-114.691155,50.075052],[-114.692047,50.077775],[-114.695223,50.081166],[-114.694786,50.081446],[-114.697382,50.086951],[-114.699074,50.088823],[-114.700499,50.089303],[-114.704107,50.089669],[-114.702838,50.091045],[-114.703721,50.094849],[-114.705756,50.095814],[-114.707426,50.097297],[-114.7078,50.098592],[-114.710807,50.102226],[-114.719391,50.105715],[-114.720179,50.106621],[-114.720826,50.110904],[-114.722205,50.111816],[-114.727911,50.113201],[-114.729745,50.114425],[-114.733273,50.118617],[-114.735113,50.119524],[-114.736011,50.12036],[-114.733489,50.12132],[-114.731007,50.12793],[-114.726996,50.135242],[-114.727527,50.136992],[-114.727241,50.137903],[-114.724973,50.140749],[-114.724773,50.143281],[-114.727312,50.148371],[-114.727281,50.157846],[-114.72633,50.160745],[-114.725355,50.161362],[-114.732641,50.169307],[-114.730676,50.171203],[-114.73045,50.17418],[-114.730924,50.176041],[-114.727868,50.178595],[-114.723951,50.183884],[-114.725503,50.186116],[-114.724789,50.186999],[-114.724685,50.190184],[-114.730997,50.194032],[-114.731754,50.195746],[-114.736313,50.200634],[-114.738888,50.202674],[-114.737574,50.208837],[-114.739601,50.211666],[-114.741139,50.212401],[-114.743675,50.212737],[-114.74902,50.214924],[-114.744803,50.218232],[-114.745314,50.222257],[-114.747503,50.224731],[-114.751919,50.227221],[-114.75584,50.231805],[-114.761645,50.233723],[-114.762943,50.234674],[-114.762003,50.240876],[-114.763042,50.240932],[-114.76806,50.243104],[-114.768589,50.244004],[-114.767791,50.245225],[-114.766992,50.245532],[-114.767161,50.247033],[-114.76892,50.248664],[-114.769605,50.249983],[-114.77024,50.250002],[-114.769668,50.25191],[-114.76655,50.254033],[-114.766211,50.255428],[-114.767034,50.256829],[-114.766518,50.257467],[-114.766851,50.258186],[-114.764118,50.265213],[-114.758147,50.271736],[-114.752137,50.273185],[-114.751681,50.275294],[-114.752877,50.278546],[-114.754248,50.280728],[-114.755064,50.281359],[-114.752533,50.285853],[-114.75358,50.287485],[-114.752849,50.293829],[-114.755138,50.299245],[-114.762219,50.299309],[-114.769415,50.3026],[-114.772499,50.301628],[-114.776217,50.29976],[-114.780368,50.299844],[-114.781583,50.301607],[-114.781,50.307288],[-114.782715,50.311416],[-114.780438,50.315279],[-114.784482,50.318816],[-114.788049,50.319269],[-114.790379,50.320649],[-114.79762,50.326129],[-114.798647,50.326509],[-114.800035,50.329774],[-114.799303,50.33035],[-114.796617,50.330941],[-114.795424,50.330886],[-114.794409,50.331588],[-114.79226,50.33582],[-114.775971,50.343632],[-114.774832,50.343821],[-114.773876,50.344623],[-114.771907,50.347497],[-114.766231,50.350749],[-114.768631,50.352399],[-114.768644,50.358794],[-114.77338,50.362138],[-114.774966,50.362555],[-114.781735,50.362524],[-114.78189,50.36203],[-114.784504,50.362828],[-114.784786,50.362246],[-114.786857,50.361061],[-114.789109,50.358062],[-114.791468,50.358578],[-114.795907,50.361565],[-114.79896,50.361743],[-114.799471,50.362762],[-114.803938,50.364885],[-114.808803,50.370711],[-114.814727,50.368939],[-114.819179,50.369064],[-114.81726,50.374899],[-114.813088,50.376763],[-114.812544,50.378266],[-114.814371,50.380454],[-114.813906,50.381937],[-114.815616,50.382411],[-114.817896,50.382489],[-114.820272,50.384545],[-114.824833,50.393331],[-114.82589,50.393305],[-114.831264,50.390293],[-114.838295,50.393568],[-114.848438,50.392576],[-114.851838,50.393184],[-114.854771,50.392246],[-114.856906,50.392531],[-114.859574,50.393715],[-114.862269,50.394493],[-114.865402,50.39888],[-114.866413,50.399379],[-114.865744,50.40097],[-114.865254,50.405433],[-114.860137,50.40767],[-114.861651,50.409019],[-114.862426,50.409118],[-114.864081,50.411462],[-114.863627,50.417346],[-114.862228,50.419971],[-114.859616,50.421002],[-114.859844,50.423806],[-114.86256,50.425522],[-114.86846,50.425812],[-114.870006,50.427668],[-114.873026,50.430197],[-114.873881,50.437081],[-114.874725,50.439564],[-114.88404,50.437455],[-114.885427,50.43632],[-114.887795,50.435633],[-114.895537,50.439479],[-114.897477,50.44124],[-114.899384,50.444152],[-114.90545,50.44849],[-114.911226,50.450524],[-114.912181,50.451379],[-114.912456,50.454859],[-114.913206,50.455821],[-114.916209,50.458011],[-114.917386,50.461501],[-114.923913,50.466757],[-114.926963,50.468421],[-114.928376,50.471854],[-114.93233,50.473528],[-114.932792,50.475361],[-114.931708,50.478513],[-114.935675,50.480813],[-114.937171,50.486343],[-114.938226,50.48706],[-114.943513,50.488412],[-114.945768,50.489639],[-114.95131,50.497594],[-114.953295,50.497914],[-114.955753,50.501438],[-114.959051,50.504416],[-114.962586,50.512457],[-114.963655,50.5138],[-114.967737,50.516131],[-114.977471,50.529595],[-114.977539,50.532268],[-114.978355,50.53499],[-114.983169,50.539747],[-114.991418,50.544386],[-114.991271,50.545796],[-114.992682,50.547858],[-114.995465,50.549358],[-115.004298,50.559781],[-115.005908,50.560822],[-115.00605,50.562562],[-115.011244,50.567342],[-115.013711,50.570866],[-115.013393,50.574092],[-115.015127,50.582402],[-115.019162,50.583886],[-115.020546,50.584695],[-115.027064,50.583114],[-115.033591,50.579296],[-115.049551,50.575163],[-115.052094,50.571453],[-115.061311,50.579779],[-115.063349,50.583178],[-115.073707,50.588449],[-115.085288,50.589756],[-115.100868,50.577944],[-115.115869,50.571769],[-115.117539,50.569758],[-115.13172,50.5718],[-115.136154,50.574385],[-115.145208,50.571488],[-115.148506,50.570775],[-115.154633,50.57328],[-115.173567,50.567595],[-115.174986,50.561364],[-115.177714,50.558226],[-115.183399,50.556012],[-115.186768,50.555777],[-115.189888,50.555131],[-115.190904,50.554058],[-115.189893,50.54901],[-115.183757,50.544039],[-115.186187,50.539796],[-115.189134,50.538251],[-115.190931,50.535105],[-115.202243,50.533041],[-115.205964,50.528262],[-115.202399,50.526447],[-115.198147,50.525811],[-115.194816,50.524631],[-115.191721,50.522595],[-115.190069,50.520047],[-115.188062,50.518783],[-115.181758,50.520959],[-115.177124,50.51906],[-115.173985,50.519029],[-115.170856,50.514847],[-115.166767,50.512815],[-115.164213,50.510009],[-115.163992,50.508388],[-115.164797,50.502845],[-115.163361,50.495018],[-115.161452,50.492454],[-115.163107,50.488538],[-115.163967,50.481625],[-115.163615,50.479158],[-115.160119,50.473313],[-115.146678,50.465433],[-115.143568,50.465235],[-115.139531,50.462235],[-115.139135,50.460736],[-115.14022,50.45712],[-115.137565,50.456015],[-115.137312,50.452248],[-115.130381,50.445649],[-115.123538,50.442536],[-115.119497,50.441609],[-115.120418,50.437715],[-115.132077,50.428398],[-115.134416,50.424794],[-115.135826,50.42381],[-115.134414,50.421444],[-115.137604,50.418429],[-115.134556,50.415826],[-115.133413,50.413075],[-115.133138,50.406763],[-115.126851,50.404154],[-115.123719,50.398063],[-115.125828,50.39324],[-115.119659,50.39124],[-115.122642,50.389552],[-115.128734,50.388056],[-115.129945,50.386324],[-115.125016,50.383065],[-115.126007,50.379712],[-115.124938,50.375828],[-115.122045,50.368882],[-115.123945,50.362038],[-115.12271,50.357876],[-115.121582,50.356398],[-115.123475,50.354977],[-115.118385,50.35144],[-115.113875,50.348877],[-115.110494,50.347791],[-115.108673,50.344729],[-115.102066,50.341563],[-115.097154,50.334555],[-115.094476,50.329632],[-115.095447,50.325408],[-115.099511,50.320107],[-115.102655,50.318698],[-115.108815,50.319414],[-115.114629,50.318304],[-115.120521,50.319404],[-115.122591,50.319532],[-115.127431,50.321368],[-115.137831,50.31626],[-115.133517,50.311101],[-115.131337,50.310359],[-115.136221,50.304774],[-115.127179,50.29918],[-115.128035,50.297694],[-115.12737,50.293234],[-115.129083,50.290262],[-115.126581,50.286891],[-115.135871,50.277432],[-115.129674,50.273692],[-115.122288,50.272952],[-115.112082,50.269556],[-115.111204,50.268496],[-115.112586,50.264969],[-115.114858,50.263772],[-115.118693,50.263943],[-115.126623,50.260557],[-115.127696,50.259018],[-115.136971,50.257053],[-115.137769,50.250878],[-115.134714,50.249078],[-115.133325,50.242565],[-115.13433,50.236738],[-115.135237,50.234921],[-115.126718,50.231434],[-115.122139,50.228733],[-115.11902,50.222646],[-115.116401,50.220739],[-115.110093,50.218462],[-115.099614,50.216251],[-115.097294,50.211083],[-115.102595,50.207469],[-115.1031,50.206229],[-115.097009,50.200554],[-115.096896,50.196598],[-115.096225,50.194213],[-115.096668,50.192033],[-115.0909,50.185642],[-115.090508,50.180799],[-115.084948,50.17141],[-115.077723,50.165058],[-115.070489,50.160779],[-115.071119,50.158076],[-115.069884,50.155989],[-115.073769,50.153759],[-115.07375,50.151215],[-115.07265,50.148937],[-115.06727,50.146115],[-115.068899,50.143007],[-115.068205,50.138039],[-115.049926,50.12923],[-115.036129,50.122618],[-115.027659,50.1201],[-115.010893,50.118341],[-115.009296,50.112996],[-115.016364,50.107584],[-115.024722,50.097495],[-115.022202,50.078726],[-115.026892,50.070975],[-115.031942,50.059521],[-115.029789,50.048527],[-115.034195,50.042114],[-115.038598,50.037684],[-115.044261,50.035371],[-115.051306,50.033019],[-115.058375,50.033086],[-115.066046,50.031791],[-115.07114,50.029313],[-115.076979,50.021789],[-115.077402,50.016213],[-115.076476,50.013097],[-115.072601,50.005845],[-115.055558,49.97931],[-115.056629,49.971017],[-115.081734,49.970161],[-115.090108,49.965216],[-115.096829,49.954832],[-115.101805,49.942127],[-115.102554,49.930356],[-115.104834,49.924399],[-115.108477,49.918505],[-115.113389,49.912812],[-115.113543,49.907152],[-115.108661,49.902853],[-115.096522,49.902169],[-115.087413,49.901199],[-115.078247,49.897151],[-115.072306,49.890476],[-115.068173,49.874814],[-115.067736,49.871711],[-115.068393,49.865701],[-115.074148,49.862322],[-115.080704,49.86149],[-115.086714,49.861823],[-115.094027,49.859887],[-115.100262,49.85524],[-115.102509,49.851012],[-115.0914,49.79889],[-115.089418,49.780488],[-115.085588,49.776067],[-115.069559,49.768725],[-115.058874,49.765826],[-115.035103,49.761328],[-115.018963,49.759658],[-114.993706,49.763282],[-114.987118,49.763198],[-114.9872,49.737359]],[[-114.716805,49.966495],[-114.717054,49.9365],[-114.740776,49.936158],[-114.740824,49.909492],[-114.762653,49.90957],[-114.762448,49.894829],[-114.772248,49.894899],[-114.784464,49.894558],[-114.784692,49.877582],[-114.841965,49.876267],[-114.841567,49.871768],[-114.866263,49.870787],[-114.867536,49.871805],[-114.868071,49.872761],[-114.868149,49.874396],[-114.86992,49.876574],[-114.870869,49.877048],[-114.873553,49.877287],[-114.875029,49.877834],[-114.875743,49.879506],[-114.875867,49.881437],[-114.876691,49.881999],[-114.876982,49.882833],[-114.874905,49.884538],[-114.873245,49.888435],[-114.871033,49.889661],[-114.870729,49.892049],[-114.869561,49.893827],[-114.86803,49.894331],[-114.865629,49.893975],[-114.864784,49.894113],[-114.862994,49.896525],[-114.860464,49.898004],[-114.859255,49.89801],[-114.858322,49.897561],[-114.856957,49.897467],[-114.856614,49.897028],[-114.856829,49.895945],[-114.854238,49.894079],[-114.852814,49.893872],[-114.851802,49.894052],[-114.851105,49.893445],[-114.846933,49.893656],[-114.844822,49.8926],[-114.84366,49.893676],[-114.839144,49.894096],[-114.837216,49.893583],[-114.834384,49.891857],[-114.832221,49.891636],[-114.82783,49.892994],[-114.825067,49.893149],[-114.823427,49.893703],[-114.82095,49.893333],[-114.820379,49.894257],[-114.81788,49.894416],[-114.814625,49.894049],[-114.812611,49.894552],[-114.81049,49.894637],[-114.807777,49.894604],[-114.8065,49.894201],[-114.805384,49.89517],[-114.803689,49.895363],[-114.803045,49.896376],[-114.802128,49.896323],[-114.80089,49.896893],[-114.80065,49.897879],[-114.799823,49.898339],[-114.799712,49.898921],[-114.798842,49.899679],[-114.795312,49.900116],[-114.79345,49.900979],[-114.791818,49.901012],[-114.790381,49.901686],[-114.788232,49.901788],[-114.787112,49.903107],[-114.785604,49.902907],[-114.78549,49.90359],[-114.784434,49.904441],[-114.785467,49.966508],[-114.744008,49.966256],[-114.716805,49.966495]],[[-114.851091,50.187784],[-114.850984,50.199101],[-114.835772,50.198831],[-114.836028,50.187466],[-114.851091,50.187784]],[[-114.851091,50.187784],[-114.851327,50.162808],[-114.888656,50.162862],[-114.889155,50.175471],[-114.900902,50.175464],[-114.90083,50.18876],[-114.910418,50.188978],[-114.910647,50.199426],[-114.889846,50.199235],[-114.891067,50.224053],[-114.873816,50.224488],[-114.873152,50.213202],[-114.87426,50.213167],[-114.872509,50.188232],[-114.851091,50.187784]],[[-114.939578,49.991731],[-114.942143,49.996731],[-114.947542,50.00544],[-114.9483,50.005954],[-114.951757,50.012073],[-114.950149,50.025756],[-114.939846,50.03177],[-114.938466,50.035441],[-114.936621,50.073757],[-114.93138,50.073566],[-114.932373,50.075648],[-114.931285,50.075224],[-114.929345,50.073562],[-114.928415,50.07335],[-114.927486,50.074465],[-114.926298,50.074908],[-114.92227,50.075003],[-114.92126,50.07477],[-114.919176,50.072991],[-114.919377,50.071712],[-114.920946,50.07033],[-114.920883,50.068269],[-114.903574,50.069115],[-114.894165,50.069231],[-114.893165,50.096681],[-114.824196,50.094484],[-114.82535,50.06902],[-114.804902,50.068452],[-114.800771,50.072581],[-114.799122,50.072513],[-114.798522,50.069454],[-114.793251,50.015651],[-114.837432,50.016781],[-114.896761,50.016943],[-114.897865,49.991904],[-114.898985,49.984581],[-114.900735,49.977776],[-114.901591,49.961214],[-114.914395,49.959758],[-114.92394,49.960747],[-114.939578,49.991731]]]},"properties":{"id":"59010248","boundaryCode":"59010248","boundaryName":"DA 59010248","boundarySource":"census","boundaryLevel":"bcDaSimplified","boundaryDetail":"medium","DAUID":"59010248","DGUID":"2021S051259010248","PRUID":"59","CDUID":"5901","CDNAME":"East Kootenay","CDTYPE":"RD","CSDUID":"5901017","CSDNAME":"East Kootenay A","CSDTYPE":"RDA","CTUID":null,"CTNAME":null,"parentCdId":"5901","parentCdName":"East Kootenay","parentCsdId":"5901017","parentCsdName":"East Kootenay A","parentCtId":null,"parentCtName":null,"LANDAREA":2104.0843,"areaKm2":2114.760581845184},"id":49975},{"type":"Feature","geometry":{"type":"Polygon","coordinates":[[[-114.851091,50.187784],[-114.836028,50.187466],[-114.835772,50.198831],[-114.850984,50.199101],[-114.851091,50.187784]]]},"properties":{"id":"59010249","boundaryCode":"59010249","boundaryName":"DA 59010249","boundarySource":"census","boundaryLevel":"bcDaSimplified","boundaryDetail":"medium","DAUID":"59010249","DGUID":"2021S051259010249","PRUID":"59","CDUID":"5901","CDNAME":"East Kootenay","CDTYPE":"RD","CSDUID":"5901003","CSDNAME":"Elkford","CSDTYPE":"DM","CTUID":null,"CTNAME":null,"parentCdId":"5901","parentCdName":"East Kootenay","parentCsdId":"5901003","parentCsdName":"Elkford","parentCtId":null,"parentCtName":null,"LANDAREA":1.364,"areaKm2":1.3623434609222047},"id":49976},{"type":"Feature","geometry":{"type":"Polygon","coordinates":[[[-115.200452,49.519243],[-115.201797,49.48864],[-115.15714,49.488867],[-115.156959,49.481696],[-115.150868,49.481768],[-115.151397,49.467205],[-115.128218,49.467062],[-115.128509,49.452429],[-115.106425,49.452737],[-115.106395,49.435142],[-115.084616,49.434907],[-115.084635,49.420479],[-115.061834,49.420483],[-115.061908,49.418062],[-115.051404,49.417849],[-115.051808,49.40507],[-115.041256,49.404761],[-115.040561,49.365269],[-115.056335,49.364404],[-115.056497,49.347668],[-115.02758,49.34749],[-115.010359,49.348449],[-115.010142,49.346721],[-115.007907,49.348974],[-115.006053,49.349717],[-115.004405,49.352371],[-115.004574,49.353782],[-115.007016,49.355439],[-115.007001,49.356982],[-115.004492,49.358022],[-115.001434,49.357726],[-115.000014,49.358223],[-114.998829,49.357763],[-114.998033,49.358387],[-114.995912,49.35773],[-114.993367,49.359026],[-114.992804,49.359987],[-114.989268,49.359243],[-114.988827,49.360224],[-114.987841,49.3601],[-114.987035,49.360588],[-114.985638,49.360412],[-114.985363,49.360722],[-114.985774,49.361142],[-114.985145,49.362023],[-114.985556,49.362453],[-114.984141,49.362652],[-114.983072,49.363867],[-114.983737,49.364472],[-114.98223,49.365264],[-114.98134,49.367497],[-114.979858,49.367697],[-114.978579,49.367332],[-114.976719,49.367291],[-114.973992,49.368332],[-114.972362,49.367736],[-114.970556,49.368154],[-114.970253,49.369471],[-114.969308,49.370021],[-114.967862,49.370301],[-114.966201,49.370156],[-114.965019,49.371098],[-114.96392,49.370682],[-114.962985,49.370683],[-114.962342,49.371563],[-114.960241,49.371733],[-114.959485,49.37235],[-114.958128,49.372542],[-114.95817,49.373477],[-114.956726,49.374433],[-114.95378,49.37537],[-114.950494,49.375869],[-114.949894,49.376371],[-114.949815,49.377279],[-114.949001,49.377327],[-114.946492,49.378336],[-114.944692,49.378249],[-114.944314,49.379358],[-114.938447,49.380611],[-114.937561,49.381721],[-114.936746,49.382066],[-114.936464,49.382591],[-114.936809,49.383182],[-114.93575,49.383497],[-114.935916,49.384156],[-114.934328,49.384568],[-114.93405,49.385266],[-114.932454,49.385534],[-114.932096,49.385851],[-114.931159,49.387822],[-114.930476,49.389664],[-114.93151,49.390276],[-114.931408,49.391084],[-114.931999,49.391454],[-114.931803,49.392485],[-114.931278,49.392871],[-114.931876,49.393404],[-114.931172,49.394066],[-114.931735,49.394751],[-114.930647,49.396063],[-114.931825,49.397226],[-114.929991,49.398534],[-114.93038,49.399458],[-114.928504,49.400476],[-114.92601,49.402735],[-114.925231,49.404538],[-114.923954,49.404749],[-114.923787,49.40515],[-114.921126,49.40611],[-114.919604,49.407874],[-114.916142,49.408882],[-114.913786,49.410827],[-114.911163,49.411545],[-114.911347,49.412717],[-114.91011,49.412957],[-114.909885,49.413392],[-114.90977,49.415792],[-114.909427,49.416066],[-114.90989,49.416506],[-114.909899,49.417371],[-114.90888,49.421559],[-114.906549,49.42526],[-114.891928,49.428964],[-114.87551,49.422209],[-114.868398,49.419731],[-114.863742,49.418461],[-114.858734,49.414711],[-114.857077,49.41224],[-114.859837,49.407135],[-114.865609,49.403626],[-114.867619,49.40191],[-114.871075,49.396799],[-114.873023,49.395917],[-114.873969,49.393319],[-114.88118,49.387465],[-114.886205,49.385725],[-114.877736,49.382568],[-114.876799,49.38122],[-114.874921,49.380212],[-114.872753,49.37559],[-114.872849,49.373778],[-114.882628,49.369836],[-114.883449,49.36448],[-114.880652,49.35933],[-114.880373,49.357715],[-114.88577,49.354934],[-114.886394,49.349815],[-114.889392,49.345745],[-114.886194,49.34108],[-114.881482,49.338283],[-114.878017,49.335395],[-114.871426,49.334121],[-114.863212,49.330046],[-114.848894,49.327772],[-114.846048,49.326226],[-114.843952,49.326255],[-114.842044,49.32914],[-114.837211,49.329776],[-114.834194,49.329336],[-114.830116,49.327344],[-114.825924,49.3274],[-114.820487,49.329239],[-114.816529,49.33167],[-114.811571,49.332652],[-114.802147,49.331527],[-114.798556,49.330375],[-114.798198,49.327789],[-114.796709,49.326338],[-114.781399,49.322328],[-114.772457,49.320341],[-114.77038,49.318713],[-114.767484,49.317071],[-114.762882,49.316694],[-114.759334,49.317863],[-114.750993,49.316633],[-114.743628,49.316813],[-114.735277,49.314999],[-114.725145,49.313887],[-114.728137,49.311001],[-114.731255,49.308606],[-114.732001,49.30355],[-114.728831,49.302051],[-114.726091,49.302126],[-114.718347,49.299326],[-114.715736,49.296814],[-114.714917,49.295544],[-114.699038,49.288475],[-114.70678,49.283688],[-114.709437,49.283038],[-114.709262,49.282025],[-114.715088,49.278487],[-114.713879,49.27094],[-114.719978,49.266263],[-114.726515,49.263491],[-114.731341,49.263683],[-114.733241,49.261891],[-114.732435,49.259333],[-114.740962,49.249817],[-114.737324,49.24626],[-114.738081,49.243318],[-114.740664,49.241305],[-114.742792,49.237071],[-114.740006,49.233306],[-114.740432,49.228643],[-114.738967,49.227202],[-114.740057,49.222854],[-114.753292,49.2179],[-114.74793,49.21159],[-114.747427,49.208428],[-114.751063,49.203717],[-114.744584,49.198849],[-114.736706,49.197187],[-114.732585,49.191632],[-114.726154,49.187123],[-114.722252,49.186495],[-114.717191,49.177569],[-114.708849,49.172524],[-114.706752,49.170815],[-114.70697,49.16949],[-114.708857,49.167967],[-114.714016,49.165406],[-114.713978,49.163691],[-114.709448,49.159581],[-114.707979,49.157358],[-114.708674,49.155243],[-114.710801,49.152548],[-114.71491,49.151059],[-114.716148,49.151269],[-114.717853,49.150614],[-114.719072,49.149119],[-114.718297,49.147803],[-114.72044,49.145963],[-114.723752,49.14532],[-114.727226,49.143566],[-114.72682,49.142051],[-114.722815,49.1369],[-114.725546,49.134694],[-114.731529,49.132291],[-114.732924,49.127584],[-114.736297,49.1283],[-114.743522,49.125036],[-114.753797,49.124259],[-114.753911,49.120452],[-114.751528,49.117365],[-114.745539,49.114439],[-114.736791,49.103472],[-114.731665,49.100646],[-114.724372,49.091683],[-114.719961,49.089838],[-114.718962,49.087774],[-114.714417,49.08512],[-114.711282,49.082114],[-114.708683,49.078345],[-114.707709,49.075751],[-114.703603,49.073303],[-114.700789,49.070007],[-114.711927,49.063382],[-114.716736,49.063284],[-114.71767,49.060643],[-114.721964,49.057084],[-114.728868,49.053843],[-114.73233,49.049959],[-114.733993,49.048611],[-114.736684,49.049341],[-114.741334,49.0427],[-114.746113,49.040285],[-114.750655,49.038875],[-114.753664,49.038468],[-114.757272,49.035703],[-114.75757,49.032797],[-114.756886,49.029292],[-114.749349,49.026444],[-114.744045,49.022719],[-114.741142,49.019553],[-114.739377,49.012117],[-114.734117,49.006753],[-114.730292,49.00508],[-114.726263,49.000135],[-114.671577,49.000079],[-114.637226,49.00081],[-114.479636,49.000959],[-114.410638,49.001227],[-114.068346,48.998857],[-114.071819,49.002366],[-114.071854,49.004219],[-114.072352,49.004952],[-114.071741,49.005926],[-114.068927,49.007684],[-114.058733,49.018288],[-114.054848,49.023929],[-114.053772,49.026551],[-114.056626,49.027843],[-114.061932,49.037393],[-114.063685,49.042781],[-114.06351,49.045318],[-114.06442,49.045963],[-114.066543,49.04668],[-114.069517,49.049735],[-114.076186,49.053539],[-114.079998,49.057664],[-114.08099,49.059695],[-114.082548,49.059641],[-114.08598,49.058733],[-114.089251,49.058406],[-114.092982,49.058785],[-114.096493,49.059761],[-114.104155,49.063418],[-114.106953,49.064972],[-114.10785,49.066209],[-114.111038,49.068214],[-114.113729,49.070565],[-114.114879,49.072876],[-114.115825,49.07383],[-114.117783,49.073997],[-114.129607,49.07811],[-114.130464,49.078903],[-114.132641,49.082557],[-114.135208,49.083939],[-114.139745,49.087119],[-114.142118,49.089637],[-114.14766,49.094118],[-114.153163,49.099517],[-114.153526,49.101155],[-114.153248,49.103129],[-114.148972,49.107336],[-114.149617,49.111086],[-114.149284,49.115434],[-114.149652,49.11807],[-114.153144,49.119867],[-114.156577,49.123039],[-114.157756,49.123665],[-114.158535,49.126293],[-114.160727,49.127493],[-114.162146,49.131512],[-114.166073,49.135564],[-114.165405,49.137088],[-114.152809,49.141484],[-114.149052,49.143659],[-114.151163,49.145333],[-114.159725,49.150002],[-114.161943,49.151741],[-114.16205,49.153168],[-114.161264,49.154838],[-114.166234,49.156728],[-114.171342,49.160011],[-114.172612,49.162433],[-114.174918,49.163557],[-114.180392,49.164341],[-114.195258,49.169056],[-114.203972,49.169768],[-114.212666,49.173448],[-114.21574,49.178373],[-114.21713,49.184148],[-114.219231,49.184902],[-114.221559,49.189062],[-114.230481,49.189278],[-114.2347,49.185379],[-114.24055,49.184679],[-114.245419,49.185658],[-114.246729,49.187284],[-114.251315,49.182613],[-114.252312,49.180537],[-114.25714,49.177015],[-114.260916,49.177757],[-114.263306,49.179595],[-114.267471,49.179745],[-114.269454,49.180999],[-114.277379,49.179718],[-114.279962,49.178047],[-114.287315,49.178031],[-114.28868,49.178751],[-114.289376,49.18042],[-114.288506,49.183148],[-114.290114,49.186013],[-114.294735,49.188256],[-114.29858,49.189401],[-114.300976,49.190817],[-114.31047,49.192041],[-114.313331,49.193712],[-114.316889,49.199045],[-114.318455,49.199979],[-114.322858,49.199834],[-114.328213,49.198961],[-114.335357,49.199702],[-114.336889,49.199436],[-114.3396,49.196],[-114.34292,49.194357],[-114.345604,49.193577],[-114.350143,49.194527],[-114.355614,49.196563],[-114.358915,49.198441],[-114.360728,49.200522],[-114.360874,49.202062],[-114.366183,49.203664],[-114.377355,49.202876],[-114.38683,49.205044],[-114.389736,49.20707],[-114.391198,49.206821],[-114.398971,49.210372],[-114.402136,49.21328],[-114.397908,49.215302],[-114.396204,49.217395],[-114.393902,49.219423],[-114.395941,49.22145],[-114.39972,49.222345],[-114.404978,49.224274],[-114.40586,49.225268],[-114.404418,49.226405],[-114.401134,49.227831],[-114.401632,49.230414],[-114.402936,49.232724],[-114.402561,49.234757],[-114.403424,49.237279],[-114.40269,49.241657],[-114.400652,49.242309],[-114.395743,49.24313],[-114.391154,49.244661],[-114.383628,49.246246],[-114.379871,49.248257],[-114.381446,49.250764],[-114.387701,49.251614],[-114.3935,49.257194],[-114.396296,49.257174],[-114.400088,49.257779],[-114.403134,49.259194],[-114.405092,49.258825],[-114.407859,49.259888],[-114.409278,49.259702],[-114.414476,49.262224],[-114.420979,49.261804],[-114.424918,49.262241],[-114.429706,49.261343],[-114.435224,49.262159],[-114.438591,49.263286],[-114.439684,49.264649],[-114.447956,49.264376],[-114.449367,49.26729],[-114.449045,49.27664],[-114.44972,49.278683],[-114.45095,49.279435],[-114.451191,49.280427],[-114.449047,49.282313],[-114.449428,49.28511],[-114.446809,49.288424],[-114.45125,49.292574],[-114.453987,49.29811],[-114.46117,49.304117],[-114.46282,49.303769],[-114.466785,49.304384],[-114.471313,49.3067],[-114.473181,49.308716],[-114.47766,49.312358],[-114.480065,49.312773],[-114.481626,49.311842],[-114.484974,49.310661],[-114.489985,49.312125],[-114.492076,49.313824],[-114.491301,49.315431],[-114.491761,49.316948],[-114.491158,49.319565],[-114.492105,49.320806],[-114.492178,49.322208],[-114.489259,49.323862],[-114.482999,49.325014],[-114.480419,49.325851],[-114.478942,49.326787],[-114.481678,49.329197],[-114.482563,49.337549],[-114.484063,49.339339],[-114.484356,49.342684],[-114.487638,49.347327],[-114.495735,49.35251],[-114.500977,49.352814],[-114.50694,49.356649],[-114.513725,49.355421],[-114.516589,49.354515],[-114.523009,49.35632],[-114.524735,49.357372],[-114.525317,49.359806],[-114.524151,49.36214],[-114.531603,49.370554],[-114.53181,49.371766],[-114.526304,49.375102],[-114.536608,49.379616],[-114.544167,49.377621],[-114.547683,49.377291],[-114.551664,49.378058],[-114.556504,49.376802],[-114.562597,49.377317],[-114.566944,49.37689],[-114.568118,49.380075],[-114.571611,49.381959],[-114.576121,49.386751],[-114.573383,49.389574],[-114.575684,49.389934],[-114.578321,49.391448],[-114.580274,49.391341],[-114.586492,49.392351],[-114.587416,49.393967],[-114.590604,49.396115],[-114.591858,49.400137],[-114.592038,49.404876],[-114.598447,49.412568],[-114.596456,49.416868],[-114.596631,49.420072],[-114.59725,49.421458],[-114.600795,49.424752],[-114.600169,49.426556],[-114.600817,49.427993],[-114.599229,49.42949],[-114.598588,49.433861],[-114.602583,49.43733],[-114.605079,49.438943],[-114.602877,49.443637],[-114.600702,49.44411],[-114.598363,49.445363],[-114.598875,49.449766],[-114.603038,49.451543],[-114.603419,49.452817],[-114.598424,49.454774],[-114.597811,49.459195],[-114.600043,49.464005],[-114.599448,49.466628],[-114.593951,49.469389],[-114.593467,49.471443],[-114.595494,49.478184],[-114.595547,49.480108],[-114.594549,49.480806],[-114.593644,49.484107],[-114.594184,49.486415],[-114.595771,49.487805],[-114.597126,49.490919],[-114.596094,49.491861],[-114.594427,49.492155],[-114.592964,49.49326],[-114.594907,49.496632],[-114.594914,49.500134],[-114.596598,49.50199],[-114.594731,49.50285],[-114.593327,49.505722],[-114.591116,49.506895],[-114.585169,49.512661],[-114.582868,49.518223],[-114.583448,49.520436],[-114.577687,49.52153],[-114.575762,49.523955],[-114.57302,49.52497],[-114.572812,49.527032],[-114.573771,49.528233],[-114.573599,49.532929],[-114.570216,49.537376],[-114.571241,49.538992],[-114.572654,49.54445],[-114.574728,49.546815],[-114.572666,49.548698],[-114.574573,49.551075],[-114.573618,49.557469],[-114.576608,49.557367],[-114.579544,49.558531],[-114.588969,49.565905],[-114.59404,49.561566],[-114.599454,49.56064],[-114.60279,49.561434],[-114.605381,49.559184],[-114.607972,49.559757],[-114.60951,49.555345],[-114.613101,49.554462],[-114.614512,49.550889],[-114.616368,49.549492],[-114.616565,49.548771],[-114.620147,49.546815],[-114.627027,49.549827],[-114.630959,49.549532],[-114.638378,49.543943],[-114.648486,49.543335],[-114.655131,49.545592],[-114.663154,49.552339],[-114.676836,49.553652],[-114.679453,49.555686],[-114.683836,49.55688],[-114.690997,49.554033],[-114.692035,49.55123],[-114.696248,49.546836],[-114.701394,49.552526],[-114.70474,49.553703],[-114.710742,49.558766],[-114.710789,49.563122],[-114.714434,49.566288],[-114.720018,49.5675],[-114.724781,49.571566],[-114.72455,49.575826],[-114.730236,49.576873],[-114.732601,49.576386],[-114.734513,49.580111],[-114.73687,49.595405],[-114.744939,49.599933],[-114.746584,49.601752],[-114.745935,49.603486],[-114.746365,49.606398],[-114.752415,49.608803],[-114.747457,49.613029],[-114.74649,49.618516],[-114.728214,49.622757],[-114.72256,49.622912],[-114.719193,49.624907],[-114.715279,49.629536],[-114.711426,49.629258],[-114.707819,49.63012],[-114.705501,49.632521],[-114.707341,49.634686],[-114.704635,49.635332],[-114.704376,49.636315],[-114.703433,49.636761],[-114.703839,49.639425],[-114.748877,49.64001],[-114.74959,49.662111],[-114.771488,49.664924],[-114.782984,49.666812],[-114.787272,49.671107],[-114.795591,49.681813],[-114.811746,49.686697],[-114.824972,49.698875],[-114.831276,49.705644],[-114.842361,49.715708],[-114.855393,49.729288],[-114.875083,49.731402],[-114.874086,49.707439],[-114.885835,49.706975],[-114.886304,49.689077],[-114.886891,49.681941],[-114.889063,49.681891],[-114.88966,49.677254],[-114.892415,49.672174],[-114.893975,49.66803],[-114.900426,49.661973],[-114.906273,49.658929],[-114.906867,49.658123],[-114.908083,49.653552],[-114.917767,49.638191],[-114.948485,49.608781],[-114.960623,49.590862],[-114.964445,49.587854],[-114.966252,49.586895],[-114.973518,49.585219],[-114.975936,49.584111],[-114.992504,49.567013],[-115.004533,49.555646],[-115.024013,49.543036],[-115.041848,49.528227],[-115.039494,49.5288],[-115.032044,49.526973],[-115.033472,49.526173],[-115.035938,49.526091],[-115.037119,49.526403],[-115.038014,49.526208],[-115.041977,49.524586],[-115.044304,49.524278],[-115.04556,49.516356],[-115.043833,49.516328],[-115.041638,49.518089],[-115.032915,49.512764],[-115.034003,49.49669],[-115.034003,49.495974],[-115.034788,49.496545],[-115.03579,49.496328],[-115.038102,49.496565],[-115.040499,49.496381],[-115.042755,49.496788],[-115.042837,49.495557],[-115.045341,49.493707],[-115.046096,49.491606],[-115.047775,49.489454],[-115.047856,49.48831],[-115.049548,49.486716],[-115.050102,49.485167],[-115.050795,49.484744],[-115.051811,49.484836],[-115.053201,49.485906],[-115.05462,49.485895],[-115.05573,49.485228],[-115.057226,49.483683],[-115.057823,49.481133],[-115.059659,49.480241],[-115.059292,49.478547],[-115.060432,49.475815],[-115.061838,49.475542],[-115.062955,49.476513],[-115.064378,49.475979],[-115.065301,49.477152],[-115.066692,49.476654],[-115.064209,49.483016],[-115.064402,49.483848],[-115.0658,49.485022],[-115.067487,49.485063],[-115.066882,49.484304],[-115.066654,49.482912],[-115.075574,49.48207],[-115.075124,49.481352],[-115.090782,49.481165],[-115.090625,49.48684],[-115.094483,49.487368],[-115.095699,49.48857],[-115.09773,49.488843],[-115.100131,49.489613],[-115.106858,49.492151],[-115.113213,49.49267],[-115.12491,49.495402],[-115.141415,49.498558],[-115.15139,49.50006],[-115.163239,49.499985],[-115.165655,49.500754],[-115.167558,49.501974],[-115.167381,49.502536],[-115.165142,49.503662],[-115.167898,49.504876],[-115.171995,49.503274],[-115.17303,49.503153],[-115.173023,49.503932],[-115.171824,49.505059],[-115.171819,49.506403],[-115.173559,49.508186],[-115.172176,49.509086],[-115.171556,49.509954],[-115.172625,49.513528],[-115.177869,49.522793],[-115.178941,49.526923],[-115.180164,49.528599],[-115.180847,49.528815],[-115.189731,49.524091],[-115.200452,49.519243]],[[-114.625651,49.477877],[-114.625401,49.472632],[-114.646203,49.472191],[-114.647194,49.486044],[-114.661301,49.48643],[-114.67971,49.486188],[-114.679574,49.488508],[-114.680716,49.490301],[-114.681133,49.491785],[-114.680924,49.494209],[-114.678977,49.498434],[-114.678646,49.500791],[-114.675429,49.506563],[-114.675009,49.509399],[-114.671825,49.514458],[-114.671409,49.516114],[-114.672033,49.516088],[-114.672175,49.517996],[-114.649328,49.518757],[-114.649007,49.514434],[-114.628115,49.514719],[-114.625651,49.477877]],[[-114.674369,49.523136],[-114.673911,49.521062],[-114.676693,49.517836],[-114.677865,49.521075],[-114.679008,49.521065],[-114.679159,49.517198],[-114.680602,49.51739],[-114.681881,49.518072],[-114.692429,49.527344],[-114.693758,49.528044],[-114.695652,49.528379],[-114.684713,49.527333],[-114.68062,49.525652],[-114.677242,49.523144],[-114.674369,49.523136]]]},"properties":{"id":"59010254","boundaryCode":"59010254","boundaryName":"DA 59010254","boundarySource":"census","boundaryLevel":"bcDaSimplified","boundaryDetail":"medium","DAUID":"59010254","DGUID":"2021S051259010254","PRUID":"59","CDUID":"5901","CDNAME":"East Kootenay","CDTYPE":"RD","CSDUID":"5901017","CSDNAME":"East Kootenay A","CSDTYPE":"RDA","CTUID":null,"CTNAME":null,"parentCdId":"5901","parentCdName":"East Kootenay","parentCsdId":"5901017","parentCsdName":"East Kootenay A","parentCtId":null,"parentCtName":null,"LANDAREA":2300.2779,"areaKm2":2312.6946774365615},"id":49977},{"type":"Feature","geometry":{"type":"Polygon","coordinates":[[[-115.180847,49.528815],[-115.180164,49.528599],[-115.178941,49.526923],[-115.177869,49.522793],[-115.172625,49.513528],[-115.171556,49.509954],[-115.172176,49.509086],[-115.173559,49.508186],[-115.171819,49.506403],[-115.171824,49.505059],[-115.173023,49.503932],[-115.17303,49.503153],[-115.171995,49.503274],[-115.167898,49.504876],[-115.165142,49.503662],[-115.167381,49.502536],[-115.167558,49.501974],[-115.165655,49.500754],[-115.163239,49.499985],[-115.15139,49.50006],[-115.141415,49.498558],[-115.12491,49.495402],[-115.113213,49.49267],[-115.106858,49.492151],[-115.100131,49.489613],[-115.09773,49.488843],[-115.095699,49.48857],[-115.094483,49.487368],[-115.090625,49.48684],[-115.084275,49.486911],[-115.079782,49.486625],[-115.079543,49.482687],[-115.075964,49.482692],[-115.080866,49.490727],[-115.08114,49.493461],[-115.080091,49.492941],[-115.079062,49.49592],[-115.080752,49.496703],[-115.081285,49.496546],[-115.081721,49.498529],[-115.080237,49.498487],[-115.079949,49.499493],[-115.079006,49.499485],[-115.079198,49.50041],[-115.076638,49.500407],[-115.070486,49.503782],[-115.071397,49.503386],[-115.072815,49.505229],[-115.071604,49.505315],[-115.072308,49.506521],[-115.072841,49.509512],[-115.078718,49.509206],[-115.079439,49.505455],[-115.081428,49.505452],[-115.083033,49.511497],[-115.08499,49.531714],[-115.073134,49.530494],[-115.073616,49.531562],[-115.075024,49.532674],[-115.076946,49.533362],[-115.077586,49.533922],[-115.079815,49.53349],[-115.081986,49.534157],[-115.082264,49.534809],[-115.081904,49.535577],[-115.084481,49.536816],[-115.085529,49.538632],[-115.089562,49.541218],[-115.09198,49.541581],[-115.093965,49.542477],[-115.095511,49.543907],[-115.095642,49.545186],[-115.097552,49.546576],[-115.099866,49.54745],[-115.102894,49.551071],[-115.105914,49.553063],[-115.106778,49.552852],[-115.108284,49.553282],[-115.109805,49.552911],[-115.111586,49.553327],[-115.113024,49.554043],[-115.115585,49.556082],[-115.117792,49.557008],[-115.118866,49.557809],[-115.120089,49.558027],[-115.122095,49.562323],[-115.121549,49.564329],[-115.124806,49.564927],[-115.131268,49.567699],[-115.137024,49.568533],[-115.135284,49.563566],[-115.131048,49.559571],[-115.128467,49.552983],[-115.127872,49.546582],[-115.132555,49.536197],[-115.1372,49.528697],[-115.147127,49.522729],[-115.161319,49.521631],[-115.170806,49.524126],[-115.180511,49.528969],[-115.180847,49.528815]]]},"properties":{"id":"59010256","boundaryCode":"59010256","boundaryName":"DA 59010256","boundarySource":"census","boundaryLevel":"bcDaSimplified","boundaryDetail":"medium","DAUID":"59010256","DGUID":"2021S051259010256","PRUID":"59","CDUID":"5901","CDNAME":"East Kootenay","CDTYPE":"RD","CSDUID":"5901017","CSDNAME":"East Kootenay A","CSDTYPE":"RDA","CTUID":null,"CTNAME":null,"parentCdId":"5901","parentCdName":"East Kootenay","parentCsdId":"5901017","parentCsdName":"East Kootenay A","parentCtId":null,"parentCtName":null,"LANDAREA":33.2217,"areaKm2":33.22712402140609},"id":49978},{"type":"Feature","geometry":{"type":"Polygon","coordinates":[[[-115.063564,49.499047],[-115.064114,49.499247],[-115.064422,49.498937],[-115.065951,49.499655],[-115.065504,49.502361],[-115.064723,49.503173],[-115.066404,49.503887],[-115.067131,49.503164],[-115.068839,49.504102],[-115.070232,49.50361],[-115.070486,49.503782],[-115.076638,49.500407],[-115.079198,49.50041],[-115.079006,49.499485],[-115.079949,49.499493],[-115.080237,49.498487],[-115.081721,49.498529],[-115.081285,49.496546],[-115.080752,49.496703],[-115.079062,49.49592],[-115.080091,49.492941],[-115.08114,49.493461],[-115.080866,49.490727],[-115.075964,49.482692],[-115.079543,49.482687],[-115.079782,49.486625],[-115.084275,49.486911],[-115.090625,49.48684],[-115.090782,49.481165],[-115.075124,49.481352],[-115.075574,49.48207],[-115.066654,49.482912],[-115.066882,49.484304],[-115.067487,49.485063],[-115.0658,49.485022],[-115.064402,49.483848],[-115.064209,49.483016],[-115.066692,49.476654],[-115.065301,49.477152],[-115.064378,49.475979],[-115.062955,49.476513],[-115.061838,49.475542],[-115.060432,49.475815],[-115.059292,49.478547],[-115.059659,49.480241],[-115.057823,49.481133],[-115.057226,49.483683],[-115.05573,49.485228],[-115.05462,49.485895],[-115.053201,49.485906],[-115.051811,49.484836],[-115.050795,49.484744],[-115.050102,49.485167],[-115.049548,49.486716],[-115.047856,49.48831],[-115.047775,49.489454],[-115.046096,49.491606],[-115.045341,49.493707],[-115.042837,49.495557],[-115.042755,49.496788],[-115.040499,49.496381],[-115.038102,49.496565],[-115.03579,49.496328],[-115.034788,49.496545],[-115.034003,49.495974],[-115.034003,49.49669],[-115.047263,49.497999],[-115.049753,49.497893],[-115.053088,49.497316],[-115.059728,49.496933],[-115.061274,49.497252],[-115.063727,49.498528],[-115.063564,49.499047]],[[-115.070597,49.496027],[-115.068461,49.495089],[-115.069364,49.494249],[-115.070015,49.49409],[-115.071985,49.49522],[-115.072858,49.495357],[-115.072899,49.493215],[-115.071574,49.493103],[-115.070679,49.492029],[-115.070688,49.491205],[-115.0729,49.491232],[-115.072937,49.489453],[-115.074041,49.489461],[-115.073934,49.496213],[-115.070597,49.496027]]]},"properties":{"id":"59010258","boundaryCode":"59010258","boundaryName":"DA 59010258","boundarySource":"census","boundaryLevel":"bcDaSimplified","boundaryDetail":"medium","DAUID":"59010258","DGUID":"2021S051259010258","PRUID":"59","CDUID":"5901","CDNAME":"East Kootenay","CDTYPE":"RD","CSDUID":"5901012","CSDNAME":"Fernie","CSDTYPE":"CY","CTUID":null,"CTNAME":null,"parentCdId":"5901","parentCdName":"East Kootenay","parentCsdId":"5901012","parentCsdName":"Fernie","parentCtId":null,"parentCtName":null,"LANDAREA":4.7259,"areaKm2":5.074540749985685},"id":49979},{"type":"Feature","geometry":{"type":"Polygon","coordinates":[[[-115.780971,49.580432],[-115.781455,49.578249],[-115.774852,49.577482],[-115.770025,49.57704],[-115.769833,49.580427],[-115.758493,49.580721],[-115.758484,49.581446],[-115.750782,49.581575],[-115.750181,49.583667],[-115.752499,49.583042],[-115.752973,49.584565],[-115.75245,49.584638],[-115.752732,49.585123],[-115.754061,49.584917],[-115.754584,49.589983],[-115.757755,49.589396],[-115.764081,49.586541],[-115.768734,49.58579],[-115.774763,49.585863],[-115.777607,49.585057],[-115.779504,49.583853],[-115.778951,49.581094],[-115.779592,49.580287],[-115.780971,49.580432]]]},"properties":{"id":"59010259","boundaryCode":"59010259","boundaryName":"DA 59010259","boundarySource":"census","boundaryLevel":"bcDaSimplified","boundaryDetail":"medium","DAUID":"59010259","DGUID":"2021S051259010259","PRUID":"59","CDUID":"5901","CDNAME":"East Kootenay","CDTYPE":"RD","CSDUID":"5901808","CSDNAME":"St. Mary's","CSDTYPE":"IRI","CTUID":null,"CTNAME":null,"parentCdId":"5901","parentCdName":"East Kootenay","parentCsdId":"5901808","parentCsdName":"St. Mary's","parentCtId":null,"parentCtName":null,"LANDAREA":1.3567,"areaKm2":1.5646427441475088},"id":49980},{"type":"Feature","geometry":{"type":"Polygon","coordinates":[[[-115.706672,49.607424],[-115.707561,49.607008],[-115.708086,49.605944],[-115.707775,49.604618],[-115.70865,49.605033],[-115.711201,49.604899],[-115.711568,49.604057],[-115.710298,49.602901],[-115.710223,49.601073],[-115.713903,49.600531],[-115.716179,49.601382],[-115.718761,49.600585],[-115.719306,49.599826],[-115.719259,49.59898],[-115.718088,49.597204],[-115.718975,49.596647],[-115.720338,49.596338],[-115.721288,49.596493],[-115.722209,49.596808],[-115.722987,49.597698],[-115.72383,49.597771],[-115.72599,49.597147],[-115.727331,49.595614],[-115.732225,49.593167],[-115.734496,49.592581],[-115.7398,49.591864],[-115.742527,49.590158],[-115.746461,49.588969],[-115.749358,49.588721],[-115.751688,49.588918],[-115.751619,49.589627],[-115.754584,49.589983],[-115.754061,49.584917],[-115.752732,49.585123],[-115.75245,49.584638],[-115.752973,49.584565],[-115.752499,49.583042],[-115.750181,49.583667],[-115.750782,49.581575],[-115.758484,49.581446],[-115.758493,49.580721],[-115.769833,49.580427],[-115.770025,49.57704],[-115.774852,49.577482],[-115.774828,49.56679],[-115.770411,49.566745],[-115.770844,49.568113],[-115.769784,49.570705],[-115.768937,49.570698],[-115.769012,49.569388],[-115.76969,49.568501],[-115.769823,49.56751],[-115.76906,49.566074],[-115.76714,49.564953],[-115.763844,49.566334],[-115.763901,49.563224],[-115.760067,49.563068],[-115.76048,49.558971],[-115.754666,49.559027],[-115.755589,49.55417],[-115.755077,49.553073],[-115.753569,49.551601],[-115.759651,49.55157],[-115.756696,49.549907],[-115.753708,49.548969],[-115.75071,49.548589],[-115.745136,49.548437],[-115.743379,49.547877],[-115.742566,49.546888],[-115.74144,49.544157],[-115.739548,49.542037],[-115.74001,49.541845],[-115.739344,49.539381],[-115.741363,49.537256],[-115.739188,49.53737],[-115.728709,49.537579],[-115.728149,49.5307],[-115.728207,49.523976],[-115.739443,49.524079],[-115.735088,49.521322],[-115.736392,49.519905],[-115.741751,49.516727],[-115.741334,49.516737],[-115.739056,49.510556],[-115.734911,49.510223],[-115.737355,49.508052],[-115.737346,49.507363],[-115.736456,49.50648],[-115.733059,49.506451],[-115.733519,49.501928],[-115.732541,49.501899],[-115.734042,49.500004],[-115.739187,49.500029],[-115.73919,49.497966],[-115.742062,49.498016],[-115.741902,49.499474],[-115.742495,49.500034],[-115.743605,49.499984],[-115.743788,49.501955],[-115.749738,49.501996],[-115.749748,49.500074],[-115.751417,49.500065],[-115.751416,49.500006],[-115.751314,49.496273],[-115.74842,49.496257],[-115.748402,49.494241],[-115.751314,49.494217],[-115.751315,49.492469],[-115.739198,49.492444],[-115.739193,49.496246],[-115.716886,49.496196],[-115.71687,49.49426],[-115.715372,49.493871],[-115.713992,49.492953],[-115.712335,49.490985],[-115.713485,49.488824],[-115.712411,49.48686],[-115.711423,49.485893],[-115.708568,49.485252],[-115.706767,49.485462],[-115.70599,49.486116],[-115.70599,49.487165],[-115.705042,49.487421],[-115.699007,49.487128],[-115.698595,49.487473],[-115.698421,49.491182],[-115.696808,49.492277],[-115.695041,49.492499],[-115.694408,49.492276],[-115.693837,49.496008],[-115.685983,49.491798],[-115.679896,49.491523],[-115.678932,49.490462],[-115.677028,49.489868],[-115.675514,49.488517],[-115.673897,49.48899],[-115.671524,49.487219],[-115.668332,49.487704],[-115.664893,49.48709],[-115.661251,49.488318],[-115.660239,49.486095],[-115.659688,49.486054],[-115.651206,49.491355],[-115.649732,49.491789],[-115.637002,49.493578],[-115.635765,49.493374],[-115.627597,49.494518],[-115.62309,49.494706],[-115.62041,49.495195],[-115.619538,49.49577],[-115.617184,49.495556],[-115.614625,49.496212],[-115.611238,49.496346],[-115.610782,49.496872],[-115.607931,49.496607],[-115.607535,49.496954],[-115.6039,49.497571],[-115.601248,49.497596],[-115.598305,49.498122],[-115.597565,49.497925],[-115.594144,49.498796],[-115.592274,49.498514],[-115.592376,49.496807],[-115.59476,49.496466],[-115.595788,49.495261],[-115.592396,49.492032],[-115.592426,49.490973],[-115.593257,49.49038],[-115.589781,49.489189],[-115.588096,49.489178],[-115.586234,49.488094],[-115.586042,49.487072],[-115.584988,49.486244],[-115.583749,49.486137],[-115.58348,49.485428],[-115.580476,49.486453],[-115.580233,49.487842],[-115.579654,49.487068],[-115.578225,49.486175],[-115.577758,49.485371],[-115.576059,49.485193],[-115.573591,49.483395],[-115.572469,49.483233],[-115.570869,49.483473],[-115.570912,49.488475],[-115.570895,49.495047],[-115.563179,49.494932],[-115.565433,49.496224],[-115.567276,49.496782],[-115.580164,49.498411],[-115.585923,49.501831],[-115.588297,49.502503],[-115.59332,49.506086],[-115.59654,49.507051],[-115.60114,49.509101],[-115.601484,49.508976],[-115.601191,49.509863],[-115.602084,49.51301],[-115.600767,49.514345],[-115.6027,49.517553],[-115.602126,49.518364],[-115.619635,49.527483],[-115.624146,49.530448],[-115.645891,49.549297],[-115.655104,49.559066],[-115.659341,49.56269],[-115.66511,49.563638],[-115.667155,49.563116],[-115.669362,49.563748],[-115.675381,49.563274],[-115.676631,49.564096],[-115.680156,49.565149],[-115.681939,49.566704],[-115.683587,49.56905],[-115.685515,49.56926],[-115.686316,49.570761],[-115.685598,49.572458],[-115.684637,49.573492],[-115.682749,49.574426],[-115.685494,49.578035],[-115.686951,49.580693],[-115.687678,49.585254],[-115.686747,49.588909],[-115.684193,49.592706],[-115.690057,49.596013],[-115.691889,49.59515],[-115.69254,49.593405],[-115.694538,49.592626],[-115.697089,49.592689],[-115.705877,49.595678],[-115.708421,49.596075],[-115.708605,49.601238],[-115.706571,49.602543],[-115.705703,49.60409],[-115.706858,49.605018],[-115.706672,49.607424]]]},"properties":{"id":"59010260","boundaryCode":"59010260","boundaryName":"DA 59010260","boundarySource":"census","boundaryLevel":"bcDaSimplified","boundaryDetail":"medium","DAUID":"59010260","DGUID":"2021S051259010260","PRUID":"59","CDUID":"5901","CDNAME":"East Kootenay","CDTYPE":"RD","CSDUID":"5901035","CSDNAME":"East Kootenay C","CSDTYPE":"RDA","CTUID":null,"CTNAME":null,"parentCdId":"5901","parentCdName":"East Kootenay","parentCsdId":"5901035","parentCsdName":"East Kootenay C","parentCtId":null,"parentCtName":null,"LANDAREA":90.5721,"areaKm2":90.93504047147772},"id":49981},{"type":"Feature","geometry":{"type":"Polygon","coordinates":[[[-116.038858,50.53785],[-116.037767,50.53673],[-116.037044,50.534198],[-116.035872,50.534224],[-116.035467,50.533969],[-116.033428,50.531551],[-116.031172,50.530337],[-116.029412,50.52652],[-116.026857,50.526053],[-116.023201,50.523559],[-116.022948,50.522105],[-116.022084,50.520816],[-116.022561,50.519624],[-116.022141,50.518834],[-116.020084,50.517587],[-116.019655,50.516161],[-116.018646,50.516021],[-116.018083,50.515485],[-116.000516,50.515417],[-115.999976,50.515763],[-116.000366,50.516545],[-115.999078,50.515408],[-115.994645,50.514701],[-115.995326,50.541057],[-116.012557,50.541082],[-116.012069,50.548005],[-116.01193,50.551304],[-116.022604,50.551515],[-116.022584,50.560773],[-116.027536,50.560902],[-116.04626,50.561389],[-116.045194,50.559672],[-116.04356,50.558066],[-116.041976,50.553287],[-116.043427,50.551374],[-116.042815,50.549543],[-116.044623,50.546716],[-116.045103,50.543195],[-116.041784,50.540505],[-116.039609,50.539831],[-116.038858,50.53785]]]},"properties":{"id":"59010268","boundaryCode":"59010268","boundaryName":"DA 59010268","boundarySource":"census","boundaryLevel":"bcDaSimplified","boundaryDetail":"medium","DAUID":"59010268","DGUID":"2021S051259010268","PRUID":"59","CDUID":"5901","CDNAME":"East Kootenay","CDTYPE":"RD","CSDUID":"5901806","CSDNAME":"Shuswap","CSDTYPE":"IRI","CTUID":null,"CTNAME":null,"parentCdId":"5901","parentCdName":"East Kootenay","parentCsdId":"5901806","parentCsdName":"Shuswap","parentCtId":null,"parentCtName":null,"LANDAREA":11.1407,"areaKm2":11.184293619402462},"id":49983},{"type":"Feature","geometry":{"type":"Polygon","coordinates":[[[-115.951515,50.461709],[-115.946788,50.462116],[-115.947672,50.455357],[-115.948105,50.447085],[-115.930428,50.446963],[-115.919526,50.454834],[-115.896859,50.452499],[-115.895047,50.435726],[-115.891785,50.396179],[-115.858493,50.395639],[-115.86046,50.367],[-115.858183,50.361939],[-115.846683,50.362142],[-115.847076,50.347792],[-115.816447,50.348099],[-115.816976,50.314728],[-115.842012,50.315133],[-115.844959,50.308069],[-115.841503,50.292384],[-115.849309,50.292254],[-115.847575,50.294194],[-115.846291,50.296518],[-115.846582,50.298542],[-115.848154,50.301937],[-115.851383,50.305232],[-115.851726,50.306176],[-115.853321,50.307388],[-115.854435,50.307497],[-115.854723,50.308155],[-115.856486,50.309035],[-115.856748,50.310001],[-115.855807,50.311487],[-115.855807,50.313218],[-115.855327,50.314272],[-115.856162,50.314973],[-115.856051,50.316597],[-115.856472,50.313159],[-115.857801,50.313508],[-115.858332,50.31441],[-115.859651,50.315272],[-115.859956,50.316023],[-115.859046,50.317035],[-115.86108,50.318665],[-115.860031,50.319845],[-115.860685,50.320887],[-115.862061,50.321908],[-115.862579,50.321779],[-115.862197,50.320833],[-115.863287,50.320802],[-115.863093,50.322455],[-115.864155,50.323821],[-115.87236,50.316791],[-115.87672,50.314418],[-115.879876,50.313439],[-115.891417,50.310851],[-115.892857,50.310902],[-115.895676,50.311774],[-115.897584,50.311631],[-115.899879,50.310799],[-115.900885,50.310077],[-115.901696,50.308165],[-115.900955,50.30668],[-115.894621,50.300964],[-115.892687,50.298661],[-115.890666,50.295538],[-115.888399,50.289537],[-115.888258,50.287647],[-115.890259,50.2844],[-115.890685,50.282356],[-115.885719,50.266612],[-115.882564,50.260319],[-115.882811,50.253951],[-115.882203,50.252547],[-115.874905,50.241931],[-115.873691,50.231834],[-115.862055,50.195153],[-115.861379,50.193543],[-115.85663,50.187414],[-115.855786,50.185732],[-115.855721,50.173912],[-115.855289,50.172073],[-115.854309,50.170434],[-115.850226,50.170361],[-115.834417,50.189241],[-115.825952,50.193583],[-115.816369,50.192715],[-115.815354,50.184245],[-115.807351,50.183412],[-115.807692,50.164727],[-115.80469,50.163178],[-115.802315,50.161179],[-115.790234,50.161819],[-115.783769,50.161578],[-115.78335,50.153671],[-115.784881,50.15385],[-115.786006,50.153207],[-115.786353,50.151008],[-115.787893,50.150799],[-115.792106,50.151305],[-115.80078,50.147841],[-115.761361,50.106944],[-115.758795,50.103241],[-115.757825,50.100862],[-115.757284,50.098375],[-115.752383,50.047553],[-115.752435,50.017545],[-115.752735,50.014392],[-115.75367,50.010902],[-115.75858,50.000294],[-115.704775,50.001346],[-115.702361,50.001137],[-115.702204,50.001373],[-115.701994,50.009687],[-115.702635,50.015848],[-115.703305,50.019461],[-115.70634,50.027098],[-115.707312,50.030761],[-115.706287,50.035131],[-115.700338,50.048865],[-115.702488,50.058949],[-115.709747,50.073366],[-115.712222,50.090362],[-115.711468,50.111298],[-115.706284,50.125572],[-115.707784,50.130969],[-115.707492,50.13139],[-115.708038,50.131884],[-115.708591,50.133875],[-115.698849,50.135988],[-115.696008,50.143529],[-115.701509,50.146433],[-115.689115,50.150467],[-115.686127,50.158193],[-115.657606,50.156609],[-115.65793,50.160504],[-115.662121,50.169361],[-115.662036,50.170579],[-115.65885,50.178218],[-115.660226,50.181819],[-115.66821,50.196919],[-115.6602,50.213411],[-115.647425,50.217403],[-115.638704,50.214576],[-115.623796,50.211716],[-115.618158,50.206531],[-115.617954,50.205526],[-115.619082,50.198639],[-115.616004,50.186571],[-115.609148,50.181408],[-115.605639,50.17678],[-115.596773,50.172943],[-115.580102,50.180013],[-115.559954,50.179537],[-115.544109,50.171435],[-115.530488,50.149501],[-115.536582,50.134863],[-115.543284,50.1283],[-115.53941,50.127525],[-115.536613,50.125858],[-115.53544,50.123818],[-115.542571,50.124075],[-115.546145,50.123456],[-115.548515,50.120415],[-115.5504,50.119961],[-115.551427,50.120046],[-115.551623,50.115773],[-115.548142,50.11304],[-115.537358,50.10575],[-115.520383,50.098693],[-115.508439,50.096749],[-115.48808,50.101379],[-115.475651,50.103337],[-115.469226,50.110214],[-115.461847,50.109991],[-115.450135,50.097653],[-115.439472,50.093087],[-115.437461,50.087105],[-115.436858,50.080943],[-115.408857,50.06946],[-115.420258,50.062131],[-115.414242,50.054914],[-115.406431,50.04086],[-115.398583,50.035937],[-115.386623,50.026419],[-115.386094,50.017948],[-115.371466,50.01139],[-115.361503,50.009745],[-115.364667,49.998919],[-115.360391,49.991614],[-115.355317,49.953236],[-115.326787,49.953298],[-115.322142,49.959754],[-115.311861,49.967914],[-115.295975,49.973609],[-115.263179,49.971549],[-115.250384,49.977006],[-115.249283,49.9882],[-115.23826,49.995733],[-115.268771,50.004506],[-115.250461,50.015217],[-115.271318,50.036578],[-115.245034,50.041532],[-115.223106,50.052441],[-115.215701,50.05896],[-115.227291,50.064209],[-115.224,50.081036],[-115.206421,50.10522],[-115.183371,50.106317],[-115.142689,50.111968],[-115.137155,50.109778],[-115.128025,50.111154],[-115.11945,50.105285],[-115.104264,50.105682],[-115.090628,50.109048],[-115.076723,50.11426],[-115.060733,50.114214],[-115.052067,50.117906],[-115.048256,50.125955],[-115.049926,50.12923],[-115.068205,50.138039],[-115.068899,50.143007],[-115.06727,50.146115],[-115.07265,50.148937],[-115.07375,50.151215],[-115.073769,50.153759],[-115.069884,50.155989],[-115.071119,50.158076],[-115.070489,50.160779],[-115.077723,50.165058],[-115.084948,50.17141],[-115.090508,50.180799],[-115.0909,50.185642],[-115.096668,50.192033],[-115.096225,50.194213],[-115.096896,50.196598],[-115.097009,50.200554],[-115.1031,50.206229],[-115.102595,50.207469],[-115.097294,50.211083],[-115.099614,50.216251],[-115.110093,50.218462],[-115.116401,50.220739],[-115.11902,50.222646],[-115.122139,50.228733],[-115.126718,50.231434],[-115.135237,50.234921],[-115.13433,50.236738],[-115.133325,50.242565],[-115.134714,50.249078],[-115.137769,50.250878],[-115.136971,50.257053],[-115.127696,50.259018],[-115.126623,50.260557],[-115.118693,50.263943],[-115.114858,50.263772],[-115.112586,50.264969],[-115.111204,50.268496],[-115.112082,50.269556],[-115.122288,50.272952],[-115.129674,50.273692],[-115.135871,50.277432],[-115.126581,50.286891],[-115.129083,50.290262],[-115.12737,50.293234],[-115.128035,50.297694],[-115.127179,50.29918],[-115.136221,50.304774],[-115.131337,50.310359],[-115.133517,50.311101],[-115.137831,50.31626],[-115.127431,50.321368],[-115.122591,50.319532],[-115.120521,50.319404],[-115.114629,50.318304],[-115.108815,50.319414],[-115.102655,50.318698],[-115.099511,50.320107],[-115.095447,50.325408],[-115.094476,50.329632],[-115.097154,50.334555],[-115.102066,50.341563],[-115.108673,50.344729],[-115.110494,50.347791],[-115.113875,50.348877],[-115.118385,50.35144],[-115.123475,50.354977],[-115.121582,50.356398],[-115.12271,50.357876],[-115.123945,50.362038],[-115.122045,50.368882],[-115.124938,50.375828],[-115.126007,50.379712],[-115.125016,50.383065],[-115.129945,50.386324],[-115.128734,50.388056],[-115.122642,50.389552],[-115.119659,50.39124],[-115.125828,50.39324],[-115.123719,50.398063],[-115.126851,50.404154],[-115.133138,50.406763],[-115.133413,50.413075],[-115.134556,50.415826],[-115.137604,50.418429],[-115.134414,50.421444],[-115.135826,50.42381],[-115.134416,50.424794],[-115.132077,50.428398],[-115.120418,50.437715],[-115.119497,50.441609],[-115.123538,50.442536],[-115.130381,50.445649],[-115.137312,50.452248],[-115.137565,50.456015],[-115.14022,50.45712],[-115.139135,50.460736],[-115.139531,50.462235],[-115.143568,50.465235],[-115.146678,50.465433],[-115.160119,50.473313],[-115.163615,50.479158],[-115.163967,50.481625],[-115.163107,50.488538],[-115.161452,50.492454],[-115.163361,50.495018],[-115.164797,50.502845],[-115.163992,50.508388],[-115.164213,50.510009],[-115.166767,50.512815],[-115.170856,50.514847],[-115.173985,50.519029],[-115.177124,50.51906],[-115.181758,50.520959],[-115.188062,50.518783],[-115.190069,50.520047],[-115.191721,50.522595],[-115.194816,50.524631],[-115.198147,50.525811],[-115.202399,50.526447],[-115.205964,50.528262],[-115.208147,50.527829],[-115.213269,50.532341],[-115.216894,50.536513],[-115.221046,50.536967],[-115.222494,50.539672],[-115.230998,50.544885],[-115.231904,50.550667],[-115.229613,50.551464],[-115.228438,50.554106],[-115.229701,50.554974],[-115.229838,50.559178],[-115.234174,50.564825],[-115.233666,50.566127],[-115.234918,50.567586],[-115.241923,50.571225],[-115.239349,50.574917],[-115.235025,50.5748],[-115.231966,50.57708],[-115.230195,50.577514],[-115.236243,50.585686],[-115.239665,50.589203],[-115.243705,50.589155],[-115.247347,50.588145],[-115.251289,50.589769],[-115.260069,50.596329],[-115.264358,50.59669],[-115.265908,50.597723],[-115.268511,50.597438],[-115.271932,50.597894],[-115.277929,50.601074],[-115.28044,50.605522],[-115.284672,50.60884],[-115.285936,50.608177],[-115.287634,50.608231],[-115.289471,50.609429],[-115.290562,50.609396],[-115.29364,50.611114],[-115.295367,50.613046],[-115.295245,50.614371],[-115.297397,50.617612],[-115.298245,50.620231],[-115.29803,50.62476],[-115.29688,50.62622],[-115.300165,50.625531],[-115.305226,50.625937],[-115.31011,50.62727],[-115.311465,50.628587],[-115.311816,50.630385],[-115.309549,50.631531],[-115.310152,50.635271],[-115.313061,50.637619],[-115.311958,50.638244],[-115.303037,50.638196],[-115.299615,50.639272],[-115.294838,50.639031],[-115.288446,50.637655],[-115.28547,50.638856],[-115.28207,50.646993],[-115.277518,50.648345],[-115.275246,50.647959],[-115.274168,50.64893],[-115.277955,50.650593],[-115.281361,50.653763],[-115.282469,50.6562],[-115.281713,50.657093],[-115.285889,50.660309],[-115.284898,50.66173],[-115.282268,50.663199],[-115.2837,50.665558],[-115.287939,50.668877],[-115.29839,50.683338],[-115.300852,50.690746],[-115.29779,50.69456],[-115.293635,50.698406],[-115.296819,50.699982],[-115.301629,50.70057],[-115.306304,50.704903],[-115.308821,50.70782],[-115.311055,50.712104],[-115.314369,50.715415],[-115.314706,50.716275],[-115.313602,50.7169],[-115.310716,50.721614],[-115.312312,50.723933],[-115.313494,50.72435],[-115.315139,50.725832],[-115.318311,50.726469],[-115.319827,50.726215],[-115.320668,50.724241],[-115.324222,50.723369],[-115.326432,50.72212],[-115.327625,50.721945],[-115.333051,50.724149],[-115.335141,50.724225],[-115.335959,50.723435],[-115.33923,50.72206],[-115.346226,50.722099],[-115.34992,50.721261],[-115.354571,50.722718],[-115.358989,50.72107],[-115.363453,50.717865],[-115.370171,50.717267],[-115.369914,50.714308],[-115.377598,50.710942],[-115.375636,50.70791],[-115.378937,50.705341],[-115.386421,50.707996],[-115.391237,50.706459],[-115.39459,50.707601],[-115.403669,50.712323],[-115.405411,50.712456],[-115.413814,50.711264],[-115.41628,50.712765],[-115.416647,50.713728],[-115.416015,50.714868],[-115.41689,50.719924],[-115.415818,50.722156],[-115.41139,50.723247],[-115.411936,50.726135],[-115.410651,50.727294],[-115.410826,50.728306],[-115.41326,50.730658],[-115.413547,50.731853],[-115.412405,50.73361],[-115.414691,50.735718],[-115.416272,50.736313],[-115.419565,50.736626],[-115.425112,50.743343],[-115.436296,50.755737],[-115.444298,50.754327],[-115.447058,50.753224],[-115.450544,50.754755],[-115.452303,50.75636],[-115.453598,50.75576],[-115.45494,50.75578],[-115.457603,50.757232],[-115.458909,50.757192],[-115.460486,50.756873],[-115.46393,50.753632],[-115.466726,50.75259],[-115.470245,50.752002],[-115.471267,50.752945],[-115.474979,50.754842],[-115.477653,50.755588],[-115.481121,50.755188],[-115.484723,50.760698],[-115.484221,50.764761],[-115.482579,50.768049],[-115.4819,50.768569],[-115.494416,50.778841],[-115.49494,50.780023],[-115.500193,50.777246],[-115.500232,50.776708],[-115.496802,50.772654],[-115.49457,50.771527],[-115.494236,50.770866],[-115.493422,50.770559],[-115.49329,50.767635],[-115.494458,50.766129],[-115.496851,50.765387],[-115.498631,50.764249],[-115.501671,50.763704],[-115.502406,50.763274],[-115.502979,50.762193],[-115.504575,50.761071],[-115.504753,50.759067],[-115.506742,50.757114],[-115.508419,50.754303],[-115.510347,50.753428],[-115.513118,50.749677],[-115.51399,50.74896],[-115.515882,50.74831],[-115.518558,50.745772],[-115.520659,50.745628],[-115.522924,50.74437],[-115.525763,50.743785],[-115.530278,50.743986],[-115.531426,50.743093],[-115.533143,50.743041],[-115.533097,50.742744],[-115.534048,50.742648],[-115.534443,50.742267],[-115.536736,50.742835],[-115.536969,50.742217],[-115.538052,50.742411],[-115.538432,50.742047],[-115.540152,50.742365],[-115.540703,50.741959],[-115.541699,50.742312],[-115.542081,50.741904],[-115.542738,50.7422],[-115.543807,50.741952],[-115.546166,50.742225],[-115.54851,50.742047],[-115.550435,50.740767],[-115.55198,50.740768],[-115.551708,50.740378],[-115.552502,50.740388],[-115.552433,50.739874],[-115.554514,50.738534],[-115.555542,50.738303],[-115.557279,50.736661],[-115.562442,50.734639],[-115.563155,50.734107],[-115.56342,50.733283],[-115.565303,50.732203],[-115.56634,50.730661],[-115.566952,50.727657],[-115.567468,50.727351],[-115.570493,50.727072],[-115.57219,50.725796],[-115.572527,50.724163],[-115.573066,50.72358],[-115.572674,50.722477],[-115.574043,50.720617],[-115.578433,50.718592],[-115.580278,50.718158],[-115.583392,50.716145],[-115.585077,50.715749],[-115.585889,50.715085],[-115.587952,50.714822],[-115.592153,50.713147],[-115.594619,50.713104],[-115.598117,50.712166],[-115.599854,50.712034],[-115.599743,50.711107],[-115.603037,50.711065],[-115.605212,50.711757],[-115.607402,50.710955],[-115.610438,50.711791],[-115.611376,50.711236],[-115.613094,50.711518],[-115.615458,50.712535],[-115.618887,50.712001],[-115.621274,50.712263],[-115.621987,50.713089],[-115.623073,50.713246],[-115.625072,50.71506],[-115.628883,50.716021],[-115.631785,50.719518],[-115.634387,50.719197],[-115.635,50.720015],[-115.636259,50.72011],[-115.637418,50.721149],[-115.641664,50.721846],[-115.646808,50.725216],[-115.648036,50.725383],[-115.648849,50.72612],[-115.650443,50.7264],[-115.650986,50.728168],[-115.65179,50.728799],[-115.653113,50.728634],[-115.653937,50.73002],[-115.655739,50.730427],[-115.656998,50.731529],[-115.659118,50.731752],[-115.659886,50.733344],[-115.66211,50.733655],[-115.662875,50.734106],[-115.663413,50.735051],[-115.665068,50.736247],[-115.665562,50.73738],[-115.666629,50.738359],[-115.667542,50.740053],[-115.668006,50.740279],[-115.667712,50.739947],[-115.668003,50.738743],[-115.669298,50.737363],[-115.669698,50.735828],[-115.671425,50.734725],[-115.672913,50.734251],[-115.67555,50.734023],[-115.676743,50.733639],[-115.678169,50.731569],[-115.679469,50.731062],[-115.681872,50.729057],[-115.683125,50.728869],[-115.683912,50.728365],[-115.686265,50.726607],[-115.687192,50.725337],[-115.692978,50.723548],[-115.694938,50.72235],[-115.698132,50.721034],[-115.700901,50.71787],[-115.702508,50.717037],[-115.705099,50.716336],[-115.706417,50.715271],[-115.708907,50.714234],[-115.710208,50.71319],[-115.711788,50.712523],[-115.713129,50.710555],[-115.716135,50.709948],[-115.716719,50.709083],[-115.717453,50.708815],[-115.720764,50.708944],[-115.724374,50.709739],[-115.72516,50.709444],[-115.727229,50.706451],[-115.729512,50.706046],[-115.730381,50.704727],[-115.730348,50.70206],[-115.732455,50.700792],[-115.734642,50.700017],[-115.737737,50.697717],[-115.741828,50.696719],[-115.748159,50.697136],[-115.752018,50.695782],[-115.755798,50.69537],[-115.760421,50.695305],[-115.762456,50.693436],[-115.764959,50.692714],[-115.766104,50.691411],[-115.766725,50.689776],[-115.76812,50.688473],[-115.768993,50.688048],[-115.770129,50.688165],[-115.770984,50.687936],[-115.771235,50.686785],[-115.773378,50.685251],[-115.774661,50.683827],[-115.776198,50.684176],[-115.777725,50.683823],[-115.77891,50.681977],[-115.77852,50.680932],[-115.778788,50.680432],[-115.781872,50.679929],[-115.783177,50.67922],[-115.783778,50.678177],[-115.784765,50.677639],[-115.784568,50.67726],[-115.782955,50.676541],[-115.782695,50.674701],[-115.790646,50.674434],[-115.791131,50.67338],[-115.789203,50.671676],[-115.788695,50.670599],[-115.79015,50.668266],[-115.788564,50.666959],[-115.789264,50.665725],[-115.791876,50.66334],[-115.791149,50.661213],[-115.791339,50.660329],[-115.7919,50.659929],[-115.793933,50.659675],[-115.795041,50.658775],[-115.794956,50.656526],[-115.793216,50.655397],[-115.79331,50.654599],[-115.795351,50.653926],[-115.795799,50.653394],[-115.795527,50.651774],[-115.796128,50.650763],[-115.795512,50.645868],[-115.796396,50.639771],[-115.822058,50.639772],[-115.820706,50.639258],[-115.818534,50.63943],[-115.817114,50.639039],[-115.814632,50.63611],[-115.813087,50.632502],[-115.812029,50.631155],[-115.811913,50.628543],[-115.809212,50.626207],[-115.807561,50.623373],[-115.805671,50.621277],[-115.80333,50.62023],[-115.800863,50.621107],[-115.800312,50.620871],[-115.798816,50.618817],[-115.797962,50.617442],[-115.798357,50.616362],[-115.800452,50.615181],[-115.804114,50.61383],[-115.803073,50.611907],[-115.803497,50.610586],[-115.842911,50.61079],[-115.869362,50.596444],[-115.87646,50.595586],[-115.882538,50.59588],[-115.889649,50.596701],[-115.898681,50.601308],[-115.916125,50.589031],[-115.915334,50.583363],[-115.952845,50.562598],[-115.989124,50.547672],[-115.997707,50.548077],[-116.012069,50.548005],[-116.012557,50.541082],[-115.995326,50.541057],[-115.994645,50.514701],[-115.999078,50.515408],[-115.997085,50.512468],[-115.98863,50.495177],[-115.988082,50.491778],[-115.98915,50.484829],[-115.986644,50.490927],[-115.974426,50.492422],[-115.968223,50.49234],[-115.966108,50.492708],[-115.964877,50.492494],[-115.961042,50.487407],[-115.957438,50.485795],[-115.953066,50.482266],[-115.952298,50.481774],[-115.952036,50.482021],[-115.95056,50.481425],[-115.951341,50.481256],[-115.947047,50.47865],[-115.944629,50.473904],[-115.944787,50.471854],[-115.943942,50.470511],[-115.944055,50.469228],[-115.94602,50.467038],[-115.948011,50.46549],[-115.948679,50.463223],[-115.951515,50.461709]]]},"properties":{"id":"59010269","boundaryCode":"59010269","boundaryName":"DA 59010269","boundarySource":"census","boundaryLevel":"bcDaSimplified","boundaryDetail":"medium","DAUID":"59010269","DGUID":"2021S051259010269","PRUID":"59","CDUID":"5901","CDNAME":"East Kootenay","CDTYPE":"RD","CSDUID":"5901046","CSDNAME":"East Kootenay F","CSDTYPE":"RDA","CTUID":null,"CTNAME":null,"parentCdId":"5901","parentCdName":"East Kootenay","parentCsdId":"5901046","parentCsdName":"East Kootenay F","parentCtId":null,"parentCtName":null,"LANDAREA":3500.2562000000003,"areaKm2":3540.231357857024},"id":49984},{"type":"Feature","geometry":{"type":"Polygon","coordinates":[[[-116.027646,50.494181],[-116.028023,50.493495],[-116.027707,50.491699],[-116.022,50.487228],[-116.021156,50.485919],[-116.021427,50.484353],[-116.022805,50.482646],[-116.022553,50.481038],[-116.028782,50.480844],[-116.027273,50.477948],[-116.02812,50.475173],[-116.029175,50.471492],[-116.028834,50.464232],[-116.025214,50.461867],[-116.023053,50.461083],[-116.020971,50.459688],[-116.020804,50.454881],[-116.019855,50.453879],[-116.018394,50.45325],[-116.014116,50.452622],[-116.007361,50.449217],[-116.002762,50.448517],[-116.001872,50.447782],[-116.000367,50.44482],[-115.996559,50.442736],[-115.995248,50.440857],[-115.975885,50.437696],[-115.969414,50.438558],[-115.978518,50.443664],[-115.984323,50.444847],[-115.988152,50.447279],[-115.984145,50.451882],[-115.98393,50.453416],[-115.984257,50.454309],[-115.979319,50.454766],[-115.979341,50.456039],[-115.975172,50.457113],[-115.974784,50.458085],[-115.975082,50.458864],[-115.976218,50.459608],[-115.981974,50.456261],[-115.983765,50.455988],[-115.986734,50.458792],[-115.987344,50.460801],[-115.989243,50.464318],[-115.990993,50.463895],[-115.992261,50.46649],[-115.990547,50.466029],[-115.988722,50.466544],[-115.989014,50.467078],[-115.990507,50.467309],[-115.990962,50.467726],[-115.990733,50.468546],[-115.989424,50.4681],[-115.984421,50.468082],[-115.983312,50.468778],[-115.982754,50.470535],[-115.984088,50.47183],[-115.985189,50.473688],[-115.988786,50.482196],[-115.98915,50.484829],[-115.988082,50.491778],[-115.98863,50.495177],[-115.997085,50.512468],[-115.999078,50.515408],[-116.000366,50.516545],[-115.999976,50.515763],[-116.000516,50.515417],[-116.018083,50.515485],[-116.018646,50.516021],[-116.019655,50.516161],[-116.018874,50.514432],[-116.019629,50.509639],[-116.014814,50.49929],[-116.015657,50.491695],[-116.019648,50.49182],[-116.023239,50.495348],[-116.025564,50.496091],[-116.027646,50.494181]]]},"properties":{"id":"59010270","boundaryCode":"59010270","boundaryName":"DA 59010270","boundarySource":"census","boundaryLevel":"bcDaSimplified","boundaryDetail":"medium","DAUID":"59010270","DGUID":"2021S051259010270","PRUID":"59","CDUID":"5901","CDNAME":"East Kootenay","CDTYPE":"RD","CSDUID":"5901046","CSDNAME":"East Kootenay F","CSDTYPE":"RDA","CTUID":null,"CTNAME":null,"parentCdId":"5901","parentCdName":"East Kootenay","parentCsdId":"5901046","parentCsdName":"East Kootenay F","parentCtId":null,"parentCtName":null,"LANDAREA":9.0418,"areaKm2":18.80763735965831},"id":49985},{"type":"Feature","geometry":{"type":"Polygon","coordinates":[[[-117.902876,50.528237],[-117.901819,50.533198],[-117.909094,50.533063],[-117.926116,50.530623],[-117.952061,50.531954],[-117.977938,50.532852],[-117.979445,50.535468],[-117.979088,50.537569],[-117.979443,50.538741],[-117.984792,50.538534],[-117.988692,50.54137],[-117.994354,50.548107],[-118.000929,50.584365],[-118.007666,50.609075],[-118.005122,50.629698],[-118.006819,50.639058],[-118.011291,50.644476],[-118.01383,50.653127],[-118.039349,50.663291],[-118.05539,50.663518],[-118.068391,50.66655],[-118.071654,50.678205],[-118.069616,50.688399],[-118.076613,50.693261],[-118.101931,50.687762],[-118.123276,50.681234],[-118.128715,50.680938],[-118.137286,50.683435],[-118.145254,50.684166],[-118.168517,50.683383],[-118.181952,50.684761],[-118.193132,50.686769],[-118.207295,50.690288],[-118.213528,50.682564],[-118.214601,50.682118],[-118.213495,50.680015],[-118.210384,50.679167],[-118.203985,50.676715],[-118.199051,50.67422],[-118.19638,50.674673],[-118.19291,50.673303],[-118.184033,50.673075],[-118.178632,50.671732],[-118.174957,50.669397],[-118.172662,50.666896],[-118.170752,50.665456],[-118.176699,50.664743],[-118.182888,50.66305],[-118.188022,50.659496],[-118.19573,50.65734],[-118.201616,50.657372],[-118.206341,50.655392],[-118.205321,50.653412],[-118.20232,50.65089],[-118.199818,50.647425],[-118.199252,50.64477],[-118.201274,50.64004],[-118.19872,50.637832],[-118.197821,50.635526],[-118.195996,50.63421],[-118.192298,50.634],[-118.186338,50.635662],[-118.184119,50.635769],[-118.180775,50.635242],[-118.178121,50.623383],[-118.171369,50.617234],[-118.166204,50.615389],[-118.162709,50.611472],[-118.164173,50.609931],[-118.167649,50.607645],[-118.168291,50.606077],[-118.167389,50.605599],[-118.167056,50.599776],[-118.168261,50.594692],[-118.163566,50.590527],[-118.163337,50.589861],[-118.168245,50.586991],[-118.167901,50.584823],[-118.170677,50.583024],[-118.176094,50.581726],[-118.177758,50.580311],[-118.175548,50.574429],[-118.169894,50.570533],[-118.169539,50.569683],[-118.170728,50.568911],[-118.173327,50.564022],[-118.175319,50.56142],[-118.179954,50.560157],[-118.18011,50.559384],[-118.178775,50.557274],[-118.179679,50.553589],[-118.182523,50.550893],[-118.187863,50.549324],[-118.190014,50.54945],[-118.198446,50.552194],[-118.201132,50.552098],[-118.203895,50.551614],[-118.20418,50.549197],[-118.204876,50.54871],[-118.209441,50.548013],[-118.209947,50.54725],[-118.208707,50.545115],[-118.210008,50.543508],[-118.212091,50.542705],[-118.215319,50.538074],[-118.205766,50.533665],[-118.196627,50.526695],[-118.195182,50.52362],[-118.19777,50.522279],[-118.200148,50.520235],[-118.203618,50.519555],[-118.20489,50.518505],[-118.205032,50.517377],[-118.204559,50.515904],[-118.202091,50.51181],[-118.200971,50.511001],[-118.195655,50.508942],[-118.185617,50.50067],[-118.177545,50.499833],[-118.176084,50.493123],[-118.184478,50.484397],[-118.189444,50.48108],[-118.192178,50.474655],[-118.193566,50.474333],[-118.208285,50.479113],[-118.213824,50.478302],[-118.218114,50.476348],[-118.220649,50.471151],[-118.219616,50.46946],[-118.207698,50.464136],[-118.204318,50.46434],[-118.205138,50.462347],[-118.204617,50.459557],[-118.204491,50.45131],[-118.211177,50.442567],[-118.212065,50.439422],[-118.225011,50.434433],[-118.229844,50.433734],[-118.23662,50.434192],[-118.241621,50.435156],[-118.257635,50.435383],[-118.262828,50.434741],[-118.267601,50.436225],[-118.269759,50.436025],[-118.272581,50.434972],[-118.27013,50.43086],[-118.272964,50.4214],[-118.269931,50.415852],[-118.271454,50.411425],[-118.274806,50.40662],[-118.276991,50.401342],[-118.26307,50.398876],[-118.255852,50.398786],[-118.254683,50.398316],[-118.254762,50.397227],[-118.256515,50.395537],[-118.263818,50.395242],[-118.269961,50.393263],[-118.278179,50.392176],[-118.2821,50.392421],[-118.285818,50.387847],[-118.291687,50.386076],[-118.30139,50.379896],[-118.302227,50.376594],[-118.31076,50.371138],[-118.317409,50.361472],[-118.326909,50.352006],[-118.327744,50.348704],[-118.327665,50.344993],[-118.322664,50.341739],[-118.317679,50.340618],[-118.312602,50.337252],[-118.3083,50.336204],[-118.302681,50.337808],[-118.288208,50.337249],[-118.283095,50.338976],[-118.275473,50.339809],[-118.272416,50.339342],[-118.263736,50.33713],[-118.260122,50.33435],[-118.259503,50.332258],[-118.261622,50.330199],[-118.261431,50.32812],[-118.258982,50.326411],[-118.255266,50.325596],[-118.267193,50.318129],[-118.26947,50.313892],[-118.267901,50.309535],[-118.268877,50.305529],[-118.263442,50.30013],[-118.264474,50.297708],[-118.269307,50.294756],[-118.276077,50.278662],[-118.274302,50.2689],[-118.269421,50.259481],[-118.269172,50.257019],[-118.271405,50.253327],[-118.271077,50.251953],[-118.263586,50.248408],[-118.26355,50.246553],[-118.265665,50.244494],[-118.258184,50.226215],[-118.253398,50.222637],[-118.248486,50.221898],[-118.248395,50.21846],[-118.238731,50.210863],[-118.237233,50.206946],[-118.231989,50.207736],[-118.226543,50.208024],[-118.217644,50.209293],[-118.212925,50.209374],[-118.203849,50.204961],[-118.199716,50.201105],[-118.194774,50.197337],[-118.1907,50.190674],[-118.185998,50.187257],[-118.180293,50.185242],[-118.170881,50.182878],[-118.165455,50.179813],[-118.159013,50.178299],[-118.155546,50.176585],[-118.150361,50.173169],[-118.146584,50.170099],[-118.144346,50.167609],[-118.140274,50.161276],[-118.138264,50.156554],[-118.137471,50.152402],[-118.135641,50.147571],[-118.135358,50.143647],[-118.131613,50.138244],[-118.128021,50.135436],[-118.125606,50.134528],[-118.122358,50.132171],[-118.114911,50.130345],[-118.113948,50.12856],[-118.112431,50.12741],[-118.111071,50.126907],[-118.106078,50.126967],[-118.105454,50.122107],[-118.104285,50.118925],[-118.101408,50.113361],[-118.100041,50.111771],[-118.093462,50.107407],[-118.092269,50.106042],[-118.090112,50.099347],[-118.089678,50.095521],[-118.087464,50.093042],[-118.087132,50.091924],[-118.087965,50.089561],[-118.090063,50.088267],[-118.089436,50.085824],[-118.087039,50.081493],[-118.088662,50.075906],[-118.087497,50.072536],[-118.086645,50.071289],[-118.083029,50.068913],[-118.083564,50.068462],[-118.082999,50.065378],[-118.086036,50.057692],[-118.08736,50.052484],[-118.090016,50.04943],[-118.090752,50.047959],[-118.090961,50.04546],[-118.089964,50.043297],[-118.089374,50.037499],[-118.088198,50.034207],[-118.087179,50.028546],[-118.085979,50.026159],[-118.085644,50.023331],[-118.087783,50.015766],[-118.08684,50.008445],[-118.083752,50.006075],[-118.081893,50.003146],[-118.078278,50.000509],[-118.076804,49.997668],[-118.072119,49.995768],[-118.066212,49.992048],[-118.063912,49.990968],[-118.059631,49.987975],[-118.056751,49.984676],[-118.055728,49.984222],[-118.051949,49.983518],[-118.050895,49.983567],[-118.048044,49.982494],[-118.046831,49.981525],[-118.046544,49.980663],[-118.046819,49.979274],[-118.046283,49.978357],[-118.044272,49.976355],[-118.041448,49.97469],[-118.039383,49.972206],[-118.035657,49.971412],[-118.033909,49.97072],[-118.032824,49.968886],[-118.033151,49.968192],[-118.030255,49.967897],[-118.027908,49.968776],[-118.026773,49.969598],[-118.025325,49.969732],[-118.02479,49.96866],[-118.026732,49.964945],[-118.026741,49.96372],[-118.026274,49.963016],[-118.024088,49.962481],[-118.021082,49.964057],[-118.019616,49.964035],[-118.017324,49.962778],[-118.017134,49.962328],[-118.012093,49.96013],[-118.011502,49.950684],[-118.019277,49.938694],[-118.021678,49.936576],[-118.027064,49.932874],[-118.05448,49.915432],[-118.059844,49.911259],[-118.064431,49.903788],[-118.072068,49.892643],[-118.077073,49.886764],[-118.066257,49.882898],[-118.06395,49.882857],[-118.061018,49.883943],[-118.057381,49.887784],[-118.052752,49.903707],[-118.051476,49.904854],[-118.050457,49.906626],[-118.047948,49.907714],[-118.046364,49.908884],[-118.046038,49.910004],[-118.046424,49.911526],[-118.045956,49.912437],[-118.043506,49.914113],[-118.038987,49.914901],[-118.034375,49.918135],[-118.015811,49.926126],[-118.007498,49.931639],[-118.002167,49.936355],[-117.994248,49.946292],[-117.993959,49.947714],[-117.996051,49.949632],[-117.996463,49.950492],[-117.996241,49.951356],[-117.995137,49.952255],[-117.992164,49.953236],[-117.986255,49.953495],[-117.97172,49.958067],[-117.957711,49.958962],[-117.953726,49.960184],[-117.948217,49.959413],[-117.945717,49.959431],[-117.938789,49.961203],[-117.929564,49.962024],[-117.921494,49.963888],[-117.91135,49.964424],[-117.906851,49.965334],[-117.903853,49.966787],[-117.901775,49.968601],[-117.878151,49.99246],[-117.877491,49.994162],[-117.877635,49.995621],[-117.882128,50.005466],[-117.889052,50.014735],[-117.892526,50.022079],[-117.898452,50.027463],[-117.898987,50.028994],[-117.898886,50.039798],[-117.899413,50.041646],[-117.907418,50.060131],[-117.918369,50.08097],[-117.918971,50.083633],[-117.918998,50.086477],[-117.91763,50.097424],[-117.916602,50.098973],[-117.915362,50.099671],[-117.913579,50.100107],[-117.887884,50.102036],[-117.87389,50.101062],[-117.871549,50.101124],[-117.869744,50.101533],[-117.867089,50.102789],[-117.865463,50.103202],[-117.85979,50.102858],[-117.856454,50.102943],[-117.853063,50.103392],[-117.849051,50.104533],[-117.845931,50.105995],[-117.841676,50.108929],[-117.838311,50.110328],[-117.831605,50.113971],[-117.828006,50.116545],[-117.825914,50.119868],[-117.8245,50.121228],[-117.818713,50.125027],[-117.808254,50.130311],[-117.801305,50.136724],[-117.796216,50.143162],[-117.788219,50.153518],[-117.784306,50.160302],[-117.784187,50.161944],[-117.785062,50.166462],[-117.785657,50.173199],[-117.786836,50.176409],[-117.786904,50.178652],[-117.776432,50.20307],[-117.776696,50.206035],[-117.777962,50.208225],[-117.779981,50.210064],[-117.783521,50.212203],[-117.784828,50.213898],[-117.785017,50.215034],[-117.784497,50.217561],[-117.784056,50.217333],[-117.783755,50.214735],[-117.782488,50.215519],[-117.781865,50.219269],[-117.78054,50.219654],[-117.779351,50.218859],[-117.779004,50.218059],[-117.777054,50.216307],[-117.754942,50.216295],[-117.75366,50.218249],[-117.753616,50.218996],[-117.752218,50.220011],[-117.751238,50.220055],[-117.752509,50.22163],[-117.749215,50.219763],[-117.743265,50.217777],[-117.741563,50.216544],[-117.739666,50.216098],[-117.739215,50.216328],[-117.739134,50.225284],[-117.752891,50.234725],[-117.754956,50.23573],[-117.756395,50.235966],[-117.770873,50.236027],[-117.770769,50.235367],[-117.773248,50.234207],[-117.777177,50.230655],[-117.779353,50.229198],[-117.779549,50.231667],[-117.783135,50.231547],[-117.783145,50.232419],[-117.787956,50.232421],[-117.789368,50.228813],[-117.793355,50.228752],[-117.79396,50.229339],[-117.793837,50.229999],[-117.794853,50.232764],[-117.794343,50.233271],[-117.797421,50.235455],[-117.800735,50.236537],[-117.804678,50.236186],[-117.807792,50.23653],[-117.809925,50.237674],[-117.814196,50.23967],[-117.817339,50.243546],[-117.819149,50.244283],[-117.820927,50.244427],[-117.823356,50.245439],[-117.82563,50.247758],[-117.826495,50.249671],[-117.824849,50.25151],[-117.824647,50.252673],[-117.823532,50.254048],[-117.82106,50.255573],[-117.820782,50.257615],[-117.823118,50.261653],[-117.823441,50.263093],[-117.822947,50.265291],[-117.819599,50.266767],[-117.820949,50.269074],[-117.821002,50.271963],[-117.823275,50.280069],[-117.829015,50.288071],[-117.830545,50.289378],[-117.835593,50.29248],[-117.845034,50.297261],[-117.847715,50.300061],[-117.850282,50.302029],[-117.851904,50.302619],[-117.855455,50.302968],[-117.856458,50.303562],[-117.857537,50.307175],[-117.85747,50.30957],[-117.86025,50.312053],[-117.861326,50.314281],[-117.866541,50.320364],[-117.868377,50.323317],[-117.873139,50.329166],[-117.875495,50.33393],[-117.879755,50.33713],[-117.878944,50.339896],[-117.879273,50.342454],[-117.880278,50.34369],[-117.886231,50.348556],[-117.888448,50.352727],[-117.888768,50.355523],[-117.88783,50.357589],[-117.887396,50.361531],[-117.882419,50.374924],[-117.883714,50.37861],[-117.887006,50.382166],[-117.886587,50.38732],[-117.888312,50.391928],[-117.889678,50.394073],[-117.890745,50.397896],[-117.89136,50.40241],[-117.894221,50.40684],[-117.894576,50.409421],[-117.896108,50.412634],[-117.896822,50.415239],[-117.894882,50.425742],[-117.895515,50.42966],[-117.892723,50.433308],[-117.886053,50.439602],[-117.885493,50.44117],[-117.886009,50.442239],[-117.887944,50.444152],[-117.892667,50.446342],[-117.893874,50.446624],[-117.895212,50.446537],[-117.898228,50.44532],[-117.89978,50.44524],[-117.901176,50.445821],[-117.902328,50.447338],[-117.90415,50.448477],[-117.905698,50.450336],[-117.906784,50.454024],[-117.90969,50.458347],[-117.909935,50.461476],[-117.910814,50.463906],[-117.910591,50.470971],[-117.909313,50.476846],[-117.910005,50.480013],[-117.908883,50.48172],[-117.909526,50.483426],[-117.909121,50.48769],[-117.90713,50.489755],[-117.905679,50.493434],[-117.905746,50.496866],[-117.904078,50.501645],[-117.898114,50.508307],[-117.897008,50.51152],[-117.897389,50.517185],[-117.900529,50.522661],[-117.903077,50.52529],[-117.902876,50.528237]]]},"properties":{"id":"59030128","boundaryCode":"59030128","boundaryName":"DA 59030128","boundarySource":"census","boundaryLevel":"bcDaSimplified","boundaryDetail":"medium","DAUID":"59030128","DGUID":"2021S051259030128","PRUID":"59","CDUID":"5903","CDNAME":"Central Kootenay","CDTYPE":"RD","CSDUID":"5903060","CSDNAME":"Central Kootenay K","CSDTYPE":"RDA","CTUID":null,"CTNAME":null,"parentCdId":"5903","parentCdName":"Central Kootenay","parentCsdId":"5903060","parentCsdName":"Central Kootenay K","parentCtId":null,"parentCtName":null,"LANDAREA":1502.8945,"areaKm2":1699.0414523736592},"id":49986},{"type":"Feature","geometry":{"type":"Polygon","coordinates":[[[-117.809925,50.237674],[-117.808194,50.238951],[-117.806818,50.244121],[-117.800162,50.243383],[-117.799831,50.244602],[-117.800051,50.24677],[-117.802324,50.249003],[-117.801791,50.255045],[-117.801162,50.255396],[-117.80097,50.257546],[-117.799144,50.257666],[-117.797164,50.259052],[-117.793729,50.260136],[-117.791984,50.262148],[-117.790853,50.262792],[-117.791416,50.266546],[-117.801699,50.266104],[-117.808688,50.266126],[-117.817365,50.274616],[-117.819732,50.273481],[-117.812478,50.266605],[-117.819599,50.266767],[-117.822947,50.265291],[-117.823441,50.263093],[-117.823118,50.261653],[-117.820782,50.257615],[-117.82106,50.255573],[-117.823532,50.254048],[-117.824647,50.252673],[-117.824849,50.25151],[-117.826495,50.249671],[-117.82563,50.247758],[-117.823356,50.245439],[-117.820927,50.244427],[-117.819149,50.244283],[-117.817339,50.243546],[-117.814196,50.23967],[-117.809925,50.237674]]]},"properties":{"id":"59030129","boundaryCode":"59030129","boundaryName":"DA 59030129","boundarySource":"census","boundaryLevel":"bcDaSimplified","boundaryDetail":"medium","DAUID":"59030129","DGUID":"2021S051259030129","PRUID":"59","CDUID":"5903","CDNAME":"Central Kootenay","CDTYPE":"RD","CSDUID":"5903050","CSDNAME":"Nakusp","CSDTYPE":"VL","CTUID":null,"CTNAME":null,"parentCdId":"5903","parentCdName":"Central Kootenay","parentCsdId":"5903050","parentCsdName":"Nakusp","parentCtId":null,"parentCtName":null,"LANDAREA":4.460500000000001,"areaKm2":5.014757614278294},"id":49987},{"type":"Feature","geometry":{"type":"Polygon","coordinates":[[[-117.808194,50.238951],[-117.804323,50.238115],[-117.802923,50.238163],[-117.802434,50.240018],[-117.79845,50.23958],[-117.79757,50.243095],[-117.800162,50.243383],[-117.806818,50.244121],[-117.808194,50.238951]]]},"properties":{"id":"59030130","boundaryCode":"59030130","boundaryName":"DA 59030130","boundarySource":"census","boundaryLevel":"bcDaSimplified","boundaryDetail":"medium","DAUID":"59030130","DGUID":"2021S051259030130","PRUID":"59","CDUID":"5903","CDNAME":"Central Kootenay","CDTYPE":"RD","CSDUID":"5903050","CSDNAME":"Nakusp","CSDTYPE":"VL","CTUID":null,"CTNAME":null,"parentCdId":"5903","parentCdName":"Central Kootenay","parentCsdId":"5903050","parentCsdName":"Nakusp","parentCtId":null,"parentCtName":null,"LANDAREA":0.34940000000000004,"areaKm2":0.34901142546119934},"id":49988},{"type":"Feature","geometry":{"type":"Polygon","coordinates":[[[-117.770873,50.236027],[-117.771779,50.236027],[-117.769448,50.239823],[-117.770634,50.239712],[-117.768203,50.24327],[-117.768782,50.243248],[-117.769094,50.243859],[-117.772646,50.245305],[-117.776357,50.245529],[-117.776678,50.246421],[-117.778915,50.246483],[-117.778922,50.245348],[-117.783871,50.245466],[-117.783884,50.246361],[-117.790416,50.246559],[-117.790375,50.245013],[-117.792113,50.244739],[-117.793572,50.242877],[-117.795193,50.24492],[-117.800051,50.24677],[-117.799831,50.244602],[-117.800162,50.243383],[-117.79757,50.243095],[-117.79845,50.23958],[-117.802434,50.240018],[-117.802923,50.238163],[-117.804323,50.238115],[-117.808194,50.238951],[-117.809925,50.237674],[-117.807792,50.23653],[-117.804678,50.236186],[-117.800735,50.236537],[-117.797421,50.235455],[-117.794343,50.233271],[-117.794853,50.232764],[-117.793837,50.229999],[-117.79396,50.229339],[-117.793355,50.228752],[-117.789368,50.228813],[-117.787956,50.232421],[-117.783145,50.232419],[-117.783135,50.231547],[-117.779549,50.231667],[-117.779353,50.229198],[-117.777177,50.230655],[-117.773248,50.234207],[-117.770769,50.235367],[-117.770873,50.236027]]]},"properties":{"id":"59030131","boundaryCode":"59030131","boundaryName":"DA 59030131","boundarySource":"census","boundaryLevel":"bcDaSimplified","boundaryDetail":"medium","DAUID":"59030131","DGUID":"2021S051259030131","PRUID":"59","CDUID":"5903","CDNAME":"Central Kootenay","CDTYPE":"RD","CSDUID":"5903050","CSDNAME":"Nakusp","CSDTYPE":"VL","CTUID":null,"CTNAME":null,"parentCdId":"5903","parentCdName":"Central Kootenay","parentCsdId":"5903050","parentCsdName":"Nakusp","parentCtId":null,"parentCtName":null,"LANDAREA":2.9654000000000003,"areaKm2":3.284209922438833},"id":49989},{"type":"Feature","geometry":{"type":"Polygon","coordinates":[[[-117.819599,50.266767],[-117.812478,50.266605],[-117.819732,50.273481],[-117.817365,50.274616],[-117.808688,50.266126],[-117.801699,50.266104],[-117.791416,50.266546],[-117.790853,50.262792],[-117.791984,50.262148],[-117.793729,50.260136],[-117.797164,50.259052],[-117.799144,50.257666],[-117.80097,50.257546],[-117.801162,50.255396],[-117.801791,50.255045],[-117.802324,50.249003],[-117.800051,50.24677],[-117.795193,50.24492],[-117.793572,50.242877],[-117.792113,50.244739],[-117.790375,50.245013],[-117.790416,50.246559],[-117.783884,50.246361],[-117.783871,50.245466],[-117.778922,50.245348],[-117.778915,50.246483],[-117.776678,50.246421],[-117.776357,50.245529],[-117.772646,50.245305],[-117.769094,50.243859],[-117.768782,50.243248],[-117.768203,50.24327],[-117.770634,50.239712],[-117.769448,50.239823],[-117.771779,50.236027],[-117.770873,50.236027],[-117.756395,50.235966],[-117.754956,50.23573],[-117.752891,50.234725],[-117.739134,50.225284],[-117.739215,50.216328],[-117.739666,50.216098],[-117.741563,50.216544],[-117.743265,50.217777],[-117.749215,50.219763],[-117.752509,50.22163],[-117.751238,50.220055],[-117.752218,50.220011],[-117.753616,50.218996],[-117.75366,50.218249],[-117.754942,50.216295],[-117.777054,50.216307],[-117.779004,50.218059],[-117.779351,50.218859],[-117.78054,50.219654],[-117.781865,50.219269],[-117.782488,50.215519],[-117.783755,50.214735],[-117.784056,50.217333],[-117.784497,50.217561],[-117.785017,50.215034],[-117.784828,50.213898],[-117.783521,50.212203],[-117.779981,50.210064],[-117.777962,50.208225],[-117.776696,50.206035],[-117.776432,50.20307],[-117.786904,50.178652],[-117.786836,50.176409],[-117.785657,50.173199],[-117.785062,50.166462],[-117.784187,50.161944],[-117.784306,50.160302],[-117.788219,50.153518],[-117.796216,50.143162],[-117.792514,50.139186],[-117.789309,50.137339],[-117.787148,50.135345],[-117.784661,50.134116],[-117.781458,50.133175],[-117.779553,50.131564],[-117.773018,50.127868],[-117.771117,50.126339],[-117.767921,50.125624],[-117.756315,50.121047],[-117.748856,50.119604],[-117.743176,50.117578],[-117.741041,50.116194],[-117.738642,50.113525],[-117.733178,50.109909],[-117.72536,50.106271],[-117.717659,50.103169],[-117.715298,50.10269],[-117.712103,50.102578],[-117.70933,50.103755],[-117.693566,50.10353],[-117.691539,50.103242],[-117.689359,50.102308],[-117.68805,50.102105],[-117.688248,50.101163],[-117.689319,50.100837],[-117.68944,50.100537],[-117.684436,50.100826],[-117.681774,50.100216],[-117.679527,50.100053],[-117.675244,50.100734],[-117.669346,50.100751],[-117.66781,50.101205],[-117.661742,50.101106],[-117.653781,50.102062],[-117.652073,50.102646],[-117.649384,50.102866],[-117.648643,50.103446],[-117.649319,50.104398],[-117.650547,50.104679],[-117.658551,50.105187],[-117.661883,50.105822],[-117.665858,50.107335],[-117.67103,50.107952],[-117.676242,50.109674],[-117.686333,50.110087],[-117.688707,50.111253],[-117.690855,50.112873],[-117.692276,50.113189],[-117.696421,50.113324],[-117.705308,50.115412],[-117.707923,50.116577],[-117.711377,50.118902],[-117.711891,50.120276],[-117.710757,50.121269],[-117.709861,50.121585],[-117.689538,50.122773],[-117.684547,50.123797],[-117.679553,50.125282],[-117.676151,50.126748],[-117.670371,50.128627],[-117.669108,50.129535],[-117.668263,50.131324],[-117.668251,50.134622],[-117.669799,50.13653],[-117.673837,50.140959],[-117.678646,50.140969],[-117.679405,50.15541],[-117.67773,50.168707],[-117.680462,50.168534],[-117.679883,50.171708],[-117.67485,50.171439],[-117.66779,50.171547],[-117.660198,50.181048],[-117.643355,50.184318],[-117.647442,50.187989],[-117.647372,50.188938],[-117.648375,50.19069],[-117.648092,50.196012],[-117.650564,50.206511],[-117.663387,50.21092],[-117.664942,50.2151],[-117.664679,50.2229],[-117.668424,50.229459],[-117.671432,50.235832],[-117.667957,50.240447],[-117.638377,50.258609],[-117.624764,50.257069],[-117.61548,50.256494],[-117.603091,50.254021],[-117.591255,50.255139],[-117.586548,50.256918],[-117.58211,50.257029],[-117.581338,50.263045],[-117.577465,50.266412],[-117.568307,50.268242],[-117.567116,50.272239],[-117.56517,50.274906],[-117.562373,50.276099],[-117.559528,50.276623],[-117.556677,50.276338],[-117.555837,50.281262],[-117.551463,50.283485],[-117.548554,50.284111],[-117.543315,50.28384],[-117.541592,50.287043],[-117.538644,50.289214],[-117.535452,50.289231],[-117.53363,50.287508],[-117.533576,50.284447],[-117.52276,50.284237],[-117.521817,50.282829],[-117.518143,50.280929],[-117.514937,50.280522],[-117.505682,50.281251],[-117.503555,50.277476],[-117.506359,50.271326],[-117.50507,50.268603],[-117.500867,50.266505],[-117.500335,50.265113],[-117.485027,50.265357],[-117.478081,50.267544],[-117.466715,50.276936],[-117.464291,50.282534],[-117.465257,50.284399],[-117.464477,50.289464],[-117.456709,50.29464],[-117.456356,50.296524],[-117.458469,50.299524],[-117.461517,50.301119],[-117.45784,50.303821],[-117.454732,50.307986],[-117.454461,50.315637],[-117.456388,50.319965],[-117.457442,50.320955],[-117.454469,50.331171],[-117.448728,50.341841],[-117.442779,50.347968],[-117.433926,50.35173],[-117.427968,50.353216],[-117.416061,50.354394],[-117.403628,50.354178],[-117.399905,50.353832],[-117.397675,50.354255],[-117.39438,50.355914],[-117.381388,50.356407],[-117.374766,50.359477],[-117.375409,50.362454],[-117.375549,50.366079],[-117.374501,50.368917],[-117.375127,50.369259],[-117.376588,50.372865],[-117.37441,50.37601],[-117.374611,50.380129],[-117.36928,50.382338],[-117.366058,50.388533],[-117.360218,50.391986],[-117.360371,50.393222],[-117.358965,50.396328],[-117.361491,50.399732],[-117.363115,50.405595],[-117.364913,50.406896],[-117.374425,50.407554],[-117.377179,50.408084],[-117.379653,50.411205],[-117.395867,50.419331],[-117.403013,50.419436],[-117.40628,50.420935],[-117.412617,50.424839],[-117.414568,50.425162],[-117.415971,50.422049],[-117.420186,50.421158],[-117.429308,50.421619],[-117.431159,50.422394],[-117.436144,50.422658],[-117.438205,50.423547],[-117.444125,50.423812],[-117.445332,50.424421],[-117.454154,50.425431],[-117.462483,50.428706],[-117.466362,50.431316],[-117.46702,50.434504],[-117.472613,50.436478],[-117.474873,50.436459],[-117.479476,50.440151],[-117.487723,50.445495],[-117.489071,50.448112],[-117.49557,50.450436],[-117.499754,50.457151],[-117.504799,50.459879],[-117.510911,50.461201],[-117.514214,50.463978],[-117.517016,50.468154],[-117.521496,50.470668],[-117.523343,50.473151],[-117.527997,50.47579],[-117.537026,50.480108],[-117.546014,50.483288],[-117.550237,50.484205],[-117.545496,50.489748],[-117.549434,50.496948],[-117.55577,50.499932],[-117.558818,50.502319],[-117.564286,50.502667],[-117.570994,50.504859],[-117.573482,50.502915],[-117.576859,50.502568],[-117.582022,50.502998],[-117.585289,50.504233],[-117.587034,50.507894],[-117.590171,50.510142],[-117.592875,50.513887],[-117.596166,50.516092],[-117.597737,50.519227],[-117.605454,50.523443],[-117.608101,50.531917],[-117.612008,50.537174],[-117.615874,50.543706],[-117.622286,50.544772],[-117.637707,50.548607],[-117.641679,50.5443],[-117.644798,50.541951],[-117.645476,50.539464],[-117.644586,50.537061],[-117.64474,50.535408],[-117.648752,50.532239],[-117.656103,50.534828],[-117.662098,50.533532],[-117.671123,50.532441],[-117.673784,50.533437],[-117.676478,50.53822],[-117.682869,50.539116],[-117.687295,50.538708],[-117.689237,50.539441],[-117.691662,50.541423],[-117.694268,50.545138],[-117.70326,50.547735],[-117.723372,50.549123],[-117.730223,50.549889],[-117.734065,50.551021],[-117.740686,50.554382],[-117.746862,50.555218],[-117.753404,50.554457],[-117.758286,50.553115],[-117.762947,50.550913],[-117.793221,50.550586],[-117.800128,50.54903],[-117.805116,50.54731],[-117.818375,50.541007],[-117.849903,50.542394],[-117.856994,50.527865],[-117.902876,50.528237],[-117.903077,50.52529],[-117.900529,50.522661],[-117.897389,50.517185],[-117.897008,50.51152],[-117.898114,50.508307],[-117.904078,50.501645],[-117.905746,50.496866],[-117.905679,50.493434],[-117.90713,50.489755],[-117.909121,50.48769],[-117.909526,50.483426],[-117.908883,50.48172],[-117.910005,50.480013],[-117.909313,50.476846],[-117.910591,50.470971],[-117.910814,50.463906],[-117.909935,50.461476],[-117.90969,50.458347],[-117.906784,50.454024],[-117.905698,50.450336],[-117.90415,50.448477],[-117.902328,50.447338],[-117.901176,50.445821],[-117.89978,50.44524],[-117.898228,50.44532],[-117.895212,50.446537],[-117.893874,50.446624],[-117.892667,50.446342],[-117.887944,50.444152],[-117.886009,50.442239],[-117.885493,50.44117],[-117.886053,50.439602],[-117.892723,50.433308],[-117.895515,50.42966],[-117.894882,50.425742],[-117.896822,50.415239],[-117.896108,50.412634],[-117.894576,50.409421],[-117.894221,50.40684],[-117.89136,50.40241],[-117.890745,50.397896],[-117.889678,50.394073],[-117.888312,50.391928],[-117.886587,50.38732],[-117.887006,50.382166],[-117.883714,50.37861],[-117.882419,50.374924],[-117.887396,50.361531],[-117.88783,50.357589],[-117.888768,50.355523],[-117.888448,50.352727],[-117.886231,50.348556],[-117.880278,50.34369],[-117.879273,50.342454],[-117.878944,50.339896],[-117.879755,50.33713],[-117.875495,50.33393],[-117.873139,50.329166],[-117.868377,50.323317],[-117.866541,50.320364],[-117.861326,50.314281],[-117.86025,50.312053],[-117.85747,50.30957],[-117.857537,50.307175],[-117.856458,50.303562],[-117.855455,50.302968],[-117.851904,50.302619],[-117.850282,50.302029],[-117.847715,50.300061],[-117.845034,50.297261],[-117.835593,50.29248],[-117.830545,50.289378],[-117.829015,50.288071],[-117.823275,50.280069],[-117.821002,50.271963],[-117.820949,50.269074],[-117.819599,50.266767]],[[-117.693492,50.297318],[-117.691797,50.298095],[-117.686284,50.298325],[-117.686215,50.298987],[-117.682866,50.299052],[-117.682609,50.296516],[-117.683736,50.296503],[-117.687489,50.294965],[-117.689879,50.29549],[-117.690847,50.295434],[-117.692078,50.294719],[-117.694302,50.295208],[-117.694858,50.29668],[-117.693492,50.297318]]]},"properties":{"id":"59030132","boundaryCode":"59030132","boundaryName":"DA 59030132","boundarySource":"census","boundaryLevel":"bcDaSimplified","boundaryDetail":"medium","DAUID":"59030132","DGUID":"2021S051259030132","PRUID":"59","CDUID":"5903","CDNAME":"Central Kootenay","CDTYPE":"RD","CSDUID":"5903060","CSDNAME":"Central Kootenay K","CSDTYPE":"RDA","CTUID":null,"CTNAME":null,"parentCdId":"5903","parentCdName":"Central Kootenay","parentCsdId":"5903060","parentCsdName":"Central Kootenay K","parentCtId":null,"parentCtName":null,"LANDAREA":1030.33,"areaKm2":1034.1653853690743},"id":49990},{"type":"Feature","geometry":{"type":"Polygon","coordinates":[[[-117.693492,50.297318],[-117.694858,50.29668],[-117.694302,50.295208],[-117.692078,50.294719],[-117.690847,50.295434],[-117.689879,50.29549],[-117.687489,50.294965],[-117.683736,50.296503],[-117.682609,50.296516],[-117.682866,50.299052],[-117.686215,50.298987],[-117.686284,50.298325],[-117.691797,50.298095],[-117.693492,50.297318]]]},"properties":{"id":"59030133","boundaryCode":"59030133","boundaryName":"DA 59030133","boundarySource":"census","boundaryLevel":"bcDaSimplified","boundaryDetail":"medium","DAUID":"59030133","DGUID":"2021S051259030133","PRUID":"59","CDUID":"5903","CDNAME":"Central Kootenay","CDTYPE":"RD","CSDUID":"5903050","CSDNAME":"Nakusp","CSDTYPE":"VL","CTUID":null,"CTNAME":null,"parentCdId":"5903","parentCdName":"Central Kootenay","parentCsdId":"5903050","parentCsdName":"Nakusp","parentCtId":null,"parentCtName":null,"LANDAREA":0.26230000000000003,"areaKm2":0.2666105131624397},"id":49991},{"type":"Feature","geometry":{"type":"Polygon","coordinates":[[[-117.669799,50.13653],[-117.665764,50.136783],[-117.65423,50.135121],[-117.647911,50.126735],[-117.636071,50.122507],[-117.599532,50.113971],[-117.596759,50.112193],[-117.594026,50.111932],[-117.591777,50.111123],[-117.590104,50.10952],[-117.589834,50.108928],[-117.591722,50.105844],[-117.592717,50.105295],[-117.593525,50.103985],[-117.59501,50.103589],[-117.596282,50.101329],[-117.603076,50.100546],[-117.607216,50.098983],[-117.607915,50.098285],[-117.607954,50.097283],[-117.607188,50.096247],[-117.60789,50.09372],[-117.609819,50.091182],[-117.612453,50.090276],[-117.614635,50.090053],[-117.612258,50.084517],[-117.612816,50.083037],[-117.615874,50.081033],[-117.61825,50.080137],[-117.620852,50.079386],[-117.623256,50.079114],[-117.624415,50.078526],[-117.624445,50.077323],[-117.622392,50.070614],[-117.620951,50.068607],[-117.617774,50.066718],[-117.613848,50.065265],[-117.614294,50.064254],[-117.612588,50.059451],[-117.6116,50.058036],[-117.611371,50.05639],[-117.612059,50.055649],[-117.601012,50.051512],[-117.597217,50.046884],[-117.595617,50.045722],[-117.590074,50.043869],[-117.58711,50.044461],[-117.582871,50.043807],[-117.582154,50.043203],[-117.584411,50.04034],[-117.584358,50.035927],[-117.585677,50.034466],[-117.583365,50.033543],[-117.580879,50.033047],[-117.579132,50.031104],[-117.576355,50.029971],[-117.574652,50.02829],[-117.572688,50.027103],[-117.572752,50.02582],[-117.569804,50.018517],[-117.569464,50.010812],[-117.570167,50.009606],[-117.577176,50.00973],[-117.578897,50.00799],[-117.580522,50.006992],[-117.580143,50.000414],[-117.583314,49.998104],[-117.587516,49.991145],[-117.587312,49.988376],[-117.583026,49.983489],[-117.583335,49.981886],[-117.582379,49.978376],[-117.583351,49.974524],[-117.584478,49.973664],[-117.586496,49.970998],[-117.591342,49.96915],[-117.591965,49.968514],[-117.590678,49.964506],[-117.588875,49.96159],[-117.587158,49.960672],[-117.587765,49.959914],[-117.58886,49.9594],[-117.599509,49.956659],[-117.602037,49.956337],[-117.604214,49.955586],[-117.605514,49.954593],[-117.608695,49.953585],[-117.619278,49.952712],[-117.621341,49.953361],[-117.625235,49.952343],[-117.625636,49.950587],[-117.627832,49.948882],[-117.631634,49.947236],[-117.631405,49.945908],[-117.629191,49.943949],[-117.629284,49.942025],[-117.631361,49.939847],[-117.632096,49.937514],[-117.634023,49.934028],[-117.633603,49.933023],[-117.600531,49.935077],[-117.597972,49.935452],[-117.594904,49.934953],[-117.590655,49.932762],[-117.588892,49.932198],[-117.586797,49.93203],[-117.577812,49.932747],[-117.570316,49.932474],[-117.565046,49.931005],[-117.563108,49.930961],[-117.561416,49.930332],[-117.56047,49.930453],[-117.558334,49.930112],[-117.556961,49.929472],[-117.555387,49.929595],[-117.55241,49.928611],[-117.549996,49.928299],[-117.549343,49.928581],[-117.544479,49.927255],[-117.542448,49.927498],[-117.540816,49.927245],[-117.539856,49.927394],[-117.537802,49.926783],[-117.536797,49.926787],[-117.53517,49.925779],[-117.532467,49.925754],[-117.531084,49.925311],[-117.528456,49.925881],[-117.526767,49.925475],[-117.524947,49.925951],[-117.524144,49.925101],[-117.521114,49.924511],[-117.520462,49.924747],[-117.518661,49.924539],[-117.512382,49.924964],[-117.511669,49.924688],[-117.510585,49.924846],[-117.509523,49.924473],[-117.503869,49.924713],[-117.500104,49.924451],[-117.49906,49.924689],[-117.496313,49.924332],[-117.49504,49.925084],[-117.487742,49.925421],[-117.486179,49.924987],[-117.482482,49.924633],[-117.477794,49.925264],[-117.476368,49.92483],[-117.475088,49.924951],[-117.474137,49.924641],[-117.472606,49.924746],[-117.471307,49.924473],[-117.470474,49.924746],[-117.467671,49.924443],[-117.467243,49.924903],[-117.464235,49.924978],[-117.459724,49.923862],[-117.459058,49.924089],[-117.458289,49.923815],[-117.45719,49.924025],[-117.454761,49.92354],[-117.453205,49.923951],[-117.450846,49.923357],[-117.44208,49.923221],[-117.440447,49.922813],[-117.439612,49.922897],[-117.436984,49.921828],[-117.434615,49.921791],[-117.432725,49.922284],[-117.430996,49.922138],[-117.429953,49.922393],[-117.428122,49.921554],[-117.427218,49.921846],[-117.418747,49.921805],[-117.417082,49.922405],[-117.411259,49.922551],[-117.41072,49.922922],[-117.408826,49.923054],[-117.40816,49.923407],[-117.400943,49.922794],[-117.38918,49.938866],[-117.379292,49.958861],[-117.364122,49.957335],[-117.361567,49.958866],[-117.359735,49.958021],[-117.35685,49.957446],[-117.356506,49.956305],[-117.353019,49.95478],[-117.353126,49.954133],[-117.354552,49.954202],[-117.354934,49.953831],[-117.351277,49.953514],[-117.340739,49.949779],[-117.338961,49.949548],[-117.335582,49.949868],[-117.333107,49.949522],[-117.33062,49.948491],[-117.326185,49.945996],[-117.322987,49.944849],[-117.31785,49.943921],[-117.311812,49.943669],[-117.309692,49.943322],[-117.306495,49.942174],[-117.302949,49.94137],[-117.294,49.940206],[-117.288759,49.938266],[-117.284379,49.935457],[-117.281901,49.93443],[-117.27872,49.933631],[-117.270596,49.932478],[-117.263479,49.931005],[-117.253724,49.930139],[-117.250469,49.929247],[-117.246115,49.92747],[-117.23502,49.920909],[-117.236075,49.919515],[-117.234681,49.91922],[-117.233055,49.91729],[-117.232107,49.917148],[-117.23131,49.916322],[-117.229634,49.915695],[-117.228563,49.915788],[-117.224036,49.912747],[-117.222334,49.912139],[-117.221344,49.912115],[-117.219559,49.911146],[-117.218124,49.911005],[-117.214812,49.909087],[-117.214532,49.908359],[-117.214818,49.907251],[-117.213675,49.906535],[-117.210913,49.902726],[-117.209125,49.901416],[-117.208739,49.898817],[-117.209905,49.895164],[-117.209774,49.893751],[-117.210498,49.893616],[-117.211004,49.891555],[-117.212073,49.89086],[-117.211833,49.890024],[-117.212847,49.889339],[-117.215226,49.886204],[-117.216198,49.885267],[-117.217407,49.884851],[-117.218626,49.883616],[-117.219916,49.883002],[-117.219747,49.882193],[-117.220955,49.881453],[-117.221769,49.87995],[-117.221846,49.878835],[-117.222762,49.878266],[-117.223673,49.876636],[-117.225653,49.875682],[-117.226985,49.87446],[-117.227222,49.87358],[-117.22811,49.873128],[-117.229065,49.871481],[-117.230382,49.870633],[-117.231777,49.868337],[-117.23148,49.867348],[-117.232019,49.866816],[-117.231566,49.865136],[-117.231867,49.864082],[-117.233031,49.862965],[-117.232149,49.862148],[-117.23305,49.860904],[-117.232666,49.859512],[-117.234609,49.8585],[-117.234953,49.857763],[-117.234726,49.8568],[-117.23372,49.856109],[-117.233673,49.854689],[-117.235018,49.854147],[-117.235114,49.853607],[-117.23578,49.853291],[-117.235777,49.852463],[-117.234982,49.851943],[-117.233786,49.85199],[-117.233206,49.850525],[-117.232932,49.850885],[-117.232398,49.850032],[-117.231731,49.85006],[-117.227321,49.845191],[-117.211682,49.859135],[-117.205175,49.858283],[-117.198777,49.860973],[-117.195997,49.861044],[-117.195195,49.861934],[-117.188288,49.865056],[-117.185736,49.868313],[-117.180554,49.870907],[-117.182798,49.873583],[-117.185756,49.875642],[-117.187528,49.879921],[-117.186249,49.883425],[-117.183879,49.885242],[-117.182944,49.888569],[-117.178937,49.892575],[-117.174299,49.89576],[-117.175706,49.899675],[-117.181522,49.908711],[-117.174212,49.912592],[-117.174876,49.921762],[-117.168452,49.925341],[-117.159302,49.92534],[-117.13095,49.931662],[-117.13633,49.940078],[-117.129093,49.947914],[-117.132367,49.968267],[-117.143982,49.982461],[-117.164396,49.987561],[-117.183258,49.993082],[-117.178909,49.99952],[-117.185581,50.002844],[-117.186904,50.004895],[-117.188236,50.015678],[-117.188187,50.020206],[-117.189667,50.025025],[-117.197239,50.0305],[-117.200741,50.031808],[-117.204234,50.034243],[-117.204816,50.035858],[-117.204602,50.036698],[-117.20119,50.040085],[-117.205305,50.041629],[-117.206944,50.042912],[-117.208815,50.04637],[-117.211204,50.048784],[-117.211767,50.053134],[-117.213289,50.057193],[-117.213485,50.058853],[-117.213006,50.060839],[-117.209898,50.064559],[-117.206534,50.074834],[-117.190652,50.082772],[-117.19366,50.08901],[-117.173604,50.094251],[-117.168425,50.111179],[-117.164547,50.122154],[-117.16682,50.128451],[-117.20849,50.134436],[-117.227638,50.135506],[-117.232428,50.135525],[-117.236828,50.139663],[-117.22739,50.143993],[-117.226476,50.155378],[-117.209957,50.173056],[-117.201161,50.186471],[-117.219005,50.195199],[-117.24584,50.195269],[-117.275129,50.208879],[-117.265292,50.218934],[-117.259894,50.23768],[-117.235138,50.235608],[-117.226132,50.24088],[-117.221255,50.25336],[-117.240688,50.256193],[-117.23375,50.267638],[-117.235826,50.294542],[-117.256852,50.292203],[-117.279396,50.290406],[-117.290099,50.280294],[-117.303564,50.279914],[-117.311293,50.277293],[-117.317289,50.265759],[-117.339154,50.259345],[-117.34853,50.261482],[-117.362309,50.265509],[-117.368288,50.278213],[-117.368069,50.287069],[-117.362328,50.321086],[-117.360993,50.32567],[-117.393176,50.343119],[-117.399905,50.353832],[-117.403628,50.354178],[-117.416061,50.354394],[-117.427968,50.353216],[-117.433926,50.35173],[-117.442779,50.347968],[-117.448728,50.341841],[-117.454469,50.331171],[-117.457442,50.320955],[-117.456388,50.319965],[-117.454461,50.315637],[-117.454732,50.307986],[-117.45784,50.303821],[-117.461517,50.301119],[-117.458469,50.299524],[-117.456356,50.296524],[-117.456709,50.29464],[-117.464477,50.289464],[-117.465257,50.284399],[-117.464291,50.282534],[-117.466715,50.276936],[-117.478081,50.267544],[-117.485027,50.265357],[-117.500335,50.265113],[-117.500867,50.266505],[-117.50507,50.268603],[-117.506359,50.271326],[-117.503555,50.277476],[-117.505682,50.281251],[-117.514937,50.280522],[-117.518143,50.280929],[-117.521817,50.282829],[-117.52276,50.284237],[-117.533576,50.284447],[-117.53363,50.287508],[-117.535452,50.289231],[-117.538644,50.289214],[-117.541592,50.287043],[-117.543315,50.28384],[-117.548554,50.284111],[-117.551463,50.283485],[-117.555837,50.281262],[-117.556677,50.276338],[-117.559528,50.276623],[-117.562373,50.276099],[-117.56517,50.274906],[-117.567116,50.272239],[-117.568307,50.268242],[-117.577465,50.266412],[-117.581338,50.263045],[-117.58211,50.257029],[-117.586548,50.256918],[-117.591255,50.255139],[-117.603091,50.254021],[-117.61548,50.256494],[-117.624764,50.257069],[-117.638377,50.258609],[-117.667957,50.240447],[-117.671432,50.235832],[-117.668424,50.229459],[-117.664679,50.2229],[-117.664942,50.2151],[-117.663387,50.21092],[-117.650564,50.206511],[-117.648092,50.196012],[-117.648375,50.19069],[-117.647372,50.188938],[-117.647442,50.187989],[-117.643355,50.184318],[-117.660198,50.181048],[-117.66779,50.171547],[-117.67485,50.171439],[-117.679883,50.171708],[-117.680462,50.168534],[-117.67773,50.168707],[-117.679405,50.15541],[-117.678646,50.140969],[-117.673837,50.140959],[-117.669799,50.13653]],[[-117.382056,49.980908],[-117.385842,49.984948],[-117.386849,49.990433],[-117.383322,49.994683],[-117.380339,49.997177],[-117.376962,49.998565],[-117.373049,49.996069],[-117.371297,49.996526],[-117.367496,49.996303],[-117.367483,49.996852],[-117.366991,49.996822],[-117.367758,49.991416],[-117.361367,49.990897],[-117.362306,49.990375],[-117.365197,49.989995],[-117.366884,49.989475],[-117.370651,49.989409],[-117.372274,49.989031],[-117.372432,49.985114],[-117.370654,49.982903],[-117.370757,49.980387],[-117.374173,49.980181],[-117.382056,49.980908]]]},"properties":{"id":"59030134","boundaryCode":"59030134","boundaryName":"DA 59030134","boundarySource":"census","boundaryLevel":"bcDaSimplified","boundaryDetail":"medium","DAUID":"59030134","DGUID":"2021S051259030134","PRUID":"59","CDUID":"5903","CDNAME":"Central Kootenay","CDTYPE":"RD","CSDUID":"5903052","CSDNAME":"Central Kootenay H","CSDTYPE":"RDA","CTUID":null,"CTNAME":null,"parentCdId":"5903","parentCdName":"Central Kootenay","parentCsdId":"5903052","parentCsdName":"Central Kootenay H","parentCtId":null,"parentCtName":null,"LANDAREA":1191.973,"areaKm2":1231.2180920367275},"id":49992},{"type":"Feature","geometry":{"type":"Polygon","coordinates":[[[-117.382056,49.980908],[-117.374173,49.980181],[-117.370757,49.980387],[-117.370654,49.982903],[-117.372432,49.985114],[-117.372274,49.989031],[-117.370651,49.989409],[-117.366884,49.989475],[-117.365197,49.989995],[-117.362306,49.990375],[-117.361367,49.990897],[-117.367758,49.991416],[-117.366991,49.996822],[-117.367483,49.996852],[-117.367496,49.996303],[-117.371297,49.996526],[-117.373049,49.996069],[-117.376962,49.998565],[-117.380339,49.997177],[-117.383322,49.994683],[-117.386849,49.990433],[-117.385842,49.984948],[-117.382056,49.980908]]]},"properties":{"id":"59030135","boundaryCode":"59030135","boundaryName":"DA 59030135","boundarySource":"census","boundaryLevel":"bcDaSimplified","boundaryDetail":"medium","DAUID":"59030135","DGUID":"2021S051259030135","PRUID":"59","CDUID":"5903","CDNAME":"Central Kootenay","CDTYPE":"RD","CSDUID":"5903032","CSDNAME":"New Denver","CSDTYPE":"VL","CTUID":null,"CTNAME":null,"parentCdId":"5903","parentCdName":"Central Kootenay","parentCsdId":"5903032","parentCsdName":"New Denver","parentCtId":null,"parentCtName":null,"LANDAREA":0.8702000000000001,"areaKm2":2.0367590675734144},"id":49993},{"type":"Feature","geometry":{"type":"Polygon","coordinates":[[[-117.364122,49.957335],[-117.366486,49.953953],[-117.366779,49.951133],[-117.36569,49.949037],[-117.363772,49.947146],[-117.363363,49.946836],[-117.357519,49.94907],[-117.356858,49.949076],[-117.356124,49.949692],[-117.356124,49.950156],[-117.355513,49.950239],[-117.355419,49.951204],[-117.353804,49.952304],[-117.354779,49.952713],[-117.354584,49.953],[-117.355524,49.9532],[-117.354934,49.953831],[-117.354552,49.954202],[-117.353126,49.954133],[-117.353019,49.95478],[-117.356506,49.956305],[-117.35685,49.957446],[-117.359735,49.958021],[-117.361567,49.958866],[-117.364122,49.957335]]]},"properties":{"id":"59030136","boundaryCode":"59030136","boundaryName":"DA 59030136","boundarySource":"census","boundaryLevel":"bcDaSimplified","boundaryDetail":"medium","DAUID":"59030136","DGUID":"2021S051259030136","PRUID":"59","CDUID":"5903","CDNAME":"Central Kootenay","CDTYPE":"RD","CSDUID":"5903027","CSDNAME":"Silverton","CSDTYPE":"VL","CTUID":null,"CTNAME":null,"parentCdId":"5903","parentCdName":"Central Kootenay","parentCsdId":"5903027","parentCsdName":"Silverton","parentCtId":null,"parentCtName":null,"LANDAREA":0.3541,"areaKm2":0.8348428455019855},"id":49994},{"type":"Feature","geometry":{"type":"Polygon","coordinates":[[[-117.354934,49.953831],[-117.355524,49.9532],[-117.354584,49.953],[-117.354779,49.952713],[-117.353804,49.952304],[-117.355419,49.951204],[-117.355513,49.950239],[-117.356124,49.950156],[-117.356124,49.949692],[-117.355813,49.945833],[-117.356796,49.944393],[-117.358865,49.942544],[-117.36385,49.939208],[-117.365874,49.938263],[-117.366945,49.936785],[-117.370368,49.93426],[-117.372008,49.931681],[-117.375324,49.925826],[-117.375483,49.921756],[-117.377767,49.919171],[-117.37924,49.916579],[-117.379075,49.915288],[-117.379702,49.913992],[-117.379213,49.912305],[-117.380051,49.910437],[-117.380048,49.907579],[-117.385835,49.902008],[-117.386591,49.900744],[-117.386553,49.899795],[-117.384874,49.897737],[-117.379931,49.896953],[-117.378667,49.896181],[-117.377955,49.894816],[-117.378156,49.893437],[-117.379234,49.891888],[-117.381408,49.889848],[-117.383767,49.888577],[-117.395856,49.87992],[-117.406213,49.869334],[-117.40795,49.864841],[-117.407897,49.863954],[-117.404628,49.860993],[-117.401967,49.859841],[-117.400438,49.858415],[-117.401565,49.858344],[-117.402681,49.859],[-117.406398,49.859904],[-117.412008,49.862866],[-117.413284,49.862758],[-117.416879,49.860863],[-117.419608,49.857993],[-117.420999,49.854321],[-117.426213,49.846873],[-117.431299,49.843441],[-117.435954,49.837466],[-117.437307,49.834102],[-117.437156,49.829113],[-117.438256,49.827591],[-117.440771,49.825702],[-117.443205,49.824566],[-117.444493,49.822403],[-117.445326,49.82183],[-117.45367,49.819138],[-117.457294,49.818671],[-117.460352,49.819118],[-117.461684,49.818549],[-117.462092,49.818033],[-117.462616,49.816529],[-117.463559,49.81537],[-117.465581,49.8095],[-117.468097,49.805812],[-117.46812,49.803294],[-117.469592,49.797279],[-117.468066,49.793934],[-117.468476,49.785608],[-117.467425,49.782337],[-117.467462,49.77931],[-117.465444,49.775464],[-117.464909,49.773051],[-117.460667,49.769058],[-117.460082,49.767141],[-117.457957,49.764114],[-117.458149,49.762976],[-117.459024,49.761876],[-117.461717,49.760729],[-117.463587,49.762912],[-117.463293,49.761003],[-117.469676,49.761068],[-117.4686,49.759795],[-117.467841,49.753971],[-117.472309,49.754077],[-117.476093,49.754637],[-117.480845,49.754466],[-117.482176,49.754847],[-117.482863,49.754434],[-117.482645,49.752342],[-117.485161,49.749618],[-117.483898,49.745026],[-117.486598,49.742533],[-117.485153,49.742452],[-117.484889,49.742207],[-117.485031,49.740557],[-117.484176,49.738465],[-117.485126,49.73878],[-117.487662,49.741695],[-117.488224,49.743109],[-117.488914,49.743356],[-117.493276,49.743515],[-117.495792,49.743315],[-117.497134,49.74284],[-117.503542,49.735007],[-117.518668,49.728772],[-117.525208,49.725547],[-117.530012,49.722363],[-117.551684,49.710634],[-117.556487,49.708389],[-117.567538,49.702203],[-117.577138,49.6945],[-117.579689,49.692879],[-117.587427,49.690875],[-117.593242,49.688646],[-117.599408,49.686748],[-117.60116,49.686416],[-117.605724,49.686314],[-117.611539,49.684641],[-117.615931,49.684207],[-117.617335,49.684884],[-117.621921,49.688831],[-117.623317,49.689166],[-117.627883,49.68918],[-117.64811,49.684953],[-117.656012,49.682944],[-117.662174,49.680817],[-117.667023,49.67621],[-117.672196,49.669565],[-117.674797,49.66709],[-117.675481,49.665851],[-117.675829,49.662813],[-117.676523,49.661349],[-117.680495,49.657414],[-117.682569,49.653364],[-117.685672,49.648858],[-117.688255,49.646274],[-117.693104,49.642783],[-117.696725,49.639525],[-117.700702,49.636823],[-117.702244,49.63412],[-117.706909,49.631314],[-117.709693,49.629065],[-117.71264,49.627715],[-117.71455,49.625471],[-117.714901,49.623669],[-117.714393,49.621873],[-117.713699,49.621643],[-117.711102,49.621865],[-117.709899,49.619839],[-117.712549,49.618156],[-117.714814,49.617817],[-117.71837,49.61422],[-117.720468,49.614781],[-117.725213,49.612985],[-117.728196,49.610957],[-117.72998,49.609154],[-117.730511,49.608142],[-117.729853,49.606345],[-117.730412,49.604991],[-117.734481,49.600598],[-117.737726,49.596219],[-117.73818,49.594812],[-117.737764,49.593157],[-117.73817,49.590687],[-117.737795,49.589747],[-117.733612,49.58583],[-117.732128,49.583816],[-117.730991,49.577694],[-117.728758,49.574269],[-117.725099,49.570124],[-117.719727,49.566966],[-117.715156,49.565856],[-117.713031,49.566091],[-117.709264,49.564748],[-117.701431,49.563862],[-117.700101,49.564021],[-117.697367,49.562738],[-117.692327,49.561704],[-117.689599,49.560905],[-117.688686,49.560338],[-117.687267,49.56013],[-117.685128,49.559026],[-117.681647,49.55842],[-117.679223,49.558366],[-117.677624,49.557516],[-117.676186,49.557171],[-117.673521,49.557093],[-117.667831,49.557657],[-117.660298,49.560032],[-117.657142,49.560382],[-117.655479,49.562297],[-117.655004,49.563902],[-117.65356,49.565167],[-117.650857,49.56671],[-117.649624,49.567183],[-117.648144,49.567322],[-117.646315,49.568413],[-117.644611,49.570487],[-117.643536,49.573184],[-117.640188,49.576282],[-117.636238,49.578025],[-117.634349,49.580901],[-117.632622,49.581594],[-117.629792,49.582201],[-117.628385,49.583174],[-117.62492,49.584484],[-117.622142,49.586886],[-117.619646,49.587317],[-117.617739,49.587279],[-117.616093,49.58794],[-117.612743,49.588655],[-117.611617,49.589469],[-117.608474,49.590802],[-117.607363,49.590992],[-117.60598,49.59184],[-117.599825,49.593143],[-117.596976,49.593321],[-117.593997,49.594859],[-117.591989,49.594677],[-117.589423,49.595479],[-117.588435,49.596069],[-117.586689,49.597994],[-117.583254,49.600413],[-117.578059,49.601517],[-117.569557,49.605444],[-117.570862,49.612213],[-117.568797,49.615152],[-117.566704,49.616179],[-117.564843,49.616833],[-117.563136,49.618326],[-117.562344,49.619637],[-117.560219,49.621327],[-117.559696,49.623991],[-117.558008,49.624798],[-117.557422,49.625422],[-117.557114,49.626336],[-117.558412,49.62597],[-117.560151,49.626146],[-117.560529,49.627087],[-117.561316,49.627561],[-117.560508,49.631873],[-117.559898,49.632233],[-117.558535,49.632394],[-117.558513,49.633285],[-117.558053,49.633589],[-117.556289,49.633554],[-117.55479,49.632542],[-117.553387,49.635027],[-117.55311,49.637039],[-117.551938,49.638508],[-117.549322,49.639554],[-117.549016,49.641215],[-117.545303,49.64439],[-117.540626,49.650942],[-117.538293,49.65327],[-117.533009,49.656019],[-117.529293,49.660028],[-117.526642,49.661279],[-117.524877,49.662563],[-117.518163,49.663623],[-117.516875,49.664416],[-117.514971,49.666636],[-117.51134,49.664872],[-117.508879,49.666777],[-117.506387,49.667864],[-117.506458,49.669763],[-117.505705,49.672534],[-117.502647,49.675233],[-117.503779,49.677161],[-117.505282,49.677839],[-117.510744,49.677846],[-117.511915,49.678851],[-117.512494,49.680269],[-117.512461,49.681999],[-117.510243,49.683223],[-117.50974,49.684133],[-117.509954,49.686023],[-117.507969,49.686842],[-117.507465,49.687381],[-117.508318,49.688391],[-117.508125,49.689279],[-117.507448,49.689773],[-117.504878,49.689415],[-117.503415,49.690641],[-117.503293,49.692053],[-117.504899,49.694034],[-117.503281,49.696945],[-117.502024,49.698162],[-117.501717,49.701023],[-117.499902,49.701761],[-117.498465,49.70298],[-117.496016,49.703502],[-117.494666,49.70457],[-117.493302,49.706627],[-117.489579,49.704825],[-117.48915,49.70504],[-117.483148,49.703736],[-117.481749,49.702669],[-117.479652,49.701843],[-117.48063,49.700234],[-117.479057,49.700458],[-117.476125,49.700165],[-117.474353,49.700484],[-117.472027,49.699802],[-117.469318,49.699593],[-117.466112,49.698736],[-117.464938,49.698717],[-117.462157,49.697636],[-117.452834,49.696747],[-117.447397,49.696669],[-117.441927,49.697355],[-117.439454,49.698352],[-117.437622,49.698409],[-117.436472,49.699877],[-117.434045,49.700787],[-117.431379,49.701501],[-117.428348,49.701865],[-117.419139,49.702076],[-117.419272,49.701671],[-117.422596,49.700933],[-117.422769,49.700447],[-117.421624,49.70002],[-117.418647,49.700024],[-117.416369,49.700564],[-117.414102,49.700709],[-117.411506,49.701449],[-117.406023,49.701319],[-117.403806,49.700896],[-117.399339,49.700735],[-117.397992,49.699689],[-117.395796,49.700075],[-117.3928,49.69953],[-117.386692,49.697572],[-117.381194,49.696409],[-117.380475,49.695964],[-117.379797,49.694686],[-117.379094,49.694762],[-117.378061,49.695977],[-117.375224,49.696444],[-117.366755,49.694408],[-117.357985,49.692715],[-117.34223,49.690514],[-117.341321,49.691262],[-117.337812,49.692035],[-117.329033,49.693404],[-117.326376,49.694714],[-117.32215,49.694687],[-117.31839,49.695873],[-117.316389,49.695851],[-117.313397,49.694795],[-117.312586,49.695246],[-117.312976,49.696755],[-117.312331,49.697494],[-117.310438,49.694288],[-117.307147,49.693059],[-117.304424,49.690359],[-117.301473,49.686272],[-117.300343,49.68404],[-117.286328,49.688703],[-117.268926,49.691482],[-117.258572,49.685914],[-117.258183,49.68506],[-117.255503,49.684533],[-117.245849,49.68998],[-117.237823,49.691687],[-117.231522,49.699177],[-117.216326,49.696099],[-117.210815,49.700901],[-117.20612,49.700705],[-117.198081,49.697311],[-117.190676,49.698021],[-117.192352,49.702174],[-117.192548,49.705189],[-117.194778,49.711465],[-117.197339,49.722318],[-117.193818,49.7405],[-117.192742,49.74375],[-117.203134,49.751855],[-117.225368,49.759749],[-117.210836,49.771135],[-117.197869,49.777094],[-117.195556,49.779652],[-117.196513,49.783161],[-117.204356,49.794365],[-117.204168,49.801808],[-117.209626,49.811291],[-117.21229,49.814357],[-117.228971,49.824301],[-117.23215,49.830107],[-117.228757,49.84349],[-117.227321,49.845191],[-117.231731,49.85006],[-117.232398,49.850032],[-117.232932,49.850885],[-117.233206,49.850525],[-117.233786,49.85199],[-117.234982,49.851943],[-117.235777,49.852463],[-117.23578,49.853291],[-117.235114,49.853607],[-117.235018,49.854147],[-117.233673,49.854689],[-117.23372,49.856109],[-117.234726,49.8568],[-117.234953,49.857763],[-117.234609,49.8585],[-117.232666,49.859512],[-117.23305,49.860904],[-117.232149,49.862148],[-117.233031,49.862965],[-117.231867,49.864082],[-117.231566,49.865136],[-117.232019,49.866816],[-117.23148,49.867348],[-117.231777,49.868337],[-117.230382,49.870633],[-117.229065,49.871481],[-117.22811,49.873128],[-117.227222,49.87358],[-117.226985,49.87446],[-117.225653,49.875682],[-117.223673,49.876636],[-117.222762,49.878266],[-117.221846,49.878835],[-117.221769,49.87995],[-117.220955,49.881453],[-117.219747,49.882193],[-117.219916,49.883002],[-117.218626,49.883616],[-117.217407,49.884851],[-117.216198,49.885267],[-117.215226,49.886204],[-117.212847,49.889339],[-117.211833,49.890024],[-117.212073,49.89086],[-117.211004,49.891555],[-117.210498,49.893616],[-117.209774,49.893751],[-117.209905,49.895164],[-117.208739,49.898817],[-117.209125,49.901416],[-117.210913,49.902726],[-117.213675,49.906535],[-117.214818,49.907251],[-117.214532,49.908359],[-117.214812,49.909087],[-117.218124,49.911005],[-117.219559,49.911146],[-117.221344,49.912115],[-117.222334,49.912139],[-117.224036,49.912747],[-117.228563,49.915788],[-117.229634,49.915695],[-117.23131,49.916322],[-117.232107,49.917148],[-117.233055,49.91729],[-117.234681,49.91922],[-117.236075,49.919515],[-117.23502,49.920909],[-117.246115,49.92747],[-117.250469,49.929247],[-117.253724,49.930139],[-117.263479,49.931005],[-117.270596,49.932478],[-117.27872,49.933631],[-117.281901,49.93443],[-117.284379,49.935457],[-117.288759,49.938266],[-117.294,49.940206],[-117.302949,49.94137],[-117.306495,49.942174],[-117.309692,49.943322],[-117.311812,49.943669],[-117.31785,49.943921],[-117.322987,49.944849],[-117.326185,49.945996],[-117.33062,49.948491],[-117.333107,49.949522],[-117.335582,49.949868],[-117.338961,49.949548],[-117.340739,49.949779],[-117.351277,49.953514],[-117.354934,49.953831]]]},"properties":{"id":"59030137","boundaryCode":"59030137","boundaryName":"DA 59030137","boundarySource":"census","boundaryLevel":"bcDaSimplified","boundaryDetail":"medium","DAUID":"59030137","DGUID":"2021S051259030137","PRUID":"59","CDUID":"5903","CDNAME":"Central Kootenay","CDTYPE":"RD","CSDUID":"5903052","CSDNAME":"Central Kootenay H","CSDTYPE":"RDA","CTUID":null,"CTNAME":null,"parentCdId":"5903","parentCdName":"Central Kootenay","parentCsdId":"5903052","parentCsdName":"Central Kootenay H","parentCtId":null,"parentCtName":null,"LANDAREA":595.8367000000001,"areaKm2":600.7060110535235},"id":49995},{"type":"Feature","geometry":{"type":"Polygon","coordinates":[[[-117.463587,49.762912],[-117.463507,49.766061],[-117.464537,49.772215],[-117.46706,49.77274],[-117.470839,49.772767],[-117.473001,49.771557],[-117.474844,49.768401],[-117.473321,49.76585],[-117.473352,49.7649],[-117.475334,49.761409],[-117.474284,49.761602],[-117.472274,49.76109],[-117.469676,49.761068],[-117.463293,49.761003],[-117.463587,49.762912]]]},"properties":{"id":"59030138","boundaryCode":"59030138","boundaryName":"DA 59030138","boundarySource":"census","boundaryLevel":"bcDaSimplified","boundaryDetail":"medium","DAUID":"59030138","DGUID":"2021S051259030138","PRUID":"59","CDUID":"5903","CDNAME":"Central Kootenay","CDTYPE":"RD","CSDUID":"5903019","CSDNAME":"Slocan","CSDTYPE":"VL","CTUID":null,"CTNAME":null,"parentCdId":"5903","parentCdName":"Central Kootenay","parentCsdId":"5903019","parentCsdName":"Slocan","parentCtId":null,"parentCtName":null,"LANDAREA":0.7757000000000001,"areaKm2":0.9293692277598754},"id":49996},{"type":"Feature","geometry":{"type":"Polygon","coordinates":[[[-117.633603,49.933023],[-117.631073,49.93086],[-117.630197,49.929638],[-117.632855,49.92686],[-117.632447,49.923688],[-117.631665,49.922313],[-117.631533,49.920049],[-117.632484,49.918533],[-117.634143,49.9172],[-117.6382,49.915549],[-117.64123,49.915101],[-117.643253,49.915737],[-117.652439,49.91459],[-117.657796,49.913129],[-117.658555,49.913681],[-117.658347,49.914544],[-117.659023,49.915755],[-117.659804,49.916047],[-117.665319,49.915215],[-117.674544,49.917603],[-117.679777,49.918406],[-117.685869,49.918341],[-117.68857,49.919161],[-117.693079,49.919171],[-117.694375,49.919744],[-117.695085,49.919634],[-117.702967,49.915297],[-117.704312,49.913986],[-117.707317,49.912619],[-117.70951,49.912187],[-117.709888,49.908441],[-117.711697,49.905181],[-117.71035,49.902665],[-117.709016,49.901445],[-117.708082,49.898962],[-117.707156,49.898256],[-117.705218,49.897498],[-117.704003,49.892435],[-117.704574,49.890352],[-117.708279,49.887786],[-117.707053,49.886138],[-117.706789,49.884662],[-117.710306,49.881226],[-117.710881,49.877091],[-117.710436,49.87554],[-117.711635,49.873619],[-117.712038,49.870892],[-117.711748,49.866829],[-117.71282,49.865991],[-117.72537,49.864278],[-117.729031,49.866248],[-117.731789,49.866082],[-117.734128,49.865189],[-117.740747,49.864847],[-117.742511,49.864364],[-117.743377,49.863707],[-117.743462,49.862757],[-117.742689,49.860908],[-117.743204,49.859332],[-117.744876,49.856359],[-117.746617,49.854568],[-117.747062,49.85318],[-117.746762,49.852042],[-117.744509,49.849047],[-117.744515,49.848076],[-117.746373,49.845873],[-117.744439,49.839145],[-117.744932,49.838417],[-117.749046,49.836765],[-117.749484,49.836053],[-117.748802,49.830914],[-117.747873,49.829614],[-117.7456,49.827762],[-117.745709,49.827142],[-117.753017,49.821776],[-117.754571,49.821174],[-117.75656,49.818681],[-117.75825,49.817894],[-117.762071,49.816785],[-117.765942,49.816509],[-117.769409,49.815334],[-117.773084,49.81486],[-117.774774,49.813632],[-117.775768,49.813481],[-117.778994,49.814775],[-117.78483,49.813193],[-117.787853,49.812899],[-117.793281,49.813621],[-117.799029,49.812294],[-117.800771,49.812398],[-117.801641,49.813843],[-117.801979,49.81687],[-117.804458,49.820396],[-117.806837,49.821673],[-117.807937,49.823617],[-117.808826,49.824168],[-117.812684,49.824771],[-117.817054,49.824092],[-117.826084,49.824338],[-117.832854,49.823933],[-117.835825,49.824574],[-117.837994,49.826449],[-117.837876,49.832205],[-117.838373,49.832656],[-117.841282,49.831838],[-117.845828,49.831615],[-117.849304,49.831839],[-117.850571,49.832368],[-117.852256,49.83459],[-117.854615,49.836455],[-117.856049,49.837232],[-117.857787,49.837586],[-117.866952,49.837539],[-117.872767,49.836093],[-117.873156,49.835603],[-117.872595,49.831158],[-117.878183,49.826842],[-117.87917,49.825298],[-117.878578,49.821685],[-117.879476,49.820883],[-117.88372,49.820405],[-117.889677,49.817715],[-117.892178,49.817263],[-117.893067,49.816253],[-117.889006,49.80804],[-117.886974,49.805781],[-117.886124,49.80412],[-117.886141,49.800737],[-117.894425,49.800258],[-117.89995,49.798194],[-117.901985,49.798021],[-117.906847,49.798759],[-117.909664,49.798681],[-117.912269,49.799844],[-117.913457,49.80132],[-117.91421,49.801277],[-117.91986,49.798037],[-117.925613,49.798838],[-117.929568,49.798903],[-117.931999,49.793487],[-117.931608,49.7895],[-117.927539,49.786632],[-117.927509,49.785226],[-117.930502,49.781721],[-117.934459,49.780139],[-117.938901,49.780445],[-117.94213,49.780208],[-117.94454,49.780497],[-117.94626,49.780243],[-117.949718,49.77821],[-117.950585,49.776783],[-117.95309,49.775273],[-117.954831,49.775245],[-117.956152,49.774787],[-117.956417,49.773529],[-117.953993,49.770495],[-117.950148,49.768157],[-117.946669,49.76753],[-117.945865,49.766911],[-117.944276,49.759778],[-117.944581,49.758678],[-117.945535,49.75845],[-117.948452,49.756486],[-117.949232,49.755125],[-117.948716,49.753286],[-117.946884,49.751036],[-117.946753,49.749383],[-117.94716,49.748339],[-117.950097,49.746115],[-117.951232,49.745963],[-117.953188,49.746548],[-117.956244,49.746443],[-117.959639,49.745778],[-117.962031,49.744975],[-117.963106,49.744248],[-117.965174,49.738109],[-117.968811,49.734504],[-117.969139,49.73344],[-117.968705,49.732211],[-117.966052,49.729707],[-117.97118,49.728424],[-117.975805,49.726586],[-117.978193,49.72488],[-117.976123,49.723432],[-117.975255,49.721744],[-117.973886,49.720726],[-117.968527,49.719151],[-117.961623,49.714982],[-117.958345,49.713852],[-117.951612,49.712609],[-117.94972,49.711712],[-117.949725,49.711035],[-117.952859,49.710914],[-117.952687,49.709337],[-117.950793,49.708323],[-117.940444,49.7046],[-117.931302,49.699192],[-117.928704,49.698182],[-117.923015,49.696373],[-117.912146,49.694344],[-117.909302,49.692442],[-117.909159,49.690978],[-117.906762,49.688823],[-117.903874,49.684981],[-117.894338,49.675033],[-117.8899,49.672085],[-117.885278,49.670041],[-117.883396,49.668569],[-117.88137,49.665635],[-117.876429,49.661],[-117.87389,49.657381],[-117.86826,49.652397],[-117.866043,49.649572],[-117.862682,49.642785],[-117.861326,49.64131],[-117.851524,49.6368],[-117.840492,49.633425],[-117.834983,49.632195],[-117.821203,49.630277],[-117.811377,49.628033],[-117.800009,49.624998],[-117.796388,49.624438],[-117.794833,49.624655],[-117.788268,49.622753],[-117.786591,49.621966],[-117.788376,49.619813],[-117.787044,49.617213],[-117.78358,49.616063],[-117.780154,49.613783],[-117.777452,49.610496],[-117.774043,49.608098],[-117.768632,49.60547],[-117.767161,49.604334],[-117.761969,49.601629],[-117.757787,49.598632],[-117.754744,49.594179],[-117.753432,49.591281],[-117.750642,49.590059],[-117.749604,49.58839],[-117.748668,49.587729],[-117.746445,49.587171],[-117.744172,49.585398],[-117.743102,49.581499],[-117.740689,49.578049],[-117.733278,49.572491],[-117.732761,49.570702],[-117.731964,49.569701],[-117.725939,49.565809],[-117.722795,49.564706],[-117.720731,49.563484],[-117.719319,49.561774],[-117.718635,49.560021],[-117.718596,49.558623],[-117.717615,49.557491],[-117.715319,49.556987],[-117.711893,49.561392],[-117.710547,49.561409],[-117.708721,49.560431],[-117.707598,49.558219],[-117.703336,49.558349],[-117.697201,49.557944],[-117.692433,49.556427],[-117.691586,49.555839],[-117.691273,49.554794],[-117.691731,49.553534],[-117.691201,49.553249],[-117.69071,49.551821],[-117.690973,49.551152],[-117.690263,49.550794],[-117.687134,49.550595],[-117.683894,49.550767],[-117.680655,49.549474],[-117.675797,49.548405],[-117.670168,49.548438],[-117.669327,49.548016],[-117.667256,49.544754],[-117.664557,49.544781],[-117.661872,49.543984],[-117.66067,49.544191],[-117.660085,49.543968],[-117.658516,49.543115],[-117.655769,49.540049],[-117.64919,49.54182],[-117.650047,49.54257],[-117.650768,49.543663],[-117.650683,49.544391],[-117.648796,49.547079],[-117.648377,49.549],[-117.649108,49.551634],[-117.651148,49.553612],[-117.65156,49.554804],[-117.650945,49.559728],[-117.649892,49.56187],[-117.645299,49.564992],[-117.63918,49.567802],[-117.636776,49.570347],[-117.63521,49.571337],[-117.628746,49.573361],[-117.623621,49.57758],[-117.619638,49.578576],[-117.612152,49.579883],[-117.610266,49.581229],[-117.606715,49.582311],[-117.60316,49.584488],[-117.587499,49.592535],[-117.583504,49.593193],[-117.577339,49.592212],[-117.575845,49.592524],[-117.574611,49.593209],[-117.572222,49.595469],[-117.568091,49.597494],[-117.563797,49.600927],[-117.564304,49.602993],[-117.567459,49.605561],[-117.568347,49.608],[-117.567821,49.608761],[-117.565065,49.609736],[-117.563417,49.61072],[-117.565137,49.610949],[-117.568092,49.612606],[-117.565846,49.614536],[-117.566704,49.616179],[-117.568797,49.615152],[-117.570862,49.612213],[-117.569557,49.605444],[-117.578059,49.601517],[-117.583254,49.600413],[-117.586689,49.597994],[-117.588435,49.596069],[-117.589423,49.595479],[-117.591989,49.594677],[-117.593997,49.594859],[-117.596976,49.593321],[-117.599825,49.593143],[-117.60598,49.59184],[-117.607363,49.590992],[-117.608474,49.590802],[-117.611617,49.589469],[-117.612743,49.588655],[-117.616093,49.58794],[-117.617739,49.587279],[-117.619646,49.587317],[-117.622142,49.586886],[-117.62492,49.584484],[-117.628385,49.583174],[-117.629792,49.582201],[-117.632622,49.581594],[-117.634349,49.580901],[-117.636238,49.578025],[-117.640188,49.576282],[-117.643536,49.573184],[-117.644611,49.570487],[-117.646315,49.568413],[-117.648144,49.567322],[-117.649624,49.567183],[-117.650857,49.56671],[-117.65356,49.565167],[-117.655004,49.563902],[-117.655479,49.562297],[-117.657142,49.560382],[-117.660298,49.560032],[-117.667831,49.557657],[-117.673521,49.557093],[-117.676186,49.557171],[-117.677624,49.557516],[-117.679223,49.558366],[-117.681647,49.55842],[-117.685128,49.559026],[-117.687267,49.56013],[-117.688686,49.560338],[-117.689599,49.560905],[-117.692327,49.561704],[-117.697367,49.562738],[-117.700101,49.564021],[-117.701431,49.563862],[-117.709264,49.564748],[-117.713031,49.566091],[-117.715156,49.565856],[-117.719727,49.566966],[-117.725099,49.570124],[-117.728758,49.574269],[-117.730991,49.577694],[-117.732128,49.583816],[-117.733612,49.58583],[-117.737795,49.589747],[-117.73817,49.590687],[-117.737764,49.593157],[-117.73818,49.594812],[-117.737726,49.596219],[-117.734481,49.600598],[-117.730412,49.604991],[-117.729853,49.606345],[-117.730511,49.608142],[-117.72998,49.609154],[-117.728196,49.610957],[-117.725213,49.612985],[-117.720468,49.614781],[-117.71837,49.61422],[-117.714814,49.617817],[-117.712549,49.618156],[-117.709899,49.619839],[-117.711102,49.621865],[-117.713699,49.621643],[-117.714393,49.621873],[-117.714901,49.623669],[-117.71455,49.625471],[-117.71264,49.627715],[-117.709693,49.629065],[-117.706909,49.631314],[-117.702244,49.63412],[-117.700702,49.636823],[-117.696725,49.639525],[-117.693104,49.642783],[-117.688255,49.646274],[-117.685672,49.648858],[-117.682569,49.653364],[-117.680495,49.657414],[-117.676523,49.661349],[-117.675829,49.662813],[-117.675481,49.665851],[-117.674797,49.66709],[-117.672196,49.669565],[-117.667023,49.67621],[-117.662174,49.680817],[-117.656012,49.682944],[-117.64811,49.684953],[-117.627883,49.68918],[-117.623317,49.689166],[-117.621921,49.688831],[-117.617335,49.684884],[-117.615931,49.684207],[-117.611539,49.684641],[-117.605724,49.686314],[-117.60116,49.686416],[-117.599408,49.686748],[-117.593242,49.688646],[-117.587427,49.690875],[-117.579689,49.692879],[-117.577138,49.6945],[-117.567538,49.702203],[-117.556487,49.708389],[-117.551684,49.710634],[-117.530012,49.722363],[-117.525208,49.725547],[-117.518668,49.728772],[-117.503542,49.735007],[-117.497134,49.74284],[-117.495792,49.743315],[-117.493276,49.743515],[-117.488914,49.743356],[-117.488224,49.743109],[-117.487662,49.741695],[-117.485126,49.73878],[-117.484176,49.738465],[-117.485031,49.740557],[-117.484889,49.742207],[-117.485153,49.742452],[-117.486598,49.742533],[-117.483898,49.745026],[-117.485161,49.749618],[-117.482645,49.752342],[-117.482863,49.754434],[-117.482176,49.754847],[-117.480845,49.754466],[-117.476093,49.754637],[-117.472309,49.754077],[-117.467841,49.753971],[-117.4686,49.759795],[-117.469676,49.761068],[-117.472274,49.76109],[-117.474284,49.761602],[-117.475334,49.761409],[-117.473352,49.7649],[-117.473321,49.76585],[-117.474844,49.768401],[-117.473001,49.771557],[-117.470839,49.772767],[-117.46706,49.77274],[-117.464537,49.772215],[-117.463507,49.766061],[-117.463587,49.762912],[-117.461717,49.760729],[-117.459024,49.761876],[-117.458149,49.762976],[-117.457957,49.764114],[-117.460082,49.767141],[-117.460667,49.769058],[-117.464909,49.773051],[-117.465444,49.775464],[-117.467462,49.77931],[-117.467425,49.782337],[-117.468476,49.785608],[-117.468066,49.793934],[-117.469592,49.797279],[-117.46812,49.803294],[-117.468097,49.805812],[-117.465581,49.8095],[-117.463559,49.81537],[-117.462616,49.816529],[-117.462092,49.818033],[-117.461684,49.818549],[-117.460352,49.819118],[-117.457294,49.818671],[-117.45367,49.819138],[-117.445326,49.82183],[-117.444493,49.822403],[-117.443205,49.824566],[-117.440771,49.825702],[-117.438256,49.827591],[-117.437156,49.829113],[-117.437307,49.834102],[-117.435954,49.837466],[-117.431299,49.843441],[-117.426213,49.846873],[-117.420999,49.854321],[-117.419608,49.857993],[-117.416879,49.860863],[-117.413284,49.862758],[-117.412008,49.862866],[-117.406398,49.859904],[-117.402681,49.859],[-117.401565,49.858344],[-117.400438,49.858415],[-117.401967,49.859841],[-117.404628,49.860993],[-117.407897,49.863954],[-117.40795,49.864841],[-117.406213,49.869334],[-117.395856,49.87992],[-117.383767,49.888577],[-117.381408,49.889848],[-117.379234,49.891888],[-117.378156,49.893437],[-117.377955,49.894816],[-117.378667,49.896181],[-117.379931,49.896953],[-117.384874,49.897737],[-117.386553,49.899795],[-117.386591,49.900744],[-117.385835,49.902008],[-117.380048,49.907579],[-117.380051,49.910437],[-117.379213,49.912305],[-117.379702,49.913992],[-117.379075,49.915288],[-117.37924,49.916579],[-117.377767,49.919171],[-117.375483,49.921756],[-117.375324,49.925826],[-117.372008,49.931681],[-117.370368,49.93426],[-117.366945,49.936785],[-117.365874,49.938263],[-117.36385,49.939208],[-117.358865,49.942544],[-117.356796,49.944393],[-117.355813,49.945833],[-117.356124,49.949692],[-117.356858,49.949076],[-117.357519,49.94907],[-117.363363,49.946836],[-117.363772,49.947146],[-117.36569,49.949037],[-117.366779,49.951133],[-117.366486,49.953953],[-117.364122,49.957335],[-117.379292,49.958861],[-117.38918,49.938866],[-117.400943,49.922794],[-117.40816,49.923407],[-117.408826,49.923054],[-117.41072,49.922922],[-117.411259,49.922551],[-117.417082,49.922405],[-117.418747,49.921805],[-117.427218,49.921846],[-117.428122,49.921554],[-117.429953,49.922393],[-117.430996,49.922138],[-117.432725,49.922284],[-117.434615,49.921791],[-117.436984,49.921828],[-117.439612,49.922897],[-117.440447,49.922813],[-117.44208,49.923221],[-117.450846,49.923357],[-117.453205,49.923951],[-117.454761,49.92354],[-117.45719,49.924025],[-117.458289,49.923815],[-117.459058,49.924089],[-117.459724,49.923862],[-117.464235,49.924978],[-117.467243,49.924903],[-117.467671,49.924443],[-117.470474,49.924746],[-117.471307,49.924473],[-117.472606,49.924746],[-117.474137,49.924641],[-117.475088,49.924951],[-117.476368,49.92483],[-117.477794,49.925264],[-117.482482,49.924633],[-117.486179,49.924987],[-117.487742,49.925421],[-117.49504,49.925084],[-117.496313,49.924332],[-117.49906,49.924689],[-117.500104,49.924451],[-117.503869,49.924713],[-117.509523,49.924473],[-117.510585,49.924846],[-117.511669,49.924688],[-117.512382,49.924964],[-117.518661,49.924539],[-117.520462,49.924747],[-117.521114,49.924511],[-117.524144,49.925101],[-117.524947,49.925951],[-117.526767,49.925475],[-117.528456,49.925881],[-117.531084,49.925311],[-117.532467,49.925754],[-117.53517,49.925779],[-117.536797,49.926787],[-117.537802,49.926783],[-117.539856,49.927394],[-117.540816,49.927245],[-117.542448,49.927498],[-117.544479,49.927255],[-117.549343,49.928581],[-117.549996,49.928299],[-117.55241,49.928611],[-117.555387,49.929595],[-117.556961,49.929472],[-117.558334,49.930112],[-117.56047,49.930453],[-117.561416,49.930332],[-117.563108,49.930961],[-117.565046,49.931005],[-117.570316,49.932474],[-117.577812,49.932747],[-117.586797,49.93203],[-117.588892,49.932198],[-117.590655,49.932762],[-117.594904,49.934953],[-117.597972,49.935452],[-117.600531,49.935077],[-117.633603,49.933023]]]},"properties":{"id":"59030139","boundaryCode":"59030139","boundaryName":"DA 59030139","boundarySource":"census","boundaryLevel":"bcDaSimplified","boundaryDetail":"medium","DAUID":"59030139","DGUID":"2021S051259030139","PRUID":"59","CDUID":"5903","CDNAME":"Central Kootenay","CDTYPE":"RD","CSDUID":"5903052","CSDNAME":"Central Kootenay H","CSDTYPE":"RDA","CTUID":null,"CTNAME":null,"parentCdId":"5903","parentCdName":"Central Kootenay","parentCsdId":"5903052","parentCsdName":"Central Kootenay H","parentCtId":null,"parentCtName":null,"LANDAREA":813.7084,"areaKm2":860.8407487006485},"id":49997},{"type":"Feature","geometry":{"type":"Polygon","coordinates":[[[-117.566704,49.616179],[-117.565846,49.614536],[-117.568092,49.612606],[-117.565137,49.610949],[-117.563417,49.61072],[-117.556265,49.616019],[-117.552591,49.617924],[-117.548111,49.62235],[-117.543567,49.628201],[-117.542738,49.628616],[-117.540105,49.629112],[-117.539304,49.62964],[-117.537882,49.631733],[-117.538022,49.633766],[-117.532557,49.642386],[-117.526455,49.646547],[-117.524767,49.64915],[-117.522613,49.651192],[-117.519027,49.652463],[-117.516596,49.653731],[-117.512442,49.657354],[-117.510508,49.660375],[-117.494873,49.679738],[-117.492827,49.683999],[-117.492667,49.68781],[-117.485003,49.696372],[-117.48063,49.700234],[-117.479652,49.701843],[-117.481749,49.702669],[-117.483148,49.703736],[-117.48915,49.70504],[-117.489579,49.704825],[-117.493302,49.706627],[-117.494666,49.70457],[-117.496016,49.703502],[-117.498465,49.70298],[-117.499902,49.701761],[-117.501717,49.701023],[-117.502024,49.698162],[-117.503281,49.696945],[-117.504899,49.694034],[-117.503293,49.692053],[-117.503415,49.690641],[-117.504878,49.689415],[-117.507448,49.689773],[-117.508125,49.689279],[-117.508318,49.688391],[-117.507465,49.687381],[-117.507969,49.686842],[-117.509954,49.686023],[-117.50974,49.684133],[-117.510243,49.683223],[-117.512461,49.681999],[-117.512494,49.680269],[-117.511915,49.678851],[-117.510744,49.677846],[-117.505282,49.677839],[-117.503779,49.677161],[-117.502647,49.675233],[-117.505705,49.672534],[-117.506458,49.669763],[-117.506387,49.667864],[-117.508879,49.666777],[-117.51134,49.664872],[-117.514971,49.666636],[-117.516875,49.664416],[-117.518163,49.663623],[-117.524877,49.662563],[-117.526642,49.661279],[-117.529293,49.660028],[-117.533009,49.656019],[-117.538293,49.65327],[-117.540626,49.650942],[-117.545303,49.64439],[-117.549016,49.641215],[-117.549322,49.639554],[-117.551938,49.638508],[-117.55311,49.637039],[-117.553387,49.635027],[-117.55479,49.632542],[-117.556289,49.633554],[-117.558053,49.633589],[-117.558513,49.633285],[-117.558535,49.632394],[-117.559898,49.632233],[-117.560508,49.631873],[-117.561316,49.627561],[-117.560529,49.627087],[-117.560151,49.626146],[-117.558412,49.62597],[-117.557114,49.626336],[-117.557422,49.625422],[-117.558008,49.624798],[-117.559696,49.623991],[-117.560219,49.621327],[-117.562344,49.619637],[-117.563136,49.618326],[-117.564843,49.616833],[-117.566704,49.616179]]]},"properties":{"id":"59030140","boundaryCode":"59030140","boundaryName":"DA 59030140","boundarySource":"census","boundaryLevel":"bcDaSimplified","boundaryDetail":"medium","DAUID":"59030140","DGUID":"2021S051259030140","PRUID":"59","CDUID":"5903","CDNAME":"Central Kootenay","CDTYPE":"RD","CSDUID":"5903052","CSDNAME":"Central Kootenay H","CSDTYPE":"RDA","CTUID":null,"CTNAME":null,"parentCdId":"5903","parentCdName":"Central Kootenay","parentCsdId":"5903052","parentCsdName":"Central Kootenay H","parentCtId":null,"parentCtName":null,"LANDAREA":9.951600000000001,"areaKm2":10.857944510013528},"id":49998},{"type":"Feature","geometry":{"type":"Polygon","coordinates":[[[-117.48063,49.700234],[-117.485003,49.696372],[-117.492667,49.68781],[-117.492827,49.683999],[-117.494873,49.679738],[-117.510508,49.660375],[-117.512442,49.657354],[-117.516596,49.653731],[-117.519027,49.652463],[-117.522613,49.651192],[-117.524767,49.64915],[-117.526455,49.646547],[-117.532557,49.642386],[-117.538022,49.633766],[-117.537882,49.631733],[-117.539304,49.62964],[-117.540105,49.629112],[-117.542738,49.628616],[-117.543567,49.628201],[-117.548111,49.62235],[-117.552591,49.617924],[-117.556265,49.616019],[-117.563417,49.61072],[-117.565065,49.609736],[-117.567821,49.608761],[-117.568347,49.608],[-117.567459,49.605561],[-117.564304,49.602993],[-117.563797,49.600927],[-117.568091,49.597494],[-117.572222,49.595469],[-117.574611,49.593209],[-117.575845,49.592524],[-117.577339,49.592212],[-117.583504,49.593193],[-117.587499,49.592535],[-117.60316,49.584488],[-117.606715,49.582311],[-117.610266,49.581229],[-117.612152,49.579883],[-117.619638,49.578576],[-117.623621,49.57758],[-117.628746,49.573361],[-117.63521,49.571337],[-117.636776,49.570347],[-117.63918,49.567802],[-117.645299,49.564992],[-117.649892,49.56187],[-117.650945,49.559728],[-117.65156,49.554804],[-117.651148,49.553612],[-117.649108,49.551634],[-117.648377,49.549],[-117.648796,49.547079],[-117.650683,49.544391],[-117.650768,49.543663],[-117.650047,49.54257],[-117.647742,49.5423],[-117.628436,49.544854],[-117.619731,49.541572],[-117.602537,49.545562],[-117.591603,49.541388],[-117.58203,49.536349],[-117.555179,49.53346],[-117.555193,49.534279],[-117.554016,49.535622],[-117.553862,49.536342],[-117.556158,49.538413],[-117.55619,49.539726],[-117.55518,49.540695],[-117.550383,49.541355],[-117.545598,49.542697],[-117.544401,49.543864],[-117.543384,49.548072],[-117.538156,49.550098],[-117.527781,49.557075],[-117.516301,49.55681],[-117.503097,49.574935],[-117.492367,49.57574],[-117.47439,49.57339],[-117.458536,49.578525],[-117.448242,49.575392],[-117.447972,49.584138],[-117.434069,49.588736],[-117.424176,49.585243],[-117.417822,49.58417],[-117.41546,49.58645],[-117.417431,49.598341],[-117.426856,49.602112],[-117.429726,49.609831],[-117.403002,49.621512],[-117.39482,49.634213],[-117.3763,49.624009],[-117.362154,49.626986],[-117.351601,49.622233],[-117.342753,49.620823],[-117.33464,49.623653],[-117.32264,49.623969],[-117.31696,49.632705],[-117.318877,49.640127],[-117.314602,49.650586],[-117.316686,49.662269],[-117.316817,49.678468],[-117.300343,49.68404],[-117.301473,49.686272],[-117.304424,49.690359],[-117.307147,49.693059],[-117.310438,49.694288],[-117.312331,49.697494],[-117.312976,49.696755],[-117.312586,49.695246],[-117.313397,49.694795],[-117.316389,49.695851],[-117.31839,49.695873],[-117.32215,49.694687],[-117.326376,49.694714],[-117.329033,49.693404],[-117.337812,49.692035],[-117.341321,49.691262],[-117.34223,49.690514],[-117.357985,49.692715],[-117.366755,49.694408],[-117.375224,49.696444],[-117.378061,49.695977],[-117.379094,49.694762],[-117.379797,49.694686],[-117.380475,49.695964],[-117.381194,49.696409],[-117.386692,49.697572],[-117.3928,49.69953],[-117.395796,49.700075],[-117.397992,49.699689],[-117.399339,49.700735],[-117.403806,49.700896],[-117.406023,49.701319],[-117.411506,49.701449],[-117.414102,49.700709],[-117.416369,49.700564],[-117.418647,49.700024],[-117.421624,49.70002],[-117.422769,49.700447],[-117.422596,49.700933],[-117.419272,49.701671],[-117.419139,49.702076],[-117.428348,49.701865],[-117.431379,49.701501],[-117.434045,49.700787],[-117.436472,49.699877],[-117.437622,49.698409],[-117.439454,49.698352],[-117.441927,49.697355],[-117.447397,49.696669],[-117.452834,49.696747],[-117.462157,49.697636],[-117.464938,49.698717],[-117.466112,49.698736],[-117.469318,49.699593],[-117.472027,49.699802],[-117.474353,49.700484],[-117.476125,49.700165],[-117.479057,49.700458],[-117.48063,49.700234]]]},"properties":{"id":"59030141","boundaryCode":"59030141","boundaryName":"DA 59030141","boundarySource":"census","boundaryLevel":"bcDaSimplified","boundaryDetail":"medium","DAUID":"59030141","DGUID":"2021S051259030141","PRUID":"59","CDUID":"5903","CDNAME":"Central Kootenay","CDTYPE":"RD","CSDUID":"5903052","CSDNAME":"Central Kootenay H","CSDTYPE":"RDA","CTUID":null,"CTNAME":null,"parentCdId":"5903","parentCdName":"Central Kootenay","parentCsdId":"5903052","parentCsdName":"Central Kootenay H","parentCtId":null,"parentCtName":null,"LANDAREA":209.358,"areaKm2":209.1951606387994},"id":49999},{"type":"Feature","geometry":{"type":"Polygon","coordinates":[[[-117.300343,49.68404],[-117.316817,49.678468],[-117.316686,49.662269],[-117.314602,49.650586],[-117.318877,49.640127],[-117.31696,49.632705],[-117.32264,49.623969],[-117.322104,49.623987],[-117.314538,49.619141],[-117.312378,49.618245],[-117.311871,49.616727],[-117.310274,49.615885],[-117.308724,49.613955],[-117.30643,49.612189],[-117.306918,49.608248],[-117.3062,49.60664],[-117.304015,49.604712],[-117.302471,49.601002],[-117.302622,49.596612],[-117.301813,49.592981],[-117.302484,49.589947],[-117.303948,49.587218],[-117.304053,49.586183],[-117.30355,49.585375],[-117.305847,49.580916],[-117.308131,49.579004],[-117.310544,49.575561],[-117.310702,49.574499],[-117.31184,49.572689],[-117.314412,49.566358],[-117.314637,49.564666],[-117.316177,49.563475],[-117.317203,49.561655],[-117.318691,49.560815],[-117.32232,49.557441],[-117.325417,49.555409],[-117.328329,49.55262],[-117.33001,49.551563],[-117.332038,49.549203],[-117.331332,49.548746],[-117.324544,49.553332],[-117.321661,49.554403],[-117.320747,49.55554],[-117.31929,49.555743],[-117.313956,49.555617],[-117.313485,49.555853],[-117.313968,49.557346],[-117.308117,49.559795],[-117.305948,49.559424],[-117.30622,49.558085],[-117.305724,49.557205],[-117.301822,49.553119],[-117.302094,49.550156],[-117.256732,49.550859],[-117.254402,49.550266],[-117.247177,49.550797],[-117.245895,49.553335],[-117.23543,49.560668],[-117.226899,49.566265],[-117.220179,49.568864],[-117.229901,49.568577],[-117.236643,49.568804],[-117.236128,49.570327],[-117.236904,49.570633],[-117.236814,49.574951],[-117.235053,49.577328],[-117.233935,49.581828],[-117.234781,49.583036],[-117.237419,49.584263],[-117.237663,49.585439],[-117.241679,49.588012],[-117.242601,49.589486],[-117.243291,49.592119],[-117.24479,49.594007],[-117.243815,49.595159],[-117.241234,49.597009],[-117.237986,49.598123],[-117.221305,49.606667],[-117.248924,49.66417],[-117.258183,49.68506],[-117.258572,49.685914],[-117.268926,49.691482],[-117.286328,49.688703],[-117.300343,49.68404]]]},"properties":{"id":"59030142","boundaryCode":"59030142","boundaryName":"DA 59030142","boundarySource":"census","boundaryLevel":"bcDaSimplified","boundaryDetail":"medium","DAUID":"59030142","DGUID":"2021S051259030142","PRUID":"59","CDUID":"5903","CDNAME":"Central Kootenay","CDTYPE":"RD","CSDUID":"5903043","CSDNAME":"Central Kootenay F","CSDTYPE":"RDA","CTUID":null,"CTNAME":null,"parentCdId":"5903","parentCdName":"Central Kootenay","parentCsdId":"5903043","parentCsdName":"Central Kootenay F","parentCtId":null,"parentCtName":null,"LANDAREA":79.1723,"areaKm2":80.60591355973973},"id":50000},{"type":"Feature","geometry":{"type":"Polygon","coordinates":[[[-117.331332,49.548746],[-117.332584,49.547552],[-117.333014,49.546532],[-117.333038,49.544715],[-117.332385,49.54384],[-117.332372,49.540106],[-117.333758,49.536967],[-117.335026,49.536345],[-117.335448,49.535755],[-117.335708,49.532325],[-117.33629,49.530728],[-117.335866,49.529619],[-117.335814,49.526331],[-117.334641,49.524362],[-117.333944,49.521667],[-117.332366,49.520107],[-117.331427,49.518534],[-117.331739,49.517537],[-117.288421,49.518217],[-117.283086,49.518216],[-117.276254,49.514325],[-117.27107,49.518072],[-117.267388,49.520663],[-117.257311,49.529385],[-117.247177,49.550797],[-117.254402,49.550266],[-117.256732,49.550859],[-117.302094,49.550156],[-117.301822,49.553119],[-117.305724,49.557205],[-117.30622,49.558085],[-117.305948,49.559424],[-117.308117,49.559795],[-117.313968,49.557346],[-117.313485,49.555853],[-117.313956,49.555617],[-117.31929,49.555743],[-117.320747,49.55554],[-117.321661,49.554403],[-117.324544,49.553332],[-117.331332,49.548746]]]},"properties":{"id":"59030143","boundaryCode":"59030143","boundaryName":"DA 59030143","boundarySource":"census","boundaryLevel":"bcDaSimplified","boundaryDetail":"medium","DAUID":"59030143","DGUID":"2021S051259030143","PRUID":"59","CDUID":"5903","CDNAME":"Central Kootenay","CDTYPE":"RD","CSDUID":"5903043","CSDNAME":"Central Kootenay F","CSDTYPE":"RDA","CTUID":null,"CTNAME":null,"parentCdId":"5903","parentCdName":"Central Kootenay","parentCsdId":"5903043","parentCsdName":"Central Kootenay F","parentCtId":null,"parentCtName":null,"LANDAREA":19.1158,"areaKm2":21.578559178263376},"id":50001},{"type":"Feature","geometry":{"type":"Polygon","coordinates":[[[-117.288421,49.518217],[-117.285417,49.516447],[-117.284461,49.517068],[-117.283808,49.516752],[-117.284641,49.516138],[-117.284109,49.515694],[-117.285893,49.51427],[-117.285094,49.51389],[-117.286134,49.513111],[-117.285342,49.512256],[-117.284633,49.51328],[-117.28444,49.512284],[-117.279094,49.507416],[-117.278878,49.506631],[-117.279403,49.505753],[-117.277995,49.50575],[-117.277989,49.508088],[-117.275288,49.508091],[-117.275297,49.50691],[-117.272707,49.50693],[-117.272718,49.508093],[-117.271474,49.508093],[-117.271128,49.509151],[-117.26712,49.51061],[-117.266352,49.51037],[-117.262082,49.510282],[-117.261629,49.51144],[-117.261632,49.516874],[-117.26106,49.518481],[-117.27107,49.518072],[-117.276254,49.514325],[-117.283086,49.518216],[-117.288421,49.518217]]]},"properties":{"id":"59030144","boundaryCode":"59030144","boundaryName":"DA 59030144","boundarySource":"census","boundaryLevel":"bcDaSimplified","boundaryDetail":"medium","DAUID":"59030144","DGUID":"2021S051259030144","PRUID":"59","CDUID":"5903","CDNAME":"Central Kootenay","CDTYPE":"RD","CSDUID":"5903015","CSDNAME":"Nelson","CSDTYPE":"CY","CTUID":null,"CTNAME":null,"parentCdId":"5903","parentCdName":"Central Kootenay","parentCsdId":"5903015","parentCsdName":"Nelson","parentCtId":null,"parentCtName":null,"LANDAREA":0.6086,"areaKm2":1.5330835930067777},"id":50002},{"type":"Feature","geometry":{"type":"Polygon","coordinates":[[[-117.272707,49.50693],[-117.272717,49.50226],[-117.273976,49.502261],[-117.273974,49.501448],[-117.273324,49.501101],[-117.274219,49.49992],[-117.273447,49.499676],[-117.270317,49.499901],[-117.26814,49.500993],[-117.267181,49.502317],[-117.265106,49.504084],[-117.263834,49.506535],[-117.263444,49.508378],[-117.262082,49.510282],[-117.266352,49.51037],[-117.26712,49.51061],[-117.271128,49.509151],[-117.271474,49.508093],[-117.272718,49.508093],[-117.272707,49.50693]]]},"properties":{"id":"59030145","boundaryCode":"59030145","boundaryName":"DA 59030145","boundarySource":"census","boundaryLevel":"bcDaSimplified","boundaryDetail":"medium","DAUID":"59030145","DGUID":"2021S051259030145","PRUID":"59","CDUID":"5903","CDNAME":"Central Kootenay","CDTYPE":"RD","CSDUID":"5903015","CSDNAME":"Nelson","CSDTYPE":"CY","CTUID":null,"CTNAME":null,"parentCdId":"5903","parentCdName":"Central Kootenay","parentCsdId":"5903015","parentCsdName":"Nelson","parentCtId":null,"parentCtName":null,"LANDAREA":0.6196,"areaKm2":0.618997254361687},"id":50003},{"type":"Feature","geometry":{"type":"Polygon","coordinates":[[[-117.277995,49.50575],[-117.27799,49.504557],[-117.277997,49.503411],[-117.275317,49.503415],[-117.275295,49.502255],[-117.273976,49.502261],[-117.272717,49.50226],[-117.272707,49.50693],[-117.275297,49.50691],[-117.275288,49.508091],[-117.277989,49.508088],[-117.277995,49.50575]]]},"properties":{"id":"59030146","boundaryCode":"59030146","boundaryName":"DA 59030146","boundarySource":"census","boundaryLevel":"bcDaSimplified","boundaryDetail":"medium","DAUID":"59030146","DGUID":"2021S051259030146","PRUID":"59","CDUID":"5903","CDNAME":"Central Kootenay","CDTYPE":"RD","CSDUID":"5903015","CSDNAME":"Nelson","CSDTYPE":"CY","CTUID":null,"CTNAME":null,"parentCdId":"5903","parentCdName":"Central Kootenay","parentCsdId":"5903015","parentCsdName":"Nelson","parentCtId":null,"parentCtName":null,"LANDAREA":0.1988,"areaKm2":0.19862742548905135},"id":50004},{"type":"Feature","geometry":{"type":"Polygon","coordinates":[[[-117.273976,49.502261],[-117.275295,49.502255],[-117.275317,49.503415],[-117.277997,49.503411],[-117.27799,49.504557],[-117.280808,49.50454],[-117.280831,49.501101],[-117.281209,49.499165],[-117.278265,49.499111],[-117.276621,49.499919],[-117.274219,49.49992],[-117.273324,49.501101],[-117.273974,49.501448],[-117.273976,49.502261]]]},"properties":{"id":"59030147","boundaryCode":"59030147","boundaryName":"DA 59030147","boundarySource":"census","boundaryLevel":"bcDaSimplified","boundaryDetail":"medium","DAUID":"59030147","DGUID":"2021S051259030147","PRUID":"59","CDUID":"5903","CDNAME":"Central Kootenay","CDTYPE":"RD","CSDUID":"5903015","CSDNAME":"Nelson","CSDTYPE":"CY","CTUID":null,"CTNAME":null,"parentCdId":"5903","parentCdName":"Central Kootenay","parentCsdId":"5903015","parentCsdName":"Nelson","parentCtId":null,"parentCtName":null,"LANDAREA":0.2316,"areaKm2":0.23139895730832935},"id":50005},{"type":"Feature","geometry":{"type":"Polygon","coordinates":[[[-117.280831,49.501101],[-117.283445,49.5011],[-117.284577,49.499934],[-117.289382,49.497216],[-117.288112,49.495466],[-117.288227,49.496536],[-117.287742,49.496844],[-117.2834,49.496707],[-117.282583,49.496691],[-117.278265,49.499111],[-117.281209,49.499165],[-117.280831,49.501101]]]},"properties":{"id":"59030148","boundaryCode":"59030148","boundaryName":"DA 59030148","boundarySource":"census","boundaryLevel":"bcDaSimplified","boundaryDetail":"medium","DAUID":"59030148","DGUID":"2021S051259030148","PRUID":"59","CDUID":"5903","CDNAME":"Central Kootenay","CDTYPE":"RD","CSDUID":"5903015","CSDNAME":"Nelson","CSDTYPE":"CY","CTUID":null,"CTNAME":null,"parentCdId":"5903","parentCdName":"Central Kootenay","parentCsdId":"5903015","parentCsdName":"Nelson","parentCtId":null,"parentCtName":null,"LANDAREA":0.2076,"areaKm2":0.20737954603429556},"id":50006},{"type":"Feature","geometry":{"type":"Polygon","coordinates":[[[-117.285342,49.512256],[-117.286895,49.510773],[-117.284151,49.509317],[-117.294749,49.500006],[-117.30087,49.496757],[-117.299313,49.494062],[-117.297443,49.49179],[-117.296048,49.492244],[-117.294677,49.492768],[-117.295434,49.493626],[-117.293344,49.495398],[-117.29063,49.496471],[-117.289243,49.494845],[-117.288112,49.495466],[-117.289382,49.497216],[-117.284577,49.499934],[-117.283445,49.5011],[-117.280831,49.501101],[-117.280808,49.50454],[-117.27799,49.504557],[-117.277995,49.50575],[-117.279403,49.505753],[-117.278878,49.506631],[-117.279094,49.507416],[-117.28444,49.512284],[-117.284633,49.51328],[-117.285342,49.512256]]]},"properties":{"id":"59030149","boundaryCode":"59030149","boundaryName":"DA 59030149","boundarySource":"census","boundaryLevel":"bcDaSimplified","boundaryDetail":"medium","DAUID":"59030149","DGUID":"2021S051259030149","PRUID":"59","CDUID":"5903","CDNAME":"Central Kootenay","CDTYPE":"RD","CSDUID":"5903015","CSDNAME":"Nelson","CSDTYPE":"CY","CTUID":null,"CTNAME":null,"parentCdId":"5903","parentCdName":"Central Kootenay","parentCsdId":"5903015","parentCsdName":"Nelson","parentCtId":null,"parentCtName":null,"LANDAREA":0.5793,"areaKm2":1.278800954119366},"id":50007},{"type":"Feature","geometry":{"type":"Polygon","coordinates":[[[-117.288112,49.495466],[-117.289243,49.494845],[-117.287934,49.493244],[-117.290647,49.492226],[-117.289974,49.491473],[-117.288603,49.489937],[-117.287191,49.490478],[-117.285872,49.490984],[-117.286559,49.491736],[-117.285152,49.492267],[-117.284869,49.491948],[-117.283487,49.492471],[-117.2834,49.496707],[-117.287742,49.496844],[-117.288227,49.496536],[-117.288112,49.495466]]]},"properties":{"id":"59030150","boundaryCode":"59030150","boundaryName":"DA 59030150","boundarySource":"census","boundaryLevel":"bcDaSimplified","boundaryDetail":"medium","DAUID":"59030150","DGUID":"2021S051259030150","PRUID":"59","CDUID":"5903","CDNAME":"Central Kootenay","CDTYPE":"RD","CSDUID":"5903015","CSDNAME":"Nelson","CSDTYPE":"CY","CTUID":null,"CTNAME":null,"parentCdId":"5903","parentCdName":"Central Kootenay","parentCsdId":"5903015","parentCsdName":"Nelson","parentCtId":null,"parentCtName":null,"LANDAREA":0.2457,"areaKm2":0.24547162654298457},"id":50008},{"type":"Feature","geometry":{"type":"Polygon","coordinates":[[[-117.296048,49.492244],[-117.294013,49.489943],[-117.2954,49.489418],[-117.294652,49.488681],[-117.29196,49.489701],[-117.292635,49.490464],[-117.289974,49.491473],[-117.290647,49.492226],[-117.287934,49.493244],[-117.289243,49.494845],[-117.29063,49.496471],[-117.293344,49.495398],[-117.295434,49.493626],[-117.294677,49.492768],[-117.296048,49.492244]]]},"properties":{"id":"59030151","boundaryCode":"59030151","boundaryName":"DA 59030151","boundarySource":"census","boundaryLevel":"bcDaSimplified","boundaryDetail":"medium","DAUID":"59030151","DGUID":"2021S051259030151","PRUID":"59","CDUID":"5903","CDNAME":"Central Kootenay","CDTYPE":"RD","CSDUID":"5903015","CSDNAME":"Nelson","CSDTYPE":"CY","CTUID":null,"CTNAME":null,"parentCdId":"5903","parentCdName":"Central Kootenay","parentCsdId":"5903015","parentCsdName":"Nelson","parentCtId":null,"parentCtName":null,"LANDAREA":0.25170000000000003,"areaKm2":0.251419857642579},"id":50009},{"type":"Feature","geometry":{"type":"Polygon","coordinates":[[[-117.289974,49.491473],[-117.292635,49.490464],[-117.29196,49.489701],[-117.294652,49.488681],[-117.29378,49.48798],[-117.293049,49.488231],[-117.292658,49.487405],[-117.291993,49.487655],[-117.290637,49.486123],[-117.289253,49.486642],[-117.287894,49.487152],[-117.288575,49.487924],[-117.287245,49.488419],[-117.28793,49.489185],[-117.286512,49.489719],[-117.287191,49.490478],[-117.288603,49.489937],[-117.289974,49.491473]]]},"properties":{"id":"59030152","boundaryCode":"59030152","boundaryName":"DA 59030152","boundarySource":"census","boundaryLevel":"bcDaSimplified","boundaryDetail":"medium","DAUID":"59030152","DGUID":"2021S051259030152","PRUID":"59","CDUID":"5903","CDNAME":"Central Kootenay","CDTYPE":"RD","CSDUID":"5903015","CSDNAME":"Nelson","CSDTYPE":"CY","CTUID":null,"CTNAME":null,"parentCdId":"5903","parentCdName":"Central Kootenay","parentCsdId":"5903015","parentCsdName":"Nelson","parentCtId":null,"parentCtName":null,"LANDAREA":0.1706,"areaKm2":0.17037948527471272},"id":50010},{"type":"Feature","geometry":{"type":"Polygon","coordinates":[[[-117.287191,49.490478],[-117.286512,49.489719],[-117.28793,49.489185],[-117.287245,49.488419],[-117.288575,49.487924],[-117.287894,49.487152],[-117.289253,49.486642],[-117.286554,49.483594],[-117.283843,49.484609],[-117.285213,49.486144],[-117.282412,49.487185],[-117.283807,49.488716],[-117.282431,49.489209],[-117.283801,49.490739],[-117.285179,49.490221],[-117.285872,49.490984],[-117.287191,49.490478]]]},"properties":{"id":"59030153","boundaryCode":"59030153","boundaryName":"DA 59030153","boundarySource":"census","boundaryLevel":"bcDaSimplified","boundaryDetail":"medium","DAUID":"59030153","DGUID":"2021S051259030153","PRUID":"59","CDUID":"5903","CDNAME":"Central Kootenay","CDTYPE":"RD","CSDUID":"5903015","CSDNAME":"Nelson","CSDTYPE":"CY","CTUID":null,"CTNAME":null,"parentCdId":"5903","parentCdName":"Central Kootenay","parentCsdId":"5903015","parentCsdName":"Nelson","parentCtId":null,"parentCtName":null,"LANDAREA":0.22360000000000002,"areaKm2":0.22341613264991284},"id":50011},{"type":"Feature","geometry":{"type":"Polygon","coordinates":[[[-117.292658,49.487405],[-117.293328,49.487152],[-117.292898,49.486671],[-117.293353,49.485101],[-117.290687,49.482044],[-117.287945,49.483073],[-117.28727,49.48231],[-117.28588,49.482832],[-117.286554,49.483594],[-117.289253,49.486642],[-117.290637,49.486123],[-117.291993,49.487655],[-117.292658,49.487405]]]},"properties":{"id":"59030154","boundaryCode":"59030154","boundaryName":"DA 59030154","boundarySource":"census","boundaryLevel":"bcDaSimplified","boundaryDetail":"medium","DAUID":"59030154","DGUID":"2021S051259030154","PRUID":"59","CDUID":"5903","CDNAME":"Central Kootenay","CDTYPE":"RD","CSDUID":"5903015","CSDNAME":"Nelson","CSDTYPE":"CY","CTUID":null,"CTNAME":null,"parentCdId":"5903","parentCdName":"Central Kootenay","parentCsdId":"5903015","parentCsdName":"Nelson","parentCtId":null,"parentCtName":null,"LANDAREA":0.1752,"areaKm2":0.1750162659638209},"id":50012},{"type":"Feature","geometry":{"type":"Polygon","coordinates":[[[-117.293353,49.485101],[-117.294025,49.484855],[-117.292913,49.483184],[-117.289659,49.475201],[-117.287932,49.472951],[-117.28289,49.472871],[-117.282805,49.476462],[-117.283904,49.476461],[-117.2872,49.480294],[-117.28592,49.48078],[-117.28727,49.48231],[-117.287945,49.483073],[-117.290687,49.482044],[-117.293353,49.485101]]]},"properties":{"id":"59030155","boundaryCode":"59030155","boundaryName":"DA 59030155","boundarySource":"census","boundaryLevel":"bcDaSimplified","boundaryDetail":"medium","DAUID":"59030155","DGUID":"2021S051259030155","PRUID":"59","CDUID":"5903","CDNAME":"Central Kootenay","CDTYPE":"RD","CSDUID":"5903015","CSDNAME":"Nelson","CSDTYPE":"CY","CTUID":null,"CTNAME":null,"parentCdId":"5903","parentCdName":"Central Kootenay","parentCsdId":"5903015","parentCsdName":"Nelson","parentCtId":null,"parentCtName":null,"LANDAREA":0.4778,"areaKm2":0.47728431567606483},"id":50013},{"type":"Feature","geometry":{"type":"Polygon","coordinates":[[[-117.294025,49.484855],[-117.294683,49.484605],[-117.295922,49.485511],[-117.296699,49.48499],[-117.29672,49.484103],[-117.301598,49.484088],[-117.301631,49.482117],[-117.296652,49.482099],[-117.296332,49.480097],[-117.295614,49.480098],[-117.296113,49.479771],[-117.296132,49.475509],[-117.296102,49.4735],[-117.293034,49.473587],[-117.292965,49.472163],[-117.289969,49.472225],[-117.290109,49.472735],[-117.289672,49.472757],[-117.290782,49.474449],[-117.289659,49.475201],[-117.292913,49.483184],[-117.294025,49.484855]]]},"properties":{"id":"59030156","boundaryCode":"59030156","boundaryName":"DA 59030156","boundarySource":"census","boundaryLevel":"bcDaSimplified","boundaryDetail":"medium","DAUID":"59030156","DGUID":"2021S051259030156","PRUID":"59","CDUID":"5903","CDNAME":"Central Kootenay","CDTYPE":"RD","CSDUID":"5903015","CSDNAME":"Nelson","CSDTYPE":"CY","CTUID":null,"CTNAME":null,"parentCdId":"5903","parentCdName":"Central Kootenay","parentCsdId":"5903015","parentCsdName":"Nelson","parentCtId":null,"parentCtName":null,"LANDAREA":0.5579000000000001,"areaKm2":0.5572786571831709},"id":50014},{"type":"Feature","geometry":{"type":"Polygon","coordinates":[[[-117.301598,49.484088],[-117.302906,49.484189],[-117.303148,49.484784],[-117.303019,49.482122],[-117.307526,49.482295],[-117.31202,49.482783],[-117.313378,49.479575],[-117.313593,49.479043],[-117.314507,49.479018],[-117.310958,49.474605],[-117.310825,49.476004],[-117.303586,49.476134],[-117.303598,49.480019],[-117.303024,49.480226],[-117.296332,49.480097],[-117.296652,49.482099],[-117.301631,49.482117],[-117.301598,49.484088]]]},"properties":{"id":"59030157","boundaryCode":"59030157","boundaryName":"DA 59030157","boundarySource":"census","boundaryLevel":"bcDaSimplified","boundaryDetail":"medium","DAUID":"59030157","DGUID":"2021S051259030157","PRUID":"59","CDUID":"5903","CDNAME":"Central Kootenay","CDTYPE":"RD","CSDUID":"5903015","CSDNAME":"Nelson","CSDTYPE":"CY","CTUID":null,"CTNAME":null,"parentCdId":"5903","parentCdName":"Central Kootenay","parentCsdId":"5903015","parentCsdName":"Nelson","parentCtId":null,"parentCtName":null,"LANDAREA":0.6288,"areaKm2":0.628126117847217},"id":50015},{"type":"Feature","geometry":{"type":"Polygon","coordinates":[[[-117.296332,49.480097],[-117.303024,49.480226],[-117.303598,49.480019],[-117.303586,49.476134],[-117.303203,49.474629],[-117.299513,49.474699],[-117.29958,49.4755],[-117.296132,49.475509],[-117.296113,49.479771],[-117.295614,49.480098],[-117.296332,49.480097]]]},"properties":{"id":"59030158","boundaryCode":"59030158","boundaryName":"DA 59030158","boundarySource":"census","boundaryLevel":"bcDaSimplified","boundaryDetail":"medium","DAUID":"59030158","DGUID":"2021S051259030158","PRUID":"59","CDUID":"5903","CDNAME":"Central Kootenay","CDTYPE":"RD","CSDUID":"5903015","CSDNAME":"Nelson","CSDTYPE":"CY","CTUID":null,"CTNAME":null,"parentCdId":"5903","parentCdName":"Central Kootenay","parentCsdId":"5903015","parentCsdName":"Nelson","parentCtId":null,"parentCtName":null,"LANDAREA":0.3034,"areaKm2":0.30308238242383784},"id":50016},{"type":"Feature","geometry":{"type":"Polygon","coordinates":[[[-117.247177,49.550797],[-117.257311,49.529385],[-117.267388,49.520663],[-117.27107,49.518072],[-117.26106,49.518481],[-117.261632,49.516874],[-117.261629,49.51144],[-117.262082,49.510282],[-117.263444,49.508378],[-117.263834,49.506535],[-117.265106,49.504084],[-117.267181,49.502317],[-117.26814,49.500993],[-117.270317,49.499901],[-117.271763,49.499239],[-117.273342,49.497652],[-117.273302,49.493374],[-117.279135,49.49333],[-117.280026,49.492027],[-117.279774,49.489562],[-117.279828,49.48612],[-117.280289,49.485321],[-117.282611,49.480845],[-117.282805,49.476462],[-117.28289,49.472871],[-117.287932,49.472951],[-117.289659,49.475201],[-117.290782,49.474449],[-117.289672,49.472757],[-117.290109,49.472735],[-117.289969,49.472225],[-117.292965,49.472163],[-117.293034,49.473587],[-117.296102,49.4735],[-117.296132,49.475509],[-117.29958,49.4755],[-117.299513,49.474699],[-117.303203,49.474629],[-117.303586,49.476134],[-117.310825,49.476004],[-117.310958,49.474605],[-117.314507,49.479018],[-117.313593,49.479043],[-117.313378,49.479575],[-117.359478,49.481404],[-117.359132,49.480831],[-117.35703,49.480136],[-117.354555,49.477751],[-117.353282,49.473581],[-117.35107,49.471124],[-117.351347,49.469278],[-117.350345,49.466413],[-117.351579,49.463197],[-117.353017,49.461654],[-117.354871,49.458501],[-117.355045,49.455838],[-117.355945,49.454351],[-117.355713,49.452948],[-117.356488,49.451317],[-117.356311,49.447703],[-117.355917,49.446823],[-117.349663,49.440095],[-117.348363,49.435764],[-117.338617,49.410937],[-117.334833,49.412304],[-117.328526,49.410778],[-117.319912,49.410152],[-117.314462,49.412243],[-117.310194,49.414923],[-117.306512,49.41806],[-117.29363,49.418527],[-117.275945,49.420723],[-117.272116,49.420709],[-117.268981,49.41986],[-117.262239,49.415701],[-117.258961,49.414244],[-117.25019,49.411528],[-117.229058,49.411423],[-117.229386,49.420696],[-117.229653,49.4363],[-117.184857,49.436198],[-117.148805,49.438341],[-117.119676,49.437801],[-117.117708,49.448245],[-117.111881,49.455635],[-117.100895,49.464356],[-117.088704,49.470902],[-117.086189,49.471675],[-117.086143,49.472486],[-117.081829,49.474713],[-117.081266,49.477447],[-117.079299,49.481415],[-117.079206,49.483197],[-117.076825,49.488199],[-117.076098,49.491627],[-117.076391,49.493344],[-117.077444,49.495421],[-117.07803,49.499244],[-117.078652,49.500233],[-117.078118,49.502536],[-117.079352,49.505584],[-117.079367,49.506574],[-117.084281,49.512551],[-117.086008,49.513387],[-117.08731,49.514547],[-117.089302,49.515256],[-117.091225,49.517018],[-117.091696,49.518025],[-117.093424,49.518886],[-117.093191,49.519651],[-117.093676,49.520245],[-117.094685,49.520523],[-117.094645,49.521233],[-117.095917,49.521384],[-117.096499,49.522212],[-117.097799,49.523038],[-117.09805,49.524486],[-117.098521,49.524909],[-117.098218,49.525808],[-117.101028,49.527345],[-117.101857,49.528233],[-117.102552,49.529888],[-117.103271,49.530382],[-117.106252,49.534544],[-117.106932,49.536289],[-117.111021,49.541484],[-117.111025,49.542564],[-117.112936,49.544153],[-117.113855,49.547004],[-117.115489,49.548756],[-117.117283,49.552567],[-117.118556,49.553412],[-117.119874,49.555038],[-117.12062,49.555174],[-117.121493,49.556062],[-117.124012,49.55687],[-117.124442,49.557318],[-117.125507,49.557408],[-117.129093,49.559203],[-117.128823,49.561604],[-117.132399,49.564551],[-117.13441,49.566636],[-117.134495,49.567336],[-117.135354,49.56811],[-117.136254,49.568396],[-117.137103,49.570418],[-117.137092,49.571471],[-117.137465,49.571696],[-117.137497,49.573072],[-117.139603,49.57458],[-117.140468,49.576325],[-117.141271,49.576746],[-117.142192,49.579408],[-117.142912,49.579938],[-117.143287,49.580854],[-117.144801,49.582138],[-117.145986,49.580896],[-117.149916,49.581503],[-117.153048,49.583306],[-117.154062,49.584663],[-117.155959,49.584688],[-117.156652,49.58563],[-117.157496,49.585675],[-117.158066,49.586223],[-117.160266,49.586318],[-117.161401,49.58674],[-117.161835,49.587684],[-117.162901,49.58824],[-117.16314,49.589301],[-117.163819,49.589551],[-117.163673,49.591531],[-117.164653,49.594704],[-117.167569,49.597468],[-117.172904,49.594543],[-117.177043,49.593021],[-117.181184,49.590978],[-117.199689,49.580347],[-117.20427,49.578109],[-117.215221,49.572804],[-117.218451,49.569523],[-117.220179,49.568864],[-117.226899,49.566265],[-117.23543,49.560668],[-117.245895,49.553335],[-117.247177,49.550797]]]},"properties":{"id":"59030159","boundaryCode":"59030159","boundaryName":"DA 59030159","boundarySource":"census","boundaryLevel":"bcDaSimplified","boundaryDetail":"medium","DAUID":"59030159","DGUID":"2021S051259030159","PRUID":"59","CDUID":"5903","CDNAME":"Central Kootenay","CDTYPE":"RD","CSDUID":"5903041","CSDNAME":"Central Kootenay E","CSDTYPE":"RDA","CTUID":null,"CTNAME":null,"parentCdId":"5903","parentCdName":"Central Kootenay","parentCsdId":"5903041","parentCsdName":"Central Kootenay E","parentCtId":null,"parentCtName":null,"LANDAREA":223.5299,"areaKm2":229.51624695481237},"id":50017},{"type":"Feature","geometry":{"type":"Polygon","coordinates":[[[-117.286554,49.483594],[-117.28588,49.482832],[-117.28727,49.48231],[-117.28592,49.48078],[-117.2872,49.480294],[-117.283904,49.476461],[-117.282805,49.476462],[-117.282611,49.480845],[-117.280289,49.485321],[-117.281026,49.485664],[-117.283843,49.484609],[-117.286554,49.483594]]]},"properties":{"id":"59030160","boundaryCode":"59030160","boundaryName":"DA 59030160","boundarySource":"census","boundaryLevel":"bcDaSimplified","boundaryDetail":"medium","DAUID":"59030160","DGUID":"2021S051259030160","PRUID":"59","CDUID":"5903","CDNAME":"Central Kootenay","CDTYPE":"RD","CSDUID":"5903015","CSDNAME":"Nelson","CSDTYPE":"CY","CTUID":null,"CTNAME":null,"parentCdId":"5903","parentCdName":"Central Kootenay","parentCsdId":"5903015","parentCsdName":"Nelson","parentCtId":null,"parentCtName":null,"LANDAREA":0.2535,"areaKm2":0.2532103208738296},"id":50018},{"type":"Feature","geometry":{"type":"Polygon","coordinates":[[[-117.285872,49.490984],[-117.285179,49.490221],[-117.283801,49.490739],[-117.282431,49.489209],[-117.283807,49.488716],[-117.282412,49.487185],[-117.285213,49.486144],[-117.283843,49.484609],[-117.281026,49.485664],[-117.280289,49.485321],[-117.279828,49.48612],[-117.279774,49.489562],[-117.280071,49.490253],[-117.28099,49.490769],[-117.281548,49.492644],[-117.283103,49.492047],[-117.283487,49.492471],[-117.284869,49.491948],[-117.285152,49.492267],[-117.286559,49.491736],[-117.285872,49.490984]]]},"properties":{"id":"59030161","boundaryCode":"59030161","boundaryName":"DA 59030161","boundarySource":"census","boundaryLevel":"bcDaSimplified","boundaryDetail":"medium","DAUID":"59030161","DGUID":"2021S051259030161","PRUID":"59","CDUID":"5903","CDNAME":"Central Kootenay","CDTYPE":"RD","CSDUID":"5903015","CSDNAME":"Nelson","CSDTYPE":"CY","CTUID":null,"CTNAME":null,"parentCdId":"5903","parentCdName":"Central Kootenay","parentCsdId":"5903015","parentCsdName":"Nelson","parentCtId":null,"parentCtName":null,"LANDAREA":0.22360000000000002,"areaKm2":0.2250529844505775},"id":50019},{"type":"Feature","geometry":{"type":"Polygon","coordinates":[[[-117.274219,49.49992],[-117.276621,49.499919],[-117.278265,49.499111],[-117.282583,49.496691],[-117.2834,49.496707],[-117.283487,49.492471],[-117.283103,49.492047],[-117.281548,49.492644],[-117.28099,49.490769],[-117.280071,49.490253],[-117.279774,49.489562],[-117.280026,49.492027],[-117.279135,49.49333],[-117.273302,49.493374],[-117.273342,49.497652],[-117.271763,49.499239],[-117.270317,49.499901],[-117.273447,49.499676],[-117.274219,49.49992]]]},"properties":{"id":"59030162","boundaryCode":"59030162","boundaryName":"DA 59030162","boundarySource":"census","boundaryLevel":"bcDaSimplified","boundaryDetail":"medium","DAUID":"59030162","DGUID":"2021S051259030162","PRUID":"59","CDUID":"5903","CDNAME":"Central Kootenay","CDTYPE":"RD","CSDUID":"5903015","CSDNAME":"Nelson","CSDTYPE":"CY","CTUID":null,"CTNAME":null,"parentCdId":"5903","parentCdName":"Central Kootenay","parentCsdId":"5903015","parentCsdName":"Nelson","parentCtId":null,"parentCtName":null,"LANDAREA":0.5119,"areaKm2":0.5113875503170819},"id":50020},{"type":"Feature","geometry":{"type":"Polygon","coordinates":[[[-117.307526,49.482295],[-117.307527,49.485976],[-117.308052,49.486399],[-117.312451,49.485948],[-117.318117,49.485908],[-117.323201,49.487582],[-117.325669,49.489077],[-117.33094,49.489877],[-117.332744,49.490928],[-117.335831,49.493638],[-117.337046,49.493918],[-117.339627,49.493858],[-117.340844,49.494977],[-117.339253,49.494843],[-117.335294,49.493726],[-117.334385,49.494251],[-117.339593,49.495711],[-117.343931,49.498563],[-117.34678,49.499103],[-117.350407,49.498785],[-117.359041,49.50038],[-117.370041,49.499685],[-117.371452,49.498647],[-117.379124,49.496294],[-117.38263,49.49245],[-117.383067,49.490609],[-117.389682,49.487535],[-117.38835,49.486318],[-117.38617,49.485713],[-117.384917,49.484457],[-117.37602,49.484959],[-117.374444,49.485916],[-117.371158,49.491762],[-117.369555,49.492636],[-117.369243,49.490674],[-117.370396,49.489008],[-117.369844,49.487896],[-117.370183,49.486654],[-117.371311,49.48616],[-117.372107,49.484352],[-117.374156,49.482915],[-117.379123,49.480729],[-117.381667,49.480152],[-117.386903,49.479608],[-117.389191,49.478278],[-117.392916,49.477302],[-117.39528,49.47788],[-117.399202,49.477584],[-117.402233,49.476775],[-117.406976,49.476187],[-117.416527,49.474287],[-117.419594,49.473425],[-117.421991,49.473679],[-117.427632,49.473465],[-117.429189,49.472885],[-117.431244,49.470596],[-117.434024,49.468716],[-117.436092,49.468336],[-117.437818,49.467521],[-117.440123,49.467926],[-117.441739,49.467882],[-117.446246,49.466966],[-117.450201,49.467395],[-117.453474,49.469245],[-117.452974,49.468562],[-117.453624,49.467979],[-117.456321,49.467664],[-117.458768,49.465954],[-117.458607,49.459562],[-117.464946,49.459478],[-117.467392,49.456594],[-117.469948,49.455508],[-117.470063,49.45127],[-117.481765,49.451354],[-117.482746,49.435928],[-117.516974,49.43593],[-117.518442,49.433475],[-117.514725,49.421647],[-117.515025,49.391979],[-117.525733,49.391731],[-117.526193,49.384609],[-117.531951,49.384372],[-117.531127,49.37755],[-117.537788,49.377232],[-117.537557,49.370387],[-117.543471,49.369992],[-117.543297,49.363102],[-117.549293,49.362968],[-117.549361,49.356182],[-117.554606,49.355829],[-117.554949,49.348714],[-117.490888,49.348997],[-117.491234,49.337458],[-117.482005,49.336722],[-117.470902,49.336463],[-117.461016,49.338729],[-117.451454,49.352686],[-117.444392,49.356544],[-117.432907,49.361106],[-117.43055,49.367167],[-117.430216,49.375007],[-117.421999,49.375673],[-117.414406,49.379958],[-117.413392,49.382579],[-117.419712,49.388492],[-117.416938,49.393538],[-117.405628,49.396391],[-117.400857,49.397228],[-117.394079,49.396121],[-117.390513,49.392348],[-117.383714,49.392537],[-117.372788,49.395884],[-117.348567,49.40722],[-117.338617,49.410937],[-117.348363,49.435764],[-117.349663,49.440095],[-117.355917,49.446823],[-117.356311,49.447703],[-117.356488,49.451317],[-117.355713,49.452948],[-117.355945,49.454351],[-117.355045,49.455838],[-117.354871,49.458501],[-117.353017,49.461654],[-117.351579,49.463197],[-117.350345,49.466413],[-117.351347,49.469278],[-117.35107,49.471124],[-117.353282,49.473581],[-117.354555,49.477751],[-117.35703,49.480136],[-117.359132,49.480831],[-117.359478,49.481404],[-117.313378,49.479575],[-117.31202,49.482783],[-117.307526,49.482295]]]},"properties":{"id":"59030163","boundaryCode":"59030163","boundaryName":"DA 59030163","boundarySource":"census","boundaryLevel":"bcDaSimplified","boundaryDetail":"medium","DAUID":"59030163","DGUID":"2021S051259030163","PRUID":"59","CDUID":"5903","CDNAME":"Central Kootenay","CDTYPE":"RD","CSDUID":"5903041","CSDNAME":"Central Kootenay E","CSDTYPE":"RDA","CTUID":null,"CTNAME":null,"parentCdId":"5903","parentCdName":"Central Kootenay","parentCsdId":"5903041","parentCsdName":"Central Kootenay E","parentCtId":null,"parentCtName":null,"LANDAREA":143.20000000000002,"areaKm2":143.93122259755606},"id":50021},{"type":"Feature","geometry":{"type":"Polygon","coordinates":[[[-117.30087,49.496757],[-117.303273,49.496093],[-117.312349,49.489036],[-117.326338,49.491248],[-117.330538,49.491954],[-117.334385,49.494251],[-117.335294,49.493726],[-117.339253,49.494843],[-117.340844,49.494977],[-117.339627,49.493858],[-117.337046,49.493918],[-117.335831,49.493638],[-117.332744,49.490928],[-117.33094,49.489877],[-117.325669,49.489077],[-117.323201,49.487582],[-117.318117,49.485908],[-117.312451,49.485948],[-117.308052,49.486399],[-117.307527,49.485976],[-117.307526,49.482295],[-117.303019,49.482122],[-117.303148,49.484784],[-117.302906,49.484189],[-117.301598,49.484088],[-117.29672,49.484103],[-117.296699,49.48499],[-117.295922,49.485511],[-117.294683,49.484605],[-117.294025,49.484855],[-117.293353,49.485101],[-117.292898,49.486671],[-117.293328,49.487152],[-117.292658,49.487405],[-117.293049,49.488231],[-117.29378,49.48798],[-117.294652,49.488681],[-117.2954,49.489418],[-117.294013,49.489943],[-117.296048,49.492244],[-117.297443,49.49179],[-117.299313,49.494062],[-117.30087,49.496757]]]},"properties":{"id":"59030164","boundaryCode":"59030164","boundaryName":"DA 59030164","boundarySource":"census","boundaryLevel":"bcDaSimplified","boundaryDetail":"medium","DAUID":"59030164","DGUID":"2021S051259030164","PRUID":"59","CDUID":"5903","CDNAME":"Central Kootenay","CDTYPE":"RD","CSDUID":"5903015","CSDNAME":"Nelson","CSDTYPE":"CY","CTUID":null,"CTNAME":null,"parentCdId":"5903","parentCdName":"Central Kootenay","parentCsdId":"5903015","parentCsdName":"Nelson","parentCtId":null,"parentCtName":null,"LANDAREA":1.1001,"areaKm2":1.8565881770892902},"id":50022},{"type":"Feature","geometry":{"type":"Polygon","coordinates":[[[-117.331739,49.517537],[-117.332159,49.515623],[-117.331998,49.513592],[-117.330504,49.511361],[-117.33091,49.509402],[-117.329245,49.507899],[-117.328748,49.506543],[-117.3291,49.503236],[-117.331465,49.501618],[-117.331885,49.500313],[-117.331654,49.499855],[-117.326957,49.496943],[-117.32734,49.496662],[-117.330534,49.496989],[-117.331243,49.496094],[-117.330445,49.495267],[-117.327201,49.494493],[-117.326338,49.491248],[-117.312349,49.489036],[-117.303273,49.496093],[-117.30087,49.496757],[-117.294749,49.500006],[-117.284151,49.509317],[-117.286895,49.510773],[-117.285342,49.512256],[-117.286134,49.513111],[-117.285094,49.51389],[-117.285893,49.51427],[-117.284109,49.515694],[-117.284641,49.516138],[-117.283808,49.516752],[-117.284461,49.517068],[-117.285417,49.516447],[-117.288421,49.518217],[-117.331739,49.517537]]]},"properties":{"id":"59030165","boundaryCode":"59030165","boundaryName":"DA 59030165","boundarySource":"census","boundaryLevel":"bcDaSimplified","boundaryDetail":"medium","DAUID":"59030165","DGUID":"2021S051259030165","PRUID":"59","CDUID":"5903","CDNAME":"Central Kootenay","CDTYPE":"RD","CSDUID":"5903043","CSDNAME":"Central Kootenay F","CSDTYPE":"RDA","CTUID":null,"CTNAME":null,"parentCdId":"5903","parentCdName":"Central Kootenay","parentCsdId":"5903043","parentCsdName":"Central Kootenay F","parentCtId":null,"parentCtName":null,"LANDAREA":7.0194,"areaKm2":8.145635995954889},"id":50023},{"type":"Feature","geometry":{"type":"Polygon","coordinates":[[[-117.555179,49.53346],[-117.553986,49.530152],[-117.554138,49.529712],[-117.55546,49.528845],[-117.556046,49.524084],[-117.555284,49.522772],[-117.554012,49.521898],[-117.551052,49.518171],[-117.548391,49.51335],[-117.54671,49.511159],[-117.543674,49.510529],[-117.542206,49.50889],[-117.541992,49.508119],[-117.543045,49.501318],[-117.542695,49.499694],[-117.543621,49.498263],[-117.544831,49.497361],[-117.544648,49.495371],[-117.545206,49.49465],[-117.545478,49.492622],[-117.545163,49.492009],[-117.543596,49.490893],[-117.545155,49.483707],[-117.544459,49.482835],[-117.54553,49.48157],[-117.545448,49.480921],[-117.542068,49.479944],[-117.516802,49.479872],[-117.517195,49.472588],[-117.51155,49.472639],[-117.511702,49.465623],[-117.505855,49.465802],[-117.505943,49.463801],[-117.50458,49.464059],[-117.503549,49.464626],[-117.497375,49.465472],[-117.491801,49.467244],[-117.489881,49.467441],[-117.489953,49.470386],[-117.495871,49.470578],[-117.491479,49.475738],[-117.493246,49.478537],[-117.485001,49.478091],[-117.484606,49.474488],[-117.476045,49.474472],[-117.473793,49.473105],[-117.470113,49.472032],[-117.468494,49.474004],[-117.468884,49.47265],[-117.469715,49.471789],[-117.468023,49.471283],[-117.467852,49.472135],[-117.464886,49.47604],[-117.464469,49.476385],[-117.462564,49.476141],[-117.45785,49.479535],[-117.456716,49.480865],[-117.451824,49.482854],[-117.448592,49.485167],[-117.444316,49.485816],[-117.427513,49.48391],[-117.424017,49.483074],[-117.420129,49.483215],[-117.417359,49.485251],[-117.413176,49.487576],[-117.407635,49.488515],[-117.398988,49.486769],[-117.389682,49.487535],[-117.383067,49.490609],[-117.38263,49.49245],[-117.379124,49.496294],[-117.371452,49.498647],[-117.370041,49.499685],[-117.359041,49.50038],[-117.350407,49.498785],[-117.34678,49.499103],[-117.343931,49.498563],[-117.339593,49.495711],[-117.334385,49.494251],[-117.330538,49.491954],[-117.326338,49.491248],[-117.327201,49.494493],[-117.330445,49.495267],[-117.331243,49.496094],[-117.330534,49.496989],[-117.32734,49.496662],[-117.326957,49.496943],[-117.331654,49.499855],[-117.331885,49.500313],[-117.331465,49.501618],[-117.3291,49.503236],[-117.328748,49.506543],[-117.329245,49.507899],[-117.33091,49.509402],[-117.330504,49.511361],[-117.331998,49.513592],[-117.332159,49.515623],[-117.331739,49.517537],[-117.331427,49.518534],[-117.332366,49.520107],[-117.333944,49.521667],[-117.334641,49.524362],[-117.335814,49.526331],[-117.335866,49.529619],[-117.33629,49.530728],[-117.335708,49.532325],[-117.335448,49.535755],[-117.335026,49.536345],[-117.333758,49.536967],[-117.332372,49.540106],[-117.332385,49.54384],[-117.333038,49.544715],[-117.333014,49.546532],[-117.332584,49.547552],[-117.331332,49.548746],[-117.332038,49.549203],[-117.33001,49.551563],[-117.328329,49.55262],[-117.325417,49.555409],[-117.32232,49.557441],[-117.318691,49.560815],[-117.317203,49.561655],[-117.316177,49.563475],[-117.314637,49.564666],[-117.314412,49.566358],[-117.31184,49.572689],[-117.310702,49.574499],[-117.310544,49.575561],[-117.308131,49.579004],[-117.305847,49.580916],[-117.30355,49.585375],[-117.304053,49.586183],[-117.303948,49.587218],[-117.302484,49.589947],[-117.301813,49.592981],[-117.302622,49.596612],[-117.302471,49.601002],[-117.304015,49.604712],[-117.3062,49.60664],[-117.306918,49.608248],[-117.30643,49.612189],[-117.308724,49.613955],[-117.310274,49.615885],[-117.311871,49.616727],[-117.312378,49.618245],[-117.314538,49.619141],[-117.322104,49.623987],[-117.32264,49.623969],[-117.33464,49.623653],[-117.342753,49.620823],[-117.351601,49.622233],[-117.362154,49.626986],[-117.3763,49.624009],[-117.39482,49.634213],[-117.403002,49.621512],[-117.429726,49.609831],[-117.426856,49.602112],[-117.417431,49.598341],[-117.41546,49.58645],[-117.417822,49.58417],[-117.424176,49.585243],[-117.434069,49.588736],[-117.447972,49.584138],[-117.448242,49.575392],[-117.458536,49.578525],[-117.47439,49.57339],[-117.492367,49.57574],[-117.503097,49.574935],[-117.516301,49.55681],[-117.527781,49.557075],[-117.538156,49.550098],[-117.543384,49.548072],[-117.544401,49.543864],[-117.545598,49.542697],[-117.550383,49.541355],[-117.55518,49.540695],[-117.55619,49.539726],[-117.556158,49.538413],[-117.553862,49.536342],[-117.554016,49.535622],[-117.555193,49.534279],[-117.555179,49.53346]]]},"properties":{"id":"59030166","boundaryCode":"59030166","boundaryName":"DA 59030166","boundarySource":"census","boundaryLevel":"bcDaSimplified","boundaryDetail":"medium","DAUID":"59030166","DGUID":"2021S051259030166","PRUID":"59","CDUID":"5903","CDNAME":"Central Kootenay","CDTYPE":"RD","CSDUID":"5903043","CSDNAME":"Central Kootenay F","CSDTYPE":"RDA","CTUID":null,"CTNAME":null,"parentCdId":"5903","parentCdName":"Central Kootenay","parentCsdId":"5903043","parentCsdName":"Central Kootenay F","parentCtId":null,"parentCtName":null,"LANDAREA":200.3427,"areaKm2":202.11442807077458},"id":50024},{"type":"Feature","geometry":{"type":"Polygon","coordinates":[[[-117.389682,49.487535],[-117.398988,49.486769],[-117.407635,49.488515],[-117.413176,49.487576],[-117.417359,49.485251],[-117.420129,49.483215],[-117.424017,49.483074],[-117.427513,49.48391],[-117.444316,49.485816],[-117.448592,49.485167],[-117.451824,49.482854],[-117.456716,49.480865],[-117.45785,49.479535],[-117.462564,49.476141],[-117.461628,49.475375],[-117.461484,49.474801],[-117.462713,49.47342],[-117.462534,49.47191],[-117.463742,49.469881],[-117.46358,49.467192],[-117.463354,49.46677],[-117.458906,49.466991],[-117.458768,49.465954],[-117.456321,49.467664],[-117.453624,49.467979],[-117.452974,49.468562],[-117.453474,49.469245],[-117.450201,49.467395],[-117.446246,49.466966],[-117.441739,49.467882],[-117.440123,49.467926],[-117.437818,49.467521],[-117.436092,49.468336],[-117.434024,49.468716],[-117.431244,49.470596],[-117.429189,49.472885],[-117.427632,49.473465],[-117.421991,49.473679],[-117.419594,49.473425],[-117.416527,49.474287],[-117.406976,49.476187],[-117.402233,49.476775],[-117.399202,49.477584],[-117.39528,49.47788],[-117.392916,49.477302],[-117.389191,49.478278],[-117.386903,49.479608],[-117.381667,49.480152],[-117.379123,49.480729],[-117.374156,49.482915],[-117.372107,49.484352],[-117.371311,49.48616],[-117.370183,49.486654],[-117.369844,49.487896],[-117.370396,49.489008],[-117.369243,49.490674],[-117.369555,49.492636],[-117.371158,49.491762],[-117.374444,49.485916],[-117.37602,49.484959],[-117.384917,49.484457],[-117.38617,49.485713],[-117.38835,49.486318],[-117.389682,49.487535]]]},"properties":{"id":"59030167","boundaryCode":"59030167","boundaryName":"DA 59030167","boundarySource":"census","boundaryLevel":"bcDaSimplified","boundaryDetail":"medium","DAUID":"59030167","DGUID":"2021S051259030167","PRUID":"59","CDUID":"5903","CDNAME":"Central Kootenay","CDTYPE":"RD","CSDUID":"5903041","CSDNAME":"Central Kootenay E","CSDTYPE":"RDA","CTUID":null,"CTNAME":null,"parentCdId":"5903","parentCdName":"Central Kootenay","parentCsdId":"5903041","parentCsdName":"Central Kootenay E","parentCtId":null,"parentCtName":null,"LANDAREA":7.2636,"areaKm2":8.297893781887222},"id":50025},{"type":"Feature","geometry":{"type":"Polygon","coordinates":[[[-117.458768,49.465954],[-117.458906,49.466991],[-117.463354,49.46677],[-117.46358,49.467192],[-117.463742,49.469881],[-117.462534,49.47191],[-117.462713,49.47342],[-117.461484,49.474801],[-117.461628,49.475375],[-117.462564,49.476141],[-117.464469,49.476385],[-117.464886,49.47604],[-117.467852,49.472135],[-117.468023,49.471283],[-117.468279,49.470101],[-117.470152,49.468607],[-117.472766,49.461509],[-117.473729,49.460564],[-117.474746,49.460146],[-117.478505,49.459596],[-117.481019,49.4597],[-117.489564,49.462549],[-117.498529,49.462016],[-117.502025,49.462531],[-117.50591,49.462012],[-117.507602,49.461995],[-117.514413,49.460777],[-117.514824,49.460576],[-117.514861,49.459725],[-117.518079,49.458379],[-117.518635,49.457803],[-117.519817,49.458383],[-117.522251,49.456982],[-117.524063,49.452104],[-117.52364,49.450283],[-117.524947,49.449001],[-117.524866,49.448663],[-117.522082,49.450539],[-117.521624,49.449894],[-117.520537,49.450342],[-117.520348,49.449212],[-117.517999,49.446227],[-117.520095,49.446102],[-117.521357,49.444545],[-117.522185,49.444131],[-117.522711,49.444327],[-117.523518,49.443819],[-117.523799,49.442883],[-117.523315,49.441509],[-117.522914,49.441519],[-117.522286,49.442311],[-117.519808,49.442956],[-117.517558,49.442281],[-117.517161,49.442588],[-117.517886,49.443288],[-117.517584,49.443612],[-117.516122,49.443457],[-117.515908,49.441681],[-117.514419,49.441595],[-117.514218,49.446607],[-117.508536,49.446685],[-117.508382,49.450964],[-117.481765,49.451354],[-117.470063,49.45127],[-117.469948,49.455508],[-117.467392,49.456594],[-117.464946,49.459478],[-117.458607,49.459562],[-117.458768,49.465954]]]},"properties":{"id":"59030168","boundaryCode":"59030168","boundaryName":"DA 59030168","boundarySource":"census","boundaryLevel":"bcDaSimplified","boundaryDetail":"medium","DAUID":"59030168","DGUID":"2021S051259030168","PRUID":"59","CDUID":"5903","CDNAME":"Central Kootenay","CDTYPE":"RD","CSDUID":"5903015","CSDNAME":"Nelson","CSDTYPE":"CY","CTUID":null,"CTNAME":null,"parentCdId":"5903","parentCdName":"Central Kootenay","parentCsdId":"5903015","parentCsdName":"Nelson","parentCtId":null,"parentCtName":null,"LANDAREA":4.3645000000000005,"areaKm2":6.105026952269363},"id":50026},{"type":"Feature","geometry":{"type":"Polygon","coordinates":[[[-117.505943,49.463801],[-117.50591,49.462012],[-117.502025,49.462531],[-117.498529,49.462016],[-117.489564,49.462549],[-117.481019,49.4597],[-117.478505,49.459596],[-117.474746,49.460146],[-117.473729,49.460564],[-117.472766,49.461509],[-117.470152,49.468607],[-117.468279,49.470101],[-117.468023,49.471283],[-117.469715,49.471789],[-117.468884,49.47265],[-117.468494,49.474004],[-117.470113,49.472032],[-117.473793,49.473105],[-117.476045,49.474472],[-117.484606,49.474488],[-117.485001,49.478091],[-117.493246,49.478537],[-117.491479,49.475738],[-117.495871,49.470578],[-117.489953,49.470386],[-117.489881,49.467441],[-117.491801,49.467244],[-117.497375,49.465472],[-117.503549,49.464626],[-117.50458,49.464059],[-117.505943,49.463801]]]},"properties":{"id":"59030169","boundaryCode":"59030169","boundaryName":"DA 59030169","boundarySource":"census","boundaryLevel":"bcDaSimplified","boundaryDetail":"medium","DAUID":"59030169","DGUID":"2021S051259030169","PRUID":"59","CDUID":"5903","CDNAME":"Central Kootenay","CDTYPE":"RD","CSDUID":"5903043","CSDNAME":"Central Kootenay F","CSDTYPE":"RDA","CTUID":null,"CTNAME":null,"parentCdId":"5903","parentCdName":"Central Kootenay","parentCsdId":"5903043","parentCsdName":"Central Kootenay F","parentCtId":null,"parentCtName":null,"LANDAREA":2.9047,"areaKm2":2.901712914670579},"id":50027},{"type":"Feature","geometry":{"type":"Polygon","coordinates":[[[-117.64919,49.54182],[-117.643922,49.537473],[-117.637333,49.535883],[-117.633878,49.533453],[-117.631837,49.530595],[-117.631918,49.529809],[-117.633238,49.527863],[-117.633175,49.526708],[-117.631457,49.52421],[-117.630028,49.520612],[-117.628165,49.518633],[-117.624167,49.516606],[-117.603161,49.509142],[-117.601831,49.507881],[-117.599903,49.504367],[-117.599144,49.501056],[-117.598417,49.499939],[-117.586784,49.491699],[-117.582273,49.485499],[-117.580365,49.484295],[-117.576435,49.482964],[-117.574999,49.48191],[-117.571612,49.477355],[-117.570949,49.469896],[-117.570376,49.467799],[-117.569433,49.466405],[-117.566137,49.46318],[-117.560738,49.45576],[-117.559439,49.451154],[-117.557326,49.445113],[-117.556622,49.444345],[-117.553026,49.442415],[-117.548849,49.441848],[-117.539189,49.441875],[-117.539171,49.440717],[-117.53564,49.440532],[-117.530592,49.440426],[-117.530282,49.43894],[-117.529753,49.438574],[-117.528136,49.438303],[-117.526008,49.439122],[-117.518223,49.440012],[-117.518078,49.439266],[-117.517425,49.438881],[-117.517901,49.438349],[-117.518309,49.436323],[-117.516974,49.43593],[-117.482746,49.435928],[-117.481765,49.451354],[-117.508382,49.450964],[-117.508536,49.446685],[-117.514218,49.446607],[-117.514419,49.441595],[-117.515908,49.441681],[-117.516122,49.443457],[-117.517584,49.443612],[-117.517886,49.443288],[-117.517161,49.442588],[-117.517558,49.442281],[-117.519808,49.442956],[-117.522286,49.442311],[-117.522914,49.441519],[-117.523315,49.441509],[-117.523799,49.442883],[-117.523518,49.443819],[-117.522711,49.444327],[-117.522185,49.444131],[-117.521357,49.444545],[-117.520095,49.446102],[-117.517999,49.446227],[-117.520348,49.449212],[-117.520537,49.450342],[-117.521624,49.449894],[-117.522082,49.450539],[-117.524866,49.448663],[-117.524947,49.449001],[-117.52364,49.450283],[-117.524063,49.452104],[-117.522251,49.456982],[-117.519817,49.458383],[-117.518635,49.457803],[-117.518079,49.458379],[-117.514861,49.459725],[-117.514824,49.460576],[-117.514413,49.460777],[-117.507602,49.461995],[-117.50591,49.462012],[-117.505943,49.463801],[-117.505855,49.465802],[-117.511702,49.465623],[-117.51155,49.472639],[-117.517195,49.472588],[-117.516802,49.479872],[-117.542068,49.479944],[-117.545448,49.480921],[-117.54553,49.48157],[-117.544459,49.482835],[-117.545155,49.483707],[-117.543596,49.490893],[-117.545163,49.492009],[-117.545478,49.492622],[-117.545206,49.49465],[-117.544648,49.495371],[-117.544831,49.497361],[-117.543621,49.498263],[-117.542695,49.499694],[-117.543045,49.501318],[-117.541992,49.508119],[-117.542206,49.50889],[-117.543674,49.510529],[-117.54671,49.511159],[-117.548391,49.51335],[-117.551052,49.518171],[-117.554012,49.521898],[-117.555284,49.522772],[-117.556046,49.524084],[-117.55546,49.528845],[-117.554138,49.529712],[-117.553986,49.530152],[-117.555179,49.53346],[-117.58203,49.536349],[-117.591603,49.541388],[-117.602537,49.545562],[-117.619731,49.541572],[-117.628436,49.544854],[-117.647742,49.5423],[-117.650047,49.54257],[-117.64919,49.54182]]]},"properties":{"id":"59030170","boundaryCode":"59030170","boundaryName":"DA 59030170","boundarySource":"census","boundaryLevel":"bcDaSimplified","boundaryDetail":"medium","DAUID":"59030170","DGUID":"2021S051259030170","PRUID":"59","CDUID":"5903","CDNAME":"Central Kootenay","CDTYPE":"RD","CSDUID":"5903052","CSDNAME":"Central Kootenay H","CSDTYPE":"RDA","CTUID":null,"CTNAME":null,"parentCdId":"5903","parentCdName":"Central Kootenay","parentCsdId":"5903052","parentCsdName":"Central Kootenay H","parentCtId":null,"parentCtName":null,"LANDAREA":48.2958,"areaKm2":49.164246011880905},"id":50028},{"type":"Feature","geometry":{"type":"Polygon","coordinates":[[[-117.516974,49.43593],[-117.518309,49.436323],[-117.517901,49.438349],[-117.517425,49.438881],[-117.518078,49.439266],[-117.518223,49.440012],[-117.526008,49.439122],[-117.528136,49.438303],[-117.529753,49.438574],[-117.530282,49.43894],[-117.530592,49.440426],[-117.53564,49.440532],[-117.535401,49.43487],[-117.531637,49.430144],[-117.529747,49.424446],[-117.531151,49.420245],[-117.526785,49.420247],[-117.523255,49.419244],[-117.522558,49.421654],[-117.522779,49.423773],[-117.522324,49.426982],[-117.521397,49.430025],[-117.518442,49.433475],[-117.516974,49.43593]]]},"properties":{"id":"59030171","boundaryCode":"59030171","boundaryName":"DA 59030171","boundarySource":"census","boundaryLevel":"bcDaSimplified","boundaryDetail":"medium","DAUID":"59030171","DGUID":"2021S051259030171","PRUID":"59","CDUID":"5903","CDNAME":"Central Kootenay","CDTYPE":"RD","CSDUID":"5903056","CSDNAME":"Central Kootenay I","CSDTYPE":"RDA","CTUID":null,"CTNAME":null,"parentCdId":"5903","parentCdName":"Central Kootenay","parentCsdId":"5903056","parentCsdName":"Central Kootenay I","parentCtId":null,"parentCtName":null,"LANDAREA":1.6926,"areaKm2":1.8850004749783233},"id":50029},{"type":"Feature","geometry":{"type":"Polygon","coordinates":[[[-117.539171,49.440717],[-117.545069,49.440736],[-117.546633,49.439863],[-117.56284,49.439847],[-117.562601,49.435563],[-117.581395,49.435775],[-117.581831,49.42183],[-117.588535,49.421799],[-117.589281,49.420195],[-117.588009,49.420381],[-117.587337,49.41997],[-117.584673,49.420805],[-117.583634,49.420817],[-117.583488,49.420373],[-117.586125,49.419472],[-117.58605,49.41917],[-117.584485,49.419216],[-117.584105,49.418828],[-117.585714,49.418042],[-117.585327,49.417334],[-117.58719,49.415353],[-117.586401,49.414513],[-117.586584,49.413952],[-117.588216,49.412141],[-117.592115,49.409525],[-117.594342,49.408749],[-117.596519,49.405939],[-117.596532,49.405165],[-117.595684,49.404888],[-117.596023,49.403908],[-117.595614,49.40343],[-117.596446,49.401576],[-117.596224,49.400776],[-117.595532,49.400867],[-117.592825,49.400289],[-117.590741,49.400892],[-117.590527,49.400555],[-117.591454,49.399297],[-117.591188,49.3984],[-117.594242,49.396178],[-117.596383,49.393697],[-117.59728,49.390926],[-117.599451,49.389723],[-117.602157,49.389143],[-117.604777,49.386224],[-117.606087,49.385288],[-117.607792,49.381934],[-117.609815,49.38079],[-117.610188,49.379652],[-117.609335,49.378584],[-117.60927,49.377749],[-117.609685,49.375604],[-117.61077,49.374143],[-117.610463,49.372683],[-117.611027,49.370246],[-117.612945,49.368208],[-117.614413,49.364248],[-117.613943,49.364067],[-117.611443,49.365642],[-117.610876,49.365479],[-117.611296,49.361573],[-117.612487,49.358449],[-117.616239,49.35358],[-117.617256,49.347393],[-117.618237,49.347117],[-117.619833,49.34725],[-117.620467,49.346886],[-117.622169,49.344335],[-117.621768,49.342959],[-117.623747,49.342703],[-117.624534,49.34232],[-117.623173,49.342172],[-117.624223,49.341328],[-117.621795,49.341168],[-117.618461,49.343815],[-117.616951,49.343929],[-117.615903,49.344536],[-117.614019,49.344634],[-117.612432,49.345522],[-117.612685,49.344583],[-117.61632,49.342075],[-117.616514,49.340344],[-117.614762,49.341484],[-117.608323,49.343552],[-117.607973,49.342724],[-117.610115,49.340919],[-117.609407,49.340832],[-117.607112,49.341399],[-117.606526,49.341185],[-117.606663,49.340545],[-117.610312,49.338784],[-117.609577,49.33876],[-117.608072,49.339306],[-117.605398,49.339461],[-117.603244,49.340405],[-117.603179,49.340018],[-117.603799,49.3395],[-117.602803,49.339756],[-117.601705,49.339545],[-117.603552,49.338092],[-117.603107,49.338013],[-117.601795,49.338558],[-117.601355,49.337887],[-117.599264,49.338702],[-117.596696,49.341022],[-117.593731,49.345206],[-117.592357,49.345755],[-117.588493,49.346494],[-117.587821,49.346312],[-117.576986,49.354939],[-117.575165,49.35708],[-117.566988,49.369575],[-117.564415,49.371606],[-117.558183,49.377597],[-117.548557,49.397435],[-117.540342,49.409377],[-117.539039,49.412241],[-117.536614,49.415759],[-117.535721,49.416495],[-117.53256,49.417945],[-117.531151,49.420245],[-117.529747,49.424446],[-117.531637,49.430144],[-117.535401,49.43487],[-117.53564,49.440532],[-117.539171,49.440717]]]},"properties":{"id":"59030172","boundaryCode":"59030172","boundaryName":"DA 59030172","boundarySource":"census","boundaryLevel":"bcDaSimplified","boundaryDetail":"medium","DAUID":"59030172","DGUID":"2021S051259030172","PRUID":"59","CDUID":"5903","CDNAME":"Central Kootenay","CDTYPE":"RD","CSDUID":"5903056","CSDNAME":"Central Kootenay I","CSDTYPE":"RDA","CTUID":null,"CTNAME":null,"parentCdId":"5903","parentCdName":"Central Kootenay","parentCsdId":"5903056","parentCsdName":"Central Kootenay I","parentCtId":null,"parentCtName":null,"LANDAREA":35.6961,"areaKm2":35.86018972669274},"id":50030},{"type":"Feature","geometry":{"type":"Polygon","coordinates":[[[-117.559439,49.451154],[-117.561706,49.451232],[-117.563546,49.451337],[-117.564561,49.450994],[-117.566568,49.450963],[-117.568917,49.450061],[-117.569688,49.449181],[-117.571334,49.448199],[-117.571715,49.445547],[-117.57651,49.445647],[-117.578348,49.445345],[-117.576899,49.443122],[-117.582993,49.441903],[-117.582227,49.439599],[-117.583976,49.439328],[-117.58767,49.436645],[-117.597183,49.436562],[-117.59886,49.436837],[-117.600529,49.436396],[-117.602283,49.436785],[-117.604696,49.436752],[-117.605158,49.436184],[-117.603982,49.435097],[-117.602452,49.435018],[-117.602299,49.43468],[-117.603429,49.434736],[-117.606669,49.433671],[-117.613223,49.430381],[-117.6142,49.428306],[-117.611466,49.425644],[-117.610773,49.42389],[-117.61104,49.42098],[-117.611678,49.419703],[-117.612797,49.418629],[-117.60152,49.418433],[-117.601546,49.421995],[-117.588535,49.421799],[-117.581831,49.42183],[-117.581395,49.435775],[-117.562601,49.435563],[-117.56284,49.439847],[-117.546633,49.439863],[-117.545069,49.440736],[-117.539171,49.440717],[-117.539189,49.441875],[-117.548849,49.441848],[-117.553026,49.442415],[-117.556622,49.444345],[-117.557326,49.445113],[-117.559439,49.451154]]]},"properties":{"id":"59030173","boundaryCode":"59030173","boundaryName":"DA 59030173","boundarySource":"census","boundaryLevel":"bcDaSimplified","boundaryDetail":"medium","DAUID":"59030173","DGUID":"2021S051259030173","PRUID":"59","CDUID":"5903","CDNAME":"Central Kootenay","CDTYPE":"RD","CSDUID":"5903052","CSDNAME":"Central Kootenay H","CSDTYPE":"RDA","CTUID":null,"CTNAME":null,"parentCdId":"5903","parentCdName":"Central Kootenay","parentCsdId":"5903052","parentCsdName":"Central Kootenay H","parentCtId":null,"parentCtName":null,"LANDAREA":6.161300000000001,"areaKm2":6.309675599019686},"id":50031},{"type":"Feature","geometry":{"type":"Polygon","coordinates":[[[-117.561706,49.451232],[-117.562363,49.454233],[-117.563312,49.455833],[-117.565743,49.459367],[-117.568042,49.461573],[-117.569239,49.462313],[-117.569583,49.462975],[-117.57235,49.464564],[-117.575536,49.464872],[-117.577283,49.465697],[-117.578922,49.465652],[-117.580452,49.465246],[-117.582995,49.465308],[-117.584176,49.46481],[-117.582731,49.463204],[-117.582408,49.462275],[-117.582558,49.456295],[-117.581604,49.454882],[-117.579162,49.453207],[-117.579094,49.451053],[-117.623997,49.450895],[-117.623869,49.443795],[-117.612824,49.443625],[-117.613223,49.430381],[-117.606669,49.433671],[-117.603429,49.434736],[-117.602299,49.43468],[-117.602452,49.435018],[-117.603982,49.435097],[-117.605158,49.436184],[-117.604696,49.436752],[-117.602283,49.436785],[-117.600529,49.436396],[-117.59886,49.436837],[-117.597183,49.436562],[-117.58767,49.436645],[-117.583976,49.439328],[-117.582227,49.439599],[-117.582993,49.441903],[-117.576899,49.443122],[-117.578348,49.445345],[-117.57651,49.445647],[-117.571715,49.445547],[-117.571334,49.448199],[-117.569688,49.449181],[-117.568917,49.450061],[-117.566568,49.450963],[-117.564561,49.450994],[-117.563546,49.451337],[-117.561706,49.451232]]]},"properties":{"id":"59030174","boundaryCode":"59030174","boundaryName":"DA 59030174","boundarySource":"census","boundaryLevel":"bcDaSimplified","boundaryDetail":"medium","DAUID":"59030174","DGUID":"2021S051259030174","PRUID":"59","CDUID":"5903","CDNAME":"Central Kootenay","CDTYPE":"RD","CSDUID":"5903052","CSDNAME":"Central Kootenay H","CSDTYPE":"RDA","CTUID":null,"CTNAME":null,"parentCdId":"5903","parentCdName":"Central Kootenay","parentCsdId":"5903052","parentCsdName":"Central Kootenay H","parentCtId":null,"parentCtName":null,"LANDAREA":6.8740000000000006,"areaKm2":6.866910247506126},"id":50032},{"type":"Feature","geometry":{"type":"Polygon","coordinates":[[[-117.978193,49.72488],[-117.989264,49.715036],[-117.990979,49.711357],[-117.992099,49.71079],[-117.993231,49.709168],[-117.995219,49.707558],[-117.99585,49.706455],[-117.995269,49.705483],[-117.992452,49.703103],[-117.991729,49.701624],[-117.991755,49.699808],[-117.993349,49.698098],[-117.998045,49.696443],[-118.000815,49.694445],[-118.002321,49.694064],[-118.003513,49.692123],[-118.00258,49.690594],[-117.999722,49.688695],[-117.998918,49.68849],[-117.998137,49.687574],[-117.995533,49.685928],[-117.994357,49.685665],[-117.992887,49.68397],[-117.987107,49.679326],[-117.986786,49.678226],[-117.990121,49.676362],[-117.991928,49.671846],[-117.991019,49.670615],[-117.987984,49.668821],[-117.987182,49.667749],[-117.987226,49.664706],[-117.992179,49.661031],[-117.994154,49.658633],[-117.99846,49.657846],[-117.999748,49.657156],[-118.000653,49.655276],[-118.005958,49.652502],[-118.003562,49.649175],[-118.003244,49.645098],[-118.002579,49.643609],[-118.002711,49.641569],[-118.002119,49.640438],[-117.997537,49.638569],[-117.99605,49.637095],[-117.999533,49.63086],[-118.000838,49.629949],[-117.999432,49.627479],[-117.996755,49.624476],[-117.997885,49.621938],[-118.001943,49.620787],[-118.003927,49.615301],[-118.003783,49.613718],[-118.002951,49.612601],[-118.001734,49.612026],[-118.001082,49.610804],[-118.001918,49.610188],[-118.00339,49.607417],[-118.006493,49.604968],[-118.010083,49.597782],[-118.010804,49.590164],[-118.009499,49.587098],[-118.01096,49.585926],[-118.013787,49.585178],[-118.015128,49.582958],[-118.013766,49.580801],[-118.014932,49.574843],[-118.016032,49.572015],[-118.015398,49.570572],[-118.008941,49.568127],[-118.007017,49.567861],[-118.003194,49.564508],[-117.998793,49.559669],[-117.996858,49.559135],[-117.995418,49.559218],[-117.988817,49.558166],[-117.986757,49.558316],[-117.985824,49.55804],[-117.976123,49.552349],[-117.969231,49.551729],[-117.965241,49.551722],[-117.963774,49.552136],[-117.961192,49.552001],[-117.958872,49.550765],[-117.957539,49.549141],[-117.956889,49.546675],[-117.957323,49.545957],[-117.957281,49.544401],[-117.955565,49.542453],[-117.952787,49.540778],[-117.947,49.541062],[-117.944234,49.540276],[-117.938236,49.53651],[-117.936155,49.533639],[-117.935151,49.533003],[-117.93196,49.532823],[-117.929001,49.532119],[-117.919885,49.53226],[-117.917912,49.53179],[-117.916106,49.530949],[-117.909773,49.529866],[-117.903434,49.529755],[-117.895977,49.531065],[-117.891972,49.532728],[-117.885575,49.532902],[-117.88581,49.534722],[-117.88331,49.538873],[-117.877033,49.541954],[-117.874029,49.544252],[-117.870599,49.545914],[-117.868631,49.546303],[-117.86605,49.545514],[-117.864095,49.54417],[-117.861714,49.543432],[-117.859145,49.543288],[-117.847082,49.539238],[-117.844511,49.534443],[-117.840745,49.531072],[-117.840737,49.528345],[-117.839671,49.527132],[-117.831522,49.522563],[-117.830839,49.522539],[-117.829525,49.518856],[-117.82846,49.517643],[-117.825601,49.515989],[-117.824387,49.509738],[-117.823305,49.508746],[-117.812899,49.505893],[-117.80657,49.505646],[-117.795948,49.508087],[-117.794982,49.504794],[-117.79253,49.502998],[-117.788739,49.501687],[-117.786104,49.499618],[-117.783412,49.499078],[-117.768987,49.499049],[-117.765978,49.495304],[-117.763141,49.494048],[-117.759198,49.494128],[-117.755728,49.495047],[-117.753642,49.496171],[-117.751875,49.497906],[-117.736963,49.489535],[-117.734748,49.486971],[-117.730889,49.484679],[-117.729762,49.481755],[-117.727323,49.479848],[-117.725957,49.468273],[-117.722577,49.463078],[-117.721427,49.456773],[-117.721983,49.455648],[-117.718081,49.451516],[-117.701025,49.43995],[-117.694184,49.434434],[-117.691719,49.43351],[-117.691601,49.418148],[-117.669705,49.418269],[-117.654432,49.41793],[-117.645874,49.418798],[-117.612797,49.418629],[-117.611678,49.419703],[-117.61104,49.42098],[-117.610773,49.42389],[-117.611466,49.425644],[-117.6142,49.428306],[-117.613223,49.430381],[-117.612824,49.443625],[-117.623869,49.443795],[-117.623997,49.450895],[-117.579094,49.451053],[-117.579162,49.453207],[-117.581604,49.454882],[-117.582558,49.456295],[-117.582408,49.462275],[-117.582731,49.463204],[-117.584176,49.46481],[-117.582995,49.465308],[-117.580452,49.465246],[-117.578922,49.465652],[-117.577283,49.465697],[-117.575536,49.464872],[-117.57235,49.464564],[-117.569583,49.462975],[-117.569239,49.462313],[-117.568042,49.461573],[-117.565743,49.459367],[-117.563312,49.455833],[-117.562363,49.454233],[-117.561706,49.451232],[-117.559439,49.451154],[-117.560738,49.45576],[-117.566137,49.46318],[-117.569433,49.466405],[-117.570376,49.467799],[-117.570949,49.469896],[-117.571612,49.477355],[-117.574999,49.48191],[-117.576435,49.482964],[-117.580365,49.484295],[-117.582273,49.485499],[-117.586784,49.491699],[-117.598417,49.499939],[-117.599144,49.501056],[-117.599903,49.504367],[-117.601831,49.507881],[-117.603161,49.509142],[-117.624167,49.516606],[-117.628165,49.518633],[-117.630028,49.520612],[-117.631457,49.52421],[-117.633175,49.526708],[-117.633238,49.527863],[-117.631918,49.529809],[-117.631837,49.530595],[-117.633878,49.533453],[-117.637333,49.535883],[-117.643922,49.537473],[-117.64919,49.54182],[-117.655769,49.540049],[-117.658516,49.543115],[-117.660085,49.543968],[-117.66067,49.544191],[-117.661872,49.543984],[-117.664557,49.544781],[-117.667256,49.544754],[-117.669327,49.548016],[-117.670168,49.548438],[-117.675797,49.548405],[-117.680655,49.549474],[-117.683894,49.550767],[-117.687134,49.550595],[-117.690263,49.550794],[-117.690973,49.551152],[-117.69071,49.551821],[-117.691201,49.553249],[-117.691731,49.553534],[-117.691273,49.554794],[-117.691586,49.555839],[-117.692433,49.556427],[-117.697201,49.557944],[-117.703336,49.558349],[-117.707598,49.558219],[-117.708721,49.560431],[-117.710547,49.561409],[-117.711893,49.561392],[-117.715319,49.556987],[-117.717615,49.557491],[-117.718596,49.558623],[-117.718635,49.560021],[-117.719319,49.561774],[-117.720731,49.563484],[-117.722795,49.564706],[-117.725939,49.565809],[-117.731964,49.569701],[-117.732761,49.570702],[-117.733278,49.572491],[-117.740689,49.578049],[-117.743102,49.581499],[-117.744172,49.585398],[-117.746445,49.587171],[-117.748668,49.587729],[-117.749604,49.58839],[-117.750642,49.590059],[-117.753432,49.591281],[-117.754744,49.594179],[-117.757787,49.598632],[-117.761969,49.601629],[-117.767161,49.604334],[-117.768632,49.60547],[-117.774043,49.608098],[-117.777452,49.610496],[-117.780154,49.613783],[-117.78358,49.616063],[-117.787044,49.617213],[-117.788376,49.619813],[-117.786591,49.621966],[-117.788268,49.622753],[-117.794833,49.624655],[-117.796388,49.624438],[-117.800009,49.624998],[-117.811377,49.628033],[-117.821203,49.630277],[-117.834983,49.632195],[-117.840492,49.633425],[-117.851524,49.6368],[-117.861326,49.64131],[-117.862682,49.642785],[-117.866043,49.649572],[-117.86826,49.652397],[-117.87389,49.657381],[-117.876429,49.661],[-117.88137,49.665635],[-117.883396,49.668569],[-117.885278,49.670041],[-117.8899,49.672085],[-117.894338,49.675033],[-117.903874,49.684981],[-117.906762,49.688823],[-117.909159,49.690978],[-117.909302,49.692442],[-117.912146,49.694344],[-117.923015,49.696373],[-117.928704,49.698182],[-117.931302,49.699192],[-117.940444,49.7046],[-117.950793,49.708323],[-117.952687,49.709337],[-117.952859,49.710914],[-117.949725,49.711035],[-117.94972,49.711712],[-117.951612,49.712609],[-117.958345,49.713852],[-117.961623,49.714982],[-117.968527,49.719151],[-117.973886,49.720726],[-117.975255,49.721744],[-117.976123,49.723432],[-117.978193,49.72488]]]},"properties":{"id":"59030175","boundaryCode":"59030175","boundaryName":"DA 59030175","boundarySource":"census","boundaryLevel":"bcDaSimplified","boundaryDetail":"medium","DAUID":"59030175","DGUID":"2021S051259030175","PRUID":"59","CDUID":"5903","CDNAME":"Central Kootenay","CDTYPE":"RD","CSDUID":"5903052","CSDNAME":"Central Kootenay H","CSDTYPE":"RDA","CTUID":null,"CTNAME":null,"parentCdId":"5903","parentCdName":"Central Kootenay","parentCsdId":"5903052","parentCsdName":"Central Kootenay H","parentCtId":null,"parentCtName":null,"LANDAREA":406.0439,"areaKm2":407.5104192838878},"id":50033},{"type":"Feature","geometry":{"type":"Polygon","coordinates":[[[-117.588535,49.421799],[-117.601546,49.421995],[-117.60152,49.418433],[-117.612797,49.418629],[-117.645874,49.418798],[-117.654432,49.41793],[-117.669705,49.418269],[-117.691601,49.418148],[-117.692619,49.418145],[-117.693272,49.403512],[-117.691715,49.4035],[-117.692339,49.353091],[-117.674314,49.352945],[-117.674286,49.348839],[-117.664819,49.348464],[-117.663354,49.348958],[-117.65756,49.348581],[-117.658078,49.339285],[-117.653913,49.339179],[-117.65311,49.333919],[-117.65405,49.328581],[-117.652825,49.328217],[-117.652144,49.327996],[-117.647589,49.324229],[-117.651989,49.318345],[-117.653315,49.316006],[-117.65213,49.315582],[-117.644808,49.314978],[-117.640841,49.315337],[-117.633358,49.316722],[-117.631066,49.316763],[-117.629314,49.319432],[-117.625735,49.321009],[-117.624104,49.322137],[-117.622875,49.32365],[-117.623427,49.323691],[-117.622721,49.325234],[-117.621456,49.326588],[-117.619649,49.32733],[-117.616794,49.331039],[-117.613436,49.33369],[-117.610913,49.335062],[-117.608211,49.335939],[-117.601293,49.337295],[-117.599533,49.33808],[-117.596352,49.340614],[-117.592155,49.34252],[-117.587821,49.346312],[-117.588493,49.346494],[-117.592357,49.345755],[-117.593731,49.345206],[-117.596696,49.341022],[-117.599264,49.338702],[-117.601355,49.337887],[-117.601795,49.338558],[-117.603107,49.338013],[-117.603552,49.338092],[-117.601705,49.339545],[-117.602803,49.339756],[-117.603799,49.3395],[-117.603179,49.340018],[-117.603244,49.340405],[-117.605398,49.339461],[-117.608072,49.339306],[-117.609577,49.33876],[-117.610312,49.338784],[-117.606663,49.340545],[-117.606526,49.341185],[-117.607112,49.341399],[-117.609407,49.340832],[-117.610115,49.340919],[-117.607973,49.342724],[-117.608323,49.343552],[-117.614762,49.341484],[-117.616514,49.340344],[-117.61632,49.342075],[-117.612685,49.344583],[-117.612432,49.345522],[-117.614019,49.344634],[-117.615903,49.344536],[-117.616951,49.343929],[-117.618461,49.343815],[-117.621795,49.341168],[-117.624223,49.341328],[-117.623173,49.342172],[-117.624534,49.34232],[-117.623747,49.342703],[-117.621768,49.342959],[-117.622169,49.344335],[-117.620467,49.346886],[-117.619833,49.34725],[-117.618237,49.347117],[-117.617256,49.347393],[-117.616239,49.35358],[-117.612487,49.358449],[-117.611296,49.361573],[-117.610876,49.365479],[-117.611443,49.365642],[-117.613943,49.364067],[-117.614413,49.364248],[-117.612945,49.368208],[-117.611027,49.370246],[-117.610463,49.372683],[-117.61077,49.374143],[-117.609685,49.375604],[-117.60927,49.377749],[-117.609335,49.378584],[-117.610188,49.379652],[-117.609815,49.38079],[-117.607792,49.381934],[-117.606087,49.385288],[-117.604777,49.386224],[-117.602157,49.389143],[-117.599451,49.389723],[-117.59728,49.390926],[-117.596383,49.393697],[-117.594242,49.396178],[-117.591188,49.3984],[-117.591454,49.399297],[-117.590527,49.400555],[-117.590741,49.400892],[-117.592825,49.400289],[-117.595532,49.400867],[-117.596224,49.400776],[-117.596446,49.401576],[-117.595614,49.40343],[-117.596023,49.403908],[-117.595684,49.404888],[-117.596532,49.405165],[-117.596519,49.405939],[-117.594342,49.408749],[-117.592115,49.409525],[-117.588216,49.412141],[-117.586584,49.413952],[-117.586401,49.414513],[-117.58719,49.415353],[-117.585327,49.417334],[-117.585714,49.418042],[-117.584105,49.418828],[-117.584485,49.419216],[-117.58605,49.41917],[-117.586125,49.419472],[-117.583488,49.420373],[-117.583634,49.420817],[-117.584673,49.420805],[-117.587337,49.41997],[-117.588009,49.420381],[-117.589281,49.420195],[-117.588535,49.421799]]]},"properties":{"id":"59030176","boundaryCode":"59030176","boundaryName":"DA 59030176","boundarySource":"census","boundaryLevel":"bcDaSimplified","boundaryDetail":"medium","DAUID":"59030176","DGUID":"2021S051259030176","PRUID":"59","CDUID":"5903","CDNAME":"Central Kootenay","CDTYPE":"RD","CSDUID":"5903056","CSDNAME":"Central Kootenay I","CSDTYPE":"RDA","CTUID":null,"CTNAME":null,"parentCdId":"5903","parentCdName":"Central Kootenay","parentCsdId":"5903056","parentCsdName":"Central Kootenay I","parentCtId":null,"parentCtName":null,"LANDAREA":58.8811,"areaKm2":59.39094111230308},"id":50034},{"type":"Feature","geometry":{"type":"Polygon","coordinates":[[[-117.518442,49.433475],[-117.521397,49.430025],[-117.522324,49.426982],[-117.522779,49.423773],[-117.522558,49.421654],[-117.523255,49.419244],[-117.526785,49.420247],[-117.531151,49.420245],[-117.53256,49.417945],[-117.535721,49.416495],[-117.536614,49.415759],[-117.539039,49.412241],[-117.540342,49.409377],[-117.548557,49.397435],[-117.558183,49.377597],[-117.564415,49.371606],[-117.566988,49.369575],[-117.575165,49.35708],[-117.576986,49.354939],[-117.587821,49.346312],[-117.592155,49.34252],[-117.596352,49.340614],[-117.599533,49.33808],[-117.601293,49.337295],[-117.608211,49.335939],[-117.610913,49.335062],[-117.613436,49.33369],[-117.616794,49.331039],[-117.613384,49.331026],[-117.61205,49.332468],[-117.607932,49.334492],[-117.601735,49.335142],[-117.59651,49.337684],[-117.593481,49.340181],[-117.591573,49.341112],[-117.589827,49.341542],[-117.582402,49.345997],[-117.578978,49.34851],[-117.554949,49.348714],[-117.554606,49.355829],[-117.549361,49.356182],[-117.549293,49.362968],[-117.543297,49.363102],[-117.543471,49.369992],[-117.537557,49.370387],[-117.537788,49.377232],[-117.531127,49.37755],[-117.531951,49.384372],[-117.526193,49.384609],[-117.525733,49.391731],[-117.515025,49.391979],[-117.514725,49.421647],[-117.518442,49.433475]]]},"properties":{"id":"59030177","boundaryCode":"59030177","boundaryName":"DA 59030177","boundarySource":"census","boundaryLevel":"bcDaSimplified","boundaryDetail":"medium","DAUID":"59030177","DGUID":"2021S051259030177","PRUID":"59","CDUID":"5903","CDNAME":"Central Kootenay","CDTYPE":"RD","CSDUID":"5903056","CSDNAME":"Central Kootenay I","CSDTYPE":"RDA","CTUID":null,"CTNAME":null,"parentCdId":"5903","parentCdName":"Central Kootenay","parentCsdId":"5903056","parentCsdName":"Central Kootenay I","parentCtId":null,"parentCtName":null,"LANDAREA":13.2123,"areaKm2":16.3710598453463},"id":50035},{"type":"Feature","geometry":{"type":"Polygon","coordinates":[[[-117.631066,49.316763],[-117.637057,49.303274],[-117.647513,49.301446],[-117.655504,49.308458],[-117.656624,49.311995],[-117.655694,49.313122],[-117.659804,49.313124],[-117.659782,49.31258],[-117.662111,49.31259],[-117.658652,49.30687],[-117.658244,49.301908],[-117.657297,49.300103],[-117.656674,49.299176],[-117.653924,49.299059],[-117.653036,49.298745],[-117.650301,49.296145],[-117.643711,49.29456],[-117.644603,49.290205],[-117.635703,49.29039],[-117.634765,49.286292],[-117.630782,49.286087],[-117.627993,49.285884],[-117.627648,49.289069],[-117.63259,49.305839],[-117.632523,49.306787],[-117.63487,49.306694],[-117.632589,49.311125],[-117.632342,49.312981],[-117.631896,49.313115],[-117.63064,49.316255],[-117.630869,49.316767],[-117.62782,49.318226],[-117.62544,49.318665],[-117.623575,49.320189],[-117.609593,49.318943],[-117.609201,49.324082],[-117.618933,49.325538],[-117.616277,49.327733],[-117.613384,49.331026],[-117.616794,49.331039],[-117.619649,49.32733],[-117.621456,49.326588],[-117.622721,49.325234],[-117.623427,49.323691],[-117.622875,49.32365],[-117.624104,49.322137],[-117.625735,49.321009],[-117.629314,49.319432],[-117.631066,49.316763]]]},"properties":{"id":"59030178","boundaryCode":"59030178","boundaryName":"DA 59030178","boundarySource":"census","boundaryLevel":"bcDaSimplified","boundaryDetail":"medium","DAUID":"59030178","DGUID":"2021S051259030178","PRUID":"59","CDUID":"5903","CDNAME":"Central Kootenay","CDTYPE":"RD","CSDUID":"5903045","CSDNAME":"Castlegar","CSDTYPE":"CY","CTUID":null,"CTNAME":null,"parentCdId":"5903","parentCdName":"Central Kootenay","parentCsdId":"5903045","parentCsdName":"Castlegar","parentCtId":null,"parentCtName":null,"LANDAREA":3.1976,"areaKm2":3.812709470034897},"id":50036},{"type":"Feature","geometry":{"type":"Polygon","coordinates":[[[-117.653315,49.316006],[-117.655694,49.313122],[-117.656624,49.311995],[-117.655504,49.308458],[-117.647513,49.301446],[-117.637057,49.303274],[-117.631066,49.316763],[-117.633358,49.316722],[-117.640841,49.315337],[-117.644808,49.314978],[-117.65213,49.315582],[-117.653315,49.316006]]]},"properties":{"id":"59030179","boundaryCode":"59030179","boundaryName":"DA 59030179","boundarySource":"census","boundaryLevel":"bcDaSimplified","boundaryDetail":"medium","DAUID":"59030179","DGUID":"2021S051259030179","PRUID":"59","CDUID":"5903","CDNAME":"Central Kootenay","CDTYPE":"RD","CSDUID":"5903058","CSDNAME":"Central Kootenay J","CSDTYPE":"RDA","CTUID":null,"CTNAME":null,"parentCdId":"5903","parentCdName":"Central Kootenay","parentCsdId":"5903058","parentCsdName":"Central Kootenay J","parentCtId":null,"parentCtName":null,"LANDAREA":1.6481000000000001,"areaKm2":2.1163950028407634},"id":50037},{"type":"Feature","geometry":{"type":"Polygon","coordinates":[[[-117.652825,49.328217],[-117.658268,49.328413],[-117.657105,49.327999],[-117.657134,49.32537],[-117.658345,49.325386],[-117.658369,49.324409],[-117.657163,49.324383],[-117.657193,49.323373],[-117.654873,49.323354],[-117.654936,49.320349],[-117.657286,49.320405],[-117.657297,49.318359],[-117.659709,49.318385],[-117.659804,49.313124],[-117.655694,49.313122],[-117.653315,49.316006],[-117.651989,49.318345],[-117.647589,49.324229],[-117.652144,49.327996],[-117.652825,49.328217]]]},"properties":{"id":"59030180","boundaryCode":"59030180","boundaryName":"DA 59030180","boundarySource":"census","boundaryLevel":"bcDaSimplified","boundaryDetail":"medium","DAUID":"59030180","DGUID":"2021S051259030180","PRUID":"59","CDUID":"5903","CDNAME":"Central Kootenay","CDTYPE":"RD","CSDUID":"5903045","CSDNAME":"Castlegar","CSDTYPE":"CY","CTUID":null,"CTNAME":null,"parentCdId":"5903","parentCdName":"Central Kootenay","parentCsdId":"5903045","parentCsdName":"Castlegar","parentCtId":null,"parentCtName":null,"LANDAREA":0.496,"areaKm2":0.7990531128381854},"id":50038},{"type":"Feature","geometry":{"type":"Polygon","coordinates":[[[-117.659804,49.313124],[-117.659709,49.318385],[-117.657297,49.318359],[-117.657286,49.320405],[-117.654936,49.320349],[-117.654873,49.323354],[-117.657193,49.323373],[-117.657227,49.322331],[-117.6596,49.322385],[-117.659681,49.319382],[-117.66082,49.319393],[-117.660835,49.31837],[-117.662124,49.318397],[-117.662144,49.316426],[-117.664249,49.316442],[-117.662111,49.31259],[-117.659782,49.31258],[-117.659804,49.313124]]]},"properties":{"id":"59030181","boundaryCode":"59030181","boundaryName":"DA 59030181","boundarySource":"census","boundaryLevel":"bcDaSimplified","boundaryDetail":"medium","DAUID":"59030181","DGUID":"2021S051259030181","PRUID":"59","CDUID":"5903","CDNAME":"Central Kootenay","CDTYPE":"RD","CSDUID":"5903045","CSDNAME":"Castlegar","CSDTYPE":"CY","CTUID":null,"CTNAME":null,"parentCdId":"5903","parentCdName":"Central Kootenay","parentCsdId":"5903045","parentCsdName":"Castlegar","parentCtId":null,"parentCtName":null,"LANDAREA":0.2906,"areaKm2":0.29032810809598797},"id":50039},{"type":"Feature","geometry":{"type":"Polygon","coordinates":[[[-117.66082,49.319393],[-117.662053,49.319405],[-117.661964,49.32244],[-117.666202,49.322521],[-117.666702,49.322461],[-117.66567,49.320308],[-117.669097,49.319888],[-117.677099,49.320265],[-117.677321,49.317145],[-117.665311,49.316628],[-117.665378,49.318438],[-117.664818,49.31844],[-117.664249,49.316442],[-117.662144,49.316426],[-117.662124,49.318397],[-117.660835,49.31837],[-117.66082,49.319393]]]},"properties":{"id":"59030182","boundaryCode":"59030182","boundaryName":"DA 59030182","boundarySource":"census","boundaryLevel":"bcDaSimplified","boundaryDetail":"medium","DAUID":"59030182","DGUID":"2021S051259030182","PRUID":"59","CDUID":"5903","CDNAME":"Central Kootenay","CDTYPE":"RD","CSDUID":"5903045","CSDNAME":"Castlegar","CSDTYPE":"CY","CTUID":null,"CTNAME":null,"parentCdId":"5903","parentCdName":"Central Kootenay","parentCsdId":"5903045","parentCsdName":"Castlegar","parentCtId":null,"parentCtName":null,"LANDAREA":0.4786,"areaKm2":0.4780773805003778},"id":50040},{"type":"Feature","geometry":{"type":"Polygon","coordinates":[[[-117.6596,49.322385],[-117.660776,49.322412],[-117.660715,49.324447],[-117.661912,49.324447],[-117.661887,49.325431],[-117.660687,49.325415],[-117.660598,49.328465],[-117.663021,49.328483],[-117.663064,49.327479],[-117.66543,49.327254],[-117.665424,49.326254],[-117.666726,49.323663],[-117.666202,49.322521],[-117.661964,49.32244],[-117.662053,49.319405],[-117.66082,49.319393],[-117.659681,49.319382],[-117.6596,49.322385]]]},"properties":{"id":"59030183","boundaryCode":"59030183","boundaryName":"DA 59030183","boundarySource":"census","boundaryLevel":"bcDaSimplified","boundaryDetail":"medium","DAUID":"59030183","DGUID":"2021S051259030183","PRUID":"59","CDUID":"5903","CDNAME":"Central Kootenay","CDTYPE":"RD","CSDUID":"5903045","CSDNAME":"Castlegar","CSDTYPE":"CY","CTUID":null,"CTNAME":null,"parentCdId":"5903","parentCdName":"Central Kootenay","parentCsdId":"5903045","parentCsdName":"Castlegar","parentCtId":null,"parentCtName":null,"LANDAREA":0.2821,"areaKm2":0.2817897215783299},"id":50041},{"type":"Feature","geometry":{"type":"Polygon","coordinates":[[[-117.658268,49.328413],[-117.660598,49.328465],[-117.660687,49.325415],[-117.661887,49.325431],[-117.661912,49.324447],[-117.660715,49.324447],[-117.660776,49.322412],[-117.6596,49.322385],[-117.657227,49.322331],[-117.657193,49.323373],[-117.657163,49.324383],[-117.658369,49.324409],[-117.658345,49.325386],[-117.657134,49.32537],[-117.657105,49.327999],[-117.658268,49.328413]]]},"properties":{"id":"59030184","boundaryCode":"59030184","boundaryName":"DA 59030184","boundarySource":"census","boundaryLevel":"bcDaSimplified","boundaryDetail":"medium","DAUID":"59030184","DGUID":"2021S051259030184","PRUID":"59","CDUID":"5903","CDNAME":"Central Kootenay","CDTYPE":"RD","CSDUID":"5903045","CSDNAME":"Castlegar","CSDTYPE":"CY","CTUID":null,"CTNAME":null,"parentCdId":"5903","parentCdName":"Central Kootenay","parentCsdId":"5903045","parentCsdName":"Castlegar","parentCtId":null,"parentCtName":null,"LANDAREA":0.1719,"areaKm2":0.17169631270583366},"id":50042},{"type":"Feature","geometry":{"type":"Polygon","coordinates":[[[-117.65405,49.328581],[-117.654814,49.328787],[-117.654615,49.331036],[-117.657076,49.334005],[-117.658818,49.333958],[-117.663045,49.331874],[-117.66318,49.330468],[-117.669533,49.331612],[-117.679111,49.330552],[-117.684909,49.330315],[-117.690049,49.330831],[-117.719004,49.337173],[-117.736623,49.339898],[-117.747418,49.340878],[-117.759539,49.340581],[-117.766054,49.340135],[-117.77287,49.339242],[-117.778155,49.340245],[-117.782718,49.339164],[-117.785031,49.339038],[-117.784818,49.335919],[-117.782554,49.335959],[-117.782428,49.332618],[-117.771218,49.33222],[-117.771115,49.334974],[-117.763741,49.334623],[-117.73563,49.334832],[-117.735408,49.332169],[-117.730313,49.332215],[-117.729716,49.328384],[-117.719056,49.328588],[-117.718857,49.330756],[-117.700514,49.330981],[-117.691576,49.328595],[-117.684028,49.327737],[-117.678539,49.327766],[-117.674643,49.327436],[-117.67406,49.32437],[-117.667899,49.324492],[-117.666702,49.322461],[-117.666202,49.322521],[-117.666726,49.323663],[-117.665424,49.326254],[-117.66543,49.327254],[-117.663064,49.327479],[-117.663021,49.328483],[-117.660598,49.328465],[-117.658268,49.328413],[-117.652825,49.328217],[-117.65405,49.328581]]]},"properties":{"id":"59030185","boundaryCode":"59030185","boundaryName":"DA 59030185","boundarySource":"census","boundaryLevel":"bcDaSimplified","boundaryDetail":"medium","DAUID":"59030185","DGUID":"2021S051259030185","PRUID":"59","CDUID":"5903","CDNAME":"Central Kootenay","CDTYPE":"RD","CSDUID":"5903045","CSDNAME":"Castlegar","CSDTYPE":"CY","CTUID":null,"CTNAME":null,"parentCdId":"5903","parentCdName":"Central Kootenay","parentCsdId":"5903045","parentCsdName":"Castlegar","parentCtId":null,"parentCtName":null,"LANDAREA":3.8098,"areaKm2":5.616863377370281},"id":50043},{"type":"Feature","geometry":{"type":"Polygon","coordinates":[[[-117.674286,49.348839],[-117.674103,49.34855],[-117.675018,49.34746],[-117.672081,49.347379],[-117.671058,49.346955],[-117.668958,49.346822],[-117.668279,49.346257],[-117.66838,49.342204],[-117.671966,49.339403],[-117.672094,49.338353],[-117.672542,49.338326],[-117.673723,49.336651],[-117.672291,49.336886],[-117.671938,49.334012],[-117.67775,49.332671],[-117.680532,49.332542],[-117.682324,49.332811],[-117.686789,49.33231],[-117.687703,49.332578],[-117.687669,49.333804],[-117.689891,49.333803],[-117.689911,49.332703],[-117.694326,49.333272],[-117.703277,49.335467],[-117.706048,49.336632],[-117.713026,49.337805],[-117.719001,49.33951],[-117.719004,49.337173],[-117.690049,49.330831],[-117.684909,49.330315],[-117.679111,49.330552],[-117.669533,49.331612],[-117.66318,49.330468],[-117.663045,49.331874],[-117.658818,49.333958],[-117.657076,49.334005],[-117.654615,49.331036],[-117.654814,49.328787],[-117.65405,49.328581],[-117.65311,49.333919],[-117.653913,49.339179],[-117.658078,49.339285],[-117.65756,49.348581],[-117.663354,49.348958],[-117.664819,49.348464],[-117.674286,49.348839]]]},"properties":{"id":"59030186","boundaryCode":"59030186","boundaryName":"DA 59030186","boundarySource":"census","boundaryLevel":"bcDaSimplified","boundaryDetail":"medium","DAUID":"59030186","DGUID":"2021S051259030186","PRUID":"59","CDUID":"5903","CDNAME":"Central Kootenay","CDTYPE":"RD","CSDUID":"5903058","CSDNAME":"Central Kootenay J","CSDTYPE":"RDA","CTUID":null,"CTNAME":null,"parentCdId":"5903","parentCdName":"Central Kootenay","parentCsdId":"5903058","parentCsdName":"Central Kootenay J","parentCtId":null,"parentCtName":null,"LANDAREA":1.9345,"areaKm2":2.788533725400934},"id":50044},{"type":"Feature","geometry":{"type":"Polygon","coordinates":[[[-117.671966,49.339403],[-117.674266,49.338318],[-117.677584,49.337402],[-117.682667,49.33663],[-117.688004,49.337533],[-117.692455,49.339603],[-117.69331,49.341238],[-117.70257,49.341321],[-117.718816,49.342122],[-117.719001,49.33951],[-117.713026,49.337805],[-117.706048,49.336632],[-117.703277,49.335467],[-117.694326,49.333272],[-117.689911,49.332703],[-117.689891,49.333803],[-117.687669,49.333804],[-117.687703,49.332578],[-117.686789,49.33231],[-117.682324,49.332811],[-117.680532,49.332542],[-117.67775,49.332671],[-117.671938,49.334012],[-117.672291,49.336886],[-117.673723,49.336651],[-117.672542,49.338326],[-117.672094,49.338353],[-117.671966,49.339403]]]},"properties":{"id":"59030187","boundaryCode":"59030187","boundaryName":"DA 59030187","boundarySource":"census","boundaryLevel":"bcDaSimplified","boundaryDetail":"medium","DAUID":"59030187","DGUID":"2021S051259030187","PRUID":"59","CDUID":"5903","CDNAME":"Central Kootenay","CDTYPE":"RD","CSDUID":"5903058","CSDNAME":"Central Kootenay J","CSDTYPE":"RDA","CTUID":null,"CTNAME":null,"parentCdId":"5903","parentCdName":"Central Kootenay","parentCsdId":"5903058","parentCsdName":"Central Kootenay J","parentCtId":null,"parentCtName":null,"LANDAREA":1.9207,"areaKm2":1.9187779909101317},"id":50045},{"type":"Feature","geometry":{"type":"Polygon","coordinates":[[[-118.003513,49.692123],[-118.021218,49.692231],[-118.066963,49.69755],[-118.077825,49.708037],[-118.078576,49.708351],[-118.090656,49.709549],[-118.099732,49.702705],[-118.107266,49.70504],[-118.114096,49.713095],[-118.132543,49.717665],[-118.13631,49.718854],[-118.148945,49.724178],[-118.155406,49.726412],[-118.157712,49.731272],[-118.159882,49.734516],[-118.166794,49.731863],[-118.175746,49.727626],[-118.18323,49.731174],[-118.190672,49.727767],[-118.193926,49.717897],[-118.194541,49.711495],[-118.201207,49.709105],[-118.212166,49.709467],[-118.218415,49.715194],[-118.23061,49.718305],[-118.230685,49.724322],[-118.236795,49.734619],[-118.237682,49.740565],[-118.235259,49.746895],[-118.237168,49.754495],[-118.248083,49.75988],[-118.255708,49.762229],[-118.25727,49.784781],[-118.266739,49.78712],[-118.263696,49.79585],[-118.264646,49.804478],[-118.286236,49.819894],[-118.297376,49.823943],[-118.312101,49.823529],[-118.307129,49.817641],[-118.30669,49.815984],[-118.305202,49.814642],[-118.304589,49.812341],[-118.312209,49.812311],[-118.311054,49.810396],[-118.309838,49.809616],[-118.304925,49.808867],[-118.302899,49.808123],[-118.301587,49.805754],[-118.302574,49.79908],[-118.303454,49.798144],[-118.305411,49.797343],[-118.306799,49.796262],[-118.30628,49.795724],[-118.296852,49.795585],[-118.293967,49.795137],[-118.290324,49.794023],[-118.288284,49.791029],[-118.287226,49.787584],[-118.286743,49.782088],[-118.287269,49.778853],[-118.299121,49.766283],[-118.298441,49.765839],[-118.297435,49.76603],[-118.294863,49.765588],[-118.292746,49.765704],[-118.288862,49.763332],[-118.287665,49.761124],[-118.287702,49.759838],[-118.289625,49.757647],[-118.292024,49.755933],[-118.299824,49.752681],[-118.300647,49.750435],[-118.301318,49.750194],[-118.298937,49.747246],[-118.295744,49.744775],[-118.29328,49.744156],[-118.291303,49.744477],[-118.288867,49.743899],[-118.286646,49.74375],[-118.285334,49.743267],[-118.284812,49.742387],[-118.285626,49.734211],[-118.284224,49.730243],[-118.281066,49.724689],[-118.282448,49.718795],[-118.283213,49.718135],[-118.283249,49.716848],[-118.28175,49.714969],[-118.280986,49.714623],[-118.27883,49.714454],[-118.276657,49.714928],[-118.275474,49.714186],[-118.275521,49.712356],[-118.273926,49.710112],[-118.273823,49.708619],[-118.274958,49.705153],[-118.275491,49.700018],[-118.276043,49.698485],[-118.277091,49.697351],[-118.27953,49.698371],[-118.280558,49.697096],[-118.280946,49.694874],[-118.280385,49.689242],[-118.280792,49.682915],[-118.278583,49.678982],[-118.277921,49.67387],[-118.279388,49.670897],[-118.278882,49.669815],[-118.2751,49.66724],[-118.274387,49.66533],[-118.275458,49.658391],[-118.253005,49.656427],[-118.247572,49.649187],[-118.2469,49.649167],[-118.241908,49.636167],[-118.243576,49.631667],[-118.253395,49.620685],[-118.254448,49.618903],[-118.254666,49.61756],[-118.253573,49.613734],[-118.253434,49.611532],[-118.253919,49.610228],[-118.250362,49.604406],[-118.251943,49.593252],[-118.249453,49.578307],[-118.247463,49.574484],[-118.247339,49.570965],[-118.246703,49.568359],[-118.245513,49.565936],[-118.244892,49.561573],[-118.246078,49.558318],[-118.251067,49.552332],[-118.252672,49.552699],[-118.255054,49.552546],[-118.260559,49.550549],[-118.261168,49.549558],[-118.260062,49.546372],[-118.261487,49.539246],[-118.260282,49.536581],[-118.260828,49.53583],[-118.264386,49.533793],[-118.265446,49.529356],[-118.273568,49.524904],[-118.275737,49.517818],[-118.275806,49.511991],[-118.277479,49.508583],[-118.283517,49.499417],[-118.287377,49.494911],[-118.287692,49.488845],[-118.28723,49.486618],[-118.285691,49.484799],[-118.284565,49.480599],[-118.281778,49.478499],[-118.280463,49.477008],[-118.280177,49.475149],[-118.28321,49.470537],[-118.282742,49.467967],[-118.281805,49.466811],[-118.277869,49.467347],[-118.276714,49.466646],[-118.273155,49.461745],[-118.268028,49.457418],[-118.267112,49.45596],[-118.263916,49.453585],[-118.259631,49.448942],[-118.257064,49.447713],[-118.252848,49.4445],[-118.253784,49.443443],[-118.253764,49.442417],[-118.255945,49.439871],[-118.256429,49.436929],[-118.257652,49.435741],[-118.257946,49.434182],[-118.26035,49.431522],[-118.261196,49.429115],[-118.260852,49.423267],[-118.261495,49.422484],[-118.2656,49.421992],[-118.270727,49.421914],[-118.27374,49.41961],[-118.26257,49.412726],[-118.259661,49.412812],[-118.260018,49.407638],[-118.256881,49.403672],[-118.257124,49.402711],[-118.266703,49.39876],[-118.264047,49.395252],[-118.264509,49.392642],[-118.264209,49.388957],[-118.259452,49.386008],[-118.256346,49.385623],[-118.256108,49.383111],[-118.251032,49.378612],[-118.251566,49.376974],[-118.250215,49.373986],[-118.250604,49.369313],[-118.251808,49.363617],[-118.238641,49.357642],[-118.239744,49.354851],[-118.2387,49.352074],[-118.239954,49.349936],[-118.240742,49.346044],[-118.238771,49.34393],[-118.238113,49.341042],[-118.234567,49.338688],[-118.22997,49.338645],[-118.226487,49.335278],[-118.222529,49.333892],[-118.219038,49.328541],[-118.219305,49.328374],[-118.209143,49.326091],[-118.206253,49.304898],[-118.204612,49.303348],[-118.203753,49.301453],[-118.207679,49.295808],[-118.207742,49.294667],[-118.203913,49.294018],[-118.203314,49.292048],[-118.197752,49.28569],[-118.197004,49.280241],[-118.189584,49.28069],[-118.184503,49.277554],[-118.179558,49.277014],[-118.176906,49.274409],[-118.17783,49.270669],[-118.181409,49.268895],[-118.181936,49.267006],[-118.177099,49.26034],[-118.176838,49.249331],[-118.166307,49.250411],[-118.161015,49.260708],[-118.157628,49.263375],[-118.152848,49.266247],[-118.15195,49.267248],[-118.151375,49.268705],[-118.150299,49.269824],[-118.150067,49.27117],[-118.149709,49.271282],[-118.150135,49.273657],[-118.145709,49.276308],[-118.14223,49.277685],[-118.134664,49.268628],[-118.135827,49.26401],[-118.033319,49.263516],[-117.938845,49.264445],[-117.93136,49.265313],[-117.926191,49.265027],[-117.797307,49.264901],[-117.739968,49.2654],[-117.703107,49.265348],[-117.70373,49.273906],[-117.701089,49.272439],[-117.69913,49.271965],[-117.69845,49.271411],[-117.696856,49.271502],[-117.695615,49.271122],[-117.692855,49.27141],[-117.688938,49.270515],[-117.688104,49.269809],[-117.688191,49.269215],[-117.686679,49.267191],[-117.68667,49.266508],[-117.685951,49.266233],[-117.685537,49.26521],[-117.684581,49.264649],[-117.683393,49.262255],[-117.682074,49.261191],[-117.681981,49.26049],[-117.679953,49.257876],[-117.678995,49.256226],[-117.678984,49.255399],[-117.678372,49.254826],[-117.678228,49.253344],[-117.676568,49.251563],[-117.676475,49.250853],[-117.674629,49.249353],[-117.672326,49.248826],[-117.670336,49.248882],[-117.670712,49.25064],[-117.670654,49.257333],[-117.665032,49.257621],[-117.66526,49.264862],[-117.670807,49.264923],[-117.67084,49.267112],[-117.665287,49.267041],[-117.665615,49.270463],[-117.665301,49.286382],[-117.6653,49.292632],[-117.666211,49.292933],[-117.666239,49.293207],[-117.665299,49.29321],[-117.664807,49.295524],[-117.665159,49.29942],[-117.667195,49.299471],[-117.667264,49.300501],[-117.678439,49.300634],[-117.678278,49.310387],[-117.683003,49.310604],[-117.682823,49.317439],[-117.677321,49.317145],[-117.677099,49.320265],[-117.669097,49.319888],[-117.66567,49.320308],[-117.666702,49.322461],[-117.667899,49.324492],[-117.67406,49.32437],[-117.674643,49.327436],[-117.678539,49.327766],[-117.684028,49.327737],[-117.691576,49.328595],[-117.700514,49.330981],[-117.718857,49.330756],[-117.719056,49.328588],[-117.729716,49.328384],[-117.730313,49.332215],[-117.735408,49.332169],[-117.73563,49.334832],[-117.763741,49.334623],[-117.771115,49.334974],[-117.771218,49.33222],[-117.782428,49.332618],[-117.782554,49.335959],[-117.784818,49.335919],[-117.785031,49.339038],[-117.782718,49.339164],[-117.778155,49.340245],[-117.77287,49.339242],[-117.766054,49.340135],[-117.759539,49.340581],[-117.747418,49.340878],[-117.736623,49.339898],[-117.719004,49.337173],[-117.719001,49.33951],[-117.718816,49.342122],[-117.70257,49.341321],[-117.69331,49.341238],[-117.692455,49.339603],[-117.688004,49.337533],[-117.682667,49.33663],[-117.677584,49.337402],[-117.674266,49.338318],[-117.671966,49.339403],[-117.66838,49.342204],[-117.668279,49.346257],[-117.668958,49.346822],[-117.671058,49.346955],[-117.672081,49.347379],[-117.675018,49.34746],[-117.674103,49.34855],[-117.674286,49.348839],[-117.674314,49.352945],[-117.692339,49.353091],[-117.691715,49.4035],[-117.693272,49.403512],[-117.692619,49.418145],[-117.691601,49.418148],[-117.691719,49.43351],[-117.694184,49.434434],[-117.701025,49.43995],[-117.718081,49.451516],[-117.721983,49.455648],[-117.721427,49.456773],[-117.722577,49.463078],[-117.725957,49.468273],[-117.727323,49.479848],[-117.729762,49.481755],[-117.730889,49.484679],[-117.734748,49.486971],[-117.736963,49.489535],[-117.751875,49.497906],[-117.753642,49.496171],[-117.755728,49.495047],[-117.759198,49.494128],[-117.763141,49.494048],[-117.765978,49.495304],[-117.768987,49.499049],[-117.783412,49.499078],[-117.786104,49.499618],[-117.788739,49.501687],[-117.79253,49.502998],[-117.794982,49.504794],[-117.795948,49.508087],[-117.80657,49.505646],[-117.812899,49.505893],[-117.823305,49.508746],[-117.824387,49.509738],[-117.825601,49.515989],[-117.82846,49.517643],[-117.829525,49.518856],[-117.830839,49.522539],[-117.831522,49.522563],[-117.839671,49.527132],[-117.840737,49.528345],[-117.840745,49.531072],[-117.844511,49.534443],[-117.847082,49.539238],[-117.859145,49.543288],[-117.861714,49.543432],[-117.864095,49.54417],[-117.86605,49.545514],[-117.868631,49.546303],[-117.870599,49.545914],[-117.874029,49.544252],[-117.877033,49.541954],[-117.88331,49.538873],[-117.88581,49.534722],[-117.885575,49.532902],[-117.891972,49.532728],[-117.895977,49.531065],[-117.903434,49.529755],[-117.909773,49.529866],[-117.916106,49.530949],[-117.917912,49.53179],[-117.919885,49.53226],[-117.929001,49.532119],[-117.93196,49.532823],[-117.935151,49.533003],[-117.936155,49.533639],[-117.938236,49.53651],[-117.944234,49.540276],[-117.947,49.541062],[-117.952787,49.540778],[-117.955565,49.542453],[-117.957281,49.544401],[-117.957323,49.545957],[-117.956889,49.546675],[-117.957539,49.549141],[-117.958872,49.550765],[-117.961192,49.552001],[-117.963774,49.552136],[-117.965241,49.551722],[-117.969231,49.551729],[-117.976123,49.552349],[-117.985824,49.55804],[-117.986757,49.558316],[-117.988817,49.558166],[-117.995418,49.559218],[-117.996858,49.559135],[-117.998793,49.559669],[-118.003194,49.564508],[-118.007017,49.567861],[-118.008941,49.568127],[-118.015398,49.570572],[-118.016032,49.572015],[-118.014932,49.574843],[-118.013766,49.580801],[-118.015128,49.582958],[-118.013787,49.585178],[-118.01096,49.585926],[-118.009499,49.587098],[-118.010804,49.590164],[-118.010083,49.597782],[-118.006493,49.604968],[-118.00339,49.607417],[-118.001918,49.610188],[-118.001082,49.610804],[-118.001734,49.612026],[-118.002951,49.612601],[-118.003783,49.613718],[-118.003927,49.615301],[-118.001943,49.620787],[-117.997885,49.621938],[-117.996755,49.624476],[-117.999432,49.627479],[-118.000838,49.629949],[-117.999533,49.63086],[-117.99605,49.637095],[-117.997537,49.638569],[-118.002119,49.640438],[-118.002711,49.641569],[-118.002579,49.643609],[-118.003244,49.645098],[-118.003562,49.649175],[-118.005958,49.652502],[-118.000653,49.655276],[-117.999748,49.657156],[-117.99846,49.657846],[-117.994154,49.658633],[-117.992179,49.661031],[-117.987226,49.664706],[-117.987182,49.667749],[-117.987984,49.668821],[-117.991019,49.670615],[-117.991928,49.671846],[-117.990121,49.676362],[-117.986786,49.678226],[-117.987107,49.679326],[-117.992887,49.68397],[-117.994357,49.685665],[-117.995533,49.685928],[-117.998137,49.687574],[-117.998918,49.68849],[-117.999722,49.688695],[-118.00258,49.690594],[-118.003513,49.692123]]]},"properties":{"id":"59030188","boundaryCode":"59030188","boundaryName":"DA 59030188","boundarySource":"census","boundaryLevel":"bcDaSimplified","boundaryDetail":"medium","DAUID":"59030188","DGUID":"2021S051259030188","PRUID":"59","CDUID":"5903","CDNAME":"Central Kootenay","CDTYPE":"RD","CSDUID":"5903058","CSDNAME":"Central Kootenay J","CSDTYPE":"RDA","CTUID":null,"CTNAME":null,"parentCdId":"5903","parentCdName":"Central Kootenay","parentCsdId":"5903058","parentCsdName":"Central Kootenay J","parentCtId":null,"parentCtName":null,"LANDAREA":1463.1000000000001,"areaKm2":1571.7242427512629},"id":50046},{"type":"Feature","geometry":{"type":"Polygon","coordinates":[[[-117.662111,49.31259],[-117.664249,49.316442],[-117.664818,49.31844],[-117.665378,49.318438],[-117.665311,49.316628],[-117.677321,49.317145],[-117.682823,49.317439],[-117.683003,49.310604],[-117.678278,49.310387],[-117.678439,49.300634],[-117.667264,49.300501],[-117.667195,49.299471],[-117.665159,49.29942],[-117.664807,49.295524],[-117.665299,49.29321],[-117.666239,49.293207],[-117.666211,49.292933],[-117.6653,49.292632],[-117.665301,49.286382],[-117.663676,49.288323],[-117.661479,49.289168],[-117.661353,49.288755],[-117.660814,49.289235],[-117.658223,49.28942],[-117.655981,49.288597],[-117.656665,49.291351],[-117.656095,49.294134],[-117.65739,49.296554],[-117.655645,49.298091],[-117.653036,49.298745],[-117.653924,49.299059],[-117.656674,49.299176],[-117.657297,49.300103],[-117.658244,49.301908],[-117.658652,49.30687],[-117.662111,49.31259]]]},"properties":{"id":"59030189","boundaryCode":"59030189","boundaryName":"DA 59030189","boundarySource":"census","boundaryLevel":"bcDaSimplified","boundaryDetail":"medium","DAUID":"59030189","DGUID":"2021S051259030189","PRUID":"59","CDUID":"5903","CDNAME":"Central Kootenay","CDTYPE":"RD","CSDUID":"5903045","CSDNAME":"Castlegar","CSDTYPE":"CY","CTUID":null,"CTNAME":null,"parentCdId":"5903","parentCdName":"Central Kootenay","parentCsdId":"5903045","parentCsdName":"Castlegar","parentCtId":null,"parentCtName":null,"LANDAREA":3.4992,"areaKm2":3.495747724112116},"id":50047},{"type":"Feature","geometry":{"type":"Polygon","coordinates":[[[-117.653036,49.298745],[-117.655645,49.298091],[-117.65739,49.296554],[-117.656095,49.294134],[-117.656665,49.291351],[-117.655981,49.288597],[-117.655706,49.286889],[-117.65423,49.287009],[-117.654112,49.284651],[-117.652823,49.284632],[-117.652423,49.286613],[-117.651423,49.286062],[-117.650817,49.286369],[-117.650856,49.291892],[-117.649775,49.291903],[-117.651654,49.295592],[-117.650301,49.296145],[-117.653036,49.298745]]]},"properties":{"id":"59030190","boundaryCode":"59030190","boundaryName":"DA 59030190","boundarySource":"census","boundaryLevel":"bcDaSimplified","boundaryDetail":"medium","DAUID":"59030190","DGUID":"2021S051259030190","PRUID":"59","CDUID":"5903","CDNAME":"Central Kootenay","CDTYPE":"RD","CSDUID":"5903045","CSDNAME":"Castlegar","CSDTYPE":"CY","CTUID":null,"CTNAME":null,"parentCdId":"5903","parentCdName":"Central Kootenay","parentCsdId":"5903045","parentCsdName":"Castlegar","parentCtId":null,"parentCtName":null,"LANDAREA":0.5396000000000001,"areaKm2":0.5390336267215377},"id":50048},{"type":"Feature","geometry":{"type":"Polygon","coordinates":[[[-117.650301,49.296145],[-117.651654,49.295592],[-117.649775,49.291903],[-117.650856,49.291892],[-117.650817,49.286369],[-117.651423,49.286062],[-117.652423,49.286613],[-117.652823,49.284632],[-117.654112,49.284651],[-117.654159,49.281293],[-117.653121,49.279208],[-117.651752,49.279194],[-117.650942,49.277558],[-117.65026,49.277549],[-117.648611,49.277527],[-117.649786,49.279594],[-117.648292,49.279642],[-117.644882,49.279011],[-117.643547,49.27764],[-117.643386,49.276624],[-117.642009,49.276836],[-117.644861,49.288946],[-117.644603,49.290205],[-117.643711,49.29456],[-117.650301,49.296145]]]},"properties":{"id":"59030191","boundaryCode":"59030191","boundaryName":"DA 59030191","boundarySource":"census","boundaryLevel":"bcDaSimplified","boundaryDetail":"medium","DAUID":"59030191","DGUID":"2021S051259030191","PRUID":"59","CDUID":"5903","CDNAME":"Central Kootenay","CDTYPE":"RD","CSDUID":"5903045","CSDNAME":"Castlegar","CSDTYPE":"CY","CTUID":null,"CTNAME":null,"parentCdId":"5903","parentCdName":"Central Kootenay","parentCsdId":"5903045","parentCsdName":"Castlegar","parentCtId":null,"parentCtName":null,"LANDAREA":0.9105000000000001,"areaKm2":1.125785361574894},"id":50049},{"type":"Feature","geometry":{"type":"Polygon","coordinates":[[[-117.66526,49.264862],[-117.665151,49.2658],[-117.662226,49.265561],[-117.65817,49.266643],[-117.657054,49.268232],[-117.657483,49.269949],[-117.655897,49.269877],[-117.654594,49.269092],[-117.654442,49.267698],[-117.653238,49.266747],[-117.653595,49.265557],[-117.653298,49.265286],[-117.652676,49.265361],[-117.651828,49.266252],[-117.65129,49.267603],[-117.651859,49.267436],[-117.651825,49.270108],[-117.651329,49.270233],[-117.651841,49.271439],[-117.650666,49.272012],[-117.650676,49.274546],[-117.649936,49.274884],[-117.65026,49.277549],[-117.650942,49.277558],[-117.651752,49.279194],[-117.653121,49.279208],[-117.654159,49.281293],[-117.654112,49.284651],[-117.65423,49.287009],[-117.655706,49.286889],[-117.655981,49.288597],[-117.658223,49.28942],[-117.660814,49.289235],[-117.661353,49.288755],[-117.661479,49.289168],[-117.663676,49.288323],[-117.665301,49.286382],[-117.665615,49.270463],[-117.665287,49.267041],[-117.67084,49.267112],[-117.670807,49.264923],[-117.66526,49.264862]]]},"properties":{"id":"59030192","boundaryCode":"59030192","boundaryName":"DA 59030192","boundarySource":"census","boundaryLevel":"bcDaSimplified","boundaryDetail":"medium","DAUID":"59030192","DGUID":"2021S051259030192","PRUID":"59","CDUID":"5903","CDNAME":"Central Kootenay","CDTYPE":"RD","CSDUID":"5903045","CSDNAME":"Castlegar","CSDTYPE":"CY","CTUID":null,"CTNAME":null,"parentCdId":"5903","parentCdName":"Central Kootenay","parentCsdId":"5903045","parentCsdName":"Castlegar","parentCtId":null,"parentCtName":null,"LANDAREA":2.3972,"areaKm2":2.3948141581079128},"id":50050},{"type":"Feature","geometry":{"type":"Polygon","coordinates":[[[-117.65026,49.277549],[-117.649936,49.274884],[-117.650676,49.274546],[-117.650666,49.272012],[-117.651841,49.271439],[-117.651329,49.270233],[-117.649924,49.270261],[-117.649045,49.271017],[-117.649305,49.269533],[-117.649928,49.2694],[-117.65044,49.266784],[-117.649991,49.266555],[-117.652874,49.263616],[-117.655235,49.259343],[-117.658438,49.256376],[-117.659142,49.254291],[-117.659239,49.250878],[-117.65848,49.250886],[-117.658221,49.254167],[-117.657643,49.255864],[-117.654197,49.259679],[-117.648782,49.259709],[-117.643132,49.263736],[-117.641511,49.265407],[-117.642009,49.276836],[-117.643386,49.276624],[-117.643547,49.27764],[-117.644882,49.279011],[-117.648292,49.279642],[-117.649786,49.279594],[-117.648611,49.277527],[-117.65026,49.277549]]]},"properties":{"id":"59030193","boundaryCode":"59030193","boundaryName":"DA 59030193","boundarySource":"census","boundaryLevel":"bcDaSimplified","boundaryDetail":"medium","DAUID":"59030193","DGUID":"2021S051259030193","PRUID":"59","CDUID":"5903","CDNAME":"Central Kootenay","CDTYPE":"RD","CSDUID":"5903045","CSDNAME":"Castlegar","CSDTYPE":"CY","CTUID":null,"CTNAME":null,"parentCdId":"5903","parentCdName":"Central Kootenay","parentCsdId":"5903045","parentCsdName":"Castlegar","parentCtId":null,"parentCtName":null,"LANDAREA":1.1493,"areaKm2":1.3778768190782738},"id":50051},{"type":"Feature","geometry":{"type":"Polygon","coordinates":[[[-117.644603,49.290205],[-117.644861,49.288946],[-117.642009,49.276836],[-117.641511,49.265407],[-117.643132,49.263736],[-117.641191,49.264097],[-117.63842,49.265179],[-117.629917,49.263691],[-117.623826,49.263728],[-117.623586,49.267857],[-117.624686,49.271814],[-117.624795,49.279274],[-117.626104,49.281529],[-117.630782,49.286087],[-117.634765,49.286292],[-117.635703,49.29039],[-117.644603,49.290205]]]},"properties":{"id":"59030194","boundaryCode":"59030194","boundaryName":"DA 59030194","boundarySource":"census","boundaryLevel":"bcDaSimplified","boundaryDetail":"medium","DAUID":"59030194","DGUID":"2021S051259030194","PRUID":"59","CDUID":"5903","CDNAME":"Central Kootenay","CDTYPE":"RD","CSDUID":"5903058","CSDNAME":"Central Kootenay J","CSDTYPE":"RDA","CTUID":null,"CTNAME":null,"parentCdId":"5903","parentCdName":"Central Kootenay","parentCsdId":"5903058","parentCsdName":"Central Kootenay J","parentCtId":null,"parentCtName":null,"LANDAREA":2.9338,"areaKm2":3.32669381264499},"id":50052},{"type":"Feature","geometry":{"type":"Polygon","coordinates":[[[-117.554949,49.348714],[-117.578978,49.34851],[-117.582402,49.345997],[-117.589827,49.341542],[-117.591573,49.341112],[-117.593481,49.340181],[-117.59651,49.337684],[-117.601735,49.335142],[-117.607932,49.334492],[-117.61205,49.332468],[-117.613384,49.331026],[-117.616277,49.327733],[-117.618933,49.325538],[-117.609201,49.324082],[-117.609593,49.318943],[-117.623575,49.320189],[-117.62544,49.318665],[-117.62782,49.318226],[-117.630869,49.316767],[-117.63064,49.316255],[-117.631896,49.313115],[-117.632342,49.312981],[-117.632589,49.311125],[-117.63487,49.306694],[-117.632523,49.306787],[-117.63259,49.305839],[-117.627648,49.289069],[-117.627993,49.285884],[-117.630782,49.286087],[-117.626104,49.281529],[-117.624795,49.279274],[-117.624686,49.271814],[-117.623586,49.267857],[-117.623826,49.263728],[-117.629917,49.263691],[-117.63842,49.265179],[-117.641191,49.264097],[-117.643132,49.263736],[-117.648782,49.259709],[-117.654197,49.259679],[-117.657643,49.255864],[-117.658221,49.254167],[-117.65848,49.250886],[-117.65354,49.250866],[-117.651171,49.245439],[-117.651159,49.241743],[-117.65624,49.237295],[-117.657603,49.237999],[-117.65775,49.238664],[-117.659109,49.239583],[-117.658919,49.240754],[-117.659815,49.240992],[-117.66018,49.241647],[-117.663557,49.241518],[-117.66434,49.24189],[-117.664177,49.242558],[-117.665198,49.243433],[-117.664283,49.245142],[-117.663261,49.246126],[-117.660005,49.247411],[-117.663595,49.247679],[-117.664158,49.246585],[-117.665549,49.246442],[-117.665751,49.250306],[-117.670712,49.25064],[-117.670336,49.248882],[-117.672326,49.248826],[-117.674629,49.249353],[-117.676475,49.250853],[-117.676568,49.251563],[-117.678228,49.253344],[-117.678372,49.254826],[-117.678984,49.255399],[-117.678995,49.256226],[-117.679953,49.257876],[-117.681981,49.26049],[-117.682074,49.261191],[-117.683393,49.262255],[-117.684581,49.264649],[-117.685537,49.26521],[-117.685951,49.266233],[-117.68667,49.266508],[-117.686679,49.267191],[-117.688191,49.269215],[-117.688104,49.269809],[-117.688938,49.270515],[-117.692855,49.27141],[-117.695615,49.271122],[-117.696856,49.271502],[-117.69845,49.271411],[-117.69913,49.271965],[-117.701089,49.272439],[-117.70373,49.273906],[-117.703107,49.265348],[-117.702007,49.228055],[-117.686333,49.228283],[-117.68586,49.224628],[-117.679752,49.224345],[-117.675357,49.224547],[-117.678464,49.219714],[-117.679696,49.215984],[-117.683629,49.20854],[-117.680926,49.207721],[-117.674095,49.207731],[-117.674289,49.175048],[-117.600075,49.175368],[-117.583954,49.174761],[-117.499603,49.175228],[-117.493976,49.175493],[-117.491894,49.21817],[-117.493389,49.226634],[-117.492164,49.25009],[-117.492817,49.275889],[-117.491234,49.337458],[-117.490888,49.348997],[-117.554949,49.348714]],[[-117.627191,49.286112],[-117.624968,49.290191],[-117.622796,49.289703],[-117.624764,49.28608],[-117.627191,49.286112]]]},"properties":{"id":"59030195","boundaryCode":"59030195","boundaryName":"DA 59030195","boundarySource":"census","boundaryLevel":"bcDaSimplified","boundaryDetail":"medium","DAUID":"59030195","DGUID":"2021S051259030195","PRUID":"59","CDUID":"5903","CDNAME":"Central Kootenay","CDTYPE":"RD","CSDUID":"5903058","CSDNAME":"Central Kootenay J","CSDTYPE":"RDA","CTUID":null,"CTNAME":null,"parentCdId":"5903","parentCdName":"Central Kootenay","parentCsdId":"5903058","parentCsdName":"Central Kootenay J","parentCtId":null,"parentCtName":null,"LANDAREA":221.52970000000002,"areaKm2":223.9356403615857},"id":50053},{"type":"Feature","geometry":{"type":"Polygon","coordinates":[[[-117.627191,49.286112],[-117.624764,49.28608],[-117.622796,49.289703],[-117.624968,49.290191],[-117.627191,49.286112]]]},"properties":{"id":"59030196","boundaryCode":"59030196","boundaryName":"DA 59030196","boundarySource":"census","boundaryLevel":"bcDaSimplified","boundaryDetail":"medium","DAUID":"59030196","DGUID":"2021S051259030196","PRUID":"59","CDUID":"5903","CDNAME":"Central Kootenay","CDTYPE":"RD","CSDUID":"5903045","CSDNAME":"Castlegar","CSDTYPE":"CY","CTUID":null,"CTNAME":null,"parentCdId":"5903","parentCdName":"Central Kootenay","parentCsdId":"5903045","parentCsdName":"Castlegar","parentCtId":null,"parentCtName":null,"LANDAREA":0.0775,"areaKm2":0.0774461458782905},"id":50054},{"type":"Feature","geometry":{"type":"Polygon","coordinates":[[[-117.670712,49.25064],[-117.665751,49.250306],[-117.665549,49.246442],[-117.664158,49.246585],[-117.663595,49.247679],[-117.662726,49.249342],[-117.660004,49.249349],[-117.659239,49.250878],[-117.659142,49.254291],[-117.658438,49.256376],[-117.655235,49.259343],[-117.652874,49.263616],[-117.649991,49.266555],[-117.65044,49.266784],[-117.649928,49.2694],[-117.649305,49.269533],[-117.649045,49.271017],[-117.649924,49.270261],[-117.651329,49.270233],[-117.651825,49.270108],[-117.651859,49.267436],[-117.65129,49.267603],[-117.651828,49.266252],[-117.652676,49.265361],[-117.653298,49.265286],[-117.653595,49.265557],[-117.653238,49.266747],[-117.654442,49.267698],[-117.654594,49.269092],[-117.655897,49.269877],[-117.657483,49.269949],[-117.657054,49.268232],[-117.65817,49.266643],[-117.662226,49.265561],[-117.665151,49.2658],[-117.66526,49.264862],[-117.665032,49.257621],[-117.670654,49.257333],[-117.670712,49.25064]]]},"properties":{"id":"59030197","boundaryCode":"59030197","boundaryName":"DA 59030197","boundarySource":"census","boundaryLevel":"bcDaSimplified","boundaryDetail":"medium","DAUID":"59030197","DGUID":"2021S051259030197","PRUID":"59","CDUID":"5903","CDNAME":"Central Kootenay","CDTYPE":"RD","CSDUID":"5903045","CSDNAME":"Castlegar","CSDTYPE":"CY","CTUID":null,"CTNAME":null,"parentCdId":"5903","parentCdName":"Central Kootenay","parentCsdId":"5903045","parentCsdName":"Castlegar","parentCtId":null,"parentCtName":null,"LANDAREA":1.7136,"areaKm2":1.7119286377344858},"id":50055},{"type":"Feature","geometry":{"type":"Polygon","coordinates":[[[-117.659239,49.250878],[-117.660004,49.249349],[-117.662726,49.249342],[-117.663595,49.247679],[-117.660005,49.247411],[-117.663261,49.246126],[-117.664283,49.245142],[-117.665198,49.243433],[-117.664177,49.242558],[-117.66434,49.24189],[-117.663557,49.241518],[-117.66018,49.241647],[-117.659815,49.240992],[-117.658919,49.240754],[-117.659109,49.239583],[-117.65775,49.238664],[-117.657603,49.237999],[-117.65624,49.237295],[-117.651159,49.241743],[-117.651171,49.245439],[-117.65354,49.250866],[-117.65848,49.250886],[-117.659239,49.250878]]]},"properties":{"id":"59030198","boundaryCode":"59030198","boundaryName":"DA 59030198","boundarySource":"census","boundaryLevel":"bcDaSimplified","boundaryDetail":"medium","DAUID":"59030198","DGUID":"2021S051259030198","PRUID":"59","CDUID":"5903","CDNAME":"Central Kootenay","CDTYPE":"RD","CSDUID":"5903045","CSDNAME":"Castlegar","CSDTYPE":"CY","CTUID":null,"CTNAME":null,"parentCdId":"5903","parentCdName":"Central Kootenay","parentCsdId":"5903045","parentCsdName":"Castlegar","parentCtId":null,"parentCtName":null,"LANDAREA":0.8575,"areaKm2":1.0000656441630187},"id":50056},{"type":"Feature","geometry":{"type":"Polygon","coordinates":[[[-117.338617,49.410937],[-117.348567,49.40722],[-117.372788,49.395884],[-117.383714,49.392537],[-117.390513,49.392348],[-117.394079,49.396121],[-117.400857,49.397228],[-117.405628,49.396391],[-117.416938,49.393538],[-117.419712,49.388492],[-117.413392,49.382579],[-117.414406,49.379958],[-117.421999,49.375673],[-117.430216,49.375007],[-117.43055,49.367167],[-117.432907,49.361106],[-117.444392,49.356544],[-117.451454,49.352686],[-117.461016,49.338729],[-117.470902,49.336463],[-117.482005,49.336722],[-117.491234,49.337458],[-117.492817,49.275889],[-117.492164,49.25009],[-117.493389,49.226634],[-117.491894,49.21817],[-117.493976,49.175493],[-117.48559,49.175536],[-117.469754,49.181552],[-117.46745,49.182033],[-117.459864,49.182568],[-117.45489,49.185188],[-117.453171,49.185786],[-117.446712,49.186082],[-117.436427,49.187708],[-117.431015,49.187844],[-117.422732,49.187463],[-117.418662,49.188008],[-117.411639,49.188359],[-117.404582,49.187928],[-117.402409,49.187482],[-117.392344,49.184294],[-117.388919,49.183819],[-117.381445,49.184997],[-117.372115,49.185776],[-117.368181,49.187768],[-117.360665,49.189336],[-117.352463,49.191732],[-117.349259,49.191854],[-117.343792,49.191064],[-117.330894,49.192258],[-117.317287,49.189636],[-117.315601,49.189546],[-117.301742,49.192404],[-117.296704,49.19406],[-117.295206,49.194258],[-117.293031,49.193961],[-117.294896,49.194768],[-117.29379,49.198359],[-117.276145,49.198493],[-117.274735,49.199857],[-117.274315,49.199674],[-117.26433,49.209442],[-117.25798,49.220106],[-117.257587,49.221415],[-117.25787,49.222592],[-117.255827,49.22696],[-117.253375,49.229363],[-117.249345,49.232286],[-117.241892,49.241821],[-117.240296,49.242812],[-117.236854,49.244088],[-117.232123,49.244411],[-117.230745,49.244914],[-117.229315,49.247202],[-117.227606,49.253358],[-117.226143,49.254315],[-117.217289,49.257417],[-117.213425,49.259468],[-117.209537,49.264009],[-117.207791,49.264988],[-117.207436,49.265657],[-117.208043,49.269755],[-117.206663,49.274018],[-117.206879,49.27532],[-117.210675,49.277833],[-117.214037,49.279581],[-117.213324,49.279475],[-117.215012,49.281909],[-117.213902,49.28224],[-117.214938,49.283739],[-117.215984,49.283439],[-117.218617,49.287509],[-117.219654,49.287865],[-117.220798,49.287866],[-117.224485,49.287109],[-117.225358,49.290307],[-117.224804,49.296753],[-117.223711,49.299441],[-117.224011,49.300884],[-117.227267,49.304621],[-117.228359,49.308218],[-117.229803,49.310306],[-117.236055,49.316207],[-117.243086,49.320642],[-117.243966,49.322097],[-117.244654,49.331843],[-117.244179,49.333106],[-117.241734,49.336618],[-117.241436,49.338046],[-117.241897,49.339336],[-117.245125,49.34362],[-117.247745,49.353433],[-117.248073,49.359252],[-117.246919,49.363575],[-117.237238,49.382428],[-117.235994,49.383918],[-117.233447,49.385516],[-117.220944,49.38968],[-117.218309,49.390258],[-117.214265,49.390595],[-117.212775,49.391057],[-117.208463,49.394614],[-117.206432,49.397356],[-117.207738,49.402041],[-117.206609,49.404973],[-117.206977,49.406765],[-117.224526,49.418262],[-117.229386,49.420696],[-117.229058,49.411423],[-117.25019,49.411528],[-117.258961,49.414244],[-117.262239,49.415701],[-117.268981,49.41986],[-117.272116,49.420709],[-117.275945,49.420723],[-117.29363,49.418527],[-117.306512,49.41806],[-117.310194,49.414923],[-117.314462,49.412243],[-117.319912,49.410152],[-117.328526,49.410778],[-117.334833,49.412304],[-117.338617,49.410937]]]},"properties":{"id":"59030199","boundaryCode":"59030199","boundaryName":"DA 59030199","boundarySource":"census","boundaryLevel":"bcDaSimplified","boundaryDetail":"medium","DAUID":"59030199","DGUID":"2021S051259030199","PRUID":"59","CDUID":"5903","CDNAME":"Central Kootenay","CDTYPE":"RD","CSDUID":"5903047","CSDNAME":"Central Kootenay G","CSDTYPE":"RDA","CTUID":null,"CTNAME":null,"parentCdId":"5903","parentCdName":"Central Kootenay","parentCsdId":"5903047","parentCsdName":"Central Kootenay G","parentCtId":null,"parentCtName":null,"LANDAREA":420.5584,"areaKm2":420.4430407688679},"id":50057},{"type":"Feature","geometry":{"type":"Polygon","coordinates":[[[-117.293031,49.193961],[-117.293469,49.191034],[-117.291154,49.191272],[-117.287385,49.189905],[-117.284727,49.189837],[-117.284662,49.189628],[-117.283028,49.18946],[-117.281269,49.191289],[-117.279259,49.190338],[-117.278717,49.190395],[-117.27569,49.193336],[-117.270997,49.192513],[-117.271804,49.19613],[-117.271759,49.198477],[-117.274315,49.199674],[-117.274735,49.199857],[-117.276145,49.198493],[-117.29379,49.198359],[-117.294896,49.194768],[-117.293031,49.193961]]]},"properties":{"id":"59030200","boundaryCode":"59030200","boundaryName":"DA 59030200","boundarySource":"census","boundaryLevel":"bcDaSimplified","boundaryDetail":"medium","DAUID":"59030200","DGUID":"2021S051259030200","PRUID":"59","CDUID":"5903","CDNAME":"Central Kootenay","CDTYPE":"RD","CSDUID":"5903011","CSDNAME":"Salmo","CSDTYPE":"VL","CTUID":null,"CTNAME":null,"parentCdId":"5903","parentCdName":"Central Kootenay","parentCsdId":"5903011","parentCsdName":"Salmo","parentCtId":null,"parentCtName":null,"LANDAREA":1.353,"areaKm2":1.3582362930858032},"id":50058},{"type":"Feature","geometry":{"type":"Polygon","coordinates":[[[-117.283028,49.18946],[-117.283059,49.18895],[-117.281956,49.187508],[-117.282903,49.186758],[-117.283759,49.186755],[-117.281747,49.180181],[-117.280743,49.180245],[-117.279626,49.178808],[-117.274071,49.178804],[-117.27489,49.181271],[-117.271452,49.181323],[-117.27098,49.18191],[-117.271304,49.189918],[-117.270997,49.192513],[-117.27569,49.193336],[-117.278717,49.190395],[-117.279259,49.190338],[-117.281269,49.191289],[-117.283028,49.18946]]]},"properties":{"id":"59030201","boundaryCode":"59030201","boundaryName":"DA 59030201","boundarySource":"census","boundaryLevel":"bcDaSimplified","boundaryDetail":"medium","DAUID":"59030201","DGUID":"2021S051259030201","PRUID":"59","CDUID":"5903","CDNAME":"Central Kootenay","CDTYPE":"RD","CSDUID":"5903011","CSDNAME":"Salmo","CSDTYPE":"VL","CTUID":null,"CTNAME":null,"parentCdId":"5903","parentCdName":"Central Kootenay","parentCsdId":"5903011","parentCsdName":"Salmo","parentCtId":null,"parentCtName":null,"LANDAREA":1.0912,"areaKm2":1.1184747490834102},"id":50059},{"type":"Feature","geometry":{"type":"Polygon","coordinates":[[[-117.48559,49.175536],[-117.471962,49.175721],[-117.472129,49.171251],[-117.484248,49.17089],[-117.483868,49.164418],[-117.49494,49.163868],[-117.495366,49.160462],[-117.500467,49.160365],[-117.500462,49.158017],[-117.505812,49.157755],[-117.506054,49.138824],[-117.510809,49.138848],[-117.510835,49.123587],[-117.520538,49.123673],[-117.52055,49.122825],[-117.520582,49.120657],[-117.520967,49.115182],[-117.519872,49.106212],[-117.521097,49.104444],[-117.520752,49.102957],[-117.521098,49.088066],[-117.465445,49.088172],[-117.467075,49.055875],[-117.466231,49.050462],[-117.468166,49.046331],[-117.467498,49.036318],[-117.468591,49.023148],[-117.469667,49.000673],[-117.268367,49.000029],[-116.913565,49.000084],[-116.913862,49.00562],[-116.909293,49.008409],[-116.89623,49.01067],[-116.885369,49.028465],[-116.890546,49.042689],[-116.902322,49.0454],[-116.911882,49.050415],[-116.920818,49.055585],[-116.914537,49.058199],[-116.921091,49.062072],[-116.924527,49.064245],[-116.938972,49.062609],[-116.961755,49.059346],[-116.959431,49.053316],[-116.966858,49.051402],[-116.978193,49.049806],[-116.992781,49.05047],[-117.002951,49.055636],[-117.009746,49.057061],[-117.012994,49.056398],[-117.01595,49.055371],[-117.017815,49.05558],[-117.021334,49.051718],[-117.024283,49.050958],[-117.030397,49.050947],[-117.041612,49.05654],[-117.044283,49.058022],[-117.04703,49.063075],[-117.054429,49.069486],[-117.04724,49.077468],[-117.051822,49.089108],[-117.056622,49.095253],[-117.053362,49.097454],[-117.052367,49.099688],[-117.052279,49.102435],[-117.047105,49.104506],[-117.047224,49.106925],[-117.046394,49.108895],[-117.047693,49.113442],[-117.046307,49.118207],[-117.041744,49.120981],[-117.038563,49.120434],[-117.035365,49.120381],[-117.032223,49.122023],[-117.03291,49.12644],[-117.032597,49.128156],[-117.033362,49.129891],[-117.034105,49.130415],[-117.034462,49.132539],[-117.035434,49.134105],[-117.035549,49.13515],[-117.037182,49.136042],[-117.040213,49.138775],[-117.042028,49.142366],[-117.044956,49.143504],[-117.046859,49.145453],[-117.048107,49.145883],[-117.057004,49.147337],[-117.060735,49.148466],[-117.07526,49.154461],[-117.078977,49.155418],[-117.080626,49.156312],[-117.085559,49.157322],[-117.088962,49.15847],[-117.09102,49.158627],[-117.091962,49.160196],[-117.093688,49.159999],[-117.094777,49.157839],[-117.098683,49.155659],[-117.105176,49.154995],[-117.109262,49.153334],[-117.11564,49.151609],[-117.118544,49.150957],[-117.121477,49.150681],[-117.127148,49.148456],[-117.130323,49.147793],[-117.133918,49.146245],[-117.134833,49.145528],[-117.136228,49.145197],[-117.138539,49.145067],[-117.143572,49.145729],[-117.14688,49.145529],[-117.148334,49.145876],[-117.150502,49.146913],[-117.154904,49.147719],[-117.161195,49.147774],[-117.164236,49.147298],[-117.167115,49.147389],[-117.171373,49.146189],[-117.176883,49.146416],[-117.180911,49.145973],[-117.18295,49.145094],[-117.186545,49.142824],[-117.188229,49.142306],[-117.19101,49.141965],[-117.195784,49.142414],[-117.201265,49.141445],[-117.209863,49.141226],[-117.212053,49.140902],[-117.229174,49.141955],[-117.230582,49.142385],[-117.231969,49.142419],[-117.233833,49.143169],[-117.239994,49.143282],[-117.242879,49.142676],[-117.246242,49.141299],[-117.247026,49.141333],[-117.248118,49.142357],[-117.251437,49.143231],[-117.25233,49.143723],[-117.254714,49.1459],[-117.256975,49.149894],[-117.25657,49.153895],[-117.259194,49.172977],[-117.263334,49.184231],[-117.264297,49.18915],[-117.267312,49.191663],[-117.270997,49.192513],[-117.271304,49.189918],[-117.27098,49.18191],[-117.271452,49.181323],[-117.27489,49.181271],[-117.274071,49.178804],[-117.279626,49.178808],[-117.280743,49.180245],[-117.281747,49.180181],[-117.283759,49.186755],[-117.282903,49.186758],[-117.281956,49.187508],[-117.283059,49.18895],[-117.283028,49.18946],[-117.284662,49.189628],[-117.284727,49.189837],[-117.287385,49.189905],[-117.291154,49.191272],[-117.293469,49.191034],[-117.293031,49.193961],[-117.295206,49.194258],[-117.296704,49.19406],[-117.301742,49.192404],[-117.315601,49.189546],[-117.317287,49.189636],[-117.330894,49.192258],[-117.343792,49.191064],[-117.349259,49.191854],[-117.352463,49.191732],[-117.360665,49.189336],[-117.368181,49.187768],[-117.372115,49.185776],[-117.381445,49.184997],[-117.388919,49.183819],[-117.392344,49.184294],[-117.402409,49.187482],[-117.404582,49.187928],[-117.411639,49.188359],[-117.418662,49.188008],[-117.422732,49.187463],[-117.431015,49.187844],[-117.436427,49.187708],[-117.446712,49.186082],[-117.453171,49.185786],[-117.45489,49.185188],[-117.459864,49.182568],[-117.46745,49.182033],[-117.469754,49.181552],[-117.48559,49.175536]]]},"properties":{"id":"59030202","boundaryCode":"59030202","boundaryName":"DA 59030202","boundarySource":"census","boundaryLevel":"bcDaSimplified","boundaryDetail":"medium","DAUID":"59030202","DGUID":"2021S051259030202","PRUID":"59","CDUID":"5903","CDNAME":"Central Kootenay","CDTYPE":"RD","CSDUID":"5903047","CSDNAME":"Central Kootenay G","CSDTYPE":"RDA","CTUID":null,"CTNAME":null,"parentCdId":"5903","parentCdName":"Central Kootenay","parentCsdId":"5903047","parentCsdName":"Central Kootenay G","parentCtId":null,"parentCtName":null,"LANDAREA":663.2848,"areaKm2":669.039884195769},"id":50060},{"type":"Feature","geometry":{"type":"Polygon","coordinates":[[[-117.229386,49.420696],[-117.224526,49.418262],[-117.206977,49.406765],[-117.206609,49.404973],[-117.207738,49.402041],[-117.206432,49.397356],[-117.208463,49.394614],[-117.212775,49.391057],[-117.214265,49.390595],[-117.218309,49.390258],[-117.220944,49.38968],[-117.233447,49.385516],[-117.235994,49.383918],[-117.237238,49.382428],[-117.246919,49.363575],[-117.248073,49.359252],[-117.247745,49.353433],[-117.245125,49.34362],[-117.241897,49.339336],[-117.241436,49.338046],[-117.241734,49.336618],[-117.244179,49.333106],[-117.244654,49.331843],[-117.243966,49.322097],[-117.243086,49.320642],[-117.236055,49.316207],[-117.229803,49.310306],[-117.228359,49.308218],[-117.227267,49.304621],[-117.224011,49.300884],[-117.223711,49.299441],[-117.224804,49.296753],[-117.225358,49.290307],[-117.224485,49.287109],[-117.220798,49.287866],[-117.219654,49.287865],[-117.218617,49.287509],[-117.215984,49.283439],[-117.214938,49.283739],[-117.213902,49.28224],[-117.215012,49.281909],[-117.213324,49.279475],[-117.214037,49.279581],[-117.210675,49.277833],[-117.206879,49.27532],[-117.206663,49.274018],[-117.208043,49.269755],[-117.207436,49.265657],[-117.207791,49.264988],[-117.209537,49.264009],[-117.213425,49.259468],[-117.217289,49.257417],[-117.226143,49.254315],[-117.227606,49.253358],[-117.229315,49.247202],[-117.230745,49.244914],[-117.232123,49.244411],[-117.236854,49.244088],[-117.240296,49.242812],[-117.241892,49.241821],[-117.249345,49.232286],[-117.253375,49.229363],[-117.255827,49.22696],[-117.25787,49.222592],[-117.257587,49.221415],[-117.25798,49.220106],[-117.26433,49.209442],[-117.274315,49.199674],[-117.271759,49.198477],[-117.271804,49.19613],[-117.270997,49.192513],[-117.267312,49.191663],[-117.264297,49.18915],[-117.263334,49.184231],[-117.259194,49.172977],[-117.25657,49.153895],[-117.256975,49.149894],[-117.254714,49.1459],[-117.25233,49.143723],[-117.251437,49.143231],[-117.248118,49.142357],[-117.247026,49.141333],[-117.246242,49.141299],[-117.242879,49.142676],[-117.239994,49.143282],[-117.233833,49.143169],[-117.231969,49.142419],[-117.230582,49.142385],[-117.229174,49.141955],[-117.212053,49.140902],[-117.209863,49.141226],[-117.201265,49.141445],[-117.195784,49.142414],[-117.19101,49.141965],[-117.188229,49.142306],[-117.186545,49.142824],[-117.18295,49.145094],[-117.180911,49.145973],[-117.176883,49.146416],[-117.171373,49.146189],[-117.167115,49.147389],[-117.164236,49.147298],[-117.161195,49.147774],[-117.154904,49.147719],[-117.150502,49.146913],[-117.148334,49.145876],[-117.14688,49.145529],[-117.143572,49.145729],[-117.138539,49.145067],[-117.136228,49.145197],[-117.134833,49.145528],[-117.133918,49.146245],[-117.130323,49.147793],[-117.127148,49.148456],[-117.121477,49.150681],[-117.118544,49.150957],[-117.11564,49.151609],[-117.109262,49.153334],[-117.105176,49.154995],[-117.098683,49.155659],[-117.094777,49.157839],[-117.093688,49.159999],[-117.091962,49.160196],[-117.09102,49.158627],[-117.088962,49.15847],[-117.085559,49.157322],[-117.080626,49.156312],[-117.078977,49.155418],[-117.07526,49.154461],[-117.060735,49.148466],[-117.057004,49.147337],[-117.048107,49.145883],[-117.046859,49.145453],[-117.044956,49.143504],[-117.042028,49.142366],[-117.040213,49.138775],[-117.037182,49.136042],[-117.035549,49.13515],[-117.035434,49.134105],[-117.034462,49.132539],[-117.034105,49.130415],[-117.033362,49.129891],[-117.032597,49.128156],[-117.03291,49.12644],[-117.032223,49.122023],[-117.030215,49.123413],[-117.029228,49.125794],[-117.026215,49.129047],[-117.025737,49.13565],[-117.027305,49.137605],[-117.02514,49.141279],[-117.025654,49.143143],[-117.029049,49.147199],[-117.030481,49.150383],[-117.035269,49.154408],[-117.038841,49.15608],[-117.035079,49.15707],[-117.033219,49.158106],[-117.029364,49.162282],[-117.029405,49.163996],[-117.031901,49.165719],[-117.033668,49.166448],[-117.035227,49.167981],[-117.038633,49.16862],[-117.040426,49.170057],[-117.039179,49.171801],[-117.038369,49.174748],[-117.038305,49.17681],[-117.0447,49.178352],[-117.046015,49.17991],[-117.044519,49.180954],[-117.045745,49.186286],[-117.049847,49.189764],[-117.049918,49.190597],[-117.049487,49.191566],[-117.046762,49.192943],[-117.046159,49.195599],[-117.048068,49.197164],[-117.047604,49.199421],[-117.046757,49.200971],[-117.047364,49.20234],[-117.044093,49.203478],[-117.045618,49.204851],[-117.043088,49.208903],[-117.040939,49.210465],[-117.04017,49.214508],[-117.04104,49.216188],[-117.042904,49.217169],[-117.039981,49.218341],[-117.035806,49.219296],[-117.033064,49.222296],[-117.032538,49.224868],[-117.033824,49.229162],[-117.029861,49.230144],[-117.029937,49.235726],[-117.030834,49.237654],[-117.030939,49.239159],[-117.027441,49.242108],[-117.023985,49.24368],[-117.020986,49.243502],[-117.017978,49.24444],[-117.015248,49.245816],[-117.011362,49.246827],[-117.009772,49.25415],[-117.021612,49.262522],[-117.023756,49.26365],[-117.024573,49.264718],[-117.026849,49.266422],[-117.028253,49.270647],[-117.031471,49.274634],[-117.033668,49.276725],[-117.041062,49.280586],[-117.041051,49.286315],[-117.039155,49.292539],[-117.046803,49.286686],[-117.061606,49.283454],[-117.071245,49.288264],[-117.067955,49.294062],[-117.068032,49.296474],[-117.067408,49.299087],[-117.063198,49.305015],[-117.062871,49.306907],[-117.07096,49.315812],[-117.07159,49.321604],[-117.068246,49.328736],[-117.064552,49.334755],[-117.064205,49.341261],[-117.062219,49.350217],[-117.054011,49.364522],[-117.059023,49.367643],[-117.063385,49.374046],[-117.063489,49.382537],[-117.070416,49.384035],[-117.081964,49.385509],[-117.090598,49.382622],[-117.098599,49.383044],[-117.105891,49.386979],[-117.105625,49.402526],[-117.103747,49.411172],[-117.100374,49.418191],[-117.104211,49.423936],[-117.1102,49.426189],[-117.120683,49.431453],[-117.121075,49.432675],[-117.120106,49.435023],[-117.119676,49.437801],[-117.148805,49.438341],[-117.184857,49.436198],[-117.229653,49.4363],[-117.229386,49.420696]]]},"properties":{"id":"59030203","boundaryCode":"59030203","boundaryName":"DA 59030203","boundarySource":"census","boundaryLevel":"bcDaSimplified","boundaryDetail":"medium","DAUID":"59030203","DGUID":"2021S051259030203","PRUID":"59","CDUID":"5903","CDNAME":"Central Kootenay","CDTYPE":"RD","CSDUID":"5903047","CSDNAME":"Central Kootenay G","CSDTYPE":"RDA","CTUID":null,"CTNAME":null,"parentCdId":"5903","parentCdName":"Central Kootenay","parentCsdId":"5903047","parentCsdName":"Central Kootenay G","parentCtId":null,"parentCtName":null,"LANDAREA":425.30080000000004,"areaKm2":426.12819621785985},"id":50061},{"type":"Feature","geometry":{"type":"Polygon","coordinates":[[[-116.921091,49.062072],[-116.914237,49.063179],[-116.912604,49.065634],[-116.911549,49.065993],[-116.910384,49.066999],[-116.896862,49.073477],[-116.890578,49.07738],[-116.891098,49.077732],[-116.891015,49.078155],[-116.88914,49.077875],[-116.888263,49.078216],[-116.887165,49.079177],[-116.8866,49.080517],[-116.88398,49.082547],[-116.879143,49.083855],[-116.87703,49.085445],[-116.876547,49.086911],[-116.876819,49.087442],[-116.875655,49.087657],[-116.874073,49.090156],[-116.871687,49.091548],[-116.869823,49.091644],[-116.866655,49.093341],[-116.863607,49.095946],[-116.86109,49.099442],[-116.860757,49.100926],[-116.861315,49.102339],[-116.862121,49.103069],[-116.869014,49.102564],[-116.870988,49.101991],[-116.873428,49.10175],[-116.879606,49.10191],[-116.881768,49.102812],[-116.881699,49.103099],[-116.880124,49.102999],[-116.876628,49.103841],[-116.876024,49.10438],[-116.876899,49.104912],[-116.875242,49.105],[-116.874581,49.106132],[-116.871699,49.107153],[-116.85864,49.110516],[-116.836877,49.11986],[-116.828998,49.120588],[-116.826838,49.121131],[-116.822179,49.123905],[-116.816128,49.128199],[-116.811316,49.129482],[-116.808623,49.131418],[-116.806727,49.132238],[-116.800722,49.133664],[-116.796664,49.135583],[-116.781032,49.139718],[-116.776787,49.139993],[-116.768676,49.144857],[-116.762001,49.146177],[-116.760471,49.146246],[-116.750975,49.145204],[-116.74195,49.142808],[-116.736264,49.142789],[-116.726709,49.139924],[-116.723929,49.139505],[-116.717504,49.139389],[-116.713522,49.140051],[-116.707807,49.140225],[-116.704814,49.140639],[-116.700626,49.139823],[-116.696603,49.139606],[-116.692735,49.140554],[-116.677499,49.142733],[-116.672994,49.142279],[-116.670002,49.142893],[-116.666373,49.142612],[-116.662162,49.144051],[-116.657399,49.144062],[-116.654696,49.14373],[-116.651532,49.142642],[-116.645804,49.14143],[-116.643303,49.140324],[-116.636958,49.135562],[-116.635899,49.134051],[-116.635049,49.130274],[-116.633395,49.128945],[-116.588226,49.117401],[-116.580765,49.117208],[-116.581712,49.113498],[-116.585632,49.107157],[-116.590974,49.100227],[-116.594744,49.091371],[-116.594949,49.088442],[-116.594283,49.086812],[-116.592692,49.085627],[-116.59037,49.084643],[-116.585273,49.083377],[-116.583184,49.083164],[-116.581245,49.083396],[-116.579123,49.084434],[-116.57343,49.088943],[-116.570611,49.090379],[-116.568751,49.090404],[-116.565278,49.088755],[-116.564429,49.089169],[-116.558361,49.088437],[-116.556749,49.087254],[-116.554702,49.086705],[-116.552022,49.086932],[-116.550404,49.087452],[-116.549741,49.087895],[-116.548728,49.089862],[-116.541624,49.089865],[-116.54077,49.089339],[-116.539886,49.087271],[-116.537988,49.086112],[-116.537706,49.085521],[-116.535619,49.084366],[-116.533792,49.083806],[-116.52885,49.08352],[-116.526898,49.082936],[-116.524719,49.082168],[-116.522469,49.08207],[-116.514115,49.078431],[-116.505067,49.073765],[-116.503027,49.073397],[-116.499083,49.069819],[-116.495903,49.070485],[-116.4941,49.071467],[-116.490949,49.072399],[-116.488706,49.072582],[-116.486715,49.071672],[-116.488384,49.074655],[-116.489225,49.082542],[-116.491798,49.0828],[-116.51232,49.082503],[-116.512443,49.088249],[-116.516452,49.088232],[-116.52216,49.088205],[-116.522182,49.09025],[-116.524677,49.09527],[-116.526781,49.09526],[-116.526364,49.09186],[-116.529019,49.09199],[-116.529004,49.090161],[-116.533527,49.090092],[-116.533364,49.093419],[-116.530341,49.095694],[-116.528612,49.099504],[-116.52343,49.099076],[-116.52395,49.100762],[-116.528153,49.106376],[-116.531963,49.112774],[-116.537624,49.116188],[-116.539165,49.116358],[-116.539233,49.124658],[-116.541656,49.128966],[-116.542151,49.130664],[-116.541845,49.13316],[-116.539149,49.140856],[-116.539168,49.141905],[-116.542703,49.147482],[-116.544172,49.156348],[-116.543271,49.160525],[-116.545521,49.166412],[-116.545953,49.170254],[-116.546421,49.170993],[-116.558997,49.172022],[-116.563168,49.17123],[-116.563503,49.171769],[-116.563325,49.172174],[-116.561938,49.172932],[-116.561704,49.174616],[-116.562709,49.175697],[-116.563141,49.176919],[-116.563056,49.18168],[-116.562752,49.181955],[-116.564766,49.182737],[-116.568485,49.184925],[-116.572376,49.187744],[-116.577853,49.189363],[-116.580486,49.189705],[-116.581408,49.190226],[-116.581746,49.191314],[-116.58103,49.193226],[-116.581417,49.195382],[-116.582024,49.196026],[-116.584277,49.197068],[-116.584926,49.199236],[-116.586328,49.201366],[-116.588865,49.202116],[-116.589555,49.202655],[-116.591712,49.209063],[-116.596572,49.212287],[-116.598063,49.214828],[-116.601149,49.216239],[-116.601476,49.218996],[-116.603874,49.221532],[-116.604749,49.223631],[-116.607943,49.226818],[-116.609933,49.227975],[-116.612986,49.231143],[-116.615062,49.232679],[-116.616228,49.236765],[-116.617031,49.238231],[-116.620749,49.242083],[-116.622269,49.244414],[-116.62668,49.249386],[-116.629791,49.252091],[-116.63266,49.253886],[-116.638179,49.255584],[-116.643188,49.257994],[-116.646496,49.260791],[-116.647782,49.261068],[-116.649022,49.260879],[-116.650373,49.265316],[-116.653552,49.271732],[-116.653763,49.273241],[-116.654852,49.275292],[-116.657244,49.278518],[-116.660127,49.281574],[-116.664375,49.284342],[-116.670693,49.284785],[-116.682788,49.284315],[-116.692765,49.287096],[-116.688063,49.277498],[-116.688651,49.26071],[-116.687941,49.257239],[-116.687037,49.256704],[-116.68691,49.254841],[-116.685392,49.253042],[-116.684629,49.249393],[-116.68601,49.241249],[-116.688819,49.23596],[-116.688478,49.233262],[-116.685904,49.228376],[-116.682746,49.225125],[-116.679156,49.222545],[-116.681872,49.22012],[-116.682958,49.219889],[-116.694622,49.213859],[-116.714921,49.21125],[-116.729896,49.205813],[-116.753432,49.204319],[-116.771353,49.194155],[-116.795114,49.188668],[-116.807156,49.187162],[-116.828273,49.176839],[-116.838539,49.179055],[-116.851132,49.191088],[-116.859613,49.197341],[-116.871192,49.204636],[-116.873536,49.203743],[-116.884722,49.19685],[-116.895348,49.192959],[-116.900481,49.190257],[-116.907174,49.190128],[-116.915579,49.189282],[-116.91857,49.188477],[-116.92219,49.188276],[-116.930009,49.186368],[-116.934579,49.186377],[-116.937641,49.186027],[-116.941966,49.184536],[-116.944048,49.182929],[-116.944826,49.181384],[-116.946071,49.172527],[-116.945661,49.166542],[-116.943434,49.157667],[-116.944166,49.154768],[-116.95895,49.16004],[-116.968671,49.160417],[-116.981627,49.162452],[-116.99047,49.162786],[-117.014478,49.158397],[-117.038841,49.15608],[-117.035269,49.154408],[-117.030481,49.150383],[-117.029049,49.147199],[-117.025654,49.143143],[-117.02514,49.141279],[-117.027305,49.137605],[-117.025737,49.13565],[-117.026215,49.129047],[-117.029228,49.125794],[-117.030215,49.123413],[-117.032223,49.122023],[-117.035365,49.120381],[-117.038563,49.120434],[-117.041744,49.120981],[-117.046307,49.118207],[-117.047693,49.113442],[-117.046394,49.108895],[-117.047224,49.106925],[-117.047105,49.104506],[-117.052279,49.102435],[-117.052367,49.099688],[-117.053362,49.097454],[-117.056622,49.095253],[-117.051822,49.089108],[-117.04724,49.077468],[-117.054429,49.069486],[-117.04703,49.063075],[-117.044283,49.058022],[-117.041612,49.05654],[-117.030397,49.050947],[-117.024283,49.050958],[-117.021334,49.051718],[-117.017815,49.05558],[-117.01595,49.055371],[-117.012994,49.056398],[-117.009746,49.057061],[-117.002951,49.055636],[-116.992781,49.05047],[-116.978193,49.049806],[-116.966858,49.051402],[-116.959431,49.053316],[-116.961755,49.059346],[-116.938972,49.062609],[-116.924527,49.064245],[-116.921091,49.062072]]]},"properties":{"id":"59030204","boundaryCode":"59030204","boundaryName":"DA 59030204","boundarySource":"census","boundaryLevel":"bcDaSimplified","boundaryDetail":"medium","DAUID":"59030204","DGUID":"2021S051259030204","PRUID":"59","CDUID":"5903","CDNAME":"Central Kootenay","CDTYPE":"RD","CSDUID":"5903017","CSDNAME":"Central Kootenay C","CSDTYPE":"RDA","CTUID":null,"CTNAME":null,"parentCdId":"5903","parentCdName":"Central Kootenay","parentCsdId":"5903017","parentCsdName":"Central Kootenay C","parentCtId":null,"parentCtName":null,"LANDAREA":359.5932,"areaKm2":389.4038322357167},"id":50062},{"type":"Feature","geometry":{"type":"Polygon","coordinates":[[[-116.913565,49.000084],[-116.755364,49.000026],[-116.503456,49.000012],[-116.503086,49.001196],[-116.503356,49.004772],[-116.504946,49.008944],[-116.505335,49.009638],[-116.505802,49.009525],[-116.507592,49.01367],[-116.509047,49.015986],[-116.512842,49.020713],[-116.516424,49.022828],[-116.517902,49.023258],[-116.52271,49.023459],[-116.527875,49.024764],[-116.533848,49.026998],[-116.535751,49.028024],[-116.53667,49.028947],[-116.536844,49.029661],[-116.536422,49.030506],[-116.534699,49.031718],[-116.53163,49.032889],[-116.521383,49.034792],[-116.519404,49.035321],[-116.518726,49.036015],[-116.517169,49.036166],[-116.517157,49.037301],[-116.519419,49.039506],[-116.520982,49.042202],[-116.522024,49.044824],[-116.522118,49.046255],[-116.522351,49.046489],[-116.522735,49.046204],[-116.52473,49.048011],[-116.525892,49.048186],[-116.527277,49.047913],[-116.529429,49.04606],[-116.530674,49.046118],[-116.531556,49.045483],[-116.534929,49.044634],[-116.53816,49.044512],[-116.541976,49.044905],[-116.545758,49.045765],[-116.547502,49.046646],[-116.548081,49.047439],[-116.547424,49.04892],[-116.544665,49.051626],[-116.54044,49.057079],[-116.538488,49.060849],[-116.538738,49.06202],[-116.540737,49.06344],[-116.544646,49.064131],[-116.556628,49.063609],[-116.559184,49.064078],[-116.560871,49.0652],[-116.561623,49.068567],[-116.562462,49.069982],[-116.524514,49.069497],[-116.5276,49.076154],[-116.527893,49.078469],[-116.526898,49.082936],[-116.52885,49.08352],[-116.533792,49.083806],[-116.535619,49.084366],[-116.537706,49.085521],[-116.537988,49.086112],[-116.539886,49.087271],[-116.54077,49.089339],[-116.541624,49.089865],[-116.548728,49.089862],[-116.549741,49.087895],[-116.550404,49.087452],[-116.552022,49.086932],[-116.554702,49.086705],[-116.556749,49.087254],[-116.558361,49.088437],[-116.564429,49.089169],[-116.565278,49.088755],[-116.568751,49.090404],[-116.570611,49.090379],[-116.57343,49.088943],[-116.579123,49.084434],[-116.581245,49.083396],[-116.583184,49.083164],[-116.585273,49.083377],[-116.59037,49.084643],[-116.592692,49.085627],[-116.594283,49.086812],[-116.594949,49.088442],[-116.594744,49.091371],[-116.590974,49.100227],[-116.585632,49.107157],[-116.581712,49.113498],[-116.580765,49.117208],[-116.588226,49.117401],[-116.633395,49.128945],[-116.635049,49.130274],[-116.635899,49.134051],[-116.636958,49.135562],[-116.643303,49.140324],[-116.645804,49.14143],[-116.651532,49.142642],[-116.654696,49.14373],[-116.657399,49.144062],[-116.662162,49.144051],[-116.666373,49.142612],[-116.670002,49.142893],[-116.672994,49.142279],[-116.677499,49.142733],[-116.692735,49.140554],[-116.696603,49.139606],[-116.700626,49.139823],[-116.704814,49.140639],[-116.707807,49.140225],[-116.713522,49.140051],[-116.717504,49.139389],[-116.723929,49.139505],[-116.726709,49.139924],[-116.736264,49.142789],[-116.74195,49.142808],[-116.750975,49.145204],[-116.760471,49.146246],[-116.762001,49.146177],[-116.768676,49.144857],[-116.776787,49.139993],[-116.781032,49.139718],[-116.796664,49.135583],[-116.800722,49.133664],[-116.806727,49.132238],[-116.808623,49.131418],[-116.811316,49.129482],[-116.816128,49.128199],[-116.822179,49.123905],[-116.826838,49.121131],[-116.828998,49.120588],[-116.836877,49.11986],[-116.85864,49.110516],[-116.871699,49.107153],[-116.874581,49.106132],[-116.875242,49.105],[-116.876899,49.104912],[-116.876024,49.10438],[-116.876628,49.103841],[-116.880124,49.102999],[-116.881699,49.103099],[-116.881768,49.102812],[-116.879606,49.10191],[-116.873428,49.10175],[-116.870988,49.101991],[-116.869014,49.102564],[-116.862121,49.103069],[-116.861315,49.102339],[-116.860757,49.100926],[-116.86109,49.099442],[-116.863607,49.095946],[-116.866655,49.093341],[-116.869823,49.091644],[-116.871687,49.091548],[-116.874073,49.090156],[-116.875655,49.087657],[-116.876819,49.087442],[-116.876547,49.086911],[-116.87703,49.085445],[-116.879143,49.083855],[-116.88398,49.082547],[-116.8866,49.080517],[-116.887165,49.079177],[-116.888263,49.078216],[-116.88914,49.077875],[-116.891015,49.078155],[-116.891098,49.077732],[-116.890578,49.07738],[-116.896862,49.073477],[-116.910384,49.066999],[-116.911549,49.065993],[-116.912604,49.065634],[-116.914237,49.063179],[-116.921091,49.062072],[-116.914537,49.058199],[-116.920818,49.055585],[-116.911882,49.050415],[-116.902322,49.0454],[-116.890546,49.042689],[-116.885369,49.028465],[-116.89623,49.01067],[-116.909293,49.008409],[-116.913862,49.00562],[-116.913565,49.000084]]]},"properties":{"id":"59030205","boundaryCode":"59030205","boundaryName":"DA 59030205","boundarySource":"census","boundaryLevel":"bcDaSimplified","boundaryDetail":"medium","DAUID":"59030205","DGUID":"2021S051259030205","PRUID":"59","CDUID":"5903","CDNAME":"Central Kootenay","CDTYPE":"RD","CSDUID":"5903017","CSDNAME":"Central Kootenay C","CSDTYPE":"RDA","CTUID":null,"CTNAME":null,"parentCdId":"5903","parentCdName":"Central Kootenay","parentCsdId":"5903017","parentCsdName":"Central Kootenay C","parentCtId":null,"parentCtName":null,"LANDAREA":363.1077,"areaKm2":367.55489830901746},"id":50063},{"type":"Feature","geometry":{"type":"Polygon","coordinates":[[[-116.517169,49.036166],[-116.51443,49.036851],[-116.511444,49.03698],[-116.512172,49.057989],[-116.510973,49.058306],[-116.5108,49.058618],[-116.510948,49.065608],[-116.511518,49.069272],[-116.51337,49.069674],[-116.522401,49.069346],[-116.524514,49.069497],[-116.562462,49.069982],[-116.561623,49.068567],[-116.560871,49.0652],[-116.559184,49.064078],[-116.556628,49.063609],[-116.544646,49.064131],[-116.540737,49.06344],[-116.538738,49.06202],[-116.538488,49.060849],[-116.54044,49.057079],[-116.544665,49.051626],[-116.547424,49.04892],[-116.548081,49.047439],[-116.547502,49.046646],[-116.545758,49.045765],[-116.541976,49.044905],[-116.53816,49.044512],[-116.534929,49.044634],[-116.531556,49.045483],[-116.530674,49.046118],[-116.529429,49.04606],[-116.527277,49.047913],[-116.525892,49.048186],[-116.52473,49.048011],[-116.522735,49.046204],[-116.522351,49.046489],[-116.522118,49.046255],[-116.522024,49.044824],[-116.520982,49.042202],[-116.519419,49.039506],[-116.517157,49.037301],[-116.517169,49.036166]]]},"properties":{"id":"59030206","boundaryCode":"59030206","boundaryName":"DA 59030206","boundarySource":"census","boundaryLevel":"bcDaSimplified","boundaryDetail":"medium","DAUID":"59030206","DGUID":"2021S051259030206","PRUID":"59","CDUID":"5903","CDNAME":"Central Kootenay","CDTYPE":"RD","CSDUID":"5903807","CSDNAME":"Creston 1","CSDTYPE":"IRI","CTUID":null,"CTNAME":null,"parentCdId":"5903","parentCdName":"Central Kootenay","parentCsdId":"5903807","parentCsdName":"Creston 1","parentCtId":null,"parentCtName":null,"LANDAREA":7.545400000000001,"areaKm2":7.557918520298969},"id":50064},{"type":"Feature","geometry":{"type":"Polygon","coordinates":[[[-116.526898,49.082936],[-116.527893,49.078469],[-116.5276,49.076154],[-116.524514,49.069497],[-116.522401,49.069346],[-116.51337,49.069674],[-116.511518,49.069272],[-116.510948,49.065608],[-116.5108,49.058618],[-116.510973,49.058306],[-116.512172,49.057989],[-116.509819,49.053739],[-116.509139,49.053125],[-116.491292,49.043537],[-116.469326,49.043171],[-116.46933,49.050409],[-116.458407,49.050469],[-116.450299,49.052695],[-116.44789,49.053319],[-116.447621,49.053715],[-116.447715,49.079358],[-116.447783,49.093115],[-116.4484,49.094079],[-116.449984,49.095206],[-116.451117,49.097602],[-116.450954,49.098986],[-116.452179,49.100033],[-116.451762,49.098309],[-116.452212,49.097597],[-116.452098,49.0954],[-116.455376,49.092761],[-116.455021,49.089252],[-116.455603,49.088819],[-116.45716,49.088491],[-116.458599,49.088737],[-116.459843,49.088387],[-116.460415,49.08792],[-116.461034,49.08526],[-116.4645,49.083681],[-116.465828,49.082262],[-116.467763,49.081536],[-116.470136,49.075104],[-116.471294,49.074325],[-116.474435,49.073369],[-116.475148,49.072875],[-116.476653,49.072767],[-116.478519,49.07186],[-116.481359,49.071549],[-116.483883,49.070784],[-116.485855,49.071091],[-116.486715,49.071672],[-116.488706,49.072582],[-116.490949,49.072399],[-116.4941,49.071467],[-116.495903,49.070485],[-116.499083,49.069819],[-116.503027,49.073397],[-116.505067,49.073765],[-116.514115,49.078431],[-116.522469,49.08207],[-116.524719,49.082168],[-116.526898,49.082936]]]},"properties":{"id":"59030207","boundaryCode":"59030207","boundaryName":"DA 59030207","boundarySource":"census","boundaryLevel":"bcDaSimplified","boundaryDetail":"medium","DAUID":"59030207","DGUID":"2021S051259030207","PRUID":"59","CDUID":"5903","CDNAME":"Central Kootenay","CDTYPE":"RD","CSDUID":"5903013","CSDNAME":"Central Kootenay B","CSDTYPE":"RDA","CTUID":null,"CTNAME":null,"parentCdId":"5903","parentCdName":"Central Kootenay","parentCsdId":"5903013","parentCsdName":"Central Kootenay B","parentCtId":null,"parentCtName":null,"LANDAREA":16.5863,"areaKm2":16.97479492843698},"id":50065},{"type":"Feature","geometry":{"type":"Polygon","coordinates":[[[-116.486715,49.071672],[-116.485855,49.071091],[-116.483883,49.070784],[-116.481359,49.071549],[-116.478519,49.07186],[-116.476653,49.072767],[-116.475148,49.072875],[-116.474435,49.073369],[-116.471294,49.074325],[-116.470136,49.075104],[-116.467763,49.081536],[-116.465828,49.082262],[-116.4645,49.083681],[-116.461034,49.08526],[-116.460415,49.08792],[-116.459843,49.088387],[-116.458599,49.088737],[-116.45716,49.088491],[-116.455603,49.088819],[-116.455021,49.089252],[-116.455376,49.092761],[-116.452098,49.0954],[-116.452212,49.097597],[-116.451762,49.098309],[-116.452179,49.100033],[-116.4532,49.100847],[-116.453406,49.102195],[-116.454671,49.102694],[-116.454498,49.100064],[-116.453767,49.098011],[-116.454073,49.097017],[-116.459015,49.092938],[-116.46367,49.090613],[-116.464609,49.090397],[-116.465513,49.090564],[-116.469798,49.087875],[-116.475329,49.08773],[-116.476673,49.087759],[-116.478137,49.088235],[-116.493534,49.088314],[-116.50138,49.088266],[-116.50549,49.088279],[-116.512443,49.088249],[-116.51232,49.082503],[-116.491798,49.0828],[-116.489225,49.082542],[-116.488384,49.074655],[-116.486715,49.071672]]]},"properties":{"id":"59030208","boundaryCode":"59030208","boundaryName":"DA 59030208","boundarySource":"census","boundaryLevel":"bcDaSimplified","boundaryDetail":"medium","DAUID":"59030208","DGUID":"2021S051259030208","PRUID":"59","CDUID":"5903","CDNAME":"Central Kootenay","CDTYPE":"RD","CSDUID":"5903013","CSDNAME":"Central Kootenay B","CSDTYPE":"RDA","CTUID":null,"CTNAME":null,"parentCdId":"5903","parentCdName":"Central Kootenay","parentCsdId":"5903013","parentCsdName":"Central Kootenay B","parentCtId":null,"parentCtName":null,"LANDAREA":4.2229,"areaKm2":4.423034679025584},"id":50066},{"type":"Feature","geometry":{"type":"Polygon","coordinates":[[[-116.493534,49.088314],[-116.494739,49.091978],[-116.495168,49.091944],[-116.49538,49.09269],[-116.495175,49.09487],[-116.489807,49.095453],[-116.492155,49.095412],[-116.496254,49.094887],[-116.499771,49.095324],[-116.498794,49.094931],[-116.497121,49.094773],[-116.497127,49.094251],[-116.498825,49.094276],[-116.498825,49.093154],[-116.501404,49.093139],[-116.50138,49.088266],[-116.493534,49.088314]]]},"properties":{"id":"59030209","boundaryCode":"59030209","boundaryName":"DA 59030209","boundarySource":"census","boundaryLevel":"bcDaSimplified","boundaryDetail":"medium","DAUID":"59030209","DGUID":"2021S051259030209","PRUID":"59","CDUID":"5903","CDNAME":"Central Kootenay","CDTYPE":"RD","CSDUID":"5903004","CSDNAME":"Creston","CSDTYPE":"T","CTUID":null,"CTNAME":null,"parentCdId":"5903","parentCdName":"Central Kootenay","parentCsdId":"5903004","parentCsdName":"Creston","parentCtId":null,"parentCtName":null,"LANDAREA":0.3285,"areaKm2":0.32822801915688493},"id":50067},{"type":"Feature","geometry":{"type":"Polygon","coordinates":[[[-116.50138,49.088266],[-116.501404,49.093139],[-116.501446,49.099181],[-116.503505,49.09918],[-116.506942,49.09918],[-116.506917,49.094777],[-116.506893,49.092],[-116.505483,49.090801],[-116.50549,49.088279],[-116.50138,49.088266]]]},"properties":{"id":"59030210","boundaryCode":"59030210","boundaryName":"DA 59030210","boundarySource":"census","boundaryLevel":"bcDaSimplified","boundaryDetail":"medium","DAUID":"59030210","DGUID":"2021S051259030210","PRUID":"59","CDUID":"5903","CDNAME":"Central Kootenay","CDTYPE":"RD","CSDUID":"5903004","CSDNAME":"Creston","CSDTYPE":"T","CTUID":null,"CTNAME":null,"parentCdId":"5903","parentCdName":"Central Kootenay","parentCsdId":"5903004","parentCsdName":"Creston","parentCtId":null,"parentCtName":null,"LANDAREA":0.45220000000000005,"areaKm2":0.4517562106619737},"id":50068},{"type":"Feature","geometry":{"type":"Polygon","coordinates":[[[-116.492155,49.095412],[-116.496273,49.095481],[-116.495018,49.098676],[-116.495812,49.106184],[-116.506106,49.106443],[-116.506969,49.107152],[-116.506953,49.101862],[-116.502498,49.101788],[-116.501431,49.100399],[-116.50145,49.099681],[-116.503494,49.099671],[-116.503505,49.09918],[-116.501446,49.099181],[-116.501404,49.093139],[-116.498825,49.093154],[-116.498825,49.094276],[-116.497127,49.094251],[-116.497121,49.094773],[-116.498794,49.094931],[-116.499771,49.095324],[-116.496254,49.094887],[-116.492155,49.095412]]]},"properties":{"id":"59030211","boundaryCode":"59030211","boundaryName":"DA 59030211","boundarySource":"census","boundaryLevel":"bcDaSimplified","boundaryDetail":"medium","DAUID":"59030211","DGUID":"2021S051259030211","PRUID":"59","CDUID":"5903","CDNAME":"Central Kootenay","CDTYPE":"RD","CSDUID":"5903004","CSDNAME":"Creston","CSDTYPE":"T","CTUID":null,"CTNAME":null,"parentCdId":"5903","parentCdName":"Central Kootenay","parentCsdId":"5903004","parentCsdName":"Creston","parentCtId":null,"parentCtName":null,"LANDAREA":0.8103,"areaKm2":0.8222429083209611},"id":50069},{"type":"Feature","geometry":{"type":"Polygon","coordinates":[[[-116.503505,49.09918],[-116.503494,49.099671],[-116.50145,49.099681],[-116.501431,49.100399],[-116.502498,49.101788],[-116.506953,49.101862],[-116.506948,49.101042],[-116.510257,49.101048],[-116.510234,49.100188],[-116.511186,49.100184],[-116.511197,49.099145],[-116.511861,49.099138],[-116.511864,49.097789],[-116.511872,49.095517],[-116.510512,49.095518],[-116.510483,49.094749],[-116.506917,49.094777],[-116.506942,49.09918],[-116.503505,49.09918]]]},"properties":{"id":"59030212","boundaryCode":"59030212","boundaryName":"DA 59030212","boundarySource":"census","boundaryLevel":"bcDaSimplified","boundaryDetail":"medium","DAUID":"59030212","DGUID":"2021S051259030212","PRUID":"59","CDUID":"5903","CDNAME":"Central Kootenay","CDTYPE":"RD","CSDUID":"5903004","CSDNAME":"Creston","CSDTYPE":"T","CTUID":null,"CTNAME":null,"parentCdId":"5903","parentCdName":"Central Kootenay","parentCsdId":"5903004","parentCsdName":"Creston","parentCtId":null,"parentCtName":null,"LANDAREA":0.33140000000000003,"areaKm2":0.3310843037425115},"id":50070},{"type":"Feature","geometry":{"type":"Polygon","coordinates":[[[-116.506969,49.107152],[-116.507289,49.131034],[-116.517584,49.131108],[-116.517602,49.118601],[-116.523543,49.118605],[-116.523494,49.108309],[-116.521719,49.106673],[-116.519612,49.104865],[-116.519089,49.102832],[-116.514838,49.102834],[-116.514837,49.103517],[-116.513526,49.103526],[-116.513505,49.102836],[-116.512032,49.102837],[-116.512018,49.101389],[-116.51344,49.101382],[-116.513445,49.09778],[-116.511864,49.097789],[-116.511861,49.099138],[-116.511197,49.099145],[-116.511186,49.100184],[-116.510234,49.100188],[-116.510257,49.101048],[-116.506948,49.101042],[-116.506953,49.101862],[-116.506969,49.107152]]]},"properties":{"id":"59030213","boundaryCode":"59030213","boundaryName":"DA 59030213","boundarySource":"census","boundaryLevel":"bcDaSimplified","boundaryDetail":"medium","DAUID":"59030213","DGUID":"2021S051259030213","PRUID":"59","CDUID":"5903","CDNAME":"Central Kootenay","CDTYPE":"RD","CSDUID":"5903004","CSDNAME":"Creston","CSDTYPE":"T","CTUID":null,"CTNAME":null,"parentCdId":"5903","parentCdName":"Central Kootenay","parentCsdId":"5903004","parentCsdName":"Creston","parentCtId":null,"parentCtName":null,"LANDAREA":3.1662000000000003,"areaKm2":3.1631542038301634},"id":50071},{"type":"Feature","geometry":{"type":"Polygon","coordinates":[[[-116.519089,49.102832],[-116.518869,49.101718],[-116.516633,49.097795],[-116.513445,49.09778],[-116.51344,49.101382],[-116.512018,49.101389],[-116.512032,49.102837],[-116.513505,49.102836],[-116.513526,49.103526],[-116.514837,49.103517],[-116.514838,49.102834],[-116.519089,49.102832]]]},"properties":{"id":"59030214","boundaryCode":"59030214","boundaryName":"DA 59030214","boundarySource":"census","boundaryLevel":"bcDaSimplified","boundaryDetail":"medium","DAUID":"59030214","DGUID":"2021S051259030214","PRUID":"59","CDUID":"5903","CDNAME":"Central Kootenay","CDTYPE":"RD","CSDUID":"5903004","CSDNAME":"Creston","CSDTYPE":"T","CTUID":null,"CTNAME":null,"parentCdId":"5903","parentCdName":"Central Kootenay","parentCsdId":"5903004","parentCsdName":"Creston","parentCtId":null,"parentCtName":null,"LANDAREA":0.21380000000000002,"areaKm2":0.21362732174139698},"id":50072},{"type":"Feature","geometry":{"type":"Polygon","coordinates":[[[-116.524677,49.09527],[-116.523404,49.095246],[-116.523388,49.094211],[-116.51621,49.094187],[-116.516195,49.096158],[-116.515816,49.095981],[-116.51531,49.096498],[-116.516633,49.097795],[-116.518869,49.101718],[-116.519089,49.102832],[-116.519612,49.104865],[-116.521719,49.106673],[-116.522419,49.106358],[-116.528153,49.106376],[-116.52395,49.100762],[-116.52343,49.099076],[-116.528612,49.099504],[-116.530341,49.095694],[-116.533364,49.093419],[-116.533527,49.090092],[-116.529004,49.090161],[-116.529019,49.09199],[-116.526364,49.09186],[-116.526781,49.09526],[-116.524677,49.09527]]]},"properties":{"id":"59030215","boundaryCode":"59030215","boundaryName":"DA 59030215","boundarySource":"census","boundaryLevel":"bcDaSimplified","boundaryDetail":"medium","DAUID":"59030215","DGUID":"2021S051259030215","PRUID":"59","CDUID":"5903","CDNAME":"Central Kootenay","CDTYPE":"RD","CSDUID":"5903004","CSDNAME":"Creston","CSDTYPE":"T","CTUID":null,"CTNAME":null,"parentCdId":"5903","parentCdName":"Central Kootenay","parentCsdId":"5903004","parentCsdName":"Creston","parentCtId":null,"parentCtName":null,"LANDAREA":1.0979,"areaKm2":1.1000921958139904},"id":50073},{"type":"Feature","geometry":{"type":"Polygon","coordinates":[[[-116.512443,49.088249],[-116.50549,49.088279],[-116.505483,49.090801],[-116.506893,49.092],[-116.506917,49.094777],[-116.510483,49.094749],[-116.510512,49.095518],[-116.511872,49.095517],[-116.511864,49.097789],[-116.513445,49.09778],[-116.516633,49.097795],[-116.51531,49.096498],[-116.515816,49.095981],[-116.516195,49.096158],[-116.51621,49.094187],[-116.515012,49.094202],[-116.515195,49.09015],[-116.516449,49.090053],[-116.516452,49.088232],[-116.512443,49.088249]]]},"properties":{"id":"59030216","boundaryCode":"59030216","boundaryName":"DA 59030216","boundarySource":"census","boundaryLevel":"bcDaSimplified","boundaryDetail":"medium","DAUID":"59030216","DGUID":"2021S051259030216","PRUID":"59","CDUID":"5903","CDNAME":"Central Kootenay","CDTYPE":"RD","CSDUID":"5903004","CSDNAME":"Creston","CSDTYPE":"T","CTUID":null,"CTNAME":null,"parentCdId":"5903","parentCdName":"Central Kootenay","parentCsdId":"5903004","parentCsdName":"Creston","parentCtId":null,"parentCtName":null,"LANDAREA":0.6087,"areaKm2":0.6081709023760444},"id":50074},{"type":"Feature","geometry":{"type":"Polygon","coordinates":[[[-116.516452,49.088232],[-116.516449,49.090053],[-116.515195,49.09015],[-116.515012,49.094202],[-116.51621,49.094187],[-116.523388,49.094211],[-116.523404,49.095246],[-116.524677,49.09527],[-116.522182,49.09025],[-116.52216,49.088205],[-116.516452,49.088232]]]},"properties":{"id":"59030217","boundaryCode":"59030217","boundaryName":"DA 59030217","boundarySource":"census","boundaryLevel":"bcDaSimplified","boundaryDetail":"medium","DAUID":"59030217","DGUID":"2021S051259030217","PRUID":"59","CDUID":"5903","CDNAME":"Central Kootenay","CDTYPE":"RD","CSDUID":"5903004","CSDNAME":"Creston","CSDTYPE":"T","CTUID":null,"CTNAME":null,"parentCdId":"5903","parentCdName":"Central Kootenay","parentCsdId":"5903004","parentCsdName":"Creston","parentCtId":null,"parentCtName":null,"LANDAREA":0.3617,"areaKm2":0.36132655546350734},"id":50075},{"type":"Feature","geometry":{"type":"Polygon","coordinates":[[[-116.489807,49.095453],[-116.475602,49.095371],[-116.475367,49.095632],[-116.47534,49.091858],[-116.466729,49.091723],[-116.466156,49.09666],[-116.464214,49.098649],[-116.464282,49.101029],[-116.461169,49.10083],[-116.454671,49.102694],[-116.454582,49.10461],[-116.451623,49.105583],[-116.450421,49.108514],[-116.447302,49.111846],[-116.444944,49.1137],[-116.442702,49.114678],[-116.441968,49.115385],[-116.441848,49.117681],[-116.443133,49.120384],[-116.444483,49.122151],[-116.44528,49.122322],[-116.445517,49.124521],[-116.450077,49.128172],[-116.452251,49.130565],[-116.455295,49.133078],[-116.457829,49.137641],[-116.458725,49.140732],[-116.464139,49.140705],[-116.464128,49.144425],[-116.469627,49.144485],[-116.469557,49.155273],[-116.480796,49.155241],[-116.490672,49.156974],[-116.491601,49.15662],[-116.491877,49.155468],[-116.49324,49.155263],[-116.493917,49.151151],[-116.494213,49.131169],[-116.507289,49.131034],[-116.506969,49.107152],[-116.506106,49.106443],[-116.495812,49.106184],[-116.495018,49.098676],[-116.496273,49.095481],[-116.492155,49.095412],[-116.489807,49.095453]]]},"properties":{"id":"59030220","boundaryCode":"59030220","boundaryName":"DA 59030220","boundarySource":"census","boundaryLevel":"bcDaSimplified","boundaryDetail":"medium","DAUID":"59030220","DGUID":"2021S051259030220","PRUID":"59","CDUID":"5903","CDNAME":"Central Kootenay","CDTYPE":"RD","CSDUID":"5903013","CSDNAME":"Central Kootenay B","CSDTYPE":"RDA","CTUID":null,"CTNAME":null,"parentCdId":"5903","parentCdName":"Central Kootenay","parentCsdId":"5903013","parentCsdName":"Central Kootenay B","parentCtId":null,"parentCtName":null,"LANDAREA":21.6123,"areaKm2":21.59339434853145},"id":50076},{"type":"Feature","geometry":{"type":"Polygon","coordinates":[[[-116.454671,49.102694],[-116.461169,49.10083],[-116.464282,49.101029],[-116.464214,49.098649],[-116.466156,49.09666],[-116.466729,49.091723],[-116.47534,49.091858],[-116.475367,49.095632],[-116.475602,49.095371],[-116.489807,49.095453],[-116.495175,49.09487],[-116.49538,49.09269],[-116.495168,49.091944],[-116.494739,49.091978],[-116.493534,49.088314],[-116.478137,49.088235],[-116.476673,49.087759],[-116.475329,49.08773],[-116.469798,49.087875],[-116.465513,49.090564],[-116.464609,49.090397],[-116.46367,49.090613],[-116.459015,49.092938],[-116.454073,49.097017],[-116.453767,49.098011],[-116.454498,49.100064],[-116.454671,49.102694]]]},"properties":{"id":"59030221","boundaryCode":"59030221","boundaryName":"DA 59030221","boundarySource":"census","boundaryLevel":"bcDaSimplified","boundaryDetail":"medium","DAUID":"59030221","DGUID":"2021S051259030221","PRUID":"59","CDUID":"5903","CDNAME":"Central Kootenay","CDTYPE":"RD","CSDUID":"5903013","CSDNAME":"Central Kootenay B","CSDTYPE":"RDA","CTUID":null,"CTNAME":null,"parentCdId":"5903","parentCdName":"Central Kootenay","parentCsdId":"5903013","parentCsdName":"Central Kootenay B","parentCtId":null,"parentCtName":null,"LANDAREA":2.1981,"areaKm2":2.195987108174264},"id":50077},{"type":"Feature","geometry":{"type":"Polygon","coordinates":[[[-116.032474,49.058765],[-116.032583,49.063613],[-116.028123,49.138334],[-116.028122,49.188836],[-116.028486,49.197556],[-116.064358,49.197688],[-116.10078,49.198457],[-116.094821,49.202032],[-116.085944,49.208551],[-116.07736,49.221667],[-116.076728,49.223898],[-116.070087,49.232021],[-116.071192,49.240917],[-116.074096,49.243169],[-116.075278,49.242721],[-116.077793,49.242591],[-116.082717,49.240643],[-116.085069,49.240632],[-116.085713,49.241067],[-116.087012,49.244465],[-116.087827,49.245014],[-116.089013,49.244783],[-116.093947,49.241221],[-116.098694,49.239612],[-116.105165,49.235488],[-116.106815,49.235438],[-116.109596,49.23814],[-116.110977,49.237755],[-116.111961,49.23805],[-116.112631,49.235159],[-116.114446,49.233473],[-116.11656,49.230511],[-116.121358,49.227939],[-116.122349,49.227065],[-116.123398,49.226767],[-116.124736,49.2272],[-116.12697,49.225886],[-116.128813,49.225783],[-116.132308,49.223821],[-116.134783,49.222877],[-116.138462,49.222158],[-116.143523,49.220154],[-116.146979,49.219667],[-116.148266,49.218264],[-116.148842,49.216748],[-116.150288,49.215652],[-116.152222,49.214983],[-116.154035,49.21496],[-116.157413,49.216604],[-116.157304,49.217332],[-116.156508,49.218144],[-116.155788,49.22091],[-116.155175,49.221409],[-116.155597,49.221619],[-116.156398,49.221364],[-116.156948,49.220513],[-116.158616,49.219311],[-116.159777,49.21887],[-116.161153,49.217108],[-116.163073,49.217257],[-116.163672,49.216757],[-116.170071,49.215085],[-116.171705,49.214287],[-116.173862,49.214231],[-116.176977,49.213498],[-116.178595,49.212807],[-116.180004,49.213132],[-116.180652,49.213821],[-116.182231,49.213787],[-116.189861,49.211529],[-116.19074,49.211508],[-116.191195,49.212276],[-116.191579,49.212305],[-116.192248,49.210853],[-116.19469,49.210141],[-116.198518,49.210285],[-116.203863,49.20917],[-116.206655,49.208884],[-116.20746,49.208305],[-116.208643,49.208178],[-116.209201,49.207624],[-116.21214,49.206699],[-116.215722,49.20506],[-116.217076,49.203657],[-116.219295,49.202241],[-116.224063,49.200141],[-116.225413,49.199881],[-116.225945,49.200073],[-116.225644,49.20178],[-116.226426,49.203549],[-116.226763,49.201347],[-116.228986,49.198717],[-116.2313,49.19822],[-116.232508,49.197337],[-116.233929,49.197725],[-116.233602,49.196706],[-116.234894,49.194843],[-116.239338,49.191464],[-116.242281,49.188352],[-116.243522,49.187992],[-116.244461,49.188466],[-116.244566,49.186092],[-116.248423,49.18242],[-116.250547,49.180832],[-116.25575,49.177888],[-116.258096,49.175205],[-116.258236,49.173128],[-116.258641,49.172645],[-116.260547,49.171847],[-116.261742,49.17082],[-116.266731,49.170205],[-116.268041,49.169727],[-116.270044,49.169731],[-116.272124,49.169168],[-116.273918,49.167524],[-116.280023,49.165187],[-116.286026,49.161747],[-116.301612,49.161951],[-116.301649,49.161442],[-116.306516,49.159957],[-116.31326,49.15811],[-116.315263,49.157854],[-116.321817,49.158145],[-116.32863,49.15787],[-116.332016,49.158723],[-116.333661,49.158756],[-116.332001,49.159449],[-116.332105,49.159997],[-116.340141,49.1572],[-116.339827,49.156866],[-116.338541,49.157016],[-116.334466,49.158455],[-116.334149,49.157904],[-116.334413,49.157554],[-116.333249,49.157091],[-116.332653,49.156362],[-116.333817,49.155943],[-116.334397,49.156672],[-116.338857,49.155026],[-116.34113,49.154829],[-116.343055,49.153505],[-116.344334,49.153023],[-116.343073,49.15504],[-116.345145,49.15445],[-116.344633,49.155989],[-116.351524,49.154582],[-116.358589,49.152035],[-116.369793,49.149195],[-116.37171,49.149027],[-116.379721,49.149453],[-116.381849,49.149158],[-116.384229,49.148141],[-116.392863,49.14246],[-116.394696,49.141609],[-116.399224,49.141229],[-116.40515,49.140059],[-116.428465,49.135003],[-116.434037,49.133171],[-116.439318,49.129927],[-116.44429,49.125104],[-116.444992,49.123367],[-116.444483,49.122151],[-116.443133,49.120384],[-116.441848,49.117681],[-116.441968,49.115385],[-116.442702,49.114678],[-116.444944,49.1137],[-116.447302,49.111846],[-116.450421,49.108514],[-116.451623,49.105583],[-116.454582,49.10461],[-116.454671,49.102694],[-116.453406,49.102195],[-116.4532,49.100847],[-116.452179,49.100033],[-116.450954,49.098986],[-116.451117,49.097602],[-116.449984,49.095206],[-116.4484,49.094079],[-116.447783,49.093115],[-116.447715,49.079358],[-116.429782,49.079386],[-116.429687,49.072181],[-116.383194,49.072099],[-116.383249,49.071406],[-116.396018,49.0493],[-116.39825,49.041926],[-116.401797,49.024335],[-116.400288,49.017046],[-116.397297,49.012208],[-116.390968,49.006573],[-116.382589,49.000089],[-116.027074,49.000038],[-116.027063,49.000924],[-116.024826,49.044959],[-116.035619,49.05485],[-116.032474,49.058765]]]},"properties":{"id":"59030222","boundaryCode":"59030222","boundaryName":"DA 59030222","boundarySource":"census","boundaryLevel":"bcDaSimplified","boundaryDetail":"medium","DAUID":"59030222","DGUID":"2021S051259030222","PRUID":"59","CDUID":"5903","CDNAME":"Central Kootenay","CDTYPE":"RD","CSDUID":"5903013","CSDNAME":"Central Kootenay B","CSDTYPE":"RDA","CTUID":null,"CTNAME":null,"parentCdId":"5903","parentCdName":"Central Kootenay","parentCsdId":"5903013","parentCsdName":"Central Kootenay B","parentCtId":null,"parentCtName":null,"LANDAREA":592.6791000000001,"areaKm2":593.9365445057103},"id":50078},{"type":"Feature","geometry":{"type":"Polygon","coordinates":[[[-116.450299,49.052695],[-116.450782,49.051361],[-116.450583,49.050516],[-116.447674,49.047015],[-116.447264,49.02164],[-116.459213,49.021763],[-116.458847,49.019452],[-116.458343,49.018678],[-116.45827,49.001674],[-116.456216,49.000061],[-116.382589,49.000089],[-116.390968,49.006573],[-116.397297,49.012208],[-116.400288,49.017046],[-116.401797,49.024335],[-116.39825,49.041926],[-116.396018,49.0493],[-116.383249,49.071406],[-116.383194,49.072099],[-116.429687,49.072181],[-116.429782,49.079386],[-116.447715,49.079358],[-116.447621,49.053715],[-116.44789,49.053319],[-116.450299,49.052695]]]},"properties":{"id":"59030223","boundaryCode":"59030223","boundaryName":"DA 59030223","boundarySource":"census","boundaryLevel":"bcDaSimplified","boundaryDetail":"medium","DAUID":"59030223","DGUID":"2021S051259030223","PRUID":"59","CDUID":"5903","CDNAME":"Central Kootenay","CDTYPE":"RD","CSDUID":"5903013","CSDNAME":"Central Kootenay B","CSDTYPE":"RDA","CTUID":null,"CTNAME":null,"parentCdId":"5903","parentCdName":"Central Kootenay","parentCsdId":"5903013","parentCsdName":"Central Kootenay B","parentCtId":null,"parentCtName":null,"LANDAREA":33.9594,"areaKm2":33.95595522373835},"id":50079},{"type":"Feature","geometry":{"type":"Polygon","coordinates":[[[-116.503456,49.000012],[-116.456216,49.000061],[-116.45827,49.001674],[-116.458343,49.018678],[-116.458847,49.019452],[-116.459213,49.021763],[-116.447264,49.02164],[-116.447674,49.047015],[-116.450583,49.050516],[-116.450782,49.051361],[-116.450299,49.052695],[-116.458407,49.050469],[-116.46933,49.050409],[-116.469326,49.043171],[-116.491292,49.043537],[-116.509139,49.053125],[-116.509819,49.053739],[-116.512172,49.057989],[-116.511444,49.03698],[-116.51443,49.036851],[-116.517169,49.036166],[-116.518726,49.036015],[-116.519404,49.035321],[-116.521383,49.034792],[-116.53163,49.032889],[-116.534699,49.031718],[-116.536422,49.030506],[-116.536844,49.029661],[-116.53667,49.028947],[-116.535751,49.028024],[-116.533848,49.026998],[-116.527875,49.024764],[-116.52271,49.023459],[-116.517902,49.023258],[-116.516424,49.022828],[-116.512842,49.020713],[-116.509047,49.015986],[-116.507592,49.01367],[-116.505802,49.009525],[-116.505335,49.009638],[-116.504946,49.008944],[-116.503356,49.004772],[-116.503086,49.001196],[-116.503456,49.000012]]]},"properties":{"id":"59030224","boundaryCode":"59030224","boundaryName":"DA 59030224","boundarySource":"census","boundaryLevel":"bcDaSimplified","boundaryDetail":"medium","DAUID":"59030224","DGUID":"2021S051259030224","PRUID":"59","CDUID":"5903","CDNAME":"Central Kootenay","CDTYPE":"RD","CSDUID":"5903013","CSDNAME":"Central Kootenay B","CSDTYPE":"RDA","CTUID":null,"CTNAME":null,"parentCdId":"5903","parentCdName":"Central Kootenay","parentCsdId":"5903013","parentCsdName":"Central Kootenay B","parentCtId":null,"parentCtName":null,"LANDAREA":23.5862,"areaKm2":24.15577644133964},"id":50080},{"type":"Feature","geometry":{"type":"Polygon","coordinates":[[[-116.543952,49.465118],[-116.541294,49.457802],[-116.542868,49.450874],[-116.541283,49.444711],[-116.535701,49.433252],[-116.534453,49.429442],[-116.532222,49.418793],[-116.529565,49.412547],[-116.529413,49.40068],[-116.530555,49.395422],[-116.548073,49.385299],[-116.558151,49.377813],[-116.562669,49.371063],[-116.564281,49.370191],[-116.574352,49.367961],[-116.585027,49.360533],[-116.584454,49.348925],[-116.585618,49.346618],[-116.591156,49.342776],[-116.5919,49.341246],[-116.590874,49.338779],[-116.587298,49.334612],[-116.581941,49.330838],[-116.573303,49.326803],[-116.570126,49.324317],[-116.56377,49.31495],[-116.56121,49.309857],[-116.559941,49.305234],[-116.56106,49.303409],[-116.54958,49.300191],[-116.54195,49.300281],[-116.538344,49.300776],[-116.52601,49.304507],[-116.52197,49.308003],[-116.517141,49.310457],[-116.513374,49.311732],[-116.506986,49.313507],[-116.503925,49.313832],[-116.499761,49.313472],[-116.498589,49.309727],[-116.497213,49.307289],[-116.495275,49.306761],[-116.495232,49.306394],[-116.495974,49.305103],[-116.49623,49.301542],[-116.497528,49.29973],[-116.498013,49.295406],[-116.501079,49.291426],[-116.501413,49.289619],[-116.503334,49.287279],[-116.504193,49.283856],[-116.504774,49.283499],[-116.50587,49.281146],[-116.505851,49.280381],[-116.507595,49.277843],[-116.506738,49.275492],[-116.505552,49.274569],[-116.505843,49.27297],[-116.504839,49.271517],[-116.505191,49.27062],[-116.504898,49.269718],[-116.504162,49.269175],[-116.502926,49.26899],[-116.502878,49.268261],[-116.499876,49.266116],[-116.499462,49.26499],[-116.497348,49.26337],[-116.496663,49.26174],[-116.494438,49.26021],[-116.494213,49.259364],[-116.493206,49.25846],[-116.490866,49.257441],[-116.490555,49.257],[-116.48895,49.256795],[-116.487322,49.256023],[-116.486783,49.256326],[-116.485976,49.255917],[-116.481778,49.256412],[-116.480688,49.256956],[-116.47877,49.256236],[-116.477384,49.256204],[-116.475729,49.255341],[-116.472943,49.255167],[-116.471907,49.255503],[-116.471622,49.255214],[-116.470192,49.255244],[-116.468877,49.254913],[-116.467445,49.253828],[-116.460303,49.253614],[-116.457558,49.253216],[-116.456236,49.252166],[-116.454838,49.251809],[-116.454213,49.251166],[-116.453183,49.251152],[-116.452569,49.250701],[-116.450993,49.250333],[-116.449676,49.249048],[-116.449792,49.248529],[-116.449012,49.248137],[-116.449086,49.24758],[-116.447413,49.247311],[-116.446339,49.246371],[-116.442789,49.245562],[-116.44202,49.244425],[-116.441504,49.240042],[-116.438218,49.238065],[-116.436831,49.236592],[-116.43798,49.233574],[-116.439113,49.232932],[-116.439663,49.231622],[-116.441133,49.230522],[-116.441497,49.228591],[-116.441008,49.228057],[-116.440761,49.223216],[-116.441677,49.22001],[-116.441318,49.218767],[-116.442128,49.217682],[-116.44221,49.216433],[-116.442695,49.216075],[-116.442339,49.215903],[-116.443792,49.215018],[-116.443694,49.213947],[-116.444469,49.21343],[-116.444531,49.207862],[-116.443732,49.20695],[-116.443154,49.204626],[-116.442569,49.204083],[-116.442432,49.2016],[-116.440655,49.198623],[-116.441923,49.194527],[-116.441681,49.19271],[-116.44277,49.191203],[-116.442865,49.188739],[-116.444871,49.186104],[-116.445652,49.182464],[-116.445058,49.181679],[-116.445512,49.180332],[-116.446218,49.179705],[-116.445922,49.179345],[-116.446153,49.178953],[-116.449542,49.178647],[-116.451549,49.166343],[-116.469198,49.166725],[-116.469088,49.16245],[-116.491563,49.162853],[-116.493778,49.157826],[-116.49324,49.155263],[-116.491877,49.155468],[-116.491601,49.15662],[-116.490672,49.156974],[-116.480796,49.155241],[-116.469557,49.155273],[-116.469627,49.144485],[-116.464128,49.144425],[-116.464139,49.140705],[-116.458725,49.140732],[-116.457829,49.137641],[-116.455295,49.133078],[-116.452251,49.130565],[-116.450077,49.128172],[-116.445517,49.124521],[-116.44528,49.122322],[-116.444483,49.122151],[-116.444992,49.123367],[-116.44429,49.125104],[-116.439318,49.129927],[-116.434037,49.133171],[-116.428465,49.135003],[-116.40515,49.140059],[-116.399224,49.141229],[-116.394696,49.141609],[-116.392863,49.14246],[-116.384229,49.148141],[-116.381849,49.149158],[-116.379721,49.149453],[-116.37171,49.149027],[-116.369793,49.149195],[-116.358589,49.152035],[-116.351524,49.154582],[-116.344633,49.155989],[-116.345145,49.15445],[-116.343073,49.15504],[-116.344334,49.153023],[-116.343055,49.153505],[-116.34113,49.154829],[-116.338857,49.155026],[-116.334397,49.156672],[-116.333817,49.155943],[-116.332653,49.156362],[-116.333249,49.157091],[-116.334413,49.157554],[-116.334149,49.157904],[-116.334466,49.158455],[-116.338541,49.157016],[-116.339827,49.156866],[-116.340141,49.1572],[-116.332105,49.159997],[-116.332001,49.159449],[-116.333661,49.158756],[-116.332016,49.158723],[-116.32863,49.15787],[-116.321817,49.158145],[-116.315263,49.157854],[-116.31326,49.15811],[-116.306516,49.159957],[-116.301649,49.161442],[-116.301612,49.161951],[-116.286026,49.161747],[-116.280023,49.165187],[-116.273918,49.167524],[-116.272124,49.169168],[-116.270044,49.169731],[-116.268041,49.169727],[-116.266731,49.170205],[-116.261742,49.17082],[-116.260547,49.171847],[-116.258641,49.172645],[-116.258236,49.173128],[-116.258096,49.175205],[-116.25575,49.177888],[-116.250547,49.180832],[-116.248423,49.18242],[-116.244566,49.186092],[-116.244461,49.188466],[-116.243522,49.187992],[-116.242281,49.188352],[-116.239338,49.191464],[-116.234894,49.194843],[-116.233602,49.196706],[-116.233929,49.197725],[-116.232508,49.197337],[-116.2313,49.19822],[-116.228986,49.198717],[-116.226763,49.201347],[-116.226426,49.203549],[-116.225644,49.20178],[-116.225945,49.200073],[-116.225413,49.199881],[-116.224063,49.200141],[-116.219295,49.202241],[-116.217076,49.203657],[-116.215722,49.20506],[-116.21214,49.206699],[-116.209201,49.207624],[-116.208643,49.208178],[-116.20746,49.208305],[-116.206655,49.208884],[-116.203863,49.20917],[-116.198518,49.210285],[-116.19469,49.210141],[-116.192248,49.210853],[-116.191579,49.212305],[-116.191195,49.212276],[-116.19074,49.211508],[-116.189861,49.211529],[-116.182231,49.213787],[-116.180652,49.213821],[-116.180004,49.213132],[-116.178595,49.212807],[-116.176977,49.213498],[-116.173862,49.214231],[-116.171705,49.214287],[-116.170071,49.215085],[-116.163672,49.216757],[-116.163073,49.217257],[-116.161153,49.217108],[-116.159777,49.21887],[-116.158616,49.219311],[-116.156948,49.220513],[-116.156398,49.221364],[-116.155597,49.221619],[-116.155175,49.221409],[-116.155788,49.22091],[-116.156508,49.218144],[-116.157304,49.217332],[-116.157413,49.216604],[-116.154035,49.21496],[-116.152222,49.214983],[-116.150288,49.215652],[-116.148842,49.216748],[-116.148266,49.218264],[-116.146979,49.219667],[-116.143523,49.220154],[-116.138462,49.222158],[-116.134783,49.222877],[-116.132308,49.223821],[-116.128813,49.225783],[-116.12697,49.225886],[-116.124736,49.2272],[-116.123398,49.226767],[-116.122349,49.227065],[-116.121358,49.227939],[-116.11656,49.230511],[-116.114446,49.233473],[-116.112631,49.235159],[-116.111961,49.23805],[-116.110977,49.237755],[-116.109596,49.23814],[-116.106815,49.235438],[-116.105165,49.235488],[-116.098694,49.239612],[-116.093947,49.241221],[-116.089013,49.244783],[-116.087827,49.245014],[-116.087012,49.244465],[-116.085713,49.241067],[-116.085069,49.240632],[-116.082717,49.240643],[-116.077793,49.242591],[-116.075278,49.242721],[-116.074096,49.243169],[-116.078236,49.246315],[-116.07786,49.252865],[-116.072637,49.25865],[-116.079321,49.262758],[-116.088733,49.271494],[-116.095139,49.279471],[-116.102184,49.281829],[-116.107728,49.287724],[-116.115511,49.288289],[-116.118012,49.286964],[-116.126252,49.282798],[-116.130859,49.278455],[-116.137223,49.280643],[-116.144725,49.284135],[-116.149839,49.283041],[-116.158485,49.283359],[-116.164071,49.285677],[-116.168016,49.289267],[-116.171106,49.293553],[-116.171701,49.296536],[-116.172648,49.297906],[-116.176132,49.307129],[-116.183418,49.314409],[-116.18897,49.321941],[-116.18574,49.329137],[-116.185232,49.337023],[-116.171428,49.350102],[-116.165348,49.352289],[-116.164691,49.358627],[-116.166838,49.368408],[-116.179064,49.376043],[-116.181186,49.379616],[-116.181979,49.379652],[-116.182931,49.390836],[-116.18863,49.392847],[-116.198262,49.399111],[-116.209676,49.404612],[-116.210523,49.413461],[-116.215911,49.416569],[-116.23573,49.416968],[-116.241675,49.420162],[-116.238058,49.423311],[-116.237414,49.42815],[-116.254757,49.444293],[-116.259895,49.447973],[-116.248934,49.451958],[-116.245286,49.457982],[-116.248075,49.461463],[-116.257807,49.467998],[-116.266614,49.470782],[-116.284866,49.472404],[-116.282602,49.477658],[-116.281772,49.48919],[-116.289116,49.50856],[-116.296766,49.51165],[-116.303464,49.520983],[-116.312462,49.524605],[-116.349521,49.523766],[-116.355082,49.518618],[-116.362408,49.513097],[-116.37349,49.516344],[-116.395372,49.519645],[-116.401968,49.521822],[-116.41179,49.526411],[-116.414805,49.529777],[-116.423526,49.533667],[-116.440246,49.532457],[-116.450757,49.526907],[-116.456254,49.518227],[-116.45951,49.505205],[-116.463933,49.49704],[-116.491768,49.489657],[-116.509501,49.478899],[-116.534993,49.467146],[-116.543952,49.465118]]]},"properties":{"id":"59030225","boundaryCode":"59030225","boundaryName":"DA 59030225","boundarySource":"census","boundaryLevel":"bcDaSimplified","boundaryDetail":"medium","DAUID":"59030225","DGUID":"2021S051259030225","PRUID":"59","CDUID":"5903","CDNAME":"Central Kootenay","CDTYPE":"RD","CSDUID":"5903013","CSDNAME":"Central Kootenay B","CSDTYPE":"RDA","CTUID":null,"CTNAME":null,"parentCdId":"5903","parentCdName":"Central Kootenay","parentCsdId":"5903013","parentCsdName":"Central Kootenay B","parentCtId":null,"parentCtName":null,"LANDAREA":920.2549,"areaKm2":922.1925751177081},"id":50081},{"type":"Feature","geometry":{"type":"Polygon","coordinates":[[[-116.56106,49.303409],[-116.561054,49.300386],[-116.563073,49.291346],[-116.561577,49.289737],[-116.560413,49.287448],[-116.56017,49.285458],[-116.559242,49.284691],[-116.558488,49.284508],[-116.558002,49.283382],[-116.557991,49.2817],[-116.557377,49.281005],[-116.557673,49.280375],[-116.557427,49.278621],[-116.55533,49.2747],[-116.556219,49.272077],[-116.5561,49.270268],[-116.555022,49.269248],[-116.554145,49.267436],[-116.552653,49.266612],[-116.552376,49.265378],[-116.552662,49.264192],[-116.551365,49.263207],[-116.550921,49.262161],[-116.549909,49.261554],[-116.549963,49.260323],[-116.54927,49.259313],[-116.548256,49.253048],[-116.546932,49.250597],[-116.546711,49.249209],[-116.545052,49.247359],[-116.545511,49.246579],[-116.542592,49.242607],[-116.541055,49.241655],[-116.535463,49.23669],[-116.539053,49.235387],[-116.543932,49.234449],[-116.546867,49.233228],[-116.54781,49.232144],[-116.553918,49.22799],[-116.57368,49.225089],[-116.574817,49.224278],[-116.577372,49.223395],[-116.580201,49.222949],[-116.584099,49.220793],[-116.586079,49.218943],[-116.589648,49.217586],[-116.591276,49.216237],[-116.592732,49.215952],[-116.596339,49.214278],[-116.59625,49.212579],[-116.59152,49.209585],[-116.589573,49.205561],[-116.584602,49.20088],[-116.579726,49.197177],[-116.579728,49.195587],[-116.579145,49.193959],[-116.579252,49.191681],[-116.578672,49.190347],[-116.577015,49.189459],[-116.571814,49.187865],[-116.568884,49.18544],[-116.563094,49.182441],[-116.558691,49.181954],[-116.551482,49.179729],[-116.549166,49.178164],[-116.540312,49.1763],[-116.539576,49.175142],[-116.540011,49.168771],[-116.517401,49.168398],[-116.517725,49.172698],[-116.50708,49.172605],[-116.506805,49.164484],[-116.491647,49.164104],[-116.491563,49.162853],[-116.469088,49.16245],[-116.469198,49.166725],[-116.451549,49.166343],[-116.449542,49.178647],[-116.446153,49.178953],[-116.445922,49.179345],[-116.446218,49.179705],[-116.445512,49.180332],[-116.445058,49.181679],[-116.445652,49.182464],[-116.444871,49.186104],[-116.442865,49.188739],[-116.44277,49.191203],[-116.441681,49.19271],[-116.441923,49.194527],[-116.440655,49.198623],[-116.442432,49.2016],[-116.442569,49.204083],[-116.443154,49.204626],[-116.443732,49.20695],[-116.444531,49.207862],[-116.444469,49.21343],[-116.443694,49.213947],[-116.443792,49.215018],[-116.442339,49.215903],[-116.442695,49.216075],[-116.44221,49.216433],[-116.442128,49.217682],[-116.441318,49.218767],[-116.441677,49.22001],[-116.440761,49.223216],[-116.441008,49.228057],[-116.441497,49.228591],[-116.441133,49.230522],[-116.439663,49.231622],[-116.439113,49.232932],[-116.43798,49.233574],[-116.436831,49.236592],[-116.438218,49.238065],[-116.441504,49.240042],[-116.44202,49.244425],[-116.442789,49.245562],[-116.446339,49.246371],[-116.447413,49.247311],[-116.449086,49.24758],[-116.449012,49.248137],[-116.449792,49.248529],[-116.449676,49.249048],[-116.450993,49.250333],[-116.452569,49.250701],[-116.453183,49.251152],[-116.454213,49.251166],[-116.454838,49.251809],[-116.456236,49.252166],[-116.457558,49.253216],[-116.460303,49.253614],[-116.467445,49.253828],[-116.468877,49.254913],[-116.470192,49.255244],[-116.471622,49.255214],[-116.471907,49.255503],[-116.472943,49.255167],[-116.475729,49.255341],[-116.477384,49.256204],[-116.47877,49.256236],[-116.480688,49.256956],[-116.481778,49.256412],[-116.485976,49.255917],[-116.486783,49.256326],[-116.487322,49.256023],[-116.48895,49.256795],[-116.490555,49.257],[-116.490866,49.257441],[-116.493206,49.25846],[-116.494213,49.259364],[-116.494438,49.26021],[-116.496663,49.26174],[-116.497348,49.26337],[-116.499462,49.26499],[-116.499876,49.266116],[-116.502878,49.268261],[-116.502926,49.26899],[-116.504162,49.269175],[-116.504898,49.269718],[-116.505191,49.27062],[-116.504839,49.271517],[-116.505843,49.27297],[-116.505552,49.274569],[-116.506738,49.275492],[-116.507595,49.277843],[-116.505851,49.280381],[-116.50587,49.281146],[-116.504774,49.283499],[-116.504193,49.283856],[-116.503334,49.287279],[-116.501413,49.289619],[-116.501079,49.291426],[-116.498013,49.295406],[-116.497528,49.29973],[-116.49623,49.301542],[-116.495974,49.305103],[-116.495232,49.306394],[-116.495275,49.306761],[-116.497213,49.307289],[-116.498589,49.309727],[-116.499761,49.313472],[-116.503925,49.313832],[-116.506986,49.313507],[-116.513374,49.311732],[-116.517141,49.310457],[-116.52197,49.308003],[-116.52601,49.304507],[-116.538344,49.300776],[-116.54195,49.300281],[-116.54958,49.300191],[-116.56106,49.303409]]]},"properties":{"id":"59030226","boundaryCode":"59030226","boundaryName":"DA 59030226","boundarySource":"census","boundaryLevel":"bcDaSimplified","boundaryDetail":"medium","DAUID":"59030226","DGUID":"2021S051259030226","PRUID":"59","CDUID":"5903","CDNAME":"Central Kootenay","CDTYPE":"RD","CSDUID":"5903010","CSDNAME":"Central Kootenay A","CSDTYPE":"RDA","CTUID":null,"CTNAME":null,"parentCdId":"5903","parentCdName":"Central Kootenay","parentCsdId":"5903010","parentCsdName":"Central Kootenay A","parentCtId":null,"parentCtName":null,"LANDAREA":109.0433,"areaKm2":108.94676647747846},"id":50082},{"type":"Feature","geometry":{"type":"Polygon","coordinates":[[[-117.086189,49.471675],[-117.079461,49.473758],[-117.068683,49.472769],[-117.004073,49.473417],[-116.835468,49.473861],[-116.805653,49.474964],[-116.806413,49.47758],[-116.812225,49.511097],[-116.812495,49.530596],[-116.8134,49.544224],[-116.825083,49.568432],[-116.828243,49.574837],[-116.836392,49.587961],[-116.847904,49.599068],[-116.859702,49.609792],[-116.865991,49.613616],[-116.889297,49.621649],[-116.901758,49.626879],[-116.908224,49.637217],[-116.90238,49.651285],[-116.902695,49.652042],[-116.897688,49.6612],[-116.891965,49.681628],[-116.890953,49.690538],[-116.920631,49.69089],[-116.946751,49.689935],[-116.955348,49.690332],[-116.998361,49.690047],[-116.998198,49.658486],[-116.974087,49.636524],[-116.97418,49.635837],[-116.95852,49.636292],[-116.957775,49.637426],[-116.95486,49.634826],[-116.954037,49.629778],[-116.954204,49.628673],[-116.955168,49.627656],[-116.958707,49.625859],[-116.96164,49.625859],[-116.964016,49.625511],[-116.96803,49.625594],[-116.96913,49.623557],[-116.974633,49.62276],[-116.991219,49.622052],[-116.989136,49.619207],[-116.987299,49.618477],[-116.984507,49.618699],[-116.980236,49.619887],[-116.972962,49.619993],[-116.969512,49.620312],[-116.958536,49.622384],[-116.950918,49.622664],[-116.947469,49.623323],[-116.9467,49.623483],[-116.943071,49.626601],[-116.935995,49.630014],[-116.934924,49.629327],[-116.937255,49.626767],[-116.937583,49.625325],[-116.940058,49.62327],[-116.946731,49.620733],[-116.950685,49.620556],[-116.950022,49.619064],[-116.950785,49.618166],[-116.950838,49.615815],[-116.953945,49.614231],[-116.954468,49.613142],[-116.954202,49.612643],[-116.950787,49.612091],[-116.942895,49.611353],[-116.943941,49.60291],[-116.970164,49.602621],[-116.969946,49.596797],[-116.981495,49.596556],[-116.981258,49.589333],[-117.000885,49.588754],[-117.031514,49.588622],[-117.031668,49.589628],[-117.041694,49.58971],[-117.041699,49.591471],[-117.062467,49.591921],[-117.06247,49.589283],[-117.071135,49.589142],[-117.071456,49.597656],[-117.0797,49.597831],[-117.079706,49.597119],[-117.085361,49.597159],[-117.085763,49.606293],[-117.106292,49.605376],[-117.109273,49.604683],[-117.116398,49.599602],[-117.124279,49.597496],[-117.126577,49.596912],[-117.147381,49.602188],[-117.155251,49.602648],[-117.165007,49.599144],[-117.167569,49.597468],[-117.164653,49.594704],[-117.163673,49.591531],[-117.163819,49.589551],[-117.16314,49.589301],[-117.162901,49.58824],[-117.161835,49.587684],[-117.161401,49.58674],[-117.160266,49.586318],[-117.158066,49.586223],[-117.157496,49.585675],[-117.156652,49.58563],[-117.155959,49.584688],[-117.154062,49.584663],[-117.153048,49.583306],[-117.149916,49.581503],[-117.145986,49.580896],[-117.144801,49.582138],[-117.143287,49.580854],[-117.142912,49.579938],[-117.142192,49.579408],[-117.141271,49.576746],[-117.140468,49.576325],[-117.139603,49.57458],[-117.137497,49.573072],[-117.137465,49.571696],[-117.137092,49.571471],[-117.137103,49.570418],[-117.136254,49.568396],[-117.135354,49.56811],[-117.134495,49.567336],[-117.13441,49.566636],[-117.132399,49.564551],[-117.128823,49.561604],[-117.129093,49.559203],[-117.125507,49.557408],[-117.124442,49.557318],[-117.124012,49.55687],[-117.121493,49.556062],[-117.12062,49.555174],[-117.119874,49.555038],[-117.118556,49.553412],[-117.117283,49.552567],[-117.115489,49.548756],[-117.113855,49.547004],[-117.112936,49.544153],[-117.111025,49.542564],[-117.111021,49.541484],[-117.106932,49.536289],[-117.106252,49.534544],[-117.103271,49.530382],[-117.102552,49.529888],[-117.101857,49.528233],[-117.101028,49.527345],[-117.098218,49.525808],[-117.098521,49.524909],[-117.09805,49.524486],[-117.097799,49.523038],[-117.096499,49.522212],[-117.095917,49.521384],[-117.094645,49.521233],[-117.094685,49.520523],[-117.093676,49.520245],[-117.093191,49.519651],[-117.093424,49.518886],[-117.091696,49.518025],[-117.091225,49.517018],[-117.089302,49.515256],[-117.08731,49.514547],[-117.086008,49.513387],[-117.084281,49.512551],[-117.079367,49.506574],[-117.079352,49.505584],[-117.078118,49.502536],[-117.078652,49.500233],[-117.07803,49.499244],[-117.077444,49.495421],[-117.076391,49.493344],[-117.076098,49.491627],[-117.076825,49.488199],[-117.079206,49.483197],[-117.079299,49.481415],[-117.081266,49.477447],[-117.081829,49.474713],[-117.086143,49.472486],[-117.086189,49.471675]]]},"properties":{"id":"59030229","boundaryCode":"59030229","boundaryName":"DA 59030229","boundarySource":"census","boundaryLevel":"bcDaSimplified","boundaryDetail":"medium","DAUID":"59030229","DGUID":"2021S051259030229","PRUID":"59","CDUID":"5903","CDNAME":"Central Kootenay","CDTYPE":"RD","CSDUID":"5903041","CSDNAME":"Central Kootenay E","CSDTYPE":"RDA","CTUID":null,"CTNAME":null,"parentCdId":"5903","parentCdName":"Central Kootenay","parentCsdId":"5903041","parentCsdName":"Central Kootenay E","parentCtId":null,"parentCtName":null,"LANDAREA":295.8154,"areaKm2":353.9624825703033},"id":50083},{"type":"Feature","geometry":{"type":"Polygon","coordinates":[[[-116.987299,49.618477],[-116.994988,49.617355],[-116.998315,49.616195],[-117.020994,49.610944],[-117.043749,49.61029],[-117.056344,49.609128],[-117.067934,49.609322],[-117.073398,49.60682],[-117.085763,49.606293],[-117.085361,49.597159],[-117.079706,49.597119],[-117.0797,49.597831],[-117.071456,49.597656],[-117.071135,49.589142],[-117.06247,49.589283],[-117.062467,49.591921],[-117.041699,49.591471],[-117.041694,49.58971],[-117.031668,49.589628],[-117.031514,49.588622],[-117.000885,49.588754],[-116.981258,49.589333],[-116.981495,49.596556],[-116.969946,49.596797],[-116.970164,49.602621],[-116.943941,49.60291],[-116.942895,49.611353],[-116.950787,49.612091],[-116.954202,49.612643],[-116.954468,49.613142],[-116.953945,49.614231],[-116.950838,49.615815],[-116.950785,49.618166],[-116.950022,49.619064],[-116.950685,49.620556],[-116.946731,49.620733],[-116.940058,49.62327],[-116.937583,49.625325],[-116.937255,49.626767],[-116.934924,49.629327],[-116.935995,49.630014],[-116.943071,49.626601],[-116.9467,49.623483],[-116.947469,49.623323],[-116.950918,49.622664],[-116.958536,49.622384],[-116.969512,49.620312],[-116.972962,49.619993],[-116.980236,49.619887],[-116.984507,49.618699],[-116.987299,49.618477]]]},"properties":{"id":"59030230","boundaryCode":"59030230","boundaryName":"DA 59030230","boundarySource":"census","boundaryLevel":"bcDaSimplified","boundaryDetail":"medium","DAUID":"59030230","DGUID":"2021S051259030230","PRUID":"59","CDUID":"5903","CDNAME":"Central Kootenay","CDTYPE":"RD","CSDUID":"5903041","CSDNAME":"Central Kootenay E","CSDTYPE":"RDA","CTUID":null,"CTNAME":null,"parentCdId":"5903","parentCdName":"Central Kootenay","parentCsdId":"5903041","parentCsdName":"Central Kootenay E","parentCtId":null,"parentCtName":null,"LANDAREA":19.090400000000002,"areaKm2":23.421690931596448},"id":50084},{"type":"Feature","geometry":{"type":"Polygon","coordinates":[[[-117.085763,49.606293],[-117.073398,49.60682],[-117.067934,49.609322],[-117.056344,49.609128],[-117.043749,49.61029],[-117.020994,49.610944],[-116.998315,49.616195],[-116.994988,49.617355],[-116.987299,49.618477],[-116.989136,49.619207],[-116.991219,49.622052],[-116.995354,49.620413],[-116.996115,49.622041],[-117.00055,49.622119],[-117.001204,49.623896],[-117.002249,49.624509],[-117.002686,49.624446],[-117.003166,49.623756],[-117.004968,49.624418],[-117.008713,49.623672],[-117.010146,49.623699],[-117.012005,49.624213],[-117.013808,49.623612],[-117.021662,49.62381],[-117.026229,49.622734],[-117.027381,49.622842],[-117.0287,49.623454],[-117.033459,49.623248],[-117.033434,49.623671],[-117.031223,49.623871],[-117.028572,49.624871],[-117.026817,49.624648],[-117.026542,49.625035],[-117.027639,49.625143],[-117.027779,49.625701],[-117.028695,49.625476],[-117.029681,49.625891],[-117.031443,49.62581],[-117.034276,49.627043],[-117.042533,49.627404],[-117.042424,49.627809],[-117.040462,49.627838],[-117.036746,49.628515],[-117.034428,49.629975],[-117.037842,49.630056],[-117.039563,49.630479],[-117.041964,49.630425],[-117.04549,49.631253],[-117.048409,49.632999],[-117.04823,49.633269],[-117.044443,49.632148],[-117.04367,49.632275],[-117.043907,49.63259],[-117.045851,49.63313],[-117.045079,49.633751],[-117.046888,49.635524],[-117.047449,49.637126],[-117.048254,49.637324],[-117.04985,49.63665],[-117.051724,49.636569],[-117.053224,49.637001],[-117.054419,49.637756],[-117.054219,49.6367],[-117.052318,49.63481],[-117.053167,49.634413],[-117.052493,49.633964],[-117.052651,49.633735],[-117.054114,49.634009],[-117.054323,49.633635],[-117.053167,49.632876],[-117.053214,49.632593],[-117.055462,49.633075],[-117.055681,49.633554],[-117.056183,49.633585],[-117.055739,49.632327],[-117.056809,49.632569],[-117.057124,49.633074],[-117.057351,49.632864],[-117.056299,49.631313],[-117.056651,49.631256],[-117.05946,49.632412],[-117.060164,49.632316],[-117.060516,49.631249],[-117.060104,49.628807],[-117.063594,49.625851],[-117.063008,49.62552],[-117.061141,49.625667],[-117.061515,49.624891],[-117.062796,49.624292],[-117.05813,49.623778],[-117.057116,49.623173],[-117.057464,49.62156],[-117.056399,49.621091],[-117.056052,49.620234],[-117.0575,49.619225],[-117.056662,49.618556],[-117.056921,49.617644],[-117.058615,49.617626],[-117.058382,49.614002],[-117.062161,49.613634],[-117.068825,49.614196],[-117.087388,49.61262],[-117.091092,49.611744],[-117.09457,49.612618],[-117.097361,49.612821],[-117.103692,49.612127],[-117.110231,49.612161],[-117.114655,49.611771],[-117.116126,49.611414],[-117.11765,49.61051],[-117.119727,49.607219],[-117.123241,49.605413],[-117.124884,49.605041],[-117.124816,49.60155],[-117.125012,49.601005],[-117.125858,49.600733],[-117.126298,49.600196],[-117.125435,49.599754],[-117.124279,49.597496],[-117.116398,49.599602],[-117.109273,49.604683],[-117.106292,49.605376],[-117.085763,49.606293]]]},"properties":{"id":"59030231","boundaryCode":"59030231","boundaryName":"DA 59030231","boundarySource":"census","boundaryLevel":"bcDaSimplified","boundaryDetail":"medium","DAUID":"59030231","DGUID":"2021S051259030231","PRUID":"59","CDUID":"5903","CDNAME":"Central Kootenay","CDTYPE":"RD","CSDUID":"5903041","CSDNAME":"Central Kootenay E","CSDTYPE":"RDA","CTUID":null,"CTNAME":null,"parentCdId":"5903","parentCdName":"Central Kootenay","parentCsdId":"5903041","parentCsdName":"Central Kootenay E","parentCtId":null,"parentCtName":null,"LANDAREA":7.0715,"areaKm2":11.743577788994124},"id":50085},{"type":"Feature","geometry":{"type":"Polygon","coordinates":[[[-116.998361,49.690047],[-117.062324,49.690204],[-117.081808,49.692091],[-117.090294,49.694398],[-117.1023,49.698794],[-117.112715,49.704033],[-117.123126,49.723276],[-117.128216,49.736558],[-117.139933,49.744763],[-117.146729,49.745128],[-117.157999,49.751768],[-117.174737,49.757063],[-117.184274,49.75646],[-117.180485,49.752556],[-117.174528,49.747367],[-117.171792,49.744121],[-117.171383,49.742152],[-117.16901,49.738287],[-117.169214,49.737424],[-117.170003,49.736802],[-117.168981,49.734195],[-117.167186,49.732875],[-117.165305,49.730225],[-117.162969,49.728808],[-117.162925,49.728259],[-117.162186,49.727613],[-117.162519,49.726911],[-117.160186,49.726517],[-117.157046,49.724739],[-117.154536,49.721299],[-117.15259,49.719772],[-117.15254,49.717219],[-117.151913,49.716554],[-117.152507,49.715914],[-117.152514,49.713459],[-117.153147,49.712117],[-117.153728,49.71173],[-117.153279,49.709987],[-117.154643,49.70689],[-117.155515,49.706043],[-117.156541,49.705808],[-117.157571,49.703199],[-117.158595,49.70227],[-117.158273,49.69727],[-117.156514,49.693377],[-117.154439,49.69061],[-117.15303,49.687518],[-117.151403,49.686333],[-117.150915,49.685291],[-117.148054,49.683989],[-117.146147,49.68078],[-117.143913,49.680064],[-117.144214,49.678957],[-117.143112,49.676881],[-117.141265,49.675516],[-117.141775,49.67441],[-117.141398,49.673349],[-117.142239,49.671728],[-117.142021,49.668328],[-117.143349,49.667581],[-117.143472,49.666708],[-117.142734,49.665728],[-117.143036,49.664963],[-117.14241,49.663822],[-117.144415,49.662569],[-117.14487,49.661507],[-117.145381,49.661227],[-117.144796,49.660248],[-117.145181,49.659618],[-117.145014,49.658764],[-117.145856,49.657855],[-117.145895,49.657036],[-117.146794,49.656747],[-117.147166,49.65627],[-117.147412,49.65492],[-117.148198,49.653857],[-117.147961,49.652796],[-117.149866,49.650878],[-117.150139,49.649475],[-117.150954,49.648664],[-117.151729,49.648402],[-117.15192,49.647413],[-117.153066,49.646287],[-117.153021,49.645406],[-117.153767,49.644802],[-117.153459,49.643336],[-117.152664,49.642302],[-117.152604,49.640648],[-117.153125,49.638956],[-117.152127,49.63831],[-117.152526,49.637275],[-117.15162,49.635874],[-117.152281,49.634793],[-117.151489,49.633994],[-117.150806,49.632159],[-117.149737,49.631252],[-117.149777,49.630514],[-117.148819,49.63003],[-117.149369,49.6285],[-117.148838,49.627412],[-117.147547,49.62629],[-117.14619,49.625689],[-117.145894,49.624582],[-117.144108,49.624387],[-117.143442,49.623966],[-117.142609,49.623192],[-117.142451,49.621493],[-117.140346,49.620623],[-117.139595,49.619428],[-117.138043,49.619196],[-117.137154,49.618621],[-117.135931,49.616994],[-117.135185,49.616681],[-117.1346,49.615543],[-117.125973,49.615407],[-117.126705,49.608702],[-117.124884,49.605041],[-117.123241,49.605413],[-117.119727,49.607219],[-117.11765,49.61051],[-117.116126,49.611414],[-117.114655,49.611771],[-117.110231,49.612161],[-117.103692,49.612127],[-117.097361,49.612821],[-117.09457,49.612618],[-117.091092,49.611744],[-117.087388,49.61262],[-117.068825,49.614196],[-117.062161,49.613634],[-117.058382,49.614002],[-117.058615,49.617626],[-117.056921,49.617644],[-117.056662,49.618556],[-117.0575,49.619225],[-117.056052,49.620234],[-117.056399,49.621091],[-117.057464,49.62156],[-117.057116,49.623173],[-117.05813,49.623778],[-117.062796,49.624292],[-117.061515,49.624891],[-117.061141,49.625667],[-117.063008,49.62552],[-117.063594,49.625851],[-117.060104,49.628807],[-117.060516,49.631249],[-117.060164,49.632316],[-117.05946,49.632412],[-117.056651,49.631256],[-117.056299,49.631313],[-117.057351,49.632864],[-117.057124,49.633074],[-117.056809,49.632569],[-117.055739,49.632327],[-117.056183,49.633585],[-117.055681,49.633554],[-117.055462,49.633075],[-117.053214,49.632593],[-117.053167,49.632876],[-117.054323,49.633635],[-117.054114,49.634009],[-117.052651,49.633735],[-117.052493,49.633964],[-117.053167,49.634413],[-117.052318,49.63481],[-117.054219,49.6367],[-117.054419,49.637756],[-117.053224,49.637001],[-117.051724,49.636569],[-117.04985,49.63665],[-117.048254,49.637324],[-117.047449,49.637126],[-117.046888,49.635524],[-117.045079,49.633751],[-117.045851,49.63313],[-117.043907,49.63259],[-117.04367,49.632275],[-117.044443,49.632148],[-117.04823,49.633269],[-117.048409,49.632999],[-117.04549,49.631253],[-117.041964,49.630425],[-117.039563,49.630479],[-117.037842,49.630056],[-117.034428,49.629975],[-117.036746,49.628515],[-117.040462,49.627838],[-117.042424,49.627809],[-117.042533,49.627404],[-117.034276,49.627043],[-117.031443,49.62581],[-117.029681,49.625891],[-117.028695,49.625476],[-117.027779,49.625701],[-117.027639,49.625143],[-117.026542,49.625035],[-117.026817,49.624648],[-117.028572,49.624871],[-117.031223,49.623871],[-117.033434,49.623671],[-117.033459,49.623248],[-117.0287,49.623454],[-117.027381,49.622842],[-117.026229,49.622734],[-117.021662,49.62381],[-117.013808,49.623612],[-117.012005,49.624213],[-117.010146,49.623699],[-117.008713,49.623672],[-117.004968,49.624418],[-117.003166,49.623756],[-117.002686,49.624446],[-117.002249,49.624509],[-117.001204,49.623896],[-117.00055,49.622119],[-116.996115,49.622041],[-116.995354,49.620413],[-116.991219,49.622052],[-116.974633,49.62276],[-116.96913,49.623557],[-116.96803,49.625594],[-116.964016,49.625511],[-116.96164,49.625859],[-116.958707,49.625859],[-116.955168,49.627656],[-116.954204,49.628673],[-116.954037,49.629778],[-116.95486,49.634826],[-116.957775,49.637426],[-116.95852,49.636292],[-116.97418,49.635837],[-116.974087,49.636524],[-116.998198,49.658486],[-116.998361,49.690047]]]},"properties":{"id":"59030232","boundaryCode":"59030232","boundaryName":"DA 59030232","boundarySource":"census","boundaryLevel":"bcDaSimplified","boundaryDetail":"medium","DAUID":"59030232","DGUID":"2021S051259030232","PRUID":"59","CDUID":"5903","CDNAME":"Central Kootenay","CDTYPE":"RD","CSDUID":"5903041","CSDNAME":"Central Kootenay E","CSDTYPE":"RDA","CTUID":null,"CTNAME":null,"parentCdId":"5903","parentCdName":"Central Kootenay","parentCsdId":"5903041","parentCsdName":"Central Kootenay E","parentCtId":null,"parentCtName":null,"LANDAREA":112.01530000000001,"areaKm2":112.55046862514529},"id":50086},{"type":"Feature","geometry":{"type":"Polygon","coordinates":[[[-117.258183,49.68506],[-117.248924,49.66417],[-117.221305,49.606667],[-117.237986,49.598123],[-117.241234,49.597009],[-117.243815,49.595159],[-117.24479,49.594007],[-117.243291,49.592119],[-117.242601,49.589486],[-117.241679,49.588012],[-117.237663,49.585439],[-117.230845,49.585636],[-117.22991,49.587812],[-117.2212,49.588065],[-117.206741,49.587793],[-117.206473,49.585475],[-117.20427,49.578109],[-117.199689,49.580347],[-117.181184,49.590978],[-117.177043,49.593021],[-117.172904,49.594543],[-117.167569,49.597468],[-117.165007,49.599144],[-117.155251,49.602648],[-117.147381,49.602188],[-117.126577,49.596912],[-117.124279,49.597496],[-117.125435,49.599754],[-117.126298,49.600196],[-117.125858,49.600733],[-117.125012,49.601005],[-117.124816,49.60155],[-117.124884,49.605041],[-117.126705,49.608702],[-117.125973,49.615407],[-117.1346,49.615543],[-117.135185,49.616681],[-117.135931,49.616994],[-117.137154,49.618621],[-117.138043,49.619196],[-117.139595,49.619428],[-117.140346,49.620623],[-117.142451,49.621493],[-117.142609,49.623192],[-117.143442,49.623966],[-117.144108,49.624387],[-117.145894,49.624582],[-117.14619,49.625689],[-117.147547,49.62629],[-117.148838,49.627412],[-117.149369,49.6285],[-117.148819,49.63003],[-117.149777,49.630514],[-117.149737,49.631252],[-117.150806,49.632159],[-117.151489,49.633994],[-117.152281,49.634793],[-117.15162,49.635874],[-117.152526,49.637275],[-117.152127,49.63831],[-117.153125,49.638956],[-117.152604,49.640648],[-117.152664,49.642302],[-117.153459,49.643336],[-117.153767,49.644802],[-117.153021,49.645406],[-117.153066,49.646287],[-117.15192,49.647413],[-117.151729,49.648402],[-117.150954,49.648664],[-117.150139,49.649475],[-117.149866,49.650878],[-117.147961,49.652796],[-117.148198,49.653857],[-117.147412,49.65492],[-117.147166,49.65627],[-117.146794,49.656747],[-117.145895,49.657036],[-117.145856,49.657855],[-117.145014,49.658764],[-117.145181,49.659618],[-117.144796,49.660248],[-117.145381,49.661227],[-117.14487,49.661507],[-117.144415,49.662569],[-117.14241,49.663822],[-117.143036,49.664963],[-117.142734,49.665728],[-117.143472,49.666708],[-117.143349,49.667581],[-117.142021,49.668328],[-117.142239,49.671728],[-117.141398,49.673349],[-117.141775,49.67441],[-117.141265,49.675516],[-117.143112,49.676881],[-117.144214,49.678957],[-117.143913,49.680064],[-117.146147,49.68078],[-117.148054,49.683989],[-117.150915,49.685291],[-117.151403,49.686333],[-117.15303,49.687518],[-117.154439,49.69061],[-117.156514,49.693377],[-117.158273,49.69727],[-117.158595,49.70227],[-117.157571,49.703199],[-117.156541,49.705808],[-117.155515,49.706043],[-117.154643,49.70689],[-117.153279,49.709987],[-117.153728,49.71173],[-117.153147,49.712117],[-117.152514,49.713459],[-117.152507,49.715914],[-117.151913,49.716554],[-117.15254,49.717219],[-117.15259,49.719772],[-117.154536,49.721299],[-117.157046,49.724739],[-117.160186,49.726517],[-117.162519,49.726911],[-117.162186,49.727613],[-117.162925,49.728259],[-117.162969,49.728808],[-117.165305,49.730225],[-117.167186,49.732875],[-117.168981,49.734195],[-117.170003,49.736802],[-117.169214,49.737424],[-117.16901,49.738287],[-117.171383,49.742152],[-117.171792,49.744121],[-117.174528,49.747367],[-117.180485,49.752556],[-117.184274,49.75646],[-117.191494,49.754161],[-117.194065,49.749073],[-117.19251,49.744436],[-117.192742,49.74375],[-117.193818,49.7405],[-117.197339,49.722318],[-117.194778,49.711465],[-117.192548,49.705189],[-117.192352,49.702174],[-117.190676,49.698021],[-117.198081,49.697311],[-117.20612,49.700705],[-117.210815,49.700901],[-117.216326,49.696099],[-117.231522,49.699177],[-117.237823,49.691687],[-117.245849,49.68998],[-117.255503,49.684533],[-117.258183,49.68506]]]},"properties":{"id":"59030233","boundaryCode":"59030233","boundaryName":"DA 59030233","boundarySource":"census","boundaryLevel":"bcDaSimplified","boundaryDetail":"medium","DAUID":"59030233","DGUID":"2021S051259030233","PRUID":"59","CDUID":"5903","CDNAME":"Central Kootenay","CDTYPE":"RD","CSDUID":"5903043","CSDNAME":"Central Kootenay F","CSDTYPE":"RDA","CTUID":null,"CTNAME":null,"parentCdId":"5903","parentCdName":"Central Kootenay","parentCsdId":"5903043","parentCsdName":"Central Kootenay F","parentCtId":null,"parentCtName":null,"LANDAREA":93.03970000000001,"areaKm2":96.48240141359241},"id":50087},{"type":"Feature","geometry":{"type":"Polygon","coordinates":[[[-117.220179,49.568864],[-117.218451,49.569523],[-117.215221,49.572804],[-117.20427,49.578109],[-117.206473,49.585475],[-117.20795,49.585165],[-117.212735,49.582964],[-117.214365,49.581235],[-117.216757,49.580659],[-117.218807,49.579402],[-117.222471,49.57886],[-117.227626,49.574401],[-117.230149,49.571646],[-117.231086,49.571369],[-117.235356,49.571248],[-117.236128,49.570327],[-117.236643,49.568804],[-117.229901,49.568577],[-117.220179,49.568864]]]},"properties":{"id":"59030234","boundaryCode":"59030234","boundaryName":"DA 59030234","boundarySource":"census","boundaryLevel":"bcDaSimplified","boundaryDetail":"medium","DAUID":"59030234","DGUID":"2021S051259030234","PRUID":"59","CDUID":"5903","CDNAME":"Central Kootenay","CDTYPE":"RD","CSDUID":"5903043","CSDNAME":"Central Kootenay F","CSDTYPE":"RDA","CTUID":null,"CTNAME":null,"parentCdId":"5903","parentCdName":"Central Kootenay","parentCsdId":"5903043","parentCsdName":"Central Kootenay F","parentCtId":null,"parentCtName":null,"LANDAREA":0.5849,"areaKm2":1.795350081640361},"id":50088},{"type":"Feature","geometry":{"type":"Polygon","coordinates":[[[-117.236128,49.570327],[-117.235356,49.571248],[-117.231086,49.571369],[-117.230149,49.571646],[-117.227626,49.574401],[-117.222471,49.57886],[-117.218807,49.579402],[-117.216757,49.580659],[-117.214365,49.581235],[-117.212735,49.582964],[-117.20795,49.585165],[-117.206473,49.585475],[-117.206741,49.587793],[-117.2212,49.588065],[-117.22991,49.587812],[-117.230845,49.585636],[-117.237663,49.585439],[-117.237419,49.584263],[-117.234781,49.583036],[-117.233935,49.581828],[-117.235053,49.577328],[-117.236814,49.574951],[-117.236904,49.570633],[-117.236128,49.570327]]]},"properties":{"id":"59030235","boundaryCode":"59030235","boundaryName":"DA 59030235","boundarySource":"census","boundaryLevel":"bcDaSimplified","boundaryDetail":"medium","DAUID":"59030235","DGUID":"2021S051259030235","PRUID":"59","CDUID":"5903","CDNAME":"Central Kootenay","CDTYPE":"RD","CSDUID":"5903043","CSDNAME":"Central Kootenay F","CSDTYPE":"RDA","CTUID":null,"CTNAME":null,"parentCdId":"5903","parentCdName":"Central Kootenay","parentCsdId":"5903043","parentCsdName":"Central Kootenay F","parentCtId":null,"parentCtName":null,"LANDAREA":2.2011000000000003,"areaKm2":2.1987436568513785},"id":50089},{"type":"Feature","geometry":{"type":"Polygon","coordinates":[[[-116.693269,49.870066],[-116.784644,49.87009],[-116.819536,49.870713],[-116.831855,49.869296],[-116.852631,49.868958],[-116.85646,49.869217],[-116.856485,49.870099],[-116.857267,49.869182],[-116.857782,49.869156],[-116.861036,49.86988],[-116.862129,49.870754],[-116.870479,49.869749],[-116.87053,49.86934],[-116.885321,49.869334],[-116.880995,49.810078],[-116.879057,49.802014],[-116.880335,49.791899],[-116.882494,49.784139],[-116.885633,49.73396],[-116.85483,49.733923],[-116.855259,49.731546],[-116.853214,49.729701],[-116.853396,49.728687],[-116.852505,49.726832],[-116.852766,49.722013],[-116.854275,49.720965],[-116.856582,49.715446],[-116.857791,49.714292],[-116.858711,49.711812],[-116.858346,49.71018],[-116.858734,49.707524],[-116.860399,49.704666],[-116.860801,49.704406],[-116.862091,49.704415],[-116.862615,49.704082],[-116.863708,49.701277],[-116.86686,49.698003],[-116.868005,49.693508],[-116.866997,49.691255],[-116.865468,49.690229],[-116.866808,49.68928],[-116.867498,49.68728],[-116.867443,49.685933],[-116.866661,49.684688],[-116.864893,49.684407],[-116.863081,49.686502],[-116.862441,49.686491],[-116.860041,49.684742],[-116.859146,49.684925],[-116.857642,49.686123],[-116.856785,49.686253],[-116.853716,49.68559],[-116.849562,49.683509],[-116.847926,49.683125],[-116.846953,49.683126],[-116.844557,49.683871],[-116.837724,49.683534],[-116.833719,49.680505],[-116.833027,49.680489],[-116.830181,49.681799],[-116.825191,49.681706],[-116.824852,49.682999],[-116.822802,49.684131],[-116.8223,49.686121],[-116.820106,49.687817],[-116.818329,49.688677],[-116.814722,49.689582],[-116.814019,49.694036],[-116.805576,49.698177],[-116.803888,49.69822],[-116.803855,49.696948],[-116.800983,49.697533],[-116.797937,49.699321],[-116.797068,49.700639],[-116.794476,49.701788],[-116.794266,49.697803],[-116.799754,49.692764],[-116.801091,49.691166],[-116.803301,49.687193],[-116.803943,49.683313],[-116.80615,49.677176],[-116.806798,49.673176],[-116.809618,49.66627],[-116.809668,49.664365],[-116.807479,49.663126],[-116.805326,49.661143],[-116.804954,49.659069],[-116.803267,49.655828],[-116.802898,49.653948],[-116.800704,49.650908],[-116.799552,49.649936],[-116.799687,49.648505],[-116.796839,49.645853],[-116.796582,49.644684],[-116.792408,49.641962],[-116.791552,49.640316],[-116.790067,49.639083],[-116.788865,49.638657],[-116.787476,49.637306],[-116.787248,49.637677],[-116.786641,49.636428],[-116.78523,49.634978],[-116.785965,49.634051],[-116.785563,49.632738],[-116.784375,49.632886],[-116.783579,49.632357],[-116.783017,49.630711],[-116.780863,49.629424],[-116.777232,49.626143],[-116.774487,49.624622],[-116.77649,49.622594],[-116.767726,49.623785],[-116.765797,49.624582],[-116.756474,49.625507],[-116.753858,49.625466],[-116.75008,49.624918],[-116.736899,49.624844],[-116.735448,49.624373],[-116.734312,49.624442],[-116.730857,49.623355],[-116.728118,49.62297],[-116.726014,49.622831],[-116.724669,49.623223],[-116.722855,49.623201],[-116.71791,49.621156],[-116.717125,49.620435],[-116.713011,49.618509],[-116.710896,49.617928],[-116.71014,49.617089],[-116.709764,49.617403],[-116.712478,49.619614],[-116.712076,49.619976],[-116.709126,49.618146],[-116.706459,49.617281],[-116.695721,49.61491],[-116.693769,49.61478],[-116.690639,49.615114],[-116.689626,49.614551],[-116.688409,49.614587],[-116.687347,49.613964],[-116.688804,49.613346],[-116.687601,49.613242],[-116.686497,49.612394],[-116.683912,49.611386],[-116.680966,49.61126],[-116.677936,49.612074],[-116.67447,49.611304],[-116.672932,49.611238],[-116.671072,49.611705],[-116.669824,49.611706],[-116.666331,49.612838],[-116.662704,49.613198],[-116.66023,49.615696],[-116.658333,49.615729],[-116.654134,49.616532],[-116.650293,49.616377],[-116.645376,49.619768],[-116.648309,49.630759],[-116.670717,49.629635],[-116.677585,49.633354],[-116.675405,49.648301],[-116.657342,49.667821],[-116.628814,49.683879],[-116.594588,49.694754],[-116.590591,49.699379],[-116.607647,49.715785],[-116.590936,49.724897],[-116.597462,49.732632],[-116.611152,49.745258],[-116.623858,49.763901],[-116.62439,49.776916],[-116.634603,49.777659],[-116.639476,49.785145],[-116.658474,49.781668],[-116.669227,49.792858],[-116.685055,49.811815],[-116.673607,49.816852],[-116.683894,49.824603],[-116.69097,49.842771],[-116.684767,49.860675],[-116.693269,49.870066]]]},"properties":{"id":"59030237","boundaryCode":"59030237","boundaryName":"DA 59030237","boundarySource":"census","boundaryLevel":"bcDaSimplified","boundaryDetail":"medium","DAUID":"59030237","DGUID":"2021S051259030237","PRUID":"59","CDUID":"5903","CDNAME":"Central Kootenay","CDTYPE":"RD","CSDUID":"5903010","CSDNAME":"Central Kootenay A","CSDTYPE":"RDA","CTUID":null,"CTNAME":null,"parentCdId":"5903","parentCdName":"Central Kootenay","parentCsdId":"5903010","parentCsdName":"Central Kootenay A","parentCtId":null,"parentCtName":null,"LANDAREA":385.8892,"areaKm2":417.10490976021106},"id":50090},{"type":"Feature","geometry":{"type":"Polygon","coordinates":[[[-116.796561,50.729309],[-116.800257,50.729918],[-116.802468,50.729513],[-116.80476,50.728691],[-116.80785,50.726928],[-116.809575,50.726592],[-116.813621,50.729049],[-116.815002,50.731636],[-116.816325,50.732878],[-116.820613,50.735157],[-116.820973,50.736141],[-116.816204,50.742507],[-116.817736,50.743382],[-116.819139,50.743639],[-116.823101,50.748046],[-116.826597,50.748946],[-116.829674,50.749333],[-116.829518,50.752439],[-116.827926,50.754418],[-116.828208,50.75891],[-116.832108,50.760716],[-116.837025,50.761459],[-116.847088,50.760496],[-116.861096,50.756692],[-116.8719,50.760893],[-116.880289,50.770152],[-116.888837,50.769342],[-116.889683,50.768482],[-116.891716,50.771113],[-116.892898,50.771028],[-116.893834,50.7703],[-116.897817,50.769363],[-116.906539,50.771928],[-116.9096,50.771743],[-116.91377,50.770416],[-116.91617,50.770575],[-116.918401,50.77157],[-116.920187,50.773532],[-116.921462,50.773591],[-116.921854,50.779087],[-116.922318,50.779814],[-116.923863,50.780566],[-116.924893,50.78052],[-116.925743,50.78171],[-116.928584,50.784072],[-116.927639,50.786923],[-116.929885,50.789046],[-116.929753,50.791909],[-116.931127,50.792395],[-116.932958,50.795957],[-116.932597,50.796788],[-116.933985,50.797157],[-116.935415,50.798421],[-116.94107,50.799644],[-116.942554,50.799479],[-116.944677,50.800164],[-116.947035,50.801352],[-116.94733,50.801953],[-116.950084,50.802245],[-116.95114,50.801966],[-116.954104,50.802994],[-116.955183,50.804124],[-116.955342,50.804931],[-116.954933,50.805548],[-116.958562,50.808579],[-116.963489,50.809768],[-116.964272,50.810297],[-116.969725,50.809705],[-116.971101,50.81019],[-116.980693,50.810655],[-116.985131,50.809056],[-116.98696,50.808742],[-116.989658,50.809218],[-116.99322,50.810483],[-116.997482,50.812696],[-116.999462,50.812342],[-117.003604,50.813681],[-117.008263,50.815958],[-117.010678,50.817782],[-117.012176,50.819423],[-117.015573,50.819883],[-117.019471,50.819077],[-117.027059,50.81514],[-117.032136,50.815324],[-117.038128,50.81501],[-117.040917,50.820046],[-117.040584,50.821889],[-117.04502,50.82547],[-117.048383,50.827382],[-117.050444,50.829894],[-117.049802,50.83029],[-117.049729,50.832121],[-117.045843,50.835413],[-117.046067,50.836317],[-117.048003,50.838635],[-117.046846,50.846839],[-117.045864,50.847268],[-117.046088,50.848171],[-117.044948,50.848359],[-117.041117,50.855203],[-117.041543,50.856421],[-117.043771,50.858776],[-117.04472,50.858468],[-117.045746,50.858819],[-117.046212,50.858186],[-117.06467,50.853235],[-117.075895,50.855499],[-117.076698,50.857438],[-117.078986,50.859607],[-117.082333,50.861212],[-117.083964,50.864574],[-117.083622,50.865571],[-117.07935,50.86993],[-117.075934,50.879073],[-117.075961,50.882861],[-117.071548,50.88618],[-117.070062,50.889432],[-117.069781,50.891772],[-117.072039,50.893893],[-117.075197,50.895889],[-117.076007,50.898393],[-117.071151,50.898713],[-117.06514,50.903869],[-117.067409,50.906837],[-117.065888,50.908513],[-117.063873,50.909158],[-117.063419,50.909845],[-117.065809,50.91397],[-117.065005,50.916335],[-117.067533,50.917082],[-117.068936,50.918014],[-117.068975,50.920156],[-117.063329,50.926291],[-117.059054,50.928864],[-117.059961,50.929303],[-117.057021,50.932401],[-117.056724,50.93333],[-117.053275,50.935372],[-117.05393,50.936389],[-117.048289,50.940878],[-117.048514,50.94484],[-117.043534,50.947031],[-117.042384,50.946937],[-117.041123,50.947496],[-117.039178,50.950048],[-117.038073,50.954869],[-117.033286,50.955847],[-117.033124,50.958098],[-117.035918,50.959117],[-117.037814,50.960837],[-117.046843,50.963624],[-117.049811,50.966012],[-117.056573,50.965755],[-117.05866,50.965146],[-117.064758,50.968237],[-117.064989,50.969705],[-117.066592,50.971774],[-117.068182,50.971354],[-117.070315,50.970279],[-117.071692,50.970482],[-117.07945,50.970384],[-117.083114,50.969471],[-117.083678,50.968981],[-117.084979,50.969203],[-117.088603,50.969037],[-117.095202,50.970975],[-117.105941,50.967987],[-117.108857,50.967554],[-117.111906,50.969921],[-117.111459,50.971172],[-117.110067,50.97222],[-117.110697,50.97347],[-117.111524,50.973647],[-117.113198,50.975131],[-117.116166,50.976272],[-117.117353,50.976184],[-117.119323,50.977023],[-117.122375,50.977744],[-117.125394,50.977738],[-117.126119,50.977091],[-117.128155,50.976807],[-117.131799,50.976804],[-117.132547,50.975925],[-117.136398,50.974222],[-117.140148,50.97317],[-117.143506,50.972732],[-117.147145,50.973808],[-117.153242,50.974968],[-117.155244,50.975854],[-117.156772,50.97766],[-117.160885,50.981246],[-117.162092,50.981322],[-117.162236,50.986386],[-117.165363,50.991623],[-117.16525,50.993523],[-117.164656,50.994134],[-117.158414,50.994708],[-117.156488,50.996182],[-117.155381,50.996021],[-117.153872,50.99744],[-117.154483,50.998384],[-117.149696,51.001011],[-117.147599,51.000998],[-117.145387,51.003001],[-117.138975,51.005092],[-117.138073,51.005784],[-117.137079,51.008825],[-117.133877,51.013044],[-117.131432,51.015107],[-117.130144,51.018111],[-117.130999,51.022476],[-117.132764,51.022859],[-117.13587,51.026686],[-117.137898,51.02802],[-117.143294,51.027156],[-117.147518,51.025071],[-117.163842,51.026329],[-117.165254,51.028506],[-117.160285,51.036511],[-117.162389,51.040858],[-117.162682,51.044352],[-117.172542,51.045254],[-117.178474,51.048395],[-117.185519,51.05289],[-117.190777,51.054836],[-117.197407,51.05525],[-117.198762,51.055057],[-117.201063,51.058622],[-117.199652,51.061147],[-117.199026,51.063567],[-117.203775,51.065941],[-117.206917,51.065692],[-117.210688,51.06607],[-117.211367,51.065788],[-117.216566,51.062435],[-117.224362,51.059264],[-117.237197,51.057277],[-117.264056,51.054306],[-117.27127,51.054175],[-117.279145,51.05513],[-117.304327,51.05133],[-117.315067,51.037741],[-117.317754,51.037519],[-117.319194,51.036643],[-117.324397,51.035505],[-117.327281,51.035568],[-117.329395,51.038022],[-117.330834,51.038193],[-117.340815,51.036335],[-117.342742,51.036621],[-117.344785,51.038171],[-117.346078,51.038134],[-117.347515,51.038888],[-117.346414,51.034012],[-117.348746,51.032658],[-117.355634,51.024766],[-117.358925,51.022243],[-117.372277,51.01663],[-117.373222,51.012722],[-117.383178,51.006399],[-117.390211,50.999803],[-117.387984,50.996563],[-117.387344,50.993792],[-117.387802,50.99086],[-117.394635,50.987261],[-117.39863,50.985955],[-117.398878,50.98473],[-117.398475,50.982742],[-117.401427,50.980038],[-117.40182,50.978819],[-117.399617,50.976466],[-117.39935,50.974575],[-117.396963,50.968176],[-117.396455,50.9654],[-117.397817,50.961202],[-117.400335,50.960747],[-117.404695,50.961014],[-117.40891,50.960394],[-117.411487,50.959353],[-117.416761,50.955605],[-117.417981,50.955067],[-117.419677,50.954902],[-117.423233,50.952463],[-117.424941,50.95265],[-117.429042,50.95035],[-117.429905,50.948273],[-117.431136,50.948088],[-117.436451,50.948599],[-117.437792,50.948242],[-117.438636,50.94681],[-117.439019,50.94486],[-117.43826,50.936676],[-117.440997,50.934372],[-117.437458,50.93297],[-117.434211,50.930492],[-117.431327,50.926205],[-117.424521,50.92397],[-117.420991,50.92392],[-117.41893,50.924545],[-117.417777,50.923251],[-117.416407,50.9192],[-117.4171,50.916875],[-117.416941,50.913283],[-117.417615,50.909253],[-117.421554,50.906057],[-117.426128,50.903973],[-117.428608,50.903805],[-117.431284,50.905439],[-117.432518,50.903753],[-117.444944,50.90027],[-117.447569,50.900989],[-117.453857,50.899191],[-117.459141,50.899338],[-117.467302,50.902418],[-117.474747,50.896564],[-117.475415,50.892533],[-117.48825,50.886402],[-117.49053,50.884432],[-117.490657,50.883115],[-117.490199,50.881193],[-117.487523,50.879467],[-117.485182,50.879172],[-117.482028,50.877669],[-117.480113,50.872481],[-117.478401,50.871445],[-117.474911,50.870232],[-117.472632,50.866726],[-117.469704,50.866221],[-117.469502,50.863048],[-117.471213,50.861312],[-117.470452,50.859971],[-117.468228,50.858342],[-117.465738,50.854641],[-117.460319,50.849699],[-117.45981,50.846557],[-117.458756,50.84554],[-117.457921,50.84069],[-117.458246,50.840134],[-117.456771,50.839101],[-117.456191,50.837565],[-117.455179,50.832634],[-117.455418,50.831034],[-117.45484,50.830539],[-117.453278,50.830049],[-117.453636,50.829091],[-117.461292,50.821238],[-117.464133,50.817764],[-117.465185,50.812633],[-117.466808,50.811198],[-117.465443,50.809],[-117.462601,50.805775],[-117.461165,50.804809],[-117.458763,50.800396],[-117.455363,50.797678],[-117.449104,50.79648],[-117.445477,50.796103],[-117.439073,50.797117],[-117.435484,50.7973],[-117.432701,50.796839],[-117.433103,50.795092],[-117.431403,50.792557],[-117.430894,50.784927],[-117.429111,50.782771],[-117.422582,50.781752],[-117.419669,50.783107],[-117.412667,50.781715],[-117.405671,50.779324],[-117.400864,50.776593],[-117.398223,50.767616],[-117.396408,50.7644],[-117.394169,50.761726],[-117.391327,50.759998],[-117.390248,50.758721],[-117.390254,50.755372],[-117.390841,50.752223],[-117.389982,50.750602],[-117.387387,50.748737],[-117.38229,50.74758],[-117.382013,50.746159],[-117.385536,50.737661],[-117.387138,50.735022],[-117.392298,50.722095],[-117.393744,50.720566],[-117.394403,50.719035],[-117.398151,50.718097],[-117.401484,50.718552],[-117.40187,50.717451],[-117.401117,50.716158],[-117.397322,50.713335],[-117.397766,50.711399],[-117.392898,50.70915],[-117.381839,50.708213],[-117.376127,50.706546],[-117.374431,50.704511],[-117.370841,50.701988],[-117.366952,50.708091],[-117.360741,50.712398],[-117.36008,50.713929],[-117.361216,50.716471],[-117.356379,50.71998],[-117.353349,50.720902],[-117.347853,50.721241],[-117.343909,50.720877],[-117.341067,50.721997],[-117.33796,50.722049],[-117.32312,50.724185],[-117.322146,50.725586],[-117.320631,50.726847],[-117.31688,50.727783],[-117.314075,50.729213],[-117.310616,50.732775],[-117.308754,50.738401],[-117.306434,50.736603],[-117.303877,50.733943],[-117.301384,50.733402],[-117.298925,50.733919],[-117.294773,50.735602],[-117.290388,50.735924],[-117.287598,50.736957],[-117.284772,50.73743],[-117.283331,50.739311],[-117.279331,50.740632],[-117.275867,50.744193],[-117.273557,50.744599],[-117.266247,50.744066],[-117.261507,50.746047],[-117.255128,50.744552],[-117.252097,50.742018],[-117.254033,50.738014],[-117.254777,50.735253],[-117.253775,50.73054],[-117.255427,50.729315],[-117.258407,50.728233],[-117.260472,50.724762],[-117.264112,50.722649],[-117.266428,50.719894],[-117.265299,50.718702],[-117.26526,50.715439],[-117.263146,50.712092],[-117.263835,50.707816],[-117.263439,50.692553],[-117.265394,50.690606],[-117.267482,50.687342],[-117.270478,50.685614],[-117.269057,50.682295],[-117.268027,50.674424],[-117.269282,50.673448],[-117.275923,50.671311],[-117.273706,50.670838],[-117.271275,50.66836],[-117.269081,50.666742],[-117.26425,50.664694],[-117.262597,50.663217],[-117.260447,50.659809],[-117.254333,50.654477],[-117.250611,50.654265],[-117.247534,50.65317],[-117.240642,50.653239],[-117.234849,50.652942],[-117.232725,50.651341],[-117.231644,50.64971],[-117.229803,50.648283],[-117.229167,50.646818],[-117.229872,50.645349],[-117.229116,50.643702],[-117.229215,50.641826],[-117.230817,50.635636],[-117.229605,50.63212],[-117.240363,50.624898],[-117.243446,50.623645],[-117.243839,50.623105],[-117.267847,50.613574],[-117.268914,50.609769],[-117.273406,50.602769],[-117.273382,50.597808],[-117.280971,50.592048],[-117.296697,50.58431],[-117.306813,50.577454],[-117.307061,50.572419],[-117.300655,50.56814],[-117.292393,50.564983],[-117.285804,50.562064],[-117.279841,50.556124],[-117.270788,50.553028],[-117.258837,50.544345],[-117.256977,50.538373],[-117.24505,50.535087],[-117.2407,50.524049],[-117.24386,50.519477],[-117.262235,50.513983],[-117.271029,50.513679],[-117.274864,50.51278],[-117.276653,50.511803],[-117.275953,50.510421],[-117.276281,50.509287],[-117.270997,50.508396],[-117.268932,50.507865],[-117.267289,50.507053],[-117.261866,50.502243],[-117.261404,50.500201],[-117.261676,50.498642],[-117.26128,50.49794],[-117.258434,50.496793],[-117.25616,50.494403],[-117.243362,50.486553],[-117.235593,50.483434],[-117.227962,50.482749],[-117.221324,50.482914],[-117.219268,50.482529],[-117.217456,50.481701],[-117.205087,50.470856],[-117.200773,50.468027],[-117.199339,50.465404],[-117.197187,50.463111],[-117.195762,50.458478],[-117.190382,50.454038],[-117.17498,50.446356],[-117.169229,50.444207],[-117.161764,50.442228],[-117.158273,50.440672],[-117.150707,50.433446],[-117.147267,50.423516],[-117.146729,50.423056],[-117.144334,50.422611],[-117.124823,50.415967],[-117.119707,50.41511],[-117.114138,50.409772],[-117.114336,50.407112],[-117.114033,50.406621],[-117.108619,50.403386],[-117.106073,50.400119],[-117.104707,50.399679],[-117.09641,50.398968],[-117.094326,50.398484],[-117.092086,50.396723],[-117.090591,50.394835],[-117.08652,50.392176],[-117.086206,50.39],[-117.085136,50.38903],[-117.081299,50.387555],[-117.079396,50.388087],[-117.077831,50.387878],[-117.072539,50.384792],[-117.067705,50.379178],[-117.051288,50.370079],[-117.049629,50.368273],[-117.042042,50.361755],[-117.034603,50.355755],[-117.031237,50.354313],[-117.027623,50.35126],[-117.025414,50.350649],[-117.021234,50.347863],[-117.018908,50.345936],[-117.018707,50.343465],[-117.017813,50.342509],[-117.013451,50.340777],[-116.999884,50.3373],[-116.997884,50.336303],[-116.990839,50.329172],[-116.988362,50.325209],[-116.981353,50.317309],[-116.980524,50.314783],[-116.978011,50.311427],[-116.970369,50.303507],[-116.964409,50.292671],[-116.965674,50.285413],[-116.964792,50.276588],[-116.966433,50.27453],[-116.968432,50.273548],[-116.970204,50.268868],[-116.969425,50.264581],[-116.969517,50.262568],[-116.965813,50.25363],[-116.965694,50.252175],[-116.963624,50.248814],[-116.96427,50.243824],[-116.964971,50.243054],[-116.985633,50.230425],[-116.986197,50.229584],[-116.986148,50.22857],[-116.981812,50.223851],[-116.976467,50.211261],[-116.961721,50.200519],[-116.960887,50.199048],[-116.957867,50.199596],[-116.95728,50.198989],[-116.95465,50.197666],[-116.953683,50.196108],[-116.960153,50.195931],[-116.960782,50.194628],[-116.963281,50.192844],[-116.963838,50.192071],[-116.964735,50.187306],[-116.965777,50.184283],[-116.964291,50.181039],[-116.962575,50.179221],[-116.96164,50.177119],[-116.958011,50.171845],[-116.958303,50.168443],[-116.95744,50.165453],[-116.956393,50.163668],[-116.960087,50.155308],[-116.958977,50.149934],[-116.959294,50.148076],[-116.957376,50.146263],[-116.956149,50.145839],[-116.954581,50.145729],[-116.95462,50.144594],[-116.953263,50.144859],[-116.953766,50.146033],[-116.951379,50.146446],[-116.950378,50.144123],[-116.9518,50.144331],[-116.953072,50.143578],[-116.954929,50.143284],[-116.955185,50.141772],[-116.954139,50.137903],[-116.950551,50.130443],[-116.950461,50.127825],[-116.949274,50.123418],[-116.947548,50.120004],[-116.946131,50.114281],[-116.943707,50.111176],[-116.942485,50.106892],[-116.939039,50.1014],[-116.938158,50.098818],[-116.935883,50.095669],[-116.935996,50.0945],[-116.934743,50.091082],[-116.932425,50.088796],[-116.930585,50.085377],[-116.92856,50.084072],[-116.92866,50.082336],[-116.924459,50.078511],[-116.92235,50.077664],[-116.920551,50.075756],[-116.918836,50.073129],[-116.916492,50.070969],[-116.915644,50.068477],[-116.91432,50.066569],[-116.913285,50.059556],[-116.91306,50.052618],[-116.912296,50.049875],[-116.912344,50.046979],[-116.911899,50.045692],[-116.914199,50.040495],[-116.913657,50.038849],[-116.910426,50.034008],[-116.908271,50.031587],[-116.906913,50.028624],[-116.9067,50.026258],[-116.907191,50.024817],[-116.906256,50.023283],[-116.907197,50.021499],[-116.904647,50.018534],[-116.904617,50.017861],[-116.904587,50.01447],[-116.905185,50.013536],[-116.905995,50.009079],[-116.906744,50.007478],[-116.905549,50.005159],[-116.905256,50.003485],[-116.904136,50.002453],[-116.904411,50.001442],[-116.905993,49.999385],[-116.905517,49.993249],[-116.905907,49.992025],[-116.907783,49.9908],[-116.907356,49.985579],[-116.910722,49.979684],[-116.909665,49.978082],[-116.908307,49.973575],[-116.907732,49.968115],[-116.906244,49.966054],[-116.906186,49.961097],[-116.905236,49.95816],[-116.906236,49.956026],[-116.906417,49.953739],[-116.90568,49.951085],[-116.906019,49.948197],[-116.904995,49.943363],[-116.900991,49.939357],[-116.899948,49.934742],[-116.898468,49.93261],[-116.897762,49.92834],[-116.898246,49.927093],[-116.900348,49.926643],[-116.901772,49.925714],[-116.903185,49.923869],[-116.903558,49.921969],[-116.905956,49.921666],[-116.906516,49.920869],[-116.906523,49.919261],[-116.90561,49.919374],[-116.90559,49.919105],[-116.905016,49.919009],[-116.90427,49.917058],[-116.903819,49.913329],[-116.898192,49.911674],[-116.896713,49.908874],[-116.896969,49.906592],[-116.897601,49.905527],[-116.90181,49.902659],[-116.901981,49.901311],[-116.893006,49.902696],[-116.89217,49.901473],[-116.88635,49.901475],[-116.885321,49.869334],[-116.87053,49.86934],[-116.870479,49.869749],[-116.862129,49.870754],[-116.861036,49.86988],[-116.857782,49.869156],[-116.857267,49.869182],[-116.856485,49.870099],[-116.85646,49.869217],[-116.852631,49.868958],[-116.831855,49.869296],[-116.819536,49.870713],[-116.784644,49.87009],[-116.693269,49.870066],[-116.697183,49.874532],[-116.676753,49.882297],[-116.645649,49.8826],[-116.622557,49.897267],[-116.620775,49.90998],[-116.59981,49.925301],[-116.584823,49.929689],[-116.583913,49.948846],[-116.578846,49.954631],[-116.565581,49.952988],[-116.546234,49.962075],[-116.510154,49.985001],[-116.497446,49.98097],[-116.498498,49.97779],[-116.471895,49.966244],[-116.45127,49.965619],[-116.443129,49.979293],[-116.442087,49.987766],[-116.465834,50.001437],[-116.469157,50.013535],[-116.466747,50.020451],[-116.47145,50.037917],[-116.483,50.04678],[-116.498273,50.056187],[-116.495182,50.093797],[-116.482617,50.1069],[-116.480125,50.114705],[-116.467333,50.115162],[-116.459182,50.117795],[-116.45215,50.12422],[-116.449933,50.133464],[-116.452475,50.142258],[-116.453624,50.155015],[-116.458544,50.157301],[-116.46406,50.155797],[-116.475641,50.159477],[-116.481357,50.167728],[-116.482516,50.167867],[-116.488855,50.173532],[-116.487981,50.181693],[-116.490532,50.190898],[-116.500347,50.197913],[-116.525722,50.204315],[-116.547495,50.205645],[-116.556824,50.212883],[-116.556655,50.222606],[-116.554293,50.236364],[-116.549827,50.248723],[-116.549475,50.264689],[-116.55497,50.283494],[-116.545056,50.300875],[-116.541861,50.311363],[-116.540809,50.319006],[-116.559443,50.317683],[-116.578557,50.310895],[-116.590889,50.308423],[-116.602126,50.311065],[-116.608862,50.314125],[-116.6182,50.317519],[-116.615423,50.323077],[-116.623002,50.327441],[-116.622024,50.33456],[-116.624884,50.338385],[-116.622806,50.34503],[-116.613815,50.350185],[-116.62628,50.365216],[-116.63507,50.378544],[-116.631573,50.390394],[-116.637403,50.395729],[-116.644582,50.412407],[-116.652337,50.420231],[-116.670827,50.426624],[-116.683241,50.430485],[-116.691333,50.443111],[-116.703702,50.453088],[-116.722448,50.461516],[-116.704945,50.479597],[-116.689209,50.492376],[-116.699202,50.518503],[-116.672872,50.531],[-116.662252,50.554895],[-116.659544,50.563744],[-116.667419,50.568552],[-116.66412,50.579592],[-116.654146,50.59861],[-116.631356,50.597435],[-116.621855,50.614414],[-116.614404,50.630857],[-116.603442,50.625062],[-116.601449,50.620746],[-116.594133,50.619344],[-116.578677,50.634559],[-116.579628,50.647282],[-116.60229,50.653336],[-116.607634,50.668557],[-116.625443,50.665727],[-116.652832,50.670842],[-116.655679,50.682217],[-116.667012,50.681488],[-116.678085,50.672132],[-116.699217,50.670821],[-116.727324,50.674514],[-116.744373,50.6781],[-116.749961,50.693185],[-116.768966,50.702085],[-116.780411,50.699017],[-116.795267,50.712556],[-116.788582,50.721612],[-116.796561,50.729309]]]},"properties":{"id":"59030238","boundaryCode":"59030238","boundaryName":"DA 59030238","boundarySource":"census","boundaryLevel":"bcDaSimplified","boundaryDetail":"medium","DAUID":"59030238","DGUID":"2021S051259030238","PRUID":"59","CDUID":"5903","CDNAME":"Central Kootenay","CDTYPE":"RD","CSDUID":"5903039","CSDNAME":"Central Kootenay D","CSDTYPE":"RDA","CTUID":null,"CTNAME":null,"parentCdId":"5903","parentCdName":"Central Kootenay","parentCsdId":"5903039","parentCsdName":"Central Kootenay D","parentCtId":null,"parentCtName":null,"LANDAREA":3982.3131000000003,"areaKm2":4145.626713827265},"id":50091},{"type":"Feature","geometry":{"type":"Polygon","coordinates":[[[-116.906523,49.919261],[-116.910105,49.918917],[-116.911463,49.917017],[-116.912781,49.916266],[-116.915822,49.911541],[-116.909594,49.909862],[-116.907801,49.910265],[-116.908567,49.909419],[-116.906379,49.908516],[-116.908908,49.908645],[-116.907949,49.90776],[-116.907115,49.907977],[-116.907132,49.906932],[-116.910008,49.902558],[-116.908709,49.901455],[-116.907969,49.900107],[-116.907008,49.900843],[-116.901981,49.901311],[-116.90181,49.902659],[-116.897601,49.905527],[-116.896969,49.906592],[-116.896713,49.908874],[-116.898192,49.911674],[-116.903819,49.913329],[-116.90427,49.917058],[-116.905016,49.919009],[-116.90559,49.919105],[-116.90561,49.919374],[-116.906523,49.919261]]]},"properties":{"id":"59030239","boundaryCode":"59030239","boundaryName":"DA 59030239","boundarySource":"census","boundaryLevel":"bcDaSimplified","boundaryDetail":"medium","DAUID":"59030239","DGUID":"2021S051259030239","PRUID":"59","CDUID":"5903","CDNAME":"Central Kootenay","CDTYPE":"RD","CSDUID":"5903023","CSDNAME":"Kaslo","CSDTYPE":"VL","CTUID":null,"CTNAME":null,"parentCdId":"5903","parentCdName":"Central Kootenay","parentCsdId":"5903023","parentCsdName":"Kaslo","parentCtId":null,"parentCtName":null,"LANDAREA":1.1632,"areaKm2":1.4507556145151654},"id":50092},{"type":"Feature","geometry":{"type":"Polygon","coordinates":[[[-117.399905,50.353832],[-117.393176,50.343119],[-117.360993,50.32567],[-117.362328,50.321086],[-117.368069,50.287069],[-117.368288,50.278213],[-117.362309,50.265509],[-117.34853,50.261482],[-117.339154,50.259345],[-117.317289,50.265759],[-117.311293,50.277293],[-117.303564,50.279914],[-117.290099,50.280294],[-117.279396,50.290406],[-117.256852,50.292203],[-117.235826,50.294542],[-117.23375,50.267638],[-117.240688,50.256193],[-117.221255,50.25336],[-117.226132,50.24088],[-117.235138,50.235608],[-117.259894,50.23768],[-117.265292,50.218934],[-117.275129,50.208879],[-117.24584,50.195269],[-117.219005,50.195199],[-117.201161,50.186471],[-117.209957,50.173056],[-117.226476,50.155378],[-117.22739,50.143993],[-117.236828,50.139663],[-117.232428,50.135525],[-117.227638,50.135506],[-117.20849,50.134436],[-117.16682,50.128451],[-117.164547,50.122154],[-117.168425,50.111179],[-117.173604,50.094251],[-117.19366,50.08901],[-117.190652,50.082772],[-117.206534,50.074834],[-117.209898,50.064559],[-117.213006,50.060839],[-117.213485,50.058853],[-117.213289,50.057193],[-117.211767,50.053134],[-117.211204,50.048784],[-117.208815,50.04637],[-117.206944,50.042912],[-117.205305,50.041629],[-117.20119,50.040085],[-117.204602,50.036698],[-117.204816,50.035858],[-117.204234,50.034243],[-117.200741,50.031808],[-117.197239,50.0305],[-117.189667,50.025025],[-117.188187,50.020206],[-117.188236,50.015678],[-117.186904,50.004895],[-117.185581,50.002844],[-117.178909,49.99952],[-117.183258,49.993082],[-117.164396,49.987561],[-117.143982,49.982461],[-117.132367,49.968267],[-117.129093,49.947914],[-117.13633,49.940078],[-117.13095,49.931662],[-117.110572,49.936907],[-117.093206,49.94417],[-117.090514,49.951946],[-117.080585,49.959108],[-117.072578,49.961552],[-117.066195,49.962173],[-117.059036,49.955887],[-117.038139,49.944811],[-117.032095,49.94352],[-117.014531,49.937831],[-117.003859,49.933889],[-116.989073,49.927636],[-116.985572,49.923064],[-116.984886,49.923071],[-116.98373,49.920905],[-116.976099,49.913429],[-116.971156,49.91234],[-116.968302,49.909956],[-116.966464,49.909703],[-116.964012,49.910062],[-116.962146,49.909423],[-116.961103,49.908262],[-116.959878,49.907821],[-116.950979,49.907602],[-116.946885,49.907106],[-116.944699,49.906538],[-116.942289,49.90686],[-116.939099,49.907758],[-116.933947,49.906694],[-116.932791,49.907143],[-116.931716,49.908699],[-116.929625,49.91019],[-116.928511,49.910208],[-116.92684,49.909757],[-116.923937,49.909961],[-116.922376,49.910463],[-116.920778,49.910156],[-116.920188,49.911986],[-116.920263,49.915633],[-116.920928,49.91815],[-116.913515,49.918871],[-116.910105,49.918917],[-116.906523,49.919261],[-116.906516,49.920869],[-116.905956,49.921666],[-116.903558,49.921969],[-116.903185,49.923869],[-116.901772,49.925714],[-116.900348,49.926643],[-116.898246,49.927093],[-116.897762,49.92834],[-116.898468,49.93261],[-116.899948,49.934742],[-116.900991,49.939357],[-116.904995,49.943363],[-116.906019,49.948197],[-116.90568,49.951085],[-116.906417,49.953739],[-116.906236,49.956026],[-116.905236,49.95816],[-116.906186,49.961097],[-116.906244,49.966054],[-116.907732,49.968115],[-116.908307,49.973575],[-116.909665,49.978082],[-116.910722,49.979684],[-116.907356,49.985579],[-116.907783,49.9908],[-116.905907,49.992025],[-116.905517,49.993249],[-116.905993,49.999385],[-116.904411,50.001442],[-116.904136,50.002453],[-116.905256,50.003485],[-116.905549,50.005159],[-116.906744,50.007478],[-116.905995,50.009079],[-116.905185,50.013536],[-116.904587,50.01447],[-116.904617,50.017861],[-116.904647,50.018534],[-116.907197,50.021499],[-116.906256,50.023283],[-116.907191,50.024817],[-116.9067,50.026258],[-116.906913,50.028624],[-116.908271,50.031587],[-116.910426,50.034008],[-116.913657,50.038849],[-116.914199,50.040495],[-116.911899,50.045692],[-116.912344,50.046979],[-116.912296,50.049875],[-116.91306,50.052618],[-116.913285,50.059556],[-116.91432,50.066569],[-116.915644,50.068477],[-116.916492,50.070969],[-116.918836,50.073129],[-116.920551,50.075756],[-116.92235,50.077664],[-116.924459,50.078511],[-116.92866,50.082336],[-116.92856,50.084072],[-116.930585,50.085377],[-116.932425,50.088796],[-116.934743,50.091082],[-116.935996,50.0945],[-116.935883,50.095669],[-116.938158,50.098818],[-116.939039,50.1014],[-116.942485,50.106892],[-116.943707,50.111176],[-116.946131,50.114281],[-116.947548,50.120004],[-116.949274,50.123418],[-116.950461,50.127825],[-116.950551,50.130443],[-116.954139,50.137903],[-116.955185,50.141772],[-116.954929,50.143284],[-116.953072,50.143578],[-116.9518,50.144331],[-116.950378,50.144123],[-116.951379,50.146446],[-116.953766,50.146033],[-116.953263,50.144859],[-116.95462,50.144594],[-116.954581,50.145729],[-116.956149,50.145839],[-116.957376,50.146263],[-116.959294,50.148076],[-116.958977,50.149934],[-116.960087,50.155308],[-116.956393,50.163668],[-116.95744,50.165453],[-116.958303,50.168443],[-116.958011,50.171845],[-116.96164,50.177119],[-116.962575,50.179221],[-116.964291,50.181039],[-116.965777,50.184283],[-116.964735,50.187306],[-116.963838,50.192071],[-116.963281,50.192844],[-116.960782,50.194628],[-116.960153,50.195931],[-116.953683,50.196108],[-116.95465,50.197666],[-116.95728,50.198989],[-116.957867,50.199596],[-116.960887,50.199048],[-116.961721,50.200519],[-116.976467,50.211261],[-116.981812,50.223851],[-116.986148,50.22857],[-116.986197,50.229584],[-116.985633,50.230425],[-116.964971,50.243054],[-116.96427,50.243824],[-116.963624,50.248814],[-116.965694,50.252175],[-116.965813,50.25363],[-116.969517,50.262568],[-116.969425,50.264581],[-116.970204,50.268868],[-116.968432,50.273548],[-116.966433,50.27453],[-116.964792,50.276588],[-116.965674,50.285413],[-116.964409,50.292671],[-116.970369,50.303507],[-116.978011,50.311427],[-116.980524,50.314783],[-116.981353,50.317309],[-116.988362,50.325209],[-116.990839,50.329172],[-116.997884,50.336303],[-116.999884,50.3373],[-117.013451,50.340777],[-117.017813,50.342509],[-117.018707,50.343465],[-117.018908,50.345936],[-117.021234,50.347863],[-117.025414,50.350649],[-117.027623,50.35126],[-117.031237,50.354313],[-117.034603,50.355755],[-117.042042,50.361755],[-117.049629,50.368273],[-117.051288,50.370079],[-117.067705,50.379178],[-117.072539,50.384792],[-117.077831,50.387878],[-117.079396,50.388087],[-117.081299,50.387555],[-117.085136,50.38903],[-117.086206,50.39],[-117.08652,50.392176],[-117.090591,50.394835],[-117.092086,50.396723],[-117.094326,50.398484],[-117.09641,50.398968],[-117.104707,50.399679],[-117.106073,50.400119],[-117.108619,50.403386],[-117.114033,50.406621],[-117.114336,50.407112],[-117.114138,50.409772],[-117.119707,50.41511],[-117.124823,50.415967],[-117.144334,50.422611],[-117.146729,50.423056],[-117.147267,50.423516],[-117.150707,50.433446],[-117.158273,50.440672],[-117.161764,50.442228],[-117.169229,50.444207],[-117.17498,50.446356],[-117.190382,50.454038],[-117.195762,50.458478],[-117.197187,50.463111],[-117.199339,50.465404],[-117.200773,50.468027],[-117.205087,50.470856],[-117.217456,50.481701],[-117.219268,50.482529],[-117.221324,50.482914],[-117.227962,50.482749],[-117.235593,50.483434],[-117.243362,50.486553],[-117.25616,50.494403],[-117.258434,50.496793],[-117.26128,50.49794],[-117.261676,50.498642],[-117.261404,50.500201],[-117.261866,50.502243],[-117.267289,50.507053],[-117.268932,50.507865],[-117.270997,50.508396],[-117.276281,50.509287],[-117.275953,50.510421],[-117.276653,50.511803],[-117.278106,50.511194],[-117.27973,50.509281],[-117.281058,50.506395],[-117.281375,50.504701],[-117.285043,50.502906],[-117.288881,50.50164],[-117.290196,50.500366],[-117.295723,50.497034],[-117.321213,50.487325],[-117.332144,50.484824],[-117.342741,50.483445],[-117.351695,50.483658],[-117.356141,50.485207],[-117.36596,50.486448],[-117.376047,50.486467],[-117.385746,50.485901],[-117.397384,50.484683],[-117.435912,50.484375],[-117.451046,50.493532],[-117.462956,50.492545],[-117.47329,50.494491],[-117.480558,50.491257],[-117.494367,50.488995],[-117.49893,50.485242],[-117.496764,50.477299],[-117.493776,50.475815],[-117.501622,50.469953],[-117.501629,50.46673],[-117.499754,50.457151],[-117.49557,50.450436],[-117.489071,50.448112],[-117.487723,50.445495],[-117.479476,50.440151],[-117.474873,50.436459],[-117.472613,50.436478],[-117.46702,50.434504],[-117.466362,50.431316],[-117.462483,50.428706],[-117.454154,50.425431],[-117.445332,50.424421],[-117.444125,50.423812],[-117.438205,50.423547],[-117.436144,50.422658],[-117.431159,50.422394],[-117.429308,50.421619],[-117.420186,50.421158],[-117.415971,50.422049],[-117.414568,50.425162],[-117.412617,50.424839],[-117.40628,50.420935],[-117.403013,50.419436],[-117.395867,50.419331],[-117.379653,50.411205],[-117.377179,50.408084],[-117.374425,50.407554],[-117.364913,50.406896],[-117.363115,50.405595],[-117.361491,50.399732],[-117.358965,50.396328],[-117.360371,50.393222],[-117.360218,50.391986],[-117.366058,50.388533],[-117.36928,50.382338],[-117.374611,50.380129],[-117.37441,50.37601],[-117.376588,50.372865],[-117.375127,50.369259],[-117.374501,50.368917],[-117.375549,50.366079],[-117.375409,50.362454],[-117.374766,50.359477],[-117.381388,50.356407],[-117.39438,50.355914],[-117.397675,50.354255],[-117.399905,50.353832]]]},"properties":{"id":"59030241","boundaryCode":"59030241","boundaryName":"DA 59030241","boundarySource":"census","boundaryLevel":"bcDaSimplified","boundaryDetail":"medium","DAUID":"59030241","DGUID":"2021S051259030241","PRUID":"59","CDUID":"5903","CDNAME":"Central Kootenay","CDTYPE":"RD","CSDUID":"5903039","CSDNAME":"Central Kootenay D","CSDTYPE":"RDA","CTUID":null,"CTNAME":null,"parentCdId":"5903","parentCdName":"Central Kootenay","parentCsdId":"5903039","parentCsdName":"Central Kootenay D","parentCtId":null,"parentCtName":null,"LANDAREA":1269.2250000000001,"areaKm2":1271.8972758498546},"id":50093},{"type":"Feature","geometry":{"type":"Polygon","coordinates":[[[-118.057381,49.887784],[-118.059009,49.882582],[-118.06111,49.879986],[-118.063745,49.878382],[-118.070623,49.875258],[-118.080527,49.867723],[-118.079458,49.863501],[-118.078296,49.861571],[-118.078112,49.858408],[-118.077585,49.857483],[-118.089014,49.857866],[-118.098161,49.857045],[-118.09995,49.847812],[-118.09961,49.833567],[-118.100514,49.799539],[-118.101234,49.793792],[-118.102019,49.791897],[-118.106638,49.788641],[-118.11074,49.784778],[-118.122869,49.771832],[-118.125598,49.768244],[-118.12864,49.749916],[-118.128791,49.73528],[-118.130943,49.723515],[-118.132543,49.717665],[-118.114096,49.713095],[-118.107266,49.70504],[-118.099732,49.702705],[-118.090656,49.709549],[-118.078576,49.708351],[-118.077825,49.708037],[-118.066963,49.69755],[-118.021218,49.692231],[-118.003513,49.692123],[-118.002321,49.694064],[-118.000815,49.694445],[-117.998045,49.696443],[-117.993349,49.698098],[-117.991755,49.699808],[-117.991729,49.701624],[-117.992452,49.703103],[-117.995269,49.705483],[-117.99585,49.706455],[-117.995219,49.707558],[-117.993231,49.709168],[-117.992099,49.71079],[-117.990979,49.711357],[-117.989264,49.715036],[-117.978193,49.72488],[-117.975805,49.726586],[-117.97118,49.728424],[-117.966052,49.729707],[-117.968705,49.732211],[-117.969139,49.73344],[-117.968811,49.734504],[-117.965174,49.738109],[-117.963106,49.744248],[-117.962031,49.744975],[-117.959639,49.745778],[-117.956244,49.746443],[-117.953188,49.746548],[-117.951232,49.745963],[-117.950097,49.746115],[-117.94716,49.748339],[-117.946753,49.749383],[-117.946884,49.751036],[-117.948716,49.753286],[-117.949232,49.755125],[-117.948452,49.756486],[-117.945535,49.75845],[-117.944581,49.758678],[-117.944276,49.759778],[-117.945865,49.766911],[-117.946669,49.76753],[-117.950148,49.768157],[-117.953993,49.770495],[-117.956417,49.773529],[-117.956152,49.774787],[-117.954831,49.775245],[-117.95309,49.775273],[-117.950585,49.776783],[-117.949718,49.77821],[-117.94626,49.780243],[-117.94454,49.780497],[-117.94213,49.780208],[-117.938901,49.780445],[-117.934459,49.780139],[-117.930502,49.781721],[-117.927509,49.785226],[-117.927539,49.786632],[-117.931608,49.7895],[-117.931999,49.793487],[-117.929568,49.798903],[-117.925613,49.798838],[-117.91986,49.798037],[-117.91421,49.801277],[-117.913457,49.80132],[-117.912269,49.799844],[-117.909664,49.798681],[-117.906847,49.798759],[-117.901985,49.798021],[-117.89995,49.798194],[-117.894425,49.800258],[-117.886141,49.800737],[-117.886124,49.80412],[-117.886974,49.805781],[-117.889006,49.80804],[-117.893067,49.816253],[-117.892178,49.817263],[-117.889677,49.817715],[-117.88372,49.820405],[-117.879476,49.820883],[-117.878578,49.821685],[-117.87917,49.825298],[-117.878183,49.826842],[-117.872595,49.831158],[-117.873156,49.835603],[-117.872767,49.836093],[-117.866952,49.837539],[-117.857787,49.837586],[-117.856049,49.837232],[-117.854615,49.836455],[-117.852256,49.83459],[-117.850571,49.832368],[-117.849304,49.831839],[-117.845828,49.831615],[-117.841282,49.831838],[-117.838373,49.832656],[-117.837876,49.832205],[-117.837994,49.826449],[-117.835825,49.824574],[-117.832854,49.823933],[-117.826084,49.824338],[-117.817054,49.824092],[-117.812684,49.824771],[-117.808826,49.824168],[-117.807937,49.823617],[-117.806837,49.821673],[-117.804458,49.820396],[-117.801979,49.81687],[-117.801641,49.813843],[-117.800771,49.812398],[-117.799029,49.812294],[-117.793281,49.813621],[-117.787853,49.812899],[-117.78483,49.813193],[-117.778994,49.814775],[-117.775768,49.813481],[-117.774774,49.813632],[-117.773084,49.81486],[-117.769409,49.815334],[-117.765942,49.816509],[-117.762071,49.816785],[-117.75825,49.817894],[-117.75656,49.818681],[-117.754571,49.821174],[-117.753017,49.821776],[-117.745709,49.827142],[-117.7456,49.827762],[-117.747873,49.829614],[-117.748802,49.830914],[-117.749484,49.836053],[-117.749046,49.836765],[-117.744932,49.838417],[-117.744439,49.839145],[-117.746373,49.845873],[-117.744515,49.848076],[-117.744509,49.849047],[-117.746762,49.852042],[-117.747062,49.85318],[-117.746617,49.854568],[-117.744876,49.856359],[-117.743204,49.859332],[-117.742689,49.860908],[-117.743462,49.862757],[-117.743377,49.863707],[-117.742511,49.864364],[-117.740747,49.864847],[-117.734128,49.865189],[-117.731789,49.866082],[-117.729031,49.866248],[-117.72537,49.864278],[-117.71282,49.865991],[-117.711748,49.866829],[-117.712038,49.870892],[-117.711635,49.873619],[-117.710436,49.87554],[-117.710881,49.877091],[-117.710306,49.881226],[-117.706789,49.884662],[-117.707053,49.886138],[-117.708279,49.887786],[-117.704574,49.890352],[-117.704003,49.892435],[-117.705218,49.897498],[-117.707156,49.898256],[-117.708082,49.898962],[-117.709016,49.901445],[-117.71035,49.902665],[-117.711697,49.905181],[-117.709888,49.908441],[-117.70951,49.912187],[-117.707317,49.912619],[-117.704312,49.913986],[-117.702967,49.915297],[-117.695085,49.919634],[-117.694375,49.919744],[-117.693079,49.919171],[-117.68857,49.919161],[-117.685869,49.918341],[-117.679777,49.918406],[-117.674544,49.917603],[-117.665319,49.915215],[-117.659804,49.916047],[-117.659023,49.915755],[-117.658347,49.914544],[-117.658555,49.913681],[-117.657796,49.913129],[-117.652439,49.91459],[-117.643253,49.915737],[-117.64123,49.915101],[-117.6382,49.915549],[-117.634143,49.9172],[-117.632484,49.918533],[-117.631533,49.920049],[-117.631665,49.922313],[-117.632447,49.923688],[-117.632855,49.92686],[-117.630197,49.929638],[-117.631073,49.93086],[-117.633603,49.933023],[-117.634023,49.934028],[-117.632096,49.937514],[-117.631361,49.939847],[-117.629284,49.942025],[-117.629191,49.943949],[-117.631405,49.945908],[-117.631634,49.947236],[-117.627832,49.948882],[-117.625636,49.950587],[-117.625235,49.952343],[-117.621341,49.953361],[-117.619278,49.952712],[-117.608695,49.953585],[-117.605514,49.954593],[-117.604214,49.955586],[-117.602037,49.956337],[-117.599509,49.956659],[-117.58886,49.9594],[-117.587765,49.959914],[-117.587158,49.960672],[-117.588875,49.96159],[-117.590678,49.964506],[-117.591965,49.968514],[-117.591342,49.96915],[-117.586496,49.970998],[-117.584478,49.973664],[-117.583351,49.974524],[-117.582379,49.978376],[-117.583335,49.981886],[-117.583026,49.983489],[-117.587312,49.988376],[-117.587516,49.991145],[-117.583314,49.998104],[-117.580143,50.000414],[-117.580522,50.006992],[-117.578897,50.00799],[-117.577176,50.00973],[-117.570167,50.009606],[-117.569464,50.010812],[-117.569804,50.018517],[-117.572752,50.02582],[-117.572688,50.027103],[-117.574652,50.02829],[-117.576355,50.029971],[-117.579132,50.031104],[-117.580879,50.033047],[-117.583365,50.033543],[-117.585677,50.034466],[-117.584358,50.035927],[-117.584411,50.04034],[-117.582154,50.043203],[-117.582871,50.043807],[-117.58711,50.044461],[-117.590074,50.043869],[-117.595617,50.045722],[-117.597217,50.046884],[-117.601012,50.051512],[-117.612059,50.055649],[-117.611371,50.05639],[-117.6116,50.058036],[-117.612588,50.059451],[-117.614294,50.064254],[-117.613848,50.065265],[-117.617774,50.066718],[-117.620951,50.068607],[-117.622392,50.070614],[-117.624445,50.077323],[-117.624415,50.078526],[-117.623256,50.079114],[-117.620852,50.079386],[-117.61825,50.080137],[-117.615874,50.081033],[-117.612816,50.083037],[-117.612258,50.084517],[-117.614635,50.090053],[-117.612453,50.090276],[-117.609819,50.091182],[-117.60789,50.09372],[-117.607188,50.096247],[-117.607954,50.097283],[-117.607915,50.098285],[-117.607216,50.098983],[-117.603076,50.100546],[-117.596282,50.101329],[-117.59501,50.103589],[-117.593525,50.103985],[-117.592717,50.105295],[-117.591722,50.105844],[-117.589834,50.108928],[-117.590104,50.10952],[-117.591777,50.111123],[-117.594026,50.111932],[-117.596759,50.112193],[-117.599532,50.113971],[-117.636071,50.122507],[-117.647911,50.126735],[-117.65423,50.135121],[-117.665764,50.136783],[-117.669799,50.13653],[-117.668251,50.134622],[-117.668263,50.131324],[-117.669108,50.129535],[-117.670371,50.128627],[-117.676151,50.126748],[-117.679553,50.125282],[-117.684547,50.123797],[-117.689538,50.122773],[-117.709861,50.121585],[-117.710757,50.121269],[-117.711891,50.120276],[-117.711377,50.118902],[-117.707923,50.116577],[-117.705308,50.115412],[-117.696421,50.113324],[-117.692276,50.113189],[-117.690855,50.112873],[-117.688707,50.111253],[-117.686333,50.110087],[-117.676242,50.109674],[-117.67103,50.107952],[-117.665858,50.107335],[-117.661883,50.105822],[-117.658551,50.105187],[-117.650547,50.104679],[-117.649319,50.104398],[-117.648643,50.103446],[-117.649384,50.102866],[-117.652073,50.102646],[-117.653781,50.102062],[-117.661742,50.101106],[-117.66781,50.101205],[-117.669346,50.100751],[-117.675244,50.100734],[-117.679527,50.100053],[-117.681774,50.100216],[-117.684436,50.100826],[-117.68944,50.100537],[-117.689319,50.100837],[-117.688248,50.101163],[-117.68805,50.102105],[-117.689359,50.102308],[-117.691539,50.103242],[-117.693566,50.10353],[-117.70933,50.103755],[-117.712103,50.102578],[-117.715298,50.10269],[-117.717659,50.103169],[-117.72536,50.106271],[-117.733178,50.109909],[-117.738642,50.113525],[-117.741041,50.116194],[-117.743176,50.117578],[-117.748856,50.119604],[-117.756315,50.121047],[-117.767921,50.125624],[-117.771117,50.126339],[-117.773018,50.127868],[-117.779553,50.131564],[-117.781458,50.133175],[-117.784661,50.134116],[-117.787148,50.135345],[-117.789309,50.137339],[-117.792514,50.139186],[-117.796216,50.143162],[-117.801305,50.136724],[-117.808254,50.130311],[-117.818713,50.125027],[-117.8245,50.121228],[-117.825914,50.119868],[-117.828006,50.116545],[-117.831605,50.113971],[-117.838311,50.110328],[-117.841676,50.108929],[-117.845931,50.105995],[-117.849051,50.104533],[-117.853063,50.103392],[-117.856454,50.102943],[-117.85979,50.102858],[-117.865463,50.103202],[-117.867089,50.102789],[-117.869744,50.101533],[-117.871549,50.101124],[-117.87389,50.101062],[-117.887884,50.102036],[-117.913579,50.100107],[-117.915362,50.099671],[-117.916602,50.098973],[-117.91763,50.097424],[-117.918998,50.086477],[-117.918971,50.083633],[-117.918369,50.08097],[-117.907418,50.060131],[-117.899413,50.041646],[-117.898886,50.039798],[-117.898987,50.028994],[-117.898452,50.027463],[-117.892526,50.022079],[-117.889052,50.014735],[-117.882128,50.005466],[-117.877635,49.995621],[-117.877491,49.994162],[-117.878151,49.99246],[-117.901775,49.968601],[-117.903853,49.966787],[-117.906851,49.965334],[-117.91135,49.964424],[-117.921494,49.963888],[-117.929564,49.962024],[-117.938789,49.961203],[-117.945717,49.959431],[-117.948217,49.959413],[-117.953726,49.960184],[-117.957711,49.958962],[-117.97172,49.958067],[-117.986255,49.953495],[-117.992164,49.953236],[-117.995137,49.952255],[-117.996241,49.951356],[-117.996463,49.950492],[-117.996051,49.949632],[-117.993959,49.947714],[-117.994248,49.946292],[-118.002167,49.936355],[-118.007498,49.931639],[-118.015811,49.926126],[-118.034375,49.918135],[-118.038987,49.914901],[-118.043506,49.914113],[-118.045956,49.912437],[-118.046424,49.911526],[-118.046038,49.910004],[-118.046364,49.908884],[-118.047948,49.907714],[-118.050457,49.906626],[-118.051476,49.904854],[-118.052752,49.903707],[-118.057381,49.887784]]]},"properties":{"id":"59030242","boundaryCode":"59030242","boundaryName":"DA 59030242","boundarySource":"census","boundaryLevel":"bcDaSimplified","boundaryDetail":"medium","DAUID":"59030242","DGUID":"2021S051259030242","PRUID":"59","CDUID":"5903","CDNAME":"Central Kootenay","CDTYPE":"RD","CSDUID":"5903060","CSDNAME":"Central Kootenay K","CSDTYPE":"RDA","CTUID":null,"CTNAME":null,"parentCdId":"5903","parentCdName":"Central Kootenay","parentCsdId":"5903060","parentCsdName":"Central Kootenay K","parentCtId":null,"parentCtName":null,"LANDAREA":927.7655000000001,"areaKm2":945.0241510920952},"id":50094},{"type":"Feature","geometry":{"type":"Polygon","coordinates":[[[-117.227321,49.845191],[-117.228757,49.84349],[-117.23215,49.830107],[-117.228971,49.824301],[-117.21229,49.814357],[-117.209626,49.811291],[-117.204168,49.801808],[-117.204356,49.794365],[-117.196513,49.783161],[-117.195556,49.779652],[-117.197869,49.777094],[-117.210836,49.771135],[-117.225368,49.759749],[-117.203134,49.751855],[-117.192742,49.74375],[-117.19251,49.744436],[-117.194065,49.749073],[-117.191494,49.754161],[-117.184274,49.75646],[-117.174737,49.757063],[-117.157999,49.751768],[-117.146729,49.745128],[-117.139933,49.744763],[-117.128216,49.736558],[-117.123126,49.723276],[-117.112715,49.704033],[-117.1023,49.698794],[-117.090294,49.694398],[-117.081808,49.692091],[-117.062324,49.690204],[-116.998361,49.690047],[-116.955348,49.690332],[-116.946751,49.689935],[-116.920631,49.69089],[-116.890953,49.690538],[-116.886234,49.71618],[-116.885633,49.73396],[-116.882494,49.784139],[-116.880335,49.791899],[-116.879057,49.802014],[-116.880995,49.810078],[-116.885321,49.869334],[-116.88635,49.901475],[-116.89217,49.901473],[-116.893006,49.902696],[-116.901981,49.901311],[-116.907008,49.900843],[-116.907969,49.900107],[-116.915494,49.901283],[-116.920093,49.901307],[-116.919801,49.904539],[-116.925875,49.904031],[-116.925712,49.901856],[-116.947475,49.902015],[-116.947392,49.904729],[-116.934319,49.904484],[-116.931872,49.904668],[-116.932045,49.904296],[-116.930773,49.904668],[-116.929887,49.905497],[-116.927721,49.905546],[-116.92562,49.904987],[-116.919829,49.905055],[-116.920233,49.907404],[-116.919991,49.909038],[-116.920778,49.910156],[-116.922376,49.910463],[-116.923937,49.909961],[-116.92684,49.909757],[-116.928511,49.910208],[-116.929625,49.91019],[-116.931716,49.908699],[-116.932791,49.907143],[-116.933947,49.906694],[-116.939099,49.907758],[-116.942289,49.90686],[-116.944699,49.906538],[-116.946885,49.907106],[-116.950979,49.907602],[-116.959878,49.907821],[-116.961103,49.908262],[-116.962146,49.909423],[-116.964012,49.910062],[-116.966464,49.909703],[-116.968302,49.909956],[-116.971156,49.91234],[-116.976099,49.913429],[-116.98373,49.920905],[-116.984886,49.923071],[-116.985572,49.923064],[-116.989073,49.927636],[-117.003859,49.933889],[-117.014531,49.937831],[-117.032095,49.94352],[-117.038139,49.944811],[-117.059036,49.955887],[-117.066195,49.962173],[-117.072578,49.961552],[-117.080585,49.959108],[-117.090514,49.951946],[-117.093206,49.94417],[-117.110572,49.936907],[-117.13095,49.931662],[-117.159302,49.92534],[-117.168452,49.925341],[-117.174876,49.921762],[-117.174212,49.912592],[-117.181522,49.908711],[-117.175706,49.899675],[-117.174299,49.89576],[-117.178937,49.892575],[-117.182944,49.888569],[-117.183879,49.885242],[-117.186249,49.883425],[-117.187528,49.879921],[-117.185756,49.875642],[-117.182798,49.873583],[-117.180554,49.870907],[-117.185736,49.868313],[-117.188288,49.865056],[-117.195195,49.861934],[-117.195997,49.861044],[-117.198777,49.860973],[-117.205175,49.858283],[-117.211682,49.859135],[-117.227321,49.845191]]]},"properties":{"id":"59030244","boundaryCode":"59030244","boundaryName":"DA 59030244","boundarySource":"census","boundaryLevel":"bcDaSimplified","boundaryDetail":"medium","DAUID":"59030244","DGUID":"2021S051259030244","PRUID":"59","CDUID":"5903","CDNAME":"Central Kootenay","CDTYPE":"RD","CSDUID":"5903039","CSDNAME":"Central Kootenay D","CSDTYPE":"RDA","CTUID":null,"CTNAME":null,"parentCdId":"5903","parentCdName":"Central Kootenay","parentCsdId":"5903039","parentCsdName":"Central Kootenay D","parentCtId":null,"parentCtName":null,"LANDAREA":529.5744,"areaKm2":562.9106997273343},"id":50096},{"type":"Feature","geometry":{"type":"Polygon","coordinates":[[[-116.910105,49.918917],[-116.913515,49.918871],[-116.920928,49.91815],[-116.920263,49.915633],[-116.920188,49.911986],[-116.920778,49.910156],[-116.919991,49.909038],[-116.920233,49.907404],[-116.919829,49.905055],[-116.92562,49.904987],[-116.927721,49.905546],[-116.929887,49.905497],[-116.930773,49.904668],[-116.932045,49.904296],[-116.931872,49.904668],[-116.934319,49.904484],[-116.947392,49.904729],[-116.947475,49.902015],[-116.925712,49.901856],[-116.925875,49.904031],[-116.919801,49.904539],[-116.920093,49.901307],[-116.915494,49.901283],[-116.907969,49.900107],[-116.908709,49.901455],[-116.910008,49.902558],[-116.907132,49.906932],[-116.907115,49.907977],[-116.907949,49.90776],[-116.908908,49.908645],[-116.906379,49.908516],[-116.908567,49.909419],[-116.907801,49.910265],[-116.909594,49.909862],[-116.915822,49.911541],[-116.912781,49.916266],[-116.911463,49.917017],[-116.910105,49.918917]]]},"properties":{"id":"59030246","boundaryCode":"59030246","boundaryName":"DA 59030246","boundarySource":"census","boundaryLevel":"bcDaSimplified","boundaryDetail":"medium","DAUID":"59030246","DGUID":"2021S051259030246","PRUID":"59","CDUID":"5903","CDNAME":"Central Kootenay","CDTYPE":"RD","CSDUID":"5903023","CSDNAME":"Kaslo","CSDTYPE":"VL","CTUID":null,"CTNAME":null,"parentCdId":"5903","parentCdName":"Central Kootenay","parentCsdId":"5903023","parentCsdName":"Kaslo","parentCtId":null,"parentCtName":null,"LANDAREA":1.8446,"areaKm2":1.8747499043201834},"id":50097},{"type":"Feature","geometry":{"type":"Polygon","coordinates":[[[-116.537624,49.116188],[-116.537684,49.116823],[-116.533364,49.117197],[-116.534004,49.118925],[-116.533568,49.118942],[-116.533674,49.119788],[-116.534092,49.120145],[-116.529265,49.120083],[-116.529381,49.120725],[-116.528983,49.120832],[-116.523566,49.120851],[-116.523543,49.118605],[-116.517602,49.118601],[-116.517584,49.131108],[-116.507289,49.131034],[-116.494213,49.131169],[-116.493917,49.151151],[-116.49324,49.155263],[-116.493778,49.157826],[-116.491563,49.162853],[-116.491647,49.164104],[-116.506805,49.164484],[-116.50708,49.172605],[-116.517725,49.172698],[-116.517401,49.168398],[-116.540011,49.168771],[-116.540777,49.168784],[-116.54128,49.170839],[-116.544754,49.169662],[-116.544495,49.171928],[-116.545045,49.173283],[-116.544738,49.174486],[-116.547366,49.174323],[-116.551072,49.175552],[-116.559679,49.175462],[-116.561704,49.174616],[-116.561938,49.172932],[-116.563325,49.172174],[-116.563503,49.171769],[-116.563168,49.17123],[-116.558997,49.172022],[-116.546421,49.170993],[-116.545953,49.170254],[-116.545521,49.166412],[-116.543271,49.160525],[-116.544172,49.156348],[-116.542703,49.147482],[-116.539168,49.141905],[-116.539149,49.140856],[-116.541845,49.13316],[-116.542151,49.130664],[-116.541656,49.128966],[-116.539233,49.124658],[-116.539165,49.116358],[-116.537624,49.116188]]]},"properties":{"id":"59030247","boundaryCode":"59030247","boundaryName":"DA 59030247","boundarySource":"census","boundaryLevel":"bcDaSimplified","boundaryDetail":"medium","DAUID":"59030247","DGUID":"2021S051259030247","PRUID":"59","CDUID":"5903","CDNAME":"Central Kootenay","CDTYPE":"RD","CSDUID":"5903017","CSDNAME":"Central Kootenay C","CSDTYPE":"RDA","CTUID":null,"CTNAME":null,"parentCdId":"5903","parentCdName":"Central Kootenay","parentCsdId":"5903017","parentCsdName":"Central Kootenay C","parentCtId":null,"parentCtName":null,"LANDAREA":17.5514,"areaKm2":17.539786612630383},"id":50098},{"type":"Feature","geometry":{"type":"Polygon","coordinates":[[[-116.528153,49.106376],[-116.522419,49.106358],[-116.521719,49.106673],[-116.523494,49.108309],[-116.523543,49.118605],[-116.523566,49.120851],[-116.528983,49.120832],[-116.529381,49.120725],[-116.529265,49.120083],[-116.534092,49.120145],[-116.533674,49.119788],[-116.533568,49.118942],[-116.534004,49.118925],[-116.533364,49.117197],[-116.537684,49.116823],[-116.537624,49.116188],[-116.531963,49.112774],[-116.528153,49.106376]]]},"properties":{"id":"59030249","boundaryCode":"59030249","boundaryName":"DA 59030249","boundarySource":"census","boundaryLevel":"bcDaSimplified","boundaryDetail":"medium","DAUID":"59030249","DGUID":"2021S051259030249","PRUID":"59","CDUID":"5903","CDNAME":"Central Kootenay","CDTYPE":"RD","CSDUID":"5903004","CSDNAME":"Creston","CSDTYPE":"T","CTUID":null,"CTNAME":null,"parentCdId":"5903","parentCdName":"Central Kootenay","parentCsdId":"5903004","parentCsdName":"Creston","parentCtId":null,"parentCtName":null,"LANDAREA":1.0348,"areaKm2":1.0337884905231147},"id":50099},{"type":"Feature","geometry":{"type":"Polygon","coordinates":[[[-116.650293,49.616377],[-116.654134,49.616532],[-116.658333,49.615729],[-116.66023,49.615696],[-116.662704,49.613198],[-116.666331,49.612838],[-116.669824,49.611706],[-116.671072,49.611705],[-116.672932,49.611238],[-116.67447,49.611304],[-116.677936,49.612074],[-116.680966,49.61126],[-116.683912,49.611386],[-116.686497,49.612394],[-116.687601,49.613242],[-116.688804,49.613346],[-116.687347,49.613964],[-116.688409,49.614587],[-116.689626,49.614551],[-116.690639,49.615114],[-116.693769,49.61478],[-116.695721,49.61491],[-116.706459,49.617281],[-116.709126,49.618146],[-116.712076,49.619976],[-116.712478,49.619614],[-116.709764,49.617403],[-116.71014,49.617089],[-116.710896,49.617928],[-116.713011,49.618509],[-116.717125,49.620435],[-116.71791,49.621156],[-116.722855,49.623201],[-116.724669,49.623223],[-116.726014,49.622831],[-116.728118,49.62297],[-116.730857,49.623355],[-116.734312,49.624442],[-116.735448,49.624373],[-116.736899,49.624844],[-116.75008,49.624918],[-116.753858,49.625466],[-116.756474,49.625507],[-116.765797,49.624582],[-116.767726,49.623785],[-116.77649,49.622594],[-116.774487,49.624622],[-116.777232,49.626143],[-116.780863,49.629424],[-116.783017,49.630711],[-116.783579,49.632357],[-116.784375,49.632886],[-116.785563,49.632738],[-116.785965,49.634051],[-116.78523,49.634978],[-116.786641,49.636428],[-116.787248,49.637677],[-116.787476,49.637306],[-116.788865,49.638657],[-116.790067,49.639083],[-116.791552,49.640316],[-116.792408,49.641962],[-116.796582,49.644684],[-116.796839,49.645853],[-116.799687,49.648505],[-116.799552,49.649936],[-116.800704,49.650908],[-116.802898,49.653948],[-116.803267,49.655828],[-116.804954,49.659069],[-116.805326,49.661143],[-116.807479,49.663126],[-116.809668,49.664365],[-116.809618,49.66627],[-116.806798,49.673176],[-116.80615,49.677176],[-116.803943,49.683313],[-116.803301,49.687193],[-116.801091,49.691166],[-116.799754,49.692764],[-116.794266,49.697803],[-116.794476,49.701788],[-116.797068,49.700639],[-116.797937,49.699321],[-116.800983,49.697533],[-116.803855,49.696948],[-116.803888,49.69822],[-116.805576,49.698177],[-116.814019,49.694036],[-116.814722,49.689582],[-116.818329,49.688677],[-116.820106,49.687817],[-116.8223,49.686121],[-116.822802,49.684131],[-116.824852,49.682999],[-116.825191,49.681706],[-116.830181,49.681799],[-116.833027,49.680489],[-116.833719,49.680505],[-116.837724,49.683534],[-116.844557,49.683871],[-116.846953,49.683126],[-116.847926,49.683125],[-116.849562,49.683509],[-116.853716,49.68559],[-116.856785,49.686253],[-116.857642,49.686123],[-116.859146,49.684925],[-116.860041,49.684742],[-116.862441,49.686491],[-116.863081,49.686502],[-116.864893,49.684407],[-116.866661,49.684688],[-116.867443,49.685933],[-116.867498,49.68728],[-116.866808,49.68928],[-116.865468,49.690229],[-116.866997,49.691255],[-116.868005,49.693508],[-116.86686,49.698003],[-116.863708,49.701277],[-116.862615,49.704082],[-116.862091,49.704415],[-116.860801,49.704406],[-116.860399,49.704666],[-116.858734,49.707524],[-116.858346,49.71018],[-116.858711,49.711812],[-116.857791,49.714292],[-116.856582,49.715446],[-116.854275,49.720965],[-116.852766,49.722013],[-116.852505,49.726832],[-116.853396,49.728687],[-116.853214,49.729701],[-116.855259,49.731546],[-116.85483,49.733923],[-116.885633,49.73396],[-116.886234,49.71618],[-116.890953,49.690538],[-116.891965,49.681628],[-116.897688,49.6612],[-116.902695,49.652042],[-116.90238,49.651285],[-116.908224,49.637217],[-116.901758,49.626879],[-116.889297,49.621649],[-116.865991,49.613616],[-116.859702,49.609792],[-116.847904,49.599068],[-116.836392,49.587961],[-116.828243,49.574837],[-116.825083,49.568432],[-116.682491,49.570632],[-116.689227,49.572749],[-116.664028,49.607339],[-116.650293,49.616377]]]},"properties":{"id":"59030254","boundaryCode":"59030254","boundaryName":"DA 59030254","boundarySource":"census","boundaryLevel":"bcDaSimplified","boundaryDetail":"medium","DAUID":"59030254","DGUID":"2021S051259030254","PRUID":"59","CDUID":"5903","CDNAME":"Central Kootenay","CDTYPE":"RD","CSDUID":"5903010","CSDNAME":"Central Kootenay A","CSDTYPE":"RDA","CTUID":null,"CTNAME":null,"parentCdId":"5903","parentCdName":"Central Kootenay","parentCsdId":"5903010","parentCsdName":"Central Kootenay A","parentCtId":null,"parentCtName":null,"LANDAREA":89.05120000000001,"areaKm2":135.44889369268185},"id":50100},{"type":"Feature","geometry":{"type":"Polygon","coordinates":[[[-116.682491,49.570632],[-116.825083,49.568432],[-116.8134,49.544224],[-116.812495,49.530596],[-116.812225,49.511097],[-116.806413,49.47758],[-116.805653,49.474964],[-116.835468,49.473861],[-117.004073,49.473417],[-117.068683,49.472769],[-117.079461,49.473758],[-117.086189,49.471675],[-117.088704,49.470902],[-117.100895,49.464356],[-117.111881,49.455635],[-117.117708,49.448245],[-117.119676,49.437801],[-117.120106,49.435023],[-117.121075,49.432675],[-117.120683,49.431453],[-117.1102,49.426189],[-117.104211,49.423936],[-117.100374,49.418191],[-117.103747,49.411172],[-117.105625,49.402526],[-117.105891,49.386979],[-117.098599,49.383044],[-117.090598,49.382622],[-117.081964,49.385509],[-117.070416,49.384035],[-117.063489,49.382537],[-117.063385,49.374046],[-117.059023,49.367643],[-117.054011,49.364522],[-117.062219,49.350217],[-117.064205,49.341261],[-117.064552,49.334755],[-117.068246,49.328736],[-117.07159,49.321604],[-117.07096,49.315812],[-117.062871,49.306907],[-117.063198,49.305015],[-117.067408,49.299087],[-117.068032,49.296474],[-117.067955,49.294062],[-117.071245,49.288264],[-117.061606,49.283454],[-117.046803,49.286686],[-117.039155,49.292539],[-117.041051,49.286315],[-117.041062,49.280586],[-117.033668,49.276725],[-117.031471,49.274634],[-117.028253,49.270647],[-117.026849,49.266422],[-117.024573,49.264718],[-117.023756,49.26365],[-117.021612,49.262522],[-117.009772,49.25415],[-117.011362,49.246827],[-117.015248,49.245816],[-117.017978,49.24444],[-117.020986,49.243502],[-117.023985,49.24368],[-117.027441,49.242108],[-117.030939,49.239159],[-117.030834,49.237654],[-117.029937,49.235726],[-117.029861,49.230144],[-117.033824,49.229162],[-117.032538,49.224868],[-117.033064,49.222296],[-117.035806,49.219296],[-117.039981,49.218341],[-117.042904,49.217169],[-117.04104,49.216188],[-117.04017,49.214508],[-117.040939,49.210465],[-117.043088,49.208903],[-117.045618,49.204851],[-117.044093,49.203478],[-117.047364,49.20234],[-117.046757,49.200971],[-117.047604,49.199421],[-117.048068,49.197164],[-117.046159,49.195599],[-117.046762,49.192943],[-117.049487,49.191566],[-117.049918,49.190597],[-117.049847,49.189764],[-117.045745,49.186286],[-117.044519,49.180954],[-117.046015,49.17991],[-117.0447,49.178352],[-117.038305,49.17681],[-117.038369,49.174748],[-117.039179,49.171801],[-117.040426,49.170057],[-117.038633,49.16862],[-117.035227,49.167981],[-117.033668,49.166448],[-117.031901,49.165719],[-117.029405,49.163996],[-117.029364,49.162282],[-117.033219,49.158106],[-117.035079,49.15707],[-117.038841,49.15608],[-117.014478,49.158397],[-116.99047,49.162786],[-116.981627,49.162452],[-116.968671,49.160417],[-116.95895,49.16004],[-116.944166,49.154768],[-116.943434,49.157667],[-116.945661,49.166542],[-116.946071,49.172527],[-116.944826,49.181384],[-116.944048,49.182929],[-116.941966,49.184536],[-116.937641,49.186027],[-116.934579,49.186377],[-116.930009,49.186368],[-116.92219,49.188276],[-116.91857,49.188477],[-116.915579,49.189282],[-116.907174,49.190128],[-116.900481,49.190257],[-116.895348,49.192959],[-116.884722,49.19685],[-116.873536,49.203743],[-116.871192,49.204636],[-116.859613,49.197341],[-116.851132,49.191088],[-116.838539,49.179055],[-116.828273,49.176839],[-116.807156,49.187162],[-116.795114,49.188668],[-116.771353,49.194155],[-116.753432,49.204319],[-116.729896,49.205813],[-116.714921,49.21125],[-116.694622,49.213859],[-116.682958,49.219889],[-116.681872,49.22012],[-116.679156,49.222545],[-116.682746,49.225125],[-116.685904,49.228376],[-116.688478,49.233262],[-116.688819,49.23596],[-116.68601,49.241249],[-116.684629,49.249393],[-116.685392,49.253042],[-116.68691,49.254841],[-116.687037,49.256704],[-116.687941,49.257239],[-116.688651,49.26071],[-116.688063,49.277498],[-116.692765,49.287096],[-116.682788,49.284315],[-116.670693,49.284785],[-116.664375,49.284342],[-116.660127,49.281574],[-116.657244,49.278518],[-116.654852,49.275292],[-116.653763,49.273241],[-116.653552,49.271732],[-116.650373,49.265316],[-116.649022,49.260879],[-116.647782,49.261068],[-116.646496,49.260791],[-116.643188,49.257994],[-116.638179,49.255584],[-116.63266,49.253886],[-116.629791,49.252091],[-116.62668,49.249386],[-116.622269,49.244414],[-116.620749,49.242083],[-116.617031,49.238231],[-116.616228,49.236765],[-116.615062,49.232679],[-116.612986,49.231143],[-116.609933,49.227975],[-116.607943,49.226818],[-116.604749,49.223631],[-116.603874,49.221532],[-116.601476,49.218996],[-116.601149,49.216239],[-116.598063,49.214828],[-116.596572,49.212287],[-116.591712,49.209063],[-116.589555,49.202655],[-116.588865,49.202116],[-116.586328,49.201366],[-116.584926,49.199236],[-116.584277,49.197068],[-116.582024,49.196026],[-116.581417,49.195382],[-116.58103,49.193226],[-116.581746,49.191314],[-116.581408,49.190226],[-116.580486,49.189705],[-116.577853,49.189363],[-116.572376,49.187744],[-116.568485,49.184925],[-116.564766,49.182737],[-116.562752,49.181955],[-116.563056,49.18168],[-116.563141,49.176919],[-116.562709,49.175697],[-116.561704,49.174616],[-116.559679,49.175462],[-116.551072,49.175552],[-116.547366,49.174323],[-116.544738,49.174486],[-116.545045,49.173283],[-116.544495,49.171928],[-116.544754,49.169662],[-116.54128,49.170839],[-116.540777,49.168784],[-116.540011,49.168771],[-116.539576,49.175142],[-116.540312,49.1763],[-116.549166,49.178164],[-116.551482,49.179729],[-116.558691,49.181954],[-116.563094,49.182441],[-116.568884,49.18544],[-116.571814,49.187865],[-116.577015,49.189459],[-116.578672,49.190347],[-116.579252,49.191681],[-116.579145,49.193959],[-116.579728,49.195587],[-116.579726,49.197177],[-116.584602,49.20088],[-116.589573,49.205561],[-116.59152,49.209585],[-116.59625,49.212579],[-116.596339,49.214278],[-116.592732,49.215952],[-116.591276,49.216237],[-116.589648,49.217586],[-116.586079,49.218943],[-116.584099,49.220793],[-116.580201,49.222949],[-116.577372,49.223395],[-116.574817,49.224278],[-116.57368,49.225089],[-116.553918,49.22799],[-116.54781,49.232144],[-116.546867,49.233228],[-116.543932,49.234449],[-116.539053,49.235387],[-116.535463,49.23669],[-116.541055,49.241655],[-116.542592,49.242607],[-116.545511,49.246579],[-116.545052,49.247359],[-116.546711,49.249209],[-116.546932,49.250597],[-116.548256,49.253048],[-116.54927,49.259313],[-116.549963,49.260323],[-116.549909,49.261554],[-116.550921,49.262161],[-116.551365,49.263207],[-116.552662,49.264192],[-116.552376,49.265378],[-116.552653,49.266612],[-116.554145,49.267436],[-116.555022,49.269248],[-116.5561,49.270268],[-116.556219,49.272077],[-116.55533,49.2747],[-116.557427,49.278621],[-116.557673,49.280375],[-116.557377,49.281005],[-116.557991,49.2817],[-116.558002,49.283382],[-116.558488,49.284508],[-116.559242,49.284691],[-116.56017,49.285458],[-116.560413,49.287448],[-116.561577,49.289737],[-116.563073,49.291346],[-116.561054,49.300386],[-116.56106,49.303409],[-116.559941,49.305234],[-116.56121,49.309857],[-116.56377,49.31495],[-116.570126,49.324317],[-116.573303,49.326803],[-116.581941,49.330838],[-116.587298,49.334612],[-116.590874,49.338779],[-116.5919,49.341246],[-116.591156,49.342776],[-116.585618,49.346618],[-116.584454,49.348925],[-116.585027,49.360533],[-116.574352,49.367961],[-116.564281,49.370191],[-116.562669,49.371063],[-116.558151,49.377813],[-116.548073,49.385299],[-116.530555,49.395422],[-116.529413,49.40068],[-116.529565,49.412547],[-116.532222,49.418793],[-116.534453,49.429442],[-116.535701,49.433252],[-116.541283,49.444711],[-116.542868,49.450874],[-116.541294,49.457802],[-116.543952,49.465118],[-116.563826,49.460673],[-116.579592,49.455205],[-116.595165,49.477024],[-116.617805,49.472113],[-116.632354,49.458686],[-116.667367,49.472222],[-116.644548,49.502918],[-116.625183,49.538848],[-116.64466,49.558729],[-116.682491,49.570632]]]},"properties":{"id":"59030255","boundaryCode":"59030255","boundaryName":"DA 59030255","boundarySource":"census","boundaryLevel":"bcDaSimplified","boundaryDetail":"medium","DAUID":"59030255","DGUID":"2021S051259030255","PRUID":"59","CDUID":"5903","CDNAME":"Central Kootenay","CDTYPE":"RD","CSDUID":"5903010","CSDNAME":"Central Kootenay A","CSDTYPE":"RDA","CTUID":null,"CTNAME":null,"parentCdId":"5903","parentCdName":"Central Kootenay","parentCsdId":"5903010","parentCsdName":"Central Kootenay A","parentCtId":null,"parentCtName":null,"LANDAREA":1105.1336000000001,"areaKm2":1250.3489112484647},"id":50101},{"type":"Feature","geometry":{"type":"Polygon","coordinates":[[[-118.207252,49.041506],[-118.205985,49.043393],[-118.205482,49.045653],[-118.205851,49.047564],[-118.20689,49.049345],[-118.212853,49.054717],[-118.213614,49.056261],[-118.218123,49.056389],[-118.217864,49.058401],[-118.219899,49.058811],[-118.219239,49.060788],[-118.215747,49.063444],[-118.214849,49.063721],[-118.212117,49.063571],[-118.212007,49.064784],[-118.219394,49.064387],[-118.230838,49.048509],[-118.230885,49.046265],[-118.230032,49.042882],[-118.228833,49.042625],[-118.228058,49.041996],[-118.227345,49.040055],[-118.226491,49.039348],[-118.225146,49.038578],[-118.223145,49.03803],[-118.223559,49.03595],[-118.222268,49.035477],[-118.22087,49.037442],[-118.220238,49.035636],[-118.219344,49.035434],[-118.21927,49.037352],[-118.217662,49.03865],[-118.216035,49.039332],[-118.216074,49.042692],[-118.213647,49.042673],[-118.213484,49.041675],[-118.210729,49.041714],[-118.210675,49.039709],[-118.208599,49.039707],[-118.207252,49.041506]]]},"properties":{"id":"59050077","boundaryCode":"59050077","boundaryName":"DA 59050077","boundarySource":"census","boundaryLevel":"bcDaSimplified","boundaryDetail":"medium","DAUID":"59050077","DGUID":"2021S051259050077","PRUID":"59","CDUID":"5905","CDNAME":"Kootenay Boundary","CDTYPE":"RD","CSDUID":"5905050","CSDNAME":"Kootenay Boundary C / Christina Lake","CSDTYPE":"RDA","CTUID":null,"CTNAME":null,"parentCdId":"5905","parentCdName":"Kootenay Boundary","parentCsdId":"5905050","parentCsdName":"Kootenay Boundary C / Christina Lake","parentCtId":null,"parentCtName":null,"LANDAREA":1.4956,"areaKm2":3.1755350952928785},"id":50117},{"type":"Feature","geometry":{"type":"Polygon","coordinates":[[[-118.219305,49.328374],[-118.224381,49.325162],[-118.234081,49.321494],[-118.245407,49.315897],[-118.249763,49.312337],[-118.253505,49.305418],[-118.257284,49.296613],[-118.264685,49.286544],[-118.272663,49.280258],[-118.279117,49.276497],[-118.286081,49.274454],[-118.295372,49.271104],[-118.303533,49.265285],[-118.304274,49.258471],[-118.309684,49.244779],[-118.319226,49.24212],[-118.318244,49.233052],[-118.314223,49.232624],[-118.313389,49.217253],[-118.335874,49.217449],[-118.335837,49.203297],[-118.339454,49.203048],[-118.339925,49.199465],[-118.337146,49.193232],[-118.34606,49.188437],[-118.347416,49.18649],[-118.34846,49.180587],[-118.348757,49.175211],[-118.345407,49.168496],[-118.35131,49.155596],[-118.349697,49.143738],[-118.343569,49.134917],[-118.335458,49.127441],[-118.334253,49.114359],[-118.331716,49.103503],[-118.334958,49.093389],[-118.332784,49.090169],[-118.327866,49.091069],[-118.323948,49.091052],[-118.321986,49.091415],[-118.319536,49.090967],[-118.314074,49.092163],[-118.3117,49.091452],[-118.307533,49.091364],[-118.305137,49.091895],[-118.301678,49.093213],[-118.294524,49.094678],[-118.294084,49.095132],[-118.29427,49.095921],[-118.291859,49.097028],[-118.289009,49.097492],[-118.283918,49.097685],[-118.281023,49.098554],[-118.277505,49.098744],[-118.273287,49.098225],[-118.269867,49.098397],[-118.266515,49.098074],[-118.26113,49.09914],[-118.259214,49.099143],[-118.256319,49.100677],[-118.255438,49.101577],[-118.253545,49.10149],[-118.25131,49.100291],[-118.248507,49.100219],[-118.241136,49.097763],[-118.235552,49.094695],[-118.231114,49.090665],[-118.227879,49.084831],[-118.225179,49.076314],[-118.223911,49.064221],[-118.219394,49.064387],[-118.212007,49.064784],[-118.212117,49.063571],[-118.214849,49.063721],[-118.215747,49.063444],[-118.219239,49.060788],[-118.219899,49.058811],[-118.217864,49.058401],[-118.218123,49.056389],[-118.213614,49.056261],[-118.212853,49.054717],[-118.20689,49.049345],[-118.205851,49.047564],[-118.205482,49.045653],[-118.205985,49.043393],[-118.207252,49.041506],[-118.205674,49.0398],[-118.204581,49.039414],[-118.203478,49.039759],[-118.201974,49.038472],[-118.201729,49.037623],[-118.202598,49.035951],[-118.20354,49.035817],[-118.204531,49.036392],[-118.204934,49.036327],[-118.204716,49.035483],[-118.203724,49.035502],[-118.20248,49.034904],[-118.202389,49.033843],[-118.203509,49.032734],[-118.203442,49.031814],[-118.204515,49.031324],[-118.205441,49.031557],[-118.205633,49.030631],[-118.20373,49.030124],[-118.202891,49.030647],[-118.202374,49.030604],[-118.201531,49.029992],[-118.200285,49.03018],[-118.199286,49.029621],[-118.19823,49.027079],[-118.198535,49.024146],[-118.197112,49.020597],[-118.196814,49.018625],[-118.197329,49.017727],[-118.197116,49.016557],[-118.195074,49.013748],[-118.194389,49.011623],[-118.190731,49.008345],[-118.190844,49.006847],[-118.194185,49.003255],[-118.196233,49.001891],[-118.196918,49.000788],[-118.196591,49.000176],[-118.062177,49.000301],[-118.063839,49.001712],[-118.064292,49.002837],[-118.063594,49.005193],[-118.06389,49.008675],[-118.063499,49.010238],[-118.06269,49.011801],[-118.061293,49.013015],[-118.056972,49.015654],[-118.056497,49.016997],[-118.059326,49.021918],[-118.059769,49.024315],[-118.059171,49.025149],[-118.057243,49.026349],[-118.056267,49.029351],[-118.051824,49.030661],[-118.051082,49.031499],[-118.049814,49.034368],[-118.049217,49.037045],[-118.049501,49.040129],[-118.048437,49.042411],[-118.048346,49.044943],[-118.053138,49.047524],[-118.05635,49.050164],[-118.057717,49.053608],[-118.056705,49.063013],[-118.057699,49.070441],[-118.055262,49.081757],[-118.057123,49.085359],[-118.057069,49.087353],[-118.056839,49.088557],[-118.055087,49.089786],[-118.053841,49.091922],[-118.054398,49.093326],[-118.057356,49.094646],[-118.058703,49.096005],[-118.059064,49.097527],[-118.058764,49.098877],[-118.053645,49.103607],[-118.053289,49.104733],[-118.055963,49.109503],[-118.055265,49.111359],[-118.051884,49.114563],[-118.051244,49.115951],[-118.05488,49.127188],[-118.053912,49.131831],[-118.055803,49.135683],[-118.056066,49.137474],[-118.055307,49.139379],[-118.055301,49.14215],[-118.055537,49.142925],[-118.057592,49.143953],[-118.052452,49.148262],[-118.046037,49.152069],[-118.064259,49.152003],[-118.06406,49.15219],[-118.089111,49.152392],[-118.089166,49.167192],[-118.095449,49.167228],[-118.096949,49.170233],[-118.09852,49.172337],[-118.099226,49.175931],[-118.106912,49.182347],[-118.107841,49.185067],[-118.108621,49.185895],[-118.111312,49.187169],[-118.111315,49.188247],[-118.109779,49.189141],[-118.109566,49.189834],[-118.110534,49.191019],[-118.112137,49.194699],[-118.114238,49.19742],[-118.11458,49.198679],[-118.116393,49.201376],[-118.117484,49.206252],[-118.119485,49.20937],[-118.127974,49.218685],[-118.128211,49.220372],[-118.129682,49.221974],[-118.131526,49.223183],[-118.133108,49.228906],[-118.132652,49.230521],[-118.133982,49.233986],[-118.13316,49.243495],[-118.135391,49.254412],[-118.1356,49.25679],[-118.134979,49.262983],[-118.135827,49.26401],[-118.134664,49.268628],[-118.14223,49.277685],[-118.145709,49.276308],[-118.150135,49.273657],[-118.149709,49.271282],[-118.150067,49.27117],[-118.150299,49.269824],[-118.151375,49.268705],[-118.15195,49.267248],[-118.152848,49.266247],[-118.157628,49.263375],[-118.161015,49.260708],[-118.166307,49.250411],[-118.176838,49.249331],[-118.177099,49.26034],[-118.181936,49.267006],[-118.181409,49.268895],[-118.17783,49.270669],[-118.176906,49.274409],[-118.179558,49.277014],[-118.184503,49.277554],[-118.189584,49.28069],[-118.197004,49.280241],[-118.197752,49.28569],[-118.203314,49.292048],[-118.203913,49.294018],[-118.207742,49.294667],[-118.207679,49.295808],[-118.203753,49.301453],[-118.204612,49.303348],[-118.206253,49.304898],[-118.209143,49.326091],[-118.219305,49.328374]]]},"properties":{"id":"59050078","boundaryCode":"59050078","boundaryName":"DA 59050078","boundarySource":"census","boundaryLevel":"bcDaSimplified","boundaryDetail":"medium","DAUID":"59050078","DGUID":"2021S051259050078","PRUID":"59","CDUID":"5905","CDNAME":"Kootenay Boundary","CDTYPE":"RD","CSDUID":"5905050","CSDNAME":"Kootenay Boundary C / Christina Lake","CSDTYPE":"RDA","CTUID":null,"CTNAME":null,"parentCdId":"5905","parentCdName":"Kootenay Boundary","parentCsdId":"5905050","parentCsdName":"Kootenay Boundary C / Christina Lake","parentCtId":null,"parentCtName":null,"LANDAREA":455.0247,"areaKm2":474.90870283730027},"id":50118},{"type":"Feature","geometry":{"type":"Polygon","coordinates":[[[-118.135827,49.26401],[-118.134979,49.262983],[-118.1356,49.25679],[-118.135391,49.254412],[-118.13316,49.243495],[-118.133982,49.233986],[-118.132652,49.230521],[-118.133108,49.228906],[-118.131526,49.223183],[-118.129682,49.221974],[-118.128211,49.220372],[-118.127974,49.218685],[-118.119485,49.20937],[-118.117484,49.206252],[-118.116393,49.201376],[-118.11458,49.198679],[-118.114238,49.19742],[-118.112137,49.194699],[-118.110534,49.191019],[-118.109566,49.189834],[-118.109779,49.189141],[-118.111315,49.188247],[-118.111312,49.187169],[-118.108621,49.185895],[-118.107841,49.185067],[-118.106912,49.182347],[-118.099226,49.175931],[-118.09852,49.172337],[-118.096949,49.170233],[-118.095449,49.167228],[-118.089166,49.167192],[-118.089111,49.152392],[-118.06406,49.15219],[-118.064259,49.152003],[-118.046037,49.152069],[-118.052452,49.148262],[-118.057592,49.143953],[-118.055537,49.142925],[-118.055301,49.14215],[-118.055307,49.139379],[-118.056066,49.137474],[-118.055803,49.135683],[-118.053912,49.131831],[-118.05488,49.127188],[-118.051244,49.115951],[-118.051884,49.114563],[-118.055265,49.111359],[-118.055963,49.109503],[-118.053289,49.104733],[-118.053645,49.103607],[-118.058764,49.098877],[-118.059064,49.097527],[-118.058703,49.096005],[-118.057356,49.094646],[-118.054398,49.093326],[-118.053841,49.091922],[-118.055087,49.089786],[-118.056839,49.088557],[-118.057069,49.087353],[-118.057123,49.085359],[-118.055262,49.081757],[-118.057699,49.070441],[-118.056705,49.063013],[-118.057717,49.053608],[-118.05635,49.050164],[-118.053138,49.047524],[-118.048346,49.044943],[-118.048437,49.042411],[-118.049501,49.040129],[-118.049217,49.037045],[-118.049814,49.034368],[-118.051082,49.031499],[-118.051824,49.030661],[-118.056267,49.029351],[-118.057243,49.026349],[-118.059171,49.025149],[-118.059769,49.024315],[-118.059326,49.021918],[-118.056497,49.016997],[-118.056972,49.015654],[-118.061293,49.013015],[-118.06269,49.011801],[-118.063499,49.010238],[-118.06389,49.008675],[-118.063594,49.005193],[-118.064292,49.002837],[-118.063839,49.001712],[-118.062177,49.000301],[-117.804635,49.000603],[-117.632005,49.000823],[-117.630697,49.002285],[-117.619634,49.007802],[-117.61185,49.012159],[-117.607212,49.015264],[-117.603802,49.022736],[-117.60518,49.028011],[-117.608178,49.030742],[-117.615255,49.034137],[-117.616412,49.036194],[-117.61367,49.043478],[-117.613546,49.046484],[-117.614045,49.049314],[-117.616458,49.057598],[-117.61403,49.063871],[-117.61202,49.070853],[-117.612918,49.073583],[-117.614936,49.077003],[-117.617634,49.079477],[-117.625453,49.084093],[-117.628488,49.085241],[-117.639389,49.08793],[-117.646673,49.090876],[-117.648463,49.09208],[-117.649645,49.093954],[-117.651558,49.095112],[-117.655046,49.095768],[-117.663755,49.095371],[-117.670317,49.094952],[-117.686094,49.095285],[-117.694334,49.094319],[-117.69397,49.093044],[-117.694211,49.088932],[-117.710922,49.088499],[-117.718221,49.088768],[-117.718217,49.087738],[-117.715383,49.087703],[-117.715226,49.04409],[-117.709955,49.044102],[-117.709779,49.033427],[-117.704321,49.033299],[-117.704306,49.029708],[-117.707914,49.029712],[-117.708012,49.028078],[-117.711902,49.028066],[-117.711867,49.029807],[-117.725769,49.029907],[-117.725973,49.044275],[-117.737118,49.044322],[-117.737285,49.058928],[-117.759254,49.059112],[-117.759213,49.081155],[-117.747745,49.081197],[-117.747669,49.086131],[-117.748471,49.087233],[-117.747839,49.087225],[-117.747845,49.088067],[-117.754653,49.087839],[-117.754682,49.09007],[-117.755047,49.090588],[-117.76212,49.095178],[-117.757852,49.097878],[-117.74772,49.102261],[-117.748165,49.111823],[-117.748922,49.112749],[-117.748397,49.112796],[-117.748267,49.113833],[-117.748435,49.119993],[-117.74129,49.11982],[-117.741951,49.120518],[-117.740158,49.121296],[-117.739647,49.121518],[-117.736697,49.11909],[-117.733345,49.117612],[-117.728843,49.117878],[-117.733148,49.119857],[-117.735928,49.123643],[-117.73644,49.136067],[-117.737174,49.14065],[-117.734488,49.146563],[-117.733324,49.148677],[-117.730362,49.151464],[-117.721901,49.162411],[-117.721526,49.164907],[-117.719148,49.167954],[-117.716447,49.172585],[-117.716894,49.174545],[-117.712598,49.184652],[-117.713428,49.189417],[-117.710972,49.194187],[-117.708396,49.197706],[-117.701475,49.202698],[-117.705914,49.201138],[-117.708404,49.200973],[-117.70801,49.204845],[-117.706635,49.207913],[-117.70439,49.209315],[-117.696055,49.211543],[-117.693846,49.212696],[-117.69098,49.214946],[-117.690263,49.216326],[-117.690315,49.217174],[-117.692089,49.220995],[-117.691722,49.222079],[-117.690958,49.222836],[-117.688286,49.223626],[-117.684291,49.222881],[-117.682697,49.222858],[-117.680815,49.22343],[-117.679752,49.224345],[-117.68586,49.224628],[-117.686333,49.228283],[-117.702007,49.228055],[-117.703107,49.265348],[-117.739968,49.2654],[-117.797307,49.264901],[-117.926191,49.265027],[-117.93136,49.265313],[-117.938845,49.264445],[-118.033319,49.263516],[-118.135827,49.26401]],[[-117.808346,49.066841],[-117.825693,49.066384],[-117.824595,49.077232],[-117.825498,49.077761],[-117.826001,49.077518],[-117.826307,49.077922],[-117.827392,49.077687],[-117.830497,49.078861],[-117.832822,49.082463],[-117.833646,49.082198],[-117.835189,49.079737],[-117.835784,49.080625],[-117.842195,49.080081],[-117.882056,49.096522],[-117.895084,49.161839],[-117.895501,49.18617],[-117.866936,49.1861],[-117.861079,49.183518],[-117.85722,49.180946],[-117.8539,49.177395],[-117.849769,49.169424],[-117.849387,49.167897],[-117.847264,49.166733],[-117.842894,49.165607],[-117.837693,49.164715],[-117.833964,49.161761],[-117.833199,49.158826],[-117.833815,49.156],[-117.837381,49.15287],[-117.837547,49.145299],[-117.834273,49.141715],[-117.830319,49.141044],[-117.827788,49.140042],[-117.825062,49.138093],[-117.815216,49.12452],[-117.813544,49.12349],[-117.806808,49.123246],[-117.806902,49.116702],[-117.824652,49.116742],[-117.824756,49.112808],[-117.818332,49.11267],[-117.81813,49.11039],[-117.819761,49.107506],[-117.819361,49.106616],[-117.818262,49.105898],[-117.817579,49.106668],[-117.816657,49.106899],[-117.815298,49.106656],[-117.815241,49.10601],[-117.81162,49.106049],[-117.811717,49.103003],[-117.809437,49.103139],[-117.8097,49.102203],[-117.80512,49.102679],[-117.805632,49.100336],[-117.803913,49.097703],[-117.803453,49.095343],[-117.803585,49.087943],[-117.789307,49.088124],[-117.781041,49.087934],[-117.780793,49.084641],[-117.779614,49.083652],[-117.778108,49.083821],[-117.77794,49.080815],[-117.780793,49.080789],[-117.780829,49.076041],[-117.780768,49.075427],[-117.779043,49.076916],[-117.775291,49.07789],[-117.771104,49.080574],[-117.768672,49.080539],[-117.768972,49.075917],[-117.770587,49.073164],[-117.772147,49.071779],[-117.772915,49.071738],[-117.777583,49.068422],[-117.777583,49.067042],[-117.769587,49.067541],[-117.769792,49.063783],[-117.781283,49.063058],[-117.782189,49.061016],[-117.78888,49.060782],[-117.788796,49.061535],[-117.790433,49.06155],[-117.789595,49.06328],[-117.796207,49.064677],[-117.796615,49.064061],[-117.796882,49.064397],[-117.799814,49.064269],[-117.799771,49.066394],[-117.803852,49.066245],[-117.808346,49.066841]]]},"properties":{"id":"59050080","boundaryCode":"59050080","boundaryName":"DA 59050080","boundarySource":"census","boundaryLevel":"bcDaSimplified","boundaryDetail":"medium","DAUID":"59050080","DGUID":"2021S051259050080","PRUID":"59","CDUID":"5905","CDNAME":"Kootenay Boundary","CDTYPE":"RD","CSDUID":"5905023","CSDNAME":"Rossland","CSDTYPE":"CY","CTUID":null,"CTNAME":null,"parentCdId":"5905","parentCdName":"Kootenay Boundary","parentCsdId":"5905023","parentCsdName":"Rossland","parentCtId":null,"parentCtName":null,"LANDAREA":774.5226,"areaKm2":777.5490101649349},"id":50120},{"type":"Feature","geometry":{"type":"Polygon","coordinates":[[[-117.808346,49.066841],[-117.80638,49.069716],[-117.807609,49.070426],[-117.807722,49.071572],[-117.808712,49.072205],[-117.810277,49.072369],[-117.810728,49.072762],[-117.810514,49.074313],[-117.80895,49.074232],[-117.808824,49.075007],[-117.808649,49.077302],[-117.80704,49.07732],[-117.806401,49.078708],[-117.804458,49.0795],[-117.80179,49.079509],[-117.801714,49.08031],[-117.804055,49.080443],[-117.804083,49.080635],[-117.803004,49.081129],[-117.803412,49.081876],[-117.801585,49.082321],[-117.801735,49.0835],[-117.803441,49.085335],[-117.803821,49.086986],[-117.803585,49.087943],[-117.803453,49.095343],[-117.803913,49.097703],[-117.805632,49.100336],[-117.80512,49.102679],[-117.8097,49.102203],[-117.809437,49.103139],[-117.811717,49.103003],[-117.81162,49.106049],[-117.815241,49.10601],[-117.815298,49.106656],[-117.816657,49.106899],[-117.817579,49.106668],[-117.818262,49.105898],[-117.819361,49.106616],[-117.819761,49.107506],[-117.81813,49.11039],[-117.818332,49.11267],[-117.824756,49.112808],[-117.824652,49.116742],[-117.806902,49.116702],[-117.806808,49.123246],[-117.813544,49.12349],[-117.815216,49.12452],[-117.825062,49.138093],[-117.827788,49.140042],[-117.830319,49.141044],[-117.834273,49.141715],[-117.837547,49.145299],[-117.837381,49.15287],[-117.833815,49.156],[-117.833199,49.158826],[-117.833964,49.161761],[-117.837693,49.164715],[-117.842894,49.165607],[-117.847264,49.166733],[-117.849387,49.167897],[-117.849769,49.169424],[-117.8539,49.177395],[-117.85722,49.180946],[-117.861079,49.183518],[-117.866936,49.1861],[-117.895501,49.18617],[-117.895084,49.161839],[-117.882056,49.096522],[-117.842195,49.080081],[-117.835784,49.080625],[-117.835189,49.079737],[-117.833646,49.082198],[-117.832822,49.082463],[-117.830497,49.078861],[-117.827392,49.077687],[-117.826307,49.077922],[-117.826001,49.077518],[-117.825498,49.077761],[-117.824595,49.077232],[-117.825693,49.066384],[-117.808346,49.066841]]]},"properties":{"id":"59050081","boundaryCode":"59050081","boundaryName":"DA 59050081","boundarySource":"census","boundaryLevel":"bcDaSimplified","boundaryDetail":"medium","DAUID":"59050081","DGUID":"2021S051259050081","PRUID":"59","CDUID":"5905","CDNAME":"Kootenay Boundary","CDTYPE":"RD","CSDUID":"5905023","CSDNAME":"Rossland","CSDTYPE":"CY","CTUID":null,"CTNAME":null,"parentCdId":"5905","parentCdName":"Kootenay Boundary","parentCsdId":"5905023","parentCsdName":"Rossland","parentCtId":null,"parentCtName":null,"LANDAREA":53.5262,"areaKm2":53.575955644554064},"id":50121},{"type":"Feature","geometry":{"type":"Polygon","coordinates":[[[-117.80179,49.079509],[-117.801906,49.078233],[-117.796795,49.077984],[-117.79526,49.077909],[-117.794884,49.081101],[-117.793024,49.081891],[-117.792186,49.08338],[-117.792369,49.083803],[-117.793092,49.083958],[-117.792818,49.084461],[-117.794783,49.084046],[-117.795881,49.084553],[-117.799533,49.083613],[-117.801735,49.0835],[-117.801585,49.082321],[-117.803412,49.081876],[-117.803004,49.081129],[-117.804083,49.080635],[-117.804055,49.080443],[-117.801714,49.08031],[-117.80179,49.079509]]]},"properties":{"id":"59050082","boundaryCode":"59050082","boundaryName":"DA 59050082","boundarySource":"census","boundaryLevel":"bcDaSimplified","boundaryDetail":"medium","DAUID":"59050082","DGUID":"2021S051259050082","PRUID":"59","CDUID":"5905","CDNAME":"Kootenay Boundary","CDTYPE":"RD","CSDUID":"5905023","CSDNAME":"Rossland","CSDTYPE":"CY","CTUID":null,"CTNAME":null,"parentCdId":"5905","parentCdName":"Kootenay Boundary","parentCsdId":"5905023","parentCsdName":"Rossland","parentCtId":null,"parentCtName":null,"LANDAREA":0.4002,"areaKm2":0.3998050995716029},"id":50122},{"type":"Feature","geometry":{"type":"Polygon","coordinates":[[[-117.803585,49.087943],[-117.803821,49.086986],[-117.803441,49.085335],[-117.801735,49.0835],[-117.799533,49.083613],[-117.795881,49.084553],[-117.794783,49.084046],[-117.792818,49.084461],[-117.793092,49.083958],[-117.792369,49.083803],[-117.792186,49.08338],[-117.793024,49.081891],[-117.794884,49.081101],[-117.79526,49.077909],[-117.791626,49.077738],[-117.790995,49.076551],[-117.790061,49.076488],[-117.787108,49.077476],[-117.780829,49.076041],[-117.780793,49.080789],[-117.77794,49.080815],[-117.778108,49.083821],[-117.779614,49.083652],[-117.780793,49.084641],[-117.781041,49.087934],[-117.789307,49.088124],[-117.803585,49.087943]]]},"properties":{"id":"59050083","boundaryCode":"59050083","boundaryName":"DA 59050083","boundarySource":"census","boundaryLevel":"bcDaSimplified","boundaryDetail":"medium","DAUID":"59050083","DGUID":"2021S051259050083","PRUID":"59","CDUID":"5905","CDNAME":"Kootenay Boundary","CDTYPE":"RD","CSDUID":"5905023","CSDNAME":"Rossland","CSDTYPE":"CY","CTUID":null,"CTNAME":null,"parentCdId":"5905","parentCdName":"Kootenay Boundary","parentCsdId":"5905023","parentCsdName":"Rossland","parentCtId":null,"parentCtName":null,"LANDAREA":1.5588000000000002,"areaKm2":1.5573648399962143},"id":50123},{"type":"Feature","geometry":{"type":"Polygon","coordinates":[[[-117.780829,49.076041],[-117.787108,49.077476],[-117.790061,49.076488],[-117.790995,49.076551],[-117.791626,49.077738],[-117.79526,49.077909],[-117.796795,49.077984],[-117.796927,49.076162],[-117.795989,49.075824],[-117.797004,49.075608],[-117.797202,49.074474],[-117.797214,49.073642],[-117.795482,49.073539],[-117.795107,49.072805],[-117.79417,49.072216],[-117.791661,49.071917],[-117.789965,49.070984],[-117.788103,49.071436],[-117.784766,49.073221],[-117.783201,49.074666],[-117.780768,49.075427],[-117.780829,49.076041]]]},"properties":{"id":"59050084","boundaryCode":"59050084","boundaryName":"DA 59050084","boundarySource":"census","boundaryLevel":"bcDaSimplified","boundaryDetail":"medium","DAUID":"59050084","DGUID":"2021S051259050084","PRUID":"59","CDUID":"5905","CDNAME":"Kootenay Boundary","CDTYPE":"RD","CSDUID":"5905023","CSDNAME":"Rossland","CSDTYPE":"CY","CTUID":null,"CTNAME":null,"parentCdId":"5905","parentCdName":"Kootenay Boundary","parentCsdId":"5905023","parentCsdName":"Rossland","parentCtId":null,"parentCtName":null,"LANDAREA":0.5764,"areaKm2":0.5758122602820943},"id":50124},{"type":"Feature","geometry":{"type":"Polygon","coordinates":[[[-117.808824,49.075007],[-117.797202,49.074474],[-117.797004,49.075608],[-117.795989,49.075824],[-117.796927,49.076162],[-117.796795,49.077984],[-117.801906,49.078233],[-117.80179,49.079509],[-117.804458,49.0795],[-117.806401,49.078708],[-117.80704,49.07732],[-117.808649,49.077302],[-117.808824,49.075007]]]},"properties":{"id":"59050085","boundaryCode":"59050085","boundaryName":"DA 59050085","boundarySource":"census","boundaryLevel":"bcDaSimplified","boundaryDetail":"medium","DAUID":"59050085","DGUID":"2021S051259050085","PRUID":"59","CDUID":"5905","CDNAME":"Kootenay Boundary","CDTYPE":"RD","CSDUID":"5905023","CSDNAME":"Rossland","CSDTYPE":"CY","CTUID":null,"CTNAME":null,"parentCdId":"5905","parentCdName":"Kootenay Boundary","parentCsdId":"5905023","parentCsdName":"Rossland","parentCtId":null,"parentCtName":null,"LANDAREA":0.3609,"areaKm2":0.3605572305230597},"id":50125},{"type":"Feature","geometry":{"type":"Polygon","coordinates":[[[-117.780768,49.075427],[-117.783201,49.074666],[-117.784766,49.073221],[-117.788103,49.071436],[-117.789965,49.070984],[-117.791661,49.071917],[-117.79417,49.072216],[-117.795107,49.072805],[-117.795482,49.073539],[-117.797214,49.073642],[-117.797202,49.074474],[-117.808824,49.075007],[-117.80895,49.074232],[-117.810514,49.074313],[-117.810728,49.072762],[-117.810277,49.072369],[-117.808712,49.072205],[-117.807722,49.071572],[-117.807609,49.070426],[-117.80638,49.069716],[-117.808346,49.066841],[-117.803852,49.066245],[-117.799771,49.066394],[-117.799814,49.064269],[-117.796882,49.064397],[-117.796615,49.064061],[-117.796207,49.064677],[-117.789595,49.06328],[-117.790433,49.06155],[-117.788796,49.061535],[-117.78888,49.060782],[-117.782189,49.061016],[-117.781283,49.063058],[-117.769792,49.063783],[-117.769587,49.067541],[-117.777583,49.067042],[-117.777583,49.068422],[-117.772915,49.071738],[-117.772147,49.071779],[-117.770587,49.073164],[-117.768972,49.075917],[-117.768672,49.080539],[-117.771104,49.080574],[-117.775291,49.07789],[-117.779043,49.076916],[-117.780768,49.075427]]]},"properties":{"id":"59050086","boundaryCode":"59050086","boundaryName":"DA 59050086","boundarySource":"census","boundaryLevel":"bcDaSimplified","boundaryDetail":"medium","DAUID":"59050086","DGUID":"2021S051259050086","PRUID":"59","CDUID":"5905","CDNAME":"Kootenay Boundary","CDTYPE":"RD","CSDUID":"5905023","CSDNAME":"Rossland","CSDTYPE":"CY","CTUID":null,"CTNAME":null,"parentCdId":"5905","parentCdName":"Kootenay Boundary","parentCsdId":"5905023","parentCsdName":"Rossland","parentCtId":null,"parentCtName":null,"LANDAREA":3.2962000000000002,"areaKm2":3.293096647203693},"id":50126},{"type":"Feature","geometry":{"type":"Polygon","coordinates":[[[-117.755047,49.090588],[-117.752687,49.091122],[-117.748282,49.09432],[-117.745809,49.095265],[-117.744628,49.096005],[-117.744695,49.096476],[-117.745435,49.098706],[-117.747543,49.098857],[-117.74772,49.102261],[-117.757852,49.097878],[-117.76212,49.095178],[-117.755047,49.090588]]]},"properties":{"id":"59050087","boundaryCode":"59050087","boundaryName":"DA 59050087","boundarySource":"census","boundaryLevel":"bcDaSimplified","boundaryDetail":"medium","DAUID":"59050087","DGUID":"2021S051259050087","PRUID":"59","CDUID":"5905","CDNAME":"Kootenay Boundary","CDTYPE":"RD","CSDUID":"5905018","CSDNAME":"Warfield","CSDTYPE":"VL","CTUID":null,"CTNAME":null,"parentCdId":"5905","parentCdName":"Kootenay Boundary","parentCsdId":"5905018","parentCsdName":"Warfield","parentCtId":null,"parentCtName":null,"LANDAREA":0.8367,"areaKm2":0.8359515794764704},"id":50127},{"type":"Feature","geometry":{"type":"Polygon","coordinates":[[[-117.747845,49.088067],[-117.743889,49.088032],[-117.743818,49.090536],[-117.744858,49.090277],[-117.746436,49.089251],[-117.746119,49.090163],[-117.746378,49.090852],[-117.745843,49.091668],[-117.746985,49.09098],[-117.746548,49.09177],[-117.747991,49.091888],[-117.74862,49.093016],[-117.747891,49.09375],[-117.748282,49.09432],[-117.752687,49.091122],[-117.755047,49.090588],[-117.754682,49.09007],[-117.754653,49.087839],[-117.747845,49.088067]]]},"properties":{"id":"59050088","boundaryCode":"59050088","boundaryName":"DA 59050088","boundarySource":"census","boundaryLevel":"bcDaSimplified","boundaryDetail":"medium","DAUID":"59050088","DGUID":"2021S051259050088","PRUID":"59","CDUID":"5905","CDNAME":"Kootenay Boundary","CDTYPE":"RD","CSDUID":"5905018","CSDNAME":"Warfield","CSDTYPE":"VL","CTUID":null,"CTNAME":null,"parentCdId":"5905","parentCdName":"Kootenay Boundary","parentCsdId":"5905018","parentCsdName":"Warfield","parentCtId":null,"parentCtName":null,"LANDAREA":0.32170000000000004,"areaKm2":0.3214346058958275},"id":50128},{"type":"Feature","geometry":{"type":"Polygon","coordinates":[[[-117.748282,49.09432],[-117.747891,49.09375],[-117.74862,49.093016],[-117.747991,49.091888],[-117.746548,49.09177],[-117.746985,49.09098],[-117.745843,49.091668],[-117.746378,49.090852],[-117.746119,49.090163],[-117.746436,49.089251],[-117.744858,49.090277],[-117.743818,49.090536],[-117.741829,49.091791],[-117.736248,49.093755],[-117.735787,49.091573],[-117.732549,49.093441],[-117.732263,49.095049],[-117.72956,49.095959],[-117.728585,49.096494],[-117.728567,49.096854],[-117.728943,49.097768],[-117.728838,49.101148],[-117.730784,49.09833],[-117.730933,49.098781],[-117.733364,49.098501],[-117.733763,49.098562],[-117.733504,49.098765],[-117.734676,49.098818],[-117.736498,49.098333],[-117.737012,49.097797],[-117.73752,49.098125],[-117.737939,49.097937],[-117.738335,49.09747],[-117.737659,49.096716],[-117.738353,49.09551],[-117.739041,49.095173],[-117.74068,49.094905],[-117.739948,49.096305],[-117.740911,49.096988],[-117.743525,49.096864],[-117.744695,49.096476],[-117.744628,49.096005],[-117.745809,49.095265],[-117.748282,49.09432]]]},"properties":{"id":"59050089","boundaryCode":"59050089","boundaryName":"DA 59050089","boundarySource":"census","boundaryLevel":"bcDaSimplified","boundaryDetail":"medium","DAUID":"59050089","DGUID":"2021S051259050089","PRUID":"59","CDUID":"5905","CDNAME":"Kootenay Boundary","CDTYPE":"RD","CSDUID":"5905018","CSDNAME":"Warfield","CSDTYPE":"VL","CTUID":null,"CTNAME":null,"parentCdId":"5905","parentCdName":"Kootenay Boundary","parentCsdId":"5905018","parentCsdName":"Warfield","parentCtId":null,"parentCtName":null,"LANDAREA":0.7279,"areaKm2":0.7285857376337643},"id":50129},{"type":"Feature","geometry":{"type":"Polygon","coordinates":[[[-117.74772,49.102261],[-117.747543,49.098857],[-117.745435,49.098706],[-117.744695,49.096476],[-117.743525,49.096864],[-117.740911,49.096988],[-117.739948,49.096305],[-117.74068,49.094905],[-117.739041,49.095173],[-117.738353,49.09551],[-117.737659,49.096716],[-117.738335,49.09747],[-117.737939,49.097937],[-117.73752,49.098125],[-117.737012,49.097797],[-117.736498,49.098333],[-117.734676,49.098818],[-117.733504,49.098765],[-117.733763,49.098562],[-117.733364,49.098501],[-117.730933,49.098781],[-117.730784,49.09833],[-117.728838,49.101148],[-117.728943,49.097768],[-117.728567,49.096854],[-117.727846,49.097511],[-117.725719,49.097692],[-117.726418,49.098055],[-117.725477,49.098014],[-117.725092,49.098313],[-117.724059,49.097872],[-117.724129,49.097416],[-117.721715,49.096921],[-117.721379,49.095916],[-117.719932,49.095747],[-117.719722,49.096439],[-117.718581,49.095867],[-117.713979,49.094573],[-117.712581,49.094763],[-117.712212,49.095248],[-117.712578,49.09545],[-117.713085,49.095163],[-117.713618,49.095647],[-117.715194,49.095797],[-117.714697,49.096278],[-117.716078,49.097398],[-117.720949,49.099302],[-117.724967,49.101451],[-117.728091,49.106714],[-117.726998,49.106964],[-117.72831,49.106816],[-117.732317,49.115229],[-117.740158,49.121296],[-117.741951,49.120518],[-117.74129,49.11982],[-117.748435,49.119993],[-117.748267,49.113833],[-117.748397,49.112796],[-117.748922,49.112749],[-117.748165,49.111823],[-117.74772,49.102261]]]},"properties":{"id":"59050090","boundaryCode":"59050090","boundaryName":"DA 59050090","boundarySource":"census","boundaryLevel":"bcDaSimplified","boundaryDetail":"medium","DAUID":"59050090","DGUID":"2021S051259050090","PRUID":"59","CDUID":"5905","CDNAME":"Kootenay Boundary","CDTYPE":"RD","CSDUID":"5905014","CSDNAME":"Trail","CSDTYPE":"CY","CTUID":null,"CTNAME":null,"parentCdId":"5905","parentCdName":"Kootenay Boundary","parentCsdId":"5905014","parentCsdName":"Trail","parentCtId":null,"parentCtName":null,"LANDAREA":3.5613,"areaKm2":3.567986534650583},"id":50130},{"type":"Feature","geometry":{"type":"Polygon","coordinates":[[[-117.740158,49.121296],[-117.732317,49.115229],[-117.72831,49.106816],[-117.726998,49.106964],[-117.728091,49.106714],[-117.724967,49.101451],[-117.720949,49.099302],[-117.716078,49.097398],[-117.714697,49.096278],[-117.715194,49.095797],[-117.713618,49.095647],[-117.713085,49.095163],[-117.712578,49.09545],[-117.712212,49.095248],[-117.708917,49.096908],[-117.7084,49.09716],[-117.709207,49.097872],[-117.704519,49.099424],[-117.705571,49.101079],[-117.704463,49.101382],[-117.705506,49.103004],[-117.707267,49.105368],[-117.711165,49.103825],[-117.715247,49.111017],[-117.728843,49.117878],[-117.733345,49.117612],[-117.736697,49.11909],[-117.739647,49.121518],[-117.740158,49.121296]]]},"properties":{"id":"59050091","boundaryCode":"59050091","boundaryName":"DA 59050091","boundarySource":"census","boundaryLevel":"bcDaSimplified","boundaryDetail":"medium","DAUID":"59050091","DGUID":"2021S051259050091","PRUID":"59","CDUID":"5905","CDNAME":"Kootenay Boundary","CDTYPE":"RD","CSDUID":"5905014","CSDNAME":"Trail","CSDTYPE":"CY","CTUID":null,"CTNAME":null,"parentCdId":"5905","parentCdName":"Kootenay Boundary","parentCsdId":"5905014","parentCsdName":"Trail","parentCtId":null,"parentCtName":null,"LANDAREA":2.1137,"areaKm2":2.4892140769658413},"id":50131},{"type":"Feature","geometry":{"type":"Polygon","coordinates":[[[-117.713979,49.094573],[-117.712665,49.093482],[-117.714775,49.094017],[-117.714906,49.093229],[-117.712732,49.092759],[-117.710511,49.091764],[-117.709433,49.09157],[-117.709039,49.092067],[-117.708381,49.092128],[-117.702998,49.091347],[-117.703016,49.092036],[-117.704347,49.092889],[-117.703789,49.093005],[-117.705116,49.093638],[-117.708917,49.096908],[-117.712212,49.095248],[-117.712581,49.094763],[-117.713979,49.094573]]]},"properties":{"id":"59050092","boundaryCode":"59050092","boundaryName":"DA 59050092","boundarySource":"census","boundaryLevel":"bcDaSimplified","boundaryDetail":"medium","DAUID":"59050092","DGUID":"2021S051259050092","PRUID":"59","CDUID":"5905","CDNAME":"Kootenay Boundary","CDTYPE":"RD","CSDUID":"5905014","CSDNAME":"Trail","CSDTYPE":"CY","CTUID":null,"CTNAME":null,"parentCdId":"5905","parentCdName":"Kootenay Boundary","parentCsdId":"5905014","parentCsdName":"Trail","parentCtId":null,"parentCtName":null,"LANDAREA":0.2655,"areaKm2":0.2652685344174713},"id":50132},{"type":"Feature","geometry":{"type":"Polygon","coordinates":[[[-117.69397,49.093044],[-117.7009,49.092929],[-117.704106,49.09324],[-117.705116,49.093638],[-117.703789,49.093005],[-117.704347,49.092889],[-117.703016,49.092036],[-117.702998,49.091347],[-117.708381,49.092128],[-117.709039,49.092067],[-117.709433,49.09157],[-117.710511,49.091764],[-117.712732,49.092759],[-117.714906,49.093229],[-117.714775,49.094017],[-117.712665,49.093482],[-117.713979,49.094573],[-117.718581,49.095867],[-117.719722,49.096439],[-117.719932,49.095747],[-117.721379,49.095916],[-117.721715,49.096921],[-117.724129,49.097416],[-117.724059,49.097872],[-117.725092,49.098313],[-117.725477,49.098014],[-117.726418,49.098055],[-117.725719,49.097692],[-117.727846,49.097511],[-117.728567,49.096854],[-117.728585,49.096494],[-117.72956,49.095959],[-117.732263,49.095049],[-117.732549,49.093441],[-117.735787,49.091573],[-117.736248,49.093755],[-117.741829,49.091791],[-117.743818,49.090536],[-117.743889,49.088032],[-117.747845,49.088067],[-117.747839,49.087225],[-117.748471,49.087233],[-117.747669,49.086131],[-117.747745,49.081197],[-117.759213,49.081155],[-117.759254,49.059112],[-117.737285,49.058928],[-117.737118,49.044322],[-117.725973,49.044275],[-117.725769,49.029907],[-117.711867,49.029807],[-117.711902,49.028066],[-117.708012,49.028078],[-117.707914,49.029712],[-117.704306,49.029708],[-117.704321,49.033299],[-117.709779,49.033427],[-117.709955,49.044102],[-117.715226,49.04409],[-117.715383,49.087703],[-117.718217,49.087738],[-117.718221,49.088768],[-117.710922,49.088499],[-117.694211,49.088932],[-117.69397,49.093044]]]},"properties":{"id":"59050093","boundaryCode":"59050093","boundaryName":"DA 59050093","boundarySource":"census","boundaryLevel":"bcDaSimplified","boundaryDetail":"medium","DAUID":"59050093","DGUID":"2021S051259050093","PRUID":"59","CDUID":"5905","CDNAME":"Kootenay Boundary","CDTYPE":"RD","CSDUID":"5905014","CSDNAME":"Trail","CSDTYPE":"CY","CTUID":null,"CTNAME":null,"parentCdId":"5905","parentCdName":"Kootenay Boundary","parentCsdId":"5905014","parentCsdName":"Trail","parentCtId":null,"parentCtName":null,"LANDAREA":16.326,"areaKm2":16.643486156023528},"id":50133},{"type":"Feature","geometry":{"type":"Polygon","coordinates":[[[-117.686094,49.095285],[-117.685724,49.096493],[-117.689294,49.096054],[-117.689637,49.096815],[-117.691261,49.096642],[-117.691483,49.097424],[-117.696235,49.096883],[-117.69981,49.097316],[-117.700311,49.097845],[-117.70243,49.097141],[-117.704519,49.099424],[-117.709207,49.097872],[-117.7084,49.09716],[-117.708917,49.096908],[-117.705116,49.093638],[-117.704106,49.09324],[-117.7009,49.092929],[-117.69397,49.093044],[-117.694334,49.094319],[-117.686094,49.095285]]]},"properties":{"id":"59050094","boundaryCode":"59050094","boundaryName":"DA 59050094","boundarySource":"census","boundaryLevel":"bcDaSimplified","boundaryDetail":"medium","DAUID":"59050094","DGUID":"2021S051259050094","PRUID":"59","CDUID":"5905","CDNAME":"Kootenay Boundary","CDTYPE":"RD","CSDUID":"5905014","CSDNAME":"Trail","CSDTYPE":"CY","CTUID":null,"CTNAME":null,"parentCdId":"5905","parentCdName":"Kootenay Boundary","parentCsdId":"5905014","parentCsdName":"Trail","parentCtId":null,"parentCtName":null,"LANDAREA":0.333,"areaKm2":0.6289338148889211},"id":50134},{"type":"Feature","geometry":{"type":"Polygon","coordinates":[[[-117.704519,49.099424],[-117.70243,49.097141],[-117.700311,49.097845],[-117.69981,49.097316],[-117.69835,49.098687],[-117.699788,49.100262],[-117.699668,49.100534],[-117.697774,49.100474],[-117.695048,49.101609],[-117.698978,49.102941],[-117.698943,49.103685],[-117.701042,49.101985],[-117.702857,49.10182],[-117.703603,49.103018],[-117.705506,49.103004],[-117.704463,49.101382],[-117.705571,49.101079],[-117.704519,49.099424]]]},"properties":{"id":"59050095","boundaryCode":"59050095","boundaryName":"DA 59050095","boundarySource":"census","boundaryLevel":"bcDaSimplified","boundaryDetail":"medium","DAUID":"59050095","DGUID":"2021S051259050095","PRUID":"59","CDUID":"5905","CDNAME":"Kootenay Boundary","CDTYPE":"RD","CSDUID":"5905014","CSDNAME":"Trail","CSDTYPE":"CY","CTUID":null,"CTNAME":null,"parentCdId":"5905","parentCdName":"Kootenay Boundary","parentCsdId":"5905014","parentCsdName":"Trail","parentCtId":null,"parentCtName":null,"LANDAREA":0.26940000000000003,"areaKm2":0.2691922746378168},"id":50135},{"type":"Feature","geometry":{"type":"Polygon","coordinates":[[[-117.685724,49.096493],[-117.686094,49.096977],[-117.689317,49.097176],[-117.688947,49.098063],[-117.691272,49.098273],[-117.690141,49.099009],[-117.688389,49.098489],[-117.686424,49.099769],[-117.69276,49.101576],[-117.695048,49.101609],[-117.697774,49.100474],[-117.699668,49.100534],[-117.699788,49.100262],[-117.69835,49.098687],[-117.69981,49.097316],[-117.696235,49.096883],[-117.691483,49.097424],[-117.691261,49.096642],[-117.689637,49.096815],[-117.689294,49.096054],[-117.685724,49.096493]]]},"properties":{"id":"59050096","boundaryCode":"59050096","boundaryName":"DA 59050096","boundarySource":"census","boundaryLevel":"bcDaSimplified","boundaryDetail":"medium","DAUID":"59050096","DGUID":"2021S051259050096","PRUID":"59","CDUID":"5905","CDNAME":"Kootenay Boundary","CDTYPE":"RD","CSDUID":"5905014","CSDNAME":"Trail","CSDTYPE":"CY","CTUID":null,"CTNAME":null,"parentCdId":"5905","parentCdName":"Kootenay Boundary","parentCsdId":"5905014","parentCsdName":"Trail","parentCtId":null,"parentCtName":null,"LANDAREA":0.37270000000000003,"areaKm2":0.3723210429771214},"id":50136},{"type":"Feature","geometry":{"type":"Polygon","coordinates":[[[-117.705506,49.103004],[-117.703603,49.103018],[-117.702857,49.10182],[-117.701042,49.101985],[-117.698943,49.103685],[-117.698978,49.102941],[-117.695048,49.101609],[-117.69276,49.101576],[-117.686424,49.099769],[-117.682827,49.098838],[-117.680307,49.098741],[-117.674749,49.099949],[-117.672603,49.100086],[-117.669696,49.100085],[-117.669858,49.102125],[-117.668252,49.103279],[-117.671202,49.103382],[-117.671547,49.110877],[-117.683987,49.111017],[-117.704363,49.11024],[-117.704132,49.105258],[-117.706856,49.106213],[-117.71015,49.109045],[-117.710814,49.110815],[-117.711219,49.121253],[-117.719855,49.120133],[-117.719915,49.11968],[-117.717871,49.118889],[-117.716862,49.117774],[-117.715751,49.117654],[-117.714814,49.113697],[-117.713122,49.11112],[-117.710785,49.107875],[-117.707267,49.105368],[-117.705506,49.103004]]]},"properties":{"id":"59050097","boundaryCode":"59050097","boundaryName":"DA 59050097","boundarySource":"census","boundaryLevel":"bcDaSimplified","boundaryDetail":"medium","DAUID":"59050097","DGUID":"2021S051259050097","PRUID":"59","CDUID":"5905","CDNAME":"Kootenay Boundary","CDTYPE":"RD","CSDUID":"5905014","CSDNAME":"Trail","CSDTYPE":"CY","CTUID":null,"CTNAME":null,"parentCdId":"5905","parentCdName":"Kootenay Boundary","parentCsdId":"5905014","parentCsdName":"Trail","parentCtId":null,"parentCtName":null,"LANDAREA":3.25,"areaKm2":3.2468863551148637},"id":50137},{"type":"Feature","geometry":{"type":"Polygon","coordinates":[[[-117.663755,49.095371],[-117.671505,49.097907],[-117.669405,49.097906],[-117.669687,49.098634],[-117.670847,49.098616],[-117.671051,49.099956],[-117.673378,49.099951],[-117.672603,49.100086],[-117.674749,49.099949],[-117.680307,49.098741],[-117.682827,49.098838],[-117.686424,49.099769],[-117.688389,49.098489],[-117.690141,49.099009],[-117.691272,49.098273],[-117.688947,49.098063],[-117.689317,49.097176],[-117.686094,49.096977],[-117.685724,49.096493],[-117.686094,49.095285],[-117.670317,49.094952],[-117.663755,49.095371]]]},"properties":{"id":"59050098","boundaryCode":"59050098","boundaryName":"DA 59050098","boundarySource":"census","boundaryLevel":"bcDaSimplified","boundaryDetail":"medium","DAUID":"59050098","DGUID":"2021S051259050098","PRUID":"59","CDUID":"5905","CDNAME":"Kootenay Boundary","CDTYPE":"RD","CSDUID":"5905014","CSDNAME":"Trail","CSDTYPE":"CY","CTUID":null,"CTNAME":null,"parentCdId":"5905","parentCdName":"Kootenay Boundary","parentCsdId":"5905014","parentCsdName":"Trail","parentCtId":null,"parentCtName":null,"LANDAREA":0.49510000000000004,"areaKm2":0.6472129396217841},"id":50138},{"type":"Feature","geometry":{"type":"Polygon","coordinates":[[[-117.672603,49.100086],[-117.673378,49.099951],[-117.671051,49.099956],[-117.670847,49.098616],[-117.669687,49.098634],[-117.669405,49.097906],[-117.656157,49.097207],[-117.655313,49.098465],[-117.655801,49.0988],[-117.661441,49.099606],[-117.662324,49.099194],[-117.664821,49.099974],[-117.669696,49.100085],[-117.672603,49.100086]]]},"properties":{"id":"59050099","boundaryCode":"59050099","boundaryName":"DA 59050099","boundarySource":"census","boundaryLevel":"bcDaSimplified","boundaryDetail":"medium","DAUID":"59050099","DGUID":"2021S051259050099","PRUID":"59","CDUID":"5905","CDNAME":"Kootenay Boundary","CDTYPE":"RD","CSDUID":"5905014","CSDNAME":"Trail","CSDTYPE":"CY","CTUID":null,"CTNAME":null,"parentCdId":"5905","parentCdName":"Kootenay Boundary","parentCsdId":"5905014","parentCsdName":"Trail","parentCtId":null,"parentCtName":null,"LANDAREA":0.2521,"areaKm2":0.25189204367003276},"id":50139},{"type":"Feature","geometry":{"type":"Polygon","coordinates":[[[-117.612918,49.073583],[-117.611279,49.075],[-117.610555,49.077076],[-117.608374,49.077076],[-117.61134,49.078952],[-117.612122,49.078957],[-117.612984,49.088265],[-117.617987,49.088217],[-117.618544,49.092212],[-117.63114,49.092247],[-117.631388,49.096074],[-117.641618,49.095772],[-117.641807,49.103447],[-117.668252,49.103279],[-117.669858,49.102125],[-117.669696,49.100085],[-117.664821,49.099974],[-117.662324,49.099194],[-117.661441,49.099606],[-117.655801,49.0988],[-117.655313,49.098465],[-117.656157,49.097207],[-117.669405,49.097906],[-117.671505,49.097907],[-117.663755,49.095371],[-117.655046,49.095768],[-117.651558,49.095112],[-117.649645,49.093954],[-117.648463,49.09208],[-117.646673,49.090876],[-117.639389,49.08793],[-117.628488,49.085241],[-117.625453,49.084093],[-117.617634,49.079477],[-117.614936,49.077003],[-117.612918,49.073583]]]},"properties":{"id":"59050100","boundaryCode":"59050100","boundaryName":"DA 59050100","boundarySource":"census","boundaryLevel":"bcDaSimplified","boundaryDetail":"medium","DAUID":"59050100","DGUID":"2021S051259050100","PRUID":"59","CDUID":"5905","CDNAME":"Kootenay Boundary","CDTYPE":"RD","CSDUID":"5905014","CSDNAME":"Trail","CSDTYPE":"CY","CTUID":null,"CTNAME":null,"parentCdId":"5905","parentCdName":"Kootenay Boundary","parentCsdId":"5905014","parentCsdName":"Trail","parentCtId":null,"parentCtName":null,"LANDAREA":3.6014000000000004,"areaKm2":4.079059325508079},"id":50140},{"type":"Feature","geometry":{"type":"Polygon","coordinates":[[[-117.521097,49.104444],[-117.527184,49.102741],[-117.533214,49.101859],[-117.533937,49.099608],[-117.533633,49.098666],[-117.536917,49.098561],[-117.539449,49.099513],[-117.542461,49.099506],[-117.551601,49.089722],[-117.55595,49.091547],[-117.553337,49.094384],[-117.553738,49.094279],[-117.557591,49.09593],[-117.55268,49.101073],[-117.557385,49.102423],[-117.562367,49.097216],[-117.564415,49.097692],[-117.572413,49.089892],[-117.572021,49.089782],[-117.572479,49.089158],[-117.572999,49.088744],[-117.574091,49.088742],[-117.583278,49.081714],[-117.577751,49.077809],[-117.582207,49.074852],[-117.580291,49.07816],[-117.582176,49.077044],[-117.58187,49.076507],[-117.584734,49.075647],[-117.586858,49.073486],[-117.587391,49.073329],[-117.589064,49.073654],[-117.590234,49.072875],[-117.591958,49.072821],[-117.592294,49.072243],[-117.593478,49.071626],[-117.59533,49.071877],[-117.596014,49.070865],[-117.598004,49.070126],[-117.594287,49.07387],[-117.598102,49.073389],[-117.599934,49.072426],[-117.602115,49.072521],[-117.604368,49.073934],[-117.605385,49.074238],[-117.608374,49.077076],[-117.610555,49.077076],[-117.611279,49.075],[-117.612918,49.073583],[-117.61202,49.070853],[-117.61403,49.063871],[-117.616458,49.057598],[-117.614045,49.049314],[-117.613546,49.046484],[-117.61367,49.043478],[-117.616412,49.036194],[-117.615255,49.034137],[-117.608178,49.030742],[-117.60518,49.028011],[-117.603802,49.022736],[-117.607212,49.015264],[-117.61185,49.012159],[-117.619634,49.007802],[-117.630697,49.002285],[-117.632005,49.000823],[-117.469667,49.000673],[-117.468591,49.023148],[-117.467498,49.036318],[-117.468166,49.046331],[-117.466231,49.050462],[-117.467075,49.055875],[-117.465445,49.088172],[-117.521098,49.088066],[-117.520752,49.102957],[-117.521097,49.104444]]]},"properties":{"id":"59050101","boundaryCode":"59050101","boundaryName":"DA 59050101","boundarySource":"census","boundaryLevel":"bcDaSimplified","boundaryDetail":"medium","DAUID":"59050101","DGUID":"2021S051259050101","PRUID":"59","CDUID":"5905","CDNAME":"Kootenay Boundary","CDTYPE":"RD","CSDUID":"5905026","CSDNAME":"Kootenay Boundary A","CSDTYPE":"RDA","CTUID":null,"CTNAME":null,"parentCdId":"5905","parentCdName":"Kootenay Boundary","parentCsdId":"5905026","parentCsdName":"Kootenay Boundary A","parentCtId":null,"parentCtName":null,"LANDAREA":99.6254,"areaKm2":103.88308828673075},"id":50141},{"type":"Feature","geometry":{"type":"Polygon","coordinates":[[[-117.583278,49.081714],[-117.586958,49.080099],[-117.592395,49.07903],[-117.592069,49.078299],[-117.593631,49.077791],[-117.596017,49.076234],[-117.595623,49.075971],[-117.597843,49.074544],[-117.600894,49.073627],[-117.601412,49.074358],[-117.604368,49.073934],[-117.602115,49.072521],[-117.599934,49.072426],[-117.598102,49.073389],[-117.594287,49.07387],[-117.598004,49.070126],[-117.596014,49.070865],[-117.59533,49.071877],[-117.593478,49.071626],[-117.592294,49.072243],[-117.591958,49.072821],[-117.590234,49.072875],[-117.589064,49.073654],[-117.587391,49.073329],[-117.586858,49.073486],[-117.584734,49.075647],[-117.58187,49.076507],[-117.582176,49.077044],[-117.580291,49.07816],[-117.582207,49.074852],[-117.577751,49.077809],[-117.583278,49.081714]]]},"properties":{"id":"59050102","boundaryCode":"59050102","boundaryName":"DA 59050102","boundarySource":"census","boundaryLevel":"bcDaSimplified","boundaryDetail":"medium","DAUID":"59050102","DGUID":"2021S051259050102","PRUID":"59","CDUID":"5905","CDNAME":"Kootenay Boundary","CDTYPE":"RD","CSDUID":"5905009","CSDNAME":"Montrose","CSDTYPE":"VL","CTUID":null,"CTNAME":null,"parentCdId":"5905","parentCdName":"Kootenay Boundary","parentCsdId":"5905009","parentCsdName":"Montrose","parentCtId":null,"parentCtName":null,"LANDAREA":0.8459,"areaKm2":0.8451355896177568},"id":50142},{"type":"Feature","geometry":{"type":"Polygon","coordinates":[[[-117.583278,49.081714],[-117.583363,49.084347],[-117.594213,49.084614],[-117.59419,49.080204],[-117.596731,49.079031],[-117.59892,49.076015],[-117.60027,49.075874],[-117.600896,49.075407],[-117.60165,49.076139],[-117.601979,49.075784],[-117.603382,49.075863],[-117.60462,49.074756],[-117.604368,49.073934],[-117.601412,49.074358],[-117.600894,49.073627],[-117.597843,49.074544],[-117.595623,49.075971],[-117.596017,49.076234],[-117.593631,49.077791],[-117.592069,49.078299],[-117.592395,49.07903],[-117.586958,49.080099],[-117.583278,49.081714]]]},"properties":{"id":"59050103","boundaryCode":"59050103","boundaryName":"DA 59050103","boundarySource":"census","boundaryLevel":"bcDaSimplified","boundaryDetail":"medium","DAUID":"59050103","DGUID":"2021S051259050103","PRUID":"59","CDUID":"5905","CDNAME":"Kootenay Boundary","CDTYPE":"RD","CSDUID":"5905009","CSDNAME":"Montrose","CSDTYPE":"VL","CTUID":null,"CTNAME":null,"parentCdId":"5905","parentCdName":"Kootenay Boundary","parentCsdId":"5905009","parentCsdName":"Montrose","parentCtId":null,"parentCtName":null,"LANDAREA":0.6157,"areaKm2":0.6151300858404988},"id":50143},{"type":"Feature","geometry":{"type":"Polygon","coordinates":[[[-117.728843,49.117878],[-117.715247,49.111017],[-117.711165,49.103825],[-117.707267,49.105368],[-117.710785,49.107875],[-117.713122,49.11112],[-117.714814,49.113697],[-117.715751,49.117654],[-117.716862,49.117774],[-117.717871,49.118889],[-117.719915,49.11968],[-117.719855,49.120133],[-117.711219,49.121253],[-117.711442,49.132036],[-117.723802,49.131977],[-117.724061,49.146535],[-117.734488,49.146563],[-117.737174,49.14065],[-117.73644,49.136067],[-117.735928,49.123643],[-117.733148,49.119857],[-117.728843,49.117878]]]},"properties":{"id":"59050105","boundaryCode":"59050105","boundaryName":"DA 59050105","boundarySource":"census","boundaryLevel":"bcDaSimplified","boundaryDetail":"medium","DAUID":"59050105","DGUID":"2021S051259050105","PRUID":"59","CDUID":"5905","CDNAME":"Kootenay Boundary","CDTYPE":"RD","CSDUID":"5905014","CSDNAME":"Trail","CSDTYPE":"CY","CTUID":null,"CTNAME":null,"parentCdId":"5905","parentCdName":"Kootenay Boundary","parentCsdId":"5905014","parentCsdName":"Trail","parentCtId":null,"parentCtName":null,"LANDAREA":4.0637,"areaKm2":4.554747391359115},"id":50144},{"type":"Feature","geometry":{"type":"Polygon","coordinates":[[[-117.679752,49.224345],[-117.680815,49.22343],[-117.682697,49.222858],[-117.684291,49.222881],[-117.688286,49.223626],[-117.690958,49.222836],[-117.691722,49.222079],[-117.692089,49.220995],[-117.690315,49.217174],[-117.690263,49.216326],[-117.69098,49.214946],[-117.693846,49.212696],[-117.696055,49.211543],[-117.70439,49.209315],[-117.706635,49.207913],[-117.70801,49.204845],[-117.708404,49.200973],[-117.705914,49.201138],[-117.701475,49.202698],[-117.683629,49.20854],[-117.679696,49.215984],[-117.678464,49.219714],[-117.675357,49.224547],[-117.679752,49.224345]]]},"properties":{"id":"59050106","boundaryCode":"59050106","boundaryName":"DA 59050106","boundarySource":"census","boundaryLevel":"bcDaSimplified","boundaryDetail":"medium","DAUID":"59050106","DGUID":"2021S051259050106","PRUID":"59","CDUID":"5905","CDNAME":"Kootenay Boundary","CDTYPE":"RD","CSDUID":"5905030","CSDNAME":"Kootenay Boundary B / Lower Columbia-Old-Glory","CSDTYPE":"RDA","CTUID":null,"CTNAME":null,"parentCdId":"5905","parentCdName":"Kootenay Boundary","parentCsdId":"5905030","parentCsdName":"Kootenay Boundary B / Lower Columbia-Old-Glory","parentCtId":null,"parentCtName":null,"LANDAREA":1.7899,"areaKm2":2.44347636557009},"id":50145},{"type":"Feature","geometry":{"type":"Polygon","coordinates":[[[-117.539499,49.110303],[-117.542294,49.112753],[-117.537003,49.115289],[-117.539047,49.116645],[-117.538345,49.117592],[-117.538451,49.118449],[-117.53875,49.118288],[-117.544642,49.114817],[-117.546501,49.11392],[-117.54583,49.113327],[-117.546673,49.112939],[-117.548131,49.111442],[-117.545384,49.110316],[-117.545704,49.109986],[-117.543574,49.109289],[-117.543182,49.108775],[-117.541613,49.108141],[-117.539499,49.110303]]]},"properties":{"id":"59050108","boundaryCode":"59050108","boundaryName":"DA 59050108","boundarySource":"census","boundaryLevel":"bcDaSimplified","boundaryDetail":"medium","DAUID":"59050108","DGUID":"2021S051259050108","PRUID":"59","CDUID":"5905","CDNAME":"Kootenay Boundary","CDTYPE":"RD","CSDUID":"5905005","CSDNAME":"Fruitvale","CSDTYPE":"VL","CTUID":null,"CTNAME":null,"parentCdId":"5905","parentCdName":"Kootenay Boundary","parentCsdId":"5905005","parentCsdName":"Fruitvale","parentCtId":null,"parentCtName":null,"LANDAREA":0.37310000000000004,"areaKm2":0.37278054439842245},"id":50146},{"type":"Feature","geometry":{"type":"Polygon","coordinates":[[[-117.52055,49.122825],[-117.522052,49.121877],[-117.526142,49.121055],[-117.532573,49.121161],[-117.538451,49.118449],[-117.538345,49.117592],[-117.539047,49.116645],[-117.537003,49.115289],[-117.542294,49.112753],[-117.539499,49.110303],[-117.526661,49.11652],[-117.529364,49.118959],[-117.527693,49.11973],[-117.526416,49.119085],[-117.525156,49.11951],[-117.524093,49.119066],[-117.520582,49.120657],[-117.52055,49.122825]]]},"properties":{"id":"59050109","boundaryCode":"59050109","boundaryName":"DA 59050109","boundarySource":"census","boundaryLevel":"bcDaSimplified","boundaryDetail":"medium","DAUID":"59050109","DGUID":"2021S051259050109","PRUID":"59","CDUID":"5905","CDNAME":"Kootenay Boundary","CDTYPE":"RD","CSDUID":"5905026","CSDNAME":"Kootenay Boundary A","CSDTYPE":"RDA","CTUID":null,"CTNAME":null,"parentCdId":"5905","parentCdName":"Kootenay Boundary","parentCsdId":"5905026","parentCsdName":"Kootenay Boundary A","parentCtId":null,"parentCtName":null,"LANDAREA":0.7851,"areaKm2":0.7843172893541284},"id":50147},{"type":"Feature","geometry":{"type":"Polygon","coordinates":[[[-117.520582,49.120657],[-117.524093,49.119066],[-117.525156,49.11951],[-117.526416,49.119085],[-117.527693,49.11973],[-117.529364,49.118959],[-117.526661,49.11652],[-117.539499,49.110303],[-117.541613,49.108141],[-117.545298,49.10427],[-117.549525,49.105986],[-117.550007,49.105534],[-117.549146,49.104983],[-117.549434,49.104588],[-117.550598,49.104312],[-117.550949,49.102971],[-117.55268,49.101073],[-117.557591,49.09593],[-117.553738,49.094279],[-117.553337,49.094384],[-117.55595,49.091547],[-117.551601,49.089722],[-117.542461,49.099506],[-117.539449,49.099513],[-117.536917,49.098561],[-117.533633,49.098666],[-117.533937,49.099608],[-117.533214,49.101859],[-117.527184,49.102741],[-117.521097,49.104444],[-117.519872,49.106212],[-117.520967,49.115182],[-117.520582,49.120657]]]},"properties":{"id":"59050110","boundaryCode":"59050110","boundaryName":"DA 59050110","boundarySource":"census","boundaryLevel":"bcDaSimplified","boundaryDetail":"medium","DAUID":"59050110","DGUID":"2021S051259050110","PRUID":"59","CDUID":"5905","CDNAME":"Kootenay Boundary","CDTYPE":"RD","CSDUID":"5905026","CSDNAME":"Kootenay Boundary A","CSDTYPE":"RDA","CTUID":null,"CTNAME":null,"parentCdId":"5905","parentCdName":"Kootenay Boundary","parentCsdId":"5905026","parentCsdName":"Kootenay Boundary A","parentCtId":null,"parentCtName":null,"LANDAREA":3.4474,"areaKm2":3.4441262338933685},"id":50148},{"type":"Feature","geometry":{"type":"Polygon","coordinates":[[[-117.55268,49.101073],[-117.550949,49.102971],[-117.550598,49.104312],[-117.549434,49.104588],[-117.549146,49.104983],[-117.550007,49.105534],[-117.549525,49.105986],[-117.545298,49.10427],[-117.541613,49.108141],[-117.543182,49.108775],[-117.543574,49.109289],[-117.545704,49.109986],[-117.545384,49.110316],[-117.548131,49.111442],[-117.546673,49.112939],[-117.54583,49.113327],[-117.546501,49.11392],[-117.544642,49.114817],[-117.545434,49.115538],[-117.548919,49.11368],[-117.55493,49.108194],[-117.555635,49.105385],[-117.556245,49.104455],[-117.558058,49.102821],[-117.560495,49.1017],[-117.563872,49.098264],[-117.564415,49.097692],[-117.562367,49.097216],[-117.557385,49.102423],[-117.55268,49.101073]]]},"properties":{"id":"59050111","boundaryCode":"59050111","boundaryName":"DA 59050111","boundarySource":"census","boundaryLevel":"bcDaSimplified","boundaryDetail":"medium","DAUID":"59050111","DGUID":"2021S051259050111","PRUID":"59","CDUID":"5905","CDNAME":"Kootenay Boundary","CDTYPE":"RD","CSDUID":"5905005","CSDNAME":"Fruitvale","CSDTYPE":"VL","CTUID":null,"CTNAME":null,"parentCdId":"5905","parentCdName":"Kootenay Boundary","parentCsdId":"5905005","parentCsdName":"Fruitvale","parentCtId":null,"parentCtName":null,"LANDAREA":0.8732000000000001,"areaKm2":0.872332090992362},"id":50149},{"type":"Feature","geometry":{"type":"Polygon","coordinates":[[[-117.53875,49.118288],[-117.53916,49.118581],[-117.541175,49.117574],[-117.54147,49.117837],[-117.541705,49.118163],[-117.54119,49.118376],[-117.541541,49.119113],[-117.540442,49.118019],[-117.539525,49.118489],[-117.540135,49.119009],[-117.539457,49.119337],[-117.541707,49.120919],[-117.540058,49.12172],[-117.54366,49.124416],[-117.546125,49.123839],[-117.544877,49.120277],[-117.549532,49.12044],[-117.556524,49.116935],[-117.557603,49.116107],[-117.554807,49.114214],[-117.554749,49.113847],[-117.557693,49.110748],[-117.560011,49.106156],[-117.560344,49.106937],[-117.561472,49.106736],[-117.567055,49.099805],[-117.563872,49.098264],[-117.560495,49.1017],[-117.558058,49.102821],[-117.556245,49.104455],[-117.555635,49.105385],[-117.55493,49.108194],[-117.548919,49.11368],[-117.545434,49.115538],[-117.544642,49.114817],[-117.53875,49.118288]]]},"properties":{"id":"59050115","boundaryCode":"59050115","boundaryName":"DA 59050115","boundarySource":"census","boundaryLevel":"bcDaSimplified","boundaryDetail":"medium","DAUID":"59050115","DGUID":"2021S051259050115","PRUID":"59","CDUID":"5905","CDNAME":"Kootenay Boundary","CDTYPE":"RD","CSDUID":"5905005","CSDNAME":"Fruitvale","CSDTYPE":"VL","CTUID":null,"CTNAME":null,"parentCdId":"5905","parentCdName":"Kootenay Boundary","parentCsdId":"5905005","parentCsdName":"Fruitvale","parentCtId":null,"parentCtName":null,"LANDAREA":1.4556,"areaKm2":1.4541898612959077},"id":50153},{"type":"Feature","geometry":{"type":"Polygon","coordinates":[[[-117.683629,49.20854],[-117.701475,49.202698],[-117.708396,49.197706],[-117.710972,49.194187],[-117.713428,49.189417],[-117.712598,49.184652],[-117.716894,49.174545],[-117.716447,49.172585],[-117.719148,49.167954],[-117.721526,49.164907],[-117.721901,49.162411],[-117.730362,49.151464],[-117.733324,49.148677],[-117.734488,49.146563],[-117.724061,49.146535],[-117.723802,49.131977],[-117.711442,49.132036],[-117.711219,49.121253],[-117.710814,49.110815],[-117.71015,49.109045],[-117.706856,49.106213],[-117.704132,49.105258],[-117.704363,49.11024],[-117.683987,49.111017],[-117.671547,49.110877],[-117.671202,49.103382],[-117.668252,49.103279],[-117.641807,49.103447],[-117.641618,49.095772],[-117.631388,49.096074],[-117.63114,49.092247],[-117.618544,49.092212],[-117.617987,49.088217],[-117.612984,49.088265],[-117.612122,49.078957],[-117.61134,49.078952],[-117.608374,49.077076],[-117.605385,49.074238],[-117.604368,49.073934],[-117.60462,49.074756],[-117.603382,49.075863],[-117.601979,49.075784],[-117.60165,49.076139],[-117.600896,49.075407],[-117.60027,49.075874],[-117.59892,49.076015],[-117.596731,49.079031],[-117.59419,49.080204],[-117.594213,49.084614],[-117.583363,49.084347],[-117.583278,49.081714],[-117.574091,49.088742],[-117.572999,49.088744],[-117.572479,49.089158],[-117.572021,49.089782],[-117.572413,49.089892],[-117.564415,49.097692],[-117.563872,49.098264],[-117.567055,49.099805],[-117.561472,49.106736],[-117.560344,49.106937],[-117.560011,49.106156],[-117.557693,49.110748],[-117.554749,49.113847],[-117.554807,49.114214],[-117.557603,49.116107],[-117.556524,49.116935],[-117.549532,49.12044],[-117.544877,49.120277],[-117.546125,49.123839],[-117.54366,49.124416],[-117.540058,49.12172],[-117.541707,49.120919],[-117.539457,49.119337],[-117.540135,49.119009],[-117.539525,49.118489],[-117.540442,49.118019],[-117.541541,49.119113],[-117.54119,49.118376],[-117.541705,49.118163],[-117.54147,49.117837],[-117.541175,49.117574],[-117.53916,49.118581],[-117.53875,49.118288],[-117.538451,49.118449],[-117.532573,49.121161],[-117.526142,49.121055],[-117.522052,49.121877],[-117.52055,49.122825],[-117.520538,49.123673],[-117.510835,49.123587],[-117.510809,49.138848],[-117.506054,49.138824],[-117.505812,49.157755],[-117.500462,49.158017],[-117.500467,49.160365],[-117.495366,49.160462],[-117.49494,49.163868],[-117.483868,49.164418],[-117.484248,49.17089],[-117.472129,49.171251],[-117.471962,49.175721],[-117.48559,49.175536],[-117.493976,49.175493],[-117.499603,49.175228],[-117.583954,49.174761],[-117.600075,49.175368],[-117.674289,49.175048],[-117.674095,49.207731],[-117.680926,49.207721],[-117.683629,49.20854]]]},"properties":{"id":"59050118","boundaryCode":"59050118","boundaryName":"DA 59050118","boundarySource":"census","boundaryLevel":"bcDaSimplified","boundaryDetail":"medium","DAUID":"59050118","DGUID":"2021S051259050118","PRUID":"59","CDUID":"5905","CDNAME":"Kootenay Boundary","CDTYPE":"RD","CSDUID":"5905026","CSDNAME":"Kootenay Boundary A","CSDTYPE":"RDA","CTUID":null,"CTNAME":null,"parentCdId":"5905","parentCdName":"Kootenay Boundary","parentCsdId":"5905026","parentCsdName":"Kootenay Boundary A","parentCtId":null,"parentCtName":null,"LANDAREA":134.3231,"areaKm2":135.6831800159049},"id":50154}]}