{"type":"FeatureCollection","name":"lidarbc_data_availability","metadata":{"title":"LidarBC Data Availability","portal":"https://lidar.gov.bc.ca/","arcgisAppId":"33ecd51f1e504929a4ff8378719816ce","arcgisWebMapId":"c2967cee749b4bdbac5e7c62935ca167","sourceService":"https://services6.arcgis.com/ubm4tcTYICKBpist/arcgis/rest/services/LiDAR_BC_S3_Public/FeatureServer/0","sourceBytes":3455786,"featureCount":13,"yearRange":"2011, 2015–2026","simplificationToleranceMetres":250,"topologyProfile":"overlap","note":"Cartographic overview only; tile-level downloads remain in LidarBC.","layers":{"availabilityFootprints":{"layerId":0,"name":"LiDARProject_Data_Extent","count":13,"lastEdit":"2026-07-13T23:19:02.116Z"},"dsm2500Tiles":{"layerId":1,"name":"LiDAR DSM Index 1:2,500","count":93514,"lastEdit":"2026-07-13T23:30:49.448Z"},"dsm10000Tiles":{"layerId":2,"name":"LiDAR DSM Index 1:10,000","count":170,"lastEdit":"2026-07-13T23:30:59.770Z"},"dsm20000Tiles":{"layerId":3,"name":"LiDAR DSM Index 1:20,000","count":923,"lastEdit":"2026-07-13T23:31:17.890Z"},"pointCloudTiles":{"layerId":4,"name":"LiDAR Point Cloud Index","count":160334,"lastEdit":"2026-07-13T23:53:05.673Z"},"dem2500Tiles":{"layerId":5,"name":"LiDAR DEM Index 1:2,500","count":93020,"lastEdit":"2026-07-14T00:04:41.611Z"},"dem20000Tiles":{"layerId":6,"name":"LiDAR DEM Index 1:20,000","count":2008,"lastEdit":"2026-07-14T00:05:10.328Z"}}},"features":[{"type":"Feature","geometry":{"type":"MultiPolygon","coordinates":[[[[-127.800016,50.500005],[-127.800017,50.600005],[-127.979163,50.600005],[-128.000017,50.600005],[-128.000017,50.550005],[-128.000017,50.500005],[-127.979163,50.500005],[-127.800016,50.500005]]],[[[-122.600016,52.500006],[-122.600016,52.400006],[-122.400016,52.400006],[-122.400016,52.500006],[-122.600016,52.500006]]]]},"properties":{"id":"2011","year":2011,"era":"2011–2018","title":"2011 LiDAR availability","source_area_km2":309,"display":"2011 · 309 km² source footprint","details":"Data-availability footprint published for 2011.\nSource footprint area: 309 km².\nThis is a simplified overview. Use the LidarBC portal to select and download individual product tiles."},"id":"2011"},{"type":"Feature","geometry":{"type":"Polygon","coordinates":[[[-115.200014,50.600007],[-115.200014,50.800007],[-115.400014,50.800007],[-115.400014,50.900007],[-116.000015,50.900007],[-116.000015,51.000007],[-116.200015,51.000006],[-116.200015,51.100007],[-116.400015,51.100006],[-116.400015,51.200006],[-117.000015,51.200006],[-117.000015,51.300006],[-117.400015,51.300006],[-117.400015,51.000006],[-117.200015,51.000006],[-117.200015,50.800006],[-117.000015,50.800006],[-117.000015,50.700006],[-116.800015,50.700006],[-116.800015,50.300006],[-116.600015,50.300006],[-116.600015,50.200006],[-116.400014,50.200006],[-116.400014,50.000006],[-116.400014,49.950006],[-116.400014,49.900006],[-116.400014,49.700006],[-116.224996,49.700006],[-116.200014,49.700006],[-116.029162,49.700006],[-116.000014,49.700006],[-116.000014,49.750006],[-116.000014,49.800006],[-115.900014,49.800006],[-115.824996,49.800006],[-115.800014,49.800006],[-115.750012,49.800006],[-115.724996,49.800006],[-115.679162,49.800006],[-115.624996,49.800006],[-115.600014,49.800006],[-115.579162,49.800006],[-115.424996,49.800007],[-115.400014,49.800007],[-115.400014,49.850007],[-115.400014,49.887512],[-115.325009,49.887509],[-115.325009,49.900006],[-115.295829,49.900007],[-115.200014,49.900007],[-115.200014,50.000007],[-115.154162,50.000007],[-115.000014,50.000007],[-115.000014,50.200007],[-115.000014,50.300007],[-115.000014,50.350007],[-115.000014,50.400007],[-115.000014,50.500007],[-115.079163,50.500007],[-115.200014,50.500007],[-115.200014,50.600007]],[[-115.400014,49.900007],[-115.379162,49.900007],[-115.375011,49.900006],[-115.400014,49.900007]]]},"properties":{"id":"2015","year":2015,"era":"2011–2018","title":"2015 LiDAR availability","source_area_km2":16737.8,"display":"2015 · 16,737.8 km² source footprint","details":"Data-availability footprint published for 2015.\nSource footprint area: 16,737.8 km².\nThis is a simplified overview. Use the LidarBC portal to select and download individual product tiles."},"id":"2015"},{"type":"Feature","geometry":{"type":"MultiPolygon","coordinates":[[[[-121.225015,49.000006],[-121.225015,49.025014],[-121.250015,49.025005],[-121.250015,49.075008],[-121.300015,49.07502],[-121.300015,49.087508],[-121.325014,49.087505],[-121.325014,49.100006],[-121.375015,49.100006],[-121.375015,49.087505],[-121.400015,49.087508],[-121.400015,49.062511],[-121.400015,49.000006],[-121.250015,49.000006],[-121.237496,49.000006],[-121.229162,49.000006],[-121.225015,49.000006]]],[[[-121.025015,49.225015],[-121.075014,49.225015],[-121.075014,49.212505],[-121.100015,49.212508],[-121.100015,49.175019],[-121.075014,49.175016],[-121.075014,49.125016],[-121.000015,49.125019],[-121.000015,49.11251],[-120.950014,49.11251],[-120.950014,49.137511],[-120.975015,49.137509],[-120.975015,49.175016],[-120.950014,49.175007],[-120.950014,49.200006],[-120.975015,49.200006],[-120.975015,49.212505],[-121.025015,49.212505],[-121.025015,49.225015]]],[[[-121.525015,49.650006],[-121.525015,49.687508],[-121.575014,49.687508],[-121.575014,49.700006],[-121.625015,49.700006],[-121.625015,49.662506],[-121.650015,49.662509],[-121.650015,49.675007],[-121.675015,49.675016],[-121.675015,49.662506],[-121.700015,49.662509],[-121.700015,49.637511],[-121.675015,49.637508],[-121.675015,49.612507],[-121.600015,49.61251],[-121.600015,49.600006],[-121.600015,49.500006],[-121.600015,49.400006],[-121.800015,49.400006],[-121.824996,49.400006],[-121.825014,49.462505],[-121.925015,49.462505],[-121.925015,49.437508],[-121.950014,49.437511],[-121.950014,49.425007],[-122.000015,49.425018],[-122.000015,49.300006],[-122.200015,49.300006],[-122.200015,49.350006],[-122.150015,49.350006],[-122.150015,49.387511],[-122.175015,49.387508],[-122.175015,49.400006],[-122.150015,49.400006],[-122.150015,49.425007],[-122.125015,49.425016],[-122.125015,49.537506],[-122.075014,49.537506],[-122.075014,49.587505],[-122.100015,49.587508],[-122.100015,49.61251],[-122.200015,49.61251],[-122.200015,49.600006],[-122.250015,49.600006],[-122.250015,49.61251],[-122.275015,49.612507],[-122.275015,49.675015],[-122.350016,49.675007],[-122.350016,49.662509],[-122.375015,49.662506],[-122.375015,49.650006],[-122.350016,49.650006],[-122.350016,49.625008],[-122.375015,49.625016],[-122.375015,49.650006],[-122.425015,49.650006],[-122.425015,49.662506],[-122.450014,49.662509],[-122.450014,49.675007],[-122.475016,49.675015],[-122.475016,49.587505],[-122.425015,49.587505],[-122.425015,49.550006],[-122.350016,49.550006],[-122.350016,49.537509],[-122.325014,49.537506],[-122.325014,49.525014],[-122.300015,49.525017],[-122.300015,49.500006],[-122.275015,49.500006],[-122.275015,49.425016],[-122.325014,49.425015],[-122.325014,49.400006],[-122.329162,49.400006],[-122.600015,49.400006],[-122.800015,49.400006],[-122.800015,49.500006],[-123.000015,49.500006],[-123.200016,49.500006],[-123.200015,49.400006],[-123.400016,49.400006],[-123.400015,49.300006],[-123.400015,49.100006],[-123.224996,49.100006],[-123.204162,49.100006],[-123.200015,49.100006],[-123.200015,49.050006],[-123.200015,49.000006],[-123.179162,49.000006],[-123.174996,49.000006],[-123.150015,49.000006],[-123.125015,49.000006],[-123.050015,49.000006],[-123.024996,49.000006],[-122.979162,49.000006],[-122.974996,49.000006],[-122.954162,49.000006],[-122.949996,49.000006],[-122.929162,49.000006],[-122.924996,49.000006],[-122.879162,49.000006],[-122.874996,49.000006],[-122.854162,49.000006],[-122.849996,49.000006],[-122.829162,49.000006],[-122.824996,49.000006],[-122.800015,49.000006],[-122.725016,49.000006],[-122.650015,49.000006],[-122.475016,49.000006],[-122.450014,49.000006],[-122.425014,49.000006],[-122.420829,49.000006],[-122.375015,49.000006],[-122.374996,49.000006],[-122.358329,49.000006],[-122.349996,49.000006],[-122.341662,49.000006],[-122.325014,49.000006],[-122.312496,49.000006],[-122.308329,49.000006],[-122.266662,49.000006],[-122.250015,49.000006],[-122.245829,49.000006],[-122.225016,49.000006],[-122.212496,49.000006],[-122.120829,49.000006],[-122.116662,49.000006],[-122.100015,49.000006],[-122.091662,49.000006],[-122.075014,49.000006],[-122.050014,49.000006],[-122.000015,49.000006],[-121.879162,49.000006],[-121.450014,49.000006],[-121.450014,49.050006],[-121.475015,49.050006],[-121.475016,49.087505],[-121.450014,49.087508],[-121.450014,49.137511],[-121.475016,49.137508],[-121.475016,49.175016],[-121.500015,49.175019],[-121.500015,49.200006],[-121.495829,49.200006],[-121.400015,49.200006],[-121.400015,49.250006],[-121.400015,49.300006],[-121.200015,49.300006],[-121.200015,49.350006],[-121.200015,49.400006],[-121.200015,49.500006],[-121.400015,49.500006],[-121.400015,49.562511],[-121.375015,49.562508],[-121.375015,49.575017],[-121.400015,49.57502],[-121.400015,49.600006],[-121.400015,49.61251],[-121.375015,49.612507],[-121.375015,49.637508],[-121.400015,49.637511],[-121.400015,49.650006],[-121.425015,49.650006],[-121.425015,49.662506],[-121.475016,49.662506],[-121.475016,49.650006],[-121.525015,49.650006],[-121.525015,49.637508],[-121.550015,49.637511],[-121.550015,49.650006],[-121.525015,49.650006]]],[[[-121.600015,49.200006],[-121.600015,49.150006],[-121.575014,49.150006],[-121.575014,49.200006],[-121.579162,49.200006],[-121.600015,49.200006]]],[[[-122.000015,49.662509],[-121.975016,49.662506],[-121.975016,49.650006],[-121.950014,49.650006],[-121.950014,49.637511],[-121.925015,49.637508],[-121.925015,49.625016],[-121.900015,49.625019],[-121.900015,49.587508],[-121.875015,49.587505],[-121.875015,49.575017],[-121.800015,49.57502],[-121.800015,49.637511],[-121.825014,49.637508],[-121.825014,49.662506],[-121.850016,49.662509],[-121.850016,49.687511],[-121.875015,49.687508],[-121.875015,49.700006],[-121.900015,49.700006],[-121.900015,49.725018],[-121.925015,49.725015],[-121.925015,49.737507],[-121.950014,49.73751],[-121.950014,49.787509],[-121.975016,49.787506],[-121.975016,49.825017],[-122.050015,49.825008],[-122.050015,49.837508],[-122.125015,49.837505],[-122.125015,49.825017],[-122.150015,49.825008],[-122.150015,49.775005],[-122.175015,49.775014],[-122.175015,49.750006],[-122.125015,49.750006],[-122.125015,49.737507],[-122.100015,49.73751],[-122.100015,49.725018],[-122.075014,49.725015],[-122.075014,49.712505],[-122.050015,49.712508],[-122.050015,49.700006],[-122.025015,49.700006],[-122.025015,49.675015],[-122.000015,49.675018],[-122.000015,49.662509]]],[[[-121.425015,49.662506],[-121.400015,49.662509],[-121.400015,49.675018],[-121.300015,49.675018],[-121.300015,49.725018],[-121.325014,49.725015],[-121.325014,49.762509],[-121.350016,49.762511],[-121.350016,49.837508],[-121.375015,49.837505],[-121.375015,49.850006],[-121.450014,49.850006],[-121.450014,49.825008],[-121.475016,49.825017],[-121.475016,49.787506],[-121.450014,49.787509],[-121.450014,49.750006],[-121.425015,49.750006],[-121.425015,49.737507],[-121.450014,49.73751],[-121.450014,49.712508],[-121.425015,49.712505],[-121.425015,49.662506]]],[[[-115.850012,49.86251],[-115.850012,49.875008],[-115.875012,49.875017],[-115.875012,49.862508],[-115.850012,49.86251]]],[[[-122.800016,50.500006],[-122.800016,50.600006],[-123.200016,50.600006],[-123.200016,50.500006],[-123.200016,50.400006],[-123.000016,50.400006],[-123.000016,50.100006],[-123.200016,50.100006],[-123.200016,50.000006],[-123.400016,50.000006],[-123.400016,49.900006],[-123.400016,49.700006],[-123.400016,49.600006],[-123.308329,49.600006],[-123.229163,49.600006],[-123.224996,49.600006],[-123.200016,49.600006],[-123.000016,49.600006],[-123.000016,49.700006],[-123.000016,49.800006],[-123.000016,50.000006],[-122.800016,50.000006],[-122.800016,50.200006],[-122.400016,50.200006],[-122.400016,50.400006],[-122.600016,50.400006],[-122.600016,50.500006],[-122.800016,50.500006]]],[[[-115.725012,49.812508],[-115.750012,49.812511],[-115.750012,49.800006],[-115.800014,49.800006],[-115.824996,49.800006],[-115.825011,49.825018],[-115.850012,49.825009],[-115.850012,49.850006],[-115.925011,49.850006],[-115.925011,49.812508],[-115.900012,49.812511],[-115.900014,49.800006],[-116.000014,49.800006],[-116.000014,49.750006],[-116.000014,49.73751],[-116.025012,49.737508],[-116.025012,49.700006],[-116.029162,49.700006],[-116.200014,49.700006],[-116.200014,49.550006],[-116.200014,49.500006],[-116.274996,49.500006],[-116.400014,49.500006],[-116.400014,49.450006],[-116.400014,49.350006],[-116.400014,49.300006],[-116.349996,49.300006],[-116.200014,49.300006],[-116.200014,49.250006],[-116.200014,49.200006],[-116.149996,49.200006],[-116.000014,49.200006],[-116.000014,49.100006],[-116.000014,49.050006],[-116.000014,49.000006],[-115.800014,49.000006],[-114.900008,49.000006],[-114.000014,49.000007],[-114.000014,49.200007],[-114.200014,49.200007],[-114.200014,49.300007],[-114.400005,49.300007],[-114.400014,49.600007],[-114.600014,49.600007],[-114.600014,50.200007],[-114.724996,50.200007],[-114.979162,50.200007],[-114.995829,50.200007],[-115.000014,50.200007],[-115.000014,50.000007],[-115.000014,49.800007],[-114.849996,49.800007],[-114.800014,49.800007],[-114.800014,49.750007],[-114.800014,49.700007],[-114.829162,49.700007],[-114.849996,49.700007],[-114.900014,49.700007],[-114.949996,49.700007],[-115.054162,49.700007],[-115.200014,49.700007],[-115.200014,49.600007],[-115.400011,49.600006],[-115.400014,49.800007],[-115.424996,49.800007],[-115.42501,49.837506],[-115.45001,49.837509],[-115.45001,49.825009],[-115.475011,49.825018],[-115.475011,49.837506],[-115.525011,49.837506],[-115.525011,49.812508],[-115.55001,49.812511],[-115.55001,49.825009],[-115.57501,49.825018],[-115.57501,49.800006],[-115.579162,49.800006],[-115.600014,49.800006],[-115.624996,49.800006],[-115.625011,49.812508],[-115.600011,49.812511],[-115.600011,49.82502],[-115.57501,49.825018],[-115.57501,49.837506],[-115.600011,49.837509],[-115.600011,49.86251],[-115.625011,49.862508],[-115.625011,49.850006],[-115.675011,49.850006],[-115.675011,49.837506],[-115.700012,49.837509],[-115.700012,49.82502],[-115.725012,49.825018],[-115.725012,49.812508],[-115.675011,49.812508],[-115.675011,49.825018],[-115.650011,49.825009],[-115.650011,49.812511],[-115.675011,49.812508],[-115.675011,49.800006],[-115.679162,49.800006],[-115.724996,49.800006],[-115.725012,49.812508]]],[[[-126.450017,54.600005],[-126.450017,54.625007],[-126.425017,54.625015],[-126.425017,54.637508],[-126.450017,54.637511],[-126.450017,54.662508],[-126.475018,54.662506],[-126.475018,54.675014],[-126.500018,54.675017],[-126.500018,54.68751],[-126.525017,54.687507],[-126.525017,54.675014],[-126.550017,54.675006],[-126.550017,54.700005],[-126.600018,54.700005],[-126.600018,54.712507],[-126.550017,54.712508],[-126.550017,54.725006],[-126.575017,54.725013],[-126.575017,54.737506],[-126.550017,54.737509],[-126.550017,54.762511],[-126.575017,54.762508],[-126.575017,54.800005],[-126.600018,54.800005],[-126.600018,54.825018],[-126.650017,54.825008],[-126.650017,54.81251],[-126.725018,54.812507],[-126.725018,54.787506],[-126.700018,54.787508],[-126.700018,54.762511],[-126.725018,54.762508],[-126.725018,54.775013],[-126.750018,54.775005],[-126.750018,54.800005],[-126.825017,54.800005],[-126.825017,54.787506],[-126.875018,54.787506],[-126.875018,54.775013],[-126.850018,54.775005],[-126.850018,54.762511],[-126.900018,54.762511],[-126.900018,54.737509],[-126.875018,54.737506],[-126.875018,54.725013],[-126.825017,54.725013],[-126.825017,54.712505],[-126.875018,54.712505],[-126.875018,54.725013],[-126.950017,54.725006],[-126.950017,54.712507],[-126.925017,54.712505],[-126.925017,54.700005],[-126.875018,54.700005],[-126.875018,54.687507],[-126.850018,54.68751],[-126.850018,54.650005],[-126.775017,54.650005],[-126.775017,54.587505],[-126.750018,54.587507],[-126.750018,54.575008],[-126.725018,54.575016],[-126.725018,54.562507],[-126.700018,54.56251],[-126.700018,54.550005],[-126.750018,54.550005],[-126.750018,54.500005],[-126.675017,54.500005],[-126.675017,54.487506],[-126.625018,54.487506],[-126.625018,54.500005],[-126.600018,54.500005],[-126.600018,54.512511],[-126.575017,54.512508],[-126.575017,54.537506],[-126.525017,54.537506],[-126.525017,54.562507],[-126.425017,54.562507],[-126.425017,54.600005],[-126.450017,54.600005],[-126.450017,54.587508],[-126.475018,54.587505],[-126.475018,54.600005],[-126.450017,54.600005]]],[[[-128.000018,54.925016],[-128.100018,54.925016],[-128.100018,54.912508],[-128.125018,54.912506],[-128.125018,54.875015],[-128.100018,54.875017],[-128.100018,54.862509],[-128.125018,54.862506],[-128.125018,54.825015],[-128.100018,54.825018],[-128.100018,54.81251],[-128.075017,54.812507],[-128.075017,54.800005],[-128.100018,54.800005],[-128.100018,54.775015],[-128.025018,54.775012],[-128.025018,54.762508],[-128.050017,54.76251],[-128.050017,54.712507],[-128.025018,54.712505],[-128.025018,54.625015],[-128.050017,54.625007],[-128.050017,54.537508],[-128.075017,54.537506],[-128.075017,54.525012],[-128.125018,54.525012],[-128.125018,54.512508],[-128.150018,54.51251],[-128.150018,54.450005],[-128.075017,54.450005],[-128.075017,54.437507],[-127.975018,54.437507],[-127.975018,54.425014],[-127.950017,54.425006],[-127.950017,54.38751],[-127.900018,54.38751],[-127.900018,54.375017],[-127.875018,54.375015],[-127.875018,54.387508],[-127.850018,54.38751],[-127.850018,54.350005],[-127.825017,54.350005],[-127.825017,54.325016],[-127.800018,54.325018],[-127.800018,54.300005],[-127.750018,54.300005],[-127.750018,54.38751],[-127.775018,54.387508],[-127.775018,54.437507],[-127.800018,54.43751],[-127.800018,54.450005],[-127.825017,54.450005],[-127.825017,54.462505],[-127.800018,54.462507],[-127.800018,54.487509],[-127.825017,54.487506],[-127.825017,54.512508],[-127.800018,54.51251],[-127.800018,54.525015],[-127.775018,54.525012],[-127.775018,54.537506],[-127.750018,54.537508],[-127.750018,54.56251],[-127.800018,54.56251],[-127.800018,54.575018],[-127.850018,54.575008],[-127.850018,54.587507],[-127.875018,54.587505],[-127.875018,54.625015],[-127.900018,54.625017],[-127.900018,54.63751],[-127.925017,54.637508],[-127.925017,54.650005],[-127.900018,54.650005],[-127.900018,54.68751],[-127.925017,54.687507],[-127.925017,54.712505],[-127.900018,54.712507],[-127.900018,54.76251],[-127.925017,54.762508],[-127.925017,54.787506],[-127.900018,54.787508],[-127.900018,54.800005],[-127.875018,54.800005],[-127.875018,54.812507],[-127.850019,54.81251],[-127.850019,54.875007],[-127.900018,54.875017],[-127.900018,54.862509],[-127.925017,54.862506],[-127.925017,54.912506],[-128.000018,54.912508],[-128.000018,54.925016]]],[[[-126.625018,55.537506],[-126.625018,55.575015],[-126.650018,55.575008],[-126.650018,55.587507],[-126.675017,55.587505],[-126.675017,55.600005],[-126.725019,55.600005],[-126.725019,55.562507],[-126.700018,55.56251],[-126.700018,55.550005],[-126.675017,55.550005],[-126.675017,55.525012],[-126.700018,55.525015],[-126.700018,55.537508],[-126.725019,55.537506],[-126.725019,55.487506],[-126.700018,55.487509],[-126.700018,55.43751],[-126.675017,55.437507],[-126.675017,55.450005],[-126.650018,55.450005],[-126.650018,55.475006],[-126.625018,55.475013],[-126.625018,55.537506]]],[[[-126.900018,55.625017],[-126.950017,55.625007],[-126.950017,55.612509],[-126.975019,55.612506],[-126.975019,55.537506],[-126.950017,55.537508],[-126.950017,55.51251],[-126.850019,55.51251],[-126.850019,55.525005],[-126.800018,55.525015],[-126.800018,55.56251],[-126.825017,55.562507],[-126.825017,55.587505],[-126.850019,55.587507],[-126.850019,55.600005],[-126.875018,55.600005],[-126.875018,55.612506],[-126.900018,55.612509],[-126.900018,55.625017]]]]},"properties":{"id":"2016","year":2016,"era":"2011–2018","title":"2016 LiDAR availability","source_area_km2":26307.9,"display":"2016 · 26,307.9 km² source footprint","details":"Data-availability footprint published for 2016.\nSource footprint area: 26,307.9 km².\nThis is a simplified overview. Use the LidarBC portal to select and download individual product tiles."},"id":"2016"},{"type":"Feature","geometry":{"type":"MultiPolygon","coordinates":[[[[-122.200015,49.100006],[-122.200015,49.000006],[-122.179162,49.000006],[-122.174996,49.000006],[-122.154162,49.000006],[-122.149996,49.000006],[-122.129162,49.000006],[-122.124996,49.000006],[-122.112496,49.000006],[-122.104162,49.000006],[-122.095829,49.000006],[-122.087496,49.000006],[-122.079162,49.000006],[-122.074996,49.000006],[-122.054162,49.000006],[-122.000015,49.000006],[-121.879162,49.000006],[-121.800015,49.000006],[-121.800015,49.100006],[-121.879162,49.100006],[-121.900015,49.100006],[-122.100015,49.100006],[-122.124996,49.100006],[-122.200015,49.100006]]],[[[-122.200015,49.100006],[-122.200015,49.200006],[-122.200015,49.300006],[-122.000015,49.300006],[-122.000015,49.250006],[-122.000015,49.200006],[-121.800015,49.200006],[-121.749996,49.200006],[-121.729162,49.200006],[-121.600015,49.200006],[-121.600015,49.300006],[-121.400015,49.300006],[-121.400015,49.250006],[-121.400015,49.23751],[-121.450014,49.23751],[-121.450014,49.250006],[-121.550014,49.250006],[-121.550014,49.225006],[-121.525015,49.225015],[-121.525015,49.200006],[-121.550014,49.200006],[-121.550014,49.187511],[-121.525015,49.187508],[-121.525015,49.137508],[-121.500015,49.137511],[-121.500015,49.125019],[-121.475016,49.125016],[-121.475016,49.137508],[-121.450014,49.137511],[-121.425014,49.137508],[-121.425014,49.087505],[-121.400015,49.087508],[-121.400015,49.062511],[-121.375015,49.062508],[-121.375015,49.075017],[-121.325014,49.075017],[-121.325014,49.062508],[-121.275015,49.062508],[-121.275015,49.012508],[-121.250015,49.012511],[-121.250015,49.000006],[-121.237496,49.000006],[-121.229162,49.000006],[-121.225015,49.000006],[-121.200015,49.000006],[-121.200015,49.100006],[-121.225015,49.100006],[-121.225015,49.175016],[-121.300015,49.175019],[-121.300015,49.200006],[-121.200015,49.200006],[-121.200015,49.300006],[-121.200015,49.350006],[-121.200015,49.400006],[-121.200015,49.500006],[-121.400015,49.500006],[-121.600015,49.500006],[-121.800015,49.500006],[-121.800015,49.450006],[-121.800015,49.400006],[-121.824996,49.400006],[-122.000015,49.400006],[-122.000015,49.500006],[-122.200015,49.500006],[-122.200015,49.400006],[-122.329162,49.400006],[-122.600015,49.400006],[-122.600015,49.200006],[-122.600015,49.100006],[-122.579162,49.100006],[-122.574996,49.100006],[-122.554162,49.100006],[-122.549996,49.100006],[-122.529162,49.100006],[-122.524996,49.100006],[-122.479162,49.100006],[-122.474996,49.100006],[-122.454162,49.100006],[-122.449996,49.100006],[-122.429162,49.100006],[-122.424996,49.100006],[-122.379162,49.100006],[-122.374996,49.100006],[-122.354162,49.100006],[-122.349996,49.100006],[-122.345829,49.100006],[-122.337496,49.100006],[-122.329162,49.100006],[-122.324996,49.100006],[-122.308329,49.100006],[-122.300015,49.100006],[-122.279162,49.100006],[-122.274996,49.100006],[-122.270829,49.100006],[-122.262496,49.100006],[-122.254162,49.100006],[-122.249996,49.100006],[-122.245829,49.100006],[-122.237496,49.100006],[-122.229162,49.100006],[-122.224996,49.100006],[-122.200015,49.100006]]],[[[-116.175012,49.262509],[-116.175012,49.237507],[-116.075011,49.237507],[-116.075011,49.250006],[-116.125012,49.250006],[-116.125012,49.262509],[-116.175012,49.262509]]],[[[-116.175012,49.262509],[-116.175012,49.300006],[-116.200013,49.300006],[-116.200013,49.262512],[-116.175012,49.262509]]],[[[-123.200016,49.750006],[-123.200016,49.762511],[-123.250016,49.762511],[-123.250016,49.775005],[-123.300016,49.775017],[-123.300016,49.750006],[-123.350016,49.750006],[-123.350016,49.725006],[-123.325014,49.725015],[-123.325014,49.712505],[-123.350016,49.712508],[-123.350016,49.68751],[-123.375016,49.687507],[-123.375016,49.662506],[-123.350016,49.662509],[-123.350016,49.637511],[-123.325014,49.637508],[-123.325014,49.600006],[-123.308329,49.600006],[-123.300016,49.600006],[-123.300016,49.57502],[-123.250016,49.575008],[-123.250016,49.600006],[-123.225016,49.600006],[-123.225016,49.625016],[-123.250016,49.625008],[-123.250016,49.662509],[-123.200016,49.662509],[-123.200016,49.675018],[-123.175015,49.675015],[-123.175015,49.725015],[-123.150015,49.725006],[-123.150015,49.750006],[-123.200016,49.750006]]],[[[-115.400011,49.512512],[-115.400011,49.525018],[-115.42501,49.525015],[-115.42501,49.512509],[-115.400011,49.512512]]],[[[-116.025012,49.675016],[-116.000012,49.675019],[-116.000012,49.687511],[-116.050012,49.687511],[-116.050012,49.675008],[-116.025012,49.675016]]],[[[-121.400015,50.000006],[-121.600015,50.000006],[-121.600015,50.100006],[-121.800015,50.100006],[-121.800015,49.800006],[-121.600015,49.800006],[-121.600015,49.600006],[-121.400015,49.600006],[-121.400015,49.800006],[-121.200015,49.800006],[-121.200015,50.000006],[-121.400015,50.000006]]],[[[-119.300015,50.387512],[-119.325014,50.387509],[-119.325014,50.375016],[-119.350015,50.375008],[-119.350015,50.350006],[-119.375015,50.350006],[-119.375015,50.337506],[-119.400015,50.337509],[-119.400015,50.312511],[-119.425014,50.312508],[-119.425014,50.300006],[-119.450014,50.300006],[-119.450014,50.275006],[-119.475015,50.275014],[-119.475015,50.225015],[-119.500015,50.225018],[-119.500015,50.200006],[-119.525015,50.200006],[-119.525015,49.937508],[-119.550014,49.937511],[-119.550014,49.86251],[-119.575014,49.862507],[-119.575014,49.850006],[-119.600015,49.850006],[-119.600015,49.837509],[-119.650015,49.837509],[-119.650015,49.825009],[-119.675014,49.825017],[-119.675014,49.812508],[-119.725015,49.812508],[-119.725015,49.800006],[-119.750015,49.800006],[-119.750015,49.787509],[-119.775015,49.787506],[-119.775015,49.750006],[-119.800015,49.750006],[-119.800015,49.725018],[-119.775015,49.725015],[-119.775015,49.687508],[-119.750015,49.687511],[-119.750015,49.662509],[-119.725015,49.662506],[-119.725015,49.637509],[-119.700015,49.637512],[-119.700015,49.61251],[-119.675014,49.612507],[-119.675014,49.550006],[-119.650015,49.550006],[-119.650015,49.450006],[-119.625015,49.450006],[-119.625015,49.362507],[-119.600015,49.36251],[-119.600015,49.312511],[-119.575014,49.312508],[-119.575014,49.275014],[-119.550014,49.275006],[-119.550014,49.250006],[-119.575014,49.250006],[-119.575014,49.175016],[-119.600015,49.175019],[-119.600015,49.100006],[-119.575014,49.100006],[-119.575014,49.075017],[-119.550014,49.075009],[-119.550014,49.062511],[-119.525014,49.062508],[-119.525014,49.037506],[-119.500015,49.037509],[-119.500015,49.000006],[-119.400015,49.000006],[-119.400015,49.025017],[-119.425014,49.025014],[-119.425014,49.062508],[-119.450014,49.062511],[-119.450014,49.075009],[-119.475015,49.075017],[-119.475015,49.087506],[-119.500015,49.087509],[-119.500015,49.11251],[-119.525014,49.112507],[-119.525014,49.125017],[-119.550014,49.125008],[-119.550014,49.137512],[-119.525014,49.137509],[-119.525014,49.212506],[-119.500015,49.212509],[-119.500015,49.312511],[-119.525014,49.312508],[-119.525014,49.387509],[-119.550014,49.387512],[-119.550014,49.587509],[-119.575014,49.587506],[-119.575014,49.637509],[-119.600015,49.637512],[-119.600015,49.675019],[-119.625015,49.675016],[-119.625015,49.687508],[-119.650015,49.687511],[-119.650015,49.712509],[-119.675014,49.712506],[-119.675014,49.750006],[-119.650015,49.750006],[-119.650015,49.762512],[-119.575014,49.762509],[-119.575014,49.775014],[-119.525015,49.775014],[-119.525015,49.787506],[-119.500015,49.787509],[-119.500015,49.800006],[-119.475015,49.800006],[-119.475015,49.812508],[-119.450014,49.812511],[-119.450014,49.825009],[-119.425014,49.825017],[-119.425014,49.850006],[-119.400015,49.850006],[-119.400015,49.887512],[-119.425014,49.887509],[-119.425014,49.900006],[-119.450014,49.900006],[-119.450014,49.950006],[-119.425014,49.950006],[-119.425014,49.975015],[-119.400015,49.975018],[-119.400015,49.962509],[-119.375015,49.962506],[-119.375015,49.975015],[-119.350015,49.975006],[-119.350015,50.012512],[-119.325014,50.012509],[-119.325014,50.025014],[-119.350015,50.025006],[-119.350015,50.037509],[-119.375015,50.037506],[-119.375015,50.062508],[-119.350015,50.062511],[-119.350015,50.087509],[-119.325014,50.087506],[-119.325014,50.150006],[-119.300015,50.150006],[-119.300015,50.162509],[-119.275015,50.162506],[-119.275015,50.175016],[-119.250015,50.175007],[-119.250015,50.187511],[-119.200015,50.187511],[-119.200015,50.200006],[-119.125015,50.200006],[-119.125015,50.212506],[-119.075014,50.212506],[-119.075014,50.200006],[-119.012496,50.200006],[-118.975015,50.200006],[-118.975015,50.212506],[-118.900015,50.212509],[-118.900015,50.262512],[-119.000015,50.262512],[-119.000015,50.250006],[-119.225015,50.250006],[-119.225015,50.262509],[-119.275015,50.262509],[-119.275015,50.275014],[-119.350015,50.275006],[-119.350015,50.287509],[-119.325014,50.287506],[-119.325014,50.300006],[-119.300015,50.300006],[-119.300015,50.32502],[-119.275015,50.325017],[-119.275015,50.375016],[-119.300015,50.375019],[-119.300015,50.387512]]],[[[-119.375015,50.212506],[-119.375015,50.200006],[-119.325014,50.200006],[-119.325014,50.225015],[-119.350015,50.225006],[-119.350015,50.212509],[-119.375015,50.212506]]],[[[-119.400015,50.175019],[-119.425014,50.175016],[-119.425014,50.125016],[-119.400015,50.125019],[-119.400015,50.175019],[-119.375015,50.175016],[-119.375015,50.187508],[-119.400015,50.187511],[-119.400015,50.175019]]],[[[-117.200014,49.300006],[-117.200014,49.200006],[-117.000014,49.200006],[-117.000014,49.000006],[-116.979162,49.000006],[-116.974996,49.000006],[-116.954162,49.000006],[-116.949996,49.000006],[-116.929162,49.000006],[-116.149996,49.000006],[-116.100014,49.000006],[-116.049996,49.000006],[-116.000014,49.000006],[-116.000014,49.012512],[-115.950011,49.012512],[-115.950011,49.025006],[-115.925011,49.025015],[-115.925011,49.012509],[-115.850012,49.012512],[-115.850012,49.03751],[-115.825011,49.037507],[-115.825011,49.062508],[-115.850012,49.062511],[-115.850012,49.11251],[-115.875012,49.112507],[-115.875012,49.100006],[-115.900012,49.100006],[-115.900012,49.050006],[-115.950011,49.050006],[-115.950011,49.062511],[-115.975012,49.062508],[-115.975012,49.050006],[-116.000014,49.050006],[-116.000014,49.100006],[-116.000014,49.200006],[-116.149996,49.200006],[-116.150012,49.225007],[-116.200013,49.225018],[-116.200014,49.212509],[-116.200014,49.250006],[-116.200014,49.300006],[-116.349996,49.300006],[-116.350013,49.325009],[-116.325012,49.325018],[-116.325012,49.337506],[-116.250013,49.337509],[-116.250013,49.312511],[-116.200013,49.312511],[-116.200013,49.337509],[-116.225013,49.337506],[-116.225013,49.362507],[-116.250013,49.36251],[-116.250013,49.375008],[-116.275012,49.375017],[-116.275012,49.387509],[-116.325012,49.387509],[-116.325012,49.375017],[-116.350013,49.375008],[-116.350013,49.36251],[-116.400013,49.36251],[-116.400014,49.337509],[-116.400014,49.350006],[-116.400014,49.450006],[-116.400014,49.500006],[-116.325012,49.500006],[-116.325012,49.487507],[-116.300013,49.48751],[-116.300013,49.500006],[-116.274996,49.500006],[-116.200014,49.500006],[-116.200014,49.550006],[-116.200014,49.600006],[-116.150012,49.600006],[-116.150012,49.625008],[-116.125013,49.625017],[-116.125013,49.675016],[-116.175012,49.675016],[-116.175012,49.687508],[-116.200013,49.687511],[-116.200014,49.700006],[-116.224996,49.700006],[-116.225013,49.712506],[-116.175012,49.712506],[-116.175012,49.725015],[-116.125013,49.725015],[-116.125013,49.750006],[-116.075011,49.750006],[-116.075011,49.787507],[-116.000012,49.78751],[-116.000012,49.800006],[-115.975013,49.800006],[-115.975013,49.812508],[-116.000012,49.812511],[-116.000012,49.82502],[-115.975013,49.825018],[-115.975013,49.850006],[-116.000012,49.850006],[-116.000012,49.86251],[-115.975013,49.862508],[-115.975013,49.875017],[-115.950011,49.875008],[-115.950011,49.900006],[-116.000012,49.900006],[-116.000012,49.87502],[-116.025012,49.875017],[-116.025012,49.862508],[-116.050012,49.86251],[-116.050012,49.837509],[-116.075011,49.837506],[-116.075011,49.825018],[-116.100013,49.82502],[-116.100013,49.812511],[-116.125013,49.812508],[-116.125013,49.800006],[-116.150012,49.800006],[-116.150012,49.78751],[-116.175012,49.787507],[-116.175012,49.775015],[-116.200013,49.775017],[-116.200013,49.78751],[-116.225013,49.787507],[-116.225013,49.825018],[-116.250013,49.825009],[-116.250013,49.887512],[-116.300013,49.887512],[-116.300013,49.87502],[-116.325012,49.875017],[-116.325012,49.862508],[-116.350013,49.86251],[-116.350013,49.837509],[-116.375013,49.837506],[-116.375013,49.887509],[-116.400013,49.887512],[-116.400014,49.950006],[-116.400014,50.000006],[-116.600014,50.000006],[-116.600015,50.100006],[-116.600015,50.200006],[-116.600015,50.300006],[-116.800015,50.300006],[-117.200015,50.300006],[-117.200015,50.200006],[-117.200015,50.100006],[-117.395829,50.100006],[-117.400015,50.100006],[-117.400015,50.000006],[-117.200015,50.000006],[-117.200015,49.950006],[-117.200015,49.900006],[-117.300015,49.900006],[-117.300015,49.850006],[-117.200015,49.850006],[-117.200015,49.800006],[-117.200015,49.700006],[-117.400015,49.700006],[-117.600015,49.700006],[-117.600015,49.650006],[-117.600015,49.500006],[-117.600015,49.400006],[-117.400014,49.400006],[-117.400014,49.300006],[-117.200014,49.300006],[-117.200014,49.400006],[-117.000014,49.400006],[-117.000014,49.300006],[-117.200014,49.300006]]],[[[-116.400013,49.750006],[-116.375013,49.750006],[-116.375013,49.800006],[-116.400014,49.800006],[-116.400013,49.750006]]],[[[-116.300013,49.800006],[-116.300013,49.78751],[-116.275012,49.787507],[-116.275012,49.800006],[-116.300013,49.800006]]],[[[-116.325012,49.775015],[-116.325012,49.762509],[-116.300013,49.762512],[-116.300013,49.775017],[-116.325012,49.775015]]],[[[-116.350013,49.750006],[-116.350013,49.73751],[-116.325012,49.737508],[-116.325012,49.750006],[-116.350013,49.750006]]],[[[-116.275012,49.825018],[-116.275012,49.837506],[-116.300013,49.837509],[-116.300013,49.82502],[-116.275012,49.825018]]],[[[-123.200016,50.700006],[-123.200016,50.712508],[-123.225016,50.712505],[-123.225016,50.725014],[-123.250016,50.725006],[-123.250016,50.73751],[-123.325015,50.737507],[-123.325015,50.762508],[-123.375016,50.762508],[-123.375016,50.750006],[-123.425015,50.750006],[-123.425015,50.725014],[-123.450015,50.725006],[-123.450015,50.700006],[-123.600016,50.700006],[-123.600016,50.600006],[-123.400016,50.600006],[-123.400016,50.650006],[-123.400016,50.662509],[-123.375016,50.662506],[-123.375016,50.637508],[-123.350016,50.637511],[-123.350016,50.625008],[-123.275015,50.625016],[-123.275015,50.650006],[-123.250016,50.650006],[-123.250016,50.675007],[-123.225016,50.675015],[-123.225016,50.662506],[-123.200016,50.662509],[-123.200016,50.675018],[-123.175015,50.675015],[-123.175015,50.687508],[-123.200016,50.68751],[-123.200016,50.700006]]],[[[-122.400016,50.800006],[-122.600016,50.800006],[-122.600016,50.900006],[-122.624996,50.900006],[-122.63333,50.900006],[-122.649996,50.900006],[-122.654163,50.900006],[-122.674996,50.900006],[-122.679163,50.900006],[-122.724996,50.900006],[-122.729163,50.900006],[-122.749996,50.900006],[-122.754163,50.900006],[-122.774996,50.900006],[-122.779163,50.900006],[-122.800016,50.900006],[-123.000016,50.900006],[-123.000016,50.800006],[-123.000016,50.700006],[-122.800016,50.700006],[-122.800016,50.600006],[-122.800016,50.500006],[-122.600016,50.500006],[-122.400016,50.500006],[-122.400016,50.600006],[-122.200016,50.600006],[-122.200016,50.700006],[-122.400016,50.700006],[-122.400016,50.800006]]],[[[-122.400016,50.800006],[-122.000016,50.800006],[-122.000016,50.900006],[-122.000016,51.000006],[-122.200016,51.000006],[-122.400016,51.000006],[-122.400016,50.900006],[-122.400016,50.800006]]],[[[-114.600014,50.200007],[-114.600014,50.400007],[-114.800014,50.400007],[-114.800014,50.600007],[-115.200014,50.600007],[-115.200014,50.500007],[-115.079163,50.500007],[-115.075008,50.500007],[-115.075008,50.450006],[-115.050009,50.450006],[-115.050009,50.387512],[-115.025009,50.387509],[-115.025009,50.325018],[-115.000014,50.32502],[-115.000014,50.312511],[-115.025009,50.312508],[-115.025009,50.300006],[-115.10001,50.300006],[-115.10001,50.262512],[-115.075008,50.262509],[-115.075008,50.175016],[-115.025009,50.175016],[-115.025009,50.162507],[-115.050009,50.16251],[-115.050009,50.137512],[-115.025009,50.137509],[-115.025009,50.100006],[-115.075008,50.100006],[-115.075008,50.087506],[-115.150009,50.087509],[-115.150009,50.000007],[-115.154162,50.000007],[-115.200014,50.000007],[-115.200014,49.900007],[-115.295829,49.900007],[-115.379162,49.900007],[-115.400014,49.900007],[-115.400014,49.850007],[-115.400014,49.800007],[-115.200014,49.800007],[-115.200014,49.700007],[-115.054162,49.700007],[-115.050008,49.700007],[-115.050008,49.637512],[-115.025009,49.637509],[-115.000009,49.637512],[-115.000009,49.675019],[-114.975009,49.675016],[-114.975009,49.700006],[-114.949996,49.700007],[-114.900014,49.700007],[-114.900008,49.675019],[-114.925008,49.675016],[-114.925008,49.625017],[-114.875008,49.625017],[-114.875008,49.650006],[-114.850009,49.650006],[-114.849996,49.700007],[-114.829162,49.700007],[-114.775007,49.700006],[-114.775007,49.775015],[-114.800008,49.775017],[-114.800008,49.73751],[-114.800014,49.750007],[-114.800014,49.800007],[-114.849996,49.800007],[-114.850009,49.887512],[-114.875008,49.887509],[-114.875008,50.087506],[-114.900009,50.087509],[-114.900009,50.12502],[-114.875008,50.125017],[-114.875008,50.150006],[-114.850009,50.150006],[-114.850009,50.16251],[-114.825007,50.162507],[-114.825007,50.175016],[-114.775008,50.175016],[-114.775008,50.112508],[-114.750008,50.11251],[-114.750008,50.062511],[-114.725008,50.062508],[-114.725008,50.050006],[-114.750008,50.050006],[-114.750008,49.98751],[-114.725008,49.987508],[-114.725008,49.925016],[-114.750008,49.925008],[-114.750008,49.91251],[-114.725008,49.912507],[-114.725008,49.862508],[-114.700007,49.86251],[-114.700007,49.762512],[-114.675007,49.762509],[-114.675007,49.750006],[-114.700007,49.750006],[-114.700007,49.712509],[-114.675007,49.712506],[-114.675007,49.700006],[-114.625007,49.700006],[-114.625007,49.762509],[-114.600007,49.762512],[-114.600007,49.775017],[-114.625007,49.775015],[-114.625007,49.887509],[-114.650007,49.887512],[-114.650007,49.962509],[-114.625007,49.962506],[-114.625007,49.975015],[-114.650007,49.975007],[-114.650007,50.050006],[-114.675007,50.050006],[-114.675007,50.112508],[-114.700007,50.11251],[-114.700007,50.12502],[-114.725008,50.125017],[-114.724996,50.200007],[-114.600014,50.200007]]],[[[-114.995829,50.200007],[-115.000009,50.200007],[-115.000009,50.16251],[-114.975009,50.162507],[-114.975009,50.125017],[-114.950008,50.125008],[-114.950008,50.187511],[-114.975009,50.187508],[-114.975009,50.200007],[-114.979162,50.200007],[-114.995829,50.200007]]],[[[-114.950008,50.062511],[-114.950008,50.050006],[-114.925008,50.050006],[-114.925008,50.062508],[-114.950008,50.062511],[-114.950008,50.075009],[-114.975009,50.075018],[-114.975009,50.062508],[-114.950008,50.062511]]],[[[-114.950008,49.98751],[-114.950008,49.975007],[-114.925008,49.975015],[-114.925008,49.987508],[-114.950008,49.98751]]],[[[-114.950008,49.937511],[-114.950008,49.925008],[-114.925008,49.925016],[-114.925008,49.950006],[-114.950008,49.950006],[-114.950008,49.937511]]],[[[-114.950008,49.850006],[-114.950008,49.837509],[-114.925008,49.837506],[-114.925008,49.887509],[-114.950008,49.887512],[-114.950008,49.850006]]],[[[-115.000009,49.837509],[-115.000009,49.82502],[-114.975009,49.825018],[-114.975009,49.837506],[-115.000009,49.837509]]],[[[-120.800016,51.250006],[-120.800016,51.400006],[-121.000016,51.400006],[-121.000016,51.500006],[-121.400016,51.500006],[-121.400016,51.300006],[-122.000016,51.300006],[-122.000016,51.200006],[-121.800016,51.200006],[-121.800016,51.100006],[-121.649996,51.100006],[-121.629163,51.100006],[-121.624996,51.100006],[-121.579163,51.100006],[-121.574996,51.100006],[-121.554163,51.100006],[-121.549996,51.100006],[-121.529163,51.100006],[-121.524996,51.100006],[-121.479163,51.100006],[-121.474996,51.100006],[-121.454163,51.100006],[-121.449996,51.100006],[-121.429163,51.100006],[-121.424996,51.100006],[-121.400016,51.100006],[-121.400016,51.200006],[-121.200016,51.200006],[-121.200016,51.100006],[-121.179163,51.100006],[-121.174996,51.100006],[-121.154163,51.100006],[-121.149996,51.100006],[-121.129163,51.100006],[-121.000016,51.100006],[-121.000016,51.000006],[-120.800016,51.000006],[-120.800016,51.100006],[-120.800016,51.200006],[-120.800016,51.250006]]],[[[-131.600018,52.750005],[-131.600018,52.900005],[-132.200018,52.900005],[-132.200018,52.600005],[-131.800018,52.600005],[-131.800018,52.700005],[-131.600018,52.700005],[-131.600018,52.750005]]],[[[-128.200018,53.600005],[-128.400018,53.600005],[-128.400018,53.300005],[-128.000017,53.300005],[-128.000018,53.500005],[-128.200018,53.500005],[-128.200018,53.600005]]],[[[-128.000018,53.500005],[-127.800017,53.500005],[-127.800018,53.800005],[-128.200018,53.800005],[-128.200018,53.900005],[-128.000018,53.900005],[-128.000018,54.000005],[-128.400018,54.000005],[-128.600018,54.000005],[-128.600018,53.900005],[-128.800018,53.900005],[-128.800018,53.800005],[-129.200018,53.800005],[-129.200018,53.500005],[-128.600018,53.500005],[-128.600018,53.700005],[-128.200018,53.700005],[-128.200018,53.600005],[-128.000018,53.600005],[-128.000018,53.500005]]],[[[-131.800018,53.850005],[-131.800018,54.100005],[-132.400018,54.100005],[-132.400018,54.000005],[-132.200018,54.000005],[-132.200033,53.700005],[-132.400018,53.700005],[-132.400018,53.600005],[-132.000018,53.600005],[-132.000018,53.800004],[-131.800018,53.800005],[-131.800018,53.850005]]],[[[-122.775017,55.025013],[-122.800017,55.025016],[-122.800017,54.98751],[-122.825016,54.987507],[-122.825016,54.975014],[-122.850018,54.975006],[-122.850018,54.950006],[-122.825016,54.950006],[-122.825016,54.937508],[-122.800017,54.93751],[-122.800017,54.887511],[-122.675016,54.887509],[-122.675016,54.900006],[-122.650017,54.900006],[-122.650017,54.912509],[-122.675016,54.912506],[-122.675016,54.937508],[-122.700017,54.93751],[-122.700017,54.975016],[-122.725018,54.975014],[-122.725018,55.000006],[-122.750017,55.000006],[-122.750017,55.012511],[-122.775017,55.012509],[-122.775017,55.025013]]],[[[-122.300017,55.087508],[-122.300017,55.100006],[-122.350018,55.100006],[-122.350018,55.087508],[-122.375017,55.087506],[-122.375017,55.075016],[-122.350018,55.075009],[-122.350018,55.050006],[-122.325016,55.050006],[-122.325016,55.000006],[-122.300017,55.000006],[-122.300017,54.98751],[-122.275017,54.987507],[-122.275017,54.975014],[-122.300017,54.975016],[-122.300017,54.925017],[-122.325016,54.925015],[-122.325016,54.900006],[-122.425016,54.900006],[-122.425016,54.887509],[-122.450016,54.887511],[-122.450016,54.875008],[-122.475018,54.875015],[-122.475018,54.812508],[-122.450016,54.81251],[-122.450016,54.800006],[-122.425016,54.800006],[-122.425016,54.787506],[-122.400017,54.787509],[-122.400017,54.762511],[-122.375017,54.762509],[-122.375017,54.737507],[-122.325016,54.737507],[-122.325016,54.725014],[-122.300017,54.725016],[-122.300017,54.712508],[-122.250017,54.712508],[-122.250017,54.73751],[-122.275017,54.737507],[-122.275017,54.750006],[-122.300017,54.750006],[-122.300017,54.762511],[-122.325016,54.762509],[-122.325016,54.775013],[-122.250017,54.775006],[-122.250017,54.800006],[-122.225018,54.800006],[-122.225018,54.837506],[-122.275017,54.837506],[-122.275017,54.812508],[-122.300017,54.81251],[-122.300017,54.825019],[-122.350018,54.825009],[-122.350018,54.850006],[-122.225018,54.850006],[-122.225018,54.862507],[-122.150017,54.86251],[-122.150017,54.875008],[-122.100017,54.875018],[-122.100017,54.900006],[-122.125017,54.900006],[-122.125017,54.950006],[-122.150017,54.950006],[-122.150017,54.975006],[-122.100017,54.975016],[-122.100017,54.950006],[-122.050016,54.950006],[-122.050016,54.925007],[-122.000017,54.925017],[-122.000017,54.950006],[-121.950016,54.950006],[-121.950016,54.962508],[-121.975018,54.962506],[-121.975018,54.987507],[-122.050016,54.98751],[-122.050016,55.000006],[-122.075016,55.000006],[-122.075016,55.012509],[-122.050016,55.012511],[-122.050016,55.025006],[-122.075016,55.025013],[-122.075016,55.037506],[-122.125017,55.037506],[-122.125017,55.062508],[-122.100017,55.06251],[-122.100017,55.087508],[-122.150017,55.087508],[-122.150017,55.075009],[-122.175016,55.075016],[-122.175016,55.087506],[-122.200017,55.087508],[-122.200017,55.012511],[-122.225018,55.012509],[-122.225018,55.025013],[-122.250017,55.025006],[-122.250017,55.050006],[-122.275017,55.050006],[-122.275017,55.075016],[-122.300017,55.075019],[-122.300017,55.087508]]]]},"properties":{"id":"2017","year":2017,"era":"2011–2018","title":"2017 LiDAR availability","source_area_km2":32471.7,"display":"2017 · 32,471.7 km² source footprint","details":"Data-availability footprint published for 2017.\nSource footprint area: 32,471.7 km².\nThis is a simplified overview. Use the LidarBC portal to select and download individual product tiles."},"id":"2017"},{"type":"Feature","geometry":{"type":"MultiPolygon","coordinates":[[[[-121.800015,49.300006],[-121.724996,49.300006],[-121.700015,49.300006],[-121.649996,49.300006],[-121.629162,49.300006],[-121.600015,49.300006],[-121.600015,49.350006],[-121.600015,49.400006],[-121.600015,49.500006],[-121.800015,49.500006],[-121.800015,49.450006],[-121.800015,49.400006],[-121.800015,49.350006],[-121.800015,49.300006]]],[[[-122.400015,49.700006],[-122.400015,49.500006],[-122.200015,49.500006],[-122.000015,49.500006],[-122.000015,49.662509],[-122.000015,49.800006],[-122.200015,49.800006],[-122.400015,49.800006],[-122.400015,49.750006],[-122.400015,49.700006]]],[[[-124.279163,49.900006],[-124.275015,49.900005],[-124.275015,49.912506],[-124.200016,49.912509],[-124.200016,49.962508],[-124.325015,49.962505],[-124.325015,49.950005],[-124.350016,49.950005],[-124.350016,49.900005],[-124.345829,49.900005],[-124.337496,49.900005],[-124.333329,49.900005],[-124.324996,49.900005],[-124.320829,49.900005],[-124.312496,49.900005],[-124.304163,49.900005],[-124.279163,49.900006]]],[[[-123.000016,49.800006],[-123.000016,50.000006],[-123.200016,50.000006],[-123.400016,50.000006],[-123.400016,49.900006],[-123.400016,49.700006],[-123.400016,49.600006],[-123.308329,49.600006],[-123.229163,49.600006],[-123.224996,49.600006],[-123.200016,49.600006],[-123.200016,49.500006],[-123.000015,49.500006],[-123.000016,49.600006],[-122.800015,49.600006],[-122.800016,49.800006],[-123.000016,49.800006]]],[[[-122.400016,50.000006],[-122.400016,49.900006],[-122.200015,49.900006],[-122.200015,50.000006],[-122.400016,50.000006]]],[[[-123.600016,50.200006],[-124.000016,50.200006],[-124.000016,50.100006],[-123.800016,50.100006],[-123.800016,50.000006],[-123.600016,50.000006],[-123.600016,50.200006]]],[[[-125.000016,50.200005],[-125.000016,50.300005],[-125.175015,50.300005],[-125.175015,50.312507],[-125.200016,50.31251],[-125.200016,50.400005],[-125.300016,50.400005],[-125.400016,50.400005],[-125.400016,50.350005],[-125.400016,50.31251],[-125.425015,50.312507],[-125.425015,50.300005],[-125.600016,50.300005],[-125.600016,50.200005],[-125.600016,50.000005],[-125.400016,50.000005],[-125.200016,50.000005],[-125.200016,49.950005],[-125.200016,49.887511],[-125.225016,49.887508],[-125.225016,49.900005],[-125.275016,49.900005],[-125.275016,49.875016],[-125.250016,49.875007],[-125.250016,49.862509],[-125.250016,49.850005],[-125.225016,49.850005],[-125.225016,49.837505],[-125.200016,49.837508],[-125.200016,49.800005],[-125.200016,49.700005],[-125.200016,49.600005],[-125.000016,49.600005],[-125.000016,49.550005],[-125.000016,49.500005],[-125.000016,49.400005],[-124.725016,49.400005],[-124.725016,49.387508],[-124.700016,49.387511],[-124.700016,49.400005],[-124.600016,49.400005],[-124.600016,49.600005],[-124.649996,49.600005],[-124.800016,49.600005],[-124.800016,49.800005],[-124.924996,49.800005],[-125.000016,49.800005],[-125.000016,49.900005],[-125.000016,50.050005],[-125.000016,50.100005],[-125.000016,50.150005],[-125.000016,50.200005]]],[[[-117.395829,50.100006],[-117.400014,50.100006],[-117.400015,50.200006],[-117.600015,50.200006],[-117.600015,50.400006],[-118.000015,50.400006],[-118.000015,50.000006],[-118.200015,50.000006],[-118.200015,49.700006],[-118.000015,49.700006],[-118.000015,49.900006],[-117.800015,49.900006],[-117.800015,50.000006],[-117.400015,50.000006],[-117.400015,49.900006],[-117.600015,49.900006],[-117.600015,49.700006],[-117.600015,49.650006],[-117.600015,49.600006],[-118.000015,49.600006],[-118.000015,49.400006],[-118.200015,49.400006],[-118.200015,49.100006],[-118.329162,49.100006],[-118.349996,49.100006],[-118.600015,49.100006],[-118.600015,49.000006],[-118.579162,49.000006],[-118.574996,49.000006],[-118.554162,49.000006],[-118.549996,49.000006],[-118.529162,49.000006],[-118.174996,49.000006],[-118.154162,49.000006],[-118.149996,49.000006],[-118.129162,49.000006],[-118.124996,49.000006],[-118.079162,49.000006],[-118.074996,49.000006],[-118.054162,49.000006],[-118.049996,49.000006],[-118.029162,49.000006],[-118.024996,49.000006],[-117.979162,49.000006],[-117.974996,49.000006],[-117.954162,49.000006],[-117.200014,49.000006],[-117.200014,49.200006],[-117.200014,49.300006],[-117.000014,49.300006],[-117.000014,49.400006],[-117.000014,49.500006],[-117.400014,49.500006],[-117.400015,49.700006],[-117.400015,49.800006],[-117.200015,49.800006],[-117.200015,49.850006],[-117.200015,49.900006],[-117.200015,49.950006],[-117.200015,50.000006],[-117.200015,50.100006],[-117.395829,50.100006]]],[[[-120.200015,50.500006],[-120.400015,50.500006],[-120.400015,50.600006],[-120.400015,50.700006],[-120.600015,50.700006],[-120.600015,50.600006],[-120.645829,50.600006],[-120.654163,50.600006],[-120.774996,50.600006],[-120.779163,50.600006],[-120.800015,50.600006],[-120.800015,50.500006],[-120.800015,50.400006],[-120.600015,50.400006],[-120.600015,50.300006],[-120.500015,50.300006],[-120.400015,50.300006],[-120.400015,50.400006],[-120.200015,50.400006],[-120.200015,50.500006]]],[[[-121.800016,50.700006],[-121.600016,50.700006],[-121.600016,50.800006],[-121.400016,50.800006],[-121.400016,50.900006],[-121.400016,51.000006],[-121.579163,51.000006],[-121.600016,51.000006],[-121.800016,51.000006],[-121.800016,50.900006],[-121.800016,50.800006],[-121.800016,50.700006]]],[[[-115.600014,49.900006],[-115.600014,50.300007],[-115.800012,50.300007],[-115.800014,50.600007],[-116.000013,50.600007],[-116.000015,50.800007],[-116.400015,50.800006],[-116.400015,50.700006],[-116.200015,50.700006],[-116.200015,50.400006],[-116.000014,50.400006],[-116.000014,50.000006],[-116.000014,49.900006],[-116.000014,49.800006],[-116.000014,49.750006],[-116.000014,49.700006],[-116.000014,49.600006],[-116.000014,49.500006],[-115.800014,49.500006],[-115.600014,49.500006],[-115.600014,49.550006],[-115.600014,49.700006],[-115.600014,49.800006],[-115.600014,49.900006]]],[[[-122.000016,51.050006],[-122.000016,51.200006],[-122.000016,51.300006],[-122.400016,51.300006],[-122.600016,51.300006],[-122.600016,51.200006],[-122.600016,51.100006],[-122.400016,51.100006],[-122.400016,51.000006],[-122.200016,51.000006],[-122.000016,51.000006],[-122.000016,51.050006]]],[[[-127.000018,53.850005],[-127.000018,53.900005],[-127.200018,53.900005],[-127.200018,53.800005],[-127.400018,53.800005],[-127.400018,53.700005],[-127.200017,53.700005],[-127.200017,53.600005],[-127.000017,53.600005],[-127.000018,53.850005]]],[[[-126.400018,54.400005],[-127.000018,54.400005],[-127.000018,54.300005],[-127.000018,54.200005],[-126.700018,54.200005],[-126.400018,54.200005],[-126.400018,54.300005],[-126.400018,54.400005]]],[[[-126.400018,54.400005],[-126.000018,54.400005],[-126.000018,54.500005],[-126.000018,54.700005],[-126.200018,54.700005],[-126.200018,54.800005],[-126.600018,54.800005],[-126.600018,54.600005],[-126.400018,54.600005],[-126.400018,54.400005]]],[[[-127.000018,54.750005],[-127.000018,54.800005],[-127.200018,54.800005],[-127.200018,54.900005],[-127.400018,54.900005],[-128.000018,54.900005],[-128.000018,54.600005],[-127.400018,54.600005],[-127.400018,54.700005],[-127.200018,54.700005],[-127.000018,54.700005],[-127.000018,54.750005]]],[[[-126.200018,54.950005],[-126.200018,55.000005],[-126.400018,55.000005],[-126.400018,55.100005],[-126.600018,55.100005],[-126.600018,54.900005],[-126.200018,54.900005],[-126.200018,54.950005]]],[[[-121.400017,55.075019],[-121.350017,55.075009],[-121.350017,55.06251],[-121.375017,55.062508],[-121.375017,55.050006],[-121.450016,55.050006],[-121.450016,55.037509],[-121.475017,55.037506],[-121.475017,55.025013],[-121.500017,55.025016],[-121.500017,55.012511],[-121.550016,55.012511],[-121.550016,55.000006],[-121.575016,55.000006],[-121.575016,54.987507],[-121.625017,54.987507],[-121.625017,54.950006],[-121.600017,54.950006],[-121.600017,54.925017],[-121.550016,54.925007],[-121.550016,54.912509],[-121.525017,54.912506],[-121.525017,54.900006],[-121.500017,54.900006],[-121.500017,54.86251],[-121.425016,54.862507],[-121.425016,54.850006],[-121.400017,54.850006],[-121.400017,54.837508],[-121.375017,54.837506],[-121.375017,54.825016],[-121.300017,54.825019],[-121.300017,54.800006],[-121.250017,54.800006],[-121.250017,54.787509],[-121.200017,54.787509],[-121.200017,54.837508],[-121.225017,54.837506],[-121.225017,54.900006],[-121.200017,54.900006],[-121.200017,54.912509],[-121.175016,54.912506],[-121.175016,54.925015],[-121.150017,54.925007],[-121.150017,54.937511],[-121.125017,54.937508],[-121.125017,54.950006],[-121.050016,54.950006],[-121.050016,54.975006],[-121.025017,54.975014],[-121.025017,55.012509],[-121.000017,55.012511],[-121.000017,55.100006],[-121.025017,55.100006],[-121.025017,55.125016],[-121.050016,55.125008],[-121.050016,55.137511],[-121.075016,55.137509],[-121.075016,55.150006],[-121.050016,55.150006],[-121.050016,55.162509],[-121.075016,55.162506],[-121.075016,55.187508],[-121.125017,55.187508],[-121.125017,55.200006],[-121.225017,55.200006],[-121.225017,55.175015],[-121.325016,55.175015],[-121.325016,55.150006],[-121.350017,55.150006],[-121.350017,55.125008],[-121.325016,55.125016],[-121.325016,55.112507],[-121.375017,55.112507],[-121.375017,55.125016],[-121.425016,55.125015],[-121.425016,55.087506],[-121.400017,55.087508],[-121.400017,55.075019]]],[[[-122.350018,55.43751],[-122.400017,55.43751],[-122.400017,55.36251],[-122.350018,55.36251],[-122.350018,55.337508],[-122.325016,55.337506],[-122.325016,55.325016],[-122.375017,55.325016],[-122.375017,55.312508],[-122.400017,55.31251],[-122.400017,55.275016],[-122.375017,55.275013],[-122.375017,55.262509],[-122.350018,55.262511],[-122.350018,55.23751],[-122.325016,55.237507],[-122.325016,55.225014],[-122.275017,55.225014],[-122.275017,55.200006],[-122.250017,55.200006],[-122.250017,55.18751],[-122.300017,55.18751],[-122.300017,55.175017],[-122.275017,55.175015],[-122.275017,55.137509],[-122.250017,55.137511],[-122.250017,55.125008],[-122.200017,55.125018],[-122.200017,55.137511],[-122.150017,55.137511],[-122.150017,55.11251],[-122.050016,55.11251],[-121.900017,55.11251],[-121.900017,55.150006],[-121.875017,55.150006],[-121.875017,55.137509],[-121.825016,55.137509],[-121.825016,55.175015],[-121.850018,55.175007],[-121.850018,55.18751],[-121.900017,55.18751],[-121.900017,55.212508],[-121.925016,55.212506],[-121.925016,55.225014],[-121.975018,55.225014],[-121.975018,55.250006],[-122.000017,55.250006],[-122.000017,55.262511],[-122.025017,55.262509],[-122.025017,55.275013],[-122.050017,55.275006],[-122.050017,55.287509],[-122.100017,55.287509],[-122.100017,55.31251],[-122.125017,55.312508],[-122.125017,55.325016],[-122.150017,55.325009],[-122.150017,55.337508],[-122.175017,55.337506],[-122.175017,55.350006],[-122.225018,55.350006],[-122.225018,55.375015],[-122.250017,55.375008],[-122.250017,55.387511],[-122.275017,55.387509],[-122.275017,55.400006],[-122.300017,55.400006],[-122.300017,55.425017],[-122.350018,55.425007],[-122.350018,55.43751]]],[[[-127.600018,55.500005],[-127.600018,55.700005],[-128.200018,55.700005],[-128.200018,55.600005],[-128.400018,55.600005],[-128.400018,55.500005],[-128.200019,55.500005],[-128.200018,55.400005],[-128.000018,55.400005],[-128.000018,55.300005],[-127.929164,55.300005],[-127.895831,55.300005],[-127.874998,55.300005],[-127.800018,55.300005],[-127.600018,55.300005],[-127.600018,55.400005],[-127.595831,55.400005],[-127.591664,55.400005],[-127.587498,55.400005],[-127.583331,55.400005],[-127.579164,55.400005],[-127.574998,55.400005],[-127.400018,55.400005],[-127.400018,55.500005],[-127.600018,55.500005]]],[[[-126.600018,55.750005],[-126.600018,55.800005],[-126.800018,55.800005],[-126.800018,55.900005],[-127.200018,55.900005],[-127.200018,55.800005],[-127.000018,55.800005],[-127.000018,55.700005],[-126.600018,55.700005],[-126.600018,55.750005]]]]},"properties":{"id":"2018","year":2018,"era":"2011–2018","title":"2018 LiDAR availability","source_area_km2":31054.7,"display":"2018 · 31,054.7 km² source footprint","details":"Data-availability footprint published for 2018.\nSource footprint area: 31,054.7 km².\nThis is a simplified overview. Use the LidarBC portal to select and download individual product tiles."},"id":"2018"},{"type":"Feature","geometry":{"type":"MultiPolygon","coordinates":[[[[-121.800015,49.200006],[-121.749996,49.200006],[-121.729162,49.200006],[-121.600015,49.200006],[-121.579162,49.200006],[-121.495829,49.200006],[-121.400015,49.200006],[-121.400015,49.250006],[-121.400015,49.300006],[-121.400015,49.400006],[-121.600015,49.400006],[-121.800015,49.400006],[-121.800015,49.350006],[-121.800015,49.300006],[-121.800015,49.200006]]],[[[-118.600015,49.100006],[-118.600015,49.200006],[-118.800015,49.200006],[-118.800015,49.300006],[-119.200015,49.300006],[-119.200015,49.200006],[-119.200015,49.050006],[-119.200015,49.000006],[-119.179162,49.000006],[-119.174996,49.000006],[-119.154162,49.000006],[-119.149996,49.000006],[-119.129162,49.000006],[-119.124996,49.000006],[-119.079162,49.000006],[-119.074996,49.000006],[-119.054162,49.000006],[-119.049996,49.000006],[-119.029162,49.000006],[-119.024996,49.000006],[-118.979162,49.000006],[-118.974996,49.000006],[-118.954162,49.000006],[-118.949996,49.000006],[-118.929162,49.000006],[-118.924996,49.000006],[-118.879162,49.000006],[-118.724996,49.000006],[-118.679162,49.000006],[-118.674996,49.000006],[-118.654162,49.000006],[-118.649996,49.000006],[-118.629162,49.000006],[-118.624996,49.000006],[-118.600015,49.000006],[-118.600015,49.100006]]],[[[-120.000015,49.650006],[-120.000015,49.800006],[-120.400015,49.800006],[-120.400015,49.700006],[-120.575014,49.700006],[-120.575014,49.712506],[-120.600015,49.712508],[-120.600015,49.725018],[-120.600015,49.800006],[-120.800015,49.800006],[-120.800015,49.700006],[-121.000015,49.700006],[-121.000015,49.600006],[-121.000015,49.500006],[-120.800015,49.500006],[-120.800015,49.400006],[-120.600015,49.400006],[-120.400015,49.400006],[-120.400015,49.300006],[-120.200015,49.300006],[-120.200015,49.100006],[-119.824996,49.100006],[-119.800015,49.100006],[-119.800015,49.000006],[-119.779162,49.000006],[-119.774996,49.000006],[-119.754162,49.000006],[-119.495829,49.000006],[-119.479162,49.000006],[-119.474996,49.000006],[-119.454162,49.000006],[-119.449996,49.000006],[-119.429162,49.000006],[-119.424996,49.000006],[-119.400015,49.000006],[-119.400015,49.100006],[-119.500015,49.100006],[-119.524996,49.100006],[-119.529162,49.100006],[-119.549996,49.100006],[-119.554162,49.100006],[-119.574996,49.100006],[-119.600015,49.100006],[-119.600015,49.400006],[-119.929162,49.400006],[-119.949996,49.400006],[-120.000015,49.400006],[-120.000015,49.500006],[-120.200015,49.500006],[-120.200015,49.600006],[-120.074996,49.600006],[-120.054162,49.600006],[-120.000015,49.600006],[-120.000015,49.650006]]],[[[-122.200015,49.800006],[-122.200015,49.900006],[-122.200015,50.000006],[-122.400016,50.000006],[-122.600016,50.000006],[-122.600016,49.800006],[-122.400015,49.800006],[-122.400015,49.750006],[-122.400015,49.700006],[-122.200015,49.700006],[-122.200015,49.800006]]],[[[-125.400016,49.200005],[-125.400016,49.300005],[-125.600016,49.300005],[-125.600016,49.500005],[-125.775016,49.500005],[-125.775016,49.512508],[-125.850016,49.512511],[-125.850016,49.500005],[-125.950015,49.500005],[-125.950015,49.512511],[-126.000016,49.512511],[-126.000016,49.600005],[-126.600016,49.600005],[-126.600016,49.300005],[-126.400016,49.300005],[-126.400016,49.200005],[-126.200016,49.200005],[-126.200016,49.100005],[-126.000016,49.100005],[-126.000016,49.000005],[-125.800016,49.000005],[-125.800016,48.900005],[-125.600016,48.900005],[-125.600016,48.800005],[-125.400016,48.800005],[-125.400016,48.700005],[-125.200016,48.700005],[-125.154162,48.700005],[-125.149996,48.700005],[-125.129162,48.700005],[-125.124996,48.700005],[-125.104162,48.700005],[-125.091662,48.700005],[-125.079162,48.700005],[-125.074996,48.700005],[-125.066662,48.700005],[-125.058329,48.700005],[-125.045829,48.700005],[-125.033329,48.700005],[-125.024996,48.700005],[-125.020829,48.700005],[-125.012496,48.700005],[-125.004162,48.700005],[-125.000016,48.700005],[-125.000016,48.650005],[-125.000016,48.600005],[-124.800016,48.600005],[-124.800015,48.500005],[-124.479162,48.500005],[-124.474996,48.500005],[-124.454162,48.500005],[-124.449996,48.500005],[-124.429162,48.500005],[-124.420829,48.500005],[-124.408329,48.500005],[-124.404162,48.500005],[-124.400015,48.500005],[-124.400015,48.450005],[-124.400015,48.400005],[-124.079162,48.400005],[-124.074996,48.400005],[-124.062496,48.400005],[-124.045829,48.400005],[-124.037496,48.400005],[-124.029162,48.400005],[-124.016662,48.400005],[-124.008329,48.400005],[-124.000015,48.400005],[-124.000015,48.350005],[-124.000015,48.300005],[-123.800015,48.300005],[-123.700015,48.300006],[-123.679162,48.300006],[-123.675015,48.300005],[-123.662495,48.300006],[-123.654162,48.300006],[-123.645829,48.300006],[-123.637495,48.300006],[-123.625015,48.300006],[-123.608329,48.300006],[-123.600015,48.300006],[-123.600015,48.250006],[-123.600015,48.200006],[-123.400015,48.200006],[-123.400015,48.300006],[-123.200015,48.300006],[-123.200015,48.400006],[-123.200015,48.450006],[-123.200015,48.500006],[-123.200015,48.650006],[-123.200015,48.700006],[-123.000015,48.700006],[-123.000015,48.850006],[-123.000015,48.900006],[-123.200015,48.900006],[-123.200015,49.000006],[-123.400015,49.000006],[-123.400015,49.100006],[-123.600015,49.100006],[-123.600015,49.200006],[-123.750016,49.200006],[-123.750016,49.212508],[-123.775015,49.212505],[-123.775015,49.225015],[-123.800016,49.225017],[-123.800016,49.300006],[-124.000016,49.300006],[-124.000016,49.400006],[-123.625016,49.400006],[-123.625016,49.387508],[-123.600016,49.387511],[-123.600016,49.300006],[-123.400015,49.300006],[-123.200015,49.300006],[-123.200015,49.350006],[-123.200015,49.375019],[-123.175015,49.375016],[-123.175015,49.437508],[-123.200016,49.43751],[-123.200016,49.500006],[-123.000015,49.500006],[-123.000016,49.600006],[-123.000016,49.700006],[-123.125016,49.700006],[-123.125016,49.712505],[-123.150015,49.712508],[-123.150015,49.725006],[-123.175015,49.725015],[-123.200016,49.725017],[-123.200016,49.712508],[-123.225016,49.712505],[-123.225016,49.700006],[-123.400016,49.700006],[-123.400016,49.600006],[-123.400016,49.500006],[-123.429162,49.500006],[-123.449996,49.500006],[-123.600016,49.500006],[-123.600016,49.600006],[-123.700016,49.600006],[-123.724996,49.600006],[-123.729162,49.600006],[-123.749996,49.600006],[-123.800016,49.600006],[-123.800016,49.800006],[-123.900016,49.800006],[-123.924996,49.800006],[-124.200016,49.800006],[-124.200016,49.900006],[-124.279163,49.900006],[-124.304163,49.900005],[-124.312496,49.900005],[-124.320829,49.900005],[-124.324996,49.900005],[-124.333329,49.900005],[-124.337496,49.900005],[-124.345829,49.900005],[-124.400016,49.900005],[-124.400016,50.000005],[-124.600016,50.000005],[-124.600016,50.100005],[-124.700016,50.100005],[-124.724996,50.100005],[-124.854163,50.100005],[-124.874996,50.100005],[-124.879163,50.100005],[-124.900016,50.100005],[-125.000016,50.100005],[-125.024996,50.100005],[-125.029163,50.100005],[-125.049996,50.100005],[-125.400016,50.100005],[-125.400016,50.000005],[-125.400016,49.800005],[-125.200016,49.800005],[-125.200016,49.700005],[-125.000016,49.700005],[-125.000016,49.650005],[-125.000016,49.600005],[-125.000016,49.550005],[-125.000016,49.500005],[-125.200016,49.500005],[-125.200016,49.200005],[-125.400016,49.200005],[-125.400016,49.100005],[-125.454162,49.100005],[-125.474996,49.100005],[-125.479162,49.100005],[-125.524996,49.100005],[-125.554162,49.100005],[-125.574996,49.100005],[-125.579162,49.100005],[-125.600016,49.100005],[-125.600016,49.150005],[-125.600016,49.175018],[-125.575015,49.175015],[-125.575015,49.200005],[-125.524996,49.200005],[-125.500016,49.200005],[-125.400016,49.200005]]],[[[-124.200016,49.150005],[-124.200016,49.200005],[-124.400016,49.200005],[-124.400016,49.287509],[-124.500016,49.287509],[-124.500016,49.300005],[-124.600016,49.300005],[-124.600016,49.000005],[-124.200016,49.000005],[-124.200016,48.900005],[-124.000015,48.900005],[-124.000016,49.000005],[-124.000016,49.100006],[-124.054162,49.100005],[-124.074996,49.100005],[-124.079162,49.100005],[-124.100016,49.100005],[-124.129162,49.100005],[-124.149996,49.100005],[-124.154162,49.100005],[-124.174996,49.100005],[-124.200016,49.100005],[-124.200016,49.150005]]],[[[-124.200015,48.800005],[-124.575014,48.800005],[-124.575014,48.787506],[-124.600016,48.787509],[-124.600016,48.700005],[-124.449996,48.700005],[-124.429162,48.700005],[-124.200015,48.700005],[-124.200015,48.800005]]],[[[-123.974996,48.700005],[-124.000015,48.700005],[-124.000015,48.500005],[-123.774996,48.500006],[-123.679162,48.500006],[-123.600015,48.500006],[-123.600015,48.600006],[-123.679162,48.600006],[-123.724996,48.600006],[-123.729162,48.600006],[-123.749996,48.600006],[-123.754162,48.600006],[-123.774996,48.600006],[-123.800015,48.600006],[-123.800015,48.650006],[-123.800015,48.700006],[-123.824996,48.700006],[-123.829162,48.700006],[-123.849996,48.700006],[-123.854162,48.700005],[-123.874996,48.700005],[-123.879162,48.700005],[-123.924996,48.700005],[-123.929162,48.700005],[-123.949996,48.700005],[-123.954162,48.700005],[-123.974996,48.700005]]],[[[-124.600016,49.600005],[-124.600016,49.700005],[-124.775015,49.700005],[-124.775015,49.687507],[-124.750016,49.68751],[-124.750016,49.662509],[-124.725016,49.662506],[-124.725016,49.650005],[-124.700016,49.650005],[-124.700016,49.625019],[-124.675015,49.625016],[-124.675015,49.612507],[-124.650015,49.612509],[-124.649996,49.600005],[-124.600016,49.600005]]],[[[-124.800016,49.800005],[-124.800016,49.900005],[-125.000016,49.900005],[-125.000016,49.850005],[-124.975016,49.850005],[-124.975016,49.837505],[-124.950015,49.837508],[-124.950015,49.81251],[-124.925015,49.812507],[-124.924996,49.800005],[-124.800016,49.800005]]],[[[-122.800016,50.600006],[-122.800016,50.700006],[-122.800016,50.800006],[-123.000016,50.800006],[-123.200016,50.800006],[-123.200016,50.700006],[-123.400016,50.700006],[-123.400016,50.650006],[-123.400016,50.600006],[-123.200016,50.600006],[-123.200016,50.500006],[-122.800016,50.500006],[-122.800016,50.600006]]],[[[-122.200016,50.600006],[-121.800016,50.600006],[-121.800016,50.700006],[-121.800016,50.800006],[-122.000016,50.800006],[-122.000016,50.700006],[-122.200016,50.700006],[-122.200016,50.600006]]],[[[-127.800017,50.950005],[-127.800017,51.000005],[-128.000017,51.000005],[-128.000017,50.900005],[-128.400017,50.900005],[-128.400017,50.850005],[-128.400017,50.800005],[-128.600017,50.800005],[-128.600017,50.750005],[-128.600017,50.700005],[-128.454163,50.700005],[-128.449996,50.700005],[-128.429163,50.700005],[-128.424996,50.700005],[-128.404163,50.700005],[-128.400017,50.700005],[-128.400017,50.600005],[-128.400017,50.500005],[-128.229163,50.500005],[-128.224996,50.500005],[-128.204163,50.500005],[-128.200017,50.500005],[-128.200017,50.450005],[-128.200017,50.400005],[-128.000016,50.400005],[-127.600016,50.400005],[-127.600016,50.300005],[-127.450015,50.300005],[-127.450015,50.287508],[-127.400016,50.287508],[-127.400016,50.300005],[-127.000016,50.300005],[-127.000016,50.200005],[-126.800016,50.200005],[-126.800016,50.400005],[-126.400016,50.400005],[-126.400016,50.300005],[-126.287496,50.300005],[-126.200016,50.300005],[-126.200016,50.400005],[-126.174996,50.400005],[-126.054163,50.400005],[-126.025016,50.400005],[-126.025016,50.375016],[-126.000016,50.375018],[-126.000016,50.287509],[-126.025016,50.287506],[-126.025016,50.250005],[-126.000016,50.250005],[-126.000016,50.200005],[-125.825015,50.200005],[-125.825015,50.187507],[-125.800016,50.18751],[-125.800016,50.175018],[-125.775016,50.175015],[-125.775016,50.187507],[-125.750016,50.18751],[-125.750016,50.200005],[-125.600016,50.200005],[-125.400016,50.200005],[-125.400016,50.31251],[-125.400016,50.325019],[-125.400016,50.337508],[-125.400016,50.350005],[-125.400016,50.400005],[-125.800016,50.400005],[-125.800016,50.500005],[-125.879163,50.500005],[-125.900016,50.500005],[-126.575015,50.500005],[-126.575015,50.512508],[-126.600016,50.512511],[-126.600016,50.600005],[-126.800016,50.600005],[-126.800016,50.700005],[-127.200016,50.700005],[-127.200016,50.800005],[-127.400017,50.800005],[-127.429163,50.800005],[-127.449996,50.800005],[-127.500017,50.800005],[-127.550016,50.800005],[-127.550016,50.81251],[-127.600017,50.81251],[-127.600017,50.900005],[-127.624996,50.900005],[-127.629163,50.900005],[-127.649996,50.900005],[-127.654163,50.900005],[-127.674996,50.900005],[-127.679163,50.900005],[-127.724996,50.900005],[-127.729163,50.900005],[-127.749996,50.900005],[-127.754163,50.900005],[-127.774996,50.900005],[-127.775016,50.912505],[-127.800017,50.912508],[-127.800017,50.950005]]],[[[-122.200016,51.100006],[-122.400016,51.100006],[-122.600016,51.100006],[-122.600016,51.200006],[-122.800016,51.200006],[-122.800016,50.900006],[-122.779163,50.900006],[-122.774996,50.900006],[-122.754163,50.900006],[-122.749996,50.900006],[-122.729163,50.900006],[-122.724996,50.900006],[-122.679163,50.900006],[-122.674996,50.900006],[-122.654163,50.900006],[-122.649996,50.900006],[-122.63333,50.900006],[-122.624996,50.900006],[-122.600016,50.900006],[-122.600016,50.800006],[-122.400016,50.800006],[-122.400016,50.900006],[-122.200016,50.900006],[-122.200016,51.000006],[-122.200016,51.100006]]],[[[-118.400015,51.000006],[-118.275015,51.000006],[-118.275015,50.975015],[-118.250015,50.975007],[-118.250015,50.937511],[-118.225015,50.937508],[-118.225015,50.900006],[-118.200015,50.900006],[-118.200015,50.800006],[-118.000015,50.800006],[-118.000015,51.100006],[-118.400015,51.100006],[-118.400015,51.000006]]],[[[-119.200015,51.300006],[-119.000015,51.300006],[-119.000015,51.500006],[-119.200015,51.500006],[-119.200015,51.400006],[-119.200015,51.300006]]],[[[-126.000017,52.500005],[-127.000017,52.500005],[-127.000017,52.300005],[-126.400017,52.300005],[-126.400017,52.400005],[-126.200017,52.400005],[-126.200017,52.300005],[-125.800017,52.300005],[-125.800017,52.400005],[-126.000017,52.400005],[-126.000017,52.500005]]],[[[-119.200016,52.000006],[-118.800015,52.000006],[-118.800016,52.100006],[-118.600015,52.100006],[-118.600016,52.200006],[-118.800016,52.200006],[-118.800016,52.300006],[-119.000016,52.300006],[-119.000016,52.200006],[-119.400016,52.200006],[-119.400016,52.100006],[-119.204163,52.100006],[-119.200016,52.100006],[-119.200016,52.050006],[-119.200016,52.000006]]],[[[-122.200016,51.100006],[-122.000016,51.100006],[-122.000016,51.050006],[-122.000016,51.000006],[-122.000016,50.900006],[-121.800016,50.900006],[-121.400016,50.900006],[-121.300016,50.900006],[-121.224996,50.900006],[-121.200016,50.900006],[-121.174996,50.900006],[-121.154163,50.900006],[-121.149996,50.900006],[-121.129163,50.900006],[-121.124996,50.900006],[-121.079163,50.900006],[-120.974996,50.900006],[-120.954163,50.900006],[-120.800016,50.900006],[-120.800016,51.000006],[-120.800016,51.100006],[-120.600016,51.100006],[-120.600016,51.200006],[-120.700016,51.200006],[-120.724996,51.200006],[-120.729163,51.200006],[-120.749996,51.200006],[-120.754163,51.200006],[-120.774996,51.200006],[-120.779163,51.200006],[-120.800016,51.200006],[-120.800016,51.250006],[-120.800016,51.400006],[-121.000016,51.400006],[-121.000016,51.500006],[-121.000016,51.800006],[-121.200016,51.800006],[-121.200016,51.900006],[-121.400016,51.900006],[-121.400016,52.000006],[-121.200016,52.000006],[-121.200016,52.200006],[-121.400016,52.200006],[-121.400016,52.300006],[-121.500016,52.300006],[-122.000016,52.300006],[-122.000016,52.350006],[-122.000016,52.400006],[-122.029163,52.400006],[-122.049997,52.400006],[-122.054163,52.400006],[-122.074997,52.400006],[-122.100016,52.400006],[-122.124997,52.400006],[-122.129163,52.400006],[-122.149997,52.400006],[-122.179163,52.400006],[-122.200016,52.400006],[-122.200016,52.500006],[-122.300016,52.500006],[-122.375016,52.500006],[-122.375016,52.512509],[-122.400016,52.512511],[-122.400016,52.825019],[-122.375016,52.825016],[-122.375016,52.850006],[-122.400016,52.850006],[-122.400016,52.900006],[-122.300016,52.900006],[-122.200016,52.900006],[-122.200017,53.200006],[-122.200017,53.300006],[-122.400017,53.300006],[-122.400017,53.400006],[-122.400017,53.450006],[-122.400017,53.500006],[-122.575016,53.500006],[-122.575016,53.512509],[-122.600017,53.512511],[-122.600017,53.700006],[-122.574997,53.700006],[-122.554164,53.700006],[-122.549997,53.700006],[-122.529164,53.700006],[-122.524997,53.700006],[-122.500017,53.700006],[-122.474997,53.700006],[-122.454164,53.700006],[-122.449997,53.700006],[-122.429164,53.700006],[-122.400017,53.700006],[-122.400017,53.750006],[-122.400017,53.900006],[-122.400017,54.100006],[-122.000017,54.100006],[-122.000017,54.000006],[-121.800017,54.000006],[-121.800017,53.900006],[-121.700017,53.900006],[-121.679164,53.900006],[-121.624997,53.900006],[-121.600017,53.900006],[-121.600017,53.800006],[-121.400017,53.800006],[-121.400017,53.700006],[-121.200017,53.700006],[-121.200016,53.600006],[-121.000016,53.600006],[-121.000016,53.500006],[-120.800016,53.500006],[-120.800016,53.400006],[-120.600016,53.400006],[-120.600016,53.300006],[-120.400016,53.300006],[-120.400016,53.200006],[-120.200016,53.200006],[-120.200016,53.100006],[-120.000016,53.100006],[-120.000016,53.000006],[-119.600016,53.000006],[-119.600016,52.800006],[-119.400016,52.800006],[-119.400016,52.700006],[-119.200016,52.700006],[-119.029163,52.700006],[-119.024997,52.700006],[-119.02083,52.700006],[-119.016663,52.700006],[-119.012497,52.700006],[-119.00833,52.700006],[-119.004163,52.700006],[-119.000016,52.700006],[-119.000016,52.800006],[-119.000016,52.900006],[-119.200016,52.900006],[-119.200016,53.000006],[-119.400016,53.000006],[-119.400016,53.100006],[-119.600016,53.100006],[-119.600016,53.200006],[-119.800016,53.200006],[-119.800016,53.300006],[-120.200016,53.300006],[-120.200016,53.500006],[-120.400016,53.500006],[-120.400016,53.600006],[-120.600016,53.600006],[-120.600016,53.700006],[-120.800016,53.700006],[-120.800016,53.800006],[-121.000017,53.800006],[-121.000017,53.900006],[-121.200017,53.900006],[-121.200017,54.000006],[-121.400017,54.000006],[-121.400017,54.100006],[-121.600017,54.100006],[-121.600017,54.300006],[-122.000017,54.300006],[-122.024997,54.300006],[-122.429164,54.300006],[-122.449997,54.300006],[-122.600017,54.300006],[-122.600017,54.200006],[-122.800017,54.200006],[-122.800017,54.100006],[-123.000017,54.100006],[-123.000017,54.000006],[-123.200017,54.000006],[-123.200017,54.050006],[-123.200017,54.100006],[-123.600017,54.100006],[-123.800017,54.100006],[-124.000017,54.100006],[-124.000017,54.200006],[-124.200017,54.200006],[-124.779164,54.200006],[-124.800017,54.200006],[-124.800017,54.000006],[-124.800017,53.950006],[-124.800017,53.900006],[-124.800017,53.850006],[-124.800017,53.800006],[-124.800017,53.700006],[-124.800017,53.650006],[-124.800017,53.600006],[-124.700017,53.600006],[-124.600017,53.600006],[-124.600017,53.650006],[-124.600017,53.700006],[-124.400017,53.700006],[-124.400017,53.900006],[-124.100017,53.900006],[-124.079164,53.900006],[-123.700017,53.900006],[-123.400017,53.900006],[-123.400017,53.400006],[-123.200017,53.400006],[-123.000017,53.400006],[-123.000017,53.700006],[-122.800017,53.700006],[-122.800017,53.300006],[-122.600017,53.300006],[-122.600017,53.200006],[-122.624997,53.200006],[-122.629164,53.200006],[-122.649997,53.200006],[-122.700017,53.200006],[-122.724997,53.200006],[-122.729164,53.200006],[-122.749997,53.200006],[-122.754164,53.200006],[-122.774997,53.200006],[-122.800017,53.200006],[-122.800017,53.000006],[-122.729164,53.000006],[-122.724997,53.000006],[-122.679164,53.000006],[-122.674997,53.000006],[-122.654164,53.000006],[-122.649997,53.000006],[-122.629164,53.000006],[-122.624997,53.000006],[-122.600017,53.000006],[-122.600016,52.500006],[-122.600016,52.400006],[-122.400016,52.400006],[-122.400016,52.250006],[-122.400016,51.700006],[-122.400016,51.650006],[-122.400016,51.600006],[-122.400016,51.550006],[-122.400016,51.300006],[-122.400016,51.200006],[-122.200016,51.200006],[-122.200016,51.100006]]],[[[-124.400017,54.300006],[-124.204164,54.300006],[-124.000017,54.300006],[-124.000017,54.400006],[-124.000017,54.600006],[-124.200017,54.600006],[-124.400017,54.600006],[-124.400017,54.500006],[-124.400017,54.300006]]],[[[-128.400018,54.000005],[-128.400018,54.500005],[-128.200018,54.500005],[-128.200018,54.700005],[-128.600018,54.700005],[-128.600018,54.800005],[-129.000018,54.800005],[-129.000018,54.600005],[-128.800018,54.600005],[-128.800018,54.500005],[-129.000018,54.500005],[-129.000018,54.300005],[-129.000018,54.200005],[-128.800018,54.200005],[-128.800018,53.900005],[-128.600018,53.900005],[-128.600018,54.000005],[-128.400018,54.000005]]],[[[-127.200018,55.100005],[-127.200018,55.300005],[-127.400018,55.300005],[-127.400018,55.400005],[-127.574998,55.400005],[-127.579164,55.400005],[-127.583331,55.400005],[-127.587498,55.400005],[-127.591664,55.400005],[-127.595831,55.400005],[-127.608331,55.400005],[-127.612498,55.400005],[-127.616664,55.400005],[-127.620831,55.400005],[-127.624998,55.400005],[-127.633331,55.400005],[-127.641664,55.400005],[-127.645831,55.400005],[-127.649998,55.400005],[-127.658331,55.400005],[-127.662498,55.400005],[-127.666664,55.400005],[-127.670831,55.400005],[-127.679164,55.400005],[-127.800018,55.400005],[-127.800018,55.300005],[-127.800018,55.200005],[-128.000018,55.200005],[-128.200018,55.200005],[-128.200018,55.100005],[-128.400018,55.100005],[-128.400018,55.000005],[-127.800018,55.000005],[-127.600018,55.000005],[-127.600018,55.050005],[-127.600018,55.100005],[-127.595831,55.100005],[-127.591664,55.100005],[-127.587498,55.100005],[-127.583331,55.100005],[-127.579164,55.100005],[-127.574998,55.100005],[-127.454164,55.100005],[-127.449998,55.100005],[-127.445831,55.100005],[-127.441664,55.100005],[-127.433331,55.100005],[-127.425017,55.100005],[-127.404164,55.100005],[-127.400018,55.100005],[-127.400018,54.900005],[-127.400018,54.700005],[-127.200018,54.700005],[-127.200018,54.600005],[-127.000018,54.600005],[-127.000018,54.400005],[-127.000018,54.300005],[-126.400018,54.300005],[-126.000018,54.300005],[-126.000017,54.100005],[-125.600017,54.100005],[-125.600017,54.300005],[-125.800018,54.300005],[-125.800018,54.500005],[-126.000018,54.500005],[-126.200018,54.500005],[-126.200018,54.600005],[-126.400018,54.600005],[-126.600018,54.600005],[-126.800018,54.600005],[-126.800018,54.700005],[-127.000018,54.700005],[-127.000018,54.750005],[-127.000018,54.800005],[-127.000018,55.000005],[-127.200018,55.000005],[-127.200018,55.100005]]],[[[-128.600019,55.800005],[-128.800019,55.800005],[-128.800019,55.900005],[-129.000019,55.900005],[-129.000019,56.000005],[-129.400019,56.000005],[-129.400019,55.700005],[-129.20002,55.700005],[-129.200019,55.600005],[-129.000019,55.600005],[-129.000018,55.500005],[-128.600018,55.500005],[-128.600019,55.700005],[-128.600019,55.800005]]],[[[-129.800019,56.050005],[-129.800019,56.100005],[-130.000019,56.100005],[-130.000019,56.000005],[-130.200019,56.000005],[-130.200019,55.900005],[-129.800019,55.900005],[-129.800019,56.050005]]]]},"properties":{"id":"2019","year":2019,"era":"2019–2022","title":"2019 LiDAR availability","source_area_km2":92891.2,"display":"2019 · 92,891.2 km² source footprint","details":"Data-availability footprint published for 2019.\nSource footprint area: 92,891.2 km².\nThis is a simplified overview. Use the LidarBC portal to select and download individual product tiles."},"id":"2019"},{"type":"Feature","geometry":{"type":"MultiPolygon","coordinates":[[[[-121.200015,49.300006],[-121.000015,49.300006],[-120.800015,49.300006],[-120.800015,49.400006],[-120.800015,49.500006],[-120.800015,49.600006],[-121.000015,49.600006],[-121.200015,49.600006],[-121.200015,49.500006],[-121.200015,49.400006],[-121.200015,49.350006],[-121.200015,49.300006]]],[[[-125.400016,50.450005],[-125.400016,50.600005],[-126.200016,50.600005],[-126.200016,50.700005],[-126.800016,50.700005],[-126.800016,50.500005],[-126.400016,50.500005],[-126.400016,50.400005],[-126.174996,50.400005],[-126.054163,50.400005],[-126.000016,50.400005],[-125.979163,50.400005],[-125.949996,50.400005],[-125.929163,50.400005],[-125.924996,50.400005],[-125.900016,50.400005],[-125.800016,50.400005],[-125.400016,50.400005],[-125.400016,50.450005]]],[[[-121.000015,50.600006],[-121.000015,50.700006],[-121.400016,50.700006],[-121.400016,50.500006],[-121.000015,50.500006],[-120.800015,50.500006],[-120.800015,50.600006],[-121.000015,50.600006]]],[[[-123.600016,50.700006],[-123.600016,50.800006],[-123.800016,50.800006],[-123.800016,50.900006],[-124.000016,50.900006],[-124.000016,51.100006],[-124.600016,51.100006],[-124.600016,50.600005],[-124.400016,50.600006],[-124.400016,50.300005],[-124.200016,50.300006],[-124.200016,49.900006],[-124.200016,49.800006],[-124.229163,49.800006],[-124.249996,49.800006],[-124.400016,49.800005],[-124.400016,49.700005],[-124.400016,49.650005],[-124.400016,49.600005],[-124.379163,49.600005],[-124.374996,49.600005],[-124.354163,49.600005],[-124.324996,49.600005],[-124.300016,49.600005],[-124.274996,49.600005],[-124.254162,49.600005],[-124.000016,49.600006],[-124.000016,49.550006],[-124.000016,49.500006],[-123.600016,49.500006],[-123.449996,49.500006],[-123.429162,49.500006],[-123.400016,49.500006],[-123.400016,49.600006],[-123.308329,49.600006],[-123.229163,49.600006],[-123.224996,49.600006],[-123.200016,49.600006],[-123.200016,49.750006],[-123.200016,49.900006],[-123.400016,49.900006],[-123.400016,50.000006],[-123.400016,50.200006],[-123.600016,50.200006],[-123.600016,50.300006],[-123.800016,50.300006],[-123.800016,50.500006],[-123.600016,50.500006],[-123.600016,50.600006],[-123.600016,50.700006]]],[[[-119.200015,51.400006],[-119.600015,51.400006],[-119.600015,51.200006],[-119.200015,51.200006],[-119.200015,51.300006],[-119.200015,51.400006]]],[[[-120.800016,51.900006],[-120.600016,51.900006],[-120.400016,51.900006],[-120.400016,52.000006],[-120.400016,52.100006],[-120.574997,52.100006],[-120.579163,52.100006],[-120.600016,52.100006],[-120.800016,52.100006],[-120.800016,51.900006]]],[[[-119.200016,52.000006],[-119.200016,52.050006],[-119.200016,52.100006],[-119.204163,52.100006],[-119.400016,52.100006],[-119.600016,52.100006],[-119.600016,52.000006],[-119.400016,52.000006],[-119.400016,51.900006],[-119.200016,51.900006],[-119.200016,52.000006]]],[[[-118.800016,52.300006],[-118.200015,52.300006],[-118.200016,52.500006],[-118.400015,52.500006],[-118.400016,52.700006],[-118.600016,52.700006],[-118.600016,52.800006],[-119.000016,52.800006],[-119.200016,52.800006],[-119.200016,52.700006],[-119.029163,52.700006],[-119.024997,52.700006],[-119.02083,52.700006],[-119.016663,52.700006],[-119.012497,52.700006],[-119.00833,52.700006],[-119.004163,52.700006],[-119.000016,52.700006],[-119.000016,52.500006],[-118.800016,52.500006],[-118.800016,52.300006]]],[[[-125.000018,54.800006],[-125.000018,54.650006],[-125.000017,54.600006],[-124.800017,54.600006],[-124.800017,54.500006],[-125.000017,54.500006],[-125.000017,54.450006],[-125.000017,54.400006],[-125.024997,54.400006],[-125.029164,54.400006],[-125.049997,54.400006],[-125.200017,54.400006],[-125.200017,54.300006],[-125.000017,54.300006],[-124.400017,54.300006],[-124.204164,54.300006],[-124.200017,54.300006],[-124.200017,54.200006],[-124.000017,54.200006],[-123.800017,54.200006],[-123.800017,54.100006],[-123.600017,54.100006],[-123.600017,54.200006],[-123.400017,54.200006],[-123.400017,54.400006],[-124.000017,54.400006],[-124.200017,54.400006],[-124.200017,54.500006],[-124.400017,54.500006],[-124.400017,54.600006],[-124.400017,54.800006],[-125.000018,54.800006]]],[[[-124.200017,54.600006],[-124.000017,54.600006],[-123.800017,54.600006],[-123.800017,54.700006],[-123.649998,54.700006],[-123.629164,54.700006],[-123.624998,54.700006],[-123.600017,54.700006],[-123.600017,55.000006],[-123.800017,55.000006],[-123.800017,54.900006],[-124.029164,54.900006],[-124.049998,54.900006],[-124.054164,54.900006],[-124.074998,54.900006],[-124.079164,54.900006],[-124.124998,54.900006],[-124.129164,54.900006],[-124.149998,54.900006],[-124.154164,54.900006],[-124.174998,54.900006],[-124.179164,54.900006],[-124.200017,54.900006],[-124.200017,54.600006]]],[[[-125.000018,54.800006],[-125.000018,55.000006],[-125.200018,55.000006],[-125.200018,55.100006],[-125.400018,55.100006],[-125.400018,55.200006],[-126.000018,55.200005],[-126.000018,55.000005],[-125.800018,55.000005],[-125.800018,54.900005],[-125.600018,54.900005],[-125.600018,54.700005],[-125.224998,54.700006],[-125.200018,54.700006],[-125.200018,54.800006],[-125.000018,54.800006]]],[[[-124.529164,55.100006],[-124.200018,55.100006],[-124.200018,55.300006],[-124.400018,55.300006],[-124.600018,55.300006],[-125.000018,55.300006],[-125.200018,55.300006],[-125.200018,55.200006],[-125.000018,55.200006],[-124.674998,55.200006],[-124.654164,55.200006],[-124.600018,55.200006],[-124.600018,55.150006],[-124.600018,55.100006],[-124.549998,55.100006],[-124.529164,55.100006]]],[[[-127.200018,55.300005],[-127.200018,55.500005],[-127.400018,55.500005],[-127.600018,55.500005],[-127.600018,55.400005],[-127.608331,55.400005],[-127.612498,55.400005],[-127.616664,55.400005],[-127.620831,55.400005],[-127.624998,55.400005],[-127.633331,55.400005],[-127.641664,55.400005],[-127.645831,55.400005],[-127.649998,55.400005],[-127.658331,55.400005],[-127.662498,55.400005],[-127.666664,55.400005],[-127.670831,55.400005],[-127.679164,55.400005],[-127.800018,55.400005],[-127.800018,55.300005],[-127.874998,55.300005],[-127.895831,55.300005],[-127.929164,55.300005],[-128.000018,55.300005],[-128.000018,55.200005],[-128.000018,55.100005],[-127.800018,55.100005],[-127.800018,55.000005],[-127.600018,55.000005],[-127.600018,55.050005],[-127.600018,55.100005],[-127.595831,55.100005],[-127.591664,55.100005],[-127.587498,55.100005],[-127.583331,55.100005],[-127.579164,55.100005],[-127.574998,55.100005],[-127.454164,55.100005],[-127.449998,55.100005],[-127.445831,55.100005],[-127.441664,55.100005],[-127.433331,55.100005],[-127.425017,55.100005],[-127.404164,55.100005],[-127.200018,55.100005],[-127.200018,55.300005]]],[[[-126.000018,55.400005],[-125.604165,55.400005],[-125.574998,55.400005],[-125.400018,55.400006],[-125.200018,55.400006],[-125.200018,55.500006],[-125.200018,55.600006],[-126.000018,55.600005],[-126.000018,55.400005]]],[[[-128.200018,55.700005],[-128.200019,55.900005],[-128.600019,55.900005],[-128.600019,55.800005],[-128.600019,55.700005],[-128.200018,55.700005]]]]},"properties":{"id":"2020","year":2020,"era":"2019–2022","title":"2020 LiDAR availability","source_area_km2":30372.8,"display":"2020 · 30,372.8 km² source footprint","details":"Data-availability footprint published for 2020.\nSource footprint area: 30,372.8 km².\nThis is a simplified overview. Use the LidarBC portal to select and download individual product tiles."},"id":"2020"},{"type":"Feature","geometry":{"type":"MultiPolygon","coordinates":[[[[-122.600015,49.000006],[-122.579162,49.000006],[-122.574996,49.000006],[-122.554162,49.000006],[-122.549996,49.000006],[-122.529162,49.000006],[-122.524996,49.000006],[-122.479162,49.000006],[-122.474996,49.000006],[-122.454162,49.000006],[-122.449996,49.000006],[-122.429162,49.000006],[-122.424996,49.000006],[-122.420829,49.000006],[-122.416662,49.000006],[-122.379162,49.000006],[-122.375015,49.000006],[-122.374996,49.000006],[-122.370829,49.000006],[-122.362496,49.000006],[-122.358329,49.000006],[-122.354162,49.000006],[-122.349996,49.000006],[-122.345829,49.000006],[-122.341662,49.000006],[-122.337496,49.000006],[-122.329162,49.000006],[-122.325014,49.000006],[-122.324996,49.000006],[-122.316662,49.000006],[-122.312496,49.000006],[-122.308329,49.000006],[-122.304162,49.000006],[-122.295829,49.000006],[-122.270829,49.000006],[-122.266662,49.000006],[-122.262496,49.000006],[-122.254162,49.000006],[-122.249996,49.000006],[-122.245829,49.000006],[-122.241662,49.000006],[-122.229162,49.000006],[-122.224996,49.000006],[-122.216662,49.000006],[-122.212496,49.000006],[-122.208329,49.000006],[-122.200015,49.000006],[-122.179162,49.000006],[-122.174996,49.000006],[-122.154162,49.000006],[-122.149996,49.000006],[-122.129162,49.000006],[-122.124996,49.000006],[-122.120829,49.000006],[-122.116662,49.000006],[-122.112496,49.000006],[-122.104162,49.000006],[-122.100015,49.000006],[-122.095829,49.000006],[-122.091662,49.000006],[-122.087496,49.000006],[-122.079162,49.000006],[-122.074996,49.000006],[-122.054162,49.000006],[-122.000015,49.000006],[-121.879162,49.000006],[-121.800015,49.000006],[-121.800015,49.100006],[-121.600015,49.100006],[-121.600015,49.200006],[-121.600015,49.300006],[-121.629162,49.300006],[-121.649996,49.300006],[-121.700015,49.300006],[-121.724996,49.300006],[-121.800015,49.300006],[-121.900015,49.300006],[-121.924996,49.300006],[-122.000015,49.300006],[-122.000015,49.250006],[-122.000015,49.200006],[-122.054162,49.200006],[-122.074996,49.200006],[-122.200015,49.200006],[-122.200015,49.100006],[-122.224996,49.100006],[-122.229162,49.100006],[-122.237496,49.100006],[-122.245829,49.100006],[-122.254162,49.100006],[-122.262496,49.100006],[-122.270829,49.100006],[-122.274996,49.100006],[-122.279162,49.100006],[-122.300015,49.100006],[-122.308329,49.100006],[-122.324996,49.100006],[-122.329162,49.100006],[-122.337496,49.100006],[-122.345829,49.100006],[-122.349996,49.100006],[-122.354162,49.100006],[-122.374996,49.100006],[-122.379162,49.100006],[-122.424996,49.100006],[-122.429162,49.100006],[-122.449996,49.100006],[-122.454162,49.100006],[-122.474996,49.100006],[-122.479162,49.100006],[-122.524996,49.100006],[-122.529162,49.100006],[-122.549996,49.100006],[-122.554162,49.100006],[-122.574996,49.100006],[-122.579162,49.100006],[-122.600015,49.100006],[-122.600015,49.000006]]],[[[-121.000015,49.300006],[-121.000015,49.200006],[-120.800015,49.200006],[-120.800015,49.000006],[-120.400015,49.000006],[-120.400015,49.200006],[-120.600015,49.200006],[-120.600015,49.400006],[-120.600015,49.500006],[-120.800015,49.500006],[-120.800015,49.400006],[-121.000015,49.400006],[-121.000015,49.300006]]],[[[-123.450015,49.900006],[-123.600016,49.900006],[-123.600016,49.875019],[-123.525015,49.875016],[-123.525015,49.862507],[-123.500016,49.86251],[-123.500016,49.850006],[-123.400016,49.850006],[-123.400016,49.887511],[-123.450015,49.887511],[-123.450015,49.900006]]],[[[-122.400016,50.000006],[-122.400016,49.900006],[-122.200015,49.900006],[-122.200015,50.000006],[-122.400016,50.000006]]],[[[-120.600015,49.725018],[-120.600015,49.600006],[-120.400015,49.600006],[-120.400015,49.700006],[-120.400015,49.800006],[-120.400015,49.900006],[-120.000015,49.900006],[-120.000015,50.100006],[-120.600015,50.100006],[-120.600015,49.800006],[-120.600015,49.725018]]],[[[-121.400015,50.000006],[-121.400015,50.200006],[-121.200015,50.200006],[-121.200015,50.300006],[-121.400015,50.300006],[-121.400015,50.400006],[-121.800016,50.400006],[-121.800015,50.200006],[-121.625015,50.200006],[-121.625015,50.187508],[-121.600015,50.187511],[-121.600015,50.100006],[-121.600015,50.000006],[-121.400015,50.000006]]],[[[-120.800015,50.600006],[-120.800015,50.700006],[-121.000015,50.700006],[-121.000015,50.600006],[-121.000015,50.500006],[-120.800015,50.500006],[-120.600015,50.500006],[-120.600015,50.600006],[-120.645829,50.600006],[-120.654163,50.600006],[-120.774996,50.600006],[-120.779163,50.600006],[-120.800015,50.600006]]],[[[-120.800016,50.850006],[-120.800015,50.800006],[-120.600015,50.800006],[-120.600015,50.900006],[-120.579163,50.900006],[-120.400015,50.900006],[-120.400015,51.000006],[-120.800016,51.000006],[-120.800016,50.900006],[-120.800016,50.850006]]],[[[-120.400015,50.600006],[-120.400015,50.500006],[-120.200015,50.500006],[-120.000015,50.500006],[-120.000015,50.600006],[-119.600015,50.600006],[-119.600015,50.800006],[-119.400015,50.800006],[-119.400015,51.000006],[-119.800015,51.000006],[-119.800015,50.900006],[-120.000015,50.900006],[-120.000015,50.700006],[-120.200015,50.700006],[-120.200015,50.600006],[-120.400015,50.600006]]],[[[-121.400016,50.900006],[-121.300016,50.900006],[-121.224996,50.900006],[-121.200016,50.900006],[-121.200016,51.100006],[-121.224996,51.100006],[-121.229163,51.100006],[-121.249996,51.100006],[-121.254163,51.100006],[-121.274996,51.100006],[-121.279163,51.100006],[-121.324996,51.100006],[-121.329163,51.100006],[-121.349996,51.100006],[-121.354163,51.100006],[-121.374996,51.100006],[-121.379163,51.100006],[-121.400016,51.100006],[-121.400016,51.000006],[-121.400016,50.900006]]],[[[-118.400015,51.100006],[-118.400015,51.200006],[-118.600015,51.200006],[-118.600015,51.000006],[-118.400015,51.000006],[-118.400015,51.100006]]],[[[-120.400016,51.150006],[-120.400016,51.100006],[-120.300015,51.100006],[-120.000015,51.100006],[-120.000016,51.400006],[-120.400016,51.400006],[-120.400016,51.300006],[-120.400016,51.250006],[-120.400016,51.200006],[-120.400016,51.150006]]],[[[-117.375015,51.550006],[-117.425014,51.550006],[-117.425014,51.537507],[-117.450014,51.53751],[-117.450014,51.525006],[-117.475015,51.525014],[-117.475015,51.512509],[-117.500015,51.512512],[-117.500015,51.500006],[-117.525014,51.500006],[-117.525014,51.475015],[-117.500015,51.475018],[-117.500015,51.450006],[-117.450014,51.450006],[-117.450014,51.48751],[-117.425014,51.487508],[-117.425014,51.475015],[-117.400015,51.475018],[-117.400015,51.462509],[-117.325013,51.462506],[-117.325013,51.475015],[-117.275014,51.475015],[-117.275014,51.462506],[-117.175014,51.462506],[-117.175014,51.450006],[-117.150014,51.450006],[-117.150014,51.437511],[-117.125014,51.437508],[-117.125014,51.412507],[-117.100014,51.41251],[-117.100014,51.387512],[-117.075013,51.387509],[-117.075013,51.362508],[-117.050014,51.36251],[-117.050014,51.325009],[-117.075013,51.325017],[-117.075013,51.312508],[-117.100014,51.312511],[-117.100014,51.300006],[-117.125014,51.300006],[-117.125014,51.275014],[-117.100014,51.275017],[-117.100014,51.262512],[-117.075013,51.262509],[-117.075013,51.250006],[-117.025014,51.250006],[-117.025014,51.262509],[-116.975015,51.262509],[-116.975015,51.237508],[-116.950013,51.23751],[-116.950013,51.212509],[-116.925013,51.212506],[-116.925013,51.175016],[-116.900014,51.175019],[-116.900014,51.150006],[-116.875014,51.150006],[-116.875014,51.137509],[-116.800014,51.137512],[-116.800014,51.125019],[-116.775014,51.125017],[-116.775014,51.112508],[-116.750014,51.11251],[-116.750014,51.100006],[-116.725014,51.100006],[-116.725014,51.062508],[-116.675013,51.062508],[-116.675013,51.037507],[-116.600014,51.03751],[-116.600014,51.012512],[-116.550013,51.012512],[-116.550013,51.000006],[-116.525013,51.000006],[-116.525013,50.987508],[-116.500014,50.98751],[-116.500014,50.962509],[-116.475014,50.962506],[-116.475014,50.950006],[-116.450012,50.950006],[-116.450012,50.925008],[-116.425013,50.925016],[-116.425013,50.875017],[-116.400013,50.875019],[-116.400013,50.837509],[-116.350014,50.837509],[-116.350014,50.825009],[-116.325012,50.825017],[-116.325012,50.800006],[-116.300013,50.800006],[-116.300013,50.78751],[-116.275013,50.787507],[-116.275013,50.775014],[-116.250013,50.775006],[-116.250013,50.750006],[-116.225013,50.750006],[-116.225013,50.737508],[-116.200013,50.73751],[-116.200013,50.750006],[-116.150012,50.750006],[-116.150012,50.78751],[-116.175012,50.787507],[-116.175012,50.800006],[-116.200013,50.800006],[-116.200013,50.82502],[-116.225013,50.825017],[-116.225013,50.837506],[-116.250013,50.837509],[-116.250013,50.850006],[-116.275013,50.850006],[-116.275013,50.875017],[-116.300013,50.875019],[-116.300013,50.887512],[-116.325012,50.887509],[-116.325012,50.912507],[-116.350014,50.91251],[-116.350014,50.975007],[-116.375013,50.975015],[-116.375013,50.987508],[-116.400013,50.98751],[-116.400013,51.000006],[-116.425013,51.000006],[-116.425013,51.012509],[-116.475014,51.012509],[-116.475014,51.050006],[-116.500014,51.050006],[-116.500014,51.062511],[-116.575013,51.062508],[-116.575013,51.075017],[-116.600014,51.07502],[-116.600014,51.100006],[-116.650013,51.100006],[-116.650013,51.137512],[-116.675013,51.137509],[-116.675013,51.150006],[-116.725014,51.150006],[-116.725014,51.175016],[-116.750014,51.175008],[-116.750014,51.187511],[-116.800014,51.187511],[-116.800014,51.200006],[-116.825013,51.200006],[-116.825013,51.212506],[-116.850014,51.212509],[-116.850014,51.23751],[-116.875014,51.237508],[-116.875014,51.262509],[-116.900014,51.262512],[-116.900014,51.28751],[-116.925013,51.287507],[-116.925013,51.325017],[-116.950013,51.325009],[-116.950013,51.337509],[-116.975015,51.337506],[-116.975015,51.375017],[-117.000014,51.375019],[-117.000014,51.41251],[-117.025014,51.412507],[-117.025014,51.437508],[-117.050014,51.437511],[-117.050014,51.462509],[-117.075013,51.462506],[-117.075013,51.475015],[-117.100014,51.475018],[-117.100014,51.48751],[-117.125014,51.487508],[-117.125014,51.512509],[-117.150014,51.512512],[-117.150014,51.525006],[-117.225015,51.525014],[-117.225015,51.512509],[-117.250015,51.512512],[-117.250015,51.525006],[-117.300015,51.525017],[-117.300015,51.53751],[-117.375015,51.537507],[-117.375015,51.550006]]],[[[-120.600016,52.100006],[-120.600016,52.200006],[-121.000016,52.200006],[-121.000016,51.900006],[-120.800016,51.900006],[-120.800016,51.600006],[-120.400016,51.600006],[-120.400016,51.700006],[-120.400016,51.900006],[-120.600016,51.900006],[-120.600016,52.000006],[-120.400016,52.000006],[-120.400016,52.100006],[-120.574997,52.100006],[-120.579163,52.100006],[-120.600016,52.100006]]],[[[-119.325015,52.812508],[-119.350016,52.812511],[-119.350016,52.73751],[-119.325015,52.737507],[-119.325015,52.725015],[-119.300016,52.725017],[-119.300016,52.700006],[-119.275015,52.700006],[-119.275015,52.675015],[-119.225016,52.675015],[-119.225016,52.687508],[-119.200016,52.687511],[-119.200016,52.700006],[-119.225016,52.700006],[-119.225016,52.737507],[-119.250016,52.73751],[-119.250016,52.750006],[-119.275015,52.750006],[-119.275015,52.775014],[-119.300016,52.775017],[-119.300016,52.800006],[-119.325015,52.800006],[-119.325015,52.812508]]],[[[-128.800018,53.150005],[-128.800018,53.200005],[-129.000018,53.200005],[-129.000017,53.000005],[-129.200017,53.000005],[-129.200017,52.800005],[-128.800017,52.800005],[-128.800017,52.900005],[-128.600017,52.900005],[-128.600017,53.100005],[-128.800017,53.100005],[-128.800018,53.150005]]],[[[-120.675016,53.500006],[-120.675016,53.475014],[-120.650016,53.475006],[-120.650016,53.462508],[-120.625016,53.462506],[-120.625016,53.487507],[-120.650016,53.48751],[-120.650016,53.500006],[-120.675016,53.500006]]],[[[-120.900017,53.850006],[-121.025016,53.850006],[-121.025016,53.825017],[-121.000017,53.825019],[-121.000017,53.812511],[-120.975017,53.812508],[-120.975017,53.787506],[-120.950015,53.787509],[-120.950015,53.762511],[-120.925016,53.762509],[-120.925016,53.750006],[-120.950015,53.750006],[-120.950015,53.73751],[-120.975017,53.737507],[-120.975017,53.712506],[-120.950015,53.712508],[-120.950015,53.700006],[-120.925016,53.700006],[-120.925016,53.675015],[-120.900016,53.675018],[-120.900016,53.662509],[-120.875016,53.662506],[-120.875016,53.650006],[-120.850017,53.650006],[-120.850017,53.637511],[-120.825015,53.637509],[-120.825015,53.625016],[-120.800016,53.625018],[-120.800016,53.61251],[-120.775016,53.612507],[-120.775016,53.600006],[-120.750016,53.600006],[-120.750016,53.575009],[-120.725017,53.575017],[-120.725017,53.562508],[-120.700016,53.562511],[-120.700016,53.550006],[-120.675016,53.550006],[-120.675016,53.537506],[-120.650016,53.537509],[-120.650016,53.525006],[-120.625016,53.525014],[-120.625016,53.512509],[-120.600016,53.512511],[-120.600016,53.500006],[-120.575015,53.500006],[-120.575015,53.487507],[-120.550016,53.48751],[-120.550016,53.462508],[-120.525016,53.462506],[-120.525016,53.450006],[-120.500016,53.450006],[-120.500016,53.437511],[-120.475017,53.437508],[-120.475017,53.425015],[-120.450015,53.425007],[-120.450015,53.412509],[-120.425016,53.412506],[-120.425015,53.400006],[-120.400016,53.400006],[-120.400016,53.375019],[-120.375016,53.375016],[-120.375016,53.362507],[-120.350017,53.36251],[-120.350017,53.350006],[-120.325015,53.350006],[-120.325015,53.337506],[-120.300016,53.337508],[-120.300016,53.325019],[-120.275016,53.325017],[-120.275016,53.312508],[-120.250016,53.312511],[-120.250016,53.300006],[-120.225017,53.300006],[-120.225017,53.287507],[-120.200016,53.287509],[-120.200016,53.275016],[-120.175015,53.275014],[-120.175015,53.250006],[-120.150016,53.250006],[-120.150016,53.23751],[-120.125016,53.237507],[-120.125016,53.225014],[-120.075015,53.225014],[-120.075015,53.250006],[-120.050015,53.250006],[-120.050015,53.287509],[-120.075015,53.287507],[-120.075015,53.300006],[-120.100016,53.300006],[-120.100016,53.312511],[-120.125016,53.312508],[-120.125016,53.325017],[-120.150016,53.325009],[-120.150016,53.350006],[-120.175015,53.350006],[-120.175015,53.362507],[-120.200016,53.36251],[-120.200016,53.375019],[-120.225017,53.375016],[-120.225017,53.387509],[-120.250016,53.387511],[-120.250016,53.400006],[-120.275016,53.400006],[-120.275016,53.425015],[-120.300016,53.425018],[-120.300016,53.437511],[-120.325015,53.437508],[-120.325015,53.462506],[-120.350017,53.462508],[-120.350017,53.475007],[-120.375016,53.475014],[-120.375016,53.500006],[-120.400016,53.500006],[-120.400016,53.512511],[-120.425016,53.512509],[-120.425016,53.525014],[-120.450015,53.525006],[-120.450015,53.537509],[-120.475017,53.537506],[-120.475017,53.550006],[-120.500016,53.550006],[-120.500016,53.562511],[-120.525016,53.562508],[-120.525016,53.575017],[-120.550016,53.575009],[-120.550016,53.587508],[-120.575015,53.587506],[-120.575015,53.612507],[-120.600016,53.61251],[-120.600016,53.625018],[-120.575015,53.625016],[-120.575015,53.662506],[-120.550016,53.662509],[-120.550016,53.675007],[-120.575015,53.675015],[-120.575015,53.687508],[-120.650016,53.687511],[-120.650016,53.675007],[-120.675016,53.675015],[-120.675016,53.650006],[-120.725017,53.650006],[-120.725017,53.662506],[-120.750016,53.662509],[-120.750016,53.675007],[-120.775016,53.675015],[-120.775016,53.687508],[-120.800016,53.687511],[-120.800016,53.700006],[-120.825015,53.700006],[-120.825015,53.712506],[-120.850017,53.712508],[-120.850017,53.787509],[-120.825015,53.787506],[-120.825015,53.800006],[-120.850017,53.800006],[-120.850017,53.837508],[-120.900016,53.837508],[-120.900017,53.850006]]],[[[-120.675016,53.500006],[-120.675016,53.512509],[-120.700016,53.512511],[-120.700016,53.525016],[-120.725017,53.525014],[-120.725017,53.537506],[-120.750016,53.537509],[-120.750016,53.550006],[-120.775016,53.550006],[-120.775016,53.575017],[-120.800016,53.575019],[-120.800016,53.587508],[-120.825015,53.587506],[-120.825015,53.600006],[-120.850017,53.600006],[-120.850017,53.61251],[-120.875016,53.612507],[-120.875016,53.625016],[-120.900016,53.625018],[-120.900016,53.637511],[-120.925016,53.637509],[-120.925016,53.650006],[-120.950015,53.650006],[-120.950015,53.662509],[-120.975017,53.662506],[-120.975017,53.675015],[-121.000016,53.675018],[-121.000016,53.712508],[-121.025016,53.712506],[-121.025016,53.725014],[-121.050016,53.725006],[-121.050016,53.73751],[-121.075015,53.737507],[-121.075015,53.750006],[-121.100017,53.750006],[-121.100017,53.762511],[-121.125017,53.762509],[-121.125017,53.775013],[-121.175016,53.775013],[-121.175016,53.787506],[-121.200017,53.787509],[-121.200017,53.800006],[-121.225017,53.800006],[-121.225017,53.812508],[-121.250017,53.812511],[-121.250017,53.825009],[-121.275016,53.825016],[-121.275016,53.837506],[-121.325015,53.837506],[-121.325015,53.850006],[-121.350017,53.850006],[-121.350017,53.86251],[-121.375017,53.862507],[-121.375017,53.875016],[-121.400017,53.875018],[-121.400017,53.887511],[-121.425016,53.887509],[-121.425016,53.900006],[-121.475017,53.900006],[-121.475017,53.912506],[-121.500017,53.912509],[-121.500017,53.925018],[-121.525016,53.925015],[-121.525016,53.937508],[-121.550016,53.93751],[-121.550016,53.950006],[-121.575016,53.950006],[-121.575016,53.962506],[-121.625017,53.962506],[-121.625017,53.975014],[-121.650016,53.975006],[-121.650016,53.98751],[-121.675016,53.987507],[-121.675016,54.000006],[-121.700017,54.000006],[-121.700017,54.012511],[-121.725017,54.012509],[-121.725017,54.025013],[-121.775016,54.025013],[-121.775016,54.037506],[-121.800017,54.037509],[-121.800017,54.050006],[-121.825016,54.050006],[-121.825016,54.062508],[-121.850017,54.06251],[-121.850017,54.075009],[-121.875017,54.075016],[-121.875017,54.087506],[-121.925016,54.087506],[-121.925016,54.100006],[-121.950016,54.100006],[-121.950016,54.11251],[-122.000017,54.11251],[-122.000017,54.100006],[-121.975017,54.100006],[-121.975017,54.075016],[-121.950016,54.075009],[-121.950016,54.06251],[-121.925016,54.062508],[-121.925016,54.037506],[-121.900017,54.037509],[-121.900017,54.025016],[-121.875017,54.025013],[-121.875017,54.012509],[-121.850017,54.012511],[-121.850017,54.000006],[-121.825016,54.000006],[-121.825016,53.975014],[-121.800017,53.975017],[-121.800017,53.962508],[-121.775016,53.962506],[-121.775016,53.937508],[-121.750017,53.93751],[-121.750017,53.925007],[-121.725017,53.925015],[-121.725017,53.912506],[-121.700017,53.912509],[-121.700017,53.900006],[-121.675016,53.900006],[-121.675016,53.887509],[-121.625017,53.887509],[-121.625017,53.875016],[-121.600017,53.875018],[-121.600017,53.86251],[-121.575015,53.862507],[-121.575015,53.850006],[-121.550016,53.850006],[-121.550016,53.837508],[-121.525016,53.837506],[-121.525016,53.825016],[-121.500017,53.825019],[-121.500017,53.81251],[-121.475017,53.812508],[-121.475017,53.775013],[-121.450015,53.775006],[-121.450015,53.762511],[-121.425016,53.762509],[-121.425016,53.750006],[-121.375017,53.750006],[-121.375017,53.737507],[-121.325015,53.737507],[-121.325015,53.725014],[-121.250017,53.725006],[-121.250017,53.712508],[-121.200017,53.712508],[-121.200017,53.700006],[-121.175016,53.700006],[-121.175016,53.687508],[-121.150016,53.687511],[-121.150016,53.675007],[-121.125016,53.675015],[-121.125016,53.662506],[-121.100016,53.662509],[-121.100016,53.650006],[-121.050016,53.650006],[-121.050016,53.637511],[-121.025016,53.637509],[-121.025016,53.625016],[-121.000016,53.625018],[-121.000016,53.61251],[-120.975017,53.612507],[-120.975017,53.600006],[-120.925016,53.600006],[-120.925016,53.587506],[-120.900016,53.587508],[-120.900016,53.575019],[-120.875016,53.575017],[-120.875016,53.562508],[-120.825015,53.562508],[-120.825015,53.550006],[-120.800016,53.550006],[-120.800016,53.525016],[-120.775016,53.525014],[-120.775016,53.512509],[-120.725017,53.512509],[-120.725017,53.500006],[-120.675016,53.500006]]],[[[-125.575016,54.237507],[-125.725018,54.237507],[-125.725018,54.200005],[-125.750017,54.200005],[-125.750017,54.162508],[-125.700017,54.162508],[-125.700017,54.175017],[-125.625017,54.175014],[-125.625017,54.162506],[-125.575016,54.162506],[-125.575016,54.150005],[-125.525017,54.150005],[-125.525017,54.137508],[-125.500017,54.137511],[-125.500017,54.125018],[-125.475018,54.125015],[-125.475018,54.112507],[-125.400017,54.112509],[-125.400017,54.100005],[-125.325016,54.100005],[-125.325016,54.087505],[-125.300017,54.087508],[-125.300017,54.075019],[-125.225018,54.075016],[-125.225018,54.062507],[-125.125017,54.062507],[-125.125017,54.050006],[-125.025017,54.050006],[-125.025017,54.037506],[-124.975018,54.037506],[-124.975018,54.025013],[-124.950016,54.025005],[-124.950016,54.012511],[-124.875017,54.012508],[-124.875017,54.025013],[-124.825016,54.025013],[-124.825016,54.037506],[-124.800017,54.037509],[-124.800017,54.050006],[-124.650017,54.050006],[-124.650017,54.037509],[-124.625017,54.037506],[-124.625017,54.112507],[-124.675016,54.112507],[-124.675017,54.125015],[-124.775017,54.125015],[-124.775017,54.112507],[-124.850018,54.112509],[-124.850018,54.100006],[-124.950016,54.100006],[-124.950016,54.112509],[-125.000017,54.112509],[-125.000017,54.125018],[-125.100017,54.125018],[-125.100017,54.137511],[-125.225018,54.137508],[-125.225018,54.162506],[-125.250017,54.162508],[-125.250017,54.175007],[-125.275017,54.175014],[-125.275017,54.187507],[-125.350018,54.18751],[-125.350018,54.175007],[-125.400017,54.175017],[-125.400017,54.18751],[-125.425017,54.187507],[-125.425017,54.200005],[-125.450016,54.200005],[-125.450016,54.212508],[-125.500017,54.212508],[-125.500017,54.225016],[-125.575016,54.225014],[-125.575016,54.237507]]],[[[-129.000018,54.300005],[-128.800018,54.300005],[-128.800018,54.400005],[-128.950018,54.400005],[-128.950018,54.412508],[-128.975019,54.412505],[-128.975019,54.400005],[-129.200018,54.400005],[-129.200018,54.300005],[-129.000018,54.300005]]],[[[-124.000017,54.600006],[-123.800017,54.600006],[-123.800017,54.700006],[-123.800017,54.800006],[-124.000017,54.800006],[-124.000017,54.600006]]],[[[-128.600018,54.800005],[-128.400018,54.800005],[-128.400018,54.787508],[-128.425018,54.787505],[-128.425018,54.762508],[-128.450017,54.76251],[-128.450017,54.750005],[-128.475019,54.750005],[-128.475019,54.737506],[-128.525018,54.737506],[-128.525018,54.725013],[-128.550018,54.725005],[-128.550018,54.712507],[-128.600019,54.712507],[-128.600019,54.68751],[-128.575017,54.687507],[-128.575017,54.662505],[-128.550018,54.662508],[-128.550018,54.650005],[-128.525018,54.650005],[-128.525018,54.662505],[-128.500018,54.662508],[-128.500018,54.675016],[-128.425018,54.675014],[-128.425018,54.712505],[-128.400018,54.712507],[-128.400018,54.76251],[-128.375018,54.762508],[-128.375018,54.775012],[-128.325017,54.775012],[-128.325017,54.762508],[-128.275018,54.762508],[-128.275018,54.787505],[-128.300018,54.787508],[-128.300018,54.81251],[-128.325017,54.812507],[-128.325017,54.862506],[-128.400018,54.862509],[-128.400018,54.900005],[-128.600018,54.900005],[-128.600018,54.800005]]],[[[-128.800019,54.925016],[-128.825018,54.925014],[-128.825018,54.912505],[-128.800019,54.912508],[-128.800019,54.925016]]],[[[-128.825018,54.962505],[-128.850019,54.962507],[-128.850019,54.950005],[-128.825018,54.950005],[-128.825018,54.962505]]],[[[-128.875019,54.975013],[-128.900019,54.975015],[-128.900019,54.962507],[-128.875019,54.962505],[-128.875019,54.975013]]],[[[-124.000018,55.200006],[-124.000018,55.250006],[-124.000018,55.300006],[-124.200018,55.300006],[-124.400018,55.300006],[-124.400018,55.200006],[-124.600018,55.200006],[-124.600018,55.300006],[-125.000018,55.300006],[-125.000018,55.200006],[-125.200018,55.200006],[-125.200018,55.100006],[-125.000018,55.100006],[-125.000018,55.000006],[-124.424998,55.000006],[-124.400018,55.000006],[-124.000017,55.000006],[-124.000018,55.200006]]],[[[-120.800017,54.650006],[-120.800017,54.700006],[-120.600017,54.700006],[-120.600017,54.900006],[-121.600017,54.900006],[-121.600017,55.000006],[-121.400017,55.000006],[-121.400017,55.075019],[-121.400017,55.100006],[-121.049998,55.100006],[-121.029164,55.100006],[-121.000017,55.100006],[-121.000017,55.300006],[-121.554164,55.300006],[-121.574998,55.300006],[-121.600017,55.300006],[-121.600017,55.100006],[-122.000017,55.100006],[-122.000017,54.900006],[-121.800017,54.900006],[-121.800017,54.800006],[-121.600017,54.800006],[-121.600017,54.700006],[-121.200017,54.700006],[-121.200017,54.500006],[-120.800017,54.500006],[-120.800017,54.650006]]],[[[-126.200018,55.700005],[-126.200018,55.800005],[-126.400018,55.800005],[-126.400018,55.700005],[-126.200018,55.700005]]],[[[-126.200018,55.700005],[-126.200018,55.500005],[-126.000018,55.500005],[-126.000018,55.400005],[-125.604165,55.400005],[-125.574998,55.400005],[-125.400018,55.400006],[-125.400018,55.500006],[-125.200018,55.500006],[-125.200018,55.600006],[-125.200018,55.700006],[-125.600018,55.700005],[-125.600018,55.800005],[-126.000018,55.800005],[-126.000018,55.700005],[-126.200018,55.700005]]],[[[-120.954164,55.400006],[-120.600017,55.400006],[-120.600017,55.600006],[-120.800017,55.600006],[-120.800017,55.800006],[-121.400017,55.800006],[-121.400017,55.700006],[-121.600017,55.700006],[-121.600017,55.550006],[-121.600017,55.500006],[-121.274998,55.500006],[-121.254164,55.500006],[-121.200017,55.500006],[-121.200017,55.400006],[-121.024998,55.400006],[-120.979164,55.400006],[-120.974998,55.400006],[-120.954164,55.400006]]],[[[-133.600021,58.900004],[-133.800021,58.900004],[-133.800021,58.500004],[-133.40002,58.500004],[-133.400021,58.600004],[-133.200021,58.600004],[-133.200021,58.800004],[-133.600021,58.800004],[-133.600021,58.900004]]]]},"properties":{"id":"2021","year":2021,"era":"2019–2022","title":"2021 LiDAR availability","source_area_km2":28664.8,"display":"2021 · 28,664.8 km² source footprint","details":"Data-availability footprint published for 2021.\nSource footprint area: 28,664.8 km².\nThis is a simplified overview. Use the LidarBC portal to select and download individual product tiles."},"id":"2021"},{"type":"Feature","geometry":{"type":"MultiPolygon","coordinates":[[[[-115.800014,49.300006],[-116.000014,49.300006],[-116.000014,49.400006],[-116.200014,49.400006],[-116.200014,49.500006],[-116.000014,49.500006],[-116.000014,49.600006],[-115.800014,49.600006],[-115.800014,49.800006],[-115.800014,50.000006],[-116.000014,50.000006],[-116.000014,49.900006],[-116.400014,49.900006],[-116.600014,49.900006],[-116.600014,50.000006],[-116.600015,50.100006],[-116.800015,50.100006],[-116.800015,50.200006],[-117.200015,50.200006],[-117.200015,50.100006],[-117.200015,50.000006],[-117.200015,49.950006],[-117.200015,49.900006],[-117.200015,49.850006],[-117.200015,49.800006],[-117.000015,49.800006],[-117.000015,49.900006],[-116.800014,49.900006],[-116.800014,49.500006],[-117.000014,49.500006],[-117.400014,49.500006],[-117.600015,49.500006],[-117.600015,49.400006],[-117.600014,49.300006],[-117.400014,49.300006],[-117.200014,49.300006],[-117.200014,49.200006],[-117.200014,49.000006],[-117.000014,49.000006],[-116.979162,49.000006],[-116.974996,49.000006],[-116.954162,49.000006],[-116.949996,49.000006],[-116.929162,49.000006],[-116.800014,49.000006],[-116.800014,49.100006],[-116.600014,49.100006],[-116.600014,49.000006],[-116.149996,49.000006],[-116.100014,49.000006],[-116.049996,49.000006],[-116.000014,49.000006],[-115.800014,49.000006],[-115.800014,49.300006]]],[[[-116.800014,49.300006],[-116.800014,49.200006],[-116.600014,49.200006],[-116.600014,49.300006],[-116.800014,49.300006]]],[[[-115.800014,49.300006],[-115.600014,49.300006],[-115.600014,49.200006],[-115.000014,49.200007],[-115.000014,49.300007],[-114.800014,49.300007],[-114.800014,49.400007],[-114.600014,49.400007],[-114.600014,49.600007],[-114.600014,50.200007],[-114.600014,50.400007],[-114.800014,50.400007],[-114.800014,50.600007],[-115.200014,50.600007],[-115.200014,50.500007],[-115.200014,50.400007],[-115.000014,50.400007],[-115.000014,50.350007],[-115.000014,50.300007],[-115.200014,50.300007],[-115.200014,50.200007],[-115.400014,50.200007],[-115.400014,49.900007],[-115.600014,49.900006],[-115.600014,49.800006],[-115.600014,49.700006],[-115.600014,49.550006],[-115.600014,49.500006],[-115.800014,49.500006],[-115.800014,49.300006]]]]},"properties":{"id":"2022","year":2022,"era":"2019–2022","title":"2022 LiDAR availability","source_area_km2":18955.2,"display":"2022 · 18,955.2 km² source footprint","details":"Data-availability footprint published for 2022.\nSource footprint area: 18,955.2 km².\nThis is a simplified overview. Use the LidarBC portal to select and download individual product tiles."},"id":"2022"},{"type":"Feature","geometry":{"type":"MultiPolygon","coordinates":[[[[-123.375015,48.712505],[-123.300015,48.712508],[-123.300015,48.73751],[-123.350016,48.73751],[-123.350016,48.750006],[-123.400015,48.750006],[-123.400015,48.725018],[-123.375015,48.725015],[-123.375015,48.712505]]],[[[-123.000015,48.850006],[-123.000015,48.900006],[-123.200015,48.900006],[-123.200015,48.850006],[-123.225016,48.850006],[-123.250015,48.850006],[-123.250015,48.837508],[-123.250015,48.825008],[-123.250015,48.81251],[-123.225016,48.812507],[-123.200015,48.81251],[-123.200015,48.800006],[-123.200015,48.787509],[-123.175015,48.787506],[-123.175015,48.775014],[-123.150015,48.775005],[-123.150015,48.762511],[-123.100015,48.762511],[-123.075014,48.762508],[-123.075014,48.775014],[-123.050015,48.775005],[-123.050015,48.800006],[-123.000015,48.800006],[-123.000015,48.850006]]],[[[-124.775015,48.812507],[-124.775015,48.825017],[-124.750016,48.825008],[-124.750016,48.850005],[-124.775015,48.850005],[-124.775015,48.862507],[-124.750016,48.862509],[-124.750016,48.925007],[-124.725016,48.925015],[-124.725016,48.937507],[-124.700016,48.93751],[-124.700016,48.950005],[-124.725016,48.950005],[-124.725016,48.962505],[-124.750016,48.962508],[-124.750016,48.975006],[-124.775015,48.975015],[-124.775015,48.987507],[-124.825014,48.987507],[-124.825014,48.962505],[-124.850016,48.962508],[-124.850016,48.93751],[-124.875016,48.937507],[-124.875016,48.925015],[-125.125016,48.925015],[-125.125016,48.937507],[-125.225016,48.937507],[-125.225016,48.925015],[-125.275015,48.925015],[-125.275015,48.937507],[-125.300016,48.93751],[-125.300016,48.925018],[-125.325015,48.925015],[-125.325015,48.937507],[-125.450015,48.93751],[-125.450015,48.925006],[-125.575015,48.925015],[-125.575015,48.912506],[-125.550015,48.912509],[-125.550015,48.887511],[-125.475016,48.887508],[-125.475016,48.900005],[-125.450015,48.900005],[-125.450015,48.887511],[-125.475016,48.887508],[-125.475016,48.875016],[-125.400016,48.875019],[-125.400016,48.900005],[-125.275015,48.900005],[-125.275015,48.887508],[-125.200016,48.887511],[-125.200016,48.81251],[-125.250016,48.81251],[-125.250016,48.800005],[-125.200016,48.800005],[-125.200016,48.700005],[-125.154162,48.700005],[-125.149996,48.700005],[-125.129162,48.700005],[-125.124996,48.700005],[-125.104162,48.700005],[-125.091662,48.700005],[-125.079162,48.700005],[-125.074996,48.700005],[-125.066662,48.700005],[-125.058329,48.700005],[-125.045829,48.700005],[-125.033329,48.700005],[-125.024996,48.700005],[-125.020829,48.700005],[-125.012496,48.700005],[-125.004162,48.700005],[-125.000016,48.700005],[-125.000016,48.650005],[-125.000016,48.600005],[-124.800016,48.600005],[-124.800015,48.500005],[-124.479162,48.500005],[-124.474996,48.500005],[-124.454162,48.500005],[-124.449996,48.500005],[-124.429162,48.500005],[-124.420829,48.500005],[-124.408329,48.500005],[-124.404162,48.500005],[-124.400015,48.500005],[-124.400015,48.450005],[-124.400015,48.400005],[-124.079162,48.400005],[-124.074996,48.400005],[-124.062496,48.400005],[-124.049996,48.400005],[-124.045829,48.400005],[-124.037496,48.400005],[-124.029162,48.400005],[-124.024996,48.400005],[-124.016662,48.400005],[-124.008329,48.400005],[-124.000015,48.400005],[-123.800015,48.400005],[-123.800015,48.350005],[-123.800015,48.300005],[-123.700015,48.300006],[-123.679162,48.300006],[-123.675015,48.300005],[-123.662495,48.300006],[-123.654162,48.300006],[-123.645829,48.300006],[-123.637495,48.300006],[-123.625015,48.300006],[-123.608329,48.300006],[-123.600015,48.300006],[-123.600015,48.250006],[-123.600015,48.200006],[-123.400015,48.200006],[-123.400015,48.300006],[-123.200015,48.300006],[-123.200015,48.400006],[-123.275015,48.400006],[-123.275015,48.412506],[-123.200015,48.412509],[-123.200015,48.450006],[-123.250015,48.450006],[-123.250015,48.500006],[-123.200015,48.500006],[-123.200015,48.650006],[-123.200015,48.700006],[-123.254162,48.700006],[-123.274996,48.700006],[-123.354162,48.700006],[-123.375015,48.700006],[-123.375015,48.712505],[-123.400015,48.712508],[-123.400015,48.725018],[-123.450014,48.725006],[-123.450014,48.712508],[-123.475016,48.712505],[-123.500015,48.712508],[-123.500015,48.700052],[-123.525015,48.70005],[-123.525015,48.725015],[-123.550015,48.725006],[-123.550015,48.73751],[-123.575014,48.737507],[-123.575014,48.775014],[-123.550015,48.775005],[-123.550015,48.787509],[-123.575014,48.787506],[-123.575014,48.800006],[-123.600015,48.800006],[-123.600015,48.850006],[-123.600015,48.900006],[-123.800015,48.900006],[-123.800015,48.850006],[-123.800015,48.800006],[-124.000015,48.800005],[-124.000015,48.787509],[-124.050015,48.787509],[-124.050015,48.800005],[-124.200015,48.800005],[-124.200015,48.775017],[-124.250015,48.775005],[-124.250015,48.787509],[-124.275015,48.787506],[-124.275015,48.775014],[-124.325014,48.775014],[-124.325014,48.750005],[-124.350016,48.750005],[-124.350016,48.73751],[-124.325014,48.737507],[-124.325014,48.725015],[-124.400015,48.725018],[-124.400016,48.750005],[-124.375015,48.750005],[-124.375016,48.762508],[-124.350016,48.762511],[-124.350016,48.775005],[-124.550015,48.775005],[-124.550015,48.762511],[-124.575014,48.762508],[-124.575014,48.775014],[-124.600016,48.775017],[-124.600016,48.787509],[-124.625016,48.787506],[-124.625016,48.775014],[-124.700016,48.775017],[-124.700016,48.787509],[-124.725016,48.787506],[-124.725016,48.775014],[-124.750016,48.775005],[-124.750016,48.81251],[-124.775015,48.812507],[-124.775015,48.800005],[-124.800016,48.800005],[-124.800016,48.81251],[-124.775015,48.812507]]],[[[-124.525015,48.762508],[-124.525015,48.750005],[-124.475016,48.750005],[-124.475016,48.762508],[-124.525015,48.762508]]],[[[-124.575014,48.737507],[-124.600016,48.737509],[-124.600016,48.725018],[-124.575014,48.725015],[-124.575014,48.737507],[-124.550015,48.737509],[-124.550015,48.750005],[-124.575014,48.750005],[-124.575014,48.737507]]],[[[-124.525015,48.737507],[-124.525015,48.725015],[-124.500016,48.725018],[-124.500016,48.737509],[-124.525015,48.737507]]],[[[-124.150015,48.725006],[-124.150015,48.700005],[-124.125015,48.700005],[-124.125015,48.725015],[-124.150015,48.725006]]],[[[-124.025015,48.725015],[-124.025015,48.712505],[-124.000015,48.712508],[-124.000015,48.725018],[-124.025015,48.725015]]],[[[-124.429162,48.700005],[-124.425015,48.700005],[-124.425015,48.712505],[-124.450014,48.712508],[-124.449996,48.700005],[-124.429162,48.700005]]],[[[-124.625016,48.712505],[-124.625016,48.725015],[-124.650015,48.725006],[-124.650015,48.712508],[-124.625016,48.712505]]],[[[-124.225016,48.687507],[-124.225016,48.675015],[-124.200015,48.675018],[-124.200015,48.68751],[-124.225016,48.687507]]],[[[-124.300015,48.675018],[-124.300015,48.662509],[-124.275015,48.662506],[-124.275015,48.650005],[-124.250015,48.650005],[-124.250015,48.675007],[-124.300015,48.675018],[-124.300015,48.68751],[-124.325014,48.687507],[-124.325014,48.675015],[-124.300015,48.675018]]],[[[-124.400015,48.637511],[-124.400015,48.625019],[-124.350016,48.625007],[-124.350016,48.637511],[-124.375015,48.637508],[-124.375015,48.650005],[-124.400015,48.650005],[-124.400015,48.637511]]],[[[-123.437496,48.600006],[-123.450014,48.600006],[-123.450014,48.575008],[-123.425015,48.575017],[-123.425015,48.600006],[-123.437496,48.600006]]],[[[-123.675015,48.512508],[-123.675015,48.600006],[-123.679162,48.600006],[-123.724996,48.600006],[-123.725016,48.600006],[-123.725016,48.587505],[-123.775015,48.587505],[-123.775015,48.512508],[-123.774996,48.500006],[-123.679162,48.500006],[-123.675015,48.500006],[-123.675015,48.512508]]],[[[-123.575014,48.562507],[-123.600015,48.56251],[-123.600015,48.550006],[-123.575014,48.550006],[-123.575014,48.562507],[-123.550015,48.56251],[-123.550015,48.575008],[-123.575014,48.575017],[-123.575014,48.562507]]],[[[-123.450014,48.537509],[-123.450014,48.512511],[-123.425015,48.512508],[-123.425015,48.537506],[-123.450014,48.537509]]],[[[-123.500015,48.525017],[-123.500015,48.537509],[-123.525015,48.537506],[-123.525015,48.525014],[-123.500015,48.525017],[-123.500015,48.512511],[-123.475016,48.512508],[-123.475016,48.525014],[-123.500015,48.525017]]],[[[-124.275015,48.512508],[-124.275015,48.525014],[-124.300015,48.525017],[-124.300015,48.512511],[-124.275015,48.512508]]],[[[-124.375015,48.525014],[-124.375015,48.550005],[-124.400015,48.550005],[-124.400015,48.525017],[-124.375015,48.525014]]],[[[-124.300015,48.550005],[-124.300015,48.537509],[-124.225016,48.537506],[-124.225016,48.550005],[-124.300015,48.550005]]],[[[-124.350016,48.537509],[-124.350016,48.525005],[-124.325014,48.525014],[-124.325014,48.537506],[-124.350016,48.537509]]],[[[-124.325014,48.562507],[-124.325014,48.575017],[-124.350016,48.575008],[-124.350016,48.56251],[-124.325014,48.562507]]],[[[-124.275015,48.575017],[-124.275015,48.562507],[-124.250015,48.56251],[-124.250015,48.575008],[-124.275015,48.575017]]],[[[-124.375015,48.600005],[-124.375015,48.612507],[-124.400015,48.61251],[-124.400015,48.600005],[-124.375015,48.600005],[-124.375015,48.587505],[-124.350016,48.587508],[-124.350016,48.600005],[-124.375015,48.600005]]],[[[-124.300015,48.600005],[-124.300015,48.587508],[-124.275015,48.587505],[-124.275015,48.600005],[-124.300015,48.600005]]],[[[-124.100015,48.600005],[-124.100015,48.587508],[-124.050015,48.587508],[-124.050015,48.600005],[-124.025015,48.600005],[-124.025015,48.612507],[-124.075014,48.612507],[-124.075014,48.600005],[-124.100015,48.600005]]],[[[-124.100015,48.73751],[-124.100015,48.787509],[-124.125015,48.787506],[-124.125015,48.737507],[-124.100015,48.73751]]],[[[-124.025015,48.750005],[-124.025015,48.737507],[-124.000015,48.73751],[-124.000015,48.750005],[-124.025015,48.750005]]],[[[-122.275015,49.300006],[-122.275015,49.275014],[-122.300015,49.275017],[-122.300015,49.250006],[-122.325014,49.250006],[-122.325014,49.225015],[-122.350016,49.225006],[-122.350016,49.200006],[-122.375015,49.200006],[-122.375015,49.187508],[-122.375015,49.162506],[-122.325014,49.162506],[-122.325014,49.175016],[-122.300015,49.175018],[-122.300015,49.187511],[-122.300015,49.200006],[-122.275015,49.200006],[-122.275015,49.225015],[-122.250015,49.225006],[-122.250015,49.250006],[-122.225016,49.250006],[-122.225016,49.287506],[-122.250015,49.287509],[-122.250015,49.300006],[-122.275015,49.300006]]],[[[-122.275015,49.300006],[-122.275015,49.312508],[-122.300015,49.31251],[-122.300015,49.300006],[-122.275015,49.300006]]],[[[-123.300015,49.337508],[-123.275015,49.337505],[-123.275015,49.350006],[-123.300015,49.350006],[-123.300015,49.337508]]],[[[-121.775015,49.175016],[-121.750015,49.175007],[-121.749996,49.200006],[-121.729162,49.200006],[-121.725016,49.200006],[-121.725016,49.212505],[-121.700015,49.212508],[-121.700015,49.225018],[-121.675014,49.225015],[-121.675014,49.262508],[-121.700015,49.262511],[-121.700015,49.275017],[-121.675014,49.275014],[-121.675014,49.287506],[-121.650015,49.287509],[-121.649996,49.300006],[-121.629162,49.300006],[-121.625015,49.300006],[-121.625015,49.325017],[-121.600015,49.32502],[-121.600015,49.350006],[-121.625015,49.350006],[-121.625015,49.337505],[-121.650015,49.337508],[-121.650015,49.325008],[-121.675014,49.325017],[-121.675014,49.312508],[-121.700015,49.312511],[-121.700015,49.300006],[-121.724996,49.300006],[-121.725016,49.287506],[-121.775015,49.287506],[-121.775015,49.337505],[-121.800015,49.337508],[-121.800015,49.32502],[-121.875015,49.325017],[-121.875015,49.312508],[-121.900015,49.312511],[-121.900015,49.300006],[-121.924996,49.300006],[-121.925014,49.275014],[-121.950014,49.275005],[-121.950014,49.250006],[-122.000015,49.250006],[-122.000015,49.225018],[-122.025015,49.225015],[-122.025015,49.212505],[-122.050014,49.212508],[-122.050014,49.200006],[-122.054162,49.200006],[-122.074996,49.200006],[-122.075014,49.187508],[-122.100015,49.187511],[-122.100015,49.175018],[-122.100015,49.162509],[-122.125015,49.162506],[-122.125015,49.150006],[-122.150015,49.150006],[-122.150015,49.137511],[-122.150015,49.125008],[-122.175014,49.125016],[-122.175014,49.112507],[-122.200015,49.11251],[-122.200015,49.100006],[-122.224996,49.100006],[-122.229162,49.100006],[-122.237496,49.100006],[-122.245829,49.100006],[-122.249996,49.100006],[-122.254162,49.100006],[-122.262496,49.100006],[-122.270829,49.100006],[-122.274996,49.100006],[-122.279162,49.100006],[-122.300015,49.100006],[-122.308329,49.100006],[-122.324996,49.100006],[-122.329162,49.100006],[-122.337496,49.100006],[-122.345829,49.100006],[-122.349996,49.100006],[-122.354162,49.100006],[-122.374996,49.100006],[-122.379162,49.100006],[-122.424996,49.100006],[-122.429162,49.100006],[-122.449996,49.100006],[-122.454162,49.100006],[-122.474996,49.100006],[-122.479162,49.100006],[-122.524996,49.100006],[-122.529162,49.100006],[-122.549996,49.100006],[-122.554162,49.100006],[-122.574996,49.100006],[-122.579162,49.100006],[-122.600015,49.100006],[-123.200015,49.100006],[-123.200015,49.050006],[-123.200015,49.000006],[-123.179162,49.000006],[-123.174996,49.000006],[-123.150015,49.000006],[-123.125015,49.000006],[-123.050015,49.000006],[-123.024996,49.000006],[-122.979162,49.000006],[-122.974996,49.000006],[-122.954162,49.000006],[-122.949996,49.000006],[-122.929162,49.000006],[-122.924996,49.000006],[-122.879162,49.000006],[-122.874996,49.000006],[-122.854162,49.000006],[-122.849996,49.000006],[-122.829162,49.000006],[-122.824996,49.000006],[-122.800015,49.000006],[-122.725016,49.000006],[-122.650015,49.000006],[-122.600015,49.000006],[-122.579162,49.000006],[-122.574996,49.000006],[-122.554162,49.000006],[-122.549996,49.000006],[-122.529162,49.000006],[-122.524996,49.000006],[-122.479162,49.000006],[-122.475016,49.000006],[-122.474996,49.000006],[-122.454162,49.000006],[-122.450014,49.000006],[-122.449996,49.000006],[-122.429162,49.000006],[-122.425014,49.000006],[-122.424996,49.000006],[-122.416662,49.000006],[-122.379162,49.000006],[-122.370829,49.000006],[-122.362496,49.000006],[-122.354162,49.000006],[-122.345829,49.000006],[-122.337496,49.000006],[-122.329162,49.000006],[-122.324996,49.000006],[-122.316662,49.000006],[-122.304162,49.000006],[-122.295829,49.000006],[-122.270829,49.000006],[-122.262496,49.000006],[-122.254162,49.000006],[-122.250015,49.000006],[-122.249996,49.000006],[-122.241662,49.000006],[-122.229162,49.000006],[-122.225016,49.000006],[-122.224996,49.000006],[-122.216662,49.000006],[-122.208329,49.000006],[-122.200015,49.000006],[-122.179162,49.000006],[-122.174996,49.000006],[-122.154162,49.000006],[-122.149996,49.000006],[-122.129162,49.000006],[-122.124996,49.000006],[-122.112496,49.000006],[-122.104162,49.000006],[-122.095829,49.000006],[-122.087496,49.000006],[-122.079162,49.000006],[-122.075014,49.000006],[-122.074996,49.000006],[-122.054162,49.000006],[-122.050014,49.000006],[-122.050014,49.012511],[-122.025015,49.012508],[-122.025015,49.025014],[-122.000015,49.025017],[-122.000015,49.037509],[-121.975016,49.037506],[-121.975016,49.050006],[-121.950014,49.050006],[-121.950014,49.075008],[-121.925014,49.075017],[-121.925014,49.087505],[-121.900015,49.087508],[-121.900015,49.100006],[-121.879162,49.100006],[-121.875015,49.100006],[-121.875015,49.125016],[-121.850016,49.125008],[-121.850016,49.137511],[-121.825014,49.137508],[-121.825014,49.150006],[-121.800015,49.150006],[-121.800015,49.162509],[-121.775015,49.162506],[-121.775015,49.175016],[-121.800015,49.175019],[-121.800015,49.187511],[-121.775015,49.187508],[-121.775015,49.175016]]],[[[-121.850016,49.262511],[-121.850016,49.275005],[-121.900015,49.275017],[-121.900015,49.250006],[-121.875015,49.250006],[-121.875015,49.262508],[-121.850016,49.262511]]],[[[-121.825014,49.287506],[-121.825014,49.312508],[-121.850016,49.312511],[-121.850016,49.287509],[-121.825014,49.287506]]],[[[-122.025015,49.187508],[-122.025015,49.175016],[-122.000015,49.175018],[-122.000015,49.187511],[-122.025015,49.187508]]],[[[-122.100015,49.137511],[-122.100015,49.11251],[-122.125015,49.112507],[-122.124996,49.100006],[-122.100015,49.100006],[-122.100015,49.087508],[-122.075014,49.087505],[-122.075014,49.137508],[-122.100015,49.137511]]],[[[-122.125015,49.062508],[-122.325014,49.062508],[-122.325014,49.037506],[-122.300015,49.037509],[-122.300015,49.050006],[-122.275015,49.050006],[-122.275015,49.037506],[-122.075014,49.037506],[-122.075014,49.062508],[-122.125015,49.062508]]],[[[-122.925015,49.062508],[-122.925015,49.087505],[-123.000015,49.087508],[-123.000015,49.07502],[-122.975016,49.075017],[-122.975016,49.062508],[-122.925015,49.062508]]],[[[-122.775015,49.075017],[-122.775015,49.062508],[-122.750015,49.06251],[-122.750015,49.075008],[-122.775015,49.075017]]],[[[-124.350016,49.56251],[-124.350016,49.550005],[-124.325015,49.550005],[-124.325015,49.537506],[-124.300016,49.537509],[-124.300016,49.525017],[-124.350016,49.525005],[-124.350016,49.537509],[-124.400016,49.537509],[-124.400016,49.525017],[-124.425015,49.525014],[-124.425015,49.487507],[-124.400016,49.487509],[-124.400016,49.475017],[-124.375016,49.475014],[-124.375016,49.462505],[-124.350016,49.462508],[-124.350016,49.450005],[-124.325015,49.450005],[-124.325015,49.462505],[-124.275015,49.462505],[-124.275015,49.437507],[-124.175015,49.437507],[-124.175015,49.425015],[-124.150015,49.425007],[-124.150015,49.450005],[-124.125016,49.450005],[-124.125016,49.462505],[-124.150015,49.462508],[-124.150015,49.48751],[-124.175015,49.487507],[-124.175015,49.500005],[-124.200016,49.500005],[-124.225016,49.500005],[-124.225016,49.512508],[-124.250016,49.512511],[-124.250016,49.537509],[-124.275015,49.537506],[-124.275015,49.550005],[-124.300016,49.550005],[-124.300016,49.56251],[-124.325015,49.562507],[-124.350016,49.56251]]],[[[-124.350016,49.56251],[-124.350016,49.575008],[-124.350016,49.587508],[-124.400016,49.587508],[-124.400016,49.57502],[-124.375016,49.575017],[-124.375016,49.562507],[-124.350016,49.56251]]],[[[-124.400016,49.587508],[-124.400016,49.600005],[-124.425015,49.600005],[-124.425015,49.587505],[-124.400016,49.587508]]],[[[-124.450015,49.625007],[-124.450015,49.612509],[-124.425015,49.612507],[-124.425015,49.625016],[-124.450015,49.625007]]],[[[-124.450015,49.625007],[-124.450015,49.637511],[-124.450015,49.650005],[-124.475016,49.650005],[-124.475016,49.662506],[-124.500016,49.662509],[-124.500016,49.675018],[-124.525015,49.675015],[-124.525015,49.650005],[-124.500016,49.650005],[-124.500016,49.637511],[-124.475016,49.637508],[-124.475016,49.625016],[-124.450015,49.625007]]],[[[-124.600016,49.775017],[-124.600016,49.750005],[-124.575015,49.750005],[-124.575015,49.737507],[-124.550015,49.737509],[-124.550015,49.725006],[-124.525015,49.725014],[-124.525015,49.712505],[-124.500016,49.712508],[-124.500016,49.700005],[-124.475016,49.700005],[-124.475016,49.687507],[-124.450015,49.68751],[-124.450015,49.675007],[-124.425015,49.675015],[-124.425015,49.662506],[-124.400016,49.662509],[-124.375016,49.662506],[-124.375016,49.650005],[-124.400016,49.650005],[-124.400016,49.637511],[-124.375016,49.637508],[-124.375016,49.625016],[-124.350016,49.625007],[-124.350016,49.612509],[-124.325015,49.612507],[-124.324996,49.600005],[-124.300016,49.600005],[-124.300016,49.587508],[-124.275015,49.587505],[-124.275015,49.575017],[-124.250016,49.575008],[-124.250016,49.56251],[-124.225016,49.562507],[-124.225016,49.537506],[-124.200016,49.537509],[-124.200016,49.525017],[-124.175015,49.525014],[-124.175015,49.512508],[-124.150015,49.512511],[-124.150015,49.537509],[-124.175015,49.537506],[-124.175015,49.550005],[-124.200016,49.550005],[-124.200016,49.57502],[-124.225016,49.575017],[-124.225016,49.587505],[-124.250016,49.587508],[-124.250016,49.600005],[-124.254162,49.600005],[-124.274996,49.600005],[-124.275015,49.612507],[-124.300016,49.612509],[-124.300016,49.637511],[-124.325015,49.637508],[-124.325015,49.662506],[-124.350016,49.662509],[-124.350016,49.68751],[-124.375016,49.687507],[-124.375016,49.700005],[-124.400016,49.700005],[-124.400016,49.712508],[-124.450015,49.712508],[-124.450015,49.725006],[-124.500016,49.725017],[-124.500016,49.737509],[-124.525015,49.737507],[-124.525015,49.750005],[-124.550015,49.750005],[-124.550015,49.762511],[-124.575015,49.762508],[-124.575015,49.775014],[-124.600016,49.775017]]],[[[-124.600016,49.775017],[-124.600016,49.787509],[-124.625016,49.787506],[-124.625016,49.775014],[-124.600016,49.775017]]],[[[-125.025016,50.062507],[-125.025016,50.075017],[-125.050015,50.075008],[-125.050015,50.06251],[-125.025016,50.062507]]],[[[-125.025016,50.062507],[-125.025016,50.050005],[-125.000016,50.050005],[-125.000016,50.037509],[-124.975016,50.037506],[-124.975016,50.050005],[-124.925015,50.050005],[-124.925015,50.037506],[-124.875016,50.037506],[-124.875016,50.025014],[-124.850016,50.025005],[-124.850016,50.012511],[-124.825015,50.012508],[-124.825015,50.000005],[-124.800016,50.000005],[-124.800016,49.987509],[-124.775016,49.987507],[-124.775016,49.975014],[-124.750016,49.975006],[-124.750016,49.962508],[-124.725016,49.962505],[-124.725016,49.950005],[-124.700016,49.950005],[-124.700016,49.93751],[-124.650015,49.93751],[-124.650015,49.925007],[-124.625016,49.925015],[-124.625016,49.912506],[-124.600016,49.912509],[-124.600016,49.900005],[-124.575015,49.900005],[-124.575015,49.887508],[-124.550015,49.887511],[-124.550015,49.875007],[-124.525015,49.875016],[-124.525015,49.812507],[-124.500016,49.81251],[-124.500016,49.800005],[-124.450015,49.800005],[-124.450015,49.787509],[-124.425015,49.787506],[-124.425015,49.775014],[-124.375016,49.775014],[-124.375016,49.787506],[-124.350016,49.787509],[-124.350016,49.775005],[-124.325015,49.775014],[-124.325015,49.762508],[-124.300016,49.762511],[-124.300016,49.787509],[-124.225016,49.787506],[-124.225016,49.800005],[-124.229163,49.800006],[-124.249996,49.800006],[-124.250016,49.81251],[-124.275015,49.812507],[-124.275015,49.825017],[-124.300016,49.82502],[-124.300016,49.837508],[-124.350016,49.837508],[-124.350016,49.850005],[-124.375016,49.850005],[-124.375016,49.862507],[-124.400016,49.862509],[-124.400016,49.875019],[-124.425015,49.875016],[-124.425015,49.887508],[-124.450015,49.887511],[-124.450015,49.900005],[-124.475016,49.900005],[-124.475016,49.912506],[-124.500016,49.912509],[-124.500016,49.925018],[-124.525015,49.925015],[-124.525015,49.937507],[-124.550015,49.93751],[-124.550015,49.950005],[-124.600016,49.950005],[-124.600016,49.962508],[-124.625016,49.962505],[-124.625016,49.975014],[-124.650015,49.975006],[-124.650016,50.000005],[-124.675015,50.000005],[-124.675015,50.025014],[-124.700016,50.025016],[-124.700016,50.037509],[-124.725016,50.037506],[-124.725016,50.050005],[-124.775016,50.050005],[-124.775016,50.062507],[-124.800016,50.06251],[-124.800016,50.075019],[-124.825015,50.075017],[-124.825015,50.087505],[-124.850016,50.087508],[-124.850016,50.100005],[-124.854163,50.100005],[-124.874996,50.100005],[-124.879163,50.100005],[-124.900016,50.100005],[-124.900016,50.125019],[-124.925015,50.125016],[-124.925015,50.137508],[-124.950015,50.137511],[-124.950015,50.150005],[-124.975016,50.150005],[-124.975016,50.125016],[-125.075015,50.125016],[-125.075015,50.112507],[-125.050015,50.112509],[-125.049996,50.100005],[-125.029163,50.100005],[-125.024996,50.100005],[-125.000016,50.100005],[-125.000016,50.087508],[-124.975016,50.087505],[-124.975016,50.062507],[-125.025016,50.062507]]],[[[-125.000016,50.162509],[-125.025016,50.162506],[-125.025016,50.150005],[-125.000016,50.150005],[-125.000016,50.162509]]],[[[-125.000016,50.162509],[-124.975016,50.162506],[-124.975016,50.200005],[-125.000016,50.200005],[-125.000016,50.162509]]],[[[-125.200016,50.18751],[-125.200016,50.212508],[-125.225016,50.212505],[-125.225016,50.187507],[-125.200016,50.18751]]],[[[-125.000016,50.212508],[-125.000016,50.225017],[-125.025016,50.225014],[-125.025016,50.212505],[-125.000016,50.212508]]],[[[-125.200016,50.18751],[-125.200016,50.137511],[-125.175015,50.137508],[-125.175015,50.150005],[-125.150016,50.150005],[-125.150016,50.137511],[-125.125016,50.137508],[-125.125016,50.150005],[-125.100016,50.150005],[-125.100016,50.162509],[-125.075015,50.162506],[-125.075015,50.175015],[-125.050015,50.175007],[-125.050015,50.237509],[-125.075015,50.237507],[-125.075015,50.287506],[-125.050015,50.287509],[-125.050015,50.325008],[-125.075015,50.325017],[-125.075015,50.387508],[-125.100016,50.387511],[-125.100016,50.425018],[-125.125016,50.425015],[-125.125016,50.412506],[-125.250016,50.412509],[-125.250016,50.450005],[-125.275016,50.450005],[-125.275016,50.462505],[-125.325015,50.462505],[-125.325015,50.450005],[-125.300016,50.450005],[-125.300016,50.400005],[-125.300016,50.387511],[-125.275016,50.387508],[-125.275016,50.312507],[-125.250016,50.31251],[-125.250016,50.250005],[-125.225016,50.250005],[-125.225016,50.225014],[-125.175015,50.225014],[-125.175015,50.187507],[-125.200016,50.18751]]],[[[-128.200017,50.500005],[-128.200017,50.450005],[-128.200017,50.400005],[-128.000016,50.400005],[-128.000017,50.500005],[-127.979163,50.500005],[-127.975017,50.500005],[-127.975017,50.462505],[-127.950015,50.462508],[-127.950015,50.487509],[-127.800016,50.487509],[-127.800016,50.500005],[-127.775016,50.500005],[-127.775016,50.512508],[-127.750016,50.512511],[-127.750016,50.500005],[-127.700016,50.500005],[-127.700016,50.487509],[-127.650016,50.487509],[-127.650016,50.500005],[-127.675016,50.500005],[-127.675016,50.525013],[-127.625016,50.525013],[-127.625016,50.512508],[-127.575015,50.512508],[-127.575015,50.500005],[-127.450015,50.500005],[-127.450015,50.512511],[-127.500016,50.512511],[-127.500016,50.525016],[-127.550016,50.525005],[-127.550016,50.537508],[-127.575015,50.537505],[-127.575015,50.550005],[-127.625016,50.550005],[-127.625016,50.562507],[-127.675016,50.562507],[-127.675016,50.575016],[-127.725017,50.575016],[-127.725017,50.587505],[-127.775016,50.587505],[-127.775016,50.600005],[-127.800017,50.600005],[-127.800017,50.612509],[-127.825015,50.612506],[-127.825015,50.625015],[-127.875017,50.625015],[-127.875017,50.637508],[-127.925016,50.637508],[-127.925016,50.650005],[-127.950015,50.650005],[-127.950015,50.662508],[-128.000017,50.662508],[-128.000017,50.675017],[-128.050016,50.675006],[-128.050016,50.68751],[-128.075015,50.687507],[-128.075015,50.700005],[-128.125017,50.700005],[-128.125017,50.712505],[-128.175016,50.712505],[-128.175016,50.612506],[-128.200017,50.612509],[-128.200017,50.700005],[-128.400017,50.700005],[-128.400017,50.650005],[-128.375017,50.650005],[-128.375017,50.612506],[-128.350017,50.612509],[-128.350017,50.600005],[-128.400017,50.600005],[-128.400017,50.500005],[-128.229163,50.500005],[-128.224996,50.500005],[-128.204163,50.500005],[-128.200017,50.500005],[-128.200017,50.525016],[-128.175016,50.525013],[-128.175016,50.512508],[-128.150016,50.512511],[-128.150016,50.500005],[-128.200017,50.500005]]],[[[-128.029163,50.500005],[-128.025016,50.500005],[-128.025016,50.512508],[-128.100017,50.512511],[-128.100017,50.500005],[-128.029163,50.500005]]],[[[-128.000017,50.550005],[-128.025016,50.550005],[-128.025016,50.525013],[-128.000017,50.525016],[-128.000017,50.550005]]],[[[-128.175016,50.587505],[-128.200017,50.587507],[-128.200017,50.575019],[-128.175016,50.575016],[-128.175016,50.587505]]],[[[-127.979163,50.600005],[-127.975017,50.600005],[-127.975017,50.612506],[-128.000017,50.612509],[-128.000017,50.600005],[-127.979163,50.600005]]],[[[-128.175016,50.712505],[-128.175016,50.725014],[-128.200017,50.725017],[-128.200017,50.737509],[-128.250017,50.737509],[-128.250017,50.750005],[-128.300017,50.750005],[-128.300017,50.76251],[-128.325015,50.762508],[-128.325015,50.775013],[-128.375017,50.775013],[-128.375017,50.712505],[-128.175016,50.712505]]],[[[-127.450015,50.787508],[-127.425016,50.787506],[-127.425016,50.800005],[-127.429163,50.800005],[-127.449996,50.800005],[-127.450015,50.787508]]],[[[-128.400017,50.700005],[-128.400017,50.850005],[-128.400017,50.900005],[-128.600017,50.900005],[-128.600017,50.81251],[-128.650016,50.81251],[-128.650016,50.825008],[-128.700017,50.825019],[-128.700017,50.800005],[-128.650016,50.800005],[-128.650016,50.787508],[-128.625017,50.787505],[-128.625017,50.800005],[-128.600017,50.800005],[-128.600017,50.750005],[-128.600017,50.700005],[-128.454163,50.700005],[-128.449996,50.700005],[-128.429163,50.700005],[-128.424996,50.700005],[-128.404163,50.700005],[-128.400017,50.700005]]],[[[-127.525016,50.912506],[-127.550016,50.912508],[-127.550016,50.925006],[-127.600017,50.925017],[-127.600017,50.912508],[-127.575015,50.912506],[-127.575015,50.900005],[-127.525016,50.900005],[-127.525016,50.912506]]],[[[-128.800017,50.850005],[-128.800017,50.900005],[-129.200017,50.900005],[-129.200017,50.800005],[-128.800017,50.800005],[-128.800017,50.850005]]],[[[-127.450015,50.787508],[-127.500017,50.787508],[-127.500017,50.800005],[-127.550016,50.800005],[-127.550016,50.81251],[-127.575015,50.812507],[-127.575015,50.837505],[-127.550016,50.837508],[-127.550016,50.850005],[-127.575015,50.850005],[-127.575015,50.862506],[-127.600017,50.862509],[-127.600017,50.900005],[-127.624996,50.900005],[-127.629163,50.900005],[-127.649996,50.900005],[-127.654163,50.900005],[-127.674996,50.900005],[-127.679163,50.900005],[-127.724996,50.900005],[-127.729163,50.900005],[-127.749996,50.900005],[-127.754163,50.900005],[-127.774996,50.900005],[-127.800017,50.900005],[-127.800017,50.950005],[-127.800017,51.000005],[-128.000017,51.000005],[-128.000017,50.850005],[-128.025016,50.850005],[-128.025016,50.862506],[-128.100017,50.862509],[-128.100017,50.875018],[-128.125017,50.875015],[-128.125017,50.837505],[-128.100017,50.837507],[-128.100017,50.825019],[-128.050016,50.825008],[-128.050016,50.81251],[-128.025016,50.812507],[-128.025016,50.800005],[-127.975017,50.800005],[-127.975017,50.787505],[-127.925016,50.787505],[-127.925016,50.775013],[-127.875017,50.775013],[-127.875017,50.762508],[-127.850017,50.762511],[-127.850017,50.750005],[-127.800017,50.750005],[-127.800017,50.737509],[-127.750017,50.737509],[-127.750017,50.725005],[-127.725017,50.725014],[-127.725017,50.712505],[-127.675016,50.712505],[-127.675016,50.700005],[-127.625017,50.700005],[-127.625017,50.687507],[-127.600017,50.68751],[-127.600017,50.675017],[-127.550016,50.675006],[-127.550016,50.662508],[-127.525016,50.662506],[-127.525016,50.650005],[-127.500016,50.650005],[-127.475017,50.650005],[-127.475017,50.637508],[-127.425016,50.637508],[-127.425016,50.625015],[-127.400016,50.625018],[-127.400016,50.612509],[-127.350017,50.612509],[-127.350017,50.600005],[-127.300016,50.600005],[-127.300016,50.587508],[-127.275016,50.587505],[-127.275016,50.575016],[-127.225017,50.575016],[-127.225017,50.562507],[-127.175016,50.562507],[-127.175016,50.550005],[-127.150016,50.550005],[-127.150016,50.537508],[-127.100016,50.537508],[-127.100016,50.525016],[-127.025016,50.525013],[-127.025016,50.512508],[-126.975017,50.512508],[-126.975017,50.537506],[-126.950015,50.537508],[-126.950015,50.56251],[-126.975017,50.562507],[-126.975017,50.575016],[-127.025016,50.575016],[-127.025016,50.587505],[-127.050016,50.587508],[-127.050016,50.600005],[-127.100016,50.600005],[-127.100016,50.612509],[-127.125016,50.612506],[-127.125016,50.625015],[-127.175016,50.625015],[-127.175016,50.637508],[-127.225017,50.637508],[-127.225017,50.650005],[-127.250016,50.650005],[-127.250016,50.662508],[-127.300016,50.662508],[-127.300016,50.675018],[-127.350017,50.675006],[-127.350017,50.68751],[-127.375016,50.687507],[-127.375016,50.700005],[-127.200016,50.700005],[-127.200016,50.800005],[-127.400017,50.800005],[-127.400017,50.762511],[-127.425016,50.762508],[-127.425016,50.775013],[-127.450015,50.775005],[-127.450015,50.787508]]],[[[-125.000017,51.862509],[-125.000017,51.850005],[-124.975017,51.850005],[-124.975017,51.862507],[-125.000017,51.862509]]],[[[-122.300016,51.912509],[-122.275016,51.912506],[-122.275016,51.937508],[-122.300016,51.93751],[-122.300016,51.912509]]],[[[-122.325015,52.000006],[-122.350017,52.000006],[-122.350016,51.98751],[-122.325015,51.987507],[-122.325015,52.000006]]],[[[-125.674997,52.200005],[-125.525016,52.200005],[-125.525016,52.212505],[-125.500017,52.212508],[-125.500017,52.225017],[-125.675016,52.225014],[-125.674997,52.200005]]],[[[-124.975017,52.675015],[-124.975017,52.687507],[-125.000017,52.68751],[-125.000017,52.675017],[-124.975017,52.675015]]],[[[-124.600017,52.900006],[-124.600017,52.912509],[-124.650016,52.912509],[-124.650016,52.900006],[-124.600017,52.900006]]],[[[-124.975017,51.862507],[-124.750016,51.862509],[-124.750016,51.81251],[-124.725017,51.812507],[-124.725017,52.125016],[-124.675016,52.125016],[-124.675016,52.137508],[-124.650016,52.137511],[-124.650016,52.150006],[-124.650016,52.175007],[-124.575015,52.175015],[-124.575015,52.162506],[-124.600017,52.162509],[-124.600017,52.137511],[-124.625017,52.137508],[-124.625017,52.062507],[-124.400016,52.06251],[-124.400016,52.050006],[-124.625017,52.050006],[-124.650016,52.050006],[-124.650016,52.037509],[-124.625017,52.037506],[-124.625016,51.800006],[-124.400016,51.800006],[-124.400016,51.725017],[-124.300016,51.725017],[-124.300016,51.712508],[-124.325015,51.712505],[-124.325015,51.700006],[-124.200016,51.700006],[-124.200016,51.662509],[-124.125016,51.662506],[-124.125016,51.650006],[-124.200016,51.650006],[-124.200016,51.600006],[-123.175015,51.600006],[-123.175015,51.800006],[-123.175015,51.812508],[-123.175015,51.912506],[-123.200016,51.912509],[-123.200016,51.900006],[-123.400016,51.900006],[-123.400016,51.950006],[-123.400016,52.000006],[-123.379163,52.000006],[-123.374997,52.000006],[-123.354163,52.000006],[-123.349997,52.000006],[-123.329163,52.000006],[-123.324997,52.000006],[-123.254163,52.000006],[-123.249997,52.000006],[-123.225017,52.000006],[-123.200016,52.000006],[-123.200016,51.98751],[-123.175015,51.987507],[-123.175016,52.100006],[-123.150016,52.100006],[-123.150016,52.11251],[-123.175016,52.112507],[-123.175016,52.262508],[-123.150016,52.262511],[-123.150016,52.300006],[-123.049997,52.300006],[-123.029163,52.300006],[-123.000016,52.300006],[-123.000017,52.900006],[-123.150016,52.900006],[-123.150016,52.912509],[-123.200017,52.912509],[-123.200017,52.900006],[-123.224997,52.900006],[-123.229164,52.900006],[-123.249997,52.900006],[-123.254164,52.900006],[-123.324997,52.900006],[-123.329164,52.900006],[-123.349997,52.900006],[-123.354164,52.900006],[-123.374997,52.900006],[-123.379164,52.900006],[-123.424997,52.900006],[-123.429164,52.900006],[-123.449997,52.900006],[-123.454164,52.900006],[-123.474997,52.900006],[-123.479164,52.900006],[-123.524997,52.900006],[-123.529164,52.900006],[-123.549997,52.900006],[-123.554164,52.900006],[-123.574997,52.900006],[-123.579164,52.900006],[-123.600017,52.900006],[-123.600017,52.887511],[-123.625017,52.887508],[-123.775016,52.887508],[-123.800017,52.887511],[-123.800017,52.900006],[-123.824997,52.900006],[-123.829164,52.900006],[-123.849997,52.900006],[-123.854164,52.900006],[-123.874997,52.900006],[-123.879164,52.900006],[-123.924997,52.900006],[-123.929164,52.900006],[-123.949997,52.900006],[-123.954164,52.900006],[-123.974997,52.900006],[-124.029164,52.900006],[-124.049997,52.900006],[-124.054164,52.900006],[-124.074997,52.900006],[-124.079164,52.900006],[-124.124997,52.900006],[-124.129164,52.900006],[-124.149997,52.900006],[-124.154164,52.900006],[-124.249997,52.900006],[-124.254164,52.900006],[-124.274997,52.900006],[-124.279164,52.900006],[-124.324997,52.900006],[-124.329164,52.900006],[-124.349997,52.900006],[-124.354164,52.900006],[-124.374997,52.900006],[-124.379164,52.900006],[-124.525016,52.900006],[-124.525016,52.912506],[-124.575016,52.912506],[-124.575016,52.900006],[-124.600017,52.900006],[-124.600017,52.887511],[-124.575016,52.887508],[-124.575016,52.875015],[-124.650016,52.875007],[-124.650016,52.900006],[-124.975017,52.900006],[-124.975017,52.800006],[-124.987497,52.800006],[-125.000017,52.800006],[-125.000017,52.900006],[-125.025016,52.900006],[-125.025016,52.775013],[-125.000017,52.775016],[-125.000017,52.762511],[-125.025016,52.762508],[-125.025016,52.737507],[-124.950016,52.737509],[-124.950016,52.725006],[-124.925016,52.725014],[-124.925016,52.737507],[-124.775016,52.737507],[-124.775016,52.725014],[-124.750017,52.725006],[-124.750017,52.700006],[-124.775016,52.700006],[-124.775016,52.687507],[-124.725017,52.687507],[-124.725017,52.625015],[-124.775016,52.625015],[-124.775016,52.612507],[-124.825016,52.612507],[-124.825016,52.600006],[-124.829163,52.600006],[-124.849997,52.600006],[-124.850017,52.612509],[-124.925016,52.612507],[-124.925016,52.637508],[-124.975017,52.637508],[-124.975017,52.662506],[-125.000017,52.662509],[-125.000017,52.600005],[-125.000017,52.56251],[-125.000017,52.550006],[-125.000017,52.500006],[-125.000017,52.450005],[-125.000017,52.400005],[-125.000017,52.362509],[-125.000017,52.350005],[-125.000017,52.300005],[-125.275016,52.300005],[-125.300017,52.300005],[-125.350017,52.300005],[-125.350017,52.287509],[-125.375017,52.287506],[-125.400017,52.287509],[-125.400017,52.300005],[-125.425016,52.300005],[-125.425016,52.275013],[-125.400017,52.275016],[-125.400017,52.262511],[-125.375017,52.262508],[-125.375017,52.250005],[-125.425016,52.250005],[-125.425016,52.200005],[-125.375017,52.200005],[-125.375017,52.187507],[-125.350017,52.18751],[-125.350017,52.175007],[-125.400017,52.175017],[-125.400017,52.162509],[-125.425016,52.162506],[-125.425016,52.137508],[-125.275016,52.137508],[-125.275016,52.112507],[-125.300017,52.112509],[-125.300017,52.087508],[-125.225017,52.087505],[-125.225017,52.075016],[-125.200017,52.075019],[-125.200017,52.087508],[-125.150016,52.087508],[-125.150016,52.075008],[-125.175016,52.075016],[-125.175016,52.050005],[-125.150016,52.050005],[-125.150016,52.025005],[-125.125017,52.025013],[-125.125017,51.987507],[-125.150016,51.987509],[-125.150016,51.975006],[-125.175016,51.975014],[-125.175016,51.962505],[-125.200017,51.962508],[-125.200017,51.950005],[-125.175016,51.950005],[-125.175016,51.925015],[-125.050016,51.925007],[-125.050016,51.912509],[-125.025016,51.912506],[-125.025016,51.862507],[-125.000017,51.862509],[-125.000017,51.887511],[-124.975017,51.887508],[-124.975017,51.862507]]],[[[-124.775016,51.950006],[-124.775016,51.962505],[-124.800017,51.962508],[-124.800017,51.950006],[-124.775016,51.950006]]],[[[-124.800017,51.975017],[-124.800017,51.987509],[-124.825015,51.987507],[-124.825015,51.975014],[-124.800017,51.975017]]],[[[-125.050016,52.000005],[-125.050016,52.012511],[-125.100017,52.012511],[-125.100017,52.000005],[-125.050016,52.000005]]],[[[-124.775016,52.037506],[-124.775016,52.050006],[-124.800017,52.050006],[-124.800017,52.037509],[-124.775016,52.037506]]],[[[-124.950015,52.06251],[-124.950015,52.075008],[-124.900017,52.075019],[-124.900017,52.06251],[-124.875017,52.062507],[-124.875017,52.075016],[-124.775016,52.075016],[-124.775016,52.100006],[-124.800017,52.100006],[-124.800017,52.087508],[-124.875017,52.087505],[-124.875017,52.100006],[-125.025016,52.100005],[-125.025016,52.087505],[-125.050016,52.087508],[-125.050016,52.100005],[-125.100017,52.100005],[-125.100017,52.087508],[-125.125017,52.087505],[-125.125017,52.075016],[-124.975017,52.075016],[-124.975017,52.062507],[-124.950015,52.06251]]],[[[-124.725017,52.150006],[-124.725017,52.175015],[-124.775016,52.175015],[-124.775016,52.150006],[-124.725017,52.150006]]],[[[-124.425016,52.175015],[-124.425016,52.162506],[-124.400017,52.162509],[-124.400017,52.18751],[-124.425016,52.187507],[-124.425016,52.175015]]],[[[-124.625017,52.187507],[-124.625017,52.200006],[-124.600017,52.200006],[-124.600017,52.212508],[-124.625017,52.212505],[-124.625017,52.250006],[-124.650016,52.250006],[-124.650016,52.225006],[-124.700017,52.225017],[-124.700017,52.212508],[-124.650016,52.212508],[-124.650016,52.18751],[-124.625017,52.187507]]],[[[-125.000017,52.250005],[-125.000017,52.262511],[-125.125017,52.262508],[-125.125017,52.250005],[-125.000017,52.250005]]],[[[-124.150016,52.100006],[-124.150016,52.087508],[-124.125016,52.087505],[-124.125016,52.100006],[-124.150016,52.100006]]],[[[-123.875016,52.062508],[-123.875016,52.050006],[-123.825015,52.050006],[-123.825015,52.062508],[-123.875016,52.062508]]],[[[-123.900016,52.050006],[-123.900016,52.06251],[-123.925016,52.062508],[-123.925016,52.050006],[-123.900016,52.050006]]],[[[-124.000016,52.050006],[-124.000016,52.06251],[-124.075015,52.062508],[-124.075015,52.050006],[-124.000016,52.050006]]],[[[-124.100016,52.050006],[-124.100016,52.06251],[-124.125016,52.062508],[-124.125016,52.050006],[-124.100016,52.050006]]],[[[-124.350017,52.050006],[-124.350017,52.06251],[-124.375016,52.062507],[-124.375016,52.050006],[-124.350017,52.050006]]],[[[-124.225017,52.012508],[-124.225017,52.000006],[-124.175016,52.000006],[-124.175016,52.012508],[-124.225017,52.012508]]],[[[-123.475017,51.687508],[-123.475017,51.662506],[-123.450015,51.662509],[-123.450015,51.68751],[-123.475017,51.687508]]],[[[-125.275016,52.275013],[-125.275016,52.287506],[-125.325016,52.287506],[-125.325016,52.275013],[-125.275016,52.275013]]],[[[-124.625017,52.287506],[-124.625017,52.275013],[-124.600017,52.275016],[-124.600017,52.300006],[-124.625017,52.300006],[-124.625017,52.287506]]],[[[-123.225017,52.300006],[-123.225017,52.312508],[-123.275016,52.312508],[-123.275016,52.300006],[-123.225017,52.300006]]],[[[-123.200016,52.36251],[-123.200016,52.375018],[-123.225017,52.375016],[-123.225017,52.350006],[-123.200016,52.350006],[-123.200016,52.36251]]],[[[-123.350017,52.387511],[-123.350017,52.400006],[-123.400016,52.400006],[-123.400016,52.387511],[-123.350017,52.387511]]],[[[-123.750016,52.400006],[-123.750016,52.412509],[-123.800017,52.412509],[-123.800016,52.400006],[-123.750016,52.400006]]],[[[-123.400016,52.412509],[-123.400016,52.425018],[-123.425016,52.425015],[-123.425016,52.412506],[-123.400016,52.412509]]],[[[-124.750017,52.475006],[-124.750017,52.487509],[-124.775016,52.487507],[-124.775016,52.475014],[-124.750017,52.475006]]],[[[-123.750017,52.487509],[-123.550016,52.48751],[-123.550016,52.500006],[-123.800017,52.500006],[-123.800017,52.475017],[-123.775016,52.475014],[-123.775016,52.487507],[-123.750017,52.487509]]],[[[-124.125017,52.487507],[-124.125017,52.500006],[-124.200017,52.500006],[-124.200017,52.487509],[-124.125017,52.487507]]],[[[-123.200016,52.550006],[-123.200016,52.56251],[-123.225017,52.562508],[-123.225017,52.550006],[-123.200016,52.550006]]],[[[-124.325015,52.587505],[-124.325016,52.600006],[-124.350017,52.600006],[-124.350017,52.587508],[-124.325015,52.587505]]],[[[-123.225017,52.662506],[-123.225017,52.675015],[-123.250017,52.675007],[-123.250017,52.662509],[-123.225017,52.662506]]],[[[-124.475017,52.687507],[-124.475017,52.700006],[-124.500017,52.700006],[-124.500017,52.68751],[-124.475017,52.687507]]],[[[-124.275016,52.737507],[-124.275016,52.750006],[-124.325016,52.750006],[-124.325016,52.737507],[-124.275016,52.737507]]],[[[-124.500017,52.787509],[-124.500017,52.800006],[-124.525016,52.800006],[-124.525016,52.787506],[-124.500017,52.787509]]],[[[-124.550016,52.800006],[-124.550016,52.81251],[-124.600017,52.81251],[-124.600017,52.800006],[-124.550016,52.800006]]],[[[-124.425016,52.812507],[-124.425016,52.800006],[-124.400017,52.800006],[-124.400017,52.825019],[-124.425016,52.825016],[-124.425016,52.812507]]],[[[-124.825016,52.825016],[-124.825016,52.850006],[-124.850017,52.850006],[-124.850017,52.825008],[-124.825016,52.825016]]],[[[-124.575016,52.850006],[-124.575016,52.837505],[-124.525016,52.837505],[-124.525016,52.850006],[-124.575016,52.850006]]],[[[-124.625017,52.837505],[-124.625017,52.825016],[-124.600017,52.825019],[-124.600017,52.837508],[-124.625017,52.837505]]],[[[-122.325015,52.000006],[-122.300016,52.000006],[-122.300016,51.950006],[-122.275016,51.950006],[-122.275016,52.400006],[-122.350017,52.400006],[-122.350017,52.412509],[-122.350017,52.462508],[-122.350017,52.475006],[-122.350017,52.525005],[-122.375016,52.525013],[-122.375016,52.537506],[-122.350017,52.537509],[-122.350017,52.98751],[-122.300016,52.98751],[-122.300016,53.000006],[-122.350017,53.000006],[-122.400016,53.000006],[-122.400016,52.975017],[-122.425016,52.975014],[-122.425016,53.000006],[-122.525016,53.000006],[-122.600017,53.000006],[-122.624997,53.000006],[-122.629164,53.000006],[-122.649997,53.000006],[-122.654164,53.000006],[-122.674997,53.000006],[-122.679164,53.000006],[-122.724997,53.000006],[-122.725017,53.000006],[-122.729164,53.000006],[-122.800017,53.000006],[-122.800016,52.700006],[-122.725017,52.700006],[-122.725017,52.687508],[-122.725017,52.550006],[-122.750016,52.550006],[-122.750016,52.512511],[-122.750016,52.500006],[-122.800016,52.500006],[-122.800016,52.300006],[-122.750016,52.300006],[-122.750016,52.287509],[-122.750016,52.23751],[-122.700016,52.23751],[-122.700016,52.250006],[-122.525016,52.250006],[-122.425015,52.250006],[-122.425015,52.275014],[-122.375016,52.275014],[-122.375016,52.250006],[-122.350017,52.250006],[-122.350017,52.23751],[-122.300016,52.23751],[-122.300016,52.012511],[-122.325015,52.012508],[-122.325015,52.000006]]],[[[-122.375016,52.425015],[-122.375016,52.437508],[-122.400016,52.43751],[-122.400016,52.412509],[-122.375016,52.412506],[-122.375016,52.425015]]],[[[-122.400016,52.900006],[-122.400016,52.950006],[-122.425016,52.950006],[-122.425016,52.937508],[-122.450015,52.93751],[-122.450015,52.875008],[-122.400016,52.875018],[-122.400016,52.900006]]],[[[-122.325015,53.012509],[-122.325015,53.037506],[-122.350017,53.037509],[-122.350017,53.012511],[-122.325015,53.012509]]],[[[-122.325015,53.112507],[-122.325015,53.125016],[-122.350017,53.125008],[-122.350017,53.11251],[-122.325015,53.112507]]],[[[-122.350017,53.18751],[-122.325015,53.187508],[-122.325015,53.200006],[-122.350017,53.200006],[-122.350017,53.18751]]]]},"properties":{"id":"2023","year":2023,"era":"2023 acquisition","title":"2023 LiDAR availability","source_area_km2":32421.1,"display":"2023 · 32,421.1 km² source footprint","details":"Data-availability footprint published for 2023.\nSource footprint area: 32,421.1 km².\nThis is a simplified overview. Use the LidarBC portal to select and download individual product tiles."},"id":"2023"},{"type":"Feature","geometry":{"type":"MultiPolygon","coordinates":[[[[-123.679162,48.300006],[-123.675015,48.300006],[-123.675015,48.512508],[-123.675015,48.600006],[-123.679162,48.600006],[-123.724996,48.600006],[-123.725016,48.600006],[-123.729162,48.600006],[-123.749996,48.600006],[-123.754162,48.600006],[-123.774996,48.600006],[-123.775015,48.587505],[-123.775015,48.512508],[-123.775015,48.475015],[-123.825014,48.475015],[-123.825014,48.487507],[-123.900015,48.48751],[-123.900015,48.462508],[-123.925015,48.462505],[-123.925015,48.450005],[-123.975016,48.450005],[-123.975016,48.475015],[-124.000015,48.475018],[-124.000015,48.48751],[-124.100015,48.48751],[-124.100015,48.475018],[-124.075014,48.475015],[-124.075014,48.462505],[-124.100015,48.462508],[-124.100015,48.450005],[-124.125015,48.450005],[-124.125015,48.487507],[-124.325014,48.487507],[-124.325014,48.475015],[-124.300015,48.475018],[-124.300015,48.462508],[-124.275015,48.462505],[-124.275015,48.450005],[-124.200015,48.450005],[-124.200015,48.43751],[-124.150015,48.43751],[-124.150015,48.425007],[-124.100015,48.425018],[-124.100015,48.412509],[-124.050015,48.412509],[-124.049996,48.400005],[-124.045829,48.400005],[-124.037496,48.400005],[-124.029162,48.400005],[-124.024996,48.400005],[-124.016662,48.400005],[-124.008329,48.400005],[-124.000015,48.400005],[-124.000015,48.350005],[-124.000015,48.300005],[-123.800015,48.300005],[-123.800015,48.350005],[-123.750015,48.350005],[-123.750015,48.325008],[-123.725016,48.325017],[-123.725016,48.312507],[-123.700015,48.31251],[-123.700015,48.300006],[-123.679162,48.300006]]],[[[-123.800015,48.650006],[-123.800015,48.700006],[-123.824996,48.700006],[-123.829162,48.700006],[-123.849996,48.700006],[-123.854162,48.700005],[-123.874996,48.700005],[-123.879162,48.700005],[-123.924996,48.700005],[-123.929162,48.700005],[-123.949996,48.700005],[-123.954162,48.700005],[-123.974996,48.700005],[-123.975016,48.662506],[-123.950014,48.662509],[-123.950014,48.61251],[-123.800015,48.61251],[-123.800015,48.650006]]],[[[-123.875015,48.637508],[-123.875015,48.625016],[-123.850016,48.625007],[-123.850016,48.637511],[-123.875015,48.637508]]],[[[-123.375015,48.712505],[-123.375015,48.725015],[-123.400015,48.725018],[-123.400015,48.712508],[-123.375015,48.712505]]],[[[-123.100015,48.762511],[-123.100015,48.750006],[-123.075014,48.750006],[-123.075014,48.762508],[-123.100015,48.762511]]],[[[-123.150015,48.81251],[-123.150015,48.825008],[-123.175015,48.825017],[-123.175015,48.812507],[-123.150015,48.81251]]],[[[-123.300015,48.82502],[-123.250015,48.825008],[-123.250015,48.837508],[-123.275015,48.837505],[-123.275015,48.850006],[-123.300015,48.850006],[-123.300015,48.82502]]],[[[-123.250015,48.86251],[-123.250015,48.850006],[-123.225016,48.850006],[-123.225016,48.862507],[-123.250015,48.86251]]],[[[-123.950014,48.86251],[-123.950014,48.887511],[-123.975016,48.887508],[-123.975016,48.862507],[-123.950014,48.86251]]],[[[-123.250015,48.86251],[-123.250015,48.875007],[-123.275015,48.875016],[-123.275015,48.862507],[-123.250015,48.86251]]],[[[-123.275015,48.875016],[-123.275015,48.887508],[-123.300015,48.887511],[-123.300015,48.875019],[-123.275015,48.875016]]],[[[-123.300015,48.887511],[-123.300015,48.900006],[-123.325014,48.900006],[-123.325014,48.887508],[-123.300015,48.887511]]],[[[-123.325014,48.900006],[-123.325014,48.925015],[-123.375015,48.925015],[-123.375015,48.912506],[-123.350016,48.912509],[-123.350016,48.900006],[-123.325014,48.900006]]],[[[-123.525015,48.950006],[-123.475016,48.950006],[-123.475016,48.962505],[-123.500015,48.962508],[-123.500015,48.975018],[-123.525015,48.975015],[-123.525015,48.950006]]],[[[-123.525015,48.975015],[-123.525015,48.987507],[-123.550015,48.98751],[-123.550015,48.975006],[-123.525015,48.975015]]],[[[-125.575015,49.150005],[-125.550015,49.150005],[-125.550015,49.175006],[-125.575015,49.175015],[-125.575015,49.150005]]],[[[-125.524996,49.200005],[-125.525015,49.187507],[-125.500016,49.18751],[-125.500016,49.200005],[-125.524996,49.200005]]],[[[-122.375015,49.200006],[-122.600015,49.200006],[-123.225016,49.200006],[-123.225016,49.187507],[-123.224996,49.100006],[-123.204162,49.100006],[-123.200015,49.100006],[-122.600015,49.100006],[-122.579162,49.100006],[-122.574996,49.100006],[-122.554162,49.100006],[-122.549996,49.100006],[-122.529162,49.100006],[-122.524996,49.100006],[-122.479162,49.100006],[-122.474996,49.100006],[-122.454162,49.100006],[-122.449996,49.100006],[-122.429162,49.100006],[-122.424996,49.100006],[-122.379162,49.100006],[-122.374996,49.100006],[-122.354162,49.100006],[-122.349996,49.100006],[-122.345829,49.100006],[-122.337496,49.100006],[-122.329162,49.100006],[-122.324996,49.100006],[-122.308329,49.100006],[-122.300015,49.100006],[-122.279162,49.100006],[-122.274996,49.100006],[-122.270829,49.100006],[-122.262496,49.100006],[-122.254162,49.100006],[-122.249996,49.100006],[-122.245829,49.100006],[-122.237496,49.100006],[-122.229162,49.100006],[-122.224996,49.100006],[-122.200015,49.100006],[-122.200015,49.11251],[-122.175014,49.112507],[-122.175014,49.125016],[-122.150015,49.125008],[-122.150015,49.137511],[-122.100015,49.137511],[-122.100015,49.11251],[-122.125015,49.112507],[-122.124996,49.100006],[-122.100015,49.100006],[-122.100015,49.087508],[-122.075014,49.087505],[-122.075014,49.137508],[-122.075014,49.175016],[-122.100015,49.175018],[-122.225016,49.175016],[-122.225016,49.187508],[-122.300015,49.187511],[-122.375015,49.187508],[-122.375015,49.200006]]],[[[-125.625016,49.125016],[-125.650015,49.125007],[-125.650015,49.18751],[-125.625016,49.187507],[-125.625016,49.200005],[-125.600016,49.200005],[-125.600016,49.237509],[-125.650015,49.237509],[-125.650015,49.225006],[-125.675015,49.225014],[-125.675015,49.237506],[-125.825015,49.237506],[-125.825015,49.287506],[-126.000016,49.287509],[-126.000016,49.100005],[-126.000016,49.000005],[-125.800016,49.000005],[-125.700016,49.000005],[-125.700016,48.987509],[-125.675015,48.987506],[-125.675015,49.000005],[-125.375016,49.000005],[-125.375016,49.012508],[-125.350016,49.012511],[-125.350016,49.000005],[-125.325015,49.000005],[-125.325015,49.012508],[-125.275015,49.012508],[-125.275015,49.000005],[-125.250016,49.000005],[-125.250016,49.012511],[-125.225016,49.012508],[-125.225016,49.000005],[-125.125016,49.000005],[-125.125016,49.012508],[-125.150015,49.012511],[-125.150015,49.075008],[-125.175015,49.075017],[-125.175015,49.087505],[-125.200016,49.087508],[-125.200016,49.100005],[-125.300016,49.100005],[-125.300016,49.087508],[-125.325015,49.087505],[-125.325015,49.100005],[-125.300016,49.100005],[-125.300016,49.112509],[-125.350016,49.112509],[-125.350016,49.100005],[-125.375016,49.100005],[-125.375016,49.112506],[-125.450015,49.112509],[-125.450015,49.100005],[-125.454162,49.100005],[-125.474996,49.100005],[-125.479162,49.100005],[-125.524996,49.100005],[-125.525015,49.112506],[-125.475016,49.112506],[-125.475016,49.125016],[-125.550015,49.125007],[-125.550015,49.137511],[-125.575015,49.137508],[-125.575015,49.150005],[-125.600016,49.150005],[-125.600016,49.137511],[-125.625016,49.137508],[-125.625016,49.125016],[-125.575015,49.125016],[-125.575015,49.112506],[-125.550015,49.112509],[-125.550015,49.100005],[-125.554162,49.100005],[-125.574996,49.100005],[-125.579162,49.100005],[-125.600016,49.100005],[-125.625016,49.100005],[-125.625016,49.125016]]],[[[-125.850016,49.200005],[-125.850016,49.212508],[-125.875016,49.212505],[-125.875016,49.200005],[-125.850016,49.200005]]],[[[-125.725016,49.212505],[-125.725016,49.200005],[-125.700016,49.200005],[-125.700016,49.212508],[-125.725016,49.212505]]],[[[-125.850016,49.250005],[-125.850016,49.262511],[-125.875016,49.262508],[-125.875016,49.250005],[-125.850016,49.250005]]],[[[-124.075014,49.300005],[-124.075014,49.312507],[-124.100016,49.31251],[-124.100016,49.32502],[-124.125016,49.325017],[-124.125016,49.350005],[-124.150015,49.350005],[-124.150015,49.36251],[-124.175015,49.362507],[-124.175015,49.337505],[-124.250016,49.337508],[-124.250016,49.325008],[-124.225016,49.325017],[-124.225016,49.300005],[-124.250016,49.300005],[-124.250016,49.287509],[-124.225016,49.287506],[-124.225016,49.275014],[-124.200016,49.275017],[-124.200016,49.262511],[-124.175015,49.262508],[-124.175015,49.250005],[-124.150015,49.250005],[-124.150015,49.23751],[-124.125016,49.237507],[-124.125016,49.225015],[-124.100016,49.225017],[-124.100016,49.212508],[-124.075014,49.212505],[-124.075014,49.200005],[-124.050015,49.200006],[-124.050015,49.18751],[-124.025015,49.187507],[-124.025015,49.175015],[-124.000016,49.175018],[-124.000016,49.162509],[-123.950014,49.162509],[-123.950014,49.150006],[-123.975016,49.150006],[-123.975016,49.137508],[-123.950014,49.137511],[-123.950014,49.125007],[-123.925015,49.125016],[-123.925015,49.112507],[-123.900016,49.11251],[-123.900016,49.100006],[-123.875016,49.100006],[-123.875016,49.087505],[-123.850016,49.087508],[-123.850016,49.075008],[-123.825014,49.075017],[-123.825014,49.062507],[-123.800015,49.06251],[-123.800015,49.050006],[-123.775015,49.050006],[-123.775015,49.037506],[-123.800015,49.037509],[-123.800015,49.050006],[-123.825014,49.050006],[-123.825014,49.062507],[-123.850016,49.06251],[-123.850016,49.075008],[-123.875016,49.075017],[-123.875016,49.087505],[-123.900016,49.087508],[-123.900016,49.100006],[-123.925015,49.100006],[-123.925015,49.112507],[-123.950014,49.11251],[-123.950014,49.125007],[-123.975016,49.125016],[-123.975016,49.137508],[-124.000016,49.137511],[-124.000016,49.162509],[-124.025015,49.162506],[-124.025015,49.175015],[-124.050015,49.175007],[-124.050015,49.18751],[-124.075014,49.187507],[-124.075014,49.200005],[-124.100016,49.200005],[-124.100016,49.212508],[-124.125016,49.212505],[-124.125016,49.225015],[-124.150015,49.225006],[-124.150015,49.23751],[-124.175015,49.237507],[-124.175015,49.250005],[-124.200016,49.250005],[-124.200016,49.225017],[-124.175015,49.225015],[-124.175015,49.187507],[-124.200016,49.18751],[-124.200016,49.150005],[-124.200016,49.137511],[-124.175015,49.137508],[-124.175015,49.112507],[-124.125016,49.112507],[-124.125016,49.125016],[-124.075014,49.125016],[-124.075014,49.112507],[-124.050015,49.11251],[-124.050015,49.100005],[-124.054162,49.100005],[-124.074996,49.100005],[-124.079162,49.100005],[-124.100016,49.100005],[-124.100016,49.11251],[-124.125016,49.112507],[-124.125016,49.100005],[-124.129162,49.100005],[-124.149996,49.100005],[-124.154162,49.100005],[-124.174996,49.100005],[-124.175015,49.087505],[-124.150015,49.087508],[-124.150015,49.075008],[-124.125016,49.075017],[-124.125016,49.062507],[-124.100016,49.06251],[-124.100016,49.050005],[-124.075014,49.050005],[-124.075014,49.037506],[-124.050015,49.037509],[-124.050015,49.025005],[-124.025015,49.025014],[-124.025015,49.012508],[-124.000016,49.012511],[-124.000016,49.000005],[-123.975016,49.000006],[-123.975016,48.987507],[-123.950014,48.98751],[-123.950014,48.975006],[-123.925015,48.975015],[-123.925015,48.987507],[-123.900015,48.98751],[-123.900015,49.000006],[-123.875015,49.000006],[-123.875015,48.987507],[-123.900015,48.98751],[-123.900015,48.975018],[-123.925015,48.975015],[-123.925015,48.962505],[-123.900015,48.962508],[-123.900015,48.950006],[-123.875015,48.950006],[-123.875015,48.937507],[-123.850016,48.93751],[-123.850016,48.950006],[-123.825014,48.950006],[-123.825014,48.937507],[-123.800015,48.93751],[-123.800015,48.950006],[-123.775015,48.950006],[-123.775015,48.937507],[-123.800015,48.93751],[-123.800015,48.925018],[-123.775015,48.925015],[-123.775015,48.912506],[-123.800015,48.912509],[-123.800015,48.925018],[-123.825014,48.925015],[-123.825014,48.937507],[-123.850016,48.93751],[-123.850016,48.912509],[-123.825014,48.912506],[-123.825014,48.900006],[-123.800015,48.900006],[-123.800015,48.887511],[-123.900015,48.887511],[-123.900015,48.86251],[-123.950014,48.86251],[-123.950014,48.850005],[-123.975016,48.850005],[-123.975016,48.862507],[-124.000015,48.86251],[-124.000015,48.82502],[-123.975016,48.825017],[-123.975016,48.812507],[-123.950014,48.81251],[-123.950014,48.800005],[-123.825014,48.800006],[-123.825014,48.825017],[-123.900015,48.82502],[-123.900015,48.837508],[-123.925015,48.837505],[-123.925015,48.850005],[-123.875015,48.850005],[-123.875015,48.837505],[-123.850016,48.837508],[-123.850016,48.850006],[-123.800015,48.850006],[-123.800015,48.837508],[-123.825014,48.837505],[-123.825014,48.825017],[-123.800015,48.82502],[-123.800015,48.800006],[-123.675015,48.800006],[-123.675015,48.837505],[-123.625015,48.837505],[-123.625015,48.812507],[-123.600015,48.81251],[-123.600015,48.800006],[-123.575014,48.800006],[-123.575014,48.787506],[-123.550015,48.787509],[-123.550015,48.775005],[-123.550015,48.762511],[-123.525015,48.762508],[-123.525015,48.750006],[-123.500015,48.750006],[-123.500015,48.73751],[-123.475016,48.737507],[-123.475016,48.712505],[-123.450014,48.712508],[-123.450014,48.725006],[-123.400015,48.725018],[-123.400015,48.750006],[-123.350016,48.750006],[-123.350016,48.73751],[-123.300015,48.73751],[-123.300015,48.762511],[-123.275015,48.762508],[-123.275015,48.737507],[-123.300015,48.73751],[-123.300015,48.712508],[-123.375015,48.712505],[-123.375015,48.700006],[-123.354162,48.700006],[-123.350016,48.700006],[-123.350016,48.675007],[-123.300015,48.675018],[-123.300015,48.650006],[-123.250015,48.650006],[-123.250015,48.675007],[-123.275015,48.675016],[-123.274996,48.700006],[-123.254162,48.700006],[-123.250015,48.700006],[-123.250015,48.725006],[-123.225016,48.725015],[-123.225016,48.712505],[-123.200015,48.712508],[-123.175015,48.712505],[-123.175015,48.725015],[-123.150015,48.725006],[-123.150015,48.762511],[-123.150015,48.775005],[-123.175015,48.775014],[-123.175015,48.787506],[-123.200015,48.787509],[-123.200015,48.800006],[-123.200015,48.81251],[-123.225016,48.812507],[-123.250015,48.81251],[-123.300015,48.81251],[-123.300015,48.82502],[-123.325014,48.825017],[-123.325014,48.837505],[-123.350016,48.837508],[-123.350016,48.850006],[-123.375015,48.850006],[-123.375015,48.862507],[-123.400015,48.86251],[-123.400015,48.887511],[-123.425015,48.887508],[-123.425015,48.900006],[-123.450014,48.900006],[-123.450014,48.912509],[-123.425015,48.912506],[-123.425015,48.900006],[-123.400015,48.900006],[-123.400015,48.887511],[-123.375015,48.887508],[-123.375015,48.875016],[-123.350016,48.875007],[-123.350016,48.850006],[-123.300015,48.850006],[-123.300015,48.875019],[-123.325014,48.875016],[-123.325014,48.887508],[-123.350016,48.887511],[-123.350016,48.900006],[-123.375015,48.900006],[-123.375015,48.912506],[-123.400015,48.912509],[-123.400015,48.925018],[-123.425015,48.925015],[-123.425015,48.937507],[-123.475016,48.937507],[-123.475016,48.925015],[-123.500015,48.925018],[-123.500015,48.93751],[-123.525015,48.937507],[-123.525015,48.950006],[-123.550015,48.950006],[-123.550015,48.962508],[-123.575014,48.962505],[-123.575014,48.975015],[-123.600015,48.975018],[-123.600015,49.000006],[-123.400015,49.000006],[-123.400015,49.100006],[-123.600015,49.100006],[-123.600015,49.07502],[-123.625015,49.075017],[-123.625015,49.087505],[-123.650015,49.087508],[-123.650015,49.162509],[-123.675015,49.162506],[-123.675015,49.175015],[-123.725016,49.175015],[-123.725016,49.187507],[-123.750016,49.18751],[-123.750016,49.200006],[-123.775015,49.200006],[-123.775015,49.212505],[-123.800016,49.212508],[-123.800016,49.18751],[-123.825014,49.187507],[-123.825014,49.212505],[-123.800016,49.212508],[-123.800016,49.225017],[-123.875016,49.225015],[-123.875016,49.237507],[-123.900016,49.23751],[-123.900016,49.250006],[-123.950014,49.250006],[-123.950014,49.262511],[-124.000016,49.262511],[-124.000016,49.275017],[-124.025015,49.275014],[-124.025015,49.287506],[-124.050015,49.287509],[-124.050015,49.300006],[-124.075014,49.300005],[-124.075014,49.287506],[-124.100016,49.287509],[-124.100016,49.262511],[-124.125016,49.262508],[-124.125016,49.287506],[-124.175015,49.287506],[-124.175015,49.312507],[-124.150015,49.31251],[-124.150015,49.300005],[-124.125016,49.300005],[-124.125016,49.287506],[-124.100016,49.287509],[-124.100016,49.300005],[-124.075014,49.300005]]],[[[-124.050015,49.23751],[-124.050015,49.225006],[-124.025015,49.225015],[-124.025015,49.212505],[-124.000016,49.212508],[-124.000016,49.200006],[-123.975016,49.200006],[-123.975016,49.187507],[-123.950014,49.18751],[-123.950014,49.175007],[-123.925015,49.175015],[-123.925015,49.162506],[-123.900016,49.162509],[-123.900016,49.175018],[-123.925015,49.175015],[-123.925015,49.187507],[-123.950014,49.18751],[-123.950014,49.200006],[-123.975016,49.200006],[-123.975016,49.212505],[-124.000016,49.212508],[-124.000016,49.225017],[-124.025015,49.225015],[-124.025015,49.237507],[-124.050015,49.23751],[-124.050015,49.262511],[-124.075014,49.262508],[-124.075014,49.237507],[-124.050015,49.23751]]],[[[-123.875016,49.137508],[-123.875016,49.125016],[-123.850016,49.125007],[-123.850016,49.11251],[-123.825014,49.112507],[-123.825014,49.100006],[-123.800016,49.100006],[-123.800016,49.125019],[-123.825014,49.125016],[-123.825014,49.137508],[-123.850016,49.137511],[-123.850016,49.150006],[-123.875016,49.150006],[-123.875016,49.137508]]],[[[-123.750015,49.050006],[-123.750015,49.037509],[-123.725016,49.037506],[-123.725016,49.050006],[-123.750015,49.050006]]],[[[-124.000016,49.100006],[-124.000016,49.087508],[-124.025015,49.087505],[-124.025015,49.075017],[-123.975016,49.075017],[-123.975016,49.112507],[-124.000016,49.11251],[-124.000016,49.100006]]],[[[-123.825014,49.000006],[-123.825014,48.987507],[-123.800015,48.98751],[-123.800015,48.962508],[-123.775015,48.962505],[-123.775015,48.987507],[-123.750015,48.98751],[-123.750015,49.000006],[-123.825014,49.000006]]],[[[-123.675015,48.975015],[-123.675015,48.962505],[-123.650015,48.962508],[-123.650015,48.950006],[-123.625015,48.950006],[-123.625015,48.962505],[-123.650015,48.962508],[-123.650015,48.975006],[-123.675015,48.975015],[-123.675015,48.987507],[-123.700015,48.98751],[-123.700015,48.975018],[-123.675015,48.975015]]],[[[-123.575014,48.925015],[-123.575014,48.912506],[-123.550015,48.912509],[-123.550015,48.900006],[-123.525015,48.900006],[-123.525015,48.887508],[-123.500015,48.887511],[-123.500015,48.900006],[-123.525015,48.900006],[-123.525015,48.925015],[-123.575014,48.925015],[-123.575014,48.937507],[-123.625015,48.937507],[-123.625015,48.925015],[-123.650015,48.925007],[-123.650015,48.912509],[-123.600015,48.912509],[-123.600015,48.925018],[-123.575014,48.925015]]],[[[-123.700015,48.925018],[-123.700015,48.93751],[-123.725016,48.937507],[-123.725016,48.925015],[-123.700015,48.925018]]],[[[-123.600015,48.887511],[-123.600015,48.875019],[-123.575014,48.875016],[-123.575014,48.887508],[-123.600015,48.887511]]],[[[-123.475016,48.862507],[-123.475016,48.850006],[-123.450014,48.850006],[-123.450014,48.837508],[-123.425015,48.837505],[-123.425015,48.850006],[-123.450014,48.850006],[-123.450014,48.86251],[-123.475016,48.862507],[-123.475016,48.875016],[-123.500015,48.875019],[-123.500015,48.86251],[-123.475016,48.862507]]],[[[-123.800015,48.86251],[-123.800015,48.875019],[-123.825014,48.875016],[-123.825014,48.862507],[-123.800015,48.86251]]],[[[-123.500015,48.837508],[-123.500015,48.850006],[-123.525015,48.850006],[-123.525015,48.837505],[-123.500015,48.837508]]],[[[-123.600015,48.850006],[-123.600015,48.837508],[-123.550015,48.837508],[-123.550015,48.850006],[-123.600015,48.850006]]],[[[-123.275015,48.787506],[-123.275015,48.775014],[-123.250015,48.775005],[-123.250015,48.787509],[-123.275015,48.787506]]],[[[-123.500015,48.775017],[-123.500015,48.762511],[-123.475016,48.762508],[-123.475016,48.775014],[-123.500015,48.775017]]],[[[-123.250015,48.762511],[-123.250015,48.750006],[-123.225016,48.750006],[-123.225016,48.762508],[-123.250015,48.762511]]],[[[-125.950015,49.31251],[-125.925015,49.312507],[-125.925015,49.350005],[-125.900016,49.350005],[-125.900016,49.387511],[-125.925015,49.387508],[-125.925015,49.375016],[-125.950015,49.375007],[-125.950015,49.337508],[-125.975016,49.337505],[-125.975016,49.312507],[-125.950015,49.31251]]],[[[-124.675015,49.450005],[-124.675015,49.437507],[-124.650015,49.43751],[-124.650015,49.450005],[-124.675015,49.450005]]],[[[-123.429162,49.500006],[-123.425015,49.500006],[-123.425015,49.475015],[-123.450014,49.475006],[-123.450014,49.462508],[-123.425015,49.462505],[-123.425015,49.450006],[-123.400016,49.450006],[-123.400016,49.462508],[-123.375016,49.462505],[-123.375016,49.475015],[-123.350016,49.475006],[-123.350016,49.450006],[-123.325014,49.450006],[-123.325014,49.475015],[-123.300016,49.475018],[-123.300016,49.48751],[-123.325014,49.487507],[-123.325014,49.525014],[-123.300016,49.525017],[-123.300016,49.537509],[-123.350016,49.537509],[-123.350016,49.525005],[-123.425015,49.525014],[-123.425015,49.512508],[-123.450014,49.512511],[-123.449996,49.500006],[-123.429162,49.500006]]],[[[-124.400016,49.662509],[-124.425015,49.662506],[-124.425015,49.675015],[-124.450015,49.675007],[-124.450015,49.68751],[-124.475016,49.687507],[-124.475016,49.700005],[-124.500016,49.700005],[-124.500016,49.712508],[-124.525015,49.712505],[-124.525015,49.725014],[-124.550015,49.725006],[-124.550015,49.737509],[-124.575015,49.737507],[-124.575015,49.750005],[-124.600016,49.750005],[-124.600016,49.775017],[-124.625016,49.775014],[-124.625016,49.737507],[-124.600016,49.737509],[-124.600016,49.725017],[-124.575015,49.725014],[-124.575015,49.700005],[-124.550015,49.700005],[-124.550015,49.68751],[-124.525015,49.687507],[-124.525015,49.675015],[-124.500016,49.675018],[-124.500016,49.662509],[-124.475016,49.662506],[-124.475016,49.650005],[-124.450015,49.650005],[-124.450015,49.637511],[-124.425015,49.637508],[-124.425015,49.625016],[-124.400016,49.625019],[-124.400016,49.600005],[-124.379163,49.600005],[-124.374996,49.600005],[-124.354163,49.600005],[-124.350016,49.600005],[-124.350016,49.587508],[-124.350016,49.575008],[-124.325015,49.575017],[-124.325015,49.562507],[-124.300016,49.56251],[-124.300016,49.550005],[-124.275015,49.550005],[-124.275015,49.537506],[-124.250016,49.537509],[-124.250016,49.512511],[-124.225016,49.512508],[-124.225016,49.500005],[-124.200016,49.500005],[-124.200016,49.512511],[-124.175015,49.512508],[-124.175015,49.525014],[-124.200016,49.525017],[-124.200016,49.537509],[-124.225016,49.537506],[-124.225016,49.562507],[-124.250016,49.56251],[-124.250016,49.575008],[-124.275015,49.575017],[-124.275015,49.587505],[-124.300016,49.587508],[-124.300016,49.600005],[-124.324996,49.600005],[-124.325015,49.612507],[-124.350016,49.612509],[-124.350016,49.625007],[-124.375016,49.625016],[-124.375016,49.637508],[-124.400016,49.637511],[-124.400016,49.650005],[-124.400016,49.662509]]],[[[-123.825014,49.475015],[-123.825014,49.462505],[-123.800016,49.462508],[-123.775015,49.462505],[-123.775015,49.475015],[-123.750016,49.475006],[-123.750016,49.462508],[-123.725016,49.462505],[-123.725016,49.450006],[-123.700016,49.450006],[-123.700016,49.43751],[-123.675015,49.437507],[-123.675015,49.425015],[-123.625016,49.425015],[-123.625016,49.412506],[-123.575014,49.412506],[-123.575014,49.400006],[-123.525015,49.400006],[-123.525015,49.387508],[-123.500016,49.387511],[-123.500016,49.400006],[-123.475016,49.400006],[-123.475016,49.412506],[-123.500016,49.412509],[-123.500016,49.425018],[-123.550015,49.425007],[-123.550015,49.43751],[-123.600016,49.43751],[-123.600016,49.450006],[-123.625016,49.450006],[-123.625016,49.475015],[-123.650015,49.475006],[-123.650015,49.512511],[-123.675015,49.512508],[-123.675015,49.550006],[-123.700016,49.550006],[-123.700016,49.600006],[-123.724996,49.600006],[-123.729162,49.600006],[-123.749996,49.600006],[-123.750016,49.61251],[-123.775015,49.612507],[-123.775015,49.550006],[-123.750016,49.550006],[-123.750016,49.525005],[-123.800016,49.525017],[-123.800016,49.57502],[-123.825014,49.575017],[-123.825015,49.625016],[-123.800016,49.625019],[-123.800016,49.637511],[-123.825015,49.637508],[-123.825015,49.687507],[-123.850016,49.68751],[-123.850016,49.73751],[-123.875016,49.737507],[-123.875016,49.775014],[-123.900016,49.775017],[-123.900016,49.800006],[-123.924996,49.800006],[-123.925015,49.762508],[-124.000016,49.762511],[-124.000016,49.775017],[-124.075015,49.775014],[-124.075015,49.762508],[-124.150015,49.762511],[-124.150015,49.750006],[-124.225016,49.750005],[-124.225016,49.712505],[-124.200016,49.712508],[-124.200016,49.675018],[-124.175015,49.675015],[-124.175015,49.662506],[-124.125016,49.662506],[-124.125016,49.650006],[-124.075015,49.650006],[-124.075015,49.625016],[-124.025015,49.625016],[-124.025015,49.587505],[-124.000016,49.587508],[-124.000016,49.550006],[-124.000016,49.537509],[-123.975016,49.537506],[-123.975016,49.512508],[-124.000016,49.512511],[-124.000016,49.500006],[-124.000016,49.48751],[-123.975016,49.487507],[-123.975016,49.462505],[-123.950014,49.462508],[-123.950014,49.475006],[-123.825014,49.475015],[-123.825014,49.487507],[-123.800016,49.48751],[-123.800016,49.475017],[-123.825014,49.475015]]],[[[-123.925015,49.687507],[-123.925015,49.700006],[-123.950015,49.700006],[-123.950015,49.68751],[-123.925015,49.687507]]],[[[-118.875015,49.725015],[-118.875015,49.700006],[-118.850015,49.700006],[-118.850015,49.725007],[-118.875015,49.725015]]],[[[-118.875015,49.725015],[-118.875015,49.737507],[-118.925014,49.737507],[-118.925014,49.712506],[-118.900015,49.712509],[-118.900015,49.725018],[-118.875015,49.725015]]],[[[-118.600015,49.82502],[-118.625015,49.825017],[-118.625015,49.837506],[-118.700015,49.837509],[-118.700015,49.850006],[-118.725015,49.850006],[-118.725015,49.837506],[-118.750015,49.837509],[-118.750015,49.787509],[-118.775014,49.787507],[-118.775014,49.737507],[-118.800015,49.73751],[-118.800015,49.700006],[-118.825014,49.700006],[-118.825014,49.650006],[-118.850015,49.650006],[-118.850015,49.600006],[-118.875015,49.600006],[-118.875015,49.550006],[-118.900015,49.550006],[-118.900015,49.500006],[-118.925014,49.500006],[-118.925014,49.450006],[-118.950014,49.450006],[-118.950014,49.412509],[-118.975015,49.412506],[-118.975015,49.400006],[-118.975015,49.350006],[-119.000015,49.350006],[-119.000015,49.312511],[-119.025014,49.312508],[-119.025014,49.275014],[-119.050014,49.275006],[-119.050014,49.212509],[-119.075014,49.212506],[-119.075014,49.162506],[-119.100015,49.162509],[-119.100015,49.11251],[-119.125015,49.112507],[-119.125015,49.075017],[-119.150014,49.075009],[-119.150014,49.012512],[-119.175014,49.012509],[-119.175014,49.000006],[-119.174996,49.000006],[-119.154162,49.000006],[-119.149996,49.000006],[-119.129162,49.000006],[-119.124996,49.000006],[-119.079162,49.000006],[-119.074996,49.000006],[-119.054162,49.000006],[-119.049996,49.000006],[-119.029162,49.000006],[-119.025014,49.000006],[-119.025014,49.037506],[-119.000015,49.037509],[-119.000015,49.07502],[-118.975015,49.075017],[-118.975015,49.125017],[-118.950014,49.125008],[-118.950014,49.175007],[-118.925014,49.175016],[-118.925014,49.225015],[-118.900015,49.225018],[-118.900015,49.275017],[-118.875015,49.275014],[-118.875015,49.325017],[-118.850015,49.325009],[-118.850015,49.350006],[-118.850015,49.36251],[-118.850015,49.375008],[-118.825014,49.375017],[-118.825014,49.387509],[-118.825014,49.425016],[-118.800015,49.425019],[-118.800015,49.462509],[-118.800015,49.475018],[-118.775014,49.475015],[-118.775014,49.500006],[-118.775014,49.525014],[-118.750015,49.525006],[-118.750015,49.550006],[-118.750015,49.575009],[-118.725015,49.575017],[-118.725015,49.625017],[-118.700015,49.62502],[-118.700015,49.662509],[-118.675014,49.662507],[-118.675014,49.712506],[-118.650014,49.712509],[-118.650014,49.762512],[-118.625015,49.762509],[-118.625015,49.812508],[-118.600015,49.812511],[-118.600015,49.82502]]],[[[-119.100015,49.100006],[-119.100015,49.087509],[-119.075014,49.087506],[-119.075014,49.100006],[-119.100015,49.100006]]],[[[-124.724996,50.100005],[-124.725016,50.112507],[-124.750016,50.112509],[-124.750016,50.125007],[-124.775016,50.125016],[-124.775016,50.137508],[-124.800016,50.137511],[-124.800016,50.150005],[-124.850016,50.150005],[-124.850016,50.162509],[-124.875016,50.162506],[-124.875016,50.175015],[-124.900016,50.175018],[-124.900016,50.18751],[-124.925015,50.187507],[-124.925015,50.200005],[-124.950015,50.200005],[-124.950015,50.212508],[-125.000016,50.212508],[-125.000016,50.200005],[-124.975016,50.200005],[-124.975016,50.162506],[-125.000016,50.162509],[-125.000016,50.150005],[-124.975016,50.150005],[-124.950015,50.150005],[-124.950015,50.137511],[-124.925015,50.137508],[-124.925015,50.125016],[-124.900016,50.125019],[-124.900016,50.100005],[-124.879163,50.100005],[-124.874996,50.100005],[-124.854163,50.100005],[-124.850016,50.100005],[-124.850016,50.087508],[-124.825015,50.087505],[-124.825015,50.075017],[-124.800016,50.075019],[-124.800016,50.06251],[-124.775016,50.062507],[-124.775016,50.050005],[-124.725016,50.050005],[-124.725016,50.037506],[-124.700016,50.037509],[-124.700016,50.06251],[-124.675015,50.062507],[-124.675015,50.087505],[-124.700016,50.087508],[-124.700016,50.100005],[-124.724996,50.100005]]],[[[-124.675015,49.450005],[-124.675015,49.462505],[-124.625016,49.462505],[-124.625016,49.487507],[-124.700016,49.487509],[-124.700016,49.512511],[-124.725016,49.512508],[-124.725016,49.575017],[-124.750016,49.575008],[-124.750016,49.587508],[-124.775015,49.587505],[-124.775015,49.612507],[-124.800016,49.612509],[-124.800016,49.637511],[-124.825015,49.637508],[-124.825015,49.650005],[-124.850016,49.650005],[-124.850016,49.68751],[-124.900016,49.68751],[-124.900016,49.712508],[-124.925015,49.712505],[-124.925015,49.725014],[-124.950015,49.725006],[-124.950015,49.750005],[-124.975016,49.750005],[-124.975016,49.762508],[-125.000016,49.762511],[-125.000016,49.787509],[-125.025015,49.787506],[-125.025015,49.800005],[-125.050015,49.800005],[-125.050015,49.825008],[-125.075015,49.825017],[-125.075015,49.887508],[-125.100016,49.887511],[-125.100016,49.875019],[-125.125016,49.875016],[-125.125016,49.887508],[-125.150016,49.887511],[-125.150016,49.900005],[-125.125016,49.900005],[-125.125016,49.925015],[-125.150016,49.925007],[-125.150016,49.93751],[-125.175015,49.937507],[-125.175015,49.925015],[-125.200016,49.925018],[-125.200016,49.950005],[-125.175015,49.950005],[-125.175015,49.975014],[-125.150016,49.975006],[-125.150016,49.987509],[-125.125016,49.987507],[-125.125016,50.012508],[-125.150016,50.012511],[-125.150016,50.087508],[-125.175015,50.087505],[-125.175015,50.137508],[-125.200016,50.137511],[-125.200016,50.18751],[-125.225016,50.187507],[-125.225016,50.212505],[-125.225016,50.225014],[-125.225016,50.250005],[-125.250016,50.250005],[-125.250016,50.31251],[-125.275016,50.312507],[-125.275016,50.387508],[-125.300016,50.387511],[-125.300016,50.400005],[-125.300016,50.450005],[-125.325015,50.450005],[-125.325015,50.462505],[-125.350017,50.462508],[-125.350017,50.475006],[-125.375016,50.475014],[-125.375016,50.462505],[-125.400016,50.462508],[-125.400016,50.450005],[-125.425015,50.450005],[-125.425015,50.437507],[-125.475017,50.437507],[-125.475017,50.450005],[-125.500016,50.450005],[-125.500016,50.475017],[-125.525016,50.475014],[-125.525016,50.487507],[-125.550015,50.487509],[-125.550015,50.525005],[-125.575015,50.525013],[-125.575015,50.512508],[-125.725017,50.512508],[-125.725017,50.525013],[-125.775016,50.525013],[-125.775016,50.512508],[-125.825015,50.512508],[-125.875016,50.512508],[-125.875016,50.525013],[-125.900016,50.525016],[-125.900016,50.500005],[-125.879163,50.500005],[-125.875016,50.500005],[-125.875016,50.487506],[-125.850017,50.487509],[-125.850017,50.475006],[-125.900016,50.475017],[-125.900016,50.462508],[-126.000016,50.462508],[-126.000016,50.475017],[-126.025016,50.475014],[-126.025016,50.462505],[-126.050015,50.462508],[-126.050015,50.475006],[-126.150016,50.475006],[-126.150016,50.462508],[-126.100016,50.462508],[-126.100016,50.450005],[-126.050015,50.450005],[-126.050015,50.43751],[-126.025016,50.437507],[-126.025016,50.425015],[-126.000016,50.425018],[-126.000016,50.400005],[-125.979163,50.400005],[-125.975017,50.400005],[-125.975017,50.375016],[-125.975017,50.362506],[-125.975017,50.350005],[-125.950015,50.350005],[-125.950015,50.325008],[-125.925015,50.325016],[-125.925015,50.300005],[-125.900016,50.300005],[-125.900016,50.31251],[-125.875016,50.312507],[-125.875016,50.325016],[-125.900016,50.325019],[-125.900016,50.362509],[-125.925015,50.362506],[-125.925015,50.387508],[-125.950015,50.387511],[-125.949996,50.400005],[-125.929163,50.400005],[-125.924996,50.400005],[-125.900016,50.400005],[-125.900016,50.387511],[-125.825015,50.387508],[-125.825015,50.375016],[-125.775016,50.375016],[-125.775016,50.362506],[-125.725017,50.362506],[-125.725017,50.350005],[-125.700016,50.350005],[-125.700016,50.337508],[-125.675015,50.337505],[-125.675015,50.312507],[-125.650016,50.31251],[-125.650016,50.262511],[-125.675015,50.262508],[-125.675015,50.250005],[-125.683329,50.250005],[-125.700016,50.250005],[-125.700016,50.262511],[-125.725017,50.262508],[-125.725016,50.250005],[-125.750016,50.250005],[-125.750016,50.237509],[-125.800016,50.237509],[-125.800016,50.262511],[-125.825015,50.262508],[-125.825015,50.275013],[-125.850017,50.275005],[-125.850017,50.31251],[-125.875016,50.312507],[-125.875016,50.300005],[-125.900016,50.300005],[-125.900016,50.275016],[-125.875016,50.275013],[-125.875016,50.250005],[-125.850017,50.250005],[-125.850017,50.225006],[-125.825015,50.225014],[-125.825015,50.200005],[-125.800016,50.200005],[-125.800016,50.175018],[-125.775016,50.175015],[-125.775016,50.137508],[-125.750016,50.137511],[-125.750016,50.112509],[-125.725016,50.112506],[-125.725016,50.087505],[-125.700016,50.087508],[-125.700016,50.06251],[-125.675015,50.062507],[-125.675015,50.037506],[-125.650016,50.037509],[-125.650016,50.012511],[-125.625016,50.012508],[-125.625016,49.987506],[-125.600016,49.987509],[-125.600016,49.950005],[-125.575015,49.950005],[-125.575015,49.925015],[-125.550015,49.925006],[-125.550015,49.900005],[-125.525016,49.900005],[-125.525016,49.887508],[-125.500016,49.887511],[-125.500016,49.900005],[-125.475016,49.900005],[-125.475016,49.887508],[-125.450015,49.887511],[-125.450015,49.900005],[-125.425015,49.900005],[-125.425015,49.887508],[-125.400016,49.887511],[-125.400016,49.875019],[-125.375016,49.875016],[-125.375016,49.912506],[-125.325015,49.912506],[-125.325015,49.900005],[-125.300016,49.900005],[-125.300016,49.887511],[-125.275016,49.887508],[-125.275016,49.862507],[-125.250016,49.862509],[-125.250016,49.850005],[-125.225016,49.850005],[-125.225016,49.837505],[-125.200016,49.837508],[-125.200016,49.81251],[-125.175015,49.812507],[-125.175015,49.787506],[-125.150016,49.787509],[-125.150016,49.762511],[-125.125016,49.762508],[-125.125016,49.750005],[-125.100016,49.750005],[-125.100016,49.725017],[-125.075015,49.725014],[-125.075015,49.712505],[-125.050015,49.712508],[-125.050015,49.68751],[-125.025015,49.687507],[-125.025015,49.675015],[-125.000016,49.675018],[-125.000016,49.650005],[-124.975016,49.650005],[-124.975016,49.625016],[-124.950015,49.625007],[-124.950015,49.612509],[-124.925015,49.612507],[-124.925015,49.587505],[-124.900016,49.587508],[-124.900016,49.57502],[-124.875016,49.575017],[-124.875016,49.550005],[-124.850016,49.550005],[-124.850016,49.525005],[-124.825015,49.525014],[-124.825015,49.512508],[-124.800016,49.512511],[-124.800016,49.487509],[-124.775015,49.487507],[-124.775015,49.462505],[-124.750016,49.462508],[-124.750016,49.450005],[-124.675015,49.450005]]],[[[-125.200016,49.975017],[-125.200016,49.987509],[-125.225016,49.987507],[-125.225016,49.962505],[-125.200016,49.962508],[-125.200016,49.975017]]],[[[-125.400016,50.325019],[-125.350016,50.325008],[-125.350016,50.337508],[-125.400016,50.337508],[-125.400016,50.325019]]],[[[-119.200015,49.200006],[-119.200015,49.162509],[-119.225015,49.162506],[-119.225015,49.112507],[-119.250015,49.11251],[-119.250015,49.062511],[-119.275014,49.062508],[-119.275014,49.000006],[-119.225015,49.000006],[-119.225015,49.025014],[-119.200015,49.025017],[-119.200015,49.050006],[-119.200015,49.062511],[-119.175014,49.062508],[-119.175014,49.112507],[-119.150014,49.11251],[-119.150014,49.125008],[-119.150014,49.175007],[-119.125015,49.175016],[-119.125015,49.225015],[-119.100015,49.225018],[-119.100015,49.262512],[-119.075014,49.262509],[-119.075014,49.312508],[-119.050014,49.312511],[-119.050014,49.36251],[-119.025014,49.362507],[-119.025014,49.412506],[-119.000015,49.412509],[-119.000015,49.462509],[-118.975015,49.462506],[-118.975015,49.475015],[-119.000015,49.475018],[-119.000015,49.512512],[-118.975015,49.512509],[-118.975015,49.537506],[-118.950014,49.537509],[-118.950014,49.562511],[-118.925014,49.562508],[-118.925014,49.612507],[-118.900015,49.61251],[-118.900015,49.650006],[-118.875015,49.650006],[-118.875015,49.687508],[-118.900015,49.687511],[-118.900015,49.662509],[-118.925014,49.662506],[-118.925014,49.700006],[-118.950014,49.700006],[-118.975015,49.700006],[-118.975015,49.712506],[-119.000015,49.712509],[-119.000015,49.73751],[-118.975015,49.737507],[-118.975015,49.750006],[-119.000015,49.750006],[-119.000015,49.762512],[-118.975015,49.762509],[-118.975015,49.775014],[-118.950014,49.775006],[-118.950014,49.787509],[-118.925014,49.787506],[-118.925014,49.825017],[-118.900015,49.82502],[-118.900015,49.875019],[-118.875015,49.875017],[-118.875015,49.887509],[-118.900015,49.887512],[-118.900015,49.900006],[-118.925014,49.900006],[-118.925014,49.962506],[-118.900015,49.962509],[-118.900015,49.98751],[-118.475015,49.987507],[-118.450014,49.98751],[-118.450014,50.000006],[-118.375015,50.000006],[-118.375015,49.987507],[-118.350015,49.98751],[-118.350015,49.975007],[-118.275014,49.975015],[-118.275014,49.987507],[-118.250015,49.98751],[-118.250015,49.975007],[-118.175014,49.975015],[-118.175014,49.987507],[-118.200015,49.98751],[-118.200015,50.000006],[-118.200015,50.062511],[-118.250015,50.062511],[-118.250015,50.075009],[-118.275014,50.075017],[-118.275014,50.112507],[-118.300015,50.11251],[-118.300015,50.125019],[-118.475015,50.125017],[-118.475015,50.175016],[-118.550014,50.175007],[-118.550014,50.250006],[-118.600015,50.250006],[-118.600015,50.262512],[-118.725015,50.262509],[-118.725015,50.275014],[-118.775015,50.275014],[-118.775015,50.262509],[-118.800015,50.262512],[-118.800015,50.275017],[-118.825014,50.275014],[-118.825014,50.262509],[-118.850015,50.262512],[-118.850015,50.275006],[-119.025015,50.275014],[-119.025015,50.262509],[-119.050014,50.262512],[-119.050014,50.275006],[-119.125015,50.275014],[-119.125015,50.262509],[-119.175014,50.262509],[-119.200015,50.262512],[-119.200015,50.275017],[-119.250015,50.275006],[-119.250015,50.312511],[-119.225015,50.312508],[-119.225015,50.400006],[-119.275015,50.400006],[-119.275015,50.412506],[-119.300015,50.412509],[-119.300015,50.375019],[-119.325014,50.375016],[-119.325014,50.262509],[-119.350015,50.262512],[-119.350015,50.150006],[-119.375015,50.150006],[-119.375015,50.050006],[-119.400015,50.050006],[-119.400015,49.950006],[-119.425014,49.950006],[-119.425014,49.850006],[-119.450014,49.850006],[-119.450014,49.787509],[-119.425014,49.787506],[-119.425014,49.800006],[-119.400015,49.800006],[-119.375015,49.800006],[-119.375015,49.787506],[-119.325014,49.787506],[-119.325014,49.887509],[-119.300015,49.887512],[-119.300015,49.937511],[-119.325014,49.937508],[-119.325014,49.950006],[-119.300015,49.950006],[-119.300015,49.98751],[-119.125015,49.987507],[-119.125015,49.937508],[-119.150015,49.937511],[-119.150015,49.900006],[-119.175014,49.900006],[-119.175014,49.850006],[-119.200015,49.850006],[-119.200015,49.800006],[-119.225015,49.800006],[-119.225015,49.750006],[-119.250015,49.750006],[-119.250015,49.700006],[-119.275015,49.700006],[-119.275015,49.650006],[-119.300015,49.650006],[-119.300015,49.600006],[-119.325014,49.600006],[-119.325014,49.562508],[-119.325014,49.537506],[-119.350015,49.537509],[-119.350015,49.500006],[-119.375015,49.500006],[-119.375015,49.462506],[-119.400015,49.462509],[-119.400015,49.450006],[-119.400015,49.400006],[-119.425014,49.400006],[-119.425014,49.362507],[-119.450014,49.36251],[-119.450014,49.312511],[-119.475015,49.312508],[-119.475015,49.287506],[-119.500015,49.287509],[-119.500015,49.762512],[-119.475015,49.762509],[-119.475015,49.775014],[-119.575014,49.775014],[-119.575014,49.787506],[-119.775015,49.787506],[-119.775015,49.775014],[-119.850015,49.775006],[-119.850015,49.762512],[-119.800015,49.762512],[-119.800015,49.750006],[-119.750015,49.750006],[-119.750015,49.575009],[-119.775015,49.575017],[-119.775014,49.225015],[-119.800015,49.225018],[-119.800015,49.162509],[-119.775014,49.162506],[-119.775014,49.000006],[-119.774996,49.000006],[-119.754162,49.000006],[-119.750015,49.000006],[-119.750015,49.050006],[-119.725015,49.050006],[-119.725015,49.000006],[-119.550014,49.000006],[-119.550014,49.050006],[-119.600015,49.050006],[-119.600015,49.07502],[-119.550014,49.075009],[-119.550014,49.062511],[-119.500015,49.062511],[-119.500015,49.000006],[-119.495829,49.000006],[-119.479162,49.000006],[-119.474996,49.000006],[-119.454162,49.000006],[-119.450014,49.000006],[-119.450014,49.225006],[-119.475015,49.225015],[-119.475015,49.250006],[-119.450014,49.250006],[-119.450014,49.23751],[-119.425014,49.237507],[-119.425014,49.212506],[-119.400015,49.212509],[-119.400015,49.187511],[-119.375015,49.187508],[-119.375015,49.175016],[-119.325014,49.175016],[-119.325014,49.150006],[-119.275014,49.150006],[-119.275014,49.175016],[-119.250015,49.175007],[-119.225015,49.175016],[-119.225015,49.200006],[-119.200015,49.200006],[-119.200015,49.23751],[-119.175014,49.237507],[-119.175014,49.287506],[-119.150014,49.287509],[-119.150014,49.212509],[-119.175014,49.212506],[-119.175014,49.200006],[-119.200015,49.200006]]],[[[-119.125015,49.325017],[-119.125015,49.337506],[-119.150014,49.337509],[-119.150014,49.312511],[-119.125015,49.312508],[-119.125015,49.325017]]],[[[-119.075014,49.412506],[-119.075014,49.425016],[-119.100015,49.425019],[-119.100015,49.412509],[-119.075014,49.412506]]],[[[-119.050014,49.462509],[-119.050014,49.475006],[-119.075014,49.475015],[-119.075014,49.462506],[-119.050014,49.462509]]],[[[-119.025014,49.512509],[-119.025014,49.525014],[-119.050014,49.525006],[-119.050014,49.512512],[-119.025014,49.512509]]],[[[-119.000015,49.562511],[-119.000015,49.57502],[-119.025014,49.575017],[-119.025014,49.550006],[-119.000015,49.550006],[-119.000015,49.562511]]],[[[-118.975015,49.600006],[-118.975015,49.625017],[-119.000015,49.625019],[-119.000015,49.600006],[-118.975015,49.600006],[-118.975015,49.575017],[-118.950014,49.575009],[-118.950014,49.600006],[-118.975015,49.600006]]],[[[-118.950014,49.662509],[-118.950014,49.675007],[-118.975015,49.675016],[-118.975015,49.650006],[-118.950014,49.650006],[-118.950014,49.662509]]],[[[-118.775015,50.162507],[-118.775015,50.175016],[-118.825014,50.175016],[-118.825014,50.162507],[-118.775015,50.162507]]],[[[-118.700015,50.175019],[-118.700015,50.187511],[-118.725015,50.187508],[-118.725015,50.175016],[-118.700015,50.175019]]],[[[-119.700015,49.36251],[-119.700015,49.375019],[-119.725015,49.375017],[-119.725015,49.362507],[-119.700015,49.36251]]],[[[-119.675014,49.487507],[-119.675014,49.500006],[-119.700015,49.500006],[-119.700015,49.48751],[-119.675014,49.487507]]],[[[-119.725015,49.275014],[-119.725015,49.262509],[-119.700015,49.262512],[-119.700015,49.275017],[-119.725015,49.275014]]],[[[-119.512496,49.250006],[-119.525014,49.250006],[-119.525014,49.237507],[-119.550014,49.23751],[-119.550014,49.212509],[-119.500015,49.212509],[-119.500015,49.250006],[-119.512496,49.250006]]],[[[-119.650014,49.050006],[-119.650014,49.212509],[-119.675014,49.212506],[-119.675014,49.187508],[-119.700015,49.187511],[-119.700015,49.11251],[-119.675014,49.112507],[-119.675014,49.050006],[-119.700015,49.050006],[-119.700015,49.025017],[-119.600015,49.025017],[-119.600015,49.037509],[-119.650014,49.037509],[-119.650014,49.050006]]],[[[-119.500015,49.100006],[-119.500015,49.150006],[-119.550014,49.150006],[-119.550014,49.125008],[-119.575014,49.125017],[-119.575014,49.137509],[-119.600015,49.137512],[-119.600015,49.100006],[-119.574996,49.100006],[-119.554162,49.100006],[-119.549996,49.100006],[-119.529162,49.100006],[-119.524996,49.100006],[-119.500015,49.100006]]],[[[-127.675016,50.700005],[-127.725017,50.700005],[-127.725017,50.712505],[-127.775016,50.712505],[-127.775016,50.725014],[-127.800017,50.725017],[-127.800017,50.737509],[-127.850017,50.737509],[-127.850017,50.750005],[-127.900017,50.750005],[-127.900017,50.762511],[-127.925016,50.762508],[-127.925016,50.775013],[-127.975017,50.775013],[-127.975017,50.787505],[-128.025016,50.787505],[-128.025016,50.800005],[-128.075015,50.800005],[-128.075015,50.812507],[-128.100017,50.81251],[-128.100017,50.825019],[-128.150016,50.825008],[-128.150016,50.850005],[-128.250017,50.850005],[-128.250017,50.81251],[-128.200017,50.81251],[-128.200017,50.800005],[-128.150016,50.800005],[-128.150016,50.787508],[-128.125017,50.787505],[-128.125017,50.775013],[-128.075015,50.775013],[-128.075015,50.762508],[-128.050016,50.762511],[-128.050016,50.750005],[-128.000017,50.750005],[-128.000017,50.737509],[-127.975017,50.737506],[-127.975017,50.725014],[-127.925016,50.725014],[-127.925016,50.712505],[-127.875017,50.712505],[-127.875017,50.700005],[-127.825015,50.700005],[-127.825015,50.687507],[-127.800017,50.68751],[-127.800017,50.675017],[-127.750017,50.675006],[-127.750017,50.662508],[-127.700017,50.662508],[-127.700017,50.650005],[-127.675016,50.650005],[-127.675016,50.637508],[-127.625017,50.637508],[-127.625016,50.625015],[-127.600016,50.625018],[-127.600016,50.612509],[-127.550016,50.612509],[-127.550016,50.600005],[-127.475017,50.600005],[-127.475017,50.587505],[-127.450015,50.587508],[-127.450015,50.575008],[-127.425016,50.575016],[-127.425016,50.562507],[-127.375016,50.562507],[-127.375016,50.550005],[-127.350017,50.550005],[-127.350017,50.537508],[-127.300016,50.537508],[-127.300016,50.525016],[-127.250016,50.525005],[-127.150016,50.525005],[-127.150016,50.537508],[-127.175016,50.537506],[-127.175016,50.550005],[-127.225017,50.550005],[-127.225017,50.562507],[-127.275016,50.562507],[-127.275016,50.575016],[-127.300016,50.575019],[-127.300016,50.587508],[-127.350017,50.587508],[-127.350017,50.600005],[-127.400016,50.600005],[-127.400016,50.612509],[-127.425016,50.612506],[-127.425016,50.625015],[-127.475017,50.625015],[-127.475017,50.637508],[-127.500016,50.637511],[-127.500016,50.650005],[-127.525016,50.650005],[-127.550016,50.650005],[-127.550016,50.662508],[-127.600016,50.662508],[-127.600017,50.675017],[-127.650016,50.675006],[-127.650016,50.68751],[-127.675016,50.687507],[-127.675016,50.700005]]],[[[-127.725017,50.675015],[-127.700017,50.675017],[-127.700017,50.68751],[-127.725017,50.687507],[-127.725017,50.675015]]],[[[-123.175015,51.600006],[-123.125016,51.600006],[-123.125016,51.800006],[-123.175015,51.800006],[-123.175015,51.600006]]],[[[-123.400016,51.950006],[-123.400016,51.912509],[-123.225017,51.912506],[-123.225017,52.000006],[-123.249997,52.000006],[-123.254163,52.000006],[-123.324997,52.000006],[-123.329163,52.000006],[-123.349997,52.000006],[-123.354163,52.000006],[-123.374997,52.000006],[-123.379163,52.000006],[-123.400016,52.000006],[-123.400016,51.950006]]],[[[-122.000016,51.98751],[-122.000016,52.000006],[-122.025016,52.000006],[-122.025016,51.987507],[-122.000016,51.98751]]],[[[-124.725017,51.812507],[-124.725017,51.800006],[-124.625016,51.800006],[-124.625017,52.037506],[-124.625017,52.050006],[-124.625017,52.062507],[-124.625017,52.137508],[-124.625017,52.150006],[-124.650016,52.150006],[-124.725017,52.150006],[-124.725017,52.125016],[-124.725017,51.812507]]],[[[-123.775016,52.475014],[-123.750017,52.475006],[-123.750017,52.487509],[-123.775016,52.487507],[-123.800017,52.487509],[-123.800017,52.475017],[-123.775016,52.475014]]],[[[-121.775016,52.612507],[-121.750016,52.61251],[-121.750016,52.650006],[-121.775016,52.650006],[-121.775016,52.612507]]],[[[-121.650016,52.950006],[-121.650016,52.975006],[-121.675016,52.975014],[-121.675016,52.950006],[-121.700016,52.950006],[-121.700016,52.962508],[-121.725017,52.962506],[-121.725017,52.925015],[-121.675016,52.925015],[-121.675016,52.937508],[-121.650016,52.93751],[-121.650016,52.950006]]],[[[-121.700016,52.975017],[-121.700016,52.98751],[-121.725017,52.987507],[-121.725017,52.975014],[-121.700016,52.975017]]],[[[-121.700016,53.025016],[-121.700016,53.012511],[-121.675016,53.012509],[-121.675016,53.025014],[-121.700016,53.025016]]],[[[-121.700016,53.025016],[-121.700016,53.050006],[-121.750016,53.050006],[-121.750016,53.037509],[-121.725017,53.037506],[-121.725017,53.025013],[-121.700016,53.025016]]],[[[-121.800016,53.137511],[-121.800016,53.125018],[-121.775016,53.125016],[-121.775016,53.112507],[-121.750016,53.11251],[-121.750016,53.087508],[-121.725017,53.087506],[-121.725017,53.100006],[-121.700016,53.100006],[-121.700016,53.087508],[-121.650016,53.087508],[-121.650016,53.100006],[-121.675016,53.100006],[-121.675016,53.137509],[-121.700016,53.137511],[-121.700016,53.125018],[-121.750016,53.125008],[-121.750016,53.137511],[-121.800016,53.137511]]],[[[-121.700016,53.18751],[-121.675016,53.187508],[-121.675016,53.200006],[-121.725017,53.200006],[-121.725017,53.187508],[-121.700016,53.18751]]],[[[-122.400017,53.750006],[-122.400017,53.762511],[-122.375017,53.762509],[-122.375017,53.775013],[-122.475017,53.775013],[-122.475017,53.762509],[-122.425016,53.762509],[-122.425016,53.750006],[-122.400017,53.750006]]],[[[-122.350017,53.787509],[-122.350017,53.800006],[-122.375017,53.800006],[-122.375017,53.787506],[-122.350017,53.787509]]],[[[-122.450016,53.81251],[-122.450016,53.825009],[-122.475017,53.825016],[-122.475017,53.812508],[-122.450016,53.81251]]],[[[-123.050016,53.875008],[-123.050016,53.887511],[-123.075016,53.887508],[-123.075016,53.875015],[-123.050016,53.875008]]],[[[-122.425016,53.862507],[-122.425016,53.875016],[-122.450016,53.875008],[-122.450016,53.86251],[-122.425016,53.862507]]],[[[-122.450016,53.950006],[-122.475017,53.950006],[-122.475017,53.937508],[-122.450016,53.93751],[-122.450016,53.950006]]],[[[-122.524997,53.950006],[-122.500017,53.950006],[-122.500017,53.98751],[-122.525016,53.987507],[-122.524997,53.950006]]],[[[-122.450016,53.950006],[-122.425016,53.950006],[-122.425016,53.925015],[-122.475017,53.925015],[-122.475017,53.900006],[-122.400017,53.900006],[-122.400017,53.875018],[-122.350017,53.875008],[-122.350017,53.962508],[-122.375017,53.962505],[-122.375017,54.000006],[-122.350017,54.000006],[-122.350017,54.06251],[-122.375017,54.062508],[-122.375017,54.075016],[-122.850017,54.075008],[-122.850018,54.600006],[-122.875017,54.600006],[-122.875017,54.900006],[-122.850018,54.900006],[-122.850018,54.912509],[-124.025017,54.912506],[-124.025017,54.900006],[-124.029164,54.900006],[-124.049998,54.900006],[-124.054164,54.900006],[-124.074998,54.900006],[-124.079164,54.900006],[-124.124998,54.900006],[-124.129164,54.900006],[-124.149998,54.900006],[-124.154164,54.900006],[-124.174998,54.900006],[-124.179164,54.900006],[-124.200017,54.900006],[-124.200017,54.887511],[-124.175017,54.887508],[-124.175017,54.550006],[-124.150017,54.550006],[-124.150017,54.512511],[-124.175017,54.512508],[-124.175017,54.500006],[-124.150017,54.500006],[-124.150017,54.050006],[-124.325016,54.050006],[-124.325016,54.812508],[-124.350018,54.81251],[-124.350018,54.887511],[-124.550017,54.887511],[-124.550017,54.875008],[-124.575016,54.875015],[-124.575016,54.887508],[-124.750018,54.887511],[-124.750018,54.875007],[-124.950016,54.875007],[-124.950016,54.56251],[-124.925017,54.562507],[-124.925017,54.550006],[-124.950016,54.550006],[-124.950016,54.537508],[-124.925017,54.537506],[-124.925017,54.050006],[-124.975018,54.050006],[-124.975018,54.087505],[-125.000017,54.087508],[-125.000017,54.300006],[-125.000017,54.400006],[-125.024997,54.400006],[-125.029164,54.400006],[-125.049997,54.400006],[-125.050017,54.43751],[-125.025017,54.437507],[-125.025017,54.425014],[-125.000017,54.425017],[-125.000017,54.450006],[-125.000017,54.500006],[-125.000017,54.600006],[-125.000018,54.625018],[-125.025017,54.625015],[-125.025017,54.637508],[-125.000018,54.637511],[-125.000018,54.650006],[-125.000018,54.662508],[-125.025017,54.662506],[-125.025017,54.875015],[-125.250018,54.875007],[-125.250018,54.862509],[-125.275017,54.862507],[-125.275017,54.875015],[-125.425017,54.875015],[-125.425017,54.862507],[-125.425017,54.475014],[-125.400018,54.475016],[-125.400018,54.450005],[-125.425017,54.450005],[-125.425017,54.437507],[-125.400018,54.43751],[-125.400017,54.200005],[-125.375017,54.200005],[-125.375017,54.187507],[-125.350018,54.18751],[-125.350018,54.112509],[-125.375017,54.112507],[-125.375017,54.100005],[-125.350018,54.100005],[-125.350018,54.037508],[-125.375017,54.037506],[-125.375017,54.025013],[-125.175017,54.025013],[-125.175016,53.625015],[-125.150017,53.625007],[-125.150017,53.18751],[-125.300017,53.18751],[-125.300017,53.175017],[-125.275017,53.175015],[-125.275017,52.975014],[-125.800017,52.975016],[-125.800017,52.962508],[-125.975017,52.962505],[-125.975017,52.912506],[-125.950016,52.912508],[-125.950016,52.900005],[-125.975017,52.900005],[-125.975017,52.887508],[-125.625017,52.887508],[-125.625017,52.900005],[-125.600017,52.900005],[-125.600017,52.887511],[-125.525017,52.887508],[-125.525016,52.650005],[-125.500017,52.650005],[-125.500017,52.337508],[-125.525016,52.337505],[-125.525016,52.350005],[-125.550016,52.350005],[-125.550016,52.325008],[-125.525016,52.325016],[-125.525016,52.312507],[-125.500017,52.31251],[-125.500017,52.300005],[-125.425016,52.300005],[-125.400017,52.300005],[-125.350017,52.300005],[-125.300017,52.300005],[-125.300017,52.31251],[-125.275016,52.312507],[-125.275016,52.300005],[-125.000017,52.300005],[-125.000017,52.350005],[-125.000017,52.362509],[-125.000017,52.400005],[-125.000017,52.450005],[-125.000017,52.500006],[-125.000017,52.550006],[-125.000017,52.56251],[-124.800017,52.56251],[-124.800017,52.575019],[-125.000017,52.575019],[-125.000017,52.600005],[-125.000017,52.662509],[-124.975017,52.662506],[-124.975017,52.637508],[-124.925016,52.637508],[-124.925016,52.612507],[-124.850017,52.612509],[-124.849997,52.600006],[-124.829163,52.600006],[-124.825016,52.600006],[-124.825016,52.612507],[-124.775016,52.612507],[-124.775016,52.625015],[-124.725017,52.625015],[-124.725017,52.687507],[-124.775016,52.687507],[-124.775016,52.700006],[-124.750017,52.700006],[-124.750017,52.725006],[-124.775016,52.725014],[-124.775016,52.737507],[-124.925016,52.737507],[-124.925016,52.725014],[-124.950016,52.725006],[-124.950016,52.737509],[-125.025016,52.737507],[-125.025016,52.762508],[-125.025016,52.775013],[-125.025016,52.900006],[-125.000017,52.900006],[-124.975017,52.900006],[-124.650016,52.900006],[-124.650016,52.912509],[-124.600017,52.912509],[-124.575016,52.912506],[-124.525016,52.912506],[-124.525016,52.900006],[-124.379164,52.900006],[-124.374997,52.900006],[-124.354164,52.900006],[-124.349997,52.900006],[-124.329164,52.900006],[-124.324997,52.900006],[-124.279164,52.900006],[-124.274997,52.900006],[-124.254164,52.900006],[-124.249997,52.900006],[-124.154164,52.900006],[-124.149997,52.900006],[-124.129164,52.900006],[-124.124997,52.900006],[-124.079164,52.900006],[-124.074997,52.900006],[-124.054164,52.900006],[-124.049997,52.900006],[-124.029164,52.900006],[-124.025016,52.900006],[-124.025016,52.887508],[-123.975017,52.887508],[-123.974997,52.900006],[-123.954164,52.900006],[-123.949997,52.900006],[-123.929164,52.900006],[-123.924997,52.900006],[-123.879164,52.900006],[-123.874997,52.900006],[-123.854164,52.900006],[-123.849997,52.900006],[-123.829164,52.900006],[-123.824997,52.900006],[-123.800017,52.900006],[-123.800017,52.887511],[-123.775016,52.887508],[-123.625017,52.887508],[-123.600017,52.887511],[-123.600017,52.900006],[-123.579164,52.900006],[-123.574997,52.900006],[-123.554164,52.900006],[-123.549997,52.900006],[-123.529164,52.900006],[-123.524997,52.900006],[-123.479164,52.900006],[-123.474997,52.900006],[-123.454164,52.900006],[-123.449997,52.900006],[-123.429164,52.900006],[-123.424997,52.900006],[-123.379164,52.900006],[-123.374997,52.900006],[-123.354164,52.900006],[-123.349997,52.900006],[-123.329164,52.900006],[-123.324997,52.900006],[-123.254164,52.900006],[-123.249997,52.900006],[-123.229164,52.900006],[-123.224997,52.900006],[-123.200017,52.900006],[-123.200017,52.912509],[-123.150016,52.912509],[-123.150016,52.762511],[-123.125017,52.762508],[-123.125017,52.737507],[-123.150016,52.73751],[-123.150016,52.68751],[-123.175016,52.687508],[-123.175016,52.487507],[-123.150016,52.48751],[-123.150016,52.450006],[-123.175016,52.450006],[-123.175016,52.375016],[-123.125016,52.375016],[-123.125016,52.350006],[-123.175016,52.350006],[-123.175016,52.312508],[-123.150016,52.31251],[-123.150016,52.300006],[-123.150016,52.262511],[-123.175016,52.262508],[-123.175016,52.112507],[-123.150016,52.11251],[-123.150016,52.100006],[-123.175016,52.100006],[-123.175015,51.987507],[-123.200016,51.98751],[-123.200016,51.912509],[-123.175015,51.912506],[-123.175015,51.812508],[-123.125016,51.812508],[-123.125016,52.250006],[-123.075015,52.250006],[-123.075015,51.600006],[-123.000016,51.600006],[-123.000016,51.650006],[-122.975017,51.650006],[-122.975017,51.662506],[-123.000016,51.662509],[-123.000016,51.700006],[-122.975017,51.700006],[-122.975017,52.075017],[-123.000016,52.075019],[-123.000016,52.125018],[-122.975017,52.125016],[-122.975017,52.250006],[-122.950015,52.250006],[-122.950015,51.625008],[-122.975016,51.625016],[-122.975016,51.600006],[-122.925015,51.600006],[-122.925015,51.587505],[-122.850016,51.587508],[-122.850016,51.575008],[-122.775016,51.575017],[-122.775016,51.600006],[-122.725016,51.600006],[-122.725017,51.812508],[-122.700016,51.81251],[-122.700016,51.600006],[-122.650016,51.600006],[-122.650016,51.587508],[-122.625016,51.587505],[-122.625016,51.575017],[-122.600016,51.575019],[-122.600016,51.600006],[-122.550015,51.600006],[-122.550015,51.56251],[-122.575015,51.562508],[-122.575015,51.575017],[-122.600016,51.575019],[-122.600016,51.550006],[-122.575015,51.550006],[-122.575015,51.537506],[-122.550015,51.537509],[-122.550015,51.512511],[-122.500016,51.512511],[-122.500016,51.550006],[-122.525016,51.550006],[-122.525016,51.612507],[-122.550015,51.61251],[-122.550015,51.650006],[-122.525016,51.650006],[-122.525016,51.662506],[-122.550015,51.662509],[-122.550015,51.700006],[-122.575015,51.700006],[-122.575015,51.712505],[-122.525016,51.712505],[-122.525016,51.800006],[-122.500016,51.800006],[-122.500016,51.73751],[-122.475016,51.737507],[-122.475016,51.725014],[-122.450015,51.725006],[-122.450015,51.712508],[-122.500016,51.712508],[-122.500016,51.700006],[-122.450015,51.700006],[-122.450015,51.675007],[-122.500016,51.675018],[-122.500016,51.650006],[-122.450015,51.650006],[-122.450015,51.600006],[-122.400016,51.600006],[-122.400016,51.550006],[-122.400016,51.512511],[-122.375016,51.512508],[-122.375016,51.500006],[-122.300016,51.500006],[-122.300016,51.912509],[-122.300016,51.93751],[-122.300016,51.950006],[-122.300016,52.000006],[-122.300016,52.012511],[-122.300016,52.23751],[-122.350017,52.23751],[-122.350017,52.250006],[-122.375016,52.250006],[-122.400016,52.250006],[-122.400016,52.225017],[-122.475017,52.225014],[-122.475017,52.237507],[-122.500016,52.23751],[-122.500016,51.950006],[-122.525016,51.950006],[-122.525016,52.250006],[-122.700016,52.250006],[-122.700016,52.23751],[-122.750016,52.23751],[-122.750016,52.287509],[-122.750016,52.400006],[-122.725017,52.400006],[-122.725017,52.412506],[-122.750016,52.412509],[-122.750016,52.462508],[-122.725017,52.462505],[-122.725017,52.500006],[-122.750016,52.500006],[-122.750016,52.512511],[-122.750016,52.550006],[-122.725017,52.550006],[-122.725017,52.687508],[-122.725017,53.000006],[-122.724997,53.000006],[-122.679164,53.000006],[-122.674997,53.000006],[-122.654164,53.000006],[-122.649997,53.000006],[-122.629164,53.000006],[-122.624997,53.000006],[-122.600017,53.000006],[-122.525016,53.000006],[-122.525016,53.012509],[-122.400016,53.012511],[-122.400016,53.000006],[-122.350017,53.000006],[-122.350017,52.98751],[-122.350017,52.537509],[-122.350017,52.525005],[-122.350017,52.475006],[-122.325015,52.475014],[-122.325015,52.462505],[-122.350017,52.462508],[-122.350017,52.412509],[-122.300016,52.412509],[-122.300016,52.500006],[-122.300016,52.512511],[-122.275016,52.512509],[-122.275016,52.412506],[-122.200016,52.412509],[-122.200016,52.400006],[-122.179163,52.400006],[-122.175015,52.400006],[-122.175015,52.412506],[-122.100016,52.412509],[-122.100016,52.400006],[-122.124997,52.400006],[-122.129163,52.400006],[-122.149997,52.400006],[-122.150016,51.775005],[-122.125016,51.775014],[-122.125016,51.762509],[-122.150016,51.762511],[-122.150016,51.750006],[-122.025016,51.750006],[-122.025016,51.737507],[-122.050015,51.73751],[-122.050015,51.675007],[-122.025016,51.675015],[-122.025016,51.637509],[-122.050015,51.637511],[-122.050015,51.61251],[-122.025016,51.612507],[-122.025016,51.600006],[-122.050015,51.600006],[-122.050015,51.400006],[-122.025016,51.400006],[-122.025015,51.387508],[-122.050015,51.387511],[-122.050015,51.337508],[-122.025015,51.337505],[-122.025015,51.325017],[-121.950015,51.325009],[-121.950015,51.337508],[-121.900016,51.337508],[-121.900016,51.32502],[-121.875016,51.325017],[-121.875016,51.312508],[-121.850016,51.312511],[-121.850016,51.287509],[-121.400016,51.287509],[-121.400016,51.275017],[-121.600016,51.275017],[-121.600016,51.262511],[-121.625016,51.262509],[-121.625016,51.275014],[-121.825015,51.275014],[-121.825015,51.250006],[-121.800016,51.250006],[-121.800016,51.23751],[-121.725016,51.237507],[-121.725016,51.225015],[-121.675015,51.225015],[-121.675015,51.212505],[-121.675015,51.200006],[-121.725016,51.200006],[-121.725016,51.187508],[-121.400016,51.187511],[-121.400016,51.175018],[-121.725016,51.175015],[-121.725016,51.162506],[-121.750016,51.162509],[-121.750016,51.150006],[-121.700016,51.150006],[-121.700016,51.137511],[-121.150015,51.137511],[-121.150015,51.125008],[-121.025015,51.125016],[-121.025015,51.112507],[-121.125016,51.112507],[-121.125016,51.100006],[-121.129163,51.100006],[-121.149996,51.100006],[-121.154163,51.100006],[-121.174996,51.100006],[-121.179163,51.100006],[-121.200016,51.100006],[-121.224996,51.100006],[-121.229163,51.100006],[-121.249996,51.100006],[-121.254163,51.100006],[-121.274996,51.100006],[-121.279163,51.100006],[-121.324996,51.100006],[-121.329163,51.100006],[-121.349996,51.100006],[-121.354163,51.100006],[-121.374996,51.100006],[-121.379163,51.100006],[-121.400016,51.100006],[-121.424996,51.100006],[-121.429163,51.100006],[-121.449996,51.100006],[-121.454163,51.100006],[-121.474996,51.100006],[-121.479163,51.100006],[-121.524996,51.100006],[-121.529163,51.100006],[-121.549996,51.100006],[-121.554163,51.100006],[-121.574996,51.100006],[-121.579163,51.100006],[-121.624996,51.100006],[-121.629163,51.100006],[-121.649996,51.100006],[-121.650015,51.087508],[-121.400016,51.087508],[-121.400016,51.07502],[-121.650015,51.075009],[-121.650015,51.062511],[-121.600016,51.062511],[-121.600016,51.050006],[-121.575015,51.050006],[-121.575015,51.012509],[-121.600016,51.012511],[-121.600016,51.000006],[-121.579163,51.000006],[-121.575015,51.000006],[-121.575015,50.987507],[-121.600016,50.98751],[-121.600016,50.975017],[-121.575015,50.975015],[-121.575014,50.862507],[-121.200016,50.86251],[-121.200016,50.875019],[-121.175015,50.875016],[-121.174996,50.900006],[-121.154163,50.900006],[-121.149996,50.900006],[-121.129163,50.900006],[-121.124996,50.900006],[-121.079163,50.900006],[-121.075014,50.900006],[-121.075014,50.887509],[-121.050015,50.887511],[-121.050015,50.875008],[-121.075014,50.875016],[-121.075014,50.850006],[-120.800016,50.850006],[-120.425015,50.850006],[-120.425015,50.837506],[-120.300015,50.837508],[-120.300015,50.925018],[-120.375015,50.925016],[-120.375015,50.950006],[-120.300015,50.950006],[-120.300015,51.050006],[-120.375015,51.050006],[-120.375015,51.037506],[-120.400015,51.037509],[-120.400015,51.025017],[-120.375015,51.025014],[-120.375015,51.012509],[-120.400015,51.012511],[-120.400015,51.000006],[-120.400015,50.98751],[-120.425015,50.987507],[-120.425015,50.975015],[-120.450014,50.975006],[-120.450014,50.962508],[-120.425015,50.962506],[-120.425015,50.950006],[-120.450014,50.950006],[-120.450014,50.937511],[-120.525015,50.937508],[-120.525015,50.950006],[-120.600016,50.950006],[-120.600016,50.962508],[-120.625016,50.962506],[-120.625016,51.012509],[-120.575014,51.012509],[-120.575014,51.025014],[-120.550015,51.025006],[-120.550015,51.037509],[-120.525015,51.037506],[-120.525015,51.050006],[-120.475016,51.050006],[-120.475016,51.062508],[-120.450014,51.062511],[-120.450014,51.075009],[-120.425015,51.075017],[-120.425015,51.062508],[-120.300015,51.062511],[-120.300015,51.100006],[-120.300016,51.150006],[-120.400016,51.150006],[-120.450014,51.150006],[-120.450014,51.162509],[-120.300016,51.162509],[-120.300016,51.175018],[-120.325014,51.175015],[-120.325014,51.187508],[-120.300016,51.187511],[-120.300016,51.262511],[-120.275015,51.262509],[-120.275015,51.300006],[-120.300016,51.300006],[-120.300016,51.312511],[-120.275015,51.312508],[-120.275015,51.625016],[-120.250016,51.625008],[-120.250016,51.662509],[-120.275015,51.662506],[-120.275015,51.687508],[-120.300016,51.687511],[-120.300016,51.725017],[-120.375016,51.725015],[-120.375016,51.712506],[-120.400016,51.712508],[-120.400016,51.700006],[-120.400016,51.675018],[-120.425015,51.675015],[-120.425015,51.737507],[-120.450015,51.73751],[-120.450015,51.750006],[-120.500016,51.750006],[-120.500016,51.762511],[-120.525015,51.762509],[-120.525015,51.750006],[-120.550015,51.750006],[-120.550015,51.725006],[-120.675015,51.725015],[-120.675015,51.737507],[-120.775015,51.737507],[-120.775015,51.725015],[-120.800016,51.725017],[-120.800016,51.73751],[-121.350016,51.73751],[-121.350016,51.750006],[-121.500016,51.750006],[-121.500016,51.800006],[-121.475016,51.800006],[-121.475016,52.200006],[-121.500016,52.200006],[-121.500016,52.300006],[-121.500016,52.387511],[-121.550015,52.387511],[-121.550015,52.400006],[-121.675015,52.400006],[-121.675015,52.637509],[-121.650016,52.637511],[-121.650016,52.662509],[-121.675015,52.662506],[-121.675015,52.675015],[-121.650016,52.675007],[-121.650016,52.837508],[-121.700016,52.837508],[-121.700016,52.875018],[-121.675016,52.875016],[-121.675016,52.887509],[-121.650016,52.887511],[-121.650016,52.912509],[-121.725017,52.912506],[-121.725017,52.475014],[-121.775016,52.475014],[-121.775016,52.500006],[-121.750016,52.500006],[-121.750016,52.525006],[-121.800016,52.525016],[-121.800016,52.537509],[-121.750016,52.537509],[-121.750016,52.600006],[-121.775016,52.600006],[-121.775016,52.612507],[-121.800016,52.61251],[-121.800016,52.700006],[-121.875016,52.700006],[-121.875016,52.712506],[-121.900016,52.712508],[-121.900016,52.637511],[-121.875016,52.637509],[-121.875016,52.625016],[-121.900016,52.625018],[-121.900016,52.400006],[-121.925015,52.400006],[-121.925016,52.925015],[-121.900016,52.925018],[-121.900016,52.850006],[-121.875016,52.850006],[-121.875016,52.837506],[-121.850017,52.837508],[-121.850017,52.81251],[-121.875016,52.812508],[-121.875016,52.837506],[-121.900016,52.837508],[-121.900016,52.787509],[-121.875016,52.787506],[-121.875016,52.762509],[-121.900016,52.762511],[-121.900016,52.73751],[-121.875016,52.737507],[-121.875016,52.725014],[-121.800016,52.725017],[-121.800016,52.700006],[-121.775016,52.700006],[-121.775016,52.687508],[-121.750016,52.68751],[-121.750016,52.975006],[-121.775016,52.975014],[-121.775016,52.950006],[-121.800016,52.950006],[-121.800016,52.962508],[-121.825015,52.962506],[-121.825015,53.012509],[-121.850017,53.012511],[-121.850017,52.98751],[-121.875016,52.987507],[-121.875016,53.000006],[-121.900016,53.000006],[-121.900016,53.025016],[-121.925016,53.025013],[-121.925016,53.012509],[-121.950015,53.012511],[-121.950015,53.025006],[-121.925016,53.025013],[-121.925016,53.050006],[-121.900016,53.050006],[-121.900016,53.037509],[-121.875016,53.037506],[-121.875016,53.025013],[-121.800016,53.025016],[-121.800016,53.050006],[-121.775016,53.050006],[-121.775016,53.062508],[-121.800016,53.06251],[-121.800016,53.075019],[-121.850017,53.075009],[-121.850017,53.087508],[-121.875016,53.087506],[-121.875016,53.112507],[-121.900016,53.11251],[-121.900016,53.125018],[-121.850017,53.125008],[-121.850017,53.137511],[-121.800016,53.137511],[-121.800016,53.162509],[-121.775016,53.162506],[-121.775016,53.175015],[-121.825015,53.175015],[-121.825015,53.187508],[-121.800016,53.18751],[-121.800016,53.200006],[-121.925016,53.200006],[-121.925016,53.187508],[-121.900016,53.18751],[-121.900016,53.175018],[-121.875016,53.175015],[-121.875016,53.162506],[-121.850017,53.162509],[-121.850017,53.150006],[-121.925016,53.150006],[-121.925016,53.162506],[-121.950015,53.162509],[-121.950015,53.125008],[-121.975017,53.125016],[-121.975017,53.112507],[-121.950015,53.11251],[-121.950015,53.100006],[-121.900016,53.100006],[-121.900016,53.075019],[-121.950015,53.075009],[-121.950015,53.06251],[-121.975017,53.062508],[-121.975017,53.012509],[-122.000016,53.012511],[-122.000016,53.100006],[-122.025016,53.100006],[-122.025016,53.112507],[-122.050016,53.11251],[-122.050016,53.125008],[-122.025016,53.125016],[-122.025016,53.137509],[-122.050016,53.137511],[-122.050016,53.162509],[-122.025016,53.162506],[-122.025016,53.175015],[-122.050016,53.175007],[-122.050016,53.200006],[-122.075015,53.200006],[-122.200017,53.200006],[-122.275016,53.200006],[-122.275016,52.800006],[-122.250016,52.800006],[-122.250016,52.787509],[-122.275016,52.787506],[-122.275016,52.725014],[-122.300016,52.725017],[-122.300016,52.900006],[-122.300016,52.98751],[-122.300016,53.000006],[-122.300017,53.200006],[-122.325015,53.200006],[-122.350017,53.200006],[-122.350017,53.18751],[-122.350017,53.175007],[-122.425016,53.175015],[-122.425016,53.187508],[-123.325016,53.187508],[-123.325016,53.175015],[-123.350017,53.175007],[-123.350017,53.18751],[-123.800017,53.18751],[-123.800017,53.200006],[-123.725017,53.200006],[-123.725017,53.437508],[-123.700017,53.43751],[-123.675016,53.437508],[-123.675016,53.200006],[-123.275016,53.200006],[-123.275016,53.212505],[-123.200017,53.212508],[-123.200017,53.400006],[-123.200017,53.750006],[-123.225017,53.750006],[-123.225017,53.962505],[-123.250017,53.962508],[-123.250017,53.975006],[-123.225017,53.975014],[-123.225017,54.050006],[-123.200017,54.050006],[-123.175016,54.050006],[-123.175016,53.900006],[-123.000017,53.900006],[-123.000017,53.875018],[-123.025017,53.875015],[-123.025017,53.862507],[-123.050016,53.86251],[-123.050016,53.850006],[-123.075016,53.850006],[-123.075016,53.862507],[-123.100017,53.86251],[-123.100017,53.875018],[-123.175016,53.875015],[-123.175016,53.837505],[-123.125017,53.837505],[-123.125017,53.825016],[-123.100017,53.825019],[-123.100017,53.800006],[-123.175016,53.800006],[-123.175016,53.212505],[-123.125017,53.212505],[-123.125017,53.200006],[-123.050016,53.200006],[-123.050016,53.212508],[-123.025016,53.212505],[-123.025016,53.200006],[-122.974997,53.200006],[-122.950015,53.200006],[-122.950016,53.212508],[-122.925016,53.212505],[-122.925016,53.200006],[-122.875017,53.200006],[-122.875017,53.212505],[-122.775016,53.212505],[-122.774997,53.200006],[-122.754164,53.200006],[-122.749997,53.200006],[-122.729164,53.200006],[-122.724997,53.200006],[-122.700017,53.200006],[-122.700017,53.212508],[-122.650016,53.212508],[-122.649997,53.200006],[-122.629164,53.200006],[-122.624997,53.200006],[-122.600017,53.200006],[-122.350017,53.200006],[-122.350017,53.36251],[-122.375017,53.362507],[-122.375017,53.387509],[-122.400017,53.387511],[-122.400017,53.400006],[-122.400017,53.412509],[-122.375017,53.412506],[-122.375017,53.425015],[-122.400017,53.425017],[-122.400017,53.450006],[-122.400017,53.500006],[-122.400017,53.56251],[-122.425016,53.562508],[-122.425016,53.575016],[-122.450016,53.575009],[-122.450016,53.600006],[-122.400017,53.600006],[-122.400017,53.662509],[-122.375017,53.662506],[-122.375017,53.675015],[-122.350017,53.675007],[-122.350017,53.700006],[-122.400017,53.700006],[-122.400017,53.712508],[-122.425016,53.712505],[-122.425016,53.700006],[-122.429164,53.700006],[-122.449997,53.700006],[-122.454164,53.700006],[-122.474997,53.700006],[-122.475017,53.687508],[-122.500017,53.68751],[-122.500017,53.700006],[-122.524997,53.700006],[-122.529164,53.700006],[-122.549997,53.700006],[-122.554164,53.700006],[-122.574997,53.700006],[-122.575016,53.737507],[-122.600017,53.73751],[-122.600017,53.750006],[-122.550016,53.750006],[-122.550016,53.725006],[-122.525016,53.725014],[-122.525016,53.737507],[-122.500017,53.73751],[-122.500017,53.787509],[-122.525016,53.787506],[-122.525016,53.850006],[-122.550016,53.850006],[-122.550016,53.887511],[-122.525016,53.887509],[-122.525016,53.900006],[-122.500017,53.900006],[-122.500017,53.925017],[-122.600017,53.925017],[-122.600017,53.93751],[-122.575016,53.937508],[-122.575016,53.950006],[-122.600017,53.950006],[-122.600017,54.000006],[-122.475017,54.000006],[-122.475017,53.987507],[-122.450016,53.98751],[-122.450016,54.000006],[-122.425016,54.000006],[-122.425016,53.962505],[-122.450016,53.962508],[-122.450016,53.950006]]],[[[-123.725017,54.050006],[-123.725017,53.725014],[-123.700017,53.725016],[-123.700017,53.900006],[-123.700017,54.050006],[-123.725017,54.050006],[-123.725018,54.362507],[-123.750017,54.362509],[-123.750017,54.050006],[-123.725017,54.050006]]],[[[-123.300017,53.900006],[-123.300017,53.887511],[-123.275017,53.887508],[-123.275017,53.900006],[-123.300017,53.900006]]],[[[-124.575016,53.737507],[-124.575016,53.750006],[-124.600017,53.750006],[-124.600017,53.712508],[-124.575016,53.712505],[-124.575016,53.737507]]],[[[-123.725017,53.700006],[-123.725017,53.450006],[-123.675016,53.450006],[-123.675016,53.475014],[-123.700017,53.475017],[-123.700017,53.712508],[-123.725017,53.712505],[-123.725017,53.700006]]],[[[-123.825016,53.450006],[-123.825016,53.462505],[-123.850017,53.462508],[-123.850017,53.450006],[-123.825016,53.450006]]],[[[-123.875017,53.462505],[-123.875017,53.475014],[-123.950016,53.475006],[-123.950016,53.462508],[-123.975017,53.462505],[-123.975017,53.450006],[-123.875017,53.450006],[-123.875017,53.462505]]],[[[-124.700017,53.600006],[-124.700017,53.200006],[-124.650017,53.200006],[-124.650017,53.250006],[-124.675016,53.250006],[-124.675016,53.850006],[-124.700017,53.850006],[-124.700017,54.025016],[-124.725018,54.025013],[-124.725018,53.825016],[-124.700017,53.825019],[-124.700017,53.81251],[-124.725018,53.812507],[-124.725018,53.800006],[-124.700017,53.800006],[-124.700017,53.600006]]],[[[-124.575016,53.412506],[-124.575016,53.400006],[-124.550016,53.400006],[-124.550016,53.43751],[-124.575016,53.437507],[-124.575016,53.412506]]],[[[-123.975017,53.300006],[-123.975017,53.287506],[-123.950016,53.287509],[-123.950016,53.300006],[-123.975017,53.300006]]],[[[-124.800017,53.650006],[-124.800017,53.612509],[-124.775017,53.612507],[-124.775017,53.187507],[-124.725017,53.187507],[-124.725017,53.287506],[-124.750017,53.287509],[-124.750017,53.325008],[-124.725017,53.325016],[-124.725017,53.337505],[-124.750017,53.337508],[-124.750017,53.425007],[-124.725017,53.425015],[-124.725017,53.437507],[-124.750017,53.43751],[-124.750017,53.875007],[-124.775017,53.875015],[-124.775017,54.025013],[-124.800017,54.025016],[-124.800017,54.000006],[-124.800017,53.950006],[-124.800017,53.900006],[-124.800017,53.850006],[-124.800017,53.800006],[-124.800017,53.700006],[-124.800017,53.650006]]],[[[-124.975017,53.612507],[-124.975018,53.650006],[-125.000017,53.650006],[-125.000017,53.612509],[-124.975017,53.612507]]],[[[-124.125017,53.950006],[-124.125017,53.937508],[-124.100017,53.93751],[-124.100017,53.950006],[-124.125017,53.950006]]],[[[-124.100017,53.900006],[-124.100017,53.887511],[-124.075016,53.887508],[-124.075016,53.900006],[-124.079164,53.900006],[-124.100017,53.900006]]],[[[-124.600017,53.700006],[-124.625017,53.700006],[-124.625017,53.662506],[-124.600017,53.662509],[-124.600017,53.650006],[-124.625017,53.650006],[-124.625017,53.587505],[-124.600017,53.587508],[-124.600017,53.56251],[-124.575016,53.562507],[-124.575016,53.687507],[-124.600017,53.68751],[-124.600017,53.700006]]],[[[-123.975017,53.687508],[-123.975017,53.675015],[-123.950016,53.675007],[-123.950016,53.662509],[-123.875017,53.662506],[-123.875017,53.687508],[-123.975017,53.687508]]],[[[-123.950016,53.625008],[-123.950016,53.612509],[-123.925016,53.612507],[-123.925016,53.625015],[-123.950016,53.625008]]],[[[-123.950016,53.587508],[-123.950016,53.575008],[-123.900017,53.575019],[-123.900017,53.587508],[-123.950016,53.587508]]],[[[-123.950016,53.525005],[-123.950016,53.512511],[-123.925016,53.512508],[-123.925016,53.537506],[-123.950016,53.537509],[-123.950016,53.525005]]],[[[-124.550016,53.512511],[-124.550016,53.525005],[-124.575016,53.525013],[-124.575016,53.487507],[-124.550016,53.487509],[-124.550016,53.512511]]],[[[-125.225018,54.050006],[-125.225018,54.062507],[-125.250017,54.06251],[-125.250017,54.037508],[-125.225018,54.037506],[-125.225018,54.050006]]],[[[-123.725018,54.437508],[-123.725018,54.450006],[-123.750017,54.450006],[-123.750017,54.412509],[-123.725018,54.412506],[-123.725018,54.437508]]],[[[-123.725018,54.475014],[-123.725018,54.487507],[-123.750017,54.487509],[-123.750017,54.462508],[-123.725018,54.462505],[-123.725018,54.475014]]],[[[-123.725018,54.512508],[-123.725018,54.525013],[-123.750017,54.525005],[-123.750017,54.500006],[-123.725018,54.500006],[-123.725018,54.512508]]],[[[-123.649998,54.700006],[-123.650017,54.68751],[-123.625017,54.687508],[-123.600017,54.68751],[-123.600017,54.700006],[-123.624998,54.700006],[-123.629164,54.700006],[-123.649998,54.700006]]],[[[-123.750017,54.850006],[-123.750017,54.875008],[-123.775017,54.875015],[-123.775017,54.812508],[-123.750017,54.81251],[-123.750017,54.850006]]],[[[-123.675017,54.862507],[-123.675017,54.850006],[-123.650017,54.850006],[-123.650017,54.900006],[-123.675017,54.900006],[-123.675017,54.862507]]],[[[-123.075016,54.900006],[-123.075016,54.887508],[-123.050017,54.887511],[-123.050017,54.900006],[-123.075016,54.900006]]],[[[-124.875017,54.150006],[-124.875017,54.162506],[-124.900017,54.162509],[-124.900017,54.150006],[-124.875017,54.150006]]],[[[-124.779164,54.200006],[-124.775017,54.200006],[-124.775017,54.287506],[-124.800017,54.287509],[-124.800017,54.200006],[-124.779164,54.200006]]],[[[-124.675017,54.350006],[-124.675017,54.362507],[-124.700017,54.362509],[-124.700017,54.31251],[-124.675017,54.312507],[-124.675017,54.350006]]],[[[-124.700017,54.512511],[-124.700017,54.525015],[-124.725018,54.525013],[-124.725018,54.487507],[-124.700017,54.487509],[-124.700017,54.512511]]],[[[-124.550017,54.700006],[-124.550017,54.712508],[-124.575016,54.712505],[-124.575016,54.700006],[-124.550017,54.700006]]],[[[-125.225018,54.200006],[-125.225018,54.212505],[-125.250017,54.212508],[-125.250017,54.287508],[-125.275017,54.287506],[-125.275017,54.187507],[-125.250017,54.18751],[-125.250017,54.200006],[-125.225018,54.200006]]],[[[-125.025017,54.375015],[-125.025017,54.387508],[-125.075016,54.387508],[-125.075016,54.362507],[-125.025017,54.362507],[-125.025017,54.375015]]],[[[-125.250018,54.662508],[-125.250018,54.675007],[-125.275017,54.675014],[-125.275017,54.650006],[-125.250018,54.650006],[-125.250018,54.662508]]],[[[-125.200018,54.700006],[-125.200018,54.737509],[-125.225018,54.737507],[-125.224998,54.700006],[-125.200018,54.700006]]],[[[-122.325015,53.112507],[-122.325015,53.125016],[-122.350017,53.125008],[-122.350017,53.11251],[-122.325015,53.112507]]],[[[-122.325015,53.012509],[-122.325015,53.037506],[-122.350017,53.037509],[-122.350017,53.012511],[-122.325015,53.012509]]],[[[-123.550016,53.012511],[-123.550016,53.000006],[-122.875017,53.000006],[-122.875017,53.012508],[-123.550016,53.012511]]],[[[-123.575016,53.000006],[-123.575016,53.012508],[-123.750017,53.012511],[-123.750017,53.000006],[-123.575016,53.000006]]],[[[-125.275017,52.825016],[-125.275017,52.812507],[-125.250017,52.81251],[-125.250017,52.825008],[-125.275017,52.825016]]],[[[-124.975017,52.675015],[-124.975017,52.687507],[-125.000017,52.68751],[-125.000017,52.675017],[-124.975017,52.675015]]],[[[-122.825015,52.600006],[-122.825015,52.587505],[-122.775016,52.587505],[-122.775016,52.662506],[-122.825015,52.662506],[-122.825015,52.600006]]],[[[-122.925016,52.300006],[-122.925016,52.287506],[-122.900016,52.287509],[-122.900016,52.300006],[-122.925016,52.300006]]],[[[-122.800016,52.287509],[-122.800016,52.250006],[-122.775016,52.250006],[-122.775016,52.287506],[-122.800016,52.287509]]],[[[-123.049997,52.300006],[-123.050016,52.262511],[-123.025016,52.262508],[-123.025016,52.300006],[-123.029163,52.300006],[-123.049997,52.300006]]],[[[-122.900016,52.250006],[-122.900016,51.650006],[-122.875016,51.650006],[-122.875016,51.637508],[-122.825015,51.637508],[-122.825015,51.962505],[-122.850017,51.962508],[-122.850017,51.825008],[-122.875016,51.825017],[-122.875016,52.250006],[-122.900016,52.250006]]],[[[-122.725017,52.087505],[-122.725017,52.075017],[-122.700016,52.075019],[-122.700016,52.100006],[-122.725017,52.100006],[-122.725017,52.087505]]],[[[-122.725017,52.012508],[-122.725017,52.000006],[-122.700016,52.000006],[-122.700016,52.025016],[-122.725017,52.025014],[-122.725017,52.012508]]],[[[-122.525016,51.912506],[-122.525016,51.825017],[-122.500016,51.825019],[-122.500016,51.93751],[-122.525016,51.937508],[-122.525016,51.912506]]],[[[-122.700016,51.86251],[-122.700016,51.875019],[-122.725017,51.875016],[-122.725017,51.862507],[-122.700016,51.86251]]],[[[-122.700016,51.900006],[-122.700016,51.912509],[-122.725017,51.912506],[-122.725017,51.900006],[-122.700016,51.900006]]],[[[-123.050016,52.250006],[-123.050016,52.18751],[-123.000016,52.18751],[-123.000016,52.250006],[-123.050016,52.250006]]],[[[-123.050015,51.98751],[-123.050015,51.975006],[-123.025016,51.975014],[-123.025016,51.987507],[-123.000016,51.98751],[-123.000016,52.06251],[-123.025016,52.062508],[-123.025016,52.012508],[-123.050015,52.012511],[-123.050015,51.98751]]],[[[-123.050015,51.875008],[-123.050015,51.86251],[-123.025016,51.862507],[-123.025016,51.875016],[-123.050015,51.875008]]],[[[-122.400016,51.700006],[-122.425015,51.700006],[-122.425015,51.637508],[-122.400016,51.637511],[-122.400016,51.650006],[-122.400016,51.700006]]],[[[-122.325015,52.575017],[-122.325015,52.562508],[-122.275016,52.562508],[-122.275016,52.587505],[-122.300016,52.587508],[-122.300016,52.575019],[-122.325015,52.575017]]],[[[-122.000016,52.400006],[-121.975017,52.400006],[-121.975017,52.412506],[-122.000016,52.412509],[-122.000016,52.400006]]],[[[-121.750016,52.400006],[-121.750016,52.36251],[-121.775016,52.362507],[-121.775016,52.312508],[-121.750016,52.312511],[-121.750016,52.175007],[-121.725016,52.175015],[-121.725017,52.400006],[-121.750016,52.400006]]],[[[-122.000016,52.350006],[-122.000016,52.36251],[-121.900016,52.36251],[-121.900016,52.387511],[-122.000016,52.387511],[-122.000016,52.375019],[-122.025016,52.375016],[-122.025016,52.350006],[-122.000016,52.350006]]],[[[-122.029163,52.400006],[-122.025016,52.400006],[-122.025016,52.412506],[-122.075015,52.412506],[-122.074997,52.400006],[-122.054163,52.400006],[-122.049997,52.400006],[-122.029163,52.400006]]],[[[-122.100016,52.012511],[-122.100016,52.000006],[-122.075015,52.000006],[-122.075015,51.987507],[-122.100016,51.98751],[-122.100016,51.950006],[-122.075015,51.950006],[-122.075015,51.887509],[-122.025016,51.887509],[-122.025016,51.875016],[-121.975016,51.875016],[-121.975016,51.837505],[-121.925015,51.837505],[-121.925015,51.887509],[-121.975016,51.887509],[-121.975016,51.925015],[-121.925015,51.925015],[-121.925015,51.987507],[-121.950015,51.98751],[-121.950015,52.037509],[-121.975016,52.037506],[-121.975016,52.075017],[-122.000016,52.075019],[-122.000016,52.087508],[-122.075015,52.087505],[-122.075015,52.037506],[-122.100016,52.037509],[-122.100016,52.012511]]],[[[-121.725016,52.000006],[-121.725016,51.750006],[-121.700016,51.750006],[-121.700016,51.925018],[-121.675015,51.925015],[-121.675015,52.000006],[-121.725016,52.000006]]],[[[-121.750016,51.98751],[-121.750016,52.000006],[-121.775016,52.000006],[-121.775016,51.850006],[-121.825015,51.850006],[-121.825015,51.825017],[-121.800016,51.825019],[-121.800016,51.800006],[-121.825015,51.800006],[-121.825015,51.750006],[-121.750016,51.750006],[-121.750016,51.98751]]],[[[-122.050015,51.825009],[-122.050015,51.850006],[-122.075015,51.850006],[-122.075015,51.862507],[-122.100016,51.86251],[-122.100016,51.81251],[-122.050015,51.81251],[-122.050015,51.825009]]],[[[-120.575015,51.562508],[-120.575014,51.300006],[-120.500016,51.300006],[-120.500016,51.312511],[-120.475016,51.312508],[-120.475016,51.325017],[-120.500016,51.32502],[-120.500016,51.337508],[-120.550015,51.337508],[-120.550015,51.562511],[-120.525015,51.562508],[-120.525015,51.575017],[-120.550015,51.575009],[-120.550015,51.61251],[-120.575015,51.612507],[-120.575015,51.562508]]],[[[-120.425015,51.300006],[-120.425015,51.262509],[-120.575014,51.262509],[-120.575014,51.275014],[-121.200016,51.275017],[-121.200016,51.262511],[-120.675015,51.262509],[-120.675015,51.250006],[-120.425015,51.250006],[-120.425015,51.200006],[-120.425015,51.187508],[-120.400016,51.187511],[-120.400016,51.200006],[-120.400016,51.250006],[-120.400016,51.300006],[-120.425015,51.300006],[-120.425015,51.312508],[-120.450014,51.312511],[-120.450014,51.300006],[-120.425015,51.300006]]],[[[-121.350016,51.275006],[-121.350016,51.287509],[-121.375016,51.287506],[-121.375016,51.275014],[-121.350016,51.275006]]],[[[-121.075015,51.375016],[-121.075015,51.387509],[-121.100016,51.387511],[-121.100016,51.375019],[-121.075015,51.375016]]],[[[-120.500016,51.175018],[-120.950014,51.175007],[-120.950014,51.162509],[-120.475016,51.162506],[-120.475016,51.175015],[-120.500016,51.175018]]],[[[-121.325015,51.175015],[-121.325015,51.187508],[-121.375016,51.187508],[-121.375016,51.175015],[-121.325015,51.175015]]],[[[-120.450014,51.100006],[-120.450014,51.087508],[-120.425015,51.087506],[-120.425015,51.100006],[-120.450014,51.100006]]],[[[-121.000016,51.07502],[-121.075014,51.075017],[-121.075014,51.062508],[-120.500016,51.062511],[-120.500016,51.07502],[-121.000016,51.07502]]],[[[-121.300016,51.07502],[-121.300016,51.087508],[-121.325015,51.087506],[-121.325015,51.075017],[-121.300016,51.07502]]],[[[-120.775015,51.037506],[-120.775015,51.025014],[-120.750016,51.025006],[-120.750016,51.037509],[-120.775015,51.037506]]],[[[-121.150015,51.037509],[-121.175015,51.037506],[-121.175015,51.025014],[-121.200016,51.025017],[-121.200016,51.012511],[-121.150015,51.012511],[-121.150015,51.037509]]],[[[-121.450015,51.037509],[-121.450015,51.050006],[-121.475016,51.050006],[-121.475016,51.037506],[-121.450015,51.037509]]],[[[-121.175015,50.937508],[-121.175015,50.912506],[-121.100016,50.912509],[-121.100016,50.937511],[-121.125016,50.937508],[-121.125016,50.950006],[-121.150015,50.950006],[-121.150015,50.937511],[-121.175015,50.937508]]],[[[-120.800016,50.925018],[-120.800016,50.912509],[-120.775015,50.912506],[-120.775015,50.925015],[-120.800016,50.925018]]],[[[-120.600015,50.900006],[-120.625015,50.900006],[-120.625015,50.887509],[-120.650015,50.887511],[-120.650015,50.86251],[-120.575014,50.862507],[-120.575014,50.900006],[-120.579163,50.900006],[-120.600015,50.900006]]],[[[-121.300016,50.900006],[-121.300016,50.912509],[-121.325014,50.912506],[-121.325014,50.887509],[-121.350016,50.887511],[-121.350016,50.875008],[-121.300016,50.875019],[-121.300016,50.900006]]],[[[-121.224996,50.900006],[-121.225016,50.887509],[-121.200016,50.887511],[-121.200016,50.900006],[-121.224996,50.900006]]],[[[-120.954163,50.900006],[-120.950014,50.900006],[-120.950014,50.912509],[-120.975016,50.912506],[-120.974996,50.900006],[-120.954163,50.900006]]],[[[-121.400016,50.925018],[-121.400016,50.937511],[-121.425015,50.937508],[-121.425015,50.925015],[-121.400016,50.925018]]],[[[-121.725017,52.412506],[-121.725017,52.425015],[-121.775016,52.425015],[-121.775016,52.412506],[-121.725017,52.412506]]],[[[-121.725017,52.437508],[-121.725017,52.450006],[-121.750016,52.450006],[-121.750016,52.43751],[-121.725017,52.437508]]],[[[-121.800016,52.575019],[-121.800016,52.587508],[-121.850017,52.587508],[-121.850017,52.575009],[-121.800016,52.575019]]],[[[-121.825015,52.662506],[-121.825015,52.675015],[-121.850017,52.675007],[-121.850017,52.662509],[-121.825015,52.662506]]],[[[-121.825015,52.887509],[-121.825015,52.875016],[-121.800016,52.875018],[-121.800016,52.887511],[-121.825015,52.887509]]],[[[-121.800016,52.86251],[-121.800016,52.850006],[-121.775016,52.850006],[-121.775016,52.862507],[-121.800016,52.86251]]],[[[-121.825015,52.812508],[-121.825015,52.800006],[-121.800016,52.800006],[-121.800016,52.825019],[-121.825015,52.825017],[-121.825015,52.812508]]],[[[-121.900016,52.975017],[-121.900016,52.98751],[-121.925016,52.987507],[-121.925016,52.975014],[-121.900016,52.975017],[-121.900016,52.962508],[-121.875016,52.962506],[-121.875016,52.975014],[-121.900016,52.975017]]],[[[-122.950016,53.93751],[-122.950016,53.925007],[-122.925016,53.925015],[-122.925016,53.937508],[-122.950016,53.93751]]],[[[-122.950016,53.900006],[-122.950016,53.875008],[-122.900017,53.875018],[-122.900017,53.887511],[-122.875017,53.887508],[-122.875017,53.875016],[-122.825016,53.875016],[-122.825016,53.887508],[-122.850017,53.887511],[-122.850017,53.900006],[-122.950016,53.900006]]],[[[-122.600017,53.887511],[-122.600017,53.875018],[-122.575016,53.875016],[-122.575016,53.887509],[-122.600017,53.887511]]],[[[-122.775016,53.825016],[-122.775016,53.800006],[-122.750017,53.800006],[-122.750017,53.825008],[-122.775016,53.825016]]],[[[-122.625017,53.775013],[-122.625017,53.762509],[-122.600017,53.762511],[-122.600017,53.775016],[-122.625017,53.775013]]],[[[-121.650017,56.300006],[-121.675017,56.300006],[-121.675017,56.287506],[-121.650017,56.287509],[-121.650017,56.300006]]],[[[-121.600019,59.600006],[-121.500019,59.600006],[-121.500019,59.662509],[-121.47502,59.662507],[-121.47502,59.700006],[-121.600019,59.700006],[-121.600019,59.600006]]],[[[-120.000019,59.675016],[-120.000019,59.700006],[-120.200019,59.700006],[-120.200019,59.675016],[-120.150019,59.675007],[-120.150019,59.662509],[-120.125019,59.662507],[-120.125019,59.650006],[-120.000019,59.650006],[-120.000019,59.675016]]],[[[-121.900019,59.700006],[-121.800019,59.700006],[-121.800019,59.750006],[-121.825018,59.750006],[-121.825018,59.762509],[-121.85002,59.762511],[-121.85002,59.775006],[-121.900019,59.775015],[-121.900019,59.700006]]],[[[-121.600019,59.600006],[-121.900019,59.600006],[-121.900019,59.450006],[-121.925018,59.450006],[-121.925018,59.287506],[-121.900019,59.287509],[-121.900019,59.250006],[-121.925018,59.250006],[-121.925018,59.187508],[-122.025019,59.187508],[-122.025019,59.200006],[-122.050018,59.200006],[-122.050018,59.300006],[-122.025019,59.300006],[-122.025019,59.625015],[-122.000019,59.625017],[-122.000019,59.700006],[-122.000019,59.800006],[-122.00002,59.900006],[-122.00002,59.912509],[-121.97502,59.912506],[-121.97502,60.000006],[-123.20002,60.000006],[-124.425019,60.000006],[-124.425019,59.812508],[-124.47502,59.812508],[-124.47502,59.787506],[-124.425019,59.787506],[-124.425019,59.187508],[-123.500019,59.18751],[-123.425019,59.187508],[-123.425018,58.625015],[-123.425018,58.600006],[-123.300019,58.600006],[-123.300019,58.587508],[-123.250019,58.587508],[-123.250019,57.800006],[-123.050018,57.800006],[-123.050018,57.700006],[-123.025018,57.700006],[-123.025018,57.400006],[-123.000018,57.400006],[-123.000018,57.200006],[-122.825017,57.200006],[-122.825017,57.212506],[-122.775018,57.212506],[-122.775018,57.200006],[-122.750018,57.200006],[-122.750018,57.175007],[-122.675017,57.175014],[-122.675017,56.900006],[-122.650018,56.900006],[-122.650018,56.587508],[-122.625018,56.587506],[-122.625018,56.350006],[-122.600018,56.350006],[-122.575017,56.350006],[-122.575017,56.300006],[-122.525017,56.300006],[-122.525018,56.500006],[-122.550017,56.500006],[-122.550017,56.81251],[-122.575017,56.812508],[-122.575017,57.137509],[-122.600018,57.137511],[-122.600018,57.175017],[-122.425017,57.175014],[-122.425017,57.137509],[-122.400018,57.137511],[-122.400018,57.18751],[-122.375018,57.187508],[-122.375018,57.200006],[-122.350019,57.200006],[-122.350019,57.18751],[-122.375018,57.187508],[-122.375018,57.087506],[-122.400018,57.087508],[-122.400018,56.887511],[-122.375018,56.887509],[-122.375018,56.412506],[-122.350018,56.412509],[-122.350018,56.68751],[-122.325017,56.687508],[-122.325017,56.400006],[-122.350018,56.400006],[-122.350018,56.287509],[-121.800018,56.287509],[-121.800018,56.300006],[-121.700018,56.300006],[-121.700018,56.31251],[-121.650017,56.31251],[-121.650017,56.300006],[-121.625018,56.300006],[-121.625018,56.287506],[-121.600018,56.287509],[-121.600018,56.250006],[-121.625018,56.250006],[-121.625018,56.200006],[-121.600018,56.200006],[-121.600018,56.175017],[-121.625018,56.175015],[-121.625018,56.150006],[-121.625018,56.125015],[-121.625018,56.100006],[-121.625018,56.062508],[-121.625018,56.050006],[-121.625017,56.000006],[-121.625017,55.975014],[-121.625017,55.912506],[-121.600017,55.912509],[-121.600017,55.900006],[-121.625017,55.900006],[-121.625017,55.787506],[-121.650017,55.787509],[-121.650017,55.762511],[-121.625017,55.762509],[-121.625017,55.750006],[-121.650017,55.750006],[-121.650017,55.725006],[-121.625017,55.725014],[-121.625017,55.587506],[-121.600017,55.587508],[-121.575016,55.587506],[-121.475018,55.587506],[-121.475018,55.575016],[-121.450016,55.575009],[-121.450016,55.56251],[-121.425017,55.562508],[-121.425017,55.550006],[-121.375017,55.550006],[-121.375017,55.537506],[-121.350018,55.537509],[-121.350018,55.525006],[-121.325016,55.525013],[-121.325016,55.512509],[-121.275017,55.512509],[-121.274998,55.500006],[-121.254164,55.500006],[-121.250017,55.500006],[-121.250017,55.48751],[-121.225018,55.487507],[-121.225018,55.475014],[-121.175016,55.475014],[-121.175016,55.462506],[-121.150017,55.462508],[-121.150017,55.450006],[-121.125017,55.450006],[-121.125017,55.437508],[-121.075016,55.437508],[-121.075016,55.425015],[-121.050016,55.425007],[-121.050016,55.412509],[-121.025017,55.412506],[-121.024998,55.400006],[-120.979164,55.400006],[-120.974998,55.400006],[-120.954164,55.400006],[-120.950016,55.400006],[-120.950016,55.48751],[-120.650017,55.48751],[-120.650017,55.250006],[-120.650017,55.23751],[-120.625017,55.237507],[-120.625017,54.600006],[-120.600017,54.600006],[-120.600017,54.61251],[-120.575016,54.612507],[-120.575016,54.600006],[-120.525016,54.600006],[-120.525016,54.612507],[-120.475017,54.612507],[-120.475017,54.600006],[-120.450016,54.600006],[-120.325016,54.600006],[-120.325016,54.612507],[-120.300017,54.61251],[-120.300017,54.600006],[-120.275016,54.600006],[-120.275016,54.612507],[-120.250017,54.61251],[-120.250017,54.600006],[-120.150016,54.600006],[-120.150016,54.61251],[-120.100017,54.61251],[-120.100017,54.600006],[-120.075016,54.600006],[-120.075015,54.612507],[-120.025016,54.612507],[-120.025017,55.475014],[-120.000017,55.475017],[-120.000017,55.48751],[-120.000017,56.100006],[-120.025017,56.100006],[-120.025017,56.162507],[-120.000017,56.162509],[-120.000017,56.225016],[-120.025017,56.225014],[-120.025017,56.287507],[-120.000017,56.287509],[-120.000017,56.325019],[-120.050017,56.325009],[-120.050017,56.337508],[-120.100017,56.337508],[-120.100017,56.350006],[-120.200017,56.350006],[-120.200017,56.400006],[-120.000017,56.400006],[-120.000018,56.787509],[-120.025017,56.787507],[-120.025017,56.800006],[-120.000018,56.800006],[-120.000018,57.100006],[-120.025017,57.100006],[-120.025017,57.125015],[-120.000018,57.125018],[-120.000018,57.137511],[-120.025017,57.137509],[-120.025017,57.175015],[-120.000018,57.175017],[-120.000018,57.187511],[-120.025017,57.187508],[-120.025018,59.237507],[-120.000019,59.23751],[-120.000019,59.312511],[-120.025018,59.312508],[-120.025018,59.337506],[-120.050018,59.337508],[-120.050018,59.350006],[-120.000019,59.350006],[-120.000019,59.600006],[-120.400019,59.600006],[-120.400019,59.575018],[-120.350019,59.575009],[-120.350019,59.56251],[-120.325018,59.562508],[-120.325018,59.550006],[-120.200019,59.550006],[-120.200019,59.500006],[-120.600019,59.500006],[-120.600019,59.337508],[-121.075018,59.337506],[-121.300019,59.337508],[-121.300019,59.350006],[-121.375019,59.350006],[-121.375019,59.337506],[-121.425018,59.337506],[-121.425018,59.350006],[-121.525019,59.350006],[-121.525019,59.425014],[-121.500019,59.425016],[-121.500019,59.500006],[-121.600019,59.500006],[-121.600019,59.600006]]],[[[-120.850019,59.162509],[-120.850019,59.150006],[-120.825018,59.150006],[-120.825018,59.162507],[-120.850019,59.162509],[-120.850019,59.175007],[-120.625019,59.175014],[-120.625019,59.312508],[-121.100019,59.31251],[-121.100019,59.325018],[-121.525019,59.325016],[-121.525019,59.187508],[-121.400019,59.18751],[-121.400019,59.175016],[-120.875019,59.175014],[-120.875019,59.162507],[-120.850019,59.162509]]],[[[-123.200019,59.237509],[-123.200019,59.250006],[-123.22502,59.250006],[-123.22502,59.237507],[-123.200019,59.237509],[-123.200019,59.225015],[-123.175019,59.225013],[-123.175019,59.237507],[-123.200019,59.237509]]],[[[-124.075018,59.250006],[-124.075018,59.262508],[-124.10002,59.262511],[-124.10002,59.250006],[-124.075018,59.250006]]],[[[-122.100019,59.262511],[-122.100019,59.275015],[-122.125019,59.275012],[-122.125019,59.250006],[-122.100019,59.250006],[-122.100019,59.262511]]],[[[-124.075018,59.300006],[-124.075018,59.312508],[-124.10002,59.31251],[-124.10002,59.300006],[-124.075018,59.300006]]],[[[-123.150019,59.31251],[-123.150019,59.325009],[-123.175019,59.325015],[-123.175019,59.312508],[-123.150019,59.31251]]],[[[-124.075018,59.337505],[-124.075018,59.387508],[-124.10002,59.387511],[-124.10002,59.337508],[-124.075018,59.337505]]],[[[-124.20002,59.43751],[-124.20002,59.450006],[-124.22502,59.450006],[-124.22502,59.437508],[-124.20002,59.43751]]],[[[-124.075019,59.475013],[-124.075019,59.487507],[-124.10002,59.487509],[-124.10002,59.475015],[-124.075019,59.475013]]],[[[-122.85002,59.512511],[-122.85002,59.525006],[-122.875019,59.525012],[-122.875019,59.512509],[-122.85002,59.512511]]],[[[-124.075019,59.562508],[-124.075019,59.575015],[-124.10002,59.575017],[-124.10002,59.56251],[-124.075019,59.562508]]],[[[-122.075018,59.587506],[-122.075018,59.600006],[-122.100019,59.600006],[-122.100019,59.575018],[-122.075018,59.575015],[-122.075018,59.587506]]],[[[-123.10002,59.837508],[-123.10002,59.850006],[-123.12502,59.850006],[-123.12502,59.837506],[-123.10002,59.837508]]],[[[-123.60002,59.875017],[-123.60002,59.887511],[-123.62502,59.887509],[-123.62502,59.862507],[-123.60002,59.862509],[-123.60002,59.875017]]],[[[-123.200019,58.900006],[-123.100019,58.900006],[-123.100019,58.887511],[-123.075018,58.887509],[-123.075018,59.162506],[-123.125019,59.162506],[-123.125019,59.187508],[-123.22502,59.187508],[-123.22502,58.900006],[-123.250019,58.900006],[-123.250019,58.887511],[-123.200019,58.887511],[-123.200019,58.900006]]],[[[-121.850019,59.087508],[-121.850019,59.075009],[-121.825018,59.075016],[-121.825018,59.087506],[-121.850019,59.087508]]],[[[-122.350019,58.875008],[-122.350019,58.862509],[-122.325018,58.862507],[-122.325018,58.850006],[-122.300019,58.850006],[-122.300019,58.875017],[-122.350019,58.875008],[-122.350019,58.887511],[-122.375019,58.887509],[-122.375019,58.900006],[-122.400019,58.900006],[-122.400019,58.875017],[-122.350019,58.875008]]],[[[-120.250019,58.787509],[-120.250019,58.812511],[-120.275018,58.812508],[-120.275018,58.750006],[-120.275018,58.637509],[-120.300018,58.637511],[-120.300018,58.562511],[-120.275018,58.562508],[-120.275018,58.412507],[-120.225019,58.412507],[-120.225019,58.787507],[-120.250019,58.787509]]],[[[-121.175018,58.725013],[-121.175018,58.762509],[-121.200019,58.762511],[-121.200019,58.800006],[-121.325018,58.800006],[-121.325017,58.425014],[-121.300019,58.425017],[-121.300019,58.412509],[-121.175018,58.412507],[-121.175018,58.650006],[-121.150018,58.650006],[-121.150018,58.662509],[-121.175018,58.662507],[-121.175018,58.712506],[-121.150018,58.712508],[-121.150018,58.725007],[-121.175018,58.725013]]],[[[-120.275018,58.175014],[-120.275018,58.012509],[-120.250018,58.012511],[-120.250018,58.000006],[-120.225019,58.000006],[-120.225019,58.387509],[-120.275018,58.387509],[-120.275018,58.250006],[-120.300018,58.250006],[-120.300018,58.175017],[-120.275018,58.175014]]],[[[-121.150018,58.037509],[-121.150018,58.06251],[-121.175018,58.062508],[-121.175018,58.375015],[-121.300019,58.375017],[-121.300018,58.012511],[-121.150018,58.012511],[-121.150018,58.037509]]],[[[-121.925018,58.037506],[-121.925018,58.050006],[-121.950017,58.050006],[-121.950017,58.11251],[-122.000019,58.11251],[-122.000019,58.012511],[-121.925018,58.012509],[-121.925018,58.037506]]],[[[-121.800018,58.012511],[-121.800018,57.850006],[-121.775018,57.850006],[-121.775018,58.012509],[-121.800018,58.012511]]],[[[-123.000019,58.012511],[-123.000019,57.887511],[-122.975019,57.887509],[-122.975019,58.012509],[-122.975019,58.275012],[-123.000019,58.275015],[-123.000019,58.012511]]],[[[-122.525018,58.300006],[-122.525018,58.000006],[-122.500019,58.000006],[-122.425018,58.000006],[-122.325017,58.000006],[-122.300019,58.000006],[-122.300019,58.012511],[-122.300019,58.087508],[-122.325017,58.087506],[-122.325018,58.375015],[-122.350019,58.375008],[-122.350019,58.387511],[-122.325018,58.387509],[-122.325018,58.400006],[-122.350019,58.400006],[-122.350019,58.475006],[-122.450018,58.475006],[-122.450018,58.487509],[-122.525018,58.487507],[-122.525018,58.500006],[-122.550018,58.500006],[-122.550018,58.375008],[-122.525018,58.375015],[-122.525018,58.337506],[-122.550018,58.337508],[-122.550018,58.300006],[-122.525018,58.300006]]],[[[-122.825018,58.300006],[-122.825018,58.525012],[-122.850019,58.525006],[-122.850019,58.287509],[-122.825018,58.287506],[-122.825018,58.300006]]],[[[-122.500019,58.525015],[-122.500019,58.512511],[-122.400019,58.512511],[-122.400019,58.500006],[-122.350019,58.500006],[-122.350019,58.750006],[-122.375019,58.750006],[-122.375019,58.775013],[-122.450018,58.775006],[-122.450018,58.787509],[-122.575018,58.787506],[-122.575018,58.750006],[-122.550018,58.750006],[-122.550018,58.525006],[-122.500019,58.525015]]],[[[-122.850019,58.750006],[-122.850019,58.787509],[-122.875019,58.787506],[-122.875019,58.587506],[-122.850019,58.587508],[-122.850019,58.750006]]],[[[-123.075018,58.825015],[-123.075018,58.862507],[-123.150019,58.862509],[-123.150019,58.875008],[-123.22502,58.875015],[-123.225019,58.725013],[-123.200019,58.725015],[-123.200019,58.712508],[-123.225019,58.712505],[-123.225019,58.625015],[-123.075018,58.625015],[-123.075018,58.800006],[-123.050018,58.800006],[-123.050018,58.81251],[-123.075018,58.812508],[-123.075018,58.825015]]],[[[-121.575018,58.775013],[-121.575018,58.712506],[-121.525018,58.712506],[-121.525018,58.812508],[-121.575018,58.812508],[-121.575018,58.775013]]],[[[-122.025019,58.750006],[-122.025019,58.762509],[-122.050018,58.762511],[-122.050018,58.750006],[-122.025019,58.750006]]],[[[-121.550018,58.412509],[-121.550018,58.400006],[-121.525018,58.400006],[-121.525018,58.412506],[-121.550018,58.412509]]],[[[-121.550018,58.36251],[-121.550018,58.350006],[-121.525018,58.350006],[-121.525018,58.375015],[-121.550018,58.375008],[-121.550018,58.36251]]],[[[-122.275018,58.012509],[-122.275018,58.000006],[-122.250019,58.000006],[-122.250019,58.012511],[-122.275018,58.012509]]],[[[-122.800019,58.200006],[-122.800019,58.212508],[-122.825018,58.212506],[-122.825018,58.000006],[-122.800019,58.000006],[-122.800019,58.200006]]],[[[-123.300019,59.175016],[-123.300019,59.18751],[-123.35002,59.18751],[-123.35002,59.175007],[-123.300019,59.175016]]],[[[-121.775018,57.825016],[-121.775018,57.425014],[-121.750018,57.425007],[-121.750018,57.825009],[-121.775018,57.825016]]],[[[-121.225019,57.650006],[-121.225019,57.637509],[-121.200018,57.637511],[-121.200018,57.650006],[-121.225019,57.650006]]],[[[-120.150018,57.475007],[-120.150017,57.462508],[-120.125018,57.462506],[-120.125018,57.475014],[-120.150018,57.475007]]],[[[-121.050017,57.425007],[-121.050017,57.412509],[-121.025018,57.412507],[-121.025018,57.425014],[-121.050017,57.425007]]],[[[-122.225019,57.437508],[-122.225019,57.450006],[-122.250018,57.450006],[-122.250018,57.43751],[-122.225019,57.437508]]],[[[-122.875018,57.475013],[-122.875018,57.487507],[-122.900018,57.487509],[-122.900018,57.475016],[-122.875018,57.475013]]],[[[-122.225019,57.475013],[-122.225019,57.487507],[-122.250018,57.48751],[-122.250018,57.500006],[-122.300018,57.500006],[-122.300018,57.475016],[-122.225019,57.475013]]],[[[-122.250018,57.512511],[-122.250018,57.537509],[-122.225019,57.537506],[-122.225019,57.562508],[-122.275018,57.562508],[-122.275018,57.512509],[-122.250018,57.512511]]],[[[-122.100018,57.525015],[-122.100018,57.512511],[-122.075017,57.512509],[-122.075017,57.625015],[-122.100018,57.625017],[-122.100018,57.525015]]],[[[-123.000019,57.800006],[-122.975019,57.800006],[-122.975019,57.837506],[-123.000019,57.837508],[-123.000019,57.81251],[-123.025018,57.812508],[-123.025018,57.800006],[-123.000019,57.800006]]],[[[-122.275018,57.825016],[-122.275018,57.812508],[-122.225019,57.812508],[-122.225019,57.825016],[-122.250018,57.825009],[-122.250018,57.837508],[-122.275018,57.837506],[-122.275018,57.825016]]],[[[-122.450017,57.412509],[-122.450017,57.400006],[-122.425018,57.400006],[-122.425018,57.412506],[-122.450017,57.412509]]],[[[-122.475019,57.375015],[-122.475019,57.362507],[-122.450017,57.362509],[-122.450017,57.375008],[-122.475019,57.375015]]],[[[-122.400018,57.362509],[-122.400018,57.350006],[-122.375018,57.350006],[-122.375018,57.362507],[-122.400018,57.362509]]],[[[-121.750018,57.212508],[-121.750018,57.200006],[-121.725018,57.200006],[-121.725019,57.312508],[-121.750018,57.31251],[-121.750018,57.212508]]],[[[-122.054165,57.200006],[-122.050017,57.212508],[-122.075017,57.212506],[-122.074999,57.200006],[-122.054165,57.200006]]],[[[-121.450017,57.18751],[-121.450017,56.98751],[-121.425017,56.987507],[-121.425017,57.187508],[-121.450017,57.18751]]],[[[-121.075017,57.087506],[-121.075017,57.075016],[-121.050017,57.075009],[-121.050017,57.087508],[-121.075017,57.087506],[-121.075017,57.100006],[-121.100018,57.100006],[-121.100018,57.087508],[-121.075017,57.087506]]],[[[-120.850018,57.06251],[-120.850018,57.050006],[-120.825017,57.050006],[-120.825017,57.062508],[-120.850018,57.06251]]],[[[-120.825017,57.012509],[-120.825017,57.000006],[-120.800018,57.000006],[-120.800018,57.012511],[-120.825017,57.012509]]],[[[-122.350018,57.025006],[-122.350018,57.037509],[-122.375018,57.037506],[-122.375018,56.912506],[-122.350018,56.912509],[-122.350018,57.025006]]],[[[-120.825017,56.937508],[-120.825017,56.925015],[-120.800018,56.925017],[-120.800018,56.93751],[-120.825017,56.937508]]],[[[-122.325017,56.937508],[-122.325017,56.925014],[-122.300018,56.925017],[-122.300018,56.93751],[-122.325017,56.937508]]],[[[-121.500018,56.900006],[-121.500018,56.887511],[-121.475018,56.887509],[-121.475018,56.900006],[-121.500018,56.900006]]],[[[-121.475018,57.175014],[-121.475018,57.187508],[-121.500018,57.18751],[-121.500018,57.075018],[-121.475018,57.075016],[-121.475018,57.175014]]],[[[-122.100018,56.850006],[-122.100018,56.837508],[-122.075017,56.837506],[-122.075017,56.850006],[-122.100018,56.850006]]],[[[-122.250018,56.837508],[-122.250018,56.825009],[-122.225018,56.825016],[-122.225018,56.837506],[-122.250018,56.837508]]],[[[-120.800018,56.775015],[-120.825017,56.775013],[-120.825017,56.762509],[-120.800018,56.762511],[-120.800018,56.775015]]],[[[-122.025018,56.750006],[-122.025018,56.737507],[-122.000018,56.73751],[-122.000018,56.762511],[-122.025018,56.762509],[-122.025018,56.750006]]],[[[-120.850018,56.700006],[-120.850018,56.68751],[-120.800018,56.68751],[-120.800018,56.700006],[-120.850018,56.700006]]],[[[-122.000018,56.700006],[-122.000018,56.68751],[-121.975018,56.687508],[-121.975018,56.700006],[-122.000018,56.700006]]],[[[-120.800018,56.650006],[-120.800018,56.600006],[-120.600018,56.600006],[-120.600018,56.625018],[-120.650017,56.625008],[-120.650017,56.650006],[-120.800018,56.650006]]],[[[-121.975018,56.662506],[-121.975018,56.675014],[-122.025017,56.675014],[-122.025017,56.650006],[-121.975018,56.650006],[-121.975018,56.662506]]],[[[-122.000018,56.61251],[-122.000018,56.600006],[-121.975018,56.600006],[-121.975018,56.612507],[-122.000018,56.61251]]],[[[-122.000018,56.537509],[-122.000018,56.525015],[-121.975018,56.525013],[-121.975018,56.587506],[-122.000018,56.587508],[-122.000018,56.537509]]],[[[-122.000018,56.425017],[-122.000018,56.375018],[-121.975018,56.375015],[-121.975018,56.500006],[-122.000018,56.500006],[-122.000018,56.425017]]],[[[-122.200018,56.412509],[-122.200018,56.425017],[-122.225018,56.425014],[-122.225018,56.412506],[-122.200018,56.412509]]],[[[-120.100017,56.300006],[-120.100017,56.287509],[-120.075016,56.287507],[-120.075016,56.300006],[-120.100017,56.300006]]],[[[-120.175017,56.287507],[-120.175017,56.275013],[-120.150017,56.275006],[-120.150017,56.287509],[-120.175017,56.287507]]],[[[-120.100017,56.275016],[-120.100017,56.262511],[-120.050017,56.262511],[-120.050017,56.275006],[-120.100017,56.275016]]],[[[-120.950016,56.300006],[-120.950016,56.31251],[-121.000018,56.31251],[-121.000018,56.300006],[-120.950016,56.300006]]],[[[-122.000018,56.31251],[-122.000018,56.300006],[-121.950017,56.300006],[-121.950017,56.31251],[-122.000018,56.31251]]],[[[-120.200017,56.100006],[-120.200017,56.087508],[-120.175017,56.087506],[-120.175017,56.100006],[-120.200017,56.100006]]],[[[-120.325016,55.987507],[-120.325016,55.975014],[-120.300017,55.975016],[-120.300017,55.98751],[-120.325016,55.987507]]],[[[-120.700017,55.900006],[-120.450016,55.900006],[-120.450016,55.912509],[-121.575016,55.912506],[-121.575016,55.900006],[-120.725018,55.900006],[-120.725018,55.887509],[-120.700017,55.887511],[-120.700017,55.900006]]],[[[-120.625017,55.812508],[-120.625017,55.800006],[-120.600017,55.800006],[-120.600017,55.812511],[-120.625017,55.812508]]],[[[-120.200017,55.61251],[-120.200017,55.600006],[-120.175016,55.600006],[-120.175016,55.612507],[-120.200017,55.61251]]],[[[-121.025017,55.600006],[-121.025017,55.587506],[-121.000017,55.587508],[-121.000017,55.600006],[-121.025017,55.600006]]],[[[-121.47502,59.800006],[-121.47502,59.937508],[-121.450018,59.93751],[-121.450018,60.000006],[-121.87502,60.000006],[-121.875019,59.862507],[-121.85002,59.862509],[-121.85002,59.850006],[-121.800019,59.850006],[-121.800019,59.800006],[-121.47502,59.800006]]],[[[-120.550018,59.900006],[-120.400019,59.900006],[-120.400019,59.850006],[-120.300019,59.850006],[-120.300019,59.81251],[-120.275019,59.812508],[-120.275019,59.800006],[-120.000019,59.800006],[-120.000019,60.000006],[-120.525019,60.000006],[-120.525019,59.950006],[-120.550018,59.950006],[-120.550018,59.900006]]]]},"properties":{"id":"2024","year":2024,"era":"2024 acquisition","title":"2024 LiDAR availability","source_area_km2":160349.6,"display":"2024 · 160,349.6 km² source footprint","details":"Data-availability footprint published for 2024.\nSource footprint area: 160,349.6 km².\nThis is a simplified overview. Use the LidarBC portal to select and download individual product tiles."},"id":"2024"},{"type":"Feature","geometry":{"type":"MultiPolygon","coordinates":[[[[-122.350016,49.225006],[-122.425015,49.225015],[-122.425015,49.250006],[-122.450014,49.250006],[-122.450014,49.262511],[-122.550015,49.262511],[-122.550015,49.275005],[-122.625015,49.275014],[-122.625015,49.325017],[-122.750015,49.325008],[-122.750015,49.337508],[-122.850016,49.337508],[-122.850016,49.350006],[-123.200015,49.350006],[-123.275015,49.350006],[-123.300015,49.350006],[-123.325014,49.350006],[-123.325014,49.337505],[-123.300015,49.337508],[-123.300015,49.32502],[-123.200015,49.32502],[-123.200015,49.31251],[-123.175015,49.312508],[-123.175015,49.287506],[-123.300015,49.287509],[-123.300015,49.23751],[-123.275015,49.237507],[-123.275015,49.200006],[-123.250015,49.200006],[-123.250015,49.18751],[-123.225016,49.187507],[-123.225016,49.200006],[-122.600015,49.200006],[-122.375015,49.200006],[-122.375015,49.187508],[-122.300015,49.187511],[-122.225016,49.187508],[-122.225016,49.225015],[-122.250015,49.225006],[-122.275015,49.225015],[-122.325014,49.225015],[-122.350016,49.225006]]],[[[-119.650014,49.050006],[-119.650014,49.212509],[-119.675014,49.212506],[-119.675014,49.187508],[-119.700015,49.187511],[-119.700015,49.11251],[-119.675014,49.112507],[-119.675014,49.050006],[-119.650014,49.050006]]],[[[-119.200015,49.200006],[-119.225015,49.200006],[-119.225015,49.175016],[-119.250015,49.175007],[-119.250015,49.187511],[-119.275014,49.187508],[-119.275014,49.175016],[-119.275014,49.150006],[-119.325014,49.150006],[-119.325014,49.175016],[-119.375015,49.175016],[-119.375015,49.187508],[-119.400015,49.187511],[-119.400015,49.212509],[-119.425014,49.212506],[-119.425014,49.237507],[-119.450014,49.23751],[-119.450014,49.250006],[-119.475015,49.250006],[-119.475015,49.225015],[-119.450014,49.225006],[-119.450014,49.000006],[-119.449996,49.000006],[-119.429162,49.000006],[-119.424996,49.000006],[-119.400015,49.000006],[-119.275014,49.000006],[-119.275014,49.062508],[-119.300015,49.062511],[-119.300015,49.050006],[-119.325014,49.050006],[-119.325014,49.075017],[-119.275014,49.075017],[-119.275014,49.062508],[-119.250015,49.062511],[-119.250015,49.11251],[-119.225015,49.112507],[-119.225015,49.162506],[-119.200015,49.162509],[-119.200015,49.200006]]],[[[-119.300015,49.100006],[-119.300015,49.087509],[-119.275014,49.087506],[-119.275014,49.100006],[-119.300015,49.100006]]],[[[-119.200015,49.200006],[-119.175014,49.200006],[-119.150014,49.200006],[-119.150014,49.212509],[-119.150014,49.287509],[-119.175014,49.287506],[-119.175014,49.237507],[-119.200015,49.23751],[-119.200015,49.200006]]],[[[-119.125015,49.325017],[-119.125015,49.337506],[-119.150014,49.337509],[-119.150014,49.312511],[-119.125015,49.312508],[-119.125015,49.325017]]],[[[-119.975015,49.412506],[-119.975015,49.425016],[-120.000015,49.425019],[-120.000015,49.412509],[-119.975015,49.412506]]],[[[-118.850015,49.36251],[-118.825014,49.362507],[-118.825014,49.375017],[-118.850015,49.375008],[-118.850015,49.36251]]],[[[-119.075014,49.412506],[-119.075014,49.425016],[-119.100015,49.425019],[-119.100015,49.412509],[-119.075014,49.412506]]],[[[-119.050014,49.462509],[-119.050014,49.475006],[-119.075014,49.475015],[-119.075014,49.462506],[-119.050014,49.462509]]],[[[-118.800015,49.462509],[-118.775014,49.462506],[-118.775014,49.475015],[-118.800015,49.475018],[-118.800015,49.462509]]],[[[-119.025014,49.512509],[-119.025014,49.525014],[-119.050014,49.525006],[-119.050014,49.512512],[-119.025014,49.512509]]],[[[-118.775014,49.500006],[-118.750015,49.500006],[-118.750015,49.525006],[-118.775014,49.525014],[-118.775014,49.500006]]],[[[-119.000015,49.562511],[-119.000015,49.57502],[-119.025014,49.575017],[-119.025014,49.550006],[-119.000015,49.550006],[-119.000015,49.562511]]],[[[-118.725015,49.575017],[-118.750015,49.575009],[-118.750015,49.550006],[-118.725015,49.550006],[-118.725015,49.575017]]],[[[-118.975015,49.600006],[-118.975015,49.625017],[-119.000015,49.625019],[-119.000015,49.600006],[-118.975015,49.600006]]],[[[-119.900015,49.262512],[-119.950014,49.262512],[-119.950014,49.275006],[-119.975015,49.275014],[-119.975015,49.237507],[-119.950014,49.23751],[-119.950014,49.225006],[-119.975015,49.225015],[-119.975015,49.212506],[-119.950014,49.212508],[-119.950014,49.200006],[-119.975015,49.200006],[-119.975015,49.175016],[-119.950014,49.175007],[-119.950014,49.150006],[-119.975015,49.150006],[-119.975015,49.087506],[-119.950014,49.087508],[-119.950014,49.050006],[-119.925014,49.050006],[-119.925014,49.037506],[-119.900015,49.037509],[-119.900015,49.025017],[-119.875015,49.025014],[-119.875015,49.012509],[-119.850015,49.012512],[-119.850015,49.000006],[-119.800015,49.000006],[-119.779162,49.000006],[-119.775014,49.000006],[-119.775014,49.162506],[-119.800015,49.162509],[-119.800015,49.225018],[-119.775014,49.225015],[-119.775015,49.575017],[-119.850015,49.575009],[-119.850015,49.587508],[-119.875015,49.587506],[-119.875015,49.600006],[-119.900015,49.600006],[-119.900015,49.61251],[-119.925014,49.612507],[-119.925014,49.625017],[-119.950014,49.625008],[-119.950014,49.637512],[-119.975015,49.637509],[-119.975015,49.650006],[-120.000015,49.650006],[-120.000015,49.662509],[-120.025015,49.662506],[-120.025015,49.675016],[-120.050014,49.675007],[-120.050014,49.687511],[-120.075014,49.687508],[-120.075014,49.700006],[-120.150015,49.700006],[-120.150015,49.712508],[-120.250015,49.712508],[-120.250015,49.675007],[-120.225015,49.675016],[-120.225015,49.662506],[-120.200015,49.662509],[-120.200015,49.650006],[-120.150015,49.650006],[-120.150015,49.637512],[-120.125015,49.637509],[-120.125015,49.625016],[-120.100015,49.625019],[-120.100015,49.61251],[-120.075014,49.612507],[-120.074996,49.600006],[-120.054162,49.600006],[-120.050014,49.600006],[-120.050014,49.587508],[-120.025015,49.587506],[-120.025015,49.575017],[-120.000015,49.57502],[-120.000015,49.562511],[-119.975015,49.562508],[-119.975015,49.550006],[-119.925014,49.550006],[-119.925014,49.537506],[-119.900015,49.537509],[-119.900015,49.525017],[-119.875015,49.525014],[-119.875015,49.512509],[-119.850015,49.512512],[-119.850015,49.500006],[-119.825014,49.500006],[-119.825014,49.487507],[-119.800015,49.48751],[-119.800015,49.437511],[-119.850015,49.437511],[-119.850015,49.450006],[-119.875015,49.450006],[-119.875015,49.425016],[-119.900015,49.425019],[-119.900015,49.412509],[-119.925014,49.412506],[-119.925014,49.400006],[-119.929162,49.400006],[-119.949996,49.400006],[-119.950014,49.412509],[-119.975015,49.412506],[-119.975015,49.362507],[-119.950014,49.36251],[-119.950014,49.325009],[-119.925014,49.325017],[-119.925014,49.300006],[-119.900015,49.300006],[-119.900015,49.262512],[-119.850015,49.262512],[-119.850015,49.250006],[-119.900015,49.250006],[-119.900015,49.262512]]],[[[-119.900015,49.212508],[-119.900015,49.200006],[-119.850015,49.200006],[-119.850015,49.212508],[-119.900015,49.212508],[-119.900015,49.225018],[-119.925014,49.225015],[-119.925014,49.212506],[-119.900015,49.212508]]],[[[-119.900015,49.137512],[-119.900015,49.125019],[-119.875015,49.125017],[-119.875015,49.075017],[-119.825014,49.075017],[-119.825014,49.087506],[-119.850015,49.087509],[-119.850015,49.137512],[-119.900015,49.137512]]],[[[-119.800015,49.100006],[-119.800015,49.11251],[-119.825014,49.112507],[-119.824996,49.100006],[-119.800015,49.100006]]],[[[-118.950014,49.662509],[-118.950014,49.675007],[-118.975015,49.675016],[-118.975015,49.650006],[-118.950014,49.650006],[-118.950014,49.662509]]],[[[-118.950014,49.700006],[-118.925014,49.700006],[-118.925014,49.712506],[-118.950014,49.712509],[-118.950014,49.700006]]],[[[-125.600016,49.950005],[-125.600016,49.912509],[-125.575015,49.912506],[-125.575015,49.887508],[-125.550015,49.887511],[-125.550015,49.862509],[-125.500016,49.862509],[-125.500016,49.875019],[-125.525016,49.875016],[-125.525016,49.887508],[-125.525016,49.900005],[-125.550015,49.900005],[-125.550015,49.925006],[-125.575015,49.925015],[-125.575015,49.950005],[-125.600016,49.950005]]],[[[-125.600016,49.950005],[-125.600016,49.987509],[-125.625016,49.987506],[-125.625016,50.012508],[-125.650016,50.012511],[-125.650016,50.037509],[-125.675015,50.037506],[-125.675015,50.062507],[-125.700016,50.06251],[-125.700016,50.087508],[-125.725016,50.087505],[-125.725016,50.050005],[-125.700016,50.050005],[-125.700016,50.025016],[-125.675015,50.025013],[-125.675015,50.000005],[-125.650016,50.000005],[-125.650016,49.975006],[-125.625016,49.975014],[-125.625016,49.950005],[-125.600016,49.950005]]],[[[-125.725016,50.087505],[-125.725016,50.112506],[-125.750016,50.112509],[-125.750016,50.087508],[-125.725016,50.087505]]],[[[-125.750016,50.112509],[-125.750016,50.137511],[-125.775016,50.137508],[-125.775016,50.112506],[-125.750016,50.112509]]],[[[-118.725015,49.575017],[-118.700015,49.57502],[-118.700015,49.525017],[-118.725015,49.525014],[-118.725015,49.475015],[-118.750015,49.475007],[-118.750015,49.437511],[-118.775014,49.437508],[-118.775014,49.412506],[-118.800015,49.412509],[-118.800015,49.425019],[-118.825014,49.425016],[-118.825014,49.387509],[-118.800015,49.387512],[-118.800015,49.350006],[-118.850015,49.350006],[-118.850015,49.325009],[-118.875015,49.325017],[-118.875015,49.275014],[-118.900015,49.275017],[-118.900015,49.225018],[-118.925014,49.225015],[-118.925014,49.175016],[-118.950014,49.175007],[-118.950014,49.125008],[-118.975015,49.125017],[-118.975015,49.075017],[-119.000015,49.07502],[-119.000015,49.037509],[-119.025014,49.037506],[-119.025014,49.000006],[-119.024996,49.000006],[-118.979162,49.000006],[-118.974996,49.000006],[-118.954162,49.000006],[-118.949996,49.000006],[-118.929162,49.000006],[-118.924996,49.000006],[-118.879162,49.000006],[-118.724996,49.000006],[-118.679162,49.000006],[-118.674996,49.000006],[-118.654162,49.000006],[-118.649996,49.000006],[-118.629162,49.000006],[-118.624996,49.000006],[-118.600015,49.000006],[-118.579162,49.000006],[-118.574996,49.000006],[-118.554162,49.000006],[-118.549996,49.000006],[-118.529162,49.000006],[-118.174996,49.000006],[-118.154162,49.000006],[-118.149996,49.000006],[-118.129162,49.000006],[-118.124996,49.000006],[-118.079162,49.000006],[-118.074996,49.000006],[-118.054162,49.000006],[-118.049996,49.000006],[-118.029162,49.000006],[-118.024996,49.000006],[-117.979162,49.000006],[-117.974996,49.000006],[-117.954162,49.000006],[-117.950013,49.000006],[-117.950013,49.337509],[-117.925014,49.337506],[-117.925014,49.350006],[-117.950013,49.350006],[-117.950013,49.36251],[-117.975015,49.362507],[-117.975015,49.375017],[-118.000015,49.37502],[-118.000015,49.387512],[-118.025014,49.387509],[-118.025014,49.412507],[-118.050014,49.412509],[-118.050014,49.475007],[-118.075013,49.475015],[-118.075014,49.562508],[-118.100015,49.562511],[-118.100015,49.662509],[-118.125015,49.662507],[-118.125015,49.775014],[-118.150014,49.775006],[-118.150014,49.875008],[-118.125015,49.875017],[-118.125015,49.962506],[-118.100015,49.962509],[-118.100015,49.975018],[-118.175014,49.975015],[-118.250015,49.975007],[-118.250015,49.98751],[-118.275014,49.987507],[-118.275014,49.975015],[-118.350015,49.975007],[-118.350015,49.98751],[-118.375015,49.987507],[-118.375015,49.975015],[-118.450014,49.975007],[-118.475015,49.975015],[-118.475015,49.987507],[-118.900015,49.98751],[-118.900015,49.962509],[-118.925014,49.962506],[-118.925014,49.900006],[-118.900015,49.900006],[-118.900015,49.887512],[-118.875015,49.887509],[-118.875015,49.875017],[-118.900015,49.875019],[-118.900015,49.82502],[-118.925014,49.825017],[-118.925014,49.787506],[-118.925014,49.762509],[-118.950014,49.762512],[-118.950014,49.73751],[-118.925014,49.737507],[-118.875015,49.737507],[-118.875015,49.750006],[-118.850015,49.750006],[-118.850015,49.725007],[-118.850015,49.700006],[-118.875015,49.700006],[-118.875015,49.687508],[-118.875015,49.650006],[-118.900015,49.650006],[-118.900015,49.61251],[-118.925014,49.612507],[-118.925014,49.562508],[-118.950014,49.562511],[-118.950014,49.537509],[-118.950014,49.48751],[-118.975015,49.487507],[-118.975015,49.475015],[-118.975015,49.462506],[-119.000015,49.462509],[-119.000015,49.412509],[-119.025014,49.412506],[-119.025014,49.362507],[-119.050014,49.36251],[-119.050014,49.312511],[-119.075014,49.312508],[-119.075014,49.262509],[-119.100015,49.262512],[-119.100015,49.225018],[-119.125015,49.225015],[-119.125015,49.175016],[-119.150014,49.175007],[-119.150014,49.125008],[-119.175014,49.125017],[-119.175014,49.112507],[-119.175014,49.062508],[-119.200015,49.062511],[-119.200015,49.050006],[-119.200015,49.025017],[-119.225015,49.025014],[-119.225015,49.000006],[-119.200015,49.000006],[-119.179162,49.000006],[-119.175014,49.000006],[-119.175014,49.012509],[-119.150014,49.012512],[-119.150014,49.075009],[-119.125015,49.075017],[-119.125015,49.112507],[-119.100015,49.11251],[-119.100015,49.162509],[-119.075014,49.162506],[-119.075014,49.212506],[-119.050014,49.212509],[-119.050014,49.275006],[-119.025014,49.275014],[-119.025014,49.312508],[-119.000015,49.312511],[-119.000015,49.350006],[-118.975015,49.350006],[-118.975015,49.400006],[-118.950014,49.400006],[-118.950014,49.412509],[-118.950014,49.450006],[-118.925014,49.450006],[-118.925014,49.500006],[-118.900015,49.500006],[-118.900015,49.550006],[-118.875015,49.550006],[-118.875015,49.600006],[-118.850015,49.600006],[-118.850015,49.650006],[-118.825014,49.650006],[-118.825014,49.700006],[-118.800015,49.700006],[-118.800015,49.73751],[-118.775014,49.737507],[-118.775014,49.787507],[-118.750015,49.787509],[-118.750015,49.837509],[-118.725015,49.837506],[-118.725015,49.850006],[-118.700015,49.850006],[-118.700015,49.837509],[-118.625015,49.837506],[-118.625015,49.825017],[-118.600015,49.82502],[-118.575014,49.825017],[-118.575014,49.875017],[-118.550014,49.875008],[-118.550014,49.912509],[-118.525014,49.912507],[-118.525014,49.850006],[-118.550014,49.850006],[-118.550014,49.825009],[-118.575014,49.825017],[-118.575014,49.812508],[-118.600015,49.812511],[-118.625015,49.812508],[-118.625015,49.762509],[-118.650014,49.762512],[-118.650014,49.712509],[-118.675014,49.712506],[-118.675014,49.662507],[-118.700015,49.662509],[-118.700015,49.62502],[-118.725015,49.625017],[-118.725015,49.575017]]],[[[-118.300015,49.512512],[-118.300015,49.500006],[-118.275014,49.500006],[-118.275014,49.487507],[-118.250015,49.48751],[-118.250015,49.512512],[-118.300015,49.512512]]],[[[-118.425014,49.487507],[-118.425014,49.500006],[-118.450014,49.500006],[-118.450014,49.475007],[-118.475015,49.475015],[-118.475015,49.462506],[-118.425014,49.462506],[-118.425014,49.487507]]],[[[-118.125015,49.450006],[-118.125015,49.437508],[-118.100015,49.437511],[-118.100015,49.450006],[-118.125015,49.450006]]],[[[-118.250015,49.375008],[-118.250015,49.325009],[-118.225015,49.325018],[-118.225015,49.312508],[-118.200015,49.312511],[-118.200015,49.337509],[-118.225015,49.337506],[-118.225015,49.425016],[-118.250015,49.425007],[-118.250015,49.375008]]],[[[-118.125015,49.387509],[-118.125015,49.375017],[-118.100015,49.37502],[-118.100015,49.387512],[-118.125015,49.387509]]],[[[-118.075013,49.250006],[-118.075013,49.237507],[-118.050014,49.23751],[-118.050014,49.275006],[-118.075013,49.275014],[-118.075013,49.250006]]],[[[-118.325013,49.225015],[-118.325013,49.212506],[-118.300015,49.212509],[-118.300015,49.250006],[-118.325013,49.250006],[-118.325013,49.225015]]],[[[-118.075013,49.200006],[-118.075013,49.187508],[-118.050014,49.187511],[-118.050014,49.212509],[-118.075013,49.212506],[-118.075013,49.200006]]],[[[-118.375015,49.162507],[-118.375015,49.150006],[-118.325013,49.150006],[-118.325013,49.200006],[-118.375015,49.200006],[-118.375015,49.162507]]],[[[-118.925014,49.150006],[-118.925014,49.137509],[-118.900015,49.137512],[-118.900015,49.150006],[-118.925014,49.150006]]],[[[-118.075013,49.087506],[-118.075013,49.062508],[-118.050014,49.062511],[-118.050014,49.087509],[-118.075013,49.087506]]],[[[-118.349996,49.100006],[-118.350015,49.087509],[-118.325013,49.087506],[-118.325013,49.100006],[-118.329162,49.100006],[-118.349996,49.100006]]],[[[-118.425014,49.075018],[-118.425014,49.062508],[-118.400015,49.062511],[-118.400015,49.07502],[-118.425014,49.075018]]],[[[-118.250015,49.73751],[-118.250015,49.750006],[-118.275014,49.750006],[-118.275014,49.737507],[-118.250015,49.73751]]],[[[-118.575014,49.762509],[-118.575014,49.787507],[-118.600015,49.787509],[-118.600015,49.762512],[-118.575014,49.762509]]],[[[-118.200015,49.775017],[-118.200015,49.787509],[-118.225015,49.787507],[-118.225015,49.775014],[-118.200015,49.775017]]],[[[-118.350015,49.800006],[-118.350015,49.812511],[-118.375015,49.812508],[-118.375015,49.800006],[-118.350015,49.800006]]],[[[-118.225015,49.812508],[-118.225015,49.825017],[-118.250015,49.825009],[-118.250015,49.812511],[-118.225015,49.812508]]],[[[-118.375015,49.837506],[-118.375015,49.850006],[-118.400015,49.850006],[-118.400015,49.837509],[-118.375015,49.837506]]],[[[-118.675014,49.900006],[-118.675014,49.887509],[-118.650014,49.887512],[-118.650014,49.900006],[-118.675014,49.900006]]],[[[-118.875015,49.787507],[-118.875015,49.775014],[-118.850015,49.775006],[-118.850015,49.762512],[-118.825014,49.762509],[-118.825014,49.775014],[-118.800015,49.775017],[-118.800015,49.800006],[-118.825014,49.800006],[-118.825014,49.812508],[-118.800015,49.812511],[-118.800015,49.82502],[-118.775014,49.825017],[-118.775014,49.875017],[-118.825014,49.875017],[-118.825014,49.825017],[-118.850015,49.825009],[-118.850015,49.787509],[-118.875015,49.787507]]],[[[-125.775016,50.137508],[-125.775016,50.175015],[-125.800016,50.175018],[-125.800016,50.200005],[-125.825015,50.200005],[-125.825015,50.225014],[-125.850017,50.225006],[-125.850017,50.250005],[-125.875016,50.250005],[-125.875016,50.275013],[-125.900016,50.275016],[-125.900016,50.300005],[-125.925015,50.300005],[-125.925015,50.262508],[-125.900016,50.262511],[-125.900016,50.237509],[-125.875016,50.237506],[-125.875016,50.212505],[-125.850017,50.212508],[-125.850016,50.18751],[-125.825015,50.187507],[-125.825015,50.162506],[-125.800016,50.162509],[-125.800016,50.137511],[-125.775016,50.137508]]],[[[-125.925015,50.300005],[-125.925015,50.325016],[-125.950015,50.325008],[-125.950015,50.300005],[-125.925015,50.300005]]],[[[-125.950015,50.325008],[-125.950015,50.350005],[-125.975017,50.350005],[-125.975017,50.325016],[-125.950015,50.325008]]],[[[-125.975017,50.362506],[-125.975017,50.375016],[-126.000016,50.375018],[-126.000016,50.362509],[-125.975017,50.362506]]],[[[-118.600015,50.262512],[-118.600015,50.275017],[-118.575014,50.275014],[-118.575014,50.312508],[-118.625015,50.312508],[-118.625015,50.300006],[-118.649996,50.300006],[-118.675014,50.300006],[-118.675014,50.325017],[-118.700015,50.32502],[-118.700015,50.312511],[-118.725015,50.312508],[-118.725015,50.375017],[-118.750015,50.375008],[-118.750015,50.387512],[-118.775015,50.387509],[-118.775015,50.425016],[-118.800015,50.425019],[-118.800015,50.437511],[-118.825014,50.437508],[-118.825014,50.462506],[-118.850015,50.462509],[-118.850015,50.475007],[-118.875015,50.475015],[-118.875015,50.462506],[-118.900015,50.462509],[-118.900015,50.500006],[-118.875015,50.500006],[-118.875015,50.525014],[-118.850015,50.525006],[-118.850015,50.537509],[-118.875015,50.537507],[-118.875015,50.550006],[-118.925014,50.550006],[-118.925014,50.562508],[-118.975015,50.562508],[-118.975015,50.575017],[-119.050014,50.575009],[-119.050014,50.587509],[-119.100015,50.587509],[-119.100015,50.550006],[-119.125015,50.550006],[-119.125015,50.537507],[-119.175014,50.537507],[-119.175014,50.550006],[-119.150015,50.550006],[-119.150015,50.562511],[-119.175014,50.562508],[-119.175014,50.600006],[-119.250015,50.600006],[-119.250015,50.575009],[-119.275015,50.575017],[-119.275015,50.562508],[-119.300015,50.562511],[-119.300015,50.550006],[-119.325014,50.550006],[-119.325014,50.537506],[-119.350016,50.537509],[-119.350016,50.512512],[-119.375015,50.512509],[-119.375015,50.500006],[-119.400015,50.500006],[-119.400015,50.475018],[-119.425014,50.475015],[-119.425014,50.462506],[-119.450014,50.462509],[-119.450014,50.450006],[-119.475016,50.450006],[-119.475016,50.425016],[-119.675014,50.425016],[-119.675014,50.337506],[-119.650015,50.337509],[-119.650015,50.325009],[-119.625015,50.325017],[-119.625015,50.312508],[-119.675014,50.312508],[-119.675014,50.275014],[-119.650015,50.275006],[-119.650015,50.262512],[-119.675014,50.262509],[-119.675014,50.150006],[-119.700015,50.150006],[-119.700015,49.837509],[-119.725015,49.837506],[-119.725015,49.825017],[-119.750015,49.825009],[-119.750015,49.800006],[-119.775015,49.800006],[-119.775015,49.787506],[-119.575014,49.787506],[-119.575014,49.775014],[-119.475015,49.775014],[-119.475015,49.762509],[-119.500015,49.762512],[-119.500015,49.287509],[-119.475015,49.287506],[-119.475015,49.312508],[-119.450014,49.312511],[-119.450014,49.36251],[-119.425014,49.362507],[-119.425014,49.400006],[-119.400015,49.400006],[-119.400015,49.450006],[-119.375015,49.450006],[-119.375015,49.462506],[-119.375015,49.500006],[-119.350015,49.500006],[-119.350015,49.537509],[-119.350015,49.562511],[-119.325014,49.562508],[-119.325014,49.600006],[-119.300015,49.600006],[-119.300015,49.650006],[-119.275015,49.650006],[-119.275015,49.700006],[-119.250015,49.700006],[-119.250015,49.750006],[-119.225015,49.750006],[-119.225015,49.800006],[-119.200015,49.800006],[-119.200015,49.850006],[-119.175014,49.850006],[-119.175014,49.900006],[-119.150015,49.900006],[-119.150015,49.937511],[-119.125015,49.937508],[-119.125015,49.987507],[-119.300015,49.98751],[-119.300015,49.950006],[-119.300015,49.937511],[-119.300015,49.887512],[-119.325014,49.887509],[-119.325014,49.787506],[-119.375015,49.787506],[-119.375015,49.800006],[-119.400015,49.800006],[-119.400015,49.787509],[-119.425014,49.787506],[-119.450014,49.787509],[-119.450014,49.850006],[-119.425014,49.850006],[-119.425014,49.950006],[-119.400015,49.950006],[-119.400015,50.050006],[-119.375015,50.050006],[-119.375015,50.150006],[-119.350015,50.150006],[-119.350015,50.262512],[-119.325014,50.262509],[-119.325014,50.375016],[-119.300015,50.375019],[-119.300015,50.412509],[-119.275015,50.412506],[-119.275015,50.400006],[-119.225015,50.400006],[-119.225015,50.312508],[-119.250015,50.312511],[-119.250015,50.275006],[-119.200015,50.275017],[-119.175014,50.275014],[-119.175014,50.262509],[-119.125015,50.262509],[-119.125015,50.275014],[-119.050014,50.275006],[-119.050014,50.262512],[-119.025015,50.262509],[-119.025015,50.275014],[-118.850015,50.275006],[-118.850015,50.262512],[-118.825014,50.262509],[-118.825014,50.275014],[-118.800015,50.275017],[-118.800015,50.262512],[-118.775015,50.262509],[-118.775015,50.275014],[-118.725015,50.275014],[-118.725015,50.262509],[-118.600015,50.262512]]],[[[-119.425014,50.325017],[-119.450014,50.325009],[-119.450014,50.312511],[-119.400015,50.312511],[-119.400015,50.32502],[-119.375015,50.325017],[-119.375015,50.337506],[-119.350015,50.337509],[-119.350015,50.387512],[-119.375015,50.387509],[-119.375015,50.375016],[-119.400015,50.375019],[-119.400015,50.36251],[-119.425014,50.362507],[-119.425014,50.325017]]],[[[-119.500015,50.275017],[-119.500015,50.262512],[-119.475015,50.262509],[-119.475015,50.275014],[-119.450014,50.275006],[-119.450014,50.287509],[-119.425014,50.287506],[-119.425014,50.300006],[-119.475015,50.300006],[-119.475015,50.287506],[-119.500015,50.287509],[-119.500015,50.275017]]],[[[-119.450014,50.262512],[-119.450014,50.250006],[-119.425014,50.250006],[-119.425014,50.262509],[-119.450014,50.262512]]],[[[-119.450014,50.150006],[-119.475015,50.150006],[-119.475015,50.125016],[-119.450014,50.125008],[-119.450014,50.150006],[-119.425014,50.150006],[-119.425014,50.175016],[-119.450014,50.175007],[-119.450014,50.187511],[-119.475015,50.187508],[-119.475015,50.162506],[-119.450014,50.162509],[-119.450014,50.150006]]],[[[-119.550014,49.825009],[-119.575014,49.825017],[-119.575014,49.812508],[-119.550014,49.812511],[-119.550014,49.825009],[-119.525015,49.825017],[-119.525015,49.837506],[-119.550014,49.837509],[-119.550014,49.825009]]],[[[-121.725016,51.225015],[-121.750016,51.225006],[-121.750016,51.212508],[-121.675015,51.212505],[-121.425015,51.212506],[-121.425015,51.225015],[-121.675015,51.225015],[-121.725016,51.225015]]],[[[-121.375016,51.212506],[-121.375016,51.225015],[-121.400016,51.225017],[-121.400016,51.212508],[-121.375016,51.212506]]],[[[-120.700016,51.200006],[-120.700016,51.212508],[-121.100016,51.212508],[-121.100016,51.200006],[-120.800016,51.200006],[-120.779163,51.200006],[-120.774996,51.200006],[-120.754163,51.200006],[-120.749996,51.200006],[-120.729163,51.200006],[-120.724996,51.200006],[-120.700016,51.200006]]],[[[-120.425015,51.187508],[-120.425015,51.200006],[-120.450014,51.200006],[-120.450014,51.187511],[-120.425015,51.187508]]],[[[-122.350017,53.200006],[-122.600017,53.200006],[-122.624997,53.200006],[-122.629164,53.200006],[-122.649997,53.200006],[-122.650016,53.212508],[-122.700017,53.212508],[-122.700017,53.200006],[-122.724997,53.200006],[-122.729164,53.200006],[-122.749997,53.200006],[-122.754164,53.200006],[-122.774997,53.200006],[-122.775016,53.212505],[-122.875017,53.212505],[-122.875017,53.200006],[-122.925016,53.200006],[-122.925016,53.212505],[-122.950016,53.212508],[-122.950015,53.200006],[-122.974997,53.200006],[-123.025016,53.200006],[-123.025016,53.212505],[-123.050016,53.212508],[-123.050016,53.200006],[-123.125017,53.200006],[-123.125017,53.212505],[-123.175016,53.212505],[-123.200017,53.212508],[-123.275016,53.212505],[-123.275016,53.200006],[-123.675016,53.200006],[-123.725017,53.200006],[-123.800017,53.200006],[-123.800017,53.18751],[-123.350017,53.18751],[-123.350017,53.175007],[-123.325016,53.175015],[-123.325016,53.187508],[-122.425016,53.187508],[-122.425016,53.175015],[-122.350017,53.175007],[-122.350017,53.18751],[-122.350017,53.200006]]],[[[-122.350017,53.200006],[-122.325015,53.200006],[-122.300017,53.200006],[-122.275016,53.200006],[-122.200017,53.200006],[-122.075015,53.200006],[-122.075016,53.700006],[-122.175016,53.700006],[-122.175016,53.712506],[-122.200017,53.712508],[-122.200017,53.700006],[-122.250017,53.700006],[-122.250017,53.712508],[-122.275016,53.712506],[-122.275016,53.700006],[-122.350017,53.700006],[-122.350017,53.675007],[-122.300017,53.675017],[-122.300017,53.637511],[-122.325016,53.637509],[-122.325016,53.612507],[-122.300017,53.61251],[-122.300017,53.600006],[-122.275016,53.600006],[-122.275016,53.562508],[-122.250017,53.56251],[-122.250017,53.500006],[-122.225017,53.500006],[-122.225017,53.462506],[-122.200017,53.462508],[-122.200017,53.425018],[-122.225017,53.425015],[-122.225017,53.412506],[-122.275016,53.412506],[-122.275016,53.400006],[-122.300017,53.400006],[-122.300017,53.36251],[-122.350017,53.36251],[-122.350017,53.200006]]],[[[-122.250017,53.712508],[-122.225017,53.712506],[-122.225017,53.725014],[-122.250017,53.725006],[-122.250017,53.712508]]],[[[-122.275016,53.712506],[-122.275016,53.737507],[-122.250017,53.73751],[-122.250017,53.762511],[-122.300017,53.762511],[-122.300017,53.750006],[-122.325016,53.750006],[-122.325016,53.737507],[-122.350017,53.73751],[-122.350017,53.725006],[-122.300017,53.725017],[-122.300017,53.712508],[-122.275016,53.712506]]],[[[-122.19583,53.750006],[-122.175016,53.750006],[-122.175016,53.762509],[-122.200017,53.762511],[-122.200017,53.750006],[-122.19583,53.750006]]],[[[-122.300017,53.787509],[-122.250017,53.787509],[-122.250017,53.800006],[-122.325016,53.800006],[-122.325016,53.787506],[-122.300017,53.787509]]],[[[-124.800017,53.650006],[-124.800017,53.612509],[-124.775017,53.612507],[-124.775017,53.187507],[-124.725017,53.187507],[-124.725017,53.287506],[-124.750017,53.287509],[-124.750017,53.325008],[-124.725017,53.325016],[-124.725017,53.337505],[-124.750017,53.337508],[-124.750017,53.425007],[-124.725017,53.425015],[-124.725017,53.437507],[-124.750017,53.43751],[-124.750017,53.875007],[-124.775017,53.875015],[-124.775017,54.025013],[-124.800017,54.025016],[-124.800017,54.000006],[-124.800017,53.950006],[-124.800017,53.900006],[-124.800017,53.850006],[-124.800017,53.800006],[-124.800017,53.700006],[-124.800017,53.650006]]],[[[-124.700017,53.600006],[-124.700017,53.200006],[-124.650017,53.200006],[-124.650017,53.250006],[-124.675016,53.250006],[-124.675016,53.850006],[-124.700017,53.850006],[-124.700017,54.025016],[-124.725018,54.025013],[-124.725018,53.825016],[-124.700017,53.825019],[-124.700017,53.81251],[-124.725018,53.812507],[-124.725018,53.800006],[-124.700017,53.800006],[-124.700017,53.600006]]],[[[-120.700017,54.550006],[-120.700017,54.562511],[-120.725017,54.562508],[-120.725017,54.525013],[-120.700017,54.525016],[-120.700017,54.512511],[-120.675016,54.512509],[-120.675016,54.537506],[-120.700017,54.537509],[-120.700017,54.550006]]],[[[-125.375017,54.187507],[-125.375017,54.200005],[-125.400017,54.200005],[-125.400018,54.43751],[-125.425017,54.437507],[-125.425017,54.450005],[-125.400018,54.450005],[-125.400018,54.475016],[-125.425017,54.475014],[-125.425017,54.862507],[-125.475018,54.862507],[-125.475018,54.462505],[-125.500018,54.462508],[-125.500018,54.450005],[-125.475018,54.450005],[-125.475018,54.400005],[-125.450016,54.400005],[-125.450016,54.025005],[-125.500017,54.025015],[-125.500017,53.875018],[-125.475018,53.875015],[-125.475018,53.475014],[-125.450016,53.475006],[-125.450016,53.425007],[-125.475018,53.425014],[-125.475017,53.400005],[-125.450016,53.400005],[-125.450016,53.175007],[-125.300017,53.175017],[-125.300017,53.18751],[-125.150017,53.18751],[-125.150017,53.625007],[-125.175016,53.625015],[-125.175017,54.025013],[-125.375017,54.025013],[-125.375017,54.037506],[-125.375017,54.100005],[-125.375017,54.112507],[-125.375017,54.187507]]],[[[-125.000017,54.300006],[-125.000017,54.087508],[-124.975018,54.087505],[-124.975018,54.050006],[-124.925017,54.050006],[-124.925017,54.537506],[-124.950016,54.537508],[-124.950016,54.550006],[-124.925017,54.550006],[-124.925017,54.562507],[-124.950016,54.56251],[-124.950016,54.875007],[-125.025017,54.875015],[-125.025017,54.662506],[-125.000018,54.662508],[-125.000018,54.650006],[-125.000018,54.637511],[-125.025017,54.637508],[-125.025017,54.625015],[-125.000018,54.625018],[-125.000017,54.600006],[-125.000017,54.500006],[-125.000017,54.450006],[-125.000017,54.425017],[-125.000017,54.400006],[-125.000017,54.300006]]],[[[-121.775017,55.225014],[-121.800017,55.225016],[-121.800017,55.212508],[-121.775017,55.212506],[-121.775017,55.225014]]],[[[-123.150017,55.387511],[-123.150017,55.400006],[-123.400018,55.400006],[-123.400018,55.387511],[-123.375018,55.387508],[-123.375018,55.362507],[-123.350018,55.362509],[-123.350018,55.350006],[-123.300018,55.350006],[-123.300018,55.325018],[-123.250018,55.325008],[-123.250018,55.31251],[-123.200018,55.31251],[-123.200017,55.300006],[-123.050017,55.300006],[-123.050017,55.325008],[-123.075016,55.325016],[-123.075016,55.350006],[-123.100017,55.350006],[-123.100018,55.362509],[-123.125017,55.362507],[-123.125018,55.375015],[-123.150017,55.375008],[-123.150017,55.387511]]],[[[-124.000018,55.700006],[-124.000018,55.637511],[-124.050017,55.637511],[-124.050017,55.612509],[-124.075017,55.612507],[-124.075017,55.600006],[-124.050017,55.600006],[-124.050017,55.537509],[-124.025017,55.537506],[-124.025017,55.500006],[-124.000018,55.500006],[-124.000018,55.462508],[-124.050017,55.462508],[-124.050017,55.487509],[-124.075017,55.487507],[-124.075017,55.512508],[-124.100018,55.512511],[-124.100018,55.537509],[-124.150017,55.537509],[-124.150017,55.550006],[-124.250018,55.550006],[-124.250018,55.487509],[-124.275017,55.487507],[-124.275017,55.475014],[-124.300018,55.475016],[-124.300018,55.462508],[-124.350018,55.462508],[-124.350018,55.450006],[-124.375018,55.450006],[-124.375018,55.437508],[-124.450017,55.43751],[-124.450017,55.462508],[-124.475018,55.462505],[-124.475018,55.487507],[-124.500018,55.487509],[-124.500018,55.500006],[-124.525017,55.500006],[-124.525017,55.525013],[-124.550017,55.525005],[-124.550017,55.537509],[-124.575017,55.537506],[-124.575017,55.550006],[-124.625018,55.550006],[-124.625018,55.537506],[-124.675017,55.537506],[-124.675017,55.562508],[-124.700018,55.56251],[-124.700018,55.550006],[-124.725018,55.550006],[-124.725018,55.537506],[-124.750018,55.537508],[-124.750018,55.525005],[-124.775017,55.525013],[-124.775017,55.512508],[-124.825017,55.512508],[-124.825017,55.500006],[-124.850018,55.500006],[-124.850018,55.487509],[-124.875018,55.487507],[-124.875018,55.475013],[-124.900018,55.475016],[-124.900018,55.462508],[-124.950017,55.462508],[-124.950017,55.43751],[-124.925017,55.437507],[-124.925017,55.412506],[-124.900018,55.412508],[-124.900018,55.387511],[-124.875018,55.387508],[-124.875018,55.375015],[-124.850018,55.375007],[-124.850018,55.350006],[-124.825017,55.350006],[-124.825017,55.325016],[-124.800018,55.325018],[-124.800018,55.31251],[-124.775017,55.312508],[-124.775017,55.287506],[-124.750018,55.287508],[-124.750018,55.275005],[-124.725018,55.275013],[-124.725018,55.250006],[-124.700018,55.250006],[-124.700018,55.225016],[-124.675017,55.225014],[-124.674998,55.200006],[-124.654164,55.200006],[-124.650017,55.200006],[-124.650017,55.18751],[-124.625018,55.187508],[-124.625018,55.162506],[-124.600018,55.162509],[-124.600018,55.150006],[-124.600018,55.137511],[-124.575017,55.137508],[-124.575016,55.125015],[-124.550017,55.125008],[-124.549998,55.100006],[-124.529164,55.100006],[-124.525017,55.100006],[-124.525017,55.075016],[-124.500018,55.075018],[-124.500018,55.06251],[-124.475018,55.062508],[-124.475018,55.037506],[-124.450016,55.037509],[-124.450016,55.012511],[-124.425017,55.012508],[-124.424998,55.000006],[-124.400018,55.000006],[-124.400018,54.975016],[-124.375018,54.975014],[-124.375018,54.950006],[-124.350018,54.950006],[-124.350018,54.925007],[-124.325016,54.925014],[-124.325016,54.912506],[-124.300018,54.912509],[-124.300017,54.887511],[-124.200017,54.887511],[-124.200017,54.900006],[-124.179164,54.900006],[-124.174998,54.900006],[-124.154164,54.900006],[-124.149998,54.900006],[-124.129164,54.900006],[-124.124998,54.900006],[-124.079164,54.900006],[-124.074998,54.900006],[-124.054164,54.900006],[-124.049998,54.900006],[-124.029164,54.900006],[-124.025017,54.900006],[-124.025017,54.912506],[-122.850018,54.912509],[-122.850018,54.900006],[-122.850018,54.725006],[-122.825016,54.725014],[-122.825016,54.687508],[-122.850018,54.68751],[-122.850018,54.600006],[-122.850017,54.075008],[-122.375017,54.075016],[-122.375017,54.062508],[-122.350017,54.06251],[-122.350017,54.000006],[-122.350017,53.98751],[-122.325016,53.987507],[-122.325016,53.962506],[-122.350017,53.962508],[-122.350017,53.875008],[-122.350017,53.86251],[-122.300017,53.86251],[-122.300017,53.850006],[-122.200017,53.850006],[-122.200017,53.81251],[-122.225017,53.812508],[-122.225017,53.787506],[-122.200017,53.787509],[-122.200017,53.800006],[-122.150016,53.800006],[-122.150016,53.762511],[-122.125017,53.762509],[-122.125017,53.800006],[-122.075016,53.800006],[-122.075016,53.962506],[-122.050016,53.962508],[-122.050016,53.950006],[-122.025016,53.950006],[-122.025016,53.937508],[-122.000017,53.93751],[-122.000017,53.912509],[-121.975017,53.912506],[-121.975017,53.900006],[-121.900017,53.900006],[-121.900017,53.887511],[-121.950016,53.887511],[-121.950016,53.875008],[-121.925016,53.875016],[-121.925016,53.862507],[-121.900017,53.86251],[-121.900017,53.837508],[-121.875017,53.837506],[-121.875017,53.825016],[-121.850017,53.825009],[-121.850017,53.800006],[-121.825016,53.800006],[-121.825016,53.787506],[-121.800017,53.787509],[-121.800017,53.762511],[-121.775016,53.762509],[-121.775016,53.750006],[-121.750017,53.750006],[-121.750017,53.73751],[-121.725017,53.737507],[-121.725017,53.750006],[-121.700017,53.750006],[-121.700017,53.787509],[-121.725017,53.787506],[-121.725017,53.812508],[-121.700017,53.81251],[-121.700017,53.825019],[-121.725017,53.825016],[-121.725017,53.837506],[-121.750017,53.837508],[-121.750017,53.875008],[-121.725017,53.875016],[-121.725017,53.887509],[-121.700017,53.887511],[-121.700017,53.900006],[-121.679164,53.900006],[-121.675016,53.900006],[-121.675016,53.912506],[-121.625017,53.912506],[-121.624997,53.900006],[-121.600017,53.900006],[-121.600017,53.875018],[-121.575016,53.875016],[-121.575015,53.862507],[-121.550016,53.86251],[-121.550016,53.850006],[-121.525016,53.850006],[-121.525016,53.825016],[-121.500017,53.825019],[-121.500017,53.850006],[-121.450015,53.850006],[-121.450015,53.86251],[-121.425016,53.862507],[-121.425016,53.875016],[-121.450015,53.875008],[-121.450015,53.900006],[-121.475017,53.900006],[-121.475017,53.912506],[-121.500017,53.912509],[-121.500017,53.93751],[-121.525016,53.937508],[-121.525016,53.950006],[-121.550016,53.950006],[-121.550016,53.975006],[-121.575016,53.975014],[-121.575016,53.987507],[-121.600017,53.98751],[-121.600017,54.000006],[-121.625017,54.000006],[-121.625017,54.025013],[-121.650016,54.025006],[-121.650016,54.037509],[-121.675016,54.037506],[-121.675016,54.062508],[-121.700017,54.06251],[-121.700017,54.087508],[-121.725017,54.087506],[-121.725017,54.100006],[-121.750017,54.100006],[-121.750017,54.125008],[-121.775016,54.125016],[-121.775016,54.137509],[-121.800017,54.137511],[-121.800017,54.162509],[-121.825016,54.162506],[-121.825016,54.175015],[-121.850017,54.175007],[-121.850017,54.200006],[-121.875017,54.200006],[-121.875017,54.212506],[-121.900017,54.212508],[-121.900017,54.23751],[-121.925016,54.237507],[-121.925016,54.250006],[-121.950016,54.250006],[-121.950016,54.262511],[-121.975017,54.262509],[-121.975017,54.287506],[-122.000017,54.287509],[-122.000017,54.300006],[-122.024997,54.300006],[-122.025017,54.325016],[-122.050016,54.325009],[-122.050016,54.337508],[-122.075016,54.337506],[-122.075016,54.362507],[-122.100017,54.36251],[-122.100017,54.375018],[-122.125017,54.375016],[-122.125017,54.400006],[-122.150017,54.400006],[-122.150017,54.587508],[-122.125017,54.587506],[-122.125017,54.612507],[-122.150017,54.61251],[-122.150017,54.625008],[-122.125017,54.625015],[-122.125017,54.637509],[-122.150017,54.637511],[-122.150017,54.650006],[-122.225017,54.650006],[-122.225017,54.712506],[-122.375017,54.712506],[-122.375017,54.862507],[-122.450016,54.86251],[-122.450016,54.887511],[-122.500017,54.887511],[-122.500017,54.900006],[-122.525017,54.900006],[-122.525017,54.912506],[-122.550016,54.912509],[-122.550016,54.93751],[-122.575016,54.937508],[-122.575016,54.950006],[-122.600017,54.950006],[-122.600017,54.975016],[-122.625017,54.975014],[-122.625017,55.000006],[-122.650017,55.000006],[-122.650017,55.012511],[-122.675017,55.012509],[-122.675017,55.037506],[-122.725018,55.037506],[-122.725018,55.062508],[-122.750017,55.06251],[-122.750017,55.087508],[-122.775017,55.087505],[-122.775017,55.100006],[-123.000017,55.100006],[-123.000017,55.200006],[-123.350018,55.200006],[-123.350018,55.087508],[-123.375017,55.087505],[-123.375017,55.050006],[-123.350018,55.050006],[-123.350018,55.037509],[-123.400017,55.037509],[-123.400017,55.050006],[-123.425017,55.050006],[-123.425017,55.112507],[-123.450016,55.112509],[-123.450016,55.175007],[-123.475018,55.175014],[-123.475018,55.200006],[-123.525017,55.200006],[-123.525017,55.175014],[-123.550017,55.175007],[-123.550017,55.18751],[-123.575016,55.187508],[-123.575016,55.200006],[-124.000018,55.200006],[-124.000018,55.250006],[-124.000018,55.300006],[-124.000018,55.400006],[-123.800018,55.400006],[-123.800018,55.425017],[-123.850018,55.425007],[-123.850018,55.462508],[-123.825017,55.462505],[-123.825017,55.512508],[-123.850018,55.512511],[-123.850018,55.575008],[-123.875018,55.575016],[-123.875018,55.587505],[-123.825017,55.587505],[-123.825017,55.575016],[-123.800018,55.575018],[-123.800018,55.550006],[-123.775017,55.550006],[-123.775017,55.525013],[-123.750018,55.525005],[-123.750018,55.512511],[-123.725018,55.512508],[-123.725018,55.500006],[-123.700018,55.500006],[-123.700018,55.512511],[-123.675017,55.512508],[-123.675017,55.500006],[-123.600018,55.500006],[-123.600018,55.525015],[-123.575017,55.525013],[-123.575016,55.512508],[-123.550017,55.512511],[-123.550017,55.500006],[-123.500018,55.500006],[-123.500018,55.512511],[-123.525017,55.512508],[-123.525017,55.525013],[-123.550017,55.525005],[-123.550017,55.537509],[-123.575016,55.537506],[-123.575017,55.550006],[-123.600018,55.550006],[-123.600018,55.575018],[-123.550017,55.575008],[-123.550017,55.56251],[-123.525017,55.562508],[-123.525017,55.550006],[-123.500018,55.550006],[-123.500018,55.525015],[-123.450016,55.525005],[-123.450016,55.500006],[-123.300018,55.500006],[-123.300018,55.512511],[-123.325016,55.512508],[-123.325016,55.525013],[-123.350018,55.525005],[-123.350018,55.550006],[-123.375018,55.550006],[-123.375018,55.562508],[-123.400018,55.56251],[-123.400018,55.587508],[-123.425017,55.587505],[-123.425017,55.575016],[-123.525017,55.575016],[-123.525017,55.587505],[-123.550017,55.587508],[-123.550017,55.600006],[-123.750018,55.600006],[-123.750018,55.625008],[-123.800018,55.625018],[-123.800018,55.700006],[-124.000018,55.700006]]],[[[-123.950017,55.600006],[-123.950017,55.587508],[-123.925017,55.587505],[-123.925017,55.612507],[-123.950017,55.612509],[-123.950017,55.600006]]],[[[-123.950017,55.56251],[-123.950017,55.550006],[-123.925017,55.550006],[-123.925017,55.562508],[-123.950017,55.56251]]],[[[-123.925017,55.537506],[-123.925017,55.512508],[-123.875018,55.512508],[-123.875018,55.525013],[-123.900018,55.525015],[-123.900018,55.537509],[-123.925017,55.537506]]],[[[-122.800017,54.900006],[-122.800017,54.887511],[-122.775017,54.887509],[-122.775017,54.900006],[-122.800017,54.900006]]],[[[-122.825016,54.787506],[-122.825016,54.775013],[-122.800017,54.775016],[-122.800017,54.787509],[-122.825016,54.787506]]],[[[-122.500017,54.725016],[-122.500017,54.700006],[-122.475017,54.700006],[-122.475018,54.725014],[-122.500017,54.725016]]],[[[-122.450016,54.412509],[-122.450016,54.400006],[-122.425016,54.400006],[-122.425016,54.462506],[-122.450016,54.462508],[-122.450016,54.412509]]],[[[-122.500017,54.375018],[-122.500017,54.36251],[-122.475017,54.362507],[-122.475017,54.400006],[-122.500017,54.400006],[-122.500017,54.375018]]],[[[-122.429164,54.300006],[-122.425016,54.300006],[-122.425016,54.337506],[-122.450016,54.337508],[-122.449997,54.300006],[-122.429164,54.300006]]],[[[-123.100017,55.075019],[-123.100017,55.087508],[-123.125017,55.087505],[-123.125017,55.075016],[-123.100017,55.075019]]],[[[-123.225018,55.137508],[-123.225018,55.150006],[-123.250017,55.150006],[-123.250017,55.162509],[-123.325016,55.162506],[-123.325016,55.150006],[-123.300017,55.150006],[-123.300017,55.137511],[-123.275017,55.137508],[-123.275017,55.125015],[-123.225018,55.125015],[-123.225018,55.137508]]],[[[-123.725018,55.537506],[-123.725018,55.525013],[-123.700018,55.525015],[-123.700018,55.537509],[-123.725018,55.537506]]],[[[-124.000018,55.700006],[-124.000018,56.000006],[-124.325017,56.000006],[-124.325017,55.975013],[-124.300018,55.975016],[-124.300018,55.950006],[-124.275018,55.950006],[-124.275018,55.925014],[-124.250018,55.925007],[-124.250018,55.887511],[-124.225018,55.887508],[-124.225018,55.862507],[-124.200018,55.862509],[-124.200018,55.850006],[-124.175017,55.850006],[-124.175017,55.825016],[-124.150017,55.825008],[-124.150017,55.81251],[-124.125018,55.812508],[-124.125018,55.787506],[-124.100018,55.787509],[-124.100018,55.762511],[-124.075017,55.762508],[-124.075017,55.750006],[-124.050017,55.750006],[-124.050017,55.725006],[-124.025017,55.725014],[-124.025017,55.700006],[-124.000018,55.700006]]],[[[-120.700017,55.900006],[-120.450016,55.900006],[-120.450016,55.912509],[-121.575016,55.912506],[-121.575016,55.900006],[-120.725018,55.900006],[-120.700017,55.900006]]],[[[-121.625018,56.150006],[-121.650017,56.150006],[-121.650017,56.137511],[-121.725018,56.137509],[-121.725018,56.125015],[-121.775017,56.125015],[-121.775017,56.112507],[-121.650017,56.11251],[-121.650017,56.125008],[-121.625018,56.125015],[-121.625018,56.150006]]],[[[-121.795831,56.150006],[-121.775017,56.150006],[-121.775017,56.162506],[-121.800018,56.162509],[-121.800018,56.150006],[-121.795831,56.150006]]],[[[-121.775017,56.187508],[-121.850018,56.18751],[-121.850018,56.175007],[-121.775017,56.175015],[-121.775017,56.187508]]],[[[-121.650017,56.275006],[-121.650017,56.262511],[-121.625018,56.262509],[-121.625018,56.275013],[-121.650017,56.275006]]],[[[-121.650017,56.275006],[-121.650017,56.287509],[-121.675017,56.287506],[-121.675017,56.275013],[-121.650017,56.275006]]],[[[-122.600018,56.350006],[-122.625018,56.350006],[-122.625018,56.587506],[-122.650018,56.587508],[-122.650018,56.900006],[-122.675017,56.900006],[-122.675017,57.175014],[-122.750018,57.175007],[-122.750018,57.087508],[-122.725019,57.087506],[-122.725018,56.737507],[-122.700018,56.737509],[-122.700018,56.500006],[-122.675017,56.500006],[-122.675017,56.300006],[-122.600018,56.300006],[-122.600018,56.350006]]],[[[-121.775017,56.187508],[-121.750018,56.18751],[-121.750018,56.200006],[-121.625018,56.200006],[-121.625018,56.250006],[-121.700018,56.250006],[-121.700018,56.275015],[-121.725018,56.275013],[-121.725018,56.237507],[-121.750018,56.23751],[-121.750018,56.287509],[-121.800018,56.287509],[-122.350018,56.287509],[-122.350018,56.400006],[-122.350018,56.412509],[-122.375018,56.412506],[-122.375018,56.887509],[-122.400018,56.887511],[-122.400018,57.087508],[-122.400018,57.137511],[-122.425017,57.137509],[-122.425017,57.175014],[-122.600018,57.175017],[-122.600018,57.137511],[-122.575017,57.137509],[-122.575017,56.812508],[-122.550017,56.81251],[-122.550017,56.500006],[-122.525018,56.500006],[-122.525017,56.300006],[-122.375018,56.300006],[-122.375018,56.100006],[-122.350018,56.100006],[-122.350018,55.500006],[-122.275017,55.500006],[-122.275017,55.512509],[-122.225018,55.512509],[-122.225018,55.562508],[-122.200017,55.56251],[-122.200017,55.48751],[-122.225018,55.487507],[-122.225018,55.475014],[-122.200017,55.475016],[-122.200017,55.462508],[-122.175017,55.462506],[-122.175017,55.450006],[-122.150017,55.450006],[-122.150017,55.462508],[-122.125017,55.462506],[-122.125017,55.450006],[-122.100017,55.450006],[-122.100017,55.43751],[-122.075016,55.437508],[-122.075016,55.412506],[-122.100017,55.412509],[-122.100017,55.400006],[-122.075016,55.400006],[-122.075016,55.387509],[-122.050017,55.387511],[-122.050017,55.36251],[-122.025017,55.362507],[-122.025017,55.350006],[-122.000017,55.350006],[-122.000017,55.337508],[-121.975018,55.337506],[-121.975018,55.312508],[-121.950016,55.31251],[-121.950016,55.300006],[-121.925017,55.300006],[-121.925016,55.287506],[-121.900017,55.287509],[-121.900017,55.275016],[-121.875017,55.275013],[-121.875017,55.262509],[-121.850018,55.262511],[-121.850018,55.23751],[-121.775017,55.237507],[-121.775017,55.225014],[-121.750017,55.225006],[-121.750017,55.23751],[-121.700017,55.23751],[-121.700017,55.250006],[-121.675016,55.250006],[-121.675016,55.262509],[-121.650017,55.262511],[-121.650017,55.275006],[-121.625017,55.275013],[-121.625017,55.287506],[-121.650017,55.287509],[-121.650017,55.31251],[-121.675016,55.312508],[-121.675016,55.325016],[-121.600017,55.325019],[-121.600017,55.31251],[-121.575016,55.312508],[-121.574998,55.300006],[-121.554164,55.300006],[-121.550016,55.300006],[-121.550016,55.287509],[-121.525017,55.287506],[-121.525017,55.275013],[-121.500017,55.275016],[-121.500017,55.262511],[-121.475018,55.262509],[-121.475018,55.250006],[-121.425016,55.250006],[-121.425016,55.237507],[-121.375017,55.237507],[-121.375017,55.212506],[-121.300017,55.212508],[-121.300017,55.200006],[-121.275017,55.200006],[-121.275017,55.187508],[-121.250017,55.18751],[-121.250017,55.175007],[-121.200017,55.175017],[-121.200017,55.162509],[-121.175016,55.162506],[-121.175016,55.150006],[-121.150017,55.150006],[-121.150017,55.137511],[-121.125017,55.137509],[-121.125017,55.125016],[-121.075016,55.125016],[-121.075016,55.112507],[-121.050016,55.11251],[-121.049998,55.100006],[-121.029164,55.100006],[-121.025017,55.100006],[-121.025017,55.087506],[-120.975017,55.087506],[-120.975017,55.062508],[-120.950016,55.062511],[-120.950016,54.962508],[-120.875017,54.962506],[-120.875017,54.762509],[-120.825016,54.762509],[-120.825016,54.687508],[-120.800017,54.687511],[-120.800017,54.650006],[-120.750017,54.650006],[-120.750017,54.637511],[-120.725017,54.637509],[-120.725017,54.587506],[-120.700017,54.587508],[-120.700017,54.600006],[-120.675016,54.600006],[-120.675016,54.575016],[-120.650016,54.575009],[-120.650016,54.562511],[-120.675016,54.562508],[-120.675016,54.550006],[-120.600017,54.550006],[-120.600017,54.537509],[-120.625017,54.537507],[-120.625017,54.525013],[-120.650016,54.525006],[-120.650016,54.512511],[-120.000017,54.512511],[-120.000017,55.475017],[-120.000017,55.48751],[-120.025017,55.487507],[-120.025017,55.475014],[-120.025016,54.612507],[-120.075015,54.612507],[-120.075016,54.600006],[-120.100017,54.600006],[-120.100017,54.61251],[-120.150016,54.61251],[-120.150016,54.600006],[-120.250017,54.600006],[-120.250017,54.61251],[-120.275016,54.612507],[-120.275016,54.600006],[-120.300017,54.600006],[-120.300017,54.61251],[-120.325016,54.612507],[-120.325016,54.600006],[-120.450016,54.600006],[-120.450016,54.587508],[-120.475017,54.587506],[-120.475017,54.600006],[-120.500017,54.600006],[-120.500017,54.587508],[-120.525016,54.587506],[-120.525016,54.600006],[-120.575016,54.600006],[-120.600017,54.600006],[-120.625017,54.600006],[-120.625017,55.237507],[-120.625017,55.250006],[-120.650017,55.250006],[-120.650017,55.48751],[-120.950016,55.48751],[-120.950016,55.400006],[-120.954164,55.400006],[-120.974998,55.400006],[-120.979164,55.400006],[-121.024998,55.400006],[-121.025017,55.412506],[-121.050016,55.412509],[-121.050016,55.425007],[-121.075016,55.425015],[-121.075016,55.437508],[-121.125017,55.437508],[-121.125017,55.450006],[-121.150017,55.450006],[-121.150017,55.462508],[-121.175016,55.462506],[-121.175016,55.475014],[-121.225018,55.475014],[-121.225018,55.487507],[-121.250017,55.48751],[-121.250017,55.500006],[-121.254164,55.500006],[-121.274998,55.500006],[-121.275017,55.512509],[-121.325016,55.512509],[-121.325016,55.525013],[-121.350018,55.525006],[-121.350018,55.537509],[-121.375017,55.537506],[-121.375017,55.550006],[-121.425017,55.550006],[-121.425017,55.537506],[-121.450016,55.537509],[-121.450016,55.550006],[-121.425017,55.550006],[-121.425017,55.562508],[-121.450016,55.56251],[-121.450016,55.575009],[-121.475018,55.575016],[-121.475018,55.587506],[-121.575016,55.587506],[-121.575016,55.537506],[-121.600017,55.537509],[-121.600017,55.550006],[-121.600017,55.587508],[-121.625017,55.587506],[-121.625017,55.725014],[-121.650017,55.725006],[-121.650017,55.750006],[-121.625017,55.750006],[-121.625017,55.762509],[-121.650017,55.762511],[-121.650017,55.787509],[-121.625017,55.787506],[-121.625017,55.900006],[-121.600017,55.900006],[-121.600017,55.912509],[-121.625017,55.912506],[-121.625017,55.975014],[-121.650017,55.975006],[-121.650017,56.000006],[-121.625017,56.000006],[-121.625018,56.050006],[-121.650017,56.050006],[-121.650017,56.06251],[-121.625018,56.062508],[-121.625018,56.100006],[-121.675017,56.100006],[-121.675017,56.087506],[-121.700018,56.087508],[-121.700018,56.100006],[-121.925017,56.100006],[-121.925017,56.112507],[-121.900018,56.11251],[-121.900018,56.125018],[-121.950016,56.125008],[-121.950016,56.137511],[-121.975018,56.137509],[-121.975018,56.150006],[-122.000018,56.150006],[-122.000018,56.200006],[-121.950017,56.200006],[-121.950016,56.18751],[-121.925017,56.187508],[-121.925017,56.200006],[-121.775017,56.200006],[-121.775017,56.187508]]],[[[-121.975018,56.212506],[-121.975018,56.225014],[-122.000018,56.225016],[-122.000018,56.212508],[-121.975018,56.212506]]],[[[-121.750018,56.225006],[-121.750018,56.212508],[-121.725018,56.212506],[-121.725018,56.225014],[-121.750018,56.225006]]],[[[-121.675017,56.225014],[-121.675017,56.237507],[-121.700018,56.23751],[-121.700018,56.225016],[-121.675017,56.225014]]],[[[-121.750017,55.875008],[-121.750017,55.86251],[-121.725018,55.862507],[-121.725018,55.875015],[-121.750017,55.875008]]],[[[-121.700017,55.800006],[-121.700017,55.787509],[-121.675017,55.787506],[-121.675017,55.800006],[-121.700017,55.800006]]],[[[-121.750017,55.775006],[-121.750017,55.762511],[-121.725018,55.762509],[-121.725018,55.787506],[-121.750017,55.787509],[-121.750017,55.775006]]],[[[-121.725018,55.725014],[-121.750017,55.725006],[-121.750017,55.712508],[-121.725018,55.712506],[-121.725018,55.725014]]],[[[-122.125017,55.725014],[-122.125017,55.737507],[-122.150017,55.73751],[-122.150017,55.712508],[-122.125017,55.712506],[-122.125017,55.725014]]],[[[-122.100017,55.662509],[-122.100017,55.650006],[-122.075016,55.650006],[-122.075016,55.675015],[-122.100017,55.675017],[-122.100017,55.662509]]],[[[-122.100017,55.625018],[-122.100017,55.61251],[-122.075016,55.612507],[-122.075016,55.625015],[-122.100017,55.625018]]],[[[-122.125017,55.612507],[-122.125017,55.625015],[-122.150017,55.625008],[-122.150017,55.600006],[-122.125017,55.600006],[-122.125017,55.612507]]],[[[-122.100017,55.575019],[-122.100017,55.56251],[-122.075016,55.562508],[-122.075016,55.575016],[-122.100017,55.575019]]],[[[-121.750017,55.56251],[-121.750017,55.525006],[-121.725018,55.525013],[-121.725018,55.562508],[-121.750017,55.56251]]],[[[-122.075016,55.525013],[-122.075016,55.537506],[-122.125017,55.537506],[-122.125017,55.512509],[-122.100017,55.512511],[-122.100017,55.48751],[-122.075016,55.487507],[-122.075016,55.525013]]],[[[-121.925017,55.462506],[-121.925017,55.450006],[-121.900017,55.450006],[-121.900017,55.43751],[-121.875017,55.437508],[-121.875017,55.462506],[-121.925017,55.462506],[-121.925017,55.500006],[-121.975018,55.500006],[-121.975018,55.475014],[-121.950016,55.475006],[-121.950016,55.462508],[-121.925017,55.462506]]],[[[-121.975018,55.437508],[-121.975018,55.450006],[-122.025017,55.450006],[-122.025017,55.425015],[-121.975018,55.425015],[-121.975018,55.437508]]],[[[-122.074999,57.200006],[-122.054165,57.200006],[-122.050017,57.212508],[-122.075017,57.212506],[-122.074999,57.200006]]],[[[-122.100018,57.525015],[-122.100018,57.512511],[-122.075017,57.512509],[-122.075017,57.625015],[-122.100018,57.625017],[-122.100018,57.525015]]],[[[-123.000019,57.81251],[-123.025018,57.812508],[-123.025018,57.800006],[-123.000019,57.800006],[-123.000019,57.81251]]],[[[-122.800019,58.200006],[-122.800019,58.212508],[-122.825018,58.212506],[-122.825018,58.000006],[-122.800019,58.000006],[-122.800019,58.200006]]],[[[-122.975019,58.012509],[-122.975019,58.275012],[-123.000019,58.275015],[-123.000019,58.012511],[-122.975019,58.012509]]],[[[-121.550018,58.36251],[-121.550018,58.350006],[-121.525018,58.350006],[-121.525018,58.375015],[-121.550018,58.375008],[-121.550018,58.36251]]],[[[-121.150018,58.037509],[-121.150018,58.06251],[-121.175018,58.062508],[-121.175018,58.375015],[-121.300019,58.375017],[-121.300018,58.012511],[-121.150018,58.012511],[-121.150018,58.037509]]],[[[-121.550018,58.412509],[-121.550018,58.400006],[-121.525018,58.400006],[-121.525018,58.412506],[-121.550018,58.412509]]],[[[-120.275018,58.175014],[-120.275018,58.012509],[-120.250018,58.012511],[-120.250018,58.000006],[-120.225019,58.000006],[-120.225019,58.387509],[-120.275018,58.387509],[-120.275018,58.250006],[-120.250018,58.250006],[-120.250018,58.175007],[-120.275018,58.175014]]],[[[-122.450018,58.475006],[-122.450018,58.487509],[-122.525018,58.487507],[-122.525018,58.500006],[-122.550018,58.500006],[-122.550018,58.375008],[-122.525018,58.375015],[-122.525018,58.337506],[-122.500019,58.337508],[-122.500019,58.300006],[-122.525018,58.300006],[-122.525018,58.000006],[-122.500019,58.000006],[-122.500019,58.012511],[-122.425018,58.012509],[-122.425018,58.000006],[-122.325017,58.000006],[-122.325017,58.012509],[-122.300019,58.012511],[-122.300019,58.087508],[-122.325017,58.087506],[-122.325018,58.375015],[-122.350019,58.375008],[-122.350019,58.387511],[-122.325018,58.387509],[-122.325018,58.400006],[-122.350019,58.400006],[-122.350019,58.475006],[-122.450018,58.475006],[-122.450018,58.375008],[-122.425018,58.375015],[-122.425018,58.300006],[-122.450018,58.300006],[-122.450018,58.225006],[-122.475019,58.225013],[-122.475019,58.350006],[-122.500019,58.350006],[-122.500019,58.425016],[-122.475019,58.425014],[-122.475019,58.475013],[-122.450018,58.475006]]],[[[-122.475019,58.137509],[-122.475019,58.125015],[-122.450017,58.125008],[-122.450017,58.112509],[-122.425018,58.112507],[-122.425018,58.062508],[-122.400019,58.06251],[-122.400019,58.162509],[-122.450018,58.162509],[-122.450018,58.150006],[-122.475019,58.150006],[-122.475019,58.137509]]],[[[-122.825018,58.300006],[-122.825018,58.525012],[-122.850019,58.525006],[-122.850019,58.287509],[-122.825018,58.287506],[-122.825018,58.300006]]],[[[-123.450018,58.487509],[-123.400019,58.487509],[-123.400019,58.575018],[-123.425018,58.575015],[-123.425018,58.562508],[-123.450018,58.56251],[-123.450018,58.550006],[-123.475019,58.550006],[-123.475019,58.487507],[-123.450018,58.487509]]],[[[-123.250019,57.800006],[-123.250019,58.587508],[-123.300019,58.587508],[-123.300019,58.137511],[-123.275018,58.137509],[-123.275018,57.975013],[-123.300019,57.975016],[-123.300019,57.800006],[-123.250019,57.800006]]],[[[-122.850019,58.750006],[-122.850019,58.787509],[-122.875019,58.787506],[-122.875019,58.587506],[-122.850019,58.587508],[-122.850019,58.750006]]],[[[-122.500019,58.525015],[-122.500019,58.512511],[-122.400019,58.512511],[-122.400019,58.500006],[-122.350019,58.500006],[-122.350019,58.750006],[-122.375019,58.750006],[-122.375019,58.775013],[-122.450018,58.775006],[-122.450018,58.787509],[-122.575018,58.787506],[-122.575018,58.750006],[-122.550018,58.750006],[-122.550018,58.525006],[-122.500019,58.525015]]],[[[-122.475019,58.562508],[-122.475019,58.550006],[-122.450018,58.550006],[-122.450018,58.56251],[-122.475019,58.562508]]],[[[-121.175018,58.725013],[-121.175018,58.762509],[-121.200019,58.762511],[-121.200019,58.800006],[-121.325018,58.800006],[-121.325017,58.425014],[-121.300019,58.425017],[-121.300019,58.412509],[-121.175018,58.412507],[-121.175018,58.650006],[-121.175018,58.662507],[-121.175018,58.712506],[-121.175018,58.725013]]],[[[-123.100019,58.825018],[-123.075018,58.825015],[-123.075018,58.862507],[-123.150019,58.862509],[-123.150019,58.875008],[-123.22502,58.875015],[-123.225019,58.725013],[-123.200019,58.725015],[-123.200019,58.712508],[-123.225019,58.712505],[-123.225019,58.625015],[-123.075018,58.625015],[-123.075018,58.800006],[-123.100019,58.800006],[-123.100019,58.825018],[-123.150019,58.825009],[-123.150019,58.800006],[-123.200019,58.800006],[-123.200019,58.825018],[-123.150019,58.825009],[-123.150019,58.850006],[-123.100019,58.850006],[-123.100019,58.825018]]],[[[-120.275018,58.562508],[-120.275018,58.412507],[-120.225019,58.412507],[-120.225019,58.787507],[-120.250019,58.787509],[-120.250019,58.750006],[-120.275018,58.750006],[-120.275018,58.637509],[-120.250018,58.637511],[-120.250018,58.562511],[-120.275018,58.562508]]],[[[-123.425018,58.625015],[-123.425019,59.187508],[-123.500019,59.18751],[-123.500019,58.612509],[-123.475019,58.612507],[-123.475019,58.637509],[-123.450018,58.637511],[-123.450018,58.625008],[-123.425018,58.625015]]],[[[-123.47502,58.712505],[-123.47502,58.700006],[-123.450018,58.700006],[-123.450018,58.725006],[-123.47502,58.725013],[-123.47502,58.712505]]],[[[-123.200019,58.900006],[-123.100019,58.900006],[-123.100019,58.887511],[-123.075018,58.887509],[-123.075018,59.162506],[-123.125019,59.162506],[-123.125019,59.187508],[-123.22502,59.187508],[-123.22502,58.900006],[-123.200019,58.900006]]],[[[-122.100019,59.262511],[-122.100019,59.275015],[-122.125019,59.275012],[-122.125019,59.250006],[-122.100019,59.250006],[-122.100019,59.262511]]],[[[-120.850019,59.162509],[-120.850019,59.175007],[-120.625019,59.175014],[-120.625019,59.312508],[-121.100019,59.31251],[-121.100019,59.325018],[-121.525019,59.325016],[-121.525019,59.187508],[-121.400019,59.18751],[-121.400019,59.175016],[-120.875019,59.175014],[-120.875019,59.162507],[-120.850019,59.162509]]],[[[-121.500019,59.500006],[-121.500019,59.425016],[-121.525019,59.425014],[-121.525019,59.350006],[-121.425018,59.350006],[-121.425018,59.337506],[-121.375019,59.337506],[-121.375019,59.350006],[-121.300019,59.350006],[-121.300019,59.337508],[-121.075018,59.337506],[-120.600019,59.337508],[-120.600019,59.500006],[-121.500019,59.500006]]],[[[-122.075018,59.587506],[-122.075018,59.600006],[-122.100019,59.600006],[-122.100019,59.575018],[-122.075018,59.575015],[-122.075018,59.587506]]],[[[-121.900019,59.600006],[-122.000019,59.600006],[-122.000019,59.625017],[-122.025019,59.625015],[-122.025019,59.300006],[-122.050018,59.300006],[-122.050018,59.200006],[-122.025019,59.200006],[-122.025019,59.187508],[-121.925018,59.187508],[-121.925018,59.250006],[-121.900019,59.250006],[-121.900019,59.287509],[-121.925018,59.287506],[-121.925018,59.450006],[-121.900019,59.450006],[-121.900019,59.600006]]],[[[-121.500019,59.600006],[-121.200019,59.600006],[-121.200019,59.700006],[-121.47502,59.700006],[-121.47502,59.662507],[-121.500019,59.662509],[-121.500019,59.600006]]],[[[-121.100019,59.712508],[-121.100019,59.700006],[-121.075018,59.700006],[-121.075018,59.712506],[-121.100019,59.712508]]],[[[-121.100019,59.712508],[-121.100019,59.750006],[-121.200019,59.750006],[-121.200019,59.725016],[-121.125019,59.725013],[-121.125019,59.712506],[-121.100019,59.712508]]],[[[-122.000019,59.700006],[-121.900019,59.700006],[-121.900019,59.775015],[-121.900019,59.800006],[-122.000019,59.800006],[-122.000019,59.700006]]],[[[-124.425019,59.187508],[-124.425019,59.787506],[-124.47502,59.787506],[-124.47502,59.812508],[-124.425019,59.812508],[-124.425019,60.000006],[-124.550019,60.000006],[-124.550019,59.512511],[-124.525019,59.512508],[-124.525019,59.500006],[-124.550019,59.500006],[-124.550019,59.487509],[-124.525019,59.487507],[-124.525019,59.475013],[-124.550019,59.475006],[-124.550019,59.18751],[-124.425019,59.187508]]],[[[-121.875019,59.862507],[-121.87502,60.000006],[-121.97502,60.000006],[-121.97502,59.912506],[-122.00002,59.912509],[-122.00002,59.900006],[-121.90002,59.900006],[-121.900019,59.862509],[-121.875019,59.862507]]],[[[-120.550018,59.900006],[-120.550018,59.950006],[-120.525019,59.950006],[-120.525019,60.000006],[-120.575018,60.000006],[-120.575018,59.987507],[-120.600019,59.98751],[-120.600019,60.000006],[-121.450018,60.000006],[-121.450018,59.93751],[-121.47502,59.937508],[-121.47502,59.800006],[-121.150019,59.800006],[-121.150019,59.825009],[-121.200019,59.825018],[-121.200019,59.900006],[-120.625019,59.900006],[-120.625019,59.912507],[-120.600019,59.912509],[-120.600019,59.900006],[-120.550018,59.900006]]]]},"properties":{"id":"2025","year":2025,"era":"2025–2026","title":"2025 LiDAR availability","source_area_km2":44993.6,"display":"2025 · 44,993.6 km² source footprint","details":"Data-availability footprint published for 2025.\nSource footprint area: 44,993.6 km².\nThis is a simplified overview. Use the LidarBC portal to select and download individual product tiles."},"id":"2025"},{"type":"Feature","geometry":{"type":"Polygon","coordinates":[[[-122.85002,59.512511],[-122.85002,59.525006],[-122.875019,59.525012],[-122.875019,59.512509],[-122.85002,59.512511]]]},"properties":{"id":"2026","year":2026,"era":"2025–2026","title":"2026 LiDAR availability","source_area_km2":2,"display":"2026 · 2 km² source footprint","details":"Data-availability footprint published for 2026.\nSource footprint area: 2 km².\nThis is a simplified overview. Use the LidarBC portal to select and download individual product tiles."},"id":"2026"}]}
