{
  "type": "FeatureCollection",
  "name": "osm_crossings",
  "crs": {
    "type": "name",
    "properties": {
      "name": "EPSG:4326"
    }
  },
  "features": [
    {
      "type": "Feature",
      "geometry": {
        "type": "Point",
        "coordinates": [
          -122.7423133,
          53.9114651
        ]
      },
      "properties": {
        "x_26910": 516927.04891037446,
        "y_26910": 5973702.060341866,
        "name": "",
        "osm_type": "node",
        "osm_id": 33318782,
        "crossing_type": "uncontrolled",
        "marked": "yes",
        "signals": false,
        "tags": {
          "crossing": "uncontrolled",
          "crossing:markings": "yes",
          "highway": "crossing"
        }
      }
    },
    {
      "type": "Feature",
      "geometry": {
        "type": "Point",
        "coordinates": [
          -122.7459885,
          53.9133056
        ]
      },
      "properties": {
        "x_26910": 516684.8974469406,
        "y_26910": 5973905.960468038,
        "name": "",
        "osm_type": "node",
        "osm_id": 55177552,
        "crossing_type": "uncontrolled",
        "marked": "yes",
        "signals": false,
        "tags": {
          "crossing": "uncontrolled",
          "crossing:island": "no",
          "crossing_ref": "zebra",
          "highway": "crossing",
          "kerb": "raised",
          "tactile_paving": "no"
        }
      }
    },
    {
      "type": "Feature",
      "geometry": {
        "type": "Point",
        "coordinates": [
          -122.7880286,
          53.9226455
        ]
      },
      "properties": {
        "x_26910": 513920.3655606134,
        "y_26910": 5974936.031082542,
        "name": "",
        "osm_type": "node",
        "osm_id": 537062442,
        "crossing_type": "crossing",
        "marked": "",
        "signals": false,
        "tags": {
          "highway": "crossing"
        }
      }
    },
    {
      "type": "Feature",
      "geometry": {
        "type": "Point",
        "coordinates": [
          -122.7579318,
          53.9100211
        ]
      },
      "properties": {
        "x_26910": 515901.6437406409,
        "y_26910": 5973537.787248241,
        "name": "",
        "osm_type": "node",
        "osm_id": 537066245,
        "crossing_type": "traffic_signals",
        "marked": "yes",
        "signals": true,
        "tags": {
          "button_operated": "yes",
          "crossing": "traffic_signals",
          "crossing:island": "no",
          "highway": "crossing",
          "tactile_paving": "no",
          "traffic_signals:sound": "yes",
          "traffic_signals:vibration": "yes"
        }
      }
    },
    {
      "type": "Feature",
      "geometry": {
        "type": "Point",
        "coordinates": [
          -122.7798834,
          53.902199
        ]
      },
      "properties": {
        "x_26910": 514462.3303992305,
        "y_26910": 5972662.812300577,
        "name": "",
        "osm_type": "node",
        "osm_id": 537073442,
        "crossing_type": "marked",
        "marked": "yes",
        "signals": false,
        "tags": {
          "crossing": "marked",
          "highway": "crossing"
        }
      }
    },
    {
      "type": "Feature",
      "geometry": {
        "type": "Point",
        "coordinates": [
          -122.8335466,
          53.8403135
        ]
      },
      "properties": {
        "x_26910": 510952.65454238345,
        "y_26910": 5965767.948402465,
        "name": "",
        "osm_type": "node",
        "osm_id": 537082007,
        "crossing_type": "uncontrolled",
        "marked": "yes",
        "signals": false,
        "tags": {
          "crossing": "uncontrolled",
          "crossing:markings": "yes",
          "highway": "crossing"
        }
      }
    },
    {
      "type": "Feature",
      "geometry": {
        "type": "Point",
        "coordinates": [
          -122.791389,
          53.8649395
        ]
      },
      "properties": {
        "x_26910": 513718.57122440723,
        "y_26910": 5968515.106327334,
        "name": "",
        "osm_type": "node",
        "osm_id": 537086356,
        "crossing_type": "uncontrolled",
        "marked": "yes",
        "signals": false,
        "tags": {
          "crossing": "uncontrolled",
          "crossing:markings": "yes",
          "highway": "crossing"
        }
      }
    },
    {
      "type": "Feature",
      "geometry": {
        "type": "Point",
        "coordinates": [
          -122.76061,
          53.8983902
        ]
      },
      "properties": {
        "x_26910": 515730.0798549605,
        "y_26910": 5972243.154595999,
        "name": "",
        "osm_type": "node",
        "osm_id": 537090455,
        "crossing_type": "uncontrolled",
        "marked": "zebra",
        "signals": false,
        "tags": {
          "crossing": "uncontrolled",
          "crossing:island": "no",
          "crossing:markings": "zebra",
          "highway": "crossing"
        }
      }
    },
    {
      "type": "Feature",
      "geometry": {
        "type": "Point",
        "coordinates": [
          -122.7551515,
          53.8998731
        ]
      },
      "properties": {
        "x_26910": 516088.1821574481,
        "y_26910": 5972409.364143165,
        "name": "",
        "osm_type": "node",
        "osm_id": 537105250,
        "crossing_type": "zebra",
        "marked": "yes",
        "signals": false,
        "tags": {
          "crossing": "zebra",
          "crossing:island": "no",
          "highway": "crossing"
        }
      }
    },
    {
      "type": "Feature",
      "geometry": {
        "type": "Point",
        "coordinates": [
          -122.7675716,
          53.8969276
        ]
      },
      "properties": {
        "x_26910": 515273.17414806597,
        "y_26910": 5972078.906423321,
        "name": "",
        "osm_type": "node",
        "osm_id": 537107680,
        "crossing_type": "uncontrolled",
        "marked": "zebra",
        "signals": false,
        "tags": {
          "crossing": "uncontrolled",
          "crossing:markings": "zebra",
          "highway": "crossing"
        }
      }
    },
    {
      "type": "Feature",
      "geometry": {
        "type": "Point",
        "coordinates": [
          -122.752028,
          53.8989983
        ]
      },
      "properties": {
        "x_26910": 516293.75693645864,
        "y_26910": 5972312.74856376,
        "name": "",
        "osm_type": "node",
        "osm_id": 1318464855,
        "crossing_type": "zebra",
        "marked": "yes",
        "signals": false,
        "tags": {
          "crossing": "zebra",
          "crossing:island": "no",
          "highway": "crossing"
        }
      }
    },
    {
      "type": "Feature",
      "geometry": {
        "type": "Point",
        "coordinates": [
          -122.7670642,
          53.8890212
        ]
      },
      "properties": {
        "x_26910": 515309.40531833295,
        "y_26910": 5971199.363942619,
        "name": "",
        "osm_type": "node",
        "osm_id": 2613078542,
        "crossing_type": "uncontrolled",
        "marked": "zebra",
        "signals": false,
        "tags": {
          "crossing": "uncontrolled",
          "crossing:markings": "zebra",
          "highway": "crossing"
        }
      }
    },
    {
      "type": "Feature",
      "geometry": {
        "type": "Point",
        "coordinates": [
          -122.7676617,
          53.8890212
        ]
      },
      "properties": {
        "x_26910": 515270.1354663399,
        "y_26910": 5971199.235128599,
        "name": "",
        "osm_type": "node",
        "osm_id": 2613078547,
        "crossing_type": "uncontrolled",
        "marked": "zebra",
        "signals": false,
        "tags": {
          "crossing": "uncontrolled",
          "crossing:markings": "zebra",
          "highway": "crossing"
        }
      }
    },
    {
      "type": "Feature",
      "geometry": {
        "type": "Point",
        "coordinates": [
          -122.6791894,
          53.9068901
        ]
      },
      "properties": {
        "x_26910": 521075.8534260397,
        "y_26910": 5973209.970048013,
        "name": "",
        "osm_type": "node",
        "osm_id": 2966547914,
        "crossing_type": "uncontrolled",
        "marked": "yes",
        "signals": false,
        "tags": {
          "crossing": "uncontrolled",
          "crossing:markings": "yes",
          "highway": "crossing"
        }
      }
    },
    {
      "type": "Feature",
      "geometry": {
        "type": "Point",
        "coordinates": [
          -122.7638689,
          53.8957566
        ]
      },
      "properties": {
        "x_26910": 515516.91680944624,
        "y_26910": 5971949.426824227,
        "name": "",
        "osm_type": "node",
        "osm_id": 2967893497,
        "crossing_type": "uncontrolled",
        "marked": "zebra",
        "signals": false,
        "tags": {
          "crossing": "uncontrolled",
          "crossing:markings": "zebra",
          "highway": "crossing"
        }
      }
    },
    {
      "type": "Feature",
      "geometry": {
        "type": "Point",
        "coordinates": [
          -122.8242447,
          53.8492831
        ]
      },
      "properties": {
        "x_26910": 511562.2484940569,
        "y_26910": 5966767.358790168,
        "name": "",
        "osm_type": "node",
        "osm_id": 2968141966,
        "crossing_type": "uncontrolled",
        "marked": "yes",
        "signals": false,
        "tags": {
          "crossing": "uncontrolled",
          "crossing:markings": "yes",
          "highway": "crossing"
        }
      }
    },
    {
      "type": "Feature",
      "geometry": {
        "type": "Point",
        "coordinates": [
          -122.8239439,
          53.8495675
        ]
      },
      "properties": {
        "x_26910": 511581.95841349143,
        "y_26910": 5966799.049483723,
        "name": "",
        "osm_type": "node",
        "osm_id": 2968141970,
        "crossing_type": "uncontrolled",
        "marked": "yes",
        "signals": false,
        "tags": {
          "crossing": "uncontrolled",
          "crossing:markings": "yes",
          "highway": "crossing"
        }
      }
    },
    {
      "type": "Feature",
      "geometry": {
        "type": "Point",
        "coordinates": [
          -122.8245137,
          53.8497296
        ]
      },
      "properties": {
        "x_26910": 511544.4292041975,
        "y_26910": 5966816.991472493,
        "name": "",
        "osm_type": "node",
        "osm_id": 2968141978,
        "crossing_type": "uncontrolled",
        "marked": "yes",
        "signals": false,
        "tags": {
          "crossing": "uncontrolled",
          "crossing:markings": "yes",
          "highway": "crossing"
        }
      }
    },
    {
      "type": "Feature",
      "geometry": {
        "type": "Point",
        "coordinates": [
          -122.732278,
          53.9211531
        ]
      },
      "properties": {
        "x_26910": 517582.1808097441,
        "y_26910": 5974782.375684792,
        "name": "",
        "osm_type": "node",
        "osm_id": 3784903311,
        "crossing_type": "uncontrolled",
        "marked": "yes",
        "signals": false,
        "tags": {
          "crossing": "uncontrolled",
          "crossing:barrier": "no",
          "railway": "crossing"
        }
      }
    },
    {
      "type": "Feature",
      "geometry": {
        "type": "Point",
        "coordinates": [
          -122.7317894,
          53.9215204
        ]
      },
      "properties": {
        "x_26910": 517614.1140917843,
        "y_26910": 5974823.362274154,
        "name": "",
        "osm_type": "node",
        "osm_id": 3784903872,
        "crossing_type": "uncontrolled",
        "marked": "yes",
        "signals": false,
        "tags": {
          "crossing": "uncontrolled",
          "crossing:barrier": "no",
          "railway": "crossing"
        }
      }
    },
    {
      "type": "Feature",
      "geometry": {
        "type": "Point",
        "coordinates": [
          -122.7917872,
          53.8648617
        ]
      },
      "properties": {
        "x_26910": 513692.41043652216,
        "y_26910": 5968506.373546886,
        "name": "",
        "osm_type": "node",
        "osm_id": 4708276089,
        "crossing_type": "uncontrolled",
        "marked": "yes",
        "signals": false,
        "tags": {
          "crossing": "uncontrolled",
          "crossing:markings": "yes",
          "highway": "crossing"
        }
      }
    },
    {
      "type": "Feature",
      "geometry": {
        "type": "Point",
        "coordinates": [
          -122.7819509,
          53.9204598
        ]
      },
      "properties": {
        "x_26910": 514320.2413490607,
        "y_26910": 5974694.0633293195,
        "name": "",
        "osm_type": "node",
        "osm_id": 4708313890,
        "crossing_type": "marked",
        "marked": "yes",
        "signals": false,
        "tags": {
          "crossing": "marked",
          "highway": "crossing"
        }
      }
    },
    {
      "type": "Feature",
      "geometry": {
        "type": "Point",
        "coordinates": [
          -122.7814329,
          53.9152573
        ]
      },
      "properties": {
        "x_26910": 514356.04512546916,
        "y_26910": 5974115.344686248,
        "name": "",
        "osm_type": "node",
        "osm_id": 4708322679,
        "crossing_type": "zebra",
        "marked": "yes",
        "signals": false,
        "tags": {
          "crossing": "zebra",
          "highway": "crossing"
        }
      }
    },
    {
      "type": "Feature",
      "geometry": {
        "type": "Point",
        "coordinates": [
          -122.7819406,
          53.9152402
        ]
      },
      "properties": {
        "x_26910": 514322.7039941451,
        "y_26910": 5974113.339478392,
        "name": "",
        "osm_type": "node",
        "osm_id": 4708322680,
        "crossing_type": "zebra",
        "marked": "yes",
        "signals": false,
        "tags": {
          "crossing": "zebra",
          "highway": "crossing"
        }
      }
    },
    {
      "type": "Feature",
      "geometry": {
        "type": "Point",
        "coordinates": [
          -122.7819519,
          53.9155491
        ]
      },
      "properties": {
        "x_26910": 514321.8560822044,
        "y_26910": 5974147.70499519,
        "name": "",
        "osm_type": "node",
        "osm_id": 4708322687,
        "crossing_type": "zebra",
        "marked": "yes",
        "signals": false,
        "tags": {
          "crossing": "zebra",
          "highway": "crossing"
        }
      }
    },
    {
      "type": "Feature",
      "geometry": {
        "type": "Point",
        "coordinates": [
          -122.781418,
          53.9155507
        ]
      },
      "properties": {
        "x_26910": 514356.92315215437,
        "y_26910": 5974147.990993508,
        "name": "",
        "osm_type": "node",
        "osm_id": 4708322688,
        "crossing_type": "zebra",
        "marked": "yes",
        "signals": false,
        "tags": {
          "crossing": "zebra",
          "highway": "crossing"
        }
      }
    },
    {
      "type": "Feature",
      "geometry": {
        "type": "Point",
        "coordinates": [
          -122.8161681,
          53.8580318
        ]
      },
      "properties": {
        "x_26910": 512091.05376721267,
        "y_26910": 5967742.064269377,
        "name": "",
        "osm_type": "node",
        "osm_id": 4709422376,
        "crossing_type": "zebra",
        "marked": "yes",
        "signals": false,
        "tags": {
          "crossing": "zebra",
          "highway": "crossing"
        }
      }
    },
    {
      "type": "Feature",
      "geometry": {
        "type": "Point",
        "coordinates": [
          -122.815678,
          53.8581075
        ]
      },
      "properties": {
        "x_26910": 512123.2668756813,
        "y_26910": 5967750.570107649,
        "name": "",
        "osm_type": "node",
        "osm_id": 4709422379,
        "crossing_type": "marked",
        "marked": "zebra",
        "signals": false,
        "tags": {
          "crossing": "marked",
          "crossing:markings": "zebra",
          "highway": "crossing"
        }
      }
    },
    {
      "type": "Feature",
      "geometry": {
        "type": "Point",
        "coordinates": [
          -122.7647593,
          53.9259853
        ]
      },
      "properties": {
        "x_26910": 515447.2472920039,
        "y_26910": 5975312.433204081,
        "name": "",
        "osm_type": "node",
        "osm_id": 4856983236,
        "crossing_type": "crossing",
        "marked": "",
        "signals": false,
        "tags": {
          "highway": "crossing"
        }
      }
    },
    {
      "type": "Feature",
      "geometry": {
        "type": "Point",
        "coordinates": [
          -122.8038355,
          53.9888494
        ]
      },
      "properties": {
        "x_26910": 512861.9217614142,
        "y_26910": 5982298.852850325,
        "name": "",
        "osm_type": "node",
        "osm_id": 5242197736,
        "crossing_type": "zebra",
        "marked": "yes",
        "signals": false,
        "tags": {
          "crossing": "zebra",
          "highway": "crossing"
        }
      }
    },
    {
      "type": "Feature",
      "geometry": {
        "type": "Point",
        "coordinates": [
          -122.7652478,
          53.9260617
        ]
      },
      "properties": {
        "x_26910": 515415.14149896114,
        "y_26910": 5975320.827038583,
        "name": "",
        "osm_type": "node",
        "osm_id": 6038566583,
        "crossing_type": "crossing",
        "marked": "",
        "signals": false,
        "tags": {
          "highway": "crossing"
        }
      }
    },
    {
      "type": "Feature",
      "geometry": {
        "type": "Point",
        "coordinates": [
          -122.7799383,
          53.9020194
        ]
      },
      "properties": {
        "x_26910": 514458.78532030043,
        "y_26910": 5972642.819095026,
        "name": "",
        "osm_type": "node",
        "osm_id": 6223785824,
        "crossing_type": "marked",
        "marked": "yes",
        "signals": false,
        "tags": {
          "crossing": "marked",
          "highway": "crossing"
        }
      }
    },
    {
      "type": "Feature",
      "geometry": {
        "type": "Point",
        "coordinates": [
          -122.7857401,
          53.9047301
        ]
      },
      "properties": {
        "x_26910": 514076.677024839,
        "y_26910": 5972943.239935676,
        "name": "",
        "osm_type": "node",
        "osm_id": 6226365882,
        "crossing_type": "marked",
        "marked": "yes",
        "signals": false,
        "tags": {
          "crossing": "marked",
          "highway": "crossing"
        }
      }
    },
    {
      "type": "Feature",
      "geometry": {
        "type": "Point",
        "coordinates": [
          -122.7857783,
          53.9053963
        ]
      },
      "properties": {
        "x_26910": 514073.9433926373,
        "y_26910": 5973017.35274851,
        "name": "",
        "osm_type": "node",
        "osm_id": 6226374388,
        "crossing_type": "marked",
        "marked": "yes",
        "signals": false,
        "tags": {
          "crossing": "marked",
          "crossing:island": "no",
          "highway": "crossing"
        }
      }
    },
    {
      "type": "Feature",
      "geometry": {
        "type": "Point",
        "coordinates": [
          -122.7857791,
          53.9066209
        ]
      },
      "properties": {
        "x_26910": 514073.47920355777,
        "y_26910": 5973153.599739207,
        "name": "",
        "osm_type": "node",
        "osm_id": 6226374397,
        "crossing_type": "marked",
        "marked": "yes",
        "signals": false,
        "tags": {
          "crossing": "marked",
          "highway": "crossing"
        }
      }
    },
    {
      "type": "Feature",
      "geometry": {
        "type": "Point",
        "coordinates": [
          -122.7857785,
          53.9061622
        ]
      },
      "properties": {
        "x_26910": 514073.6728074121,
        "y_26910": 5973102.565584679,
        "name": "",
        "osm_type": "node",
        "osm_id": 6226374424,
        "crossing_type": "marked",
        "marked": "yes",
        "signals": false,
        "tags": {
          "crossing": "marked",
          "highway": "crossing"
        }
      }
    },
    {
      "type": "Feature",
      "geometry": {
        "type": "Point",
        "coordinates": [
          -122.8390133,
          53.8357149
        ]
      },
      "properties": {
        "x_26910": 510594.10589846695,
        "y_26910": 5965255.490587895,
        "name": "",
        "osm_type": "node",
        "osm_id": 6228518601,
        "crossing_type": "uncontrolled",
        "marked": "yes",
        "signals": false,
        "tags": {
          "crossing": "uncontrolled",
          "crossing:markings": "yes",
          "highway": "crossing"
        }
      }
    },
    {
      "type": "Feature",
      "geometry": {
        "type": "Point",
        "coordinates": [
          -122.8392617,
          53.835481
        ]
      },
      "properties": {
        "x_26910": 510577.81830858625,
        "y_26910": 5965229.430457509,
        "name": "",
        "osm_type": "node",
        "osm_id": 6228518604,
        "crossing_type": "uncontrolled",
        "marked": "yes",
        "signals": false,
        "tags": {
          "crossing": "uncontrolled",
          "crossing:markings": "yes",
          "highway": "crossing"
        }
      }
    },
    {
      "type": "Feature",
      "geometry": {
        "type": "Point",
        "coordinates": [
          -122.7711344,
          53.8833686
        ]
      },
      "properties": {
        "x_26910": 515043.92651422136,
        "y_26910": 5970569.5955265835,
        "name": "",
        "osm_type": "node",
        "osm_id": 6302419393,
        "crossing_type": "yes",
        "marked": "yes",
        "signals": false,
        "tags": {
          "crossing:markings": "yes",
          "highway": "crossing",
          "tactile_paving": "no"
        }
      }
    },
    {
      "type": "Feature",
      "geometry": {
        "type": "Point",
        "coordinates": [
          -122.7710417,
          53.8833688
        ]
      },
      "properties": {
        "x_26910": 515050.019842749,
        "y_26910": 5970569.637444452,
        "name": "",
        "osm_type": "node",
        "osm_id": 6302419403,
        "crossing_type": "yes",
        "marked": "yes",
        "signals": false,
        "tags": {
          "crossing:markings": "yes",
          "highway": "crossing",
          "tactile_paving": "no"
        }
      }
    },
    {
      "type": "Feature",
      "geometry": {
        "type": "Point",
        "coordinates": [
          -122.6797442,
          53.9069699
        ]
      },
      "properties": {
        "x_26910": 521039.365506983,
        "y_26910": 5973218.683686585,
        "name": "",
        "osm_type": "node",
        "osm_id": 6315099115,
        "crossing_type": "uncontrolled",
        "marked": "yes",
        "signals": false,
        "tags": {
          "crossing": "uncontrolled",
          "crossing:markings": "yes",
          "highway": "crossing"
        }
      }
    },
    {
      "type": "Feature",
      "geometry": {
        "type": "Point",
        "coordinates": [
          -122.810797,
          53.9249952
        ]
      },
      "properties": {
        "x_26910": 512424.4468746076,
        "y_26910": 5975193.225299794,
        "name": "",
        "osm_type": "node",
        "osm_id": 6484858105,
        "crossing_type": "zebra",
        "marked": "yes",
        "signals": false,
        "tags": {
          "crossing": "zebra",
          "highway": "crossing"
        }
      }
    },
    {
      "type": "Feature",
      "geometry": {
        "type": "Point",
        "coordinates": [
          -122.8076696,
          53.9293233
        ]
      },
      "properties": {
        "x_26910": 512628.50798334694,
        "y_26910": 5975675.31774295,
        "name": "",
        "osm_type": "node",
        "osm_id": 7089956640,
        "crossing_type": "unmarked",
        "marked": "no",
        "signals": false,
        "tags": {
          "crossing": "unmarked",
          "crossing:markings": "no",
          "highway": "crossing"
        }
      }
    },
    {
      "type": "Feature",
      "geometry": {
        "type": "Point",
        "coordinates": [
          -122.7693816,
          53.9104127
        ]
      },
      "properties": {
        "x_26910": 515149.3572472379,
        "y_26910": 5973578.848907556,
        "name": "",
        "osm_type": "node",
        "osm_id": 7094761644,
        "crossing_type": "marked",
        "marked": "yes",
        "signals": false,
        "tags": {
          "crossing": "marked",
          "highway": "crossing"
        }
      }
    },
    {
      "type": "Feature",
      "geometry": {
        "type": "Point",
        "coordinates": [
          -122.7693827,
          53.910305
        ]
      },
      "properties": {
        "x_26910": 515149.3239629847,
        "y_26910": 5973566.866128259,
        "name": "",
        "osm_type": "node",
        "osm_id": 7094761645,
        "crossing_type": "marked",
        "marked": "yes",
        "signals": false,
        "tags": {
          "crossing": "marked",
          "highway": "crossing"
        }
      }
    },
    {
      "type": "Feature",
      "geometry": {
        "type": "Point",
        "coordinates": [
          -122.7707435,
          53.9104695
        ]
      },
      "properties": {
        "x_26910": 515059.8735446804,
        "y_26910": 5973584.878259294,
        "name": "",
        "osm_type": "node",
        "osm_id": 7094762657,
        "crossing_type": "unmarked",
        "marked": "",
        "signals": false,
        "tags": {
          "crossing": "unmarked",
          "highway": "crossing"
        }
      }
    },
    {
      "type": "Feature",
      "geometry": {
        "type": "Point",
        "coordinates": [
          -122.7692516,
          53.910474
        ]
      },
      "properties": {
        "x_26910": 515157.8747565671,
        "y_26910": 5973585.696840346,
        "name": "",
        "osm_type": "node",
        "osm_id": 7094770224,
        "crossing_type": "marked",
        "marked": "yes",
        "signals": false,
        "tags": {
          "crossing": "marked",
          "crossing:island": "no",
          "highway": "crossing",
          "tactile_paving": "no"
        }
      }
    },
    {
      "type": "Feature",
      "geometry": {
        "type": "Point",
        "coordinates": [
          -122.7737576,
          53.9104726
        ]
      },
      "properties": {
        "x_26910": 514861.8763464745,
        "y_26910": 5973584.587160364,
        "name": "",
        "osm_type": "node",
        "osm_id": 7094780931,
        "crossing_type": "unmarked",
        "marked": "",
        "signals": false,
        "tags": {
          "crossing": "unmarked",
          "highway": "crossing"
        }
      }
    },
    {
      "type": "Feature",
      "geometry": {
        "type": "Point",
        "coordinates": [
          -122.769125,
          53.9103049
        ]
      },
      "properties": {
        "x_26910": 515166.252366424,
        "y_26910": 5973566.910094862,
        "name": "",
        "osm_type": "node",
        "osm_id": 7094781358,
        "crossing_type": "marked",
        "marked": "yes",
        "signals": false,
        "tags": {
          "crossing": "marked",
          "highway": "crossing"
        }
      }
    },
    {
      "type": "Feature",
      "geometry": {
        "type": "Point",
        "coordinates": [
          -122.7691294,
          53.9104126
        ]
      },
      "properties": {
        "x_26910": 515165.924311897,
        "y_26910": 5973578.89169789,
        "name": "",
        "osm_type": "node",
        "osm_id": 7094781359,
        "crossing_type": "marked",
        "marked": "yes",
        "signals": false,
        "tags": {
          "crossing": "marked",
          "highway": "crossing"
        }
      }
    },
    {
      "type": "Feature",
      "geometry": {
        "type": "Point",
        "coordinates": [
          -122.7723617,
          53.9103046
        ]
      },
      "properties": {
        "x_26910": 514953.63296243857,
        "y_26910": 5973566.189225346,
        "name": "",
        "osm_type": "node",
        "osm_id": 7094782195,
        "crossing_type": "marked",
        "marked": "yes",
        "signals": false,
        "tags": {
          "crossing": "marked",
          "highway": "crossing"
        }
      }
    },
    {
      "type": "Feature",
      "geometry": {
        "type": "Point",
        "coordinates": [
          -122.7723617,
          53.9104141
        ]
      },
      "properties": {
        "x_26910": 514953.5938481307,
        "y_26910": 5973578.372035747,
        "name": "",
        "osm_type": "node",
        "osm_id": 7094782196,
        "crossing_type": "marked",
        "marked": "yes",
        "signals": false,
        "tags": {
          "crossing": "marked",
          "highway": "crossing"
        }
      }
    },
    {
      "type": "Feature",
      "geometry": {
        "type": "Point",
        "coordinates": [
          -122.7783218,
          53.9104174
        ]
      },
      "properties": {
        "x_26910": 514562.07344739186,
        "y_26910": 5973577.498626718,
        "name": "",
        "osm_type": "node",
        "osm_id": 7094786814,
        "crossing_type": "marked",
        "marked": "yes",
        "signals": false,
        "tags": {
          "crossing": "marked",
          "highway": "crossing"
        }
      }
    },
    {
      "type": "Feature",
      "geometry": {
        "type": "Point",
        "coordinates": [
          -122.7783241,
          53.910307
        ]
      },
      "properties": {
        "x_26910": 514561.96076315653,
        "y_26910": 5973565.215209712,
        "name": "",
        "osm_type": "node",
        "osm_id": 7094786815,
        "crossing_type": "marked",
        "marked": "yes",
        "signals": false,
        "tags": {
          "crossing": "marked",
          "highway": "crossing"
        }
      }
    },
    {
      "type": "Feature",
      "geometry": {
        "type": "Point",
        "coordinates": [
          -122.7752235,
          53.9102252
        ]
      },
      "properties": {
        "x_26910": 514765.6687042505,
        "y_26910": 5973556.755520401,
        "name": "",
        "osm_type": "node",
        "osm_id": 7094788592,
        "crossing_type": "unmarked",
        "marked": "",
        "signals": false,
        "tags": {
          "crossing": "unmarked",
          "highway": "crossing"
        }
      }
    },
    {
      "type": "Feature",
      "geometry": {
        "type": "Point",
        "coordinates": [
          -122.7707284,
          53.9102377
        ]
      },
      "properties": {
        "x_26910": 515060.9488579645,
        "y_26910": 5973559.091737482,
        "name": "",
        "osm_type": "node",
        "osm_id": 7094788696,
        "crossing_type": "crossing",
        "marked": "",
        "signals": false,
        "tags": {
          "highway": "crossing"
        }
      }
    },
    {
      "type": "Feature",
      "geometry": {
        "type": "Point",
        "coordinates": [
          -122.778198,
          53.9102377
        ]
      },
      "properties": {
        "x_26910": 514570.268419693,
        "y_26910": 5973557.530897881,
        "name": "",
        "osm_type": "node",
        "osm_id": 7094789763,
        "crossing_type": "unmarked",
        "marked": "",
        "signals": false,
        "tags": {
          "crossing": "unmarked",
          "highway": "crossing"
        }
      }
    },
    {
      "type": "Feature",
      "geometry": {
        "type": "Point",
        "coordinates": [
          -122.7700045,
          53.9104666
        ]
      },
      "properties": {
        "x_26910": 515108.4194671722,
        "y_26910": 5973584.712829584,
        "name": "",
        "osm_type": "node",
        "osm_id": 7094792318,
        "crossing_type": "crossing",
        "marked": "",
        "signals": false,
        "tags": {
          "highway": "crossing"
        }
      }
    },
    {
      "type": "Feature",
      "geometry": {
        "type": "Point",
        "coordinates": [
          -122.7722111,
          53.9104716
        ]
      },
      "properties": {
        "x_26910": 514963.4662155802,
        "y_26910": 5973584.801174894,
        "name": "",
        "osm_type": "node",
        "osm_id": 7094793836,
        "crossing_type": "unmarked",
        "marked": "",
        "signals": false,
        "tags": {
          "crossing": "unmarked",
          "highway": "crossing"
        }
      }
    },
    {
      "type": "Feature",
      "geometry": {
        "type": "Point",
        "coordinates": [
          -122.76925,
          53.9102274
        ]
      },
      "properties": {
        "x_26910": 515158.06915215263,
        "y_26910": 5973558.260827685,
        "name": "",
        "osm_type": "node",
        "osm_id": 7094794591,
        "crossing_type": "marked",
        "marked": "yes",
        "signals": false,
        "tags": {
          "crossing": "marked",
          "crossing:island": "no",
          "highway": "crossing"
        }
      }
    },
    {
      "type": "Feature",
      "geometry": {
        "type": "Point",
        "coordinates": [
          -122.7729802,
          53.9104703
        ]
      },
      "properties": {
        "x_26910": 514912.94453536964,
        "y_26910": 5973584.494498132,
        "name": "",
        "osm_type": "node",
        "osm_id": 7094795658,
        "crossing_type": "crossing",
        "marked": "",
        "signals": false,
        "tags": {
          "highway": "crossing"
        }
      }
    },
    {
      "type": "Feature",
      "geometry": {
        "type": "Point",
        "coordinates": [
          -122.7781967,
          53.9104806
        ]
      },
      "properties": {
        "x_26910": 514570.26927528845,
        "y_26910": 5973584.555868295,
        "name": "",
        "osm_type": "node",
        "osm_id": 7094795743,
        "crossing_type": "unmarked",
        "marked": "",
        "signals": false,
        "tags": {
          "crossing": "unmarked",
          "highway": "crossing"
        }
      }
    },
    {
      "type": "Feature",
      "geometry": {
        "type": "Point",
        "coordinates": [
          -122.7722104,
          53.9102371
        ]
      },
      "properties": {
        "x_26910": 514963.5960195618,
        "y_26910": 5973558.711194516,
        "name": "",
        "osm_type": "node",
        "osm_id": 7094797703,
        "crossing_type": "unmarked",
        "marked": "",
        "signals": false,
        "tags": {
          "crossing": "unmarked",
          "highway": "crossing"
        }
      }
    },
    {
      "type": "Feature",
      "geometry": {
        "type": "Point",
        "coordinates": [
          -122.7714883,
          53.9104711
        ]
      },
      "properties": {
        "x_26910": 515010.9470925881,
        "y_26910": 5973584.898330931,
        "name": "",
        "osm_type": "node",
        "osm_id": 7094799075,
        "crossing_type": "crossing",
        "marked": "",
        "signals": false,
        "tags": {
          "highway": "crossing"
        }
      }
    },
    {
      "type": "Feature",
      "geometry": {
        "type": "Point",
        "coordinates": [
          -122.7744568,
          53.910472
        ]
      },
      "properties": {
        "x_26910": 514815.94614289986,
        "y_26910": 5973584.374070915,
        "name": "",
        "osm_type": "node",
        "osm_id": 7094801501,
        "crossing_type": "crossing",
        "marked": "",
        "signals": false,
        "tags": {
          "highway": "crossing"
        }
      }
    },
    {
      "type": "Feature",
      "geometry": {
        "type": "Point",
        "coordinates": [
          -122.7476103,
          53.9173659
        ]
      },
      "properties": {
        "x_26910": 516576.7605761864,
        "y_26910": 5974357.323210377,
        "name": "",
        "osm_type": "node",
        "osm_id": 7813903872,
        "crossing_type": "marked",
        "marked": "yes",
        "signals": false,
        "tags": {
          "crossing": "marked",
          "crossing:island": "no",
          "highway": "crossing",
          "tactile_paving": "no"
        }
      }
    },
    {
      "type": "Feature",
      "geometry": {
        "type": "Point",
        "coordinates": [
          -122.7491727,
          53.917795
        ]
      },
      "properties": {
        "x_26910": 516473.9746437028,
        "y_26910": 5974404.70009504,
        "name": "",
        "osm_type": "node",
        "osm_id": 7813945931,
        "crossing_type": "marked",
        "marked": "yes",
        "signals": false,
        "tags": {
          "crossing": "marked",
          "highway": "crossing"
        }
      }
    },
    {
      "type": "Feature",
      "geometry": {
        "type": "Point",
        "coordinates": [
          -122.7476731,
          53.9174673
        ]
      },
      "properties": {
        "x_26910": 516572.5957758803,
        "y_26910": 5974368.590151645,
        "name": "",
        "osm_type": "node",
        "osm_id": 7813954210,
        "crossing_type": "marked",
        "marked": "yes",
        "signals": false,
        "tags": {
          "crossing": "marked",
          "crossing:island": "no",
          "highway": "crossing",
          "tactile_paving": "no"
        }
      }
    },
    {
      "type": "Feature",
      "geometry": {
        "type": "Point",
        "coordinates": [
          -122.7482854,
          53.916705
        ]
      },
      "properties": {
        "x_26910": 516532.68168743944,
        "y_26910": 5974283.63475651,
        "name": "",
        "osm_type": "node",
        "osm_id": 7813962520,
        "crossing_type": "marked",
        "marked": "yes",
        "signals": false,
        "tags": {
          "crossing": "marked",
          "crossing:island": "no",
          "highway": "crossing",
          "tactile_paving": "yes"
        }
      }
    },
    {
      "type": "Feature",
      "geometry": {
        "type": "Point",
        "coordinates": [
          -122.7496741,
          53.9171739
        ]
      },
      "properties": {
        "x_26910": 516441.2874767806,
        "y_26910": 5974335.480972412,
        "name": "",
        "osm_type": "node",
        "osm_id": 7813969881,
        "crossing_type": "marked",
        "marked": "yes",
        "signals": false,
        "tags": {
          "crossing": "marked",
          "crossing:island": "no",
          "highway": "crossing",
          "tactile_paving": "no"
        }
      }
    },
    {
      "type": "Feature",
      "geometry": {
        "type": "Point",
        "coordinates": [
          -122.7497833,
          53.9170386
        ]
      },
      "properties": {
        "x_26910": 516434.16841462,
        "y_26910": 5974320.402363332,
        "name": "",
        "osm_type": "node",
        "osm_id": 7813969989,
        "crossing_type": "marked",
        "marked": "yes",
        "signals": false,
        "tags": {
          "crossing": "marked",
          "crossing:island": "no",
          "highway": "crossing",
          "tactile_paving": "no"
        }
      }
    },
    {
      "type": "Feature",
      "geometry": {
        "type": "Point",
        "coordinates": [
          -122.749593,
          53.917075
        ]
      },
      "properties": {
        "x_26910": 516446.65294116846,
        "y_26910": 5974324.496306471,
        "name": "",
        "osm_type": "node",
        "osm_id": 7813970993,
        "crossing_type": "marked",
        "marked": "yes",
        "signals": false,
        "tags": {
          "crossing": "marked",
          "crossing:island": "no",
          "highway": "crossing",
          "tactile_paving": "no"
        }
      }
    },
    {
      "type": "Feature",
      "geometry": {
        "type": "Point",
        "coordinates": [
          -122.7498807,
          53.9171572
        ]
      },
      "properties": {
        "x_26910": 516427.7246672909,
        "y_26910": 5974333.57506112,
        "name": "",
        "osm_type": "node",
        "osm_id": 7813972456,
        "crossing_type": "marked",
        "marked": "yes",
        "signals": false,
        "tags": {
          "crossing": "marked",
          "crossing:island": "no",
          "highway": "crossing",
          "tactile_paving": "no"
        }
      }
    },
    {
      "type": "Feature",
      "geometry": {
        "type": "Point",
        "coordinates": [
          -122.747476,
          53.9175291
        ]
      },
      "properties": {
        "x_26910": 516585.516603647,
        "y_26910": 5974375.5120262755,
        "name": "",
        "osm_type": "node",
        "osm_id": 7813977313,
        "crossing_type": "marked",
        "marked": "yes",
        "signals": false,
        "tags": {
          "crossing": "marked",
          "crossing:island": "no",
          "highway": "crossing",
          "tactile_paving": "no"
        }
      }
    },
    {
      "type": "Feature",
      "geometry": {
        "type": "Point",
        "coordinates": [
          -122.7482234,
          53.9166025
        ]
      },
      "properties": {
        "x_26910": 516536.79435549607,
        "y_26910": 5974272.24520996,
        "name": "",
        "osm_type": "node",
        "osm_id": 7813978100,
        "crossing_type": "marked",
        "marked": "yes",
        "signals": false,
        "tags": {
          "crossing": "marked",
          "crossing:island": "no",
          "highway": "crossing",
          "tactile_paving": "yes"
        }
      }
    },
    {
      "type": "Feature",
      "geometry": {
        "type": "Point",
        "coordinates": [
          -122.748115,
          53.9167377
        ]
      },
      "properties": {
        "x_26910": 516543.86065667705,
        "y_26910": 5974287.31266278,
        "name": "",
        "osm_type": "node",
        "osm_id": 7813981453,
        "crossing_type": "marked",
        "marked": "yes",
        "signals": false,
        "tags": {
          "crossing": "marked",
          "crossing:island": "no",
          "highway": "crossing",
          "tactile_paving": "yes"
        }
      }
    },
    {
      "type": "Feature",
      "geometry": {
        "type": "Point",
        "coordinates": [
          -122.7490355,
          53.917965
        ]
      },
      "properties": {
        "x_26910": 516482.9187693629,
        "y_26910": 5974423.64595126,
        "name": "",
        "osm_type": "node",
        "osm_id": 7813982903,
        "crossing_type": "marked",
        "marked": "yes",
        "signals": false,
        "tags": {
          "crossing": "marked",
          "highway": "crossing"
        }
      }
    },
    {
      "type": "Feature",
      "geometry": {
        "type": "Point",
        "coordinates": [
          -122.7492657,
          53.9179169
        ]
      },
      "properties": {
        "x_26910": 516467.8185837307,
        "y_26910": 5974418.24091491,
        "name": "",
        "osm_type": "node",
        "osm_id": 7813983354,
        "crossing_type": "marked",
        "marked": "yes",
        "signals": false,
        "tags": {
          "crossing": "marked",
          "highway": "crossing"
        }
      }
    },
    {
      "type": "Feature",
      "geometry": {
        "type": "Point",
        "coordinates": [
          -122.7480608,
          53.9166411
        ]
      },
      "properties": {
        "x_26910": 516547.4587103475,
        "y_26910": 5974276.577731148,
        "name": "",
        "osm_type": "node",
        "osm_id": 7813983946,
        "crossing_type": "marked",
        "marked": "yes",
        "signals": false,
        "tags": {
          "crossing": "marked",
          "crossing:island": "no",
          "highway": "crossing",
          "tactile_paving": "yes"
        }
      }
    },
    {
      "type": "Feature",
      "geometry": {
        "type": "Point",
        "coordinates": [
          -122.7489728,
          53.9178343
        ]
      },
      "properties": {
        "x_26910": 516487.08827905636,
        "y_26910": 5974409.119028411,
        "name": "",
        "osm_type": "node",
        "osm_id": 7813984025,
        "crossing_type": "marked",
        "marked": "yes",
        "signals": false,
        "tags": {
          "crossing": "marked",
          "highway": "crossing"
        }
      }
    },
    {
      "type": "Feature",
      "geometry": {
        "type": "Point",
        "coordinates": [
          -122.7474465,
          53.9174033
        ]
      },
      "properties": {
        "x_26910": 516587.5039892483,
        "y_26910": 5974361.522594515,
        "name": "",
        "osm_type": "node",
        "osm_id": 7813984469,
        "crossing_type": "marked",
        "marked": "yes",
        "signals": false,
        "tags": {
          "crossing": "marked",
          "crossing:island": "no",
          "highway": "crossing",
          "tactile_paving": "no"
        }
      }
    },
    {
      "type": "Feature",
      "geometry": {
        "type": "Point",
        "coordinates": [
          -122.7910171,
          53.8991447
        ]
      },
      "properties": {
        "x_26910": 513731.8149312638,
        "y_26910": 5972320.782407585,
        "name": "",
        "osm_type": "node",
        "osm_id": 7992456332,
        "crossing_type": "uncontrolled",
        "marked": "zebra",
        "signals": false,
        "tags": {
          "crossing": "uncontrolled",
          "crossing:island": "no",
          "crossing:markings": "zebra",
          "highway": "crossing"
        }
      }
    },
    {
      "type": "Feature",
      "geometry": {
        "type": "Point",
        "coordinates": [
          -122.7910293,
          53.8986863
        ]
      },
      "properties": {
        "x_26910": 513731.1635907998,
        "y_26910": 5972269.779207659,
        "name": "",
        "osm_type": "node",
        "osm_id": 7992456342,
        "crossing_type": "uncontrolled",
        "marked": "zebra",
        "signals": false,
        "tags": {
          "crossing": "uncontrolled",
          "crossing:island": "no",
          "crossing:markings": "zebra",
          "highway": "crossing"
        }
      }
    },
    {
      "type": "Feature",
      "geometry": {
        "type": "Point",
        "coordinates": [
          -122.7640554,
          53.8958247
        ]
      },
      "properties": {
        "x_26910": 515504.6361205597,
        "y_26910": 5971956.962719214,
        "name": "",
        "osm_type": "node",
        "osm_id": 8480973922,
        "crossing_type": "uncontrolled",
        "marked": "zebra",
        "signals": false,
        "tags": {
          "crossing": "uncontrolled",
          "crossing:markings": "zebra",
          "highway": "crossing"
        }
      }
    },
    {
      "type": "Feature",
      "geometry": {
        "type": "Point",
        "coordinates": [
          -122.7642701,
          53.8958603
        ]
      },
      "properties": {
        "x_26910": 515490.51438971027,
        "y_26910": 5971960.876593027,
        "name": "",
        "osm_type": "node",
        "osm_id": 8480973924,
        "crossing_type": "uncontrolled",
        "marked": "zebra",
        "signals": false,
        "tags": {
          "crossing": "uncontrolled",
          "crossing:markings": "zebra",
          "highway": "crossing"
        }
      }
    },
    {
      "type": "Feature",
      "geometry": {
        "type": "Point",
        "coordinates": [
          -122.7684623,
          53.8972078
        ]
      },
      "properties": {
        "x_26910": 515214.54339659965,
        "y_26910": 5972109.889527186,
        "name": "",
        "osm_type": "node",
        "osm_id": 8480973952,
        "crossing_type": "marked",
        "marked": "yes",
        "signals": false,
        "tags": {
          "crossing": "marked",
          "highway": "crossing"
        }
      }
    },
    {
      "type": "Feature",
      "geometry": {
        "type": "Point",
        "coordinates": [
          -122.7684736,
          53.8974767
        ]
      },
      "properties": {
        "x_26910": 515213.7031874834,
        "y_26910": 5972139.80445726,
        "name": "",
        "osm_type": "node",
        "osm_id": 8480973958,
        "crossing_type": "traffic_signals",
        "marked": "lines",
        "signals": true,
        "tags": {
          "crossing": "traffic_signals",
          "crossing:island": "no",
          "crossing:markings": "lines",
          "highway": "crossing"
        }
      }
    },
    {
      "type": "Feature",
      "geometry": {
        "type": "Point",
        "coordinates": [
          -122.7684084,
          53.8973449
        ]
      },
      "properties": {
        "x_26910": 515218.03539118497,
        "y_26910": 5972125.15460427,
        "name": "",
        "osm_type": "node",
        "osm_id": 8480973959,
        "crossing_type": "traffic_signals",
        "marked": "lines",
        "signals": true,
        "tags": {
          "crossing": "traffic_signals",
          "crossing:island": "no",
          "crossing:markings": "lines",
          "highway": "crossing"
        }
      }
    },
    {
      "type": "Feature",
      "geometry": {
        "type": "Point",
        "coordinates": [
          -122.768221,
          53.8972053
        ]
      },
      "properties": {
        "x_26910": 515230.40031197,
        "y_26910": 5972109.663179347,
        "name": "",
        "osm_type": "node",
        "osm_id": 8480973960,
        "crossing_type": "traffic_signals",
        "marked": "lines",
        "signals": true,
        "tags": {
          "crossing": "traffic_signals",
          "crossing:island": "no",
          "crossing:markings": "lines",
          "highway": "crossing"
        }
      }
    },
    {
      "type": "Feature",
      "geometry": {
        "type": "Point",
        "coordinates": [
          -122.7683846,
          53.897556
        ]
      },
      "properties": {
        "x_26910": 515219.5225907927,
        "y_26910": 5972148.6463375995,
        "name": "",
        "osm_type": "node",
        "osm_id": 8480973962,
        "crossing_type": "traffic_signals",
        "marked": "lines",
        "signals": true,
        "tags": {
          "crossing": "traffic_signals",
          "crossing:island": "no",
          "crossing:markings": "lines",
          "highway": "crossing"
        }
      }
    },
    {
      "type": "Feature",
      "geometry": {
        "type": "Point",
        "coordinates": [
          -122.768062,
          53.8974606
        ]
      },
      "properties": {
        "x_26910": 515240.7554210997,
        "y_26910": 5972138.101581436,
        "name": "",
        "osm_type": "node",
        "osm_id": 8480973963,
        "crossing_type": "traffic_signals",
        "marked": "lines",
        "signals": true,
        "tags": {
          "crossing": "traffic_signals",
          "crossing:island": "no",
          "crossing:markings": "lines",
          "highway": "crossing"
        }
      }
    },
    {
      "type": "Feature",
      "geometry": {
        "type": "Point",
        "coordinates": [
          -122.7678722,
          53.8972975
        ]
      },
      "properties": {
        "x_26910": 515253.28664762597,
        "y_26910": 5972119.996162868,
        "name": "",
        "osm_type": "node",
        "osm_id": 8480973964,
        "crossing_type": "traffic_signals",
        "marked": "lines",
        "signals": true,
        "tags": {
          "crossing": "traffic_signals",
          "crossing:island": "no",
          "crossing:markings": "lines",
          "highway": "crossing"
        }
      }
    },
    {
      "type": "Feature",
      "geometry": {
        "type": "Point",
        "coordinates": [
          -122.7678128,
          53.8971737
        ]
      },
      "properties": {
        "x_26910": 515257.2349567939,
        "y_26910": 5972106.235165263,
        "name": "",
        "osm_type": "node",
        "osm_id": 8480973965,
        "crossing_type": "traffic_signals",
        "marked": "lines",
        "signals": true,
        "tags": {
          "crossing": "traffic_signals",
          "crossing:island": "no",
          "crossing:markings": "lines",
          "highway": "crossing"
        }
      }
    },
    {
      "type": "Feature",
      "geometry": {
        "type": "Point",
        "coordinates": [
          -122.7669351,
          53.894353
        ]
      },
      "properties": {
        "x_26910": 515315.94073892274,
        "y_26910": 5971792.598193088,
        "name": "",
        "osm_type": "node",
        "osm_id": 8480973981,
        "crossing_type": "uncontrolled",
        "marked": "zebra",
        "signals": false,
        "tags": {
          "crossing": "uncontrolled",
          "crossing:markings": "zebra",
          "highway": "crossing"
        }
      }
    },
    {
      "type": "Feature",
      "geometry": {
        "type": "Point",
        "coordinates": [
          -122.8158438,
          53.8584502
        ]
      },
      "properties": {
        "x_26910": 512112.26288760966,
        "y_26910": 5967788.669791448,
        "name": "",
        "osm_type": "node",
        "osm_id": 9178583022,
        "crossing_type": "zebra",
        "marked": "yes",
        "signals": false,
        "tags": {
          "crossing": "zebra",
          "highway": "crossing"
        }
      }
    },
    {
      "type": "Feature",
      "geometry": {
        "type": "Point",
        "coordinates": [
          -122.8162445,
          53.858404
        ]
      },
      "properties": {
        "x_26910": 512085.9215151146,
        "y_26910": 5967783.461354818,
        "name": "",
        "osm_type": "node",
        "osm_id": 9178583026,
        "crossing_type": "zebra",
        "marked": "yes",
        "signals": false,
        "tags": {
          "crossing": "zebra",
          "highway": "crossing"
        }
      }
    },
    {
      "type": "Feature",
      "geometry": {
        "type": "Point",
        "coordinates": [
          -122.8104482,
          53.9228781
        ]
      },
      "properties": {
        "x_26910": 512447.98142399,
        "y_26910": 5974957.740319565,
        "name": "",
        "osm_type": "node",
        "osm_id": 9284743271,
        "crossing_type": "zebra",
        "marked": "yes",
        "signals": false,
        "tags": {
          "crossing": "zebra",
          "highway": "crossing"
        }
      }
    },
    {
      "type": "Feature",
      "geometry": {
        "type": "Point",
        "coordinates": [
          -122.7998567,
          53.9148959
        ]
      },
      "properties": {
        "x_26910": 513146.03798754595,
        "y_26910": 5974071.56239254,
        "name": "",
        "osm_type": "node",
        "osm_id": 9284797782,
        "crossing_type": "zebra",
        "marked": "yes",
        "signals": false,
        "tags": {
          "crossing": "zebra",
          "highway": "crossing"
        }
      }
    },
    {
      "type": "Feature",
      "geometry": {
        "type": "Point",
        "coordinates": [
          -122.8024711,
          53.9156259
        ]
      },
      "properties": {
        "x_26910": 512974.08994134655,
        "y_26910": 5974152.299641932,
        "name": "",
        "osm_type": "node",
        "osm_id": 9284797785,
        "crossing_type": "zebra",
        "marked": "yes",
        "signals": false,
        "tags": {
          "crossing": "zebra",
          "highway": "crossing"
        }
      }
    },
    {
      "type": "Feature",
      "geometry": {
        "type": "Point",
        "coordinates": [
          -122.8017128,
          53.9173309
        ]
      },
      "properties": {
        "x_26910": 513023.3659752561,
        "y_26910": 5974342.134795608,
        "name": "",
        "osm_type": "node",
        "osm_id": 9284797787,
        "crossing_type": "zebra",
        "marked": "yes",
        "signals": false,
        "tags": {
          "crossing": "zebra",
          "highway": "crossing"
        }
      }
    },
    {
      "type": "Feature",
      "geometry": {
        "type": "Point",
        "coordinates": [
          -122.7691693,
          53.9205903
        ]
      },
      "properties": {
        "x_26910": 515159.61649071844,
        "y_26910": 5974711.240129054,
        "name": "",
        "osm_type": "node",
        "osm_id": 9498297784,
        "crossing_type": "marked",
        "marked": "yes",
        "signals": false,
        "tags": {
          "crossing": "marked",
          "highway": "crossing"
        }
      }
    },
    {
      "type": "Feature",
      "geometry": {
        "type": "Point",
        "coordinates": [
          -122.7691599,
          53.9206942
        ]
      },
      "properties": {
        "x_26910": 515160.19618602074,
        "y_26910": 5974722.801920844,
        "name": "",
        "osm_type": "node",
        "osm_id": 9498297785,
        "crossing_type": "marked",
        "marked": "yes",
        "signals": false,
        "tags": {
          "crossing": "marked",
          "highway": "crossing"
        }
      }
    },
    {
      "type": "Feature",
      "geometry": {
        "type": "Point",
        "coordinates": [
          -122.7692977,
          53.920522
        ]
      },
      "properties": {
        "x_26910": 515151.2086691517,
        "y_26910": 5974703.613708843,
        "name": "",
        "osm_type": "node",
        "osm_id": 9498297786,
        "crossing_type": "marked",
        "marked": "yes",
        "signals": false,
        "tags": {
          "crossing": "marked",
          "highway": "crossing"
        }
      }
    },
    {
      "type": "Feature",
      "geometry": {
        "type": "Point",
        "coordinates": [
          -122.769302,
          53.920729
        ]
      },
      "properties": {
        "x_26910": 515150.85132429335,
        "y_26910": 5974726.643346205,
        "name": "",
        "osm_type": "node",
        "osm_id": 9498297787,
        "crossing_type": "marked",
        "marked": "yes",
        "signals": false,
        "tags": {
          "crossing": "marked",
          "highway": "crossing"
        }
      }
    },
    {
      "type": "Feature",
      "geometry": {
        "type": "Point",
        "coordinates": [
          -122.7694916,
          53.9205899
        ]
      },
      "properties": {
        "x_26910": 515138.44988275855,
        "y_26910": 5974711.126753371,
        "name": "",
        "osm_type": "node",
        "osm_id": 9498297788,
        "crossing_type": "marked",
        "marked": "yes",
        "signals": false,
        "tags": {
          "crossing": "marked",
          "highway": "crossing"
        }
      }
    },
    {
      "type": "Feature",
      "geometry": {
        "type": "Point",
        "coordinates": [
          -122.7695167,
          53.9206939
        ]
      },
      "properties": {
        "x_26910": 515136.76384464523,
        "y_26910": 5974722.692301421,
        "name": "",
        "osm_type": "node",
        "osm_id": 9498297789,
        "crossing_type": "marked",
        "marked": "yes",
        "signals": false,
        "tags": {
          "crossing": "marked",
          "highway": "crossing"
        }
      }
    },
    {
      "type": "Feature",
      "geometry": {
        "type": "Point",
        "coordinates": [
          -122.7767292,
          53.9204906
        ]
      },
      "properties": {
        "x_26910": 514663.1619879879,
        "y_26910": 5974698.5575037,
        "name": "",
        "osm_type": "node",
        "osm_id": 9498297793,
        "crossing_type": "marked",
        "marked": "yes",
        "signals": false,
        "tags": {
          "crossing": "marked",
          "highway": "crossing"
        }
      }
    },
    {
      "type": "Feature",
      "geometry": {
        "type": "Point",
        "coordinates": [
          -122.7768625,
          53.9205696
        ]
      },
      "properties": {
        "x_26910": 514654.37994712923,
        "y_26910": 5974707.319381364,
        "name": "",
        "osm_type": "node",
        "osm_id": 9498297794,
        "crossing_type": "marked",
        "marked": "yes",
        "signals": false,
        "tags": {
          "crossing": "marked",
          "highway": "crossing"
        }
      }
    },
    {
      "type": "Feature",
      "geometry": {
        "type": "Point",
        "coordinates": [
          -122.7768665,
          53.9206773
        ]
      },
      "properties": {
        "x_26910": 514654.0795356808,
        "y_26910": 5974719.30112126,
        "name": "",
        "osm_type": "node",
        "osm_id": 9498297795,
        "crossing_type": "marked",
        "marked": "yes",
        "signals": false,
        "tags": {
          "crossing": "marked",
          "highway": "crossing"
        }
      }
    },
    {
      "type": "Feature",
      "geometry": {
        "type": "Point",
        "coordinates": [
          -122.7814639,
          53.9205686
        ]
      },
      "properties": {
        "x_26910": 514352.1874138817,
        "y_26910": 5974706.26676472,
        "name": "",
        "osm_type": "node",
        "osm_id": 9498297800,
        "crossing_type": "marked",
        "marked": "yes",
        "signals": false,
        "tags": {
          "crossing": "marked",
          "highway": "crossing"
        }
      }
    },
    {
      "type": "Feature",
      "geometry": {
        "type": "Point",
        "coordinates": [
          -122.7814616,
          53.9206593
        ]
      },
      "properties": {
        "x_26910": 514352.30735661316,
        "y_26910": 5974716.35839938,
        "name": "",
        "osm_type": "node",
        "osm_id": 9498297801,
        "crossing_type": "marked",
        "marked": "yes",
        "signals": false,
        "tags": {
          "crossing": "marked",
          "highway": "crossing"
        }
      }
    },
    {
      "type": "Feature",
      "geometry": {
        "type": "Point",
        "coordinates": [
          -122.7815557,
          53.9204741
        ]
      },
      "properties": {
        "x_26910": 514346.1909266753,
        "y_26910": 5974695.73423162,
        "name": "",
        "osm_type": "node",
        "osm_id": 9498297802,
        "crossing_type": "marked",
        "marked": "yes",
        "signals": false,
        "tags": {
          "crossing": "marked",
          "highway": "crossing"
        }
      }
    },
    {
      "type": "Feature",
      "geometry": {
        "type": "Point",
        "coordinates": [
          -122.781552,
          53.9207104
        ]
      },
      "properties": {
        "x_26910": 514346.35291025124,
        "y_26910": 5974722.025423993,
        "name": "",
        "osm_type": "node",
        "osm_id": 9498297803,
        "crossing_type": "marked",
        "marked": "yes",
        "signals": false,
        "tags": {
          "crossing": "marked",
          "highway": "crossing"
        }
      }
    },
    {
      "type": "Feature",
      "geometry": {
        "type": "Point",
        "coordinates": [
          -122.781693,
          53.9204745
        ]
      },
      "properties": {
        "x_26910": 514337.17371250584,
        "y_26910": 5974695.750959197,
        "name": "",
        "osm_type": "node",
        "osm_id": 9498297804,
        "crossing_type": "marked",
        "marked": "yes",
        "signals": false,
        "tags": {
          "crossing": "marked",
          "highway": "crossing"
        }
      }
    },
    {
      "type": "Feature",
      "geometry": {
        "type": "Point",
        "coordinates": [
          -122.7817902,
          53.9204749
        ]
      },
      "properties": {
        "x_26910": 514330.79003662785,
        "y_26910": 5974695.775809601,
        "name": "",
        "osm_type": "node",
        "osm_id": 9498297805,
        "crossing_type": "marked",
        "marked": "yes",
        "signals": false,
        "tags": {
          "crossing": "marked",
          "highway": "crossing"
        }
      }
    },
    {
      "type": "Feature",
      "geometry": {
        "type": "Point",
        "coordinates": [
          -122.7817903,
          53.9207078
        ]
      },
      "properties": {
        "x_26910": 514330.7037107148,
        "y_26910": 5974721.687953363,
        "name": "",
        "osm_type": "node",
        "osm_id": 9498297806,
        "crossing_type": "marked",
        "marked": "yes",
        "signals": false,
        "tags": {
          "crossing": "marked",
          "highway": "crossing"
        }
      }
    },
    {
      "type": "Feature",
      "geometry": {
        "type": "Point",
        "coordinates": [
          -122.7819261,
          53.9205666
        ]
      },
      "properties": {
        "x_26910": 514321.8335197734,
        "y_26910": 5974705.95077405,
        "name": "",
        "osm_type": "node",
        "osm_id": 9498297807,
        "crossing_type": "marked",
        "marked": "yes",
        "signals": false,
        "tags": {
          "crossing": "marked",
          "highway": "crossing"
        }
      }
    },
    {
      "type": "Feature",
      "geometry": {
        "type": "Point",
        "coordinates": [
          -122.781926,
          53.920658
        ]
      },
      "properties": {
        "x_26910": 514321.8088059742,
        "y_26910": 5974716.119844498,
        "name": "",
        "osm_type": "node",
        "osm_id": 9498297808,
        "crossing_type": "marked",
        "marked": "yes",
        "signals": false,
        "tags": {
          "crossing": "marked",
          "highway": "crossing"
        }
      }
    },
    {
      "type": "Feature",
      "geometry": {
        "type": "Point",
        "coordinates": [
          -122.7819675,
          53.9207233
        ]
      },
      "properties": {
        "x_26910": 514319.0609913917,
        "y_26910": 5974723.376658249,
        "name": "",
        "osm_type": "node",
        "osm_id": 9498297810,
        "crossing_type": "marked",
        "marked": "yes",
        "signals": false,
        "tags": {
          "crossing": "marked",
          "highway": "crossing"
        }
      }
    },
    {
      "type": "Feature",
      "geometry": {
        "type": "Point",
        "coordinates": [
          -122.7813635,
          53.9207592
        ]
      },
      "properties": {
        "x_26910": 514358.715695326,
        "y_26910": 5974727.493014034,
        "name": "",
        "osm_type": "node",
        "osm_id": 9498297812,
        "crossing_type": "marked",
        "marked": "yes",
        "signals": false,
        "tags": {
          "crossing": "marked",
          "highway": "crossing"
        }
      }
    },
    {
      "type": "Feature",
      "geometry": {
        "type": "Point",
        "coordinates": [
          -122.7821614,
          53.9204114
        ]
      },
      "properties": {
        "x_26910": 514306.4334573527,
        "y_26910": 5974688.635905531,
        "name": "",
        "osm_type": "node",
        "osm_id": 9498297815,
        "crossing_type": "unmarked",
        "marked": "",
        "signals": false,
        "tags": {
          "crossing": "unmarked",
          "highway": "crossing"
        }
      }
    },
    {
      "type": "Feature",
      "geometry": {
        "type": "Point",
        "coordinates": [
          -122.7814187,
          53.9204464
        ]
      },
      "properties": {
        "x_26910": 514355.1978037207,
        "y_26910": 5974692.680096845,
        "name": "",
        "osm_type": "node",
        "osm_id": 9498299617,
        "crossing_type": "unmarked",
        "marked": "",
        "signals": false,
        "tags": {
          "crossing": "unmarked",
          "highway": "crossing"
        }
      }
    },
    {
      "type": "Feature",
      "geometry": {
        "type": "Point",
        "coordinates": [
          -122.7811394,
          53.920462
        ]
      },
      "properties": {
        "x_26910": 514373.53528077615,
        "y_26910": 5974694.472325382,
        "name": "",
        "osm_type": "node",
        "osm_id": 9498299620,
        "crossing_type": "marked",
        "marked": "yes",
        "signals": false,
        "tags": {
          "crossing": "marked",
          "crossing:markings": "yes",
          "highway": "crossing"
        }
      }
    },
    {
      "type": "Feature",
      "geometry": {
        "type": "Point",
        "coordinates": [
          -122.7811466,
          53.9207514
        ]
      },
      "properties": {
        "x_26910": 514372.96302616055,
        "y_26910": 5974726.669148882,
        "name": "",
        "osm_type": "node",
        "osm_id": 9498299623,
        "crossing_type": "unmarked",
        "marked": "",
        "signals": false,
        "tags": {
          "crossing": "unmarked",
          "highway": "crossing"
        }
      }
    },
    {
      "type": "Feature",
      "geometry": {
        "type": "Point",
        "coordinates": [
          -122.789505,
          53.9206453
        ]
      },
      "properties": {
        "x_26910": 513824.06986365316,
        "y_26910": 5974713.202346617,
        "name": "",
        "osm_type": "node",
        "osm_id": 9498299628,
        "crossing_type": "zebra",
        "marked": "yes",
        "signals": false,
        "tags": {
          "crossing": "zebra",
          "crossing:island": "no",
          "highway": "crossing"
        }
      }
    },
    {
      "type": "Feature",
      "geometry": {
        "type": "Point",
        "coordinates": [
          -122.789507,
          53.9205623
        ]
      },
      "properties": {
        "x_26910": 513823.96593447315,
        "y_26910": 5974703.967478536,
        "name": "",
        "osm_type": "node",
        "osm_id": 9498299629,
        "crossing_type": "zebra",
        "marked": "yes",
        "signals": false,
        "tags": {
          "crossing": "zebra",
          "crossing:island": "no",
          "highway": "crossing"
        }
      }
    },
    {
      "type": "Feature",
      "geometry": {
        "type": "Point",
        "coordinates": [
          -122.7895699,
          53.9204921
        ]
      },
      "properties": {
        "x_26910": 513819.8582144524,
        "y_26910": 5974696.144849262,
        "name": "",
        "osm_type": "node",
        "osm_id": 9498299630,
        "crossing_type": "marked",
        "marked": "yes",
        "signals": false,
        "tags": {
          "crossing": "marked",
          "highway": "crossing"
        }
      }
    },
    {
      "type": "Feature",
      "geometry": {
        "type": "Point",
        "coordinates": [
          -122.7663463,
          53.9206004
        ]
      },
      "properties": {
        "x_26910": 515345.0106795644,
        "y_26910": 5974712.971200972,
        "name": "",
        "osm_type": "node",
        "osm_id": 9498299636,
        "crossing_type": "marked",
        "marked": "yes",
        "signals": false,
        "tags": {
          "crossing": "marked",
          "highway": "crossing"
        }
      }
    },
    {
      "type": "Feature",
      "geometry": {
        "type": "Point",
        "coordinates": [
          -122.7663455,
          53.9206969
        ]
      },
      "properties": {
        "x_26910": 515345.02783249,
        "y_26910": 5974723.707840583,
        "name": "",
        "osm_type": "node",
        "osm_id": 9498299637,
        "crossing_type": "marked",
        "marked": "yes",
        "signals": false,
        "tags": {
          "crossing": "marked",
          "highway": "crossing"
        }
      }
    },
    {
      "type": "Feature",
      "geometry": {
        "type": "Point",
        "coordinates": [
          -122.7664613,
          53.9205184
        ]
      },
      "properties": {
        "x_26910": 515337.4882181094,
        "y_26910": 5974703.823099969,
        "name": "",
        "osm_type": "node",
        "osm_id": 9498299638,
        "crossing_type": "marked",
        "marked": "yes",
        "signals": false,
        "tags": {
          "crossing": "marked",
          "highway": "crossing"
        }
      }
    },
    {
      "type": "Feature",
      "geometry": {
        "type": "Point",
        "coordinates": [
          -122.7664603,
          53.9207315
        ]
      },
      "properties": {
        "x_26910": 515337.4757874594,
        "y_26910": 5974727.532549441,
        "name": "",
        "osm_type": "node",
        "osm_id": 9498299639,
        "crossing_type": "marked",
        "marked": "yes",
        "signals": false,
        "tags": {
          "crossing": "marked",
          "highway": "crossing"
        }
      }
    },
    {
      "type": "Feature",
      "geometry": {
        "type": "Point",
        "coordinates": [
          -122.763621,
          53.9205215
        ]
      },
      "properties": {
        "x_26910": 515524.0214314176,
        "y_26910": 5974704.786231519,
        "name": "",
        "osm_type": "node",
        "osm_id": 9498299644,
        "crossing_type": "marked",
        "marked": "yes",
        "signals": false,
        "tags": {
          "crossing": "marked",
          "highway": "crossing"
        }
      }
    },
    {
      "type": "Feature",
      "geometry": {
        "type": "Point",
        "coordinates": [
          -122.7636211,
          53.920726
        ]
      },
      "properties": {
        "x_26910": 515523.9389999982,
        "y_26910": 5974727.53861634,
        "name": "",
        "osm_type": "node",
        "osm_id": 9498299645,
        "crossing_type": "marked",
        "marked": "yes",
        "signals": false,
        "tags": {
          "crossing": "marked",
          "highway": "crossing"
        }
      }
    },
    {
      "type": "Feature",
      "geometry": {
        "type": "Point",
        "coordinates": [
          -122.7637493,
          53.9206986
        ]
      },
      "properties": {
        "x_26910": 515515.5297717596,
        "y_26910": 5974724.4620621335,
        "name": "",
        "osm_type": "node",
        "osm_id": 9498299646,
        "crossing_type": "marked",
        "marked": "yes",
        "signals": false,
        "tags": {
          "crossing": "marked",
          "highway": "crossing"
        }
      }
    },
    {
      "type": "Feature",
      "geometry": {
        "type": "Point",
        "coordinates": [
          -122.7637556,
          53.9206056
        ]
      },
      "properties": {
        "x_26910": 515515.1505071243,
        "y_26910": 5974714.113622988,
        "name": "",
        "osm_type": "node",
        "osm_id": 9498299647,
        "crossing_type": "marked",
        "marked": "yes",
        "signals": false,
        "tags": {
          "crossing": "marked",
          "highway": "crossing"
        }
      }
    },
    {
      "type": "Feature",
      "geometry": {
        "type": "Point",
        "coordinates": [
          -122.7492852,
          53.9174499
        ]
      },
      "properties": {
        "x_26910": 516466.72160261485,
        "y_26910": 5974366.27860921,
        "name": "",
        "osm_type": "node",
        "osm_id": 9586955978,
        "crossing_type": "crossing",
        "marked": "",
        "signals": false,
        "tags": {
          "highway": "crossing"
        }
      }
    },
    {
      "type": "Feature",
      "geometry": {
        "type": "Point",
        "coordinates": [
          -122.749577,
          53.917532
        ]
      },
      "properties": {
        "x_26910": 516447.52421433415,
        "y_26910": 5974375.345205553,
        "name": "",
        "osm_type": "node",
        "osm_id": 9586955981,
        "crossing_type": "crossing",
        "marked": "",
        "signals": false,
        "tags": {
          "highway": "crossing"
        }
      }
    },
    {
      "type": "Feature",
      "geometry": {
        "type": "Point",
        "coordinates": [
          -122.8050222,
          53.9148784
        ]
      },
      "properties": {
        "x_26910": 512806.7575498089,
        "y_26910": 5974068.669926941,
        "name": "",
        "osm_type": "node",
        "osm_id": 9588277058,
        "crossing_type": "uncontrolled",
        "marked": "yes",
        "signals": false,
        "tags": {
          "crossing": "uncontrolled",
          "crossing:markings": "yes",
          "highway": "crossing"
        }
      }
    },
    {
      "type": "Feature",
      "geometry": {
        "type": "Point",
        "coordinates": [
          -122.7865273,
          53.9226495
        ]
      },
      "properties": {
        "x_26910": 514018.9558954155,
        "y_26910": 5974936.771962026,
        "name": "",
        "osm_type": "node",
        "osm_id": 9588306991,
        "crossing_type": "crossing",
        "marked": "",
        "signals": false,
        "tags": {
          "highway": "crossing"
        }
      }
    },
    {
      "type": "Feature",
      "geometry": {
        "type": "Point",
        "coordinates": [
          -122.7898412,
          53.9749869
        ]
      },
      "properties": {
        "x_26910": 513784.06087034993,
        "y_26910": 5980759.144094756,
        "name": "",
        "osm_type": "node",
        "osm_id": 9653147698,
        "crossing_type": "marked",
        "marked": "yes",
        "signals": false,
        "tags": {
          "crossing": "marked",
          "crossing:island": "no",
          "highway": "crossing"
        }
      }
    },
    {
      "type": "Feature",
      "geometry": {
        "type": "Point",
        "coordinates": [
          -122.7897674,
          53.9748793
        ]
      },
      "properties": {
        "x_26910": 513788.936842442,
        "y_26910": 5980747.186903796,
        "name": "",
        "osm_type": "node",
        "osm_id": 9653147699,
        "crossing_type": "zebra",
        "marked": "yes",
        "signals": false,
        "tags": {
          "crossing": "zebra",
          "crossing:island": "no",
          "highway": "crossing"
        }
      }
    },
    {
      "type": "Feature",
      "geometry": {
        "type": "Point",
        "coordinates": [
          -122.7932605,
          53.9752866
        ]
      },
      "properties": {
        "x_26910": 513559.6961230078,
        "y_26910": 5980791.828774614,
        "name": "",
        "osm_type": "node",
        "osm_id": 9653147702,
        "crossing_type": "uncontrolled",
        "marked": "zebra",
        "signals": false,
        "tags": {
          "crossing": "uncontrolled",
          "crossing:island": "no",
          "crossing:markings": "zebra",
          "highway": "crossing"
        }
      }
    },
    {
      "type": "Feature",
      "geometry": {
        "type": "Point",
        "coordinates": [
          -122.793165,
          53.9752763
        ]
      },
      "properties": {
        "x_26910": 513565.9631448407,
        "y_26910": 5980790.701081964,
        "name": "",
        "osm_type": "node",
        "osm_id": 9653147703,
        "crossing_type": "marked",
        "marked": "yes",
        "signals": false,
        "tags": {
          "crossing": "marked",
          "crossing:island": "no",
          "highway": "crossing"
        }
      }
    },
    {
      "type": "Feature",
      "geometry": {
        "type": "Point",
        "coordinates": [
          -122.8074292,
          53.9943235
        ]
      },
      "properties": {
        "x_26910": 512624.6379401767,
        "y_26910": 5982907.255346834,
        "name": "",
        "osm_type": "node",
        "osm_id": 9653167513,
        "crossing_type": "zebra",
        "marked": "yes",
        "signals": false,
        "tags": {
          "crossing": "zebra",
          "highway": "crossing"
        }
      }
    },
    {
      "type": "Feature",
      "geometry": {
        "type": "Point",
        "coordinates": [
          -122.7975312,
          53.9311506
        ]
      },
      "properties": {
        "x_26910": 513293.61874743603,
        "y_26910": 5975880.475070744,
        "name": "",
        "osm_type": "node",
        "osm_id": 9663715279,
        "crossing_type": "zebra",
        "marked": "yes",
        "signals": false,
        "tags": {
          "crossing": "zebra",
          "crossing:island": "no",
          "highway": "crossing"
        }
      }
    },
    {
      "type": "Feature",
      "geometry": {
        "type": "Point",
        "coordinates": [
          -122.7622332,
          53.8909263
        ]
      },
      "properties": {
        "x_26910": 515626.2054095071,
        "y_26910": 5971412.375481359,
        "name": "",
        "osm_type": "node",
        "osm_id": 9663974642,
        "crossing_type": "zebra",
        "marked": "yes",
        "signals": false,
        "tags": {
          "crossing": "zebra",
          "crossing:island": "no",
          "highway": "crossing"
        }
      }
    },
    {
      "type": "Feature",
      "geometry": {
        "type": "Point",
        "coordinates": [
          -122.7887509,
          53.9235789
        ]
      },
      "properties": {
        "x_26910": 513872.62202728086,
        "y_26910": 5975039.738470862,
        "name": "",
        "osm_type": "node",
        "osm_id": 9664842495,
        "crossing_type": "zebra",
        "marked": "yes",
        "signals": false,
        "tags": {
          "crossing": "zebra",
          "crossing:island": "no",
          "highway": "crossing"
        }
      }
    },
    {
      "type": "Feature",
      "geometry": {
        "type": "Point",
        "coordinates": [
          -122.7917443,
          53.9235811
        ]
      },
      "properties": {
        "x_26910": 513676.0465039869,
        "y_26910": 5975039.401605607,
        "name": "",
        "osm_type": "node",
        "osm_id": 9664842497,
        "crossing_type": "zebra",
        "marked": "yes",
        "signals": false,
        "tags": {
          "crossing": "zebra",
          "crossing:island": "no",
          "highway": "crossing"
        }
      }
    },
    {
      "type": "Feature",
      "geometry": {
        "type": "Point",
        "coordinates": [
          -122.7917527,
          53.9217171
        ]
      },
      "properties": {
        "x_26910": 513676.10409524053,
        "y_26910": 5974832.0135538895,
        "name": "",
        "osm_type": "node",
        "osm_id": 9664842498,
        "crossing_type": "zebra",
        "marked": "yes",
        "signals": false,
        "tags": {
          "crossing": "zebra",
          "crossing:island": "no",
          "highway": "crossing"
        }
      }
    },
    {
      "type": "Feature",
      "geometry": {
        "type": "Point",
        "coordinates": [
          -122.7778102,
          53.8575894
        ]
      },
      "properties": {
        "x_26910": 514614.09314633446,
        "y_26910": 5967700.062795765,
        "name": "",
        "osm_type": "node",
        "osm_id": 9668983030,
        "crossing_type": "yes",
        "marked": "yes",
        "signals": false,
        "tags": {
          "crossing:island": "no",
          "crossing:markings": "yes",
          "crossing:signals": "no",
          "highway": "crossing",
          "tactile_paving": "no"
        }
      }
    },
    {
      "type": "Feature",
      "geometry": {
        "type": "Point",
        "coordinates": [
          -122.7790287,
          53.8601519
        ]
      },
      "properties": {
        "x_26910": 514533.06090027146,
        "y_26910": 5967984.91009678,
        "name": "",
        "osm_type": "node",
        "osm_id": 9669212060,
        "crossing_type": "crossing",
        "marked": "",
        "signals": true,
        "tags": {
          "crossing:island": "no",
          "crossing:signals": "yes",
          "highway": "crossing"
        }
      }
    },
    {
      "type": "Feature",
      "geometry": {
        "type": "Point",
        "coordinates": [
          -122.7796023,
          53.8575961
        ]
      },
      "properties": {
        "x_26910": 514496.21918691986,
        "y_26910": 5967700.440575952,
        "name": "",
        "osm_type": "node",
        "osm_id": 9669212079,
        "crossing_type": "zebra",
        "marked": "yes",
        "signals": false,
        "tags": {
          "crossing": "zebra",
          "highway": "crossing"
        }
      }
    },
    {
      "type": "Feature",
      "geometry": {
        "type": "Point",
        "coordinates": [
          -122.7647312,
          53.8588248
        ]
      },
      "properties": {
        "x_26910": 515473.88120804814,
        "y_26910": 5967840.283661199,
        "name": "",
        "osm_type": "node",
        "osm_id": 9669228949,
        "crossing_type": "uncontrolled",
        "marked": "yes",
        "signals": false,
        "tags": {
          "crossing": "uncontrolled",
          "crossing:markings": "yes",
          "highway": "crossing"
        }
      }
    },
    {
      "type": "Feature",
      "geometry": {
        "type": "Point",
        "coordinates": [
          -122.7605982,
          53.9004064
        ]
      },
      "properties": {
        "x_26910": 515730.0979059096,
        "y_26910": 5972467.476218301,
        "name": "",
        "osm_type": "node",
        "osm_id": 9669276130,
        "crossing_type": "uncontrolled",
        "marked": "zebra",
        "signals": false,
        "tags": {
          "crossing": "uncontrolled",
          "crossing:island": "no",
          "crossing:markings": "zebra",
          "highway": "crossing"
        }
      }
    },
    {
      "type": "Feature",
      "geometry": {
        "type": "Point",
        "coordinates": [
          -122.7835768,
          53.8760483
        ]
      },
      "properties": {
        "x_26910": 514228.54173156584,
        "y_26910": 5969752.586231475,
        "name": "",
        "osm_type": "node",
        "osm_id": 9669285946,
        "crossing_type": "zebra",
        "marked": "yes",
        "signals": false,
        "tags": {
          "crossing": "zebra",
          "crossing:island": "no",
          "highway": "crossing"
        }
      }
    },
    {
      "type": "Feature",
      "geometry": {
        "type": "Point",
        "coordinates": [
          -122.784573,
          53.8767295
        ]
      },
      "properties": {
        "x_26910": 514162.8174081085,
        "y_26910": 5969828.175769343,
        "name": "",
        "osm_type": "node",
        "osm_id": 9669285963,
        "crossing_type": "zebra",
        "marked": "yes",
        "signals": false,
        "tags": {
          "crossing": "zebra",
          "crossing:island": "no",
          "highway": "crossing"
        }
      }
    },
    {
      "type": "Feature",
      "geometry": {
        "type": "Point",
        "coordinates": [
          -122.7844345,
          53.8766607
        ]
      },
      "properties": {
        "x_26910": 514171.9460630765,
        "y_26910": 5969820.548885576,
        "name": "",
        "osm_type": "node",
        "osm_id": 9669285964,
        "crossing_type": "zebra",
        "marked": "yes",
        "signals": false,
        "tags": {
          "crossing": "zebra",
          "crossing:island": "no",
          "highway": "crossing"
        }
      }
    },
    {
      "type": "Feature",
      "geometry": {
        "type": "Point",
        "coordinates": [
          -122.7846968,
          53.8958696
        ]
      },
      "properties": {
        "x_26910": 514148.2139203919,
        "y_26910": 5971957.642652529,
        "name": "",
        "osm_type": "node",
        "osm_id": 9698938374,
        "crossing_type": "zebra",
        "marked": "yes",
        "signals": false,
        "tags": {
          "crossing": "zebra",
          "crossing:island": "no",
          "highway": "crossing",
          "tactile_paving": "no"
        }
      }
    },
    {
      "type": "Feature",
      "geometry": {
        "type": "Point",
        "coordinates": [
          -122.7827801,
          53.8920843
        ]
      },
      "properties": {
        "x_26910": 514275.45578139176,
        "y_26910": 5971536.88085748,
        "name": "",
        "osm_type": "node",
        "osm_id": 9698938379,
        "crossing_type": "zebra",
        "marked": "yes",
        "signals": false,
        "tags": {
          "crossing": "zebra",
          "crossing:island": "no",
          "highway": "crossing"
        }
      }
    },
    {
      "type": "Feature",
      "geometry": {
        "type": "Point",
        "coordinates": [
          -122.7857911,
          53.8920824
        ]
      },
      "properties": {
        "x_26910": 514077.57705468807,
        "y_26910": 5971536.067571144,
        "name": "",
        "osm_type": "node",
        "osm_id": 9698938403,
        "crossing_type": "zebra",
        "marked": "yes",
        "signals": false,
        "tags": {
          "crossing": "zebra",
          "crossing:island": "no",
          "highway": "crossing"
        }
      }
    },
    {
      "type": "Feature",
      "geometry": {
        "type": "Point",
        "coordinates": [
          -122.8122041,
          53.8931396
        ]
      },
      "properties": {
        "x_26910": 512341.43383756676,
        "y_26910": 5971648.7700123,
        "name": "",
        "osm_type": "node",
        "osm_id": 9738648631,
        "crossing_type": "crossing",
        "marked": "",
        "signals": false,
        "tags": {
          "highway": "crossing"
        }
      }
    },
    {
      "type": "Feature",
      "geometry": {
        "type": "Point",
        "coordinates": [
          -122.768263,
          53.9055254
        ]
      },
      "properties": {
        "x_26910": 515224.6152897237,
        "y_26910": 5973035.334885019,
        "name": "",
        "osm_type": "node",
        "osm_id": 9784232983,
        "crossing_type": "no",
        "marked": "no",
        "signals": false,
        "tags": {
          "crossing:island": "no",
          "crossing:markings": "no",
          "crossing:signals": "no",
          "highway": "crossing",
          "tactile_paving": "no"
        }
      }
    },
    {
      "type": "Feature",
      "geometry": {
        "type": "Point",
        "coordinates": [
          -122.7481149,
          53.8971255
        ]
      },
      "properties": {
        "x_26910": 516551.6187304765,
        "y_26910": 5972105.290329604,
        "name": "",
        "osm_type": "node",
        "osm_id": 9784232987,
        "crossing_type": "crossing",
        "marked": "",
        "signals": false,
        "tags": {
          "highway": "crossing"
        }
      }
    },
    {
      "type": "Feature",
      "geometry": {
        "type": "Point",
        "coordinates": [
          -122.7669467,
          53.8942128
        ]
      },
      "properties": {
        "x_26910": 515315.2297034672,
        "y_26910": 5971776.997283985,
        "name": "",
        "osm_type": "node",
        "osm_id": 9784233037,
        "crossing_type": "uncontrolled",
        "marked": "zebra",
        "signals": false,
        "tags": {
          "crossing": "uncontrolled",
          "crossing:markings": "zebra",
          "highway": "crossing"
        }
      }
    },
    {
      "type": "Feature",
      "geometry": {
        "type": "Point",
        "coordinates": [
          -122.7644222,
          53.913341
        ]
      },
      "properties": {
        "x_26910": 515474.0579048364,
        "y_26910": 5973905.718376707,
        "name": "",
        "osm_type": "node",
        "osm_id": 9823382180,
        "crossing_type": "marked",
        "marked": "yes",
        "signals": false,
        "tags": {
          "crossing": "marked",
          "highway": "crossing"
        }
      }
    },
    {
      "type": "Feature",
      "geometry": {
        "type": "Point",
        "coordinates": [
          -122.7638286,
          53.9134381
        ]
      },
      "properties": {
        "x_26910": 515513.01279483095,
        "y_26910": 5973916.651303688,
        "name": "",
        "osm_type": "node",
        "osm_id": 9823382193,
        "crossing_type": "marked",
        "marked": "yes",
        "signals": false,
        "tags": {
          "crossing": "marked",
          "highway": "crossing"
        }
      }
    },
    {
      "type": "Feature",
      "geometry": {
        "type": "Point",
        "coordinates": [
          -122.7578221,
          53.9098484
        ]
      },
      "properties": {
        "x_26910": 515908.91563354706,
        "y_26910": 5973518.597514053,
        "name": "",
        "osm_type": "node",
        "osm_id": 10750120622,
        "crossing_type": "traffic_signals",
        "marked": "yes",
        "signals": true,
        "tags": {
          "button_operated": "yes",
          "crossing": "traffic_signals",
          "highway": "crossing",
          "tactile_paving": "no",
          "traffic_signals:sound": "yes",
          "traffic_signals:vibration": "no"
        }
      }
    },
    {
      "type": "Feature",
      "geometry": {
        "type": "Point",
        "coordinates": [
          -122.7578305,
          53.9099596
        ]
      },
      "properties": {
        "x_26910": 515908.32157296035,
        "y_26910": 5973530.967574368,
        "name": "",
        "osm_type": "node",
        "osm_id": 10750120623,
        "crossing_type": "traffic_signals",
        "marked": "yes",
        "signals": true,
        "tags": {
          "button_operated": "yes",
          "crossing": "traffic_signals",
          "highway": "crossing",
          "tactile_paving": "no",
          "traffic_signals:sound": "yes",
          "traffic_signals:vibration": "no"
        }
      }
    },
    {
      "type": "Feature",
      "geometry": {
        "type": "Point",
        "coordinates": [
          -122.757928,
          53.9097544
        ]
      },
      "properties": {
        "x_26910": 515901.99467249954,
        "y_26910": 5973508.115458907,
        "name": "",
        "osm_type": "node",
        "osm_id": 10750120624,
        "crossing_type": "traffic_signals",
        "marked": "yes",
        "signals": true,
        "tags": {
          "crossing": "traffic_signals",
          "crossing:island": "no",
          "highway": "crossing",
          "tactile_paving": "no"
        }
      }
    },
    {
      "type": "Feature",
      "geometry": {
        "type": "Point",
        "coordinates": [
          -122.7580824,
          53.9097951
        ]
      },
      "properties": {
        "x_26910": 515891.8365228944,
        "y_26910": 5973512.609061939,
        "name": "",
        "osm_type": "node",
        "osm_id": 10750120625,
        "crossing_type": "traffic_signals",
        "marked": "yes",
        "signals": true,
        "tags": {
          "crossing": "traffic_signals",
          "highway": "crossing"
        }
      }
    },
    {
      "type": "Feature",
      "geometry": {
        "type": "Point",
        "coordinates": [
          -122.7580889,
          53.909907
        ]
      },
      "properties": {
        "x_26910": 515891.3670538881,
        "y_26910": 5973525.057431036,
        "name": "",
        "osm_type": "node",
        "osm_id": 10750120626,
        "crossing_type": "traffic_signals",
        "marked": "yes",
        "signals": true,
        "tags": {
          "crossing": "traffic_signals",
          "highway": "crossing"
        }
      }
    },
    {
      "type": "Feature",
      "geometry": {
        "type": "Point",
        "coordinates": [
          -122.7578206,
          53.9084362
        ]
      },
      "properties": {
        "x_26910": 515909.55083451804,
        "y_26910": 5973361.4786188025,
        "name": "",
        "osm_type": "node",
        "osm_id": 10750120635,
        "crossing_type": "marked",
        "marked": "yes",
        "signals": false,
        "tags": {
          "crossing": "marked",
          "crossing:island": "no",
          "highway": "crossing",
          "tactile_paving": "no"
        }
      }
    },
    {
      "type": "Feature",
      "geometry": {
        "type": "Point",
        "coordinates": [
          -122.7579363,
          53.9083414
        ]
      },
      "properties": {
        "x_26910": 515901.98614815134,
        "y_26910": 5973350.905360881,
        "name": "",
        "osm_type": "node",
        "osm_id": 10750120636,
        "crossing_type": "marked",
        "marked": "yes",
        "signals": false,
        "tags": {
          "crossing": "marked",
          "crossing:island": "no",
          "highway": "crossing",
          "tactile_paving": "no"
        }
      }
    },
    {
      "type": "Feature",
      "geometry": {
        "type": "Point",
        "coordinates": [
          -122.7579366,
          53.9084982
        ]
      },
      "properties": {
        "x_26910": 515901.90688208916,
        "y_26910": 5973368.350621906,
        "name": "",
        "osm_type": "node",
        "osm_id": 10750120637,
        "crossing_type": "marked",
        "marked": "yes",
        "signals": false,
        "tags": {
          "crossing": "marked",
          "crossing:island": "no",
          "highway": "crossing",
          "tactile_paving": "no"
        }
      }
    },
    {
      "type": "Feature",
      "geometry": {
        "type": "Point",
        "coordinates": [
          -122.7580573,
          53.9084357
        ]
      },
      "properties": {
        "x_26910": 515894.00146129506,
        "y_26910": 5973361.369904105,
        "name": "",
        "osm_type": "node",
        "osm_id": 10750120638,
        "crossing_type": "marked",
        "marked": "yes",
        "signals": false,
        "tags": {
          "crossing": "marked",
          "crossing:island": "no",
          "highway": "crossing",
          "tactile_paving": "no"
        }
      }
    },
    {
      "type": "Feature",
      "geometry": {
        "type": "Point",
        "coordinates": [
          -122.7580385,
          53.9058289
        ]
      },
      "properties": {
        "x_26910": 515896.22621192544,
        "y_26910": 5973071.345597236,
        "name": "",
        "osm_type": "node",
        "osm_id": 10750120643,
        "crossing_type": "crossing",
        "marked": "",
        "signals": false,
        "tags": {
          "highway": "crossing"
        }
      }
    },
    {
      "type": "Feature",
      "geometry": {
        "type": "Point",
        "coordinates": [
          -122.8159158,
          53.8581146
        ]
      },
      "properties": {
        "x_26910": 512107.62420889596,
        "y_26910": 5967751.319429769,
        "name": "",
        "osm_type": "node",
        "osm_id": 11515008207,
        "crossing_type": "traffic_signals",
        "marked": "lines",
        "signals": true,
        "tags": {
          "crossing": "traffic_signals",
          "crossing:markings": "lines",
          "highway": "crossing"
        }
      }
    },
    {
      "type": "Feature",
      "geometry": {
        "type": "Point",
        "coordinates": [
          -122.8160216,
          53.8583977
        ]
      },
      "properties": {
        "x_26910": 512100.58384133846,
        "y_26910": 5967782.798424846,
        "name": "",
        "osm_type": "node",
        "osm_id": 11515008208,
        "crossing_type": "traffic_signals",
        "marked": "lines",
        "signals": true,
        "tags": {
          "crossing": "traffic_signals",
          "crossing:markings": "lines",
          "highway": "crossing"
        }
      }
    },
    {
      "type": "Feature",
      "geometry": {
        "type": "Point",
        "coordinates": [
          -122.8161493,
          53.8582784
        ]
      },
      "properties": {
        "x_26910": 512092.21919045196,
        "y_26910": 5967769.50361312,
        "name": "",
        "osm_type": "node",
        "osm_id": 11515008209,
        "crossing_type": "traffic_signals",
        "marked": "lines",
        "signals": true,
        "tags": {
          "crossing": "traffic_signals",
          "crossing:markings": "lines",
          "highway": "crossing"
        }
      }
    },
    {
      "type": "Feature",
      "geometry": {
        "type": "Point",
        "coordinates": [
          -122.8161294,
          53.8581633
        ]
      },
      "properties": {
        "x_26910": 512093.5612381568,
        "y_26910": 5967756.701247808,
        "name": "",
        "osm_type": "node",
        "osm_id": 11515008210,
        "crossing_type": "traffic_signals",
        "marked": "lines",
        "signals": true,
        "tags": {
          "crossing": "traffic_signals",
          "crossing:markings": "lines",
          "highway": "crossing"
        }
      }
    },
    {
      "type": "Feature",
      "geometry": {
        "type": "Point",
        "coordinates": [
          -122.8158331,
          53.8583183
        ]
      },
      "properties": {
        "x_26910": 512113.0047364893,
        "y_26910": 5967773.996731943,
        "name": "",
        "osm_type": "node",
        "osm_id": 11515008211,
        "crossing_type": "traffic_signals",
        "marked": "lines",
        "signals": true,
        "tags": {
          "crossing": "traffic_signals",
          "crossing:markings": "lines",
          "highway": "crossing"
        }
      }
    },
    {
      "type": "Feature",
      "geometry": {
        "type": "Point",
        "coordinates": [
          -122.8158208,
          53.8582033
        ]
      },
      "properties": {
        "x_26910": 512113.8469439513,
        "y_26910": 5967761.204200566,
        "name": "",
        "osm_type": "node",
        "osm_id": 11515008212,
        "crossing_type": "traffic_signals",
        "marked": "lines",
        "signals": true,
        "tags": {
          "crossing": "traffic_signals",
          "crossing:markings": "lines",
          "highway": "crossing"
        }
      }
    },
    {
      "type": "Feature",
      "geometry": {
        "type": "Point",
        "coordinates": [
          -122.7450337,
          53.9098693
        ]
      },
      "properties": {
        "x_26910": 516748.9887864771,
        "y_26910": 5973523.868012359,
        "name": "",
        "osm_type": "node",
        "osm_id": 11565773126,
        "crossing_type": "uncontrolled",
        "marked": "yes",
        "signals": false,
        "tags": {
          "crossing": "uncontrolled",
          "crossing:markings": "yes",
          "highway": "crossing"
        }
      }
    },
    {
      "type": "Feature",
      "geometry": {
        "type": "Point",
        "coordinates": [
          -122.7481628,
          53.9119965
        ]
      },
      "properties": {
        "x_26910": 516542.594878873,
        "y_26910": 5973759.802438816,
        "name": "",
        "osm_type": "node",
        "osm_id": 11565848788,
        "crossing_type": "uncontrolled",
        "marked": "yes",
        "signals": false,
        "tags": {
          "crossing": "uncontrolled",
          "crossing:markings": "yes",
          "highway": "crossing"
        }
      }
    },
    {
      "type": "Feature",
      "geometry": {
        "type": "Point",
        "coordinates": [
          -122.7422955,
          53.9139542
        ]
      },
      "properties": {
        "x_26910": 516927.2115696651,
        "y_26910": 5973978.998150731,
        "name": "",
        "osm_type": "node",
        "osm_id": 11565995503,
        "crossing_type": "traffic_signals",
        "marked": "yes",
        "signals": true,
        "tags": {
          "crossing": "traffic_signals",
          "crossing:markings": "yes",
          "highway": "crossing"
        }
      }
    },
    {
      "type": "Feature",
      "geometry": {
        "type": "Point",
        "coordinates": [
          -122.7424051,
          53.9139855
        ]
      },
      "properties": {
        "x_26910": 516919.99990207155,
        "y_26910": 5973982.454381155,
        "name": "",
        "osm_type": "node",
        "osm_id": 11565995504,
        "crossing_type": "traffic_signals",
        "marked": "yes",
        "signals": true,
        "tags": {
          "crossing": "traffic_signals",
          "crossing:markings": "yes",
          "highway": "crossing"
        }
      }
    },
    {
      "type": "Feature",
      "geometry": {
        "type": "Point",
        "coordinates": [
          -122.7423416,
          53.9120142
        ]
      },
      "properties": {
        "x_26910": 516924.9679162498,
        "y_26910": 5973763.145624229,
        "name": "",
        "osm_type": "node",
        "osm_id": 11565995511,
        "crossing_type": "uncontrolled",
        "marked": "yes",
        "signals": false,
        "tags": {
          "crossing": "uncontrolled",
          "crossing:markings": "yes",
          "highway": "crossing"
        }
      }
    },
    {
      "type": "Feature",
      "geometry": {
        "type": "Point",
        "coordinates": [
          -122.742161,
          53.9118323
        ]
      },
      "properties": {
        "x_26910": 516936.90467467817,
        "y_26910": 5973742.950830877,
        "name": "",
        "osm_type": "node",
        "osm_id": 11565995535,
        "crossing_type": "uncontrolled",
        "marked": "yes",
        "signals": false,
        "tags": {
          "crossing": "uncontrolled",
          "crossing:markings": "yes",
          "highway": "crossing"
        }
      }
    },
    {
      "type": "Feature",
      "geometry": {
        "type": "Point",
        "coordinates": [
          -122.7421406,
          53.9140054
        ]
      },
      "properties": {
        "x_26910": 516937.3653718801,
        "y_26910": 5973984.731581542,
        "name": "",
        "osm_type": "node",
        "osm_id": 11565995548,
        "crossing_type": "traffic_signals",
        "marked": "yes",
        "signals": true,
        "tags": {
          "crossing": "traffic_signals",
          "highway": "crossing"
        }
      }
    },
    {
      "type": "Feature",
      "geometry": {
        "type": "Point",
        "coordinates": [
          -122.7422034,
          53.914136
        ]
      },
      "properties": {
        "x_26910": 516933.18755936547,
        "y_26910": 5973999.246945488,
        "name": "",
        "osm_type": "node",
        "osm_id": 11565995549,
        "crossing_type": "traffic_signals",
        "marked": "yes",
        "signals": true,
        "tags": {
          "crossing": "traffic_signals",
          "highway": "crossing"
        }
      }
    },
    {
      "type": "Feature",
      "geometry": {
        "type": "Point",
        "coordinates": [
          -122.7424359,
          53.9140891
        ]
      },
      "properties": {
        "x_26910": 516917.9349489267,
        "y_26910": 5973993.9734154595,
        "name": "",
        "osm_type": "node",
        "osm_id": 11565995550,
        "crossing_type": "traffic_signals",
        "marked": "yes",
        "signals": true,
        "tags": {
          "crossing": "traffic_signals",
          "highway": "crossing"
        }
      }
    },
    {
      "type": "Feature",
      "geometry": {
        "type": "Point",
        "coordinates": [
          -122.7425107,
          53.9115841
        ]
      },
      "properties": {
        "x_26910": 516914.0339473663,
        "y_26910": 5973715.252992349,
        "name": "",
        "osm_type": "node",
        "osm_id": 11565995565,
        "crossing_type": "uncontrolled",
        "marked": "yes",
        "signals": false,
        "tags": {
          "crossing": "uncontrolled",
          "crossing:markings": "yes",
          "highway": "crossing"
        }
      }
    },
    {
      "type": "Feature",
      "geometry": {
        "type": "Point",
        "coordinates": [
          -122.7581419,
          53.9099981
        ]
      },
      "properties": {
        "x_26910": 515887.8508662141,
        "y_26910": 5973535.181202802,
        "name": "",
        "osm_type": "node",
        "osm_id": 11566093670,
        "crossing_type": "uncontrolled",
        "marked": "yes",
        "signals": false,
        "tags": {
          "crossing": "uncontrolled",
          "crossing:markings": "yes",
          "highway": "crossing"
        }
      }
    },
    {
      "type": "Feature",
      "geometry": {
        "type": "Point",
        "coordinates": [
          -122.7603433,
          53.9094941
        ]
      },
      "properties": {
        "x_26910": 515743.42894526426,
        "y_26910": 5973478.615870337,
        "name": "",
        "osm_type": "node",
        "osm_id": 11566093682,
        "crossing_type": "uncontrolled",
        "marked": "yes",
        "signals": false,
        "tags": {
          "crossing": "uncontrolled",
          "crossing:markings": "yes",
          "highway": "crossing"
        }
      }
    },
    {
      "type": "Feature",
      "geometry": {
        "type": "Point",
        "coordinates": [
          -122.7606485,
          53.9095861
        ]
      },
      "properties": {
        "x_26910": 515723.3453547532,
        "y_26910": 5973488.7839279035,
        "name": "",
        "osm_type": "node",
        "osm_id": 11566093686,
        "crossing_type": "uncontrolled",
        "marked": "yes",
        "signals": false,
        "tags": {
          "crossing": "uncontrolled",
          "crossing:markings": "yes",
          "highway": "crossing"
        }
      }
    },
    {
      "type": "Feature",
      "geometry": {
        "type": "Point",
        "coordinates": [
          -122.7604664,
          53.9095613
        ]
      },
      "properties": {
        "x_26910": 515735.31706680346,
        "y_26910": 5973486.065114961,
        "name": "",
        "osm_type": "node",
        "osm_id": 11566093689,
        "crossing_type": "uncontrolled",
        "marked": "zebra",
        "signals": false,
        "tags": {
          "crossing": "uncontrolled",
          "crossing:island": "no",
          "crossing:markings": "zebra",
          "highway": "crossing"
        }
      }
    },
    {
      "type": "Feature",
      "geometry": {
        "type": "Point",
        "coordinates": [
          -122.7624223,
          53.9094356
        ]
      },
      "properties": {
        "x_26910": 515606.8781847937,
        "y_26910": 5973471.647623124,
        "name": "",
        "osm_type": "node",
        "osm_id": 11566093694,
        "crossing_type": "uncontrolled",
        "marked": "zebra",
        "signals": false,
        "tags": {
          "crossing": "uncontrolled",
          "crossing:island": "no",
          "crossing:markings": "zebra",
          "highway": "crossing"
        }
      }
    },
    {
      "type": "Feature",
      "geometry": {
        "type": "Point",
        "coordinates": [
          -122.7623794,
          53.9095267
        ]
      },
      "properties": {
        "x_26910": 515609.66238462034,
        "y_26910": 5973481.792716531,
        "name": "",
        "osm_type": "node",
        "osm_id": 11566093696,
        "crossing_type": "uncontrolled",
        "marked": "yes",
        "signals": false,
        "tags": {
          "crossing": "uncontrolled",
          "crossing:markings": "yes",
          "highway": "crossing"
        }
      }
    },
    {
      "type": "Feature",
      "geometry": {
        "type": "Point",
        "coordinates": [
          -122.7622596,
          53.909583
        ]
      },
      "properties": {
        "x_26910": 515617.5112138569,
        "y_26910": 5973488.082951639,
        "name": "",
        "osm_type": "node",
        "osm_id": 11566093697,
        "crossing_type": "uncontrolled",
        "marked": "zebra",
        "signals": false,
        "tags": {
          "crossing": "uncontrolled",
          "crossing:island": "no",
          "crossing:markings": "zebra",
          "highway": "crossing"
        }
      }
    },
    {
      "type": "Feature",
      "geometry": {
        "type": "Point",
        "coordinates": [
          -122.7641953,
          53.9082789
        ]
      },
      "properties": {
        "x_26910": 515490.83503538824,
        "y_26910": 5973342.566111158,
        "name": "",
        "osm_type": "node",
        "osm_id": 11566093700,
        "crossing_type": "uncontrolled",
        "marked": "zebra",
        "signals": false,
        "tags": {
          "crossing": "uncontrolled",
          "crossing:markings": "zebra",
          "highway": "crossing"
        }
      }
    },
    {
      "type": "Feature",
      "geometry": {
        "type": "Point",
        "coordinates": [
          -122.7421164,
          53.8849143
        ]
      },
      "properties": {
        "x_26910": 516950.7255547324,
        "y_26910": 5970748.112087783,
        "name": "",
        "osm_type": "node",
        "osm_id": 11582840906,
        "crossing_type": "uncontrolled",
        "marked": "yes",
        "signals": false,
        "tags": {
          "crossing": "uncontrolled",
          "crossing:markings": "yes",
          "highway": "crossing"
        }
      }
    },
    {
      "type": "Feature",
      "geometry": {
        "type": "Point",
        "coordinates": [
          -122.7419637,
          53.8847185
        ]
      },
      "properties": {
        "x_26910": 516960.84178177075,
        "y_26910": 5970726.364278651,
        "name": "",
        "osm_type": "node",
        "osm_id": 11582840907,
        "crossing_type": "uncontrolled",
        "marked": "yes",
        "signals": false,
        "tags": {
          "crossing": "uncontrolled",
          "crossing:markings": "yes",
          "highway": "crossing"
        }
      }
    },
    {
      "type": "Feature",
      "geometry": {
        "type": "Point",
        "coordinates": [
          -122.7364024,
          53.8766818
        ]
      },
      "properties": {
        "x_26910": 517329.7107446172,
        "y_26910": 5969833.562168794,
        "name": "",
        "osm_type": "node",
        "osm_id": 11582840923,
        "crossing_type": "traffic_signals",
        "marked": "yes",
        "signals": true,
        "tags": {
          "crossing": "traffic_signals",
          "highway": "crossing"
        }
      }
    },
    {
      "type": "Feature",
      "geometry": {
        "type": "Point",
        "coordinates": [
          -122.7365118,
          53.8766694
        ]
      },
      "properties": {
        "x_26910": 517322.5235948705,
        "y_26910": 5969832.155849397,
        "name": "",
        "osm_type": "node",
        "osm_id": 11582840927,
        "crossing_type": "traffic_signals",
        "marked": "yes",
        "signals": true,
        "tags": {
          "crossing": "traffic_signals",
          "highway": "crossing"
        }
      }
    },
    {
      "type": "Feature",
      "geometry": {
        "type": "Point",
        "coordinates": [
          -122.7364588,
          53.8764859
        ]
      },
      "properties": {
        "x_26910": 517326.0838230574,
        "y_26910": 5969811.752983501,
        "name": "",
        "osm_type": "node",
        "osm_id": 11582840928,
        "crossing_type": "traffic_signals",
        "marked": "yes",
        "signals": true,
        "tags": {
          "crossing": "traffic_signals",
          "highway": "crossing"
        }
      }
    },
    {
      "type": "Feature",
      "geometry": {
        "type": "Point",
        "coordinates": [
          -122.7362383,
          53.8765183
        ]
      },
      "properties": {
        "x_26910": 517340.5667983845,
        "y_26910": 5969815.41161918,
        "name": "",
        "osm_type": "node",
        "osm_id": 11582840929,
        "crossing_type": "traffic_signals",
        "marked": "yes",
        "signals": true,
        "tags": {
          "crossing": "traffic_signals",
          "highway": "crossing"
        }
      }
    },
    {
      "type": "Feature",
      "geometry": {
        "type": "Point",
        "coordinates": [
          -122.7362882,
          53.8766917
        ]
      },
      "properties": {
        "x_26910": 517337.2144900568,
        "y_26910": 5969834.691527922,
        "name": "",
        "osm_type": "node",
        "osm_id": 11582840930,
        "crossing_type": "traffic_signals",
        "marked": "yes",
        "signals": true,
        "tags": {
          "crossing": "traffic_signals",
          "highway": "crossing"
        }
      }
    },
    {
      "type": "Feature",
      "geometry": {
        "type": "Point",
        "coordinates": [
          -122.7366012,
          53.876515
        ]
      },
      "properties": {
        "x_26910": 517316.7099662726,
        "y_26910": 5969814.955812604,
        "name": "",
        "osm_type": "node",
        "osm_id": 11582840931,
        "crossing_type": "traffic_signals",
        "marked": "yes",
        "signals": true,
        "tags": {
          "crossing": "traffic_signals",
          "highway": "crossing"
        }
      }
    },
    {
      "type": "Feature",
      "geometry": {
        "type": "Point",
        "coordinates": [
          -122.7366141,
          53.8765854
        ]
      },
      "properties": {
        "x_26910": 517315.83279545564,
        "y_26910": 5969822.785214114,
        "name": "",
        "osm_type": "node",
        "osm_id": 11582840932,
        "crossing_type": "traffic_signals",
        "marked": "yes",
        "signals": true,
        "tags": {
          "crossing": "traffic_signals",
          "highway": "crossing"
        }
      }
    },
    {
      "type": "Feature",
      "geometry": {
        "type": "Point",
        "coordinates": [
          -122.7363656,
          53.8764966
        ]
      },
      "properties": {
        "x_26910": 517332.20666641695,
        "y_26910": 5969812.966211421,
        "name": "",
        "osm_type": "node",
        "osm_id": 11582840938,
        "crossing_type": "traffic_signals",
        "marked": "yes",
        "signals": true,
        "tags": {
          "crossing": "traffic_signals",
          "highway": "crossing"
        }
      }
    },
    {
      "type": "Feature",
      "geometry": {
        "type": "Point",
        "coordinates": [
          -122.7367263,
          53.8766741
        ]
      },
      "properties": {
        "x_26910": 517308.4197953548,
        "y_26910": 5969832.6263989555,
        "name": "",
        "osm_type": "node",
        "osm_id": 11582840940,
        "crossing_type": "uncontrolled",
        "marked": "yes",
        "signals": false,
        "tags": {
          "crossing": "uncontrolled",
          "crossing:markings": "yes",
          "highway": "crossing"
        }
      }
    },
    {
      "type": "Feature",
      "geometry": {
        "type": "Point",
        "coordinates": [
          -122.7366224,
          53.8764056
        ]
      },
      "properties": {
        "x_26910": 517315.3614052253,
        "y_26910": 5969802.779031653,
        "name": "",
        "osm_type": "node",
        "osm_id": 11582840943,
        "crossing_type": "uncontrolled",
        "marked": "yes",
        "signals": false,
        "tags": {
          "crossing": "uncontrolled",
          "crossing:markings": "yes",
          "highway": "crossing"
        }
      }
    },
    {
      "type": "Feature",
      "geometry": {
        "type": "Point",
        "coordinates": [
          -122.7360634,
          53.8765007
        ]
      },
      "properties": {
        "x_26910": 517352.0725644738,
        "y_26910": 5969813.496252864,
        "name": "",
        "osm_type": "node",
        "osm_id": 11582840946,
        "crossing_type": "uncontrolled",
        "marked": "yes",
        "signals": false,
        "tags": {
          "crossing": "uncontrolled",
          "crossing:markings": "yes",
          "highway": "crossing"
        }
      }
    },
    {
      "type": "Feature",
      "geometry": {
        "type": "Point",
        "coordinates": [
          -122.7361127,
          53.8767597
        ]
      },
      "properties": {
        "x_26910": 517348.7242222261,
        "y_26910": 5969842.299969881,
        "name": "",
        "osm_type": "node",
        "osm_id": 11582840947,
        "crossing_type": "uncontrolled",
        "marked": "yes",
        "signals": false,
        "tags": {
          "crossing": "uncontrolled",
          "crossing:markings": "yes",
          "highway": "crossing"
        }
      }
    },
    {
      "type": "Feature",
      "geometry": {
        "type": "Point",
        "coordinates": [
          -122.7361662,
          53.8766173
        ]
      },
      "properties": {
        "x_26910": 517345.2659119617,
        "y_26910": 5969826.443771949,
        "name": "",
        "osm_type": "node",
        "osm_id": 11582840949,
        "crossing_type": "traffic_signals",
        "marked": "yes",
        "signals": true,
        "tags": {
          "crossing": "traffic_signals",
          "highway": "crossing"
        }
      }
    },
    {
      "type": "Feature",
      "geometry": {
        "type": "Point",
        "coordinates": [
          -122.7411985,
          53.915623
        ]
      },
      "properties": {
        "x_26910": 516998.5896488897,
        "y_26910": 5974164.928882038,
        "name": "",
        "osm_type": "node",
        "osm_id": 11660010337,
        "crossing_type": "uncontrolled",
        "marked": "yes",
        "signals": false,
        "tags": {
          "crossing": "uncontrolled",
          "highway": "crossing"
        }
      }
    },
    {
      "type": "Feature",
      "geometry": {
        "type": "Point",
        "coordinates": [
          -122.7426404,
          53.9160279
        ]
      },
      "properties": {
        "x_26910": 516903.71949732606,
        "y_26910": 5974209.63272378,
        "name": "",
        "osm_type": "node",
        "osm_id": 11660010343,
        "crossing_type": "uncontrolled",
        "marked": "yes",
        "signals": false,
        "tags": {
          "crossing": "uncontrolled",
          "highway": "crossing"
        }
      }
    },
    {
      "type": "Feature",
      "geometry": {
        "type": "Point",
        "coordinates": [
          -122.7572746,
          53.9203542
        ]
      },
      "properties": {
        "x_26910": 515940.87968153,
        "y_26910": 5974687.581037082,
        "name": "",
        "osm_type": "node",
        "osm_id": 11660010357,
        "crossing_type": "uncontrolled",
        "marked": "yes",
        "signals": false,
        "tags": {
          "crossing": "uncontrolled",
          "highway": "crossing"
        }
      }
    },
    {
      "type": "Feature",
      "geometry": {
        "type": "Point",
        "coordinates": [
          -122.7916053,
          53.8649323
        ]
      },
      "properties": {
        "x_26910": 513704.3493852096,
        "y_26910": 5968514.263466349,
        "name": "",
        "osm_type": "node",
        "osm_id": 11663761285,
        "crossing_type": "uncontrolled",
        "marked": "yes",
        "signals": false,
        "tags": {
          "crossing": "uncontrolled",
          "crossing:markings": "yes",
          "highway": "crossing"
        }
      }
    },
    {
      "type": "Feature",
      "geometry": {
        "type": "Point",
        "coordinates": [
          -122.8247262,
          53.8494897
        ]
      },
      "properties": {
        "x_26910": 511530.51575860166,
        "y_26910": 5966790.266241429,
        "name": "",
        "osm_type": "node",
        "osm_id": 11663761296,
        "crossing_type": "uncontrolled",
        "marked": "yes",
        "signals": false,
        "tags": {
          "crossing": "uncontrolled",
          "crossing:markings": "yes",
          "highway": "crossing"
        }
      }
    },
    {
      "type": "Feature",
      "geometry": {
        "type": "Point",
        "coordinates": [
          -122.8334986,
          53.8404433
        ]
      },
      "properties": {
        "x_26910": 510955.77906315686,
        "y_26910": 5965782.397017473,
        "name": "",
        "osm_type": "node",
        "osm_id": 11663761307,
        "crossing_type": "uncontrolled",
        "marked": "yes",
        "signals": false,
        "tags": {
          "crossing": "uncontrolled",
          "crossing:markings": "yes",
          "highway": "crossing"
        }
      }
    },
    {
      "type": "Feature",
      "geometry": {
        "type": "Point",
        "coordinates": [
          -122.8333507,
          53.8405001
        ]
      },
      "properties": {
        "x_26910": 510965.49602318765,
        "y_26910": 5965788.739279075,
        "name": "",
        "osm_type": "node",
        "osm_id": 11663761308,
        "crossing_type": "uncontrolled",
        "marked": "yes",
        "signals": false,
        "tags": {
          "crossing": "uncontrolled",
          "crossing:markings": "yes",
          "highway": "crossing"
        }
      }
    },
    {
      "type": "Feature",
      "geometry": {
        "type": "Point",
        "coordinates": [
          -122.8387619,
          53.835266
        ]
      },
      "properties": {
        "x_26910": 510610.76331752975,
        "y_26910": 5965205.584752128,
        "name": "",
        "osm_type": "node",
        "osm_id": 11663761313,
        "crossing_type": "uncontrolled",
        "marked": "yes",
        "signals": false,
        "tags": {
          "crossing": "uncontrolled",
          "crossing:markings": "yes",
          "highway": "crossing"
        }
      }
    },
    {
      "type": "Feature",
      "geometry": {
        "type": "Point",
        "coordinates": [
          -122.7432725,
          53.9127113
        ]
      },
      "properties": {
        "x_26910": 516863.5385953096,
        "y_26910": 5973840.482111093,
        "name": "",
        "osm_type": "node",
        "osm_id": 11725728930,
        "crossing_type": "crossing",
        "marked": "",
        "signals": false,
        "tags": {
          "highway": "crossing"
        }
      }
    },
    {
      "type": "Feature",
      "geometry": {
        "type": "Point",
        "coordinates": [
          -122.7433096,
          53.91277
        ]
      },
      "properties": {
        "x_26910": 516861.0779851228,
        "y_26910": 5973847.004162245,
        "name": "",
        "osm_type": "node",
        "osm_id": 11725728931,
        "crossing_type": "crossing",
        "marked": "",
        "signals": false,
        "tags": {
          "highway": "crossing"
        }
      }
    },
    {
      "type": "Feature",
      "geometry": {
        "type": "Point",
        "coordinates": [
          -122.7674373,
          53.888988
        ]
      },
      "properties": {
        "x_26910": 515284.8959551395,
        "y_26910": 5971195.5896978,
        "name": "",
        "osm_type": "node",
        "osm_id": 11899148443,
        "crossing_type": "traffic_signals",
        "marked": "lines",
        "signals": true,
        "tags": {
          "crossing": "traffic_signals",
          "crossing:island": "no",
          "crossing:markings": "lines",
          "highway": "crossing"
        }
      }
    },
    {
      "type": "Feature",
      "geometry": {
        "type": "Point",
        "coordinates": [
          -122.7672595,
          53.888987
        ]
      },
      "properties": {
        "x_26910": 515296.581985887,
        "y_26910": 5971195.516773683,
        "name": "",
        "osm_type": "node",
        "osm_id": 11899148444,
        "crossing_type": "traffic_signals",
        "marked": "lines",
        "signals": true,
        "tags": {
          "crossing": "traffic_signals",
          "crossing:island": "no",
          "crossing:markings": "lines",
          "highway": "crossing"
        }
      }
    },
    {
      "type": "Feature",
      "geometry": {
        "type": "Point",
        "coordinates": [
          -122.7676017,
          53.8888812
        ]
      },
      "properties": {
        "x_26910": 515274.1299232462,
        "y_26910": 5971183.6719103865,
        "name": "",
        "osm_type": "node",
        "osm_id": 11899148446,
        "crossing_type": "traffic_signals",
        "marked": "lines",
        "signals": true,
        "tags": {
          "crossing": "traffic_signals",
          "crossing:island": "no",
          "crossing:markings": "lines",
          "highway": "crossing"
        }
      }
    },
    {
      "type": "Feature",
      "geometry": {
        "type": "Point",
        "coordinates": [
          -122.7676033,
          53.8887972
        ]
      },
      "properties": {
        "x_26910": 515274.05538934807,
        "y_26910": 5971174.325882835,
        "name": "",
        "osm_type": "node",
        "osm_id": 11899148447,
        "crossing_type": "traffic_signals",
        "marked": "lines",
        "signals": true,
        "tags": {
          "crossing": "traffic_signals",
          "crossing:island": "no",
          "crossing:markings": "lines",
          "highway": "crossing"
        }
      }
    },
    {
      "type": "Feature",
      "geometry": {
        "type": "Point",
        "coordinates": [
          -122.7674395,
          53.8887074
        ]
      },
      "properties": {
        "x_26910": 515284.85373468173,
        "y_26910": 5971164.370192297,
        "name": "",
        "osm_type": "node",
        "osm_id": 11899148449,
        "crossing_type": "traffic_signals",
        "marked": "lines",
        "signals": true,
        "tags": {
          "crossing": "traffic_signals",
          "crossing:island": "no",
          "crossing:markings": "lines",
          "highway": "crossing"
        }
      }
    },
    {
      "type": "Feature",
      "geometry": {
        "type": "Point",
        "coordinates": [
          -122.7671321,
          53.8887958
        ]
      },
      "properties": {
        "x_26910": 515305.0250274738,
        "y_26910": 5971174.271704851,
        "name": "",
        "osm_type": "node",
        "osm_id": 11899148451,
        "crossing_type": "traffic_signals",
        "marked": "lines",
        "signals": true,
        "tags": {
          "crossing": "traffic_signals",
          "crossing:island": "no",
          "crossing:markings": "lines",
          "highway": "crossing"
        }
      }
    },
    {
      "type": "Feature",
      "geometry": {
        "type": "Point",
        "coordinates": [
          -122.7671305,
          53.8888761
        ]
      },
      "properties": {
        "x_26910": 515305.1008509524,
        "y_26910": 5971183.206077922,
        "name": "",
        "osm_type": "node",
        "osm_id": 11899148452,
        "crossing_type": "traffic_signals",
        "marked": "lines",
        "signals": true,
        "tags": {
          "crossing": "traffic_signals",
          "crossing:island": "no",
          "crossing:markings": "lines",
          "highway": "crossing"
        }
      }
    },
    {
      "type": "Feature",
      "geometry": {
        "type": "Point",
        "coordinates": [
          -122.7672649,
          53.8887045
        ]
      },
      "properties": {
        "x_26910": 515296.33022028254,
        "y_26910": 5971164.08518732,
        "name": "",
        "osm_type": "node",
        "osm_id": 11899148454,
        "crossing_type": "traffic_signals",
        "marked": "lines",
        "signals": true,
        "tags": {
          "crossing": "traffic_signals",
          "crossing:island": "no",
          "crossing:markings": "lines",
          "highway": "crossing"
        }
      }
    },
    {
      "type": "Feature",
      "geometry": {
        "type": "Point",
        "coordinates": [
          -122.7607675,
          53.8964865
        ]
      },
      "properties": {
        "x_26910": 515720.4452378772,
        "y_26910": 5972031.317294147,
        "name": "",
        "osm_type": "node",
        "osm_id": 12279557821,
        "crossing_type": "unmarked",
        "marked": "no",
        "signals": false,
        "tags": {
          "crossing": "unmarked",
          "crossing:island": "no",
          "crossing:markings": "no",
          "highway": "crossing"
        }
      }
    },
    {
      "type": "Feature",
      "geometry": {
        "type": "Point",
        "coordinates": [
          -122.7607513,
          53.8995366
        ]
      },
      "properties": {
        "x_26910": 515720.3648616388,
        "y_26910": 5972370.669779417,
        "name": "",
        "osm_type": "node",
        "osm_id": 12279557823,
        "crossing_type": "unmarked",
        "marked": "no",
        "signals": false,
        "tags": {
          "crossing": "unmarked",
          "crossing:island": "no",
          "crossing:markings": "no",
          "highway": "crossing"
        }
      }
    },
    {
      "type": "Feature",
      "geometry": {
        "type": "Point",
        "coordinates": [
          -122.7529303,
          53.9131689
        ]
      },
      "properties": {
        "x_26910": 516228.975033729,
        "y_26910": 5973889.140114371,
        "name": "",
        "osm_type": "node",
        "osm_id": 13074547511,
        "crossing_type": "traffic_signals",
        "marked": "lines",
        "signals": true,
        "tags": {
          "crossing": "traffic_signals",
          "crossing:markings": "lines",
          "highway": "crossing"
        }
      }
    },
    {
      "type": "Feature",
      "geometry": {
        "type": "Point",
        "coordinates": [
          -122.752809,
          53.9133183
        ]
      },
      "properties": {
        "x_26910": 516236.8847552217,
        "y_26910": 5973905.789914057,
        "name": "",
        "osm_type": "node",
        "osm_id": 13074547512,
        "crossing_type": "traffic_signals",
        "marked": "lines",
        "signals": true,
        "tags": {
          "crossing": "traffic_signals",
          "crossing:markings": "lines",
          "highway": "crossing"
        }
      }
    },
    {
      "type": "Feature",
      "geometry": {
        "type": "Point",
        "coordinates": [
          -122.7530202,
          53.9132754
        ]
      },
      "properties": {
        "x_26910": 516223.02861341543,
        "y_26910": 5973900.968575243,
        "name": "",
        "osm_type": "node",
        "osm_id": 13074547513,
        "crossing_type": "traffic_signals",
        "marked": "lines",
        "signals": true,
        "tags": {
          "crossing": "traffic_signals",
          "crossing:markings": "lines",
          "highway": "crossing"
        }
      }
    },
    {
      "type": "Feature",
      "geometry": {
        "type": "Point",
        "coordinates": [
          -122.7527391,
          53.9131954
        ]
      },
      "properties": {
        "x_26910": 516241.5238557136,
        "y_26910": 5973892.132248803,
        "name": "",
        "osm_type": "node",
        "osm_id": 13074547514,
        "crossing_type": "traffic_signals",
        "marked": "lines",
        "signals": true,
        "tags": {
          "crossing": "traffic_signals",
          "crossing:markings": "lines",
          "highway": "crossing"
        }
      }
    },
    {
      "type": "Feature",
      "geometry": {
        "type": "Point",
        "coordinates": [
          -122.7514388,
          53.9128282
        ]
      },
      "properties": {
        "x_26910": 516327.0781336294,
        "y_26910": 5973851.576767167,
        "name": "",
        "osm_type": "node",
        "osm_id": 13074547521,
        "crossing_type": "uncontrolled",
        "marked": "lines",
        "signals": false,
        "tags": {
          "crossing": "uncontrolled",
          "crossing:island": "no",
          "crossing:markings": "lines",
          "highway": "crossing",
          "kerb": "lowered",
          "tactile_paving": "no"
        }
      }
    },
    {
      "type": "Feature",
      "geometry": {
        "type": "Point",
        "coordinates": [
          -122.7512478,
          53.9128594
        ]
      },
      "properties": {
        "x_26910": 516339.6120235325,
        "y_26910": 5973855.092034736,
        "name": "",
        "osm_type": "node",
        "osm_id": 13074547522,
        "crossing_type": "uncontrolled",
        "marked": "lines",
        "signals": false,
        "tags": {
          "crossing": "uncontrolled",
          "crossing:island": "no",
          "crossing:markings": "lines",
          "highway": "crossing",
          "kerb": "lowered",
          "tactile_paving": "no"
        }
      }
    },
    {
      "type": "Feature",
      "geometry": {
        "type": "Point",
        "coordinates": [
          -122.7512289,
          53.9127691
        ]
      },
      "properties": {
        "x_26910": 516340.888743771,
        "y_26910": 5973845.049744808,
        "name": "",
        "osm_type": "node",
        "osm_id": 13074547523,
        "crossing_type": "uncontrolled",
        "marked": "lines",
        "signals": false,
        "tags": {
          "crossing": "uncontrolled",
          "crossing:island": "no",
          "crossing:markings": "lines",
          "highway": "crossing",
          "kerb": "lowered",
          "tactile_paving": "no"
        }
      }
    },
    {
      "type": "Feature",
      "geometry": {
        "type": "Point",
        "coordinates": [
          -122.751337,
          53.9127486
        ]
      },
      "properties": {
        "x_26910": 516333.796052222,
        "y_26910": 5973842.744035463,
        "name": "",
        "osm_type": "node",
        "osm_id": 13074547524,
        "crossing_type": "uncontrolled",
        "marked": "lines",
        "signals": false,
        "tags": {
          "crossing": "uncontrolled",
          "crossing:island": "no",
          "crossing:markings": "lines",
          "highway": "crossing",
          "kerb": "lowered",
          "tactile_paving": "no"
        }
      }
    },
    {
      "type": "Feature",
      "geometry": {
        "type": "Point",
        "coordinates": [
          -122.8086773,
          53.9287781
        ]
      },
      "properties": {
        "x_26910": 512562.5057050739,
        "y_26910": 5975614.480296239,
        "name": "",
        "osm_type": "node",
        "osm_id": 13563123169,
        "crossing_type": "unmarked",
        "marked": "no",
        "signals": false,
        "tags": {
          "crossing": "unmarked",
          "crossing:markings": "no",
          "highway": "crossing"
        }
      }
    },
    {
      "type": "Feature",
      "geometry": {
        "type": "Point",
        "coordinates": [
          -122.7945088,
          53.975998
        ]
      },
      "properties": {
        "x_26910": 513477.5927461485,
        "y_26910": 5980870.740793749,
        "name": "",
        "osm_type": "node",
        "osm_id": 13563145631,
        "crossing_type": "uncontrolled",
        "marked": "zebra",
        "signals": false,
        "tags": {
          "crossing": "uncontrolled",
          "crossing:markings": "zebra",
          "highway": "crossing"
        }
      }
    },
    {
      "type": "Feature",
      "geometry": {
        "type": "Point",
        "coordinates": [
          -122.7954674,
          53.9768054
        ]
      },
      "properties": {
        "x_26910": 513414.4615809414,
        "y_26910": 5980960.390030435,
        "name": "",
        "osm_type": "node",
        "osm_id": 13563145632,
        "crossing_type": "uncontrolled",
        "marked": "zebra",
        "signals": false,
        "tags": {
          "crossing": "uncontrolled",
          "crossing:markings": "zebra",
          "highway": "crossing"
        }
      }
    },
    {
      "type": "Feature",
      "geometry": {
        "type": "Point",
        "coordinates": [
          -122.8075584,
          53.9934681
        ]
      },
      "properties": {
        "x_26910": 512616.4263913045,
        "y_26910": 5982812.060372087,
        "name": "",
        "osm_type": "node",
        "osm_id": 13563145674,
        "crossing_type": "uncontrolled",
        "marked": "zebra",
        "signals": false,
        "tags": {
          "crossing": "uncontrolled",
          "crossing:markings": "zebra",
          "highway": "crossing"
        }
      }
    },
    {
      "type": "Feature",
      "geometry": {
        "type": "Point",
        "coordinates": [
          -122.7683264,
          53.8900131
        ]
      },
      "properties": {
        "x_26910": 515226.0884888056,
        "y_26910": 5971309.449169715,
        "name": "",
        "osm_type": "node",
        "osm_id": 13578054997,
        "crossing_type": "uncontrolled",
        "marked": "lines",
        "signals": false,
        "tags": {
          "crossing": "uncontrolled",
          "crossing:markings": "lines",
          "highway": "crossing"
        }
      }
    },
    {
      "type": "Feature",
      "geometry": {
        "type": "Point",
        "coordinates": [
          -122.7699121,
          53.8900231
        ]
      },
      "properties": {
        "x_26910": 515121.8694276075,
        "y_26910": 5971310.222477531,
        "name": "",
        "osm_type": "node",
        "osm_id": 13578055005,
        "crossing_type": "uncontrolled",
        "marked": "lines",
        "signals": false,
        "tags": {
          "crossing": "uncontrolled",
          "crossing:markings": "lines",
          "highway": "crossing"
        }
      }
    },
    {
      "type": "Feature",
      "geometry": {
        "type": "Point",
        "coordinates": [
          -122.7691368,
          53.8900188
        ]
      },
      "properties": {
        "x_26910": 515172.8252771027,
        "y_26910": 5971309.909658226,
        "name": "",
        "osm_type": "node",
        "osm_id": 13578055006,
        "crossing_type": "uncontrolled",
        "marked": "lines",
        "signals": false,
        "tags": {
          "crossing": "uncontrolled",
          "crossing:markings": "lines",
          "highway": "crossing"
        }
      }
    },
    {
      "type": "Feature",
      "geometry": {
        "type": "Point",
        "coordinates": [
          -122.7685959,
          53.8900143
        ]
      },
      "properties": {
        "x_26910": 515208.375961475,
        "y_26910": 5971309.524853363,
        "name": "",
        "osm_type": "node",
        "osm_id": 13578055008,
        "crossing_type": "uncontrolled",
        "marked": "lines",
        "signals": false,
        "tags": {
          "crossing": "uncontrolled",
          "crossing:markings": "lines",
          "highway": "crossing"
        }
      }
    },
    {
      "type": "Feature",
      "geometry": {
        "type": "Point",
        "coordinates": [
          -122.7687284,
          53.8900608
        ]
      },
      "properties": {
        "x_26910": 515199.6509195621,
        "y_26910": 5971314.669951989,
        "name": "",
        "osm_type": "node",
        "osm_id": 13578055012,
        "crossing_type": "uncontrolled",
        "marked": "zebra",
        "signals": false,
        "tags": {
          "crossing": "uncontrolled",
          "crossing:markings": "zebra",
          "highway": "crossing"
        }
      }
    },
    {
      "type": "Feature",
      "geometry": {
        "type": "Point",
        "coordinates": [
          -122.7685919,
          53.8903504
        ]
      },
      "properties": {
        "x_26910": 515208.51683547295,
        "y_26910": 5971346.9195780195,
        "name": "",
        "osm_type": "node",
        "osm_id": 13578055019,
        "crossing_type": "uncontrolled",
        "marked": "zebra",
        "signals": false,
        "tags": {
          "crossing": "uncontrolled",
          "crossing:markings": "zebra",
          "highway": "crossing"
        }
      }
    },
    {
      "type": "Feature",
      "geometry": {
        "type": "Point",
        "coordinates": [
          -122.76857,
          53.890516
        ]
      },
      "properties": {
        "x_26910": 515209.8960131679,
        "y_26910": 5971365.34862633,
        "name": "",
        "osm_type": "node",
        "osm_id": 13578055027,
        "crossing_type": "uncontrolled",
        "marked": "zebra",
        "signals": false,
        "tags": {
          "crossing": "uncontrolled",
          "crossing:markings": "zebra",
          "highway": "crossing"
        }
      }
    },
    {
      "type": "Feature",
      "geometry": {
        "type": "Point",
        "coordinates": [
          -122.7685658,
          53.890686
        ]
      },
      "properties": {
        "x_26910": 515210.11032015906,
        "y_26910": 5971384.263415256,
        "name": "",
        "osm_type": "node",
        "osm_id": 13578055028,
        "crossing_type": "uncontrolled",
        "marked": "zebra",
        "signals": false,
        "tags": {
          "crossing": "uncontrolled",
          "crossing:markings": "zebra",
          "highway": "crossing"
        }
      }
    },
    {
      "type": "Feature",
      "geometry": {
        "type": "Point",
        "coordinates": [
          -122.768579,
          53.8908569
        ]
      },
      "properties": {
        "x_26910": 515209.180757414,
        "y_26910": 5971403.274605394,
        "name": "",
        "osm_type": "node",
        "osm_id": 13578055029,
        "crossing_type": "uncontrolled",
        "marked": "zebra",
        "signals": false,
        "tags": {
          "crossing": "uncontrolled",
          "crossing:markings": "zebra",
          "highway": "crossing"
        }
      }
    },
    {
      "type": "Feature",
      "geometry": {
        "type": "Point",
        "coordinates": [
          -122.7691154,
          53.890957
        ]
      },
      "properties": {
        "x_26910": 515173.8919037219,
        "y_26910": 5971414.296647061,
        "name": "",
        "osm_type": "node",
        "osm_id": 13578055036,
        "crossing_type": "uncontrolled",
        "marked": "surface",
        "signals": false,
        "tags": {
          "crossing": "uncontrolled",
          "crossing:markings": "surface",
          "highway": "crossing"
        }
      }
    },
    {
      "type": "Feature",
      "geometry": {
        "type": "Point",
        "coordinates": [
          -122.7690707,
          53.8894797
        ]
      },
      "properties": {
        "x_26910": 515177.3648070106,
        "y_26910": 5971249.9445326235,
        "name": "",
        "osm_type": "node",
        "osm_id": 13578055049,
        "crossing_type": "uncontrolled",
        "marked": "lines",
        "signals": false,
        "tags": {
          "crossing": "uncontrolled",
          "crossing:markings": "lines",
          "highway": "crossing"
        }
      }
    },
    {
      "type": "Feature",
      "geometry": {
        "type": "Point",
        "coordinates": [
          -122.7690748,
          53.8893384
        ]
      },
      "properties": {
        "x_26910": 515177.14653168176,
        "y_26910": 5971234.222879371,
        "name": "",
        "osm_type": "node",
        "osm_id": 13578055053,
        "crossing_type": "unmarked",
        "marked": "no",
        "signals": false,
        "tags": {
          "crossing": "unmarked",
          "crossing:markings": "no",
          "highway": "crossing"
        }
      }
    },
    {
      "type": "Feature",
      "geometry": {
        "type": "Point",
        "coordinates": [
          -122.7682693,
          53.8894786
        ]
      },
      "properties": {
        "x_26910": 515230.03552631533,
        "y_26910": 5971249.993949553,
        "name": "",
        "osm_type": "node",
        "osm_id": 13578055125,
        "crossing_type": "unmarked",
        "marked": "no",
        "signals": false,
        "tags": {
          "crossing": "unmarked",
          "crossing:markings": "no",
          "highway": "crossing"
        }
      }
    },
    {
      "type": "Feature",
      "geometry": {
        "type": "Point",
        "coordinates": [
          -122.7682721,
          53.889318
        ]
      },
      "properties": {
        "x_26910": 515229.9098847403,
        "y_26910": 5971232.125290572,
        "name": "",
        "osm_type": "node",
        "osm_id": 13578055128,
        "crossing_type": "unmarked",
        "marked": "no",
        "signals": false,
        "tags": {
          "crossing": "unmarked",
          "crossing:markings": "no",
          "highway": "crossing"
        }
      }
    },
    {
      "type": "Feature",
      "geometry": {
        "type": "Point",
        "coordinates": [
          -122.7686754,
          53.8892854
        ]
      },
      "properties": {
        "x_26910": 515203.4155736909,
        "y_26910": 5971228.411743826,
        "name": "",
        "osm_type": "node",
        "osm_id": 13578055134,
        "crossing_type": "uncontrolled",
        "marked": "lines",
        "signals": false,
        "tags": {
          "crossing": "uncontrolled",
          "crossing:markings": "lines",
          "highway": "crossing"
        }
      }
    },
    {
      "type": "Feature",
      "geometry": {
        "type": "Point",
        "coordinates": [
          -122.7690328,
          53.8891631
        ]
      },
      "properties": {
        "x_26910": 515179.97041919106,
        "y_26910": 5971214.72831601,
        "name": "",
        "osm_type": "node",
        "osm_id": 13578055145,
        "crossing_type": "uncontrolled",
        "marked": "zebra",
        "signals": false,
        "tags": {
          "crossing": "uncontrolled",
          "crossing:markings": "zebra",
          "highway": "crossing"
        }
      }
    },
    {
      "type": "Feature",
      "geometry": {
        "type": "Point",
        "coordinates": [
          -122.780263,
          53.8693211
        ]
      },
      "properties": {
        "x_26910": 514448.7225800692,
        "y_26910": 5969004.8021703055,
        "name": "",
        "osm_type": "node",
        "osm_id": 13784015405,
        "crossing_type": "traffic_signals",
        "marked": "lines",
        "signals": true,
        "tags": {
          "crossing": "traffic_signals",
          "crossing:markings": "lines",
          "highway": "crossing"
        }
      }
    },
    {
      "type": "Feature",
      "geometry": {
        "type": "Point",
        "coordinates": [
          -122.7804958,
          53.8693602
        ]
      },
      "properties": {
        "x_26910": 514433.4014670328,
        "y_26910": 5969009.1049590185,
        "name": "",
        "osm_type": "node",
        "osm_id": 13784015406,
        "crossing_type": "traffic_signals",
        "marked": "lines",
        "signals": true,
        "tags": {
          "crossing": "traffic_signals",
          "crossing:markings": "lines",
          "highway": "crossing"
        }
      }
    },
    {
      "type": "Feature",
      "geometry": {
        "type": "Point",
        "coordinates": [
          -122.7807403,
          53.8694341
        ]
      },
      "properties": {
        "x_26910": 514417.2990890195,
        "y_26910": 5969017.277191534,
        "name": "",
        "osm_type": "node",
        "osm_id": 13784015421,
        "crossing_type": "uncontrolled",
        "marked": "zebra",
        "signals": false,
        "tags": {
          "crossing": "uncontrolled",
          "crossing:island": "no",
          "crossing:markings": "zebra",
          "highway": "crossing"
        }
      }
    },
    {
      "type": "Feature",
      "geometry": {
        "type": "Point",
        "coordinates": [
          -122.7807139,
          53.8693115
        ]
      },
      "properties": {
        "x_26910": 514419.07716830587,
        "y_26910": 5969003.642351173,
        "name": "",
        "osm_type": "node",
        "osm_id": 13784015423,
        "crossing_type": "uncontrolled",
        "marked": "lines",
        "signals": false,
        "tags": {
          "crossing": "uncontrolled",
          "crossing:island": "no",
          "crossing:markings": "lines",
          "highway": "crossing"
        }
      }
    },
    {
      "type": "Feature",
      "geometry": {
        "type": "Point",
        "coordinates": [
          -122.7807732,
          53.8691826
        ]
      },
      "properties": {
        "x_26910": 514415.22224355885,
        "y_26910": 5968989.289169519,
        "name": "",
        "osm_type": "node",
        "osm_id": 13784015424,
        "crossing_type": "uncontrolled",
        "marked": "lines",
        "signals": false,
        "tags": {
          "crossing": "uncontrolled",
          "crossing:island": "no",
          "crossing:markings": "lines",
          "highway": "crossing"
        }
      }
    },
    {
      "type": "Feature",
      "geometry": {
        "type": "Point",
        "coordinates": [
          -122.7808857,
          53.8690851
        ]
      },
      "properties": {
        "x_26910": 514407.85834132746,
        "y_26910": 5968978.4186797915,
        "name": "",
        "osm_type": "node",
        "osm_id": 13784015429,
        "crossing_type": "uncontrolled",
        "marked": "zebra",
        "signals": false,
        "tags": {
          "crossing": "uncontrolled",
          "crossing:island": "no",
          "crossing:markings": "zebra",
          "highway": "crossing"
        }
      }
    },
    {
      "type": "Feature",
      "geometry": {
        "type": "Point",
        "coordinates": [
          -122.7803933,
          53.8690534
        ]
      },
      "properties": {
        "x_26910": 514440.24696785194,
        "y_26910": 5968974.991927352,
        "name": "",
        "osm_type": "node",
        "osm_id": 13784015445,
        "crossing_type": "traffic_signals",
        "marked": "lines",
        "signals": true,
        "tags": {
          "crossing": "traffic_signals",
          "crossing:island": "no",
          "crossing:markings": "lines",
          "highway": "crossing"
        }
      }
    },
    {
      "type": "Feature",
      "geometry": {
        "type": "Point",
        "coordinates": [
          -122.7806113,
          53.8690891
        ]
      },
      "properties": {
        "x_26910": 514425.90010715474,
        "y_26910": 5968978.919476925,
        "name": "",
        "osm_type": "node",
        "osm_id": 13784015446,
        "crossing_type": "traffic_signals",
        "marked": "lines",
        "signals": true,
        "tags": {
          "crossing": "traffic_signals",
          "crossing:island": "no",
          "crossing:markings": "lines",
          "highway": "crossing"
        }
      }
    },
    {
      "type": "Feature",
      "geometry": {
        "type": "Point",
        "coordinates": [
          -122.7802091,
          53.8692456
        ]
      },
      "properties": {
        "x_26910": 514452.2927744334,
        "y_26910": 5968996.413186329,
        "name": "",
        "osm_type": "node",
        "osm_id": 13784015447,
        "crossing_type": "traffic_signals",
        "marked": "lines",
        "signals": true,
        "tags": {
          "crossing": "traffic_signals",
          "crossing:island": "no",
          "crossing:markings": "lines",
          "highway": "crossing"
        }
      }
    },
    {
      "type": "Feature",
      "geometry": {
        "type": "Point",
        "coordinates": [
          -122.7802681,
          53.8691172
        ]
      },
      "properties": {
        "x_26910": 514448.45749975415,
        "y_26910": 5968982.115667224,
        "name": "",
        "osm_type": "node",
        "osm_id": 13784015448,
        "crossing_type": "traffic_signals",
        "marked": "lines",
        "signals": true,
        "tags": {
          "crossing": "traffic_signals",
          "crossing:island": "no",
          "crossing:markings": "lines",
          "highway": "crossing"
        }
      }
    },
    {
      "type": "Feature",
      "geometry": {
        "type": "Point",
        "coordinates": [
          -122.7800705,
          53.8693609
        ]
      },
      "properties": {
        "x_26910": 514461.3665970495,
        "y_26910": 5969009.269455836,
        "name": "",
        "osm_type": "node",
        "osm_id": 13784015450,
        "crossing_type": "uncontrolled",
        "marked": "zebra",
        "signals": false,
        "tags": {
          "crossing": "uncontrolled",
          "crossing:island": "no",
          "crossing:markings": "zebra",
          "highway": "crossing"
        }
      }
    },
    {
      "type": "Feature",
      "geometry": {
        "type": "Point",
        "coordinates": [
          -122.7802489,
          53.8689884
        ]
      },
      "properties": {
        "x_26910": 514449.7643833485,
        "y_26910": 5968967.789574384,
        "name": "",
        "osm_type": "node",
        "osm_id": 13784015508,
        "crossing_type": "uncontrolled",
        "marked": "zebra",
        "signals": false,
        "tags": {
          "crossing": "uncontrolled",
          "crossing:island": "no",
          "crossing:markings": "zebra",
          "highway": "crossing"
        }
      }
    },
    {
      "type": "Feature",
      "geometry": {
        "type": "Point",
        "coordinates": [
          -122.7790135,
          53.8688848
        ]
      },
      "properties": {
        "x_26910": 514531.03406767343,
        "y_26910": 5968956.515616172,
        "name": "",
        "osm_type": "node",
        "osm_id": 13784015521,
        "crossing_type": "unmarked",
        "marked": "no",
        "signals": false,
        "tags": {
          "crossing": "unmarked",
          "crossing:island": "no",
          "crossing:markings": "no",
          "highway": "crossing"
        }
      }
    },
    {
      "type": "Feature",
      "geometry": {
        "type": "Point",
        "coordinates": [
          -122.7679011,
          53.8971132
        ]
      },
      "properties": {
        "x_26910": 515251.45472289016,
        "y_26910": 5972099.485044667,
        "name": "",
        "osm_type": "node",
        "osm_id": 13784261947,
        "crossing_type": "traffic_signals",
        "marked": "lines",
        "signals": true,
        "tags": {
          "crossing": "traffic_signals",
          "crossing:island": "no",
          "crossing:markings": "lines",
          "highway": "crossing"
        }
      }
    },
    {
      "type": "Feature",
      "geometry": {
        "type": "Point",
        "coordinates": [
          -122.7612315,
          53.9023406
        ]
      },
      "properties": {
        "x_26910": 515687.7618567456,
        "y_26910": 5972682.5318171205,
        "name": "",
        "osm_type": "node",
        "osm_id": 13784263507,
        "crossing_type": "crossing",
        "marked": "",
        "signals": false,
        "tags": {
          "highway": "crossing"
        }
      }
    },
    {
      "type": "Feature",
      "geometry": {
        "type": "Point",
        "coordinates": [
          -122.762133,
          53.9023399
        ]
      },
      "properties": {
        "x_26910": 515628.53113699413,
        "y_26910": 5972682.254867071,
        "name": "",
        "osm_type": "node",
        "osm_id": 13784263508,
        "crossing_type": "crossing",
        "marked": "",
        "signals": false,
        "tags": {
          "highway": "crossing"
        }
      }
    },
    {
      "type": "Feature",
      "geometry": {
        "type": "Point",
        "coordinates": [
          -122.7630394,
          53.9023392
        ]
      },
      "properties": {
        "x_26910": 515568.9784708505,
        "y_26910": 5972681.977594187,
        "name": "",
        "osm_type": "node",
        "osm_id": 13784263509,
        "crossing_type": "crossing",
        "marked": "",
        "signals": false,
        "tags": {
          "highway": "crossing"
        }
      }
    },
    {
      "type": "Feature",
      "geometry": {
        "type": "Point",
        "coordinates": [
          -122.7638691,
          53.9023385
        ]
      },
      "properties": {
        "x_26910": 515514.46519885707,
        "y_26910": 5972681.717861293,
        "name": "",
        "osm_type": "node",
        "osm_id": 13784263510,
        "crossing_type": "crossing",
        "marked": "",
        "signals": false,
        "tags": {
          "highway": "crossing"
        }
      }
    },
    {
      "type": "Feature",
      "geometry": {
        "type": "Point",
        "coordinates": [
          -122.7605728,
          53.9023402
        ]
      },
      "properties": {
        "x_26910": 515731.04037252883,
        "y_26910": 5972682.633244007,
        "name": "",
        "osm_type": "node",
        "osm_id": 13784263512,
        "crossing_type": "uncontrolled",
        "marked": "lines",
        "signals": false,
        "tags": {
          "crossing": "uncontrolled",
          "crossing:island": "no",
          "crossing:markings": "lines",
          "highway": "crossing"
        }
      }
    },
    {
      "type": "Feature",
      "geometry": {
        "type": "Point",
        "coordinates": [
          -122.7592478,
          53.9023445
        ]
      },
      "properties": {
        "x_26910": 515818.09481864166,
        "y_26910": 5972683.406416873,
        "name": "",
        "osm_type": "node",
        "osm_id": 13784263515,
        "crossing_type": "unmarked",
        "marked": "no",
        "signals": false,
        "tags": {
          "crossing": "unmarked",
          "crossing:island": "no",
          "crossing:markings": "no",
          "highway": "crossing"
        }
      }
    },
    {
      "type": "Feature",
      "geometry": {
        "type": "Point",
        "coordinates": [
          -122.7578931,
          53.9023444
        ]
      },
      "properties": {
        "x_26910": 515907.1022852805,
        "y_26910": 5972683.698341887,
        "name": "",
        "osm_type": "node",
        "osm_id": 13784263518,
        "crossing_type": "unmarked",
        "marked": "no",
        "signals": false,
        "tags": {
          "crossing": "unmarked",
          "crossing:island": "no",
          "crossing:markings": "no",
          "highway": "crossing"
        }
      }
    },
    {
      "type": "Feature",
      "geometry": {
        "type": "Point",
        "coordinates": [
          -122.7565441,
          53.902344
        ]
      },
      "properties": {
        "x_26910": 515995.73535893613,
        "y_26910": 5972683.9573040465,
        "name": "",
        "osm_type": "node",
        "osm_id": 13784263530,
        "crossing_type": "unmarked",
        "marked": "no",
        "signals": false,
        "tags": {
          "crossing": "unmarked",
          "crossing:island": "no",
          "crossing:markings": "no",
          "highway": "crossing"
        }
      }
    },
    {
      "type": "Feature",
      "geometry": {
        "type": "Point",
        "coordinates": [
          -122.7607245,
          53.9033147
        ]
      },
      "properties": {
        "x_26910": 515720.7074141708,
        "y_26910": 5972791.020885986,
        "name": "",
        "osm_type": "node",
        "osm_id": 13784263550,
        "crossing_type": "crossing",
        "marked": "",
        "signals": false,
        "tags": {
          "highway": "crossing"
        }
      }
    },
    {
      "type": "Feature",
      "geometry": {
        "type": "Point",
        "coordinates": [
          -122.760726,
          53.9035676
        ]
      },
      "properties": {
        "x_26910": 515720.51391526917,
        "y_26910": 5972819.157799154,
        "name": "",
        "osm_type": "node",
        "osm_id": 13784263551,
        "crossing_type": "crossing",
        "marked": "",
        "signals": false,
        "tags": {
          "highway": "crossing"
        }
      }
    },
    {
      "type": "Feature",
      "geometry": {
        "type": "Point",
        "coordinates": [
          -122.7607288,
          53.9042211
        ]
      },
      "properties": {
        "x_26910": 515720.0846087124,
        "y_26910": 5972891.864538911,
        "name": "",
        "osm_type": "node",
        "osm_id": 13784263552,
        "crossing_type": "crossing",
        "marked": "",
        "signals": false,
        "tags": {
          "highway": "crossing"
        }
      }
    },
    {
      "type": "Feature",
      "geometry": {
        "type": "Point",
        "coordinates": [
          -122.7607297,
          53.9044301
        ]
      },
      "properties": {
        "x_26910": 515719.9470136457,
        "y_26910": 5972915.117345419,
        "name": "",
        "osm_type": "node",
        "osm_id": 13784263553,
        "crossing_type": "crossing",
        "marked": "",
        "signals": false,
        "tags": {
          "highway": "crossing"
        }
      }
    },
    {
      "type": "Feature",
      "geometry": {
        "type": "Point",
        "coordinates": [
          -122.7607304,
          53.9045833
        ]
      },
      "properties": {
        "x_26910": 515719.8435078978,
        "y_26910": 5972932.161977948,
        "name": "",
        "osm_type": "node",
        "osm_id": 13784263554,
        "crossing_type": "crossing",
        "marked": "",
        "signals": false,
        "tags": {
          "highway": "crossing"
        }
      }
    },
    {
      "type": "Feature",
      "geometry": {
        "type": "Point",
        "coordinates": [
          -122.7607324,
          53.9051566
        ]
      },
      "properties": {
        "x_26910": 515719.49687527056,
        "y_26910": 5972995.94598229,
        "name": "",
        "osm_type": "node",
        "osm_id": 13784263555,
        "crossing_type": "crossing",
        "marked": "",
        "signals": false,
        "tags": {
          "highway": "crossing"
        }
      }
    },
    {
      "type": "Feature",
      "geometry": {
        "type": "Point",
        "coordinates": [
          -122.796425,
          53.9104948
        ]
      },
      "properties": {
        "x_26910": 513372.8484562319,
        "y_26910": 5973582.543762071,
        "name": "",
        "osm_type": "node",
        "osm_id": 13797740498,
        "crossing_type": "unmarked",
        "marked": "no",
        "signals": false,
        "tags": {
          "crossing": "unmarked",
          "crossing:island": "no",
          "crossing:markings": "no",
          "highway": "crossing"
        }
      }
    },
    {
      "type": "Feature",
      "geometry": {
        "type": "Point",
        "coordinates": [
          -122.7950155,
          53.9105051
        ]
      },
      "properties": {
        "x_26910": 513465.4351243939,
        "y_26910": 5973583.956492818,
        "name": "",
        "osm_type": "node",
        "osm_id": 13797742111,
        "crossing_type": "unmarked",
        "marked": "no",
        "signals": false,
        "tags": {
          "crossing": "unmarked",
          "crossing:island": "no",
          "crossing:markings": "no",
          "highway": "crossing"
        }
      }
    },
    {
      "type": "Feature",
      "geometry": {
        "type": "Point",
        "coordinates": [
          -122.7935853,
          53.9105025
        ]
      },
      "properties": {
        "x_26910": 513559.38570407144,
        "y_26910": 5973583.9397868235,
        "name": "",
        "osm_type": "node",
        "osm_id": 13797742124,
        "crossing_type": "unmarked",
        "marked": "no",
        "signals": false,
        "tags": {
          "crossing": "unmarked",
          "crossing:island": "no",
          "crossing:markings": "no",
          "highway": "crossing"
        }
      }
    },
    {
      "type": "Feature",
      "geometry": {
        "type": "Point",
        "coordinates": [
          -122.7920229,
          53.9104919
        ]
      },
      "properties": {
        "x_26910": 513662.02311311493,
        "y_26910": 5973583.060372682,
        "name": "",
        "osm_type": "node",
        "osm_id": 13797742137,
        "crossing_type": "unmarked",
        "marked": "no",
        "signals": false,
        "tags": {
          "crossing": "unmarked",
          "crossing:island": "no",
          "crossing:markings": "no",
          "highway": "crossing"
        }
      }
    },
    {
      "type": "Feature",
      "geometry": {
        "type": "Point",
        "coordinates": [
          -122.7906853,
          53.9104924
        ]
      },
      "properties": {
        "x_26910": 513749.8898216374,
        "y_26910": 5973583.3745720275,
        "name": "",
        "osm_type": "node",
        "osm_id": 13797742149,
        "crossing_type": "unmarked",
        "marked": "no",
        "signals": false,
        "tags": {
          "crossing": "unmarked",
          "crossing:island": "no",
          "crossing:markings": "no",
          "highway": "crossing"
        }
      }
    },
    {
      "type": "Feature",
      "geometry": {
        "type": "Point",
        "coordinates": [
          -122.7893422,
          53.9104966
        ]
      },
      "properties": {
        "x_26910": 513838.116597375,
        "y_26910": 5973584.103159229,
        "name": "",
        "osm_type": "node",
        "osm_id": 13797742160,
        "crossing_type": "unmarked",
        "marked": "no",
        "signals": false,
        "tags": {
          "crossing": "unmarked",
          "crossing:island": "no",
          "crossing:markings": "no",
          "highway": "crossing"
        }
      }
    },
    {
      "type": "Feature",
      "geometry": {
        "type": "Point",
        "coordinates": [
          -122.7880046,
          53.9104941
        ]
      },
      "properties": {
        "x_26910": 513925.9842873145,
        "y_26910": 5973584.086904962,
        "name": "",
        "osm_type": "node",
        "osm_id": 13797742171,
        "crossing_type": "unmarked",
        "marked": "no",
        "signals": false,
        "tags": {
          "crossing": "unmarked",
          "crossing:island": "no",
          "crossing:markings": "no",
          "highway": "crossing"
        }
      }
    },
    {
      "type": "Feature",
      "geometry": {
        "type": "Point",
        "coordinates": [
          -122.7867878,
          53.9104368
        ]
      },
      "properties": {
        "x_26910": 514005.9349750389,
        "y_26910": 5973577.95146879,
        "name": "",
        "osm_type": "node",
        "osm_id": 13797742183,
        "crossing_type": "uncontrolled",
        "marked": "zebra",
        "signals": false,
        "tags": {
          "crossing": "uncontrolled",
          "crossing:island": "no",
          "crossing:markings": "zebra",
          "highway": "crossing"
        }
      }
    },
    {
      "type": "Feature",
      "geometry": {
        "type": "Point",
        "coordinates": [
          -122.7867727,
          53.9102231
        ]
      },
      "properties": {
        "x_26910": 514006.998397278,
        "y_26910": 5973554.178494309,
        "name": "",
        "osm_type": "node",
        "osm_id": 13797742186,
        "crossing_type": "traffic_signals",
        "marked": "lines",
        "signals": true,
        "tags": {
          "crossing": "traffic_signals",
          "crossing:island": "no",
          "crossing:markings": "lines",
          "highway": "crossing"
        }
      }
    },
    {
      "type": "Feature",
      "geometry": {
        "type": "Point",
        "coordinates": [
          -122.7867765,
          53.9103109
        ]
      },
      "properties": {
        "x_26910": 514006.71939705644,
        "y_26910": 5973563.946246375,
        "name": "",
        "osm_type": "node",
        "osm_id": 13797742187,
        "crossing_type": "traffic_signals",
        "marked": "lines",
        "signals": true,
        "tags": {
          "crossing": "traffic_signals",
          "crossing:island": "no",
          "crossing:markings": "lines",
          "highway": "crossing"
        }
      }
    },
    {
      "type": "Feature",
      "geometry": {
        "type": "Point",
        "coordinates": [
          -122.7866769,
          53.9104925
        ]
      },
      "properties": {
        "x_26910": 514013.2013537442,
        "y_26910": 5973584.170484388,
        "name": "",
        "osm_type": "node",
        "osm_id": 13797742189,
        "crossing_type": "unmarked",
        "marked": "no",
        "signals": false,
        "tags": {
          "crossing": "unmarked",
          "crossing:island": "no",
          "crossing:markings": "no",
          "highway": "crossing"
        }
      }
    },
    {
      "type": "Feature",
      "geometry": {
        "type": "Point",
        "coordinates": [
          -122.7853059,
          53.9105002
        ]
      },
      "properties": {
        "x_26910": 514103.2596658283,
        "y_26910": 5973585.2990138335,
        "name": "",
        "osm_type": "node",
        "osm_id": 13797742200,
        "crossing_type": "unmarked",
        "marked": "no",
        "signals": false,
        "tags": {
          "crossing": "unmarked",
          "crossing:island": "no",
          "crossing:markings": "no",
          "highway": "crossing"
        }
      }
    },
    {
      "type": "Feature",
      "geometry": {
        "type": "Point",
        "coordinates": [
          -122.7822274,
          53.9105439
        ]
      },
      "properties": {
        "x_26910": 514305.4711629341,
        "y_26910": 5973590.7777559105,
        "name": "",
        "osm_type": "node",
        "osm_id": 13797742215,
        "crossing_type": "uncontrolled",
        "marked": "lines",
        "signals": false,
        "tags": {
          "crossing": "uncontrolled",
          "crossing:markings": "lines",
          "highway": "crossing"
        }
      }
    },
    {
      "type": "Feature",
      "geometry": {
        "type": "Point",
        "coordinates": [
          -122.7819765,
          53.9105215
        ]
      },
      "properties": {
        "x_26910": 514321.96041059255,
        "y_26910": 5973588.336215915,
        "name": "",
        "osm_type": "node",
        "osm_id": 13797742222,
        "crossing_type": "uncontrolled",
        "marked": "zebra",
        "signals": false,
        "tags": {
          "crossing": "uncontrolled",
          "crossing:island": "no",
          "crossing:markings": "zebra",
          "highway": "crossing"
        }
      }
    },
    {
      "type": "Feature",
      "geometry": {
        "type": "Point",
        "coordinates": [
          -122.7819124,
          53.9102824
        ]
      },
      "properties": {
        "x_26910": 514326.25295757985,
        "y_26910": 5973561.7472428745,
        "name": "",
        "osm_type": "node",
        "osm_id": 13797742238,
        "crossing_type": "traffic_signals",
        "marked": "lines",
        "signals": true,
        "tags": {
          "crossing": "traffic_signals",
          "crossing:markings": "lines",
          "highway": "crossing"
        }
      }
    },
    {
      "type": "Feature",
      "geometry": {
        "type": "Point",
        "coordinates": [
          -122.7819111,
          53.9103486
        ]
      },
      "properties": {
        "x_26910": 514326.3156997479,
        "y_26910": 5973569.112822465,
        "name": "",
        "osm_type": "node",
        "osm_id": 13797742239,
        "crossing_type": "traffic_signals",
        "marked": "lines",
        "signals": true,
        "tags": {
          "crossing": "traffic_signals",
          "crossing:markings": "lines",
          "highway": "crossing"
        }
      }
    },
    {
      "type": "Feature",
      "geometry": {
        "type": "Point",
        "coordinates": [
          -122.7819098,
          53.9104194
        ]
      },
      "properties": {
        "x_26910": 514326.3768673885,
        "y_26910": 5973576.990191543,
        "name": "",
        "osm_type": "node",
        "osm_id": 13797742240,
        "crossing_type": "traffic_signals",
        "marked": "lines",
        "signals": true,
        "tags": {
          "crossing": "traffic_signals",
          "crossing:markings": "lines",
          "highway": "crossing"
        }
      }
    },
    {
      "type": "Feature",
      "geometry": {
        "type": "Point",
        "coordinates": [
          -122.7816084,
          53.9102368
        ]
      },
      "properties": {
        "x_26910": 514346.2384245477,
        "y_26910": 5973556.73532063,
        "name": "",
        "osm_type": "node",
        "osm_id": 13797742241,
        "crossing_type": "traffic_signals",
        "marked": "lines",
        "signals": true,
        "tags": {
          "crossing": "traffic_signals",
          "crossing:markings": "lines",
          "highway": "crossing"
        }
      }
    },
    {
      "type": "Feature",
      "geometry": {
        "type": "Point",
        "coordinates": [
          -122.7817897,
          53.9102381
        ]
      },
      "properties": {
        "x_26910": 514334.3283217753,
        "y_26910": 5973556.843287947,
        "name": "",
        "osm_type": "node",
        "osm_id": 13797742242,
        "crossing_type": "traffic_signals",
        "marked": "lines",
        "signals": true,
        "tags": {
          "crossing": "traffic_signals",
          "crossing:markings": "lines",
          "highway": "crossing"
        }
      }
    },
    {
      "type": "Feature",
      "geometry": {
        "type": "Point",
        "coordinates": [
          -122.7815101,
          53.9102884
        ]
      },
      "properties": {
        "x_26910": 514352.6780932327,
        "y_26910": 5973562.496156808,
        "name": "",
        "osm_type": "node",
        "osm_id": 13797742243,
        "crossing_type": "traffic_signals",
        "marked": "lines",
        "signals": true,
        "tags": {
          "crossing": "traffic_signals",
          "crossing:markings": "lines",
          "highway": "crossing"
        }
      }
    },
    {
      "type": "Feature",
      "geometry": {
        "type": "Point",
        "coordinates": [
          -122.7815094,
          53.910418
        ]
      },
      "properties": {
        "x_26910": 514352.67964257306,
        "y_26910": 5973576.915408337,
        "name": "",
        "osm_type": "node",
        "osm_id": 13797742244,
        "crossing_type": "traffic_signals",
        "marked": "lines",
        "signals": true,
        "tags": {
          "crossing": "traffic_signals",
          "crossing:markings": "lines",
          "highway": "crossing"
        }
      }
    },
    {
      "type": "Feature",
      "geometry": {
        "type": "Point",
        "coordinates": [
          -122.7816103,
          53.9104931
        ]
      },
      "properties": {
        "x_26910": 514346.02578008134,
        "y_26910": 5973585.2505061235,
        "name": "",
        "osm_type": "node",
        "osm_id": 13797742245,
        "crossing_type": "traffic_signals",
        "marked": "lines",
        "signals": true,
        "tags": {
          "crossing": "traffic_signals",
          "crossing:markings": "lines",
          "highway": "crossing"
        }
      }
    },
    {
      "type": "Feature",
      "geometry": {
        "type": "Point",
        "coordinates": [
          -122.7817819,
          53.9104917
        ]
      },
      "properties": {
        "x_26910": 514334.75386710325,
        "y_26910": 5973585.060036819,
        "name": "",
        "osm_type": "node",
        "osm_id": 13797742246,
        "crossing_type": "traffic_signals",
        "marked": "lines",
        "signals": true,
        "tags": {
          "crossing": "traffic_signals",
          "crossing:markings": "lines",
          "highway": "crossing"
        }
      }
    },
    {
      "type": "Feature",
      "geometry": {
        "type": "Point",
        "coordinates": [
          -122.7814611,
          53.9105214
        ]
      },
      "properties": {
        "x_26910": 514355.81701301865,
        "y_26910": 5973588.429322476,
        "name": "",
        "osm_type": "node",
        "osm_id": 13797742252,
        "crossing_type": "uncontrolled",
        "marked": "zebra",
        "signals": false,
        "tags": {
          "crossing": "uncontrolled",
          "crossing:island": "no",
          "crossing:markings": "zebra",
          "highway": "crossing"
        }
      }
    },
    {
      "type": "Feature",
      "geometry": {
        "type": "Point",
        "coordinates": [
          -122.78115,
          53.9105018
        ]
      },
      "properties": {
        "x_26910": 514376.25986796647,
        "y_26910": 5973586.31168931,
        "name": "",
        "osm_type": "node",
        "osm_id": 13797742259,
        "crossing_type": "uncontrolled",
        "marked": "lines",
        "signals": false,
        "tags": {
          "crossing": "uncontrolled",
          "crossing:island": "no",
          "crossing:markings": "lines",
          "highway": "crossing"
        }
      }
    },
    {
      "type": "Feature",
      "geometry": {
        "type": "Point",
        "coordinates": [
          -122.7814432,
          53.9102045
        ]
      },
      "properties": {
        "x_26910": 514357.10154527146,
        "y_26910": 5973553.175108142,
        "name": "",
        "osm_type": "node",
        "osm_id": 13797742262,
        "crossing_type": "uncontrolled",
        "marked": "zebra",
        "signals": false,
        "tags": {
          "crossing": "uncontrolled",
          "crossing:island": "no",
          "crossing:markings": "zebra",
          "highway": "crossing"
        }
      }
    },
    {
      "type": "Feature",
      "geometry": {
        "type": "Point",
        "coordinates": [
          -122.7819624,
          53.9102004
        ]
      },
      "properties": {
        "x_26910": 514322.9965000903,
        "y_26910": 5973552.613939057,
        "name": "",
        "osm_type": "node",
        "osm_id": 13797742263,
        "crossing_type": "uncontrolled",
        "marked": "zebra",
        "signals": false,
        "tags": {
          "crossing": "uncontrolled",
          "crossing:island": "no",
          "crossing:markings": "zebra",
          "highway": "crossing"
        }
      }
    },
    {
      "type": "Feature",
      "geometry": {
        "type": "Point",
        "coordinates": [
          -122.7906996,
          53.9120481
        ]
      },
      "properties": {
        "x_26910": 513748.4395070582,
        "y_26910": 5973756.456804361,
        "name": "",
        "osm_type": "node",
        "osm_id": 13797742299,
        "crossing_type": "unmarked",
        "marked": "no",
        "signals": false,
        "tags": {
          "crossing": "unmarked",
          "crossing:island": "no",
          "crossing:markings": "no",
          "highway": "crossing"
        }
      }
    },
    {
      "type": "Feature",
      "geometry": {
        "type": "Point",
        "coordinates": [
          -122.7904615,
          53.9136147
        ]
      },
      "properties": {
        "x_26910": 513763.56457768084,
        "y_26910": 5973930.8007699605,
        "name": "",
        "osm_type": "node",
        "osm_id": 13797742304,
        "crossing_type": "unmarked",
        "marked": "no",
        "signals": false,
        "tags": {
          "crossing": "unmarked",
          "crossing:island": "no",
          "crossing:markings": "no",
          "highway": "crossing"
        }
      }
    },
    {
      "type": "Feature",
      "geometry": {
        "type": "Point",
        "coordinates": [
          -122.797696,
          53.9115584
        ]
      },
      "properties": {
        "x_26910": 513289.01888393436,
        "y_26910": 5973700.639445067,
        "name": "",
        "osm_type": "node",
        "osm_id": 13797742338,
        "crossing_type": "unmarked",
        "marked": "no",
        "signals": false,
        "tags": {
          "crossing": "unmarked",
          "crossing:island": "no",
          "crossing:markings": "no",
          "highway": "crossing"
        }
      }
    },
    {
      "type": "Feature",
      "geometry": {
        "type": "Point",
        "coordinates": [
          -122.7977022,
          53.9123977
        ]
      },
      "properties": {
        "x_26910": 513288.34518029925,
        "y_26910": 5973794.017650325,
        "name": "",
        "osm_type": "node",
        "osm_id": 13797742350,
        "crossing_type": "unmarked",
        "marked": "no",
        "signals": false,
        "tags": {
          "crossing": "unmarked",
          "crossing:island": "no",
          "crossing:markings": "no",
          "highway": "crossing"
        }
      }
    },
    {
      "type": "Feature",
      "geometry": {
        "type": "Point",
        "coordinates": [
          -122.7976605,
          53.9132141
        ]
      },
      "properties": {
        "x_26910": 513290.82510383934,
        "y_26910": 5973884.857023907,
        "name": "",
        "osm_type": "node",
        "osm_id": 13797742364,
        "crossing_type": "unmarked",
        "marked": "no",
        "signals": false,
        "tags": {
          "crossing": "unmarked",
          "crossing:island": "no",
          "crossing:markings": "no",
          "highway": "crossing"
        }
      }
    },
    {
      "type": "Feature",
      "geometry": {
        "type": "Point",
        "coordinates": [
          -122.7974044,
          53.9140181
        ]
      },
      "properties": {
        "x_26910": 513307.3915957852,
        "y_26910": 5973974.357024627,
        "name": "",
        "osm_type": "node",
        "osm_id": 13797742378,
        "crossing_type": "unmarked",
        "marked": "no",
        "signals": false,
        "tags": {
          "crossing": "unmarked",
          "crossing:island": "no",
          "crossing:markings": "no",
          "highway": "crossing"
        }
      }
    },
    {
      "type": "Feature",
      "geometry": {
        "type": "Point",
        "coordinates": [
          -122.8028953,
          53.9105087
        ]
      },
      "properties": {
        "x_26910": 512947.81045706256,
        "y_26910": 5973582.889282319,
        "name": "",
        "osm_type": "node",
        "osm_id": 13797742398,
        "crossing_type": "unmarked",
        "marked": "no",
        "signals": false,
        "tags": {
          "crossing": "unmarked",
          "crossing:island": "no",
          "crossing:markings": "no",
          "highway": "crossing"
        }
      }
    },
    {
      "type": "Feature",
      "geometry": {
        "type": "Point",
        "coordinates": [
          -122.8042553,
          53.9104456
        ]
      },
      "properties": {
        "x_26910": 512858.49152667914,
        "y_26910": 5973575.621362766,
        "name": "",
        "osm_type": "node",
        "osm_id": 13797742402,
        "crossing_type": "uncontrolled",
        "marked": "lines",
        "signals": false,
        "tags": {
          "crossing": "uncontrolled",
          "crossing:island": "no",
          "crossing:markings": "lines",
          "highway": "crossing"
        }
      }
    },
    {
      "type": "Feature",
      "geometry": {
        "type": "Point",
        "coordinates": [
          -122.8042257,
          53.9102643
        ]
      },
      "properties": {
        "x_26910": 512860.4916484071,
        "y_26910": 5973555.455544923,
        "name": "",
        "osm_type": "node",
        "osm_id": 13797742405,
        "crossing_type": "uncontrolled",
        "marked": "zebra",
        "signals": false,
        "tags": {
          "crossing": "uncontrolled",
          "crossing:island": "no",
          "crossing:markings": "zebra",
          "highway": "crossing"
        }
      }
    },
    {
      "type": "Feature",
      "geometry": {
        "type": "Point",
        "coordinates": [
          -122.7977258,
          53.9102111
        ]
      },
      "properties": {
        "x_26910": 513287.48901843134,
        "y_26910": 5973550.735136565,
        "name": "",
        "osm_type": "node",
        "osm_id": 13797742416,
        "crossing_type": "traffic_signals",
        "marked": "lines",
        "signals": true,
        "tags": {
          "crossing": "traffic_signals",
          "crossing:island": "no",
          "crossing:markings": "lines",
          "highway": "crossing"
        }
      }
    },
    {
      "type": "Feature",
      "geometry": {
        "type": "Point",
        "coordinates": [
          -122.7977251,
          53.9103226
        ]
      },
      "properties": {
        "x_26910": 513287.49961075233,
        "y_26910": 5973563.140601333,
        "name": "",
        "osm_type": "node",
        "osm_id": 13797742417,
        "crossing_type": "traffic_signals",
        "marked": "lines",
        "signals": true,
        "tags": {
          "crossing": "traffic_signals",
          "crossing:island": "no",
          "crossing:markings": "lines",
          "highway": "crossing"
        }
      }
    },
    {
      "type": "Feature",
      "geometry": {
        "type": "Point",
        "coordinates": [
          -122.7973388,
          53.9101573
        ]
      },
      "properties": {
        "x_26910": 513312.9283104685,
        "y_26910": 5973544.8220197335,
        "name": "",
        "osm_type": "node",
        "osm_id": 13797742418,
        "crossing_type": "traffic_signals",
        "marked": "lines",
        "signals": true,
        "tags": {
          "crossing": "traffic_signals",
          "crossing:island": "no",
          "crossing:markings": "lines",
          "highway": "crossing"
        }
      }
    },
    {
      "type": "Feature",
      "geometry": {
        "type": "Point",
        "coordinates": [
          -122.7975706,
          53.910158
        ]
      },
      "properties": {
        "x_26910": 513297.701034979,
        "y_26910": 5973544.85640175,
        "name": "",
        "osm_type": "node",
        "osm_id": 13797742419,
        "crossing_type": "traffic_signals",
        "marked": "lines",
        "signals": true,
        "tags": {
          "crossing": "traffic_signals",
          "crossing:island": "no",
          "crossing:markings": "lines",
          "highway": "crossing"
        }
      }
    },
    {
      "type": "Feature",
      "geometry": {
        "type": "Point",
        "coordinates": [
          -122.7973368,
          53.9104105
        ]
      },
      "properties": {
        "x_26910": 513312.9791695092,
        "y_26910": 5973572.993071943,
        "name": "",
        "osm_type": "node",
        "osm_id": 13797742420,
        "crossing_type": "traffic_signals",
        "marked": "lines",
        "signals": true,
        "tags": {
          "crossing": "traffic_signals",
          "crossing:island": "no",
          "crossing:markings": "lines",
          "highway": "crossing"
        }
      }
    },
    {
      "type": "Feature",
      "geometry": {
        "type": "Point",
        "coordinates": [
          -122.7975683,
          53.9104128
        ]
      },
      "properties": {
        "x_26910": 513297.7711848934,
        "y_26910": 5973573.205523681,
        "name": "",
        "osm_type": "node",
        "osm_id": 13797742421,
        "crossing_type": "traffic_signals",
        "marked": "lines",
        "signals": true,
        "tags": {
          "crossing": "traffic_signals",
          "crossing:island": "no",
          "crossing:markings": "lines",
          "highway": "crossing"
        }
      }
    },
    {
      "type": "Feature",
      "geometry": {
        "type": "Point",
        "coordinates": [
          -122.7972263,
          53.9102111
        ]
      },
      "properties": {
        "x_26910": 513320.30137075804,
        "y_26910": 5973550.82886153,
        "name": "",
        "osm_type": "node",
        "osm_id": 13797742422,
        "crossing_type": "traffic_signals",
        "marked": "lines",
        "signals": true,
        "tags": {
          "crossing": "traffic_signals",
          "crossing:island": "no",
          "crossing:markings": "lines",
          "highway": "crossing"
        }
      }
    },
    {
      "type": "Feature",
      "geometry": {
        "type": "Point",
        "coordinates": [
          -122.7972279,
          53.9103235
        ]
      },
      "properties": {
        "x_26910": 513320.16050181014,
        "y_26910": 5973563.334027146,
        "name": "",
        "osm_type": "node",
        "osm_id": 13797742423,
        "crossing_type": "traffic_signals",
        "marked": "lines",
        "signals": true,
        "tags": {
          "crossing": "traffic_signals",
          "crossing:island": "no",
          "crossing:markings": "lines",
          "highway": "crossing"
        }
      }
    },
    {
      "type": "Feature",
      "geometry": {
        "type": "Point",
        "coordinates": [
          -122.7960903,
          53.9165689
        ]
      },
      "properties": {
        "x_26910": 513392.89125222387,
        "y_26910": 5974258.403135496,
        "name": "",
        "osm_type": "node",
        "osm_id": 13797923633,
        "crossing_type": "traffic_signals",
        "marked": "lines",
        "signals": true,
        "tags": {
          "crossing": "traffic_signals",
          "crossing:island": "no",
          "crossing:markings": "lines",
          "highway": "crossing"
        }
      }
    },
    {
      "type": "Feature",
      "geometry": {
        "type": "Point",
        "coordinates": [
          -122.795686,
          53.9165563
        ]
      },
      "properties": {
        "x_26910": 513419.44988440844,
        "y_26910": 5974257.077726989,
        "name": "",
        "osm_type": "node",
        "osm_id": 13797923634,
        "crossing_type": "traffic_signals",
        "marked": "lines",
        "signals": true,
        "tags": {
          "crossing": "traffic_signals",
          "crossing:island": "no",
          "crossing:markings": "lines",
          "highway": "crossing"
        }
      }
    },
    {
      "type": "Feature",
      "geometry": {
        "type": "Point",
        "coordinates": [
          -122.7959102,
          53.9166023
        ]
      },
      "properties": {
        "x_26910": 513404.7095977691,
        "y_26910": 5974262.153213808,
        "name": "",
        "osm_type": "node",
        "osm_id": 13797923635,
        "crossing_type": "traffic_signals",
        "marked": "lines",
        "signals": true,
        "tags": {
          "crossing": "traffic_signals",
          "crossing:island": "no",
          "crossing:markings": "lines",
          "highway": "crossing"
        }
      }
    },
    {
      "type": "Feature",
      "geometry": {
        "type": "Point",
        "coordinates": [
          -122.7957597,
          53.9164141
        ]
      },
      "properties": {
        "x_26910": 513414.65481388645,
        "y_26910": 5974241.242790979,
        "name": "",
        "osm_type": "node",
        "osm_id": 13797923636,
        "crossing_type": "traffic_signals",
        "marked": "lines",
        "signals": true,
        "tags": {
          "crossing": "traffic_signals",
          "crossing:island": "no",
          "crossing:markings": "lines",
          "highway": "crossing"
        }
      }
    },
    {
      "type": "Feature",
      "geometry": {
        "type": "Point",
        "coordinates": [
          -122.795987,
          53.9164538
        ]
      },
      "properties": {
        "x_26910": 513399.7128897337,
        "y_26910": 5974245.6167771425,
        "name": "",
        "osm_type": "node",
        "osm_id": 13797923637,
        "crossing_type": "traffic_signals",
        "marked": "lines",
        "signals": true,
        "tags": {
          "crossing": "traffic_signals",
          "crossing:island": "no",
          "crossing:markings": "lines",
          "highway": "crossing"
        }
      }
    },
    {
      "type": "Feature",
      "geometry": {
        "type": "Point",
        "coordinates": [
          -122.7956272,
          53.9164711
        ]
      },
      "properties": {
        "x_26910": 513423.3392198308,
        "y_26910": 5974247.609616397,
        "name": "",
        "osm_type": "node",
        "osm_id": 13797923638,
        "crossing_type": "traffic_signals",
        "marked": "lines",
        "signals": true,
        "tags": {
          "crossing": "traffic_signals",
          "crossing:island": "no",
          "crossing:markings": "lines",
          "highway": "crossing"
        }
      }
    },
    {
      "type": "Feature",
      "geometry": {
        "type": "Point",
        "coordinates": [
          -122.7960282,
          53.9156897
        ]
      },
      "properties": {
        "x_26910": 513397.2514332647,
        "y_26910": 5974160.596216996,
        "name": "",
        "osm_type": "node",
        "osm_id": 13797923653,
        "crossing_type": "unmarked",
        "marked": "no",
        "signals": false,
        "tags": {
          "crossing": "unmarked",
          "crossing:island": "no",
          "crossing:markings": "no",
          "highway": "crossing"
        }
      }
    },
    {
      "type": "Feature",
      "geometry": {
        "type": "Point",
        "coordinates": [
          -122.7964694,
          53.91484
        ]
      },
      "properties": {
        "x_26910": 513368.544017825,
        "y_26910": 5974065.976427876,
        "name": "",
        "osm_type": "node",
        "osm_id": 13797923662,
        "crossing_type": "unmarked",
        "marked": "no",
        "signals": false,
        "tags": {
          "crossing": "unmarked",
          "crossing:island": "no",
          "crossing:markings": "no",
          "highway": "crossing"
        }
      }
    },
    {
      "type": "Feature",
      "geometry": {
        "type": "Point",
        "coordinates": [
          -122.7968833,
          53.9140273
        ]
      },
      "properties": {
        "x_26910": 513341.6168148967,
        "y_26910": 5973975.478538506,
        "name": "",
        "osm_type": "node",
        "osm_id": 13797923672,
        "crossing_type": "unmarked",
        "marked": "no",
        "signals": false,
        "tags": {
          "crossing": "unmarked",
          "crossing:island": "no",
          "crossing:markings": "no",
          "highway": "crossing"
        }
      }
    },
    {
      "type": "Feature",
      "geometry": {
        "type": "Point",
        "coordinates": [
          -122.7971734,
          53.9132118
        ]
      },
      "properties": {
        "x_26910": 513322.82133188786,
        "y_26910": 5973884.692550876,
        "name": "",
        "osm_type": "node",
        "osm_id": 13797923685,
        "crossing_type": "unmarked",
        "marked": "no",
        "signals": false,
        "tags": {
          "crossing": "unmarked",
          "crossing:island": "no",
          "crossing:markings": "no",
          "highway": "crossing"
        }
      }
    },
    {
      "type": "Feature",
      "geometry": {
        "type": "Point",
        "coordinates": [
          -122.7972245,
          53.9124043
        ]
      },
      "properties": {
        "x_26910": 513319.72174276697,
        "y_26910": 5973794.841595219,
        "name": "",
        "osm_type": "node",
        "osm_id": 13797923696,
        "crossing_type": "unmarked",
        "marked": "no",
        "signals": false,
        "tags": {
          "crossing": "unmarked",
          "crossing:island": "no",
          "crossing:markings": "no",
          "highway": "crossing"
        }
      }
    },
    {
      "type": "Feature",
      "geometry": {
        "type": "Point",
        "coordinates": [
          -122.7956866,
          53.9173343
        ]
      },
      "properties": {
        "x_26910": 513419.16102284094,
        "y_26910": 5974343.636895434,
        "name": "",
        "osm_type": "node",
        "osm_id": 13797937543,
        "crossing_type": "unmarked",
        "marked": "no",
        "signals": false,
        "tags": {
          "crossing": "unmarked",
          "crossing:island": "no",
          "crossing:markings": "no",
          "highway": "crossing"
        }
      }
    },
    {
      "type": "Feature",
      "geometry": {
        "type": "Point",
        "coordinates": [
          -122.7928389,
          53.9160795
        ]
      },
      "properties": {
        "x_26910": 513606.6036552906,
        "y_26910": 5974204.572240488,
        "name": "",
        "osm_type": "node",
        "osm_id": 13797937601,
        "crossing_type": "uncontrolled",
        "marked": "zebra",
        "signals": false,
        "tags": {
          "crossing": "uncontrolled",
          "crossing:island": "no",
          "crossing:markings": "zebra",
          "highway": "crossing"
        }
      }
    },
    {
      "type": "Feature",
      "geometry": {
        "type": "Point",
        "coordinates": [
          -122.7931954,
          53.9157715
        ]
      },
      "properties": {
        "x_26910": 513583.28827257024,
        "y_26910": 5974170.236201984,
        "name": "",
        "osm_type": "node",
        "osm_id": 13797937641,
        "crossing_type": "uncontrolled",
        "marked": "zebra",
        "signals": false,
        "tags": {
          "crossing": "uncontrolled",
          "crossing:markings": "zebra",
          "highway": "crossing"
        }
      }
    },
    {
      "type": "Feature",
      "geometry": {
        "type": "Point",
        "coordinates": [
          -122.7932025,
          53.9158861
        ]
      },
      "properties": {
        "x_26910": 513582.7847418721,
        "y_26910": 5974182.985087712,
        "name": "",
        "osm_type": "node",
        "osm_id": 13797937646,
        "crossing_type": "uncontrolled",
        "marked": "zebra",
        "signals": false,
        "tags": {
          "crossing": "uncontrolled",
          "crossing:markings": "zebra",
          "highway": "crossing"
        }
      }
    },
    {
      "type": "Feature",
      "geometry": {
        "type": "Point",
        "coordinates": [
          -122.7952232,
          53.9172573
        ]
      },
      "properties": {
        "x_26910": 513449.6215156927,
        "y_26910": 5974335.157785803,
        "name": "",
        "osm_type": "node",
        "osm_id": 13797937668,
        "crossing_type": "unmarked",
        "marked": "no",
        "signals": false,
        "tags": {
          "crossing": "unmarked",
          "crossing:markings": "no",
          "highway": "crossing"
        }
      }
    },
    {
      "type": "Feature",
      "geometry": {
        "type": "Point",
        "coordinates": [
          -122.7914335,
          53.8989229
        ]
      },
      "properties": {
        "x_26910": 513704.5268039024,
        "y_26910": 5972296.024746358,
        "name": "",
        "osm_type": "node",
        "osm_id": 13797950218,
        "crossing_type": "uncontrolled",
        "marked": "zebra",
        "signals": false,
        "tags": {
          "crossing": "uncontrolled",
          "crossing:island": "no",
          "crossing:markings": "zebra",
          "highway": "crossing"
        }
      }
    },
    {
      "type": "Feature",
      "geometry": {
        "type": "Point",
        "coordinates": [
          -122.790638,
          53.8989317
        ]
      },
      "properties": {
        "x_26910": 513756.7947060833,
        "y_26910": 5972297.157851807,
        "name": "",
        "osm_type": "node",
        "osm_id": 13797950219,
        "crossing_type": "uncontrolled",
        "marked": "zebra",
        "signals": false,
        "tags": {
          "crossing": "uncontrolled",
          "crossing:island": "no",
          "crossing:markings": "zebra",
          "highway": "crossing"
        }
      }
    },
    {
      "type": "Feature",
      "geometry": {
        "type": "Point",
        "coordinates": [
          -122.7911028,
          53.8990755
        ]
      },
      "properties": {
        "x_26910": 513726.20645744633,
        "y_26910": 5972313.066735978,
        "name": "",
        "osm_type": "node",
        "osm_id": 13797950224,
        "crossing_type": "traffic_signals",
        "marked": "lines",
        "signals": true,
        "tags": {
          "crossing": "traffic_signals",
          "crossing:island": "no",
          "crossing:markings": "lines",
          "highway": "crossing"
        }
      }
    },
    {
      "type": "Feature",
      "geometry": {
        "type": "Point",
        "coordinates": [
          -122.7912725,
          53.8989798
        ]
      },
      "properties": {
        "x_26910": 513715.08717400505,
        "y_26910": 5972302.38647469,
        "name": "",
        "osm_type": "node",
        "osm_id": 13797950225,
        "crossing_type": "traffic_signals",
        "marked": "lines",
        "signals": true,
        "tags": {
          "crossing": "traffic_signals",
          "crossing:island": "no",
          "crossing:markings": "lines",
          "highway": "crossing"
        }
      }
    },
    {
      "type": "Feature",
      "geometry": {
        "type": "Point",
        "coordinates": [
          -122.7912663,
          53.8988609
        ]
      },
      "properties": {
        "x_26910": 513715.5335028091,
        "y_26910": 5972289.159053397,
        "name": "",
        "osm_type": "node",
        "osm_id": 13797950226,
        "crossing_type": "traffic_signals",
        "marked": "lines",
        "signals": true,
        "tags": {
          "crossing": "traffic_signals",
          "crossing:island": "no",
          "crossing:markings": "lines",
          "highway": "crossing"
        }
      }
    },
    {
      "type": "Feature",
      "geometry": {
        "type": "Point",
        "coordinates": [
          -122.791114,
          53.8987751
        ]
      },
      "properties": {
        "x_26910": 513725.5689806696,
        "y_26910": 5972279.642553171,
        "name": "",
        "osm_type": "node",
        "osm_id": 13797950227,
        "crossing_type": "traffic_signals",
        "marked": "lines",
        "signals": true,
        "tags": {
          "crossing": "traffic_signals",
          "crossing:island": "no",
          "crossing:markings": "lines",
          "highway": "crossing"
        }
      }
    },
    {
      "type": "Feature",
      "geometry": {
        "type": "Point",
        "coordinates": [
          -122.7909396,
          53.8987835
        ]
      },
      "properties": {
        "x_26910": 513737.0257583296,
        "y_26910": 5972280.610893848,
        "name": "",
        "osm_type": "node",
        "osm_id": 13797950228,
        "crossing_type": "traffic_signals",
        "marked": "lines",
        "signals": true,
        "tags": {
          "crossing": "traffic_signals",
          "crossing:island": "no",
          "crossing:markings": "lines",
          "highway": "crossing"
        }
      }
    },
    {
      "type": "Feature",
      "geometry": {
        "type": "Point",
        "coordinates": [
          -122.7907807,
          53.8988855
        ]
      },
      "properties": {
        "x_26910": 513747.4333278355,
        "y_26910": 5972291.9900410725,
        "name": "",
        "osm_type": "node",
        "osm_id": 13797950229,
        "crossing_type": "traffic_signals",
        "marked": "lines",
        "signals": true,
        "tags": {
          "crossing": "traffic_signals",
          "crossing:island": "no",
          "crossing:markings": "lines",
          "highway": "crossing"
        }
      }
    },
    {
      "type": "Feature",
      "geometry": {
        "type": "Point",
        "coordinates": [
          -122.7909152,
          53.8990598
        ]
      },
      "properties": {
        "x_26910": 513738.5384022385,
        "y_26910": 5972311.356308875,
        "name": "",
        "osm_type": "node",
        "osm_id": 13797950230,
        "crossing_type": "traffic_signals",
        "marked": "lines",
        "signals": true,
        "tags": {
          "crossing": "traffic_signals",
          "crossing:island": "no",
          "crossing:markings": "lines",
          "highway": "crossing"
        }
      }
    },
    {
      "type": "Feature",
      "geometry": {
        "type": "Point",
        "coordinates": [
          -122.790776,
          53.8989751
        ]
      },
      "properties": {
        "x_26910": 513747.7127437055,
        "y_26910": 5972301.959702317,
        "name": "",
        "osm_type": "node",
        "osm_id": 13797950231,
        "crossing_type": "traffic_signals",
        "marked": "lines",
        "signals": true,
        "tags": {
          "crossing": "traffic_signals",
          "crossing:island": "no",
          "crossing:markings": "lines",
          "highway": "crossing"
        }
      }
    },
    {
      "type": "Feature",
      "geometry": {
        "type": "Point",
        "coordinates": [
          -122.7608328,
          53.9117574
        ]
      },
      "properties": {
        "x_26910": 515710.4235523185,
        "y_26910": 5973730.31869879,
        "name": "",
        "osm_type": "node",
        "osm_id": 13805214261,
        "crossing_type": "traffic_signals",
        "marked": "lines",
        "signals": true,
        "tags": {
          "crossing": "traffic_signals",
          "crossing:markings": "lines",
          "highway": "crossing"
        }
      }
    },
    {
      "type": "Feature",
      "geometry": {
        "type": "Point",
        "coordinates": [
          -122.7606437,
          53.9117717
        ]
      },
      "properties": {
        "x_26910": 515722.83976668044,
        "y_26910": 5973731.95161397,
        "name": "",
        "osm_type": "node",
        "osm_id": 13805214262,
        "crossing_type": "traffic_signals",
        "marked": "lines",
        "signals": true,
        "tags": {
          "crossing": "traffic_signals",
          "crossing:markings": "lines",
          "highway": "crossing"
        }
      }
    },
    {
      "type": "Feature",
      "geometry": {
        "type": "Point",
        "coordinates": [
          -122.7605756,
          53.9116858
        ]
      },
      "properties": {
        "x_26910": 515727.34538588754,
        "y_26910": 5973722.409609357,
        "name": "",
        "osm_type": "node",
        "osm_id": 13805214264,
        "crossing_type": "traffic_signals",
        "marked": "lines",
        "signals": true,
        "tags": {
          "crossing": "traffic_signals",
          "crossing:markings": "lines",
          "highway": "crossing"
        }
      }
    },
    {
      "type": "Feature",
      "geometry": {
        "type": "Point",
        "coordinates": [
          -122.7607234,
          53.9116703
        ]
      },
      "properties": {
        "x_26910": 515717.6425147722,
        "y_26910": 5973720.652326798,
        "name": "",
        "osm_type": "node",
        "osm_id": 13805214265,
        "crossing_type": "traffic_signals",
        "marked": "lines",
        "signals": true,
        "tags": {
          "crossing": "traffic_signals",
          "crossing:markings": "lines",
          "highway": "crossing"
        }
      }
    },
    {
      "type": "Feature",
      "geometry": {
        "type": "Point",
        "coordinates": [
          -122.7631622,
          53.9110228
        ]
      },
      "properties": {
        "x_26910": 515557.6831229393,
        "y_26910": 5973648.074532024,
        "name": "",
        "osm_type": "node",
        "osm_id": 13805220380,
        "crossing_type": "uncontrolled",
        "marked": "yes",
        "signals": false,
        "tags": {
          "crossing": "uncontrolled",
          "crossing:markings": "yes",
          "highway": "crossing"
        }
      }
    },
    {
      "type": "Feature",
      "geometry": {
        "type": "Point",
        "coordinates": [
          -122.7593738,
          53.9132022
        ]
      },
      "properties": {
        "x_26910": 515805.7166693954,
        "y_26910": 5973891.389329349,
        "name": "",
        "osm_type": "node",
        "osm_id": 13805220397,
        "crossing_type": "uncontrolled",
        "marked": "yes",
        "signals": false,
        "tags": {
          "crossing": "uncontrolled",
          "crossing:island": "no",
          "crossing:markings": "yes",
          "highway": "crossing"
        }
      }
    },
    {
      "type": "Feature",
      "geometry": {
        "type": "Point",
        "coordinates": [
          -122.7587654,
          53.913951
        ]
      },
      "properties": {
        "x_26910": 515845.3963532121,
        "y_26910": 5973974.835549349,
        "name": "",
        "osm_type": "node",
        "osm_id": 13805220404,
        "crossing_type": "uncontrolled",
        "marked": "yes",
        "signals": false,
        "tags": {
          "crossing": "uncontrolled",
          "crossing:markings": "yes",
          "highway": "crossing"
        }
      }
    },
    {
      "type": "Feature",
      "geometry": {
        "type": "Point",
        "coordinates": [
          -122.7583704,
          53.9148064
        ]
      },
      "properties": {
        "x_26910": 515871.01736701163,
        "y_26910": 5974070.094493825,
        "name": "",
        "osm_type": "node",
        "osm_id": 13805220415,
        "crossing_type": "uncontrolled",
        "marked": "yes",
        "signals": false,
        "tags": {
          "crossing": "uncontrolled",
          "crossing:markings": "yes",
          "highway": "crossing"
        }
      }
    },
    {
      "type": "Feature",
      "geometry": {
        "type": "Point",
        "coordinates": [
          -122.7581212,
          53.9147366
        ]
      },
      "properties": {
        "x_26910": 515887.41209758446,
        "y_26910": 5974062.384458297,
        "name": "",
        "osm_type": "node",
        "osm_id": 13805220416,
        "crossing_type": "uncontrolled",
        "marked": "yes",
        "signals": false,
        "tags": {
          "crossing": "uncontrolled",
          "crossing:markings": "yes",
          "highway": "crossing"
        }
      }
    },
    {
      "type": "Feature",
      "geometry": {
        "type": "Point",
        "coordinates": [
          -122.7581976,
          53.9148214
        ]
      },
      "properties": {
        "x_26910": 515882.3617201543,
        "y_26910": 5974071.802069099,
        "name": "",
        "osm_type": "node",
        "osm_id": 13805220417,
        "crossing_type": "traffic_signals",
        "marked": "lines",
        "signals": true,
        "tags": {
          "crossing": "traffic_signals",
          "crossing:markings": "lines",
          "highway": "crossing"
        }
      }
    },
    {
      "type": "Feature",
      "geometry": {
        "type": "Point",
        "coordinates": [
          -122.7590084,
          53.9140195
        ]
      },
      "properties": {
        "x_26910": 515829.4091207049,
        "y_26910": 5973982.4024803,
        "name": "",
        "osm_type": "node",
        "osm_id": 13805220426,
        "crossing_type": "uncontrolled",
        "marked": "yes",
        "signals": false,
        "tags": {
          "crossing": "uncontrolled",
          "crossing:island": "no",
          "crossing:markings": "yes",
          "highway": "crossing"
        }
      }
    },
    {
      "type": "Feature",
      "geometry": {
        "type": "Point",
        "coordinates": [
          -122.7604996,
          53.9145357
        ]
      },
      "properties": {
        "x_26910": 515731.26658222696,
        "y_26910": 5974039.502255032,
        "name": "",
        "osm_type": "node",
        "osm_id": 13805220443,
        "crossing_type": "uncontrolled",
        "marked": "lines",
        "signals": false,
        "tags": {
          "crossing": "uncontrolled",
          "crossing:island": "no",
          "crossing:markings": "lines",
          "highway": "crossing"
        }
      }
    },
    {
      "type": "Feature",
      "geometry": {
        "type": "Point",
        "coordinates": [
          -122.7606627,
          53.9144915
        ]
      },
      "properties": {
        "x_26910": 515720.5701946922,
        "y_26910": 5974034.54844807,
        "name": "",
        "osm_type": "node",
        "osm_id": 13805220445,
        "crossing_type": "uncontrolled",
        "marked": "zebra",
        "signals": false,
        "tags": {
          "crossing": "uncontrolled",
          "crossing:island": "no",
          "crossing:markings": "zebra",
          "highway": "crossing"
        }
      }
    },
    {
      "type": "Feature",
      "geometry": {
        "type": "Point",
        "coordinates": [
          -122.7600542,
          53.9152749
        ]
      },
      "properties": {
        "x_26910": 515760.24369835196,
        "y_26910": 5974121.843529912,
        "name": "",
        "osm_type": "node",
        "osm_id": 13805220459,
        "crossing_type": "uncontrolled",
        "marked": "zebra",
        "signals": false,
        "tags": {
          "crossing": "uncontrolled",
          "crossing:island": "no",
          "crossing:markings": "zebra",
          "highway": "crossing"
        }
      }
    },
    {
      "type": "Feature",
      "geometry": {
        "type": "Point",
        "coordinates": [
          -122.7612802,
          53.9137453
        ]
      },
      "properties": {
        "x_26910": 515680.29009200924,
        "y_26910": 5973951.390546932,
        "name": "",
        "osm_type": "node",
        "osm_id": 13805220481,
        "crossing_type": "uncontrolled",
        "marked": "zebra",
        "signals": false,
        "tags": {
          "crossing": "uncontrolled",
          "crossing:island": "no",
          "crossing:markings": "zebra",
          "highway": "crossing"
        }
      }
    },
    {
      "type": "Feature",
      "geometry": {
        "type": "Point",
        "coordinates": [
          -122.7618897,
          53.9129839
        ]
      },
      "properties": {
        "x_26910": 515640.5397072239,
        "y_26910": 5973866.543641722,
        "name": "",
        "osm_type": "node",
        "osm_id": 13805220492,
        "crossing_type": "unmarked",
        "marked": "no",
        "signals": false,
        "tags": {
          "crossing": "unmarked",
          "crossing:island": "no",
          "crossing:markings": "no",
          "highway": "crossing"
        }
      }
    },
    {
      "type": "Feature",
      "geometry": {
        "type": "Point",
        "coordinates": [
          -122.7596182,
          53.9132725
        ]
      },
      "properties": {
        "x_26910": 515789.6365780259,
        "y_26910": 5973899.156349596,
        "name": "",
        "osm_type": "node",
        "osm_id": 13805220504,
        "crossing_type": "uncontrolled",
        "marked": "yes",
        "signals": false,
        "tags": {
          "crossing": "uncontrolled",
          "crossing:markings": "yes",
          "highway": "crossing"
        }
      }
    },
    {
      "type": "Feature",
      "geometry": {
        "type": "Point",
        "coordinates": [
          -122.7624369,
          53.9121397
        ]
      },
      "properties": {
        "x_26910": 515604.91104174696,
        "y_26910": 5973772.498591252,
        "name": "",
        "osm_type": "node",
        "osm_id": 13805220530,
        "crossing_type": "unmarked",
        "marked": "no",
        "signals": false,
        "tags": {
          "crossing": "unmarked",
          "crossing:island": "no",
          "crossing:markings": "no",
          "highway": "crossing"
        }
      }
    },
    {
      "type": "Feature",
      "geometry": {
        "type": "Point",
        "coordinates": [
          -122.7625074,
          53.9122269
        ]
      },
      "properties": {
        "x_26910": 515600.2475878381,
        "y_26910": 5973782.184822539,
        "name": "",
        "osm_type": "node",
        "osm_id": 13805220531,
        "crossing_type": "unmarked",
        "marked": "no",
        "signals": false,
        "tags": {
          "crossing": "unmarked",
          "crossing:island": "no",
          "crossing:markings": "no",
          "highway": "crossing"
        }
      }
    },
    {
      "type": "Feature",
      "geometry": {
        "type": "Point",
        "coordinates": [
          -122.7623455,
          53.9122555
        ]
      },
      "properties": {
        "x_26910": 515610.8716771085,
        "y_26910": 5973785.402452346,
        "name": "",
        "osm_type": "node",
        "osm_id": 13805220533,
        "crossing_type": "unmarked",
        "marked": "no",
        "signals": false,
        "tags": {
          "crossing": "unmarked",
          "crossing:markings": "no",
          "highway": "crossing"
        }
      }
    },
    {
      "type": "Feature",
      "geometry": {
        "type": "Point",
        "coordinates": [
          -122.7622923,
          53.9121674
        ]
      },
      "properties": {
        "x_26910": 515614.3990958355,
        "y_26910": 5973775.612288792,
        "name": "",
        "osm_type": "node",
        "osm_id": 13805220534,
        "crossing_type": "unmarked",
        "marked": "no",
        "signals": false,
        "tags": {
          "crossing": "unmarked",
          "crossing:island": "no",
          "crossing:markings": "no",
          "highway": "crossing"
        }
      }
    },
    {
      "type": "Feature",
      "geometry": {
        "type": "Point",
        "coordinates": [
          -122.7592547,
          53.9085102
        ]
      },
      "properties": {
        "x_26910": 515815.31236578856,
        "y_26910": 5973369.390911334,
        "name": "",
        "osm_type": "node",
        "osm_id": 13805220571,
        "crossing_type": "crossing",
        "marked": "",
        "signals": false,
        "tags": {
          "highway": "crossing"
        }
      }
    },
    {
      "type": "Feature",
      "geometry": {
        "type": "Point",
        "coordinates": [
          -122.7636301,
          53.908708
        ]
      },
      "properties": {
        "x_26910": 515527.80578130507,
        "y_26910": 5973390.430758994,
        "name": "",
        "osm_type": "node",
        "osm_id": 13805220574,
        "crossing_type": "uncontrolled",
        "marked": "lines",
        "signals": false,
        "tags": {
          "crossing": "uncontrolled",
          "crossing:island": "no",
          "crossing:markings": "lines",
          "highway": "crossing"
        }
      }
    },
    {
      "type": "Feature",
      "geometry": {
        "type": "Point",
        "coordinates": [
          -122.7637069,
          53.9086555
        ]
      },
      "properties": {
        "x_26910": 515522.7800473246,
        "y_26910": 5973384.572871811,
        "name": "",
        "osm_type": "node",
        "osm_id": 13805220575,
        "crossing_type": "uncontrolled",
        "marked": "lines",
        "signals": false,
        "tags": {
          "crossing": "uncontrolled",
          "crossing:island": "no",
          "crossing:markings": "lines",
          "highway": "crossing"
        }
      }
    },
    {
      "type": "Feature",
      "geometry": {
        "type": "Point",
        "coordinates": [
          -122.7606106,
          53.9083635
        ]
      },
      "properties": {
        "x_26910": 515726.29431523284,
        "y_26910": 5973352.76770543,
        "name": "",
        "osm_type": "node",
        "osm_id": 13805220598,
        "crossing_type": "unmarked",
        "marked": "no",
        "signals": false,
        "tags": {
          "crossing": "unmarked",
          "crossing:island": "no",
          "crossing:markings": "no",
          "highway": "crossing"
        }
      }
    },
    {
      "type": "Feature",
      "geometry": {
        "type": "Point",
        "coordinates": [
          -122.764931,
          53.9077998
        ]
      },
      "properties": {
        "x_26910": 515442.6811331559,
        "y_26910": 5973289.101689924,
        "name": "",
        "osm_type": "node",
        "osm_id": 13805220605,
        "crossing_type": "unmarked",
        "marked": "no",
        "signals": false,
        "tags": {
          "crossing": "unmarked",
          "crossing:island": "no",
          "crossing:markings": "no",
          "highway": "crossing"
        }
      }
    },
    {
      "type": "Feature",
      "geometry": {
        "type": "Point",
        "coordinates": [
          -122.7632972,
          53.9054994
        ]
      },
      "properties": {
        "x_26910": 515550.8666115604,
        "y_26910": 5973033.519820136,
        "name": "",
        "osm_type": "node",
        "osm_id": 13805220644,
        "crossing_type": "unmarked",
        "marked": "no",
        "signals": false,
        "tags": {
          "crossing": "unmarked",
          "crossing:island": "no",
          "crossing:markings": "no",
          "highway": "crossing"
        }
      }
    }
  ]
}