{"type":"FeatureCollection","name":"watershed_groups","metadata":{"source":"BC Freshwater Atlas / BC Geographic Warehouse","sourceLayer":"WHSE_BASEMAPPING.FWA_WATERSHED_GROUPS_POLY","bbox":[-125,52.5,-120,55.5],"clippedTo":"Prince George regional viewport","generatedAt":"2026-05-09T01:18:57.009Z"},"features":[{"type":"Feature","id":"WHSE_BASEMAPPING.FWA_WATERSHED_GROUPS_POLY.166","properties":{"sourceLayer":"WHSE_BASEMAPPING.FWA_WATERSHED_GROUPS_POLY","boundaryCode":"PARS","boundaryName":"Parsnip River","OBJECTID":114406,"WATERSHED_GROUP_ID":166,"WATERSHED_GROUP_CODE":"PARS","WATERSHED_GROUP_NAME":"Parsnip River","AREA_HA":559660.474144113},"geometry":{"type":"Polygon","coordinates":[[[-122.48503601,54.62114524],[-122.48228385,54.61400772],[-122.43771032,54.59317642],[-122.3282526,54.60189332],[-122.2881045,54.59239505],[-122.28504299,54.58427947],[-122.26182561,54.5776343],[-122.26291427,54.56550708],[-122.24819241,54.56492121],[-122.19631051,54.53693258],[-122.21546901,54.5171263],[-122.21883011,54.50586884],[-122.21391217,54.49969555],[-122.22438964,54.4928369],[-122.20991536,54.48283799],[-122.20056997,54.48363935],[-122.19499592,54.47281537],[-122.15282137,54.47979205],[-122.14653086,54.48820306],[-122.13388146,54.47169587],[-122.12098505,54.47022667],[-122.10830535,54.45938466],[-122.09512421,54.48836147],[-122.0719428,54.47651987],[-122.0776566,54.46469998],[-122.06944115,54.44326444],[-122.03349839,54.43791323],[-122.00376516,54.44049385],[-121.98892122,54.4494651],[-121.97262849,54.44641964],[-121.94927004,54.43702531],[-121.94989228,54.43011215],[-121.93790073,54.41891041],[-121.88639765,54.39834073],[-121.86287198,54.4040445],[-121.87252962,54.41179371],[-121.87703434,54.42688532],[-121.86668984,54.45404679],[-121.76663205,54.41894672],[-121.7214764,54.40888596],[-121.68727933,54.41052341],[-121.66227242,54.38963928],[-121.63018937,54.40974255],[-121.58387864,54.40702325],[-121.58232861,54.42078794],[-121.58928768,54.43162924],[-121.58228364,54.43995017],[-121.51283909,54.42936299],[-121.48892001,54.41310891],[-121.47129957,54.41231489],[-121.46181245,54.43836942],[-121.4483287,54.44153963],[-121.42658483,54.46084696],[-121.41264323,54.49098823],[-121.44436183,54.51686426],[-121.42381101,54.53392145],[-121.42427175,54.56497171],[-121.43213804,54.56881998],[-121.44808137,54.56231038],[-121.45066067,54.5745054],[-121.44238882,54.58775157],[-121.45903519,54.60103137],[-121.45364008,54.60731314],[-121.4859672,54.60785162],[-121.49884916,54.62343247],[-121.49144363,54.62607579],[-121.52816185,54.65123754],[-121.52933874,54.66538382],[-121.51755333,54.67104336],[-121.52114206,54.68224519],[-121.49021604,54.69464459],[-121.47794144,54.72698831],[-121.50057194,54.73953174],[-121.49255367,54.75294204],[-121.52800848,54.76888946],[-121.5225188,54.78975618],[-121.52930388,54.79950341],[-121.54590247,54.80356516],[-121.56300944,54.82116005],[-121.64271601,54.84257307],[-121.65106259,54.85535242],[-121.66783566,54.85643634],[-121.69800045,54.87804567],[-121.72898334,54.88602905],[-121.74405304,54.88108798],[-121.74390619,54.86709917],[-121.76560078,54.85048333],[-121.77825218,54.85156494],[-121.78472893,54.84182077],[-121.79799667,54.84374731],[-121.81806669,54.85927664],[-121.87060268,54.86704724],[-121.87525267,54.88248546],[-121.85356915,54.89622189],[-121.86728342,54.89798918],[-121.87369959,54.90792072],[-121.85761151,54.91488237],[-121.85043623,54.92901342],[-121.86584987,54.93530241],[-121.8758194,54.95205708],[-121.89599329,54.9545546],[-121.9227443,54.97261979],[-121.92490261,54.98481227],[-121.94387906,54.99297691],[-121.93744077,54.99764798],[-121.94555647,55.00669854],[-121.98124656,55.02343463],[-122.0131837,55.02915978],[-122.03624143,55.0568671],[-122.06781066,55.06664583],[-122.10846281,55.1004276],[-122.12694032,55.10188246],[-122.13908068,55.09342257],[-122.17379104,55.09940537],[-122.17899148,55.12484957],[-122.1914989,55.13725873],[-122.23586889,55.13904272],[-122.26487822,55.13175337],[-122.28879318,55.14785821],[-122.2814729,55.15705335],[-122.29399527,55.17225962],[-122.28120353,55.18860803],[-122.2489695,55.19482311],[-122.26590024,55.19968796],[-122.28185851,55.21593444],[-122.33288199,55.22727724],[-122.32781439,55.2369037],[-122.34953681,55.25479124],[-122.35774748,55.25469293],[-122.3599246,55.26236862],[-122.40170812,55.28903686],[-122.42065646,55.30860018],[-122.43483452,55.31479911],[-122.46362871,55.31000155],[-122.48517049,55.31486884],[-122.51178049,55.33219237],[-122.52029748,55.35050068],[-122.56014988,55.36709792],[-122.56995236,55.38993015],[-122.59756943,55.4091162],[-122.63982304,55.38465351],[-122.65301278,55.36548274],[-122.64872754,55.35590047],[-122.66155961,55.3406845],[-122.6765159,55.33564793],[-122.69687729,55.33788073],[-122.70694112,55.34568711],[-122.72332606,55.34096874],[-122.72193879,55.33018543],[-122.73730563,55.32194635],[-122.73079015,55.31134068],[-122.7311217,55.29441876],[-122.74842912,55.28583105],[-122.74774027,55.26700088],[-122.76373372,55.26717066],[-122.78412662,55.25319017],[-122.78562057,55.22016592],[-122.79890584,55.21337705],[-122.83581766,55.21091919],[-122.85397111,55.19882897],[-122.85096706,55.19131392],[-122.8668417,55.17417371],[-122.88534691,55.18174389],[-122.89304516,55.16287692],[-122.90545606,55.15978795],[-122.92479639,55.16140295],[-122.9344673,55.16956198],[-122.94679486,55.16665148],[-122.97224929,55.18236275],[-123.0013767,55.18188364],[-123.03866288,55.1657783],[-123.04459324,55.17221537],[-123.07160634,55.17144267],[-123.06459536,55.14974595],[-123.08469356,55.14541627],[-123.07238491,55.12456119],[-123.04364124,55.13908762],[-123.01519602,55.1359563],[-123.00702298,55.11181602],[-123.01045424,55.10472262],[-122.99869908,55.10524426],[-122.99440882,55.07417455],[-122.94165405,55.05712663],[-122.93663148,55.04552274],[-122.9196733,55.04208893],[-122.91741964,55.03119993],[-122.90460514,55.02811623],[-122.88665068,55.01237962],[-122.88701705,54.99639412],[-122.89854518,54.993277],[-122.88330133,54.98525841],[-122.89054615,54.97473102],[-122.8759961,54.94879204],[-122.88050577,54.94200776],[-122.85008939,54.93522817],[-122.83982467,54.91867885],[-122.81281271,54.89949985],[-122.82612068,54.8895445],[-122.83667953,54.86274309],[-122.84125364,54.86345909],[-122.83947431,54.84422233],[-122.82746193,54.83955375],[-122.81750749,54.84636907],[-122.80943106,54.84287283],[-122.78335331,54.8183144],[-122.74171453,54.79535071],[-122.68463111,54.80374224],[-122.67735319,54.79949334],[-122.65670235,54.81156383],[-122.62301546,54.80817672],[-122.61623215,54.77366412],[-122.60202362,54.76574588],[-122.59982967,54.74236384],[-122.57866181,54.72748872],[-122.59207969,54.69379368],[-122.62080402,54.67241012],[-122.60033064,54.65988336],[-122.61228931,54.64235861],[-122.63111622,54.63264252],[-122.61442854,54.63025591],[-122.60610233,54.61609049],[-122.58689313,54.62293753],[-122.56378711,54.60634424],[-122.54707159,54.61754668],[-122.55270363,54.6236339],[-122.52683027,54.63159398],[-122.48503601,54.62114524]]]}},{"type":"Feature","id":"WHSE_BASEMAPPING.FWA_WATERSHED_GROUPS_POLY.144","properties":{"sourceLayer":"WHSE_BASEMAPPING.FWA_WATERSHED_GROUPS_POLY","boundaryCode":"MURR","boundaryName":"Murray River","OBJECTID":114528,"WATERSHED_GROUP_ID":144,"WATERSHED_GROUP_CODE":"MURR","WATERSHED_GROUP_NAME":"Murray River","AREA_HA":651015.668478693},"geometry":{"type":"Polygon","coordinates":[[[-121.59652779,55.2869848],[-121.55312899,55.26635335],[-121.5345073,55.24476295],[-121.52324853,55.24224565],[-121.52045915,55.22756286],[-121.52945585,55.2189631],[-121.52011359,55.20609337],[-121.52406313,55.19585691],[-121.53602241,55.19210762],[-121.54187933,55.17039291],[-121.57520579,55.17175754],[-121.58418298,55.15370811],[-121.58220527,55.13822722],[-121.59305005,55.13201396],[-121.57590659,55.12086642],[-121.57673685,55.10364364],[-121.55989787,55.09078169],[-121.57144651,55.07617959],[-121.52249065,55.07675478],[-121.52796313,55.0659374],[-121.5189767,55.04395914],[-121.52856301,55.03678065],[-121.52404912,55.0290268],[-121.53568737,55.01177979],[-121.58441566,54.98906524],[-121.61291649,54.99127095],[-121.62362317,54.9853471],[-121.63261968,54.97723416],[-121.63006142,54.95793351],[-121.59909178,54.93985745],[-121.59131793,54.92550753],[-121.55792757,54.9197384],[-121.5184579,54.8917157],[-121.55803655,54.88168149],[-121.57699804,54.85772461],[-121.59763089,54.85844997],[-121.59724461,54.84613856],[-121.61386246,54.83398352],[-121.55747196,54.81862976],[-121.53957615,54.80037945],[-121.52712236,54.79760451],[-121.52300634,54.78633779],[-121.52760741,54.77023076],[-121.49299897,54.75434068],[-121.5004535,54.74941789],[-121.50011364,54.74119082],[-121.47553717,54.72480001],[-121.49204215,54.69393931],[-121.52080072,54.68438014],[-121.51759986,54.67298232],[-121.52840236,54.66764738],[-121.52769034,54.65217953],[-121.48988995,54.62694323],[-121.49688485,54.61901297],[-121.48573282,54.6079086],[-121.45608193,54.60993388],[-121.45728294,54.59896874],[-121.44201072,54.58589914],[-121.44999751,54.57662409],[-121.44991734,54.56392582],[-121.42456748,54.57013777],[-121.40551338,54.56623397],[-121.40570742,54.5438199],[-121.39868359,54.53342358],[-121.35714589,54.53887363],[-121.31193959,54.51657109],[-121.28130204,54.51507584],[-121.26960429,54.51846842],[-121.26782089,54.54076423],[-121.25381169,54.55471759],[-121.24159626,54.54510174],[-121.2200808,54.5486371],[-121.20793726,54.54430209],[-121.19978134,54.55201798],[-121.18235797,54.54729408],[-121.14760805,54.55322069],[-121.13055721,54.54970947],[-121.12183218,54.54104803],[-121.13626859,54.51261547],[-121.12076343,54.50105863],[-121.12939295,54.49205295],[-121.12812503,54.47955194],[-121.0801367,54.4510355],[-121.06729488,54.45359931],[-121.0646548,54.46563112],[-121.02988444,54.4510444],[-121.02346326,54.45529016],[-121.02663839,54.46112197],[-121.00541369,54.46592311],[-120.9541975,54.46294631],[-120.93378429,54.45067035],[-120.88421061,54.46013182],[-120.87785715,54.46533001],[-120.87778615,54.48498217],[-120.8281356,54.49281261],[-120.85803962,54.52306262],[-120.8513752,54.53248688],[-120.85669747,54.53953396],[-120.83461175,54.56470772],[-120.86018017,54.58597553],[-120.88121535,54.58717072],[-120.90277575,54.60343291],[-120.95701859,54.6272664],[-120.94843178,54.62918963],[-120.94878709,54.63526313],[-120.91205029,54.62329708],[-120.88358754,54.62627953],[-120.82868014,54.60789116],[-120.8126555,54.61463311],[-120.79127778,54.60990608],[-120.77002553,54.63238793],[-120.7775188,54.65080874],[-120.74648558,54.67344831],[-120.7635631,54.6779628],[-120.7632584,54.68528934],[-120.73892409,54.69293083],[-120.7262357,54.71381799],[-120.69773593,54.71643508],[-120.73358999,54.74822245],[-120.74887795,54.75369003],[-120.74652179,54.75693527],[-120.69410075,54.76084769],[-120.66545707,54.75283944],[-120.62604261,54.76931159],[-120.62392992,54.78421948],[-120.59790046,54.78872277],[-120.58407549,54.79795596],[-120.5880818,54.81306294],[-120.6055705,54.81843141],[-120.61893424,54.83417697],[-120.61981454,54.84752832],[-120.635119,54.84658598],[-120.64544057,54.85501576],[-120.63437007,54.88495029],[-120.61881823,54.89297932],[-120.65460609,54.91451253],[-120.64254452,54.93226427],[-120.604055,54.93593605],[-120.58511414,54.94483795],[-120.59886664,54.96456304],[-120.64581258,54.98970682],[-120.67396041,54.99478896],[-120.68452469,55.01929862],[-120.78241753,55.01966345],[-120.87320258,55.07927814],[-120.86942587,55.09147332],[-120.87715643,55.10046093],[-120.86715226,55.10836671],[-120.87300985,55.11300829],[-120.85520612,55.14078685],[-120.8637513,55.14897058],[-120.84144543,55.16472964],[-120.85435637,55.17954572],[-120.84418112,55.20886595],[-120.83146011,55.21993876],[-120.84000714,55.22930345],[-120.79702329,55.24750522],[-120.79337196,55.26389596],[-120.78527566,55.26701706],[-120.79941819,55.28226444],[-120.82010503,55.28954263],[-120.82789301,55.32457079],[-120.85982353,55.3340687],[-120.85836077,55.35610991],[-120.83131757,55.37124434],[-120.81017482,55.36803798],[-120.7888008,55.37299915],[-120.77709619,55.4165775],[-120.75652605,55.43445395],[-120.74013272,55.43998853],[-120.75262727,55.44936874],[-120.7506807,55.46383995],[-120.77047064,55.47852028],[-120.76702735,55.49788986],[-121.39465567095543,55.5],[-121.38346461,55.49459236],[-121.38685662,55.48738661],[-121.3631444,55.46361872],[-121.37094093,55.45308809],[-121.40908252,55.45790865],[-121.43363258,55.44693274],[-121.45592694,55.45783863],[-121.48094825,55.45903249],[-121.48705626,55.43746776],[-121.50927107,55.43521414],[-121.49555803,55.42007811],[-121.49816318,55.41189311],[-121.48780995,55.39868656],[-121.49775749,55.39043634],[-121.50097969,55.37454204],[-121.48995163,55.36699205],[-121.52005884,55.35423336],[-121.52463521,55.34235102],[-121.55917969,55.33386117],[-121.61027826,55.33274056],[-121.6287931,55.3212349],[-121.59692488,55.30022812],[-121.59226132,55.28918243],[-121.59652779,55.2869848]]]}},{"type":"Feature","id":"WHSE_BASEMAPPING.FWA_WATERSHED_GROUPS_POLY.22","properties":{"sourceLayer":"WHSE_BASEMAPPING.FWA_WATERSHED_GROUPS_POLY","boundaryCode":"CARP","boundaryName":"Carp Lake","OBJECTID":114443,"WATERSHED_GROUP_ID":22,"WATERSHED_GROUP_CODE":"CARP","WATERSHED_GROUP_NAME":"Carp Lake","AREA_HA":179969.231229284},"geometry":{"type":"Polygon","coordinates":[[[-123.1862606,55.07693883],[-123.20045028,55.07052702],[-123.20305703,55.08121644],[-123.22525063,55.06398655],[-123.24629739,55.05935377],[-123.25520224,55.0514454],[-123.2553864,55.02736048],[-123.26893872,55.01540731],[-123.26309645,55.00288399],[-123.28361622,55.0032962],[-123.29145558,54.99487833],[-123.30203548,55.00222442],[-123.32498619,55.00164707],[-123.3309961,55.0157486],[-123.30626893,55.03189006],[-123.31396608,55.04586229],[-123.31081609,55.05744485],[-123.32319763,55.0578819],[-123.32178993,55.07495774],[-123.37874284,55.08055421],[-123.39655902,55.0987498],[-123.41265048,55.09372591],[-123.42630235,55.08524968],[-123.41985537,55.07565764],[-123.42825017,55.0392983],[-123.4522837,55.03587741],[-123.48126077,55.01883275],[-123.51937341,55.01755775],[-123.52479049,54.99870272],[-123.5493545,54.97621771],[-123.54710425,54.96813991],[-123.55612921,54.95882478],[-123.57002263,54.95621724],[-123.58231842,54.94475491],[-123.60843993,54.94842736],[-123.62468124,54.96086544],[-123.64378203,54.94481346],[-123.64533617,54.93300467],[-123.66567864,54.92268705],[-123.65314447,54.91435545],[-123.6646174,54.89647848],[-123.65686737,54.88751388],[-123.66902233,54.86213069],[-123.66654047,54.85019484],[-123.67619705,54.83809007],[-123.67273192,54.82728013],[-123.6783861,54.80613842],[-123.68925506,54.7938909],[-123.70293278,54.78976831],[-123.70571314,54.77796127],[-123.68269359,54.76908803],[-123.68808231,54.76054691],[-123.67632104,54.75606564],[-123.6443825,54.77003151],[-123.62992428,54.75299428],[-123.59955127,54.745029],[-123.58154144,54.732496],[-123.54502369,54.72488692],[-123.52935775,54.73129113],[-123.48419504,54.72838837],[-123.48443953,54.70939299],[-123.46516522,54.7100756],[-123.43615037,54.68976109],[-123.43562536,54.68226285],[-123.4085595,54.68380402],[-123.40233158,54.67323721],[-123.39123668,54.67766916],[-123.37379865,54.67023807],[-123.35136455,54.67656212],[-123.34511034,54.67177906],[-123.32777822,54.68362605],[-123.31586203,54.67736683],[-123.30096305,54.68220478],[-123.29119071,54.67487134],[-123.28325834,54.67892228],[-123.27541107,54.67210131],[-123.26393662,54.68411541],[-123.25747162,54.70666848],[-123.24488315,54.70805758],[-123.23265571,54.72837699],[-123.18881594,54.75084635],[-123.1820554,54.76076215],[-123.15774332,54.76297998],[-123.15249599,54.75620167],[-123.11186075,54.74993722],[-123.08825323,54.76769061],[-123.059238,54.77014066],[-123.04701315,54.77724556],[-123.03946481,54.77414482],[-123.03644836,54.7849778],[-122.99214074,54.78385768],[-122.98258105,54.79277352],[-122.93289412,54.80303703],[-122.89151804,54.83816605],[-122.87540903,54.82440695],[-122.84923724,54.83334599],[-122.85353877,54.84064843],[-122.83877387,54.85195292],[-122.84238045,54.86304718],[-122.81407241,54.901365],[-122.84560299,54.92348015],[-122.84952564,54.93433781],[-122.87927025,54.94046684],[-122.87530482,54.94738844],[-122.89012667,54.97705714],[-122.8834255,54.98254962],[-122.89941316,54.98994376],[-122.8880489,54.99570612],[-122.8845751,55.01030881],[-122.90218398,55.02663754],[-122.91859217,55.03160511],[-122.92184813,55.04229403],[-122.93863405,55.04597308],[-122.94264494,55.05753148],[-122.99585641,55.07632933],[-122.9980652,55.10455231],[-123.01045424,55.10472262],[-123.00408617,55.11066391],[-123.01609716,55.13613691],[-123.04441471,55.13871292],[-123.07282363,55.12437222],[-123.07212069,55.13167345],[-123.08924955,55.14265126],[-123.08939487,55.15073574],[-123.13390941,55.15884646],[-123.13559436,55.14250667],[-123.14486516,55.14222643],[-123.18609872,55.11629006],[-123.18804168,55.11271054],[-123.17517244,55.10943176],[-123.1862606,55.07693883]]]}},{"type":"Feature","id":"WHSE_BASEMAPPING.FWA_WATERSHED_GROUPS_POLY.135","properties":{"sourceLayer":"WHSE_BASEMAPPING.FWA_WATERSHED_GROUPS_POLY","boundaryCode":"MIDR","boundaryName":"Middle River","OBJECTID":114318,"WATERSHED_GROUP_ID":135,"WATERSHED_GROUP_CODE":"MIDR","WATERSHED_GROUP_NAME":"Middle River","AREA_HA":180729.865741952},"geometry":{"type":"Polygon","coordinates":[[[-125,54.915342446281926],[-125,54.922073479764784],[-124.96926601,54.91014482],[-124.95513621,54.92343306],[-124.95817507,54.92687758],[-124.93666382,54.93342822],[-124.91356432,54.91099299],[-124.88735723,54.89905013],[-124.84356583,54.89498586],[-124.83338419,54.90261208],[-124.87735898,54.92885408],[-124.87814472,54.93700618],[-124.85319551,54.94196501],[-124.84310288,54.93006155],[-124.81345924,54.93437538],[-124.80586184,54.94806043],[-124.79236758,54.94975216],[-124.79430581,54.95691995],[-124.7827388,54.96305912],[-124.77479785,54.95537576],[-124.74913315,54.95455234],[-124.71451938,54.93995581],[-124.70509455,54.94133671],[-124.69423893,54.92912921],[-124.66499467,54.9337207],[-124.64375131,54.91945165],[-124.61176825,54.92450276],[-124.60595096,54.93516731],[-124.57345267,54.93931925],[-124.53379958,54.92699176],[-124.53688082,54.91570931],[-124.52690525,54.90786004],[-124.46994904,54.91827797],[-124.40830423,54.90535902],[-124.40030277,54.9089566],[-124.39221098,54.92622175],[-124.35928843,54.92748301],[-124.3447212,54.94302642],[-124.34827175,54.95519689],[-124.34090745,54.96446737],[-124.34854206,54.9788605],[-124.38413621,54.97865535],[-124.40230556,54.98896042],[-124.42865071,54.9917435],[-124.42361062,55.00268531],[-124.42751203,55.00497031],[-124.46165117,55.00682977],[-124.47061007,55.02417435],[-124.49443475,55.03101512],[-124.50154037,55.04459752],[-124.52589518,55.05412191],[-124.5712753,55.04460103],[-124.58035224,55.03661943],[-124.57689135,55.02575545],[-124.60222577,55.01312747],[-124.63087839,55.02507781],[-124.63116808,55.0372162],[-124.65103584,55.04275431],[-124.66475777,55.03321223],[-124.70940265,55.02111494],[-124.74824102,55.03403881],[-124.74192614,55.04746425],[-124.7516853,55.05507265],[-124.78431919,55.04795764],[-124.80261744,55.05629139],[-124.81433358,55.0492366],[-124.86713701,55.05866233],[-124.88476395,55.06982141],[-124.91733716,55.04557728],[-124.9429372,55.04043353],[-124.95948392,55.04444957],[-124.97079654,55.03996455],[-124.99836898,55.05623299],[-125,54.915342446281926]]]}},{"type":"Feature","id":"WHSE_BASEMAPPING.FWA_WATERSHED_GROUPS_POLY.168","properties":{"sourceLayer":"WHSE_BASEMAPPING.FWA_WATERSHED_GROUPS_POLY","boundaryCode":"PINE","boundaryName":"Pine River","OBJECTID":114331,"WATERSHED_GROUP_ID":168,"WATERSHED_GROUP_CODE":"PINE","WATERSHED_GROUP_NAME":"Pine River","AREA_HA":698285.524086613},"geometry":{"type":"Polygon","coordinates":[[[-122.96431121594169,55.5],[-122.95569987,55.49246902],[-122.96050208,55.48587515],[-122.93166583,55.4699218],[-122.93251368,55.46333573],[-122.94800444,55.45903612],[-122.99792644,55.46293498],[-122.99707506,55.45090904],[-123.00630628,55.43768187],[-122.98525214,55.42318708],[-122.99340581,55.40548474],[-122.98594246,55.39729004],[-122.88968021,55.42238043],[-122.89008224,55.41795078],[-122.86911739,55.41370981],[-122.88147889,55.40825305],[-122.88187338,55.40013323],[-122.84863962,55.39569855],[-122.85165946,55.37816286],[-122.81394396,55.38553262],[-122.78953003,55.37971412],[-122.7552199,55.36519694],[-122.75608054,55.35579839],[-122.7428547,55.34681631],[-122.70490924,55.34538269],[-122.69601112,55.33752812],[-122.67577786,55.33572186],[-122.65359449,55.3458411],[-122.64232231,55.38230954],[-122.60022721,55.41059261],[-122.57233018,55.39047764],[-122.55949785,55.36756284],[-122.51962973,55.35051003],[-122.51159365,55.3320029],[-122.48464653,55.31463699],[-122.46311505,55.3099284],[-122.43370738,55.31502155],[-122.4196363,55.30821592],[-122.40559886,55.2994798],[-122.40084984,55.28852144],[-122.32721748,55.23655295],[-122.33040948,55.22627521],[-122.28402561,55.2169177],[-122.26933285,55.20985719],[-122.26452676,55.19834072],[-122.24778172,55.19347881],[-122.28148442,55.18803156],[-122.29670149,55.16836618],[-122.28097084,55.15636542],[-122.28829688,55.1475318],[-122.2638408,55.13130678],[-122.23327815,55.13943684],[-122.19280913,55.13788749],[-122.17994413,55.12648755],[-122.16985335,55.09842304],[-122.14073076,55.09320057],[-122.12694032,55.10188246],[-122.10846281,55.1004276],[-122.06781066,55.06664583],[-122.03659009,55.05741506],[-122.01353797,55.02938632],[-121.98124656,55.02343463],[-121.96529624,55.01149128],[-121.94555647,55.00669854],[-121.93744077,54.99764798],[-121.94405022,54.99340378],[-121.92508731,54.98498366],[-121.92280423,54.97271519],[-121.89665283,54.95473733],[-121.87599324,54.95216953],[-121.86656122,54.93609392],[-121.84856576,54.92674892],[-121.87337632,54.90683627],[-121.86979289,54.89988787],[-121.85723839,54.89715517],[-121.87527094,54.88182956],[-121.87060268,54.86704724],[-121.81557429,54.85879401],[-121.80351086,54.85423203],[-121.79730345,54.84401605],[-121.7837343,54.84146629],[-121.77773713,54.85142694],[-121.76550954,54.84990122],[-121.74130758,54.8680379],[-121.74604902,54.87872196],[-121.72870402,54.88587834],[-121.69994826,54.87903119],[-121.68149534,54.86288561],[-121.65011001,54.85495538],[-121.64584055,54.84413783],[-121.61647819,54.83626025],[-121.59698175,54.8465819],[-121.5970693,54.85891982],[-121.58031298,54.85644224],[-121.56588424,54.86554587],[-121.56737951,54.87371723],[-121.55703617,54.88185436],[-121.54122805,54.88922409],[-121.51566223,54.88995695],[-121.55588686,54.91746729],[-121.59222783,54.92611524],[-121.60000546,54.94076872],[-121.62910834,54.95646681],[-121.63170355,54.97476732],[-121.61408525,54.99137415],[-121.58098071,54.98999486],[-121.53610724,55.01155915],[-121.52444743,55.02859524],[-121.5279573,55.03646577],[-121.51840961,55.04476411],[-121.52884647,55.06704453],[-121.52447638,55.07770455],[-121.56990878,55.07610762],[-121.56324841,55.08071159],[-121.56259589,55.09249818],[-121.58037175,55.10943787],[-121.57374718,55.11320702],[-121.57590659,55.12086642],[-121.59259131,55.13261879],[-121.58169969,55.13876956],[-121.58459673,55.15088796],[-121.57317337,55.1728302],[-121.5408052,55.17085639],[-121.53736493,55.19091047],[-121.51864698,55.20383277],[-121.52949642,55.21828955],[-121.52030441,55.22646056],[-121.52522768,55.24444446],[-121.53388871,55.24418934],[-121.55168737,55.26560231],[-121.59652779,55.2869848],[-121.59230092,55.29562652],[-121.62882496,55.31939895],[-121.60712746,55.33322692],[-121.56566566,55.33276519],[-121.52595046,55.34217816],[-121.5171533,55.35530253],[-121.48929367,55.36507269],[-121.50170851,55.37571928],[-121.48801407,55.40000417],[-121.49645038,55.40994488],[-121.49437398,55.41682327],[-121.50937558,55.43174249],[-121.48549207,55.4378618],[-121.47715613,55.45912016],[-121.45623006,55.45799623],[-121.43363258,55.44693274],[-121.41016351,55.45764011],[-121.37094093,55.45308809],[-121.36291639,55.46331011],[-121.38685662,55.48738661],[-121.38333229,55.49434497],[-121.39465298,55.49999893],[-122.96431121594169,55.5]]]}},{"type":"Feature","id":"WHSE_BASEMAPPING.FWA_WATERSHED_GROUPS_POLY.152","properties":{"sourceLayer":"WHSE_BASEMAPPING.FWA_WATERSHED_GROUPS_POLY","boundaryCode":"NATR","boundaryName":"Nation River","OBJECTID":114419,"WATERSHED_GROUP_ID":152,"WATERSHED_GROUP_CODE":"NATR","WATERSHED_GROUP_NAME":"Nation River","AREA_HA":691933.470905095},"geometry":{"type":"Polygon","coordinates":[[[-125,55.5],[-125,55.056528722766906],[-124.9713585,55.04028802],[-124.91814876,55.04509111],[-124.88476395,55.06982141],[-124.86713701,55.05866233],[-124.81478763,55.04916092],[-124.80365802,55.05637385],[-124.78517712,55.04808487],[-124.7516853,55.05507265],[-124.74192614,55.04746425],[-124.74824102,55.03403881],[-124.70939504,55.02130379],[-124.65175675,55.042397],[-124.63117684,55.03743179],[-124.63298658,55.02562475],[-124.59469163,55.01205308],[-124.57535336,55.02780455],[-124.58009339,55.03410728],[-124.57272571,55.04393521],[-124.52745462,55.05455472],[-124.50383132,55.04614404],[-124.4941433,55.03061127],[-124.4736586,55.02653511],[-124.4577197,55.00564266],[-124.42813588,55.00575687],[-124.41222997,55.02004368],[-124.36575558,55.03154162],[-124.34239019,55.0312294],[-124.29754924,55.02513413],[-124.28617094,55.01226846],[-124.21102432,55.01107174],[-124.19433903,54.99204891],[-124.16990013,54.98604038],[-124.14600349,54.99972148],[-124.10607627,54.99900061],[-124.08182695,55.01473613],[-124.0584827,55.02232569],[-124.04179377,55.01963083],[-124.01352302,55.03436438],[-124.00120775,55.03327106],[-123.98017586,55.01313],[-123.9524956,55.00975708],[-123.90395282,55.02274481],[-123.88964958,55.03729192],[-123.84840176,55.04987121],[-123.83329955,55.04564294],[-123.82535582,55.03287405],[-123.81502612,55.03964772],[-123.8149129,54.99774048],[-123.7932957,54.996097],[-123.76413968,54.98058483],[-123.7604401,54.96341639],[-123.75194709,54.96194145],[-123.74953814,54.9536316],[-123.73503899,54.95545755],[-123.72669934,54.94570114],[-123.71416438,54.94480685],[-123.69980032,54.92525433],[-123.66493466,54.92298769],[-123.64489777,54.93345834],[-123.64372963,54.9454428],[-123.62403234,54.96109643],[-123.60984268,54.94975736],[-123.58096642,54.94482428],[-123.57709331,54.95271504],[-123.55538319,54.95908581],[-123.54608838,54.96694926],[-123.5491433,54.97435244],[-123.53936103,54.98790904],[-123.52534704,54.99796142],[-123.52639276,55.00646018],[-123.51656543,55.02041343],[-123.48630148,55.01777328],[-123.45326371,55.03536752],[-123.42825017,55.0392983],[-123.41935374,55.07844415],[-123.4254015,55.08483447],[-123.39614392,55.10572356],[-123.42239907,55.1251447],[-123.40713177,55.13504565],[-123.41580913,55.14390979],[-123.41578204,55.15538837],[-123.3950116,55.16499984],[-123.39313313,55.17297371],[-123.41652099,55.19918478],[-123.42103266,55.21896188],[-123.41618388,55.2346454],[-123.44030703,55.25896714],[-123.45578018,55.26531946],[-123.45120799,55.28786262],[-123.46777711,55.2936053],[-123.47254021,55.30392695],[-123.4942401,55.3156428],[-123.49128175,55.3236074],[-123.5141866,55.32971953],[-123.53959499,55.32735148],[-123.53650591,55.34525333],[-123.54322982,55.3514869],[-123.53173098,55.35959794],[-123.53369488,55.36370198],[-123.54383988,55.37553978],[-123.56426646,55.37906858],[-123.57142963,55.3883029],[-123.55692223,55.40675214],[-123.56930882,55.41758112],[-123.56626528,55.42065547],[-123.54394945,55.42568501],[-123.52881269,55.43411326],[-123.52366765,55.44698223],[-123.50774282,55.45110496],[-123.51976004,55.46200631],[-123.50803882,55.47659662],[-123.52465959,55.47963563],[-123.52604235,55.49395911],[-123.53987614530281,55.5],[-123.586682240238,55.5],[-123.59149567,55.49320818],[-123.57302608,55.4844569],[-123.57902814,55.47554463],[-123.63063683,55.4796139],[-123.6640686,55.47297825],[-123.6848904,55.48075819],[-123.70660076,55.48054198],[-123.71641196,55.47275104],[-123.71054072,55.46237052],[-123.74406153,55.43393725],[-123.71712154,55.41916031],[-123.74142686,55.40972682],[-123.78087585,55.41076936],[-123.78217401,55.44547031],[-123.81204587,55.44573404],[-123.82607851,55.46143267],[-123.87010033,55.47631117],[-123.87482513,55.48676425],[-123.89653649,55.48879982],[-123.9022995,55.48335685],[-123.88971073,55.46752559],[-123.90739622,55.43588933],[-123.92325225,55.42888829],[-123.88024583,55.40405293],[-123.87407869,55.38865886],[-123.8850484,55.38064712],[-123.91963858,55.37711885],[-123.94507475,55.38400908],[-123.95069608,55.37751334],[-123.97509619,55.37242663],[-123.97976526,55.36504546],[-124.00330253,55.37410751],[-124.02874909,55.37063298],[-124.03566496,55.36503298],[-124.05923641,55.36419297],[-124.07831496,55.34539424],[-124.11918014,55.33444072],[-124.13893855,55.34394565],[-124.15174063,55.34042375],[-124.19022654,55.35137108],[-124.22060261,55.32912312],[-124.25943474,55.3167028],[-124.28249254,55.32287843],[-124.28925839,55.34097839],[-124.3167232,55.35102029],[-124.31956974,55.3654732],[-124.37975589,55.36860409],[-124.37694433,55.37715526],[-124.39583872,55.38663775],[-124.3858263,55.39410182],[-124.38012895,55.41104437],[-124.39769043,55.41048647],[-124.42250234,55.42547595],[-124.41137924,55.431573],[-124.42533675,55.45706836],[-124.4393567,55.45859378],[-124.44783848,55.48332412],[-124.44141782,55.49297972],[-124.4846791,55.49971511],[-125,55.5]]]}},{"type":"Feature","id":"WHSE_BASEMAPPING.FWA_WATERSHED_GROUPS_POLY.164","properties":{"sourceLayer":"WHSE_BASEMAPPING.FWA_WATERSHED_GROUPS_POLY","boundaryCode":"PARA","boundaryName":"Parsnip Arm","OBJECTID":114368,"WATERSHED_GROUP_ID":164,"WATERSHED_GROUP_CODE":"PARA","WATERSHED_GROUP_NAME":"Parsnip Arm","AREA_HA":373114.570328422},"geometry":{"type":"Polygon","coordinates":[[[-122.89604391,55.16258597],[-122.88176151,55.18164162],[-122.8687167,55.17216583],[-122.85134796,55.19025901],[-122.8532025,55.19850455],[-122.83633434,55.21053848],[-122.8197088,55.21571302],[-122.79935463,55.21267988],[-122.7801116,55.22529917],[-122.78755812,55.24397648],[-122.77247885,55.26252251],[-122.74549212,55.26828422],[-122.74806736,55.28825754],[-122.73057594,55.29723218],[-122.7308411,55.31234722],[-122.73969058,55.32060056],[-122.72355907,55.32788571],[-122.72451298,55.34033341],[-122.75549012,55.35377937],[-122.75461086,55.3647564],[-122.79175072,55.38058855],[-122.82018448,55.38544111],[-122.85047393,55.3772778],[-122.85464647,55.37986178],[-122.84769528,55.39401503],[-122.88163219,55.39982449],[-122.8812981,55.40709869],[-122.86917378,55.41258266],[-122.88910765,55.42185274],[-122.98462136,55.39750554],[-122.99193101,55.40106463],[-122.9839081,55.42152753],[-123.00589325,55.43547139],[-122.99908277,55.46087626],[-122.98133671,55.46555441],[-122.94846295,55.45910222],[-122.93229489,55.46282342],[-122.93491549,55.47210411],[-122.95998006,55.48569527],[-122.95569987,55.49246902],[-122.96431121594169,55.5],[-123.88924399169329,55.5],[-123.87070141,55.47686303],[-123.82749184,55.46212802],[-123.81383263,55.44677454],[-123.78393302,55.4459493],[-123.77853925,55.43509562],[-123.78542661,55.42545646],[-123.78315486,55.41348258],[-123.77545149,55.40908452],[-123.75755511,55.41377758],[-123.7398118,55.41035664],[-123.71856485,55.41802259],[-123.71906168,55.42537026],[-123.7437984,55.43339071],[-123.72869963,55.45193885],[-123.71031344,55.4617518],[-123.71674329,55.4751244],[-123.70875004,55.47863352],[-123.68276223,55.48091086],[-123.66681802,55.47278858],[-123.6282034,55.47959446],[-123.58044288,55.47540314],[-123.57441816,55.48370156],[-123.58793628,55.49687357],[-123.52890234,55.49713975],[-123.52465959,55.47963563],[-123.50700385,55.47443831],[-123.51917778,55.46343054],[-123.50774282,55.45110496],[-123.52276044,55.44758417],[-123.53180057,55.43888381],[-123.52750849,55.43704829],[-123.54575011,55.42474944],[-123.5689625,55.42145169],[-123.55875149,55.40419478],[-123.5720614,55.39002724],[-123.56024475,55.3792618],[-123.54383988,55.37553978],[-123.53369488,55.36370198],[-123.53173098,55.35959794],[-123.54331961,55.35266967],[-123.5363979,55.34322495],[-123.53985995,55.32829085],[-123.49487644,55.32554786],[-123.49417931,55.31582276],[-123.48176795,55.30468767],[-123.45055603,55.28884351],[-123.45843674,55.26749114],[-123.43592721,55.25509485],[-123.41616083,55.23394456],[-123.42095303,55.21423044],[-123.41364647,55.19081642],[-123.39268467,55.17651074],[-123.3965106,55.16472638],[-123.41955432,55.15378388],[-123.40813826,55.13683955],[-123.42138568,55.12603686],[-123.39614605,55.10593923],[-123.39208468,55.09134955],[-123.37961775,55.08747997],[-123.37696219,55.07942745],[-123.32227306,55.07574127],[-123.32413016,55.05919643],[-123.31126635,55.05898037],[-123.31387335,55.04401134],[-123.3061872,55.03439448],[-123.32071322,55.02061083],[-123.32993595,55.02059517],[-123.32514504,55.00217186],[-123.30024982,55.00238353],[-123.29036387,54.99593835],[-123.28529574,55.0022798],[-123.26166348,55.00290506],[-123.26826705,55.01422657],[-123.2527025,55.03478985],[-123.25520224,55.0514454],[-123.20305703,55.08121644],[-123.19657325,55.06870013],[-123.19269712,55.07676207],[-123.18484713,55.07724053],[-123.17693315,55.10648142],[-123.18717093,55.11423955],[-123.13558369,55.14398941],[-123.13183932,55.15881177],[-123.10433845,55.15540069],[-123.09171849,55.15129117],[-123.08651884,55.14141912],[-123.07651625,55.14288158],[-123.06475227,55.14651882],[-123.06247869,55.15525759],[-123.0706034,55.17259373],[-123.0437787,55.1723215],[-123.03785175,55.16567272],[-123.00514272,55.18115641],[-122.98683982,55.18307909],[-122.95774571,55.17749508],[-122.94877138,55.16639472],[-122.93242944,55.16881402],[-122.92259453,55.16010356],[-122.89604391,55.16258597]]]}},{"type":"Feature","id":"WHSE_BASEMAPPING.FWA_WATERSHED_GROUPS_POLY.82","properties":{"sourceLayer":"WHSE_BASEMAPPING.FWA_WATERSHED_GROUPS_POLY","boundaryCode":"KISK","boundaryName":"Kiskatinaw River","OBJECTID":114316,"WATERSHED_GROUP_ID":82,"WATERSHED_GROUP_CODE":"KISK","WATERSHED_GROUP_NAME":"Kiskatinaw River","AREA_HA":405169.238912158},"geometry":{"type":"Polygon","coordinates":[[[-120.7664148058303,55.5],[-120.7734936,55.48880381],[-120.76965652,55.47789724],[-120.75437168,55.46904],[-120.75239646,55.45083158],[-120.74108656,55.44060436],[-120.78047131,55.41255817],[-120.77641156,55.40382875],[-120.78755319,55.39116775],[-120.78840922,55.37407665],[-120.83889072,55.36810682],[-120.86339624,55.3455162],[-120.85566072,55.33261152],[-120.82503343,55.32171158],[-120.81876153,55.28883153],[-120.7853723,55.27037148],[-120.79919226,55.24621808],[-120.83989258,55.22977281],[-120.83192834,55.22051634],[-120.84286268,55.21086502],[-120.85427593,55.17782754],[-120.84200306,55.17190926],[-120.84294415,55.16343488],[-120.85983381,55.15618242],[-120.8528454,55.13806074],[-120.8719441,55.1161436],[-120.86659302,55.1096093],[-120.87849833,55.10205729],[-120.86870695,55.09326842],[-120.87320258,55.07927814],[-120.78115334,55.01932579],[-120.68304763,55.01895888],[-120.68461165,55.01115732],[-120.67209104,54.99323106],[-120.6463585,54.98990615],[-120.61607459,54.9768483],[-120.59330994,54.95846635],[-120.59033349,54.96518722],[-120.5657749,54.9708605],[-120.5575323,54.98105076],[-120.51831196,55.00081203],[-120.47488345,54.9995364],[-120.44984772,55.01308242],[-120.33311282,55.00977239],[-120.32162886,55.00253793],[-120.30746145,55.00686377],[-120.26509968,55.00295468],[-120.24781447,55.00873176],[-120.23320044,55.00081854],[-120.21023303,55.00079715],[-120.2028459,55.00716321],[-120.18404334,55.00621077],[-120.16114288,55.02171672],[-120.14774032,55.03944644],[-120.13476072,55.06257986],[-120.13915392,55.07576494],[-120.11107345,55.08904041],[-120.1087891,55.09289094],[-120.12655937,55.09777985],[-120.11901998,55.10300975],[-120.12441577,55.1099409],[-120.10753867,55.11771619],[-120.1167855,55.12746809],[-120.12623412,55.12513724],[-120.1212417,55.13639586],[-120.15287721,55.1289196],[-120.16010751,55.13325183],[-120.15784513,55.14238887],[-120.17378762,55.14941743],[-120.14705085,55.16453574],[-120.1574712,55.17220606],[-120.16074948,55.18271988],[-120.15467213,55.18855649],[-120.19016802,55.1834247],[-120.20290731,55.19555941],[-120.19926846,55.21939987],[-120.18062632,55.23333805],[-120.19389999,55.24203872],[-120.19048949,55.25365299],[-120.19511769,55.26450532],[-120.16705622,55.28138316],[-120.17434428,55.28924546],[-120.17006597,55.29173539],[-120.12627553,55.30196751],[-120.10985418,55.29784591],[-120.08327395,55.30796269],[-120.07564754,55.30446587],[-120.05787152,55.31807226],[-120.05955652,55.32961321],[-120.08103761,55.33119049],[-120.08993142,55.34008415],[-120.10266441,55.33376929],[-120.12529716,55.35007154],[-120.14995667,55.33763619],[-120.15354341,55.34978221],[-120.13549373,55.36151149],[-120.15343123,55.36055039],[-120.16968011,55.37195241],[-120.170545,55.38037386],[-120.18333902,55.38082429],[-120.19674565,55.39656586],[-120.20733914,55.39104305],[-120.21496888,55.40232032],[-120.23280221,55.39572452],[-120.2406232,55.39966696],[-120.24081132,55.41001016],[-120.23036432,55.41657],[-120.25122146,55.43139694],[-120.25061903,55.44407451],[-120.28515751,55.46209868],[-120.30674894,55.45659809],[-120.31890838,55.46195913],[-120.32466377,55.4803802],[-120.33377617,55.48060706],[-120.34585544,55.49678646],[-120.7664148058303,55.5]]]}},{"type":"Feature","id":"WHSE_BASEMAPPING.FWA_WATERSHED_GROUPS_POLY.49","properties":{"sourceLayer":"WHSE_BASEMAPPING.FWA_WATERSHED_GROUPS_POLY","boundaryCode":"FINA","boundaryName":"Finlay Arm","OBJECTID":114446,"WATERSHED_GROUP_ID":49,"WATERSHED_GROUP_CODE":"FINA","WATERSHED_GROUP_NAME":"Finlay Arm","AREA_HA":738205.570822712},"geometry":{"type":"Polygon","coordinates":[[[-124.48597885030486,55.5],[-124.44141782,55.49297972],[-124.44720032,55.48366317],[-124.43968236,55.45885057],[-124.42646423,55.45675866],[-124.41143286,55.43263282],[-124.41968156,55.42256106],[-124.39969874,55.41064823],[-124.37965683,55.41069223],[-124.39577244,55.38878934],[-124.37960475,55.37630348],[-124.38162217,55.37043928],[-124.32078609,55.36662235],[-124.31356193,55.35621269],[-124.31705075,55.35376072],[-124.28925839,55.34097839],[-124.28560248,55.3257934],[-124.27451021,55.31872023],[-124.25708553,55.31633258],[-124.22340836,55.32815346],[-124.18939216,55.35159788],[-124.15412291,55.3406519],[-124.13645738,55.34320489],[-124.1217446,55.33481261],[-124.10898077,55.3365337],[-124.07136921,55.34999449],[-124.05751806,55.35865424],[-124.05724711,55.3647314],[-124.00527116,55.37409034],[-123.98230826,55.36502106],[-123.94295703,55.38412127],[-123.89682992,55.37810303],[-123.88056548,55.38338733],[-123.87604719,55.39558213],[-123.88018246,55.40475431],[-123.92527166,55.4264198],[-123.90997428,55.43322025],[-123.89758367,55.44992718],[-123.89002214,55.47292398],[-123.90258056,55.48457688],[-123.88548164,55.48843995],[-123.88791362,55.49649383],[-124.48597885030486,55.5]]]}},{"type":"Feature","id":"WHSE_BASEMAPPING.FWA_WATERSHED_GROUPS_POLY.117","properties":{"sourceLayer":"WHSE_BASEMAPPING.FWA_WATERSHED_GROUPS_POLY","boundaryCode":"LPCE","boundaryName":"Lower Peace River","OBJECTID":114322,"WATERSHED_GROUP_ID":117,"WATERSHED_GROUP_CODE":"LPCE","WATERSHED_GROUP_NAME":"Lower Peace River","AREA_HA":331937.976501727},"geometry":{"type":"Polygon","coordinates":[[[-120.34537960923456,55.5],[-120.34961648,55.49339218],[-120.32325237,55.47992683],[-120.32314149,55.4710081],[-120.31579251,55.46737724],[-120.31976571,55.46422023],[-120.30367941,55.45614392],[-120.282097,55.46105087],[-120.25075466,55.44538303],[-120.2511981,55.43218749],[-120.23124804,55.41724025],[-120.24290205,55.40696495],[-120.23576552,55.39704412],[-120.2127,55.40208581],[-120.2063738,55.39077226],[-120.19571385,55.39621656],[-120.183148,55.38020459],[-120.17337957,55.38138839],[-120.17246045,55.37322641],[-120.1522843,55.36055263],[-120.12871927,55.36381866],[-120.1173716,55.37225463],[-120.07747302,55.36380797],[-120.05758723,55.37740003],[-120.04504345,55.37369302],[-120.02694369,55.38515383],[-120.02677366,55.40389112],[-120.03518972,55.40831493],[-120.03276923,55.41954275],[-120.02000537,55.42362144],[-120.00238536,55.41880542],[-120,55.5],[-120.34537960923456,55.5]]]}},{"type":"Feature","id":"WHSE_BASEMAPPING.FWA_WATERSHED_GROUPS_POLY.116","properties":{"sourceLayer":"WHSE_BASEMAPPING.FWA_WATERSHED_GROUPS_POLY","boundaryCode":"LOMI","boundaryName":"Lower Omineca River","OBJECTID":114438,"WATERSHED_GROUP_ID":116,"WATERSHED_GROUP_CODE":"LOMI","WATERSHED_GROUP_NAME":"Lower Omineca River","AREA_HA":401353.238179145},"geometry":{"type":"Polygon","coordinates":[]}},{"type":"Feature","id":"WHSE_BASEMAPPING.FWA_WATERSHED_GROUPS_POLY.167","properties":{"sourceLayer":"WHSE_BASEMAPPING.FWA_WATERSHED_GROUPS_POLY","boundaryCode":"PCEA","boundaryName":"Peace Arm","OBJECTID":114464,"WATERSHED_GROUP_ID":167,"WATERSHED_GROUP_CODE":"PCEA","WATERSHED_GROUP_NAME":"Peace Arm","AREA_HA":589264.679692101},"geometry":{"type":"Polygon","coordinates":[]}},{"type":"Feature","id":"WHSE_BASEMAPPING.FWA_WATERSHED_GROUPS_POLY.5","properties":{"sourceLayer":"WHSE_BASEMAPPING.FWA_WATERSHED_GROUPS_POLY","boundaryCode":"BABL","boundaryName":"Babine Lake","OBJECTID":114409,"WATERSHED_GROUP_ID":5,"WATERSHED_GROUP_CODE":"BABL","WATERSHED_GROUP_NAME":"Babine Lake","AREA_HA":655461.431275117},"geometry":{"type":"Polygon","coordinates":[[[-125,54.273824373760675],[-124.99174186,54.27578858],[-124.99751394,54.2823501],[-125,54.31580546072586],[-124.98809428,54.32155884],[-124.91357008,54.3119294],[-124.89662015,54.2965952],[-124.8742819,54.30113336],[-124.86230235,54.29621622],[-124.83947543,54.28332288],[-124.84222172,54.27551547],[-124.88992532,54.25958152],[-124.89842475,54.24963484],[-124.9243069,54.23911754],[-124.89353375,54.23300703],[-124.88392143,54.21279336],[-124.87303655,54.20700931],[-124.8164905,54.21388297],[-124.78901409,54.24100334],[-124.77503398,54.23840053],[-124.73737219,54.25191233],[-124.70380298,54.24395007],[-124.68383081,54.25036013],[-124.6753971,54.24237179],[-124.63493852,54.24097591],[-124.61408605,54.22790979],[-124.58949709,54.2317682],[-124.58497796,54.22118515],[-124.5624519,54.21888165],[-124.54364639,54.22908344],[-124.52647894,54.25198927],[-124.53181204,54.26790325],[-124.58104768,54.29514117],[-124.62706159,54.29466394],[-124.63241327,54.30098453],[-124.65797072,54.30262337],[-124.68564983,54.32377956],[-124.76642777,54.3300065],[-124.78219741,54.33534362],[-124.76732587,54.34700012],[-124.82069518,54.36496628],[-124.78059874,54.40284082],[-124.79989417,54.40941912],[-124.81822034,54.43422914],[-124.75444273,54.45046799],[-124.74253672,54.46161137],[-124.71574521,54.46350186],[-124.7172016,54.47932293],[-124.70466002,54.48033142],[-124.70117429,54.48775309],[-124.7593498,54.50696172],[-124.75178386,54.51127622],[-124.75519253,54.51855742],[-124.76745097,54.51786351],[-124.79407277,54.53514592],[-124.87051987,54.53138389],[-124.90281867,54.5360245],[-124.93511207,54.52834198],[-124.93267018,54.51667463],[-124.99932867,54.50250973],[-125,54.273824373760675]]]}},{"type":"Feature","id":"WHSE_BASEMAPPING.FWA_WATERSHED_GROUPS_POLY.234","properties":{"sourceLayer":"WHSE_BASEMAPPING.FWA_WATERSHED_GROUPS_POLY","boundaryCode":"UOMI","boundaryName":"Upper Omineca River","OBJECTID":114539,"WATERSHED_GROUP_ID":234,"WATERSHED_GROUP_CODE":"UOMI","WATERSHED_GROUP_NAME":"Upper Omineca River","AREA_HA":391392.890113883},"geometry":{"type":"Polygon","coordinates":[]}},{"type":"Feature","id":"WHSE_BASEMAPPING.FWA_WATERSHED_GROUPS_POLY.48","properties":{"sourceLayer":"WHSE_BASEMAPPING.FWA_WATERSHED_GROUPS_POLY","boundaryCode":"EUCL","boundaryName":"Euchiniko Lake","OBJECTID":114416,"WATERSHED_GROUP_ID":48,"WATERSHED_GROUP_CODE":"EUCL","WATERSHED_GROUP_NAME":"Euchiniko Lake","AREA_HA":275558.540416716},"geometry":{"type":"Polygon","coordinates":[[[-124.89813829,53.13214644],[-124.8849216,53.12458858],[-124.88007362,53.11278368],[-124.91326387,53.11010498],[-124.9112349,53.09546181],[-124.90410638,53.08995992],[-124.90860811,53.0769472],[-124.9615702,53.05847576],[-124.99854339,53.06627271],[-125,52.73004471064668],[-124.96074546,52.72303121],[-124.95642122,52.70483242],[-124.94080879,52.69714083],[-124.91898094,52.69770506],[-124.89523889,52.70882957],[-124.87253977,52.69749084],[-124.83297055,52.71695672],[-124.84681443,52.73155918],[-124.85716718,52.75802903],[-124.87474905,52.77298327],[-124.85192842,52.78599115],[-124.84309305,52.78411578],[-124.82107121,52.79676153],[-124.76394964,52.8101069],[-124.74462467,52.80871432],[-124.7300874,52.79957671],[-124.72622713,52.80997638],[-124.70479724,52.80986264],[-124.68404563,52.82498771],[-124.63852978,52.83738167],[-124.63236444,52.84281905],[-124.63469234,52.85362175],[-124.6520211,52.85099933],[-124.63654697,52.87672782],[-124.61679392,52.8858554],[-124.6239624,52.89750427],[-124.59620404,52.92411991],[-124.59140546,52.94407822],[-124.59913425,52.95388194],[-124.57224065,52.95784196],[-124.55864538,52.97464529],[-124.47821087,52.98527843],[-124.43986864,52.97944188],[-124.42941434,52.99043224],[-124.39575995,52.99649892],[-124.35506346,52.98404791],[-124.32887848,52.98220385],[-124.31097628,52.99043278],[-124.2838497,52.98642856],[-124.27869538,52.99881647],[-124.25892087,53.00500886],[-124.26764742,53.01443657],[-124.26521532,53.02302096],[-124.24856388,53.0260987],[-124.2413014,52.99969221],[-124.22182731,53.01560841],[-124.20585502,53.00871233],[-124.19522889,53.02702623],[-124.16437545,53.04685932],[-124.17144109,53.05081642],[-124.17025135,53.05921568],[-124.15833357,53.06194711],[-124.17490555,53.08012015],[-124.1962279,53.08729637],[-124.20138944,53.10070216],[-124.24920413,53.10560984],[-124.27903236,53.13013113],[-124.27089622,53.14821686],[-124.24432896,53.14497744],[-124.22095486,53.15302751],[-124.23046157,53.16571212],[-124.2256448,53.17172299],[-124.24745498,53.18003284],[-124.23314141,53.19627749],[-124.2306424,53.21303316],[-124.27974192,53.21401626],[-124.31069853,53.23034878],[-124.31295049,53.24170899],[-124.35622842,53.26515915],[-124.41090238,53.25621808],[-124.42296419,53.27154319],[-124.47688599,53.28255228],[-124.48099522,53.28238245],[-124.46182933,53.26405292],[-124.46908776,53.24951297],[-124.45735534,53.24727167],[-124.47791611,53.2319694],[-124.49514191,53.22974478],[-124.51634844,53.20982872],[-124.48345751,53.20012107],[-124.48603195,53.17437061],[-124.46516682,53.17854674],[-124.45852636,53.17370173],[-124.47254113,53.16613051],[-124.47131187,53.1519145],[-124.48393232,53.14946543],[-124.49554114,53.13792978],[-124.56275084,53.12857984],[-124.66535183,53.14353306],[-124.68045953,53.13487589],[-124.73223287,53.15206359],[-124.76057828,53.14536255],[-124.77661681,53.14827294],[-124.80991515,53.16487424],[-124.83173009,53.15004103],[-124.86914814,53.15905038],[-124.88936076,53.15082167],[-124.89813829,53.13214644]]]}},{"type":"Feature","id":"WHSE_BASEMAPPING.FWA_WATERSHED_GROUPS_POLY.12","properties":{"sourceLayer":"WHSE_BASEMAPPING.FWA_WATERSHED_GROUPS_POLY","boundaryCode":"BLAR","boundaryName":"Blackwater River","OBJECTID":114431,"WATERSHED_GROUP_ID":12,"WATERSHED_GROUP_CODE":"BLAR","WATERSHED_GROUP_NAME":"Blackwater River","AREA_HA":407264.184487882},"geometry":{"type":"Polygon","coordinates":[[[-122.91587456,53.26546245],[-122.89792507,53.29815943],[-122.87807791,53.2951175],[-122.8757712,53.31069633],[-122.89950672,53.31896623],[-122.91682283,53.3484942],[-122.91910899,53.3637629],[-122.94880998,53.37343838],[-122.94610594,53.4000172],[-122.95019356,53.40714711],[-122.96147557,53.40717825],[-122.94736004,53.42377518],[-122.95573306,53.43247971],[-122.9547973,53.44907262],[-122.94302204,53.45803635],[-122.92846622,53.45135188],[-122.92314676,53.46196751],[-122.91531433,53.45855526],[-122.90927138,53.46414181],[-122.90797409,53.47197599],[-122.95254377,53.49851565],[-122.97167657,53.4896449],[-122.98472809,53.51036317],[-122.99577664,53.50523954],[-123.007789,53.5089297],[-123.02061405,53.50151353],[-123.01745383,53.49513507],[-123.02829487,53.47439907],[-123.02612867,53.46354419],[-123.04316077,53.44498649],[-123.0388761,53.4299108],[-123.04405167,53.41353143],[-123.06166723,53.40167638],[-123.06349084,53.39404391],[-123.0907457,53.39677689],[-123.09772496,53.39070391],[-123.09355061,53.37969292],[-123.09834512,53.37271671],[-123.08088048,53.37319224],[-123.07337085,53.35903561],[-123.08552838,53.35404169],[-123.10119925,53.33253794],[-123.13068765,53.33234348],[-123.13394881,53.30920231],[-123.15048817,53.30594657],[-123.1639676,53.31761446],[-123.18629765,53.32297506],[-123.19330891,53.33961242],[-123.20068042,53.33901497],[-123.20106326,53.34696953],[-123.21729818,53.36173083],[-123.21778373,53.37738659],[-123.22555045,53.38150605],[-123.23066256,53.37328045],[-123.22842965,53.34923943],[-123.23859316,53.35343535],[-123.24333943,53.36376301],[-123.26335444,53.34969482],[-123.30710738,53.36673514],[-123.31332574,53.35397268],[-123.34796889,53.35491643],[-123.37995671,53.33605094],[-123.40710527,53.3481135],[-123.46305981,53.35295533],[-123.45532555,53.33161526],[-123.46900825,53.3172727],[-123.45730729,53.30614376],[-123.46623651,53.29128124],[-123.48299838,53.28931485],[-123.49132768,53.26607995],[-123.48728202,53.26102669],[-123.49890901,53.25789534],[-123.50355432,53.24597946],[-123.52686285,53.25653559],[-123.53582059,53.24390385],[-123.55246267,53.24336644],[-123.56159026,53.23419377],[-123.56073414,53.21810412],[-123.57972755,53.21401704],[-123.57734397,53.20714585],[-123.59253222,53.19659182],[-123.64080137,53.19716902],[-123.65259123,53.19348834],[-123.6526282,53.18508014],[-123.68459913,53.17350823],[-123.69777032,53.19135656],[-123.71020983,53.19507655],[-123.71408895,53.20862025],[-123.75926102,53.21533071],[-123.76700421,53.23148387],[-123.78794485,53.23601073],[-123.79594949,53.2462603],[-123.81930276,53.25632194],[-123.83198273,53.25468797],[-123.84984197,53.27005957],[-123.86820479,53.26959468],[-123.89718073,53.28968406],[-123.98866391,53.29730591],[-124.01903289,53.28726285],[-124.03151827,53.29297865],[-124.0365082,53.30759709],[-124.06186152,53.30110847],[-124.06897818,53.30526394],[-124.08604418,53.30351465],[-124.08850821,53.29215351],[-124.10641164,53.28911214],[-124.10911146,53.28181857],[-124.14045188,53.28456541],[-124.16467184,53.27656637],[-124.1719475,53.28101682],[-124.18534554,53.271754],[-124.19788343,53.27447839],[-124.208893,53.26721656],[-124.23768285,53.26486355],[-124.29628528,53.27533105],[-124.29276217,53.28266291],[-124.26744441,53.28527499],[-124.2749654,53.2904987],[-124.27155238,53.3083785],[-124.27832336,53.31871309],[-124.28912994,53.3010261],[-124.31312513,53.30297579],[-124.31449486,53.29485603],[-124.32634799,53.28924908],[-124.36299482,53.28304349],[-124.39240676,53.28754315],[-124.43019203,53.2762223],[-124.41090238,53.25621808],[-124.35303673,53.26569884],[-124.32303658,53.24281009],[-124.30999316,53.24132302],[-124.30869432,53.2300222],[-124.27780627,53.21271653],[-124.23252255,53.21488359],[-124.23314141,53.19627749],[-124.24866872,53.18312359],[-124.22403315,53.17341109],[-124.23082865,53.16895663],[-124.22196491,53.15436562],[-124.24540819,53.14466849],[-124.27193356,53.14806794],[-124.27788161,53.12969792],[-124.24956297,53.10613648],[-124.20275047,53.1003508],[-124.1962279,53.08729637],[-124.17552219,53.08028686],[-124.15841666,53.06279981],[-124.17361094,53.05654855],[-124.16484388,53.04794152],[-124.16910543,53.04034321],[-124.17735857,53.04185802],[-124.19416161,53.0285143],[-124.20509705,53.00896873],[-124.22170002,53.01514823],[-124.24342326,52.99989479],[-124.24666219,53.02317793],[-124.26287754,53.02505357],[-124.2675469,53.01292832],[-124.25993581,53.00398023],[-124.27688661,53.00069984],[-124.28497256,52.98594695],[-124.30730309,52.99087578],[-124.33108313,52.98220615],[-124.35801952,52.9842569],[-124.37885214,52.98682203],[-124.39565591,52.99281118],[-124.39452052,52.99687907],[-124.42941434,52.99043224],[-124.43875861,52.97930648],[-124.48158159,52.98573294],[-124.56200498,52.97446932],[-124.57323479,52.95724843],[-124.5960825,52.95491491],[-124.59665109,52.94587785],[-124.58964659,52.94206591],[-124.59682184,52.92343532],[-124.62412588,52.89737018],[-124.61627743,52.88702122],[-124.63473766,52.87831737],[-124.65519524,52.85314784],[-124.61854691,52.8525743],[-124.60172859,52.84102671],[-124.59391597,52.82604362],[-124.60688468,52.80555583],[-124.57141988,52.77284629],[-124.5410837,52.77256399],[-124.54324897,52.76448621],[-124.52644243,52.75957902],[-124.50825168,52.76324915],[-124.50204584,52.77327751],[-124.48468138,52.77541111],[-124.4700438,52.75228382],[-124.45442962,52.74437881],[-124.42911592,52.74950251],[-124.41073712,52.73860124],[-124.40220753,52.74068032],[-124.38304059,52.72528885],[-124.3619145,52.72592897],[-124.35462282,52.7343357],[-124.33954745,52.73081786],[-124.33558522,52.73874022],[-124.3183422,52.74192099],[-124.28263108,52.746619],[-124.25168571,52.74306878],[-124.2620447,52.75864423],[-124.2477554,52.77966101],[-124.24593987,52.79891838],[-124.23284183,52.80973765],[-124.20568197,52.80673524],[-124.18082296,52.78940926],[-124.1658425,52.80552106],[-124.14206473,52.80588114],[-124.12896517,52.79594944],[-124.12650535,52.78283311],[-124.06801579,52.76664528],[-124.05883437,52.78021286],[-124.03246466,52.77797297],[-124.01685519,52.7920425],[-124.00488627,52.78749957],[-123.99278197,52.79173691],[-123.97325187,52.7826359],[-123.95658879,52.76516878],[-123.94232332,52.77153007],[-123.9289022,52.75886198],[-123.91140771,52.75681409],[-123.89670305,52.74237917],[-123.84004738,52.7403307],[-123.83452109,52.73518343],[-123.82136475,52.74335535],[-123.7924205,52.73644412],[-123.78316159,52.74909868],[-123.79251356,52.76234881],[-123.80842662,52.7674906],[-123.8040683,52.78282422],[-123.79118468,52.79940744],[-123.73960004,52.81006956],[-123.74252088,52.85290313],[-123.72810393,52.86758292],[-123.73782815,52.87742669],[-123.71943354,52.89823305],[-123.70261925,52.90421998],[-123.71615252,52.92244231],[-123.70811945,52.92694936],[-123.70393772,52.94233863],[-123.70871574,52.95677365],[-123.72007856,52.96182948],[-123.72680211,52.97637381],[-123.74066981,52.98637862],[-123.78171571,52.99817198],[-123.78709888,53.02342735],[-123.77567999,53.02859648],[-123.78287936,53.03887838],[-123.75794415,53.04551236],[-123.74896513,53.03638687],[-123.71731105,53.04014582],[-123.68329861,53.03544974],[-123.65199028,53.06244917],[-123.64798832,53.05552914],[-123.62638439,53.06139812],[-123.62244626,53.07253277],[-123.60806265,53.08066768],[-123.60944261,53.08852639],[-123.58893732,53.10243736],[-123.57925555,53.12556061],[-123.53122629,53.11926631],[-123.49675931,53.13392788],[-123.48863324,53.12560742],[-123.49331552,53.11992584],[-123.46478102,53.11828073],[-123.44566775,53.11031535],[-123.43245617,53.11308085],[-123.42364402,53.10556149],[-123.4056338,53.11624661],[-123.37973774,53.12040917],[-123.3593384,53.14037875],[-123.33863427,53.13604967],[-123.31553717,53.10509208],[-123.29852397,53.1089634],[-123.27446185,53.10148328],[-123.27660012,53.08504286],[-123.26844201,53.08217896],[-123.25592397,53.09240742],[-123.22404728,53.09396392],[-123.21454316,53.06929274],[-123.19742257,53.06452806],[-123.19100752,53.05558115],[-123.16044564,53.05047937],[-123.12870145,53.02939192],[-123.09821764,53.02756817],[-123.08131889,53.03969761],[-123.07830202,53.05387486],[-123.04952742,53.05096279],[-123.04175479,53.0593838],[-123.03625206,53.04939743],[-123.02742825,53.04826215],[-123.01886167,53.06958053],[-122.99659278,53.0827733],[-122.98673138,53.0710036],[-122.96376055,53.06005981],[-122.95952901,53.04815354],[-122.92646585,53.04299879],[-122.90651422,53.05653474],[-122.90757694,53.07122415],[-122.90004114,53.08560395],[-122.88025529,53.09209395],[-122.87414574,53.10305457],[-122.88309044,53.10509428],[-122.87783884,53.11225445],[-122.88006848,53.1240686],[-122.85504027,53.13763548],[-122.86569457,53.15007707],[-122.86069792,53.16468777],[-122.88819651,53.16808769],[-122.89718305,53.17594333],[-122.89561253,53.18807733],[-122.88374232,53.19443066],[-122.90436127,53.22230627],[-122.89283228,53.2327198],[-122.89176726,53.24512776],[-122.91587456,53.26546245]]]}},{"type":"Feature","id":"WHSE_BASEMAPPING.FWA_WATERSHED_GROUPS_POLY.221","properties":{"sourceLayer":"WHSE_BASEMAPPING.FWA_WATERSHED_GROUPS_POLY","boundaryCode":"UEUT","boundaryName":"Upper Eutsuk Lake","OBJECTID":114354,"WATERSHED_GROUP_ID":221,"WATERSHED_GROUP_CODE":"UEUT","WATERSHED_GROUP_NAME":"Upper Eutsuk Lake","AREA_HA":519971.774398241},"geometry":{"type":"Polygon","coordinates":[[[-125,53.06670058034823],[-124.96628339,53.05798137],[-124.92097379,53.07032779],[-124.90331261,53.08735845],[-124.91032607,53.09225474],[-124.91229506,53.11090673],[-124.8795121,53.1139933],[-124.88562599,53.12577018],[-124.89753332,53.12942394],[-124.89332031,53.15289254],[-124.92492661,53.16557695],[-124.93723436,53.18214884],[-124.92608182,53.19937884],[-124.92926859,53.20714107],[-124.96091939,53.2086042],[-124.95878727,53.22259567],[-124.94437097,53.2319602],[-124.9724568,53.25316886],[-124.97648971,53.27408899],[-125,53.26385313487201],[-125,53.06670058034823]]]}},{"type":"Feature","id":"WHSE_BASEMAPPING.FWA_WATERSHED_GROUPS_POLY.114","properties":{"sourceLayer":"WHSE_BASEMAPPING.FWA_WATERSHED_GROUPS_POLY","boundaryCode":"LNRS","boundaryName":"Lower Nechako Reservoir","OBJECTID":114336,"WATERSHED_GROUP_ID":114,"WATERSHED_GROUP_CODE":"LNRS","WATERSHED_GROUP_NAME":"Lower Nechako Reservoir","AREA_HA":272695.763404119},"geometry":{"type":"Polygon","coordinates":[[[-125,53.26385313487201],[-124.97249125,53.27357084],[-124.97518367,53.25675089],[-124.94654025,53.2327669],[-124.95612997,53.22498886],[-124.95906027,53.20746302],[-124.93015079,53.20788897],[-124.92692322,53.2009276],[-124.93637291,53.18111394],[-124.92290676,53.16538682],[-124.8915777,53.15146975],[-124.86298489,53.16030475],[-124.82991653,53.14877428],[-124.80788025,53.16225597],[-124.76628878,53.14576944],[-124.73223287,53.15206359],[-124.68532796,53.13551131],[-124.66611908,53.14348237],[-124.56196702,53.12858114],[-124.50036687,53.13612498],[-124.4728163,53.15173908],[-124.46707945,53.15775629],[-124.47339938,53.16347783],[-124.46236444,53.1689198],[-124.46220421,53.17581722],[-124.48522426,53.17341675],[-124.48345751,53.20012107],[-124.51583773,53.20700337],[-124.49720242,53.22906764],[-124.47997159,53.23137652],[-124.45847863,53.24662119],[-124.46940207,53.25066579],[-124.46212027,53.26130045],[-124.48112091,53.2819204],[-124.53325623,53.28293552],[-124.50321546,53.28840629],[-124.48060817,53.30878641],[-124.489539,53.34485417],[-124.50665261,53.34841562],[-124.50753598,53.35423024],[-124.53199121,53.35228163],[-124.55941231,53.36482584],[-124.58650199,53.36788094],[-124.60894806,53.38663498],[-124.57518117,53.3872202],[-124.55146339,53.39712692],[-124.51781162,53.39302368],[-124.51378245,53.40031258],[-124.52458245,53.41713877],[-124.5020178,53.41316262],[-124.50861791,53.4231219],[-124.50773119,53.44186759],[-124.56012971,53.46469474],[-124.55937752,53.47285122],[-124.52294517,53.47872093],[-124.52176712,53.48617935],[-124.5095897,53.488752],[-124.51422946,53.495867],[-124.5099113,53.50332006],[-124.53222047,53.51748641],[-124.52513613,53.53945361],[-124.55154231,53.5404623],[-124.54429211,53.54512686],[-124.54518923,53.55331873],[-124.55718825,53.55763789],[-124.55586967,53.56586451],[-124.53137416,53.58395491],[-124.5306175,53.59167557],[-124.57706689,53.60267775],[-124.61286634,53.59235992],[-124.66618598,53.61012285],[-124.68666362,53.59654322],[-124.71867328,53.60053855],[-124.71710133,53.58670697],[-124.71211742,53.58567367],[-124.71507777,53.57823271],[-124.75052152,53.56380601],[-124.78524487,53.57179409],[-124.78840793,53.58160869],[-124.80541808,53.58727746],[-124.81342759,53.58696751],[-124.81964885,53.57481161],[-124.84785952,53.57482556],[-124.88204208,53.58671069],[-124.90681544,53.58078047],[-124.9195495,53.58798156],[-124.91268747,53.59655109],[-124.92757337,53.61546987],[-124.95458444,53.61979039],[-124.9644183,53.61187391],[-124.98309327,53.62196136],[-125,53.61803595693451],[-125,53.26385313487201]]]}},{"type":"Feature","id":"WHSE_BASEMAPPING.FWA_WATERSHED_GROUPS_POLY.47","properties":{"sourceLayer":"WHSE_BASEMAPPING.FWA_WATERSHED_GROUPS_POLY","boundaryCode":"EUCH","boundaryName":"Euchiniko River","OBJECTID":114338,"WATERSHED_GROUP_ID":47,"WATERSHED_GROUP_CODE":"EUCH","WATERSHED_GROUP_NAME":"Euchiniko River","AREA_HA":145894.255071652},"geometry":{"type":"Polygon","coordinates":[[[-124.52916961,53.51430321],[-124.51195276,53.50583931],[-124.51106331,53.48794529],[-124.51923724,53.4873672],[-124.52396241,53.47846524],[-124.56005871,53.47243479],[-124.55881162,53.46394283],[-124.53837963,53.45987865],[-124.50967518,53.443614],[-124.50430923,53.40992345],[-124.52223249,53.41791089],[-124.51678298,53.39290291],[-124.55355105,53.39708978],[-124.56806425,53.3884676],[-124.59694677,53.3899396],[-124.606086,53.38317347],[-124.58650199,53.36788094],[-124.55998272,53.36540073],[-124.55025567,53.3567654],[-124.52997513,53.3522985],[-124.50447063,53.35398924],[-124.50274832,53.34698293],[-124.489539,53.34485417],[-124.48060817,53.30878641],[-124.50321546,53.28840629],[-124.53325623,53.28293552],[-124.5246491,53.28082538],[-124.47587824,53.28247286],[-124.43341405,53.27445257],[-124.39344551,53.28739817],[-124.35593039,53.28380324],[-124.32332549,53.29053223],[-124.31424918,53.30292744],[-124.29016098,53.30088011],[-124.27926683,53.31863505],[-124.27044126,53.30589224],[-124.27556968,53.2916459],[-124.26499261,53.28504932],[-124.29668392,53.27793072],[-124.26598629,53.26639427],[-124.22730017,53.26444349],[-124.19898012,53.27377217],[-124.18534554,53.271754],[-124.17397223,53.28028074],[-124.16271775,53.27665036],[-124.13940211,53.28413695],[-124.11118339,53.28420845],[-124.0901674,53.29066808],[-124.08699118,53.30147541],[-124.07027128,53.30542814],[-124.06294083,53.3010629],[-124.03255773,53.30587243],[-124.03153927,53.29385044],[-124.02022602,53.28627081],[-124.01472864,53.29265624],[-123.98966919,53.29708781],[-123.90980017,53.29240511],[-123.87287393,53.27699176],[-123.86820479,53.26959468],[-123.84267994,53.26627696],[-123.83445899,53.25458376],[-123.81697924,53.2563199],[-123.78937195,53.23720786],[-123.76476888,53.23028267],[-123.76031003,53.21537096],[-123.71310825,53.20827354],[-123.71198437,53.19667705],[-123.69967302,53.19289955],[-123.68709151,53.17312432],[-123.65455976,53.1835114],[-123.64985432,53.19506644],[-123.59253222,53.19659182],[-123.57730068,53.20491472],[-123.58083254,53.21255141],[-123.56067181,53.21562439],[-123.56320823,53.23253513],[-123.55682093,53.23855493],[-123.52874537,53.24617074],[-123.52707449,53.25410658],[-123.50355432,53.24597946],[-123.49583212,53.25972398],[-123.48763113,53.25876899],[-123.49082057,53.26980354],[-123.48302048,53.28861361],[-123.46684271,53.29077248],[-123.45749147,53.30481067],[-123.46900825,53.3172727],[-123.45455135,53.32988632],[-123.45741617,53.34206646],[-123.46458981,53.35196459],[-123.48473994,53.35641091],[-123.47740645,53.36944151],[-123.49260417,53.38357931],[-123.49051932,53.40755237],[-123.51939269,53.41955432],[-123.56561432,53.42343633],[-123.60495004,53.40954443],[-123.61211076,53.41442489],[-123.64119617,53.41380485],[-123.65830147,53.42563016],[-123.67901414,53.42500539],[-123.6847014,53.41895075],[-123.7206946,53.42776692],[-123.74557823,53.4186132],[-123.75745856,53.43289989],[-123.80268773,53.45414318],[-123.794061,53.46243873],[-123.79997556,53.46840092],[-123.83006304,53.46186546],[-123.84984898,53.46834228],[-123.85959008,53.46208815],[-123.88245118,53.47246763],[-123.92926243,53.47576633],[-123.96239234,53.46672477],[-123.96629915,53.45965478],[-123.99753081,53.46000936],[-124.00557549,53.45051232],[-123.99944057,53.4447678],[-124.00413578,53.43806545],[-124.04576321,53.42582454],[-124.07538886,53.43206967],[-124.10738051,53.4224375],[-124.12464856,53.42783151],[-124.12714176,53.43521817],[-124.15346598,53.43765166],[-124.16528841,53.43232311],[-124.21825795,53.43423968],[-124.21871137,53.44447392],[-124.25067074,53.45330974],[-124.2813181,53.47921096],[-124.2887092,53.47408745],[-124.28111771,53.46499992],[-124.28414351,53.45877376],[-124.31485196,53.45396],[-124.32067063,53.44469462],[-124.34316028,53.44297458],[-124.37831599,53.45037098],[-124.38374381,53.46019567],[-124.37105969,53.46134974],[-124.36297573,53.47090814],[-124.3828546,53.47665773],[-124.41419996,53.49742813],[-124.38325998,53.50625528],[-124.4617066,53.50946584],[-124.47021834,53.51792846],[-124.46976112,53.52781355],[-124.51422648,53.54240657],[-124.52865897,53.53321481],[-124.52916961,53.51430321]]]}},{"type":"Feature","id":"WHSE_BASEMAPPING.FWA_WATERSHED_GROUPS_POLY.25","properties":{"sourceLayer":"WHSE_BASEMAPPING.FWA_WATERSHED_GROUPS_POLY","boundaryCode":"CHIL","boundaryName":"Chilako River","OBJECTID":114518,"WATERSHED_GROUP_ID":25,"WATERSHED_GROUP_CODE":"CHIL","WATERSHED_GROUP_NAME":"Chilako River","AREA_HA":156640.614983694},"geometry":{"type":"Polygon","coordinates":[[[-124.46976112,53.52781355],[-124.46586339,53.5206698],[-124.47015525,53.51518644],[-124.45941901,53.50930802],[-124.38540334,53.50662899],[-124.38640889,53.50176004],[-124.41246227,53.49882107],[-124.36342961,53.47190679],[-124.37045141,53.46148257],[-124.38369379,53.46215697],[-124.37933585,53.45163671],[-124.35056096,53.44902495],[-124.34492449,53.4430566],[-124.31838411,53.44433234],[-124.31264656,53.45439776],[-124.28261623,53.45857442],[-124.28241303,53.46632545],[-124.29009718,53.47072343],[-124.28044787,53.47928122],[-124.25266389,53.46048035],[-124.2490148,53.45196368],[-124.21647704,53.44461855],[-124.22444667,53.4355248],[-124.12714176,53.43521817],[-124.12464856,53.42783151],[-124.09902417,53.42227497],[-124.08306481,53.43164673],[-124.03900289,53.42632401],[-124.03366727,53.43282456],[-124.00413578,53.43806545],[-123.99944057,53.4447678],[-124.00557549,53.45051232],[-123.99753081,53.46000936],[-123.96395212,53.45999235],[-123.96196785,53.46719862],[-123.92855067,53.47560206],[-123.88134794,53.47262659],[-123.85854748,53.46192486],[-123.84876446,53.46834999],[-123.8284453,53.46258682],[-123.79798036,53.46804672],[-123.80049997,53.45383625],[-123.75670843,53.43303947],[-123.74557823,53.4186132],[-123.72173692,53.42769771],[-123.6847014,53.41895075],[-123.67946958,53.42518332],[-123.65428448,53.42592889],[-123.64001829,53.41262463],[-123.61149207,53.41418136],[-123.59591049,53.4085951],[-123.59294783,53.4153905],[-123.56500393,53.42317854],[-123.52228342,53.42023586],[-123.49029782,53.40791284],[-123.47603311,53.41700438],[-123.4867615,53.43328195],[-123.47629006,53.44582966],[-123.42858208,53.4608968],[-123.43566668,53.47467797],[-123.42248211,53.48820846],[-123.44511861,53.49244092],[-123.41249061,53.50072873],[-123.39820326,53.49711077],[-123.38739647,53.50473204],[-123.46237836,53.54241566],[-123.49887475,53.54570967],[-123.47882277,53.54988848],[-123.4734509,53.55962862],[-123.50838386,53.56077862],[-123.54029009,53.57069111],[-123.55827215,53.58624985],[-123.58428946,53.58191393],[-123.60668153,53.56783703],[-123.64095959,53.59310034],[-123.69608161,53.60164326],[-123.70003107,53.60926962],[-123.69416676,53.62034189],[-123.70704726,53.62975056],[-123.73262009,53.62924422],[-123.74697184,53.64347551],[-123.78763208,53.65422607],[-123.77559201,53.66874048],[-123.78829149,53.66956541],[-123.78883764,53.68178639],[-123.82577549,53.67761835],[-123.8278562,53.68567582],[-123.83906213,53.68596239],[-123.85781588,53.70106336],[-123.87101846,53.69920731],[-123.89006148,53.68427192],[-123.92424149,53.7003955],[-123.95164311,53.69097049],[-123.96360772,53.67559392],[-123.98765164,53.66790337],[-123.99598963,53.66917265],[-124.00239197,53.67503588],[-124.00115135,53.68350872],[-124.01276833,53.68911394],[-124.01926431,53.6822583],[-124.04006226,53.67838808],[-124.06079372,53.68454039],[-124.06144218,53.69125831],[-124.08406245,53.68906918],[-124.10156081,53.66781358],[-124.09820529,53.65699977],[-124.10231574,53.65659346],[-124.13238289,53.6748241],[-124.1666393,53.66851661],[-124.21220682,53.67998441],[-124.26888627,53.66864436],[-124.28830489,53.64228069],[-124.32782899,53.65184176],[-124.35788224,53.63755541],[-124.37109995,53.65806411],[-124.38918754,53.65524457],[-124.40546217,53.64050801],[-124.45333361,53.62563034],[-124.47081712,53.63619298],[-124.49358479,53.6362017],[-124.49315742,53.64641795],[-124.5505504,53.63754985],[-124.55685945,53.63101653],[-124.54554666,53.6272887],[-124.55897564,53.61129305],[-124.55208346,53.60678902],[-124.57249958,53.60341208],[-124.5306175,53.59167557],[-124.53582353,53.57773806],[-124.55435785,53.56709776],[-124.5562144,53.55468901],[-124.54756607,53.55350375],[-124.54458473,53.54625476],[-124.55043319,53.5408093],[-124.51280302,53.54289659],[-124.48684132,53.52920547],[-124.46976112,53.52781355]]]}},{"type":"Feature","id":"WHSE_BASEMAPPING.FWA_WATERSHED_GROUPS_POLY.24","properties":{"sourceLayer":"WHSE_BASEMAPPING.FWA_WATERSHED_GROUPS_POLY","boundaryCode":"CHES","boundaryName":"Cheslatta River","OBJECTID":114418,"WATERSHED_GROUP_ID":24,"WATERSHED_GROUP_CODE":"CHES","WATERSHED_GROUP_NAME":"Cheslatta River","AREA_HA":214035.133404909},"geometry":{"type":"Polygon","coordinates":[[[-125,53.61803595693451],[-124.97828031,53.62154658],[-124.96570466,53.61157708],[-124.95595672,53.61912867],[-124.92522706,53.61463262],[-124.91268747,53.59655109],[-124.91967111,53.58892357],[-124.90857081,53.58133083],[-124.87873828,53.58697538],[-124.84944539,53.57486198],[-124.81646774,53.57436252],[-124.81493475,53.58543136],[-124.80716252,53.58743991],[-124.78731377,53.57986404],[-124.78645363,53.57180601],[-124.75052152,53.56380601],[-124.71507777,53.57823271],[-124.71211742,53.58567367],[-124.71984163,53.58862437],[-124.71640507,53.60125434],[-124.68893461,53.59622751],[-124.67990348,53.60500273],[-124.65175028,53.61018317],[-124.61631207,53.59290373],[-124.59536318,53.59435058],[-124.58029944,53.60240436],[-124.55509878,53.60424779],[-124.56011491,53.61062197],[-124.54554306,53.62677635],[-124.55685945,53.63101653],[-124.5505504,53.63754985],[-124.47046462,53.64784828],[-124.4944869,53.68120007],[-124.54121623,53.6843823],[-124.53965572,53.69233898],[-124.52804774,53.6995992],[-124.55200271,53.70632986],[-124.55116426,53.72179337],[-124.56218706,53.73198788],[-124.61740704,53.72386689],[-124.62798495,53.72726145],[-124.64463176,53.71477248],[-124.66647695,53.71054717],[-124.67015235,53.72053523],[-124.67840069,53.72362121],[-124.69249263,53.71864653],[-124.71988438,53.72257737],[-124.71318578,53.72711318],[-124.72892807,53.74305623],[-124.71762245,53.7631785],[-124.7391793,53.76137138],[-124.72165121,53.77264956],[-124.7424518,53.77827807],[-124.7134928,53.79265713],[-124.71191227,53.80785886],[-124.72405069,53.80465052],[-124.73996862,53.81032666],[-124.76863756,53.80176975],[-124.75126181,53.81217591],[-124.75116415,53.82578138],[-124.79334444,53.83069162],[-124.79764891,53.84304269],[-124.76770538,53.86388971],[-124.75536393,53.88009199],[-124.75856437,53.8832024],[-124.81912247,53.86710751],[-124.84380375,53.87435589],[-124.8427276,53.88282357],[-124.86954058,53.8970678],[-124.8887483,53.88681762],[-124.90941579,53.88788196],[-124.91416121,53.87262289],[-124.90716505,53.86763717],[-124.91141865,53.86789411],[-124.93233123,53.87112703],[-124.93355394,53.88345014],[-124.95934114,53.88369711],[-124.98986818,53.89626587],[-124.98918711,53.90403529],[-124.99780912,53.90383216],[-125,53.61803595693451]]]}},{"type":"Feature","id":"WHSE_BASEMAPPING.FWA_WATERSHED_GROUPS_POLY.156","properties":{"sourceLayer":"WHSE_BASEMAPPING.FWA_WATERSHED_GROUPS_POLY","boundaryCode":"NECR","boundaryName":"Nechako River","OBJECTID":114399,"WATERSHED_GROUP_ID":156,"WATERSHED_GROUP_CODE":"NECR","WATERSHED_GROUP_NAME":"Nechako River","AREA_HA":414785.759325493},"geometry":{"type":"Polygon","coordinates":[[[-124.63017705,54.12129176],[-124.61412576,54.11855079],[-124.60245332,54.09622167],[-124.58673023,54.09073513],[-124.61200777,54.06891659],[-124.60442441,54.05077847],[-124.60948516,54.04061625],[-124.64334012,54.01922287],[-124.68264771,54.01458601],[-124.69036668,54.02477321],[-124.70776793,54.02172265],[-124.71843454,54.02791696],[-124.77770164,54.03193125],[-124.78512224,54.0246349],[-124.75974614,54.00396534],[-124.75033052,54.00395003],[-124.74454161,53.9822893],[-124.73132794,53.96555574],[-124.7151131,53.95844216],[-124.73127418,53.95731139],[-124.72913256,53.94202456],[-124.73340927,53.94007216],[-124.79650167,53.93014951],[-124.8227489,53.91352803],[-124.84449057,53.91440953],[-124.8484875,53.91182201],[-124.83794112,53.90631558],[-124.86413912,53.89380471],[-124.84577689,53.88432815],[-124.83978823,53.87421376],[-124.81695943,53.86773359],[-124.7729924,53.88209717],[-124.75551589,53.88125739],[-124.76656401,53.86407233],[-124.79503522,53.84850948],[-124.79578744,53.83617163],[-124.79017451,53.8296073],[-124.75036737,53.82865765],[-124.74914515,53.81281808],[-124.76902516,53.80267995],[-124.76498099,53.80108249],[-124.73271447,53.8114565],[-124.71034274,53.80739983],[-124.716749,53.79208916],[-124.7424518,53.77827807],[-124.72016428,53.77500517],[-124.73886219,53.7607547],[-124.71721645,53.76227638],[-124.72720027,53.75478549],[-124.72571976,53.73988622],[-124.71337762,53.72771655],[-124.7206214,53.72346974],[-124.71767747,53.72041159],[-124.70086642,53.72334831],[-124.68934442,53.71727961],[-124.67930482,53.72374138],[-124.66647695,53.71054717],[-124.64511907,53.71444517],[-124.62386654,53.7278647],[-124.61343421,53.7232093],[-124.56218706,53.73198788],[-124.55056129,53.72234054],[-124.55324068,53.708678],[-124.54284134,53.70126435],[-124.52926592,53.70144444],[-124.53992554,53.68433199],[-124.48811925,53.67777254],[-124.49380027,53.67187673],[-124.47053295,53.64884647],[-124.49529456,53.64182468],[-124.49447562,53.63763088],[-124.4694952,53.63524636],[-124.45564868,53.62479316],[-124.37208683,53.65794776],[-124.35788224,53.63755541],[-124.32782899,53.65184176],[-124.28487985,53.6420748],[-124.27099613,53.66732956],[-124.21595052,53.67965381],[-124.16559826,53.66888231],[-124.13586716,53.67547426],[-124.09925933,53.65563577],[-124.10261632,53.66643556],[-124.0864961,53.68889432],[-124.06513409,53.69212442],[-124.03900077,53.67825048],[-124.01052993,53.68930464],[-124.00046239,53.68240785],[-124.00461121,53.67477758],[-123.9913219,53.66763055],[-123.96246826,53.67556413],[-123.95034735,53.69126542],[-123.9209614,53.7006365],[-123.89006148,53.68427192],[-123.87141932,53.69905957],[-123.85441757,53.70147116],[-123.83991911,53.68692216],[-123.82804877,53.68665825],[-123.82661746,53.67869518],[-123.79419657,53.68254198],[-123.79406406,53.69454569],[-123.78616329,53.69834306],[-123.77248227,53.68905294],[-123.73538665,53.68677361],[-123.73767954,53.6758743],[-123.72098861,53.66427092],[-123.69921663,53.66638634],[-123.68604283,53.65668791],[-123.67517373,53.66461173],[-123.66081174,53.65078946],[-123.64264456,53.64637307],[-123.62442858,53.64726944],[-123.61061849,53.65753373],[-123.58057726,53.65440632],[-123.53996714,53.67395266],[-123.55716445,53.70319542],[-123.55418852,53.71420214],[-123.51054184,53.71477358],[-123.4884664,53.70793851],[-123.47580614,53.71286718],[-123.48290858,53.72709443],[-123.48159989,53.74653263],[-123.46507425,53.74817087],[-123.48394268,53.7836901],[-123.45383899,53.78301684],[-123.44609608,53.79182749],[-123.45035103,53.79933479],[-123.44285251,53.80382991],[-123.45229808,53.80751181],[-123.45375831,53.81976332],[-123.47506972,53.83374446],[-123.45595729,53.83186917],[-123.45530326,53.83943577],[-123.46329627,53.84058663],[-123.46132787,53.8477039],[-123.43170547,53.85095701],[-123.44342598,53.87270069],[-123.4280618,53.88120935],[-123.40548161,53.87913358],[-123.41676266,53.89637018],[-123.44673882,53.89796415],[-123.4567067,53.90491343],[-123.45872247,53.92912877],[-123.4985404,53.93865029],[-123.50961482,53.96570694],[-123.51786908,53.96919098],[-123.54186875,53.96015098],[-123.53950707,53.97083047],[-123.5613174,53.97079648],[-123.54297661,53.97972203],[-123.55189182,53.99676573],[-123.583392,53.98895215],[-123.59885342,53.9925742],[-123.58757905,54.01443986],[-123.59726877,54.02181924],[-123.6407392,54.02174524],[-123.66045885,54.01138513],[-123.70454704,54.01208558],[-123.66833988,54.02672717],[-123.68081796,54.03633432],[-123.65960534,54.04360702],[-123.67761037,54.05358551],[-123.67780062,54.06589803],[-123.70054307,54.06734264],[-123.71513538,54.08133002],[-123.72935374,54.08108788],[-123.74330625,54.08983272],[-123.79905369,54.08436822],[-123.83840257,54.08900395],[-123.85567166,54.10400634],[-123.90947441,54.10923832],[-123.9153406,54.12031113],[-123.92798162,54.12401729],[-123.94416704,54.11853651],[-123.95677997,54.12838676],[-124.00379504,54.12562003],[-124.03119108,54.13388427],[-124.02869496,54.14069369],[-124.03903456,54.14693756],[-124.06578003,54.1440193],[-124.07236901,54.15399161],[-124.08498969,54.1578034],[-124.10313002,54.15176927],[-124.13169439,54.15283444],[-124.14680236,54.16069103],[-124.13800722,54.16277885],[-124.14047065,54.17382504],[-124.15189762,54.16890959],[-124.17968102,54.18088563],[-124.20464258,54.17520764],[-124.25961291,54.19127465],[-124.27715313,54.1866617],[-124.31733157,54.19260772],[-124.34361666,54.18734681],[-124.34312868,54.19183446],[-124.35976332,54.19710081],[-124.39647472,54.18913649],[-124.41289821,54.21005889],[-124.43695617,54.20485465],[-124.45402258,54.22851135],[-124.47204353,54.23507289],[-124.5693325,54.2184946],[-124.58479385,54.22073914],[-124.58923929,54.23144801],[-124.59764013,54.23263529],[-124.62308198,54.2194564],[-124.64852864,54.22019056],[-124.64796486,54.21202549],[-124.6139133,54.17921014],[-124.63863383,54.16302902],[-124.66353262,54.1643685],[-124.66850945,54.15396742],[-124.66791149,54.14565599],[-124.65262201,54.13834118],[-124.65194581,54.13190743],[-124.63491569,54.12932645],[-124.63017705,54.12129176]]]}},{"type":"Feature","id":"WHSE_BASEMAPPING.FWA_WATERSHED_GROUPS_POLY.54","properties":{"sourceLayer":"WHSE_BASEMAPPING.FWA_WATERSHED_GROUPS_POLY","boundaryCode":"FRAN","boundaryName":"Francois Lake","OBJECTID":114506,"WATERSHED_GROUP_ID":54,"WATERSHED_GROUP_CODE":"FRAN","WATERSHED_GROUP_NAME":"Francois Lake","AREA_HA":657465.459622917},"geometry":{"type":"Polygon","coordinates":[[[-125,54.283996467969644],[-124.99177326,54.27905715],[-124.99873288,54.27403384],[-125,53.90431567790846],[-124.99137515,53.90394807],[-124.98897559,53.89584617],[-124.95638506,53.88418683],[-124.93355394,53.88345014],[-124.93343931,53.87140585],[-124.90793768,53.86760691],[-124.91425812,53.87337547],[-124.91220037,53.88587788],[-124.88652995,53.88730399],[-124.87163783,53.89711002],[-124.83804753,53.90465589],[-124.84579245,53.91193539],[-124.84272442,53.91487414],[-124.82052458,53.91373257],[-124.77813501,53.93525019],[-124.731223,53.93952239],[-124.73213181,53.95418275],[-124.71545702,53.95592926],[-124.74237392,53.97931836],[-124.75000037,53.99280821],[-124.74783028,54.0040044],[-124.76105645,54.00512274],[-124.78356385,54.02242771],[-124.77663938,54.03248431],[-124.70403131,54.02143409],[-124.69157762,54.02464232],[-124.68320353,54.01449133],[-124.6399707,54.02087792],[-124.61833713,54.03024101],[-124.60468266,54.04598492],[-124.60531374,54.05852404],[-124.61281899,54.06601328],[-124.58703349,54.09138032],[-124.60371713,54.09546275],[-124.59987239,54.09724079],[-124.61011144,54.11433187],[-124.62947707,54.12143508],[-124.6373138,54.13114556],[-124.65402918,54.13348783],[-124.6687456,54.14964448],[-124.66416998,54.16371049],[-124.63863383,54.16302902],[-124.61450329,54.17883968],[-124.648252,54.21345976],[-124.64464104,54.21907315],[-124.61916729,54.22102418],[-124.61786447,54.22863314],[-124.62778399,54.23682509],[-124.67387827,54.24187953],[-124.68780979,54.25081783],[-124.70222654,54.24210967],[-124.73582319,54.25223029],[-124.75427997,54.24294721],[-124.79005849,54.24066822],[-124.81746758,54.21366448],[-124.87408762,54.20715577],[-124.88512133,54.21306024],[-124.88496477,54.22713067],[-124.89127867,54.2324212],[-124.92553944,54.24053912],[-124.89455135,54.2498576],[-124.89333487,54.25882087],[-124.84525465,54.27311497],[-124.84068236,54.2843202],[-124.87227238,54.30020276],[-124.89747878,54.29684937],[-124.9140376,54.31261714],[-124.99060652,54.32054558],[-124.99850475,54.31680231],[-125,54.283996467969644]]]}},{"type":"Feature","id":"WHSE_BASEMAPPING.FWA_WATERSHED_GROUPS_POLY.194","properties":{"sourceLayer":"WHSE_BASEMAPPING.FWA_WATERSHED_GROUPS_POLY","boundaryCode":"STUR","boundaryName":"Stuart River","OBJECTID":114499,"WATERSHED_GROUP_ID":194,"WATERSHED_GROUP_CODE":"STUR","WATERSHED_GROUP_NAME":"Stuart River","AREA_HA":197821.326452275},"geometry":{"type":"Polygon","coordinates":[[[-123.16244467,54.00066624],[-123.17097506,54.00495963],[-123.16774948,54.02616664],[-123.15054767,54.02674666],[-123.12096273,54.04585531],[-123.18893647,54.06294951],[-123.21876956,54.07855376],[-123.22490707,54.09393756],[-123.24229381,54.11087576],[-123.23430817,54.11613144],[-123.21298626,54.11457223],[-123.21865627,54.12516462],[-123.2041959,54.13373936],[-123.21567837,54.13841692],[-123.23322724,54.1352355],[-123.27411435,54.15940524],[-123.23539663,54.17111821],[-123.23905835,54.1744644],[-123.31417722,54.16287451],[-123.31637004,54.17058921],[-123.33109733,54.1792657],[-123.36960752,54.16782218],[-123.37789178,54.17259592],[-123.37071052,54.17811871],[-123.384908,54.18488187],[-123.37346623,54.19016471],[-123.40051077,54.18926694],[-123.37087934,54.20535388],[-123.39843516,54.21088021],[-123.37745772,54.21819779],[-123.38514882,54.22763645],[-123.38197741,54.23359436],[-123.40961014,54.2319228],[-123.43357719,54.24288977],[-123.45570438,54.2419014],[-123.57109508,54.27462738],[-123.57719858,54.28865998],[-123.54421895,54.29797467],[-123.55172385,54.30138982],[-123.55192064,54.31380377],[-123.55824829,54.31945481],[-123.58171187,54.31568002],[-123.60059327,54.32405083],[-123.62149524,54.31690034],[-123.64941737,54.3264223],[-123.68623573,54.3150379],[-123.69247382,54.32868944],[-123.7363134,54.32057566],[-123.73665206,54.32805733],[-123.74874154,54.32765836],[-123.75129906,54.33533291],[-123.778151,54.33951078],[-123.80966715,54.33478264],[-123.84410254,54.35280072],[-123.83096863,54.36302097],[-123.83728275,54.3720489],[-123.87317517,54.37951106],[-123.92281343,54.36461769],[-123.93327992,54.3896799],[-123.95433795,54.3957448],[-123.96087294,54.40624956],[-123.9958614,54.4034835],[-124.02022787,54.41402248],[-124.03799225,54.4019723],[-124.05348293,54.405639],[-124.08429657,54.39922759],[-124.09703953,54.40224926],[-124.10061413,54.41435031],[-124.11628804,54.42116504],[-124.12232128,54.41584026],[-124.22634216,54.43725379],[-124.24677287,54.42887461],[-124.26384837,54.43046699],[-124.25979183,54.4198704],[-124.28762016,54.4139844],[-124.28317059,54.40374944],[-124.27392246,54.40112399],[-124.27400632,54.39322562],[-124.28757917,54.38365916],[-124.28792025,54.37668377],[-124.2771381,54.36991545],[-124.28510626,54.35707777],[-124.26592394,54.34798082],[-124.26804661,54.33746941],[-124.2354306,54.315735],[-124.23151229,54.29755116],[-124.27149002,54.28704559],[-124.29381082,54.2963177],[-124.30523904,54.28905792],[-124.3059796,54.27345531],[-124.31699419,54.26793355],[-124.35759211,54.26255763],[-124.4027132,54.27103842],[-124.41576155,54.24490044],[-124.4337761,54.24303661],[-124.43530696,54.22981135],[-124.45262233,54.22776123],[-124.43997866,54.20682199],[-124.41546683,54.21013661],[-124.39452672,54.18969837],[-124.35732144,54.19696356],[-124.34452631,54.18861601],[-124.2488155,54.18900517],[-124.20304006,54.17530355],[-124.17721916,54.18064806],[-124.15414349,54.16930653],[-124.13692593,54.17243842],[-124.14403965,54.16676939],[-124.13888023,54.15441153],[-124.10484921,54.15103345],[-124.0923953,54.15871615],[-124.07883109,54.15713069],[-124.07127918,54.15349498],[-124.07090966,54.14570552],[-124.04854947,54.14176777],[-124.03912008,54.14912994],[-124.02622572,54.13204418],[-124.00139896,54.12652082],[-123.95581186,54.1285093],[-123.94732665,54.11880629],[-123.92094648,54.12218982],[-123.90440253,54.10875523],[-123.85767403,54.10501972],[-123.83953807,54.08920876],[-123.80255754,54.08356193],[-123.74433275,54.08966758],[-123.71185517,54.07951092],[-123.69663174,54.0657505],[-123.67844903,54.06651454],[-123.67761037,54.05358551],[-123.6588509,54.04525896],[-123.67900196,54.03931364],[-123.67708179,54.03203514],[-123.66821077,54.03020627],[-123.67045122,54.02627899],[-123.70711204,54.01305921],[-123.65802467,54.0115343],[-123.6369451,54.02317652],[-123.59817189,54.02235203],[-123.58757905,54.01443986],[-123.5998231,53.99306371],[-123.58403227,53.98893106],[-123.5538305,53.9969935],[-123.5438242,53.98858011],[-123.53636477,53.99086996],[-123.53522761,53.99932778],[-123.55010691,54.00781323],[-123.55052691,54.02832795],[-123.54355697,54.03365659],[-123.53053788,54.02802533],[-123.50433948,54.03292267],[-123.4734292,54.02892087],[-123.46316665,54.02096953],[-123.43142789,54.02333559],[-123.35896147,54.00835618],[-123.33226532,54.01154175],[-123.32506129,54.00636442],[-123.30004211,54.01399132],[-123.28095892,53.99555822],[-123.23222482,53.99511399],[-123.21346545,53.98607493],[-123.18453769,53.99432482],[-123.17054181,53.98066983],[-123.15612027,53.99024861],[-123.16244467,54.00066624]]]}},{"type":"Feature","id":"WHSE_BASEMAPPING.FWA_WATERSHED_GROUPS_POLY.193","properties":{"sourceLayer":"WHSE_BASEMAPPING.FWA_WATERSHED_GROUPS_POLY","boundaryCode":"STUL","boundaryName":"Stuart Lake","OBJECTID":114508,"WATERSHED_GROUP_ID":193,"WATERSHED_GROUP_CODE":"STUL","WATERSHED_GROUP_NAME":"Stuart Lake","AREA_HA":336480.92412804},"geometry":{"type":"Polygon","coordinates":[[[-124.54225387,54.23251694],[-124.55750103,54.2240403],[-124.54039405,54.2202513],[-124.47583873,54.23608112],[-124.44007816,54.22716762],[-124.43289545,54.23135311],[-124.43128959,54.24361745],[-124.412602,54.24555771],[-124.41366043,54.25750887],[-124.40021008,54.27104055],[-124.35567744,54.26222864],[-124.31461123,54.26816629],[-124.30714483,54.27193764],[-124.30523904,54.28905792],[-124.29507755,54.2959326],[-124.27348274,54.28690172],[-124.23366633,54.29592926],[-124.23372749,54.31476174],[-124.26237883,54.33220788],[-124.26794472,54.33921218],[-124.26510288,54.34712957],[-124.28459431,54.35530158],[-124.27488489,54.36807374],[-124.28623451,54.37381557],[-124.28641849,54.38593652],[-124.27402419,54.39579101],[-124.2880656,54.41606786],[-124.25791788,54.42030138],[-124.26465733,54.42879394],[-124.22385769,54.43609357],[-124.13881529,54.42311284],[-124.12346301,54.41532633],[-124.11726239,54.42135177],[-124.1085076,54.4196858],[-124.09785722,54.40287097],[-124.08545977,54.39972045],[-124.04980248,54.40597563],[-124.0393528,54.40196259],[-124.02150127,54.41441617],[-124.02860266,54.42539286],[-124.01502798,54.4337045],[-123.96580076,54.43958156],[-123.95856874,54.45665677],[-123.93280438,54.45793291],[-123.9305799,54.46595402],[-123.91211414,54.47648843],[-123.87860832,54.48069413],[-123.8460444,54.49687325],[-123.84569803,54.50909665],[-123.83126114,54.51768191],[-123.8508807,54.52577298],[-123.84084419,54.53288034],[-123.84725783,54.54358156],[-123.81934917,54.55919915],[-123.8167912,54.56274848],[-123.82429031,54.56624465],[-123.81981616,54.57810841],[-123.78923876,54.58072626],[-123.79788399,54.58211654],[-123.79655039,54.58619658],[-123.78275967,54.59464475],[-123.80770746,54.603581],[-123.77749292,54.61391147],[-123.78465295,54.62871224],[-123.77589331,54.64215068],[-123.78220513,54.65936554],[-123.80871343,54.65874212],[-123.81271474,54.66642639],[-123.79750469,54.67382207],[-123.79232788,54.6904224],[-123.82982337,54.69810615],[-123.84764385,54.69521677],[-123.8606823,54.68356633],[-123.87050936,54.69651862],[-123.86371772,54.70111474],[-123.88562292,54.71815219],[-123.86792018,54.73731205],[-123.91033836,54.73732456],[-123.93277478,54.74518961],[-123.93208333,54.75965132],[-123.94350473,54.76562337],[-123.9242613,54.78329646],[-123.93839281,54.79688937],[-123.93393025,54.80535871],[-123.91770501,54.80689246],[-123.92215317,54.8177511],[-123.91601352,54.82909433],[-123.90657648,54.83172648],[-123.91462219,54.83985334],[-123.90290089,54.8435179],[-123.89705664,54.85431468],[-123.90098157,54.86920205],[-123.91918111,54.86162145],[-123.95942493,54.8629818],[-123.9760568,54.85655932],[-123.99879296,54.86535555],[-124.03089684,54.86003555],[-124.02916678,54.85184897],[-124.06688573,54.83356006],[-124.06509472,54.82269729],[-124.08400365,54.80710281],[-124.0777537,54.7973444],[-124.0928075,54.78624927],[-124.08249206,54.77266809],[-124.09366261,54.75684908],[-124.12059664,54.74065963],[-124.14182235,54.73875102],[-124.14186857,54.72100343],[-124.16737368,54.69112881],[-124.18366309,54.69482044],[-124.19775383,54.68698568],[-124.17980166,54.67659046],[-124.16941436,54.6595769],[-124.19397777,54.65235394],[-124.20956936,54.65798626],[-124.2187333,54.65080518],[-124.2452859,54.65266817],[-124.25409331,54.64455132],[-124.24939562,54.63488421],[-124.27331835,54.62994745],[-124.30947333,54.63645147],[-124.34227824,54.62600002],[-124.36923844,54.64613643],[-124.39745383,54.65372243],[-124.4869483,54.65904324],[-124.50900342,54.66984764],[-124.52896145,54.66282944],[-124.60188202,54.70342985],[-124.60405365,54.71087018],[-124.58797821,54.71686614],[-124.60107285,54.72819352],[-124.61329966,54.72579441],[-124.62979077,54.73261145],[-124.64372899,54.72692757],[-124.72010527,54.73136264],[-124.72959424,54.72044779],[-124.73780735,54.72236365],[-124.73539239,54.70735397],[-124.74375489,54.70521059],[-124.73155274,54.68864147],[-124.74290806,54.6679644],[-124.76027344,54.66730183],[-124.77606023,54.65799714],[-124.89065734,54.69327015],[-124.99819842,54.69392627],[-125,54.502077259170825],[-124.93302411,54.51559031],[-124.93802173,54.5267623],[-124.90356522,54.53568017],[-124.87051987,54.53138389],[-124.79177508,54.53491632],[-124.7808214,54.52391436],[-124.75519253,54.51855742],[-124.75591638,54.50613975],[-124.70239673,54.48843897],[-124.70818237,54.47859085],[-124.71697876,54.48149533],[-124.7165032,54.46330234],[-124.73909089,54.46225826],[-124.75563518,54.44985743],[-124.81935354,54.43351195],[-124.79830196,54.40871775],[-124.78101632,54.40560319],[-124.81961745,54.36704997],[-124.76732587,54.34700012],[-124.78393882,54.33624773],[-124.76746043,54.3303769],[-124.68442767,54.32385056],[-124.65689152,54.30262522],[-124.63570915,54.30193561],[-124.6257337,54.29506537],[-124.57988997,54.29513837],[-124.56521479,54.28837859],[-124.53178272,54.26711263],[-124.52915889,54.25393877],[-124.54225387,54.23251694]]]}},{"type":"Feature","id":"WHSE_BASEMAPPING.FWA_WATERSHED_GROUPS_POLY.177","properties":{"sourceLayer":"WHSE_BASEMAPPING.FWA_WATERSHED_GROUPS_POLY","boundaryCode":"SALR","boundaryName":"Salmon River","OBJECTID":114327,"WATERSHED_GROUP_ID":177,"WATERSHED_GROUP_CODE":"SALR","WATERSHED_GROUP_NAME":"Salmon River","AREA_HA":179431.961843544},"geometry":{"type":"Polygon","coordinates":[[[-123.92465523,54.37215429],[-123.91866992,54.3633201],[-123.8754557,54.37863272],[-123.83510164,54.37152674],[-123.83167235,54.36560457],[-123.84318474,54.35398252],[-123.82916904,54.34244155],[-123.81044387,54.33517587],[-123.75386816,54.33583617],[-123.74913219,54.3288463],[-123.73609674,54.32996909],[-123.7343581,54.32157223],[-123.7190375,54.31978009],[-123.69453697,54.32874049],[-123.6850235,54.3149639],[-123.67149979,54.31520171],[-123.65274534,54.32651819],[-123.62036983,54.31713516],[-123.59448322,54.32434871],[-123.58048369,54.31543129],[-123.55946471,54.31959298],[-123.5511264,54.31610123],[-123.54899996,54.3007102],[-123.50306103,54.28202161],[-123.46173038,54.29461675],[-123.44665245,54.31115669],[-123.4594196,54.3192165],[-123.45243929,54.32351395],[-123.43973173,54.32087866],[-123.3840389,54.33109482],[-123.36588919,54.32298459],[-123.32414685,54.32655713],[-123.33493141,54.34366677],[-123.34804806,54.3418861],[-123.35766056,54.34981188],[-123.34078428,54.36378224],[-123.32396698,54.35910117],[-123.32551984,54.35027433],[-123.31024119,54.33808864],[-123.28859652,54.33627196],[-123.28448685,54.34372432],[-123.25756146,54.35511792],[-123.24061635,54.3550041],[-123.24469712,54.36274204],[-123.22343444,54.37865498],[-123.20442403,54.38930773],[-123.18399954,54.39021635],[-123.17822462,54.40069219],[-123.21597763,54.40045989],[-123.22733251,54.41138262],[-123.29413498,54.40495427],[-123.3003944,54.41544007],[-123.31381301,54.41324101],[-123.32303852,54.40267353],[-123.33666518,54.41273909],[-123.34055653,54.42552616],[-123.43575081,54.44437335],[-123.44117061,54.45524532],[-123.43323989,54.46458587],[-123.43941426,54.46983812],[-123.41094713,54.47824141],[-123.42474539,54.48472955],[-123.41395587,54.48982281],[-123.40844319,54.50361302],[-123.4126857,54.5149415],[-123.42073267,54.51685402],[-123.41354713,54.52121063],[-123.41928263,54.53665787],[-123.45310413,54.53900739],[-123.4608073,54.55478278],[-123.48459502,54.55870312],[-123.46022044,54.57620541],[-123.4877524,54.57376692],[-123.51128003,54.58575355],[-123.50619691,54.59650457],[-123.5358981,54.61253461],[-123.52421126,54.61629746],[-123.53167366,54.62580924],[-123.5521557,54.63167503],[-123.54498653,54.64029119],[-123.56333638,54.65628514],[-123.56517907,54.66955045],[-123.59219022,54.66955625],[-123.6028565,54.67572271],[-123.60524996,54.66877275],[-123.62706285,54.67157365],[-123.63412739,54.68000571],[-123.6317964,54.68781567],[-123.64895926,54.68817334],[-123.64649685,54.70578317],[-123.67184015,54.70847628],[-123.67692972,54.73128306],[-123.69574393,54.73477437],[-123.68801914,54.74440062],[-123.70171272,54.753432],[-123.69201672,54.75482976],[-123.68467832,54.76879825],[-123.70519651,54.78133139],[-123.70293278,54.78976831],[-123.67769366,54.80473733],[-123.68121336,54.80773124],[-123.67163436,54.82867917],[-123.6754724,54.83945112],[-123.66537848,54.85183083],[-123.6701546,54.86349744],[-123.65915086,54.88128464],[-123.66600879,54.89543738],[-123.6533119,54.91730819],[-123.69644073,54.92407839],[-123.71057416,54.93480067],[-123.71186286,54.94296008],[-123.73431275,54.95159764],[-123.73163136,54.9552714],[-123.74995884,54.95442084],[-123.7619156,54.96490295],[-123.76379869,54.98073076],[-123.7932957,54.996097],[-123.81831596,54.99870019],[-123.81193536,55.03306317],[-123.81735883,55.03935848],[-123.82843379,55.03472184],[-123.83435455,55.04653537],[-123.85209014,55.04968668],[-123.88812212,55.03780034],[-123.90688571,55.02216582],[-123.95484056,55.00995038],[-123.976626,55.01227582],[-123.98688842,54.99919602],[-123.98569058,54.98540786],[-124.0131831,54.98029409],[-124.01568997,54.95703693],[-124.04574476,54.95259822],[-124.05545501,54.94005931],[-124.03459129,54.91716896],[-124.03575582,54.90601709],[-123.999456,54.89439528],[-123.99876786,54.88373931],[-124.01682485,54.8667627],[-123.97412144,54.856478],[-123.95825555,54.86294609],[-123.91879291,54.86167831],[-123.90040816,54.86887778],[-123.89769845,54.85383363],[-123.91942783,54.8361683],[-123.90680912,54.83423413],[-123.91959541,54.82299199],[-123.91770501,54.80689246],[-123.93393025,54.80535871],[-123.93799458,54.79887362],[-123.9242453,54.78191256],[-123.94617651,54.76755278],[-123.93365136,54.76295852],[-123.92979989,54.74206595],[-123.86792018,54.73731205],[-123.88810764,54.72008125],[-123.86381988,54.70397493],[-123.86926378,54.69849576],[-123.86208356,54.69284016],[-123.86279066,54.68472865],[-123.85435123,54.6851749],[-123.84693792,54.69559118],[-123.82898956,54.69830658],[-123.7910559,54.69043071],[-123.79750469,54.67382207],[-123.81259103,54.66333561],[-123.7795727,54.65547008],[-123.778762,54.61387635],[-123.8081972,54.60581358],[-123.80248601,54.59933478],[-123.78764472,54.59835177],[-123.78407964,54.59084357],[-123.79655039,54.58619658],[-123.79788399,54.58211654],[-123.78923876,54.58072626],[-123.81981616,54.57810841],[-123.82421193,54.56338121],[-123.81682631,54.56063622],[-123.84572623,54.54451898],[-123.84084419,54.53288034],[-123.8508807,54.52577298],[-123.83192206,54.51895159],[-123.84569803,54.50909665],[-123.84396658,54.49844561],[-123.87860832,54.48069413],[-123.91211414,54.47648843],[-123.9305799,54.46595402],[-123.93280438,54.45793291],[-123.96185826,54.45601747],[-123.96214111,54.4406713],[-124.01135055,54.43462512],[-124.02533886,54.42616959],[-124.02260251,54.41484125],[-123.99795894,54.40379174],[-123.96242741,54.40683935],[-123.95191128,54.39464148],[-123.93085382,54.38840939],[-123.92465523,54.37215429]]]}},{"type":"Feature","id":"WHSE_BASEMAPPING.FWA_WATERSHED_GROUPS_POLY.242","properties":{"sourceLayer":"WHSE_BASEMAPPING.FWA_WATERSHED_GROUPS_POLY","boundaryCode":"UTRE","boundaryName":"Upper Trembleur Lake","OBJECTID":114417,"WATERSHED_GROUP_ID":242,"WATERSHED_GROUP_CODE":"UTRE","WATERSHED_GROUP_NAME":"Upper Trembleur Lake","AREA_HA":147509.462812036},"geometry":{"type":"Polygon","coordinates":[[[-125,54.69329537090047],[-124.96317125,54.6917154],[-124.94749493,54.69940197],[-124.92538122,54.69616894],[-124.89977776,54.7021909],[-124.91022486,54.70981971],[-124.90326688,54.71438748],[-124.90180273,54.74530483],[-124.94067956,54.76401306],[-124.93885251,54.77099038],[-124.95923773,54.78337652],[-124.98014447,54.78559475],[-124.98492425,54.79268049],[-124.96318489,54.81731551],[-124.95225888,54.82315113],[-124.92980448,54.8223288],[-124.93237374,54.83892842],[-124.91095805,54.84169732],[-124.88140963,54.83674095],[-124.85731409,54.82483607],[-124.85260128,54.81359487],[-124.83393725,54.8124852],[-124.8139575,54.82566861],[-124.81833118,54.85146816],[-124.78789641,54.84776866],[-124.80337646,54.86322099],[-124.77565082,54.87138532],[-124.7987737,54.88513235],[-124.7969753,54.88886206],[-124.82683937,54.89999327],[-124.8478879,54.89416617],[-124.88779892,54.89926797],[-124.91834358,54.91482152],[-124.93462884,54.93338174],[-124.95670361,54.92875188],[-124.97145567,54.90993853],[-124.99781452,54.92145351],[-125,54.69329537090047]]]}},{"type":"Feature","id":"WHSE_BASEMAPPING.FWA_WATERSHED_GROUPS_POLY.126","properties":{"sourceLayer":"WHSE_BASEMAPPING.FWA_WATERSHED_GROUPS_POLY","boundaryCode":"LTRE","boundaryName":"Lower Trembleur Lake","OBJECTID":114473,"WATERSHED_GROUP_ID":126,"WATERSHED_GROUP_CODE":"LTRE","WATERSHED_GROUP_NAME":"Lower Trembleur Lake","AREA_HA":169723.131746212},"geometry":{"type":"Polygon","coordinates":[[[-124.53353827,54.92176426],[-124.54478155,54.93460201],[-124.57373738,54.93941442],[-124.6039322,54.93543064],[-124.61432847,54.92344317],[-124.62724723,54.9257495],[-124.64160874,54.91945963],[-124.66322801,54.93243367],[-124.69303348,54.92883542],[-124.70456923,54.94097457],[-124.72159986,54.94140963],[-124.74857864,54.95433063],[-124.77479785,54.95537576],[-124.78154654,54.96282693],[-124.79449434,54.95881362],[-124.79136067,54.95204097],[-124.80389043,54.94971652],[-124.8072761,54.93770318],[-124.81525575,54.93479097],[-124.84052313,54.93019353],[-124.85342305,54.93137266],[-124.85337377,54.94205041],[-124.87505603,54.93898471],[-124.87942564,54.93200394],[-124.86260873,54.91735452],[-124.80008228,54.88965395],[-124.77483425,54.86829037],[-124.79720643,54.8679044],[-124.80363838,54.86113785],[-124.78660106,54.85104043],[-124.78892243,54.84752785],[-124.81988944,54.84928765],[-124.81433892,54.82773219],[-124.83380921,54.81317024],[-124.85144505,54.81349568],[-124.85614225,54.82429074],[-124.88092531,54.83663261],[-124.91928329,54.84264258],[-124.93094737,54.83931566],[-124.92673006,54.83001179],[-124.93083989,54.82209761],[-124.95346417,54.8233954],[-124.96335411,54.81724059],[-124.98476895,54.79071055],[-124.93885251,54.77099038],[-124.94067956,54.76401306],[-124.89972879,54.74164209],[-124.90557509,54.73049453],[-124.90326067,54.71723692],[-124.90972671,54.71111092],[-124.89977776,54.7021909],[-124.95486871,54.6944923],[-124.89065734,54.69327015],[-124.83228593,54.67890959],[-124.81135355,54.66543419],[-124.77296856,54.6586222],[-124.76027344,54.66730183],[-124.74277219,54.66744704],[-124.73155274,54.68864147],[-124.74376587,54.70329593],[-124.7322518,54.71427389],[-124.73914087,54.72207787],[-124.73021817,54.72010931],[-124.72240722,54.73180633],[-124.64293817,54.72657278],[-124.62803742,54.73373055],[-124.61264617,54.72567528],[-124.60055288,54.727741],[-124.58781366,54.71556903],[-124.60519777,54.71036069],[-124.60069943,54.70256466],[-124.56926582,54.68996115],[-124.53097924,54.66339118],[-124.51003628,54.66949623],[-124.4869483,54.65904324],[-124.43496871,54.65745417],[-124.41070303,54.65017145],[-124.39745383,54.65372243],[-124.36606269,54.64443066],[-124.34111816,54.62599889],[-124.31282815,54.63622042],[-124.2666728,54.63095686],[-124.25178024,54.63584823],[-124.24901293,54.65323197],[-124.21660044,54.65060492],[-124.21313223,54.65801254],[-124.19697984,54.65224441],[-124.17093746,54.65881122],[-124.18229986,54.67817388],[-124.19779271,54.68830647],[-124.17901804,54.69515931],[-124.16706399,54.69114976],[-124.14189913,54.72209062],[-124.14220006,54.73665639],[-124.11752425,54.74197018],[-124.11722824,54.74708073],[-124.09245003,54.75753705],[-124.09072861,54.76608051],[-124.08245882,54.7695468],[-124.09214651,54.78672756],[-124.07803467,54.79588923],[-124.08649193,54.8041597],[-124.06471703,54.82273755],[-124.06698868,54.8345118],[-124.02883654,54.85281339],[-124.02925113,54.86073552],[-123.99713266,54.88597753],[-124.00185184,54.89634072],[-124.03077785,54.90123937],[-124.04130824,54.92615156],[-124.05269505,54.93134684],[-124.05472439,54.94329099],[-124.0419345,54.95400095],[-124.0138869,54.95826921],[-124.01295465,54.98049393],[-123.98521336,54.9857742],[-123.98634348,54.99964079],[-123.9783155,55.00901601],[-124.0039906,55.03547687],[-124.01268648,55.03462797],[-124.036081,55.02703288],[-124.04093415,55.01978997],[-124.06210997,55.02166799],[-124.08182695,55.01473613],[-124.10607627,54.99900061],[-124.14964739,54.99842891],[-124.16963635,54.98610582],[-124.1983873,54.99286187],[-124.21232117,55.01128218],[-124.28673838,55.01240726],[-124.29796925,55.02543721],[-124.36671759,55.03176449],[-124.42228711,55.01432842],[-124.42716604,54.99273057],[-124.39645587,54.98699259],[-124.3859338,54.97912618],[-124.34385581,54.97583972],[-124.34144195,54.96482996],[-124.35098798,54.95206112],[-124.34379322,54.94282098],[-124.35904159,54.92787622],[-124.38412679,54.92951545],[-124.39621352,54.92421042],[-124.39291437,54.92146218],[-124.40238126,54.9075216],[-124.41938172,54.90421852],[-124.46759582,54.91835435],[-124.52569056,54.90750081],[-124.53662782,54.91298226],[-124.53353827,54.92176426]]]}},{"type":"Feature","id":"WHSE_BASEMAPPING.FWA_WATERSHED_GROUPS_POLY.31","properties":{"sourceLayer":"WHSE_BASEMAPPING.FWA_WATERSHED_GROUPS_POLY","boundaryCode":"CLWR","boundaryName":"Clearwater River","OBJECTID":114398,"WATERSHED_GROUP_ID":31,"WATERSHED_GROUP_CODE":"CLWR","WATERSHED_GROUP_NAME":"Clearwater River","AREA_HA":311145.757520992},"geometry":{"type":"Polygon","coordinates":[[[-120,52.7459548098631],[-120.02518721,52.77194871],[-120.02217797,52.7801857],[-120.03650282,52.79460968],[-120.04630674,52.82131552],[-120.06584009,52.82372685],[-120.09549221,52.83946368],[-120.11062825,52.86338732],[-120.12939984,52.87434041],[-120.14612417,52.87420822],[-120.17320314,52.85820304],[-120.21142674,52.8766559],[-120.23103828,52.86169999],[-120.25943693,52.85235269],[-120.27673934,52.86421237],[-120.30880232,52.85894196],[-120.33347952,52.8316489],[-120.32374032,52.82949025],[-120.31912188,52.81839432],[-120.30234139,52.81612547],[-120.32320558,52.79005968],[-120.34471836,52.78495409],[-120.3350157,52.77799215],[-120.30019247,52.77744714],[-120.29371721,52.757613],[-120.27743936,52.75053185],[-120.297752,52.72620435],[-120.26975894,52.71511836],[-120.28713971,52.70556682],[-120.2626196,52.68255328],[-120.26891683,52.66840435],[-120.28731206,52.65601263],[-120.23890851,52.63897687],[-120.23523055,52.62443071],[-120.28590064,52.61116696],[-120.28493574,52.59092628],[-120.30099587,52.59170762],[-120.31268577,52.57189869],[-120.32673953,52.56894369],[-120.36527814,52.52770774],[-120.39915649,52.53307666],[-120.4375401,52.52203227],[-120.44831477,52.51537097],[-120.45138629,52.50506188],[-120.50333751049271,52.5],[-120.07995529682061,52.5],[-120.09093888,52.50529735],[-120.08131065,52.5229985],[-120.06620272,52.5269594],[-120.06417972,52.54985585],[-120.01013751,52.54301431],[-120.00674681,52.55988293],[-120.00238522,52.55978053],[-120,52.7459548098631]]]}},{"type":"Feature","id":"WHSE_BASEMAPPING.FWA_WATERSHED_GROUPS_POLY.145","properties":{"sourceLayer":"WHSE_BASEMAPPING.FWA_WATERSHED_GROUPS_POLY","boundaryCode":"MURT","boundaryName":"Murtle Lake","OBJECTID":114366,"WATERSHED_GROUP_ID":145,"WATERSHED_GROUP_CODE":"MURT","WATERSHED_GROUP_NAME":"Murtle Lake","AREA_HA":251585.722117335},"geometry":{"type":"Polygon","coordinates":[[[-120,52.5],[-120,52.559953960299204],[-120.01271156,52.54276058],[-120.06351051,52.55022995],[-120.06496316,52.52825065],[-120.08019857,52.52279718],[-120.09093888,52.50529735],[-120.07995529682061,52.5],[-120,52.5]]]}},{"type":"Feature","id":"WHSE_BASEMAPPING.FWA_WATERSHED_GROUPS_POLY.215","properties":{"sourceLayer":"WHSE_BASEMAPPING.FWA_WATERSHED_GROUPS_POLY","boundaryCode":"TWAC","boundaryName":"Twan Creek","OBJECTID":114556,"WATERSHED_GROUP_ID":215,"WATERSHED_GROUP_CODE":"TWAC","WATERSHED_GROUP_NAME":"Twan Creek","AREA_HA":203631.440932351},"geometry":{"type":"Polygon","coordinates":[[[-122.20554569944001,52.5],[-122.21651585,52.51233029],[-122.23216306,52.51498611],[-122.23571902,52.50000717],[-122.35330540960608,52.5],[-122.35501325,52.50793777],[-122.36778345,52.51188649],[-122.391247,52.53890545],[-122.36683144,52.56215804],[-122.37102772,52.56948646],[-122.36153111,52.58638221],[-122.37943877,52.58928234],[-122.39581478,52.58409975],[-122.40525386,52.59237555],[-122.45106111,52.60539869],[-122.51546398,52.60938156],[-122.57399854,52.58410958],[-122.56842792,52.56470965],[-122.57413059,52.54915633],[-122.56563485,52.53697671],[-122.57993742,52.52947056],[-122.5701078,52.52315111],[-122.58027693,52.51052138],[-122.57269658,52.50293545],[-122.20554569944001,52.5]]]}},{"type":"Feature","id":"WHSE_BASEMAPPING.FWA_WATERSHED_GROUPS_POLY.68","properties":{"sourceLayer":"WHSE_BASEMAPPING.FWA_WATERSHED_GROUPS_POLY","boundaryCode":"HORS","boundaryName":"Horsefly River","OBJECTID":114486,"WATERSHED_GROUP_ID":68,"WATERSHED_GROUP_CODE":"HORS","WATERSHED_GROUP_NAME":"Horsefly River","AREA_HA":276603.949960128},"geometry":{"type":"Polygon","coordinates":[]}},{"type":"Feature","id":"WHSE_BASEMAPPING.FWA_WATERSHED_GROUPS_POLY.171","properties":{"sourceLayer":"WHSE_BASEMAPPING.FWA_WATERSHED_GROUPS_POLY","boundaryCode":"QUES","boundaryName":"Quesnel River","OBJECTID":114324,"WATERSHED_GROUP_ID":171,"WATERSHED_GROUP_CODE":"QUES","WATERSHED_GROUP_NAME":"Quesnel River","AREA_HA":598448.595287384},"geometry":{"type":"Polygon","coordinates":[[[-120.22569488,52.86642414],[-120.21242095,52.87691307],[-120.17149671,52.85804347],[-120.14042452,52.87986228],[-120.15860159,52.89156161],[-120.1700797,52.90877583],[-120.16714044,52.92690965],[-120.18846436,52.9235697],[-120.20286242,52.93285228],[-120.23337558,52.91871865],[-120.26254752,52.92583834],[-120.30430209,52.92078678],[-120.33462013,52.92544277],[-120.37607002,52.96338037],[-120.42162386,52.95791259],[-120.4374181,52.97183221],[-120.43825089,52.99087309],[-120.45070653,52.99405832],[-120.46687876,52.98863938],[-120.49002629,52.99215283],[-120.50595519,52.98444954],[-120.53443204,52.98643755],[-120.53677219,52.97516547],[-120.53054064,52.96297817],[-120.53514457,52.95587137],[-120.57720347,52.95484035],[-120.59044354,52.94623385],[-120.59212557,52.93462372],[-120.57820173,52.91960017],[-120.59016225,52.90934116],[-120.66881933,52.93235932],[-120.69295075,52.92500187],[-120.69597501,52.91727092],[-120.68973586,52.91152099],[-120.6983154,52.90287588],[-120.74160073,52.89950802],[-120.79499799,52.90820125],[-120.81877491,52.89472875],[-120.84122378,52.90528622],[-120.90945091,52.88362826],[-120.92786063,52.85820014],[-120.92701113,52.84828595],[-120.90973265,52.83553597],[-120.91402872,52.82967831],[-120.90693939,52.82605598],[-120.90325902,52.80930797],[-120.88800825,52.81387181],[-120.84962402,52.8034536],[-120.86615767,52.79087644],[-120.90718096,52.78442923],[-120.90932957,52.77796936],[-120.93732753,52.76845122],[-120.95135351,52.75573884],[-120.9895123,52.75843297],[-121.0057044,52.75274518],[-120.99997375,52.7303323],[-121.01311473,52.71038579],[-121.05518831,52.71959729],[-121.07725525,52.71299806],[-121.09478633,52.71574772],[-121.09458141,52.70701198],[-121.10200162,52.70304588],[-121.1224525,52.70501115],[-121.10366018,52.67003288],[-121.10853479,52.6603613],[-121.13647608,52.66561038],[-121.14054749,52.67665058],[-121.15551494,52.68408641],[-121.15431772,52.69200994],[-121.16490168,52.69839315],[-121.16577906,52.70605817],[-121.21041499,52.72591234],[-121.21251775,52.73701797],[-121.22445865,52.7403772],[-121.23587217,52.73479034],[-121.24169669,52.71462619],[-121.27654731,52.71277036],[-121.28493378,52.70013384],[-121.2769493,52.6864117],[-121.27965081,52.67301541],[-121.22289401,52.65875713],[-121.23365085,52.65063421],[-121.22475516,52.64250515],[-121.22127682,52.62659563],[-121.25824718,52.61075128],[-121.26107106,52.59817225],[-121.2415103,52.57234146],[-121.28718295,52.55902787],[-121.37692881,52.54568199],[-121.48025971,52.59043801],[-121.50207211,52.61084344],[-121.49044319,52.62687928],[-121.50633724,52.62945433],[-121.52081035,52.65011391],[-121.5326724,52.65640508],[-121.55618153,52.64590502],[-121.55310718,52.63455417],[-121.56446597,52.62989731],[-121.5850752,52.64526463],[-121.62282368,52.65334247],[-121.63658053,52.6635411],[-121.66648935,52.66810101],[-121.67651443,52.66179413],[-121.68838389,52.67180973],[-121.71721744,52.67810103],[-121.67146048,52.68812588],[-121.67281526,52.69945015],[-121.66069228,52.70291002],[-121.67357726,52.71531795],[-121.69054801,52.71467048],[-121.72388695,52.73537338],[-121.75756874,52.74612904],[-121.76188118,52.75315155],[-121.80337404,52.75029195],[-121.86297547,52.76760119],[-121.87214239,52.76268412],[-121.8482191,52.73933021],[-121.86584223,52.73535653],[-121.91588631,52.74502159],[-121.93240156,52.73119458],[-121.95207048,52.72536153],[-121.98596313,52.73140995],[-121.98422035,52.71485001],[-121.99056525,52.71105038],[-122.00667001,52.72150717],[-122.01919462,52.74027207],[-122.05234795,52.75312481],[-122.03775251,52.77175772],[-122.07456671,52.7951461],[-122.08410076,52.82420392],[-122.08580476,52.84200826],[-122.06775415,52.85524198],[-122.08772768,52.88563127],[-122.10800602,52.8910284],[-122.10412775,52.89841887],[-122.12942809,52.92193864],[-122.12586854,52.93332359],[-122.15467383,52.94193744],[-122.17789714,52.95849768],[-122.18096402,52.9663669],[-122.1724873,52.97439895],[-122.18179658,52.98833451],[-122.23315525,53.00573023],[-122.25945224,53.00440161],[-122.26307347,53.015784],[-122.32545113,53.03912845],[-122.33767921,53.05482096],[-122.35583804,53.05629705],[-122.36676027,53.07401901],[-122.37392575,53.06882506],[-122.38564572,53.07169086],[-122.38877873,53.08338429],[-122.42153804,53.08957493],[-122.42923995,53.10509686],[-122.44703733,53.10532469],[-122.45315181,53.11499854],[-122.47363259,53.11211537],[-122.47127155,53.09686791],[-122.47759751,53.09121955],[-122.46879368,53.08275451],[-122.48055895,53.06050168],[-122.49317506,53.06187155],[-122.52364125,53.04535498],[-122.52063593,53.01730574],[-122.50757218,53.01427586],[-122.51030535,53.00268068],[-122.50268805,52.98877024],[-122.49159476,52.982982],[-122.49798746,52.97063643],[-122.48803507,52.95705777],[-122.47129563,52.9638955],[-122.45807651,52.9514363],[-122.44983861,52.95823356],[-122.44469808,52.95046061],[-122.44800256,52.92939531],[-122.43793953,52.9159745],[-122.42513568,52.91938626],[-122.39927519,52.90080547],[-122.38063713,52.90947873],[-122.34828675,52.89868181],[-122.3179941,52.85543168],[-122.30676643,52.84807092],[-122.30694183,52.81498325],[-122.29137361,52.79116394],[-122.29794531,52.78140797],[-122.28133742,52.75404695],[-122.26841814,52.74601482],[-122.28715809,52.72252213],[-122.28718185,52.71369904],[-122.25554028,52.69147889],[-122.25159557,52.67565943],[-122.23417753,52.66003916],[-122.23420758,52.64478304],[-122.24021993,52.6389961],[-122.22873954,52.61785787],[-122.2488414,52.61018353],[-122.24957327,52.60231172],[-122.21749538,52.58656097],[-122.20923577,52.5681659],[-122.23891566,52.53251698],[-122.23209718,52.51482086],[-122.21596297,52.51147354],[-122.20719326,52.50167451],[-120.49822687661164,52.5],[-120.45219629,52.50475959],[-120.4375401,52.52203227],[-120.40027039,52.53294228],[-120.36689855,52.5270484],[-120.32173657,52.5728143],[-120.31412167,52.57134677],[-120.30126275,52.58966004],[-120.28514012,52.58939922],[-120.2876978,52.6020646],[-120.28231481,52.6134078],[-120.23603253,52.62241408],[-120.23742957,52.63799813],[-120.28965216,52.65404287],[-120.2687517,52.66907499],[-120.2642623,52.67976254],[-120.28645262,52.70320002],[-120.26857463,52.71314667],[-120.29771702,52.72780723],[-120.27662356,52.74745566],[-120.29181236,52.75540032],[-120.29782253,52.77599433],[-120.34203535,52.7827678],[-120.3208862,52.79143409],[-120.31634389,52.80663243],[-120.30372773,52.8128328],[-120.33287047,52.83146536],[-120.30880232,52.85894196],[-120.27776422,52.86522005],[-120.260234,52.85361205],[-120.22569488,52.86642414]]]}},{"type":"Feature","id":"WHSE_BASEMAPPING.FWA_WATERSHED_GROUPS_POLY.149","properties":{"sourceLayer":"WHSE_BASEMAPPING.FWA_WATERSHED_GROUPS_POLY","boundaryCode":"NARC","boundaryName":"Narcosli Creek","OBJECTID":114375,"WATERSHED_GROUP_ID":149,"WATERSHED_GROUP_CODE":"NARC","WATERSHED_GROUP_NAME":"Narcosli Creek","AREA_HA":407006.407968819},"geometry":{"type":"Polygon","coordinates":[[[-122.36643426,52.58721765],[-122.35857023,52.57889534],[-122.37000848,52.57402911],[-122.36624054,52.56414771],[-122.3915451,52.53974008],[-122.37024094,52.51314925],[-122.35691648,52.51034454],[-122.35343934,52.50017152],[-122.23572207486795,52.5],[-122.2330518,52.52488128],[-122.23917926,52.53536762],[-122.23030112,52.53823408],[-122.23110601,52.54683208],[-122.20945064,52.57445057],[-122.21591324,52.58450971],[-122.24988419,52.60264733],[-122.24790877,52.61031346],[-122.22972028,52.61584144],[-122.23853561,52.63679867],[-122.23537023,52.66135643],[-122.25054719,52.67478875],[-122.25508636,52.69090967],[-122.28626177,52.7116208],[-122.288517,52.72029776],[-122.27023505,52.73617994],[-122.26832647,52.74883411],[-122.2806292,52.75396474],[-122.29772893,52.77898739],[-122.29130604,52.79258394],[-122.3071572,52.81512534],[-122.30744666,52.8493894],[-122.31891283,52.85598534],[-122.34868017,52.89888274],[-122.38195361,52.90950256],[-122.40283637,52.90274922],[-122.42120527,52.91781497],[-122.44156637,52.91856865],[-122.44972658,52.95650404],[-122.45403963,52.95917886],[-122.46112079,52.95120144],[-122.47129563,52.9638955],[-122.48613898,52.95640933],[-122.49609207,52.96841908],[-122.49508826,52.98626808],[-122.51235901,52.98529538],[-122.54437509,52.99585022],[-122.56878928,52.98749112],[-122.59921363,53.00514207],[-122.61916885,52.99718004],[-122.61085643,52.9826201],[-122.63110441,52.96620385],[-122.63886054,52.9734942],[-122.65598747,52.97332026],[-122.67674044,52.9881033],[-122.68462986,52.97868552],[-122.72153847,52.97136136],[-122.72958228,52.97464611],[-122.73367703,53.00730211],[-122.7441035,53.01333894],[-122.74152918,53.02398085],[-122.75288551,53.03055228],[-122.7798852,53.02922293],[-122.79373673,53.03874954],[-122.80184093,53.02881206],[-122.83581132,53.02261916],[-122.85996778,53.03095525],[-122.86556211,53.05039174],[-122.88804948,53.04822162],[-122.90386772,53.0568143],[-122.93379136,53.04173459],[-122.95846015,53.04792545],[-122.96274107,53.05987671],[-122.98673138,53.0710036],[-122.99211729,53.08271515],[-123.01831282,53.06971845],[-123.02740845,53.04840298],[-123.0355786,53.04879336],[-123.04063108,53.05975874],[-123.05285526,53.05044697],[-123.07764068,53.05393323],[-123.08131889,53.03969761],[-123.10217399,53.02692859],[-123.13344323,53.03049638],[-123.16122797,53.0509098],[-123.17913333,53.05489945],[-123.1812103,53.03232697],[-123.21114223,53.03509229],[-123.21864708,53.02500062],[-123.21898443,53.01506668],[-123.19861912,53.00128568],[-123.18711486,53.00117848],[-123.18268937,52.98239141],[-123.2033817,52.95880935],[-123.20421569,52.94624257],[-123.21836219,52.93211283],[-123.2227067,52.91670665],[-123.25218637,52.8907387],[-123.23641507,52.85498337],[-123.28796487,52.84323189],[-123.31480057,52.82707417],[-123.30893929,52.81049751],[-123.26017052,52.8100211],[-123.25845649,52.80201598],[-123.27000743,52.79497725],[-123.27074004,52.78637236],[-123.25866602,52.76982712],[-123.26047804,52.75885957],[-123.21355342,52.75591477],[-123.2237762,52.74217744],[-123.2158258,52.74099952],[-123.21665428,52.73282724],[-123.20434119,52.71845732],[-123.22209033,52.7148764],[-123.23501939,52.70367006],[-123.22500651,52.69630876],[-123.22762193,52.67505058],[-123.21484802,52.64719555],[-123.193778,52.63470183],[-123.16950838,52.63041584],[-123.17513995,52.61495381],[-123.16649109,52.60102174],[-123.11515356,52.59002201],[-123.10047229,52.59923519],[-123.06998774,52.5832818],[-123.07029776,52.54642222],[-123.08756829,52.54828366],[-123.08662913,52.53484709],[-123.11238352,52.52017349],[-123.10912113,52.508778],[-123.09840596,52.50210868],[-122.57456398052419,52.5],[-122.57878451,52.51284455],[-122.57142001,52.52159157],[-122.57854353,52.52417037],[-122.57845417,52.53196457],[-122.56597708,52.53549758],[-122.57335653,52.54296829],[-122.56826176,52.56560506],[-122.57401558,52.58539523],[-122.53867851,52.59634169],[-122.51979928,52.60892573],[-122.44779911,52.60463035],[-122.40220959,52.59152714],[-122.39948677,52.58373086],[-122.36643426,52.58721765]]]}},{"type":"Feature","id":"WHSE_BASEMAPPING.FWA_WATERSHED_GROUPS_POLY.153","properties":{"sourceLayer":"WHSE_BASEMAPPING.FWA_WATERSHED_GROUPS_POLY","boundaryCode":"NAZR","boundaryName":"Nazko River","OBJECTID":114404,"WATERSHED_GROUP_ID":153,"WATERSHED_GROUP_CODE":"NAZR","WATERSHED_GROUP_NAME":"Nazko River","AREA_HA":410696.407482343},"geometry":{"type":"Polygon","coordinates":[[[-123.09107451975055,52.5],[-123.10708582,52.50796175],[-123.11229863,52.51834957],[-123.10126772,52.53010067],[-123.08744106,52.53290962],[-123.08309127,52.54809209],[-123.07029776,52.54642222],[-123.0668414,52.58154853],[-123.1026416,52.59878084],[-123.11627507,52.58988906],[-123.17101515,52.60338867],[-123.17502251,52.61513278],[-123.17099948,52.63095409],[-123.18729621,52.63242879],[-123.21619595,52.64711418],[-123.22615386,52.66921092],[-123.22723803,52.69765899],[-123.23494052,52.70276422],[-123.22426095,52.71444679],[-123.20435079,52.72086359],[-123.21665428,52.73282724],[-123.21451143,52.74079214],[-123.2237762,52.74217744],[-123.21369265,52.7544242],[-123.26108956,52.75952347],[-123.25885213,52.77093945],[-123.27060186,52.78799983],[-123.26986952,52.79665864],[-123.25823583,52.80232711],[-123.26048186,52.81053883],[-123.31322128,52.81315624],[-123.30910259,52.8349132],[-123.23764466,52.85442356],[-123.25270647,52.8827658],[-123.25055791,52.89444587],[-123.23792765,52.89801475],[-123.22290412,52.91653447],[-123.2184616,52.93182898],[-123.20421569,52.94624257],[-123.20643908,52.95373599],[-123.18276196,52.97959258],[-123.18828896,53.00389145],[-123.19670752,53.00071853],[-123.22085814,53.01614395],[-123.21874586,53.02389474],[-123.20843024,53.03553955],[-123.17940208,53.03378899],[-123.18256849,53.05379153],[-123.21454316,53.06929274],[-123.22404728,53.09396392],[-123.26006278,53.09198494],[-123.27089072,53.08302141],[-123.27879856,53.08612844],[-123.2752584,53.10199683],[-123.29933038,53.10892442],[-123.31642066,53.10606857],[-123.33628239,53.13412663],[-123.35729149,53.14051974],[-123.38138468,53.1196528],[-123.40865171,53.11517555],[-123.42171849,53.10485518],[-123.42971805,53.11350227],[-123.44175634,53.1099244],[-123.4652892,53.11875618],[-123.49365324,53.11897057],[-123.4893359,53.12914033],[-123.49675931,53.13392788],[-123.53003096,53.11927063],[-123.58147604,53.12510032],[-123.59194685,53.10913551],[-123.58954598,53.10216466],[-123.62207078,53.07306212],[-123.62638439,53.06139812],[-123.64798832,53.05552914],[-123.65199028,53.06244917],[-123.68244326,53.03564044],[-123.71731105,53.04014582],[-123.74896513,53.03638687],[-123.75794415,53.04551236],[-123.78359957,53.03966472],[-123.77533347,53.0307973],[-123.78799584,53.01983155],[-123.78054258,52.99811975],[-123.73993774,52.98615643],[-123.71872116,52.96197254],[-123.7102249,52.96034853],[-123.70377616,52.94532317],[-123.71693778,52.92015418],[-123.70380554,52.90524778],[-123.71823021,52.89968169],[-123.73726535,52.8781194],[-123.72834127,52.86608315],[-123.74288452,52.85216668],[-123.74132434,52.80890709],[-123.79165203,52.79900576],[-123.80423853,52.78258632],[-123.80811329,52.76711116],[-123.79123336,52.76203571],[-123.78388905,52.74835669],[-123.79323634,52.73605909],[-123.82275963,52.74243469],[-123.83685298,52.73518398],[-123.89670305,52.74237917],[-123.91046842,52.75606513],[-123.9280198,52.75848231],[-123.94232332,52.77153007],[-123.95619257,52.76542469],[-123.97325187,52.7826359],[-123.99649333,52.79204843],[-124.0031906,52.78705941],[-124.02015978,52.79066561],[-124.03431214,52.77773213],[-124.05625121,52.7806854],[-124.06631991,52.76800907],[-124.10089833,52.77263784],[-124.1290852,52.7843569],[-124.12997738,52.79717146],[-124.13865043,52.80598586],[-124.1630216,52.80642579],[-124.18082296,52.78940926],[-124.20815332,52.80758216],[-124.23461342,52.80837967],[-124.24736505,52.79775165],[-124.24826033,52.77773277],[-124.26109479,52.76155723],[-124.24551707,52.73044528],[-124.23569872,52.72400198],[-124.21429187,52.7296813],[-124.18029146,52.72280534],[-124.16517936,52.73024596],[-124.1432074,52.72743008],[-124.12150466,52.70690665],[-124.10131077,52.70221621],[-124.09492967,52.69160979],[-124.06164613,52.68205117],[-124.05755326,52.68946281],[-124.04389176,52.68752113],[-124.00559025,52.67173866],[-123.98715021,52.63115557],[-123.97076323,52.62852994],[-123.96120228,52.61107474],[-123.95260759,52.61338277],[-123.950877,52.60553911],[-123.95711669,52.60138824],[-123.96189136,52.60814728],[-123.97881677,52.61151486],[-123.98653936,52.60194797],[-123.98189012,52.56527377],[-123.99468242,52.55473307],[-123.97925951,52.54792201],[-123.97382896,52.53511045],[-123.95328964,52.52497557],[-123.92723262,52.50048173],[-123.09107451975055,52.5]]]}},{"type":"Feature","id":"WHSE_BASEMAPPING.FWA_WATERSHED_GROUPS_POLY.23","properties":{"sourceLayer":"WHSE_BASEMAPPING.FWA_WATERSHED_GROUPS_POLY","boundaryCode":"CARR","boundaryName":"Cariboo River","OBJECTID":114459,"WATERSHED_GROUP_ID":23,"WATERSHED_GROUP_CODE":"CARR","WATERSHED_GROUP_NAME":"Cariboo River","AREA_HA":326411.798503986},"geometry":{"type":"Polygon","coordinates":[[[-121.36866022,53.02361463],[-121.39124322,53.01297201],[-121.38162518,52.98596014],[-121.38444791,52.97339394],[-121.37347014,52.96034289],[-121.3836238,52.95317216],[-121.37860555,52.93172139],[-121.38772507,52.92317166],[-121.41643862,52.91485009],[-121.41576945,52.89945142],[-121.42559004,52.89221779],[-121.42407038,52.88024522],[-121.45925256,52.86783553],[-121.4769064,52.84491574],[-121.48998919,52.85891926],[-121.52810802,52.87065298],[-121.56209134,52.86829734],[-121.57666531,52.86034962],[-121.61143583,52.86034181],[-121.61687056,52.85412099],[-121.61502235,52.83903458],[-121.6281013,52.82739707],[-121.59394139,52.80741914],[-121.62242518,52.79239457],[-121.62220986,52.78554534],[-121.60353791,52.77219893],[-121.60610911,52.75997712],[-121.59704874,52.7501016],[-121.59979739,52.73476926],[-121.61958097,52.7312112],[-121.67869406,52.74505564],[-121.67596278,52.73763003],[-121.69842391,52.72434204],[-121.68637469,52.71314088],[-121.66941533,52.71289083],[-121.66183632,52.7036262],[-121.67376069,52.69657777],[-121.66800981,52.69104405],[-121.7205446,52.67813699],[-121.68776093,52.6715401],[-121.67984308,52.6625565],[-121.66894419,52.6684283],[-121.63955159,52.66458419],[-121.62179227,52.65307575],[-121.5866214,52.64636196],[-121.56237353,52.62987193],[-121.55216142,52.63708999],[-121.55415216,52.64767841],[-121.53379334,52.65604434],[-121.5217702,52.65087512],[-121.50346726,52.62743814],[-121.49044319,52.62687928],[-121.50207211,52.61084344],[-121.48025971,52.59043801],[-121.37792012,52.54626202],[-121.23972955,52.57029598],[-121.26148544,52.59926726],[-121.25465936,52.61311107],[-121.22314813,52.6240083],[-121.22492473,52.64342778],[-121.23314414,52.65085742],[-121.22560279,52.66014639],[-121.28192616,52.6749635],[-121.27644668,52.68919759],[-121.28468404,52.70184749],[-121.27399802,52.71284416],[-121.24085726,52.71476058],[-121.23810718,52.73230011],[-121.22373837,52.74011766],[-121.21579673,52.73797545],[-121.20205914,52.72083785],[-121.18231396,52.71708518],[-121.16531851,52.70574534],[-121.1555756,52.68440205],[-121.14147412,52.67665912],[-121.13654202,52.66579824],[-121.10889019,52.66023511],[-121.10335524,52.66956046],[-121.1224525,52.70501115],[-121.10200162,52.70304588],[-121.09458141,52.70701198],[-121.09501293,52.71526683],[-121.07842772,52.71282027],[-121.05661574,52.72090744],[-121.01132312,52.71201913],[-121.00068484,52.72849508],[-121.00579375,52.75230311],[-120.9901764,52.7578508],[-120.94928211,52.7566831],[-120.94142592,52.76614073],[-120.90932957,52.77796936],[-120.90753599,52.78444748],[-120.86615767,52.79087644],[-120.84902285,52.80477842],[-120.88894279,52.81387945],[-120.90554123,52.81080787],[-120.90366191,52.8190587],[-120.91316848,52.82880201],[-120.90916984,52.83447706],[-120.92748362,52.85011043],[-120.92703632,52.86195408],[-120.90719437,52.87863434],[-120.90880123,52.88508239],[-120.838309,52.90641505],[-120.82019904,52.89538429],[-120.80780737,52.8969904],[-120.80514568,52.90483865],[-120.79296599,52.90874295],[-120.74492395,52.89806261],[-120.72817534,52.90430513],[-120.69787501,52.90304817],[-120.69004649,52.91183275],[-120.6963663,52.91774606],[-120.69262572,52.92514541],[-120.66779829,52.93142213],[-120.58838333,52.91030612],[-120.57767767,52.92125895],[-120.5925327,52.93515349],[-120.59272557,52.94320497],[-120.57533238,52.95469327],[-120.54991976,52.95920723],[-120.53702631,52.9543748],[-120.53054064,52.96297817],[-120.53677219,52.97516547],[-120.53274285,52.9884506],[-120.50864803,52.98437415],[-120.44960706,52.99428252],[-120.44926053,53.00847126],[-120.47871517,53.0157397],[-120.48207741,53.04524308],[-120.4570258,53.06931147],[-120.43097357,53.06682727],[-120.41401402,53.07307471],[-120.42074803,53.0833038],[-120.42132829,53.10764225],[-120.46525077,53.11809639],[-120.45466873,53.13133709],[-120.47892893,53.16348013],[-120.52815304,53.1688663],[-120.54049731,53.17232994],[-120.55384493,53.1881152],[-120.59620157,53.19297894],[-120.61586015,53.20785015],[-120.6697116,53.23001826],[-120.67492455,53.24165578],[-120.70711419,53.26080122],[-120.73444069,53.26131484],[-120.7664025,53.25045465],[-120.7913147,53.25690695],[-120.80813389,53.26957097],[-120.80947177,53.28417278],[-120.86382815,53.28473062],[-120.8821661,53.29888856],[-120.9031541,53.29812368],[-120.91674162,53.30601591],[-120.94049632,53.29834598],[-120.93207271,53.29005465],[-120.93812316,53.280009],[-120.97627509,53.2773632],[-120.9812057,53.28731848],[-120.97843494,53.3034186],[-121.01463224,53.32808532],[-121.00367618,53.34559073],[-120.99754246,53.37615638],[-121.0115203,53.39208936],[-121.00123402,53.40807429],[-121.00376434,53.42051036],[-121.02215793,53.42794982],[-121.04940801,53.4097642],[-121.04941955,53.39672542],[-121.08617665,53.38907634],[-121.1099567,53.39747457],[-121.12052953,53.37911463],[-121.11983178,53.36306302],[-121.15062672,53.35729007],[-121.15885684,53.33090813],[-121.2170556,53.29516015],[-121.20093844,53.28697968],[-121.19440593,53.27633934],[-121.19809875,53.25546482],[-121.17584502,53.23646835],[-121.13326138,53.24016924],[-121.10634538,53.2492295],[-121.06610807,53.22940161],[-120.99742107,53.22920102],[-120.98241795,53.20870691],[-120.99282448,53.20201384],[-120.98754674,53.19130078],[-120.95751073,53.19081346],[-120.93005367,53.17744162],[-120.92586381,53.1523792],[-120.91467698,53.1354997],[-120.91774781,53.12785426],[-120.93351241,53.12152671],[-120.96648884,53.1288768],[-121.05741167,53.11440997],[-121.10213512,53.11995054],[-121.13457747,53.09906282],[-121.14733552,53.09520039],[-121.15487036,53.09933724],[-121.161216,53.09294128],[-121.17466383,53.09506631],[-121.2029903,53.11887275],[-121.20180189,53.11046768],[-121.23132822,53.08600253],[-121.23472131,53.05818535],[-121.22821966,53.04679656],[-121.24959143,53.03854305],[-121.2631859,53.02165336],[-121.29730685,53.03604014],[-121.33702812,53.02481973],[-121.36866022,53.02361463]]]}},{"type":"Feature","id":"WHSE_BASEMAPPING.FWA_WATERSHED_GROUPS_POLY.222","properties":{"sourceLayer":"WHSE_BASEMAPPING.FWA_WATERSHED_GROUPS_POLY","boundaryCode":"UFRA","boundaryName":"Upper Fraser River","OBJECTID":114381,"WATERSHED_GROUP_ID":222,"WATERSHED_GROUP_CODE":"UFRA","WATERSHED_GROUP_NAME":"Upper Fraser River","AREA_HA":676091.33564353},"geometry":{"type":"Polygon","coordinates":[[[-120,53.41996243534097],[-120.01392667,53.39840583],[-120.01101529,53.39121997],[-120.02081453,53.37261711],[-120.02176519,53.35411657],[-120.04936936,53.34615217],[-120.07257482,53.32980065],[-120.04900803,53.29736869],[-120.05213758,53.27852616],[-120.04488722,53.27483852],[-120.05870588,53.26525084],[-120.07618571,53.263445],[-120.07623491,53.24685529],[-120.08536238,53.24028075],[-120.07944863,53.23271918],[-120.08317631,53.22482329],[-120.09593315,53.2272043],[-120.14619067,53.20881506],[-120.16146057,53.20085923],[-120.17916275,53.17903619],[-120.22411243,53.16634985],[-120.240034,53.1711562],[-120.25164089,53.15939035],[-120.26197618,53.1326433],[-120.31264224,53.09550434],[-120.35689083,53.08403295],[-120.37753816,53.087826],[-120.3986676,53.07056698],[-120.45820009,53.06922867],[-120.48265527,53.04070548],[-120.47845749,53.01490299],[-120.44551877,53.0054975],[-120.45070653,52.99405832],[-120.43825089,52.99087309],[-120.4374181,52.97183221],[-120.4248821,52.96029721],[-120.41364382,52.95689387],[-120.37607002,52.96338037],[-120.33513382,52.92601581],[-120.30489861,52.92076434],[-120.26273048,52.92600442],[-120.23337558,52.91871865],[-120.21940846,52.92052857],[-120.20455594,52.93351563],[-120.18611112,52.92350296],[-120.16448343,52.92640359],[-120.16984495,52.91077857],[-120.16103681,52.89284887],[-120.10975784,52.86262272],[-120.09504989,52.8390202],[-120.06529675,52.82363847],[-120.04559814,52.82084423],[-120.03996433,52.80065348],[-120.02272336,52.78182714],[-120.02268836,52.77032418],[-120.00044363,52.74625603],[-120,53.41996243534097]]]}},{"type":"Feature","id":"WHSE_BASEMAPPING.FWA_WATERSHED_GROUPS_POLY.35","properties":{"sourceLayer":"WHSE_BASEMAPPING.FWA_WATERSHED_GROUPS_POLY","boundaryCode":"COTR","boundaryName":"Cottonwood River","OBJECTID":114337,"WATERSHED_GROUP_ID":35,"WATERSHED_GROUP_CODE":"COTR","WATERSHED_GROUP_NAME":"Cottonwood River","AREA_HA":467157.26852831},"geometry":{"type":"Polygon","coordinates":[[[-121.5158773,53.00519813],[-121.53605433,52.99867862],[-121.55642311,53.00498708],[-121.55739419,53.01584205],[-121.58053762,53.01931607],[-121.5928443,53.03075794],[-121.63429896,53.03125517],[-121.63893377,53.0332991],[-121.62812399,53.04026808],[-121.63107554,53.04864188],[-121.65224019,53.05517958],[-121.67431597,53.05276959],[-121.68227802,53.06228856],[-121.71920879,53.07300633],[-121.7237426,53.07987241],[-121.74530907,53.07975415],[-121.75977101,53.09312788],[-121.77681554,53.09096591],[-121.79784132,53.09793452],[-121.84141215,53.09284789],[-121.84441197,53.10065822],[-121.87395272,53.11642171],[-121.91610456,53.10311563],[-121.92610864,53.083344],[-121.9430267,53.0855631],[-121.95199555,53.0942256],[-121.98561444,53.0888324],[-121.99346942,53.09953986],[-122.00953816,53.10628204],[-122.0161911,53.12698639],[-122.00931867,53.14355916],[-121.98809912,53.14662398],[-121.99807701,53.16554451],[-121.99339228,53.18483255],[-122.00652574,53.19481329],[-122.01534099,53.19349709],[-122.0409506,53.21442274],[-122.00801204,53.2250933],[-122.00503392,53.23208025],[-122.04984421,53.26284805],[-122.03075739,53.28183282],[-122.04303313,53.29296189],[-122.03748114,53.31301736],[-122.06017949,53.3175152],[-122.06460903,53.32501811],[-122.05840706,53.33142862],[-122.06861217,53.34856333],[-122.05665042,53.35311582],[-122.06659696,53.37960334],[-122.05369136,53.39557841],[-122.05962371,53.42800422],[-122.06874715,53.43086233],[-122.07484177,53.44201124],[-122.1345765,53.42377065],[-122.17331691,53.42588484],[-122.16313836,53.46009813],[-122.17103934,53.47512288],[-122.19386093,53.4896174],[-122.20730631,53.48777371],[-122.21496367,53.49261835],[-122.21572384,53.50318554],[-122.2626851,53.50135083],[-122.27598336,53.52607059],[-122.32318046,53.55472468],[-122.35895848,53.52694672],[-122.37573283,53.53941302],[-122.37839865,53.5516626],[-122.38949566,53.55776019],[-122.38813244,53.56644533],[-122.39935705,53.57456509],[-122.43069732,53.58483659],[-122.44848816,53.58359259],[-122.46634743,53.57203625],[-122.47606689,53.57902146],[-122.50331224,53.5799067],[-122.51532096,53.56412493],[-122.53626729,53.55786696],[-122.56302063,53.56280758],[-122.56370961,53.52225115],[-122.5754039,53.5214653],[-122.58450208,53.52869921],[-122.589363,53.51432407],[-122.60091354,53.50804412],[-122.61660942,53.54080834],[-122.6704185,53.54327082],[-122.67277647,53.55191339],[-122.68927299,53.556212],[-122.69341704,53.56765322],[-122.75612335,53.56285375],[-122.76650767,53.55701391],[-122.77512508,53.54037152],[-122.80506335,53.55463805],[-122.81426721,53.56935804],[-122.82268284,53.57061722],[-122.8271812,53.55908446],[-122.83014632,53.56717044],[-122.84239433,53.55841434],[-122.85270828,53.53674097],[-122.88670064,53.53571835],[-122.89106807,53.5238744],[-122.88402859,53.5153775],[-122.88928093,53.50157789],[-122.90080893,53.49736333],[-122.90600893,53.46966935],[-122.91415294,53.45856941],[-122.92226514,53.46187977],[-122.92733208,53.45120138],[-122.94157867,53.45868783],[-122.95656811,53.44510324],[-122.95573306,53.43247971],[-122.94698212,53.42515029],[-122.95086099,53.41538114],[-122.96247388,53.41023265],[-122.94646765,53.40075045],[-122.94409115,53.3804296],[-122.95128814,53.37616631],[-122.92158767,53.36604374],[-122.89735266,53.31787174],[-122.87496492,53.3078936],[-122.88114036,53.29448337],[-122.89796593,53.29990333],[-122.91469433,53.26334919],[-122.90242757,53.25813513],[-122.89146564,53.24192738],[-122.89172545,53.23398127],[-122.90456914,53.22388052],[-122.88367707,53.19641719],[-122.89802116,53.18635051],[-122.89710239,53.17838832],[-122.88459145,53.16806628],[-122.86298386,53.16550843],[-122.86336777,53.14824062],[-122.85438601,53.13955539],[-122.88197019,53.12274077],[-122.87566734,53.1002635],[-122.88627234,53.08673324],[-122.90004114,53.08560395],[-122.90990245,53.06782197],[-122.90536586,53.06689954],[-122.90805756,53.05813006],[-122.88568256,53.04759811],[-122.86767189,53.05157472],[-122.86100081,53.03173155],[-122.83581132,53.02261916],[-122.8183687,53.02250092],[-122.78858437,53.03712241],[-122.77879979,53.02861862],[-122.75214632,53.03030503],[-122.7405233,53.02375892],[-122.74109755,53.0091913],[-122.73272178,53.00753369],[-122.72748348,52.97317303],[-122.68576098,52.97674078],[-122.67960392,52.98698736],[-122.63110441,52.96620385],[-122.61085643,52.9826201],[-122.61942443,52.99635682],[-122.60903563,53.00446759],[-122.59638031,53.00480287],[-122.56875089,52.98835398],[-122.54493465,52.99522111],[-122.50344568,52.98622908],[-122.51009362,53.0014922],[-122.50757218,53.01427586],[-122.52162569,53.0212641],[-122.52364125,53.04535498],[-122.49361407,53.06133705],[-122.48055895,53.06050168],[-122.46828129,53.08112414],[-122.47928666,53.08846121],[-122.47249006,53.09438426],[-122.47391132,53.11008801],[-122.44891009,53.11410701],[-122.44696733,53.10612443],[-122.42923995,53.10509686],[-122.42153804,53.08957493],[-122.39732131,53.08853385],[-122.38564572,53.07169086],[-122.37392575,53.06882506],[-122.36676027,53.07401901],[-122.35651841,53.0565874],[-122.33437741,53.05317543],[-122.32545113,53.03912845],[-122.25538477,53.01127425],[-122.26043306,53.00456354],[-122.23045616,53.00582066],[-122.17980453,52.98689042],[-122.17234197,52.97187183],[-122.17963839,52.96735162],[-122.17845853,52.95942351],[-122.15171382,52.94127608],[-122.12811427,52.93558953],[-122.12831347,52.91966903],[-122.10524874,52.90005149],[-122.10396792,52.89031078],[-122.08772768,52.88563127],[-122.06775415,52.85524198],[-122.08642977,52.84406278],[-122.0844821,52.8248901],[-122.07379755,52.79481645],[-122.03922561,52.774197],[-122.03855354,52.76612441],[-122.05152754,52.75246797],[-122.04159272,52.74403626],[-122.01848681,52.73990961],[-122.00545804,52.72112343],[-121.98932632,52.71071318],[-121.98285213,52.72148207],[-121.98590849,52.72993509],[-121.97336479,52.73302967],[-121.95066607,52.72560684],[-121.93305938,52.73073899],[-121.91878012,52.74422091],[-121.86540757,52.73498377],[-121.84811628,52.73861099],[-121.87230379,52.76223714],[-121.86010134,52.76805308],[-121.80157208,52.74990715],[-121.76140026,52.75286783],[-121.75709391,52.74560984],[-121.69966187,52.72354449],[-121.6755485,52.73674633],[-121.67898967,52.74426179],[-121.67392319,52.74490949],[-121.64453243,52.74055847],[-121.63781943,52.7339904],[-121.59979739,52.73476926],[-121.5965011,52.74952072],[-121.60662203,52.75876544],[-121.60295264,52.77108421],[-121.62157506,52.78467388],[-121.62247468,52.79181875],[-121.59608668,52.80202629],[-121.59390022,52.80987005],[-121.627889,52.82659747],[-121.61502235,52.83903458],[-121.61460363,52.85788849],[-121.59910021,52.86434146],[-121.57350362,52.86068328],[-121.5633306,52.86821145],[-121.52810802,52.87065298],[-121.51600908,52.86218123],[-121.49187378,52.86006702],[-121.47757672,52.84485541],[-121.44535497,52.87636818],[-121.42398224,52.87693854],[-121.42639521,52.88909576],[-121.41553492,52.90021948],[-121.41652918,52.91223207],[-121.40175024,52.91934642],[-121.42356059,52.93934196],[-121.45126029,52.94581572],[-121.46825845,52.95982831],[-121.51101256,52.97534353],[-121.51174197,52.98748955],[-121.50272712,53.0007449],[-121.5158773,53.00519813]]]}},{"type":"Feature","id":"WHSE_BASEMAPPING.FWA_WATERSHED_GROUPS_POLY.15","properties":{"sourceLayer":"WHSE_BASEMAPPING.FWA_WATERSHED_GROUPS_POLY","boundaryCode":"BOWR","boundaryName":"Bowron","OBJECTID":114415,"WATERSHED_GROUP_ID":15,"WATERSHED_GROUP_CODE":"BOWR","WATERSHED_GROUP_NAME":"Bowron","AREA_HA":362142.799024125},"geometry":{"type":"Polygon","coordinates":[[[-121.60631309,53.71623182],[-121.59338678,53.72571312],[-121.58051829,53.72540455],[-121.56362924,53.74171536],[-121.56562164,53.75593308],[-121.59608991,53.78251098],[-121.6169115,53.77884676],[-121.63810464,53.78379962],[-121.66160043,53.79917467],[-121.6797348,53.78672227],[-121.74367382,53.78620177],[-121.75512253,53.78060825],[-121.76283312,53.78969991],[-121.75991735,53.8007171],[-121.7700205,53.81159277],[-121.7946185,53.82800335],[-121.81935186,53.82695496],[-121.82616381,53.83233623],[-121.82485568,53.8482314],[-121.84887179,53.86313874],[-121.83569009,53.87874376],[-121.85504815,53.89998134],[-121.82589581,53.90959627],[-121.81486636,53.91649306],[-121.81796018,53.92375639],[-121.81346899,53.92532107],[-121.81770091,53.94155129],[-121.84054748,53.94489303],[-121.87103107,53.96480535],[-121.83332245,53.97319992],[-121.85246768,53.98403767],[-121.82463523,53.98806318],[-121.81286128,54.00143922],[-121.81320748,54.00964914],[-121.82482142,54.01069805],[-121.81485102,54.0339702],[-121.83856329,54.04220728],[-121.82420252,54.05104118],[-121.82536539,54.05797329],[-121.87183909,54.05975779],[-121.88171884,54.06393976],[-121.87602753,54.0692977],[-121.88159367,54.07428418],[-121.90732587,54.06816093],[-121.93203641,54.0740325],[-121.96392555,54.06820234],[-121.96636713,54.07326277],[-121.95674065,54.08110732],[-121.97239779,54.09393346],[-121.9861425,54.09400512],[-122.00143544,54.08627732],[-121.9959889,54.080111],[-121.99936482,54.06685752],[-122.02097767,54.06076758],[-122.12863644,54.06995165],[-122.16700579,54.0462731],[-122.19569031,54.04161476],[-122.19547492,54.02614474],[-122.22024067,54.01355272],[-122.2202733,54.00346322],[-122.25702537,54.00143198],[-122.22640295,53.98309666],[-122.23130023,53.97221641],[-122.21562473,53.96911305],[-122.20699887,53.93845143],[-122.20045438,53.92937482],[-122.19350735,53.93316538],[-122.19172785,53.9159508],[-122.18030519,53.90369418],[-122.11717722,53.89244256],[-122.1167022,53.88001009],[-122.10130395,53.85422477],[-122.14261216,53.82456747],[-122.14435841,53.81392258],[-122.09848529,53.80356035],[-122.08285965,53.8085294],[-122.08020999,53.80045536],[-122.03339351,53.7973726],[-122.01499215,53.78570843],[-122.00950204,53.77456222],[-122.01484848,53.75555328],[-121.97700307,53.73344857],[-121.96942897,53.7110366],[-121.99044799,53.69569194],[-121.99531704,53.6765208],[-121.95710755,53.66479629],[-121.90653591,53.66675419],[-121.87715703,53.63715135],[-121.87126969,53.62255479],[-121.81414214,53.598474],[-121.81867454,53.58888352],[-121.83337061,53.58171959],[-121.80794534,53.56033549],[-121.80261309,53.5465288],[-121.80792336,53.54017257],[-121.79321131,53.51464845],[-121.80773763,53.50864558],[-121.78085649,53.48935115],[-121.78784897,53.4774146],[-121.78235777,53.47044],[-121.77264619,53.4618757],[-121.74407795,53.45496662],[-121.70999673,53.46657834],[-121.69287226,53.44551679],[-121.67412163,53.43415222],[-121.67696673,53.40544639],[-121.63211009,53.39411349],[-121.62556427,53.36938384],[-121.64323977,53.35342277],[-121.60187813,53.32835457],[-121.63582785,53.31544689],[-121.67498071,53.32360432],[-121.70664313,53.31118156],[-121.7330336,53.30967786],[-121.73401048,53.30005238],[-121.75321829,53.29140796],[-121.76423032,53.26749938],[-121.71445734,53.24752242],[-121.66711669,53.25698109],[-121.61623776,53.24812176],[-121.58668584,53.25419377],[-121.54781579,53.23841083],[-121.53943987,53.2238677],[-121.55226357,53.21362286],[-121.5438318,53.20602251],[-121.5451255,53.19386194],[-121.53459388,53.18898116],[-121.52851872,53.16896647],[-121.53592299,53.15743065],[-121.56241582,53.14251837],[-121.53495046,53.13503651],[-121.52874522,53.11208226],[-121.49990123,53.09785946],[-121.49638755,53.09035129],[-121.50440718,53.08847452],[-121.50643429,53.07665096],[-121.49116162,53.0695528],[-121.49518745,53.06234871],[-121.47730462,53.0454453],[-121.48198651,53.02173492],[-121.51315391,53.00662252],[-121.50112681,53.00291836],[-121.5107858,52.98987798],[-121.50880288,52.97463556],[-121.46825845,52.95982831],[-121.45126029,52.94581572],[-121.42528945,52.94004416],[-121.40300785,52.92132626],[-121.38920079,52.92246744],[-121.37773778,52.93463447],[-121.38403521,52.95092115],[-121.37416535,52.95993584],[-121.38435812,52.97300613],[-121.38138925,52.98505388],[-121.39049371,53.01477493],[-121.29922763,53.03595474],[-121.26121954,53.02292726],[-121.25254165,53.03747361],[-121.23049331,53.04640786],[-121.23505988,53.05870483],[-121.23086399,53.08676282],[-121.20062878,53.11112923],[-121.20440272,53.11904691],[-121.18837438,53.11178244],[-121.17303154,53.09340498],[-121.15894684,53.09303506],[-121.15489498,53.09876223],[-121.13538402,53.09871884],[-121.10282504,53.11963088],[-121.0579823,53.11434735],[-120.96648884,53.1288768],[-120.93351241,53.12152671],[-120.91757141,53.12655649],[-120.91635815,53.13772891],[-120.92916664,53.15833468],[-120.92338705,53.1643388],[-120.92857004,53.1754838],[-120.95885493,53.19119313],[-120.98801591,53.19140461],[-120.9926722,53.20238888],[-120.98252036,53.20907726],[-120.99859788,53.22945455],[-121.06763874,53.22956929],[-121.10728246,53.24984674],[-121.13544658,53.23988879],[-121.17851675,53.23742324],[-121.19714666,53.25338865],[-121.19414614,53.27443746],[-121.19851918,53.28180172],[-121.2170556,53.29516015],[-121.15597173,53.33199035],[-121.15868069,53.34406115],[-121.1493,53.35819849],[-121.11888504,53.36317397],[-121.11983481,53.37948827],[-121.10947611,53.39745796],[-121.08540393,53.38886916],[-121.04860828,53.39670417],[-121.04984725,53.40772758],[-121.00822865,53.4302146],[-121.01042334,53.43844438],[-121.03589797,53.45379896],[-121.01311515,53.4827035],[-121.01770922,53.49763173],[-121.01398851,53.51948814],[-121.04595346,53.5299821],[-121.10710069,53.51356824],[-121.11859851,53.51924771],[-121.12664505,53.53756094],[-121.1837006,53.56338842],[-121.22248448,53.56143605],[-121.23374477,53.54993408],[-121.24982577,53.55385037],[-121.26404892,53.56854926],[-121.27228369,53.56712926],[-121.32066985,53.5905524],[-121.31486323,53.59610727],[-121.32191073,53.6006712],[-121.3235135,53.61260795],[-121.35370971,53.60134472],[-121.37127074,53.60197662],[-121.39003967,53.61435157],[-121.38047505,53.62488112],[-121.39203052,53.64324371],[-121.40563096,53.65032656],[-121.44738447,53.63941386],[-121.45078543,53.61843161],[-121.48370829,53.59584633],[-121.49622837,53.59703914],[-121.53002188,53.61462185],[-121.53891076,53.63720007],[-121.55090725,53.64882026],[-121.5485763,53.66118027],[-121.55515458,53.66708389],[-121.57470965,53.67654123],[-121.60865294,53.67486691],[-121.62370202,53.68212129],[-121.62867545,53.69635424],[-121.60631309,53.71623182]]]}},{"type":"Feature","id":"WHSE_BASEMAPPING.FWA_WATERSHED_GROUPS_POLY.244","properties":{"sourceLayer":"WHSE_BASEMAPPING.FWA_WATERSHED_GROUPS_POLY","boundaryCode":"WILL","boundaryName":"Willow River","OBJECTID":114356,"WATERSHED_GROUP_ID":244,"WATERSHED_GROUP_CODE":"WILL","WATERSHED_GROUP_NAME":"Willow River","AREA_HA":318127.484857359},"geometry":{"type":"Polygon","coordinates":[[[-121.59830836,53.03011225],[-121.58996315,53.0297329],[-121.58401561,53.01938849],[-121.55624653,53.01568628],[-121.5529591,53.00383918],[-121.53705639,52.99891371],[-121.48614225,53.0171669],[-121.47701649,53.04430884],[-121.49469609,53.06050949],[-121.49129795,53.06892622],[-121.50599579,53.07642869],[-121.50506572,53.08814417],[-121.49671554,53.08960526],[-121.49919707,53.09725423],[-121.53057331,53.1130468],[-121.53334509,53.13345247],[-121.56241582,53.14251837],[-121.52795054,53.16750007],[-121.52907558,53.17868654],[-121.53793111,53.18327758],[-121.5357697,53.19127408],[-121.54727901,53.19618565],[-121.54334858,53.20373916],[-121.55253659,53.21623525],[-121.53942944,53.22549475],[-121.54868261,53.23946322],[-121.58764044,53.25418711],[-121.61764419,53.24819801],[-121.6697343,53.25636406],[-121.71321196,53.2472363],[-121.76423032,53.26749938],[-121.75356338,53.29060551],[-121.73451237,53.29926263],[-121.7330336,53.30967786],[-121.70634571,53.31070388],[-121.67498071,53.32360432],[-121.63582785,53.31544689],[-121.6014251,53.32756515],[-121.60873377,53.33753626],[-121.64483092,53.35536463],[-121.63228335,53.36056131],[-121.62332534,53.37992882],[-121.65105782,53.40225586],[-121.67677042,53.40498574],[-121.67412163,53.43415222],[-121.70639703,53.45829415],[-121.70904916,53.46619754],[-121.74407795,53.45496662],[-121.77264619,53.4618757],[-121.78563914,53.47195364],[-121.78085649,53.48935115],[-121.80773763,53.50864558],[-121.79321131,53.51464845],[-121.80792336,53.54017257],[-121.80304574,53.54569714],[-121.80807524,53.55947383],[-121.83340772,53.58037159],[-121.80921894,53.59400347],[-121.81463748,53.59907318],[-121.86892189,53.62082671],[-121.90653591,53.66675419],[-121.95710755,53.66479629],[-121.99483964,53.67579969],[-121.99137237,53.6936313],[-121.96837363,53.70937657],[-121.9751525,53.73259281],[-122.01680211,53.75633036],[-122.00962343,53.77133928],[-122.01596357,53.78621278],[-122.03460882,53.79712171],[-122.0662239,53.79735108],[-122.08111121,53.80815648],[-122.09848529,53.80356035],[-122.1442645,53.81339658],[-122.14326901,53.82397793],[-122.10167293,53.8526136],[-122.11641279,53.88956772],[-122.12231227,53.89598569],[-122.15809894,53.8961481],[-122.18070561,53.90423322],[-122.1917674,53.91705662],[-122.19221822,53.92998484],[-122.20045438,53.92937482],[-122.20699887,53.93845143],[-122.21573632,53.96885312],[-122.23130023,53.97221641],[-122.22640295,53.98309666],[-122.25651292,53.99841678],[-122.25103024,54.00403729],[-122.21741237,54.0041507],[-122.22077741,54.01114438],[-122.21086482,54.02092574],[-122.19453367,54.02657685],[-122.19569985,54.04270239],[-122.17081522,54.04509701],[-122.14931036,54.05735744],[-122.14273811,54.08824989],[-122.14788857,54.09322793],[-122.11464264,54.11211458],[-122.10554596,54.12481938],[-122.11458528,54.12772643],[-122.11923619,54.13763353],[-122.13676832,54.13834064],[-122.14306602,54.14444954],[-122.13767997,54.15119105],[-122.16528594,54.15124178],[-122.19292845,54.16541849],[-122.19386762,54.15466321],[-122.22292129,54.15793406],[-122.23368149,54.15050109],[-122.25684555,54.14975647],[-122.28203279,54.16741772],[-122.30040669,54.16693265],[-122.34139472,54.16025211],[-122.3349598,54.14800222],[-122.34706196,54.14344769],[-122.34898528,54.13003019],[-122.39632918,54.10959377],[-122.42997576,54.11118391],[-122.44911584,54.101653],[-122.48307165,54.10739409],[-122.49121599,54.10305171],[-122.5071179,54.08732142],[-122.50143945,54.07906089],[-122.52338584,54.07305903],[-122.52442303,54.06045709],[-122.50723327,54.0497302],[-122.51652052,54.04017176],[-122.51234351,54.03202678],[-122.52466119,54.02829216],[-122.51609793,54.00847544],[-122.50398586,54.00447335],[-122.4938558,53.99168411],[-122.50079991,53.98751574],[-122.50099543,53.96619588],[-122.51158104,53.95374694],[-122.48189677,53.95078535],[-122.46439867,53.92857984],[-122.47251981,53.92023583],[-122.4561069,53.9169948],[-122.4524863,53.90938733],[-122.45969202,53.87476247],[-122.48721035,53.86332333],[-122.4860592,53.84447903],[-122.47395143,53.83901562],[-122.44843775,53.84152064],[-122.44463798,53.83426354],[-122.43669771,53.83600621],[-122.43213272,53.82148056],[-122.41411861,53.81816612],[-122.38573119,53.82493515],[-122.38686596,53.813345],[-122.37683346,53.8098148],[-122.37382081,53.79740015],[-122.38208335,53.79499017],[-122.37222417,53.78898266],[-122.38758083,53.76985086],[-122.43481603,53.76203821],[-122.42828905,53.7437248],[-122.43235291,53.73308283],[-122.44742699,53.72466319],[-122.42879024,53.71682774],[-122.394531,53.72616934],[-122.39442815,53.71750392],[-122.38332019,53.71175291],[-122.38124494,53.70337055],[-122.32044508,53.67039658],[-122.32226893,53.6536861],[-122.33252836,53.64554211],[-122.38161545,53.63420939],[-122.38772322,53.62298503],[-122.389847,53.59838194],[-122.39944017,53.57722616],[-122.37457415,53.53839622],[-122.35750975,53.5275362],[-122.32185809,53.55434865],[-122.27828746,53.52719014],[-122.26337589,53.5015079],[-122.21572384,53.50318554],[-122.21496367,53.49261835],[-122.20368416,53.4869646],[-122.19507975,53.49034373],[-122.16788663,53.47428297],[-122.16299237,53.46267097],[-122.17290372,53.42856371],[-122.16523869,53.42416867],[-122.1345765,53.42377065],[-122.07484177,53.44201124],[-122.05740297,53.42627835],[-122.06029626,53.41616183],[-122.05352738,53.39912784],[-122.06670407,53.37485788],[-122.05491551,53.35343769],[-122.06913054,53.34700662],[-122.05883588,53.33461221],[-122.0629543,53.32348593],[-122.03882454,53.31298125],[-122.0430208,53.29217073],[-122.03339671,53.28407261],[-122.0500022,53.26308603],[-122.00503392,53.23208025],[-122.00801204,53.2250933],[-122.04087419,53.21493752],[-122.01786755,53.19305149],[-121.99260878,53.18825095],[-121.99777136,53.16389685],[-121.99071468,53.15786419],[-121.99050732,53.14559363],[-122.00821839,53.14423121],[-122.01611642,53.12436679],[-122.01033417,53.1091324],[-121.98649077,53.09051394],[-121.95297807,53.09449095],[-121.9430267,53.0855631],[-121.92610864,53.083344],[-121.91610456,53.10311563],[-121.87480172,53.11595227],[-121.84441197,53.10065822],[-121.84168399,53.09335296],[-121.79784132,53.09793452],[-121.77681554,53.09096591],[-121.75977101,53.09312788],[-121.74530907,53.07975415],[-121.72482928,53.08098982],[-121.72146909,53.07346515],[-121.68227802,53.06228856],[-121.67431597,53.05276959],[-121.65224019,53.05517958],[-121.63175288,53.04955168],[-121.62941108,53.04138571],[-121.63893377,53.0332991],[-121.63496265,53.03143659],[-121.60939325,53.03459358],[-121.59830836,53.03011225]]]}},{"type":"Feature","id":"WHSE_BASEMAPPING.FWA_WATERSHED_GROUPS_POLY.139","properties":{"sourceLayer":"WHSE_BASEMAPPING.FWA_WATERSHED_GROUPS_POLY","boundaryCode":"MORK","boundaryName":"Morkill River","OBJECTID":114410,"WATERSHED_GROUP_ID":139,"WATERSHED_GROUP_CODE":"MORK","WATERSHED_GROUP_NAME":"Morkill River","AREA_HA":821116.625928016},"geometry":{"type":"Polygon","coordinates":[[[-120.14691273,53.77683505],[-120.15906372,53.77359011],[-120.17367201,53.78054841],[-120.23189052,53.76644134],[-120.2606746,53.77474962],[-120.27760973,53.77219146],[-120.30635897,53.7877937],[-120.31630043,53.7812224],[-120.34155699,53.787273],[-120.36279275,53.77830255],[-120.39096155,53.77873839],[-120.41071533,53.79309294],[-120.44020408,53.78872845],[-120.45773332,53.79889268],[-120.47565384,53.79839034],[-120.50827218,53.81874769],[-120.51947189,53.81486218],[-120.54381359,53.82121331],[-120.56008484,53.81559074],[-120.57392404,53.82499108],[-120.5621631,53.83619562],[-120.57449943,53.85896822],[-120.60439139,53.87211171],[-120.62796825,53.86867835],[-120.63276115,53.87969642],[-120.64794806,53.88517758],[-120.65057711,53.89648305],[-120.66637973,53.9042364],[-120.68312961,53.90629306],[-120.70640117,53.89603365],[-120.73024322,53.90392088],[-120.76081809,53.90392885],[-120.76897446,53.90066749],[-120.7778748,53.88368442],[-120.78605541,53.8823263],[-120.79744253,53.89437584],[-120.83312464,53.90897795],[-120.84927265,53.92677787],[-120.8667499,53.93037702],[-120.89094458,53.92150594],[-120.9129594,53.90026205],[-120.93842013,53.89231756],[-120.97843338,53.90839473],[-121.00977995,53.90366757],[-121.0183406,53.90698857],[-121.01714772,53.91395685],[-120.98723618,53.92810333],[-120.98763041,53.94755268],[-121.08658329,53.99314872],[-121.09879794,54.00877249],[-121.17254098,54.01735561],[-121.19299521,54.03073526],[-121.20459774,54.02653135],[-121.23310568,54.03269485],[-121.28559983,54.06196234],[-121.3056223,54.0670912],[-121.32652519,54.06375231],[-121.40265849,54.11419942],[-121.48291655,54.11914309],[-121.47910182,54.12651563],[-121.49222791,54.1354897],[-121.4913675,54.1413805],[-121.51883712,54.1516311],[-121.55004581,54.14064941],[-121.60570865,54.14135193],[-121.6159653,54.13483376],[-121.64370074,54.13467607],[-121.63292212,54.12857288],[-121.62963023,54.10155872],[-121.60912438,54.08224962],[-121.62334148,54.07378109],[-121.62210773,54.06257613],[-121.64256402,54.07283403],[-121.64864979,54.10865605],[-121.67050065,54.11204842],[-121.69054084,54.13006531],[-121.70871238,54.13384202],[-121.71871556,54.14679334],[-121.77458187,54.15447871],[-121.78500772,54.16165518],[-121.79662764,54.15555196],[-121.80936901,54.15803256],[-121.82513946,54.15149519],[-121.83675462,54.15774695],[-121.84377884,54.15298791],[-121.88911095,54.17962427],[-121.92343314,54.17963634],[-121.93766517,54.17236447],[-121.98292094,54.18438975],[-122.00733137,54.17739395],[-122.03894243,54.17925918],[-122.04283922,54.18169901],[-122.02902112,54.18809576],[-122.02893183,54.20432742],[-121.98562784,54.2259194],[-121.98537688,54.24615828],[-121.96946267,54.24838713],[-121.97221348,54.26079606],[-121.98867047,54.2717058],[-122.01350622,54.27060032],[-122.01706263,54.27480476],[-122.00507376,54.27967675],[-122.00744998,54.29157836],[-122.05079742,54.2991166],[-122.04656889,54.30610476],[-122.05108211,54.31346444],[-122.0687193,54.32320387],[-122.09606492,54.33430205],[-122.1142847,54.33239693],[-122.15192347,54.34412368],[-122.15856407,54.3495568],[-122.15755857,54.36160728],[-122.18213898,54.37927928],[-122.20098089,54.37099301],[-122.21010998,54.37789867],[-122.22732432,54.37776402],[-122.2400448,54.39289337],[-122.25693466,54.39395716],[-122.26643401,54.40173555],[-122.28360736,54.39993927],[-122.28856907,54.41023036],[-122.30917399,54.4114864],[-122.33989115,54.39774952],[-122.38936585,54.39465149],[-122.40896528,54.38015332],[-122.40420555,54.36435684],[-122.37701861,54.36030503],[-122.34568418,54.33375269],[-122.28204093,54.3151379],[-122.27443979,54.30535277],[-122.27693642,54.2895634],[-122.22268103,54.2680168],[-122.22448769,54.25847841],[-122.20874088,54.24483346],[-122.18363237,54.24208253],[-122.16847447,54.22928606],[-122.14766735,54.22772262],[-122.14627042,54.2193409],[-122.15881951,54.20558888],[-122.14922403,54.19669137],[-122.1481221,54.18625557],[-122.19183369,54.16474305],[-122.15769626,54.14932342],[-122.13923542,54.15297282],[-122.14393814,54.14711321],[-122.13895053,54.14046646],[-122.11697643,54.13740087],[-122.11621295,54.12842448],[-122.10531395,54.12256664],[-122.14777915,54.09409001],[-122.14273811,54.08824989],[-122.14956978,54.06244057],[-122.13156692,54.06347711],[-122.12113336,54.07210814],[-122.08461915,54.06256304],[-122.0691778,54.06776555],[-122.05542568,54.06570791],[-122.0537062,54.06001385],[-122.02097767,54.06076758],[-122.00038331,54.06453504],[-121.99560642,54.07885845],[-121.99972835,54.08542723],[-121.97628517,54.09399756],[-121.95814854,54.07921401],[-121.96548713,54.06808696],[-121.93203641,54.0740325],[-121.90732587,54.06816093],[-121.88274789,54.07443073],[-121.87602753,54.0692977],[-121.88171884,54.06393976],[-121.87294397,54.0595794],[-121.82239539,54.05739603],[-121.8248988,54.05018509],[-121.84015885,54.04414022],[-121.81706587,54.03453831],[-121.81717277,54.01672622],[-121.82474934,54.01349676],[-121.81316539,54.00898358],[-121.81322381,54.00085255],[-121.82576451,53.98749896],[-121.85089835,53.98718463],[-121.83299446,53.97493452],[-121.8637404,53.97074993],[-121.8610436,53.96762847],[-121.8701677,53.96309841],[-121.83970178,53.94449935],[-121.81745205,53.94137205],[-121.81232908,53.92577721],[-121.81653941,53.91476277],[-121.85719548,53.8985087],[-121.83607083,53.87818116],[-121.84683185,53.86248296],[-121.82382144,53.84794961],[-121.82675851,53.83533122],[-121.81831176,53.82642137],[-121.79356087,53.82662143],[-121.77165689,53.81380481],[-121.7568822,53.7820068],[-121.69698798,53.78995526],[-121.6797348,53.78672227],[-121.66186826,53.79892298],[-121.63810464,53.78379962],[-121.59298925,53.78122915],[-121.56607468,53.75688235],[-121.56444652,53.73879468],[-121.58051829,53.72540455],[-121.60128367,53.72242067],[-121.62867545,53.69635424],[-121.62776063,53.68800183],[-121.60865294,53.67486691],[-121.57470965,53.67654123],[-121.5531508,53.66641745],[-121.54939831,53.64723286],[-121.53064283,53.615025],[-121.48370829,53.59584633],[-121.4511831,53.61826097],[-121.44713899,53.63909605],[-121.40563096,53.65032656],[-121.39258651,53.64360776],[-121.38070454,53.62612778],[-121.38213909,53.61853902],[-121.39043342,53.61654133],[-121.37419862,53.60370249],[-121.35256437,53.60186434],[-121.33005288,53.61392198],[-121.32126295,53.61255841],[-121.3164857,53.58815627],[-121.2755742,53.56848825],[-121.26286608,53.56821843],[-121.25317466,53.55476837],[-121.23294846,53.54988436],[-121.22204612,53.56144751],[-121.18337509,53.56288004],[-121.12604221,53.53758045],[-121.11006056,53.51427734],[-121.044965,53.53014874],[-121.01358589,53.51928067],[-121.01788093,53.496321],[-121.01321364,53.48167127],[-121.03535728,53.45572297],[-121.00715967,53.43182701],[-121.00123217,53.40533319],[-121.01163521,53.39378246],[-120.99762364,53.37389215],[-121.01287555,53.33001599],[-120.97893825,53.30494354],[-120.97749639,53.27871155],[-120.93549311,53.280422],[-120.93162956,53.28773637],[-120.93915078,53.29896706],[-120.91414086,53.30579063],[-120.90443396,53.29844587],[-120.88335354,53.29945807],[-120.86382815,53.28473062],[-120.84114613,53.28026018],[-120.812018,53.28500574],[-120.80507651,53.27977331],[-120.8056741,53.26898925],[-120.7779714,53.25284674],[-120.7061825,53.2604656],[-120.67753414,53.2440234],[-120.66930812,53.22972265],[-120.61900395,53.20898301],[-120.59498686,53.19242092],[-120.55206288,53.1873093],[-120.54300096,53.17382027],[-120.5306425,53.16986908],[-120.47814879,53.16258143],[-120.45479088,53.13500232],[-120.46436965,53.11757708],[-120.42038066,53.10666558],[-120.42076229,53.08248286],[-120.40802947,53.07203924],[-120.39590569,53.07040163],[-120.39377402,53.07844764],[-120.37519743,53.08849372],[-120.3544452,53.08567805],[-120.31306517,53.09532307],[-120.26197618,53.1326433],[-120.24061911,53.17090001],[-120.2251452,53.16626803],[-120.1802051,53.17878913],[-120.14808256,53.20784427],[-120.09879646,53.22657167],[-120.08202962,53.22537971],[-120.08501108,53.24096457],[-120.07494153,53.24735409],[-120.07594486,53.2622825],[-120.04430073,53.27469009],[-120.05336968,53.28220455],[-120.04795838,53.29566212],[-120.07509448,53.32744357],[-120.04852954,53.34663495],[-120.02111623,53.35451401],[-120.02144891,53.36984833],[-120.0117014,53.38772713],[-120.0148704,53.39498038],[-120.00290998,53.41963034],[-120,53.80256153737043],[-120.01051317,53.79735558],[-120.03445877,53.80592738],[-120.06446676,53.79288479],[-120.09886802,53.79507139],[-120.11871778,53.78067411],[-120.14691273,53.77683505]]]}},{"type":"Feature","id":"WHSE_BASEMAPPING.FWA_WATERSHED_GROUPS_POLY.99","properties":{"sourceLayer":"WHSE_BASEMAPPING.FWA_WATERSHED_GROUPS_POLY","boundaryCode":"LCHL","boundaryName":"Lower Chilako River","OBJECTID":114313,"WATERSHED_GROUP_ID":99,"WATERSHED_GROUP_CODE":"LCHL","WATERSHED_GROUP_NAME":"Lower Chilako River","AREA_HA":313884.871278893},"geometry":{"type":"Polygon","coordinates":[[[-122.88834501,54.04520521],[-122.90061531,54.05021421],[-122.91242558,54.04292526],[-122.90159258,54.029494],[-122.90307651,54.02159885],[-122.91604256,54.01797649],[-122.91994391,54.01038438],[-122.95553554,54.00894378],[-122.97322259,54.01114606],[-122.97392514,54.01831856],[-122.98525325,54.02296023],[-123.00820993,54.01218138],[-123.12321268,54.04521789],[-123.15054767,54.02674666],[-123.16861277,54.02573801],[-123.16853387,54.00621838],[-123.15618517,53.99400549],[-123.17174388,53.9804574],[-123.18509103,53.99451172],[-123.21036491,53.98682839],[-123.22988961,53.9951754],[-123.27975837,53.99547414],[-123.30004211,54.01399132],[-123.32969974,54.0050785],[-123.33457031,54.01184495],[-123.36046622,54.00826679],[-123.43342994,54.02373185],[-123.46430703,54.02149043],[-123.47003189,54.02879837],[-123.50548578,54.03302272],[-123.52365156,54.0279207],[-123.54625255,54.03390802],[-123.55041377,54.01076689],[-123.53456183,53.99340363],[-123.54455656,53.99044263],[-123.54635716,53.97704025],[-123.56256378,53.97228068],[-123.53950707,53.97083047],[-123.54186875,53.96015098],[-123.51100078,53.96644007],[-123.49853549,53.93696055],[-123.45785814,53.92947361],[-123.4567067,53.90491343],[-123.44673882,53.89796415],[-123.41676266,53.89637018],[-123.40391609,53.8803203],[-123.43185402,53.8816272],[-123.44411736,53.87144278],[-123.43632581,53.8682446],[-123.42983117,53.85051732],[-123.45922279,53.84903126],[-123.46403051,53.84193202],[-123.45530326,53.83943577],[-123.45595729,53.83186917],[-123.47365982,53.83463189],[-123.46255416,53.8224332],[-123.45278718,53.82111323],[-123.45340765,53.80823069],[-123.44060123,53.80538118],[-123.44865063,53.80155429],[-123.45269677,53.78312003],[-123.4704309,53.7864943],[-123.48512566,53.77996215],[-123.4643381,53.74879791],[-123.48085783,53.74705994],[-123.47760525,53.71207304],[-123.49045115,53.70809319],[-123.51163821,53.71521832],[-123.55911318,53.71307368],[-123.54078823,53.67896455],[-123.54217563,53.67120518],[-123.58057726,53.65440632],[-123.61465968,53.6574841],[-123.62786078,53.64714063],[-123.6576926,53.6493355],[-123.67402813,53.66458523],[-123.68714341,53.65613029],[-123.69985077,53.66639562],[-123.7228512,53.66442531],[-123.73663255,53.67544629],[-123.73538665,53.68677361],[-123.76985764,53.68878919],[-123.78736007,53.69835318],[-123.79502276,53.6942507],[-123.79532786,53.68150976],[-123.78805953,53.67092422],[-123.77605589,53.67092171],[-123.78928313,53.65540171],[-123.74697184,53.64347551],[-123.73351109,53.62907797],[-123.70534217,53.628663],[-123.69586396,53.62354099],[-123.70004702,53.60840661],[-123.69450595,53.6019101],[-123.64419431,53.59418558],[-123.60582963,53.56798317],[-123.58330843,53.5820935],[-123.55731583,53.58615443],[-123.55416685,53.57793244],[-123.5075277,53.56030486],[-123.47213915,53.55977962],[-123.47883494,53.55111489],[-123.49660257,53.54957727],[-123.49713139,53.54390121],[-123.46237836,53.54241566],[-123.41256562,53.51500857],[-123.38870941,53.50954448],[-123.39663259,53.4982356],[-123.41562613,53.5006999],[-123.44406937,53.49300213],[-123.4280241,53.49243744],[-123.42202185,53.48637938],[-123.43365185,53.47573799],[-123.43078404,53.46118551],[-123.47394796,53.44733512],[-123.48459073,53.43549504],[-123.47605338,53.41747173],[-123.49232985,53.40020098],[-123.49260417,53.38357931],[-123.47641212,53.37012564],[-123.48685257,53.36365841],[-123.48443014,53.35573799],[-123.47225915,53.35082085],[-123.43852189,53.35401882],[-123.37909761,53.33607963],[-123.34592405,53.35493336],[-123.31220852,53.35482656],[-123.30820204,53.36639972],[-123.26544994,53.34926671],[-123.24210831,53.36131154],[-123.2283804,53.34845748],[-123.22845061,53.38343714],[-123.21778373,53.37738659],[-123.21808416,53.36197809],[-123.20099721,53.3457022],[-123.20061282,53.33741505],[-123.19430933,53.34163231],[-123.18364324,53.32015664],[-123.1661969,53.31872101],[-123.14939501,53.30566928],[-123.13286328,53.3092235],[-123.13232063,53.32949519],[-123.10688641,53.3302398],[-123.0970143,53.34266793],[-123.08842529,53.34385215],[-123.08786807,53.35288142],[-123.07236771,53.36115761],[-123.08312067,53.37350131],[-123.09827416,53.37381241],[-123.09753946,53.39215027],[-123.08081079,53.39725144],[-123.06240767,53.39374785],[-123.04625579,53.41125043],[-123.0388921,53.43095349],[-123.04307909,53.44693308],[-123.02911219,53.45782367],[-123.02373742,53.4882067],[-123.01712329,53.49367296],[-123.01958464,53.50320058],[-122.98194553,53.50942696],[-122.96955672,53.48926186],[-122.95634745,53.49876878],[-122.93880032,53.49506075],[-122.9236686,53.47693983],[-122.90700099,53.47068885],[-122.90322669,53.49480354],[-122.88694014,53.50748226],[-122.88584842,53.52260627],[-122.90951833,53.54159438],[-122.92063035,53.56373718],[-122.91881658,53.57965871],[-122.93104852,53.57895828],[-122.94021454,53.59338783],[-122.9510319,53.59819662],[-122.95603195,53.60936729],[-122.94852865,53.62439706],[-122.92661334,53.63886506],[-122.9066904,53.63577714],[-122.90847651,53.63974842],[-122.89011794,53.6499978],[-122.8778223,53.64852975],[-122.87334626,53.65964081],[-122.85429023,53.66671701],[-122.84030896,53.65956636],[-122.83841637,53.65148521],[-122.83006437,53.6524404],[-122.81231055,53.6803809],[-122.80378337,53.68111328],[-122.79974615,53.69278254],[-122.80644271,53.70208754],[-122.79825449,53.7122968],[-122.79445759,53.7151906],[-122.78661188,53.70556831],[-122.7533682,53.72774671],[-122.76765875,53.76087127],[-122.77984435,53.76571499],[-122.77914172,53.79167782],[-122.78573243,53.79612997],[-122.79999865,53.788205],[-122.80563818,53.80284713],[-122.80118615,53.80956702],[-122.81512997,53.81087764],[-122.82573122,53.82411017],[-122.8421315,53.83084305],[-122.85862114,53.82814519],[-122.8718603,53.83339517],[-122.8669434,53.8441906],[-122.84642329,53.85014621],[-122.83501279,53.88352197],[-122.83788714,53.89424968],[-122.790995,53.90605846],[-122.7865162,53.91739752],[-122.7703391,53.92278347],[-122.75012125,53.90676532],[-122.70609593,53.92036947],[-122.7049775,53.92854586],[-122.72802588,53.94558767],[-122.71527047,53.95721558],[-122.7165658,53.99292093],[-122.73354279,53.99791912],[-122.72784046,54.00915026],[-122.71905194,54.00904915],[-122.71106516,54.01877314],[-122.72015816,54.02004996],[-122.7260862,54.02533353],[-122.72285743,54.02881344],[-122.75804078,54.03089568],[-122.76478583,54.02540747],[-122.84684639,54.01722519],[-122.85146599,54.01857018],[-122.84392679,54.02252429],[-122.88201999,54.03704418],[-122.88834501,54.04520521]]]}},{"type":"Feature","id":"WHSE_BASEMAPPING.FWA_WATERSHED_GROUPS_POLY.197","properties":{"sourceLayer":"WHSE_BASEMAPPING.FWA_WATERSHED_GROUPS_POLY","boundaryCode":"TABR","boundaryName":"Tabor River","OBJECTID":114369,"WATERSHED_GROUP_ID":197,"WATERSHED_GROUP_CODE":"TABR","WATERSHED_GROUP_NAME":"Tabor River","AREA_HA":200454.231269001},"geometry":{"type":"Polygon","coordinates":[[[-122.44645349,53.72262331],[-122.43102431,53.73617555],[-122.42836331,53.74607413],[-122.43629491,53.75959433],[-122.40361277,53.77093239],[-122.38701523,53.77002474],[-122.37461169,53.78154374],[-122.37427471,53.79002604],[-122.38198346,53.79249088],[-122.37559419,53.79714373],[-122.37636271,53.80981235],[-122.38503607,53.80969534],[-122.38573119,53.82493515],[-122.4297577,53.8200012],[-122.44843775,53.84152064],[-122.48736208,53.84220159],[-122.48684507,53.86583547],[-122.45937814,53.87511958],[-122.45240144,53.90578868],[-122.45666144,53.91728193],[-122.46975969,53.91828823],[-122.46503189,53.93252247],[-122.48134243,53.95043243],[-122.51047977,53.95134764],[-122.50110638,53.96995335],[-122.50195957,53.98619031],[-122.49398392,53.99118132],[-122.49586993,53.99919758],[-122.5146178,54.00585397],[-122.52256004,54.02514105],[-122.51234351,54.03202678],[-122.51671793,54.03924379],[-122.50745827,54.04792554],[-122.52529471,54.05978843],[-122.52344242,54.07123171],[-122.50031207,54.07946067],[-122.50652985,54.08588571],[-122.48451947,54.10658241],[-122.45503799,54.10175985],[-122.43165549,54.11139558],[-122.39439723,54.11026116],[-122.36206924,54.122105],[-122.33636237,54.14763147],[-122.34193765,54.15810099],[-122.33802269,54.15999894],[-122.29850717,54.16724517],[-122.27899502,54.16593754],[-122.25829449,54.150071],[-122.23221028,54.15057261],[-122.2213073,54.15771092],[-122.20343366,54.15268459],[-122.19466768,54.15438094],[-122.19526449,54.16553899],[-122.15723801,54.17807774],[-122.14843813,54.18802843],[-122.15063905,54.19953055],[-122.15829004,54.20431589],[-122.14698165,54.21930488],[-122.14928502,54.22589153],[-122.16951087,54.23030184],[-122.18118658,54.24238051],[-122.20776142,54.24415793],[-122.22723071,54.25919508],[-122.22316267,54.26572003],[-122.23558621,54.27593164],[-122.26780355,54.28266365],[-122.27807162,54.29092634],[-122.27446653,54.30655129],[-122.28273074,54.31564231],[-122.30421546,54.31772444],[-122.36491216,54.34646899],[-122.41394647,54.34642945],[-122.43970087,54.32757306],[-122.45296286,54.33076757],[-122.47368831,54.32158859],[-122.51484049,54.33105917],[-122.53131633,54.31701388],[-122.51957619,54.31353146],[-122.51095448,54.29581029],[-122.47964167,54.28300276],[-122.48329587,54.27985184],[-122.50962998,54.27523431],[-122.58624112,54.28454802],[-122.58853478,54.27155085],[-122.6037785,54.27808494],[-122.6350048,54.2737017],[-122.6488906,54.26627625],[-122.64824777,54.25321143],[-122.66715692,54.24442033],[-122.66280223,54.24357238],[-122.67734533,54.22795977],[-122.66563329,54.22134391],[-122.68672648,54.2135384],[-122.6895927,54.20348464],[-122.67904385,54.19509549],[-122.67848076,54.18272694],[-122.63807845,54.18965569],[-122.62833636,54.17676762],[-122.62963578,54.16832017],[-122.6162445,54.1674324],[-122.61689113,54.13390914],[-122.62672272,54.12626047],[-122.57957752,54.11562526],[-122.56660168,54.10270866],[-122.5528603,54.10344033],[-122.55521564,54.09691889],[-122.54595047,54.09757236],[-122.55423836,54.08759985],[-122.54796807,54.07842979],[-122.56923048,54.05907897],[-122.58907564,54.07044918],[-122.61246832,54.07135968],[-122.65768478,54.06053164],[-122.67416934,54.04776869],[-122.67131122,54.04114582],[-122.6844848,54.0339768],[-122.71475789,54.04119779],[-122.74218851,54.04050075],[-122.75320969,54.03346339],[-122.74878997,54.02735445],[-122.72572084,54.02904969],[-122.71408326,54.01958628],[-122.73172842,53.99987945],[-122.71703639,53.99350426],[-122.71375928,53.97165871],[-122.71482743,53.95960534],[-122.72766264,53.94807453],[-122.70510471,53.9289836],[-122.70517976,53.92073573],[-122.74873473,53.90614624],[-122.76058591,53.91139453],[-122.76223017,53.91881295],[-122.77878566,53.920795],[-122.78714266,53.91829344],[-122.78864992,53.90625209],[-122.83864889,53.89402001],[-122.83559808,53.88254906],[-122.84646623,53.85087431],[-122.8669434,53.8441906],[-122.87056713,53.8339121],[-122.85463172,53.82825227],[-122.8430083,53.83248903],[-122.81270234,53.81036854],[-122.80387008,53.81116236],[-122.79911759,53.7879998],[-122.78726086,53.79576817],[-122.77914172,53.79167782],[-122.77457903,53.78480231],[-122.78264508,53.77565815],[-122.77988169,53.76727903],[-122.76851178,53.76297919],[-122.75474021,53.72870628],[-122.78386536,53.70678581],[-122.79714989,53.71304697],[-122.80664476,53.70427103],[-122.80228478,53.68428372],[-122.81290536,53.67977861],[-122.81835687,53.66346602],[-122.83175337,53.65172471],[-122.85429023,53.66671701],[-122.86939786,53.66252485],[-122.87935912,53.64719803],[-122.89256463,53.64967643],[-122.9066904,53.63577714],[-122.91802957,53.64033061],[-122.93447939,53.63494466],[-122.95043502,53.62188009],[-122.95411979,53.60256825],[-122.93761645,53.59295505],[-122.9336945,53.58143263],[-122.92133315,53.58006088],[-122.92037782,53.56331555],[-122.89883634,53.52739677],[-122.88588995,53.53607413],[-122.86441596,53.53918175],[-122.85619695,53.53480668],[-122.84189258,53.55937547],[-122.81709338,53.57112915],[-122.80722511,53.55688971],[-122.77292924,53.53994789],[-122.76571497,53.55932243],[-122.73191506,53.56862457],[-122.70160438,53.56789863],[-122.69287147,53.56723335],[-122.68965954,53.55496059],[-122.67196254,53.55111417],[-122.66808562,53.54333229],[-122.61577734,53.54104137],[-122.60027509,53.50752264],[-122.58879164,53.51466569],[-122.58174781,53.52957748],[-122.57348051,53.52124172],[-122.56338844,53.52561376],[-122.56305426,53.56100997],[-122.53343657,53.55795882],[-122.4964168,53.58099946],[-122.46688192,53.57396521],[-122.43069732,53.58483659],[-122.39938051,53.5750416],[-122.37965569,53.63595603],[-122.35788912,53.63613788],[-122.32090296,53.65447135],[-122.32346547,53.67492297],[-122.33745157,53.67652921],[-122.34252526,53.68751424],[-122.38170406,53.70374045],[-122.39456446,53.717979],[-122.39115163,53.72508259],[-122.43004775,53.71684272],[-122.44645349,53.72262331]]]}},{"type":"Feature","id":"WHSE_BASEMAPPING.FWA_WATERSHED_GROUPS_POLY.129","properties":{"sourceLayer":"WHSE_BASEMAPPING.FWA_WATERSHED_GROUPS_POLY","boundaryCode":"MCGR","boundaryName":"McGregor River","OBJECTID":114488,"WATERSHED_GROUP_ID":129,"WATERSHED_GROUP_CODE":"MCGR","WATERSHED_GROUP_NAME":"McGregor River","AREA_HA":346653.832357839},"geometry":{"type":"Polygon","coordinates":[[[-122.07263217,54.47333456],[-122.095249,54.48970155],[-122.10643147,54.46184241],[-122.13338362,54.47123793],[-122.14653086,54.48820306],[-122.14986555,54.47929449],[-122.1851049,54.47106045],[-122.20115861,54.47666896],[-122.19796395,54.48385676],[-122.20738347,54.48330774],[-122.24147967,54.46677967],[-122.24035414,54.45866009],[-122.30014427,54.45392224],[-122.32458348,54.44068199],[-122.30207114,54.42738839],[-122.30991857,54.41180221],[-122.28950748,54.41021691],[-122.28401754,54.40007152],[-122.26690081,54.40176235],[-122.25693466,54.39395716],[-122.2400448,54.39289337],[-122.22333161,54.37672019],[-122.21038835,54.37810121],[-122.20298299,54.37173725],[-122.18295347,54.37961434],[-122.155274,54.35994157],[-122.1552383,54.34743045],[-122.14450141,54.33994893],[-122.08568193,54.33098822],[-122.04846528,54.3125091],[-122.04822929,54.29786603],[-122.03086943,54.29311701],[-122.02360896,54.29801976],[-122.00391002,54.28971565],[-122.01681994,54.27503546],[-122.01405902,54.27131588],[-121.97871519,54.26794283],[-121.96946267,54.24838713],[-121.98495137,54.24640337],[-121.98139028,54.23618193],[-121.99180927,54.22131947],[-122.03062485,54.20404744],[-122.03343726,54.18332068],[-122.04283544,54.18252588],[-122.04033452,54.17928332],[-122.00755633,54.17738381],[-121.98292094,54.18438975],[-121.93832083,54.17208662],[-121.93827474,54.1768769],[-121.91636369,54.18076836],[-121.88724874,54.17942133],[-121.84490592,54.15320546],[-121.83675462,54.15774695],[-121.82564781,54.15192859],[-121.79322301,54.15589838],[-121.78672391,54.16116315],[-121.77280247,54.15389133],[-121.72022543,54.14731575],[-121.70936616,54.13411568],[-121.68729626,54.13044144],[-121.67200846,54.11247055],[-121.64741443,54.10758979],[-121.64306579,54.07572503],[-121.62286581,54.06244699],[-121.62301814,54.07416091],[-121.60756923,54.08106011],[-121.63018825,54.10190064],[-121.63334565,54.12964822],[-121.64348767,54.13547165],[-121.54919146,54.14071103],[-121.51810672,54.15126356],[-121.49079689,54.14121454],[-121.4835719,54.11935409],[-121.44981883,54.11303441],[-121.42010085,54.1177915],[-121.40312115,54.11410369],[-121.32783211,54.0639323],[-121.2864099,54.06220461],[-121.25357857,54.04873402],[-121.23310568,54.03269485],[-121.20459774,54.02653135],[-121.19299521,54.03073526],[-121.1730048,54.01756942],[-121.09879794,54.00877249],[-121.08658329,53.99314872],[-120.98763041,53.94755268],[-120.98723618,53.92810333],[-121.0169564,53.91478075],[-121.01878311,53.90771805],[-121.01046385,53.90386969],[-120.97392826,53.90766451],[-120.93955759,53.89219225],[-120.9129594,53.90026205],[-120.89172855,53.9204559],[-120.86788545,53.93041418],[-120.84754004,53.92591374],[-120.83145558,53.90818067],[-120.79657336,53.89411715],[-120.78483767,53.88198317],[-120.77117237,53.89017087],[-120.76393137,53.90350242],[-120.72918278,53.90363711],[-120.70546296,53.8959328],[-120.68460374,53.90304006],[-120.68580135,53.90726162],[-120.66751838,53.90435444],[-120.64778548,53.89475415],[-120.64858269,53.88652259],[-120.63060367,53.87802656],[-120.62963289,53.86990698],[-120.6025944,53.87187802],[-120.57592418,53.86068825],[-120.56233745,53.83897926],[-120.57361987,53.82368129],[-120.56292737,53.81678638],[-120.50790637,53.81876706],[-120.47432385,53.79777792],[-120.45729943,53.79878457],[-120.43842341,53.7893787],[-120.40853164,53.79340038],[-120.38990876,53.77858059],[-120.36162381,53.77865344],[-120.34115558,53.78713822],[-120.3201598,53.7811699],[-120.30943779,53.78808465],[-120.27536833,53.77133429],[-120.25872587,53.77455419],[-120.23308937,53.7663911],[-120.17552179,53.78003156],[-120.16091441,53.77338222],[-120.12470957,53.77874998],[-120.09744854,53.79583328],[-120.07687841,53.79199731],[-120.0419989,53.79885632],[-120.05469852,53.84819235],[-120.02459911,53.85948321],[-120.02311962,53.86717645],[-120.06859412,53.90185962],[-120.06945757,53.9139505],[-120.05708344,53.91982191],[-120.06420727,53.92994418],[-120.05879398,53.93628562],[-120.06847428,53.942385],[-120.06450014,53.96242909],[-120.07674373,53.97789661],[-120.10153056,53.98595143],[-120.114292,53.97599952],[-120.1403771,53.97222378],[-120.13899411,53.96199257],[-120.15529537,53.94326922],[-120.19646635,53.94476836],[-120.204319,53.93682039],[-120.22067473,53.94819653],[-120.20654989,53.97326899],[-120.26227497,53.98176627],[-120.25502448,54.0194653],[-120.23410675,54.04192789],[-120.20514885,54.02992302],[-120.19216296,54.04456065],[-120.17672813,54.04732798],[-120.16712848,54.07365321],[-120.17389893,54.08898073],[-120.18920509,54.09405189],[-120.18010652,54.10771122],[-120.18581089,54.11836447],[-120.23542114,54.11112637],[-120.28253643,54.11812814],[-120.32944338,54.10497325],[-120.342231,54.11513439],[-120.37645,54.11389867],[-120.40256125,54.12441199],[-120.43541294,54.11503241],[-120.46325728,54.13280665],[-120.48030863,54.13579616],[-120.51266285,54.12877659],[-120.54817535,54.14579893],[-120.56655633,54.14595027],[-120.57394175,54.14317157],[-120.57232788,54.13097723],[-120.5935344,54.12150502],[-120.5957673,54.11419068],[-120.6242585,54.10929669],[-120.63655177,54.09939497],[-120.70406398,54.10418173],[-120.77138282,54.09725499],[-120.7758225,54.08803263],[-120.79152988,54.08097137],[-120.80274381,54.09211742],[-120.8419501,54.08955497],[-120.88428937,54.09653704],[-120.89325109,54.08957851],[-120.92680545,54.08553689],[-120.96721001,54.12694909],[-120.96831356,54.14192623],[-120.99360653,54.15269736],[-121.00218264,54.16636904],[-121.03421399,54.17545714],[-121.04146263,54.18484024],[-121.13272001,54.23153204],[-121.14833787,54.23648333],[-121.17220705,54.23053148],[-121.18411914,54.23377384],[-121.18830318,54.24100703],[-121.17974982,54.25099973],[-121.19664655,54.27431036],[-121.2678805,54.27874067],[-121.2842419,54.26734913],[-121.28604713,54.25772683],[-121.32360421,54.23726926],[-121.38900237,54.26852497],[-121.40130978,54.26504243],[-121.45436237,54.27706588],[-121.47699945,54.26928905],[-121.48974576,54.27340632],[-121.48492245,54.28507302],[-121.52594967,54.29312382],[-121.5389223,54.30944482],[-121.6898874,54.3406682],[-121.71711811,54.35154079],[-121.7460523,54.37522284],[-121.83069156,54.39117707],[-121.84503654,54.40149345],[-121.86210034,54.40520565],[-121.88565741,54.39780362],[-121.94081977,54.42036872],[-121.95249355,54.43208208],[-121.95157058,54.43864412],[-121.97145417,54.44548392],[-121.99249149,54.44894767],[-122.00254917,54.44104006],[-122.03232679,54.43790385],[-122.06832696,54.44321092],[-122.07757899,54.4640343],[-122.07263217,54.47333456]]]}},{"type":"Feature","id":"WHSE_BASEMAPPING.FWA_WATERSHED_GROUPS_POLY.188","properties":{"sourceLayer":"WHSE_BASEMAPPING.FWA_WATERSHED_GROUPS_POLY","boundaryCode":"SMOK","boundaryName":"Smoky River","OBJECTID":114377,"WATERSHED_GROUP_ID":188,"WATERSHED_GROUP_CODE":"SMOK","WATERSHED_GROUP_NAME":"Smoky River","AREA_HA":510936.252652626},"geometry":{"type":"Polygon","coordinates":[[[-120.00025962,53.93498326],[-120.0000303,55.41815509],[-120.02264532,55.42403937],[-120.03204369,55.42174569],[-120.03628901,55.40957724],[-120.0250126,55.40307811],[-120.03101892,55.38092867],[-120.04615177,55.37343814],[-120.05868155,55.37775901],[-120.07867835,55.36372893],[-120.11837006,55.37200749],[-120.15462357,55.34880051],[-120.1522703,55.33631272],[-120.12714591,55.35039573],[-120.10796887,55.34148358],[-120.10530595,55.33344638],[-120.09161004,55.33982647],[-120.08245946,55.33153712],[-120.06107266,55.33038691],[-120.05655622,55.31922725],[-120.07788802,55.30464439],[-120.1712343,55.29145383],[-120.1681628,55.28034305],[-120.18052673,55.2769775],[-120.19177879,55.26447545],[-120.19385971,55.23948468],[-120.18112536,55.23438742],[-120.19926846,55.21939987],[-120.1997825,55.19437792],[-120.18614579,55.18365054],[-120.15500367,55.1896168],[-120.1601656,55.17922415],[-120.14819795,55.16757926],[-120.17397188,55.15033869],[-120.15365821,55.14167678],[-120.15779209,55.13276228],[-120.14891737,55.12971298],[-120.12334657,55.13694904],[-120.11932181,55.13458339],[-120.12483839,55.12498442],[-120.11540148,55.12717659],[-120.10653209,55.11972906],[-120.12293114,55.11139519],[-120.12074049,55.10471564],[-120.12765083,55.10048469],[-120.10877892,55.09194671],[-120.13886662,55.07774001],[-120.13444307,55.05903822],[-120.14585908,55.05153606],[-120.15815938,55.02407438],[-120.18405815,55.00778439],[-120.2028459,55.00716321],[-120.2117859,55.00065597],[-120.23000287,55.00016638],[-120.24518437,55.00851038],[-120.32316965,55.00265078],[-120.33473729,55.00988591],[-120.36256181,55.00620051],[-120.41097697,55.01458042],[-120.44984772,55.01308242],[-120.47488345,54.9995364],[-120.51601701,55.00162115],[-120.53725497,54.98714293],[-120.5682632,54.97694506],[-120.5713293,54.97031139],[-120.59257815,54.96460645],[-120.58823245,54.94602053],[-120.59249177,54.93897655],[-120.64365862,54.93192931],[-120.65574327,54.91788441],[-120.62174839,54.8953919],[-120.63437007,54.88495029],[-120.6348146,54.87372846],[-120.64603125,54.86814244],[-120.64549733,54.85564611],[-120.63638096,54.84679034],[-120.61776815,54.84577421],[-120.61932519,54.83541317],[-120.61089591,54.82420565],[-120.58789015,54.81288334],[-120.58479771,54.79518063],[-120.61695629,54.78819077],[-120.62465475,54.78405988],[-120.62168925,54.77752344],[-120.63269026,54.76525952],[-120.66628162,54.75318492],[-120.69500932,54.76090692],[-120.74737718,54.75701908],[-120.6964491,54.71828639],[-120.72834881,54.71388359],[-120.73844945,54.69352825],[-120.7632584,54.68528934],[-120.76439251,54.67811295],[-120.74704182,54.6713402],[-120.77972111,54.65012701],[-120.77100544,54.63162792],[-120.78590897,54.61339366],[-120.81174466,54.61448181],[-120.82674425,54.6077006],[-120.88459021,54.62666161],[-120.91247758,54.6230198],[-120.95033979,54.63540629],[-120.95639083,54.62804484],[-120.87977671,54.58659318],[-120.86217815,54.58667105],[-120.8352137,54.5662896],[-120.8356694,54.55924725],[-120.85669747,54.53953396],[-120.85158433,54.52873511],[-120.85923672,54.5255828],[-120.81829315,54.48818661],[-120.82017643,54.46827033],[-120.79907261,54.46782478],[-120.8055507,54.4573232],[-120.80659669,54.43391887],[-120.78581236,54.40243607],[-120.76702137,54.3966333],[-120.73624745,54.4088912],[-120.68098821,54.38505747],[-120.66118708,54.35967683],[-120.68037837,54.34908583],[-120.69786489,54.34927097],[-120.6958853,54.3285478],[-120.68762163,54.3259714],[-120.69052086,54.3164109],[-120.72837702,54.29800286],[-120.68337935,54.28342216],[-120.65520462,54.28931414],[-120.63167417,54.28207273],[-120.62487538,54.29220647],[-120.60693155,54.289696],[-120.59362517,54.28018937],[-120.59697378,54.2706998],[-120.58219303,54.2563527],[-120.58517036,54.24902256],[-120.57908293,54.23987435],[-120.58702544,54.23118745],[-120.57289858,54.22350477],[-120.56747806,54.20845379],[-120.58669625,54.17800726],[-120.5595564,54.15968346],[-120.55172015,54.14478029],[-120.50972865,54.12892268],[-120.48117038,54.13580821],[-120.46401564,54.1329505],[-120.43209706,54.11451514],[-120.39977626,54.12480735],[-120.37383824,54.11365886],[-120.34406271,54.11496805],[-120.32743608,54.10486273],[-120.28146572,54.11835269],[-120.23372164,54.11114123],[-120.18327096,54.1170013],[-120.18070933,54.10942468],[-120.18925857,54.09095019],[-120.17608989,54.0897485],[-120.16684851,54.07147973],[-120.17744272,54.04605302],[-120.19328071,54.04452382],[-120.20573171,54.0298097],[-120.23441128,54.0416362],[-120.25160262,54.02520131],[-120.26253474,54.0033778],[-120.26222652,53.9797152],[-120.20860794,53.97458568],[-120.21974337,53.94608299],[-120.20161348,53.93603504],[-120.19453537,53.94469927],[-120.17012598,53.94039787],[-120.15047017,53.94586119],[-120.13835209,53.96248578],[-120.14165355,53.97068367],[-120.11577873,53.97584642],[-120.102663,53.98619456],[-120.07819778,53.97956846],[-120.06307316,53.96074972],[-120.06820865,53.94522885],[-120.05869045,53.93818931],[-120.06426929,53.9314473],[-120.05790411,53.92158043],[-120.06945757,53.9139505],[-120.06865738,53.90211592],[-120.02236547,53.86365991],[-120.05774996,53.84595339],[-120.04963858,53.84252001],[-120.04393201,53.80678087],[-120.00697183,53.79717727],[-120.00048626,53.80164594],[-120.00025962,53.93498326]]]}},{"type":"Feature","id":"WHSE_BASEMAPPING.FWA_WATERSHED_GROUPS_POLY.122","properties":{"sourceLayer":"WHSE_BASEMAPPING.FWA_WATERSHED_GROUPS_POLY","boundaryCode":"LSAL","boundaryName":"Lower Salmon River","OBJECTID":114319,"WATERSHED_GROUP_ID":122,"WATERSHED_GROUP_CODE":"LSAL","WATERSHED_GROUP_NAME":"Lower Salmon River","AREA_HA":183226.313769063},"geometry":{"type":"Polygon","coordinates":[[[-123.00333791,54.53199215],[-123.00110389,54.52559535],[-123.00706545,54.53113921],[-123.03301925,54.52636175],[-123.03828898,54.51997235],[-123.02524158,54.5087698],[-123.02807946,54.50555676],[-123.06725617,54.51515857],[-123.10140326,54.50295217],[-123.10862649,54.49310993],[-123.09209327,54.44572508],[-123.1152596,54.43990243],[-123.11276166,54.42489304],[-123.11936069,54.42036609],[-123.1073714,54.41474231],[-123.13892646,54.41384735],[-123.13392612,54.4067081],[-123.14221533,54.3979989],[-123.17534886,54.40083835],[-123.18596138,54.38965812],[-123.20785868,54.38805362],[-123.24274663,54.364873],[-123.24095481,54.35441125],[-123.25851046,54.354325],[-123.29192158,54.33549004],[-123.30947366,54.3362392],[-123.3247232,54.3489703],[-123.32160755,54.3545199],[-123.32886525,54.36483088],[-123.35891038,54.35101249],[-123.3504177,54.34137794],[-123.334045,54.34079823],[-123.3280417,54.32477907],[-123.36419935,54.32275802],[-123.38310375,54.33140836],[-123.44275604,54.32046715],[-123.45243929,54.32351395],[-123.4594196,54.3192165],[-123.44665245,54.31115669],[-123.46757704,54.29036408],[-123.51546923,54.28345816],[-123.51689969,54.2892031],[-123.52589921,54.2866966],[-123.54248525,54.29908495],[-123.57454552,54.28972819],[-123.57729706,54.27788033],[-123.45570438,54.2419014],[-123.43357719,54.24288977],[-123.40961014,54.2319228],[-123.38346098,54.23475505],[-123.37745772,54.21819779],[-123.39794103,54.21158289],[-123.3703255,54.20875891],[-123.37131734,54.20461554],[-123.40053227,54.189905],[-123.37562187,54.19146022],[-123.38492886,54.18144451],[-123.37091871,54.18045887],[-123.38046175,54.1755358],[-123.37251255,54.16950891],[-123.32987761,54.17895048],[-123.31544444,54.16973681],[-123.31695399,54.16548864],[-123.3034455,54.16278818],[-123.2786671,54.17171293],[-123.23748654,54.17434768],[-123.23414589,54.17146917],[-123.27337117,54.16127537],[-123.26183228,54.14834672],[-123.23322724,54.1352355],[-123.21614619,54.13909316],[-123.2041959,54.13373936],[-123.21998152,54.12275249],[-123.21146122,54.11483456],[-123.24212827,54.11396788],[-123.21810594,54.07798175],[-123.18754538,54.06241242],[-123.00467974,54.01197684],[-122.98767358,54.02248414],[-122.97431585,54.01999638],[-122.9747723,54.0111414],[-122.91895688,54.01051855],[-122.90397346,54.02316247],[-122.91202551,54.04113539],[-122.9049,54.04969838],[-122.84552056,54.02493511],[-122.84830377,54.0151688],[-122.82998331,54.01688795],[-122.82546394,54.02260078],[-122.76700153,54.02500134],[-122.74082855,54.04064364],[-122.697999,54.04003639],[-122.68601681,54.03396284],[-122.67206051,54.03929137],[-122.67708683,54.0468548],[-122.65715071,54.06106939],[-122.60327507,54.07228642],[-122.56631676,54.05883282],[-122.54788196,54.07572811],[-122.54779843,54.08513112],[-122.55409581,54.08853805],[-122.54779051,54.09570083],[-122.55711758,54.09733036],[-122.55623436,54.10160132],[-122.58237637,54.11569492],[-122.6252406,54.12432349],[-122.61628813,54.13604232],[-122.62080908,54.13876196],[-122.6160144,54.15736041],[-122.61975541,54.16856201],[-122.62761342,54.16685193],[-122.63522282,54.1892666],[-122.67902894,54.18427129],[-122.678002,54.19197398],[-122.68934753,54.20415109],[-122.68226196,54.21449637],[-122.66621097,54.22092409],[-122.6782543,54.22767359],[-122.67085441,54.23188678],[-122.67395731,54.23462245],[-122.69181725,54.23965356],[-122.72597628,54.23374133],[-122.7176239,54.24217938],[-122.72863543,54.2563601],[-122.75564839,54.25778398],[-122.76141865,54.2695832],[-122.77400474,54.26489498],[-122.82656241,54.28198443],[-122.77758141,54.31918714],[-122.77101133,54.31373443],[-122.75056638,54.31980837],[-122.79137073,54.33857371],[-122.78017279,54.3454412],[-122.74886214,54.34411788],[-122.72022677,54.35610403],[-122.71242111,54.36039166],[-122.71737151,54.37529148],[-122.77297771,54.38094107],[-122.78836683,54.3883796],[-122.78934811,54.38019383],[-122.80582893,54.37368165],[-122.84068519,54.33361093],[-122.87422192,54.3283979],[-122.90584156,54.34055673],[-122.92822297,54.35350199],[-122.92390054,54.36121951],[-122.94162481,54.37493511],[-122.93491568,54.37965603],[-122.9418146,54.3894967],[-122.93151987,54.39720942],[-122.9380722,54.40330635],[-122.92297962,54.41200238],[-122.93293468,54.43633789],[-122.89468967,54.46429689],[-122.90362597,54.47736078],[-122.8875188,54.50067361],[-122.89811178,54.52132649],[-122.88965285,54.52816727],[-122.89155868,54.54886432],[-122.90402416,54.55407439],[-122.95023401,54.54983035],[-122.95122381,54.553842],[-122.96504412,54.55058745],[-122.97802928,54.53426993],[-122.99798388,54.53856875],[-123.00333791,54.53199215]]]}},{"type":"Feature","id":"WHSE_BASEMAPPING.FWA_WATERSHED_GROUPS_POLY.65","properties":{"sourceLayer":"WHSE_BASEMAPPING.FWA_WATERSHED_GROUPS_POLY","boundaryCode":"HERR","boundaryName":"Herrick Creek","OBJECTID":114344,"WATERSHED_GROUP_ID":65,"WATERSHED_GROUP_CODE":"HERR","WATERSHED_GROUP_NAME":"Herrick Creek","AREA_HA":205597.909596626},"geometry":{"type":"Polygon","coordinates":[[[-121.08828111,54.45611752],[-121.12969264,54.4803792],[-121.12390411,54.49910393],[-121.13591986,54.51137764],[-121.12226838,54.53940488],[-121.13317503,54.55073665],[-121.1853938,54.54748348],[-121.20272602,54.55311743],[-121.20997125,54.54375096],[-121.21651917,54.54923181],[-121.24353305,54.54560328],[-121.25138206,54.55439687],[-121.26780888,54.54348057],[-121.26405009,54.5277488],[-121.27033673,54.51722351],[-121.31427051,54.51624408],[-121.35776306,54.53873121],[-121.39978212,54.53405231],[-121.40595668,54.54491675],[-121.40535968,54.56422757],[-121.42610812,54.57021275],[-121.43032935,54.5697283],[-121.42505163,54.5629755],[-121.42419195,54.53343905],[-121.44179413,54.52343754],[-121.4437639,54.51593079],[-121.4148328,54.4930573],[-121.41750472,54.47678453],[-121.43065778,54.45614711],[-121.4631816,54.43607586],[-121.46270063,54.42467255],[-121.47382659,54.41190643],[-121.48698905,54.41211999],[-121.51185336,54.42905423],[-121.58228364,54.43995017],[-121.58928768,54.43162924],[-121.58036174,54.40812745],[-121.63130737,54.40979418],[-121.66416301,54.38880634],[-121.68844398,54.41072482],[-121.72263219,54.40888021],[-121.76433,54.41879337],[-121.8589824,54.4531264],[-121.86738358,54.45350204],[-121.87694701,54.42663386],[-121.8723037,54.41166577],[-121.82980462,54.39089385],[-121.74914236,54.37671996],[-121.71622292,54.3511358],[-121.64168689,54.32695951],[-121.58976251,54.32267454],[-121.5398782,54.30979796],[-121.52704075,54.30053363],[-121.52689233,54.29335606],[-121.48218342,54.28403486],[-121.48986927,54.27438484],[-121.47868492,54.26891704],[-121.45552959,54.27665837],[-121.42285753,54.27377454],[-121.4042101,54.26522168],[-121.38673542,54.26706547],[-121.32622519,54.23818659],[-121.28549442,54.25826129],[-121.28229745,54.26942481],[-121.26989536,54.27843402],[-121.22058628,54.28001448],[-121.19553459,54.27421582],[-121.1808755,54.2541389],[-121.19036421,54.2432403],[-121.18264881,54.23313043],[-121.13756552,54.2329624],[-121.04220243,54.185077],[-121.03696963,54.17701929],[-121.00171478,54.16526956],[-120.992684,54.15168315],[-120.97060005,54.14338514],[-120.96947658,54.12942351],[-120.92952109,54.08688516],[-120.89591466,54.08898587],[-120.88678277,54.09773155],[-120.84470651,54.0897752],[-120.80394292,54.09238504],[-120.79310995,54.0811592],[-120.76717582,54.09774633],[-120.70061628,54.10410089],[-120.63689408,54.09902411],[-120.62488872,54.10951291],[-120.59244195,54.11471453],[-120.59099984,54.12207562],[-120.57150785,54.13217236],[-120.5751533,54.13979268],[-120.56974879,54.14556527],[-120.55170948,54.14522059],[-120.55958429,54.16025041],[-120.58700762,54.1802041],[-120.56771358,54.20679537],[-120.57193929,54.22207399],[-120.58656959,54.22953313],[-120.57899831,54.24169764],[-120.58628414,54.25141827],[-120.58327657,54.25891563],[-120.59656158,54.26907337],[-120.59289801,54.27884233],[-120.61955107,54.29150112],[-120.62785806,54.29224222],[-120.63238777,54.2816852],[-120.6563635,54.28920183],[-120.68007457,54.28299301],[-120.72871366,54.29830886],[-120.69571994,54.31118243],[-120.68574085,54.3234032],[-120.69646492,54.32890948],[-120.70039586,54.34675418],[-120.65925928,54.35865955],[-120.68357448,54.38699398],[-120.73496327,54.40916977],[-120.7654064,54.39667833],[-120.78491511,54.40135885],[-120.78699213,54.41228618],[-120.80625115,54.43355602],[-120.8055507,54.4573232],[-120.79723175,54.4664698],[-120.82220316,54.46962831],[-120.81690081,54.48514705],[-120.82232297,54.49128669],[-120.87687995,54.48796964],[-120.88038379,54.46202738],[-120.93378429,54.45067035],[-120.95375577,54.46283096],[-121.00445151,54.46624581],[-121.02663839,54.46112197],[-121.02988444,54.4510444],[-121.04733567,54.45418622],[-121.06398639,54.46584313],[-121.06673434,54.45407275],[-121.07415281,54.45046085],[-121.08828111,54.45611752]]]}},{"type":"Feature","id":"WHSE_BASEMAPPING.FWA_WATERSHED_GROUPS_POLY.37","properties":{"sourceLayer":"WHSE_BASEMAPPING.FWA_WATERSHED_GROUPS_POLY","boundaryCode":"CRKD","boundaryName":"Crooked River","OBJECTID":114463,"WATERSHED_GROUP_ID":37,"WATERSHED_GROUP_CODE":"CRKD","WATERSHED_GROUP_NAME":"Crooked River","AREA_HA":218529.85660292},"geometry":{"type":"Polygon","coordinates":[[[-123.28045858,54.67549578],[-123.29429349,54.67552189],[-123.29871151,54.6637831],[-123.28507793,54.64864095],[-123.28895813,54.63197885],[-123.28458994,54.61871438],[-123.27244538,54.6295467],[-123.22279085,54.63564554],[-123.21066396,54.63172695],[-123.20124784,54.61968241],[-123.17207908,54.61055463],[-123.14875321,54.61252373],[-123.15425625,54.60599227],[-123.13564805,54.59680285],[-123.11185678,54.60179699],[-123.11254685,54.58820797],[-123.10411739,54.58581298],[-123.08165758,54.594982],[-123.05278866,54.59189751],[-123.02542182,54.60829867],[-123.02390927,54.61632438],[-123.01364797,54.62231929],[-123.02002095,54.62725825],[-123.0137466,54.64944892],[-122.95736723,54.6542592],[-122.96075756,54.65136056],[-122.95483297,54.64577361],[-122.93265545,54.63452462],[-122.93260011,54.62635443],[-122.92013635,54.62734341],[-122.90721389,54.61256358],[-122.91486742,54.60875671],[-122.91404357,54.5956231],[-122.8946578,54.58140926],[-122.89478868,54.56997684],[-122.90649831,54.5539535],[-122.89259669,54.55063471],[-122.88915215,54.53047351],[-122.89556926,54.51267869],[-122.88623643,54.50402262],[-122.90314154,54.48498653],[-122.89585902,54.46351902],[-122.93214485,54.43847941],[-122.93284282,54.42651975],[-122.92283463,54.41263539],[-122.9380722,54.40330635],[-122.93147254,54.39787445],[-122.94231177,54.39003418],[-122.93450409,54.38030589],[-122.94162481,54.37493511],[-122.92290679,54.36228538],[-122.92711325,54.35457082],[-122.90584156,54.34055673],[-122.86780028,54.32762011],[-122.84231104,54.33205724],[-122.80536931,54.37502602],[-122.78936019,54.38084094],[-122.7872545,54.38906967],[-122.77183315,54.38095588],[-122.75806126,54.38394983],[-122.74824727,54.37648423],[-122.71674515,54.37409569],[-122.7133585,54.36254787],[-122.74722852,54.34349832],[-122.78836208,54.34140251],[-122.79229789,54.33466678],[-122.7499164,54.32220368],[-122.77212195,54.31365165],[-122.77880598,54.31922234],[-122.82603494,54.28161118],[-122.77464657,54.26450772],[-122.76141865,54.2695832],[-122.75564839,54.25778398],[-122.72863543,54.2563601],[-122.72906742,54.24978217],[-122.71688448,54.24334403],[-122.725952,54.23586235],[-122.7215955,54.23346765],[-122.6964678,54.23947363],[-122.6729131,54.23646707],[-122.64830567,54.25201925],[-122.64981968,54.26333802],[-122.63718413,54.27249195],[-122.60612601,54.27779005],[-122.58535398,54.2724447],[-122.58469112,54.28440488],[-122.51212104,54.2749658],[-122.48176096,54.27977335],[-122.51070274,54.29486758],[-122.51912424,54.31274175],[-122.5305953,54.31643287],[-122.51570458,54.33081099],[-122.49820916,54.33210561],[-122.47448855,54.32152817],[-122.4256195,54.33453213],[-122.41613311,54.34579694],[-122.36689981,54.34526612],[-122.36315533,54.34777292],[-122.37701861,54.36030503],[-122.40420555,54.36435684],[-122.40902739,54.37975918],[-122.39032657,54.39356886],[-122.33989115,54.39774952],[-122.31328181,54.4114479],[-122.30086141,54.42661646],[-122.32387133,54.43898237],[-122.31116092,54.44941393],[-122.24099446,54.4579571],[-122.24163544,54.46611875],[-122.22244824,54.47147621],[-122.21220495,54.48176645],[-122.22549777,54.4904803],[-122.21483832,54.49738581],[-122.2135237,54.51769086],[-122.19778175,54.5309148],[-122.2100098,54.54589138],[-122.2646529,54.56715634],[-122.26244221,54.57880541],[-122.28536896,54.58510523],[-122.29318148,54.59374792],[-122.33022975,54.60163166],[-122.35248738,54.59627155],[-122.37768285,54.60084537],[-122.42553847,54.59111714],[-122.46549552,54.60544094],[-122.49198678,54.62346032],[-122.52683027,54.63159398],[-122.55206731,54.62390914],[-122.54707159,54.61754668],[-122.56378711,54.60634424],[-122.58689313,54.62293753],[-122.6048051,54.61412708],[-122.61213795,54.62950068],[-122.63115644,54.63333464],[-122.60773378,54.64449484],[-122.60961261,54.6503884],[-122.59964695,54.65847015],[-122.62117242,54.67188803],[-122.5919017,54.69503928],[-122.57996939,54.72817527],[-122.59490793,54.73745863],[-122.60223396,54.7649018],[-122.61598703,54.77327166],[-122.62301546,54.80817672],[-122.65833987,54.81235229],[-122.67877102,54.79898685],[-122.69059355,54.80320041],[-122.74011576,54.79511165],[-122.7824285,54.81697273],[-122.81750749,54.84636907],[-122.82746193,54.83955375],[-122.84773367,54.8444726],[-122.85219653,54.83061668],[-122.87137942,54.82442472],[-122.88651474,54.83080038],[-122.88730285,54.83848273],[-122.89622935,54.83662145],[-122.89284111,54.83438982],[-122.91254674,54.81475173],[-122.93346976,54.8030014],[-122.94797754,54.80403298],[-122.99089851,54.78394646],[-123.0336244,54.78606002],[-123.03946481,54.77414482],[-123.08963809,54.76837858],[-123.10812155,54.75092042],[-123.12576065,54.74831496],[-123.15981048,54.76258485],[-123.18023958,54.76130406],[-123.18667224,54.75204692],[-123.2352428,54.72553815],[-123.24488315,54.70805758],[-123.25731746,54.70683058],[-123.26754248,54.67814917],[-123.27892614,54.6713833],[-123.28045858,54.67549578]]]}},{"type":"Feature","id":"WHSE_BASEMAPPING.FWA_WATERSHED_GROUPS_POLY.146","properties":{"sourceLayer":"WHSE_BASEMAPPING.FWA_WATERSHED_GROUPS_POLY","boundaryCode":"MUSK","boundaryName":"Muskeg River","OBJECTID":114403,"WATERSHED_GROUP_ID":146,"WATERSHED_GROUP_CODE":"MUSK","WATERSHED_GROUP_NAME":"Muskeg River","AREA_HA":84709.9080814302},"geometry":{"type":"Polygon","coordinates":[[[-123.19092132,54.617021],[-123.22134634,54.63559826],[-123.27140412,54.63006929],[-123.2840137,54.61824941],[-123.28968672,54.63640771],[-123.28576963,54.65004029],[-123.29661885,54.65649483],[-123.29458312,54.67506684],[-123.30034599,54.68195866],[-123.32025064,54.67732935],[-123.33046748,54.68264915],[-123.34384164,54.67211518],[-123.40356091,54.67314624],[-123.40977938,54.6842852],[-123.43683738,54.68262895],[-123.43800216,54.69125025],[-123.46305613,54.70887043],[-123.4839154,54.70882491],[-123.48419504,54.72838837],[-123.52935775,54.73129113],[-123.5444935,54.72484536],[-123.58133269,54.73225735],[-123.60313625,54.74630235],[-123.62890637,54.75170145],[-123.64611989,54.77056548],[-123.6774388,54.75631403],[-123.68925934,54.76122324],[-123.70189071,54.75194411],[-123.68530942,54.74635316],[-123.69579623,54.73430175],[-123.67682059,54.7306356],[-123.67331096,54.71137793],[-123.64607988,54.70547883],[-123.65068097,54.69106793],[-123.63015439,54.6859639],[-123.63400531,54.67924844],[-123.6281931,54.6724665],[-123.56761809,54.67074631],[-123.56267874,54.65667963],[-123.55451128,54.65565082],[-123.55529434,54.64739809],[-123.54502184,54.63945522],[-123.55553499,54.63322433],[-123.53346539,54.62726825],[-123.52566872,54.61790781],[-123.53344679,54.61124431],[-123.50745929,54.5981689],[-123.5121271,54.5880397],[-123.50559727,54.58266587],[-123.49016266,54.5742365],[-123.46185293,54.57859477],[-123.4852197,54.55922087],[-123.47423133,54.55310822],[-123.4608073,54.55478278],[-123.46290096,54.54517147],[-123.45647273,54.5398555],[-123.42659393,54.53823202],[-123.41244937,54.5287906],[-123.4207395,54.5155149],[-123.40806855,54.5042434],[-123.41433109,54.49877184],[-123.41196286,54.4906924],[-123.42461891,54.4864276],[-123.41080957,54.47894663],[-123.4394534,54.47061089],[-123.43339887,54.46519244],[-123.44120792,54.45584733],[-123.43698152,54.44426006],[-123.34055653,54.42552616],[-123.33521964,54.40973236],[-123.32429571,54.40408217],[-123.31617563,54.40388801],[-123.31487251,54.41275893],[-123.29753587,54.41602334],[-123.29413498,54.40495427],[-123.22733251,54.41138262],[-123.2114598,54.40025218],[-123.18108154,54.40369377],[-123.14319872,54.39730571],[-123.13372142,54.40535124],[-123.13881404,54.41249939],[-123.10966191,54.41462042],[-123.11940912,54.42112097],[-123.11541488,54.44029173],[-123.09338724,54.44210521],[-123.10739216,54.49143443],[-123.10227443,54.50207569],[-123.08475229,54.51259522],[-123.06025997,54.51603401],[-123.02869523,54.50520612],[-123.02780192,54.51125868],[-123.03829406,54.5180481],[-123.0300124,54.52773556],[-123.00797358,54.53019451],[-123.00110389,54.52559535],[-122.99921175,54.5386786],[-122.97975549,54.53328465],[-122.96637492,54.54911695],[-122.9532851,54.55406649],[-122.90986957,54.55133382],[-122.89388547,54.57231568],[-122.90003229,54.58891101],[-122.9157066,54.59725392],[-122.91396321,54.60926834],[-122.90652206,54.61341481],[-122.9614214,54.65411077],[-123.0176516,54.648364],[-123.01993646,54.6304706],[-123.01470233,54.62088225],[-123.05453601,54.59082728],[-123.08165758,54.594982],[-123.10411739,54.58581298],[-123.11254685,54.58820797],[-123.1162589,54.60342297],[-123.13543167,54.59689297],[-123.15420757,54.60539919],[-123.14738499,54.61096166],[-123.15137497,54.61386853],[-123.17330317,54.61077456],[-123.19092132,54.617021]]]}},{"type":"Feature","id":"WHSE_BASEMAPPING.FWA_WATERSHED_GROUPS_POLY.219","properties":{"sourceLayer":"WHSE_BASEMAPPING.FWA_WATERSHED_GROUPS_POLY","boundaryCode":"UCHR","boundaryName":"Upper Chilcotin River","OBJECTID":114365,"WATERSHED_GROUP_ID":219,"WATERSHED_GROUP_CODE":"UCHR","WATERSHED_GROUP_NAME":"Upper Chilcotin River","AREA_HA":431454.677872021},"geometry":{"type":"Polygon","coordinates":[[[-124.16328439,52.73008477],[-124.17796433,52.72253179],[-124.21278112,52.72920029],[-124.23389474,52.72269319],[-124.25168571,52.74306878],[-124.28614137,52.7464761],[-124.38211855,52.72516474],[-124.40220753,52.74068032],[-124.41034196,52.73869884],[-124.42910777,52.74834781],[-124.4575147,52.74493132],[-124.47924448,52.7629941],[-124.48367845,52.77503107],[-124.50619329,52.77145976],[-124.50825168,52.76324915],[-124.53474306,52.76055578],[-124.54288905,52.76394846],[-124.54135616,52.77169735],[-124.56825698,52.77297506],[-124.59283381,52.78792877],[-124.59646058,52.79963084],[-124.60990987,52.8094018],[-124.59617944,52.81895555],[-124.5993942,52.83981549],[-124.62537933,52.85258883],[-124.63852978,52.83738167],[-124.66236019,52.82692077],[-124.6840382,52.82556323],[-124.70409911,52.81106545],[-124.72456297,52.80941718],[-124.73006779,52.80020336],[-124.76237015,52.80994156],[-124.82659507,52.79525004],[-124.87243871,52.77511168],[-124.8703604,52.76321534],[-124.85444604,52.75711856],[-124.84876198,52.73418119],[-124.83287439,52.72027393],[-124.84717001,52.70738557],[-124.83237804,52.70199572],[-124.83136307,52.68179838],[-124.84091502,52.67440552],[-124.83433434,52.65706573],[-124.85887521,52.64849523],[-124.86935347,52.63621815],[-124.88994418,52.63447178],[-124.88450238,52.62316155],[-124.87602923,52.62064964],[-124.87374504,52.5979918],[-124.85997615,52.58117538],[-124.86034937,52.56097901],[-124.84818655,52.54984348],[-124.82596985,52.54474858],[-124.83984419,52.52953615],[-124.86248608,52.52747957],[-124.86653195,52.51789693],[-124.8753224,52.51653509],[-124.8691763,52.51028442],[-124.85563143,52.51058956],[-124.86192580556333,52.5],[-123.92609880441105,52.5],[-123.97929581,52.53961452],[-123.97851527,52.54754058],[-123.99471314,52.55341021],[-123.98233972,52.56896111],[-123.9867275,52.60148589],[-123.97881677,52.61151486],[-123.94893701,52.60255188],[-123.95362847,52.61353938],[-123.96164187,52.6111401],[-123.97059153,52.6295992],[-123.98795735,52.63178416],[-123.9969364,52.64370805],[-123.99403581,52.65549475],[-124.0063328,52.6718722],[-124.05356518,52.68953728],[-124.06352381,52.68261771],[-124.09681197,52.69140652],[-124.10560562,52.70486734],[-124.11827888,52.70520698],[-124.14084667,52.72605932],[-124.16328439,52.73008477]]]}},{"type":"Feature","id":"WHSE_BASEMAPPING.FWA_WATERSHED_GROUPS_POLY.220","properties":{"sourceLayer":"WHSE_BASEMAPPING.FWA_WATERSHED_GROUPS_POLY","boundaryCode":"UDEN","boundaryName":"Upper Dean River","OBJECTID":114420,"WATERSHED_GROUP_ID":220,"WATERSHED_GROUP_CODE":"UDEN","WATERSHED_GROUP_NAME":"Upper Dean River","AREA_HA":352592.800306929},"geometry":{"type":"Polygon","coordinates":[[[-125,52.5],[-124.86192580556333,52.5],[-124.85486685,52.50853153],[-124.87399248,52.51606963],[-124.8655604,52.51815802],[-124.86562244,52.52654002],[-124.83033601,52.53448598],[-124.82767304,52.54570934],[-124.84866029,52.54972918],[-124.86171413,52.56188965],[-124.85941108,52.58204542],[-124.87440031,52.59912132],[-124.87374306,52.61885461],[-124.88944348,52.63287433],[-124.86549621,52.63780148],[-124.85887521,52.64849523],[-124.83433434,52.65706573],[-124.84091502,52.67440552],[-124.83136307,52.68179838],[-124.83223851,52.70184502],[-124.8522954,52.70537249],[-124.87601349,52.6975458],[-124.89301289,52.70836163],[-124.93968887,52.69680551],[-124.95872716,52.70641276],[-124.95568141,52.7144373],[-124.96335168,52.7235785],[-124.99793418,52.72863225],[-125,52.5]]]}}]}
