{"type":"FeatureCollection","features":[{"type":"Feature","geometry":{"type":"Polygon","coordinates":[[[-62.52112,46.01664],[-62.52747,46.0176],[-62.52822,46.01561],[-62.52386,46.01503],[-62.54718,46.01115],[-62.54268,46.00215],[-62.53611,46.00215],[-62.53752,45.99916],[-62.53105,45.99246],[-62.52606,45.99287],[-62.51297,46.00106],[-62.51661,46.00758],[-62.52693,46.00713],[-62.51816,46.01069],[-62.52112,46.01664]]]},"properties":{"id":"1101002","boundaryId":"census:csd:1101002","boundaryCode":"1101002","boundaryName":"Murray Harbour","boundarySource":"census","boundaryLevel":"csd","CSDUID":"1101002","CSDNAME":"Murray Harbour","CSDTYPE":"RM","CDUID":"1101","PRUID":"11","DGUID":"2021A00051101002","LANDAREA":3.9012000000000002,"areaKm2":3.9012000000000002,"north_south":"South","north_south_code":"S"}},{"type":"Feature","geometry":{"type":"MultiPolygon","coordinates":[[[[-62.5105,46.01845],[-62.52369,46.01721],[-62.51816,46.01069],[-62.50991,46.01531],[-62.5105,46.01845]]],[[[-62.453,46.01457],[-62.45448,46.01802],[-62.47204,46.01852],[-62.47827,46.02177],[-62.47916,46.01929],[-62.47432,46.01868],[-62.4749,46.01666],[-62.47755,46.0195],[-62.48197,46.01602],[-62.49357,46.01544],[-62.50327,46.0112],[-62.50257,46.00838],[-62.51423,46.01116],[-62.51661,46.00758],[-62.51297,46.00106],[-62.53038,45.99207],[-62.53752,45.99916],[-62.53611,46.00215],[-62.54268,46.00215],[-62.54718,46.01115],[-62.55845,46.00925],[-62.52226,46.02223],[-62.53594,46.02172],[-62.53261,46.02532],[-62.53469,46.02742],[-62.55448,46.02434],[-62.55717,46.02686],[-62.56348,46.0239],[-62.56239,46.02104],[-62.58391,46.01635],[-62.57977,46.00186],[-62.59599,45.99858],[-62.5985,45.99506],[-62.58518,45.96564],[-62.55464,45.96692],[-62.5,45.97887],[-62.45729,46.00325],[-62.453,46.01457]]]]},"properties":{"id":"1101003","boundaryId":"census:csd:1101003","boundaryCode":"1101003","boundaryName":"Murray Harbour","boundarySource":"census","boundaryLevel":"csd","CSDUID":"1101003","CSDNAME":"Murray Harbour","CSDTYPE":"FD","CDUID":"1101","PRUID":"11","DGUID":"2021A00051101003","LANDAREA":42.774,"areaKm2":42.774,"north_south":"South","north_south_code":"S"}},{"type":"Feature","geometry":{"type":"Polygon","coordinates":[[[-62.61276,46.01782],[-62.61987,46.01974],[-62.62343,46.00633],[-62.60381,46.0073],[-62.60549,46.0114],[-62.60006,46.01159],[-62.60442,46.01568],[-62.61259,46.01222],[-62.60954,46.01432],[-62.61276,46.01782]]]},"properties":{"id":"1101004","boundaryId":"census:csd:1101004","boundaryCode":"1101004","boundaryName":"Murray River","boundarySource":"census","boundaryLevel":"csd","CSDUID":"1101004","CSDNAME":"Murray River","CSDTYPE":"RM","CDUID":"1101","PRUID":"11","DGUID":"2021A00051101004","LANDAREA":1.5425,"areaKm2":1.5425,"north_south":"South","north_south_code":"S"}},{"type":"Feature","geometry":{"type":"MultiPolygon","coordinates":[[[[-62.48355,46.02113],[-62.48685,46.0274],[-62.48595,46.02303],[-62.48355,46.02113]]],[[[-62.48553,46.02762],[-62.48382,46.031],[-62.48555,46.03332],[-62.48553,46.02762]]],[[[-62.50193,46.03258],[-62.50539,46.03478],[-62.5052,46.03184],[-62.50193,46.03258]]],[[[-62.49203,46.02531],[-62.49672,46.02753],[-62.50138,46.02268],[-62.49203,46.02531]]],[[[-62.51378,46.03688],[-62.51567,46.04069],[-62.52194,46.03533],[-62.51557,46.03414],[-62.50963,46.02594],[-62.50307,46.02723],[-62.51175,46.02826],[-62.50804,46.032],[-62.51791,46.03529],[-62.51378,46.03688]]],[[[-62.45,46.09113],[-62.45559,46.09622],[-62.4762,46.09431],[-62.47579,46.1007],[-62.48485,46.09891],[-62.48708,46.10345],[-62.49338,46.10489],[-62.4889,46.09638],[-62.51081,46.09075],[-62.51533,46.09268],[-62.51933,46.10223],[-62.5269,46.10073],[-62.52973,46.10687],[-62.53303,46.10615],[-62.53415,46.10169],[-62.54082,46.11622],[-62.54977,46.113],[-62.55005,46.10742],[-62.57694,46.10014],[-62.58089,46.10938],[-62.58524,46.10852],[-62.58202,46.1007],[-62.61153,46.09493],[-62.61761,46.1034],[-62.62357,46.10126],[-62.62089,46.09183],[-62.71335,46.07474],[-62.66753,45.95879],[-62.66335,45.95878],[-62.61638,45.96512],[-62.58518,45.96564],[-62.5985,45.99506],[-62.59599,45.99858],[-62.57977,46.00186],[-62.58391,46.01635],[-62.56239,46.02104],[-62.56348,46.0239],[-62.6067,46.01612],[-62.60006,46.01159],[-62.60549,46.0114],[-62.60381,46.0073],[-62.62252,46.00574],[-62.61987,46.01974],[-62.61008,46.01634],[-62.56761,46.02789],[-62.56804,46.03458],[-62.56253,46.03536],[-62.56087,46.03908],[-62.54955,46.0331],[-62.54419,46.0367],[-62.5369,46.03665],[-62.53542,46.03963],[-62.53915,46.0435],[-62.53592,46.04814],[-62.54034,46.0487],[-62.52947,46.05543],[-62.52736,46.05236],[-62.52339,46.0532],[-62.52859,46.05193],[-62.53189,46.04619],[-62.52002,46.04261],[-62.5205,46.0453],[-62.51386,46.04411],[-62.49342,46.04952],[-62.49688,46.04913],[-62.49433,46.05251],[-62.49075,46.04988],[-62.49259,46.04856],[-62.48073,46.04509],[-62.48401,46.0378],[-62.47663,46.05083],[-62.47039,46.05242],[-62.46541,46.07008],[-62.45216,46.08089],[-62.45,46.09113]]]]},"properties":{"id":"1101005","boundaryId":"census:csd:1101005","boundaryCode":"1101005","boundaryName":"Murray River, Part 1","boundarySource":"census","boundaryLevel":"csd","CSDUID":"1101005","CSDNAME":"Murray River, Part 1","CSDTYPE":"FD","CDUID":"1101","PRUID":"11","DGUID":"2021A00051101005","LANDAREA":174.78490000000002,"areaKm2":174.78490000000002,"north_south":"South","north_south_code":"S"}},{"type":"Feature","geometry":{"type":"Polygon","coordinates":[[[-62.59475,46.34599],[-62.67341,46.33143],[-62.66772,46.31269],[-62.67283,46.31155],[-62.67676,46.32122],[-62.68429,46.31973],[-62.682,46.31337],[-62.69406,46.31119],[-62.69552,46.31322],[-62.70564,46.30917],[-62.71073,46.31126],[-62.71128,46.30441],[-62.71502,46.31315],[-62.72096,46.31203],[-62.71722,46.30265],[-62.70505,46.30519],[-62.70269,46.29935],[-62.68562,46.2911],[-62.68671,46.29383],[-62.68434,46.29433],[-62.68047,46.28924],[-62.66941,46.2845],[-62.67132,46.27768],[-62.66309,46.27945],[-62.6572,46.26711],[-62.62073,46.25987],[-62.62765,46.27777],[-62.62516,46.28383],[-62.6099,46.28039],[-62.61313,46.28832],[-62.60404,46.29203],[-62.60543,46.29592],[-62.60126,46.29725],[-62.5998,46.29346],[-62.58647,46.29871],[-62.59316,46.31592],[-62.58302,46.31789],[-62.59475,46.34599]]]},"properties":{"id":"1101020","boundaryId":"census:csd:1101020","boundaryCode":"1101020","boundaryName":"Cardigan","boundarySource":"census","boundaryLevel":"csd","CSDUID":"1101020","CSDNAME":"Cardigan","CSDTYPE":"FD","CDUID":"1101","PRUID":"11","DGUID":"2021A00051101020","LANDAREA":50.176300000000005,"areaKm2":50.176300000000005,"north_south":"South","north_south_code":"S"}},{"type":"Feature","geometry":{"type":"Polygon","coordinates":[[[-62.56377,46.34072],[-62.56656,46.34766],[-62.59253,46.34229],[-62.58302,46.31789],[-62.59316,46.31592],[-62.58639,46.29853],[-62.5792,46.30262],[-62.56322,46.26976],[-62.56382,46.27538],[-62.55788,46.2777],[-62.55004,46.25806],[-62.4947,46.27],[-62.51187,46.28735],[-62.52115,46.29234],[-62.52352,46.29778],[-62.53095,46.2985],[-62.53386,46.30291],[-62.54607,46.29664],[-62.55295,46.31372],[-62.54983,46.31438],[-62.5513,46.3182],[-62.55554,46.32024],[-62.53362,46.32468],[-62.53776,46.33655],[-62.56075,46.33313],[-62.56377,46.34072]]]},"properties":{"id":"1101025","boundaryId":"census:csd:1101025","boundaryCode":"1101025","boundaryName":"Central Kings","boundarySource":"census","boundaryLevel":"csd","CSDUID":"1101025","CSDNAME":"Central Kings","CSDTYPE":"FD","CDUID":"1101","PRUID":"11","DGUID":"2021A00051101025","LANDAREA":33.0157,"areaKm2":33.0157,"north_south":"South","north_south_code":"S"}},{"type":"Feature","geometry":{"type":"Polygon","coordinates":[[[-62.44994,46.36003],[-62.45576,46.36294],[-62.4807,46.35811],[-62.48619,46.3721],[-62.50069,46.36905],[-62.50241,46.37339],[-62.53192,46.368],[-62.52894,46.36252],[-62.5619,46.3529],[-62.56656,46.34766],[-62.56075,46.33313],[-62.53776,46.33655],[-62.53362,46.32468],[-62.55554,46.32024],[-62.5513,46.3182],[-62.54983,46.31438],[-62.55295,46.31372],[-62.54607,46.29664],[-62.53386,46.30291],[-62.53095,46.2985],[-62.52165,46.29712],[-62.5244,46.30579],[-62.52088,46.3083],[-62.5326,46.31187],[-62.53313,46.32021],[-62.53224,46.31195],[-62.51871,46.30913],[-62.52346,46.30604],[-62.51862,46.29757],[-62.52008,46.29456],[-62.48744,46.27039],[-62.47013,46.27553],[-62.46676,46.27212],[-62.44951,46.2716],[-62.44422,46.2655],[-62.45506,46.29248],[-62.44984,46.29346],[-62.44675,46.28557],[-62.4415,46.28655],[-62.43778,46.29186],[-62.44678,46.30599],[-62.45419,46.30445],[-62.4553,46.30754],[-62.43789,46.31118],[-62.44241,46.3174],[-62.4486,46.31607],[-62.4524,46.32477],[-62.44701,46.3259],[-62.44657,46.33193],[-62.42744,46.33555],[-62.43798,46.33995],[-62.44239,46.35276],[-62.44994,46.36003]]]},"properties":{"id":"1101027","boundaryId":"census:csd:1101027","boundaryCode":"1101027","boundaryName":"Central Kings","boundarySource":"census","boundaryLevel":"csd","CSDUID":"1101027","CSDNAME":"Central Kings","CSDTYPE":"RM","CDUID":"1101","PRUID":"11","DGUID":"2021A00051101027","LANDAREA":72.94420000000001,"areaKm2":72.94420000000001,"north_south":"South","north_south_code":"S"}},{"type":"Feature","geometry":{"type":"MultiPolygon","coordinates":[[[[-62.42433,46.25721],[-62.42517,46.25762],[-62.42638,46.25701],[-62.42433,46.25721]]],[[[-62.42706,46.25647],[-62.4308,46.25627],[-62.43163,46.25408],[-62.42706,46.25647]]],[[[-62.41425,46.32724],[-62.45094,46.32139],[-62.4486,46.31607],[-62.44241,46.3174],[-62.43789,46.31118],[-62.4553,46.30754],[-62.45419,46.30445],[-62.44678,46.30599],[-62.43778,46.29186],[-62.4415,46.28655],[-62.44675,46.28557],[-62.44984,46.29346],[-62.45506,46.29248],[-62.44422,46.2655],[-62.43946,46.26752],[-62.42658,46.26351],[-62.42416,46.25796],[-62.42092,46.25877],[-62.41705,46.26577],[-62.4255,46.27039],[-62.42205,46.27253],[-62.42265,46.27565],[-62.42177,46.27009],[-62.41769,46.26746],[-62.38619,46.26026],[-62.37663,46.25157],[-62.37978,46.25692],[-62.3757,46.27425],[-62.35753,46.27688],[-62.37183,46.28671],[-62.3747,46.30069],[-62.37493,46.29233],[-62.37834,46.29184],[-62.37739,46.29567],[-62.38374,46.29943],[-62.39032,46.29628],[-62.38752,46.30051],[-62.40284,46.30366],[-62.39997,46.30572],[-62.40814,46.30882],[-62.41425,46.32724]]]]},"properties":{"id":"1101030","boundaryId":"census:csd:1101030","boundaryCode":"1101030","boundaryName":"Annandale - Little Pond - Howe Bay","boundarySource":"census","boundaryLevel":"csd","CSDUID":"1101030","CSDNAME":"Annandale - Little Pond - Howe Bay","CSDTYPE":"RM","CDUID":"1101","PRUID":"11","DGUID":"2021A00051101030","LANDAREA":31.873700000000003,"areaKm2":31.873700000000003,"north_south":"South","north_south_code":"S"}},{"type":"Feature","geometry":{"type":"MultiPolygon","coordinates":[[[[-62.27992,46.36678],[-62.27921,46.36721],[-62.28026,46.36676],[-62.27992,46.36678]]],[[[-62.27602,46.36382],[-62.27638,46.36453],[-62.27681,46.36464],[-62.27602,46.36382]]],[[[-62.27706,46.36475],[-62.27963,46.36564],[-62.27876,46.36473],[-62.27706,46.36475]]],[[[-62.28555,46.36733],[-62.28961,46.37161],[-62.29454,46.36939],[-62.29778,46.3724],[-62.31515,46.36904],[-62.30657,46.36544],[-62.30787,46.35698],[-62.29628,46.35129],[-62.3065,46.34134],[-62.2934,46.33377],[-62.28091,46.33316],[-62.28044,46.339],[-62.2704,46.34375],[-62.27952,46.35041],[-62.27943,46.36263],[-62.28555,46.36733]]]]},"properties":{"id":"1101033","boundaryId":"census:csd:1101033","boundaryCode":"1101033","boundaryName":"Souris West","boundarySource":"census","boundaryLevel":"csd","CSDUID":"1101033","CSDNAME":"Souris West","CSDTYPE":"RM","CDUID":"1101","PRUID":"11","DGUID":"2021A00051101033","LANDAREA":7.7283,"areaKm2":7.7283,"north_south":"South","north_south_code":"S"}},{"type":"Feature","geometry":{"type":"MultiPolygon","coordinates":[[[[-62.35563,46.31324],[-62.35536,46.31333],[-62.35662,46.31346],[-62.35563,46.31324]]],[[[-62.35403,46.31775],[-62.35465,46.31727],[-62.35419,46.31706],[-62.35403,46.31775]]],[[[-62.35652,46.31374],[-62.35536,46.31385],[-62.35632,46.31432],[-62.35652,46.31374]]],[[[-62.35281,46.32997],[-62.3516,46.33193],[-62.35345,46.3307],[-62.35281,46.32997]]],[[[-62.35503,46.31694],[-62.35689,46.31615],[-62.35768,46.31404],[-62.35503,46.31694]]],[[[-62.21532,46.47189],[-62.22743,46.4735],[-62.236,46.47069],[-62.23857,46.47932],[-62.35295,46.46902],[-62.41639,46.4683],[-62.41549,46.44943],[-62.43689,46.44709],[-62.44713,46.44055],[-62.42813,46.39486],[-62.44277,46.37931],[-62.43512,46.36505],[-62.44854,46.35889],[-62.44239,46.35276],[-62.43798,46.33995],[-62.42744,46.33555],[-62.44657,46.33193],[-62.44701,46.3259],[-62.4524,46.32477],[-62.45094,46.32139],[-62.41715,46.32826],[-62.41433,46.32743],[-62.40662,46.31018],[-62.37687,46.30595],[-62.37609,46.30242],[-62.33228,46.30422],[-62.36763,46.31781],[-62.35422,46.32016],[-62.35204,46.3242],[-62.3538,46.31495],[-62.34847,46.32394],[-62.34187,46.32559],[-62.34939,46.32899],[-62.35465,46.32708],[-62.3667,46.33722],[-62.35794,46.33254],[-62.35088,46.33363],[-62.34995,46.32937],[-62.34714,46.32911],[-62.33687,46.33997],[-62.36565,46.34926],[-62.37345,46.35698],[-62.36279,46.351],[-62.33861,46.35332],[-62.31807,46.34998],[-62.3065,46.34134],[-62.29628,46.35129],[-62.30787,46.35698],[-62.30657,46.36544],[-62.31515,46.36904],[-62.29069,46.37169],[-62.29223,46.37883],[-62.30155,46.38507],[-62.2904,46.38],[-62.2842,46.38089],[-62.29042,46.37735],[-62.27894,46.37172],[-62.27396,46.3668],[-62.27444,46.36349],[-62.26874,46.36132],[-62.25995,46.36469],[-62.26284,46.36145],[-62.25653,46.36006],[-62.23212,46.36632],[-62.2372,46.34691],[-62.22955,46.34497],[-62.20965,46.34429],[-62.20824,46.34887],[-62.19849,46.35083],[-62.1828,46.34751],[-62.17937,46.35167],[-62.17073,46.3536],[-62.17105,46.35985],[-62.15638,46.36677],[-62.16001,46.37246],[-62.15554,46.37373],[-62.16539,46.37518],[-62.17381,46.39287],[-62.17047,46.39371],[-62.18513,46.42465],[-62.19313,46.42335],[-62.1948,46.4263],[-62.21804,46.42134],[-62.22507,46.4371],[-62.20799,46.44117],[-62.21734,46.46096],[-62.21047,46.46261],[-62.21532,46.47189]]]]},"properties":{"id":"1101035","boundaryId":"census:csd:1101035","boundaryCode":"1101035","boundaryName":"Souris","boundarySource":"census","boundaryLevel":"csd","CSDUID":"1101035","CSDNAME":"Souris","CSDTYPE":"FD","CDUID":"1101","PRUID":"11","DGUID":"2021A00051101035","LANDAREA":272.5544,"areaKm2":272.5544,"north_south":"South","north_south_code":"S"}},{"type":"Feature","geometry":{"type":"Polygon","coordinates":[[[-62.23212,46.36632],[-62.27735,46.35617],[-62.25854,46.35557],[-62.24724,46.34868],[-62.25108,46.34775],[-62.24656,46.348],[-62.25455,46.34758],[-62.23933,46.34237],[-62.23212,46.36632]]]},"properties":{"id":"1101036","boundaryId":"census:csd:1101036","boundaryCode":"1101036","boundaryName":"Souris","boundarySource":"census","boundaryLevel":"csd","CSDUID":"1101036","CSDNAME":"Souris","CSDTYPE":"T","CDUID":"1101","PRUID":"11","DGUID":"2021A00051101036","LANDAREA":3.6085000000000003,"areaKm2":3.6085000000000003,"north_south":"South","north_south_code":"S"}},{"type":"Feature","geometry":{"type":"Polygon","coordinates":[[[-62.4168,46.46853],[-62.47219,46.47484],[-62.53787,46.46823],[-62.562,46.46955],[-62.61327,46.46544],[-62.62936,46.46762],[-62.69442,46.45573],[-62.7284,46.44416],[-62.71172,46.43997],[-62.67795,46.44279],[-62.65421,46.43236],[-62.61296,46.43141],[-62.58832,46.42092],[-62.58407,46.43006],[-62.56498,46.43178],[-62.57204,46.41492],[-62.57551,46.41508],[-62.57281,46.40754],[-62.60334,46.40533],[-62.60942,46.41865],[-62.62621,46.41673],[-62.6263,46.40628],[-62.62063,46.40367],[-62.59319,46.34215],[-62.56449,46.3481],[-62.5619,46.3529],[-62.52894,46.36252],[-62.53192,46.368],[-62.50241,46.37339],[-62.50069,46.36905],[-62.48619,46.3721],[-62.4807,46.35811],[-62.45576,46.36294],[-62.44357,46.35966],[-62.44025,46.36468],[-62.43512,46.36505],[-62.44277,46.37931],[-62.42814,46.39516],[-62.44713,46.44055],[-62.43689,46.44709],[-62.41549,46.44943],[-62.4168,46.46853]]]},"properties":{"id":"1101037","boundaryId":"census:csd:1101037","boundaryCode":"1101037","boundaryName":"St. Peters","boundarySource":"census","boundaryLevel":"csd","CSDUID":"1101037","CSDNAME":"St. Peters","CSDTYPE":"FD","CDUID":"1101","PRUID":"11","DGUID":"2021A00051101037","LANDAREA":183.4379,"areaKm2":183.4379,"north_south":"South","north_south_code":"S"}},{"type":"Feature","geometry":{"type":"MultiPolygon","coordinates":[[[[-62.08769,46.39504],[-62.08769,46.39522],[-62.08805,46.39505],[-62.08769,46.39504]]],[[[-62.10523,46.38726],[-62.10493,46.3876],[-62.10538,46.38742],[-62.10523,46.38726]],[[-62.08694,46.39531],[-62.08663,46.39534],[-62.08741,46.39523],[-62.08694,46.39531]]],[[[-62.08592,46.39592],[-62.08526,46.39611],[-62.08625,46.39598],[-62.08592,46.39592]]],[[[-62.05784,46.40808],[-62.05724,46.40852],[-62.05811,46.40854],[-62.05784,46.40808]]],[[[-62.0602,46.40587],[-62.05949,46.4068],[-62.06072,46.40613],[-62.0602,46.40587]]],[[[-62.05973,46.40514],[-62.05847,46.40557],[-62.0611,46.40512],[-62.05973,46.40514]]],[[[-61.98606,46.46287],[-62.06822,46.46828],[-62.13764,46.47969],[-62.14371,46.48378],[-62.15997,46.48202],[-62.16446,46.48555],[-62.18,46.48139],[-62.20398,46.48369],[-62.23857,46.47932],[-62.236,46.47069],[-62.22743,46.4735],[-62.21532,46.47189],[-62.21051,46.46297],[-62.21734,46.46096],[-62.20799,46.44117],[-62.22507,46.4371],[-62.21804,46.42134],[-62.1948,46.4263],[-62.19313,46.42335],[-62.18513,46.42465],[-62.17047,46.39371],[-62.17381,46.39287],[-62.16539,46.37518],[-62.15577,46.37399],[-62.16001,46.37246],[-62.15638,46.36677],[-62.13315,46.36737],[-62.11141,46.37544],[-62.10795,46.37713],[-62.11073,46.38211],[-62.12336,46.38599],[-62.10878,46.38549],[-62.09188,46.39193],[-62.08836,46.39608],[-62.07652,46.39862],[-62.10434,46.38791],[-62.10966,46.38237],[-62.10644,46.3777],[-62.06316,46.40346],[-62.04956,46.41569],[-62.03471,46.42056],[-62.01987,46.43036],[-62.00818,46.43178],[-62.01858,46.42433],[-62.0586,46.40659],[-62.00557,46.43004],[-61.97118,46.45214],[-61.98205,46.45687],[-61.98606,46.46287]]]]},"properties":{"id":"1101040","boundaryId":"census:csd:1101040","boundaryCode":"1101040","boundaryName":"Eastern Kings","boundarySource":"census","boundaryLevel":"csd","CSDUID":"1101040","CSDNAME":"Eastern Kings","CSDTYPE":"RM","CDUID":"1101","PRUID":"11","DGUID":"2021A00051101040","LANDAREA":141.1223,"areaKm2":141.1223,"north_south":"South","north_south_code":"S"}},{"type":"Feature","geometry":{"type":"MultiPolygon","coordinates":[[[[-62.82199,46.42285],[-62.8219,46.42318],[-62.8223,46.42261],[-62.82199,46.42285]]],[[[-62.63431,46.42314],[-62.63741,46.42516],[-62.64333,46.42282],[-62.65186,46.41577],[-62.6696,46.42742],[-62.6872,46.42357],[-62.70739,46.43143],[-62.72205,46.43064],[-62.73332,46.43816],[-62.74813,46.43984],[-62.73268,46.43991],[-62.74227,46.44349],[-62.83287,46.43289],[-62.83388,46.43055],[-62.83251,46.428],[-62.83145,46.43047],[-62.82027,46.43087],[-62.83165,46.42746],[-62.82382,46.42285],[-62.82079,46.42469],[-62.82125,46.41901],[-62.81511,46.41632],[-62.81756,46.41212],[-62.79925,46.40392],[-62.79023,46.39631],[-62.79249,46.39607],[-62.78495,46.38236],[-62.77595,46.38651],[-62.76896,46.38035],[-62.77845,46.37545],[-62.7782,46.3699],[-62.75537,46.37118],[-62.75303,46.36526],[-62.76079,46.36367],[-62.75262,46.34843],[-62.76266,46.34603],[-62.76117,46.34279],[-62.76531,46.34186],[-62.75158,46.30599],[-62.74606,46.30712],[-62.74215,46.29721],[-62.71722,46.30265],[-62.72096,46.31203],[-62.71502,46.31315],[-62.71128,46.30441],[-62.71073,46.31126],[-62.70564,46.30917],[-62.69552,46.31322],[-62.69406,46.31119],[-62.682,46.31337],[-62.68429,46.31973],[-62.67676,46.32122],[-62.67283,46.31155],[-62.66772,46.31269],[-62.67341,46.33143],[-62.59631,46.34566],[-62.62063,46.40367],[-62.6263,46.40628],[-62.62547,46.41496],[-62.62846,46.42198],[-62.63431,46.42314]],[[-62.71618,46.35866],[-62.71253,46.36299],[-62.69865,46.35786],[-62.69677,46.35419],[-62.69969,46.35267],[-62.71618,46.35866]],[[-62.71289,46.41673],[-62.71402,46.42037],[-62.70091,46.42253],[-62.69762,46.41873],[-62.70291,46.41728],[-62.69858,46.4166],[-62.69788,46.40974],[-62.70984,46.40699],[-62.71289,46.41673]]]]},"properties":{"id":"1101043","boundaryId":"census:csd:1101043","boundaryCode":"1101043","boundaryName":"Morell","boundarySource":"census","boundaryLevel":"csd","CSDUID":"1101043","CSDNAME":"Morell","CSDTYPE":"FD","CDUID":"1101","PRUID":"11","DGUID":"2021A00051101043","LANDAREA":155.2897,"areaKm2":155.2897,"north_south":"South","north_south_code":"S"}},{"type":"Feature","geometry":{"type":"Polygon","coordinates":[[[-62.56833,46.42588],[-62.56569,46.42554],[-62.56498,46.43178],[-62.58407,46.43006],[-62.58832,46.42092],[-62.58182,46.41517],[-62.59162,46.41435],[-62.60942,46.41865],[-62.60334,46.40533],[-62.57992,46.40838],[-62.57731,46.40643],[-62.57281,46.40754],[-62.57551,46.41508],[-62.57204,46.41492],[-62.56833,46.42588]]]},"properties":{"id":"1101044","boundaryId":"census:csd:1101044","boundaryCode":"1101044","boundaryName":"St. Peters Bay","boundarySource":"census","boundaryLevel":"csd","CSDUID":"1101044","CSDNAME":"St. Peters Bay","CSDTYPE":"RM","CDUID":"1101","PRUID":"11","DGUID":"2021A00051101044","LANDAREA":4.4413,"areaKm2":4.4413,"north_south":"South","north_south_code":"S"}},{"type":"Feature","geometry":{"type":"MultiPolygon","coordinates":[[[[-62.47558,46.21704],[-62.47663,46.21732],[-62.47648,46.21707],[-62.47558,46.21704]]],[[[-62.48471,46.21521],[-62.48404,46.21553],[-62.48482,46.21561],[-62.48471,46.21521]]],[[[-62.42589,46.25662],[-62.42476,46.25669],[-62.42431,46.25718],[-62.42589,46.25662]]],[[[-62.43026,46.25065],[-62.42916,46.25247],[-62.43075,46.25192],[-62.43026,46.25065]]],[[[-62.43029,46.25342],[-62.42764,46.25521],[-62.42705,46.25646],[-62.43029,46.25342]]],[[[-62.40085,46.1842],[-62.40108,46.18812],[-62.41483,46.1985],[-62.41731,46.20844],[-62.41698,46.19915],[-62.43255,46.19624],[-62.43022,46.1902],[-62.40727,46.18567],[-62.39946,46.17802],[-62.39664,46.17975],[-62.40085,46.1842]]],[[[-62.46613,46.14512],[-62.48155,46.14914],[-62.50094,46.14681],[-62.50143,46.14457],[-62.49772,46.14544],[-62.49818,46.14217],[-62.50798,46.13535],[-62.50089,46.13193],[-62.48232,46.13548],[-62.46938,46.13452],[-62.47189,46.13822],[-62.46849,46.14054],[-62.4685,46.1215],[-62.47888,46.11838],[-62.48671,46.12162],[-62.49616,46.12056],[-62.49776,46.11699],[-62.4937,46.10983],[-62.51424,46.11378],[-62.52137,46.10525],[-62.51528,46.11779],[-62.51131,46.11724],[-62.51529,46.12072],[-62.53286,46.12419],[-62.54018,46.11884],[-62.53415,46.10169],[-62.53303,46.10615],[-62.52973,46.10687],[-62.5269,46.10073],[-62.51933,46.10223],[-62.51533,46.09268],[-62.51081,46.09075],[-62.4889,46.09638],[-62.49338,46.10489],[-62.48708,46.10345],[-62.48485,46.09891],[-62.47579,46.1007],[-62.4762,46.09431],[-62.45222,46.09536],[-62.45209,46.10066],[-62.44755,46.10448],[-62.45429,46.10784],[-62.46627,46.12484],[-62.46613,46.14512]]],[[[-62.4209,46.24664],[-62.42257,46.25595],[-62.42262,46.24691],[-62.44023,46.24733],[-62.47116,46.26772],[-62.49944,46.26452],[-62.4947,46.27],[-62.55004,46.25806],[-62.55788,46.2777],[-62.56382,46.27538],[-62.56322,46.26976],[-62.5792,46.30262],[-62.5998,46.29346],[-62.60126,46.29725],[-62.60543,46.29592],[-62.60404,46.29203],[-62.61313,46.28832],[-62.6099,46.28039],[-62.62516,46.28383],[-62.62765,46.27777],[-62.62073,46.25987],[-62.62491,46.25894],[-62.6572,46.26711],[-62.66309,46.27945],[-62.67132,46.27768],[-62.66941,46.2845],[-62.68047,46.28924],[-62.68434,46.29433],[-62.68671,46.29383],[-62.68562,46.2911],[-62.70269,46.29935],[-62.70505,46.30519],[-62.74766,46.29606],[-62.74356,46.28241],[-62.77595,46.27769],[-62.75882,46.23615],[-62.74305,46.23937],[-62.73553,46.22841],[-62.75003,46.22874],[-62.74848,46.2243],[-62.75551,46.22422],[-62.75191,46.21537],[-62.7586,46.21415],[-62.76096,46.21048],[-62.75653,46.19936],[-62.76274,46.18915],[-62.78465,46.1848],[-62.77765,46.16789],[-62.7932,46.16486],[-62.78906,46.16014],[-62.80792,46.15669],[-62.79685,46.14509],[-62.77914,46.14914],[-62.75502,46.12692],[-62.75222,46.12748],[-62.74113,46.11205],[-62.7316,46.11374],[-62.72709,46.10889],[-62.71335,46.07474],[-62.62089,46.09183],[-62.62357,46.10126],[-62.61761,46.1034],[-62.61153,46.09493],[-62.58202,46.1007],[-62.58524,46.10852],[-62.58089,46.10938],[-62.57694,46.10014],[-62.55147,46.10681],[-62.54977,46.113],[-62.54079,46.11478],[-62.54155,46.11976],[-62.54891,46.12754],[-62.53001,46.13281],[-62.52925,46.13715],[-62.53423,46.14065],[-62.55202,46.14085],[-62.5475,46.14198],[-62.54735,46.14667],[-62.54309,46.14967],[-62.53608,46.14626],[-62.52516,46.16002],[-62.54804,46.17347],[-62.567,46.16941],[-62.57236,46.17422],[-62.58787,46.17382],[-62.59183,46.17114],[-62.60695,46.1737],[-62.61588,46.17108],[-62.6202,46.1664],[-62.63779,46.16641],[-62.65382,46.16006],[-62.67183,46.16137],[-62.67445,46.15896],[-62.67162,46.16168],[-62.62886,46.16769],[-62.60864,46.17711],[-62.57851,46.1813],[-62.56252,46.17899],[-62.55789,46.18154],[-62.57309,46.19232],[-62.59005,46.19306],[-62.6067,46.20035],[-62.6308,46.19482],[-62.62892,46.19554],[-62.64489,46.19871],[-62.62705,46.19703],[-62.60895,46.20473],[-62.61072,46.20632],[-62.59393,46.2038],[-62.59056,46.19899],[-62.57888,46.19948],[-62.57953,46.19596],[-62.57527,46.19862],[-62.5793,46.20439],[-62.56823,46.19952],[-62.5737,46.19731],[-62.56428,46.19522],[-62.56229,46.19115],[-62.54182,46.18324],[-62.53696,46.17795],[-62.52522,46.18077],[-62.51745,46.1758],[-62.51246,46.17837],[-62.51485,46.1738],[-62.52203,46.17393],[-62.51478,46.17273],[-62.50101,46.17284],[-62.49553,46.17753],[-62.50354,46.1889],[-62.51668,46.19544],[-62.51881,46.20259],[-62.52186,46.20077],[-62.5178,46.19634],[-62.52681,46.20078],[-62.53743,46.21273],[-62.57082,46.22145],[-62.5748,46.21893],[-62.59067,46.22127],[-62.60961,46.23171],[-62.6231,46.23146],[-62.63545,46.23547],[-62.61765,46.23217],[-62.61186,46.23647],[-62.59827,46.23077],[-62.58515,46.23184],[-62.59066,46.22934],[-62.5809,46.22451],[-62.57439,46.22819],[-62.56043,46.2242],[-62.53984,46.22706],[-62.5396,46.22151],[-62.53442,46.22154],[-62.53254,46.21764],[-62.52355,46.21808],[-62.51233,46.21204],[-62.50859,46.21323],[-62.51423,46.21224],[-62.50931,46.2091],[-62.4779,46.21968],[-62.47361,46.2157],[-62.48984,46.21506],[-62.47083,46.20736],[-62.44249,46.20839],[-62.40804,46.2132],[-62.41095,46.22406],[-62.41743,46.22906],[-62.4209,46.24664]]]]},"properties":{"id":"1101045","boundaryId":"census:csd:1101045","boundaryCode":"1101045","boundaryName":"Three Rivers","boundarySource":"census","boundaryLevel":"csd","CSDUID":"1101045","CSDNAME":"Three Rivers","CSDTYPE":"T","CDUID":"1101","PRUID":"11","DGUID":"2021A00051101045","LANDAREA":431.4717,"areaKm2":431.4717,"north_south":"South","north_south_code":"S"}},{"type":"Feature","geometry":{"type":"Polygon","coordinates":[[[-62.70091,46.42253],[-62.71402,46.42037],[-62.70984,46.40699],[-62.69788,46.40974],[-62.69858,46.4166],[-62.70291,46.41728],[-62.69762,46.41873],[-62.70091,46.42253]]]},"properties":{"id":"1101048","boundaryId":"census:csd:1101048","boundaryCode":"1101048","boundaryName":"Morell","boundarySource":"census","boundaryLevel":"csd","CSDUID":"1101048","CSDNAME":"Morell","CSDTYPE":"RM","CDUID":"1101","PRUID":"11","DGUID":"2021A00051101048","LANDAREA":1.4917,"areaKm2":1.4917,"north_south":"South","north_south_code":"S"}},{"type":"Feature","geometry":{"type":"Polygon","coordinates":[[[-62.71618,46.35866],[-62.69969,46.35267],[-62.69677,46.35419],[-62.69865,46.35786],[-62.71253,46.36299],[-62.71618,46.35866]]]},"properties":{"id":"1101050","boundaryId":"census:csd:1101050","boundaryCode":"1101050","boundaryName":"Morell 2","boundarySource":"census","boundaryLevel":"csd","CSDUID":"1101050","CSDNAME":"Morell 2","CSDTYPE":"IRI","CDUID":"1101","PRUID":"11","DGUID":"2021A00051101050","LANDAREA":0.7828,"areaKm2":0.7828,"north_south":"South","north_south_code":"S"}},{"type":"Feature","geometry":{"type":"MultiPolygon","coordinates":[[[[-62.83685,46.43336],[-62.86423,46.4342],[-62.85597,46.41177],[-62.84219,46.4177],[-62.84222,46.42699],[-62.83466,46.43028],[-62.83685,46.43336]]],[[[-62.81587,46.41089],[-62.83684,46.40873],[-62.83974,46.40393],[-62.84222,46.40814],[-62.84034,46.41035],[-62.85387,46.40612],[-62.84217,46.37532],[-62.83534,46.37833],[-62.83447,46.37585],[-62.82688,46.3767],[-62.83438,46.37538],[-62.83492,46.37753],[-62.84168,46.37405],[-62.80878,46.28668],[-62.80237,46.28236],[-62.77307,46.2891],[-62.76946,46.27895],[-62.74356,46.28241],[-62.74766,46.29606],[-62.74215,46.29721],[-62.74606,46.30712],[-62.75158,46.30599],[-62.76531,46.34186],[-62.76117,46.34279],[-62.76266,46.34603],[-62.75262,46.34843],[-62.76079,46.36367],[-62.75303,46.36526],[-62.75537,46.37118],[-62.7782,46.3699],[-62.77845,46.37545],[-62.76896,46.38035],[-62.77595,46.38651],[-62.78495,46.38236],[-62.79249,46.39607],[-62.79023,46.39631],[-62.79925,46.40392],[-62.81587,46.41089]]]]},"properties":{"id":"1101052","boundaryId":"census:csd:1101052","boundaryCode":"1101052","boundaryName":"East River, Part 2","boundarySource":"census","boundaryLevel":"csd","CSDUID":"1101052","CSDNAME":"East River, Part 2","CSDTYPE":"FD","CDUID":"1101","PRUID":"11","DGUID":"2021A00051101052","LANDAREA":74.64200000000001,"areaKm2":74.64200000000001,"north_south":"South","north_south_code":"S"}},{"type":"Feature","geometry":{"type":"Polygon","coordinates":[[[-62.76645,46.09203],[-62.79245,46.11956],[-62.80877,46.11634],[-62.80686,46.11152],[-62.82581,46.10798],[-62.82691,46.11075],[-62.82007,46.11498],[-62.84525,46.12463],[-62.83729,46.12596],[-62.83508,46.12913],[-62.86904,46.14029],[-62.87723,46.13241],[-62.88145,46.13371],[-62.87906,46.12761],[-62.88647,46.12964],[-62.88622,46.10906],[-62.87399,46.10858],[-62.86304,46.11283],[-62.86452,46.11074],[-62.89673,46.10683],[-62.91355,46.09726],[-62.91652,46.09057],[-62.9374,46.09169],[-62.94522,46.08336],[-62.98522,46.06885],[-63,46.06593],[-63.00593,46.0696],[-63.01917,46.06773],[-63.02064,46.06556],[-63.0148,46.06626],[-63.01859,46.06175],[-63.03928,46.05364],[-63.04008,46.04982],[-63.00086,46.05212],[-62.98166,46.05629],[-62.9667,46.05489],[-62.96263,46.05717],[-62.96553,46.05638],[-62.96775,46.06154],[-62.96294,46.06762],[-62.96537,46.05958],[-62.95561,46.06222],[-62.96277,46.05757],[-62.94798,46.04614],[-62.92403,46.03602],[-62.89441,46.01144],[-62.90513,46.02064],[-62.90511,46.02447],[-62.88444,46.01331],[-62.88464,46.00775],[-62.87432,46.00895],[-62.8589,46.00223],[-62.87427,46.00547],[-62.88794,46.00292],[-62.8867,46.00809],[-62.89299,46.00051],[-62.88074,45.9959],[-62.87264,45.98849],[-62.8583,45.98703],[-62.86046,45.98482],[-62.85179,45.97353],[-62.84464,45.97329],[-62.8297,45.96433],[-62.76935,45.95998],[-62.75558,45.94814],[-62.75274,45.94959],[-62.7567,45.94909],[-62.76423,45.95813],[-62.76465,45.96331],[-62.75697,45.95779],[-62.74741,45.95816],[-62.75067,45.95474],[-62.74712,45.95272],[-62.75111,45.94976],[-62.74915,45.94928],[-62.74234,45.95046],[-62.74685,45.95542],[-62.74468,45.95916],[-62.73142,45.96318],[-62.70072,45.96019],[-62.69942,45.96654],[-62.70903,45.98724],[-62.70633,45.98774],[-62.71094,45.99871],[-62.72352,45.99593],[-62.72744,46.00805],[-62.73181,46.01217],[-62.71483,46.02922],[-62.74391,46.04063],[-62.76107,46.03696],[-62.77256,46.07278],[-62.77276,46.07695],[-62.76048,46.07947],[-62.76645,46.09203]]]},"properties":{"id":"1102002","boundaryId":"census:csd:1102002","boundaryCode":"1102002","boundaryName":"Belfast","boundarySource":"census","boundaryLevel":"csd","CSDUID":"1102002","CSDNAME":"Belfast","CSDTYPE":"RM","CDUID":"1102","PRUID":"11","DGUID":"2021A00051102002","LANDAREA":229.27300000000002,"areaKm2":229.27300000000002,"north_south":"South","north_south_code":"S"}},{"type":"Feature","geometry":{"type":"Polygon","coordinates":[[[-62.70882,46.06365],[-62.71437,46.07725],[-62.76975,46.06623],[-62.76851,46.06314],[-62.77111,46.06277],[-62.76107,46.03696],[-62.74391,46.04063],[-62.71483,46.02922],[-62.73181,46.01217],[-62.72744,46.00805],[-62.72352,45.99593],[-62.71094,45.99871],[-62.69875,45.96149],[-62.66753,45.95879],[-62.70882,46.06365]]]},"properties":{"id":"1102003","boundaryId":"census:csd:1102003","boundaryCode":"1102003","boundaryName":"Murray River, Part 2","boundarySource":"census","boundaryLevel":"csd","CSDUID":"1102003","CSDNAME":"Murray River, Part 2","CSDTYPE":"FD","CDUID":"1102","PRUID":"11","DGUID":"2021A00051102003","LANDAREA":38.8725,"areaKm2":38.8725,"north_south":"South","north_south_code":"S"}},{"type":"Feature","geometry":{"type":"Polygon","coordinates":[[[-62.76207,46.13361],[-62.77914,46.14914],[-62.79685,46.14509],[-62.80792,46.15669],[-62.81088,46.15626],[-62.80729,46.14124],[-62.81458,46.13972],[-62.80784,46.13294],[-62.78811,46.13642],[-62.78519,46.13352],[-62.80622,46.12979],[-62.76529,46.09239],[-62.76048,46.07947],[-62.77276,46.07695],[-62.76975,46.06623],[-62.71437,46.07725],[-62.72709,46.10889],[-62.7316,46.11374],[-62.74113,46.11205],[-62.75222,46.12748],[-62.76207,46.13361]]]},"properties":{"id":"1102005","boundaryId":"census:csd:1102005","boundaryCode":"1102005","boundaryName":"Montague","boundarySource":"census","boundaryLevel":"csd","CSDUID":"1102005","CSDNAME":"Montague","CSDTYPE":"FD","CDUID":"1102","PRUID":"11","DGUID":"2021A00051102005","LANDAREA":30.2115,"areaKm2":30.2115,"north_south":"South","north_south_code":"S"}},{"type":"Feature","geometry":{"type":"MultiPolygon","coordinates":[[[[-62.97516,46.18428],[-62.97485,46.18454],[-62.97566,46.18445],[-62.97516,46.18428]]],[[[-62.95206,46.28034],[-62.96582,46.27767],[-62.96849,46.28288],[-62.97238,46.27654],[-62.98725,46.27475],[-62.98485,46.26461],[-62.99273,46.2635],[-62.98951,46.24956],[-63.00705,46.24585],[-63.01141,46.24714],[-63.01633,46.25543],[-63.01395,46.25761],[-63.02439,46.27896],[-63.03878,46.28116],[-63.04745,46.2765],[-63.04231,46.27495],[-63.04525,46.26507],[-63.04058,46.26232],[-63.0448,46.26361],[-63.04926,46.25994],[-63.06379,46.2626],[-63.06952,46.25332],[-63.06456,46.24867],[-63.05612,46.24921],[-63.0571,46.24279],[-63.05318,46.24253],[-63.05372,46.2379],[-63.06248,46.24109],[-63.06617,46.23872],[-63.06353,46.24243],[-63.06669,46.24447],[-63.08224,46.24458],[-63.07059,46.2217],[-63.06749,46.22417],[-63.06639,46.22179],[-63.05764,46.22291],[-63.05584,46.23305],[-63.04507,46.2294],[-63.04034,46.21606],[-63.03159,46.2159],[-63.03098,46.2195],[-63.02666,46.21596],[-63.01866,46.2265],[-63.01997,46.22867],[-62.97743,46.2369],[-62.97182,46.22181],[-62.98519,46.21903],[-62.98173,46.21149],[-62.98657,46.21292],[-62.98874,46.21763],[-62.99156,46.21721],[-62.98853,46.21071],[-62.99554,46.20964],[-62.9976,46.21364],[-63.00382,46.21088],[-63.00595,46.21512],[-63.01362,46.21376],[-63.01233,46.21087],[-63.0083,46.21179],[-63.00201,46.19773],[-63.00669,46.19589],[-63.00299,46.18678],[-63.00058,46.18703],[-63.00757,46.17454],[-62.98663,46.17373],[-62.98221,46.1792],[-62.98697,46.17505],[-62.98986,46.17818],[-62.98688,46.18244],[-62.99475,46.18538],[-62.99382,46.18868],[-62.98726,46.18759],[-62.98713,46.19345],[-62.97576,46.19549],[-62.95814,46.20615],[-62.965,46.22004],[-62.97103,46.22196],[-62.96133,46.22687],[-62.96583,46.24029],[-62.94007,46.24535],[-62.94302,46.25228],[-62.93848,46.25301],[-62.93969,46.25607],[-62.93371,46.2573],[-62.9306,46.24982],[-62.9259,46.25076],[-62.929,46.25832],[-62.91697,46.25879],[-62.92176,46.25979],[-62.92498,46.26675],[-62.94475,46.26266],[-62.95206,46.28034]]]]},"properties":{"id":"1102010","boundaryId":"census:csd:1102010","boundaryCode":"1102010","boundaryName":"Crossroads","boundarySource":"census","boundaryLevel":"csd","CSDUID":"1102010","CSDNAME":"Crossroads","CSDTYPE":"FD","CDUID":"1102","PRUID":"11","DGUID":"2021A00051102010","LANDAREA":53.297200000000004,"areaKm2":53.297200000000004,"north_south":"South","north_south_code":"S"}},{"type":"Feature","geometry":{"type":"Polygon","coordinates":[[[-62.97664,46.21907],[-62.97182,46.22181],[-62.97743,46.2369],[-63.01997,46.22867],[-63.01866,46.2265],[-63.02666,46.21596],[-63.03098,46.2195],[-63.03159,46.2159],[-63.0355,46.21598],[-63.03317,46.21031],[-63.00595,46.21512],[-63.00382,46.21088],[-62.9976,46.21364],[-62.99554,46.20964],[-62.98853,46.21071],[-62.99156,46.21721],[-62.98874,46.21763],[-62.98418,46.21086],[-62.98173,46.21149],[-62.98519,46.21903],[-62.97664,46.21907]]]},"properties":{"id":"1102011","boundaryId":"census:csd:1102011","boundaryCode":"1102011","boundaryName":"Hazelbrook","boundarySource":"census","boundaryLevel":"csd","CSDUID":"1102011","CSDNAME":"Hazelbrook","CSDTYPE":"RM","CDUID":"1102","PRUID":"11","DGUID":"2021A00051102011","LANDAREA":8.0911,"areaKm2":8.0911,"north_south":"South","north_south_code":"S"}},{"type":"Feature","geometry":{"type":"Polygon","coordinates":[[[-63.01317,46.2127],[-63.0551,46.20642],[-63.05239,46.18654],[-63.04708,46.18843],[-63.04375,46.19446],[-63.03643,46.19142],[-63.04087,46.19057],[-63.039,46.18767],[-63.03483,46.18772],[-63.03103,46.19377],[-63.02716,46.18859],[-63.02507,46.19237],[-63.01773,46.19159],[-63.01552,46.18984],[-63.02506,46.18483],[-63.01264,46.1882],[-63.00976,46.18628],[-63.01203,46.18701],[-63.01675,46.18002],[-63.01897,46.18382],[-63.02216,46.18312],[-63.02478,46.17715],[-63.00757,46.17454],[-63.00058,46.18703],[-63.00299,46.18678],[-63.00669,46.19589],[-63.00201,46.19773],[-63.0083,46.21179],[-63.01317,46.2127]]]},"properties":{"id":"1102013","boundaryId":"census:csd:1102013","boundaryCode":"1102013","boundaryName":"Alexandra","boundarySource":"census","boundaryLevel":"csd","CSDUID":"1102013","CSDNAME":"Alexandra","CSDTYPE":"RM","CDUID":"1102","PRUID":"11","DGUID":"2021A00051102013","LANDAREA":10.3542,"areaKm2":10.3542,"north_south":"South","north_south_code":"S"}},{"type":"Feature","geometry":{"type":"Polygon","coordinates":[[[-63.01272,46.29356],[-63.01676,46.29593],[-63.02903,46.2857],[-63.02414,46.28139],[-63.01395,46.25761],[-63.01633,46.25543],[-63.01141,46.24714],[-63.00705,46.24585],[-62.98951,46.24956],[-62.99273,46.2635],[-62.98485,46.26461],[-62.98756,46.27719],[-62.99912,46.27713],[-63.00449,46.28397],[-63.01038,46.28491],[-63.00934,46.2912],[-63.01272,46.29356]]]},"properties":{"id":"1102015","boundaryId":"census:csd:1102015","boundaryCode":"1102015","boundaryName":"Johnstons River","boundarySource":"census","boundaryLevel":"csd","CSDUID":"1102015","CSDNAME":"Johnstons River","CSDTYPE":"FD","CDUID":"1102","PRUID":"11","DGUID":"2021A00051102015","LANDAREA":9.4489,"areaKm2":9.4489,"north_south":"South","north_south_code":"S"}},{"type":"Feature","geometry":{"type":"MultiPolygon","coordinates":[[[[-62.97373,46.18447],[-62.9737,46.18462],[-62.97412,46.18473],[-62.97373,46.18447]]],[[[-62.97131,46.18388],[-62.9713,46.18415],[-62.9726,46.18425],[-62.97131,46.18388]]],[[[-62.87486,46.14046],[-62.87937,46.14002],[-62.87724,46.13777],[-62.87486,46.14046]]],[[[-63.05597,46.13407],[-63.04998,46.13925],[-63.06791,46.13773],[-63.06133,46.13221],[-63.05597,46.13407]]],[[[-62.77595,46.27769],[-62.76946,46.27895],[-62.77307,46.2891],[-62.80237,46.28236],[-62.80618,46.28702],[-62.81263,46.28612],[-62.81787,46.28449],[-62.81863,46.28095],[-62.8567,46.27271],[-62.85857,46.27712],[-62.88377,46.27324],[-62.8886,46.27865],[-62.92552,46.2676],[-62.92176,46.25979],[-62.91697,46.25879],[-62.929,46.25832],[-62.9259,46.25076],[-62.9306,46.24982],[-62.93371,46.2573],[-62.93969,46.25607],[-62.93848,46.25301],[-62.94302,46.25228],[-62.94007,46.24535],[-62.96583,46.24029],[-62.96133,46.22687],[-62.97103,46.22196],[-62.965,46.22004],[-62.95814,46.20615],[-62.97107,46.1974],[-62.96857,46.19388],[-62.97292,46.18831],[-62.96619,46.1883],[-62.96486,46.19156],[-62.9538,46.19116],[-62.94218,46.18652],[-62.93512,46.17875],[-62.93272,46.18196],[-62.93265,46.17503],[-62.92957,46.17319],[-62.93692,46.17445],[-62.93347,46.17104],[-62.93873,46.17304],[-62.93722,46.16934],[-62.94166,46.16909],[-62.9488,46.17397],[-62.94828,46.16481],[-62.95408,46.16223],[-62.95877,46.15013],[-62.96368,46.14771],[-62.96497,46.13097],[-62.96191,46.1228],[-62.95096,46.12794],[-62.9492,46.12086],[-62.93816,46.12562],[-62.92732,46.12423],[-62.91506,46.13383],[-62.91542,46.13848],[-62.91152,46.1355],[-62.91155,46.12952],[-62.90214,46.13223],[-62.90077,46.13584],[-62.90761,46.14032],[-62.89685,46.13937],[-62.89512,46.14155],[-62.8986,46.14827],[-62.89322,46.15473],[-62.9039,46.15855],[-62.89831,46.16094],[-62.90422,46.17102],[-62.90851,46.17203],[-62.90216,46.17187],[-62.90013,46.17463],[-62.89494,46.16416],[-62.89001,46.16173],[-62.88495,46.16408],[-62.88112,46.17446],[-62.87603,46.16868],[-62.89086,46.15008],[-62.88621,46.139],[-62.87427,46.14285],[-62.87341,46.13924],[-62.86155,46.13978],[-62.83508,46.12913],[-62.83729,46.12596],[-62.84525,46.12463],[-62.82007,46.11498],[-62.82691,46.11075],[-62.82581,46.10798],[-62.80686,46.11152],[-62.80877,46.11634],[-62.79245,46.11956],[-62.80622,46.12979],[-62.78519,46.13352],[-62.78811,46.13642],[-62.80784,46.13294],[-62.81458,46.13972],[-62.80729,46.14124],[-62.81088,46.15626],[-62.78906,46.16014],[-62.7932,46.16486],[-62.77765,46.16789],[-62.78465,46.1848],[-62.76274,46.18915],[-62.75653,46.19936],[-62.76096,46.21048],[-62.7586,46.21415],[-62.75191,46.21537],[-62.75551,46.22422],[-62.74848,46.2243],[-62.75003,46.22874],[-62.73553,46.22841],[-62.74305,46.23937],[-62.75882,46.23615],[-62.77595,46.27769]]]]},"properties":{"id":"1102016","boundaryId":"census:csd:1102016","boundaryCode":"1102016","boundaryName":"Vernon River","boundarySource":"census","boundaryLevel":"csd","CSDUID":"1102016","CSDNAME":"Vernon River","CSDTYPE":"FD","CDUID":"1102","PRUID":"11","DGUID":"2021A00051102016","LANDAREA":221.943,"areaKm2":221.943,"north_south":"South","north_south_code":"S"}},{"type":"Feature","geometry":{"type":"MultiPolygon","coordinates":[[[[-63.30333,46.4367],[-63.30319,46.43687],[-63.30368,46.437],[-63.30333,46.4367]]],[[[-63.31806,46.43211],[-63.31882,46.43273],[-63.31807,46.43192],[-63.31806,46.43211]]],[[[-63.14826,46.42806],[-63.15,46.42807],[-63.1508,46.42675],[-63.14826,46.42806]]],[[[-63.14885,46.42871],[-63.14714,46.42992],[-63.15153,46.43136],[-63.22916,46.43143],[-63.23405,46.43419],[-63.21826,46.43194],[-63.27141,46.44569],[-63.25786,46.43901],[-63.25406,46.433],[-63.24204,46.43566],[-63.22951,46.43004],[-63.21458,46.42841],[-63.21099,46.42567],[-63.21437,46.41397],[-63.21139,46.41228],[-63.21376,46.41407],[-63.21197,46.41593],[-63.20943,46.41099],[-63.22582,46.40542],[-63.22506,46.40096],[-63.23003,46.40136],[-63.23199,46.39642],[-63.22922,46.39457],[-63.23272,46.39604],[-63.22746,46.40441],[-63.22872,46.40808],[-63.25204,46.40184],[-63.25174,46.39465],[-63.28473,46.38259],[-63.29123,46.37665],[-63.28562,46.38316],[-63.25435,46.3979],[-63.26258,46.40131],[-63.253,46.40176],[-63.23916,46.42104],[-63.26966,46.42326],[-63.28837,46.41688],[-63.27735,46.42498],[-63.26858,46.42522],[-63.2708,46.4302],[-63.28464,46.43821],[-63.27643,46.43558],[-63.27512,46.43885],[-63.28088,46.44468],[-63.28849,46.44693],[-63.29895,46.44478],[-63.29847,46.4397],[-63.30396,46.43606],[-63.30557,46.42904],[-63.31738,46.43121],[-63.31593,46.42875],[-63.32244,46.42473],[-63.33094,46.42823],[-63.33094,46.41928],[-63.33674,46.41874],[-63.34788,46.40964],[-63.34883,46.4061],[-63.35388,46.40437],[-63.35393,46.40037],[-63.35525,46.40513],[-63.34313,46.41354],[-63.34059,46.41961],[-63.33369,46.42106],[-63.33397,46.42818],[-63.3446,46.43151],[-63.33788,46.42954],[-63.32999,46.43206],[-63.33578,46.43661],[-63.33954,46.44676],[-63.3378,46.44937],[-63.34924,46.44988],[-63.34344,46.45218],[-63.34622,46.45944],[-63.34142,46.46025],[-63.34807,46.47844],[-63.37127,46.47424],[-63.36961,46.47034],[-63.37664,46.46897],[-63.40068,46.47193],[-63.39886,46.46629],[-63.42563,46.45919],[-63.41897,46.45392],[-63.42099,46.4502],[-63.41835,46.44869],[-63.44842,46.44487],[-63.44393,46.43215],[-63.45694,46.42962],[-63.4501,46.42623],[-63.45681,46.42492],[-63.4544,46.41821],[-63.48565,46.41174],[-63.48239,46.40286],[-63.49446,46.40067],[-63.48536,46.37687],[-63.48787,46.37424],[-63.48487,46.37233],[-63.49119,46.36495],[-63.48859,46.36386],[-63.49055,46.35724],[-63.48133,46.36586],[-63.47744,46.35541],[-63.48322,46.35436],[-63.45718,46.33736],[-63.43466,46.33926],[-63.42395,46.32612],[-63.41932,46.32851],[-63.42083,46.33518],[-63.3857,46.33953],[-63.3685,46.33726],[-63.36356,46.32463],[-63.32599,46.33426],[-63.30917,46.3248],[-63.30747,46.32081],[-63.29765,46.32263],[-63.29584,46.31733],[-63.24849,46.32641],[-63.25168,46.32798],[-63.23616,46.3323],[-63.23913,46.33394],[-63.23413,46.33494],[-63.23662,46.33654],[-63.22987,46.34222],[-63.2367,46.35539],[-63.21521,46.35742],[-63.22226,46.37521],[-63.21202,46.37526],[-63.21783,46.39016],[-63.21112,46.39461],[-63.20253,46.3946],[-63.19408,46.37549],[-63.16865,46.3781],[-63.17129,46.38354],[-63.18401,46.3823],[-63.16787,46.38824],[-63.16856,46.38495],[-63.15934,46.3868],[-63.16345,46.38928],[-63.16414,46.40004],[-63.16997,46.4036],[-63.16945,46.40928],[-63.18637,46.41234],[-63.19137,46.40598],[-63.18807,46.41136],[-63.19096,46.41915],[-63.20036,46.42181],[-63.15794,46.42389],[-63.15533,46.42856],[-63.14885,46.42871]],[[-63.33448,46.37259],[-63.33374,46.37494],[-63.32886,46.35739],[-63.34247,46.3436],[-63.35328,46.34831],[-63.36692,46.34646],[-63.36903,46.35357],[-63.36396,46.3595],[-63.36758,46.36101],[-63.36101,46.36803],[-63.35938,46.36363],[-63.33641,46.36976],[-63.33448,46.37259]]]]},"properties":{"id":"1102017","boundaryId":"census:csd:1102017","boundaryCode":"1102017","boundaryName":"New Glasgow","boundarySource":"census","boundaryLevel":"csd","CSDUID":"1102017","CSDNAME":"New Glasgow","CSDTYPE":"FD","CDUID":"1102","PRUID":"11","DGUID":"2021A00051102017","LANDAREA":256.1345,"areaKm2":256.1345,"north_south":"South","north_south_code":"S"}},{"type":"Feature","geometry":{"type":"MultiPolygon","coordinates":[[[[-63.49522,46.23271],[-63.50444,46.23322],[-63.50276,46.22848],[-63.48799,46.22674],[-63.49522,46.23271]]],[[[-63.40374,46.33647],[-63.42083,46.33518],[-63.41932,46.32851],[-63.42395,46.32612],[-63.43466,46.33926],[-63.46635,46.33653],[-63.47042,46.33352],[-63.47759,46.33813],[-63.49331,46.33702],[-63.49509,46.33451],[-63.49668,46.33905],[-63.50414,46.33834],[-63.49547,46.32141],[-63.49908,46.31732],[-63.49388,46.30341],[-63.49973,46.30739],[-63.50465,46.30637],[-63.50229,46.29721],[-63.5106,46.29567],[-63.50875,46.28903],[-63.5237,46.28637],[-63.50781,46.24465],[-63.49814,46.24711],[-63.49036,46.24361],[-63.48948,46.23758],[-63.49498,46.23321],[-63.49036,46.22856],[-63.48228,46.23447],[-63.48774,46.22782],[-63.48174,46.22346],[-63.47869,46.21501],[-63.47041,46.20979],[-63.47469,46.20553],[-63.45263,46.18677],[-63.43394,46.18876],[-63.41715,46.17675],[-63.40768,46.17516],[-63.39738,46.16846],[-63.38501,46.17034],[-63.36629,46.16695],[-63.32502,46.151],[-63.33043,46.16517],[-63.34143,46.16313],[-63.34294,46.16754],[-63.34034,46.17064],[-63.3487,46.18454],[-63.36332,46.18181],[-63.37652,46.18676],[-63.37895,46.20205],[-63.37258,46.20112],[-63.36424,46.20525],[-63.3713,46.22355],[-63.37882,46.22206],[-63.37649,46.22638],[-63.38302,46.22496],[-63.38839,46.23106],[-63.36372,46.23963],[-63.3598,46.2385],[-63.35712,46.24425],[-63.36181,46.24615],[-63.35827,46.24896],[-63.37821,46.24507],[-63.3796,46.24872],[-63.38766,46.24718],[-63.38942,46.25387],[-63.39786,46.25647],[-63.39901,46.25915],[-63.39563,46.2603],[-63.40282,46.26544],[-63.39563,46.26805],[-63.38801,46.27776],[-63.3837,46.2768],[-63.39031,46.29422],[-63.41046,46.30319],[-63.41085,46.30535],[-63.39321,46.30946],[-63.40374,46.33647]]]]},"properties":{"id":"1102018","boundaryId":"census:csd:1102018","boundaryCode":"1102018","boundaryName":"Crapaud, Part 1","boundarySource":"census","boundaryLevel":"csd","CSDUID":"1102018","CSDNAME":"Crapaud, Part 1","CSDTYPE":"FD","CDUID":"1102","PRUID":"11","DGUID":"2021A00051102018","LANDAREA":152.4524,"areaKm2":152.4524,"north_south":"South","north_south_code":"S"}},{"type":"Feature","geometry":{"type":"MultiPolygon","coordinates":[[[[-63.31809,46.4283],[-63.31593,46.42875],[-63.31738,46.43121],[-63.31809,46.4283]]],[[[-63.29733,46.46234],[-63.30092,46.46361],[-63.29228,46.45395],[-63.2881,46.457],[-63.29733,46.46234]]],[[[-63.33058,46.45122],[-63.33643,46.46936],[-63.34412,46.46754],[-63.34142,46.46025],[-63.34622,46.45944],[-63.34344,46.45218],[-63.34943,46.45042],[-63.3378,46.44937],[-63.33954,46.44676],[-63.33578,46.43661],[-63.32712,46.43089],[-63.31048,46.43456],[-63.3117,46.43922],[-63.30453,46.45035],[-63.30593,46.45269],[-63.31155,46.45487],[-63.32186,46.45045],[-63.33058,46.45122]]]]},"properties":{"id":"1102019","boundaryId":"census:csd:1102019","boundaryCode":"1102019","boundaryName":"North Rustico","boundarySource":"census","boundaryLevel":"csd","CSDUID":"1102019","CSDNAME":"North Rustico","CSDTYPE":"FD","CDUID":"1102","PRUID":"11","DGUID":"2021A00051102019","LANDAREA":6.5585,"areaKm2":6.5585,"north_south":"South","north_south_code":"S"}},{"type":"Feature","geometry":{"type":"Polygon","coordinates":[[[-63.29245,46.30647],[-63.32146,46.31553],[-63.32955,46.30574],[-63.33532,46.31573],[-63.34745,46.31339],[-63.34995,46.30518],[-63.35312,46.30405],[-63.3475,46.28933],[-63.30921,46.27828],[-63.29245,46.30647]]]},"properties":{"id":"1102020","boundaryId":"census:csd:1102020","boundaryCode":"1102020","boundaryName":"North Wiltshire","boundarySource":"census","boundaryLevel":"csd","CSDUID":"1102020","CSDNAME":"North Wiltshire","CSDTYPE":"RM","CDUID":"1102","PRUID":"11","DGUID":"2021A00051102020","LANDAREA":12.4292,"areaKm2":12.4292,"north_south":"South","north_south_code":"S"}},{"type":"Feature","geometry":{"type":"Polygon","coordinates":[[[-63.26819,46.30559],[-63.2824,46.302],[-63.29245,46.30647],[-63.30921,46.27828],[-63.29326,46.27374],[-63.28232,46.27664],[-63.27864,46.27274],[-63.27989,46.27567],[-63.27101,46.27533],[-63.2722,46.27713],[-63.2556,46.27478],[-63.23067,46.28005],[-63.23728,46.281],[-63.23151,46.2821],[-63.23664,46.29412],[-63.26266,46.29231],[-63.26819,46.30559]]]},"properties":{"id":"1102021","boundaryId":"census:csd:1102021","boundaryCode":"1102021","boundaryName":"Hampshire","boundarySource":"census","boundaryLevel":"csd","CSDUID":"1102021","CSDNAME":"Hampshire","CSDTYPE":"RM","CDUID":"1102","PRUID":"11","DGUID":"2021A00051102021","LANDAREA":13.5168,"areaKm2":13.5168,"north_south":"South","north_south_code":"S"}},{"type":"Feature","geometry":{"type":"Polygon","coordinates":[[[-63.25495,46.27319],[-63.2722,46.27713],[-63.27101,46.27533],[-63.27989,46.27567],[-63.27864,46.27274],[-63.28232,46.27664],[-63.29326,46.27374],[-63.3475,46.28933],[-63.35149,46.29977],[-63.35869,46.2983],[-63.35994,46.30154],[-63.38531,46.29177],[-63.37849,46.27687],[-63.38801,46.27776],[-63.39563,46.26805],[-63.40307,46.2663],[-63.39563,46.2603],[-63.39901,46.25915],[-63.39786,46.25647],[-63.38942,46.25387],[-63.38766,46.24718],[-63.3796,46.24872],[-63.37821,46.24507],[-63.34094,46.25163],[-63.32912,46.22165],[-63.32981,46.22808],[-63.32473,46.22896],[-63.32605,46.23393],[-63.31726,46.23511],[-63.31838,46.23843],[-63.30334,46.24006],[-63.30069,46.24454],[-63.29125,46.24625],[-63.28837,46.24135],[-63.2557,46.2483],[-63.25487,46.24589],[-63.24562,46.24757],[-63.25248,46.25811],[-63.24827,46.25715],[-63.25495,46.27319]]]},"properties":{"id":"1102022","boundaryId":"census:csd:1102022","boundaryCode":"1102022","boundaryName":"Kingston","boundarySource":"census","boundaryLevel":"csd","CSDUID":"1102022","CSDNAME":"Kingston","CSDTYPE":"RM","CDUID":"1102","PRUID":"11","DGUID":"2021A00051102022","LANDAREA":48.380300000000005,"areaKm2":48.380300000000005,"north_south":"South","north_south_code":"S"}},{"type":"Feature","geometry":{"type":"Polygon","coordinates":[[[-63.14303,46.20407],[-63.14457,46.20199],[-63.1414,46.20309],[-63.14303,46.20407]]]},"properties":{"id":"1102030","boundaryId":"census:csd:1102030","boundaryCode":"1102030","boundaryName":"Rocky Point 3","boundarySource":"census","boundaryLevel":"csd","CSDUID":"1102030","CSDNAME":"Rocky Point 3","CSDTYPE":"IRI","CDUID":"1102","PRUID":"11","DGUID":"2021A00051102030","LANDAREA":0.0424,"areaKm2":0.0424,"north_south":"South","north_south_code":"S"}},{"type":"Feature","geometry":{"type":"MultiPolygon","coordinates":[[[[-63.47065,46.20952],[-63.48553,46.21163],[-63.47469,46.20553],[-63.47065,46.20952]]],[[[-63.48559,46.21947],[-63.48788,46.22396],[-63.49977,46.22185],[-63.49751,46.21581],[-63.50059,46.21361],[-63.48896,46.21244],[-63.48559,46.21947]]]]},"properties":{"id":"1102032","boundaryId":"census:csd:1102032","boundaryCode":"1102032","boundaryName":"Victoria","boundarySource":"census","boundaryLevel":"csd","CSDUID":"1102032","CSDNAME":"Victoria","CSDTYPE":"RM","CDUID":"1102","PRUID":"11","DGUID":"2021A00051102032","LANDAREA":1.4398,"areaKm2":1.4398,"north_south":"South","north_south_code":"S"}},{"type":"Feature","geometry":{"type":"Polygon","coordinates":[[[-63.49389,46.23364],[-63.48903,46.2403],[-63.49377,46.24603],[-63.50296,46.24694],[-63.50983,46.24222],[-63.50639,46.23411],[-63.49389,46.23364]]]},"properties":{"id":"1102034","boundaryId":"census:csd:1102034","boundaryCode":"1102034","boundaryName":"Crapaud","boundarySource":"census","boundaryLevel":"csd","CSDUID":"1102034","CSDNAME":"Crapaud","CSDTYPE":"RM","CDUID":"1102","PRUID":"11","DGUID":"2021A00051102034","LANDAREA":2.0951,"areaKm2":2.0951,"north_south":"South","north_south_code":"S"}},{"type":"Feature","geometry":{"type":"Polygon","coordinates":[[[-63.32189,46.3316],[-63.32599,46.33426],[-63.35444,46.3263],[-63.34903,46.31311],[-63.33315,46.31567],[-63.32955,46.30574],[-63.32146,46.31553],[-63.29245,46.30647],[-63.29765,46.32263],[-63.30747,46.32081],[-63.30917,46.3248],[-63.32189,46.3316]]]},"properties":{"id":"1102035","boundaryId":"census:csd:1102035","boundaryCode":"1102035","boundaryName":"Darlington","boundarySource":"census","boundaryLevel":"csd","CSDUID":"1102035","CSDNAME":"Darlington","CSDTYPE":"RM","CDUID":"1102","PRUID":"11","DGUID":"2021A00051102035","LANDAREA":7.7195,"areaKm2":7.7195,"north_south":"South","north_south_code":"S"}},{"type":"Feature","geometry":{"type":"MultiPolygon","coordinates":[[[[-63.2924,46.20241],[-63.29221,46.20282],[-63.29274,46.20266],[-63.2924,46.20241]]],[[[-63.29192,46.20172],[-63.29185,46.20216],[-63.29239,46.20192],[-63.29192,46.20172]]],[[[-63.24003,46.24242],[-63.24138,46.24586],[-63.25344,46.24241],[-63.2557,46.2483],[-63.28799,46.24146],[-63.2847,46.23596],[-63.28807,46.2354],[-63.28658,46.23186],[-63.28019,46.23121],[-63.28328,46.23066],[-63.28139,46.21443],[-63.28806,46.21266],[-63.29107,46.21549],[-63.28795,46.20939],[-63.29109,46.2019],[-63.28036,46.20308],[-63.27589,46.19529],[-63.26748,46.19274],[-63.26507,46.20221],[-63.26786,46.20443],[-63.25769,46.20936],[-63.26099,46.21132],[-63.24868,46.22218],[-63.24812,46.22649],[-63.24264,46.21013],[-63.23172,46.21659],[-63.24003,46.24242]]]]},"properties":{"id":"1102037","boundaryId":"census:csd:1102037","boundaryCode":"1102037","boundaryName":"Clyde River","boundarySource":"census","boundaryLevel":"csd","CSDUID":"1102037","CSDNAME":"Clyde River","CSDTYPE":"RM","CDUID":"1102","PRUID":"11","DGUID":"2021A00051102037","LANDAREA":15.9334,"areaKm2":15.9334,"north_south":"South","north_south_code":"S"}},{"type":"Feature","geometry":{"type":"Polygon","coordinates":[[[-63.21895,46.35664],[-63.2367,46.35539],[-63.22987,46.34222],[-63.23662,46.33654],[-63.23413,46.33494],[-63.23913,46.33394],[-63.23616,46.3323],[-63.25168,46.32798],[-63.24849,46.32641],[-63.27376,46.32148],[-63.26784,46.31872],[-63.29474,46.31409],[-63.29245,46.30647],[-63.2824,46.302],[-63.26819,46.30559],[-63.26266,46.29231],[-63.22195,46.29461],[-63.22142,46.29143],[-63.21583,46.2906],[-63.21464,46.28375],[-63.19264,46.27726],[-63.18781,46.28666],[-63.17907,46.28848],[-63.19451,46.29712],[-63.18596,46.29905],[-63.19587,46.31816],[-63.19975,46.31996],[-63.19301,46.32359],[-63.20314,46.34099],[-63.19569,46.34235],[-63.19949,46.34511],[-63.20933,46.34311],[-63.21414,46.35442],[-63.21773,46.35375],[-63.21895,46.35664]]]},"properties":{"id":"1102040","boundaryId":"census:csd:1102040","boundaryCode":"1102040","boundaryName":"Miltonvale Park","boundarySource":"census","boundaryLevel":"csd","CSDUID":"1102040","CSDNAME":"Miltonvale Park","CSDTYPE":"RM","CDUID":"1102","PRUID":"11","DGUID":"2021A00051102040","LANDAREA":35.126200000000004,"areaKm2":35.126200000000004,"north_south":"South","north_south_code":"S"}},{"type":"Feature","geometry":{"type":"Polygon","coordinates":[[[-63.33374,46.37494],[-63.33641,46.36976],[-63.35711,46.36414],[-63.36101,46.36803],[-63.36758,46.36101],[-63.36396,46.3595],[-63.36903,46.35357],[-63.36692,46.34646],[-63.35328,46.34831],[-63.34247,46.3436],[-63.32886,46.35739],[-63.33374,46.37494]]]},"properties":{"id":"1102043","boundaryId":"census:csd:1102043","boundaryCode":"1102043","boundaryName":"Hunter River","boundarySource":"census","boundaryLevel":"csd","CSDUID":"1102043","CSDNAME":"Hunter River","CSDTYPE":"RM","CDUID":"1102","PRUID":"11","DGUID":"2021A00051102043","LANDAREA":6.0437,"areaKm2":6.0437,"north_south":"South","north_south_code":"S"}},{"type":"Feature","geometry":{"type":"MultiPolygon","coordinates":[[[[-63.47783,46.51054],[-63.47633,46.51065],[-63.47985,46.51204],[-63.47783,46.51054]]],[[[-63.32673,46.49432],[-63.37535,46.50177],[-63.3875,46.49972],[-63.47281,46.50866],[-63.42411,46.50001],[-63.41992,46.50149],[-63.42645,46.49212],[-63.41551,46.49486],[-63.42094,46.49179],[-63.41757,46.48782],[-63.42423,46.4918],[-63.44293,46.48675],[-63.43884,46.47289],[-63.44741,46.47847],[-63.45402,46.47734],[-63.4456,46.46846],[-63.44604,46.46374],[-63.44827,46.46156],[-63.44971,46.46943],[-63.45993,46.46263],[-63.44582,46.4571],[-63.43273,46.46216],[-63.43021,46.46033],[-63.39886,46.46629],[-63.40068,46.47193],[-63.37664,46.46897],[-63.36961,46.47034],[-63.37127,46.47424],[-63.34807,46.47844],[-63.34412,46.46754],[-63.33643,46.46936],[-63.33278,46.46018],[-63.29889,46.46416],[-63.29835,46.46943],[-63.30487,46.47524],[-63.30376,46.47909],[-63.31245,46.48531],[-63.31199,46.48969],[-63.32673,46.49432]]]]},"properties":{"id":"1102045","boundaryId":"census:csd:1102045","boundaryCode":"1102045","boundaryName":"Stanley Bridge, Hope River, Bayview, Cavendish and North Rustico","boundarySource":"census","boundaryLevel":"csd","CSDUID":"1102045","CSDNAME":"Stanley Bridge, Hope River, Bayview, Cavendish and North Rustico","CSDTYPE":"RMU","CDUID":"1102","PRUID":"11","DGUID":"2021A00051102045","LANDAREA":36.102000000000004,"areaKm2":36.102000000000004,"north_south":"South","north_south_code":"S"}},{"type":"Feature","geometry":{"type":"Polygon","coordinates":[[[-63.29725,46.46056],[-63.30487,46.46473],[-63.33396,46.4599],[-63.33038,46.45085],[-63.32277,46.4504],[-63.31057,46.45675],[-63.29569,46.45736],[-63.29725,46.46056]]]},"properties":{"id":"1102046","boundaryId":"census:csd:1102046","boundaryCode":"1102046","boundaryName":"North Rustico","boundarySource":"census","boundaryLevel":"csd","CSDUID":"1102046","CSDNAME":"North Rustico","CSDTYPE":"T","CDUID":"1102","PRUID":"11","DGUID":"2021A00051102046","LANDAREA":2.6373,"areaKm2":2.6373,"north_south":"South","north_south_code":"S"}},{"type":"Feature","geometry":{"type":"Polygon","coordinates":[[[-63.14034,46.36316],[-63.1441,46.37283],[-63.15119,46.37049],[-63.14723,46.36223],[-63.15712,46.36021],[-63.155,46.35176],[-63.13709,46.31506],[-63.1302,46.3153],[-63.13617,46.31408],[-63.13255,46.3047],[-63.11416,46.3055],[-63.1154,46.30772],[-63.10835,46.30909],[-63.11163,46.31655],[-63.1224,46.31445],[-63.12136,46.32053],[-63.11414,46.32174],[-63.11928,46.32286],[-63.11819,46.3284],[-63.12562,46.32686],[-63.12628,46.32878],[-63.11865,46.33035],[-63.11969,46.33366],[-63.12778,46.33224],[-63.14034,46.36316]]]},"properties":{"id":"1102050","boundaryId":"census:csd:1102050","boundaryCode":"1102050","boundaryName":"Union Road","boundarySource":"census","boundaryLevel":"csd","CSDUID":"1102050","CSDNAME":"Union Road","CSDTYPE":"RM","CDUID":"1102","PRUID":"11","DGUID":"2021A00051102050","LANDAREA":10.3251,"areaKm2":10.3251,"north_south":"South","north_south_code":"S"}},{"type":"Feature","geometry":{"type":"Polygon","coordinates":[[[-63.48834,46.35987],[-63.49119,46.36495],[-63.48487,46.37233],[-63.49039,46.37533],[-63.50065,46.36305],[-63.50574,46.36181],[-63.51769,46.36654],[-63.5209,46.36249],[-63.53955,46.36993],[-63.54337,46.36608],[-63.53943,46.36449],[-63.53607,46.35451],[-63.52016,46.3563],[-63.52164,46.35063],[-63.5162,46.33916],[-63.49668,46.33905],[-63.49509,46.33451],[-63.49331,46.33702],[-63.47759,46.33813],[-63.47042,46.33352],[-63.45718,46.33736],[-63.48322,46.35436],[-63.47744,46.35541],[-63.48133,46.36586],[-63.49055,46.35724],[-63.48834,46.35987]]]},"properties":{"id":"1102051","boundaryId":"census:csd:1102051","boundaryCode":"1102051","boundaryName":"Breadalbane","boundarySource":"census","boundaryLevel":"csd","CSDUID":"1102051","CSDNAME":"Breadalbane","CSDTYPE":"RM","CDUID":"1102","PRUID":"11","DGUID":"2021A00051102051","LANDAREA":12.6698,"areaKm2":12.6698,"north_south":"South","north_south_code":"S"}},{"type":"Feature","geometry":{"type":"Polygon","coordinates":[[[-63.1435,46.32901],[-63.16845,46.32567],[-63.1775,46.33855],[-63.19515,46.33876],[-63.19972,46.33773],[-63.19332,46.3213],[-63.19975,46.31996],[-63.19587,46.31816],[-63.18775,46.30165],[-63.18149,46.30317],[-63.17538,46.29443],[-63.15522,46.29883],[-63.15605,46.29241],[-63.14212,46.28418],[-63.13758,46.2854],[-63.13957,46.2918],[-63.13082,46.29361],[-63.12859,46.2903],[-63.12704,46.29283],[-63.13617,46.31408],[-63.1302,46.3153],[-63.13709,46.31506],[-63.1435,46.32901]]]},"properties":{"id":"1102055","boundaryId":"census:csd:1102055","boundaryCode":"1102055","boundaryName":"Brackley","boundarySource":"census","boundaryLevel":"csd","CSDUID":"1102055","CSDNAME":"Brackley","CSDTYPE":"RM","CDUID":"1102","PRUID":"11","DGUID":"2021A00051102055","LANDAREA":18.745900000000002,"areaKm2":18.745900000000002,"north_south":"South","north_south_code":"S"}},{"type":"Feature","geometry":{"type":"Polygon","coordinates":[[[-62.90131,46.36905],[-62.9047,46.36872],[-62.90307,46.36441],[-62.90698,46.36396],[-62.91414,46.37114],[-62.91728,46.36921],[-62.9094,46.35146],[-62.9007,46.35829],[-62.89628,46.35481],[-62.90131,46.36905]]]},"properties":{"id":"1102057","boundaryId":"census:csd:1102057","boundaryCode":"1102057","boundaryName":"Scotchfort 4","boundarySource":"census","boundaryLevel":"csd","CSDUID":"1102057","CSDNAME":"Scotchfort 4","CSDTYPE":"IRI","CDUID":"1102","PRUID":"11","DGUID":"2021A00051102057","LANDAREA":1.4289,"areaKm2":1.4289,"north_south":"South","north_south_code":"S"}},{"type":"Feature","geometry":{"type":"MultiPolygon","coordinates":[[[[-62.85708,46.364],[-62.86016,46.36831],[-62.86746,46.3613],[-62.85791,46.35944],[-62.85708,46.364]]],[[[-62.85909,46.37064],[-62.87577,46.37128],[-62.87946,46.36585],[-62.87049,46.36189],[-62.85909,46.37064]]]]},"properties":{"id":"1102059","boundaryId":"census:csd:1102059","boundaryCode":"1102059","boundaryName":"Mount Stewart","boundarySource":"census","boundaryLevel":"csd","CSDUID":"1102059","CSDNAME":"Mount Stewart","CSDTYPE":"RM","CDUID":"1102","PRUID":"11","DGUID":"2021A00051102059","LANDAREA":1.52,"areaKm2":1.52,"north_south":"South","north_south_code":"S"}},{"type":"Feature","geometry":{"type":"Polygon","coordinates":[[[-63.08648,46.33762],[-63.08836,46.34214],[-63.10756,46.3403],[-63.1201,46.33616],[-63.11865,46.33035],[-63.12628,46.32878],[-63.11819,46.3284],[-63.11928,46.32286],[-63.11414,46.32174],[-63.12136,46.32053],[-63.1224,46.31445],[-63.11163,46.31655],[-63.10835,46.30909],[-63.1154,46.30772],[-63.11416,46.3055],[-63.10065,46.30103],[-63.09768,46.2942],[-63.08884,46.29571],[-63.09092,46.30489],[-63.07587,46.30849],[-63.07779,46.3133],[-63.07276,46.31433],[-63.0754,46.32703],[-63.0824,46.3273],[-63.08648,46.33762]]]},"properties":{"id":"1102061","boundaryId":"census:csd:1102061","boundaryCode":"1102061","boundaryName":"York","boundarySource":"census","boundaryLevel":"csd","CSDUID":"1102061","CSDNAME":"York","CSDTYPE":"RM","CDUID":"1102","PRUID":"11","DGUID":"2021A00051102061","LANDAREA":12.273900000000001,"areaKm2":12.273900000000001,"north_south":"South","north_south_code":"S"}},{"type":"Feature","geometry":{"type":"MultiPolygon","coordinates":[[[[-62.97843,46.29947],[-62.97834,46.29962],[-62.97853,46.29964],[-62.97843,46.29947]]],[[[-62.93146,46.34311],[-62.93094,46.34338],[-62.93213,46.34307],[-62.93146,46.34311]]],[[[-62.99165,46.30397],[-62.99174,46.30463],[-62.99316,46.30404],[-62.99165,46.30397]]],[[[-62.97912,46.30935],[-62.98176,46.30984],[-62.98231,46.30751],[-62.97912,46.30935]]],[[[-62.8999,46.35641],[-62.89804,46.35873],[-62.90632,46.35504],[-62.89776,46.35496],[-62.8999,46.35641]]],[[[-62.83468,46.35526],[-62.84168,46.37405],[-62.85199,46.37473],[-62.86016,46.36831],[-62.85696,46.36559],[-62.85791,46.35944],[-62.86746,46.3613],[-62.86533,46.35697],[-62.8699,46.35232],[-62.8635,46.34701],[-62.86428,46.34058],[-62.85888,46.33915],[-62.85851,46.33545],[-62.84946,46.3275],[-62.83897,46.32368],[-62.85496,46.33022],[-62.85985,46.33802],[-62.86511,46.33976],[-62.8648,46.34582],[-62.86853,46.35043],[-62.88514,46.34207],[-62.88435,46.34476],[-62.90269,46.35096],[-62.91409,46.3399],[-62.9284,46.34034],[-62.93868,46.33692],[-62.94612,46.32346],[-62.94927,46.32494],[-62.96314,46.31219],[-62.95956,46.30936],[-62.96698,46.30977],[-62.96693,46.3072],[-62.98185,46.30378],[-62.97739,46.296],[-62.98567,46.28994],[-62.9783,46.2874],[-62.98634,46.29023],[-62.98005,46.29673],[-62.98816,46.30476],[-63.00011,46.30458],[-63.00769,46.28882],[-63,46.28502],[-62.99912,46.27713],[-62.98756,46.27719],[-62.98725,46.27475],[-62.97238,46.27654],[-62.96849,46.28288],[-62.96582,46.27767],[-62.95206,46.28034],[-62.94475,46.26266],[-62.8886,46.27865],[-62.88377,46.27324],[-62.85857,46.27712],[-62.8567,46.27271],[-62.81863,46.28095],[-62.81787,46.28449],[-62.80878,46.28668],[-62.83468,46.35526]]],[[[-62.8608,46.40832],[-62.85597,46.41177],[-62.86423,46.4342],[-62.9044,46.43155],[-62.94156,46.42344],[-62.997,46.4165],[-63.03673,46.41532],[-63.03551,46.41154],[-63.00594,46.41284],[-63.00404,46.41528],[-62.97026,46.41274],[-62.97004,46.40325],[-62.97946,46.39256],[-62.97693,46.38607],[-62.98094,46.38341],[-62.97582,46.37764],[-62.97898,46.37728],[-62.98263,46.37001],[-62.97851,46.35458],[-62.98043,46.35855],[-62.99179,46.36328],[-62.99709,46.35916],[-62.99162,46.36418],[-63.00446,46.381],[-63.01866,46.37728],[-63.02725,46.37899],[-63.02784,46.37677],[-63.02323,46.37565],[-63.03278,46.37343],[-63.03846,46.3817],[-63.04808,46.38071],[-63.05424,46.37728],[-63.05341,46.37384],[-63.05876,46.37153],[-63.05938,46.3656],[-63.06487,46.35938],[-63.05564,46.36176],[-63.04625,46.33775],[-63.03621,46.34078],[-63.031,46.33282],[-63.02197,46.33681],[-63.01372,46.32624],[-63.00194,46.32818],[-62.9948,46.32294],[-62.9882,46.32286],[-62.98595,46.32047],[-62.98936,46.31548],[-62.98675,46.31442],[-62.98978,46.31194],[-62.98616,46.3111],[-62.97517,46.31476],[-62.97292,46.31643],[-62.97489,46.31879],[-62.97104,46.3157],[-62.95864,46.32119],[-62.94301,46.33845],[-62.93183,46.34415],[-62.91835,46.34282],[-62.91178,46.34623],[-62.91365,46.34837],[-62.90903,46.35336],[-62.91728,46.36921],[-62.91414,46.37114],[-62.90698,46.36396],[-62.90307,46.36441],[-62.9047,46.36872],[-62.90131,46.36905],[-62.89716,46.35486],[-62.88248,46.34816],[-62.87151,46.35506],[-62.87049,46.36189],[-62.87946,46.36585],[-62.87577,46.37128],[-62.85894,46.37132],[-62.85557,46.37651],[-62.84217,46.37532],[-62.85387,46.40612],[-62.8584,46.4049],[-62.85921,46.39672],[-62.86509,46.39441],[-62.8592,46.40448],[-62.86847,46.40907],[-62.8608,46.40832]]]]},"properties":{"id":"1102064","boundaryId":"census:csd:1102064","boundaryCode":"1102064","boundaryName":"East River, Part 1","boundarySource":"census","boundaryLevel":"csd","CSDUID":"1102064","CSDNAME":"East River, Part 1","CSDTYPE":"FD","CDUID":"1102","PRUID":"11","DGUID":"2021A00051102064","LANDAREA":211.1697,"areaKm2":211.1697,"north_south":"South","north_south_code":"S"}},{"type":"Feature","geometry":{"type":"MultiPolygon","coordinates":[[[[-63.57435,46.47014],[-63.58892,46.47379],[-63.57464,46.43684],[-63.56821,46.44116],[-63.57301,46.45302],[-63.56591,46.45655],[-63.57065,46.45876],[-63.56774,46.46246],[-63.56891,46.46522],[-63.57477,46.46541],[-63.57435,46.47014]]],[[[-63.56776,46.53198],[-63.57105,46.53136],[-63.56815,46.52352],[-63.57598,46.53239],[-63.58404,46.53042],[-63.58495,46.52727],[-63.58905,46.52718],[-63.58667,46.52158],[-63.5923,46.52557],[-63.58939,46.5145],[-63.59538,46.51442],[-63.59656,46.51729],[-63.60397,46.51113],[-63.58968,46.47582],[-63.57985,46.47812],[-63.58078,46.4738],[-63.57378,46.4738],[-63.56189,46.46705],[-63.55429,46.46866],[-63.54771,46.46577],[-63.54131,46.47149],[-63.56819,46.48427],[-63.56342,46.48646],[-63.56941,46.49917],[-63.56366,46.50195],[-63.56629,46.50805],[-63.55831,46.50973],[-63.56776,46.53198]]],[[[-63.48565,46.41174],[-63.49573,46.40493],[-63.52371,46.41352],[-63.55811,46.41024],[-63.55243,46.41489],[-63.56002,46.41738],[-63.55353,46.42041],[-63.5645,46.41978],[-63.56806,46.42943],[-63.57164,46.42876],[-63.55405,46.3802],[-63.55836,46.37934],[-63.54279,46.33788],[-63.51627,46.33933],[-63.52164,46.35063],[-63.52016,46.3563],[-63.53607,46.35451],[-63.53943,46.36449],[-63.54337,46.36608],[-63.53955,46.36993],[-63.5209,46.36249],[-63.51769,46.36654],[-63.50574,46.36181],[-63.50065,46.36305],[-63.49039,46.37533],[-63.48536,46.37687],[-63.49446,46.40067],[-63.48239,46.40286],[-63.48565,46.41174]]]]},"properties":{"id":"1102066","boundaryId":"census:csd:1102066","boundaryCode":"1102066","boundaryName":"Kensington, Part 2","boundarySource":"census","boundaryLevel":"csd","CSDUID":"1102066","CSDNAME":"Kensington, Part 2","CSDTYPE":"FD","CDUID":"1102","PRUID":"11","DGUID":"2021A00051102066","LANDAREA":51.2689,"areaKm2":51.2689,"north_south":"South","north_south_code":"S"}},{"type":"Feature","geometry":{"type":"MultiPolygon","coordinates":[[[[-63.15076,46.42529],[-63.14803,46.42803],[-63.1508,46.42675],[-63.15076,46.42529]]],[[[-63.03985,46.40965],[-63.04701,46.41494],[-63.09016,46.419],[-63.14307,46.43111],[-63.14833,46.42343],[-63.11889,46.4176],[-63.11633,46.41439],[-63.12038,46.40409],[-63.11137,46.40226],[-63.12017,46.40243],[-63.12065,46.3965],[-63.12357,46.40066],[-63.12561,46.39785],[-63.13195,46.40826],[-63.13687,46.40721],[-63.13113,46.40909],[-63.13267,46.41288],[-63.15603,46.4149],[-63.16801,46.4224],[-63.171,46.42045],[-63.16609,46.41783],[-63.16464,46.41292],[-63.16997,46.4036],[-63.16414,46.40004],[-63.16345,46.38928],[-63.15934,46.3868],[-63.16856,46.38495],[-63.16787,46.38824],[-63.18401,46.3823],[-63.17129,46.38354],[-63.1689,46.37898],[-63.16587,46.37954],[-63.16439,46.3709],[-63.1441,46.37283],[-63.12778,46.33224],[-63.10231,46.34134],[-63.10389,46.33909],[-63.08836,46.34214],[-63.08648,46.33762],[-63.06557,46.35635],[-63.05876,46.37153],[-63.05341,46.37384],[-63.05424,46.37728],[-63.03014,46.3853],[-63.04009,46.38802],[-63.02794,46.38768],[-63.02959,46.38573],[-63.02048,46.3901],[-63.02216,46.38687],[-63.01537,46.38432],[-63.00442,46.38678],[-63.00379,46.3945],[-63.02919,46.39962],[-63.03522,46.40294],[-63.0296,46.40382],[-63.03985,46.40965]]]]},"properties":{"id":"1102067","boundaryId":"census:csd:1102067","boundaryCode":"1102067","boundaryName":"North Shore","boundarySource":"census","boundaryLevel":"csd","CSDUID":"1102067","CSDNAME":"North Shore","CSDTYPE":"RM","CDUID":"1102","PRUID":"11","DGUID":"2021A00051102067","LANDAREA":71.1307,"areaKm2":71.1307,"north_south":"South","north_south_code":"S"}},{"type":"Feature","geometry":{"type":"MultiPolygon","coordinates":[[[[-63.21234,46.14638],[-63.21215,46.14657],[-63.21272,46.14644],[-63.21234,46.14638]]],[[[-63.21558,46.15059],[-63.21582,46.15089],[-63.21595,46.1506],[-63.21558,46.15059]]],[[[-63.22472,46.15395],[-63.22468,46.15425],[-63.22526,46.15431],[-63.22472,46.15395]]],[[[-63.23338,46.19128],[-63.23366,46.19273],[-63.23414,46.19141],[-63.23338,46.19128]]],[[[-63.17397,46.1239],[-63.17496,46.12805],[-63.18962,46.12384],[-63.19721,46.11533],[-63.18339,46.11401],[-63.17397,46.1239]]],[[[-63.22204,46.21995],[-63.22617,46.22208],[-63.223,46.21266],[-63.23007,46.21282],[-63.23172,46.21659],[-63.24264,46.21013],[-63.248,46.22226],[-63.2544,46.21224],[-63.25152,46.21153],[-63.2585,46.20609],[-63.26086,46.19568],[-63.2451,46.18876],[-63.24285,46.1912],[-63.2456,46.19325],[-63.24041,46.1918],[-63.23732,46.19691],[-63.23319,46.19316],[-63.22429,46.19656],[-63.21616,46.19426],[-63.20921,46.19618],[-63.21352,46.20134],[-63.19846,46.20453],[-63.20278,46.21104],[-63.21921,46.2151],[-63.21715,46.21755],[-63.22204,46.21995]]],[[[-63.14415,46.20419],[-63.14047,46.20577],[-63.14471,46.20834],[-63.15026,46.20398],[-63.15549,46.20672],[-63.16491,46.20113],[-63.17669,46.20143],[-63.17923,46.19746],[-63.17604,46.19351],[-63.18416,46.19218],[-63.1802,46.1862],[-63.19209,46.19375],[-63.20042,46.19217],[-63.20289,46.1869],[-63.21761,46.18022],[-63.21679,46.1721],[-63.22505,46.18498],[-63.23289,46.18272],[-63.23376,46.19073],[-63.23877,46.18131],[-63.24927,46.18885],[-63.25664,46.18796],[-63.26043,46.18362],[-63.25018,46.17639],[-63.25771,46.17582],[-63.25585,46.17813],[-63.26363,46.18217],[-63.26238,46.18711],[-63.27761,46.18822],[-63.28726,46.19848],[-63.29455,46.19105],[-63.29169,46.19576],[-63.30572,46.20031],[-63.31192,46.20457],[-63.31362,46.20999],[-63.32929,46.20895],[-63.32699,46.20152],[-63.3346,46.20494],[-63.33472,46.20116],[-63.34183,46.20094],[-63.34749,46.19573],[-63.35319,46.19956],[-63.35238,46.20567],[-63.35853,46.20738],[-63.35342,46.21388],[-63.3571,46.21914],[-63.35312,46.21432],[-63.35816,46.20756],[-63.35206,46.20563],[-63.35267,46.19925],[-63.34728,46.19622],[-63.34081,46.20202],[-63.3351,46.20151],[-63.33521,46.20531],[-63.32764,46.20156],[-63.3306,46.20867],[-63.31929,46.20926],[-63.31709,46.21429],[-63.31121,46.20975],[-63.3112,46.2061],[-63.29661,46.19977],[-63.29842,46.20226],[-63.29542,46.19848],[-63.28795,46.20939],[-63.29107,46.21549],[-63.28806,46.21266],[-63.28139,46.21443],[-63.28328,46.23066],[-63.28019,46.23121],[-63.28658,46.23186],[-63.28807,46.2354],[-63.2847,46.23596],[-63.29125,46.24625],[-63.32605,46.23393],[-63.32473,46.22896],[-63.32981,46.22808],[-63.32912,46.22165],[-63.34094,46.25163],[-63.35827,46.24896],[-63.36181,46.24615],[-63.35712,46.24425],[-63.3598,46.2385],[-63.36372,46.23963],[-63.38839,46.23106],[-63.38302,46.22496],[-63.37649,46.22638],[-63.37882,46.22206],[-63.3713,46.22355],[-63.36424,46.20525],[-63.37258,46.20112],[-63.37895,46.20205],[-63.37652,46.18676],[-63.36332,46.18181],[-63.3487,46.18454],[-63.34034,46.17064],[-63.34294,46.16754],[-63.34143,46.16313],[-63.33043,46.16517],[-63.32502,46.151],[-63.32119,46.14861],[-63.3071,46.15098],[-63.30354,46.1494],[-63.30518,46.14612],[-63.29122,46.14498],[-63.27474,46.13548],[-63.25261,46.12916],[-63.22132,46.13228],[-63.22809,46.13716],[-63.22393,46.14617],[-63.21945,46.14705],[-63.21865,46.15009],[-63.22195,46.15072],[-63.21879,46.15296],[-63.22876,46.15228],[-63.22582,46.15287],[-63.22605,46.15618],[-63.21405,46.15283],[-63.20181,46.15407],[-63.19175,46.15997],[-63.16636,46.16468],[-63.13708,46.18042],[-63.13692,46.18399],[-63.12867,46.19124],[-63.13395,46.19845],[-63.14018,46.19958],[-63.1414,46.20309],[-63.14457,46.20199],[-63.14415,46.20419]]]]},"properties":{"id":"1102068","boundaryId":"census:csd:1102068","boundaryCode":"1102068","boundaryName":"West River","boundarySource":"census","boundaryLevel":"csd","CSDUID":"1102068","CSDNAME":"West River","CSDTYPE":"RM","CDUID":"1102","PRUID":"11","DGUID":"2021A00051102068","LANDAREA":121.6175,"areaKm2":121.6175,"north_south":"South","north_south_code":"S"}},{"type":"Feature","geometry":{"type":"Polygon","coordinates":[[[-63.20284,46.39327],[-63.20852,46.39519],[-63.21783,46.39016],[-63.21202,46.37526],[-63.22226,46.37521],[-63.21521,46.35742],[-63.21895,46.35664],[-63.21773,46.35375],[-63.21414,46.35442],[-63.20933,46.34311],[-63.19659,46.34473],[-63.19569,46.34235],[-63.20314,46.34099],[-63.20176,46.33739],[-63.18326,46.33992],[-63.17892,46.34225],[-63.18213,46.3457],[-63.179,46.34628],[-63.20284,46.39327]]]},"properties":{"id":"1102069","boundaryId":"census:csd:1102069","boundaryCode":"1102069","boundaryName":"Winsloe North","boundarySource":"census","boundaryLevel":"csd","CSDUID":"1102069","CSDNAME":"Winsloe North","CSDTYPE":"FD","CDUID":"1102","PRUID":"11","DGUID":"2021A00051102069","LANDAREA":11.577200000000001,"areaKm2":11.577200000000001,"north_south":"South","north_south_code":"S"}},{"type":"Feature","geometry":{"type":"Polygon","coordinates":[[[-63.22205,46.29246],[-63.22669,46.29558],[-63.23631,46.29338],[-63.23151,46.2821],[-63.23728,46.281],[-63.23067,46.28005],[-63.25086,46.27551],[-63.24538,46.26219],[-63.22607,46.26618],[-63.22196,46.26418],[-63.21726,46.25489],[-63.18809,46.26304],[-63.19978,46.2695],[-63.19953,46.27702],[-63.20853,46.27667],[-63.20496,46.27797],[-63.21498,46.28363],[-63.21583,46.2906],[-63.22205,46.29246]]]},"properties":{"id":"1102070","boundaryId":"census:csd:1102070","boundaryCode":"1102070","boundaryName":"Warren Grove","boundarySource":"census","boundaryLevel":"csd","CSDUID":"1102070","CSDNAME":"Warren Grove","CSDTYPE":"RM","CDUID":"1102","PRUID":"11","DGUID":"2021A00051102070","LANDAREA":10.163400000000001,"areaKm2":10.163400000000001,"north_south":"South","north_south_code":"S"}},{"type":"Feature","geometry":{"type":"MultiPolygon","coordinates":[[[[-63.50585,46.53331],[-63.55752,46.54115],[-63.56341,46.53961],[-63.5541,46.5174],[-63.55688,46.5155],[-63.56006,46.52296],[-63.56274,46.5224],[-63.55831,46.50973],[-63.56629,46.50805],[-63.56366,46.50195],[-63.56941,46.49917],[-63.56342,46.48646],[-63.56819,46.48427],[-63.54786,46.47241],[-63.52784,46.4685],[-63.50933,46.47297],[-63.50657,46.47671],[-63.51363,46.48062],[-63.505,46.47989],[-63.5,46.48822],[-63.49343,46.48822],[-63.49621,46.49154],[-63.49441,46.49654],[-63.50691,46.50184],[-63.49828,46.50061],[-63.48371,46.51448],[-63.49316,46.52679],[-63.49875,46.52704],[-63.50149,46.52934],[-63.49979,46.53088],[-63.50585,46.53331]]],[[[-63.48102,46.49098],[-63.47935,46.49509],[-63.48632,46.49565],[-63.48279,46.4902],[-63.4875,46.49079],[-63.4902,46.48509],[-63.4959,46.48279],[-63.49793,46.47878],[-63.49328,46.47549],[-63.49622,46.46802],[-63.49782,46.47099],[-63.49477,46.47532],[-63.49791,46.47593],[-63.50868,46.46901],[-63.52044,46.46947],[-63.52333,46.46602],[-63.53309,46.46795],[-63.54202,46.46611],[-63.54335,46.46325],[-63.56774,46.46246],[-63.57065,46.45876],[-63.56639,46.45557],[-63.57301,46.45302],[-63.56821,46.44116],[-63.57464,46.43684],[-63.5645,46.41978],[-63.55353,46.42041],[-63.56002,46.41738],[-63.55243,46.41489],[-63.55811,46.41024],[-63.52371,46.41352],[-63.49573,46.40493],[-63.48631,46.41261],[-63.4544,46.41821],[-63.45681,46.42492],[-63.4501,46.42623],[-63.45694,46.42962],[-63.44393,46.43215],[-63.44842,46.44487],[-63.41835,46.44869],[-63.42099,46.4502],[-63.41897,46.45392],[-63.42563,46.45919],[-63.42223,46.46189],[-63.43273,46.46216],[-63.44582,46.4571],[-63.45991,46.46261],[-63.46062,46.4516],[-63.46819,46.4469],[-63.47023,46.44007],[-63.47444,46.44346],[-63.47931,46.44264],[-63.47253,46.44453],[-63.46285,46.45455],[-63.46897,46.45935],[-63.46061,46.46255],[-63.46093,46.4689],[-63.46945,46.48023],[-63.47909,46.48105],[-63.48102,46.49098]]]]},"properties":{"id":"1102071","boundaryId":"census:csd:1102071","boundaryCode":"1102071","boundaryName":"New London","boundarySource":"census","boundaryLevel":"csd","CSDUID":"1102071","CSDNAME":"New London","CSDTYPE":"FD","CDUID":"1102","PRUID":"11","DGUID":"2021A00051102071","LANDAREA":94.71610000000001,"areaKm2":94.71610000000001,"north_south":"South","north_south_code":"S"}},{"type":"Feature","geometry":{"type":"MultiPolygon","coordinates":[[[[-63.29457,46.31411],[-63.26784,46.31872],[-63.27376,46.32148],[-63.29584,46.31733],[-63.29457,46.31411]]],[[[-63.3685,46.33726],[-63.3857,46.33953],[-63.40374,46.33647],[-63.39321,46.30946],[-63.41085,46.30535],[-63.41046,46.30319],[-63.39031,46.29422],[-63.3837,46.2768],[-63.37849,46.27687],[-63.38531,46.29177],[-63.35994,46.30154],[-63.35869,46.2983],[-63.35149,46.29977],[-63.35312,46.30405],[-63.34995,46.30518],[-63.34745,46.31339],[-63.35444,46.3263],[-63.36356,46.32463],[-63.3685,46.33726]]]]},"properties":{"id":"1102072","boundaryId":"census:csd:1102072","boundaryCode":"1102072","boundaryName":"North River","boundarySource":"census","boundaryLevel":"csd","CSDUID":"1102072","CSDNAME":"North River","CSDTYPE":"FD","CDUID":"1102","PRUID":"11","DGUID":"2021A00051102072","LANDAREA":17.1888,"areaKm2":17.1888,"north_south":"South","north_south_code":"S"}},{"type":"Feature","geometry":{"type":"MultiPolygon","coordinates":[[[[-63.16706,46.37547],[-63.16412,46.376],[-63.16587,46.37954],[-63.18054,46.37539],[-63.18174,46.3778],[-63.19408,46.37549],[-63.179,46.34628],[-63.18213,46.3457],[-63.17892,46.34225],[-63.18773,46.33909],[-63.18657,46.33681],[-63.17502,46.33687],[-63.16845,46.32567],[-63.14434,46.33074],[-63.15753,46.35769],[-63.15712,46.36021],[-63.14723,46.36223],[-63.14862,46.36565],[-63.15256,46.37326],[-63.16439,46.3709],[-63.16706,46.37547]]],[[[-63.04796,46.34204],[-63.05564,46.36176],[-63.06487,46.35938],[-63.08648,46.33762],[-63.0824,46.3273],[-63.0754,46.32703],[-63.07276,46.31433],[-63.07779,46.3133],[-63.07587,46.30849],[-63.09092,46.30489],[-63.08884,46.29571],[-63.09768,46.2942],[-63.09249,46.28633],[-63.09091,46.28773],[-63.08225,46.27072],[-63.06625,46.2788],[-63.07117,46.2853],[-63.06564,46.28232],[-63.05084,46.29513],[-63.03596,46.29987],[-63.02737,46.29901],[-63.01428,46.3081],[-62.99191,46.31044],[-62.98595,46.32047],[-62.99648,46.32377],[-62.99839,46.32761],[-63.01372,46.32624],[-63.02197,46.33681],[-63.031,46.33282],[-63.03621,46.34078],[-63.04625,46.33775],[-63.04796,46.34204]]]]},"properties":{"id":"1102073","boundaryId":"census:csd:1102073","boundaryCode":"1102073","boundaryName":"North Shore","boundarySource":"census","boundaryLevel":"csd","CSDUID":"1102073","CSDNAME":"North Shore","CSDTYPE":"FD","CDUID":"1102","PRUID":"11","DGUID":"2021A00051102073","LANDAREA":48.273,"areaKm2":48.273,"north_south":"South","north_south_code":"S"}},{"type":"Feature","geometry":{"type":"MultiPolygon","coordinates":[[[[-63.16182,46.24054],[-63.15998,46.24246],[-63.16228,46.24156],[-63.16182,46.24054]]],[[[-63.18139,46.25814],[-63.17749,46.25861],[-63.18022,46.2608],[-63.18139,46.25814]]],[[[-63.1126,46.3058],[-63.13255,46.3047],[-63.12758,46.29054],[-63.13082,46.29361],[-63.13957,46.2918],[-63.13758,46.2854],[-63.14212,46.28418],[-63.15605,46.29241],[-63.15522,46.29883],[-63.17538,46.29443],[-63.18149,46.30317],[-63.18775,46.30165],[-63.18596,46.29905],[-63.19451,46.29712],[-63.17907,46.28848],[-63.18781,46.28666],[-63.18949,46.27968],[-63.19628,46.2765],[-63.19672,46.2717],[-63.19227,46.27134],[-63.18994,46.277],[-63.18643,46.27338],[-63.19013,46.27105],[-63.17998,46.26566],[-63.17629,46.25339],[-63.17079,46.25307],[-63.16138,46.2464],[-63.15651,46.25687],[-63.15349,46.25624],[-63.15375,46.24612],[-63.14988,46.24175],[-63.15123,46.23414],[-63.14313,46.22738],[-63.13729,46.22763],[-63.13419,46.2312],[-63.12305,46.22959],[-63.123,46.23187],[-63.11676,46.23266],[-63.11869,46.23446],[-63.11373,46.24077],[-63.10533,46.23692],[-63.11252,46.24104],[-63.11091,46.24911],[-63.08578,46.25924],[-63.08982,46.26217],[-63.08676,46.2624],[-63.08624,46.26663],[-63.09694,46.27252],[-63.09168,46.26955],[-63.08225,46.27072],[-63.10065,46.30103],[-63.11108,46.30284],[-63.1126,46.3058]]]]},"properties":{"id":"1102075","boundaryId":"census:csd:1102075","boundaryCode":"1102075","boundaryName":"Charlottetown","boundarySource":"census","boundaryLevel":"csd","CSDUID":"1102075","CSDNAME":"Charlottetown","CSDTYPE":"CY","CDUID":"1102","PRUID":"11","DGUID":"2021A00051102075","LANDAREA":44.2714,"areaKm2":44.2714,"north_south":"South","north_south_code":"S"}},{"type":"Feature","geometry":{"type":"Polygon","coordinates":[[[-63.07169,46.22378],[-63.08224,46.24458],[-63.09189,46.24225],[-63.09746,46.23374],[-63.10401,46.23525],[-63.10127,46.23114],[-63.1085,46.22616],[-63.10722,46.21713],[-63.10205,46.21557],[-63.11568,46.22025],[-63.1261,46.20714],[-63.11988,46.20528],[-63.11839,46.19419],[-63.1115,46.19563],[-63.09928,46.19242],[-63.0818,46.19928],[-63.07957,46.1939],[-63.06302,46.19426],[-63.05704,46.19118],[-63.05178,46.19485],[-63.0551,46.20642],[-63.03317,46.21031],[-63.0355,46.21598],[-63.04034,46.21606],[-63.04507,46.2294],[-63.05584,46.23305],[-63.05764,46.22291],[-63.06639,46.22179],[-63.06749,46.22417],[-63.07059,46.2217],[-63.07169,46.22378]]]},"properties":{"id":"1102080","boundaryId":"census:csd:1102080","boundaryCode":"1102080","boundaryName":"Stratford","boundarySource":"census","boundaryLevel":"csd","CSDUID":"1102080","CSDNAME":"Stratford","CSDTYPE":"T","CDUID":"1102","PRUID":"11","DGUID":"2021A00051102080","LANDAREA":22.6703,"areaKm2":22.6703,"north_south":"South","north_south_code":"S"}},{"type":"Feature","geometry":{"type":"Polygon","coordinates":[[[-63.18544,46.25791],[-63.1946,46.26081],[-63.21726,46.25489],[-63.22196,46.26418],[-63.22607,46.26618],[-63.24538,46.26219],[-63.25123,46.27639],[-63.25591,46.27557],[-63.24827,46.25715],[-63.25248,46.25811],[-63.24562,46.24757],[-63.25487,46.24589],[-63.25372,46.24276],[-63.24138,46.24586],[-63.23007,46.21282],[-63.223,46.21266],[-63.22617,46.22208],[-63.22318,46.22265],[-63.21715,46.21755],[-63.21507,46.22006],[-63.21482,46.21585],[-63.20708,46.21392],[-63.19752,46.21629],[-63.18816,46.211],[-63.18501,46.21169],[-63.18548,46.21707],[-63.18308,46.21782],[-63.16102,46.21318],[-63.15836,46.22484],[-63.16217,46.23133],[-63.17084,46.23186],[-63.16049,46.23467],[-63.17254,46.24456],[-63.17817,46.24454],[-63.17937,46.24057],[-63.18544,46.25791]]]},"properties":{"id":"1102085","boundaryId":"census:csd:1102085","boundaryCode":"1102085","boundaryName":"Cornwall","boundarySource":"census","boundaryLevel":"csd","CSDUID":"1102085","CSDNAME":"Cornwall","CSDTYPE":"T","CDUID":"1102","PRUID":"11","DGUID":"2021A00051102085","LANDAREA":28.2117,"areaKm2":28.2117,"north_south":"South","north_south_code":"S"}},{"type":"Feature","geometry":{"type":"MultiPolygon","coordinates":[[[[-63.64463,46.23451],[-63.64432,46.23476],[-63.64471,46.23468],[-63.64463,46.23451]]],[[[-63.64527,46.23319],[-63.64654,46.23332],[-63.64593,46.23283],[-63.64527,46.23319]]],[[[-63.69543,46.24493],[-63.69757,46.24421],[-63.69737,46.24403],[-63.69543,46.24493]]],[[[-63.63826,46.29816],[-63.66704,46.31053],[-63.67392,46.30906],[-63.66999,46.31135],[-63.68067,46.31391],[-63.69433,46.31191],[-63.69092,46.31519],[-63.69273,46.31806],[-63.7053,46.31977],[-63.70367,46.31253],[-63.72994,46.30986],[-63.72885,46.30417],[-63.72318,46.30546],[-63.71965,46.30011],[-63.7253,46.29913],[-63.72378,46.29501],[-63.73099,46.2937],[-63.71909,46.27696],[-63.70739,46.27893],[-63.69674,46.27206],[-63.69592,46.27667],[-63.66628,46.28379],[-63.66995,46.29094],[-63.67939,46.29098],[-63.6518,46.2997],[-63.63826,46.29816]]],[[[-63.5941,46.30771],[-63.6346,46.30131],[-63.62799,46.28285],[-63.64281,46.28162],[-63.6401,46.26757],[-63.65318,46.26503],[-63.64825,46.25147],[-63.65448,46.2572],[-63.66434,46.25481],[-63.65985,46.24105],[-63.66372,46.2408],[-63.65471,46.23494],[-63.64533,46.23443],[-63.6394,46.24369],[-63.64544,46.23125],[-63.64921,46.23497],[-63.65406,46.22013],[-63.64161,46.22494],[-63.63076,46.22308],[-63.62593,46.22583],[-63.62905,46.23288],[-63.6183,46.23693],[-63.62548,46.2441],[-63.60918,46.25044],[-63.613,46.25412],[-63.60771,46.25554],[-63.60617,46.25204],[-63.59945,46.26002],[-63.5901,46.26061],[-63.58638,46.26533],[-63.59145,46.27754],[-63.57794,46.28014],[-63.57988,46.2773],[-63.56736,46.27266],[-63.56904,46.26231],[-63.55095,46.2812],[-63.55679,46.28157],[-63.55624,46.28418],[-63.56676,46.28205],[-63.5692,46.28932],[-63.5941,46.30771]]]]},"properties":{"id":"1103002","boundaryId":"census:csd:1103002","boundaryCode":"1103002","boundaryName":"Borden","boundarySource":"census","boundaryLevel":"csd","CSDUID":"1103002","CSDNAME":"Borden","CSDTYPE":"FD","CDUID":"1103","PRUID":"11","DGUID":"2021A00051103002","LANDAREA":54.071000000000005,"areaKm2":54.071000000000005,"north_south":"South","north_south_code":"S"}},{"type":"Feature","geometry":{"type":"MultiPolygon","coordinates":[[[[-63.72641,46.35215],[-63.72666,46.35233],[-63.7267,46.35205],[-63.72641,46.35215]],[[-63.78958,46.35046],[-63.79005,46.35138],[-63.78891,46.34931],[-63.78958,46.35046]]],[[[-63.57641,46.3743],[-63.58676,46.3724],[-63.58517,46.36749],[-63.61909,46.3619],[-63.62404,46.37],[-63.64191,46.36631],[-63.64927,46.36052],[-63.64831,46.35732],[-63.65198,46.35657],[-63.65029,46.35162],[-63.65688,46.35046],[-63.65343,46.34149],[-63.66416,46.34747],[-63.6676,46.34062],[-63.68316,46.34473],[-63.68236,46.34788],[-63.68921,46.35718],[-63.70029,46.35502],[-63.70485,46.35755],[-63.70873,46.35192],[-63.72623,46.34821],[-63.7374,46.35187],[-63.74919,46.34595],[-63.75834,46.34756],[-63.76202,46.34913],[-63.76316,46.35576],[-63.78058,46.35519],[-63.79791,46.36622],[-63.80093,46.37124],[-63.8101,46.37219],[-63.81144,46.36844],[-63.78913,46.35244],[-63.78787,46.34502],[-63.77388,46.34013],[-63.79307,46.33576],[-63.80023,46.34081],[-63.79635,46.34377],[-63.81527,46.33873],[-63.81637,46.32676],[-63.80898,46.31471],[-63.80094,46.31613],[-63.79908,46.31952],[-63.78842,46.31937],[-63.77739,46.3136],[-63.77498,46.30901],[-63.75237,46.3066],[-63.74384,46.29588],[-63.73771,46.29698],[-63.73099,46.2937],[-63.72378,46.29501],[-63.7253,46.29913],[-63.71965,46.30011],[-63.72318,46.30546],[-63.72885,46.30417],[-63.72994,46.30986],[-63.70367,46.31253],[-63.7053,46.31977],[-63.69273,46.31806],[-63.69092,46.31519],[-63.69433,46.31191],[-63.68067,46.31391],[-63.66999,46.31135],[-63.67373,46.30891],[-63.66704,46.31053],[-63.63826,46.29816],[-63.6518,46.2997],[-63.67939,46.29098],[-63.66995,46.29094],[-63.66628,46.28379],[-63.66852,46.28141],[-63.65499,46.27408],[-63.65036,46.27478],[-63.65072,46.27147],[-63.6472,46.26975],[-63.65583,46.26841],[-63.65318,46.26503],[-63.6401,46.26757],[-63.64281,46.28162],[-63.62799,46.28285],[-63.6346,46.30131],[-63.5941,46.30771],[-63.5692,46.28932],[-63.56676,46.28205],[-63.55624,46.28418],[-63.55679,46.28157],[-63.55095,46.2812],[-63.55921,46.2686],[-63.54171,46.27554],[-63.54599,46.27523],[-63.54139,46.28536],[-63.50875,46.28903],[-63.5106,46.29567],[-63.50229,46.29721],[-63.50465,46.30637],[-63.49973,46.30739],[-63.49388,46.30341],[-63.49908,46.31732],[-63.49547,46.32141],[-63.50414,46.33834],[-63.52628,46.34066],[-63.55526,46.33706],[-63.56012,46.35653],[-63.57128,46.35454],[-63.57494,46.3635],[-63.57133,46.36527],[-63.57641,46.3743]],[[-63.69395,46.34047],[-63.6925,46.33708],[-63.71219,46.33426],[-63.71475,46.33895],[-63.71826,46.33568],[-63.71614,46.33172],[-63.72307,46.33004],[-63.72753,46.33664],[-63.71782,46.33992],[-63.71794,46.34218],[-63.69649,46.34644],[-63.69395,46.34047]],[[-63.6062,46.32856],[-63.58624,46.33158],[-63.57746,46.3071],[-63.58464,46.30629],[-63.5942,46.31351],[-63.60039,46.31292],[-63.61077,46.3278],[-63.6062,46.32856]]]]},"properties":{"id":"1103003","boundaryId":"census:csd:1103003","boundaryCode":"1103003","boundaryName":"Kinkora","boundarySource":"census","boundaryLevel":"csd","CSDUID":"1103003","CSDNAME":"Kinkora","CSDTYPE":"FD","CDUID":"1103","PRUID":"11","DGUID":"2021A00051103003","LANDAREA":134.13070000000002,"areaKm2":134.13070000000002,"north_south":"South","north_south_code":"S"}},{"type":"Feature","geometry":{"type":"Polygon","coordinates":[[[-63.52121,46.27959],[-63.52442,46.28831],[-63.54139,46.28536],[-63.54599,46.27523],[-63.54171,46.27554],[-63.55921,46.2686],[-63.56352,46.27036],[-63.56904,46.26231],[-63.56736,46.27266],[-63.57988,46.2773],[-63.57794,46.28014],[-63.59145,46.27754],[-63.58638,46.26533],[-63.5901,46.26061],[-63.59945,46.26002],[-63.60617,46.25204],[-63.60771,46.25554],[-63.613,46.25412],[-63.60918,46.25044],[-63.62548,46.2441],[-63.6183,46.23693],[-63.62905,46.23288],[-63.62593,46.22583],[-63.63017,46.22316],[-63.6209,46.21428],[-63.60774,46.22057],[-63.60035,46.21216],[-63.58484,46.20795],[-63.57979,46.21532],[-63.58372,46.21789],[-63.58172,46.21817],[-63.57946,46.21581],[-63.56753,46.21605],[-63.5576,46.20682],[-63.54583,46.20528],[-63.54264,46.21321],[-63.54732,46.2185],[-63.54297,46.22267],[-63.54903,46.22855],[-63.5414,46.23099],[-63.54065,46.23399],[-63.54384,46.23405],[-63.5452,46.23899],[-63.55744,46.2399],[-63.5622,46.24693],[-63.5568,46.23987],[-63.54488,46.23925],[-63.54349,46.23431],[-63.54047,46.23455],[-63.54413,46.22641],[-63.53951,46.22641],[-63.5401,46.21952],[-63.50998,46.22693],[-63.51071,46.22898],[-63.50276,46.22848],[-63.5102,46.23852],[-63.50781,46.24465],[-63.52121,46.27959]]]},"properties":{"id":"1103004","boundaryId":"census:csd:1103004","boundaryCode":"1103004","boundaryName":"Crapaud, Part 2","boundarySource":"census","boundaryLevel":"csd","CSDUID":"1103004","CSDNAME":"Crapaud, Part 2","CSDTYPE":"FD","CDUID":"1103","PRUID":"11","DGUID":"2021A00051103004","LANDAREA":51.675200000000004,"areaKm2":51.675200000000004,"north_south":"South","north_south_code":"S"}},{"type":"Feature","geometry":{"type":"Polygon","coordinates":[[[-63.66118,46.27847],[-63.66875,46.28204],[-63.69592,46.27667],[-63.69321,46.27422],[-63.69522,46.27076],[-63.70216,46.26853],[-63.70139,46.26006],[-63.68808,46.25896],[-63.70081,46.25788],[-63.70639,46.25001],[-63.70058,46.24452],[-63.70373,46.25066],[-63.69502,46.2503],[-63.67936,46.2402],[-63.67877,46.245],[-63.67512,46.24666],[-63.67694,46.24936],[-63.65985,46.24105],[-63.66434,46.25481],[-63.65448,46.2572],[-63.64825,46.25147],[-63.65009,46.25645],[-63.6479,46.25593],[-63.65387,46.26629],[-63.65623,46.26582],[-63.65583,46.26841],[-63.6472,46.26975],[-63.65072,46.27147],[-63.65036,46.27478],[-63.65499,46.27408],[-63.66118,46.27847]]]},"properties":{"id":"1103005","boundaryId":"census:csd:1103005","boundaryCode":"1103005","boundaryName":"Borden-Carleton","boundarySource":"census","boundaryLevel":"csd","CSDUID":"1103005","CSDNAME":"Borden-Carleton","CSDTYPE":"T","CDUID":"1103","PRUID":"11","DGUID":"2021A00051103005","LANDAREA":12.9374,"areaKm2":12.9374,"north_south":"South","north_south_code":"S"}},{"type":"Feature","geometry":{"type":"MultiPolygon","coordinates":[[[[-63.76193,46.50336],[-63.76193,46.50361],[-63.76213,46.50353],[-63.76193,46.50336]]],[[[-63.7427,46.49949],[-63.74258,46.49968],[-63.74301,46.49965],[-63.7427,46.49949]]],[[[-63.56752,46.54513],[-63.56753,46.54531],[-63.56786,46.54522],[-63.56752,46.54513]]],[[[-63.57859,46.54793],[-63.57852,46.54807],[-63.57899,46.5481],[-63.57859,46.54793]]],[[[-63.76389,46.5083],[-63.76385,46.50856],[-63.76425,46.50854],[-63.76389,46.5083]]],[[[-63.75386,46.54084],[-63.75444,46.54115],[-63.75403,46.54078],[-63.75386,46.54084]]],[[[-63.74227,46.53375],[-63.74154,46.53434],[-63.74239,46.53416],[-63.74227,46.53375]]],[[[-63.73087,46.50709],[-63.73052,46.50786],[-63.73075,46.50862],[-63.73087,46.50709]]],[[[-63.76809,46.51512],[-63.7692,46.51533],[-63.76704,46.51478],[-63.76809,46.51512]]],[[[-63.69398,46.55345],[-63.69296,46.55449],[-63.69567,46.55343],[-63.69398,46.55345]]],[[[-63.6978,46.55329],[-63.6999,46.55545],[-63.69919,46.55405],[-63.6978,46.55329]]],[[[-63.69916,46.56087],[-63.70255,46.56113],[-63.70013,46.56026],[-63.69916,46.56087]]],[[[-63.76621,46.51267],[-63.75815,46.50522],[-63.75874,46.50999],[-63.76621,46.51267]]],[[[-63.7477,46.53495],[-63.74923,46.53983],[-63.75527,46.53661],[-63.74305,46.53386],[-63.7477,46.53495]]],[[[-63.68516,46.55783],[-63.69887,46.55822],[-63.69546,46.5553],[-63.68516,46.55783]]],[[[-63.77283,46.51818],[-63.78136,46.53119],[-63.7904,46.52794],[-63.78635,46.5223],[-63.7709,46.51595],[-63.77283,46.51818]]],[[[-63.56987,46.54542],[-63.6679,46.56786],[-63.68104,46.55987],[-63.67697,46.56132],[-63.6621,46.55638],[-63.65714,46.55006],[-63.65618,46.54259],[-63.65349,46.54247],[-63.67269,46.53337],[-63.67875,46.53514],[-63.68394,46.53214],[-63.68615,46.53369],[-63.67601,46.53884],[-63.67804,46.54627],[-63.68602,46.55015],[-63.69431,46.54975],[-63.70289,46.55543],[-63.70662,46.5507],[-63.70849,46.55335],[-63.69994,46.55849],[-63.70745,46.56227],[-63.71849,46.55602],[-63.72144,46.55154],[-63.71976,46.54619],[-63.72437,46.53929],[-63.73398,46.5335],[-63.70699,46.53118],[-63.70303,46.52584],[-63.69769,46.52834],[-63.69601,46.51099],[-63.70002,46.50905],[-63.69757,46.51174],[-63.70346,46.51642],[-63.70106,46.51775],[-63.72083,46.51402],[-63.72376,46.51125],[-63.71973,46.51],[-63.74751,46.49785],[-63.74822,46.48782],[-63.71153,46.48822],[-63.71915,46.48711],[-63.72767,46.47835],[-63.70086,46.47396],[-63.69487,46.46478],[-63.69485,46.4565],[-63.67732,46.46145],[-63.67127,46.45758],[-63.66368,46.46403],[-63.66425,46.4586],[-63.65262,46.46068],[-63.64345,46.4627],[-63.64475,46.4653],[-63.61547,46.47132],[-63.61146,46.47597],[-63.60375,46.47736],[-63.60957,46.4917],[-63.60353,46.49289],[-63.60469,46.49566],[-63.60959,46.49555],[-63.59843,46.49756],[-63.60397,46.51113],[-63.59656,46.51729],[-63.59538,46.51442],[-63.58939,46.5145],[-63.5923,46.52557],[-63.58667,46.52158],[-63.58905,46.52718],[-63.57598,46.53239],[-63.56815,46.52352],[-63.57105,46.53136],[-63.56776,46.53198],[-63.56032,46.51486],[-63.56274,46.5224],[-63.56006,46.52296],[-63.55688,46.5155],[-63.5541,46.5174],[-63.56341,46.53961],[-63.55752,46.54115],[-63.56987,46.54542]]]]},"properties":{"id":"1103007","boundaryId":"census:csd:1103007","boundaryCode":"1103007","boundaryName":"Malpeque Bay","boundarySource":"census","boundaryLevel":"csd","CSDUID":"1103007","CSDNAME":"Malpeque Bay","CSDTYPE":"RM","CDUID":"1103","PRUID":"11","DGUID":"2021A00051103007","LANDAREA":98.968,"areaKm2":98.968,"north_south":"South","north_south_code":"S"}},{"type":"Feature","geometry":{"type":"Polygon","coordinates":[[[-63.58293,46.32139],[-63.58624,46.33158],[-63.61077,46.3278],[-63.60039,46.31292],[-63.5942,46.31351],[-63.58464,46.30629],[-63.57746,46.3071],[-63.58293,46.32139]]]},"properties":{"id":"1103008","boundaryId":"census:csd:1103008","boundaryCode":"1103008","boundaryName":"Kinkora","boundarySource":"census","boundaryLevel":"csd","CSDUID":"1103008","CSDNAME":"Kinkora","CSDTYPE":"RM","CDUID":"1103","PRUID":"11","DGUID":"2021A00051103008","LANDAREA":3.9659,"areaKm2":3.9659,"north_south":"South","north_south_code":"S"}},{"type":"Feature","geometry":{"type":"Polygon","coordinates":[[[-63.62663,46.443],[-63.63157,46.44972],[-63.64031,46.44822],[-63.63801,46.44426],[-63.64032,46.44165],[-63.64932,46.44064],[-63.648,46.43764],[-63.65199,46.43701],[-63.65022,46.43143],[-63.64563,46.43369],[-63.6412,46.42659],[-63.63435,46.42663],[-63.63565,46.43079],[-63.63322,46.43122],[-63.631,46.42667],[-63.63416,46.42656],[-63.62646,46.42328],[-63.6246,46.42816],[-63.62846,46.42631],[-63.63291,46.43472],[-63.62491,46.43172],[-63.62539,46.44391],[-63.62909,46.44239],[-63.62663,46.443]],[[-63.63589,46.43145],[-63.63354,46.43195],[-63.63337,46.43156],[-63.63589,46.43145]]]},"properties":{"id":"1103014","boundaryId":"census:csd:1103014","boundaryCode":"1103014","boundaryName":"Kensington","boundarySource":"census","boundaryLevel":"csd","CSDUID":"1103014","CSDNAME":"Kensington","CSDTYPE":"T","CDUID":"1103","PRUID":"11","DGUID":"2021A00051103014","LANDAREA":3.17,"areaKm2":3.17,"north_south":"South","north_south_code":"S"}},{"type":"Feature","geometry":{"type":"Polygon","coordinates":[[[-63.69649,46.34644],[-63.71794,46.34218],[-63.71782,46.33992],[-63.72753,46.33664],[-63.72307,46.33004],[-63.71614,46.33172],[-63.71826,46.33568],[-63.71475,46.33895],[-63.71219,46.33426],[-63.6925,46.33708],[-63.69649,46.34644]]]},"properties":{"id":"1103015","boundaryId":"census:csd:1103015","boundaryCode":"1103015","boundaryName":"Bedeque and Area","boundarySource":"census","boundaryLevel":"csd","CSDUID":"1103015","CSDNAME":"Bedeque and Area","CSDTYPE":"RM","CDUID":"1103","PRUID":"11","DGUID":"2021A00051103015","LANDAREA":2.262,"areaKm2":2.262,"north_south":"South","north_south_code":"S"}},{"type":"Feature","geometry":{"type":"Polygon","coordinates":[[[-63.75711,46.44636],[-63.76258,46.44808],[-63.79206,46.44086],[-63.79803,46.43359],[-63.79697,46.42287],[-63.75647,46.42155],[-63.74677,46.41701],[-63.7486,46.4225],[-63.74592,46.42733],[-63.74914,46.42741],[-63.7461,46.43987],[-63.75226,46.43361],[-63.7519,46.44456],[-63.75711,46.44636]]]},"properties":{"id":"1103018","boundaryId":"census:csd:1103018","boundaryCode":"1103018","boundaryName":"Sherbrooke","boundarySource":"census","boundaryLevel":"csd","CSDUID":"1103018","CSDNAME":"Sherbrooke","CSDTYPE":"RM","CDUID":"1103","PRUID":"11","DGUID":"2021A00051103018","LANDAREA":8.9411,"areaKm2":8.9411,"north_south":"South","north_south_code":"S"}},{"type":"Feature","geometry":{"type":"Polygon","coordinates":[[[-63.93771,46.50936],[-63.96853,46.53738],[-64.0119,46.52951],[-64.00846,46.52066],[-64.04707,46.51353],[-64.04501,46.50809],[-64.04793,46.5076],[-64.05002,46.51311],[-64.05423,46.51241],[-64.05599,46.51668],[-64.06254,46.51554],[-64.06433,46.51996],[-64.07576,46.51798],[-64.07973,46.52845],[-64.10806,46.5278],[-64.11195,46.5227],[-64.11123,46.51142],[-64.10786,46.51036],[-64.10567,46.50392],[-64.10111,46.47103],[-64.11053,46.45912],[-64.10578,46.44864],[-64.11221,46.43874],[-64.11645,46.43739],[-64.12298,46.44072],[-64.12169,46.44409],[-64.11709,46.44284],[-64.12004,46.44568],[-64.11599,46.44676],[-64.11864,46.44708],[-64.14048,46.43049],[-64.14232,46.42416],[-64.13363,46.41342],[-64.1353,46.40181],[-64.05796,46.39706],[-64.03299,46.38855],[-64.00448,46.38524],[-63.989,46.38763],[-63.98389,46.40024],[-63.99084,46.41184],[-63.98144,46.42501],[-63.98651,46.43765],[-63.9515,46.44364],[-63.95354,46.44895],[-63.94922,46.44793],[-63.94362,46.45453],[-63.94704,46.45814],[-63.94517,46.46112],[-63.94976,46.46112],[-63.95421,46.46826],[-63.97103,46.46493],[-63.95471,46.47112],[-63.95504,46.4739],[-63.96737,46.47459],[-63.96578,46.47654],[-63.95958,46.47531],[-63.95009,46.4794],[-63.94445,46.4749],[-63.94469,46.47947],[-63.93847,46.4856],[-63.9297,46.48838],[-63.93185,46.49176],[-63.92296,46.50276],[-63.93771,46.50936]],[[-64.05991,46.4591],[-64.06198,46.45562],[-64.07794,46.45306],[-64.07617,46.45038],[-64.07928,46.4495],[-64.08751,46.44846],[-64.09263,46.45134],[-64.08303,46.45557],[-64.08429,46.46212],[-64.08052,46.46103],[-64.07885,46.45601],[-64.05991,46.4591]],[[-63.99948,46.46054],[-63.99483,46.46124],[-63.991,46.45155],[-64.00723,46.44349],[-64.00974,46.44711],[-64.00545,46.45137],[-64.01122,46.4593],[-63.99948,46.46054]]]},"properties":{"id":"1103020","boundaryId":"census:csd:1103020","boundaryCode":"1103020","boundaryName":"Wellington","boundarySource":"census","boundaryLevel":"csd","CSDUID":"1103020","CSDNAME":"Wellington","CSDTYPE":"FD","CDUID":"1103","PRUID":"11","DGUID":"2021A00051103020","LANDAREA":172.0952,"areaKm2":172.0952,"north_south":"South","north_south_code":"S"}},{"type":"Feature","geometry":{"type":"MultiPolygon","coordinates":[[[[-63.86376,46.65212],[-63.86683,46.65296],[-63.86353,46.65055],[-63.86376,46.65212]]],[[[-63.86872,46.65364],[-63.87288,46.65484],[-63.87488,46.65381],[-63.86872,46.65364]]],[[[-63.85789,46.64476],[-63.8579,46.64636],[-63.86044,46.64536],[-63.85789,46.64476]]],[[[-63.81619,46.5969],[-63.81865,46.60082],[-63.83267,46.60185],[-63.83231,46.59258],[-63.81764,46.59325],[-63.81619,46.5969]]],[[[-63.85973,46.65088],[-63.86253,46.65024],[-63.85655,46.64719],[-63.85271,46.64039],[-63.856,46.63824],[-63.85031,46.64088],[-63.84183,46.63903],[-63.79801,46.61001],[-63.78491,46.60625],[-63.79144,46.60092],[-63.79322,46.58982],[-63.76816,46.59986],[-63.78322,46.60355],[-63.77931,46.6061],[-63.75178,46.59478],[-63.74564,46.58823],[-63.74428,46.5943],[-63.73044,46.58748],[-63.73471,46.58124],[-63.72072,46.57771],[-63.71785,46.5795],[-63.71364,46.57322],[-63.70921,46.57245],[-63.72361,46.58516],[-63.81664,46.62758],[-63.85973,46.65088]]],[[[-63.88875,46.60225],[-63.89297,46.60189],[-63.8888,46.59836],[-63.89774,46.5912],[-63.8991,46.58547],[-63.90071,46.58992],[-63.91183,46.58608],[-63.91003,46.58295],[-63.91781,46.57586],[-63.91528,46.5816],[-63.91935,46.58197],[-63.91924,46.57617],[-63.92226,46.57475],[-63.92058,46.56964],[-63.92884,46.56777],[-63.93504,46.56753],[-63.93882,46.57763],[-63.94201,46.578],[-63.92765,46.58422],[-63.92445,46.58098],[-63.91266,46.58244],[-63.91336,46.58687],[-63.90837,46.58906],[-63.91361,46.58958],[-63.91069,46.59178],[-63.91322,46.59711],[-63.98044,46.58464],[-63.97407,46.56784],[-63.98248,46.56645],[-63.98018,46.56066],[-63.98333,46.56012],[-63.9819,46.55336],[-63.99049,46.55182],[-63.98821,46.54562],[-64.00028,46.54367],[-63.99766,46.53211],[-63.96853,46.53738],[-63.93281,46.50641],[-63.91948,46.50601],[-63.91739,46.51647],[-63.91391,46.51253],[-63.91769,46.50672],[-63.916,46.50329],[-63.90803,46.50667],[-63.89269,46.50685],[-63.88908,46.512],[-63.87988,46.51454],[-63.87221,46.52081],[-63.87675,46.5254],[-63.86875,46.52522],[-63.87184,46.52117],[-63.86853,46.52218],[-63.86041,46.53731],[-63.86658,46.54871],[-63.85134,46.55882],[-63.84831,46.56541],[-63.85265,46.56469],[-63.8528,46.5731],[-63.86123,46.57385],[-63.85998,46.57599],[-63.85516,46.57702],[-63.84774,46.57241],[-63.84599,46.57797],[-63.84525,46.57259],[-63.83642,46.57424],[-63.83246,46.57823],[-63.84053,46.58384],[-63.85487,46.58756],[-63.86155,46.59358],[-63.8774,46.58895],[-63.87418,46.59203],[-63.87957,46.59915],[-63.88753,46.58941],[-63.88344,46.59699],[-63.88875,46.60225]]]]},"properties":{"id":"1103021","boundaryId":"census:csd:1103021","boundaryCode":"1103021","boundaryName":"Tyne Valley","boundarySource":"census","boundaryLevel":"csd","CSDUID":"1103021","CSDNAME":"Tyne Valley","CSDTYPE":"FD","CDUID":"1103","PRUID":"11","DGUID":"2021A00051103021","LANDAREA":87.63390000000001,"areaKm2":87.63390000000001,"north_south":"South","north_south_code":"S"}},{"type":"Feature","geometry":{"type":"Polygon","coordinates":[[[-63.93702,46.44617],[-63.95354,46.44895],[-63.9515,46.44364],[-63.98651,46.43765],[-63.98144,46.42501],[-63.99084,46.41184],[-63.98389,46.40024],[-63.989,46.38763],[-63.95747,46.39633],[-63.96358,46.3985],[-63.9616,46.39933],[-63.95994,46.39639],[-63.94998,46.39681],[-63.94101,46.40033],[-63.94113,46.40281],[-63.95488,46.4071],[-63.94275,46.41442],[-63.94377,46.41647],[-63.93951,46.41139],[-63.93774,46.41389],[-63.94111,46.41709],[-63.9319,46.42873],[-63.93838,46.41887],[-63.92874,46.41868],[-63.92553,46.4243],[-63.93006,46.42532],[-63.92082,46.43863],[-63.93065,46.43527],[-63.93702,46.44617]]]},"properties":{"id":"1103022","boundaryId":"census:csd:1103022","boundaryCode":"1103022","boundaryName":"St. Nicholas","boundarySource":"census","boundaryLevel":"csd","CSDUID":"1103022","CSDNAME":"St. Nicholas","CSDTYPE":"RM","CDUID":"1103","PRUID":"11","DGUID":"2021A00051103022","LANDAREA":20.7301,"areaKm2":20.7301,"north_south":"South","north_south_code":"S"}},{"type":"Feature","geometry":{"type":"Polygon","coordinates":[[[-63.84654,46.42534],[-63.85116,46.4262],[-63.86051,46.39928],[-63.83944,46.39113],[-63.83242,46.40184],[-63.825,46.39709],[-63.82022,46.40438],[-63.81693,46.40371],[-63.81317,46.41437],[-63.83872,46.41832],[-63.84475,46.42082],[-63.84363,46.42375],[-63.84654,46.42534]]]},"properties":{"id":"1103023","boundaryId":"census:csd:1103023","boundaryCode":"1103023","boundaryName":"Linkletter","boundarySource":"census","boundaryLevel":"csd","CSDUID":"1103023","CSDNAME":"Linkletter","CSDTYPE":"RM","CDUID":"1103","PRUID":"11","DGUID":"2021A00051103023","LANDAREA":7.8802,"areaKm2":7.8802,"north_south":"South","north_south_code":"S"}},{"type":"Feature","geometry":{"type":"Polygon","coordinates":[[[-63.85705,46.43748],[-63.85215,46.44322],[-63.86422,46.44478],[-63.88321,46.4242],[-63.87229,46.4223],[-63.86777,46.42644],[-63.85221,46.42364],[-63.84991,46.42916],[-63.8455,46.42865],[-63.85994,46.43364],[-63.85705,46.43748]]]},"properties":{"id":"1103024","boundaryId":"census:csd:1103024","boundaryCode":"1103024","boundaryName":"Miscouche","boundarySource":"census","boundaryLevel":"csd","CSDUID":"1103024","CSDNAME":"Miscouche","CSDTYPE":"RM","CDUID":"1103","PRUID":"11","DGUID":"2021A00051103024","LANDAREA":3.4918,"areaKm2":3.4918,"north_south":"South","north_south_code":"S"}},{"type":"Feature","geometry":{"type":"Polygon","coordinates":[[[-63.79523,46.44622],[-63.80092,46.44266],[-63.80073,46.43977],[-63.81172,46.43836],[-63.81157,46.43328],[-63.81877,46.43256],[-63.8176,46.43667],[-63.82299,46.43801],[-63.82779,46.43582],[-63.82955,46.42637],[-63.8455,46.42865],[-63.84475,46.42082],[-63.81317,46.41437],[-63.81693,46.40371],[-63.82022,46.40438],[-63.82228,46.39871],[-63.825,46.39709],[-63.83242,46.40184],[-63.83944,46.39113],[-63.80404,46.39607],[-63.79227,46.38876],[-63.7885,46.39025],[-63.78879,46.38645],[-63.78682,46.39039],[-63.78475,46.38832],[-63.78749,46.38821],[-63.78395,46.38781],[-63.78157,46.39006],[-63.76804,46.38922],[-63.76016,46.3935],[-63.74967,46.39124],[-63.74631,46.39315],[-63.7478,46.39628],[-63.73752,46.39174],[-63.72371,46.39599],[-63.72879,46.40596],[-63.72335,46.40683],[-63.7252,46.41284],[-63.75697,46.40761],[-63.75777,46.40954],[-63.75013,46.41094],[-63.75399,46.42087],[-63.79697,46.42287],[-63.79803,46.43359],[-63.79179,46.44231],[-63.79523,46.44622]]]},"properties":{"id":"1103025","boundaryId":"census:csd:1103025","boundaryCode":"1103025","boundaryName":"Summerside","boundarySource":"census","boundaryLevel":"csd","CSDUID":"1103025","CSDNAME":"Summerside","CSDTYPE":"CY","CDUID":"1103","PRUID":"11","DGUID":"2021A00051103025","LANDAREA":28.2118,"areaKm2":28.2118,"north_south":"South","north_south_code":"S"}},{"type":"Feature","geometry":{"type":"Polygon","coordinates":[[[-64.06198,46.45562],[-64.05991,46.4591],[-64.07885,46.45601],[-64.08198,46.46254],[-64.08583,46.46147],[-64.08303,46.45557],[-64.09263,46.45134],[-64.08751,46.44846],[-64.07928,46.4495],[-64.07617,46.45038],[-64.07794,46.45306],[-64.06198,46.45562]]]},"properties":{"id":"1103027","boundaryId":"census:csd:1103027","boundaryCode":"1103027","boundaryName":"Abram-Village","boundarySource":"census","boundaryLevel":"csd","CSDUID":"1103027","CSDNAME":"Abram-Village","CSDTYPE":"RM","CDUID":"1103","PRUID":"11","DGUID":"2021A00051103027","LANDAREA":1.3599,"areaKm2":1.3599,"north_south":"South","north_south_code":"S"}},{"type":"Feature","geometry":{"type":"Polygon","coordinates":[[[-63.99483,46.46124],[-64.01122,46.4593],[-64.00545,46.45137],[-64.00974,46.44711],[-64.00736,46.44357],[-63.991,46.45155],[-63.99483,46.46124]]]},"properties":{"id":"1103029","boundaryId":"census:csd:1103029","boundaryCode":"1103029","boundaryName":"Wellington","boundarySource":"census","boundaryLevel":"csd","CSDUID":"1103029","CSDNAME":"Wellington","CSDTYPE":"RM","CDUID":"1103","PRUID":"11","DGUID":"2021A00051103029","LANDAREA":1.6963000000000001,"areaKm2":1.6963000000000001,"north_south":"South","north_south_code":"S"}},{"type":"Feature","geometry":{"type":"Polygon","coordinates":[[[-63.92649,46.58303],[-63.94201,46.578],[-63.93882,46.57763],[-63.93504,46.56753],[-63.92058,46.56964],[-63.92226,46.57475],[-63.91824,46.57935],[-63.92808,46.57671],[-63.91991,46.57948],[-63.92649,46.58303]]]},"properties":{"id":"1103033","boundaryId":"census:csd:1103033","boundaryCode":"1103033","boundaryName":"Tyne Valley","boundarySource":"census","boundaryLevel":"csd","CSDUID":"1103033","CSDNAME":"Tyne Valley","CSDTYPE":"RM","CDUID":"1103","PRUID":"11","DGUID":"2021A00051103033","LANDAREA":1.9393,"areaKm2":1.9393,"north_south":"South","north_south_code":"S"}},{"type":"Feature","geometry":{"type":"Polygon","coordinates":[[[-63.85317,46.62723],[-63.86943,46.63097],[-63.8756,46.6287],[-63.86917,46.6217],[-63.85745,46.61831],[-63.85784,46.61157],[-63.873,46.60909],[-63.85633,46.59872],[-63.84333,46.60252],[-63.84243,46.607],[-63.83272,46.61114],[-63.83781,46.61866],[-63.85317,46.62723]]]},"properties":{"id":"1103035","boundaryId":"census:csd:1103035","boundaryCode":"1103035","boundaryName":"Lennox Island 1","boundarySource":"census","boundaryLevel":"csd","CSDUID":"1103035","CSDNAME":"Lennox Island 1","CSDTYPE":"IRI","CDUID":"1103","PRUID":"11","DGUID":"2021A00051103035","LANDAREA":5.5861,"areaKm2":5.5861,"north_south":"South","north_south_code":"S"}},{"type":"Feature","geometry":{"type":"MultiPolygon","coordinates":[[[[-63.94442,46.70138],[-63.94431,46.70158],[-63.94473,46.70144],[-63.94442,46.70138]]],[[[-64.00377,46.74833],[-64.00353,46.74858],[-64.0038,46.74852],[-64.00377,46.74833]]],[[[-63.94538,46.69959],[-63.94564,46.69969],[-63.94585,46.69949],[-63.94538,46.69959]]],[[[-63.95815,46.70742],[-63.95826,46.70759],[-63.95849,46.70724],[-63.95815,46.70742]]],[[[-64.00579,46.74758],[-64.00534,46.7477],[-64.00604,46.74765],[-64.00579,46.74758]]],[[[-64.00508,46.74836],[-64.00485,46.74893],[-64.00522,46.74881],[-64.00508,46.74836]]],[[[-63.94712,46.69974],[-63.94653,46.70007],[-63.94767,46.70005],[-63.94712,46.69974]]],[[[-63.95873,46.70585],[-63.9586,46.70704],[-63.95919,46.70672],[-63.95873,46.70585]]],[[[-64.0096,46.74706],[-64.01036,46.7471],[-64.00913,46.74627],[-64.0096,46.74706]]],[[[-64.00689,46.74795],[-64.00566,46.74868],[-64.00657,46.74868],[-64.00689,46.74795]]],[[[-63.9649,46.71083],[-63.96889,46.71201],[-63.9664,46.70986],[-63.9649,46.71083]]],[[[-63.96387,46.71063],[-63.96196,46.70628],[-63.96093,46.70944],[-63.96387,46.71063]]],[[[-64.0016,46.74732],[-64.00587,46.74654],[-63.99721,46.74331],[-63.98338,46.73365],[-63.98029,46.72811],[-63.9728,46.72509],[-63.97014,46.71893],[-63.97485,46.71982],[-63.97102,46.71562],[-63.96252,46.71648],[-63.95154,46.70838],[-63.95138,46.70169],[-63.93329,46.69724],[-63.92624,46.6892],[-63.90091,46.67549],[-63.89323,46.66619],[-63.88241,46.66369],[-63.87738,46.65681],[-63.87364,46.65676],[-63.87766,46.66221],[-64.0016,46.74732]]],[[[-64.01753,46.74073],[-64.02943,46.72761],[-64.05079,46.73945],[-64.06012,46.74923],[-64.06596,46.74862],[-64.06122,46.74566],[-64.06256,46.74088],[-64.07158,46.73999],[-64.06935,46.72588],[-64.05495,46.72406],[-64.05017,46.7122],[-64.04121,46.71649],[-64.04511,46.71308],[-64.04263,46.70707],[-64.02819,46.70337],[-64.01988,46.70719],[-64.02008,46.70972],[-64.0132,46.70668],[-64.01952,46.70628],[-64.02873,46.69977],[-64.01264,46.69207],[-64.02039,46.6916],[-64.02144,46.69606],[-64.03135,46.6956],[-64.03393,46.69857],[-64.0321,46.70191],[-64.0426,46.70164],[-64.05271,46.68317],[-64.05283,46.68927],[-64.04813,46.69137],[-64.05123,46.69336],[-64.0489,46.70315],[-64.06727,46.70618],[-64.07311,46.70198],[-64.07433,46.69981],[-64.06643,46.6946],[-64.05581,46.66568],[-64.02533,46.67218],[-64.01977,46.66186],[-64.02647,46.65719],[-64.02442,46.65246],[-64.0078,46.6553],[-64.01229,46.64738],[-64.00924,46.64672],[-64.01142,46.64314],[-63.96881,46.64983],[-63.96705,46.64412],[-63.97155,46.64328],[-63.97057,46.64062],[-63.96619,46.64139],[-63.96238,46.63415],[-63.95757,46.63502],[-63.95602,46.63113],[-63.96681,46.62915],[-63.96188,46.6165],[-63.92421,46.62241],[-63.92523,46.62454],[-63.92067,46.6239],[-63.9196,46.62767],[-63.9164,46.62181],[-63.91072,46.62155],[-63.90351,46.61498],[-63.90095,46.61651],[-63.90103,46.60948],[-63.8765,46.60647],[-63.87912,46.61294],[-63.87789,46.62304],[-63.88284,46.62158],[-63.87942,46.62428],[-63.88501,46.63051],[-63.88066,46.63126],[-63.87813,46.6366],[-63.88773,46.64553],[-63.88677,46.64893],[-63.90305,46.65452],[-63.91808,46.67306],[-63.92579,46.67735],[-63.92331,46.68014],[-63.94505,46.68522],[-63.95241,46.68421],[-63.95094,46.68072],[-63.9548,46.68316],[-63.96876,46.67927],[-63.96163,46.68381],[-63.95735,46.68231],[-63.95365,46.68595],[-63.94235,46.68675],[-63.94164,46.68971],[-63.96412,46.70295],[-63.97126,46.70407],[-63.97737,46.69824],[-63.97145,46.70493],[-63.96559,46.70448],[-63.97616,46.71175],[-63.97461,46.71429],[-63.98393,46.71912],[-63.98201,46.72079],[-63.98438,46.72331],[-63.98712,46.72289],[-63.98401,46.72926],[-64.00924,46.73463],[-64.01753,46.74073]]]]},"properties":{"id":"1103039","boundaryId":"census:csd:1103039","boundaryCode":"1103039","boundaryName":"Lot 11 and Area","boundarySource":"census","boundaryLevel":"csd","CSDUID":"1103039","CSDNAME":"Lot 11 and Area","CSDTYPE":"RM","CDUID":"1103","PRUID":"11","DGUID":"2021A00051103039","LANDAREA":102.6102,"areaKm2":102.6102,"north_south":"South","north_south_code":"S"}},{"type":"Feature","geometry":{"type":"MultiPolygon","coordinates":[[[[-63.8455,46.42865],[-63.84991,46.42916],[-63.85116,46.4262],[-63.84654,46.42534],[-63.8455,46.42865]]],[[[-63.78784,46.37141],[-63.78326,46.37156],[-63.78888,46.37901],[-63.79332,46.37532],[-63.79226,46.37197],[-63.78784,46.37141]]],[[[-63.8455,46.42865],[-63.8299,46.42626],[-63.82779,46.43582],[-63.82299,46.43801],[-63.8176,46.43667],[-63.81877,46.43256],[-63.81157,46.43328],[-63.81172,46.43836],[-63.80548,46.43769],[-63.79634,46.44361],[-63.79856,46.45058],[-63.82682,46.45812],[-63.82842,46.45309],[-63.82877,46.45706],[-63.83433,46.45801],[-63.83597,46.45561],[-63.83831,46.45937],[-63.84439,46.45669],[-63.8439,46.45068],[-63.84704,46.45804],[-63.85237,46.45281],[-63.8509,46.45686],[-63.85354,46.45894],[-63.8434,46.46184],[-63.84556,46.46278],[-63.84162,46.46639],[-63.84407,46.47201],[-63.84146,46.46302],[-63.83273,46.46277],[-63.83478,46.46941],[-63.83117,46.47165],[-63.81249,46.46713],[-63.80809,46.47749],[-63.81259,46.48108],[-63.80734,46.48676],[-63.8036,46.48609],[-63.80933,46.49248],[-63.80871,46.49625],[-63.82037,46.50115],[-63.8309,46.51481],[-63.82895,46.51804],[-63.84796,46.50242],[-63.86978,46.50248],[-63.87461,46.5072],[-63.88271,46.50484],[-63.88597,46.49846],[-63.90197,46.49766],[-63.9192,46.48963],[-63.91923,46.48416],[-63.92488,46.47806],[-63.92019,46.47114],[-63.91407,46.47269],[-63.9248,46.46583],[-63.92287,46.46303],[-63.9254,46.45543],[-63.924,46.46309],[-63.92846,46.46392],[-63.92448,46.46942],[-63.92755,46.47101],[-63.92586,46.47735],[-63.93148,46.48019],[-63.94207,46.47343],[-63.94969,46.4741],[-63.94833,46.46913],[-63.95198,46.46543],[-63.94759,46.46499],[-63.94362,46.45453],[-63.9483,46.44855],[-63.93702,46.44617],[-63.93065,46.43527],[-63.92082,46.43863],[-63.93006,46.42532],[-63.92553,46.4243],[-63.92854,46.41834],[-63.91757,46.42383],[-63.92102,46.41769],[-63.91283,46.41324],[-63.91598,46.40887],[-63.90163,46.40891],[-63.88644,46.39309],[-63.88071,46.39446],[-63.88015,46.40169],[-63.86194,46.40047],[-63.85454,46.41788],[-63.85221,46.42364],[-63.86777,46.42644],[-63.87229,46.4223],[-63.88321,46.4242],[-63.86542,46.44394],[-63.85215,46.44322],[-63.85994,46.43364],[-63.8455,46.42865]]]]},"properties":{"id":"1103040","boundaryId":"census:csd:1103040","boundaryCode":"1103040","boundaryName":"Miscouche","boundarySource":"census","boundaryLevel":"csd","CSDUID":"1103040","CSDNAME":"Miscouche","CSDTYPE":"FD","CDUID":"1103","PRUID":"11","DGUID":"2021A00051103040","LANDAREA":85.53540000000001,"areaKm2":85.53540000000001,"north_south":"South","north_south_code":"S"}},{"type":"Feature","geometry":{"type":"Polygon","coordinates":[[[-64.21969,46.71147],[-64.22421,46.71893],[-64.22267,46.71354],[-64.22786,46.713],[-64.22741,46.70934],[-64.23962,46.70786],[-64.23978,46.70454],[-64.23637,46.69903],[-64.23142,46.69796],[-64.22769,46.69861],[-64.22912,46.70294],[-64.2258,46.70497],[-64.21185,46.7042],[-64.21969,46.71147]]]},"properties":{"id":"1103042","boundaryId":"census:csd:1103042","boundaryCode":"1103042","boundaryName":"O'Leary","boundarySource":"census","boundaryLevel":"csd","CSDUID":"1103042","CSDNAME":"O'Leary","CSDTYPE":"T","CDUID":"1103","PRUID":"11","DGUID":"2021A00051103042","LANDAREA":1.8290000000000002,"areaKm2":1.8290000000000002,"north_south":"South","north_south_code":"S"}},{"type":"Feature","geometry":{"type":"MultiPolygon","coordinates":[[[[-64.08883,46.57545],[-64.08787,46.57584],[-64.08901,46.57596],[-64.08883,46.57545]]],[[[-64.05622,46.66699],[-64.06594,46.68811],[-64.07258,46.68053],[-64.06808,46.66983],[-64.07511,46.66534],[-64.07266,46.65908],[-64.07622,46.64797],[-64.07022,46.64117],[-64.06726,46.64312],[-64.07031,46.63903],[-64.0664,46.638],[-64.06654,46.63393],[-64.0706,46.62788],[-64.08086,46.62466],[-64.08244,46.62016],[-64.08097,46.60946],[-64.07496,46.61013],[-64.07941,46.60796],[-64.07727,46.6068],[-64.08273,46.60739],[-64.07438,46.59482],[-64.08027,46.58772],[-64.08703,46.58554],[-64.08601,46.5828],[-64.08386,46.58478],[-64.0807,46.5819],[-64.0729,46.58391],[-64.06342,46.58129],[-64.05686,46.58625],[-64.05551,46.57682],[-64.05962,46.56967],[-64.05155,46.57097],[-64.05877,46.56681],[-64.05761,46.56427],[-64.06346,46.56616],[-64.0624,46.56914],[-64.06871,46.56753],[-64.07585,46.55937],[-64.0744,46.55562],[-64.0889,46.54902],[-64.09867,46.5339],[-64.10286,46.53352],[-64.10754,46.52628],[-64.08912,46.5301],[-64.08764,46.5268],[-64.07973,46.52845],[-64.07576,46.51798],[-64.06433,46.51996],[-64.06254,46.51554],[-64.05599,46.51668],[-64.05423,46.51241],[-64.05002,46.51311],[-64.04793,46.5076],[-64.04501,46.50809],[-64.04707,46.51353],[-64.00846,46.52066],[-64.0119,46.52951],[-63.99766,46.53211],[-64.00028,46.54367],[-63.98821,46.54562],[-63.99049,46.55182],[-63.9819,46.55336],[-63.98333,46.56012],[-63.98018,46.56066],[-63.98248,46.56645],[-63.97407,46.56784],[-63.98044,46.58464],[-63.91322,46.59711],[-63.90591,46.59043],[-63.89806,46.59605],[-63.90219,46.59738],[-63.89938,46.60005],[-63.90714,46.60989],[-63.91458,46.60883],[-63.90886,46.61519],[-63.9165,46.61672],[-63.93089,46.60736],[-63.91427,46.61969],[-63.92014,46.62309],[-63.96188,46.6165],[-63.96681,46.62915],[-63.95602,46.63113],[-63.95757,46.63502],[-63.96238,46.63415],[-63.96619,46.64139],[-63.97057,46.64062],[-63.97155,46.64328],[-63.96705,46.64412],[-63.96881,46.64983],[-64.01142,46.64314],[-64.00924,46.64672],[-64.01229,46.64738],[-64.0078,46.6553],[-64.02442,46.65246],[-64.02647,46.65719],[-64.01977,46.66186],[-64.02533,46.67218],[-64.05622,46.66699]]]]},"properties":{"id":"1103043","boundaryId":"census:csd:1103043","boundaryCode":"1103043","boundaryName":"Central Prince","boundarySource":"census","boundaryLevel":"csd","CSDUID":"1103043","CSDNAME":"Central Prince","CSDTYPE":"RM","CDUID":"1103","PRUID":"11","DGUID":"2021A00051103043","LANDAREA":133.7752,"areaKm2":133.7752,"north_south":"South","north_south_code":"S"}},{"type":"Feature","geometry":{"type":"Polygon","coordinates":[[[-64.05891,46.79654],[-64.05392,46.80364],[-64.06533,46.80536],[-64.06937,46.7945],[-64.06348,46.78152],[-64.05739,46.78187],[-64.05497,46.78541],[-64.06231,46.79081],[-64.05891,46.79654]]]},"properties":{"id":"1103050","boundaryId":"census:csd:1103050","boundaryCode":"1103050","boundaryName":"Northport","boundarySource":"census","boundaryLevel":"csd","CSDUID":"1103050","CSDNAME":"Northport","CSDTYPE":"RM","CDUID":"1103","PRUID":"11","DGUID":"2021A00051103050","LANDAREA":1.728,"areaKm2":1.728,"north_south":"South","north_south_code":"S"}},{"type":"Feature","geometry":{"type":"Polygon","coordinates":[[[-64.05296,46.81974],[-64.05375,46.82274],[-64.06863,46.81907],[-64.07081,46.82289],[-64.0835,46.82016],[-64.08249,46.81741],[-64.08489,46.81696],[-64.08186,46.80987],[-64.06986,46.80016],[-64.06583,46.80763],[-64.05392,46.80364],[-64.04499,46.8164],[-64.05296,46.81974]]]},"properties":{"id":"1103052","boundaryId":"census:csd:1103052","boundaryCode":"1103052","boundaryName":"Alberton","boundarySource":"census","boundaryLevel":"csd","CSDUID":"1103052","CSDNAME":"Alberton","CSDTYPE":"T","CDUID":"1103","PRUID":"11","DGUID":"2021A00051103052","LANDAREA":4.696400000000001,"areaKm2":4.696400000000001,"north_south":"South","north_south_code":"S"}},{"type":"Feature","geometry":{"type":"Polygon","coordinates":[[[-64.00045,46.9404],[-64.01567,46.93679],[-64.02386,46.94243],[-64.03491,46.93978],[-64.04909,46.9415],[-64.04349,46.93361],[-64.04559,46.93157],[-64.04241,46.93092],[-64.04615,46.92956],[-64.04569,46.91602],[-64.03637,46.91598],[-64.0299,46.90678],[-64.0074,46.91097],[-64.01045,46.91845],[-63.9922,46.92177],[-63.98113,46.91862],[-63.99045,46.93476],[-63.99648,46.93485],[-63.9945,46.93875],[-64.00045,46.9404]]]},"properties":{"id":"1103053","boundaryId":"census:csd:1103053","boundaryCode":"1103053","boundaryName":"St. Felix","boundarySource":"census","boundaryLevel":"csd","CSDUID":"1103053","CSDNAME":"St. Felix","CSDTYPE":"RM","CDUID":"1103","PRUID":"11","DGUID":"2021A00051103053","LANDAREA":11.5435,"areaKm2":11.5435,"north_south":"South","north_south_code":"S"}},{"type":"Feature","geometry":{"type":"MultiPolygon","coordinates":[[[[-64.07791,46.8746],[-64.08025,46.87811],[-64.08625,46.87741],[-64.09991,46.87152],[-64.09543,46.86413],[-64.08635,46.86573],[-64.07634,46.84584],[-64.06973,46.84788],[-64.06252,46.85707],[-64.06738,46.86834],[-64.07791,46.8746]]],[[[-64.01429,46.90394],[-64.01628,46.90941],[-64.06027,46.90215],[-64.07056,46.88723],[-64.07577,46.88625],[-64.07453,46.88291],[-64.07883,46.88214],[-64.07515,46.87427],[-64.06277,46.86599],[-64.05998,46.85911],[-64.06185,46.85648],[-64.05332,46.8546],[-64.04585,46.84225],[-64.02537,46.84615],[-64.02735,46.85079],[-64.03445,46.84949],[-64.0268,46.85763],[-64.03196,46.85676],[-64.03908,46.87442],[-64.04467,46.87338],[-64.04555,46.87633],[-64.02098,46.88077],[-64.02323,46.88626],[-63.99861,46.89114],[-64.0022,46.90024],[-64.01229,46.89824],[-64.01429,46.90394]]]]},"properties":{"id":"1103055","boundaryId":"census:csd:1103055","boundaryCode":"1103055","boundaryName":"Greenmount-Montrose","boundarySource":"census","boundaryLevel":"csd","CSDUID":"1103055","CSDNAME":"Greenmount-Montrose","CSDTYPE":"RM","CDUID":"1103","PRUID":"11","DGUID":"2021A00051103055","LANDAREA":26.0333,"areaKm2":26.0333,"north_south":"South","north_south_code":"S"}},{"type":"Feature","geometry":{"type":"Polygon","coordinates":[[[-64.1449,46.8843],[-64.1277,46.88698],[-64.12939,46.89132],[-64.14739,46.88821],[-64.1449,46.8843]]]},"properties":{"id":"1103057","boundaryId":"census:csd:1103057","boundaryCode":"1103057","boundaryName":"St. Louis","boundarySource":"census","boundaryLevel":"csd","CSDUID":"1103057","CSDNAME":"St. Louis","CSDTYPE":"RM","CDUID":"1103","PRUID":"11","DGUID":"2021A00051103057","LANDAREA":0.6846,"areaKm2":0.6846,"north_south":"South","north_south_code":"S"}},{"type":"Feature","geometry":{"type":"Polygon","coordinates":[[[-64.01611,46.94008],[-64.01344,46.94251],[-64.01575,46.95145],[-64.01314,46.9615],[-64.02932,46.96412],[-64.03896,46.9623],[-64.0481,46.94913],[-64.05182,46.94883],[-64.04924,46.94727],[-64.05416,46.9406],[-64.03491,46.93978],[-64.0256,46.94262],[-64.02018,46.93858],[-64.01611,46.94008]]]},"properties":{"id":"1103059","boundaryId":"census:csd:1103059","boundaryCode":"1103059","boundaryName":"Tignish","boundarySource":"census","boundaryLevel":"csd","CSDUID":"1103059","CSDNAME":"Tignish","CSDTYPE":"T","CDUID":"1103","PRUID":"11","DGUID":"2021A00051103059","LANDAREA":5.8743,"areaKm2":5.8743,"north_south":"South","north_south_code":"S"}},{"type":"Feature","geometry":{"type":"Polygon","coordinates":[[[-63.99961,46.95271],[-64.00281,46.95257],[-64.00515,46.94665],[-64.01649,46.9418],[-64.01567,46.93679],[-64.00061,46.9415],[-63.9945,46.93875],[-63.99648,46.93485],[-63.99045,46.93476],[-63.99365,46.95076],[-63.99961,46.95271]]]},"properties":{"id":"1103060","boundaryId":"census:csd:1103060","boundaryCode":"1103060","boundaryName":"Tignish Shore","boundarySource":"census","boundaryLevel":"csd","CSDUID":"1103060","CSDNAME":"Tignish Shore","CSDTYPE":"RM","CDUID":"1103","PRUID":"11","DGUID":"2021A00051103060","LANDAREA":1.6521000000000001,"areaKm2":1.6521000000000001,"north_south":"South","north_south_code":"S"}},{"type":"Feature","geometry":{"type":"MultiPolygon","coordinates":[[[[-63.98866,46.9204],[-64.01045,46.91845],[-64.0074,46.91097],[-64.01628,46.90941],[-64.01229,46.89824],[-64.0022,46.90024],[-63.99643,46.8856],[-63.97531,46.88954],[-63.978,46.90494],[-63.97593,46.9106],[-63.98103,46.91854],[-63.98866,46.9204]]],[[[-63.98799,47.04458],[-63.98931,47.05099],[-63.99782,47.05886],[-64.0208,47.03372],[-64.02129,47.02907],[-64.05651,47.00001],[-64.09262,46.9855],[-64.12761,46.96411],[-64.14978,46.95705],[-64.13502,46.94163],[-64.13819,46.93996],[-64.12236,46.92959],[-64.11145,46.90358],[-64.09225,46.90688],[-64.10183,46.89482],[-64.08634,46.89774],[-64.0767,46.8903],[-64.06533,46.89484],[-64.06027,46.90215],[-64.02998,46.90697],[-64.03637,46.91598],[-64.04569,46.91602],[-64.04615,46.92956],[-64.04241,46.93092],[-64.04559,46.93157],[-64.04349,46.93361],[-64.04586,46.93945],[-64.05416,46.9406],[-64.04924,46.94727],[-64.05182,46.94883],[-64.0481,46.94913],[-64.03896,46.9623],[-64.02893,46.96411],[-64.01314,46.9615],[-64.01575,46.95145],[-64.01344,46.94251],[-64.00515,46.94665],[-64.00232,46.95308],[-63.99346,46.95092],[-63.99504,46.96313],[-63.99008,46.98415],[-63.99183,46.99922],[-63.98799,47.04458]]]]},"properties":{"id":"1103061","boundaryId":"census:csd:1103061","boundaryCode":"1103061","boundaryName":"Tignish","boundarySource":"census","boundaryLevel":"csd","CSDUID":"1103061","CSDNAME":"Tignish","CSDTYPE":"FD","CDUID":"1103","PRUID":"11","DGUID":"2021A00051103061","LANDAREA":104.42930000000001,"areaKm2":104.42930000000001,"north_south":"South","north_south_code":"S"}},{"type":"Feature","geometry":{"type":"Polygon","coordinates":[[[-64.21818,46.88575],[-64.2187,46.8906],[-64.22573,46.88933],[-64.2342,46.87969],[-64.23473,46.87233],[-64.23052,46.87222],[-64.23255,46.87713],[-64.22982,46.87826],[-64.23079,46.87507],[-64.22717,46.87549],[-64.22998,46.87402],[-64.22818,46.86941],[-64.22555,46.8693],[-64.21613,46.87868],[-64.21818,46.88575]]]},"properties":{"id":"1103062","boundaryId":"census:csd:1103062","boundaryCode":"1103062","boundaryName":"Miminegash","boundarySource":"census","boundaryLevel":"csd","CSDUID":"1103062","CSDNAME":"Miminegash","CSDTYPE":"RM","CDUID":"1103","PRUID":"11","DGUID":"2021A00051103062","LANDAREA":1.8843,"areaKm2":1.8843,"north_south":"South","north_south_code":"S"}},{"type":"Feature","geometry":{"type":"Polygon","coordinates":[[[-64.11522,46.91214],[-64.12246,46.92971],[-64.13819,46.93996],[-64.13502,46.94163],[-64.14978,46.95705],[-64.16515,46.95011],[-64.18837,46.93476],[-64.18888,46.92737],[-64.22452,46.89824],[-64.22582,46.88814],[-64.2187,46.8906],[-64.21613,46.87868],[-64.22638,46.86892],[-64.22998,46.87402],[-64.22722,46.87576],[-64.23126,46.87593],[-64.22982,46.87826],[-64.23255,46.87713],[-64.23059,46.87219],[-64.23609,46.87535],[-64.23923,46.86497],[-64.25387,46.84779],[-64.26186,46.83101],[-64.28604,46.80696],[-64.30646,46.79179],[-64.27455,46.79437],[-64.27326,46.79079],[-64.26809,46.7918],[-64.26667,46.78835],[-64.25127,46.79096],[-64.25441,46.79925],[-64.24724,46.80166],[-64.25002,46.81002],[-64.20464,46.81818],[-64.20908,46.82867],[-64.15971,46.83711],[-64.17257,46.8715],[-64.14827,46.87564],[-64.14754,46.87316],[-64.14283,46.87384],[-64.14326,46.87649],[-64.10953,46.88265],[-64.10531,46.88101],[-64.10014,46.89196],[-64.08493,46.89651],[-64.10183,46.89482],[-64.09225,46.90688],[-64.11145,46.90358],[-64.11522,46.91214]],[[-64.14652,46.88591],[-64.14739,46.88821],[-64.12939,46.89132],[-64.1277,46.88698],[-64.14652,46.88591]]]},"properties":{"id":"1103063","boundaryId":"census:csd:1103063","boundaryCode":"1103063","boundaryName":"Miminegash","boundarySource":"census","boundaryLevel":"csd","CSDUID":"1103063","CSDNAME":"Miminegash","CSDTYPE":"FD","CDUID":"1103","PRUID":"11","DGUID":"2021A00051103063","LANDAREA":100.1684,"areaKm2":100.1684,"north_south":"South","north_south_code":"S"}},{"type":"Feature","geometry":{"type":"MultiPolygon","coordinates":[[[[-64.07687,46.84545],[-64.07667,46.84572],[-64.07727,46.84557],[-64.07687,46.84545]]],[[[-64.03279,46.83244],[-64.03257,46.833],[-64.03304,46.83287],[-64.03279,46.83244]]],[[[-64.04205,46.80773],[-64.04234,46.80835],[-64.04298,46.8084],[-64.04205,46.80773]]],[[[-64.04066,46.80765],[-64.04045,46.80828],[-64.04146,46.80797],[-64.04066,46.80765]]],[[[-64.0428,46.82673],[-64.04461,46.82687],[-64.04345,46.8264],[-64.0428,46.82673]]],[[[-64.08795,46.77904],[-64.08604,46.78074],[-64.08738,46.78047],[-64.08795,46.77904]]],[[[-64.04193,46.80733],[-64.04313,46.80604],[-64.04143,46.80642],[-64.04193,46.80733]]],[[[-64.04679,46.80127],[-64.04507,46.80374],[-64.04743,46.80183],[-64.04679,46.80127]]],[[[-64.03842,46.80741],[-64.03626,46.80933],[-64.03825,46.80892],[-64.03842,46.80741]]],[[[-64.01536,46.75051],[-64.01366,46.75069],[-64.01385,46.75206],[-64.01536,46.75051]]],[[[-64.03537,46.81276],[-64.03631,46.814],[-64.03782,46.8131],[-64.03537,46.81276]]],[[[-64.04134,46.80842],[-64.03922,46.81245],[-64.04056,46.81194],[-64.04134,46.80842]]],[[[-64.01677,46.74963],[-64.02052,46.75001],[-64.01606,46.74592],[-64.01374,46.74865],[-64.01677,46.74963]]],[[[-64.03405,46.82655],[-64.04186,46.82715],[-64.03731,46.82291],[-64.03676,46.82647],[-64.0361,46.8221],[-64.03405,46.82655]]],[[[-64.0374,46.81705],[-64.03621,46.82117],[-64.04274,46.81827],[-64.039,46.81392],[-64.03623,46.81487],[-64.0374,46.81705]]],[[[-64.04462,46.78184],[-64.03995,46.78543],[-64.03995,46.79216],[-64.05367,46.79094],[-64.04462,46.78184]]],[[[-64.07614,46.73169],[-64.08406,46.73344],[-64.10015,46.72611],[-64.09246,46.72161],[-64.0762,46.72764],[-64.07614,46.73169]]],[[[-64.03125,46.79676],[-64.03717,46.80076],[-64.04231,46.79912],[-64.0349,46.79759],[-64.03125,46.77902],[-64.02218,46.77532],[-64.02303,46.76813],[-64.01239,46.76103],[-64.01221,46.75489],[-64.01518,46.75731],[-64.01652,46.75244],[-64.00924,46.75199],[-64.00696,46.75531],[-64.02356,46.77871],[-64.03125,46.79676]]],[[[-64.08365,46.76924],[-64.09161,46.7722],[-64.099,46.76722],[-64.10503,46.77326],[-64.10898,46.76995],[-64.12068,46.76982],[-64.12091,46.76111],[-64.13125,46.76068],[-64.12389,46.75162],[-64.11525,46.7489],[-64.11211,46.741],[-64.12754,46.72869],[-64.10071,46.72526],[-64.09136,46.73187],[-64.10245,46.7352],[-64.0938,46.73574],[-64.08896,46.73128],[-64.08553,46.73498],[-64.08007,46.73507],[-64.07932,46.74028],[-64.07318,46.74493],[-64.07822,46.74909],[-64.08563,46.74977],[-64.07714,46.74918],[-64.07563,46.75604],[-64.07677,46.76378],[-64.08365,46.76924]]],[[[-63.97419,46.88667],[-63.97531,46.88954],[-63.99643,46.8856],[-63.99861,46.89114],[-64.02323,46.88626],[-64.02098,46.88077],[-64.04555,46.87633],[-64.04467,46.87338],[-64.03908,46.87442],[-64.03196,46.85676],[-64.0268,46.85763],[-64.03445,46.84949],[-64.02735,46.85079],[-64.02537,46.84615],[-64.04585,46.84225],[-64.04853,46.83869],[-64.03716,46.83227],[-64.02889,46.8332],[-64.03239,46.8324],[-64.02855,46.83071],[-64.03805,46.80475],[-64.03228,46.80411],[-64.02932,46.80734],[-64.02612,46.83024],[-64.00914,46.8538],[-63.98874,46.8736],[-63.97633,46.87888],[-63.97419,46.88667]]],[[[-64.06533,46.89484],[-64.0767,46.8903],[-64.08493,46.89651],[-64.10014,46.89196],[-64.10531,46.88101],[-64.10953,46.88265],[-64.14326,46.87649],[-64.14283,46.87384],[-64.14754,46.87316],[-64.14827,46.87564],[-64.17257,46.8715],[-64.15971,46.83711],[-64.20908,46.82867],[-64.20464,46.81818],[-64.25002,46.81002],[-64.24724,46.80166],[-64.25441,46.79925],[-64.25127,46.79096],[-64.243,46.79252],[-64.23993,46.78445],[-64.23456,46.78063],[-64.2242,46.78286],[-64.18043,46.77398],[-64.18563,46.76504],[-64.1636,46.76905],[-64.16709,46.76503],[-64.16626,46.75366],[-64.16963,46.75316],[-64.16932,46.74856],[-64.16427,46.74779],[-64.1465,46.7587],[-64.14686,46.76322],[-64.15568,46.76445],[-64.15554,46.76779],[-64.15493,46.76488],[-64.14252,46.76227],[-64.13866,46.76338],[-64.13905,46.76617],[-64.13338,46.76475],[-64.13151,46.76816],[-64.12517,46.76909],[-64.1267,46.77642],[-64.13395,46.78003],[-64.12188,46.7767],[-64.11495,46.7861],[-64.11775,46.79138],[-64.113,46.79995],[-64.1147,46.79],[-64.10728,46.78285],[-64.11521,46.77836],[-64.11609,46.77259],[-64.10965,46.77321],[-64.10772,46.77823],[-64.09871,46.78104],[-64.09569,46.77952],[-64.10036,46.77916],[-64.09914,46.77202],[-64.08984,46.77621],[-64.06921,46.77226],[-64.07248,46.77697],[-64.09398,46.7782],[-64.08865,46.78147],[-64.09772,46.786],[-64.09029,46.78665],[-64.08268,46.78259],[-64.07298,46.78501],[-64.07796,46.79024],[-64.07345,46.78896],[-64.07088,46.79619],[-64.07851,46.80205],[-64.08489,46.81696],[-64.08249,46.81741],[-64.0835,46.82016],[-64.07081,46.82289],[-64.06863,46.81907],[-64.05375,46.82274],[-64.05309,46.81995],[-64.04183,46.81898],[-64.03765,46.8222],[-64.04073,46.8265],[-64.04836,46.82696],[-64.04534,46.82973],[-64.05225,46.8335],[-64.053,46.83805],[-64.05604,46.83779],[-64.05097,46.8409],[-64.05822,46.85063],[-64.07906,46.84488],[-64.07719,46.84598],[-64.08635,46.86573],[-64.09543,46.86413],[-64.09991,46.87152],[-64.08025,46.87811],[-64.07883,46.88214],[-64.07453,46.88291],[-64.07577,46.88625],[-64.07056,46.88723],[-64.06533,46.89484]]]]},"properties":{"id":"1103064","boundaryId":"census:csd:1103064","boundaryCode":"1103064","boundaryName":"Alberton","boundarySource":"census","boundaryLevel":"csd","CSDUID":"1103064","CSDNAME":"Alberton","CSDTYPE":"FD","CDUID":"1103","PRUID":"11","DGUID":"2021A00051103064","LANDAREA":157.2757,"areaKm2":157.2757,"north_south":"South","north_south_code":"S"}},{"type":"Feature","geometry":{"type":"MultiPolygon","coordinates":[[[[-64.30251,46.62347],[-64.30213,46.62501],[-64.30288,46.62376],[-64.30251,46.62347]]],[[[-64.3114,46.62212],[-64.31059,46.62221],[-64.31767,46.6239],[-64.3114,46.62212]]],[[[-64.28487,46.62551],[-64.28322,46.62645],[-64.30983,46.62227],[-64.28487,46.62551]]],[[[-64.22384,46.62529],[-64.28019,46.62571],[-64.23625,46.62294],[-64.22384,46.62529]]],[[[-64.12925,46.75793],[-64.13125,46.76068],[-64.13661,46.76028],[-64.13744,46.75674],[-64.14151,46.75881],[-64.15332,46.74573],[-64.15704,46.74755],[-64.15971,46.74356],[-64.17753,46.7446],[-64.17047,46.74702],[-64.17328,46.75001],[-64.16892,46.74881],[-64.16963,46.75316],[-64.16626,46.75366],[-64.16709,46.76503],[-64.1636,46.76905],[-64.18563,46.76504],[-64.18043,46.77398],[-64.2242,46.78286],[-64.23456,46.78063],[-64.23993,46.78445],[-64.243,46.79252],[-64.26667,46.78835],[-64.26809,46.7918],[-64.27326,46.79079],[-64.27455,46.79437],[-64.29123,46.79125],[-64.30662,46.79231],[-64.35784,46.75559],[-64.37478,46.74696],[-64.37844,46.74343],[-64.37876,46.73701],[-64.39889,46.72445],[-64.40999,46.70671],[-64.41016,46.68944],[-64.41357,46.68077],[-64.4114,46.65797],[-64.40616,46.64984],[-64.40343,46.65027],[-64.39933,46.65096],[-64.40038,46.65391],[-64.38197,46.65703],[-64.38598,46.66627],[-64.36814,46.66933],[-64.36617,46.66403],[-64.36346,46.6645],[-64.36538,46.66972],[-64.36287,46.67017],[-64.35808,46.65789],[-64.3551,46.65847],[-64.35801,46.66603],[-64.33998,46.66921],[-64.33574,46.65867],[-64.33171,46.65901],[-64.3297,46.65312],[-64.32282,46.65201],[-64.31408,46.64254],[-64.31082,46.63444],[-64.31445,46.62496],[-64.30941,46.62442],[-64.30322,46.6298],[-64.29241,46.63033],[-64.26346,46.62491],[-64.2397,46.62567],[-64.23223,46.62829],[-64.23331,46.63158],[-64.22982,46.62867],[-64.19224,46.6272],[-64.19072,46.61653],[-64.16243,46.60098],[-64.12735,46.58778],[-64.10986,46.58471],[-64.10865,46.58666],[-64.12634,46.58849],[-64.11726,46.59253],[-64.09855,46.61399],[-64.10829,46.61579],[-64.10738,46.61763],[-64.09856,46.61784],[-64.10101,46.61935],[-64.09268,46.62228],[-64.08474,46.63301],[-64.07348,46.63372],[-64.07507,46.64246],[-64.07882,46.64112],[-64.07923,46.64641],[-64.07266,46.65908],[-64.07511,46.66534],[-64.06808,46.66983],[-64.0731,46.68206],[-64.06882,46.69191],[-64.0764,46.69659],[-64.09176,46.69678],[-64.09825,46.69048],[-64.08894,46.68024],[-64.08985,46.67779],[-64.09946,46.69086],[-64.11083,46.6912],[-64.11108,46.68373],[-64.11667,46.685],[-64.11895,46.67424],[-64.12188,46.67581],[-64.11814,46.67776],[-64.11885,46.68529],[-64.11385,46.68666],[-64.11264,46.69345],[-64.13074,46.69526],[-64.13433,46.68834],[-64.14058,46.69302],[-64.1517,46.69258],[-64.1407,46.69366],[-64.14096,46.69723],[-64.13913,46.69365],[-64.13443,46.69308],[-64.11868,46.70337],[-64.12157,46.69889],[-64.11806,46.69595],[-64.1068,46.69756],[-64.09945,46.69394],[-64.09547,46.69584],[-64.09571,46.70291],[-64.0916,46.7083],[-64.08634,46.71119],[-64.07952,46.71016],[-64.07174,46.7155],[-64.06577,46.71471],[-64.06593,46.71933],[-64.0766,46.71984],[-64.0762,46.72764],[-64.09246,46.72161],[-64.09573,46.72573],[-64.12754,46.72869],[-64.11211,46.741],[-64.11525,46.7489],[-64.11903,46.74821],[-64.12925,46.75793]],[[-64.22267,46.71354],[-64.22421,46.71893],[-64.21898,46.70911],[-64.2157,46.70965],[-64.21185,46.7042],[-64.2258,46.70497],[-64.22912,46.70294],[-64.22769,46.69861],[-64.23637,46.69903],[-64.23962,46.70786],[-64.22741,46.70934],[-64.22786,46.713],[-64.22267,46.71354]]]]},"properties":{"id":"1103065","boundaryId":"census:csd:1103065","boundaryCode":"1103065","boundaryName":"O'Leary","boundarySource":"census","boundaryLevel":"csd","CSDUID":"1103065","CSDNAME":"O'Leary","CSDTYPE":"FD","CDUID":"1103","PRUID":"11","DGUID":"2021A00051103065","LANDAREA":375.49760000000003,"areaKm2":375.49760000000003,"north_south":"South","north_south_code":"S"}},{"type":"Feature","geometry":{"type":"Polygon","coordinates":[[[-64.33998,46.66921],[-64.35801,46.66603],[-64.3551,46.65847],[-64.35808,46.65789],[-64.36287,46.67017],[-64.36538,46.66972],[-64.36346,46.6645],[-64.36617,46.66403],[-64.36814,46.66933],[-64.38598,46.66627],[-64.38197,46.65703],[-64.40038,46.65391],[-64.39933,46.65096],[-64.40611,46.64941],[-64.38234,46.61518],[-64.36989,46.62113],[-64.32309,46.62125],[-64.31981,46.62344],[-64.32459,46.62176],[-64.32351,46.62703],[-64.31857,46.62472],[-64.31082,46.63444],[-64.32282,46.65201],[-64.3297,46.65312],[-64.33171,46.65901],[-64.33574,46.65867],[-64.33998,46.66921]]]},"properties":{"id":"1103066","boundaryId":"census:csd:1103066","boundaryCode":"1103066","boundaryName":"West Point","boundarySource":"census","boundaryLevel":"csd","CSDUID":"1103066","CSDNAME":"West Point","CSDTYPE":"FD","CDUID":"1103","PRUID":"11","DGUID":"2021A00051103066","LANDAREA":28.081200000000003,"areaKm2":28.081200000000003,"north_south":"South","north_south_code":"S"}},{"type":"Feature","geometry":{"type":"MultiPolygon","coordinates":[[[[-63.63337,46.43156],[-63.63607,46.43159],[-63.63579,46.43117],[-63.63337,46.43156]]],[[[-63.62663,46.443],[-63.62909,46.44239],[-63.62829,46.44082],[-63.62663,46.443]]],[[[-63.59725,46.49462],[-63.59843,46.49756],[-63.60959,46.49555],[-63.60469,46.49566],[-63.60353,46.49289],[-63.60957,46.4917],[-63.60375,46.47736],[-63.61146,46.47597],[-63.61547,46.47132],[-63.66425,46.4586],[-63.66368,46.46403],[-63.67179,46.45747],[-63.67732,46.46145],[-63.69832,46.45426],[-63.71018,46.4564],[-63.71802,46.44917],[-63.70905,46.4417],[-63.71562,46.43632],[-63.73038,46.43561],[-63.73286,46.42968],[-63.73376,46.43496],[-63.73116,46.43595],[-63.73435,46.43923],[-63.7403,46.44166],[-63.7461,46.43987],[-63.74914,46.42741],[-63.74592,46.42733],[-63.7486,46.4225],[-63.74677,46.41701],[-63.75399,46.42087],[-63.75013,46.41094],[-63.75777,46.40954],[-63.75697,46.40761],[-63.7252,46.41284],[-63.72335,46.40683],[-63.72879,46.40596],[-63.72371,46.39599],[-63.74088,46.39251],[-63.74056,46.39026],[-63.75095,46.38495],[-63.75222,46.38252],[-63.74955,46.38115],[-63.75769,46.38403],[-63.76422,46.38221],[-63.76812,46.37146],[-63.75268,46.36758],[-63.74929,46.36026],[-63.74005,46.36179],[-63.7258,46.35585],[-63.72641,46.35215],[-63.70907,46.35394],[-63.70538,46.35782],[-63.70059,46.35546],[-63.68858,46.35738],[-63.68153,46.34806],[-63.68302,46.34534],[-63.6674,46.34092],[-63.6638,46.34765],[-63.65343,46.34149],[-63.65688,46.35046],[-63.65029,46.35162],[-63.65198,46.35657],[-63.64831,46.35732],[-63.64927,46.36052],[-63.64191,46.36631],[-63.62404,46.37],[-63.61909,46.3619],[-63.58517,46.36749],[-63.58676,46.3724],[-63.57641,46.3743],[-63.57133,46.36527],[-63.57494,46.3635],[-63.57128,46.35454],[-63.56012,46.35653],[-63.55526,46.33706],[-63.5433,46.33929],[-63.55836,46.37934],[-63.55405,46.3802],[-63.57517,46.43832],[-63.58892,46.47379],[-63.59352,46.47165],[-63.59556,46.47717],[-63.59562,46.48059],[-63.59336,46.47584],[-63.58968,46.47582],[-63.59725,46.49462]],[[-63.62663,46.443],[-63.62491,46.43172],[-63.63291,46.43472],[-63.62846,46.42631],[-63.6246,46.42816],[-63.62646,46.42328],[-63.63416,46.42656],[-63.631,46.42667],[-63.63322,46.43122],[-63.63565,46.43079],[-63.63435,46.42663],[-63.6412,46.42659],[-63.64563,46.43369],[-63.65022,46.43143],[-63.65199,46.43701],[-63.648,46.43764],[-63.64932,46.44064],[-63.64032,46.44165],[-63.63801,46.44426],[-63.64031,46.44822],[-63.63157,46.44972],[-63.62663,46.443]]]]},"properties":{"id":"1103067","boundaryId":"census:csd:1103067","boundaryCode":"1103067","boundaryName":"Kensington, Part 1","boundarySource":"census","boundaryLevel":"csd","CSDUID":"1103067","CSDNAME":"Kensington, Part 1","CSDTYPE":"FD","CDUID":"1103","PRUID":"11","DGUID":"2021A00051103067","LANDAREA":155.1579,"areaKm2":155.1579,"north_south":"South","north_south_code":"S"}},{"type":"Feature","geometry":{"type":"Polygon","coordinates":[[[-63.48788,46.22507],[-63.50532,46.22977],[-63.53716,46.22205],[-63.54245,46.21743],[-63.53668,46.21503],[-63.52819,46.2176],[-63.53428,46.2138],[-63.52646,46.20316],[-63.50093,46.2068],[-63.49642,46.20429],[-63.49425,46.20691],[-63.50059,46.21361],[-63.49751,46.21581],[-63.49977,46.22185],[-63.48788,46.22507]]]},"properties":{"id":"1103068","boundaryId":"census:csd:1103068","boundaryCode":"1103068","boundaryName":"Victoria","boundarySource":"census","boundaryLevel":"csd","CSDUID":"1103068","CSDNAME":"Victoria","CSDTYPE":"FD","CDUID":"1103","PRUID":"11","DGUID":"2021A00051103068","LANDAREA":7.0689,"areaKm2":7.0689,"north_south":"South","north_south_code":"S"}}]}