id,accidentDate,year,timeOfKill,nearestTown,species,sex,age,quantity,latitude,longitude,serviceArea,dataSet,sourceFile
81749,1978-10-01,1978,UNKNOWN,PRINCE GEORGE,Moose,UNKNOWN,UNKNOWN,1,53.944754,-122.455181,19,Old - Historical,1978_1988
81750,1978-10-01,1978,UNKNOWN,PRINCE GEORGE,Moose,UNKNOWN,UNKNOWN,1,54.040221,-122.759453,19,Old - Historical,1978_1988
81751,1978-11-01,1978,UNKNOWN,PRINCE GEORGE,Moose,UNKNOWN,UNKNOWN,1,53.81749,-123.050721,19,Old - Historical,1978_1988
81753,1978-11-01,1978,UNKNOWN,PRINCE GEORGE,Moose,UNKNOWN,UNKNOWN,1,54.13868,-122.630545,19,Old - Historical,1978_1988
81755,1978-12-01,1978,UNKNOWN,PRINCE GEORGE,Moose,UNKNOWN,YOUNG,1,53.864324,-123.250187,19,Old - Historical,1978_1988
81758,1978-12-01,1978,UNKNOWN,PRINCE GEORGE,Moose,UNKNOWN,UNKNOWN,1,53.848003,-123.197394,19,Old - Historical,1978_1988
79124,1979-02-01,1979,UNKNOWN,PRINCE GEORGE,Deer,UNKNOWN,UNKNOWN,1,53.015513,-122.495015,18,Old - Historical,1978_1988
81759,1979-04-01,1979,UNKNOWN,PRINCE GEORGE,Moose,UNKNOWN,UNKNOWN,1,54.409108,-122.64102,19,Old - Historical,1978_1988
81764,1979-12-01,1979,UNKNOWN,PRINCE GEORGE,Moose,UNKNOWN,UNKNOWN,1,53.877953,-122.248898,19,Old - Historical,1978_1988
81765,1979-12-01,1979,UNKNOWN,PRINCE GEORGE,Moose,UNKNOWN,ADULT,2,53.89341,-122.295712,19,Old - Historical,1978_1988
81766,1979-12-01,1979,UNKNOWN,PRINCE GEORGE,Moose,UNKNOWN,UNKNOWN,1,53.891546,-122.094202,19,Old - Historical,1978_1988
81768,1979-12-01,1979,UNKNOWN,PRINCE GEORGE,Moose,UNKNOWN,UNKNOWN,1,53.939779,-122.424993,19,Old - Historical,1978_1988
81769,1979-12-01,1979,UNKNOWN,PRINCE GEORGE,Moose,UNKNOWN,UNKNOWN,1,53.91717,-122.359508,19,Old - Historical,1978_1988
81770,1979-12-01,1979,UNKNOWN,PRINCE GEORGE,Moose,UNKNOWN,UNKNOWN,1,53.939779,-122.424993,19,Old - Historical,1978_1988
81773,1979-12-01,1979,UNKNOWN,PRINCE GEORGE,Moose,UNKNOWN,UNKNOWN,1,53.880014,-122.233938,19,Old - Historical,1978_1988
81777,1980-02-01,1980,UNKNOWN,PRINCE GEORGE,Moose,UNKNOWN,UNKNOWN,1,53.91305556,-122.7452778,19,Old - Historical,1978_1988
81781,1980-06-01,1980,UNKNOWN,PRINCE GEORGE,Moose,UNKNOWN,UNKNOWN,1,53.816557,-122.899619,19,Old - Historical,1978_1988
81782,1980-06-01,1980,UNKNOWN,PRINCE GEORGE,Moose,UNKNOWN,UNKNOWN,1,53.922261,-122.373316,19,Old - Historical,1978_1988
81783,1980-06-01,1980,UNKNOWN,PRINCE GEORGE,Moose,UNKNOWN,UNKNOWN,1,53.914695,-122.352799,19,Old - Historical,1978_1988
81784,1982-06-01,1982,UNKNOWN,PRINCE GEORGE,Moose,UNKNOWN,UNKNOWN,1,53.942382,-122.440681,19,Old - Historical,1978_1988
81786,1982-07-01,1982,UNKNOWN,PRINCE GEORGE,Moose,UNKNOWN,UNKNOWN,1,53.91305556,-122.7452778,19,Old - Historical,1978_1988
81787,1982-07-01,1982,UNKNOWN,PRINCE GEORGE,Moose,UNKNOWN,UNKNOWN,1,53.827474,-122.857647,19,Old - Historical,1978_1988
81792,1982-08-01,1982,UNKNOWN,PRINCE GEORGE,Moose,UNKNOWN,UNKNOWN,1,53.809326,-122.939047,19,Old - Historical,1978_1988
81793,1982-09-01,1982,UNKNOWN,PRINCE GEORGE,Moose,UNKNOWN,UNKNOWN,1,53.906963,-122.331921,19,Old - Historical,1978_1988
81794,1982-09-01,1982,UNKNOWN,PRINCE GEORGE,Moose,UNKNOWN,UNKNOWN,1,53.875567,-123.395648,19,Old - Historical,1978_1988
81795,1982-10-01,1982,UNKNOWN,PRINCE GEORGE,Moose,UNKNOWN,UNKNOWN,1,53.866665,-123.353388,19,Old - Historical,1978_1988
81797,1982-12-01,1982,UNKNOWN,PRINCE GEORGE,Moose,UNKNOWN,UNKNOWN,1,54.016013,-122.793576,19,Old - Historical,1978_1988
81798,1982-12-01,1982,UNKNOWN,PRINCE GEORGE,Moose,UNKNOWN,UNKNOWN,1,53.922261,-122.373316,19,Old - Historical,1978_1988
81800,1982-12-01,1982,UNKNOWN,PRINCE GEORGE,Moose,UNKNOWN,UNKNOWN,1,54.275817,-122.627312,19,Old - Historical,1978_1988
81807,1983-01-01,1983,UNKNOWN,PRINCE GEORGE,Moose,UNKNOWN,UNKNOWN,1,53.878642,-122.275955,19,Old - Historical,1978_1988
81810,1983-01-01,1983,UNKNOWN,PRINCE GEORGE,Moose,UNKNOWN,UNKNOWN,1,53.836215,-122.838105,19,Old - Historical,1978_1988
81812,1983-01-01,1983,UNKNOWN,PRINCE GEORGE,Moose,UNKNOWN,UNKNOWN,1,53.906963,-122.331921,19,Old - Historical,1978_1988
81813,1983-01-01,1983,UNKNOWN,PRINCE GEORGE,Moose,UNKNOWN,UNKNOWN,1,53.911649,-122.344543,19,Old - Historical,1978_1988
81814,1983-01-01,1983,UNKNOWN,PRINCE GEORGE,Moose,UNKNOWN,UNKNOWN,1,53.897457,-122.306115,19,Old - Historical,1978_1988
81815,1983-01-01,1983,UNKNOWN,PRINCE GEORGE,Moose,UNKNOWN,UNKNOWN,1,53.907039,-122.679461,19,Old - Historical,1978_1988
81816,1983-03-01,1983,UNKNOWN,PRINCE GEORGE,Moose,UNKNOWN,UNKNOWN,1,53.91305556,-122.7452778,19,Old - Historical,1978_1988
81817,1983-04-01,1983,UNKNOWN,PRINCE GEORGE,Deer,UNKNOWN,YOUNG,1,53.820788,-122.881459,19,Old - Historical,1978_1988
81821,1983-06-01,1983,UNKNOWN,PRINCE GEORGE,Moose,UNKNOWN,UNKNOWN,1,53.90341,-122.322232,19,Old - Historical,1978_1988
81822,1983-07-01,1983,UNKNOWN,PRINCE GEORGE,Moose,UNKNOWN,UNKNOWN,1,53.891894,-122.749427,19,Old - Historical,1978_1988
81823,1983-07-01,1983,UNKNOWN,PRINCE GEORGE,Moose,UNKNOWN,UNKNOWN,1,53.833707,-123.142362,19,Old - Historical,1978_1988
81824,1983-08-01,1983,UNKNOWN,PRINCE GEORGE,Moose,UNKNOWN,UNKNOWN,1,53.838362,-122.835898,19,Old - Historical,1978_1988
81825,1983-08-01,1983,UNKNOWN,PRINCE GEORGE,Moose,UNKNOWN,UNKNOWN,1,53.927296,-122.615503,19,Old - Historical,1978_1988
93871,1983-08-01,1983,UNKNOWN,PRINCE GEORGE,Moose,UNKNOWN,UNKNOWN,1,54.013905,-124.00909,23,Old - Historical,1978_1988
81827,1983-09-01,1983,UNKNOWN,PRINCE GEORGE,Moose,UNKNOWN,UNKNOWN,1,53.944754,-122.455181,19,Old - Historical,1978_1988
81828,1983-10-01,1983,UNKNOWN,PRINCE GEORGE,Moose,UNKNOWN,UNKNOWN,1,53.907039,-122.679461,19,Old - Historical,1978_1988
81829,1983-10-01,1983,UNKNOWN,PRINCE GEORGE,Moose,UNKNOWN,UNKNOWN,1,54.275817,-122.627312,19,Old - Historical,1978_1988
81834,1983-12-01,1983,UNKNOWN,PRINCE GEORGE,Moose,UNKNOWN,UNKNOWN,1,53.944493,-122.509063,19,Old - Historical,1978_1988
81835,1983-12-01,1983,UNKNOWN,PRINCE GEORGE,Moose,UNKNOWN,UNKNOWN,1,54.09844,-122.674857,19,Old - Historical,1978_1988
81838,1983-12-01,1983,UNKNOWN,PRINCE GEORGE,Moose,UNKNOWN,UNKNOWN,2,53.906963,-122.331921,19,Old - Historical,1978_1988
81839,1983-12-01,1983,UNKNOWN,PRINCE GEORGE,Moose,UNKNOWN,UNKNOWN,1,53.906963,-122.331921,19,Old - Historical,1978_1988
81840,1984-01-01,1984,UNKNOWN,PRINCE GEORGE,Moose,UNKNOWN,UNKNOWN,1,53.907039,-122.679461,19,Old - Historical,1978_1988
81841,1984-01-01,1984,UNKNOWN,PRINCE GEORGE,Moose,UNKNOWN,UNKNOWN,1,53.922261,-122.373316,19,Old - Historical,1978_1988
81843,1984-01-01,1984,UNKNOWN,PRINCE GEORGE,Moose,UNKNOWN,UNKNOWN,1,53.906963,-122.331921,19,Old - Historical,1978_1988
81845,1984-01-01,1984,UNKNOWN,PRINCE GEORGE,Moose,UNKNOWN,UNKNOWN,1,53.906963,-122.331921,19,Old - Historical,1978_1988
81847,1984-01-01,1984,UNKNOWN,PRINCE GEORGE,Moose,UNKNOWN,UNKNOWN,1,53.906963,-122.331921,19,Old - Historical,1978_1988
81848,1984-02-01,1984,UNKNOWN,PRINCE GEORGE,Moose,UNKNOWN,UNKNOWN,1,53.89744,-122.768243,19,Old - Historical,1978_1988
81850,1984-11-01,1984,UNKNOWN,PRINCE GEORGE,Moose,UNKNOWN,UNKNOWN,1,53.91305556,-122.7452778,19,Old - Historical,1978_1988
81858,1985-01-01,1985,UNKNOWN,PRINCE GEORGE,Moose,UNKNOWN,UNKNOWN,1,54.233742,-122.605592,19,Old - Historical,1978_1988
81861,1985-01-01,1985,UNKNOWN,PRINCE GEORGE,Moose,UNKNOWN,UNKNOWN,1,54.506152,-122.693439,19,Old - Historical,1978_1988
81863,1985-01-01,1985,UNKNOWN,PRINCE GEORGE,Moose,UNKNOWN,UNKNOWN,1,54.357803,-122.648081,19,Old - Historical,1978_1988
81866,1985-02-01,1985,UNKNOWN,PRINCE GEORGE,Moose,UNKNOWN,UNKNOWN,1,54.317632,-122.634124,19,Old - Historical,1978_1988
81867,1985-02-01,1985,UNKNOWN,PRINCE GEORGE,Moose,UNKNOWN,UNKNOWN,1,54.484941,-122.67674,19,Old - Historical,1978_1988
81868,1985-02-01,1985,UNKNOWN,PRINCE GEORGE,Moose,UNKNOWN,UNKNOWN,1,54.057581,-122.734778,19,Old - Historical,1978_1988
81869,1985-11-01,1985,UNKNOWN,PRINCE GEORGE,Moose,UNKNOWN,UNKNOWN,1,54.22501,-122.604962,19,Old - Historical,1978_1988
81872,1985-11-01,1985,UNKNOWN,PRINCE GEORGE,Moose,UNKNOWN,ADULT,1,54.444493,-122.645925,19,Old - Historical,1978_1988
81873,1985-11-01,1985,UNKNOWN,PRINCE GEORGE,Moose,UNKNOWN,YOUNG,1,54.22501,-122.604962,19,Old - Historical,1978_1988
81874,1985-12-01,1985,UNKNOWN,PRINCE GEORGE,Moose,UNKNOWN,ADULT,1,53.928372,-122.779774,19,Old - Historical,1978_1988
81875,1985-12-01,1985,UNKNOWN,PRINCE GEORGE,Moose,UNKNOWN,UNKNOWN,1,53.91305556,-122.7452778,19,Old - Historical,1978_1988
93874,1985-12-01,1985,UNKNOWN,PRINCE GEORGE,Moose,UNKNOWN,UNKNOWN,2,54.013905,-124.00909,23,Old - Historical,1978_1988
93875,1985-12-01,1985,UNKNOWN,PRINCE GEORGE,Moose,UNKNOWN,UNKNOWN,1,54.013905,-124.00909,23,Old - Historical,1978_1988
81881,1986-01-01,1986,UNKNOWN,PRINCE GEORGE,Moose,UNKNOWN,UNKNOWN,2,53.883412,-122.141359,19,Old - Historical,1978_1988
81882,1986-01-01,1986,UNKNOWN,PRINCE GEORGE,Moose,UNKNOWN,UNKNOWN,1,53.882651,-122.172,19,Old - Historical,1978_1988
81883,1986-03-01,1986,UNKNOWN,PRINCE GEORGE,Moose,UNKNOWN,UNKNOWN,1,53.838362,-122.835898,19,Old - Historical,1978_1988
79228,1986-05-01,1986,UNKNOWN,PRINCE GEORGE,Moose,UNKNOWN,YOUNG,1,53.015513,-122.495015,18,Old - Historical,1978_1988
81884,1986-05-01,1986,UNKNOWN,PRINCE GEORGE,Bear,UNKNOWN,UNKNOWN,1,53.897342,-122.768002,19,Old - Historical,1978_1988
81885,1986-05-01,1986,UNKNOWN,PRINCE GEORGE,Bear,UNKNOWN,YOUNG,1,53.907039,-122.679461,19,Old - Historical,1978_1988
81886,1986-06-01,1986,UNKNOWN,PRINCE GEORGE,Moose,UNKNOWN,UNKNOWN,1,53.906963,-122.331921,19,Old - Historical,1978_1988
81887,1986-06-01,1986,UNKNOWN,PRINCE GEORGE,Moose,UNKNOWN,UNKNOWN,1,53.881755,-122.21499,19,Old - Historical,1978_1988
81888,1986-06-01,1986,UNKNOWN,PRINCE GEORGE,Moose,UNKNOWN,UNKNOWN,1,54.09844,-122.674857,19,Old - Historical,1978_1988
81889,1986-06-01,1986,UNKNOWN,PRINCE GEORGE,Deer,UNKNOWN,UNKNOWN,1,53.897342,-122.768002,19,Old - Historical,1978_1988
81890,1986-06-01,1986,UNKNOWN,PRINCE GEORGE,Deer,UNKNOWN,UNKNOWN,1,53.89744,-122.768243,19,Old - Historical,1978_1988
81891,1986-06-01,1986,UNKNOWN,PRINCE GEORGE,Moose,UNKNOWN,UNKNOWN,1,53.866896,-123.354234,19,Old - Historical,1978_1988
81892,1986-06-01,1986,UNKNOWN,PRINCE GEORGE,Moose,UNKNOWN,UNKNOWN,1,53.906963,-122.331921,19,Old - Historical,1978_1988
79230,1986-07-01,1986,UNKNOWN,PRINCE GEORGE,Moose,UNKNOWN,UNKNOWN,1,53.015513,-122.495015,18,Old - Historical,1978_1988
81893,1986-07-01,1986,UNKNOWN,PRINCE GEORGE,Moose,UNKNOWN,UNKNOWN,1,53.881755,-122.21499,19,Old - Historical,1978_1988
81894,1986-07-01,1986,UNKNOWN,PRINCE GEORGE,Moose,UNKNOWN,UNKNOWN,1,53.899761,-121.937215,19,Old - Historical,1978_1988
81895,1986-07-01,1986,UNKNOWN,PRINCE GEORGE,Moose,UNKNOWN,UNKNOWN,1,53.906963,-122.331921,19,Old - Historical,1978_1988
81896,1986-07-01,1986,UNKNOWN,PRINCE GEORGE,Moose,UNKNOWN,UNKNOWN,1,53.906963,-122.331921,19,Old - Historical,1978_1988
81897,1986-07-01,1986,UNKNOWN,PRINCE GEORGE,Moose,UNKNOWN,UNKNOWN,1,53.82414,-122.662756,19,Old - Historical,1978_1988
81898,1986-07-01,1986,UNKNOWN,PRINCE GEORGE,Deer,UNKNOWN,UNKNOWN,1,53.657524,-122.677348,19,Old - Historical,1978_1988
81899,1986-07-01,1986,UNKNOWN,PRINCE GEORGE,Moose,UNKNOWN,UNKNOWN,1,53.906963,-122.331921,19,Old - Historical,1978_1988
81900,1986-08-01,1986,UNKNOWN,PRINCE GEORGE,Bear,UNKNOWN,UNKNOWN,1,53.907039,-122.679461,19,Old - Historical,1978_1988
81902,1986-08-01,1986,UNKNOWN,PRINCE GEORGE,Bear,UNKNOWN,UNKNOWN,1,53.818288,-123.080482,19,Old - Historical,1978_1988
81903,1986-08-01,1986,UNKNOWN,PRINCE GEORGE,Bear,UNKNOWN,UNKNOWN,1,54.09817,-122.676145,19,Old - Historical,1978_1988
81905,1986-09-01,1986,UNKNOWN,PRINCE GEORGE,Moose,UNKNOWN,UNKNOWN,1,53.884915,-122.284072,19,Old - Historical,1978_1988
81907,1986-09-01,1986,UNKNOWN,PRINCE GEORGE,Deer,UNKNOWN,UNKNOWN,1,53.821915,-122.877466,19,Old - Historical,1978_1988
81909,1986-09-01,1986,UNKNOWN,PRINCE GEORGE,Moose,UNKNOWN,UNKNOWN,1,53.924212,-122.378608,19,Old - Historical,1978_1988
81915,1986-11-01,1986,UNKNOWN,PRINCE GEORGE,Moose,UNKNOWN,UNKNOWN,1,53.902219,-122.319008,19,Old - Historical,1978_1988
81918,1986-11-01,1986,UNKNOWN,PRINCE GEORGE,Moose,UNKNOWN,YOUNG,1,53.91305556,-122.7452778,19,Old - Historical,1978_1988
81919,1986-12-01,1986,UNKNOWN,PRINCE GEORGE,Moose,UNKNOWN,UNKNOWN,1,54.128771,-122.637807,19,Old - Historical,1978_1988
81920,1986-12-01,1986,UNKNOWN,PRINCE GEORGE,Moose,UNKNOWN,YOUNG,1,53.944765,-122.455051,19,Old - Historical,1978_1988
81921,1986-12-01,1986,UNKNOWN,PRINCE GEORGE,Moose,UNKNOWN,ADULT,1,54.207162,-122.603343,19,Old - Historical,1978_1988
81923,1986-12-01,1986,UNKNOWN,PRINCE GEORGE,Moose,UNKNOWN,YOUNG,1,54.163329,-122.612403,19,Old - Historical,1978_1988
81927,1986-12-01,1986,UNKNOWN,PRINCE GEORGE,Moose,UNKNOWN,ADULT,2,53.93553,-122.562012,19,Old - Historical,1978_1988
81928,1987-01-01,1987,UNKNOWN,PRINCE GEORGE,Moose,UNKNOWN,UNKNOWN,1,53.91305556,-122.7452778,19,Old - Historical,1978_1988
81931,1987-01-01,1987,UNKNOWN,PRINCE GEORGE,Moose,UNKNOWN,UNKNOWN,1,53.91305556,-122.7452778,19,Old - Historical,1978_1988
81932,1987-01-01,1987,UNKNOWN,PRINCE GEORGE,Moose,UNKNOWN,UNKNOWN,1,53.924212,-122.378608,19,Old - Historical,1978_1988
81933,1987-01-01,1987,UNKNOWN,PRINCE GEORGE,Moose,UNKNOWN,UNKNOWN,1,53.798638,-122.656305,19,Old - Historical,1978_1988
81935,1987-01-01,1987,UNKNOWN,PRINCE GEORGE,Moose,UNKNOWN,UNKNOWN,1,53.927296,-122.615503,19,Old - Historical,1978_1988
81941,1987-03-01,1987,UNKNOWN,PRINCE GEORGE,Moose,UNKNOWN,UNKNOWN,1,53.938049,-122.547394,19,Old - Historical,1978_1988
81943,1987-04-01,1987,UNKNOWN,PRINCE GEORGE,Moose,UNKNOWN,UNKNOWN,1,54.200125,-122.603398,19,Old - Historical,1978_1988
81944,1987-04-01,1987,UNKNOWN,PRINCE GEORGE,Deer,UNKNOWN,UNKNOWN,1,53.91305556,-122.7452778,19,Old - Historical,1978_1988
81945,1987-05-01,1987,UNKNOWN,PRINCE GEORGE,Moose,UNKNOWN,UNKNOWN,1,53.876972,-122.256006,19,Old - Historical,1978_1988
81946,1987-05-01,1987,UNKNOWN,PRINCE GEORGE,Moose,UNKNOWN,UNKNOWN,1,53.91305556,-122.7452778,19,Old - Historical,1978_1988
81947,1987-05-01,1987,UNKNOWN,PRINCE GEORGE,Deer,UNKNOWN,YOUNG,1,53.91305556,-122.7452778,19,Old - Historical,1978_1988
81948,1987-06-01,1987,UNKNOWN,PRINCE GEORGE,Moose,UNKNOWN,UNKNOWN,1,53.894478,-121.960829,19,Old - Historical,1978_1988
81950,1987-06-01,1987,UNKNOWN,PRINCE GEORGE,Moose,UNKNOWN,UNKNOWN,1,53.917386,-121.872769,19,Old - Historical,1978_1988
81952,1987-07-01,1987,UNKNOWN,PRINCE GEORGE,Moose,UNKNOWN,UNKNOWN,1,53.900552,-122.314496,19,Old - Historical,1978_1988
81953,1987-07-01,1987,UNKNOWN,PRINCE GEORGE,Moose,UNKNOWN,UNKNOWN,1,53.91305556,-122.7452778,19,Old - Historical,1978_1988
81956,1987-07-01,1987,UNKNOWN,PRINCE GEORGE,Deer,UNKNOWN,UNKNOWN,1,53.827474,-122.857647,19,Old - Historical,1978_1988
81957,1987-07-01,1987,UNKNOWN,PRINCE GEORGE,Moose,UNKNOWN,ADULT,1,53.882651,-122.172,19,Old - Historical,1978_1988
81958,1987-07-01,1987,UNKNOWN,PRINCE GEORGE,Moose,UNKNOWN,UNKNOWN,1,53.938049,-122.547394,19,Old - Historical,1978_1988
81959,1987-07-01,1987,UNKNOWN,PRINCE GEORGE,Moose,UNKNOWN,UNKNOWN,1,53.866257,-123.29253,19,Old - Historical,1978_1988
81960,1987-08-01,1987,UNKNOWN,PRINCE GEORGE,Moose,UNKNOWN,UNKNOWN,1,53.938049,-122.547394,19,Old - Historical,1978_1988
81961,1987-08-01,1987,UNKNOWN,PRINCE GEORGE,Moose,UNKNOWN,UNKNOWN,1,53.840676,-123.170376,19,Old - Historical,1978_1988
81962,1987-08-01,1987,UNKNOWN,PRINCE GEORGE,Deer,UNKNOWN,UNKNOWN,1,53.938049,-122.547394,19,Old - Historical,1978_1988
81964,1987-08-01,1987,UNKNOWN,PRINCE GEORGE,Bear,UNKNOWN,YOUNG,1,53.971004,-122.767955,19,Old - Historical,1978_1988
81965,1987-08-01,1987,UNKNOWN,PRINCE GEORGE,Bear,UNKNOWN,YOUNG,1,53.971004,-122.767955,19,Old - Historical,1978_1988
81966,1987-09-01,1987,UNKNOWN,PRINCE GEORGE,Moose,UNKNOWN,UNKNOWN,1,53.938049,-122.547394,19,Old - Historical,1978_1988
81968,1987-11-01,1987,UNKNOWN,PRINCE GEORGE,Moose,UNKNOWN,UNKNOWN,1,53.907039,-122.679461,19,Old - Historical,1978_1988
81969,1987-12-01,1987,UNKNOWN,PRINCE GEORGE,Moose,UNKNOWN,YOUNG,1,53.91305556,-122.7452778,19,Old - Historical,1978_1988
81970,1987-12-01,1987,UNKNOWN,PRINCE GEORGE,Moose,UNKNOWN,UNKNOWN,1,54.199856,-122.603398,19,Old - Historical,1978_1988
81971,1987-12-01,1987,UNKNOWN,PRINCE GEORGE,Moose,UNKNOWN,UNKNOWN,1,53.808848,-122.94245,19,Old - Historical,1978_1988
81974,1988-01-01,1988,UNKNOWN,PRINCE GEORGE,Moose,UNKNOWN,YOUNG,1,54.092113,-122.687027,19,Old - Historical,1988_1998
81974,1988-01-01,1988,UNKNOWN,PRINCE GEORGE,Moose,UNKNOWN,YOUNG,1,54.092113,-122.687027,19,Old - Historical,1978_1988
81975,1988-01-01,1988,UNKNOWN,PRINCE GEORGE,Moose,UNKNOWN,UNKNOWN,1,53.907039,-122.679461,19,Old - Historical,1988_1998
81975,1988-01-01,1988,UNKNOWN,PRINCE GEORGE,Moose,UNKNOWN,UNKNOWN,1,53.907039,-122.679461,19,Old - Historical,1978_1988
81976,1988-01-01,1988,UNKNOWN,PRINCE GEORGE,Moose,UNKNOWN,UNKNOWN,1,53.907039,-122.679461,19,Old - Historical,1988_1998
81976,1988-01-01,1988,UNKNOWN,PRINCE GEORGE,Moose,UNKNOWN,UNKNOWN,1,53.907039,-122.679461,19,Old - Historical,1978_1988
81978,1988-01-01,1988,UNKNOWN,PRINCE GEORGE,Moose,UNKNOWN,YOUNG,1,53.88174,-122.214829,19,Old - Historical,1988_1998
81978,1988-01-01,1988,UNKNOWN,PRINCE GEORGE,Moose,UNKNOWN,YOUNG,1,53.88174,-122.214829,19,Old - Historical,1978_1988
81981,1988-01-01,1988,UNKNOWN,PRINCE GEORGE,Wolf,UNKNOWN,UNKNOWN,1,53.906963,-122.331921,19,Old - Historical,1988_1998
81981,1988-01-01,1988,UNKNOWN,PRINCE GEORGE,Wolf,UNKNOWN,UNKNOWN,1,53.906963,-122.331921,19,Old - Historical,1978_1988
81982,1988-02-01,1988,UNKNOWN,PRINCE GEORGE,Moose,UNKNOWN,UNKNOWN,1,53.881298,-122.224606,19,Old - Historical,1988_1998
81982,1988-02-01,1988,UNKNOWN,PRINCE GEORGE,Moose,UNKNOWN,UNKNOWN,1,53.881298,-122.224606,19,Old - Historical,1978_1988
81983,1988-02-01,1988,UNKNOWN,PRINCE GEORGE,Moose,UNKNOWN,UNKNOWN,1,53.876932,-122.272637,19,Old - Historical,1988_1998
81983,1988-02-01,1988,UNKNOWN,PRINCE GEORGE,Moose,UNKNOWN,UNKNOWN,1,53.876932,-122.272637,19,Old - Historical,1978_1988
81984,1988-02-01,1988,UNKNOWN,PRINCE GEORGE,Moose,UNKNOWN,UNKNOWN,1,53.906963,-122.331921,19,Old - Historical,1988_1998
81984,1988-02-01,1988,UNKNOWN,PRINCE GEORGE,Moose,UNKNOWN,UNKNOWN,1,53.906963,-122.331921,19,Old - Historical,1978_1988
81986,1988-02-01,1988,UNKNOWN,PRINCE GEORGE,Moose,UNKNOWN,YOUNG,1,53.907039,-122.679461,19,Old - Historical,1988_1998
81986,1988-02-01,1988,UNKNOWN,PRINCE GEORGE,Moose,UNKNOWN,YOUNG,1,53.907039,-122.679461,19,Old - Historical,1978_1988
81987,1988-02-01,1988,UNKNOWN,PRINCE GEORGE,Moose,UNKNOWN,YOUNG,1,53.907039,-122.679461,19,Old - Historical,1988_1998
81987,1988-02-01,1988,UNKNOWN,PRINCE GEORGE,Moose,UNKNOWN,YOUNG,1,53.907039,-122.679461,19,Old - Historical,1978_1988
81989,1988-03-01,1988,UNKNOWN,PRINCE GEORGE,Moose,UNKNOWN,UNKNOWN,1,53.907039,-122.679461,19,Old - Historical,1988_1998
81989,1988-03-01,1988,UNKNOWN,PRINCE GEORGE,Moose,UNKNOWN,UNKNOWN,1,53.907039,-122.679461,19,Old - Historical,1978_1988
81991,1988-04-01,1988,UNKNOWN,PRINCE GEORGE,Beaver,UNKNOWN,UNKNOWN,1,53.809088,-123.012341,19,Old - Historical,1988_1998
81991,1988-04-01,1988,UNKNOWN,PRINCE GEORGE,Beaver,UNKNOWN,UNKNOWN,1,53.809088,-123.012341,19,Old - Historical,1978_1988
81993,1988-04-01,1988,UNKNOWN,PRINCE GEORGE,Moose,UNKNOWN,UNKNOWN,1,53.899243,-122.001279,19,Old - Historical,1988_1998
81993,1988-04-01,1988,UNKNOWN,PRINCE GEORGE,Moose,UNKNOWN,UNKNOWN,1,53.899243,-122.001279,19,Old - Historical,1978_1988
81994,1988-04-01,1988,UNKNOWN,PRINCE GEORGE,Moose,UNKNOWN,UNKNOWN,1,53.89744,-122.768243,19,Old - Historical,1988_1998
81994,1988-04-01,1988,UNKNOWN,PRINCE GEORGE,Moose,UNKNOWN,UNKNOWN,1,53.89744,-122.768243,19,Old - Historical,1978_1988
81995,1988-05-01,1988,UNKNOWN,PRINCE GEORGE,Moose,UNKNOWN,ADULT,1,54.146919,-122.624483,19,Old - Historical,1988_1998
81995,1988-05-01,1988,UNKNOWN,PRINCE GEORGE,Moose,UNKNOWN,ADULT,1,54.146919,-122.624483,19,Old - Historical,1978_1988
81997,1988-05-01,1988,UNKNOWN,PRINCE GEORGE,Deer,UNKNOWN,UNKNOWN,1,53.826454,-123.113237,19,Old - Historical,1988_1998
81997,1988-05-01,1988,UNKNOWN,PRINCE GEORGE,Deer,UNKNOWN,UNKNOWN,1,53.826454,-123.113237,19,Old - Historical,1978_1988
81999,1988-06-01,1988,UNKNOWN,PRINCE GEORGE,Deer,UNKNOWN,UNKNOWN,1,53.926808,-122.603465,19,Old - Historical,1988_1998
81999,1988-06-01,1988,UNKNOWN,PRINCE GEORGE,Deer,UNKNOWN,UNKNOWN,1,53.926808,-122.603465,19,Old - Historical,1978_1988
82000,1988-06-01,1988,UNKNOWN,PRINCE GEORGE,Moose,UNKNOWN,UNKNOWN,1,54.233742,-122.605592,19,Old - Historical,1988_1998
82000,1988-06-01,1988,UNKNOWN,PRINCE GEORGE,Moose,UNKNOWN,UNKNOWN,1,54.233742,-122.605592,19,Old - Historical,1978_1988
82001,1988-06-01,1988,UNKNOWN,PRINCE GEORGE,Moose,UNKNOWN,UNKNOWN,1,54.189602,-122.608048,19,Old - Historical,1988_1998
82001,1988-06-01,1988,UNKNOWN,PRINCE GEORGE,Moose,UNKNOWN,UNKNOWN,1,54.189602,-122.608048,19,Old - Historical,1978_1988
82002,1988-06-01,1988,UNKNOWN,PRINCE GEORGE,Moose,UNKNOWN,UNKNOWN,1,53.938049,-122.547394,19,Old - Historical,1988_1998
82002,1988-06-01,1988,UNKNOWN,PRINCE GEORGE,Moose,UNKNOWN,UNKNOWN,1,53.938049,-122.547394,19,Old - Historical,1978_1988
82003,1988-06-01,1988,UNKNOWN,PRINCE GEORGE,Moose,UNKNOWN,UNKNOWN,1,53.804922,-122.656357,19,Old - Historical,1988_1998
82003,1988-06-01,1988,UNKNOWN,PRINCE GEORGE,Moose,UNKNOWN,UNKNOWN,1,53.804922,-122.656357,19,Old - Historical,1978_1988
82004,1988-06-01,1988,UNKNOWN,PRINCE GEORGE,Moose,UNKNOWN,UNKNOWN,1,53.91305556,-122.7452778,19,Old - Historical,1988_1998
82004,1988-06-01,1988,UNKNOWN,PRINCE GEORGE,Moose,UNKNOWN,UNKNOWN,1,53.91305556,-122.7452778,19,Old - Historical,1978_1988
82006,1988-06-01,1988,UNKNOWN,PRINCE GEORGE,Moose,UNKNOWN,UNKNOWN,1,53.907039,-122.679461,19,Old - Historical,1988_1998
82006,1988-06-01,1988,UNKNOWN,PRINCE GEORGE,Moose,UNKNOWN,UNKNOWN,1,53.907039,-122.679461,19,Old - Historical,1978_1988
82007,1988-06-01,1988,UNKNOWN,PRINCE GEORGE,Bear,UNKNOWN,UNKNOWN,1,53.907039,-122.679461,19,Old - Historical,1988_1998
82007,1988-06-01,1988,UNKNOWN,PRINCE GEORGE,Bear,UNKNOWN,UNKNOWN,1,53.907039,-122.679461,19,Old - Historical,1978_1988
82008,1988-07-01,1988,UNKNOWN,PRINCE GEORGE,Moose,UNKNOWN,UNKNOWN,1,53.91305556,-122.7452778,19,Old - Historical,1988_1998
82008,1988-07-01,1988,UNKNOWN,PRINCE GEORGE,Moose,UNKNOWN,UNKNOWN,1,53.91305556,-122.7452778,19,Old - Historical,1978_1988
82009,1988-07-01,1988,UNKNOWN,PRINCE GEORGE,Moose,UNKNOWN,ADULT,1,53.91305556,-122.7452778,19,Old - Historical,1988_1998
82009,1988-07-01,1988,UNKNOWN,PRINCE GEORGE,Moose,UNKNOWN,ADULT,1,53.91305556,-122.7452778,19,Old - Historical,1978_1988
82011,1988-07-01,1988,UNKNOWN,PRINCE GEORGE,Bear,UNKNOWN,UNKNOWN,1,53.91305556,-122.7452778,19,Old - Historical,1988_1998
82011,1988-07-01,1988,UNKNOWN,PRINCE GEORGE,Bear,UNKNOWN,UNKNOWN,1,53.91305556,-122.7452778,19,Old - Historical,1978_1988
82012,1988-08-01,1988,UNKNOWN,PRINCE GEORGE,Moose,UNKNOWN,UNKNOWN,1,53.938049,-122.547394,19,Old - Historical,1988_1998
82012,1988-08-01,1988,UNKNOWN,PRINCE GEORGE,Moose,UNKNOWN,UNKNOWN,1,53.938049,-122.547394,19,Old - Historical,1978_1988
82013,1988-08-01,1988,UNKNOWN,PRINCE GEORGE,Moose,UNKNOWN,UNKNOWN,1,53.91305556,-122.7452778,19,Old - Historical,1988_1998
82013,1988-08-01,1988,UNKNOWN,PRINCE GEORGE,Moose,UNKNOWN,UNKNOWN,1,53.91305556,-122.7452778,19,Old - Historical,1978_1988
82014,1988-08-01,1988,UNKNOWN,PRINCE GEORGE,Moose,UNKNOWN,UNKNOWN,1,53.936345,-122.758286,19,Old - Historical,1988_1998
82014,1988-08-01,1988,UNKNOWN,PRINCE GEORGE,Moose,UNKNOWN,UNKNOWN,1,53.936345,-122.758286,19,Old - Historical,1978_1988
82015,1988-08-01,1988,UNKNOWN,PRINCE GEORGE,Moose,UNKNOWN,YOUNG,1,53.944322,-122.510357,19,Old - Historical,1988_1998
82015,1988-08-01,1988,UNKNOWN,PRINCE GEORGE,Moose,UNKNOWN,YOUNG,1,53.944322,-122.510357,19,Old - Historical,1978_1988
82017,1988-08-01,1988,UNKNOWN,PRINCE GEORGE,Moose,UNKNOWN,UNKNOWN,1,53.931659,-122.575371,19,Old - Historical,1988_1998
82017,1988-08-01,1988,UNKNOWN,PRINCE GEORGE,Moose,UNKNOWN,UNKNOWN,1,53.931659,-122.575371,19,Old - Historical,1978_1988
82018,1988-09-01,1988,UNKNOWN,PRINCE GEORGE,Bear,UNKNOWN,UNKNOWN,1,53.907039,-122.679461,19,Old - Historical,1988_1998
82018,1988-09-01,1988,UNKNOWN,PRINCE GEORGE,Bear,UNKNOWN,UNKNOWN,1,53.907039,-122.679461,19,Old - Historical,1978_1988
82020,1988-09-01,1988,UNKNOWN,PRINCE GEORGE,Bear,UNKNOWN,UNKNOWN,1,53.915154,-122.654339,19,Old - Historical,1988_1998
82020,1988-09-01,1988,UNKNOWN,PRINCE GEORGE,Bear,UNKNOWN,UNKNOWN,1,53.915154,-122.654339,19,Old - Historical,1978_1988
82022,1988-10-01,1988,UNKNOWN,PRINCE GEORGE,Moose,UNKNOWN,YOUNG,1,53.852961,-123.209882,19,Old - Historical,1988_1998
82022,1988-10-01,1988,UNKNOWN,PRINCE GEORGE,Moose,UNKNOWN,YOUNG,1,53.852961,-123.209882,19,Old - Historical,1978_1988
82023,1988-10-01,1988,UNKNOWN,PRINCE GEORGE,Moose,UNKNOWN,UNKNOWN,1,53.927333,-122.618641,19,Old - Historical,1988_1998
82023,1988-10-01,1988,UNKNOWN,PRINCE GEORGE,Moose,UNKNOWN,UNKNOWN,1,53.927333,-122.618641,19,Old - Historical,1978_1988
82027,1988-12-01,1988,UNKNOWN,PRINCE GEORGE,Moose,UNKNOWN,ADULT,1,53.90588,-121.912316,19,Old - Historical,1988_1998
82027,1988-12-01,1988,UNKNOWN,PRINCE GEORGE,Moose,UNKNOWN,ADULT,1,53.90588,-121.912316,19,Old - Historical,1978_1988
82028,1988-12-01,1988,UNKNOWN,PRINCE GEORGE,Moose,UNKNOWN,ADULT,1,53.91305556,-122.7452778,19,Old - Historical,1988_1998
82028,1988-12-01,1988,UNKNOWN,PRINCE GEORGE,Moose,UNKNOWN,ADULT,1,53.91305556,-122.7452778,19,Old - Historical,1978_1988
83612,1988-12-01,1988,UNKNOWN,PRINCE GEORGE,Moose,UNKNOWN,ADULT,1,53.25236677,-120.0310144,20,Old - Historical,1988_1998
83612,1988-12-01,1988,UNKNOWN,PRINCE GEORGE,Moose,UNKNOWN,ADULT,1,53.25236677,-120.0310144,20,Old - Historical,1978_1988
82029,1989-01-01,1989,UNKNOWN,PRINCE GEORGE,Moose,UNKNOWN,ADULT,1,53.943562,-122.447831,19,Old - Historical,1988_1998
82030,1989-01-01,1989,UNKNOWN,PRINCE GEORGE,Moose,UNKNOWN,UNKNOWN,1,53.944754,-122.455181,19,Old - Historical,1988_1998
82031,1989-01-01,1989,UNKNOWN,PRINCE GEORGE,Moose,UNKNOWN,UNKNOWN,1,53.907039,-122.679461,19,Old - Historical,1988_1998
82032,1989-01-01,1989,UNKNOWN,PRINCE GEORGE,Moose,UNKNOWN,UNKNOWN,1,53.944754,-122.455181,19,Old - Historical,1988_1998
82033,1989-01-01,1989,UNKNOWN,PRINCE GEORGE,Moose,UNKNOWN,ADULT,1,54.19806,-122.603415,19,Old - Historical,1988_1998
82035,1989-01-01,1989,UNKNOWN,PRINCE GEORGE,Moose,UNKNOWN,UNKNOWN,1,53.885545,-122.284918,19,Old - Historical,1988_1998
82036,1989-01-01,1989,UNKNOWN,PRINCE GEORGE,Moose,UNKNOWN,UNKNOWN,1,53.944754,-122.455181,19,Old - Historical,1988_1998
82037,1989-01-01,1989,UNKNOWN,PRINCE GEORGE,Moose,UNKNOWN,UNKNOWN,1,53.885545,-122.284918,19,Old - Historical,1988_1998
82038,1989-01-01,1989,UNKNOWN,PRINCE GEORGE,Moose,UNKNOWN,YOUNG,1,53.905838,-121.90853,19,Old - Historical,1988_1998
82039,1989-01-01,1989,UNKNOWN,PRINCE GEORGE,Moose,UNKNOWN,ADULT,1,53.885545,-122.284918,19,Old - Historical,1988_1998
82041,1989-01-01,1989,UNKNOWN,PRINCE GEORGE,Moose,UNKNOWN,ADULT,1,53.91305556,-122.7452778,19,Old - Historical,1988_1998
93888,1989-01-01,1989,UNKNOWN,PRINCE GEORGE,Moose,UNKNOWN,UNKNOWN,1,54.013905,-124.00909,23,Old - Historical,1988_1998
82043,1989-02-01,1989,UNKNOWN,PRINCE GEORGE,Moose,UNKNOWN,UNKNOWN,1,54.452963,-122.650569,19,Old - Historical,1988_1998
82044,1989-04-01,1989,UNKNOWN,PRINCE GEORGE,Moose,UNKNOWN,UNKNOWN,1,54.189602,-122.608048,19,Old - Historical,1988_1998
82047,1989-05-01,1989,UNKNOWN,PRINCE GEORGE,Moose,UNKNOWN,UNKNOWN,1,54.340055,-122.652654,19,Old - Historical,1988_1998
82048,1989-05-01,1989,UNKNOWN,PRINCE GEORGE,Moose,UNKNOWN,UNKNOWN,1,54.250093,-122.618484,19,Old - Historical,1988_1998
82049,1989-05-01,1989,UNKNOWN,PRINCE GEORGE,Moose,UNKNOWN,UNKNOWN,1,53.919407,-122.365573,19,Old - Historical,1988_1998
82050,1989-06-01,1989,UNKNOWN,PRINCE GEORGE,Moose,UNKNOWN,YOUNG,1,53.91305556,-122.7452778,19,Old - Historical,1988_1998
82051,1989-06-01,1989,UNKNOWN,PRINCE GEORGE,Deer,UNKNOWN,ADULT,1,54.382479,-122.631968,19,Old - Historical,1988_1998
82052,1989-06-01,1989,UNKNOWN,PRINCE GEORGE,Moose,UNKNOWN,ADULT,1,53.896742,-121.98847,19,Old - Historical,1988_1998
82053,1989-06-01,1989,UNKNOWN,PRINCE GEORGE,Moose,UNKNOWN,ADULT,1,54.317632,-122.634124,19,Old - Historical,1988_1998
82057,1989-08-01,1989,UNKNOWN,PRINCE GEORGE,Moose,UNKNOWN,ADULT,1,54.382479,-122.631968,19,Old - Historical,1988_1998
82058,1989-08-01,1989,UNKNOWN,PRINCE GEORGE,Moose,UNKNOWN,UNKNOWN,1,53.89744,-122.768243,19,Old - Historical,1988_1998
82059,1989-08-01,1989,UNKNOWN,PRINCE GEORGE,Moose,UNKNOWN,ADULT,2,53.907039,-122.679461,19,Old - Historical,1988_1998
82060,1989-08-01,1989,UNKNOWN,PRINCE GEORGE,Moose,UNKNOWN,ADULT,1,53.907039,-122.679461,19,Old - Historical,1988_1998
93893,1989-08-01,1989,UNKNOWN,PRINCE GEORGE,Moose,UNKNOWN,YOUNG,1,54.013905,-124.00909,23,Old - Historical,1988_1998
93894,1989-08-01,1989,UNKNOWN,PRINCE GEORGE,Moose,UNKNOWN,YOUNG,1,54.013905,-124.00909,23,Old - Historical,1988_1998
82062,1989-09-01,1989,UNKNOWN,PRINCE GEORGE,Moose,UNKNOWN,YOUNG,1,53.907039,-122.679461,19,Old - Historical,1988_1998
82063,1989-09-01,1989,UNKNOWN,PRINCE GEORGE,Moose,UNKNOWN,ADULT,2,53.907039,-122.679461,19,Old - Historical,1988_1998
93896,1989-09-01,1989,UNKNOWN,PRINCE GEORGE,Moose,UNKNOWN,YOUNG,1,54.013905,-124.00909,23,Old - Historical,1988_1998
79306,1989-10-01,1989,UNKNOWN,PRINCE GEORGE,Porcupine,UNKNOWN,UNKNOWN,1,53.015513,-122.495015,18,Old - Historical,1988_1998
79307,1989-10-01,1989,UNKNOWN,PRINCE GEORGE,Moose,UNKNOWN,YOUNG,1,53.015513,-122.495015,18,Old - Historical,1988_1998
82064,1989-10-01,1989,UNKNOWN,PRINCE GEORGE,Moose,UNKNOWN,ADULT,1,53.907039,-122.679461,19,Old - Historical,1988_1998
82065,1989-11-01,1989,UNKNOWN,PRINCE GEORGE,Moose,UNKNOWN,YOUNG,1,53.938311,-122.417326,19,Old - Historical,1988_1998
82066,1989-11-01,1989,UNKNOWN,PRINCE GEORGE,Deer,UNKNOWN,ADULT,1,53.836215,-122.838105,19,Old - Historical,1988_1998
82067,1989-11-01,1989,UNKNOWN,PRINCE GEORGE,Moose,UNKNOWN,YOUNG,1,53.883412,-122.141359,19,Old - Historical,1988_1998
82068,1989-11-01,1989,UNKNOWN,PRINCE GEORGE,Moose,UNKNOWN,YOUNG,1,53.836215,-122.838105,19,Old - Historical,1988_1998
82069,1989-11-01,1989,UNKNOWN,PRINCE GEORGE,Moose,UNKNOWN,ADULT,1,53.929063,-122.391775,19,Old - Historical,1988_1998
82070,1989-11-01,1989,UNKNOWN,PRINCE GEORGE,Moose,UNKNOWN,YOUNG,1,53.883412,-122.141359,19,Old - Historical,1988_1998
82079,1989-12-01,1989,UNKNOWN,PRINCE GEORGE,Moose,UNKNOWN,ADULT,1,54.19806,-122.603415,19,Old - Historical,1988_1998
82082,1990-01-01,1990,UNKNOWN,PRINCE GEORGE,Moose,UNKNOWN,ADULT,1,53.91305556,-122.7452778,19,Old - Historical,1988_1998
82083,1990-01-01,1990,UNKNOWN,PRINCE GEORGE,Moose,UNKNOWN,ADULT,1,53.914257,-121.878131,19,Old - Historical,1988_1998
82085,1990-01-01,1990,UNKNOWN,PRINCE GEORGE,Moose,UNKNOWN,ADULT,1,53.91305556,-122.7452778,19,Old - Historical,1988_1998
82089,1990-02-01,1990,UNKNOWN,PRINCE GEORGE,Moose,UNKNOWN,ADULT,1,53.91305556,-122.7452778,19,Old - Historical,1988_1998
82090,1990-02-01,1990,UNKNOWN,PRINCE GEORGE,Moose,UNKNOWN,YOUNG,1,54.37377,-122.635473,19,Old - Historical,1988_1998
93898,1990-02-01,1990,UNKNOWN,PRINCE GEORGE,Moose,UNKNOWN,ADULT,1,54.013905,-124.00909,23,Old - Historical,1988_1998
79309,1990-03-01,1990,UNKNOWN,PRINCE GEORGE,Moose,UNKNOWN,ADULT,1,53.015513,-122.495015,18,Old - Historical,1988_1998
82091,1990-03-01,1990,UNKNOWN,PRINCE GEORGE,Moose,UNKNOWN,ADULT,1,53.91305556,-122.7452778,19,Old - Historical,1988_1998
82092,1990-04-01,1990,UNKNOWN,PRINCE GEORGE,Moose,UNKNOWN,ADULT,1,53.897342,-122.768002,19,Old - Historical,1988_1998
82093,1990-04-01,1990,UNKNOWN,PRINCE GEORGE,Moose,UNKNOWN,ADULT,1,53.907039,-122.679461,19,Old - Historical,1988_1998
82098,1990-06-01,1990,UNKNOWN,PRINCE GEORGE,Moose,UNKNOWN,YOUNG,1,53.89744,-122.768243,19,Old - Historical,1988_1998
82101,1990-06-01,1990,UNKNOWN,PRINCE GEORGE,Moose,UNKNOWN,ADULT,1,53.907039,-122.679461,19,Old - Historical,1988_1998
82102,1990-06-01,1990,UNKNOWN,PRINCE GEORGE,Moose,UNKNOWN,YOUNG,1,53.907039,-122.679461,19,Old - Historical,1988_1998
82103,1990-06-01,1990,UNKNOWN,PRINCE GEORGE,Moose,UNKNOWN,YOUNG,1,53.907039,-122.679461,19,Old - Historical,1988_1998
82106,1990-08-01,1990,UNKNOWN,PRINCE GEORGE,Moose,UNKNOWN,ADULT,1,53.927333,-122.618641,19,Old - Historical,1988_1998
82109,1990-08-01,1990,UNKNOWN,PRINCE GEORGE,Moose,UNKNOWN,ADULT,1,53.889917,-122.290506,19,Old - Historical,1988_1998
93901,1990-08-01,1990,UNKNOWN,PRINCE GEORGE,Moose,UNKNOWN,ADULT,1,54.013905,-124.00909,23,Old - Historical,1988_1998
82119,1990-10-01,1990,UNKNOWN,PRINCE GEORGE,Moose,UNKNOWN,YOUNG,1,53.946199,-122.499227,19,Old - Historical,1988_1998
93904,1990-10-01,1990,UNKNOWN,PRINCE GEORGE,Bear,UNKNOWN,ADULT,1,54.013905,-124.00909,23,Old - Historical,1988_1998
93905,1990-10-01,1990,UNKNOWN,PRINCE GEORGE,Moose,UNKNOWN,ADULT,1,54.013905,-124.00909,23,Old - Historical,1988_1998
79312,1990-11-01,1990,UNKNOWN,PRINCE GEORGE,Moose,UNKNOWN,ADULT,1,53.015513,-122.495015,18,Old - Historical,1988_1998
82128,1990-11-01,1990,UNKNOWN,PRINCE GEORGE,Moose,UNKNOWN,UNKNOWN,1,53.946199,-122.499227,19,Old - Historical,1988_1998
82129,1990-11-01,1990,UNKNOWN,PRINCE GEORGE,Moose,UNKNOWN,YOUNG,1,53.836598,-122.837711,19,Old - Historical,1988_1998
82130,1990-11-01,1990,UNKNOWN,PRINCE GEORGE,Moose,UNKNOWN,YOUNG,1,53.944322,-122.510357,19,Old - Historical,1988_1998
82131,1990-11-01,1990,UNKNOWN,PRINCE GEORGE,Moose,UNKNOWN,ADULT,1,53.89744,-122.768243,19,Old - Historical,1988_1998
82135,1990-11-01,1990,UNKNOWN,PRINCE GEORGE,Moose,UNKNOWN,ADULT,1,53.907039,-122.679461,19,Old - Historical,1988_1998
82136,1990-11-01,1990,UNKNOWN,PRINCE GEORGE,Moose,UNKNOWN,ADULT,1,53.907039,-122.679461,19,Old - Historical,1988_1998
93906,1990-11-01,1990,UNKNOWN,PRINCE GEORGE,Moose,UNKNOWN,YOUNG,1,54.013905,-124.00909,23,Old - Historical,1988_1998
79313,1990-12-01,1990,UNKNOWN,PRINCE GEORGE,Moose,UNKNOWN,ADULT,1,53.015513,-122.495015,18,Old - Historical,1988_1998
82138,1990-12-01,1990,UNKNOWN,PRINCE GEORGE,Moose,UNKNOWN,ADULT,1,53.907039,-122.679461,19,Old - Historical,1988_1998
82139,1990-12-01,1990,UNKNOWN,PRINCE GEORGE,Moose,UNKNOWN,ADULT,1,53.901335,-121.932556,19,Old - Historical,1988_1998
82145,1990-12-01,1990,UNKNOWN,PRINCE GEORGE,Moose,UNKNOWN,ADULT,1,53.907039,-122.679461,19,Old - Historical,1988_1998
82212,1991-03-01,1991,UNKNOWN,PRINCE GEORGE,Moose,UNKNOWN,ADULT,1,53.68440913,-122.6739394,19,Old - Historical,1988_1998
82213,1991-03-01,1991,UNKNOWN,PRINCE GEORGE,Moose,UNKNOWN,ADULT,1,53.79311936,-122.6562586,19,Old - Historical,1988_1998
82214,1991-04-01,1991,UNKNOWN,PRINCE GEORGE,Deer,UNKNOWN,ADULT,1,53.80891893,-122.9941734,19,Old - Historical,1988_1998
82215,1991-04-01,1991,UNKNOWN,PRINCE GEORGE,Moose,UNKNOWN,ADULT,1,53.86505071,-122.7913246,19,Old - Historical,1988_1998
82216,1991-04-01,1991,UNKNOWN,PRINCE GEORGE,Moose,UNKNOWN,ADULT,1,53.91305556,-122.7452778,19,Old - Historical,1988_1998
82217,1991-04-01,1991,UNKNOWN,PRINCE GEORGE,Moose,UNKNOWN,YOUNG,1,53.91305556,-122.7452778,19,Old - Historical,1988_1998
82218,1991-04-01,1991,UNKNOWN,PRINCE GEORGE,Moose,UNKNOWN,ADULT,1,53.86631122,-123.3515023,19,Old - Historical,1988_1998
83812,1991-04-01,1991,UNKNOWN,PRINCE GEORGE,Moose,UNKNOWN,ADULT,1,52.86602321,-118.5158714,20,Old - Historical,1988_1998
93913,1991-04-01,1991,UNKNOWN,PRINCE GEORGE,Moose,UNKNOWN,ADULT,1,54.0270937,-124.354185,23,Old - Historical,1988_1998
82204,1991-06-01,1991,UNKNOWN,PRINCE GEORGE,Moose,UNKNOWN,ADULT,1,53.91305556,-122.7452778,19,Old - Historical,1988_1998
82205,1991-06-01,1991,UNKNOWN,PRINCE GEORGE,Moose,UNKNOWN,ADULT,1,53.91305556,-122.7452778,19,Old - Historical,1988_1998
82206,1991-06-01,1991,UNKNOWN,PRINCE GEORGE,Moose,UNKNOWN,YOUNG,1,53.91305556,-122.7452778,19,Old - Historical,1988_1998
93910,1991-08-01,1991,UNKNOWN,PRINCE GEORGE,Moose,UNKNOWN,ADULT,1,53.91909975,-123.6846854,23,Old - Historical,1988_1998
82161,1992-03-01,1992,UNKNOWN,PRINCE GEORGE,Moose,UNKNOWN,YOUNG,1,53.91305556,-122.7452778,19,Old - Historical,1988_1998
82162,1992-04-01,1992,UNKNOWN,PRINCE GEORGE,Moose,UNKNOWN,ADULT,1,53.897219,-122.30547,19,Old - Historical,1988_1998
82163,1992-05-01,1992,UNKNOWN,PRINCE GEORGE,Deer,UNKNOWN,UNKNOWN,1,53.91305556,-122.7452778,19,Old - Historical,1988_1998
82164,1992-05-01,1992,UNKNOWN,PRINCE GEORGE,Moose,UNKNOWN,UNKNOWN,1,53.905315,-122.32739,19,Old - Historical,1988_1998
82165,1992-05-01,1992,UNKNOWN,PRINCE GEORGE,Moose,UNKNOWN,UNKNOWN,1,53.89709,-121.946117,19,Old - Historical,1988_1998
82166,1992-05-01,1992,UNKNOWN,PRINCE GEORGE,Moose,UNKNOWN,UNKNOWN,1,53.905421,-122.757916,19,Old - Historical,1988_1998
82168,1992-06-01,1992,UNKNOWN,PRINCE GEORGE,Deer,UNKNOWN,YOUNG,1,53.816326,-122.911833,19,Old - Historical,1988_1998
82169,1992-06-01,1992,UNKNOWN,PRINCE GEORGE,Moose,UNKNOWN,UNKNOWN,1,53.817496,-123.052241,19,Old - Historical,1988_1998
82170,1992-06-01,1992,UNKNOWN,PRINCE GEORGE,Deer,UNKNOWN,UNKNOWN,1,53.847382,-122.826512,19,Old - Historical,1988_1998
82178,1992-07-01,1992,UNKNOWN,PRINCE GEORGE,Moose,UNKNOWN,ADULT,1,53.837089,-122.683832,19,Old - Historical,1988_1998
82179,1992-07-01,1992,UNKNOWN,PRINCE GEORGE,Moose,UNKNOWN,YOUNG,1,54.95384084,-122.9885409,19,Old - Historical,1988_1998
82180,1992-07-01,1992,UNKNOWN,PRINCE GEORGE,Moose,UNKNOWN,ADULT,1,53.90328658,-122.0501523,19,Old - Historical,1988_1998
83796,1992-07-01,1992,UNKNOWN,PRINCE GEORGE,Deer,UNKNOWN,YOUNG,1,52.9859042,-119.4612859,20,Old - Historical,1988_1998
82183,1992-08-01,1992,UNKNOWN,PRINCE GEORGE,Moose,UNKNOWN,UNKNOWN,1,53.771614,-122.65615,19,Old - Historical,1988_1998
82184,1992-08-01,1992,UNKNOWN,PRINCE GEORGE,Moose,UNKNOWN,UNKNOWN,1,53.919407,-122.365573,19,Old - Historical,1988_1998
82185,1992-08-01,1992,UNKNOWN,PRINCE GEORGE,Moose,UNKNOWN,UNKNOWN,1,53.919407,-122.365573,19,Old - Historical,1988_1998
82186,1992-08-01,1992,UNKNOWN,PRINCE GEORGE,Deer,UNKNOWN,UNKNOWN,1,53.91305556,-122.7452778,19,Old - Historical,1988_1998
93914,1992-09-01,1992,UNKNOWN,PRINCE GEORGE,Moose,UNKNOWN,UNKNOWN,1,53.91152,-123.619487,23,Old - Historical,1988_1998
93915,1992-09-01,1992,UNKNOWN,PRINCE GEORGE,Moose,UNKNOWN,UNKNOWN,1,53.905372,-123.575597,23,Old - Historical,1988_1998
82220,1992-11-01,1992,UNKNOWN,PRINCE GEORGE,Moose,UNKNOWN,ADULT,1,53.855941,-122.821252,19,Old - Historical,1988_1998
82221,1992-11-01,1992,UNKNOWN,PRINCE GEORGE,Moose,UNKNOWN,ADULT,1,53.933771,-122.404557,19,Old - Historical,1988_1998
82222,1992-11-01,1992,UNKNOWN,PRINCE GEORGE,Moose,UNKNOWN,ADULT,1,53.863899,-122.796501,19,Old - Historical,1988_1998
82223,1992-11-01,1992,UNKNOWN,PRINCE GEORGE,Moose,UNKNOWN,YOUNG,1,53.863899,-122.796501,19,Old - Historical,1988_1998
82224,1992-11-01,1992,UNKNOWN,PRINCE GEORGE,Moose,UNKNOWN,ADULT,1,53.829315,-123.124718,19,Old - Historical,1988_1998
82225,1992-11-01,1992,UNKNOWN,PRINCE GEORGE,Deer,UNKNOWN,ADULT,1,53.908174,-122.755141,19,Old - Historical,1988_1998
82226,1992-11-01,1992,UNKNOWN,PRINCE GEORGE,Moose,UNKNOWN,ADULT,1,53.943057,-122.517823,19,Old - Historical,1988_1998
82232,1992-12-01,1992,UNKNOWN,PRINCE GEORGE,Moose,UNKNOWN,ADULT,1,53.933771,-122.404557,19,Old - Historical,1988_1998
82233,1992-12-01,1992,UNKNOWN,PRINCE GEORGE,Moose,UNKNOWN,YOUNG,1,53.771614,-122.65615,19,Old - Historical,1988_1998
82234,1992-12-01,1992,UNKNOWN,PRINCE GEORGE,Moose,UNKNOWN,ADULT,1,54.189602,-122.608048,19,Old - Historical,1988_1998
82235,1992-12-01,1992,UNKNOWN,PRINCE GEORGE,Moose,UNKNOWN,ADULT,1,53.940898,-122.431737,19,Old - Historical,1988_1998
82236,1992-12-01,1992,UNKNOWN,PRINCE GEORGE,Moose,UNKNOWN,ADULT,1,53.924212,-122.378608,19,Old - Historical,1988_1998
82253,1993-01-01,1993,UNKNOWN,PRINCE GEORGE,Moose,UNKNOWN,ADULT,1,53.855941,-122.821252,19,Old - Historical,1988_1998
82254,1993-01-01,1993,UNKNOWN,PRINCE GEORGE,Moose,UNKNOWN,ADULT,1,53.900552,-122.314496,19,Old - Historical,1988_1998
82255,1993-01-01,1993,UNKNOWN,PRINCE GEORGE,Moose,UNKNOWN,YOUNG,1,53.91305556,-122.7452778,19,Old - Historical,1988_1998
82256,1993-01-01,1993,UNKNOWN,PRINCE GEORGE,Moose,UNKNOWN,ADULT,1,53.803956,-121.319531,19,Old - Historical,1988_1998
82263,1993-04-01,1993,UNKNOWN,PRINCE GEORGE,Moose,UNKNOWN,ADULT,1,53.771614,-122.65615,19,Old - Historical,1988_1998
82264,1993-04-01,1993,UNKNOWN,PRINCE GEORGE,Deer,UNKNOWN,ADULT,1,53.78325078,-122.6562028,19,Old - Historical,1988_1998
82265,1993-04-01,1993,UNKNOWN,PRINCE GEORGE,Deer,UNKNOWN,ADULT,1,53.855941,-122.821252,19,Old - Historical,1988_1998
83898,1993-04-01,1993,UNKNOWN,PRINCE GEORGE,Moose,UNKNOWN,ADULT,1,53.00246323,-119.0418679,20,Old - Historical,1988_1998
93916,1993-04-01,1993,UNKNOWN,PRINCE GEORGE,Deer,UNKNOWN,ADULT,1,54.01354993,-124.0832746,23,Old - Historical,1988_1998
82266,1993-05-01,1993,UNKNOWN,PRINCE GEORGE,Moose,UNKNOWN,ADULT,1,53.879605,-123.407609,19,Old - Historical,1988_1998
82267,1993-05-01,1993,UNKNOWN,PRINCE GEORGE,Moose,UNKNOWN,YOUNG,1,53.919407,-122.365573,19,Old - Historical,1988_1998
82268,1993-05-01,1993,UNKNOWN,PRINCE GEORGE,Moose,UNKNOWN,ADULT,1,53.883412,-122.141359,19,Old - Historical,1988_1998
82276,1993-06-01,1993,UNKNOWN,PRINCE GEORGE,Moose,UNKNOWN,ADULT,1,53.880246,-122.212066,19,Old - Historical,1988_1998
82277,1993-06-01,1993,UNKNOWN,PRINCE GEORGE,Porcupine,UNKNOWN,UNKNOWN,1,54.092113,-122.687027,19,Old - Historical,1988_1998
93919,1993-06-01,1993,UNKNOWN,PRINCE GEORGE,Porcupine,UNKNOWN,UNKNOWN,1,53.96537125,-123.9779329,23,Old - Historical,1988_1998
82292,1993-07-01,1993,UNKNOWN,PRINCE GEORGE,Moose,UNKNOWN,ADULT,1,53.914695,-122.352799,19,Old - Historical,1988_1998
82293,1993-07-01,1993,UNKNOWN,PRINCE GEORGE,Deer,UNKNOWN,ADULT,1,53.927333,-122.618641,19,Old - Historical,1988_1998
82294,1993-07-01,1993,UNKNOWN,PRINCE GEORGE,Deer,UNKNOWN,ADULT,1,53.914577,-121.723174,19,Old - Historical,1988_1998
82295,1993-07-01,1993,UNKNOWN,PRINCE GEORGE,Deer,UNKNOWN,ADULT,1,53.919511,-122.781561,19,Old - Historical,1988_1998
82296,1993-07-01,1993,UNKNOWN,PRINCE GEORGE,Moose,UNKNOWN,ADULT,1,53.883107,-122.110837,19,Old - Historical,1988_1998
82297,1993-07-01,1993,UNKNOWN,PRINCE GEORGE,Moose,UNKNOWN,ADULT,1,53.883107,-122.110837,19,Old - Historical,1988_1998
82298,1993-07-01,1993,UNKNOWN,PRINCE GEORGE,Deer,UNKNOWN,ADULT,1,53.936345,-122.758286,19,Old - Historical,1988_1998
93931,1993-07-01,1993,UNKNOWN,PRINCE GEORGE,Deer,UNKNOWN,ADULT,1,53.905372,-123.575597,23,Old - Historical,1988_1998
82300,1993-08-01,1993,UNKNOWN,PRINCE GEORGE,Moose,UNKNOWN,ADULT,1,53.882988,-122.281588,19,Old - Historical,1988_1998
82301,1993-08-01,1993,UNKNOWN,PRINCE GEORGE,Moose,UNKNOWN,ADULT,1,53.919407,-122.365573,19,Old - Historical,1988_1998
82278,1993-09-01,1993,UNKNOWN,PRINCE GEORGE,Deer,UNKNOWN,ADULT,1,53.928372,-122.779774,19,Old - Historical,1988_1998
82279,1993-09-01,1993,UNKNOWN,PRINCE GEORGE,Moose,UNKNOWN,ADULT,1,53.771614,-122.65615,19,Old - Historical,1988_1998
82280,1993-09-01,1993,UNKNOWN,PRINCE GEORGE,Coyote,UNKNOWN,UNKNOWN,1,54.063867,-122.723853,19,Old - Historical,1988_1998
82281,1993-09-01,1993,UNKNOWN,PRINCE GEORGE,Porcupine,UNKNOWN,UNKNOWN,1,53.971004,-122.767955,19,Old - Historical,1988_1998
82282,1993-09-01,1993,UNKNOWN,PRINCE GEORGE,Porcupine,UNKNOWN,UNKNOWN,1,54.008598,-122.801038,19,Old - Historical,1988_1998
82283,1993-09-01,1993,UNKNOWN,PRINCE GEORGE,Porcupine,UNKNOWN,UNKNOWN,1,54.04368,-122.754578,19,Old - Historical,1988_1998
82284,1993-09-01,1993,UNKNOWN,PRINCE GEORGE,Porcupine,UNKNOWN,UNKNOWN,1,54.275817,-122.627312,19,Old - Historical,1988_1998
82285,1993-09-01,1993,UNKNOWN,PRINCE GEORGE,Deer,UNKNOWN,ADULT,1,53.798638,-122.656305,19,Old - Historical,1988_1998
93929,1993-09-01,1993,UNKNOWN,PRINCE GEORGE,Porcupine,UNKNOWN,UNKNOWN,2,54.02595327,-124.3109005,23,Old - Historical,1988_1998
82287,1993-10-01,1993,UNKNOWN,PRINCE GEORGE,Moose,UNKNOWN,ADULT,1,54.04368,-122.754578,19,Old - Historical,1988_1998
82288,1993-10-01,1993,UNKNOWN,PRINCE GEORGE,Deer,UNKNOWN,ADULT,1,53.880246,-122.212066,19,Old - Historical,1988_1998
82289,1993-10-01,1993,UNKNOWN,PRINCE GEORGE,Deer,UNKNOWN,ADULT,1,53.816503,-122.656443,19,Old - Historical,1988_1998
93930,1993-10-01,1993,UNKNOWN,PRINCE GEORGE,Deer,UNKNOWN,ADULT,1,53.94727794,-123.81369,23,Old - Historical,1988_1998
82307,1993-11-01,1993,UNKNOWN,PRINCE GEORGE,Deer,UNKNOWN,ADULT,1,53.811299,-122.966857,19,Old - Historical,1988_1998
82308,1993-11-01,1993,UNKNOWN,PRINCE GEORGE,Deer,UNKNOWN,ADULT,1,53.82414,-122.662756,19,Old - Historical,1988_1998
82309,1993-11-01,1993,UNKNOWN,PRINCE GEORGE,Deer,UNKNOWN,ADULT,1,53.81070722,-122.9734111,19,Old - Historical,1988_1998
93937,1993-11-01,1993,UNKNOWN,PRINCE GEORGE,Moose,UNKNOWN,ADULT,1,54.05559526,-124.7926945,23,Old - Historical,1988_1998
82320,1993-12-01,1993,UNKNOWN,PRINCE GEORGE,Moose,UNKNOWN,ADULT,1,53.856936,-123.219828,19,Old - Historical,1988_1998
84015,1993-12-01,1993,UNKNOWN,PRINCE GEORGE,Moose,UNKNOWN,ADULT,1,53.19753507,-119.9400583,20,Old - Historical,1988_1998
84016,1993-12-01,1993,UNKNOWN,PRINCE GEORGE,Moose,UNKNOWN,ADULT,1,53.40227413,-120.4073215,20,Old - Historical,1988_1998
93938,1993-12-01,1993,UNKNOWN,PRINCE GEORGE,Moose,UNKNOWN,ADULT,1,54.1158885,-125.3459631,23,Old - Historical,1988_1998
82326,1994-01-01,1994,UNKNOWN,PRINCE GEORGE,Moose,UNKNOWN,ADULT,1,53.847382,-122.826512,19,Old - Historical,1988_1998
82327,1994-01-01,1994,UNKNOWN,PRINCE GEORGE,Moose,UNKNOWN,ADULT,1,53.879605,-123.407609,19,Old - Historical,1988_1998
82328,1994-01-01,1994,UNKNOWN,PRINCE GEORGE,Moose,UNKNOWN,ADULT,1,53.829315,-123.124718,19,Old - Historical,1988_1998
82329,1994-01-01,1994,UNKNOWN,PRINCE GEORGE,Moose,UNKNOWN,ADULT,1,53.91305556,-122.7452778,19,Old - Historical,1988_1998
84017,1994-01-01,1994,UNKNOWN,PRINCE GEORGE,Moose,UNKNOWN,ADULT,1,53.28248314,-120.0843483,20,Old - Historical,1988_1998
84018,1994-01-01,1994,UNKNOWN,PRINCE GEORGE,Moose,UNKNOWN,YOUNG,1,53.22121374,-119.9807327,20,Old - Historical,1988_1998
93939,1994-01-01,1994,UNKNOWN,PRINCE GEORGE,Moose,UNKNOWN,ADULT,1,54.09706855,-125.2299185,23,Old - Historical,1988_1998
82369,1994-05-01,1994,UNKNOWN,PRINCE GEORGE,Moose,UNKNOWN,ADULT,1,53.91305556,-122.7452778,19,Old - Historical,1988_1998
82370,1994-05-01,1994,UNKNOWN,PRINCE GEORGE,Moose,UNKNOWN,ADULT,1,54.0773,-122.704234,19,Old - Historical,1988_1998
82371,1994-05-01,1994,UNKNOWN,PRINCE GEORGE,Deer,UNKNOWN,ADULT,1,54.172036,-122.609883,19,Old - Historical,1988_1998
84070,1994-05-01,1994,UNKNOWN,PRINCE GEORGE,Moose,UNKNOWN,ADULT,1,52.96025657,-118.9055252,20,Old - Historical,1988_1998
84071,1994-05-01,1994,UNKNOWN,PRINCE GEORGE,Deer,UNKNOWN,ADULT,1,52.97402736,-118.9564711,20,Old - Historical,1988_1998
84072,1994-05-01,1994,UNKNOWN,PRINCE GEORGE,Moose,UNKNOWN,ADULT,1,53.01284261,-119.2819049,20,Old - Historical,1988_1998
82364,1994-06-01,1994,UNKNOWN,PRINCE GEORGE,Moose,UNKNOWN,ADULT,1,53.82556729,-123.1096764,19,Old - Historical,1988_1998
82365,1994-06-01,1994,UNKNOWN,PRINCE GEORGE,Deer,UNKNOWN,ADULT,1,53.9283692,-122.7797748,19,Old - Historical,1988_1998
84067,1994-06-01,1994,UNKNOWN,PRINCE GEORGE,Moose,UNKNOWN,ADULT,1,52.84954811,-118.56804,20,Old - Historical,1988_1998
84068,1994-06-01,1994,UNKNOWN,PRINCE GEORGE,Moose,UNKNOWN,YOUNG,1,52.93844877,-118.8456254,20,Old - Historical,1988_1998
84069,1994-06-01,1994,UNKNOWN,PRINCE GEORGE,Moose,UNKNOWN,ADULT,1,53.02053814,-119.1071618,20,Old - Historical,1988_1998
93950,1994-06-01,1994,UNKNOWN,PRINCE GEORGE,Deer,UNKNOWN,YOUNG,1,53.94793635,-123.7696534,23,Old - Historical,1988_1998
82378,1994-07-01,1994,UNKNOWN,PRINCE GEORGE,Bear,UNKNOWN,ADULT,1,53.92094104,-122.3697344,19,Old - Historical,1988_1998
82379,1994-07-01,1994,UNKNOWN,PRINCE GEORGE,Porcupine,UNKNOWN,UNKNOWN,3,53.873491,-121.587778,19,Old - Historical,1988_1998
82380,1994-07-01,1994,UNKNOWN,PRINCE GEORGE,Caribou,UNKNOWN,ADULT,1,53.892113,-121.658301,19,Old - Historical,1988_1998
82381,1994-07-01,1994,UNKNOWN,PRINCE GEORGE,Moose,UNKNOWN,ADULT,1,53.803956,-121.319531,19,Old - Historical,1988_1998
82383,1994-07-01,1994,UNKNOWN,PRINCE GEORGE,Moose,UNKNOWN,ADULT,1,53.999542,-122.800866,19,Old - Historical,1988_1998
82384,1994-07-01,1994,UNKNOWN,PRINCE GEORGE,Moose,UNKNOWN,ADULT,1,53.930524,-122.76643,19,Old - Historical,1988_1998
82385,1994-07-01,1994,UNKNOWN,PRINCE GEORGE,Moose,UNKNOWN,ADULT,1,53.914577,-121.723174,19,Old - Historical,1988_1998
82418,1994-07-01,1994,UNKNOWN,PRINCE GEORGE,Porcupine,UNKNOWN,UNKNOWN,4,53.91305556,-122.7452778,19,Old - Historical,1988_1998
82419,1994-07-01,1994,UNKNOWN,PRINCE GEORGE,Porcupine,UNKNOWN,UNKNOWN,1,53.91305556,-122.7452778,19,Old - Historical,1988_1998
93951,1994-07-01,1994,UNKNOWN,PRINCE GEORGE,Moose,UNKNOWN,YOUNG,1,54.0611838,-124.5911822,23,Old - Historical,1988_1998
79393,1994-08-01,1994,UNKNOWN,PRINCE GEORGE,Moose,UNKNOWN,ADULT,1,53.090488,-122.676166,18,Old - Historical,1988_1998
79394,1994-08-01,1994,UNKNOWN,PRINCE GEORGE,Bear,UNKNOWN,YOUNG,1,53.18455,-122.387067,18,Old - Historical,1988_1998
82354,1994-08-01,1994,UNKNOWN,PRINCE GEORGE,Moose,UNKNOWN,YOUNG,1,53.934497,-122.568005,19,Old - Historical,1988_1998
82355,1994-08-01,1994,UNKNOWN,PRINCE GEORGE,Moose,UNKNOWN,YOUNG,1,53.907823,-122.334248,19,Old - Historical,1988_1998
82356,1994-08-01,1994,UNKNOWN,PRINCE GEORGE,Deer,UNKNOWN,YOUNG,1,53.675904,-122.674286,19,Old - Historical,1988_1998
82357,1994-08-01,1994,UNKNOWN,PRINCE GEORGE,Moose,UNKNOWN,YOUNG,1,54.003637,-122.801015,19,Old - Historical,1988_1998
82386,1994-09-01,1994,UNKNOWN,PRINCE GEORGE,Bear,UNKNOWN,YOUNG,1,53.91305556,-122.7452778,19,Old - Historical,1988_1998
82387,1994-09-01,1994,UNKNOWN,PRINCE GEORGE,Moose,UNKNOWN,ADULT,1,53.935387,-122.408948,19,Old - Historical,1988_1998
82335,1994-10-01,1994,UNKNOWN,PRINCE GEORGE,Moose,UNKNOWN,ADULT,1,53.895323,-122.300253,19,Old - Historical,1988_1998
82336,1994-10-01,1994,UNKNOWN,PRINCE GEORGE,Elk,UNKNOWN,ADULT,1,53.927296,-122.615503,19,Old - Historical,1988_1998
82337,1994-10-01,1994,UNKNOWN,PRINCE GEORGE,Elk,UNKNOWN,ADULT,1,54.016013,-122.793576,19,Old - Historical,1988_1998
82338,1994-10-01,1994,UNKNOWN,PRINCE GEORGE,Moose,UNKNOWN,ADULT,1,53.782478,-122.656196,19,Old - Historical,1988_1998
82339,1994-10-01,1994,UNKNOWN,PRINCE GEORGE,Moose,UNKNOWN,ADULT,1,53.934497,-122.568005,19,Old - Historical,1988_1998
82340,1994-10-01,1994,UNKNOWN,PRINCE GEORGE,Moose,UNKNOWN,ADULT,1,53.881129,-123.410025,19,Old - Historical,1988_1998
82341,1994-10-01,1994,UNKNOWN,PRINCE GEORGE,Porcupine,UNKNOWN,UNKNOWN,1,53.854369,-121.475503,19,Old - Historical,1988_1998
82342,1994-10-01,1994,UNKNOWN,PRINCE GEORGE,Coyote,UNKNOWN,UNKNOWN,1,53.91535,-121.79763,19,Old - Historical,1988_1998
82343,1994-10-01,1994,UNKNOWN,PRINCE GEORGE,Porcupine,UNKNOWN,UNKNOWN,1,53.803956,-121.319531,19,Old - Historical,1988_1998
84065,1994-10-01,1994,UNKNOWN,PRINCE GEORGE,Moose,UNKNOWN,ADULT,1,53.49754643,-120.5995203,20,Old - Historical,1988_1998
82346,1994-11-01,1994,UNKNOWN,PRINCE GEORGE,Moose,UNKNOWN,ADULT,1,53.868012,-121.545963,19,Old - Historical,1988_1998
82347,1994-11-01,1994,UNKNOWN,PRINCE GEORGE,Moose,UNKNOWN,ADULT,1,53.848562,-121.447385,19,Old - Historical,1988_1998
82350,1994-11-01,1994,UNKNOWN,PRINCE GEORGE,Moose,UNKNOWN,YOUNG,1,53.934522,-122.567859,19,Old - Historical,1988_1998
82351,1994-11-01,1994,UNKNOWN,PRINCE GEORGE,Moose,UNKNOWN,YOUNG,1,53.944754,-122.455181,19,Old - Historical,1988_1998
82352,1994-11-01,1994,UNKNOWN,PRINCE GEORGE,Moose,UNKNOWN,YOUNG,1,53.866665,-123.353388,19,Old - Historical,1988_1998
82395,1994-12-01,1994,UNKNOWN,PRINCE GEORGE,Moose,UNKNOWN,ADULT,1,53.922982,-122.375332,19,Old - Historical,1988_1998
82396,1994-12-01,1994,UNKNOWN,PRINCE GEORGE,Moose,UNKNOWN,ADULT,1,53.747937,-122.871505,19,Old - Historical,1988_1998
82397,1994-12-01,1994,UNKNOWN,PRINCE GEORGE,Moose,UNKNOWN,ADULT,1,54.270699,-122.628186,19,Old - Historical,1988_1998
82398,1994-12-01,1994,UNKNOWN,PRINCE GEORGE,Moose,UNKNOWN,ADULT,1,54.275817,-122.627312,19,Old - Historical,1988_1998
82399,1994-12-01,1994,UNKNOWN,PRINCE GEORGE,Moose,UNKNOWN,ADULT,1,53.92569852,-122.3826417,19,Old - Historical,1988_1998
82400,1994-12-01,1994,UNKNOWN,PRINCE GEORGE,Moose,UNKNOWN,ADULT,1,53.819056,-123.083561,19,Old - Historical,1988_1998
82401,1994-12-01,1994,UNKNOWN,PRINCE GEORGE,Moose,UNKNOWN,ADULT,1,53.692113,-122.669884,19,Old - Historical,1988_1998
82402,1994-12-01,1994,UNKNOWN,PRINCE GEORGE,Moose,UNKNOWN,ADULT,1,53.82372,-122.871069,19,Old - Historical,1988_1998
82403,1994-12-01,1994,UNKNOWN,PRINCE GEORGE,Deer,UNKNOWN,ADULT,1,53.945744,-122.461177,19,Old - Historical,1988_1998
82405,1994-12-01,1994,UNKNOWN,PRINCE GEORGE,Moose,UNKNOWN,ADULT,1,53.91305556,-122.7452778,19,Old - Historical,1988_1998
82406,1994-12-01,1994,UNKNOWN,PRINCE GEORGE,Moose,UNKNOWN,ADULT,1,53.899243,-122.001279,19,Old - Historical,1988_1998
82407,1994-12-01,1994,UNKNOWN,PRINCE GEORGE,Moose,UNKNOWN,ADULT,1,53.9032,-121.699343,19,Old - Historical,1988_1998
82408,1994-12-01,1994,UNKNOWN,PRINCE GEORGE,Moose,UNKNOWN,ADULT,1,53.829078,-121.379736,19,Old - Historical,1988_1998
82422,1995-02-01,1995,UNKNOWN,PRINCE GEORGE,Moose,UNKNOWN,ADULT,1,53.905789,-121.907781,19,Old - Historical,1988_1998
82423,1995-02-01,1995,UNKNOWN,PRINCE GEORGE,Moose,UNKNOWN,ADULT,1,53.883107,-122.110837,19,Old - Historical,1988_1998
82424,1995-02-01,1995,UNKNOWN,PRINCE GEORGE,Moose,UNKNOWN,ADULT,1,53.91305556,-122.7452778,19,Old - Historical,1988_1998
82427,1995-04-01,1995,UNKNOWN,PRINCE GEORGE,Moose,UNKNOWN,ADULT,1,53.918175,-121.753229,19,Old - Historical,1988_1998
82428,1995-04-01,1995,UNKNOWN,PRINCE GEORGE,Moose,UNKNOWN,ADULT,1,53.854369,-121.475503,19,Old - Historical,1988_1998
82429,1995-04-01,1995,UNKNOWN,PRINCE GEORGE,Moose,UNKNOWN,ADULT,1,53.960074,-122.767209,19,Old - Historical,1988_1998
82430,1995-04-01,1995,UNKNOWN,PRINCE GEORGE,Moose,UNKNOWN,ADULT,1,53.946149,-122.499212,19,Old - Historical,1988_1998
82431,1995-04-01,1995,UNKNOWN,PRINCE GEORGE,Moose,UNKNOWN,YOUNG,1,53.692113,-122.669884,19,Old - Historical,1988_1998
82432,1995-04-01,1995,UNKNOWN,PRINCE GEORGE,Moose,UNKNOWN,ADULT,1,53.91305556,-122.7452778,19,Old - Historical,1988_1998
82433,1995-04-01,1995,UNKNOWN,PRINCE GEORGE,Deer,UNKNOWN,ADULT,1,53.91305556,-122.7452778,19,Old - Historical,1988_1998
82434,1995-05-01,1995,UNKNOWN,PRINCE GEORGE,Deer,UNKNOWN,ADULT,1,53.91305556,-122.7452778,19,Old - Historical,1988_1998
82435,1995-05-01,1995,UNKNOWN,PRINCE GEORGE,Moose,UNKNOWN,ADULT,1,53.842386,-123.177252,19,Old - Historical,1988_1998
82436,1995-05-01,1995,UNKNOWN,PRINCE GEORGE,Deer,UNKNOWN,ADULT,1,54.083075,-122.697238,19,Old - Historical,1988_1998
82442,1995-06-01,1995,UNKNOWN,PRINCE GEORGE,Moose,UNKNOWN,ADULT,1,53.82372,-122.871069,19,Old - Historical,1988_1998
82443,1995-06-01,1995,UNKNOWN,PRINCE GEORGE,Moose,UNKNOWN,ADULT,1,53.934497,-122.568005,19,Old - Historical,1988_1998
82444,1995-06-01,1995,UNKNOWN,PRINCE GEORGE,Moose,UNKNOWN,YOUNG,1,53.81749,-123.050721,19,Old - Historical,1988_1998
82445,1995-06-01,1995,UNKNOWN,PRINCE GEORGE,Bear,UNKNOWN,ADULT,1,53.897814,-122.083725,19,Old - Historical,1988_1998
82446,1995-06-01,1995,UNKNOWN,PRINCE GEORGE,Moose,UNKNOWN,ADULT,1,53.895744,-121.953531,19,Old - Historical,1988_1998
82447,1995-06-01,1995,UNKNOWN,PRINCE GEORGE,Moose,UNKNOWN,ADULT,1,53.9032,-121.699343,19,Old - Historical,1988_1998
82452,1995-08-01,1995,UNKNOWN,PRINCE GEORGE,Moose,UNKNOWN,ADULT,1,53.8684,-123.36935,19,Old - Historical,1988_1998
82453,1995-08-01,1995,UNKNOWN,PRINCE GEORGE,Coyote,UNKNOWN,YOUNG,1,53.925843,-122.641248,19,Old - Historical,1988_1998
82454,1995-08-01,1995,UNKNOWN,PRINCE GEORGE,Porcupine,UNKNOWN,UNKNOWN,1,53.911411,-122.343898,19,Old - Historical,1988_1998
82455,1995-08-01,1995,UNKNOWN,PRINCE GEORGE,Coyote,UNKNOWN,UNKNOWN,1,53.981042,-122.775748,19,Old - Historical,1988_1998
82456,1995-08-01,1995,UNKNOWN,PRINCE GEORGE,Moose,UNKNOWN,ADULT,1,54.24391586,-122.611442,19,Old - Historical,1988_1998
82467,1995-10-01,1995,UNKNOWN,PRINCE GEORGE,Moose,UNKNOWN,ADULT,1,53.83083,-123.130802,19,Old - Historical,1988_1998
82468,1995-10-01,1995,UNKNOWN,PRINCE GEORGE,Moose,UNKNOWN,ADULT,1,53.868953,-122.78045,19,Old - Historical,1988_1998
82469,1995-10-01,1995,UNKNOWN,PRINCE GEORGE,Deer,UNKNOWN,ADULT,1,53.927217,-122.60921,19,Old - Historical,1988_1998
82470,1995-10-01,1995,UNKNOWN,PRINCE GEORGE,Deer,UNKNOWN,ADULT,1,53.918175,-121.753229,19,Old - Historical,1988_1998
82471,1995-10-01,1995,UNKNOWN,PRINCE GEORGE,Moose,UNKNOWN,ADULT,1,54.146919,-122.624483,19,Old - Historical,1988_1998
82495,1995-12-01,1995,UNKNOWN,PRINCE GEORGE,Moose,UNKNOWN,UNKNOWN,1,53.838202,-123.160431,19,Old - Historical,1988_1998
82496,1995-12-01,1995,UNKNOWN,PRINCE GEORGE,Moose,UNKNOWN,UNKNOWN,1,54.164878,-122.611237,19,Old - Historical,1988_1998
82497,1995-12-01,1995,UNKNOWN,PRINCE GEORGE,Moose,UNKNOWN,YOUNG,1,53.875567,-123.395648,19,Old - Historical,1988_1998
82498,1995-12-01,1995,UNKNOWN,PRINCE GEORGE,Moose,UNKNOWN,UNKNOWN,1,53.877275,-122.20897,19,Old - Historical,1988_1998
82499,1995-12-01,1995,UNKNOWN,PRINCE GEORGE,Moose,UNKNOWN,UNKNOWN,1,53.881129,-123.410025,19,Old - Historical,1988_1998
82500,1995-12-01,1995,UNKNOWN,PRINCE GEORGE,Moose,UNKNOWN,UNKNOWN,1,53.881129,-123.410025,19,Old - Historical,1988_1998
82501,1995-12-01,1995,UNKNOWN,PRINCE GEORGE,Moose,UNKNOWN,UNKNOWN,1,53.788942,-122.656252,19,Old - Historical,1988_1998
82502,1995-12-01,1995,UNKNOWN,PRINCE GEORGE,Moose,UNKNOWN,UNKNOWN,1,53.867066,-123.323417,19,Old - Historical,1988_1998
82503,1995-12-01,1995,UNKNOWN,PRINCE GEORGE,Moose,UNKNOWN,UNKNOWN,1,53.842913,-122.693325,19,Old - Historical,1988_1998
82504,1995-12-01,1995,UNKNOWN,PRINCE GEORGE,Moose,UNKNOWN,UNKNOWN,1,53.893232,-122.29537,19,Old - Historical,1988_1998
87968,1995-12-01,1995,UNKNOWN,PRINCE GEORGE,Moose,UNKNOWN,UNKNOWN,1,55.136229,-122.850749,21,Old - Historical,1988_1998
82509,1996-02-01,1996,UNKNOWN,PRINCE GEORGE,Coyote,UNKNOWN,UNKNOWN,1,53.93824,-122.759776,19,Old - Historical,1988_1998
82510,1996-02-01,1996,UNKNOWN,PRINCE GEORGE,Moose,UNKNOWN,UNKNOWN,1,53.842913,-122.693325,19,Old - Historical,1988_1998
82511,1996-02-01,1996,UNKNOWN,PRINCE GEORGE,Moose,UNKNOWN,UNKNOWN,1,54.147382,-122.624143,19,Old - Historical,1988_1998
82516,1996-02-01,1996,UNKNOWN,PRINCE GEORGE,Moose,UNKNOWN,UNKNOWN,1,53.880866,-122.180577,19,Old - Historical,1988_1998
82517,1996-02-01,1996,UNKNOWN,PRINCE GEORGE,Moose,UNKNOWN,UNKNOWN,1,53.817568,-123.07108,19,Old - Historical,1988_1998
82518,1996-03-01,1996,UNKNOWN,PRINCE GEORGE,Deer,UNKNOWN,UNKNOWN,1,53.87678,-122.736316,19,Old - Historical,1988_1998
82519,1996-03-01,1996,UNKNOWN,PRINCE GEORGE,Moose,UNKNOWN,UNKNOWN,1,53.864809,-122.792552,19,Old - Historical,1988_1998
82520,1996-04-01,1996,UNKNOWN,PRINCE GEORGE,Moose,UNKNOWN,UNKNOWN,1,53.876932,-122.272637,19,Old - Historical,1988_1998
82521,1996-04-01,1996,UNKNOWN,PRINCE GEORGE,Deer,UNKNOWN,UNKNOWN,1,53.866257,-123.29253,19,Old - Historical,1988_1998
82525,1997-01-01,1997,UNKNOWN,PRINCE GEORGE,Moose,UNKNOWN,ADULT,1,53.881917,-122.215528,19,Old - Historical,1988_1998
82526,1997-01-01,1997,UNKNOWN,PRINCE GEORGE,Moose,UNKNOWN,ADULT,1,53.881917,-122.215528,19,Old - Historical,1988_1998
82527,1997-01-01,1997,UNKNOWN,PRINCE GEORGE,Moose,UNKNOWN,YOUNG,1,53.885545,-122.284918,19,Old - Historical,1988_1998
82528,1997-01-01,1997,UNKNOWN,PRINCE GEORGE,Moose,UNKNOWN,ADULT,1,53.883509,-122.149113,19,Old - Historical,1988_1998
82529,1997-01-01,1997,UNKNOWN,PRINCE GEORGE,Moose,UNKNOWN,UNKNOWN,1,53.916387,-121.795146,19,Old - Historical,1988_1998
82530,1997-01-01,1997,UNKNOWN,PRINCE GEORGE,Moose,UNKNOWN,UNKNOWN,1,53.850534,-121.455707,19,Old - Historical,1988_1998
82531,1997-01-01,1997,UNKNOWN,PRINCE GEORGE,Moose,UNKNOWN,UNKNOWN,1,53.803956,-121.319531,19,Old - Historical,1988_1998
82533,1997-01-01,1997,UNKNOWN,PRINCE GEORGE,Moose,UNKNOWN,UNKNOWN,1,54.0149,-122.486605,19,Old - Historical,1988_1998
82534,1997-01-01,1997,UNKNOWN,PRINCE GEORGE,Moose,UNKNOWN,UNKNOWN,1,53.742886,-122.655913,19,Old - Historical,1988_1998
82535,1997-01-01,1997,UNKNOWN,PRINCE GEORGE,Moose,UNKNOWN,YOUNG,1,54.093041,-122.686034,19,Old - Historical,1988_1998
82536,1997-02-01,1997,UNKNOWN,PRINCE GEORGE,Deer,UNKNOWN,UNKNOWN,1,53.829518,-121.382682,19,Old - Historical,1988_1998
80172,2001-05-01,2001,UNKNOWN,prince george,Deer,UNKNOWN,ADULT,1,53.018601,-122.49494,18,Old - Historical,1998_2008
82738,2002-01-01,2002,UNKNOWN,PRINCE GEORGE,Moose,UNKNOWN,UNKNOWN,1,53.81996,-121.352679,19,Old - Historical,1998_2008
82739,2002-01-01,2002,UNKNOWN,PRINCE GEORGE,Moose,UNKNOWN,UNKNOWN,1,53.85382,-121.469686,19,Old - Historical,1998_2008
82746,2002-01-12,2002,UNKNOWN,PRINCE GEORGE,Moose,UNKNOWN,UNKNOWN,1,53.81996,-121.352679,19,Old - Historical,1998_2008
82747,2002-01-12,2002,UNKNOWN,PRINCE GEORGE,Moose,UNKNOWN,UNKNOWN,1,53.85382,-121.469686,19,Old - Historical,1998_2008
82748,2002-02-11,2002,UNKNOWN,PRINCE GEORGE,Moose,UNKNOWN,UNKNOWN,1,53.878832,-122.24253,19,Old - Historical,1998_2008
82749,2002-05-01,2002,UNKNOWN,PRINCE GEORGE,Deer,UNKNOWN,UNKNOWN,1,53.836721,-122.683157,19,Old - Historical,1998_2008
82750,2002-06-17,2002,UNKNOWN,PRINCE GEORGE,Moose,UNKNOWN,UNKNOWN,1,53.81749,-123.050721,19,Old - Historical,1998_2008
82751,2002-06-26,2002,UNKNOWN,PRINCE GEORGE,Deer,UNKNOWN,UNKNOWN,1,53.842174,-123.1764,19,Old - Historical,1998_2008
82752,2002-06-30,2002,UNKNOWN,PRINCE GEORGE,Fox,UNKNOWN,UNKNOWN,1,53.809035,-122.94112,19,Old - Historical,1998_2008
82753,2002-07-10,2002,UNKNOWN,PRINCE GEORGE,Moose,UNKNOWN,UNKNOWN,1,54.022301,-122.784694,19,Old - Historical,1998_2008
82754,2002-07-11,2002,UNKNOWN,PRINCE GEORGE,Moose,UNKNOWN,UNKNOWN,1,53.909078,-122.337578,19,Old - Historical,1998_2008
82755,2002-07-16,2002,UNKNOWN,PRINCE GEORGE,Moose,UNKNOWN,UNKNOWN,1,54.625972,-122.703166,19,Old - Historical,1998_2008
82756,2002-07-22,2002,UNKNOWN,PRINCE GEORGE,Deer,UNKNOWN,UNKNOWN,1,53.84336072,-123.1811448,19,Old - Historical,1998_2008
82757,2002-08-12,2002,UNKNOWN,PRINCE GEORGE,Moose,UNKNOWN,UNKNOWN,1,53.866491,-123.328163,19,Old - Historical,1998_2008
82758,2002-08-13,2002,UNKNOWN,PRINCE GEORGE,Moose,UNKNOWN,UNKNOWN,1,53.861358,-123.231271,19,Old - Historical,1998_2008
82759,2002-08-16,2002,UNKNOWN,PRINCE GEORGE,Moose,UNKNOWN,UNKNOWN,1,53.808854,-122.98486,19,Old - Historical,1998_2008
82760,2002-08-26,2002,UNKNOWN,PRINCE GEORGE,Deer,UNKNOWN,UNKNOWN,1,53.817484,-123.049506,19,Old - Historical,1998_2008
82761,2002-10-09,2002,UNKNOWN,PRINCE GEORGE,Moose,UNKNOWN,UNKNOWN,1,53.832557,-122.676454,19,Old - Historical,1998_2008
82762,2002-10-29,2002,UNKNOWN,PRINCE GEORGE,Deer,UNKNOWN,UNKNOWN,1,53.821569,-123.093639,19,Old - Historical,1998_2008
82763,2002-10-29,2002,UNKNOWN,PRINCE GEORGE,Moose,UNKNOWN,UNKNOWN,2,53.507507,-122.99289,19,Old - Historical,1998_2008
82764,2002-11-06,2002,UNKNOWN,PRINCE GEORGE,Deer,UNKNOWN,UNKNOWN,1,53.823956,-123.103214,19,Old - Historical,1998_2008
82765,2002-12-01,2002,UNKNOWN,PRINCE GEORGE,Deer,UNKNOWN,UNKNOWN,1,53.906928,-122.707426,19,Old - Historical,1998_2008
82766,2002-12-08,2002,UNKNOWN,PRINCE GEORGE,Moose,UNKNOWN,UNKNOWN,1,53.776193,-122.656167,19,Old - Historical,1998_2008
82767,2002-12-31,2002,UNKNOWN,PRINCE GEORGE,Moose,UNKNOWN,UNKNOWN,1,53.829455,-122.850728,19,Old - Historical,1998_2008
82787,2004-05-26,2004,UNKNOWN,PRINCE GEORGE,Moose,UNKNOWN,UNKNOWN,1,53.91305556,-122.7452778,19,Old - Historical,1998_2008
82786,2004-05-27,2004,UNKNOWN,PRINCE GEORGE,Deer,UNKNOWN,UNKNOWN,1,54.061357,-122.72823,19,Old - Historical,1998_2008
82788,2004-05-31,2004,UNKNOWN,PRINCE GEORGE,Moose,UNKNOWN,UNKNOWN,1,53.91305556,-122.7452778,19,Old - Historical,1998_2008
82799,2004-07-03,2004,UNKNOWN,PRINCE GEORGE,Bear,UNKNOWN,UNKNOWN,1,53.86619,-123.29014,19,Old - Historical,1998_2008
82800,2004-07-04,2004,UNKNOWN,PRINCE GEORGE,Moose,UNKNOWN,UNKNOWN,1,53.817496,-123.052241,19,Old - Historical,1998_2008
82797,2004-07-08,2004,UNKNOWN,PRINCE GEORGE,Moose,UNKNOWN,UNKNOWN,1,53.829315,-123.124718,19,Old - Historical,1998_2008
82793,2004-07-09,2004,UNKNOWN,PRINCE GEORGE,Moose,UNKNOWN,UNKNOWN,1,53.916619,-121.738081,19,Old - Historical,1998_2008
82798,2004-07-17,2004,UNKNOWN,PRINCE GEORGE,Moose,UNKNOWN,UNKNOWN,1,53.866478,-123.352556,19,Old - Historical,1998_2008
82796,2004-07-18,2004,UNKNOWN,PRINCE GEORGE,Deer,UNKNOWN,UNKNOWN,1,53.94617,-122.762544,19,Old - Historical,1998_2008
82795,2004-07-20,2004,UNKNOWN,PRINCE GEORGE,Bear,UNKNOWN,UNKNOWN,1,53.753323,-121.197946,19,Old - Historical,1998_2008
82812,2004-10-15,2004,UNKNOWN,PRINCE GEORGE,Moose,UNKNOWN,UNKNOWN,1,53.918094,-121.870043,19,Old - Historical,1998_2008
82813,2004-10-22,2004,UNKNOWN,PRINCE GEORGE,Moose,UNKNOWN,UNKNOWN,1,53.916943,-121.741231,19,Old - Historical,1998_2008
82822,2004-11-02,2004,UNKNOWN,PRINCE GEORGE,Moose,UNKNOWN,UNKNOWN,1,54.250093,-122.618484,19,Old - Historical,1998_2008
82814,2004-11-06,2004,UNKNOWN,PRINCE GEORGE,Moose,UNKNOWN,UNKNOWN,1,53.918609,-121.776054,19,Old - Historical,1998_2008
82815,2004-11-19,2004,UNKNOWN,PRINCE GEORGE,Moose,UNKNOWN,UNKNOWN,1,53.900281,-122.013798,19,Old - Historical,1998_2008
82816,2004-11-22,2004,UNKNOWN,PRINCE GEORGE,Deer,UNKNOWN,UNKNOWN,1,53.716127,-121.11154,19,Old - Historical,1998_2008
82834,2004-12-08,2004,UNKNOWN,PRINCE GEORGE,Moose,UNKNOWN,UNKNOWN,1,53.802958,-121.313698,19,Old - Historical,1998_2008
82835,2004-12-09,2004,UNKNOWN,PRINCE GEORGE,Moose,UNKNOWN,UNKNOWN,1,53.772755,-121.231754,19,Old - Historical,1998_2008
82836,2004-12-10,2004,UNKNOWN,PRINCE GEORGE,Moose,UNKNOWN,UNKNOWN,1,53.854246,-121.47247,19,Old - Historical,1998_2008
82844,2005-01-03,2005,UNKNOWN,Prince George,Moose,UNKNOWN,UNKNOWN,1,53.88044582,-122.2783136,19,Old - Historical,1998_2008
82843,2005-01-10,2005,UNKNOWN,Prince George,Deer,UNKNOWN,UNKNOWN,1,53.660842,-120.892541,19,Old - Historical,1998_2008
82845,2005-01-10,2005,UNKNOWN,Prince George,Moose,UNKNOWN,UNKNOWN,1,53.943762,-122.482723,19,Old - Historical,1998_2008
82855,2005-02-14,2005,UNKNOWN,Prince George,Moose,UNKNOWN,UNKNOWN,1,54.099027,-122.663843,19,Old - Historical,1998_2008
82853,2005-02-20,2005,UNKNOWN,Prince George,Deer,UNKNOWN,UNKNOWN,1,53.634103,-122.663738,19,Old - Historical,1998_2008
82854,2005-02-22,2005,UNKNOWN,Prince George,Deer,UNKNOWN,UNKNOWN,1,53.633357,-122.663743,19,Old - Historical,1998_2008
82865,2005-03-03,2005,UNKNOWN,Prince George,Deer,UNKNOWN,UNKNOWN,2,53.9311,-122.7645,19,Old - Historical,1998_2008
82870,2005-03-08,2005,UNKNOWN,Prince George,Deer,UNKNOWN,UNKNOWN,1,53.832573,-123.137805,19,Old - Historical,1998_2008
82861,2005-03-10,2005,UNKNOWN,Prince George,Deer,UNKNOWN,UNKNOWN,1,53.850678,-122.705984,19,Old - Historical,1998_2008
82873,2005-03-10,2005,UNKNOWN,Prince George,Moose,UNKNOWN,UNKNOWN,1,53.894117,-121.984851,19,Old - Historical,1998_2008
82866,2005-03-11,2005,UNKNOWN,Prince George,Moose,UNKNOWN,UNKNOWN,1,53.945818,-122.76242,19,Old - Historical,1998_2008
82868,2005-03-11,2005,UNKNOWN,Prince George,Moose,UNKNOWN,UNKNOWN,1,53.859614,-122.656552,19,Old - Historical,1998_2008
82871,2005-03-11,2005,UNKNOWN,Prince George,Moose,UNKNOWN,UNKNOWN,1,53.850371,-122.823474,19,Old - Historical,1998_2008
82872,2005-03-15,2005,UNKNOWN,Prince George,Moose,UNKNOWN,UNKNOWN,1,53.810906,-122.97211,19,Old - Historical,1998_2008
82867,2005-03-16,2005,UNKNOWN,Prince George,Moose,UNKNOWN,UNKNOWN,1,54.003637,-122.801015,19,Old - Historical,1998_2008
82862,2005-03-24,2005,UNKNOWN,Prince George,Moose,UNKNOWN,UNKNOWN,1,53.85714,-122.71655,19,Old - Historical,1998_2008
82863,2005-03-27,2005,UNKNOWN,Prince George,Deer,UNKNOWN,UNKNOWN,1,53.742882,-122.655901,19,Old - Historical,1998_2008
82876,2005-04-03,2005,UNKNOWN,Prince George,Moose,UNKNOWN,UNKNOWN,1,53.865243,-122.790392,19,Old - Historical,1998_2008
82874,2005-04-10,2005,UNKNOWN,Prince George,Deer,UNKNOWN,UNKNOWN,1,54.060101,-122.730418,19,Old - Historical,1998_2008
82877,2005-04-11,2005,UNKNOWN,Prince George,Moose,UNKNOWN,UNKNOWN,1,53.809595,-122.937129,19,Old - Historical,1998_2008
82878,2005-04-11,2005,UNKNOWN,Prince George,Moose,UNKNOWN,UNKNOWN,1,53.812013,-122.927832,19,Old - Historical,1998_2008
82875,2005-04-30,2005,UNKNOWN,Prince George,Deer,UNKNOWN,UNKNOWN,2,53.93406,-122.758265,19,Old - Historical,1998_2008
82887,2005-05-02,2005,UNKNOWN,Prince George,Deer,UNKNOWN,UNKNOWN,1,53.943331,-122.446399,19,Old - Historical,1998_2008
82888,2005-05-05,2005,UNKNOWN,Prince George,Deer,UNKNOWN,UNKNOWN,1,53.879388,-122.21124,19,Old - Historical,1998_2008
85690,2005-05-18,2005,UNKNOWN,Prince George,Moose,UNKNOWN,UNKNOWN,1,52.97793149,-119.4080968,20,Old - Historical,1998_2008
81365,2005-05-20,2005,UNKNOWN,Prince George,Deer,UNKNOWN,UNKNOWN,1,53.300255,-123.135568,18,Old - Historical,1998_2008
82889,2005-06-05,2005,UNKNOWN,Prince George,Moose,UNKNOWN,UNKNOWN,1,54.715944,-122.787104,19,Old - Historical,1998_2008
82893,2005-06-10,2005,UNKNOWN,Prince George,Moose,UNKNOWN,UNKNOWN,1,53.91841,-121.780609,19,Old - Historical,1998_2008
82894,2005-06-14,2005,UNKNOWN,Prince George,Bear,UNKNOWN,UNKNOWN,1,53.918784,-121.759231,19,Old - Historical,1998_2008
82890,2005-06-17,2005,UNKNOWN,Prince George,Moose,UNKNOWN,UNKNOWN,1,54.759278,-122.802558,19,Old - Historical,1998_2008
94088,2005-06-18,2005,UNKNOWN,Prince George,Deer,UNKNOWN,UNKNOWN,1,53.984487,-123.990327,23,Old - Historical,1998_2008
82895,2005-06-23,2005,UNKNOWN,Prince George,Deer,UNKNOWN,UNKNOWN,1,53.707804,-121.048373,19,Old - Historical,1998_2008
82892,2005-06-27,2005,UNKNOWN,Prince George,Deer,UNKNOWN,UNKNOWN,1,53.819056,-123.083561,19,Old - Historical,1998_2008
82898,2005-07-16,2005,UNKNOWN,Prince George,Moose,UNKNOWN,UNKNOWN,1,54.096575,-122.679824,19,Old - Historical,1998_2008
82900,2005-07-17,2005,UNKNOWN,Prince George,Deer,UNKNOWN,UNKNOWN,1,53.881809,-122.769891,19,Old - Historical,1998_2008
82902,2005-08-10,2005,UNKNOWN,Prince George,Fox,UNKNOWN,UNKNOWN,1,53.836721,-122.683157,19,Old - Historical,1998_2008
82904,2005-08-18,2005,UNKNOWN,Prince George,Coyote,UNKNOWN,UNKNOWN,1,53.791689,-121.267894,19,Old - Historical,1998_2008
82903,2005-08-26,2005,UNKNOWN,Prince George,Moose,UNKNOWN,UNKNOWN,1,54.172036,-122.609883,19,Old - Historical,1998_2008
82905,2005-08-31,2005,UNKNOWN,Prince George,Moose,UNKNOWN,UNKNOWN,1,53.881846,-122.215248,19,Old - Historical,1998_2008
82917,2005-09-02,2005,UNKNOWN,Prince George,Moose,UNKNOWN,UNKNOWN,1,53.881755,-122.21499,19,Old - Historical,1998_2008
82906,2005-09-04,2005,UNKNOWN,Prince George,Deer,UNKNOWN,UNKNOWN,1,53.853088,-122.709982,19,Old - Historical,1998_2008
82908,2005-09-06,2005,UNKNOWN,Prince George,Bear,UNKNOWN,UNKNOWN,1,53.836721,-122.683157,19,Old - Historical,1998_2008
82915,2005-09-06,2005,UNKNOWN,Prince George,Deer,UNKNOWN,UNKNOWN,1,53.906292,-122.710285,19,Old - Historical,1998_2008
82907,2005-09-10,2005,UNKNOWN,Prince George,Moose,UNKNOWN,UNKNOWN,1,53.808488,-122.656364,19,Old - Historical,1998_2008
82918,2005-09-12,2005,UNKNOWN,Prince George,Bear,UNKNOWN,UNKNOWN,1,53.847859,-121.444424,19,Old - Historical,1998_2008
82919,2005-09-16,2005,UNKNOWN,Prince George,Bear,UNKNOWN,UNKNOWN,1,53.822003,-121.355643,19,Old - Historical,1998_2008
82912,2005-09-23,2005,UNKNOWN,Prince George,Moose,UNKNOWN,UNKNOWN,1,53.876637,-123.40152,19,Old - Historical,1998_2008
82913,2005-09-23,2005,UNKNOWN,Prince George,Deer,UNKNOWN,UNKNOWN,1,53.866665,-123.353388,19,Old - Historical,1998_2008
82911,2005-09-30,2005,UNKNOWN,Prince George,Coyote,UNKNOWN,UNKNOWN,1,54.083989,-122.696052,19,Old - Historical,1998_2008
82914,2005-09-30,2005,UNKNOWN,Prince George,Bear,UNKNOWN,UNKNOWN,1,53.817484,-123.049506,19,Old - Historical,1998_2008
82916,2005-09-30,2005,UNKNOWN,Prince George,Deer,UNKNOWN,UNKNOWN,1,53.906292,-122.710285,19,Old - Historical,1998_2008
82920,2005-10-05,2005,UNKNOWN,Prince George,Moose,UNKNOWN,UNKNOWN,1,53.742882,-122.655901,19,Old - Historical,1998_2008
82921,2005-10-30,2005,UNKNOWN,Prince George,Deer,UNKNOWN,UNKNOWN,1,53.967298,-122.767211,19,Old - Historical,1998_2008
82922,2005-10-31,2005,UNKNOWN,Prince George,Deer,UNKNOWN,UNKNOWN,1,54.147382,-122.624143,19,Old - Historical,1998_2008
82930,2005-11-01,2005,UNKNOWN,Prince George,Deer,UNKNOWN,UNKNOWN,1,53.82412,-122.869651,19,Old - Historical,1998_2008
82931,2005-11-10,2005,UNKNOWN,Prince George,Moose,UNKNOWN,UNKNOWN,1,53.865072,-121.532397,19,Old - Historical,1998_2008
82932,2005-11-10,2005,UNKNOWN,Prince George,Moose,UNKNOWN,UNKNOWN,1,53.918175,-121.753229,19,Old - Historical,1998_2008
82927,2005-11-16,2005,UNKNOWN,Prince George,Deer,UNKNOWN,UNKNOWN,1,54.227553,-122.605069,19,Old - Historical,1998_2008
82928,2005-11-27,2005,UNKNOWN,Prince George,Moose,UNKNOWN,UNKNOWN,1,54.218698,-122.603971,19,Old - Historical,1998_2008
82929,2005-11-29,2005,UNKNOWN,Prince George,Moose,UNKNOWN,UNKNOWN,1,54.210721,-122.603385,19,Old - Historical,1998_2008
82942,2005-12-04,2005,UNKNOWN,Prince George,Moose,UNKNOWN,UNKNOWN,1,53.905772,-121.904009,19,Old - Historical,1998_2008
82946,2005-12-08,2005,UNKNOWN,Prince George,Moose,UNKNOWN,UNKNOWN,1,53.655421,-120.88456,19,Old - Historical,1998_2008
82943,2005-12-09,2005,UNKNOWN,Prince George,Moose,UNKNOWN,UNKNOWN,1,53.77857,-121.241222,19,Old - Historical,1998_2008
82940,2005-12-10,2005,UNKNOWN,Prince George,Moose,UNKNOWN,UNKNOWN,1,53.865519,-123.266278,19,Old - Historical,1998_2008
82941,2005-12-10,2005,UNKNOWN,Prince George,Moose,UNKNOWN,UNKNOWN,1,53.868783,-122.780547,19,Old - Historical,1998_2008
94089,2005-12-13,2005,UNKNOWN,Prince George,Deer,UNKNOWN,UNKNOWN,1,53.892143,-123.537585,23,Old - Historical,1998_2008
82944,2005-12-14,2005,UNKNOWN,Prince George,Moose,UNKNOWN,UNKNOWN,1,53.865587,-121.533824,19,Old - Historical,1998_2008
82933,2005-12-18,2005,UNKNOWN,Prince George,Deer,UNKNOWN,UNKNOWN,1,53.736063,-122.65586,19,Old - Historical,1998_2008
82945,2005-12-20,2005,UNKNOWN,Prince George,Moose,UNKNOWN,UNKNOWN,1,53.753323,-121.197946,19,Old - Historical,1998_2008
82947,2005-12-23,2005,UNKNOWN,Prince George,Moose,UNKNOWN,UNKNOWN,1,53.707804,-121.048373,19,Old - Historical,1998_2008
82970,2006-01-01,2006,UNKNOWN,Prince George,Moose,UNKNOWN,UNKNOWN,1,53.757688,-122.655929,19,Old - Historical,1998_2008
82971,2006-01-16,2006,UNKNOWN,Prince George,Moose,UNKNOWN,UNKNOWN,1,53.743784,-122.655918,19,Old - Historical,1998_2008
82967,2006-01-17,2006,UNKNOWN,Prince George,Moose,UNKNOWN,UNKNOWN,1,53.831007,-122.845593,19,Old - Historical,1998_2008
82968,2006-01-19,2006,UNKNOWN,Prince George,Moose,UNKNOWN,UNKNOWN,1,53.866665,-123.353388,19,Old - Historical,1998_2008
82972,2006-01-22,2006,UNKNOWN,Prince George,Deer,UNKNOWN,UNKNOWN,1,53.691988,-122.669965,19,Old - Historical,1998_2008
82969,2006-01-27,2006,UNKNOWN,Prince George,Moose,UNKNOWN,UNKNOWN,1,53.855746,-123.21686,19,Old - Historical,1998_2008
81559,2006-02-20,2006,UNKNOWN,Prince George,Moose,UNKNOWN,UNKNOWN,1,53.278017,-122.482943,18,Old - Historical,1998_2008
81560,2006-02-20,2006,UNKNOWN,Prince George,Moose,UNKNOWN,UNKNOWN,1,53.423417,-123.03369,18,Old - Historical,1998_2008
82977,2006-02-26,2006,UNKNOWN,Prince George,Deer,UNKNOWN,UNKNOWN,1,53.541027,-120.725105,19,Old - Historical,1998_2008
82978,2006-03-03,2006,UNKNOWN,Prince George,Moose,UNKNOWN,UNKNOWN,1,53.853088,-122.709982,19,Old - Historical,1998_2008
82981,2006-03-10,2006,UNKNOWN,Prince George,Deer,UNKNOWN,UNKNOWN,1,53.679522,-122.925533,19,Old - Historical,1998_2008
82979,2006-03-12,2006,UNKNOWN,Prince George,Moose,UNKNOWN,UNKNOWN,1,54.056871,-122.735973,19,Old - Historical,1998_2008
82980,2006-03-27,2006,UNKNOWN,Prince George,Moose,UNKNOWN,UNKNOWN,1,53.933319,-122.758913,19,Old - Historical,1998_2008
82983,2006-04-06,2006,UNKNOWN,Prince George,Moose,UNKNOWN,UNKNOWN,1,54.043057,-122.755454,19,Old - Historical,1998_2008
82994,2006-05-15,2006,UNKNOWN,Prince George,Deer,UNKNOWN,UNKNOWN,1,53.809783,-122.979149,19,Old - Historical,1998_2008
82989,2006-05-30,2006,UNKNOWN,Prince George,Bear,UNKNOWN,UNKNOWN,1,53.857528,-122.717184,19,Old - Historical,1998_2008
83004,2006-06-13,2006,UNKNOWN,Prince George,Moose,UNKNOWN,UNKNOWN,1,53.900552,-122.314496,19,Old - Historical,1998_2008
83005,2006-06-13,2006,UNKNOWN,Prince George,Moose,UNKNOWN,UNKNOWN,1,53.867619,-121.565713,19,Old - Historical,1998_2008
83006,2006-06-13,2006,UNKNOWN,Prince George,Bear,UNKNOWN,UNKNOWN,1,53.866695,-121.559751,19,Old - Historical,1998_2008
83007,2006-06-13,2006,UNKNOWN,Prince George,Moose,UNKNOWN,UNKNOWN,1,53.733017,-121.16125,19,Old - Historical,1998_2008
82995,2006-06-14,2006,UNKNOWN,Prince George,Moose,UNKNOWN,UNKNOWN,1,53.742882,-122.655901,19,Old - Historical,1998_2008
82996,2006-06-15,2006,UNKNOWN,Prince George,Beaver,UNKNOWN,UNKNOWN,1,53.855524,-122.713908,19,Old - Historical,1998_2008
83015,2006-07-04,2006,UNKNOWN,Prince George,Moose,UNKNOWN,UNKNOWN,1,53.936575,-122.412176,19,Old - Historical,1998_2008
83014,2006-07-25,2006,UNKNOWN,Prince George,Deer,UNKNOWN,UNKNOWN,1,53.68506,-122.917237,19,Old - Historical,1998_2008
83016,2006-08-01,2006,UNKNOWN,Prince George,Moose,UNKNOWN,UNKNOWN,1,53.742882,-122.655901,19,Old - Historical,1998_2008
83017,2006-08-01,2006,UNKNOWN,Prince George,Moose,UNKNOWN,UNKNOWN,1,53.853088,-122.709982,19,Old - Historical,1998_2008
83018,2006-08-01,2006,UNKNOWN,Prince George,Bear,UNKNOWN,UNKNOWN,1,54.083075,-122.697238,19,Old - Historical,1998_2008
83021,2006-08-01,2006,UNKNOWN,Prince George,Moose,UNKNOWN,UNKNOWN,1,53.832573,-123.137805,19,Old - Historical,1998_2008
83022,2006-08-01,2006,UNKNOWN,Prince George,Moose,UNKNOWN,UNKNOWN,1,53.855746,-123.21686,19,Old - Historical,1998_2008
83024,2006-08-01,2006,UNKNOWN,Prince George,Moose,UNKNOWN,UNKNOWN,1,53.863559,-121.525394,19,Old - Historical,1998_2008
83025,2006-08-01,2006,UNKNOWN,Prince George,Moose,UNKNOWN,UNKNOWN,1,53.826525,-121.368577,19,Old - Historical,1998_2008
83023,2006-08-11,2006,UNKNOWN,Prince George,Deer,UNKNOWN,UNKNOWN,1,53.809092,-122.983396,19,Old - Historical,1998_2008
83031,2006-09-06,2006,UNKNOWN,Prince George,Deer,UNKNOWN,UNKNOWN,1,53.808887,-122.991825,19,Old - Historical,1998_2008
83032,2006-09-10,2006,UNKNOWN,Prince George,Deer,UNKNOWN,UNKNOWN,1,53.823956,-123.103214,19,Old - Historical,1998_2008
83026,2006-09-11,2006,UNKNOWN,Prince George,Deer,UNKNOWN,UNKNOWN,1,53.770059,-122.656101,19,Old - Historical,1998_2008
83033,2006-09-11,2006,UNKNOWN,Prince George,Moose,UNKNOWN,UNKNOWN,1,53.819056,-123.083561,19,Old - Historical,1998_2008
83034,2006-09-11,2006,UNKNOWN,Prince George,Moose,UNKNOWN,UNKNOWN,1,53.819056,-123.083561,19,Old - Historical,1998_2008
83035,2006-09-15,2006,UNKNOWN,Prince George,Deer,UNKNOWN,UNKNOWN,1,53.86684,-123.313235,19,Old - Historical,1998_2008
83036,2006-09-25,2006,UNKNOWN,Prince George,Deer,UNKNOWN,UNKNOWN,1,53.865519,-123.266278,19,Old - Historical,1998_2008
83037,2006-09-25,2006,UNKNOWN,Prince George,Moose,UNKNOWN,UNKNOWN,1,53.861324,-121.50254,19,Old - Historical,1998_2008
83038,2006-09-25,2006,UNKNOWN,Prince George,Moose,UNKNOWN,ADULT,1,53.861324,-121.50254,19,Old - Historical,1998_2008
83056,2006-10-01,2006,UNKNOWN,Prince George,Moose,UNKNOWN,UNKNOWN,1,53.710243,-122.895591,19,Old - Historical,1998_2008
83039,2006-10-06,2006,UNKNOWN,Prince George,Buffalo,UNKNOWN,UNKNOWN,1,53.736063,-122.65586,19,Old - Historical,1998_2008
83049,2006-10-06,2006,UNKNOWN,Prince George,Deer,UNKNOWN,UNKNOWN,1,53.810567,-122.974328,19,Old - Historical,1998_2008
83050,2006-10-06,2006,UNKNOWN,Prince George,Deer,UNKNOWN,UNKNOWN,1,53.81749,-123.050721,19,Old - Historical,1998_2008
83051,2006-10-06,2006,UNKNOWN,Prince George,Deer,UNKNOWN,UNKNOWN,1,53.863742,-123.245788,19,Old - Historical,1998_2008
83054,2006-10-13,2006,UNKNOWN,Prince George,Deer,UNKNOWN,UNKNOWN,1,53.768499,-122.858951,19,Old - Historical,1998_2008
83055,2006-10-13,2006,UNKNOWN,Prince George,Moose,UNKNOWN,UNKNOWN,1,53.780316,-122.862308,19,Old - Historical,1998_2008
83040,2006-10-17,2006,UNKNOWN,Prince George,Deer,UNKNOWN,UNKNOWN,1,53.872998,-122.735257,19,Old - Historical,1998_2008
81561,2006-10-20,2006,UNKNOWN,Prince George,Moose,UNKNOWN,UNKNOWN,1,53.161769,-122.936276,18,Old - Historical,1998_2008
83041,2006-10-20,2006,UNKNOWN,Prince George,Deer,UNKNOWN,UNKNOWN,1,53.78544,-122.656222,19,Old - Historical,1998_2008
83052,2006-10-20,2006,UNKNOWN,Prince George,Deer,UNKNOWN,UNKNOWN,1,53.810106,-122.959137,19,Old - Historical,1998_2008
83042,2006-10-22,2006,UNKNOWN,Prince George,Deer,UNKNOWN,UNKNOWN,1,53.78544,-122.656222,19,Old - Historical,1998_2008
83057,2006-10-24,2006,UNKNOWN,Prince George,Moose,UNKNOWN,UNKNOWN,1,53.925757,-122.382831,19,Old - Historical,1998_2008
83053,2006-10-30,2006,UNKNOWN,Prince George,Deer,UNKNOWN,UNKNOWN,1,53.820788,-122.881459,19,Old - Historical,1998_2008
83058,2006-10-30,2006,UNKNOWN,Prince George,Moose,UNKNOWN,UNKNOWN,1,53.909006,-121.897275,19,Old - Historical,1998_2008
83061,2006-11-01,2006,UNKNOWN,Prince George,Deer,UNKNOWN,UNKNOWN,1,53.850211,-122.705218,19,Old - Historical,1998_2008
83062,2006-11-01,2006,UNKNOWN,Prince George,Deer,UNKNOWN,UNKNOWN,1,53.770059,-122.656101,19,Old - Historical,1998_2008
83072,2006-11-01,2006,UNKNOWN,Prince George,Moose,UNKNOWN,UNKNOWN,1,53.861483,-122.801196,19,Old - Historical,1998_2008
83063,2006-11-03,2006,UNKNOWN,Prince George,Deer,UNKNOWN,UNKNOWN,1,53.764343,-122.656054,19,Old - Historical,1998_2008
83064,2006-11-10,2006,UNKNOWN,Prince George,Moose,UNKNOWN,UNKNOWN,1,53.678838,-122.673902,19,Old - Historical,1998_2008
83073,2006-11-14,2006,UNKNOWN,Prince George,Moose,UNKNOWN,UNKNOWN,1,53.810106,-122.959137,19,Old - Historical,1998_2008
83066,2006-11-17,2006,UNKNOWN,Prince George,Moose,UNKNOWN,UNKNOWN,1,54.064495,-122.722759,19,Old - Historical,1998_2008
83088,2006-12-02,2006,UNKNOWN,Prince George,Moose,UNKNOWN,UNKNOWN,1,53.808183,-122.947076,19,Old - Historical,1998_2008
83089,2006-12-02,2006,UNKNOWN,Prince George,Deer,UNKNOWN,UNKNOWN,1,53.810567,-122.974328,19,Old - Historical,1998_2008
82949,2006-12-08,2006,UNKNOWN,Prince George,Moose,UNKNOWN,UNKNOWN,1,53.864366,-121.530281,19,Old - Historical,1998_2008
83078,2006-12-08,2006,UNKNOWN,Prince George,Moose,UNKNOWN,UNKNOWN,1,54.176655,-122.610694,19,Old - Historical,1998_2008
83079,2006-12-11,2006,UNKNOWN,Prince George,Moose,UNKNOWN,UNKNOWN,1,54.064495,-122.722759,19,Old - Historical,1998_2008
83080,2006-12-12,2006,UNKNOWN,Prince George,Moose,UNKNOWN,UNKNOWN,1,54.108755,-122.649782,19,Old - Historical,1998_2008
82950,2006-12-13,2006,UNKNOWN,Prince George,Moose,UNKNOWN,UNKNOWN,1,53.842428,-121.427797,19,Old - Historical,1998_2008
82951,2006-12-16,2006,UNKNOWN,Prince George,Moose,UNKNOWN,UNKNOWN,1,53.938049,-122.547394,19,Old - Historical,1998_2008
83084,2006-12-19,2006,UNKNOWN,Prince George,Deer,UNKNOWN,UNKNOWN,1,54.052336,-122.742911,19,Old - Historical,1998_2008
82952,2006-12-20,2006,UNKNOWN,Prince George,Moose,UNKNOWN,UNKNOWN,1,53.94333,-122.516213,19,Old - Historical,1998_2008
82953,2006-12-23,2006,UNKNOWN,Prince George,Moose,UNKNOWN,UNKNOWN,1,53.928559,-122.581018,19,Old - Historical,1998_2008
82954,2006-12-24,2006,UNKNOWN,Prince George,Moose,UNKNOWN,UNKNOWN,1,53.9179,-121.750529,19,Old - Historical,1998_2008
82955,2006-12-26,2006,UNKNOWN,Prince George,Moose,UNKNOWN,UNKNOWN,1,53.917761,-121.749179,19,Old - Historical,1998_2008
83085,2006-12-27,2006,UNKNOWN,Prince George,Deer,UNKNOWN,UNKNOWN,1,54.113755,-122.647071,19,Old - Historical,1998_2008
83086,2006-12-28,2006,UNKNOWN,Prince George,Deer,UNKNOWN,UNKNOWN,1,54.118681,-122.645219,19,Old - Historical,1998_2008
83087,2006-12-29,2006,UNKNOWN,Prince George,Moose,UNKNOWN,UNKNOWN,1,54.13868,-122.630545,19,Old - Historical,1998_2008
83094,2007-01-01,2007,UNKNOWN,Prince George,Deer,UNKNOWN,UNKNOWN,1,53.898464,-122.768567,19,Old - Historical,1998_2008
83116,2007-01-01,2007,UNKNOWN,Prince George,Deer,UNKNOWN,UNKNOWN,1,53.898464,-122.768567,19,Old - Historical,1998_2008
83093,2007-01-03,2007,UNKNOWN,Prince George,Deer,UNKNOWN,UNKNOWN,1,53.745203,-122.873005,19,Old - Historical,1998_2008
83115,2007-01-03,2007,UNKNOWN,Prince George,Deer,UNKNOWN,UNKNOWN,1,53.91305556,-122.7452778,19,Old - Historical,1998_2008
83095,2007-01-04,2007,UNKNOWN,Prince George,Deer,UNKNOWN,UNKNOWN,1,53.905315,-122.32739,19,Old - Historical,1998_2008
83117,2007-01-04,2007,UNKNOWN,Prince George,Deer,UNKNOWN,UNKNOWN,1,53.905315,-122.32739,19,Old - Historical,1998_2008
83096,2007-01-09,2007,UNKNOWN,Prince George,Moose,UNKNOWN,UNKNOWN,1,53.881562,-122.22268,19,Old - Historical,1998_2008
85822,2007-01-09,2007,UNKNOWN,Prince George,Moose,UNKNOWN,UNKNOWN,1,53.34232782,-120.2744536,20,Old - Historical,1998_2008
83092,2007-01-11,2007,UNKNOWN,Prince George,Moose,UNKNOWN,UNKNOWN,1,53.832573,-123.137805,19,Old - Historical,1998_2008
83114,2007-01-11,2007,UNKNOWN,Prince George,Moose,UNKNOWN,UNKNOWN,1,53.832573,-123.137805,19,Old - Historical,1998_2008
83097,2007-01-12,2007,UNKNOWN,Prince George,Moose,UNKNOWN,UNKNOWN,1,53.877144,-122.273149,19,Old - Historical,1998_2008
83118,2007-01-12,2007,UNKNOWN,Prince George,Moose,UNKNOWN,UNKNOWN,1,53.877144,-122.273149,19,Old - Historical,1998_2008
83090,2007-01-21,2007,UNKNOWN,Prince George,Moose,UNKNOWN,UNKNOWN,1,54.147382,-122.624143,19,Old - Historical,1998_2008
83112,2007-01-21,2007,UNKNOWN,Prince George,Moose,UNKNOWN,UNKNOWN,1,54.147382,-122.624143,19,Old - Historical,1998_2008
83098,2007-01-24,2007,UNKNOWN,Prince George,Deer,UNKNOWN,UNKNOWN,2,53.886904,-122.286671,19,Old - Historical,1998_2008
83119,2007-01-24,2007,UNKNOWN,Prince George,Deer,UNKNOWN,UNKNOWN,2,53.886904,-122.286671,19,Old - Historical,1998_2008
83091,2007-01-27,2007,UNKNOWN,Prince George,Deer,UNKNOWN,UNKNOWN,1,54.099027,-122.663843,19,Old - Historical,1998_2008
83113,2007-01-27,2007,UNKNOWN,Prince George,Deer,UNKNOWN,UNKNOWN,1,54.099027,-122.663843,19,Old - Historical,1998_2008
83102,2007-02-04,2007,UNKNOWN,Prince George,Moose,UNKNOWN,UNKNOWN,1,53.878871,-122.242042,19,Old - Historical,1998_2008
83123,2007-02-04,2007,UNKNOWN,Prince George,Moose,UNKNOWN,UNKNOWN,1,53.878871,-122.242042,19,Old - Historical,1998_2008
83099,2007-02-12,2007,UNKNOWN,Prince George,Moose,UNKNOWN,UNKNOWN,1,54.083075,-122.697238,19,Old - Historical,1998_2008
83120,2007-02-12,2007,UNKNOWN,Prince George,Moose,UNKNOWN,UNKNOWN,1,54.083075,-122.697238,19,Old - Historical,1998_2008
83101,2007-02-21,2007,UNKNOWN,Prince George,Fox,UNKNOWN,UNKNOWN,1,54.176655,-122.610694,19,Old - Historical,1998_2008
83122,2007-02-21,2007,UNKNOWN,Prince George,Fox,UNKNOWN,UNKNOWN,1,54.176655,-122.610694,19,Old - Historical,1998_2008
83104,2007-03-24,2007,UNKNOWN,Prince George,Moose,UNKNOWN,UNKNOWN,1,53.836721,-122.683157,19,Old - Historical,1998_2008
83125,2007-03-24,2007,UNKNOWN,Prince George,Moose,UNKNOWN,UNKNOWN,1,53.836721,-122.683157,19,Old - Historical,1998_2008
83105,2007-03-30,2007,UNKNOWN,Prince George,Elk,UNKNOWN,UNKNOWN,1,54.164878,-122.611237,19,Old - Historical,1998_2008
83126,2007-03-30,2007,UNKNOWN,Prince George,Elk,UNKNOWN,UNKNOWN,1,54.164878,-122.611237,19,Old - Historical,1998_2008
83131,2007-04-13,2007,UNKNOWN,Prince George,Moose,UNKNOWN,UNKNOWN,1,53.938631,-122.760053,19,Old - Historical,1998_2008
83132,2007-04-18,2007,UNKNOWN,Prince George,Deer,UNKNOWN,UNKNOWN,1,53.679991,-120.974368,19,Old - Historical,1998_2008
83146,2007-06-03,2007,UNKNOWN,Prince George,Deer,UNKNOWN,UNKNOWN,1,53.90835,-122.697651,19,Old - Historical,1998_2008
83147,2007-06-04,2007,UNKNOWN,Prince George,Moose,UNKNOWN,UNKNOWN,1,53.90856,-122.696009,19,Old - Historical,1998_2008
83148,2007-06-04,2007,UNKNOWN,Prince George,Moose,UNKNOWN,UNKNOWN,1,53.927496,-122.588346,19,Old - Historical,1998_2008
83140,2007-06-23,2007,UNKNOWN,Prince George,Deer,UNKNOWN,UNKNOWN,1,54.189602,-122.608048,19,Old - Historical,1998_2008
83143,2007-06-23,2007,UNKNOWN,Prince George,Deer,UNKNOWN,UNKNOWN,1,53.808212,-122.946877,19,Old - Historical,1998_2008
83144,2007-06-25,2007,UNKNOWN,Prince George,Moose,UNKNOWN,UNKNOWN,1,53.852057,-123.207615,19,Old - Historical,1998_2008
83141,2007-06-26,2007,UNKNOWN,Prince George,Moose,UNKNOWN,UNKNOWN,1,54.185342,-122.610471,19,Old - Historical,1998_2008
83145,2007-06-29,2007,UNKNOWN,Prince George,Moose,UNKNOWN,UNKNOWN,1,53.91305556,-122.7452778,19,Old - Historical,1998_2008
83149,2007-07-04,2007,UNKNOWN,Prince George,Moose,UNKNOWN,UNKNOWN,1,53.735704,-122.655857,19,Old - Historical,1998_2008
83162,2007-07-05,2007,UNKNOWN,Prince George,Deer,UNKNOWN,UNKNOWN,1,53.880246,-122.212066,19,Old - Historical,1998_2008
83150,2007-07-06,2007,UNKNOWN,Prince George,Moose,UNKNOWN,UNKNOWN,1,53.742882,-122.655901,19,Old - Historical,1998_2008
83158,2007-07-09,2007,UNKNOWN,Prince George,Moose,UNKNOWN,UNKNOWN,1,54.036833,-122.764235,19,Old - Historical,1998_2008
83151,2007-07-26,2007,UNKNOWN,Prince George,Moose,UNKNOWN,UNKNOWN,1,53.740193,-122.655892,19,Old - Historical,1998_2008
83163,2007-07-26,2007,UNKNOWN,Prince George,Moose,UNKNOWN,UNKNOWN,1,53.732027,-121.158367,19,Old - Historical,1998_2008
83164,2007-07-27,2007,UNKNOWN,Prince George,Deer,UNKNOWN,UNKNOWN,1,53.94363564,-122.5144095,19,Old - Historical,1998_2008
83169,2007-10-09,2007,UNKNOWN,Prince George,Bear,UNKNOWN,UNKNOWN,1,53.917715,-121.748729,19,Old - Historical,1998_2008
83170,2007-10-23,2007,UNKNOWN,Prince George,Deer,UNKNOWN,UNKNOWN,1,53.720066,-121.124314,19,Old - Historical,1998_2008
83178,2007-11-08,2007,UNKNOWN,Prince George,Moose,UNKNOWN,UNKNOWN,1,53.713504,-121.096685,19,Old - Historical,1998_2008
83179,2007-11-26,2007,UNKNOWN,Prince George,Moose,UNKNOWN,UNKNOWN,1,53.862214,-121.51476,19,Old - Historical,1998_2008
83173,2007-11-27,2007,UNKNOWN,Prince George,Moose,UNKNOWN,UNKNOWN,1,54.064683,-122.72243,19,Old - Historical,1998_2008
83189,2007-12-08,2007,UNKNOWN,Prince George,Moose,UNKNOWN,UNKNOWN,1,53.80081,-121.301158,19,Old - Historical,1998_2008
83190,2007-12-11,2007,UNKNOWN,Prince George,Moose,UNKNOWN,UNKNOWN,1,53.863708,-121.526343,19,Old - Historical,1998_2008
83183,2007-12-13,2007,UNKNOWN,Prince George,Moose,UNKNOWN,UNKNOWN,1,54.052336,-122.742911,19,Old - Historical,1998_2008
83191,2007-12-17,2007,UNKNOWN,Prince George,Moose,UNKNOWN,UNKNOWN,1,53.783092,-121.248589,19,Old - Historical,1998_2008
83192,2007-12-23,2007,UNKNOWN,Prince George,Moose,UNKNOWN,UNKNOWN,1,53.914739,-121.821141,19,Old - Historical,1998_2008
83193,2007-12-27,2007,UNKNOWN,Prince George,Moose,UNKNOWN,UNKNOWN,1,53.71131,-121.078296,19,Old - Historical,1998_2008
129551,2008-01-06,2008,UNKNOWN,PRINCE GEORGE,Deer,UNKNOWN,UNKNOWN,1,53.92037,-122.647898,19,Historical,2008_2018
129551,2008-01-06,2008,UNKNOWN,PRINCE GEORGE,Deer,UNKNOWN,UNKNOWN,1,53.92037,-122.647898,19,Historical,1998_2008
129552,2008-01-08,2008,UNKNOWN,PRINCE GEORGE,Moose,UNKNOWN,UNKNOWN,1,53.879617,-121.610955,19,Historical,2008_2018
129552,2008-01-08,2008,UNKNOWN,PRINCE GEORGE,Moose,UNKNOWN,UNKNOWN,1,53.879617,-121.610955,19,Historical,1998_2008
129547,2008-01-13,2008,UNKNOWN,PRINCE GEORGE,Moose,UNKNOWN,UNKNOWN,1,54.093041,-122.686034,19,Historical,2008_2018
129547,2008-01-13,2008,UNKNOWN,PRINCE GEORGE,Moose,UNKNOWN,UNKNOWN,1,54.093041,-122.686034,19,Historical,1998_2008
129553,2008-01-13,2008,UNKNOWN,PRINCE GEORGE,Deer,UNKNOWN,UNKNOWN,1,53.908438,-122.666653,19,Historical,2008_2018
129553,2008-01-13,2008,UNKNOWN,PRINCE GEORGE,Deer,UNKNOWN,UNKNOWN,1,53.908438,-122.666653,19,Historical,1998_2008
129550,2008-01-20,2008,UNKNOWN,PRINCE GEORGE,Moose,UNKNOWN,UNKNOWN,1,53.817568,-123.07108,19,Historical,2008_2018
129550,2008-01-20,2008,UNKNOWN,PRINCE GEORGE,Moose,UNKNOWN,UNKNOWN,1,53.817568,-123.07108,19,Historical,1998_2008
129548,2008-01-30,2008,UNKNOWN,PRINCE GEORGE,Moose,UNKNOWN,UNKNOWN,1,54.667022,-122.768696,19,Historical,2008_2018
129548,2008-01-30,2008,UNKNOWN,PRINCE GEORGE,Moose,UNKNOWN,UNKNOWN,1,54.667022,-122.768696,19,Historical,1998_2008
129558,2008-02-13,2008,UNKNOWN,PRINCE GEORGE,Moose,UNKNOWN,UNKNOWN,1,53.819056,-123.083561,19,Historical,2008_2018
129558,2008-02-13,2008,UNKNOWN,PRINCE GEORGE,Moose,UNKNOWN,UNKNOWN,1,53.819056,-123.083561,19,Historical,1998_2008
129559,2008-02-16,2008,UNKNOWN,PRINCE GEORGE,Moose,UNKNOWN,UNKNOWN,1,53.917533,-121.747395,19,Historical,2008_2018
129559,2008-02-16,2008,UNKNOWN,PRINCE GEORGE,Moose,UNKNOWN,UNKNOWN,1,53.917533,-121.747395,19,Historical,1998_2008
129560,2008-02-21,2008,UNKNOWN,PRINCE GEORGE,Moose,UNKNOWN,UNKNOWN,1,53.897125,-122.084902,19,Historical,2008_2018
129560,2008-02-21,2008,UNKNOWN,PRINCE GEORGE,Moose,UNKNOWN,UNKNOWN,1,53.897125,-122.084902,19,Historical,1998_2008
129561,2008-02-24,2008,UNKNOWN,PRINCE GEORGE,Moose,UNKNOWN,UNKNOWN,1,53.92037,-122.647898,19,Historical,2008_2018
129561,2008-02-24,2008,UNKNOWN,PRINCE GEORGE,Moose,UNKNOWN,UNKNOWN,1,53.92037,-122.647898,19,Historical,1998_2008
129563,2008-03-20,2008,UNKNOWN,PRINCE GEORGE,Deer,UNKNOWN,UNKNOWN,1,54.173644,-122.610173,19,Historical,2008_2018
129563,2008-03-20,2008,UNKNOWN,PRINCE GEORGE,Deer,UNKNOWN,UNKNOWN,1,54.173644,-122.610173,19,Historical,1998_2008
129564,2008-03-25,2008,UNKNOWN,PRINCE GEORGE,Moose,UNKNOWN,UNKNOWN,1,53.934497,-122.568005,19,Historical,2008_2018
129564,2008-03-25,2008,UNKNOWN,PRINCE GEORGE,Moose,UNKNOWN,UNKNOWN,1,53.934497,-122.568005,19,Historical,1998_2008
129562,2008-03-26,2008,UNKNOWN,PRINCE GEORGE,Deer,UNKNOWN,UNKNOWN,1,53.657524,-122.677348,19,Historical,2008_2018
129562,2008-03-26,2008,UNKNOWN,PRINCE GEORGE,Deer,UNKNOWN,UNKNOWN,1,53.657524,-122.677348,19,Historical,1998_2008
129566,2008-04-02,2008,UNKNOWN,PRINCE GEORGE,Elk,UNKNOWN,UNKNOWN,1,54.099835,-122.659048,19,Historical,2008_2018
129566,2008-04-02,2008,UNKNOWN,PRINCE GEORGE,Elk,UNKNOWN,UNKNOWN,1,54.099835,-122.659048,19,Historical,1998_2008
127358,2008-04-03,2008,UNKNOWN,PRINCE GEORGE,Deer,UNKNOWN,UNKNOWN,3,53.051536,-122.454799,18,Historical,2008_2018
127358,2008-04-03,2008,UNKNOWN,PRINCE GEORGE,Deer,UNKNOWN,UNKNOWN,3,53.051536,-122.454799,18,Historical,1998_2008
129568,2008-04-11,2008,UNKNOWN,PRINCE GEORGE,Deer,UNKNOWN,UNKNOWN,1,54.099958,-122.658445,19,Historical,2008_2018
129568,2008-04-11,2008,UNKNOWN,PRINCE GEORGE,Deer,UNKNOWN,UNKNOWN,1,54.099958,-122.658445,19,Historical,1998_2008
129569,2008-04-11,2008,UNKNOWN,PRINCE GEORGE,Elk,UNKNOWN,UNKNOWN,1,54.099958,-122.658445,19,Historical,2008_2018
129569,2008-04-11,2008,UNKNOWN,PRINCE GEORGE,Elk,UNKNOWN,UNKNOWN,1,54.099958,-122.658445,19,Historical,1998_2008
129565,2008-04-12,2008,UNKNOWN,PRINCE GEORGE,Beaver,UNKNOWN,UNKNOWN,1,53.84809,-122.701763,19,Historical,2008_2018
129565,2008-04-12,2008,UNKNOWN,PRINCE GEORGE,Beaver,UNKNOWN,UNKNOWN,1,53.84809,-122.701763,19,Historical,1998_2008
127359,2008-04-15,2008,UNKNOWN,PRINCE GEORGE,Deer,UNKNOWN,UNKNOWN,1,53.051536,-122.454799,18,Historical,2008_2018
127359,2008-04-15,2008,UNKNOWN,PRINCE GEORGE,Deer,UNKNOWN,UNKNOWN,1,53.051536,-122.454799,18,Historical,1998_2008
127360,2008-04-15,2008,UNKNOWN,PRINCE GEORGE,Deer,UNKNOWN,UNKNOWN,1,53.044034,-122.469968,18,Historical,2008_2018
127360,2008-04-15,2008,UNKNOWN,PRINCE GEORGE,Deer,UNKNOWN,UNKNOWN,1,53.044034,-122.469968,18,Historical,1998_2008
129572,2008-05-01,2008,UNKNOWN,PRINCE GEORGE,Moose,UNKNOWN,UNKNOWN,1,54.13868,-122.630545,19,Historical,2008_2018
129572,2008-05-01,2008,UNKNOWN,PRINCE GEORGE,Moose,UNKNOWN,UNKNOWN,1,54.13868,-122.630545,19,Historical,1998_2008
129573,2008-05-02,2008,UNKNOWN,PRINCE GEORGE,Moose,UNKNOWN,UNKNOWN,1,54.021884,-122.785276,19,Historical,2008_2018
129573,2008-05-02,2008,UNKNOWN,PRINCE GEORGE,Moose,UNKNOWN,UNKNOWN,1,54.021884,-122.785276,19,Historical,1998_2008
129570,2008-05-07,2008,UNKNOWN,PRINCE GEORGE,Deer,UNKNOWN,UNKNOWN,1,53.624758,-122.663522,19,Historical,2008_2018
129570,2008-05-07,2008,UNKNOWN,PRINCE GEORGE,Deer,UNKNOWN,UNKNOWN,1,53.624758,-122.663522,19,Historical,1998_2008
129574,2008-05-12,2008,UNKNOWN,PRINCE GEORGE,Deer,UNKNOWN,UNKNOWN,1,53.817541,-123.064091,19,Historical,2008_2018
129574,2008-05-12,2008,UNKNOWN,PRINCE GEORGE,Deer,UNKNOWN,UNKNOWN,1,53.817541,-123.064091,19,Historical,1998_2008
129575,2008-05-14,2008,UNKNOWN,PRINCE GEORGE,Moose,UNKNOWN,UNKNOWN,1,53.8684,-123.36935,19,Historical,2008_2018
129575,2008-05-14,2008,UNKNOWN,PRINCE GEORGE,Moose,UNKNOWN,UNKNOWN,1,53.8684,-123.36935,19,Historical,1998_2008
129576,2008-05-26,2008,UNKNOWN,PRINCE GEORGE,Deer,UNKNOWN,UNKNOWN,1,53.907039,-122.679461,19,Historical,2008_2018
129576,2008-05-26,2008,UNKNOWN,PRINCE GEORGE,Deer,UNKNOWN,UNKNOWN,1,53.907039,-122.679461,19,Historical,1998_2008
129571,2008-05-27,2008,UNKNOWN,PRINCE GEORGE,Deer,UNKNOWN,UNKNOWN,1,53.742882,-122.655901,19,Historical,2008_2018
129571,2008-05-27,2008,UNKNOWN,PRINCE GEORGE,Deer,UNKNOWN,UNKNOWN,1,53.742882,-122.655901,19,Historical,1998_2008
129577,2008-05-27,2008,UNKNOWN,PRINCE GEORGE,Bear,UNKNOWN,UNKNOWN,1,53.905659,-121.905971,19,Historical,2008_2018
129577,2008-05-27,2008,UNKNOWN,PRINCE GEORGE,Bear,UNKNOWN,UNKNOWN,1,53.905659,-121.905971,19,Historical,1998_2008
129578,2008-06-07,2008,UNKNOWN,PRINCE GEORGE,Moose,UNKNOWN,UNKNOWN,1,54.164978,-122.611188,19,Historical,2008_2018
129578,2008-06-07,2008,UNKNOWN,PRINCE GEORGE,Moose,UNKNOWN,UNKNOWN,1,54.164978,-122.611188,19,Historical,1998_2008
129585,2008-06-16,2008,UNKNOWN,PRINCE GEORGE,Moose,UNKNOWN,UNKNOWN,1,53.934497,-122.568005,19,Historical,2008_2018
129585,2008-06-16,2008,UNKNOWN,PRINCE GEORGE,Moose,UNKNOWN,UNKNOWN,1,53.934497,-122.568005,19,Historical,1998_2008
129582,2008-06-19,2008,UNKNOWN,PRINCE GEORGE,Moose,UNKNOWN,UNKNOWN,1,53.87003387,-122.7799441,19,Historical,2008_2018
129582,2008-06-19,2008,UNKNOWN,PRINCE GEORGE,Moose,UNKNOWN,UNKNOWN,1,53.87003387,-122.7799441,19,Historical,1998_2008
129583,2008-06-24,2008,UNKNOWN,PRINCE GEORGE,Moose,UNKNOWN,UNKNOWN,1,53.91305556,-122.7452778,19,Historical,2008_2018
129583,2008-06-24,2008,UNKNOWN,PRINCE GEORGE,Moose,UNKNOWN,UNKNOWN,1,53.91305556,-122.7452778,19,Historical,1998_2008
129586,2008-06-29,2008,UNKNOWN,PRINCE GEORGE,Bear,UNKNOWN,UNKNOWN,1,53.918751,-121.8616,19,Historical,2008_2018
129586,2008-06-29,2008,UNKNOWN,PRINCE GEORGE,Bear,UNKNOWN,UNKNOWN,1,53.918751,-121.8616,19,Historical,1998_2008
129587,2008-07-14,2008,UNKNOWN,PRINCE GEORGE,Deer,UNKNOWN,UNKNOWN,1,53.768113,-122.656123,19,Historical,2008_2018
129587,2008-07-14,2008,UNKNOWN,PRINCE GEORGE,Deer,UNKNOWN,UNKNOWN,1,53.768113,-122.656123,19,Historical,1998_2008
129593,2008-07-29,2008,UNKNOWN,PRINCE GEORGE,Moose,UNKNOWN,UNKNOWN,1,53.841643,-121.426136,19,Historical,2008_2018
129593,2008-07-29,2008,UNKNOWN,PRINCE GEORGE,Moose,UNKNOWN,UNKNOWN,1,53.841643,-121.426136,19,Historical,1998_2008
129595,2008-08-03,2008,UNKNOWN,PRINCE GEORGE,Deer,UNKNOWN,UNKNOWN,1,53.869687,-122.734397,19,Historical,2008_2018
129595,2008-08-03,2008,UNKNOWN,PRINCE GEORGE,Deer,UNKNOWN,UNKNOWN,1,53.869687,-122.734397,19,Historical,1998_2008
129601,2008-08-06,2008,UNKNOWN,PRINCE GEORGE,Moose,UNKNOWN,UNKNOWN,1,54.89031913,-122.9213318,19,Historical,2008_2018
129601,2008-08-06,2008,UNKNOWN,PRINCE GEORGE,Moose,UNKNOWN,UNKNOWN,1,54.89031913,-122.9213318,19,Historical,1998_2008
129596,2008-08-08,2008,UNKNOWN,PRINCE GEORGE,Deer,UNKNOWN,UNKNOWN,1,53.80582,-122.656365,19,Historical,2008_2018
129596,2008-08-08,2008,UNKNOWN,PRINCE GEORGE,Deer,UNKNOWN,UNKNOWN,1,53.80582,-122.656365,19,Historical,1998_2008
129604,2008-08-08,2008,UNKNOWN,PRINCE GEORGE,Moose,UNKNOWN,UNKNOWN,1,53.934497,-122.568005,19,Historical,2008_2018
129604,2008-08-08,2008,UNKNOWN,PRINCE GEORGE,Moose,UNKNOWN,UNKNOWN,1,53.934497,-122.568005,19,Historical,1998_2008
129599,2008-08-15,2008,UNKNOWN,PRINCE GEORGE,Deer,UNKNOWN,UNKNOWN,1,53.931226,-122.776196,19,Historical,2008_2018
129599,2008-08-15,2008,UNKNOWN,PRINCE GEORGE,Deer,UNKNOWN,UNKNOWN,1,53.931226,-122.776196,19,Historical,1998_2008
129600,2008-08-22,2008,UNKNOWN,PRINCE GEORGE,Bear,UNKNOWN,UNKNOWN,1,53.9311,-122.7645,19,Historical,2008_2018
129600,2008-08-22,2008,UNKNOWN,PRINCE GEORGE,Bear,UNKNOWN,UNKNOWN,1,53.9311,-122.7645,19,Historical,1998_2008
129602,2008-08-22,2008,UNKNOWN,PRINCE GEORGE,Moose,UNKNOWN,UNKNOWN,1,53.83083,-123.130802,19,Historical,2008_2018
129602,2008-08-22,2008,UNKNOWN,PRINCE GEORGE,Moose,UNKNOWN,UNKNOWN,1,53.83083,-123.130802,19,Historical,1998_2008
129603,2008-08-23,2008,UNKNOWN,PRINCE GEORGE,Bear,UNKNOWN,UNKNOWN,1,53.852057,-123.207615,19,Historical,2008_2018
129603,2008-08-23,2008,UNKNOWN,PRINCE GEORGE,Bear,UNKNOWN,UNKNOWN,1,53.852057,-123.207615,19,Historical,1998_2008
129613,2008-10-06,2008,UNKNOWN,PRINCE GEORGE,Moose,UNKNOWN,UNKNOWN,1,54.88492,-122.914107,19,Historical,2008_2018
129613,2008-10-06,2008,UNKNOWN,PRINCE GEORGE,Moose,UNKNOWN,UNKNOWN,1,54.88492,-122.914107,19,Historical,1998_2008
129615,2008-10-27,2008,UNKNOWN,PRINCE GEORGE,Deer,UNKNOWN,UNKNOWN,1,53.810106,-122.959137,19,Historical,2008_2018
129615,2008-10-27,2008,UNKNOWN,PRINCE GEORGE,Deer,UNKNOWN,UNKNOWN,1,53.810106,-122.959137,19,Historical,1998_2008
129616,2008-11-01,2008,UNKNOWN,PRINCE GEORGE,Moose,UNKNOWN,UNKNOWN,1,53.855524,-122.713908,19,Historical,2008_2018
129616,2008-11-01,2008,UNKNOWN,PRINCE GEORGE,Moose,UNKNOWN,UNKNOWN,1,53.855524,-122.713908,19,Historical,1998_2008
129622,2008-11-01,2008,UNKNOWN,PRINCE GEORGE,Deer,UNKNOWN,UNKNOWN,1,53.900552,-122.314496,19,Historical,2008_2018
129622,2008-11-01,2008,UNKNOWN,PRINCE GEORGE,Deer,UNKNOWN,UNKNOWN,1,53.900552,-122.314496,19,Historical,1998_2008
129624,2008-11-20,2008,UNKNOWN,PRINCE GEORGE,Moose,UNKNOWN,UNKNOWN,1,53.896251,-121.987848,19,Historical,2008_2018
129624,2008-11-20,2008,UNKNOWN,PRINCE GEORGE,Moose,UNKNOWN,UNKNOWN,1,53.896251,-121.987848,19,Historical,1998_2008
129617,2008-11-23,2008,UNKNOWN,PRINCE GEORGE,Deer,UNKNOWN,UNKNOWN,1,53.97461,-122.767945,19,Historical,2008_2018
129617,2008-11-23,2008,UNKNOWN,PRINCE GEORGE,Deer,UNKNOWN,UNKNOWN,1,53.97461,-122.767945,19,Historical,1998_2008
129619,2008-11-25,2008,UNKNOWN,PRINCE GEORGE,Moose,UNKNOWN,UNKNOWN,1,53.819056,-123.083561,19,Historical,2008_2018
129619,2008-11-25,2008,UNKNOWN,PRINCE GEORGE,Moose,UNKNOWN,UNKNOWN,1,53.819056,-123.083561,19,Historical,1998_2008
129620,2008-11-25,2008,UNKNOWN,PRINCE GEORGE,Moose,UNKNOWN,UNKNOWN,1,53.819056,-123.083561,19,Historical,2008_2018
129620,2008-11-25,2008,UNKNOWN,PRINCE GEORGE,Moose,UNKNOWN,UNKNOWN,1,53.819056,-123.083561,19,Historical,1998_2008
129621,2008-11-25,2008,UNKNOWN,PRINCE GEORGE,Unknown,UNKNOWN,UNKNOWN,1,53.91305556,-122.7452778,19,Historical,2008_2018
129621,2008-11-25,2008,UNKNOWN,PRINCE GEORGE,Unknown,UNKNOWN,UNKNOWN,1,53.91305556,-122.7452778,19,Historical,1998_2008
129623,2008-11-25,2008,UNKNOWN,PRINCE GEORGE,Unknown,UNKNOWN,UNKNOWN,1,53.91305556,-122.7452778,19,Historical,2008_2018
129623,2008-11-25,2008,UNKNOWN,PRINCE GEORGE,Unknown,UNKNOWN,UNKNOWN,1,53.91305556,-122.7452778,19,Historical,1998_2008
129625,2008-11-25,2008,UNKNOWN,PRINCE GEORGE,Moose,UNKNOWN,UNKNOWN,1,53.865072,-121.532397,19,Historical,2008_2018
129625,2008-11-25,2008,UNKNOWN,PRINCE GEORGE,Moose,UNKNOWN,UNKNOWN,1,53.865072,-121.532397,19,Historical,1998_2008
127477,2009-01-06,2009,UNKNOWN,PRINCE GEORGE,Moose,UNKNOWN,UNKNOWN,1,53.275673,-122.478612,18,Historical,2008_2018
129657,2009-01-14,2009,UNKNOWN,PRINCE GEORGE,Moose,UNKNOWN,UNKNOWN,1,54.157804,-122.616471,19,Historical,2008_2018
129659,2009-01-24,2009,UNKNOWN,PRINCE GEORGE,Moose,UNKNOWN,UNKNOWN,1,53.881755,-122.21499,19,Historical,2008_2018
135856,2009-01-24,2009,UNKNOWN,PRINCE GEORGE,Moose,UNKNOWN,UNKNOWN,1,53.953231,-123.944616,23,Historical,2008_2018
129642,2009-03-29,2009,UNKNOWN,PRINCE GEORGE,Deer,UNKNOWN,UNKNOWN,1,53.893065,-121.661912,19,Historical,2008_2018
129645,2009-06-18,2009,UNKNOWN,PRINCE GEORGE,Moose,UNKNOWN,UNKNOWN,1,53.893616,-121.983982,19,Historical,2008_2018
129646,2009-07-05,2009,UNKNOWN,PRINCE GEORGE,Moose,UNKNOWN,UNKNOWN,1,54.147382,-122.624143,19,Historical,2008_2018
129647,2009-07-05,2009,UNKNOWN,PRINCE GEORGE,Deer,UNKNOWN,UNKNOWN,1,53.836721,-122.683157,19,Historical,2008_2018
129648,2009-07-05,2009,UNKNOWN,PRINCE GEORGE,Deer,UNKNOWN,UNKNOWN,1,53.855746,-123.21686,19,Historical,2008_2018
129649,2009-07-09,2009,UNKNOWN,PRINCE GEORGE,Moose,UNKNOWN,UNKNOWN,1,53.933771,-122.404557,19,Historical,2008_2018
129650,2009-07-12,2009,UNKNOWN,PRINCE GEORGE,Moose,UNKNOWN,UNKNOWN,1,53.876671,-122.200514,19,Historical,2008_2018
129651,2009-07-24,2009,UNKNOWN,PRINCE GEORGE,Deer,UNKNOWN,UNKNOWN,1,54.099027,-122.663843,19,Historical,2008_2018
129663,2009-08-04,2009,UNKNOWN,PRINCE GEORGE,Deer,UNKNOWN,UNKNOWN,1,53.906292,-122.710285,19,Historical,2008_2018
129664,2009-08-08,2009,UNKNOWN,PRINCE GEORGE,Moose,UNKNOWN,UNKNOWN,1,53.91305556,-122.7452778,19,Historical,2008_2018
129665,2009-09-01,2009,UNKNOWN,PRINCE GEORGE,Bear,UNKNOWN,UNKNOWN,1,54.038838,-122.761405,19,Historical,2008_2018
129671,2009-10-07,2009,UNKNOWN,PRINCE GEORGE,Moose,UNKNOWN,UNKNOWN,1,53.89985,-121.687834,19,Historical,2008_2018
129675,2009-10-07,2009,UNKNOWN,PRINCE GEORGE,Moose,UNKNOWN,UNKNOWN,1,53.934497,-122.568005,19,Historical,2008_2018
129676,2009-10-24,2009,UNKNOWN,PRINCE GEORGE,Moose,UNKNOWN,UNKNOWN,1,53.842386,-123.177252,19,Historical,2008_2018
135924,2009-10-28,2009,UNKNOWN,PRINCE GEORGE,Deer,UNKNOWN,UNKNOWN,1,53.947262,-123.766126,23,Historical,2008_2018
129677,2009-10-31,2009,UNKNOWN,PRINCE GEORGE,Moose,UNKNOWN,UNKNOWN,1,53.757688,-122.655929,19,Historical,2008_2018
129678,2009-11-16,2009,UNKNOWN,PRINCE GEORGE,Deer,UNKNOWN,UNKNOWN,1,53.82412,-122.869651,19,Historical,2008_2018
129686,2009-12-11,2009,UNKNOWN,PRINCE GEORGE,Moose,UNKNOWN,UNKNOWN,1,53.877307,-121.602211,19,Historical,2008_2018
129683,2009-12-17,2009,UNKNOWN,PRINCE GEORGE,Deer,UNKNOWN,UNKNOWN,1,53.659647,-122.677275,19,Historical,2008_2018
129684,2009-12-17,2009,UNKNOWN,PRINCE GEORGE,Moose,UNKNOWN,UNKNOWN,1,53.817484,-123.049506,19,Historical,2008_2018
129718,2010-01-01,2010,UNKNOWN,PRINCE GEORGE,Deer,UNKNOWN,UNKNOWN,1,53.92037,-122.647898,19,Historical,2008_2018
129710,2010-01-02,2010,UNKNOWN,PRINCE GEORGE,Deer,UNKNOWN,UNKNOWN,1,53.91305556,-122.7452778,19,Historical,2008_2018
129711,2010-01-03,2010,UNKNOWN,PRINCE GEORGE,Moose,UNKNOWN,UNKNOWN,1,53.876932,-122.272637,19,Historical,2008_2018
129717,2010-01-03,2010,UNKNOWN,PRINCE GEORGE,Bear,UNKNOWN,UNKNOWN,1,53.866998,-123.318856,19,Historical,2008_2018
129714,2010-01-04,2010,UNKNOWN,PRINCE GEORGE,Moose,UNKNOWN,UNKNOWN,1,53.891124,-121.654551,19,Historical,2008_2018
129705,2010-01-16,2010,UNKNOWN,PRINCE GEORGE,Moose,UNKNOWN,UNKNOWN,1,53.883307,-122.109562,19,Historical,2008_2018
129721,2010-01-17,2010,UNKNOWN,PRINCE GEORGE,Deer,UNKNOWN,UNKNOWN,1,53.809651,-122.957829,19,Historical,2008_2018
129719,2010-01-24,2010,UNKNOWN,PRINCE GEORGE,Moose,UNKNOWN,UNKNOWN,1,53.867052,-123.320955,19,Historical,2008_2018
129720,2010-01-24,2010,UNKNOWN,PRINCE GEORGE,Bear,UNKNOWN,UNKNOWN,1,53.902219,-122.319008,19,Historical,2008_2018
129712,2010-01-26,2010,UNKNOWN,PRINCE GEORGE,Moose,UNKNOWN,UNKNOWN,1,54.005156,-122.801067,19,Historical,2008_2018
129713,2010-01-26,2010,UNKNOWN,PRINCE GEORGE,Deer,UNKNOWN,UNKNOWN,1,53.726008,-122.655783,19,Historical,2008_2018
129702,2010-03-31,2010,UNKNOWN,PRINCE GEORGE,Moose,UNKNOWN,UNKNOWN,1,53.866665,-123.353388,19,Historical,2008_2018
129703,2010-04-01,2010,UNKNOWN,PRINCE GEORGE,Deer,UNKNOWN,UNKNOWN,1,53.808591,-123.011269,19,Historical,2008_2018
129704,2010-04-01,2010,UNKNOWN,PRINCE GEORGE,Moose,UNKNOWN,UNKNOWN,1,53.853088,-122.709982,19,Historical,2008_2018
129725,2010-06-08,2010,UNKNOWN,PRINCE GEORGE,Deer,UNKNOWN,UNKNOWN,1,54.045756,-122.751655,19,Historical,2008_2018
129722,2010-06-17,2010,UNKNOWN,PRINCE GEORGE,Moose,UNKNOWN,UNKNOWN,1,54.09844,-122.674857,19,Historical,2008_2018
129723,2010-06-23,2010,UNKNOWN,PRINCE GEORGE,Moose,UNKNOWN,UNKNOWN,1,53.837664,-121.417714,19,Historical,2008_2018
129724,2010-06-28,2010,UNKNOWN,PRINCE GEORGE,Deer,UNKNOWN,UNKNOWN,1,53.863551,-121.525156,19,Historical,2008_2018
129729,2010-07-14,2010,UNKNOWN,PRINCE GEORGE,Elk,UNKNOWN,UNKNOWN,1,53.881755,-122.21499,19,Historical,2008_2018
129730,2010-08-14,2010,UNKNOWN,PRINCE GEORGE,Moose,UNKNOWN,UNKNOWN,1,53.852814,-121.465485,19,Historical,2008_2018
129732,2010-08-14,2010,UNKNOWN,PRINCE GEORGE,Deer,UNKNOWN,UNKNOWN,1,53.865519,-123.266278,19,Historical,2008_2018
129733,2010-08-27,2010,UNKNOWN,PRINCE GEORGE,Bear,UNKNOWN,UNKNOWN,1,53.963657,-122.76766,19,Historical,2008_2018
129737,2010-09-01,2010,UNKNOWN,PRINCE GEORGE,Bear,UNKNOWN,UNKNOWN,1,53.866665,-123.353388,19,Historical,2008_2018
129738,2010-09-08,2010,UNKNOWN,PRINCE GEORGE,Moose,UNKNOWN,UNKNOWN,1,53.934497,-122.568005,19,Historical,2008_2018
129739,2010-09-21,2010,UNKNOWN,PRINCE GEORGE,Moose,UNKNOWN,UNKNOWN,1,53.849949,-123.202335,19,Historical,2008_2018
129740,2010-09-27,2010,UNKNOWN,PRINCE GEORGE,Bear,UNKNOWN,UNKNOWN,1,53.764343,-122.656054,19,Historical,2008_2018
129741,2010-09-29,2010,UNKNOWN,PRINCE GEORGE,Moose,UNKNOWN,UNKNOWN,1,54.042308,-122.756469,19,Historical,2008_2018
129742,2010-09-29,2010,UNKNOWN,PRINCE GEORGE,Fox,UNKNOWN,UNKNOWN,1,53.899883,-122.778011,19,Historical,2008_2018
129743,2010-09-30,2010,UNKNOWN,PRINCE GEORGE,Deer,UNKNOWN,UNKNOWN,1,53.884884,-122.741611,19,Historical,2008_2018
129747,2010-10-03,2010,UNKNOWN,PRINCE GEORGE,Bear,UNKNOWN,UNKNOWN,1,54.034024,-122.768181,19,Historical,2008_2018
129749,2010-10-06,2010,UNKNOWN,PRINCE GEORGE,Bear,UNKNOWN,UNKNOWN,1,53.902279,-122.781458,19,Historical,2008_2018
129750,2010-10-07,2010,UNKNOWN,PRINCE GEORGE,Moose,UNKNOWN,UNKNOWN,1,53.900255,-122.779133,19,Historical,2008_2018
129748,2010-10-18,2010,UNKNOWN,PRINCE GEORGE,Moose,UNKNOWN,UNKNOWN,1,53.742882,-122.655901,19,Historical,2008_2018
135968,2010-10-26,2010,UNKNOWN,PRINCE GEORGE,Moose,UNKNOWN,UNKNOWN,1,54.02713781,-124.2850634,23,Historical,2008_2018
129756,2010-11-24,2010,UNKNOWN,PRINCE GEORGE,Deer,UNKNOWN,UNKNOWN,1,53.707954,-121.049645,19,Historical,2008_2018
129758,2010-12-04,2010,UNKNOWN,PRINCE GEORGE,Moose,UNKNOWN,UNKNOWN,1,53.836905,-122.837396,19,Historical,2008_2018
129765,2010-12-08,2010,UNKNOWN,PRINCE GEORGE,Moose,UNKNOWN,UNKNOWN,1,53.916174,-121.874576,19,Historical,2008_2018
129759,2010-12-13,2010,UNKNOWN,PRINCE GEORGE,Deer,UNKNOWN,UNKNOWN,1,54.099027,-122.663843,19,Historical,2008_2018
129760,2010-12-14,2010,UNKNOWN,PRINCE GEORGE,Deer,UNKNOWN,UNKNOWN,1,53.812013,-122.927832,19,Historical,2008_2018
129761,2010-12-15,2010,UNKNOWN,PRINCE GEORGE,Moose,UNKNOWN,UNKNOWN,1,53.890324,-122.096217,19,Historical,2008_2018
129762,2010-12-15,2010,UNKNOWN,PRINCE GEORGE,Deer,UNKNOWN,UNKNOWN,1,53.9311,-122.7645,19,Historical,2008_2018
129767,2010-12-22,2010,UNKNOWN,PRINCE GEORGE,Moose,UNKNOWN,UNKNOWN,1,53.800485,-121.299262,19,Historical,2008_2018
129772,2011-01-05,2011,UNKNOWN,PRINCE GEORGE,Moose,UNKNOWN,UNKNOWN,1,53.849949,-123.202335,19,Historical,2008_2018
129768,2011-01-06,2011,UNKNOWN,PRINCE GEORGE,Moose,UNKNOWN,UNKNOWN,1,53.918443,-121.77985,19,Historical,2008_2018
129773,2011-01-13,2011,UNKNOWN,PRINCE GEORGE,Moose,UNKNOWN,UNKNOWN,1,54.027596,-122.777229,19,Historical,2008_2018
129779,2011-01-24,2011,UNKNOWN,PRINCE GEORGE,Moose,UNKNOWN,UNKNOWN,1,54.197617,-122.603529,19,Historical,2008_2018
129774,2011-01-28,2011,UNKNOWN,PRINCE GEORGE,Moose,UNKNOWN,UNKNOWN,1,53.885545,-122.284918,19,Historical,2008_2018
129775,2011-01-28,2011,UNKNOWN,PRINCE GEORGE,Moose,UNKNOWN,UNKNOWN,1,53.944493,-122.509063,19,Historical,2008_2018
129780,2011-02-07,2011,UNKNOWN,PRINCE GEORGE,Moose,UNKNOWN,UNKNOWN,1,53.907823,-122.334248,19,Historical,2008_2018
129781,2011-03-29,2011,UNKNOWN,PRINCE GEORGE,Elk,UNKNOWN,UNKNOWN,1,54.056871,-122.735973,19,Historical,2008_2018
129786,2011-05-21,2011,UNKNOWN,PRINCE GEORGE,Deer,UNKNOWN,UNKNOWN,1,53.906292,-122.710285,19,Historical,2008_2018
129788,2011-06-09,2011,UNKNOWN,PRINCE GEORGE,Deer,UNKNOWN,YOUNG,1,53.721099,-122.655736,19,Historical,2008_2018
129793,2011-06-11,2011,UNKNOWN,PRINCE GEORGE,Moose,UNKNOWN,YOUNG,1,53.895323,-122.300253,19,Historical,2008_2018
129789,2011-06-19,2011,UNKNOWN,PRINCE GEORGE,Moose,UNKNOWN,YOUNG,1,53.836721,-122.683157,19,Historical,2008_2018
129796,2011-07-29,2011,UNKNOWN,PRINCE GEORGE,Moose,UNKNOWN,UNKNOWN,1,53.881755,-122.21499,19,Historical,2008_2018
129799,2011-08-05,2011,UNKNOWN,PRINCE GEORGE,Moose,UNKNOWN,UNKNOWN,1,53.814216,-122.920356,19,Historical,2008_2018
129797,2011-08-29,2011,UNKNOWN,PRINCE GEORGE,Deer,UNKNOWN,UNKNOWN,1,53.657524,-122.677348,19,Historical,2008_2018
129805,2011-09-06,2011,UNKNOWN,PRINCE GEORGE,Moose,UNKNOWN,UNKNOWN,1,54.027835,-122.776895,19,Historical,2008_2018
129809,2011-09-07,2011,UNKNOWN,PRINCE GEORGE,Bear,UNKNOWN,UNKNOWN,1,53.910831,-121.893554,19,Historical,2008_2018
129807,2011-09-14,2011,UNKNOWN,PRINCE GEORGE,Moose,UNKNOWN,UNKNOWN,1,53.808591,-123.011269,19,Historical,2008_2018
129803,2011-09-20,2011,UNKNOWN,PRINCE GEORGE,Moose,UNKNOWN,YOUNG,1,53.836442,-122.682778,19,Historical,2008_2018
129808,2011-09-28,2011,UNKNOWN,PRINCE GEORGE,Moose,UNKNOWN,UNKNOWN,1,53.818777,-123.082441,19,Historical,2008_2018
129810,2011-09-29,2011,UNKNOWN,PRINCE GEORGE,Moose,UNKNOWN,UNKNOWN,1,53.893202,-121.982793,19,Historical,2008_2018
129816,2011-10-13,2011,UNKNOWN,PRINCE GEORGE,Moose,UNKNOWN,UNKNOWN,1,53.893081,-121.982386,19,Historical,2008_2018
129815,2011-10-22,2011,UNKNOWN,PRINCE GEORGE,Moose,UNKNOWN,UNKNOWN,1,53.863742,-123.245788,19,Historical,2008_2018
136058,2011-11-02,2011,UNKNOWN,PRINCE GEORGE,Wolf,UNKNOWN,UNKNOWN,1,53.948109,-123.776549,23,Historical,2008_2018
129827,2011-11-07,2011,UNKNOWN,PRINCE GEORGE,Moose,UNKNOWN,UNKNOWN,1,53.881755,-122.21499,19,Historical,2008_2018
129823,2011-11-09,2011,UNKNOWN,PRINCE GEORGE,Moose,UNKNOWN,UNKNOWN,1,54.056871,-122.735973,19,Historical,2008_2018
129826,2011-11-10,2011,UNKNOWN,PRINCE GEORGE,Deer,UNKNOWN,UNKNOWN,1,53.906292,-122.710285,19,Historical,2008_2018
128109,2011-11-11,2011,UNKNOWN,PRINCE GEORGE,Deer,UNKNOWN,UNKNOWN,1,53.411884,-122.576398,18,Historical,2008_2018
129824,2011-11-14,2011,UNKNOWN,PRINCE GEORGE,Deer,UNKNOWN,UNKNOWN,1,53.91305556,-122.7452778,19,Historical,2008_2018
129818,2011-11-17,2011,UNKNOWN,PRINCE GEORGE,Deer,UNKNOWN,UNKNOWN,1,53.850211,-122.705218,19,Historical,2008_2018
132566,2011-11-18,2011,UNKNOWN,PRINCE GEORGE,Deer,UNKNOWN,UNKNOWN,1,55.766725,-120.253603,21,Historical,2008_2018
129828,2011-11-21,2011,UNKNOWN,PRINCE GEORGE,Moose,UNKNOWN,UNKNOWN,1,53.881755,-122.21499,19,Historical,2008_2018
129829,2011-11-22,2011,UNKNOWN,PRINCE GEORGE,Elk,UNKNOWN,UNKNOWN,1,53.900281,-122.013798,19,Historical,2008_2018
129830,2011-11-22,2011,UNKNOWN,PRINCE GEORGE,Moose,UNKNOWN,UNKNOWN,1,53.894552,-121.985619,19,Historical,2008_2018
129825,2011-11-25,2011,UNKNOWN,PRINCE GEORGE,Moose,UNKNOWN,UNKNOWN,1,53.865519,-123.266278,19,Historical,2008_2018
129831,2011-11-27,2011,UNKNOWN,PRINCE GEORGE,Moose,UNKNOWN,UNKNOWN,1,53.934497,-122.568005,19,Historical,2008_2018
129832,2011-11-28,2011,UNKNOWN,PRINCE GEORGE,Deer,UNKNOWN,UNKNOWN,1,53.803307,-121.315739,19,Historical,2008_2018
129833,2011-11-28,2011,UNKNOWN,PRINCE GEORGE,Moose,UNKNOWN,UNKNOWN,1,53.803307,-121.315739,19,Historical,2008_2018
129834,2011-11-30,2011,UNKNOWN,PRINCE GEORGE,Deer,UNKNOWN,UNKNOWN,1,53.927296,-122.615503,19,Historical,2008_2018
129846,2011-12-03,2011,UNKNOWN,PRINCE GEORGE,Moose,UNKNOWN,UNKNOWN,1,53.893762,-122.296402,19,Historical,2008_2018
129837,2011-12-04,2011,UNKNOWN,PRINCE GEORGE,Moose,UNKNOWN,UNKNOWN,1,54.176655,-122.610694,19,Historical,2008_2018
129838,2011-12-04,2011,UNKNOWN,PRINCE GEORGE,Moose,UNKNOWN,YOUNG,1,54.176655,-122.610694,19,Historical,2008_2018
129839,2011-12-04,2011,UNKNOWN,PRINCE GEORGE,Moose,UNKNOWN,UNKNOWN,1,54.203178,-122.603394,19,Historical,2008_2018
129843,2011-12-05,2011,UNKNOWN,PRINCE GEORGE,Deer,UNKNOWN,UNKNOWN,1,53.817484,-123.049506,19,Historical,2008_2018
129847,2011-12-08,2011,UNKNOWN,PRINCE GEORGE,Moose,UNKNOWN,UNKNOWN,1,53.917533,-121.747395,19,Historical,2008_2018
129844,2011-12-10,2011,UNKNOWN,PRINCE GEORGE,Deer,UNKNOWN,UNKNOWN,1,53.905194,-122.715944,19,Historical,2008_2018
129845,2011-12-10,2011,UNKNOWN,PRINCE GEORGE,Deer,UNKNOWN,YOUNG,1,53.905194,-122.715944,19,Historical,2008_2018
129848,2011-12-18,2011,UNKNOWN,PRINCE GEORGE,Moose,UNKNOWN,UNKNOWN,1,53.878552,-122.19164,19,Historical,2008_2018
129849,2011-12-21,2011,UNKNOWN,PRINCE GEORGE,Deer,UNKNOWN,UNKNOWN,1,53.92037,-122.647898,19,Historical,2008_2018
129854,2012-01-16,2012,UNKNOWN,PRINCE GEORGE,Moose,UNKNOWN,UNKNOWN,1,53.93824,-122.759776,19,Historical,2008_2018
129860,2012-02-14,2012,UNKNOWN,PRINCE GEORGE,Moose,UNKNOWN,UNKNOWN,1,53.824012,-123.103437,19,Historical,2008_2018
129861,2012-02-14,2012,UNKNOWN,PRINCE GEORGE,Moose,UNKNOWN,UNKNOWN,1,53.893298,-121.983051,19,Historical,2008_2018
129859,2012-02-22,2012,UNKNOWN,PRINCE GEORGE,Elk,UNKNOWN,UNKNOWN,2,54.09844,-122.674857,19,Historical,2008_2018
136076,2012-03-30,2012,UNKNOWN,PRINCE GEORGE,Moose,UNKNOWN,UNKNOWN,1,53.947765,-123.785057,23,Historical,2008_2018
129863,2012-04-03,2012,UNKNOWN,PRINCE GEORGE,Deer,UNKNOWN,YOUNG,1,53.850211,-122.705218,19,Historical,2008_2018
129865,2012-04-12,2012,UNKNOWN,PRINCE GEORGE,Deer,UNKNOWN,YOUNG,1,54.176655,-122.610694,19,Historical,2008_2018
129864,2012-04-18,2012,UNKNOWN,PRINCE GEORGE,Deer,UNKNOWN,UNKNOWN,1,53.808488,-122.656364,19,Historical,2008_2018
129870,2012-06-08,2012,UNKNOWN,PRINCE GEORGE,Moose,UNKNOWN,UNKNOWN,1,53.764343,-122.656054,19,Historical,2008_2018
129871,2012-06-08,2012,UNKNOWN,PRINCE GEORGE,Moose,UNKNOWN,UNKNOWN,1,53.742882,-122.655901,19,Historical,2008_2018
129872,2012-06-27,2012,UNKNOWN,PRINCE GEORGE,Bear,UNKNOWN,UNKNOWN,1,53.678838,-122.673902,19,Historical,2008_2018
129873,2012-06-28,2012,UNKNOWN,PRINCE GEORGE,Moose,UNKNOWN,UNKNOWN,1,54.071291,-122.71097,19,Historical,2008_2018
129876,2012-07-09,2012,UNKNOWN,PRINCE GEORGE,Moose,UNKNOWN,UNKNOWN,1,54.13868,-122.630545,19,Historical,2008_2018
129881,2012-07-17,2012,UNKNOWN,PRINCE GEORGE,Moose,UNKNOWN,UNKNOWN,1,53.927296,-122.615503,19,Historical,2008_2018
129877,2012-07-18,2012,UNKNOWN,PRINCE GEORGE,Moose,UNKNOWN,UNKNOWN,1,54.147382,-122.624143,19,Historical,2008_2018
129882,2012-07-19,2012,UNKNOWN,PRINCE GEORGE,Moose,UNKNOWN,UNKNOWN,1,53.890453,-122.096005,19,Historical,2008_2018
129883,2012-07-25,2012,UNKNOWN,PRINCE GEORGE,Deer,UNKNOWN,UNKNOWN,1,53.624867,-120.837194,19,Historical,2008_2018
129880,2012-07-27,2012,UNKNOWN,PRINCE GEORGE,Moose,UNKNOWN,UNKNOWN,1,53.808753,-122.991763,19,Historical,2008_2018
129878,2012-07-28,2012,UNKNOWN,PRINCE GEORGE,Deer,UNKNOWN,UNKNOWN,1,53.9311,-122.7645,19,Historical,2008_2018
129888,2012-08-08,2012,UNKNOWN,PRINCE GEORGE,Deer,UNKNOWN,UNKNOWN,1,53.956396,-122.765424,19,Historical,2008_2018
129889,2012-08-08,2012,UNKNOWN,PRINCE GEORGE,Moose,UNKNOWN,UNKNOWN,1,54.13868,-122.630545,19,Historical,2008_2018
129891,2012-08-08,2012,UNKNOWN,PRINCE GEORGE,Moose,UNKNOWN,UNKNOWN,1,53.945583,-122.502889,19,Historical,2008_2018
129887,2012-08-11,2012,UNKNOWN,PRINCE GEORGE,Moose,UNKNOWN,UNKNOWN,1,54.147382,-122.624143,19,Historical,2008_2018
129884,2012-08-16,2012,UNKNOWN,PRINCE GEORGE,Moose,UNKNOWN,UNKNOWN,1,53.844012,-122.695119,19,Historical,2008_2018
129885,2012-08-16,2012,UNKNOWN,PRINCE GEORGE,Moose,UNKNOWN,UNKNOWN,1,53.808488,-122.656364,19,Historical,2008_2018
129890,2012-08-17,2012,UNKNOWN,PRINCE GEORGE,Bear,UNKNOWN,UNKNOWN,1,53.865267,-123.2581,19,Historical,2008_2018
129892,2012-08-24,2012,UNKNOWN,PRINCE GEORGE,Bear,UNKNOWN,UNKNOWN,1,53.945744,-122.461177,19,Historical,2008_2018
129886,2012-08-25,2012,UNKNOWN,PRINCE GEORGE,Bear,UNKNOWN,UNKNOWN,1,53.836721,-122.683157,19,Historical,2008_2018
129894,2012-09-06,2012,UNKNOWN,PRINCE GEORGE,Moose,UNKNOWN,UNKNOWN,1,53.850211,-122.705218,19,Historical,2008_2018
129896,2012-09-10,2012,UNKNOWN,PRINCE GEORGE,Deer,UNKNOWN,UNKNOWN,1,54.099027,-122.663843,19,Historical,2008_2018
129901,2012-10-05,2012,UNKNOWN,PRINCE GEORGE,Moose,UNKNOWN,UNKNOWN,1,53.83083,-123.130802,19,Historical,2008_2018
129899,2012-10-18,2012,UNKNOWN,PRINCE GEORGE,Moose,UNKNOWN,UNKNOWN,1,54.056687,-122.736283,19,Historical,2008_2018
129900,2012-10-23,2012,UNKNOWN,PRINCE GEORGE,Moose,UNKNOWN,UNKNOWN,1,54.027596,-122.777229,19,Historical,2008_2018
129902,2012-10-23,2012,UNKNOWN,PRINCE GEORGE,Moose,UNKNOWN,UNKNOWN,1,53.819173,-123.084034,19,Historical,2008_2018
129903,2012-11-06,2012,UNKNOWN,PRINCE GEORGE,Moose,UNKNOWN,UNKNOWN,1,53.757688,-122.655929,19,Historical,2008_2018
129906,2012-11-06,2012,UNKNOWN,PRINCE GEORGE,Moose,UNKNOWN,UNKNOWN,1,54.118681,-122.645219,19,Historical,2008_2018
129909,2012-11-10,2012,UNKNOWN,PRINCE GEORGE,Deer,UNKNOWN,YOUNG,1,53.818148,-123.079924,19,Historical,2008_2018
129904,2012-11-12,2012,UNKNOWN,PRINCE GEORGE,Moose,UNKNOWN,UNKNOWN,1,53.721099,-122.655736,19,Historical,2008_2018
129905,2012-11-12,2012,UNKNOWN,PRINCE GEORGE,Moose,UNKNOWN,YOUNG,1,53.721099,-122.655736,19,Historical,2008_2018
129907,2012-11-15,2012,UNKNOWN,PRINCE GEORGE,Moose,UNKNOWN,YOUNG,1,54.255497,-122.621967,19,Historical,2008_2018
129908,2012-11-25,2012,UNKNOWN,PRINCE GEORGE,Moose,UNKNOWN,UNKNOWN,1,54.164878,-122.611237,19,Historical,2008_2018
129910,2012-11-26,2012,UNKNOWN,PRINCE GEORGE,Moose,UNKNOWN,UNKNOWN,1,53.909896,-121.710349,19,Historical,2008_2018
129911,2012-11-27,2012,UNKNOWN,PRINCE GEORGE,Moose,UNKNOWN,UNKNOWN,1,53.906963,-122.331921,19,Historical,2008_2018
129912,2012-12-01,2012,UNKNOWN,PRINCE GEORGE,Moose,UNKNOWN,UNKNOWN,1,53.742882,-122.655901,19,Historical,2008_2018
129931,2012-12-03,2012,UNKNOWN,PRINCE GEORGE,Moose,UNKNOWN,UNKNOWN,1,53.862573,-121.517737,19,Historical,2008_2018
129914,2012-12-05,2012,UNKNOWN,PRINCE GEORGE,Moose,UNKNOWN,UNKNOWN,1,53.943856,-122.761338,19,Historical,2008_2018
129915,2012-12-05,2012,UNKNOWN,PRINCE GEORGE,Deer,UNKNOWN,UNKNOWN,1,54.09844,-122.674857,19,Historical,2008_2018
129917,2012-12-06,2012,UNKNOWN,PRINCE GEORGE,Deer,UNKNOWN,UNKNOWN,1,54.099958,-122.658445,19,Historical,2008_2018
129932,2012-12-06,2012,UNKNOWN,PRINCE GEORGE,Moose,UNKNOWN,UNKNOWN,1,53.876932,-122.272637,19,Historical,2008_2018
129933,2012-12-11,2012,UNKNOWN,PRINCE GEORGE,Moose,UNKNOWN,UNKNOWN,1,53.881755,-122.21499,19,Historical,2008_2018
129934,2012-12-11,2012,UNKNOWN,PRINCE GEORGE,Moose,UNKNOWN,UNKNOWN,1,53.878871,-122.242042,19,Historical,2008_2018
129935,2012-12-14,2012,UNKNOWN,PRINCE GEORGE,Moose,UNKNOWN,UNKNOWN,1,53.894081,-122.297138,19,Historical,2008_2018
129930,2012-12-19,2012,UNKNOWN,PRINCE GEORGE,Moose,UNKNOWN,UNKNOWN,1,53.865267,-123.2581,19,Historical,2008_2018
129936,2012-12-24,2012,UNKNOWN,PRINCE GEORGE,Moose,UNKNOWN,UNKNOWN,1,53.881547,-122.279771,19,Historical,2008_2018
129937,2012-12-24,2012,UNKNOWN,PRINCE GEORGE,Moose,UNKNOWN,UNKNOWN,1,53.881755,-122.21499,19,Historical,2008_2018
129938,2012-12-26,2012,UNKNOWN,PRINCE GEORGE,Moose,UNKNOWN,YOUNG,1,53.918009,-121.868536,19,Historical,2008_2018
129949,2013-01-07,2013,UNKNOWN,PRINCE GEORGE,Moose,UNKNOWN,UNKNOWN,1,53.838393,-121.419256,19,Historical,2008_2018
129947,2013-01-15,2013,UNKNOWN,PRINCE GEORGE,Moose,UNKNOWN,UNKNOWN,1,53.840546,-122.833645,19,Historical,2008_2018
129946,2013-01-16,2013,UNKNOWN,PRINCE GEORGE,Moose,UNKNOWN,UNKNOWN,1,54.19806,-122.603415,19,Historical,2008_2018
129948,2013-01-22,2013,UNKNOWN,PRINCE GEORGE,Moose,UNKNOWN,UNKNOWN,1,53.866257,-123.29253,19,Historical,2008_2018
129951,2013-02-01,2013,UNKNOWN,PRINCE GEORGE,Moose,UNKNOWN,UNKNOWN,1,53.878871,-122.242042,19,Historical,2008_2018
129952,2013-02-03,2013,UNKNOWN,PRINCE GEORGE,Moose,UNKNOWN,UNKNOWN,1,53.881547,-122.279771,19,Historical,2008_2018
129953,2013-02-06,2013,UNKNOWN,PRINCE GEORGE,Moose,UNKNOWN,UNKNOWN,1,53.922982,-122.375332,19,Historical,2008_2018
129954,2013-02-06,2013,UNKNOWN,PRINCE GEORGE,Moose,UNKNOWN,YOUNG,1,53.878871,-122.242042,19,Historical,2008_2018
129955,2013-02-07,2013,UNKNOWN,PRINCE GEORGE,Moose,UNKNOWN,YOUNG,1,53.945744,-122.461177,19,Historical,2008_2018
129956,2013-02-09,2013,UNKNOWN,PRINCE GEORGE,Moose,UNKNOWN,UNKNOWN,1,53.886904,-122.286671,19,Historical,2008_2018
129957,2013-03-07,2013,UNKNOWN,PRINCE GEORGE,Deer,UNKNOWN,UNKNOWN,1,53.850211,-122.705218,19,Historical,2008_2018
129958,2013-03-14,2013,UNKNOWN,PRINCE GEORGE,Moose,UNKNOWN,UNKNOWN,1,53.88913,-122.745815,19,Historical,2008_2018
129959,2013-03-20,2013,UNKNOWN,PRINCE GEORGE,Deer,UNKNOWN,UNKNOWN,1,53.812307,-123.017241,19,Historical,2008_2018
129960,2013-03-27,2013,UNKNOWN,PRINCE GEORGE,Moose,UNKNOWN,UNKNOWN,1,53.816995,-123.025475,19,Historical,2008_2018
129961,2013-04-01,2013,UNKNOWN,PRINCE GEORGE,Deer,UNKNOWN,UNKNOWN,1,53.850678,-122.705984,19,Historical,2008_2018
129962,2013-04-04,2013,UNKNOWN,PRINCE GEORGE,Moose,UNKNOWN,UNKNOWN,1,53.766298,-122.656066,19,Historical,2008_2018
129963,2013-04-04,2013,UNKNOWN,PRINCE GEORGE,Moose,UNKNOWN,UNKNOWN,1,53.819193,-122.656509,19,Historical,2008_2018
129967,2013-04-15,2013,UNKNOWN,PRINCE GEORGE,Moose,UNKNOWN,UNKNOWN,1,54.057581,-122.734778,19,Historical,2008_2018
129964,2013-04-23,2013,UNKNOWN,PRINCE GEORGE,Deer,UNKNOWN,UNKNOWN,1,53.850678,-122.705984,19,Historical,2008_2018
129965,2013-04-23,2013,UNKNOWN,PRINCE GEORGE,Deer,UNKNOWN,UNKNOWN,1,53.850678,-122.705984,19,Historical,2008_2018
129968,2013-04-24,2013,UNKNOWN,PRINCE GEORGE,Deer,UNKNOWN,UNKNOWN,1,54.099958,-122.658445,19,Historical,2008_2018
129969,2013-04-24,2013,UNKNOWN,PRINCE GEORGE,Deer,UNKNOWN,UNKNOWN,1,53.93824,-122.759776,19,Historical,2008_2018
129966,2013-04-27,2013,UNKNOWN,PRINCE GEORGE,Deer,UNKNOWN,UNKNOWN,1,53.891894,-122.749427,19,Historical,2008_2018
129970,2013-04-27,2013,UNKNOWN,PRINCE GEORGE,Moose,UNKNOWN,UNKNOWN,1,53.908438,-122.666653,19,Historical,2008_2018
129972,2013-05-06,2013,UNKNOWN,PRINCE GEORGE,Moose,UNKNOWN,UNKNOWN,1,54.08242,-122.698097,19,Historical,2008_2018
129973,2013-05-20,2013,UNKNOWN,PRINCE GEORGE,Bear,UNKNOWN,UNKNOWN,1,53.772109,-121.230702,19,Historical,2008_2018
129974,2013-05-21,2013,UNKNOWN,PRINCE GEORGE,Deer,UNKNOWN,UNKNOWN,1,53.617903,-120.828072,19,Historical,2008_2018
129975,2013-05-27,2013,UNKNOWN,PRINCE GEORGE,Deer,UNKNOWN,UNKNOWN,1,53.638221,-120.8634,19,Historical,2008_2018
129985,2013-06-03,2013,UNKNOWN,PRINCE GEORGE,Deer,UNKNOWN,UNKNOWN,1,53.927296,-122.615503,19,Historical,2008_2018
129976,2013-06-07,2013,UNKNOWN,PRINCE GEORGE,Moose,UNKNOWN,UNKNOWN,1,53.742882,-122.655901,19,Historical,2008_2018
129980,2013-06-10,2013,UNKNOWN,PRINCE GEORGE,Moose,UNKNOWN,UNKNOWN,1,54.13868,-122.630545,19,Historical,2008_2018
129982,2013-06-13,2013,UNKNOWN,PRINCE GEORGE,Moose,UNKNOWN,UNKNOWN,1,53.97461,-122.767945,19,Historical,2008_2018
129977,2013-06-22,2013,UNKNOWN,PRINCE GEORGE,Moose,UNKNOWN,UNKNOWN,1,53.819258,-122.656505,19,Historical,2008_2018
129978,2013-06-27,2013,UNKNOWN,PRINCE GEORGE,Moose,UNKNOWN,UNKNOWN,1,53.808488,-122.656364,19,Historical,2008_2018
129986,2013-06-28,2013,UNKNOWN,PRINCE GEORGE,Moose,UNKNOWN,UNKNOWN,1,53.893616,-121.983982,19,Historical,2008_2018
129993,2013-07-01,2013,UNKNOWN,PRINCE GEORGE,Moose,UNKNOWN,UNKNOWN,1,53.876637,-123.40152,19,Historical,2008_2018
129994,2013-07-03,2013,UNKNOWN,PRINCE GEORGE,Wolf,UNKNOWN,UNKNOWN,1,53.866695,-121.559751,19,Historical,2008_2018
129995,2013-07-07,2013,UNKNOWN,PRINCE GEORGE,Deer,UNKNOWN,UNKNOWN,1,53.902219,-122.319008,19,Historical,2008_2018
129996,2013-07-17,2013,UNKNOWN,PRINCE GEORGE,Moose,UNKNOWN,UNKNOWN,1,53.846923,-121.440475,19,Historical,2008_2018
129997,2013-07-22,2013,UNKNOWN,PRINCE GEORGE,Moose,UNKNOWN,UNKNOWN,1,53.906963,-122.331921,19,Historical,2008_2018
129989,2013-07-24,2013,UNKNOWN,PRINCE GEORGE,Moose,UNKNOWN,UNKNOWN,1,53.742882,-122.655901,19,Historical,2008_2018
130005,2013-08-09,2013,UNKNOWN,PRINCE GEORGE,Deer,UNKNOWN,YOUNG,1,53.945583,-122.502889,19,Historical,2008_2018
129998,2013-08-16,2013,UNKNOWN,PRINCE GEORGE,Deer,UNKNOWN,ADULT,1,53.855524,-122.713908,19,Historical,2008_2018
129999,2013-08-16,2013,UNKNOWN,PRINCE GEORGE,Deer,UNKNOWN,YOUNG,2,53.855524,-122.713908,19,Historical,2008_2018
130002,2013-08-16,2013,UNKNOWN,PRINCE GEORGE,Deer,UNKNOWN,UNKNOWN,1,53.876637,-123.40152,19,Historical,2008_2018
130006,2013-08-21,2013,UNKNOWN,PRINCE GEORGE,Bear,UNKNOWN,YOUNG,1,53.907213,-121.900241,19,Historical,2008_2018
130003,2013-08-23,2013,UNKNOWN,PRINCE GEORGE,Deer,UNKNOWN,YOUNG,1,53.865519,-123.266278,19,Historical,2008_2018
130004,2013-08-23,2013,UNKNOWN,PRINCE GEORGE,Deer,UNKNOWN,UNKNOWN,1,53.809554,-122.937423,19,Historical,2008_2018
130013,2013-09-05,2013,UNKNOWN,PRINCE GEORGE,Bear,UNKNOWN,UNKNOWN,1,53.847893,-121.444565,19,Historical,2008_2018
130014,2013-09-21,2013,UNKNOWN,PRINCE GEORGE,Moose,UNKNOWN,UNKNOWN,1,53.881755,-122.21499,19,Historical,2008_2018
130021,2013-10-02,2013,UNKNOWN,PRINCE GEORGE,Deer,UNKNOWN,UNKNOWN,1,53.908438,-122.666653,19,Historical,2008_2018
130018,2013-10-08,2013,UNKNOWN,PRINCE GEORGE,Fox,UNKNOWN,UNKNOWN,1,53.86112,-122.801858,19,Historical,2008_2018
130022,2013-10-17,2013,UNKNOWN,PRINCE GEORGE,Moose,UNKNOWN,UNKNOWN,1,53.927296,-122.615503,19,Historical,2008_2018
130023,2013-10-17,2013,UNKNOWN,PRINCE GEORGE,Deer,UNKNOWN,UNKNOWN,1,53.939898,-122.536338,19,Historical,2008_2018
130019,2013-10-25,2013,UNKNOWN,PRINCE GEORGE,Deer,UNKNOWN,UNKNOWN,1,53.816813,-122.905971,19,Historical,2008_2018
130020,2013-10-27,2013,UNKNOWN,PRINCE GEORGE,Deer,UNKNOWN,UNKNOWN,1,53.820788,-122.881459,19,Historical,2008_2018
130027,2013-11-05,2013,UNKNOWN,PRINCE GEORGE,Deer,UNKNOWN,UNKNOWN,1,53.93824,-122.759776,19,Historical,2008_2018
130028,2013-11-05,2013,UNKNOWN,PRINCE GEORGE,Deer,UNKNOWN,UNKNOWN,1,53.93824,-122.759776,19,Historical,2008_2018
130035,2013-11-05,2013,UNKNOWN,PRINCE GEORGE,Moose,UNKNOWN,UNKNOWN,1,53.926672,-122.599822,19,Historical,2008_2018
130029,2013-11-11,2013,UNKNOWN,PRINCE GEORGE,Moose,UNKNOWN,UNKNOWN,1,54.28738,-122.628513,19,Historical,2008_2018
130024,2013-11-19,2013,UNKNOWN,PRINCE GEORGE,Moose,UNKNOWN,UNKNOWN,1,53.819258,-122.656505,19,Historical,2008_2018
130025,2013-11-25,2013,UNKNOWN,PRINCE GEORGE,Moose,UNKNOWN,UNKNOWN,1,53.766298,-122.656066,19,Historical,2008_2018
130030,2013-11-25,2013,UNKNOWN,PRINCE GEORGE,Moose,UNKNOWN,UNKNOWN,1,54.176655,-122.610694,19,Historical,2008_2018
130026,2013-11-26,2013,UNKNOWN,PRINCE GEORGE,Moose,UNKNOWN,UNKNOWN,1,53.721099,-122.655736,19,Historical,2008_2018
130031,2013-11-26,2013,UNKNOWN,PRINCE GEORGE,Moose,UNKNOWN,UNKNOWN,1,54.098653,-122.673216,19,Historical,2008_2018
130032,2013-11-26,2013,UNKNOWN,PRINCE GEORGE,Moose,UNKNOWN,UNKNOWN,1,54.098351,-122.675444,19,Historical,2008_2018
130033,2013-11-30,2013,UNKNOWN,PRINCE GEORGE,Moose,UNKNOWN,UNKNOWN,1,53.849421,-122.824276,19,Historical,2008_2018
130034,2013-11-30,2013,UNKNOWN,PRINCE GEORGE,Moose,UNKNOWN,UNKNOWN,1,53.849421,-122.824276,19,Historical,2008_2018
130043,2013-12-06,2013,UNKNOWN,PRINCE GEORGE,Moose,UNKNOWN,UNKNOWN,1,53.833862,-121.409451,19,Historical,2008_2018
130038,2013-12-15,2013,UNKNOWN,PRINCE GEORGE,Moose,UNKNOWN,UNKNOWN,1,54.203987,-122.603393,19,Historical,2008_2018
130039,2013-12-15,2013,UNKNOWN,PRINCE GEORGE,Moose,UNKNOWN,UNKNOWN,1,54.293055,-122.625535,19,Historical,2008_2018
130040,2013-12-17,2013,UNKNOWN,PRINCE GEORGE,Moose,UNKNOWN,UNKNOWN,1,54.096575,-122.679824,19,Historical,2008_2018
130044,2013-12-17,2013,UNKNOWN,PRINCE GEORGE,Moose,UNKNOWN,UNKNOWN,1,53.876932,-122.272637,19,Historical,2008_2018
130045,2013-12-18,2013,UNKNOWN,PRINCE GEORGE,Moose,UNKNOWN,UNKNOWN,1,53.941707,-122.525634,19,Historical,2008_2018
130041,2013-12-19,2013,UNKNOWN,PRINCE GEORGE,Moose,UNKNOWN,YOUNG,1,54.281374,-122.627891,19,Historical,2008_2018
130046,2013-12-19,2013,UNKNOWN,PRINCE GEORGE,Deer,UNKNOWN,UNKNOWN,1,53.89985,-121.687834,19,Historical,2008_2018
130042,2013-12-28,2013,UNKNOWN,PRINCE GEORGE,Moose,UNKNOWN,UNKNOWN,1,54.042308,-122.756469,19,Historical,2008_2018
130050,2014-01-01,2014,UNKNOWN,PRINCE GEORGE,Deer,UNKNOWN,UNKNOWN,1,53.938209,-122.759794,19,Historical,2008_2018
130048,2014-01-14,2014,UNKNOWN,PRINCE GEORGE,Deer,UNKNOWN,UNKNOWN,1,53.657524,-122.677348,19,Historical,2008_2018
130049,2014-01-14,2014,UNKNOWN,PRINCE GEORGE,Moose,UNKNOWN,UNKNOWN,1,53.657524,-122.677348,19,Historical,2008_2018
130055,2014-01-28,2014,UNKNOWN,PRINCE GEORGE,Deer,UNKNOWN,UNKNOWN,1,53.809224,-123.012608,19,Historical,2008_2018
130089,2014-06-04,2014,UNKNOWN,PRINCE GEORGE,Moose,UNKNOWN,UNKNOWN,1,53.725244,-121.13687,19,Historical,2008_2018
130088,2014-06-05,2014,UNKNOWN,PRINCE GEORGE,Moose,UNKNOWN,UNKNOWN,1,53.907039,-122.679461,19,Historical,2008_2018
130086,2014-06-12,2014,UNKNOWN,PRINCE GEORGE,Moose,UNKNOWN,UNKNOWN,1,53.849421,-122.824276,19,Historical,2008_2018
130090,2014-06-18,2014,UNKNOWN,PRINCE GEORGE,Bear,UNKNOWN,YOUNG,1,53.891014,-121.654135,19,Historical,2008_2018
130087,2014-06-19,2014,UNKNOWN,PRINCE GEORGE,Moose,UNKNOWN,YOUNG,1,53.830907,-122.845866,19,Historical,2008_2018
130091,2014-06-23,2014,UNKNOWN,PRINCE GEORGE,Moose,UNKNOWN,UNKNOWN,1,53.907823,-122.334248,19,Historical,2008_2018
130083,2014-06-29,2014,UNKNOWN,PRINCE GEORGE,Moose,UNKNOWN,UNKNOWN,1,54.316517,-122.631873,19,Historical,2008_2018
130101,2014-07-03,2014,UNKNOWN,PRINCE GEORGE,Moose,UNKNOWN,YOUNG,1,53.895363,-121.95572,19,Historical,2008_2018
130094,2014-07-10,2014,UNKNOWN,PRINCE GEORGE,Moose,UNKNOWN,UNKNOWN,1,54.042308,-122.756469,19,Historical,2008_2018
130095,2014-07-15,2014,UNKNOWN,PRINCE GEORGE,Fox,UNKNOWN,UNKNOWN,1,54.118681,-122.645219,19,Historical,2008_2018
130102,2014-07-28,2014,UNKNOWN,PRINCE GEORGE,Bear,UNKNOWN,YOUNG,1,53.938984,-122.420387,19,Historical,2008_2018
130104,2014-08-02,2014,UNKNOWN,PRINCE GEORGE,Moose,UNKNOWN,UNKNOWN,1,54.003637,-122.801015,19,Historical,2008_2018
130109,2014-08-04,2014,UNKNOWN,PRINCE GEORGE,Bear,UNKNOWN,UNKNOWN,1,53.798034,-121.285135,19,Historical,2008_2018
130106,2014-08-06,2014,UNKNOWN,PRINCE GEORGE,Bear,UNKNOWN,UNKNOWN,1,54.09844,-122.674857,19,Historical,2008_2018
130110,2014-08-07,2014,UNKNOWN,PRINCE GEORGE,Moose,UNKNOWN,UNKNOWN,1,53.883399,-122.15413,19,Historical,2008_2018
130111,2014-08-24,2014,UNKNOWN,PRINCE GEORGE,Bear,UNKNOWN,UNKNOWN,1,53.93873,-122.543228,19,Historical,2008_2018
130112,2014-08-25,2014,UNKNOWN,PRINCE GEORGE,Moose,UNKNOWN,UNKNOWN,1,53.93873,-122.543228,19,Historical,2008_2018
130113,2014-08-28,2014,UNKNOWN,PRINCE GEORGE,Elk,UNKNOWN,UNKNOWN,1,53.927296,-122.615503,19,Historical,2008_2018
130118,2014-09-13,2014,UNKNOWN,PRINCE GEORGE,Deer,UNKNOWN,UNKNOWN,1,53.86701,-123.319283,19,Historical,2008_2018
130119,2014-09-18,2014,UNKNOWN,PRINCE GEORGE,Moose,UNKNOWN,UNKNOWN,1,53.849397,-121.450911,19,Historical,2008_2018
130117,2014-09-26,2014,UNKNOWN,PRINCE GEORGE,Bear,UNKNOWN,UNKNOWN,1,54.33009,-122.648781,19,Historical,2008_2018
131168,2014-09-29,2014,UNKNOWN,PRINCE GEORGE,Bear,UNKNOWN,UNKNOWN,1,53.429277,-120.457909,20,Historical,2008_2018
130125,2014-10-09,2014,UNKNOWN,PRINCE GEORGE,Moose,UNKNOWN,UNKNOWN,1,53.861584,-121.505854,19,Historical,2008_2018
130126,2014-10-20,2014,UNKNOWN,PRINCE GEORGE,Moose,UNKNOWN,YOUNG,1,53.902648,-122.320169,19,Historical,2008_2018
130123,2014-10-25,2014,UNKNOWN,PRINCE GEORGE,Deer,UNKNOWN,UNKNOWN,1,53.907992,-122.700444,19,Historical,2008_2018
130124,2014-10-26,2014,UNKNOWN,PRINCE GEORGE,Deer,UNKNOWN,UNKNOWN,1,53.907992,-122.700444,19,Historical,2008_2018
130122,2014-10-27,2014,UNKNOWN,PRINCE GEORGE,Bear,UNKNOWN,UNKNOWN,1,53.950471,-122.762511,19,Historical,2008_2018
130136,2014-12-05,2014,UNKNOWN,PRINCE GEORGE,Moose,UNKNOWN,UNKNOWN,1,54.147001,-122.624422,19,Historical,2008_2018
130141,2014-12-05,2014,UNKNOWN,PRINCE GEORGE,Moose,UNKNOWN,UNKNOWN,1,53.867113,-121.563467,19,Historical,2008_2018
130142,2014-12-05,2014,UNKNOWN,PRINCE GEORGE,Elk,UNKNOWN,UNKNOWN,1,53.885545,-122.284918,19,Historical,2008_2018
130143,2014-12-05,2014,UNKNOWN,PRINCE GEORGE,Moose,UNKNOWN,UNKNOWN,1,53.910543,-122.341615,19,Historical,2008_2018
130144,2014-12-15,2014,UNKNOWN,PRINCE GEORGE,Moose,UNKNOWN,UNKNOWN,1,53.901796,-122.031946,19,Historical,2008_2018
130135,2014-12-16,2014,UNKNOWN,PRINCE GEORGE,Deer,UNKNOWN,UNKNOWN,1,53.852445,-122.708933,19,Historical,2008_2018
130145,2014-12-16,2014,UNKNOWN,PRINCE GEORGE,Moose,UNKNOWN,UNKNOWN,1,53.927296,-122.615503,19,Historical,2008_2018
130137,2014-12-17,2014,UNKNOWN,PRINCE GEORGE,Deer,UNKNOWN,UNKNOWN,1,54.108755,-122.649782,19,Historical,2008_2018
130139,2014-12-17,2014,UNKNOWN,PRINCE GEORGE,Deer,UNKNOWN,UNKNOWN,1,53.877582,-123.404299,19,Historical,2008_2018
130138,2014-12-30,2014,UNKNOWN,PRINCE GEORGE,Moose,UNKNOWN,UNKNOWN,1,54.122383,-122.642498,19,Historical,2008_2018
130140,2014-12-31,2014,UNKNOWN,PRINCE GEORGE,Moose,UNKNOWN,UNKNOWN,1,53.817492,-123.051224,19,Historical,2008_2018
130157,2015-01-01,2015,UNKNOWN,PRINCE GEORGE,Moose,UNKNOWN,UNKNOWN,1,54.573896,-122.714735,19,Historical,2008_2018
130158,2015-02-03,2015,UNKNOWN,PRINCE GEORGE,Moose,UNKNOWN,UNKNOWN,1,53.816092,-122.913235,19,Historical,2008_2018
130161,2015-02-09,2015,UNKNOWN,PRINCE GEORGE,Moose,UNKNOWN,UNKNOWN,1,53.910543,-122.341615,19,Historical,2008_2018
130159,2015-02-11,2015,UNKNOWN,PRINCE GEORGE,Moose,UNKNOWN,UNKNOWN,1,53.840546,-122.833645,19,Historical,2008_2018
130156,2015-02-17,2015,UNKNOWN,PRINCE GEORGE,Deer,UNKNOWN,UNKNOWN,1,54.09844,-122.674857,19,Historical,2008_2018
130155,2015-02-22,2015,UNKNOWN,PRINCE GEORGE,Deer,UNKNOWN,UNKNOWN,1,53.867526,-122.733908,19,Historical,2008_2018
130160,2015-02-23,2015,UNKNOWN,PRINCE GEORGE,Deer,UNKNOWN,UNKNOWN,1,53.808183,-122.947076,19,Historical,2008_2018
130169,2015-04-13,2015,UNKNOWN,PRINCE GEORGE,Moose,UNKNOWN,UNKNOWN,1,54.042308,-122.756469,19,Historical,2008_2018
130172,2015-04-13,2015,UNKNOWN,PRINCE GEORGE,Moose,UNKNOWN,UNKNOWN,1,53.820788,-122.881459,19,Historical,2008_2018
130170,2015-04-15,2015,UNKNOWN,PRINCE GEORGE,Moose,UNKNOWN,UNKNOWN,1,54.731251,-122.78696,19,Historical,2008_2018
130166,2015-04-16,2015,UNKNOWN,PRINCE GEORGE,Moose,UNKNOWN,UNKNOWN,1,53.792802,-122.656256,19,Historical,2008_2018
130173,2015-04-16,2015,UNKNOWN,PRINCE GEORGE,Moose,UNKNOWN,UNKNOWN,1,53.820788,-122.881459,19,Historical,2008_2018
130171,2015-04-18,2015,UNKNOWN,PRINCE GEORGE,Moose,UNKNOWN,UNKNOWN,1,54.021884,-122.785276,19,Historical,2008_2018
130174,2015-04-19,2015,UNKNOWN,PRINCE GEORGE,Deer,UNKNOWN,UNKNOWN,1,53.895257,-122.767134,19,Historical,2008_2018
130167,2015-04-20,2015,UNKNOWN,PRINCE GEORGE,Deer,UNKNOWN,UNKNOWN,1,53.766298,-122.656066,19,Historical,2008_2018
130175,2015-04-21,2015,UNKNOWN,PRINCE GEORGE,Moose,UNKNOWN,UNKNOWN,1,53.827474,-122.857647,19,Historical,2008_2018
130176,2015-04-21,2015,UNKNOWN,PRINCE GEORGE,Unknown,UNKNOWN,UNKNOWN,1,53.91305556,-122.7452778,19,Historical,2008_2018
130168,2015-04-29,2015,UNKNOWN,PRINCE GEORGE,Deer,UNKNOWN,UNKNOWN,1,53.884884,-122.741611,19,Historical,2008_2018
130180,2015-05-02,2015,UNKNOWN,PRINCE GEORGE,Moose,UNKNOWN,UNKNOWN,1,53.927337,-122.616662,19,Historical,2008_2018
130177,2015-05-06,2015,UNKNOWN,PRINCE GEORGE,Moose,UNKNOWN,UNKNOWN,1,54.034024,-122.768181,19,Historical,2008_2018
130178,2015-05-22,2015,UNKNOWN,PRINCE GEORGE,Elk,UNKNOWN,UNKNOWN,1,54.187302,-122.609357,19,Historical,2008_2018
130179,2015-05-28,2015,UNKNOWN,PRINCE GEORGE,Deer,UNKNOWN,UNKNOWN,1,53.93824,-122.759776,19,Historical,2008_2018
130289,2015-10-13,2015,UNKNOWN,PRINCE GEORGE,Moose,UNKNOWN,UNKNOWN,1,54.039696,-122.760187,19,Historical,2008_2018
130286,2015-10-22,2015,UNKNOWN,PRINCE GEORGE,Deer,UNKNOWN,UNKNOWN,1,53.696189,-122.667294,19,Historical,2008_2018
130283,2015-11-06,2015,UNKNOWN,PRINCE GEORGE,Deer,UNKNOWN,UNKNOWN,1,53.907039,-122.679461,19,Historical,2008_2018
130277,2015-11-09,2015,UNKNOWN,PRINCE GEORGE,Moose,UNKNOWN,UNKNOWN,1,54.018284,-122.79031,19,Historical,2008_2018
130284,2015-11-09,2015,UNKNOWN,PRINCE GEORGE,Deer,UNKNOWN,UNKNOWN,1,53.908438,-122.666653,19,Historical,2008_2018
130274,2015-11-12,2015,UNKNOWN,PRINCE GEORGE,Deer,UNKNOWN,UNKNOWN,1,53.842713,-122.692972,19,Historical,2008_2018
130275,2015-11-17,2015,UNKNOWN,PRINCE GEORGE,Deer,UNKNOWN,UNKNOWN,1,53.85126,-122.706934,19,Historical,2008_2018
130285,2015-11-24,2015,UNKNOWN,PRINCE GEORGE,Moose,UNKNOWN,UNKNOWN,1,53.817099,-121.34853,19,Historical,2008_2018
130276,2015-11-25,2015,UNKNOWN,PRINCE GEORGE,Deer,UNKNOWN,UNKNOWN,1,53.910378,-122.781582,19,Historical,2008_2018
130278,2015-11-25,2015,UNKNOWN,PRINCE GEORGE,Deer,UNKNOWN,UNKNOWN,1,54.118681,-122.645219,19,Historical,2008_2018
130279,2015-11-25,2015,UNKNOWN,PRINCE GEORGE,Moose,UNKNOWN,UNKNOWN,1,54.083075,-122.697238,19,Historical,2008_2018
130185,2015-12-04,2015,UNKNOWN,PRINCE GEORGER,Moose,UNKNOWN,UNKNOWN,1,53.944754,-122.455181,19,Historical,2008_2018
130183,2015-12-10,2015,UNKNOWN,PRINCE GEORGER,Deer,UNKNOWN,UNKNOWN,1,53.92037,-122.647898,19,Historical,2008_2018
130191,2015-12-17,2015,UNKNOWN,PRINCE GEORGER,Deer,UNKNOWN,UNKNOWN,1,54.099958,-122.658445,19,Historical,2008_2018
130190,2015-12-20,2015,UNKNOWN,PRINCE GEORGER,Moose,UNKNOWN,UNKNOWN,1,54.015315,-122.794522,19,Historical,2008_2018
130181,2015-12-21,2015,UNKNOWN,PRINCE GEORGER,Deer,UNKNOWN,UNKNOWN,1,53.823114,-122.873216,19,Historical,2008_2018
130187,2015-12-21,2015,UNKNOWN,PRINCE GEORGER,Deer,UNKNOWN,UNKNOWN,1,53.666657,-122.677511,19,Historical,2008_2018
130188,2015-12-22,2015,UNKNOWN,PRINCE GEORGER,Moose,UNKNOWN,UNKNOWN,1,53.781084,-122.656142,19,Historical,2008_2018
130189,2015-12-24,2015,UNKNOWN,PRINCE GEORGER,Moose,UNKNOWN,ADULT,1,53.781084,-122.656142,19,Historical,2008_2018
130184,2015-12-26,2015,UNKNOWN,PRINCE GEORGER,Moose,UNKNOWN,UNKNOWN,1,53.92037,-122.647898,19,Historical,2008_2018
130182,2015-12-28,2015,UNKNOWN,PRINCE GEORGER,Moose,UNKNOWN,UNKNOWN,1,53.907544,-122.673031,19,Historical,2008_2018
130186,2015-12-28,2015,UNKNOWN,PRINCE GEORGER,Moose,UNKNOWN,UNKNOWN,1,53.916835,-121.740181,19,Historical,2008_2018
130192,2015-12-28,2015,UNKNOWN,PRINCE GEORGER,Moose,UNKNOWN,UNKNOWN,1,54.176655,-122.610694,19,Historical,2008_2018
130193,2015-12-28,2015,UNKNOWN,PRINCE GEORGER,Deer,UNKNOWN,UNKNOWN,1,54.248822,-122.617037,19,Historical,2008_2018
130203,2016-01-07,2016,UNKNOWN,PRINCE GEORGE,Deer,UNKNOWN,UNKNOWN,1,53.940557,-122.760744,19,Historical,2008_2018
130200,2016-01-09,2016,UNKNOWN,PRINCE GEORGE,Deer,UNKNOWN,UNKNOWN,1,53.692113,-122.669884,19,Historical,2008_2018
130207,2016-01-09,2016,UNKNOWN,PRINCE GEORGE,Deer,UNKNOWN,UNKNOWN,1,53.906292,-122.710285,19,Historical,2008_2018
130208,2016-01-11,2016,UNKNOWN,PRINCE GEORGE,Moose,UNKNOWN,UNKNOWN,1,53.88319,-122.13213,19,Historical,2008_2018
130201,2016-01-30,2016,UNKNOWN,PRINCE GEORGE,Deer,UNKNOWN,UNKNOWN,1,53.93824,-122.759776,19,Historical,2008_2018
130202,2016-01-31,2016,UNKNOWN,PRINCE GEORGE,Deer,UNKNOWN,UNKNOWN,1,53.93824,-122.759776,19,Historical,2008_2018
130198,2016-02-08,2016,UNKNOWN,PRINCE GEORGE,Moose,UNKNOWN,UNKNOWN,1,53.876932,-122.272637,19,Historical,2008_2018
130197,2016-02-22,2016,UNKNOWN,PRINCE GEORGE,Moose,UNKNOWN,YOUNG,1,53.856633,-123.219073,19,Historical,2008_2018
130199,2016-02-22,2016,UNKNOWN,PRINCE GEORGE,Moose,UNKNOWN,UNKNOWN,1,53.892301,-122.293726,19,Historical,2008_2018
130211,2016-03-09,2016,UNKNOWN,PRINCE GEORGE,Deer,UNKNOWN,UNKNOWN,1,53.908432,-122.666635,19,Historical,2008_2018
130210,2016-03-21,2016,UNKNOWN,PRINCE GEORGE,Moose,UNKNOWN,UNKNOWN,1,53.706754,-122.656747,19,Historical,2008_2018
130213,2016-03-23,2016,UNKNOWN,PRINCE GEORGE,Deer,UNKNOWN,UNKNOWN,1,53.809224,-123.012608,19,Historical,2008_2018
130221,2016-04-03,2016,UNKNOWN,PRINCE GEORGE,Moose,UNKNOWN,UNKNOWN,1,53.946149,-122.499212,19,Historical,2008_2018
130224,2016-04-06,2016,UNKNOWN,PRINCE GEORGE,Moose,UNKNOWN,UNKNOWN,1,53.907823,-122.334248,19,Historical,2008_2018
130219,2016-04-08,2016,UNKNOWN,PRINCE GEORGE,Moose,UNKNOWN,UNKNOWN,1,53.895525,-122.767165,19,Historical,2008_2018
130214,2016-04-12,2016,UNKNOWN,PRINCE GEORGE,Deer,UNKNOWN,UNKNOWN,1,53.93824,-122.759776,19,Historical,2008_2018
130218,2016-04-14,2016,UNKNOWN,PRINCE GEORGE,Deer,UNKNOWN,UNKNOWN,1,53.864993,-122.791601,19,Historical,2008_2018
130223,2016-04-17,2016,UNKNOWN,PRINCE GEORGE,Moose,UNKNOWN,UNKNOWN,1,53.907962,-122.334622,19,Historical,2008_2018
130217,2016-04-18,2016,UNKNOWN,PRINCE GEORGE,Deer,UNKNOWN,UNKNOWN,1,53.817492,-123.051224,19,Historical,2008_2018
130220,2016-04-18,2016,UNKNOWN,PRINCE GEORGE,Bear,UNKNOWN,UNKNOWN,1,53.905194,-122.715944,19,Historical,2008_2018
130222,2016-04-18,2016,UNKNOWN,PRINCE GEORGE,Moose,UNKNOWN,UNKNOWN,1,53.944754,-122.455181,19,Historical,2008_2018
130215,2016-04-30,2016,UNKNOWN,PRINCE GEORGE,Bear,UNKNOWN,UNKNOWN,1,54.042308,-122.756469,19,Historical,2008_2018
130227,2016-05-02,2016,UNKNOWN,PRINCE GEORGE,Bear,UNKNOWN,YOUNG,1,54.270825,-122.628159,19,Historical,2008_2018
130225,2016-05-06,2016,UNKNOWN,PRINCE GEORGE,Unknown,UNKNOWN,UNKNOWN,1,53.91305556,-122.7452778,19,Historical,2008_2018
130226,2016-05-07,2016,UNKNOWN,PRINCE GEORGE,Moose,UNKNOWN,UNKNOWN,1,54.1723,-122.609901,19,Historical,2008_2018
130230,2016-05-09,2016,UNKNOWN,PRINCE GEORGE,Deer,UNKNOWN,UNKNOWN,1,53.808168,-123.003251,19,Historical,2008_2018
130231,2016-05-29,2016,UNKNOWN,PRINCE GEORGE,Moose,UNKNOWN,UNKNOWN,1,53.919234,-122.649371,19,Historical,2008_2018
130232,2016-06-06,2016,UNKNOWN,PRINCE GEORGE,Deer,UNKNOWN,UNKNOWN,1,53.712222,-122.655669,19,Historical,2008_2018
130234,2016-06-06,2016,UNKNOWN,PRINCE GEORGE,Bear,UNKNOWN,UNKNOWN,1,54.068888,-122.715098,19,Historical,2008_2018
130239,2016-06-08,2016,UNKNOWN,PRINCE GEORGE,Deer,UNKNOWN,UNKNOWN,1,53.864993,-122.791601,19,Historical,2008_2018
130240,2016-06-10,2016,UNKNOWN,PRINCE GEORGE,Moose,UNKNOWN,UNKNOWN,1,53.855746,-123.21686,19,Historical,2008_2018
130233,2016-06-17,2016,UNKNOWN,PRINCE GEORGE,Deer,UNKNOWN,UNKNOWN,1,53.884884,-122.741611,19,Historical,2008_2018
130236,2016-06-19,2016,UNKNOWN,PRINCE GEORGE,Bear,UNKNOWN,UNKNOWN,1,54.270699,-122.628186,19,Historical,2008_2018
130237,2016-06-22,2016,UNKNOWN,PRINCE GEORGE,Moose,UNKNOWN,UNKNOWN,1,54.102837,-122.651505,19,Historical,2008_2018
130241,2016-06-23,2016,UNKNOWN,PRINCE GEORGE,Moose,UNKNOWN,UNKNOWN,1,53.913988,-122.655758,19,Historical,2008_2018
130244,2016-08-04,2016,UNKNOWN,PRINCE GEORGE,Moose,UNKNOWN,UNKNOWN,1,53.855746,-123.21686,19,Historical,2008_2018
130246,2016-08-08,2016,UNKNOWN,PRINCE GEORGE,Deer,UNKNOWN,UNKNOWN,1,53.908042,-122.721719,19,Historical,2008_2018
130247,2016-08-09,2016,UNKNOWN,PRINCE GEORGE,Moose,UNKNOWN,UNKNOWN,1,53.934308,-122.568993,19,Historical,2008_2018
130242,2016-08-24,2016,UNKNOWN,PRINCE GEORGE,Moose,UNKNOWN,UNKNOWN,1,53.781084,-122.656142,19,Historical,2008_2018
130245,2016-08-26,2016,UNKNOWN,PRINCE GEORGE,Deer,UNKNOWN,UNKNOWN,2,53.808183,-122.947076,19,Historical,2008_2018
130262,2016-10-03,2016,UNKNOWN,PRINCE GEORGE,Bear,UNKNOWN,UNKNOWN,1,53.982463,-122.77755,19,Historical,2008_2018
130266,2016-10-03,2016,UNKNOWN,PRINCE GEORGE,Deer,UNKNOWN,UNKNOWN,1,54.257076,-122.622557,19,Historical,2008_2018
130271,2016-10-06,2016,UNKNOWN,PRINCE GEORGE,Bear,UNKNOWN,UNKNOWN,1,53.869128,-122.78035,19,Historical,2008_2018
130260,2016-10-16,2016,UNKNOWN,PRINCE GEORGE,Deer,UNKNOWN,UNKNOWN,1,53.764971,-122.656067,19,Historical,2008_2018
130265,2016-10-21,2016,UNKNOWN,PRINCE GEORGE,Moose,UNKNOWN,UNKNOWN,1,54.042308,-122.756469,19,Historical,2008_2018
130263,2016-10-22,2016,UNKNOWN,PRINCE GEORGE,Bear,UNKNOWN,UNKNOWN,1,54.003637,-122.801015,19,Historical,2008_2018
130270,2016-10-23,2016,UNKNOWN,PRINCE GEORGE,Deer,UNKNOWN,UNKNOWN,1,53.816092,-122.913235,19,Historical,2008_2018
130264,2016-10-24,2016,UNKNOWN,PRINCE GEORGE,Bear,UNKNOWN,UNKNOWN,1,54.015315,-122.794522,19,Historical,2008_2018
130272,2016-10-26,2016,UNKNOWN,PRINCE GEORGE,Moose,UNKNOWN,UNKNOWN,1,53.92037,-122.647898,19,Historical,2008_2018
130261,2016-10-28,2016,UNKNOWN,PRINCE GEORGE,Moose,UNKNOWN,UNKNOWN,1,53.808488,-122.656364,19,Historical,2008_2018
130273,2016-10-28,2016,UNKNOWN,PRINCE GEORGE,Moose,UNKNOWN,UNKNOWN,1,53.934308,-122.568993,19,Historical,2008_2018
129140,2016-10-30,2016,UNKNOWN,PG,Deer,UNKNOWN,UNKNOWN,1,53.419608,-122.585201,18,Historical,2008_2018
130307,2016-11-05,2016,UNKNOWN,PRINCE GEORGE,Bear,UNKNOWN,YOUNG,1,53.792854,-122.656228,19,Historical,2008_2018
130306,2016-11-14,2016,UNKNOWN,PRINCE GEORGE,Deer,UNKNOWN,UNKNOWN,1,53.661263,-122.677269,19,Historical,2008_2018
130309,2016-11-29,2016,UNKNOWN,PRINCE GEORGE,Deer,UNKNOWN,UNKNOWN,1,53.820098,-122.88391,19,Historical,2008_2018
130252,2016-12-06,2016,UNKNOWN,PRINCE GEORGE,Moose,UNKNOWN,UNKNOWN,1,54.197743,-122.603478,19,Historical,2008_2018
130254,2016-12-06,2016,UNKNOWN,PRINCE GEORGE,Moose,UNKNOWN,UNKNOWN,1,54.270699,-122.628186,19,Historical,2008_2018
130259,2016-12-06,2016,UNKNOWN,PRINCE GEORGE,Moose,UNKNOWN,UNKNOWN,1,53.885486,-122.28481,19,Historical,2008_2018
130256,2016-12-15,2016,UNKNOWN,PRINCE GEORGE,Moose,UNKNOWN,UNKNOWN,1,53.866288,-123.293634,19,Historical,2008_2018
130253,2016-12-16,2016,UNKNOWN,PRINCE GEORGE,Moose,UNKNOWN,UNKNOWN,1,54.214661,-122.603353,19,Historical,2008_2018
130258,2016-12-21,2016,UNKNOWN,PRINCE GEORGE,Moose,UNKNOWN,UNKNOWN,1,53.927338,-122.616205,19,Historical,2008_2018
130249,2016-12-22,2016,UNKNOWN,PRINCE GEORGE,Moose,UNKNOWN,UNKNOWN,1,53.973788,-122.76797,19,Historical,2008_2018
130257,2016-12-27,2016,UNKNOWN,PRINCE GEORGE,Moose,UNKNOWN,UNKNOWN,1,53.907992,-122.700444,19,Historical,2008_2018
130248,2016-12-28,2016,UNKNOWN,PRINCE GEORGE,Moose,UNKNOWN,UNKNOWN,1,53.842201,-122.692165,19,Historical,2008_2018
130250,2016-12-29,2016,UNKNOWN,PRINCE GEORGE,Moose,UNKNOWN,UNKNOWN,1,54.042295,-122.756526,19,Historical,2008_2018
130251,2016-12-29,2016,UNKNOWN,PRINCE GEORGE,Moose,UNKNOWN,UNKNOWN,1,54.176323,-122.610657,19,Historical,2008_2018
130255,2016-12-29,2016,UNKNOWN,PRINCE GEORGE,Bear,UNKNOWN,UNKNOWN,1,55.025125,-123.032722,19,Historical,2008_2018
130349,2017-01-01,2017,UNKNOWN,PRINCE GEORGE,Deer,UNKNOWN,UNKNOWN,1,53.914352,-122.351935,19,Historical,2008_2018
130350,2017-01-01,2017,UNKNOWN,PRINCE GEORGE,Bear,UNKNOWN,UNKNOWN,1,53.914352,-122.351935,19,Historical,2008_2018
130314,2017-01-03,2017,UNKNOWN,PRINCE GEORGE,Deer,UNKNOWN,UNKNOWN,1,53.842713,-122.692972,19,Historical,2008_2018
130325,2017-01-09,2017,UNKNOWN,PRINCE GEORGE,Moose,UNKNOWN,UNKNOWN,1,53.880584,-122.229567,19,Historical,2008_2018
130322,2017-01-11,2017,UNKNOWN,PRINCE GEORGE,Moose,UNKNOWN,UNKNOWN,1,53.944754,-122.455181,19,Historical,2008_2018
130324,2017-01-11,2017,UNKNOWN,PRINCE GEORGE,Moose,UNKNOWN,UNKNOWN,1,53.878871,-122.242042,19,Historical,2008_2018
130317,2017-01-12,2017,UNKNOWN,PRINCE GEORGE,Moose,UNKNOWN,UNKNOWN,1,54.21995,-122.604166,19,Historical,2008_2018
130315,2017-01-13,2017,UNKNOWN,PRINCE GEORGE,Deer,UNKNOWN,UNKNOWN,1,53.867526,-122.733908,19,Historical,2008_2018
130313,2017-01-18,2017,UNKNOWN,PRINCE GEORGE,Deer,UNKNOWN,UNKNOWN,1,53.634103,-122.663738,19,Historical,2008_2018
130326,2017-01-18,2017,UNKNOWN,PRINCE GEORGE,Moose,UNKNOWN,UNKNOWN,1,53.901796,-122.031946,19,Historical,2008_2018
130323,2017-01-19,2017,UNKNOWN,PRINCE GEORGE,Moose,UNKNOWN,UNKNOWN,1,53.920596,-122.368799,19,Historical,2008_2018
130316,2017-01-20,2017,UNKNOWN,PRINCE GEORGE,Moose,UNKNOWN,UNKNOWN,1,54.035312,-122.766381,19,Historical,2008_2018
130321,2017-01-30,2017,UNKNOWN,PRINCE GEORGE,Moose,UNKNOWN,UNKNOWN,1,53.877582,-123.404299,19,Historical,2008_2018
130292,2017-02-02,2017,UNKNOWN,PRINCE GEORGE,Moose,UNKNOWN,UNKNOWN,1,53.931332,-122.575891,19,Historical,2008_2018
130291,2017-02-03,2017,UNKNOWN,PRINCE GEORGE,Moose,UNKNOWN,UNKNOWN,1,53.920592,-122.781539,19,Historical,2008_2018
130290,2017-02-22,2017,UNKNOWN,PRINCE GEORGE,Moose,UNKNOWN,UNKNOWN,1,53.819106,-122.656474,19,Historical,2008_2018
130297,2017-03-01,2017,UNKNOWN,PRINCE GEORGE,Moose,UNKNOWN,UNKNOWN,1,53.884884,-122.741611,19,Historical,2008_2018
130295,2017-03-15,2017,UNKNOWN,PRINCE GEORGE,Moose,UNKNOWN,UNKNOWN,1,53.661731,-122.677269,19,Historical,2008_2018
130296,2017-03-17,2017,UNKNOWN,PRINCE GEORGE,Moose,UNKNOWN,UNKNOWN,1,53.855931,-122.714617,19,Historical,2008_2018
130299,2017-03-19,2017,UNKNOWN,PRINCE GEORGE,Moose,UNKNOWN,UNKNOWN,1,54.09844,-122.674857,19,Historical,2008_2018
130298,2017-03-25,2017,UNKNOWN,PRINCE GEORGE,Deer,UNKNOWN,UNKNOWN,1,54.079513,-122.701948,19,Historical,2008_2018
130302,2017-04-06,2017,UNKNOWN,PRINCE GEORGE,Moose,UNKNOWN,UNKNOWN,1,54.099958,-122.658445,19,Historical,2008_2018
130305,2017-04-08,2017,UNKNOWN,PRINCE GEORGE,Moose,UNKNOWN,UNKNOWN,1,53.927223,-122.591202,19,Historical,2008_2018
130301,2017-04-22,2017,UNKNOWN,PRINCE GEORGE,Deer,UNKNOWN,UNKNOWN,1,53.931316,-122.774689,19,Historical,2008_2018
130327,2017-05-05,2017,UNKNOWN,PRINCE GEORGE,Deer,UNKNOWN,UNKNOWN,1,53.66678,-122.6774,19,Historical,2008_2018
130331,2017-05-13,2017,UNKNOWN,PRINCE GEORGE,Bear,UNKNOWN,UNKNOWN,1,54.28985,-122.627941,19,Historical,2008_2018
130336,2017-05-19,2017,UNKNOWN,PRINCE GEORGE,Deer,UNKNOWN,UNKNOWN,1,53.732929,-121.160986,19,Historical,2008_2018
130330,2017-05-24,2017,UNKNOWN,PRINCE GEORGE,Deer,UNKNOWN,UNKNOWN,1,54.262239,-122.625521,19,Historical,2008_2018
130328,2017-05-25,2017,UNKNOWN,PRINCE GEORGE,Moose,UNKNOWN,UNKNOWN,1,53.792854,-122.656228,19,Historical,2008_2018
130329,2017-05-27,2017,UNKNOWN,PRINCE GEORGE,Moose,UNKNOWN,UNKNOWN,1,54.09844,-122.674857,19,Historical,2008_2018
130334,2017-05-29,2017,UNKNOWN,PRINCE GEORGE,Moose,UNKNOWN,UNKNOWN,1,53.878871,-122.242042,19,Historical,2008_2018
130335,2017-05-29,2017,UNKNOWN,PRINCE GEORGE,Moose,UNKNOWN,UNKNOWN,1,53.874409,-121.591247,19,Historical,2008_2018
130337,2017-05-29,2017,UNKNOWN,PRINCE GEORGE,Bear,UNKNOWN,UNKNOWN,1,53.725517,-121.138153,19,Historical,2008_2018
130344,2017-06-02,2017,UNKNOWN,PRINCE GEORGE,Moose,UNKNOWN,UNKNOWN,1,54.321824,-122.641854,19,Historical,2008_2018
130342,2017-06-05,2017,UNKNOWN,PRINCE GEORGE,Bear,UNKNOWN,YOUNG,1,54.260723,-122.624179,19,Historical,2008_2018
130338,2017-06-06,2017,UNKNOWN,PRINCE GEORGE,Moose,UNKNOWN,UNKNOWN,1,53.742882,-122.655901,19,Historical,2008_2018
130351,2017-06-06,2017,UNKNOWN,PRINCE GEORGE,Deer,UNKNOWN,UNKNOWN,1,53.878871,-122.242042,19,Historical,2008_2018
130340,2017-06-11,2017,UNKNOWN,PRINCE GEORGE,Deer,UNKNOWN,UNKNOWN,1,53.897788,-122.769667,19,Historical,2008_2018
130347,2017-06-11,2017,UNKNOWN,PRINCE GEORGE,Deer,UNKNOWN,UNKNOWN,1,53.835477,-122.838863,19,Historical,2008_2018
130343,2017-06-19,2017,UNKNOWN,PRINCE GEORGE,Bear,UNKNOWN,YOUNG,1,54.29616,-122.623117,19,Historical,2008_2018
130348,2017-06-22,2017,UNKNOWN,PRINCE GEORGE,Deer,UNKNOWN,UNKNOWN,1,53.927316,-122.626255,19,Historical,2008_2018
130341,2017-06-26,2017,UNKNOWN,PRINCE GEORGE,Moose,UNKNOWN,UNKNOWN,1,54.083075,-122.697238,19,Historical,2008_2018
130339,2017-06-28,2017,UNKNOWN,PRINCE GEORGE,Deer,UNKNOWN,UNKNOWN,1,53.781221,-122.656185,19,Historical,2008_2018
130353,2017-07-04,2017,UNKNOWN,PRINCE GEORGE,Deer,UNKNOWN,UNKNOWN,1,53.782657,-122.656198,19,Historical,2008_2018
130360,2017-07-11,2017,UNKNOWN,PRINCE GEORGE,Moose,UNKNOWN,UNKNOWN,1,53.883484,-122.148547,19,Historical,2008_2018
130356,2017-07-17,2017,UNKNOWN,PRINCE GEORGE,Wolf,UNKNOWN,UNKNOWN,1,54.32939,-122.646814,19,Historical,2008_2018
130354,2017-07-19,2017,UNKNOWN,PRINCE GEORGE,Moose,UNKNOWN,UNKNOWN,1,53.8255,-122.664969,19,Historical,2008_2018
130361,2017-07-26,2017,UNKNOWN,PRINCE GEORGE,Moose,UNKNOWN,UNKNOWN,1,53.895178,-121.956323,19,Historical,2008_2018
130362,2017-07-26,2017,UNKNOWN,PRINCE GEORGE,Deer,UNKNOWN,UNKNOWN,1,53.867732,-121.548504,19,Historical,2008_2018
130355,2017-07-29,2017,UNKNOWN,PRINCE GEORGE,Deer,UNKNOWN,UNKNOWN,1,53.898218,-122.771343,19,Historical,2008_2018
130371,2017-09-16,2017,UNKNOWN,PRINCE GEORGE,Deer,UNKNOWN,UNKNOWN,1,53.81048,-122.960543,19,Historical,2008_2018
130372,2017-09-17,2017,UNKNOWN,PRINCE GEORGE,Bear,UNKNOWN,UNKNOWN,1,53.865519,-123.266278,19,Historical,2008_2018
130373,2017-09-17,2017,UNKNOWN,PRINCE GEORGE,Unknown,UNKNOWN,UNKNOWN,1,53.91305556,-122.7452778,19,Historical,2008_2018
130367,2017-09-26,2017,UNKNOWN,PRINCE GEORGE,Moose,UNKNOWN,UNKNOWN,1,53.992508,-122.792192,19,Historical,2008_2018
130366,2017-09-27,2017,UNKNOWN,PRINCE GEORGE,Moose,UNKNOWN,UNKNOWN,1,53.989533,-122.786788,19,Historical,2008_2018
130368,2017-09-29,2017,UNKNOWN,PRINCE GEORGE,Moose,UNKNOWN,UNKNOWN,1,54.3049,-122.623468,19,Historical,2008_2018
130386,2017-11-01,2017,UNKNOWN,PRINCE GEORGE,Bear,UNKNOWN,UNKNOWN,1,53.836831,-122.68341,19,Historical,2008_2018
130380,2017-11-02,2017,UNKNOWN,PRINCE GEORGE,Moose,UNKNOWN,UNKNOWN,1,53.907143,-122.676129,19,Historical,2008_2018
130405,2017-11-04,2017,UNKNOWN,PRINCE GEORGE,Elk,UNKNOWN,UNKNOWN,1,53.908438,-122.666653,19,Historical,2008_2018
130396,2017-11-06,2017,UNKNOWN,PRINCE GEORGE,Bear,UNKNOWN,UNKNOWN,1,53.900307,-122.014099,19,Historical,2008_2018
130374,2017-11-08,2017,UNKNOWN,PRINCE GEORGE,Deer,UNKNOWN,UNKNOWN,1,53.640085,-122.66354,19,Historical,2008_2018
130410,2017-11-09,2017,UNKNOWN,PRINCE GEORGE,Moose,UNKNOWN,UNKNOWN,1,53.876738,-122.271968,19,Historical,2008_2018
130375,2017-11-10,2017,UNKNOWN,PRINCE GEORGE,Bear,UNKNOWN,YOUNG,1,53.87124,-122.734789,19,Historical,2008_2018
130387,2017-11-10,2017,UNKNOWN,PRINCE GEORGE,Deer,UNKNOWN,UNKNOWN,1,53.877843,-122.736612,19,Historical,2008_2018
130393,2017-11-10,2017,UNKNOWN,PRINCE GEORGE,Deer,UNKNOWN,UNKNOWN,1,53.817543,-123.064649,19,Historical,2008_2018
130379,2017-11-14,2017,UNKNOWN,PRINCE GEORGE,Deer,UNKNOWN,UNKNOWN,1,53.842386,-123.177252,19,Historical,2008_2018
130381,2017-11-15,2017,UNKNOWN,PRINCE GEORGE,Moose,UNKNOWN,UNKNOWN,1,53.927296,-122.615503,19,Historical,2008_2018
130388,2017-11-18,2017,UNKNOWN,PRINCE GEORGE,Deer,UNKNOWN,UNKNOWN,1,54.099027,-122.663843,19,Historical,2008_2018
130406,2017-11-18,2017,UNKNOWN,PRINCE GEORGE,Moose,UNKNOWN,UNKNOWN,1,53.927296,-122.615503,19,Historical,2008_2018
130378,2017-11-19,2017,UNKNOWN,PRINCE GEORGE,Deer,UNKNOWN,UNKNOWN,1,53.864929,-123.342709,19,Historical,2008_2018
130409,2017-11-19,2017,UNKNOWN,PRINCE GEORGE,Deer,UNKNOWN,UNKNOWN,1,53.904744,-122.325842,19,Historical,2008_2018
130407,2017-11-20,2017,UNKNOWN,PRINCE GEORGE,Deer,UNKNOWN,UNKNOWN,1,53.946152,-122.499521,19,Historical,2008_2018
130401,2017-11-21,2017,UNKNOWN,PRINCE GEORGE,Deer,UNKNOWN,UNKNOWN,1,53.836721,-122.683157,19,Historical,2008_2018
130385,2017-11-26,2017,UNKNOWN,PRINCE GEORGE,Moose,UNKNOWN,UNKNOWN,1,53.82262,-122.660232,19,Historical,2008_2018
130384,2017-11-27,2017,UNKNOWN,PRINCE GEORGE,Deer,UNKNOWN,UNKNOWN,1,53.661731,-122.677269,19,Historical,2008_2018
130392,2017-11-27,2017,UNKNOWN,PRINCE GEORGE,Moose,UNKNOWN,UNKNOWN,1,53.855746,-123.21686,19,Historical,2008_2018
130394,2017-11-27,2017,UNKNOWN,PRINCE GEORGE,Deer,UNKNOWN,UNKNOWN,1,53.817543,-123.064649,19,Historical,2008_2018
130408,2017-11-28,2017,UNKNOWN,PRINCE GEORGE,Moose,UNKNOWN,UNKNOWN,1,53.909735,-122.339423,19,Historical,2008_2018
130389,2017-11-29,2017,UNKNOWN,PRINCE GEORGE,Moose,UNKNOWN,UNKNOWN,1,54.134545,-122.633568,19,Historical,2008_2018
130395,2017-11-30,2017,UNKNOWN,PRINCE GEORGE,Moose,UNKNOWN,UNKNOWN,1,53.903325,-122.058709,19,Historical,2008_2018
130414,2017-12-01,2017,UNKNOWN,PRINCE GEORGE,Deer,UNKNOWN,UNKNOWN,1,54.042308,-122.756469,19,Historical,2008_2018
130417,2017-12-01,2017,UNKNOWN,PRINCE GEORGE,Elk,UNKNOWN,UNKNOWN,1,53.927296,-122.615503,19,Historical,2008_2018
130418,2017-12-01,2017,UNKNOWN,PRINCE GEORGE,Deer,UNKNOWN,UNKNOWN,1,53.927296,-122.615503,19,Historical,2008_2018
130419,2017-12-01,2017,UNKNOWN,PRINCE GEORGE,Deer,UNKNOWN,UNKNOWN,1,53.926682,-122.601691,19,Historical,2008_2018
130420,2017-12-01,2017,UNKNOWN,PRINCE GEORGE,Moose,UNKNOWN,UNKNOWN,1,53.934308,-122.568993,19,Historical,2008_2018
130413,2017-12-11,2017,UNKNOWN,PRINCE GEORGE,Deer,UNKNOWN,UNKNOWN,1,53.93824,-122.759776,19,Historical,2008_2018
130416,2017-12-11,2017,UNKNOWN,PRINCE GEORGE,Deer,UNKNOWN,UNKNOWN,1,53.92037,-122.647898,19,Historical,2008_2018
130421,2018-01-04,2018,UNKNOWN,PRINCE GEORGE,Deer,UNKNOWN,UNKNOWN,1,53.85126,-122.706934,19,Historical,2018_2025
130421,2018-01-04,2018,UNKNOWN,PRINCE GEORGE,Deer,UNKNOWN,UNKNOWN,1,53.85126,-122.706934,19,Historical,2008_2018
130422,2018-01-04,2018,UNKNOWN,PRINCE GEORGE,Coyote,UNKNOWN,UNKNOWN,1,54.108755,-122.649782,19,Historical,2018_2025
130422,2018-01-04,2018,UNKNOWN,PRINCE GEORGE,Coyote,UNKNOWN,UNKNOWN,1,54.108755,-122.649782,19,Historical,2008_2018
130423,2018-01-04,2018,UNKNOWN,PRINCE GEORGE,Moose,UNKNOWN,UNKNOWN,1,54.147382,-122.624143,19,Historical,2018_2025
130423,2018-01-04,2018,UNKNOWN,PRINCE GEORGE,Moose,UNKNOWN,UNKNOWN,1,54.147382,-122.624143,19,Historical,2008_2018
130425,2018-01-07,2018,UNKNOWN,PRINCE GEORGE,Moose,UNKNOWN,UNKNOWN,1,54.310626,-122.62431,19,Historical,2018_2025
130425,2018-01-07,2018,UNKNOWN,PRINCE GEORGE,Moose,UNKNOWN,UNKNOWN,1,54.310626,-122.62431,19,Historical,2008_2018
130429,2018-01-11,2018,UNKNOWN,PRINCE GEORGE,Deer,UNKNOWN,UNKNOWN,1,53.907039,-122.679461,19,Historical,2018_2025
130429,2018-01-11,2018,UNKNOWN,PRINCE GEORGE,Deer,UNKNOWN,UNKNOWN,1,53.907039,-122.679461,19,Historical,2008_2018
130433,2018-01-12,2018,UNKNOWN,PRINCE GEORGE,Moose,UNKNOWN,UNKNOWN,1,53.677177,-120.943207,19,Historical,2018_2025
130433,2018-01-12,2018,UNKNOWN,PRINCE GEORGE,Moose,UNKNOWN,UNKNOWN,1,53.677177,-120.943207,19,Historical,2008_2018
130428,2018-01-14,2018,UNKNOWN,PRINCE GEORGE,Moose,UNKNOWN,UNKNOWN,1,53.835477,-122.838863,19,Historical,2018_2025
130428,2018-01-14,2018,UNKNOWN,PRINCE GEORGE,Moose,UNKNOWN,UNKNOWN,1,53.835477,-122.838863,19,Historical,2008_2018
130432,2018-01-14,2018,UNKNOWN,PRINCE GEORGE,Moose,UNKNOWN,UNKNOWN,1,53.897125,-122.084902,19,Historical,2018_2025
130432,2018-01-14,2018,UNKNOWN,PRINCE GEORGE,Moose,UNKNOWN,UNKNOWN,1,53.897125,-122.084902,19,Historical,2008_2018
130424,2018-01-18,2018,UNKNOWN,PRINCE GEORGE,Moose,UNKNOWN,UNKNOWN,1,54.20695,-122.60339,19,Historical,2018_2025
130424,2018-01-18,2018,UNKNOWN,PRINCE GEORGE,Moose,UNKNOWN,UNKNOWN,1,54.20695,-122.60339,19,Historical,2008_2018
130430,2018-01-20,2018,UNKNOWN,PRINCE GEORGE,Moose,UNKNOWN,UNKNOWN,1,53.927296,-122.615503,19,Historical,2018_2025
130430,2018-01-20,2018,UNKNOWN,PRINCE GEORGE,Moose,UNKNOWN,UNKNOWN,1,53.927296,-122.615503,19,Historical,2008_2018
130431,2018-01-31,2018,UNKNOWN,PRINCE GEORGE,Moose,UNKNOWN,UNKNOWN,1,53.927067,-122.607093,19,Historical,2018_2025
130431,2018-01-31,2018,UNKNOWN,PRINCE GEORGE,Moose,UNKNOWN,UNKNOWN,1,53.927067,-122.607093,19,Historical,2008_2018
130434,2018-02-21,2018,UNKNOWN,PRINCE GEORGE,Moose,UNKNOWN,UNKNOWN,1,53.88692,-122.286638,19,Historical,2018_2025
130434,2018-02-21,2018,UNKNOWN,PRINCE GEORGE,Moose,UNKNOWN,UNKNOWN,1,53.88692,-122.286638,19,Historical,2008_2018
130435,2018-02-25,2018,UNKNOWN,PRINCE GEORGE,Moose,UNKNOWN,UNKNOWN,1,53.910063,-121.710655,19,Historical,2018_2025
130435,2018-02-25,2018,UNKNOWN,PRINCE GEORGE,Moose,UNKNOWN,UNKNOWN,1,53.910063,-121.710655,19,Historical,2008_2018
139506,2019-06-03,2019,UNKNOWN,Prince George,Moose,UNKNOWN,ADULT,1,53.90788651,-122.3340607,19,Historical,2018_2025
139513,2019-06-12,2019,UNKNOWN,Prince George,Moose,UNKNOWN,YOUNG,1,53.91563034,-122.1503601,19,Historical,2018_2025
139514,2019-06-12,2019,UNKNOWN,prince george,Deer,UNKNOWN,UNKNOWN,1,53.95575714,-122.7654266,19,Historical,2018_2025
139516,2019-06-15,2019,UNKNOWN,prince George,Bear,UNKNOWN,ADULT,1,53.97642136,-122.7690811,19,Historical,2018_2025
139517,2019-06-20,2019,UNKNOWN,prince George,Moose,UNKNOWN,ADULT,1,53.89097977,-122.2917862,19,Historical,2018_2025
139519,2019-06-24,2019,UNKNOWN,prince George I,Deer,UNKNOWN,UNKNOWN,1,53.86615372,-122.7791367,19,Historical,2018_2025
139522,2019-06-27,2019,UNKNOWN,Prince George,Moose,UNKNOWN,ADULT,1,54.05447006,-122.9932785,19,Historical,2018_2025
139524,2019-07-05,2019,UNKNOWN,Prince George,Moose,UNKNOWN,ADULT,1,54.00866318,-122.7720413,19,Historical,2018_2025
139525,2019-07-10,2019,UNKNOWN,prince George,Deer,UNKNOWN,ADULT,1,53.80886841,-122.6577454,19,Historical,2018_2025
139526,2019-07-13,2019,UNKNOWN,Prince George,Moose,UNKNOWN,UNKNOWN,1,53.86494827,-122.7919464,19,Historical,2018_2025
139527,2019-07-16,2019,UNKNOWN,prince George,Moose,UNKNOWN,ADULT,1,53.85933685,-122.8079529,19,Historical,2018_2025
139528,2019-07-21,2019,UNKNOWN,Prince George,Deer,UNKNOWN,ADULT,1,54.18929672,-122.6081696,19,Historical,2018_2025
139529,2019-07-22,2019,UNKNOWN,prince George,Deer,UNKNOWN,UNKNOWN,1,53.90771484,-122.671814,19,Historical,2018_2025
139530,2019-07-22,2019,UNKNOWN,Prince George,Moose,UNKNOWN,ADULT,1,53.51590347,-123.2109222,19,Historical,2018_2025
139531,2019-07-24,2019,UNKNOWN,Prince George,Deer,UNKNOWN,YOUNG,1,54.19776154,-122.6035004,19,Historical,2018_2025
139533,2019-07-30,2019,UNKNOWN,Prince George,Deer,UNKNOWN,ADULT,1,53.87034607,-122.7570496,19,Historical,2018_2025
139534,2019-08-06,2019,UNKNOWN,PG,Bear,UNKNOWN,YOUNG,1,53.86579132,-123.2789154,19,Historical,2018_2025
139535,2019-08-14,2019,UNKNOWN,Prince George,Deer,UNKNOWN,ADULT,1,53.85982132,-123.2269135,19,Historical,2018_2025
139536,2019-08-15,2019,UNKNOWN,Prince George,Deer,UNKNOWN,YOUNG,1,53.86824036,-122.7300339,19,Historical,2018_2025
139537,2019-08-26,2019,UNKNOWN,Prince George,Moose,UNKNOWN,ADULT,1,53.92724228,-122.6104279,19,Historical,2018_2025
139541,2019-09-03,2019,UNKNOWN,prince George,Bear,UNKNOWN,YOUNG,1,53.81017304,-122.9764481,19,Historical,2018_2025
139547,2019-09-12,2019,UNKNOWN,PG,Bear,UNKNOWN,ADULT,1,53.99488449,-122.7966766,19,Historical,2018_2025
139548,2019-09-12,2019,UNKNOWN,PG,Moose,UNKNOWN,ADULT,1,53.70606613,-122.6574097,19,Historical,2018_2025
139550,2019-09-20,2019,UNKNOWN,Prince George,Moose,UNKNOWN,ADULT,1,53.86452484,-123.2514496,19,Historical,2018_2025
139551,2019-09-20,2019,UNKNOWN,Prince George,Deer,UNKNOWN,UNKNOWN,1,53.83642197,-123.1533813,19,Historical,2018_2025
139554,2019-09-28,2019,UNKNOWN,Prince George,Moose,UNKNOWN,ADULT,1,53.86244965,-123.2365417,19,Historical,2018_2025
139555,2019-10-01,2019,UNKNOWN,Prince George,Moose,UNKNOWN,YOUNG,1,54.01251602,-122.8004913,19,Historical,2018_2025
139558,2019-10-07,2019,UNKNOWN,Prince George,Moose,UNKNOWN,YOUNG,1,53.81746292,-123.0390778,19,Historical,2018_2025
139561,2019-10-09,2019,UNKNOWN,Prince George,Deer,UNKNOWN,UNKNOWN,1,53.92508698,-122.7807999,19,Historical,2018_2025
139563,2019-10-18,2019,UNKNOWN,Prince George,Moose,UNKNOWN,YOUNG,1,53.83588028,-122.6817627,19,Historical,2018_2025
139564,2019-10-18,2019,UNKNOWN,Prince George,Moose,UNKNOWN,UNKNOWN,1,53.83735657,-122.6843109,19,Historical,2018_2025
139562,2019-10-19,2019,UNKNOWN,Prince George,Moose,UNKNOWN,ADULT,1,53.84498978,-122.6566315,19,Historical,2018_2025
139568,2019-10-21,2019,UNKNOWN,Prince George,Bear,UNKNOWN,UNKNOWN,1,54.08065414,-122.7010269,19,Historical,2018_2025
139569,2019-10-21,2019,UNKNOWN,Prince George,Deer,UNKNOWN,UNKNOWN,1,53.93105316,-122.775238,19,Historical,2018_2025
139565,2019-10-27,2019,UNKNOWN,Prince George,Moose,UNKNOWN,ADULT,1,53.81740952,-123.0633392,19,Historical,2018_2025
139566,2019-10-28,2019,UNKNOWN,Prince George,Deer,UNKNOWN,ADULT,1,53.93061829,-122.76577,19,Historical,2018_2025
139567,2019-10-29,2019,UNKNOWN,Prince George,Deer,UNKNOWN,UNKNOWN,1,53.71841812,-122.6722031,19,Historical,2018_2025
139570,2019-10-31,2019,UNKNOWN,Prince George,Coyote,UNKNOWN,UNKNOWN,1,53.81746292,-123.0396042,19,Historical,2018_2025
139957,2019-11-02,2019,UNKNOWN,Prince George,Deer,UNKNOWN,ADULT,1,53.82371903,-122.8710709,19,Historical,2018_2025
139959,2019-11-07,2019,UNKNOWN,Prince George,Moose,UNKNOWN,UNKNOWN,1,53.84774017,-122.8262405,19,Historical,2018_2025
140329,2019-11-08,2019,UNKNOWN,Prince George,Moose,UNKNOWN,ADULT,1,53.9130556,-122.7452778,19,Historical,2018_2025
139962,2019-11-09,2019,UNKNOWN,Prince George,Coyote,UNKNOWN,UNKNOWN,1,53.92211151,-122.7817917,19,Historical,2018_2025
139960,2019-11-11,2019,UNKNOWN,Prince George,Moose,UNKNOWN,ADULT,1,53.83448029,-122.8400574,19,Historical,2018_2025
139961,2019-11-12,2019,UNKNOWN,Prince George,Moose,UNKNOWN,ADULT,1,53.82769394,-122.8569794,19,Historical,2018_2025
139964,2019-11-14,2019,UNKNOWN,Prince George,Moose,UNKNOWN,UNKNOWN,1,53.83748245,-122.8371811,19,Historical,2018_2025
139965,2019-11-14,2019,UNKNOWN,Prince George,Moose,UNKNOWN,ADULT,1,53.84500122,-122.8292007,19,Historical,2018_2025
139966,2019-11-18,2019,UNKNOWN,Prince George,Moose,UNKNOWN,YOUNG,1,53.82856751,-122.8540344,19,Historical,2018_2025
139967,2019-11-19,2019,UNKNOWN,Prince George,Deer,UNKNOWN,ADULT,1,53.91028595,-122.7816086,19,Historical,2018_2025
139969,2019-11-22,2019,UNKNOWN,Prince George,Deer,UNKNOWN,ADULT,1,53.8153038,-122.9287338,19,Historical,2018_2025
140266,2019-12-02,2019,UNKNOWN,Prince george,Coyote,UNKNOWN,YOUNG,1,53.93966675,-122.7611771,19,Historical,2018_2025
140267,2019-12-06,2019,UNKNOWN,Prince George,Moose,UNKNOWN,ADULT,1,53.92670441,-122.5978851,19,Historical,2018_2025
140269,2019-12-09,2019,UNKNOWN,Prince George bc,Deer,UNKNOWN,UNKNOWN,1,53.92694855,-122.6387482,19,Historical,2018_2025
140270,2019-12-11,2019,UNKNOWN,prince George,Deer,UNKNOWN,ADULT,1,54.05685425,-122.7360306,19,Historical,2018_2025
140271,2019-12-19,2019,UNKNOWN,prince George,Moose,UNKNOWN,YOUNG,1,53.88253784,-122.1539993,19,Historical,2018_2025
140272,2019-12-23,2019,UNKNOWN,prince George,Deer,UNKNOWN,ADULT,1,53.63397598,-122.6637039,19,Historical,2018_2025
140273,2019-12-31,2019,UNKNOWN,prince george,Deer,UNKNOWN,ADULT,1,53.66158676,-122.6778412,19,Historical,2018_2025
167528,2020-05-08,2020,UNKNOWN,Prince George B.C,Deer,UNKNOWN,ADULT,1,53.86694717,-123.35652161,19,Current,2018_2025
167529,2020-05-14,2020,UNKNOWN,Prince George,Deer,UNKNOWN,ADULT,1,54.09566498,-122.68177033,19,Current,2018_2025
167532,2020-05-20,2020,UNKNOWN,Prince George,Deer,UNKNOWN,ADULT,1,53.88299942,-122.11186981,19,Current,2018_2025
167530,2020-05-22,2020,UNKNOWN,Prince George B.C,Deer,UNKNOWN,UNKNOWN,1,53.78287888,-122.65665436,19,Current,2018_2025
167531,2020-05-25,2020,UNKNOWN,Pg,Moose,UNKNOWN,ADULT,1,53.80814362,-122.65717316,19,Current,2018_2025
167533,2020-05-27,2020,UNKNOWN,Prince George,Moose,UNKNOWN,YOUNG,1,53.816082,-123.0345993,19,Current,2018_2025
167534,2020-05-27,2020,UNKNOWN,Prince George,Elk,UNKNOWN,UNKNOWN,1,53.84280396,-123.18048096,19,Current,2018_2025
167709,2020-06-02,2020,UNKNOWN,Prince George,Porcupine,UNKNOWN,ADULT,1,54.01066971,-122.93907929,19,Current,2018_2025
167711,2020-06-04,2020,UNKNOWN,PG,Bear,UNKNOWN,YOUNG,1,53.861916,-123.234433,19,Current,2018_2025
167714,2020-06-10,2020,UNKNOWN,Prince George,Deer,UNKNOWN,ADULT,1,53.853982,-122.822126,19,Current,2018_2025
167713,2020-06-15,2020,UNKNOWN,Prince George,Moose,UNKNOWN,ADULT,1,54.023699,-122.782722,19,Current,2018_2025
167715,2020-06-16,2020,UNKNOWN,Prince George BC,Moose,UNKNOWN,ADULT,1,53.8813475,-122.21360365,19,Current,2018_2025
167716,2020-06-20,2020,UNKNOWN,Prince George,Deer,UNKNOWN,ADULT,1,53.74285507,-122.65591431,19,Current,2018_2025
167717,2020-06-20,2020,UNKNOWN,Prince George,Moose,UNKNOWN,YOUNG,1,53.93991852,-122.53637695,19,Current,2018_2025
167724,2020-06-22,2020,UNKNOWN,Prince George,Deer,UNKNOWN,YOUNG,1,53.65729523,-122.6774292,19,Current,2018_2025
167718,2020-06-23,2020,UNKNOWN,Prince George BC,Moose,UNKNOWN,YOUNG,1,54.02364136,-122.78293481,19,Current,2018_2025
167720,2020-06-26,2020,UNKNOWN,Prince George,Moose,UNKNOWN,YOUNG,1,53.8760428,-123.3990225,19,Current,2018_2025
167722,2020-06-28,2020,UNKNOWN,prince george,Deer,UNKNOWN,ADULT,1,53.82749249,-122.85790727,19,Current,2018_2025
167879,2020-07-05,2020,UNKNOWN,prince george,Deer,UNKNOWN,ADULT,1,53.77381747,-122.6563038,19,Current,2018_2025
167885,2020-07-05,2020,UNKNOWN,prince george,Deer,UNKNOWN,YOUNG,1,53.64575362,-122.66790121,19,Current,2018_2025
167886,2020-07-16,2020,UNKNOWN,Prince George,Bear,UNKNOWN,YOUNG,1,53.8665962,-123.30270468,19,Current,2018_2025
167887,2020-07-22,2020,UNKNOWN,Prince George,Moose,UNKNOWN,YOUNG,1,53.81037243,-122.96036807,19,Current,2018_2025
167882,2020-07-29,2020,UNKNOWN,Prince George,Moose,UNKNOWN,YOUNG,1,53.9371266,-122.5524904,19,Current,2018_2025
167883,2020-07-29,2020,UNKNOWN,PG,Deer,UNKNOWN,ADULT,1,53.63403,-122.664095,19,Current,2018_2025
167884,2020-07-30,2020,UNKNOWN,Prince George,Moose,UNKNOWN,YOUNG,1,54.0122571,-122.7986492,19,Current,2018_2025
168117,2020-08-02,2020,UNKNOWN,Prince George,Deer,UNKNOWN,ADULT,1,53.90121042,-122.7820488,19,Current,2018_2025
168118,2020-08-05,2020,UNKNOWN,Prince George B.C.,Bear,UNKNOWN,YOUNG,1,53.88664498,-122.7434299,19,Current,2018_2025
168120,2020-08-18,2020,UNKNOWN,PG,Deer,UNKNOWN,ADULT,1,53.932412,-122.761116,19,Current,2018_2025
168121,2020-08-20,2020,UNKNOWN,Prince George,Deer,UNKNOWN,UNKNOWN,1,53.99295806,-122.7934665,19,Current,2018_2025
168122,2020-08-26,2020,UNKNOWN,Prince George,Moose,UNKNOWN,UNKNOWN,1,54.0175846,-122.7922356,19,Current,2018_2025
168123,2020-08-27,2020,UNKNOWN,Prince George,Deer,UNKNOWN,YOUNG,1,53.99300616,-122.7933936,19,Current,2018_2025
168126,2020-08-29,2020,UNKNOWN,PG,Deer,UNKNOWN,ADULT,1,53.814577,-122.919197,19,Current,2018_2025
168124,2020-08-30,2020,UNKNOWN,prince George,Bear,UNKNOWN,YOUNG,1,53.86840605,-123.3637732,19,Current,2018_2025
168127,2020-08-30,2020,UNKNOWN,Prince George,Bear,UNKNOWN,ADULT,1,53.86625661,-123.29253,19,Current,2018_2025
168125,2020-08-31,2020,UNKNOWN,Prince George,Bear,UNKNOWN,YOUNG,1,53.99617386,-122.798439,19,Current,2018_2025
168587,2020-09-14,2020,UNKNOWN,PG,Bear,UNKNOWN,YOUNG,1,53.86604589,-123.2879292,19,Current,2018_2025
168592,2020-09-21,2020,UNKNOWN,Prince George,Coyote,UNKNOWN,UNKNOWN,1,53.98666987,-122.7803937,19,Current,2018_2025
168593,2020-09-23,2020,UNKNOWN,Prince George,Bear,UNKNOWN,YOUNG,1,53.86625671,-123.2925262,19,Current,2018_2025
168594,2020-09-24,2020,UNKNOWN,Prince George,Bear,UNKNOWN,YOUNG,1,54.09720221,-122.6785169,19,Current,2018_2025
168595,2020-09-29,2020,UNKNOWN,prince George,Moose,UNKNOWN,YOUNG,1,54.0570724,-122.73629,19,Current,2018_2025
168918,2020-09-29,2020,UNKNOWN,Prince George BC.,Moose,UNKNOWN,ADULT,1,54.012474,-122.798569,19,Current,2018_2025
168922,2020-10-04,2020,UNKNOWN,Prince George,Moose,UNKNOWN,ADULT,1,53.837973,-122.684805,19,Current,2018_2025
168920,2020-10-06,2020,UNKNOWN,Prince George,Bear,UNKNOWN,ADULT,1,53.86559857,-122.7884405,19,Current,2018_2025
168921,2020-10-06,2020,UNKNOWN,Prince george,Deer,UNKNOWN,YOUNG,1,54.09973513,-122.6584159,19,Current,2018_2025
168923,2020-10-09,2020,UNKNOWN,Prince George,Bear,UNKNOWN,YOUNG,1,53.99325461,-122.7938686,19,Current,2018_2025
168924,2020-10-11,2020,UNKNOWN,PG,Bear,UNKNOWN,ADULT,1,54.01356837,-122.9100189,19,Current,2018_2025
168925,2020-10-11,2020,UNKNOWN,PG,Bear,UNKNOWN,YOUNG,1,53.85882294,-122.811988,19,Current,2018_2025
168926,2020-10-13,2020,UNKNOWN,Prince George,Deer,UNKNOWN,ADULT,1,53.9152053,-121.8216775,19,Current,2018_2025
168927,2020-10-15,2020,UNKNOWN,Prince George B.C.,Moose,UNKNOWN,ADULT,1,54.021128,-122.786241,19,Current,2018_2025
168928,2020-10-28,2020,UNKNOWN,Prince george,Deer,UNKNOWN,UNKNOWN,1,53.84347447,-122.6941871,19,Current,2018_2025
168929,2020-10-29,2020,UNKNOWN,Prince George,Deer,UNKNOWN,YOUNG,1,54.0036866,-122.8654446,19,Current,2018_2025
169884,2020-11-01,2020,UNKNOWN,Prince George,Moose,UNKNOWN,YOUNG,1,53.86611113,-123.3506955,19,Current,2018_2025
169528,2020-11-04,2020,UNKNOWN,Prince George,Deer,UNKNOWN,UNKNOWN,1,53.854577,-122.7121515,19,Current,2018_2025
169529,2020-11-07,2020,UNKNOWN,prince george,Moose,UNKNOWN,ADULT,1,53.89843138,-122.5975975,19,Current,2018_2025
169530,2020-11-09,2020,UNKNOWN,Prince George,Deer,UNKNOWN,UNKNOWN,1,53.99250413,-122.792237,19,Current,2018_2025
169532,2020-11-17,2020,UNKNOWN,Prince George,Deer,UNKNOWN,ADULT,1,53.89744186,-122.7683334,19,Current,2018_2025
169534,2020-11-20,2020,UNKNOWN,Prince George,Moose,UNKNOWN,UNKNOWN,1,53.85577774,-122.7145081,19,Current,2018_2025
169533,2020-11-21,2020,UNKNOWN,Prince George,Deer,UNKNOWN,UNKNOWN,1,53.93046354,-122.7663394,19,Current,2018_2025
169880,2020-11-21,2020,UNKNOWN,Prince George,Moose,UNKNOWN,UNKNOWN,1,54.208824,-122.603321,19,Current,2018_2025
169535,2020-11-22,2020,UNKNOWN,Prince george,Moose,UNKNOWN,YOUNG,1,53.94619751,-122.4992599,19,Current,2018_2025
169536,2020-11-23,2020,UNKNOWN,Prince George B.C,Deer,UNKNOWN,YOUNG,1,53.847993,-122.701943,19,Current,2018_2025
169537,2020-11-23,2020,UNKNOWN,Prince George,Deer,UNKNOWN,ADULT,1,53.90857652,-122.695358,19,Current,2018_2025
169538,2020-11-24,2020,UNKNOWN,Prince George,Deer,UNKNOWN,YOUNG,1,53.90956116,-122.6616592,19,Current,2018_2025
169873,2020-12-05,2020,UNKNOWN,PRINCE GEORGE,Moose,UNKNOWN,ADULT,1,54.366536,-122.644318,19,Current,2018_2025
169877,2020-12-07,2020,UNKNOWN,Prince George,Moose,UNKNOWN,UNKNOWN,1,53.8809379,-123.4098743,19,Current,2018_2025
169878,2020-12-07,2020,UNKNOWN,Prince George,Moose,UNKNOWN,ADULT,1,53.86642482,-123.3517799,19,Current,2018_2025
169879,2020-12-07,2020,UNKNOWN,Prince george,Deer,UNKNOWN,ADULT,1,53.80922318,-123.0126114,19,Current,2018_2025
169876,2020-12-08,2020,UNKNOWN,Pg,Deer,UNKNOWN,ADULT,1,54.08310318,-122.6971893,19,Current,2018_2025
169869,2020-12-15,2020,UNKNOWN,Prince George,Moose,UNKNOWN,ADULT,1,53.93920882,-122.5377829,19,Current,2018_2025
169870,2020-12-15,2020,UNKNOWN,Prince George,Deer,UNKNOWN,ADULT,1,53.8386133,-122.6860329,19,Current,2018_2025
169867,2020-12-20,2020,UNKNOWN,Prince George,Moose,UNKNOWN,UNKNOWN,1,53.9089475,-122.6635584,19,Current,2018_2025
169868,2020-12-20,2020,UNKNOWN,Prince George,Moose,UNKNOWN,YOUNG,1,53.92733383,-122.6154022,19,Current,2018_2025
169864,2020-12-23,2020,UNKNOWN,Prince George,Moose,UNKNOWN,UNKNOWN,1,53.88052421,-122.7389789,19,Current,2018_2025
169863,2020-12-24,2020,UNKNOWN,Prince George,Moose,UNKNOWN,ADULT,1,53.74756241,-122.8717194,19,Current,2018_2025
169885,2020-12-26,2020,UNKNOWN,prince George,Moose,UNKNOWN,ADULT,1,53.74756241,-122.8717194,19,Current,2018_2025
169881,2020-12-29,2020,UNKNOWN,Prince George B.C,Deer,UNKNOWN,UNKNOWN,1,53.8280261,-122.8553565,19,Current,2018_2025
169882,2020-12-31,2020,UNKNOWN,Prince George B.C,Moose,UNKNOWN,ADULT,1,53.8463938,-122.8278141,19,Current,2018_2025
170104,2021-01-03,2021,UNKNOWN,Prince George B.C,Moose,UNKNOWN,YOUNG,1,54.010959,-122.988425,19,Current,2018_2025
170106,2021-01-09,2021,UNKNOWN,prince george,Moose,UNKNOWN,ADULT,1,53.83524804,-122.8389601,19,Current,2018_2025
170108,2021-01-18,2021,UNKNOWN,Prince George,Deer,UNKNOWN,YOUNG,1,53.9124109,-122.7252409,19,Current,2018_2025
170110,2021-01-29,2021,UNKNOWN,Prince George,Deer,UNKNOWN,UNKNOWN,1,53.66053775,-122.6774314,19,Current,2018_2025
170109,2021-01-30,2021,UNKNOWN,Prince George,Deer,UNKNOWN,UNKNOWN,1,53.85880563,-122.7185536,19,Current,2018_2025
170302,2021-02-04,2021,UNKNOWN,Prince George,Deer,UNKNOWN,YOUNG,1,53.89734268,-122.7680054,19,Current,2018_2025
170621,2021-03-01,2021,UNKNOWN,Prince George,Deer,UNKNOWN,ADULT,1,53.93054532,-122.7686698,19,Current,2018_2025
170622,2021-03-04,2021,UNKNOWN,Prince George,Deer,UNKNOWN,UNKNOWN,1,53.90712128,-122.6806239,19,Current,2018_2025
170623,2021-03-05,2021,UNKNOWN,pg,Moose,UNKNOWN,ADULT,1,54.1019397,-122.65806,19,Current,2018_2025
170624,2021-03-09,2021,UNKNOWN,Prince george,Deer,UNKNOWN,YOUNG,1,53.93853464,-122.5444287,19,Current,2018_2025
170625,2021-03-10,2021,UNKNOWN,Prince George,Deer,UNKNOWN,YOUNG,1,53.93875885,-122.5432739,19,Current,2018_2025
170626,2021-03-10,2021,UNKNOWN,Prince George,Deer,UNKNOWN,YOUNG,1,53.9385612,-122.543353,19,Current,2018_2025
170627,2021-03-12,2021,UNKNOWN,Prince George,Deer,UNKNOWN,UNKNOWN,1,53.89265705,-122.752473,19,Current,2018_2025
170628,2021-03-12,2021,UNKNOWN,Prince George,Deer,UNKNOWN,ADULT,1,53.85930612,-122.7206444,19,Current,2018_2025
170629,2021-03-20,2021,UNKNOWN,Prince George,Moose,UNKNOWN,UNKNOWN,1,53.68053525,-122.6732509,19,Current,2018_2025
170846,2021-04-01,2021,UNKNOWN,Prince George,Moose,UNKNOWN,ADULT,1,53.70666885,-122.65682983,19,Current,2018_2025
170847,2021-04-13,2021,UNKNOWN,Prince George,Elk,UNKNOWN,YOUNG,1,53.92041016,-122.64794159,19,Current,2018_2025
170849,2021-04-16,2021,UNKNOWN,Pg,Deer,UNKNOWN,ADULT,1,54.01107627,-122.99544227,19,Current,2018_2025
170848,2021-04-17,2021,UNKNOWN,Prince george,Deer,UNKNOWN,YOUNG,1,54.08310272,-122.6971912,19,Current,2018_2025
171167,2021-05-15,2021,UNKNOWN,PG,Moose,UNKNOWN,ADULT,1,53.867093,-123.32072233,19,Current,2018_2025
171168,2021-05-22,2021,UNKNOWN,PG,Moose,UNKNOWN,ADULT,1,54.183532,-122.611493,19,Current,2018_2025
171169,2021-05-26,2021,UNKNOWN,Prince George,Moose,UNKNOWN,ADULT,1,54.05685425,-122.73603058,19,Current,2018_2025
171504,2021-06-03,2021,UNKNOWN,PG,Moose,UNKNOWN,YOUNG,1,53.88220053,-122.1740665,19,Current,2018_2025
172011,2021-06-07,2021,UNKNOWN,Prince George,Moose,UNKNOWN,ADULT,1,53.8948226,-122.0878423,19,Current,2018_2025
171501,2021-06-09,2021,UNKNOWN,Prince george,Deer,UNKNOWN,YOUNG,1,53.62837841,-122.6633612,19,Current,2018_2025
171499,2021-06-11,2021,UNKNOWN,Prince George,Moose,UNKNOWN,YOUNG,1,53.85574621,-123.2168599,19,Current,2018_2025
171500,2021-06-14,2021,UNKNOWN,Prince George B.C,Moose,UNKNOWN,ADULT,1,53.81732,-123.055927,19,Current,2018_2025
171506,2021-06-17,2021,UNKNOWN,PG,Moose,UNKNOWN,ADULT,1,53.93828964,-122.7598572,19,Current,2018_2025
171494,2021-06-18,2021,UNKNOWN,Prince George,Deer,UNKNOWN,ADULT,1,53.81749344,-123.0512238,19,Current,2018_2025
171495,2021-06-19,2021,UNKNOWN,Prince George,Deer,UNKNOWN,ADULT,1,53.81738241,-123.048527,19,Current,2018_2025
171496,2021-06-19,2021,UNKNOWN,Prince George,Moose,UNKNOWN,ADULT,1,53.86603813,-123.2820454,19,Current,2018_2025
171492,2021-06-23,2021,UNKNOWN,PG,Deer,UNKNOWN,ADULT,1,53.93828964,-122.7598572,19,Current,2018_2025
171493,2021-06-23,2021,UNKNOWN,PG,Moose,UNKNOWN,ADULT,1,53.9026463,-122.320218,19,Current,2018_2025
171491,2021-06-24,2021,UNKNOWN,Prince George B.C,Moose,UNKNOWN,ADULT,1,53.837062,-123.1549229,19,Current,2018_2025
171490,2021-06-25,2021,UNKNOWN,Prince George,Deer,UNKNOWN,ADULT,1,53.84960938,-122.8243179,19,Current,2018_2025
172009,2021-06-28,2021,UNKNOWN,Prince George,Deer,UNKNOWN,UNKNOWN,1,53.8084663,-123.0119827,19,Current,2018_2025
171497,2021-06-30,2021,UNKNOWN,Prince George B.C,Moose,UNKNOWN,YOUNG,1,53.971984,-122.768397,19,Current,2018_2025
172008,2021-07-01,2021,UNKNOWN,Prince George,Moose,UNKNOWN,ADULT,1,53.88658142,-123.42730713,19,Current,2018_2025
172007,2021-07-02,2021,UNKNOWN,Prince George,Moose,UNKNOWN,ADULT,1,53.94451528,-122.5092184,19,Current,2018_2025
172005,2021-07-04,2021,UNKNOWN,Prince George,Coyote,UNKNOWN,ADULT,1,53.93829047,-122.75985916,19,Current,2018_2025
172006,2021-07-04,2021,UNKNOWN,Prince George,Moose,UNKNOWN,ADULT,1,53.8835197,-122.14862702,19,Current,2018_2025
172002,2021-07-08,2021,UNKNOWN,Prince George,Moose,UNKNOWN,ADULT,1,53.89569077,-122.08738569,19,Current,2018_2025
172001,2021-07-09,2021,UNKNOWN,PG,Elk,UNKNOWN,ADULT,1,53.8090391,-122.98338946,19,Current,2018_2025
172000,2021-07-14,2021,UNKNOWN,PG,Moose,UNKNOWN,ADULT,1,53.87606858,-122.2048489,19,Current,2018_2025
171999,2021-07-19,2021,UNKNOWN,pg,Deer,UNKNOWN,ADULT,1,53.80914632,-122.98330179,19,Current,2018_2025
171998,2021-07-20,2021,UNKNOWN,PG,Elk,UNKNOWN,ADULT,1,54.076012,-122.70518,19,Current,2018_2025
171997,2021-07-24,2021,UNKNOWN,Prince George,Moose,UNKNOWN,ADULT,1,53.91651535,-121.79483795,19,Current,2018_2025
172391,2021-08-01,2021,UNKNOWN,Prince George,Deer,UNKNOWN,UNKNOWN,1,53.69049961,-122.6712524,19,Current,2018_2025
172392,2021-08-05,2021,UNKNOWN,Prince George B.C.,Bear,UNKNOWN,ADULT,1,53.86537741,-122.7906697,19,Current,2018_2025
172393,2021-08-06,2021,UNKNOWN,Prince George,Deer,UNKNOWN,ADULT,1,53.96021382,-122.7677176,19,Current,2018_2025
172394,2021-08-10,2021,UNKNOWN,Prince George,Moose,UNKNOWN,YOUNG,1,53.88658142,-123.4273071,19,Current,2018_2025
172395,2021-08-12,2021,UNKNOWN,Prince George,Deer,UNKNOWN,YOUNG,1,53.84906084,-122.7031346,19,Current,2018_2025
172396,2021-08-15,2021,UNKNOWN,PG,Bear,UNKNOWN,YOUNG,1,53.87957003,-122.2770398,19,Current,2018_2025
172818,2021-09-02,2021,UNKNOWN,PG,Bear,UNKNOWN,ADULT,1,53.808881,-122.993271,19,Current,2018_2025
172802,2021-09-05,2021,UNKNOWN,Prince George,Bear,UNKNOWN,YOUNG,1,53.99382079,-122.7949285,19,Current,2018_2025
172819,2021-09-06,2021,UNKNOWN,Prince George,Deer,UNKNOWN,YOUNG,1,54.01547377,-122.7942875,19,Current,2018_2025
172817,2021-09-07,2021,UNKNOWN,PG,Moose,UNKNOWN,ADULT,1,53.9527626,-122.7640762,19,Current,2018_2025
172816,2021-09-09,2021,UNKNOWN,Prince George BC,Bear,UNKNOWN,ADULT,1,53.85886347,-122.8117425,19,Current,2018_2025
172813,2021-09-11,2021,UNKNOWN,Prince George,Moose,UNKNOWN,ADULT,1,53.90899658,-121.8973465,19,Current,2018_2025
172814,2021-09-11,2021,UNKNOWN,Prince George,Moose,UNKNOWN,ADULT,1,53.90899658,-121.8973465,19,Current,2018_2025
172812,2021-09-20,2021,UNKNOWN,Prince George,Moose,UNKNOWN,ADULT,1,53.90034485,-122.0142136,19,Current,2018_2025
172809,2021-09-21,2021,UNKNOWN,pg,Moose,UNKNOWN,YOUNG,1,53.9269738,-122.5947525,19,Current,2018_2025
172811,2021-09-21,2021,UNKNOWN,PG,Bear,UNKNOWN,YOUNG,1,53.64534017,-122.6658413,19,Current,2018_2025
172807,2021-09-25,2021,UNKNOWN,Prince George,Bear,UNKNOWN,ADULT,1,53.84910915,-122.6567645,19,Current,2018_2025
172808,2021-09-25,2021,UNKNOWN,Prince George,Bear,UNKNOWN,YOUNG,1,54.09175559,-122.9899728,19,Current,2018_2025
172806,2021-09-26,2021,UNKNOWN,PG,Porcupine,UNKNOWN,UNKNOWN,1,53.92694687,-122.5926224,19,Current,2018_2025
172803,2021-09-27,2021,UNKNOWN,prince George,Deer,UNKNOWN,YOUNG,2,53.90580095,-122.7128072,19,Current,2018_2025
172820,2021-09-27,2021,UNKNOWN,PG,Bear,UNKNOWN,ADULT,1,53.99472301,-122.7958655,19,Current,2018_2025
172821,2021-09-30,2021,UNKNOWN,Prince George,Deer,UNKNOWN,ADULT,1,53.89785767,-121.9900208,19,Current,2018_2025
173528,2021-10-01,2021,UNKNOWN,Prince George,Bear,UNKNOWN,YOUNG,1,54.04619626,-122.7512927,19,Current,2018_2025
173529,2021-10-03,2021,UNKNOWN,Prince George,Bear,UNKNOWN,YOUNG,1,53.96891226,-122.7679399,19,Current,2018_2025
173530,2021-10-03,2021,UNKNOWN,Prince George,Bear,UNKNOWN,YOUNG,1,54.00043208,-122.8009449,19,Current,2018_2025
173531,2021-10-05,2021,UNKNOWN,Prince george,Moose,UNKNOWN,ADULT,1,53.9521495,-122.763573,19,Current,2018_2025
173533,2021-10-14,2021,UNKNOWN,Prince George,Moose,UNKNOWN,ADULT,1,54.1262322,-122.6395267,19,Current,2018_2025
173535,2021-10-14,2021,UNKNOWN,Prince George,Moose,UNKNOWN,ADULT,1,54.188823,-122.608621,19,Current,2018_2025
173532,2021-10-15,2021,UNKNOWN,Prince George,Moose,UNKNOWN,ADULT,1,53.78448483,-122.6563615,19,Current,2018_2025
173534,2021-10-19,2021,UNKNOWN,Prince George,Moose,UNKNOWN,ADULT,1,53.8281301,-123.1205518,19,Current,2018_2025
173536,2021-10-20,2021,UNKNOWN,Prince George,Moose,UNKNOWN,ADULT,1,53.8769364,-122.2560092,19,Current,2018_2025
173537,2021-10-24,2021,UNKNOWN,Prince George,Coyote,UNKNOWN,YOUNG,1,53.86811829,-121.5449905,19,Current,2018_2025
173538,2021-10-26,2021,UNKNOWN,Prince George,Moose,UNKNOWN,YOUNG,1,53.85577774,-122.7145081,19,Current,2018_2025
173540,2021-10-27,2021,UNKNOWN,Prince George,Moose,UNKNOWN,ADULT,1,53.90531951,-122.7159048,19,Current,2018_2025
173930,2021-11-08,2021,UNKNOWN,Prince george.,Moose,UNKNOWN,ADULT,1,54.04232407,-122.756485,19,Current,2018_2025
173931,2021-11-10,2021,UNKNOWN,Prince George,Deer,UNKNOWN,ADULT,1,53.86007228,-122.7221251,19,Current,2018_2025
173932,2021-11-12,2021,UNKNOWN,Prince George,Deer,UNKNOWN,ADULT,1,53.70666885,-122.6568298,19,Current,2018_2025
173934,2021-11-18,2021,UNKNOWN,Prince George,Deer,UNKNOWN,YOUNG,1,53.8730011,-122.7352982,19,Current,2018_2025
173935,2021-11-20,2021,UNKNOWN,Prince George B.C.,Moose,UNKNOWN,YOUNG,1,54.05685421,-122.7360278,19,Current,2018_2025
173936,2021-11-22,2021,UNKNOWN,Prince George,Coyote,UNKNOWN,ADULT,1,54.02176119,-122.7856263,19,Current,2018_2025
173937,2021-11-23,2021,UNKNOWN,Prince George,Moose,UNKNOWN,YOUNG,1,53.8271313,-123.1167931,19,Current,2018_2025
173939,2021-11-25,2021,UNKNOWN,prince George,Deer,UNKNOWN,ADULT,1,53.80890953,-122.9929409,19,Current,2018_2025
173940,2021-11-29,2021,UNKNOWN,Prince George,Elk,UNKNOWN,ADULT,1,53.9072057,-122.6769219,19,Current,2018_2025
173941,2021-11-29,2021,UNKNOWN,Prince George,Deer,UNKNOWN,ADULT,1,53.71823684,-122.6558307,19,Current,2018_2025
173942,2021-11-30,2021,UNKNOWN,Prince george,Deer,UNKNOWN,ADULT,1,53.93828964,-122.7598572,19,Current,2018_2025
174240,2021-12-04,2021,UNKNOWN,Prince George,Deer,UNKNOWN,YOUNG,1,53.85577774,-122.7145081,19,Current,2018_2025
174242,2021-12-06,2021,UNKNOWN,prince George B.C,Moose,UNKNOWN,YOUNG,1,53.87759387,-122.2515308,19,Current,2018_2025
174243,2021-12-09,2021,UNKNOWN,Prince George,Deer,UNKNOWN,ADULT,1,54.102908,-122.651564,19,Current,2018_2025
174245,2021-12-09,2021,UNKNOWN,pg,Moose,UNKNOWN,UNKNOWN,1,53.8926192,-122.0923614,19,Current,2018_2025
174244,2021-12-10,2021,UNKNOWN,Prince George,Deer,UNKNOWN,ADULT,1,54.09994507,-122.6585388,19,Current,2018_2025
174246,2021-12-12,2021,UNKNOWN,Prince George B.C,Deer,UNKNOWN,ADULT,1,53.931204,-122.766485,19,Current,2018_2025
174248,2021-12-14,2021,UNKNOWN,Prince George,Moose,UNKNOWN,ADULT,1,53.88555527,-122.2848969,19,Current,2018_2025
174249,2021-12-14,2021,UNKNOWN,Prince George,Moose,UNKNOWN,ADULT,1,53.54098129,-120.7244644,19,Current,2018_2025
174250,2021-12-17,2021,UNKNOWN,Prince george,Moose,UNKNOWN,ADULT,1,53.88699341,-122.2867279,19,Current,2018_2025
174252,2021-12-23,2021,UNKNOWN,Prince george,Deer,UNKNOWN,YOUNG,1,54.11864471,-122.6452332,19,Current,2018_2025
174253,2021-12-23,2021,UNKNOWN,Prince george,Deer,UNKNOWN,UNKNOWN,1,53.82769394,-122.8569794,19,Current,2018_2025
174255,2021-12-31,2021,UNKNOWN,Prince george,Moose,UNKNOWN,ADULT,1,54.09877164,-122.6729148,19,Current,2018_2025
174437,2022-01-20,2022,UNKNOWN,Prince George,Deer,UNKNOWN,YOUNG,1,53.81743973,-123.0689021,19,Current,2018_2025
174439,2022-01-24,2022,UNKNOWN,Prince george,Deer,UNKNOWN,YOUNG,1,54.09823027,-122.6490232,19,Current,2018_2025
174644,2022-02-13,2022,UNKNOWN,PG,Deer,UNKNOWN,YOUNG,1,54.0984726,-122.6748505,19,Current,2018_2025
174645,2022-02-28,2022,UNKNOWN,Prince George,Deer,UNKNOWN,UNKNOWN,1,53.83673096,-122.6832504,19,Current,2018_2025
174982,2022-03-03,2022,UNKNOWN,Prince George,Coyote,UNKNOWN,ADULT,1,53.92746611,-122.6192342,19,Current,2018_2025
174983,2022-03-03,2022,UNKNOWN,Prince George,Deer,UNKNOWN,ADULT,1,53.93828964,-122.7598572,19,Current,2018_2025
174985,2022-03-04,2022,UNKNOWN,PG,Deer,UNKNOWN,ADULT,1,53.930439,-122.767581,19,Current,2018_2025
174984,2022-03-05,2022,UNKNOWN,Prince George,Moose,UNKNOWN,ADULT,1,53.93623489,-122.5583692,19,Current,2018_2025
187482,2022-03-05,2022,UNKNOWN,Prince George,Unknown,UNKNOWN,ADULT,1,53.936437,-122.557146,19,Current,2018_2025
174986,2022-03-22,2022,UNKNOWN,Prince george,Deer,UNKNOWN,ADULT,1,53.62796402,-122.6636505,19,Current,2018_2025
174987,2022-03-23,2022,UNKNOWN,Prince george,Moose,UNKNOWN,ADULT,1,53.86591721,-122.5923004,19,Current,2018_2025
175500,2022-03-23,2022,UNKNOWN,Prince George,Moose,UNKNOWN,UNKNOWN,1,53.71818144,-122.6556498,19,Current,2018_2025
174988,2022-03-28,2022,UNKNOWN,Pg,Moose,UNKNOWN,YOUNG,1,53.80775706,-122.6563874,19,Current,2018_2025
174989,2022-03-29,2022,UNKNOWN,Prince George,Deer,UNKNOWN,ADULT,1,53.8170228,-122.8957268,19,Current,2018_2025
174990,2022-03-30,2022,UNKNOWN,Prince george,Deer,UNKNOWN,ADULT,1,53.68144114,-122.6743572,19,Current,2018_2025
175286,2022-04-01,2022,UNKNOWN,Prince George,Deer,UNKNOWN,ADULT,1,53.92065811,-122.7815552,19,Current,2018_2025
175289,2022-04-09,2022,UNKNOWN,PG,Deer,UNKNOWN,UNKNOWN,1,53.93106198,-122.7770555,19,Current,2018_2025
175288,2022-04-11,2022,UNKNOWN,Prince George,Deer,UNKNOWN,ADULT,1,53.83674041,-122.8375446,19,Current,2018_2025
175290,2022-04-12,2022,UNKNOWN,Prince George,Elk,UNKNOWN,YOUNG,1,54.09262319,-122.6866192,19,Current,2018_2025
175292,2022-04-23,2022,UNKNOWN,Prince George,Deer,UNKNOWN,ADULT,1,53.87749459,-123.4043703,19,Current,2018_2025
176259,2022-06-01,2022,UNKNOWN,Prince George,Moose,UNKNOWN,YOUNG,1,53.92698741,-122.6048248,19,Current,2018_2025
175960,2022-06-03,2022,UNKNOWN,Prince George,Moose,UNKNOWN,ADULT,1,53.74285507,-122.6559143,19,Current,2018_2025
175963,2022-06-09,2022,UNKNOWN,Prince George,Deer,UNKNOWN,ADULT,1,53.89841679,-121.6794558,19,Current,2018_2025
175962,2022-06-11,2022,UNKNOWN,Prince George,Moose,UNKNOWN,ADULT,1,53.91651535,-121.794838,19,Current,2018_2025
175964,2022-06-13,2022,UNKNOWN,Prince George,Moose,UNKNOWN,ADULT,1,53.90785599,-122.3342667,19,Current,2018_2025
175965,2022-06-14,2022,UNKNOWN,PG,Moose,UNKNOWN,YOUNG,1,54.14204815,-122.6282315,19,Current,2018_2025
175966,2022-06-15,2022,UNKNOWN,Prince George,Bear,UNKNOWN,YOUNG,1,54.03337623,-122.7677301,19,Current,2018_2025
176260,2022-06-17,2022,UNKNOWN,Prince George,Bear,UNKNOWN,YOUNG,1,53.84813575,-123.1964875,19,Current,2018_2025
175970,2022-06-21,2022,UNKNOWN,Prince George,Deer,UNKNOWN,ADULT,1,53.91806375,-121.8689243,19,Current,2018_2025
175971,2022-06-24,2022,UNKNOWN,Prince George,Coyote,UNKNOWN,ADULT,1,54.10572435,-122.6511228,19,Current,2018_2025
175972,2022-06-24,2022,UNKNOWN,Prince george,Bear,UNKNOWN,YOUNG,1,53.99535414,-122.7971649,19,Current,2018_2025
176261,2022-06-26,2022,UNKNOWN,Prince George,Moose,UNKNOWN,YOUNG,1,53.93386907,-122.5712729,19,Current,2018_2025
175973,2022-06-27,2022,UNKNOWN,Prince George,Moose,UNKNOWN,ADULT,1,53.87662344,-122.2576898,19,Current,2018_2025
176668,2022-06-27,2022,UNKNOWN,Prince George,Moose,UNKNOWN,YOUNG,1,53.94131166,-122.5310729,19,Current,2018_2025
176262,2022-06-28,2022,UNKNOWN,Prince George,Moose,UNKNOWN,ADULT,1,54.21468768,-122.6033805,19,Current,2018_2025
176263,2022-06-28,2022,UNKNOWN,Prince george,Bear,UNKNOWN,YOUNG,1,53.87541254,-122.7737236,19,Current,2018_2025
175974,2022-06-30,2022,UNKNOWN,Prince George,Bear,UNKNOWN,ADULT,1,53.86682662,-123.3175971,19,Current,2018_2025
176264,2022-07-04,2022,UNKNOWN,Prince george,Moose,UNKNOWN,ADULT,1,53.88691704,-122.2866058,19,Current,2018_2025
176265,2022-07-07,2022,UNKNOWN,Pg,Moose,UNKNOWN,UNKNOWN,1,54.018243,-122.790318,19,Current,2018_2025
176687,2022-07-07,2022,UNKNOWN,Prince George,Moose,UNKNOWN,UNKNOWN,1,54.02414933,-122.7821561,19,Current,2018_2025
176686,2022-07-10,2022,UNKNOWN,Prince George,Moose,UNKNOWN,UNKNOWN,1,53.81752949,-123.0673235,19,Current,2018_2025
176266,2022-07-11,2022,UNKNOWN,Prince George,Deer,UNKNOWN,YOUNG,1,53.8093258,-122.9390469,19,Current,2018_2025
176267,2022-07-11,2022,UNKNOWN,Prince George,Bear,UNKNOWN,ADULT,1,53.8092236,-123.0126084,19,Current,2018_2025
176268,2022-07-14,2022,UNKNOWN,Prince George B.C.,Moose,UNKNOWN,ADULT,1,53.94206939,-122.7603103,19,Current,2018_2025
176685,2022-07-16,2022,UNKNOWN,Prince george,Deer,UNKNOWN,YOUNG,1,53.88398135,-122.2827743,19,Current,2018_2025
176683,2022-07-17,2022,UNKNOWN,Prince George,Moose,UNKNOWN,ADULT,1,53.79543119,-122.6562802,19,Current,2018_2025
176684,2022-07-17,2022,UNKNOWN,Prince George,Moose,UNKNOWN,ADULT,1,53.87598927,-123.3974651,19,Current,2018_2025
176682,2022-07-18,2022,UNKNOWN,Prince George B.C,Moose,UNKNOWN,ADULT,1,53.81697213,-122.8954047,19,Current,2018_2025
177728,2022-07-22,2022,UNKNOWN,Prince George,Moose,UNKNOWN,UNKNOWN,1,53.88324019,-122.1669548,19,Current,2018_2025
176269,2022-07-27,2022,UNKNOWN,PG,Deer,UNKNOWN,YOUNG,1,53.809448,-122.8562,19,Current,2018_2025
176681,2022-07-28,2022,UNKNOWN,pg,Moose,UNKNOWN,UNKNOWN,1,53.83120824,-123.1312423,19,Current,2018_2025
176688,2022-07-28,2022,UNKNOWN,pg,Deer,UNKNOWN,UNKNOWN,1,53.87565561,-123.3961719,19,Current,2018_2025
176680,2022-07-31,2022,UNKNOWN,prince George,Deer,UNKNOWN,ADULT,1,53.8090164,-122.9929317,19,Current,2018_2025
176678,2022-08-07,2022,UNKNOWN,Pg,Deer,UNKNOWN,YOUNG,1,53.76556528,-122.6562024,19,Current,2018_2025
176677,2022-08-08,2022,UNKNOWN,Pg,Deer,UNKNOWN,UNKNOWN,1,53.8201797,-123.0877974,19,Current,2018_2025
177743,2022-08-21,2022,UNKNOWN,Prince. george,Moose,UNKNOWN,YOUNG,1,53.85563979,-122.8214836,19,Current,2018_2025
176669,2022-08-25,2022,UNKNOWN,Prince George,Bear,UNKNOWN,YOUNG,1,53.9101498,-121.7108722,19,Current,2018_2025
176679,2022-08-25,2022,UNKNOWN,Prince George,Bear,UNKNOWN,YOUNG,1,53.9101498,-121.7108722,19,Current,2018_2025
177740,2022-09-04,2022,UNKNOWN,Prince George,Moose,UNKNOWN,ADULT,1,53.86332508,-123.2408925,19,Current,2018_2025
177741,2022-09-04,2022,UNKNOWN,Prince George,Coyote,UNKNOWN,YOUNG,1,53.8629792,-123.2387753,19,Current,2018_2025
177738,2022-09-10,2022,UNKNOWN,Prince George,Moose,UNKNOWN,YOUNG,1,53.80820504,-123.0022638,19,Current,2018_2025
177105,2022-09-22,2022,UNKNOWN,pG,Deer,UNKNOWN,UNKNOWN,1,53.80824375,-123.0030119,19,Current,2018_2025
177106,2022-09-22,2022,UNKNOWN,PG,Bear,UNKNOWN,ADULT,1,53.85832977,-122.8159027,19,Current,2018_2025
177737,2022-09-25,2022,UNKNOWN,PG,Bear,UNKNOWN,UNKNOWN,1,53.76418983,-122.6558941,19,Current,2018_2025
177107,2022-09-28,2022,UNKNOWN,PG,Bear,UNKNOWN,ADULT,1,54.157249,-122.61704,19,Current,2018_2025
177108,2022-09-28,2022,UNKNOWN,Prince George,Porcupine,UNKNOWN,ADULT,1,53.88953252,-121.6487812,19,Current,2018_2025
178198,2022-10-02,2022,UNKNOWN,prince george,Bear,UNKNOWN,ADULT,1,54.01823571,-122.7901955,19,Current,2018_2025
177732,2022-10-06,2022,UNKNOWN,Pg,Deer,UNKNOWN,UNKNOWN,1,53.66692665,-122.6779102,19,Current,2018_2025
177733,2022-10-09,2022,UNKNOWN,Prince George,Moose,UNKNOWN,YOUNG,1,53.8035043,-122.6564054,19,Current,2018_2025
177746,2022-10-11,2022,UNKNOWN,Prince George B.C,Deer,UNKNOWN,ADULT,1,53.84760739,-123.1962649,19,Current,2018_2025
177748,2022-10-13,2022,UNKNOWN,Pg,Moose,UNKNOWN,ADULT,1,54.108865,-122.649817,19,Current,2018_2025
177730,2022-10-17,2022,UNKNOWN,pg,Bear,UNKNOWN,YOUNG,1,54.01677474,-122.7924772,19,Current,2018_2025
177729,2022-10-25,2022,UNKNOWN,Prince George,Deer,UNKNOWN,YOUNG,1,53.76620927,-122.6566192,19,Current,2018_2025
177734,2022-10-27,2022,UNKNOWN,Pg,Moose,UNKNOWN,UNKNOWN,1,53.9527626,-122.7640762,19,Current,2018_2025
178201,2022-11-11,2022,UNKNOWN,Prince George,Deer,UNKNOWN,UNKNOWN,1,54.09994507,-122.6585388,19,Current,2018_2025
178203,2022-11-14,2022,UNKNOWN,Prince George,Moose,UNKNOWN,ADULT,1,53.63397598,-122.6637039,19,Current,2018_2025
178204,2022-11-14,2022,UNKNOWN,Prince George,Moose,UNKNOWN,YOUNG,1,53.88673368,-123.4261305,19,Current,2018_2025
178205,2022-11-19,2022,UNKNOWN,Prince george,Deer,UNKNOWN,ADULT,1,53.82769394,-122.8569794,19,Current,2018_2025
178402,2022-11-21,2022,UNKNOWN,Prince George,Deer,UNKNOWN,UNKNOWN,1,53.82078782,-122.8814592,19,Current,2018_2025
178206,2022-11-22,2022,UNKNOWN,Prince George B.C,Moose,UNKNOWN,ADULT,1,54.0689136,-122.4336319,19,Current,2018_2025
178207,2022-11-23,2022,UNKNOWN,Prince George B.C,Deer,UNKNOWN,ADULT,1,53.942472,-122.761216,19,Current,2018_2025
178208,2022-11-23,2022,UNKNOWN,Prince George B.C,Deer,UNKNOWN,ADULT,1,53.667846,-122.67767,19,Current,2018_2025
178524,2022-12-02,2022,UNKNOWN,Prince George B.C,Moose,UNKNOWN,ADULT,1,53.87867274,-122.192042,19,Current,2018_2025
178403,2022-12-08,2022,UNKNOWN,Prince George,Moose,UNKNOWN,ADULT,1,53.83547663,-122.8388632,19,Current,2018_2025
178404,2022-12-14,2022,UNKNOWN,Prince george,Deer,UNKNOWN,ADULT,1,53.80885637,-122.9949353,19,Current,2018_2025
178525,2022-12-16,2022,UNKNOWN,Prince George B.C,Moose,UNKNOWN,ADULT,1,53.92434244,-122.3787935,19,Current,2018_2025
178527,2023-01-27,2023,UNKNOWN,Prince George,Deer,UNKNOWN,YOUNG,1,53.93437056,-122.7580781,19,Current,2018_2025
178529,2023-01-27,2023,UNKNOWN,Prince George,Deer,UNKNOWN,ADULT,1,53.9204112,-122.6479383,19,Current,2018_2025
179147,2023-02-23,2023,UNKNOWN,Prince George,Moose,UNKNOWN,ADULT,1,54.18397546,-122.6111571,19,Current,2018_2025
179620,2023-03-07,2023,UNKNOWN,Prince George,Deer,UNKNOWN,YOUNG,1,53.81123693,-123.0156469,19,Current,2018_2025
179621,2023-03-23,2023,UNKNOWN,Prince George B.C,Elk,UNKNOWN,ADULT,1,53.88883403,-122.2889471,19,Current,2018_2025
179148,2023-03-31,2023,UNKNOWN,Prince George B.C,Deer,UNKNOWN,YOUNG,1,53.9067716,-122.7208679,19,Current,2018_2025
179623,2023-04-07,2023,UNKNOWN,Pg,Moose,UNKNOWN,YOUNG,1,54.00358963,-122.8010406,19,Current,2018_2025
179622,2023-04-11,2023,UNKNOWN,Prince George B.C,Deer,UNKNOWN,YOUNG,1,53.6722614,-122.6763781,19,Current,2018_2025
179624,2023-04-13,2023,UNKNOWN,Pg,Deer,UNKNOWN,ADULT,1,53.80913988,-123.0125411,19,Current,2018_2025
179625,2023-04-17,2023,UNKNOWN,Prince George,Deer,UNKNOWN,ADULT,1,53.80884678,-122.9946521,19,Current,2018_2025
179627,2023-04-20,2023,UNKNOWN,PG,Deer,UNKNOWN,UNKNOWN,1,53.902939,-122.781755,19,Current,2018_2025
179966,2023-04-26,2023,UNKNOWN,Prince George,Deer,UNKNOWN,ADULT,1,53.81110548,-122.96397151,19,Current,2018_2025
179628,2023-04-27,2023,UNKNOWN,Prince George,Moose,UNKNOWN,ADULT,1,54.06595385,-122.7201755,19,Current,2018_2025
179968,2023-05-09,2023,UNKNOWN,Prince George,Deer,UNKNOWN,ADULT,1,53.67780685,-122.67382813,19,Current,2018_2025
179969,2023-05-15,2023,UNKNOWN,Prince George,Moose,UNKNOWN,ADULT,1,53.91812316,-121.75221844,19,Current,2018_2025
179970,2023-05-20,2023,UNKNOWN,Prince George,Deer,UNKNOWN,ADULT,1,53.74591598,-122.65601303,19,Current,2018_2025
179974,2023-05-25,2023,UNKNOWN,Prince George,Moose,UNKNOWN,YOUNG,1,53.83048858,-123.12919082,19,Current,2018_2025
179978,2023-05-30,2023,UNKNOWN,Pg,Moose,UNKNOWN,ADULT,1,53.85574722,-123.21685791,19,Current,2018_2025
179979,2023-05-30,2023,UNKNOWN,Pg,Deer,UNKNOWN,UNKNOWN,1,53.82769394,-122.85697937,19,Current,2018_2025
180329,2023-06-03,2023,UNKNOWN,Prince George,Moose,UNKNOWN,ADULT,1,53.92579761,-122.3829106,19,Current,2018_2025
180327,2023-06-04,2023,UNKNOWN,Prince George,Moose,UNKNOWN,YOUNG,1,53.82723632,-122.8587198,19,Current,2018_2025
180317,2023-06-05,2023,UNKNOWN,Pg,Moose,UNKNOWN,UNKNOWN,1,53.85574722,-123.2168579,19,Current,2018_2025
180332,2023-06-09,2023,UNKNOWN,Prince George,Moose,UNKNOWN,YOUNG,1,53.80830765,-122.9462051,19,Current,2018_2025
180325,2023-06-10,2023,UNKNOWN,Prince George,Deer,UNKNOWN,ADULT,1,53.84054612,-122.8336446,19,Current,2018_2025
180322,2023-06-13,2023,UNKNOWN,Prince George,Moose,UNKNOWN,ADULT,1,53.82951725,-121.3826744,19,Current,2018_2025
180320,2023-06-20,2023,UNKNOWN,Pg,Deer,UNKNOWN,YOUNG,1,53.80905238,-122.993114,19,Current,2018_2025
180321,2023-06-23,2023,UNKNOWN,Prince George,Moose,UNKNOWN,ADULT,1,53.81784058,-122.9142151,19,Current,2018_2025
180319,2023-06-26,2023,UNKNOWN,pg,Deer,UNKNOWN,ADULT,1,53.71280699,-122.6557783,19,Current,2018_2025
180318,2023-06-28,2023,UNKNOWN,Pg,Deer,UNKNOWN,ADULT,1,53.81722892,-123.0270095,19,Current,2018_2025
180324,2023-06-29,2023,UNKNOWN,Prince George,Bear,UNKNOWN,YOUNG,1,53.92579761,-122.3829106,19,Current,2018_2025
180677,2023-07-05,2023,UNKNOWN,Pg,Deer,UNKNOWN,UNKNOWN,1,53.75888881,-122.6560751,19,Current,2018_2025
180678,2023-07-10,2023,UNKNOWN,pg,Moose,UNKNOWN,ADULT,1,54.00052526,-122.4864652,19,Current,2018_2025
180680,2023-07-11,2023,UNKNOWN,Prince George,Moose,UNKNOWN,YOUNG,1,53.90221328,-122.0690632,19,Current,2018_2025
181217,2023-07-18,2023,UNKNOWN,Prince George,Deer,UNKNOWN,YOUNG,1,53.81153912,-122.9296576,19,Current,2018_2025
180684,2023-07-22,2023,UNKNOWN,Prince George,Bear,UNKNOWN,YOUNG,1,54.02826691,-122.7763214,19,Current,2018_2025
180683,2023-07-25,2023,UNKNOWN,pg,Deer,UNKNOWN,YOUNG,1,53.85913174,-122.6825533,19,Current,2018_2025
180686,2023-07-26,2023,UNKNOWN,prince george,Moose,UNKNOWN,ADULT,1,53.8584782,-121.491251,19,Current,2018_2025
180685,2023-07-27,2023,UNKNOWN,Prince George,Moose,UNKNOWN,ADULT,1,54.01716812,-122.7922154,19,Current,2018_2025
181218,2023-08-02,2023,UNKNOWN,Pg,Bear,UNKNOWN,ADULT,1,53.92772675,-122.6157379,19,Current,2018_2025
181223,2023-08-06,2023,UNKNOWN,Pg,Deer,UNKNOWN,ADULT,1,53.81751637,-123.0620027,19,Current,2018_2025
181220,2023-08-09,2023,UNKNOWN,Prince George,Moose,UNKNOWN,ADULT,1,53.7834066,-122.6561475,19,Current,2018_2025
181222,2023-08-16,2023,UNKNOWN,Prince George,Moose,UNKNOWN,ADULT,1,53.82769394,-122.8569794,19,Current,2018_2025
181225,2023-08-18,2023,UNKNOWN,Prince George,Bear,UNKNOWN,ADULT,1,53.98949432,-122.7867432,19,Current,2018_2025
181227,2023-08-21,2023,UNKNOWN,Prince George,Bear,UNKNOWN,ADULT,1,53.99341734,-122.7921479,19,Current,2018_2025
181226,2023-08-22,2023,UNKNOWN,Prince George,Bear,UNKNOWN,YOUNG,1,54.01064301,-122.8716431,19,Current,2018_2025
181228,2023-08-22,2023,UNKNOWN,Prince George,Moose,UNKNOWN,ADULT,1,54.03944397,-122.7405396,19,Current,2018_2025
181229,2023-08-23,2023,UNKNOWN,Prince George,Bear,UNKNOWN,ADULT,1,53.79465866,-122.8723526,19,Current,2018_2025
181230,2023-08-31,2023,UNKNOWN,Prince George,Moose,UNKNOWN,YOUNG,1,53.82769394,-122.8569794,19,Current,2018_2025
181655,2023-09-05,2023,UNKNOWN,Pg,Moose,UNKNOWN,ADULT,1,54.0244276,-122.7817931,19,Current,2018_2025
181656,2023-09-08,2023,UNKNOWN,Prince George.,Bear,UNKNOWN,YOUNG,1,53.89365387,-122.7673492,19,Current,2018_2025
181657,2023-09-09,2023,UNKNOWN,Prince george,Bear,UNKNOWN,ADULT,1,53.89964369,-122.7684832,19,Current,2018_2025
181658,2023-09-15,2023,UNKNOWN,Prince George,Deer,UNKNOWN,YOUNG,1,53.97070313,-122.6151962,19,Current,2018_2025
181659,2023-09-17,2023,UNKNOWN,Prince George,Moose,UNKNOWN,ADULT,1,53.82769394,-122.8569794,19,Current,2018_2025
181660,2023-09-18,2023,UNKNOWN,Pg,Deer,UNKNOWN,UNKNOWN,1,53.77107483,-122.6551132,19,Current,2018_2025
181661,2023-09-19,2023,UNKNOWN,Pg,Bear,UNKNOWN,YOUNG,1,53.96203271,-122.7682501,19,Current,2018_2025
181663,2023-09-20,2023,UNKNOWN,Pg,Bear,UNKNOWN,ADULT,1,53.96533447,-122.7667268,19,Current,2018_2025
181665,2023-09-26,2023,UNKNOWN,Prince George B.C,Moose,UNKNOWN,ADULT,1,53.8278474,-122.8542853,19,Current,2018_2025
181666,2023-09-26,2023,UNKNOWN,Prince George,Porcupine,UNKNOWN,ADULT,1,54.02826691,-122.7763214,19,Current,2018_2025
181667,2023-09-28,2023,UNKNOWN,Prince George,Moose,UNKNOWN,ADULT,1,53.92579651,-122.3829117,19,Current,2018_2025
182154,2023-10-02,2023,UNKNOWN,Pg,Moose,UNKNOWN,YOUNG,1,54.01100457,-123.0226944,19,Current,2018_2025
182155,2023-10-03,2023,UNKNOWN,Pg,Moose,UNKNOWN,ADULT,1,53.92041016,-122.6479416,19,Current,2018_2025
182156,2023-10-03,2023,UNKNOWN,Prince George,Deer,UNKNOWN,YOUNG,1,53.81887294,-122.8882585,19,Current,2018_2025
182157,2023-10-06,2023,UNKNOWN,Prince George,Moose,UNKNOWN,ADULT,1,54.21468735,-122.6033783,19,Current,2018_2025
182158,2023-10-08,2023,UNKNOWN,Prince George,Coyote,UNKNOWN,ADULT,1,53.84761555,-122.8261388,19,Current,2018_2025
182159,2023-10-08,2023,UNKNOWN,Prince George,Coyote,UNKNOWN,ADULT,1,53.84762366,-122.8261285,19,Current,2018_2025
182160,2023-10-13,2023,UNKNOWN,Prince George,Bear,UNKNOWN,ADULT,1,53.85832977,-122.8159027,19,Current,2018_2025
182161,2023-10-14,2023,UNKNOWN,Pg,Deer,UNKNOWN,YOUNG,1,53.85463438,-122.712384,19,Current,2018_2025
182162,2023-10-14,2023,UNKNOWN,Pg,Bear,UNKNOWN,ADULT,1,53.97121811,-122.7679672,19,Current,2018_2025
182163,2023-10-20,2023,UNKNOWN,Prince George,Deer,UNKNOWN,ADULT,1,54.05488642,-122.7390713,19,Current,2018_2025
182901,2023-10-20,2023,UNKNOWN,Prince ??George,Elk,UNKNOWN,ADULT,1,53.79612357,-122.6562166,19,Current,2018_2025
182165,2023-10-24,2023,UNKNOWN,Prince George,Moose,UNKNOWN,ADULT,1,54.24066068,-122.6086992,19,Current,2018_2025
182903,2023-11-02,2023,UNKNOWN,Prince George,Moose,UNKNOWN,ADULT,1,53.85490637,-122.8219736,19,Current,2018_2025
182905,2023-11-02,2023,UNKNOWN,Prince George,Moose,UNKNOWN,ADULT,1,53.93631687,-122.5573002,19,Current,2018_2025
182906,2023-11-03,2023,UNKNOWN,Prince George,Moose,UNKNOWN,YOUNG,1,54.02547986,-122.7802295,19,Current,2018_2025
183301,2023-11-04,2023,UNKNOWN,Prince George,Deer,UNKNOWN,ADULT,1,53.73024756,-122.65578747,19,Current,2018_2025
182907,2023-11-09,2023,UNKNOWN,Prince George,Deer,UNKNOWN,ADULT,1,53.67116114,-122.6767214,19,Current,2018_2025
182908,2023-11-09,2023,UNKNOWN,Prince George,Deer,UNKNOWN,ADULT,1,54.0107138,-122.9489248,19,Current,2018_2025
182909,2023-11-15,2023,UNKNOWN,Prince George,Deer,UNKNOWN,ADULT,1,54.01064301,-122.8716431,19,Current,2018_2025
182910,2023-11-17,2023,UNKNOWN,Prince George,Moose,UNKNOWN,YOUNG,1,54.0218927,-122.9803798,19,Current,2018_2025
183302,2023-11-18,2023,UNKNOWN,Prince George,Moose,UNKNOWN,YOUNG,1,53.83145494,-123.13364983,19,Current,2018_2025
182911,2023-11-23,2023,UNKNOWN,Prince George,Deer,UNKNOWN,ADULT,1,53.93828964,-122.7598572,19,Current,2018_2025
183303,2023-11-25,2023,UNKNOWN,Prince George B.C,Deer,UNKNOWN,ADULT,1,53.85022812,-123.20312977,19,Current,2018_2025
182913,2023-11-27,2023,UNKNOWN,Prince george,Deer,UNKNOWN,YOUNG,1,53.80932617,-122.9390488,19,Current,2018_2025
182914,2023-11-27,2023,UNKNOWN,prince george,Moose,UNKNOWN,ADULT,1,53.8260858,-122.8625803,19,Current,2018_2025
182915,2023-11-28,2023,UNKNOWN,prince george,Moose,UNKNOWN,ADULT,1,54.05487911,-122.7391718,19,Current,2018_2025
182916,2023-11-28,2023,UNKNOWN,prince george,Deer,UNKNOWN,ADULT,1,53.76550217,-122.6560768,19,Current,2018_2025
183305,2023-12-07,2023,UNKNOWN,Prince George,Moose,UNKNOWN,ADULT,1,53.91171265,-122.72453308,19,Current,2018_2025
183306,2023-12-11,2023,UNKNOWN,Prince George B.C,Deer,UNKNOWN,YOUNG,1,53.8274278,-123.117284,19,Current,2018_2025
183307,2023-12-11,2023,UNKNOWN,Prince George,Moose,UNKNOWN,ADULT,1,53.92727154,-122.63213594,19,Current,2018_2025
183308,2023-12-11,2023,UNKNOWN,Prince George,Deer,UNKNOWN,UNKNOWN,1,53.92516713,-122.64223695,19,Current,2018_2025
183309,2023-12-12,2023,UNKNOWN,Prince George,Deer,UNKNOWN,YOUNG,1,53.9067057,-122.6804586,19,Current,2018_2025
183310,2023-12-13,2023,UNKNOWN,Prince George,Moose,UNKNOWN,ADULT,1,54.020017,-122.787967,19,Current,2018_2025
183311,2023-12-14,2023,UNKNOWN,Prince George,Deer,UNKNOWN,YOUNG,1,53.8137428,-123.01929636,19,Current,2018_2025
183173,2023-12-23,2023,UNKNOWN,PRINCE GEORGE,Deer,UNKNOWN,UNKNOWN,1,55.58423,-122.36796,21,Current,2018_2025
183315,2023-12-27,2023,UNKNOWN,Prince George,Moose,UNKNOWN,ADULT,1,54.16202006,-122.61330094,19,Current,2018_2025
183316,2023-12-29,2023,UNKNOWN,Prince George,Moose,UNKNOWN,ADULT,1,54.01069718,-122.89515937,19,Current,2018_2025
183637,2024-01-18,2024,UNKNOWN,Pg,Deer,UNKNOWN,UNKNOWN,1,53.93828964,-122.75985718,19,Current,2018_2025
183638,2024-01-18,2024,UNKNOWN,Pg,Moose,UNKNOWN,ADULT,1,53.94451523,-122.50921631,19,Current,2018_2025
183639,2024-01-19,2024,UNKNOWN,Pg,Moose,UNKNOWN,ADULT,1,53.76629639,-122.65610504,19,Current,2018_2025
183640,2024-01-20,2024,UNKNOWN,Prince George,Deer,UNKNOWN,YOUNG,1,53.84238434,-123.17725372,19,Current,2018_2025
183641,2024-01-25,2024,UNKNOWN,Prince george,Moose,UNKNOWN,ADULT,1,53.88555527,-122.28489685,19,Current,2018_2025
183642,2024-01-28,2024,UNKNOWN,Prince George,Deer,UNKNOWN,YOUNG,1,53.6577226,-122.677595,19,Current,2018_2025
183643,2024-01-29,2024,UNKNOWN,Prince george,Deer,UNKNOWN,ADULT,1,53.846196,-122.6817333,19,Current,2018_2025
183644,2024-01-31,2024,UNKNOWN,Prince George B.C,Moose,UNKNOWN,ADULT,1,53.7591271,-122.6559061,19,Current,2018_2025
183923,2024-02-02,2024,UNKNOWN,Prince George,Coyote,UNKNOWN,UNKNOWN,1,53.81749344,-123.0512238,19,Current,2018_2025
183889,2024-02-05,2024,UNKNOWN,Prince George,Deer,UNKNOWN,ADULT,1,53.764534,-122.6560516,19,Current,2018_2025
183890,2024-02-20,2024,UNKNOWN,Prince George,Deer,UNKNOWN,ADULT,1,53.85852051,-122.6810989,19,Current,2018_2025
184084,2024-02-23,2024,UNKNOWN,Prince George B.C,Elk,UNKNOWN,ADULT,1,53.93445808,-122.56673813,19,Current,2018_2025
183892,2024-02-28,2024,UNKNOWN,Pg,Moose,UNKNOWN,YOUNG,1,54.01433466,-123.1534133,19,Current,2018_2025
184085,2024-03-03,2024,UNKNOWN,Prince George,Moose,UNKNOWN,YOUNG,1,53.98949432,-122.78674316,19,Current,2018_2025
184087,2024-03-05,2024,UNKNOWN,Prince George,Moose,UNKNOWN,ADULT,1,54.01691524,-122.7920115,19,Current,2018_2025
184088,2024-03-08,2024,UNKNOWN,Prince george,Moose,UNKNOWN,ADULT,1,53.81102112,-122.96246052,19,Current,2018_2025
184089,2024-03-13,2024,UNKNOWN,Prince George,Moose,UNKNOWN,YOUNG,1,53.85577774,-122.71450806,19,Current,2018_2025
184090,2024-03-15,2024,UNKNOWN,Prince George,Deer,UNKNOWN,ADULT,1,53.93823624,-122.75990295,19,Current,2018_2025
184093,2024-03-20,2024,UNKNOWN,Prince George,Deer,UNKNOWN,ADULT,1,53.89362717,-122.75346375,19,Current,2018_2025
184094,2024-03-22,2024,UNKNOWN,Prince George,Deer,UNKNOWN,YOUNG,1,54.11864459,-122.64523596,19,Current,2018_2025
184095,2024-03-29,2024,UNKNOWN,Prince George,Deer,UNKNOWN,ADULT,1,53.93059921,-122.77682495,19,Current,2018_2025
184721,2024-04-08,2024,UNKNOWN,Pg,Deer,UNKNOWN,ADULT,1,53.79369699,-122.8719985,19,Current,2018_2025
184722,2024-04-10,2024,UNKNOWN,Pg,Moose,UNKNOWN,ADULT,1,53.94583503,-122.4610614,19,Current,2018_2025
184724,2024-04-21,2024,UNKNOWN,Pg,Moose,UNKNOWN,UNKNOWN,1,53.66164017,-122.677475,19,Current,2018_2025
185107,2024-04-22,2024,UNKNOWN,Pg,Moose,UNKNOWN,ADULT,1,53.86582398,-123.273232,19,Current,2018_2025
184726,2024-04-28,2024,UNKNOWN,Prince George,Deer,UNKNOWN,UNKNOWN,1,53.81749344,-123.0512238,19,Current,2018_2025
184727,2024-04-29,2024,UNKNOWN,pg,Deer,UNKNOWN,ADULT,1,53.82078934,-122.8814621,19,Current,2018_2025
185032,2024-05-01,2024,UNKNOWN,Prince George,Deer,UNKNOWN,UNKNOWN,1,53.86462278,-122.7312927,19,Current,2018_2025
185033,2024-05-01,2024,UNKNOWN,Prince George,Moose,UNKNOWN,ADULT,1,53.90839166,-121.8986321,19,Current,2018_2025
185034,2024-05-01,2024,UNKNOWN,Prince George,Moose,UNKNOWN,YOUNG,1,53.8092236,-123.0126084,19,Current,2018_2025
185035,2024-05-03,2024,UNKNOWN,Prince George,Deer,UNKNOWN,ADULT,1,53.81056595,-122.9743271,19,Current,2018_2025
185036,2024-05-03,2024,UNKNOWN,Prince George,Bear,UNKNOWN,YOUNG,1,54.0450141,-122.7525184,19,Current,2018_2025
185037,2024-05-06,2024,UNKNOWN,Prince George,Deer,UNKNOWN,YOUNG,1,53.81749344,-123.0512238,19,Current,2018_2025
185043,2024-05-13,2024,UNKNOWN,Prince George,Deer,UNKNOWN,YOUNG,1,53.94477081,-122.4550934,19,Current,2018_2025
185041,2024-05-14,2024,UNKNOWN,Pg,Deer,UNKNOWN,YOUNG,1,53.80775909,-122.8591956,19,Current,2018_2025
185042,2024-05-14,2024,UNKNOWN,pg,Deer,UNKNOWN,YOUNG,1,53.8246823,-122.8678805,19,Current,2018_2025
185044,2024-05-17,2024,UNKNOWN,Prince George,Bear,UNKNOWN,YOUNG,1,53.97121811,-122.7679672,19,Current,2018_2025
185045,2024-05-21,2024,UNKNOWN,Pg,Deer,UNKNOWN,YOUNG,1,53.68488089,-122.674005,19,Current,2018_2025
185046,2024-05-21,2024,UNKNOWN,Pg,Deer,UNKNOWN,ADULT,1,53.86552048,-123.2662811,19,Current,2018_2025
185051,2024-05-31,2024,UNKNOWN,Prince George,Deer,UNKNOWN,ADULT,1,53.81595993,-123.0136719,19,Current,2018_2025
185515,2024-06-05,2024,UNKNOWN,Prince George,Bear,UNKNOWN,YOUNG,1,53.8995829,-122.31203513,19,Current,2018_2025
185543,2024-06-05,2024,UNKNOWN,Prince George,Bear,UNKNOWN,ADULT,1,54.06552515,-122.72101879,19,Current,2018_2025
185517,2024-06-08,2024,UNKNOWN,Pg,Moose,UNKNOWN,UNKNOWN,1,53.79280853,-122.65625763,19,Current,2018_2025
185516,2024-06-09,2024,UNKNOWN,Pg,Bear,UNKNOWN,ADULT,1,54.10609454,-122.65112512,19,Current,2018_2025
185519,2024-06-10,2024,UNKNOWN,Pg,Deer,UNKNOWN,YOUNG,1,53.80886881,-122.99363932,19,Current,2018_2025
185521,2024-06-13,2024,UNKNOWN,Prince George,Deer,UNKNOWN,ADULT,1,53.81681442,-122.90596771,19,Current,2018_2025
185522,2024-06-14,2024,UNKNOWN,Prince George,Deer,UNKNOWN,YOUNG,1,53.93828964,-122.75985718,19,Current,2018_2025
185523,2024-06-14,2024,UNKNOWN,Prince George,Deer,UNKNOWN,ADULT,1,53.88555527,-122.28489685,19,Current,2018_2025
185525,2024-06-20,2024,UNKNOWN,Pg,Moose,UNKNOWN,YOUNG,1,53.8789554,-122.2109549,19,Current,2018_2025
185526,2024-06-20,2024,UNKNOWN,Prince George,Deer,UNKNOWN,ADULT,1,53.88091278,-122.7700119,19,Current,2018_2025
185528,2024-06-21,2024,UNKNOWN,Prince George,Moose,UNKNOWN,ADULT,1,54.05685425,-122.73603058,19,Current,2018_2025
185529,2024-06-21,2024,UNKNOWN,Prince George,Deer,UNKNOWN,ADULT,1,53.86041478,-122.72305021,19,Current,2018_2025
185530,2024-06-21,2024,UNKNOWN,Prince George,Bear,UNKNOWN,YOUNG,1,53.88324213,-122.13523966,19,Current,2018_2025
185531,2024-06-21,2024,UNKNOWN,Prince George,Bear,UNKNOWN,ADULT,1,53.8834352,-122.1092263,19,Current,2018_2025
185532,2024-06-25,2024,UNKNOWN,Prince George,Wolf,UNKNOWN,YOUNG,1,53.90530396,-122.71595001,19,Current,2018_2025
185533,2024-06-25,2024,UNKNOWN,Prince George,Fox,UNKNOWN,ADULT,1,53.90530396,-122.71595001,19,Current,2018_2025
185534,2024-06-26,2024,UNKNOWN,Prince George,Deer,UNKNOWN,ADULT,1,53.62796402,-122.66365051,19,Current,2018_2025
186120,2024-07-04,2024,UNKNOWN,Prince George B.C.,Moose,UNKNOWN,ADULT,1,54.01067141,-122.8798047,19,Current,2018_2025
186121,2024-07-07,2024,UNKNOWN,Prince George,Bear,UNKNOWN,YOUNG,1,53.65915671,-122.6772695,19,Current,2018_2025
186134,2024-07-07,2024,UNKNOWN,Prince George,Moose,UNKNOWN,ADULT,1,53.86252455,-123.2362461,19,Current,2018_2025
186122,2024-07-11,2024,UNKNOWN,Prince George,Moose,UNKNOWN,ADULT,1,53.93823624,-122.759903,19,Current,2018_2025
186124,2024-07-12,2024,UNKNOWN,Prince George,Deer,UNKNOWN,ADULT,1,54.01099044,-122.9635815,19,Current,2018_2025
186123,2024-07-13,2024,UNKNOWN,Pg,Bear,UNKNOWN,YOUNG,1,54.04983188,-122.9931047,19,Current,2018_2025
186127,2024-07-14,2024,UNKNOWN,Prince george,Moose,UNKNOWN,ADULT,1,53.90241661,-122.0678759,19,Current,2018_2025
186126,2024-07-15,2024,UNKNOWN,prince george,Moose,UNKNOWN,ADULT,1,53.8337543,-122.6781443,19,Current,2018_2025
186567,2024-07-16,2024,UNKNOWN,Prince George,Moose,UNKNOWN,ADULT,1,54.03785046,-122.76324749,19,Current,2018_2025
186128,2024-07-17,2024,UNKNOWN,Prince George,Bear,UNKNOWN,ADULT,1,53.82078934,-122.8814621,19,Current,2018_2025
186129,2024-07-19,2024,UNKNOWN,Prince George,Deer,UNKNOWN,ADULT,1,53.90772595,-122.7021173,19,Current,2018_2025
186568,2024-08-06,2024,UNKNOWN,Pg,Bear,UNKNOWN,YOUNG,1,53.82911874,-122.85187129,19,Current,2018_2025
186570,2024-08-07,2024,UNKNOWN,Pg,Moose,UNKNOWN,ADULT,1,53.8660004,-123.28282644,19,Current,2018_2025
186569,2024-08-09,2024,UNKNOWN,Prince George,Moose,UNKNOWN,YOUNG,1,53.86539272,-123.26243877,19,Current,2018_2025
186572,2024-08-21,2024,UNKNOWN,Prince George,Deer,UNKNOWN,YOUNG,1,54.22193756,-122.60454006,19,Current,2018_2025
186573,2024-08-25,2024,UNKNOWN,Prince George,Moose,UNKNOWN,YOUNG,1,54.11864471,-122.64523315,19,Current,2018_2025
186574,2024-08-28,2024,UNKNOWN,Prince George,Moose,UNKNOWN,ADULT,1,54.1389089,-122.63033866,19,Current,2018_2025
187038,2024-09-02,2024,UNKNOWN,Prince George,Bear,UNKNOWN,ADULT,1,53.80904679,-123.0122745,19,Current,2018_2025
187039,2024-09-16,2024,UNKNOWN,Prince George,Bear,UNKNOWN,ADULT,1,54.24114357,-122.60916406,19,Current,2018_2025
187502,2024-09-18,2024,UNKNOWN,pg,Coyote,UNKNOWN,UNKNOWN,1,53.883518,-122.148628,19,Current,2018_2025
187485,2024-10-02,2024,UNKNOWN,Pg,Deer,UNKNOWN,ADULT,1,53.877004,-122.770858,19,Current,2018_2025
187486,2024-10-02,2024,UNKNOWN,Pg,Deer,UNKNOWN,UNKNOWN,1,53.849287,-123.200618,19,Current,2018_2025
187488,2024-10-09,2024,UNKNOWN,Prince Gorge,Deer,UNKNOWN,ADULT,1,53.81766,-123.038002,19,Current,2018_2025
187489,2024-10-10,2024,UNKNOWN,Pg,Bear,UNKNOWN,YOUNG,1,53.927344,-122.632632,19,Current,2018_2025
187492,2024-10-20,2024,UNKNOWN,Prince George,Deer,UNKNOWN,YOUNG,1,53.772129,-122.656016,19,Current,2018_2025
187493,2024-10-20,2024,UNKNOWN,Prince George,Deer,UNKNOWN,YOUNG,1,53.86373,-123.24572,19,Current,2018_2025
187494,2024-10-21,2024,UNKNOWN,prince george,Deer,UNKNOWN,ADULT,1,54.098856,-122.667993,19,Current,2018_2025
187495,2024-10-23,2024,UNKNOWN,Prince George,Elk,UNKNOWN,ADULT,1,53.776241,-122.656474,19,Current,2018_2025
187496,2024-10-24,2024,UNKNOWN,Prince George,Moose,UNKNOWN,ADULT,1,53.861948,-123.232913,19,Current,2018_2025
187497,2024-10-24,2024,UNKNOWN,Prince George,Bear,UNKNOWN,YOUNG,1,53.820788,-122.881459,19,Current,2018_2025
187498,2024-10-26,2024,UNKNOWN,Prince George,Moose,UNKNOWN,ADULT,1,53.677959,-122.673828,19,Current,2018_2025
187499,2024-10-26,2024,UNKNOWN,Prince George,Moose,UNKNOWN,ADULT,1,53.855746,-123.21686,19,Current,2018_2025
187501,2024-10-29,2024,UNKNOWN,Prince George,Moose,UNKNOWN,ADULT,1,53.720487,-122.65553,19,Current,2018_2025
187503,2024-10-31,2024,UNKNOWN,Prince George,Bear,UNKNOWN,YOUNG,1,53.941417,-122.760673,19,Current,2018_2025
188153,2024-11-02,2024,UNKNOWN,Prince George,Moose,UNKNOWN,ADULT,1,53.93829,-122.759859,19,Current,2018_2025
188157,2024-11-04,2024,UNKNOWN,Prince George B.C,Moose,UNKNOWN,ADULT,1,53.855747,-123.216858,19,Current,2018_2025
191140,2024-11-04,2024,UNKNOWN,Prince George B.C,Moose,UNKNOWN,ADULT,1,53.855747,-123.216858,19,Current,2018_2025
188154,2024-11-06,2024,UNKNOWN,Pg,Deer,UNKNOWN,YOUNG,1,53.817772,-123.056458,19,Current,2018_2025
188155,2024-11-06,2024,UNKNOWN,Prince George,Moose,UNKNOWN,ADULT,1,53.843674,-122.830285,19,Current,2018_2025
188156,2024-11-06,2024,UNKNOWN,Prince George,Deer,UNKNOWN,UNKNOWN,1,53.833551,-123.141862,19,Current,2018_2025
188158,2024-11-08,2024,UNKNOWN,Prince George,Deer,UNKNOWN,YOUNG,1,53.900445,-122.779499,19,Current,2018_2025
188159,2024-11-08,2024,UNKNOWN,Prince George,Deer,UNKNOWN,ADULT,1,53.84819,-123.197929,19,Current,2018_2025
188700,2024-11-08,2024,UNKNOWN,Prince George,Elk,UNKNOWN,ADULT,1,54.061332,-122.728057,19,Current,2018_2025
188161,2024-11-14,2024,UNKNOWN,Prince George,Deer,UNKNOWN,ADULT,1,53.849421,-122.824276,19,Current,2018_2025
188160,2024-11-15,2024,UNKNOWN,Prince  George,Deer,UNKNOWN,ADULT,1,53.931515,-122.763205,19,Current,2018_2025
188164,2024-11-17,2024,UNKNOWN,Prince George,Deer,UNKNOWN,ADULT,1,53.903667,-122.781586,19,Current,2018_2025
188165,2024-11-19,2024,UNKNOWN,Prince George,Deer,UNKNOWN,ADULT,1,53.943171,-122.761097,19,Current,2018_2025
188166,2024-11-21,2024,UNKNOWN,Prince George,Deer,UNKNOWN,ADULT,1,53.862855,-122.72918,19,Current,2018_2025
188169,2024-11-25,2024,UNKNOWN,Prince George,Moose,UNKNOWN,ADULT,1,53.865768,-122.68145,19,Current,2018_2025
188168,2024-11-27,2024,UNKNOWN,Pg,Deer,UNKNOWN,YOUNG,1,54.100787,-122.655541,19,Current,2018_2025
188170,2024-11-27,2024,UNKNOWN,Prince George,Deer,UNKNOWN,ADULT,1,53.938252,-122.760732,19,Current,2018_2025
188697,2024-11-30,2024,UNKNOWN,prince george,Deer,UNKNOWN,ADULT,1,53.936849,-122.758998,19,Current,2018_2025
188705,2024-12-09,2024,UNKNOWN,Prince George,Deer,UNKNOWN,ADULT,1,53.880913,-122.770012,19,Current,2018_2025
188706,2024-12-10,2024,UNKNOWN,Prince George,Deer,UNKNOWN,ADULT,1,53.907386,-122.681718,19,Current,2018_2025
188707,2024-12-10,2024,UNKNOWN,Prince George,Moose,UNKNOWN,ADULT,1,53.844946,-123.187419,19,Current,2018_2025
188708,2024-12-12,2024,UNKNOWN,Prince George,Moose,UNKNOWN,ADULT,1,54.14735,-122.624166,19,Current,2018_2025
188711,2024-12-16,2024,UNKNOWN,Prince George,Moose,UNKNOWN,YOUNG,1,53.868348,-123.369513,19,Current,2018_2025
188712,2024-12-16,2024,UNKNOWN,Prince George,Moose,UNKNOWN,ADULT,1,53.877274,-122.197607,19,Current,2018_2025
188696,2024-12-19,2024,UNKNOWN,Pg,Moose,UNKNOWN,YOUNG,1,53.696183,-122.667525,19,Current,2018_2025
188698,2024-12-31,2024,UNKNOWN,Prince George,Moose,UNKNOWN,UNKNOWN,1,53.936522,-122.555333,19,Current,2018_2025
188699,2024-12-31,2024,UNKNOWN,Prince George,Moose,UNKNOWN,UNKNOWN,1,53.939715,-122.429109,19,Current,2018_2025
189201,2025-01-05,2025,UNKNOWN,Prince George,Moose,UNKNOWN,ADULT,1,53.827694,-122.856979,19,Current,2018_2025
189454,2025-02-15,2025,UNKNOWN,Prince George,Moose,UNKNOWN,YOUNG,1,53.820789,-122.881462,19,Current,2018_2025
189455,2025-02-15,2025,UNKNOWN,Prince George,Deer,UNKNOWN,UNKNOWN,1,53.907993,-122.700447,19,Current,2018_2025
189456,2025-02-18,2025,UNKNOWN,Prince George,Elk,UNKNOWN,ADULT,1,53.792809,-122.656258,19,Current,2018_2025
189853,2025-03-01,2025,UNKNOWN,Prince George,Deer,UNKNOWN,ADULT,1,53.790256,-122.656227,19,Current,2018_2025
189854,2025-03-04,2025,UNKNOWN,Prince George,Deer,UNKNOWN,YOUNG,1,53.92041,-122.647942,19,Current,2018_2025
190561,2025-03-04,2025,UNKNOWN,Prince George,Deer,UNKNOWN,ADULT,1,53.921224,-122.646921,19,Current,2018_2025
189855,2025-03-08,2025,UNKNOWN,Prince George,Moose,UNKNOWN,ADULT,1,53.770414,-122.656073,19,Current,2018_2025
189856,2025-03-10,2025,UNKNOWN,Prince George,Moose,UNKNOWN,YOUNG,1,53.782627,-122.65654,19,Current,2018_2025
189857,2025-03-18,2025,UNKNOWN,Prince George,Deer,UNKNOWN,ADULT,1,53.925861,-122.64122,19,Current,2018_2025
189858,2025-03-20,2025,UNKNOWN,Prince George,Lynx,UNKNOWN,UNKNOWN,1,53.842384,-123.177254,19,Current,2018_2025
189859,2025-03-21,2025,UNKNOWN,Prince George,Deer,UNKNOWN,YOUNG,1,53.927329,-122.632448,19,Current,2018_2025
189860,2025-03-22,2025,UNKNOWN,prince george,Deer,UNKNOWN,ADULT,1,53.808488,-122.999066,19,Current,2018_2025
190260,2025-04-07,2025,UNKNOWN,pg,Deer,UNKNOWN,YOUNG,1,53.678417,-122.673851,19,Current,2018_2025
190252,2025-04-11,2025,UNKNOWN,Prince George,Beaver,UNKNOWN,ADULT,1,53.936069,-122.559281,19,Current,2018_2025
190253,2025-04-13,2025,UNKNOWN,PG,Deer,UNKNOWN,ADULT,1,53.865695,-122.788937,19,Current,2018_2025
190254,2025-04-19,2025,UNKNOWN,Prince George,Moose,UNKNOWN,YOUNG,1,53.851498,-122.583313,19,Current,2018_2025
190256,2025-04-25,2025,UNKNOWN,Prince George,Moose,UNKNOWN,YOUNG,1,53.865748,-122.649097,19,Current,2018_2025
190257,2025-04-27,2025,UNKNOWN,Prince George,Moose,UNKNOWN,YOUNG,1,53.864948,-122.791832,19,Current,2018_2025
190547,2025-05-02,2025,UNKNOWN,Prince George,Moose,UNKNOWN,YOUNG,1,53.814465,-122.927231,19,Current,2018_2025
190549,2025-05-07,2025,UNKNOWN,Prince George,Moose,UNKNOWN,ADULT,1,53.876274,-122.202734,19,Current,2018_2025
190553,2025-05-13,2025,UNKNOWN,Pg,Moose,UNKNOWN,ADULT,1,54.021665,-122.785575,19,Current,2018_2025
190554,2025-05-13,2025,UNKNOWN,"Prince George, B.C",Deer,UNKNOWN,ADULT,1,54.083103,-122.697191,19,Current,2018_2025
190672,2025-05-15,2025,UNKNOWN,Prince George,Deer,UNKNOWN,YOUNG,1,53.696432,-122.667289,19,Current,2018_2025
190555,2025-05-21,2025,UNKNOWN,Pg,Deer,UNKNOWN,ADULT,1,53.808741,-122.99632,19,Current,2018_2025
191138,2025-05-21,2025,UNKNOWN,Prince George,Deer,UNKNOWN,UNKNOWN,1,53.808183,-122.947076,19,Current,2018_2025
190556,2025-05-23,2025,UNKNOWN,Pg,Deer,UNKNOWN,YOUNG,1,53.805375,-122.656457,19,Current,2018_2025
190557,2025-05-23,2025,UNKNOWN,Pg,Deer,UNKNOWN,YOUNG,1,53.742512,-122.656003,19,Current,2018_2025
190558,2025-05-25,2025,UNKNOWN,Pg,Moose,UNKNOWN,YOUNG,1,54.010689,-122.948265,19,Current,2018_2025
190559,2025-05-25,2025,UNKNOWN,Prince George,Deer,UNKNOWN,YOUNG,1,53.866578,-123.353439,19,Current,2018_2025
190560,2025-05-27,2025,UNKNOWN,Pg,Moose,UNKNOWN,UNKNOWN,1,53.885555,-122.284897,19,Current,2018_2025
191142,2025-06-04,2025,UNKNOWN,Prince George,Deer,UNKNOWN,YOUNG,1,53.840546,-122.833641,19,Current,2018_2025
191158,2025-06-04,2025,UNKNOWN,"Prince George, B.C",Deer,UNKNOWN,ADULT,1,53.855779,-122.714508,19,Current,2018_2025
191145,2025-06-05,2025,UNKNOWN,Prince George,Elk,UNKNOWN,ADULT,1,54.204939,-122.603443,19,Current,2018_2025
191133,2025-06-06,2025,UNKNOWN,Prince George,Moose,UNKNOWN,ADULT,1,54.056854,-122.736031,19,Current,2018_2025
191134,2025-06-10,2025,UNKNOWN,Prince George,Moose,UNKNOWN,ADULT,1,54.296921,-122.622841,19,Current,2018_2025
191135,2025-06-14,2025,UNKNOWN,Prince George,Bear,UNKNOWN,YOUNG,1,53.942672,-122.519957,19,Current,2018_2025
191137,2025-06-20,2025,UNKNOWN,Prince George,Deer,UNKNOWN,YOUNG,1,53.816008,-122.850528,19,Current,2018_2025
191139,2025-06-23,2025,UNKNOWN,Pg,Moose,UNKNOWN,ADULT,1,54.054409,-122.993584,19,Current,2018_2025
191141,2025-06-26,2025,UNKNOWN,Prince george,Moose,UNKNOWN,ADULT,1,53.933774,-122.571931,19,Current,2018_2025
191669,2025-07-02,2025,UNKNOWN,Prince George,Deer,UNKNOWN,ADULT,1,53.868043,-123.367325,19,Current,2018_2025
191662,2025-07-23,2025,UNKNOWN,Prince George,Deer,UNKNOWN,YOUNG,1,53.930801,-122.771683,19,Current,2018_2025
191663,2025-07-28,2025,UNKNOWN,Prince George,Deer,UNKNOWN,YOUNG,1,53.81741,-123.036322,19,Current,2018_2025
191665,2025-07-28,2025,UNKNOWN,Prince George,Bear,UNKNOWN,ADULT,1,53.883226,-122.158388,19,Current,2018_2025
191664,2025-07-29,2025,UNKNOWN,Prince George,Porcupine,UNKNOWN,ADULT,1,53.92744,-122.588085,19,Current,2018_2025
192277,2025-08-09,2025,UNKNOWN,Prince George,Deer,UNKNOWN,YOUNG,1,53.812477,-123.01736,19,Current,2018_2025
192278,2025-08-11,2025,UNKNOWN,Prince George,Bear,UNKNOWN,ADULT,1,53.826876,-123.114535,19,Current,2018_2025
192281,2025-08-15,2025,UNKNOWN,Prince George,Deer,UNKNOWN,UNKNOWN,1,53.868522,-123.373196,19,Current,2018_2025
192285,2025-08-25,2025,UNKNOWN,Prince George,Moose,UNKNOWN,ADULT,1,53.897858,-121.990021,19,Current,2018_2025
192286,2025-08-26,2025,UNKNOWN,Prince George,Bear,UNKNOWN,YOUNG,1,53.91805,-121.869041,19,Current,2018_2025
192287,2025-08-30,2025,UNKNOWN,Prince George,Fox,UNKNOWN,ADULT,1,53.93091,-122.778002,19,Current,2018_2025
192542,2025-09-03,2025,UNKNOWN,Prince George,Deer,UNKNOWN,ADULT,1,53.907637,-122.672118,19,Current,2018_2025
192543,2025-09-04,2025,UNKNOWN,Prince George,Bear,UNKNOWN,ADULT,1,53.90276,-122.065646,19,Current,2018_2025
192544,2025-09-11,2025,UNKNOWN,Prince George,Bear,UNKNOWN,ADULT,1,53.826928,-123.115394,19,Current,2018_2025
192547,2025-09-14,2025,UNKNOWN,Prince George,Unknown,UNKNOWN,ADULT,1,53.844658,-122.829263,19,Current,2018_2025
192551,2025-09-22,2025,UNKNOWN,Pg,Bear,UNKNOWN,YOUNG,2,53.85833,-122.815903,19,Current,2018_2025
192552,2025-09-26,2025,UNKNOWN,Prince George,Deer,UNKNOWN,ADULT,1,53.86398,-123.247172,19,Current,2018_2025
193674,2025-10-05,2025,UNKNOWN,Prince George,Moose,UNKNOWN,ADULT,1,53.830162,-122.848215,19,Current,2018_2025
193662,2025-10-07,2025,UNKNOWN,Pg,Deer,UNKNOWN,YOUNG,1,53.813854,-122.92178,19,Current,2018_2025
193663,2025-10-07,2025,UNKNOWN,Pg,Deer,UNKNOWN,YOUNG,1,53.817408,-123.044794,19,Current,2018_2025
193665,2025-10-13,2025,UNKNOWN,Prince George,Moose,UNKNOWN,ADULT,1,53.897858,-121.990021,19,Current,2018_2025
193669,2025-10-25,2025,UNKNOWN,Prince George,Moose,UNKNOWN,YOUNG,1,53.931346,-122.775332,19,Current,2018_2025
194541,2025-10-26,2025,UNKNOWN,Prince George,Moose,UNKNOWN,YOUNG,1,53.865823,-123.276,19,Current,2018_2025
193670,2025-10-29,2025,UNKNOWN,Prince George,Deer,UNKNOWN,YOUNG,1,53.930801,-122.771683,19,Current,2018_2025
194542,2025-10-29,2025,UNKNOWN,Prince George,Bear,UNKNOWN,YOUNG,1,53.884495,-122.768741,19,Current,2018_2025
193671,2025-10-31,2025,UNKNOWN,Prince George,Deer,UNKNOWN,ADULT,1,53.906508,-122.709574,19,Current,2018_2025
194543,2025-11-04,2025,UNKNOWN,Prince George,Coyote,UNKNOWN,ADULT,1,53.94,-122.426491,19,Current,2018_2025
194992,2025-11-04,2025,UNKNOWN,Prince George,Moose,UNKNOWN,ADULT,1,54.182865,-122.611413,19,Current,2018_2025
194527,2025-11-07,2025,UNKNOWN,Prince George,Deer,UNKNOWN,ADULT,1,53.820345,-123.088434,19,Current,2018_2025
194528,2025-11-09,2025,UNKNOWN,Prince George,Deer,UNKNOWN,YOUNG,1,53.653987,-122.677032,19,Current,2018_2025
194529,2025-11-11,2025,UNKNOWN,Prince George,Deer,UNKNOWN,YOUNG,1,53.817493,-123.051224,19,Current,2018_2025
194530,2025-11-12,2025,UNKNOWN,Prince George,Fox,UNKNOWN,ADULT,1,53.923046,-122.781867,19,Current,2018_2025
194531,2025-11-13,2025,UNKNOWN,Prince George,Coyote,UNKNOWN,UNKNOWN,1,53.742855,-122.655914,19,Current,2018_2025
194532,2025-11-13,2025,UNKNOWN,Prince George,Moose,UNKNOWN,ADULT,1,53.827694,-122.856979,19,Current,2018_2025
194533,2025-11-14,2025,UNKNOWN,Prince George,Deer,UNKNOWN,ADULT,1,53.927334,-122.615524,19,Current,2018_2025
194536,2025-11-19,2025,UNKNOWN,Prince George,Deer,UNKNOWN,ADULT,1,53.767794,-122.656275,19,Current,2018_2025
194537,2025-11-19,2025,UNKNOWN,Prince George,Moose,UNKNOWN,YOUNG,1,53.946232,-122.498231,19,Current,2018_2025
194538,2025-11-24,2025,UNKNOWN,Prince George,Deer,UNKNOWN,ADULT,1,53.931072,-122.780655,19,Current,2018_2025
194539,2025-11-27,2025,UNKNOWN,Prince George,Deer,UNKNOWN,ADULT,1,53.914607,-122.728815,19,Current,2018_2025
194993,2025-12-05,2025,UNKNOWN,Prince George,Moose,UNKNOWN,ADULT,1,54.011784,-122.799263,19,Current,2018_2025
194994,2025-12-10,2025,UNKNOWN,Prince George,Moose,UNKNOWN,ADULT,1,54.010632,-122.850067,19,Current,2018_2025
194995,2025-12-14,2025,UNKNOWN,Prince George,Deer,UNKNOWN,ADULT,1,54.019455,-122.788698,19,Current,2018_2025
194996,2025-12-18,2025,UNKNOWN,Prince George,Deer,UNKNOWN,YOUNG,1,53.884899,-122.741646,19,Current,2018_2025
195000,2025-12-18,2025,UNKNOWN,Prince George,Moose,UNKNOWN,ADULT,1,53.88859,-122.288625,19,Current,2018_2025
194997,2025-12-22,2025,UNKNOWN,Prince George,Deer,UNKNOWN,UNKNOWN,1,53.78174,-122.656446,19,Current,2018_2025
194998,2025-12-23,2025,UNKNOWN,Prince George,Deer,UNKNOWN,ADULT,1,53.80855,-122.947031,19,Current,2018_2025
194999,2025-12-29,2025,UNKNOWN,Prince George,Moose,UNKNOWN,YOUNG,1,53.971364,-122.895223,19,Current,2018_2025
