Priority_Rank,Priority_Category,FeatureType,AssetID,Impact,Contribution_Discrete,Contribution_Continuous,Benefit_Discrete,Benefit_Continuous,Benefit_Per_Asset_Length,ConditionScore,WeightedDistressExtentRatio,AssetLength,MI_Value_Public_Rebuild,MI_Score_Public_Rebuild,MI_Score_Public_Normalized,Risk_Product_Public_MI_x_Condition,source_layer,public_length_m,SurfaceMaterial,A2_400m_Score,A2_250m_Score,A2_100m_Score,A3_400m_Score,A3_250m_Score,A3_100m_Score,A4_400m_Score,A4_250m_Score,A4_100m_Score,B0_400m_Score,B0_250m_Score,B0_100m_Score,B1_400m_Score,B1_250m_Score,B1_100m_Score,B2_400m_Score,B2_250m_Score,B2_100m_Score,B3_400m_Score,B3_250m_Score,B3_100m_Score,C2_400m_Score,C2_250m_Score,C2_100m_Score,C3_0m_Score,C4_0m_Score,C5_0m_Score,C6_0m_Score,D0_400m_Score,D0_250m_Score,D0_100m_Score,D1_400m_Score,D1_250m_Score,D1_100m_Score,D2_400m_Score,D2_250m_Score,D2_100m_Score,D3_400m_Score,D3_250m_Score,D3_100m_Score,D4_400m_Score,D4_250m_Score,D4_100m_Score,E6_0m_Score,F1_400m_Score,F1_250m_Score,F1_100m_Score,F9_400m_Score,F9_250m_Score,F9_100m_Score,G0_400m_Score,G0_250m_Score,G0_100m_Score,G1_0m_Score,G2_0m_Score,G3_0m_Score,G4_0m_Score,G5_0m_Score,A1_400m_Score,A1_250m_Score,A1_100m_Score,E0_400m_Score,E0_250m_Score,E0_100m_Score,E1_400m_Score,E1_250m_Score,E1_100m_Score,E2_400m_Score,E2_250m_Score,E2_100m_Score,E3_400m_Score,E3_250m_Score,E3_100m_Score,C0_400m_Score,C0_250m_Score,C0_100m_Score,F0_400m_Score,F0_250m_Score,F0_100m_Score,F8_400m_Score,F8_250m_Score,F8_100m_Score,F2_0m_Score,F3_0m_Score,F4_0m_Score,F6_0m_Score,F7_0m_Score,A0_400m_Score,A0_250m_Score,A0_100m_Score,A5_400m_Score,A5_250m_Score,A5_100m_Score,C1_400m_Score,C1_250m_Score,C1_100m_Score,E4_0m_Score,E5_0m_Score,DistressExtentRatio,U_Gap_L3,U_Grade_L3,U_Trip_L3,D_Crack_L1,D_Crack_L2,D_Crossfall_L1,D_Heave_L1,D_Heave_L2,D_Patch_L1,D_Patch_L2,D_Ponding_L1,D_Ponding_L2,D_Rough_L1,D_Rough_L2,D_Trip_L1,D_Trip_L2,D_Utility_L1,D_Utility_L2,T_Crossfall_L1,T_Culvert_L1,T_Obstruct_L1,T_Pond_L2,T_Rocks_L1,T_Roots_L1,T_Roots_L2,T_Rut_L1,T_Rut_L2,T_Veg_L1,T_Mud_L1,T_Pond_L1,T_Rocks_L2,T_Steps_L1,T_Structure_L1,PedestrianIncidents_50m_2020_2024,ConditionScore_num,WeightedDistressExtentRatio_num,AssetLength_num,Benefit_With_Incidents
1,Very High,RPath,541,5.0,4.0,0.006,20.0,0.03,0.0986679822397632,1.0,0.006,202.7,95,5,5,5.0,sidewalks,203.284,CON,1,2,2,0,0,0,0,0,0,1,2,2,0,0,0,1,2,0,0,0,0,0,0,0,5,0,0,0,1,2,2,0,0,0,1,0,0,0,0,0,0,0,0,0,1,2,2,0,1,1,1,2,2,0,5,0,3,1,1,2,2,0,0,0,1,2,2,0,0,0,1,2,2,1,2,0,1,2,2,1,0,0,5,0,1,1,1,1,2,2,1,2,2,1,2,0,5,0,0.015,,,,0.007,,,,,,,,,,,0.007,,,,,,,,,,,,,,,,,,,0,1.0,0.006,202.7,20.0
2,Very High,RPath,703,5.0,4.0,0.005,20.0,0.025,0.08213552361396304,1.0,0.005,243.5,104,5,5,5.0,sidewalks,244.676,CON,1,2,2,1,2,0,1,0,0,1,2,2,1,2,2,0,0,0,0,0,0,1,0,0,5,5,0,2,1,2,2,1,0,0,1,2,0,0,0,0,1,2,0,5,1,2,2,0,1,1,1,2,2,5,5,0,3,1,1,0,0,0,0,0,1,0,0,0,0,0,0,0,0,1,2,0,1,2,0,0,0,0,5,3,1,1,1,1,2,2,0,0,0,0,0,0,5,0,0.018,,,,0.018,,,,,,,,,,,,,,,,,,,,,,,,,,,,,,1,1.0,0.005,243.5,30.0
3,Very High,RPath,713,5.0,4.0,0.003,20.0,0.015,0.08326394671107411,1.0,0.003,240.2,97,5,5,5.0,sidewalks,240.468,CON,1,2,0,1,2,0,1,0,0,1,0,0,1,2,2,1,2,0,0,0,0,0,0,0,5,0,0,2,1,2,2,0,0,0,1,2,0,0,0,0,0,0,0,5,1,2,0,0,1,1,1,2,2,5,5,0,3,1,1,0,0,1,0,0,1,2,2,0,0,0,1,0,0,1,2,0,1,2,2,0,0,0,5,3,1,1,1,1,0,0,1,0,0,1,2,0,5,0,0.012,,,,0.012,,,,,,,,,,,,,,,,,,,,,,,,,,,,,,1,1.0,0.003,240.2,30.0
4,Very High,RPath,721,5.0,4.0,0.0,20.0,0.0,0.17809439002671415,1.0,0.0,112.3,86,5,5,5.0,sidewalks,110.454,CON,1,0,0,0,0,0,0,0,0,1,2,0,1,2,0,1,2,2,0,0,0,0,0,0,5,0,0,0,1,2,2,0,0,0,1,2,0,0,0,0,0,0,0,0,1,2,2,0,1,1,1,2,2,0,5,0,3,1,0,0,0,1,2,0,1,2,0,0,0,0,1,2,0,1,2,0,1,2,2,1,0,0,0,3,1,1,1,1,2,2,1,0,0,1,2,2,5,0,0.0,,,,,,,,,,,,,,,,,,,,,,,,,,,,,,,,,,2,1.0,0.0,112.3,40.0
5,Very High,RPath,753,5.0,4.0,0.0,20.0,0.0,0.2638522427440633,1.0,0.0,75.8,103,5,5,5.0,sidewalks,76.223,HMAC,1,2,2,1,2,0,0,0,0,0,0,0,1,2,2,0,0,0,0,0,0,0,0,0,5,5,0,2,1,0,0,1,2,2,1,2,2,0,0,0,1,0,0,5,1,2,2,0,1,0,1,2,2,5,5,0,3,1,0,0,0,0,0,0,1,2,0,1,0,0,1,2,0,1,2,2,1,2,0,0,0,0,5,3,1,1,1,1,2,2,0,0,0,0,0,0,5,0,0.0,,,,,,,,,,,,,,,,,,,,,,,,,,,,,,,,,,1,1.0,0.0,75.8,30.0
6,Very High,RPath,762,5.0,4.0,0.0,20.0,0.0,0.06289308176100629,1.0,0.0,318.0,87,5,5,5.0,sidewalks,316.767,CON,1,2,0,1,0,0,0,0,0,0,0,0,1,0,0,1,0,0,0,0,0,1,0,0,5,0,0,2,1,0,0,1,2,2,1,2,2,0,0,0,1,2,0,5,1,2,2,0,1,0,1,2,2,0,5,0,3,0,0,0,0,1,2,0,1,2,2,1,0,0,1,2,2,1,0,0,1,0,0,0,0,0,5,3,1,1,1,1,2,0,0,0,0,0,0,0,5,0,0.0,,,,,,,,,,,,,,,,,,,,,,,,,,,,,,,,,,2,1.0,0.0,318.0,40.0
7,Very High,RPath,765,5.0,4.0,0.006,20.0,0.03,0.15026296018031557,1.0,0.006,133.1,94,5,5,5.0,sidewalks,133.108,CON,1,2,0,1,0,0,0,0,0,0,0,0,1,0,0,1,0,0,0,0,0,1,0,0,5,0,0,2,1,2,0,1,2,2,1,2,2,0,0,0,1,2,2,5,1,2,2,0,1,1,1,2,2,5,5,0,3,0,1,0,0,1,2,0,1,2,2,0,0,0,1,2,0,1,0,0,0,0,0,0,0,0,5,3,1,1,1,1,2,0,0,0,0,0,0,0,5,0,0.023,,,,0.023,,,,,,,,,,,,,,,,,,,,,,,,,,,,,,5,1.0,0.006,133.1,50.0
8,Very High,RPath,811,5.0,4.0,0.0,20.0,0.0,0.49140049140049136,1.0,0.0,40.7,86,5,5,5.0,sidewalks,40.72,CON,1,2,0,0,0,0,0,0,0,1,0,0,1,2,2,1,2,0,0,0,0,1,2,2,5,0,0,0,1,2,0,1,0,0,1,2,2,0,0,0,1,2,2,5,1,2,2,0,1,1,1,2,2,5,5,0,0,1,1,2,2,1,0,0,1,0,0,0,0,0,0,0,0,0,0,0,1,2,0,0,0,0,0,3,1,1,1,1,0,0,0,0,0,0,0,0,5,0,0.0,,,,,,,,,,,,,,,,,,,,,,,,,,,,,,,,,,1,1.0,0.0,40.7,30.0
9,Very High,RPath,970,5.0,4.0,0.004,20.0,0.02,0.1968503937007874,1.0,0.004,101.6,87,5,5,5.0,sidewalks,95.944,CON,1,2,2,0,0,0,0,0,0,1,2,0,1,0,0,1,0,0,0,0,0,0,0,0,5,0,0,0,1,2,2,0,0,0,1,0,0,0,0,0,0,0,0,0,1,2,2,0,1,1,1,2,2,0,5,0,0,1,1,2,0,0,0,0,1,2,0,0,0,0,1,2,0,1,2,0,1,2,2,1,2,0,5,0,1,1,1,1,2,2,1,2,2,1,2,2,5,0,0.015,,,,0.015,,,,,,,,,,,,,,,,,,,,,,,,,,,,,,0,1.0,0.004,101.6,20.0
10,Very High,RPath,980,5.0,4.0,0.0,20.0,0.0,0.09727626459143969,1.0,0.0,205.6,96,5,5,5.0,sidewalks,205.964,CON,1,2,2,1,2,0,0,0,0,1,0,0,1,2,0,0,0,0,0,0,0,0,0,0,5,5,0,0,1,2,2,1,2,2,1,2,2,0,0,0,1,2,2,0,1,2,2,0,1,0,1,2,2,5,5,0,3,0,1,0,0,0,0,0,1,2,0,1,0,0,1,2,0,1,2,0,1,0,0,0,0,0,5,0,1,1,1,1,2,2,0,0,0,0,0,0,5,0,0.0,,,,,,,,,,,,,,,,,,,,,,,,,,,,,,,,,,4,1.0,0.0,205.6,50.0
11,Very High,RPath,1155,5.0,4.0,0.007,20.0,0.035,0.09666505558240696,1.0,0.007,206.9,90,5,5,5.0,sidewalks,205.737,CON,1,2,2,0,0,0,0,0,0,0,0,0,1,2,2,1,2,2,0,0,0,1,2,0,5,0,0,2,1,0,0,1,2,2,1,2,2,0,0,0,1,2,2,0,1,2,0,0,1,1,1,2,2,5,5,0,0,0,1,0,0,1,2,2,1,2,0,1,2,0,1,2,0,1,0,0,1,0,0,0,0,0,0,3,1,1,1,1,0,0,0,0,0,0,0,0,5,0,0.007,,,,,0.007,,,,,,,,,,,,,,,,,,,,,,,,,,,,,0,1.0,0.007,206.9,20.0
12,Very High,RPath,49,4.0,4.0,0.007,16.0,0.028,0.14285714285714285,1.0,0.007,112.0,71,4,4,4.0,sidewalks,108.951,CON,1,2,2,1,0,0,1,0,0,0,0,0,1,0,0,1,2,2,0,0,0,0,0,0,5,5,0,2,0,0,0,1,2,0,1,2,2,0,0,0,1,0,0,0,1,2,0,0,1,1,1,2,2,5,5,0,0,1,0,0,0,0,0,0,1,2,0,0,0,0,0,0,0,1,2,2,0,0,0,0,0,0,0,3,0,0,0,0,0,0,0,0,0,0,0,0,5,0,0.013,,,,,,,,,,,,,,,0.013,,,,,,,,,,,,,,,,,,,1,1.0,0.007,112.0,26.0
13,Very High,RPath,262,4.0,4.0,0.0,16.0,0.0,0.20330368487928843,1.0,0.0,78.7,80,4,4,4.0,sidewalks,82.173,CON,1,2,0,1,2,0,1,2,0,1,0,0,1,2,2,0,0,0,0,0,0,1,2,2,0,5,0,2,0,0,0,0,0,0,1,0,0,0,0,0,0,0,0,5,1,0,0,0,1,1,1,2,2,5,0,0,3,1,0,0,0,0,0,0,1,2,0,1,2,0,1,2,0,1,0,0,1,2,2,0,0,0,5,3,1,0,1,0,0,0,0,0,0,0,0,0,5,0,0.0,,,,,,,,,,,,,,,,,,,,,,,,,,,,,,,,,,1,1.0,0.0,78.7,26.0
14,Very High,RPath,295,4.0,4.0,0.004,16.0,0.016,0.04092071611253197,1.0,0.004,391.0,85,5,4,4.0,sidewalks,384.874,CON,1,2,2,1,2,2,1,2,2,0,0,0,1,2,2,0,0,0,0,0,0,0,0,0,0,5,0,2,0,0,0,1,2,0,1,2,2,1,2,0,0,0,0,0,0,0,0,0,1,1,1,2,2,5,5,4,0,1,0,0,0,0,0,0,1,2,0,0,0,0,1,2,0,1,2,0,1,2,0,0,0,0,5,0,1,1,1,0,0,0,0,0,0,0,0,0,5,0,0.008,,,,,,,,,,,,,,,,,0.008,,,,,,,,,,,,,,,,,0,1.0,0.004,391.0,16.0
15,Very High,RPath,302,4.0,4.0,0.0,16.0,0.0,0.1791713325867861,1.0,0.0,89.3,74,4,4,4.0,sidewalks,85.541,HMAC,1,2,2,1,2,0,1,2,0,1,0,0,1,2,2,1,2,2,0,0,0,0,0,0,0,5,0,2,0,0,0,1,0,0,1,2,2,0,0,0,0,0,0,5,1,0,0,0,0,0,1,2,2,0,5,0,0,1,0,0,0,0,0,0,0,0,0,0,0,0,0,0,0,1,2,2,1,2,0,0,0,0,5,3,1,0,0,0,0,0,0,0,0,0,0,0,5,0,0.0,,,,,,,,,,,,,,,,,,,,,,,,,,,,,,,,,,2,1.0,0.0,89.3,36.0
16,Very High,RPath,304,4.0,4.0,0.0,16.0,0.0,0.18348623853211007,1.0,0.0,87.2,68,4,4,4.0,sidewalks,87.784,HMAC,1,2,2,1,2,0,1,2,0,1,2,0,1,2,2,1,2,2,0,0,0,0,0,0,0,0,0,2,0,0,0,1,0,0,1,2,2,0,0,0,0,0,0,5,1,0,0,0,0,0,1,2,2,0,5,0,0,1,0,0,0,0,0,0,0,0,0,0,0,0,0,0,0,1,2,2,1,0,0,0,0,0,5,3,0,0,0,0,0,0,0,0,0,0,0,0,5,0,0.0,,,,,,,,,,,,,,,,,,,,,,,,,,,,,,,,,,2,1.0,0.0,87.2,36.0
17,Very High,RPath,307,4.0,4.0,0.0,16.0,0.0,0.1927710843373494,1.0,0.0,83.0,67,4,4,4.0,sidewalks,82.657,HMAC,1,2,2,1,2,0,1,2,0,0,0,0,1,2,0,1,2,0,0,0,0,0,0,0,0,0,0,2,0,0,0,1,2,2,1,2,2,0,0,0,0,0,0,5,1,2,0,0,0,0,1,2,2,0,5,0,0,1,0,0,0,0,0,0,1,0,0,0,0,0,0,0,0,1,2,0,1,0,0,0,0,0,5,3,1,0,0,0,0,0,0,0,0,0,0,0,5,0,0.0,,,,,,,,,,,,,,,,,,,,,,,,,,,,,,,,,,0,1.0,0.0,83.0,16.0
18,Very High,RPath,357,4.0,4.0,0.0,16.0,0.0,0.07928642220019821,1.0,0.0,201.8,72,4,4,4.0,sidewalks,201.79,HMAC,1,2,2,1,2,2,1,2,2,0,0,0,1,0,0,1,0,0,0,0,0,0,0,0,0,5,0,2,0,0,0,0,0,0,1,2,2,0,0,0,0,0,0,0,1,2,2,0,1,0,1,2,2,5,5,0,0,1,0,0,0,0,0,0,1,2,2,0,0,0,0,0,0,1,2,0,1,0,0,0,0,0,5,0,1,0,1,0,0,0,0,0,0,0,0,0,5,0,0.0,,,,,,,,,,,,,,,,,,,,,,,,,,,,,,,,,,1,1.0,0.0,201.8,26.0
19,Very High,RPath,401,4.0,4.0,0.0,16.0,0.0,0.12148823082763859,1.0,0.0,131.7,77,4,4,4.0,sidewalks,129.514,CON,1,2,2,1,2,0,1,2,0,0,0,0,1,0,0,1,2,0,0,0,0,0,0,0,5,5,0,0,0,0,0,1,0,0,1,2,2,0,0,0,0,0,0,0,1,2,2,0,1,1,1,2,2,5,5,0,0,1,0,0,0,0,0,0,1,2,2,0,0,0,0,0,0,1,2,2,0,0,0,0,0,0,5,3,0,0,0,0,0,0,0,0,0,0,0,0,5,0,0.0,,,,,,,,,,,,,,,,,,,,,,,,,,,,,,,,,,2,1.0,0.0,131.7,36.0
20,Very High,RPath,407,4.0,4.0,0.005,16.0,0.02,0.201765447667087,1.0,0.005,79.3,74,4,4,4.0,sidewalks,82.89,CON,1,2,0,1,2,0,1,2,0,1,2,0,1,2,0,0,0,0,0,0,0,1,2,0,0,0,0,2,1,0,0,0,0,0,1,2,0,0,0,0,1,2,0,5,1,2,0,0,1,0,1,2,0,0,0,0,3,1,1,2,0,0,0,0,1,0,0,1,0,0,0,0,0,1,2,0,1,2,2,0,0,0,5,3,1,0,1,1,2,0,0,0,0,0,0,0,5,0,0.019,,,,0.019,,,,,,,,,,,,,,,,,,,,,,,,,,,,,,0,1.0,0.005,79.3,16.0
21,Very High,RPath,414,4.0,4.0,0.0,16.0,0.0,0.21164021164021166,1.0,0.0,75.6,82,4,4,4.0,sidewalks,75.551,CON,1,2,0,1,2,0,0,0,0,0,0,0,1,2,0,0,0,0,0,0,0,1,0,0,5,0,0,2,1,0,0,1,2,2,1,2,2,0,0,0,1,2,0,5,1,2,0,0,1,0,1,2,2,0,0,0,3,1,0,0,0,1,2,0,1,2,2,1,0,0,1,2,0,1,0,0,1,0,0,0,0,0,5,3,1,1,1,1,2,0,0,0,0,0,0,0,5,0,0.0,,,,,,,,,,,,,,,,,,,,,,,,,,,,,,,,,,1,1.0,0.0,75.6,26.0
22,Very High,RPath,439,4.0,4.0,0.0,16.0,0.0,0.05538248528902735,1.0,0.0,288.9,80,4,4,4.0,sidewalks,286.375,CON,1,2,2,1,0,0,1,0,0,0,0,0,1,2,0,1,2,2,0,0,0,0,0,0,0,5,0,2,0,0,0,1,2,2,1,2,2,0,0,0,1,2,2,0,1,2,2,0,1,1,1,2,2,5,5,4,0,1,1,0,0,0,0,0,1,0,0,0,0,0,0,0,0,1,2,0,1,2,0,0,0,0,0,3,0,0,0,0,0,0,0,0,0,0,0,0,5,0,0.0,,,,,,,,,,,,,,,,,,,,,,,,,,,,,,,,,,4,1.0,0.0,288.9,46.0
23,Very High,RPath,441,4.0,4.0,0.009,16.0,0.036,0.194884287454324,1.0,0.009,82.1,76,4,4,4.0,sidewalks,78.883,HMAC,1,2,2,1,0,0,1,0,0,1,2,0,1,2,0,1,0,0,0,0,0,0,0,0,5,0,0,2,0,0,0,0,0,0,1,2,2,0,0,0,0,0,0,5,1,2,2,0,0,0,1,2,2,5,5,4,0,1,0,0,0,0,0,0,1,0,0,0,0,0,1,0,0,1,0,0,1,2,0,0,0,0,5,3,1,0,0,0,0,0,0,0,0,0,0,0,5,0,0.037,,,,0.037,,,,,,,,,,,,,,,,,,,,,,,,,,,,,,3,1.0,0.009,82.1,46.0
24,Very High,RPath,449,4.0,4.0,0.006,16.0,0.024,0.08695652173913043,1.0,0.006,184.0,80,4,4,4.0,sidewalks,126.406,CON,1,2,2,0,0,0,0,0,0,0,0,0,1,2,0,1,2,0,1,0,0,0,0,0,5,5,0,2,0,0,0,1,2,2,1,2,2,0,0,0,0,0,0,0,1,2,2,0,1,1,1,2,2,5,5,0,3,1,0,0,0,0,0,0,1,0,0,0,0,0,1,0,0,1,2,0,1,2,0,0,0,0,0,3,1,1,1,1,0,0,0,0,0,0,0,0,5,0,0.024,,,,0.024,,,,,,,,,,,,,,,,,,,,,,,,,,,,,,0,1.0,0.006,184.0,16.0
25,Very High,RPath,456,4.0,4.0,0.0,16.0,0.0,0.2,1.0,0.0,80.0,69,4,4,4.0,sidewalks,79.849,CON,1,2,2,0,0,0,0,0,0,1,2,2,1,0,0,1,0,0,0,0,0,0,0,0,5,0,0,2,1,2,2,1,0,0,1,2,0,0,0,0,1,2,0,5,1,2,0,0,1,1,1,2,2,0,0,0,3,1,1,0,0,0,0,0,1,0,0,0,0,0,1,0,0,1,0,0,1,0,0,0,0,0,0,3,1,1,1,1,2,0,0,0,0,0,0,0,5,0,0.0,,,,,,,,,,,,,,,,,,,,,,,,,,,,,,,,,,1,1.0,0.0,80.0,26.0
26,Very High,RPath,494,4.0,4.0,0.004,16.0,0.016,0.0954653937947494,1.0,0.004,167.6,74,4,4,4.0,sidewalks,167.638,PB,1,2,2,1,2,2,0,0,0,0,0,0,1,2,0,0,0,0,0,0,0,0,0,0,5,0,0,0,0,0,0,1,2,0,1,2,2,0,0,0,1,0,0,0,1,2,2,0,0,0,1,2,2,0,5,0,0,0,0,0,0,0,0,0,1,2,2,1,2,0,1,2,0,1,2,0,1,0,0,0,0,0,5,0,1,0,1,1,2,2,0,0,0,0,0,0,5,0,0.009,,,,,,,,,,,,,,,0.009,,,,,,,,,,,,,,,,,,,1,1.0,0.004,167.6,26.0
27,Very High,RPath,530,4.0,4.0,0.0,16.0,0.0,0.1869158878504673,1.0,0.0,85.6,74,4,4,4.0,sidewalks,83.683,HMAC,1,2,2,1,2,0,1,0,0,0,0,0,1,2,0,1,2,0,0,0,0,0,0,0,5,0,0,2,0,0,0,1,2,2,1,2,2,0,0,0,0,0,0,5,1,2,2,0,1,0,1,2,2,0,5,0,3,1,0,0,0,0,0,0,1,0,0,0,0,0,0,0,0,1,0,0,1,0,0,0,0,0,5,3,1,0,0,0,0,0,0,0,0,0,0,0,5,0,0.0,,,,,,,,,,,,,,,,,,,,,,,,,,,,,,,,,,0,1.0,0.0,85.6,16.0
28,Very High,RPath,542,4.0,4.0,0.0,16.0,0.0,0.09329446064139942,1.0,0.0,171.5,85,5,4,4.0,sidewalks,171.035,CON,1,2,2,0,0,0,0,0,0,1,2,2,0,0,0,1,2,0,0,0,0,0,0,0,5,0,0,0,1,2,2,1,0,0,1,0,0,0,0,0,1,0,0,0,1,2,0,0,1,0,1,2,2,0,0,0,3,1,1,2,2,0,0,0,1,2,2,0,0,0,1,2,2,1,2,0,1,2,2,1,0,0,5,0,1,1,1,1,2,2,1,2,0,1,0,0,5,0,0.0,,,,,,,,,,,,,,,,,,,,,,,,,,,,,,,,,,0,1.0,0.0,171.5,16.0
29,Very High,RPath,552,4.0,4.0,0.008,16.0,0.032,0.1724137931034483,1.0,0.008,92.8,70,4,4,4.0,sidewalks,92.82,CON,1,2,0,0,0,0,0,0,0,1,0,0,1,0,0,1,2,0,0,0,0,0,0,0,5,0,0,0,1,2,2,0,0,0,1,0,0,0,0,0,0,0,0,0,1,2,2,0,1,1,1,2,2,0,0,0,0,1,1,0,0,1,2,0,1,0,0,0,0,0,1,2,0,1,2,2,1,2,2,1,2,0,0,0,1,1,1,1,2,2,1,0,0,1,2,0,5,0,0.016,,,,,,,,,,,,,,,,,0.016,,,,,,,,,,,,,,,,,0,1.0,0.008,92.8,16.0
30,Very High,RPath,569,4.0,4.0,0.004,16.0,0.016,0.17222820236813777,1.0,0.004,92.9,75,4,4,4.0,sidewalks,92.854,CON,1,2,0,0,0,0,0,0,0,1,0,0,1,0,0,1,2,0,0,0,0,0,0,0,5,0,0,0,1,2,2,0,0,0,1,0,0,0,0,0,0,0,0,0,1,2,2,0,1,1,1,2,2,0,5,0,0,1,1,0,0,1,2,0,1,2,0,0,0,0,1,2,0,1,2,2,1,2,2,1,2,0,0,0,1,1,1,1,2,2,1,0,0,1,0,0,5,0,0.016,,,,0.016,,,,,,,,,,,,,,,,,,,,,,,,,,,,,,0,1.0,0.004,92.9,16.0
31,Very High,RPath,587,4.0,4.0,0.0,16.0,0.0,0.05124919923126201,1.0,0.0,312.2,70,4,4,4.0,sidewalks,240.685,CON,1,2,2,1,2,0,1,2,0,0,0,0,1,0,0,1,2,0,0,0,0,0,0,0,5,0,0,2,0,0,0,1,2,2,1,2,2,0,0,0,0,0,0,0,1,2,2,0,1,1,1,2,2,0,5,0,3,1,0,0,0,0,0,0,1,2,2,0,0,0,0,0,0,1,0,0,0,0,0,0,0,0,5,0,1,0,0,0,0,0,0,0,0,0,0,0,5,0,0.0,,,,,,,,,,,,,,,,,,,,,,,,,,,,,,,,,,0,1.0,0.0,312.2,16.0
32,Very High,RPath,595,4.0,4.0,0.0,16.0,0.0,0.07901234567901234,1.0,0.0,202.5,78,4,4,4.0,sidewalks,200.575,HMAC,1,2,2,1,2,2,0,0,0,0,0,0,1,2,2,1,0,0,0,0,0,0,0,0,0,5,0,2,0,0,0,1,0,0,1,2,0,0,0,0,0,0,0,5,1,2,2,0,1,1,1,2,2,5,0,0,3,1,0,0,0,0,0,0,1,2,0,0,0,0,1,0,0,1,2,0,1,2,0,0,0,0,5,3,1,0,0,1,0,0,0,0,0,0,0,0,5,0,0.0,,,,,,,,,,,,,,,,,,,,,,,,,,,,,,,,,,0,1.0,0.0,202.5,16.0
33,Very High,RPath,597,4.0,4.0,0.0,16.0,0.0,0.06890611541774333,1.0,0.0,232.2,67,4,4,4.0,sidewalks,228.247,HMAC,1,2,0,1,2,0,1,0,0,0,0,0,1,2,0,1,0,0,0,0,0,0,0,0,5,0,0,2,0,0,0,1,2,2,1,2,2,0,0,0,0,0,0,0,1,2,2,0,1,1,1,2,2,0,5,0,3,1,0,0,0,0,0,0,1,2,2,0,0,0,0,0,0,1,0,0,1,0,0,0,0,0,5,0,1,0,0,0,0,0,0,0,0,0,0,0,5,0,0.0,,,,,,,,,,,,,,,,,,,,,,,,,,,,,,,,,,8,1.0,0.0,232.2,46.0
34,Very High,RPath,607,4.0,4.0,0.008,16.0,0.032,0.09049773755656108,1.0,0.008,176.8,79,4,4,4.0,sidewalks,172.803,HMAC,1,2,2,1,2,0,0,0,0,0,0,0,1,2,0,1,2,0,0,0,0,1,2,0,5,0,0,2,0,0,0,1,2,2,1,2,2,0,0,0,0,0,0,0,1,2,0,0,1,1,1,2,2,5,0,0,3,1,0,0,0,0,0,0,1,2,2,0,0,0,1,0,0,1,2,0,1,2,0,0,0,0,5,3,1,0,0,0,0,0,0,0,0,0,0,0,5,0,0.034,,,,0.034,,,,,,,,,,,,,,,,,,,,,,,,,,,,,,0,1.0,0.008,176.8,16.0
35,Very High,RPath,666,4.0,4.0,0.005,16.0,0.02,0.2130492676431425,1.0,0.005,75.1,73,4,4,4.0,sidewalks,79.658,CON,1,2,2,1,2,2,1,2,2,1,0,0,1,2,2,0,0,0,0,0,0,1,2,0,0,0,0,2,0,0,0,0,0,0,1,0,0,0,0,0,0,0,0,5,1,0,0,0,1,1,1,2,2,5,0,0,3,1,0,0,0,0,0,0,1,2,0,1,2,0,1,2,0,1,0,0,1,2,0,0,0,0,0,3,1,0,1,1,0,0,0,0,0,0,0,0,5,0,0.02,,,,0.02,,,,,,,,,,,,,,,,,,,,,,,,,,,,,,0,1.0,0.005,75.1,16.0
36,Very High,RPath,712,4.0,4.0,0.0,16.0,0.0,0.21768707482993196,1.0,0.0,73.5,76,4,4,4.0,sidewalks,73.662,CON,1,2,0,1,0,0,0,0,0,1,2,0,1,0,0,1,2,0,0,0,0,0,0,0,5,0,0,0,1,2,2,0,0,0,1,0,0,0,0,0,1,0,0,5,1,2,0,0,1,1,1,2,2,0,0,0,3,1,1,0,0,0,0,0,1,2,2,0,0,0,1,0,0,1,0,0,1,2,0,0,0,0,5,3,1,1,1,1,2,0,1,0,0,1,2,0,5,0,0.0,,,,,,,,,,,,,,,,,,,,,,,,,,,,,,,,,,1,1.0,0.0,73.5,26.0
37,Very High,RPath,732,4.0,4.0,0.005,16.0,0.02,0.21887824897400823,1.0,0.005,73.1,81,4,4,4.0,sidewalks,72.028,CON,1,0,0,0,0,0,0,0,0,1,2,0,1,2,0,1,2,2,0,0,0,0,0,0,5,0,0,0,1,2,2,0,0,0,1,2,0,0,0,0,0,0,0,0,1,2,2,0,1,1,1,2,2,0,5,0,3,1,0,0,0,1,2,0,1,2,0,0,0,0,1,2,0,1,2,0,1,2,0,1,0,0,0,0,1,1,1,1,2,2,1,0,0,1,2,2,5,0,0.021,,,,0.021,,,,,,,,,,,,,,,,,,,,,,,,,,,,,,3,1.0,0.005,73.1,46.0
38,Very High,RPath,767,4.0,4.0,0.0,16.0,0.0,0.42105263157894735,1.0,0.0,38.0,74,4,4,4.0,sidewalks,37.973,SS,1,2,0,1,2,0,0,0,0,0,0,0,1,2,0,0,0,0,0,0,0,0,0,0,5,0,0,0,0,0,0,1,0,0,1,2,2,0,0,0,0,0,0,0,1,2,2,0,0,0,1,2,2,5,5,4,3,0,0,0,0,0,0,0,1,2,2,1,2,0,1,0,0,1,0,0,1,0,0,0,0,0,5,3,1,0,1,1,0,0,0,0,0,0,0,0,5,0,0.0,,,,,,,,,,,,,,,,,,,,,,,,,,,,,,,,,,2,1.0,0.0,38.0,36.0
39,Very High,RPath,768,4.0,4.0,0.0,16.0,0.0,0.4419889502762431,1.0,0.0,36.2,76,4,4,4.0,sidewalks,36.194,SS,1,2,2,1,2,0,0,0,0,0,0,0,1,2,0,0,0,0,0,0,0,0,0,0,5,0,0,0,0,0,0,1,0,0,1,2,2,0,0,0,0,0,0,0,1,2,2,0,0,0,1,2,2,5,5,4,3,0,0,0,0,0,0,0,1,2,0,1,2,0,1,0,0,1,0,0,1,0,0,0,0,0,5,3,1,0,1,1,2,0,0,0,0,0,0,0,5,0,0.0,,,,,,,,,,,,,,,,,,,,,,,,,,,,,,,,,,1,1.0,0.0,36.2,26.0
40,Very High,RPath,769,4.0,4.0,0.0,16.0,0.0,0.21220159151193632,1.0,0.0,75.4,73,4,4,4.0,sidewalks,72.04,PB,1,2,0,1,2,0,0,0,0,0,0,0,1,0,0,0,0,0,0,0,0,0,0,0,5,0,0,0,0,0,0,1,0,0,1,2,2,0,0,0,0,0,0,0,1,2,2,0,0,0,1,2,2,5,5,4,3,1,0,0,0,0,0,0,1,2,2,1,2,0,1,0,0,1,0,0,1,0,0,0,0,0,5,3,1,0,1,1,0,0,0,0,0,0,0,0,5,0,0.0,,,,,,,,,,,,,,,,,,,,,,,,,,,,,,,,,,1,1.0,0.0,75.4,26.0
41,Very High,RPath,817,4.0,4.0,0.0,16.0,0.0,1.3559322033898304,1.0,0.0,11.8,78,4,4,4.0,sidewalks,11.774,CON,1,2,2,0,0,0,0,0,0,1,2,0,0,0,0,0,0,0,0,0,0,0,0,0,0,5,0,0,1,2,2,1,0,0,1,0,0,0,0,0,0,0,0,0,1,2,0,0,1,0,1,2,2,5,5,0,3,0,1,2,0,0,0,0,1,2,0,0,0,0,1,0,0,1,2,2,1,2,0,0,0,0,0,0,1,1,1,1,2,2,1,2,2,1,2,0,5,0,0.0,,,,,,,,,,,,,,,,,,,,,,,,,,,,,,,,,,0,1.0,0.0,11.8,16.0
42,Very High,RPath,881,4.0,4.0,0.006,16.0,0.024,0.24960998439937598,1.0,0.006,64.1,73,4,4,4.0,sidewalks,62.614,CON,1,2,2,1,2,2,1,2,0,0,0,0,1,2,2,1,0,0,0,0,0,1,2,2,0,5,0,2,0,0,0,1,0,0,1,2,2,0,0,0,0,0,0,0,1,0,0,0,0,0,1,2,2,5,0,0,3,1,0,0,0,0,0,0,1,0,0,0,0,0,1,2,0,1,2,0,1,2,2,0,0,0,0,3,1,0,0,0,0,0,0,0,0,0,0,0,5,0,0.023,,,,0.023,,,,,,,,,,,,,,,,,,,,,,,,,,,,,,0,1.0,0.006,64.1,16.0
43,Very High,RPath,889,4.0,4.0,0.005,16.0,0.02,0.07699711260827719,1.0,0.005,207.8,84,5,4,4.0,sidewalks,212.344,CON,1,2,2,0,0,0,0,0,0,1,2,0,1,0,0,0,0,0,0,0,0,0,0,0,0,5,0,0,1,2,2,1,2,2,1,2,0,0,0,0,1,2,0,0,1,2,0,0,1,1,1,2,2,5,5,0,0,0,1,2,0,0,0,0,1,2,2,0,0,0,1,0,0,1,2,0,1,0,0,0,0,0,0,0,1,1,1,1,2,2,1,2,2,1,2,0,5,0,0.022,,,,0.022,,,,,,,,,,,,,,,,,,,,,,,,,,,,,,0,1.0,0.005,207.8,16.0
44,Very High,RPath,890,4.0,4.0,0.009,16.0,0.036,0.07699711260827719,1.0,0.009,207.8,81,4,4,4.0,sidewalks,208.267,CON,1,2,2,1,0,0,0,0,0,1,0,0,1,0,0,0,0,0,0,0,0,0,0,0,5,5,0,0,1,2,2,1,2,2,1,2,2,0,0,0,1,2,2,0,1,2,2,0,1,1,1,2,2,5,5,0,0,0,1,0,0,0,0,0,1,2,2,0,0,0,1,0,0,1,0,0,1,0,0,0,0,0,0,0,1,1,1,1,2,0,1,0,0,0,0,0,5,0,0.014,0.007,,,0.007,,,,,,,,,,,,,,,,,,,,,,,,,,,,,,2,1.0,0.009,207.8,36.0
45,Very High,RPath,906,4.0,4.0,0.0,16.0,0.0,0.05509641873278237,1.0,0.0,290.4,78,4,4,4.0,sidewalks,286.439,CON,1,2,2,1,2,0,1,2,0,0,0,0,1,2,2,0,0,0,0,0,0,0,0,0,0,5,0,2,0,0,0,1,2,2,1,2,2,1,2,2,1,0,0,0,0,0,0,0,1,1,1,2,2,5,5,4,0,0,0,0,0,0,0,0,0,0,0,0,0,0,1,0,0,1,2,0,1,0,0,0,0,0,5,0,1,1,1,0,0,0,0,0,0,0,0,0,5,0,0.0,,,,,,,,,,,,,,,,,,,,,,,,,,,,,,,,,,0,1.0,0.0,290.4,16.0
46,Very High,RPath,960,4.0,4.0,0.004,16.0,0.016,0.17410228509249182,1.0,0.004,91.9,74,4,4,4.0,sidewalks,91.943,CON,1,2,2,0,0,0,0,0,0,1,2,2,0,0,0,1,0,0,0,0,0,0,0,0,5,0,0,0,1,2,2,1,0,0,1,0,0,0,0,0,1,0,0,0,1,2,0,0,1,1,1,2,2,0,5,0,0,1,1,2,2,0,0,0,1,2,0,0,0,0,1,2,0,1,2,0,1,2,0,0,0,0,0,0,1,1,1,1,2,2,1,2,0,1,0,0,5,0,0.016,,,,0.016,,,,,,,,,,,,,,,,,,,,,,,,,,,,,,0,1.0,0.004,91.9,16.0
47,Very High,RPath,992,4.0,4.0,0.007,16.0,0.028,0.1593625498007968,1.0,0.007,100.4,82,4,4,4.0,sidewalks,100.386,HMAC,1,2,2,1,2,0,0,0,0,0,0,0,1,2,2,1,2,0,0,0,0,1,0,0,0,5,0,2,0,0,0,0,0,0,1,2,2,0,0,0,0,0,0,5,1,2,0,0,1,1,1,2,2,5,5,0,0,1,0,0,0,0,0,0,0,0,0,0,0,0,0,0,0,1,2,2,1,2,2,0,0,0,5,0,1,0,0,1,2,0,0,0,0,1,2,0,5,0,0.03,,,,0.03,,,,,,,,,,,,,,,,,,,,,,,,,,,,,,0,1.0,0.007,100.4,16.0
48,Very High,RPath,1072,4.0,4.0,0.007,16.0,0.028,0.15810276679841898,1.0,0.007,101.2,68,4,4,4.0,sidewalks,100.698,CON,1,2,0,0,0,0,0,0,0,1,2,0,1,0,0,0,0,0,0,0,0,1,0,0,5,0,0,2,1,2,2,1,2,0,1,2,2,0,0,0,1,2,2,5,1,2,0,0,1,0,1,2,2,0,0,0,0,1,1,2,0,0,0,0,1,0,0,0,0,0,0,0,0,1,0,0,1,0,0,0,0,0,0,3,1,1,1,1,2,0,0,0,0,0,0,0,5,0,0.03,,,,0.03,,,,,,,,,,,,,,,,,,,,,,,,,,,,,,0,1.0,0.007,101.2,16.0
49,Very High,RPath,1080,4.0,4.0,0.005,16.0,0.02,0.2191780821917808,1.0,0.005,73.0,85,5,4,4.0,sidewalks,68.821,CON,1,2,2,1,2,0,0,0,0,0,0,0,1,2,2,0,0,0,0,0,0,0,0,0,0,5,0,2,1,0,0,1,2,0,1,2,0,0,0,0,1,0,0,5,1,2,0,0,0,0,1,2,0,5,0,0,3,1,0,0,0,0,0,0,1,2,0,1,0,0,1,2,0,1,2,2,1,2,2,0,0,0,5,3,1,0,1,1,2,2,0,0,0,0,0,0,5,0,0.021,,,,0.021,,,,,,,,,,,,,,,,,,,,,,,,,,,,,,0,1.0,0.005,73.0,16.0
50,Very High,RPath,1090,4.0,4.0,0.009,16.0,0.036,0.1278976818545164,1.0,0.009,125.1,72,4,4,4.0,sidewalks,125.547,CON,1,2,2,1,0,0,1,0,0,1,2,2,1,2,2,0,0,0,0,0,0,1,2,2,0,0,0,2,0,0,0,0,0,0,1,2,0,0,0,0,0,0,0,5,1,0,0,0,1,0,1,2,0,0,0,0,0,1,0,0,0,0,0,0,1,2,0,1,2,2,1,2,2,1,2,0,1,2,0,0,0,0,5,3,1,0,1,0,0,0,0,0,0,0,0,0,5,0,0.036,,,,0.036,,,,,,,,,,,,,,,,,,,,,,,,,,,,,,0,1.0,0.009,125.1,16.0
51,Very High,RPath,1157,4.0,4.0,0.008,16.0,0.032,0.1762114537444934,1.0,0.008,90.8,72,4,4,4.0,sidewalks,91.273,CON,1,2,2,0,0,0,0,0,0,0,0,0,1,2,2,1,2,0,0,0,0,1,2,2,0,0,0,0,1,0,0,1,2,2,1,2,2,0,0,0,1,2,2,0,1,2,0,0,1,0,1,2,2,5,5,0,0,0,1,2,0,1,2,0,1,2,0,1,0,0,1,0,0,1,0,0,1,0,0,0,0,0,0,3,1,1,1,0,0,0,0,0,0,0,0,0,0,0,0.017,,,,,,,,,,,,,,,,,0.017,,,,,,,,,,,,,,,,,0,1.0,0.008,90.8,16.0
52,Very High,RPath,1167,4.0,4.0,0.0,16.0,0.0,0.27027027027027023,1.0,0.0,59.2,67,4,4,4.0,sidewalks,64.344,HMAC,1,2,2,1,0,0,1,0,0,1,2,0,1,2,0,1,0,0,0,0,0,0,0,0,5,0,0,2,0,0,0,0,0,0,1,2,2,0,0,0,0,0,0,5,1,2,2,0,0,0,1,2,2,0,5,0,0,1,0,0,0,0,0,0,1,0,0,0,0,0,1,0,0,1,0,0,1,2,0,0,0,0,5,3,1,0,0,0,0,0,0,0,0,0,0,0,5,0,0.0,,,,,,,,,,,,,,,,,,,,,,,,,,,,,,,,,,3,1.0,0.0,59.2,46.0
53,Very High,RPath,1191,4.0,4.0,0.008,16.0,0.032,0.04666083406240887,1.0,0.008,342.9,80,4,4,4.0,sidewalks,342.878,CON,1,2,2,1,2,0,1,0,0,0,0,0,1,2,2,1,0,0,0,0,0,0,0,0,0,5,0,0,0,0,0,1,2,2,1,2,2,1,2,2,1,2,0,0,0,0,0,0,1,1,1,2,2,5,5,4,3,0,0,0,0,0,0,0,0,0,0,0,0,0,1,0,0,1,2,0,1,0,0,0,0,0,5,0,1,1,1,0,0,0,0,0,0,0,0,0,5,0,0.013,,,,0.004,,,,,,,,,,,,0.004,0.004,,,,,,,,,,,,,,,,,0,1.0,0.008,342.9,16.0
54,Very High,RPath,1194,4.0,4.0,0.005,16.0,0.02,0.04329004329004329,1.0,0.005,369.6,71,4,4,4.0,sidewalks,373.888,CON,1,2,2,1,2,2,1,0,0,0,0,0,1,2,0,1,0,0,0,0,0,0,0,0,0,5,0,0,0,0,0,0,0,0,1,2,2,0,0,0,0,0,0,0,1,2,2,0,1,1,1,2,2,5,5,0,0,1,0,0,0,0,0,0,0,0,0,0,0,0,0,0,0,0,0,0,1,2,2,0,0,0,0,3,1,1,1,1,0,0,1,2,0,1,2,0,5,0,0.008,,,,0.004,,,,,,,,,,,,,,0.004,,,,,,,,,,,,,,,,0,1.0,0.005,369.6,16.0
55,Very High,RPath,1230,4.0,4.0,0.0,16.0,0.0,1.1594202898550725,1.0,0.0,13.8,70,4,4,4.0,sidewalks,13.784,PB,1,2,0,1,2,0,0,0,0,0,0,0,1,2,0,0,0,0,0,0,0,0,0,0,5,0,0,2,0,0,0,1,0,0,1,2,2,0,0,0,0,0,0,0,1,2,2,0,0,0,1,2,2,5,5,4,0,0,0,0,0,0,0,0,1,2,0,1,2,0,1,2,0,1,0,0,1,0,0,0,0,0,5,0,1,0,1,1,0,0,0,0,0,0,0,0,5,0,0.0,,,,,,,,,,,,,,,,,,,,,,,,,,,,,,,,,,1,1.0,0.0,13.8,26.0
56,Very High,RPath,1233,4.0,4.0,0.0,16.0,0.0,0.3225806451612903,1.0,0.0,49.6,67,4,4,4.0,sidewalks,46.795,CON,1,2,0,1,2,0,0,0,0,0,0,0,1,2,0,0,0,0,0,0,0,0,0,0,0,0,0,2,0,0,0,0,0,0,1,2,2,0,0,0,0,0,0,5,1,0,0,0,0,0,1,2,0,5,0,4,0,1,0,0,0,0,0,0,1,2,0,1,2,0,1,2,2,1,0,0,1,2,2,0,0,0,5,3,0,0,1,1,0,0,0,0,0,0,0,0,5,0,0.0,,,,,,,,,,,,,,,,,,,,,,,,,,,,,,,,,,0,1.0,0.0,49.6,16.0
57,Very High,RPath,1337,4.0,4.0,0.0,16.0,0.0,0.2821869488536155,1.0,0.0,56.7,82,4,4,4.0,sidewalks,54.839,CON,1,2,0,1,0,0,0,0,0,0,0,0,1,2,2,1,2,2,0,0,0,0,0,0,5,5,0,0,0,0,0,1,2,2,1,2,2,0,0,0,0,0,0,5,1,0,0,0,0,0,1,2,0,5,5,4,0,1,0,0,0,1,2,0,1,2,0,1,2,0,1,0,0,1,0,0,0,0,0,0,0,0,5,0,1,1,1,0,0,0,0,0,0,0,0,0,5,0,0.0,,,,,,,,,,,,,,,,,,,,,,,,,,,,,,,,,,0,1.0,0.0,56.7,16.0
58,Very High,RPath,1591,4.0,4.0,0.009,16.0,0.036,0.0935672514619883,1.0,0.009,171.0,71,4,4,4.0,sidewalks,172.16,CON,1,2,2,1,2,2,0,0,0,0,0,0,1,2,2,0,0,0,0,0,0,0,0,0,5,5,0,0,0,0,0,1,2,0,1,0,0,0,0,0,1,2,2,0,1,2,0,0,1,0,1,2,2,5,5,0,0,1,1,2,0,0,0,0,0,0,0,0,0,0,0,0,0,0,0,0,1,2,2,0,0,0,0,0,1,1,1,0,0,0,1,0,0,0,0,0,5,0,0.018,,,,,,,,,,,,,,,,,0.018,,,,,,,,,,,,,,,,,1,1.0,0.009,171.0,26.0
59,Very High,RPath,123,4.0,4.0,0.0,16.0,0.0,0.09190120620333142,1.0,0.0,174.1,73,4,4,4.0,sidewalks,60.655,CON,1,2,2,0,0,0,0,0,0,1,2,0,0,0,0,0,0,0,0,0,0,0,0,0,0,5,0,0,1,2,2,1,0,0,1,0,0,0,0,0,0,0,0,0,1,2,0,0,1,1,1,2,2,0,5,0,0,0,1,2,0,0,0,0,1,2,0,0,0,0,1,2,0,1,2,2,1,2,0,0,0,0,0,0,1,1,1,1,2,2,1,2,2,1,2,0,5,0,0.0,,,,,,,,,,,,,,,,,,,,,,,,,,,,,,,,,,0,1.0,0.0,174.1,16.0
60,Very High,RPath,1358,4.0,4.0,0.009,16.0,0.036,0.18518518518518517,1.0,0.009,86.4,73,4,4,4.0,walkways,84.021,SS,1,2,2,1,2,0,1,2,0,0,0,0,1,2,0,1,2,0,0,0,0,0,0,0,0,5,0,2,0,0,0,1,0,0,1,2,2,0,0,0,0,0,0,0,1,2,0,0,1,1,1,2,2,5,5,0,0,1,0,0,0,0,0,0,1,2,0,0,0,0,0,0,0,1,2,2,1,0,0,0,0,0,5,3,0,0,0,0,0,0,0,0,0,0,0,0,5,0,0.017,,,,,,,,,,,,,,,,,,,,,,,0.017,,,,,,,,,,,0,1.0,0.009,86.4,16.0
61,Very High,RPath,1544,4.0,4.0,0.0,16.0,0.0,0.20278833967046894,1.0,0.0,78.9,70,4,4,4.0,walkways,78.929,SS,1,2,2,1,2,2,1,0,0,0,0,0,1,2,2,1,2,2,0,0,0,0,0,0,0,5,0,0,0,0,0,0,0,0,1,2,2,0,0,0,0,0,0,0,1,2,0,0,1,1,1,2,2,5,5,0,0,0,0,0,0,0,0,0,0,0,0,0,0,0,0,0,0,1,2,0,1,2,0,0,0,0,5,3,0,0,0,0,0,0,0,0,0,0,0,0,5,0,0.0,,,,,,,,,,,,,,,,,,,,,,,,,,,,,,,,,,0,1.0,0.0,78.9,16.0
62,High,RPath,87,5.0,3.0,0.048,15.0,0.24,0.08675534991324464,2.0,0.048,172.9,93,5,5,10.0,sidewalks,172.637,CON,1,2,2,0,0,0,0,0,0,1,0,0,1,2,2,1,2,0,0,0,0,1,2,2,5,0,0,0,1,0,0,1,2,0,1,2,2,0,0,0,1,2,2,5,1,2,2,0,1,1,1,2,2,5,5,0,0,1,1,2,2,1,2,0,1,0,0,1,0,0,1,0,0,1,0,0,1,2,0,0,0,0,0,3,1,1,1,1,0,0,0,0,0,0,0,0,5,0,0.156,,,,0.139,0.009,,,,,,,,,,,,0.009,,,,,,,,,,,,,,,,,1,2.0,0.048,172.9,25.0
63,High,RPath,89,5.0,3.0,0.076,15.0,0.38,0.08460236886632826,2.0,0.076,177.3,95,5,5,10.0,sidewalks,175.886,HMAC,1,2,0,1,0,0,1,0,0,1,2,0,1,2,2,1,2,0,0,0,0,1,2,2,5,0,0,2,1,2,0,1,0,0,1,2,2,0,0,0,1,2,2,5,1,2,2,0,1,1,1,2,2,5,5,0,0,1,1,2,2,0,0,0,0,0,0,0,0,0,0,0,0,1,2,0,1,2,0,0,0,0,0,3,1,1,1,1,2,0,0,0,0,0,0,0,5,0,0.305,,,,0.305,,,,,,,,,,,,,,,,,,,,,,,,,,,,,,2,2.0,0.076,177.3,35.0
64,High,RPath,208,5.0,3.0,0.022,15.0,0.10999999999999999,0.051688490696071676,2.0,0.022,290.2,88,5,5,10.0,sidewalks,290.076,HMAC,1,2,2,1,2,0,1,2,0,0,0,0,1,2,2,1,2,2,0,0,0,0,0,0,5,5,0,2,0,0,0,0,0,0,1,2,2,0,0,0,0,0,0,0,1,2,2,0,0,0,1,2,2,5,5,4,0,1,0,0,0,0,0,0,0,0,0,0,0,0,1,0,0,1,2,2,1,2,2,0,0,0,5,3,0,1,0,0,0,0,0,0,0,0,0,0,5,0,0.072,,,,0.067,0.005,,,,,,,,,,,,,,,,,,,,,,,,,,,,,1,2.0,0.022,290.2,25.0
65,High,RPath,213,5.0,3.0,0.014,15.0,0.07,0.13562386980108498,2.0,0.014,110.6,94,5,5,10.0,sidewalks,110.628,CON,1,0,0,0,0,0,0,0,0,1,2,0,1,2,0,1,2,2,0,0,0,0,0,0,5,0,0,0,1,2,2,0,0,0,1,2,0,0,0,0,0,0,0,5,1,2,2,0,1,1,1,2,2,0,5,0,0,1,1,0,0,1,2,0,1,2,2,0,0,0,1,2,0,1,2,0,1,2,2,1,0,0,5,3,1,1,1,1,2,0,1,0,0,1,2,2,5,0,0.041,,,,0.027,,,,,,,,,,,0.014,,,,,,,,,,,,,,,,,,,1,2.0,0.014,110.6,25.0
66,High,RPath,216,5.0,3.0,0.098,15.0,0.49,0.135013501350135,2.0,0.098,111.1,97,5,5,10.0,sidewalks,111.073,CON,1,0,0,0,0,0,0,0,0,1,2,0,1,0,0,1,2,2,0,0,0,0,0,0,5,5,0,0,1,2,2,0,0,0,1,2,0,0,0,0,0,0,0,5,1,2,2,0,1,1,1,2,2,0,5,0,0,1,1,0,0,1,2,0,1,2,2,0,0,0,1,2,0,1,2,0,1,2,2,1,0,0,5,3,1,1,1,1,2,0,1,0,0,1,2,2,5,0,0.311,,,,0.176,,,,,,,,,0.081,0.014,,,0.041,,,,,,,,,,,,,,,,,1,2.0,0.098,111.1,25.0
67,High,RPath,217,5.0,3.0,0.065,15.0,0.325,0.13636363636363635,2.0,0.065,110.0,89,5,5,10.0,sidewalks,110.03,CON,1,2,0,1,0,0,0,0,0,1,2,0,1,0,0,1,2,2,0,0,0,0,0,0,5,0,0,2,1,2,2,0,0,0,1,0,0,0,0,0,0,0,0,5,1,2,2,0,1,1,1,2,2,0,5,0,0,1,1,0,0,1,0,0,1,2,2,0,0,0,1,2,0,1,2,0,1,2,2,0,0,0,5,0,1,1,1,1,2,0,1,0,0,1,2,2,5,0,0.232,,,,0.123,,,,,,,,,0.082,,,,0.027,,,,,,,,,,,,,,,,,0,2.0,0.065,110.0,15.0
68,High,RPath,261,5.0,3.0,0.061,15.0,0.305,0.06208609271523179,2.0,0.061,241.6,92,5,5,10.0,sidewalks,241.588,CON,1,2,2,1,0,0,0,0,0,0,0,0,1,2,2,1,2,0,0,0,0,1,2,2,5,0,0,0,1,2,0,1,2,2,1,2,2,0,0,0,1,2,2,0,1,2,2,0,1,1,1,2,2,5,5,0,3,0,1,2,0,1,2,0,1,2,0,1,0,0,1,0,0,1,0,0,1,0,0,0,0,0,0,3,1,1,1,1,0,0,0,0,0,0,0,0,5,0,0.143,,,,0.093,0.025,,,,,,,,,,0.006,,0.019,,,,,,,,,,,,,,,,,4,2.0,0.061,241.6,45.0
69,High,RPath,319,5.0,3.0,0.085,15.0,0.42500000000000004,0.13134851138353765,2.0,0.085,114.2,89,5,5,10.0,sidewalks,113.809,CON,1,2,2,0,0,0,0,0,0,1,0,0,1,2,2,1,2,2,0,0,0,1,2,2,5,5,0,0,1,0,0,1,2,0,1,2,2,0,0,0,1,2,2,0,1,2,2,0,1,0,1,2,2,5,5,0,0,0,1,2,0,1,2,0,1,0,0,1,0,0,1,0,0,1,0,0,1,0,0,0,0,0,0,3,1,1,1,1,0,0,0,0,0,0,0,0,5,0,0.328,,,,0.131,,,,,,,,,0.184,,,,0.013,,,,,,,,,,,,,,,,,0,2.0,0.085,114.2,15.0
70,High,RPath,320,5.0,3.0,0.073,15.0,0.365,0.07129277566539924,2.0,0.073,210.4,88,5,5,10.0,sidewalks,210.447,CON,1,2,2,0,0,0,0,0,0,0,0,0,1,2,2,1,2,2,0,0,0,1,2,2,0,5,0,0,0,0,0,1,2,0,1,2,2,0,0,0,1,2,2,0,1,2,0,0,1,0,1,2,2,5,5,0,3,0,1,2,0,1,2,0,1,0,0,1,2,0,1,0,0,1,2,0,1,2,0,0,0,0,0,3,1,1,1,0,0,0,0,0,0,0,0,0,5,0,0.264,,,,0.249,0.007,,,,,,,,,,,,0.007,,,,,,,,,,,,,,,,,0,2.0,0.073,210.4,15.0
71,High,RPath,354,5.0,3.0,0.024,15.0,0.12,0.04153973968429798,2.0,0.024,361.1,88,5,5,10.0,sidewalks,357.605,HMAC,1,2,2,1,2,0,1,2,0,0,0,0,1,2,2,1,2,2,0,0,0,1,2,2,0,5,0,2,0,0,0,0,0,0,1,2,2,0,0,0,0,0,0,0,1,2,2,0,1,1,1,2,2,5,5,0,0,1,0,0,0,0,0,0,0,0,0,0,0,0,1,2,2,1,2,0,1,2,0,0,0,0,0,0,1,0,0,1,2,2,0,0,0,1,2,2,5,0,0.058,,,,0.046,0.012,,,,,,,,,,,,,,,,,,,,,,,,,,,,,2,2.0,0.024,361.1,35.0
72,High,RPath,408,5.0,3.0,0.083,15.0,0.41500000000000004,0.18472906403940886,2.0,0.083,81.2,93,5,5,10.0,sidewalks,81.242,CON,1,2,0,1,0,0,1,0,0,1,2,0,1,2,0,1,0,0,0,0,0,1,2,0,5,5,0,2,1,2,0,1,0,0,1,2,2,0,0,0,1,2,2,5,1,2,2,0,1,1,1,2,2,5,5,0,0,1,1,2,2,0,0,0,0,0,0,0,0,0,0,0,0,1,2,0,1,2,0,0,0,0,0,3,1,0,1,1,2,0,0,0,0,0,0,0,5,0,0.185,,,,0.111,0.037,,,,,,,,,,0.037,,,,,,,,,,,,,,,,,,,1,2.0,0.083,81.2,25.0
73,High,RPath,409,5.0,3.0,0.038,15.0,0.19,0.18867924528301888,2.0,0.038,79.5,91,5,5,10.0,sidewalks,94.681,CON,1,2,0,1,0,0,0,0,0,1,2,0,1,2,2,1,0,0,0,0,0,1,2,2,5,0,0,2,1,2,0,1,0,0,1,2,2,0,0,0,1,2,2,5,1,2,2,0,1,1,1,2,2,5,5,0,0,1,1,2,2,1,0,0,0,0,0,0,0,0,0,0,0,1,0,0,1,2,0,0,0,0,0,3,1,1,1,1,2,0,0,0,0,0,0,0,5,0,0.094,,,,0.038,,,,,,,,,,,,,0.057,,,,,,,,,,,,,,,,,1,2.0,0.038,79.5,25.0
74,High,RPath,461,5.0,3.0,0.057,15.0,0.28500000000000003,0.18891687657430728,2.0,0.057,79.4,86,5,5,10.0,sidewalks,78.951,HMAC,1,2,2,1,2,0,0,0,0,0,0,0,1,2,2,0,0,0,0,0,0,0,0,0,0,5,0,2,1,0,0,1,2,2,1,2,2,0,0,0,1,0,0,5,1,2,0,0,0,0,1,2,0,5,0,0,3,1,0,0,0,0,0,0,1,2,0,1,0,0,1,0,0,1,2,2,1,2,0,0,0,0,5,3,1,1,1,1,2,2,0,0,0,0,0,0,5,0,0.227,,,,0.227,,,,,,,,,,,,,,,,,,,,,,,,,,,,,,0,2.0,0.057,79.4,15.0
75,High,RPath,467,5.0,3.0,0.021,15.0,0.10500000000000001,0.17084282460136674,2.0,0.021,87.8,90,5,5,10.0,sidewalks,87.431,HMAC,1,2,2,1,2,0,1,0,0,0,0,0,1,2,2,1,2,2,0,0,0,1,0,0,5,0,0,2,0,0,0,0,0,0,1,2,2,0,0,0,0,0,0,5,1,2,2,0,1,1,1,2,2,5,5,0,0,1,0,0,0,0,0,0,0,0,0,0,0,0,0,0,0,1,2,2,1,2,0,0,0,0,5,0,1,1,0,1,2,2,0,0,0,1,2,2,5,0,0.068,,,,0.051,,,,,,,,,,,0.017,,,,,,,,,,,,,,,,,,,0,2.0,0.021,87.8,15.0
76,High,RPath,641,5.0,3.0,0.086,15.0,0.42999999999999994,0.18137847642079805,2.0,0.086,82.7,94,5,5,10.0,sidewalks,82.649,HMAC,1,2,0,1,0,0,0,0,0,0,0,0,1,2,2,1,2,2,1,0,0,0,0,0,5,0,0,2,0,0,0,1,2,2,1,2,2,0,0,0,0,0,0,5,1,2,2,0,1,1,1,2,2,5,5,0,3,1,0,0,0,0,0,0,1,2,0,0,0,0,1,2,0,1,2,2,1,2,0,0,0,0,5,3,1,0,0,1,2,0,0,0,0,0,0,0,5,0,0.345,,,,0.345,,,,,,,,,,,,,,,,,,,,,,,,,,,,,,0,2.0,0.086,82.7,15.0
77,High,RPath,644,5.0,3.0,0.075,15.0,0.375,0.1884422110552764,2.0,0.075,79.6,91,5,5,10.0,sidewalks,79.308,CON,1,2,0,1,0,0,0,0,0,0,0,0,1,2,2,1,2,2,1,0,0,0,0,0,5,5,0,0,0,0,0,1,2,2,1,2,2,0,0,0,0,0,0,5,1,2,2,0,1,1,1,2,2,5,5,0,3,1,0,0,0,0,0,0,1,2,0,0,0,0,1,2,0,1,2,2,1,2,0,0,0,0,0,3,0,0,0,1,2,0,0,0,0,0,0,0,5,0,0.188,,,,0.151,0.038,,,,,,,,,,,,,,,,,,,,,,,,,,,,,0,2.0,0.075,79.6,15.0
78,High,RPath,646,5.0,3.0,0.08,15.0,0.4,0.17751479289940827,2.0,0.08,84.5,95,5,5,10.0,sidewalks,81.026,HMAC,1,2,0,1,2,0,0,0,0,0,0,0,1,2,2,1,2,2,0,0,0,0,0,0,5,0,0,2,0,0,0,1,2,2,1,2,2,0,0,0,0,0,0,5,1,2,0,0,1,1,1,2,2,5,5,0,0,1,0,0,0,0,0,0,1,2,2,0,0,0,1,2,2,1,2,2,1,2,2,0,0,0,5,3,0,0,0,1,2,0,0,0,0,0,0,0,5,0,0.319,,,,0.319,,,,,,,,,,,,,,,,,,,,,,,,,,,,,,1,2.0,0.08,84.5,25.0
79,High,RPath,647,5.0,3.0,0.066,15.0,0.33,0.05359056806002144,2.0,0.066,279.9,95,5,5,10.0,sidewalks,198.175,HMAC,1,2,0,1,2,0,1,0,0,0,0,0,1,2,2,1,2,2,0,0,0,0,0,0,0,5,0,2,0,0,0,1,2,0,1,2,2,0,0,0,0,0,0,5,1,2,0,0,1,1,1,2,2,5,5,0,0,1,0,0,0,0,0,0,1,2,2,0,0,0,1,2,2,1,2,0,1,2,2,0,0,0,5,3,0,0,1,1,2,2,0,0,0,0,0,0,5,0,0.241,,,,0.23,0.005,,,,,,,,,,,,0.005,,,,,,,,,,,,,,,,,1,2.0,0.066,279.9,25.0
80,High,RPath,664,5.0,3.0,0.091,15.0,0.45499999999999996,0.15756302521008403,2.0,0.091,95.2,87,5,5,10.0,sidewalks,94.679,CON,1,2,2,1,0,0,1,0,0,1,2,0,1,2,2,0,0,0,0,0,0,1,2,2,0,5,0,2,0,0,0,0,0,0,1,2,0,0,0,0,0,0,0,5,0,0,0,0,1,1,1,2,2,5,0,0,3,1,0,0,0,0,0,0,1,2,0,1,2,2,1,2,2,1,2,0,1,2,2,0,0,0,5,3,1,0,1,0,0,0,0,0,0,0,0,0,5,0,0.126,,,,0.047,0.079,,,,,,,,,,,,,,,,,,,,,,,,,,,,,0,2.0,0.091,95.2,15.0
81,High,RPath,676,5.0,3.0,0.08,15.0,0.4,0.1997336884154461,2.0,0.08,75.1,88,5,5,10.0,sidewalks,75.478,HMAC,1,2,0,1,2,0,1,2,0,1,2,0,1,2,2,1,0,0,0,0,0,0,0,0,0,5,0,2,1,2,0,0,0,0,1,0,0,0,0,0,1,0,0,5,1,2,0,0,0,0,1,2,0,5,5,0,3,1,0,0,0,0,0,0,1,2,2,0,0,0,0,0,0,1,2,2,1,2,2,0,0,0,5,3,1,0,0,1,2,0,0,0,0,1,0,0,5,0,0.26,0.02,,,0.24,,,,,,,,,,,,,,,,,,,,,,,,,,,,,,0,2.0,0.08,75.1,15.0
82,High,RPath,684,5.0,3.0,0.052,15.0,0.26,0.1382488479262673,2.0,0.052,108.5,86,5,5,10.0,sidewalks,107.108,CON,1,2,0,1,2,0,1,0,0,1,2,0,1,2,0,1,0,0,0,0,0,0,0,0,5,0,0,2,1,2,2,0,0,0,1,2,2,0,0,0,0,0,0,5,1,2,2,0,0,0,1,2,2,5,5,0,0,1,0,0,0,1,0,0,1,2,2,0,0,0,0,0,0,1,2,0,1,2,2,0,0,0,5,3,1,0,0,0,0,0,0,0,0,1,0,0,5,0,0.138,,,,0.069,,,,,,,,,,,,,0.069,,,,,,,,,,,,,,,,,0,2.0,0.052,108.5,15.0
83,High,RPath,687,5.0,3.0,0.065,15.0,0.325,0.13066202090592335,2.0,0.065,114.8,92,5,5,10.0,sidewalks,114.162,CON,1,2,2,1,0,0,0,0,0,1,2,2,1,2,2,1,0,0,0,0,0,0,0,0,5,0,0,2,1,2,2,0,0,0,1,2,2,0,0,0,0,0,0,5,1,2,2,0,1,0,1,2,2,5,5,0,0,1,0,0,0,1,2,0,1,2,0,0,0,0,0,0,0,1,2,0,1,2,2,0,0,0,5,0,1,1,1,1,0,0,0,0,0,1,2,0,5,0,0.248,,,,0.235,,,,,,,,,,,0.013,,,,,,,,,,,,,,,,,,,1,2.0,0.065,114.8,25.0
84,High,RPath,688,5.0,3.0,0.069,15.0,0.34500000000000003,0.2130681818181818,2.0,0.069,70.4,97,5,5,10.0,sidewalks,70.269,CON,1,2,2,1,0,0,0,0,0,1,2,2,1,2,2,1,0,0,0,0,0,0,0,0,5,5,0,2,1,2,2,0,0,0,1,2,2,0,0,0,0,0,0,5,1,2,2,0,0,0,1,2,2,5,5,0,0,0,0,0,0,1,2,0,1,2,2,0,0,0,0,0,0,1,2,0,1,2,2,0,0,0,5,3,1,1,1,0,0,0,0,0,0,1,0,0,5,0,0.277,,,,0.277,,,,,,,,,,,,,,,,,,,,,,,,,,,,,,1,2.0,0.069,70.4,25.0
85,High,RPath,693,5.0,3.0,0.098,15.0,0.49,0.20604395604395606,2.0,0.098,72.8,87,5,5,10.0,sidewalks,72.76,HMAC,1,2,0,1,0,0,0,0,0,1,2,2,1,2,2,1,2,0,0,0,0,0,0,0,5,0,0,2,1,2,2,0,0,0,1,2,2,0,0,0,0,0,0,0,1,2,0,0,1,0,1,2,2,5,5,0,0,1,0,0,0,1,2,2,1,2,0,0,0,0,0,0,0,1,2,2,1,2,2,0,0,0,0,3,1,1,1,1,0,0,0,0,0,1,2,0,5,0,0.392,,,,0.371,,,,,,,0.021,,,,,,,,,,,,,,,,,,,,,,,0,2.0,0.098,72.8,15.0
86,High,RPath,694,5.0,3.0,0.089,15.0,0.44499999999999995,0.13227513227513227,2.0,0.089,113.4,98,5,5,10.0,sidewalks,114.014,HMAC,1,2,0,1,0,0,0,0,0,1,2,2,1,2,0,1,0,0,0,0,0,0,0,0,5,5,0,2,1,2,2,0,0,0,1,2,2,0,0,0,0,0,0,5,1,2,2,0,1,0,1,2,2,5,5,0,0,1,0,0,0,1,2,0,1,2,2,0,0,0,0,0,0,1,2,0,1,2,2,0,0,0,5,3,1,1,1,1,0,0,0,0,0,1,2,0,5,0,0.304,,,,0.251,,,,,,,,,,,0.013,,0.04,,,,,,,,,,,,,,,,,0,2.0,0.089,113.4,15.0
87,High,RPath,711,5.0,3.0,0.081,15.0,0.405,0.06200909466721786,2.0,0.081,241.9,98,5,5,10.0,sidewalks,241.755,HMAC,1,2,0,1,2,0,1,0,0,1,2,0,1,2,2,1,2,0,0,0,0,0,0,0,5,0,0,2,1,2,2,0,0,0,1,0,0,0,0,0,0,0,0,5,1,2,0,0,1,1,1,2,2,5,5,0,3,1,1,0,0,0,0,0,1,2,2,0,0,0,1,0,0,1,2,0,1,2,2,0,0,0,5,3,1,1,1,1,2,0,1,0,0,1,2,0,5,0,0.304,,,,0.298,0.006,,,,,,,,,,,,,,,,,,,,,,,,,,,,,1,2.0,0.081,241.9,25.0
88,High,RPath,715,5.0,3.0,0.072,15.0,0.36,0.062318238471125886,2.0,0.072,240.7,92,5,5,10.0,sidewalks,241.137,HMAC,1,2,0,1,2,0,1,0,0,1,0,0,1,2,2,1,2,0,0,0,0,0,0,0,5,0,0,2,1,2,2,0,0,0,1,2,0,0,0,0,0,0,0,5,1,2,0,0,1,1,1,2,2,5,5,0,0,1,1,0,0,1,0,0,1,2,2,0,0,0,1,0,0,1,0,0,1,2,2,0,0,0,5,3,1,1,1,1,0,0,1,0,0,1,2,0,5,0,0.28,,,,0.274,,,,,,,,,,,,,0.006,,,,,,,,,,,,,,,,,0,2.0,0.072,240.7,15.0
89,High,RPath,720,5.0,3.0,0.081,15.0,0.405,0.20242914979757087,2.0,0.081,74.1,89,5,5,10.0,sidewalks,72.853,CON,1,0,0,0,0,0,0,0,0,1,2,0,1,2,0,1,2,2,0,0,0,0,0,0,5,0,0,2,1,2,2,0,0,0,1,2,0,0,0,0,0,0,0,5,1,2,0,0,1,1,1,2,2,0,5,0,0,1,0,0,0,1,2,0,1,2,2,0,0,0,1,0,0,1,2,0,1,2,2,0,0,0,5,3,1,1,1,1,2,0,0,0,0,1,2,2,5,0,0.263,,,0.02,0.243,,,,,,,,,,,,,,,,,,,,,,,,,,,,,,0,2.0,0.081,74.1,15.0
90,High,RPath,722,5.0,3.0,0.015,15.0,0.075,0.20297699594046006,2.0,0.015,73.9,88,5,5,10.0,sidewalks,73.533,CON,1,0,0,0,0,0,0,0,0,1,2,0,1,2,0,1,2,2,0,0,0,0,0,0,5,0,0,0,1,2,2,0,0,0,1,2,0,0,0,0,0,0,0,5,1,2,0,0,1,1,1,2,2,0,5,0,0,1,0,0,0,1,2,0,1,2,2,0,0,0,1,0,0,1,2,0,1,2,2,0,0,0,5,3,1,1,1,1,2,0,1,0,0,1,2,2,5,0,0.041,,,,0.02,,,,,,,,,,,,,0.02,,,,,,,,,,,,,,,,,0,2.0,0.015,73.9,15.0
91,High,RPath,731,5.0,3.0,0.082,15.0,0.41000000000000003,0.13673655423883319,2.0,0.082,109.7,86,5,5,10.0,sidewalks,110.705,CON,1,0,0,0,0,0,0,0,0,1,2,0,1,2,0,1,2,2,0,0,0,0,0,0,5,0,0,0,1,2,2,0,0,0,1,2,0,0,0,0,0,0,0,0,1,2,2,0,1,1,1,2,2,0,5,0,3,1,0,0,0,1,2,0,1,2,0,0,0,0,1,2,0,1,2,0,1,2,2,1,0,0,0,3,1,1,1,1,2,2,1,0,0,1,2,2,5,0,0.301,,,,0.273,,,,,,,,,,,,,0.027,,,,,,,,,,,,,,,,,3,2.0,0.082,109.7,45.0
92,High,RPath,748,5.0,3.0,0.094,15.0,0.47,0.16268980477223427,2.0,0.094,92.2,86,5,5,10.0,sidewalks,92.165,CON,1,0,0,0,0,0,0,0,0,1,2,0,1,2,0,1,2,2,0,0,0,0,0,0,5,0,0,0,1,2,2,0,0,0,1,2,0,0,0,0,0,0,0,0,1,2,2,0,1,1,1,2,2,0,5,0,3,1,1,0,0,1,2,0,1,2,0,0,0,0,1,2,0,1,2,2,1,2,2,1,0,0,0,0,1,1,1,1,2,2,1,0,0,1,2,2,5,0,0.195,,,,0.081,0.033,,,,,,,,,,,,0.081,,,,,,,,,,,,,,,,,2,2.0,0.094,92.2,35.0
93,High,RPath,770,5.0,3.0,0.098,15.0,0.49,0.16393442622950818,2.0,0.098,91.5,86,5,5,10.0,sidewalks,81.19,PB,1,2,0,1,2,0,0,0,0,0,0,0,1,2,0,0,0,0,0,0,0,0,0,0,5,0,0,2,0,0,0,1,0,0,1,2,2,0,0,0,0,0,0,5,1,2,2,0,0,0,1,2,2,5,5,4,3,1,0,0,0,0,0,0,1,2,0,1,2,2,1,2,0,1,0,0,1,2,0,0,0,0,5,3,1,0,1,1,0,0,0,0,0,0,0,0,5,0,0.098,,,,,0.049,,,,,,,,,,,0.049,,,,,,,,,,,,,,,,,,0,2.0,0.098,91.5,15.0
94,High,RPath,813,5.0,3.0,0.074,15.0,0.37,0.10183299389002036,2.0,0.074,147.3,94,5,5,10.0,sidewalks,147.299,CON,1,2,2,1,0,0,0,0,0,1,2,2,1,2,2,1,0,0,0,0,0,0,0,0,5,5,0,0,1,2,2,0,0,0,1,2,2,0,0,0,0,0,0,5,1,2,0,0,0,0,1,2,2,5,5,0,3,1,0,0,0,1,2,0,1,2,0,0,0,0,0,0,0,1,2,2,1,2,2,0,0,0,5,0,1,1,1,0,0,0,0,0,0,1,0,0,5,0,0.183,,,,0.132,0.031,,,,,,,,,,,,0.02,,,,,,,,,,,,,,,,,1,2.0,0.074,147.3,25.0
95,High,RPath,816,5.0,3.0,0.05,15.0,0.25,0.07396449704142011,2.0,0.05,202.8,92,5,5,10.0,sidewalks,197.729,CON,1,2,2,0,0,0,0,0,0,1,2,0,1,0,0,0,0,0,0,0,0,0,0,0,5,5,0,0,1,2,2,1,2,0,1,0,0,0,0,0,1,0,0,0,1,2,0,0,1,1,1,2,2,5,5,0,3,0,1,2,0,0,0,0,1,2,2,0,0,0,1,2,0,1,2,2,1,2,0,0,0,0,0,0,1,1,1,1,2,2,1,2,2,1,2,0,5,0,0.17,,,,0.118,,,,,,,,,0.022,,,,0.03,,,,,,,,,,,,,,,,,0,2.0,0.05,202.8,15.0
96,High,RPath,879,5.0,3.0,0.014,15.0,0.07,0.08021390374331551,2.0,0.014,187.0,87,5,5,10.0,sidewalks,187.014,CON,1,2,2,1,2,2,1,2,2,0,0,0,1,2,2,1,2,0,0,0,0,1,2,2,0,5,0,2,0,0,0,0,0,0,1,2,2,0,0,0,0,0,0,0,1,2,2,0,0,0,1,2,2,5,5,0,3,0,0,0,0,0,0,0,0,0,0,0,0,0,1,2,2,1,2,2,1,2,0,0,0,0,0,3,1,0,1,1,0,0,0,0,0,0,0,0,5,0,0.056,,,,0.056,,,,,,,,,,,,,,,,,,,,,,,,,,,,,,0,2.0,0.014,187.0,15.0
97,High,RPath,959,5.0,3.0,0.07,15.0,0.35000000000000003,0.16411378555798686,2.0,0.07,91.4,90,5,5,10.0,sidewalks,91.836,CON,1,2,2,0,0,0,0,0,0,1,2,2,0,0,0,1,2,0,0,0,0,0,0,0,5,0,0,0,1,2,2,0,0,0,0,0,0,0,0,0,0,0,0,0,1,2,2,0,1,1,1,2,2,0,5,0,3,1,1,2,0,0,0,0,1,2,2,0,0,0,1,2,2,1,2,0,1,2,2,1,0,0,5,0,1,1,1,1,2,2,1,2,0,1,2,0,5,0,0.213,,,,0.148,,,,,,,,,,,0.016,,0.049,,,,,,,,,,,,,,,,,0,2.0,0.07,91.4,15.0
98,High,RPath,964,5.0,3.0,0.057,15.0,0.28500000000000003,0.16322089227421108,2.0,0.057,91.9,86,5,5,10.0,sidewalks,91.856,CON,1,2,2,0,0,0,0,0,0,1,2,0,0,0,0,1,2,0,0,0,0,0,0,0,5,0,0,0,1,2,2,0,0,0,0,0,0,0,0,0,0,0,0,0,1,2,2,0,1,1,1,2,2,0,5,0,0,1,1,0,0,1,0,0,1,2,0,0,0,0,1,2,2,1,2,2,1,2,2,1,2,2,5,0,1,1,1,1,2,0,1,2,0,1,2,0,5,0,0.196,,,,0.163,,,,,,,,,,,,,0.033,,,,,,,,,,,,,,,,,0,2.0,0.057,91.9,15.0
99,High,RPath,969,5.0,3.0,0.061,15.0,0.305,0.2032520325203252,2.0,0.061,73.8,87,5,5,10.0,sidewalks,73.82,CON,1,2,2,0,0,0,0,0,0,1,2,0,0,0,0,1,0,0,0,0,0,0,0,0,5,0,0,0,1,2,2,0,0,0,1,0,0,0,0,0,0,0,0,0,1,2,2,0,1,1,1,2,2,0,5,0,3,1,1,2,0,0,0,0,1,2,0,0,0,0,1,2,0,1,2,0,1,2,2,1,2,0,5,0,1,1,1,1,2,0,1,2,2,1,2,2,5,0,0.244,,,,0.244,,,,,,,,,,,,,,,,,,,,,,,,,,,,,,0,2.0,0.061,73.8,15.0
100,High,RPath,1006,5.0,3.0,0.082,15.0,0.41000000000000003,0.06053268765133172,2.0,0.082,247.8,99,5,5,10.0,sidewalks,247.689,HMAC,1,2,2,1,2,0,0,0,0,0,0,0,1,2,2,0,0,0,0,0,0,0,0,0,0,5,0,2,1,2,2,1,2,2,1,2,2,0,0,0,1,2,0,5,1,2,2,0,1,0,1,2,2,5,0,0,3,1,1,0,0,0,0,0,1,2,0,1,0,0,1,0,0,1,2,2,1,2,0,0,0,0,5,3,1,1,1,1,2,2,1,0,0,0,0,0,5,0,0.327,,,,0.327,,,,,,,,,,,,,,,,,,,,,,,,,,,,,,0,2.0,0.082,247.8,15.0
101,High,RPath,1079,5.0,3.0,0.012,15.0,0.06,0.07723995880535531,2.0,0.012,194.2,97,5,5,10.0,sidewalks,158.037,PB,1,2,2,1,2,0,0,0,0,0,0,0,1,2,2,0,0,0,0,0,0,0,0,0,5,5,0,2,1,0,0,1,2,2,1,2,2,0,0,0,1,0,0,5,1,2,2,0,0,0,1,2,2,5,0,0,3,1,0,0,0,0,0,0,1,2,0,1,0,0,1,0,0,1,2,2,1,2,2,0,0,0,5,3,1,1,1,1,2,2,0,0,0,0,0,0,5,0,0.015,,,,,,,,,,,,,,,,,0.008,0.008,,,,,,,,,,,,,,,,1,2.0,0.012,194.2,25.0
102,High,RPath,1207,5.0,3.0,0.079,15.0,0.395,0.16722408026755853,2.0,0.079,89.7,87,5,5,10.0,sidewalks,89.668,CON,1,2,2,0,0,0,0,0,0,1,2,2,0,0,0,1,2,0,0,0,0,0,0,0,5,0,0,0,1,2,2,0,0,0,0,0,0,0,0,0,0,0,0,0,1,2,0,0,1,1,1,2,2,0,0,0,3,1,1,2,2,0,0,0,1,2,2,0,0,0,1,2,2,1,2,0,1,2,2,1,0,0,5,0,1,1,1,1,2,2,1,2,2,1,2,0,5,0,0.251,,,,0.184,,,,,,,,,,,,,0.067,,,,,,,,,,,,,,,,,0,2.0,0.079,89.7,15.0
103,High,RPath,1208,5.0,3.0,0.052,15.0,0.26,0.20949720670391064,2.0,0.052,71.6,87,5,5,10.0,sidewalks,71.597,CON,1,2,2,0,0,0,0,0,0,1,2,2,0,0,0,1,2,0,0,0,0,0,0,0,5,0,0,0,1,2,2,0,0,0,0,0,0,0,0,0,0,0,0,0,1,2,0,0,1,1,1,2,2,0,0,0,3,1,1,2,0,0,0,0,1,2,2,0,0,0,1,2,2,1,2,0,1,2,2,1,2,0,5,0,1,1,1,1,2,2,1,2,2,1,2,0,5,0,0.188,,,,0.167,,,,,,,,,,,,,0.021,,,,,,,,,,,,,,,,,0,2.0,0.052,71.6,15.0
104,High,RPath,1229,5.0,3.0,0.014,15.0,0.07,0.04780114722753346,2.0,0.014,313.8,91,5,5,10.0,sidewalks,312.864,PB,1,2,2,1,2,2,0,0,0,0,0,0,1,2,0,0,0,0,0,0,0,0,0,0,0,5,0,2,1,0,0,1,2,2,1,2,2,0,0,0,1,0,0,0,1,2,2,0,1,0,1,2,2,5,5,4,3,0,0,0,0,0,0,0,1,2,0,1,2,0,1,2,0,1,2,0,1,0,0,0,0,0,5,0,1,1,1,1,2,2,0,0,0,0,0,0,5,0,0.014,,,,,,,,,,,,0.005,,,,,,0.01,,,,,,,,,,,,,,,,2,2.0,0.014,313.8,35.0
105,High,RPath,1231,5.0,3.0,0.017,15.0,0.085,0.05259467040673212,2.0,0.017,285.2,86,5,5,10.0,sidewalks,285.168,CON,1,2,0,1,2,0,0,0,0,0,0,0,1,2,2,0,0,0,0,0,0,0,0,0,5,0,0,2,0,0,0,1,0,0,1,2,2,0,0,0,0,0,0,5,1,2,2,0,0,0,1,2,2,5,0,4,0,1,0,0,0,0,0,0,1,2,2,1,2,2,1,2,2,1,0,0,1,2,2,0,0,0,5,3,1,0,1,1,0,0,0,0,0,0,0,0,5,0,0.021,,,,0.005,0.016,,,,,,,,,,,,,,,,,,,,,,,,,,,,,1,2.0,0.017,285.2,25.0
106,High,RPath,1255,5.0,3.0,0.024,15.0,0.12,0.1179245283018868,2.0,0.024,127.2,97,5,5,10.0,sidewalks,127.168,CON,1,2,2,1,2,2,1,2,0,1,2,0,1,2,2,0,0,0,0,0,0,1,2,0,5,5,0,2,1,2,0,0,0,0,1,2,0,0,0,0,1,0,0,5,1,2,2,0,1,0,1,2,0,5,5,0,0,1,1,0,0,0,0,0,1,0,0,0,0,0,0,0,0,1,2,2,1,2,2,0,0,0,5,3,1,0,0,1,2,0,0,0,0,0,0,0,5,0,0.083,,,,0.071,,,,,,,,,,,,,0.012,,,,,,,,,,,,,,,,,0,2.0,0.024,127.2,15.0
107,High,RPath,1256,5.0,3.0,0.028,15.0,0.14,0.05641218503196691,2.0,0.028,265.9,101,5,5,10.0,sidewalks,265.912,CON,1,2,0,1,2,0,1,2,0,1,2,0,1,2,2,1,0,0,0,0,0,1,0,0,5,5,0,2,1,2,0,0,0,0,1,2,0,0,0,0,1,0,0,5,1,2,2,0,1,0,1,2,0,5,5,0,3,1,1,0,0,1,0,0,1,2,2,0,0,0,0,0,0,1,2,2,1,2,2,0,0,0,5,3,1,0,0,1,2,0,0,0,0,1,0,0,5,0,0.073,,,,0.034,,,,,,,,,,,,,0.039,,,,,,,,,,,,,,,,,0,2.0,0.028,265.9,15.0
108,High,RPath,1343,5.0,3.0,0.015,15.0,0.075,0.02461437479488021,2.0,0.015,609.4,86,5,5,10.0,sidewalks,304.312,HMAC,1,2,2,1,2,2,1,2,0,0,0,0,1,2,2,1,0,0,0,0,0,1,2,2,0,5,0,2,0,0,0,1,2,2,1,2,2,0,0,0,0,0,0,0,1,0,0,0,1,1,1,2,2,5,0,0,3,1,0,0,0,0,0,0,1,2,0,0,0,0,1,2,0,1,2,0,1,2,2,0,0,0,5,3,1,0,0,0,0,0,0,0,0,0,0,0,5,0,0.062,,,,0.062,,,,,,,,,,,,,,,,,,,,,,,,,,,,,,0,2.0,0.015,609.4,15.0
109,High,RPath,38,4.0,3.0,0.014,12.0,0.056,0.08695652173913043,2.0,0.014,138.0,67,4,4,8.0,sidewalks,135.872,CON,0,0,0,1,2,2,0,0,0,0,0,0,1,2,2,0,0,0,0,0,0,0,0,0,5,5,3,2,0,0,0,1,2,2,1,2,2,0,0,0,0,0,0,0,1,2,0,0,0,0,1,2,2,5,0,4,0,1,0,0,0,0,0,0,0,0,0,0,0,0,1,2,0,1,2,0,0,0,0,0,0,0,0,0,1,1,1,0,0,0,0,0,0,0,0,0,5,0,0.054,,,,0.043,,,,,,,,,0.011,,,,,,,,,,,,,,,,,,,,,0,2.0,0.014,138.0,12.0
110,High,RPath,78,4.0,3.0,0.021,12.0,0.084,0.08281573498964803,2.0,0.021,144.9,69,4,4,8.0,sidewalks,144.911,HMAC,1,2,2,1,2,2,1,0,0,0,0,0,0,0,0,1,2,2,0,0,0,0,0,0,0,0,0,2,0,0,0,0,0,0,1,2,2,0,0,0,0,0,0,0,1,0,0,0,1,1,1,2,2,5,5,4,0,1,0,0,0,0,0,0,1,0,0,0,0,0,0,0,0,0,0,0,1,2,2,0,0,0,5,3,1,1,1,0,0,0,1,0,0,0,0,0,5,0,0.072,,,,0.062,,,,,,,,,,,,,0.01,,,,,,,,,,,,,,,,,0,2.0,0.021,144.9,12.0
111,High,RPath,101,4.0,3.0,0.048,12.0,0.192,0.06655574043261231,2.0,0.048,180.3,84,5,4,8.0,sidewalks,101.92,HMAC,1,2,0,1,2,0,1,0,0,0,0,0,1,2,0,1,2,0,0,0,0,0,0,0,0,0,0,2,0,0,0,1,2,0,1,2,2,0,0,0,0,0,0,5,1,0,0,0,1,1,1,2,2,5,5,0,0,1,0,0,0,0,0,0,1,2,2,0,0,0,1,2,2,1,2,0,1,2,2,0,0,0,5,3,0,0,1,1,2,2,0,0,0,0,0,0,5,0,0.116,,,,0.092,0.017,,,,,,,,,,,0.008,,,,,,,,,,,,,,,,,,0,2.0,0.048,180.3,12.0
112,High,RPath,127,4.0,3.0,0.057,12.0,0.228,0.0588523786169691,2.0,0.057,203.9,68,4,4,8.0,sidewalks,203.871,CON,1,0,0,1,2,2,1,0,0,1,0,0,1,2,2,0,0,0,0,0,0,0,0,0,5,5,0,2,0,0,0,1,2,2,1,2,2,0,0,0,0,0,0,0,1,2,0,0,0,0,1,2,2,5,0,4,0,1,0,0,0,0,0,0,0,0,0,0,0,0,1,2,0,1,2,0,1,0,0,0,0,0,0,0,1,1,1,0,0,0,0,0,0,0,0,0,5,0,0.206,,,,0.022,0.007,,,,,,,,0.177,,,,,,,,,,,,,,,,,,,,,0,2.0,0.057,203.9,12.0
113,High,RPath,136,4.0,3.0,0.096,12.0,0.384,0.14018691588785048,2.0,0.096,85.6,79,4,4,8.0,sidewalks,86.384,HMAC,1,2,0,1,2,0,1,2,0,0,0,0,1,2,0,1,0,0,0,0,0,1,2,0,0,0,0,2,0,0,0,0,0,0,1,2,2,0,0,0,0,0,0,5,1,2,2,0,1,1,1,2,2,5,5,4,0,1,0,0,0,0,0,0,0,0,0,0,0,0,0,0,0,1,2,2,1,2,0,0,0,0,5,3,1,0,1,1,0,0,0,0,0,0,0,0,5,0,0.35,,,,0.315,,,,,,,,,,,,,0.035,,,,,,,,,,,,,,,,,0,2.0,0.096,85.6,12.0
114,High,RPath,137,4.0,3.0,0.049,12.0,0.196,0.037641154328732745,2.0,0.049,318.8,79,4,4,8.0,sidewalks,320.215,HMAC,1,2,0,1,2,0,1,0,0,0,0,0,1,2,0,1,0,0,0,0,0,1,2,0,0,0,0,2,0,0,0,0,0,0,1,2,2,0,0,0,0,0,0,5,1,2,2,0,1,1,1,2,2,5,5,4,0,1,0,0,0,0,0,0,0,0,0,1,0,0,1,0,0,1,2,2,1,2,0,0,0,0,5,3,1,0,1,1,0,0,0,0,0,0,0,0,5,0,0.198,,,,0.198,,,,,,,,,,,,,,,,,,,,,,,,,,,,,,1,2.0,0.049,318.8,22.0
115,High,RPath,146,4.0,3.0,0.035,12.0,0.14,0.16021361815754337,2.0,0.035,74.9,67,4,4,8.0,sidewalks,75.418,CON,1,2,2,0,0,0,0,0,0,1,2,2,0,0,0,1,0,0,0,0,0,0,0,0,5,0,0,0,1,2,2,1,0,0,1,0,0,0,0,0,1,0,0,0,1,2,0,0,1,1,1,2,0,0,0,0,0,1,1,2,2,0,0,0,1,2,0,0,0,0,1,2,0,1,2,0,1,2,0,0,0,0,0,0,1,1,1,1,2,2,1,2,0,1,0,0,5,0,0.1,,,,0.06,,,,,,,,,,,,,0.04,,,,,,,,,,,,,,,,,0,2.0,0.035,74.9,12.0
116,High,RPath,150,4.0,3.0,0.055,12.0,0.22,0.10256410256410256,2.0,0.055,117.0,76,4,4,8.0,sidewalks,113.54,CON,1,2,2,0,0,0,0,0,0,1,2,0,0,0,0,0,0,0,0,0,0,0,0,0,5,5,0,0,1,2,2,1,2,0,1,2,0,0,0,0,1,2,0,0,1,2,0,0,1,1,1,2,2,0,5,0,3,1,1,2,0,0,0,0,1,2,2,0,0,0,1,0,0,1,0,0,1,0,0,0,0,0,0,0,1,1,1,1,2,2,1,0,0,0,0,0,5,0,0.103,,,0.013,0.013,,,,,,,,,,,,,0.077,,,,,,,,,,,,,,,,,0,2.0,0.055,117.0,12.0
117,High,RPath,157,4.0,3.0,0.014,12.0,0.056,0.1465201465201465,2.0,0.014,81.9,71,4,4,8.0,sidewalks,80.909,HMAC,1,2,0,1,2,2,1,2,0,0,0,0,1,2,2,1,2,2,0,0,0,1,2,0,0,0,0,2,0,0,0,0,0,0,1,2,2,0,0,0,0,0,0,0,1,2,2,0,0,0,1,2,2,5,5,0,0,1,0,0,0,0,0,0,0,0,0,0,0,0,1,2,0,1,2,0,1,2,0,0,0,0,0,3,1,0,1,0,0,0,0,0,0,0,0,0,5,0,0.055,,,,0.055,,,,,,,,,,,,,,,,,,,,,,,,,,,,,,0,2.0,0.014,81.9,12.0
118,High,RPath,184,4.0,3.0,0.036,12.0,0.144,0.06818181818181818,2.0,0.036,176.0,68,4,4,8.0,sidewalks,177.183,HMAC,1,2,2,1,2,0,1,0,0,1,2,2,1,2,2,0,0,0,0,0,0,0,0,0,0,5,0,2,0,0,0,0,0,0,1,2,2,0,0,0,0,0,0,0,0,0,0,0,0,0,1,2,2,5,5,0,0,1,0,0,0,0,0,0,0,0,0,0,0,0,1,2,2,0,0,0,1,2,2,0,0,0,0,3,1,1,1,0,0,0,0,0,0,0,0,0,5,0,0.119,,,,0.111,0.009,,,,,,,,,,,,,,,,,,,,,,,,,,,,,0,2.0,0.036,176.0,12.0
119,High,RPath,204,4.0,3.0,0.022,12.0,0.088,0.04129387474191328,2.0,0.022,290.6,73,4,4,8.0,sidewalks,220.883,HMAC,1,2,2,1,0,0,1,0,0,0,0,0,1,2,2,1,2,2,0,0,0,0,0,0,5,0,0,2,0,0,0,0,0,0,1,2,2,0,0,0,0,0,0,0,1,2,2,0,0,0,1,2,2,5,5,0,0,1,0,0,0,0,0,0,0,0,0,0,0,0,1,0,0,1,2,0,1,2,2,0,0,0,5,3,0,1,0,0,0,0,0,0,0,0,0,0,5,0,0.072,,,,0.067,0.005,,,,,,,,,,,,,,,,,,,,,,,,,,,,,1,2.0,0.022,290.6,22.0
120,High,RPath,207,4.0,3.0,0.09,12.0,0.36,0.06369426751592357,2.0,0.09,188.4,77,4,4,8.0,sidewalks,190.627,HMAC,1,2,2,1,2,0,1,2,0,0,0,0,1,2,0,1,2,2,0,0,0,0,0,0,0,5,0,2,0,0,0,0,0,0,1,2,2,0,0,0,0,0,0,0,1,2,2,0,0,0,1,2,2,5,5,4,3,0,0,0,0,0,0,0,0,0,0,0,0,0,1,2,0,1,2,2,1,2,0,0,0,0,0,3,0,0,0,0,0,0,0,0,0,0,0,0,5,0,0.239,,,0.008,0.199,0.024,,,,,,,,,,,,,0.008,,,,,,,,,,,,,,,,0,2.0,0.09,188.4,12.0
121,High,RPath,209,4.0,3.0,0.032,12.0,0.128,0.20654044750430292,2.0,0.032,58.1,76,4,4,8.0,sidewalks,58.563,HMAC,1,2,2,1,2,0,1,2,0,0,0,0,1,0,0,1,2,2,0,0,0,0,0,0,5,0,0,2,0,0,0,0,0,0,1,2,2,0,0,0,0,0,0,0,1,2,2,0,0,0,1,2,2,5,5,4,0,1,0,0,0,0,0,0,0,0,0,0,0,0,1,0,0,1,2,2,1,2,0,0,0,0,5,3,0,0,0,0,0,0,0,0,0,0,0,0,5,0,0.129,,,,0.129,,,,,,,,,,,,,,,,,,,,,,,,,,,,,,0,2.0,0.032,58.1,12.0
122,High,RPath,214,4.0,3.0,0.051,12.0,0.204,0.16393442622950818,2.0,0.051,73.2,82,4,4,8.0,sidewalks,73.467,CON,1,0,0,0,0,0,0,0,0,1,2,0,1,2,0,1,2,2,0,0,0,0,0,0,5,0,0,0,1,2,2,0,0,0,1,2,0,0,0,0,0,0,0,0,1,2,2,0,1,1,1,2,2,0,5,0,3,1,1,0,0,1,2,0,1,2,0,0,0,0,1,2,0,1,2,0,1,2,0,1,0,0,0,0,1,1,1,1,2,2,1,0,0,1,2,2,5,0,0.184,,,,0.164,,,,,,,,,,,0.02,,,,,,,,,,,,,,,,,,,3,2.0,0.051,73.2,42.0
123,High,RPath,228,4.0,3.0,0.02,12.0,0.08,0.13071895424836602,2.0,0.02,91.8,81,4,4,8.0,sidewalks,92.264,CON,1,2,2,0,0,0,0,0,0,1,2,0,0,0,0,1,2,0,0,0,0,0,0,0,5,0,0,0,1,2,2,0,0,0,0,0,0,0,0,0,0,0,0,0,1,2,0,0,1,1,1,2,2,0,5,0,0,1,1,0,0,0,0,0,1,2,0,0,0,0,1,2,2,1,2,2,1,2,2,1,2,0,5,0,1,1,1,1,2,0,1,2,0,1,2,0,5,0,0.065,,,,0.049,,,,,,,,,,,,,0.016,,,,,,,,,,,,,,,,,0,2.0,0.02,91.8,12.0
124,High,RPath,283,4.0,3.0,0.02,12.0,0.08,0.03491416933372127,2.0,0.02,343.7,76,4,4,8.0,sidewalks,343.187,HMAC,1,2,2,1,0,0,0,0,0,0,0,0,1,2,2,1,2,2,0,0,0,1,0,0,0,5,0,0,0,0,0,0,0,0,1,2,2,0,0,0,0,0,0,0,1,2,2,0,1,0,1,2,2,5,5,0,3,1,0,0,0,0,0,0,0,0,0,0,0,0,0,0,0,1,2,0,1,2,0,0,0,0,0,3,1,1,0,1,2,0,0,0,0,1,2,2,5,0,0.061,,,,0.048,0.004,,,,,,0.004,,,,,,0.004,,,,,,,,,,,,,,,,,1,2.0,0.02,343.7,22.0
125,High,RPath,306,4.0,3.0,0.016,12.0,0.064,0.13157894736842105,2.0,0.016,91.2,82,4,4,8.0,sidewalks,89.796,HMAC,1,2,2,1,2,0,1,2,0,0,0,0,1,2,2,1,2,2,0,0,0,0,0,0,5,5,0,2,0,0,0,1,2,0,1,2,2,0,0,0,0,0,0,5,1,2,0,0,0,0,1,2,2,0,5,0,0,1,0,0,0,0,0,0,0,0,0,0,0,0,0,0,0,1,2,2,1,2,0,0,0,0,5,3,1,0,0,0,0,0,0,0,0,0,0,0,5,0,0.016,,,,,0.016,,,,,,,,,,,,,,,,,,,,,,,,,,,,,1,2.0,0.016,91.2,22.0
126,High,RPath,308,4.0,3.0,0.026,12.0,0.104,0.13953488372093023,2.0,0.026,86.0,69,4,4,8.0,sidewalks,84.058,HMAC,1,2,2,1,2,0,1,2,0,0,0,0,1,2,0,1,2,0,0,0,0,0,0,0,0,0,0,2,0,0,0,1,2,2,1,2,2,0,0,0,0,0,0,5,1,2,0,0,0,0,1,2,2,0,5,0,0,1,0,0,0,0,0,0,1,0,0,0,0,0,0,0,0,1,2,0,1,2,0,0,0,0,5,3,1,0,0,0,0,0,0,0,0,0,0,0,5,0,0.035,,,,,0.017,,,,,,,,,,,,0.017,,,,,,,,,,,,,,,,,0,2.0,0.026,86.0,12.0
127,High,RPath,309,4.0,3.0,0.034,12.0,0.136,0.13777267508610794,2.0,0.034,87.1,83,5,4,8.0,sidewalks,87.117,HMAC,1,2,2,1,0,0,0,0,0,0,0,0,1,0,0,1,2,2,0,0,0,0,0,0,5,5,0,2,0,0,0,1,2,2,1,2,2,0,0,0,0,0,0,5,1,2,2,0,1,1,1,2,2,5,5,0,3,1,0,0,0,0,0,0,0,0,0,0,0,0,0,0,0,1,2,0,1,0,0,0,0,0,5,3,1,0,0,0,0,0,0,0,0,0,0,0,5,0,0.086,,,,0.069,0.017,,,,,,,,,,,,,,,,,,,,,,,,,,,,,3,2.0,0.034,87.1,42.0
128,High,RPath,310,4.0,3.0,0.048,12.0,0.192,0.1382488479262673,2.0,0.048,86.8,75,4,4,8.0,sidewalks,86.252,HMAC,1,2,0,1,2,0,0,0,0,0,0,0,1,0,0,1,2,2,0,0,0,0,0,0,0,0,0,2,0,0,0,1,2,2,1,2,2,0,0,0,0,0,0,5,1,2,2,0,1,1,1,2,2,5,5,0,3,1,0,0,0,0,0,0,0,0,0,0,0,0,0,0,0,1,2,2,1,0,0,0,0,0,5,3,1,0,0,0,0,0,0,0,0,0,0,0,5,0,0.086,,,,0.052,0.035,,,,,,,,,,,,,,,,,,,,,,,,,,,,,3,2.0,0.048,86.8,42.0
129,High,RPath,350,4.0,3.0,0.099,12.0,0.396,0.09302325581395349,2.0,0.099,129.0,77,4,4,8.0,sidewalks,128.953,HMAC,1,2,2,1,0,0,0,0,0,0,0,0,1,2,2,1,2,2,0,0,0,1,0,0,0,5,0,2,0,0,0,0,0,0,1,2,2,0,0,0,0,0,0,0,1,2,2,0,1,0,1,2,2,5,5,0,0,1,0,0,0,0,0,0,0,0,0,0,0,0,0,0,0,1,2,0,1,2,0,0,0,0,5,0,1,1,0,1,2,0,0,0,0,1,2,2,5,0,0.14,,,,0.047,0.081,,,,,,,,,,,,0.012,,,,,,,,,,,,,,,,,1,2.0,0.099,129.0,22.0
130,High,RPath,351,4.0,3.0,0.021,12.0,0.084,0.034642032332563515,2.0,0.021,346.4,83,5,4,8.0,sidewalks,346.84,HMAC,1,2,2,1,2,0,1,2,0,0,0,0,1,2,2,1,2,2,0,0,0,1,2,2,0,5,0,2,0,0,0,0,0,0,1,2,2,0,0,0,0,0,0,0,1,2,2,0,1,0,1,2,2,5,5,0,0,1,0,0,0,0,0,0,0,0,0,0,0,0,1,2,0,1,2,0,1,2,0,0,0,0,0,0,1,0,0,1,2,0,0,0,0,1,2,2,5,0,0.078,,,,0.074,,,,,,,,,,,,,0.004,,,,,,,,,,,,,,,,,2,2.0,0.021,346.4,32.0
131,High,RPath,352,4.0,3.0,0.022,12.0,0.088,0.03485332558814987,2.0,0.022,344.3,79,4,4,8.0,sidewalks,337.234,HMAC,1,2,2,1,0,0,1,0,0,0,0,0,1,2,2,1,2,2,0,0,0,1,2,0,0,5,0,0,0,0,0,0,0,0,1,2,2,0,0,0,0,0,0,0,1,2,2,0,1,0,1,2,2,5,5,0,3,1,0,0,0,0,0,0,0,0,0,0,0,0,0,0,0,1,2,0,1,2,0,0,0,0,0,3,1,1,0,1,2,0,0,0,0,1,2,2,5,0,0.061,,,,0.052,0.009,,,,,,,,,,,,,,,,,,,,,,,,,,,,,1,2.0,0.022,344.3,22.0
132,High,RPath,355,4.0,3.0,0.083,12.0,0.332,0.26666666666666666,2.0,0.083,45.0,84,5,4,8.0,sidewalks,45.023,HMAC,1,2,2,1,0,0,1,0,0,0,0,0,1,2,2,1,2,2,0,0,0,1,0,0,5,0,0,2,0,0,0,0,0,0,1,2,2,0,0,0,0,0,0,5,1,2,2,0,1,1,1,2,2,5,5,0,0,1,0,0,0,0,0,0,0,0,0,0,0,0,0,0,0,1,2,0,1,2,0,0,0,0,5,0,1,1,0,1,2,0,0,0,0,1,2,2,5,0,0.133,,,,0.067,0.033,,,,,,,,,,,,,0.033,,,,,,,,,,,,,,,,1,2.0,0.083,45.0,22.0
133,High,RPath,397,4.0,3.0,0.059,12.0,0.236,0.0605143721633888,2.0,0.059,198.3,78,4,4,8.0,sidewalks,198.341,HMAC,1,2,2,1,0,0,0,0,0,0,0,0,1,2,2,1,2,2,0,0,0,1,0,0,5,0,0,2,0,0,0,0,0,0,1,2,2,0,0,0,0,0,0,0,1,2,2,0,1,1,1,2,2,5,5,0,0,1,0,0,0,0,0,0,0,0,0,0,0,0,0,0,0,1,2,0,1,2,0,0,0,0,5,0,1,1,0,1,2,0,0,0,0,1,2,2,5,0,0.098,,,,0.053,0.03,,,,,,,0.015,,,,,,,,,,,,,,,,,,,,,,1,2.0,0.059,198.3,22.0
134,High,RPath,404,4.0,3.0,0.085,12.0,0.34,0.2272727272727273,2.0,0.085,52.8,70,4,4,8.0,sidewalks,49.274,PB,1,2,2,1,0,0,1,0,0,1,2,0,1,2,0,0,0,0,0,0,0,0,0,0,5,0,0,2,0,0,0,0,0,0,1,2,2,0,0,0,0,0,0,5,1,2,2,0,0,0,1,2,2,5,5,4,0,0,0,0,0,0,0,0,1,0,0,0,0,0,1,2,0,1,0,0,1,2,0,0,0,0,0,3,0,0,0,0,0,0,0,0,0,0,0,0,5,0,0.341,,,,0.341,,,,,,,,,,,,,,,,,,,,,,,,,,,,,,3,2.0,0.085,52.8,42.0
135,High,RPath,410,4.0,3.0,0.023,12.0,0.092,0.14888337468982632,2.0,0.023,80.6,68,4,4,8.0,sidewalks,80.962,CON,1,2,0,1,0,0,1,0,0,1,0,0,1,2,2,1,2,0,0,0,0,1,2,2,0,5,0,2,1,0,0,1,0,0,1,2,0,0,0,0,1,2,0,5,1,2,0,0,1,1,1,2,2,0,0,0,0,1,1,2,0,0,0,0,0,0,0,0,0,0,0,0,0,1,0,0,1,2,0,0,0,0,0,3,1,0,1,1,0,0,0,0,0,0,0,0,5,0,0.093,,,,0.093,,,,,,,,,,,,,,,,,,,,,,,,,,,,,,0,2.0,0.023,80.6,12.0
136,High,RPath,427,4.0,3.0,0.014,12.0,0.056,0.1509433962264151,2.0,0.014,79.5,70,4,4,8.0,sidewalks,79.841,CON,1,2,2,1,2,2,0,0,0,0,0,0,1,2,2,1,2,0,0,0,0,0,0,0,0,0,0,2,0,0,0,0,0,0,1,2,0,0,0,0,0,0,0,5,1,2,0,0,0,0,1,2,2,5,0,0,3,1,1,0,0,0,0,0,0,0,0,0,0,0,0,0,0,1,2,0,1,2,0,0,0,0,5,3,1,0,1,1,2,0,0,0,0,0,0,0,5,0,0.057,,,,0.057,,,,,,,,,,,,,,,,,,,,,,,,,,,,,,0,2.0,0.014,79.5,12.0
137,High,RPath,428,4.0,3.0,0.046,12.0,0.184,0.14814814814814814,2.0,0.046,81.0,75,4,4,8.0,sidewalks,80.077,CON,1,2,2,1,2,2,0,0,0,0,0,0,1,2,0,1,2,0,0,0,0,0,0,0,5,5,0,2,0,0,0,0,0,0,1,2,2,0,0,0,0,0,0,5,1,2,0,0,0,0,1,2,0,5,0,0,3,1,0,0,0,0,0,0,0,0,0,0,0,0,0,0,0,1,2,0,1,2,0,0,0,0,5,3,1,0,1,1,0,0,0,0,0,0,0,0,5,0,0.074,,,,0.037,0.037,,,,,,,,,,,,,,,,,,,,,,,,,,,,,0,2.0,0.046,81.0,12.0
138,High,RPath,430,4.0,3.0,0.027,12.0,0.108,0.14405762304921968,2.0,0.027,83.3,72,4,4,8.0,sidewalks,83.274,HMAC,1,2,2,1,2,0,0,0,0,0,0,0,1,2,0,1,2,0,0,0,0,1,0,0,0,0,0,2,0,0,0,1,0,0,1,2,2,0,0,0,0,0,0,5,1,0,0,0,1,1,1,2,2,5,5,0,0,1,0,0,0,0,0,0,0,0,0,0,0,0,0,0,0,1,2,0,1,2,2,0,0,0,5,0,1,0,0,1,2,0,0,0,0,1,2,0,5,0,0.054,,,,0.036,0.018,,,,,,,,,,,,,,,,,,,,,,,,,,,,,2,2.0,0.027,83.3,32.0
139,High,RPath,437,4.0,3.0,0.068,12.0,0.272,0.056179775280898875,2.0,0.068,213.6,82,4,4,8.0,sidewalks,213.705,CON,1,2,2,1,2,0,0,0,0,0,0,0,1,2,2,1,0,0,0,0,0,0,0,0,5,5,0,0,0,0,0,1,2,2,1,2,2,0,0,0,1,2,2,0,1,2,2,0,1,1,1,2,2,5,5,4,0,0,1,2,0,0,0,0,0,0,0,0,0,0,0,0,0,0,0,0,1,2,0,0,0,0,0,3,1,1,1,0,0,0,0,0,0,0,0,0,5,0,0.084,,,,0.021,0.056,,,,,,,,,,,0.007,,,,,,,,,,,,,,,,,,5,2.0,0.068,213.6,42.0
140,High,RPath,452,4.0,3.0,0.061,12.0,0.244,0.16216216216216217,2.0,0.061,74.0,67,4,4,8.0,sidewalks,71.67,PB,1,2,0,1,0,0,1,0,0,0,0,0,1,0,0,1,0,0,0,0,0,0,0,0,5,0,0,0,0,0,0,1,2,0,1,2,2,0,0,0,0,0,0,0,1,2,2,0,0,0,1,2,0,0,5,0,3,1,0,0,0,1,0,0,1,2,2,1,0,0,1,2,0,1,2,0,1,0,0,0,0,0,5,3,1,0,1,1,0,0,0,0,0,0,0,0,5,0,0.061,,,,,,,,,,,,,,,,0.061,,,,,,,,,,,,,,,,,,2,2.0,0.061,74.0,32.0
141,High,RPath,457,4.0,3.0,0.028,12.0,0.112,0.15075376884422112,2.0,0.028,79.6,74,4,4,8.0,sidewalks,82.138,CON,1,2,2,0,0,0,0,0,0,1,2,2,1,0,0,0,0,0,0,0,0,1,0,0,5,0,0,2,1,2,2,1,2,0,1,2,0,0,0,0,1,2,2,5,1,2,0,0,1,1,1,2,2,0,0,0,3,1,1,0,0,0,0,0,1,0,0,0,0,0,0,0,0,1,0,0,1,0,0,0,0,0,0,3,1,1,1,1,2,2,0,0,0,0,0,0,5,0,0.094,,,,0.075,,,,,,,,,,,,,0.019,,,,,,,,,,,,,,,,,1,2.0,0.028,79.6,22.0
142,High,RPath,463,4.0,3.0,0.03,12.0,0.12,0.1380897583429229,2.0,0.03,86.9,69,4,4,8.0,sidewalks,86.57,HMAC,1,2,0,1,2,0,0,0,0,0,0,0,1,2,0,1,2,2,0,0,0,0,0,0,0,0,0,2,0,0,0,1,2,0,1,2,2,0,0,0,0,0,0,5,1,2,0,0,1,1,1,2,2,5,5,0,0,1,0,0,0,0,0,0,0,0,0,0,0,0,0,0,0,1,2,2,1,2,0,0,0,0,5,0,0,0,0,1,0,0,0,0,0,0,0,0,5,0,0.069,,,,0.052,0.017,,,,,,,,,,,,,,,,,,,,,,,,,,,,,0,2.0,0.03,86.9,12.0
143,High,RPath,464,4.0,3.0,0.03,12.0,0.12,0.13761467889908258,2.0,0.03,87.2,75,4,4,8.0,sidewalks,87.081,HMAC,1,2,2,1,2,0,0,0,0,0,0,0,1,2,0,1,2,2,0,0,0,0,0,0,0,0,0,2,0,0,0,1,0,0,1,2,2,0,0,0,0,0,0,5,1,2,0,0,1,1,1,2,2,5,5,0,0,1,0,0,0,0,0,0,0,0,0,0,0,0,0,0,0,1,2,2,1,2,2,0,0,0,5,0,1,0,0,1,2,0,0,0,0,1,0,0,5,0,0.069,,,,0.052,0.017,,,,,,,,,,,,,,,,,,,,,,,,,,,,,1,2.0,0.03,87.2,22.0
144,High,RPath,474,4.0,3.0,0.02,12.0,0.08,0.05338078291814946,2.0,0.02,224.8,73,4,4,8.0,sidewalks,228.196,HMAC,1,2,2,1,2,0,1,2,0,0,0,0,1,0,0,1,2,2,0,0,0,0,0,0,5,0,0,2,0,0,0,0,0,0,1,2,2,0,0,0,0,0,0,0,1,2,2,0,0,0,1,2,2,5,0,4,0,1,0,0,0,0,0,0,0,0,0,0,0,0,1,0,0,1,2,2,1,2,2,0,0,0,5,3,0,0,0,0,0,0,0,0,0,0,0,0,5,0,0.073,,,,0.067,,,,,,,,,,,,,0.007,,,,,,,,,,,,,,,,,1,2.0,0.02,224.8,22.0
145,High,RPath,493,4.0,3.0,0.051,12.0,0.204,0.20547945205479454,2.0,0.051,58.4,67,4,4,8.0,sidewalks,58.858,PB,1,2,2,1,2,0,0,0,0,0,0,0,1,2,0,0,0,0,0,0,0,0,0,0,5,0,0,0,0,0,0,1,0,0,1,2,2,0,0,0,0,0,0,0,1,2,2,0,0,0,1,2,2,0,5,0,0,1,0,0,0,0,0,0,1,2,2,1,2,0,1,2,0,1,0,0,1,0,0,0,0,0,5,3,1,0,1,1,0,0,0,0,0,0,0,0,5,0,0.051,,,,,0.051,,,,,,,,,,,,,,,,,,,,,,,,,,,,,2,2.0,0.051,58.4,32.0
146,High,RPath,498,4.0,3.0,0.033,12.0,0.132,0.13245033112582782,2.0,0.033,90.6,71,4,4,8.0,sidewalks,87.913,HMAC,1,2,2,1,2,0,1,0,0,1,2,0,1,2,0,1,2,0,0,0,0,0,0,0,5,0,0,2,0,0,0,0,0,0,1,2,2,0,0,0,0,0,0,5,1,2,0,0,0,0,1,2,2,0,5,0,0,1,0,0,0,0,0,0,1,0,0,0,0,0,1,0,0,1,2,0,1,2,0,0,0,0,5,3,1,0,0,0,0,0,0,0,0,0,0,0,5,0,0.033,0.033,,,,,,,,,,,,,,,,,,,,,,,,,,,,,,,,,0,2.0,0.033,90.6,12.0
147,High,RPath,499,4.0,3.0,0.043,12.0,0.172,0.13793103448275862,2.0,0.043,87.0,67,4,4,8.0,sidewalks,87.352,HMAC,1,2,2,1,0,0,1,0,0,1,2,0,1,2,0,1,2,0,0,0,0,0,0,0,5,0,0,2,0,0,0,0,0,0,1,2,2,0,0,0,0,0,0,5,1,2,0,0,0,0,1,2,2,0,5,0,0,1,0,0,0,0,0,0,1,0,0,0,0,0,1,0,0,1,2,0,1,0,0,0,0,0,5,3,1,0,0,0,0,0,0,0,0,0,0,0,5,0,0.052,,,,,,,,,,,,,,,,0.034,0.017,,,,,,,,,,,,,,,,,0,2.0,0.043,87.0,12.0
148,High,RPath,514,4.0,3.0,0.054,12.0,0.216,0.192,2.0,0.054,62.5,79,4,4,8.0,sidewalks,60.25,CON,1,2,2,1,2,0,1,2,0,0,0,0,1,2,2,1,0,0,0,0,0,0,0,0,0,5,0,2,0,0,0,1,2,0,1,2,2,1,2,0,0,0,0,0,0,0,0,0,1,1,1,2,2,5,5,4,3,0,0,0,0,0,0,0,0,0,0,0,0,0,1,0,0,1,2,0,1,2,0,0,0,0,5,0,1,1,1,0,0,0,0,0,0,0,0,0,5,0,0.072,,,,0.024,0.048,,,,,,,,,,,,,,,,,,,,,,,,,,,,,0,2.0,0.054,62.5,12.0
149,High,RPath,529,4.0,3.0,0.018,12.0,0.072,0.1411764705882353,2.0,0.018,85.0,77,4,4,8.0,sidewalks,85.041,HMAC,1,2,2,1,2,0,0,0,0,0,0,0,1,2,2,1,2,0,0,0,0,1,0,0,0,0,0,2,0,0,0,0,0,0,1,2,2,0,0,0,0,0,0,5,1,2,0,0,1,1,1,2,2,5,5,0,0,1,0,0,0,0,0,0,0,0,0,0,0,0,0,0,0,1,2,2,1,2,2,0,0,0,5,0,1,0,0,1,2,0,0,0,0,1,2,0,5,0,0.071,,,,0.071,,,,,,,,,,,,,,,,,,,,,,,,,,,,,,1,2.0,0.018,85.0,22.0
150,High,RPath,540,4.0,3.0,0.091,12.0,0.364,0.11695906432748539,2.0,0.091,102.6,79,4,4,8.0,sidewalks,102.601,CON,1,2,2,0,0,0,0,0,0,1,2,0,0,0,0,1,0,0,0,0,0,0,0,0,5,0,0,0,1,2,2,0,0,0,1,0,0,0,0,0,0,0,0,0,1,2,2,0,1,1,1,2,2,0,5,0,3,0,1,2,0,0,0,0,1,2,0,0,0,0,1,2,0,1,2,2,1,2,0,1,0,0,0,0,1,1,1,1,2,2,1,2,2,1,2,0,5,0,0.366,,,,0.366,,,,,,,,,,,,,,,,,,,,,,,,,,,,,,0,2.0,0.091,102.6,12.0
151,High,RPath,543,4.0,3.0,0.081,12.0,0.324,0.16194331983805668,2.0,0.081,74.1,80,4,4,8.0,sidewalks,74.052,CON,1,2,0,0,0,0,0,0,0,1,2,0,1,0,0,1,2,2,0,0,0,0,0,0,5,0,0,0,1,2,2,0,0,0,1,0,0,0,0,0,0,0,0,0,1,2,0,0,1,0,1,2,0,0,0,0,0,1,1,2,0,1,0,0,1,2,2,0,0,0,1,2,2,1,2,2,1,2,2,1,0,0,5,0,1,1,1,1,2,2,1,2,0,1,2,0,5,0,0.263,,,,0.203,,,,,,,,,,,0.061,,,,,,,,,,,,,,,,,,,0,2.0,0.081,74.1,12.0
152,High,RPath,544,4.0,3.0,0.01,12.0,0.04,0.16150740242261105,2.0,0.01,74.3,77,4,4,8.0,sidewalks,74.322,CON,1,2,0,0,0,0,0,0,0,1,2,0,0,0,0,1,2,0,0,0,0,0,0,0,5,0,0,0,1,2,2,0,0,0,0,0,0,0,0,0,0,0,0,0,1,2,0,0,1,0,1,2,0,0,0,0,0,1,1,2,0,0,0,0,1,2,2,0,0,0,1,2,2,1,2,2,1,2,2,1,2,0,5,0,1,1,1,1,2,0,1,2,2,1,2,0,5,0,0.04,,,,0.04,,,,,,,,,,,,,,,,,,,,,,,,,,,,,,0,2.0,0.01,74.3,12.0
153,High,RPath,545,4.0,3.0,0.057,12.0,0.228,0.13057671381936886,2.0,0.057,91.9,73,4,4,8.0,sidewalks,91.935,CON,1,2,0,0,0,0,0,0,0,1,2,0,1,0,0,1,2,2,0,0,0,0,0,0,5,0,0,0,1,2,2,0,0,0,1,0,0,0,0,0,0,0,0,0,1,2,0,0,1,0,1,2,0,0,0,0,0,1,1,0,0,1,0,0,1,2,0,0,0,0,1,2,2,1,2,2,1,2,2,1,2,0,0,0,1,1,1,1,2,2,1,2,0,1,2,0,5,0,0.147,,,,0.065,,,,,,,,,,,0.065,,0.016,,,,,,,,,,,,,,,,,0,2.0,0.057,91.9,12.0
154,High,RPath,548,4.0,3.0,0.057,12.0,0.228,0.13071895424836602,2.0,0.057,91.8,83,5,4,8.0,sidewalks,91.754,CON,1,2,0,0,0,0,0,0,0,1,2,0,1,0,0,1,2,2,0,0,0,0,0,0,5,5,0,0,1,2,2,0,0,0,1,0,0,0,0,0,0,0,0,0,1,2,2,0,1,1,1,2,2,0,0,0,0,1,1,0,0,1,0,0,1,2,0,0,0,0,1,2,2,1,2,2,1,2,2,1,2,0,0,0,1,1,1,1,2,2,1,2,0,1,2,0,5,0,0.131,,,,0.033,,,,,,,,,,,0.016,,0.082,,,,,,,,,,,,,,,,,0,2.0,0.057,91.8,12.0
155,High,RPath,549,4.0,3.0,0.061,12.0,0.244,0.16216216216216217,2.0,0.061,74.0,73,4,4,8.0,sidewalks,74.025,CON,1,2,0,0,0,0,0,0,0,1,2,0,0,0,0,1,2,0,0,0,0,0,0,0,5,0,0,0,1,2,2,0,0,0,1,0,0,0,0,0,0,0,0,0,1,2,0,0,1,0,1,2,2,0,0,0,3,1,1,0,0,1,0,0,1,2,0,0,0,0,1,2,2,1,2,2,1,2,2,1,2,0,0,0,1,1,1,1,2,0,1,2,0,1,2,0,5,0,0.243,,,,0.243,,,,,,,,,,,,,,,,,,,,,,,,,,,,,,1,2.0,0.061,74.0,22.0
156,High,RPath,550,4.0,3.0,0.053,12.0,0.212,0.13029315960912052,2.0,0.053,92.1,79,4,4,8.0,sidewalks,92.087,CON,1,2,0,0,0,0,0,0,0,1,0,0,1,0,0,1,2,2,0,0,0,0,0,0,5,0,0,0,1,2,2,0,0,0,1,0,0,0,0,0,0,0,0,0,1,2,2,0,1,1,1,2,2,0,0,0,3,1,1,0,0,1,0,0,1,2,0,0,0,0,1,2,2,1,2,2,1,2,2,1,2,0,0,0,1,1,1,1,2,2,1,2,0,1,2,0,5,0,0.13,,,,0.049,,,,,,,,,,,,,0.081,,,,,,,,,,,,,,,,,1,2.0,0.053,92.1,22.0
157,High,RPath,554,4.0,3.0,0.062,12.0,0.248,0.1652892561983471,2.0,0.062,72.6,76,4,4,8.0,sidewalks,72.616,CON,1,2,0,0,0,0,0,0,0,1,0,0,1,0,0,1,2,0,0,0,0,0,0,0,5,0,0,0,1,2,2,0,0,0,1,0,0,0,0,0,0,0,0,0,1,2,0,0,1,0,1,2,2,0,0,0,3,1,1,0,0,1,2,0,1,2,0,0,0,0,1,2,2,1,2,2,1,2,2,1,2,0,0,0,1,1,1,1,2,2,1,2,0,1,2,0,5,0,0.248,,,,0.248,,,,,,,,,,,,,,,,,,,,,,,,,,,,,,1,2.0,0.062,72.6,22.0
158,High,RPath,557,4.0,3.0,0.057,12.0,0.228,0.13129102844638948,2.0,0.057,91.4,71,4,4,8.0,sidewalks,91.375,CON,1,2,0,0,0,0,0,0,0,1,2,0,1,0,0,1,2,0,0,0,0,0,0,0,5,0,0,0,1,2,2,0,0,0,1,2,0,0,0,0,0,0,0,0,1,2,2,0,1,0,1,2,2,0,0,0,0,1,1,0,0,1,2,0,1,0,0,0,0,0,1,2,0,1,2,0,1,2,2,1,2,0,0,0,1,1,1,1,2,2,1,0,0,1,2,0,5,0,0.115,,,0.016,0.033,,,,,,,,,,,,,0.066,,,,,,,,,,,,,,,,,0,2.0,0.057,91.4,12.0
159,High,RPath,559,4.0,3.0,0.067,12.0,0.268,0.12644889357218123,2.0,0.067,94.9,70,4,4,8.0,sidewalks,91.805,CON,1,0,0,0,0,0,0,0,0,1,2,0,1,0,0,1,0,0,0,0,0,0,0,0,5,0,0,0,1,2,2,0,0,0,1,2,0,0,0,0,0,0,0,0,1,2,2,0,1,0,1,2,2,0,0,0,3,1,1,0,0,1,2,2,1,0,0,0,0,0,1,0,0,1,2,0,1,2,2,1,2,0,0,3,1,1,1,1,2,2,0,0,0,1,0,0,5,0,0.237,,,,0.206,,,,,,,,,,,,,0.032,,,,,,,,,,,,,,,,,0,2.0,0.067,94.9,12.0
160,High,RPath,562,4.0,3.0,0.039,12.0,0.156,0.09493670886075949,2.0,0.039,126.4,70,4,4,8.0,sidewalks,126.267,CON,1,0,0,0,0,0,0,0,0,1,2,0,1,0,0,1,0,0,0,0,0,0,0,0,5,0,3,0,1,2,2,0,0,0,1,2,0,0,0,0,0,0,0,0,1,2,2,0,1,0,1,2,2,0,5,0,3,1,1,0,0,1,2,0,0,0,0,0,0,0,1,0,0,1,2,0,1,2,0,1,2,0,0,0,1,1,1,1,2,2,0,0,0,1,0,0,5,0,0.142,,,,0.131,,,,,,,,,,,,,0.012,,,,,,,,,,,,,,,,,0,2.0,0.039,126.4,12.0
161,High,RPath,564,4.0,3.0,0.081,12.0,0.324,0.09630818619582665,2.0,0.081,124.6,68,4,4,8.0,sidewalks,125.283,CON,1,0,0,0,0,0,0,0,0,0,0,0,1,0,0,1,0,0,0,0,0,0,0,0,5,0,0,0,1,2,2,0,0,0,0,0,0,0,0,0,0,0,0,0,1,2,2,0,1,1,1,2,2,0,5,0,3,0,1,2,0,1,2,2,1,0,0,0,0,0,1,0,0,1,2,0,1,2,0,1,2,2,0,3,1,1,1,1,2,0,0,0,0,0,0,0,5,0,0.253,,,,0.181,,,,,,,,,,,0.012,,0.06,,,,,,,,,,,,,,,,,0,2.0,0.081,124.6,12.0
162,High,RPath,565,4.0,3.0,0.042,12.0,0.168,0.096,2.0,0.042,125.0,74,4,4,8.0,sidewalks,124.561,CON,1,0,0,0,0,0,0,0,0,1,0,0,1,0,0,1,0,0,0,0,0,0,0,0,5,0,0,0,1,2,2,0,0,0,1,0,0,0,0,0,0,0,0,0,1,2,0,0,1,1,1,2,2,0,5,0,3,1,1,2,0,1,2,2,1,0,0,0,0,0,1,0,0,1,2,0,1,2,2,1,2,2,0,3,1,1,1,1,2,2,0,0,0,1,0,0,5,0,0.144,,,,0.12,,,,,,,,,,,,,0.024,,,,,,,,,,,,,,,,,0,2.0,0.042,125.0,12.0
163,High,RPath,566,4.0,3.0,0.097,12.0,0.388,0.12875536480686695,2.0,0.097,93.2,74,4,4,8.0,sidewalks,93.535,CON,1,0,0,0,0,0,0,0,0,1,0,0,1,0,0,1,0,0,0,0,0,0,0,0,5,0,0,0,1,2,2,0,0,0,1,0,0,0,0,0,0,0,0,0,1,2,2,0,1,1,1,2,2,0,5,0,3,1,1,2,0,1,2,2,1,0,0,0,0,0,1,0,0,1,2,0,1,2,2,1,2,0,0,3,1,1,1,1,2,2,0,0,0,1,0,0,5,0,0.37,,,,0.354,,,,,,,,,,,,,0.016,,,,,,,,,,,,,,,,,0,2.0,0.097,93.2,12.0
164,High,RPath,567,4.0,3.0,0.028,12.0,0.112,0.1301518438177874,2.0,0.028,92.2,77,4,4,8.0,sidewalks,91.99,CON,1,2,0,0,0,0,0,0,0,1,0,0,1,0,0,1,0,0,0,0,0,0,0,0,5,0,0,0,1,2,2,0,0,0,1,0,0,0,0,0,0,0,0,0,1,2,2,0,1,1,1,2,2,0,5,0,3,1,1,2,0,1,2,0,1,2,0,0,0,0,1,0,0,1,2,0,1,2,2,1,2,0,0,3,1,1,1,1,2,2,1,0,0,1,0,0,5,0,0.098,,,,0.081,,,,,,,,,,,,,0.016,,,,,,,,,,,,,,,,,0,2.0,0.028,92.2,12.0
165,High,RPath,568,4.0,3.0,0.056,12.0,0.224,0.16216216216216217,2.0,0.056,74.0,73,4,4,8.0,sidewalks,73.296,CON,1,2,0,0,0,0,0,0,0,0,0,0,1,0,0,1,0,0,0,0,0,0,0,0,5,0,0,0,1,2,2,0,0,0,0,0,0,0,0,0,0,0,0,0,1,2,2,0,1,1,1,2,2,0,5,0,3,1,1,2,0,1,2,0,1,2,0,0,0,0,1,2,0,1,2,0,1,2,0,1,2,0,0,3,1,1,1,1,2,0,1,0,0,1,0,0,5,0,0.203,,,,0.182,,,,,,,,,,,,,0.02,,,,,,,,,,,,,,,,,0,2.0,0.056,74.0,12.0
166,High,RPath,570,4.0,3.0,0.03,12.0,0.12,0.16150740242261105,2.0,0.03,74.3,70,4,4,8.0,sidewalks,73.929,CON,1,2,0,0,0,0,0,0,0,1,0,0,1,0,0,1,2,0,0,0,0,0,0,0,5,0,0,0,1,2,2,0,0,0,1,0,0,0,0,0,0,0,0,0,1,2,0,0,1,1,1,2,2,0,0,0,3,1,1,0,0,1,2,0,1,0,0,0,0,0,1,2,0,1,2,0,1,2,2,1,2,0,0,3,1,1,1,1,2,2,1,0,0,1,0,0,5,0,0.121,,,,0.121,,,,,,,,,,,,,,,,,,,,,,,,,,,,,,0,2.0,0.03,74.3,12.0
167,High,RPath,571,4.0,3.0,0.051,12.0,0.204,0.16216216216216217,2.0,0.051,74.0,76,4,4,8.0,sidewalks,73.989,CON,1,2,2,0,0,0,0,0,0,1,0,0,0,0,0,1,0,0,0,0,0,0,0,0,5,0,0,0,1,2,2,0,0,0,0,0,0,0,0,0,0,0,0,0,1,2,2,0,1,1,1,2,2,0,5,0,3,1,1,0,0,1,2,0,1,2,0,0,0,0,1,2,0,1,2,2,1,2,0,1,2,2,0,0,1,1,1,1,2,0,1,2,0,1,0,0,5,0,0.203,,,,0.203,,,,,,,,,,,,,,,,,,,,,,,,,,,,,,1,2.0,0.051,74.0,22.0
168,High,RPath,572,4.0,3.0,0.012,12.0,0.048,0.13029315960912052,2.0,0.012,92.1,77,4,4,8.0,sidewalks,92.141,CON,1,2,0,0,0,0,0,0,0,1,0,0,1,0,0,1,2,0,0,0,0,0,0,0,5,0,0,0,1,2,2,0,0,0,1,0,0,0,0,0,0,0,0,0,1,2,2,0,1,1,1,2,2,0,5,0,0,1,1,0,0,1,2,0,1,2,0,0,0,0,1,2,0,1,2,2,1,2,2,1,2,2,0,0,1,1,1,1,2,2,1,0,0,1,0,0,5,0,0.049,,,,0.049,,,,,,,,,,,,,,,,,,,,,,,,,,,,,,0,2.0,0.012,92.1,12.0
169,High,RPath,573,4.0,3.0,0.01,12.0,0.04,0.16348773841961853,2.0,0.01,73.4,75,4,4,8.0,sidewalks,73.371,CON,1,2,0,0,0,0,0,0,0,1,0,0,1,0,0,1,2,0,0,0,0,0,0,0,5,0,0,0,1,2,2,0,0,0,1,0,0,0,0,0,0,0,0,0,1,2,0,0,1,1,1,2,2,0,0,0,3,1,1,0,0,1,2,0,1,2,0,0,0,0,1,2,2,1,2,2,1,2,2,1,2,0,0,0,1,1,1,1,2,2,1,2,0,1,0,0,5,0,0.041,,,,0.041,,,,,,,,,,,,,,,,,,,,,,,,,,,,,,1,2.0,0.01,73.4,22.0
170,High,RPath,574,4.0,3.0,0.016,12.0,0.064,0.13086150490730644,2.0,0.016,91.7,81,4,4,8.0,sidewalks,91.7,CON,1,2,2,0,0,0,0,0,0,1,0,0,0,0,0,1,2,0,0,0,0,0,0,0,5,0,0,0,1,2,2,0,0,0,1,0,0,0,0,0,0,0,0,0,1,2,2,0,1,1,1,2,2,0,5,0,3,1,1,0,0,1,0,0,1,2,0,0,0,0,1,2,2,1,2,2,1,2,2,1,2,2,0,0,1,1,1,1,2,0,1,2,0,1,0,0,5,0,0.065,,,,0.065,,,,,,,,,,,,,,,,,,,,,,,,,,,,,,2,2.0,0.016,91.7,32.0
171,High,RPath,575,4.0,3.0,0.015,12.0,0.06,0.16150740242261105,2.0,0.015,74.3,83,5,4,8.0,sidewalks,74.275,CON,1,2,2,0,0,0,0,0,0,1,2,0,0,0,0,1,0,0,0,0,0,0,0,0,5,0,0,0,1,2,2,0,0,0,0,0,0,0,0,0,0,0,0,0,1,2,2,0,1,1,1,2,2,0,5,0,3,1,1,0,0,1,0,0,1,2,0,0,0,0,1,2,0,1,2,2,1,2,0,1,2,2,5,0,1,1,1,1,2,0,1,2,0,1,2,0,5,0,0.061,,,,0.061,,,,,,,,,,,,,,,,,,,,,,,,,,,,,,1,2.0,0.015,74.3,22.0
172,High,RPath,576,4.0,3.0,0.02,12.0,0.08,0.12987012987012986,2.0,0.02,92.4,80,4,4,8.0,sidewalks,92.374,CON,1,2,2,0,0,0,0,0,0,1,0,0,0,0,0,1,2,0,0,0,0,0,0,0,5,0,0,0,1,2,2,0,0,0,0,0,0,0,0,0,0,0,0,0,1,2,2,0,1,1,1,2,2,0,5,0,3,1,1,0,0,1,0,0,1,2,0,0,0,0,1,2,2,1,2,2,1,2,2,1,2,2,0,0,1,1,1,1,2,0,1,2,0,1,0,0,5,0,0.065,,,,0.049,,,,,,,,,,,,,0.016,,,,,,,,,,,,,,,,,2,2.0,0.02,92.4,32.0
173,High,RPath,591,4.0,3.0,0.018,12.0,0.072,0.14035087719298245,2.0,0.018,85.5,76,4,4,8.0,sidewalks,85.837,HMAC,1,2,2,1,2,0,1,2,0,1,0,0,1,2,2,1,2,2,0,0,0,0,0,0,5,5,0,2,0,0,0,1,2,0,1,2,2,0,0,0,0,0,0,5,1,0,0,0,0,0,1,2,2,0,5,0,0,1,0,0,0,0,0,0,0,0,0,0,0,0,0,0,0,1,2,2,1,2,0,0,0,0,0,3,1,0,0,0,0,0,0,0,0,0,0,0,5,0,0.018,,,0.018,,,,,,,,,,,,,,,,,,,,,,,,,,,,,,,2,2.0,0.018,85.5,32.0
174,High,RPath,593,4.0,3.0,0.018,12.0,0.072,0.14423076923076922,2.0,0.018,83.2,72,4,4,8.0,sidewalks,79.775,HMAC,1,2,2,1,2,0,1,2,0,1,0,0,1,2,2,1,2,2,0,0,0,0,0,0,0,0,0,2,0,0,0,1,2,0,1,2,2,0,0,0,0,0,0,5,1,2,0,0,0,0,1,2,2,0,5,0,0,1,0,0,0,0,0,0,1,0,0,0,0,0,0,0,0,1,2,0,1,2,0,0,0,0,5,3,1,0,0,0,0,0,0,0,0,0,0,0,5,0,0.018,,,,,0.018,,,,,,,,,,,,,,,,,,,,,,,,,,,,,1,2.0,0.018,83.2,22.0
175,High,RPath,599,4.0,3.0,0.07,12.0,0.28,0.14002333722287047,2.0,0.07,85.7,68,4,4,8.0,sidewalks,85.49,HMAC,1,2,0,1,2,0,0,0,0,0,0,0,1,2,0,0,0,0,0,0,0,0,0,0,0,0,0,2,0,0,0,1,2,2,1,2,2,0,0,0,0,0,0,5,1,2,2,0,1,1,1,2,2,5,5,0,3,1,0,0,0,0,0,0,1,2,0,0,0,0,0,0,0,1,0,0,1,0,0,0,0,0,5,0,1,0,0,0,0,0,0,0,0,0,0,0,5,0,0.227,0.017,,,0.21,,,,,,,,,,,,,,,,,,,,,,,,,,,,,,9,2.0,0.07,85.7,42.0
176,High,RPath,600,4.0,3.0,0.045,12.0,0.18,0.03767660910518053,2.0,0.045,318.5,69,4,4,8.0,sidewalks,318.24,HMAC,1,2,0,1,2,0,0,0,0,0,0,0,1,2,0,1,0,0,0,0,0,0,0,0,5,0,0,2,0,0,0,1,2,2,1,2,2,0,0,0,0,0,0,0,1,2,2,0,1,1,1,2,2,0,5,0,3,1,0,0,0,0,0,0,1,2,0,0,0,0,1,0,0,1,0,0,1,0,0,0,0,0,5,3,1,0,0,1,0,0,0,0,0,0,0,0,5,0,0.174,,,,0.17,,,,,,,,,,,,,0.005,,,,,,,,,,,,,,,,,8,2.0,0.045,318.5,42.0
177,High,RPath,604,4.0,3.0,0.048,12.0,0.192,0.10300429184549356,2.0,0.048,116.5,77,4,4,8.0,sidewalks,116.495,HMAC,1,2,2,1,2,0,0,0,0,0,0,0,1,0,0,0,0,0,0,0,0,1,0,0,5,5,0,2,0,0,0,1,2,2,1,2,2,0,0,0,0,0,0,0,1,2,2,0,1,1,1,2,2,5,0,0,3,1,0,0,0,0,0,0,1,2,0,0,0,0,1,0,0,1,2,0,1,2,0,0,0,0,5,3,1,0,0,0,0,0,0,0,0,0,0,0,5,0,0.193,,,,0.193,,,,,,,,,,,,,,,,,,,,,,,,,,,,,,0,2.0,0.048,116.5,12.0
178,High,RPath,605,4.0,3.0,0.041,12.0,0.164,0.16326530612244897,2.0,0.041,73.5,75,4,4,8.0,sidewalks,73.515,HMAC,1,2,2,1,2,0,0,0,0,0,0,0,1,0,0,0,0,0,0,0,0,1,0,0,5,5,0,2,0,0,0,1,2,2,1,2,2,0,0,0,0,0,0,0,1,2,0,0,1,1,1,2,2,5,0,0,3,1,0,0,0,0,0,0,1,2,0,0,0,0,1,0,0,1,2,0,1,2,0,0,0,0,5,3,1,0,0,0,0,0,0,0,0,0,0,0,5,0,0.163,,,,0.163,,,,,,,,,,,,,,,,,,,,,,,,,,,,,,0,2.0,0.041,73.5,12.0
179,High,RPath,606,4.0,3.0,0.021,12.0,0.084,0.132013201320132,2.0,0.021,90.9,76,4,4,8.0,sidewalks,90.874,HMAC,1,2,2,1,2,0,0,0,0,0,0,0,1,2,0,1,0,0,0,0,0,1,2,0,0,5,0,2,0,0,0,1,2,2,1,2,2,0,0,0,0,0,0,0,1,2,0,0,1,1,1,2,2,5,0,0,3,1,0,0,0,0,0,0,1,2,2,0,0,0,1,0,0,1,2,0,1,2,0,0,0,0,5,3,0,0,0,0,0,0,0,0,0,0,0,0,5,0,0.083,,,,0.083,,,,,,,,,,,,,,,,,,,,,,,,,,,,,,0,2.0,0.021,90.9,12.0
180,High,RPath,610,4.0,3.0,0.025,12.0,0.1,0.04519774011299435,2.0,0.025,265.5,74,4,4,8.0,sidewalks,266.531,HMAC,1,2,2,1,2,2,1,2,0,0,0,0,1,2,2,0,0,0,0,0,0,1,2,2,0,5,0,2,0,0,0,1,0,0,1,2,2,0,0,0,0,0,0,0,1,0,0,0,0,0,1,2,2,5,0,0,3,1,0,0,0,0,0,0,1,0,0,0,0,0,1,2,2,1,2,0,1,2,2,0,0,0,0,3,1,0,0,0,0,0,0,0,0,0,0,0,5,0,0.068,,,,0.056,0.011,,,,,,,,,,,,,,,,,,,,,,,,,,,,,0,2.0,0.025,265.5,12.0
181,High,RPath,611,4.0,3.0,0.03,12.0,0.12,0.04358881220486741,2.0,0.03,275.3,80,4,4,8.0,sidewalks,275.572,HMAC,1,2,0,1,2,2,1,2,0,0,0,0,1,2,2,1,2,2,0,0,0,1,2,0,0,5,0,2,0,0,0,0,0,0,1,2,2,0,0,0,0,0,0,0,1,2,2,0,0,0,1,2,2,5,5,0,3,1,0,0,0,0,0,0,0,0,0,0,0,0,1,2,2,1,2,2,1,2,0,0,0,0,0,0,1,0,1,0,0,0,0,0,0,0,0,0,5,0,0.071,,,,0.054,0.016,,,,,,,,,,,,,,,,,,,,,,,,,,,,,0,2.0,0.03,275.3,12.0
182,High,RPath,612,4.0,3.0,0.029,12.0,0.116,0.1566579634464752,2.0,0.029,76.6,79,4,4,8.0,sidewalks,76.07,HMAC,1,2,0,1,2,0,1,2,0,0,0,0,1,2,2,1,2,0,0,0,0,1,2,2,0,5,0,2,0,0,0,0,0,0,1,2,2,0,0,0,0,0,0,0,1,2,2,0,0,0,1,2,2,5,5,0,3,1,0,0,0,0,0,0,0,0,0,0,0,0,1,2,2,1,2,0,1,0,0,0,0,0,0,3,1,0,1,1,0,0,0,0,0,1,0,0,5,0,0.059,,,,0.039,0.02,,,,,,,,,,,,,,,,,,,,,,,,,,,,,0,2.0,0.029,76.6,12.0
183,High,RPath,621,4.0,3.0,0.016,12.0,0.064,0.16997167138810199,2.0,0.016,70.6,74,4,4,8.0,sidewalks,72.462,HMAC,1,2,0,1,2,2,1,2,0,0,0,0,1,2,2,1,2,2,0,0,0,1,2,0,0,0,0,2,0,0,0,0,0,0,1,2,2,0,0,0,0,0,0,0,1,2,2,0,0,0,1,2,2,5,5,0,3,1,0,0,0,0,0,0,0,0,0,0,0,0,1,2,2,1,2,0,1,0,0,0,0,0,0,3,1,0,1,0,0,0,0,0,0,0,0,0,5,0,0.064,,,,0.064,,,,,,,,,,,,,,,,,,,,,,,,,,,,,,0,2.0,0.016,70.6,12.0
184,High,RPath,622,4.0,3.0,0.025,12.0,0.1,0.03420752565564424,2.0,0.025,350.8,81,4,4,8.0,sidewalks,350.64,HMAC,1,2,0,1,2,0,1,2,0,0,0,0,1,2,2,1,2,0,0,0,0,1,2,0,0,5,0,2,0,0,0,0,0,0,1,2,2,0,0,0,0,0,0,0,1,2,2,0,0,0,1,2,2,5,5,0,3,1,0,0,0,0,0,0,0,0,0,0,0,0,1,2,2,1,2,2,1,2,2,0,0,0,0,3,1,0,1,0,0,0,0,0,0,0,0,0,5,0,0.073,,,,0.064,0.009,,,,,,,,,,,,,,,,,,,,,,,,,,,,,0,2.0,0.025,350.8,12.0
185,High,RPath,627,4.0,3.0,0.021,12.0,0.084,0.11100832562442184,2.0,0.021,108.1,69,4,4,8.0,sidewalks,108.115,HMAC,1,2,2,1,2,2,0,0,0,0,0,0,0,0,0,1,2,2,0,0,0,0,0,0,0,5,0,2,0,0,0,0,0,0,1,2,2,0,0,0,0,0,0,0,1,0,0,0,1,1,1,2,2,5,5,4,0,1,0,0,0,0,0,0,1,0,0,0,0,0,0,0,0,0,0,0,1,2,0,0,0,0,5,3,1,0,0,0,0,0,1,0,0,0,0,0,5,0,0.069,,,,0.055,,,,,,,,,,,,,0.014,,,,,,,,,,,,,,,,,0,2.0,0.021,108.1,12.0
186,High,RPath,637,4.0,3.0,0.077,12.0,0.308,0.037523452157598496,2.0,0.077,319.8,85,5,4,8.0,sidewalks,319.562,CON,1,2,2,1,2,2,1,2,0,0,0,0,1,2,2,1,0,0,0,0,0,0,0,0,0,5,0,2,0,0,0,0,0,0,1,2,2,0,0,0,0,0,0,5,1,0,0,0,1,1,1,2,2,5,5,0,0,1,0,0,0,0,0,0,1,0,0,0,0,0,1,0,0,1,2,2,1,2,2,0,0,0,5,3,1,0,1,1,2,0,0,0,0,0,0,0,5,0,0.188,,,0.019,0.122,0.009,,,,,,,,,,,,0.038,,,,,,,,,,,,,,,,,0,2.0,0.077,319.8,12.0
187,High,RPath,638,4.0,3.0,0.099,12.0,0.396,0.14405762304921968,2.0,0.099,83.3,72,4,4,8.0,sidewalks,83.334,HMAC,1,2,0,1,2,0,1,2,0,0,0,0,1,0,0,1,0,0,0,0,0,1,0,0,0,0,0,2,0,0,0,0,0,0,1,2,2,0,0,0,0,0,0,5,1,2,0,0,1,1,1,2,2,5,5,0,0,1,0,0,0,0,0,0,1,0,0,0,0,0,1,0,0,1,2,0,1,2,2,0,0,0,5,3,0,0,1,1,2,0,0,0,0,0,0,0,5,0,0.36,,,,0.324,,,,,,,,,,,,,0.036,,,,,,,,,,,,,,,,,0,2.0,0.099,83.3,12.0
188,High,RPath,661,4.0,3.0,0.032,12.0,0.128,0.1444043321299639,2.0,0.032,83.1,75,4,4,8.0,sidewalks,83.433,HMAC,1,0,0,1,0,0,0,0,0,1,0,0,1,2,2,0,0,0,0,0,0,1,2,0,0,5,0,2,0,0,0,0,0,0,1,2,2,0,0,0,0,0,0,5,1,0,0,0,1,1,1,2,2,5,0,4,3,1,0,0,0,0,0,0,1,2,0,1,0,0,1,2,0,1,2,0,1,2,0,0,0,0,5,3,0,0,0,0,0,0,0,0,0,0,0,0,5,0,0.126,,,,0.108,,,,,,,0.018,,,,,,,,,,,,,,,,,,,,,,,2,2.0,0.032,83.1,32.0
189,High,RPath,662,4.0,3.0,0.034,12.0,0.136,0.057443752991862135,2.0,0.034,208.9,78,4,4,8.0,sidewalks,208.31,CON,1,2,0,1,0,0,1,0,0,1,0,0,1,2,2,0,0,0,0,0,0,1,2,2,0,5,0,2,0,0,0,0,0,0,1,2,0,0,0,0,0,0,0,5,1,0,0,0,1,1,1,2,2,5,0,0,3,1,0,0,0,0,0,0,1,0,0,1,2,0,1,2,0,1,2,0,1,2,2,0,0,0,5,3,1,0,1,0,0,0,0,0,0,0,0,0,5,0,0.136,,,,0.136,,,,,,,,,,,,,,,,,,,,,,,,,,,,,,0,2.0,0.034,208.9,12.0
190,High,RPath,663,4.0,3.0,0.057,12.0,0.228,0.15247776365946633,2.0,0.057,78.7,79,4,4,8.0,sidewalks,80.03,HMAC,1,2,0,1,0,0,1,0,0,1,0,0,1,2,2,0,0,0,0,0,0,1,2,2,0,5,0,2,0,0,0,0,0,0,1,2,2,0,0,0,0,0,0,5,0,0,0,0,1,1,1,2,2,5,0,0,3,1,0,0,0,0,0,0,1,0,0,1,2,0,1,2,0,1,2,0,1,2,2,0,0,0,5,3,1,0,1,0,0,0,0,0,0,0,0,0,5,0,0.229,,,,0.229,,,,,,,,,,,,,,,,,,,,,,,,,,,,,,0,2.0,0.057,78.7,12.0
191,High,RPath,665,4.0,3.0,0.062,12.0,0.248,0.15247776365946633,2.0,0.062,78.7,74,4,4,8.0,sidewalks,85.347,HMAC,1,2,2,1,2,2,1,2,2,1,0,0,1,2,2,0,0,0,0,0,0,1,2,0,0,5,0,2,0,0,0,0,0,0,1,0,0,0,0,0,0,0,0,5,1,0,0,0,1,0,1,2,0,5,0,0,3,1,0,0,0,0,0,0,1,2,0,1,2,0,1,2,0,1,0,0,1,2,0,0,0,0,0,3,1,0,1,0,0,0,0,0,0,0,0,0,5,0,0.248,,,,0.248,,,,,,,,,,,,,,,,,,,,,,,,,,,,,,0,2.0,0.062,78.7,12.0
192,High,RPath,670,4.0,3.0,0.089,12.0,0.356,0.11428571428571428,2.0,0.089,105.0,83,5,4,8.0,sidewalks,107.088,HMAC,1,2,2,1,2,2,1,2,0,1,0,0,1,2,2,1,0,0,0,0,0,0,0,0,0,5,0,2,1,2,0,0,0,0,1,2,0,0,0,0,0,0,0,5,1,2,0,0,0,0,1,2,0,5,5,0,0,1,0,0,0,1,0,0,1,2,2,0,0,0,0,0,0,1,0,0,1,2,2,0,0,0,5,3,1,0,0,1,0,0,0,0,0,1,0,0,5,0,0.357,,,,0.357,,,,,,,,,,,,,,,,,,,,,,,,,,,,,,0,2.0,0.089,105.0,12.0
193,High,RPath,707,4.0,3.0,0.034,12.0,0.136,0.15544041450777202,2.0,0.034,77.2,72,4,4,8.0,sidewalks,82.025,CON,1,2,2,1,0,0,0,0,0,1,2,2,1,0,0,1,0,0,0,0,0,0,0,0,5,0,0,2,1,2,2,1,0,0,1,0,0,0,0,0,1,2,0,5,1,2,0,0,1,1,1,2,2,0,0,0,0,1,1,0,0,0,0,0,1,2,0,0,0,0,1,0,0,1,2,0,1,2,0,0,0,0,0,3,1,1,1,1,2,0,0,0,0,1,0,0,5,0,0.117,,,,0.097,,,,,,,,,,,,,0.019,,,,,,,,,,,,,,,,,0,2.0,0.034,77.2,12.0
194,High,RPath,708,4.0,3.0,0.065,12.0,0.26,0.1593625498007968,2.0,0.065,75.3,67,4,4,8.0,sidewalks,75.51,CON,1,2,0,1,0,0,0,0,0,1,2,0,1,0,0,1,0,0,0,0,0,0,0,0,5,0,0,2,1,2,2,1,0,0,1,0,0,0,0,0,1,2,0,5,1,2,0,0,1,1,1,2,2,0,0,0,0,1,1,0,0,0,0,0,1,2,0,0,0,0,1,0,0,1,0,0,1,2,0,0,0,0,0,3,1,1,1,1,2,0,1,0,0,1,0,0,5,0,0.259,,,,0.139,,,,,,,,,0.119,,,,,,,,,,,,,,,,,,,,,0,2.0,0.065,75.3,12.0
195,High,RPath,714,4.0,3.0,0.043,12.0,0.172,0.15286624203821655,2.0,0.043,78.5,74,4,4,8.0,sidewalks,77.875,CON,1,0,0,1,0,0,0,0,0,1,0,0,1,0,0,1,2,0,0,0,0,0,0,0,5,0,0,2,1,2,2,0,0,0,1,0,0,0,0,0,0,0,0,5,1,2,0,0,1,1,1,2,2,0,0,0,3,1,1,0,0,1,0,0,1,2,2,0,0,0,1,0,0,1,0,0,1,2,2,0,0,0,5,3,1,1,1,1,0,0,1,0,0,1,2,0,5,0,0.172,,,,0.057,,,,,,,,,0.115,,,,,,,,,,,,,,,,,,,,,1,2.0,0.043,78.5,22.0
196,High,RPath,716,4.0,3.0,0.093,12.0,0.372,0.15645371577574968,2.0,0.093,76.7,85,5,4,8.0,sidewalks,76.899,CON,1,0,0,1,0,0,0,0,0,1,2,0,1,0,0,1,2,2,0,0,0,0,0,0,5,0,0,2,1,2,2,0,0,0,1,2,0,0,0,0,0,0,0,5,1,2,0,0,1,1,1,2,2,0,0,0,0,1,1,0,0,1,2,0,1,2,2,0,0,0,1,0,0,1,2,0,1,2,2,0,0,0,5,3,1,1,1,1,2,0,1,0,0,1,2,2,5,0,0.117,,,,0.02,0.078,,,,,,,,,,,,0.02,,,,,,,,,,,,,,,,,0,2.0,0.093,76.7,12.0
197,High,RPath,718,4.0,3.0,0.046,12.0,0.184,0.16326530612244897,2.0,0.046,73.5,85,5,4,8.0,sidewalks,73.471,CON,1,0,0,1,0,0,0,0,0,1,2,0,1,0,0,1,2,2,0,0,0,0,0,0,5,0,0,2,1,2,2,0,0,0,1,2,0,0,0,0,0,0,0,5,1,2,0,0,1,1,1,2,2,0,0,0,0,1,1,0,0,1,2,0,1,2,2,0,0,0,1,0,0,1,2,0,1,2,2,0,0,0,5,3,1,1,1,1,2,0,1,0,0,1,2,2,5,0,0.184,,,,0.184,,,,,,,,,,,,,,,,,,,,,,,,,,,,,,0,2.0,0.046,73.5,12.0
198,High,RPath,723,4.0,3.0,0.095,12.0,0.38,0.10801080108010802,2.0,0.095,111.1,82,4,4,8.0,sidewalks,111.062,HMAC,1,2,0,1,0,0,0,0,0,1,2,2,1,2,0,1,2,0,0,0,0,0,0,0,5,0,0,2,1,2,2,0,0,0,1,2,2,0,0,0,0,0,0,0,1,2,0,0,1,1,1,2,2,0,5,0,0,1,0,0,0,1,2,0,1,2,0,0,0,0,1,0,0,1,2,0,1,2,2,0,0,0,0,3,1,1,1,1,2,0,0,0,0,1,2,2,5,0,0.365,,,,0.351,,,,,,,,,,,0.014,,,,,,,,,,,,,,,,,,,0,2.0,0.095,111.1,12.0
199,High,RPath,726,4.0,3.0,0.062,12.0,0.248,0.1643835616438356,2.0,0.062,73.0,83,5,4,8.0,sidewalks,73.061,CON,1,0,0,0,0,0,0,0,0,1,2,2,1,2,2,1,2,0,0,0,0,0,0,0,5,0,0,0,1,2,2,0,0,0,1,2,2,0,0,0,0,0,0,0,1,2,0,0,1,1,1,2,2,0,5,0,0,1,0,0,0,1,2,2,1,2,0,0,0,0,1,0,0,1,2,2,1,2,2,0,0,0,0,3,1,1,1,1,2,0,0,0,0,1,2,2,5,0,0.247,,,,0.247,,,,,,,,,,,,,,,,,,,,,,,,,,,,,,0,2.0,0.062,73.0,12.0
200,High,RPath,728,4.0,3.0,0.04,12.0,0.16,0.1606425702811245,2.0,0.04,74.7,79,4,4,8.0,sidewalks,73.714,CON,1,0,0,0,0,0,0,0,0,1,2,2,1,2,0,1,2,0,0,0,0,0,0,0,5,0,0,0,1,2,2,0,0,0,1,2,2,0,0,0,0,0,0,0,1,2,2,0,1,1,1,2,2,5,5,0,3,1,0,0,0,1,2,0,1,0,0,0,0,0,1,0,0,1,2,0,1,2,0,1,0,0,0,0,1,1,1,1,2,0,0,0,0,1,2,0,5,0,0.141,,,,0.121,,,,,,,,,,,,,0.02,,,,,,,,,,,,,,,,,0,2.0,0.04,74.7,12.0
201,High,RPath,730,4.0,3.0,0.085,12.0,0.34,0.1084010840108401,2.0,0.085,110.7,82,4,4,8.0,sidewalks,110.65,CON,1,0,0,0,0,0,0,0,0,1,2,2,1,2,2,1,2,0,0,0,0,0,0,0,5,0,0,0,1,2,2,0,0,0,1,2,2,0,0,0,0,0,0,0,1,2,2,0,1,1,1,2,2,0,5,0,0,1,0,0,0,1,2,2,1,0,0,0,0,0,1,0,0,1,2,2,1,2,2,1,0,0,0,0,1,1,1,1,2,0,1,0,0,1,2,2,5,0,0.217,0.014,,,0.122,,,,,,,,,,,,,0.081,,,,,,,,,,,,,,,,,1,2.0,0.085,110.7,22.0
202,High,RPath,735,4.0,3.0,0.087,12.0,0.348,0.09554140127388536,2.0,0.087,125.6,70,4,4,8.0,sidewalks,125.498,CON,1,0,0,0,0,0,0,0,0,1,2,0,1,2,0,1,0,0,0,0,0,0,0,0,5,0,3,0,1,2,2,0,0,0,1,2,0,0,0,0,0,0,0,0,1,2,2,0,1,0,1,2,2,0,5,0,3,1,1,0,0,1,2,0,0,0,0,0,0,0,1,0,0,1,2,0,1,2,0,1,2,0,0,0,1,1,1,1,2,0,0,0,0,1,0,0,5,0,0.31,,,,0.275,,,,,,,,,,,0.024,,0.012,,,,,,,,,,,,,,,,,0,2.0,0.087,125.6,12.0
203,High,RPath,737,4.0,3.0,0.021,12.0,0.084,0.16574585635359115,2.0,0.021,72.4,75,4,4,8.0,sidewalks,74.122,CON,1,0,0,0,0,0,0,0,0,1,2,0,1,2,0,1,2,0,0,0,0,0,0,0,5,0,0,0,1,2,2,0,0,0,1,2,0,0,0,0,0,0,0,0,1,2,2,0,1,1,1,2,2,5,5,0,3,1,0,0,0,1,2,0,1,0,0,0,0,0,1,0,0,1,2,0,1,2,0,1,0,0,0,0,1,1,1,1,2,0,0,0,0,1,2,0,5,0,0.083,,,,0.083,,,,,,,,,,,,,,,,,,,,,,,,,,,,,,0,2.0,0.021,72.4,12.0
204,High,RPath,738,4.0,3.0,0.025,12.0,0.1,0.13129102844638948,2.0,0.025,91.4,72,4,4,8.0,sidewalks,89.266,PB,1,0,0,0,0,0,0,0,0,1,2,0,1,2,0,1,2,0,0,0,0,0,0,0,5,0,0,0,1,2,2,0,0,0,1,2,0,0,0,0,0,0,0,0,1,2,2,0,1,1,1,2,2,0,5,0,0,1,0,0,0,1,2,0,1,0,0,0,0,0,1,2,0,1,2,0,1,2,0,1,0,0,0,0,1,1,1,1,2,2,1,0,0,1,2,0,5,0,0.066,,,,0.033,,,,,,,,,,,,,0.033,,,,,,,,,,,,,,,,,0,2.0,0.025,91.4,12.0
205,High,RPath,739,4.0,3.0,0.067,12.0,0.268,0.1646090534979424,2.0,0.067,72.9,72,4,4,8.0,sidewalks,72.991,CON,1,0,0,0,0,0,0,0,0,1,2,0,1,2,0,1,2,0,0,0,0,0,0,0,5,0,0,0,1,2,2,0,0,0,1,2,0,0,0,0,0,0,0,0,1,2,2,0,1,0,1,2,2,0,0,0,3,1,1,0,0,1,2,0,1,0,0,0,0,0,1,2,0,1,2,0,1,2,0,1,2,0,0,0,1,1,1,1,2,2,1,0,0,1,2,0,5,0,0.226,,,,0.185,,,,,,,,,,,0.021,,0.021,,,,,,,,,,,,,,,,,0,2.0,0.067,72.9,12.0
206,High,RPath,742,4.0,3.0,0.098,12.0,0.392,0.13071895424836602,2.0,0.098,91.8,84,5,4,8.0,sidewalks,91.829,CON,1,0,0,0,0,0,0,0,0,1,2,0,1,2,0,1,2,2,0,0,0,0,0,0,5,0,0,0,1,2,2,0,0,0,1,2,0,0,0,0,0,0,0,0,1,2,2,0,1,1,1,2,2,0,5,0,3,1,1,0,0,1,2,0,1,2,0,0,0,0,1,2,0,1,2,2,1,2,0,1,0,0,0,0,1,1,1,1,2,2,1,0,0,1,2,2,5,0,0.376,,,,0.359,,,,,,,,,,,,,0.016,,,,,,,,,,,,,,,,,3,2.0,0.098,91.8,42.0
207,High,RPath,744,4.0,3.0,0.078,12.0,0.312,0.13114754098360656,2.0,0.078,91.5,72,4,4,8.0,sidewalks,91.533,CON,1,0,0,0,0,0,0,0,0,1,2,0,1,2,0,1,2,0,0,0,0,0,0,0,5,0,0,0,1,2,2,0,0,0,1,2,0,0,0,0,0,0,0,0,1,2,2,0,1,1,1,2,2,0,5,0,0,1,0,0,0,1,2,0,1,0,0,0,0,0,1,2,0,1,2,0,1,2,0,1,0,0,0,0,1,1,1,1,2,2,1,0,0,1,2,0,5,0,0.18,,,,0.049,,,,,,,,,,,,,0.131,,,,,,,,,,,,,,,,,1,2.0,0.078,91.5,22.0
208,High,RPath,746,4.0,3.0,0.049,12.0,0.196,0.13071895424836602,2.0,0.049,91.8,81,4,4,8.0,sidewalks,70.915,CON,1,0,0,0,0,0,0,0,0,1,2,0,1,0,0,1,2,2,0,0,0,0,0,0,5,5,0,0,1,2,2,0,0,0,1,0,0,0,0,0,0,0,0,0,1,2,2,0,1,1,1,2,2,0,0,0,0,1,1,0,0,1,0,0,1,2,0,0,0,0,1,2,2,1,2,2,1,2,2,1,0,0,0,0,1,1,1,1,2,2,1,2,0,1,2,2,5,0,0.114,,,,0.065,0.016,,,,,,,,,,,,0.033,,,,,,,,,,,,,,,,,1,2.0,0.049,91.8,22.0
209,High,RPath,749,4.0,3.0,0.036,12.0,0.144,0.16238159675236805,2.0,0.036,73.9,81,4,4,8.0,sidewalks,73.868,CON,1,2,0,0,0,0,0,0,0,1,2,0,1,0,0,1,2,2,0,0,0,0,0,0,5,0,0,0,1,2,2,0,0,0,1,0,0,0,0,0,0,0,0,0,1,2,2,0,1,1,1,2,2,0,5,0,0,1,1,0,0,1,0,0,1,2,2,0,0,0,1,2,0,1,2,2,1,2,0,1,0,0,0,0,1,1,1,1,2,2,1,2,0,1,2,2,5,0,0.142,,,,0.142,,,,,,,,,,,,,,,,,,,,,,,,,,,,,,1,2.0,0.036,73.9,22.0
210,High,RPath,752,4.0,3.0,0.036,12.0,0.144,0.12931034482758622,2.0,0.036,92.8,83,5,4,8.0,sidewalks,92.192,CON,1,2,0,0,0,0,0,0,0,1,2,0,1,0,0,1,2,2,0,0,0,0,0,0,5,0,0,0,1,2,2,0,0,0,1,0,0,0,0,0,0,0,0,0,1,2,2,0,1,1,1,2,2,0,5,0,0,1,1,0,0,1,0,0,1,2,0,0,0,0,1,2,2,1,2,2,1,2,2,1,0,0,0,0,1,1,1,1,2,2,1,2,0,1,2,2,5,0,0.097,,,,0.081,0.016,,,,,,,,,,,,,,,,,,,,,,,,,,,,,1,2.0,0.036,92.8,22.0
211,High,RPath,756,4.0,3.0,0.04,12.0,0.16,0.09787928221859707,2.0,0.04,122.6,85,5,4,8.0,sidewalks,122.741,PB,1,2,2,1,2,2,0,0,0,0,0,0,1,2,0,0,0,0,0,0,0,0,0,0,5,0,0,0,1,0,0,1,2,2,1,2,2,0,0,0,1,0,0,0,1,2,2,0,1,0,1,2,2,5,5,0,3,0,0,0,0,0,0,0,1,2,0,1,2,0,1,2,0,1,2,0,1,0,0,0,0,0,5,0,1,1,1,1,2,2,0,0,0,0,0,0,5,0,0.086,,,,0.037,,,,,,,,,,,0.037,,,0.012,,,,,,,,,,,,,,,,1,2.0,0.04,122.6,22.0
212,High,RPath,761,4.0,3.0,0.061,12.0,0.244,0.16150740242261105,2.0,0.061,74.3,84,5,4,8.0,sidewalks,50.619,CON,1,2,2,1,2,0,0,0,0,0,0,0,1,2,0,0,0,0,0,0,0,0,0,0,5,0,0,2,1,0,0,1,2,2,1,2,2,0,0,0,1,2,0,5,1,2,2,0,1,0,1,2,2,0,0,0,3,1,0,0,0,1,0,0,1,2,2,1,0,0,1,2,0,1,2,0,1,0,0,0,0,0,5,0,1,1,1,1,2,2,0,0,0,0,0,0,5,0,0.061,,,,,0.04,,,,,,,,,,,,,0.02,,,,,,,,,,,,,,,,1,2.0,0.061,74.3,22.0
213,High,RPath,771,4.0,3.0,0.095,12.0,0.38,0.07957559681697612,2.0,0.095,150.8,80,4,4,8.0,sidewalks,147.58,PB,1,2,0,1,2,0,0,0,0,0,0,0,1,0,0,0,0,0,0,0,0,0,0,0,5,0,0,2,0,0,0,1,0,0,1,2,2,0,0,0,0,0,0,5,1,2,2,0,0,0,1,2,2,5,5,4,3,1,0,0,0,0,0,0,1,2,0,1,2,0,1,2,0,1,0,0,1,0,0,0,0,0,5,3,1,0,1,1,0,0,0,0,0,0,0,0,5,0,0.109,,,,,0.03,,,,,,,0.03,,,0.03,0.02,,,,,,,,,,,,,,,,,,0,2.0,0.095,150.8,12.0
214,High,RPath,785,4.0,3.0,0.025,12.0,0.1,0.03825310806503029,2.0,0.025,313.7,68,4,4,8.0,sidewalks,313.652,HMAC,1,2,2,1,0,0,1,0,0,0,0,0,1,0,0,1,2,2,0,0,0,0,0,0,5,0,0,0,0,0,0,1,2,2,1,2,2,0,0,0,0,0,0,0,1,2,2,0,1,1,1,2,2,5,5,0,3,1,0,0,0,0,0,0,1,2,0,0,0,0,0,0,0,1,0,0,1,0,0,0,0,0,0,3,1,0,0,0,0,0,0,0,0,0,0,0,5,0,0.086,,,0.005,0.081,,,,,,,,,,,,,,,,,,,,,,,,,,,,,,2,2.0,0.025,313.7,32.0
215,High,RPath,814,4.0,3.0,0.092,12.0,0.368,0.10178117048346055,2.0,0.092,117.9,78,4,4,8.0,sidewalks,117.063,CON,1,0,0,0,0,0,0,0,0,1,2,2,1,2,0,1,0,0,0,0,0,0,0,0,5,0,3,0,1,2,2,0,0,0,1,2,2,0,0,0,0,0,0,0,1,2,2,0,1,0,1,2,2,5,5,0,3,1,0,0,0,1,2,0,0,0,0,0,0,0,1,0,0,1,2,0,1,2,0,1,0,0,0,0,1,1,1,1,2,0,0,0,0,1,2,0,5,0,0.28,,,,0.191,,,,,,,,,,,,,0.089,,,,,,,,,,,,,,,,,1,2.0,0.092,117.9,22.0
216,High,RPath,818,4.0,3.0,0.034,12.0,0.136,0.5429864253393665,2.0,0.034,22.1,76,4,4,8.0,sidewalks,24.001,CON,1,2,2,0,0,0,0,0,0,1,2,0,0,0,0,0,0,0,0,0,0,0,0,0,0,5,0,0,1,2,2,1,0,0,1,0,0,0,0,0,0,0,0,0,1,2,0,0,1,0,1,2,2,5,5,0,3,0,1,2,0,0,0,0,1,2,0,0,0,0,1,0,0,1,2,0,1,2,0,0,0,0,0,0,1,1,1,1,2,2,1,2,2,1,2,0,5,0,0.136,,,,0.136,,,,,,,,,,,,,,,,,,,,,,,,,,,,,,0,2.0,0.034,22.1,12.0
217,High,RPath,821,4.0,3.0,0.037,12.0,0.148,0.13172338090010977,2.0,0.037,91.1,79,4,4,8.0,sidewalks,93.033,CON,1,2,2,0,0,0,0,0,0,1,2,2,0,0,0,1,2,0,0,0,0,0,0,0,5,0,0,0,1,2,2,1,0,0,0,0,0,0,0,0,1,0,0,0,1,2,2,0,1,1,1,2,2,0,5,0,0,1,1,2,2,0,0,0,1,2,0,0,0,0,1,2,0,1,2,0,1,2,2,0,0,0,0,0,1,1,1,1,2,2,1,2,0,1,0,0,5,0,0.132,,,,0.115,,,,,,,,,,,,,0.016,,,,,,,,,,,,,,,,,0,2.0,0.037,91.1,12.0
218,High,RPath,824,4.0,3.0,0.025,12.0,0.1,0.16172506738544473,2.0,0.025,74.2,80,4,4,8.0,sidewalks,74.215,CON,1,2,2,0,0,0,0,0,0,1,2,0,0,0,0,1,0,0,0,0,0,0,0,0,5,0,0,0,1,2,2,0,0,0,1,0,0,0,0,0,0,0,0,0,1,2,0,0,1,1,1,2,2,0,5,0,0,1,1,2,0,0,0,0,1,2,0,0,0,0,1,2,0,1,2,0,1,2,2,1,2,0,5,0,1,1,1,1,2,0,1,2,2,1,2,0,5,0,0.101,,,,0.101,,,,,,,,,,,,,,,,,,,,,,,,,,,,,,0,2.0,0.025,74.2,12.0
219,High,RPath,826,4.0,3.0,0.015,12.0,0.06,0.16415868673050618,2.0,0.015,73.1,71,4,4,8.0,sidewalks,74.208,CON,1,2,2,0,0,0,0,0,0,1,0,0,1,0,0,1,0,0,0,0,0,0,0,0,5,0,0,0,1,2,2,0,0,0,1,0,0,0,0,0,0,0,0,0,1,2,0,0,1,0,1,2,2,0,0,0,0,1,1,0,0,0,0,0,1,2,0,0,0,0,1,2,0,1,2,0,1,2,2,1,2,0,5,0,1,1,1,1,2,2,1,2,0,1,2,0,5,0,0.062,,,,0.062,,,,,,,,,,,,,,,,,,,,,,,,,,,,,,0,2.0,0.015,73.1,12.0
220,High,RPath,827,4.0,3.0,0.063,12.0,0.252,0.11764705882352941,2.0,0.063,102.0,77,4,4,8.0,sidewalks,101.957,CON,1,2,2,0,0,0,0,0,0,1,2,0,1,0,0,1,0,0,0,0,0,0,0,0,5,0,0,0,1,2,2,0,0,0,1,0,0,0,0,0,0,0,0,0,1,2,0,0,1,1,1,2,2,0,5,0,0,1,1,0,0,0,0,0,1,2,0,0,0,0,1,2,0,1,2,0,1,2,2,1,2,0,5,0,1,1,1,1,2,0,1,2,0,1,2,0,5,0,0.206,,,,0.162,,,,,,,,,,,,,0.044,,,,,,,,,,,,,,,,,0,2.0,0.063,102.0,12.0
221,High,RPath,828,4.0,3.0,0.071,12.0,0.284,0.16282225237449116,2.0,0.071,73.7,81,4,4,8.0,sidewalks,73.723,CON,1,2,2,0,0,0,0,0,0,1,0,0,0,0,0,1,0,0,0,0,0,0,0,0,5,0,0,0,1,2,2,0,0,0,0,0,0,0,0,0,0,0,0,0,1,2,2,0,1,1,1,2,2,0,5,0,3,1,1,0,0,1,0,0,1,2,0,0,0,0,1,2,0,1,2,2,1,2,0,1,2,2,5,0,1,1,1,1,2,0,1,2,0,1,2,0,5,0,0.265,,,,0.244,,,,,,,,,,,,,0.02,,,,,,,,,,,,,,,,,1,2.0,0.071,73.7,22.0
222,High,RPath,829,4.0,3.0,0.048,12.0,0.192,0.11822660098522167,2.0,0.048,101.5,80,4,4,8.0,sidewalks,101.492,CON,1,2,2,0,0,0,0,0,0,1,0,0,1,0,0,1,0,0,0,0,0,0,0,0,5,0,0,0,1,2,2,0,0,0,1,0,0,0,0,0,0,0,0,0,1,2,2,0,1,1,1,2,2,0,5,0,0,1,1,0,0,1,0,0,1,2,0,0,0,0,1,2,0,1,2,0,1,2,2,1,2,2,5,0,1,1,1,1,2,0,1,2,0,1,2,0,5,0,0.177,,,,0.148,,,,,0.015,,,,,,,,0.015,,,,,,,,,,,,,,,,,0,2.0,0.048,101.5,12.0
223,High,RPath,830,4.0,3.0,0.071,12.0,0.284,0.16238159675236805,2.0,0.071,73.9,71,4,4,8.0,sidewalks,73.867,CON,1,2,2,0,0,0,0,0,0,1,0,0,1,0,0,1,0,0,0,0,0,0,0,0,5,0,0,0,1,2,2,0,0,0,1,0,0,0,0,0,0,0,0,0,1,2,0,0,1,0,1,2,0,0,0,0,3,1,1,0,0,1,0,0,1,2,0,0,0,0,1,0,0,1,2,0,1,2,2,1,2,2,5,0,1,1,1,1,2,0,1,2,0,1,2,0,5,0,0.264,,,,0.203,,,0.02,,,,,,0.02,,,,0.02,,,,,,,,,,,,,,,,,0,2.0,0.071,73.9,12.0
224,High,RPath,831,4.0,3.0,0.052,12.0,0.208,0.11857707509881422,2.0,0.052,101.2,71,4,4,8.0,sidewalks,40.223,CON,1,2,2,0,0,0,0,0,0,1,0,0,1,0,0,1,0,0,0,0,0,0,0,0,5,0,0,0,1,2,2,0,0,0,1,0,0,0,0,0,0,0,0,0,1,2,2,0,1,1,1,2,2,0,0,0,3,1,1,0,0,1,0,0,1,2,0,0,0,0,1,2,0,1,2,0,1,2,2,1,2,2,0,0,1,1,1,1,2,0,1,2,0,1,0,0,5,0,0.193,,,,0.178,,,,,,,,,,,,,0.015,,,,,,,,,,,,,,,,,0,2.0,0.052,101.2,12.0
225,High,RPath,832,4.0,3.0,0.037,12.0,0.148,0.11857707509881422,2.0,0.037,101.2,75,4,4,8.0,sidewalks,100.688,CON,1,2,0,0,0,0,0,0,0,0,0,0,1,0,0,1,0,0,0,0,0,0,0,0,5,0,0,0,1,2,2,0,0,0,0,0,0,0,0,0,0,0,0,0,1,2,2,0,1,1,1,2,2,0,5,0,0,1,1,2,0,1,2,0,1,2,2,0,0,0,1,2,0,1,2,2,1,2,2,1,2,2,0,0,1,1,1,1,2,0,1,0,0,1,0,0,5,0,0.119,,,,0.089,,,,,,,,,,,0.015,,0.015,,,,,,,,,,,,,,,,,1,2.0,0.037,101.2,22.0
226,High,RPath,834,4.0,3.0,0.052,12.0,0.208,0.16574585635359115,2.0,0.052,72.4,77,4,4,8.0,sidewalks,73.742,CON,1,2,2,0,0,0,0,0,0,1,0,0,1,0,0,1,0,0,0,0,0,0,0,0,5,0,0,0,1,2,2,0,0,0,0,0,0,0,0,0,0,0,0,0,1,2,2,0,1,1,1,2,2,0,5,0,3,1,1,0,0,1,2,0,1,2,0,0,0,0,1,2,0,1,2,2,1,2,0,1,2,2,0,0,1,1,1,1,2,0,1,2,0,1,0,0,5,0,0.186,,,,0.166,,,,,,,,,,,,,0.021,,,,,,,,,,,,,,,,,2,2.0,0.052,72.4,32.0
227,High,RPath,835,4.0,3.0,0.034,12.0,0.136,0.11940298507462686,2.0,0.034,100.5,77,4,4,8.0,sidewalks,100.488,CON,1,2,2,0,0,0,0,0,0,1,0,0,1,0,0,1,0,0,0,0,0,0,0,0,5,0,0,0,1,2,2,0,0,0,0,0,0,0,0,0,0,0,0,0,1,2,2,0,1,1,1,2,2,0,5,0,3,1,1,0,0,1,0,0,1,2,0,0,0,0,1,2,0,1,2,2,1,2,2,1,2,2,0,0,1,1,1,1,2,0,1,2,0,1,0,0,5,0,0.119,,,,0.104,,,,,,,,,,,,,0.015,,,,,,,,,,,,,,,,,1,2.0,0.034,100.5,22.0
228,High,RPath,836,4.0,3.0,0.06,12.0,0.24,0.1610738255033557,2.0,0.06,74.5,73,4,4,8.0,sidewalks,74.533,CON,1,2,0,0,0,0,0,0,0,0,0,0,1,0,0,1,0,0,0,0,0,0,0,0,5,0,0,0,1,2,2,0,0,0,0,0,0,0,0,0,0,0,0,0,1,2,2,0,1,1,1,2,2,0,5,0,3,1,1,2,0,1,2,0,1,2,0,0,0,0,1,2,0,1,2,0,1,2,0,1,2,0,0,3,1,1,1,1,2,0,1,0,0,1,0,0,5,0,0.221,,,,0.201,,,,,,,,,,,,,0.02,,,,,,,,,,,,,,,,,1,2.0,0.06,74.5,22.0
229,High,RPath,837,4.0,3.0,0.041,12.0,0.164,0.12012012012012012,2.0,0.041,99.9,72,4,4,8.0,sidewalks,99.889,CON,1,2,0,0,0,0,0,0,0,0,0,0,1,0,0,1,0,0,0,0,0,0,0,0,5,0,0,0,1,2,2,0,0,0,0,0,0,0,0,0,0,0,0,0,1,2,2,0,1,1,1,2,2,0,5,0,3,1,1,2,0,1,2,0,1,2,0,0,0,0,1,0,0,1,2,0,1,2,2,1,2,0,0,3,1,1,1,1,2,0,1,0,0,0,0,0,5,0,0.165,,,,0.165,,,,,,,,,,,,,,,,,,,,,,,,,,,,,,1,2.0,0.041,99.9,22.0
230,High,RPath,839,4.0,3.0,0.048,12.0,0.192,0.11822660098522167,2.0,0.048,101.5,71,4,4,8.0,sidewalks,101.483,CON,1,2,0,0,0,0,0,0,0,0,0,0,1,0,0,1,0,0,0,0,0,0,0,0,5,0,0,0,1,2,2,0,0,0,0,0,0,0,0,0,0,0,0,0,1,2,2,0,1,1,1,2,2,0,5,0,0,1,1,2,0,1,2,0,1,2,2,0,0,0,1,2,0,1,2,0,1,2,2,1,2,0,0,0,1,1,1,1,2,0,1,0,0,1,0,0,5,0,0.163,,,,0.133,,,,,,,,,,,0.015,,0.015,,,,,,,,,,,,,,,,,1,2.0,0.048,101.5,22.0
231,High,RPath,852,4.0,3.0,0.067,12.0,0.268,0.16371077762619374,2.0,0.067,73.3,71,4,4,8.0,sidewalks,73.904,CON,1,2,0,0,0,0,0,0,0,0,0,0,1,2,0,1,0,0,0,0,0,0,0,0,5,0,3,0,1,2,2,0,0,0,1,0,0,0,0,0,0,0,0,0,1,2,2,0,1,0,1,2,0,0,5,0,3,1,1,0,0,1,0,0,1,2,2,0,0,0,0,0,0,1,0,0,1,2,2,1,2,0,0,3,1,1,1,1,2,0,1,0,0,1,0,0,5,0,0.266,,,,0.266,,,,,,,,,,,,,,,,,,,,,,,,,,,,,,0,2.0,0.067,73.3,12.0
232,High,RPath,853,4.0,3.0,0.091,12.0,0.364,0.12121212121212122,2.0,0.091,99.0,72,4,4,8.0,sidewalks,98.958,CON,1,2,2,0,0,0,0,0,0,1,0,0,1,0,0,1,0,0,0,0,0,0,0,0,5,0,0,0,1,2,2,0,0,0,1,0,0,0,0,0,0,0,0,0,1,2,2,0,1,0,1,2,0,0,5,0,3,1,1,0,0,1,0,0,1,2,2,0,0,0,1,0,0,1,2,0,1,2,2,1,2,0,0,3,1,1,1,1,2,0,1,0,0,1,0,0,5,0,0.318,,,,0.303,0.015,,,,,,,,,,,,,,,,,,,,,,,,,,,,,0,2.0,0.091,99.0,12.0
233,High,RPath,854,4.0,3.0,0.087,12.0,0.348,0.16304347826086957,2.0,0.087,73.6,69,4,4,8.0,sidewalks,73.59,CON,1,2,2,0,0,0,0,0,0,1,0,0,1,0,0,1,0,0,0,0,0,0,0,0,5,0,0,0,1,2,2,0,0,0,1,0,0,0,0,0,0,0,0,0,1,2,0,0,1,0,1,2,0,0,0,0,3,1,1,0,0,1,0,0,1,2,0,0,0,0,1,0,0,1,2,0,1,2,2,1,2,0,5,0,1,1,1,1,2,0,1,2,0,1,2,0,5,0,0.285,,,,0.265,0.02,,,,,,,,,,,,,,,,,,,,,,,,,,,,,0,2.0,0.087,73.6,12.0
234,High,RPath,855,4.0,3.0,0.052,12.0,0.208,0.11928429423459246,2.0,0.052,100.6,81,4,4,8.0,sidewalks,100.646,CON,1,2,2,0,0,0,0,0,0,1,0,0,1,2,0,1,2,0,0,0,0,0,0,0,5,0,3,0,1,2,2,0,0,0,1,0,0,0,0,0,0,0,0,0,1,2,2,0,1,0,1,2,0,0,5,0,0,1,0,0,0,0,0,0,1,2,0,0,0,0,1,0,0,1,2,0,1,2,2,1,2,0,5,3,1,1,1,1,2,0,1,2,0,1,2,0,5,0,0.194,,,,0.179,,,,,,,,,,,,,0.015,,,,,,,,,,,,,,,,,0,2.0,0.052,100.6,12.0
235,High,RPath,857,4.0,3.0,0.035,12.0,0.14,0.12422360248447206,2.0,0.035,96.6,78,4,4,8.0,sidewalks,89.528,CON,1,2,2,0,0,0,0,0,0,1,0,0,1,2,0,1,2,0,0,0,0,0,0,0,5,0,0,0,1,2,2,0,0,0,1,2,0,0,0,0,0,0,0,0,1,2,2,0,1,0,1,2,0,0,5,0,0,1,1,0,0,0,0,0,1,2,0,0,0,0,1,0,0,1,2,0,1,2,2,1,2,0,0,3,1,1,1,1,2,2,1,2,0,1,2,0,5,0,0.14,,,,0.14,,,,,,,,,,,,,,,,,,,,,,,,,,,,,,0,2.0,0.035,96.6,12.0
236,High,RPath,880,4.0,3.0,0.032,12.0,0.128,0.0630583289542827,2.0,0.032,190.3,78,4,4,8.0,sidewalks,190.26,CON,1,2,2,1,2,2,1,2,2,0,0,0,1,2,2,1,0,0,0,0,0,1,2,2,0,5,0,0,0,0,0,1,0,0,1,2,2,0,0,0,0,0,0,0,1,2,0,0,0,0,1,2,2,5,0,0,3,1,0,0,0,0,0,0,1,0,0,0,0,0,1,2,0,1,2,2,1,2,2,0,0,0,0,3,1,0,0,1,0,0,0,0,0,0,0,0,5,0,0.126,,,,0.126,,,,,,,,,,,,,,,,,,,,,,,,,,,,,,0,2.0,0.032,190.3,12.0
237,High,RPath,882,4.0,3.0,0.013,12.0,0.052,0.053884149079479124,2.0,0.013,222.7,74,4,4,8.0,sidewalks,222.697,HMAC,1,2,2,1,2,0,0,0,0,0,0,0,1,0,0,0,0,0,0,0,0,1,0,0,5,5,0,2,0,0,0,1,2,2,1,2,2,0,0,0,0,0,0,0,1,2,0,0,1,1,1,2,2,5,0,0,3,1,0,0,0,0,0,0,1,2,0,0,0,0,1,0,0,1,2,0,1,2,0,0,0,0,5,3,0,0,0,0,0,0,0,0,0,0,0,0,5,0,0.054,,,,0.054,,,,,,,,,,,,,,,,,,,,,,,,,,,,,,0,2.0,0.013,222.7,12.0
238,High,RPath,897,4.0,3.0,0.036,12.0,0.144,0.12779552715654952,2.0,0.036,93.9,68,4,4,8.0,sidewalks,93.918,CON,1,2,2,1,2,2,0,0,0,0,0,0,1,2,2,1,0,0,0,0,0,0,0,0,0,5,0,2,0,0,0,0,0,0,1,0,0,0,0,0,0,0,0,5,1,0,0,0,0,0,1,2,2,5,0,0,3,1,1,0,0,0,0,0,0,0,0,0,0,0,0,0,0,1,2,2,1,2,2,0,0,0,0,3,1,0,1,1,2,0,0,0,0,0,0,0,5,0,0.048,,,,0.016,0.032,,,,,,,,,,,,,,,,,,,,,,,,,,,,,0,2.0,0.036,93.9,12.0
239,High,RPath,923,4.0,3.0,0.017,12.0,0.068,0.03321339606974813,2.0,0.017,361.3,75,4,4,8.0,sidewalks,308.772,HMAC,1,2,2,1,2,2,1,0,0,0,0,0,1,2,2,1,0,0,0,0,0,0,0,0,0,5,0,0,0,0,0,0,0,0,1,2,0,0,0,0,0,0,0,0,1,0,0,0,1,1,1,2,2,5,5,0,3,1,0,0,0,0,0,0,1,0,0,0,0,0,0,0,0,1,2,0,1,2,2,0,0,0,0,3,1,1,1,0,0,0,1,2,0,1,2,2,5,0,0.054,,,,0.05,0.004,,,,,,,,,,,,,,,,,,,,,,,,,,,,,0,2.0,0.017,361.3,12.0
240,High,RPath,953,4.0,3.0,0.066,12.0,0.264,0.16216216216216217,2.0,0.066,74.0,80,4,4,8.0,sidewalks,74.036,CON,1,2,0,0,0,0,0,0,0,1,2,0,1,0,0,1,2,2,0,0,0,0,0,0,5,0,0,0,1,2,2,0,0,0,1,0,0,0,0,0,0,0,0,0,1,2,2,0,1,1,1,2,2,0,5,0,3,1,1,2,0,1,0,0,1,2,2,0,0,0,1,2,0,1,2,0,1,2,0,1,0,0,0,0,1,1,1,1,2,0,1,2,0,1,2,0,5,0,0.264,,,,0.264,,,,,,,,,,,,,,,,,,,,,,,,,,,,,,0,2.0,0.066,74.0,12.0
241,High,RPath,955,4.0,3.0,0.03,12.0,0.12,0.16194331983805668,2.0,0.03,74.1,81,4,4,8.0,sidewalks,73.895,CON,1,2,2,0,0,0,0,0,0,1,2,2,0,0,0,1,2,0,0,0,0,0,0,0,5,0,0,0,1,2,2,0,0,0,0,0,0,0,0,0,0,0,0,0,1,2,0,0,1,1,1,2,2,0,0,0,3,1,1,2,0,0,0,0,1,2,2,0,0,0,1,2,2,1,2,0,1,2,2,1,0,0,5,0,1,1,1,1,2,0,1,2,0,1,2,0,5,0,0.101,,,,0.081,,,,,,,,,,,,,0.02,,,,,,,,,,,,,,,,,0,2.0,0.03,74.1,12.0
242,High,RPath,957,4.0,3.0,0.059,12.0,0.236,0.1566579634464752,2.0,0.059,76.6,76,4,4,8.0,sidewalks,73.824,CON,1,2,0,0,0,0,0,0,0,1,2,0,0,0,0,1,2,0,0,0,0,0,0,0,5,0,0,0,1,2,2,1,0,0,0,0,0,0,0,0,1,0,0,0,1,2,2,0,1,1,1,2,2,0,5,0,3,1,1,2,0,0,0,0,1,2,2,0,0,0,1,2,0,1,2,0,1,2,0,0,0,0,0,0,1,1,1,1,2,0,1,2,0,1,2,0,5,0,0.215,,,,0.196,,,,,,,,,,,,,0.02,,,,,,,,,,,,,,,,,0,2.0,0.059,76.6,12.0
243,High,RPath,958,4.0,3.0,0.063,12.0,0.252,0.15544041450777202,2.0,0.063,77.2,83,5,4,8.0,sidewalks,73.423,CON,1,2,2,0,0,0,0,0,0,1,2,2,0,0,0,1,2,0,0,0,0,0,0,0,5,0,0,0,1,2,2,1,0,0,0,0,0,0,0,0,0,0,0,0,1,2,0,0,1,0,1,2,2,0,0,0,3,1,1,2,2,0,0,0,1,2,0,0,0,0,1,2,2,1,2,0,1,2,2,1,0,0,5,0,1,1,1,1,2,2,1,2,0,1,2,0,5,0,0.214,,,,0.155,,,,,,,,,0.019,,,,0.039,,,,,,,,,,,,,,,,,0,2.0,0.063,77.2,12.0
244,High,RPath,963,4.0,3.0,0.096,12.0,0.384,0.16216216216216217,2.0,0.096,74.0,71,4,4,8.0,sidewalks,73.961,CON,1,2,0,0,0,0,0,0,0,1,2,0,0,0,0,1,2,0,0,0,0,0,0,0,5,0,0,0,1,2,2,0,0,0,0,0,0,0,0,0,0,0,0,0,1,2,0,0,1,1,1,2,2,0,0,0,3,1,1,0,0,1,0,0,1,2,0,0,0,0,1,2,2,1,2,2,1,2,2,1,2,0,0,0,1,1,1,1,2,0,1,2,0,1,0,0,5,0,0.385,,,,0.385,,,,,,,,,,,,,,,,,,,,,,,,,,,,,,1,2.0,0.096,74.0,22.0
245,High,RPath,971,4.0,3.0,0.037,12.0,0.148,0.293398533007335,2.0,0.037,40.9,80,4,4,8.0,sidewalks,34.18,CON,1,2,2,0,0,0,0,0,0,1,2,0,1,0,0,1,0,0,0,0,0,0,0,0,5,0,0,0,1,2,2,0,0,0,1,0,0,0,0,0,0,0,0,0,1,2,2,0,1,1,1,2,2,0,5,0,3,0,1,2,0,0,0,0,1,2,0,0,0,0,1,2,0,1,2,0,1,2,2,1,0,0,0,0,1,1,1,1,2,0,1,2,2,1,2,2,5,0,0.073,,,,,,,,,,,,,,,,,0.073,,,,,,,,,,,,,,,,,0,2.0,0.037,40.9,12.0
246,High,RPath,991,4.0,3.0,0.014,12.0,0.056,0.05752636625119847,2.0,0.014,208.6,70,4,4,8.0,sidewalks,208.602,HMAC,1,2,0,1,2,0,0,0,0,0,0,0,1,2,2,1,2,0,0,0,0,0,0,0,0,5,0,2,0,0,0,0,0,0,1,2,2,0,0,0,0,0,0,5,1,2,0,0,1,0,1,2,0,0,0,0,3,1,0,0,0,0,0,0,0,0,0,0,0,0,0,0,0,1,2,0,1,2,2,0,0,0,5,3,1,0,0,1,2,0,0,0,0,1,2,0,5,0,0.058,,,,0.05,,,0.007,,,,,,,,,,,,,,,,,,,,,,,,,,,0,2.0,0.014,208.6,12.0
247,High,RPath,993,4.0,3.0,0.015,12.0,0.06,0.05870841487279843,2.0,0.015,204.4,69,4,4,8.0,sidewalks,204.37,HMAC,1,2,0,1,2,2,0,0,0,0,0,0,1,2,2,1,2,0,0,0,0,0,0,0,0,5,0,2,0,0,0,1,0,0,1,2,2,0,0,0,0,0,0,5,1,0,0,0,1,0,1,2,0,0,0,0,3,1,0,0,0,0,0,0,0,0,0,0,0,0,0,0,0,1,2,2,1,2,2,0,0,0,5,3,1,0,0,1,0,0,0,0,0,1,0,0,5,0,0.037,,,,0.029,0.007,,,,,,,,,,,,,,,,,,,,,,,,,,,,,0,2.0,0.015,204.4,12.0
248,High,RPath,994,4.0,3.0,0.048,12.0,0.192,0.11822660098522167,2.0,0.048,101.5,78,4,4,8.0,sidewalks,101.531,HMAC,1,2,2,1,2,2,0,0,0,0,0,0,1,2,2,1,2,0,0,0,0,0,0,0,0,5,0,2,0,0,0,1,0,0,1,2,2,0,0,0,0,0,0,5,1,0,0,0,1,1,1,2,2,5,5,0,0,1,0,0,0,0,0,0,0,0,0,0,0,0,0,0,0,1,2,0,1,2,2,0,0,0,5,0,1,0,0,1,2,0,0,0,0,1,0,0,5,0,0.133,,,,0.074,,,,,,,,,,,,,0.059,,,,,,,,,,,,,,,,,1,2.0,0.048,101.5,22.0
249,High,RPath,1011,4.0,3.0,0.058,12.0,0.232,0.07772020725388601,2.0,0.058,154.4,69,4,4,8.0,sidewalks,154.376,HMAC,1,2,2,1,0,0,0,0,0,1,0,0,1,2,0,0,0,0,0,0,0,0,0,0,0,5,0,2,1,2,2,1,2,0,1,2,0,0,0,0,1,0,0,5,1,0,0,0,1,1,1,2,2,0,0,0,0,1,1,0,0,0,0,0,1,2,0,0,0,0,1,2,0,1,0,0,1,2,0,0,0,0,0,3,1,0,1,1,2,0,1,0,0,1,0,0,5,0,0.233,,,,0.233,,,,,,,,,,,,,,,,,,,,,,,,,,,,,,0,2.0,0.058,154.4,12.0
250,High,RPath,1066,4.0,3.0,0.052,12.0,0.208,0.10434782608695652,2.0,0.052,115.0,67,4,4,8.0,sidewalks,115.357,HMAC,1,2,0,1,0,0,1,0,0,0,0,0,1,2,0,1,2,0,0,0,0,0,0,0,0,0,0,2,0,0,0,0,0,0,1,2,2,0,0,0,0,0,0,0,1,0,0,0,0,0,1,2,2,5,5,4,3,1,0,0,0,0,0,0,0,0,0,0,0,0,0,0,0,1,2,0,1,2,2,0,0,0,5,3,1,1,1,0,0,0,0,0,0,1,0,0,5,0,0.091,,,,0.052,0.039,,,,,,,,,,,,,,,,,,,,,,,,,,,,,1,2.0,0.052,115.0,22.0
251,High,RPath,1076,4.0,3.0,0.028,12.0,0.112,0.3007518796992481,2.0,0.028,39.9,78,4,4,8.0,sidewalks,38.136,CON,1,2,0,1,2,0,1,2,0,1,0,0,1,2,2,0,0,0,0,0,0,1,2,2,0,5,0,2,0,0,0,0,0,0,1,0,0,0,0,0,0,0,0,5,1,0,0,0,1,1,1,2,2,5,0,0,3,1,0,0,0,0,0,0,1,0,0,1,2,0,1,2,0,1,0,0,1,2,2,0,0,0,5,3,1,0,1,0,0,0,0,0,0,0,0,0,5,0,0.113,,,,0.113,,,,,,,,,,,,,,,,,,,,,,,,,,,,,,1,2.0,0.028,39.9,22.0
252,High,RPath,1077,4.0,3.0,0.032,12.0,0.128,0.11225444340505145,2.0,0.032,106.9,73,4,4,8.0,sidewalks,106.428,CON,1,2,0,0,0,0,0,0,0,1,0,0,1,2,2,1,2,0,0,0,0,1,2,2,5,5,0,2,0,0,0,1,0,0,1,2,0,0,0,0,1,2,0,5,1,2,0,0,1,1,1,2,2,0,0,0,3,1,1,2,0,0,0,0,0,0,0,0,0,0,0,0,0,1,0,0,1,2,0,0,0,0,0,3,1,0,1,1,0,0,0,0,0,0,0,0,5,0,0.112,,,,0.098,,,,,,,,,,,,,0.014,,,,,,,,,,,,,,,,,0,2.0,0.032,106.9,12.0
253,High,RPath,1082,4.0,3.0,0.045,12.0,0.18,0.1431980906921241,2.0,0.045,83.8,76,4,4,8.0,sidewalks,79.379,CON,1,2,0,1,2,0,0,0,0,0,0,0,1,2,2,0,0,0,0,0,0,0,0,0,0,5,0,2,1,0,0,1,2,0,1,2,0,0,0,0,0,0,0,5,1,0,0,0,0,0,1,2,0,5,0,0,3,1,0,0,0,0,0,0,1,2,0,1,0,0,1,2,0,1,2,0,1,2,2,0,0,0,5,3,1,0,1,1,2,0,0,0,0,0,0,0,5,0,0.107,,,,0.072,0.018,,,,,,,,,,0.018,,,,,,,,,,,,,,,,,,,0,2.0,0.045,83.8,12.0
254,High,RPath,1086,4.0,3.0,0.014,12.0,0.056,0.03558718861209965,2.0,0.014,337.2,83,5,4,8.0,sidewalks,335.682,CON,1,2,2,1,0,0,1,0,0,1,2,2,1,2,2,1,0,0,0,0,0,1,0,0,5,0,0,2,0,0,0,0,0,0,1,2,2,0,0,0,0,0,0,5,1,2,2,0,0,0,1,2,2,5,5,4,0,1,0,0,0,0,0,0,1,2,2,1,0,0,1,0,0,1,2,0,1,2,0,0,0,0,0,3,1,0,0,0,0,0,0,0,0,0,0,0,5,0,0.049,,,,0.04,,,,,,,,,,,,,0.009,,,,,,,,,,,,,,,,,3,2.0,0.014,337.2,42.0
255,High,RPath,1088,4.0,3.0,0.033,12.0,0.132,0.11846001974333663,2.0,0.033,101.3,70,4,4,8.0,sidewalks,97.313,CON,1,2,0,1,0,0,1,0,0,1,2,2,1,2,2,0,0,0,0,0,0,1,0,0,0,5,0,2,0,0,0,0,0,0,1,2,2,0,0,0,0,0,0,5,1,2,0,0,0,0,1,2,2,0,0,0,0,1,0,0,0,0,0,0,1,2,0,1,0,0,1,2,2,1,0,0,1,2,0,0,0,0,5,3,1,0,1,0,0,0,0,0,0,0,0,0,5,0,0.044,,,,0.015,0.03,,,,,,,,,,,,,,,,,,,,,,,,,,,,,0,2.0,0.033,101.3,12.0
256,High,RPath,1089,4.0,3.0,0.011,12.0,0.044,0.11964107676969093,2.0,0.011,100.3,68,4,4,8.0,sidewalks,101.791,CON,1,2,2,1,0,0,1,0,0,1,2,2,1,2,2,0,0,0,0,0,0,1,2,0,0,5,0,2,0,0,0,0,0,0,1,2,0,0,0,0,0,0,0,5,1,0,0,0,0,0,1,2,0,0,0,0,0,1,0,0,0,0,0,0,1,2,0,1,2,0,1,2,0,1,0,0,1,2,0,0,0,0,5,3,1,0,1,0,0,0,0,0,0,0,0,0,5,0,0.045,,,,0.045,,,,,,,,,,,,,,,,,,,,,,,,,,,,,,0,2.0,0.011,100.3,12.0
257,High,RPath,1106,4.0,3.0,0.065,12.0,0.26,0.030880082346886256,2.0,0.065,388.6,69,4,4,8.0,sidewalks,275.079,CON,1,2,2,1,2,0,0,0,0,0,0,0,0,0,0,1,2,2,0,0,0,0,0,0,5,5,0,0,0,0,0,0,0,0,1,2,2,0,0,0,0,0,0,0,1,2,2,0,1,1,1,2,2,5,5,0,0,1,0,0,0,0,0,0,1,2,2,0,0,0,0,0,0,1,0,0,1,0,0,0,0,0,0,3,1,1,1,0,0,0,0,0,0,0,0,0,5,0,0.073,,,,0.012,0.062,,,,,,,,,,,,,,,,,,,,,,,,,,,,,2,2.0,0.065,388.6,32.0
258,High,RPath,1139,4.0,3.0,0.039,12.0,0.156,0.0322754168908015,2.0,0.039,371.8,84,5,4,8.0,sidewalks,373.855,CON,1,2,2,1,2,0,1,2,0,0,0,0,1,2,2,1,2,2,0,0,0,0,0,0,0,5,0,0,0,0,0,0,0,0,1,2,2,0,0,0,0,0,0,0,1,2,2,0,0,0,1,2,2,5,5,4,3,1,0,0,0,0,0,0,0,0,0,0,0,0,1,2,0,1,2,2,1,2,0,0,0,0,5,3,1,0,0,0,0,0,0,0,0,0,0,0,5,0,0.069,0.004,,,0.036,0.024,,,,,,,,,,,,0.004,,,,,,,,,,,,,,,,,0,2.0,0.039,371.8,12.0
259,High,RPath,1140,4.0,3.0,0.03,12.0,0.12,0.06027122049221497,2.0,0.03,199.1,73,4,4,8.0,sidewalks,196.943,CON,1,2,0,1,2,0,1,2,0,0,0,0,1,2,0,1,2,2,0,0,0,0,0,0,0,0,0,2,0,0,0,0,0,0,1,2,2,0,0,0,0,0,0,0,1,2,2,0,0,0,1,2,2,5,5,4,0,1,0,0,0,0,0,0,0,0,0,0,0,0,1,2,0,1,2,2,1,2,0,0,0,0,5,3,0,0,0,0,0,0,0,0,0,0,0,0,5,0,0.09,,,,0.038,,,,,,,,,0.023,,0.008,,0.023,,,,,,,,,,,,,,,,,0,2.0,0.03,199.1,12.0
260,High,RPath,1143,4.0,3.0,0.028,12.0,0.112,0.3,2.0,0.028,40.0,71,4,4,8.0,sidewalks,36.77,CON,1,2,2,1,2,0,1,2,0,1,2,0,1,2,0,0,0,0,0,0,0,0,0,0,5,0,0,2,0,0,0,0,0,0,1,2,2,0,0,0,0,0,0,5,1,2,0,0,0,0,1,2,2,0,5,0,0,1,0,0,0,0,0,0,1,0,0,0,0,0,1,2,0,0,0,0,1,2,2,0,0,0,5,3,0,0,1,0,0,0,0,0,0,0,0,0,5,0,0.075,,,,0.038,,,,,,,,,,,,,0.038,,,,,,,,,,,,,,,,,0,2.0,0.028,40.0,12.0
261,High,RPath,1145,4.0,3.0,0.055,12.0,0.22,0.11811023622047245,2.0,0.055,101.6,77,4,4,8.0,sidewalks,99.708,CON,1,2,2,1,2,0,1,2,0,1,2,0,1,2,2,0,0,0,0,0,0,1,0,0,5,0,0,2,0,0,0,0,0,0,1,2,2,0,0,0,0,0,0,5,1,2,0,0,0,0,1,2,2,0,5,0,0,1,0,0,0,0,0,0,1,0,0,1,0,0,1,2,2,0,0,0,1,2,2,0,0,0,5,3,0,0,1,0,0,0,0,0,0,0,0,0,5,0,0.089,,,,0.044,0.044,,,,,,,,,,,,,,,,,,,,,,,,,,,,,0,2.0,0.055,101.6,12.0
262,High,RPath,1159,4.0,3.0,0.027,12.0,0.108,0.06100660904931368,2.0,0.027,196.7,80,4,4,8.0,sidewalks,190.047,CON,1,2,0,1,0,0,0,0,0,1,0,0,1,0,0,1,0,0,0,0,0,1,0,0,5,0,0,0,1,2,2,1,2,2,1,2,2,0,0,0,1,2,2,0,1,2,2,0,1,1,1,2,2,5,5,0,3,0,1,2,0,1,0,0,1,2,0,0,0,0,1,0,0,1,0,0,1,0,0,0,0,0,0,3,1,1,1,1,0,0,0,0,0,0,0,0,5,0,0.084,,,,0.061,,,,,,,,,,,,,0.023,,,,,,,,,,,,,,,,,5,2.0,0.027,196.7,42.0
263,High,RPath,1170,4.0,3.0,0.04,12.0,0.16,0.025510204081632654,2.0,0.04,470.4,68,4,4,8.0,sidewalks,232.1,HMAC,1,2,0,1,2,0,1,2,0,1,0,0,1,2,0,1,0,0,0,0,0,0,0,0,0,0,0,2,0,0,0,1,2,0,1,2,0,0,0,0,0,0,0,5,1,2,2,0,1,1,1,2,2,5,0,0,3,1,0,0,0,0,0,0,1,2,0,0,0,0,0,0,0,1,0,0,1,2,0,0,0,0,5,3,0,0,0,0,0,0,0,0,0,0,0,0,5,0,0.045,,,0.006,,,,,0.026,,,,,,,,0.003,0.01,,,,,,,,,,,,,,,,,0,2.0,0.04,470.4,12.0
264,High,RPath,1171,4.0,3.0,0.017,12.0,0.068,0.01909307875894988,2.0,0.017,628.5,81,4,4,8.0,sidewalks,314.447,HMAC,1,2,2,1,2,2,1,2,2,1,0,0,1,2,2,1,2,2,0,0,0,0,0,0,0,5,0,2,0,0,0,1,2,0,1,2,2,0,0,0,0,0,0,5,1,0,0,0,0,0,1,2,2,0,5,0,0,1,0,0,0,0,0,0,1,2,0,0,0,0,0,0,0,1,2,0,1,2,0,0,0,0,5,3,1,0,0,0,0,0,0,0,0,0,0,0,5,0,0.024,,,0.002,,,,,,,,,,,,,0.005,0.014,0.002,,,,,,,,,,,,,,,,1,2.0,0.017,628.5,22.0
265,High,RPath,1172,4.0,3.0,0.014,12.0,0.056,0.07348438456827923,2.0,0.014,163.3,83,5,4,8.0,sidewalks,76.973,CON,1,2,2,1,2,2,1,2,0,1,2,0,1,2,2,0,0,0,0,0,0,1,2,0,0,0,0,2,1,0,0,0,0,0,1,2,0,0,0,0,1,2,0,5,1,2,0,0,1,0,1,2,0,5,0,0,3,1,1,0,0,0,0,0,1,0,0,1,0,0,0,0,0,1,2,0,1,2,2,0,0,0,5,3,1,0,1,1,2,0,0,0,0,0,0,0,5,0,0.055,,,,,,,,,,,,,0.055,,,,,,,,,,,,,,,,,,,,,0,2.0,0.014,163.3,12.0
266,High,RPath,1174,4.0,3.0,0.013,12.0,0.052,0.14201183431952663,2.0,0.013,84.5,75,4,4,8.0,sidewalks,84.87,CON,1,2,0,1,2,0,1,2,0,1,0,0,1,2,2,0,0,0,0,0,0,1,2,2,0,0,0,2,0,0,0,0,0,0,1,0,0,0,0,0,0,0,0,5,1,0,0,0,1,1,1,2,2,5,0,0,3,1,0,0,0,0,0,0,1,2,0,1,2,0,1,2,0,1,0,0,1,2,2,0,0,0,5,3,1,0,1,0,0,0,0,0,0,0,0,0,5,0,0.053,,,,0.053,,,,,,,,,,,,,,,,,,,,,,,,,,,,,,1,2.0,0.013,84.5,22.0
267,High,RPath,1175,4.0,3.0,0.036,12.0,0.144,0.08856088560885608,2.0,0.036,135.5,83,5,4,8.0,sidewalks,135.287,CON,1,2,0,1,2,0,1,2,0,1,0,0,1,2,2,0,0,0,0,0,0,1,2,2,0,5,0,2,0,0,0,0,0,0,1,2,0,0,0,0,0,0,0,5,0,0,0,0,1,1,1,2,2,5,0,0,3,1,0,0,0,0,0,0,1,0,0,1,2,2,1,2,2,1,0,0,1,2,2,0,0,0,5,3,1,0,1,0,0,0,0,0,0,0,0,0,5,0,0.055,,,,0.011,0.022,,,,,,,,,,,,0.022,,,,,,,,,,,,,,,,,1,2.0,0.036,135.5,22.0
268,High,RPath,1176,4.0,3.0,0.036,12.0,0.144,0.08765522279035792,2.0,0.036,136.9,79,4,4,8.0,sidewalks,135.618,CON,1,2,0,1,2,0,1,2,0,1,0,0,1,2,2,0,0,0,0,0,0,1,2,2,0,5,0,2,0,0,0,0,0,0,1,2,0,0,0,0,0,0,0,5,0,0,0,0,1,1,1,2,2,5,0,0,3,1,0,0,0,0,0,0,1,0,0,1,2,0,1,2,0,1,0,0,1,2,2,0,0,0,5,3,1,0,1,0,0,0,0,0,0,0,0,0,5,0,0.044,0.033,,,0.011,,,,,,,,,,,,,,,,,,,,,,,,,,,,,,1,2.0,0.036,136.9,22.0
269,High,RPath,1179,4.0,3.0,0.027,12.0,0.108,0.14510278113663844,2.0,0.027,82.7,74,4,4,8.0,sidewalks,83.169,CON,1,2,0,0,0,0,0,0,0,1,0,0,1,2,2,0,0,0,0,0,0,1,2,0,0,0,0,2,0,0,0,0,0,0,1,2,2,0,0,0,0,0,0,5,0,0,0,0,1,1,1,2,2,5,0,4,3,1,0,0,0,0,0,0,1,2,0,1,2,0,1,2,0,1,2,0,1,2,2,0,0,0,5,3,0,0,0,0,0,0,0,0,0,0,0,0,5,0,0.054,,,,0.036,,,,,,,,,,,,,,0.018,,,,,,,,,,,,,,,,2,2.0,0.027,82.7,32.0
270,High,RPath,1181,4.0,3.0,0.013,12.0,0.052,0.050335570469798654,2.0,0.013,238.4,85,5,4,8.0,sidewalks,236.963,CON,1,2,0,1,0,0,0,0,0,1,2,0,1,2,2,0,0,0,0,0,0,1,2,0,0,5,0,2,0,0,0,0,0,0,1,2,2,0,0,0,0,0,0,5,1,0,0,0,1,1,1,2,2,5,0,4,3,1,0,0,0,0,0,0,1,2,2,1,2,0,1,2,0,1,2,2,1,2,0,0,0,0,5,3,0,0,0,0,0,0,0,0,0,0,0,0,5,0,0.025,,,0.006,0.013,,,,,,,,,,,,,0.006,,,,,,,,,,,,,,,,,2,2.0,0.013,238.4,32.0
271,High,RPath,1184,4.0,3.0,0.088,12.0,0.352,0.5607476635514019,2.0,0.088,21.4,69,4,4,8.0,sidewalks,19.626,CON,1,2,0,1,2,0,1,2,0,0,0,0,1,2,2,0,0,0,0,0,0,1,2,2,0,5,0,2,0,0,0,0,0,0,1,0,0,0,0,0,1,0,0,5,1,0,0,0,1,1,1,2,2,0,0,0,3,1,1,0,0,0,0,0,1,0,0,1,2,0,1,2,0,1,0,0,1,2,2,0,0,0,0,3,1,0,1,0,0,0,0,0,0,0,0,0,5,0,0.351,,,,0.351,,,,,,,,,,,,,,,,,,,,,,,,,,,,,,0,2.0,0.088,21.4,12.0
272,High,RPath,1186,4.0,3.0,0.042,12.0,0.168,0.021965952773201538,2.0,0.042,546.3,67,4,4,8.0,sidewalks,527.046,CON,1,2,2,0,0,0,0,0,0,0,0,0,1,2,0,0,0,0,0,0,0,0,0,0,0,5,0,0,0,0,0,1,2,2,1,2,0,1,2,2,1,2,2,0,1,2,0,0,0,0,1,2,2,5,5,4,0,0,1,0,0,0,0,0,0,0,0,0,0,0,0,0,0,1,2,0,1,0,0,0,0,0,0,0,1,1,1,1,0,0,0,0,0,0,0,0,5,0,0.044,,,,0.003,0.041,,,,,,,,,,,,,,,,,,,,,,,,,,,,,1,2.0,0.042,546.3,22.0
273,High,RPath,1195,4.0,3.0,0.046,12.0,0.184,0.24590163934426232,2.0,0.046,48.8,74,4,4,8.0,sidewalks,45.516,HMAC,1,2,2,1,0,0,1,0,0,0,0,0,1,0,0,1,2,2,0,0,0,0,0,0,5,5,0,2,0,0,0,1,2,2,1,2,2,0,0,0,0,0,0,5,1,2,2,0,1,0,1,2,2,5,5,0,0,1,0,0,0,0,0,0,0,0,0,0,0,0,0,0,0,1,2,0,0,0,0,0,0,0,0,3,1,0,0,0,0,0,0,0,0,0,0,0,5,0,0.154,,,,0.123,,,,,,,,,,,,,0.031,,,,,,,,,,,,,,,,,0,2.0,0.046,48.8,12.0
274,High,RPath,1205,4.0,3.0,0.085,12.0,0.34,0.13029315960912052,2.0,0.085,92.1,79,4,4,8.0,sidewalks,92.325,CON,1,2,0,0,0,0,0,0,0,1,2,2,0,0,0,1,2,0,0,0,0,0,0,0,5,0,0,0,1,2,2,0,0,0,0,0,0,0,0,0,0,0,0,0,1,2,0,0,1,0,1,2,2,0,0,0,0,1,1,2,0,0,0,0,1,2,2,0,0,0,1,2,2,1,2,0,1,2,2,1,2,0,5,0,1,1,1,1,2,0,1,2,2,1,2,0,5,0,0.244,,,,0.147,,,,,,,,,,,,,0.098,,,,,,,,,,,,,,,,,0,2.0,0.085,92.1,12.0
275,High,RPath,1206,4.0,3.0,0.051,12.0,0.204,0.16216216216216217,2.0,0.051,74.0,82,4,4,8.0,sidewalks,73.991,CON,1,2,2,0,0,0,0,0,0,1,2,2,0,0,0,1,2,0,0,0,0,0,0,0,5,0,0,0,1,2,2,0,0,0,0,0,0,0,0,0,0,0,0,0,1,2,0,0,1,0,1,2,2,0,0,0,3,1,1,2,0,0,0,0,1,2,2,0,0,0,1,2,2,1,2,0,1,2,2,1,0,0,5,0,1,1,1,1,2,2,1,2,0,1,2,0,5,0,0.122,,,,0.041,,,,,,,,,,,,,0.081,,,,,,,,,,,,,,,,,0,2.0,0.051,74.0,12.0
276,High,RPath,1237,4.0,3.0,0.024,12.0,0.096,0.06924408540103866,2.0,0.024,173.3,81,4,4,8.0,sidewalks,173.316,CON,1,2,2,0,0,0,0,0,0,1,0,0,1,2,2,1,2,2,0,0,0,1,2,2,0,5,0,0,0,0,0,1,0,0,1,2,2,0,0,0,1,2,0,5,1,2,0,0,1,1,1,2,2,5,5,0,3,0,1,2,0,1,0,0,0,0,0,1,0,0,0,0,0,1,2,0,1,2,0,0,0,0,0,0,1,0,1,0,0,0,0,0,0,0,0,0,5,0,0.087,,,,0.078,,,,,,,,,,,,,0.009,,,,,,,,,,,,,,,,,1,2.0,0.024,173.3,22.0
277,High,RPath,1238,4.0,3.0,0.015,12.0,0.06,0.06868918145392101,2.0,0.015,174.7,80,4,4,8.0,sidewalks,93.448,CON,1,2,2,0,0,0,0,0,0,0,0,0,1,2,2,1,2,2,0,0,0,1,2,2,0,5,0,0,0,0,0,1,0,0,1,2,2,0,0,0,1,2,0,5,1,0,0,0,1,1,1,2,2,5,5,0,3,0,1,0,0,1,0,0,0,0,0,1,0,0,0,0,0,1,2,2,1,2,2,0,0,0,0,0,1,0,1,0,0,0,0,0,0,0,0,0,5,0,0.034,,,,0.026,0.009,,,,,,,,,,,,,,,,,,,,,,,,,,,,,1,2.0,0.015,174.7,22.0
278,High,RPath,1242,4.0,3.0,0.022,12.0,0.088,0.1762114537444934,2.0,0.022,68.1,67,4,4,8.0,sidewalks,68.139,CON,1,2,0,0,0,0,0,0,0,0,0,0,1,2,0,1,0,0,0,0,0,0,0,0,5,0,3,0,1,2,2,0,0,0,0,0,0,0,0,0,0,0,0,0,1,2,2,0,1,0,1,2,0,0,5,0,0,1,1,0,0,1,0,0,1,2,2,0,0,0,1,0,0,1,2,0,1,2,2,1,2,0,0,0,1,1,1,1,2,0,1,0,0,1,0,0,5,0,0.088,,,,0.088,,,,,,,,,,,,,,,,,,,,,,,,,,,,,,0,2.0,0.022,68.1,12.0
279,High,RPath,1258,4.0,3.0,0.093,12.0,0.372,0.1188118811881188,2.0,0.093,101.0,68,4,4,8.0,sidewalks,98.781,HMAC,1,2,2,1,2,2,1,2,0,1,0,0,1,2,2,0,0,0,0,0,0,1,0,0,0,5,0,2,1,2,0,0,0,0,1,2,0,0,0,0,0,0,0,5,1,2,0,0,0,0,1,2,0,0,0,0,0,1,0,0,0,0,0,0,1,2,2,0,0,0,0,0,0,1,0,0,1,2,0,0,0,0,5,3,1,0,0,0,0,0,0,0,0,0,0,0,5,0,0.371,,,,0.371,,,,,,,,,,,,,,,,,,,,,,,,,,,,,,0,2.0,0.093,101.0,12.0
280,High,RPath,1259,4.0,3.0,0.053,12.0,0.212,0.03888528839922229,2.0,0.053,308.6,82,4,4,8.0,sidewalks,150.132,HMAC,1,2,2,1,2,2,1,2,2,1,2,0,1,2,2,0,0,0,0,0,0,1,2,0,0,0,0,2,1,0,0,0,0,0,1,2,0,0,0,0,1,0,0,5,1,2,0,0,1,0,1,2,0,5,0,0,0,1,1,0,0,0,0,0,1,2,0,1,0,0,1,0,0,1,2,0,1,2,2,0,0,0,5,3,1,0,0,1,2,0,0,0,0,0,0,0,5,0,0.083,,,0.005,0.029,0.029,,,,,,,,,,,0.005,0.015,,,,,,,,,,,,,,,,,0,2.0,0.053,308.6,12.0
281,High,RPath,1260,4.0,3.0,0.028,12.0,0.112,0.036122817579771226,2.0,0.028,332.2,78,4,4,8.0,sidewalks,279.235,HMAC,1,2,2,1,2,2,1,0,0,0,0,0,1,0,0,1,0,0,0,0,0,0,0,0,5,5,0,2,0,0,0,0,0,0,1,2,2,0,0,0,0,0,0,0,1,2,2,0,1,1,1,2,2,5,5,0,0,1,0,0,0,0,0,0,0,0,0,0,0,0,0,0,0,0,0,0,1,2,0,0,0,0,5,3,1,1,1,0,0,0,1,2,0,1,2,0,5,0,0.059,,,,0.032,0.014,,,,,,,,,,,,0.014,,,,,,,,,,,,,,,,,0,2.0,0.028,332.2,12.0
282,High,RPath,1267,4.0,3.0,0.032,12.0,0.128,0.019831432821021316,2.0,0.032,605.1,68,4,4,8.0,sidewalks,599.508,CON,1,2,2,1,2,0,1,2,0,1,2,2,1,2,2,0,0,0,0,0,0,0,0,0,0,5,0,2,0,0,0,0,0,0,1,2,2,0,0,0,0,0,0,0,1,2,2,0,1,1,1,2,2,0,5,0,3,1,0,0,0,0,0,0,0,0,0,0,0,0,0,0,0,1,2,2,1,0,0,0,0,0,0,0,1,1,1,0,0,0,0,0,0,0,0,0,5,0,0.032,,,,,0.025,,,,,,,,,,,0.007,,,,,,,,,,,,,,,,,,0,2.0,0.032,605.1,12.0
283,High,RPath,1327,4.0,3.0,0.086,12.0,0.344,0.06085192697768763,2.0,0.086,197.2,75,4,4,8.0,sidewalks,192.563,CON,1,2,2,1,0,0,0,0,0,1,2,0,1,0,0,0,0,0,0,0,0,0,0,0,5,0,0,0,1,2,2,1,2,2,1,2,2,0,0,0,1,2,2,0,1,2,2,0,1,1,1,2,2,0,5,0,3,1,1,0,0,0,0,0,1,2,0,0,0,0,1,0,0,1,0,0,1,0,0,0,0,0,0,0,1,1,1,1,2,0,1,0,0,0,0,0,5,0,0.205,,,0.015,0.129,,,,,,,,,,,0.015,,0.03,0.015,,,,,,,,,,,,,,,,3,2.0,0.086,197.2,42.0
284,High,RPath,1334,4.0,3.0,0.036,12.0,0.144,0.1444043321299639,2.0,0.036,83.1,71,4,4,8.0,sidewalks,76.93,CON,1,2,0,1,2,0,0,0,0,0,0,0,1,0,0,1,2,0,0,0,0,0,0,0,5,0,0,2,0,0,0,0,0,0,1,2,2,0,0,0,0,0,0,5,1,2,2,0,0,0,1,2,2,5,5,0,3,1,0,0,0,0,0,0,0,0,0,0,0,0,1,2,0,1,0,0,1,0,0,0,0,0,5,3,1,0,0,1,0,0,0,0,0,0,0,0,5,0,0.036,,,,,0.036,,,,,,,,,,,,,,,,,,,,,,,,,,,,,1,2.0,0.036,83.1,22.0
285,High,RPath,1339,4.0,3.0,0.08,12.0,0.32,0.1606425702811245,2.0,0.08,74.7,79,4,4,8.0,sidewalks,74.373,PB,1,2,0,1,0,0,0,0,0,0,0,0,1,2,2,1,2,2,0,0,0,0,0,0,5,5,0,0,0,0,0,1,2,2,1,2,2,0,0,0,0,0,0,0,1,0,0,0,0,0,1,0,0,5,5,4,0,1,0,0,0,1,2,0,1,2,0,1,0,0,1,0,0,1,2,0,1,0,0,0,0,0,5,3,1,1,1,0,0,0,0,0,0,0,0,0,5,0,0.08,,,,,0.06,,,,,,,,,,,0.02,,,,,,,,,,,,,,,,,,0,2.0,0.08,74.7,12.0
286,High,RPath,1344,4.0,3.0,0.064,12.0,0.256,0.030045067601402103,2.0,0.064,399.4,69,4,4,8.0,sidewalks,200.699,CON,1,2,2,1,2,0,1,2,0,1,2,0,1,2,0,0,0,0,0,0,0,0,0,0,0,0,0,2,0,0,0,0,0,0,1,2,2,0,0,0,0,0,0,5,1,2,0,0,0,0,1,2,2,0,5,0,3,1,0,0,0,0,0,0,1,0,0,0,0,0,1,2,0,0,0,0,1,2,2,0,0,0,5,3,0,0,1,0,0,0,0,0,0,0,0,0,5,0,0.09,,,,0.03,0.049,,,,,,,,,,,0.004,0.008,,,,,,,,,,,,,,,,,0,2.0,0.064,399.4,12.0
287,High,RPath,586,4.0,3.0,0.027,12.0,0.108,0.14423076923076922,2.0,0.027,83.2,68,4,4,8.0,sidewalks,43.002,CON,1,2,2,1,2,0,1,0,0,0,0,0,1,2,0,1,2,0,0,0,0,0,0,0,5,0,0,2,0,0,0,1,2,2,1,2,2,0,0,0,0,0,0,5,1,2,2,0,1,0,1,2,2,0,5,0,3,0,0,0,0,0,0,0,1,0,0,0,0,0,0,0,0,1,0,0,1,0,0,0,0,0,0,3,1,0,0,0,0,0,0,0,0,0,0,0,5,0,0.036,,,,,0.018,,,,,,,,,,,,0.018,,,,,,,,,,,,,,,,,0,2.0,0.027,83.2,12.0
288,High,RPath,983,4.0,3.0,0.035,12.0,0.14,0.09345794392523364,2.0,0.035,128.4,71,4,4,8.0,sidewalks,40.092,CON,1,2,2,0,0,0,0,0,0,1,0,0,1,2,0,1,2,0,0,0,0,0,0,0,5,0,0,0,1,2,2,0,0,0,1,2,0,0,0,0,0,0,0,0,1,2,2,0,1,0,1,2,0,0,5,0,0,1,0,0,0,0,0,0,1,2,0,0,0,0,1,0,0,1,2,0,1,2,0,1,0,0,0,3,1,1,1,1,2,2,1,0,0,1,2,0,5,0,0.14,,,,0.14,,,,,,,,,,,,,,,,,,,,,,,,,,,,,,0,2.0,0.035,128.4,12.0
289,High,RPath,635,4.0,3.0,0.088,12.0,0.352,0.04790419161676647,2.0,0.088,250.5,85,5,4,8.0,sidewalks,98.439,HMAC,1,2,2,1,2,2,0,0,0,0,0,0,1,2,2,1,2,2,0,0,0,0,0,0,0,5,0,0,0,0,0,1,0,0,1,2,2,0,0,0,0,0,0,0,1,2,2,0,0,0,1,2,2,5,5,4,0,0,0,0,0,1,0,0,1,2,0,1,2,0,0,0,0,1,0,0,1,0,0,0,0,0,5,3,1,1,1,0,0,0,0,0,0,1,2,2,5,0,0.21,,,,0.15,0.03,,,,,,,,,,,0.006,0.018,0.006,,,,,,,,,,,,,,,,0,2.0,0.088,250.5,12.0
290,High,RPath,724,4.0,3.0,0.041,12.0,0.164,0.1652892561983471,2.0,0.041,72.6,82,4,4,8.0,sidewalks,32.857,CON,1,2,0,0,0,0,0,0,0,1,2,2,1,2,2,1,2,0,0,0,0,0,0,0,5,0,0,0,1,2,2,0,0,0,1,2,2,0,0,0,0,0,0,0,1,2,0,0,1,1,1,2,2,0,5,0,0,1,0,0,0,1,2,2,1,2,0,0,0,0,1,0,0,1,2,2,1,2,2,0,0,0,0,0,1,1,1,1,2,0,0,0,0,1,2,2,5,0,0.041,,,,,0.041,,,,,,,,,,,,,,,,,,,,,,,,,,,,,0,2.0,0.041,72.6,12.0
291,High,RPath,122,4.0,3.0,0.087,12.0,0.348,0.05086901229334464,2.0,0.087,235.9,75,4,4,8.0,sidewalks,120.103,HMAC,1,2,2,1,2,0,0,0,0,0,0,0,1,2,0,1,2,2,0,0,0,0,0,0,5,0,0,2,1,2,0,0,0,0,1,2,2,0,0,0,0,0,0,0,1,2,0,0,0,0,1,2,2,0,5,0,0,1,0,0,0,0,0,0,0,0,0,0,0,0,0,0,0,1,2,2,1,2,2,0,0,0,5,0,1,1,1,1,2,0,1,0,0,1,2,0,5,0,0.21,,,,0.159,0.038,,,,,,,,,,0.006,0.006,,,,,,,,,,,,,,,,,,0,2.0,0.087,235.9,12.0
292,High,RPath,1434,4.0,3.0,0.059,12.0,0.236,0.12658227848101267,2.0,0.059,94.8,69,4,4,8.0,walkways,94.784,HMAC,1,2,2,1,2,0,1,2,0,0,0,0,1,2,2,1,2,0,0,0,0,1,2,0,0,5,0,2,0,0,0,0,0,0,1,2,2,0,0,0,0,0,0,0,1,2,0,0,0,0,1,2,2,5,0,0,3,1,0,0,0,0,0,0,0,0,0,0,0,0,1,2,2,1,2,0,1,0,0,0,0,0,0,3,1,0,0,0,0,0,0,0,0,0,0,0,5,0,0.206,,,,0.127,,,0.047,,,,,,,,,,0.032,,,,,,,,,,,,,,,,,0,2.0,0.059,94.8,12.0
293,High,RPath,45,3.0,4.0,0.0,12.0,0.0,0.03654080389768575,1.0,0.0,328.4,49,3,3,3.0,sidewalks,324.549,SS,1,0,0,0,0,0,1,0,0,1,0,0,1,2,2,1,0,0,0,0,0,0,0,0,5,5,0,2,0,0,0,0,0,0,1,2,2,0,0,0,0,0,0,0,1,0,0,0,0,0,1,2,2,0,5,0,0,1,0,0,0,0,0,0,0,0,0,0,0,0,0,0,0,0,0,0,0,0,0,0,0,0,0,0,1,1,1,1,2,0,0,0,0,0,0,0,5,0,0.0,,,,,,,,,,,,,,,,,,,,,,,,,,,,,,,,,,0,1.0,0.0,328.4,12.0
294,High,RPath,60,3.0,4.0,0.0,12.0,0.0,0.07609384908053267,1.0,0.0,157.7,57,3,3,3.0,sidewalks,157.661,SS,1,2,2,1,2,0,0,0,0,0,0,0,1,2,2,0,0,0,0,0,0,0,0,0,0,5,0,0,0,0,0,1,2,0,1,0,0,1,0,0,1,2,2,0,1,0,0,0,1,0,1,2,2,0,5,0,0,0,1,2,0,0,0,0,0,0,0,0,0,0,0,0,0,0,0,0,1,2,2,0,0,0,0,0,1,1,1,0,0,0,1,0,0,0,0,0,5,0,0.0,,,,,,,,,,,,,,,,,,,,,,,,,,,,,,,,,,1,1.0,0.0,157.7,22.0
295,High,RPath,88,3.0,4.0,0.005,12.0,0.015,0.15075376884422112,1.0,0.005,79.6,59,3,3,3.0,sidewalks,79.562,CON,1,2,0,1,2,0,1,0,0,1,2,0,1,2,0,1,0,0,0,0,0,1,2,0,0,0,0,2,1,0,0,0,0,0,1,2,0,0,0,0,1,2,0,5,1,2,0,0,1,0,1,2,0,0,0,0,0,1,1,2,0,0,0,0,0,0,0,0,0,0,0,0,0,1,0,0,1,2,2,0,0,0,0,3,1,0,1,1,0,0,0,0,0,0,0,0,5,0,0.019,,,,0.019,,,,,,,,,,,,,,,,,,,,,,,,,,,,,,0,1.0,0.005,79.6,12.0
296,High,RPath,102,3.0,4.0,0.0,12.0,0.0,0.2414486921529175,1.0,0.0,49.7,56,3,3,3.0,sidewalks,44.071,SS,1,2,0,0,0,0,0,0,0,0,0,0,1,2,2,1,2,0,1,2,2,0,0,0,5,0,0,0,0,0,0,1,2,2,1,0,0,0,0,0,0,0,0,0,1,0,0,0,0,0,1,0,0,0,5,0,3,1,0,0,0,0,0,0,1,2,2,0,0,0,0,0,0,1,0,0,1,0,0,0,0,0,0,3,1,1,1,0,0,0,0,0,0,0,0,0,5,0,0.0,,,,,,,,,,,,,,,,,,,,,,,,,,,,,,,,,,0,1.0,0.0,49.7,12.0
297,High,RPath,165,3.0,4.0,0.0,12.0,0.0,0.1465201465201465,1.0,0.0,81.9,60,3,3,3.0,sidewalks,82.408,CON,1,2,2,1,2,0,1,2,0,1,0,0,1,2,0,0,0,0,0,0,0,0,0,0,0,0,0,2,0,0,0,0,0,0,1,2,2,0,0,0,0,0,0,5,0,0,0,0,0,0,1,2,2,0,5,0,0,1,0,0,0,0,0,0,1,2,0,0,0,0,1,2,0,1,0,0,1,2,2,0,0,0,0,3,1,0,1,0,0,0,0,0,0,0,0,0,5,0,0.0,,,,,,,,,,,,,,,,,,,,,,,,,,,,,,,,,,0,1.0,0.0,81.9,12.0
298,High,RPath,192,3.0,4.0,0.0,12.0,0.0,0.07707129094412332,1.0,0.0,155.7,64,4,3,3.0,sidewalks,169.927,CON,0,0,0,0,0,0,0,0,0,1,0,0,1,0,0,0,0,0,0,0,0,0,0,0,5,0,3,0,1,2,2,0,0,0,1,0,0,0,0,0,0,0,0,0,1,2,0,0,1,1,1,2,2,0,5,0,0,1,1,2,0,1,2,2,1,0,0,0,0,0,0,0,0,1,0,0,1,2,0,1,2,2,0,3,1,1,1,1,2,0,0,0,0,0,0,0,5,0,0.0,,,,,,,,,,,,,,,,,,,,,,,,,,,,,,,,,,0,1.0,0.0,155.7,12.0
299,High,RPath,265,3.0,4.0,0.006,12.0,0.018000000000000002,0.04977187888842804,1.0,0.006,241.1,66,4,3,3.0,sidewalks,241.052,HMAC,1,2,2,1,0,0,1,0,0,0,0,0,1,2,2,1,2,2,0,0,0,0,0,0,5,5,3,2,0,0,0,1,2,2,0,0,0,0,0,0,0,0,0,0,0,0,0,0,1,1,1,2,2,0,5,0,0,1,0,0,0,0,0,0,0,0,0,0,0,0,0,0,0,1,2,0,0,0,0,0,0,0,5,0,1,1,1,0,0,0,0,0,0,0,0,0,5,0,0.006,0.006,,,,,,,,,,,,,,,,,,,,,,,,,,,,,,,,,1,1.0,0.006,241.1,22.0
300,High,RPath,301,3.0,4.0,0.0,12.0,0.0,0.13498312710911134,1.0,0.0,88.9,61,3,3,3.0,sidewalks,88.809,HMAC,1,2,2,1,2,0,1,0,0,1,2,0,1,2,0,1,2,0,0,0,0,0,0,0,0,0,0,2,0,0,0,0,0,0,1,2,2,0,0,0,0,0,0,5,1,2,0,0,0,0,1,2,2,0,5,0,0,1,0,0,0,0,0,0,0,0,0,0,0,0,0,0,0,1,2,0,1,0,0,0,0,0,5,3,0,0,0,0,0,0,0,0,0,0,0,0,5,0,0.0,,,,,,,,,,,,,,,,,,,,,,,,,,,,,,,,,,1,1.0,0.0,88.9,22.0
301,High,RPath,305,3.0,4.0,0.0,12.0,0.0,0.13683010262257697,1.0,0.0,87.7,66,4,3,3.0,sidewalks,89.646,HMAC,1,2,2,1,2,0,1,2,0,1,0,0,1,2,2,1,2,2,0,0,0,0,0,0,0,0,0,2,0,0,0,1,2,0,1,2,2,0,0,0,0,0,0,5,1,0,0,0,0,0,1,2,2,0,5,0,0,1,0,0,0,0,0,0,0,0,0,0,0,0,0,0,0,1,2,2,1,2,0,0,0,0,0,3,1,0,0,0,0,0,0,0,0,0,0,0,5,0,0.0,,,,,,,,,,,,,,,,,,,,,,,,,,,,,,,,,,2,1.0,0.0,87.7,32.0
302,High,RPath,363,3.0,4.0,0.0,12.0,0.0,0.09716599190283401,1.0,0.0,123.5,66,4,3,3.0,sidewalks,117.348,CON,1,2,2,1,0,0,0,0,0,0,0,0,1,0,0,0,0,0,0,0,0,0,0,0,5,5,0,2,0,0,0,0,0,0,1,2,2,1,0,0,1,2,2,0,0,0,0,0,1,1,1,2,2,5,0,4,0,1,0,0,0,0,0,0,0,0,0,0,0,0,0,0,0,1,2,2,1,2,0,0,0,0,0,3,1,1,1,0,0,0,0,0,0,0,0,0,5,0,0.0,,,,,,,,,,,,,,,,,,,,,,,,,,,,,,,,,,0,1.0,0.0,123.5,12.0
303,High,RPath,364,3.0,4.0,0.0,12.0,0.0,0.1447527141133896,1.0,0.0,82.9,54,3,3,3.0,sidewalks,78.096,CON,1,2,0,1,0,0,0,0,0,0,0,0,1,0,0,0,0,0,0,0,0,0,0,0,0,5,0,2,0,0,0,0,0,0,1,2,2,0,0,0,1,2,2,0,0,0,0,0,1,1,1,2,2,5,0,4,0,1,0,0,0,0,0,0,0,0,0,0,0,0,0,0,0,1,2,0,1,0,0,0,0,0,0,3,1,1,1,0,0,0,0,0,0,0,0,0,5,0,0.0,,,,,,,,,,,,,,,,,,,,,,,,,,,,,,,,,,0,1.0,0.0,82.9,12.0
304,High,RPath,377,3.0,4.0,0.0,12.0,0.0,0.11288805268109126,1.0,0.0,106.3,52,3,3,3.0,sidewalks,99.04,SS,1,2,0,1,0,0,0,0,0,0,0,0,1,2,2,0,0,0,1,2,2,0,0,0,0,0,0,2,0,0,0,1,2,0,0,0,0,0,0,0,0,0,0,0,1,2,2,0,1,0,1,2,2,0,0,0,3,1,1,0,0,0,0,0,1,0,0,0,0,0,0,0,0,1,2,0,1,2,0,0,0,0,0,3,1,0,0,0,0,0,1,0,0,0,0,0,5,0,0.0,,,,,,,,,,,,,,,,,,,,,,,,,,,,,,,,,,0,1.0,0.0,106.3,12.0
305,High,RPath,378,3.0,4.0,0.0,12.0,0.0,0.03479269353435779,1.0,0.0,344.9,61,3,3,3.0,sidewalks,344.936,SS,1,2,2,1,2,0,0,0,0,0,0,0,1,2,2,1,0,0,1,2,0,0,0,0,0,0,0,0,0,0,0,1,2,2,1,2,0,0,0,0,1,2,2,0,1,2,0,0,1,0,1,2,2,5,5,0,0,0,1,2,0,0,0,0,0,0,0,0,0,0,0,0,0,1,2,0,1,2,0,0,0,0,0,0,1,1,1,0,0,0,0,0,0,0,0,0,0,0,0.0,,,,,,,,,,,,,,,,,,,,,,,,,,,,,,,,,,1,1.0,0.0,344.9,22.0
306,High,RPath,384,3.0,4.0,0.0,12.0,0.0,0.4013377926421405,1.0,0.0,29.9,57,3,3,3.0,sidewalks,26.793,HMAC,1,2,2,1,0,0,1,0,0,0,0,0,1,2,2,0,0,0,0,0,0,0,0,0,0,0,0,2,0,0,0,0,0,0,1,2,2,0,0,0,0,0,0,5,0,0,0,0,0,0,1,2,2,0,0,0,3,0,0,0,0,0,0,0,1,0,0,1,2,0,1,2,0,1,2,0,1,2,0,0,0,0,5,0,1,0,1,0,0,0,0,0,0,0,0,0,5,0,0.0,,,,,,,,,,,,,,,,,,,,,,,,,,,,,,,,,,0,1.0,0.0,29.9,12.0
307,High,RPath,419,3.0,4.0,0.0,12.0,0.0,0.3053435114503817,1.0,0.0,39.3,55,3,3,3.0,sidewalks,31.435,SS,1,2,0,0,0,0,0,0,0,0,0,0,1,2,2,1,2,0,1,2,2,0,0,0,0,0,0,2,0,0,0,1,2,2,1,2,0,0,0,0,0,0,0,0,1,0,0,0,0,0,1,0,0,0,5,0,3,1,0,0,0,0,0,0,1,2,2,0,0,0,0,0,0,1,0,0,1,0,0,0,0,0,0,3,1,1,1,0,0,0,0,0,0,0,0,0,5,0,0.0,,,,,,,,,,,,,,,,,,,,,,,,,,,,,,,,,,0,1.0,0.0,39.3,12.0
308,High,RPath,492,3.0,4.0,0.0,12.0,0.0,0.10480349344978165,1.0,0.0,114.5,65,4,3,3.0,sidewalks,113.066,SS,1,2,0,1,0,0,1,0,0,0,0,0,1,2,0,1,2,0,0,0,0,0,0,0,0,0,0,2,0,0,0,1,2,2,1,2,2,0,0,0,0,0,0,0,1,2,0,0,0,0,1,0,0,0,5,4,0,1,0,0,0,1,2,0,1,2,0,1,0,0,1,0,0,1,2,0,1,0,0,0,0,0,5,3,1,1,1,0,0,0,0,0,0,0,0,0,5,0,0.0,,,,,,,,,,,,,,,,,,,,,,,,,,,,,,,,,,1,1.0,0.0,114.5,22.0
309,High,RPath,579,3.0,4.0,0.0,12.0,0.0,0.10109519797809603,1.0,0.0,118.7,58,3,3,3.0,sidewalks,114.263,CON,1,2,2,1,0,0,1,0,0,1,2,0,1,2,0,0,0,0,0,0,0,0,0,0,0,5,0,2,0,0,0,0,0,0,1,2,2,0,0,0,0,0,0,0,0,0,0,0,0,0,1,2,2,5,5,0,0,0,0,0,0,0,0,0,0,0,0,0,0,0,1,2,2,0,0,0,1,2,0,0,0,0,0,3,1,0,1,0,0,0,0,0,0,0,0,0,5,0,0.0,,,,,,,,,,,,,,,,,,,,,,,,,,,,,,,,,,0,1.0,0.0,118.7,12.0
310,High,RPath,588,3.0,4.0,0.0,12.0,0.0,0.14527845036319614,1.0,0.0,82.6,56,3,3,3.0,sidewalks,82.238,HMAC,1,2,0,1,2,0,1,0,0,0,0,0,1,2,0,1,2,0,0,0,0,0,0,0,0,0,0,2,0,0,0,1,2,0,1,2,0,0,0,0,0,0,0,5,1,2,0,0,0,0,1,2,2,0,0,0,3,1,0,0,0,0,0,0,0,0,0,0,0,0,0,0,0,1,0,0,1,2,0,0,0,0,5,3,1,0,0,0,0,0,0,0,0,0,0,0,5,0,0.0,,,,,,,,,,,,,,,,,,,,,,,,,,,,,,,,,,0,1.0,0.0,82.6,12.0
311,High,RPath,786,3.0,4.0,0.0,12.0,0.0,0.1001669449081803,1.0,0.0,119.8,60,3,3,3.0,sidewalks,120.162,HMAC,1,2,0,1,0,0,1,0,0,0,0,0,1,0,0,1,2,0,0,0,0,1,0,0,5,0,0,2,0,0,0,1,2,2,1,2,2,0,0,0,0,0,0,0,1,0,0,0,1,1,1,2,2,0,0,0,3,1,0,0,0,0,0,0,1,2,0,0,0,0,0,0,0,1,2,0,1,0,0,0,0,0,5,3,1,0,0,0,0,0,0,0,0,0,0,0,5,0,0.0,,,,,,,,,,,,,,,,,,,,,,,,,,,,,,,,,,2,1.0,0.0,119.8,32.0
312,High,RPath,787,3.0,4.0,0.0,12.0,0.0,0.267260579064588,1.0,0.0,44.9,52,3,3,3.0,sidewalks,42.953,HMAC,1,2,2,1,0,0,0,0,0,0,0,0,1,2,0,1,2,0,0,0,0,0,0,0,5,0,0,0,0,0,0,1,2,2,1,2,0,0,0,0,0,0,0,0,1,2,0,0,1,0,1,2,2,0,0,0,3,1,0,0,0,0,0,0,1,0,0,0,0,0,1,0,0,1,0,0,1,0,0,0,0,0,0,3,1,0,0,1,0,0,0,0,0,0,0,0,5,0,0.0,,,,,,,,,,,,,,,,,,,,,,,,,,,,,,,,,,1,1.0,0.0,44.9,22.0
313,High,RPath,793,3.0,4.0,0.0,12.0,0.0,0.4067796610169492,1.0,0.0,29.5,65,4,3,3.0,sidewalks,25.395,CON,1,2,2,1,0,0,1,2,0,1,2,2,1,2,2,0,0,0,0,0,0,0,0,0,5,0,3,0,0,0,0,0,0,0,1,2,2,0,0,0,0,0,0,0,1,2,0,0,0,0,1,2,2,0,5,0,0,1,0,0,0,0,0,0,0,0,0,0,0,0,0,0,0,1,2,2,1,2,0,0,0,0,0,3,1,1,1,0,0,0,0,0,0,0,0,0,5,0,0.0,,,,,,,,,,,,,,,,,,,,,,,,,,,,,,,,,,0,1.0,0.0,29.5,12.0
314,High,RPath,795,3.0,4.0,0.005,12.0,0.015,0.1534526854219949,1.0,0.005,78.2,62,3,3,3.0,sidewalks,80.388,CON,1,2,0,1,2,0,1,0,0,0,0,0,1,2,2,0,0,0,0,0,0,0,0,0,0,0,0,2,0,0,0,0,0,0,1,2,2,0,0,0,0,0,0,0,1,2,2,0,1,1,1,2,2,5,5,0,0,1,0,0,0,0,0,0,0,0,0,0,0,0,0,0,0,1,0,0,0,0,0,0,0,0,5,3,1,1,1,0,0,0,0,0,0,1,2,0,5,0,0.019,,,,0.019,,,,,,,,,,,,,,,,,,,,,,,,,,,,,,0,1.0,0.005,78.2,12.0
315,High,RPath,796,3.0,4.0,0.0,12.0,0.0,0.1509433962264151,1.0,0.0,79.5,61,3,3,3.0,sidewalks,81.61,CON,1,2,0,1,2,0,0,0,0,0,0,0,1,2,2,0,0,0,0,0,0,0,0,0,0,5,0,2,0,0,0,0,0,0,1,2,2,0,0,0,0,0,0,0,1,2,0,0,1,1,1,2,2,5,0,0,0,1,0,0,0,0,0,0,0,0,0,0,0,0,0,0,0,1,2,0,0,0,0,0,0,0,5,3,1,1,1,0,0,0,0,0,0,1,2,0,5,0,0.0,,,,,,,,,,,,,,,,,,,,,,,,,,,,,,,,,,0,1.0,0.0,79.5,12.0
316,High,RPath,819,3.0,4.0,0.0,12.0,0.0,0.17830609212481427,1.0,0.0,67.3,60,3,3,3.0,sidewalks,63.961,PB,1,2,2,0,0,0,0,0,0,1,2,0,0,0,0,1,0,0,0,0,0,0,0,0,5,0,0,0,1,2,2,1,0,0,1,0,0,0,0,0,1,0,0,0,1,2,0,0,1,0,1,2,0,0,0,0,0,1,1,2,0,0,0,0,1,2,0,0,0,0,1,0,0,1,2,0,1,2,0,0,0,0,0,0,1,1,1,1,2,2,1,2,0,1,0,0,5,0,0.0,,,,,,,,,,,,,,,,,,,,,,,,,,,,,,,,,,0,1.0,0.0,67.3,12.0
317,High,RPath,883,3.0,4.0,0.008,12.0,0.024,0.1342281879194631,1.0,0.008,89.4,63,3,3,3.0,sidewalks,89.433,HMAC,1,2,2,1,0,0,0,0,0,0,0,0,1,0,0,0,0,0,0,0,0,1,0,0,5,5,0,2,0,0,0,1,2,2,1,2,2,0,0,0,0,0,0,0,1,0,0,0,1,1,1,2,2,0,0,0,3,1,0,0,0,0,0,0,1,0,0,0,0,0,1,0,0,1,2,0,1,2,0,0,0,0,5,3,0,0,0,0,0,0,0,0,0,0,0,0,5,0,0.034,,,,0.034,,,,,,,,,,,,,,,,,,,,,,,,,,,,,,0,1.0,0.008,89.4,12.0
318,High,RPath,1052,3.0,4.0,0.005,12.0,0.015,0.14545454545454545,1.0,0.005,82.5,62,3,3,3.0,sidewalks,78.555,CON,1,2,2,1,0,0,0,0,0,0,0,0,1,2,0,1,0,0,0,0,0,0,0,0,5,0,0,2,1,0,0,0,0,0,1,2,0,0,0,0,0,0,0,5,1,0,0,0,0,0,1,2,2,5,0,0,3,1,0,0,0,0,0,0,1,0,0,0,0,0,1,2,2,1,0,0,1,2,0,0,0,0,0,3,1,0,1,1,0,0,0,0,0,0,0,0,5,0,0.018,,,,0.018,,,,,,,,,,,,,,,,,,,,,,,,,,,,,,0,1.0,0.005,82.5,12.0
319,High,RPath,1054,3.0,4.0,0.0,12.0,0.0,6.0,1.0,0.0,2.0,54,3,3,3.0,sidewalks,2.558,CON,1,2,0,1,2,0,1,0,0,0,0,0,1,2,0,0,0,0,0,0,0,0,0,0,0,0,0,2,0,0,0,0,0,0,1,2,2,0,0,0,0,0,0,0,0,0,0,0,1,0,1,2,2,5,0,4,3,0,0,0,0,0,0,0,0,0,0,0,0,0,0,0,0,1,2,0,1,2,0,0,0,0,5,3,0,0,0,0,0,0,0,0,0,0,0,0,5,0,0.0,,,,,,,,,,,,,,,,,,,,,,,,,,,,,,,,,,0,1.0,0.0,2.0,12.0
320,High,RPath,1068,3.0,4.0,0.01,12.0,0.03,0.3061224489795918,1.0,0.01,39.2,59,3,3,3.0,sidewalks,39.238,HMAC,1,2,0,1,0,0,1,0,0,0,0,0,1,2,0,1,0,0,0,0,0,0,0,0,0,0,0,2,0,0,0,0,0,0,1,2,2,0,0,0,0,0,0,0,0,0,0,0,0,0,1,2,2,5,5,4,0,1,0,0,0,0,0,0,0,0,0,0,0,0,0,0,0,1,2,0,1,2,2,0,0,0,5,3,1,0,1,0,0,0,0,0,0,0,0,0,5,0,0.038,,,,0.038,,,,,,,,,,,,,,,,,,,,,,,,,,,,,,1,1.0,0.01,39.2,22.0
321,High,RPath,1069,3.0,4.0,0.0,12.0,0.0,2.2641509433962264,1.0,0.0,5.3,59,3,3,3.0,sidewalks,4.212,CON,1,2,0,1,0,0,1,0,0,0,0,0,1,2,0,1,0,0,0,0,0,0,0,0,0,0,0,2,0,0,0,0,0,0,1,2,2,0,0,0,0,0,0,0,0,0,0,0,0,0,1,2,2,5,5,4,0,1,0,0,0,0,0,0,0,0,0,0,0,0,0,0,0,1,2,0,1,2,2,0,0,0,5,3,1,0,1,0,0,0,0,0,0,0,0,0,5,0,0.0,,,,,,,,,,,,,,,,,,,,,,,,,,,,,,,,,,1,1.0,0.0,5.3,22.0
322,High,RPath,1075,3.0,4.0,0.01,12.0,0.03,0.3069053708439898,1.0,0.01,39.1,66,4,3,3.0,sidewalks,35.459,CON,1,2,0,1,2,0,1,2,0,1,0,0,1,2,2,0,0,0,0,0,0,1,2,2,0,5,0,2,0,0,0,0,0,0,1,0,0,0,0,0,1,0,0,5,1,0,0,0,1,1,1,2,2,0,0,0,0,1,0,0,0,0,0,0,1,0,0,1,2,0,1,2,0,1,0,0,1,2,2,0,0,0,0,3,1,0,1,0,0,0,0,0,0,0,0,0,5,0,0.038,,,,0.038,,,,,,,,,,,,,,,,,,,,,,,,,,,,,,0,1.0,0.01,39.1,12.0
323,High,RPath,1081,3.0,4.0,0.004,12.0,0.012,0.14285714285714285,1.0,0.004,84.0,60,3,3,3.0,sidewalks,80.307,CON,1,2,2,1,0,0,0,0,0,0,0,0,1,2,0,0,0,0,0,0,0,0,0,0,0,0,0,2,1,0,0,1,0,0,1,2,0,0,0,0,0,0,0,5,1,0,0,0,0,0,1,2,2,5,0,0,3,1,0,0,0,0,0,0,1,0,0,1,0,0,1,2,2,1,2,0,1,2,0,0,0,0,0,3,1,0,1,1,0,0,0,0,0,0,0,0,5,0,0.018,,,,0.018,,,,,,,,,,,,,,,,,,,,,,,,,,,,,,0,1.0,0.004,84.0,12.0
324,High,RPath,1098,3.0,4.0,0.0,12.0,0.0,0.8633093525179856,1.0,0.0,13.9,60,3,3,3.0,sidewalks,9.664,HMAC,1,2,2,1,2,0,1,2,0,0,0,0,1,2,0,1,0,0,0,0,0,0,0,0,0,5,0,0,0,0,0,0,0,0,1,2,2,0,0,0,0,0,0,0,1,2,2,0,0,0,1,2,2,5,5,0,0,1,0,0,0,0,0,0,1,0,0,0,0,0,0,0,0,1,2,0,0,0,0,0,0,0,0,3,1,0,1,0,0,0,0,0,0,0,0,0,5,0,0.0,,,,,,,,,,,,,,,,,,,,,,,,,,,,,,,,,,0,1.0,0.0,13.9,12.0
325,High,RPath,1182,3.0,4.0,0.006,12.0,0.018000000000000002,0.05056890012642225,1.0,0.006,237.3,56,3,3,3.0,sidewalks,237.323,HMAC,1,2,2,1,0,0,1,0,0,0,0,0,1,2,2,1,2,2,0,0,0,0,0,0,5,0,3,0,0,0,0,1,2,2,0,0,0,0,0,0,0,0,0,0,0,0,0,0,1,1,1,2,2,0,5,0,3,1,0,0,0,0,0,0,0,0,0,0,0,0,0,0,0,1,2,0,0,0,0,0,0,0,0,0,1,1,0,0,0,0,0,0,0,0,0,0,5,0,0.006,0.006,,,,,,,,,,,,,,,,,,,,,,,,,,,,,,,,,1,1.0,0.006,237.3,22.0
326,High,RPath,1189,3.0,4.0,0.0,12.0,0.0,0.39087947882736157,1.0,0.0,30.7,52,3,3,3.0,sidewalks,27.589,CON,1,2,2,0,0,0,0,0,0,0,0,0,1,2,0,0,0,0,0,0,0,0,0,0,0,0,0,0,0,0,0,1,2,2,1,2,0,1,2,2,1,2,2,0,1,2,0,0,0,0,1,2,2,5,5,0,0,0,0,0,0,0,0,0,0,0,0,0,0,0,0,0,0,0,0,0,0,0,0,0,0,0,0,0,1,1,1,0,0,0,0,0,0,0,0,0,5,0,0.0,,,,,,,,,,,,,,,,,,,,,,,,,,,,,,,,,,1,1.0,0.0,30.7,22.0
327,High,RPath,1193,3.0,4.0,0.003,12.0,0.009000000000000001,0.042134831460674156,1.0,0.003,284.8,65,4,3,3.0,sidewalks,284.963,CON,1,2,2,1,0,0,0,0,0,0,0,0,1,2,0,0,0,0,0,0,0,0,0,0,0,5,0,0,0,0,0,1,2,2,1,2,2,1,2,2,1,2,2,0,1,2,0,0,0,0,1,2,2,5,5,4,0,0,0,0,0,0,0,0,0,0,0,0,0,0,0,0,0,0,0,0,0,0,0,0,0,0,0,0,1,1,1,1,0,0,0,0,0,0,0,0,5,0,0.005,,,,,,,,,,,,,,,0.005,,,,,,,,,,,,,,,,,,,1,1.0,0.003,284.8,22.0
328,High,RPath,1272,3.0,4.0,0.0,12.0,0.0,0.794701986754967,1.0,0.0,15.1,54,3,3,3.0,sidewalks,11.388,CON,1,2,2,0,0,0,0,0,0,0,0,0,0,0,0,1,0,0,0,0,0,0,0,0,5,0,0,0,0,0,0,0,0,0,1,2,2,0,0,0,1,2,2,0,1,2,0,0,1,1,1,2,2,5,5,0,0,0,0,0,0,0,0,0,1,2,0,0,0,0,0,0,0,1,0,0,1,0,0,0,0,0,0,0,1,1,1,0,0,0,0,0,0,0,0,0,5,0,0.0,,,,,,,,,,,,,,,,,,,,,,,,,,,,,,,,,,0,1.0,0.0,15.1,12.0
329,High,RPath,1273,3.0,4.0,0.0,12.0,0.0,0.15247776365946633,1.0,0.0,78.7,59,3,3,3.0,sidewalks,73.551,CON,1,2,2,1,0,0,1,0,0,0,0,0,1,0,0,1,0,0,0,0,0,0,0,0,5,0,0,0,0,0,0,0,0,0,1,2,2,0,0,0,1,2,2,0,1,2,2,0,1,1,1,2,2,5,5,0,0,0,0,0,0,0,0,0,1,2,0,0,0,0,0,0,0,1,0,0,1,0,0,0,0,0,0,0,1,1,1,0,0,0,0,0,0,0,0,0,5,0,0.0,,,,,,,,,,,,,,,,,,,,,,,,,,,,,,,,,,0,1.0,0.0,78.7,12.0
330,High,RPath,1285,3.0,4.0,0.0,12.0,0.0,0.8333333333333333,1.0,0.0,14.4,55,3,3,3.0,sidewalks,14.416,CON,1,2,2,0,0,0,0,0,0,0,0,0,0,0,0,1,2,0,0,0,0,0,0,0,5,0,0,0,0,0,0,0,0,0,1,2,2,0,0,0,1,2,0,0,1,2,2,0,1,1,1,2,2,5,5,0,0,0,0,0,0,0,0,0,1,2,0,0,0,0,0,0,0,0,0,0,1,0,0,0,0,0,0,0,1,1,1,0,0,0,0,0,0,0,0,0,5,0,0.0,,,,,,,,,,,,,,,,,,,,,,,,,,,,,,,,,,0,1.0,0.0,14.4,12.0
331,High,RPath,1311,3.0,4.0,0.0,12.0,0.0,2.2641509433962264,1.0,0.0,5.3,51,3,3,3.0,sidewalks,5.322,CON,1,2,0,1,2,0,1,2,0,0,0,0,1,2,0,0,0,0,0,0,0,0,0,0,0,0,0,2,0,0,0,0,0,0,1,2,2,0,0,0,0,0,0,0,0,0,0,0,1,0,1,2,2,5,0,4,3,0,0,0,0,0,0,0,0,0,0,0,0,0,0,0,0,1,2,0,1,2,0,0,0,0,0,3,0,0,0,0,0,0,0,0,0,0,0,0,5,0,0.0,,,,,,,,,,,,,,,,,,,,,,,,,,,,,,,,,,0,1.0,0.0,5.3,12.0
332,High,RPath,1338,3.0,4.0,0.007,12.0,0.021,0.21818181818181817,1.0,0.007,55.0,64,4,3,3.0,sidewalks,53.248,CON,1,2,0,1,0,0,0,0,0,0,0,0,1,2,0,1,2,2,0,0,0,0,0,0,5,0,0,2,0,0,0,1,2,2,1,2,2,0,0,0,0,0,0,5,1,0,0,0,0,0,1,0,0,0,0,4,0,1,0,0,0,1,2,0,1,2,0,1,0,0,1,0,0,1,2,0,1,0,0,0,0,0,0,3,1,1,1,0,0,0,0,0,0,0,0,0,5,0,0.027,,,,0.027,,,,,,,,,,,,,,,,,,,,,,,,,,,,,,0,1.0,0.007,55.0,12.0
333,High,RPath,1531,3.0,4.0,0.0,12.0,0.0,1.1538461538461537,1.0,0.0,10.4,57,3,3,3.0,sidewalks,8.374,CON,1,2,2,1,0,0,1,0,0,0,0,0,1,0,0,1,2,2,0,0,0,0,0,0,0,0,0,2,0,0,0,1,2,2,1,2,2,0,0,0,0,0,0,0,1,2,2,0,1,0,1,2,2,5,5,0,0,0,0,0,0,0,0,0,0,0,0,0,0,0,0,0,0,1,0,0,1,0,0,0,0,0,0,3,1,0,0,0,0,0,0,0,0,0,0,0,5,0,0.0,,,,,,,,,,,,,,,,,,,,,,,,,,,,,,,,,,0,1.0,0.0,10.4,12.0
334,High,RPath,1573,3.0,4.0,0.0,12.0,0.0,0.20833333333333331,1.0,0.0,57.6,60,3,3,3.0,sidewalks,56.906,CON,1,2,0,1,2,0,0,0,0,0,0,0,1,2,0,0,0,0,0,0,0,0,0,0,5,0,0,0,0,0,0,1,2,2,1,2,0,0,0,0,0,0,0,0,1,2,2,0,1,0,1,2,2,5,5,0,3,0,0,0,0,0,0,0,1,2,0,0,0,0,0,0,0,1,0,0,1,0,0,0,0,0,0,3,1,0,0,0,0,0,0,0,0,0,0,0,5,0,0.0,,,,,,,,,,,,,,,,,,,,,,,,,,,,,,,,,,8,1.0,0.0,57.6,42.0
335,High,RPath,1574,3.0,4.0,0.0,12.0,0.0,0.1568627450980392,1.0,0.0,76.5,66,4,3,3.0,sidewalks,78.333,CON,1,2,2,1,0,0,0,0,0,0,0,0,1,2,0,0,0,0,0,0,0,1,0,0,5,0,0,0,0,0,0,1,2,2,1,2,2,0,0,0,0,0,0,0,1,2,2,0,1,0,1,2,2,5,5,0,3,1,0,0,0,0,0,0,1,2,0,0,0,0,0,0,0,1,2,0,1,0,0,0,0,0,0,3,1,0,0,0,0,0,0,0,0,0,0,0,5,0,0.0,,,,,,,,,,,,,,,,,,,,,,,,,,,,,,,,,,8,1.0,0.0,76.5,42.0
336,High,RPath,1575,3.0,4.0,0.006,12.0,0.018000000000000002,0.19639934533551553,1.0,0.006,61.1,60,3,3,3.0,sidewalks,59.248,CON,1,2,2,1,0,0,0,0,0,0,0,0,1,0,0,0,0,0,0,0,0,1,0,0,5,0,0,0,0,0,0,1,2,2,1,2,2,0,0,0,0,0,0,0,1,2,0,0,1,1,1,2,2,5,0,0,3,1,0,0,0,0,0,0,1,2,0,0,0,0,0,0,0,1,2,0,1,2,0,0,0,0,0,3,1,0,0,0,0,0,0,0,0,0,0,0,5,0,0.025,,,,0.025,,,,,,,,,,,,,,,,,,,,,,,,,,,,,,0,1.0,0.006,61.1,12.0
337,High,RPath,1578,3.0,4.0,0.0,12.0,0.0,0.44280442804428044,1.0,0.0,27.1,61,3,3,3.0,sidewalks,25.887,CON,1,2,0,1,2,0,0,0,0,0,0,0,1,2,0,1,2,0,0,0,0,0,0,0,5,0,0,2,0,0,0,1,2,2,1,2,0,0,0,0,0,0,0,0,1,2,0,0,1,0,1,2,2,0,0,0,3,1,0,0,0,0,0,0,1,0,0,0,0,0,1,2,0,1,0,0,1,0,0,0,0,0,5,3,1,0,0,1,0,0,0,0,0,0,0,0,5,0,0.0,,,,,,,,,,,,,,,,,,,,,,,,,,,,,,,,,,0,1.0,0.0,27.1,12.0
338,High,RPath,1586,3.0,4.0,0.01,12.0,0.03,0.06282722513089005,1.0,0.01,191.0,61,3,3,3.0,sidewalks,187.074,CON,1,2,2,1,2,2,0,0,0,0,0,0,1,2,2,0,0,0,0,0,0,0,0,0,0,5,0,0,0,0,0,1,0,0,0,0,0,1,0,0,1,2,0,0,0,0,0,0,1,0,1,2,2,5,5,0,0,1,1,2,0,0,0,0,0,0,0,0,0,0,0,0,0,0,0,0,1,2,2,0,0,0,0,0,1,1,1,0,0,0,1,2,0,0,0,0,5,0,0.016,,,,0.008,,,,,,,,,,,,0.008,,,,,,,,,,,,,,,,,,0,1.0,0.01,191.0,12.0
339,High,RPath,1587,3.0,4.0,0.0,12.0,0.0,1.3953488372093024,1.0,0.0,8.6,57,3,3,3.0,sidewalks,7.27,CON,1,2,2,1,2,2,0,0,0,0,0,0,1,2,2,0,0,0,0,0,0,0,0,0,0,5,0,0,0,0,0,1,0,0,0,0,0,0,0,0,1,2,0,0,0,0,0,0,0,0,1,2,2,5,5,0,0,1,1,2,0,0,0,0,0,0,0,0,0,0,0,0,0,0,0,0,1,2,2,0,0,0,0,0,1,1,1,0,0,0,1,0,0,0,0,0,5,0,0.0,,,,,,,,,,,,,,,,,,,,,,,,,,,,,,,,,,0,1.0,0.0,8.6,12.0
340,High,RPath,1588,3.0,4.0,0.0,12.0,0.0,1.4285714285714286,1.0,0.0,8.4,59,3,3,3.0,sidewalks,7.805,CON,1,2,2,1,2,2,0,0,0,0,0,0,1,2,2,0,0,0,0,0,0,0,0,0,0,5,0,0,0,0,0,1,0,0,0,0,0,1,0,0,1,2,0,0,1,0,0,0,0,0,1,2,2,5,5,0,0,1,1,2,0,0,0,0,0,0,0,0,0,0,0,0,0,0,0,0,1,2,2,0,0,0,0,0,1,1,1,0,0,0,1,0,0,0,0,0,5,0,0.0,,,,,,,,,,,,,,,,,,,,,,,,,,,,,,,,,,0,1.0,0.0,8.4,12.0
341,High,RPath,1589,3.0,4.0,0.0,12.0,0.0,2.553191489361702,1.0,0.0,4.7,60,3,3,3.0,sidewalks,4.804,CON,1,2,2,1,2,2,0,0,0,0,0,0,1,2,2,0,0,0,0,0,0,0,0,0,0,5,0,0,0,0,0,1,2,0,0,0,0,0,0,0,1,2,0,0,1,0,0,0,0,0,1,2,2,5,5,0,0,1,1,2,0,0,0,0,0,0,0,0,0,0,0,0,0,0,0,0,1,2,2,0,0,0,0,0,1,1,1,0,0,0,1,0,0,0,0,0,5,0,0.0,,,,,,,,,,,,,,,,,,,,,,,,,,,,,,,,,,0,1.0,0.0,4.7,12.0
342,High,RPath,1590,3.0,4.0,0.0,12.0,0.0,8.571428571428571,1.0,0.0,1.4,58,3,3,3.0,sidewalks,1.352,CON,1,2,2,1,2,2,0,0,0,0,0,0,1,2,2,0,0,0,0,0,0,0,0,0,0,5,0,0,0,0,0,1,0,0,0,0,0,0,0,0,1,2,0,0,1,0,0,0,0,0,1,2,2,5,5,0,0,1,1,2,0,0,0,0,0,0,0,0,0,0,0,0,0,0,0,0,1,2,2,0,0,0,0,0,1,1,1,0,0,0,1,0,0,0,0,0,5,0,0.0,,,,,,,,,,,,,,,,,,,,,,,,,,,,,,,,,,0,1.0,0.0,1.4,12.0
343,High,RPath,1592,3.0,4.0,0.0,12.0,0.0,3.076923076923077,1.0,0.0,3.9,54,3,3,3.0,sidewalks,4.77,CON,1,2,2,1,2,0,0,0,0,0,0,0,1,2,2,0,0,0,0,0,0,0,0,0,0,0,0,0,0,0,0,1,2,2,1,2,0,0,0,0,1,2,2,0,1,2,0,0,1,0,1,2,2,5,5,0,0,0,1,2,0,0,0,0,0,0,0,0,0,0,0,0,0,0,0,0,1,2,0,0,0,0,0,0,1,1,1,0,0,0,0,0,0,0,0,0,0,0,0.0,,,,,,,,,,,,,,,,,,,,,,,,,,,,,,,,,,1,1.0,0.0,3.9,22.0
344,High,RPath,1594,3.0,4.0,0.0,12.0,0.0,1.5384615384615385,1.0,0.0,7.8,52,3,3,3.0,sidewalks,7.831,CON,1,2,2,1,0,0,0,0,0,0,0,0,1,2,2,0,0,0,0,0,0,0,0,0,0,0,0,0,0,0,0,1,2,2,1,2,0,0,0,0,1,2,2,0,1,2,0,0,1,0,1,2,2,5,5,0,0,0,1,2,0,0,0,0,0,0,0,0,0,0,0,0,0,0,0,0,1,2,0,0,0,0,0,0,1,1,1,0,0,0,0,0,0,0,0,0,0,0,0.0,,,,,,,,,,,,,,,,,,,,,,,,,,,,,,,,,,1,1.0,0.0,7.8,22.0
345,High,RPath,1595,3.0,4.0,0.0,12.0,0.0,0.5853658536585366,1.0,0.0,20.5,55,3,3,3.0,sidewalks,20.485,CON,1,2,2,1,0,0,0,0,0,0,0,0,1,2,0,0,0,0,0,0,0,0,0,0,5,0,0,0,0,0,0,1,2,2,1,2,0,0,0,0,1,2,2,0,1,2,0,0,1,1,1,2,2,0,5,0,0,0,1,0,0,0,0,0,0,0,0,0,0,0,0,0,0,1,0,0,1,2,0,0,0,0,0,0,1,1,1,0,0,0,0,0,0,0,0,0,5,0,0.0,,,,,,,,,,,,,,,,,,,,,,,,,,,,,,,,,,0,1.0,0.0,20.5,12.0
346,High,RPath,1596,3.0,4.0,0.0,12.0,0.0,1.0810810810810811,1.0,0.0,11.1,54,3,3,3.0,sidewalks,6.256,CON,1,2,2,1,0,0,0,0,0,0,0,0,1,2,0,0,0,0,0,0,0,0,0,0,5,0,0,0,0,0,0,1,2,2,1,2,0,0,0,0,1,2,2,0,1,2,0,0,1,1,1,2,2,0,5,0,0,0,1,0,0,0,0,0,0,0,0,0,0,0,0,0,0,0,0,0,1,2,0,0,0,0,0,0,1,1,1,0,0,0,0,0,0,0,0,0,5,0,0.0,,,,,,,,,,,,,,,,,,,,,,,,,,,,,,,,,,0,1.0,0.0,11.1,12.0
347,High,RPath,1597,3.0,4.0,0.0,12.0,0.0,0.975609756097561,1.0,0.0,12.3,56,3,3,3.0,sidewalks,7.842,CON,1,2,2,1,0,0,0,0,0,0,0,0,1,2,0,1,0,0,0,0,0,0,0,0,5,0,0,0,0,0,0,1,2,2,1,2,0,0,0,0,1,2,2,0,1,2,0,0,1,1,1,2,2,0,5,0,0,0,1,0,0,0,0,0,0,0,0,0,0,0,0,0,0,1,0,0,1,2,0,0,0,0,0,0,1,1,1,0,0,0,0,0,0,0,0,0,5,0,0.0,,,,,,,,,,,,,,,,,,,,,,,,,,,,,,,,,,0,1.0,0.0,12.3,12.0
348,High,RPath,1598,3.0,4.0,0.0,12.0,0.0,3.5294117647058822,1.0,0.0,3.4,55,3,3,3.0,sidewalks,2.318,CON,1,2,2,1,0,0,0,0,0,0,0,0,1,2,0,1,0,0,0,0,0,0,0,0,5,0,0,0,0,0,0,1,2,2,1,2,0,0,0,0,1,2,2,0,1,2,0,0,1,1,1,2,2,0,5,0,0,0,1,0,0,0,0,0,0,0,0,0,0,0,0,0,0,0,0,0,1,2,0,0,0,0,0,0,1,1,1,0,0,0,0,0,0,0,0,0,5,0,0.0,,,,,,,,,,,,,,,,,,,,,,,,,,,,,,,,,,0,1.0,0.0,3.4,12.0
349,High,RPath,1599,3.0,4.0,0.0,12.0,0.0,6.0,1.0,0.0,2.0,55,3,3,3.0,sidewalks,1.576,CON,1,2,2,1,0,0,0,0,0,0,0,0,1,2,0,1,0,0,0,0,0,0,0,0,5,0,0,0,0,0,0,1,2,2,1,2,0,0,0,0,1,2,2,0,1,2,0,0,1,1,1,2,2,0,5,0,0,0,1,0,0,0,0,0,0,0,0,0,0,0,0,0,0,0,0,0,1,2,0,0,0,0,0,0,1,1,1,0,0,0,0,0,0,0,0,0,5,0,0.0,,,,,,,,,,,,,,,,,,,,,,,,,,,,,,,,,,0,1.0,0.0,2.0,12.0
350,High,RPath,1600,3.0,4.0,0.0,12.0,0.0,0.14492753623188406,1.0,0.0,82.8,53,3,3,3.0,sidewalks,82.847,CON,1,2,2,1,2,0,1,0,0,0,0,0,1,2,2,1,2,2,0,0,0,0,0,0,0,5,0,2,0,0,0,0,0,0,1,0,0,0,0,0,0,0,0,0,0,0,0,0,1,1,1,2,2,0,0,0,3,1,0,0,0,0,0,0,0,0,0,0,0,0,0,0,0,1,2,0,1,2,0,0,0,0,0,3,1,0,0,0,0,0,0,0,0,0,0,0,5,0,0.0,,,,,,,,,,,,,,,,,,,,,,,,,,,,,,,,,,0,1.0,0.0,82.8,12.0
351,High,RPath,1614,3.0,4.0,0.0,12.0,0.0,0.22058823529411764,1.0,0.0,54.4,60,3,3,3.0,sidewalks,75.136,CON,1,2,0,1,0,0,0,0,0,0,0,0,1,2,0,0,0,0,0,0,0,0,0,0,5,0,0,0,0,0,0,1,2,2,1,2,2,0,0,0,0,0,0,0,1,2,2,0,1,0,1,2,2,5,5,0,3,0,0,0,0,0,0,0,1,2,0,0,0,0,0,0,0,1,0,0,1,0,0,0,0,0,0,3,1,0,0,0,0,0,0,0,0,0,0,0,5,0,0.0,,,,,,,,,,,,,,,,,,,,,,,,,,,,,,,,,,8,1.0,0.0,54.4,42.0
352,High,RPath,1615,3.0,4.0,0.0,12.0,0.0,0.2414486921529175,1.0,0.0,49.7,65,4,3,3.0,sidewalks,49.654,CON,1,2,2,1,0,0,0,0,0,0,0,0,1,2,0,0,0,0,0,0,0,1,0,0,5,0,0,0,0,0,0,1,2,2,1,2,2,0,0,0,0,0,0,0,1,2,2,0,1,0,1,2,2,5,5,0,3,0,0,0,0,0,0,0,1,2,0,0,0,0,0,0,0,1,2,0,1,0,0,0,0,0,0,3,1,0,0,0,0,0,0,0,0,0,0,0,5,0,0.0,,,,,,,,,,,,,,,,,,,,,,,,,,,,,,,,,,8,1.0,0.0,49.7,42.0
353,High,RPath,743,3.0,4.0,0.0,12.0,0.0,0.16689847009735742,1.0,0.0,71.9,63,3,3,3.0,sidewalks,5.57,PB,1,0,0,0,0,0,0,0,0,1,2,0,1,0,0,1,2,0,0,0,0,0,0,0,5,0,0,0,1,2,2,0,0,0,1,2,0,0,0,0,0,0,0,0,1,2,2,0,1,1,1,2,2,0,0,0,0,1,0,0,0,1,0,0,1,0,0,0,0,0,1,2,0,1,2,0,1,2,0,1,0,0,0,0,1,1,1,1,2,2,1,0,0,1,2,0,5,0,0.0,,,,,,,,,,,,,,,,,,,,,,,,,,,,,,,,,,0,1.0,0.0,71.9,12.0
354,High,RPath,1359,3.0,4.0,0.0,12.0,0.0,0.20833333333333331,1.0,0.0,57.6,64,4,3,3.0,walkways,57.644,SS,1,2,2,1,2,0,1,2,0,0,0,0,1,2,0,1,2,0,0,0,0,0,0,0,0,5,0,2,0,0,0,1,0,0,1,2,2,0,0,0,1,0,0,0,1,2,0,0,1,1,1,2,2,0,0,0,0,1,0,0,0,0,0,0,1,2,0,0,0,0,0,0,0,1,2,2,1,0,0,0,0,0,5,3,0,0,0,0,0,0,0,0,0,0,0,0,5,0,0.0,,,,,,,,,,,,,,,,,,,,,,,,,,,,,,,,,,0,1.0,0.0,57.6,12.0
355,High,RPath,1367,3.0,4.0,0.0,12.0,0.0,0.10135135135135134,1.0,0.0,118.4,56,3,3,3.0,walkways,118.416,SS,1,2,2,0,0,0,0,0,0,0,0,0,1,2,2,1,0,0,0,0,0,0,0,0,0,5,0,2,0,0,0,1,2,0,1,2,0,0,0,0,0,0,0,0,0,0,0,0,0,0,1,2,2,0,0,0,0,1,0,0,0,0,0,0,1,2,0,1,2,0,0,0,0,1,2,2,1,2,2,0,0,0,0,3,1,0,1,0,0,0,0,0,0,0,0,0,5,0,0.0,,,,,,,,,,,,,,,,,,,,,,,,,,,,,,,,,,0,1.0,0.0,118.4,12.0
356,High,RPath,1368,3.0,4.0,0.0,12.0,0.0,0.14201183431952663,1.0,0.0,84.5,51,3,3,3.0,walkways,84.544,SS,1,2,0,1,2,0,0,0,0,0,0,0,1,2,2,0,0,0,1,2,0,0,0,0,0,5,0,0,0,0,0,1,2,0,1,0,0,0,0,0,1,0,0,0,1,2,0,0,1,0,1,2,2,0,0,0,0,0,1,2,2,0,0,0,0,0,0,0,0,0,0,0,0,1,2,0,1,0,0,0,0,0,0,0,1,1,1,0,0,0,1,0,0,0,0,0,5,0,0.0,,,,,,,,,,,,,,,,,,,,,,,,,,,,,,,,,,0,1.0,0.0,84.5,12.0
357,High,RPath,1370,3.0,4.0,0.0,12.0,0.0,0.5479452054794521,1.0,0.0,21.9,51,3,3,3.0,walkways,21.92,HMAC,1,2,0,1,2,2,0,0,0,0,0,0,1,2,2,0,0,0,1,0,0,0,0,0,0,5,0,0,0,0,0,1,2,0,1,0,0,0,0,0,1,2,0,0,1,0,0,0,0,0,1,2,2,0,0,0,0,0,1,2,2,0,0,0,0,0,0,0,0,0,0,0,0,0,0,0,1,2,2,0,0,0,0,0,1,1,1,0,0,0,1,0,0,0,0,0,5,0,0.0,,,,,,,,,,,,,,,,,,,,,,,,,,,,,,,,,,0,1.0,0.0,21.9,12.0
358,High,RPath,1382,3.0,4.0,0.006,12.0,0.018000000000000002,0.20304568527918782,1.0,0.006,59.1,49,3,3,3.0,walkways,58.719,HMAC,1,2,2,1,2,0,1,2,0,1,2,0,1,2,0,0,0,0,0,0,0,0,0,0,0,5,0,2,0,0,0,0,0,0,1,2,2,0,0,0,0,0,0,0,0,0,0,0,0,0,1,2,2,0,0,0,0,1,0,0,0,0,0,0,0,0,0,0,0,0,0,0,0,0,0,0,1,0,0,0,0,0,5,3,0,0,0,0,0,0,0,0,0,0,0,0,5,0,0.025,,,,0.025,,,,,,,,,,,,,,,,,,,,,,,,,,,,,,0,1.0,0.006,59.1,12.0
359,High,RPath,1408,3.0,4.0,0.0,12.0,0.0,0.06066734074823053,1.0,0.0,197.8,62,3,3,3.0,walkways,199.177,SS,1,2,2,1,0,0,1,0,0,0,0,0,1,2,0,1,0,0,0,0,0,0,0,0,0,5,0,2,0,0,0,0,0,0,1,2,2,0,0,0,0,0,0,0,1,0,0,0,0,0,1,2,2,5,0,4,0,1,0,0,0,0,0,0,0,0,0,0,0,0,0,0,0,1,2,2,1,2,2,0,0,0,5,3,0,0,0,0,0,0,0,0,0,0,0,0,5,0,0.0,,,,,,,,,,,,,,,,,,,,,,,,,,,,,,,,,,0,1.0,0.0,197.8,12.0
360,High,RPath,1421,3.0,4.0,0.0,12.0,0.0,0.1944894651539708,1.0,0.0,61.7,59,3,3,3.0,walkways,62.169,HMAC,1,2,2,1,2,0,1,2,0,0,0,0,1,2,0,0,0,0,0,0,0,0,0,0,0,5,0,2,0,0,0,0,0,0,1,2,2,0,0,0,0,0,0,0,1,2,0,0,0,0,1,2,2,5,5,0,0,1,0,0,0,0,0,0,0,0,0,0,0,0,0,0,0,1,2,0,1,0,0,0,0,0,0,3,1,0,1,0,0,0,0,0,0,0,0,0,5,0,0.0,,,,,,,,,,,,,,,,,,,,,,,,,,,,,,,,,,0,1.0,0.0,61.7,12.0
361,High,RPath,1422,3.0,4.0,0.0,12.0,0.0,1.2121212121212122,1.0,0.0,9.9,52,3,3,3.0,walkways,9.946,CON,1,2,2,1,0,0,1,0,0,0,0,0,1,2,0,0,0,0,0,0,0,0,0,0,0,5,0,0,0,0,0,0,0,0,1,2,2,0,0,0,0,0,0,0,1,2,0,0,0,0,1,2,2,5,5,0,0,0,0,0,0,0,0,0,0,0,0,0,0,0,0,0,0,1,2,0,1,0,0,0,0,0,0,3,1,0,1,0,0,0,0,0,0,0,0,0,5,0,0.0,,,,,,,,,,,,,,,,,,,,,,,,,,,,,,,,,,0,1.0,0.0,9.9,12.0
362,High,RPath,1423,3.0,4.0,0.0,12.0,0.0,0.1675977653631285,1.0,0.0,71.6,55,3,3,3.0,walkways,72.258,HMAC,1,2,2,1,0,0,1,0,0,0,0,0,1,2,0,0,0,0,0,0,0,0,0,0,0,5,0,2,0,0,0,0,0,0,1,2,2,0,0,0,0,0,0,0,1,2,0,0,0,0,1,2,2,5,5,0,0,1,0,0,0,0,0,0,0,0,0,0,0,0,0,0,0,1,2,0,1,0,0,0,0,0,0,3,1,0,1,0,0,0,0,0,0,0,0,0,5,0,0.0,,,,,,,,,,,,,,,,,,,,,,,,,,,,,,,,,,0,1.0,0.0,71.6,12.0
363,High,RPath,1451,3.0,4.0,0.0,12.0,0.0,0.24590163934426232,1.0,0.0,48.8,56,3,3,3.0,walkways,48.778,HMAC,1,2,2,1,2,0,1,2,0,0,0,0,1,2,2,1,2,2,0,0,0,0,0,0,0,5,0,2,0,0,0,0,0,0,1,2,2,0,0,0,0,0,0,0,1,2,0,0,1,0,1,2,0,0,0,0,0,1,0,0,0,0,0,0,1,0,0,0,0,0,0,0,0,1,2,0,1,0,0,0,0,0,5,0,0,0,0,0,0,0,0,0,0,0,0,0,5,0,0.0,,,,,,,,,,,,,,,,,,,,,,,,,,,,,,,,,,0,1.0,0.0,48.8,12.0
364,High,RPath,1464,3.0,4.0,0.0,12.0,0.0,0.32697547683923706,1.0,0.0,36.7,58,3,3,3.0,walkways,36.729,HMAC,1,2,2,1,2,2,0,0,0,0,0,0,1,2,2,0,0,0,0,0,0,0,0,0,0,5,0,2,0,0,0,0,0,0,1,2,2,0,0,0,0,0,0,0,0,0,0,0,1,0,1,2,2,5,0,0,3,0,0,0,0,0,0,0,0,0,0,0,0,0,0,0,0,1,2,2,1,0,0,0,0,0,0,3,1,1,1,0,0,0,0,0,0,0,0,0,5,0,0.0,,,,,,,,,,,,,,,,,,,,,,,,,,,,,,,,,,0,1.0,0.0,36.7,12.0
365,High,RPath,1488,3.0,4.0,0.0,12.0,0.0,0.40404040404040403,1.0,0.0,29.7,54,3,3,3.0,walkways,29.65,HMAC,1,2,2,1,2,2,0,0,0,0,0,0,0,0,0,0,0,0,0,0,0,0,0,0,0,0,0,0,0,0,0,0,0,0,1,2,2,0,0,0,0,0,0,0,1,2,2,0,0,0,1,2,2,5,5,0,3,0,0,0,0,0,0,0,0,0,0,0,0,0,0,0,0,0,0,0,1,0,0,0,0,0,0,0,1,1,1,1,2,0,1,0,0,1,2,0,5,0,0.0,,,,,,,,,,,,,,,,,,,,,,,,,,,,,,,,,,0,1.0,0.0,29.7,12.0
366,High,RPath,1498,3.0,4.0,0.0,12.0,0.0,0.22018348623853212,1.0,0.0,54.5,53,3,3,3.0,walkways,68.429,SS,1,2,2,1,2,2,0,0,0,0,0,0,1,2,0,1,2,0,0,0,0,0,0,0,0,5,0,2,0,0,0,0,0,0,1,2,2,0,0,0,0,0,0,0,0,0,0,0,0,0,1,2,2,0,0,0,0,1,0,0,0,0,0,0,1,2,0,0,0,0,0,0,0,1,2,0,0,0,0,0,0,0,5,3,0,0,0,0,0,0,0,0,0,0,0,0,5,0,0.0,,,,,,,,,,,,,,,,,,,,,,,,,,,,,,,,,,0,1.0,0.0,54.5,12.0
367,High,RPath,1503,3.0,4.0,0.0,12.0,0.0,0.12307692307692308,1.0,0.0,97.5,52,3,3,3.0,walkways,97.481,HMAC,1,2,2,1,0,0,1,0,0,0,0,0,1,2,0,1,0,0,0,0,0,0,0,0,0,0,0,2,0,0,0,0,0,0,1,2,2,0,0,0,1,2,2,0,0,0,0,0,1,1,1,2,2,0,0,0,0,1,0,0,0,0,0,0,0,0,0,0,0,0,0,0,0,1,2,2,1,2,0,0,0,0,5,3,0,0,0,0,0,0,0,0,0,0,0,0,5,0,0.0,,,,,,,,,,,,,,,,,,,,,,,,,,,,,,,,,,0,1.0,0.0,97.5,12.0
368,High,RPath,1505,3.0,4.0,0.0,12.0,0.0,0.25263157894736843,1.0,0.0,47.5,51,3,3,3.0,walkways,47.528,HMAC,1,2,2,1,2,2,1,2,2,0,0,0,1,2,2,1,0,0,0,0,0,0,0,0,0,5,0,2,0,0,0,0,0,0,1,2,0,0,0,0,0,0,0,0,1,2,0,0,1,0,1,2,0,0,0,0,0,1,0,0,0,0,0,0,0,0,0,0,0,0,0,0,0,1,2,0,1,0,0,0,0,0,0,3,0,0,0,0,0,0,0,0,0,0,0,0,5,0,0.0,,,,,,,,,,,,,,,,,,,,,,,,,,,,,,,,,,0,1.0,0.0,47.5,12.0
369,High,RPath,1520,3.0,4.0,0.0,12.0,0.0,0.24691358024691357,1.0,0.0,48.6,54,3,3,3.0,walkways,48.476,SS,1,2,0,1,0,0,0,0,0,0,0,0,1,2,2,1,2,0,0,0,0,0,0,0,0,5,0,2,0,0,0,0,0,0,1,2,0,0,0,0,0,0,0,0,0,0,0,0,1,1,1,2,2,5,0,4,0,0,0,0,0,0,0,0,0,0,0,0,0,0,0,0,0,1,2,0,1,2,0,0,0,0,0,0,1,1,0,0,0,0,0,0,0,1,2,0,5,0,0.0,,,,,,,,,,,,,,,,,,,,,,,,,,,,,,,,,,0,1.0,0.0,48.6,12.0
370,High,RPath,1546,3.0,4.0,0.0,12.0,0.0,0.25806451612903225,1.0,0.0,46.5,49,3,3,3.0,walkways,46.13,HMAC,1,2,2,1,0,0,1,0,0,0,0,0,1,2,0,1,0,0,0,0,0,0,0,0,0,5,0,2,0,0,0,1,0,0,1,2,2,0,0,0,1,2,0,0,1,0,0,0,1,0,1,2,0,0,0,0,0,1,0,0,0,0,0,0,0,0,0,0,0,0,0,0,0,1,2,2,1,2,0,0,0,0,0,3,0,0,0,0,0,0,0,0,0,0,0,0,5,0,0.0,,,,,,,,,,,,,,,,,,,,,,,,,,,,,,,,,,0,1.0,0.0,46.5,12.0
371,High,RPath,1555,3.0,4.0,0.0,12.0,0.0,0.2843601895734597,1.0,0.0,42.2,63,3,3,3.0,walkways,42.23,HMAC,1,2,2,1,2,2,1,2,2,0,0,0,1,2,2,1,2,2,0,0,0,0,0,0,0,5,0,2,0,0,0,1,0,0,1,2,2,0,0,0,0,0,0,0,1,2,0,0,1,1,1,2,2,0,0,0,0,1,0,0,0,0,0,0,0,0,0,0,0,0,0,0,0,1,2,0,1,2,0,0,0,0,0,3,0,0,0,0,0,0,0,0,0,0,0,0,5,0,0.0,,,,,,,,,,,,,,,,,,,,,,,,,,,,,,,,,,0,1.0,0.0,42.2,12.0
372,High,RPath,1556,3.0,4.0,0.0,12.0,0.0,0.2912621359223301,1.0,0.0,41.2,65,4,3,3.0,walkways,41.222,SS,1,2,2,1,2,2,1,2,2,0,0,0,1,2,2,1,2,2,0,0,0,0,0,0,0,5,0,2,0,0,0,1,0,0,1,2,2,0,0,0,1,0,0,0,1,2,0,0,1,0,1,2,0,0,0,0,0,1,0,0,0,0,0,0,1,0,0,0,0,0,0,0,0,1,2,0,1,0,0,0,0,0,5,3,0,0,0,0,0,0,0,0,0,0,0,0,5,0,0.0,,,,,,,,,,,,,,,,,,,,,,,,,,,,,,,,,,0,1.0,0.0,41.2,12.0
373,High,RPath,1542,3.0,4.0,0.0,12.0,0.0,0.21505376344086022,1.0,0.0,55.8,62,3,3,3.0,walkways,38.799,SS,1,2,2,1,2,2,1,2,2,0,0,0,1,0,0,1,0,0,0,0,0,0,0,0,0,5,0,2,0,0,0,0,0,0,1,2,2,0,0,0,0,0,0,0,1,2,0,0,0,0,1,2,2,0,0,0,0,1,0,0,0,0,0,0,1,2,0,0,0,0,0,0,0,1,2,2,1,0,0,0,0,0,5,3,1,0,1,0,0,0,0,0,0,0,0,0,5,0,0.0,,,,,,,,,,,,,,,,,,,,,,,,,,,,,,,,,,0,1.0,0.0,55.8,12.0
374,High,RPath,1602,3.0,4.0,0.0,12.0,0.0,0.267260579064588,1.0,0.0,44.9,49,3,3,3.0,walkways,44.894,SS,1,2,2,1,2,0,1,2,0,1,0,0,1,2,0,0,0,0,0,0,0,0,0,0,5,5,0,2,0,0,0,0,0,0,1,2,2,0,0,0,0,0,0,0,0,0,0,0,0,0,1,2,0,0,0,4,0,0,0,0,0,0,0,0,0,0,0,0,0,0,0,0,0,0,0,0,1,0,0,0,0,0,0,3,0,1,0,0,0,0,0,0,0,0,0,0,5,0,0.0,,,,,,,,,,,,,,,,,,,,,,,,,,,,,,,,,,0,1.0,0.0,44.9,12.0
375,High,RPath,1606,3.0,4.0,0.0,12.0,0.0,0.3468208092485549,1.0,0.0,34.6,50,3,3,3.0,walkways,42.89,SS,1,2,2,1,0,0,1,0,0,1,2,0,1,2,0,0,0,0,0,0,0,0,0,0,0,5,0,2,0,0,0,0,0,0,1,2,2,0,0,0,0,0,0,0,0,0,0,0,0,0,1,2,2,0,0,0,0,0,0,0,0,0,0,0,0,0,0,0,0,0,1,2,0,0,0,0,1,2,0,0,0,0,5,3,0,1,0,0,0,0,0,0,0,0,0,0,5,0,0.0,,,,,,,,,,,,,,,,,,,,,,,,,,,,,,,,,,0,1.0,0.0,34.6,12.0
376,High,RPath,1460,3.0,4.0,0.0,12.0,0.0,0.10582010582010581,1.0,0.0,113.4,50,3,3,3.0,walkways,29.567,CON,1,2,2,1,2,2,1,2,2,0,0,0,1,0,0,0,0,0,0,0,0,0,0,0,0,5,0,2,0,0,0,0,0,0,1,2,0,0,0,0,0,0,0,0,0,0,0,0,1,0,1,2,0,0,0,0,0,1,0,0,0,0,0,0,1,0,0,0,0,0,1,0,0,1,2,0,1,0,0,0,0,0,5,3,0,0,0,0,0,0,0,0,0,0,0,0,5,0,0.0,,,,,,,,,,,,,,,,,,,,,,,,,,,,,,,,,,0,1.0,0.0,113.4,12.0
377,High,RPath,40,5.0,2.0,0.154,10.0,0.77,0.05058168942842691,3.0,0.154,197.7,93,5,5,15.0,sidewalks,197.583,CON,1,2,2,1,0,0,0,0,0,1,2,2,1,2,2,1,2,0,0,0,0,0,0,0,5,5,0,0,1,2,2,0,0,0,1,2,2,0,0,0,0,0,0,0,1,2,0,0,1,0,1,2,2,5,5,0,3,1,0,0,0,1,2,2,1,2,0,0,0,0,1,0,0,1,2,2,1,2,2,0,0,0,0,0,1,1,1,1,0,0,0,0,0,1,2,0,5,0,0.334,,,,0.235,0.091,,,,,,,,,,,,0.008,,,,,,,,,,,,,,,,,1,3.0,0.154,197.7,20.0
378,High,RPath,90,5.0,2.0,0.121,10.0,0.605,0.0949667616334283,3.0,0.121,105.3,86,5,5,15.0,sidewalks,105.303,HMAC,1,2,2,0,0,0,0,0,0,0,0,0,1,2,2,1,2,2,0,0,0,1,2,2,0,5,0,0,0,0,0,1,2,0,1,2,2,0,0,0,1,2,2,5,1,2,0,0,1,1,1,2,2,5,5,0,3,1,1,0,0,1,2,0,1,0,0,1,0,0,0,0,0,1,2,0,1,2,0,0,0,0,0,0,1,0,1,0,0,0,0,0,0,0,0,0,5,0,0.385,,,,0.342,0.028,,,,,,,,,,,,0.014,,,,,,,,,,,,,,,,,1,3.0,0.121,105.3,20.0
379,High,RPath,99,5.0,2.0,0.142,10.0,0.71,0.1152073732718894,3.0,0.142,86.8,101,5,5,15.0,sidewalks,86.411,HMAC,1,2,0,1,2,0,0,0,0,0,0,0,1,2,2,1,2,2,1,0,0,0,0,0,5,5,0,2,0,0,0,1,2,2,1,2,2,0,0,0,0,0,0,5,1,2,0,0,1,1,1,2,2,5,5,0,0,1,0,0,0,0,0,0,1,2,2,0,0,0,1,2,2,1,2,2,1,2,2,0,0,0,5,3,0,0,0,1,2,0,0,0,0,0,0,0,5,0,0.449,,,,0.38,0.017,,,,,,0.017,,,,0.017,,,0.017,,,,,,,,,,,,,,,,1,3.0,0.142,86.8,20.0
380,High,RPath,131,5.0,2.0,0.22,10.0,1.1,0.039416633819471816,3.0,0.22,253.7,89,5,5,15.0,sidewalks,248.907,HMAC,1,2,2,1,2,0,1,2,0,1,2,2,1,2,2,1,2,2,0,0,0,0,0,0,5,0,0,2,0,0,0,1,2,0,1,2,2,0,0,0,1,2,2,0,1,2,0,0,1,0,1,2,2,5,5,0,3,1,0,0,0,0,0,0,0,0,0,0,0,0,0,0,0,1,2,2,1,0,0,0,0,0,0,3,1,1,1,1,2,0,0,0,0,0,0,0,5,0,0.491,,,,0.355,0.106,,,,,,0.006,,,0.024,,,,,,,,,,,,,,,,,,,,0,3.0,0.22,253.7,10.0
381,High,RPath,140,5.0,2.0,0.135,10.0,0.675,0.04730368968779565,3.0,0.135,211.4,93,5,5,15.0,sidewalks,209.402,CON,1,2,0,0,0,0,0,0,0,1,2,2,1,2,2,1,2,0,0,0,0,0,0,0,5,5,0,0,1,2,2,0,0,0,1,2,2,0,0,0,0,0,0,0,1,2,2,0,1,0,1,2,2,5,5,0,3,1,0,0,0,1,2,2,1,0,0,0,0,0,1,0,0,1,2,2,1,2,2,1,0,0,0,0,1,1,1,1,2,0,0,0,0,1,2,0,5,0,0.369,,,,0.284,0.043,,,,,,,,,,,,0.043,,,,,,,,,,,,,,,,,0,3.0,0.135,211.4,10.0
382,High,RPath,193,5.0,2.0,0.201,10.0,1.0050000000000001,0.09225092250922509,3.0,0.201,108.4,93,5,5,15.0,sidewalks,108.257,CON,1,2,2,1,0,0,0,0,0,1,2,2,1,2,2,1,0,0,0,0,0,0,0,0,5,0,0,2,1,2,2,0,0,0,1,2,2,0,0,0,0,0,0,5,1,2,2,0,0,0,1,2,2,5,5,0,3,1,0,0,0,1,2,0,1,2,0,0,0,0,0,0,0,1,2,2,1,2,2,0,0,0,5,0,1,1,1,0,0,0,0,0,0,1,0,0,5,0,0.332,0.014,,,,0.138,,,,,,,,0.166,,,,0.014,,,,,,,,,,,,,,,,,1,3.0,0.201,108.4,20.0
383,High,RPath,222,5.0,2.0,0.14,10.0,0.7000000000000001,0.09074410163339383,3.0,0.14,110.2,88,5,5,15.0,sidewalks,111.253,CON,1,2,0,1,0,0,0,0,0,1,2,0,1,0,0,1,2,0,0,0,0,0,0,0,5,0,0,0,1,2,2,0,0,0,1,0,0,0,0,0,0,0,0,5,1,2,2,0,1,1,1,2,2,0,5,0,3,1,1,2,0,0,0,0,1,2,2,0,0,0,1,2,0,1,2,0,1,2,0,0,0,0,5,3,1,1,1,1,2,0,1,0,0,1,2,0,5,0,0.313,,,,0.231,0.054,,,,,,,,,,,,,0.027,,,,,,,,,,,,,,,,1,3.0,0.14,110.2,20.0
384,High,RPath,286,5.0,2.0,0.183,10.0,0.915,0.030303030303030304,3.0,0.183,330.0,88,5,5,15.0,sidewalks,330.272,CON,1,2,2,1,2,0,0,0,0,0,0,0,1,2,0,1,2,2,0,0,0,0,0,0,5,5,0,2,1,2,0,0,0,0,1,2,2,0,0,0,0,0,0,0,1,2,2,0,0,0,1,2,2,5,5,0,3,1,0,0,0,0,0,0,0,0,0,0,0,0,1,0,0,1,2,0,1,2,2,0,0,0,5,0,1,0,1,1,2,0,1,0,0,1,2,0,5,0,0.377,,,0.009,0.259,0.109,,,,,,,,,,,,,,,,,,,,,,,,,,,,,1,3.0,0.183,330.0,20.0
385,High,RPath,405,5.0,2.0,0.183,10.0,0.915,0.12853470437017994,3.0,0.183,77.8,101,5,5,15.0,sidewalks,80.098,HMAC,1,2,2,1,2,0,1,0,0,1,2,2,1,2,0,0,0,0,0,0,0,1,2,0,5,5,0,2,1,2,0,0,0,0,1,2,2,0,0,0,1,2,2,5,1,2,0,0,1,0,1,2,2,5,5,0,3,1,1,2,0,0,0,0,1,0,0,0,0,0,0,0,0,1,2,0,1,2,0,0,0,0,5,3,1,0,1,1,2,0,0,0,0,0,0,0,5,0,0.27,0.019,,,0.116,0.058,0.077,,,,,,,,,,,,,,,,,,,,,,,,,,,,1,3.0,0.183,77.8,20.0
386,High,RPath,531,5.0,2.0,0.162,10.0,0.81,0.08298755186721991,3.0,0.162,120.5,92,5,5,15.0,sidewalks,109.362,CON,1,2,2,1,2,0,1,2,0,1,2,2,1,2,2,1,2,2,0,0,0,0,0,0,5,0,0,0,0,0,0,1,2,2,1,2,2,0,0,0,1,2,2,0,1,2,2,0,1,1,1,2,2,5,5,0,3,1,0,0,0,0,0,0,0,0,0,0,0,0,0,0,0,1,2,0,1,0,0,0,0,0,5,0,1,1,1,1,2,0,0,0,0,0,0,0,5,0,0.274,,,,0.124,0.062,,,,,,,,,0.05,,,0.037,,,,,,,,,,,,,,,,,1,3.0,0.162,120.5,20.0
387,High,RPath,547,5.0,2.0,0.158,10.0,0.79,0.1360544217687075,3.0,0.158,73.5,86,5,5,15.0,sidewalks,73.518,CON,1,2,0,0,0,0,0,0,0,1,2,0,1,0,0,1,2,2,0,0,0,0,0,0,5,5,0,0,1,2,2,0,0,0,1,0,0,0,0,0,0,0,0,0,1,2,2,0,1,1,1,2,2,0,0,0,3,1,1,0,0,1,0,0,1,2,0,0,0,0,1,2,2,1,2,2,1,2,2,1,2,0,0,0,1,1,1,1,2,2,1,2,0,1,2,0,5,0,0.612,,,,0.592,,,,,,,,,,,0.02,,,,,,,,,,,,,,,,,,,0,3.0,0.158,73.5,10.0
388,High,RPath,634,5.0,2.0,0.208,10.0,1.04,0.029815146094215865,3.0,0.208,335.4,97,5,5,15.0,sidewalks,333.807,HMAC,1,2,2,1,2,0,0,0,0,0,0,0,1,2,2,1,2,2,0,0,0,0,0,0,5,5,0,2,0,0,0,1,2,2,1,2,2,0,0,0,0,0,0,0,1,2,2,0,0,0,1,2,2,5,5,4,0,1,0,0,0,1,2,0,1,2,2,1,2,0,1,0,0,1,2,0,1,0,0,0,0,0,5,0,1,1,1,0,0,0,0,0,0,1,2,0,5,0,0.241,,,,0.004,0.161,,,,,,,0.018,0.04,,,0.013,,0.004,,,,,,,,,,,,,,,,0,3.0,0.208,335.4,10.0
389,High,RPath,677,5.0,2.0,0.157,10.0,0.785,0.1310615989515072,3.0,0.157,76.3,93,5,5,15.0,sidewalks,80.787,HMAC,1,2,0,1,2,0,1,2,0,1,2,0,1,2,2,0,0,0,0,0,0,1,0,0,5,5,0,2,1,2,0,0,0,0,1,2,0,0,0,0,1,2,0,5,1,2,2,0,1,0,1,2,0,5,5,0,0,1,1,0,0,0,0,0,1,2,0,0,0,0,0,0,0,1,2,2,1,2,0,0,0,0,5,3,1,0,0,1,2,0,0,0,0,0,0,0,5,0,0.256,,,,0.118,0.118,,,,,,,,,,,,0.02,,,,,,,,,,,,,,,,,0,3.0,0.157,76.3,10.0
390,High,RPath,679,5.0,2.0,0.125,10.0,0.625,0.12804097311139565,3.0,0.125,78.1,92,5,5,15.0,sidewalks,79.603,HMAC,1,2,0,1,2,0,1,2,0,1,2,0,1,2,2,0,0,0,0,0,0,1,0,0,0,5,0,2,1,2,0,0,0,0,1,2,0,0,0,0,1,2,0,5,1,2,2,0,1,0,1,2,2,5,5,0,3,1,1,0,0,0,0,0,1,0,0,0,0,0,0,0,0,1,2,2,1,2,0,0,0,0,5,3,1,0,1,1,2,0,0,0,0,0,0,0,5,0,0.326,,,0.019,0.269,0.038,,,,,,,,,,,,,,,,,,,,,,,,,,,,,0,3.0,0.125,78.1,10.0
391,High,RPath,680,5.0,2.0,0.2,10.0,1.0,0.12987012987012986,3.0,0.2,77.0,94,5,5,15.0,sidewalks,78.724,HMAC,1,2,2,1,2,0,1,0,0,1,2,2,1,2,2,0,0,0,0,0,0,1,0,0,5,0,0,2,1,2,0,0,0,0,1,2,0,0,0,0,1,2,0,5,1,2,2,0,1,0,1,2,2,5,5,0,3,1,1,0,0,0,0,0,1,0,0,0,0,0,0,0,0,1,2,2,1,2,0,0,0,0,5,3,1,0,1,1,2,0,0,0,0,0,0,0,5,0,0.507,0.058,,,0.409,,0.039,,,,,,,,,,,,,,,,,,,,,,,,,,,,0,3.0,0.2,77.0,10.0
392,High,RPath,725,5.0,2.0,0.108,10.0,0.54,0.09041591320072333,3.0,0.108,110.6,87,5,5,15.0,sidewalks,110.631,CON,1,2,0,0,0,0,0,0,0,1,2,2,1,2,2,1,2,0,0,0,0,0,0,0,5,0,0,0,1,2,2,0,0,0,1,2,2,0,0,0,0,0,0,0,1,2,0,0,1,0,1,2,2,5,5,0,3,1,0,0,0,1,2,2,1,2,0,0,0,0,1,0,0,1,2,2,1,2,2,0,0,0,0,0,1,1,1,1,2,0,0,0,0,1,2,0,5,0,0.217,,,,0.136,0.068,,,,,,,,,,,,0.014,,,,,,,,,,,,,,,,,0,3.0,0.108,110.6,10.0
393,High,RPath,729,5.0,2.0,0.153,10.0,0.765,0.07283321194464676,3.0,0.153,137.3,91,5,5,15.0,sidewalks,165.724,CON,1,0,0,0,0,0,0,0,0,1,2,2,1,2,2,1,2,0,0,0,0,0,0,0,5,5,0,0,1,2,2,0,0,0,1,2,2,0,0,0,0,0,0,0,1,2,2,0,1,0,1,2,2,5,5,0,3,1,0,0,0,1,2,2,1,0,0,0,0,0,1,0,0,1,2,2,1,2,2,1,0,0,0,0,1,1,1,1,2,0,0,0,0,1,2,0,5,0,0.328,0.055,,0.011,0.197,,,,,,,,,,,,,0.055,0.011,,,,,,,,,,,,,,,,0,3.0,0.153,137.3,10.0
394,High,RPath,754,5.0,2.0,0.198,10.0,0.99,0.13192612137203166,3.0,0.198,75.8,94,5,5,15.0,sidewalks,74.803,HMAC,1,2,2,1,2,0,0,0,0,0,0,0,1,2,0,0,0,0,0,0,0,0,0,0,5,0,0,2,1,0,0,1,2,2,1,2,2,0,0,0,1,2,0,5,1,2,2,0,1,0,1,2,2,5,5,0,3,1,0,0,0,1,0,0,1,2,2,1,0,0,1,2,0,1,2,0,1,0,0,0,0,0,5,0,1,1,1,1,2,2,0,0,0,0,0,0,5,0,0.198,,,,,0.178,,,,,,,,,,,,,0.02,,,,,,,,,,,,,,,,1,3.0,0.198,75.8,20.0
395,High,RPath,755,5.0,2.0,0.166,10.0,0.8300000000000001,0.052687038988408846,3.0,0.166,189.8,92,5,5,15.0,sidewalks,189.792,CON,1,2,2,1,2,0,0,0,0,1,0,0,1,2,0,0,0,0,0,0,0,0,0,0,5,0,0,0,1,2,2,1,2,2,1,2,2,0,0,0,1,2,2,0,1,2,2,0,1,1,1,2,2,5,5,0,3,0,1,0,0,0,0,0,1,2,0,1,0,0,1,2,0,1,2,0,1,0,0,0,0,0,5,0,1,1,1,1,2,2,0,0,0,0,0,0,5,0,0.166,,,,,0.166,,,,,,,,,,,,,,,,,,,,,,,,,,,,,4,3.0,0.166,189.8,40.0
396,High,RPath,954,5.0,2.0,0.21,10.0,1.05,0.11001100110011,3.0,0.21,90.9,88,5,5,15.0,sidewalks,91.48,CON,1,2,2,0,0,0,0,0,0,1,2,2,0,0,0,1,2,0,0,0,0,0,0,0,5,0,0,0,1,2,2,0,0,0,0,0,0,0,0,0,0,0,0,0,1,2,2,0,1,1,1,2,2,0,5,0,3,1,1,2,0,0,0,0,1,2,2,0,0,0,1,2,2,1,2,0,1,2,2,1,0,0,5,0,1,1,1,1,2,0,1,2,0,1,2,0,5,0,0.528,,,,0.413,0.099,,,,,,,,,,,,0.017,,,,,,,,,,,,,,,,,0,3.0,0.21,90.9,10.0
397,High,RPath,956,5.0,2.0,0.134,10.0,0.67,0.10857763300760044,3.0,0.134,92.1,86,5,5,15.0,sidewalks,92.089,CON,1,2,0,0,0,0,0,0,0,1,2,0,1,0,0,1,2,2,0,0,0,0,0,0,5,0,0,0,1,2,2,0,0,0,1,0,0,0,0,0,0,0,0,0,1,2,2,0,1,1,1,2,2,0,5,0,0,1,1,2,0,1,0,0,1,2,2,0,0,0,1,2,2,1,2,0,1,2,2,1,0,0,5,0,1,1,1,1,2,0,1,2,0,1,2,0,5,0,0.456,,,,0.375,,,,,,,,,,,,,0.081,,,,,,,,,,,,,,,,,0,3.0,0.134,92.1,10.0
398,High,RPath,1234,5.0,2.0,0.127,10.0,0.635,0.03614022406938923,3.0,0.127,276.7,87,5,5,15.0,sidewalks,276.854,CON,1,2,0,1,2,0,0,0,0,0,0,0,1,2,2,0,0,0,0,0,0,0,0,0,0,5,0,2,1,0,0,1,2,0,1,2,2,0,0,0,1,0,0,5,1,0,0,0,0,0,1,2,0,5,0,0,3,1,0,0,0,0,0,0,1,2,2,1,2,0,1,2,2,1,2,2,1,2,2,0,0,0,5,3,1,0,1,1,2,0,0,0,0,0,0,0,5,0,0.51,,,,0.51,,,,,,,,,,,,,,,,,,,,,,,,,,,,,,0,3.0,0.127,276.7,10.0
399,High,RPath,6,3.0,3.0,0.029,9.0,0.08700000000000001,0.025677603423680456,2.0,0.029,350.5,57,3,3,6.0,sidewalks,355.725,CON,1,2,0,0,0,0,0,0,0,1,2,0,1,2,0,1,0,0,0,0,0,0,0,0,0,0,3,0,1,2,2,0,0,0,1,2,0,0,0,0,0,0,0,0,1,2,2,0,0,0,1,2,2,0,5,0,0,0,0,0,0,1,2,0,1,0,0,0,0,0,0,0,0,1,2,0,1,2,0,1,0,0,0,0,1,1,1,1,0,0,0,0,0,1,0,0,5,0,0.107,,,,0.098,,,,,,,,,,,0.004,,0.004,,,,,,,,,,,,,,,,,0,2.0,0.029,350.5,9.0
400,High,RPath,12,3.0,3.0,0.086,9.0,0.258,0.07685738684884715,2.0,0.086,117.1,50,3,3,6.0,sidewalks,112.935,CON,1,2,2,1,0,0,1,0,0,0,0,0,0,0,0,0,0,0,0,0,0,0,0,0,0,0,0,2,0,0,0,0,0,0,1,2,2,0,0,0,0,0,0,0,0,0,0,0,1,1,1,2,0,5,5,0,0,1,0,0,0,0,0,0,1,0,0,0,0,0,1,2,0,1,0,0,1,2,2,0,0,0,0,3,1,0,1,0,0,0,0,0,0,0,0,0,5,0,0.102,,,,0.013,0.051,,,,,,,,,,0.013,0.026,,,,,,,,,,,,,,,,,,0,2.0,0.086,117.1,9.0
401,High,RPath,13,3.0,3.0,0.094,9.0,0.28200000000000003,0.07069913589945012,2.0,0.094,127.3,54,3,3,6.0,sidewalks,122.86,CON,1,2,2,0,0,0,0,0,0,0,0,0,0,0,0,1,0,0,0,0,0,0,0,0,0,0,0,2,0,0,0,0,0,0,1,2,2,0,0,0,0,0,0,0,0,0,0,0,1,1,1,2,2,5,5,0,3,1,0,0,0,0,0,0,1,0,0,0,0,0,1,2,0,1,0,0,1,2,2,0,0,0,0,3,1,0,1,0,0,0,0,0,0,0,0,0,5,0,0.094,,,,,0.094,,,,,,,,,,,,,,,,,,,,,,,,,,,,,1,2.0,0.094,127.3,19.0
402,High,RPath,25,3.0,3.0,0.065,9.0,0.195,0.037006578947368425,2.0,0.065,243.2,63,3,3,6.0,sidewalks,245.381,CON,1,2,0,1,2,0,1,2,0,0,0,0,1,2,0,0,0,0,0,0,0,0,0,0,5,0,0,2,0,0,0,1,2,2,1,0,0,0,0,0,1,2,2,0,1,2,0,0,0,0,1,2,2,0,0,4,3,1,0,0,0,0,0,0,0,0,0,0,0,0,0,0,0,0,0,0,0,0,0,0,0,0,5,3,1,1,1,1,0,0,0,0,0,0,0,0,5,0,0.074,,,,0.012,0.056,,,,,,,,,,,0.006,,,,,,,,,,,,,,,,,,1,2.0,0.065,243.2,19.0
403,High,RPath,35,3.0,3.0,0.086,9.0,0.258,0.5142857142857142,2.0,0.086,17.5,49,3,3,6.0,sidewalks,15.79,HMAC,1,2,0,1,2,0,1,2,0,0,0,0,1,2,0,1,0,0,0,0,0,1,2,0,0,0,0,2,0,0,0,1,0,0,1,2,0,0,0,0,0,0,0,0,1,0,0,0,0,0,1,2,0,0,0,0,0,1,0,0,0,0,0,0,0,0,0,0,0,0,0,0,0,1,2,0,1,2,0,0,0,0,5,3,1,1,1,0,0,0,0,0,0,0,0,0,5,0,0.086,,,,,0.086,,,,,,,,,,,,,,,,,,,,,,,,,,,,,0,2.0,0.086,17.5,9.0
404,High,RPath,61,3.0,3.0,0.089,9.0,0.267,0.10215664018161182,2.0,0.089,88.1,50,3,3,6.0,sidewalks,85.077,HMAC,1,2,2,1,0,0,1,0,0,1,0,0,1,0,0,0,0,0,0,0,0,0,0,0,0,0,3,0,0,0,0,0,0,0,1,2,2,0,0,0,0,0,0,0,1,0,0,0,0,0,1,2,2,0,5,0,0,1,0,0,0,0,0,0,0,0,0,0,0,0,0,0,0,1,2,0,1,2,2,0,0,0,5,0,1,1,1,0,0,0,0,0,0,0,0,0,5,0,0.204,,,,0.153,0.051,,,,,,,,,,,,,,,,,,,,,,,,,,,,,0,2.0,0.089,88.1,9.0
405,High,RPath,67,3.0,3.0,0.014,9.0,0.042,0.05603985056039851,2.0,0.014,160.6,51,3,3,6.0,sidewalks,160.568,HMAC,1,2,2,1,2,0,0,0,0,0,0,0,1,2,2,0,0,0,0,0,0,1,2,0,0,0,0,2,0,0,0,1,0,0,1,2,0,0,0,0,0,0,0,0,1,0,0,0,1,0,1,2,0,0,0,0,0,1,0,0,0,0,0,0,0,0,0,0,0,0,1,2,0,1,2,2,1,0,0,0,0,0,5,3,0,0,0,0,0,0,0,0,0,1,0,0,5,0,0.056,,,,0.056,,,,,,,,,,,,,,,,,,,,,,,,,,,,,,0,2.0,0.014,160.6,9.0
406,High,RPath,68,3.0,3.0,0.037,9.0,0.11099999999999999,0.11221945137157106,2.0,0.037,80.2,57,3,3,6.0,sidewalks,80.084,HMAC,1,2,0,1,2,0,1,2,0,0,0,0,1,2,0,1,2,2,0,0,0,1,0,0,0,0,0,2,0,0,0,0,0,0,1,2,2,0,0,0,0,0,0,0,1,0,0,0,0,0,1,0,0,5,5,0,0,1,0,0,0,0,0,0,0,0,0,0,0,0,1,0,0,1,2,2,1,2,0,0,0,0,0,3,1,0,1,0,0,0,0,0,0,0,0,0,5,0,0.094,,,,0.075,0.019,,,,,,,,,,,,,,,,,,,,,,,,,,,,,0,2.0,0.037,80.2,9.0
407,High,RPath,69,3.0,3.0,0.031,9.0,0.093,0.12482662968099863,2.0,0.031,72.1,56,3,3,6.0,sidewalks,71.756,HMAC,1,2,0,1,2,0,1,2,0,0,0,0,1,2,0,1,2,2,0,0,0,0,0,0,0,0,0,2,0,0,0,0,0,0,1,2,2,0,0,0,0,0,0,0,1,0,0,0,0,0,1,0,0,5,5,0,0,1,0,0,0,0,0,0,0,0,0,0,0,0,1,0,0,1,2,2,1,2,0,0,0,0,0,3,1,0,1,0,0,0,0,0,0,0,0,0,5,0,0.125,,,,0.125,,,,,,,,,,,,,,,,,,,,,,,,,,,,,,0,2.0,0.031,72.1,9.0
408,High,RPath,70,3.0,3.0,0.025,9.0,0.07500000000000001,0.12,2.0,0.025,75.0,52,3,3,6.0,sidewalks,74.987,HMAC,1,2,0,1,2,0,1,2,0,0,0,0,1,2,0,1,0,0,0,0,0,0,0,0,0,0,0,2,0,0,0,0,0,0,1,2,2,0,0,0,0,0,0,0,1,2,0,0,1,0,1,2,0,5,5,0,0,1,0,0,0,0,0,0,0,0,0,0,0,0,0,0,0,1,2,0,1,0,0,0,0,0,0,3,0,0,1,0,0,0,0,0,0,1,0,0,5,0,0.1,,,,0.1,,,,,,,,,,,,,,,,,,,,,,,,,,,,,,0,2.0,0.025,75.0,9.0
409,High,RPath,71,3.0,3.0,0.039,9.0,0.11699999999999999,0.11568123393316196,2.0,0.039,77.8,55,3,3,6.0,sidewalks,77.585,HMAC,1,2,0,1,2,0,1,2,0,0,0,0,1,2,0,1,2,0,0,0,0,0,0,0,0,0,0,2,0,0,0,0,0,0,1,2,2,0,0,0,0,0,0,0,1,2,0,0,1,0,1,2,0,5,5,0,0,1,0,0,0,0,0,0,0,0,0,0,0,0,0,0,0,1,2,0,1,0,0,0,0,0,0,3,1,0,1,0,0,0,0,0,0,1,0,0,5,0,0.154,,,,0.154,,,,,,,,,,,,,,,,,,,,,,,,,,,,,,0,2.0,0.039,77.8,9.0
410,High,RPath,72,3.0,3.0,0.042,9.0,0.126,0.125,2.0,0.042,72.0,56,3,3,6.0,sidewalks,71.953,HMAC,1,2,0,1,2,0,1,2,0,0,0,0,1,2,0,1,2,0,0,0,0,0,0,0,0,0,0,2,0,0,0,0,0,0,1,2,2,0,0,0,0,0,0,0,1,2,0,0,0,0,1,2,0,5,5,0,0,1,0,0,0,0,0,0,0,0,0,0,0,0,0,0,0,1,2,0,1,2,0,0,0,0,0,3,1,0,1,0,0,0,0,0,0,1,0,0,5,0,0.104,,,,0.083,0.021,,,,,,,,,,,,,,,,,,,,,,,,,,,,,0,2.0,0.042,72.0,9.0
411,High,RPath,74,3.0,3.0,0.02,9.0,0.06,0.12228260869565219,2.0,0.02,73.6,50,3,3,6.0,sidewalks,76.83,HMAC,1,2,0,1,0,0,1,0,0,0,0,0,1,0,0,1,0,0,0,0,0,0,0,0,0,0,0,2,0,0,0,0,0,0,1,2,2,0,0,0,0,0,0,0,0,0,0,0,1,1,1,2,2,5,0,4,0,1,0,0,0,0,0,0,0,0,0,0,0,0,0,0,0,1,2,0,1,2,0,0,0,0,5,3,0,0,0,0,0,0,0,0,0,0,0,0,5,0,0.081,,,,0.081,,,,,,,,,,,,,,,,,,,,,,,,,,,,,,0,2.0,0.02,73.6,9.0
412,High,RPath,76,3.0,3.0,0.02,9.0,0.06,0.12211668928086838,2.0,0.02,73.7,54,3,3,6.0,sidewalks,76.789,HMAC,1,2,2,1,2,0,1,0,0,0,0,0,0,0,0,1,2,0,0,0,0,0,0,0,0,0,0,2,0,0,0,0,0,0,1,2,2,0,0,0,0,0,0,0,1,0,0,0,1,1,1,2,2,5,0,4,0,1,0,0,0,0,0,0,0,0,0,0,0,0,0,0,0,1,0,0,1,2,0,0,0,0,5,3,0,0,0,0,0,0,0,0,0,0,0,0,5,0,0.081,,,,0.081,,,,,,,,,,,,,,,,,,,,,,,,,,,,,,0,2.0,0.02,73.7,9.0
413,High,RPath,77,3.0,3.0,0.031,9.0,0.093,0.1056338028169014,2.0,0.031,85.2,57,3,3,6.0,sidewalks,85.378,HMAC,1,2,2,1,2,2,1,0,0,0,0,0,0,0,0,1,0,0,0,0,0,0,0,0,0,0,0,2,0,0,0,0,0,0,1,2,2,0,0,0,0,0,0,0,1,0,0,0,1,1,1,2,2,5,0,0,0,1,0,0,0,0,0,0,0,0,0,0,0,0,0,0,0,0,0,0,1,2,2,0,0,0,5,3,1,1,1,0,0,0,1,2,0,0,0,0,5,0,0.07,,,,0.053,0.018,,,,,,,,,,,,,,,,,,,,,,,,,,,,,0,2.0,0.031,85.2,9.0
414,High,RPath,79,3.0,3.0,0.08,9.0,0.24,0.12080536912751678,2.0,0.08,74.5,51,3,3,6.0,sidewalks,76.841,HMAC,1,2,2,1,2,0,1,0,0,0,0,0,0,0,0,1,2,2,0,0,0,0,0,0,0,0,0,2,0,0,0,0,0,0,1,2,2,0,0,0,0,0,0,0,1,0,0,0,1,1,1,2,2,5,0,4,0,1,0,0,0,0,0,0,0,0,0,0,0,0,0,0,0,1,0,0,1,2,0,0,0,0,0,3,0,0,0,0,0,0,0,0,0,0,0,0,5,0,0.322,,,,0.322,,,,,,,,,,,,,,,,,,,,,,,,,,,,,,0,2.0,0.08,74.5,9.0
415,High,RPath,80,3.0,3.0,0.026,9.0,0.078,0.12396694214876033,2.0,0.026,72.6,51,3,3,6.0,sidewalks,77.917,HMAC,1,2,0,1,0,0,1,0,0,0,0,0,1,0,0,1,2,0,0,0,0,0,0,0,0,0,0,2,0,0,0,0,0,0,1,2,2,0,0,0,0,0,0,0,1,0,0,0,1,1,1,2,2,5,0,4,0,1,0,0,0,0,0,0,0,0,0,0,0,0,0,0,0,1,0,0,1,2,0,0,0,0,5,3,0,0,0,0,0,0,0,0,0,0,0,0,5,0,0.103,,,,0.103,,,,,,,,,,,,,,,,,,,,,,,,,,,,,,0,2.0,0.026,72.6,9.0
416,High,RPath,91,3.0,3.0,0.034,9.0,0.10200000000000001,0.09090909090909091,2.0,0.034,99.0,56,3,3,6.0,sidewalks,101.059,CON,1,0,0,0,0,0,0,0,0,0,0,0,1,2,2,1,0,0,0,0,0,1,2,2,0,5,0,2,0,0,0,0,0,0,1,2,0,0,0,0,0,0,0,5,1,0,0,0,1,0,1,2,0,0,0,0,0,1,0,0,0,0,0,0,0,0,0,1,0,0,1,0,0,1,2,0,1,2,0,0,0,0,5,3,1,0,1,0,0,0,0,0,0,0,0,0,5,0,0.136,,,,0.136,,,,,,,,,,,,,,,,,,,,,,,,,,,,,,0,2.0,0.034,99.0,9.0
417,High,RPath,93,3.0,3.0,0.048,9.0,0.14400000000000002,0.11597938144329897,2.0,0.048,77.6,64,4,3,6.0,sidewalks,76.181,PB,1,0,0,1,0,0,1,0,0,0,0,0,1,2,0,1,2,0,0,0,0,0,0,0,5,0,0,0,0,0,0,1,2,0,1,2,2,0,0,0,0,0,0,0,1,2,2,0,0,0,1,0,0,0,5,4,0,1,0,0,0,1,2,0,1,2,0,1,0,0,1,0,0,1,2,0,1,0,0,0,0,0,5,3,1,0,0,0,0,0,0,0,0,0,0,0,5,0,0.097,,,,,,,,,,,,,,,0.039,,0.058,,,,,,,,,,,,,,,,,2,2.0,0.048,77.6,29.0
418,High,RPath,94,3.0,3.0,0.034,9.0,0.10200000000000001,0.11811023622047244,2.0,0.034,76.2,65,4,3,6.0,sidewalks,76.596,PB,1,0,0,1,0,0,0,0,0,0,0,0,1,2,0,1,2,0,0,0,0,0,0,0,5,0,0,0,0,0,0,1,2,0,1,2,2,0,0,0,0,0,0,0,1,2,2,0,0,0,1,0,0,0,5,4,0,1,0,0,0,1,2,0,1,2,0,1,0,0,1,2,0,1,2,0,1,0,0,0,0,0,5,3,1,0,0,0,0,0,0,0,0,0,0,0,5,0,0.079,,,,,,,,,,,0.02,,,,0.059,,,,,,,,,,,,,,,,,,,2,2.0,0.034,76.2,29.0
419,High,RPath,104,3.0,3.0,0.046,9.0,0.138,0.09155645981688708,2.0,0.046,98.3,56,3,3,6.0,sidewalks,98.277,CON,1,2,0,0,0,0,0,0,0,0,0,0,1,2,2,1,2,0,1,2,2,0,0,0,5,0,0,2,0,0,0,1,2,2,1,0,0,0,0,0,0,0,0,0,1,0,0,0,0,0,1,0,0,0,5,0,3,1,0,0,0,0,0,0,1,2,2,0,0,0,0,0,0,1,0,0,1,0,0,0,0,0,0,3,1,0,0,0,0,0,0,0,0,0,0,0,5,0,0.046,,,,,0.046,,,,,,,,,,,,,,,,,,,,,,,,,,,,,0,2.0,0.046,98.3,9.0
420,High,RPath,128,3.0,3.0,0.057,9.0,0.171,0.04413928396272682,2.0,0.057,203.9,60,3,3,6.0,sidewalks,203.871,CON,1,2,0,1,2,0,1,2,0,1,2,0,1,2,2,0,0,0,0,0,0,0,0,0,0,5,0,2,0,0,0,1,2,0,1,2,0,0,0,0,0,0,0,0,1,0,0,0,0,0,1,2,0,0,0,4,3,0,0,0,0,0,0,0,0,0,0,0,0,0,1,0,0,1,2,0,1,2,0,0,0,0,0,0,1,1,1,0,0,0,1,0,0,0,0,0,5,3,0.228,,,,0.037,,,,,,,,,0.191,,,,,,,,,,,,,,,,,,,,,0,2.0,0.057,203.9,9.0
421,High,RPath,156,3.0,3.0,0.028,9.0,0.084,0.11097410604192356,2.0,0.028,81.1,64,4,3,6.0,sidewalks,78.833,HMAC,1,2,0,1,0,0,0,0,0,0,0,0,1,2,2,1,2,2,0,0,0,0,0,0,0,0,0,2,0,0,0,0,0,0,1,2,2,0,0,0,0,0,0,0,1,2,0,0,1,0,1,2,2,5,5,0,0,1,0,0,0,0,0,0,0,0,0,0,0,0,0,0,0,1,0,0,1,2,0,0,0,0,5,3,1,1,0,1,0,0,0,0,0,1,2,0,5,0,0.111,,,,0.111,,,,,,,,,,,,,,,,,,,,,,,,,,,,,,0,2.0,0.028,81.1,9.0
422,High,RPath,158,3.0,3.0,0.092,9.0,0.276,0.1227830832196453,2.0,0.092,73.3,52,3,3,6.0,sidewalks,77.358,HMAC,1,2,2,1,0,0,1,0,0,0,0,0,1,2,2,1,2,2,0,0,0,0,0,0,0,0,0,2,0,0,0,0,0,0,1,2,2,0,0,0,0,0,0,0,0,0,0,0,0,0,1,2,0,5,5,0,0,1,0,0,0,0,0,0,0,0,0,0,0,0,0,0,0,1,2,2,1,0,0,0,0,0,0,3,0,0,0,0,0,0,0,0,0,0,0,0,5,0,0.307,,,,0.286,,,,,,,,,,,,,,0.02,,,,,,,,,,,,,,,,0,2.0,0.092,73.3,9.0
423,High,RPath,160,3.0,3.0,0.086,9.0,0.258,0.12968299711815562,2.0,0.086,69.4,49,3,3,6.0,sidewalks,69.371,HMAC,1,2,0,1,0,0,1,0,0,0,0,0,1,2,2,1,2,2,0,0,0,0,0,0,0,0,0,2,0,0,0,0,0,0,1,2,2,0,0,0,0,0,0,0,0,0,0,0,0,0,1,2,2,0,0,0,0,1,0,0,0,0,0,0,0,0,0,0,0,0,1,0,0,1,2,0,1,2,0,0,0,0,5,3,1,0,0,0,0,0,0,0,0,0,0,0,5,0,0.281,,,0.022,0.259,,,,,,,,,,,,,,,,,,,,,,,,,,,,,,0,2.0,0.086,69.4,9.0
424,High,RPath,161,3.0,3.0,0.024,9.0,0.07200000000000001,0.06484149855907781,2.0,0.024,138.8,56,3,3,6.0,sidewalks,138.85,HMAC,1,2,0,1,0,0,1,0,0,0,0,0,1,2,2,1,0,0,0,0,0,0,0,0,0,5,0,2,0,0,0,0,0,0,1,2,0,0,0,0,0,0,0,0,0,0,0,0,1,0,1,2,2,0,0,0,3,1,0,0,0,0,0,0,0,0,0,0,0,0,0,0,0,1,2,2,1,2,2,0,0,0,5,3,1,0,1,0,0,0,0,0,0,0,0,0,5,0,0.065,,,,0.054,0.011,,,,,,,,,,,,,,,,,,,,,,,,,,,,,0,2.0,0.024,138.8,9.0
425,High,RPath,163,3.0,3.0,0.093,9.0,0.279,0.12430939226519336,2.0,0.093,72.4,49,3,3,6.0,sidewalks,77.279,HMAC,1,2,2,1,2,0,1,0,0,0,0,0,1,2,0,1,0,0,0,0,0,0,0,0,0,0,0,2,0,0,0,0,0,0,1,2,2,0,0,0,0,0,0,0,0,0,0,0,0,0,1,2,2,5,0,4,0,1,0,0,0,0,0,0,0,0,0,0,0,0,0,0,0,1,2,0,1,2,0,0,0,0,0,3,0,0,0,0,0,0,0,0,0,0,0,0,5,0,0.311,,,,0.29,0.021,,,,,,,,,,,,,,,,,,,,,,,,,,,,,0,2.0,0.093,72.4,9.0
426,High,RPath,167,3.0,3.0,0.06,9.0,0.18,0.07640067911714771,2.0,0.06,117.8,64,4,3,6.0,sidewalks,119.004,CON,1,2,2,1,0,0,1,0,0,0,0,0,1,2,0,1,0,0,0,0,0,0,0,0,0,5,0,2,0,0,0,1,0,0,1,2,2,1,2,2,1,2,2,0,1,0,0,0,0,0,1,2,2,0,0,4,3,1,0,0,0,0,0,0,0,0,0,0,0,0,0,0,0,0,0,0,0,0,0,0,0,0,5,0,1,1,1,1,2,0,0,0,0,0,0,0,5,0,0.089,,,,0.038,0.051,,,,,,,,,,,,,,,,,,,,,,,,,,,,,0,2.0,0.06,117.8,9.0
427,High,RPath,170,3.0,3.0,0.073,9.0,0.21899999999999997,0.10882708585247884,2.0,0.073,82.7,64,4,3,6.0,sidewalks,83.002,CON,1,2,2,1,2,0,1,2,0,1,0,0,1,0,0,0,0,0,0,0,0,0,0,0,5,0,0,2,0,0,0,0,0,0,1,2,2,0,0,0,0,0,0,5,1,0,0,0,0,0,1,2,2,0,5,0,0,1,0,0,0,0,0,0,1,2,0,0,0,0,1,2,0,1,0,0,1,2,2,0,0,0,0,3,1,0,1,0,0,0,0,0,0,0,0,0,5,0,0.218,,,,0.181,,,,,,,,,,,,0.018,0.018,,,,,,,,,,,,,,,,,0,2.0,0.073,82.7,9.0
428,High,RPath,177,3.0,3.0,0.074,9.0,0.22199999999999998,0.05583126550868487,2.0,0.074,161.2,53,3,3,6.0,sidewalks,162.844,HMAC,1,2,2,1,2,0,1,2,0,0,0,0,0,0,0,0,0,0,0,0,0,0,0,0,0,5,0,2,0,0,0,0,0,0,0,0,0,0,0,0,0,0,0,0,0,0,0,0,0,0,1,2,2,5,5,4,0,1,0,0,0,0,0,0,0,0,0,0,0,0,0,0,0,1,0,0,1,2,0,0,0,0,0,3,1,1,1,0,0,0,0,0,0,0,0,0,5,0,0.13,,,0.037,0.074,0.019,,,,,,,,,,,,,,,,,,,,,,,,,,,,,0,2.0,0.074,161.2,9.0
429,High,RPath,180,3.0,3.0,0.05,9.0,0.15000000000000002,0.031490552834149754,2.0,0.05,285.8,61,3,3,6.0,sidewalks,284.763,HMAC,1,2,2,1,2,2,1,2,2,0,0,0,1,2,0,0,0,0,0,0,0,0,0,0,0,5,0,2,0,0,0,0,0,0,0,0,0,0,0,0,0,0,0,0,0,0,0,0,0,0,1,2,2,5,0,4,3,1,0,0,0,0,0,0,0,0,0,0,0,0,0,0,0,1,2,0,1,2,2,0,0,0,0,3,0,1,1,0,0,0,0,0,0,0,0,0,5,0,0.168,,,,0.157,,,,,,,,,,,,,,0.01,,,,,,,,,,,,,,,,0,2.0,0.05,285.8,9.0
430,High,RPath,185,3.0,3.0,0.035,9.0,0.10500000000000001,0.11889035667107001,2.0,0.035,75.7,64,4,3,6.0,sidewalks,75.8,HMAC,1,2,2,1,2,0,1,2,0,1,2,0,1,2,0,0,0,0,0,0,0,0,0,0,0,0,0,2,0,0,0,0,0,0,1,2,2,0,0,0,0,0,0,0,0,0,0,0,0,0,1,2,2,5,5,0,0,1,0,0,0,0,0,0,0,0,0,0,0,0,1,2,2,0,0,0,1,2,0,0,0,0,5,3,1,1,1,0,0,0,0,0,0,0,0,0,5,0,0.079,,,,0.059,0.02,,,,,,,,,,,,,,,,,,,,,,,,,,,,,0,2.0,0.035,75.7,9.0
431,High,RPath,191,3.0,3.0,0.092,9.0,0.276,0.08514664143803216,2.0,0.092,105.7,62,3,3,6.0,sidewalks,105.869,HMAC,1,0,0,0,0,0,0,0,0,0,0,0,1,2,0,0,0,0,0,0,0,0,0,0,5,0,0,0,1,2,2,0,0,0,0,0,0,0,0,0,0,0,0,0,1,2,0,0,1,1,1,2,2,0,5,0,0,1,1,2,2,1,2,0,1,0,0,0,0,0,0,0,0,1,0,0,1,2,0,1,2,2,0,3,1,1,1,1,2,0,0,0,0,0,0,0,5,0,0.156,0.043,,,0.085,0.028,,,,,,,,,,,,,,,,,,,,,,,,,,,,,0,2.0,0.092,105.7,9.0
432,High,RPath,195,3.0,3.0,0.033,9.0,0.099,0.04697286012526096,2.0,0.033,191.6,57,3,3,6.0,sidewalks,191.107,HMAC,1,2,0,1,2,0,1,2,0,1,0,0,1,0,0,0,0,0,0,0,0,0,0,0,0,0,0,2,0,0,0,0,0,0,1,2,2,0,0,0,0,0,0,0,0,0,0,0,0,0,1,2,2,5,5,0,0,1,0,0,0,0,0,0,0,0,0,0,0,0,1,2,0,1,2,0,1,0,0,0,0,0,5,3,1,1,1,0,0,0,0,0,0,0,0,0,5,0,0.11,,,,0.039,0.008,,,,0.039,,0.023,,,,,,,,,,,,,,,,,,,,,,,0,2.0,0.033,191.6,9.0
433,High,RPath,196,3.0,3.0,0.031,9.0,0.093,0.0392841553906591,2.0,0.031,229.1,59,3,3,6.0,sidewalks,229.319,HMAC,1,2,2,1,2,0,1,2,0,0,0,0,1,2,0,1,0,0,0,0,0,0,0,0,0,5,0,2,0,0,0,0,0,0,1,2,2,0,0,0,0,0,0,0,0,0,0,0,0,0,1,2,2,0,0,4,0,1,0,0,0,0,0,0,0,0,0,0,0,0,0,0,0,1,2,0,1,2,2,0,0,0,5,3,0,1,0,0,0,0,0,0,0,0,0,0,5,0,0.098,,,,0.085,0.007,,,,,,,,,,,,0.007,,,,,,,,,,,,,,,,,0,2.0,0.031,229.1,9.0
434,High,RPath,197,3.0,3.0,0.01,9.0,0.03,0.12345679012345678,2.0,0.01,72.9,52,3,3,6.0,sidewalks,72.417,HMAC,1,2,0,1,2,0,1,2,0,0,0,0,1,0,0,0,0,0,0,0,0,0,0,0,0,0,0,2,0,0,0,0,0,0,1,2,2,0,0,0,0,0,0,0,0,0,0,0,0,0,1,2,2,5,5,0,0,1,0,0,0,0,0,0,0,0,0,0,0,0,1,0,0,1,2,0,1,2,0,0,0,0,5,0,1,0,1,0,0,0,0,0,0,0,0,0,5,0,0.041,,,,0.041,,,,,,,,,,,,,,,,,,,,,,,,,,,,,,0,2.0,0.01,72.9,9.0
435,High,RPath,198,3.0,3.0,0.064,9.0,0.192,0.12875536480686695,2.0,0.064,69.9,50,3,3,6.0,sidewalks,73.819,HMAC,1,2,0,0,0,0,0,0,0,1,2,0,1,2,0,0,0,0,0,0,0,0,0,0,0,0,0,2,0,0,0,0,0,0,1,2,0,0,0,0,0,0,0,0,0,0,0,0,0,0,1,2,2,5,0,4,0,1,0,0,0,0,0,0,0,0,0,0,0,0,0,0,0,0,0,0,1,2,2,0,0,0,5,3,1,1,1,0,0,0,0,0,0,0,0,0,5,0,0.193,,,,0.172,0.021,,,,,,,,,,,,,,,,,,,,,,,,,,,,,0,2.0,0.064,69.9,9.0
436,High,RPath,199,3.0,3.0,0.086,9.0,0.258,0.12838801711840228,2.0,0.086,70.1,50,3,3,6.0,sidewalks,73.468,HMAC,1,2,0,0,0,0,0,0,0,1,2,0,1,2,0,0,0,0,0,0,0,0,0,0,0,0,0,2,0,0,0,0,0,0,1,2,0,0,0,0,0,0,0,0,0,0,0,0,0,0,1,2,2,5,0,4,0,1,0,0,0,0,0,0,0,0,0,0,0,0,0,0,0,0,0,0,1,2,2,0,0,0,5,3,1,1,1,0,0,0,0,0,0,0,0,0,5,0,0.343,,,,0.343,,,,,,,,,,,,,,,,,,,,,,,,,,,,,,0,2.0,0.086,70.1,9.0
437,High,RPath,203,3.0,3.0,0.024,9.0,0.07200000000000001,0.04851752021563342,2.0,0.024,185.5,65,4,3,6.0,sidewalks,116.13,CON,1,2,0,1,0,0,1,0,0,0,0,0,1,2,0,1,2,0,0,0,0,0,0,0,5,0,0,2,0,0,0,0,0,0,1,2,2,0,0,0,0,0,0,0,1,2,2,0,0,0,1,2,2,5,0,4,0,1,0,0,0,0,0,0,0,0,0,0,0,0,1,2,0,1,2,0,1,2,0,0,0,0,5,3,0,0,0,0,0,0,0,0,0,0,0,0,5,0,0.097,,,,0.097,,,,,,,,,,,,,,,,,,,,,,,,,,,,,,0,2.0,0.024,185.5,9.0
438,High,RPath,211,3.0,3.0,0.097,9.0,0.29100000000000004,0.05431502715751358,2.0,0.097,165.7,63,3,3,6.0,sidewalks,166.79,HMAC,1,2,0,1,0,0,1,0,0,0,0,0,1,2,0,1,0,0,0,0,0,0,0,0,0,5,0,2,0,0,0,0,0,0,1,2,2,0,0,0,0,0,0,0,1,2,0,0,0,0,1,2,2,5,0,4,0,1,0,0,0,0,0,0,0,0,0,0,0,0,1,2,0,1,2,0,1,2,2,0,0,0,5,3,0,0,0,0,0,0,0,0,0,0,0,0,5,0,0.308,,,,0.281,0.018,,,,,,,,,,,0.009,,,,,,,,,,,,,,,,,,0,2.0,0.097,165.7,9.0
439,High,RPath,231,3.0,3.0,0.015,9.0,0.045,0.12113055181695828,2.0,0.015,74.3,50,3,3,6.0,sidewalks,78.418,HMAC,1,2,0,0,0,0,0,0,0,1,2,0,1,2,0,0,0,0,0,0,0,0,0,0,0,0,0,2,0,0,0,0,0,0,1,2,0,0,0,0,0,0,0,0,0,0,0,0,0,0,1,2,2,5,0,4,0,1,0,0,0,0,0,0,0,0,0,0,0,0,0,0,0,0,0,0,1,2,2,0,0,0,5,3,1,1,1,0,0,0,0,0,0,0,0,0,5,0,0.061,,,,0.061,,,,,,,,,,,,,,,,,,,,,,,,,,,,,,0,2.0,0.015,74.3,9.0
440,High,RPath,232,3.0,3.0,0.072,9.0,0.21599999999999997,0.12345679012345678,2.0,0.072,72.9,50,3,3,6.0,sidewalks,78.096,HMAC,1,2,0,0,0,0,0,0,0,1,2,0,1,2,0,0,0,0,0,0,0,0,0,0,0,0,0,2,0,0,0,0,0,0,1,2,0,0,0,0,0,0,0,0,0,0,0,0,0,0,1,2,2,5,0,4,0,1,0,0,0,0,0,0,0,0,0,0,0,0,0,0,0,0,0,0,1,2,2,0,0,0,5,3,1,1,1,0,0,0,0,0,0,0,0,0,5,0,0.288,,,,0.288,,,,,,,,,,,,,,,,,,,,,,,,,,,,,,0,2.0,0.072,72.9,9.0
441,High,RPath,235,3.0,3.0,0.054,9.0,0.162,0.11857707509881422,2.0,0.054,75.9,51,3,3,6.0,sidewalks,75.117,HMAC,1,2,2,1,2,2,1,2,0,0,0,0,1,0,0,0,0,0,0,0,0,0,0,0,0,0,0,2,0,0,0,0,0,0,1,2,2,0,0,0,0,0,0,0,0,0,0,0,0,0,1,2,2,0,0,4,0,1,0,0,0,0,0,0,0,0,0,0,0,0,0,0,0,1,0,0,1,2,0,0,0,0,5,3,1,1,1,0,0,0,0,0,0,0,0,0,5,0,0.158,,,,0.138,0.02,,,,,,,,,,,,,,,,,,,,,,,,,,,,,1,2.0,0.054,75.9,19.0
442,High,RPath,242,3.0,3.0,0.047,9.0,0.14100000000000001,0.07009345794392523,2.0,0.047,128.4,52,3,3,6.0,sidewalks,128.371,HMAC,1,2,2,0,0,0,0,0,0,1,2,0,1,2,0,0,0,0,0,0,0,0,0,0,0,0,3,2,0,0,0,0,0,0,1,0,0,0,0,0,0,0,0,0,0,0,0,0,0,0,1,2,2,5,5,0,0,1,0,0,0,0,0,0,0,0,0,0,0,0,1,0,0,0,0,0,1,2,0,0,0,0,5,3,1,0,1,0,0,0,0,0,0,0,0,0,5,0,0.117,,,,0.093,0.023,,,,,,,,,,,,,,,,,,,,,,,,,,,,,0,2.0,0.047,128.4,9.0
443,High,RPath,243,3.0,3.0,0.055,9.0,0.165,0.11920529801324503,2.0,0.055,75.5,51,3,3,6.0,sidewalks,76.03,HMAC,1,2,2,1,0,0,1,0,0,1,0,0,1,0,0,0,0,0,0,0,0,0,0,0,0,0,3,2,0,0,0,0,0,0,0,0,0,0,0,0,0,0,0,0,0,0,0,0,0,0,1,2,2,5,5,4,0,1,0,0,0,0,0,0,0,0,0,0,0,0,0,0,0,0,0,0,1,0,0,0,0,0,5,3,1,1,1,0,0,0,0,0,0,0,0,0,5,0,0.159,,,,0.139,0.02,,,,,,,,,,,,,,,,,,,,,,,,,,,,,0,2.0,0.055,75.5,9.0
444,High,RPath,246,3.0,3.0,0.043,9.0,0.129,0.12931034482758622,2.0,0.043,69.6,49,3,3,6.0,sidewalks,74.706,HMAC,1,2,0,1,0,0,1,0,0,1,2,0,1,2,0,0,0,0,0,0,0,0,0,0,0,0,0,2,0,0,0,0,0,0,1,0,0,0,0,0,0,0,0,0,0,0,0,0,0,0,1,2,2,5,0,4,0,1,0,0,0,0,0,0,0,0,0,0,0,0,0,0,0,0,0,0,1,2,2,0,0,0,5,3,0,1,1,0,0,0,0,0,0,0,0,0,5,0,0.108,,,,0.086,,,,,,,,,,,,0.022,,,,,,,,,,,,,,,,,,0,2.0,0.043,69.6,9.0
445,High,RPath,249,3.0,3.0,0.033,9.0,0.099,0.03306392358559883,2.0,0.033,272.2,58,3,3,6.0,sidewalks,272.211,HMAC,1,0,0,0,0,0,0,0,0,0,0,0,1,2,0,0,0,0,0,0,0,0,0,0,5,0,0,2,0,0,0,1,2,2,0,0,0,1,2,0,0,0,0,0,1,2,0,0,1,1,1,2,2,5,5,0,0,1,0,0,0,0,0,0,0,0,0,0,0,0,0,0,0,1,2,2,1,2,2,0,0,0,0,0,1,1,1,0,0,0,0,0,0,0,0,0,5,0,0.099,,,,0.044,0.006,,,,0.044,,,0.006,,,,,,,,,,,,,,,,,,,,,,0,2.0,0.033,272.2,9.0
446,High,RPath,256,3.0,3.0,0.026,9.0,0.078,0.10501750291715285,2.0,0.026,85.7,54,3,3,6.0,sidewalks,83.79,CON,1,0,0,1,0,0,0,0,0,0,0,0,1,2,0,1,2,0,0,0,0,0,0,0,5,0,0,0,0,0,0,1,2,2,1,2,2,0,0,0,1,2,2,0,1,0,0,0,1,0,1,2,2,0,5,0,0,0,0,0,0,0,0,0,0,0,0,0,0,0,0,0,0,1,0,0,1,2,2,0,0,0,0,0,1,1,1,0,0,0,0,0,0,0,0,0,5,0,0.053,,,,0.018,0.018,,,,,,,,0.018,,,,,,,,,,,,,,,,,,,,,0,2.0,0.026,85.7,9.0
447,High,RPath,266,3.0,3.0,0.064,9.0,0.192,0.041608876560332866,2.0,0.064,216.3,55,3,3,6.0,sidewalks,216.309,HMAC,1,2,2,0,0,0,0,0,0,1,2,0,1,2,0,0,0,0,0,0,0,0,0,0,0,5,0,2,0,0,0,0,0,0,1,2,2,0,0,0,0,0,0,0,0,0,0,0,0,0,1,2,2,5,5,0,0,1,0,0,0,0,0,0,0,0,0,0,0,0,1,2,0,0,0,0,1,2,0,0,0,0,0,3,1,0,1,0,0,0,0,0,0,0,0,0,5,0,0.111,,,0.042,0.055,0.007,,,,,,0.007,,,,,,,,,,,,,,,,,,,,,,,0,2.0,0.064,216.3,9.0
448,High,RPath,267,3.0,3.0,0.019,9.0,0.056999999999999995,0.041608876560332866,2.0,0.019,216.3,60,3,3,6.0,sidewalks,217.472,HMAC,1,2,2,1,0,0,1,0,0,1,2,0,1,2,0,0,0,0,0,0,0,0,0,0,0,5,0,2,0,0,0,0,0,0,1,2,2,0,0,0,0,0,0,0,0,0,0,0,0,0,1,2,2,5,5,0,0,1,0,0,0,0,0,0,0,0,0,0,0,0,1,2,2,0,0,0,1,2,0,0,0,0,0,3,1,1,1,0,0,0,0,0,0,0,0,0,5,0,0.076,,,,0.076,,,,,,,,,,,,,,,,,,,,,,,,,,,,,,0,2.0,0.019,216.3,9.0
449,High,RPath,272,3.0,3.0,0.024,9.0,0.07200000000000001,0.09483667017913593,2.0,0.024,94.9,59,3,3,6.0,sidewalks,90.896,HMAC,1,2,0,1,0,0,0,0,0,0,0,0,1,2,0,1,2,0,0,0,0,0,0,0,0,0,0,2,0,0,0,0,0,0,1,2,2,0,0,0,0,0,0,0,1,2,0,0,0,0,1,2,2,5,5,0,3,1,0,0,0,0,0,0,0,0,0,0,0,0,0,0,0,1,0,0,1,2,0,0,0,0,5,3,0,1,0,1,0,0,0,0,0,1,0,0,5,0,0.047,,,,0.032,0.016,,,,,,,,,,,,,,,,,,,,,,,,,,,,,0,2.0,0.024,94.9,9.0
450,High,RPath,279,3.0,3.0,0.045,9.0,0.135,0.15358361774744028,2.0,0.045,58.6,58,3,3,6.0,sidewalks,122.45,HMAC,1,2,2,1,2,0,1,2,0,1,0,0,1,2,0,0,0,0,0,0,0,0,0,0,5,0,0,2,0,0,0,0,0,0,1,2,2,0,0,0,0,0,0,0,0,0,0,0,0,0,1,2,2,5,0,4,0,1,0,0,0,0,0,0,0,0,0,0,0,0,0,0,0,1,0,0,1,0,0,0,0,0,5,3,0,1,0,0,0,0,0,0,0,0,0,0,5,0,0.179,,,,0.179,,,,,,,,,,,,,,,,,,,,,,,,,,,,,,1,2.0,0.045,58.6,19.0
451,High,RPath,280,3.0,3.0,0.04,9.0,0.12,0.029811195760185493,2.0,0.04,301.9,64,4,3,6.0,sidewalks,304.277,HMAC,1,2,2,1,0,0,1,0,0,1,0,0,1,2,2,1,0,0,0,0,0,0,0,0,5,5,0,2,0,0,0,0,0,0,1,2,2,0,0,0,0,0,0,0,0,0,0,0,0,0,1,2,2,5,0,4,0,1,0,0,0,0,0,0,0,0,0,0,0,0,1,0,0,1,0,0,1,2,0,0,0,0,5,3,0,0,0,0,0,0,0,0,0,0,0,0,5,0,0.129,,,,0.094,0.01,,,,0.025,,,,,,,,,,,,,,,,,,,,,,,,,0,2.0,0.04,301.9,9.0
452,High,RPath,282,3.0,3.0,0.016,9.0,0.048,0.04836109618484686,2.0,0.016,186.1,64,4,3,6.0,sidewalks,185.789,HMAC,1,2,2,0,0,0,0,0,0,0,0,0,1,2,2,1,2,2,0,0,0,0,0,0,0,5,0,0,0,0,0,0,0,0,1,2,2,0,0,0,0,0,0,0,1,0,0,0,0,0,1,0,0,5,5,0,3,1,0,0,0,0,0,0,0,0,0,0,0,0,0,0,0,1,2,0,1,2,2,0,0,0,5,3,1,1,0,0,0,0,0,0,0,0,0,0,5,0,0.064,,,,0.056,,,0.008,,,,,,,,,,,,,,,,,,,,,,,,,,,1,2.0,0.016,186.1,19.0
453,High,RPath,294,3.0,3.0,0.046,9.0,0.138,0.03277494537509104,2.0,0.046,274.6,58,3,3,6.0,sidewalks,326.247,HMAC,1,2,0,1,0,0,1,0,0,0,0,0,1,2,0,1,2,0,0,0,0,0,0,0,5,0,3,2,0,0,0,1,2,2,0,0,0,0,0,0,0,0,0,0,0,0,0,0,1,1,1,2,2,0,5,0,0,1,0,0,0,0,0,0,0,0,0,0,0,0,0,0,0,1,2,0,0,0,0,0,0,0,5,0,1,1,1,1,2,0,0,0,0,0,0,0,5,0,0.071,0.016,,0.011,0.033,,,,,,,,,,,,,,0.011,,,,,,,,,,,,,,,,2,2.0,0.046,274.6,29.0
454,High,RPath,299,3.0,3.0,0.053,9.0,0.159,0.10526315789473684,2.0,0.053,85.5,61,3,3,6.0,sidewalks,85.541,HMAC,1,2,0,1,2,2,1,0,0,0,0,0,1,2,2,1,2,0,0,0,0,0,0,0,0,5,0,2,0,0,0,1,0,0,1,2,0,0,0,0,0,0,0,5,1,0,0,0,0,0,1,2,0,0,0,0,3,1,0,0,0,0,0,0,0,0,0,0,0,0,0,0,0,1,2,0,1,2,0,0,0,0,5,3,1,0,0,0,0,0,0,0,0,0,0,0,5,0,0.21,,,,0.21,,,,,,,,,,,,,,,,,,,,,,,,,,,,,,0,2.0,0.053,85.5,9.0
455,High,RPath,300,3.0,3.0,0.058,9.0,0.17400000000000002,0.11612903225806452,2.0,0.058,77.5,59,3,3,6.0,sidewalks,78.849,HMAC,1,2,0,1,2,0,1,0,0,0,0,0,1,2,2,1,2,0,0,0,0,0,0,0,0,5,0,2,0,0,0,1,2,0,1,2,0,0,0,0,0,0,0,5,1,0,0,0,0,0,1,2,0,0,0,0,3,1,0,0,0,0,0,0,0,0,0,0,0,0,0,0,0,1,0,0,1,2,0,0,0,0,5,3,1,0,0,0,0,0,0,0,0,0,0,0,5,0,0.232,,,,0.232,,,,,,,,,,,,,,,,,,,,,,,,,,,,,,0,2.0,0.058,77.5,9.0
456,High,RPath,303,3.0,3.0,0.035,9.0,0.10500000000000001,0.10356731875719216,2.0,0.035,86.9,61,3,3,6.0,sidewalks,87.617,HMAC,1,2,2,1,2,0,1,0,0,1,2,0,1,2,0,1,2,0,0,0,0,0,0,0,0,0,0,2,0,0,0,0,0,0,1,2,2,0,0,0,0,0,0,5,1,2,0,0,0,0,1,2,2,0,5,0,0,1,0,0,0,0,0,0,0,0,0,0,0,0,0,0,0,1,2,0,1,0,0,0,0,0,5,3,0,0,0,0,0,0,0,0,0,0,0,0,5,0,0.035,,,0.017,,0.017,,,,,,,,,,,,,,,,,,,,,,,,,,,,,1,2.0,0.035,86.9,19.0
457,High,RPath,389,3.0,3.0,0.077,9.0,0.23099999999999998,0.03414264036418816,2.0,0.077,263.6,64,4,3,6.0,sidewalks,259.602,HMAC,1,2,2,1,0,0,1,2,2,1,2,2,1,2,2,0,0,0,0,0,0,0,0,0,5,5,0,2,0,0,0,0,0,0,1,2,2,0,0,0,0,0,0,0,1,2,2,0,0,0,1,2,2,0,0,0,0,1,0,0,0,0,0,0,0,0,0,0,0,0,0,0,0,1,0,0,1,0,0,0,0,0,0,3,1,0,1,1,2,0,0,0,0,0,0,0,5,0,0.097,,,,0.023,0.063,,,,,,,,,0.006,0.006,,,,,,,,,,,,,,,,,,,0,2.0,0.077,263.6,9.0
458,High,RPath,395,3.0,3.0,0.033,9.0,0.099,0.11138613861386139,2.0,0.033,80.8,65,4,3,6.0,sidewalks,80.839,HMAC,1,2,0,1,2,2,1,0,0,0,0,0,1,2,2,1,2,2,0,0,0,1,0,0,0,0,0,2,0,0,0,0,0,0,1,2,2,0,0,0,0,0,0,0,1,2,0,0,0,0,1,2,0,5,5,0,0,1,0,0,0,0,0,0,0,0,0,0,0,0,1,2,0,1,2,2,1,2,0,0,0,0,0,3,1,0,1,0,0,0,0,0,0,0,0,0,5,0,0.074,,,,0.056,,,,,,,,0.019,,,,,,,,,,,,,,,,,,,,,,0,2.0,0.033,80.8,9.0
459,High,RPath,429,3.0,3.0,0.015,9.0,0.045,0.05002779321845469,2.0,0.015,179.9,58,3,3,6.0,sidewalks,179.923,HMAC,1,0,0,1,2,0,0,0,0,0,0,0,1,2,2,1,0,0,0,0,0,0,0,0,0,5,0,2,0,0,0,0,0,0,1,2,0,0,0,0,0,0,0,5,1,0,0,0,0,0,1,2,0,0,0,0,3,1,0,0,0,0,0,0,0,0,0,0,0,0,0,0,0,1,2,2,1,2,2,0,0,0,5,3,1,0,0,0,0,0,0,0,0,1,0,0,5,0,0.058,,,,0.058,,,,,,,,,,,,,,,,,,,,,,,,,,,,,,0,2.0,0.015,179.9,9.0
460,High,RPath,446,3.0,3.0,0.086,9.0,0.258,0.11494252873563218,2.0,0.086,78.3,59,3,3,6.0,sidewalks,75.446,HMAC,1,2,0,1,0,0,1,0,0,1,0,0,1,0,0,1,0,0,0,0,0,0,0,0,0,0,0,2,0,0,0,0,0,0,1,2,2,0,0,0,0,0,0,5,1,2,0,0,0,0,1,2,0,5,0,4,3,1,0,0,0,0,0,0,0,0,0,0,0,0,0,0,0,1,0,0,1,2,2,0,0,0,5,3,1,0,0,0,0,0,0,0,0,0,0,0,5,0,0.345,,,,0.345,,,,,,,,,,,,,,,,,,,,,,,,,,,,,,1,2.0,0.086,78.3,19.0
461,High,RPath,448,3.0,3.0,0.02,9.0,0.06,0.15985790408525755,2.0,0.02,56.3,61,3,3,6.0,sidewalks,51.11,HMAC,1,2,2,0,0,0,0,0,0,0,0,0,1,0,0,1,0,0,1,0,0,0,0,0,0,0,0,2,0,0,0,1,2,2,1,2,2,0,0,0,0,0,0,0,1,2,0,0,1,1,1,2,2,5,0,0,3,1,0,0,0,0,0,0,0,0,0,0,0,0,0,0,0,1,0,0,1,2,2,0,0,0,5,3,1,1,1,0,0,0,0,0,0,0,0,0,5,0,0.08,,,,0.053,,,0.027,,,,,,,,,,,,,,,,,,,,,,,,,,,0,2.0,0.02,56.3,9.0
462,High,RPath,462,3.0,3.0,0.082,9.0,0.246,0.12228260869565219,2.0,0.082,73.6,50,3,3,6.0,sidewalks,77.432,HMAC,1,2,2,0,0,0,0,0,0,0,0,0,1,2,2,1,2,2,0,0,0,0,0,0,0,0,0,2,0,0,0,0,0,0,1,2,2,0,0,0,0,0,0,0,0,0,0,0,0,0,1,2,0,5,5,0,0,1,0,0,0,0,0,0,0,0,0,0,0,0,0,0,0,1,2,2,1,0,0,0,0,0,0,3,0,0,0,0,0,0,0,0,0,0,0,0,5,0,0.265,,,,0.245,,,,,,,,,,,,,,0.02,,,,,,,,,,,,,,,,0,2.0,0.082,73.6,9.0
463,High,RPath,466,3.0,3.0,0.054,9.0,0.162,0.1179554390563565,2.0,0.054,76.3,57,3,3,6.0,sidewalks,76.371,HMAC,1,2,0,1,0,0,0,0,0,0,0,0,1,2,0,1,2,0,0,0,0,0,0,0,0,0,0,2,0,0,0,0,0,0,1,2,2,0,0,0,0,0,0,0,1,0,0,0,0,0,1,2,2,5,5,0,3,1,0,0,0,0,0,0,0,0,0,0,0,0,0,0,0,1,0,0,1,2,0,0,0,0,5,3,0,1,0,1,0,0,0,0,0,1,0,0,5,0,0.098,,,,0.059,0.039,,,,,,,,,,,,,,,,,,,,,,,,,,,,,0,2.0,0.054,76.3,9.0
464,High,RPath,468,3.0,3.0,0.014,9.0,0.042,0.04864864864864865,2.0,0.014,185.0,66,4,3,6.0,sidewalks,188.954,HMAC,1,2,2,0,0,0,0,0,0,0,0,0,1,2,2,1,2,2,0,0,0,0,0,0,0,5,0,2,0,0,0,0,0,0,1,2,2,0,0,0,0,0,0,0,1,0,0,0,0,0,1,0,0,5,5,0,3,1,0,0,0,0,0,0,0,0,0,0,0,0,0,0,0,1,2,0,1,2,2,0,0,0,5,3,1,1,0,0,0,0,0,0,0,0,0,0,5,0,0.057,,,,0.057,,,,,,,,,,,,,,,,,,,,,,,,,,,,,,1,2.0,0.014,185.0,19.0
465,High,RPath,469,3.0,3.0,0.047,9.0,0.14100000000000001,0.11378002528445007,2.0,0.047,79.1,53,3,3,6.0,sidewalks,84.316,HMAC,1,0,0,1,0,0,0,0,0,0,0,0,1,2,0,1,0,0,0,0,0,0,0,0,0,0,0,2,0,0,0,0,0,0,1,2,2,0,0,0,0,0,0,0,1,0,0,0,0,0,1,2,2,5,0,4,0,1,0,0,0,0,0,0,0,0,0,0,0,0,1,2,0,1,2,0,1,2,2,0,0,0,5,3,0,0,0,0,0,0,0,0,0,0,0,0,5,0,0.133,,,,0.114,0.019,,,,,,,,,,,,,,,,,,,,,,,,,,,,,0,2.0,0.047,79.1,9.0
466,High,RPath,470,3.0,3.0,0.021,9.0,0.063,0.12893982808022922,2.0,0.021,69.8,56,3,3,6.0,sidewalks,75.442,HMAC,1,2,0,1,0,0,1,0,0,0,0,0,1,0,0,1,2,0,0,0,0,0,0,0,0,0,0,2,0,0,0,0,0,0,1,2,2,0,0,0,0,0,0,0,1,2,0,0,0,0,1,2,2,5,0,4,0,1,0,0,0,0,0,0,0,0,0,0,0,0,1,2,0,1,2,0,1,2,0,0,0,0,5,3,0,0,0,0,0,0,0,0,0,0,0,0,5,0,0.086,,,,0.086,,,,,,,,,,,,,,,,,,,,,,,,,,,,,,0,2.0,0.021,69.8,9.0
467,High,RPath,477,3.0,3.0,0.067,9.0,0.201,0.1232876712328767,2.0,0.067,73.0,61,3,3,6.0,sidewalks,68.163,HMAC,1,2,0,1,2,0,1,2,0,0,0,0,1,2,2,1,2,0,0,0,0,0,0,0,0,0,0,2,0,0,0,0,0,0,1,2,2,0,0,0,0,0,0,0,1,0,0,0,0,0,1,2,0,5,5,0,0,1,0,0,0,0,0,0,0,0,0,0,0,0,1,0,0,1,2,2,1,2,0,0,0,0,5,3,0,0,0,0,0,0,0,0,0,0,0,0,5,0,0.267,,,,0.267,,,,,,,,,,,,,,,,,,,,,,,,,,,,,,0,2.0,0.067,73.0,9.0
468,High,RPath,478,3.0,3.0,0.014,9.0,0.042,0.04257332071901608,2.0,0.014,211.4,62,3,3,6.0,sidewalks,215.903,HMAC,1,2,2,1,0,0,1,0,0,0,0,0,1,2,0,1,0,0,0,0,0,0,0,0,0,5,0,2,0,0,0,0,0,0,1,2,2,0,0,0,0,0,0,0,1,0,0,0,0,0,1,2,2,5,0,4,0,1,0,0,0,0,0,0,0,0,0,0,0,0,0,0,0,1,2,2,1,2,2,0,0,0,5,3,0,0,0,0,0,0,0,0,0,0,0,0,5,0,0.057,,,,0.057,,,,,,,,,,,,,,,,,,,,,,,,,,,,,,1,2.0,0.014,211.4,19.0
469,High,RPath,482,3.0,3.0,0.054,9.0,0.162,0.13024602026049206,2.0,0.054,69.1,64,4,3,6.0,sidewalks,70.224,PB,1,2,0,1,2,0,0,0,0,0,0,0,1,0,0,1,0,0,0,0,0,0,0,0,5,0,0,0,0,0,0,1,0,0,1,2,2,0,0,0,0,0,0,0,1,2,2,0,0,0,1,2,0,0,5,0,3,1,0,0,0,1,0,0,1,2,2,1,0,0,1,2,0,1,0,0,1,0,0,0,0,0,5,3,1,0,1,1,0,0,0,0,0,0,0,0,5,0,0.087,,,,,0.022,,,,,,,,,,0.065,,,,,,,,,,,,,,,,,,,2,2.0,0.054,69.1,29.0
470,High,RPath,496,3.0,3.0,0.053,9.0,0.159,0.10550996483001172,2.0,0.053,85.3,51,3,3,6.0,sidewalks,83.697,HMAC,1,2,0,1,2,0,0,0,0,1,0,0,1,2,0,1,0,0,0,0,0,0,0,0,0,0,0,2,0,0,0,0,0,0,1,2,2,0,0,0,0,0,0,5,1,2,0,0,0,0,1,2,0,0,0,0,3,1,0,0,0,0,0,0,0,0,0,0,0,0,0,0,0,1,0,0,1,2,0,0,0,0,5,3,1,0,0,0,0,0,0,0,0,0,0,0,5,0,0.211,,,,0.211,,,,,,,,,,,,,,,,,,,,,,,,,,,,,,0,2.0,0.053,85.3,9.0
471,High,RPath,502,3.0,3.0,0.082,9.0,0.246,0.1094890510948905,2.0,0.082,82.2,50,3,3,6.0,sidewalks,83.529,HMAC,1,2,0,1,2,0,1,0,0,0,0,0,1,2,0,1,2,0,0,0,0,0,0,0,0,0,0,2,0,0,0,0,0,0,1,2,0,0,0,0,0,0,0,5,1,0,0,0,0,0,1,2,0,0,0,0,3,1,0,0,0,0,0,0,0,0,0,0,0,0,0,0,0,1,2,0,1,2,0,0,0,0,5,3,0,0,0,0,0,0,0,0,0,0,0,0,5,0,0.328,,,,0.328,,,,,,,,,,,,,,,,,,,,,,,,,,,,,,0,2.0,0.082,82.2,9.0
472,High,RPath,504,3.0,3.0,0.044,9.0,0.132,0.10625737898465171,2.0,0.044,84.7,60,3,3,6.0,sidewalks,77.242,HMAC,1,2,0,1,2,0,0,0,0,0,0,0,1,2,0,0,0,0,0,0,0,0,0,0,0,0,0,2,0,0,0,1,0,0,1,0,0,0,0,0,0,0,0,5,1,2,2,0,1,1,1,2,2,5,0,0,3,1,0,0,0,0,0,0,1,0,0,0,0,0,0,0,0,1,2,0,1,2,0,0,0,0,5,3,1,0,0,0,0,0,0,0,0,0,0,0,5,0,0.124,0.018,,,0.106,,,,,,,,,,,,,,,,,,,,,,,,,,,,,,0,2.0,0.044,84.7,9.0
473,High,RPath,506,3.0,3.0,0.066,9.0,0.198,0.08364312267657993,2.0,0.066,107.6,60,3,3,6.0,sidewalks,105.433,CON,1,0,0,0,0,0,0,0,0,0,0,0,1,2,0,0,0,0,0,0,0,0,0,0,5,0,3,0,1,2,2,0,0,0,0,0,0,0,0,0,0,0,0,0,1,2,0,0,1,0,1,2,0,0,5,0,3,1,1,2,0,1,0,0,1,2,0,0,0,0,0,0,0,1,0,0,1,2,2,1,2,0,0,0,1,1,1,1,2,0,0,0,0,0,0,0,5,0,0.237,,,,0.195,,,,,,,0.014,,,,,,0.028,,,,,,,,,,,,,,,,,1,2.0,0.066,107.6,19.0
474,High,RPath,563,3.0,3.0,0.074,9.0,0.22199999999999998,0.09857612267250822,2.0,0.074,91.3,62,3,3,6.0,sidewalks,91.844,CON,1,0,0,0,0,0,0,0,0,1,0,0,1,0,0,0,0,0,0,0,0,0,0,0,5,0,0,0,1,2,2,0,0,0,1,0,0,0,0,0,0,0,0,0,1,2,0,0,1,1,1,2,2,0,5,0,0,1,1,2,0,1,2,2,1,0,0,0,0,0,0,0,0,1,0,0,1,2,0,1,2,2,0,3,1,1,1,1,2,0,0,0,0,0,0,0,5,0,0.263,,,,0.131,,,,,,,,,0.099,,,,0.033,,,,,,,,,,,,,,,,,0,2.0,0.074,91.3,9.0
475,High,RPath,577,3.0,3.0,0.018,9.0,0.05399999999999999,0.04429133858267717,2.0,0.018,203.2,55,3,3,6.0,sidewalks,128.879,CON,1,2,2,1,0,0,0,0,0,0,0,0,0,0,0,1,2,0,0,0,0,0,0,0,0,5,0,2,0,0,0,0,0,0,1,2,2,0,0,0,0,0,0,0,1,2,0,0,1,0,1,2,2,5,5,0,0,1,0,0,0,0,0,0,1,2,2,0,0,0,0,0,0,1,0,0,0,0,0,0,0,0,0,0,1,1,1,0,0,0,0,0,0,0,0,0,5,0,0.03,,,,0.015,,,,,,,,,,,,,,0.015,,,,,,,,,,,,,,,,0,2.0,0.018,203.2,9.0
476,High,RPath,590,3.0,3.0,0.062,9.0,0.186,0.04942339373970346,2.0,0.062,182.1,65,4,3,6.0,sidewalks,181.68,HMAC,1,2,0,1,2,2,1,0,0,0,0,0,1,2,2,1,2,0,0,0,0,0,0,0,0,5,0,2,0,0,0,1,2,0,1,2,0,0,0,0,0,0,0,5,1,0,0,0,0,0,1,2,0,0,0,0,3,1,0,0,0,0,0,0,0,0,0,0,0,0,0,0,0,1,2,0,1,2,2,0,0,0,5,3,1,0,0,0,0,0,0,0,0,0,0,0,5,0,0.247,,,,0.247,,,,,,,,,,,,,,,,,,,,,,,,,,,,,,0,2.0,0.062,182.1,9.0
477,High,RPath,596,3.0,3.0,0.083,9.0,0.249,0.11042944785276074,2.0,0.083,81.5,65,4,3,6.0,sidewalks,82.835,HMAC,1,2,0,1,2,0,0,0,0,0,0,0,1,2,0,0,0,0,0,0,0,0,0,0,0,0,0,2,0,0,0,1,2,0,1,2,0,0,0,0,0,0,0,5,1,2,2,0,1,1,1,2,2,5,0,0,3,1,0,0,0,0,0,0,1,2,0,0,0,0,0,0,0,1,2,0,1,2,0,0,0,0,5,3,0,0,0,0,0,0,0,0,0,0,0,0,5,0,0.166,0.037,,,0.11,0.018,,,,,,,,,,,,,,,,,,,,,,,,,,,,,1,2.0,0.083,81.5,19.0
478,High,RPath,601,3.0,3.0,0.077,9.0,0.23099999999999998,0.11612903225806452,2.0,0.077,77.5,56,3,3,6.0,sidewalks,80.6,HMAC,1,0,0,1,2,0,0,0,0,0,0,0,1,2,0,0,0,0,0,0,0,0,0,0,0,0,0,2,0,0,0,1,2,0,1,2,2,0,0,0,0,0,0,5,1,2,0,0,1,1,1,2,2,5,0,0,3,1,0,0,0,0,0,0,1,2,0,0,0,0,0,0,0,1,0,0,1,0,0,0,0,0,5,0,0,0,0,0,0,0,0,0,0,0,0,0,5,0,0.251,,,0.019,0.232,,,,,,,,,,,,,,,,,,,,,,,,,,,,,,2,2.0,0.077,77.5,29.0
479,High,RPath,602,3.0,3.0,0.015,9.0,0.045,0.05172413793103448,2.0,0.015,174.0,51,3,3,6.0,sidewalks,115.461,HMAC,1,2,0,1,2,0,0,0,0,0,0,0,1,2,0,1,0,0,0,0,0,0,0,0,5,0,0,0,0,0,0,1,2,2,1,2,0,0,0,0,0,0,0,0,1,2,0,0,1,0,1,2,2,0,5,0,3,1,0,0,0,0,0,0,1,0,0,0,0,0,1,0,0,1,0,0,1,0,0,0,0,0,0,0,1,0,0,0,0,0,0,0,0,0,0,0,5,0,0.052,,,,0.043,,,,,,,,,,,0.009,,,,,,,,,,,,,,,,,,,0,2.0,0.015,174.0,9.0
480,High,RPath,631,3.0,3.0,0.077,9.0,0.23099999999999998,0.06578947368421052,2.0,0.077,136.8,53,3,3,6.0,sidewalks,134.993,HMAC,1,2,2,1,0,0,1,0,0,0,0,0,1,2,0,0,0,0,0,0,0,0,0,0,0,0,0,2,0,0,0,0,0,0,1,2,2,0,0,0,0,0,0,0,0,0,0,0,0,0,1,2,2,0,0,4,0,1,0,0,0,0,0,0,0,0,0,0,0,0,0,0,0,1,2,2,1,2,2,0,0,0,5,3,1,1,1,0,0,0,0,0,0,0,0,0,5,0,0.274,0.011,,,0.263,,,,,,,,,,,,,,,,,,,,,,,,,,,,,,0,2.0,0.077,136.8,9.0
481,High,RPath,640,3.0,3.0,0.027,9.0,0.081,0.049944506104328525,2.0,0.027,180.2,66,4,3,6.0,sidewalks,103.122,HMAC,1,2,0,1,2,0,0,0,0,0,0,0,1,2,0,1,2,0,0,0,0,0,0,0,5,0,0,2,0,0,0,1,2,2,1,2,2,0,0,0,0,0,0,0,1,2,0,0,1,0,1,2,2,0,5,0,3,0,0,0,0,0,0,0,1,0,0,0,0,0,1,2,0,1,2,0,1,2,0,0,0,0,0,3,1,0,0,1,0,0,0,0,0,0,0,0,5,0,0.108,,,,0.108,,,,,,,,,,,,,,,,,,,,,,,,,,,,,,0,2.0,0.027,180.2,9.0
482,High,RPath,649,3.0,3.0,0.074,9.0,0.22199999999999998,0.11029411764705883,2.0,0.074,81.6,64,4,3,6.0,sidewalks,82.268,HMAC,1,2,0,1,2,0,0,0,0,1,0,0,1,2,2,0,0,0,0,0,0,0,0,0,0,0,0,2,0,0,0,0,0,0,1,2,0,0,0,0,0,0,0,5,1,2,0,0,1,1,1,2,2,5,0,0,3,1,0,0,0,0,0,0,1,0,0,0,0,0,0,0,0,1,2,0,1,2,2,0,0,0,5,3,1,0,0,0,0,0,0,0,0,0,0,0,5,0,0.074,0.055,,,,0.018,,,,,,,,,,,,,,,,,,,,,,,,,,,,,0,2.0,0.074,81.6,9.0
483,High,RPath,651,3.0,3.0,0.07,9.0,0.21000000000000002,0.11166253101736974,2.0,0.07,80.6,55,3,3,6.0,sidewalks,81.501,CON,1,2,0,1,2,0,1,2,0,0,0,0,0,0,0,0,0,0,0,0,0,0,0,0,0,0,0,2,0,0,0,0,0,0,1,2,2,0,0,0,0,0,0,5,1,2,0,0,0,0,1,2,0,5,0,4,3,1,0,0,0,0,0,0,0,0,0,0,0,0,1,0,0,0,0,0,1,2,2,0,0,0,0,3,1,0,0,0,0,0,0,0,0,0,0,0,5,0,0.279,,,,0.279,,,,,,,,,,,,,,,,,,,,,,,,,,,,,,1,2.0,0.07,80.6,19.0
484,High,RPath,656,3.0,3.0,0.022,9.0,0.066,0.043248438250840945,2.0,0.022,208.1,59,3,3,6.0,sidewalks,208.123,HMAC,1,2,2,0,0,0,0,0,0,0,0,0,1,2,2,1,2,2,0,0,0,0,0,0,0,5,0,2,0,0,0,0,0,0,1,2,2,0,0,0,0,0,0,0,1,0,0,0,0,0,1,0,0,5,5,0,3,1,0,0,0,0,0,0,0,0,0,0,0,0,0,0,0,1,0,0,1,2,2,0,0,0,0,3,1,1,0,0,0,0,0,0,0,0,0,0,5,0,0.086,,,,0.086,,,,,,,,,,,,,,,,,,,,,,,,,,,,,,0,2.0,0.022,208.1,9.0
485,High,RPath,659,3.0,3.0,0.032,9.0,0.096,0.07614213197969542,2.0,0.032,118.2,62,3,3,6.0,sidewalks,118.772,HMAC,1,2,2,0,0,0,0,0,0,0,0,0,1,2,2,1,2,2,0,0,0,0,0,0,0,5,0,2,0,0,0,0,0,0,1,2,2,0,0,0,0,0,0,0,1,0,0,0,0,0,1,0,0,5,5,0,0,1,0,0,0,0,0,0,0,0,0,0,0,0,0,0,0,1,2,0,1,2,2,0,0,0,5,3,0,1,0,0,0,0,0,0,0,0,0,0,5,0,0.089,,,,0.076,0.013,,,,,,,,,,,,,,,,,,,,,,,,,,,,,1,2.0,0.032,118.2,19.0
486,High,RPath,736,3.0,3.0,0.039,9.0,0.11699999999999999,0.10452961672473868,2.0,0.039,86.1,60,3,3,6.0,sidewalks,85.925,CON,0,0,0,0,0,0,0,0,0,1,2,0,1,2,0,1,0,0,0,0,0,0,0,0,5,0,0,0,1,2,2,0,0,0,1,2,0,0,0,0,0,0,0,0,1,2,2,0,1,0,1,2,2,0,5,0,0,1,1,0,0,1,2,0,0,0,0,0,0,0,0,0,0,1,0,0,1,2,0,1,2,0,0,0,1,1,1,1,2,0,0,0,0,1,0,0,5,0,0.139,,,,0.122,,,,,,,,,,,,,0.017,,,,,,,,,,,,,,,,,0,2.0,0.039,86.1,9.0
487,High,RPath,775,3.0,3.0,0.092,9.0,0.276,0.025139664804469275,2.0,0.092,358.0,57,3,3,6.0,sidewalks,232.32,HMAC,1,2,2,1,2,0,0,0,0,0,0,0,0,0,0,0,0,0,0,0,0,0,0,0,0,5,3,2,0,0,0,0,0,0,1,2,2,0,0,0,0,0,0,0,1,2,0,0,0,0,1,2,2,0,5,0,0,1,0,0,0,0,0,0,0,0,0,0,0,0,0,0,0,1,0,0,1,2,2,0,0,0,5,0,1,1,1,1,0,0,0,0,0,0,0,0,5,0,0.18,,,,0.092,0.05,,,,,,0.017,0.004,,0.004,0.013,,,,,,,,,,,,,,,,,,,0,2.0,0.092,358.0,9.0
488,High,RPath,788,3.0,3.0,0.022,9.0,0.066,0.05266237565827969,2.0,0.022,170.9,57,3,3,6.0,sidewalks,170.734,HMAC,1,2,0,1,2,0,0,0,0,0,0,0,1,2,0,1,2,0,0,0,0,0,0,0,5,0,0,0,0,0,0,1,2,2,1,2,0,0,0,0,0,0,0,0,1,2,0,0,1,0,1,2,2,0,5,0,3,1,0,0,0,0,0,0,1,0,0,0,0,0,1,0,0,1,0,0,1,0,0,0,0,0,0,3,1,0,0,1,0,0,0,0,0,0,0,0,5,0,0.035,,,,0.018,0.018,,,,,,,,,,,,,,,,,,,,,,,,,,,,,1,2.0,0.022,170.9,19.0
489,High,RPath,790,3.0,3.0,0.027,9.0,0.081,0.10830324909747294,2.0,0.027,83.1,53,3,3,6.0,sidewalks,81.819,HMAC,1,0,0,1,2,0,0,0,0,0,0,0,1,2,2,1,0,0,0,0,0,0,0,0,0,5,0,2,0,0,0,0,0,0,1,0,0,0,0,0,0,0,0,5,1,0,0,0,0,0,1,0,0,0,0,0,3,1,0,0,0,0,0,0,0,0,0,0,0,0,0,0,0,1,2,2,1,2,2,0,0,0,5,3,1,0,0,0,0,0,0,0,0,0,0,0,5,0,0.054,,,,0.036,0.018,,,,,,,,,,,,,,,,,,,,,,,,,,,,,0,2.0,0.027,83.1,9.0
490,High,RPath,794,3.0,3.0,0.038,9.0,0.11399999999999999,0.02638522427440633,2.0,0.038,341.1,57,3,3,6.0,sidewalks,341.776,CON,1,2,2,1,2,0,1,0,0,0,0,0,0,0,0,0,0,0,0,0,0,0,0,0,0,5,3,2,0,0,0,0,0,0,1,2,2,0,0,0,0,0,0,5,1,0,0,0,0,0,0,0,0,5,5,4,0,0,0,0,0,0,0,0,0,0,0,0,0,0,0,0,0,0,0,0,1,2,2,0,0,0,0,0,1,1,1,0,0,0,0,0,0,0,0,0,5,0,0.097,,,,0.075,0.004,0.013,,,,,,,,,,,0.004,,,,,,,,,,,,,,,,,0,2.0,0.038,341.1,9.0
491,High,RPath,809,3.0,3.0,0.011,9.0,0.033,0.1271186440677966,2.0,0.011,70.8,66,4,3,6.0,sidewalks,70.547,PB,1,2,0,1,0,0,0,0,0,0,0,0,1,0,0,1,0,0,0,0,0,0,0,0,5,0,0,0,0,0,0,1,2,0,1,2,2,0,0,0,0,0,0,0,1,2,2,0,0,0,1,2,0,0,5,0,3,1,0,0,0,1,0,0,1,2,2,1,0,0,1,2,0,1,2,0,1,0,0,0,0,0,5,3,1,0,1,1,0,0,0,0,0,0,0,0,5,0,0.021,,,,,,,,,,,,,,,0.021,,,,,,,,,,,,,,,,,,,2,2.0,0.011,70.8,29.0
492,High,RPath,815,3.0,3.0,0.043,9.0,0.129,0.06896551724137931,2.0,0.043,130.5,59,3,3,6.0,sidewalks,130.476,HMAC,1,0,0,0,0,0,0,0,0,0,0,0,1,2,0,0,0,0,0,0,0,0,0,0,5,0,3,0,1,2,2,0,0,0,0,0,0,0,0,0,0,0,0,0,1,2,0,0,0,0,1,2,2,0,5,0,3,1,1,2,0,1,0,0,1,2,0,0,0,0,0,0,0,1,0,0,1,2,2,1,0,0,0,0,1,1,1,1,2,0,0,0,0,0,0,0,5,0,0.069,,,,0.023,0.034,,,,,,0.011,,,,,,,,,,,,,,,,,,,,,,,0,2.0,0.043,130.5,9.0
493,High,RPath,842,3.0,3.0,0.048,9.0,0.14400000000000002,0.0677710843373494,2.0,0.048,132.8,66,4,3,6.0,sidewalks,130.256,CON,1,0,0,0,0,0,0,0,0,0,0,0,1,2,0,0,0,0,0,0,0,0,0,0,5,0,0,0,1,2,2,0,0,0,0,0,0,0,0,0,0,0,0,0,1,2,0,0,1,0,1,2,2,0,5,0,3,1,1,2,2,1,2,0,1,2,0,0,0,0,1,0,0,1,2,0,1,2,2,1,2,0,0,0,1,1,1,1,2,0,0,0,0,0,0,0,5,0,0.192,,,,0.192,,,,,,,,,,,,,,,,,,,,,,,,,,,,,,1,2.0,0.048,132.8,19.0
494,High,RPath,843,3.0,3.0,0.032,9.0,0.096,0.08587786259541985,2.0,0.032,104.8,59,3,3,6.0,sidewalks,105.254,CON,1,0,0,0,0,0,0,0,0,0,0,0,1,2,0,0,0,0,0,0,0,0,0,0,5,0,3,0,1,2,2,0,0,0,0,0,0,0,0,0,0,0,0,0,1,2,0,0,1,0,1,2,2,0,5,0,0,1,1,2,2,1,2,0,1,0,0,0,0,0,0,0,0,1,0,0,1,2,0,1,2,0,0,0,1,1,1,1,2,0,0,0,0,0,0,0,5,0,0.129,,,,0.129,,,,,,,,,,,,,,,,,,,,,,,,,,,,,,0,2.0,0.032,104.8,9.0
495,High,RPath,847,3.0,3.0,0.094,9.0,0.28200000000000003,0.08670520231213873,2.0,0.094,103.8,65,4,3,6.0,sidewalks,102.607,CON,1,2,0,0,0,0,0,0,0,0,0,0,1,2,0,0,0,0,0,0,0,0,0,0,5,0,3,0,1,2,2,0,0,0,0,0,0,0,0,0,0,0,0,0,1,2,0,0,1,0,1,2,0,0,5,0,3,1,1,2,0,1,0,0,1,2,0,0,0,0,1,0,0,1,2,0,1,2,2,1,2,0,0,0,1,1,1,1,2,0,0,0,0,0,0,0,5,0,0.361,,,,0.347,,,,,,,,,,,0.014,,,,,,,,,,,,,,,,,,,1,2.0,0.094,103.8,19.0
496,High,RPath,848,3.0,3.0,0.059,9.0,0.177,0.11780104712041883,2.0,0.059,76.4,64,4,3,6.0,sidewalks,76.413,CON,1,2,0,0,0,0,0,0,0,0,0,0,1,2,0,1,0,0,0,0,0,0,0,0,5,0,3,0,1,2,2,0,0,0,0,0,0,0,0,0,0,0,0,0,1,2,0,0,0,0,1,2,0,0,5,0,3,1,1,2,0,1,0,0,1,2,2,0,0,0,0,0,0,1,0,0,1,2,2,1,2,0,0,0,1,1,1,1,2,0,0,0,0,0,0,0,5,0,0.216,,,,0.196,,,,,,,,,,,0.02,,,,,,,,,,,,,,,,,,,0,2.0,0.059,76.4,9.0
497,High,RPath,850,3.0,3.0,0.072,9.0,0.21599999999999997,0.11568123393316196,2.0,0.072,77.8,59,3,3,6.0,sidewalks,76.373,CON,1,2,0,0,0,0,0,0,0,0,0,0,1,2,0,0,0,0,0,0,0,0,0,0,5,0,0,0,1,2,2,0,0,0,0,0,0,0,0,0,0,0,0,0,1,2,0,0,1,0,1,2,0,0,0,0,3,1,1,2,0,1,0,0,1,2,2,0,0,0,1,0,0,1,2,0,1,2,2,1,2,0,0,0,1,1,1,1,0,0,1,0,0,1,0,0,5,0,0.212,,,,0.174,0.019,,,,,,,,,,,,0.019,,,,,,,,,,,,,,,,,1,2.0,0.072,77.8,19.0
498,High,RPath,884,3.0,3.0,0.03,9.0,0.09,0.10158013544018059,2.0,0.03,88.6,50,3,3,6.0,sidewalks,88.619,HMAC,1,2,2,1,0,0,0,0,0,0,0,0,1,0,0,0,0,0,0,0,0,0,0,0,0,0,0,2,0,0,0,1,2,2,1,2,2,0,0,0,0,0,0,0,1,2,0,0,1,1,1,2,2,0,0,0,3,1,0,0,0,0,0,0,0,0,0,0,0,0,0,0,0,1,0,0,1,2,0,0,0,0,5,3,0,0,0,0,0,0,0,0,0,0,0,0,5,0,0.118,,,,0.102,,,,,,,0.017,,,,,,,,,,,,,,,,,,,,,,,0,2.0,0.03,88.6,9.0
499,High,RPath,885,3.0,3.0,0.02,9.0,0.06,0.15734265734265734,2.0,0.02,57.2,50,3,3,6.0,sidewalks,55.595,HMAC,1,2,2,0,0,0,0,0,0,0,0,0,1,0,0,1,0,0,0,0,0,0,0,0,0,0,0,2,0,0,0,1,2,2,1,2,2,0,0,0,0,0,0,0,1,2,0,0,1,1,1,2,2,0,0,0,3,1,0,0,0,0,0,0,0,0,0,0,0,0,0,0,0,1,0,0,1,2,0,0,0,0,5,3,0,0,0,0,0,0,0,0,0,0,0,0,5,0,0.079,,,,0.079,,,,,,,,,,,,,,,,,,,,,,,,,,,,,,0,2.0,0.02,57.2,9.0
500,High,RPath,896,3.0,3.0,0.035,9.0,0.10500000000000001,0.0944386149003148,2.0,0.035,95.3,61,3,3,6.0,sidewalks,94.845,HMAC,1,2,2,1,2,2,0,0,0,0,0,0,1,2,2,0,0,0,0,0,0,0,0,0,0,5,0,2,0,0,0,0,0,0,0,0,0,0,0,0,0,0,0,5,0,0,0,0,0,0,1,2,2,5,0,0,3,1,1,0,0,0,0,0,0,0,0,0,0,0,0,0,0,1,2,0,1,2,2,0,0,0,0,3,1,0,1,1,0,0,0,0,0,0,0,0,5,0,0.142,,,,0.142,,,,,,,,,,,,,,,,,,,,,,,,,,,,,,0,2.0,0.035,95.3,9.0
501,High,RPath,924,3.0,3.0,0.012,9.0,0.036000000000000004,0.047872340425531915,2.0,0.012,188.0,53,3,3,6.0,sidewalks,134.378,HMAC,1,2,2,1,2,2,0,0,0,0,0,0,1,2,2,0,0,0,0,0,0,0,0,0,0,5,0,0,0,0,0,0,0,0,0,0,0,0,0,0,1,0,0,0,0,0,0,0,1,0,1,2,2,5,5,0,0,0,1,0,0,0,0,0,0,0,0,0,0,0,0,0,0,0,0,0,1,2,0,0,0,0,0,0,1,1,1,0,0,0,1,2,0,1,0,0,5,0,0.04,,,,0.032,,,,,,,,,,,,,0.008,,,,,,,,,,,,,,,,,0,2.0,0.012,188.0,9.0
502,High,RPath,932,3.0,3.0,0.022,9.0,0.066,0.03540519276160504,2.0,0.022,254.2,53,3,3,6.0,sidewalks,252.423,HMAC,1,2,2,1,2,0,1,2,0,1,0,0,1,2,2,0,0,0,0,0,0,0,0,0,5,5,0,2,0,0,0,0,0,0,1,2,2,0,0,0,0,0,0,0,0,0,0,0,0,0,1,2,0,0,0,4,0,0,0,0,0,0,0,0,0,0,0,0,0,0,0,0,0,0,0,0,1,2,0,0,0,0,0,3,0,1,0,0,0,0,0,0,0,0,0,0,5,0,0.089,,,,0.077,,,,,,,,,0.012,,,,,,,,,,,,,,,,,,,,,0,2.0,0.022,254.2,9.0
503,High,RPath,933,3.0,3.0,0.019,9.0,0.056999999999999995,0.1164294954721863,2.0,0.019,77.3,52,3,3,6.0,sidewalks,79.636,HMAC,1,2,0,0,0,0,0,0,0,1,2,0,1,2,0,0,0,0,0,0,0,0,0,0,0,0,0,2,0,0,0,0,0,0,1,2,2,0,0,0,0,0,0,0,0,0,0,0,0,0,1,2,2,5,0,4,0,1,0,0,0,0,0,0,0,0,0,0,0,0,0,0,0,0,0,0,1,2,2,0,0,0,5,3,1,1,1,0,0,0,0,0,0,0,0,0,5,0,0.078,,,,0.078,,,,,,,,,,,,,,,,,,,,,,,,,,,,,,0,2.0,0.019,77.3,9.0
504,High,RPath,934,3.0,3.0,0.083,9.0,0.249,0.11780104712041883,2.0,0.083,76.4,52,3,3,6.0,sidewalks,80.646,HMAC,1,2,0,0,0,0,0,0,0,1,2,0,1,2,0,0,0,0,0,0,0,0,0,0,0,0,0,2,0,0,0,0,0,0,1,2,2,0,0,0,0,0,0,0,0,0,0,0,0,0,1,2,2,5,0,4,0,1,0,0,0,0,0,0,0,0,0,0,0,0,0,0,0,0,0,0,1,2,2,0,0,0,5,3,1,1,1,0,0,0,0,0,0,0,0,0,5,0,0.275,,,,0.255,0.02,,,,,,,,,,,,,,,,,,,,,,,,,,,,,0,2.0,0.083,76.4,9.0
505,High,RPath,935,3.0,3.0,0.036,9.0,0.10799999999999998,0.09523809523809523,2.0,0.036,94.5,53,3,3,6.0,sidewalks,98.231,HMAC,1,2,2,1,0,0,1,0,0,1,2,0,1,2,0,0,0,0,0,0,0,0,0,0,0,0,0,2,0,0,0,0,0,0,1,2,2,0,0,0,0,0,0,0,0,0,0,0,0,0,1,2,2,5,0,4,0,1,0,0,0,0,0,0,0,0,0,0,0,0,0,0,0,0,0,0,1,2,0,0,0,0,5,3,0,1,1,0,0,0,0,0,0,0,0,0,5,0,0.095,,,,0.079,0.016,,,,,,,,,,,,,,,,,,,,,,,,,,,,,0,2.0,0.036,94.5,9.0
506,High,RPath,937,3.0,3.0,0.012,9.0,0.036000000000000004,0.14018691588785046,2.0,0.012,64.2,52,3,3,6.0,sidewalks,70.182,HMAC,1,2,2,1,0,0,1,0,0,1,2,0,1,2,0,0,0,0,0,0,0,0,0,0,0,0,0,2,0,0,0,0,0,0,1,2,2,0,0,0,0,0,0,0,0,0,0,0,0,0,1,2,2,5,0,4,0,1,0,0,0,0,0,0,0,0,0,0,0,0,0,0,0,1,0,0,1,0,0,0,0,0,5,3,0,1,1,0,0,0,0,0,0,0,0,0,5,0,0.047,,,,0.047,,,,,,,,,,,,,,,,,,,,,,,,,,,,,,0,2.0,0.012,64.2,9.0
507,High,RPath,940,3.0,3.0,0.065,9.0,0.195,0.1948051948051948,2.0,0.065,46.2,52,3,3,6.0,sidewalks,50.345,HMAC,1,2,2,1,0,0,1,0,0,1,0,0,1,2,0,0,0,0,0,0,0,0,0,0,5,0,0,2,0,0,0,0,0,0,1,2,2,0,0,0,0,0,0,0,0,0,0,0,0,0,1,2,2,5,0,4,0,1,0,0,0,0,0,0,0,0,0,0,0,0,0,0,0,1,0,0,0,0,0,0,0,0,5,3,0,0,0,0,0,0,0,0,0,0,0,0,5,0,0.162,,,,0.13,0.032,,,,,,,,,,,,,,,,,,,,,,,,,,,,,0,2.0,0.065,46.2,9.0
508,High,RPath,941,3.0,3.0,0.089,9.0,0.267,0.050590219224283306,2.0,0.089,177.9,53,3,3,6.0,sidewalks,177.229,HMAC,1,2,2,1,0,0,1,0,0,1,0,0,1,2,0,0,0,0,0,0,0,0,0,0,0,0,0,2,0,0,0,0,0,0,1,2,2,0,0,0,0,0,0,0,0,0,0,0,0,0,1,2,2,5,0,4,0,1,0,0,0,0,0,0,0,0,0,0,0,0,0,0,0,1,2,0,1,0,0,0,0,0,5,3,1,1,1,0,0,0,0,0,0,0,0,0,5,0,0.278,,,,0.253,0.017,,,,,,,,,,,,,0.008,,,,,,,,,,,,,,,,0,2.0,0.089,177.9,9.0
509,High,RPath,942,3.0,3.0,0.052,9.0,0.156,0.03815175922000848,2.0,0.052,235.9,50,3,3,6.0,sidewalks,234.326,HMAC,1,2,0,1,0,0,0,0,0,0,0,0,1,2,0,0,0,0,0,0,0,0,0,0,0,0,0,2,0,0,0,0,0,0,1,2,2,0,0,0,0,0,0,0,0,0,0,0,0,0,1,2,2,0,0,4,0,1,0,0,0,0,0,0,0,0,0,0,0,0,0,0,0,1,2,2,1,2,2,0,0,0,5,3,1,1,1,0,0,0,0,0,0,0,0,0,5,0,0.21,,,,0.21,,,,,,,,,,,,,,,,,,,,,,,,,,,,,,0,2.0,0.052,235.9,9.0
510,High,RPath,943,3.0,3.0,0.059,9.0,0.177,0.07512520868113523,2.0,0.059,119.8,58,3,3,6.0,sidewalks,118.075,HMAC,1,2,2,1,2,0,1,2,0,0,0,0,1,0,0,0,0,0,0,0,0,0,0,0,0,5,0,2,0,0,0,0,0,0,1,2,2,0,0,0,0,0,0,0,0,0,0,0,0,0,1,2,2,0,0,4,0,1,0,0,0,0,0,0,0,0,0,0,0,0,0,0,0,1,2,0,1,2,2,0,0,0,5,3,1,1,1,0,0,0,0,0,0,0,0,0,5,0,0.238,,,,0.238,,,,,,,,,,,,,,,,,,,,,,,,,,,,,,1,2.0,0.059,119.8,19.0
511,High,RPath,944,3.0,3.0,0.059,9.0,0.177,0.030832476875642344,2.0,0.059,291.9,62,3,3,6.0,sidewalks,287.663,HMAC,1,2,2,1,2,2,1,2,2,0,0,0,1,0,0,0,0,0,0,0,0,0,0,0,0,5,0,2,0,0,0,0,0,0,1,2,2,0,0,0,0,0,0,0,0,0,0,0,0,0,1,2,2,0,0,4,0,1,0,0,0,0,0,0,0,0,0,0,0,0,0,0,0,1,2,0,1,2,2,0,0,0,5,3,1,1,1,0,0,0,0,0,0,0,0,0,5,0,0.221,,,,0.216,0.005,,,,,,,,,,,,,,,,,,,,,,,,,,,,,1,2.0,0.059,291.9,19.0
512,High,RPath,945,3.0,3.0,0.02,9.0,0.06,0.11857707509881422,2.0,0.02,75.9,53,3,3,6.0,sidewalks,80.545,HMAC,1,2,0,1,0,0,0,0,0,0,0,0,1,2,2,1,0,0,0,0,0,0,0,0,0,0,0,2,0,0,0,0,0,0,1,2,2,0,0,0,0,0,0,0,1,0,0,0,0,0,1,2,0,5,0,4,0,1,0,0,0,0,0,0,0,0,0,0,0,0,1,0,0,1,2,0,1,2,2,0,0,0,5,3,0,0,0,0,0,0,0,0,0,0,0,0,5,0,0.079,,,,0.079,,,,,,,,,,,,,,,,,,,,,,,,,,,,,,0,2.0,0.02,75.9,9.0
513,High,RPath,946,3.0,3.0,0.099,9.0,0.29700000000000004,0.10356731875719216,2.0,0.099,86.9,52,3,3,6.0,sidewalks,89.354,HMAC,1,2,0,1,0,0,0,0,0,0,0,0,1,2,2,1,0,0,0,0,0,0,0,0,0,0,0,2,0,0,0,0,0,0,1,2,2,0,0,0,0,0,0,0,0,0,0,0,0,0,1,2,0,5,0,4,0,1,0,0,0,0,0,0,0,0,0,0,0,0,1,0,0,1,2,0,1,2,2,0,0,0,5,3,0,0,0,0,0,0,0,0,0,0,0,0,5,0,0.276,0.017,,,0.224,0.017,,,,,,,,,,,,0.017,,,,,,,,,,,,,,,,,0,2.0,0.099,86.9,9.0
514,High,RPath,961,3.0,3.0,0.099,9.0,0.29700000000000004,0.11920529801324503,2.0,0.099,75.5,62,3,3,6.0,sidewalks,75.577,CON,1,2,0,0,0,0,0,0,0,1,2,0,0,0,0,1,0,0,0,0,0,0,0,0,5,0,0,0,1,2,2,1,0,0,1,0,0,0,0,0,1,0,0,0,1,2,0,0,1,1,1,2,2,0,5,0,0,1,1,2,0,0,0,0,1,2,0,0,0,0,1,2,0,1,0,0,1,2,0,0,0,0,0,0,1,1,1,1,2,0,1,0,0,1,0,0,5,0,0.338,,,,0.199,,,,,,,,,0.079,,0.02,,0.04,,,,,,,,,,,,,,,,,1,2.0,0.099,75.5,19.0
515,High,RPath,962,3.0,3.0,0.025,9.0,0.07500000000000001,0.0989010989010989,2.0,0.025,91.0,66,4,3,6.0,sidewalks,90.904,CON,1,2,2,0,0,0,0,0,0,1,2,0,0,0,0,1,0,0,0,0,0,0,0,0,5,0,0,0,1,2,2,1,0,0,1,0,0,0,0,0,1,0,0,0,1,2,0,0,1,1,1,2,2,0,5,0,0,1,1,2,0,0,0,0,1,2,0,0,0,0,1,0,0,1,2,0,1,2,0,0,0,0,0,0,1,1,1,1,2,2,1,0,0,1,0,0,5,0,0.099,,,,0.033,,,,,,,,,0.066,,,,,,,,,,,,,,,,,,,,,1,2.0,0.025,91.0,19.0
516,High,RPath,979,3.0,3.0,0.051,9.0,0.153,0.12228260869565219,2.0,0.051,73.6,62,3,3,6.0,sidewalks,73.579,HMAC,1,2,0,0,0,0,0,0,0,0,0,0,1,2,0,1,0,0,0,0,0,0,0,0,0,0,3,0,1,2,2,0,0,0,1,0,0,0,0,0,0,0,0,0,1,2,2,0,0,0,1,0,0,0,5,0,3,1,1,0,0,0,0,0,1,2,2,0,0,0,0,0,0,1,0,0,1,2,2,1,2,0,0,3,1,1,1,1,2,0,1,0,0,1,0,0,5,0,0.183,,,,0.163,,,,,,,,,,,0.02,,,,,,,,,,,,,,,,,,,0,2.0,0.051,73.6,9.0
517,High,RPath,986,3.0,3.0,0.011,9.0,0.033,0.08875739644970414,2.0,0.011,101.4,50,3,3,6.0,sidewalks,101.435,CON,1,2,0,1,2,0,1,2,0,1,2,0,1,2,2,0,0,0,0,0,0,0,0,0,0,5,0,2,0,0,0,0,0,0,1,0,0,0,0,0,0,0,0,0,0,0,0,0,0,0,0,0,0,0,0,4,3,0,0,0,0,0,0,0,0,0,0,0,0,0,0,0,0,1,2,0,1,2,0,0,0,0,0,0,1,1,1,0,0,0,1,0,0,0,0,0,5,3,0.044,,,,0.044,,,,,,,,,,,,,,,,,,,,,,,,,,,,,,0,2.0,0.011,101.4,9.0
518,High,RPath,988,3.0,3.0,0.086,9.0,0.258,0.09384775808133472,2.0,0.086,95.9,59,3,3,6.0,sidewalks,113.36,CON,1,2,2,1,2,2,1,2,2,1,2,2,1,2,2,0,0,0,0,0,0,0,0,0,0,5,0,2,0,0,0,0,0,0,1,0,0,0,0,0,0,0,0,0,0,0,0,0,0,0,0,0,0,0,0,0,3,1,0,0,0,0,0,0,0,0,0,0,0,0,0,0,0,1,2,0,1,2,2,0,0,0,0,3,1,1,1,0,0,0,1,2,0,0,0,0,5,0,0.235,,,,0.156,,,,,,,,,,,,0.016,0.063,,,,,,,,,,,,,,,,,0,2.0,0.086,95.9,9.0
519,High,RPath,1002,3.0,3.0,0.015,9.0,0.045,0.0897308075772682,2.0,0.015,100.3,61,3,3,6.0,sidewalks,100.34,HMAC,1,2,2,1,0,0,1,0,0,1,2,0,1,2,0,0,0,0,0,0,0,0,0,0,5,0,3,2,0,0,0,0,0,0,1,2,2,0,0,0,0,0,0,0,1,0,0,0,0,0,1,2,2,0,5,0,0,1,0,0,0,0,0,0,0,0,0,0,0,0,0,0,0,1,2,2,1,2,2,0,0,0,0,3,1,1,1,0,0,0,0,0,0,0,0,0,5,0,0.06,,,,0.06,,,,,,,,,,,,,,,,,,,,,,,,,,,,,,0,2.0,0.015,100.3,9.0
520,High,RPath,1007,3.0,3.0,0.083,9.0,0.249,0.04547751389590702,2.0,0.083,197.9,62,3,3,6.0,sidewalks,197.906,HMAC,1,2,2,1,0,0,0,0,0,0,0,0,1,2,0,1,0,0,0,0,0,0,0,0,0,5,0,2,1,2,0,1,0,0,1,2,0,0,0,0,0,0,0,5,1,0,0,0,1,0,1,2,2,0,0,0,0,1,0,0,0,0,0,0,1,0,0,0,0,0,1,2,2,1,0,0,1,2,0,0,0,0,0,3,1,0,1,1,2,0,1,0,0,1,0,0,5,0,0.326,,,,0.318,,,,,,,,,,,0.008,,,,,,,,,,,,,,,,,,,0,2.0,0.083,197.9,9.0
521,High,RPath,1008,3.0,3.0,0.059,9.0,0.177,0.07894736842105263,2.0,0.059,114.0,55,3,3,6.0,sidewalks,113.972,HMAC,1,2,2,1,0,0,0,0,0,0,0,0,1,0,0,1,2,0,0,0,0,0,0,0,0,5,0,2,1,0,0,0,0,0,1,2,0,0,0,0,0,0,0,5,1,2,0,0,0,0,1,2,2,0,0,0,0,1,0,0,0,0,0,0,0,0,0,0,0,0,1,2,2,1,0,0,1,0,0,0,0,0,0,3,1,0,1,1,0,0,1,0,0,1,0,0,5,0,0.237,,,,0.237,,,,,,,,,,,,,,,,,,,,,,,,,,,,,,0,2.0,0.059,114.0,9.0
522,High,RPath,1009,3.0,3.0,0.067,9.0,0.201,0.07269789983844911,2.0,0.067,123.8,66,4,3,6.0,sidewalks,124.163,HMAC,1,2,2,1,2,0,0,0,0,0,0,0,1,0,0,1,2,0,0,0,0,0,0,0,0,5,0,2,1,2,0,0,0,0,1,2,2,0,0,0,0,0,0,5,1,2,0,0,0,0,1,2,0,0,0,0,0,1,0,0,0,0,0,0,0,0,0,0,0,0,1,2,0,1,0,0,1,2,0,0,0,0,5,3,1,0,1,1,0,0,1,2,0,1,0,0,5,0,0.254,,,,0.218,,,,,,,0.024,,,,,,0.012,,,,,,,,,,,,,,,,,0,2.0,0.067,123.8,9.0
523,High,RPath,1023,3.0,3.0,0.084,9.0,0.252,0.25280898876404495,2.0,0.084,35.6,64,4,3,6.0,sidewalks,23.14,CON,1,2,2,0,0,0,0,0,0,0,0,0,1,2,2,0,0,0,0,0,0,1,0,0,0,5,0,2,0,0,0,0,0,0,1,2,2,0,0,0,1,0,0,0,1,2,2,0,1,1,1,2,2,5,5,4,0,0,0,0,0,0,0,0,0,0,0,0,0,0,0,0,0,1,2,0,1,2,0,0,0,0,0,0,1,1,1,0,0,0,0,0,0,0,0,0,5,0,0.084,,,,,0.084,,,,,,,,,,,,,,,,,,,,,,,,,,,,,0,2.0,0.084,35.6,9.0
524,High,RPath,1026,3.0,3.0,0.019,9.0,0.056999999999999995,0.06479481641468682,2.0,0.019,138.9,54,3,3,6.0,sidewalks,136.25,CON,1,2,2,1,2,2,1,2,0,0,0,0,1,2,2,1,2,2,0,0,0,0,0,0,0,0,0,2,0,0,0,0,0,0,0,0,0,0,0,0,0,0,0,0,0,0,0,0,1,1,1,2,2,0,0,0,3,1,0,0,0,0,0,0,0,0,0,0,0,0,0,0,0,1,0,0,1,2,0,0,0,0,5,3,1,0,0,0,0,0,0,0,0,0,0,0,5,0,0.043,,,,0.032,0.011,,,,,,,,,,,,,,,,,,,,,,,,,,,,,0,2.0,0.019,138.9,9.0
525,High,RPath,1035,3.0,3.0,0.073,9.0,0.21899999999999997,0.031141868512110725,2.0,0.073,289.0,49,3,3,6.0,sidewalks,285.287,CON,1,2,2,1,0,0,1,0,0,0,0,0,1,0,0,1,0,0,0,0,0,0,0,0,0,5,0,2,0,0,0,0,0,0,0,0,0,0,0,0,0,0,0,0,0,0,0,0,1,1,1,2,2,5,5,0,3,0,0,0,0,0,0,0,0,0,0,0,0,0,0,0,0,0,0,0,1,2,2,0,0,0,0,0,1,1,1,0,0,0,0,0,0,0,0,0,5,0,0.073,,,,,0.062,,,0.005,,,,,,,,0.005,,,,,,,,,,,,,,,,,,3,2.0,0.073,289.0,39.0
526,High,RPath,1037,3.0,3.0,0.079,9.0,0.237,0.07853403141361257,2.0,0.079,114.6,50,3,3,6.0,sidewalks,113.156,CON,1,2,2,1,2,0,1,2,0,0,0,0,0,0,0,0,0,0,0,0,0,0,0,0,0,0,0,2,0,0,0,0,0,0,1,2,0,0,0,0,1,0,0,0,1,0,0,0,1,1,1,2,2,5,5,0,3,1,0,0,0,0,0,0,0,0,0,0,0,0,0,0,0,1,2,0,0,0,0,0,0,0,0,0,1,1,1,0,0,0,0,0,0,0,0,0,5,0,0.079,,,,,0.079,,,,,,,,,,,,,,,,,,,,,,,,,,,,,1,2.0,0.079,114.6,19.0
527,High,RPath,1039,3.0,3.0,0.065,9.0,0.195,0.04320691310609697,2.0,0.065,208.3,59,3,3,6.0,sidewalks,208.261,CON,1,2,2,1,2,0,1,2,0,0,0,0,0,0,0,0,0,0,0,0,0,0,0,0,0,5,0,2,0,0,0,0,0,0,1,2,2,0,0,0,1,0,0,0,1,2,0,0,1,1,1,2,2,5,5,0,3,1,0,0,0,0,0,0,0,0,0,0,0,0,0,0,0,1,2,0,0,0,0,0,0,0,0,0,1,1,1,0,0,0,0,0,0,0,0,0,5,0,0.065,,,,,0.065,,,,,,,,,,,,,,,,,,,,,,,,,,,,,1,2.0,0.065,208.3,19.0
528,High,RPath,1041,3.0,3.0,0.019,9.0,0.056999999999999995,0.04672897196261682,2.0,0.019,192.6,51,3,3,6.0,sidewalks,192.371,CON,1,2,2,1,2,0,1,2,0,0,0,0,0,0,0,0,0,0,0,0,0,0,0,0,0,0,0,2,0,0,0,0,0,0,1,2,2,0,0,0,1,0,0,0,1,2,0,0,1,1,1,2,2,5,5,0,0,1,0,0,0,0,0,0,0,0,0,0,0,0,0,0,0,1,2,0,0,0,0,0,0,0,0,0,1,1,1,0,0,0,0,0,0,0,0,0,5,0,0.031,,,,0.016,0.008,,,,,,,,,,,0.008,,,,,,,,,,,,,,,,,,1,2.0,0.019,192.6,19.0
529,High,RPath,1045,3.0,3.0,0.074,9.0,0.22199999999999998,0.029673590504451036,2.0,0.074,303.3,52,3,3,6.0,sidewalks,302.333,CON,1,2,2,1,0,0,1,0,0,0,0,0,1,0,0,1,0,0,0,0,0,0,0,0,0,5,0,2,0,0,0,0,0,0,0,0,0,0,0,0,0,0,0,0,0,0,0,0,1,1,1,2,2,5,5,0,3,0,0,0,0,0,0,0,0,0,0,0,0,0,0,0,0,0,0,0,1,2,2,0,0,0,0,0,1,1,1,0,0,0,0,0,0,0,0,0,5,3,0.089,,,0.02,0.02,0.049,,,,,,,,,,,,,,,,,,,,,,,,,,,,,3,2.0,0.074,303.3,39.0
530,High,RPath,1050,3.0,3.0,0.066,9.0,0.198,0.11306532663316583,2.0,0.066,79.6,60,3,3,6.0,sidewalks,79.59,HMAC,1,2,0,1,0,0,0,0,0,0,0,0,1,2,0,1,2,0,0,0,0,0,0,0,0,0,0,2,0,0,0,0,0,0,1,2,2,0,0,0,0,0,0,0,1,0,0,0,0,0,1,2,2,5,5,0,3,1,0,0,0,0,0,0,0,0,0,0,0,0,0,0,0,1,2,0,1,2,2,0,0,0,5,3,0,1,0,0,0,0,0,0,0,1,0,0,5,0,0.094,0.057,,,0.038,,,,,,,,,,,,,,,,,,,,,,,,,,,,,,2,2.0,0.066,79.6,29.0
531,High,RPath,1051,3.0,3.0,0.054,9.0,0.162,0.10856453558504221,2.0,0.054,82.9,59,3,3,6.0,sidewalks,79.353,CON,1,2,2,1,0,0,0,0,0,0,0,0,1,0,0,1,2,0,0,0,0,0,0,0,5,0,0,2,0,0,0,0,0,0,1,2,0,0,0,0,0,0,0,5,1,2,0,0,0,0,1,2,2,5,0,0,3,1,0,0,0,0,0,0,0,0,0,0,0,0,1,2,2,1,0,0,1,0,0,0,0,0,0,3,1,0,1,0,0,0,0,0,0,0,0,0,5,0,0.054,,,,,0.054,,,,,,,,,,,,,,,,,,,,,,,,,,,,,0,2.0,0.054,82.9,9.0
532,High,RPath,1053,3.0,3.0,0.018,9.0,0.05399999999999999,0.10856453558504221,2.0,0.018,82.9,57,3,3,6.0,sidewalks,78.859,CON,1,2,0,1,2,0,0,0,0,0,0,0,1,0,0,1,2,0,0,0,0,0,0,0,0,0,0,2,0,0,0,0,0,0,1,2,2,0,0,0,0,0,0,5,1,2,0,0,0,0,1,2,2,5,0,0,3,1,0,0,0,0,0,0,0,0,0,0,0,0,1,2,0,0,0,0,1,0,0,0,0,0,5,3,1,0,0,0,0,0,0,0,0,0,0,0,5,0,0.018,,,,,0.018,,,,,,,,,,,,,,,,,,,,,,,,,,,,,0,2.0,0.018,82.9,9.0
533,High,RPath,1055,3.0,3.0,0.094,9.0,0.28200000000000003,0.12482662968099863,2.0,0.094,72.1,57,3,3,6.0,sidewalks,73.802,HMAC,1,2,2,1,2,0,1,0,0,0,0,0,1,2,0,0,0,0,0,0,0,0,0,0,0,0,0,2,0,0,0,0,0,0,1,2,2,0,0,0,0,0,0,0,0,0,0,0,1,0,1,2,2,5,0,4,3,1,0,0,0,0,0,0,0,0,0,0,0,0,0,0,0,1,2,0,1,2,0,0,0,0,5,3,0,0,0,0,0,0,0,0,0,0,0,0,5,0,0.374,,,,0.374,,,,,,,,,,,,,,,,,,,,,,,,,,,,,,0,2.0,0.094,72.1,9.0
534,High,RPath,1064,3.0,3.0,0.06,9.0,0.18,0.053667262969588556,2.0,0.06,167.7,61,3,3,6.0,sidewalks,165.358,HMAC,1,2,0,1,2,0,1,0,0,0,0,0,1,2,0,1,0,0,0,0,0,0,0,0,0,0,0,2,0,0,0,0,0,0,1,2,2,0,0,0,0,0,0,0,0,0,0,0,0,0,1,2,2,5,5,4,0,1,0,0,0,0,0,0,0,0,0,0,0,0,0,0,0,1,2,0,1,2,2,0,0,0,5,3,1,0,1,0,0,0,0,0,0,0,0,0,5,0,0.107,,,,0.054,0.045,,,,,,0.009,,,,,,,,,,,,,,,,,,,,,,,1,2.0,0.06,167.7,19.0
535,High,RPath,1078,3.0,3.0,0.029,9.0,0.08700000000000001,0.3435114503816794,2.0,0.029,26.2,63,3,3,6.0,sidewalks,26.211,CON,1,2,0,0,0,0,0,0,0,1,0,0,1,2,2,1,2,0,0,0,0,1,2,2,0,5,0,0,0,0,0,1,0,0,1,2,0,0,0,0,1,2,0,5,1,2,0,0,1,1,1,2,2,0,0,0,0,1,1,2,0,0,0,0,0,0,0,0,0,0,0,0,0,1,0,0,1,2,0,0,0,0,0,3,1,0,1,1,0,0,0,0,0,0,0,0,5,0,0.114,,,,0.114,,,,,,,,,,,,,,,,,,,,,,,,,,,,,,0,2.0,0.029,26.2,9.0
536,High,RPath,1107,3.0,3.0,0.044,9.0,0.132,0.03214285714285714,2.0,0.044,280.0,61,3,3,6.0,sidewalks,280.014,CON,1,2,2,1,0,0,0,0,0,0,0,0,0,0,0,1,2,2,0,0,0,0,0,0,0,5,0,2,0,0,0,0,0,0,1,2,2,0,0,0,0,0,0,0,1,2,2,0,1,1,1,2,2,5,5,0,0,0,0,0,0,0,0,0,1,2,2,0,0,0,0,0,0,1,2,0,0,0,0,0,0,0,0,0,1,1,1,0,0,0,0,0,0,0,0,0,5,0,0.059,,,,0.016,0.021,,,,,,,,,,0.005,,,0.016,,,,,,,,,,,,,,,,2,2.0,0.044,280.0,29.0
537,High,RPath,1116,3.0,3.0,0.03,9.0,0.09,0.0896414342629482,2.0,0.03,100.4,63,3,3,6.0,sidewalks,100.56,CON,1,2,2,1,2,0,1,0,0,1,2,2,1,2,2,0,0,0,0,0,0,0,0,0,0,0,0,2,0,0,0,0,0,0,1,2,2,0,0,0,0,0,0,0,1,2,2,0,1,1,1,2,2,5,5,0,3,0,0,0,0,0,0,0,0,0,0,0,0,0,0,0,0,1,2,2,1,0,0,0,0,0,0,0,1,0,0,0,0,0,0,0,0,0,0,0,5,0,0.03,,,,,0.03,,,,,,,,,,,,,,,,,,,,,,,,,,,,,0,2.0,0.03,100.4,9.0
538,High,RPath,1135,3.0,3.0,0.091,9.0,0.273,0.13657056145675264,2.0,0.091,65.9,57,3,3,6.0,sidewalks,65.655,HMAC,1,2,0,1,0,0,1,0,0,0,0,0,1,2,2,1,2,2,0,0,0,0,0,0,0,5,0,2,0,0,0,0,0,0,1,2,2,0,0,0,0,0,0,0,0,0,0,0,0,0,1,2,2,0,5,0,0,1,0,0,0,0,0,0,0,0,0,0,0,0,1,0,0,1,2,0,1,0,0,0,0,0,5,3,1,0,0,0,0,0,0,0,0,0,0,0,5,0,0.296,,,,0.273,,0.023,,,,,,,,,,,,,,,,,,,,,,,,,,,,0,2.0,0.091,65.9,9.0
539,High,RPath,1136,3.0,3.0,0.011,9.0,0.033,0.05272407732864675,2.0,0.011,170.7,63,3,3,6.0,sidewalks,171.861,CON,1,2,2,1,0,0,1,0,0,0,0,0,1,2,2,1,2,2,0,0,0,0,0,0,0,5,0,0,0,0,0,0,0,0,1,2,2,0,0,0,0,0,0,0,0,0,0,0,0,0,1,2,0,5,5,0,0,1,0,0,0,0,0,0,0,0,0,0,0,0,1,0,0,1,2,2,1,0,0,0,0,0,5,3,1,1,0,0,0,0,0,0,0,0,0,0,5,0,0.018,,,,0.009,0.009,,,,,,,,,,,,,,,,,,,,,,,,,,,,,0,2.0,0.011,170.7,9.0
540,High,RPath,1138,3.0,3.0,0.087,9.0,0.261,0.05067567567567568,2.0,0.087,177.6,55,3,3,6.0,sidewalks,178.591,CON,1,2,2,0,0,0,0,0,0,0,0,0,1,2,2,1,2,2,0,0,0,0,0,0,0,5,0,0,0,0,0,0,0,0,1,2,2,0,0,0,0,0,0,0,0,0,0,0,0,0,1,2,0,5,5,0,0,1,0,0,0,0,0,0,0,0,0,0,0,0,0,0,0,1,2,2,1,0,0,0,0,0,0,3,1,1,0,0,0,0,0,0,0,0,0,0,5,0,0.169,,,,0.11,0.051,,,,,,,,,,,0.008,,,,,,,,,,,,,,,,,,0,2.0,0.087,177.6,9.0
541,High,RPath,1164,3.0,3.0,0.054,9.0,0.162,0.21479713603818618,2.0,0.054,41.9,57,3,3,6.0,sidewalks,41.414,CON,1,2,2,1,2,2,0,0,0,0,0,0,0,0,0,0,0,0,0,0,0,0,0,0,0,0,3,0,0,0,0,0,0,0,1,2,2,0,0,0,0,0,0,0,1,2,2,0,0,0,1,2,2,5,5,0,3,0,0,0,0,0,0,0,0,0,0,0,0,0,0,0,0,0,0,0,1,0,0,0,0,0,0,0,1,1,1,1,0,0,1,0,0,1,2,2,5,0,0.072,,,,,0.036,,,,,,,,,,,,0.036,,,,,,,,,,,,,,,,,0,2.0,0.054,41.9,9.0
542,High,RPath,1168,3.0,3.0,0.04,9.0,0.12,0.021505376344086023,2.0,0.04,418.5,66,4,3,6.0,sidewalks,208.375,CON,1,2,2,1,2,0,0,0,0,1,0,0,1,2,2,0,0,0,0,0,0,0,0,0,0,0,0,2,0,0,0,0,0,0,1,2,0,0,0,0,0,0,0,5,1,0,0,0,1,1,1,2,2,5,0,0,3,1,0,0,0,0,0,0,1,0,0,0,0,0,0,0,0,1,2,2,1,2,2,0,0,0,5,3,0,0,0,1,0,0,0,0,0,0,0,0,5,0,0.079,,,,0.036,0.018,,,,,,0.004,,,,,0.004,0.018,,,,,,,,,,,,,,,,,0,2.0,0.04,418.5,9.0
543,High,RPath,1169,3.0,3.0,0.051,9.0,0.153,0.021479713603818614,2.0,0.051,419.0,63,3,3,6.0,sidewalks,208.549,CON,1,2,0,1,2,0,0,0,0,1,0,0,1,2,2,0,0,0,0,0,0,1,0,0,0,0,0,2,0,0,0,0,0,0,1,2,0,0,0,0,0,0,0,5,1,0,0,0,1,1,1,2,2,5,0,0,3,1,0,0,0,0,0,0,1,0,0,0,0,0,0,0,0,1,2,2,1,2,0,0,0,0,5,3,0,0,0,1,0,0,0,0,0,0,0,0,5,0,0.086,,,0.007,0.032,0.014,,,,,,,,,,,0.011,0.021,,,,,,,,,,,,,,,,,0,2.0,0.051,419.0,9.0
544,High,RPath,1180,3.0,3.0,0.065,9.0,0.195,0.2616279069767442,2.0,0.065,34.4,54,3,3,6.0,sidewalks,33.483,CON,1,0,0,0,0,0,0,0,0,1,2,0,1,2,0,0,0,0,0,0,0,1,0,0,0,0,0,2,0,0,0,0,0,0,1,2,2,0,0,0,0,0,0,5,1,0,0,0,1,0,1,2,0,5,0,4,0,1,0,0,0,0,0,0,1,2,2,1,0,0,1,0,0,1,2,0,1,0,0,0,0,0,0,3,0,0,0,0,0,0,0,0,0,0,0,0,5,0,0.262,,,,0.262,,,,,,,,,,,,,,,,,,,,,,,,,,,,,,0,2.0,0.065,34.4,9.0
545,High,RPath,1183,3.0,3.0,0.018,9.0,0.05399999999999999,0.0487012987012987,2.0,0.018,184.8,55,3,3,6.0,sidewalks,182.638,CON,1,2,2,1,0,0,1,0,0,0,0,0,1,2,0,1,2,0,0,0,0,0,0,0,5,0,3,2,0,0,0,1,2,2,0,0,0,0,0,0,0,0,0,0,0,0,0,0,1,1,1,2,2,0,5,0,3,1,0,0,0,0,0,0,0,0,0,0,0,0,0,0,0,1,2,0,0,0,0,0,0,0,0,0,1,1,1,0,0,0,0,0,0,0,0,0,5,0,0.073,,,,0.041,,,,,,,,,0.032,,,,,,,,,,,,,,,,,,,,,1,2.0,0.018,184.8,19.0
546,High,RPath,1192,3.0,3.0,0.016,9.0,0.048,0.03862660944206009,2.0,0.016,233.0,66,4,3,6.0,sidewalks,228.419,CON,1,2,2,1,0,0,0,0,0,0,0,0,1,2,0,0,0,0,0,0,0,0,0,0,0,5,0,0,0,0,0,1,2,2,1,2,2,1,2,2,1,2,2,0,1,2,0,0,0,0,1,2,2,5,5,4,0,1,0,0,0,0,0,0,0,0,0,0,0,0,0,0,0,0,0,0,0,0,0,0,0,0,0,0,1,1,1,1,0,0,0,0,0,0,0,0,5,0,0.026,,,,0.013,,,,,,,,,,,,0.013,,,,,,,,,,,,,,,,,,1,2.0,0.016,233.0,19.0
547,High,RPath,1201,3.0,3.0,0.025,9.0,0.07500000000000001,0.030425963488843813,2.0,0.025,295.8,60,3,3,6.0,sidewalks,295.85,CON,1,2,2,1,0,0,1,0,0,0,0,0,0,0,0,0,0,0,0,0,0,0,0,0,0,5,3,2,0,0,0,0,0,0,1,2,2,0,0,0,0,0,0,5,1,0,0,0,0,0,1,0,0,5,5,4,0,1,0,0,0,0,0,0,0,0,0,0,0,0,0,0,0,0,0,0,1,2,2,0,0,0,0,3,1,1,1,0,0,0,0,0,0,0,0,0,5,0,0.025,0.015,,,,0.01,,,,,,,,,,,,,,,,,,,,,,,,,,,,,0,2.0,0.025,295.8,9.0
548,High,RPath,1221,3.0,3.0,0.034,9.0,0.10200000000000001,0.05157593123209169,2.0,0.034,174.5,60,3,3,6.0,sidewalks,172.84,CON,1,2,2,1,2,2,0,0,0,1,0,0,1,2,2,0,0,0,0,0,0,0,0,0,0,0,0,2,0,0,0,0,0,0,1,2,2,0,0,0,1,0,0,0,0,0,0,0,1,0,1,2,2,5,0,0,3,1,0,0,0,0,0,0,0,0,0,0,0,0,0,0,0,1,2,2,0,0,0,0,0,0,5,3,1,1,1,0,0,0,0,0,0,0,0,0,5,0,0.052,,,,0.017,0.026,,,,,,,,,,0.009,,,,,,,,,,,,,,,,,,,0,2.0,0.034,174.5,9.0
549,High,RPath,1223,3.0,3.0,0.059,9.0,0.177,0.07929515418502203,2.0,0.059,113.5,56,3,3,6.0,sidewalks,111.102,CON,1,2,0,1,2,0,0,0,0,1,0,0,1,2,2,0,0,0,0,0,0,0,0,0,0,0,0,2,0,0,0,0,0,0,1,2,2,0,0,0,1,2,0,0,0,0,0,0,1,0,1,2,0,5,0,0,3,1,0,0,0,0,0,0,0,0,0,0,0,0,0,0,0,1,2,2,0,0,0,0,0,0,5,3,1,1,1,0,0,0,0,0,0,0,0,0,5,0,0.066,,,,,0.053,,,,,,,,,,0.013,,,,,,,,,,,,,,,,,,,0,2.0,0.059,113.5,9.0
550,High,RPath,1226,3.0,3.0,0.086,9.0,0.258,0.07407407407407407,2.0,0.086,121.5,51,3,3,6.0,sidewalks,118.396,CON,1,0,0,1,0,0,0,0,0,1,2,0,1,2,0,0,0,0,0,0,0,0,0,0,0,0,0,2,0,0,0,0,0,0,1,2,2,0,0,0,1,2,2,0,0,0,0,0,0,0,1,0,0,5,0,0,3,1,0,0,0,0,0,0,0,0,0,0,0,0,0,0,0,1,2,2,0,0,0,0,0,0,5,3,1,1,1,0,0,0,0,0,0,0,0,0,5,0,0.086,0.025,,,,0.049,,,,,,,,,,,,,0.012,,,,,,,,,,,,,,,,0,2.0,0.086,121.5,9.0
551,High,RPath,1227,3.0,3.0,0.064,9.0,0.192,0.07718696397941681,2.0,0.064,116.6,53,3,3,6.0,sidewalks,112.457,CON,1,0,0,0,0,0,0,0,0,1,2,2,1,0,0,0,0,0,0,0,0,0,0,0,0,5,0,2,0,0,0,0,0,0,1,2,2,0,0,0,1,2,2,0,0,0,0,0,0,0,1,0,0,5,0,0,3,1,0,0,0,0,0,0,0,0,0,0,0,0,0,0,0,1,2,0,0,0,0,0,0,0,5,3,1,1,1,0,0,0,0,0,0,0,0,0,5,0,0.064,,0.026,,,0.039,,,,,,,,,,,,,,,,,,,,,,,,,,,,,0,2.0,0.064,116.6,9.0
552,High,RPath,1228,3.0,3.0,0.065,9.0,0.195,0.024793388429752067,2.0,0.065,363.0,60,3,3,6.0,sidewalks,360.829,CON,1,0,0,0,0,0,0,0,0,1,2,2,0,0,0,1,0,0,0,0,0,0,0,0,5,5,0,2,0,0,0,0,0,0,1,2,2,0,0,0,1,2,2,0,1,0,0,0,1,0,1,2,2,5,0,0,3,1,0,0,0,0,0,0,1,2,2,0,0,0,0,0,0,1,0,0,1,0,0,0,0,0,0,0,1,1,1,0,0,0,0,0,0,0,0,0,5,0,0.07,,,,0.004,0.05,,,,,,,,,,0.004,0.012,,,,,,,,,,,,,,,,,,0,2.0,0.065,363.0,9.0
553,High,RPath,1240,3.0,3.0,0.057,9.0,0.171,0.06484149855907781,2.0,0.057,138.8,62,3,3,6.0,sidewalks,135.221,CON,1,2,0,1,0,0,1,0,0,0,0,0,1,2,2,1,2,0,0,0,0,1,2,2,0,5,0,2,0,0,0,0,0,0,1,2,0,0,0,0,1,0,0,5,1,2,0,0,1,1,1,2,2,0,0,0,3,1,1,0,0,0,0,0,0,0,0,1,0,0,1,0,0,1,0,0,1,2,0,0,0,0,0,0,1,0,1,0,0,0,0,0,0,0,0,0,5,0,0.13,,,,0.076,0.032,,,,,,,,0.022,,,,,,,,,,,,,,,,,,,,,0,2.0,0.057,138.8,9.0
554,High,RPath,1241,3.0,3.0,0.032,9.0,0.096,0.06320224719101124,2.0,0.032,142.4,66,4,3,6.0,sidewalks,139.809,CON,1,2,0,1,2,0,1,2,0,0,0,0,1,2,2,1,0,0,0,0,0,1,2,2,0,5,0,2,0,0,0,0,0,0,1,0,0,0,0,0,1,0,0,5,1,0,0,0,1,1,1,2,2,0,0,0,3,1,1,0,0,0,0,0,1,0,0,1,2,0,1,0,0,1,0,0,1,2,0,0,0,0,0,3,1,0,1,0,0,0,0,0,0,0,0,0,5,0,0.095,,,,0.084,0.011,,,,,,,,,,,,,,,,,,,,,,,,,,,,,0,2.0,0.032,142.4,9.0
555,High,RPath,1243,3.0,3.0,0.092,9.0,0.276,0.2760736196319018,2.0,0.092,32.6,56,3,3,6.0,sidewalks,32.613,CON,1,2,0,0,0,0,0,0,0,0,0,0,1,2,0,0,0,0,0,0,0,0,0,0,5,0,0,0,1,2,2,0,0,0,0,0,0,0,0,0,0,0,0,0,1,2,0,0,1,0,1,2,0,0,0,0,0,1,1,2,0,1,0,0,1,2,2,0,0,0,1,0,0,1,2,0,1,2,2,1,2,0,0,0,1,1,1,1,0,0,1,0,0,1,0,0,5,0,0.322,,,,0.276,,,,,,,,,,,,,0.046,,,,,,,,,,,,,,,,,0,2.0,0.092,32.6,9.0
556,High,RPath,1244,3.0,3.0,0.087,9.0,0.261,0.12228260869565219,2.0,0.087,73.6,63,3,3,6.0,sidewalks,73.636,CON,1,2,2,0,0,0,0,0,0,0,0,0,1,0,0,1,0,0,0,0,0,0,0,0,5,0,0,0,1,2,2,0,0,0,1,0,0,0,0,0,0,0,0,0,1,2,0,0,1,0,1,2,0,0,0,0,3,1,1,2,0,1,0,0,1,2,2,0,0,0,1,0,0,1,2,0,1,2,2,1,2,0,0,0,1,1,1,1,2,0,1,0,0,1,0,0,5,0,0.306,,,,0.265,,,,,,,,,,,,,0.041,,,,,,,,,,,,,,,,,0,2.0,0.087,73.6,9.0
557,High,RPath,1261,3.0,3.0,0.024,9.0,0.07200000000000001,0.08272058823529412,2.0,0.024,108.8,65,4,3,6.0,sidewalks,107.053,HMAC,1,2,2,1,2,2,1,2,0,0,0,0,1,2,0,1,0,0,0,0,0,0,0,0,5,0,0,2,0,0,0,0,0,0,1,2,2,0,0,0,0,0,0,0,1,2,2,0,1,1,1,2,2,5,5,0,0,1,0,0,0,0,0,0,0,0,0,0,0,0,0,0,0,1,0,0,0,0,0,0,0,0,0,3,0,0,1,0,0,0,0,0,0,1,2,0,5,0,0.069,,,,0.041,,,,,,,,,,,,,0.028,,,,,,,,,,,,,,,,,0,2.0,0.024,108.8,9.0
558,High,RPath,1264,3.0,3.0,0.031,9.0,0.093,0.04126547455295736,2.0,0.031,218.1,63,3,3,6.0,sidewalks,203.385,HMAC,1,2,2,1,2,2,1,2,0,0,0,0,1,2,0,1,0,0,0,0,0,0,0,0,0,0,0,2,0,0,0,0,0,0,1,2,2,0,0,0,0,0,0,0,1,2,2,0,1,1,1,2,2,5,5,0,0,1,0,0,0,0,0,0,0,0,0,0,0,0,0,0,0,1,2,0,1,0,0,0,0,0,0,3,0,0,1,0,0,0,0,0,0,1,2,0,5,0,0.103,,,,0.096,0.007,,,,,,,,,,,,,,,,,,,,,,,,,,,,,0,2.0,0.031,218.1,9.0
559,High,RPath,1266,3.0,3.0,0.034,9.0,0.10200000000000001,0.06276150627615062,2.0,0.034,143.4,59,3,3,6.0,sidewalks,140.305,CON,1,2,2,1,2,2,1,2,2,1,0,0,1,0,0,0,0,0,0,0,0,0,0,0,0,5,0,2,0,0,0,0,0,0,0,0,0,0,0,0,0,0,0,0,0,0,0,0,1,1,1,2,2,0,0,0,3,1,0,0,0,0,0,0,0,0,0,0,0,0,0,0,0,1,2,2,1,2,0,0,0,0,5,3,1,1,1,0,0,0,0,0,0,0,0,0,5,0,0.042,,,0.01,0.01,0.01,,,,,,,,,,,,,0.01,,,,,,,,,,,,,,,,0,2.0,0.034,143.4,9.0
560,High,RPath,1270,3.0,3.0,0.041,9.0,0.123,0.24793388429752067,2.0,0.041,36.3,57,3,3,6.0,sidewalks,36.298,CON,1,2,2,0,0,0,0,0,0,0,0,0,0,0,0,1,2,0,0,0,0,0,0,0,5,0,0,0,0,0,0,0,0,0,1,2,2,0,0,0,1,2,2,0,1,2,2,0,1,1,1,2,2,5,5,0,0,0,0,0,0,0,0,0,1,2,0,0,0,0,0,0,0,0,0,0,1,0,0,0,0,0,0,0,1,1,1,0,0,0,0,0,0,0,0,0,5,0,0.041,,,,,,,,,,,,,,,,0.041,,,,,,,,,,,,,,,,,,0,2.0,0.041,36.3,9.0
561,High,RPath,1271,3.0,3.0,0.075,9.0,0.22499999999999998,0.2990033222591362,2.0,0.075,30.1,56,3,3,6.0,sidewalks,28.25,CON,1,2,2,0,0,0,0,0,0,0,0,0,0,0,0,1,2,0,0,0,0,0,0,0,5,0,0,0,0,0,0,0,0,0,1,2,2,0,0,0,1,2,2,0,1,2,0,0,1,1,1,2,2,5,5,0,0,0,0,0,0,0,0,0,1,2,0,0,0,0,0,0,0,1,0,0,1,0,0,0,0,0,0,0,1,1,1,0,0,0,0,0,0,0,0,0,5,0,0.1,,,,,0.05,,,,,,,,,,0.05,,,,,,,,,,,,,,,,,,,0,2.0,0.075,30.1,9.0
562,High,RPath,1283,3.0,3.0,0.027,9.0,0.081,0.081374321880651,2.0,0.027,110.6,64,4,3,6.0,sidewalks,108.136,CON,1,2,2,1,0,0,1,0,0,0,0,0,1,0,0,1,0,0,0,0,0,0,0,0,5,5,0,0,0,0,0,0,0,0,1,2,2,0,0,0,1,2,2,0,1,2,2,0,1,1,1,2,2,5,5,0,0,0,0,0,0,0,0,0,1,2,0,0,0,0,0,0,0,1,0,0,1,0,0,0,0,0,0,0,1,1,1,0,0,0,0,0,0,0,0,0,5,0,0.027,,,,,,,,,,,,,,,,,,0.027,,,,,,,,,,,,,,,,0,2.0,0.027,110.6,9.0
563,High,RPath,1288,3.0,3.0,0.036,9.0,0.10799999999999998,0.028985507246376812,2.0,0.036,310.5,56,3,3,6.0,sidewalks,308.646,CON,1,2,2,1,2,0,1,2,0,0,0,0,1,0,0,1,0,0,0,0,0,0,0,0,0,0,0,0,0,0,0,0,0,0,1,2,2,0,0,0,1,2,2,0,1,2,2,0,1,1,1,2,2,5,5,0,3,1,0,0,0,0,0,0,1,0,0,0,0,0,0,0,0,1,2,0,0,0,0,0,0,0,0,0,1,1,1,0,0,0,0,0,0,0,0,0,0,0,0.043,,,,0.01,0.034,,,,,,,,,,,,,,,,,,,,,,,,,,,,,1,2.0,0.036,310.5,19.0
564,High,RPath,1295,3.0,3.0,0.019,9.0,0.056999999999999995,0.11166253101736974,2.0,0.019,80.6,53,3,3,6.0,sidewalks,76.424,CON,1,2,2,0,0,0,0,0,0,0,0,0,1,2,2,0,0,0,0,0,0,0,0,0,0,0,0,0,0,0,0,1,2,0,1,2,0,1,2,0,1,2,2,0,1,2,2,0,0,0,1,2,2,5,5,0,0,0,0,0,0,0,0,0,0,0,0,0,0,0,0,0,0,0,0,0,1,0,0,0,0,0,0,0,1,1,1,0,0,0,0,0,0,0,0,0,5,0,0.019,,,,,0.019,,,,,,,,,,,,,,,,,,,,,,,,,,,,,1,2.0,0.019,80.6,19.0
565,High,RPath,1309,3.0,3.0,0.039,9.0,0.11699999999999999,0.014995001666111295,2.0,0.039,600.2,49,3,3,6.0,sidewalks,599.98,CON,1,2,2,0,0,0,0,0,0,0,0,0,1,2,2,0,0,0,1,2,2,0,0,0,0,5,0,0,0,0,0,0,0,0,0,0,0,0,0,0,0,0,0,0,0,0,0,0,0,0,1,2,2,5,5,0,0,1,0,0,0,0,0,0,0,0,0,0,0,0,0,0,0,1,2,2,0,0,0,0,0,0,0,0,1,1,1,0,0,0,0,0,0,0,0,0,5,0,0.042,,,,,0.027,,,,,,,,,,0.007,0.007,,,,,,,,,,,,,,,,,,0,2.0,0.039,600.2,9.0
566,High,RPath,1313,3.0,3.0,0.061,9.0,0.183,1.4516129032258065,2.0,0.061,6.2,51,3,3,6.0,sidewalks,5.055,CON,1,2,0,1,2,0,1,2,0,0,0,0,1,2,0,0,0,0,0,0,0,0,0,0,0,0,0,2,0,0,0,0,0,0,1,2,2,0,0,0,0,0,0,0,0,0,0,0,1,0,1,2,2,5,0,4,3,0,0,0,0,0,0,0,0,0,0,0,0,0,0,0,0,1,2,0,1,2,0,0,0,0,0,3,0,0,0,0,0,0,0,0,0,0,0,0,5,0,0.244,,,,0.244,,,,,,,,,,,,,,,,,,,,,,,,,,,,,,0,2.0,0.061,6.2,9.0
567,High,RPath,1316,3.0,3.0,0.081,9.0,0.243,0.3249097472924188,2.0,0.081,27.7,52,3,3,6.0,sidewalks,24.365,HMAC,1,2,0,1,2,0,1,0,0,0,0,0,1,0,0,0,0,0,0,0,0,0,0,0,0,0,0,2,0,0,0,0,0,0,1,2,2,0,0,0,0,0,0,0,0,0,0,0,1,0,1,2,2,5,0,4,3,0,0,0,0,0,0,0,0,0,0,0,0,0,0,0,0,1,2,0,1,2,0,0,0,0,5,3,0,0,0,0,0,0,0,0,0,0,0,0,5,0,0.163,,,,0.108,0.054,,,,,,,,,,,,,,,,,,,,,,,,,,,,,0,2.0,0.081,27.7,9.0
568,High,RPath,1317,3.0,3.0,0.021,9.0,0.063,0.1282051282051282,2.0,0.021,70.2,55,3,3,6.0,sidewalks,72.833,HMAC,1,2,0,1,2,0,1,0,0,0,0,0,1,0,0,1,0,0,0,0,0,0,0,0,0,0,0,2,0,0,0,0,0,0,1,2,2,0,0,0,0,0,0,0,0,0,0,0,1,1,1,2,2,5,0,4,3,1,0,0,0,0,0,0,0,0,0,0,0,0,0,0,0,1,2,0,1,2,0,0,0,0,5,3,0,0,0,0,0,0,0,0,0,0,0,0,5,0,0.086,,,,0.086,,,,,,,,,,,,,,,,,,,,,,,,,,,,,,0,2.0,0.021,70.2,9.0
569,High,RPath,1577,3.0,3.0,0.031,9.0,0.093,0.18442622950819673,2.0,0.031,48.8,59,3,3,6.0,sidewalks,50.058,CON,1,2,2,0,0,0,0,0,0,0,0,0,0,0,0,1,2,2,0,0,0,0,0,0,5,5,0,0,0,0,0,0,0,0,1,2,2,0,0,0,1,0,0,0,1,2,0,0,1,1,1,2,2,5,5,0,0,1,0,0,0,0,0,0,1,0,0,0,0,0,0,0,0,0,0,0,1,2,2,0,0,0,0,0,1,0,0,0,0,0,0,0,0,0,0,0,5,0,0.123,,,,0.123,,,,,,,,,,,,,,,,,,,,,,,,,,,,,,0,2.0,0.031,48.8,9.0
570,High,RPath,1579,3.0,3.0,0.024,9.0,0.07200000000000001,0.14173228346456693,2.0,0.024,63.5,62,3,3,6.0,sidewalks,71.703,CON,1,2,2,0,0,0,0,0,0,1,0,0,1,2,2,1,2,2,0,0,0,0,0,0,5,0,0,0,0,0,0,1,2,2,1,2,0,0,0,0,1,2,2,0,1,0,0,0,1,1,1,2,2,0,5,0,3,0,0,0,0,0,0,0,0,0,0,0,0,0,0,0,0,1,2,0,0,0,0,0,0,0,0,0,1,1,1,1,0,0,0,0,0,0,0,0,5,0,0.071,,,,0.024,,,,,,,0.024,,,,,,0.024,,,,,,,,,,,,,,,,,0,2.0,0.024,63.5,9.0
571,High,RPath,1025,3.0,3.0,0.017,9.0,0.051000000000000004,0.10404624277456648,2.0,0.017,86.5,56,3,3,6.0,sidewalks,86.49,CON,1,2,0,1,2,0,1,2,0,0,0,0,1,2,2,1,2,2,0,0,0,0,0,0,0,5,0,2,0,0,0,0,0,0,1,0,0,0,0,0,0,0,0,0,0,0,0,0,1,1,1,2,2,0,0,0,3,1,0,0,0,0,0,0,0,0,0,0,0,0,0,0,0,1,0,0,1,2,0,0,0,0,5,3,1,0,0,0,0,0,0,0,0,0,0,0,5,0,0.017,,,,,0.017,,,,,,,,,,,,,,,,,,,,,,,,,,,,,0,2.0,0.017,86.5,9.0
572,High,RPath,1612,3.0,3.0,0.071,9.0,0.21299999999999997,0.06109979633401222,2.0,0.071,147.3,61,3,3,6.0,sidewalks,147.288,CON,1,0,0,1,0,0,1,0,0,1,2,0,1,0,0,1,2,0,0,0,0,0,0,0,5,0,0,0,0,0,0,1,2,2,1,2,2,0,0,0,1,2,2,0,1,2,0,0,1,0,1,2,0,0,5,0,0,1,0,0,0,0,0,0,0,0,0,0,0,0,1,0,0,1,2,0,1,2,0,0,0,0,0,0,1,1,1,1,2,0,0,0,0,0,0,0,5,0,0.275,,,,0.102,,,,,,,,,0.163,,,,0.01,,,,,,,,,,,,,,,,,0,2.0,0.071,147.3,9.0
573,High,RPath,1613,3.0,3.0,0.076,9.0,0.22799999999999998,0.12113055181695828,2.0,0.076,74.3,51,3,3,6.0,sidewalks,72.351,CON,1,2,2,0,0,0,0,0,0,0,0,0,1,2,0,0,0,0,0,0,0,0,0,0,5,0,0,2,0,0,0,1,2,2,1,0,0,0,0,0,1,2,2,0,1,2,0,0,0,0,1,2,2,0,0,4,0,1,0,0,0,0,0,0,0,0,0,0,0,0,0,0,0,0,0,0,0,0,0,0,0,0,0,3,1,1,1,1,0,0,0,0,0,0,0,0,5,0,0.121,,,,0.061,0.061,,,,,,,,,,,,,,,,,,,,,,,,,,,,,0,2.0,0.076,74.3,9.0
574,High,RPath,1105,3.0,3.0,0.079,9.0,0.237,0.03369524522650692,2.0,0.079,267.1,65,4,3,6.0,sidewalks,113.328,HMAC,1,2,2,1,2,0,0,0,0,0,0,0,0,0,0,1,2,2,0,0,0,0,0,0,5,5,0,0,0,0,0,0,0,0,1,2,2,0,0,0,0,0,0,0,1,2,2,0,1,1,1,2,2,5,5,0,0,0,0,0,0,0,0,0,1,2,0,0,0,0,0,0,0,1,0,0,1,0,0,0,0,0,0,3,1,0,1,0,0,0,0,0,0,0,0,0,5,0,0.241,0.011,,,0.213,0.006,,,,,,,,,,,0.006,0.006,,,,,,,,,,,,,,,,,2,2.0,0.079,267.1,29.0
575,High,RPath,1351,3.0,3.0,0.049,9.0,0.14700000000000002,0.07352941176470588,2.0,0.049,122.4,59,3,3,6.0,walkways,122.419,HMAC,1,2,2,1,2,2,1,2,0,1,2,2,1,2,2,1,0,0,0,0,0,0,0,0,0,5,0,2,0,0,0,0,0,0,1,0,0,0,0,0,0,0,0,0,0,0,0,0,0,0,1,0,0,0,0,0,3,1,0,0,0,0,0,0,0,0,0,0,0,0,0,0,0,1,2,0,1,2,2,0,0,0,0,3,1,1,1,0,0,0,1,2,0,0,0,0,5,0,0.196,,,,0.196,,,,,,,,,,,,,,,,,,,,,,,,,,,,,,0,2.0,0.049,122.4,9.0
576,High,RPath,1356,3.0,3.0,0.012,9.0,0.036000000000000004,0.03570011900039667,2.0,0.012,252.1,50,3,3,6.0,walkways,252.09,SS,1,2,0,1,2,0,1,0,0,0,0,0,1,2,0,1,0,0,0,0,0,0,0,0,0,0,0,2,0,0,0,0,0,0,1,2,2,0,0,0,1,2,0,0,0,0,0,0,1,0,1,2,0,0,0,0,3,1,0,0,0,0,0,0,0,0,0,0,0,0,0,0,0,1,2,2,1,2,0,0,0,0,5,3,0,0,0,0,0,0,0,0,0,0,0,0,5,0,0.012,,,,,,,,,,,,,,,,,,,,,0.012,,,,,,,,,,,,,0,2.0,0.012,252.1,9.0
577,High,RPath,1364,3.0,3.0,0.099,9.0,0.29700000000000004,0.09523809523809523,2.0,0.099,94.5,55,3,3,6.0,walkways,94.491,HMAC,1,2,2,1,2,0,1,2,0,0,0,0,1,2,0,0,0,0,0,0,0,0,0,0,0,0,0,2,0,0,0,1,0,0,1,0,0,0,0,0,0,0,0,0,0,0,0,0,0,0,1,2,2,5,0,0,3,1,0,0,0,0,0,0,1,2,0,1,0,0,0,0,0,1,2,0,1,2,2,0,0,0,0,3,1,1,1,0,0,0,0,0,0,0,0,0,5,0,0.111,,,,0.016,0.063,,,,,,,,,,,,,0.032,,,,,,,,,,,,,,,,0,2.0,0.099,94.5,9.0
578,High,RPath,1381,3.0,3.0,0.065,9.0,0.195,0.1291248206599713,2.0,0.065,69.7,54,3,3,6.0,walkways,69.36,HMAC,1,2,2,1,2,0,1,2,0,1,2,0,1,2,0,0,0,0,0,0,0,0,0,0,0,0,0,2,0,0,0,0,0,0,1,2,2,0,0,0,0,0,0,0,0,0,0,0,0,0,1,2,2,5,0,4,0,1,0,0,0,0,0,0,0,0,0,0,0,0,0,0,0,1,0,0,1,0,0,0,0,0,5,3,0,0,0,0,0,0,0,0,0,0,0,0,5,0,0.129,,,,0.086,0.043,,,,,,,,,,,,,,,,,,,,,,,,,,,,,0,2.0,0.065,69.7,9.0
579,High,RPath,1383,3.0,3.0,0.027,9.0,0.081,0.21634615384615383,2.0,0.027,41.6,53,3,3,6.0,walkways,41.589,HMAC,1,2,2,1,2,0,1,2,0,1,0,0,1,2,0,0,0,0,0,0,0,0,0,0,0,5,0,2,0,0,0,0,0,0,1,2,2,0,0,0,0,0,0,0,0,0,0,0,0,0,1,2,2,5,0,4,0,1,0,0,0,0,0,0,0,0,0,0,0,0,0,0,0,1,0,0,0,0,0,0,0,0,5,0,0,0,0,0,0,0,0,0,0,0,0,0,5,0,0.108,,,,0.072,,,0.036,,,,,,,,,,,,,,,,,,,,,,,,,,,1,2.0,0.027,41.6,19.0
580,High,RPath,1390,3.0,3.0,0.096,9.0,0.28800000000000003,0.08234217749313816,2.0,0.096,109.3,49,3,3,6.0,walkways,109.326,HMAC,1,2,2,1,2,0,1,2,0,0,0,0,1,2,0,1,2,0,0,0,0,0,0,0,0,5,0,2,0,0,0,0,0,0,1,2,0,0,0,0,0,0,0,0,0,0,0,0,0,0,1,2,2,0,0,0,0,1,0,0,0,0,0,0,0,0,0,0,0,0,0,0,0,1,2,2,1,2,0,0,0,0,0,3,0,0,0,0,0,0,0,0,0,0,0,0,5,0,0.22,,,0.041,0.165,,,,,,,,,,,,,,0.014,,,,,,,,,,,,,,,,0,2.0,0.096,109.3,9.0
581,High,RPath,1393,3.0,3.0,0.063,9.0,0.189,0.1164294954721863,2.0,0.063,77.3,54,3,3,6.0,walkways,77.271,HMAC,1,2,2,1,2,2,1,2,2,0,0,0,1,2,0,1,2,0,0,0,0,0,0,0,0,0,0,2,0,0,0,0,0,0,1,2,0,0,0,0,0,0,0,0,1,0,0,0,0,0,1,2,2,0,0,0,3,1,0,0,0,0,0,0,0,0,0,0,0,0,0,0,0,1,2,2,1,2,2,0,0,0,0,3,0,0,0,0,0,0,0,0,0,0,0,0,5,0,0.252,,,,0.136,,,0.116,,,,,,,,,,,,,,,,,,,,,,,,,,,0,2.0,0.063,77.3,9.0
582,High,RPath,1394,3.0,3.0,0.092,9.0,0.276,0.09635974304068522,2.0,0.092,93.4,51,3,3,6.0,walkways,92.967,HMAC,1,2,0,1,2,0,1,2,0,0,0,0,1,2,2,1,0,0,0,0,0,0,0,0,0,5,0,2,0,0,0,0,0,0,1,2,0,0,0,0,0,0,0,0,1,0,0,0,0,0,1,2,2,0,0,0,3,1,0,0,0,0,0,0,0,0,0,0,0,0,0,0,0,1,2,0,1,2,2,0,0,0,0,3,0,0,0,0,0,0,0,0,0,0,0,0,5,0,0.321,,,0.016,0.305,,,,,,,,,,,,,,,,,,,,,,,,,,,,,,0,2.0,0.092,93.4,9.0
583,High,RPath,1398,3.0,3.0,0.033,9.0,0.099,0.15679442508710803,2.0,0.033,57.4,50,3,3,6.0,walkways,57.421,HMAC,1,2,2,1,2,0,1,0,0,0,0,0,1,2,2,1,0,0,0,0,0,1,2,0,0,5,0,2,0,0,0,0,0,0,1,2,0,0,0,0,0,0,0,0,1,0,0,0,0,0,1,2,0,0,0,0,0,1,0,0,0,0,0,0,0,0,0,0,0,0,1,2,0,1,2,0,1,2,0,0,0,0,0,3,0,0,0,0,0,0,0,0,0,0,0,0,5,0,0.131,,,,0.131,,,,,,,,,,,,,,,,,,,,,,,,,,,,,,0,2.0,0.033,57.4,9.0
584,High,RPath,1418,3.0,3.0,0.039,9.0,0.11699999999999999,0.1048951048951049,2.0,0.039,85.8,53,3,3,6.0,walkways,85.752,HMAC,1,2,2,1,2,2,1,2,2,0,0,0,1,2,0,1,2,0,0,0,0,0,0,0,0,5,0,2,0,0,0,0,0,0,1,2,0,0,0,0,0,0,0,0,1,0,0,0,1,0,1,2,0,0,0,0,0,1,0,0,0,0,0,0,0,0,0,0,0,0,0,0,0,1,2,0,1,2,0,0,0,0,0,3,1,0,1,0,0,0,0,0,0,0,0,0,5,0,0.105,,,,0.087,0.017,,,,,,,,,,,,,,,,,,,,,,,,,,,,,0,2.0,0.039,85.8,9.0
585,High,RPath,1419,3.0,3.0,0.023,9.0,0.069,0.13846153846153847,2.0,0.023,65.0,50,3,3,6.0,walkways,36.942,HMAC,1,2,2,1,2,2,1,2,2,0,0,0,1,2,0,1,0,0,0,0,0,0,0,0,0,5,0,2,0,0,0,0,0,0,1,2,0,0,0,0,0,0,0,0,1,0,0,0,1,0,1,2,0,0,0,0,0,1,0,0,0,0,0,0,0,0,0,0,0,0,0,0,0,1,2,0,1,2,0,0,0,0,0,3,0,0,1,0,0,0,0,0,0,0,0,0,5,0,0.092,,,,0.069,,,0.023,,,,,,,,,,,,,,,,,,,,,,,,,,,0,2.0,0.023,65.0,9.0
586,High,RPath,1420,3.0,3.0,0.041,9.0,0.123,0.081374321880651,2.0,0.041,110.6,58,3,3,6.0,walkways,110.567,HMAC,1,2,2,1,2,2,1,2,0,0,0,0,1,0,0,1,0,0,0,0,0,0,0,0,5,0,0,2,0,0,0,0,0,0,1,2,2,0,0,0,0,0,0,0,1,2,0,0,1,1,1,2,2,5,0,0,0,1,0,0,0,0,0,0,0,0,0,0,0,0,0,0,0,1,0,0,1,0,0,0,0,0,0,3,1,1,1,0,0,0,1,0,0,1,0,0,5,0,0.136,,,,0.054,,,0.027,,,,0.027,,,,,,0.027,,,,,,,,,,,,,,,,,0,2.0,0.041,110.6,9.0
587,High,RPath,1431,3.0,3.0,0.013,9.0,0.039,0.15384615384615385,2.0,0.013,58.5,58,3,3,6.0,walkways,58.514,SS,1,2,2,1,2,0,1,2,0,1,2,0,1,2,0,0,0,0,0,0,0,0,0,0,0,0,0,2,0,0,0,0,0,0,1,2,2,0,0,0,0,0,0,0,0,0,0,0,0,0,1,2,2,5,5,0,0,1,0,0,0,0,0,0,0,0,0,0,0,0,1,2,2,0,0,0,1,2,0,0,0,0,0,3,1,0,1,0,0,0,0,0,0,0,0,0,5,0,0.051,,,,0.026,,,0.026,,,,,,,,,,,,,,,,,,,,,,,,,,,0,2.0,0.013,58.5,9.0
588,High,RPath,1441,3.0,3.0,0.018,9.0,0.05399999999999999,0.21428571428571427,2.0,0.018,42.0,49,3,3,6.0,walkways,41.999,HMAC,1,0,0,1,2,2,0,0,0,0,0,0,1,2,2,1,2,0,0,0,0,0,0,0,0,0,0,2,0,0,0,1,0,0,1,2,0,0,0,0,0,0,0,5,1,0,0,0,1,0,1,2,0,0,0,0,0,1,0,0,0,0,0,0,0,0,0,0,0,0,0,0,0,1,2,2,1,2,0,0,0,0,5,0,0,0,0,0,0,0,0,0,0,0,0,0,5,0,0.071,,,,0.071,,,,,,,,,,,,,,,,,,,,,,,,,,,,,,0,2.0,0.018,42.0,9.0
589,High,RPath,1442,3.0,3.0,0.018,9.0,0.05399999999999999,0.21479713603818618,2.0,0.018,41.9,54,3,3,6.0,walkways,41.861,HMAC,1,0,0,1,2,2,0,0,0,0,0,0,1,2,2,1,0,0,0,0,0,0,0,0,0,5,0,2,0,0,0,1,0,0,1,2,0,0,0,0,0,0,0,5,1,0,0,0,1,0,1,2,0,0,0,0,0,1,0,0,0,0,0,0,0,0,0,0,0,0,0,0,0,1,2,2,1,2,0,0,0,0,5,0,1,0,0,1,0,0,0,0,0,0,0,0,5,0,0.072,,,,0.072,,,,,,,,,,,,,,,,,,,,,,,,,,,,,,0,2.0,0.018,41.9,9.0
590,High,RPath,1456,3.0,3.0,0.055,9.0,0.165,0.11002444987775062,2.0,0.055,81.8,57,3,3,6.0,walkways,81.714,HMAC,1,2,2,1,2,0,1,0,0,0,0,0,1,2,0,1,2,0,0,0,0,0,0,0,0,5,0,2,0,0,0,0,0,0,1,2,2,0,0,0,0,0,0,0,0,0,0,0,1,0,1,2,0,0,0,0,3,1,0,0,0,0,0,0,1,0,0,0,0,0,0,0,0,1,2,2,1,2,0,0,0,0,5,3,0,0,0,0,0,0,0,0,0,0,0,0,5,0,0.055,,,,,0.055,,,,,,,,,,,,,,,,,,,,,,,,,,,,,0,2.0,0.055,81.8,9.0
591,High,RPath,1465,3.0,3.0,0.03,9.0,0.09,0.06072874493927126,2.0,0.03,148.2,53,3,3,6.0,walkways,148.214,HMAC,1,2,2,1,2,0,1,2,0,0,0,0,1,2,2,0,0,0,0,0,0,0,0,0,0,5,0,2,0,0,0,0,0,0,1,2,0,0,0,0,0,0,0,0,0,0,0,0,1,0,1,2,2,0,0,0,0,1,0,0,0,0,0,0,0,0,0,0,0,0,0,0,0,1,2,0,1,2,0,0,0,0,5,3,1,0,0,0,0,0,0,0,0,0,0,0,5,0,0.03,,,,,0.03,,,,,,,,,,,,,,,,,,,,,,,,,,,,,0,2.0,0.03,148.2,9.0
592,High,RPath,1492,3.0,3.0,0.098,9.0,0.29400000000000004,0.19607843137254902,2.0,0.098,45.9,64,4,3,6.0,walkways,45.865,SS,1,2,2,1,2,2,1,2,2,0,0,0,1,2,2,0,0,0,0,0,0,0,0,0,0,5,0,2,0,0,0,0,0,0,1,2,0,0,0,0,0,0,0,0,1,0,0,0,1,1,1,2,2,5,0,0,3,1,0,0,0,0,0,0,0,0,0,0,0,0,0,0,0,1,2,0,1,2,0,0,0,0,0,3,1,1,1,0,0,0,0,0,0,0,0,0,5,0,0.098,,,,,,,,,,,,,,,,,,,,,,,,,0.033,,,0.065,,,,,,0,2.0,0.098,45.9,9.0
593,High,RPath,1504,3.0,3.0,0.026,9.0,0.078,0.21077283372365338,2.0,0.026,42.7,52,3,3,6.0,walkways,42.665,HMAC,1,2,2,1,2,0,1,2,0,0,0,0,1,0,0,0,0,0,0,0,0,0,0,0,5,5,0,2,0,0,0,0,0,0,1,2,2,0,0,0,0,0,0,0,1,0,0,0,1,1,1,2,2,0,0,0,0,1,0,0,0,0,0,0,0,0,0,0,0,0,0,0,0,1,0,0,1,2,0,0,0,0,0,3,0,0,1,0,0,0,1,0,0,0,0,0,5,0,0.105,,,,0.07,,,0.035,,,,,,,,,,,,,,,,,,,,,,,,,,,0,2.0,0.026,42.7,9.0
594,High,RPath,1506,3.0,3.0,0.097,9.0,0.29100000000000004,0.21226415094339623,2.0,0.097,42.4,53,3,3,6.0,walkways,42.378,HMAC,1,2,2,1,2,2,1,2,2,0,0,0,1,2,2,1,0,0,0,0,0,0,0,0,0,5,0,2,0,0,0,0,0,0,1,2,0,0,0,0,0,0,0,0,1,2,0,0,0,0,1,2,0,0,0,0,0,1,0,0,0,0,0,0,0,0,0,0,0,0,0,0,0,1,2,2,1,0,0,0,0,0,0,3,0,0,1,0,0,0,0,0,0,0,0,0,5,0,0.283,,,0.035,0.248,,,,,,,,,,,,,,,,,,,,,,,,,,,,,,0,2.0,0.097,42.4,9.0
595,High,RPath,1526,3.0,3.0,0.091,9.0,0.273,0.10392609699769054,2.0,0.091,86.6,58,3,3,6.0,walkways,86.63,HMAC,1,2,2,1,0,0,1,0,0,1,0,0,1,2,2,1,2,2,0,0,0,0,0,0,0,5,0,2,0,0,0,1,2,0,1,2,2,0,0,0,1,2,0,0,1,0,0,0,1,0,1,2,0,0,0,0,0,1,0,0,0,0,0,0,0,0,0,0,0,0,0,0,0,1,2,2,0,0,0,0,0,0,0,3,1,1,0,1,0,0,0,0,0,0,0,0,5,0,0.346,,,,,,,0.312,,,,0.017,,,,,,0.017,,,,,,,,,,,,,,,,,0,2.0,0.091,86.6,9.0
596,Medium,RPath,3,4.0,2.0,0.121,8.0,0.484,0.07194244604316546,3.0,0.121,111.2,69,4,4,12.0,sidewalks,111.178,CON,1,2,2,1,0,0,1,0,0,0,0,0,1,2,0,1,0,0,0,0,0,0,0,0,5,0,0,0,0,0,0,1,2,2,1,2,2,0,0,0,1,2,2,0,1,2,2,0,1,1,1,2,2,0,5,4,0,1,1,0,0,0,0,0,0,0,0,0,0,0,0,0,0,1,0,0,1,2,0,0,0,0,0,3,1,1,1,0,0,0,0,0,0,0,0,0,5,0,0.216,,,,0.108,0.081,,,,,,,,,,0.027,,,,,,,,,,,,,,,,,,,4,3.0,0.121,111.2,38.0
597,Medium,RPath,4,4.0,2.0,0.249,8.0,0.996,0.11065006915629323,3.0,0.249,72.3,68,4,4,12.0,sidewalks,72.488,CON,1,2,2,1,0,0,1,0,0,1,2,0,1,2,2,0,0,0,0,0,0,1,2,2,0,0,0,2,0,0,0,0,0,0,1,2,0,0,0,0,0,0,0,5,0,0,0,0,1,0,1,2,0,0,0,0,0,1,0,0,0,0,0,0,1,2,0,1,2,2,1,2,2,1,2,0,1,2,0,0,0,0,5,3,0,0,1,0,0,0,0,0,0,0,0,0,5,0,0.249,,,,,0.249,,,,,,,,,,,,,,,,,,,,,,,,,,,,,0,3.0,0.249,72.3,8.0
598,Medium,RPath,10,4.0,2.0,0.101,8.0,0.404,0.03666361136571952,3.0,0.101,218.2,81,4,4,12.0,sidewalks,219.032,CON,1,2,2,1,2,0,1,2,0,0,0,0,1,2,2,0,0,0,0,0,0,0,0,0,0,5,0,2,0,0,0,1,2,0,1,2,2,1,2,0,0,0,0,0,0,0,0,0,1,1,1,2,2,5,5,4,3,0,0,0,0,0,0,0,1,0,0,0,0,0,1,2,0,1,2,2,1,0,0,0,0,0,5,0,1,1,1,0,0,0,0,0,0,0,0,0,5,0,0.192,,,,0.117,0.048,,,,,,,,,,0.007,,,0.021,,,,,,,,,,,,,,,,0,3.0,0.101,218.2,8.0
599,Medium,RPath,11,4.0,2.0,0.138,8.0,0.552,0.06024096385542168,3.0,0.138,132.8,70,4,4,12.0,sidewalks,130.53,CON,1,2,2,1,2,0,1,0,0,0,0,0,0,0,0,0,0,0,0,0,0,0,0,0,5,5,0,2,0,0,0,0,0,0,1,2,2,0,0,0,0,0,0,0,0,0,0,0,1,1,1,2,2,5,5,0,0,1,0,0,0,0,0,0,1,2,0,0,0,0,1,2,0,1,2,0,1,2,2,0,0,0,5,0,1,0,1,0,0,0,0,0,0,0,0,0,5,0,0.181,,,,0.056,0.09,,,,,,,,,,,0.023,,0.011,,,,,,,,,,,,,,,,1,3.0,0.138,132.8,18.0
600,Medium,RPath,54,4.0,2.0,0.128,8.0,0.512,0.10526315789473684,3.0,0.128,76.0,71,4,4,12.0,sidewalks,76.866,HMAC,1,2,2,1,2,2,1,2,2,0,0,0,1,2,2,0,0,0,0,0,0,0,0,0,5,5,0,2,0,0,0,1,0,0,1,2,0,0,0,0,0,0,0,0,1,0,0,0,0,0,1,0,0,0,0,0,0,1,0,0,0,0,0,0,1,2,2,0,0,0,1,2,0,1,2,2,1,2,2,0,0,0,5,3,1,0,0,0,0,0,0,0,0,0,0,0,5,0,0.138,,,,,0.118,,,,,,,,,,0.02,,,,,,,,,,,,,,,,,,,0,3.0,0.128,76.0,8.0
601,Medium,RPath,56,4.0,2.0,0.133,8.0,0.532,0.06430868167202572,3.0,0.133,124.4,72,4,4,12.0,sidewalks,124.377,CON,1,2,2,1,0,0,1,0,0,0,0,0,1,2,0,1,0,0,0,0,0,0,0,0,5,0,0,0,0,0,0,1,2,2,1,2,2,0,0,0,1,2,2,0,1,2,2,0,1,1,1,2,2,5,5,4,0,0,1,0,0,0,0,0,0,0,0,0,0,0,0,0,0,0,0,0,1,2,0,0,0,0,0,3,1,1,1,0,0,0,0,0,0,0,0,0,5,0,0.229,,,,0.121,0.096,,,,,,,,,,0.012,,,,,,,,,,,,,,,,,,,4,3.0,0.133,124.4,38.0
602,Medium,RPath,98,4.0,2.0,0.138,8.0,0.552,0.128,3.0,0.138,62.5,75,4,4,12.0,sidewalks,62.47,HMAC,1,2,0,1,0,0,0,0,0,0,0,0,1,2,0,1,2,0,1,0,0,0,0,0,5,0,0,0,0,0,0,1,2,2,1,2,2,0,0,0,0,0,0,0,1,2,2,0,1,1,1,2,2,5,5,0,3,0,0,0,0,0,0,0,1,2,0,0,0,0,1,2,0,1,2,0,1,2,0,0,0,0,0,3,1,1,1,1,0,0,0,0,0,0,0,0,5,0,0.336,,,,0.264,0.048,,,,,,,,,,,,,0.024,,,,,,,,,,,,,,,,0,3.0,0.138,62.5,8.0
603,Medium,RPath,121,4.0,2.0,0.132,8.0,0.528,0.027884280237016383,3.0,0.132,286.9,80,4,4,12.0,sidewalks,147.319,HMAC,1,2,2,1,2,0,0,0,0,0,0,0,1,2,0,1,2,2,0,0,0,0,0,0,5,5,0,2,1,2,0,0,0,0,1,2,2,0,0,0,0,0,0,5,1,2,0,0,0,0,1,2,2,0,0,0,0,1,0,0,0,0,0,0,0,0,0,0,0,0,1,0,0,1,2,0,1,2,2,0,0,0,5,0,1,0,1,1,2,0,1,2,0,1,2,0,5,0,0.136,0.005,,,0.005,0.125,,,,,,,,,,,,,,,,,,,,,,,,,,,,,0,3.0,0.132,286.9,8.0
604,Medium,RPath,124,4.0,2.0,0.114,8.0,0.456,0.03849855630413859,3.0,0.114,207.8,82,4,4,12.0,sidewalks,206.26,CON,1,2,0,1,0,0,0,0,0,0,0,0,1,2,2,1,2,0,0,0,0,1,2,2,0,5,0,2,0,0,0,0,0,0,1,2,2,0,0,0,1,0,0,5,1,2,0,0,1,1,1,2,2,5,5,0,0,1,0,0,0,0,0,0,0,0,0,1,0,0,0,0,0,1,2,2,1,2,2,0,0,0,5,3,1,0,1,0,0,0,0,0,0,0,0,0,5,0,0.274,,,,0.209,,,,,,,,,,,,0.058,0.007,,,,,,,,,,,,,,,,,0,3.0,0.114,207.8,8.0
605,Medium,RPath,147,4.0,2.0,0.205,8.0,0.82,0.10165184243964422,3.0,0.205,78.7,68,4,4,12.0,sidewalks,81.226,CON,1,2,0,0,0,0,0,0,0,1,2,0,0,0,0,1,0,0,0,0,0,0,0,0,5,0,0,0,1,2,2,1,2,0,1,2,0,0,0,0,1,2,0,0,1,2,0,0,1,1,1,2,2,0,5,0,3,1,1,2,0,0,0,0,1,2,0,0,0,0,1,0,0,1,0,0,1,2,0,0,0,0,0,0,1,1,1,1,2,0,1,0,0,0,0,0,5,0,0.267,,,,0.057,0.172,,,,,,,,,,0.019,,0.019,,,,,,,,,,,,,,,,,1,3.0,0.205,78.7,18.0
606,Medium,RPath,148,4.0,2.0,0.145,8.0,0.58,0.08820286659316427,3.0,0.145,90.7,73,4,4,12.0,sidewalks,91.031,CON,1,2,2,0,0,0,0,0,0,1,2,0,0,0,0,0,0,0,0,0,0,0,0,0,5,5,0,0,1,2,2,1,2,0,1,2,0,0,0,0,1,2,0,0,1,0,0,0,1,0,1,2,2,0,5,0,3,1,1,2,0,0,0,0,1,2,2,0,0,0,1,0,0,1,0,0,1,0,0,0,0,0,0,0,1,1,1,1,2,2,1,0,0,0,0,0,5,0,0.265,,,,0.149,0.099,,,,,,,,,,,,0.017,,,,,,,,,,,,,,,,,0,3.0,0.145,90.7,8.0
607,Medium,RPath,149,4.0,2.0,0.126,8.0,0.504,0.09592326139088729,3.0,0.126,83.4,77,4,4,12.0,sidewalks,87.888,CON,1,2,2,0,0,0,0,0,0,1,2,0,0,0,0,1,0,0,0,0,0,0,0,0,5,5,0,0,1,2,2,1,2,0,1,2,0,0,0,0,1,2,0,0,1,2,0,0,1,1,1,2,2,0,0,0,3,1,1,2,0,0,0,0,1,2,2,0,0,0,1,0,0,1,2,0,1,2,0,0,0,0,0,0,1,1,1,1,2,2,1,0,0,1,0,0,5,0,0.27,,,0.018,0.144,,0.054,,,,,,,0.036,,,,0.018,,,,,,,,,,,,,,,,,0,3.0,0.126,83.4,8.0
608,Medium,RPath,205,4.0,2.0,0.111,8.0,0.444,0.13937282229965156,3.0,0.111,57.4,71,4,4,12.0,sidewalks,59.313,HMAC,1,2,2,1,2,0,1,2,0,0,0,0,1,0,0,1,2,2,0,0,0,0,0,0,0,5,0,2,0,0,0,0,0,0,1,2,2,0,0,0,0,0,0,0,1,2,2,0,0,0,1,2,2,5,5,4,0,1,0,0,0,0,0,0,0,0,0,0,0,0,1,0,0,1,2,2,1,2,0,0,0,0,0,3,0,0,0,0,0,0,0,0,0,0,0,0,5,0,0.366,,,,0.34,0.026,,,,,,,,,,,,,,,,,,,,,,,,,,,,,0,3.0,0.111,57.4,8.0
609,Medium,RPath,215,4.0,2.0,0.164,8.0,0.656,0.10914051841746249,3.0,0.164,73.3,80,4,4,12.0,sidewalks,73.274,CON,1,2,0,0,0,0,0,0,0,1,2,0,1,0,0,1,2,2,0,0,0,0,0,0,5,5,0,0,1,2,2,0,0,0,1,0,0,0,0,0,0,0,0,0,1,2,2,0,1,1,1,2,2,0,5,0,0,1,1,0,0,1,0,0,1,2,2,0,0,0,1,2,0,1,2,0,1,2,0,1,0,0,0,0,1,1,1,1,2,0,1,0,0,1,2,2,5,0,0.266,,,,0.123,0.123,,,,,,,,,,,,0.02,,,,,,,,,,,,,,,,,1,3.0,0.164,73.3,18.0
610,Medium,RPath,218,4.0,2.0,0.212,8.0,0.848,0.113314447592068,3.0,0.212,70.6,74,4,4,12.0,sidewalks,70.695,CON,1,0,0,1,0,0,0,0,0,1,0,0,1,0,0,1,2,2,0,0,0,0,0,0,5,0,0,0,1,2,2,0,0,0,1,0,0,0,0,0,0,0,0,5,1,2,0,0,1,1,1,2,2,0,0,0,3,1,1,0,0,1,0,0,1,2,2,0,0,0,1,0,0,1,0,0,1,2,2,0,0,0,5,3,1,1,1,1,0,0,1,0,0,1,2,0,5,0,0.234,,,,,0.191,,,,,,,,,,0.042,,,,,,,,,,,,,,,,,,,1,3.0,0.212,70.6,18.0
611,Medium,RPath,219,4.0,2.0,0.129,8.0,0.516,0.07266121707538602,3.0,0.129,110.1,85,5,4,12.0,sidewalks,110.368,CON,1,2,0,1,0,0,0,0,0,1,2,0,1,0,0,1,2,2,0,0,0,0,0,0,5,0,0,0,1,2,2,0,0,0,1,0,0,0,0,0,0,0,0,5,1,2,2,0,1,1,1,2,2,0,5,0,0,1,1,0,0,1,0,0,1,2,2,0,0,0,1,2,0,1,2,0,1,2,2,0,0,0,5,0,1,1,1,1,2,0,1,0,0,1,2,0,5,0,0.191,,,0.014,0.055,0.082,,,,,,,,,,,,0.041,,,,,,,,,,,,,,,,,0,3.0,0.129,110.1,8.0
612,Medium,RPath,221,4.0,2.0,0.148,8.0,0.592,0.108991825613079,3.0,0.148,73.4,77,4,4,12.0,sidewalks,74.109,CON,1,2,0,0,0,0,0,0,0,1,2,0,1,0,0,1,2,2,0,0,0,0,0,0,5,0,0,0,1,2,2,0,0,0,1,0,0,0,0,0,0,0,0,0,1,2,2,0,1,1,1,2,2,0,5,0,3,1,1,2,0,1,0,0,1,2,2,0,0,0,1,2,0,1,2,0,1,2,0,0,0,0,0,0,1,1,1,1,2,0,1,0,0,1,2,0,5,0,0.388,0.061,,,0.307,,,,,,,,,,,0.02,,,,,,,,,,,,,,,,,,,0,3.0,0.148,73.4,8.0
613,Medium,RPath,224,4.0,2.0,0.193,8.0,0.772,0.10840108401084012,3.0,0.193,73.8,75,4,4,12.0,sidewalks,74.131,CON,1,2,0,0,0,0,0,0,0,1,2,0,1,0,0,1,2,0,0,0,0,0,0,0,5,0,0,0,1,2,2,1,0,0,0,0,0,0,0,0,1,0,0,0,1,2,2,0,1,1,1,2,2,0,5,0,3,1,1,2,0,0,0,0,1,2,2,0,0,0,1,2,0,1,2,0,1,2,0,0,0,0,0,0,1,1,1,1,2,0,1,0,0,1,2,0,5,0,0.264,0.02,,,0.081,0.122,,,,,,,,,,0.02,,,0.02,,,,,,,,,,,,,,,,0,3.0,0.193,73.8,8.0
614,Medium,RPath,225,4.0,2.0,0.102,8.0,0.408,0.07220216606498195,3.0,0.102,110.8,74,4,4,12.0,sidewalks,110.829,CON,1,2,0,1,0,0,0,0,0,1,2,0,1,0,0,1,0,0,0,0,0,0,0,0,5,0,0,2,1,2,2,1,0,0,1,0,0,0,0,0,1,0,0,5,1,2,0,0,1,1,1,2,2,0,5,0,0,1,1,2,0,0,0,0,1,2,0,0,0,0,1,2,0,1,0,0,1,2,0,0,0,0,0,3,1,1,1,1,2,0,1,0,0,1,0,0,5,0,0.244,,,,0.189,,,,,,,,,,,,,,0.054,,,,,,,,,,,,,,,,0,3.0,0.102,110.8,8.0
615,Medium,RPath,284,4.0,2.0,0.106,8.0,0.424,0.03754106053496011,3.0,0.106,213.1,80,4,4,12.0,sidewalks,214.114,HMAC,1,2,2,1,2,0,0,0,0,0,0,0,1,0,0,1,2,2,0,0,0,0,0,0,0,5,0,2,1,2,0,0,0,0,1,2,2,0,0,0,0,0,0,5,1,2,2,0,0,0,1,2,2,5,0,0,3,1,0,0,0,0,0,0,0,0,0,0,0,0,1,2,0,1,2,0,1,2,0,0,0,0,5,3,1,0,1,1,0,0,1,0,0,1,0,0,5,0,0.359,0.007,,,0.338,,,,,,,,,,,,,,0.014,,,,,,,,,,,,,,,,0,3.0,0.106,213.1,8.0
616,Medium,RPath,290,4.0,2.0,0.189,8.0,0.756,0.04744958481613286,3.0,0.189,168.6,69,4,4,12.0,sidewalks,169.173,HMAC,1,2,2,1,2,2,1,2,2,1,0,0,1,2,2,0,0,0,0,0,0,0,0,0,0,5,0,2,0,0,0,0,0,0,1,2,0,0,0,0,0,0,0,0,1,0,0,0,1,1,1,2,2,5,0,0,3,1,0,0,0,0,0,0,0,0,0,0,0,0,0,0,0,1,2,2,1,2,2,0,0,0,0,3,1,1,1,0,0,0,0,0,0,0,0,0,5,0,0.302,,,,0.071,0.125,,,,,,0.027,,,,0.053,,0.027,,,,,,,,,,,,,,,,,0,3.0,0.189,168.6,8.0
617,Medium,RPath,296,4.0,2.0,0.135,8.0,0.54,0.09302325581395349,3.0,0.135,86.0,74,4,4,12.0,sidewalks,86.061,HMAC,1,2,2,1,2,0,1,2,0,1,2,0,1,2,2,0,0,0,0,0,0,0,0,0,5,5,0,2,0,0,0,0,0,0,1,2,2,0,0,0,0,0,0,0,1,2,2,0,1,0,1,2,2,5,0,0,3,1,0,0,0,0,0,0,0,0,0,0,0,0,0,0,0,1,2,2,1,2,0,0,0,0,0,3,1,1,0,0,0,0,0,0,0,0,0,0,5,0,0.157,,,,,0.122,,,,,,0.017,,,,,,0.017,,,,,,,,,,,,,,,,,0,3.0,0.135,86.0,8.0
618,Medium,RPath,371,4.0,2.0,0.209,8.0,0.836,0.02680965147453083,3.0,0.209,298.4,69,4,4,12.0,sidewalks,296.113,HMAC,1,2,2,1,0,0,1,2,0,1,2,2,1,2,2,0,0,0,0,0,0,0,0,0,5,5,0,2,0,0,0,0,0,0,1,2,2,0,0,0,0,0,0,0,1,2,2,0,0,0,1,2,2,0,5,0,0,1,0,0,0,0,0,0,0,0,0,0,0,0,0,0,0,1,0,0,0,0,0,0,0,0,0,3,1,1,1,1,2,2,0,0,0,0,0,0,5,0,0.302,,,,0.101,0.141,,,,0.01,,,0.01,,,0.02,0.02,,,,,,,,,,,,,,,,,,0,3.0,0.209,298.4,8.0
619,Medium,RPath,375,4.0,2.0,0.223,8.0,0.892,0.0486322188449848,3.0,0.223,164.5,70,4,4,12.0,sidewalks,165.015,HMAC,1,2,2,1,2,0,1,2,0,0,0,0,1,2,2,1,2,2,0,0,0,0,0,0,5,0,0,2,0,0,0,1,2,2,1,2,2,0,0,0,0,0,0,0,0,0,0,0,0,0,1,2,2,0,0,0,3,1,0,0,0,0,0,0,1,0,0,1,2,0,0,0,0,1,0,0,1,2,0,0,0,0,5,3,1,0,1,0,0,0,0,0,0,0,0,0,5,0,0.292,,,,0.073,0.192,,,,,,,,,,0.027,,,,,,,,,,,,,,,,,,,0,3.0,0.223,164.5,8.0
620,Medium,RPath,376,4.0,2.0,0.104,8.0,0.416,0.02487562189054726,3.0,0.104,321.6,74,4,4,12.0,sidewalks,325.43,HMAC,1,2,2,1,2,0,1,2,0,0,0,0,1,2,2,0,0,0,0,0,0,0,0,0,0,5,0,2,0,0,0,1,2,2,1,2,0,0,0,0,0,0,0,0,0,0,0,0,0,0,1,2,2,5,0,0,3,1,1,0,0,0,0,0,1,2,2,1,0,0,1,0,0,1,2,2,1,2,2,0,0,0,0,3,1,1,1,0,0,0,0,0,0,0,0,0,5,0,0.131,,,,0.005,0.084,,0.005,,0.014,,,,,,,,0.019,0.005,,,,,,,,,,,,,,,,0,3.0,0.104,321.6,8.0
621,Medium,RPath,385,4.0,2.0,0.202,8.0,0.808,0.023054755043227664,3.0,0.202,347.0,74,4,4,12.0,sidewalks,348.842,HMAC,1,2,2,1,0,0,1,0,0,0,0,0,1,2,2,0,0,0,0,0,0,0,0,0,0,5,0,2,0,0,0,1,2,0,1,2,2,0,0,0,0,0,0,5,0,0,0,0,0,0,1,2,2,0,0,0,3,1,0,0,0,0,0,0,1,0,0,1,2,2,1,2,2,1,2,2,1,2,2,0,0,0,5,0,1,0,1,0,0,0,0,0,0,0,0,0,5,0,0.359,,,0.009,0.195,0.117,,,,,,,,,,0.017,0.017,0.004,,,,,,,,,,,,,,,,,0,3.0,0.202,347.0,8.0
622,Medium,RPath,412,4.0,2.0,0.164,8.0,0.656,0.09720534629404617,3.0,0.164,82.3,77,4,4,12.0,sidewalks,77.025,HMAC,1,2,0,1,0,0,1,0,0,0,0,0,1,2,0,1,2,0,0,0,0,1,2,0,0,0,0,2,0,0,0,0,0,0,1,2,2,0,0,0,0,0,0,5,1,2,2,0,1,1,1,2,2,5,5,4,0,1,0,0,0,0,0,0,0,0,0,1,0,0,0,0,0,1,2,2,1,2,0,0,0,0,5,3,1,0,1,0,0,0,0,0,0,0,0,0,5,0,0.601,,,,0.583,0.018,,,,,,,,,,,,,,,,,,,,,,,,,,,,,0,3.0,0.164,82.3,8.0
623,Medium,RPath,413,4.0,2.0,0.109,8.0,0.436,0.0893854748603352,3.0,0.109,89.5,71,4,4,12.0,sidewalks,90.962,HMAC,1,2,0,1,2,0,1,2,0,0,0,0,1,0,0,0,0,0,0,0,0,1,0,0,0,0,0,2,0,0,0,0,0,0,1,2,2,0,0,0,0,0,0,5,1,2,0,0,1,1,1,2,2,5,5,0,0,1,0,0,0,0,0,0,1,0,0,0,0,0,1,0,0,1,2,0,1,2,2,0,0,0,5,3,0,0,1,1,2,0,0,0,0,0,0,0,5,0,0.352,,,,0.302,0.017,,,,,,,,,,,,0.034,,,,,,,,,,,,,,,,,0,3.0,0.109,89.5,8.0
624,Medium,RPath,433,4.0,2.0,0.112,8.0,0.448,0.04248539564524694,3.0,0.112,188.3,67,4,4,12.0,sidewalks,186.419,HMAC,1,2,2,1,0,0,1,0,0,0,0,0,1,0,0,1,2,2,0,0,0,0,0,0,0,0,3,0,0,0,0,1,2,2,1,2,2,0,0,0,1,0,0,0,1,2,0,0,1,1,1,2,2,5,5,0,0,1,0,0,0,0,0,0,1,2,0,0,0,0,0,0,0,1,2,2,0,0,0,0,0,0,0,3,1,1,1,0,0,0,0,0,0,0,0,0,5,0,0.112,,,,,0.112,,,,,,,,,,,,,,,,,,,,,,,,,,,,,1,3.0,0.112,188.3,18.0
625,Medium,RPath,490,4.0,2.0,0.206,8.0,0.824,0.033264033264033266,3.0,0.206,240.5,67,4,4,12.0,sidewalks,238.997,HMAC,1,2,2,1,2,2,1,2,2,0,0,0,1,2,2,1,0,0,0,0,0,0,0,0,5,5,0,2,0,0,0,1,0,0,1,2,2,0,0,0,0,0,0,0,1,0,0,0,0,0,1,0,0,0,0,0,0,1,0,0,0,0,0,0,1,2,2,0,0,0,1,0,0,1,2,0,1,2,2,0,0,0,5,0,1,0,0,0,0,0,0,0,0,0,0,0,5,0,0.249,,0.012,,0.031,0.106,,,,0.019,,,0.044,,,,0.019,0.012,0.006,,,,,,,,,,,,,,,,0,3.0,0.206,240.5,8.0
626,Medium,RPath,500,4.0,2.0,0.141,8.0,0.564,0.10050251256281408,3.0,0.141,79.6,72,4,4,12.0,sidewalks,79.764,HMAC,1,2,0,0,0,0,0,0,0,1,0,0,1,2,2,0,0,0,0,0,0,1,2,0,0,0,0,2,0,0,0,0,0,0,1,2,2,0,0,0,0,0,0,5,0,0,0,0,1,1,1,2,2,5,0,4,3,1,0,0,0,0,0,0,1,2,0,1,2,0,1,2,0,1,2,0,1,2,0,0,0,0,5,3,0,0,0,0,0,0,0,0,0,0,0,0,5,0,0.32,0.057,,,0.226,,,,,,,,,,,,,0.019,0.019,,,,,,,,,,,,,,,,2,3.0,0.141,79.6,28.0
627,Medium,RPath,513,4.0,2.0,0.232,8.0,0.928,0.0505369551484523,3.0,0.232,158.3,79,4,4,12.0,sidewalks,156.749,CON,1,2,2,1,2,0,1,2,0,0,0,0,1,2,2,0,0,0,0,0,0,0,0,0,5,5,0,2,0,0,0,1,2,0,1,2,2,1,2,0,0,0,0,0,0,0,0,0,1,1,1,2,2,5,5,4,0,1,0,0,0,0,0,0,0,0,0,0,0,0,1,0,0,1,2,0,1,0,0,0,0,0,5,0,1,1,1,0,0,0,0,0,0,0,0,0,5,0,0.246,,,,0.009,0.227,,,,,,0.009,,,,,,,,,,,,,,,,,,,,,,,0,3.0,0.232,158.3,8.0
628,Medium,RPath,525,4.0,2.0,0.197,8.0,0.788,0.0839454354669465,3.0,0.197,95.3,69,4,4,12.0,sidewalks,93.547,CON,1,2,0,1,0,0,1,0,0,1,2,0,1,2,0,1,2,0,0,0,0,0,0,0,5,0,0,0,0,0,0,1,2,2,1,2,2,0,0,0,1,2,2,0,1,2,2,0,1,1,1,2,2,0,5,0,0,1,0,0,0,0,0,0,0,0,0,0,0,0,0,0,0,1,2,0,1,2,0,0,0,0,0,0,1,1,1,1,2,0,0,0,0,0,0,0,5,0,0.488,,,,0.031,0.063,,,,,,,,0.283,,,,0.11,,,,,,,,,,,,,,,,,1,3.0,0.197,95.3,18.0
629,Medium,RPath,533,4.0,2.0,0.163,8.0,0.652,0.07259528130671507,3.0,0.163,110.2,70,4,4,12.0,sidewalks,110.828,CON,1,2,0,0,0,0,0,0,0,1,2,0,1,0,0,0,0,0,0,0,0,1,0,0,5,0,0,0,1,2,2,1,2,2,1,2,2,0,0,0,1,2,2,0,1,2,2,0,1,1,1,2,2,0,5,0,0,1,1,2,0,0,0,0,1,2,0,0,0,0,0,0,0,1,0,0,1,0,0,0,0,0,0,0,1,1,1,1,2,0,0,0,0,0,0,0,5,0,0.272,,,,0.136,0.123,,,,,,,,,,,,0.014,,,,,,,,,,,,,,,,,0,3.0,0.163,110.2,8.0
630,Medium,RPath,535,4.0,2.0,0.205,8.0,0.82,0.0730593607305936,3.0,0.205,109.5,72,4,4,12.0,sidewalks,110.268,HMAC,1,2,0,0,0,0,0,0,0,1,2,0,1,0,0,0,0,0,0,0,0,1,0,0,5,0,0,2,1,2,2,1,2,0,1,2,0,0,0,0,1,2,2,5,1,2,0,0,1,1,1,2,2,0,5,0,0,1,1,0,0,0,0,0,1,2,0,0,0,0,0,0,0,1,0,0,1,0,0,0,0,0,0,3,1,1,1,1,2,0,0,0,0,0,0,0,5,0,0.575,,,,0.493,0.082,,,,,,,,,,,,,,,,,,,,,,,,,,,,,1,3.0,0.205,109.5,18.0
631,Medium,RPath,546,4.0,2.0,0.138,8.0,0.552,0.08686210640608036,3.0,0.138,92.1,75,4,4,12.0,sidewalks,92.123,CON,1,2,0,0,0,0,0,0,0,1,2,0,0,0,0,1,2,0,0,0,0,0,0,0,5,0,0,0,1,2,2,0,0,0,0,0,0,0,0,0,0,0,0,0,1,2,0,0,1,0,1,2,0,0,0,0,0,1,1,2,0,0,0,0,1,2,2,0,0,0,1,2,2,1,2,0,1,2,2,1,2,0,5,0,1,1,1,1,2,0,1,2,2,1,2,0,5,0,0.456,,,0.016,0.391,,,,,,,,,,,0.016,,0.033,,,,,,,,,,,,,,,,,0,3.0,0.138,92.1,8.0
632,Medium,RPath,551,4.0,2.0,0.134,8.0,0.536,0.11004126547455295,3.0,0.134,72.7,73,4,4,12.0,sidewalks,72.722,CON,1,0,0,0,0,0,0,0,0,1,0,0,1,0,0,1,2,2,0,0,0,0,0,0,5,0,0,0,1,2,2,0,0,0,1,0,0,0,0,0,0,0,0,0,1,2,2,0,1,1,1,2,2,0,0,0,3,1,1,0,0,1,2,0,1,2,0,0,0,0,1,2,0,1,2,2,1,2,0,1,2,0,0,0,1,1,1,1,2,2,1,0,0,1,2,0,5,0,0.144,,,,,0.124,,,,,,,,,,,,0.021,,,,,,,,,,,,,,,,,0,3.0,0.134,72.7,8.0
633,Medium,RPath,553,4.0,2.0,0.103,8.0,0.412,0.087527352297593,3.0,0.103,91.4,79,4,4,12.0,sidewalks,91.391,CON,1,2,0,0,0,0,0,0,0,1,0,0,1,0,0,1,2,2,0,0,0,0,0,0,5,0,0,0,1,2,2,0,0,0,1,0,0,0,0,0,0,0,0,0,1,2,2,0,1,1,1,2,2,0,0,0,3,1,1,0,0,1,0,0,1,2,0,0,0,0,1,2,2,1,2,2,1,2,2,1,2,0,0,0,1,1,1,1,2,2,1,2,0,1,2,0,5,0,0.361,,,,0.312,,,,,,,,,,,0.016,,0.033,,,,,,,,,,,,,,,,,1,3.0,0.103,91.4,18.0
634,Medium,RPath,555,4.0,2.0,0.126,8.0,0.504,0.08705114254624591,3.0,0.126,91.9,72,4,4,12.0,sidewalks,92.135,CON,1,0,0,0,0,0,0,0,0,1,2,0,1,0,0,1,2,0,0,0,0,0,0,0,5,0,0,0,1,2,2,0,0,0,1,2,0,0,0,0,0,0,0,0,1,2,2,0,1,0,1,2,2,0,0,0,3,1,1,0,0,1,2,0,1,0,0,0,0,0,1,0,0,1,2,0,1,2,2,1,2,0,0,3,1,1,1,1,2,2,0,0,0,1,2,0,5,0,0.147,0.016,,,0.016,0.098,,,,,,,,,,,,0.016,,,,,,,,,,,,,,,,,0,3.0,0.126,91.9,8.0
635,Medium,RPath,556,4.0,2.0,0.179,8.0,0.716,0.10884353741496598,3.0,0.179,73.5,70,4,4,12.0,sidewalks,73.573,CON,1,0,0,0,0,0,0,0,0,1,2,0,1,0,0,1,2,0,0,0,0,0,0,0,5,0,0,0,1,2,2,0,0,0,1,2,0,0,0,0,0,0,0,0,1,2,2,0,1,0,1,2,2,0,0,0,3,1,1,0,0,1,2,0,1,0,0,0,0,0,1,2,0,1,2,0,1,2,0,1,2,0,0,0,1,1,1,1,2,2,1,0,0,1,2,0,5,0,0.327,,,,0.184,0.122,,,,,,,,,,,,0.02,,,,,,,,,,,,,,,,,0,3.0,0.179,73.5,8.0
636,Medium,RPath,558,4.0,2.0,0.12,8.0,0.48,0.10652463382157125,3.0,0.12,75.1,69,4,4,12.0,sidewalks,73.78,CON,1,2,0,0,0,0,0,0,0,1,0,0,1,0,0,1,2,0,0,0,0,0,0,0,5,0,0,0,1,2,2,0,0,0,1,0,0,0,0,0,0,0,0,0,1,2,0,0,1,0,1,2,2,0,0,0,3,1,1,0,0,1,2,0,1,0,0,0,0,0,1,2,0,1,2,0,1,2,2,1,2,0,0,3,1,1,1,1,2,2,1,0,0,1,0,0,5,0,0.28,,,,0.2,0.06,,,,,,,,,,,,0.02,,,,,,,,,,,,,,,,,0,3.0,0.12,75.1,8.0
637,Medium,RPath,589,4.0,2.0,0.12,8.0,0.48,0.0399002493765586,3.0,0.12,200.5,67,4,4,12.0,sidewalks,200.519,HMAC,1,2,2,1,0,0,1,0,0,0,0,0,1,2,0,1,2,0,0,0,0,0,0,0,5,0,0,2,0,0,0,1,2,2,1,2,2,0,0,0,0,0,0,0,1,2,2,0,1,0,1,2,2,0,5,0,3,1,0,0,0,0,0,0,1,0,0,0,0,0,0,0,0,1,0,0,1,0,0,0,0,0,5,3,1,0,0,0,0,0,0,0,0,0,0,0,5,0,0.209,,,,0.12,0.09,,,,,,,,,,,,,,,,,,,,,,,,,,,,,0,3.0,0.12,200.5,8.0
638,Medium,RPath,617,4.0,2.0,0.119,8.0,0.476,0.21108179419525067,3.0,0.119,37.9,72,4,4,12.0,sidewalks,38.031,HMAC,1,2,2,1,2,0,1,0,0,1,2,0,1,2,2,0,0,0,0,0,0,0,0,0,0,5,0,2,0,0,0,0,0,0,1,2,2,0,0,0,0,0,0,0,1,2,2,0,1,0,1,2,2,5,5,0,3,1,0,0,0,0,0,0,0,0,0,0,0,0,0,0,0,1,2,2,1,2,0,0,0,0,0,3,1,1,0,0,0,0,0,0,0,0,0,0,5,0,0.119,,,,,0.119,,,,,,,,,,,,,,,,,,,,,,,,,,,,,0,3.0,0.119,37.9,8.0
639,Medium,RPath,650,4.0,2.0,0.111,8.0,0.444,0.0984009840098401,3.0,0.111,81.3,67,4,4,12.0,sidewalks,81.146,HMAC,1,0,0,1,0,0,0,0,0,1,0,0,1,2,2,0,0,0,0,0,0,1,0,0,0,5,0,2,0,0,0,0,0,0,1,2,2,0,0,0,0,0,0,5,1,0,0,0,1,1,1,2,2,5,0,0,3,1,0,0,0,0,0,0,1,2,0,1,0,0,1,0,0,1,2,0,1,2,0,0,0,0,5,3,0,0,0,0,0,0,0,0,0,0,0,0,5,0,0.277,,,,0.221,0.018,,,0.037,,,,,,,,,,,,,,,,,,,,,,,,,,0,3.0,0.111,81.3,8.0
640,Medium,RPath,653,4.0,2.0,0.177,8.0,0.708,0.025228634500157675,3.0,0.177,317.1,71,4,4,12.0,sidewalks,316.872,HMAC,1,2,2,1,0,0,1,0,0,1,2,2,1,2,2,0,0,0,0,0,0,1,2,0,0,0,0,2,0,0,0,0,0,0,1,2,2,0,0,0,0,0,0,5,1,2,2,0,0,0,1,2,2,0,5,0,0,1,0,0,0,0,0,0,1,2,0,1,2,0,1,2,0,1,2,0,1,2,0,0,0,0,0,3,0,0,0,0,0,0,0,0,0,0,0,0,5,0,0.227,,,0.005,0.057,0.005,,,0.147,,,,,,,,,0.014,,,,,,,,,,,,,,,,,0,3.0,0.177,317.1,8.0
641,Medium,RPath,660,4.0,2.0,0.102,8.0,0.408,0.038314176245210725,3.0,0.102,208.8,72,4,4,12.0,sidewalks,208.555,HMAC,1,0,0,1,0,0,0,0,0,1,0,0,1,2,2,0,0,0,0,0,0,1,2,0,0,0,0,2,0,0,0,0,0,0,1,2,2,0,0,0,0,0,0,5,1,0,0,0,1,1,1,2,2,5,0,4,3,1,0,0,0,0,0,0,1,2,0,1,0,0,1,2,0,1,2,2,1,2,0,0,0,0,5,3,0,0,0,0,0,0,0,0,0,0,0,0,5,0,0.273,,,,0.215,0.014,0.029,,,,,0.007,,,,,,0.007,,,,,,,,,,,,,,,,,3,3.0,0.102,208.8,38.0
642,Medium,RPath,672,4.0,2.0,0.101,8.0,0.404,0.07414272474513438,3.0,0.101,107.9,80,4,4,12.0,sidewalks,108.1,HMAC,1,2,0,1,2,0,1,0,0,1,2,0,1,2,0,1,0,0,0,0,0,0,0,0,0,0,0,2,1,2,2,0,0,0,1,2,2,0,0,0,0,0,0,5,1,2,2,0,0,0,1,2,2,5,5,0,0,1,0,0,0,1,0,0,1,2,2,0,0,0,0,0,0,1,2,0,1,2,2,0,0,0,5,3,0,0,0,0,0,0,0,0,0,1,0,0,5,0,0.362,,,,0.348,0.014,,,,,,,,,,,,,,,,,,,,,,,,,,,,,0,3.0,0.101,107.9,8.0
643,Medium,RPath,673,4.0,2.0,0.22,8.0,0.88,0.10638297872340426,3.0,0.22,75.2,78,4,4,12.0,sidewalks,75.209,HMAC,1,2,0,1,2,0,1,0,0,1,2,0,1,2,2,1,0,0,0,0,0,0,0,0,0,0,0,2,1,2,2,0,0,0,1,2,2,0,0,0,0,0,0,5,1,2,0,0,0,0,1,2,0,5,5,0,0,1,0,0,0,1,0,0,1,2,2,0,0,0,0,0,0,1,0,0,1,2,2,0,0,0,5,3,1,0,0,1,0,0,0,0,0,1,0,0,5,0,0.758,0.04,,,0.718,,,,,,,,,,,,,,,,,,,,,,,,,,,,,,0,3.0,0.22,75.2,8.0
644,Medium,RPath,675,4.0,2.0,0.176,8.0,0.704,0.10139416983523447,3.0,0.176,78.9,82,4,4,12.0,sidewalks,77.713,HMAC,1,2,0,1,2,0,1,0,0,1,0,0,1,2,2,1,0,0,0,0,0,0,0,0,0,5,0,2,1,2,0,0,0,0,1,2,0,0,0,0,0,0,0,5,1,2,0,0,0,0,1,2,0,5,5,0,3,1,0,0,0,1,0,0,1,2,2,0,0,0,0,0,0,1,2,0,1,2,2,0,0,0,5,3,1,0,0,1,0,0,0,0,0,1,0,0,5,0,0.704,,,,0.704,,,,,,,,,,,,,,,,,,,,,,,,,,,,,,0,3.0,0.176,78.9,8.0
645,Medium,RPath,683,4.0,2.0,0.148,8.0,0.592,0.10914051841746249,3.0,0.148,73.3,81,4,4,12.0,sidewalks,72.871,HMAC,1,2,0,1,2,0,1,0,0,1,2,0,1,2,0,1,0,0,0,0,0,0,0,0,0,0,0,2,1,2,2,0,0,0,1,2,2,0,0,0,0,0,0,5,1,2,2,0,0,0,1,2,2,5,5,0,0,1,0,0,0,1,0,0,1,2,2,0,0,0,0,0,0,1,2,0,1,2,2,0,0,0,5,3,1,0,0,0,0,0,0,0,0,1,0,0,5,0,0.389,,,,0.307,0.061,,,,,,,,,,,,0.02,,,,,,,,,,,,,,,,,0,3.0,0.148,73.3,8.0
646,Medium,RPath,692,4.0,2.0,0.216,8.0,0.864,0.04959702417854928,3.0,0.216,161.3,84,5,4,12.0,sidewalks,159.204,HMAC,1,2,2,1,0,0,0,0,0,1,2,0,1,2,0,0,0,0,0,0,0,0,0,0,5,0,0,2,1,2,0,0,0,0,1,2,2,0,0,0,0,0,0,5,1,2,0,0,0,0,1,2,2,5,5,0,3,1,0,0,0,1,0,0,1,2,0,0,0,0,0,0,0,1,2,2,1,2,2,0,0,0,5,3,1,1,1,0,0,0,0,0,0,0,0,0,5,0,0.242,,,,0.009,0.195,,,,,,,,,,,,0.037,,,,,,,,,,,,,,,,,0,3.0,0.216,161.3,8.0
647,Medium,RPath,698,4.0,2.0,0.187,8.0,0.748,0.11065006915629323,3.0,0.187,72.3,75,4,4,12.0,sidewalks,72.177,HMAC,1,2,0,1,0,0,0,0,0,1,2,0,1,2,0,1,2,0,0,0,0,0,0,0,0,0,0,2,1,2,2,0,0,0,1,2,0,0,0,0,0,0,0,5,1,2,0,0,1,0,1,2,2,0,5,0,0,1,0,0,0,1,2,0,1,2,0,0,0,0,0,0,0,1,2,0,1,2,0,0,0,0,5,3,1,1,1,1,0,0,0,0,0,1,2,0,5,0,0.373,,,,0.249,0.124,,,,,,,,,,,,,,,,,,,,,,,,,,,,,0,3.0,0.187,72.3,8.0
648,Medium,RPath,701,4.0,2.0,0.147,8.0,0.588,0.07319304666056725,3.0,0.147,109.3,70,4,4,12.0,sidewalks,56.156,CON,1,2,2,0,0,0,0,0,0,1,2,2,1,0,0,0,0,0,0,0,0,0,0,0,5,0,0,2,1,2,2,1,2,0,1,2,0,0,0,0,1,2,0,5,1,2,0,0,1,0,1,2,2,0,0,0,3,1,1,0,0,0,0,0,1,2,0,0,0,0,0,0,0,1,0,0,1,0,0,0,0,0,0,3,1,1,1,1,2,0,0,0,0,0,0,0,5,0,0.233,,,0.014,0.014,0.055,,,,,,,,,,,,0.151,,,,,,,,,,,,,,,,,1,3.0,0.147,109.3,18.0
649,Medium,RPath,702,4.0,2.0,0.238,8.0,0.952,0.11049723756906077,3.0,0.238,72.4,71,4,4,12.0,sidewalks,73.402,CON,1,2,2,0,0,0,0,0,0,1,2,2,1,0,0,0,0,0,0,0,0,1,0,0,5,0,0,2,1,2,2,1,2,0,1,2,0,0,0,0,1,2,2,5,1,2,0,0,1,0,1,2,2,0,0,0,3,1,1,0,0,0,0,0,1,0,0,0,0,0,0,0,0,1,0,0,1,0,0,0,0,0,0,3,1,1,1,1,2,0,0,0,0,0,0,0,5,0,0.435,,,,,0.041,,,,,,,,0.249,0.124,,,0.021,,,,,,,,,,,,,,,,,1,3.0,0.238,72.4,18.0
650,Medium,RPath,704,4.0,2.0,0.12,8.0,0.48,0.10269576379974325,3.0,0.12,77.9,74,4,4,12.0,sidewalks,79.65,CON,1,2,2,1,0,0,0,0,0,1,2,2,1,0,0,1,0,0,0,0,0,0,0,0,5,0,0,2,1,2,2,1,0,0,1,2,0,0,0,0,1,2,0,5,1,2,0,0,1,1,1,2,2,0,0,0,3,1,1,0,0,0,0,0,1,0,0,0,0,0,1,0,0,1,2,0,1,0,0,0,0,0,0,3,1,1,1,1,2,2,0,0,0,0,0,0,5,0,0.481,,,,0.481,,,,,,,,,,,,,,,,,,,,,,,,,,,,,,1,3.0,0.12,77.9,18.0
651,Medium,RPath,705,4.0,2.0,0.139,8.0,0.556,0.07226738934056007,3.0,0.139,110.7,73,4,4,12.0,sidewalks,110.023,HMAC,1,2,0,0,0,0,0,0,0,1,2,0,1,0,0,1,0,0,0,0,0,0,0,0,5,0,0,2,1,2,2,1,0,0,1,0,0,0,0,0,1,2,0,5,1,2,0,0,1,1,1,2,2,0,5,0,0,1,1,2,0,0,0,0,1,2,0,0,0,0,1,0,0,1,0,0,1,2,0,0,0,0,0,3,1,1,1,1,2,0,1,0,0,1,0,0,5,0,0.528,,,,0.501,,,,,,,,,,,,,0.027,,,,,,,,,,,,,,,,,1,3.0,0.139,110.7,18.0
652,Medium,RPath,710,4.0,2.0,0.191,8.0,0.764,0.10723860589812333,3.0,0.191,74.6,76,4,4,12.0,sidewalks,40.692,CON,1,2,0,1,0,0,0,0,0,1,2,0,1,0,0,1,2,0,0,0,0,0,0,0,5,0,0,0,1,2,2,0,0,0,1,0,0,0,0,0,1,0,0,5,1,2,0,0,1,1,1,2,2,0,0,0,3,1,1,0,0,0,0,0,1,2,2,0,0,0,1,0,0,1,0,0,1,2,0,0,0,0,5,3,1,1,1,1,2,0,1,0,0,1,2,0,5,0,0.382,,,0.02,0.241,0.101,,,,,,,,,,,,0.02,,,,,,,,,,,,,,,,,1,3.0,0.191,74.6,18.0
653,Medium,RPath,727,4.0,2.0,0.176,8.0,0.704,0.0709849157054126,3.0,0.176,112.7,79,4,4,12.0,sidewalks,109.696,CON,1,0,0,0,0,0,0,0,0,1,2,2,1,2,2,1,2,0,0,0,0,0,0,0,5,0,0,0,1,2,2,0,0,0,1,2,2,0,0,0,0,0,0,0,1,2,2,0,1,1,1,2,2,0,5,0,0,1,0,0,0,1,2,2,1,0,0,0,0,0,1,0,0,1,2,2,1,2,2,1,0,0,0,0,1,1,1,1,2,0,0,0,0,1,2,0,5,0,0.333,0.067,,,0.2,,,,,,,,,,0.053,,,0.013,,,,,,,,,,,,,,,,,0,3.0,0.176,112.7,8.0
654,Medium,RPath,733,4.0,2.0,0.194,8.0,0.776,0.06672226855713094,3.0,0.194,119.9,71,4,4,12.0,sidewalks,120.756,CON,1,0,0,0,0,0,0,0,0,1,2,0,1,2,0,1,0,0,0,0,0,0,0,0,5,0,0,0,1,2,2,0,0,0,1,2,0,0,0,0,0,0,0,0,1,2,2,0,1,0,1,2,2,5,5,0,3,1,0,0,0,1,2,0,0,0,0,0,0,0,1,0,0,1,2,0,1,2,0,1,0,0,0,0,1,1,1,1,2,0,0,0,0,1,2,0,5,0,0.225,,,,0.025,0.175,,,,,,,,,,0.013,,0.013,,,,,,,,,,,,,,,,,1,3.0,0.194,119.9,18.0
655,Medium,RPath,734,4.0,2.0,0.102,8.0,0.408,0.08412197686645637,3.0,0.102,95.1,74,4,4,12.0,sidewalks,92.442,CON,1,0,0,0,0,0,0,0,0,1,2,0,1,2,0,1,0,0,0,0,0,0,0,0,5,0,0,0,1,2,2,0,0,0,1,2,0,0,0,0,0,0,0,0,1,2,2,0,1,0,1,2,2,5,5,0,3,1,1,0,0,1,2,0,0,0,0,0,0,0,1,0,0,1,2,0,1,2,0,1,2,0,0,0,1,1,1,1,2,0,0,0,0,1,2,0,5,0,0.331,0.016,,,0.284,,,,,,,,,,,,,0.032,,,,,,,,,,,,,,,,,0,3.0,0.102,95.1,8.0
656,Medium,RPath,740,4.0,2.0,0.106,8.0,0.424,0.0866738894907909,3.0,0.106,92.3,79,4,4,12.0,sidewalks,92.659,CON,1,0,0,0,0,0,0,0,0,1,2,0,1,2,0,1,2,0,0,0,0,0,0,0,5,0,0,0,1,2,2,0,0,0,1,2,0,0,0,0,0,0,0,0,1,2,2,0,1,0,1,2,2,5,5,0,3,1,1,0,0,1,2,0,1,0,0,0,0,0,1,0,0,1,2,0,1,2,0,1,2,0,0,0,1,1,1,1,2,2,0,0,0,1,2,0,5,0,0.39,,,,0.26,,,,,,,,,0.098,,,,0.033,,,,,,,,,,,,,,,,,0,3.0,0.106,92.3,8.0
657,Medium,RPath,741,4.0,2.0,0.126,8.0,0.504,0.11220196353436186,3.0,0.126,71.3,81,4,4,12.0,sidewalks,71.28,CON,1,0,0,0,0,0,0,0,0,1,2,0,1,2,0,1,2,2,0,0,0,0,0,0,5,0,0,0,1,2,2,0,0,0,1,2,0,0,0,0,0,0,0,0,1,2,2,0,1,1,1,2,2,0,5,0,3,1,0,0,0,1,2,0,1,2,0,0,0,0,1,2,0,1,2,0,1,2,0,1,0,0,0,0,1,1,1,1,2,2,1,0,0,1,2,2,5,0,0.442,,,,0.379,,,,,,,,,,,,,0.063,,,,,,,,,,,,,,,,,3,3.0,0.126,71.3,38.0
658,Medium,RPath,745,4.0,2.0,0.184,8.0,0.736,0.10884353741496598,3.0,0.184,73.5,83,5,4,12.0,sidewalks,55.504,CON,1,0,0,0,0,0,0,0,0,1,2,0,1,2,0,1,2,2,0,0,0,0,0,0,5,0,0,0,1,2,2,0,0,0,1,2,0,0,0,0,0,0,0,0,1,2,2,0,1,1,1,2,2,0,5,0,3,0,1,0,0,1,2,0,1,2,0,0,0,0,1,2,0,1,2,2,1,2,0,1,0,0,0,0,1,1,1,1,2,2,1,0,0,1,2,2,5,0,0.184,0.041,,,,0.143,,,,,,,,,,,,,,,,,,,,,,,,,,,,,3,3.0,0.184,73.5,38.0
659,Medium,RPath,747,4.0,2.0,0.123,8.0,0.492,0.1095890410958904,3.0,0.123,73.0,82,4,4,12.0,sidewalks,73.522,CON,1,0,0,0,0,0,0,0,0,1,2,0,1,0,0,1,2,2,0,0,0,0,0,0,5,5,0,0,1,2,2,0,0,0,1,0,0,0,0,0,0,0,0,0,1,2,2,0,1,1,1,2,2,0,0,0,3,1,1,0,0,1,0,0,1,2,0,0,0,0,1,2,2,1,2,2,1,2,2,1,0,0,0,0,1,1,1,1,2,2,1,2,0,1,2,0,5,0,0.164,,,,0.041,0.103,,,,,,,,,,,,0.021,,,,,,,,,,,,,,,,,0,3.0,0.123,73.0,8.0
660,Medium,RPath,751,4.0,2.0,0.244,8.0,0.976,0.10840108401084012,3.0,0.244,73.8,80,4,4,12.0,sidewalks,73.13,CON,1,2,0,0,0,0,0,0,0,1,2,0,1,0,0,1,2,2,0,0,0,0,0,0,5,0,0,0,1,2,2,0,0,0,1,0,0,0,0,0,0,0,0,0,1,2,0,0,1,0,1,2,0,0,0,0,0,1,1,2,0,1,0,0,1,2,2,0,0,0,1,2,2,1,2,2,1,2,2,1,0,0,5,0,1,1,1,1,2,2,1,2,0,1,2,0,5,0,0.285,,,,0.041,0.224,,,,,,,,,,,,0.02,,,,,,,,,,,,,,,,,0,3.0,0.244,73.8,8.0
661,Medium,RPath,764,4.0,2.0,0.11,8.0,0.44,0.107095046854083,3.0,0.11,74.7,79,4,4,12.0,sidewalks,74.719,HMAC,1,2,0,1,0,0,0,0,0,0,0,0,1,0,0,1,0,0,0,0,0,1,0,0,5,0,0,2,1,0,0,1,2,2,1,2,2,0,0,0,1,2,0,5,1,2,0,0,1,0,1,2,2,0,0,0,3,1,1,0,0,1,2,0,1,2,2,1,0,0,1,2,0,1,0,0,0,0,0,0,0,0,5,3,1,1,1,1,2,0,0,0,0,0,0,0,5,0,0.442,,,,0.442,,,,,,,,,,,,,,,,,,,,,,,,,,,,,,1,3.0,0.11,74.7,18.0
662,Medium,RPath,777,4.0,2.0,0.147,8.0,0.588,0.14260249554367202,3.0,0.147,56.1,73,4,4,12.0,sidewalks,57.253,HMAC,1,2,2,0,0,0,0,0,0,0,0,0,1,2,2,0,0,0,0,0,0,1,2,0,0,5,0,2,0,0,0,0,0,0,1,2,2,0,0,0,0,0,0,0,1,2,0,0,1,1,1,2,2,5,5,0,3,1,0,0,0,0,0,0,0,0,0,0,0,0,0,0,0,1,2,0,1,2,2,0,0,0,5,3,1,1,1,0,0,0,0,0,0,0,0,0,5,0,0.268,,,,0.161,0.107,,,,,,,,,,,,,,,,,,,,,,,,,,,,,1,3.0,0.147,56.1,18.0
663,Medium,RPath,781,4.0,2.0,0.171,8.0,0.684,0.024524831391784182,3.0,0.171,326.2,68,4,4,12.0,sidewalks,187.541,HMAC,1,2,2,1,2,0,1,2,0,0,0,0,1,2,2,0,0,0,0,0,0,0,0,0,0,5,0,2,0,0,0,0,0,0,0,0,0,0,0,0,0,0,0,0,0,0,0,0,1,1,1,2,2,5,0,4,3,1,0,0,0,0,0,0,0,0,0,0,0,0,0,0,0,1,2,2,1,2,2,0,0,0,0,3,1,1,0,1,2,2,0,0,0,0,0,0,5,0,0.175,,,0.005,0.005,0.166,,,,,,,,,,,,,,,,,,,,,,,,,,,,,0,3.0,0.171,326.2,8.0
664,Medium,RPath,825,4.0,2.0,0.123,8.0,0.492,0.07920792079207921,3.0,0.123,101.0,83,5,4,12.0,sidewalks,93.772,CON,1,2,2,0,0,0,0,0,0,1,2,0,1,0,0,1,0,0,0,0,0,0,0,0,5,0,0,0,1,2,2,0,0,0,1,0,0,0,0,0,0,0,0,0,1,2,0,0,1,1,1,2,2,0,5,0,0,1,1,2,0,0,0,0,1,2,0,0,0,0,1,2,0,1,2,0,1,2,2,1,2,0,5,0,1,1,1,1,2,2,1,2,2,1,2,0,5,0,0.49,,,,0.49,,,,,,,,,,,,,,,,,,,,,,,,,,,,,,0,3.0,0.123,101.0,8.0
665,Medium,RPath,840,4.0,2.0,0.177,8.0,0.708,0.059790732436472344,3.0,0.177,133.8,68,4,4,12.0,sidewalks,129.244,CON,1,0,0,0,0,0,0,0,0,0,0,0,1,0,0,1,0,0,0,0,0,0,0,0,5,0,0,0,1,2,2,0,0,0,0,0,0,0,0,0,0,0,0,0,1,2,2,0,1,1,1,2,2,0,5,0,3,0,1,2,0,1,2,0,1,2,0,0,0,0,1,0,0,1,2,0,1,2,0,1,2,2,0,3,1,1,1,1,2,0,0,0,0,0,0,0,5,0,0.594,,,0.011,0.381,0.011,,,,,,,,0.146,,0.034,,0.011,,,,,,,,,,,,,,,,,0,3.0,0.177,133.8,8.0
666,Medium,RPath,841,4.0,2.0,0.112,8.0,0.448,0.07677543186180422,3.0,0.112,104.2,71,4,4,12.0,sidewalks,104.466,CON,1,0,0,0,0,0,0,0,0,0,0,0,1,2,0,1,0,0,0,0,0,0,0,0,5,0,0,0,1,2,2,0,0,0,0,0,0,0,0,0,0,0,0,0,1,2,2,0,1,1,1,2,2,0,5,0,3,1,1,2,0,1,2,0,1,2,0,0,0,0,1,0,0,1,2,0,1,2,2,1,2,0,0,3,1,1,1,1,2,0,0,0,0,0,0,0,5,0,0.403,,,,0.389,0.014,,,,,,,,,,,,,,,,,,,,,,,,,,,,,1,3.0,0.112,104.2,18.0
667,Medium,RPath,849,4.0,2.0,0.149,8.0,0.596,0.07944389275074479,3.0,0.149,100.7,67,4,4,12.0,sidewalks,100.761,CON,1,2,0,0,0,0,0,0,0,0,0,0,1,2,0,1,0,0,0,0,0,0,0,0,5,0,3,0,1,2,2,0,0,0,0,0,0,0,0,0,0,0,0,0,1,2,0,0,1,0,1,2,0,0,5,0,0,1,1,2,0,1,0,0,1,2,2,0,0,0,1,0,0,1,2,0,1,2,2,1,2,0,0,0,1,1,1,1,2,0,1,0,0,1,0,0,5,0,0.596,,,,0.596,,,,,,,,,,,,,,,,,,,,,,,,,,,,,,0,3.0,0.149,100.7,8.0
668,Medium,RPath,851,4.0,2.0,0.152,8.0,0.608,0.07928642220019821,3.0,0.152,100.9,71,4,4,12.0,sidewalks,99.71,CON,1,2,2,0,0,0,0,0,0,0,0,0,1,0,0,1,0,0,0,0,0,0,0,0,5,0,0,0,1,2,2,0,0,0,1,0,0,0,0,0,0,0,0,0,1,2,2,0,1,0,1,2,0,0,5,0,3,1,1,0,0,1,0,0,1,2,2,0,0,0,1,0,0,1,2,0,1,2,2,1,2,0,0,3,1,1,1,1,2,0,1,0,0,1,0,0,5,0,0.387,,,0.015,0.193,,,,,,,,,,,,,0.178,,,,,,,,,,,,,,,,,0,3.0,0.152,100.9,8.0
669,Medium,RPath,856,4.0,2.0,0.117,8.0,0.468,0.10869565217391305,3.0,0.117,73.6,75,4,4,12.0,sidewalks,73.583,CON,1,2,0,0,0,0,0,0,0,0,0,0,1,2,0,1,2,0,0,0,0,0,0,0,5,0,3,0,1,2,2,0,0,0,1,0,0,0,0,0,0,0,0,0,1,2,2,0,1,0,1,2,0,0,5,0,3,1,1,0,0,0,0,0,1,2,2,0,0,0,1,0,0,1,2,0,1,2,0,1,2,0,0,3,1,1,1,1,2,0,1,0,0,1,2,0,5,0,0.408,,,,0.387,0.02,,,,,,,,,,,,,,,,,,,,,,,,,,,,,0,3.0,0.117,73.6,8.0
670,Medium,RPath,898,4.0,2.0,0.196,8.0,0.784,0.09302325581395349,3.0,0.196,86.0,68,4,4,12.0,sidewalks,86.016,CON,1,2,2,1,2,0,0,0,0,0,0,0,1,2,2,1,0,0,0,0,0,0,0,0,0,0,0,2,0,0,0,0,0,0,1,2,0,0,0,0,0,0,0,5,1,0,0,0,0,0,1,2,2,5,0,0,3,1,1,0,0,0,0,0,0,0,0,0,0,0,0,0,0,1,2,2,1,2,2,0,0,0,5,3,1,0,1,1,2,0,0,0,0,0,0,0,5,0,0.209,,,,0.017,0.192,,,,,,,,,,,,,,,,,,,,,,,,,,,,,0,3.0,0.196,86.0,8.0
671,Medium,RPath,921,4.0,2.0,0.198,8.0,0.792,0.02666666666666667,3.0,0.198,300.0,74,4,4,12.0,sidewalks,299.338,HMAC,1,2,2,1,2,0,1,0,0,1,2,2,1,2,2,0,0,0,0,0,0,0,0,0,0,5,0,2,0,0,0,0,0,0,1,2,2,0,0,0,0,0,0,0,1,2,2,0,1,1,1,2,2,5,5,0,3,0,0,0,0,0,0,0,0,0,0,0,0,0,0,0,0,1,2,2,1,2,0,0,0,0,0,3,1,1,0,0,0,0,0,0,0,0,0,0,5,0,0.205,,,,,0.195,,,,0.01,,,,,,,,,,,,,,,,,,,,,,,,,0,3.0,0.198,300.0,8.0
672,Medium,RPath,973,4.0,2.0,0.246,8.0,0.984,0.1092896174863388,3.0,0.246,73.2,70,4,4,12.0,sidewalks,72.786,HMAC,1,2,0,0,0,0,0,0,0,0,0,0,1,2,0,1,2,0,0,0,0,0,0,0,0,0,3,0,1,2,2,0,0,0,1,2,0,0,0,0,0,0,0,0,1,2,2,0,0,0,1,2,0,0,5,0,3,1,1,0,0,0,0,0,1,2,2,0,0,0,0,0,0,1,2,0,1,2,0,1,2,0,0,3,1,1,1,1,2,0,1,0,0,1,2,0,5,0,0.246,,,,,0.246,,,,,,,,,,,,,,,,,,,,,,,,,,,,,0,3.0,0.246,73.2,8.0
673,Medium,RPath,1001,4.0,2.0,0.246,8.0,0.984,0.0818833162743091,3.0,0.246,97.7,67,4,4,12.0,sidewalks,95.79,HMAC,1,2,2,1,0,0,1,2,0,1,2,2,1,2,2,0,0,0,0,0,0,0,0,0,5,0,3,2,0,0,0,0,0,0,1,2,2,0,0,0,0,0,0,0,1,2,0,0,0,0,1,2,2,0,5,0,0,1,0,0,0,0,0,0,0,0,0,0,0,0,0,0,0,1,2,2,1,2,0,0,0,0,0,3,1,1,1,0,0,0,0,0,0,0,0,0,5,0,0.322,,,,0.031,0.2,,,,,,,,0.061,,0.015,0.015,,,,,,,,,,,,,,,,,,0,3.0,0.246,97.7,8.0
674,Medium,RPath,1005,4.0,2.0,0.151,8.0,0.604,0.02168021680216802,3.0,0.151,369.0,71,4,4,12.0,sidewalks,368.824,HMAC,1,2,2,1,2,0,0,0,0,0,0,0,0,0,0,0,0,0,0,0,0,0,0,0,5,5,0,2,0,0,0,0,0,0,1,2,2,0,0,0,0,0,0,0,1,2,2,0,0,0,1,2,2,5,5,4,0,1,0,0,0,0,0,0,0,0,0,0,0,0,1,0,0,1,0,0,1,2,2,0,0,0,5,0,1,1,1,1,0,0,0,0,0,0,0,0,5,0,0.244,,,,0.106,0.093,,,,,0.016,,0.008,0.012,,0.008,,,,,,,,,,,,,,,,,,,0,3.0,0.151,369.0,8.0
675,Medium,RPath,1010,4.0,2.0,0.103,8.0,0.412,0.07312614259597806,3.0,0.103,109.4,72,4,4,12.0,sidewalks,109.397,HMAC,1,2,2,1,0,0,0,0,0,1,0,0,1,0,0,0,0,0,0,0,0,0,0,0,0,5,0,2,1,2,2,1,2,2,1,2,0,0,0,0,1,2,0,5,1,2,0,0,1,1,1,2,2,0,0,0,0,1,1,0,0,0,0,0,1,2,0,0,0,0,1,0,0,1,2,0,1,2,0,0,0,0,0,3,1,0,1,1,2,0,1,0,0,0,0,0,5,0,0.411,,,,0.411,,,,,,,,,,,,,,,,,,,,,,,,,,,,,,0,3.0,0.103,109.4,8.0
676,Medium,RPath,1177,4.0,2.0,0.112,8.0,0.448,0.0954653937947494,3.0,0.112,83.8,80,4,4,12.0,sidewalks,84.706,CON,1,2,0,1,0,0,1,0,0,1,0,0,1,2,2,0,0,0,0,0,0,1,2,2,0,0,0,2,0,0,0,0,0,0,1,2,2,0,0,0,0,0,0,5,0,0,0,0,1,1,1,2,2,5,0,0,3,1,0,0,0,0,0,0,1,2,0,1,2,2,1,2,2,1,2,0,1,2,2,0,0,0,5,3,1,0,1,0,0,0,0,0,0,0,0,0,5,0,0.233,,,,0.161,0.072,,,,,,,,,,,,,,,,,,,,,,,,,,,,,0,3.0,0.112,83.8,8.0
677,Medium,RPath,1235,4.0,2.0,0.199,8.0,0.796,0.09433962264150944,3.0,0.199,84.8,75,4,4,12.0,sidewalks,84.796,HMAC,1,2,0,1,2,0,0,0,0,0,0,0,1,2,0,0,0,0,0,0,0,0,0,0,5,0,0,2,0,0,0,1,0,0,1,2,2,0,0,0,0,0,0,5,1,2,0,0,0,0,1,2,0,5,0,4,0,1,0,0,0,0,0,0,1,2,0,1,2,2,1,2,2,1,0,0,1,2,2,0,0,0,5,0,1,0,1,1,0,0,0,0,0,0,0,0,5,0,0.425,,,,0.106,0.053,,,,,,,0.035,0.195,0.018,,0.018,,,,,,,,,,,,,,,,,,0,3.0,0.199,84.8,8.0
678,Medium,RPath,1275,4.0,2.0,0.176,8.0,0.704,0.023703703703703703,3.0,0.176,337.5,70,4,4,12.0,sidewalks,336.858,CON,1,2,2,0,0,0,0,0,0,1,2,0,0,0,0,1,2,0,0,0,0,0,0,0,5,0,0,2,0,0,0,0,0,0,1,2,2,0,0,0,1,2,2,0,1,2,2,0,1,1,1,2,2,5,5,0,3,1,0,0,0,0,0,0,1,2,2,0,0,0,0,0,0,0,0,0,1,2,0,0,0,0,0,0,1,1,1,0,0,0,0,0,0,0,0,0,5,0,0.209,0.004,0.004,,0.04,0.147,,,,0.004,,,,,,,0.009,,,,,,,,,,,,,,,,,,0,3.0,0.176,337.5,8.0
679,Medium,RPath,1287,4.0,2.0,0.133,8.0,0.532,0.046620046620046623,3.0,0.133,171.6,68,4,4,12.0,sidewalks,169.865,CON,1,2,2,1,2,0,1,0,0,0,0,0,1,0,0,1,2,0,0,0,0,0,0,0,5,5,0,2,0,0,0,0,0,0,1,2,2,0,0,0,1,2,0,0,1,2,2,0,1,1,1,2,2,5,0,0,3,1,0,0,0,0,0,0,1,0,0,0,0,0,0,0,0,1,0,0,1,2,0,0,0,0,0,3,1,0,0,0,0,0,0,0,0,0,0,0,5,0,0.14,,,,0.009,0.122,,,,,,,,,,,0.009,,,,,,,,,,,,,,,,,,0,3.0,0.133,171.6,8.0
680,Medium,RPath,1289,4.0,2.0,0.104,8.0,0.416,0.025228634500157675,3.0,0.104,317.1,67,4,4,12.0,sidewalks,313.909,CON,1,2,2,1,2,0,1,2,0,0,0,0,1,0,0,1,0,0,0,0,0,0,0,0,0,5,0,0,0,0,0,0,0,0,1,2,2,0,0,0,1,2,2,0,1,2,2,0,1,1,1,2,2,5,5,0,3,0,0,0,0,0,0,0,1,0,0,0,0,0,0,0,0,1,2,2,0,0,0,0,0,0,0,0,1,1,1,0,0,0,0,0,0,0,0,0,5,0,0.104,,,,,0.104,,,,,,,,,,,,,,,,,,,,,,,,,,,,,1,3.0,0.104,317.1,18.0
681,Medium,RPath,1326,4.0,2.0,0.175,8.0,0.7,0.02870470039468963,3.0,0.175,278.7,82,4,4,12.0,sidewalks,212.417,HMAC,1,2,2,1,0,0,0,0,0,1,0,0,1,0,0,0,0,0,0,0,0,0,0,0,5,5,0,0,1,2,2,1,2,2,1,2,2,0,0,0,1,2,2,0,1,2,2,0,1,1,1,2,2,5,5,0,0,0,1,0,0,0,0,0,1,2,2,0,0,0,0,0,0,1,0,0,1,0,0,0,0,0,0,0,1,1,1,1,2,2,1,0,0,0,0,0,5,0,0.388,,,,0.275,0.102,,,,,,0.005,,,,,,0.005,,,,,,,,,,,,,,,,,2,3.0,0.175,278.7,28.0
682,Medium,RPath,1330,4.0,2.0,0.186,8.0,0.744,0.1020408163265306,3.0,0.186,78.4,76,4,4,12.0,sidewalks,76.772,CON,1,2,2,1,2,2,0,0,0,0,0,0,1,2,0,1,2,0,0,0,0,0,0,0,5,0,0,2,0,0,0,0,0,0,1,2,2,0,0,0,0,0,0,5,1,2,2,0,0,0,1,2,2,5,5,0,3,1,0,0,0,0,0,0,0,0,0,0,0,0,1,0,0,1,0,0,1,0,0,0,0,0,5,3,1,0,1,1,0,0,0,0,0,0,0,0,5,0,0.287,,,,0.134,0.153,,,,,,,,,,,,,,,,,,,,,,,,,,,,,1,3.0,0.186,78.4,18.0
683,Medium,RPath,1336,4.0,2.0,0.121,8.0,0.484,0.03734827264239029,3.0,0.121,214.2,81,4,4,12.0,sidewalks,211.804,HMAC,1,2,2,1,2,2,0,0,0,0,0,0,1,2,0,1,2,2,0,0,0,0,0,0,5,5,0,2,1,0,0,0,0,0,1,2,2,0,0,0,0,0,0,0,1,2,2,0,0,0,1,2,2,5,5,0,3,1,0,0,0,0,0,0,0,0,0,0,0,0,1,0,0,1,2,0,1,2,0,0,0,0,5,0,1,0,0,1,0,0,1,0,0,1,0,0,5,0,0.126,,,,0.007,0.091,,,,,,,,,0.028,,,,,,,,,,,,,,,,,,,,1,3.0,0.121,214.2,18.0
684,Medium,RPath,1349,4.0,2.0,0.227,8.0,0.908,0.013778849466069583,3.0,0.227,580.6,84,5,4,12.0,sidewalks,289.987,HMAC,1,2,2,1,2,0,1,2,0,1,2,0,1,2,2,0,0,0,0,0,0,1,2,2,0,0,0,2,0,0,0,0,0,0,1,2,0,0,0,0,0,0,0,5,0,0,0,0,1,1,1,2,2,5,0,0,3,1,0,0,0,0,0,0,1,2,2,1,2,2,1,2,0,1,0,0,1,2,2,0,0,0,5,3,1,0,1,0,0,0,0,0,0,0,0,0,5,0,0.233,,,,,0.222,,,,,,,,,,,,0.01,,,,,,,,,,,,,,,,,1,3.0,0.227,580.6,18.0
685,Medium,RPath,592,4.0,2.0,0.153,8.0,0.612,0.03929273084479371,3.0,0.153,203.6,81,4,4,12.0,sidewalks,203.386,HMAC,1,2,2,1,2,2,1,2,0,1,0,0,1,2,2,1,2,2,0,0,0,0,0,0,0,5,0,2,0,0,0,1,0,0,1,2,2,0,0,0,0,0,0,5,1,0,0,0,0,0,1,2,2,0,5,0,3,1,0,0,0,0,0,0,0,0,0,0,0,0,0,0,0,1,2,2,1,2,2,0,0,0,5,3,1,0,0,0,0,0,0,0,0,0,0,0,5,0,0.302,0.088,,,0.192,0.015,,,,,,0.007,,,,,,,,,,,,,,,,,,,,,,,1,3.0,0.153,203.6,18.0
686,Medium,RPath,14,2.0,4.0,0.0,8.0,0.0,0.35555555555555557,1.0,0.0,22.5,40,2,2,2.0,sidewalks,22.412,CON,1,2,2,1,2,2,0,0,0,0,0,0,0,0,0,1,0,0,0,0,0,0,0,0,0,0,0,0,0,0,0,0,0,0,1,2,0,0,0,0,0,0,0,0,0,0,0,0,1,0,1,2,0,0,0,0,0,1,0,0,0,0,0,0,0,0,0,0,0,0,0,0,0,0,0,0,1,2,2,0,0,0,0,0,1,1,1,1,2,0,1,2,2,0,0,0,5,0,0.0,,,,,,,,,,,,,,,,,,,,,,,,,,,,,,,,,,0,1.0,0.0,22.5,8.0
687,Medium,RPath,250,2.0,4.0,0.0,8.0,0.0,0.06617038875103391,1.0,0.0,120.9,43,2,2,2.0,sidewalks,120.908,HMAC,1,2,0,0,0,0,0,0,0,0,0,0,1,2,0,0,0,0,0,0,0,0,0,0,5,0,0,2,0,0,0,1,2,2,0,0,0,0,0,0,0,0,0,0,0,0,0,0,1,1,1,2,2,0,5,0,0,1,0,0,0,0,0,0,0,0,0,0,0,0,0,0,0,0,0,0,0,0,0,0,0,0,0,0,1,1,1,1,2,0,0,0,0,1,0,0,5,0,0.0,,,,,,,,,,,,,,,,,,,,,,,,,,,,,,,,,,0,1.0,0.0,120.9,8.0
688,Medium,RPath,259,2.0,4.0,0.0,8.0,0.0,0.04527447651386531,1.0,0.0,176.7,43,2,2,2.0,sidewalks,175.248,HMAC,1,2,0,1,2,0,0,0,0,0,0,0,1,2,2,0,0,0,0,0,0,0,0,0,0,5,0,2,0,0,0,0,0,0,0,0,0,1,2,0,0,0,0,0,0,0,0,0,0,0,0,0,0,5,0,4,0,1,0,0,0,0,0,0,0,0,0,0,0,0,0,0,0,1,2,0,0,0,0,0,0,0,0,0,1,1,1,1,0,0,0,0,0,0,0,0,5,0,0.0,,,,,,,,,,,,,,,,,,,,,,,,,,,,,,,,,,0,1.0,0.0,176.7,8.0
689,Medium,RPath,260,2.0,4.0,0.0,8.0,0.0,0.021875854525567406,1.0,0.0,365.7,44,2,2,2.0,sidewalks,365.668,HMAC,1,0,0,1,0,0,0,0,0,0,0,0,1,2,2,0,0,0,0,0,0,0,0,0,5,5,0,2,0,0,0,0,0,0,0,0,0,1,2,2,0,0,0,0,0,0,0,0,0,0,0,0,0,5,0,4,0,1,0,0,0,0,0,0,0,0,0,0,0,0,0,0,0,1,0,0,0,0,0,0,0,0,0,0,1,1,1,1,0,0,0,0,0,0,0,0,5,0,0.0,,,,,,,,,,,,,,,,,,,,,,,,,,,,,,,,,,0,1.0,0.0,365.7,8.0
690,Medium,RPath,396,2.0,4.0,0.0,8.0,0.0,0.050793650793650794,1.0,0.0,157.5,34,2,2,2.0,sidewalks,154.223,CON,0,0,0,0,0,0,0,0,0,0,0,0,1,2,0,0,0,0,1,2,0,0,0,0,0,0,3,0,0,0,0,1,0,0,1,0,0,0,0,0,0,0,0,0,1,0,0,0,1,0,1,2,0,0,0,0,3,1,0,0,0,0,0,0,0,0,0,0,0,0,0,0,0,0,0,0,1,2,0,0,0,0,0,0,1,1,1,0,0,0,0,0,0,1,2,0,5,0,0.0,,,,,,,,,,,,,,,,,,,,,,,,,,,,,,,,,,0,1.0,0.0,157.5,8.0
691,Medium,RPath,515,2.0,4.0,0.0,8.0,0.0,0.024945431867789213,1.0,0.0,320.7,48,3,2,2.0,sidewalks,318.912,HMAC,1,2,2,1,2,2,1,2,0,0,0,0,1,2,0,1,2,0,0,0,0,0,0,0,0,0,3,2,0,0,0,1,2,2,0,0,0,0,0,0,0,0,0,0,0,0,0,0,1,0,1,2,0,0,0,0,3,1,0,0,0,0,0,0,0,0,0,0,0,0,0,0,0,1,2,0,0,0,0,0,0,0,0,0,1,1,1,0,0,0,0,0,0,0,0,0,5,0,0.0,,,,,,,,,,,,,,,,,,,,,,,,,,,,,,,,,,0,1.0,0.0,320.7,8.0
692,Medium,RPath,518,2.0,4.0,0.0,8.0,0.0,0.051646223369916075,1.0,0.0,154.9,43,2,2,2.0,sidewalks,154.887,SS,1,2,0,0,0,0,0,0,0,0,0,0,1,2,2,0,0,0,0,0,0,0,0,0,0,5,0,2,0,0,0,1,2,0,0,0,0,0,0,0,0,0,0,0,0,0,0,0,1,0,1,2,2,0,5,0,0,1,0,0,0,0,0,0,0,0,0,0,0,0,0,0,0,0,0,0,0,0,0,0,0,0,0,0,1,1,1,1,2,2,0,0,0,0,0,0,5,0,0.0,,,,,,,,,,,,,,,,,,,,,,,,,,,,,,,,,,0,1.0,0.0,154.9,8.0
693,Medium,RPath,583,2.0,4.0,0.0,8.0,0.0,0.16032064128256512,1.0,0.0,49.9,44,2,2,2.0,sidewalks,48.385,CON,1,2,0,1,0,0,1,0,0,1,2,0,1,2,0,1,2,0,0,0,0,0,0,0,0,0,0,2,0,0,0,0,0,0,1,2,0,0,0,0,0,0,0,0,0,0,0,0,0,0,1,0,0,5,5,0,0,1,0,0,0,0,0,0,0,0,0,0,0,0,0,0,0,1,0,0,1,2,0,0,0,0,0,0,1,1,1,0,0,0,0,0,0,1,0,0,5,0,0.0,,,,,,,,,,,,,,,,,,,,,,,,,,,,,,,,,,1,1.0,0.0,49.9,18.0
694,Medium,RPath,867,2.0,4.0,0.0,8.0,0.0,0.02666666666666667,1.0,0.0,300.0,30,2,2,2.0,sidewalks,300.0,CON,1,0,0,0,0,0,0,0,0,0,0,0,1,2,2,0,0,0,1,2,2,0,0,0,0,0,0,0,0,0,0,0,0,0,1,0,0,0,0,0,0,0,0,0,0,0,0,0,0,0,1,2,2,5,5,0,0,0,0,0,0,0,0,0,0,0,0,0,0,0,0,0,0,0,0,0,0,0,0,0,0,0,0,0,1,1,1,0,0,0,0,0,0,0,0,0,0,0,0.0,,,,,,,,,,,,,,,,,,,,,,,,,,,,,,,,,,0,1.0,0.0,300.0,8.0
695,Medium,RPath,869,2.0,4.0,0.0,8.0,0.0,0.02666666666666667,1.0,0.0,300.0,32,2,2,2.0,sidewalks,300.0,CON,1,2,0,0,0,0,0,0,0,0,0,0,1,2,2,0,0,0,1,2,2,0,0,0,0,0,0,0,0,0,0,0,0,0,1,0,0,0,0,0,0,0,0,0,0,0,0,0,0,0,1,2,2,5,5,0,0,0,0,0,0,0,0,0,0,0,0,0,0,0,0,0,0,0,0,0,0,0,0,0,0,0,0,0,1,1,1,0,0,0,0,0,0,0,0,0,0,0,0.0,,,,,,,,,,,,,,,,,,,,,,,,,,,,,,,,,,0,1.0,0.0,300.0,8.0
696,Medium,RPath,930,2.0,4.0,0.006,8.0,0.012,0.12232415902140671,1.0,0.006,65.4,33,2,2,2.0,sidewalks,64.44,CON,1,2,2,0,0,0,0,0,0,0,0,0,0,0,0,0,0,0,0,0,0,0,0,0,0,0,3,0,0,0,0,0,0,0,0,0,0,0,0,0,0,0,0,0,0,0,0,0,0,0,1,2,0,5,5,4,0,0,0,0,0,0,0,0,0,0,0,0,0,0,0,0,0,0,0,0,0,0,0,0,0,0,0,0,1,1,1,0,0,0,0,0,0,0,0,0,5,0,0.023,,,,0.023,,,,,,,,,,,,,,,,,,,,,,,,,,,,,,0,1.0,0.006,65.4,8.0
697,Medium,RPath,1020,2.0,4.0,0.0,8.0,0.0,0.06230529595015576,1.0,0.0,128.4,33,2,2,2.0,sidewalks,128.407,CON,1,2,2,1,0,0,0,0,0,0,0,0,0,0,0,0,0,0,0,0,0,0,0,0,0,0,0,2,0,0,0,0,0,0,0,0,0,0,0,0,0,0,0,0,0,0,0,0,0,0,0,0,0,0,0,0,3,1,0,0,0,0,0,0,0,0,0,0,0,0,0,0,0,1,2,2,0,0,0,0,0,0,5,3,1,1,1,0,0,0,0,0,0,0,0,0,5,0,0.0,,,,,,,,,,,,,,,,,,,,,,,,,,,,,,,,,,0,1.0,0.0,128.4,8.0
698,Medium,RPath,1033,2.0,4.0,0.001,8.0,0.002,0.025608194622279132,1.0,0.001,312.4,46,3,2,2.0,sidewalks,312.396,CON,1,2,2,1,2,0,1,0,0,0,0,0,0,0,0,0,0,0,0,0,0,0,0,0,0,5,0,2,0,0,0,0,0,0,1,2,2,0,0,0,0,0,0,0,1,2,0,0,0,0,1,2,0,5,5,0,0,0,0,0,0,0,0,0,0,0,0,0,0,0,0,0,0,1,0,0,0,0,0,0,0,0,0,0,1,1,1,0,0,0,0,0,0,0,0,0,5,0,0.005,,,,0.005,,,,,,,,,,,,,,,,,,,,,,,,,,,,,,0,1.0,0.001,312.4,8.0
699,Medium,RPath,1062,2.0,4.0,0.005,8.0,0.01,0.019646365422396856,1.0,0.005,407.2,40,2,2,2.0,sidewalks,401.364,CON,1,2,2,1,2,0,1,2,0,0,0,0,1,0,0,0,0,0,0,0,0,0,0,0,0,0,0,2,0,0,0,0,0,0,0,0,0,0,0,0,0,0,0,0,0,0,0,0,0,0,1,2,2,5,0,4,0,1,0,0,0,0,0,0,0,0,0,0,0,0,0,0,0,0,0,0,1,0,0,0,0,0,0,3,1,1,0,0,0,0,0,0,0,0,0,0,5,0,0.018,,,,0.018,,,,,,,,,,,,,,,,,,,,,,,,,,,,,,0,1.0,0.005,407.2,8.0
700,Medium,RPath,1071,2.0,4.0,0.0,8.0,0.0,2.5,1.0,0.0,3.2,45,2,2,2.0,sidewalks,1.636,CON,1,2,0,1,0,0,1,0,0,0,0,0,1,0,0,1,0,0,0,0,0,0,0,0,0,0,0,2,0,0,0,0,0,0,1,2,2,0,0,0,0,0,0,0,0,0,0,0,0,0,1,2,2,0,0,4,0,1,0,0,0,0,0,0,0,0,0,0,0,0,0,0,0,1,2,0,1,2,2,0,0,0,5,3,0,0,0,0,0,0,0,0,0,0,0,0,5,0,0.0,,,,,,,,,,,,,,,,,,,,,,,,,,,,,,,,,,0,1.0,0.0,3.2,8.0
701,Medium,RPath,1084,2.0,4.0,0.0,8.0,0.0,0.07751937984496124,1.0,0.0,103.2,44,2,2,2.0,sidewalks,103.219,CON,1,2,0,0,0,0,0,0,0,0,0,0,1,2,0,1,0,0,0,0,0,0,0,0,0,5,3,0,1,2,0,0,0,0,1,0,0,0,0,0,0,0,0,0,1,2,0,0,0,0,1,0,0,0,0,0,0,1,0,0,0,0,0,0,1,2,2,0,0,0,0,0,0,1,0,0,1,2,0,0,0,0,0,0,1,1,1,1,2,0,0,0,0,0,0,0,5,0,0.0,,,,,,,,,,,,,,,,,,,,,,,,,,,,,,,,,,0,1.0,0.0,103.2,8.0
702,Medium,RPath,1110,2.0,4.0,0.0,8.0,0.0,0.3902439024390244,1.0,0.0,20.5,30,2,2,2.0,sidewalks,17.512,CON,1,2,2,0,0,0,0,0,0,0,0,0,0,0,0,0,0,0,0,0,0,0,0,0,0,0,0,2,0,0,0,1,2,0,0,0,0,0,0,0,0,0,0,0,0,0,0,0,0,0,1,0,0,0,0,4,0,1,0,0,0,0,0,0,0,0,0,0,0,0,0,0,0,1,2,0,0,0,0,0,0,0,0,3,1,1,1,0,0,0,0,0,0,0,0,0,5,0,0.0,,,,,,,,,,,,,,,,,,,,,,,,,,,,,,,,,,0,1.0,0.0,20.5,8.0
703,Medium,RPath,1113,2.0,4.0,0.0,8.0,0.0,0.14084507042253522,1.0,0.0,56.8,32,2,2,2.0,sidewalks,55.428,CON,1,2,2,0,0,0,0,0,0,0,0,0,0,0,0,0,0,0,0,0,0,0,0,0,0,0,0,0,0,0,0,1,2,2,0,0,0,0,0,0,0,0,0,0,0,0,0,0,1,1,1,2,2,0,0,4,0,0,0,0,0,0,0,0,0,0,0,0,0,0,0,0,0,1,2,0,0,0,0,0,0,0,0,0,1,1,1,0,0,0,0,0,0,0,0,0,5,0,0.0,,,,,,,,,,,,,,,,,,,,,,,,,,,,,,,,,,0,1.0,0.0,56.8,8.0
704,Medium,RPath,1119,2.0,4.0,0.0,8.0,0.0,0.17897091722595077,1.0,0.0,44.7,37,2,2,2.0,sidewalks,42.558,CON,1,2,2,1,2,0,1,2,0,0,0,0,0,0,0,0,0,0,0,0,0,0,0,0,0,0,0,2,0,0,0,0,0,0,1,2,0,0,0,0,1,2,0,0,1,0,0,0,1,1,1,2,0,0,0,0,0,1,0,0,0,0,0,0,0,0,0,0,0,0,0,0,0,1,2,0,0,0,0,0,0,0,0,0,1,1,1,0,0,0,0,0,0,0,0,0,5,0,0.0,,,,,,,,,,,,,,,,,,,,,,,,,,,,,,,,,,0,1.0,0.0,44.7,8.0
705,Medium,RPath,1122,2.0,4.0,0.004,8.0,0.008,0.08743169398907104,1.0,0.004,91.5,30,2,2,2.0,sidewalks,91.43,CON,1,2,0,0,0,0,0,0,0,0,0,0,0,0,0,0,0,0,0,0,0,0,0,0,0,0,0,2,0,0,0,0,0,0,0,0,0,0,0,0,0,0,0,0,0,0,0,0,0,0,1,2,2,0,0,0,3,1,0,0,0,0,0,0,0,0,0,0,0,0,0,0,0,1,2,0,0,0,0,0,0,0,5,0,1,1,1,0,0,0,0,0,0,0,0,0,5,0,0.016,,,,0.016,,,,,,,,,,,,,,,,,,,,,,,,,,,,,,0,1.0,0.004,91.5,8.0
706,Medium,RPath,1128,2.0,4.0,0.006,8.0,0.012,0.1374570446735395,1.0,0.006,58.2,32,2,2,2.0,sidewalks,57.957,CON,1,0,0,1,0,0,1,0,0,0,0,0,1,2,0,0,0,0,0,0,0,0,0,0,0,0,0,2,0,0,0,0,0,0,0,0,0,0,0,0,0,0,0,0,0,0,0,0,0,0,1,0,0,5,0,4,0,1,0,0,0,0,0,0,0,0,0,0,0,0,0,0,0,1,2,2,0,0,0,0,0,0,0,0,1,1,1,0,0,0,0,0,0,0,0,0,5,0,0.026,,,,0.026,,,,,,,,,,,,,,,,,,,,,,,,,,,,,,0,1.0,0.006,58.2,8.0
707,Medium,RPath,1200,2.0,4.0,0.006,8.0,0.012,0.05934718100890207,1.0,0.006,134.8,41,2,2,2.0,sidewalks,135.235,CON,1,2,2,0,0,0,0,0,0,0,0,0,1,0,0,0,0,0,0,0,0,0,0,0,0,0,3,0,0,0,0,1,2,0,0,0,0,0,0,0,0,0,0,0,0,0,0,0,0,0,1,2,2,5,5,0,0,1,0,0,0,0,0,0,0,0,0,0,0,0,0,0,0,0,0,0,1,2,2,0,0,0,0,0,1,1,1,0,0,0,0,0,0,0,0,0,5,0,0.022,,,,0.022,,,,,,,,,,,,,,,,,,,,,,,,,,,,,,0,1.0,0.006,134.8,8.0
708,Medium,RPath,1202,2.0,4.0,0.0,8.0,0.0,1.3333333333333333,1.0,0.0,6.0,30,2,2,2.0,sidewalks,3.251,CON,1,2,2,0,0,0,0,0,0,0,0,0,0,0,0,0,0,0,0,0,0,0,0,0,0,0,3,0,0,0,0,0,0,0,1,2,0,0,0,0,0,0,0,0,1,2,0,0,0,0,0,0,0,0,5,0,0,0,0,0,0,0,0,0,0,0,0,0,0,0,0,0,0,0,0,0,1,2,0,0,0,0,0,0,1,1,1,0,0,0,0,0,0,0,0,0,5,0,0.0,,,,,,,,,,,,,,,,,,,,,,,,,,,,,,,,,,1,1.0,0.0,6.0,18.0
709,Medium,RPath,1218,2.0,4.0,0.008,8.0,0.016,0.02573174654229656,1.0,0.008,310.9,34,2,2,2.0,sidewalks,302.461,CON,1,2,0,1,0,0,1,0,0,0,0,0,1,2,2,0,0,0,0,0,0,0,0,0,0,0,3,0,0,0,0,1,0,0,0,0,0,0,0,0,0,0,0,0,0,0,0,0,0,0,1,2,2,0,5,0,0,0,0,0,0,0,0,0,0,0,0,0,0,0,0,0,0,1,0,0,1,0,0,0,0,0,0,0,1,1,1,0,0,0,0,0,0,0,0,0,5,0,0.034,,,,0.034,,,,,,,,,,,,,,,,,,,,,,,,,,,,,,0,1.0,0.008,310.9,8.0
710,Medium,RPath,1265,2.0,4.0,0.0,8.0,0.0,0.1895734597156398,1.0,0.0,42.2,41,2,2,2.0,sidewalks,40.577,CON,1,2,2,1,2,0,1,2,0,0,0,0,1,0,0,0,0,0,0,0,0,0,0,0,0,0,0,2,0,0,0,0,0,0,0,0,0,0,0,0,0,0,0,0,0,0,0,0,1,0,1,2,0,0,0,0,3,1,0,0,0,0,0,0,0,0,0,0,0,0,0,0,0,1,2,2,1,2,0,0,0,0,0,3,1,1,1,0,0,0,0,0,0,0,0,0,5,0,0.0,,,,,,,,,,,,,,,,,,,,,,,,,,,,,,,,,,0,1.0,0.0,42.2,8.0
711,Medium,RPath,1280,2.0,4.0,0.0,8.0,0.0,0.09852216748768472,1.0,0.0,81.2,30,2,2,2.0,sidewalks,77.633,CON,1,2,0,0,0,0,0,0,0,1,0,0,0,0,0,0,0,0,0,0,0,0,0,0,0,0,0,0,0,0,0,1,2,0,1,2,0,0,0,0,1,2,2,0,1,0,0,0,1,0,1,2,2,0,0,0,0,0,0,0,0,0,0,0,0,0,0,0,0,0,0,0,0,0,0,0,0,0,0,0,0,0,0,0,1,1,1,0,0,0,0,0,0,0,0,0,5,0,0.0,,,,,,,,,,,,,,,,,,,,,,,,,,,,,,,,,,0,1.0,0.0,81.2,8.0
712,Medium,RPath,1282,2.0,4.0,0.008,8.0,0.016,0.055401662049861494,1.0,0.008,144.4,43,2,2,2.0,sidewalks,141.741,CON,1,2,0,0,0,0,0,0,0,1,0,0,1,0,0,0,0,0,0,0,0,0,0,0,0,5,0,0,0,0,0,1,2,2,1,2,0,0,0,0,1,2,2,0,1,0,0,0,1,1,1,2,2,0,0,0,3,0,0,0,0,0,0,0,0,0,0,1,0,0,0,0,0,0,0,0,0,0,0,0,0,0,0,0,1,1,1,0,0,0,0,0,0,0,0,0,5,0,0.031,,,,0.031,,,,,,,,,,,,,,,,,,,,,,,,,,,,,,0,1.0,0.008,144.4,8.0
713,Medium,RPath,1304,2.0,4.0,0.0,8.0,0.0,0.15841584158415842,1.0,0.0,50.5,30,2,2,2.0,sidewalks,46.416,CON,1,0,0,0,0,0,0,0,0,0,0,0,0,0,0,0,0,0,0,0,0,0,0,0,0,0,0,2,0,0,0,0,0,0,0,0,0,0,0,0,0,0,0,0,0,0,0,0,0,0,1,2,2,0,0,0,3,1,0,0,0,0,0,0,0,0,0,0,0,0,0,0,0,1,2,2,0,0,0,0,0,0,5,0,1,1,1,0,0,0,0,0,0,0,0,0,5,0,0.0,,,,,,,,,,,,,,,,,,,,,,,,,,,,,,,,,,0,1.0,0.0,50.5,8.0
714,Medium,RPath,1306,2.0,4.0,0.004,8.0,0.008,0.08264462809917356,1.0,0.004,96.8,30,2,2,2.0,sidewalks,92.588,CON,1,2,0,0,0,0,0,0,0,0,0,0,0,0,0,0,0,0,0,0,0,0,0,0,0,0,0,2,0,0,0,0,0,0,0,0,0,0,0,0,0,0,0,0,0,0,0,0,0,0,1,2,2,0,0,0,3,1,0,0,0,0,0,0,0,0,0,0,0,0,0,0,0,1,2,0,0,0,0,0,0,0,5,0,1,1,1,0,0,0,0,0,0,0,0,0,5,0,0.016,,,,0.016,,,,,,,,,,,,,,,,,,,,,,,,,,,,,,0,1.0,0.004,96.8,8.0
715,Medium,RPath,1320,2.0,4.0,0.0,8.0,0.0,0.03698566805362922,1.0,0.0,216.3,43,2,2,2.0,sidewalks,216.257,CON,1,2,2,1,2,0,1,2,0,0,0,0,0,0,0,0,0,0,0,0,0,0,0,0,0,5,0,2,0,0,0,0,0,0,0,0,0,0,0,0,0,0,0,0,0,0,0,0,0,0,1,2,2,5,0,4,0,0,0,0,0,0,0,0,1,0,0,0,0,0,0,0,0,0,0,0,0,0,0,0,0,0,0,3,1,1,0,0,0,0,0,0,0,0,0,0,5,0,0.0,,,,,,,,,,,,,,,,,,,,,,,,,,,,,,,,,,0,1.0,0.0,216.3,8.0
716,Medium,RPath,1321,2.0,4.0,0.004,8.0,0.008,0.023148148148148147,1.0,0.004,345.6,47,3,2,2.0,sidewalks,343.649,CON,1,2,2,1,2,0,1,2,0,0,0,0,0,0,0,0,0,0,0,0,0,0,0,0,0,0,0,0,0,0,0,0,0,0,0,0,0,0,0,0,0,0,0,0,0,0,0,0,0,0,1,2,2,5,0,4,0,1,0,0,0,0,0,0,1,2,2,0,0,0,0,0,0,0,0,0,0,0,0,0,0,0,5,3,1,1,1,0,0,0,0,0,0,0,0,0,5,0,0.004,,,,,0.004,,,,,,,,,,,,,,,,,,,,,,,,,,,,,0,1.0,0.004,345.6,8.0
717,Medium,RPath,1322,2.0,4.0,0.005,8.0,0.01,0.05517241379310345,1.0,0.005,145.0,46,3,2,2.0,sidewalks,142.315,CON,1,2,2,1,2,0,1,2,0,0,0,0,0,0,0,0,0,0,0,0,0,0,0,0,0,0,0,2,0,0,0,0,0,0,0,0,0,0,0,0,0,0,0,0,0,0,0,0,0,0,1,2,2,5,0,4,0,1,0,0,0,0,0,0,1,2,2,0,0,0,0,0,0,0,0,0,0,0,0,0,0,0,5,0,1,1,1,0,0,0,0,0,0,0,0,0,5,0,0.021,,,,0.021,,,,,,,,,,,,,,,,,,,,,,,,,,,,,,0,1.0,0.005,145.0,8.0
718,Medium,RPath,1325,2.0,4.0,0.004,8.0,0.008,0.021147237642083,1.0,0.004,378.3,33,2,2,2.0,sidewalks,369.765,CON,1,2,2,1,2,0,1,2,0,0,0,0,0,0,0,0,0,0,0,0,0,0,0,0,0,0,0,0,0,0,0,0,0,0,0,0,0,0,0,0,0,0,0,0,0,0,0,0,0,0,1,2,2,0,0,0,0,1,0,0,0,0,0,0,1,2,0,0,0,0,0,0,0,0,0,0,0,0,0,0,0,0,5,0,1,1,1,0,0,0,0,0,0,0,0,0,5,0,0.016,,,,0.016,,,,,,,,,,,,,,,,,,,,,,,,,,,,,,0,1.0,0.004,378.3,8.0
719,Medium,RPath,1333,2.0,4.0,0.004,8.0,0.008,0.03833253473885961,1.0,0.004,208.7,44,2,2,2.0,sidewalks,102.575,CON,1,2,0,1,2,0,0,0,0,0,0,0,1,0,0,1,2,0,0,0,0,0,0,0,5,0,0,0,0,0,0,0,0,0,1,2,2,0,0,0,0,0,0,0,1,2,0,0,0,0,1,2,2,0,5,0,0,1,0,0,0,0,0,0,0,0,0,0,0,0,1,0,0,1,0,0,1,0,0,0,0,0,0,0,1,0,0,1,0,0,0,0,0,0,0,0,5,0,0.014,,,,0.014,,,,,,,,,,,,,,,,,,,,,,,,,,,,,,0,1.0,0.004,208.7,8.0
720,Medium,RPath,1569,2.0,4.0,0.01,8.0,0.02,0.04221635883905013,1.0,0.01,189.5,31,2,2,2.0,sidewalks,190.739,CON,1,2,2,0,0,0,0,0,0,0,0,0,0,0,0,0,0,0,0,0,0,0,0,0,0,0,0,2,0,0,0,0,0,0,1,0,0,0,0,0,0,0,0,0,1,0,0,0,0,0,1,0,0,0,0,0,3,1,0,0,0,0,0,0,0,0,0,0,0,0,0,0,0,1,2,0,0,0,0,0,0,0,0,3,1,1,1,0,0,0,0,0,0,0,0,0,5,3,0.016,,,,0.008,0.008,,,,,,,,,,,,,,,,,,,,,,,,,,,,,0,1.0,0.01,189.5,8.0
721,Medium,RPath,1570,2.0,4.0,0.004,8.0,0.008,0.07714561234329798,1.0,0.004,103.7,32,2,2,2.0,sidewalks,100.027,CON,1,2,2,1,0,0,0,0,0,0,0,0,0,0,0,0,0,0,0,0,0,0,0,0,0,0,0,2,0,0,0,0,0,0,0,0,0,0,0,0,0,0,0,0,0,0,0,0,0,0,1,2,2,5,5,0,0,1,0,0,0,0,0,0,0,0,0,0,0,0,0,0,0,0,0,0,0,0,0,0,0,0,0,0,1,1,1,0,0,0,0,0,0,0,0,0,5,0,0.014,,,,0.014,,,,,,,,,,,,,,,,,,,,,,,,,,,,,,0,1.0,0.004,103.7,8.0
722,Medium,RPath,1583,2.0,4.0,0.0,8.0,0.0,0.18264840182648404,1.0,0.0,43.8,47,3,2,2.0,sidewalks,21.484,CON,1,0,0,0,0,0,0,0,0,0,0,0,1,2,0,0,0,0,0,0,0,0,0,0,5,0,0,0,0,0,0,1,2,2,0,0,0,1,0,0,0,0,0,0,1,2,2,0,1,1,1,2,2,0,5,0,0,1,0,0,0,0,0,0,0,0,0,0,0,0,0,0,0,1,0,0,1,2,2,0,0,0,0,0,1,1,1,0,0,0,0,0,0,0,0,0,5,0,0.0,,,,,,,,,,,,,,,,,,,,,,,,,,,,,,,,,,1,1.0,0.0,43.8,18.0
723,Medium,RPath,1584,2.0,4.0,0.008,8.0,0.016,0.0855614973262032,1.0,0.008,93.5,46,3,2,2.0,sidewalks,42.959,CON,1,0,0,0,0,0,0,0,0,0,0,0,1,2,0,0,0,0,0,0,0,0,0,0,5,0,0,0,0,0,0,1,2,2,0,0,0,1,0,0,0,0,0,0,1,2,2,0,1,1,1,2,2,0,5,0,0,0,0,0,0,0,0,0,0,0,0,0,0,0,0,0,0,1,0,0,1,2,2,0,0,0,0,0,1,1,1,0,0,0,0,0,0,0,0,0,5,0,0.032,,,,0.032,,,,,,,,,,,,,,,,,,,,,,,,,,,,,,1,1.0,0.008,93.5,18.0
724,Medium,RPath,1593,2.0,4.0,0.0,8.0,0.0,2.962962962962963,1.0,0.0,2.7,47,3,2,2.0,sidewalks,3.039,CON,1,2,2,1,2,0,0,0,0,0,0,0,1,2,2,0,0,0,0,0,0,0,0,0,0,0,0,0,0,0,0,1,2,2,1,0,0,0,0,0,1,2,2,0,1,2,0,0,1,0,1,2,2,0,5,0,0,0,1,2,0,0,0,0,0,0,0,0,0,0,0,0,0,0,0,0,1,2,0,0,0,0,0,0,1,1,1,0,0,0,0,0,0,0,0,0,0,0,0.0,,,,,,,,,,,,,,,,,,,,,,,,,,,,,,,,,,1,1.0,0.0,2.7,18.0
725,Medium,RPath,1611,2.0,4.0,0.004,8.0,0.008,0.09259259259259259,1.0,0.004,86.4,32,2,2,2.0,sidewalks,81.707,CON,1,2,2,1,2,0,1,2,0,0,0,0,0,0,0,0,0,0,0,0,0,0,0,0,0,5,0,2,0,0,0,0,0,0,1,0,0,0,0,0,0,0,0,0,0,0,0,0,0,0,1,0,0,0,0,0,0,1,0,0,0,0,0,0,0,0,0,0,0,0,0,0,0,0,0,0,0,0,0,0,0,0,0,3,1,1,1,0,0,0,0,0,0,0,0,0,5,0,0.017,,,,0.017,,,,,,,,,,,,,,,,,,,,,,,,,,,,,,0,1.0,0.004,86.4,8.0
726,Medium,RPath,1373,2.0,4.0,0.0,8.0,0.0,0.10101010101010101,1.0,0.0,79.2,42,2,2,2.0,walkways,79.237,HMAC,1,2,2,1,0,0,0,0,0,0,0,0,1,0,0,0,0,0,0,0,0,0,0,0,0,0,0,2,0,0,0,0,0,0,1,2,2,0,0,0,0,0,0,0,0,0,0,0,0,0,1,2,2,0,0,0,0,1,0,0,0,0,0,0,0,0,0,0,0,0,0,0,0,1,2,0,1,2,0,0,0,0,5,3,1,1,1,0,0,0,0,0,0,0,0,0,5,0,0.0,,,,,,,,,,,,,,,,,,,,,,,,,,,,,,,,,,0,1.0,0.0,79.2,8.0
727,Medium,RPath,1374,2.0,4.0,0.0,8.0,0.0,0.09216589861751152,1.0,0.0,86.8,38,2,2,2.0,walkways,86.767,HMAC,1,2,2,0,0,0,0,0,0,1,0,0,1,0,0,0,0,0,0,0,0,0,0,0,0,5,0,2,0,0,0,0,0,0,1,2,0,0,0,0,0,0,0,0,0,0,0,0,0,0,1,2,0,0,0,0,0,1,0,0,0,0,0,0,0,0,0,0,0,0,0,0,0,1,2,0,1,2,0,0,0,0,0,3,1,1,1,0,0,0,0,0,0,0,0,0,5,0,0.0,,,,,,,,,,,,,,,,,,,,,,,,,,,,,,,,,,0,1.0,0.0,86.8,8.0
728,Medium,RPath,1388,2.0,4.0,0.0,8.0,0.0,0.10062893081761007,1.0,0.0,79.5,46,3,2,2.0,walkways,79.508,HMAC,1,2,0,1,2,0,0,0,0,0,0,0,1,2,0,1,0,0,0,0,0,0,0,0,0,0,0,2,0,0,0,0,0,0,1,2,2,0,0,0,0,0,0,0,1,0,0,0,0,0,1,2,0,0,0,0,0,1,0,0,0,0,0,0,0,0,0,0,0,0,1,2,0,1,2,0,1,2,2,0,0,0,5,3,0,0,0,0,0,0,0,0,0,0,0,0,5,0,0.0,,,,,,,,,,,,,,,,,,,,,,,,,,,,,,,,,,0,1.0,0.0,79.5,8.0
729,Medium,RPath,1389,2.0,4.0,0.0,8.0,0.0,0.09269988412514485,1.0,0.0,86.3,42,2,2,2.0,walkways,86.312,HMAC,1,2,2,1,0,0,1,0,0,0,0,0,1,2,0,1,2,0,0,0,0,0,0,0,0,5,0,2,0,0,0,0,0,0,1,2,0,0,0,0,0,0,0,0,0,0,0,0,0,0,1,2,0,0,0,0,0,1,0,0,0,0,0,0,0,0,0,0,0,0,0,0,0,1,2,0,1,2,0,0,0,0,0,3,0,1,0,0,0,0,0,0,0,0,0,0,5,0,0.0,,,,,,,,,,,,,,,,,,,,,,,,,,,,,,,,,,0,1.0,0.0,86.3,8.0
730,Medium,RPath,1402,2.0,4.0,0.0,8.0,0.0,0.07547169811320754,1.0,0.0,106.0,48,3,2,2.0,walkways,104.732,SS,1,2,2,1,2,2,1,2,0,0,0,0,0,0,0,0,0,0,0,0,0,0,0,0,0,5,0,0,0,0,0,0,0,0,1,2,0,0,0,0,0,0,0,5,0,0,0,0,0,0,1,2,0,0,0,0,3,1,0,0,0,0,0,0,0,0,0,0,0,0,1,0,0,0,0,0,1,2,0,0,0,0,0,3,1,1,1,0,0,0,0,0,0,0,0,0,5,0,0.0,,,,,,,,,,,,,,,,,,,,,,,,,,,,,,,,,,0,1.0,0.0,106.0,8.0
731,Medium,RPath,1406,2.0,4.0,0.008,8.0,0.016,0.1639344262295082,1.0,0.008,48.8,36,2,2,2.0,walkways,48.754,HMAC,1,2,0,1,0,0,1,0,0,0,0,0,1,2,2,0,0,0,0,0,0,0,0,0,0,5,0,2,0,0,0,0,0,0,0,0,0,0,0,0,0,0,0,0,0,0,0,0,0,0,1,2,0,0,0,0,0,1,0,0,0,0,0,0,0,0,0,0,0,0,0,0,0,1,2,0,1,2,0,0,0,0,0,3,1,0,0,0,0,0,0,0,0,0,0,0,5,0,0.031,,,,0.031,,,,,,,,,,,,,,,,,,,,,,,,,,,,,,0,1.0,0.008,48.8,8.0
732,Medium,RPath,1424,2.0,4.0,0.0,8.0,0.0,0.0947867298578199,1.0,0.0,84.4,48,3,2,2.0,walkways,83.706,SS,1,2,2,1,2,0,1,0,0,0,0,0,1,0,0,1,2,2,0,0,0,0,0,0,0,5,0,2,0,0,0,0,0,0,1,2,2,0,0,0,0,0,0,0,1,2,0,0,1,0,1,2,0,0,0,0,0,1,0,0,0,0,0,0,1,0,0,0,0,0,0,0,0,1,2,0,1,0,0,0,0,0,0,3,0,0,0,0,0,0,0,0,0,0,0,0,5,0,0.0,,,,,,,,,,,,,,,,,,,,,,,,,,,,,,,,,,0,1.0,0.0,84.4,8.0
733,Medium,RPath,1436,2.0,4.0,0.0,8.0,0.0,0.08908685968819599,1.0,0.0,89.8,48,3,2,2.0,walkways,89.798,HMAC,1,2,0,1,2,0,1,2,0,0,0,0,1,2,2,1,2,2,0,0,0,0,0,0,0,0,0,2,0,0,0,0,0,0,1,2,0,0,0,0,0,0,0,0,1,0,0,0,1,1,1,2,2,0,0,0,0,1,0,0,0,0,0,0,0,0,0,0,0,0,0,0,0,1,2,2,1,0,0,0,0,0,0,3,1,0,0,0,0,0,0,0,0,0,0,0,5,0,0.0,,,,,,,,,,,,,,,,,,,,,,,,,,,,,,,,,,0,1.0,0.0,89.8,8.0
734,Medium,RPath,1439,2.0,4.0,0.0,8.0,0.0,0.19753086419753085,1.0,0.0,40.5,47,3,2,2.0,walkways,41.331,SS,1,2,0,1,2,0,0,0,0,0,0,0,1,2,0,1,2,0,0,0,0,0,0,0,0,0,0,2,0,0,0,1,0,0,1,2,0,0,0,0,0,0,0,5,1,2,0,0,1,0,1,2,0,0,0,0,0,1,0,0,0,0,0,0,0,0,0,0,0,0,0,0,0,1,2,0,1,2,0,0,0,0,5,0,0,0,0,0,0,0,0,0,0,0,0,0,5,0,0.0,,,,,,,,,,,,,,,,,,,,,,,,,,,,,,,,,,0,1.0,0.0,40.5,8.0
735,Medium,RPath,1440,2.0,4.0,0.0,8.0,0.0,0.1932367149758454,1.0,0.0,41.4,43,2,2,2.0,walkways,41.289,SS,1,0,0,1,2,0,0,0,0,0,0,0,1,2,0,1,2,0,0,0,0,0,0,0,0,0,0,2,0,0,0,1,0,0,1,2,0,0,0,0,0,0,0,5,1,0,0,0,1,0,1,2,0,0,0,0,0,1,0,0,0,0,0,0,0,0,0,0,0,0,0,0,0,1,2,0,1,2,0,0,0,0,5,0,0,0,0,0,0,0,0,0,0,0,0,0,5,0,0.0,,,,,,,,,,,,,,,,,,,,,,,,,,,,,,,,,,0,1.0,0.0,41.4,8.0
736,Medium,RPath,1445,2.0,4.0,0.0,8.0,0.0,0.2359882005899705,1.0,0.0,33.9,36,2,2,2.0,walkways,33.949,HMAC,1,2,0,1,0,0,0,0,0,0,0,0,1,2,2,0,0,0,0,0,0,0,0,0,0,5,0,2,0,0,0,0,0,0,1,2,2,0,0,0,0,0,0,0,0,0,0,0,0,0,0,0,0,0,0,0,0,1,0,0,0,0,0,0,0,0,0,0,0,0,0,0,0,1,2,0,1,2,0,0,0,0,0,3,0,0,0,0,0,0,0,0,0,0,0,0,5,0,0.0,,,,,,,,,,,,,,,,,,,,,,,,,,,,,,,,,,0,1.0,0.0,33.9,8.0
737,Medium,RPath,1468,2.0,4.0,0.0,8.0,0.0,0.2127659574468085,1.0,0.0,37.6,44,2,2,2.0,walkways,37.558,HMAC,1,2,2,1,2,2,1,2,2,1,0,0,1,0,0,0,0,0,0,0,0,0,0,0,0,5,0,2,0,0,0,0,0,0,0,0,0,0,0,0,0,0,0,0,0,0,0,0,1,1,1,2,2,0,0,0,0,1,0,0,0,0,0,0,0,0,0,0,0,0,0,0,0,1,2,0,1,0,0,0,0,0,0,0,1,1,1,0,0,0,0,0,0,0,0,0,5,0,0.0,,,,,,,,,,,,,,,,,,,,,,,,,,,,,,,,,,0,1.0,0.0,37.6,8.0
738,Medium,RPath,1469,2.0,4.0,0.0,8.0,0.0,0.12841091492776888,1.0,0.0,62.3,48,3,2,2.0,walkways,62.291,SS,1,2,2,1,2,2,1,2,2,1,0,0,1,0,0,0,0,0,0,0,0,0,0,0,0,5,0,2,0,0,0,0,0,0,0,0,0,0,0,0,0,0,0,0,0,0,0,0,1,0,1,2,2,0,0,0,0,1,0,0,0,0,0,0,0,0,0,0,0,0,0,0,0,1,2,0,1,2,0,0,0,0,0,3,1,1,1,0,0,0,0,0,0,0,0,0,5,0,0.0,,,,,,,,,,,,,,,,,,,,,,,,,,,,,,,,,,0,1.0,0.0,62.3,8.0
739,Medium,RPath,1478,2.0,4.0,0.0,8.0,0.0,0.10309278350515465,1.0,0.0,77.6,32,2,2,2.0,walkways,77.581,SS,1,2,2,1,0,0,1,0,0,0,0,0,1,2,0,0,0,0,0,0,0,0,0,0,0,0,0,2,0,0,0,0,0,0,0,0,0,0,0,0,0,0,0,0,0,0,0,0,1,0,1,2,2,0,0,0,3,1,0,0,0,0,0,0,0,0,0,0,0,0,0,0,0,1,0,0,1,0,0,0,0,0,0,3,0,0,0,0,0,0,0,0,0,0,0,0,5,0,0.0,,,,,,,,,,,,,,,,,,,,,,,,,,,,,,,,,,0,1.0,0.0,77.6,8.0
740,Medium,RPath,1489,2.0,4.0,0.0,8.0,0.0,0.05420054200542006,1.0,0.0,147.6,37,2,2,2.0,walkways,147.643,HMAC,1,2,2,1,2,0,1,2,0,0,0,0,0,0,0,0,0,0,0,0,0,0,0,0,0,5,0,2,0,0,0,0,0,0,0,0,0,0,0,0,0,0,0,0,0,0,0,0,0,0,1,0,0,0,0,0,0,1,0,0,0,0,0,0,0,0,0,0,0,0,0,0,0,1,2,0,1,0,0,0,0,0,5,0,1,1,1,0,0,0,0,0,0,0,0,0,5,0,0.0,,,,,,,,,,,,,,,,,,,,,,,,,,,,,,,,,,0,1.0,0.0,147.6,8.0
741,Medium,RPath,1494,2.0,4.0,0.0,8.0,0.0,0.17316017316017315,1.0,0.0,46.2,33,2,2,2.0,walkways,46.211,HMAC,1,2,2,1,0,0,1,0,0,0,0,0,1,2,0,0,0,0,0,0,0,0,0,0,0,5,0,2,0,0,0,0,0,0,0,0,0,0,0,0,0,0,0,0,0,0,0,0,1,0,1,2,0,0,0,0,0,1,0,0,0,0,0,0,1,0,0,0,0,0,0,0,0,1,0,0,1,0,0,0,0,0,0,0,1,1,1,0,0,0,0,0,0,0,0,0,5,0,0.0,,,,,,,,,,,,,,,,,,,,,,,,,,,,,,,,,,0,1.0,0.0,46.2,8.0
742,Medium,RPath,1510,2.0,4.0,0.0,8.0,0.0,0.19851116625310175,1.0,0.0,40.3,45,2,2,2.0,walkways,40.342,SS,1,2,2,0,0,0,0,0,0,0,0,0,1,2,2,1,2,0,0,0,0,0,0,0,0,5,0,2,0,0,0,0,0,0,1,2,2,0,0,0,0,0,0,0,1,0,0,0,0,0,1,2,0,0,0,0,0,1,0,0,0,0,0,0,0,0,0,0,0,0,0,0,0,0,0,0,1,2,0,0,0,0,0,3,1,1,0,1,0,0,0,0,0,1,0,0,5,0,0.0,,,,,,,,,,,,,,,,,,,,,,,,,,,,,,,,,,0,1.0,0.0,40.3,8.0
743,Medium,RPath,1535,2.0,4.0,0.0,8.0,0.0,0.1932367149758454,1.0,0.0,41.4,33,2,2,2.0,walkways,41.402,HMAC,1,2,2,0,0,0,0,0,0,0,0,0,0,0,0,0,0,0,0,0,0,0,0,0,0,5,0,2,0,0,0,0,0,0,1,0,0,0,0,0,0,0,0,0,1,0,0,0,0,0,1,2,0,0,0,0,0,1,0,0,0,0,0,0,0,0,0,0,0,0,0,0,0,1,0,0,0,0,0,0,0,0,0,3,1,1,1,0,0,0,0,0,0,0,0,0,5,3,0.0,,,,,,,,,,,,,,,,,,,,,,,,,,,,,,,,,,0,1.0,0.0,41.4,8.0
744,Medium,RPath,1603,2.0,4.0,0.0,8.0,0.0,0.2127659574468085,1.0,0.0,37.6,46,3,2,2.0,walkways,37.644,SS,1,2,2,1,2,0,1,2,0,1,0,0,1,2,0,0,0,0,0,0,0,0,0,0,0,5,0,2,0,0,0,0,0,0,1,2,2,0,0,0,0,0,0,0,0,0,0,0,0,0,1,2,0,0,0,0,0,1,0,0,0,0,0,0,0,0,0,0,0,0,0,0,0,0,0,0,1,0,0,0,0,0,5,3,0,1,0,0,0,0,0,0,0,0,0,0,5,0,0.0,,,,,,,,,,,,,,,,,,,,,,,,,,,,,,,,,,0,1.0,0.0,37.6,8.0
745,Medium,RPath,2,3.0,2.0,0.241,6.0,0.723,0.03541912632821723,3.0,0.241,169.4,53,3,3,9.0,sidewalks,169.426,CON,1,2,2,1,2,2,1,2,2,1,0,0,1,0,0,0,0,0,0,0,0,0,0,0,0,0,0,2,0,0,0,0,0,0,1,2,2,0,0,0,0,0,0,5,0,0,0,0,0,0,1,2,0,0,0,0,3,1,0,0,0,0,0,0,1,0,0,0,0,0,1,0,0,1,0,0,1,2,0,0,0,0,0,3,1,1,1,0,0,0,0,0,0,0,0,0,5,0,0.257,,,0.027,0.009,0.204,,,,,,,,,,,,0.018,,,,,,,,,,,,,,,,,0,3.0,0.241,169.4,6.0
746,Medium,RPath,42,3.0,2.0,0.136,6.0,0.40800000000000003,0.06382978723404255,3.0,0.136,94.0,50,3,3,9.0,sidewalks,89.218,HMAC,1,0,0,0,0,0,1,0,0,1,0,0,1,2,2,0,0,0,0,0,0,0,0,0,5,5,0,2,0,0,0,0,0,0,1,2,2,0,0,0,0,0,0,0,1,0,0,0,0,0,1,2,2,0,5,0,0,1,0,0,0,0,0,0,0,0,0,0,0,0,0,0,0,0,0,0,0,0,0,0,0,0,0,0,1,1,1,1,2,2,0,0,0,0,0,0,5,0,0.255,,,,0.16,0.064,,,,,,,,,,,0.032,,,,,,,,,,,,,,,,,,0,3.0,0.136,94.0,6.0
747,Medium,RPath,52,3.0,2.0,0.108,6.0,0.324,0.0860832137733142,3.0,0.108,69.7,51,3,3,9.0,sidewalks,69.715,HMAC,1,2,2,1,0,0,0,0,0,0,0,0,1,2,2,0,0,0,0,0,0,0,0,0,0,5,0,2,0,0,0,0,0,0,1,2,2,0,0,0,0,0,0,0,1,0,0,0,0,0,1,0,0,0,0,0,3,1,0,0,0,0,0,0,0,0,0,0,0,0,0,0,0,1,2,0,1,0,0,1,0,0,5,3,1,1,1,0,0,0,1,0,0,0,0,0,5,0,0.108,,,,,0.108,,,,,,,,,,,,,,,,,,,,,,,,,,,,,0,3.0,0.108,69.7,6.0
748,Medium,RPath,64,3.0,2.0,0.209,6.0,0.627,0.038860103626943004,3.0,0.209,154.4,66,4,3,9.0,sidewalks,152.45,HMAC,1,2,0,1,0,0,1,0,0,0,0,0,1,2,0,0,0,0,0,0,0,0,0,0,5,0,0,2,0,0,0,0,0,0,1,2,2,0,0,0,0,0,0,5,1,2,0,0,0,0,1,2,2,0,0,0,3,1,0,0,0,0,0,0,1,2,2,1,2,0,1,2,0,1,0,0,1,2,0,0,0,0,5,3,1,0,0,0,0,0,0,0,0,0,0,0,5,0,0.282,,,0.029,0.078,0.126,,,,,,,0.01,,,0.019,,0.01,0.01,,,,,,,,,,,,,,,,0,3.0,0.209,154.4,6.0
749,Medium,RPath,75,3.0,2.0,0.184,6.0,0.552,0.08163265306122448,3.0,0.184,73.5,52,3,3,9.0,sidewalks,78.946,HMAC,1,2,0,1,2,0,1,2,0,0,0,0,1,0,0,1,2,0,0,0,0,0,0,0,0,0,0,2,0,0,0,0,0,0,1,2,2,0,0,0,0,0,0,0,1,0,0,0,1,1,1,2,2,5,0,4,0,1,0,0,0,0,0,0,0,0,0,0,0,0,0,0,0,1,2,0,1,2,0,0,0,0,0,3,0,0,0,0,0,0,0,0,0,0,0,0,5,0,0.367,,,,0.245,0.122,,,,,,,,,,,,,,,,,,,,,,,,,,,,,0,3.0,0.184,73.5,6.0
750,Medium,RPath,115,3.0,2.0,0.225,6.0,0.675,0.041811846689895474,3.0,0.225,143.5,54,3,3,9.0,sidewalks,143.549,CON,1,2,2,1,2,0,0,0,0,0,0,0,1,2,0,1,2,0,0,0,0,0,0,0,0,5,0,2,0,0,0,0,0,0,1,0,0,0,0,0,0,0,0,5,0,0,0,0,0,0,1,2,2,0,0,0,0,1,0,0,0,0,0,0,1,0,0,0,0,0,0,0,0,1,0,0,1,2,0,0,0,0,0,3,1,1,1,1,2,2,0,0,0,0,0,0,5,0,0.23,,,,,0.115,,,0.021,,0.031,,,,0.042,0.01,0.01,,,,,,,,,,,,,,,,,,0,3.0,0.225,143.5,6.0
751,Medium,RPath,116,3.0,2.0,0.231,6.0,0.6930000000000001,0.033351862145636464,3.0,0.231,179.9,58,3,3,9.0,sidewalks,179.91,CON,1,2,2,1,2,0,0,0,0,0,0,0,1,2,0,1,2,0,0,0,0,0,0,0,0,5,0,2,1,0,0,0,0,0,1,2,0,0,0,0,0,0,0,5,1,0,0,0,0,0,1,2,2,0,0,0,0,1,0,0,0,0,0,0,1,0,0,0,0,0,0,0,0,1,2,0,1,2,0,0,0,0,0,3,1,1,1,1,2,0,0,0,0,0,0,0,5,0,0.417,,,0.008,0.175,0.042,,,0.033,,0.017,,,0.05,0.05,0.033,0.008,,,,,,,,,,,,,,,,,,0,3.0,0.231,179.9,6.0
752,Medium,RPath,119,3.0,2.0,0.208,6.0,0.624,0.028422548555187117,3.0,0.208,211.1,57,3,3,9.0,sidewalks,211.074,CON,1,2,2,1,2,2,0,0,0,0,0,0,1,2,0,0,0,0,0,0,0,0,0,0,0,5,0,2,0,0,0,0,0,0,0,0,0,0,0,0,0,0,0,5,0,0,0,0,0,0,1,2,0,5,0,0,3,1,1,0,0,0,0,0,0,0,0,0,0,0,0,0,0,1,2,0,1,2,0,0,0,0,0,3,1,0,1,1,2,0,0,0,0,0,0,0,5,0,0.263,,,,0.021,0.078,,,0.014,,0.028,,,,,0.071,0.043,0.007,,,,,,,,,,,,,,,,,0,3.0,0.208,211.1,6.0
753,Medium,RPath,132,3.0,2.0,0.129,6.0,0.387,0.023649980291683092,3.0,0.129,253.7,58,3,3,9.0,sidewalks,252.698,HMAC,1,2,2,1,0,0,1,0,0,1,0,0,1,2,0,1,2,0,0,0,0,0,0,0,0,0,0,2,0,0,0,1,0,0,1,2,2,0,0,0,1,0,0,0,0,0,0,0,0,0,1,2,2,5,5,0,3,0,0,0,0,0,0,0,0,0,0,0,0,0,0,0,0,1,2,2,0,0,0,0,0,0,0,3,1,1,1,1,0,0,0,0,0,0,0,0,5,0,0.443,,,,0.396,0.024,,,,,,0.024,,,,,,,,,,,,,,,,,,,,,,,0,3.0,0.129,253.7,6.0
754,Medium,RPath,159,3.0,2.0,0.119,6.0,0.357,0.08298755186721991,3.0,0.119,72.3,56,3,3,9.0,sidewalks,77.108,HMAC,1,2,0,1,0,0,1,0,0,0,0,0,1,2,2,1,2,2,0,0,0,0,0,0,0,0,0,2,0,0,0,0,0,0,1,2,2,0,0,0,0,0,0,0,0,0,0,0,0,0,1,2,0,5,5,0,0,1,0,0,0,0,0,0,0,0,0,0,0,0,1,0,0,1,2,2,1,0,0,0,0,0,5,3,0,0,0,0,0,0,0,0,0,0,0,0,5,0,0.415,,,,0.394,0.021,,,,,,,,,,,,,,,,,,,,,,,,,,,,,0,3.0,0.119,72.3,6.0
755,Medium,RPath,162,3.0,2.0,0.176,6.0,0.528,0.051194539249146756,3.0,0.176,117.2,50,3,3,9.0,sidewalks,121.234,HMAC,1,2,2,1,0,0,1,0,0,0,0,0,1,2,0,1,0,0,0,0,0,0,0,0,0,0,0,2,0,0,0,0,0,0,1,2,2,0,0,0,0,0,0,0,1,0,0,0,0,0,1,2,2,5,0,4,0,1,0,0,0,0,0,0,0,0,0,0,0,0,0,0,0,1,2,0,1,2,2,0,0,0,0,3,0,0,0,0,0,0,0,0,0,0,0,0,5,0,0.243,0.051,,,0.09,0.102,,,,,,,,,,,,,,,,,,,,,,,,,,,,,0,3.0,0.176,117.2,6.0
756,Medium,RPath,164,3.0,2.0,0.132,6.0,0.396,0.07281553398058252,3.0,0.132,82.4,58,3,3,9.0,sidewalks,84.241,HMAC,1,2,2,1,2,0,1,2,0,0,0,0,1,2,0,1,2,0,0,0,0,0,0,0,0,0,0,2,0,0,0,0,0,0,1,2,2,0,0,0,0,0,0,0,1,2,0,0,0,0,1,2,2,5,0,4,0,1,0,0,0,0,0,0,0,0,0,0,0,0,0,0,0,1,2,0,1,2,2,0,0,0,0,3,0,0,0,0,0,0,0,0,0,0,0,0,5,0,0.4,,,,0.346,0.036,,,,,,,,,,0.018,,,,,,,,,,,,,,,,,,,0,3.0,0.132,82.4,6.0
757,Medium,RPath,179,3.0,2.0,0.146,6.0,0.43799999999999994,0.1171875,3.0,0.146,51.2,55,3,3,9.0,sidewalks,50.166,HMAC,1,2,2,1,2,0,1,2,0,0,0,0,1,2,0,0,0,0,0,0,0,0,0,0,0,5,0,2,0,0,0,0,0,0,0,0,0,0,0,0,0,0,0,0,0,0,0,0,0,0,1,2,2,5,0,4,3,1,0,0,0,0,0,0,0,0,0,0,0,0,0,0,0,1,2,0,1,2,2,0,0,0,0,3,0,0,0,0,0,0,0,0,0,0,0,0,5,0,0.41,,,,0.351,0.059,,,,,,,,,,,,,,,,,,,,,,,,,,,,,0,3.0,0.146,51.2,6.0
758,Medium,RPath,200,3.0,2.0,0.123,6.0,0.369,0.021223912274495934,3.0,0.123,282.7,53,3,3,9.0,sidewalks,280.476,HMAC,1,2,2,1,0,0,1,0,0,1,0,0,1,2,2,1,0,0,0,0,0,0,0,0,0,0,0,2,0,0,0,0,0,0,1,2,2,0,0,0,0,0,0,0,0,0,0,0,0,0,1,2,2,5,0,4,0,0,0,0,0,0,0,0,0,0,0,0,0,0,1,0,0,1,0,0,1,2,0,0,0,0,5,3,0,0,0,0,0,0,0,0,0,0,0,0,5,0,0.366,0.005,,,0.324,0.037,,,,,,,,,,,,,,,,,,,,,,,,,,,,,0,3.0,0.123,282.7,6.0
759,Medium,RPath,206,3.0,2.0,0.201,6.0,0.603,0.18927444794952683,3.0,0.201,31.7,62,3,3,9.0,sidewalks,31.683,CON,1,2,2,1,2,2,1,0,0,0,0,0,0,0,0,1,0,0,0,0,0,0,0,0,0,5,0,0,0,0,0,0,0,0,1,2,2,0,0,0,0,0,0,0,0,0,0,0,1,1,1,2,2,5,5,0,0,1,0,0,0,0,0,0,0,0,0,0,0,0,0,0,0,0,0,0,1,2,2,0,0,0,5,0,1,1,1,1,0,0,1,2,0,0,0,0,5,0,0.237,,,,0.047,0.189,,,,,,,,,,,,,,,,,,,,,,,,,,,,,0,3.0,0.201,31.7,6.0
760,Medium,RPath,229,3.0,2.0,0.175,6.0,0.5249999999999999,0.17543859649122806,3.0,0.175,34.2,64,4,3,9.0,sidewalks,31.46,HMAC,1,2,2,1,0,0,1,0,0,0,0,0,1,2,0,0,0,0,0,0,0,0,0,0,0,5,0,2,0,0,0,0,0,0,1,2,2,0,0,0,0,0,0,5,0,0,0,0,0,0,1,2,2,0,0,0,3,1,0,0,0,0,0,0,1,2,0,1,0,0,1,2,2,1,2,0,1,2,2,0,0,0,5,0,1,0,0,0,0,0,0,0,0,0,0,0,5,0,0.175,,,,,0.175,,,,,,,,,,,,,,,,,,,,,,,,,,,,,0,3.0,0.175,34.2,6.0
761,Medium,RPath,239,3.0,2.0,0.131,6.0,0.393,0.031331592689295036,3.0,0.131,191.5,51,3,3,9.0,sidewalks,191.514,CON,1,2,0,1,2,0,1,2,0,0,0,0,1,2,0,1,2,0,0,0,0,0,0,0,0,0,0,2,0,0,0,1,0,0,1,0,0,0,0,0,0,0,0,5,1,0,0,0,0,0,1,2,2,0,0,0,0,1,0,0,0,0,0,0,0,0,0,0,0,0,0,0,0,1,0,0,1,2,2,0,0,0,5,3,1,0,0,0,0,0,0,0,0,0,0,0,5,0,0.196,,,0.016,0.055,0.063,,,,,,,,,,,0.016,0.047,,,,,,,,,,,,,,,,,0,3.0,0.131,191.5,6.0
762,Medium,RPath,258,3.0,2.0,0.108,6.0,0.324,0.06172839506172839,3.0,0.108,97.2,57,3,3,9.0,sidewalks,95.978,CON,1,2,2,1,2,2,1,2,2,0,0,0,1,2,0,0,0,0,0,0,0,0,0,0,0,0,0,2,0,0,0,0,0,0,0,0,0,0,0,0,0,0,0,0,0,0,0,0,1,1,1,2,2,0,0,0,3,1,0,0,0,0,0,0,0,0,0,0,0,0,0,0,0,1,2,2,1,2,2,0,0,0,5,3,1,1,1,0,0,0,0,0,0,0,0,0,5,0,0.108,,,,,0.108,,,,,,,,,,,,,,,,,,,,,,,,,,,,,0,3.0,0.108,97.2,6.0
763,Medium,RPath,268,3.0,2.0,0.115,6.0,0.34500000000000003,0.06141248720573183,3.0,0.115,97.7,56,3,3,9.0,sidewalks,95.756,HMAC,1,0,0,0,0,0,0,0,0,0,0,0,1,2,2,0,0,0,0,0,0,0,0,0,0,0,3,0,1,2,2,0,0,0,0,0,0,0,0,0,0,0,0,0,1,2,0,0,0,0,1,2,0,0,5,0,3,1,1,2,0,1,0,0,1,2,0,0,0,0,0,0,0,1,0,0,1,2,2,1,0,0,0,0,1,1,1,1,2,2,0,0,0,0,0,0,5,0,0.353,,,,0.276,0.031,,,,0.031,,,,,,,,0.015,,,,,,,,,,,,,,,,,0,3.0,0.115,97.7,6.0
764,Medium,RPath,269,3.0,2.0,0.222,6.0,0.666,0.06237006237006237,3.0,0.222,96.2,52,3,3,9.0,sidewalks,96.706,HMAC,1,2,0,0,0,0,0,0,0,0,0,0,1,2,0,1,0,0,0,0,0,0,0,0,0,0,3,0,1,2,2,0,0,0,1,0,0,0,0,0,0,0,0,0,1,2,0,0,0,0,1,2,0,0,5,0,0,1,1,0,0,0,0,0,1,2,2,0,0,0,0,0,0,1,0,0,1,2,2,1,0,0,0,0,1,1,1,1,2,0,0,0,0,0,0,0,5,0,0.421,,,0.016,0.265,0.125,,,,,,,,,,,0.016,,,,,,,,,,,,,,,,,,0,3.0,0.222,96.2,6.0
765,Medium,RPath,313,3.0,2.0,0.106,6.0,0.318,0.07075471698113207,3.0,0.106,84.8,63,3,3,9.0,sidewalks,84.781,HMAC,1,2,0,1,2,0,0,0,0,1,0,0,1,2,2,0,0,0,0,0,0,0,0,0,0,0,0,2,0,0,0,1,0,0,1,0,0,0,0,0,0,0,0,5,1,2,0,0,1,1,1,2,2,5,0,0,3,1,0,0,0,0,0,0,1,0,0,0,0,0,0,0,0,1,2,0,1,2,2,0,0,0,5,3,1,0,0,0,0,0,0,0,0,0,0,0,5,0,0.265,0.035,,,0.212,0.018,,,,,,,,,,,,,,,,,,,,,,,,,,,,,0,3.0,0.106,84.8,6.0
766,Medium,RPath,329,3.0,2.0,0.214,6.0,0.642,0.025041736227045076,3.0,0.214,239.6,51,3,3,9.0,sidewalks,239.634,HMAC,1,2,0,1,0,0,0,0,0,0,0,0,1,2,2,0,0,0,0,0,0,0,0,0,0,0,0,2,0,0,0,0,0,0,1,2,0,0,0,0,0,0,0,0,0,0,0,0,1,1,1,2,2,5,0,0,3,1,0,0,0,0,0,0,0,0,0,0,0,0,0,0,0,0,0,0,1,2,2,0,0,0,5,3,1,1,1,0,0,0,0,0,0,0,0,0,5,0,0.388,,,,0.144,0.094,,,,0.013,,,,0.063,0.038,0.006,0.019,0.013,,,,,,,,,,,,,,,,,0,3.0,0.214,239.6,6.0
767,Medium,RPath,338,3.0,2.0,0.105,6.0,0.315,0.06976744186046512,3.0,0.105,86.0,53,3,3,9.0,sidewalks,80.507,HMAC,1,2,2,1,2,0,0,0,0,0,0,0,1,2,2,0,0,0,0,0,0,0,0,0,0,5,0,2,0,0,0,0,0,0,1,2,2,0,0,0,0,0,0,0,0,0,0,0,1,1,1,2,2,5,5,0,3,0,0,0,0,0,0,0,0,0,0,0,0,0,0,0,0,1,0,0,0,0,0,0,0,0,0,0,1,1,0,0,0,0,0,0,0,0,0,0,5,0,0.122,,,,,0.07,,,,,,,,,,0.035,,,0.017,,,,,,,,,,,,,,,,0,3.0,0.105,86.0,6.0
768,Medium,RPath,370,3.0,2.0,0.216,6.0,0.648,0.01822600243013366,3.0,0.216,329.2,65,4,3,9.0,sidewalks,329.056,HMAC,1,2,0,1,0,0,1,2,0,1,2,0,1,2,2,0,0,0,0,0,0,0,0,0,5,5,0,2,0,0,0,0,0,0,1,2,2,0,0,0,0,0,0,0,1,2,2,0,0,0,1,2,2,0,5,0,0,1,0,0,0,0,0,0,0,0,0,0,0,0,0,0,0,1,0,0,0,0,0,0,0,0,0,3,1,1,1,1,2,2,0,0,0,0,0,0,5,0,0.305,,,,0.096,0.164,,,,,,,0.009,0.014,,0.009,0.009,0.005,,,,,,,,,,,,,,,,,0,3.0,0.216,329.2,6.0
769,Medium,RPath,379,3.0,2.0,0.128,6.0,0.384,0.03426613363792119,3.0,0.128,175.1,62,3,3,9.0,sidewalks,173.635,CON,1,2,2,1,0,0,0,0,0,0,0,0,1,2,2,0,0,0,0,0,0,0,0,0,5,0,0,0,0,0,0,1,2,2,1,2,0,1,0,0,1,2,2,0,1,2,0,0,1,1,1,2,2,5,5,0,0,0,1,0,0,0,0,0,0,0,0,0,0,0,0,0,0,0,0,0,1,2,0,0,0,0,0,0,1,1,1,0,0,0,0,0,0,0,0,0,5,0,0.197,,,,0.086,0.094,,,,,,,,,,0.009,0.009,,,,,,,,,,,,,,,,,,1,3.0,0.128,175.1,16.0
770,Medium,RPath,380,3.0,2.0,0.142,6.0,0.42599999999999993,0.05405405405405406,3.0,0.142,111.0,60,3,3,9.0,sidewalks,110.996,CON,1,2,2,1,0,0,1,0,0,0,0,0,1,0,0,1,0,0,0,0,0,0,0,0,5,0,0,0,0,0,0,1,2,0,1,2,2,0,0,0,1,2,2,0,1,2,0,0,1,0,1,2,2,0,0,4,0,1,0,0,0,0,0,0,0,0,0,0,0,0,0,0,0,1,2,0,1,2,2,0,0,0,0,3,1,1,1,0,0,0,0,0,0,0,0,0,5,0,0.203,,,,0.041,0.108,,,,,,,,0.014,,0.041,,,,,,,,,,,,,,,,,,,1,3.0,0.142,111.0,16.0
771,Medium,RPath,381,3.0,2.0,0.171,6.0,0.513,0.0487408610885459,3.0,0.171,123.1,63,3,3,9.0,sidewalks,118.334,CON,1,2,2,1,0,0,1,0,0,0,0,0,1,0,0,0,0,0,0,0,0,0,0,0,5,0,0,0,0,0,0,1,2,0,1,2,2,1,0,0,1,2,2,0,1,0,0,0,1,0,1,2,2,5,0,4,0,1,0,0,0,0,0,0,0,0,0,0,0,0,0,0,0,1,2,0,1,2,2,0,0,0,0,3,1,1,1,0,0,0,0,0,0,0,0,0,5,0,0.207,,,,0.049,0.158,,,,,,,,,,,,,,,,,,,,,,,,,,,,,1,3.0,0.171,123.1,16.0
772,Medium,RPath,382,3.0,2.0,0.124,6.0,0.372,0.07352941176470588,3.0,0.124,81.6,52,3,3,9.0,sidewalks,80.457,HMAC,1,2,2,1,0,0,1,0,0,1,0,0,1,0,0,0,0,0,0,0,0,0,0,0,5,0,3,0,0,0,0,0,0,0,1,2,2,0,0,0,0,0,0,0,0,0,0,0,0,0,1,2,2,0,5,0,0,1,0,0,0,0,0,0,0,0,0,0,0,0,0,0,0,1,2,0,1,2,0,0,0,0,5,0,1,1,1,0,0,0,0,0,0,0,0,0,5,0,0.276,,,,0.202,0.055,,,,,,,,,,,0.018,,,,,,,,,,,,,,,,,,0,3.0,0.124,81.6,6.0
773,Medium,RPath,388,3.0,2.0,0.184,6.0,0.552,0.07352941176470588,3.0,0.184,81.6,63,3,3,9.0,sidewalks,83.791,HMAC,1,2,2,1,0,0,1,2,0,1,2,2,1,2,2,0,0,0,0,0,0,0,0,0,5,0,0,0,0,0,0,0,0,0,1,2,2,0,0,0,0,0,0,0,1,2,0,0,0,0,1,2,2,0,5,0,0,1,0,0,0,0,0,0,0,0,0,0,0,0,0,0,0,1,2,2,1,2,0,0,0,0,0,3,1,1,1,1,0,0,0,0,0,0,0,0,5,0,0.331,,,,0.074,0.129,,0.018,,,,0.018,,0.074,,0.018,,,,,,,,,,,,,,,,,,,0,3.0,0.184,81.6,6.0
774,Medium,RPath,390,3.0,2.0,0.238,6.0,0.714,0.023752969121140142,3.0,0.238,252.6,55,3,3,9.0,sidewalks,252.587,HMAC,1,2,2,0,0,0,0,0,0,0,0,0,1,2,2,0,0,0,0,0,0,0,0,0,0,5,0,2,0,0,0,1,0,0,1,2,0,0,0,0,0,0,0,5,0,0,0,0,0,0,1,2,0,0,0,0,0,1,0,0,0,0,0,0,1,0,0,1,2,0,1,0,0,1,2,0,1,2,0,0,0,0,5,3,1,0,0,0,0,0,0,0,0,0,0,0,5,0,0.434,,,,0.261,0.143,,,,,,,,,0.012,,0.018,,,,,,,,,,,,,,,,,,0,3.0,0.238,252.6,6.0
775,Medium,RPath,391,3.0,2.0,0.107,6.0,0.321,0.04889975550122249,3.0,0.107,122.7,54,3,3,9.0,sidewalks,120.73,CON,1,2,0,1,0,0,1,0,0,0,0,0,1,2,0,1,0,0,0,0,0,0,0,0,0,0,0,2,0,0,0,1,2,0,1,2,2,1,2,0,1,2,2,0,1,0,0,0,0,0,1,2,2,0,0,4,0,1,0,0,0,0,0,0,0,0,0,0,0,0,0,0,0,0,0,0,0,0,0,0,0,0,5,0,1,1,1,1,2,0,0,0,0,0,0,0,5,0,0.134,,,,0.037,0.098,,,,,,,,,,,,,,,,,,,,,,,,,,,,,1,3.0,0.107,122.7,16.0
776,Medium,RPath,392,3.0,2.0,0.138,6.0,0.41400000000000003,0.040983606557377046,3.0,0.138,146.4,61,3,3,9.0,sidewalks,145.249,CON,1,2,0,1,0,0,1,0,0,0,0,0,1,2,0,0,0,0,0,0,0,0,0,0,5,0,0,2,0,0,0,1,2,2,1,2,0,1,0,0,1,2,2,0,1,2,0,0,0,0,1,2,2,0,0,4,3,0,0,0,0,0,0,0,0,0,0,0,0,0,0,0,0,0,0,0,0,0,0,0,0,0,5,3,1,1,1,1,0,0,0,0,0,0,0,0,5,0,0.154,,,,0.02,0.133,,,,,,,,,,,,,,,,,,,,,,,,,,,,,1,3.0,0.138,146.4,16.0
777,Medium,RPath,455,3.0,2.0,0.12,6.0,0.36,0.08021390374331551,3.0,0.12,74.8,63,3,3,9.0,sidewalks,74.853,CON,1,2,0,0,0,0,0,0,0,1,2,0,1,0,0,1,0,0,0,0,0,0,0,0,5,0,0,0,1,2,2,1,0,0,1,0,0,0,0,0,1,0,0,0,1,2,0,0,1,1,1,2,2,0,5,0,0,1,1,2,0,0,0,0,1,2,0,0,0,0,1,2,0,1,0,0,1,2,0,0,0,0,0,0,1,1,1,1,2,0,1,0,0,1,0,0,5,0,0.482,,,,0.482,,,,,,,,,,,,,,,,,,,,,,,,,,,,,,1,3.0,0.12,74.8,16.0
778,Medium,RPath,458,3.0,2.0,0.17,6.0,0.51,0.060362173038229376,3.0,0.17,99.4,62,3,3,9.0,sidewalks,99.346,CON,1,2,2,1,2,0,0,0,0,0,0,0,1,0,0,1,0,0,0,0,0,0,0,0,5,0,0,2,0,0,0,0,0,0,1,2,2,0,0,0,0,0,0,0,1,2,2,0,0,0,1,2,2,5,5,4,0,1,0,0,0,0,0,0,0,0,0,0,0,0,0,0,0,1,0,0,1,0,0,0,0,0,5,0,1,0,1,1,0,0,0,0,0,0,0,0,5,0,0.226,,,,0.075,0.136,,,,,,,0.015,,,,,,,,,,,,,,,,,,,,,,0,3.0,0.17,99.4,6.0
779,Medium,RPath,473,3.0,2.0,0.133,6.0,0.399,0.08207934336525309,3.0,0.133,73.1,66,4,3,9.0,sidewalks,77.849,HMAC,1,2,2,1,2,0,1,2,0,0,0,0,1,2,0,1,2,0,0,0,0,0,0,0,0,0,0,2,0,0,0,0,0,0,1,2,2,0,0,0,0,0,0,0,1,2,0,0,0,0,1,2,2,5,5,0,3,1,0,0,0,0,0,0,0,0,0,0,0,0,1,0,0,1,2,0,1,2,0,0,0,0,5,3,0,0,0,0,0,0,0,0,0,0,0,0,5,0,0.41,,,,0.369,0.041,,,,,,,,,,,,,,,,,,,,,,,,,,,,,0,3.0,0.133,73.1,6.0
780,Medium,RPath,475,3.0,2.0,0.102,6.0,0.306,0.04784688995215311,3.0,0.102,125.4,66,4,3,9.0,sidewalks,128.515,HMAC,1,2,2,1,2,0,1,2,0,0,0,0,1,0,0,1,2,2,0,0,0,0,0,0,0,5,0,2,0,0,0,0,0,0,1,2,2,0,0,0,0,0,0,0,1,2,2,0,0,0,1,2,2,5,0,4,0,1,0,0,0,0,0,0,0,0,0,0,0,0,1,0,0,1,2,2,1,2,0,0,0,0,0,3,0,0,0,0,0,0,0,0,0,0,0,0,5,0,0.335,0.024,,,0.311,,,,,,,,,,,,,,,,,,,,,,,,,,,,,,0,3.0,0.102,125.4,6.0
781,Medium,RPath,476,3.0,2.0,0.157,6.0,0.471,0.08995502248875561,3.0,0.157,66.7,53,3,3,9.0,sidewalks,66.74,HMAC,1,2,0,1,2,0,0,0,0,0,0,0,1,2,2,1,2,0,0,0,0,0,0,0,0,5,0,2,0,0,0,0,0,0,1,2,0,0,0,0,0,0,0,0,0,0,0,0,0,0,1,2,2,0,0,0,0,1,0,0,0,0,0,0,0,0,0,0,0,0,1,2,0,1,2,0,1,2,0,0,0,0,5,3,1,0,0,0,0,0,0,0,0,0,0,0,5,0,0.36,,,0.067,0.27,,0.022,,,,,,,,,,,,,,,,,,,,,,,,,,,,0,3.0,0.157,66.7,6.0
782,Medium,RPath,483,3.0,2.0,0.184,6.0,0.552,0.08645533141210374,3.0,0.184,69.4,64,4,3,9.0,sidewalks,75.813,PB,1,2,0,1,2,0,0,0,0,0,0,0,1,0,0,1,0,0,0,0,0,0,0,0,5,0,0,0,0,0,0,1,0,0,1,2,2,0,0,0,0,0,0,0,1,2,2,0,0,0,1,2,0,0,5,0,3,1,0,0,0,1,0,0,1,2,2,1,0,0,1,2,0,1,0,0,1,0,0,0,0,0,5,3,1,0,1,1,0,0,0,0,0,0,0,0,5,0,0.195,,,,,0.086,,,,,,,,,,0.022,0.086,,,,,,,,,,,,,,,,,,2,3.0,0.184,69.4,26.0
783,Medium,RPath,526,3.0,2.0,0.103,6.0,0.309,0.042283298097251586,3.0,0.103,141.9,63,3,3,9.0,sidewalks,139.258,CON,1,2,0,1,0,0,1,0,0,1,0,0,1,0,0,1,2,0,0,0,0,0,0,0,5,0,0,0,0,0,0,1,2,2,1,2,2,0,0,0,1,2,2,0,1,2,0,0,1,1,1,2,2,0,5,0,0,1,0,0,0,0,0,0,0,0,0,0,0,0,0,0,0,1,2,0,1,2,2,0,0,0,0,0,1,1,1,1,0,0,0,0,0,0,0,0,5,0,0.402,,,,0.074,,,,,,,,,0.317,,,,0.011,,,,,,,,,,,,,,,,,0,3.0,0.103,141.9,6.0
784,Medium,RPath,527,3.0,2.0,0.103,6.0,0.309,0.024600246002460024,3.0,0.103,243.9,58,3,3,9.0,sidewalks,240.435,HMAC,1,2,0,1,0,0,0,0,0,0,0,0,1,2,0,1,2,0,0,0,0,0,0,0,5,0,0,2,0,0,0,1,2,2,1,2,2,0,0,0,1,2,2,0,1,0,0,0,1,0,1,2,2,0,5,0,0,1,0,0,0,0,0,0,0,0,0,0,0,0,0,0,0,1,0,0,1,2,0,0,0,0,0,0,1,1,1,0,0,0,0,0,0,1,0,0,5,0,0.357,,,,0.338,,,,,,,,,,0.018,,,,,,,,,,,,,,,,,,,,0,3.0,0.103,243.9,6.0
785,Medium,RPath,534,3.0,2.0,0.109,6.0,0.327,0.07947019867549669,3.0,0.109,75.5,65,4,3,9.0,sidewalks,74.752,CON,1,2,0,0,0,0,0,0,0,1,2,0,1,0,0,0,0,0,0,0,0,0,0,0,5,0,0,0,1,2,2,1,2,2,1,2,2,0,0,0,1,2,2,0,1,2,2,0,1,1,1,2,2,0,5,0,0,1,1,0,0,0,0,0,1,2,0,0,0,0,0,0,0,1,0,0,1,0,0,0,0,0,0,0,1,1,1,1,0,0,0,0,0,0,0,0,5,0,0.417,,,,0.397,,,,,,,,,,,0.02,,,,,,,,,,,,,,,,,,,1,3.0,0.109,75.5,16.0
786,Medium,RPath,561,3.0,2.0,0.114,6.0,0.342,0.06528835690968443,3.0,0.114,91.9,62,3,3,9.0,sidewalks,90.8,CON,0,0,0,0,0,0,0,0,0,1,0,0,1,0,0,1,0,0,0,0,0,0,0,0,5,0,0,0,1,2,2,0,0,0,1,0,0,0,0,0,0,0,0,0,1,2,0,0,1,1,1,2,2,0,5,0,0,1,1,2,0,1,2,2,0,0,0,0,0,0,0,0,0,1,0,0,1,2,0,1,2,2,0,3,1,1,1,1,2,0,0,0,0,1,0,0,5,0,0.424,,,,0.392,,,,,,,,,,,,,0.033,,,,,,,,,,,,,,,,,0,3.0,0.114,91.9,6.0
787,Medium,RPath,585,3.0,2.0,0.112,6.0,0.336,0.022953328232593728,3.0,0.112,261.4,66,4,3,9.0,sidewalks,216.926,HMAC,1,2,0,1,0,0,1,0,0,1,2,0,1,2,2,1,2,2,0,0,0,0,0,0,0,5,0,2,0,0,0,0,0,0,1,2,2,0,0,0,0,0,0,0,0,0,0,0,1,0,1,2,2,5,5,0,0,1,0,0,0,0,0,0,0,0,0,0,0,0,0,0,0,1,0,0,1,2,2,0,0,0,0,0,1,1,1,0,0,0,0,0,0,1,2,2,5,0,0.402,0.006,,,0.367,,,,,,,,,,,,,0.029,,,,,,,,,,,,,,,,,0,3.0,0.112,261.4,6.0
788,Medium,RPath,628,3.0,2.0,0.113,6.0,0.339,0.07220216606498195,3.0,0.113,83.1,55,3,3,9.0,sidewalks,84.464,HMAC,1,2,2,0,0,0,0,0,0,0,0,0,1,2,2,1,2,2,0,0,0,0,0,0,0,5,0,2,0,0,0,0,0,0,1,2,2,0,0,0,0,0,0,0,0,0,0,0,0,0,1,0,0,5,5,0,0,1,0,0,0,0,0,0,0,0,0,0,0,0,0,0,0,1,2,0,1,2,0,0,0,0,0,3,1,1,0,0,0,0,0,0,0,0,0,0,5,0,0.235,,,,0.108,0.054,0.018,0.054,,,,,,,,,,,,,,,,,,,,,,,,,,,0,3.0,0.113,83.1,6.0
789,Medium,RPath,629,3.0,2.0,0.109,6.0,0.327,0.033632286995515695,3.0,0.109,178.4,59,3,3,9.0,sidewalks,178.439,HMAC,1,2,2,1,2,0,1,0,0,0,0,0,1,2,2,1,2,0,0,0,0,0,0,0,0,5,0,2,0,0,0,0,0,0,1,2,0,0,0,0,0,0,0,0,1,0,0,0,0,0,1,2,2,0,0,0,0,1,0,0,0,0,0,0,0,0,0,0,0,0,1,2,2,1,0,0,1,2,2,0,0,0,5,3,1,0,0,0,0,0,0,0,0,0,0,0,5,0,0.336,0.025,,,0.303,0.008,,,,,,,,,,,,,,,,,,,,,,,,,,,,,0,3.0,0.109,178.4,6.0
790,Medium,RPath,668,3.0,2.0,0.152,6.0,0.45599999999999996,0.07614213197969544,3.0,0.152,78.8,66,4,3,9.0,sidewalks,75.467,HMAC,1,2,2,1,2,2,1,2,0,1,0,0,1,2,2,0,0,0,0,0,0,0,0,0,0,0,0,2,1,2,0,0,0,0,1,2,2,0,0,0,0,0,0,5,1,2,0,0,0,0,1,2,0,0,0,0,0,1,0,0,0,0,0,0,1,2,2,0,0,0,0,0,0,1,2,0,1,2,0,0,0,0,5,3,1,0,0,0,0,0,0,0,0,0,0,0,5,0,0.324,,,,0.228,0.095,,,,,,,,,,,,,,,,,,,,,,,,,,,,,0,3.0,0.152,78.8,6.0
791,Medium,RPath,700,3.0,2.0,0.193,6.0,0.579,0.08130081300813008,3.0,0.193,73.8,66,4,3,9.0,sidewalks,72.372,HMAC,1,2,0,0,0,0,0,0,0,1,2,0,1,0,0,0,0,0,0,0,0,1,0,0,5,0,0,2,1,2,2,1,2,0,1,2,2,0,0,0,1,2,2,5,1,2,0,0,1,0,1,2,0,0,0,0,0,1,1,2,0,0,0,0,1,0,0,0,0,0,0,0,0,1,0,0,1,0,0,0,0,0,0,3,1,1,1,1,2,0,0,0,0,0,0,0,5,0,0.467,0.102,,,0.366,,,,,,,,,,,,,,,,,,,,,,,,,,,,,,0,3.0,0.193,73.8,6.0
792,Medium,RPath,780,3.0,2.0,0.181,6.0,0.5429999999999999,0.024400162667751118,3.0,0.181,245.9,52,3,3,9.0,sidewalks,245.786,CON,1,2,2,1,2,0,1,0,0,0,0,0,1,2,2,0,0,0,0,0,0,0,0,0,0,0,0,2,0,0,0,0,0,0,1,2,0,0,0,0,0,0,0,0,0,0,0,0,1,1,1,2,2,5,0,0,3,1,0,0,0,0,0,0,0,0,0,0,0,0,0,0,0,1,2,0,1,2,0,0,0,0,0,3,1,1,1,0,0,0,0,0,0,0,0,0,5,0,0.195,0.018,,,0.018,0.159,,,,,,,,,,,,,,,,,,,,,,,,,,,,,0,3.0,0.181,245.9,6.0
793,Medium,RPath,783,3.0,2.0,0.226,6.0,0.678,0.04524886877828054,3.0,0.226,132.6,51,3,3,9.0,sidewalks,133.145,HMAC,1,2,2,1,2,0,1,2,0,0,0,0,1,2,0,0,0,0,0,0,0,0,0,0,0,5,0,2,0,0,0,0,0,0,0,0,0,0,0,0,0,0,0,0,0,0,0,0,1,1,1,2,2,5,0,0,3,1,0,0,0,0,0,0,1,0,0,0,0,0,0,0,0,1,2,0,1,0,0,0,0,0,0,3,0,1,0,0,0,0,0,0,0,0,0,0,5,0,0.226,,,,,0.17,,,,,,,,,0.045,,,,0.011,,,,,,,,,,,,,,,,0,3.0,0.226,132.6,6.0
794,Medium,RPath,792,3.0,2.0,0.149,6.0,0.44699999999999995,0.08241758241758242,3.0,0.149,72.8,59,3,3,9.0,sidewalks,72.824,CON,1,2,2,1,2,2,1,0,0,1,2,0,1,2,2,0,0,0,0,0,0,0,0,0,0,0,0,2,0,0,0,0,0,0,1,2,2,0,0,0,0,0,0,0,1,2,0,0,1,1,1,2,2,5,5,0,0,1,0,0,0,0,0,0,0,0,0,0,0,0,0,0,0,1,2,2,1,0,0,0,0,0,0,0,1,0,0,0,0,0,0,0,0,0,0,0,5,0,0.165,,,,0.021,0.144,,,,,,,,,,,,,,,,,,,,,,,,,,,,,0,3.0,0.149,72.8,6.0
795,Medium,RPath,803,3.0,2.0,0.222,6.0,0.666,0.05928853754940711,3.0,0.222,101.2,57,3,3,9.0,sidewalks,101.162,HMAC,1,2,0,0,0,0,0,0,0,0,0,0,1,2,0,0,0,0,1,2,0,0,0,0,0,0,3,0,0,0,0,1,2,0,1,2,2,0,0,0,0,0,0,0,1,2,2,0,1,1,1,2,2,5,5,0,0,1,0,0,0,0,0,0,0,0,0,0,0,0,0,0,0,0,0,0,1,2,2,0,0,0,0,0,1,1,1,0,0,0,0,0,0,1,0,0,5,0,0.222,,,,,0.222,,,,,,,,,,,,,,,,,,,,,,,,,,,,,0,3.0,0.222,101.2,6.0
796,Medium,RPath,833,3.0,2.0,0.133,6.0,0.399,0.08185538881309687,3.0,0.133,73.3,65,4,3,9.0,sidewalks,72.483,CON,1,2,2,0,0,0,0,0,0,1,0,0,1,0,0,1,0,0,0,0,0,0,0,0,5,0,0,0,1,2,2,0,0,0,0,0,0,0,0,0,0,0,0,0,1,2,0,0,1,0,1,2,0,0,0,0,3,1,1,2,0,1,0,0,1,2,2,0,0,0,1,0,0,1,2,0,1,2,2,1,2,2,0,0,1,1,1,1,2,0,1,0,0,1,0,0,5,0,0.409,,,0.041,0.368,,,,,,,,,,,,,,,,,,,,,,,,,,,,,,0,3.0,0.133,73.3,6.0
797,Medium,RPath,838,3.0,2.0,0.116,6.0,0.34800000000000003,0.08086253369272237,3.0,0.116,74.2,61,3,3,9.0,sidewalks,74.214,CON,1,2,0,0,0,0,0,0,0,0,0,0,1,0,0,0,0,0,0,0,0,0,0,0,5,0,0,0,1,2,2,0,0,0,0,0,0,0,0,0,0,0,0,0,1,2,0,0,1,0,1,2,0,0,0,0,3,1,1,2,0,1,2,0,1,2,2,0,0,0,1,0,0,1,2,0,1,2,2,1,2,0,0,0,1,1,1,1,2,0,1,0,0,1,0,0,5,0,0.384,,,,0.303,,,,,,,,,,,,,0.081,,,,,,,,,,,,,,,,,1,3.0,0.116,74.2,16.0
798,Medium,RPath,844,3.0,2.0,0.113,6.0,0.339,0.04626060138781805,3.0,0.113,129.7,61,3,3,9.0,sidewalks,129.487,CON,1,0,0,0,0,0,0,0,0,0,0,0,1,2,0,0,0,0,0,0,0,0,0,0,5,0,0,0,1,2,2,0,0,0,0,0,0,0,0,0,0,0,0,0,1,2,0,0,1,0,1,2,2,0,5,0,3,1,1,2,2,1,2,0,1,2,0,0,0,0,0,0,0,1,0,0,1,2,2,1,2,0,0,0,1,1,1,1,0,0,0,0,0,0,0,0,5,0,0.335,,,,0.266,0.035,,,,,,,,0.023,,,,0.012,,,,,,,,,,,,,,,,,1,3.0,0.113,129.7,16.0
799,Medium,RPath,878,3.0,2.0,0.104,6.0,0.312,0.023174971031286212,3.0,0.104,258.9,58,3,3,9.0,sidewalks,258.932,HMAC,1,2,2,1,2,2,1,2,2,0,0,0,1,2,2,1,0,0,0,0,0,0,0,0,0,5,0,2,0,0,0,0,0,0,1,2,0,0,0,0,0,0,0,0,1,0,0,0,0,0,1,2,2,0,0,0,3,0,0,0,0,0,0,0,0,0,0,0,0,0,0,0,0,1,2,2,1,2,2,0,0,0,0,3,0,0,0,0,0,0,0,0,0,0,0,0,5,0,0.313,,,,0.278,0.035,,,,,,,,,,,,,,,,,,,,,,,,,,,,,0,3.0,0.104,258.9,6.0
800,Medium,RPath,895,3.0,2.0,0.167,6.0,0.501,0.0635593220338983,3.0,0.167,94.4,57,3,3,9.0,sidewalks,94.354,HMAC,1,2,2,1,2,2,0,0,0,0,0,0,1,2,0,0,0,0,0,0,0,0,0,0,0,5,0,2,0,0,0,0,0,0,0,0,0,0,0,0,0,0,0,5,0,0,0,0,0,0,1,2,2,5,0,0,3,1,1,0,0,0,0,0,0,0,0,0,0,0,0,0,0,1,2,0,1,2,0,0,0,0,0,3,1,0,1,1,0,0,0,0,0,0,0,0,5,0,0.334,,,,0.095,0.095,,,,,,,,0.095,,0.048,,,,,,,,,,,,,,,,,,,0,3.0,0.167,94.4,6.0
801,Medium,RPath,916,3.0,2.0,0.188,6.0,0.5640000000000001,0.02242152466367713,3.0,0.188,267.6,53,3,3,9.0,sidewalks,262.661,CON,1,2,2,1,2,0,0,0,0,0,0,0,1,2,2,0,0,0,0,0,0,0,0,0,0,5,0,2,0,0,0,0,0,0,1,2,2,0,0,0,0,0,0,0,0,0,0,0,1,1,1,2,2,5,5,0,3,0,0,0,0,0,0,0,0,0,0,0,0,0,0,0,0,1,0,0,1,0,0,0,0,0,0,0,1,0,0,0,0,0,0,0,0,0,0,0,5,0,0.213,,,0.028,,0.146,,,,,,,,0.034,,,0.006,,,,,,,,,,,,,,,,,,0,3.0,0.188,267.6,6.0
802,Medium,RPath,917,3.0,2.0,0.128,6.0,0.384,0.03645200486026732,3.0,0.128,164.6,66,4,3,9.0,sidewalks,152.22,CON,1,2,2,1,2,0,1,2,0,0,0,0,1,2,0,0,0,0,0,0,0,0,0,0,5,0,0,2,0,0,0,1,2,2,0,0,0,0,0,0,0,0,0,0,1,2,2,0,1,1,1,2,2,5,0,4,3,1,0,0,0,0,0,0,0,0,0,0,0,0,0,0,0,1,0,0,0,0,0,0,0,0,0,3,1,1,1,0,0,0,0,0,0,1,2,0,5,0,0.128,,,,,0.128,,,,,,,,,,,,,,,,,,,,,,,,,,,,,0,3.0,0.128,164.6,6.0
803,Medium,RPath,919,3.0,2.0,0.113,6.0,0.339,0.020491803278688523,3.0,0.113,292.8,53,3,3,9.0,sidewalks,290.948,HMAC,1,2,2,1,2,0,1,2,0,1,0,0,1,0,0,0,0,0,0,0,0,0,0,0,0,5,0,2,0,0,0,0,0,0,0,0,0,0,0,0,0,0,0,0,0,0,0,0,1,1,1,2,2,5,5,0,3,0,0,0,0,0,0,0,0,0,0,0,0,0,0,0,0,1,2,0,0,0,0,0,0,0,0,3,1,1,0,0,0,0,0,0,0,0,0,0,5,0,0.113,,,0.01,,0.102,,,,,,,,,,,,,,,,,,,,,,,,,,,,,0,3.0,0.113,292.8,6.0
804,Medium,RPath,920,3.0,2.0,0.193,6.0,0.579,0.020491803278688523,3.0,0.193,292.8,56,3,3,9.0,sidewalks,293.047,HMAC,1,2,2,1,2,0,1,2,0,0,0,0,1,0,0,0,0,0,0,0,0,0,0,0,0,5,0,2,0,0,0,0,0,0,0,0,0,0,0,0,0,0,0,0,0,0,0,0,1,1,1,2,2,5,5,4,0,1,0,0,0,0,0,0,0,0,0,0,0,0,0,0,0,1,2,0,0,0,0,0,0,0,0,3,1,1,1,1,0,0,0,0,0,0,0,0,5,0,0.2,,,,,0.174,,,,,,0.005,0.005,,,0.005,0.01,,,,,,,,,,,,,,,,,,0,3.0,0.193,292.8,6.0
805,Medium,RPath,922,3.0,2.0,0.117,6.0,0.35100000000000003,0.019367333763718526,3.0,0.117,309.8,63,3,3,9.0,sidewalks,303.522,HMAC,1,2,2,1,2,0,1,2,0,1,2,2,1,2,2,0,0,0,0,0,0,0,0,0,0,5,0,2,0,0,0,0,0,0,1,0,0,0,0,0,0,0,0,0,1,0,0,0,1,1,1,2,2,5,5,0,3,0,0,0,0,0,0,0,0,0,0,0,0,0,0,0,0,1,2,0,0,0,0,0,0,0,0,3,1,1,0,0,0,0,0,0,0,0,0,0,5,0,0.121,,,,0.005,0.102,,,,,,,0.01,,0.005,,,,,,,,,,,,,,,,,,,,0,3.0,0.117,309.8,6.0
806,Medium,RPath,936,3.0,2.0,0.107,6.0,0.321,0.058823529411764705,3.0,0.107,102.0,54,3,3,9.0,sidewalks,105.355,HMAC,1,2,2,1,0,0,1,0,0,1,2,0,1,2,0,0,0,0,0,0,0,0,0,0,0,0,0,2,0,0,0,0,0,0,1,2,2,0,0,0,0,0,0,0,0,0,0,0,0,0,1,2,2,5,0,4,0,1,0,0,0,0,0,0,0,0,0,0,0,0,0,0,0,1,0,0,1,2,0,0,0,0,5,3,0,1,1,0,0,0,0,0,0,0,0,0,5,0,0.382,,,,0.368,0.015,,,,,,,,,,,,,,,,,,,,,,,,,,,,,0,3.0,0.107,102.0,6.0
807,Medium,RPath,938,3.0,2.0,0.123,6.0,0.369,0.03403289846851957,3.0,0.123,176.3,50,3,3,9.0,sidewalks,181.109,HMAC,1,2,2,1,0,0,1,0,0,1,0,0,1,2,0,0,0,0,0,0,0,0,0,0,0,0,0,2,0,0,0,0,0,0,1,2,2,0,0,0,0,0,0,0,0,0,0,0,0,0,1,2,2,5,0,4,0,1,0,0,0,0,0,0,0,0,0,0,0,0,0,0,0,1,0,0,1,0,0,0,0,0,5,3,0,1,1,0,0,0,0,0,0,0,0,0,5,0,0.315,,,,0.255,0.043,,,0.017,,,,,,,,,,,,,,,,,,,,,,,,,,0,3.0,0.123,176.3,6.0
808,Medium,RPath,951,3.0,2.0,0.121,6.0,0.363,0.08097165991902834,3.0,0.121,74.1,49,3,3,9.0,sidewalks,77.453,HMAC,1,2,2,1,2,0,1,2,0,1,0,0,1,2,0,0,0,0,0,0,0,0,0,0,0,0,0,2,0,0,0,0,0,0,0,0,0,0,0,0,0,0,0,0,0,0,0,0,0,0,1,2,2,5,0,4,3,1,0,0,0,0,0,0,0,0,0,0,0,0,0,0,0,1,0,0,1,2,2,0,0,0,0,3,0,0,0,0,0,0,0,0,0,0,0,0,5,0,0.405,,,,0.364,0.02,,,,,,,,,,,,0.02,,,,,,,,,,,,,,,,,0,3.0,0.121,74.1,6.0
809,Medium,RPath,974,3.0,2.0,0.102,6.0,0.306,0.08163265306122448,3.0,0.102,73.5,53,3,3,9.0,sidewalks,72.764,HMAC,1,2,2,0,0,0,0,0,0,0,0,0,1,2,0,1,2,0,0,0,0,0,0,0,0,0,3,0,1,2,0,0,0,0,1,2,0,0,0,0,0,0,0,0,1,2,0,0,0,0,1,2,0,0,0,0,0,1,0,0,0,0,0,0,1,2,0,0,0,0,0,0,0,1,2,0,1,2,0,1,0,0,0,3,1,1,1,1,2,0,1,0,0,1,0,0,5,0,0.408,,,,0.408,,,,,,,,,,,,,,,,,,,,,,,,,,,,,,1,3.0,0.102,73.5,16.0
810,Medium,RPath,975,3.0,2.0,0.19,6.0,0.5700000000000001,0.06607929515418502,3.0,0.19,90.8,64,4,3,9.0,sidewalks,90.803,HMAC,1,2,0,0,0,0,0,0,0,0,0,0,1,2,0,1,2,0,0,0,0,0,0,0,0,0,3,0,1,2,2,0,0,0,1,0,0,0,0,0,0,0,0,0,1,2,2,0,0,0,1,2,0,0,5,0,3,1,1,0,0,0,0,0,1,2,2,0,0,0,0,0,0,1,0,0,1,2,0,1,2,0,0,3,1,1,1,1,2,0,1,0,0,1,0,0,5,0,0.479,,,0.033,0.297,0.05,,,,,,,,0.066,,0.033,,,,,,,,,,,,,,,,,,,1,3.0,0.19,90.8,16.0
811,Medium,RPath,977,3.0,2.0,0.134,6.0,0.402,0.06322444678609061,3.0,0.134,94.9,64,4,3,9.0,sidewalks,94.931,HMAC,1,2,0,0,0,0,0,0,0,0,0,0,1,2,0,1,2,0,0,0,0,0,0,0,0,0,3,0,1,2,2,0,0,0,1,0,0,0,0,0,0,0,0,0,1,2,2,0,0,0,1,0,0,0,5,0,3,1,1,0,0,0,0,0,1,2,2,0,0,0,0,0,0,1,0,0,1,2,2,1,2,0,0,3,1,1,1,1,2,0,1,0,0,1,0,0,5,0,0.332,,,,0.253,0.032,,,,,,,,,,0.016,,,0.032,,,,,,,,,,,,,,,,1,3.0,0.134,94.9,16.0
812,Medium,RPath,984,3.0,2.0,0.153,6.0,0.45899999999999996,0.06276150627615062,3.0,0.153,95.6,66,4,3,9.0,sidewalks,95.646,HMAC,1,2,2,0,0,0,0,0,0,0,0,0,1,2,0,1,2,0,0,0,0,0,0,0,0,0,3,0,1,2,2,0,0,0,1,2,0,0,0,0,0,0,0,0,1,2,2,0,0,0,1,2,0,0,5,0,0,1,0,0,0,0,0,0,1,2,0,0,0,0,0,0,0,1,2,0,1,2,0,1,0,0,0,3,1,1,1,1,2,2,1,0,0,1,2,0,5,0,0.439,,,,0.361,,,,,,,,,,,0.031,,,0.047,,,,,,,,,,,,,,,,0,3.0,0.153,95.6,6.0
813,Medium,RPath,987,3.0,2.0,0.101,6.0,0.30300000000000005,0.06472491909385113,3.0,0.101,92.7,62,3,3,9.0,sidewalks,92.68,CON,1,2,2,1,2,2,1,2,0,1,2,2,1,2,2,0,0,0,0,0,0,0,0,0,0,5,0,2,0,0,0,0,0,0,1,0,0,0,0,0,0,0,0,0,0,0,0,0,0,0,0,0,0,0,0,0,3,1,0,0,0,0,0,0,0,0,0,0,0,0,0,0,0,1,2,2,1,2,2,0,0,0,0,3,1,1,1,0,0,0,1,2,0,0,0,0,5,3,0.405,,,,0.194,,,,,,,,,0.21,,,,,,,,,,,,,,,,,,,,,0,3.0,0.101,92.7,6.0
814,Medium,RPath,1003,3.0,2.0,0.24,6.0,0.72,0.05819592628516004,3.0,0.24,103.1,63,3,3,9.0,sidewalks,103.127,HMAC,1,2,2,1,0,0,1,0,0,1,2,0,1,2,0,0,0,0,0,0,0,0,0,0,0,5,3,2,0,0,0,0,0,0,1,2,2,0,0,0,0,0,0,0,1,0,0,0,0,0,1,2,2,0,5,0,0,1,0,0,0,0,0,0,0,0,0,0,0,0,0,0,0,1,2,2,1,2,2,0,0,0,5,0,1,1,1,0,0,0,0,0,0,0,0,0,5,0,0.335,,,0.087,0.116,0.087,,,,,,,,,,,0.029,0.015,,,,,,,,,,,,,,,,,0,3.0,0.24,103.1,6.0
815,Medium,RPath,1004,3.0,2.0,0.116,6.0,0.34800000000000003,0.06191950464396284,3.0,0.116,96.9,55,3,3,9.0,sidewalks,96.935,HMAC,1,2,2,1,0,0,1,0,0,1,0,0,1,0,0,0,0,0,0,0,0,0,0,0,0,5,3,0,0,0,0,0,0,0,1,2,2,0,0,0,0,0,0,0,1,0,0,0,0,0,1,2,2,0,5,0,0,1,0,0,0,0,0,0,0,0,0,0,0,0,0,0,0,1,2,0,1,2,2,0,0,0,5,0,1,1,1,0,0,0,0,0,0,0,0,0,5,0,0.124,,,,,0.093,,,,,,,,,,0.015,0.015,,,,,,,,,,,,,,,,,,0,3.0,0.116,96.9,6.0
816,Medium,RPath,1056,3.0,2.0,0.157,6.0,0.471,0.05333333333333334,3.0,0.157,112.5,60,3,3,9.0,sidewalks,111.952,HMAC,1,2,2,1,2,0,1,0,0,0,0,0,1,2,0,0,0,0,0,0,0,0,0,0,0,0,0,2,0,0,0,0,0,0,1,2,2,0,0,0,0,0,0,0,0,0,0,0,1,0,1,2,2,5,0,4,3,1,0,0,0,0,0,0,0,0,0,0,0,0,0,0,0,1,2,0,1,2,2,0,0,0,5,3,0,0,1,0,0,0,0,0,0,0,0,0,5,0,0.627,,,,0.627,,,,,,,,,,,,,,,,,,,,,,,,,,,,,,0,3.0,0.157,112.5,6.0
817,Medium,RPath,1065,3.0,2.0,0.208,6.0,0.624,1.6666666666666665,3.0,0.208,3.6,59,3,3,9.0,sidewalks,1.489,CON,1,2,0,1,0,0,1,0,0,0,0,0,1,2,0,1,0,0,0,0,0,0,0,0,0,0,0,2,0,0,0,0,0,0,1,2,2,0,0,0,0,0,0,0,0,0,0,0,0,0,1,2,2,5,5,4,0,1,0,0,0,0,0,0,0,0,0,0,0,0,0,0,0,1,2,0,1,2,2,0,0,0,5,3,1,0,1,0,0,0,0,0,0,0,0,0,5,0,0.831,,,,0.831,,,,,,,,,,,,,,,,,,,,,,,,,,,,,,1,3.0,0.208,3.6,16.0
818,Medium,RPath,1067,3.0,2.0,0.158,6.0,0.474,2.5,3.0,0.158,2.4,59,3,3,9.0,sidewalks,1.693,CON,1,2,0,1,0,0,1,0,0,0,0,0,1,2,0,1,0,0,0,0,0,0,0,0,0,0,0,2,0,0,0,0,0,0,1,2,2,0,0,0,0,0,0,0,0,0,0,0,0,0,1,2,2,5,5,4,0,1,0,0,0,0,0,0,0,0,0,0,0,0,0,0,0,1,2,0,1,2,2,0,0,0,5,3,1,0,1,0,0,0,0,0,0,0,0,0,5,0,0.63,,,,0.63,,,,,,,,,,,,,,,,,,,,,,,,,,,,,,1,3.0,0.158,2.4,16.0
819,Medium,RPath,1070,3.0,2.0,0.102,6.0,0.306,0.16348773841961853,3.0,0.102,36.7,59,3,3,9.0,sidewalks,36.612,HMAC,1,2,0,1,0,0,1,0,0,0,0,0,1,2,0,1,0,0,0,0,0,0,0,0,0,0,0,2,0,0,0,0,0,0,1,2,2,0,0,0,0,0,0,0,0,0,0,0,0,0,1,2,2,5,5,4,0,1,0,0,0,0,0,0,0,0,0,0,0,0,0,0,0,1,2,0,1,2,2,0,0,0,5,3,1,0,1,0,0,0,0,0,0,0,0,0,5,0,0.286,,,,0.245,0.041,,,,,,,,,,,,,,,,,,,,,,,,,,,,,1,3.0,0.102,36.7,16.0
820,Medium,RPath,1102,3.0,2.0,0.166,6.0,0.498,0.018879798615481433,3.0,0.166,317.8,64,4,3,9.0,sidewalks,317.622,CON,1,2,2,1,0,0,0,0,0,0,0,0,0,0,0,1,2,2,0,0,0,0,0,0,0,5,0,2,0,0,0,0,0,0,1,2,2,0,0,0,0,0,0,0,1,2,2,0,1,1,1,2,2,5,5,0,0,0,0,0,0,0,0,0,1,2,2,0,0,0,0,0,0,1,2,0,0,0,0,0,0,0,0,3,1,1,1,0,0,0,0,0,0,0,0,0,5,0,0.227,0.052,,,0.071,0.057,,,,,,,,,,0.014,0.014,,0.019,,,,,,,,,,,,,,,,2,3.0,0.166,317.8,26.0
821,Medium,RPath,1108,3.0,2.0,0.199,6.0,0.597,0.07246376811594203,3.0,0.199,82.8,60,3,3,9.0,sidewalks,81.34,CON,1,2,2,1,0,0,0,0,0,0,0,0,0,0,0,1,2,2,0,0,0,0,0,0,0,5,0,2,0,0,0,0,0,0,1,2,2,0,0,0,0,0,0,0,1,2,2,0,1,1,1,2,2,5,5,0,0,1,0,0,0,0,0,0,1,2,2,0,0,0,0,0,0,1,0,0,0,0,0,0,0,0,0,0,1,1,1,0,0,0,0,0,0,0,0,0,5,0,0.254,,,0.036,0.072,0.091,,,,,,,,,,,0.054,,,,,,,,,,,,,,,,,,2,3.0,0.199,82.8,26.0
822,Medium,RPath,1132,3.0,2.0,0.125,6.0,0.375,0.027842227378190254,3.0,0.125,215.5,59,3,3,9.0,sidewalks,206.993,CON,1,2,0,1,0,0,0,0,0,1,2,2,0,0,0,0,0,0,0,0,0,0,0,0,0,5,0,2,0,0,0,0,0,0,1,2,2,0,0,0,1,2,2,0,1,2,0,0,1,0,1,2,2,5,0,0,3,0,0,0,0,0,0,0,0,0,0,0,0,0,0,0,0,0,0,0,0,0,0,0,0,0,5,3,1,1,1,0,0,0,0,0,0,0,0,0,5,0,0.125,0.007,,0.014,,0.084,,,,,,,,,,,0.021,,,,,,,,,,,,,,,,,,0,3.0,0.125,215.5,6.0
823,Medium,RPath,1173,3.0,2.0,0.177,6.0,0.5309999999999999,0.01966568338249754,3.0,0.177,305.1,65,4,3,9.0,sidewalks,149.607,HMAC,1,2,2,1,2,2,1,2,2,1,0,0,1,2,2,0,0,0,0,0,0,1,2,0,0,0,0,2,0,0,0,0,0,0,1,0,0,0,0,0,0,0,0,5,1,0,0,0,1,0,1,2,0,5,0,0,0,1,0,0,0,0,0,0,1,2,2,1,0,0,1,0,0,1,0,0,1,2,2,0,0,0,0,3,1,0,0,0,0,0,0,0,0,0,0,0,5,0,0.177,0.177,,,,,,,,,,,,,,,,,,,,,,,,,,,,,,,,,0,3.0,0.177,305.1,6.0
824,Medium,RPath,1188,3.0,2.0,0.137,6.0,0.41100000000000003,0.06622516556291391,3.0,0.137,90.6,63,3,3,9.0,sidewalks,85.567,CON,1,2,2,0,0,0,0,0,0,0,0,0,1,2,0,0,0,0,0,0,0,0,0,0,0,5,0,0,0,0,0,1,2,2,1,2,0,1,2,2,1,2,2,0,1,2,0,0,0,0,1,2,2,5,5,4,0,1,0,0,0,0,0,0,0,0,0,0,0,0,0,0,0,0,0,0,0,0,0,0,0,0,0,0,1,1,1,1,0,0,0,0,0,0,0,0,5,0,0.149,,,,0.017,0.132,,,,,,,,,,,,,,,,,,,,,,,,,,,,,1,3.0,0.137,90.6,16.0
825,Medium,RPath,1220,3.0,2.0,0.116,6.0,0.34800000000000003,0.16901408450704225,3.0,0.116,35.5,58,3,3,9.0,sidewalks,33.64,CON,1,2,2,1,2,2,0,0,0,0,0,0,1,2,2,0,0,0,0,0,0,0,0,0,0,0,0,2,0,0,0,0,0,0,1,2,2,0,0,0,0,0,0,0,0,0,0,0,1,0,1,2,2,5,0,0,3,0,0,0,0,0,0,0,0,0,0,0,0,0,0,0,0,1,2,2,1,0,0,0,0,0,5,3,1,1,1,0,0,0,0,0,0,0,0,0,5,0,0.211,,,,0.127,,,,,,,,,,,,,,0.085,,,,,,,,,,,,,,,,0,3.0,0.116,35.5,6.0
826,Medium,RPath,1222,3.0,2.0,0.113,6.0,0.339,0.12903225806451613,3.0,0.113,46.5,52,3,3,9.0,sidewalks,44.535,CON,1,2,0,1,2,0,0,0,0,1,0,0,1,2,2,0,0,0,0,0,0,0,0,0,0,0,0,2,0,0,0,0,0,0,1,2,2,0,0,0,1,0,0,0,0,0,0,0,1,0,1,2,0,5,0,0,3,1,0,0,0,0,0,0,0,0,0,0,0,0,0,0,0,1,2,0,0,0,0,0,0,0,5,3,1,1,1,0,0,0,0,0,0,0,0,0,5,0,0.161,,,,0.064,0.097,,,,,,,,,,,,,,,,,,,,,,,,,,,,,0,3.0,0.113,46.5,6.0
827,Medium,RPath,1224,3.0,2.0,0.1,6.0,0.30000000000000004,0.03640776699029126,3.0,0.1,164.8,64,4,3,9.0,sidewalks,163.621,CON,1,2,2,1,2,2,0,0,0,1,0,0,1,2,2,0,0,0,0,0,0,0,0,0,0,5,0,2,0,0,0,0,0,0,1,2,2,0,0,0,1,0,0,0,0,0,0,0,1,1,1,2,2,5,0,0,3,1,0,0,0,0,0,0,0,0,0,0,0,0,0,0,0,1,2,0,0,0,0,0,0,0,5,3,1,1,1,0,0,0,0,0,0,0,0,0,5,0,0.127,,,,0.036,0.082,,,,,,,,,,,0.009,,,,,,,,,,,,,,,,,,0,3.0,0.1,164.8,6.0
828,Medium,RPath,1268,3.0,2.0,0.14,6.0,0.42000000000000004,0.12448132780082986,3.0,0.14,48.2,62,3,3,9.0,sidewalks,48.731,CON,1,2,2,0,0,0,0,0,0,0,0,0,0,0,0,1,2,2,0,0,0,0,0,0,5,0,0,0,0,0,0,0,0,0,1,2,2,0,0,0,1,2,0,0,1,2,2,0,1,1,1,2,2,5,5,0,3,0,0,0,0,0,0,0,1,2,0,0,0,0,0,0,0,0,0,0,1,2,0,0,0,0,0,0,1,1,1,0,0,0,0,0,0,0,0,0,5,0,0.187,,0.062,,0.062,,,,,,,,,,,,0.062,,,,,,,,,,,,,,,,,,0,3.0,0.14,48.2,6.0
829,Medium,RPath,1269,3.0,2.0,0.2,6.0,0.6000000000000001,0.08902077151335311,3.0,0.2,67.4,60,3,3,9.0,sidewalks,67.178,CON,1,2,2,0,0,0,0,0,0,1,0,0,0,0,0,1,2,0,0,0,0,0,0,0,5,0,0,0,0,0,0,0,0,0,1,2,2,0,0,0,1,2,0,0,1,2,2,0,1,0,1,2,2,5,5,0,3,0,0,0,0,0,0,0,1,2,0,0,0,0,0,0,0,0,0,0,1,2,0,0,0,0,0,0,1,1,1,0,0,0,0,0,0,0,0,0,5,0,0.2,,,,,0.178,,,,,,,,,,,0.022,,,,,,,,,,,,,,,,,,0,3.0,0.2,67.4,6.0
830,Medium,RPath,1274,3.0,2.0,0.246,6.0,0.738,0.034782608695652174,3.0,0.246,172.5,60,3,3,9.0,sidewalks,168.658,CON,1,2,0,0,0,0,0,0,0,1,2,0,0,0,0,1,2,0,0,0,0,0,0,0,5,0,0,2,0,0,0,0,0,0,1,2,2,0,0,0,1,2,2,0,1,2,0,0,1,0,1,2,2,5,0,0,3,1,0,0,0,0,0,0,1,2,2,0,0,0,0,0,0,0,0,0,1,2,0,0,0,0,0,0,1,1,1,0,0,0,0,0,0,0,0,0,5,0,0.27,,,0.043,0.026,0.148,,,,,,,,,,0.009,0.043,,,,,,,,,,,,,,,,,,0,3.0,0.246,172.5,6.0
831,Medium,RPath,1284,3.0,2.0,0.143,6.0,0.42899999999999994,0.09508716323296355,3.0,0.143,63.1,64,4,3,9.0,sidewalks,63.082,CON,1,2,2,0,0,0,0,0,0,0,0,0,1,0,0,1,2,0,0,0,0,0,0,0,5,5,0,0,0,0,0,0,0,0,1,2,2,0,0,0,1,2,2,0,1,2,2,0,1,1,1,2,2,5,5,0,0,0,0,0,0,0,0,0,1,2,0,0,0,0,0,0,0,1,0,0,1,0,0,0,0,0,0,0,1,1,1,0,0,0,0,0,0,0,0,0,5,0,0.143,,,,,0.143,,,,,,,,,,,,,,,,,,,,,,,,,,,,,0,3.0,0.143,63.1,6.0
832,Medium,RPath,1292,3.0,2.0,0.189,6.0,0.567,0.031496062992125984,3.0,0.189,190.5,54,3,3,9.0,sidewalks,186.858,CON,1,2,2,1,2,0,1,2,0,0,0,0,1,2,0,0,0,0,0,0,0,0,0,0,0,0,0,2,0,0,0,0,0,0,1,0,0,0,0,0,0,0,0,0,0,0,0,0,1,1,1,2,2,5,0,0,3,1,0,0,0,0,0,0,0,0,0,0,0,0,0,0,0,1,2,2,1,2,2,0,0,0,0,3,1,1,1,0,0,0,0,0,0,0,0,0,5,0,0.213,0.047,,,0.031,0.134,,,,,,,,,,,,,,,,,,,,,,,,,,,,,0,3.0,0.189,190.5,6.0
833,Medium,RPath,1293,3.0,2.0,0.185,6.0,0.5549999999999999,0.14814814814814814,3.0,0.185,40.5,57,3,3,9.0,sidewalks,37.409,CON,1,2,2,1,2,0,1,0,0,0,0,0,1,2,2,0,0,0,0,0,0,0,0,0,0,5,0,2,0,0,0,0,0,0,1,2,0,0,0,0,0,0,0,0,0,0,0,0,1,1,1,2,2,5,0,0,3,1,0,0,0,0,0,0,0,0,0,0,0,0,0,0,0,1,2,0,1,2,0,0,0,0,0,3,1,1,1,0,0,0,0,0,0,0,0,0,5,0,0.185,,,,,0.074,,,,,,,,,,,,,0.111,,,,,,,,,,,,,,,,0,3.0,0.185,40.5,6.0
834,Medium,RPath,1310,3.0,2.0,0.233,6.0,0.6990000000000001,0.08287292817679558,3.0,0.233,72.4,54,3,3,9.0,sidewalks,72.858,HMAC,1,2,0,1,2,0,1,2,0,0,0,0,1,2,0,1,0,0,0,0,0,0,0,0,0,0,0,2,0,0,0,0,0,0,1,2,2,0,0,0,0,0,0,0,0,0,0,0,1,1,1,2,2,5,0,4,3,1,0,0,0,0,0,0,0,0,0,0,0,0,0,0,0,1,2,0,1,2,0,0,0,0,0,3,0,0,0,0,0,0,0,0,0,0,0,0,5,0,0.373,,,,0.186,0.186,,,,,,,,,,,,,,,,,,,,,,,,,,,,,0,3.0,0.233,72.4,6.0
835,Medium,RPath,1312,3.0,2.0,0.16,6.0,0.48,0.023464998044583497,3.0,0.16,255.7,62,3,3,9.0,sidewalks,255.045,HMAC,1,2,2,1,2,2,1,2,2,0,0,0,1,2,2,0,0,0,0,0,0,0,0,0,0,5,0,2,0,0,0,0,0,0,1,2,2,0,0,0,0,0,0,0,1,0,0,0,1,0,1,2,2,0,0,4,3,0,0,0,0,0,0,0,0,0,0,0,0,0,0,0,0,1,2,2,1,2,0,0,0,0,0,3,0,0,0,0,0,0,0,0,0,0,0,0,5,0,0.305,0.006,,,0.194,0.106,,,,,,,,,,,,,,,,,,,,,,,,,,,,,0,3.0,0.16,255.7,6.0
836,Medium,RPath,1314,3.0,2.0,0.101,6.0,0.30300000000000005,0.08474576271186442,3.0,0.101,70.8,52,3,3,9.0,sidewalks,73.169,HMAC,1,2,0,1,2,0,1,2,0,0,0,0,1,2,0,0,0,0,0,0,0,0,0,0,0,0,0,2,0,0,0,0,0,0,1,2,2,0,0,0,0,0,0,0,0,0,0,0,1,0,1,2,2,5,0,4,3,1,0,0,0,0,0,0,0,0,0,0,0,0,0,0,0,1,2,0,1,2,0,0,0,0,0,3,0,0,0,0,0,0,0,0,0,0,0,0,5,0,0.403,,,,0.403,,,,,,,,,,,,,,,,,,,,,,,,,,,,,,0,3.0,0.101,70.8,6.0
837,Medium,RPath,1315,3.0,2.0,0.141,6.0,0.42299999999999993,1.1320754716981132,3.0,0.141,5.3,52,3,3,9.0,sidewalks,5.632,CON,1,2,0,1,2,0,1,0,0,0,0,0,1,0,0,0,0,0,0,0,0,0,0,0,0,0,0,2,0,0,0,0,0,0,1,2,2,0,0,0,0,0,0,0,0,0,0,0,1,0,1,2,2,5,0,4,3,0,0,0,0,0,0,0,0,0,0,0,0,0,0,0,0,1,2,0,1,2,0,0,0,0,5,3,0,0,0,0,0,0,0,0,0,0,0,0,5,0,0.282,,,,,,,,,,,,,,,,,0.282,,,,,,,,,,,,,,,,,0,3.0,0.141,5.3,6.0
838,Medium,RPath,1332,3.0,2.0,0.148,6.0,0.44399999999999995,0.028832292167227297,3.0,0.148,208.1,62,3,3,9.0,sidewalks,102.735,CON,1,2,2,1,2,2,0,0,0,0,0,0,1,0,0,1,2,0,0,0,0,0,0,0,5,0,0,0,0,0,0,0,0,0,1,2,2,0,0,0,0,0,0,0,1,2,2,0,0,0,1,2,2,5,5,0,3,0,0,0,0,0,0,0,0,0,0,0,0,0,1,0,0,1,0,0,1,0,0,0,0,0,5,0,1,0,0,1,0,0,0,0,0,0,0,0,5,0,0.288,,,,0.166,0.101,,,,,,,,0.022,,,,,,,,,,,,,,,,,,,,,1,3.0,0.148,208.1,16.0
839,Medium,RPath,1341,3.0,2.0,0.116,6.0,0.34800000000000003,0.07702182284980744,3.0,0.116,77.9,65,4,3,9.0,sidewalks,76.544,PB,1,0,0,1,0,0,0,0,0,0,0,0,1,2,0,1,2,0,0,0,0,0,0,0,5,0,0,0,0,0,0,1,2,2,1,2,2,0,0,0,0,0,0,0,1,2,0,0,0,0,1,0,0,0,5,4,0,1,0,0,0,1,2,0,1,2,0,1,0,0,1,0,0,1,2,0,1,0,0,0,0,0,5,3,1,1,1,0,0,0,0,0,0,0,0,0,5,0,0.135,,,,,0.077,,,,,,,,,,0.039,0.019,,,,,,,,,,,,,,,,,,1,3.0,0.116,77.9,16.0
840,Medium,RPath,1347,3.0,2.0,0.147,6.0,0.44099999999999995,0.02609830361026533,3.0,0.147,229.9,55,3,3,9.0,sidewalks,116.439,CON,1,2,2,1,2,0,1,0,0,1,0,0,1,2,0,0,0,0,0,0,0,0,0,0,0,0,0,2,1,0,0,0,0,0,1,2,2,0,0,0,0,0,0,5,1,0,0,0,0,0,1,2,2,0,0,0,0,1,0,0,0,0,0,0,1,2,0,0,0,0,1,0,0,1,2,0,1,2,2,0,0,0,0,3,1,0,1,0,0,0,0,0,0,0,0,0,5,0,0.183,0.117,,,0.039,,,,,,,,,,,,0.013,0.013,,,,,,,,,,,,,,,,,0,3.0,0.147,229.9,6.0
841,Medium,RPath,1348,3.0,2.0,0.137,6.0,0.41100000000000003,0.013522650439486139,3.0,0.137,443.7,61,3,3,9.0,sidewalks,222.468,HMAC,1,2,2,1,2,0,1,0,0,1,2,0,1,2,0,0,0,0,0,0,0,1,2,0,0,0,0,2,0,0,0,0,0,0,1,2,2,0,0,0,0,0,0,5,0,0,0,0,0,0,1,2,2,0,0,0,0,1,0,0,0,0,0,0,1,2,2,1,0,0,1,2,0,1,0,0,1,2,2,0,0,0,0,3,1,0,1,0,0,0,0,0,0,0,0,0,5,0,0.139,0.007,,0.007,,0.115,,,,,,,,,,,,0.003,0.007,,,,,,,,,,,,,,,,0,3.0,0.137,443.7,6.0
842,Medium,RPath,84,3.0,2.0,0.224,6.0,0.672,0.06772009029345373,3.0,0.224,88.6,56,3,3,9.0,sidewalks,11.215,CON,1,0,0,1,0,0,0,0,0,0,0,0,1,2,2,1,2,2,0,0,0,0,0,0,0,5,0,2,0,0,0,0,0,0,1,2,2,0,0,0,0,0,0,0,0,0,0,0,1,1,1,2,2,5,0,4,0,0,0,0,0,0,0,0,0,0,0,0,0,0,0,0,0,1,0,0,1,2,0,0,0,0,0,0,1,1,0,0,0,0,0,0,0,1,2,2,5,0,0.813,,,,0.728,,,,,,,,,,,,,0.085,,,,,,,,,,,,,,,,,0,3.0,0.224,88.6,6.0
843,Medium,RPath,891,3.0,2.0,0.191,6.0,0.573,0.025488530161427356,3.0,0.191,235.4,64,4,3,9.0,sidewalks,51.17,HMAC,1,2,2,1,2,2,0,0,0,0,0,0,1,2,2,0,0,0,0,0,0,0,0,0,0,5,0,0,0,0,0,0,0,0,1,0,0,0,0,0,0,0,0,0,0,0,0,0,1,1,1,2,2,5,5,0,3,0,0,0,0,0,0,0,0,0,0,0,0,0,0,0,0,1,0,0,1,2,2,0,0,0,0,3,1,1,1,0,0,0,1,2,0,1,2,0,5,0,0.191,,,,,0.185,,,,,,,,,,,0.006,,,,,,,,,,,,,,,,,,0,3.0,0.191,235.4,6.0
844,Medium,RPath,845,3.0,2.0,0.174,6.0,0.522,0.018915510718789406,3.0,0.174,317.2,49,3,3,9.0,sidewalks,80.642,HMAC,1,2,0,0,0,0,0,0,0,0,0,0,1,2,2,0,0,0,0,0,0,0,0,0,0,0,3,0,1,2,2,0,0,0,0,0,0,0,0,0,0,0,0,0,1,0,0,0,0,0,1,2,2,0,5,0,0,0,1,2,0,1,0,0,1,0,0,0,0,0,0,0,0,0,0,0,1,2,0,1,0,0,0,0,1,1,1,1,2,2,0,0,0,0,0,0,5,0,0.298,,,,0.128,0.128,,,,,,,0.005,0.038,,,,,,,,,,,,,,,,,,,,,0,3.0,0.174,317.2,6.0
845,Medium,RPath,1366,3.0,2.0,0.204,6.0,0.612,0.06944444444444443,3.0,0.204,86.4,58,3,3,9.0,walkways,86.362,HMAC,1,2,2,1,0,0,1,0,0,0,0,0,1,2,2,0,0,0,0,0,0,0,0,0,0,5,0,2,0,0,0,1,2,0,1,2,0,0,0,0,0,0,0,0,0,0,0,0,0,0,1,2,2,0,0,0,0,1,0,0,0,0,0,0,1,2,0,1,2,0,1,0,0,1,2,2,1,2,2,0,0,0,0,3,1,0,1,0,0,0,0,0,0,0,0,0,5,0,0.243,,,,0.052,0.174,,,,,,,0.017,,,,,,,,,,,,,,,,,,,,,,0,3.0,0.204,86.4,6.0
846,Medium,RPath,1369,3.0,2.0,0.153,6.0,0.45899999999999996,0.03888528839922229,3.0,0.153,154.3,66,4,3,9.0,walkways,154.315,HMAC,1,2,2,1,2,2,0,0,0,0,0,0,1,2,2,0,0,0,1,0,0,0,0,0,0,5,0,0,0,0,0,1,2,0,1,0,0,0,0,0,1,2,2,0,1,0,0,0,1,0,1,2,2,5,5,0,0,0,1,2,2,0,0,0,0,0,0,0,0,0,0,0,0,0,0,0,1,2,2,0,0,0,0,0,1,1,1,0,0,0,1,0,0,0,0,0,5,0,0.612,,,,0.612,,,,,,,,,,,,,,,,,,,,,,,,,,,,,,1,3.0,0.153,154.3,16.0
847,Medium,RPath,1452,3.0,2.0,0.108,6.0,0.324,0.04807692307692308,3.0,0.108,124.8,57,3,3,9.0,walkways,124.798,HMAC,1,2,2,1,2,0,1,2,0,0,0,0,1,2,2,1,2,2,0,0,0,0,0,0,0,5,0,2,0,0,0,0,0,0,1,2,0,0,0,0,0,0,0,0,1,2,0,0,1,0,1,2,0,0,0,0,0,1,0,0,0,0,0,0,1,0,0,0,0,0,0,0,0,1,2,0,1,0,0,0,0,0,5,3,0,0,0,0,0,0,0,0,0,0,0,0,5,0,0.108,,,,,0.108,,,,,,,,,,,,,,,,,,,,,,,,,,,,,0,3.0,0.108,124.8,6.0
848,Medium,RPath,1472,3.0,2.0,0.155,6.0,0.46499999999999997,0.05176876617773943,3.0,0.155,115.9,49,3,3,9.0,walkways,115.88,SS,1,2,2,1,2,0,1,2,0,0,0,0,1,2,2,0,0,0,0,0,0,0,0,0,0,5,0,2,0,0,0,0,0,0,0,0,0,0,0,0,0,0,0,0,0,0,0,0,1,1,1,2,2,0,0,0,3,1,0,0,0,0,0,0,0,0,0,0,0,0,0,0,0,1,2,0,1,2,0,0,0,0,0,3,0,0,0,1,0,0,0,0,0,0,0,0,5,0,0.22,,,,,,,,,,,,,,,,,,,,,,,,,,0.129,,0.091,,,,,,0,3.0,0.155,115.9,6.0
849,Medium,RPath,1487,3.0,2.0,0.121,6.0,0.363,0.14925373134328357,3.0,0.121,40.2,61,3,3,9.0,walkways,40.214,HMAC,1,2,2,1,2,2,1,2,2,0,0,0,1,2,0,1,2,0,0,0,0,0,0,0,0,5,0,2,0,0,0,0,0,0,1,2,0,0,0,0,0,0,0,0,1,2,0,0,0,0,1,2,2,0,0,0,3,0,0,0,0,0,0,0,0,0,0,0,0,0,1,0,0,1,2,2,1,2,2,0,0,0,0,3,0,0,0,0,0,0,0,0,0,0,0,0,5,0,0.485,,,,0.485,,,,,,,,,,,,,,,,,,,,,,,,,,,,,,0,3.0,0.121,40.2,6.0
850,Medium,RPath,1507,3.0,2.0,0.122,6.0,0.366,0.15037593984962405,3.0,0.122,39.9,60,3,3,9.0,walkways,39.853,HMAC,1,2,2,1,2,2,1,2,2,0,0,0,1,2,0,1,2,0,0,0,0,0,0,0,0,5,0,2,0,0,0,0,0,0,1,2,2,0,0,0,0,0,0,0,1,2,0,0,0,0,1,2,2,0,0,0,0,1,0,0,0,0,0,0,0,0,0,0,0,0,0,0,0,1,2,2,1,2,2,0,0,0,0,3,0,0,0,0,0,0,0,0,0,0,0,0,5,0,0.489,,,,0.489,,,,,,,,,,,,,,,,,,,,,,,,,,,,,,0,3.0,0.122,39.9,6.0
851,Medium,RPath,1517,3.0,2.0,0.166,6.0,0.498,0.05123825789923143,3.0,0.166,117.1,49,3,3,9.0,walkways,117.142,SS,1,2,2,1,2,2,1,2,2,0,0,0,1,0,0,0,0,0,0,0,0,0,0,0,0,5,0,2,0,0,0,0,0,0,0,0,0,0,0,0,0,0,0,0,0,0,0,0,0,0,1,2,2,0,0,0,3,1,0,0,0,0,0,0,0,0,0,0,0,0,0,0,0,1,2,0,1,2,0,0,0,0,0,3,1,1,1,0,0,0,0,0,0,0,0,0,5,0,0.166,,,,,,,,,,,,,,,,,,,0.026,,,,,,0.013,,,0.128,,,,,,0,3.0,0.166,117.1,6.0
852,Medium,RPath,5,2.0,3.0,0.011,6.0,0.022,0.02613240418118467,2.0,0.011,229.6,42,2,2,4.0,sidewalks,229.372,CON,1,2,0,0,0,0,0,0,0,1,2,0,1,2,0,0,0,0,0,0,0,0,0,0,0,0,3,0,1,2,0,0,0,0,1,2,0,0,0,0,0,0,0,0,1,0,0,0,0,0,1,2,0,0,5,0,0,1,0,0,0,1,0,0,1,0,0,0,0,0,0,0,0,1,0,0,1,2,0,0,0,0,0,0,1,1,1,0,0,0,0,0,0,0,0,0,5,0,0.046,,,,0.046,,,,,,,,,,,,,,,,,,,,,,,,,,,,,,0,2.0,0.011,229.6,6.0
853,Medium,RPath,43,2.0,3.0,0.069,6.0,0.138,0.0650759219088937,2.0,0.069,92.2,45,2,2,4.0,sidewalks,91.522,HMAC,1,0,0,0,0,0,1,0,0,1,0,0,1,2,2,0,0,0,0,0,0,0,0,0,5,0,0,2,0,0,0,0,0,0,1,2,2,0,0,0,0,0,0,0,1,0,0,0,0,0,1,2,2,0,5,0,0,1,0,0,0,0,0,0,0,0,0,0,0,0,0,0,0,0,0,0,0,0,0,0,0,0,0,0,1,1,1,1,2,2,0,0,0,0,0,0,5,0,0.13,,,,0.081,0.049,,,,,,,,,,,,,,,,,,,,,,,,,,,,,0,2.0,0.069,92.2,6.0
854,Medium,RPath,66,2.0,3.0,0.012,6.0,0.024,0.0390625,2.0,0.012,153.6,46,3,2,4.0,sidewalks,92.444,HMAC,1,2,0,1,0,0,0,0,0,0,0,0,1,2,0,0,0,0,0,0,0,1,0,0,0,0,0,2,0,0,0,1,0,0,1,2,2,0,0,0,0,0,0,0,1,0,0,0,1,1,1,2,0,0,0,0,0,1,0,0,0,0,0,0,0,0,0,0,0,0,1,0,0,1,2,2,1,0,0,0,0,0,5,3,0,0,0,0,0,0,0,0,0,1,2,0,5,0,0.049,,,,0.039,,,0.01,,,,,,,,,,,,,,,,,,,,,,,,,,,0,2.0,0.012,153.6,6.0
855,Medium,RPath,81,2.0,3.0,0.071,6.0,0.142,0.08163265306122448,2.0,0.071,73.5,44,2,2,4.0,sidewalks,76.119,HMAC,1,2,0,1,0,0,1,0,0,0,0,0,1,0,0,1,2,0,0,0,0,0,0,0,0,0,0,2,0,0,0,0,0,0,1,2,2,0,0,0,0,0,0,0,1,0,0,0,1,1,1,2,2,5,0,4,0,1,0,0,0,0,0,0,0,0,0,0,0,0,0,0,0,1,0,0,1,0,0,0,0,0,0,3,0,0,0,0,0,0,0,0,0,0,0,0,5,0,0.286,,,,0.286,,,,,,,,,,,,,,,,,,,,,,,,,,,,,,0,2.0,0.071,73.5,6.0
856,Medium,RPath,83,2.0,3.0,0.04,6.0,0.08,0.046012269938650305,2.0,0.04,130.4,48,3,2,4.0,sidewalks,86.289,CON,1,0,0,1,0,0,0,0,0,0,0,0,1,2,2,1,2,2,0,0,0,0,0,0,0,0,0,2,0,0,0,0,0,0,1,2,2,0,0,0,0,0,0,0,0,0,0,0,1,1,1,2,2,0,5,0,0,1,0,0,0,0,0,0,0,0,0,0,0,0,0,0,0,0,0,0,1,2,0,0,0,0,0,0,1,1,1,0,0,0,0,0,0,1,2,2,5,0,0.161,,,,0.161,,,,,,,,,,,,,,,,,,,,,,,,,,,,,,0,2.0,0.04,130.4,6.0
857,Medium,RPath,112,2.0,3.0,0.095,6.0,0.19,0.06060606060606061,2.0,0.095,99.0,35,2,2,4.0,sidewalks,98.962,HMAC,1,2,0,0,0,0,0,0,0,0,0,0,1,2,0,1,2,0,0,0,0,0,0,0,0,0,3,0,1,0,0,0,0,0,1,0,0,0,0,0,0,0,0,0,1,0,0,0,0,0,1,0,0,0,0,0,0,1,0,0,0,0,0,0,1,2,0,0,0,0,0,0,0,1,0,0,1,0,0,0,0,0,0,0,1,1,1,1,2,2,0,0,0,0,0,0,5,0,0.288,,,,0.258,0.03,,,,,,,,,,,,,,,,,,,,,,,,,,,,,0,2.0,0.095,99.0,6.0
858,Medium,RPath,114,2.0,3.0,0.037,6.0,0.074,0.06651884700665188,2.0,0.037,90.2,44,2,2,4.0,sidewalks,90.21,CON,1,2,2,1,0,0,0,0,0,0,0,0,1,0,0,1,0,0,0,0,0,0,0,0,0,5,0,2,0,0,0,0,0,0,0,0,0,0,0,0,0,0,0,5,0,0,0,0,0,0,1,2,2,0,0,0,0,1,0,0,0,0,0,0,0,0,0,0,0,0,0,0,0,1,0,0,1,0,0,0,0,0,0,3,1,1,1,1,2,2,0,0,0,0,0,0,5,0,0.05,,,,0.017,,,,,,0.017,,,,,,0.017,,,,,,,,,,,,,,,,,,0,2.0,0.037,90.2,6.0
859,Medium,RPath,143,2.0,3.0,0.099,6.0,0.198,0.06593406593406594,2.0,0.099,91.0,38,2,2,4.0,sidewalks,87.639,CON,1,2,2,0,0,0,0,0,0,0,0,0,1,0,0,0,0,0,0,0,0,0,0,0,0,0,0,2,0,0,0,0,0,0,0,0,0,0,0,0,0,0,0,0,0,0,0,0,0,0,1,2,2,0,0,0,3,1,0,0,0,0,0,0,0,0,0,0,0,0,0,0,0,1,2,2,1,2,0,0,0,0,5,0,1,1,1,0,0,0,0,0,0,0,0,0,5,0,0.148,,,0.016,0.066,0.066,,,,,,,,,,,,,,,,,,,,,,,,,,,,,0,2.0,0.099,91.0,6.0
860,Medium,RPath,144,2.0,3.0,0.064,6.0,0.128,0.06382978723404255,2.0,0.064,94.0,43,2,2,4.0,sidewalks,89.582,CON,1,2,2,1,0,0,1,0,0,0,0,0,1,0,0,0,0,0,0,0,0,0,0,0,0,0,0,2,0,0,0,0,0,0,1,0,0,0,0,0,0,0,0,0,0,0,0,0,1,0,1,2,2,0,0,0,3,1,0,0,0,0,0,0,0,0,0,0,0,0,0,0,0,1,2,0,1,2,0,0,0,0,5,3,1,1,1,0,0,0,0,0,0,0,0,0,5,0,0.064,,,,,0.064,,,,,,,,,,,,,,,,,,,,,,,,,,,,,0,2.0,0.064,94.0,6.0
861,Medium,RPath,145,2.0,3.0,0.096,6.0,0.192,0.06369426751592357,2.0,0.096,94.2,46,3,2,4.0,sidewalks,94.188,HMAC,1,2,0,1,0,0,1,0,0,0,0,0,1,2,0,1,2,0,0,0,0,0,0,0,0,0,0,2,0,0,0,1,2,0,1,2,0,0,0,0,0,0,0,0,1,2,0,0,0,0,1,2,2,0,0,0,3,1,0,0,0,0,0,0,0,0,0,0,0,0,0,0,0,0,0,0,1,0,0,0,0,0,5,3,1,0,0,0,0,0,0,0,0,0,0,0,5,0,0.239,0.016,,,0.191,0.032,,,,,,,,,,,,,,,,,,,,,,,,,,,,,0,2.0,0.096,94.2,6.0
862,Medium,RPath,171,2.0,3.0,0.086,6.0,0.172,0.11494252873563218,2.0,0.086,52.2,40,2,2,4.0,sidewalks,50.738,HMAC,1,2,2,0,0,0,0,0,0,0,0,0,1,2,2,0,0,0,0,0,0,0,0,0,0,0,3,0,1,0,0,0,0,0,0,0,0,0,0,0,0,0,0,0,0,0,0,0,0,0,1,2,2,0,5,0,0,1,0,0,0,0,0,0,1,0,0,0,0,0,0,0,0,0,0,0,1,0,0,0,0,0,0,0,1,1,1,1,2,2,0,0,0,0,0,0,5,0,0.345,,,,0.345,,,,,,,,,,,,,,,,,,,,,,,,,,,,,,0,2.0,0.086,52.2,6.0
863,Medium,RPath,181,2.0,3.0,0.054,6.0,0.108,0.08583690987124463,2.0,0.054,69.9,48,3,2,4.0,sidewalks,72.339,HMAC,1,2,0,1,0,0,1,0,0,1,0,0,1,2,0,0,0,0,0,0,0,0,0,0,0,0,0,2,0,0,0,0,0,0,1,0,0,0,0,0,0,0,0,0,0,0,0,0,0,0,1,2,2,5,0,4,0,1,0,0,0,0,0,0,0,0,0,0,0,0,0,0,0,1,0,0,1,2,2,0,0,0,5,3,0,1,1,0,0,0,0,0,0,0,0,0,5,0,0.15,,,,0.107,0.021,,,,,,,,0.021,,,,,,,,,,,,,,,,,,,,,0,2.0,0.054,69.9,6.0
864,Medium,RPath,182,2.0,3.0,0.044,6.0,0.088,0.07905138339920947,2.0,0.044,75.9,40,2,2,4.0,sidewalks,75.873,HMAC,1,2,0,1,0,0,1,0,0,1,0,0,1,2,0,0,0,0,0,0,0,0,0,0,0,0,0,2,0,0,0,0,0,0,0,0,0,0,0,0,0,0,0,0,0,0,0,0,0,0,1,2,2,5,0,4,0,1,0,0,0,0,0,0,0,0,0,0,0,0,0,0,0,1,0,0,1,2,2,0,0,0,0,3,0,0,0,0,0,0,0,0,0,0,0,0,5,0,0.178,,,,0.158,,,,,,,,,0.02,,,,,,,,,,,,,,,,,,,,,0,2.0,0.044,75.9,6.0
865,Medium,RPath,183,2.0,3.0,0.059,6.0,0.118,0.02058319039451115,2.0,0.059,291.5,45,2,2,4.0,sidewalks,291.466,HMAC,1,2,2,1,0,0,1,0,0,1,2,2,1,2,2,0,0,0,0,0,0,0,0,0,0,5,0,2,0,0,0,0,0,0,1,0,0,0,0,0,0,0,0,0,0,0,0,0,0,0,1,2,2,0,0,0,0,1,0,0,0,0,0,0,0,0,0,0,0,0,0,0,0,1,0,0,1,2,2,0,0,0,0,3,0,0,0,0,0,0,0,0,0,0,0,0,5,0,0.19,,,,0.175,0.015,,,,,,,,,,,,,,,,,,,,,,,,,,,,,0,2.0,0.059,291.5,6.0
866,Medium,RPath,233,2.0,3.0,0.066,6.0,0.132,0.0881057268722467,2.0,0.066,68.1,45,2,2,4.0,sidewalks,75.719,HMAC,1,2,2,1,2,2,1,2,2,0,0,0,0,0,0,0,0,0,0,0,0,0,0,0,0,0,0,2,0,0,0,0,0,0,1,2,2,0,0,0,0,0,0,0,0,0,0,0,0,0,1,2,2,0,0,4,0,1,0,0,0,0,0,0,0,0,0,0,0,0,0,0,0,1,0,0,1,0,0,0,0,0,0,3,1,1,1,0,0,0,0,0,0,0,0,0,5,0,0.264,,,,0.264,,,,,,,,,,,,,,,,,,,,,,,,,,,,,,0,2.0,0.066,68.1,6.0
867,Medium,RPath,237,2.0,3.0,0.054,6.0,0.108,0.07255139056831922,2.0,0.054,82.7,45,2,2,4.0,sidewalks,82.69,CON,1,2,0,1,2,0,1,2,0,0,0,0,1,2,0,1,2,0,0,0,0,0,0,0,0,0,0,2,0,0,0,0,0,0,1,0,0,0,0,0,0,0,0,5,0,0,0,0,0,0,1,0,0,0,0,0,0,1,0,0,0,0,0,0,0,0,0,0,0,0,0,0,0,1,0,0,1,2,2,0,0,0,5,3,1,0,0,0,0,0,0,0,0,0,0,0,5,0,0.145,,,,0.073,,,,,,,,,,,,,0.073,,,,,,,,,,,,,,,,,0,2.0,0.054,82.7,6.0
868,Medium,RPath,240,2.0,3.0,0.018,6.0,0.036,0.07334963325183375,2.0,0.018,81.8,46,3,2,4.0,sidewalks,81.782,CON,1,2,0,1,2,0,1,2,0,0,0,0,1,2,0,1,2,0,0,0,0,0,0,0,0,0,0,2,0,0,0,1,0,0,1,0,0,0,0,0,0,0,0,5,0,0,0,0,0,0,1,0,0,0,0,0,0,1,0,0,0,0,0,0,0,0,0,0,0,0,0,0,0,1,0,0,1,2,2,0,0,0,5,3,1,0,0,0,0,0,0,0,0,0,0,0,5,0,0.018,,,0.018,,,,,,,,,,,,,,,,,,,,,,,,,,,,,,,0,2.0,0.018,81.8,6.0
869,Medium,RPath,244,2.0,3.0,0.047,6.0,0.094,0.0259852750108272,2.0,0.047,230.9,45,2,2,4.0,sidewalks,231.691,HMAC,1,2,2,1,2,0,1,2,0,0,0,0,0,0,0,0,0,0,0,0,0,0,0,0,0,5,3,2,0,0,0,0,0,0,0,0,0,0,0,0,0,0,0,0,0,0,0,0,0,0,1,0,0,5,5,0,0,1,0,0,0,0,0,0,0,0,0,0,0,0,0,0,0,1,0,0,0,0,0,0,0,0,0,3,1,1,1,0,0,0,0,0,0,0,0,0,5,0,0.13,,,,0.11,0.019,,,,,,,,,,,,,,,,,,,,,,,,,,,,,0,2.0,0.047,230.9,6.0
870,Medium,RPath,248,2.0,3.0,0.033,6.0,0.066,0.06543075245365322,2.0,0.033,91.7,43,2,2,4.0,sidewalks,93.518,HMAC,1,2,2,1,2,0,1,2,0,0,0,0,0,0,0,0,0,0,0,0,0,0,0,0,0,0,3,2,0,0,0,0,0,0,0,0,0,0,0,0,0,0,0,0,0,0,0,0,0,0,1,2,0,5,5,0,0,1,0,0,0,0,0,0,0,0,0,0,0,0,0,0,0,1,0,0,1,0,0,0,0,0,0,3,1,1,1,0,0,0,0,0,0,0,0,0,5,0,0.131,,,,0.115,,,,,0.016,,,,,,,,,,,,,,,,,,,,,,,,,0,2.0,0.033,91.7,6.0
871,Medium,RPath,278,2.0,3.0,0.034,6.0,0.068,0.02738475581926061,2.0,0.034,219.1,41,2,2,4.0,sidewalks,226.497,CON,1,2,0,0,0,0,0,0,0,0,0,0,1,0,0,0,0,0,0,0,0,0,0,0,5,0,0,2,0,0,0,1,2,2,0,0,0,1,2,0,0,0,0,0,1,2,0,0,1,0,1,2,0,0,0,0,0,1,0,0,0,0,0,0,0,0,0,0,0,0,0,0,0,1,2,0,1,2,0,0,0,0,0,0,1,1,1,0,0,0,0,0,0,0,0,0,5,0,0.13,,,,0.123,,,,,,,,,,,0.007,,,,,,,,,,,,,,,,,,,0,2.0,0.034,219.1,6.0
872,Medium,RPath,281,2.0,3.0,0.026,6.0,0.052,0.045489006823351025,2.0,0.026,131.9,33,2,2,4.0,sidewalks,131.896,HMAC,1,2,0,1,0,0,1,0,0,0,0,0,1,2,2,1,0,0,0,0,0,0,0,0,0,0,0,2,0,0,0,0,0,0,1,2,2,0,0,0,0,0,0,0,0,0,0,0,0,0,1,0,0,0,0,0,0,1,0,0,0,0,0,0,0,0,0,0,0,0,0,0,0,1,0,0,1,2,0,0,0,0,0,3,0,1,0,0,0,0,0,0,0,0,0,0,5,0,0.102,,,,0.102,,,,,,,,,,,,,,,,,,,,,,,,,,,,,,0,2.0,0.026,131.9,6.0
873,Medium,RPath,323,2.0,3.0,0.033,6.0,0.066,0.02,2.0,0.033,300.0,43,2,2,4.0,sidewalks,299.999,CON,1,2,2,0,0,0,0,0,0,0,0,0,1,2,2,0,0,0,1,2,2,0,0,0,0,5,0,0,0,0,0,0,0,0,0,0,0,0,0,0,0,0,0,0,0,0,0,0,0,0,1,2,2,5,5,0,0,0,0,0,0,0,0,0,0,0,0,0,0,0,0,0,0,0,0,0,0,0,0,0,0,0,0,0,1,1,1,0,0,0,0,0,0,0,0,0,5,0,0.065,,,,0.04,0.01,,,,,,,,,,0.005,,,0.01,,,,,,,,,,,,,,,,0,2.0,0.033,300.0,6.0
874,Medium,RPath,324,2.0,3.0,0.018,6.0,0.036,0.02,2.0,0.018,300.0,31,2,2,4.0,sidewalks,298.299,CON,1,2,0,0,0,0,0,0,0,0,0,0,1,2,2,0,0,0,1,2,2,0,0,0,0,0,0,0,0,0,0,0,0,0,0,0,0,0,0,0,0,0,0,0,0,0,0,0,0,0,1,2,2,5,5,0,0,0,0,0,0,0,0,0,0,0,0,0,0,0,0,0,0,0,0,0,0,0,0,0,0,0,0,0,1,1,1,0,0,0,0,0,0,0,0,0,0,0,0.025,,,,0.01,0.015,,,,,,,,,,,,,,,,,,,,,,,,,,,,,0,2.0,0.018,300.0,6.0
875,Medium,RPath,326,2.0,3.0,0.03,6.0,0.06,0.02,2.0,0.03,300.0,33,2,2,4.0,sidewalks,300.0,CON,1,2,0,0,0,0,0,0,0,0,0,0,1,2,2,0,0,0,1,2,2,0,0,0,0,0,0,0,0,0,0,0,0,0,1,0,0,0,0,0,0,0,0,0,0,0,0,0,0,0,1,2,2,5,5,0,0,0,0,0,0,0,0,0,0,0,0,0,0,0,0,0,0,1,0,0,0,0,0,0,0,0,0,0,1,1,1,0,0,0,0,0,0,0,0,0,0,0,0.03,,,,,0.03,,,,,,,,,,,,,,,,,,,,,,,,,,,,,0,2.0,0.03,300.0,6.0
876,Medium,RPath,516,2.0,3.0,0.04,6.0,0.08,0.048701298701298704,2.0,0.04,123.2,43,2,2,4.0,sidewalks,132.453,HMAC,1,2,0,0,0,0,0,0,0,0,0,0,1,2,0,0,0,0,0,0,0,0,0,0,5,0,0,2,0,0,0,1,2,2,0,0,0,0,0,0,0,0,0,0,0,0,0,0,1,1,1,2,2,0,5,0,0,1,0,0,0,0,0,0,0,0,0,0,0,0,0,0,0,0,0,0,0,0,0,0,0,0,0,0,1,1,1,1,2,0,0,0,0,1,0,0,5,0,0.158,,,,0.146,,,,,0.012,,,,,,,,,,,,,,,,,,,,,,,,,0,2.0,0.04,123.2,6.0
877,Medium,RPath,580,2.0,3.0,0.078,6.0,0.156,0.02120141342756184,2.0,0.078,283.0,46,3,2,4.0,sidewalks,283.614,HMAC,1,2,2,1,2,0,1,2,0,0,0,0,1,2,0,0,0,0,0,0,0,0,0,0,0,0,0,2,0,0,0,0,0,0,0,0,0,0,0,0,0,0,0,0,0,0,0,0,0,0,1,2,0,0,0,0,3,1,0,0,0,0,0,0,0,0,0,0,0,0,0,0,0,1,2,2,1,2,0,0,0,0,5,3,0,1,1,0,0,0,0,0,0,0,0,0,5,0,0.302,,,,0.292,,,,,,,,,,,,,0.011,,,,,,,,,,,,,,,,,0,2.0,0.078,283.0,6.0
878,Medium,RPath,581,2.0,3.0,0.012,6.0,0.024,0.03143006809848088,2.0,0.012,190.9,40,2,2,4.0,sidewalks,189.083,CON,1,2,2,1,2,2,1,0,0,0,0,0,1,2,2,0,0,0,0,0,0,0,0,0,0,5,0,2,0,0,0,0,0,0,0,0,0,0,0,0,0,0,0,0,0,0,0,0,0,0,1,0,0,0,0,0,0,1,0,0,0,0,0,0,0,0,0,0,0,0,0,0,0,1,0,0,1,0,0,0,0,0,5,0,1,1,1,0,0,0,0,0,0,0,0,0,5,0,0.024,,,,,,,,,,,,,,,,,0.024,,,,,,,,,,,,,,,,,0,2.0,0.012,190.9,6.0
879,Medium,RPath,582,2.0,3.0,0.028,6.0,0.056,0.05560704355885079,2.0,0.028,107.9,33,2,2,4.0,sidewalks,101.056,CON,1,2,2,1,2,0,1,0,0,0,0,0,1,2,0,0,0,0,0,0,0,0,0,0,0,0,0,2,0,0,0,0,0,0,0,0,0,0,0,0,0,0,0,0,0,0,0,0,0,0,1,0,0,0,0,0,0,1,0,0,0,0,0,0,0,0,0,0,0,0,0,0,0,1,2,0,1,0,0,0,0,0,5,0,1,1,1,0,0,0,0,0,0,0,0,0,5,0,0.111,,,,0.056,,,,,,,,,0.056,,,,,,,,,,,,,,,,,,,,,0,2.0,0.028,107.9,6.0
880,Medium,RPath,657,2.0,3.0,0.026,6.0,0.052,0.025673940949935817,2.0,0.026,233.7,46,3,2,4.0,sidewalks,233.677,HMAC,1,2,2,1,0,0,1,0,0,0,0,0,1,2,2,1,2,0,0,0,0,0,0,0,0,5,0,2,0,0,0,0,0,0,1,2,2,0,0,0,0,0,0,0,1,0,0,0,0,0,1,0,0,0,0,0,0,1,0,0,0,0,0,0,0,0,0,0,0,0,0,0,0,1,0,0,1,2,2,0,0,0,0,3,1,1,0,0,0,0,0,0,0,0,0,0,5,0,0.064,,,,0.045,0.013,,,,,,,,0.006,,,,,,,,,,,,,,,,,,,,,0,2.0,0.026,233.7,6.0
881,Medium,RPath,658,2.0,3.0,0.029,6.0,0.058,0.01999333555481506,2.0,0.029,300.1,45,2,2,4.0,sidewalks,300.15,HMAC,1,2,0,1,0,0,1,0,0,0,0,0,1,2,2,1,2,2,0,0,0,0,0,0,0,5,0,2,0,0,0,0,0,0,1,2,2,0,0,0,0,0,0,0,1,0,0,0,0,0,1,0,0,0,0,0,0,1,0,0,0,0,0,0,0,0,0,0,0,0,0,0,0,1,2,0,1,2,0,0,0,0,0,3,0,1,0,0,0,0,0,0,0,0,0,0,5,0,0.07,,,,0.055,0.015,,,,,,,,,,,,,,,,,,,,,,,,,,,,,0,2.0,0.029,300.1,6.0
882,Medium,RPath,791,2.0,3.0,0.027,6.0,0.054,0.0723763570566948,2.0,0.027,82.9,41,2,2,4.0,sidewalks,82.916,HMAC,1,0,0,1,2,0,0,0,0,0,0,0,1,2,0,1,0,0,0,0,0,0,0,0,0,0,0,2,0,0,0,0,0,0,1,0,0,0,0,0,0,0,0,5,1,0,0,0,0,0,1,0,0,0,0,0,3,1,0,0,0,0,0,0,0,0,0,0,0,0,0,0,0,1,2,0,1,2,0,0,0,0,5,3,0,0,0,0,0,0,0,0,0,0,0,0,5,0,0.054,,,0.018,0.036,,,,,,,,,,,,,,,,,,,,,,,,,,,,,,0,2.0,0.027,82.9,6.0
883,Medium,RPath,871,2.0,3.0,0.032,6.0,0.064,0.02,2.0,0.032,300.0,33,2,2,4.0,sidewalks,300.0,CON,1,2,0,0,0,0,0,0,0,0,0,0,1,2,0,0,0,0,1,2,0,0,0,0,0,0,0,0,0,0,0,0,0,0,1,2,0,0,0,0,0,0,0,0,0,0,0,0,0,0,1,2,2,5,5,0,0,0,0,0,0,0,0,0,1,2,0,0,0,0,0,0,0,0,0,0,0,0,0,0,0,0,0,0,1,1,1,0,0,0,0,0,0,0,0,0,0,0,0.035,,,,,0.02,,,,,,,,,,0.005,0.01,,,,,,,,,,,,,,,,,,0,2.0,0.032,300.0,6.0
884,Medium,RPath,873,2.0,3.0,0.012,6.0,0.024,0.021405636817695327,2.0,0.012,280.3,35,2,2,4.0,sidewalks,280.318,CON,1,2,2,0,0,0,0,0,0,0,0,0,0,0,0,1,0,0,0,0,0,0,0,0,0,0,0,0,0,0,0,0,0,0,1,2,2,0,0,0,0,0,0,0,1,0,0,0,1,0,1,2,2,5,5,0,0,0,0,0,0,0,0,0,1,2,0,0,0,0,0,0,0,1,0,0,0,0,0,0,0,0,0,0,1,1,1,0,0,0,0,0,0,0,0,0,0,0,0.016,,,0.011,0.005,,,,,,,,,,,,,,,,,,,,,,,,,,,,,,0,2.0,0.012,280.3,6.0
885,Medium,RPath,899,2.0,3.0,0.018,6.0,0.036,0.09345794392523364,2.0,0.018,64.2,45,2,2,4.0,sidewalks,64.142,HMAC,1,2,2,1,2,0,0,0,0,0,0,0,1,2,0,0,0,0,0,0,0,0,0,0,0,5,0,2,0,0,0,0,0,0,0,0,0,0,0,0,0,0,0,5,0,0,0,0,0,0,1,0,0,5,0,0,3,1,0,0,0,0,0,0,0,0,0,0,0,0,0,0,0,1,0,0,1,0,0,0,0,0,0,3,1,0,1,0,0,0,0,0,0,0,0,0,5,0,0.047,,,,0.023,,,,,,,,,,,0.023,,,,,,,,,,,,,,,,,,,0,2.0,0.018,64.2,6.0
886,Medium,RPath,900,2.0,3.0,0.088,6.0,0.176,0.06674082313681869,2.0,0.088,89.9,48,3,2,4.0,sidewalks,89.896,HMAC,1,2,2,1,2,0,0,0,0,0,0,0,1,2,0,0,0,0,0,0,0,0,0,0,0,5,0,2,0,0,0,0,0,0,0,0,0,0,0,0,0,0,0,5,0,0,0,0,0,0,1,2,0,5,0,0,3,1,1,0,0,0,0,0,0,0,0,0,0,0,0,0,0,1,0,0,1,0,0,0,0,0,0,3,1,0,1,0,0,0,0,0,0,0,0,0,5,0,0.25,,,,0.217,,,,,,,,0.033,,,,,,,,,,,,,,,,,,,,,,0,2.0,0.088,89.9,6.0
887,Medium,RPath,915,2.0,3.0,0.076,6.0,0.152,0.02242152466367713,2.0,0.076,267.6,45,2,2,4.0,sidewalks,266.308,CON,1,2,2,1,0,0,0,0,0,0,0,0,1,0,0,1,0,0,0,0,0,0,0,0,0,5,0,2,0,0,0,0,0,0,1,2,2,0,0,0,0,0,0,0,0,0,0,0,0,0,1,2,2,5,5,0,0,1,0,0,0,0,0,0,0,0,0,0,0,0,0,0,0,0,0,0,1,2,0,0,0,0,0,0,1,0,0,0,0,0,0,0,0,0,0,0,5,0,0.101,,,0.011,,0.056,,,,,,,,0.034,,,,,,,,,,,,,,,,,,,,,0,2.0,0.076,267.6,6.0
888,Medium,RPath,931,2.0,3.0,0.033,6.0,0.066,0.025041736227045076,2.0,0.033,239.6,41,2,2,4.0,sidewalks,242.598,HMAC,1,2,2,0,0,0,0,0,0,1,2,2,1,2,2,0,0,0,0,0,0,0,0,0,0,0,0,2,0,0,0,0,0,0,1,2,0,0,0,0,0,0,0,0,0,0,0,0,0,0,1,2,0,0,0,0,0,1,0,0,0,0,0,0,0,0,0,0,0,0,1,2,0,0,0,0,1,2,2,0,0,0,0,3,0,1,0,0,0,0,0,0,0,0,0,0,5,0,0.075,,,,0.056,0.019,,,,,,,,,,,,,,,,,,,,,,,,,,,,,0,2.0,0.033,239.6,6.0
889,Medium,RPath,939,2.0,3.0,0.02,6.0,0.04,0.10752688172043011,2.0,0.02,55.8,48,3,2,4.0,sidewalks,62.888,HMAC,1,2,2,1,0,0,1,0,0,1,0,0,1,2,0,0,0,0,0,0,0,0,0,0,0,0,0,2,0,0,0,0,0,0,1,2,2,0,0,0,0,0,0,0,0,0,0,0,0,0,1,2,2,5,0,4,0,1,0,0,0,0,0,0,0,0,0,0,0,0,0,0,0,1,0,0,1,0,0,0,0,0,5,3,0,0,0,0,0,0,0,0,0,0,0,0,5,0,0.081,,,,0.081,,,,,,,,,,,,,,,,,,,,,,,,,,,,,,0,2.0,0.02,55.8,6.0
890,Medium,RPath,947,2.0,3.0,0.093,6.0,0.186,0.12422360248447206,2.0,0.093,48.3,44,2,2,4.0,sidewalks,48.92,CON,1,2,0,1,0,0,1,0,0,0,0,0,1,0,0,0,0,0,0,0,0,0,0,0,0,0,0,2,0,0,0,0,0,0,1,2,2,0,0,0,0,0,0,5,1,0,0,0,0,0,1,0,0,5,0,4,0,1,0,0,0,0,0,0,0,0,0,0,0,0,0,0,0,0,0,0,1,2,2,0,0,0,0,3,1,0,0,0,0,0,0,0,0,0,0,0,5,0,0.093,,,,,0.031,,,,,,,,,0.062,,,,,,,,,,,,,,,,,,,,0,2.0,0.093,48.3,6.0
891,Medium,RPath,948,2.0,3.0,0.045,6.0,0.09,0.07255139056831922,2.0,0.045,82.7,42,2,2,4.0,sidewalks,83.154,HMAC,1,2,2,1,2,0,1,2,0,0,0,0,0,0,0,0,0,0,0,0,0,0,0,0,0,0,3,2,0,0,0,0,0,0,0,0,0,0,0,0,0,0,0,0,0,0,0,0,0,0,1,2,0,5,5,0,0,1,0,0,0,0,0,0,0,0,0,0,0,0,0,0,0,0,0,0,1,0,0,0,0,0,0,3,1,1,1,0,0,0,0,0,0,0,0,0,5,0,0.181,,,,0.181,,,,,,,,,,,,,,,,,,,,,,,,,,,,,,0,2.0,0.045,82.7,6.0
892,Medium,RPath,949,2.0,3.0,0.051,6.0,0.102,0.08174386920980926,2.0,0.051,73.4,45,2,2,4.0,sidewalks,73.386,HMAC,1,2,2,0,0,0,0,0,0,1,0,0,1,0,0,0,0,0,0,0,0,0,0,0,0,0,3,2,0,0,0,0,0,0,1,0,0,0,0,0,0,0,0,0,0,0,0,0,0,0,1,2,2,5,5,0,0,1,0,0,0,0,0,0,0,0,0,0,0,0,0,0,0,0,0,0,1,0,0,0,0,0,5,3,1,0,1,0,0,0,0,0,0,0,0,0,5,0,0.143,,,,0.123,0.02,,,,,,,,,,,,,,,,,,,,,,,,,,,,,0,2.0,0.051,73.4,6.0
893,Medium,RPath,950,2.0,3.0,0.053,6.0,0.106,0.07662835249042146,2.0,0.053,78.3,40,2,2,4.0,sidewalks,79.978,HMAC,1,2,2,1,0,0,1,0,0,0,0,0,0,0,0,0,0,0,0,0,0,0,0,0,0,5,3,2,0,0,0,0,0,0,0,0,0,0,0,0,0,0,0,0,0,0,0,0,0,0,0,0,0,5,5,0,0,1,0,0,0,0,0,0,0,0,0,0,0,0,0,0,0,1,0,0,0,0,0,0,0,0,0,3,1,1,1,0,0,0,0,0,0,0,0,0,5,0,0.153,,,,0.134,0.019,,,,,,,,,,,,,,,,,,,,,,,,,,,,,0,2.0,0.053,78.3,6.0
894,Medium,RPath,989,2.0,3.0,0.047,6.0,0.094,0.03273322422258592,2.0,0.047,183.3,31,2,2,4.0,sidewalks,183.275,CON,1,2,0,0,0,0,0,0,0,0,0,0,0,0,0,0,0,0,0,0,0,0,0,0,0,0,0,2,0,0,0,1,0,0,1,0,0,0,0,0,0,0,0,0,0,0,0,0,0,0,1,2,0,0,0,0,3,1,0,0,0,0,0,0,0,0,0,0,0,0,0,0,0,1,2,0,0,0,0,0,0,0,0,3,1,1,1,0,0,0,0,0,0,0,0,0,5,3,0.09,,,,0.057,0.016,,,,,,,,,0.016,,,,,,,,,,,,,,,,,,,,0,2.0,0.047,183.3,6.0
895,Medium,RPath,990,2.0,3.0,0.067,6.0,0.134,0.06263048016701461,2.0,0.067,95.8,45,2,2,4.0,sidewalks,98.096,CON,1,2,2,0,0,0,0,0,0,0,0,0,1,0,0,1,0,0,0,0,0,0,0,0,0,0,0,2,0,0,0,1,0,0,1,2,2,0,0,0,0,0,0,0,0,0,0,0,0,0,1,2,2,0,0,0,3,1,0,0,0,0,0,0,0,0,0,0,0,0,0,0,0,1,2,2,0,0,0,0,0,0,5,3,1,1,1,0,0,0,0,0,0,0,0,0,5,0,0.172,,,,0.047,0.031,,,,,,,,0.094,,,,,,,,,,,,,,,,,,,,,0,2.0,0.067,95.8,6.0
896,Medium,RPath,1018,2.0,3.0,0.077,6.0,0.154,0.02506265664160401,2.0,0.077,239.4,31,2,2,4.0,sidewalks,239.435,CON,1,2,2,1,0,0,0,0,0,0,0,0,1,0,0,0,0,0,0,0,0,0,0,0,0,5,0,2,0,0,0,0,0,0,0,0,0,0,0,0,0,0,0,0,0,0,0,0,0,0,0,0,0,0,0,0,0,1,0,0,0,0,0,0,0,0,0,0,0,0,0,0,0,1,2,0,0,0,0,0,0,0,5,0,1,1,1,0,0,0,0,0,0,0,0,0,5,0,0.157,,,,0.031,0.05,,,,,,,,0.075,,,,,,,,,,,,,,,,,,,,,0,2.0,0.077,239.4,6.0
897,Medium,RPath,1024,2.0,3.0,0.093,6.0,0.186,0.0925925925925926,2.0,0.093,64.8,47,3,2,4.0,sidewalks,65.008,CON,1,2,2,1,2,2,1,2,2,0,0,0,1,2,0,1,2,0,0,0,0,0,0,0,0,5,0,2,0,0,0,0,0,0,0,0,0,0,0,0,0,0,0,0,0,0,0,0,1,0,1,2,0,0,0,0,0,1,0,0,0,0,0,0,0,0,0,0,0,0,0,0,0,0,0,0,1,2,0,0,0,0,5,0,1,0,0,0,0,0,0,0,0,0,0,0,5,0,0.093,,,,,0.093,,,,,,,,,,,,,,,,,,,,,,,,,,,,,0,2.0,0.093,64.8,6.0
898,Medium,RPath,1030,2.0,3.0,0.013,6.0,0.026,0.029806259314456036,2.0,0.013,201.3,37,2,2,4.0,sidewalks,201.285,CON,1,2,2,1,0,0,1,0,0,0,0,0,0,0,0,0,0,0,0,0,0,0,0,0,0,0,0,0,0,0,0,0,0,0,1,2,2,0,0,0,0,0,0,0,1,2,2,0,1,0,1,2,2,5,5,0,0,0,0,0,0,0,0,0,0,0,0,0,0,0,0,0,0,1,0,0,0,0,0,0,0,0,0,0,1,1,1,0,0,0,0,0,0,0,0,0,0,0,0.03,,,,0.022,0.007,,,,,,,,,,,,,,,,,,,,,,,,,,,,,0,2.0,0.013,201.3,6.0
899,Medium,RPath,1034,2.0,3.0,0.024,6.0,0.048,0.022675736961451247,2.0,0.024,264.6,44,2,2,4.0,sidewalks,264.581,CON,1,2,2,1,2,0,1,0,0,0,0,0,1,0,0,1,0,0,0,0,0,0,0,0,0,5,0,2,0,0,0,0,0,0,1,2,0,0,0,0,0,0,0,0,0,0,0,0,0,0,1,2,0,5,5,0,0,0,0,0,0,0,0,0,0,0,0,0,0,0,0,0,0,1,0,0,1,0,0,0,0,0,0,0,1,1,1,0,0,0,0,0,0,0,0,0,5,0,0.028,,,,0.006,0.023,,,,,,,,,,,,,,,,,,,,,,,,,,,,,0,2.0,0.024,264.6,6.0
900,Medium,RPath,1040,2.0,3.0,0.05,6.0,0.1,0.02859866539561487,2.0,0.05,209.8,44,2,2,4.0,sidewalks,209.781,CON,1,2,2,1,0,0,1,0,0,0,0,0,0,0,0,0,0,0,0,0,0,0,0,0,0,0,0,2,0,0,0,0,0,0,1,2,2,0,0,0,0,0,0,0,1,2,2,0,1,0,1,2,2,5,5,0,0,0,0,0,0,0,0,0,0,0,0,0,0,0,0,0,0,1,0,0,0,0,0,0,0,0,0,0,1,1,1,0,0,0,0,0,0,0,0,0,5,0,0.05,,,,,0.05,,,,,,,,,,,,,,,,,,,,,,,,,,,,,0,2.0,0.05,209.8,6.0
901,Medium,RPath,1043,2.0,3.0,0.08,6.0,0.16,0.01905972045743329,2.0,0.08,314.8,32,2,2,4.0,sidewalks,314.887,CON,1,2,2,1,0,0,1,0,0,0,0,0,0,0,0,0,0,0,0,0,0,0,0,0,0,0,0,0,0,0,0,0,0,0,1,2,2,0,0,0,0,0,0,0,1,2,0,0,0,0,1,2,0,5,5,0,0,0,0,0,0,0,0,0,0,0,0,0,0,0,0,0,0,1,0,0,0,0,0,0,0,0,0,0,1,1,1,0,0,0,0,0,0,0,0,0,0,0,0.105,,,,0.033,0.052,,,,,,,,,,,0.019,,,,,,,,,,,,,,,,,,0,2.0,0.08,314.8,6.0
902,Medium,RPath,1044,2.0,3.0,0.042,6.0,0.084,0.024252223120452707,2.0,0.042,247.4,31,2,2,4.0,sidewalks,247.373,CON,1,2,2,1,0,0,1,0,0,0,0,0,0,0,0,0,0,0,0,0,0,0,0,0,0,0,0,0,0,0,0,0,0,0,1,2,0,0,0,0,0,0,0,0,0,0,0,0,0,0,1,2,0,5,5,0,0,0,0,0,0,0,0,0,0,0,0,0,0,0,0,0,0,1,0,0,1,0,0,0,0,0,0,0,1,1,1,0,0,0,0,0,0,0,0,0,0,3,0.042,,,0.006,,0.012,,,,,,,,,,,0.024,,,,,,,,,,,,,,,,,,0,2.0,0.042,247.4,6.0
903,Medium,RPath,1048,2.0,3.0,0.014,6.0,0.028,0.11385199240986717,2.0,0.014,52.7,34,2,2,4.0,sidewalks,51.257,CON,1,2,2,1,0,0,0,0,0,0,0,0,0,0,0,0,0,0,0,0,0,0,0,0,0,5,0,2,0,0,0,0,0,0,1,0,0,0,0,0,0,0,0,0,0,0,0,0,0,0,1,2,2,0,0,0,0,1,0,0,0,0,0,0,0,0,0,0,0,0,0,0,0,1,0,0,0,0,0,0,0,0,5,0,1,1,1,0,0,0,0,0,0,0,0,0,5,0,0.057,,,,0.057,,,,,,,,,,,,,,,,,,,,,,,,,,,,,,0,2.0,0.014,52.7,6.0
904,Medium,RPath,1058,2.0,3.0,0.032,6.0,0.064,0.1279317697228145,2.0,0.032,46.9,41,2,2,4.0,sidewalks,44.641,CON,1,2,2,1,2,2,1,2,2,0,0,0,1,2,2,1,2,2,0,0,0,0,0,0,0,0,0,2,0,0,0,0,0,0,0,0,0,0,0,0,0,0,0,0,0,0,0,0,1,0,1,2,0,0,0,0,0,1,0,0,0,0,0,0,0,0,0,0,0,0,0,0,0,0,0,0,1,2,0,0,0,0,0,0,1,0,0,0,0,0,0,0,0,0,0,0,5,0,0.032,,,,,0.032,,,,,,,,,,,,,,,,,,,,,,,,,,,,,0,2.0,0.032,46.9,6.0
905,Medium,RPath,1059,2.0,3.0,0.062,6.0,0.124,0.04282655246252677,2.0,0.062,140.1,38,2,2,4.0,sidewalks,136.58,CON,1,2,0,1,2,0,1,2,0,0,0,0,1,0,0,0,0,0,0,0,0,0,0,0,0,0,0,2,0,0,0,0,0,0,0,0,0,0,0,0,0,0,0,0,0,0,0,0,0,0,1,2,2,5,0,4,0,1,0,0,0,0,0,0,0,0,0,0,0,0,0,0,0,0,0,0,1,0,0,0,0,0,0,3,1,1,0,0,0,0,0,0,0,0,0,0,5,0,0.118,,,,0.075,0.021,,,,,,,,,0.021,,,,,,,,,,,,,,,,,,,,0,2.0,0.062,140.1,6.0
906,Medium,RPath,1063,2.0,3.0,0.028,6.0,0.056,0.05681818181818182,2.0,0.028,105.6,38,2,2,4.0,sidewalks,104.15,CON,1,2,0,1,2,0,1,2,0,0,0,0,1,0,0,0,0,0,0,0,0,0,0,0,0,0,0,2,0,0,0,0,0,0,0,0,0,0,0,0,0,0,0,0,0,0,0,0,0,0,1,2,2,5,0,4,0,1,0,0,0,0,0,0,0,0,0,0,0,0,0,0,0,0,0,0,1,0,0,0,0,0,0,3,1,1,0,0,0,0,0,0,0,0,0,0,5,0,0.028,,,,,0.014,,,,,,,,,0.014,,,,,,,,,,,,,,,,,,,,0,2.0,0.028,105.6,6.0
907,Medium,RPath,1083,2.0,3.0,0.099,6.0,0.198,0.05870841487279843,2.0,0.099,102.2,32,2,2,4.0,sidewalks,102.236,HMAC,1,2,0,0,0,0,0,0,0,0,0,0,1,2,0,1,0,0,0,0,0,0,0,0,0,0,3,0,1,0,0,0,0,0,0,0,0,0,0,0,0,0,0,0,1,0,0,0,0,0,1,0,0,0,0,0,0,1,0,0,0,0,0,0,1,2,0,0,0,0,0,0,0,1,0,0,1,0,0,0,0,0,0,0,1,1,1,1,2,2,0,0,0,0,0,0,5,0,0.308,,,,0.191,0.029,,,,,,,,0.088,,,,,,,,,,,,,,,,,,,,,0,2.0,0.099,102.2,6.0
908,Medium,RPath,1085,2.0,3.0,0.04,6.0,0.08,0.05825242718446602,2.0,0.04,103.0,46,3,2,4.0,sidewalks,102.354,CON,1,2,0,0,0,0,0,0,0,0,0,0,1,2,0,1,0,0,0,0,0,0,0,0,0,5,3,0,1,2,0,0,0,0,1,0,0,0,0,0,0,0,0,0,1,2,0,0,0,0,1,0,0,0,0,0,0,1,1,0,0,0,0,0,1,2,2,0,0,0,0,0,0,1,0,0,1,2,0,1,0,0,0,0,1,1,1,1,2,0,0,0,0,0,0,0,5,0,0.16,,,,0.16,,,,,,,,,,,,,,,,,,,,,,,,,,,,,,0,2.0,0.04,103.0,6.0
909,Medium,RPath,1109,2.0,3.0,0.078,6.0,0.156,0.041580041580041575,2.0,0.078,144.3,40,2,2,4.0,sidewalks,142.761,CON,1,2,2,0,0,0,0,0,0,0,0,0,0,0,0,0,0,0,0,0,0,0,0,0,0,0,0,2,0,0,0,1,2,2,0,0,0,0,0,0,0,0,0,0,0,0,0,0,1,0,1,2,0,0,0,4,3,1,0,0,0,0,0,0,0,0,0,0,0,0,0,0,0,1,2,2,0,0,0,0,0,0,0,3,1,1,1,0,0,0,0,0,0,0,0,0,5,0,0.094,,,,0.021,0.073,,,,,,,,,,,,,,,,,,,,,,,,,,,,,0,2.0,0.078,144.3,6.0
910,Medium,RPath,1112,2.0,3.0,0.013,6.0,0.026,0.07042253521126761,2.0,0.013,85.2,38,2,2,4.0,sidewalks,83.677,CON,1,2,2,0,0,0,0,0,0,0,0,0,0,0,0,0,0,0,0,0,0,0,0,0,0,0,0,2,0,0,0,1,2,2,0,0,0,0,0,0,0,0,0,0,0,0,0,0,1,0,1,2,0,0,0,4,3,1,0,0,0,0,0,0,0,0,0,0,0,0,0,0,0,1,2,0,0,0,0,0,0,0,0,3,1,1,1,0,0,0,0,0,0,0,0,0,5,0,0.053,,,,0.053,,,,,,,,,,,,,,,,,,,,,,,,,,,,,,0,2.0,0.013,85.2,6.0
911,Medium,RPath,1118,2.0,3.0,0.015,6.0,0.03,0.11834319526627218,2.0,0.015,50.7,30,2,2,4.0,sidewalks,47.902,CON,1,2,2,1,0,0,1,0,0,0,0,0,0,0,0,0,0,0,0,0,0,0,0,0,0,0,0,2,0,0,0,0,0,0,1,2,0,0,0,0,1,0,0,0,1,0,0,0,1,0,1,2,2,0,0,0,0,1,0,0,0,0,0,0,0,0,0,0,0,0,0,0,0,1,0,0,0,0,0,0,0,0,0,0,1,1,1,0,0,0,0,0,0,0,0,0,5,0,0.059,,,,0.059,,,,,,,,,,,,,,,,,,,,,,,,,,,,,,0,2.0,0.015,50.7,6.0
912,Medium,RPath,1120,2.0,3.0,0.097,6.0,0.194,0.09693053311793215,2.0,0.097,61.9,31,2,2,4.0,sidewalks,59.596,CON,1,2,2,1,0,0,1,0,0,1,0,0,0,0,0,0,0,0,0,0,0,0,0,0,0,0,0,2,0,0,0,0,0,0,1,0,0,0,0,0,1,2,0,0,1,0,0,0,1,0,1,2,0,0,0,0,0,1,0,0,0,0,0,0,0,0,0,0,0,0,0,0,0,1,2,0,0,0,0,0,0,0,0,0,1,1,1,0,0,0,0,0,0,0,0,0,5,0,0.097,,,,,0.097,,,,,,,,,,,,,,,,,,,,,,,,,,,,,0,2.0,0.097,61.9,6.0
913,Medium,RPath,1121,2.0,3.0,0.09,6.0,0.18,0.12024048096192386,2.0,0.09,49.9,31,2,2,4.0,sidewalks,45.831,CON,1,2,2,1,0,0,1,0,0,1,0,0,0,0,0,0,0,0,0,0,0,0,0,0,0,0,0,2,0,0,0,0,0,0,1,2,0,0,0,0,1,2,0,0,1,0,0,0,1,0,1,2,0,0,0,0,0,1,0,0,0,0,0,0,0,0,0,0,0,0,0,0,0,1,0,0,0,0,0,0,0,0,0,0,1,1,1,0,0,0,0,0,0,0,0,0,5,0,0.09,,,,,0.09,,,,,,,,,,,,,,,,,,,,,,,,,,,,,0,2.0,0.09,49.9,6.0
914,Medium,RPath,1123,2.0,3.0,0.067,6.0,0.134,0.1348314606741573,2.0,0.067,44.5,35,2,2,4.0,sidewalks,42.609,CON,1,2,2,0,0,0,0,0,0,0,0,0,0,0,0,0,0,0,0,0,0,0,0,0,0,0,0,2,0,0,0,0,0,0,0,0,0,0,0,0,0,0,0,0,0,0,0,0,0,0,1,2,2,0,0,0,3,1,0,0,0,0,0,0,0,0,0,0,0,0,0,0,0,1,2,2,1,0,0,0,0,0,5,0,1,1,1,0,0,0,0,0,0,0,0,0,5,0,0.067,,,,,0.067,,,,,,,,,,,,,,,,,,,,,,,,,,,,,0,2.0,0.067,44.5,6.0
915,Medium,RPath,1125,2.0,3.0,0.057,6.0,0.114,0.023557126030624265,2.0,0.057,254.7,48,3,2,4.0,sidewalks,254.386,CON,1,2,0,1,2,0,1,0,0,0,0,0,1,2,0,0,0,0,0,0,0,0,0,0,0,5,0,2,0,0,0,1,0,0,0,0,0,0,0,0,0,0,0,0,0,0,0,0,0,0,1,0,0,5,0,4,0,1,0,0,0,0,0,0,0,0,0,0,0,0,0,0,0,1,2,2,0,0,0,0,0,0,0,3,1,1,1,0,0,0,0,0,0,0,0,0,5,3,0.071,,,,0.018,0.053,,,,,,,,,,,,,,,,,,,,,,,,,,,,,0,2.0,0.057,254.7,6.0
916,Medium,RPath,1161,2.0,3.0,0.011,6.0,0.022,0.05655042412818097,2.0,0.011,106.1,46,3,2,4.0,sidewalks,102.072,CON,1,2,2,1,2,0,0,0,0,0,0,0,1,0,0,0,0,0,0,0,0,0,0,0,0,0,3,0,0,0,0,0,0,0,1,2,2,0,0,0,0,0,0,0,1,2,2,0,0,0,1,2,2,0,0,0,3,1,0,0,0,0,0,0,0,0,0,0,0,0,0,0,0,0,0,0,0,0,0,0,0,0,0,0,1,1,1,1,0,0,1,0,0,1,2,2,5,0,0.042,,,,0.042,,,,,,,,,,,,,,,,,,,,,,,,,,,,,,0,2.0,0.011,106.1,6.0
917,Medium,RPath,1162,2.0,3.0,0.025,6.0,0.05,0.030456852791878174,2.0,0.025,197.0,38,2,2,4.0,sidewalks,193.31,CON,1,2,0,1,2,0,0,0,0,0,0,0,1,0,0,0,0,0,1,0,0,0,0,0,0,0,3,0,0,0,0,0,0,0,1,2,0,0,0,0,0,0,0,0,1,2,0,0,0,0,1,2,0,0,0,0,3,1,0,0,0,0,0,0,0,0,0,0,0,0,0,0,0,0,0,0,1,0,0,0,0,0,0,0,1,1,1,0,0,0,0,0,0,1,2,2,5,0,0.03,,,,0.008,,,,,,0.023,,,,,,,,,,,,,,,,,,,,,,,,0,2.0,0.025,197.0,6.0
918,Medium,RPath,1187,2.0,3.0,0.084,6.0,0.168,0.45112781954887216,2.0,0.084,13.3,45,2,2,4.0,sidewalks,12.43,CON,1,2,0,0,0,0,0,0,0,0,0,0,1,2,0,0,0,0,0,0,0,0,0,0,0,0,0,0,0,0,0,1,2,0,1,0,0,1,2,0,1,2,2,0,1,2,0,0,0,0,1,2,2,5,5,0,0,0,0,0,0,0,0,0,0,0,0,0,0,0,0,0,0,0,0,0,1,0,0,0,0,0,0,0,1,1,1,0,0,0,0,0,0,0,0,0,5,0,0.337,,,,0.337,,,,,,,,,,,,,,,,,,,,,,,,,,,,,,1,2.0,0.084,13.3,16.0
919,Medium,RPath,1196,2.0,3.0,0.014,6.0,0.028,0.2247191011235955,2.0,0.014,26.7,46,3,2,4.0,sidewalks,26.734,CON,1,0,0,0,0,0,0,0,0,0,0,0,1,2,2,0,0,0,0,0,0,0,0,0,5,0,3,0,0,0,0,1,2,2,0,0,0,0,0,0,0,0,0,0,0,0,0,0,0,0,1,2,2,5,5,0,0,0,0,0,0,0,0,0,0,0,0,0,0,0,0,0,0,1,2,0,1,0,0,0,0,0,0,0,1,1,1,0,0,0,0,0,0,0,0,0,5,0,0.056,,,,0.056,,,,,,,,,,,,,,,,,,,,,,,,,,,,,,0,2.0,0.014,26.7,6.0
920,Medium,RPath,1198,2.0,3.0,0.013,6.0,0.026,0.026041666666666664,2.0,0.013,230.4,37,2,2,4.0,sidewalks,230.459,CON,1,2,2,0,0,0,0,0,0,0,0,0,1,2,2,0,0,0,0,0,0,0,0,0,0,0,0,0,0,0,0,1,2,2,0,0,0,0,0,0,0,0,0,0,0,0,0,0,0,0,1,2,2,5,5,0,0,0,0,0,0,0,0,0,0,0,0,0,0,0,0,0,0,1,0,0,1,2,0,0,0,0,0,0,1,1,1,0,0,0,0,0,0,0,0,0,0,0,0.033,,,,0.02,0.007,,,,,,,,0.007,,,,,,,,,,,,,,,,,,,,,0,2.0,0.013,230.4,6.0
921,Medium,RPath,1199,2.0,3.0,0.019,6.0,0.038,0.07662835249042146,2.0,0.019,78.3,41,2,2,4.0,sidewalks,77.815,CON,1,2,2,0,0,0,0,0,0,0,0,0,1,0,0,0,0,0,0,0,0,0,0,0,0,0,3,0,0,0,0,1,2,0,0,0,0,0,0,0,0,0,0,0,0,0,0,0,0,0,1,2,2,5,5,0,0,1,0,0,0,0,0,0,0,0,0,0,0,0,0,0,0,0,0,0,1,2,2,0,0,0,0,0,1,1,1,0,0,0,0,0,0,0,0,0,5,0,0.077,,,,,,,,,,,,,0.077,,,,,,,,,,,,,,,,,,,,,0,2.0,0.019,78.3,6.0
922,Medium,RPath,1203,2.0,3.0,0.012,6.0,0.024,0.027535566773749427,2.0,0.012,217.9,41,2,2,4.0,sidewalks,217.93,CON,1,2,2,0,0,0,0,0,0,0,0,0,0,0,0,0,0,0,0,0,0,0,0,0,0,0,3,0,0,0,0,0,0,0,1,2,0,0,0,0,0,0,0,0,1,2,2,0,0,0,1,2,0,0,5,4,0,0,0,0,0,0,0,0,0,0,0,0,0,0,0,0,0,0,0,0,1,2,2,0,0,0,0,0,1,1,1,0,0,0,0,0,0,0,0,0,5,0,0.048,,,,0.048,,,,,,,,,,,,,,,,,,,,,,,,,,,,,,1,2.0,0.012,217.9,16.0
923,Medium,RPath,1209,2.0,3.0,0.043,6.0,0.086,0.03275109170305677,2.0,0.043,183.2,48,3,2,4.0,sidewalks,183.027,CON,1,0,0,0,0,0,0,0,0,0,0,0,1,2,2,0,0,0,0,0,0,0,0,0,0,5,3,2,0,0,0,1,2,2,0,0,0,0,0,0,0,0,0,0,0,0,0,0,0,0,1,2,2,5,5,0,0,0,0,0,0,0,0,0,0,0,0,0,0,0,0,0,0,1,2,0,1,0,0,0,0,0,0,0,1,1,1,0,0,0,0,0,0,0,0,0,5,0,0.106,,,,0.008,0.008,,,,,,,,0.065,,,0.008,0.016,,,,,,,,,,,,,,,,,0,2.0,0.043,183.2,6.0
924,Medium,RPath,1210,2.0,3.0,0.038,6.0,0.076,0.07547169811320754,2.0,0.038,79.5,40,2,2,4.0,sidewalks,82.968,CON,1,2,2,0,0,0,0,0,0,0,0,0,0,0,0,0,0,0,0,0,0,0,0,0,0,0,3,0,0,0,0,0,0,0,0,0,0,0,0,0,0,0,0,0,1,2,2,0,0,0,1,2,0,5,5,0,0,1,0,0,0,0,0,0,0,0,0,0,0,0,0,0,0,0,0,0,1,2,2,0,0,0,0,0,1,1,1,0,0,0,0,0,0,0,0,0,5,0,0.151,,,,0.151,,,,,,,,,,,,,,,,,,,,,,,,,,,,,,0,2.0,0.038,79.5,6.0
925,Medium,RPath,1211,2.0,3.0,0.053,6.0,0.106,0.06543075245365322,2.0,0.053,91.7,43,2,2,4.0,sidewalks,88.132,CON,1,2,2,0,0,0,0,0,0,0,0,0,0,0,0,0,0,0,0,0,0,0,0,0,0,0,3,0,0,0,0,0,0,0,0,0,0,0,0,0,0,0,0,0,1,2,2,0,0,0,1,2,0,5,5,4,0,0,0,0,0,0,0,0,0,0,0,0,0,0,0,0,0,0,0,0,1,2,2,0,0,0,0,0,1,1,1,0,0,0,0,0,0,0,0,0,5,0,0.098,,,,0.033,,,,,,,,,0.016,,,0.033,0.016,,,,,,,,,,,,,,,,,0,2.0,0.053,91.7,6.0
926,Medium,RPath,1212,2.0,3.0,0.09,6.0,0.18,0.09569377990430622,2.0,0.09,62.7,37,2,2,4.0,sidewalks,61.323,HMAC,1,2,2,0,0,0,0,0,0,0,0,0,0,0,0,0,0,0,0,0,0,0,0,0,0,5,3,0,0,0,0,0,0,0,1,2,2,0,0,0,0,0,0,0,1,0,0,0,0,0,0,0,0,0,5,0,0,0,0,0,0,0,0,0,0,0,0,0,0,0,0,0,0,0,0,0,1,2,2,0,0,0,0,0,1,1,1,0,0,0,0,0,0,0,0,0,5,0,0.215,,,0.024,0.168,0.024,,,,,,,,,,,,,,,,,,,,,,,,,,,,,0,2.0,0.09,62.7,6.0
927,Medium,RPath,1213,2.0,3.0,0.018,6.0,0.036,0.07272727272727272,2.0,0.018,82.5,35,2,2,4.0,sidewalks,82.469,CON,1,2,2,0,0,0,0,0,0,0,0,0,0,0,0,0,0,0,0,0,0,0,0,0,0,5,3,0,0,0,0,0,0,0,1,2,0,0,0,0,0,0,0,0,1,0,0,0,0,0,0,0,0,0,5,0,0,0,0,0,0,0,0,0,0,0,0,0,0,0,0,0,0,0,0,0,1,2,2,0,0,0,0,0,1,1,1,0,0,0,0,0,0,0,0,0,5,0,0.018,,,,,,,,,,,,,,,,0.018,,,,,,,,,,,,,,,,,,1,2.0,0.018,82.5,16.0
928,Medium,RPath,1214,2.0,3.0,0.05,6.0,0.1,0.0804289544235925,2.0,0.05,74.6,35,2,2,4.0,sidewalks,74.62,CON,1,2,2,0,0,0,0,0,0,0,0,0,0,0,0,0,0,0,0,0,0,0,0,0,0,5,3,0,0,0,0,0,0,0,1,2,0,0,0,0,0,0,0,0,1,0,0,0,0,0,0,0,0,0,5,0,0,0,0,0,0,0,0,0,0,0,0,0,0,0,0,0,0,0,0,0,1,2,2,0,0,0,0,0,1,1,1,0,0,0,0,0,0,0,0,0,5,0,0.1,,,0.02,0.04,,,,,,,,,,,0.04,,,,,,,,,,,,,,,,,,,1,2.0,0.05,74.6,16.0
929,Medium,RPath,1245,2.0,3.0,0.044,6.0,0.088,0.05067567567567567,2.0,0.044,118.4,48,3,2,4.0,sidewalks,113.681,CON,1,2,0,0,0,0,0,0,0,0,0,0,1,2,0,0,0,0,0,0,0,0,0,0,5,0,3,0,0,0,0,1,2,2,0,0,0,0,0,0,1,2,0,0,1,2,0,0,0,0,1,2,0,5,0,4,0,0,0,0,0,0,0,0,0,0,0,0,0,0,0,0,0,0,0,0,0,0,0,0,0,0,0,0,1,1,1,1,2,0,0,0,0,0,0,0,5,0,0.051,,,,,0.038,,,,,,,,,,,,0.013,,,,,,,,,,,,,,,,,0,2.0,0.044,118.4,6.0
930,Medium,RPath,1278,2.0,3.0,0.013,6.0,0.026,0.04291845493562232,2.0,0.013,139.8,37,2,2,4.0,sidewalks,136.588,CON,1,2,2,0,0,0,0,0,0,1,2,0,0,0,0,0,0,0,0,0,0,0,0,0,0,0,0,0,0,0,0,1,0,0,1,2,2,0,0,0,1,2,2,0,1,2,0,0,1,1,1,2,2,0,0,0,0,0,0,0,0,0,0,0,0,0,0,0,0,0,0,0,0,0,0,0,0,0,0,0,0,0,0,0,1,1,1,0,0,0,0,0,0,0,0,0,5,0,0.021,,,,,0.011,,,,,,,,0.011,,,,,,,,,,,,,,,,,,,,,0,2.0,0.013,139.8,6.0
931,Medium,RPath,1294,2.0,3.0,0.083,6.0,0.166,0.032240730789897906,2.0,0.083,186.1,31,2,2,4.0,sidewalks,183.556,CON,1,2,2,1,0,0,1,0,0,0,0,0,1,0,0,0,0,0,0,0,0,0,0,0,0,0,0,2,0,0,0,0,0,0,0,0,0,0,0,0,0,0,0,0,0,0,0,0,1,0,1,2,0,0,0,0,0,1,0,0,0,0,0,0,0,0,0,0,0,0,0,0,0,1,2,2,1,2,0,0,0,0,0,0,1,1,1,0,0,0,0,0,0,0,0,0,5,0,0.161,0.04,,,0.105,0.016,,,,,,,,,,,,,,,,,,,,,,,,,,,,,0,2.0,0.083,186.1,6.0
932,Medium,RPath,1296,2.0,3.0,0.04,6.0,0.08,0.2127659574468085,2.0,0.04,28.2,30,2,2,4.0,sidewalks,22.999,CON,1,2,0,0,0,0,0,0,0,0,0,0,0,0,0,0,0,0,0,0,0,0,0,0,0,0,0,2,0,0,0,0,0,0,0,0,0,0,0,0,0,0,0,0,0,0,0,0,1,0,1,2,0,0,0,0,3,1,0,0,0,0,0,0,0,0,0,0,0,0,0,0,0,1,2,0,0,0,0,0,0,0,0,3,1,1,1,0,0,0,0,0,0,0,0,0,5,3,0.159,,,,0.159,,,,,,,,,,,,,,,,,,,,,,,,,,,,,,0,2.0,0.04,28.2,6.0
933,Medium,RPath,1298,2.0,3.0,0.016,6.0,0.032,0.05115089514066496,2.0,0.016,117.3,35,2,2,4.0,sidewalks,108.062,CON,1,2,0,0,0,0,0,0,0,0,0,0,0,0,0,0,0,0,0,0,0,0,0,0,0,0,0,2,0,0,0,0,0,0,0,0,0,0,0,0,0,0,0,0,0,0,0,0,1,1,1,2,2,5,5,0,3,1,0,0,0,0,0,0,0,0,0,0,0,0,0,0,0,1,0,0,0,0,0,0,0,0,0,0,1,1,1,0,0,0,0,0,0,0,0,0,5,0,0.051,,,,0.038,,,,,,,,,,,0.013,,,,,,,,,,,,,,,,,,,0,2.0,0.016,117.3,6.0
934,Medium,RPath,1302,2.0,3.0,0.018,6.0,0.036,0.014134275618374558,2.0,0.018,424.5,31,2,2,4.0,sidewalks,419.924,CON,1,2,2,0,0,0,0,0,0,0,0,0,0,0,0,0,0,0,0,0,0,0,0,0,0,0,0,2,0,0,0,0,0,0,1,0,0,0,0,0,0,0,0,0,1,0,0,0,1,0,1,2,0,0,0,0,3,1,0,0,0,0,0,0,0,0,0,0,0,0,0,0,0,1,2,0,0,0,0,0,0,0,0,3,1,1,1,0,0,0,0,0,0,0,0,0,5,0,0.035,,,,0.021,0.011,,,,,,,,,,0.004,,,,,,,,,,,,,,,,,,,0,2.0,0.018,424.5,6.0
935,Medium,RPath,1307,2.0,3.0,0.07,6.0,0.14,0.06550218340611354,2.0,0.07,91.6,30,2,2,4.0,sidewalks,83.727,CON,1,2,0,0,0,0,0,0,0,0,0,0,0,0,0,0,0,0,0,0,0,0,0,0,0,0,0,2,0,0,0,0,0,0,0,0,0,0,0,0,0,0,0,0,0,0,0,0,0,0,1,2,2,0,0,0,3,1,0,0,0,0,0,0,0,0,0,0,0,0,0,0,0,1,2,0,0,0,0,0,0,0,5,0,1,1,1,0,0,0,0,0,0,0,0,0,5,0,0.082,0.066,,,0.016,,,,,,,,,,,,,,,,,,,,,,,,,,,,,,0,2.0,0.07,91.6,6.0
936,Medium,RPath,1323,2.0,3.0,0.014,6.0,0.028,0.023014959723820484,2.0,0.014,260.7,31,2,2,4.0,sidewalks,261.728,CON,1,2,2,1,2,0,1,2,0,0,0,0,0,0,0,0,0,0,0,0,0,0,0,0,0,0,0,0,0,0,0,0,0,0,0,0,0,0,0,0,0,0,0,0,0,0,0,0,0,0,1,2,0,0,0,0,0,1,0,0,0,0,0,0,1,2,0,0,0,0,0,0,0,0,0,0,0,0,0,0,0,0,5,0,1,1,1,0,0,0,0,0,0,0,0,0,5,0,0.023,,,,0.012,0.012,,,,,,,,,,,,,,,,,,,,,,,,,,,,,0,2.0,0.014,260.7,6.0
937,Medium,RPath,1331,2.0,3.0,0.039,6.0,0.078,0.15584415584415584,2.0,0.039,38.5,48,3,2,4.0,sidewalks,38.434,CON,1,2,0,1,2,0,0,0,0,0,0,0,1,0,0,1,0,0,0,0,0,0,0,0,5,0,0,2,0,0,0,0,0,0,1,2,2,0,0,0,0,0,0,5,1,2,0,0,0,0,1,2,2,0,5,0,0,1,0,0,0,0,0,0,0,0,0,0,0,0,0,0,0,1,0,0,1,0,0,0,0,0,0,0,1,0,0,1,0,0,0,0,0,0,0,0,5,0,0.117,,,,0.078,,,,,,,,,,,0.039,,,,,,,,,,,,,,,,,,,0,2.0,0.039,38.5,6.0
938,Medium,RPath,1609,2.0,3.0,0.028,6.0,0.056,0.02242152466367713,2.0,0.028,267.6,33,2,2,4.0,sidewalks,267.157,CON,1,2,2,1,2,2,1,2,0,0,0,0,0,0,0,0,0,0,0,0,0,0,0,0,0,0,0,2,0,0,0,0,0,0,1,2,0,0,0,0,0,0,0,0,0,0,0,0,0,0,1,2,0,0,0,0,0,1,0,0,0,0,0,0,0,0,0,0,0,0,0,0,0,0,0,0,0,0,0,0,0,0,0,3,1,1,1,0,0,0,0,0,0,0,0,0,5,0,0.078,,,,0.067,0.011,,,,,,,,,,,,,,,,,,,,,,,,,,,,,0,2.0,0.028,267.6,6.0
939,Medium,RPath,1580,2.0,3.0,0.016,6.0,0.032,0.12448132780082986,2.0,0.016,48.2,34,2,2,4.0,sidewalks,44.781,CON,1,2,2,0,0,0,0,0,0,0,0,0,0,0,0,0,0,0,0,0,0,0,0,0,0,0,0,0,0,0,0,1,2,0,0,0,0,0,0,0,0,0,0,0,0,0,0,0,1,1,1,2,2,0,5,4,0,1,0,0,0,0,0,0,0,0,0,0,0,0,0,0,0,1,0,0,0,0,0,0,0,0,0,0,1,1,1,0,0,0,0,0,0,0,0,0,5,0,0.031,,,,,,,,,,,,,,,,,0.031,,,,,,,,,,,,,,,,,0,2.0,0.016,48.2,6.0
940,Medium,RPath,1581,2.0,3.0,0.018,6.0,0.036,0.0730816077953715,2.0,0.018,82.1,43,2,2,4.0,sidewalks,80.868,CON,1,2,2,0,0,0,0,0,0,0,0,0,0,0,0,0,0,0,0,0,0,0,0,0,5,0,3,0,0,0,0,1,2,2,0,0,0,0,0,0,0,0,0,0,0,0,0,0,1,1,1,2,2,0,5,4,0,0,0,0,0,0,0,0,0,0,0,0,0,0,0,0,0,1,0,0,0,0,0,0,0,0,0,0,1,1,1,0,0,0,0,0,0,0,0,0,5,0,0.037,,,,,,,,,,,,,,,,,0.037,,,,,,,,,,,,,,,,,0,2.0,0.018,82.1,6.0
941,Medium,RPath,1582,2.0,3.0,0.024,6.0,0.048,0.0768245838668374,2.0,0.024,78.1,42,2,2,4.0,sidewalks,77.89,CON,1,2,0,0,0,0,0,0,0,0,0,0,1,0,0,0,0,0,0,0,0,0,0,0,5,0,0,0,0,0,0,1,2,2,0,0,0,0,0,0,0,0,0,0,0,0,0,0,1,1,1,2,2,0,5,4,0,0,0,0,0,0,0,0,0,0,0,0,0,0,0,0,0,0,0,0,0,0,0,0,0,0,0,0,1,1,1,1,0,0,0,0,0,1,2,0,5,0,0.038,,,,0.019,0.019,,,,,,,,,,,,,,,,,,,,,,,,,,,,,0,2.0,0.024,78.1,6.0
942,Medium,RPath,1610,2.0,3.0,0.012,6.0,0.024,0.0494641384995878,2.0,0.012,121.3,39,2,2,4.0,sidewalks,116.675,CON,1,2,2,1,2,2,1,2,2,0,0,0,0,0,0,0,0,0,0,0,0,0,0,0,0,5,0,2,0,0,0,0,0,0,1,0,0,0,0,0,0,0,0,0,0,0,0,0,0,0,1,0,0,0,0,0,3,1,0,0,0,0,0,0,0,0,0,0,0,0,0,0,0,0,0,0,0,0,0,0,0,0,0,3,1,1,1,0,0,0,0,0,0,0,0,0,5,0,0.012,,,,,0.012,,,,,,,,,,,,,,,,,,,,,,,,,,,,,0,2.0,0.012,121.3,6.0
943,Medium,RPath,1350,2.0,3.0,0.028,6.0,0.056,0.06302521008403361,2.0,0.028,95.2,45,2,2,4.0,walkways,95.185,HMAC,1,2,2,1,2,0,1,2,0,1,2,2,1,2,0,1,2,0,0,0,0,0,0,0,0,0,0,2,0,0,0,0,0,0,1,2,0,0,0,0,0,0,0,0,0,0,0,0,0,0,1,0,0,0,0,0,0,1,0,0,0,0,0,0,0,0,0,0,0,0,0,0,0,0,0,0,1,2,0,0,0,0,0,3,1,1,1,0,0,0,1,0,0,1,0,0,5,0,0.11,,,,0.11,,,,,,,,,,,,,,,,,,,,,,,,,,,,,,0,2.0,0.028,95.2,6.0
944,Medium,RPath,1352,2.0,3.0,0.065,6.0,0.13,0.08620689655172414,2.0,0.065,69.6,35,2,2,4.0,walkways,69.609,HMAC,1,2,2,1,2,2,0,0,0,0,0,0,1,2,2,1,0,0,0,0,0,0,0,0,0,0,0,2,0,0,0,0,0,0,1,0,0,0,0,0,0,0,0,0,0,0,0,0,0,0,1,2,2,0,0,0,0,1,0,0,0,0,0,0,0,0,0,0,0,0,0,0,0,0,0,0,0,0,0,0,0,0,0,3,1,1,0,0,0,0,0,0,0,0,0,0,5,0,0.172,0.022,,,0.129,,,,,,,,,,,,,0.022,,,,,,,,,,,,,,,,,0,2.0,0.065,69.6,6.0
945,Medium,RPath,1372,2.0,3.0,0.058,6.0,0.116,0.15584415584415584,2.0,0.058,38.5,41,2,2,4.0,walkways,38.48,HMAC,1,2,0,1,0,0,0,0,0,0,0,0,1,0,0,0,0,0,0,0,0,0,0,0,0,0,0,2,0,0,0,0,0,0,1,2,2,0,0,0,0,0,0,0,0,0,0,0,0,0,1,2,2,0,0,0,0,1,0,0,0,0,0,0,0,0,0,0,0,0,0,0,0,1,2,2,1,2,2,0,0,0,5,3,0,0,0,0,0,0,0,0,0,0,0,0,5,0,0.234,,,,0.234,,,,,,,,,,,,,,,,,,,,,,,,,,,,,,0,2.0,0.058,38.5,6.0
946,Medium,RPath,1377,2.0,3.0,0.035,6.0,0.07,0.14084507042253522,2.0,0.035,42.6,38,2,2,4.0,walkways,42.571,HMAC,1,2,0,1,2,0,1,0,0,0,0,0,1,2,2,0,0,0,0,0,0,0,0,0,0,5,0,2,0,0,0,0,0,0,0,0,0,0,0,0,0,0,0,0,0,0,0,0,0,0,1,0,0,0,0,0,0,1,0,0,0,0,0,0,0,0,0,0,0,0,0,0,0,1,2,0,1,0,0,0,0,0,5,0,1,1,1,0,0,0,0,0,0,0,0,0,5,0,0.141,,,,0.141,,,,,,,,,,,,,,,,,,,,,,,,,,,,,,0,2.0,0.035,42.6,6.0
947,Medium,RPath,1378,2.0,3.0,0.059,6.0,0.118,0.18867924528301885,2.0,0.059,31.8,33,2,2,4.0,walkways,31.503,HMAC,1,2,0,0,0,0,0,0,0,1,2,2,1,2,2,0,0,0,0,0,0,0,0,0,0,0,0,2,0,0,0,0,0,0,1,2,0,0,0,0,0,0,0,0,0,0,0,0,0,0,1,2,0,0,0,0,0,1,0,0,0,0,0,0,0,0,0,0,0,0,0,0,0,0,0,0,1,2,0,0,0,0,0,3,0,0,0,0,0,0,0,0,0,0,0,0,5,0,0.094,,,,0.047,,,,,,,,0.047,,,,,,,,,,,,,,,,,,,,,,0,2.0,0.059,31.8,6.0
948,Medium,RPath,1379,2.0,3.0,0.016,6.0,0.032,0.125,2.0,0.016,48.0,38,2,2,4.0,walkways,47.994,HMAC,1,2,0,1,0,0,1,0,0,1,2,2,1,2,2,0,0,0,0,0,0,0,0,0,0,0,0,2,0,0,0,0,0,0,1,2,0,0,0,0,0,0,0,0,0,0,0,0,0,0,1,0,0,0,0,0,0,1,0,0,0,0,0,0,0,0,0,0,0,0,0,0,0,0,0,0,1,2,0,0,0,0,5,3,0,0,0,0,0,0,0,0,0,0,0,0,5,0,0.063,,,,0.063,,,,,,,,,,,,,,,,,,,,,,,,,,,,,,0,2.0,0.016,48.0,6.0
949,Medium,RPath,1380,2.0,3.0,0.02,6.0,0.04,0.10771992818671454,2.0,0.02,55.7,35,2,2,4.0,walkways,55.696,HMAC,1,2,0,1,0,0,1,0,0,1,2,2,1,2,2,0,0,0,0,0,0,0,0,0,0,0,0,2,0,0,0,0,0,0,1,2,0,0,0,0,0,0,0,0,0,0,0,0,0,0,1,2,0,0,0,0,0,1,0,0,0,0,0,0,0,0,0,0,0,0,0,0,0,0,0,0,1,2,0,0,0,0,0,3,0,0,0,0,0,0,0,0,0,0,0,0,5,0,0.081,,,,0.054,,,0.027,,,,,,,,,,,,,,,,,,,,,,,,,,,0,2.0,0.02,55.7,6.0
950,Medium,RPath,1384,2.0,3.0,0.064,6.0,0.128,0.1466992665036675,2.0,0.064,40.9,45,2,2,4.0,walkways,40.89,HMAC,1,2,2,1,2,0,1,2,0,1,2,0,1,2,0,0,0,0,0,0,0,0,0,0,0,5,0,2,0,0,0,0,0,0,1,2,2,0,0,0,0,0,0,0,0,0,0,0,0,0,1,2,2,0,0,0,0,1,0,0,0,0,0,0,0,0,0,0,0,0,0,0,0,0,0,0,0,0,0,0,0,0,5,0,0,0,0,0,0,0,0,0,0,0,0,0,5,0,0.147,,,,0.073,0.037,,0.037,,,,,,,,,,,,,,,,,,,,,,,,,,,0,2.0,0.064,40.9,6.0
951,Medium,RPath,1385,2.0,3.0,0.022,6.0,0.044,0.11695906432748539,2.0,0.022,51.3,42,2,2,4.0,walkways,51.348,HMAC,1,2,2,1,2,0,1,2,0,0,0,0,1,2,2,1,0,0,0,0,0,0,0,0,0,0,0,2,0,0,0,0,0,0,1,2,2,0,0,0,0,0,0,0,0,0,0,0,0,0,1,0,0,0,0,4,0,1,0,0,0,0,0,0,0,0,0,0,0,0,0,0,0,0,0,0,1,2,0,0,0,0,0,3,0,1,0,0,0,0,0,0,0,0,0,0,5,0,0.088,,,,0.058,,,,,,,,,0.029,,,,,,,,,,,,,,,,,,,,,0,2.0,0.022,51.3,6.0
952,Medium,RPath,1386,2.0,3.0,0.039,6.0,0.078,0.07874015748031496,2.0,0.039,76.2,33,2,2,4.0,walkways,76.201,HMAC,1,2,0,1,0,0,1,0,0,0,0,0,1,2,2,1,0,0,0,0,0,0,0,0,0,0,0,2,0,0,0,0,0,0,1,2,2,0,0,0,0,0,0,0,0,0,0,0,0,0,1,0,0,0,0,0,0,1,0,0,0,0,0,0,0,0,0,0,0,0,0,0,0,1,0,0,1,2,0,0,0,0,0,3,0,1,0,0,0,0,0,0,0,0,0,0,5,0,0.098,,,,0.059,0.02,,,,,,,,0.02,,,,,,,,,,,,,,,,,,,,,0,2.0,0.039,76.2,6.0
953,Medium,RPath,1387,2.0,3.0,0.019,6.0,0.038,0.15113350125944583,2.0,0.019,39.7,37,2,2,4.0,walkways,39.717,HMAC,1,2,2,1,0,0,1,0,0,0,0,0,1,2,0,1,0,0,0,0,0,0,0,0,0,0,0,2,0,0,0,0,0,0,1,2,2,0,0,0,0,0,0,0,0,0,0,0,0,0,1,2,0,0,0,0,0,1,0,0,0,0,0,0,0,0,0,0,0,0,0,0,0,1,0,0,1,2,2,0,0,0,0,3,0,1,0,0,0,0,0,0,0,0,0,0,5,0,0.076,,,,0.076,,,,,,,,,,,,,,,,,,,,,,,,,,,,,,0,2.0,0.019,39.7,6.0
954,Medium,RPath,1399,2.0,3.0,0.064,6.0,0.128,0.04477611940298507,2.0,0.064,134.0,45,2,2,4.0,walkways,133.955,HMAC,1,2,0,1,2,0,1,0,0,0,0,0,1,2,2,1,2,0,0,0,0,1,0,0,0,5,0,2,0,0,0,0,0,0,1,2,0,0,0,0,0,0,0,0,1,0,0,0,0,0,1,2,0,0,0,0,0,1,0,0,0,0,0,0,0,0,0,0,0,0,1,0,0,1,2,0,1,0,0,0,0,0,0,3,1,0,0,0,0,0,0,0,0,0,0,0,5,0,0.19,,,,0.134,0.022,,0.034,,,,,,,,,,,,,,,,,,,,,,,,,,,0,2.0,0.064,134.0,6.0
955,Medium,RPath,1403,2.0,3.0,0.085,6.0,0.17,0.1366742596810934,2.0,0.085,43.9,44,2,2,4.0,walkways,43.865,HMAC,1,2,0,1,2,0,0,0,0,0,0,0,1,2,2,1,0,0,0,0,0,0,0,0,0,5,0,2,0,0,0,0,0,0,1,0,0,0,0,0,0,0,0,0,0,0,0,0,0,0,1,2,2,0,0,0,0,1,0,0,0,0,0,0,0,0,0,0,0,0,1,0,0,1,0,0,1,0,0,0,0,0,5,3,1,1,0,0,0,0,0,0,0,0,0,0,5,0,0.239,,,0.034,0.205,,,,,,,,,,,,,,,,,,,,,,,,,,,,,,0,2.0,0.085,43.9,6.0
956,Medium,RPath,1405,2.0,3.0,0.048,6.0,0.096,0.05870841487279843,2.0,0.048,102.2,37,2,2,4.0,walkways,102.245,HMAC,1,2,0,1,2,0,1,2,0,0,0,0,1,2,0,0,0,0,0,0,0,0,0,0,0,0,0,2,0,0,0,0,0,0,0,0,0,0,0,0,0,0,0,0,0,0,0,0,0,0,1,2,0,0,0,0,0,1,0,0,0,0,0,0,0,0,0,0,0,0,0,0,0,1,2,2,1,2,2,0,0,0,0,3,1,0,0,0,0,0,0,0,0,0,0,0,5,0,0.103,,,,0.073,,,,0.029,,,,,,,,,,,,,,,,,,,,,,,,,,0,2.0,0.048,102.2,6.0
957,Medium,RPath,1409,2.0,3.0,0.014,6.0,0.028,0.07371007371007371,2.0,0.014,81.4,32,2,2,4.0,walkways,81.426,HMAC,1,2,0,0,0,0,0,0,0,0,0,0,1,2,0,1,0,0,0,0,0,0,0,0,0,0,0,2,0,0,0,0,0,0,1,2,0,0,0,0,0,0,0,0,0,0,0,0,0,0,1,2,0,0,0,0,0,1,0,0,0,0,0,0,0,0,0,0,0,0,0,0,0,1,2,2,1,2,0,0,0,0,0,3,0,0,0,0,0,0,0,0,0,0,0,0,5,0,0.055,,,,0.055,,,,,,,,,,,,,,,,,,,,,,,,,,,,,,0,2.0,0.014,81.4,6.0
958,Medium,RPath,1411,2.0,3.0,0.085,6.0,0.17,0.08010680907877168,2.0,0.085,74.9,48,3,2,4.0,walkways,74.924,HMAC,1,2,2,1,2,2,1,2,0,0,0,0,1,2,2,0,0,0,0,0,0,0,0,0,0,0,0,2,0,0,0,0,0,0,1,2,2,0,0,0,0,0,0,0,1,0,0,0,1,0,1,2,0,0,0,0,3,1,0,0,0,0,0,0,0,0,0,0,0,0,0,0,0,1,2,2,1,0,0,0,0,0,0,3,0,0,0,0,0,0,0,0,0,0,0,0,5,0,0.22,,,,0.18,,,,0.02,,,,,,,,,,0.02,,,,,,,,,,,,,,,,0,2.0,0.085,74.9,6.0
959,Medium,RPath,1412,2.0,3.0,0.08,6.0,0.16,0.07556675062972291,2.0,0.08,79.4,47,3,2,4.0,walkways,79.41,HMAC,1,2,2,1,2,2,1,2,0,0,0,0,1,2,0,1,0,0,0,0,0,0,0,0,0,0,0,2,0,0,0,0,0,0,1,2,2,0,0,0,0,0,0,0,1,0,0,0,1,0,1,2,0,0,0,0,3,1,0,0,0,0,0,0,0,0,0,0,0,0,0,0,0,1,2,2,1,0,0,0,0,0,0,3,0,0,0,0,0,0,0,0,0,0,0,0,5,0,0.208,,,0.019,0.17,0.019,,,,,,,,,,,,,,,,,,,,,,,,,,,,,0,2.0,0.08,79.4,6.0
960,Medium,RPath,1413,2.0,3.0,0.019,6.0,0.038,0.07751937984496124,2.0,0.019,77.4,45,2,2,4.0,walkways,77.38,HMAC,1,2,2,1,2,0,1,0,0,0,0,0,0,0,0,1,2,0,0,0,0,0,0,0,0,0,0,2,0,0,0,0,0,0,1,2,2,0,0,0,0,0,0,0,0,0,0,0,1,1,1,2,2,0,0,0,0,1,0,0,0,0,0,0,0,0,0,0,0,0,0,0,0,1,0,0,1,2,0,0,0,0,5,3,0,0,0,0,0,0,1,0,0,0,0,0,5,0,0.078,,,,0.078,,,,,,,,,,,,,,,,,,,,,,,,,,,,,,0,2.0,0.019,77.4,6.0
961,Medium,RPath,1414,2.0,3.0,0.054,6.0,0.108,0.0784313725490196,2.0,0.054,76.5,38,2,2,4.0,walkways,76.338,HMAC,1,2,0,1,0,0,1,0,0,0,0,0,1,0,0,1,2,0,0,0,0,0,0,0,0,0,0,2,0,0,0,0,0,0,1,2,2,0,0,0,0,0,0,0,0,0,0,0,1,0,1,2,0,0,0,0,0,1,0,0,0,0,0,0,0,0,0,0,0,0,0,0,0,1,0,0,1,2,0,0,0,0,5,3,0,0,0,0,0,0,0,0,0,0,0,0,5,0,0.196,,,,0.157,,,0.02,,,,,,,,,,0.02,,,,,,,,,,,,,,,,,0,2.0,0.054,76.5,6.0
962,Medium,RPath,1415,2.0,3.0,0.03,6.0,0.06,0.07894736842105263,2.0,0.03,76.0,45,2,2,4.0,walkways,75.988,HMAC,1,2,0,1,2,0,1,2,0,0,0,0,1,2,0,1,0,0,0,0,0,0,0,0,0,0,0,2,0,0,0,0,0,0,1,2,2,0,0,0,0,0,0,0,0,0,0,0,1,0,1,2,0,0,0,0,0,1,0,0,0,0,0,0,0,0,0,0,0,0,0,0,0,1,2,0,1,2,0,0,0,0,5,3,0,0,1,0,0,0,0,0,0,0,0,0,5,0,0.118,,,,0.118,,,,,,,,,,,,,,,,,,,,,,,,,,,,,,0,2.0,0.03,76.0,6.0
963,Medium,RPath,1416,2.0,3.0,0.018,6.0,0.036,0.07177033492822966,2.0,0.018,83.6,48,3,2,4.0,walkways,83.551,HMAC,1,2,0,1,0,0,1,0,0,0,0,0,1,2,0,1,0,0,0,0,0,0,0,0,0,0,0,2,0,0,0,0,0,0,1,2,2,0,0,0,0,0,0,0,0,0,0,0,1,0,1,2,2,0,0,0,3,1,0,0,0,0,0,0,0,0,0,0,0,0,0,0,0,1,2,0,1,2,2,0,0,0,5,3,0,0,1,0,0,0,0,0,0,0,0,0,5,0,0.072,,,,0.072,,,,,,,,,,,,,,,,,,,,,,,,,,,,,,0,2.0,0.018,83.6,6.0
964,Medium,RPath,1417,2.0,3.0,0.037,6.0,0.074,0.05917159763313609,2.0,0.037,101.4,47,3,2,4.0,walkways,101.375,HMAC,1,2,0,1,2,0,1,2,0,0,0,0,1,2,2,1,0,0,0,0,0,0,0,0,0,0,0,2,0,0,0,0,0,0,1,0,0,0,0,0,0,0,0,0,0,0,0,0,0,0,1,2,2,0,0,0,3,1,0,0,0,0,0,0,0,0,0,0,0,0,0,0,0,1,2,2,1,2,2,0,0,0,0,3,1,0,1,0,0,0,0,0,0,0,0,0,5,0,0.104,,,,0.059,0.015,,0.03,,,,,,,,,,,,,,,,,,,,,,,,,,,0,2.0,0.037,101.4,6.0
965,Medium,RPath,1425,2.0,3.0,0.088,6.0,0.176,0.14084507042253522,2.0,0.088,42.6,45,2,2,4.0,walkways,42.641,HMAC,1,2,0,0,0,0,0,0,0,0,0,0,1,2,2,1,2,0,0,0,0,0,0,0,0,5,0,2,0,0,0,0,0,0,1,2,0,0,0,0,0,0,0,0,0,0,0,0,1,0,1,2,0,0,0,0,0,1,0,0,0,0,0,0,0,0,0,0,0,0,0,0,0,1,2,0,1,2,0,0,0,0,0,3,1,1,0,0,0,0,0,0,0,1,2,0,5,0,0.352,,,,0.211,,,0.141,,,,,,,,,,,,,,,,,,,,,,,,,,,0,2.0,0.088,42.6,6.0
966,Medium,RPath,1428,2.0,3.0,0.015,6.0,0.03,0.12145748987854252,2.0,0.015,49.4,33,2,2,4.0,walkways,49.413,HMAC,1,2,2,1,0,0,0,0,0,0,0,0,1,0,0,0,0,0,0,0,0,0,0,0,0,0,0,2,0,0,0,0,0,0,0,0,0,0,0,0,0,0,0,0,0,0,0,0,1,0,1,2,2,0,0,0,0,1,0,0,0,0,0,0,0,0,0,0,0,0,0,0,0,1,2,0,0,0,0,0,0,0,5,3,0,1,0,0,0,0,0,0,0,0,0,0,5,0,0.061,,,,0.061,,,,,,,,,,,,,,,,,,,,,,,,,,,,,,0,2.0,0.015,49.4,6.0
967,Medium,RPath,1432,2.0,3.0,0.014,6.0,0.028,0.07556675062972291,2.0,0.014,79.4,32,2,2,4.0,walkways,78.939,HMAC,1,2,2,1,0,0,0,0,0,1,2,0,1,2,0,0,0,0,0,0,0,0,0,0,0,0,0,2,0,0,0,0,0,0,1,0,0,0,0,0,0,0,0,0,0,0,0,0,0,0,1,2,2,0,0,0,0,1,0,0,0,0,0,0,0,0,0,0,0,0,0,0,0,0,0,0,1,2,0,0,0,0,0,3,0,0,0,0,0,0,0,0,0,0,0,0,5,0,0.057,,,,0.038,,,0.019,,,,,,,,,,,,,,,,,,,,,,,,,,,0,2.0,0.014,79.4,6.0
968,Medium,RPath,1437,2.0,3.0,0.089,6.0,0.178,0.0750938673341677,2.0,0.089,79.9,39,2,2,4.0,walkways,79.924,HMAC,1,2,2,1,2,0,0,0,0,0,0,0,1,2,2,0,0,0,0,0,0,0,0,0,0,0,0,2,0,0,0,0,0,0,1,2,2,0,0,0,0,0,0,0,0,0,0,0,0,0,1,2,0,0,0,0,0,1,0,0,0,0,0,0,0,0,0,0,0,0,0,0,0,1,2,0,1,2,0,0,0,0,0,3,1,0,0,0,0,0,0,0,0,0,0,0,5,0,0.357,,,,0.338,,,,,,,0.019,,,,,,,,,,,,,,,,,,,,,,,0,2.0,0.089,79.9,6.0
969,Medium,RPath,1438,2.0,3.0,0.016,6.0,0.032,0.06465517241379311,2.0,0.016,92.8,40,2,2,4.0,walkways,92.761,HMAC,1,2,2,0,0,0,0,0,0,0,0,0,1,2,0,1,2,0,0,0,0,1,0,0,0,0,0,2,0,0,0,0,0,0,1,2,0,0,0,0,0,0,0,0,1,0,0,0,0,0,1,2,0,0,0,0,3,1,0,0,0,0,0,0,0,0,0,0,0,0,0,0,0,1,2,0,1,2,0,0,0,0,0,3,1,0,0,0,0,0,0,0,0,0,0,0,5,0,0.065,,,,0.032,,,0.032,,,,,,,,,,,,,,,,,,,,,,,,,,,0,2.0,0.016,92.8,6.0
970,Medium,RPath,1459,2.0,3.0,0.02,6.0,0.04,0.0804289544235925,2.0,0.02,74.6,43,2,2,4.0,walkways,74.595,HMAC,1,2,2,1,2,0,1,2,0,0,0,0,1,0,0,0,0,0,0,0,0,0,0,0,0,0,0,2,0,0,0,0,0,0,1,2,2,0,0,0,0,0,0,0,0,0,0,0,1,0,1,2,0,0,0,0,0,1,0,0,0,0,0,0,0,0,0,0,0,0,0,0,0,1,2,0,1,2,0,0,0,0,5,3,0,0,0,0,0,0,0,0,0,0,0,0,5,0,0.02,,,,,,,,0.02,,,,,,,,,,,,,,,,,,,,,,,,,,0,2.0,0.02,74.6,6.0
971,Medium,RPath,1463,2.0,3.0,0.046,6.0,0.092,0.1048951048951049,2.0,0.046,57.2,43,2,2,4.0,walkways,57.163,HMAC,1,2,0,1,2,0,0,0,0,1,0,0,1,2,2,0,0,0,0,0,0,0,0,0,0,5,0,2,0,0,0,0,0,0,1,2,2,0,0,0,1,0,0,0,0,0,0,0,1,0,1,2,0,0,0,0,0,1,0,0,0,0,0,0,0,0,0,0,0,0,0,0,0,1,2,0,1,0,0,0,0,0,0,3,1,0,0,0,0,0,0,0,0,0,0,0,5,0,0.105,,,,0.079,,,,,,,,0.026,,,,,,,,,,,,,,,,,,,,,,0,2.0,0.046,57.2,6.0
972,Medium,RPath,1471,2.0,3.0,0.087,6.0,0.174,0.07001166861143523,2.0,0.087,85.7,39,2,2,4.0,walkways,85.722,HMAC,1,2,2,1,2,0,1,2,0,0,0,0,0,0,0,0,0,0,0,0,0,0,0,0,0,5,0,2,0,0,0,0,0,0,0,0,0,0,0,0,0,0,0,0,0,0,0,0,1,0,1,2,0,0,0,0,0,1,0,0,0,0,0,0,0,0,0,0,0,0,0,0,0,1,2,0,0,0,0,0,0,0,5,0,1,1,1,0,0,0,0,0,0,0,0,0,5,0,0.087,,0.017,,,0.07,,,,,,,,,,,,,,,,,,,,,,,,,,,,,0,2.0,0.087,85.7,6.0
973,Medium,RPath,1476,2.0,3.0,0.095,6.0,0.19,0.0635593220338983,2.0,0.095,94.4,37,2,2,4.0,walkways,94.398,HMAC,1,2,2,1,2,0,1,2,0,0,0,0,1,2,0,0,0,0,0,0,0,0,0,0,0,0,0,2,0,0,0,0,0,0,0,0,0,0,0,0,0,0,0,0,0,0,0,0,1,0,1,2,0,0,0,0,0,1,0,0,0,0,0,0,0,0,0,0,0,0,0,0,0,1,2,0,0,0,0,0,0,0,0,3,1,1,0,1,2,0,0,0,0,0,0,0,5,0,0.095,,,,,0.095,,,,,,,,,,,,,,,,,,,,,,,,,,,,,0,2.0,0.095,94.4,6.0
974,Medium,RPath,1477,2.0,3.0,0.017,6.0,0.034,0.06825938566552901,2.0,0.017,87.9,31,2,2,4.0,walkways,87.931,SS,1,2,0,1,2,0,1,2,0,0,0,0,1,2,0,0,0,0,0,0,0,0,0,0,0,0,0,2,0,0,0,0,0,0,0,0,0,0,0,0,0,0,0,0,0,0,0,0,1,0,1,2,0,0,0,0,0,1,0,0,0,0,0,0,0,0,0,0,0,0,0,0,0,1,2,0,0,0,0,0,0,0,0,3,0,0,0,1,0,0,0,0,0,0,0,0,5,0,0.017,,,,,,,,,,,,,,,,,,,,,,,,,,,,0.017,,,,,,0,2.0,0.017,87.9,6.0
975,Medium,RPath,1484,2.0,3.0,0.043,6.0,0.086,0.17094017094017094,2.0,0.043,35.1,33,2,2,4.0,walkways,35.094,HMAC,1,2,0,0,0,0,0,0,0,0,0,0,1,2,2,0,0,0,0,0,0,0,0,0,0,5,0,2,0,0,0,0,0,0,0,0,0,0,0,0,0,0,0,0,0,0,0,0,0,0,1,0,0,0,0,0,0,1,0,0,0,0,0,0,0,0,0,0,0,0,0,0,0,0,0,0,1,2,0,0,0,0,5,0,1,1,1,0,0,0,0,0,0,0,0,0,5,0,0.171,,,,0.171,,,,,,,,,,,,,,,,,,,,,,,,,,,,,,0,2.0,0.043,35.1,6.0
976,Medium,RPath,1491,2.0,3.0,0.021,6.0,0.042,0.0823045267489712,2.0,0.021,72.9,41,2,2,4.0,walkways,72.9,CON,1,2,2,1,2,0,0,0,0,1,2,0,1,2,0,0,0,0,0,0,0,0,0,0,0,0,0,2,0,0,0,0,0,0,1,2,2,0,0,0,0,0,0,0,1,2,0,0,1,0,1,2,2,0,0,0,0,1,0,0,0,0,0,0,0,0,0,0,0,0,0,0,0,1,2,0,1,0,0,0,0,0,0,0,1,0,0,0,0,0,0,0,0,0,0,0,5,0,0.021,,,,,0.021,,,,,,,,,,,,,,,,,,,,,,,,,,,,,0,2.0,0.021,72.9,6.0
977,Medium,RPath,1511,2.0,3.0,0.018,6.0,0.036,0.07326007326007325,2.0,0.018,81.9,34,2,2,4.0,walkways,81.916,HMAC,1,2,0,1,0,0,1,0,0,0,0,0,1,2,0,1,2,0,0,0,0,0,0,0,0,0,0,2,0,0,0,0,0,0,1,2,0,0,0,0,0,0,0,0,1,0,0,0,0,0,1,2,0,0,0,0,0,1,0,0,0,0,0,0,0,0,0,0,0,0,0,0,0,1,0,0,1,2,0,0,0,0,0,3,0,1,0,0,0,0,0,0,0,0,0,0,5,0,0.073,,,,0.073,,,,,,,,,,,,,,,,,,,,,,,,,,,,,,0,2.0,0.018,81.9,6.0
978,Medium,RPath,1513,2.0,3.0,0.037,6.0,0.074,0.14925373134328357,2.0,0.037,40.2,36,2,2,4.0,walkways,138.436,HMAC,1,2,2,0,0,0,0,0,0,1,2,0,1,2,0,0,0,0,0,0,0,0,0,0,0,5,0,2,0,0,0,0,0,0,1,0,0,0,0,0,0,0,0,0,0,0,0,0,0,0,1,2,0,0,0,0,0,1,0,0,0,0,0,0,0,0,0,0,0,0,0,0,0,0,0,0,1,2,2,0,0,0,0,3,0,0,0,0,0,0,0,0,0,0,0,0,5,0,0.149,,,,0.112,,,0.037,,,,,,,,,,,,,,,,,,,,,,,,,,,0,2.0,0.037,40.2,6.0
979,Medium,RPath,1516,2.0,3.0,0.089,6.0,0.178,0.11857707509881422,2.0,0.089,50.6,35,2,2,4.0,walkways,50.612,SS,1,2,2,0,0,0,0,0,0,0,0,0,1,2,2,0,0,0,0,0,0,0,0,0,0,5,0,2,0,0,0,0,0,0,0,0,0,0,0,0,0,0,0,0,0,0,0,0,0,0,1,2,2,0,0,0,0,1,0,0,0,0,0,0,0,0,0,0,0,0,0,0,0,1,0,0,1,2,0,0,0,0,0,0,1,1,1,0,0,0,0,0,0,0,0,0,5,0,0.089,,,,,,,,,,,,,,,,,,,,0.03,,,,,,,0.059,,,,,,,0,2.0,0.089,50.6,6.0
980,Medium,RPath,1521,2.0,3.0,0.047,6.0,0.094,0.15151515151515152,2.0,0.047,39.6,43,2,2,4.0,walkways,39.864,HMAC,1,2,2,0,0,0,0,0,0,1,0,0,1,2,2,1,2,0,0,0,0,0,0,0,0,5,0,2,0,0,0,0,0,0,1,2,0,0,0,0,0,0,0,0,0,0,0,0,1,0,1,2,0,0,0,0,0,1,0,0,0,0,0,0,0,0,0,0,0,0,0,0,0,1,0,0,1,2,0,0,0,0,0,0,1,1,0,0,0,0,0,0,0,1,2,0,5,0,0.189,,,,0.189,,,,,,,,,,,,,,,,,,,,,,,,,,,,,,0,2.0,0.047,39.6,6.0
981,Medium,RPath,1522,2.0,3.0,0.01,6.0,0.02,0.16620498614958448,2.0,0.01,36.1,33,2,2,4.0,walkways,36.136,HMAC,1,2,2,0,0,0,0,0,0,1,2,0,1,2,0,1,2,0,0,0,0,0,0,0,0,0,0,2,0,0,0,0,0,0,1,2,0,0,0,0,0,0,0,0,0,0,0,0,0,0,1,0,0,0,0,0,0,1,0,0,0,0,0,0,0,0,0,0,0,0,0,0,0,1,0,0,1,2,0,0,0,0,0,0,1,1,0,0,0,0,0,0,0,1,0,0,5,0,0.042,,,,0.042,,,,,,,,,,,,,,,,,,,,,,,,,,,,,,0,2.0,0.01,36.1,6.0
982,Medium,RPath,1527,2.0,3.0,0.06,6.0,0.12,0.07434944237918216,2.0,0.06,80.7,34,2,2,4.0,walkways,80.708,HMAC,1,2,2,0,0,0,0,0,0,0,0,0,1,0,0,1,0,0,0,0,0,0,0,0,0,0,0,2,0,0,0,1,0,0,1,2,0,0,0,0,0,0,0,0,0,0,0,0,0,0,1,2,0,0,0,0,3,1,0,0,0,0,0,0,0,0,0,0,0,0,0,0,0,1,2,0,0,0,0,0,0,0,0,3,1,1,1,0,0,0,0,0,0,0,0,0,5,0,0.223,,,,0.074,,,0.112,,,,0.019,,,,,,0.019,,,,,,,,,,,,,,,,,0,2.0,0.06,80.7,6.0
983,Medium,RPath,1528,2.0,3.0,0.014,6.0,0.028,0.07604562737642585,2.0,0.014,78.9,32,2,2,4.0,walkways,78.918,HMAC,1,2,2,0,0,0,0,0,0,0,0,0,1,0,0,1,0,0,0,0,0,0,0,0,0,0,0,2,0,0,0,1,0,0,1,0,0,0,0,0,0,0,0,0,0,0,0,0,0,0,1,2,0,0,0,0,3,1,0,0,0,0,0,0,0,0,0,0,0,0,0,0,0,1,2,0,0,0,0,0,0,0,0,3,1,1,1,0,0,0,0,0,0,0,0,0,5,0,0.057,,,,0.038,,,,,,,0.019,,,,,,,,,,,,,,,,,,,,,,,0,2.0,0.014,78.9,6.0
984,Medium,RPath,1604,2.0,3.0,0.042,6.0,0.084,0.11257035647279551,2.0,0.042,53.3,45,2,2,4.0,walkways,53.349,HMAC,1,2,2,1,2,2,1,2,2,1,2,0,1,2,0,0,0,0,0,0,0,0,0,0,0,5,0,2,0,0,0,0,0,0,1,2,0,0,0,0,0,0,0,0,0,0,0,0,0,0,1,2,0,0,0,0,0,1,0,0,0,0,0,0,0,0,0,0,0,0,0,0,0,0,0,0,1,0,0,0,0,0,0,3,0,1,0,0,0,0,0,0,0,0,0,0,5,0,0.084,,,,0.056,,,,,,,,,,,,,,0.028,,,,,,,,,,,,,,,,0,2.0,0.042,53.3,6.0
985,Medium,RPath,1605,2.0,3.0,0.047,6.0,0.094,0.125,2.0,0.047,48.0,46,3,2,4.0,walkways,48.032,HMAC,1,2,2,1,2,2,1,2,0,1,0,0,1,0,0,0,0,0,0,0,0,0,0,0,0,5,0,2,0,0,0,0,0,0,1,2,0,0,0,0,0,0,0,0,0,0,0,0,0,0,1,2,0,0,0,0,0,1,0,0,0,0,0,0,0,0,0,0,0,0,1,0,0,1,0,0,1,0,0,0,0,0,5,3,0,1,0,0,0,0,0,0,0,0,0,0,5,0,0.187,,,,0.062,,,0.125,,,,,,,,,,,,,,,,,,,,,,,,,,,0,2.0,0.047,48.0,6.0
986,Medium,RPath,1607,2.0,3.0,0.039,6.0,0.078,0.15748031496062992,2.0,0.039,38.1,44,2,2,4.0,walkways,39.986,HMAC,1,2,2,1,0,0,1,0,0,1,2,0,1,2,0,0,0,0,0,0,0,0,0,0,0,5,0,2,0,0,0,0,0,0,1,2,2,0,0,0,0,0,0,0,0,0,0,0,0,0,1,2,0,0,0,0,0,1,0,0,0,0,0,0,0,0,0,0,0,0,1,2,0,0,0,0,1,2,0,0,0,0,0,3,0,1,0,0,0,0,0,0,0,0,0,0,5,0,0.157,,,,0.079,,,0.079,,,,,,,,,,,,,,,,,,,,,,,,,,,0,2.0,0.039,38.1,6.0
987,Medium,RPath,1608,2.0,3.0,0.027,6.0,0.054,0.42857142857142855,2.0,0.027,14.0,46,3,2,4.0,walkways,13.996,HMAC,1,2,2,1,0,0,1,0,0,1,2,0,1,2,0,0,0,0,0,0,0,0,0,0,0,0,0,2,0,0,0,0,0,0,1,2,2,0,0,0,0,0,0,0,0,0,0,0,0,0,1,2,2,0,0,0,0,1,0,0,0,0,0,0,0,0,0,0,0,0,1,2,0,0,0,0,1,2,0,0,0,0,5,3,0,1,0,0,0,0,0,0,0,0,0,0,5,0,0.107,,,,0.107,,,,,,,,,,,,,,,,,,,,,,,,,,,,,,0,2.0,0.027,14.0,6.0
988,Medium,RPath,92,5.0,1.0,0.356,5.0,1.7799999999999998,0.04317789291882556,4.0,0.356,115.8,91,5,5,20.0,sidewalks,112.559,HMAC,1,2,0,0,0,0,0,0,0,1,0,0,1,2,2,1,2,0,0,0,0,1,2,2,5,5,0,2,1,0,0,1,0,0,1,2,2,0,0,0,1,2,2,5,1,2,2,0,1,1,1,2,2,5,5,0,0,1,1,2,2,1,0,0,0,0,0,0,0,0,0,0,0,1,0,0,1,2,0,0,0,0,0,3,1,1,1,1,0,0,0,0,0,0,0,0,5,0,0.363,,,,,0.35,,,,,,,,,,,,0.013,,,,,,,,,,,,,,,,,1,4.0,0.356,115.8,15.0
989,Medium,RPath,220,5.0,1.0,0.253,5.0,1.2650000000000001,0.04504504504504504,4.0,0.253,111.0,91,5,5,20.0,sidewalks,114.377,CON,1,2,0,1,0,0,0,0,0,1,2,0,1,0,0,1,2,0,0,0,0,0,0,0,5,0,0,0,1,2,2,0,0,0,1,0,0,0,0,0,0,0,0,5,1,2,2,0,1,1,1,2,2,0,5,0,3,1,1,2,0,1,0,0,1,2,2,0,0,0,1,2,0,1,2,0,1,2,2,0,0,0,5,3,1,1,1,1,2,0,1,0,0,1,2,0,5,0,0.324,0.027,,,0.068,0.162,,,,,,,,,,,,0.041,0.027,,,,,,,,,,,,,,,,1,4.0,0.253,111.0,15.0
990,Medium,RPath,322,5.0,1.0,0.327,5.0,1.635,0.04355400696864112,4.0,0.327,114.8,88,5,5,20.0,sidewalks,114.829,CON,1,2,2,1,0,0,0,0,0,0,0,0,1,2,2,1,2,2,0,0,0,1,2,0,0,5,0,0,0,0,0,1,2,0,1,2,2,0,0,0,1,0,0,0,1,2,0,0,1,0,1,2,2,5,5,0,3,1,0,0,0,1,2,0,1,2,0,1,2,2,0,0,0,1,2,0,1,2,0,0,0,0,5,3,1,0,1,0,0,0,0,0,0,0,0,0,5,0,0.366,,,,0.052,0.314,,,,,,,,,,,,,,,,,,,,,,,,,,,,,0,4.0,0.327,114.8,5.0
991,Medium,RPath,406,5.0,1.0,0.26,5.0,1.3,0.06418485237483953,4.0,0.26,77.9,92,5,5,20.0,sidewalks,81.959,HMAC,1,2,0,1,2,0,1,0,0,1,2,0,1,2,0,0,0,0,0,0,0,1,2,0,0,5,0,2,1,2,0,0,0,0,1,2,2,0,0,0,1,2,2,5,1,2,0,0,1,0,1,2,2,5,5,0,3,1,1,2,0,0,0,0,1,0,0,0,0,0,0,0,0,1,2,0,1,2,0,0,0,0,5,3,1,0,1,1,2,0,0,0,0,0,0,0,5,0,0.27,,,,,0.231,,,,,,,,,,,0.019,0.019,,,,,,,,,,,,,,,,,1,4.0,0.26,77.9,15.0
992,Medium,RPath,454,5.0,1.0,0.408,5.0,2.04,0.015179113539769279,4.0,0.408,329.4,86,5,5,20.0,sidewalks,329.5,HMAC,1,2,2,1,2,0,1,2,0,0,0,0,1,2,2,1,0,0,0,0,0,0,0,0,5,5,0,2,0,0,0,1,0,0,1,2,2,0,0,0,0,0,0,0,1,2,2,0,0,0,1,2,0,0,5,0,3,1,0,0,0,1,0,0,1,2,2,1,0,0,1,2,0,1,2,2,1,2,0,0,0,0,5,3,1,0,1,1,0,0,0,0,0,0,0,0,5,0,0.451,,,0.018,0.046,0.351,,,,0.009,,,,,,0.005,0.023,,,,,,,,,,,,,,,,,,1,4.0,0.408,329.4,15.0
993,Medium,RPath,491,5.0,1.0,0.35,5.0,1.75,0.015197568389057751,4.0,0.35,329.0,95,5,5,20.0,sidewalks,329.001,HMAC,1,2,2,1,2,2,1,2,2,0,0,0,1,2,2,1,2,0,0,0,0,0,0,0,5,5,0,2,0,0,0,1,2,2,1,2,2,0,0,0,0,0,0,0,1,2,0,0,0,0,1,0,0,0,5,4,0,1,0,0,0,1,2,0,1,2,2,1,0,0,1,0,0,1,2,2,1,2,2,0,0,0,5,3,1,1,1,0,0,0,0,0,0,0,0,0,5,0,0.442,,,0.009,0.091,0.274,,,,,,0.005,0.009,,,0.032,0.014,0.009,,,,,,,,,,,,,,,,,2,4.0,0.35,329.0,25.0
994,Medium,RPath,674,5.0,1.0,0.332,5.0,1.6600000000000001,0.06711409395973154,4.0,0.332,74.5,88,5,5,20.0,sidewalks,75.671,HMAC,1,2,0,1,2,0,1,0,0,1,2,0,1,2,0,1,0,0,0,0,0,0,0,0,0,5,0,2,1,2,2,0,0,0,1,2,2,0,0,0,0,0,0,5,1,2,2,0,0,0,1,2,2,5,5,0,0,1,0,0,0,1,2,0,1,2,2,0,0,0,0,0,0,1,2,0,1,2,2,0,0,0,5,3,1,0,0,0,0,0,0,0,0,1,0,0,5,0,0.685,,,,0.443,0.201,,,,,,,,,,,,0.04,,,,,,,,,,,,,,,,,0,4.0,0.332,74.5,5.0
995,Medium,RPath,681,5.0,1.0,0.455,5.0,2.275,0.01795977011494253,4.0,0.455,278.4,103,5,5,20.0,sidewalks,278.305,HMAC,1,2,2,1,0,0,0,0,0,0,0,0,1,2,2,1,2,2,0,0,0,1,2,0,5,0,0,2,1,0,0,1,2,2,1,2,2,0,0,0,1,2,0,5,1,2,0,0,1,0,1,2,2,5,5,0,3,1,1,0,0,1,2,2,1,2,2,1,2,0,1,2,0,1,0,0,1,0,0,0,0,0,5,3,1,0,1,1,0,0,0,0,0,0,0,0,5,0,0.523,,,,0.086,0.426,,,,,,,0.005,,,0.005,,,,,,,,,,,,,,,,,,,0,4.0,0.455,278.4,5.0
996,Medium,RPath,685,5.0,1.0,0.334,5.0,1.6700000000000002,0.05065856129685917,4.0,0.334,98.7,93,5,5,20.0,sidewalks,97.498,HMAC,1,2,0,1,2,0,1,0,0,1,2,2,1,2,0,1,0,0,0,0,0,0,0,0,5,5,0,2,1,2,2,0,0,0,1,2,2,0,0,0,0,0,0,5,1,2,2,0,0,0,1,2,2,5,5,0,0,1,0,0,0,1,0,0,1,2,2,0,0,0,0,0,0,1,2,0,1,2,2,0,0,0,5,3,1,0,0,0,0,0,0,0,0,1,0,0,5,0,0.334,0.046,,,,0.289,,,,,,,,,,,,,,,,,,,,,,,,,,,,,0,4.0,0.334,98.7,5.0
997,Medium,RPath,686,5.0,1.0,0.406,5.0,2.0300000000000002,0.0693481276005548,4.0,0.406,72.1,97,5,5,20.0,sidewalks,72.327,HMAC,1,2,2,1,0,0,0,0,0,1,2,2,1,2,2,1,0,0,0,0,0,0,0,0,5,5,0,2,1,2,2,0,0,0,1,2,2,0,0,0,0,0,0,5,1,2,2,0,0,0,1,2,2,5,5,0,0,0,0,0,0,1,2,0,1,2,2,0,0,0,0,0,0,1,2,0,1,2,2,0,0,0,5,3,1,1,1,0,0,0,0,0,0,1,0,0,5,0,0.416,0.021,,,,0.375,,,,,,,,,,,,0.021,,,,,,,,,,,,,,,,,1,4.0,0.406,72.1,15.0
998,Medium,RPath,717,5.0,1.0,0.297,5.0,1.4849999999999999,0.020601565718994644,4.0,0.297,242.7,103,5,5,20.0,sidewalks,243.33,CON,1,2,0,1,2,0,1,0,0,1,2,0,1,2,2,1,2,2,0,0,0,0,0,0,5,0,0,2,1,2,2,0,0,0,1,2,2,0,0,0,0,0,0,5,1,2,0,0,1,0,1,2,2,5,5,0,0,1,0,0,0,1,2,0,1,2,2,0,0,0,1,0,0,1,2,0,1,2,2,0,0,0,5,3,1,1,1,1,2,0,0,0,0,1,2,2,5,0,0.371,0.019,,0.006,0.074,0.222,,,0.012,,,,,,,,,0.037,,,,,,,,,,,,,,,,,0,4.0,0.297,242.7,5.0
999,Medium,RPath,750,5.0,1.0,0.281,5.0,1.4050000000000002,0.05422993492407809,4.0,0.281,92.2,86,5,5,20.0,sidewalks,91.391,CON,1,2,0,0,0,0,0,0,0,1,2,0,1,0,0,1,2,2,0,0,0,0,0,0,5,0,0,0,1,2,2,0,0,0,1,0,0,0,0,0,0,0,0,0,1,2,2,0,1,1,1,2,2,0,5,0,0,1,1,2,0,1,0,0,1,2,2,0,0,0,1,2,2,1,2,0,1,2,2,1,0,0,5,0,1,1,1,1,2,0,1,2,0,1,2,0,5,0,0.504,,,,0.179,0.195,,,,,,,,0.098,,0.016,,0.016,,,,,,,,,,,,,,,,,0,4.0,0.281,92.2,5.0
1000,Medium,RPath,1190,5.0,1.0,0.356,5.0,1.7799999999999998,0.013130252100840336,4.0,0.356,380.8,92,5,5,20.0,sidewalks,380.04,HMAC,1,2,0,1,2,2,1,0,0,0,0,0,1,2,2,1,2,2,0,0,0,0,0,0,5,5,0,2,0,0,0,1,2,0,1,2,2,1,2,0,0,0,0,0,0,0,0,0,1,1,1,2,2,5,5,4,3,1,0,0,0,0,0,0,0,0,0,0,0,0,1,0,0,1,2,0,1,2,2,0,0,0,5,3,1,1,1,0,0,0,0,0,0,0,0,0,5,0,0.398,,,,0.047,0.327,,,,,,,,,,,0.012,0.012,,,,,,,,,,,,,,,,,0,4.0,0.356,380.8,5.0
1001,Medium,RPath,9,4.0,1.0,0.256,4.0,1.024,0.05063291139240506,4.0,0.256,79.0,73,4,4,16.0,sidewalks,63.096,HMAC,1,2,2,1,0,0,0,0,0,0,0,0,1,2,0,1,2,2,0,0,0,0,0,0,0,5,0,0,1,2,2,0,0,0,1,2,2,0,0,0,0,0,0,0,1,2,0,0,0,0,1,2,2,0,5,0,0,0,0,0,0,0,0,0,1,0,0,0,0,0,0,0,0,1,2,2,1,2,2,1,0,0,0,0,1,1,1,1,2,2,1,2,0,1,2,0,5,0,0.455,,,,0.228,0.152,,0.038,,,,,0.019,,,,0.019,,,,,,,,,,,,,,,,,,1,4.0,0.256,79.0,14.0
1002,Medium,RPath,20,4.0,1.0,0.296,4.0,1.184,0.016722408026755852,4.0,0.296,239.2,74,4,4,16.0,sidewalks,234.682,HMAC,1,2,2,1,0,0,1,0,0,0,0,0,1,2,2,1,0,0,0,0,0,0,0,0,5,5,0,0,0,0,0,0,0,0,1,2,2,1,2,2,1,2,2,0,1,0,0,0,0,0,1,2,2,0,5,4,3,0,0,0,0,0,0,0,0,0,0,0,0,0,0,0,0,0,0,0,0,0,0,0,0,0,5,0,1,1,1,1,2,2,0,0,0,0,0,0,5,0,0.376,,,,0.107,0.27,,,,,,,,,,,,,,,,,,,,,,,,,,,,,2,4.0,0.296,239.2,24.0
1003,Medium,RPath,41,4.0,1.0,0.359,4.0,1.436,0.01561889886762983,4.0,0.359,256.1,73,4,4,16.0,sidewalks,256.1,HMAC,1,2,2,1,0,0,1,0,0,0,0,0,1,2,2,1,0,0,0,0,0,1,2,0,0,5,0,2,0,0,0,1,0,0,1,2,2,0,0,0,0,0,0,0,1,2,0,0,1,1,1,2,2,5,0,0,3,1,1,0,0,0,0,0,0,0,0,0,0,0,0,0,0,1,2,0,1,2,2,0,0,0,5,3,1,1,1,0,0,0,0,0,0,0,0,0,5,0,0.457,,,,0.1,0.299,,,,,,,,0.023,0.023,0.006,,0.006,,,,,,,,,,,,,,,,,0,4.0,0.359,256.1,4.0
1004,Medium,RPath,86,4.0,1.0,0.465,4.0,1.86,0.05221932114882507,4.0,0.465,76.6,84,5,4,16.0,sidewalks,76.894,HMAC,1,2,2,1,0,0,0,0,0,0,0,0,1,2,2,1,2,0,0,0,0,1,2,0,0,5,0,2,0,0,0,1,2,0,1,2,2,0,0,0,1,0,0,0,1,2,0,0,0,0,1,2,2,5,5,0,3,1,0,0,0,1,2,0,1,2,0,1,2,2,1,0,0,1,0,0,1,0,0,0,0,0,5,3,1,0,1,0,0,0,0,0,0,0,0,0,5,0,0.49,,,,0.02,0.451,,,,,,,,,,0.02,,,,,,,,,,,,,,,,,,,0,4.0,0.465,76.6,4.0
1005,Medium,RPath,95,4.0,1.0,0.258,4.0,1.032,0.022573363431151242,4.0,0.258,177.2,78,4,4,16.0,sidewalks,173.581,HMAC,1,2,0,1,2,0,1,2,0,0,0,0,1,0,0,1,0,0,0,0,0,0,0,0,0,0,0,2,0,0,0,1,0,0,1,2,2,0,0,0,0,0,0,5,1,2,0,0,1,1,1,2,2,5,5,0,0,1,0,0,0,0,0,0,1,2,0,0,0,0,1,2,0,1,2,0,1,2,2,0,0,0,5,3,0,0,1,1,2,2,0,0,0,0,0,0,5,0,0.262,,,,,0.22,,,,,,,,,,,,0.008,0.034,,,,,,,,,,,,,,,,0,4.0,0.258,177.2,4.0
1006,Medium,RPath,135,4.0,1.0,0.276,4.0,1.104,0.02585649644473174,4.0,0.276,154.7,76,4,4,16.0,sidewalks,154.625,CON,1,2,2,1,0,0,1,0,0,0,0,0,1,2,2,1,2,0,0,0,0,1,2,2,0,0,0,2,0,0,0,1,0,0,1,2,2,0,0,0,0,0,0,5,1,2,0,0,1,1,1,2,2,5,5,0,0,1,0,0,0,1,0,0,1,0,0,1,2,0,0,0,0,1,2,2,1,2,2,0,0,0,0,0,1,0,1,0,0,0,0,0,0,0,0,0,5,0,0.281,,,,,0.252,,,0.019,,,,,,,0.01,,,,,,,,,,,,,,,,,,,0,4.0,0.276,154.7,4.0
1007,Medium,RPath,142,4.0,1.0,0.273,4.0,1.092,0.04860267314702309,4.0,0.273,82.3,67,4,4,16.0,sidewalks,82.257,HMAC,1,2,0,1,0,0,0,0,0,0,0,0,1,2,0,0,0,0,0,0,0,0,0,0,0,0,0,2,0,0,0,0,0,0,1,2,2,0,0,0,0,0,0,5,1,0,0,0,0,0,1,2,2,5,0,4,0,1,0,0,0,0,0,0,1,2,0,1,2,0,1,2,2,1,0,0,1,2,2,0,0,0,5,3,0,0,1,1,0,0,0,0,0,0,0,0,5,0,0.437,,,,0.109,0.182,,,,0.109,0.018,,,,,,0.018,,,,,,,,,,,,,,,,,,0,4.0,0.273,82.3,4.0
1008,Medium,RPath,155,4.0,1.0,0.265,4.0,1.06,0.04561003420752566,4.0,0.265,87.7,71,4,4,16.0,sidewalks,87.041,HMAC,1,2,0,1,2,0,0,0,0,0,0,0,1,2,0,0,0,0,0,0,0,0,0,0,0,0,0,2,0,0,0,0,0,0,1,2,2,0,0,0,0,0,0,5,1,2,0,0,0,0,1,2,0,5,0,4,0,1,0,0,0,0,0,0,1,2,0,1,2,2,1,2,2,1,0,0,1,2,2,0,0,0,5,3,0,0,1,1,0,0,0,0,0,0,0,0,5,0,0.342,,,,0.051,0.12,,,,,,,0.051,0.051,,,0.068,,,,,,,,,,,,,,,,,,0,4.0,0.265,87.7,4.0
1009,Medium,RPath,166,4.0,1.0,0.283,4.0,1.132,0.027739251040221916,4.0,0.283,144.2,75,4,4,16.0,sidewalks,138.593,HMAC,1,2,2,1,2,0,1,0,0,1,2,0,1,2,0,0,0,0,0,0,0,0,0,0,0,0,0,2,1,2,0,0,0,0,1,2,2,0,0,0,0,0,0,5,1,2,0,0,0,0,1,2,2,0,5,0,0,1,0,0,0,1,0,0,1,2,2,0,0,0,0,0,0,1,2,2,1,2,2,0,0,0,5,3,1,0,1,0,0,0,0,0,0,0,0,0,5,0,0.291,0.094,,,,0.177,,,,,,0.01,,,,,0.01,,,,,,,,,,,,,,,,,,0,4.0,0.283,144.2,4.0
1010,Medium,RPath,168,4.0,1.0,0.385,4.0,1.54,0.05405405405405406,4.0,0.385,74.0,76,4,4,16.0,sidewalks,76.012,HMAC,1,2,2,1,0,0,0,0,0,1,2,0,1,2,0,0,0,0,0,0,0,0,0,0,5,5,0,0,1,2,0,0,0,0,1,2,2,0,0,0,0,0,0,5,1,2,0,0,0,0,1,2,2,0,5,0,3,1,0,0,0,0,0,0,1,2,0,0,0,0,0,0,0,1,2,2,1,2,2,0,0,0,0,3,1,1,1,0,0,0,0,0,0,0,0,0,5,0,0.385,,,,,0.385,,,,,,,,,,,,,,,,,,,,,,,,,,,,,0,4.0,0.385,74.0,4.0
1011,Medium,RPath,223,4.0,1.0,0.446,4.0,1.784,0.03577817531305903,4.0,0.446,111.8,78,4,4,16.0,sidewalks,111.498,HMAC,1,2,0,1,0,0,0,0,0,1,2,0,1,0,0,1,2,0,0,0,0,0,0,0,5,0,0,2,1,2,2,1,0,0,1,0,0,0,0,0,1,0,0,5,1,2,2,0,1,1,1,2,2,0,5,0,0,1,1,2,0,0,0,0,1,2,0,0,0,0,1,2,0,1,0,0,1,2,0,0,0,0,0,3,1,1,1,1,2,0,1,0,0,1,0,0,5,0,0.456,0.094,,0.013,0.013,0.322,,,,,,,,,,,,,0.013,,,,,,,,,,,,,,,,0,4.0,0.446,111.8,4.0
1012,Medium,RPath,230,4.0,1.0,0.277,4.0,1.108,0.031421838177533384,4.0,0.277,127.3,68,4,4,16.0,sidewalks,127.299,HMAC,1,2,2,1,0,0,1,0,0,0,0,0,1,2,0,0,0,0,0,0,0,0,0,0,0,5,0,2,0,0,0,0,0,0,1,2,2,0,0,0,0,0,0,5,1,0,0,0,0,0,1,2,2,0,0,0,3,1,0,0,0,0,0,0,1,2,0,1,0,0,1,2,2,1,2,0,1,2,2,0,0,0,5,3,1,0,0,0,0,0,0,0,0,0,0,0,5,0,0.295,,,,,0.224,,,,0.024,,,0.024,,,,0.024,,,,,,,,,,,,,,,,,,0,4.0,0.277,127.3,4.0
1013,Medium,RPath,285,4.0,1.0,0.326,4.0,1.304,0.05442176870748299,4.0,0.326,73.5,70,4,4,16.0,sidewalks,74.864,CON,1,2,0,1,2,0,0,0,0,0,0,0,1,0,0,1,2,0,0,0,0,0,0,0,5,0,0,2,0,0,0,0,0,0,1,2,2,0,0,0,0,0,0,5,1,2,2,0,0,0,1,2,2,5,5,0,3,1,0,0,0,0,0,0,0,0,0,0,0,0,1,2,0,1,0,0,1,0,0,0,0,0,5,3,1,0,0,0,0,0,0,0,0,0,0,0,5,0,0.429,,,0.02,0.122,0.245,,,,,,,,,,,,0.02,0.02,,,,,,,,,,,,,,,,1,4.0,0.326,73.5,14.0
1014,Medium,RPath,292,4.0,1.0,0.252,4.0,1.008,0.013033561420658197,4.0,0.252,306.9,67,4,4,16.0,sidewalks,304.515,HMAC,1,2,2,1,2,0,1,2,0,1,0,0,1,2,2,0,0,0,0,0,0,0,0,0,0,5,0,2,0,0,0,0,0,0,1,2,0,0,0,0,0,0,0,0,1,2,0,0,1,1,1,2,2,5,0,0,3,1,0,0,0,0,0,0,0,0,0,0,0,0,0,0,0,1,2,2,1,2,2,0,0,0,0,3,1,1,1,0,0,0,0,0,0,0,0,0,5,0,0.259,0.01,0.005,0.01,,0.196,,,,,,,,,0.024,,,0.015,,,,,,,,,,,,,,,,,0,4.0,0.252,306.9,4.0
1015,Medium,RPath,361,4.0,1.0,0.326,4.0,1.304,0.053475935828877004,4.0,0.326,74.8,67,4,4,16.0,sidewalks,74.752,HMAC,1,2,2,1,0,0,1,0,0,0,0,0,1,2,2,0,0,0,0,0,0,1,0,0,0,5,0,2,0,0,0,0,0,0,1,2,2,0,0,0,1,0,0,0,1,2,2,0,1,1,1,2,2,0,0,4,0,1,0,0,0,0,0,0,0,0,0,0,0,0,0,0,0,1,2,2,1,2,0,0,0,0,5,3,1,1,1,0,0,0,0,0,0,0,0,0,5,0,0.381,,,,0.06,0.281,,,,,,,,,,0.02,0.02,,,,,,,,,,,,,,,,,,0,4.0,0.326,74.8,4.0
1016,Medium,RPath,374,4.0,1.0,0.316,4.0,1.264,0.023081361800346218,4.0,0.316,173.3,75,4,4,16.0,sidewalks,171.936,HMAC,1,2,2,1,0,0,1,0,0,0,0,0,1,2,2,1,0,0,0,0,0,0,0,0,5,5,0,2,0,0,0,1,2,2,1,2,2,0,0,0,0,0,0,0,0,0,0,0,0,0,1,2,2,0,0,0,3,1,0,0,0,0,0,0,1,0,0,1,2,2,0,0,0,1,2,2,1,2,2,0,0,0,5,3,1,0,1,0,0,0,0,0,0,0,0,0,5,0,0.364,,,,0.052,0.286,,,,,,,,,,0.017,0.009,,,,,,,,,,,,,,,,,,0,4.0,0.316,173.3,4.0
1017,Medium,RPath,387,4.0,1.0,0.256,4.0,1.024,0.022535211267605635,4.0,0.256,177.5,69,4,4,16.0,sidewalks,177.042,HMAC,1,2,0,1,2,0,1,2,0,1,2,0,1,2,0,0,0,0,0,0,0,0,0,0,5,5,3,0,0,0,0,0,0,0,1,2,2,0,0,0,0,0,0,0,1,2,2,0,0,0,1,2,2,0,5,0,0,1,0,0,0,0,0,0,0,0,0,0,0,0,0,0,0,1,2,2,1,2,0,0,0,0,0,3,1,1,1,1,0,0,0,0,0,0,0,0,5,0,0.363,,,,0.144,0.152,,,0.051,,,,,,,,,,0.017,,,,,,,,,,,,,,,,0,4.0,0.256,177.5,4.0
1018,Medium,RPath,399,4.0,1.0,0.43,4.0,1.72,0.05738880918220947,4.0,0.43,69.7,67,4,4,16.0,sidewalks,68.01,HMAC,1,2,2,1,2,0,1,2,0,0,0,0,1,0,0,1,0,0,0,0,0,0,0,0,0,0,3,0,0,0,0,0,0,0,1,2,2,0,0,0,0,0,0,0,1,2,2,0,1,1,1,2,2,5,5,0,0,0,0,0,0,0,0,0,1,2,2,0,0,0,0,0,0,1,2,0,0,0,0,0,0,0,5,3,1,1,1,0,0,0,0,0,0,0,0,0,5,0,0.43,,,0.022,,0.409,,,,,,,,,,,,,,,,,,,,,,,,,,,,,1,4.0,0.43,69.7,14.0
1019,Medium,RPath,415,4.0,1.0,0.452,4.0,1.808,0.0535475234270415,4.0,0.452,74.7,71,4,4,16.0,sidewalks,74.659,HMAC,1,2,0,1,0,0,0,0,0,0,0,0,1,2,0,1,0,0,0,0,0,1,0,0,0,0,0,2,0,0,0,1,2,2,1,2,2,0,0,0,1,2,0,5,1,2,0,0,1,0,1,2,2,0,0,0,3,1,1,0,0,1,2,2,1,2,2,1,0,0,1,2,0,0,0,0,0,0,0,0,0,0,5,3,0,0,0,1,0,0,0,0,0,0,0,0,5,0,0.462,,,,,0.422,,,,,,,0.02,,,,,0.02,,,,,,,,,,,,,,,,,1,4.0,0.452,74.7,14.0
1020,Medium,RPath,416,4.0,1.0,0.427,4.0,1.708,0.087527352297593,4.0,0.427,45.7,68,4,4,16.0,sidewalks,45.782,CON,1,2,2,1,0,0,0,0,0,0,0,0,1,2,0,1,2,0,0,0,0,1,2,0,0,0,0,2,0,0,0,1,2,0,1,2,2,0,0,0,1,0,0,0,1,0,0,0,1,0,1,2,2,5,5,0,3,0,0,0,0,1,2,0,1,0,0,1,2,2,1,0,0,1,0,0,1,0,0,0,0,0,0,3,1,0,1,0,0,0,0,0,0,0,0,0,5,0,0.427,,,,,0.427,,,,,,,,,,,,,,,,,,,,,,,,,,,,,0,4.0,0.427,45.7,4.0
1021,Medium,RPath,445,4.0,1.0,0.314,4.0,1.256,0.0249843847595253,4.0,0.314,160.1,69,4,4,16.0,sidewalks,158.575,HMAC,1,2,2,1,2,2,1,2,2,1,0,0,1,0,0,0,0,0,0,0,0,0,0,0,5,5,0,2,0,0,0,0,0,0,1,2,2,0,0,0,0,0,0,5,1,0,0,0,0,0,1,2,2,0,0,0,3,1,0,0,0,0,0,0,1,0,0,0,0,0,1,2,0,0,0,0,1,2,2,0,0,0,0,3,1,1,1,0,0,0,0,0,0,0,0,0,5,0,0.403,,,,0.112,0.281,,,,,,,,,,,,0.009,,,,,,,,,,,,,,,,,0,4.0,0.314,160.1,4.0
1022,Medium,RPath,453,4.0,1.0,0.426,4.0,1.704,0.05284015852047556,4.0,0.426,75.7,73,4,4,16.0,sidewalks,75.664,HMAC,1,2,2,1,2,2,1,2,2,0,0,0,1,2,2,0,0,0,0,0,0,0,0,0,5,5,0,2,0,0,0,0,0,0,1,2,0,0,0,0,0,0,0,0,1,0,0,0,0,0,1,2,0,0,0,0,3,1,0,0,0,0,0,0,1,2,0,0,0,0,1,2,0,1,2,2,1,2,2,0,0,0,5,3,1,0,0,0,0,0,0,0,0,0,0,0,5,0,0.436,,,,,0.396,,,,,,,,,,,0.02,0.02,,,,,,,,,,,,,,,,,0,4.0,0.426,75.7,4.0
1023,Medium,RPath,459,4.0,1.0,0.312,4.0,1.248,0.014908684308609765,4.0,0.312,268.3,67,4,4,16.0,sidewalks,268.314,HMAC,1,2,0,1,0,0,0,0,0,0,0,0,1,2,0,0,0,0,0,0,0,0,0,0,5,0,0,2,0,0,0,0,0,0,1,2,2,0,0,0,0,0,0,5,1,2,0,0,0,0,1,2,2,5,0,4,0,1,0,0,0,0,0,0,1,0,0,1,0,0,1,2,2,0,0,0,1,2,0,0,0,0,5,3,1,0,1,0,0,0,0,0,0,0,0,0,5,0,0.453,,,,0.162,0.246,,,,,,,,,,0.028,0.006,0.011,,,,,,,,,,,,,,,,,0,4.0,0.312,268.3,4.0
1024,Medium,RPath,480,4.0,1.0,0.293,4.0,1.172,0.01225865767698437,4.0,0.293,326.3,72,4,4,16.0,sidewalks,282.763,HMAC,1,2,2,1,2,0,1,2,0,1,0,0,1,0,0,0,0,0,0,0,0,0,0,0,5,5,0,2,1,0,0,0,0,0,1,2,2,0,0,0,0,0,0,5,1,0,0,0,0,0,1,2,2,0,5,0,0,1,0,0,0,0,0,0,1,0,0,0,0,0,1,2,0,1,2,2,1,2,2,0,0,0,0,3,1,0,1,0,0,0,0,0,0,0,0,0,5,0,0.34,,,,0.055,0.276,,,,,,0.005,,,,,,0.005,,,,,,,,,,,,,,,,,0,4.0,0.293,326.3,4.0
1025,Medium,RPath,538,4.0,1.0,0.323,4.0,1.292,0.05215123859191655,4.0,0.323,76.7,69,4,4,16.0,sidewalks,78.059,CON,1,2,0,0,0,0,0,0,0,1,2,0,1,0,0,1,0,0,0,0,0,0,0,0,5,0,0,0,1,2,2,1,2,0,1,2,0,0,0,0,1,2,0,0,1,2,0,0,1,1,1,2,2,0,5,0,3,1,1,2,0,0,0,0,1,2,0,0,0,0,1,0,0,1,0,0,1,2,0,0,0,0,0,0,1,1,1,1,2,0,1,0,0,0,0,0,5,0,0.665,,,0.02,0.43,0.176,,,,,,,,,,0.02,,0.02,,,,,,,,,,,,,,,,,1,4.0,0.323,76.7,14.0
1026,Medium,RPath,560,4.0,1.0,0.329,4.0,1.316,0.031080031080031083,4.0,0.329,128.7,74,4,4,16.0,sidewalks,126.397,CON,1,0,0,0,0,0,0,0,0,1,0,0,1,0,0,1,0,0,0,0,0,0,0,0,5,0,0,0,1,2,2,0,0,0,1,0,0,0,0,0,0,0,0,0,1,2,0,0,1,1,1,2,2,0,5,0,3,1,1,2,0,1,2,2,1,0,0,0,0,0,1,0,0,1,2,0,1,2,2,1,2,2,0,3,1,1,1,1,2,2,0,0,0,1,0,0,5,0,0.431,,,,0.105,0.28,,,,,,,,,,,,0.047,,,,,,,,,,,,,,,,,0,4.0,0.329,128.7,4.0
1027,Medium,RPath,616,4.0,1.0,0.45,4.0,1.8,0.021041557075223566,4.0,0.45,190.1,68,4,4,16.0,sidewalks,182.995,HMAC,1,2,2,1,0,0,0,0,0,0,0,0,0,0,0,1,2,2,0,0,0,0,0,0,0,5,0,2,0,0,0,0,0,0,1,2,2,0,0,0,1,2,0,0,1,2,2,0,1,1,1,2,2,5,5,0,3,1,0,0,0,0,0,0,1,2,0,0,0,0,0,0,0,0,0,0,1,2,2,0,0,0,0,0,1,1,1,0,0,0,0,0,0,0,0,0,5,0,0.45,,,,,0.402,,,,,,,0.039,,,,0.008,,,,,,,,,,,,,,,,,,0,4.0,0.45,190.1,4.0
1028,Medium,RPath,669,4.0,1.0,0.37,4.0,1.48,0.037278657968313145,4.0,0.37,107.3,80,4,4,16.0,sidewalks,107.474,CON,1,2,2,1,2,0,1,0,0,1,2,0,1,2,2,1,0,0,0,0,0,0,0,0,0,0,0,2,1,2,2,0,0,0,1,2,2,0,0,0,0,0,0,5,1,2,0,0,0,0,1,2,0,5,5,0,0,1,0,0,0,1,0,0,1,2,2,0,0,0,0,0,0,1,2,0,1,2,2,0,0,0,5,3,0,0,0,0,0,0,0,0,0,1,0,0,5,0,0.377,,,,,0.363,,,,,,,,,,,,0.014,,,,,,,,,,,,,,,,,0,4.0,0.37,107.3,4.0
1029,Medium,RPath,671,4.0,1.0,0.255,4.0,1.02,0.05235602094240837,4.0,0.255,76.4,83,5,4,16.0,sidewalks,76.396,HMAC,1,2,0,1,2,0,1,0,0,1,2,0,1,2,2,1,0,0,0,0,0,0,0,0,0,5,0,2,1,2,2,0,0,0,1,2,2,0,0,0,0,0,0,5,1,2,0,0,0,0,1,2,0,5,5,0,0,1,0,0,0,1,0,0,1,2,2,0,0,0,0,0,0,1,0,0,1,2,2,0,0,0,5,3,1,0,0,1,0,0,0,0,0,1,0,0,5,0,0.255,,,,,0.236,,,,,,,,,,,0.02,,,,,,,,,,,,,,,,,,0,4.0,0.255,76.4,4.0
1030,Medium,RPath,689,4.0,1.0,0.386,4.0,1.544,0.046838407494145196,4.0,0.386,85.4,74,4,4,16.0,sidewalks,85.747,HMAC,1,2,2,1,2,0,1,0,0,1,2,0,1,2,0,0,0,0,0,0,0,0,0,0,0,0,0,2,1,2,0,0,0,0,1,2,2,0,0,0,0,0,0,5,1,2,0,0,0,0,1,2,2,0,5,0,0,1,0,0,0,1,0,0,1,2,2,0,0,0,0,0,0,1,2,2,1,2,2,0,0,0,5,3,1,0,0,0,0,0,0,0,0,0,0,0,5,0,0.386,0.053,,,,0.316,,,,,,,,,,,0.018,,,,,,,,,,,,,,,,,,0,4.0,0.386,85.4,4.0
1031,Medium,RPath,691,4.0,1.0,0.367,4.0,1.468,0.13986013986013984,4.0,0.367,28.6,76,4,4,16.0,sidewalks,26.713,HMAC,1,2,2,1,0,0,0,0,0,1,2,0,1,2,0,0,0,0,0,0,0,0,0,0,0,0,0,2,1,2,0,0,0,0,1,2,2,0,0,0,0,0,0,5,1,2,0,0,0,0,1,2,2,5,5,0,3,1,0,0,0,1,0,0,1,2,0,0,0,0,0,0,0,1,2,2,1,2,2,0,0,0,5,0,1,1,1,0,0,0,0,0,0,0,0,0,5,0,0.367,,,,,0.367,,,,,,,,,,,,,,,,,,,,,,,,,,,,,0,4.0,0.367,28.6,4.0
1032,Medium,RPath,695,4.0,1.0,0.325,4.0,1.3,0.11527377521613832,4.0,0.325,34.7,76,4,4,16.0,sidewalks,34.192,HMAC,1,2,0,1,0,0,0,0,0,1,2,2,1,2,2,1,0,0,0,0,0,0,0,0,5,0,0,2,1,2,2,0,0,0,1,2,2,0,0,0,0,0,0,0,1,2,0,0,1,0,1,2,2,0,5,0,0,1,0,0,0,1,2,0,1,2,0,0,0,0,0,0,0,1,2,0,1,2,2,0,0,0,0,3,1,1,1,1,0,0,0,0,0,1,2,0,5,0,0.519,,,,0.26,0.26,,,,,,,,,,,,,,,,,,,,,,,,,,,,,0,4.0,0.325,34.7,4.0
1033,Medium,RPath,699,4.0,1.0,0.253,4.0,1.012,0.05398110661268556,4.0,0.253,74.1,80,4,4,16.0,sidewalks,73.998,HMAC,1,2,0,1,0,0,0,0,0,1,2,0,1,2,0,1,2,0,0,0,0,0,0,0,5,0,0,2,1,2,2,0,0,0,1,2,0,0,0,0,0,0,0,5,1,2,0,0,1,0,1,2,2,0,5,0,0,1,0,0,0,1,2,0,1,2,0,0,0,0,0,0,0,1,2,0,1,2,0,0,0,0,5,3,1,1,1,1,0,0,0,0,0,1,2,0,5,0,0.263,,,,,0.243,,,,,,,,,,0.02,,,,,,,,,,,,,,,,,,,0,4.0,0.253,74.1,4.0
1034,Medium,RPath,760,4.0,1.0,0.272,4.0,1.088,0.05578800557880056,4.0,0.272,71.7,80,4,4,16.0,sidewalks,71.681,HMAC,1,2,0,1,2,0,0,0,0,0,0,0,1,2,0,0,0,0,0,0,0,1,0,0,5,0,0,2,1,0,0,1,2,2,1,2,2,0,0,0,1,2,0,5,1,2,0,0,1,0,1,2,2,0,0,0,3,1,1,0,0,1,0,0,1,2,2,0,0,0,1,2,0,1,0,0,1,0,0,0,0,0,5,3,1,1,1,1,2,0,0,0,0,0,0,0,5,0,0.272,,,,,0.272,,,,,,,,,,,,,,,,,,,,,,,,,,,,,1,4.0,0.272,71.7,14.0
1035,Medium,RPath,772,4.0,1.0,0.282,4.0,1.128,0.050125313283208024,4.0,0.282,79.8,67,4,4,16.0,sidewalks,79.788,HMAC,1,2,0,1,2,0,0,0,0,0,0,0,0,0,0,0,0,0,0,0,0,0,0,0,5,0,0,2,0,0,0,0,0,0,1,2,2,0,0,0,0,0,0,5,1,2,2,0,0,0,1,2,2,5,5,4,0,1,0,0,0,0,0,0,0,0,0,0,0,0,1,0,0,1,0,0,1,0,0,0,0,0,5,3,1,0,1,1,0,0,0,0,0,0,0,0,5,0,0.338,,,,0.056,0.263,,,,0.019,,,,,,,,,,,,,,,,,,,,,,,,,0,4.0,0.282,79.8,4.0
1036,Medium,RPath,779,4.0,1.0,0.336,4.0,1.344,0.017582417582417582,4.0,0.336,227.5,69,4,4,16.0,sidewalks,227.027,HMAC,1,2,2,1,2,0,1,2,0,0,0,0,1,2,2,1,0,0,0,0,0,1,2,2,0,0,0,2,0,0,0,0,0,0,1,2,2,0,0,0,0,0,0,0,1,0,0,0,1,0,1,2,2,5,5,0,0,1,0,0,0,0,0,0,0,0,0,0,0,0,0,0,0,1,0,0,1,2,2,0,0,0,5,3,1,1,1,0,0,0,0,0,0,0,0,0,5,0,0.336,,,,,0.31,,,,,,,0.013,,,,0.013,,,,,,,,,,,,,,,,,,0,4.0,0.336,227.5,4.0
1037,Medium,RPath,905,4.0,1.0,0.253,4.0,1.012,0.016266775111834077,4.0,0.253,245.9,80,4,4,16.0,sidewalks,245.857,HMAC,1,2,2,1,0,0,1,0,0,0,0,0,1,0,0,1,0,0,0,0,0,0,0,0,5,5,0,2,0,0,0,1,2,2,1,2,2,0,0,0,0,0,0,0,0,0,0,0,0,0,1,2,2,5,5,0,3,1,1,2,0,0,0,0,1,2,2,0,0,0,0,0,0,1,2,2,1,0,0,0,0,0,5,3,1,1,1,0,0,0,0,0,0,0,0,0,5,0,0.287,,,,0.037,0.201,,,,,,,,,0.024,0.012,0.012,,,,,,,,,,,,,,,,,,0,4.0,0.253,245.9,4.0
1038,Medium,RPath,927,4.0,1.0,0.297,4.0,1.188,0.01040582726326743,4.0,0.297,384.4,78,4,4,16.0,sidewalks,381.301,HMAC,1,2,2,1,2,0,1,2,0,0,0,0,1,2,2,1,2,2,0,0,0,0,0,0,0,5,0,2,0,0,0,0,0,0,1,2,2,1,2,2,1,2,2,0,0,0,0,0,0,0,1,2,2,0,0,4,3,0,0,0,0,0,0,0,0,0,0,0,0,0,0,0,0,1,0,0,1,2,0,0,0,0,5,3,1,1,1,1,2,0,0,0,0,0,0,0,5,0,0.336,,,,0.047,0.242,0.016,,,,,,,,0.016,0.008,0.008,,,,,,,,,,,,,,,,,,0,4.0,0.297,384.4,4.0
1039,Medium,RPath,985,4.0,1.0,0.275,4.0,1.1,0.031201248049921998,4.0,0.275,128.2,72,4,4,16.0,sidewalks,102.36,HMAC,1,2,2,0,0,0,0,0,0,1,0,0,1,2,0,1,2,0,0,0,0,0,0,0,0,0,3,0,1,2,2,0,0,0,1,2,0,0,0,0,0,0,0,0,1,2,2,0,0,0,1,2,2,0,5,0,0,1,0,0,0,0,0,0,1,2,0,0,0,0,1,0,0,1,2,0,1,2,0,1,0,0,0,3,1,1,1,1,2,2,1,2,0,1,2,0,5,0,0.386,,,,0.094,0.129,,,,,,,,0.047,0.07,0.012,0.012,,0.023,,,,,,,,,,,,,,,,1,4.0,0.275,128.2,14.0
1040,Medium,RPath,1022,4.0,1.0,0.314,4.0,1.256,0.07604562737642585,4.0,0.314,52.6,68,4,4,16.0,sidewalks,52.623,HMAC,1,2,2,0,0,0,0,0,0,0,0,0,1,2,2,0,0,0,0,0,0,1,0,0,0,5,0,2,0,0,0,0,0,0,1,2,2,0,0,0,1,0,0,0,1,2,2,0,1,1,1,2,2,5,5,4,0,1,0,0,0,0,0,0,0,0,0,0,0,0,0,0,0,1,2,0,1,2,0,0,0,0,0,3,1,1,1,0,0,0,0,0,0,0,0,0,5,0,0.684,,,,0.456,0.171,,,,,,,,,,0.057,,,,,,,,,,,,,,,,,,,0,4.0,0.314,52.6,4.0
1041,Medium,RPath,1154,4.0,1.0,0.28,4.0,1.12,0.07285974499089254,4.0,0.28,54.9,80,4,4,16.0,sidewalks,54.948,CON,1,2,2,0,0,0,0,0,0,0,0,0,1,2,2,1,2,2,0,0,0,1,2,2,5,0,0,0,1,0,0,1,2,0,1,2,2,0,0,0,1,2,2,0,1,2,0,0,1,0,1,2,2,5,5,0,0,0,1,2,0,1,2,0,1,0,0,1,0,0,1,0,0,1,0,0,1,0,0,0,0,0,0,3,1,1,1,0,0,0,0,0,0,0,0,0,5,0,0.3,,,,0.027,0.273,,,,,,,,,,,,,,,,,,,,,,,,,,,,,0,4.0,0.28,54.9,4.0
1042,Medium,RPath,1158,4.0,1.0,0.402,4.0,1.608,0.1020408163265306,4.0,0.402,39.2,80,4,4,16.0,sidewalks,39.208,CON,1,2,2,0,0,0,0,0,0,0,0,0,1,2,2,1,2,2,0,0,0,1,2,2,0,5,0,0,1,0,0,1,2,0,1,2,2,0,0,0,1,2,2,0,1,2,0,0,1,0,1,2,2,5,5,0,0,0,1,2,0,1,2,0,1,0,0,1,0,0,1,0,0,1,0,0,1,0,0,0,0,0,0,3,1,1,1,0,0,0,0,0,0,0,0,0,5,0,0.574,,,,0.23,0.344,,,,,,,,,,,,,,,,,,,,,,,,,,,,,0,4.0,0.402,39.2,4.0
1043,Medium,RPath,1236,4.0,1.0,0.293,4.0,1.172,0.026702269692923896,4.0,0.293,149.8,71,4,4,16.0,sidewalks,149.813,HMAC,1,2,0,1,2,0,0,0,0,0,0,0,1,2,0,0,0,0,0,0,0,0,0,0,0,0,0,2,0,0,0,0,0,0,1,2,2,0,0,0,0,0,0,5,1,2,0,0,0,0,1,2,0,5,0,4,0,1,0,0,0,0,0,0,1,2,0,1,2,2,1,2,2,1,0,0,1,2,2,0,0,0,5,3,0,0,1,1,0,0,0,0,0,0,0,0,5,0,0.37,,,,0.09,0.25,,,,,,,,,,0.02,,,0.01,,,,,,,,,,,,,,,,0,4.0,0.293,149.8,4.0
1044,Medium,RPath,1545,4.0,1.0,0.285,4.0,1.14,0.38095238095238093,4.0,0.285,10.5,70,4,4,16.0,sidewalks,8.187,CON,1,2,2,1,2,0,1,0,0,0,0,0,0,0,0,0,0,0,0,0,0,0,0,0,5,5,0,0,0,0,0,0,0,0,1,2,2,0,0,0,0,0,0,0,0,0,0,0,1,1,1,2,2,5,5,0,0,0,0,0,0,0,0,0,1,2,0,0,0,0,1,2,0,1,2,0,1,2,2,0,0,0,5,3,1,0,1,0,0,0,0,0,0,0,0,0,5,0,0.285,,,,,,,,,,,,,,,,,,0.285,,,,,,,,,,,,,,,,1,4.0,0.285,10.5,14.0
1045,Medium,RPath,451,4.0,1.0,0.335,4.0,1.34,0.01201562030639832,4.0,0.335,332.9,70,4,4,16.0,sidewalks,45.337,PB,1,2,0,1,2,0,0,0,0,0,0,0,1,0,0,0,0,0,0,0,0,0,0,0,5,0,0,0,0,0,0,1,0,0,1,2,2,0,0,0,0,0,0,0,1,2,2,0,0,0,1,2,2,5,5,4,3,0,0,0,0,0,0,0,1,2,0,1,2,0,1,0,0,1,0,0,1,0,0,0,0,0,5,3,1,0,1,1,0,0,0,0,0,0,0,0,5,0,0.383,,,0.009,0.041,0.257,,,,,,,0.018,0.018,,0.005,0.027,0.005,0.005,,,,,,,,,,,,,,,,0,4.0,0.335,332.9,4.0
1046,Medium,RPath,358,4.0,1.0,0.483,4.0,1.932,0.019230769230769232,4.0,0.483,208.0,73,4,4,16.0,sidewalks,74.328,HMAC,1,2,2,1,2,0,1,2,0,0,0,0,0,0,0,0,0,0,0,0,0,0,0,0,0,5,0,2,0,0,0,0,0,0,1,2,2,0,0,0,0,0,0,0,0,0,0,0,1,1,1,2,2,5,5,0,0,0,0,0,0,0,0,0,1,2,2,0,0,0,1,2,0,1,2,2,1,2,2,0,0,0,5,3,1,0,1,0,0,0,0,0,0,0,0,0,5,0,0.49,,,,,0.476,,,,,,,,,,0.014,,,,,,,,,,,,,,,,,,,1,4.0,0.483,208.0,14.0
1047,Medium,RPath,1,2.0,2.0,0.219,4.0,0.438,0.05830903790087464,3.0,0.219,68.6,46,3,2,6.0,sidewalks,66.779,HMAC,1,2,2,1,2,0,1,2,0,0,0,0,1,2,0,0,0,0,0,0,0,0,0,0,0,0,0,2,0,0,0,0,0,0,0,0,0,0,0,0,0,0,0,0,0,0,0,0,1,1,1,2,2,5,0,0,3,1,0,0,0,0,0,0,1,0,0,0,0,0,0,0,0,1,0,0,1,0,0,0,0,0,0,3,1,1,1,0,0,0,0,0,0,0,0,0,5,0,0.219,,,,,0.219,,,,,,,,,,,,,,,,,,,,,,,,,,,,,0,3.0,0.219,68.6,4.0
1048,Medium,RPath,24,2.0,2.0,0.123,4.0,0.246,0.017543859649122806,3.0,0.123,228.0,46,3,2,6.0,sidewalks,228.02,CON,1,2,2,1,2,0,1,2,0,0,0,0,0,0,0,1,0,0,0,0,0,0,0,0,0,0,0,2,0,0,0,1,2,0,1,0,0,0,0,0,1,2,0,0,1,0,0,0,0,0,1,2,2,0,0,0,3,1,0,0,0,0,0,0,0,0,0,0,0,0,0,0,0,0,0,0,0,0,0,0,0,0,5,3,1,1,0,0,0,0,0,0,0,0,0,0,5,0,0.132,,,,0.007,0.112,,,,,,,,,,,0.007,0.007,,,,,,,,,,,,,,,,,0,3.0,0.123,228.0,4.0
1049,Medium,RPath,44,2.0,2.0,0.175,4.0,0.35,0.019436345966958212,3.0,0.175,205.8,43,2,2,6.0,sidewalks,205.362,HMAC,1,2,0,0,0,0,1,0,0,1,0,0,1,2,2,1,0,0,0,0,0,0,0,0,0,0,0,2,0,0,0,0,0,0,1,2,2,0,0,0,0,0,0,0,1,0,0,0,0,0,1,2,2,0,5,0,0,1,0,0,0,0,0,0,0,0,0,0,0,0,0,0,0,0,0,0,0,0,0,0,0,0,0,0,1,1,1,1,2,2,0,0,0,0,0,0,5,0,0.335,,,,0.204,0.095,,,,,,,,,,0.007,0.022,0.007,,,,,,,,,,,,,,,,,0,3.0,0.175,205.8,4.0
1050,Medium,RPath,65,2.0,2.0,0.224,4.0,0.448,0.0477326968973747,3.0,0.224,83.8,41,2,2,6.0,sidewalks,83.792,HMAC,1,2,2,0,0,0,0,0,0,0,0,0,1,2,0,0,0,0,0,0,0,0,0,0,0,0,0,2,0,0,0,1,0,0,1,2,0,0,0,0,0,0,0,0,0,0,0,0,0,0,1,2,0,0,0,0,0,1,0,0,0,0,0,0,0,0,0,1,2,0,0,0,0,1,2,0,1,2,0,0,0,0,5,3,1,0,0,0,0,0,0,0,0,0,0,0,5,0,0.448,,,,0.215,0.107,,,,,0.036,,,0.072,,0.018,,,,,,,,,,,,,,,,,,,0,3.0,0.224,83.8,4.0
1051,Medium,RPath,113,2.0,2.0,0.137,4.0,0.274,0.018779342723004695,3.0,0.137,213.0,39,2,2,6.0,sidewalks,211.627,HMAC,1,2,2,0,0,0,0,0,0,0,0,0,1,2,0,1,2,0,0,0,0,0,0,0,0,0,3,0,1,0,0,0,0,0,1,0,0,0,0,0,0,0,0,0,1,0,0,0,0,0,1,2,0,0,0,0,0,1,0,0,0,0,0,0,1,2,0,0,0,0,0,0,0,1,0,0,1,0,0,0,0,0,0,0,1,1,1,1,2,2,0,0,0,0,0,0,5,0,0.401,,,,0.352,0.042,,,,,,,,,,,0.007,,,,,,,,,,,,,,,,,,0,3.0,0.137,213.0,4.0
1052,Medium,RPath,173,2.0,2.0,0.162,4.0,0.324,0.041237113402061855,3.0,0.162,97.0,37,2,2,6.0,sidewalks,96.01,HMAC,1,2,2,0,0,0,0,0,0,0,0,0,1,2,2,1,0,0,0,0,0,0,0,0,0,0,3,0,1,0,0,0,0,0,0,0,0,0,0,0,0,0,0,0,1,0,0,0,0,0,1,2,0,0,0,0,0,1,0,0,0,0,0,0,1,2,0,0,0,0,0,0,0,0,0,0,1,0,0,0,0,0,0,0,1,1,1,1,2,2,0,0,0,0,0,0,5,0,0.371,,,,0.278,0.093,,,,,,,,,,,,,,,,,,,,,,,,,,,,,0,3.0,0.162,97.0,4.0
1053,Medium,RPath,176,2.0,2.0,0.189,4.0,0.378,0.04028197381671702,3.0,0.189,99.3,38,2,2,6.0,sidewalks,99.261,HMAC,1,2,0,0,0,0,0,0,0,0,0,0,1,2,0,1,0,0,0,0,0,0,0,0,0,0,3,0,1,2,0,0,0,0,0,0,0,0,0,0,0,0,0,0,1,0,0,0,0,0,1,2,0,0,0,0,0,1,0,0,0,0,0,0,1,2,2,0,0,0,0,0,0,1,0,0,1,2,0,0,0,0,0,0,1,1,1,1,2,0,0,0,0,0,0,0,5,0,0.438,,,,0.272,0.106,,,,0.06,,,,,,,,,,,,,,,,,,,,,,,,,0,3.0,0.189,99.3,4.0
1054,Medium,RPath,178,2.0,2.0,0.117,4.0,0.234,0.027662517289073308,3.0,0.117,144.6,48,3,2,6.0,sidewalks,146.005,HMAC,1,2,2,1,2,0,1,2,0,0,0,0,0,0,0,0,0,0,0,0,0,0,0,0,0,0,3,2,0,0,0,0,0,0,0,0,0,0,0,0,0,0,0,0,0,0,0,0,0,0,1,2,2,5,5,4,0,1,0,0,0,0,0,0,0,0,0,0,0,0,0,0,0,0,0,0,1,0,0,0,0,0,0,3,1,1,1,0,0,0,0,0,0,0,0,0,5,0,0.187,,,0.041,0.083,0.041,,,,0.01,,,0.01,,,,,,,,,,,,,,,,,,,,,,0,3.0,0.117,144.6,4.0
1055,Medium,RPath,190,2.0,2.0,0.158,4.0,0.316,0.0411522633744856,3.0,0.158,97.2,47,3,2,6.0,sidewalks,97.196,HMAC,1,2,2,0,0,0,0,0,0,0,0,0,1,2,2,1,0,0,0,0,0,0,0,0,0,5,3,0,1,2,0,0,0,0,0,0,0,0,0,0,0,0,0,0,1,0,0,0,0,0,1,2,0,0,0,0,0,1,1,0,0,0,0,0,1,2,0,0,0,0,0,0,0,0,0,0,1,2,0,0,0,0,0,0,1,1,1,1,2,2,0,0,0,0,0,0,5,0,0.309,,,,0.201,0.108,,,,,,,,,,,,,,,,,,,,,,,,,,,,,0,3.0,0.158,97.2,4.0
1056,Medium,RPath,238,2.0,2.0,0.111,4.0,0.222,0.09828009828009827,3.0,0.111,40.7,42,2,2,6.0,sidewalks,40.67,CON,1,2,0,1,0,0,1,0,0,0,0,0,1,2,0,1,0,0,0,0,0,0,0,0,0,0,0,2,0,0,0,1,0,0,1,0,0,0,0,0,0,0,0,5,1,0,0,0,0,0,1,2,2,0,0,0,0,1,0,0,0,0,0,0,0,0,0,0,0,0,0,0,0,0,0,0,1,2,0,0,0,0,5,3,1,0,0,0,0,0,0,0,0,0,0,0,5,0,0.111,,,,,0.111,,,,,,,,,,,,,,,,,,,,,,,,,,,,,0,3.0,0.111,40.7,4.0
1057,Medium,RPath,241,2.0,2.0,0.136,4.0,0.272,0.015071590052750567,3.0,0.136,265.4,41,2,2,6.0,sidewalks,265.405,CON,1,2,0,1,2,0,1,0,0,0,0,0,1,2,0,1,0,0,0,0,0,0,0,0,0,0,0,2,0,0,0,0,0,0,1,2,2,0,0,0,0,0,0,5,1,0,0,0,0,0,1,0,0,0,0,0,0,1,0,0,0,0,0,0,0,0,0,0,0,0,0,0,0,1,0,0,1,2,2,0,0,0,0,3,1,0,0,0,0,0,0,0,0,0,0,0,5,0,0.226,,,0.023,0.102,0.068,,,,,,,,,,,0.006,0.028,,,,,,,,,,,,,,,,,0,3.0,0.136,265.4,4.0
1058,Medium,RPath,245,2.0,2.0,0.12,4.0,0.24,0.042826552462526764,3.0,0.12,93.4,41,2,2,6.0,sidewalks,93.399,HMAC,1,2,2,1,2,0,1,2,0,0,0,0,1,2,0,0,0,0,0,0,0,0,0,0,0,0,0,2,0,0,0,0,0,0,0,0,0,0,0,0,0,0,0,0,0,0,0,0,0,0,1,2,2,0,0,0,3,1,0,0,0,0,0,0,0,0,0,0,0,0,0,0,0,1,2,0,1,2,2,0,0,0,0,3,0,0,0,0,0,0,0,0,0,0,0,0,5,0,0.434,,,,0.418,0.016,,,,,,,,,,,,,,,,,,,,,,,,,,,,,0,3.0,0.12,93.4,4.0
1059,Medium,RPath,247,2.0,2.0,0.129,4.0,0.258,0.05755395683453238,3.0,0.129,69.5,48,3,2,6.0,sidewalks,73.964,HMAC,1,2,0,1,0,0,0,0,0,1,2,0,1,2,0,0,0,0,0,0,0,0,0,0,0,0,0,2,0,0,0,0,0,0,1,0,0,0,0,0,0,0,0,0,0,0,0,0,0,0,1,2,2,5,0,4,0,1,0,0,0,0,0,0,0,0,0,0,0,0,0,0,0,0,0,0,1,2,2,0,0,0,5,3,0,1,1,0,0,0,0,0,0,0,0,0,5,0,0.324,,,,0.259,0.065,,,,,,,,,,,,,,,,,,,,,,,,,,,,,0,3.0,0.129,69.5,4.0
1060,Medium,RPath,263,2.0,2.0,0.22,4.0,0.44,0.041237113402061855,3.0,0.22,97.0,43,2,2,6.0,sidewalks,98.005,HMAC,1,2,0,0,0,0,0,0,0,0,0,0,1,2,0,1,0,0,0,0,0,0,0,0,0,0,3,0,1,2,0,0,0,0,1,0,0,0,0,0,0,0,0,0,1,2,0,0,0,0,1,2,0,0,0,0,0,1,1,0,0,0,0,0,1,2,2,0,0,0,0,0,0,1,0,0,1,2,0,1,0,0,0,0,1,1,1,1,2,0,0,0,0,0,0,0,5,0,0.464,,,,0.325,0.139,,,,,,,,,,,,,,,,,,,,,,,,,,,,,0,3.0,0.22,97.0,4.0
1061,Medium,RPath,273,2.0,2.0,0.151,4.0,0.302,0.06430868167202572,3.0,0.151,62.2,34,2,2,6.0,sidewalks,62.216,HMAC,1,2,2,1,0,0,1,0,0,0,0,0,0,0,0,0,0,0,0,0,0,0,0,0,0,0,0,2,0,0,0,0,0,0,0,0,0,0,0,0,0,0,0,0,0,0,0,0,0,0,0,0,0,0,0,0,3,1,0,0,0,0,0,0,0,0,0,0,0,0,0,0,0,1,2,2,0,0,0,0,0,0,5,3,1,1,1,0,0,0,0,0,0,0,0,0,5,0,0.579,,,,0.482,,,,,,,,,0.072,,,,0.024,,,,,,,,,,,,,,,,,0,3.0,0.151,62.2,4.0
1062,Medium,RPath,274,2.0,2.0,0.111,4.0,0.222,0.05925925925925926,3.0,0.111,67.5,35,2,2,6.0,sidewalks,69.639,HMAC,1,2,2,1,0,0,1,0,0,0,0,0,1,0,0,0,0,0,0,0,0,0,0,0,0,0,0,2,0,0,0,0,0,0,0,0,0,0,0,0,0,0,0,0,0,0,0,0,0,0,0,0,0,0,0,0,3,1,0,0,0,0,0,0,0,0,0,0,0,0,0,0,0,1,2,2,0,0,0,0,0,0,5,3,1,1,1,0,0,0,0,0,0,0,0,0,5,0,0.444,,,,0.444,,,,,,,,,,,,,,,,,,,,,,,,,,,,,,0,3.0,0.111,67.5,4.0
1063,Medium,RPath,291,2.0,2.0,0.184,4.0,0.368,0.07005253940455342,3.0,0.184,57.1,47,3,2,6.0,sidewalks,55.671,HMAC,1,2,2,1,0,0,1,0,0,0,0,0,1,2,2,0,0,0,0,0,0,0,0,0,0,0,0,2,0,0,0,0,0,0,0,0,0,0,0,0,0,0,0,0,0,0,0,0,1,1,1,2,2,5,0,0,3,1,0,0,0,0,0,0,0,0,0,0,0,0,0,0,0,1,2,0,1,2,0,0,0,0,0,3,1,1,1,0,0,0,0,0,0,0,0,0,5,0,0.184,,,,,0.079,,,,,,,,,0.079,,0.026,,,,,,,,,,,,,,,,,,0,3.0,0.184,57.1,4.0
1064,Medium,RPath,293,2.0,2.0,0.133,4.0,0.266,0.06756756756756756,3.0,0.133,59.2,41,2,2,6.0,sidewalks,54.415,HMAC,1,2,0,1,0,0,1,0,0,0,0,0,1,2,0,0,0,0,0,0,0,0,0,0,0,0,0,2,0,0,0,0,0,0,0,0,0,0,0,0,0,0,0,0,0,0,0,0,1,0,1,2,2,5,0,0,3,1,0,0,0,0,0,0,1,0,0,0,0,0,0,0,0,1,0,0,1,2,0,0,0,0,0,3,1,1,1,0,0,0,0,0,0,0,0,0,5,0,0.152,0.025,,0.025,,0.076,,,,,,0.025,,,,,,,,,,,,,,,,,,,,,,,0,3.0,0.133,59.2,4.0
1065,Medium,RPath,298,2.0,2.0,0.165,4.0,0.33,0.041025641025641026,3.0,0.165,97.5,46,3,2,6.0,sidewalks,88.52,CON,0,0,0,0,0,0,0,0,0,0,0,0,1,2,2,0,0,0,1,2,2,0,0,0,0,5,0,0,0,0,0,1,0,0,0,0,0,0,0,0,0,0,0,0,1,2,0,0,1,1,1,2,2,0,0,0,3,1,0,0,0,0,0,0,0,0,0,0,0,0,0,0,0,1,2,0,1,2,2,0,0,0,0,0,1,1,1,0,0,0,0,0,0,0,0,0,5,0,0.246,,,,0.108,0.138,,,,,,,,,,,,,,,,,,,,,,,,,,,,,0,3.0,0.165,97.5,4.0
1066,Medium,RPath,325,2.0,2.0,0.19,4.0,0.38,0.011389521640091117,3.0,0.19,351.2,31,2,2,6.0,sidewalks,351.194,CON,1,2,0,0,0,0,0,0,0,0,0,0,1,2,2,0,0,0,1,2,2,0,0,0,0,0,0,0,0,0,0,0,0,0,0,0,0,0,0,0,0,0,0,0,0,0,0,0,0,0,1,2,2,5,5,0,0,0,0,0,0,0,0,0,0,0,0,0,0,0,0,0,0,0,0,0,0,0,0,0,0,0,0,0,1,1,1,0,0,0,0,0,0,0,0,0,0,0,0.196,,,,,0.149,,,,,,,,,,0.013,0.009,,0.026,,,,,,,,,,,,,,,,0,3.0,0.19,351.2,4.0
1067,Medium,RPath,331,2.0,2.0,0.229,4.0,0.458,0.050890585241730284,3.0,0.229,78.6,40,2,2,6.0,sidewalks,78.571,HMAC,1,2,2,1,2,0,0,0,0,0,0,0,1,2,2,0,0,0,0,0,0,0,0,0,0,0,0,2,0,0,0,0,0,0,1,0,0,0,0,0,0,0,0,0,0,0,0,0,1,1,1,2,2,5,0,0,3,1,0,0,0,0,0,0,0,0,0,0,0,0,0,0,0,0,0,0,0,0,0,0,0,0,0,0,1,1,1,0,0,0,0,0,0,0,0,0,5,0,0.229,0.019,,,,0.21,,,,,,,,,,,,,,,,,,,,,,,,,,,,,0,3.0,0.229,78.6,4.0
1068,Medium,RPath,373,2.0,2.0,0.159,4.0,0.318,0.02290950744558992,3.0,0.159,174.6,43,2,2,6.0,sidewalks,173.075,HMAC,1,2,2,0,0,0,0,0,0,0,0,0,1,2,0,1,0,0,0,0,0,0,0,0,0,0,0,2,0,0,0,1,2,0,1,2,0,0,0,0,0,0,0,0,0,0,0,0,0,0,1,2,0,0,0,0,0,1,0,0,0,0,0,0,0,0,0,1,2,0,0,0,0,1,2,0,1,2,0,0,0,0,5,3,0,0,0,0,0,0,0,0,0,0,0,0,5,0,0.309,,,,0.189,0.103,,,,,,,,,,0.017,,,,,,,,,,,,,,,,,,,0,3.0,0.159,174.6,4.0
1069,Medium,RPath,423,2.0,2.0,0.23,4.0,0.46,0.039564787339268055,3.0,0.23,101.1,46,3,2,6.0,sidewalks,102.042,HMAC,1,2,0,0,0,0,0,0,0,0,0,0,1,2,0,1,2,0,0,0,0,0,0,0,0,0,3,0,1,2,0,0,0,0,1,0,0,0,0,0,0,0,0,0,1,2,0,0,0,0,1,0,0,0,0,0,0,1,0,0,0,0,0,0,1,2,2,0,0,0,0,0,0,1,0,0,1,2,0,1,0,0,0,3,1,1,1,1,2,0,0,0,0,1,0,0,5,0,0.504,,,,0.356,0.059,,,,,,,,,0.059,,,0.015,0.015,,,,,,,,,,,,,,,,1,3.0,0.23,101.1,14.0
1070,Medium,RPath,425,2.0,2.0,0.14,4.0,0.28,0.045402951191827474,3.0,0.14,88.1,42,2,2,6.0,sidewalks,88.086,CON,1,2,2,1,0,0,0,0,0,0,0,0,1,0,0,1,0,0,0,0,0,0,0,0,0,5,0,2,0,0,0,0,0,0,0,0,0,0,0,0,0,0,0,5,0,0,0,0,0,0,1,2,0,0,0,0,0,1,0,0,0,0,0,0,0,0,0,0,0,0,0,0,0,1,0,0,1,0,0,0,0,0,0,3,1,1,1,1,2,2,0,0,0,0,0,0,5,0,0.187,,,,0.051,0.102,,,,,,,,,,0.017,0.017,,,,,,,,,,,,,,,,,,0,3.0,0.14,88.1,4.0
1071,Medium,RPath,517,2.0,2.0,0.179,4.0,0.358,0.01104667219000276,3.0,0.179,362.1,44,2,2,6.0,sidewalks,396.121,HMAC,1,2,0,0,0,0,0,0,0,0,0,0,1,2,2,0,0,0,0,0,0,0,0,0,0,0,3,2,0,0,0,1,2,2,0,0,0,0,0,0,0,0,0,0,0,0,0,0,1,1,1,2,2,0,5,0,0,1,0,0,0,0,0,0,0,0,0,0,0,0,0,0,0,0,0,0,0,0,0,0,0,0,0,0,1,1,1,1,2,2,0,0,0,0,0,0,5,0,0.381,,,,0.244,0.046,0.004,,0.012,0.017,,0.017,0.033,0.008,,,,,,,,,,,,,,,,,,,,,1,3.0,0.179,362.1,14.0
1072,Medium,RPath,578,2.0,2.0,0.145,4.0,0.29,0.04056795131845842,3.0,0.145,98.6,42,2,2,6.0,sidewalks,98.565,HMAC,1,2,2,0,0,0,0,0,0,0,0,0,1,2,2,1,0,0,0,0,0,0,0,0,0,0,3,0,1,2,0,0,0,0,0,0,0,0,0,0,0,0,0,0,1,0,0,0,0,0,1,2,0,0,0,0,0,1,1,0,0,0,0,0,1,2,0,0,0,0,0,0,0,0,0,0,1,2,0,0,0,0,0,0,1,1,1,1,2,2,0,0,0,0,0,0,5,0,0.259,,,,0.122,0.107,,,,,,0.03,,,,,,,,,,,,,,,,,,,,,,,0,3.0,0.145,98.6,4.0
1073,Medium,RPath,584,2.0,2.0,0.163,4.0,0.326,0.046838407494145196,3.0,0.163,85.4,48,3,2,6.0,sidewalks,81.787,CON,1,2,0,1,0,0,1,0,0,1,2,0,1,2,2,1,2,0,0,0,0,0,0,0,0,0,0,2,0,0,0,0,0,0,1,2,0,0,0,0,0,0,0,0,0,0,0,0,0,0,1,0,0,5,5,0,0,1,0,0,0,0,0,0,0,0,0,0,0,0,0,0,0,1,0,0,1,2,0,0,0,0,0,0,1,1,1,0,0,0,0,0,0,1,2,0,5,0,0.176,,,,0.018,0.158,,,,,,,,,,,,,,,,,,,,,,,,,,,,,1,3.0,0.163,85.4,14.0
1074,Medium,RPath,652,2.0,2.0,0.151,4.0,0.302,0.04895960832313341,3.0,0.151,81.7,46,3,2,6.0,sidewalks,83.99,CON,1,2,0,1,2,0,1,2,0,0,0,0,0,0,0,0,0,0,0,0,0,0,0,0,0,0,0,2,0,0,0,0,0,0,1,2,2,0,0,0,0,0,0,5,1,2,0,0,0,0,1,2,0,0,0,0,3,1,0,0,0,0,0,0,0,0,0,0,0,0,1,0,0,0,0,0,1,2,2,0,0,0,0,3,0,0,1,0,0,0,0,0,0,0,0,0,5,0,0.275,,,,0.165,0.11,,,,,,,,,,,,,,,,,,,,,,,,,,,,,0,3.0,0.151,81.7,4.0
1075,Medium,RPath,774,2.0,2.0,0.116,4.0,0.232,0.0411946446961895,3.0,0.116,97.1,43,2,2,6.0,sidewalks,66.984,CON,1,2,0,1,2,0,0,0,0,0,0,0,1,0,0,1,0,0,0,0,0,0,0,0,5,0,0,0,0,0,0,0,0,0,1,2,2,0,0,0,0,0,0,0,1,2,2,0,0,0,1,2,2,0,5,0,0,1,0,0,0,0,0,0,0,0,0,0,0,0,1,0,0,1,0,0,0,0,0,0,0,0,0,0,1,0,0,1,0,0,0,0,0,0,0,0,5,0,0.232,,,,0.154,0.062,,,,,,,0.015,,,,,,,,,,,,,,,,,,,,,,0,3.0,0.116,97.1,4.0
1076,Medium,RPath,822,2.0,2.0,0.137,4.0,0.274,0.041666666666666664,3.0,0.137,96.0,48,3,2,6.0,sidewalks,96.001,HMAC,1,2,2,0,0,0,0,0,0,0,0,0,1,2,0,1,2,0,0,0,0,0,0,0,0,0,3,0,1,2,0,0,0,0,1,0,0,0,0,0,0,0,0,0,1,2,0,0,0,0,1,0,0,0,0,0,0,1,0,0,0,0,0,0,1,2,2,0,0,0,0,0,0,1,0,0,1,2,0,1,0,0,0,3,1,1,1,1,2,0,0,0,0,1,0,0,5,0,0.437,,,,0.156,,,,,,,,,0.234,,,0.031,0.016,,,,,,,,,,,,,,,,,1,3.0,0.137,96.0,14.0
1077,Medium,RPath,823,2.0,2.0,0.179,4.0,0.358,0.04056795131845842,3.0,0.179,98.6,41,2,2,6.0,sidewalks,98.625,HMAC,1,2,2,0,0,0,0,0,0,0,0,0,1,2,0,1,2,0,0,0,0,0,0,0,0,0,3,0,1,2,0,0,0,0,1,0,0,0,0,0,0,0,0,0,1,2,0,0,0,0,1,0,0,0,0,0,0,1,0,0,0,0,0,0,1,2,2,0,0,0,0,0,0,1,0,0,1,0,0,0,0,0,0,0,1,1,1,1,2,0,0,0,0,0,0,0,5,0,0.487,,,,0.411,0.061,,,,,,,,,,,0.015,,,,,,,,,,,,,,,,,,0,3.0,0.179,98.6,4.0
1078,Medium,RPath,866,2.0,2.0,0.126,4.0,0.252,0.013472549680026947,3.0,0.126,296.9,32,2,2,6.0,sidewalks,296.887,CON,1,2,0,0,0,0,0,0,0,0,0,0,1,2,2,0,0,0,1,2,2,0,0,0,0,0,0,0,0,0,0,0,0,0,1,0,0,0,0,0,0,0,0,0,0,0,0,0,0,0,1,2,2,5,5,0,0,0,0,0,0,0,0,0,0,0,0,0,0,0,0,0,0,0,0,0,0,0,0,0,0,0,0,0,1,1,1,0,0,0,0,0,0,0,0,0,0,0,0.141,,,,0.02,0.081,,,,,,,,,,,0.005,,0.035,,,,,,,,,,,,,,,,0,3.0,0.126,296.9,4.0
1079,Medium,RPath,868,2.0,2.0,0.145,4.0,0.29,0.013071895424836602,3.0,0.145,306.0,30,2,2,6.0,sidewalks,305.95,CON,1,0,0,0,0,0,0,0,0,0,0,0,1,2,2,0,0,0,1,2,2,0,0,0,0,0,0,0,0,0,0,0,0,0,1,0,0,0,0,0,0,0,0,0,0,0,0,0,0,0,1,2,2,5,5,0,0,0,0,0,0,0,0,0,0,0,0,0,0,0,0,0,0,0,0,0,0,0,0,0,0,0,0,0,1,1,1,0,0,0,0,0,0,0,0,0,0,0,0.162,,,,0.02,0.078,,,,,,,,,,0.005,0.01,,0.049,,,,,,,,,,,,,,,,0,3.0,0.145,306.0,4.0
1080,Medium,RPath,870,2.0,2.0,0.134,4.0,0.268,0.013231888852133642,3.0,0.134,302.3,32,2,2,6.0,sidewalks,302.261,CON,1,2,0,0,0,0,0,0,0,0,0,0,1,2,2,0,0,0,1,2,2,0,0,0,0,0,0,0,0,0,0,0,0,0,1,0,0,0,0,0,0,0,0,0,0,0,0,0,0,0,1,2,2,5,5,0,0,0,0,0,0,0,0,0,0,0,0,0,0,0,0,0,0,0,0,0,0,0,0,0,0,0,0,0,1,1,1,0,0,0,0,0,0,0,0,0,0,0,0.134,0.02,,,,0.069,,,,,,,,,,,0.01,,0.035,,,,,,,,,,,,,,,,0,3.0,0.134,302.3,4.0
1081,Medium,RPath,872,2.0,2.0,0.184,4.0,0.368,0.013513513513513514,3.0,0.184,296.0,33,2,2,6.0,sidewalks,295.998,CON,1,2,0,0,0,0,0,0,0,0,0,0,1,2,0,0,0,0,1,2,0,0,0,0,0,0,0,0,0,0,0,0,0,0,1,2,0,0,0,0,0,0,0,0,0,0,0,0,0,0,1,2,2,5,5,0,0,0,0,0,0,0,0,0,1,2,0,0,0,0,0,0,0,0,0,0,0,0,0,0,0,0,0,0,1,1,1,0,0,0,0,0,0,0,0,0,0,0,0.188,0.061,,,0.005,0.081,,,,,,,,,,,,,0.041,,,,,,,,,,,,,,,,0,3.0,0.184,296.0,4.0
1082,Medium,RPath,874,2.0,2.0,0.163,4.0,0.326,0.013831258644536654,3.0,0.163,289.2,36,2,2,6.0,sidewalks,289.248,CON,1,2,2,0,0,0,0,0,0,0,0,0,1,0,0,1,0,0,1,0,0,0,0,0,0,0,0,0,0,0,0,0,0,0,1,2,2,0,0,0,0,0,0,0,1,0,0,0,0,0,1,2,2,5,5,0,0,0,0,0,0,0,0,0,1,2,0,0,0,0,0,0,0,1,0,0,0,0,0,0,0,0,0,0,1,1,1,0,0,0,0,0,0,0,0,0,0,0,0.218,0.062,,,0.073,0.047,,,,,,,,,,,0.005,,0.031,,,,,,,,,,,,,,,,0,3.0,0.163,289.2,4.0
1083,Medium,RPath,952,2.0,2.0,0.111,4.0,0.222,0.053908355795148244,3.0,0.111,74.2,48,3,2,6.0,sidewalks,77.801,HMAC,1,2,0,1,0,0,1,0,0,1,0,0,1,2,0,0,0,0,0,0,0,0,0,0,0,0,0,2,0,0,0,0,0,0,1,0,0,0,0,0,0,0,0,0,0,0,0,0,0,0,1,2,2,5,0,4,0,1,0,0,0,0,0,0,0,0,0,0,0,0,0,0,0,1,0,0,1,2,2,0,0,0,5,3,0,1,1,0,0,0,0,0,0,0,0,0,5,0,0.384,,,,0.364,0.02,,,,,,,,,,,,,,,,,,,,,,,,,,,,,0,3.0,0.111,74.2,4.0
1084,Medium,RPath,1032,2.0,2.0,0.105,4.0,0.21,0.03875968992248062,3.0,0.105,103.2,40,2,2,6.0,sidewalks,103.292,CON,1,2,2,0,0,0,0,0,0,0,0,0,0,0,0,0,0,0,0,0,0,0,0,0,0,0,0,2,0,0,0,0,0,0,1,2,2,0,0,0,0,0,0,0,1,2,2,0,0,0,1,2,2,5,5,0,0,0,0,0,0,0,0,0,0,0,0,0,0,0,0,0,0,0,0,0,0,0,0,0,0,0,0,0,1,1,1,0,0,0,0,0,0,0,0,0,5,0,0.116,,,,0.015,0.102,,,,,,,,,,,,,,,,,,,,,,,,,,,,,0,3.0,0.105,103.2,4.0
1085,Medium,RPath,1038,2.0,2.0,0.105,4.0,0.21,0.04678362573099415,3.0,0.105,85.5,32,2,2,6.0,sidewalks,85.543,CON,1,2,2,1,0,0,1,0,0,0,0,0,0,0,0,0,0,0,0,0,0,0,0,0,0,0,0,2,0,0,0,0,0,0,1,2,0,0,0,0,1,2,0,0,1,0,0,0,1,0,1,2,0,0,0,0,0,1,0,0,0,0,0,0,0,0,0,0,0,0,0,0,0,1,2,0,0,0,0,0,0,0,0,0,1,1,1,0,0,0,0,0,0,0,0,0,5,0,0.105,,,,,0.105,,,,,,,,,,,,,,,,,,,,,,,,,,,,,0,3.0,0.105,85.5,4.0
1086,Medium,RPath,1042,2.0,2.0,0.228,4.0,0.456,0.027081922816519974,3.0,0.228,147.7,38,2,2,6.0,sidewalks,146.751,CON,1,2,2,0,0,0,0,0,0,0,0,0,0,0,0,0,0,0,0,0,0,0,0,0,0,0,0,2,0,0,0,0,0,0,1,2,2,0,0,0,0,0,0,0,1,2,2,0,0,0,1,2,2,5,5,0,0,0,0,0,0,0,0,0,0,0,0,0,0,0,0,0,0,0,0,0,0,0,0,0,0,0,0,0,1,1,1,0,0,0,0,0,0,0,0,0,0,3,0.244,,,,,0.193,,,,,,,,,,0.03,,,0.02,,,,,,,,,,,,,,,,0,3.0,0.228,147.7,4.0
1087,Medium,RPath,1111,2.0,2.0,0.158,4.0,0.316,0.02442002442002442,3.0,0.158,163.8,38,2,2,6.0,sidewalks,160.594,CON,1,2,2,0,0,0,0,0,0,0,0,0,0,0,0,0,0,0,0,0,0,0,0,0,0,0,0,2,0,0,0,1,2,2,0,0,0,0,0,0,0,0,0,0,0,0,0,0,1,0,1,2,0,0,0,4,3,1,0,0,0,0,0,0,0,0,0,0,0,0,0,0,0,1,2,0,0,0,0,0,0,0,0,3,1,1,1,0,0,0,0,0,0,0,0,0,5,0,0.22,,,,0.082,0.137,,,,,,,,,,,,,,,,,,,,,,,,,,,,,0,3.0,0.158,163.8,4.0
1088,Medium,RPath,1124,2.0,2.0,0.209,4.0,0.418,0.2777777777777778,3.0,0.209,14.4,40,2,2,6.0,sidewalks,14.375,CON,1,2,0,1,2,0,1,2,0,0,0,0,1,2,0,0,0,0,0,0,0,0,0,0,0,0,0,2,0,0,0,1,0,0,0,0,0,0,0,0,0,0,0,0,0,0,0,0,0,0,1,0,0,5,0,4,0,1,0,0,0,0,0,0,0,0,0,0,0,0,0,0,0,1,2,0,0,0,0,0,0,0,0,3,1,1,1,0,0,0,0,0,0,0,0,0,5,0,0.209,,,,,0.209,,,,,,,,,,,,,,,,,,,,,,,,,,,,,0,3.0,0.209,14.4,4.0
1089,Medium,RPath,1134,2.0,2.0,0.174,4.0,0.348,0.047619047619047616,3.0,0.174,84.0,45,2,2,6.0,sidewalks,80.677,CON,1,2,0,0,0,0,0,0,0,1,2,2,0,0,0,0,0,0,0,0,0,0,0,0,0,0,0,0,0,0,0,0,0,0,1,2,2,0,0,0,1,2,2,0,1,2,2,0,1,0,1,2,2,5,0,0,3,0,0,0,0,0,0,0,0,0,0,0,0,0,0,0,0,0,0,0,0,0,0,0,0,0,0,0,1,1,1,0,0,0,0,0,0,0,0,0,5,0,0.214,,,,,0.071,,,,,,,,0.054,,,0.089,,,,,,,,,,,,,,,,,,0,3.0,0.174,84.0,4.0
1090,Medium,RPath,1197,2.0,2.0,0.166,4.0,0.332,0.03686635944700461,3.0,0.166,108.5,38,2,2,6.0,sidewalks,120.489,HMAC,1,0,0,0,0,0,0,0,0,0,0,0,1,2,2,0,0,0,0,0,0,0,0,0,0,0,0,2,0,0,0,1,2,0,0,0,0,0,0,0,0,0,0,0,0,0,0,0,0,0,1,2,2,5,5,0,0,1,0,0,0,0,0,0,0,0,0,0,0,0,0,0,0,1,2,0,0,0,0,0,0,0,0,0,1,1,1,0,0,0,0,0,0,0,0,0,5,0,0.415,,,,,0.069,,,,,,,0.014,0.332,,,,,,,,,,,,,,,,,,,,,0,3.0,0.166,108.5,4.0
1091,Medium,RPath,1204,2.0,2.0,0.104,4.0,0.208,0.07393715341959334,3.0,0.104,54.1,39,2,2,6.0,sidewalks,51.868,CON,1,2,2,0,0,0,0,0,0,0,0,0,0,0,0,0,0,0,0,0,0,0,0,0,0,0,3,0,0,0,0,0,0,0,0,0,0,0,0,0,0,0,0,0,1,2,2,0,0,0,1,2,0,5,5,0,0,0,0,0,0,0,0,0,0,0,0,0,0,0,0,0,0,0,0,0,1,2,2,0,0,0,0,0,1,1,1,0,0,0,0,0,0,0,0,0,5,0,0.249,,,,0.194,,,,,,,,,,,,0.055,,,,,,,,,,,,,,,,,,0,3.0,0.104,54.1,4.0
1092,Medium,RPath,1276,2.0,2.0,0.239,4.0,0.478,0.05673758865248227,3.0,0.239,70.5,45,2,2,6.0,sidewalks,69.275,CON,1,2,0,0,0,0,0,0,0,1,2,2,0,0,0,0,0,0,0,0,0,0,0,0,0,0,0,0,0,0,0,0,0,0,1,2,2,0,0,0,1,2,2,0,1,2,2,0,1,0,1,2,2,0,5,0,3,0,0,0,0,0,0,0,0,0,0,0,0,0,0,0,0,0,0,0,0,0,0,0,0,0,0,0,1,1,1,0,0,0,0,0,0,0,0,0,5,0,0.255,,,,0.021,0.234,,,,,,,,,,,,,,,,,,,,,,,,,,,,,0,3.0,0.239,70.5,4.0
1093,Medium,RPath,1277,2.0,2.0,0.145,4.0,0.29,0.04550625711035267,3.0,0.145,87.9,42,2,2,6.0,sidewalks,88.129,CON,1,2,0,0,0,0,0,0,0,1,2,2,0,0,0,0,0,0,0,0,0,0,0,0,0,0,0,0,0,0,0,1,0,0,1,2,2,0,0,0,1,2,2,0,1,2,2,0,1,1,1,2,2,0,0,0,3,0,0,0,0,0,0,0,0,0,0,0,0,0,0,0,0,0,0,0,0,0,0,0,0,0,0,0,1,1,1,0,0,0,0,0,0,0,0,0,5,0,0.171,,,,0.034,0.102,,,,,,,,,,,,,0.034,,,,,,,,,,,,,,,,0,3.0,0.145,87.9,4.0
1094,Medium,RPath,1279,2.0,2.0,0.115,4.0,0.23,0.07662835249042145,3.0,0.115,52.2,35,2,2,6.0,sidewalks,48.671,CON,1,2,0,0,0,0,0,0,0,1,2,0,0,0,0,0,0,0,0,0,0,0,0,0,0,0,0,0,0,0,0,1,2,0,1,2,0,0,0,0,1,2,2,0,1,2,0,0,1,1,1,2,2,0,0,0,0,0,0,0,0,0,0,0,0,0,0,0,0,0,0,0,0,0,0,0,0,0,0,0,0,0,0,0,1,1,1,0,0,0,0,0,0,0,0,0,5,0,0.115,,,,,0.086,,,,,,,,,,,,,0.029,,,,,,,,,,,,,,,,0,3.0,0.115,52.2,4.0
1095,Medium,RPath,1291,2.0,2.0,0.218,4.0,0.436,0.02710027100271003,3.0,0.218,147.6,48,3,2,6.0,sidewalks,144.331,CON,1,2,2,1,0,0,1,0,0,0,0,0,1,2,0,0,0,0,0,0,0,0,0,0,0,0,0,2,0,0,0,0,0,0,1,0,0,0,0,0,0,0,0,0,0,0,0,0,1,1,1,2,2,5,0,0,3,1,0,0,0,0,0,0,0,0,0,0,0,0,0,0,0,1,2,0,1,2,2,0,0,0,0,3,1,1,1,0,0,0,0,0,0,0,0,0,5,0,0.224,0.061,,,,0.152,,,,,,,,,,,,0.01,,,,,,,,,,,,,,,,,0,3.0,0.218,147.6,4.0
1096,Medium,RPath,1308,2.0,2.0,0.202,4.0,0.404,0.06722689075630252,3.0,0.202,59.5,35,2,2,6.0,sidewalks,55.762,CON,1,2,2,0,0,0,0,0,0,0,0,0,0,0,0,0,0,0,0,0,0,0,0,0,0,0,0,2,0,0,0,0,0,0,0,0,0,0,0,0,0,0,0,0,0,0,0,0,0,0,1,2,2,0,0,0,3,1,0,0,0,0,0,0,0,0,0,0,0,0,0,0,0,1,2,2,1,0,0,0,0,0,5,0,1,1,1,0,0,0,0,0,0,0,0,0,5,0,0.202,,,,,0.202,,,,,,,,,,,,,,,,,,,,,,,,,,,,,0,3.0,0.202,59.5,4.0
1097,Medium,RPath,1346,2.0,2.0,0.215,4.0,0.43,0.020512820512820513,3.0,0.215,195.0,42,2,2,6.0,sidewalks,85.667,CON,1,2,2,1,2,0,1,2,0,0,0,0,0,0,0,0,0,0,0,0,0,0,0,0,0,0,0,2,0,0,0,0,0,0,1,2,0,0,0,0,0,0,0,5,1,0,0,0,0,0,1,2,0,0,0,0,3,1,0,0,0,0,0,0,0,0,0,0,0,0,1,0,0,0,0,0,1,2,0,0,0,0,0,3,0,0,1,0,0,0,0,0,0,0,0,0,5,0,0.215,0.169,,0.046,,,,,,,,,,,,,,,,,,,,,,,,,,,,,,,0,3.0,0.215,195.0,4.0
1098,Medium,RPath,1616,2.0,2.0,0.12,4.0,0.24,0.022922636103151862,3.0,0.12,174.5,37,2,2,6.0,sidewalks,172.379,CON,1,2,2,1,0,0,1,0,0,0,0,0,0,0,0,0,0,0,0,0,0,0,0,0,0,5,0,2,0,0,0,0,0,0,0,0,0,0,0,0,0,0,0,0,0,0,0,0,1,0,1,2,0,0,0,0,3,0,0,0,0,0,0,0,0,0,0,0,0,0,0,0,0,1,2,2,1,2,0,0,0,0,0,0,1,1,1,0,0,0,0,0,0,0,0,0,5,0,0.12,,,0.009,,0.009,,,,,,,,,0.103,,,,,,,,,,,,,,,,,,,,0,3.0,0.12,174.5,4.0
1099,Medium,RPath,340,2.0,2.0,0.178,4.0,0.356,0.01051801209571391,3.0,0.178,380.3,46,3,2,6.0,sidewalks,71.996,SS,1,2,2,1,0,0,1,0,0,0,0,0,1,2,2,0,0,0,0,0,0,0,0,0,0,0,0,2,0,0,0,0,0,0,0,0,0,0,0,0,0,0,0,0,0,0,0,0,1,1,1,2,2,5,0,0,3,1,0,0,0,0,0,0,0,0,0,0,0,0,0,0,0,0,0,0,1,2,2,0,0,0,0,3,1,1,1,0,0,0,0,0,0,0,0,0,5,0,0.32,,,,0.185,0.13,,,,,,,,,,0.004,,,,,,,,,,,,,,,,,,,0,3.0,0.178,380.3,4.0
1100,Medium,RPath,1353,2.0,2.0,0.203,4.0,0.406,0.05161290322580645,3.0,0.203,77.5,36,2,2,6.0,walkways,77.452,HMAC,1,2,2,1,0,0,0,0,0,0,0,0,1,2,0,1,2,0,0,0,0,0,0,0,0,0,0,2,0,0,0,0,0,0,1,0,0,0,0,0,0,0,0,0,0,0,0,0,0,0,1,2,2,0,0,0,0,1,0,0,0,0,0,0,0,0,0,0,0,0,0,0,0,0,0,0,0,0,0,0,0,0,5,3,1,1,0,0,0,0,0,0,0,0,0,0,5,0,0.232,,,,0.039,,,,0.194,,,,,,,,,,,,,,,,,,,,,,,,,,0,3.0,0.203,77.5,4.0
1101,Medium,RPath,1354,2.0,2.0,0.126,4.0,0.252,0.04993757802746567,3.0,0.126,80.1,31,2,2,6.0,walkways,80.136,HMAC,1,2,2,1,0,0,0,0,0,0,0,0,1,0,0,1,0,0,0,0,0,0,0,0,0,0,0,2,0,0,0,0,0,0,0,0,0,0,0,0,0,0,0,0,0,0,0,0,0,0,1,2,2,0,0,0,0,1,0,0,0,0,0,0,0,0,0,0,0,0,0,0,0,0,0,0,0,0,0,0,0,0,5,3,1,1,0,0,0,0,0,0,0,0,0,0,5,0,0.15,,,,0.019,,,,0.112,,,,,,,0.019,,,,,,,,,,,,,,,,,,,0,3.0,0.126,80.1,4.0
1102,Medium,RPath,1355,2.0,2.0,0.112,4.0,0.224,0.05,3.0,0.112,80.0,43,2,2,6.0,walkways,80.014,HMAC,1,2,0,1,2,2,0,0,0,0,0,0,1,2,2,0,0,0,0,0,0,0,0,0,0,5,0,2,0,0,0,0,0,0,1,2,0,0,0,0,0,0,0,0,0,0,0,0,0,0,1,2,0,0,0,0,0,1,0,0,0,0,0,0,0,0,0,0,0,0,1,0,0,1,2,0,1,2,0,0,0,0,0,3,1,0,0,0,0,0,0,0,0,0,0,0,5,0,0.281,,,0.056,0.225,,,,,,,,,,,,,,,,,,,,,,,,,,,,,,0,3.0,0.112,80.0,4.0
1103,Medium,RPath,1361,2.0,2.0,0.18,4.0,0.36,0.04566210045662101,3.0,0.18,87.6,48,3,2,6.0,walkways,87.609,HMAC,1,2,0,1,2,0,1,2,0,0,0,0,1,2,0,1,2,0,0,0,0,1,2,0,0,0,0,2,0,0,0,1,0,0,1,2,0,0,0,0,0,0,0,0,1,0,0,0,0,0,1,2,0,0,0,0,0,1,0,0,0,0,0,0,0,0,0,0,0,0,0,0,0,1,2,0,1,2,0,0,0,0,5,0,1,1,1,0,0,0,0,0,0,0,0,0,5,0,0.342,,,,0.205,0.12,,,,,,,,,,,,0.017,,,,,,,,,,,,,,,,,0,3.0,0.18,87.6,4.0
1104,Medium,RPath,1363,2.0,2.0,0.168,4.0,0.336,0.05128205128205128,3.0,0.168,78.0,45,2,2,6.0,walkways,78.046,HMAC,1,2,2,1,2,0,1,2,0,0,0,0,1,2,0,1,2,0,0,0,0,1,2,0,0,0,0,2,0,0,0,1,0,0,1,2,2,0,0,0,0,0,0,0,0,0,0,0,0,0,1,2,2,0,0,0,0,1,0,0,0,0,0,0,0,0,0,0,0,0,0,0,0,0,0,0,1,2,0,0,0,0,0,0,1,1,1,0,0,0,0,0,0,0,0,0,5,0,0.211,,,,0.058,0.077,,,,,,,0.077,,,,,,,,,,,,,,,,,,,,,,0,3.0,0.168,78.0,4.0
1105,Medium,RPath,1375,2.0,2.0,0.119,4.0,0.238,0.047058823529411764,3.0,0.119,85.0,44,2,2,6.0,walkways,85.302,HMAC,1,2,2,1,0,0,0,0,0,1,0,0,1,2,0,0,0,0,0,0,0,0,0,0,0,5,0,2,0,0,0,0,0,0,1,2,0,0,0,0,0,0,0,0,0,0,0,0,0,0,1,2,0,0,0,0,0,1,0,0,0,0,0,0,0,0,0,0,0,0,0,0,0,1,0,0,1,2,0,0,0,0,5,3,1,1,1,0,0,0,0,0,0,0,0,0,5,0,0.459,,,,0.441,,,,,,,,,,,,,0.018,,,,,,,,,,,,,,,,,0,3.0,0.119,85.0,4.0
1106,Medium,RPath,1376,2.0,2.0,0.101,4.0,0.202,0.046620046620046623,3.0,0.101,85.8,33,2,2,6.0,walkways,85.756,HMAC,1,2,0,1,2,0,1,0,0,0,0,0,1,2,2,0,0,0,0,0,0,0,0,0,0,0,0,2,0,0,0,0,0,0,0,0,0,0,0,0,0,0,0,0,0,0,0,0,0,0,1,0,0,0,0,0,0,1,0,0,0,0,0,0,0,0,0,0,0,0,0,0,0,1,2,0,1,0,0,0,0,0,5,0,1,1,1,0,0,0,0,0,0,0,0,0,5,0,0.297,,,,0.262,0.035,,,,,,,,,,,,,,,,,,,,,,,,,,,,,0,3.0,0.101,85.8,4.0
1107,Medium,RPath,1391,2.0,2.0,0.12,4.0,0.24,0.064,3.0,0.12,62.5,31,2,2,6.0,walkways,62.491,HMAC,1,2,2,0,0,0,0,0,0,0,0,0,1,0,0,1,0,0,0,0,0,0,0,0,0,0,0,2,0,0,0,0,0,0,1,2,0,0,0,0,0,0,0,0,0,0,0,0,0,0,1,2,0,0,0,0,0,1,0,0,0,0,0,0,0,0,0,0,0,0,0,0,0,1,2,0,1,2,0,0,0,0,0,3,0,1,0,0,0,0,0,0,0,0,0,0,5,0,0.336,,,0.048,0.288,,,,,,,,,,,,,,,,,,,,,,,,,,,,,,0,3.0,0.12,62.5,4.0
1108,Medium,RPath,1392,2.0,2.0,0.158,4.0,0.316,0.050955414012738856,3.0,0.158,78.5,42,2,2,6.0,walkways,78.508,HMAC,1,2,2,1,0,0,1,0,0,0,0,0,1,2,0,0,0,0,0,0,0,0,0,0,0,0,0,2,0,0,0,0,0,0,1,2,0,0,0,0,0,0,0,0,0,0,0,0,0,0,1,2,2,0,0,0,3,1,0,0,0,0,0,0,0,0,0,0,0,0,0,0,0,1,2,2,1,2,0,0,0,0,0,3,0,1,1,0,0,0,0,0,0,0,0,0,5,0,0.287,,,,0.172,,,,0.115,,,,,,,,,,,,,,,,,,,,,,,,,,0,3.0,0.158,78.5,4.0
1109,Medium,RPath,1396,2.0,2.0,0.159,4.0,0.318,0.10582010582010583,3.0,0.159,37.8,47,3,2,6.0,walkways,37.78,HMAC,1,2,0,1,2,0,1,2,0,0,0,0,1,2,2,0,0,0,0,0,0,0,0,0,0,5,0,2,0,0,0,0,0,0,1,0,0,0,0,0,0,0,0,0,0,0,0,0,0,0,1,2,2,0,0,0,3,1,0,0,0,0,0,0,0,0,0,0,0,0,0,0,0,1,2,0,1,2,2,0,0,0,0,3,0,0,0,0,0,0,0,0,0,0,0,0,5,0,0.278,,,0.119,0.159,,,,,,,,,,,,,,,,,,,,,,,,,,,,,,0,3.0,0.159,37.8,4.0
1110,Medium,RPath,1397,2.0,2.0,0.109,4.0,0.218,0.04860267314702309,3.0,0.109,82.3,45,2,2,6.0,walkways,82.299,HMAC,1,2,2,1,2,0,1,2,0,0,0,0,1,2,0,1,0,0,0,0,0,0,0,0,0,0,0,2,0,0,0,0,0,0,1,2,2,0,0,0,0,0,0,0,1,0,0,0,0,0,1,2,2,0,0,0,0,1,0,0,0,0,0,0,0,0,0,0,0,0,0,0,0,1,2,0,1,2,2,0,0,0,0,3,0,0,0,0,0,0,0,0,0,0,0,0,5,0,0.437,,,,0.437,,,,,,,,,,,,,,,,,,,,,,,,,,,,,,0,3.0,0.109,82.3,4.0
1111,Medium,RPath,1401,2.0,2.0,0.137,4.0,0.274,0.05228758169934641,3.0,0.137,76.5,46,3,2,6.0,walkways,76.534,SS,1,2,0,0,0,0,0,0,0,0,0,0,1,0,0,0,0,0,0,0,0,0,0,0,0,0,0,2,0,0,0,0,0,0,1,2,2,0,0,0,0,0,0,5,1,0,0,0,0,0,1,2,0,0,0,0,0,1,0,0,0,0,0,0,1,0,0,1,0,0,1,2,2,0,0,0,1,2,0,0,0,0,5,3,1,0,1,0,0,0,0,0,0,0,0,0,5,0,0.137,,,,,,,,,,,,,,,,,,,,,,,,,,,,0.137,,,,,,0,3.0,0.137,76.5,4.0
1112,Medium,RPath,1404,2.0,2.0,0.194,4.0,0.388,0.037037037037037035,3.0,0.194,108.0,37,2,2,6.0,walkways,106.66,HMAC,1,2,0,1,2,0,1,0,0,0,0,0,1,2,2,0,0,0,0,0,0,0,0,0,0,0,0,2,0,0,0,0,0,0,0,0,0,0,0,0,0,0,0,0,0,0,0,0,0,0,1,2,0,0,0,0,0,1,0,0,0,0,0,0,0,0,0,0,0,0,0,0,0,1,2,2,1,2,2,0,0,0,0,3,1,0,0,0,0,0,0,0,0,0,0,0,5,0,0.278,,,,0.111,,,,0.153,,,,0.014,,,,,,,,,,,,,,,,,,,,,,0,3.0,0.194,108.0,4.0
1113,Medium,RPath,1407,2.0,2.0,0.128,4.0,0.256,0.13651877133105803,3.0,0.128,29.3,42,2,2,6.0,walkways,29.274,HMAC,1,2,2,1,2,0,1,2,0,0,0,0,1,2,0,1,0,0,0,0,0,0,0,0,0,0,0,2,0,0,0,0,0,0,1,2,2,0,0,0,0,0,0,0,1,0,0,0,0,0,1,2,2,0,0,0,0,0,0,0,0,0,0,0,0,0,0,0,0,0,0,0,0,1,2,0,1,2,0,0,0,0,0,3,0,0,0,0,0,0,0,0,0,0,0,0,5,0,0.359,,,,0.307,0.051,,,,,,,,,,,,,,,,,,,,,,,,,,,,,0,3.0,0.128,29.3,4.0
1114,Medium,RPath,1410,2.0,2.0,0.107,4.0,0.214,0.05188067444876784,3.0,0.107,77.1,48,3,2,6.0,walkways,77.108,HMAC,1,2,0,1,2,0,1,2,0,0,0,0,1,2,2,1,0,0,0,0,0,0,0,0,0,5,0,2,0,0,0,0,0,0,1,2,2,0,0,0,0,0,0,0,0,0,0,0,0,0,1,2,0,0,0,0,3,1,0,0,0,0,0,0,0,0,0,0,0,0,0,0,0,1,2,0,1,2,0,0,0,0,0,3,0,0,0,0,0,0,0,0,0,0,0,0,5,0,0.37,,,,0.35,,,,,,,,,,,,,,0.019,,,,,,,,,,,,,,,,0,3.0,0.107,77.1,4.0
1115,Medium,RPath,1426,2.0,2.0,0.146,4.0,0.292,0.047225501770956316,3.0,0.146,84.7,44,2,2,6.0,walkways,84.724,HMAC,1,2,2,0,0,0,0,0,0,0,0,0,1,2,2,1,2,0,0,0,0,0,0,0,0,0,0,2,0,0,0,0,0,0,1,2,0,0,0,0,0,0,0,0,0,0,0,0,1,0,1,2,0,0,0,0,0,1,0,0,0,0,0,0,0,0,0,0,0,0,0,0,0,1,2,2,1,2,0,0,0,0,0,3,1,1,0,0,0,0,0,0,0,1,2,0,5,0,0.372,,,,0.018,0.053,,0.283,,,,,,,,,0.018,,,,,,,,,,,,,,,,,,0,3.0,0.146,84.7,4.0
1116,Medium,RPath,1429,2.0,2.0,0.22,4.0,0.44,0.06514657980456026,3.0,0.22,61.4,30,2,2,6.0,walkways,61.444,SS,1,2,0,1,2,0,1,2,0,0,0,0,0,0,0,0,0,0,0,0,0,0,0,0,0,0,0,2,0,0,0,0,0,0,0,0,0,0,0,0,0,0,0,0,0,0,0,0,1,0,1,2,0,0,0,0,0,1,0,0,0,0,0,0,0,0,0,0,0,0,0,0,0,1,2,2,0,0,0,0,0,0,0,3,0,1,0,0,0,0,0,0,0,0,0,0,5,0,0.317,,,,,,,,,,,,,,,,,,,,,0.073,,,0.195,,,,0.049,,,,,,0,3.0,0.22,61.4,4.0
1117,Medium,RPath,1433,2.0,2.0,0.111,4.0,0.222,0.07380073800738007,3.0,0.111,54.2,35,2,2,6.0,walkways,54.169,HMAC,1,2,0,1,2,0,1,0,0,0,0,0,1,2,2,0,0,0,0,0,0,0,0,0,0,0,0,2,0,0,0,0,0,0,0,0,0,0,0,0,0,0,0,0,0,0,0,0,0,0,1,2,0,0,0,0,3,1,0,0,0,0,0,0,0,0,0,0,0,0,0,0,0,1,2,0,1,2,0,0,0,0,0,3,0,0,0,0,0,0,0,0,0,0,0,0,5,0,0.36,,,,0.332,0.028,,,,,,,,,,,,,,,,,,,,,,,,,,,,,0,3.0,0.111,54.2,4.0
1118,Medium,RPath,1453,2.0,2.0,0.205,4.0,0.41,0.04962779156327544,3.0,0.205,80.6,45,2,2,6.0,walkways,80.561,HMAC,1,2,2,1,0,0,1,0,0,0,0,0,1,2,2,1,2,2,0,0,0,0,0,0,0,0,0,2,0,0,0,0,0,0,1,2,0,0,0,0,0,0,0,0,1,0,0,0,1,0,1,2,0,0,0,0,0,1,0,0,0,0,0,0,1,0,0,0,0,0,0,0,0,1,2,2,1,0,0,0,0,0,5,0,0,0,0,0,0,0,0,0,0,0,0,0,5,0,0.205,,,,,0.205,,,,,,,,,,,,,,,,,,,,,,,,,,,,,0,3.0,0.205,80.6,4.0
1119,Medium,RPath,1457,2.0,2.0,0.12,4.0,0.24,0.053475935828877004,3.0,0.12,74.8,33,2,2,6.0,walkways,74.768,HMAC,1,2,2,1,0,0,1,0,0,0,0,0,1,0,0,0,0,0,0,0,0,0,0,0,0,0,0,2,0,0,0,1,2,0,0,0,0,0,0,0,1,2,0,0,1,0,0,0,0,0,1,2,2,0,0,0,0,1,0,0,0,0,0,0,0,0,0,0,0,0,0,0,0,0,0,0,0,0,0,0,0,0,0,3,1,1,0,0,0,0,0,0,0,0,0,0,5,0,0.12,,,,,0.12,,,,,,,,,,,,,,,,,,,,,,,,,,,,,0,3.0,0.12,74.8,4.0
1120,Medium,RPath,1461,2.0,2.0,0.222,4.0,0.444,0.03289473684210526,3.0,0.222,121.6,41,2,2,6.0,walkways,121.638,HMAC,1,2,2,1,2,0,0,0,0,1,2,0,1,2,0,0,0,0,0,0,0,0,0,0,0,0,0,2,0,0,0,0,0,0,1,2,0,0,0,0,0,0,0,0,1,2,0,0,1,0,1,2,0,0,0,0,0,1,0,0,0,0,0,0,0,0,0,0,0,0,0,0,0,1,2,2,0,0,0,0,0,0,0,3,1,0,0,0,0,0,0,0,0,0,0,0,5,0,0.222,,,0.025,,,,,0.049,,,,,,0.148,,,,,,,,,,,,,,,,,,,,0,3.0,0.222,121.6,4.0
1121,Medium,RPath,1466,2.0,2.0,0.125,4.0,0.25,0.04153686396677051,3.0,0.125,96.3,40,2,2,6.0,walkways,96.26,HMAC,1,2,2,1,2,2,1,2,0,0,0,0,0,0,0,0,0,0,0,0,0,0,0,0,0,0,0,2,0,0,0,0,0,0,0,0,0,0,0,0,0,0,0,0,0,0,0,0,1,0,1,2,0,0,0,0,0,1,0,0,0,0,0,0,0,0,0,0,0,0,0,0,0,1,2,0,1,0,0,0,0,0,5,3,1,1,1,0,0,0,0,0,0,0,0,0,5,0,0.125,,,,,0.093,,,0.016,,,,,,,,,,0.016,,,,,,,,,,,,,,,,0,3.0,0.125,96.3,4.0
1122,Medium,RPath,1473,2.0,2.0,0.24,4.0,0.48,0.04920049200492005,3.0,0.24,81.3,38,2,2,6.0,walkways,81.345,HMAC,1,2,2,1,2,0,1,0,0,0,0,0,1,2,0,0,0,0,0,0,0,0,0,0,0,0,0,2,0,0,0,0,0,0,0,0,0,0,0,0,0,0,0,0,0,0,0,0,1,1,1,2,2,0,0,0,0,1,0,0,0,0,0,0,0,0,0,0,0,0,0,0,0,1,2,0,0,0,0,0,0,0,0,3,1,1,0,1,2,0,0,0,0,0,0,0,5,0,0.24,,,,,0.24,,,,,,,,,,,,,,,,,,,,,,,,,,,,,0,3.0,0.24,81.3,4.0
1123,Medium,RPath,1475,2.0,2.0,0.225,4.0,0.45,0.06666666666666667,3.0,0.225,60.0,48,3,2,6.0,walkways,60.01,HMAC,1,2,2,1,2,2,1,2,2,0,0,0,1,0,0,0,0,0,0,0,0,0,0,0,0,5,0,2,0,0,0,0,0,0,0,0,0,0,0,0,0,0,0,0,0,0,0,0,1,1,1,2,2,0,5,0,0,1,0,0,0,0,0,0,0,0,0,0,0,0,0,0,0,1,2,0,0,0,0,0,0,0,0,3,1,0,0,0,0,0,0,0,0,0,0,0,5,0,0.225,,,,,0.175,,,,,,,0.025,,,,0.025,,,,,,,,,,,,,,,,,,0,3.0,0.225,60.0,4.0
1124,Medium,RPath,1480,2.0,2.0,0.232,4.0,0.464,0.056179775280898875,3.0,0.232,71.2,39,2,2,6.0,walkways,71.246,HMAC,1,2,2,1,0,0,1,0,0,1,2,0,1,2,0,0,0,0,0,0,0,0,0,0,0,0,0,2,0,0,0,0,0,0,0,0,0,0,0,0,0,0,0,0,0,0,0,0,1,0,1,2,0,0,0,0,0,1,0,0,0,0,0,0,0,0,0,0,0,0,0,0,0,1,2,2,0,0,0,0,0,0,5,3,0,1,0,0,0,0,0,0,0,0,0,0,5,0,0.232,,,,,0.211,,,0.021,,,,,,,,,,,,,,,,,,,,,,,,,,0,3.0,0.232,71.2,4.0
1125,Medium,RPath,1481,2.0,2.0,0.124,4.0,0.248,0.055325034578146616,3.0,0.124,72.3,40,2,2,6.0,walkways,72.3,HMAC,1,2,2,1,0,0,1,0,0,1,0,0,1,2,0,0,0,0,0,0,0,0,0,0,0,5,0,2,0,0,0,0,0,0,0,0,0,0,0,0,0,0,0,0,0,0,0,0,0,0,1,2,0,0,0,0,0,1,0,0,0,0,0,0,0,0,0,0,0,0,0,0,0,1,2,0,1,0,0,0,0,0,5,3,0,1,0,0,0,0,0,0,0,0,0,0,5,0,0.124,,,,,0.104,,,,,,,0.021,,,,,,,,,,,,,,,,,,,,,,0,3.0,0.124,72.3,4.0
1126,Medium,RPath,1482,2.0,2.0,0.183,4.0,0.366,0.06514657980456026,3.0,0.183,61.4,40,2,2,6.0,walkways,61.353,HMAC,1,2,2,1,0,0,1,0,0,1,0,0,1,2,2,0,0,0,0,0,0,0,0,0,0,0,0,2,0,0,0,0,0,0,0,0,0,0,0,0,0,0,0,0,1,0,0,0,0,0,1,2,0,0,0,0,0,1,0,0,0,0,0,0,0,0,0,0,0,0,0,0,0,1,2,2,1,0,0,0,0,0,5,3,0,1,0,0,0,0,0,0,0,0,0,0,5,0,0.22,,,,0.049,0.073,,,,,,,,,0.073,,,,0.024,,,,,,,,,,,,,,,,0,3.0,0.183,61.4,4.0
1127,Medium,RPath,1508,2.0,2.0,0.127,4.0,0.254,0.11267605633802817,3.0,0.127,35.5,39,2,2,6.0,walkways,35.499,HMAC,1,2,2,1,0,0,0,0,0,0,0,0,1,2,0,1,2,0,0,0,0,0,0,0,0,5,0,2,0,0,0,0,0,0,1,0,0,0,0,0,0,0,0,0,0,0,0,0,0,0,1,2,0,0,0,0,0,1,0,0,0,0,0,0,0,0,0,0,0,0,0,0,0,1,0,0,0,0,0,0,0,0,5,3,0,1,0,0,0,0,0,0,0,0,0,0,5,0,0.507,,,,0.507,,,,,,,,,,,,,,,,,,,,,,,,,,,,,,0,3.0,0.127,35.5,4.0
1128,Medium,RPath,1519,2.0,2.0,0.138,4.0,0.276,0.081799591002045,3.0,0.138,48.9,38,2,2,6.0,walkways,48.949,HMAC,1,2,2,1,2,2,1,2,2,0,0,0,0,0,0,0,0,0,0,0,0,0,0,0,0,5,0,2,0,0,0,0,0,0,0,0,0,0,0,0,0,0,0,0,0,0,0,0,1,0,1,2,0,0,0,0,0,1,0,0,0,0,0,0,0,0,0,0,0,0,0,0,0,1,2,0,0,0,0,0,0,0,0,3,0,0,0,0,0,0,0,0,0,0,0,0,5,0,0.276,,,,0.184,,,,,,,,0.092,,,,,,,,,,,,,,,,,,,,,,0,3.0,0.138,48.9,4.0
1129,Medium,RPath,1543,2.0,2.0,0.203,4.0,0.406,0.05398110661268556,3.0,0.203,74.1,40,2,2,6.0,walkways,74.071,HMAC,1,2,2,1,2,0,0,0,0,0,0,0,1,2,0,0,0,0,1,0,0,0,0,0,0,5,0,2,0,0,0,0,0,0,1,2,0,0,0,0,0,0,0,0,0,0,0,0,0,0,1,0,0,0,0,0,0,1,0,0,0,0,0,0,1,0,0,0,0,0,0,0,0,1,2,0,1,0,0,0,0,0,0,3,1,1,1,0,0,0,0,0,0,0,0,0,5,0,0.203,,,,,0.162,,,,,,,,,,,0.041,,,,,,,,,,,,,,,,,,0,3.0,0.203,74.1,4.0
1130,Medium,RPath,1601,2.0,2.0,0.148,4.0,0.296,0.09900990099009901,3.0,0.148,40.4,41,2,2,6.0,walkways,40.417,HMAC,1,2,2,1,0,0,1,0,0,0,0,0,1,2,2,0,0,0,0,0,0,0,0,0,0,5,0,2,0,0,0,0,0,0,0,0,0,0,0,0,0,0,0,0,0,0,0,0,1,0,1,2,0,0,0,0,0,1,0,0,0,0,0,0,0,0,0,0,0,0,0,0,0,1,2,0,1,0,0,0,0,0,0,3,1,1,0,1,2,0,0,0,0,0,0,0,5,0,0.148,,,,,0.148,,,,,,,,,,,,,,,,,,,,,,,,,,,,,0,3.0,0.148,40.4,4.0
1131,Medium,RPath,117,1.0,4.0,0.0,4.0,0.0,0.03940886699507389,1.0,0.0,101.5,28,2,1,1.0,sidewalks,96.447,SS,1,2,2,0,0,0,0,0,0,0,0,0,1,0,0,1,0,0,0,0,0,0,0,0,0,0,3,0,0,0,0,0,0,0,0,0,0,0,0,0,0,0,0,0,0,0,0,0,0,0,1,2,0,0,0,0,0,1,0,0,0,0,0,0,1,0,0,0,0,0,0,0,0,0,0,0,0,0,0,0,0,0,0,0,1,1,1,1,2,2,0,0,0,0,0,0,5,0,0.0,,,,,,,,,,,,,,,,,,,,,,,,,,,,,,,,,,0,1.0,0.0,101.5,4.0
1132,Medium,RPath,1013,1.0,4.0,0.005,4.0,0.005,0.025332488917036097,1.0,0.005,157.9,25,1,1,1.0,sidewalks,158.316,CON,1,2,2,0,0,0,0,0,0,0,0,0,1,2,0,0,0,0,0,0,0,0,0,0,0,0,0,2,0,0,0,0,0,0,0,0,0,0,0,0,0,0,0,0,0,0,0,0,0,0,0,0,0,0,0,0,0,1,0,0,0,0,0,0,0,0,0,0,0,0,0,0,0,1,2,0,1,0,0,0,0,0,0,3,1,1,0,0,0,0,0,0,0,0,0,0,5,0,0.019,,,,0.019,,,,,,,,,,,,,,,,,,,,,,,,,,,,,,0,1.0,0.005,157.9,4.0
1133,Medium,RPath,1015,1.0,4.0,0.0,4.0,0.0,0.26666666666666666,1.0,0.0,15.0,20,1,1,1.0,sidewalks,11.987,CON,1,2,0,0,0,0,0,0,0,0,0,0,1,0,0,0,0,0,0,0,0,0,0,0,0,0,0,2,0,0,0,0,0,0,0,0,0,0,0,0,0,0,0,0,0,0,0,0,0,0,0,0,0,0,0,0,0,1,0,0,0,0,0,0,0,0,0,0,0,0,0,0,0,1,2,0,0,0,0,0,0,0,0,3,1,1,0,0,0,0,0,0,0,0,0,0,5,0,0.0,,,,,,,,,,,,,,,,,,,,,,,,,,,,,,,,,,0,1.0,0.0,15.0,4.0
1134,Medium,RPath,1017,1.0,4.0,0.0,4.0,0.0,0.3448275862068966,1.0,0.0,11.6,22,1,1,1.0,sidewalks,10.051,CON,1,2,0,0,0,0,0,0,0,0,0,0,1,0,0,0,0,0,0,0,0,0,0,0,0,0,0,2,0,0,0,0,0,0,0,0,0,0,0,0,0,0,0,0,0,0,0,0,0,0,0,0,0,0,0,0,0,1,0,0,0,0,0,0,0,0,0,0,0,0,0,0,0,1,2,2,0,0,0,0,0,0,0,3,1,1,0,0,0,0,0,0,0,0,0,0,5,0,0.0,,,,,,,,,,,,,,,,,,,,,,,,,,,,,,,,,,0,1.0,0.0,11.6,4.0
1135,Medium,RPath,1021,1.0,4.0,0.0,4.0,0.0,0.25477707006369427,1.0,0.0,15.7,25,1,1,1.0,sidewalks,15.731,CON,1,2,2,1,0,0,0,0,0,0,0,0,0,0,0,0,0,0,0,0,0,0,0,0,0,0,0,2,0,0,0,0,0,0,0,0,0,0,0,0,0,0,0,0,0,0,0,0,0,0,0,0,0,0,0,0,0,1,0,0,0,0,0,0,0,0,0,0,0,0,0,0,0,1,2,0,0,0,0,0,0,0,5,0,1,1,1,0,0,0,0,0,0,0,0,0,5,0,0.0,,,,,,,,,,,,,,,,,,,,,,,,,,,,,,,,,,0,1.0,0.0,15.7,4.0
1136,Medium,RPath,1027,1.0,4.0,0.0,4.0,0.0,0.097799511002445,1.0,0.0,40.9,23,1,1,1.0,sidewalks,44.381,CON,1,0,0,0,0,0,0,0,0,0,0,0,1,2,0,0,0,0,0,0,0,0,0,0,0,0,0,2,0,0,0,0,0,0,0,0,0,0,0,0,0,0,0,0,0,0,0,0,0,0,0,0,0,0,0,0,0,1,0,0,0,0,0,0,0,0,0,0,0,0,0,0,0,0,0,0,1,2,0,0,0,0,5,0,1,1,1,0,0,0,0,0,0,0,0,0,5,0,0.0,,,,,,,,,,,,,,,,,,,,,,,,,,,,,,,,,,0,1.0,0.0,40.9,4.0
1137,Medium,RPath,1028,1.0,4.0,0.0,4.0,0.0,0.009480919649205973,1.0,0.0,421.9,28,2,1,1.0,sidewalks,423.947,CON,1,2,0,0,0,0,0,0,0,0,0,0,1,2,2,0,0,0,0,0,0,0,0,0,0,0,0,2,0,0,0,0,0,0,0,0,0,0,0,0,0,0,0,0,0,0,0,0,0,0,1,0,0,0,0,0,0,1,0,0,0,0,0,0,0,0,0,0,0,0,0,0,0,0,0,0,1,2,0,0,0,0,5,0,1,1,1,0,0,0,0,0,0,0,0,0,5,0,0.0,,,,,,,,,,,,,,,,,,,,,,,,,,,,,,,,,,0,1.0,0.0,421.9,4.0
1138,Medium,RPath,1036,1.0,4.0,0.0,4.0,0.0,0.10152284263959391,1.0,0.0,39.4,29,2,1,1.0,sidewalks,39.411,CON,1,2,2,1,0,0,1,0,0,1,0,0,0,0,0,0,0,0,0,0,0,0,0,0,0,0,0,2,0,0,0,0,0,0,1,0,0,0,0,0,1,2,0,0,1,0,0,0,1,0,1,2,0,0,0,0,0,1,0,0,0,0,0,0,0,0,0,0,0,0,0,0,0,1,0,0,0,0,0,0,0,0,0,0,1,1,1,0,0,0,0,0,0,0,0,0,5,0,0.0,,,,,,,,,,,,,,,,,,,,,,,,,,,,,,,,,,0,1.0,0.0,39.4,4.0
1139,Medium,RPath,1049,1.0,4.0,0.0,4.0,0.0,0.10152284263959391,1.0,0.0,39.4,27,1,1,1.0,sidewalks,39.601,CON,1,2,2,0,0,0,0,0,0,0,0,0,0,0,0,0,0,0,0,0,0,0,0,0,0,0,0,2,0,0,0,0,0,0,0,0,0,0,0,0,0,0,0,0,0,0,0,0,0,0,1,2,2,0,0,0,0,1,0,0,0,0,0,0,0,0,0,0,0,0,0,0,0,1,0,0,0,0,0,0,0,0,5,0,1,1,1,0,0,0,0,0,0,0,0,0,5,0,0.0,,,,,,,,,,,,,,,,,,,,,,,,,,,,,,,,,,0,1.0,0.0,39.4,4.0
1140,Medium,RPath,1057,1.0,4.0,0.007,4.0,0.007,0.01799370220422852,1.0,0.007,222.3,22,1,1,1.0,sidewalks,223.555,CON,0,0,0,0,0,0,0,0,0,0,0,0,0,0,0,0,0,0,0,0,0,0,0,0,5,0,0,2,0,0,0,0,0,0,0,0,0,1,2,2,0,0,0,0,0,0,0,0,0,0,0,0,0,0,0,0,0,1,0,0,0,0,0,0,0,0,0,0,0,0,0,0,0,1,0,0,0,0,0,0,0,0,0,0,1,1,1,0,0,0,0,0,0,0,0,0,5,0,0.027,,,,0.027,,,,,,,,,,,,,,,,,,,,,,,,,,,,,,0,1.0,0.007,222.3,4.0
1141,Medium,RPath,1061,1.0,4.0,0.007,4.0,0.007,0.03508771929824561,1.0,0.007,114.0,27,1,1,1.0,sidewalks,112.744,CON,1,2,2,1,2,0,1,2,0,0,0,0,0,0,0,0,0,0,0,0,0,0,0,0,0,0,0,2,0,0,0,0,0,0,0,0,0,0,0,0,0,0,0,0,0,0,0,0,0,0,1,2,0,0,0,0,0,1,0,0,0,0,0,0,0,0,0,0,0,0,0,0,0,0,0,0,0,0,0,0,0,0,0,3,1,1,0,0,0,0,0,0,0,0,0,0,5,0,0.026,,,,0.026,,,,,,,,,,,,,,,,,,,,,,,,,,,,,,0,1.0,0.007,114.0,4.0
1142,Medium,RPath,1073,1.0,4.0,0.0,4.0,0.0,0.01,1.0,0.0,400.0,28,2,1,1.0,sidewalks,394.972,CON,1,2,0,0,0,0,0,0,0,0,0,0,1,2,0,1,0,0,0,0,0,0,0,0,0,0,3,0,0,0,0,0,0,0,1,2,2,0,0,0,0,0,0,0,0,0,0,0,0,0,1,2,2,0,5,0,0,0,0,0,0,0,0,0,0,0,0,0,0,0,0,0,0,0,0,0,0,0,0,0,0,0,0,0,1,1,1,0,0,0,0,0,0,0,0,0,0,0,0.0,,,,,,,,,,,,,,,,,,,,,,,,,,,,,,,,,,0,1.0,0.0,400.0,4.0
1143,Medium,RPath,1074,1.0,4.0,0.0,4.0,0.0,0.29197080291970806,1.0,0.0,13.7,28,2,1,1.0,sidewalks,13.419,CON,1,2,2,0,0,0,0,0,0,0,0,0,0,0,0,0,0,0,0,0,0,0,0,0,0,0,3,0,0,0,0,0,0,0,1,0,0,0,0,0,0,0,0,0,1,0,0,0,0,0,0,0,0,5,0,4,0,0,0,0,0,0,0,0,0,0,0,0,0,0,0,0,0,0,0,0,1,0,0,0,0,0,0,0,1,1,1,0,0,0,0,0,0,0,0,0,5,0,0.0,,,,,,,,,,,,,,,,,,,,,,,,,,,,,,,,,,0,1.0,0.0,13.7,4.0
1144,Medium,RPath,1129,1.0,4.0,0.002,4.0,0.002,0.025493945188017845,1.0,0.002,156.9,26,1,1,1.0,sidewalks,156.744,CON,1,0,0,1,0,0,1,0,0,0,0,0,1,2,2,0,0,0,0,0,0,0,0,0,0,0,0,2,0,0,0,1,0,0,0,0,0,0,0,0,0,0,0,0,0,0,0,0,0,0,0,0,0,0,0,0,0,1,0,0,0,0,0,0,0,0,0,0,0,0,0,0,0,1,2,0,0,0,0,0,0,0,0,3,1,1,1,0,0,0,0,0,0,0,0,0,5,0,0.01,,,,0.01,,,,,,,,,,,,,,,,,,,,,,,,,,,,,,0,1.0,0.002,156.9,4.0
1145,Medium,RPath,1130,1.0,4.0,0.01,4.0,0.01,0.05167958656330749,1.0,0.01,77.4,24,1,1,1.0,sidewalks,75.09,CON,1,0,0,0,0,0,0,0,0,0,0,0,1,2,2,0,0,0,0,0,0,0,0,0,0,0,0,2,0,0,0,1,0,0,0,0,0,0,0,0,0,0,0,0,0,0,0,0,0,0,0,0,0,0,0,0,0,1,0,0,0,0,0,0,0,0,0,0,0,0,0,0,0,1,2,0,0,0,0,0,0,0,0,3,1,1,1,0,0,0,0,0,0,0,0,0,5,0,0.039,,,,0.039,,,,,,,,,,,,,,,,,,,,,,,,,,,,,,0,1.0,0.01,77.4,4.0
1146,Medium,RPath,1215,1.0,4.0,0.0,4.0,0.0,0.06125574272588055,1.0,0.0,65.3,21,1,1,1.0,sidewalks,65.262,CON,1,2,2,1,0,0,0,0,0,0,0,0,0,0,0,0,0,0,0,0,0,0,0,0,0,0,0,0,0,0,0,0,0,0,1,2,0,0,0,0,0,0,0,0,1,0,0,0,0,0,0,0,0,0,5,0,0,0,0,0,0,0,0,0,0,0,0,0,0,0,0,0,0,0,0,0,1,2,0,0,0,0,0,0,1,1,1,0,0,0,0,0,0,0,0,0,0,0,0.0,,,,,,,,,,,,,,,,,,,,,,,,,,,,,,,,,,1,1.0,0.0,65.3,14.0
1147,Medium,RPath,1216,1.0,4.0,0.0,4.0,0.0,0.2469135802469136,1.0,0.0,16.2,20,1,1,1.0,sidewalks,16.294,HMAC,1,2,2,0,0,0,0,0,0,0,0,0,0,0,0,0,0,0,0,0,0,0,0,0,0,0,0,0,0,0,0,0,0,0,1,2,0,0,0,0,0,0,0,0,1,0,0,0,0,0,0,0,0,0,5,0,0,0,0,0,0,0,0,0,0,0,0,0,0,0,0,0,0,0,0,0,1,2,0,0,0,0,0,0,1,1,1,0,0,0,0,0,0,0,0,0,0,0,0.0,,,,,,,,,,,,,,,,,,,,,,,,,,,,,,,,,,1,1.0,0.0,16.2,14.0
1148,Medium,RPath,1219,1.0,4.0,0.004,4.0,0.004,0.013175230566534914,1.0,0.004,303.6,28,2,1,1.0,sidewalks,303.556,CON,1,2,0,1,2,0,1,2,0,0,0,0,1,2,0,0,0,0,0,0,0,0,0,0,0,0,0,0,0,0,0,1,0,0,0,0,0,0,0,0,0,0,0,0,0,0,0,0,0,0,1,2,2,0,5,0,0,0,0,0,0,0,0,0,0,0,0,0,0,0,0,0,0,1,0,0,1,0,0,0,0,0,0,0,1,1,1,0,0,0,0,0,0,0,0,0,0,0,0.015,,,,0.015,,,,,,,,,,,,,,,,,,,,,,,,,,,,,,0,1.0,0.004,303.6,4.0
1149,Medium,RPath,1246,1.0,4.0,0.0,4.0,0.0,0.022675736961451247,1.0,0.0,176.4,21,1,1,1.0,sidewalks,175.757,CON,0,0,0,0,0,0,0,0,0,0,0,0,0,0,0,0,0,0,0,0,0,0,0,0,5,0,0,2,0,0,0,0,0,0,0,0,0,1,2,2,0,0,0,0,0,0,0,0,0,0,0,0,0,0,0,0,0,1,0,0,0,0,0,0,0,0,0,0,0,0,0,0,0,0,0,0,0,0,0,0,0,0,0,0,1,1,1,0,0,0,0,0,0,0,0,0,5,0,0.0,,,,,,,,,,,,,,,,,,,,,,,,,,,,,,,,,,0,1.0,0.0,176.4,4.0
1150,Medium,RPath,1247,1.0,4.0,0.0,4.0,0.0,0.02881844380403458,1.0,0.0,138.8,21,1,1,1.0,sidewalks,134.754,CON,0,0,0,0,0,0,0,0,0,0,0,0,0,0,0,0,0,0,0,0,0,0,0,0,5,0,0,2,0,0,0,0,0,0,0,0,0,1,2,2,0,0,0,0,0,0,0,0,0,0,0,0,0,0,0,0,0,1,0,0,0,0,0,0,0,0,0,0,0,0,0,0,0,0,0,0,0,0,0,0,0,0,0,0,1,1,1,0,0,0,0,0,0,0,0,0,5,0,0.0,,,,,,,,,,,,,,,,,,,,,,,,,,,,,,,,,,0,1.0,0.0,138.8,4.0
1151,Medium,RPath,1249,1.0,4.0,0.0,4.0,0.0,0.05689900426742532,1.0,0.0,70.3,25,1,1,1.0,sidewalks,67.627,CON,1,0,0,0,0,0,0,0,0,0,0,0,1,0,0,0,0,0,1,0,0,0,0,0,0,0,3,0,0,0,0,0,0,0,1,0,0,0,0,0,0,0,0,0,1,0,0,0,0,0,1,0,0,0,0,0,3,1,0,0,0,0,0,0,0,0,0,0,0,0,0,0,0,0,0,0,1,0,0,1,2,0,0,0,1,1,1,0,0,0,0,0,0,0,0,0,5,0,0.0,,,,,,,,,,,,,,,,,,,,,,,,,,,,,,,,,,0,1.0,0.0,70.3,4.0
1152,Medium,RPath,1301,1.0,4.0,0.009,4.0,0.009,0.04830917874396135,1.0,0.009,82.8,22,1,1,1.0,sidewalks,80.294,CON,1,2,0,0,0,0,0,0,0,0,0,0,0,0,0,0,0,0,0,0,0,0,0,0,0,0,0,2,0,0,0,0,0,0,0,0,0,0,0,0,0,0,0,0,0,0,0,0,1,0,1,2,0,0,0,0,3,1,0,0,0,0,0,0,0,0,0,0,0,0,0,0,0,1,0,0,0,0,0,0,0,0,0,0,1,1,1,0,0,0,0,0,0,0,0,0,5,0,0.036,,,,0.036,,,,,,,,,,,,,,,,,,,,,,,,,,,,,,0,1.0,0.009,82.8,4.0
1153,Medium,RPath,1305,1.0,4.0,0.0,4.0,0.0,0.0535475234270415,1.0,0.0,74.7,28,2,1,1.0,sidewalks,68.525,CON,1,0,0,0,0,0,0,0,0,0,0,0,0,0,0,0,0,0,0,0,0,0,0,0,0,0,0,2,0,0,0,0,0,0,0,0,0,0,0,0,0,0,0,0,0,0,0,0,0,0,1,2,2,0,0,0,3,1,0,0,0,0,0,0,0,0,0,0,0,0,0,0,0,1,2,0,0,0,0,0,0,0,5,0,1,1,1,0,0,0,0,0,0,0,0,0,5,0,0.0,,,,,,,,,,,,,,,,,,,,,,,,,,,,,,,,,,0,1.0,0.0,74.7,4.0
1154,Medium,RPath,1324,1.0,4.0,0.0,4.0,0.0,0.06779661016949153,1.0,0.0,59.0,28,2,1,1.0,sidewalks,58.724,CON,1,2,2,0,0,0,0,0,0,0,0,0,0,0,0,0,0,0,0,0,0,0,0,0,0,5,0,0,0,0,0,0,0,0,0,0,0,0,0,0,0,0,0,0,0,0,0,0,0,0,1,2,0,0,0,0,0,1,0,0,0,0,0,0,1,0,0,0,0,0,0,0,0,0,0,0,0,0,0,0,0,0,5,0,1,1,1,0,0,0,0,0,0,0,0,0,5,0,0.0,,,,,,,,,,,,,,,,,,,,,,,,,,,,,,,,,,0,1.0,0.0,59.0,4.0
1155,Medium,RPath,1560,1.0,4.0,0.0,4.0,0.0,0.08869179600886917,1.0,0.0,45.1,26,1,1,1.0,sidewalks,40.595,CON,1,2,2,1,0,0,1,0,0,0,0,0,0,0,0,0,0,0,0,0,0,0,0,0,0,0,0,2,0,0,0,0,0,0,1,0,0,0,0,0,0,0,0,0,0,0,0,0,1,0,1,2,0,0,0,0,0,1,0,0,0,0,0,0,0,0,0,0,0,0,0,0,0,0,0,0,0,0,0,0,0,0,0,3,1,1,1,0,0,0,0,0,0,0,0,0,5,0,0.0,,,,,,,,,,,,,,,,,,,,,,,,,,,,,,,,,,0,1.0,0.0,45.1,4.0
1156,Medium,RPath,1561,1.0,4.0,0.005,4.0,0.005,0.05263157894736842,1.0,0.005,76.0,26,1,1,1.0,sidewalks,75.987,CON,1,2,0,1,0,0,1,0,0,0,0,0,0,0,0,0,0,0,0,0,0,0,0,0,0,0,0,2,0,0,0,0,0,0,1,2,0,0,0,0,1,0,0,0,1,0,0,0,1,0,1,2,0,0,0,0,0,1,0,0,0,0,0,0,0,0,0,0,0,0,0,0,0,1,0,0,0,0,0,0,0,0,0,0,1,1,1,0,0,0,0,0,0,0,0,0,5,0,0.02,,,,0.02,,,,,,,,,,,,,,,,,,,,,,,,,,,,,,0,1.0,0.005,76.0,4.0
1157,Medium,RPath,1564,1.0,4.0,0.0,4.0,0.0,0.08385744234800838,1.0,0.0,47.7,22,1,1,1.0,sidewalks,49.093,CON,1,2,0,0,0,0,0,0,0,0,0,0,0,0,0,0,0,0,0,0,0,0,0,0,0,0,0,2,0,0,0,0,0,0,0,0,0,0,0,0,0,0,0,0,0,0,0,0,0,0,0,0,0,0,0,0,3,0,0,0,0,0,0,0,0,0,0,0,0,0,0,0,0,1,2,2,0,0,0,0,0,0,0,3,1,1,1,0,0,0,0,0,0,0,0,0,0,3,0.0,,,,,,,,,,,,,,,,,,,,,,,,,,,,,,,,,,0,1.0,0.0,47.7,4.0
1158,Medium,RPath,1566,1.0,4.0,0.0,4.0,0.0,0.02385211687537269,1.0,0.0,167.7,29,2,1,1.0,sidewalks,166.297,CON,1,2,0,0,0,0,0,0,0,0,0,0,0,0,0,0,0,0,0,0,0,0,0,0,0,0,0,2,0,0,0,0,0,0,0,0,0,0,0,0,0,0,0,0,0,0,0,0,0,0,1,0,0,0,0,0,3,1,0,0,0,0,0,0,0,0,0,0,0,0,0,0,0,1,2,2,0,0,0,0,0,0,0,3,1,1,1,0,0,0,0,0,0,0,0,0,5,3,0.0,,,,,,,,,,,,,,,,,,,,,,,,,,,,,,,,,,0,1.0,0.0,167.7,4.0
1159,Medium,RPath,1567,1.0,4.0,0.0,4.0,0.0,0.0997506234413965,1.0,0.0,40.1,22,1,1,1.0,sidewalks,35.044,CON,1,2,0,0,0,0,0,0,0,0,0,0,0,0,0,0,0,0,0,0,0,0,0,0,0,0,0,2,0,0,0,0,0,0,0,0,0,0,0,0,0,0,0,0,0,0,0,0,0,0,0,0,0,0,0,0,3,0,0,0,0,0,0,0,0,0,0,0,0,0,0,0,0,1,2,2,0,0,0,0,0,0,0,3,1,1,1,0,0,0,0,0,0,0,0,0,0,3,0.0,,,,,,,,,,,,,,,,,,,,,,,,,,,,,,,,,,0,1.0,0.0,40.1,4.0
1160,Medium,RPath,1568,1.0,4.0,0.004,4.0,0.004,0.015741833923652106,1.0,0.004,254.1,26,1,1,1.0,sidewalks,251.877,CON,1,2,2,0,0,0,0,0,0,0,0,0,0,0,0,0,0,0,0,0,0,0,0,0,0,0,0,2,0,0,0,0,0,0,0,0,0,0,0,0,0,0,0,0,0,0,0,0,0,0,1,0,0,0,0,0,3,1,0,0,0,0,0,0,0,0,0,0,0,0,0,0,0,1,2,2,0,0,0,0,0,0,0,3,1,1,1,0,0,0,0,0,0,0,0,0,0,3,0.018,,,,0.018,,,,,,,,,,,,,,,,,,,,,,,,,,,,,,0,1.0,0.004,254.1,4.0
1161,Medium,RPath,1571,1.0,4.0,0.0,4.0,0.0,0.03223207091055601,1.0,0.0,124.1,20,1,1,1.0,sidewalks,120.382,CON,1,2,2,1,0,0,0,0,0,0,0,0,0,0,0,0,0,0,0,0,0,0,0,0,0,0,0,2,0,0,0,0,0,0,0,0,0,0,0,0,0,0,0,0,0,0,0,0,0,0,1,2,0,0,0,0,0,1,0,0,0,0,0,0,0,0,0,0,0,0,0,0,0,0,0,0,0,0,0,0,0,0,0,0,1,1,1,0,0,0,0,0,0,0,0,0,5,0,0.0,,,,,,,,,,,,,,,,,,,,,,,,,,,,,,,,,,0,1.0,0.0,124.1,4.0
1162,Medium,RPath,1557,1.0,4.0,0.006,4.0,0.006,0.06420545746388444,1.0,0.006,62.3,29,2,1,1.0,sidewalks,59.933,CON,1,2,2,1,2,0,1,0,0,0,0,0,0,0,0,0,0,0,0,0,0,0,0,0,0,0,0,2,0,0,0,0,0,0,1,2,0,0,0,0,0,0,0,0,0,0,0,0,1,0,1,0,0,0,0,0,0,1,0,0,0,0,0,0,0,0,0,0,0,0,0,0,0,0,0,0,1,0,0,0,0,0,0,3,1,1,1,0,0,0,0,0,0,0,0,0,5,0,0.024,,,,0.024,,,,,,,,,,,,,,,,,,,,,,,,,,,,,,0,1.0,0.006,62.3,4.0
1163,Medium,RPath,1617,1.0,4.0,0.0,4.0,0.0,0.014477017734346724,1.0,0.0,276.3,27,1,1,1.0,sidewalks,271.536,CON,1,2,2,0,0,0,0,0,0,0,0,0,0,0,0,0,0,0,0,0,0,0,0,0,0,0,0,2,0,0,0,0,0,0,0,0,0,0,0,0,0,0,0,0,0,0,0,0,0,0,1,2,2,0,0,0,0,1,0,0,0,0,0,0,0,0,0,0,0,0,0,0,0,1,2,2,1,0,0,0,0,0,0,0,1,1,1,0,0,0,0,0,0,0,0,0,5,0,0.0,,,,,,,,,,,,,,,,,,,,,,,,,,,,,,,,,,0,1.0,0.0,276.3,4.0
1164,Medium,RPath,1618,1.0,4.0,0.0,4.0,0.0,0.08298755186721991,1.0,0.0,48.2,22,1,1,1.0,sidewalks,41.141,CON,1,2,0,0,0,0,0,0,0,0,0,0,0,0,0,0,0,0,0,0,0,0,0,0,0,0,0,2,0,0,0,0,0,0,0,0,0,0,0,0,0,0,0,0,0,0,0,0,0,0,1,2,0,0,0,0,0,1,0,0,0,0,0,0,0,0,0,0,0,0,0,0,0,1,2,2,0,0,0,0,0,0,0,0,1,1,1,0,0,0,0,0,0,0,0,0,5,0,0.0,,,,,,,,,,,,,,,,,,,,,,,,,,,,,,,,,,0,1.0,0.0,48.2,4.0
1165,Medium,RPath,1400,1.0,4.0,0.0,4.0,0.0,0.0317208564631245,1.0,0.0,126.1,27,1,1,1.0,walkways,126.076,HMAC,1,2,0,1,2,0,1,2,0,0,0,0,0,0,0,0,0,0,0,0,0,0,0,0,0,0,0,2,0,0,0,0,0,0,0,0,0,0,0,0,0,0,0,0,0,0,0,0,0,0,1,2,0,0,0,0,0,1,0,0,0,0,0,0,0,0,0,0,0,0,0,0,0,0,0,0,1,0,0,0,0,0,0,3,1,1,1,0,0,0,0,0,0,0,0,0,5,0,0.0,,,,,,,,,,,,,,,,,,,,,,,,,,,,,,,,,,0,1.0,0.0,126.1,4.0
1166,Medium,RPath,1483,1.0,4.0,0.0,4.0,0.0,0.12195121951219513,1.0,0.0,32.8,15,1,1,1.0,walkways,32.754,HMAC,0,0,0,0,0,0,0,0,0,0,0,0,1,2,0,0,0,0,0,0,0,0,0,0,0,0,0,2,0,0,0,0,0,0,0,0,0,0,0,0,0,0,0,0,0,0,0,0,0,0,0,0,0,0,0,0,0,1,0,0,0,0,0,0,0,0,0,0,0,0,0,0,0,0,0,0,1,0,0,0,0,0,0,0,1,1,1,0,0,0,0,0,0,0,0,0,5,0,0.0,,,,,,,,,,,,,,,,,,,,,,,,,,,,,,,,,,0,1.0,0.0,32.8,4.0
1167,Medium,RPath,1486,1.0,4.0,0.0,4.0,0.0,0.09132420091324202,1.0,0.0,43.8,28,2,1,1.0,walkways,43.812,HMAC,1,2,2,1,0,0,0,0,0,0,0,0,0,0,0,0,0,0,0,0,0,0,0,0,0,0,0,2,0,0,0,0,0,0,1,0,0,0,0,0,0,0,0,0,0,0,0,0,0,0,1,2,2,0,0,0,0,1,0,0,0,0,0,0,0,0,0,0,0,0,0,0,0,0,0,0,0,0,0,0,0,0,5,0,1,1,1,0,0,0,0,0,0,0,0,0,5,0,0.0,,,,,,,,,,,,,,,,,,,,,,,,,,,,,,,,,,0,1.0,0.0,43.8,4.0
1168,Medium,RPath,1514,1.0,4.0,0.0,4.0,0.0,0.09501187648456057,1.0,0.0,42.1,20,1,1,1.0,walkways,42.107,HMAC,1,2,2,1,0,0,0,0,0,0,0,0,0,0,0,0,0,0,0,0,0,0,0,0,0,0,0,2,0,0,0,0,0,0,0,0,0,0,0,0,0,0,0,0,0,0,0,0,0,0,0,0,0,0,0,0,0,1,0,0,0,0,0,0,0,0,0,0,0,0,0,0,0,1,2,0,0,0,0,0,0,0,0,0,1,1,1,0,0,0,0,0,0,0,0,0,5,0,0.0,,,,,,,,,,,,,,,,,,,,,,,,,,,,,,,,,,0,1.0,0.0,42.1,4.0
1169,Medium,RPath,1515,1.0,4.0,0.0,4.0,0.0,0.08403361344537814,1.0,0.0,47.6,23,1,1,1.0,walkways,47.646,HMAC,1,2,2,0,0,0,0,0,0,0,0,0,0,0,0,0,0,0,0,0,0,0,0,0,0,5,0,2,0,0,0,0,0,0,0,0,0,0,0,0,0,0,0,0,0,0,0,0,0,0,0,0,0,0,0,0,3,0,0,0,0,0,0,0,0,0,0,0,0,0,0,0,0,0,0,0,0,0,0,0,0,0,0,3,0,0,0,0,0,0,0,0,0,0,0,0,5,0,0.0,,,,,,,,,,,,,,,,,,,,,,,,,,,,,,,,,,0,1.0,0.0,47.6,4.0
1170,Medium,RPath,1525,1.0,4.0,0.0,4.0,0.0,0.08316008316008315,1.0,0.0,48.1,22,1,1,1.0,walkways,48.098,SS,1,2,2,1,2,0,1,2,0,0,0,0,0,0,0,0,0,0,0,0,0,0,0,0,0,0,0,2,0,0,0,0,0,0,0,0,0,0,0,0,0,0,0,0,0,0,0,0,0,0,0,0,0,0,0,0,0,1,0,0,0,0,0,0,0,0,0,0,0,0,0,0,0,0,0,0,0,0,0,0,0,0,0,0,1,1,1,0,0,0,0,0,0,0,0,0,5,0,0.0,,,,,,,,,,,,,,,,,,,,,,,,,,,,,,,,,,0,1.0,0.0,48.1,4.0
1171,Medium,RPath,1529,1.0,4.0,0.0,4.0,0.0,0.09456264775413713,1.0,0.0,42.3,28,2,1,1.0,walkways,42.299,HMAC,1,2,0,0,0,0,0,0,0,0,0,0,0,0,0,0,0,0,0,0,0,0,0,0,0,0,0,2,0,0,0,0,0,0,1,0,0,0,0,0,0,0,0,0,0,0,0,0,0,0,1,0,0,0,0,0,3,1,0,0,0,0,0,0,0,0,0,0,0,0,0,0,0,1,2,0,0,0,0,0,0,0,0,3,1,1,1,0,0,0,0,0,0,0,0,0,5,3,0.0,,,,,,,,,,,,,,,,,,,,,,,,,,,,,,,,,,0,1.0,0.0,42.3,4.0
1172,Low,RPath,34,3.0,1.0,0.327,3.0,0.9810000000000001,0.030456852791878174,4.0,0.327,98.5,60,3,3,12.0,sidewalks,96.685,HMAC,1,2,2,0,0,0,0,0,0,0,0,0,1,0,0,1,0,0,0,0,0,0,0,0,5,0,0,2,0,0,0,1,2,2,1,2,0,0,0,0,0,0,0,0,0,0,0,0,0,0,1,2,2,5,0,0,3,1,1,0,0,0,0,0,1,2,2,1,0,0,0,0,0,1,2,2,1,0,0,0,0,0,0,3,1,1,1,0,0,0,0,0,0,0,0,0,5,0,0.396,,,,0.091,0.305,,,,,,,,,,,,,,,,,,,,,,,,,,,,,0,4.0,0.327,98.5,3.0
1173,Low,RPath,36,3.0,1.0,0.303,3.0,0.909,0.01768867924528302,4.0,0.303,169.6,61,3,3,12.0,sidewalks,165.539,HMAC,1,2,0,1,0,0,1,0,0,0,0,0,1,2,2,1,0,0,0,0,0,1,0,0,0,0,0,2,0,0,0,1,0,0,1,2,2,0,0,0,0,0,0,0,1,0,0,0,1,0,1,2,2,5,0,0,3,1,1,0,0,0,0,0,0,0,0,0,0,0,0,0,0,1,2,0,1,2,2,0,0,0,5,3,1,1,1,0,0,0,0,0,0,0,0,0,5,0,0.469,,,,0.186,0.221,,,,,,,,,,0.053,0.009,,,,,,,,,,,,,,,,,,0,4.0,0.303,169.6,3.0
1174,Low,RPath,37,3.0,1.0,0.272,3.0,0.8160000000000001,0.015082956259426848,4.0,0.272,198.9,65,4,3,12.0,sidewalks,198.891,HMAC,1,2,2,1,0,0,1,0,0,0,0,0,1,2,0,1,0,0,0,0,0,1,0,0,0,0,0,2,0,0,0,1,2,0,1,2,2,0,0,0,0,0,0,0,1,0,0,0,0,0,1,2,2,5,0,0,3,1,1,2,0,0,0,0,1,0,0,0,0,0,0,0,0,1,2,2,1,2,0,0,0,0,5,3,1,1,1,0,0,0,0,0,0,0,0,0,5,0,0.347,,,,0.091,0.211,,,,,,,,,0.023,0.015,0.008,,,,,,,,,,,,,,,,,,0,4.0,0.272,198.9,3.0
1175,Low,RPath,47,3.0,1.0,0.431,3.0,1.293,0.04316546762589928,4.0,0.431,69.5,55,3,3,12.0,sidewalks,69.54,HMAC,1,2,2,1,0,0,0,0,0,0,0,0,1,2,0,0,0,0,0,0,0,0,0,0,0,5,0,2,0,0,0,0,0,0,1,2,2,0,0,0,0,0,0,0,1,2,0,0,0,0,1,2,0,0,0,0,3,1,0,0,0,0,0,0,0,0,0,0,0,0,0,0,0,1,2,0,1,2,0,1,0,0,5,3,1,1,1,0,0,0,1,0,0,0,0,0,5,0,0.453,,,,,0.41,,,,,,,,,,0.043,,,,,,,,,,,,,,,,,,,0,4.0,0.431,69.5,3.0
1176,Low,RPath,53,3.0,1.0,0.426,3.0,1.278,0.03875968992248062,4.0,0.426,77.4,63,3,3,12.0,sidewalks,77.401,HMAC,1,2,2,1,2,0,1,2,0,0,0,0,1,2,2,0,0,0,0,0,0,0,0,0,0,0,0,2,0,0,0,0,0,0,1,2,2,0,0,0,0,0,0,0,1,0,0,0,0,0,1,2,2,0,0,0,3,1,0,0,0,0,0,0,1,2,0,0,0,0,1,2,2,1,2,2,1,2,0,0,0,0,5,3,1,0,0,0,0,0,0,0,0,0,0,0,5,0,0.426,,,,,0.407,,,,,,,,,,,0.019,,,,,,,,,,,,,,,,,,0,4.0,0.426,77.4,3.0
1177,Low,RPath,55,3.0,1.0,0.463,3.0,1.389,0.02892960462873674,4.0,0.463,103.7,61,3,3,12.0,sidewalks,102.056,HMAC,1,2,2,1,2,2,1,2,0,0,0,0,1,2,2,0,0,0,0,0,0,0,0,0,0,5,0,2,0,0,0,0,0,0,1,0,0,0,0,0,0,0,0,0,0,0,0,0,0,0,1,2,0,5,0,0,3,1,0,0,0,0,0,0,1,2,0,0,0,0,1,0,0,1,2,0,1,2,2,0,0,0,0,3,1,1,1,0,0,0,0,0,0,0,0,0,5,0,0.463,,,,,0.448,,,,,,,,,,,0.014,,,,,,,,,,,,,,,,,,0,4.0,0.463,103.7,3.0
1178,Low,RPath,62,3.0,1.0,0.302,3.0,0.9059999999999999,0.01935483870967742,4.0,0.302,155.0,61,3,3,12.0,sidewalks,151.658,HMAC,1,2,2,1,0,0,1,0,0,0,0,0,1,2,0,0,0,0,0,0,0,0,0,0,0,0,0,2,0,0,0,0,0,0,1,2,2,0,0,0,0,0,0,5,1,0,0,0,0,0,1,2,2,0,0,0,3,1,0,0,0,0,0,0,1,2,0,1,0,0,1,2,2,1,0,0,1,2,2,0,0,0,5,3,1,0,0,0,0,0,0,0,0,0,0,0,5,0,0.358,,,0.029,,0.165,,,,0.019,,,0.048,0.048,0.019,0.01,0.019,,,,,,,,,,,,,,,,,,0,4.0,0.302,155.0,3.0
1179,Low,RPath,105,3.0,1.0,0.452,3.0,1.356,0.05309734513274336,4.0,0.452,56.5,50,3,3,12.0,sidewalks,52.781,HMAC,1,0,0,0,0,0,0,0,0,0,0,0,1,2,2,0,0,0,1,2,2,0,0,0,0,5,3,0,0,0,0,1,2,0,1,0,0,0,0,0,0,0,0,0,1,0,0,0,1,1,1,2,2,0,0,0,3,1,0,0,0,0,0,0,1,0,0,0,0,0,0,0,0,0,0,0,1,2,2,0,0,0,0,0,1,1,1,0,0,0,0,0,0,1,0,0,5,0,0.452,,,,,0.452,,,,,,,,,,,,,,,,,,,,,,,,,,,,,0,4.0,0.452,56.5,3.0
1180,Low,RPath,120,3.0,1.0,0.377,3.0,1.131,0.014144271570014145,4.0,0.377,212.1,60,3,3,12.0,sidewalks,212.06,CON,1,2,2,1,2,2,0,0,0,0,0,0,1,2,0,1,0,0,0,0,0,0,0,0,0,5,0,2,0,0,0,0,0,0,0,0,0,0,0,0,0,0,0,5,0,0,0,0,0,0,1,2,2,5,0,0,3,1,1,0,0,0,0,0,0,0,0,0,0,0,0,0,0,1,2,0,1,2,0,0,0,0,0,3,1,0,1,1,2,0,0,0,0,0,0,0,5,0,0.424,,,0.007,0.05,0.042,0.085,,,,0.134,,,,,0.021,0.085,,,,,,,,,,,,,,,,,,0,4.0,0.377,212.1,3.0
1181,Low,RPath,152,3.0,1.0,0.364,3.0,1.092,0.04552352048558422,4.0,0.364,65.9,62,3,3,12.0,sidewalks,64.444,HMAC,1,0,0,1,0,0,0,0,0,0,0,0,1,2,0,0,0,0,0,0,0,0,0,0,0,0,0,2,0,0,0,0,0,0,1,2,2,0,0,0,0,0,0,5,1,0,0,0,0,0,1,2,2,5,0,4,0,1,0,0,0,0,0,0,1,2,0,1,2,0,1,2,2,1,0,0,1,2,0,0,0,0,5,3,0,0,1,0,0,0,0,0,0,0,0,0,5,0,0.364,,,0.068,,0.228,,,,,,,,,,,0.068,,,,,,,,,,,,,,,,,,0,4.0,0.364,65.9,3.0
1182,Low,RPath,169,3.0,1.0,0.429,3.0,1.287,0.06607929515418502,4.0,0.429,45.4,65,4,3,12.0,sidewalks,48.67,HMAC,1,2,2,1,2,0,1,0,0,1,0,0,1,2,0,0,0,0,0,0,0,0,0,0,0,0,0,2,1,2,0,0,0,0,1,2,2,0,0,0,0,0,0,5,1,2,0,0,0,0,1,2,2,0,5,0,0,1,0,0,0,0,0,0,1,2,0,0,0,0,0,0,0,1,2,2,1,2,2,0,0,0,0,3,1,0,1,0,0,0,0,0,0,0,0,0,5,0,0.429,0.033,,,,0.396,,,,,,,,,,,,,,,,,,,,,,,,,,,,,0,4.0,0.429,45.4,3.0
1183,Low,RPath,289,3.0,1.0,0.32,3.0,0.96,0.03875968992248062,4.0,0.32,77.4,62,3,3,12.0,sidewalks,77.435,HMAC,1,2,2,1,2,2,1,2,2,0,0,0,1,2,2,0,0,0,0,0,0,0,0,0,0,5,0,2,0,0,0,0,0,0,1,0,0,0,0,0,0,0,0,0,1,0,0,0,1,1,1,2,2,5,0,0,3,1,0,0,0,0,0,0,0,0,0,0,0,0,0,0,0,1,2,0,1,2,0,0,0,0,0,3,1,1,1,0,0,0,0,0,0,0,0,0,5,0,0.329,,,,,0.252,,,,,,,,,,,0.058,0.019,,,,,,,,,,,,,,,,,0,4.0,0.32,77.4,3.0
1184,Low,RPath,327,3.0,1.0,0.496,3.0,1.488,0.007759958613554061,4.0,0.496,386.6,52,3,3,12.0,sidewalks,386.416,HMAC,1,2,2,1,0,0,1,0,0,0,0,0,1,2,2,0,0,0,0,0,0,0,0,0,0,5,0,2,0,0,0,0,0,0,0,0,0,0,0,0,0,0,0,0,0,0,0,0,1,1,1,2,2,5,0,0,3,1,0,0,0,0,0,0,0,0,0,0,0,0,0,0,0,1,2,0,1,2,0,0,0,0,0,3,1,1,0,1,0,0,0,0,0,0,0,0,5,0,0.512,,,0.016,,0.458,,,,0.016,,0.004,,,0.012,0.004,,,0.004,,,,,,,,,,,,,,,,0,4.0,0.496,386.6,3.0
1185,Low,RPath,330,3.0,1.0,0.411,3.0,1.2329999999999999,0.031612223393045306,4.0,0.411,94.9,59,3,3,12.0,sidewalks,94.911,HMAC,1,2,2,1,0,0,0,0,0,0,0,0,1,2,2,0,0,0,0,0,0,0,0,0,0,5,0,2,0,0,0,0,0,0,1,2,0,0,0,0,0,0,0,0,0,0,0,0,1,1,1,2,2,5,0,0,3,1,0,0,0,0,0,0,0,0,0,0,0,0,0,0,0,0,0,0,1,2,0,0,0,0,5,3,1,1,1,0,0,0,0,0,0,0,0,0,5,3,0.458,,,,,0.395,,,,0.063,,,,,,,,,,,,,,,,,,,,,,,,,0,4.0,0.411,94.9,3.0
1186,Low,RPath,333,3.0,1.0,0.451,3.0,1.353,0.01254180602006689,4.0,0.451,239.2,57,3,3,12.0,sidewalks,238.415,HMAC,1,2,2,1,0,0,0,0,0,0,0,0,0,0,0,1,2,2,0,0,0,0,0,0,0,5,0,2,0,0,0,0,0,0,1,2,2,0,0,0,1,0,0,0,1,2,0,0,1,1,1,2,2,5,5,0,0,1,0,0,0,0,0,0,1,0,0,0,0,0,0,0,0,0,0,0,1,2,2,0,0,0,0,0,1,0,0,0,0,0,0,0,0,0,0,0,5,0,0.451,,,,,0.433,,,,,,,0.006,,,,0.013,,,,,,,,,,,,,,,,,,0,4.0,0.451,239.2,3.0
1187,Low,RPath,334,3.0,1.0,0.256,3.0,0.768,0.013020833333333332,4.0,0.256,230.4,61,3,3,12.0,sidewalks,227.966,HMAC,1,2,2,0,0,0,0,0,0,0,0,0,0,0,0,1,2,2,0,0,0,0,0,0,5,5,0,2,0,0,0,0,0,0,1,2,2,0,0,0,1,0,0,0,1,2,0,0,1,1,1,2,2,5,5,0,0,1,0,0,0,0,0,0,1,0,0,0,0,0,0,0,0,0,0,0,1,2,2,0,0,0,0,0,1,0,0,0,0,0,0,0,0,0,0,0,5,0,0.26,,,,,0.195,,,,,,0.007,,,,,0.059,,,,,,,,,,,,,,,,,,0,4.0,0.256,230.4,3.0
1188,Low,RPath,335,3.0,1.0,0.355,3.0,1.065,0.03550295857988166,4.0,0.355,84.5,51,3,3,12.0,sidewalks,84.486,HMAC,1,2,0,1,2,0,1,2,0,0,0,0,1,2,2,0,0,0,0,0,0,0,0,0,0,0,0,2,0,0,0,0,0,0,1,2,0,0,0,0,0,0,0,0,1,0,0,0,1,1,1,2,2,5,0,0,3,1,0,0,0,0,0,0,0,0,0,0,0,0,0,0,0,1,2,0,1,0,0,0,0,0,0,3,1,1,1,0,0,0,0,0,0,0,0,0,5,0,0.408,,,0.018,,0.249,0.053,,,0.071,,,,,,,,,0.018,,,,,,,,,,,,,,,,0,4.0,0.355,84.5,3.0
1189,Low,RPath,339,3.0,1.0,0.308,3.0,0.9239999999999999,0.022813688212927757,4.0,0.308,131.5,59,3,3,12.0,sidewalks,80.234,HMAC,1,2,2,0,0,0,0,0,0,0,0,0,0,0,0,1,2,2,0,0,0,0,0,0,5,0,0,0,0,0,0,0,0,0,1,2,2,0,0,0,1,2,0,0,1,2,2,0,1,1,1,2,2,5,5,0,0,0,0,0,0,0,0,0,1,2,0,0,0,0,0,0,0,0,0,0,1,2,2,0,0,0,0,0,1,0,0,0,0,0,0,0,0,0,0,0,5,0,0.308,,,0.034,,0.262,,,,,,,,,,,0.011,,,,,,,,,,,,,,,,,,0,4.0,0.308,131.5,3.0
1190,Low,RPath,360,3.0,1.0,0.382,3.0,1.146,0.013636363636363636,4.0,0.382,220.0,64,4,3,12.0,sidewalks,221.572,HMAC,1,2,2,1,0,0,1,0,0,0,0,0,1,2,2,0,0,0,0,0,0,1,2,2,0,5,0,2,0,0,0,0,0,0,1,2,2,0,0,0,0,0,0,0,1,0,0,0,1,0,1,2,2,5,5,0,0,1,0,0,0,0,0,0,0,0,0,0,0,0,0,0,0,1,0,0,1,2,2,0,0,0,0,3,1,1,1,0,0,0,0,0,0,0,0,0,5,0,0.45,,,,0.082,0.334,,,,,0.014,,,,,0.014,0.007,,,,,,,,,,,,,,,,,,0,4.0,0.382,220.0,3.0
1191,Low,RPath,383,3.0,1.0,0.334,3.0,1.002,0.03476245654692932,4.0,0.334,86.3,64,4,3,12.0,sidewalks,86.361,HMAC,1,2,2,1,0,0,1,0,0,1,2,0,1,2,0,0,0,0,0,0,0,0,0,0,5,0,3,2,0,0,0,0,0,0,1,2,2,0,0,0,0,0,0,5,1,0,0,0,0,0,1,2,2,0,5,0,0,1,0,0,0,0,0,0,0,0,0,0,0,0,0,0,0,1,2,2,1,2,0,0,0,0,0,3,1,1,1,0,0,0,0,0,0,0,0,0,5,0,0.504,,,,0.226,0.174,,,,,,,0.07,,,,0.035,,,,,,,,,,,,,,,,,,0,4.0,0.334,86.3,3.0
1192,Low,RPath,386,3.0,1.0,0.253,3.0,0.759,0.03546099290780142,4.0,0.253,84.6,61,3,3,12.0,sidewalks,84.452,HMAC,1,2,0,1,2,0,1,0,0,1,2,0,1,2,0,0,0,0,0,0,0,0,0,0,5,0,3,2,0,0,0,0,0,0,1,2,2,0,0,0,0,0,0,0,1,2,0,0,0,0,1,2,2,0,5,0,0,1,0,0,0,0,0,0,0,0,0,0,0,0,0,0,0,1,2,2,1,2,0,0,0,0,0,3,1,1,1,0,0,0,0,0,0,0,0,0,5,0,0.372,,,,0.159,0.177,,,,,,,,,,,0.035,,,,,,,,,,,,,,,,,,0,4.0,0.253,84.6,3.0
1193,Low,RPath,418,3.0,1.0,0.489,3.0,1.467,0.008058017727639,4.0,0.489,372.3,61,3,3,12.0,sidewalks,368.719,HMAC,1,2,2,1,2,2,1,0,0,0,0,0,1,2,2,0,0,0,1,0,0,0,0,0,0,5,0,2,0,0,0,1,2,0,1,0,0,0,0,0,0,0,0,0,1,0,0,0,1,0,1,2,2,0,0,0,0,1,1,0,0,0,0,0,1,0,0,0,0,0,0,0,0,1,2,0,1,2,2,0,0,0,0,3,1,0,0,0,0,0,1,2,0,1,2,0,5,0,0.491,,,,,0.487,,,,,,,,,,0.004,,,,,,,,,,,,,,,,,,,0,4.0,0.489,372.3,3.0
1194,Low,RPath,420,3.0,1.0,0.259,3.0,0.777,0.011778563015312132,4.0,0.259,254.7,60,3,3,12.0,sidewalks,251.915,CON,1,0,0,0,0,0,0,0,0,0,0,0,1,2,2,1,0,0,1,2,2,0,0,0,0,5,3,0,0,0,0,1,2,2,1,0,0,0,0,0,0,0,0,0,1,0,0,0,1,1,1,2,2,0,5,0,3,1,0,0,0,0,0,0,1,2,0,0,0,0,0,0,0,1,0,0,1,2,2,0,0,0,0,0,1,1,1,0,0,0,0,0,0,0,0,0,5,0,0.259,,,,,0.259,,,,,,,,,,,,,,,,,,,,,,,,,,,,,0,4.0,0.259,254.7,3.0
1195,Low,RPath,426,3.0,1.0,0.26,3.0,0.78,0.01426533523537803,4.0,0.26,210.3,64,4,3,12.0,sidewalks,210.267,CON,1,2,0,1,2,0,0,0,0,0,0,0,1,2,2,1,2,0,0,0,0,0,0,0,0,0,0,2,0,0,0,0,0,0,1,2,0,0,0,0,0,0,0,5,1,0,0,0,0,0,1,2,2,5,0,0,3,1,1,0,0,0,0,0,0,0,0,0,0,0,0,0,0,1,2,0,1,2,2,0,0,0,5,3,1,0,1,1,0,0,0,0,0,0,0,0,5,0,0.321,,,0.014,0.057,0.15,,,,,,,,,0.036,0.036,0.029,,,,,,,,,,,,,,,,,,0,4.0,0.26,210.3,3.0
1196,Low,RPath,443,3.0,1.0,0.352,3.0,1.056,0.019430051813471502,4.0,0.352,154.4,52,3,3,12.0,sidewalks,154.358,CON,1,0,0,0,0,0,0,0,0,0,0,0,1,2,0,0,0,0,1,0,0,0,0,0,0,0,3,0,0,0,0,1,0,0,1,2,2,0,0,0,0,0,0,0,1,2,0,0,1,1,1,2,2,5,5,0,0,1,0,0,0,0,0,0,0,0,0,0,0,0,0,0,0,1,2,0,1,2,0,0,0,0,0,0,1,1,1,0,0,0,0,0,0,1,2,0,5,0,0.369,,,,,0.34,,,,,,0.01,,,,0.01,,0.01,,,,,,,,,,,,,,,,,0,4.0,0.352,154.4,3.0
1197,Low,RPath,444,3.0,1.0,0.254,3.0,0.762,0.038265306122448974,4.0,0.254,78.4,53,3,3,12.0,sidewalks,79.771,CON,1,2,2,1,2,2,1,2,2,0,0,0,0,0,0,0,0,0,0,0,0,0,0,0,0,5,0,2,0,0,0,0,0,0,1,2,0,0,0,0,0,0,0,5,1,0,0,0,0,0,1,2,0,0,0,0,3,1,0,0,0,0,0,0,0,0,0,0,0,0,1,0,0,0,0,0,1,2,0,0,0,0,0,3,1,1,1,0,0,0,0,0,0,0,0,0,5,0,0.383,,,,0.172,0.21,,,,,,,,,,,,,,,,,,,,,,,,,,,,,0,4.0,0.254,78.4,3.0
1198,Low,RPath,479,3.0,1.0,0.251,3.0,0.753,0.01122754491017964,4.0,0.251,267.2,64,4,3,12.0,sidewalks,274.059,HMAC,1,2,2,1,2,0,1,2,0,1,0,0,1,2,0,0,0,0,0,0,0,0,0,0,0,0,0,2,1,0,0,0,0,0,1,2,2,0,0,0,0,0,0,5,1,0,0,0,0,0,1,2,2,0,5,0,0,1,0,0,0,0,0,0,1,2,0,0,0,0,1,0,0,1,2,2,1,2,2,0,0,0,0,3,1,0,1,0,0,0,0,0,0,0,0,0,5,0,0.483,0.034,,,0.303,0.135,,,,,,0.006,,,,,0.006,,,,,,,,,,,,,,,,,,0,4.0,0.251,267.2,3.0
1199,Low,RPath,626,3.0,1.0,0.254,3.0,0.762,0.027803521779425393,4.0,0.254,107.9,63,3,3,12.0,sidewalks,107.859,HMAC,1,2,2,1,2,2,0,0,0,0,0,0,0,0,0,1,2,2,0,0,0,0,0,0,0,5,0,2,0,0,0,0,0,0,1,2,2,0,0,0,0,0,0,0,1,0,0,0,1,1,1,2,2,5,5,4,0,1,0,0,0,0,0,0,1,0,0,0,0,0,0,0,0,0,0,0,1,2,0,0,0,0,0,3,0,0,0,0,0,0,1,0,0,0,0,0,5,0,0.264,0.083,,,0.014,0.167,,,,,,,,,,,,,,,,,,,,,,,,,,,,,0,4.0,0.254,107.9,3.0
1200,Low,RPath,782,3.0,1.0,0.311,3.0,0.933,0.015731515469323547,4.0,0.311,190.7,66,4,3,12.0,sidewalks,190.772,HMAC,1,2,2,1,2,0,1,2,0,0,0,0,1,2,2,0,0,0,0,0,0,0,0,0,0,5,0,2,0,0,0,0,0,0,0,0,0,0,0,0,0,0,0,0,0,0,0,0,1,1,1,2,2,5,0,4,3,1,0,0,0,0,0,0,0,0,0,0,0,0,0,0,0,1,2,2,1,2,2,0,0,0,0,3,1,1,0,1,2,0,0,0,0,0,0,0,5,0,0.322,,,0.008,,0.283,,,0.016,,,0.016,,,,,,,,,,,,,,,,,,,,,,,0,4.0,0.311,190.7,3.0
1201,Low,RPath,784,3.0,1.0,0.366,3.0,1.0979999999999999,0.036585365853658534,4.0,0.366,82.0,51,3,3,12.0,sidewalks,80.176,HMAC,1,2,2,1,2,0,1,2,0,0,0,0,1,2,0,0,0,0,0,0,0,0,0,0,0,5,0,2,0,0,0,0,0,0,0,0,0,0,0,0,0,0,0,0,0,0,0,0,1,1,1,2,2,5,0,0,3,1,0,0,0,0,0,0,1,0,0,0,0,0,0,0,0,1,0,0,1,0,0,0,0,0,0,3,1,1,1,0,0,0,0,0,0,0,0,0,5,0,0.384,0.018,,,,0.329,,,,,,,,,,,,0.037,,,,,,,,,,,,,,,,,0,4.0,0.366,82.0,3.0
1202,Low,RPath,812,3.0,1.0,0.279,3.0,0.8370000000000001,0.05454545454545454,4.0,0.279,55.0,64,4,3,12.0,sidewalks,55.012,CON,1,2,0,1,0,0,0,0,0,1,0,0,1,2,0,1,2,0,0,0,0,0,0,0,0,0,0,2,1,2,2,0,0,0,1,2,0,0,0,0,0,0,0,5,1,2,0,0,1,1,1,2,2,0,0,0,0,1,0,0,0,1,0,0,1,2,2,0,0,0,1,0,0,1,0,0,1,2,2,0,0,0,5,0,0,0,0,1,0,0,0,0,0,1,2,0,5,0,0.382,,,,0.136,0.245,,,,,,,,,,,,,,,,,,,,,,,,,,,,,0,4.0,0.279,55.0,3.0
1203,Low,RPath,903,3.0,1.0,0.434,3.0,1.302,0.057803468208092484,4.0,0.434,51.9,62,3,3,12.0,sidewalks,50.275,HMAC,1,2,2,1,0,0,1,0,0,0,0,0,1,0,0,0,0,0,0,0,0,0,0,0,0,5,0,2,0,0,0,1,2,2,1,2,0,0,0,0,0,0,0,0,0,0,0,0,0,0,1,2,2,5,0,0,3,1,1,0,0,0,0,0,1,2,2,0,0,0,0,0,0,1,2,2,1,2,0,0,0,0,0,3,1,1,1,0,0,0,0,0,0,0,0,0,5,0,0.434,,,,,0.434,,,,,,,,,,,,,,,,,,,,,,,,,,,,,0,4.0,0.434,51.9,3.0
1204,Low,RPath,904,3.0,1.0,0.321,3.0,0.9630000000000001,0.024671052631578948,4.0,0.321,121.6,66,4,3,12.0,sidewalks,121.068,HMAC,1,2,2,1,0,0,1,0,0,0,0,0,1,2,0,1,0,0,0,0,0,0,0,0,0,5,0,2,0,0,0,1,2,0,1,2,2,0,0,0,0,0,0,0,0,0,0,0,0,0,1,2,2,5,0,0,3,1,1,2,0,0,0,0,1,0,0,0,0,0,0,0,0,1,2,0,1,2,0,0,0,0,5,3,1,1,1,0,0,0,0,0,0,0,0,0,5,0,0.432,,,,0.062,0.259,,,,,,0.086,0.025,,,,,,,,,,,,,,,,,,,,,,0,4.0,0.321,121.6,3.0
1205,Low,RPath,914,3.0,1.0,0.365,3.0,1.095,0.013410818059901655,4.0,0.365,223.7,51,3,3,12.0,sidewalks,220.379,HMAC,1,2,2,1,2,0,0,0,0,0,0,0,1,2,0,0,0,0,0,0,0,0,0,0,0,5,0,2,0,0,0,0,0,0,1,2,2,0,0,0,0,0,0,0,0,0,0,0,1,0,1,2,2,5,5,0,3,0,0,0,0,0,0,0,0,0,0,0,0,0,0,0,0,1,0,0,1,0,0,0,0,0,0,0,1,1,0,0,0,0,0,0,0,0,0,0,5,0,0.369,0.027,,0.013,,0.322,,,,,,,,,,0.007,,,,,,,,,,,,,,,,,,,0,4.0,0.365,223.7,3.0
1206,Low,RPath,976,3.0,1.0,0.315,3.0,0.9450000000000001,0.03278688524590164,4.0,0.315,91.5,64,4,3,12.0,sidewalks,91.535,HMAC,1,2,2,0,0,0,0,0,0,0,0,0,1,2,0,1,2,0,0,0,0,0,0,0,0,0,3,0,1,2,2,0,0,0,1,2,0,0,0,0,0,0,0,0,1,2,2,0,0,0,1,2,0,0,5,0,0,1,0,0,0,0,0,0,1,2,0,0,0,0,0,0,0,1,2,0,1,2,0,1,0,0,0,3,1,1,1,1,2,0,1,0,0,1,2,0,5,0,0.377,,,,0.049,0.295,,,,,,0.033,,,,,,,,,,,,,,,,,,,,,,,0,4.0,0.315,91.5,3.0
1207,Low,RPath,978,3.0,1.0,0.29,3.0,0.8699999999999999,0.031315240083507306,4.0,0.29,95.8,53,3,3,12.0,sidewalks,95.84,HMAC,1,2,0,0,0,0,0,0,0,0,0,0,1,2,0,1,0,0,0,0,0,0,0,0,0,0,3,0,1,2,2,0,0,0,1,0,0,0,0,0,0,0,0,0,1,2,2,0,0,0,1,0,0,0,5,0,0,1,1,0,0,0,0,0,1,2,2,0,0,0,0,0,0,1,0,0,1,2,2,1,0,0,0,0,1,1,1,1,2,0,0,0,0,1,0,0,5,0,0.548,,,,0.125,0.157,,,,,,,,0.219,,,0.031,,0.016,,,,,,,,,,,,,,,,0,4.0,0.29,95.8,3.0
1208,Low,RPath,1585,3.0,1.0,0.428,3.0,1.284,0.0335195530726257,4.0,0.428,89.5,54,3,3,12.0,sidewalks,95.998,CON,1,2,2,1,0,0,1,0,0,0,0,0,1,2,2,1,2,2,0,0,0,0,0,0,0,5,0,0,0,0,0,0,0,0,1,2,0,0,0,0,0,0,0,0,0,0,0,0,1,1,1,2,2,0,5,0,3,1,0,0,0,0,0,0,0,0,0,0,0,0,0,0,0,1,2,0,1,0,0,0,0,0,0,3,1,0,0,0,0,0,0,0,0,0,0,0,5,0,0.453,,,,,0.402,,,,,,,,,,0.034,,0.017,,,,,,,,,,,,,,,,,0,4.0,0.428,89.5,3.0
1209,Low,RPath,1126,3.0,1.0,0.385,3.0,1.155,0.010948905109489052,4.0,0.385,274.0,56,3,3,12.0,sidewalks,270.586,CON,1,2,0,1,2,0,1,2,0,0,0,0,1,2,0,0,0,0,0,0,0,0,0,0,5,0,0,2,0,0,0,1,2,2,0,0,0,0,0,0,0,0,0,0,1,2,0,0,1,0,1,2,0,5,0,4,0,1,0,0,0,0,0,0,0,0,0,0,0,0,0,0,0,1,2,0,0,0,0,0,0,0,0,3,1,1,1,0,0,0,0,0,0,1,0,0,5,0,0.389,0.077,,0.033,0.005,0.268,,,,,,,,,,,0.005,,,,,,,,,,,,,,,,,,0,4.0,0.385,274.0,3.0
1210,Low,RPath,1153,3.0,1.0,0.355,3.0,1.065,0.034642032332563515,4.0,0.355,86.6,65,4,3,12.0,sidewalks,86.572,CON,1,2,2,0,0,0,0,0,0,0,0,0,1,2,2,1,2,2,0,0,0,1,2,0,0,0,0,0,0,0,0,1,2,0,1,2,2,0,0,0,1,2,0,0,1,0,0,0,1,0,1,2,2,5,5,0,3,0,1,0,0,1,2,0,1,0,0,1,2,0,1,0,0,1,0,0,1,0,0,0,0,0,0,3,1,0,1,0,0,0,0,0,0,0,0,0,0,0,0.433,,,,0.104,0.329,,,,,,,,,,,,,,,,,,,,,,,,,,,,,0,4.0,0.355,86.6,3.0
1211,Low,RPath,1156,3.0,1.0,0.37,3.0,1.1099999999999999,0.12345679012345678,4.0,0.37,24.3,64,4,3,12.0,sidewalks,24.959,CON,1,2,2,0,0,0,0,0,0,0,0,0,1,2,2,1,2,2,0,0,0,1,2,0,0,0,0,0,0,0,0,1,2,0,1,2,2,0,0,0,1,2,2,0,1,2,0,0,1,0,1,2,2,5,5,0,0,0,1,0,0,1,2,0,1,0,0,1,0,0,1,0,0,1,0,0,1,0,0,0,0,0,0,3,1,0,1,0,0,0,0,0,0,0,0,0,0,0,0.37,,,,,0.37,,,,,,,,,,,,,,,,,,,,,,,,,,,,,0,4.0,0.37,24.3,3.0
1212,Low,RPath,1290,3.0,1.0,0.295,3.0,0.885,0.01723147616312464,4.0,0.295,174.1,59,3,3,12.0,sidewalks,171.112,CON,1,2,2,1,2,0,1,0,0,0,0,0,1,2,2,0,0,0,0,0,0,0,0,0,0,5,0,2,0,0,0,0,0,0,1,2,0,0,0,0,0,0,0,0,0,0,0,0,1,1,1,2,2,5,0,0,3,1,0,0,0,0,0,0,0,0,0,0,0,0,0,0,0,1,2,0,1,2,2,0,0,0,0,3,1,1,1,0,0,0,0,0,0,0,0,0,5,0,0.327,0.052,,,0.026,0.164,0.069,,,,,0.017,,,,,,,,,,,,,,,,,,,,,,,0,4.0,0.295,174.1,3.0
1213,Low,RPath,1335,3.0,1.0,0.469,3.0,1.407,0.007244626901714561,4.0,0.469,414.1,59,3,3,12.0,sidewalks,206.638,HMAC,1,2,0,1,2,0,0,0,0,0,0,0,1,0,0,1,2,0,0,0,0,0,0,0,5,0,0,0,0,0,0,0,0,0,1,2,2,0,0,0,0,0,0,0,1,2,2,0,0,0,1,2,2,5,5,0,3,1,0,0,0,0,0,0,0,0,0,0,0,0,1,0,0,1,0,0,1,0,0,0,0,0,5,0,1,0,0,1,0,0,0,0,0,0,0,0,5,0,0.471,,,,,0.464,,,,,,,,,,0.004,0.004,,,,,,,,,,,,,,,,,,1,4.0,0.469,414.1,13.0
1214,Low,RPath,1345,3.0,1.0,0.273,3.0,0.8190000000000001,0.038265306122448974,4.0,0.273,78.4,52,3,3,12.0,sidewalks,80.132,CON,1,2,2,1,2,2,1,2,2,0,0,0,0,0,0,0,0,0,0,0,0,0,0,0,0,5,0,2,0,0,0,0,0,0,1,2,0,0,0,0,0,0,0,5,1,0,0,0,0,0,1,2,0,0,0,0,3,1,0,0,0,0,0,0,0,0,0,0,0,0,1,0,0,0,0,0,1,2,0,0,0,0,0,3,1,0,1,0,0,0,0,0,0,0,0,0,5,0,0.287,,,,0.019,0.268,,,,,,,,,,,,,,,,,,,,,,,,,,,,,0,4.0,0.273,78.4,3.0
1215,Low,RPath,1563,3.0,1.0,0.361,3.0,1.083,0.24193548387096772,4.0,0.361,12.4,52,3,3,12.0,sidewalks,8.44,CON,1,0,0,0,0,0,0,0,0,1,2,0,0,0,0,1,0,0,0,0,0,0,0,0,5,0,0,2,0,0,0,0,0,0,1,2,2,0,0,0,1,2,2,0,1,0,0,0,1,0,1,2,2,5,0,0,3,1,0,0,0,0,0,0,1,2,2,0,0,0,0,0,0,0,0,0,1,0,0,0,0,0,0,0,1,1,1,0,0,0,0,0,0,0,0,0,5,0,0.361,,,,,0.361,,,,,,,,,,,,,,,,,,,,,,,,,,,,,0,4.0,0.361,12.4,3.0
1216,Low,RPath,536,3.0,1.0,0.3,3.0,0.8999999999999999,0.02727272727272727,4.0,0.3,110.0,65,4,3,12.0,sidewalks,55.674,CON,1,2,0,0,0,0,0,0,0,1,2,0,1,0,0,0,0,0,0,0,0,1,0,0,5,0,0,0,1,2,2,1,2,0,1,2,0,0,0,0,1,2,2,5,1,2,0,0,1,1,1,2,2,0,0,0,0,1,1,0,0,0,0,0,1,2,0,0,0,0,0,0,0,1,0,0,1,0,0,0,0,0,0,3,1,1,1,1,2,0,0,0,0,0,0,0,5,0,0.314,0.123,,,,0.164,,,,,,,,,,0.014,,0.014,,,,,,,,,,,,,,,,,0,4.0,0.3,110.0,3.0
1217,Low,RPath,270,3.0,1.0,0.308,3.0,0.9239999999999999,0.014326647564469913,4.0,0.308,209.4,55,3,3,12.0,sidewalks,87.0,HMAC,1,2,0,0,0,0,0,0,0,0,0,0,1,2,2,0,0,0,0,0,0,0,0,0,0,0,3,0,1,2,2,0,0,0,0,0,0,0,0,0,0,0,0,0,1,2,0,0,0,0,1,2,0,0,5,0,0,1,1,2,0,1,0,0,1,2,0,0,0,0,0,0,0,1,0,0,1,2,2,1,0,0,0,0,1,1,1,1,2,2,0,0,0,0,0,0,5,0,0.416,,0.014,,0.143,0.215,,,,,,,0.029,,,,0.007,,0.007,,,,,,,,,,,,,,,,0,4.0,0.308,209.4,3.0
1218,Low,RPath,1462,3.0,1.0,0.341,3.0,1.0230000000000001,0.034129692832764506,4.0,0.341,87.9,59,3,3,12.0,walkways,87.923,HMAC,1,2,0,1,2,0,0,0,0,1,0,0,1,2,2,0,0,0,0,0,0,0,0,0,0,5,0,2,0,0,0,0,0,0,1,2,2,0,0,0,1,2,0,0,0,0,0,0,1,0,1,2,0,5,0,0,3,1,0,0,0,0,0,0,0,0,0,0,0,0,0,0,0,1,2,0,0,0,0,0,0,0,5,3,1,1,1,0,0,0,0,0,0,0,0,0,5,0,0.341,,,,,0.017,,,0.222,,,,0.102,,,,,,,,,,,,,,,,,,,,,,0,4.0,0.341,87.9,3.0
1219,Low,RPath,1493,3.0,1.0,0.413,3.0,1.2389999999999999,0.06880733944954129,4.0,0.413,43.6,49,3,3,12.0,walkways,43.594,SS,1,2,0,1,2,2,1,0,0,0,0,0,1,2,2,0,0,0,0,0,0,0,0,0,0,5,0,2,0,0,0,0,0,0,1,2,0,0,0,0,0,0,0,0,0,0,0,0,1,1,1,2,2,5,0,0,3,1,0,0,0,0,0,0,0,0,0,0,0,0,0,0,0,1,0,0,0,0,0,0,0,0,0,0,1,1,1,0,0,0,0,0,0,0,0,0,5,0,0.413,,,,,,,,,,,,,,,,,,,,,,,,,,,,0.413,,,,,,0,4.0,0.413,43.6,3.0
1220,Low,RPath,1550,3.0,1.0,0.286,3.0,0.8579999999999999,0.05714285714285714,4.0,0.286,52.5,56,3,3,12.0,walkways,52.476,HMAC,1,2,2,1,2,0,1,2,0,0,0,0,1,2,2,1,2,0,0,0,0,0,0,0,0,5,0,2,0,0,0,0,0,0,1,2,0,0,0,0,1,0,0,0,1,0,0,0,0,0,1,2,0,0,0,0,0,1,0,0,0,0,0,0,0,0,0,0,0,0,0,0,0,1,2,0,1,2,2,0,0,0,5,3,0,0,0,0,0,0,0,0,0,0,0,0,5,0,0.286,,,,,0.257,,,0.029,,,,,,,,,,,,,,,,,,,,,,,,,,0,4.0,0.286,52.5,3.0
1221,Low,RPath,1552,3.0,1.0,0.363,3.0,1.089,0.09063444108761329,4.0,0.363,33.1,61,3,3,12.0,walkways,33.093,HMAC,1,2,2,1,0,0,0,0,0,0,0,0,1,0,0,0,0,0,0,0,0,0,0,0,0,5,0,2,0,0,0,1,0,0,1,2,2,1,0,0,1,2,2,0,1,0,0,0,1,0,1,2,2,5,0,4,0,0,0,0,0,0,0,0,0,0,0,0,0,0,0,0,0,1,2,2,1,2,0,0,0,0,0,3,1,1,1,0,0,0,0,0,0,0,0,0,5,0,0.363,,,,,0.317,,,0.045,,,,,,,,,,,,,,,,,,,,,,,,,,0,4.0,0.363,33.1,3.0
1222,Low,RPath,276,1.0,3.0,0.034,3.0,0.034,0.029791459781529295,2.0,0.034,100.7,23,1,1,2.0,sidewalks,103.008,CON,1,2,2,0,0,0,0,0,0,0,0,0,0,0,0,0,0,0,0,0,0,0,0,0,0,0,0,2,0,0,0,1,2,0,0,0,0,1,2,0,0,0,0,0,0,0,0,0,0,0,0,0,0,0,0,0,0,1,0,0,0,0,0,0,0,0,0,0,0,0,0,0,0,1,0,0,0,0,0,0,0,0,0,0,1,1,1,0,0,0,0,0,0,0,0,0,5,0,0.119,,,,0.104,,,,,,,,,,,0.015,,,,,,,,,,,,,,,,,,,0,2.0,0.034,100.7,3.0
1223,Low,RPath,297,1.0,3.0,0.063,3.0,0.063,0.007610350076103501,2.0,0.063,394.2,25,1,1,2.0,sidewalks,394.206,CON,1,2,0,0,0,0,0,0,0,0,0,0,1,2,0,1,0,0,0,0,0,0,0,0,0,0,0,0,0,0,0,0,0,0,1,2,2,0,0,0,0,0,0,0,0,0,0,0,0,0,1,2,2,0,5,0,0,0,0,0,0,0,0,0,0,0,0,0,0,0,0,0,0,0,0,0,0,0,0,0,0,0,0,0,1,1,1,0,0,0,0,0,0,0,0,0,0,0,0.202,,,0.004,0.057,0.004,,,,0.004,,,,0.114,0.004,0.015,,,,,,,,,,,,,,,,,,,0,2.0,0.063,394.2,3.0
1224,Low,RPath,372,1.0,3.0,0.054,3.0,0.054,0.0076084199847831595,2.0,0.054,394.3,24,1,1,2.0,sidewalks,394.262,CON,1,2,0,0,0,0,1,0,0,0,0,0,1,0,0,1,0,0,0,0,0,0,0,0,0,0,0,0,0,0,0,0,0,0,1,2,2,0,0,0,0,0,0,0,0,0,0,0,0,0,1,2,2,0,5,0,0,0,0,0,0,0,0,0,0,0,0,0,0,0,0,0,0,0,0,0,0,0,0,0,0,0,0,0,1,1,1,0,0,0,0,0,0,0,0,0,0,0,0.156,,,,0.027,0.004,,,,0.023,,,,0.076,,0.015,0.011,,,,,,,,,,,,,,,,,,0,2.0,0.054,394.3,3.0
1225,Low,RPath,421,1.0,3.0,0.093,3.0,0.093,0.030991735537190084,2.0,0.093,96.8,27,1,1,2.0,sidewalks,96.79,HMAC,1,2,2,0,0,0,0,0,0,0,0,0,1,2,0,0,0,0,0,0,0,0,0,0,0,0,3,0,0,0,0,0,0,0,0,0,0,0,0,0,0,0,0,0,0,0,0,0,0,0,1,2,0,0,0,0,0,1,0,0,0,0,0,0,1,0,0,0,0,0,0,0,0,0,0,0,0,0,0,0,0,0,0,0,1,1,1,1,2,0,0,0,0,0,0,0,5,0,0.232,,,,0.186,0.046,,,,,,,,,,,,,,,,,,,,,,,,,,,,,0,2.0,0.093,96.8,3.0
1226,Low,RPath,1014,1.0,3.0,0.015,3.0,0.015,0.020066889632107024,2.0,0.015,149.5,24,1,1,2.0,sidewalks,150.76,CON,1,2,2,0,0,0,0,0,0,0,0,0,1,0,0,0,0,0,0,0,0,0,0,0,0,0,0,2,0,0,0,0,0,0,0,0,0,0,0,0,0,0,0,0,0,0,0,0,0,0,0,0,0,0,0,0,0,1,0,0,0,0,0,0,0,0,0,0,0,0,0,0,0,1,2,2,0,0,0,0,0,0,0,3,1,1,0,0,0,0,0,0,0,0,0,0,5,0,0.03,,,0.01,0.02,,,,,,,,,,,,,,,,,,,,,,,,,,,,,,0,2.0,0.015,149.5,3.0
1227,Low,RPath,1016,1.0,3.0,0.075,3.0,0.075,0.07537688442211056,2.0,0.075,39.8,22,1,1,2.0,sidewalks,32.917,CON,1,2,0,0,0,0,0,0,0,0,0,0,1,0,0,0,0,0,0,0,0,0,0,0,0,0,0,2,0,0,0,0,0,0,0,0,0,0,0,0,0,0,0,0,0,0,0,0,0,0,0,0,0,0,0,0,0,1,0,0,0,0,0,0,0,0,0,0,0,0,0,0,0,1,2,2,0,0,0,0,0,0,0,3,1,1,0,0,0,0,0,0,0,0,0,0,5,0,0.301,,,,0.301,,,,,,,,,,,,,,,,,,,,,,,,,,,,,,0,2.0,0.075,39.8,3.0
1228,Low,RPath,1019,1.0,3.0,0.056,3.0,0.056,0.11235955056179775,2.0,0.056,26.7,28,2,1,2.0,sidewalks,26.162,CON,1,2,2,1,0,0,0,0,0,0,0,0,1,2,0,0,0,0,0,0,0,0,0,0,0,0,0,2,0,0,0,0,0,0,0,0,0,0,0,0,0,0,0,0,0,0,0,0,0,0,0,0,0,0,0,0,0,1,0,0,0,0,0,0,0,0,0,0,0,0,0,0,0,1,2,0,0,0,0,0,0,0,5,0,1,1,1,0,0,0,0,0,0,0,0,0,5,0,0.225,,,,,,,,,,,,,0.225,,,,,,,,,,,,,,,,,,,,,0,2.0,0.056,26.7,3.0
1229,Low,RPath,1046,1.0,3.0,0.015,3.0,0.015,0.03968253968253969,2.0,0.015,75.6,27,1,1,2.0,sidewalks,75.685,CON,1,2,0,0,0,0,0,0,0,0,0,0,0,0,0,0,0,0,0,0,0,0,0,0,0,0,0,2,0,0,0,0,0,0,0,0,0,0,0,0,0,0,0,0,0,0,0,0,0,0,1,2,2,0,0,0,0,1,0,0,0,0,0,0,0,0,0,0,0,0,0,0,0,1,2,0,0,0,0,0,0,0,5,0,1,1,1,0,0,0,0,0,0,0,0,0,5,0,0.059,,,,0.059,,,,,,,,,,,,,,,,,,,,,,,,,,,,,,0,2.0,0.015,75.6,3.0
1230,Low,RPath,1047,1.0,3.0,0.048,3.0,0.048,0.013215859030837005,2.0,0.048,227.0,29,2,1,2.0,sidewalks,226.544,CON,1,2,2,1,0,0,0,0,0,0,0,0,0,0,0,0,0,0,0,0,0,0,0,0,0,0,0,2,0,0,0,0,0,0,1,0,0,0,0,0,0,0,0,0,0,0,0,0,0,0,1,2,2,0,0,0,0,1,0,0,0,0,0,0,0,0,0,0,0,0,0,0,0,1,0,0,0,0,0,0,0,0,5,0,1,1,1,0,0,0,0,0,0,0,0,0,5,0,0.073,0.02,,,0.033,0.02,,,,,,,,,,,,,,,,,,,,,,,,,,,,,0,2.0,0.048,227.0,3.0
1231,Low,RPath,1060,1.0,3.0,0.028,3.0,0.028,0.03694581280788177,2.0,0.028,81.2,27,1,1,2.0,sidewalks,75.43,CON,1,2,0,1,2,0,1,2,0,0,0,0,0,0,0,0,0,0,0,0,0,0,0,0,0,0,0,2,0,0,0,0,0,0,0,0,0,0,0,0,0,0,0,0,0,0,0,0,0,0,1,2,2,0,0,0,0,1,0,0,0,0,0,0,0,0,0,0,0,0,0,0,0,0,0,0,0,0,0,0,0,0,0,3,1,1,0,0,0,0,0,0,0,0,0,0,5,0,0.111,,,,,,,,,,,,,0.111,,,,,,,,,,,,,,,,,,,,,0,2.0,0.028,81.2,3.0
1232,Low,RPath,1127,1.0,3.0,0.011,3.0,0.011,0.04491017964071856,2.0,0.011,66.8,26,1,1,2.0,sidewalks,66.595,CON,1,0,0,1,0,0,1,0,0,0,0,0,1,2,2,0,0,0,0,0,0,0,0,0,0,0,0,2,0,0,0,1,0,0,0,0,0,0,0,0,0,0,0,0,0,0,0,0,0,0,0,0,0,0,0,0,0,1,0,0,0,0,0,0,0,0,0,0,0,0,0,0,0,1,2,0,0,0,0,0,0,0,0,3,1,1,1,0,0,0,0,0,0,0,0,0,5,0,0.045,,,,0.045,,,,,,,,,,,,,,,,,,,,,,,,,,,,,,0,2.0,0.011,66.8,3.0
1233,Low,RPath,1131,1.0,3.0,0.045,3.0,0.045,0.014506769825918761,2.0,0.045,206.8,29,2,1,2.0,sidewalks,206.505,CON,1,2,0,0,0,0,0,0,0,0,0,0,1,2,2,0,0,0,0,0,0,0,0,0,0,0,0,2,0,0,0,0,0,0,0,0,0,0,0,0,0,0,0,0,0,0,0,0,0,0,0,0,0,0,0,0,0,1,0,0,0,0,0,0,0,0,0,1,0,0,0,0,0,1,2,0,0,0,0,0,0,0,0,3,1,1,1,0,0,0,0,0,0,0,0,0,5,3,0.051,,,,0.007,0.044,,,,,,,,,,,,,,,,,,,,,,,,,,,,,0,2.0,0.045,206.8,3.0
1234,Low,RPath,1217,1.0,3.0,0.037,3.0,0.037,0.07444168734491316,2.0,0.037,40.3,25,1,1,2.0,sidewalks,40.317,HMAC,1,2,2,0,0,0,0,0,0,0,0,0,0,0,0,0,0,0,0,0,0,0,0,0,0,0,0,0,0,0,0,0,0,0,1,2,0,0,0,0,0,0,0,0,1,0,0,0,0,0,0,0,0,0,5,0,0,0,0,0,0,0,0,0,0,0,0,0,0,0,0,0,0,0,0,0,1,2,0,0,0,0,0,0,1,1,1,0,0,0,0,0,0,0,0,0,5,0,0.037,0.037,,,,,,,,,,,,,,,,,,,,,,,,,,,,,,,,,1,2.0,0.037,40.3,13.0
1235,Low,RPath,1248,1.0,3.0,0.015,3.0,0.015,0.008386916410399776,2.0,0.015,357.7,19,1,1,2.0,sidewalks,357.232,CON,1,2,0,0,0,0,0,0,0,0,0,0,0,0,0,0,0,0,0,0,0,0,0,0,0,0,0,2,0,0,0,0,0,0,0,0,0,1,2,2,0,0,0,0,0,0,0,0,0,0,0,0,0,0,0,0,0,1,0,0,0,0,0,0,0,0,0,0,0,0,0,0,0,0,0,0,0,0,0,0,0,0,0,0,1,1,1,0,0,0,0,0,0,0,0,0,5,0,0.034,,,,0.025,0.008,,,,,,,,,,,,,,,,,,,,,,,,,,,,,0,2.0,0.015,357.7,3.0
1236,Low,RPath,1250,1.0,3.0,0.027,3.0,0.027,0.05454545454545454,2.0,0.027,55.0,24,1,1,2.0,sidewalks,52.433,CON,1,0,0,0,0,0,0,0,0,0,0,0,1,0,0,0,0,0,1,0,0,0,0,0,0,0,3,0,0,0,0,0,0,0,1,0,0,0,0,0,0,0,0,0,1,0,0,0,0,0,1,0,0,0,0,0,3,1,0,0,0,0,0,0,0,0,0,0,0,0,0,0,0,0,0,0,1,0,0,1,0,0,0,0,1,1,1,0,0,0,0,0,0,1,0,0,5,0,0.027,,,,,0.027,,,,,,,,,,,,,,,,,,,,,,,,,,,,,0,2.0,0.027,55.0,3.0
1237,Low,RPath,1297,1.0,3.0,0.015,3.0,0.015,0.05917159763313609,2.0,0.015,50.7,25,1,1,2.0,sidewalks,44.755,CON,1,2,0,0,0,0,0,0,0,0,0,0,0,0,0,0,0,0,0,0,0,0,0,0,0,0,0,2,0,0,0,0,0,0,0,0,0,0,0,0,0,0,0,0,0,0,0,0,1,0,1,2,0,0,0,0,3,1,0,0,0,0,0,0,0,0,0,0,0,0,0,0,0,1,0,0,0,0,0,0,0,0,0,0,1,1,1,0,0,0,0,0,0,0,0,0,5,3,0.03,,,,,,,,,,,,,,,0.03,,,,,,,,,,,,,,,,,,,0,2.0,0.015,50.7,3.0
1238,Low,RPath,1300,1.0,3.0,0.013,3.0,0.013,0.03355704697986577,2.0,0.013,89.4,27,1,1,2.0,sidewalks,86.226,CON,1,2,0,0,0,0,0,0,0,0,0,0,0,0,0,0,0,0,0,0,0,0,0,0,0,0,0,2,0,0,0,0,0,0,0,0,0,0,0,0,0,0,0,0,0,0,0,0,1,0,1,2,0,0,0,0,3,1,0,0,0,0,0,0,0,0,0,0,0,0,0,0,0,1,2,0,0,0,0,0,0,0,0,3,1,1,1,0,0,0,0,0,0,0,0,0,5,0,0.05,,,,0.05,,,,,,,,,,,,,,,,,,,,,,,,,,,,,,0,2.0,0.013,89.4,3.0
1239,Low,RPath,1303,1.0,3.0,0.062,3.0,0.062,0.07075471698113207,2.0,0.062,42.4,27,1,1,2.0,sidewalks,42.004,CON,1,2,0,0,0,0,0,0,0,0,0,0,0,0,0,0,0,0,0,0,0,0,0,0,0,0,0,2,0,0,0,0,0,0,0,0,0,0,0,0,0,0,0,0,0,0,0,0,1,0,1,2,0,0,0,0,3,1,0,0,0,0,0,0,0,0,0,0,0,0,0,0,0,1,2,0,0,0,0,0,0,0,0,3,1,1,1,0,0,0,0,0,0,0,0,0,5,0,0.106,,,,0.035,0.035,,,,,,,,,,0.035,,,,,,,,,,,,,,,,,,,0,2.0,0.062,42.4,3.0
1240,Low,RPath,1318,1.0,3.0,0.016,3.0,0.016,0.03257328990228013,2.0,0.016,92.1,22,1,1,2.0,sidewalks,90.623,CON,0,0,0,0,0,0,0,0,0,0,0,0,0,0,0,0,0,0,0,0,0,0,0,0,0,0,0,2,0,0,0,0,0,0,0,0,0,1,2,0,0,0,0,0,0,0,0,0,0,0,1,2,2,0,0,0,3,1,0,0,0,0,0,0,0,0,0,0,0,0,0,0,0,0,0,0,0,0,0,0,0,0,0,0,1,1,1,0,0,0,0,0,0,0,0,0,5,0,0.049,,,,0.033,,,,,,,,,,,0.016,,,,,,,,,,,,,,,,,,,0,2.0,0.016,92.1,3.0
1241,Low,RPath,1319,1.0,3.0,0.013,3.0,0.013,0.03525264394829612,2.0,0.013,85.1,23,1,1,2.0,sidewalks,82.98,CON,0,0,0,0,0,0,0,0,0,0,0,0,0,0,0,0,0,0,0,0,0,0,0,0,0,0,0,2,0,0,0,1,0,0,0,0,0,1,2,0,0,0,0,0,0,0,0,0,0,0,1,2,2,0,0,0,3,1,0,0,0,0,0,0,0,0,0,0,0,0,0,0,0,0,0,0,0,0,0,0,0,0,0,0,1,1,1,0,0,0,0,0,0,0,0,0,5,0,0.053,,,,0.053,,,,,,,,,,,,,,,,,,,,,,,,,,,,,,0,2.0,0.013,85.1,3.0
1242,Low,RPath,1328,1.0,3.0,0.019,3.0,0.019,0.07556675062972291,2.0,0.019,39.7,27,1,1,2.0,sidewalks,26.799,CON,1,0,0,0,0,0,0,0,0,0,0,0,0,0,0,0,0,0,0,0,0,0,0,0,0,0,0,2,0,0,0,1,0,0,0,0,0,1,2,2,0,0,0,0,1,0,0,0,0,0,1,2,2,0,0,0,3,1,0,0,0,0,0,0,0,0,0,0,0,0,0,0,0,0,0,0,0,0,0,0,0,0,0,0,1,1,1,0,0,0,0,0,0,0,0,0,5,0,0.038,,,,,,,,,,,,,,,0.038,,,,,,,,,,,,,,,,,,,0,2.0,0.019,39.7,3.0
1243,Low,RPath,1329,1.0,3.0,0.02,3.0,0.02,0.07874015748031496,2.0,0.02,38.1,26,1,1,2.0,sidewalks,35.766,CON,1,0,0,0,0,0,0,0,0,0,0,0,0,0,0,0,0,0,0,0,0,0,0,0,0,0,0,2,0,0,0,1,0,0,0,0,0,1,2,0,0,0,0,0,1,0,0,0,0,0,1,2,2,0,0,0,3,1,0,0,0,0,0,0,0,0,0,0,0,0,0,0,0,1,0,0,0,0,0,0,0,0,0,0,1,1,1,0,0,0,0,0,0,0,0,0,5,0,0.079,,,,0.079,,,,,,,,,,,,,,,,,,,,,,,,,,,,,,0,2.0,0.02,38.1,3.0
1244,Low,RPath,1558,1.0,3.0,0.023,3.0,0.023,0.01858736059479554,2.0,0.023,161.4,29,2,1,2.0,sidewalks,159.505,CON,1,2,2,1,0,0,1,0,0,0,0,0,0,0,0,0,0,0,0,0,0,0,0,0,0,0,0,2,0,0,0,0,0,0,1,2,0,0,0,0,0,0,0,0,0,0,0,0,1,0,1,2,0,0,0,0,0,1,0,0,0,0,0,0,0,0,0,0,0,0,0,0,0,0,0,0,1,0,0,0,0,0,0,3,1,1,1,0,0,0,0,0,0,0,0,0,5,0,0.093,,,,0.093,,,,,,,,,,,,,,,,,,,,,,,,,,,,,,0,2.0,0.023,161.4,3.0
1245,Low,RPath,1559,1.0,3.0,0.028,3.0,0.028,0.03783102143757881,2.0,0.028,79.3,28,2,1,2.0,sidewalks,77.035,CON,1,2,2,1,0,0,1,0,0,0,0,0,0,0,0,0,0,0,0,0,0,0,0,0,0,0,0,2,0,0,0,0,0,0,1,2,0,0,0,0,0,0,0,0,0,0,0,0,1,0,1,2,0,0,0,0,0,1,0,0,0,0,0,0,0,0,0,0,0,0,0,0,0,0,0,0,0,0,0,0,0,0,0,3,1,1,1,0,0,0,0,0,0,0,0,0,5,0,0.113,,,,0.113,,,,,,,,,,,,,,,,,,,,,,,,,,,,,,0,2.0,0.028,79.3,3.0
1246,Low,RPath,1565,1.0,3.0,0.018,3.0,0.018,0.07246376811594203,2.0,0.018,41.4,24,1,1,2.0,sidewalks,42.055,CON,1,2,0,0,0,0,0,0,0,0,0,0,0,0,0,0,0,0,0,0,0,0,0,0,0,0,0,2,0,0,0,0,0,0,0,0,0,0,0,0,0,0,0,0,0,0,0,0,0,0,1,0,0,0,0,0,3,1,0,0,0,0,0,0,0,0,0,0,0,0,0,0,0,1,2,2,0,0,0,0,0,0,0,3,1,1,1,0,0,0,0,0,0,0,0,0,0,3,0.036,,,,,,,,,,,,,,,0.036,,,,,,,,,,,,,,,,,,,0,2.0,0.018,41.4,3.0
1247,Low,RPath,1619,1.0,3.0,0.018,3.0,0.018,0.029585798816568046,2.0,0.018,101.4,16,1,1,2.0,sidewalks,99.792,CON,1,2,0,0,0,0,0,0,0,0,0,0,0,0,0,0,0,0,0,0,0,0,0,0,0,0,0,2,0,0,0,0,0,0,0,0,0,0,0,0,0,0,0,0,0,0,0,0,0,0,1,0,0,0,0,0,0,1,0,0,0,0,0,0,0,0,0,0,0,0,0,0,0,1,2,0,0,0,0,0,0,0,0,0,1,1,1,0,0,0,0,0,0,0,0,0,0,3,0.074,,,,0.074,,,,,,,,,,,,,,,,,,,,,,,,,,,,,,0,2.0,0.018,101.4,3.0
1248,Low,RPath,1620,1.0,3.0,0.045,3.0,0.045,0.03257328990228013,2.0,0.045,92.1,19,1,1,2.0,sidewalks,89.946,CON,1,2,0,0,0,0,0,0,0,0,0,0,0,0,0,0,0,0,0,0,0,0,0,0,0,0,0,2,0,0,0,0,0,0,0,0,0,0,0,0,0,0,0,0,0,0,0,0,0,0,0,0,0,0,0,0,3,0,0,0,0,0,0,0,0,0,0,0,0,0,0,0,0,1,2,2,0,0,0,0,0,0,0,0,1,1,1,0,0,0,0,0,0,0,0,0,0,3,0.081,,,,0.049,0.033,,,,,,,,,,,,,,,,,,,,,,,,,,,,,0,2.0,0.045,92.1,3.0
1249,Low,RPath,1427,1.0,3.0,0.063,3.0,0.063,0.050590219224283306,2.0,0.063,59.3,27,1,1,2.0,walkways,59.316,HMAC,1,2,2,0,0,0,0,0,0,0,0,0,1,0,0,0,0,0,0,0,0,0,0,0,0,0,0,2,0,0,0,0,0,0,0,0,0,0,0,0,0,0,0,0,0,0,0,0,1,0,1,2,2,0,0,0,0,1,0,0,0,0,0,0,0,0,0,0,0,0,0,0,0,1,2,0,0,0,0,0,0,0,0,3,0,1,0,0,0,0,0,0,0,0,0,0,5,0,0.177,,,,0.152,,,,,,,,0.025,,,,,,,,,,,,,,,,,,,,,,0,2.0,0.063,59.3,3.0
1250,Low,RPath,1523,1.0,3.0,0.063,3.0,0.063,0.02518891687657431,2.0,0.063,119.1,21,1,1,2.0,walkways,119.089,SS,1,2,0,1,2,0,1,2,0,0,0,0,0,0,0,0,0,0,0,0,0,0,0,0,0,0,0,2,0,0,0,0,0,0,1,0,0,0,0,0,0,0,0,0,0,0,0,0,0,0,0,0,0,0,0,0,0,1,0,0,0,0,0,0,0,0,0,0,0,0,0,0,0,0,0,0,0,0,0,0,0,0,0,0,1,1,1,0,0,0,0,0,0,0,0,0,5,0,0.063,,,,,,,,,,,,,,,,,,,0.013,,,,,,0.038,,,0.013,,,,,,0,2.0,0.063,119.1,3.0
1251,Low,RPath,1533,1.0,3.0,0.072,3.0,0.072,0.07228915662650602,2.0,0.072,41.5,25,1,1,2.0,walkways,41.539,HMAC,1,2,2,0,0,0,0,0,0,0,0,0,0,0,0,0,0,0,0,0,0,0,0,0,0,0,0,2,0,0,0,0,0,0,0,0,0,0,0,0,0,0,0,0,0,0,0,0,0,0,1,2,0,0,0,0,0,1,0,0,0,0,0,0,0,0,0,0,0,0,0,0,0,1,2,0,0,0,0,0,0,0,0,3,1,1,1,0,0,0,0,0,0,0,0,0,5,0,0.072,,,,,,,,,,,,,,,,,,,,,0.072,,,,,,,,,,,,,0,2.0,0.072,41.5,3.0
1252,Low,RPath,1534,1.0,3.0,0.1,3.0,0.1,0.027522935779816515,2.0,0.1,109.0,29,2,1,2.0,walkways,108.999,HMAC,1,2,2,0,0,0,0,0,0,0,0,0,0,0,0,0,0,0,0,0,0,0,0,0,0,0,0,2,0,0,0,0,0,0,0,0,0,0,0,0,0,0,0,0,0,0,0,0,1,0,1,2,0,0,0,0,0,1,0,0,0,0,0,0,0,0,0,0,0,0,0,0,0,1,2,0,0,0,0,0,0,0,0,3,1,1,1,0,0,0,0,0,0,0,0,0,5,3,0.11,,,0.014,0.014,,,,,,,,0.014,,,,,,0.014,,,0.055,,,,,,,,,,,,,0,2.0,0.1,109.0,3.0
1253,Low,RPath,46,2.0,1.0,0.306,2.0,0.612,0.011834319526627219,4.0,0.306,169.0,42,2,2,8.0,sidewalks,169.366,HMAC,1,2,2,1,0,0,1,0,0,0,0,0,1,2,0,1,2,0,0,0,0,0,0,0,0,0,0,2,0,0,0,1,2,0,1,2,0,0,0,0,0,0,0,0,0,0,0,0,0,0,1,2,0,0,0,0,0,1,0,0,0,0,0,0,0,0,0,1,0,0,0,0,0,1,0,0,1,0,0,0,0,0,5,3,1,0,0,0,0,0,0,0,0,0,0,0,5,0,0.346,,,,0.053,0.293,,,,,,,,,,,,,,,,,,,,,,,,,,,,,0,4.0,0.306,169.0,2.0
1254,Low,RPath,48,2.0,1.0,0.487,2.0,0.974,0.006823609689525759,4.0,0.487,293.1,42,2,2,8.0,sidewalks,293.121,HMAC,1,0,0,0,0,0,0,0,0,0,0,0,1,2,2,0,0,0,1,2,2,0,0,0,0,0,3,0,0,0,0,1,0,0,1,0,0,0,0,0,0,0,0,0,1,0,0,0,1,0,1,2,0,0,0,0,3,1,0,0,0,0,0,0,0,0,0,0,0,0,0,0,0,1,2,0,1,2,2,1,0,0,0,0,1,1,1,0,0,0,0,0,0,0,0,0,5,0,0.491,,,,,0.486,,,,,,0.005,,,,,,,,,,,,,,,,,,,,,,,0,4.0,0.487,293.1,2.0
1255,Low,RPath,63,2.0,1.0,0.265,2.0,0.53,0.012987012987012988,4.0,0.265,154.0,45,2,2,8.0,sidewalks,153.973,HMAC,1,2,0,1,0,0,0,0,0,0,0,0,1,2,0,0,0,0,0,0,0,0,0,0,0,0,0,2,0,0,0,0,0,0,1,2,0,0,0,0,0,0,0,5,1,0,0,0,0,0,1,2,0,0,0,0,0,1,0,0,0,0,0,0,1,0,0,1,2,0,1,2,0,0,0,0,1,2,0,0,0,0,5,3,0,0,0,0,0,0,0,0,0,0,0,0,5,0,0.351,,,,0.107,0.234,,,,,,,,,,0.01,,,,,,,,,,,,,,,,,,,0,4.0,0.265,154.0,2.0
1256,Low,RPath,111,2.0,1.0,0.286,2.0,0.572,0.020618556701030927,4.0,0.286,97.0,41,2,2,8.0,sidewalks,99.915,HMAC,1,2,0,0,0,0,0,0,0,0,0,0,1,2,0,1,2,0,0,0,0,0,0,0,0,0,3,0,1,2,0,0,0,0,1,0,0,0,0,0,0,0,0,0,1,2,0,0,0,0,1,0,0,0,0,0,0,1,0,0,0,0,0,0,1,2,2,0,0,0,0,0,0,1,0,0,1,2,0,0,0,0,0,0,1,1,1,1,2,0,0,0,0,0,0,0,5,0,0.387,,,,0.124,0.247,,,,,,,,,,,,0.015,,,,,,,,,,,,,,,,,0,4.0,0.286,97.0,2.0
1257,Low,RPath,172,2.0,1.0,0.261,2.0,0.522,0.020768431983385256,4.0,0.261,96.3,35,2,2,8.0,sidewalks,96.314,HMAC,1,2,2,0,0,0,0,0,0,0,0,0,1,2,2,0,0,0,0,0,0,0,0,0,0,0,3,0,1,0,0,0,0,0,0,0,0,0,0,0,0,0,0,0,0,0,0,0,0,0,1,2,0,0,0,0,0,1,0,0,0,0,0,0,1,2,0,0,0,0,0,0,0,0,0,0,1,0,0,0,0,0,0,0,1,1,1,1,2,2,0,0,0,0,0,0,5,0,0.483,,,,0.296,0.187,,,,,,,,,,,,,,,,,,,,,,,,,,,,,0,4.0,0.261,96.3,2.0
1258,Low,RPath,264,2.0,1.0,0.25,2.0,0.5,0.020242914979757085,4.0,0.25,98.8,43,2,2,8.0,sidewalks,98.493,HMAC,1,2,0,0,0,0,0,0,0,0,0,0,1,2,2,1,0,0,0,0,0,0,0,0,0,0,3,0,1,2,0,0,0,0,0,0,0,0,0,0,0,0,0,0,1,2,0,0,0,0,1,2,0,0,0,0,0,1,1,0,0,0,0,0,1,2,0,0,0,0,0,0,0,0,0,0,1,2,0,1,0,0,0,0,1,1,1,1,2,2,0,0,0,0,0,0,5,0,0.486,,,,0.303,0.121,,,,,,,,,,0.015,0.046,,,,,,,,,,,,,,,,,,0,4.0,0.25,98.8,2.0
1259,Low,RPath,332,2.0,1.0,0.349,2.0,0.698,0.033277870216306155,4.0,0.349,60.1,46,3,2,8.0,sidewalks,60.101,HMAC,1,2,2,1,2,0,0,0,0,0,0,0,1,2,2,0,0,0,0,0,0,0,0,0,0,5,0,2,0,0,0,0,0,0,1,0,0,0,0,0,0,0,0,0,0,0,0,0,1,1,1,2,2,5,0,0,3,1,0,0,0,0,0,0,0,0,0,0,0,0,0,0,0,0,0,0,1,0,0,0,0,0,0,0,1,1,1,0,0,0,0,0,0,0,0,0,5,0,0.349,,,,,0.324,,,,,,,,,,,,,0.025,,,,,,,,,,,,,,,,0,4.0,0.349,60.1,2.0
1260,Low,RPath,336,2.0,1.0,0.392,2.0,0.784,0.02680965147453083,4.0,0.392,74.6,48,3,2,8.0,sidewalks,74.571,HMAC,1,2,2,1,2,0,1,0,0,0,0,0,1,2,2,0,0,0,0,0,0,0,0,0,0,5,0,2,0,0,0,0,0,0,1,2,0,0,0,0,0,0,0,0,0,0,0,0,1,1,1,2,2,5,0,0,3,1,0,0,0,0,0,0,0,0,0,0,0,0,0,0,0,0,0,0,0,0,0,0,0,0,0,0,1,1,1,0,0,0,0,0,0,0,0,0,5,0,0.422,,,,,0.382,,,,0.04,,,,,,,,,,,,,,,,,,,,,,,,,0,4.0,0.392,74.6,2.0
1261,Low,RPath,393,2.0,1.0,0.334,2.0,0.668,0.013280212483399735,4.0,0.334,150.6,43,2,2,8.0,sidewalks,150.563,HMAC,1,2,0,0,0,0,0,0,0,0,0,0,1,2,2,0,0,0,0,0,0,0,0,0,0,0,0,2,0,0,0,0,0,0,1,2,0,0,0,0,0,0,0,5,1,0,0,0,0,0,1,2,0,0,0,0,0,1,0,0,0,0,0,0,1,0,0,1,0,0,1,0,0,1,0,0,1,2,0,0,0,0,5,3,0,0,0,0,0,0,0,0,0,0,0,0,5,0,0.458,,,,0.159,0.279,,,,,,,,,,0.01,,,0.01,,,,,,,,,,,,,,,,0,4.0,0.334,150.6,2.0
1262,Low,RPath,913,2.0,1.0,0.352,2.0,0.704,0.00894054537326777,4.0,0.352,223.7,42,2,2,8.0,sidewalks,224.319,HMAC,1,2,2,0,0,0,0,0,0,0,0,0,1,0,0,1,0,0,0,0,0,0,0,0,0,5,0,2,0,0,0,0,0,0,1,2,2,0,0,0,0,0,0,0,0,0,0,0,0,0,1,2,2,5,5,0,0,1,0,0,0,0,0,0,0,0,0,0,0,0,0,0,0,0,0,0,1,0,0,0,0,0,0,0,1,0,0,0,0,0,0,0,0,0,0,0,5,0,0.362,,,,,0.322,,,,,,,,,,0.013,0.02,0.007,,,,,,,,,,,,,,,,,0,4.0,0.352,223.7,2.0
1263,Low,RPath,1029,2.0,1.0,0.398,2.0,0.796,0.17699115044247787,4.0,0.398,11.3,47,3,2,8.0,sidewalks,9.601,CON,1,2,2,1,2,0,1,2,0,0,0,0,0,0,0,0,0,0,0,0,0,0,0,0,0,0,0,2,0,0,0,0,0,0,1,2,0,0,0,0,1,0,0,0,1,0,0,0,1,1,1,2,2,5,5,0,0,1,0,0,0,0,0,0,0,0,0,0,0,0,0,0,0,1,2,0,0,0,0,0,0,0,0,0,1,1,1,0,0,0,0,0,0,0,0,0,5,0,0.398,,,,,0.398,,,,,,,,,,,,,,,,,,,,,,,,,,,,,1,4.0,0.398,11.3,12.0
1264,Low,RPath,1281,2.0,1.0,0.279,2.0,0.558,0.040160642570281124,4.0,0.279,49.8,32,2,2,8.0,sidewalks,45.183,CON,1,2,0,0,0,0,0,0,0,1,2,0,0,0,0,0,0,0,0,0,0,0,0,0,0,0,0,0,0,0,0,1,2,0,1,2,0,0,0,0,1,2,2,0,1,0,0,0,1,0,1,2,2,0,0,0,0,0,0,0,0,0,0,0,0,0,0,0,0,0,0,0,0,0,0,0,0,0,0,0,0,0,0,0,1,1,1,0,0,0,0,0,0,0,0,0,5,0,0.301,0.121,,,,0.121,,,,,,,,0.03,,,0.03,,,,,,,,,,,,,,,,,,0,4.0,0.279,49.8,2.0
1265,Low,RPath,485,2.0,1.0,0.285,2.0,0.57,0.010851871947911014,4.0,0.285,184.3,42,2,2,8.0,sidewalks,78.03,HMAC,0,0,0,0,0,0,0,0,0,0,0,0,1,2,2,0,0,0,1,2,2,0,0,0,0,0,3,0,0,0,0,1,0,0,0,0,0,0,0,0,0,0,0,0,1,0,0,0,1,1,1,2,2,0,0,0,3,1,0,0,0,0,0,0,0,0,0,0,0,0,0,0,0,1,2,0,1,2,2,0,0,0,0,0,1,1,1,0,0,0,0,0,0,0,0,0,5,0,0.285,,,,,0.285,,,,,,,,,,,,,,,,,,,,,,,,,,,,,0,4.0,0.285,184.3,2.0
1266,Low,RPath,1362,2.0,1.0,0.251,2.0,0.502,0.02789400278940028,4.0,0.251,71.7,44,2,2,8.0,walkways,71.674,HMAC,1,2,2,1,2,0,1,2,0,0,0,0,1,2,0,1,2,0,0,0,0,1,2,0,0,0,0,2,0,0,0,1,0,0,1,2,2,0,0,0,0,0,0,0,0,0,0,0,0,0,1,2,0,0,0,0,0,1,0,0,0,0,0,0,0,0,0,0,0,0,0,0,0,1,0,0,1,2,0,0,0,0,0,0,1,1,1,0,0,0,0,0,0,0,0,0,5,0,0.251,,,,,0.23,,,,,,,,,,,,,0.021,,,,,,,,,,,,,,,,0,4.0,0.251,71.7,2.0
1267,Low,RPath,1365,2.0,1.0,0.432,2.0,0.864,0.024009603841536616,4.0,0.432,83.3,43,2,2,8.0,walkways,83.275,HMAC,1,2,2,1,2,2,1,2,0,0,0,0,1,2,0,0,0,0,0,0,0,0,0,0,0,0,0,2,0,0,0,1,0,0,1,0,0,0,0,0,0,0,0,0,1,0,0,0,0,0,1,2,0,0,0,0,0,1,0,0,0,0,0,0,1,0,0,0,0,0,0,0,0,1,2,0,1,2,0,0,0,0,0,3,1,1,1,0,0,0,0,0,0,0,0,0,5,0,0.432,,,,,0.396,,,,,,,0.018,,,,,,0.018,,,,,,,,,,,,,,,,0,4.0,0.432,83.3,2.0
1268,Low,RPath,1371,2.0,1.0,0.272,2.0,0.544,0.05181347150259067,4.0,0.272,38.6,47,3,2,8.0,walkways,38.085,HMAC,1,2,0,1,0,0,0,0,0,0,0,0,1,2,0,0,0,0,0,0,0,0,0,0,0,0,0,2,0,0,0,0,0,0,1,2,2,0,0,0,0,0,0,0,0,0,0,0,0,0,1,2,2,0,0,4,0,1,0,0,0,0,0,0,0,0,0,0,0,0,0,0,0,1,2,2,1,2,2,0,0,0,5,3,0,0,0,0,0,0,0,0,0,0,0,0,5,0,0.621,,,0.155,0.466,,,,,,,,,,,,,,,,,,,,,,,,,,,,,,0,4.0,0.272,38.6,2.0
1269,Low,RPath,1467,2.0,1.0,0.289,2.0,0.578,0.024038461538461536,4.0,0.289,83.2,38,2,2,8.0,walkways,83.159,HMAC,1,2,2,1,2,0,1,2,0,0,0,0,1,0,0,0,0,0,0,0,0,0,0,0,0,0,0,2,0,0,0,0,0,0,0,0,0,0,0,0,0,0,0,0,0,0,0,0,1,0,1,2,0,0,0,0,0,1,0,0,0,0,0,0,0,0,0,0,0,0,0,0,0,1,2,2,1,2,0,0,0,0,0,3,1,1,1,0,0,0,0,0,0,0,0,0,5,0,0.289,0.108,0.126,,,0.018,,,,,,,0.018,,,,,,0.018,,,,,,,,,,,,,,,,0,4.0,0.289,83.2,2.0
1270,Low,RPath,1470,2.0,1.0,0.301,2.0,0.602,0.02677376171352075,4.0,0.301,74.7,35,2,2,8.0,walkways,74.694,HMAC,1,2,2,1,0,0,1,0,0,0,0,0,0,0,0,0,0,0,0,0,0,0,0,0,0,5,0,2,0,0,0,0,0,0,0,0,0,0,0,0,0,0,0,0,0,0,0,0,1,0,1,2,0,0,0,0,0,1,0,0,0,0,0,0,0,0,0,0,0,0,0,0,0,1,2,2,0,0,0,0,0,0,5,0,1,0,0,0,0,0,0,0,0,0,0,0,5,0,0.301,,,0.241,,0.06,,,,,,,,,,,,,,,,,,,,,,,,,,,,,0,4.0,0.301,74.7,2.0
1271,Low,RPath,1479,2.0,1.0,0.312,2.0,0.624,0.027700831024930747,4.0,0.312,72.2,35,2,2,8.0,walkways,72.193,SS,1,2,2,1,0,0,1,0,0,0,0,0,1,2,0,0,0,0,0,0,0,0,0,0,0,5,0,2,0,0,0,0,0,0,0,0,0,0,0,0,0,0,0,0,0,0,0,0,1,0,1,2,2,0,0,0,0,1,0,0,0,0,0,0,0,0,0,0,0,0,0,0,0,1,0,0,1,0,0,0,0,0,0,3,0,0,0,1,0,0,0,0,0,0,0,0,5,0,0.312,,,,,,,,,,,,,,,,,,,,,,,,,0.042,,,0.27,,,,,,0,4.0,0.312,72.2,2.0
1272,Low,RPath,1490,2.0,1.0,0.277,2.0,0.554,0.02642007926023778,4.0,0.277,75.7,41,2,2,8.0,walkways,75.723,SS,1,2,2,1,0,0,1,0,0,1,2,0,1,2,0,0,0,0,0,0,0,0,0,0,0,0,0,2,0,0,0,0,0,0,1,0,0,0,0,0,0,0,0,0,1,0,0,0,1,0,1,2,0,0,0,0,0,1,0,0,0,0,0,0,0,0,0,0,0,0,0,0,0,1,2,2,0,0,0,0,0,0,5,3,0,1,0,0,0,0,0,0,0,0,0,0,5,0,0.277,,,,,,,,,,,,,,,,,,,,,,,,,,,,0.277,,,,,,0,4.0,0.277,75.7,2.0
1273,Low,RPath,1500,2.0,1.0,0.415,2.0,0.83,0.02631578947368421,4.0,0.415,76.0,34,2,2,8.0,walkways,75.962,HMAC,1,2,0,1,0,0,0,0,0,0,0,0,1,2,2,0,0,0,0,0,0,0,0,0,0,0,0,2,0,0,0,0,0,0,1,2,2,0,0,0,0,0,0,0,0,0,0,0,0,0,0,0,0,0,0,0,0,1,0,0,0,0,0,0,0,0,0,0,0,0,0,0,0,1,2,2,1,0,0,0,0,0,0,3,1,1,1,0,0,0,0,0,0,0,0,0,5,0,0.415,,,,,0.395,,,,,,,,,,,0.02,,,,,,,,,,,,,,,,,,0,4.0,0.415,76.0,2.0
1274,Low,RPath,1509,2.0,1.0,0.307,2.0,0.614,0.05115089514066496,4.0,0.307,39.1,38,2,2,8.0,walkways,39.122,HMAC,1,2,2,1,2,2,0,0,0,0,0,0,1,2,2,0,0,0,0,0,0,0,0,0,0,5,0,2,0,0,0,0,0,0,1,0,0,0,0,0,0,0,0,0,0,0,0,0,0,0,1,2,0,0,0,0,0,1,0,0,0,0,0,0,0,0,0,0,0,0,0,0,0,1,0,0,1,0,0,0,0,0,0,3,1,0,0,0,0,0,0,0,0,0,0,0,5,0,0.307,,,0.077,,,,,0.23,,,,,,,,,,,,,,,,,,,,,,,,,,0,4.0,0.307,39.1,2.0
1275,Low,RPath,107,1.0,2.0,0.236,2.0,0.236,0.02,3.0,0.236,100.0,28,2,1,3.0,sidewalks,99.954,HMAC,1,2,0,0,0,0,0,0,0,0,0,0,1,2,0,1,0,0,0,0,0,0,0,0,0,0,3,0,0,0,0,0,0,0,0,0,0,0,0,0,0,0,0,0,0,0,0,0,0,0,1,2,0,0,0,0,0,1,0,0,0,0,0,0,1,2,0,0,0,0,0,0,0,0,0,0,0,0,0,0,0,0,0,0,1,1,1,1,2,0,0,0,0,0,0,0,5,0,0.315,,,,0.105,0.18,,,0.03,,,,,,,,,,,,,,,,,,,,,,,,,,0,3.0,0.236,100.0,2.0
1276,Low,RPath,110,1.0,2.0,0.102,2.0,0.102,0.020080321285140562,3.0,0.102,99.6,23,1,1,3.0,sidewalks,99.548,HMAC,1,2,0,0,0,0,0,0,0,0,0,0,1,0,0,0,0,0,0,0,0,0,0,0,0,0,3,0,0,0,0,0,0,0,0,0,0,0,0,0,0,0,0,0,0,0,0,0,0,0,1,0,0,0,0,0,0,1,0,0,0,0,0,0,1,0,0,0,0,0,0,0,0,0,0,0,0,0,0,0,0,0,0,0,1,1,1,1,2,2,0,0,0,0,0,0,5,0,0.331,,,,0.286,,,,,,,,,,,0.015,0.015,0.015,,,,,,,,,,,,,,,,,0,3.0,0.102,99.6,2.0
1277,Low,RPath,174,1.0,2.0,0.128,2.0,0.128,0.020618556701030927,3.0,0.128,97.0,27,1,1,3.0,sidewalks,97.045,HMAC,1,2,2,0,0,0,0,0,0,0,0,0,1,2,0,0,0,0,0,0,0,0,0,0,0,0,3,0,0,0,0,0,0,0,0,0,0,0,0,0,0,0,0,0,0,0,0,0,0,0,1,2,0,0,0,0,0,1,0,0,0,0,0,0,1,0,0,0,0,0,0,0,0,0,0,0,0,0,0,0,0,0,0,0,1,1,1,1,2,0,0,0,0,0,0,0,5,0,0.278,,,,0.201,0.031,0.046,,,,,,,,,,,,,,,,,,,,,,,,,,,,0,3.0,0.128,97.0,2.0
1278,Low,RPath,175,1.0,2.0,0.125,2.0,0.125,0.021505376344086023,3.0,0.125,93.0,27,1,1,3.0,sidewalks,91.374,HMAC,1,2,2,0,0,0,0,0,0,0,0,0,1,2,0,0,0,0,0,0,0,0,0,0,0,0,3,0,0,0,0,0,0,0,0,0,0,0,0,0,0,0,0,0,0,0,0,0,0,0,1,2,0,0,0,0,0,1,0,0,0,0,0,0,1,0,0,0,0,0,0,0,0,0,0,0,0,0,0,0,0,0,0,0,1,1,1,1,2,0,0,0,0,0,0,0,5,0,0.323,,,,0.242,0.048,,,,,,,,,,,,0.032,,,,,,,,,,,,,,,,,0,3.0,0.125,93.0,2.0
1279,Low,RPath,1117,1.0,2.0,0.248,2.0,0.248,0.050890585241730284,3.0,0.248,39.3,28,2,1,3.0,sidewalks,36.603,CON,1,2,2,1,0,0,1,0,0,0,0,0,0,0,0,0,0,0,0,0,0,0,0,0,0,0,0,2,0,0,0,0,0,0,1,2,0,0,0,0,1,0,0,0,1,0,0,0,1,0,1,2,0,0,0,0,0,1,0,0,0,0,0,0,0,0,0,0,0,0,0,0,0,1,0,0,0,0,0,0,0,0,0,0,1,1,1,0,0,0,0,0,0,0,0,0,5,0,0.305,,,,0.076,0.229,,,,,,,,,,,,,,,,,,,,,,,,,,,,,0,3.0,0.248,39.3,2.0
1280,Low,RPath,1299,1.0,2.0,0.128,2.0,0.128,0.032520325203252036,3.0,0.128,61.5,28,2,1,3.0,sidewalks,57.567,CON,1,2,2,0,0,0,0,0,0,0,0,0,0,0,0,0,0,0,0,0,0,0,0,0,0,0,0,2,0,0,0,0,0,0,1,0,0,0,0,0,0,0,0,0,1,0,0,0,0,0,1,2,0,0,0,0,0,1,0,0,0,0,0,0,0,0,0,0,0,0,0,0,0,1,0,0,0,0,0,0,0,0,0,3,1,1,1,0,0,0,0,0,0,0,0,0,5,3,0.146,,,,0.024,0.122,,,,,,,,,,,,,,,,,,,,,,,,,,,,,0,3.0,0.128,61.5,2.0
1281,Low,RPath,1430,1.0,2.0,0.132,2.0,0.132,0.02512562814070352,3.0,0.132,79.6,22,1,1,3.0,walkways,79.553,SS,1,2,2,0,0,0,0,0,0,0,0,0,1,0,0,0,0,0,0,0,0,0,0,0,0,0,0,2,0,0,0,0,0,0,0,0,0,0,0,0,0,0,0,0,0,0,0,0,0,0,0,0,0,0,0,0,0,1,0,0,0,0,0,0,0,0,0,0,0,0,0,0,0,1,2,0,0,0,0,0,0,0,0,3,1,1,0,0,0,0,0,0,0,0,0,0,5,0,0.132,,,,,,,,,,,,,,,,,,,,,0.075,0.057,,,,,,,,,,,,0,3.0,0.132,79.6,2.0
1282,Low,RPath,1518,1.0,2.0,0.144,2.0,0.144,0.020202020202020204,3.0,0.144,99.0,29,2,1,3.0,walkways,98.987,SS,1,2,0,1,0,0,1,0,0,0,0,0,1,0,0,0,0,0,0,0,0,0,0,0,0,0,0,2,0,0,0,0,0,0,0,0,0,0,0,0,0,0,0,0,0,0,0,0,0,0,1,2,0,0,0,0,0,1,0,0,0,0,0,0,0,0,0,0,0,0,0,0,0,1,2,2,1,2,0,0,0,0,0,3,1,0,0,0,0,0,0,0,0,0,0,0,5,0,0.152,,,,,,,,,,,,,,,,,,,,,0.015,,0.015,,,,,0.121,,,,,,0,3.0,0.144,99.0,2.0
1283,Low,RPath,1524,1.0,2.0,0.145,2.0,0.145,0.01755926251097454,3.0,0.145,113.9,29,2,1,3.0,walkways,113.909,SS,1,2,2,1,2,0,1,2,0,0,0,0,0,0,0,0,0,0,0,0,0,0,0,0,0,0,0,2,0,0,0,0,0,0,1,0,0,0,0,0,0,0,0,0,0,0,0,0,0,0,0,0,0,0,0,0,3,1,0,0,0,0,0,0,0,0,0,0,0,0,0,0,0,0,0,0,0,0,0,0,0,0,0,3,1,1,1,0,0,0,0,0,0,0,0,0,5,0,0.145,,,,,,,,,,,,,,,,,,,0.026,,,,,,,,0.105,0.013,,,,,,0,3.0,0.145,113.9,2.0
1284,Low,RPath,1532,1.0,2.0,0.177,2.0,0.177,0.019704433497536946,3.0,0.177,101.5,29,2,1,3.0,walkways,101.464,SS,1,2,2,1,0,0,1,0,0,0,0,0,1,2,0,0,0,0,0,0,0,0,0,0,0,5,0,2,0,0,0,1,0,0,0,0,0,0,0,0,0,0,0,0,0,0,0,0,0,0,1,0,0,0,0,0,0,1,0,0,0,0,0,0,0,0,0,0,0,0,0,0,0,0,0,0,0,0,0,0,0,0,0,3,1,0,0,0,0,0,0,0,0,0,0,0,5,0,0.177,,,,,,,,,,,,,,,,,,,,,,,,,,,0.089,0.089,,,,,,0,3.0,0.177,101.5,2.0
1285,Low,RPath,109,1.0,1.0,0.292,1.0,0.292,0.010121457489878543,4.0,0.292,98.8,28,2,1,4.0,sidewalks,98.799,HMAC,1,2,0,0,0,0,0,0,0,0,0,0,1,2,0,1,0,0,0,0,0,0,0,0,0,0,3,0,0,0,0,0,0,0,0,0,0,0,0,0,0,0,0,0,0,0,0,0,0,0,1,0,0,0,0,0,0,1,0,0,0,0,0,0,1,2,0,0,0,0,0,0,0,0,0,0,0,0,0,0,0,0,0,0,1,1,1,1,2,2,0,0,0,0,0,0,5,0,0.486,,,0.03,0.258,0.182,,,,,,,,,,,,,0.015,,,,,,,,,,,,,,,,0,4.0,0.292,98.8,1.0
1286,Low,RPath,118,1.0,1.0,0.309,1.0,0.309,0.010298661174047374,4.0,0.309,97.1,24,1,1,4.0,sidewalks,97.098,HMAC,1,2,2,0,0,0,0,0,0,0,0,0,1,0,0,0,0,0,0,0,0,0,0,0,0,0,3,0,0,0,0,0,0,0,0,0,0,0,0,0,0,0,0,0,0,0,0,0,0,0,1,2,0,0,0,0,0,1,0,0,0,0,0,0,0,0,0,0,0,0,0,0,0,0,0,0,0,0,0,0,0,0,0,0,1,1,1,1,2,0,0,0,0,0,0,0,5,0,0.494,,,,0.247,0.247,,,,,,,,,,,,,,,,,,,,,,,,,,,,,0,4.0,0.309,97.1,1.0
1287,Low,RPath,424,1.0,1.0,0.258,1.0,0.258,0.0099601593625498,4.0,0.258,100.4,26,1,1,4.0,sidewalks,98.623,HMAC,1,2,2,0,0,0,0,0,0,0,0,0,1,0,0,1,0,0,0,0,0,0,0,0,0,0,3,0,0,0,0,0,0,0,0,0,0,0,0,0,0,0,0,0,0,0,0,0,0,0,1,0,0,0,0,0,0,1,0,0,0,0,0,0,1,0,0,0,0,0,0,0,0,0,0,0,0,0,0,0,0,0,0,0,1,1,1,1,2,2,0,0,0,0,0,0,5,0,0.493,,,,0.314,0.149,,,,,,,0.03,,,,,,,,,,,,,,,,,,,,,,0,4.0,0.258,100.4,1.0
1288,Low,RPath,1530,1.0,1.0,0.44,1.0,0.44,0.006993006993006993,4.0,0.44,143.0,26,1,1,4.0,walkways,143.034,HMAC,1,2,2,0,0,0,0,0,0,0,0,0,0,0,0,0,0,0,0,0,0,0,0,0,0,0,0,2,0,0,0,0,0,0,0,0,0,0,0,0,0,0,0,0,0,0,0,0,0,0,1,2,0,0,0,0,0,1,0,0,0,0,0,0,0,0,0,0,0,0,0,0,0,1,0,0,0,0,0,0,0,0,0,3,1,1,1,0,0,0,0,0,0,0,0,0,5,3,0.44,,,,,,,,,,,,,,,,,,,,,,0.021,,,,,,0.419,,,,,,0,4.0,0.44,143.0,1.0
1289,Very Low,RPath,321,5.0,0.0,0.905,0.0,4.525,0.0,5.0,0.905,197.3,92,5,5,25.0,sidewalks,196.895,HMAC,1,2,2,1,2,0,1,0,0,0,0,0,1,2,2,1,2,2,0,0,0,1,0,0,0,5,0,0,0,0,0,1,2,0,1,2,2,0,0,0,1,0,0,0,1,2,2,0,0,0,1,2,2,5,5,4,0,1,0,0,0,1,2,0,1,2,0,1,2,2,0,0,0,1,0,0,1,2,0,0,0,0,5,3,1,0,1,0,0,0,0,0,0,1,2,0,5,0,0.905,,,,,0.905,,,,,,,,,,,,,,,,,,,,,,,,,,,,,0,5.0,0.905,197.3,0.0
1290,Very Low,RPath,402,5.0,0.0,0.96,0.0,4.8,0.0,5.0,0.96,383.9,86,5,5,25.0,sidewalks,383.546,HMAC,1,2,2,1,2,0,1,2,0,0,0,0,1,2,2,1,2,2,0,0,0,0,0,0,5,5,0,2,0,0,0,1,0,0,1,2,2,0,0,0,0,0,0,0,1,2,2,0,1,1,1,2,2,5,5,0,0,1,0,0,0,0,0,0,1,2,2,0,0,0,0,0,0,1,2,2,1,0,0,0,0,0,5,3,0,0,0,0,0,0,0,0,0,0,0,0,5,0,0.965,,,,0.004,0.957,,,,,,,,,,,,0.004,,,,,,,,,,,,,,,,,1,5.0,0.96,383.9,10.0
1291,Very Low,RPath,632,5.0,0.0,0.892,0.0,4.46,0.0,5.0,0.892,208.6,100,5,5,25.0,sidewalks,208.708,HMAC,1,2,2,1,2,2,1,2,0,0,0,0,1,2,2,1,2,2,0,0,0,1,0,0,0,5,0,2,0,0,0,1,0,0,1,2,2,0,0,0,0,0,0,5,1,2,2,0,0,0,1,2,2,5,5,4,0,1,0,0,0,1,0,0,1,2,0,1,2,0,0,0,0,1,2,0,1,2,2,0,0,0,5,3,1,0,1,0,0,0,0,0,0,1,2,0,5,0,0.892,,,,,0.892,,,,,,,,,,,,,,,,,,,,,,,,,,,,,0,5.0,0.892,208.6,0.0
1292,Very Low,RPath,636,5.0,0.0,0.781,0.0,3.9050000000000002,0.0,5.0,0.781,201.5,89,5,5,25.0,sidewalks,167.289,HMAC,1,2,2,1,2,0,0,0,0,0,0,0,1,2,2,1,2,2,0,0,0,1,0,0,0,5,0,2,0,0,0,1,2,0,1,2,2,0,0,0,1,0,0,0,1,2,2,0,0,0,1,2,2,5,5,0,0,1,0,0,0,1,2,0,1,2,0,1,2,2,0,0,0,1,0,0,1,2,0,0,0,0,5,3,1,0,1,0,0,0,0,0,0,1,2,0,5,0,0.781,,,,,0.781,,,,,,,,,,,,,,,,,,,,,,,,,,,,,0,5.0,0.781,201.5,0.0
1293,Very Low,RPath,645,5.0,0.0,0.546,0.0,2.7300000000000004,0.0,5.0,0.546,297.8,86,5,5,25.0,sidewalks,298.144,HMAC,1,2,0,1,0,0,0,0,0,0,0,0,1,2,2,1,2,2,1,2,2,0,0,0,5,0,0,2,0,0,0,1,2,2,1,2,2,0,0,0,0,0,0,0,1,2,2,0,1,1,1,2,2,5,5,0,3,1,0,0,0,0,0,0,1,2,2,0,0,0,1,2,0,1,2,0,1,2,0,0,0,0,0,3,1,0,0,1,0,0,0,0,0,0,0,0,5,0,0.564,,,,0.005,0.529,,,,,,0.015,,,,0.005,,,0.01,,,,,,,,,,,,,,,,0,5.0,0.546,297.8,0.0
1294,Very Low,RPath,757,5.0,0.0,0.753,0.0,3.765,0.0,5.0,0.753,162.3,95,5,5,25.0,sidewalks,162.335,HMAC,1,2,0,1,2,0,0,0,0,1,0,0,1,2,0,0,0,0,0,0,0,1,0,0,5,0,0,2,1,2,0,1,2,2,1,2,2,0,0,0,1,2,2,5,1,2,2,0,1,1,1,2,2,5,5,0,3,1,1,0,0,1,0,0,1,2,2,0,0,0,1,2,0,1,0,0,1,0,0,0,0,0,5,0,1,1,1,1,2,0,0,0,0,0,0,0,5,0,0.758,,,0.018,,0.721,,,0.009,,,,,,,0.009,,,,,,,,,,,,,,,,,,,0,5.0,0.753,162.3,0.0
1295,Very Low,RPath,759,5.0,0.0,0.76,0.0,3.8,0.0,5.0,0.76,139.2,94,5,5,25.0,sidewalks,139.152,HMAC,1,2,0,1,0,0,0,0,0,0,0,0,1,0,0,1,0,0,0,0,0,1,0,0,5,0,0,2,1,2,0,1,2,2,1,2,2,0,0,0,1,2,2,5,1,2,2,0,1,1,1,2,2,5,5,0,3,0,1,0,0,1,2,0,1,2,2,0,0,0,1,2,0,1,0,0,0,0,0,0,0,0,5,3,1,1,1,1,2,0,0,0,0,0,0,0,5,0,0.765,,,,,0.755,,,,,,,,,,,,0.011,,,,,,,,,,,,,,,,,4,5.0,0.76,139.2,30.0
1296,Very Low,RPath,766,5.0,0.0,0.613,0.0,3.065,0.0,5.0,0.613,314.6,90,5,5,25.0,sidewalks,312.884,HMAC,1,2,2,1,2,0,0,0,0,0,0,0,1,2,0,0,0,0,0,0,0,0,0,0,5,0,0,2,1,0,0,1,2,2,1,2,2,0,0,0,1,2,0,5,1,2,2,0,1,0,1,2,2,0,5,0,3,1,0,0,0,1,0,0,1,2,2,1,2,0,1,2,0,1,0,0,1,0,0,0,0,0,5,3,1,1,1,1,2,0,0,0,0,0,0,0,5,0,0.615,,,,,0.606,,,,,,,0.005,,,0.005,,,,,,,,,,,,,,,,,,,1,5.0,0.613,314.6,10.0
1297,Very Low,RPath,810,5.0,0.0,0.552,0.0,2.7600000000000002,0.0,5.0,0.552,168.4,95,5,5,25.0,sidewalks,167.684,HMAC,1,2,0,1,2,0,0,0,0,1,0,0,1,2,0,0,0,0,0,0,0,1,0,0,5,0,0,2,1,2,0,1,2,2,1,2,2,0,0,0,1,2,2,5,1,2,2,0,1,1,1,2,2,5,5,0,3,1,1,0,0,1,0,0,1,2,2,0,0,0,1,2,0,1,0,0,1,0,0,0,0,0,5,0,1,1,1,1,2,0,0,0,0,0,0,0,5,0,0.552,,,,,0.552,,,,,,,,,,,,,,,,,,,,,,,,,,,,,0,5.0,0.552,168.4,0.0
1298,Very Low,RPath,1152,5.0,0.0,0.775,0.0,3.875,0.0,5.0,0.775,123.4,86,5,5,25.0,sidewalks,123.444,HMAC,1,2,0,1,0,0,0,0,0,0,0,0,1,2,0,1,2,0,0,0,0,1,2,0,5,0,0,2,1,2,0,1,2,2,1,2,2,0,0,0,1,2,2,0,1,2,2,0,1,1,1,2,2,5,5,0,3,0,1,0,0,1,2,0,1,2,0,1,0,0,1,2,0,0,0,0,0,0,0,0,0,0,0,3,1,1,1,1,0,0,0,0,0,0,0,0,5,0,0.802,,,,0.024,0.766,,,,,,0.012,,,,,,,,,,,,,,,,,,,,,,,4,5.0,0.775,123.4,30.0
1299,Very Low,RPath,1340,5.0,0.0,0.765,0.0,3.825,0.0,5.0,0.765,269.5,94,5,5,25.0,sidewalks,184.462,HMAC,1,2,2,1,2,0,0,0,0,0,0,0,1,2,2,1,2,2,0,0,0,0,0,0,5,5,0,2,0,0,0,1,2,2,1,2,2,0,0,0,0,0,0,0,1,2,2,0,0,0,1,2,2,5,5,4,0,1,0,0,0,1,2,0,1,2,2,1,2,0,0,0,0,1,0,0,1,0,0,0,0,0,5,0,1,1,1,0,0,0,0,0,0,1,2,0,5,0,0.768,,,,,0.746,,,,,,,0.011,,,0.006,0.006,,,,,,,,,,,,,,,,,,0,5.0,0.765,269.5,0.0
1300,Very Low,RPath,85,4.0,0.0,0.94,0.0,3.76,0.0,5.0,0.94,217.0,80,4,4,20.0,sidewalks,216.993,HMAC,1,2,2,1,0,0,0,0,0,0,0,0,1,2,0,1,2,0,0,0,0,1,2,0,5,0,0,2,0,0,0,1,2,2,1,2,2,0,0,0,1,2,0,5,1,2,0,0,1,0,1,2,2,0,0,0,3,1,1,0,0,1,2,2,1,2,0,1,2,0,1,2,0,1,0,0,1,0,0,0,0,0,0,3,1,0,1,0,0,0,0,0,0,0,0,0,5,0,0.94,,,,,0.94,,,,,,,,,,,,,,,,,,,,,,,,,,,,,1,5.0,0.94,217.0,10.0
1301,Very Low,RPath,126,4.0,0.0,0.892,0.0,3.568,0.0,5.0,0.892,217.0,77,4,4,20.0,sidewalks,216.995,CON,1,2,2,1,2,0,1,0,0,0,0,0,1,2,0,1,2,0,0,0,0,1,2,0,0,0,0,2,0,0,0,1,0,0,1,2,2,0,0,0,0,0,0,5,1,2,2,0,1,1,1,2,2,5,5,0,0,1,0,0,0,1,0,0,1,0,0,1,2,0,0,0,0,1,2,2,1,2,2,0,0,0,0,0,1,0,1,0,0,0,0,0,0,1,0,0,5,0,0.892,,,,,0.892,,,,,,,,,,,,,,,,,,,,,,,,,,,,,0,5.0,0.892,217.0,0.0
1302,Very Low,RPath,133,4.0,0.0,0.546,0.0,2.184,0.0,5.0,0.546,79.7,76,4,4,20.0,sidewalks,77.705,HMAC,1,2,0,1,2,0,1,2,0,0,0,0,1,2,0,1,2,0,0,0,0,1,2,0,0,0,0,2,0,0,0,0,0,0,1,2,2,0,0,0,0,0,0,5,1,2,2,0,1,1,1,2,2,5,5,4,0,1,0,0,0,0,0,0,0,0,0,1,0,0,0,0,0,1,2,2,1,2,0,0,0,0,0,3,1,0,1,0,0,0,0,0,0,0,0,0,5,0,0.546,,,,,0.527,,,0.019,,,,,,,,,,,,,,,,,,,,,,,,,,0,5.0,0.546,79.7,0.0
1303,Very Low,RPath,134,4.0,0.0,0.935,0.0,3.74,0.0,5.0,0.935,78.6,74,4,4,20.0,sidewalks,79.076,HMAC,1,2,0,1,0,0,1,0,0,0,0,0,1,2,2,1,2,0,0,0,0,1,2,2,0,0,0,2,0,0,0,0,0,0,1,2,2,0,0,0,1,0,0,5,1,2,0,0,1,1,1,2,2,5,5,0,0,1,0,0,0,1,0,0,0,0,0,1,0,0,0,0,0,1,2,2,1,2,2,0,0,0,0,3,1,0,1,0,0,0,0,0,0,0,0,0,5,0,0.935,,,,,0.935,,,,,,,,,,,,,,,,,,,,,,,,,,,,,0,5.0,0.935,78.6,0.0
1304,Very Low,RPath,138,4.0,0.0,0.838,0.0,3.352,0.0,5.0,0.838,223.8,83,5,4,20.0,sidewalks,224.463,HMAC,1,2,2,1,2,0,1,2,0,0,0,0,1,2,2,1,0,0,0,0,0,1,2,0,0,0,0,2,0,0,0,0,0,0,1,2,2,0,0,0,0,0,0,5,1,2,2,0,1,1,1,2,2,5,5,4,0,1,0,0,0,0,0,0,1,0,0,1,0,0,0,0,0,1,2,2,1,2,2,0,0,0,0,3,1,0,1,1,0,0,0,0,0,1,0,0,5,0,0.838,,,,,0.831,,,,,,,0.007,,,,,,,,,,,,,,,,,,,,,,0,5.0,0.838,223.8,0.0
1305,Very Low,RPath,139,4.0,0.0,0.571,0.0,2.284,0.0,5.0,0.571,182.7,80,4,4,20.0,sidewalks,183.209,HMAC,1,2,0,1,2,0,1,2,0,0,0,0,1,2,0,1,0,0,0,0,0,1,2,0,0,0,0,2,0,0,0,0,0,0,1,2,2,0,0,0,0,0,0,5,1,2,2,0,1,1,1,2,2,5,5,4,0,1,0,0,0,0,0,0,1,0,0,0,0,0,1,0,0,1,2,2,1,2,2,0,0,0,0,3,1,0,1,1,2,0,0,0,0,0,0,0,5,0,0.575,,,,,0.55,,,,,,,,,,0.008,0.008,,0.008,,,,,,,,,,,,,,,,0,5.0,0.571,182.7,0.0
1306,Very Low,RPath,186,4.0,0.0,0.849,0.0,3.396,0.0,5.0,0.849,208.5,68,4,4,20.0,sidewalks,204.663,HMAC,1,2,2,0,0,0,0,0,0,0,0,0,1,2,0,0,0,0,0,0,0,0,0,0,0,5,0,2,0,0,0,0,0,0,1,2,2,0,0,0,0,0,0,0,1,2,2,0,0,0,1,2,2,0,5,0,3,1,0,0,0,0,0,0,1,0,0,0,0,0,0,0,0,1,2,0,1,2,0,1,2,2,5,3,1,1,1,0,0,0,1,0,0,0,0,0,5,0,0.849,,,,,0.842,,,,,,,0.007,,,,,,,,,,,,,,,,,,,,,,0,5.0,0.849,208.5,0.0
1307,Very Low,RPath,202,4.0,0.0,0.942,0.0,3.768,0.0,5.0,0.942,364.7,83,5,4,20.0,sidewalks,364.696,HMAC,1,2,2,1,2,2,1,2,2,0,0,0,1,2,2,1,0,0,0,0,0,0,0,0,0,5,0,2,0,0,0,0,0,0,1,2,2,0,0,0,0,0,0,0,1,2,0,0,1,0,1,2,2,5,5,0,0,1,0,0,0,0,0,0,1,2,0,0,0,0,0,0,0,1,2,2,1,2,2,1,0,0,5,3,1,1,1,0,0,0,0,0,0,0,0,0,5,0,0.942,,,,,0.942,,,,,,,,,,,,,,,,,,,,,,,,,,,,,0,5.0,0.942,364.7,0.0
1308,Very Low,RPath,356,4.0,0.0,0.92,0.0,3.68,0.0,5.0,0.92,50.6,68,4,4,20.0,sidewalks,50.554,HMAC,1,2,2,1,2,0,1,2,0,0,0,0,1,2,0,1,2,0,0,0,0,0,0,0,0,5,0,2,0,0,0,0,0,0,1,2,2,0,0,0,0,0,0,0,1,2,0,0,1,0,1,2,2,5,5,0,0,1,0,0,0,0,0,0,1,2,0,0,0,0,0,0,0,1,2,0,0,0,0,0,0,0,5,3,0,0,0,0,0,0,0,0,0,0,0,0,5,0,0.92,,,,,0.92,,,,,,,,,,,,,,,,,,,,,,,,,,,,,0,5.0,0.92,50.6,0.0
1309,Very Low,RPath,362,4.0,0.0,0.902,0.0,3.608,0.0,5.0,0.902,119.8,70,4,4,20.0,sidewalks,118.111,HMAC,1,2,2,1,0,0,0,0,0,0,0,0,1,0,0,0,0,0,0,0,0,0,0,0,5,5,0,2,0,0,0,1,0,0,1,2,2,1,0,0,1,2,2,0,1,0,0,0,1,1,1,2,2,5,0,4,0,1,0,0,0,0,0,0,0,0,0,0,0,0,0,0,0,1,2,2,1,2,2,0,0,0,0,3,1,1,1,0,0,0,0,0,0,0,0,0,5,0,0.902,,,,,0.889,,,,,,,,,,,0.013,,,,,,,,,,,,,,,,,,0,5.0,0.902,119.8,0.0
1310,Very Low,RPath,369,4.0,0.0,0.958,0.0,3.832,0.0,5.0,0.958,77.5,70,4,4,20.0,sidewalks,73.39,HMAC,1,2,2,1,2,0,1,2,0,0,0,0,1,2,0,0,0,0,0,0,0,0,0,0,5,5,0,2,0,0,0,1,2,0,1,2,2,1,0,0,0,0,0,0,0,0,0,0,1,1,1,2,2,5,0,4,0,1,0,0,0,0,0,0,0,0,0,0,0,0,0,0,0,1,0,0,1,0,0,0,0,0,5,3,1,1,1,0,0,0,0,0,0,0,0,0,5,0,0.967,,,,,0.948,,,,,,,,,,0.019,,,,,,,,,,,,,,,,,,,0,5.0,0.958,77.5,0.0
1311,Very Low,RPath,400,4.0,0.0,0.925,0.0,3.7,0.0,5.0,0.925,149.2,73,4,4,20.0,sidewalks,147.601,HMAC,1,2,2,1,2,0,1,2,0,0,0,0,1,0,0,1,2,0,0,0,0,0,0,0,0,0,3,0,0,0,0,1,0,0,1,2,2,0,0,0,0,0,0,0,1,2,2,0,1,1,1,2,2,5,5,0,0,1,0,0,0,0,0,0,1,2,2,0,0,0,0,0,0,1,2,2,0,0,0,0,0,0,5,3,1,1,1,0,0,0,0,0,0,0,0,0,5,0,0.925,,,,,0.925,,,,,,,,,,,,,,,,,,,,,,,,,,,,,2,5.0,0.925,149.2,20.0
1312,Very Low,RPath,411,4.0,0.0,0.941,0.0,3.764,0.0,5.0,0.941,140.3,83,5,4,20.0,sidewalks,139.374,HMAC,1,2,2,1,0,0,0,0,0,0,0,0,1,2,2,1,2,2,0,0,0,1,2,2,0,5,0,2,0,0,0,1,0,0,1,2,2,0,0,0,1,2,0,5,1,2,0,0,1,1,1,2,2,5,5,0,0,1,1,0,0,1,0,0,0,0,0,1,0,0,0,0,0,1,2,2,1,2,2,0,0,0,0,0,1,0,1,0,0,0,0,0,0,0,0,0,5,0,0.941,,,,,0.941,,,,,,,,,,,,,,,,,,,,,,,,,,,,,1,5.0,0.941,140.3,10.0
1313,Very Low,RPath,417,4.0,0.0,0.84,0.0,3.36,0.0,5.0,0.84,135.8,68,4,4,20.0,sidewalks,133.669,HMAC,1,2,2,0,0,0,0,0,0,0,0,0,1,2,0,1,0,0,1,0,0,0,0,0,0,0,3,0,0,0,0,1,2,2,1,2,2,0,0,0,0,0,0,0,1,2,2,0,1,1,1,2,2,5,5,0,3,1,0,0,0,0,0,0,1,0,0,0,0,0,0,0,0,1,0,0,1,2,2,0,0,0,0,3,1,1,1,0,0,0,0,0,0,1,0,0,5,0,0.851,,,0.011,,0.818,,,,,,,,,,,,0.022,,,,,,,,,,,,,,,,,0,5.0,0.84,135.8,0.0
1314,Very Low,RPath,431,4.0,0.0,0.625,0.0,2.5,0.0,5.0,0.625,202.9,77,4,4,20.0,sidewalks,202.903,HMAC,1,2,2,1,2,2,1,2,2,0,0,0,1,2,0,1,2,0,0,0,0,0,0,0,0,5,0,2,0,0,0,0,0,0,1,2,2,0,0,0,0,0,0,0,1,2,2,0,1,1,1,2,2,5,5,0,0,1,0,0,0,0,0,0,1,2,2,0,0,0,0,0,0,1,2,0,0,0,0,0,0,0,5,3,0,0,0,0,0,0,0,0,0,0,0,0,5,0,0.636,,,,,0.606,,,,,,,,,,0.015,0.007,0.007,,,,,,,,,,,,,,,,,1,5.0,0.625,202.9,10.0
1315,Very Low,RPath,434,4.0,0.0,0.546,0.0,2.184,0.0,5.0,0.546,212.9,81,4,4,20.0,sidewalks,218.679,HMAC,1,2,2,1,0,0,1,0,0,0,0,0,1,2,0,1,2,2,0,0,0,0,0,0,5,0,3,0,0,0,0,1,2,2,1,2,2,0,0,0,1,2,2,0,1,2,2,0,1,1,1,2,2,5,5,4,0,1,1,0,0,0,0,0,0,0,0,0,0,0,0,0,0,1,2,0,1,0,0,0,0,0,0,3,1,1,1,0,0,0,0,0,0,0,0,0,5,0,0.557,,,,0.014,0.528,,,,,,,,,,,,,0.014,,,,,,,,,,,,,,,,4,5.0,0.546,212.9,30.0
1316,Very Low,RPath,435,4.0,0.0,0.744,0.0,2.976,0.0,5.0,0.744,310.1,81,4,4,20.0,sidewalks,304.758,HMAC,1,2,2,1,0,0,0,0,0,0,0,0,1,2,2,1,2,0,1,2,0,0,0,0,5,0,0,0,0,0,0,1,2,2,1,2,2,0,0,0,1,2,2,0,1,2,2,0,1,1,1,2,2,5,5,4,0,0,1,2,0,0,0,0,0,0,0,0,0,0,0,0,0,1,2,0,1,0,0,0,0,0,0,3,1,1,1,0,0,0,0,0,0,0,0,0,5,0,0.755,,,,0.01,0.735,,,,,,0.005,,,,,0.005,,,,,,,,,,,,,,,,,,4,5.0,0.744,310.1,30.0
1317,Very Low,RPath,436,4.0,0.0,0.655,0.0,2.62,0.0,5.0,0.655,307.3,79,4,4,20.0,sidewalks,307.704,HMAC,1,2,2,1,0,0,0,0,0,0,0,0,1,2,2,1,0,0,1,2,0,0,0,0,5,0,0,0,0,0,0,1,2,2,1,2,2,0,0,0,1,2,2,0,1,2,2,0,1,1,1,2,2,5,5,4,0,0,1,2,0,0,0,0,0,0,0,0,0,0,0,0,0,1,2,0,1,0,0,0,0,0,0,3,1,1,1,0,0,0,0,0,0,0,0,0,5,0,0.659,,,,,0.644,,,,,,0.005,,,,,0.01,,,,,,,,,,,,,,,,,,4,5.0,0.655,307.3,30.0
1318,Very Low,RPath,438,4.0,0.0,0.863,0.0,3.452,0.0,5.0,0.863,49.5,78,4,4,20.0,sidewalks,47.169,HMAC,1,2,2,1,0,0,1,0,0,0,0,0,1,2,0,1,2,0,0,0,0,0,0,0,0,5,0,2,0,0,0,1,2,2,1,2,2,0,0,0,1,2,2,0,1,2,2,0,1,1,1,2,2,5,5,4,0,1,1,0,0,0,0,0,0,0,0,0,0,0,0,0,0,1,0,0,1,2,0,0,0,0,0,3,1,1,1,0,0,0,0,0,0,0,0,0,5,0,0.909,,,,,0.788,,,,,,,0.03,,,0.03,,0.061,,,,,,,,,,,,,,,,,4,5.0,0.863,49.5,30.0
1319,Very Low,RPath,442,4.0,0.0,0.769,0.0,3.076,0.0,5.0,0.769,345.0,70,4,4,20.0,sidewalks,344.803,HMAC,1,2,2,1,2,2,1,0,0,0,0,0,1,2,2,0,0,0,0,0,0,0,0,0,0,5,3,0,0,0,0,0,0,0,1,2,2,0,0,0,0,0,0,0,1,2,2,0,1,1,1,2,2,5,5,0,0,1,0,0,0,0,0,0,0,0,0,0,0,0,0,0,0,1,2,0,1,0,0,0,0,0,0,3,1,1,1,0,0,0,0,0,0,1,2,0,5,0,0.769,,,,,0.769,,,,,,,,,,,,,,,,,,,,,,,,,,,,,0,5.0,0.769,345.0,0.0
1320,Very Low,RPath,508,4.0,0.0,0.815,0.0,3.26,0.0,5.0,0.815,391.0,85,5,4,20.0,sidewalks,387.398,HMAC,1,2,2,1,2,2,1,2,0,0,0,0,1,2,2,1,2,2,0,0,0,0,0,0,0,5,0,2,0,0,0,0,0,0,1,2,2,0,0,0,0,0,0,0,1,2,2,0,1,1,1,2,2,5,5,0,3,1,0,0,0,0,0,0,1,0,0,0,0,0,0,0,0,1,2,2,1,2,2,0,0,0,5,3,0,0,0,0,0,0,0,0,0,0,0,0,5,0,0.821,,,,,0.806,,,,,,0.008,0.008,,,,,,,,,,,,,,,,,,,,,,0,5.0,0.815,391.0,0.0
1321,Very Low,RPath,510,4.0,0.0,0.781,0.0,3.124,0.0,5.0,0.781,257.8,80,4,4,20.0,sidewalks,257.802,HMAC,1,2,2,1,2,0,1,2,0,0,0,0,1,2,2,1,2,2,0,0,0,0,0,0,0,5,0,2,0,0,0,0,0,0,1,2,2,0,0,0,1,0,0,0,1,2,2,0,1,1,1,2,2,5,5,0,0,1,0,0,0,0,0,0,0,0,0,0,0,0,0,0,0,1,2,2,1,2,2,0,0,0,5,3,0,0,0,0,0,0,0,0,0,0,0,0,5,0,0.785,,,,,0.774,,,,,,0.006,,,,,0.006,,,,,,,,,,,,,,,,,,0,5.0,0.781,257.8,0.0
1322,Very Low,RPath,532,4.0,0.0,0.949,0.0,3.796,0.0,5.0,0.949,78.3,74,4,4,20.0,sidewalks,78.303,HMAC,1,2,0,1,0,0,0,0,0,1,0,0,1,0,0,0,0,0,0,0,0,1,0,0,5,0,0,0,1,2,2,1,2,2,1,2,2,0,0,0,1,2,2,0,1,2,2,0,1,1,1,2,2,5,5,0,0,1,1,0,0,1,0,0,1,2,0,0,0,0,1,0,0,1,0,0,1,0,0,0,0,0,0,0,1,1,1,1,2,0,0,0,0,0,0,0,5,0,0.958,,,,,0.92,,,,,,,,,,0.019,,,0.019,,,,,,,,,,,,,,,,2,5.0,0.949,78.3,20.0
1323,Very Low,RPath,642,4.0,0.0,0.813,0.0,3.252,0.0,5.0,0.813,255.6,73,4,4,20.0,sidewalks,255.732,HMAC,1,2,0,0,0,0,0,0,0,0,0,0,1,2,2,1,2,0,1,2,2,0,0,0,5,5,0,0,0,0,0,1,2,2,1,2,2,0,0,0,0,0,0,0,1,2,2,0,1,1,1,2,2,0,5,0,3,0,0,0,0,0,0,0,1,2,0,0,0,0,1,0,0,1,2,0,1,0,0,0,0,0,0,0,1,1,1,1,0,0,0,0,0,0,0,0,5,0,0.828,,,,,0.798,,,,,,,,,,,,0.029,,,,,,,,,,,,,,,,,0,5.0,0.813,255.6,0.0
1324,Very Low,RPath,643,4.0,0.0,0.708,0.0,2.832,0.0,5.0,0.708,144.1,76,4,4,20.0,sidewalks,143.182,HMAC,1,2,2,0,0,0,0,0,0,0,0,0,1,2,0,1,2,0,1,0,0,0,0,0,5,0,3,0,0,0,0,1,2,2,1,2,2,0,0,0,0,0,0,0,1,2,2,0,1,1,1,2,2,5,5,0,3,1,0,0,0,0,0,0,1,0,0,0,0,0,1,0,0,1,2,0,1,2,0,0,0,0,0,3,1,1,1,1,0,0,0,0,0,0,0,0,5,0,0.708,,,,,0.698,,,,,,,0.01,,,,,,,,,,,,,,,,,,,,,,0,5.0,0.708,144.1,0.0
1325,Very Low,RPath,682,4.0,0.0,0.899,0.0,3.596,0.0,5.0,0.899,116.9,83,5,4,20.0,sidewalks,116.762,HMAC,1,2,2,1,0,0,0,0,0,0,0,0,1,2,2,1,2,2,0,0,0,1,0,0,0,5,0,2,0,0,0,1,2,2,1,2,2,0,0,0,1,0,0,0,1,2,0,0,0,0,1,2,2,5,5,0,0,1,0,0,0,1,2,0,1,2,0,1,2,2,0,0,0,1,0,0,1,0,0,0,0,0,5,3,1,0,1,0,0,0,0,0,0,1,0,0,5,0,0.899,,,,,0.899,,,,,,,,,,,,,,,,,,,,,,,,,,,,,0,5.0,0.899,116.9,0.0
1326,Very Low,RPath,690,4.0,0.0,0.53,0.0,2.12,0.0,5.0,0.53,36.8,74,4,4,20.0,sidewalks,34.214,HMAC,1,2,2,1,2,0,1,0,0,1,2,0,1,2,0,0,0,0,0,0,0,0,0,0,0,0,0,2,1,2,0,0,0,0,1,2,2,0,0,0,0,0,0,5,1,2,0,0,0,0,1,2,2,0,5,0,0,1,0,0,0,1,0,0,1,2,2,0,0,0,0,0,0,1,2,2,1,2,2,0,0,0,5,3,1,0,0,0,0,0,0,0,0,0,0,0,5,0,0.53,,,,,0.53,,,,,,,,,,,,,,,,,,,,,,,,,,,,,0,5.0,0.53,36.8,0.0
1327,Very Low,RPath,758,4.0,0.0,0.575,0.0,2.3,0.0,5.0,0.575,77.6,78,4,4,20.0,sidewalks,77.639,HMAC,1,2,0,1,0,0,0,0,0,1,0,0,1,0,0,1,0,0,0,0,0,1,0,0,5,0,0,0,1,2,0,1,2,2,1,2,2,0,0,0,1,2,2,0,1,2,2,0,1,1,1,2,2,5,5,0,3,1,1,0,0,1,0,0,1,2,0,0,0,0,1,0,0,1,0,0,0,0,0,0,0,0,0,3,1,1,1,1,2,0,0,0,0,0,0,0,5,0,0.599,,,,,0.541,,,,,,0.019,0.019,,,0.019,,,,,,,,,,,,,,,,,,,3,5.0,0.575,77.6,30.0
1328,Very Low,RPath,763,4.0,0.0,0.657,0.0,2.628,0.0,5.0,0.657,73.0,81,4,4,20.0,sidewalks,71.783,HMAC,1,2,0,1,0,0,0,0,0,0,0,0,1,0,0,1,0,0,0,0,0,1,0,0,5,0,0,2,1,0,0,1,2,2,1,2,2,0,0,0,1,2,0,5,1,2,0,0,1,0,1,2,2,0,0,0,3,1,1,0,0,1,2,0,1,2,2,1,0,0,1,2,2,1,0,0,0,0,0,0,0,0,5,3,1,1,1,1,2,0,0,0,0,0,0,0,5,0,0.657,,,0.021,,0.637,,,,,,,,,,,,,,,,,,,,,,,,,,,,,1,5.0,0.657,73.0,10.0
1329,Very Low,RPath,804,4.0,0.0,0.652,0.0,2.608,0.0,5.0,0.652,154.1,69,4,4,20.0,sidewalks,154.065,HMAC,1,2,2,1,2,0,1,2,0,0,0,0,1,0,0,1,0,0,0,0,0,0,0,0,0,0,3,0,0,0,0,0,0,0,1,2,2,0,0,0,0,0,0,0,1,2,2,0,1,0,1,2,2,5,5,0,0,1,0,0,0,0,0,0,1,2,2,0,0,0,0,0,0,1,2,0,1,0,0,1,0,0,5,3,1,1,1,0,0,0,0,0,0,0,0,0,5,0,0.652,,,,,0.652,,,,,,,,,,,,,,,,,,,,,,,,,,,,,0,5.0,0.652,154.1,0.0
1330,Very Low,RPath,902,4.0,0.0,0.631,0.0,2.524,0.0,5.0,0.631,253.2,75,4,4,20.0,sidewalks,253.214,HMAC,1,2,2,1,0,0,1,0,0,0,0,0,1,2,2,0,0,0,0,0,0,0,0,0,0,5,0,2,0,0,0,0,0,0,1,2,2,0,0,0,0,0,0,0,1,2,2,0,0,0,1,2,2,5,5,0,0,1,0,0,0,0,0,0,1,0,0,0,0,0,0,0,0,1,2,2,1,2,2,1,2,0,5,3,1,1,1,0,0,0,0,0,0,0,0,0,5,0,0.64,,,,0.012,0.622,,,,,,,0.006,,,,,,,,,,,,,,,,,,,,,,0,5.0,0.631,253.2,0.0
1331,Very Low,RPath,925,4.0,0.0,0.913,0.0,3.652,0.0,5.0,0.913,391.2,72,4,4,20.0,sidewalks,391.232,HMAC,1,2,2,1,2,2,0,0,0,0,0,0,1,2,2,0,0,0,0,0,0,0,0,0,0,5,0,0,0,0,0,1,2,2,1,2,0,0,0,0,1,2,2,0,1,2,0,0,1,0,1,2,2,5,5,0,0,1,1,2,0,0,0,0,0,0,0,0,0,0,0,0,0,0,0,0,1,2,2,0,0,0,0,0,1,1,1,0,0,0,1,2,0,0,0,0,5,0,0.913,,,,,0.913,,,,,,,,,,,,,,,,,,,,,,,,,,,,,1,5.0,0.913,391.2,10.0
1332,Very Low,RPath,1097,4.0,0.0,0.937,0.0,3.748,0.0,5.0,0.937,265.6,67,4,4,20.0,sidewalks,265.777,HMAC,1,2,2,1,2,0,1,2,0,0,0,0,1,2,0,1,0,0,0,0,0,0,0,0,0,5,0,2,0,0,0,0,0,0,1,2,2,0,0,0,0,0,0,0,1,2,2,0,0,0,1,2,2,5,5,0,3,1,0,0,0,0,0,0,1,0,0,0,0,0,0,0,0,1,2,0,1,0,0,0,0,0,0,3,1,1,1,0,0,0,0,0,0,0,0,0,5,0,0.937,,,,,0.926,,,,,,,,,,,0.011,,,,,,,,,,,,,,,,,,1,5.0,0.937,265.6,10.0
1333,Very Low,RPath,1099,4.0,0.0,0.697,0.0,2.788,0.0,5.0,0.697,191.4,69,4,4,20.0,sidewalks,189.223,CON,1,2,2,1,2,0,1,2,0,0,0,0,1,2,0,1,2,2,0,0,0,0,0,0,0,5,0,2,0,0,0,0,0,0,1,2,2,0,0,0,0,0,0,0,1,2,2,0,1,0,1,2,2,5,5,0,0,1,0,0,0,0,0,0,1,2,0,0,0,0,0,0,0,1,2,0,0,0,0,0,0,0,0,3,1,0,1,0,0,0,0,0,0,0,0,0,5,0,0.713,,0.008,,,0.682,,,,,,0.016,,,,0.008,,,,,,,,,,,,,,,,,,,0,5.0,0.697,191.4,0.0
1334,Very Low,RPath,1103,4.0,0.0,0.95,0.0,3.8,0.0,5.0,0.95,104.2,67,4,4,20.0,sidewalks,103.905,HMAC,1,2,2,1,0,0,1,0,0,0,0,0,1,0,0,1,2,2,0,0,0,0,0,0,0,5,0,2,0,0,0,0,0,0,1,2,2,0,0,0,0,0,0,0,1,2,2,0,1,1,1,2,2,5,5,0,0,1,0,0,0,0,0,0,1,2,2,0,0,0,0,0,0,1,2,0,0,0,0,0,0,0,0,3,1,1,1,0,0,0,0,0,0,0,0,0,5,0,0.95,,,,,0.907,,,,,,,0.014,,,,0.029,,,,,,,,,,,,,,,,,,2,5.0,0.95,104.2,20.0
1335,Very Low,RPath,1114,4.0,0.0,0.905,0.0,3.62,0.0,5.0,0.905,66.3,79,4,4,20.0,sidewalks,62.166,HMAC,1,2,2,1,2,2,1,0,0,1,2,0,1,2,2,0,0,0,0,0,0,0,0,0,5,5,0,2,0,0,0,0,0,0,1,2,2,0,0,0,0,0,0,0,1,2,2,0,1,1,1,2,2,5,5,0,3,0,0,0,0,0,0,0,0,0,0,0,0,0,0,0,0,1,2,2,1,2,0,0,0,0,0,3,1,1,0,0,0,0,0,0,0,0,0,0,5,0,0.905,,,,,0.905,,,,,,,,,,,,,,,,,,,,,,,,,,,,,0,5.0,0.905,66.3,0.0
1336,Very Low,RPath,1115,4.0,0.0,0.748,0.0,2.992,0.0,5.0,0.748,358.8,70,4,4,20.0,sidewalks,354.365,HMAC,1,2,2,1,2,2,1,0,0,1,2,0,1,2,2,0,0,0,0,0,0,0,0,0,5,5,0,0,0,0,0,0,0,0,1,2,2,0,0,0,0,0,0,0,1,2,2,0,1,1,1,2,2,5,5,0,0,1,0,0,0,0,0,0,0,0,0,0,0,0,0,0,0,1,2,2,1,0,0,0,0,0,0,0,1,1,0,0,0,0,0,0,0,0,0,0,5,0,0.748,,,0.008,,0.723,,,,,,,,,,,0.017,,,,,,,,,,,,,,,,,,0,5.0,0.748,358.8,0.0
1337,Very Low,RPath,1286,4.0,0.0,0.65,0.0,2.6,0.0,5.0,0.65,50.7,72,4,4,20.0,sidewalks,51.127,CON,1,2,2,1,0,0,0,0,0,0,0,0,0,0,0,1,2,0,0,0,0,0,0,0,5,5,0,2,0,0,0,0,0,0,1,2,2,0,0,0,1,2,0,0,1,2,2,0,1,1,1,2,2,5,5,0,3,1,0,0,0,0,0,0,1,2,0,0,0,0,0,0,0,0,0,0,1,2,0,0,0,0,0,3,1,1,1,0,0,0,0,0,0,0,0,0,5,0,0.65,,,,,0.65,,,,,,,,,,,,,,,,,,,,,,,,,,,,,0,5.0,0.65,50.7,0.0
1338,Very Low,RPath,201,4.0,0.0,0.984,0.0,3.936,0.0,5.0,0.984,250.1,67,4,4,20.0,sidewalks,101.196,HMAC,1,2,2,1,0,0,1,0,0,0,0,0,1,0,0,0,0,0,0,0,0,0,0,0,0,0,3,0,0,0,0,0,0,0,1,2,2,0,0,0,0,0,0,0,1,2,2,0,0,0,1,2,2,5,5,0,3,1,0,0,0,0,0,0,1,0,0,0,0,0,0,0,0,1,2,0,1,0,0,1,2,2,5,3,1,1,1,0,0,0,1,0,0,0,0,0,5,0,0.984,,,,,0.984,,,,,,,,,,,,,,,,,,,,,,,,,,,,,0,5.0,0.984,250.1,0.0
1339,Very Low,RPath,16,3.0,0.0,0.681,0.0,2.043,0.0,5.0,0.681,22.0,58,3,3,15.0,sidewalks,17.449,CON,1,2,2,1,0,0,0,0,0,0,0,0,0,0,0,1,2,0,0,0,0,0,0,0,5,0,0,0,0,0,0,0,0,0,1,2,2,0,0,0,1,2,0,0,1,2,2,0,1,1,1,2,2,5,5,0,0,0,0,0,0,0,0,0,1,2,0,0,0,0,0,0,0,0,0,0,1,2,0,0,0,0,0,0,1,1,1,0,0,0,0,0,0,0,0,0,5,0,0.681,,,0.136,,0.545,,,,,,,,,,,,,,,,,,,,,,,,,,,,,0,5.0,0.681,22.0,0.0
1340,Very Low,RPath,17,3.0,0.0,0.922,0.0,2.766,0.0,5.0,0.922,79.7,50,3,3,15.0,sidewalks,79.745,HMAC,1,2,2,1,2,0,1,2,0,0,0,0,1,2,0,1,2,0,0,0,0,0,0,0,0,0,0,2,0,0,0,0,0,0,0,0,0,0,0,0,0,0,0,0,0,0,0,0,1,1,1,2,2,0,0,0,3,1,0,0,0,0,0,0,0,0,0,0,0,0,0,0,0,1,0,0,1,2,2,0,0,0,5,3,1,0,0,0,0,0,0,0,0,0,0,0,5,0,0.922,,,0.019,,0.903,,,,,,,,,,,,,,,,,,,,,,,,,,,,,0,5.0,0.922,79.7,0.0
1341,Very Low,RPath,57,3.0,0.0,0.64,0.0,1.92,0.0,5.0,0.64,77.4,54,3,3,15.0,sidewalks,73.634,HMAC,1,2,2,1,0,0,1,0,0,0,0,0,1,0,0,1,0,0,0,0,0,0,0,0,0,0,0,2,0,0,0,1,0,0,1,2,2,1,0,0,1,2,2,0,1,0,0,0,1,0,1,2,2,0,0,4,0,1,0,0,0,0,0,0,0,0,0,0,0,0,0,0,0,1,2,0,1,2,2,0,0,0,0,3,1,1,1,0,0,0,0,0,0,0,0,0,5,0,0.659,,,,,0.62,,,,,,,,,,0.039,,,,,,,,,,,,,,,,,,,1,5.0,0.64,77.4,10.0
1342,Very Low,RPath,58,3.0,0.0,0.985,0.0,2.955,0.0,5.0,0.985,103.6,62,3,3,15.0,sidewalks,99.77,HMAC,1,2,2,1,0,0,1,0,0,0,0,0,1,0,0,1,0,0,0,0,0,0,0,0,0,5,0,2,0,0,0,1,2,0,1,2,2,0,0,0,1,2,2,0,1,2,0,0,1,0,1,2,2,0,0,4,0,1,0,0,0,0,0,0,0,0,0,0,0,0,0,0,0,1,2,0,1,2,2,0,0,0,0,3,1,1,1,0,0,0,0,0,0,0,0,0,5,0,0.985,,,,,0.985,,,,,,,,,,,,,,,,,,,,,,,,,,,,,1,5.0,0.985,103.6,10.0
1343,Very Low,RPath,59,3.0,0.0,0.986,0.0,2.958,0.0,5.0,0.986,63.9,59,3,3,15.0,sidewalks,60.495,HMAC,1,2,2,1,0,0,1,0,0,0,0,0,1,0,0,1,2,0,0,0,0,0,0,0,0,0,0,2,0,0,0,1,2,2,1,2,2,0,0,0,1,2,2,0,1,2,2,0,1,0,1,2,2,0,0,4,0,1,0,0,0,0,0,0,0,0,0,0,0,0,0,0,0,1,0,0,1,2,0,0,0,0,0,3,1,1,1,0,0,0,0,0,0,0,0,0,5,0,0.986,,,,,0.986,,,,,,,,,,,,,,,,,,,,,,,,,,,,,0,5.0,0.986,63.9,0.0
1344,Very Low,RPath,188,3.0,0.0,0.643,0.0,1.929,0.0,5.0,0.643,346.6,60,3,3,15.0,sidewalks,346.611,HMAC,1,2,2,0,0,0,0,0,0,0,0,0,1,0,0,0,0,0,1,0,0,0,0,0,0,0,3,0,0,0,0,0,0,0,1,2,2,0,0,0,0,0,0,0,1,2,2,0,0,0,1,2,2,5,5,0,3,1,0,0,0,0,0,0,0,0,0,0,0,0,0,0,0,1,2,0,1,0,0,1,2,2,0,3,1,1,1,0,0,0,1,0,0,0,0,0,5,0,0.74,,,,0.13,0.61,,,,,,,,,,,,,,,,,,,,,,,,,,,,,0,5.0,0.643,346.6,0.0
1345,Very Low,RPath,345,3.0,0.0,0.578,0.0,1.734,0.0,5.0,0.578,94.7,65,4,3,15.0,sidewalks,94.729,HMAC,1,2,2,1,0,0,1,0,0,0,0,0,1,2,2,0,0,0,0,0,0,0,0,0,0,5,0,2,0,0,0,0,0,0,1,2,0,0,0,0,1,0,0,0,1,2,0,0,1,1,1,2,2,0,5,4,0,1,0,0,0,0,0,0,0,0,0,0,0,0,0,0,0,1,2,2,1,0,0,0,0,0,5,3,1,1,1,0,0,0,0,0,0,0,0,0,5,0,0.586,,,,,0.554,,,,,,,,,,,0.016,0.016,,,,,,,,,,,,,,,,,0,5.0,0.578,94.7,0.0
1346,Very Low,RPath,347,3.0,0.0,0.529,0.0,1.5870000000000002,0.0,5.0,0.529,122.0,56,3,3,15.0,sidewalks,118.339,HMAC,1,2,2,1,0,0,1,0,0,0,0,0,1,0,0,0,0,0,0,0,0,0,0,0,0,0,0,2,0,0,0,0,0,0,1,2,2,0,0,0,0,0,0,0,0,0,0,0,1,1,1,2,0,5,5,0,0,1,0,0,0,0,0,0,1,0,0,0,0,0,1,2,0,1,0,0,1,2,2,0,0,0,5,3,1,0,1,0,0,0,0,0,0,0,0,0,5,0,0.541,,,,,0.517,,,,,,,,,,0.025,,,,,,,,,,,,,,,,,,,0,5.0,0.529,122.0,0.0
1347,Very Low,RPath,348,3.0,0.0,0.939,0.0,2.8169999999999997,0.0,5.0,0.939,134.6,54,3,3,15.0,sidewalks,129.735,HMAC,1,2,2,0,0,0,0,0,0,0,0,0,1,0,0,1,0,0,0,0,0,0,0,0,0,0,0,2,0,0,0,0,0,0,1,2,2,0,0,0,0,0,0,0,0,0,0,0,1,1,1,2,2,5,5,0,3,1,0,0,0,0,0,0,0,0,0,0,0,0,1,2,0,1,0,0,1,2,2,0,0,0,0,3,1,0,1,0,0,0,0,0,0,0,0,0,5,0,0.958,,,0.011,,0.914,,,,,,0.011,,,,0.022,,,,,,,,,,,,,,,,,,,1,5.0,0.939,134.6,10.0
1348,Very Low,RPath,365,3.0,0.0,0.789,0.0,2.367,0.0,5.0,0.789,76.1,51,3,3,15.0,sidewalks,72.062,HMAC,1,0,0,1,0,0,0,0,0,0,0,0,1,0,0,0,0,0,0,0,0,0,0,0,0,5,0,2,0,0,0,1,0,0,1,2,2,0,0,0,1,2,0,0,0,0,0,0,1,1,1,2,2,5,0,4,0,1,0,0,0,0,0,0,0,0,0,0,0,0,0,0,0,1,2,0,1,0,0,0,0,0,0,3,1,1,1,0,0,0,0,0,0,0,0,0,5,0,0.789,,,,,0.789,,,,,,,,,,,,,,,,,,,,,,,,,,,,,0,5.0,0.789,76.1,0.0
1349,Very Low,RPath,366,3.0,0.0,0.962,0.0,2.886,0.0,5.0,0.962,73.3,55,3,3,15.0,sidewalks,68.734,HMAC,1,2,0,1,0,0,1,0,0,0,0,0,1,0,0,0,0,0,0,0,0,0,0,0,0,5,0,2,0,0,0,1,0,0,1,2,2,0,0,0,1,0,0,0,0,0,0,0,1,1,1,2,2,5,0,4,3,1,0,0,0,0,0,0,0,0,0,0,0,0,0,0,0,1,2,0,1,0,0,0,0,0,0,3,1,1,1,0,0,0,0,0,0,0,0,0,5,0,0.962,,,,,0.962,,,,,,,,,,,,,,,,,,,,,,,,,,,,,1,5.0,0.962,73.3,10.0
1350,Very Low,RPath,367,3.0,0.0,0.757,0.0,2.271,0.0,5.0,0.757,76.3,58,3,3,15.0,sidewalks,72.794,HMAC,1,2,0,1,2,0,1,0,0,0,0,0,1,0,0,0,0,0,0,0,0,0,0,0,0,5,0,2,0,0,0,1,0,0,1,2,2,1,0,0,1,0,0,0,0,0,0,0,1,1,1,2,2,5,0,4,0,1,0,0,0,0,0,0,0,0,0,0,0,0,0,0,0,1,0,0,1,0,0,0,0,0,5,3,1,1,1,0,0,0,0,0,0,0,0,0,5,0,0.767,,,,,0.747,,,,,,,,,,0.02,,,,,,,,,,,,,,,,,,,0,5.0,0.757,76.3,0.0
1351,Very Low,RPath,394,3.0,0.0,0.608,0.0,1.8239999999999998,0.0,5.0,0.608,134.5,56,3,3,15.0,sidewalks,134.494,HMAC,1,2,0,0,0,0,0,0,0,0,0,0,1,0,0,0,0,0,1,0,0,0,0,0,0,0,3,0,0,0,0,1,2,0,1,2,2,0,0,0,0,0,0,0,1,2,2,0,1,1,1,2,2,5,5,0,0,1,0,0,0,0,0,0,0,0,0,0,0,0,0,0,0,1,0,0,1,2,2,0,0,0,0,0,1,1,1,0,0,0,0,0,0,1,2,0,5,0,0.625,,,,,0.591,,,,,,,,,,0.033,,,,,,,,,,,,,,,,,,,0,5.0,0.608,134.5,0.0
1352,Very Low,RPath,432,3.0,0.0,0.621,0.0,1.863,0.0,5.0,0.621,123.2,62,3,3,15.0,sidewalks,123.167,HMAC,1,2,2,1,0,0,1,0,0,0,0,0,1,0,0,1,2,0,1,0,0,0,0,0,0,0,3,0,0,0,0,1,0,0,1,2,2,0,0,0,0,0,0,0,1,2,0,0,1,1,1,2,2,5,5,0,0,1,0,0,0,0,0,0,1,2,0,0,0,0,0,0,0,1,2,2,1,0,0,0,0,0,0,3,1,1,1,0,0,0,0,0,0,0,0,0,5,0,0.621,,,,,0.621,,,,,,,,,,,,,,,,,,,,,,,,,,,,,1,5.0,0.621,123.2,10.0
1353,Very Low,RPath,486,3.0,0.0,0.951,0.0,2.8529999999999998,0.0,5.0,0.951,301.2,49,3,3,15.0,sidewalks,301.242,HMAC,1,2,0,0,0,0,0,0,0,0,0,0,1,2,2,1,2,0,1,2,2,0,0,0,0,0,3,0,0,0,0,1,0,0,1,2,0,0,0,0,0,0,0,0,1,0,0,0,1,0,1,2,0,0,0,0,3,1,0,0,0,0,0,0,1,0,0,0,0,0,0,0,0,1,2,0,1,2,2,0,0,0,0,0,1,1,1,0,0,0,0,0,0,0,0,0,5,0,0.951,,,,,0.951,,,,,,,,,,,,,,,,,,,,,,,,,,,,,0,5.0,0.951,301.2,0.0
1354,Very Low,RPath,487,3.0,0.0,0.973,0.0,2.919,0.0,5.0,0.973,149.5,62,3,3,15.0,sidewalks,149.66,HMAC,1,2,2,1,2,2,1,2,2,0,0,0,1,2,0,1,2,0,0,0,0,0,0,0,0,5,0,2,0,0,0,0,0,0,1,2,2,0,0,0,0,0,0,0,1,2,0,0,1,0,1,2,2,0,0,0,0,1,0,0,0,0,0,0,1,2,0,0,0,0,0,0,0,1,2,0,0,0,0,0,0,0,5,3,0,0,0,0,0,0,0,0,0,0,0,0,5,0,0.973,,,,,0.973,,,,,,,,,,,,,,,,,,,,,,,,,,,,,0,5.0,0.973,149.5,0.0
1355,Very Low,RPath,488,3.0,0.0,1.023,0.0,3.069,0.0,5.0,1.023,70.4,57,3,3,15.0,sidewalks,71.492,HMAC,1,2,2,1,2,0,1,2,0,0,0,0,1,2,0,1,2,0,0,0,0,0,0,0,0,0,0,2,0,0,0,0,0,0,1,2,2,0,0,0,0,0,0,0,1,2,2,0,1,1,1,2,2,0,0,0,0,1,0,0,0,0,0,0,1,0,0,0,0,0,0,0,0,1,2,2,1,0,0,0,0,0,5,3,0,0,0,0,0,0,0,0,0,0,0,0,5,0,1.023,,,,,1.023,,,,,,,,,,,,,,,,,,,,,,,,,,,,,0,5.0,1.023,70.4,0.0
1356,Very Low,RPath,489,3.0,0.0,0.992,0.0,2.976,0.0,5.0,0.992,59.0,66,4,3,15.0,sidewalks,59.666,HMAC,1,2,0,1,2,0,1,2,0,0,0,0,1,2,2,1,2,2,0,0,0,0,0,0,0,0,0,2,0,0,0,0,0,0,1,2,2,0,0,0,0,0,0,0,1,2,2,0,1,1,1,2,2,5,5,0,0,1,0,0,0,0,0,0,1,0,0,0,0,0,0,0,0,1,2,2,1,0,0,0,0,0,5,0,0,0,0,0,0,0,0,0,0,0,0,0,5,0,0.992,,,,,0.992,,,,,,,,,,,,,,,,,,,,,,,,,,,,,0,5.0,0.992,59.0,0.0
1357,Very Low,RPath,509,3.0,0.0,0.674,0.0,2.0220000000000002,0.0,5.0,0.674,304.0,60,3,3,15.0,sidewalks,303.989,HMAC,1,2,2,1,2,2,1,2,0,0,0,0,1,2,2,1,2,0,0,0,0,0,0,0,0,5,0,2,0,0,0,0,0,0,1,2,2,0,0,0,1,0,0,0,1,0,0,0,0,0,1,0,0,0,0,0,0,1,0,0,0,0,0,0,0,0,0,0,0,0,0,0,0,1,2,2,1,2,2,0,0,0,5,3,0,0,0,0,0,0,0,0,0,0,0,0,5,0,0.676,,,,,0.671,,,,,,,,,,,,0.005,,,,,,,,,,,,,,,,,0,5.0,0.674,304.0,0.0
1358,Very Low,RPath,512,3.0,0.0,0.539,0.0,1.617,0.0,5.0,0.539,79.3,64,4,3,15.0,sidewalks,61.646,HMAC,1,2,2,1,2,0,1,2,0,0,0,0,1,0,0,0,0,0,0,0,0,0,0,0,0,5,0,2,0,0,0,0,0,0,1,2,2,0,0,0,0,0,0,0,0,0,0,0,1,1,1,2,2,0,5,0,0,1,0,0,0,0,0,0,1,2,0,0,0,0,1,2,0,1,2,2,1,2,2,0,0,0,5,0,0,0,1,0,0,0,0,0,0,0,0,0,5,0,0.568,,,,0.019,0.53,,,,,,0.019,,,,,,,,,,,,,,,,,,,,,,,1,5.0,0.539,79.3,10.0
1359,Very Low,RPath,539,3.0,0.0,0.607,0.0,1.821,0.0,5.0,0.607,32.1,60,3,3,15.0,sidewalks,28.313,CON,1,2,0,0,0,0,0,0,0,1,2,0,1,0,0,1,0,0,0,0,0,0,0,0,5,0,0,0,1,2,2,1,0,0,1,0,0,0,0,0,1,0,0,0,1,2,0,0,1,1,1,2,2,0,5,0,0,1,1,2,0,0,0,0,1,2,0,0,0,0,1,0,0,1,0,0,1,2,0,0,0,0,0,0,1,1,1,1,2,0,1,0,0,0,0,0,5,0,0.748,,,,0.187,0.561,,,,,,,,,,,,,,,,,,,,,,,,,,,,,1,5.0,0.607,32.1,10.0
1360,Very Low,RPath,613,3.0,0.0,0.68,0.0,2.04,0.0,5.0,0.68,61.7,64,4,3,15.0,sidewalks,64.069,HMAC,1,2,2,1,2,0,1,0,0,0,0,0,1,2,0,1,2,0,0,0,0,0,0,0,0,5,0,2,0,0,0,0,0,0,0,0,0,0,0,0,0,0,0,0,0,0,0,0,1,1,1,2,2,5,5,0,3,1,0,0,0,0,0,0,0,0,0,0,0,0,0,0,0,0,0,0,1,2,2,0,0,0,5,3,1,1,1,0,0,0,0,0,0,0,0,0,5,0,0.68,,,,,0.656,,,,,,,,,,,0.024,,,,,,,,,,,,,,,,,,3,5.0,0.68,61.7,30.0
1361,Very Low,RPath,620,3.0,0.0,0.781,0.0,2.343,0.0,5.0,0.781,73.0,55,3,3,15.0,sidewalks,70.346,HMAC,1,0,0,1,0,0,1,0,0,0,0,0,1,0,0,0,0,0,0,0,0,0,0,0,0,5,0,2,0,0,0,1,0,0,1,2,2,0,0,0,1,2,0,0,0,0,0,0,1,1,1,2,2,5,0,4,3,1,0,0,0,0,0,0,0,0,0,0,0,0,0,0,0,1,2,0,1,0,0,0,0,0,0,3,1,1,1,0,0,0,0,0,0,0,0,0,5,0,0.781,,,,,0.761,,,,,,,,,,,0.021,,,,,,,,,,,,,,,,,,1,5.0,0.781,73.0,10.0
1362,Very Low,RPath,901,3.0,0.0,0.696,0.0,2.088,0.0,5.0,0.696,185.8,53,3,3,15.0,sidewalks,185.81,HMAC,1,2,2,1,0,0,1,0,0,0,0,0,1,2,2,0,0,0,0,0,0,0,0,0,0,5,0,2,0,0,0,0,0,0,1,2,0,0,0,0,0,0,0,0,1,0,0,0,0,0,1,0,0,0,0,0,0,1,0,0,0,0,0,0,1,0,0,0,0,0,0,0,0,1,2,2,1,2,2,1,0,0,5,3,1,1,1,0,0,0,0,0,0,0,0,0,5,0,0.702,,,,,0.694,,,,,,0.008,,,,,,,,,,,,,,,,,,,,,,,0,5.0,0.696,185.8,0.0
1363,Very Low,RPath,996,3.0,0.0,0.501,0.0,1.5030000000000001,0.0,5.0,0.501,375.8,53,3,3,15.0,sidewalks,373.029,HMAC,1,2,2,1,0,0,1,0,0,0,0,0,1,0,0,1,0,0,0,0,0,0,0,0,0,0,0,2,0,0,0,0,0,0,1,2,2,0,0,0,0,0,0,0,0,0,0,0,1,1,1,2,2,5,5,0,3,1,0,0,0,0,0,0,0,0,0,0,0,0,1,0,0,1,0,0,1,2,0,0,0,0,0,3,1,1,1,0,0,0,0,0,0,0,0,0,5,0,0.519,,,,0.024,0.491,,,,,,,,,,,0.004,,,,,,,,,,,,,,,,,,1,5.0,0.501,375.8,10.0
1364,Very Low,RPath,997,3.0,0.0,0.855,0.0,2.565,0.0,5.0,0.855,300.0,56,3,3,15.0,sidewalks,283.717,HMAC,1,2,2,1,2,0,1,0,0,0,0,0,1,0,0,1,0,0,0,0,0,0,0,0,0,5,0,2,0,0,0,0,0,0,1,2,2,0,0,0,0,0,0,0,0,0,0,0,1,1,1,2,2,5,5,0,0,0,0,0,0,0,0,0,0,0,0,0,0,0,1,0,0,1,0,0,1,2,0,0,0,0,0,3,1,1,1,0,0,0,0,0,0,0,0,0,5,0,0.855,,,,,0.855,,,,,,,,,,,,,,,,,,,,,,,,,,,,,1,5.0,0.855,300.0,10.0
1365,Very Low,RPath,999,3.0,0.0,0.966,0.0,2.8979999999999997,0.0,5.0,0.966,384.0,53,3,3,15.0,sidewalks,382.68,HMAC,1,2,2,1,2,0,1,2,0,0,0,0,1,0,0,1,0,0,0,0,0,0,0,0,0,5,0,2,0,0,0,0,0,0,0,0,0,0,0,0,0,0,0,0,0,0,0,0,1,1,1,2,2,5,5,0,3,0,0,0,0,0,0,0,0,0,0,0,0,0,0,0,0,0,0,0,1,2,2,0,0,0,0,0,1,1,1,0,0,0,0,0,0,0,0,0,5,0,0.969,,,,,0.965,,,,,,0.004,,,,,,,,,,,,,,,,,,,,,,,3,5.0,0.966,384.0,30.0
1366,Very Low,RPath,1012,3.0,0.0,0.766,0.0,2.298,0.0,5.0,0.766,300.0,53,3,3,15.0,sidewalks,298.793,HMAC,1,2,2,1,2,0,1,2,0,0,0,0,1,0,0,1,0,0,0,0,0,0,0,0,0,5,0,2,0,0,0,0,0,0,0,0,0,0,0,0,0,0,0,0,0,0,0,0,1,1,1,2,2,5,5,0,3,0,0,0,0,0,0,0,0,0,0,0,0,0,0,0,0,0,0,0,1,2,2,0,0,0,0,0,1,1,1,0,0,0,0,0,0,0,0,0,5,0,0.995,,,,0.305,0.685,,,,,,,0.005,,,,,,,,,,,,,,,,,,,,,,3,5.0,0.766,300.0,30.0
1367,Very Low,RPath,1091,3.0,0.0,0.931,0.0,2.793,0.0,5.0,0.931,229.6,58,3,3,15.0,sidewalks,231.238,HMAC,1,2,2,1,0,0,1,0,0,0,0,0,1,2,0,0,0,0,0,0,0,0,0,0,0,5,0,2,0,0,0,0,0,0,1,2,2,0,0,0,0,0,0,0,1,0,0,0,0,0,1,2,2,5,5,0,3,0,0,0,0,0,0,0,0,0,0,0,0,0,0,0,0,1,2,0,1,2,0,0,0,0,0,3,1,1,1,0,0,0,0,0,0,0,0,0,5,0,0.934,,,,,0.928,,,,,,,,,,0.007,,,,,,,,,,,,,,,,,,,1,5.0,0.931,229.6,10.0
1368,Very Low,RPath,1092,3.0,0.0,0.98,0.0,2.94,0.0,5.0,0.98,241.8,57,3,3,15.0,sidewalks,243.175,HMAC,1,2,2,0,0,0,0,0,0,0,0,0,1,2,2,1,2,2,0,0,0,0,0,0,0,5,0,2,0,0,0,0,0,0,1,2,2,0,0,0,0,0,0,0,0,0,0,0,0,0,1,0,0,5,5,0,0,1,0,0,0,0,0,0,0,0,0,0,0,0,0,0,0,1,2,0,1,2,2,0,0,0,0,3,1,1,0,0,0,0,0,0,0,0,0,0,5,0,0.98,,,,,0.974,,,,,,,,,,,0.006,,,,,,,,,,,,,,,,,,0,5.0,0.98,241.8,0.0
1369,Very Low,RPath,1093,3.0,0.0,0.716,0.0,2.1479999999999997,0.0,5.0,0.716,235.1,53,3,3,15.0,sidewalks,232.802,HMAC,1,2,2,1,0,0,0,0,0,0,0,0,1,2,2,1,2,2,0,0,0,0,0,0,0,5,0,2,0,0,0,0,0,0,1,2,0,0,0,0,0,0,0,0,0,0,0,0,0,0,1,2,2,5,5,0,0,1,0,0,0,0,0,0,0,0,0,0,0,0,0,0,0,1,0,0,0,0,0,0,0,0,0,3,1,1,0,0,0,0,0,0,0,0,0,0,5,0,0.721,,,,,0.683,,0.006,,,0.019,,,,,,0.013,,,,,,,,,,,,,,,,,,0,5.0,0.716,235.1,0.0
1370,Very Low,RPath,1094,3.0,0.0,0.719,0.0,2.157,0.0,5.0,0.719,173.1,54,3,3,15.0,sidewalks,168.585,HMAC,1,2,2,1,0,0,1,0,0,0,0,0,0,0,0,0,0,0,0,0,0,0,0,0,0,5,0,2,0,0,0,0,0,0,1,2,2,0,0,0,0,0,0,0,0,0,0,0,0,0,1,2,2,5,5,4,0,0,0,0,0,0,0,0,0,0,0,0,0,0,0,0,0,1,2,2,0,0,0,0,0,0,0,3,1,1,1,0,0,0,0,0,0,0,0,0,5,0,0.745,,,,0.035,0.711,,,,,,,,,,,,,,,,,,,,,,,,,,,,,0,5.0,0.719,173.1,0.0
1371,Very Low,RPath,1096,3.0,0.0,0.907,0.0,2.721,0.0,5.0,0.907,392.0,51,3,3,15.0,sidewalks,387.668,HMAC,1,2,2,1,0,0,1,0,0,0,0,0,0,0,0,0,0,0,0,0,0,0,0,0,0,5,0,2,0,0,0,0,0,0,1,2,2,0,0,0,0,0,0,0,0,0,0,0,0,0,1,2,2,5,5,4,0,1,0,0,0,0,0,0,0,0,0,0,0,0,0,0,0,1,0,0,0,0,0,0,0,0,0,3,1,1,1,0,0,0,0,0,0,0,0,0,5,0,0.907,,,,,0.907,,,,,,,,,,,,,,,,,,,,,,,,,,,,,0,5.0,0.907,392.0,0.0
1372,Very Low,RPath,1100,3.0,0.0,0.986,0.0,2.958,0.0,5.0,0.986,238.9,56,3,3,15.0,sidewalks,236.286,HMAC,1,2,2,1,0,0,1,0,0,0,0,0,1,2,0,1,0,0,0,0,0,0,0,0,0,5,0,2,0,0,0,0,0,0,1,2,2,0,0,0,0,0,0,0,1,2,2,0,0,0,1,2,2,5,5,0,0,1,0,0,0,0,0,0,1,0,0,0,0,0,0,0,0,1,2,0,1,0,0,0,0,0,0,0,1,0,1,0,0,0,0,0,0,0,0,0,5,0,0.986,,,,,0.986,,,,,,,,,,,,,,,,,,,,,,,,,,,,,1,5.0,0.986,238.9,10.0
1373,Very Low,RPath,1101,3.0,0.0,0.78,0.0,2.34,0.0,5.0,0.78,168.8,61,3,3,15.0,sidewalks,166.297,HMAC,1,2,2,1,0,0,1,0,0,0,0,0,1,0,0,1,2,0,0,0,0,0,0,0,0,5,0,2,0,0,0,0,0,0,1,2,2,0,0,0,0,0,0,0,1,2,2,0,1,0,1,2,2,5,5,0,0,1,0,0,0,0,0,0,1,2,0,0,0,0,0,0,0,1,2,0,0,0,0,0,0,0,0,3,1,0,1,0,0,0,0,0,0,0,0,0,5,0,0.791,,,,,0.756,,0.009,,,,,0.009,,,0.009,0.009,,,,,,,,,,,,,,,,,,0,5.0,0.78,168.8,0.0
1374,Very Low,RPath,1104,3.0,0.0,0.759,0.0,2.277,0.0,5.0,0.759,104.8,66,4,3,15.0,sidewalks,101.816,HMAC,1,2,2,1,2,0,1,0,0,0,0,0,1,0,0,1,2,2,0,0,0,0,0,0,5,0,0,2,0,0,0,0,0,0,1,2,2,0,0,0,0,0,0,0,1,2,2,0,1,1,1,2,2,5,5,0,0,1,0,0,0,0,0,0,1,2,0,0,0,0,0,0,0,1,2,0,0,0,0,0,0,0,0,3,1,0,1,0,0,0,0,0,0,0,0,0,5,0,0.759,,,,,0.744,,,,,,,0.014,,,,,,,,,,,,,,,,,,,,,,2,5.0,0.759,104.8,20.0
1375,Very Low,RPath,1137,3.0,0.0,0.919,0.0,2.757,0.0,5.0,0.919,223.6,54,3,3,15.0,sidewalks,224.666,HMAC,1,2,2,0,0,0,0,0,0,0,0,0,1,2,2,1,2,2,0,0,0,0,0,0,0,5,0,2,0,0,0,0,0,0,1,2,2,0,0,0,0,0,0,0,0,0,0,0,0,0,1,2,0,5,5,0,0,0,0,0,0,0,0,0,0,0,0,0,0,0,0,0,0,1,2,0,1,0,0,0,0,0,0,3,1,1,0,0,0,0,0,0,0,0,0,0,5,0,0.919,,,,,0.919,,,,,,,,,,,,,,,,,,,,,,,,,,,,,0,5.0,0.919,223.6,0.0
1376,Very Low,RPath,1151,3.0,0.0,0.874,0.0,2.622,0.0,5.0,0.874,227.4,53,3,3,15.0,sidewalks,225.92,HMAC,1,2,2,0,0,0,0,0,0,0,0,0,1,0,0,1,0,0,0,0,0,0,0,0,0,5,0,2,0,0,0,0,0,0,1,2,0,0,0,0,0,0,0,0,0,0,0,0,0,0,1,2,0,5,5,0,3,1,0,0,0,0,0,0,0,0,0,0,0,0,0,0,0,1,2,0,1,2,2,0,0,0,0,3,1,1,1,0,0,0,0,0,0,0,0,0,5,0,0.877,,,,,0.864,,,,,,,,,,0.007,0.007,,,,,,,,,,,,,,,,,,0,5.0,0.874,227.4,0.0
1377,Very Low,RPath,1163,3.0,0.0,0.585,0.0,1.755,0.0,5.0,0.585,10.3,54,3,3,15.0,sidewalks,8.119,CON,1,2,2,1,2,2,0,0,0,0,0,0,0,0,0,0,0,0,0,0,0,0,0,0,0,0,0,0,0,0,0,0,0,0,1,2,2,0,0,0,0,0,0,0,1,2,2,0,0,0,1,2,2,5,5,0,3,0,0,0,0,0,0,0,0,0,0,0,0,0,0,0,0,0,0,0,1,0,0,0,0,0,0,0,1,1,1,1,2,0,1,0,0,1,2,0,5,0,0.585,,,,,0.585,,,,,,,,,,,,,,,,,,,,,,,,,,,,,0,5.0,0.585,10.3,0.0
1378,Very Low,RPath,926,3.0,0.0,0.832,0.0,2.496,0.0,5.0,0.832,315.5,53,3,3,15.0,sidewalks,92.926,HMAC,1,2,2,1,2,2,0,0,0,0,0,0,1,2,2,0,0,0,0,0,0,0,0,0,0,5,0,0,0,0,0,0,0,0,0,0,0,0,0,0,1,0,0,0,0,0,0,0,1,0,1,2,2,5,5,0,0,0,1,0,0,0,0,0,0,0,0,0,0,0,0,0,0,0,0,0,1,2,0,0,0,0,0,0,1,1,1,0,0,0,1,2,0,1,0,0,5,0,0.832,,,,,0.832,,,,,,,,,,,,,,,,,,,,,,,,,,,,,0,5.0,0.832,315.5,0.0
1379,Very Low,RPath,346,3.0,0.0,0.926,0.0,2.778,0.0,5.0,0.926,136.0,66,4,3,15.0,sidewalks,55.437,HMAC,1,2,2,1,2,0,1,2,0,0,0,0,0,0,0,0,0,0,0,0,0,0,0,0,0,5,0,2,0,0,0,0,0,0,1,2,2,0,0,0,0,0,0,0,0,0,0,0,1,1,1,2,2,5,5,0,0,0,0,0,0,0,0,0,1,2,0,0,0,0,1,2,0,1,2,0,1,2,2,0,0,0,5,0,1,0,1,0,0,0,0,0,0,0,0,0,5,0,0.949,,,,,0.893,,,,,,0.022,0.011,,,0.011,0.011,,,,,,,,,,,,,,,,,,1,5.0,0.926,136.0,10.0
1380,Very Low,RPath,1455,3.0,0.0,0.508,0.0,1.524,0.0,5.0,0.508,89.4,50,3,3,15.0,walkways,89.404,HMAC,1,2,2,1,2,0,0,0,0,0,0,0,1,2,0,1,2,0,0,0,0,0,0,0,0,5,0,2,0,0,0,0,0,0,1,2,2,0,0,0,0,0,0,0,1,0,0,0,1,0,1,2,0,0,0,0,0,1,0,0,0,0,0,0,0,0,0,0,0,0,0,0,0,1,2,2,1,2,0,0,0,0,5,0,0,0,0,0,0,0,0,0,0,0,0,0,5,0,0.52,,,,,0.503,,0.017,,,,,,,,,,,,,,,,,,,,,,,,,,,0,5.0,0.508,89.4,0.0
1381,Very Low,RPath,1458,3.0,0.0,1.024,0.0,3.072,0.0,5.0,1.024,70.3,53,3,3,15.0,walkways,70.315,HMAC,1,2,2,1,2,2,1,2,2,0,0,0,1,0,0,0,0,0,0,0,0,0,0,0,0,5,0,2,0,0,0,0,0,0,1,2,2,0,0,0,0,0,0,0,0,0,0,0,1,0,1,2,0,0,0,0,0,1,0,0,0,0,0,0,1,2,0,0,0,0,1,0,0,1,2,0,1,2,0,0,0,0,5,0,0,0,0,0,0,0,0,0,0,0,0,0,5,0,1.024,,,,,1.024,,,,,,,,,,,,,,,,,,,,,,,,,,,,,0,5.0,1.024,70.3,0.0
1382,Very Low,RPath,1501,3.0,0.0,0.714,0.0,2.142,0.0,5.0,0.714,37.8,52,3,3,15.0,walkways,37.961,HMAC,1,2,2,1,2,2,1,2,0,0,0,0,1,2,0,1,2,0,0,0,0,0,0,0,0,5,0,2,0,0,0,0,0,0,1,2,2,0,0,0,0,0,0,0,1,0,0,0,1,0,1,2,0,0,0,0,3,0,0,0,0,0,0,0,1,0,0,0,0,0,0,0,0,1,0,0,1,2,0,0,0,0,0,3,0,0,0,0,0,0,0,0,0,0,0,0,5,0,0.714,,,,,0.714,,,,,,,,,,,,,,,,,,,,,,,,,,,,,0,5.0,0.714,37.8,0.0
1383,Very Low,RPath,1502,3.0,0.0,0.616,0.0,1.8479999999999999,0.0,5.0,0.616,40.2,51,3,3,15.0,walkways,40.187,HMAC,1,2,2,1,2,2,1,0,0,0,0,0,1,2,2,1,2,0,0,0,0,0,0,0,0,5,0,2,0,0,0,0,0,0,1,2,2,0,0,0,0,0,0,0,1,0,0,0,1,0,1,2,0,0,0,0,0,1,0,0,0,0,0,0,0,0,0,0,0,0,0,0,0,1,2,0,1,2,0,0,0,0,0,3,0,0,0,0,0,0,0,0,0,0,0,0,5,0,0.672,,,,,0.597,,0.075,,,,,,,,,,,,,,,,,,,,,,,,,,,0,5.0,0.616,40.2,0.0
1384,Very Low,RPath,1548,3.0,0.0,0.515,0.0,1.545,0.0,5.0,0.515,49.5,51,3,3,15.0,walkways,49.488,HMAC,1,2,2,1,2,0,1,2,0,0,0,0,1,2,2,1,2,0,0,0,0,0,0,0,0,5,0,2,0,0,0,0,0,0,1,2,0,0,0,0,1,0,0,0,1,0,0,0,0,0,1,0,0,0,0,0,0,1,0,0,0,0,0,0,0,0,0,0,0,0,0,0,0,1,2,2,1,2,2,0,0,0,0,3,0,0,0,0,0,0,0,0,0,0,0,0,5,0,0.515,,,,,0.303,,,0.03,,,,0.182,,,,,,,,,,,,,,,,,,,,,,0,5.0,0.515,49.5,0.0
1385,Very Low,RPath,1553,3.0,0.0,0.997,0.0,2.991,0.0,5.0,0.997,42.1,55,3,3,15.0,walkways,42.59,HMAC,1,2,2,1,2,0,1,2,0,0,0,0,1,0,0,1,2,0,0,0,0,0,0,0,0,5,0,2,0,0,0,1,2,0,1,2,2,0,0,0,1,2,0,0,1,2,0,0,1,0,1,2,2,0,0,0,0,1,0,0,0,0,0,0,0,0,0,0,0,0,0,0,0,1,0,0,1,2,0,0,0,0,0,3,0,0,0,0,0,0,0,0,0,0,0,0,5,0,0.997,,,,,0.961,,,,,,,,,,,,,0.036,,,,,,,,,,,,,,,,0,5.0,0.997,42.1,0.0
1386,Very Low,RPath,1554,3.0,0.0,1.084,0.0,3.2520000000000002,0.0,5.0,1.084,77.5,49,3,3,15.0,walkways,37.139,HMAC,1,2,2,1,2,0,1,0,0,0,0,0,1,2,0,1,0,0,0,0,0,0,0,0,0,5,0,2,0,0,0,1,0,0,1,2,2,0,0,0,1,2,0,0,1,0,0,0,1,0,1,2,0,0,0,0,0,1,0,0,0,0,0,0,0,0,0,0,0,0,0,0,0,1,2,0,1,2,0,0,0,0,0,3,0,0,0,0,0,0,0,0,0,0,0,0,5,0,1.084,,,,,1.084,,,,,,,,,,,,,,,,,,,,,,,,,,,,,0,5.0,1.084,77.5,0.0
1387,Very Low,RPath,15,2.0,0.0,0.603,0.0,1.206,0.0,5.0,0.603,9.9,40,2,2,10.0,sidewalks,9.948,CON,1,2,2,1,2,2,0,0,0,0,0,0,0,0,0,1,0,0,0,0,0,0,0,0,0,0,0,0,0,0,0,0,0,0,1,2,0,0,0,0,0,0,0,0,0,0,0,0,1,0,1,2,0,0,0,0,0,1,0,0,0,0,0,0,0,0,0,0,0,0,0,0,0,0,0,0,1,2,2,0,0,0,0,0,1,1,1,1,2,0,1,2,2,0,0,0,5,0,0.603,,,,,0.603,,,,,,,,,,,,,,,,,,,,,,,,,,,,,0,5.0,0.603,9.9,0.0
1388,Very Low,RPath,50,2.0,0.0,0.547,0.0,1.094,0.0,5.0,0.547,68.6,43,2,2,10.0,sidewalks,68.611,HMAC,1,2,2,1,0,0,0,0,0,0,0,0,1,2,0,0,0,0,0,0,0,0,0,0,0,5,0,2,0,0,0,0,0,0,1,2,2,0,0,0,0,0,0,0,1,0,0,0,0,0,1,0,0,0,0,0,3,1,0,0,0,0,0,0,0,0,0,0,0,0,0,0,0,1,2,0,1,0,0,0,0,0,0,3,1,1,1,0,0,0,1,0,0,0,0,0,5,0,0.547,,,,,0.547,,,,,,,,,,,,,,,,,,,,,,,,,,,,,0,5.0,0.547,68.6,0.0
1389,Very Low,RPath,51,2.0,0.0,0.792,0.0,1.584,0.0,5.0,0.792,68.1,40,2,2,10.0,sidewalks,68.14,HMAC,1,2,2,1,0,0,0,0,0,0,0,0,1,2,0,0,0,0,0,0,0,0,0,0,0,5,0,2,0,0,0,0,0,0,1,2,2,0,0,0,0,0,0,0,0,0,0,0,0,0,0,0,0,0,0,0,3,1,0,0,0,0,0,0,0,0,0,0,0,0,0,0,0,1,2,0,0,0,0,0,0,0,0,3,1,1,1,0,0,0,1,0,0,0,0,0,5,0,0.792,,,,,0.792,,,,,,,,,,,,,,,,,,,,,,,,,,,,,0,5.0,0.792,68.1,0.0
1390,Very Low,RPath,73,2.0,0.0,0.965,0.0,1.93,0.0,5.0,0.965,135.2,46,3,2,10.0,sidewalks,131.499,HMAC,0,0,0,0,0,0,0,0,0,0,0,0,1,2,2,0,0,0,1,2,2,0,0,0,0,5,3,0,0,0,0,1,0,0,1,0,0,0,0,0,0,0,0,0,1,0,0,0,1,1,1,2,2,0,0,0,3,1,0,0,0,0,0,0,0,0,0,0,0,0,0,0,0,0,0,0,1,2,2,0,0,0,0,0,1,1,1,0,0,0,0,0,0,1,0,0,5,0,0.965,,,,,0.965,,,,,,,,,,,,,,,,,,,,,,,,,,,,,0,5.0,0.965,135.2,0.0
1391,Very Low,RPath,337,2.0,0.0,0.505,0.0,1.01,0.0,5.0,0.505,77.2,46,3,2,10.0,sidewalks,77.247,HMAC,1,2,0,1,2,0,1,0,0,0,0,0,1,2,2,0,0,0,0,0,0,0,0,0,0,0,0,2,0,0,0,0,0,0,1,2,0,0,0,0,0,0,0,0,0,0,0,0,1,1,1,2,2,5,0,0,3,1,0,0,0,0,0,0,0,0,0,0,0,0,0,0,0,1,0,0,1,0,0,0,0,0,0,3,1,1,1,0,0,0,0,0,0,0,0,0,5,0,0.505,,,0.117,,0.388,,,,,,,,,,,,,,,,,,,,,,,,,,,,,0,5.0,0.505,77.2,0.0
1392,Very Low,RPath,368,2.0,0.0,0.544,0.0,1.088,0.0,5.0,0.544,74.5,47,3,2,10.0,sidewalks,50.468,HMAC,1,2,2,1,2,2,1,0,0,0,0,0,1,2,0,1,2,0,0,0,0,0,0,0,0,0,0,2,0,0,0,0,0,0,1,2,2,0,0,0,0,0,0,0,0,0,0,0,0,0,1,0,0,0,0,0,0,1,0,0,0,0,0,0,0,0,0,0,0,0,0,0,0,1,2,0,1,2,2,0,0,0,5,3,0,0,0,0,0,0,0,0,0,0,0,0,5,0,0.544,,,0.02,,0.524,,,,,,,,,,,,,,,,,,,,,,,,,,,,,0,5.0,0.544,74.5,0.0
1393,Very Low,RPath,995,2.0,0.0,0.845,0.0,1.69,0.0,5.0,0.845,300.0,33,2,2,10.0,sidewalks,300.0,HMAC,1,2,2,1,2,0,1,0,0,0,0,0,0,0,0,1,0,0,0,0,0,0,0,0,0,0,0,0,0,0,0,0,0,0,1,0,0,0,0,0,0,0,0,0,0,0,0,0,0,0,1,2,2,5,5,0,0,0,0,0,0,0,0,0,0,0,0,0,0,0,0,0,0,0,0,0,1,0,0,0,0,0,0,3,1,1,1,0,0,0,0,0,0,0,0,0,0,0,0.845,,,,,0.845,,,,,,,,,,,,,,,,,,,,,,,,,,,,,0,5.0,0.845,300.0,0.0
1394,Very Low,RPath,998,2.0,0.0,0.665,0.0,1.33,0.0,5.0,0.665,300.0,38,2,2,10.0,sidewalks,299.999,HMAC,1,2,2,1,2,0,1,2,0,0,0,0,1,0,0,1,0,0,0,0,0,0,0,0,0,0,0,0,0,0,0,0,0,0,1,2,0,0,0,0,0,0,0,0,0,0,0,0,0,0,1,2,2,5,5,0,0,0,0,0,0,0,0,0,0,0,0,0,0,0,0,0,0,0,0,0,1,0,0,0,0,0,0,3,1,1,1,0,0,0,0,0,0,0,0,0,0,0,0.67,,,,,0.66,,,,,,,,,,,,0.01,,,,,,,,,,,,,,,,,0,5.0,0.665,300.0,0.0
1395,Very Low,RPath,1031,2.0,0.0,0.512,0.0,1.024,0.0,5.0,0.512,8.8,40,2,2,10.0,sidewalks,6.606,CON,1,2,2,0,0,0,0,0,0,0,0,0,0,0,0,0,0,0,0,0,0,0,0,0,0,0,0,2,0,0,0,0,0,0,1,2,2,0,0,0,0,0,0,0,1,2,2,0,0,0,1,2,2,5,5,0,0,0,0,0,0,0,0,0,0,0,0,0,0,0,0,0,0,0,0,0,0,0,0,0,0,0,0,0,1,1,1,0,0,0,0,0,0,0,0,0,5,0,0.512,,,,,0.341,,,,,,,,,,,0.171,,,,,,,,,,,,,,,,,,0,5.0,0.512,8.8,0.0
1396,Very Low,RPath,1150,2.0,0.0,0.832,0.0,1.664,0.0,5.0,0.832,281.3,43,2,2,10.0,sidewalks,276.988,HMAC,1,2,2,1,0,0,0,0,0,0,0,0,1,0,0,1,0,0,0,0,0,0,0,0,0,5,0,2,0,0,0,0,0,0,1,0,0,0,0,0,0,0,0,0,0,0,0,0,0,0,1,2,2,5,5,0,0,1,0,0,0,0,0,0,0,0,0,0,0,0,0,0,0,0,0,0,0,0,0,0,0,0,0,3,1,1,1,0,0,0,0,0,0,0,0,0,5,0,0.832,,,0.005,,0.81,,,,,0.016,,,,,,,,,,,,,,,,,,,,,,,,0,5.0,0.832,281.3,0.0
1397,Very Low,RPath,1357,2.0,0.0,1.039,0.0,2.078,0.0,5.0,1.039,54.9,44,2,2,10.0,walkways,54.869,HMAC,1,2,0,1,2,0,0,0,0,0,0,0,1,2,0,1,0,0,0,0,0,0,0,0,0,0,0,2,0,0,0,0,0,0,1,2,0,0,0,0,1,2,0,0,0,0,0,0,1,0,1,2,0,0,0,0,0,1,0,0,0,0,0,0,0,0,0,0,0,0,0,0,0,1,2,2,1,2,0,0,0,0,5,3,0,0,0,0,0,0,0,0,0,0,0,0,5,0,1.039,,,,,1.039,,,,,,,,,,,,,,,,,,,,,,,,,,,,,0,5.0,1.039,54.9,0.0
1398,Very Low,RPath,1360,2.0,0.0,0.511,0.0,1.022,0.0,5.0,0.511,82.3,45,2,2,10.0,walkways,82.269,HMAC,1,2,0,0,0,0,0,0,0,0,0,0,1,2,0,0,0,0,0,0,0,0,0,0,0,0,0,2,0,0,0,1,0,0,1,2,2,0,0,0,1,0,0,0,1,0,0,0,0,0,1,2,0,0,0,0,0,1,1,2,0,0,0,0,0,0,0,0,0,0,0,0,0,1,2,0,1,2,0,0,0,0,5,3,1,1,1,0,0,0,0,0,0,0,0,0,5,0,0.547,,,,0.036,0.419,,,,,,,,,0.073,0.018,,,,,,,,,,,,,,,,,,,0,5.0,0.511,82.3,0.0
1399,Very Low,RPath,1395,2.0,0.0,0.578,0.0,1.156,0.0,5.0,0.578,35.0,46,3,2,10.0,walkways,35.014,HMAC,1,2,0,1,2,0,1,2,0,0,0,0,1,2,2,0,0,0,0,0,0,0,0,0,0,5,0,2,0,0,0,0,0,0,1,2,0,0,0,0,0,0,0,0,1,0,0,0,0,0,1,2,2,0,0,0,0,1,0,0,0,0,0,0,0,0,0,0,0,0,0,0,0,1,2,0,1,2,0,0,0,0,0,3,0,0,1,0,0,0,0,0,0,0,0,0,5,0,0.771,,,,0.257,,,,0.514,,,,,,,,,,,,,,,,,,,,,,,,,,0,5.0,0.578,35.0,0.0
1400,Very Low,RPath,1435,2.0,0.0,0.855,0.0,1.71,0.0,5.0,0.855,84.2,44,2,2,10.0,walkways,84.2,HMAC,1,2,0,1,2,0,1,0,0,0,0,0,1,2,2,1,2,2,0,0,0,0,0,0,0,0,0,2,0,0,0,0,0,0,1,0,0,0,0,0,0,0,0,0,0,0,0,0,1,1,1,2,2,0,0,0,3,1,0,0,0,0,0,0,0,0,0,0,0,0,0,0,0,1,0,0,1,2,0,0,0,0,0,3,1,0,0,0,0,0,0,0,0,0,0,0,5,0,0.855,,,,,0.802,,,0.036,,,,0.018,,,,,,,,,,,,,,,,,,,,,,0,5.0,0.855,84.2,0.0
1401,Very Low,RPath,1443,2.0,0.0,0.993,0.0,1.986,0.0,5.0,0.993,74.0,31,2,2,10.0,walkways,73.999,HMAC,1,2,2,1,0,0,0,0,0,0,0,0,1,2,0,0,0,0,1,0,0,0,0,0,0,0,0,2,0,0,0,0,0,0,1,0,0,0,0,0,0,0,0,0,0,0,0,0,0,0,0,0,0,0,0,0,0,1,0,0,0,0,0,0,0,0,0,0,0,0,0,0,0,1,2,2,1,0,0,0,0,0,0,3,1,1,1,0,0,0,0,0,0,0,0,0,5,0,0.993,,,,,0.993,,,,,,,,,,,,,,,,,,,,,,,,,,,,,0,5.0,0.993,74.0,0.0
1402,Very Low,RPath,1444,2.0,0.0,1.057,0.0,2.114,0.0,5.0,1.057,44.0,45,2,2,10.0,walkways,43.992,HMAC,1,2,2,0,0,0,0,0,0,0,0,0,1,2,2,0,0,0,0,0,0,0,0,0,0,5,0,2,0,0,0,0,0,0,1,2,2,0,0,0,0,0,0,0,1,0,0,0,0,0,1,0,0,0,0,0,0,1,0,0,0,0,0,0,0,0,0,0,0,0,0,0,0,1,2,0,1,2,0,1,0,0,5,3,0,0,0,0,0,0,0,0,0,0,0,0,5,0,1.057,,,,,1.057,,,,,,,,,,,,,,,,,,,,,,,,,,,,,0,5.0,1.057,44.0,0.0
1403,Very Low,RPath,1446,2.0,0.0,0.711,0.0,1.422,0.0,5.0,0.711,78.6,38,2,2,10.0,walkways,78.637,HMAC,1,2,2,1,2,0,0,0,0,0,0,0,1,2,0,1,0,0,1,0,0,0,0,0,0,0,0,2,0,0,0,0,0,0,1,2,0,0,0,0,0,0,0,0,0,0,0,0,0,0,1,2,0,0,0,0,0,1,0,0,0,0,0,0,1,0,0,0,0,0,0,0,0,1,2,0,1,0,0,0,0,0,0,3,1,1,1,0,0,0,0,0,0,0,0,0,5,0,0.725,,,,,0.706,,0.019,,,,,,,,,,,,,,,,,,,,,,,,,,,0,5.0,0.711,78.6,0.0
1404,Very Low,RPath,1447,2.0,0.0,1.029,0.0,2.058,0.0,5.0,1.029,78.7,39,2,2,10.0,walkways,78.681,HMAC,1,2,0,1,0,0,1,0,0,0,0,0,1,2,2,0,0,0,0,0,0,0,0,0,0,0,0,2,0,0,0,0,0,0,1,2,0,0,0,0,0,0,0,0,0,0,0,0,0,0,1,0,0,0,0,0,0,1,0,0,0,0,0,0,1,2,0,0,0,0,0,0,0,1,2,2,1,2,0,0,0,0,0,3,1,1,1,0,0,0,0,0,0,0,0,0,5,0,1.029,,,,,1.029,,,,,,,,,,,,,,,,,,,,,,,,,,,,,0,5.0,1.029,78.7,0.0
1405,Very Low,RPath,1448,2.0,0.0,1.0,0.0,2.0,0.0,5.0,1.0,66.0,46,3,2,10.0,walkways,65.988,HMAC,1,2,0,1,2,0,1,2,0,0,0,0,1,2,0,1,0,0,0,0,0,0,0,0,0,0,0,2,0,0,0,0,0,0,1,2,2,0,0,0,0,0,0,0,1,0,0,0,0,0,1,2,0,0,0,0,0,1,0,0,0,0,0,0,1,2,2,0,0,0,0,0,0,1,2,2,1,2,0,0,0,0,0,3,0,0,0,0,0,0,0,0,0,0,0,0,5,0,1.0,,,,,1.0,,,,,,,,,,,,,,,,,,,,,,,,,,,,,0,5.0,1.0,66.0,0.0
1406,Very Low,RPath,1449,2.0,0.0,0.996,0.0,1.992,0.0,5.0,0.996,67.8,43,2,2,10.0,walkways,67.758,HMAC,1,2,2,1,2,0,1,0,0,0,0,0,1,2,0,1,0,0,0,0,0,0,0,0,0,0,0,2,0,0,0,0,0,0,1,2,2,0,0,0,0,0,0,0,0,0,0,0,0,0,1,2,0,0,0,0,0,1,0,0,0,0,0,0,1,2,2,0,0,0,0,0,0,1,2,0,1,2,0,0,0,0,0,3,0,0,0,0,0,0,0,0,0,0,0,0,5,0,0.996,,,,,0.996,,,,,,,,,,,,,,,,,,,,,,,,,,,,,0,5.0,0.996,67.8,0.0
1407,Very Low,RPath,1450,2.0,0.0,0.784,0.0,1.568,0.0,5.0,0.784,78.4,47,3,2,10.0,walkways,78.429,HMAC,1,2,0,1,2,0,1,2,0,0,0,0,1,2,2,0,0,0,0,0,0,0,0,0,0,0,0,2,0,0,0,0,0,0,1,2,0,0,0,0,0,0,0,0,1,0,0,0,0,0,1,2,0,0,0,0,0,1,0,0,0,0,0,0,1,0,0,0,0,0,0,0,0,1,2,0,1,2,2,1,0,0,5,0,1,1,1,0,0,0,0,0,0,0,0,0,5,0,0.784,,,,,0.765,,,,,,,,,,,0.019,,,,,,,,,,,,,,,,,,0,5.0,0.784,78.4,0.0
1408,Very Low,RPath,1454,2.0,0.0,0.654,0.0,1.308,0.0,5.0,0.654,80.3,44,2,2,10.0,walkways,80.26,HMAC,1,2,2,1,2,0,1,0,0,0,0,0,1,2,0,1,2,0,0,0,0,0,0,0,0,0,0,2,0,0,0,0,0,0,1,2,2,0,0,0,0,0,0,0,1,2,0,0,1,0,1,2,0,0,0,0,0,1,0,0,0,0,0,0,0,0,0,0,0,0,0,0,0,1,2,0,1,0,0,0,0,0,5,0,0,0,0,0,0,0,0,0,0,0,0,0,5,0,0.654,,,,,0.654,,,,,,,,,,,,,,,,,,,,,,,,,,,,,0,5.0,0.654,80.3,0.0
1409,Very Low,RPath,1474,2.0,0.0,0.572,0.0,1.144,0.0,5.0,0.572,52.4,42,2,2,10.0,walkways,52.433,HMAC,1,2,2,1,0,0,1,0,0,0,0,0,1,0,0,0,0,0,0,0,0,0,0,0,0,5,0,2,0,0,0,0,0,0,0,0,0,0,0,0,0,0,0,0,0,0,0,0,1,1,1,2,2,0,5,0,0,1,0,0,0,0,0,0,0,0,0,0,0,0,0,0,0,1,2,0,0,0,0,0,0,0,0,3,1,1,0,1,0,0,0,0,0,0,0,0,5,0,0.572,,,,,0.515,,,,,,,,,,,,,0.057,,,,,,,,,,,,,,,,0,5.0,0.572,52.4,0.0
1410,Very Low,RPath,1497,2.0,0.0,0.89,0.0,1.78,0.0,5.0,0.89,39.2,44,2,2,10.0,walkways,39.168,HMAC,1,2,2,1,2,2,0,0,0,0,0,0,1,0,0,1,0,0,0,0,0,0,0,0,0,5,0,2,0,0,0,0,0,0,1,0,0,0,0,0,0,0,0,0,0,0,0,0,0,0,1,2,0,0,0,0,0,1,0,0,0,0,0,0,0,0,0,0,0,0,0,0,0,1,2,2,0,0,0,0,0,0,5,3,1,0,1,0,0,0,0,0,0,0,0,0,5,0,0.919,,,,,0.843,,0.038,,,,,,,,,,,0.038,,,,,,,,,,,,,,,,0,5.0,0.89,39.2,0.0
1411,Very Low,RPath,1499,2.0,0.0,0.511,0.0,1.022,0.0,5.0,0.511,35.9,35,2,2,10.0,walkways,57.036,HMAC,1,2,2,1,0,0,0,0,0,0,0,0,1,2,0,0,0,0,1,0,0,0,0,0,0,5,0,2,0,0,0,0,0,0,1,0,0,0,0,0,0,0,0,0,0,0,0,0,0,0,1,0,0,0,0,0,0,1,0,0,0,0,0,0,0,0,0,0,0,0,0,0,0,1,2,0,1,0,0,0,0,0,0,3,1,1,1,0,0,0,0,0,0,0,0,0,5,0,0.543,,,,,0.459,,0.042,,,,,0.042,,,,,,,,,,,,,,,,,,,,,,0,5.0,0.511,35.9,0.0
1412,Very Low,RPath,108,1.0,0.0,0.561,0.0,0.561,0.0,5.0,0.561,99.0,24,1,1,5.0,sidewalks,98.978,HMAC,1,2,0,0,0,0,0,0,0,0,0,0,1,0,0,1,0,0,0,0,0,0,0,0,0,0,3,0,0,0,0,0,0,0,0,0,0,0,0,0,0,0,0,0,0,0,0,0,0,0,1,0,0,0,0,0,0,1,0,0,0,0,0,0,1,0,0,0,0,0,0,0,0,0,0,0,0,0,0,0,0,0,0,0,1,1,1,1,2,2,0,0,0,0,0,0,5,0,0.576,,,,,0.53,,,,,,,,,,,0.015,0.03,,,,,,,,,,,,,,,,,0,5.0,0.561,99.0,0.0
1413,Very Low,RPath,1251,1.0,0.0,1.008,0.0,1.008,0.0,5.0,1.008,77.4,27,1,1,5.0,sidewalks,75.328,HMAC,0,0,0,0,0,0,0,0,0,0,0,0,1,2,0,0,0,0,1,2,0,0,0,0,0,0,3,0,0,0,0,0,0,0,0,0,0,0,0,0,0,0,0,0,0,0,0,0,0,0,1,0,0,0,0,0,3,1,0,0,0,0,0,0,0,0,0,0,0,0,0,0,0,1,0,0,1,2,0,1,0,0,0,0,1,1,1,0,0,0,0,0,0,0,0,0,5,0,1.008,,,,,1.008,,,,,,,,,,,,,,,,,,,,,,,,,,,,,0,5.0,1.008,77.4,0.0
1414,Unscored (no condition data),RPath,1670,5.0,,,,,,,,,91,5,5,,sidewalks,70.584,CON,1,2,2,1,2,0,1,2,0,1,2,2,1,2,2,1,2,2,0,0,0,0,0,0,5,5,0,0,0,0,0,1,2,0,1,2,2,0,0,0,1,2,2,0,1,2,0,0,1,0,1,2,2,5,5,0,3,1,0,0,0,0,0,0,0,0,0,0,0,0,0,0,0,1,2,2,1,0,0,0,0,0,0,0,1,1,1,1,2,2,0,0,0,0,0,0,5,0,,,,,,,,,,,,,,,,,,,,,,,,,,,,,,,,,,,0,,,,
1415,Unscored (no condition data),RPath,1682,5.0,,,,,,,,,87,5,5,,sidewalks,88.538,CON,1,2,2,1,0,0,0,0,0,1,2,0,1,2,0,0,0,0,0,0,0,0,0,0,5,5,0,0,1,2,0,0,0,0,1,2,2,0,0,0,0,0,0,5,1,2,0,0,0,0,1,2,2,5,5,0,3,1,0,0,0,1,0,0,1,2,0,0,0,0,0,0,0,1,2,2,1,2,2,0,0,0,5,3,1,1,1,0,0,0,0,0,0,0,0,0,5,0,,,,,,,,,,,,,,,,,,,,,,,,,,,,,,,,,,,0,,,,
1416,Unscored (no condition data),RPath,1724,5.0,,,,,,,,,91,5,5,,sidewalks,78.377,CON,1,2,0,1,2,0,1,0,0,0,0,0,1,2,2,1,2,2,0,0,0,0,0,0,0,0,0,2,0,0,0,1,2,0,1,2,2,0,0,0,0,0,0,5,1,2,0,0,1,1,1,2,2,5,5,0,0,1,0,0,0,0,0,0,1,2,2,0,0,0,1,2,2,1,2,2,1,2,2,0,0,0,5,3,0,0,0,1,2,2,0,0,0,0,0,0,5,0,,,,,,,,,,,,,,,,,,,,,,,,,,,,,,,,,,,1,,,,
1417,Unscored (no condition data),RPath,1727,5.0,,,,,,,,,106,5,5,,sidewalks,242.302,CON,1,2,2,1,2,0,1,0,0,1,2,2,1,2,2,1,0,0,0,0,0,1,0,0,5,5,0,2,1,2,2,1,0,0,1,2,0,0,0,0,1,2,0,5,1,2,2,0,1,1,1,2,2,5,5,0,0,1,1,0,0,0,0,0,1,0,0,0,0,0,1,0,0,1,2,2,1,2,0,0,0,0,5,3,1,1,1,1,2,2,0,0,0,1,0,0,5,0,,,,,,,,,,,,,,,,,,,,,,,,,,,,,,,,,,,0,,,,
1418,Unscored (no condition data),RPath,1834,5.0,,,,,,,,,91,5,5,,sidewalks,168.422,HMAC,1,2,2,1,0,0,0,0,0,1,0,0,1,2,0,1,2,2,0,0,0,0,0,0,0,5,0,0,1,2,2,0,0,0,1,2,2,0,0,0,0,0,0,0,1,2,0,0,1,0,1,2,2,5,5,0,3,1,1,0,0,0,0,0,1,0,0,0,0,0,1,0,0,1,2,0,1,2,2,1,0,0,5,0,1,1,1,1,2,2,1,2,0,1,2,2,5,0,,,,,,,,,,,,,,,,,,,,,,,,,,,,,,,,,,,1,,,,
1419,Unscored (no condition data),RPath,1835,5.0,,,,,,,,,88,5,5,,sidewalks,104.18,CON,1,2,2,0,0,0,0,0,0,1,0,0,1,2,0,1,2,0,0,0,0,0,0,0,5,5,3,0,1,2,2,0,0,0,1,2,0,0,0,0,0,0,0,0,1,2,0,0,1,0,1,2,2,5,5,0,3,0,1,0,0,0,0,0,1,0,0,0,0,0,1,0,0,1,2,0,1,2,2,1,0,0,0,0,1,1,1,1,2,2,1,2,0,1,2,2,5,0,,,,,,,,,,,,,,,,,,,,,,,,,,,,,,,,,,,1,,,,
1420,Unscored (no condition data),RPath,1859,5.0,,,,,,,,,88,5,5,,sidewalks,126.805,CON,1,2,0,1,2,0,1,0,0,1,2,0,1,2,0,1,2,0,0,0,0,0,0,0,0,0,0,2,1,2,2,0,0,0,1,2,2,0,0,0,0,0,0,5,1,2,2,0,1,0,1,2,2,5,5,0,0,1,0,0,0,1,2,0,1,2,2,0,0,0,0,0,0,1,2,0,1,2,2,0,0,0,5,3,0,0,0,1,0,0,0,0,0,1,2,0,5,0,,,,,,,,,,,,,,,,,,,,,,,,,,,,,,,,,,,0,,,,
1421,Unscored (no condition data),RPath,1861,5.0,,,,,,,,,91,5,5,,sidewalks,108.854,CON,1,2,2,1,2,0,1,2,0,1,2,0,1,2,2,0,0,0,0,0,0,1,2,0,0,0,0,2,1,2,0,0,0,0,1,2,0,0,0,0,1,2,0,5,1,2,2,0,1,0,1,2,2,5,5,0,3,1,1,0,0,0,0,0,1,0,0,0,0,0,0,0,0,1,2,0,1,2,2,0,0,0,5,3,1,0,1,1,2,0,0,0,0,0,0,0,5,0,,,,,,,,,,,,,,,,,,,,,,,,,,,,,,,,,,,0,,,,
1422,Unscored (no condition data),RPath,1870,5.0,,,,,,,,,90,5,5,,sidewalks,104.851,CON,1,2,2,0,0,0,0,0,0,1,2,0,1,0,0,1,0,0,0,0,0,0,0,0,5,5,0,0,1,2,2,0,0,0,1,0,0,0,0,0,0,0,0,0,1,2,2,0,1,1,1,2,2,0,0,0,3,1,1,2,0,0,0,0,1,2,0,0,0,0,1,2,0,1,2,0,1,2,2,1,2,0,5,0,1,1,1,1,2,2,1,2,2,1,2,2,5,0,,,,,,,,,,,,,,,,,,,,,,,,,,,,,,,,,,,0,,,,
1423,Unscored (no condition data),RPath,1888,5.0,,,,,,,,,89,5,5,,sidewalks,95.478,CON,1,2,2,1,2,0,0,0,0,0,0,0,1,2,2,1,2,2,0,0,0,0,0,0,0,0,0,2,0,0,0,1,2,0,1,2,2,0,0,0,0,0,0,5,1,2,0,0,1,1,1,2,2,5,5,0,0,1,0,0,0,0,0,0,1,2,2,0,0,0,1,2,2,1,2,0,1,2,2,0,0,0,5,3,1,0,0,1,2,0,0,0,0,0,0,0,5,0,,,,,,,,,,,,,,,,,,,,,,,,,,,,,,,,,,,1,,,,
1424,Unscored (no condition data),RPath,1918,5.0,,,,,,,,,90,5,5,,sidewalks,240.652,CON,1,2,0,1,2,0,1,2,0,1,2,0,1,2,2,1,2,0,0,0,0,0,0,0,5,0,0,2,1,2,2,0,0,0,1,0,0,0,0,0,1,0,0,5,1,2,0,0,1,1,1,2,2,5,5,0,0,1,1,0,0,0,0,0,1,2,0,0,0,0,1,0,0,1,2,2,1,2,2,0,0,0,0,3,1,1,1,1,2,0,0,0,0,1,0,0,5,0,,,,,,,,,,,,,,,,,,,,,,,,,,,,,,,,,,,0,,,,
1425,Unscored (no condition data),RPath,1936,5.0,,,,,,,,,88,5,5,,sidewalks,237.064,CON,1,2,2,1,2,0,0,0,0,0,0,0,1,2,0,1,2,2,0,0,0,1,0,0,5,5,0,2,0,0,0,1,2,0,1,2,2,0,0,0,0,0,0,5,1,2,0,0,1,1,1,2,2,5,5,0,0,1,0,0,0,0,0,0,0,0,0,0,0,0,0,0,0,1,2,2,1,2,2,0,0,0,5,0,1,0,0,1,2,0,0,0,0,1,0,0,5,0,,,,,,,,,,,,,,,,,,,,,,,,,,,,,,,,,,,1,,,,
1426,Unscored (no condition data),RPath,1960,5.0,,,,,,,,,95,5,5,,sidewalks,488.256,HMAC,1,2,2,1,2,2,1,0,0,0,0,0,1,2,2,1,2,2,0,0,0,0,0,0,0,5,0,0,0,0,0,1,0,0,1,2,2,0,0,0,0,0,0,0,1,2,2,0,1,1,1,2,2,5,5,4,3,0,0,0,0,1,0,0,1,2,0,1,2,0,0,0,0,1,2,0,1,2,2,0,0,0,0,3,1,1,1,0,0,0,1,2,0,1,2,2,5,0,,,,,,,,,,,,,,,,,,,,,,,,,,,,,,,,,,,0,,,,
1427,Unscored (no condition data),RPath,1995,5.0,,,,,,,,,98,5,5,,sidewalks,110.532,CON,1,2,0,1,0,0,0,0,0,1,2,0,1,2,0,1,2,0,0,0,0,0,0,0,5,5,0,2,1,2,2,0,0,0,1,2,2,0,0,0,0,0,0,5,1,2,2,0,1,0,1,2,2,5,5,0,0,1,0,0,0,1,2,0,1,2,2,0,0,0,0,0,0,1,2,0,1,2,2,0,0,0,5,3,1,1,1,1,0,0,0,0,0,1,2,0,5,0,,,,,,,,,,,,,,,,,,,,,,,,,,,,,,,,,,,0,,,,
1428,Unscored (no condition data),RPath,2001,5.0,,,,,,,,,88,5,5,,sidewalks,141.593,CON,1,2,2,1,0,0,0,0,0,1,0,0,1,2,0,1,2,2,0,0,0,0,0,0,0,5,0,0,1,2,2,0,0,0,1,2,2,0,0,0,0,0,0,0,1,2,0,0,0,0,1,2,2,5,5,0,3,1,0,0,0,0,0,0,1,0,0,0,0,0,0,0,0,1,2,2,1,2,2,1,0,0,5,0,1,1,1,1,2,2,1,2,0,1,2,0,5,0,,,,,,,,,,,,,,,,,,,,,,,,,,,,,,,,,,,1,,,,
1429,Unscored (no condition data),RPath,2007,5.0,,,,,,,,,89,5,5,,sidewalks,108.997,HMAC,1,2,2,1,0,0,0,0,0,0,0,0,1,2,2,1,2,2,0,0,0,0,0,0,0,5,0,0,1,2,2,0,0,0,1,2,2,0,0,0,0,0,0,0,1,2,0,0,0,0,1,2,2,5,5,0,3,1,0,0,0,0,0,0,1,0,0,0,0,0,0,0,0,1,2,2,1,2,2,1,0,0,5,0,1,1,1,1,2,2,1,2,0,1,2,0,5,0,,,,,,,,,,,,,,,,,,,,,,,,,,,,,,,,,,,1,,,,
1430,Unscored (no condition data),RPath,2020,5.0,,,,,,,,,101,5,5,,sidewalks,537.192,CON,1,2,0,1,2,2,0,0,0,0,0,0,1,2,2,1,2,2,0,0,0,0,0,0,5,5,0,2,0,0,0,1,2,2,1,2,2,0,0,0,0,0,0,5,1,2,0,0,1,1,1,2,2,5,5,0,3,1,0,0,0,0,0,0,1,2,0,0,0,0,1,2,0,1,2,2,1,2,2,0,0,0,5,3,0,0,0,1,2,0,0,0,0,0,0,0,5,0,,,,,,,,,,,,,,,,,,,,,,,,,,,,,,,,,,,1,,,,
1431,Unscored (no condition data),RPath,3717,5.0,,,,,,,,,90,5,5,,sidewalks,36.788,PB,1,2,2,1,2,0,0,0,0,0,0,0,1,2,2,0,0,0,0,0,0,0,0,0,5,5,0,0,1,0,0,1,2,2,1,2,2,0,0,0,1,0,0,0,1,2,2,0,1,0,1,2,2,5,5,0,3,0,0,0,0,0,0,0,1,2,0,1,0,0,1,2,0,1,2,0,1,2,0,0,0,0,5,0,1,1,1,1,2,2,0,0,0,0,0,0,5,0,,,,,,,,,,,,,,,,,,,,,,,,,,,,,,,,,,,1,,,,
1432,Unscored (no condition data),RPath,3728,5.0,,,,,,,,,89,5,5,,sidewalks,24.865,PB,1,2,2,1,2,0,0,0,0,0,0,0,1,2,0,0,0,0,0,0,0,0,0,0,5,0,0,2,1,0,0,1,2,2,1,2,2,0,0,0,1,0,0,5,1,2,2,0,1,0,1,2,2,5,5,0,3,0,0,0,0,1,0,0,1,2,0,1,0,0,1,2,0,1,2,0,1,0,0,0,0,0,5,0,1,1,1,1,2,2,0,0,0,0,0,0,5,0,,,,,,,,,,,,,,,,,,,,,,,,,,,,,,,,,,,1,,,,
1433,Unscored (no condition data),RPath,9303,5.0,,,,,,,,,87,5,5,,sidewalks,88.397,CON,1,2,2,0,0,0,0,0,0,1,2,2,0,0,0,1,2,0,0,0,0,0,0,0,5,0,0,0,1,2,2,0,0,0,0,0,0,0,0,0,0,0,0,0,1,2,0,0,1,1,1,2,2,0,0,0,3,1,1,2,0,0,0,0,1,2,2,0,0,0,1,2,2,1,2,0,1,2,2,1,2,0,5,0,1,1,1,1,2,2,1,2,2,1,2,0,5,0,,,,,,,,,,,,,,,,,,,,,,,,,,,,,,,,,,,0,,,,
1434,Unscored (no condition data),RPath,9401,5.0,,,,,,,,,99,5,5,,sidewalks,283.089,CON,1,2,2,1,2,0,1,0,0,0,0,0,1,2,2,1,2,2,0,0,0,1,2,0,5,5,0,2,0,0,0,0,0,0,1,2,2,0,0,0,0,0,0,5,1,2,2,0,1,1,1,2,2,5,5,0,0,1,0,0,0,0,0,0,0,0,0,0,0,0,0,0,0,1,2,2,1,2,2,0,0,0,5,0,1,1,0,1,2,2,0,0,0,1,2,2,5,0,,,,,,,,,,,,,,,,,,,,,,,,,,,,,,,,,,,2,,,,
1435,Unscored (no condition data),PTrail,811,5.0,,,,,,,,,97,5,5,,trails,1162.004,Asphalt,1,2,2,1,2,0,1,2,0,0,0,0,1,2,2,0,0,0,0,0,0,1,0,0,0,5,3,0,0,0,0,1,2,2,1,2,2,1,2,0,1,2,2,0,1,2,2,0,1,1,1,2,2,5,5,4,0,1,0,0,0,0,0,0,0,0,0,0,0,0,0,0,0,1,2,2,1,2,0,0,0,0,5,3,1,1,1,1,2,0,0,0,0,0,0,0,5,0,,,,,,,,,,,,,,,,,,,,,,,,,,,,,,,,,,,0,,,,
1436,Unscored (no condition data),PTrail,873,5.0,,,,,,,,,87,5,5,,trails,225.466,Asphalt,1,2,2,1,2,2,1,2,2,1,2,2,1,2,2,1,2,2,0,0,0,0,0,0,5,5,0,2,0,0,0,1,2,0,1,2,2,0,0,0,1,2,2,0,1,2,0,0,1,0,1,2,2,0,0,0,3,1,0,0,0,0,0,0,0,0,0,0,0,0,0,0,0,1,2,2,1,0,0,0,0,0,0,0,1,1,1,1,2,2,0,0,0,0,0,0,5,0,,,,,,,,,,,,,,,,,,,,,,,,,,,,,,,,,,,0,,,,
1437,Unscored (no condition data),RPath,1732,4.0,,,,,,,,,80,4,4,,sidewalks,78.671,CON,1,2,2,1,2,0,0,0,0,0,0,0,1,0,0,0,0,0,0,0,0,0,0,0,5,5,0,2,0,0,0,0,0,0,1,2,2,0,0,0,0,0,0,5,1,2,2,0,0,0,1,2,2,5,5,4,0,1,1,0,0,0,0,0,0,0,0,0,0,0,0,0,0,1,2,0,1,0,0,0,0,0,5,3,1,1,1,1,2,0,0,0,0,0,0,0,5,0,,,,,,,,,,,,,,,,,,,,,,,,,,,,,,,,,,,0,,,,
1438,Unscored (no condition data),RPath,1633,4.0,,,,,,,,,81,4,4,,sidewalks,63.837,CON,1,2,2,0,0,0,0,0,0,0,0,0,1,2,2,1,2,2,0,0,0,1,2,2,0,5,0,0,0,0,0,1,0,0,1,2,2,0,0,0,1,0,0,5,1,2,0,0,1,1,1,2,2,5,5,0,0,1,1,0,0,1,0,0,0,0,0,1,0,0,0,0,0,1,2,2,1,2,2,0,0,0,0,3,1,0,1,0,0,0,0,0,0,0,0,0,5,0,,,,,,,,,,,,,,,,,,,,,,,,,,,,,,,,,,,0,,,,
1439,Unscored (no condition data),RPath,1634,4.0,,,,,,,,,77,4,4,,sidewalks,39.777,CON,1,2,0,0,0,0,0,0,0,0,0,0,1,2,2,1,2,0,0,0,0,1,2,2,0,5,0,2,0,0,0,0,0,0,1,2,2,0,0,0,1,0,0,5,1,2,0,0,1,1,1,2,2,5,5,0,0,1,0,0,0,1,0,0,0,0,0,1,0,0,0,0,0,1,2,2,1,2,2,0,0,0,0,3,1,0,1,0,0,0,0,0,0,0,0,0,5,0,,,,,,,,,,,,,,,,,,,,,,,,,,,,,,,,,,,0,,,,
1440,Unscored (no condition data),RPath,1853,4.0,,,,,,,,,72,4,4,,sidewalks,41.19,HMAC,1,2,2,1,2,0,1,2,0,0,0,0,1,2,0,1,2,0,0,0,0,0,0,0,5,0,0,2,0,0,0,1,2,2,1,2,2,0,0,0,0,0,0,5,1,2,2,0,0,0,1,2,2,0,5,0,0,1,0,0,0,0,0,0,1,0,0,0,0,0,0,0,0,1,0,0,1,0,0,0,0,0,5,3,1,0,0,0,0,0,0,0,0,0,0,0,5,0,,,,,,,,,,,,,,,,,,,,,,,,,,,,,,,,,,,0,,,,
1441,Unscored (no condition data),RPath,1669,4.0,,,,,,,,,69,4,4,,sidewalks,24.946,CON,1,2,0,1,0,0,1,0,0,1,2,0,1,2,0,1,2,0,0,0,0,0,0,0,5,0,0,0,0,0,0,1,2,2,1,2,2,0,0,0,1,2,2,0,1,2,2,0,1,1,1,2,2,0,5,0,0,1,0,0,0,0,0,0,0,0,0,0,0,0,0,0,0,1,2,0,1,2,0,0,0,0,0,0,1,1,1,1,2,0,0,0,0,0,0,0,5,0,,,,,,,,,,,,,,,,,,,,,,,,,,,,,,,,,,,1,,,,
1442,Unscored (no condition data),RPath,1671,4.0,,,,,,,,,70,4,4,,sidewalks,15.986,CON,1,2,0,1,2,0,1,2,0,1,2,2,1,2,2,1,2,2,0,0,0,0,0,0,5,0,0,0,0,0,0,1,2,0,1,2,2,0,0,0,1,2,2,0,1,2,0,0,1,0,1,2,2,0,0,0,0,0,0,0,0,0,0,0,0,0,0,0,0,0,0,0,0,1,2,2,1,0,0,0,0,0,0,0,1,1,1,1,2,2,0,0,0,0,0,0,5,0,,,,,,,,,,,,,,,,,,,,,,,,,,,,,,,,,,,0,,,,
1443,Unscored (no condition data),RPath,1672,4.0,,,,,,,,,85,5,4,,sidewalks,98.784,CON,1,2,2,1,2,2,1,2,0,1,2,2,1,2,2,1,2,2,0,0,0,0,0,0,5,5,0,2,0,0,0,1,2,0,1,2,2,0,0,0,1,2,2,0,1,2,0,0,1,0,1,2,2,0,0,0,3,1,0,0,0,0,0,0,0,0,0,0,0,0,0,0,0,1,2,2,1,0,0,0,0,0,0,0,1,1,1,1,2,2,0,0,0,0,0,0,5,0,,,,,,,,,,,,,,,,,,,,,,,,,,,,,,,,,,,0,,,,
1444,Unscored (no condition data),RPath,1680,4.0,,,,,,,,,76,4,4,,sidewalks,85.726,HMAC,1,2,0,1,2,0,1,2,0,0,0,0,1,2,2,1,2,0,0,0,0,1,2,2,0,5,0,2,0,0,0,0,0,0,1,2,2,0,0,0,0,0,0,0,1,2,2,0,0,0,1,2,2,5,5,0,3,1,0,0,0,0,0,0,0,0,0,0,0,0,1,2,2,1,2,0,1,0,0,0,0,0,0,0,1,0,1,1,0,0,0,0,0,1,0,0,5,0,,,,,,,,,,,,,,,,,,,,,,,,,,,,,,,,,,,0,,,,
1445,Unscored (no condition data),RPath,1684,4.0,,,,,,,,,67,4,4,,sidewalks,111.641,CON,1,2,0,0,0,0,0,0,0,1,2,0,1,0,0,0,0,0,0,0,0,1,0,0,5,0,0,0,1,2,2,1,2,2,1,2,2,0,0,0,1,2,2,0,1,2,2,0,1,0,1,2,2,0,5,0,0,1,1,2,0,0,0,0,1,0,0,0,0,0,0,0,0,1,0,0,1,0,0,0,0,0,0,0,1,1,1,1,2,0,0,0,0,0,0,0,5,0,,,,,,,,,,,,,,,,,,,,,,,,,,,,,,,,,,,2,,,,
1446,Unscored (no condition data),RPath,1693,4.0,,,,,,,,,70,4,4,,sidewalks,106.597,CON,1,2,2,1,2,2,1,2,0,1,0,0,1,2,2,0,0,0,0,0,0,1,0,0,0,5,0,2,1,2,0,0,0,0,1,2,0,0,0,0,0,0,0,5,1,2,0,0,0,0,1,2,0,0,0,0,0,1,0,0,0,0,0,0,1,2,2,0,0,0,0,0,0,1,0,0,1,2,2,0,0,0,5,3,1,0,0,0,0,0,0,0,0,0,0,0,5,0,,,,,,,,,,,,,,,,,,,,,,,,,,,,,,,,,,,0,,,,
1447,Unscored (no condition data),RPath,1710,4.0,,,,,,,,,82,4,4,,sidewalks,21.243,CON,1,0,0,0,0,0,0,0,0,1,2,0,1,0,0,1,2,2,0,0,0,0,0,0,5,5,0,0,1,2,2,0,0,0,1,0,0,0,0,0,0,0,0,0,1,2,2,0,1,1,1,2,2,0,5,0,0,1,1,0,0,1,0,0,1,2,0,0,0,0,1,2,0,1,2,2,1,2,2,1,0,0,0,0,1,1,1,1,2,2,1,0,0,1,2,2,5,0,,,,,,,,,,,,,,,,,,,,,,,,,,,,,,,,,,,1,,,,
1448,Unscored (no condition data),RPath,1711,4.0,,,,,,,,,77,4,4,,sidewalks,18.497,CON,1,0,0,0,0,0,0,0,0,1,2,0,1,0,0,1,2,2,0,0,0,0,0,0,5,0,0,0,1,2,2,0,0,0,1,2,0,0,0,0,0,0,0,0,1,2,2,0,1,1,1,2,2,0,5,0,0,1,1,0,0,1,0,0,1,2,0,0,0,0,1,2,0,1,2,2,1,2,0,1,0,0,0,0,1,1,1,1,2,2,1,0,0,1,2,2,5,0,,,,,,,,,,,,,,,,,,,,,,,,,,,,,,,,,,,1,,,,
1449,Unscored (no condition data),RPath,1719,4.0,,,,,,,,,68,4,4,,sidewalks,243.913,CON,1,2,2,1,2,2,1,0,0,0,0,0,1,2,2,0,0,0,0,0,0,0,0,0,0,5,0,2,0,0,0,0,0,0,1,2,2,0,0,0,0,0,0,0,0,0,0,0,1,1,1,2,2,5,0,0,3,1,0,0,0,0,0,0,0,0,0,0,0,0,0,0,0,1,2,2,1,2,0,0,0,0,5,3,1,1,1,0,0,0,0,0,0,0,0,0,5,0,,,,,,,,,,,,,,,,,,,,,,,,,,,,,,,,,,,0,,,,
1450,Unscored (no condition data),RPath,1720,4.0,,,,,,,,,75,4,4,,sidewalks,201.878,CON,1,2,2,1,0,0,1,0,0,1,2,0,1,2,0,1,0,0,0,0,0,0,0,0,5,0,0,2,0,0,0,0,0,0,1,2,2,0,0,0,0,0,0,5,1,2,2,0,0,0,1,2,2,5,5,4,3,0,0,0,0,0,0,0,1,0,0,0,0,0,1,0,0,1,0,0,1,2,2,0,0,0,0,3,1,0,0,0,0,0,0,0,0,0,0,0,5,0,,,,,,,,,,,,,,,,,,,,,,,,,,,,,,,,,,,4,,,,
1451,Unscored (no condition data),RPath,1721,4.0,,,,,,,,,68,4,4,,sidewalks,78.393,CON,1,2,2,0,0,0,0,0,0,0,0,0,1,0,0,1,0,0,1,0,0,0,0,0,0,0,0,2,0,0,0,1,2,2,1,2,2,0,0,0,0,0,0,0,1,2,2,0,1,1,1,2,2,5,5,0,3,1,0,0,0,0,0,0,0,0,0,0,0,0,0,0,0,0,0,0,1,2,2,0,0,0,5,3,1,1,1,0,0,0,0,0,0,1,0,0,5,0,,,,,,,,,,,,,,,,,,,,,,,,,,,,,,,,,,,0,,,,
1452,Unscored (no condition data),RPath,1723,4.0,,,,,,,,,77,4,4,,sidewalks,61.006,CON,1,2,2,0,0,0,0,0,0,0,0,0,1,0,0,1,0,0,1,0,0,0,0,0,5,5,0,2,0,0,0,1,2,2,1,2,2,0,0,0,0,0,0,0,1,2,0,0,1,1,1,2,2,5,5,0,3,1,0,0,0,0,0,0,1,0,0,0,0,0,0,0,0,1,0,0,1,2,2,0,0,0,5,3,1,1,1,0,0,0,0,0,0,0,0,0,5,0,,,,,,,,,,,,,,,,,,,,,,,,,,,,,,,,,,,0,,,,
1453,Unscored (no condition data),RPath,1725,4.0,,,,,,,,,80,4,4,,sidewalks,83.168,CON,1,2,0,1,0,0,1,0,0,0,0,0,1,2,2,1,2,0,0,0,0,1,2,2,0,5,0,2,0,0,0,0,0,0,1,2,2,0,0,0,1,0,0,5,1,2,2,0,1,1,1,2,2,5,5,0,0,1,0,0,0,0,0,0,0,0,0,1,0,0,0,0,0,1,2,2,1,2,2,0,0,0,0,3,1,0,1,0,0,0,0,0,0,0,0,0,5,0,,,,,,,,,,,,,,,,,,,,,,,,,,,,,,,,,,,0,,,,
1454,Unscored (no condition data),RPath,1726,4.0,,,,,,,,,79,4,4,,sidewalks,86.323,CON,1,2,2,0,0,0,0,0,0,0,0,0,1,2,2,1,2,2,0,0,0,1,2,2,0,5,0,0,0,0,0,1,2,0,1,2,2,0,0,0,1,2,2,0,1,2,0,0,1,1,1,2,2,5,5,0,0,0,1,2,0,1,2,0,1,0,0,1,0,0,0,0,0,1,2,0,1,2,0,0,0,0,0,0,1,0,1,0,0,0,0,0,0,0,0,0,5,0,,,,,,,,,,,,,,,,,,,,,,,,,,,,,,,,,,,1,,,,
1455,Unscored (no condition data),RPath,1736,4.0,,,,,,,,,70,4,4,,sidewalks,82.202,CON,1,2,2,1,0,0,1,0,0,1,2,0,1,2,0,0,0,0,0,0,0,0,0,0,5,0,0,2,0,0,0,0,0,0,1,2,2,0,0,0,0,0,0,5,1,2,2,0,0,0,1,2,2,5,5,4,0,0,0,0,0,0,0,0,1,0,0,0,0,0,1,2,0,0,0,0,1,2,0,0,0,0,0,3,1,0,0,0,0,0,0,0,0,0,0,0,5,0,,,,,,,,,,,,,,,,,,,,,,,,,,,,,,,,,,,3,,,,
1456,Unscored (no condition data),RPath,1745,4.0,,,,,,,,,75,4,4,,sidewalks,21.019,CON,1,2,2,0,0,0,0,0,0,1,0,0,0,0,0,1,0,0,0,0,0,0,0,0,5,0,0,0,1,2,2,0,0,0,0,0,0,0,0,0,0,0,0,0,1,2,2,0,1,1,1,2,2,0,5,0,3,0,1,0,0,1,0,0,1,2,0,0,0,0,1,2,0,1,2,2,1,2,2,1,2,2,0,0,1,1,1,1,2,0,1,2,0,1,0,0,5,0,,,,,,,,,,,,,,,,,,,,,,,,,,,,,,,,,,,1,,,,
1457,Unscored (no condition data),RPath,1746,4.0,,,,,,,,,71,4,4,,sidewalks,39.945,CON,1,2,2,0,0,0,0,0,0,1,0,0,1,0,0,1,0,0,0,0,0,0,0,0,5,0,0,0,1,2,2,0,0,0,0,0,0,0,0,0,0,0,0,0,1,2,2,0,1,1,1,2,2,0,0,0,3,0,1,0,0,1,0,0,1,2,0,0,0,0,1,2,0,1,2,2,1,2,2,1,2,2,0,0,1,1,1,1,2,0,1,2,0,1,0,0,5,0,,,,,,,,,,,,,,,,,,,,,,,,,,,,,,,,,,,1,,,,
1458,Unscored (no condition data),RPath,1748,4.0,,,,,,,,,68,4,4,,sidewalks,35.562,CON,1,2,0,1,0,0,0,0,0,1,2,0,1,0,0,1,2,0,0,0,0,0,0,0,5,0,0,2,1,2,2,0,0,0,1,0,0,0,0,0,1,0,0,5,1,2,0,0,1,1,1,2,2,0,0,0,0,1,1,0,0,0,0,0,1,2,0,0,0,0,1,0,0,1,2,0,1,2,0,0,0,0,0,3,1,1,1,1,2,0,1,0,0,1,0,0,5,0,,,,,,,,,,,,,,,,,,,,,,,,,,,,,,,,,,,0,,,,
1459,Unscored (no condition data),RPath,1786,4.0,,,,,,,,,68,4,4,,sidewalks,85.175,CON,1,2,2,1,2,0,1,2,0,1,2,0,1,2,0,0,0,0,0,0,0,0,0,0,0,0,0,2,0,0,0,0,0,0,1,2,2,0,0,0,0,0,0,5,1,2,2,0,0,0,1,2,2,0,5,0,0,1,0,0,0,0,0,0,1,0,0,0,0,0,1,2,0,0,0,0,1,2,2,0,0,0,5,3,0,0,1,0,0,0,0,0,0,0,0,0,5,0,,,,,,,,,,,,,,,,,,,,,,,,,,,,,,,,,,,0,,,,
1460,Unscored (no condition data),RPath,1788,4.0,,,,,,,,,67,4,4,,sidewalks,392.375,CON,1,2,2,1,2,2,1,2,0,1,0,0,1,0,0,0,0,0,0,0,0,0,0,0,5,5,0,2,1,0,0,0,0,0,1,2,2,0,0,0,0,0,0,5,1,0,0,0,0,0,1,2,2,0,0,0,3,1,0,0,0,0,0,0,1,0,0,0,0,0,1,0,0,1,2,0,1,2,0,0,0,0,0,3,1,1,1,0,0,0,0,0,0,0,0,0,5,0,,,,,,,,,,,,,,,,,,,,,,,,,,,,,,,,,,,0,,,,
1461,Unscored (no condition data),RPath,1790,4.0,,,,,,,,,69,4,4,,sidewalks,143.896,CON,1,2,2,1,2,2,1,2,2,1,0,0,1,2,2,0,0,0,0,0,0,1,2,0,0,5,0,2,0,0,0,0,0,0,1,0,0,0,0,0,0,0,0,5,1,0,0,0,1,0,1,2,0,5,0,0,0,1,0,0,0,0,0,0,1,2,2,1,0,0,1,0,0,1,0,0,1,2,0,0,0,0,0,3,1,0,0,1,0,0,0,0,0,0,0,0,5,0,,,,,,,,,,,,,,,,,,,,,,,,,,,,,,,,,,,0,,,,
1462,Unscored (no condition data),RPath,1791,4.0,,,,,,,,,83,5,4,,sidewalks,140.639,CON,1,2,2,1,2,2,1,2,2,1,2,0,1,2,2,0,0,0,0,0,0,1,2,0,0,5,0,2,1,0,0,0,0,0,1,0,0,0,0,0,1,0,0,5,1,2,0,0,1,0,1,2,0,5,0,0,0,1,1,0,0,0,0,0,1,2,0,1,0,0,1,0,0,1,2,0,1,2,2,0,0,0,5,3,1,0,0,1,0,0,0,0,0,0,0,0,5,0,,,,,,,,,,,,,,,,,,,,,,,,,,,,,,,,,,,0,,,,
1463,Unscored (no condition data),RPath,1793,4.0,,,,,,,,,80,4,4,,sidewalks,411.082,CON,1,2,2,1,2,2,1,2,0,1,2,2,1,2,2,0,0,0,0,0,0,0,0,0,0,5,0,2,0,0,0,1,2,0,1,2,2,0,0,0,0,0,0,0,1,0,0,0,0,0,1,2,2,5,0,4,3,0,0,0,0,0,0,0,0,0,0,0,0,0,0,0,0,1,2,2,1,2,2,0,0,0,0,3,1,1,1,0,0,0,1,2,0,0,0,0,5,0,,,,,,,,,,,,,,,,,,,,,,,,,,,,,,,,,,,0,,,,
1464,Unscored (no condition data),RPath,1794,4.0,,,,,,,,,68,4,4,,sidewalks,438.592,CON,1,2,2,1,2,2,1,2,2,0,0,0,1,2,0,1,2,0,0,0,0,0,0,0,0,5,0,2,0,0,0,0,0,0,1,2,2,0,0,0,1,0,0,0,1,0,0,0,1,1,1,2,2,5,0,0,3,1,0,0,0,0,0,0,0,0,0,0,0,0,0,0,0,1,2,0,1,2,0,0,0,0,0,3,1,1,1,0,0,0,0,0,0,0,0,0,5,0,,,,,,,,,,,,,,,,,,,,,,,,,,,,,,,,,,,0,,,,
1465,Unscored (no condition data),RPath,1797,4.0,,,,,,,,,72,4,4,,sidewalks,82.399,CON,1,2,2,1,2,0,1,0,0,1,2,0,1,2,0,0,0,0,0,0,0,0,0,0,0,0,0,2,1,2,0,0,0,0,1,2,2,0,0,0,0,0,0,5,1,2,0,0,0,0,1,2,2,0,5,0,0,1,0,0,0,1,0,0,1,2,2,0,0,0,0,0,0,1,2,0,1,2,2,0,0,0,5,3,1,0,0,0,0,0,0,0,0,0,0,0,5,0,,,,,,,,,,,,,,,,,,,,,,,,,,,,,,,,,,,0,,,,
1466,Unscored (no condition data),RPath,1827,4.0,,,,,,,,,84,5,4,,sidewalks,50.774,CON,1,2,2,1,2,0,0,0,0,0,0,0,1,2,2,1,2,2,0,0,0,0,0,0,0,5,0,2,0,0,0,1,2,0,1,2,2,0,0,0,0,0,0,0,1,2,2,0,0,0,1,2,2,5,5,4,0,0,0,0,0,1,0,0,1,2,0,1,2,0,0,0,0,1,0,0,1,2,0,0,0,0,5,0,1,1,1,0,0,0,0,0,0,1,2,0,5,0,,,,,,,,,,,,,,,,,,,,,,,,,,,,,,,,,,,0,,,,
1467,Unscored (no condition data),RPath,1836,4.0,,,,,,,,,82,4,4,,sidewalks,103.32,CON,1,2,2,0,0,0,0,0,0,1,2,0,1,0,0,1,2,0,0,0,0,0,0,0,5,5,0,0,1,2,2,0,0,0,1,2,0,0,0,0,0,0,0,0,1,2,0,0,1,0,1,2,2,5,0,0,3,0,1,0,0,0,0,0,1,0,0,0,0,0,1,0,0,1,2,0,1,2,2,1,0,0,0,0,1,1,1,1,2,2,1,2,2,1,2,2,5,0,,,,,,,,,,,,,,,,,,,,,,,,,,,,,,,,,,,0,,,,
1468,Unscored (no condition data),RPath,1838,4.0,,,,,,,,,68,4,4,,sidewalks,5.46,CON,1,2,0,1,0,0,1,0,0,0,0,0,1,2,0,1,2,0,0,0,0,1,2,0,0,0,0,2,0,0,0,0,0,0,1,2,2,0,0,0,0,0,0,5,1,2,2,0,1,1,1,2,2,5,5,0,0,1,0,0,0,0,0,0,0,0,0,1,0,0,0,0,0,1,2,2,1,2,0,0,0,0,0,3,1,0,1,0,0,0,0,0,0,0,0,0,5,0,,,,,,,,,,,,,,,,,,,,,,,,,,,,,,,,,,,0,,,,
1469,Unscored (no condition data),RPath,1841,4.0,,,,,,,,,73,4,4,,sidewalks,66.311,CON,1,0,0,0,0,0,0,0,0,1,2,0,1,0,0,1,2,2,0,0,0,0,0,0,5,0,0,0,1,2,2,0,0,0,1,2,0,0,0,0,0,0,0,0,1,2,2,0,1,1,1,2,2,0,0,0,3,1,1,0,0,1,0,0,1,2,0,0,0,0,1,2,0,1,2,2,1,2,0,1,0,0,0,0,1,1,1,1,2,2,1,0,0,1,2,0,5,0,,,,,,,,,,,,,,,,,,,,,,,,,,,,,,,,,,,0,,,,
1470,Unscored (no condition data),RPath,1850,4.0,,,,,,,,,74,4,4,,sidewalks,174.82,CON,1,2,2,1,2,0,1,2,0,0,0,0,1,2,2,1,0,0,0,0,0,1,2,2,0,5,0,0,0,0,0,1,0,0,1,2,2,0,0,0,0,0,0,0,1,2,0,0,0,0,1,2,2,5,0,0,3,1,0,0,0,0,0,0,1,0,0,0,0,0,1,2,0,1,2,2,1,2,2,0,0,0,0,3,1,0,0,1,0,0,0,0,0,0,0,0,5,0,,,,,,,,,,,,,,,,,,,,,,,,,,,,,,,,,,,0,,,,
1471,Unscored (no condition data),RPath,1855,4.0,,,,,,,,,67,4,4,,sidewalks,84.947,CON,1,2,2,1,2,0,1,2,0,1,2,0,1,2,0,0,0,0,0,0,0,0,0,0,0,0,0,2,0,0,0,0,0,0,1,2,2,0,0,0,0,0,0,5,1,2,0,0,0,0,1,2,2,0,5,0,0,1,0,0,0,0,0,0,1,0,0,0,0,0,1,2,0,0,0,0,1,2,2,0,0,0,5,3,1,0,1,0,0,0,0,0,0,0,0,0,5,0,,,,,,,,,,,,,,,,,,,,,,,,,,,,,,,,,,,0,,,,
1472,Unscored (no condition data),RPath,1856,4.0,,,,,,,,,68,4,4,,sidewalks,84.398,CON,1,2,2,1,2,0,1,2,0,1,0,0,1,2,0,0,0,0,0,0,0,0,0,0,5,0,0,2,0,0,0,0,0,0,1,2,2,0,0,0,0,0,0,5,1,0,0,0,0,0,1,2,2,0,5,0,0,1,0,0,0,0,0,0,1,0,0,0,0,0,1,2,0,0,0,0,1,2,2,0,0,0,5,3,1,0,1,0,0,0,0,0,0,0,0,0,5,0,,,,,,,,,,,,,,,,,,,,,,,,,,,,,,,,,,,0,,,,
1473,Unscored (no condition data),RPath,1860,4.0,,,,,,,,,85,5,4,,sidewalks,117.379,CON,1,0,0,1,0,0,0,0,0,1,2,0,1,2,0,1,2,2,0,0,0,0,0,0,5,0,0,2,1,2,2,0,0,0,1,2,0,0,0,0,0,0,0,5,1,2,0,0,1,1,1,2,2,0,0,0,0,1,0,0,0,1,2,0,1,2,2,0,0,0,1,0,0,1,2,0,1,2,2,0,0,0,5,3,1,1,1,1,2,0,0,0,0,1,2,2,5,0,,,,,,,,,,,,,,,,,,,,,,,,,,,,,,,,,,,0,,,,
1474,Unscored (no condition data),RPath,1896,4.0,,,,,,,,,77,4,4,,sidewalks,108.488,CON,1,2,2,1,2,0,1,2,0,0,0,0,1,2,2,1,2,0,0,0,0,1,2,0,0,5,0,2,0,0,0,0,0,0,1,2,2,0,0,0,0,0,0,0,1,2,2,0,0,0,1,2,2,5,5,0,3,0,0,0,0,0,0,0,0,0,0,0,0,0,1,2,2,1,2,0,1,0,0,0,0,0,0,3,1,0,1,1,0,0,0,0,0,0,0,0,5,0,,,,,,,,,,,,,,,,,,,,,,,,,,,,,,,,,,,0,,,,
1475,Unscored (no condition data),RPath,1867,4.0,,,,,,,,,73,4,4,,sidewalks,87.215,CON,1,2,2,1,2,0,1,2,0,0,0,0,1,2,2,1,2,0,0,0,0,1,2,0,0,5,0,2,0,0,0,0,0,0,1,2,2,0,0,0,0,0,0,0,1,2,0,0,0,0,1,2,2,5,0,0,3,0,0,0,0,0,0,0,0,0,0,0,0,0,1,2,2,1,2,2,1,2,0,0,0,0,0,3,1,0,0,1,0,0,0,0,0,0,0,0,5,0,,,,,,,,,,,,,,,,,,,,,,,,,,,,,,,,,,,0,,,,
1476,Unscored (no condition data),RPath,1871,4.0,,,,,,,,,82,4,4,,sidewalks,73.115,CON,1,2,2,0,0,0,0,0,0,1,2,0,1,0,0,1,0,0,0,0,0,0,0,0,5,5,0,0,1,2,2,0,0,0,1,0,0,0,0,0,0,0,0,0,1,2,2,0,1,1,1,2,2,0,0,0,3,0,1,2,0,0,0,0,1,2,0,0,0,0,1,2,0,1,2,0,1,2,2,1,0,0,0,0,1,1,1,1,2,2,1,2,2,1,2,2,5,0,,,,,,,,,,,,,,,,,,,,,,,,,,,,,,,,,,,0,,,,
1477,Unscored (no condition data),RPath,1872,4.0,,,,,,,,,76,4,4,,sidewalks,30.169,CON,1,2,2,0,0,0,0,0,0,1,0,0,1,0,0,1,2,0,0,0,0,0,0,0,5,0,0,0,1,2,2,0,0,0,1,2,0,0,0,0,0,0,0,0,1,2,0,0,1,0,1,2,2,0,0,0,3,1,1,0,0,0,0,0,1,0,0,0,0,0,1,0,0,1,2,0,1,2,2,1,2,0,5,0,1,1,1,1,2,2,1,2,0,1,2,2,5,0,,,,,,,,,,,,,,,,,,,,,,,,,,,,,,,,,,,0,,,,
1478,Unscored (no condition data),RPath,1873,4.0,,,,,,,,,71,4,4,,sidewalks,28.561,CON,1,2,2,0,0,0,0,0,0,1,0,0,1,0,0,1,2,0,0,0,0,0,0,0,5,0,0,0,1,2,2,0,0,0,1,2,0,0,0,0,0,0,0,0,1,2,0,0,1,0,1,2,2,0,0,0,0,1,1,0,0,0,0,0,1,0,0,0,0,0,1,0,0,1,2,0,1,2,2,1,2,0,5,0,1,1,1,1,2,2,1,2,0,1,2,0,5,0,,,,,,,,,,,,,,,,,,,,,,,,,,,,,,,,,,,0,,,,
1479,Unscored (no condition data),RPath,1875,4.0,,,,,,,,,74,4,4,,sidewalks,5.638,CON,1,2,2,0,0,0,0,0,0,1,0,0,1,0,0,1,0,0,0,0,0,0,0,0,5,0,0,0,1,2,2,0,0,0,1,0,0,0,0,0,0,0,0,0,1,2,0,0,1,0,1,2,2,0,0,0,3,1,1,0,0,0,0,0,1,0,0,0,0,0,1,2,0,1,2,0,1,2,2,1,2,0,5,0,1,1,1,1,2,2,1,2,0,1,2,2,5,0,,,,,,,,,,,,,,,,,,,,,,,,,,,,,,,,,,,0,,,,
1480,Unscored (no condition data),RPath,1877,4.0,,,,,,,,,69,4,4,,sidewalks,8.025,CON,1,2,2,0,0,0,0,0,0,1,0,0,1,0,0,1,0,0,0,0,0,0,0,0,5,0,0,0,1,2,2,0,0,0,1,0,0,0,0,0,0,0,0,0,1,2,0,0,1,0,1,2,2,0,0,0,0,1,1,0,0,0,0,0,1,0,0,0,0,0,1,2,0,1,2,0,1,2,2,1,2,0,5,0,1,1,1,1,2,2,1,2,0,1,2,0,5,0,,,,,,,,,,,,,,,,,,,,,,,,,,,,,,,,,,,0,,,,
1481,Unscored (no condition data),RPath,1889,4.0,,,,,,,,,76,4,4,,sidewalks,287.852,CON,1,2,2,1,2,2,1,0,0,0,0,0,1,2,0,1,2,0,0,0,0,0,0,0,0,5,0,2,0,0,0,1,2,0,1,2,2,0,0,0,0,0,0,5,1,0,0,0,1,0,1,2,0,0,0,0,0,1,0,0,0,0,0,0,1,2,0,0,0,0,1,2,2,1,2,0,1,2,0,0,0,0,5,3,1,0,0,1,2,2,0,0,0,0,0,0,5,0,,,,,,,,,,,,,,,,,,,,,,,,,,,,,,,,,,,0,,,,
1482,Unscored (no condition data),RPath,1891,4.0,,,,,,,,,81,4,4,,sidewalks,114.775,CON,1,2,2,0,0,0,0,0,0,1,2,0,1,0,0,1,0,0,0,0,0,0,0,0,5,5,0,0,1,2,2,1,2,0,1,0,0,0,0,0,1,0,0,0,1,0,0,0,1,1,1,2,2,5,5,0,0,1,1,2,0,0,0,0,1,2,2,0,0,0,1,0,0,1,2,0,1,2,0,0,0,0,0,0,1,1,1,1,2,2,1,2,0,1,0,0,5,0,,,,,,,,,,,,,,,,,,,,,,,,,,,,,,,,,,,0,,,,
1483,Unscored (no condition data),RPath,1892,4.0,,,,,,,,,70,4,4,,sidewalks,4.17,CON,1,2,2,0,0,0,0,0,0,1,0,0,1,0,0,0,0,0,0,0,0,0,0,0,5,0,0,0,1,2,2,1,2,0,1,0,0,0,0,0,1,0,0,0,1,0,0,0,1,1,1,2,2,5,5,0,0,0,1,2,0,0,0,0,1,2,2,0,0,0,1,0,0,1,2,0,1,0,0,0,0,0,0,0,1,1,1,1,2,2,1,2,0,1,0,0,5,0,,,,,,,,,,,,,,,,,,,,,,,,,,,,,,,,,,,0,,,,
1484,Unscored (no condition data),RPath,1893,4.0,,,,,,,,,77,4,4,,sidewalks,89.996,CON,1,2,2,0,0,0,0,0,0,1,2,0,0,0,0,1,0,0,0,0,0,0,0,0,5,5,0,0,1,2,2,1,2,0,1,2,0,0,0,0,1,0,0,0,1,2,0,0,1,1,1,2,2,0,0,0,3,1,1,2,0,0,0,0,1,2,2,0,0,0,1,0,0,1,2,0,1,2,0,0,0,0,0,0,1,1,1,1,2,2,1,2,0,1,0,0,5,0,,,,,,,,,,,,,,,,,,,,,,,,,,,,,,,,,,,0,,,,
1485,Unscored (no condition data),RPath,1902,4.0,,,,,,,,,70,4,4,,sidewalks,112.083,CON,1,2,2,1,2,2,1,2,2,1,0,0,1,2,2,0,0,0,0,0,0,1,0,0,0,5,0,2,1,0,0,0,0,0,1,2,0,0,0,0,0,0,0,5,1,0,0,0,0,0,1,2,0,0,0,0,0,1,0,0,0,0,0,0,1,2,2,1,0,0,1,0,0,1,0,0,1,2,2,0,0,0,5,3,1,0,0,0,0,0,0,0,0,0,0,0,5,0,,,,,,,,,,,,,,,,,,,,,,,,,,,,,,,,,,,0,,,,
1486,Unscored (no condition data),RPath,1915,4.0,,,,,,,,,70,4,4,,sidewalks,56.731,CON,1,2,2,1,2,2,1,0,0,0,0,0,1,2,2,1,2,0,0,0,0,0,0,0,0,5,0,0,0,0,0,0,0,0,1,2,0,0,0,0,0,0,0,0,1,2,0,0,1,0,1,2,2,5,5,0,0,0,0,0,0,0,0,0,1,0,0,0,0,0,0,0,0,1,2,0,1,2,0,0,0,0,0,3,1,1,1,0,0,0,1,0,0,1,2,2,5,0,,,,,,,,,,,,,,,,,,,,,,,,,,,,,,,,,,,0,,,,
1487,Unscored (no condition data),RPath,1916,4.0,,,,,,,,,74,4,4,,sidewalks,95.373,CON,1,2,2,1,2,2,0,0,0,0,0,0,1,2,2,1,2,0,0,0,0,0,0,0,0,5,0,0,0,0,0,1,0,0,1,2,2,0,0,0,0,0,0,0,1,2,0,0,0,0,1,2,2,5,5,0,0,0,0,0,0,0,0,0,1,2,0,1,0,0,0,0,0,1,2,0,1,2,0,0,0,0,0,3,1,1,1,0,0,0,1,0,0,1,2,2,5,0,,,,,,,,,,,,,,,,,,,,,,,,,,,,,,,,,,,0,,,,
1488,Unscored (no condition data),RPath,1930,4.0,,,,,,,,,69,4,4,,sidewalks,95.7,CON,1,2,2,0,0,0,0,0,0,1,0,0,1,0,0,1,0,0,0,0,0,0,0,0,5,0,0,0,1,2,2,0,0,0,1,0,0,0,0,0,0,0,0,0,1,2,0,0,1,0,1,2,2,0,0,0,0,1,1,0,0,0,0,0,1,2,0,0,0,0,1,0,0,1,2,0,1,2,2,1,2,0,5,0,1,1,1,1,2,2,1,2,0,1,2,0,5,0,,,,,,,,,,,,,,,,,,,,,,,,,,,,,,,,,,,0,,,,
1489,Unscored (no condition data),RPath,1937,4.0,,,,,,,,,78,4,4,,sidewalks,84.644,HMAC,1,2,0,1,0,0,0,0,0,0,0,0,1,0,0,1,2,2,0,0,0,0,0,0,5,5,0,0,0,0,0,1,2,2,1,2,2,0,0,0,0,0,0,5,1,2,2,0,1,1,1,2,2,5,5,0,3,1,0,0,0,0,0,0,0,0,0,0,0,0,0,0,0,1,2,2,1,0,0,0,0,0,5,0,1,0,0,0,0,0,0,0,0,0,0,0,5,0,,,,,,,,,,,,,,,,,,,,,,,,,,,,,,,,,,,3,,,,
1490,Unscored (no condition data),RPath,1939,4.0,,,,,,,,,68,4,4,,sidewalks,86.251,CON,1,2,0,1,2,0,0,0,0,0,0,0,1,2,0,0,0,0,0,0,0,0,0,0,0,0,0,2,0,0,0,1,2,2,1,2,2,0,0,0,0,0,0,5,1,2,2,0,1,1,1,2,2,5,5,0,3,1,0,0,0,0,0,0,1,2,0,0,0,0,0,0,0,1,0,0,1,0,0,0,0,0,5,0,1,0,0,0,0,0,0,0,0,0,0,0,5,0,,,,,,,,,,,,,,,,,,,,,,,,,,,,,,,,,,,9,,,,
1491,Unscored (no condition data),RPath,1948,4.0,,,,,,,,,77,4,4,,sidewalks,81.617,CON,1,0,0,1,0,0,0,0,0,1,0,0,1,2,2,0,0,0,0,0,0,1,2,0,0,5,0,2,0,0,0,0,0,0,1,2,2,0,0,0,0,0,0,5,1,0,0,0,1,1,1,2,2,5,0,4,3,1,0,0,0,0,0,0,1,2,0,1,2,0,1,2,0,1,2,0,1,2,0,0,0,0,5,3,0,0,0,0,0,0,0,0,0,0,0,0,5,0,,,,,,,,,,,,,,,,,,,,,,,,,,,,,,,,,,,2,,,,
1492,Unscored (no condition data),RPath,1956,4.0,,,,,,,,,71,4,4,,sidewalks,276.582,CON,1,2,0,1,2,0,1,2,0,1,0,0,1,2,2,1,2,2,0,0,0,0,0,0,0,5,0,2,0,0,0,1,0,0,1,2,2,0,0,0,0,0,0,0,0,0,0,0,1,0,1,2,2,5,5,4,0,1,0,0,0,0,0,0,0,0,0,0,0,0,0,0,0,1,0,0,1,2,0,0,0,0,0,0,1,1,1,0,0,0,0,0,0,1,2,2,5,0,,,,,,,,,,,,,,,,,,,,,,,,,,,,,,,,,,,0,,,,
1493,Unscored (no condition data),RPath,1958,4.0,,,,,,,,,72,4,4,,sidewalks,341.192,CON,1,2,2,1,0,0,0,0,0,0,0,0,1,2,2,1,2,2,0,0,0,1,0,0,0,5,0,2,0,0,0,0,0,0,1,2,2,0,0,0,0,0,0,0,1,0,0,0,0,0,1,2,2,5,5,0,3,1,0,0,0,0,0,0,0,0,0,0,0,0,1,0,0,1,2,2,1,2,2,0,0,0,0,3,1,1,1,0,0,0,0,0,0,1,0,0,5,0,,,,,,,,,,,,,,,,,,,,,,,,,,,,,,,,,,,0,,,,
1494,Unscored (no condition data),RPath,1959,4.0,,,,,,,,,68,4,4,,sidewalks,88.241,CON,1,2,2,1,0,0,1,0,0,0,0,0,1,2,2,0,0,0,0,0,0,1,0,0,0,5,0,2,0,0,0,0,0,0,1,2,2,0,0,0,1,0,0,0,1,2,0,0,1,0,1,2,2,5,0,0,3,1,0,0,0,0,0,0,0,0,0,0,0,0,0,0,0,1,2,0,1,2,2,0,0,0,5,3,1,1,1,0,0,0,0,0,0,0,0,0,5,0,,,,,,,,,,,,,,,,,,,,,,,,,,,,,,,,,,,0,,,,
1495,Unscored (no condition data),RPath,1962,4.0,,,,,,,,,78,4,4,,sidewalks,108.631,HMAC,1,2,2,1,2,2,1,0,0,0,0,0,1,2,2,1,2,2,0,0,0,0,0,0,0,5,0,0,0,0,0,1,0,0,1,2,2,0,0,0,0,0,0,0,1,2,2,0,0,0,1,2,2,0,5,4,0,0,0,0,0,1,0,0,1,2,0,1,2,0,0,0,0,1,2,0,1,2,0,0,0,0,0,3,1,1,1,0,0,0,0,0,0,1,2,0,5,0,,,,,,,,,,,,,,,,,,,,,,,,,,,,,,,,,,,0,,,,
1496,Unscored (no condition data),RPath,1963,4.0,,,,,,,,,78,4,4,,sidewalks,122.401,CON,1,2,2,1,2,2,1,2,0,0,0,0,1,2,2,1,2,0,0,0,0,1,0,0,0,5,0,2,0,0,0,1,0,0,1,2,2,0,0,0,0,0,0,5,1,2,0,0,1,0,1,2,2,0,0,4,0,1,0,0,0,1,0,0,1,0,0,1,0,0,0,0,0,1,2,0,1,2,2,0,0,0,0,3,1,0,1,0,0,0,0,0,0,1,2,0,5,0,,,,,,,,,,,,,,,,,,,,,,,,,,,,,,,,,,,0,,,,
1497,Unscored (no condition data),RPath,1964,4.0,,,,,,,,,71,4,4,,sidewalks,437.598,HMAC,1,2,2,1,2,2,0,0,0,0,0,0,1,2,2,0,0,0,1,2,0,0,0,0,0,5,0,0,0,0,0,1,2,0,0,0,0,0,0,0,0,0,0,0,1,2,0,0,1,1,1,2,2,0,5,0,3,0,1,2,0,0,0,0,1,0,0,0,0,0,0,0,0,1,0,0,1,2,2,0,0,0,0,3,1,1,1,0,0,0,1,2,2,1,0,0,5,0,,,,,,,,,,,,,,,,,,,,,,,,,,,,,,,,,,,0,,,,
1498,Unscored (no condition data),RPath,1965,4.0,,,,,,,,,67,4,4,,sidewalks,138.296,HMAC,1,2,0,1,2,0,0,0,0,0,0,0,1,2,2,0,0,0,1,2,0,0,0,0,0,5,0,2,0,0,0,1,2,0,0,0,0,0,0,0,1,0,0,0,1,2,2,0,1,0,1,2,2,0,5,0,3,0,1,2,0,0,0,0,0,0,0,0,0,0,0,0,0,1,2,0,1,2,0,0,0,0,0,3,1,1,1,0,0,0,1,2,0,0,0,0,5,0,,,,,,,,,,,,,,,,,,,,,,,,,,,,,,,,,,,0,,,,
1499,Unscored (no condition data),RPath,1978,4.0,,,,,,,,,77,4,4,,sidewalks,21.691,CON,1,2,2,0,0,0,0,0,0,1,0,0,1,0,0,0,0,0,0,0,0,0,0,0,5,5,0,0,1,2,2,1,2,0,1,2,0,0,0,0,1,0,0,0,1,0,0,0,1,1,1,2,2,5,5,0,0,0,1,2,0,0,0,0,1,2,2,0,0,0,1,0,0,1,2,0,1,0,0,0,0,0,0,0,1,1,1,1,2,2,1,2,0,1,0,0,5,0,,,,,,,,,,,,,,,,,,,,,,,,,,,,,,,,,,,0,,,,
1500,Unscored (no condition data),RPath,1976,4.0,,,,,,,,,81,4,4,,sidewalks,45.297,CON,1,2,2,0,0,0,0,0,0,1,0,0,1,0,0,0,0,0,0,0,0,0,0,0,5,5,0,0,1,2,2,1,2,0,1,2,0,0,0,0,1,2,0,0,1,2,0,0,1,1,1,2,2,5,5,0,0,0,1,2,0,0,0,0,1,2,2,0,0,0,1,0,0,1,2,0,1,0,0,0,0,0,0,0,1,1,1,1,2,2,1,2,0,1,0,0,5,0,,,,,,,,,,,,,,,,,,,,,,,,,,,,,,,,,,,0,,,,
1501,Unscored (no condition data),RPath,1977,4.0,,,,,,,,,80,4,4,,sidewalks,106.072,CON,1,2,2,0,0,0,0,0,0,1,2,0,1,0,0,0,0,0,0,0,0,0,0,0,5,0,0,0,1,2,2,1,2,0,1,2,0,0,0,0,1,2,0,0,1,0,0,0,1,1,1,2,2,5,5,0,3,1,1,2,0,0,0,0,1,2,2,0,0,0,1,0,0,1,2,0,1,0,0,0,0,0,0,0,1,1,1,1,2,2,1,2,0,1,0,0,5,0,,,,,,,,,,,,,,,,,,,,,,,,,,,,,,,,,,,0,,,,
1502,Unscored (no condition data),RPath,1996,4.0,,,,,,,,,78,4,4,,sidewalks,113.112,CON,1,2,0,1,0,0,0,0,0,1,2,0,1,2,0,1,2,0,0,0,0,0,0,0,5,0,0,2,1,2,2,0,0,0,1,2,0,0,0,0,0,0,0,0,1,2,0,0,1,1,1,2,2,0,5,0,0,1,0,0,0,1,2,0,1,2,0,0,0,0,1,0,0,1,2,0,1,2,2,0,0,0,0,3,1,1,1,1,2,0,0,0,0,1,2,2,5,0,,,,,,,,,,,,,,,,,,,,,,,,,,,,,,,,,,,0,,,,
1503,Unscored (no condition data),RPath,1997,4.0,,,,,,,,,81,4,4,,sidewalks,39.768,CON,1,0,0,0,0,0,0,0,0,1,2,2,1,2,0,1,2,0,0,0,0,0,0,0,5,0,0,0,1,2,2,0,0,0,1,2,2,0,0,0,0,0,0,0,1,2,0,0,1,1,1,2,2,0,5,0,0,1,0,0,0,1,2,2,1,2,0,0,0,0,1,0,0,1,2,2,1,2,2,0,0,0,0,3,1,1,1,1,2,0,0,0,0,1,2,2,5,0,,,,,,,,,,,,,,,,,,,,,,,,,,,,,,,,,,,0,,,,
1504,Unscored (no condition data),RPath,2000,4.0,,,,,,,,,74,4,4,,sidewalks,89.294,CON,1,2,2,1,0,0,0,0,0,0,0,0,1,2,2,1,2,2,0,0,0,0,0,0,0,5,0,0,1,2,0,0,0,0,1,2,2,0,0,0,0,0,0,0,1,2,0,0,0,0,1,2,2,0,5,0,0,1,0,0,0,0,0,0,1,0,0,0,0,0,0,0,0,1,2,2,1,2,2,0,0,0,5,0,1,1,1,1,2,0,1,0,0,1,2,0,5,0,,,,,,,,,,,,,,,,,,,,,,,,,,,,,,,,,,,0,,,,
1505,Unscored (no condition data),RPath,2002,4.0,,,,,,,,,76,4,4,,sidewalks,120.479,CON,1,2,2,1,0,0,0,0,0,0,0,0,1,2,2,1,2,2,0,0,0,0,0,0,0,5,0,2,1,2,0,0,0,0,1,2,2,0,0,0,0,0,0,0,1,2,0,0,0,0,1,2,2,0,5,0,0,1,0,0,0,0,0,0,1,0,0,0,0,0,0,0,0,1,2,2,1,2,2,0,0,0,5,0,1,1,1,1,2,0,1,0,0,1,2,0,5,0,,,,,,,,,,,,,,,,,,,,,,,,,,,,,,,,,,,0,,,,
1506,Unscored (no condition data),RPath,2003,4.0,,,,,,,,,73,4,4,,sidewalks,43.74,HMAC,1,2,2,1,0,0,0,0,0,0,0,0,1,2,0,1,2,2,0,0,0,0,0,0,0,5,0,0,1,2,0,0,0,0,1,2,2,0,0,0,0,0,0,0,1,2,0,0,0,0,1,2,2,0,5,0,0,1,0,0,0,0,0,0,0,0,0,0,0,0,0,0,0,1,2,2,1,2,2,0,0,0,5,0,1,1,1,1,2,0,1,2,0,1,2,0,5,0,,,,,,,,,,,,,,,,,,,,,,,,,,,,,,,,,,,0,,,,
1507,Unscored (no condition data),RPath,2006,4.0,,,,,,,,,85,5,4,,sidewalks,56.412,CON,1,2,2,1,0,0,0,0,0,1,0,0,1,2,0,1,2,2,0,0,0,0,0,0,0,5,3,0,1,2,2,0,0,0,1,2,2,0,0,0,0,0,0,0,1,2,0,0,0,0,1,2,2,5,5,0,3,1,0,0,0,0,0,0,1,0,0,0,0,0,1,0,0,1,2,0,1,2,2,1,0,0,0,0,1,1,1,1,2,2,1,2,0,1,2,0,5,0,,,,,,,,,,,,,,,,,,,,,,,,,,,,,,,,,,,1,,,,
1508,Unscored (no condition data),RPath,2013,4.0,,,,,,,,,81,4,4,,sidewalks,113.941,CON,1,2,2,0,0,0,0,0,0,1,2,0,0,0,0,1,0,0,0,0,0,0,0,0,0,5,0,0,1,2,2,0,0,0,1,0,0,0,0,0,0,0,0,0,1,2,2,0,1,1,1,2,2,0,5,0,3,0,1,2,0,0,0,0,1,2,0,0,0,0,1,2,0,1,2,2,1,2,0,1,0,0,0,0,1,1,1,1,2,2,1,2,2,1,2,2,5,0,,,,,,,,,,,,,,,,,,,,,,,,,,,,,,,,,,,0,,,,
1509,Unscored (no condition data),RPath,2014,4.0,,,,,,,,,80,4,4,,sidewalks,41.417,CON,1,2,2,0,0,0,0,0,0,1,2,0,1,0,0,1,0,0,0,0,0,0,0,0,0,5,0,0,1,2,2,0,0,0,1,0,0,0,0,0,0,0,0,0,1,2,2,0,1,1,1,2,2,0,5,0,3,0,1,2,0,0,0,0,1,2,0,0,0,0,1,2,0,1,2,0,1,2,2,1,0,0,0,0,1,1,1,1,2,0,1,2,2,1,2,2,5,0,,,,,,,,,,,,,,,,,,,,,,,,,,,,,,,,,,,0,,,,
1510,Unscored (no condition data),RPath,2015,4.0,,,,,,,,,74,4,4,,sidewalks,55.649,CON,1,2,2,1,0,0,1,0,0,0,0,0,0,0,0,1,2,2,0,0,0,0,0,0,5,5,0,2,0,0,0,0,0,0,1,2,2,0,0,0,1,2,0,0,1,2,2,0,1,0,1,2,2,5,5,0,3,1,0,0,0,0,0,0,1,2,0,0,0,0,0,0,0,0,0,0,1,2,0,0,0,0,0,3,1,1,1,0,0,0,0,0,0,0,0,0,5,0,,,,,,,,,,,,,,,,,,,,,,,,,,,,,,,,,,,0,,,,
1511,Unscored (no condition data),RPath,2019,4.0,,,,,,,,,67,4,4,,sidewalks,188.016,CON,1,2,2,1,2,0,1,0,0,0,0,0,1,2,0,1,2,0,0,0,0,0,0,0,5,5,0,2,0,0,0,0,0,0,1,2,2,0,0,0,1,0,0,0,1,2,0,0,1,1,1,2,2,5,0,0,3,1,0,0,0,0,0,0,0,0,0,0,0,0,0,0,0,1,2,0,1,0,0,0,0,0,0,3,1,1,1,0,0,0,0,0,0,0,0,0,5,0,,,,,,,,,,,,,,,,,,,,,,,,,,,,,,,,,,,0,,,,
1512,Unscored (no condition data),RPath,2023,4.0,,,,,,,,,73,4,4,,sidewalks,289.855,CON,1,2,0,1,2,0,1,0,0,0,0,0,1,2,0,0,0,0,0,0,0,0,0,0,5,0,0,2,0,0,0,0,0,0,1,2,2,0,0,0,0,0,0,5,1,2,2,0,0,0,1,2,2,0,0,0,3,1,0,0,0,0,0,0,1,2,2,1,2,0,1,2,0,1,2,0,1,2,0,0,0,0,5,3,1,0,0,1,0,0,0,0,0,0,0,0,5,0,,,,,,,,,,,,,,,,,,,,,,,,,,,,,,,,,,,0,,,,
1513,Unscored (no condition data),RPath,2030,4.0,,,,,,,,,74,4,4,,sidewalks,38.992,HMAC,1,2,0,1,2,0,1,2,0,0,0,0,1,0,0,1,0,0,0,0,0,0,0,0,0,0,0,2,0,0,0,1,0,0,1,2,2,0,0,0,0,0,0,5,1,0,0,0,1,1,1,2,2,5,5,0,0,1,0,0,0,0,0,0,1,2,0,0,0,0,1,2,0,1,2,0,1,2,0,0,0,0,5,3,0,0,1,1,2,2,0,0,0,0,0,0,5,0,,,,,,,,,,,,,,,,,,,,,,,,,,,,,,,,,,,0,,,,
1514,Unscored (no condition data),RPath,2031,4.0,,,,,,,,,79,4,4,,sidewalks,42.381,CON,1,2,0,1,2,0,1,2,0,0,0,0,1,0,0,1,0,0,0,0,0,0,0,0,0,5,0,2,0,0,0,1,0,0,1,2,2,0,0,0,0,0,0,5,1,0,0,0,1,1,1,2,2,5,5,0,0,1,0,0,0,0,0,0,1,2,0,0,0,0,1,2,0,1,2,0,1,2,0,0,0,0,5,3,0,0,1,1,2,2,0,0,0,0,0,0,5,0,,,,,,,,,,,,,,,,,,,,,,,,,,,,,,,,,,,0,,,,
1515,Unscored (no condition data),RPath,2034,4.0,,,,,,,,,73,4,4,,sidewalks,19.121,CON,1,2,0,1,0,0,0,0,0,0,0,0,1,2,0,1,2,0,1,0,0,0,0,0,5,0,0,0,0,0,0,1,2,2,1,2,2,0,0,0,0,0,0,0,1,2,2,0,1,1,1,2,2,5,5,0,3,0,0,0,0,0,0,0,1,0,0,0,0,0,1,2,0,1,2,0,1,2,0,0,0,0,0,3,1,1,1,1,0,0,0,0,0,0,0,0,5,0,,,,,,,,,,,,,,,,,,,,,,,,,,,,,,,,,,,0,,,,
1516,Unscored (no condition data),RPath,2036,4.0,,,,,,,,,70,4,4,,sidewalks,101.534,CON,1,2,0,1,0,0,0,0,0,0,0,0,1,2,0,1,2,0,1,0,0,0,0,0,5,0,0,0,0,0,0,1,2,2,1,2,2,0,0,0,0,0,0,0,1,2,2,0,1,1,1,2,2,5,5,0,3,1,0,0,0,0,0,0,1,0,0,0,0,0,1,0,0,1,2,0,1,0,0,0,0,0,0,3,1,1,1,1,0,0,0,0,0,0,0,0,5,0,,,,,,,,,,,,,,,,,,,,,,,,,,,,,,,,,,,1,,,,
1517,Unscored (no condition data),RPath,4069,4.0,,,,,,,,,75,4,4,,sidewalks,257.517,CON,1,2,2,1,2,2,1,2,0,0,0,0,1,2,0,1,2,0,0,0,0,0,0,0,0,5,0,2,0,0,0,0,0,0,1,2,2,0,0,0,0,0,0,0,1,0,0,0,1,1,1,2,2,5,5,0,3,1,0,0,0,0,0,0,1,0,0,0,0,0,0,0,0,1,2,0,1,2,2,0,0,0,5,3,0,0,0,0,0,0,0,0,0,0,0,0,5,0,,,,,,,,,,,,,,,,,,,,,,,,,,,,,,,,,,,0,,,,
1518,Unscored (no condition data),RPath,4083,4.0,,,,,,,,,71,4,4,,sidewalks,321.56,CON,1,2,0,1,2,0,1,2,0,0,0,0,1,2,0,1,0,0,0,0,0,0,0,0,0,5,0,2,0,0,0,1,0,0,1,2,2,0,0,0,1,0,0,0,0,0,0,0,1,1,1,2,2,5,0,4,3,1,0,0,0,0,0,0,0,0,0,0,0,0,0,0,0,1,2,0,1,2,2,0,0,0,5,3,1,1,1,0,0,0,0,0,0,0,0,0,5,0,,,,,,,,,,,,,,,,,,,,,,,,,,,,,,,,,,,1,,,,
1519,Unscored (no condition data),RPath,4085,4.0,,,,,,,,,73,4,4,,sidewalks,131.271,CON,1,2,0,1,2,0,1,0,0,0,0,0,1,2,2,1,2,0,0,0,0,0,0,0,5,5,0,2,0,0,0,1,2,0,1,2,2,1,2,0,0,0,0,0,0,0,0,0,1,0,1,2,2,0,0,0,3,1,0,0,0,0,0,0,0,0,0,0,0,0,1,0,0,1,2,0,1,2,2,0,0,0,5,3,1,1,1,0,0,0,0,0,0,0,0,0,5,0,,,,,,,,,,,,,,,,,,,,,,,,,,,,,,,,,,,0,,,,
1520,Unscored (no condition data),RPath,4365,4.0,,,,,,,,,69,4,4,,sidewalks,28.688,CON,1,2,2,1,2,2,0,0,0,0,0,0,1,0,0,1,2,0,0,0,0,0,0,0,5,0,0,2,0,0,0,0,0,0,1,2,2,0,0,0,0,0,0,5,1,2,2,0,0,0,1,2,2,5,5,0,3,0,0,0,0,0,0,0,0,0,0,0,0,0,1,0,0,1,0,0,1,0,0,0,0,0,5,0,1,0,0,1,0,0,0,0,0,0,0,0,5,0,,,,,,,,,,,,,,,,,,,,,,,,,,,,,,,,,,,1,,,,
1521,Unscored (no condition data),RPath,8624,4.0,,,,,,,,,68,4,4,,sidewalks,83.26,CON,1,2,2,1,2,0,1,2,0,0,0,0,1,0,0,0,0,0,0,0,0,0,0,0,0,5,0,2,0,0,0,0,0,0,1,2,2,0,0,0,0,0,0,0,0,0,0,0,1,1,1,2,2,5,5,0,0,1,0,0,0,0,0,0,1,2,0,0,0,0,1,2,0,1,2,0,1,2,2,0,0,0,5,0,1,0,1,0,0,0,0,0,0,0,0,0,5,0,,,,,,,,,,,,,,,,,,,,,,,,,,,,,,,,,,,1,,,,
1522,Unscored (no condition data),RPath,8639,4.0,,,,,,,,,69,4,4,,sidewalks,120.556,CON,1,2,2,1,2,0,1,2,0,0,0,0,0,0,0,0,0,0,0,0,0,0,0,0,0,5,0,2,0,0,0,0,0,0,1,2,2,0,0,0,0,0,0,0,0,0,0,0,1,1,1,2,2,0,5,0,0,1,0,0,0,0,0,0,1,2,2,0,0,0,1,2,0,1,2,2,1,2,2,0,0,0,5,3,1,0,1,0,0,0,0,0,0,0,0,0,5,0,,,,,,,,,,,,,,,,,,,,,,,,,,,,,,,,,,,1,,,,
1523,Unscored (no condition data),RPath,8673,4.0,,,,,,,,,70,4,4,,sidewalks,165.885,CON,1,2,2,1,2,2,1,2,0,1,0,0,1,2,2,0,0,0,0,0,0,1,0,0,0,0,0,2,1,2,0,0,0,0,1,2,2,0,0,0,0,0,0,5,1,2,0,0,0,0,1,2,0,0,0,0,0,1,0,0,0,0,0,0,1,2,2,0,0,0,1,0,0,1,2,0,1,2,2,0,0,0,5,3,1,0,0,0,0,0,0,0,0,0,0,0,5,0,,,,,,,,,,,,,,,,,,,,,,,,,,,,,,,,,,,0,,,,
1524,Unscored (no condition data),RPath,8763,4.0,,,,,,,,,67,4,4,,sidewalks,45.631,CON,1,2,2,1,2,0,1,2,0,1,2,0,1,2,0,0,0,0,0,0,0,0,0,0,5,0,0,2,0,0,0,0,0,0,1,2,2,0,0,0,0,0,0,5,1,2,2,0,0,0,1,2,2,0,5,0,0,1,0,0,0,0,0,0,1,0,0,0,0,0,1,2,0,0,0,0,1,2,2,0,0,0,0,3,0,0,0,0,0,0,0,0,0,0,0,0,5,0,,,,,,,,,,,,,,,,,,,,,,,,,,,,,,,,,,,0,,,,
1525,Unscored (no condition data),RPath,8768,4.0,,,,,,,,,72,4,4,,sidewalks,78.979,CON,1,2,2,1,0,0,1,0,0,1,2,0,1,2,0,0,0,0,0,0,0,0,0,0,5,0,0,2,0,0,0,0,0,0,1,2,2,0,0,0,0,0,0,5,1,2,2,0,0,0,1,2,2,5,5,4,0,1,0,0,0,0,0,0,1,0,0,0,0,0,1,2,0,0,0,0,1,2,2,0,0,0,0,3,0,0,0,0,0,0,0,0,0,0,0,0,5,0,,,,,,,,,,,,,,,,,,,,,,,,,,,,,,,,,,,3,,,,
1526,Unscored (no condition data),RPath,8772,4.0,,,,,,,,,70,4,4,,sidewalks,85.035,CON,1,2,2,1,2,0,1,2,0,1,2,0,1,2,0,0,0,0,0,0,0,0,0,0,5,0,0,2,0,0,0,0,0,0,1,2,2,0,0,0,0,0,0,5,1,0,0,0,0,0,1,2,2,0,5,0,0,1,0,0,0,0,0,0,1,0,0,0,0,0,1,2,0,0,0,0,1,2,2,0,0,0,5,3,1,0,1,0,0,0,0,0,0,0,0,0,5,0,,,,,,,,,,,,,,,,,,,,,,,,,,,,,,,,,,,0,,,,
1527,Unscored (no condition data),RPath,8780,4.0,,,,,,,,,72,4,4,,sidewalks,77.422,CON,1,2,2,1,2,0,1,2,0,1,2,0,1,2,0,0,0,0,0,0,0,0,0,0,5,0,0,2,0,0,0,0,0,0,1,2,2,0,0,0,0,0,0,5,1,2,0,0,0,0,1,2,2,0,5,0,0,1,0,0,0,0,0,0,1,0,0,0,0,0,1,2,0,0,0,0,1,2,2,0,0,0,5,3,1,0,1,0,0,0,0,0,0,0,0,0,5,0,,,,,,,,,,,,,,,,,,,,,,,,,,,,,,,,,,,0,,,,
1528,Unscored (no condition data),RPath,8826,4.0,,,,,,,,,67,4,4,,sidewalks,79.891,HMAC,1,2,2,1,2,0,1,0,0,0,0,0,1,2,0,1,2,0,0,0,0,0,0,0,0,0,0,2,0,0,0,0,0,0,1,2,2,0,0,0,0,0,0,0,0,0,0,0,1,1,1,2,2,5,5,0,3,1,0,0,0,0,0,0,1,0,0,0,0,0,0,0,0,1,2,2,1,2,2,0,0,0,5,3,0,0,0,0,0,0,0,0,0,0,0,0,5,0,,,,,,,,,,,,,,,,,,,,,,,,,,,,,,,,,,,0,,,,
1529,Unscored (no condition data),RPath,8833,4.0,,,,,,,,,70,4,4,,sidewalks,125.28,HMAC,1,2,2,1,2,0,1,0,0,0,0,0,1,2,2,1,2,2,0,0,0,0,0,0,0,0,0,2,0,0,0,0,0,0,1,2,2,0,0,0,0,0,0,0,1,0,0,0,1,1,1,2,2,5,5,0,3,1,0,0,0,0,0,0,1,0,0,0,0,0,0,0,0,1,2,0,1,2,2,0,0,0,5,3,0,0,0,0,0,0,0,0,0,0,0,0,5,0,,,,,,,,,,,,,,,,,,,,,,,,,,,,,,,,,,,0,,,,
1530,Unscored (no condition data),RPath,8881,4.0,,,,,,,,,70,4,4,,sidewalks,135.131,HMAC,1,2,2,1,2,0,1,2,0,0,0,0,1,0,0,1,0,0,0,0,0,0,0,0,0,5,0,2,0,0,0,0,0,0,1,2,2,0,0,0,0,0,0,0,1,2,2,0,1,0,1,2,2,5,5,0,0,1,0,0,0,0,0,0,1,2,2,0,0,0,0,0,0,1,2,0,1,0,0,1,0,0,5,3,0,0,0,0,0,0,0,0,0,0,0,0,5,0,,,,,,,,,,,,,,,,,,,,,,,,,,,,,,,,,,,1,,,,
1531,Unscored (no condition data),RPath,8890,4.0,,,,,,,,,82,4,4,,sidewalks,271.825,HMAC,1,2,2,1,2,2,1,2,2,0,0,0,1,2,2,1,2,2,0,0,0,0,0,0,0,5,0,2,0,0,0,1,0,0,1,2,2,0,0,0,0,0,0,0,1,2,2,0,1,1,1,2,2,5,5,0,0,1,0,0,0,0,0,0,1,2,2,0,0,0,0,0,0,1,2,2,1,0,0,0,0,0,5,0,0,0,0,0,0,0,0,0,0,0,0,0,5,0,,,,,,,,,,,,,,,,,,,,,,,,,,,,,,,,,,,1,,,,
1532,Unscored (no condition data),RPath,8923,4.0,,,,,,,,,68,4,4,,sidewalks,309.84,HMAC,1,2,2,1,2,2,1,0,0,0,0,0,1,2,0,0,0,0,0,0,0,0,0,0,0,5,0,0,0,0,0,0,0,0,1,2,2,0,0,0,0,0,0,0,1,2,2,0,1,1,1,2,2,5,5,0,3,0,0,0,0,0,0,0,0,0,0,0,0,0,0,0,0,0,0,0,1,0,0,0,0,0,0,3,1,1,1,1,0,0,1,0,0,1,2,2,5,0,,,,,,,,,,,,,,,,,,,,,,,,,,,,,,,,,,,0,,,,
1533,Unscored (no condition data),RPath,8939,4.0,,,,,,,,,67,4,4,,sidewalks,303.503,HMAC,1,2,2,1,0,0,0,0,0,0,0,0,1,0,0,0,0,0,0,0,0,0,0,0,0,5,0,0,0,0,0,0,0,0,1,2,2,0,0,0,0,0,0,0,1,2,2,0,0,0,1,2,2,5,5,0,3,0,0,0,0,0,0,0,0,0,0,0,0,0,0,0,0,1,2,0,1,0,0,1,2,2,0,3,1,1,1,1,2,0,1,2,0,1,0,0,5,0,,,,,,,,,,,,,,,,,,,,,,,,,,,,,,,,,,,0,,,,
1534,Unscored (no condition data),RPath,8992,4.0,,,,,,,,,77,4,4,,sidewalks,203.629,HMAC,1,2,2,1,0,0,1,0,0,0,0,0,1,2,2,0,0,0,0,0,0,1,2,0,0,5,0,2,0,0,0,0,0,0,1,2,2,0,0,0,0,0,0,0,1,2,2,0,1,1,1,2,2,5,5,0,3,1,0,0,0,0,0,0,0,0,0,0,0,0,0,0,0,1,2,0,1,2,2,0,0,0,5,3,1,1,1,0,0,0,0,0,0,0,0,0,5,0,,,,,,,,,,,,,,,,,,,,,,,,,,,,,,,,,,,1,,,,
1535,Unscored (no condition data),RPath,9009,4.0,,,,,,,,,70,4,4,,sidewalks,162.964,HMAC,1,2,2,0,0,0,0,0,0,0,0,0,1,2,2,0,0,0,0,0,0,1,2,2,0,5,0,2,0,0,0,0,0,0,1,2,2,0,0,0,0,0,0,0,1,2,0,0,1,1,1,2,2,5,5,0,3,1,0,0,0,0,0,0,0,0,0,0,0,0,0,0,0,1,2,0,1,2,2,0,0,0,0,3,1,1,1,0,0,0,0,0,0,0,0,0,5,0,,,,,,,,,,,,,,,,,,,,,,,,,,,,,,,,,,,1,,,,
1536,Unscored (no condition data),RPath,9071,4.0,,,,,,,,,72,4,4,,sidewalks,94.791,HMAC,1,2,2,0,0,0,0,0,0,0,0,0,1,2,2,0,0,0,0,0,0,1,2,0,0,5,0,0,0,0,0,0,0,0,1,2,2,0,0,0,1,0,0,0,1,2,2,0,1,1,1,2,2,5,5,4,3,0,0,0,0,0,0,0,0,0,0,0,0,0,0,0,0,1,2,0,1,2,2,0,0,0,0,3,1,1,1,0,0,0,0,0,0,0,0,0,5,0,,,,,,,,,,,,,,,,,,,,,,,,,,,,,,,,,,,1,,,,
1537,Unscored (no condition data),RPath,9273,4.0,,,,,,,,,73,4,4,,sidewalks,37.87,CON,1,2,0,0,0,0,0,0,0,1,2,0,0,0,0,1,2,0,0,0,0,0,0,0,5,0,0,0,1,2,2,0,0,0,0,0,0,0,0,0,0,0,0,0,1,2,0,0,1,1,1,2,0,0,0,0,0,1,1,2,0,0,0,0,1,2,2,0,0,0,1,2,2,1,2,2,1,2,2,1,2,0,0,0,1,1,1,1,2,0,1,2,2,1,2,0,5,0,,,,,,,,,,,,,,,,,,,,,,,,,,,,,,,,,,,0,,,,
1538,Unscored (no condition data),RPath,9306,4.0,,,,,,,,,83,5,4,,sidewalks,68.624,CON,1,2,2,0,0,0,0,0,0,1,2,2,0,0,0,1,0,0,0,0,0,0,0,0,5,0,0,0,1,2,2,0,0,0,1,0,0,0,0,0,0,0,0,0,1,2,2,0,1,1,1,2,2,0,5,0,3,0,1,2,0,0,0,0,1,2,0,0,0,0,1,2,2,1,2,0,1,2,2,1,0,0,0,0,1,1,1,1,2,2,1,2,2,1,2,0,5,0,,,,,,,,,,,,,,,,,,,,,,,,,,,,,,,,,,,0,,,,
1539,Unscored (no condition data),RPath,9307,4.0,,,,,,,,,85,5,4,,sidewalks,78.637,CON,1,2,2,0,0,0,0,0,0,1,2,0,0,0,0,1,0,0,0,0,0,0,0,0,5,0,0,0,1,2,2,0,0,0,1,0,0,0,0,0,0,0,0,0,1,2,2,0,1,1,1,2,2,0,5,0,3,1,1,2,0,0,0,0,1,2,0,0,0,0,1,2,0,1,2,0,1,2,2,1,2,0,5,0,1,1,1,1,2,0,1,2,2,1,2,0,5,0,,,,,,,,,,,,,,,,,,,,,,,,,,,,,,,,,,,0,,,,
1540,Unscored (no condition data),RPath,9309,4.0,,,,,,,,,81,4,4,,sidewalks,51.435,CON,1,2,2,0,0,0,0,0,0,1,2,0,0,0,0,1,0,0,0,0,0,0,0,0,5,0,0,0,1,2,2,0,0,0,0,0,0,0,0,0,0,0,0,0,1,2,2,0,1,1,1,2,2,0,5,0,0,1,1,2,0,0,0,0,1,2,0,0,0,0,1,2,0,1,2,0,1,2,2,1,2,0,5,0,1,1,1,1,2,0,1,2,2,1,2,0,5,0,,,,,,,,,,,,,,,,,,,,,,,,,,,,,,,,,,,0,,,,
1541,Unscored (no condition data),RPath,9310,4.0,,,,,,,,,77,4,4,,sidewalks,32.951,,1,2,2,0,0,0,0,0,0,1,2,0,0,0,0,1,0,0,0,0,0,0,0,0,5,0,0,0,1,2,2,0,0,0,0,0,0,0,0,0,0,0,0,0,1,2,0,0,1,1,1,2,2,0,5,0,0,1,1,0,0,0,0,0,1,2,0,0,0,0,1,2,0,1,2,0,1,2,2,1,2,0,5,0,1,1,1,1,2,0,1,2,2,1,2,0,5,0,,,,,,,,,,,,,,,,,,,,,,,,,,,,,,,,,,,0,,,,
1542,Unscored (no condition data),RPath,13295,4.0,,,,,,,,,76,4,4,,sidewalks,31.301,CON,1,2,0,0,0,0,0,0,0,1,2,0,0,0,0,1,2,0,0,0,0,0,0,0,5,0,0,0,1,2,2,0,0,0,0,0,0,0,0,0,0,0,0,0,1,2,0,0,1,1,1,2,0,0,0,0,0,1,1,2,0,0,0,0,1,2,2,0,0,0,1,2,2,1,2,0,1,2,2,1,2,0,5,0,1,1,1,1,2,0,1,2,2,1,2,0,5,0,,,,,,,,,,,,,,,,,,,,,,,,,,,,,,,,,,,0,,,,
1543,Unscored (no condition data),RPath,9328,4.0,,,,,,,,,71,4,4,,sidewalks,303.36,HMAC,1,2,2,1,2,2,1,0,0,0,0,0,1,2,0,0,0,0,0,0,0,0,0,0,0,5,3,0,0,0,0,0,0,0,1,2,2,0,0,0,0,0,0,0,1,2,2,0,1,1,1,2,2,5,5,0,3,0,0,0,0,0,0,0,0,0,0,0,0,0,0,0,0,0,0,0,1,0,0,0,0,0,0,3,1,1,1,1,0,0,1,0,0,1,2,2,5,0,,,,,,,,,,,,,,,,,,,,,,,,,,,,,,,,,,,0,,,,
1544,Unscored (no condition data),RPath,9412,4.0,,,,,,,,,83,5,4,,sidewalks,65.01,CON,1,2,2,1,2,0,1,0,0,0,0,0,1,2,0,1,2,0,0,0,0,1,0,0,5,5,0,2,0,0,0,1,0,0,1,2,2,0,0,0,0,0,0,5,1,0,0,0,1,1,1,2,2,5,5,0,0,1,0,0,0,0,0,0,0,0,0,0,0,0,0,0,0,1,2,0,1,2,2,0,0,0,5,0,1,0,0,1,2,0,0,0,0,1,2,0,5,0,,,,,,,,,,,,,,,,,,,,,,,,,,,,,,,,,,,1,,,,
1545,Unscored (no condition data),RPath,9413,4.0,,,,,,,,,75,4,4,,sidewalks,97.841,CON,1,2,2,1,2,0,1,0,0,0,0,0,1,2,2,1,2,0,0,0,0,1,0,0,5,5,0,2,0,0,0,0,0,0,1,2,2,0,0,0,0,0,0,0,1,2,0,0,1,1,1,2,2,0,0,0,0,1,0,0,0,0,0,0,0,0,0,0,0,0,0,0,0,1,2,2,1,2,2,0,0,0,5,0,1,0,0,1,2,2,0,0,0,1,2,0,5,0,,,,,,,,,,,,,,,,,,,,,,,,,,,,,,,,,,,0,,,,
1546,Unscored (no condition data),RPath,9630,4.0,,,,,,,,,77,4,4,,sidewalks,121.476,HMAC,1,2,2,1,0,0,0,0,0,0,0,0,1,2,2,1,2,2,0,0,0,0,0,0,0,5,0,0,1,2,0,0,0,0,1,2,2,0,0,0,0,0,0,5,1,2,0,0,0,0,1,2,2,0,0,0,0,1,0,0,0,0,0,0,1,2,0,0,0,0,0,0,0,1,2,2,1,2,0,0,0,0,5,3,1,1,1,1,2,0,1,0,0,1,2,0,5,0,,,,,,,,,,,,,,,,,,,,,,,,,,,,,,,,,,,0,,,,
1547,Unscored (no condition data),RPath,9694,4.0,,,,,,,,,82,4,4,,sidewalks,81.033,HMAC,1,2,2,1,2,0,0,0,0,0,0,0,1,2,2,1,2,2,0,0,0,0,0,0,0,5,0,0,0,0,0,1,2,0,1,2,2,0,0,0,0,0,0,0,1,2,2,0,0,0,1,2,2,5,5,4,0,0,0,0,0,1,0,0,1,2,2,1,2,0,0,0,0,1,0,0,1,0,0,0,0,0,5,0,1,1,1,0,0,0,0,0,0,1,2,0,5,0,,,,,,,,,,,,,,,,,,,,,,,,,,,,,,,,,,,0,,,,
1548,Unscored (no condition data),RPath,9839,4.0,,,,,,,,,73,4,4,,sidewalks,31.255,HMAC,1,2,2,1,2,0,1,2,0,0,0,0,0,0,0,0,0,0,0,0,0,0,0,0,0,5,0,2,0,0,0,0,0,0,1,2,2,0,0,0,0,0,0,0,0,0,0,0,1,1,1,2,2,5,5,0,0,1,0,0,0,0,0,0,1,2,2,0,0,0,1,2,0,1,2,2,1,2,2,0,0,0,5,3,0,0,1,0,0,0,0,0,0,0,0,0,5,0,,,,,,,,,,,,,,,,,,,,,,,,,,,,,,,,,,,1,,,,
1549,Unscored (no condition data),RPath,9840,4.0,,,,,,,,,70,4,4,,sidewalks,22.649,CON,1,2,2,1,2,0,1,2,0,0,0,0,0,0,0,0,0,0,0,0,0,0,0,0,0,5,0,2,0,0,0,0,0,0,1,2,2,0,0,0,0,0,0,0,0,0,0,0,1,1,1,2,2,5,5,0,0,0,0,0,0,0,0,0,1,2,0,0,0,0,1,2,0,1,2,2,1,2,2,0,0,0,5,3,0,0,1,0,0,0,0,0,0,0,0,0,5,0,,,,,,,,,,,,,,,,,,,,,,,,,,,,,,,,,,,1,,,,
1550,Unscored (no condition data),RPath,9869,4.0,,,,,,,,,74,4,4,,sidewalks,198.559,HMAC,1,2,2,1,2,2,0,0,0,0,0,0,1,2,0,0,0,0,0,0,0,0,0,0,0,5,0,2,0,0,0,0,0,0,1,2,2,0,0,0,0,0,0,5,1,2,0,0,0,0,1,2,2,5,0,0,0,1,1,2,0,0,0,0,0,0,0,0,0,0,0,0,0,1,2,2,1,0,0,0,0,0,5,3,1,1,1,1,2,2,0,0,0,0,0,0,5,0,,,,,,,,,,,,,,,,,,,,,,,,,,,,,,,,,,,0,,,,
1551,Unscored (no condition data),RPath,13465,4.0,,,,,,,,,75,4,4,,sidewalks,71.457,CON,1,2,0,1,2,0,1,2,0,0,0,0,1,0,0,1,2,2,0,0,0,0,0,0,5,0,0,2,0,0,0,0,0,0,1,2,2,0,0,0,0,0,0,0,1,2,2,0,0,0,1,2,2,5,5,4,0,0,0,0,0,0,0,0,0,0,0,0,0,0,1,2,0,1,2,2,1,2,0,0,0,0,5,3,0,0,0,0,0,0,0,0,0,0,0,0,5,0,,,,,,,,,,,,,,,,,,,,,,,,,,,,,,,,,,,0,,,,
1552,Unscored (no condition data),RPath,13469,4.0,,,,,,,,,77,4,4,,sidewalks,72.117,CON,1,2,2,1,2,0,1,2,0,0,0,0,1,2,0,1,2,2,0,0,0,0,0,0,5,0,0,2,0,0,0,0,0,0,1,2,2,0,0,0,0,0,0,0,1,2,2,0,0,0,1,2,2,5,5,4,0,0,0,0,0,0,0,0,0,0,0,0,0,0,1,0,0,1,2,2,1,2,0,0,0,0,5,3,0,0,0,0,0,0,0,0,0,0,0,0,5,0,,,,,,,,,,,,,,,,,,,,,,,,,,,,,,,,,,,0,,,,
1553,Unscored (no condition data),PTrail,725,4.0,,,,,,,,,74,4,4,,trails,60.956,Asphalt,1,2,2,1,2,0,1,2,0,0,0,0,1,2,2,1,2,2,0,0,0,1,2,0,5,5,0,0,0,0,0,0,0,0,1,2,2,0,0,0,0,0,0,0,1,2,0,0,1,1,1,2,2,0,0,0,0,0,0,0,0,0,0,0,0,0,0,0,0,0,1,0,0,1,2,2,1,2,0,0,0,0,0,0,1,0,0,1,2,2,0,0,0,1,2,2,5,0,,,,,,,,,,,,,,,,,,,,,,,,,,,,,,,,,,,0,,,,
1554,Unscored (no condition data),PTrail,727,4.0,,,,,,,,,70,4,4,,trails,94.787,Asphalt,1,2,2,1,2,0,1,2,0,0,0,0,1,2,2,1,2,0,0,0,0,1,2,2,0,5,0,0,0,0,0,0,0,0,1,2,2,0,0,0,0,0,0,0,1,2,0,0,1,0,1,2,0,5,5,0,0,0,0,0,0,0,0,0,0,0,0,0,0,0,1,2,0,1,2,0,1,0,0,0,0,0,0,0,1,0,0,1,2,0,0,0,0,1,2,0,5,0,,,,,,,,,,,,,,,,,,,,,,,,,,,,,,,,,,,0,,,,
1555,Unscored (no condition data),PTrail,740,4.0,,,,,,,,,71,4,4,,trails,18.51,Asphalt,1,2,2,1,2,2,1,2,0,0,0,0,1,2,2,0,0,0,0,0,0,1,2,2,0,5,0,0,0,0,0,1,0,0,1,2,2,0,0,0,0,0,0,0,1,0,0,0,0,0,1,2,2,5,0,0,3,1,0,0,0,0,0,0,1,0,0,0,0,0,1,2,0,1,2,0,1,2,2,0,0,0,0,3,1,0,0,1,0,0,0,0,0,0,0,0,5,0,,,,,,,,,,,,,,,,,,,,,,,,,,,,,,,,,,,0,,,,
1556,Unscored (no condition data),PTrail,741,4.0,,,,,,,,,71,4,4,,trails,29.178,Asphalt,1,2,2,1,2,2,1,2,0,0,0,0,1,2,2,1,0,0,0,0,0,1,2,2,0,5,0,0,0,0,0,1,0,0,1,2,2,0,0,0,0,0,0,0,1,0,0,0,0,0,1,2,2,5,0,0,3,0,0,0,0,0,0,0,1,0,0,0,0,0,1,2,0,1,2,0,1,2,2,0,0,0,0,3,1,0,0,1,0,0,0,0,0,0,0,0,5,0,,,,,,,,,,,,,,,,,,,,,,,,,,,,,,,,,,,0,,,,
1557,Unscored (no condition data),PTrail,744,4.0,,,,,,,,,68,4,4,,trails,45.123,Asphalt,1,2,2,1,2,0,1,2,0,0,0,0,1,2,2,0,0,0,0,0,0,1,2,2,0,5,0,0,0,0,0,0,0,0,1,2,2,0,0,0,0,0,0,0,1,0,0,0,0,0,1,2,2,5,0,0,3,0,0,0,0,0,0,0,0,0,0,0,0,0,1,2,0,1,2,2,1,2,2,0,0,0,0,3,1,0,0,1,0,0,0,0,0,0,0,0,5,0,,,,,,,,,,,,,,,,,,,,,,,,,,,,,,,,,,,0,,,,
1558,Unscored (no condition data),PTrail,787,4.0,,,,,,,,,76,4,4,,trails,555.796,Asphalt,1,2,2,1,2,2,1,2,0,1,2,0,1,2,2,0,0,0,0,0,0,0,0,0,5,5,0,2,0,0,0,0,0,0,1,2,2,0,0,0,0,0,0,0,1,2,2,0,1,1,1,2,2,5,5,0,0,1,0,0,0,0,0,0,0,0,0,0,0,0,0,0,0,1,2,2,1,2,0,0,0,0,0,0,1,1,0,0,0,0,0,0,0,0,0,0,5,0,,,,,,,,,,,,,,,,,,,,,,,,,,,,,,,,,,,0,,,,
1559,Unscored (no condition data),PTrail,789,4.0,,,,,,,,,68,4,4,,trails,76.847,Asphalt,1,2,2,1,2,2,1,2,0,1,2,0,1,2,2,0,0,0,0,0,0,0,0,0,5,5,0,2,0,0,0,0,0,0,1,2,2,0,0,0,0,0,0,0,1,2,0,0,1,0,1,2,0,5,0,0,3,0,0,0,0,0,0,0,0,0,0,0,0,0,0,0,0,1,2,2,1,2,0,0,0,0,0,0,1,1,0,0,0,0,0,0,0,0,0,0,5,0,,,,,,,,,,,,,,,,,,,,,,,,,,,,,,,,,,,0,,,,
1560,Unscored (no condition data),PTrail,799,4.0,,,,,,,,,68,4,4,,trails,825.601,Asphalt,1,2,2,1,2,2,1,2,2,0,0,0,1,2,2,0,0,0,0,0,0,0,0,0,0,5,0,2,0,0,0,0,0,0,0,0,0,0,0,0,0,0,0,0,0,0,0,0,1,1,1,2,2,5,0,0,3,1,0,0,0,0,0,0,1,2,0,0,0,0,0,0,0,1,2,0,1,2,2,0,0,0,0,3,1,1,1,0,0,0,0,0,0,0,0,0,5,3,,,,,,,,,,,,,,,,,,,,,,,,,,,,,,,,,,,0,,,,
1561,Unscored (no condition data),PTrail,812,4.0,,,,,,,,,69,4,4,,trails,565.097,Asphalt,1,2,0,1,2,0,0,0,0,1,2,2,1,2,2,1,2,2,0,0,0,0,0,0,5,0,0,2,0,0,0,1,2,2,1,2,2,0,0,0,1,0,0,0,1,2,2,0,0,0,1,2,2,0,5,0,0,1,0,0,0,0,0,0,0,0,0,0,0,0,1,2,0,1,2,0,0,0,0,0,0,0,0,0,1,1,1,0,0,0,0,0,0,0,0,0,5,0,,,,,,,,,,,,,,,,,,,,,,,,,,,,,,,,,,,0,,,,
1562,Unscored (no condition data),PTrail,837,4.0,,,,,,,,,84,5,4,,trails,374.176,Asphalt,1,2,2,1,2,2,1,0,0,0,0,0,1,2,2,1,0,0,0,0,0,1,2,2,0,5,0,2,0,0,0,1,2,0,1,2,2,0,0,0,0,0,0,0,1,0,0,0,1,0,1,2,2,5,0,0,3,1,0,0,0,0,0,0,1,2,0,0,0,0,1,2,2,1,2,2,1,2,2,0,0,0,5,3,0,0,0,0,0,0,0,0,0,0,0,0,5,0,,,,,,,,,,,,,,,,,,,,,,,,,,,,,,,,,,,0,,,,
1563,Unscored (no condition data),PTrail,848,4.0,,,,,,,,,75,4,4,,trails,133.283,Asphalt,1,2,2,1,2,2,1,2,2,1,0,0,1,2,2,0,0,0,0,0,0,1,2,0,0,5,0,2,1,0,0,0,0,0,1,0,0,0,0,0,1,0,0,5,1,2,0,0,1,0,1,2,0,5,0,0,0,1,0,0,0,0,0,0,1,2,0,1,0,0,1,0,0,1,2,0,1,2,2,0,0,0,0,3,1,0,0,1,0,0,0,0,0,0,0,0,5,0,,,,,,,,,,,,,,,,,,,,,,,,,,,,,,,,,,,0,,,,
1564,Unscored (no condition data),PTrail,850,4.0,,,,,,,,,68,4,4,,trails,130.124,Asphalt,1,2,2,1,2,2,1,2,2,1,0,0,1,2,2,0,0,0,0,0,0,1,0,0,0,5,0,2,1,0,0,0,0,0,1,2,0,0,0,0,0,0,0,5,1,0,0,0,0,0,1,2,0,0,0,0,0,1,0,0,0,0,0,0,1,2,2,1,0,0,1,0,0,1,0,0,1,2,0,0,0,0,5,3,1,0,0,0,0,0,0,0,0,0,0,0,5,0,,,,,,,,,,,,,,,,,,,,,,,,,,,,,,,,,,,0,,,,
1565,Unscored (no condition data),PTrail,865,4.0,,,,,,,,,77,4,4,,trails,81.342,Asphalt,1,2,2,1,2,0,0,0,0,0,0,0,1,2,2,1,2,2,0,0,0,0,0,0,0,5,0,0,0,0,0,1,2,0,1,2,2,0,0,0,0,0,0,0,1,2,2,0,0,0,1,2,2,5,0,4,0,0,0,0,0,1,0,0,1,2,2,1,2,0,0,0,0,1,0,0,1,0,0,0,0,0,5,0,1,1,1,0,0,0,0,0,0,1,2,0,5,0,,,,,,,,,,,,,,,,,,,,,,,,,,,,,,,,,,,0,,,,
1566,Unscored (no condition data),PTrail,874,4.0,,,,,,,,,70,4,4,,trails,57.338,Asphalt,1,2,2,1,2,2,1,2,2,1,2,2,1,2,2,1,2,2,0,0,0,0,0,0,0,5,0,0,0,0,0,1,0,0,1,2,2,0,0,0,1,2,0,0,1,2,0,0,1,0,1,2,0,0,0,0,0,1,0,0,0,0,0,0,0,0,0,0,0,0,0,0,0,1,2,2,0,0,0,0,0,0,0,0,1,1,1,1,2,2,0,0,0,0,0,0,5,0,,,,,,,,,,,,,,,,,,,,,,,,,,,,,,,,,,,0,,,,
1567,Unscored (no condition data),PTrail,875,4.0,,,,,,,,,82,4,4,,trails,65.829,Asphalt,1,2,2,1,2,2,1,2,2,1,2,2,1,2,2,1,2,2,0,0,0,0,0,0,5,5,0,0,0,0,0,1,2,0,1,2,2,0,0,0,1,2,2,0,1,2,0,0,1,0,1,2,0,0,0,0,3,0,0,0,0,0,0,0,0,0,0,0,0,0,0,0,0,1,2,2,1,0,0,0,0,0,0,0,1,1,1,1,2,2,0,0,0,0,0,0,5,0,,,,,,,,,,,,,,,,,,,,,,,,,,,,,,,,,,,0,,,,
1568,Unscored (no condition data),PTrail,876,4.0,,,,,,,,,73,4,4,,trails,124.134,Asphalt,1,2,2,1,2,2,1,2,2,1,2,2,1,2,2,1,2,2,0,0,0,0,0,0,0,5,0,2,0,0,0,1,0,0,1,2,2,0,0,0,1,2,0,0,1,2,0,0,0,0,1,2,2,0,0,0,0,1,0,0,0,0,0,0,0,0,0,0,0,0,0,0,0,1,2,2,0,0,0,0,0,0,0,0,1,1,1,1,2,2,0,0,0,0,0,0,5,0,,,,,,,,,,,,,,,,,,,,,,,,,,,,,,,,,,,0,,,,
1569,Unscored (no condition data),PTrail,877,4.0,,,,,,,,,68,4,4,,trails,6.605,Asphalt,1,2,2,1,2,2,1,2,2,1,2,2,1,2,2,1,2,2,0,0,0,0,0,0,0,5,0,0,0,0,0,1,0,0,1,2,2,0,0,0,1,2,0,0,1,2,0,0,0,0,1,2,0,0,0,0,0,0,0,0,0,0,0,0,0,0,0,0,0,0,0,0,0,1,2,2,0,0,0,0,0,0,0,0,1,1,1,1,2,2,0,0,0,0,0,0,5,0,,,,,,,,,,,,,,,,,,,,,,,,,,,,,,,,,,,0,,,,
1570,Unscored (no condition data),PTrail,878,4.0,,,,,,,,,68,4,4,,trails,1.292,Asphalt,1,2,2,1,2,2,1,2,2,1,2,2,1,2,2,1,2,2,0,0,0,0,0,0,0,5,0,0,0,0,0,1,0,0,1,2,2,0,0,0,1,2,0,0,1,2,0,0,0,0,1,2,0,0,0,0,0,0,0,0,0,0,0,0,0,0,0,0,0,0,0,0,0,1,2,2,0,0,0,0,0,0,0,0,1,1,1,1,2,2,0,0,0,0,0,0,5,0,,,,,,,,,,,,,,,,,,,,,,,,,,,,,,,,,,,0,,,,
1571,Unscored (no condition data),PTrail,918,4.0,,,,,,,,,80,4,4,,trails,76.544,Asphalt,1,2,2,1,2,2,0,0,0,0,0,0,1,2,2,1,2,2,0,0,0,0,0,0,0,5,0,0,0,0,0,1,0,0,1,2,2,0,0,0,0,0,0,0,1,2,2,0,0,0,1,2,2,5,5,4,0,0,0,0,0,1,0,0,1,2,0,1,2,0,0,0,0,1,0,0,1,0,0,0,0,0,5,0,1,1,1,0,0,0,0,0,0,1,2,0,5,0,,,,,,,,,,,,,,,,,,,,,,,,,,,,,,,,,,,0,,,,
1572,Unscored (no condition data),PTrail,919,4.0,,,,,,,,,69,4,4,,trails,71.306,Asphalt,1,2,2,1,2,2,0,0,0,0,0,0,1,2,0,1,2,2,0,0,0,0,0,0,0,5,0,0,0,0,0,1,0,0,1,2,2,0,0,0,0,0,0,0,1,2,2,0,0,0,1,2,2,5,5,0,0,0,0,0,0,1,0,0,1,2,0,1,0,0,0,0,0,1,0,0,1,0,0,0,0,0,0,0,1,1,1,0,0,0,0,0,0,1,2,2,5,0,,,,,,,,,,,,,,,,,,,,,,,,,,,,,,,,,,,0,,,,
1573,Unscored (no condition data),PTrail,935,4.0,,,,,,,,,74,4,4,,trails,37.805,Paver,1,2,2,1,2,2,0,0,0,0,0,0,1,2,0,0,0,0,0,0,0,0,0,0,0,5,0,0,1,0,0,1,2,2,1,2,2,0,0,0,1,0,0,0,1,2,2,0,1,0,1,2,2,0,5,0,0,0,0,0,0,0,0,0,1,2,0,1,0,0,1,2,0,1,2,0,1,0,0,0,0,0,5,0,1,0,1,1,2,2,0,0,0,0,0,0,5,0,,,,,,,,,,,,,,,,,,,,,,,,,,,,,,,,,,,1,,,,
1574,Unscored (no condition data),PTrail,936,4.0,,,,,,,,,71,4,4,,trails,59.401,Asphalt,1,2,2,1,2,2,0,0,0,0,0,0,1,2,2,0,0,0,0,0,0,0,0,0,0,5,0,0,1,0,0,1,2,0,1,2,2,0,0,0,1,0,0,0,1,2,2,0,0,0,1,2,2,0,0,0,0,0,0,0,0,0,0,0,1,2,0,1,2,0,1,2,0,1,2,0,1,2,0,0,0,0,5,0,0,0,1,1,2,2,0,0,0,0,0,0,5,0,,,,,,,,,,,,,,,,,,,,,,,,,,,,,,,,,,,0,,,,
1575,Unscored (no condition data),PTrail,937,4.0,,,,,,,,,69,4,4,,trails,73.545,Asphalt,1,2,2,1,2,2,0,0,0,0,0,0,1,2,2,0,0,0,0,0,0,0,0,0,0,5,0,0,1,0,0,1,2,0,1,2,2,0,0,0,1,0,0,0,1,2,0,0,0,0,1,2,2,0,0,0,0,0,0,0,0,0,0,0,1,2,0,1,2,0,1,0,0,1,2,2,1,2,0,0,0,0,5,0,0,0,1,1,2,2,0,0,0,0,0,0,5,0,,,,,,,,,,,,,,,,,,,,,,,,,,,,,,,,,,,0,,,,
1576,Unscored (no condition data),PTrail,938,4.0,,,,,,,,,67,4,4,,trails,32.294,Asphalt,1,2,2,1,2,2,0,0,0,0,0,0,1,2,2,0,0,0,0,0,0,0,0,0,0,5,0,0,1,0,0,1,2,0,1,2,2,0,0,0,1,0,0,0,1,2,0,0,0,0,1,2,2,0,0,0,0,0,0,0,0,0,0,0,1,2,0,1,2,0,1,2,0,1,2,0,1,0,0,0,0,0,5,0,0,0,1,1,2,2,0,0,0,0,0,0,5,0,,,,,,,,,,,,,,,,,,,,,,,,,,,,,,,,,,,0,,,,
1577,Unscored (no condition data),PTrail,939,4.0,,,,,,,,,67,4,4,,trails,67.52,Asphalt,1,2,2,1,2,2,0,0,0,0,0,0,1,2,2,0,0,0,0,0,0,0,0,0,0,5,0,0,1,0,0,1,2,0,1,2,2,0,0,0,1,0,0,0,1,2,0,0,0,0,1,2,2,0,0,0,0,0,0,0,0,0,0,0,1,2,0,1,2,0,1,2,0,1,2,0,1,0,0,0,0,0,5,0,0,0,1,1,2,2,0,0,0,0,0,0,5,0,,,,,,,,,,,,,,,,,,,,,,,,,,,,,,,,,,,0,,,,
1578,Unscored (no condition data),PTrail,940,4.0,,,,,,,,,69,4,4,,trails,35.541,Asphalt,1,2,2,1,2,2,0,0,0,0,0,0,1,2,0,0,0,0,0,0,0,0,0,0,0,5,0,2,0,0,0,1,2,0,1,2,2,0,0,0,0,0,0,0,1,2,0,0,0,0,1,2,2,0,5,0,0,0,0,0,0,0,0,0,1,2,0,1,2,0,1,2,0,1,2,0,1,0,0,0,0,0,5,0,1,0,1,1,2,0,0,0,0,0,0,0,5,0,,,,,,,,,,,,,,,,,,,,,,,,,,,,,,,,,,,0,,,,
1579,Unscored (no condition data),PTrail,941,4.0,,,,,,,,,73,4,4,,trails,114.804,Asphalt,1,2,2,1,2,2,0,0,0,0,0,0,1,2,2,0,0,0,0,0,0,0,0,0,0,5,0,2,1,0,0,1,2,0,1,2,2,0,0,0,1,0,0,0,1,2,0,0,0,0,1,2,2,0,0,0,0,0,0,0,0,0,0,0,1,2,2,1,2,0,1,2,0,1,2,0,1,2,0,0,0,0,5,0,0,0,1,1,2,2,0,0,0,0,0,0,5,0,,,,,,,,,,,,,,,,,,,,,,,,,,,,,,,,,,,0,,,,
1580,Unscored (no condition data),PTrail,942,4.0,,,,,,,,,69,4,4,,trails,83.22,Asphalt,1,2,2,1,2,2,0,0,0,0,0,0,1,2,2,0,0,0,0,0,0,0,0,0,0,5,0,2,0,0,0,1,2,0,1,2,2,0,0,0,0,0,0,0,1,2,0,0,0,0,1,2,2,0,0,0,0,0,0,0,0,0,0,0,1,2,2,1,2,0,1,2,0,1,2,0,1,2,0,0,0,0,5,0,0,0,1,1,2,0,0,0,0,0,0,0,5,0,,,,,,,,,,,,,,,,,,,,,,,,,,,,,,,,,,,0,,,,
1581,Unscored (no condition data),PTrail,943,4.0,,,,,,,,,67,4,4,,trails,14.673,Asphalt,1,2,2,1,2,2,0,0,0,0,0,0,1,2,2,0,0,0,0,0,0,0,0,0,0,5,0,2,0,0,0,1,2,0,1,2,2,0,0,0,0,0,0,0,1,2,0,0,0,0,1,2,0,0,0,0,0,0,0,0,0,0,0,0,1,2,2,1,2,0,1,2,0,1,2,0,1,2,0,0,0,0,5,0,0,0,1,1,2,0,0,0,0,0,0,0,5,0,,,,,,,,,,,,,,,,,,,,,,,,,,,,,,,,,,,0,,,,
1582,Unscored (no condition data),PTrail,1046,4.0,,,,,,,,,77,4,4,,trails,355.307,Dirt,1,2,2,1,2,2,1,2,0,0,0,0,1,2,2,0,0,0,0,0,0,0,0,0,0,5,0,2,0,0,0,0,0,0,1,2,2,0,0,0,0,0,0,5,0,0,0,0,0,0,1,2,2,5,0,0,3,1,0,0,0,0,0,0,1,0,0,1,2,0,1,2,0,1,2,0,1,2,2,0,0,0,5,0,1,1,1,0,0,0,0,0,0,0,0,0,5,0,,,,,,,,,,,,,,,,,,,,,,,,,,,,,,,,,,,0,,,,
1583,Unscored (no condition data),PTrail,1047,4.0,,,,,,,,,70,4,4,,trails,499.225,Dirt,1,2,2,1,0,0,1,0,0,1,2,0,1,2,2,0,0,0,0,0,0,0,0,0,0,5,0,2,0,0,0,1,0,0,1,2,2,0,0,0,0,0,0,5,0,0,0,0,0,0,1,2,2,0,0,0,3,1,0,0,0,0,0,0,1,0,0,1,2,0,1,2,0,1,2,0,1,2,0,0,0,0,5,3,1,0,1,0,0,0,0,0,0,0,0,0,5,0,,,,,,,,,,,,,,,,,,,,,,,,,,,,,,,,,,,0,,,,
1584,Unscored (no condition data),PTrail,1073,4.0,,,,,,,,,75,4,4,,trails,283.219,Dirt,1,2,2,1,2,0,1,2,0,0,0,0,1,2,2,1,2,0,0,0,0,0,0,0,0,5,0,2,0,0,0,1,0,0,1,2,2,1,0,0,1,2,2,0,1,0,0,0,1,0,1,2,2,5,0,4,0,0,0,0,0,0,0,0,0,0,0,0,0,0,0,0,0,1,2,2,1,2,2,0,0,0,0,3,1,1,1,0,0,0,0,0,0,0,0,0,5,0,,,,,,,,,,,,,,,,,,,,,,,,,,,,,,,,,,,0,,,,
1585,Unscored (no condition data),PTrail,1085,4.0,,,,,,,,,71,4,4,,trails,296.001,Dirt,1,2,2,1,0,0,0,0,0,0,0,0,1,2,0,1,2,2,0,0,0,0,0,0,0,5,0,0,1,2,2,0,0,0,1,2,2,0,0,0,0,0,0,0,1,2,0,0,0,0,1,2,2,0,0,0,0,1,0,0,0,0,0,0,1,0,0,0,0,0,1,2,0,1,2,0,1,2,2,0,0,0,5,0,1,0,1,1,2,0,1,2,0,1,2,0,5,0,,,,,,,,,,,,,,,,,,,,,,,,,,,,,,,,,,,0,,,,
1586,Unscored (no condition data),PTrail,1096,4.0,,,,,,,,,69,4,4,,trails,94.271,Dirt,1,2,2,1,2,0,1,2,0,0,0,0,1,2,2,1,2,0,0,0,0,1,2,0,5,5,0,2,0,0,0,0,0,0,1,2,2,0,0,0,0,0,0,0,1,2,0,0,1,0,1,2,0,0,0,0,0,0,0,0,0,0,0,0,0,0,0,0,0,0,1,0,0,1,2,2,1,2,0,0,0,0,0,0,1,0,0,1,2,2,0,0,0,1,2,0,5,0,,,,,,,,,,,,,,,,,,,,,,,,,,,,,,,,,,,0,,,,
1587,Unscored (no condition data),PTrail,1098,4.0,,,,,,,,,75,4,4,,trails,87.702,Dirt,1,2,2,1,2,0,1,2,0,0,0,0,1,2,2,1,2,2,0,0,0,1,2,0,0,5,0,0,0,0,0,0,0,0,1,2,2,0,0,0,0,0,0,0,1,2,0,0,1,0,1,2,0,5,5,0,0,1,0,0,0,0,0,0,0,0,0,0,0,0,1,0,0,1,2,2,1,0,0,0,0,0,0,0,1,0,0,1,2,2,0,0,0,1,2,2,5,0,,,,,,,,,,,,,,,,,,,,,,,,,,,,,,,,,,,0,,,,
1588,Unscored (no condition data),PTrail,1099,4.0,,,,,,,,,74,4,4,,trails,200.098,Dirt,1,2,2,1,2,2,1,2,2,0,0,0,1,2,2,1,2,0,0,0,0,1,2,2,0,5,0,2,0,0,0,0,0,0,1,2,2,0,0,0,0,0,0,0,1,2,0,0,1,0,1,2,0,0,0,0,0,0,0,0,0,0,0,0,0,0,0,0,0,0,1,2,0,1,2,2,1,2,0,0,0,0,0,0,1,0,0,1,2,2,0,0,0,1,2,2,5,0,,,,,,,,,,,,,,,,,,,,,,,,,,,,,,,,,,,0,,,,
1589,Unscored (no condition data),PTrail,1103,4.0,,,,,,,,,82,4,4,,trails,163.499,Dirt,1,2,2,1,2,2,1,2,2,0,0,0,1,2,2,1,2,0,0,0,0,1,2,2,0,5,0,2,0,0,0,0,0,0,1,2,2,0,0,0,0,0,0,0,1,2,0,0,0,0,1,2,2,5,0,0,3,0,0,0,0,0,0,0,0,0,0,0,0,0,1,2,2,1,2,2,1,2,0,0,0,0,0,3,1,0,0,1,2,0,0,0,0,1,0,0,5,0,,,,,,,,,,,,,,,,,,,,,,,,,,,,,,,,,,,0,,,,
1590,Unscored (no condition data),PTrail,1216,4.0,,,,,,,,,77,4,4,,trails,49.029,Dirt,1,2,2,1,2,2,0,0,0,0,0,0,1,2,0,1,0,0,0,0,0,1,2,0,0,5,0,2,0,0,0,1,2,2,1,2,2,0,0,0,0,0,0,0,1,0,0,0,1,1,1,2,2,5,0,0,3,0,0,0,0,0,0,0,1,2,0,0,0,0,1,0,0,1,2,2,1,2,2,0,0,0,5,3,0,0,0,0,0,0,0,0,0,0,0,0,5,0,,,,,,,,,,,,,,,,,,,,,,,,,,,,,,,,,,,0,,,,
1591,Unscored (no condition data),RPath,1622,3.0,,,,,,,,,62,3,3,,sidewalks,41.092,CON,1,2,0,1,0,0,0,0,0,0,0,0,1,2,0,1,2,0,0,0,0,0,0,0,5,0,0,2,0,0,0,1,2,2,1,2,2,0,0,0,0,0,0,0,1,2,2,0,1,1,1,2,2,0,0,0,3,0,0,0,0,0,0,0,1,0,0,0,0,0,1,2,0,1,2,0,1,2,0,0,0,0,0,3,1,0,0,1,0,0,0,0,0,0,0,0,5,0,,,,,,,,,,,,,,,,,,,,,,,,,,,,,,,,,,,0,,,,
1592,Unscored (no condition data),RPath,1635,3.0,,,,,,,,,66,4,3,,sidewalks,29.927,CON,1,2,0,0,0,0,0,0,0,0,0,0,1,2,2,1,2,0,0,0,0,1,2,2,0,5,0,2,0,0,0,0,0,0,1,2,2,0,0,0,1,0,0,5,1,2,0,0,1,1,1,2,2,0,0,0,0,1,0,0,0,0,0,0,0,0,0,1,0,0,0,0,0,1,2,2,1,2,2,0,0,0,0,3,1,0,1,0,0,0,0,0,0,0,0,0,5,0,,,,,,,,,,,,,,,,,,,,,,,,,,,,,,,,,,,0,,,,
1593,Unscored (no condition data),RPath,1642,3.0,,,,,,,,,61,3,3,,sidewalks,50.774,CON,1,2,0,0,0,0,0,0,0,1,2,0,1,0,0,0,0,0,0,0,0,0,0,0,5,0,0,0,1,2,2,1,2,0,1,2,0,0,0,0,1,2,0,0,1,2,0,0,1,1,1,2,2,0,5,0,3,0,1,0,0,0,0,0,1,2,0,0,0,0,0,0,0,1,0,0,1,0,0,0,0,0,0,0,1,1,1,1,2,0,0,0,0,0,0,0,5,0,,,,,,,,,,,,,,,,,,,,,,,,,,,,,,,,,,,0,,,,
1594,Unscored (no condition data),RPath,1643,3.0,,,,,,,,,61,3,3,,sidewalks,71.089,CON,1,2,0,0,0,0,0,0,0,1,2,0,0,0,0,0,0,0,0,0,0,0,0,0,5,0,0,0,1,2,2,1,2,0,1,2,0,0,0,0,1,2,0,0,1,2,0,0,1,1,1,2,2,0,5,0,3,1,1,0,0,0,0,0,1,2,0,0,0,0,0,0,0,1,0,0,1,0,0,0,0,0,0,0,1,1,1,1,2,0,0,0,0,0,0,0,5,0,,,,,,,,,,,,,,,,,,,,,,,,,,,,,,,,,,,1,,,,
1595,Unscored (no condition data),RPath,1644,3.0,,,,,,,,,61,3,3,,sidewalks,51.597,CON,1,2,0,0,0,0,0,0,0,1,2,0,1,0,0,0,0,0,0,0,0,0,0,0,5,0,0,0,1,2,2,1,2,0,1,2,0,0,0,0,1,2,2,0,1,2,0,0,1,1,1,2,2,0,5,0,0,1,1,0,0,0,0,0,1,2,0,0,0,0,0,0,0,1,0,0,1,0,0,0,0,0,0,0,1,1,1,1,2,0,0,0,0,0,0,0,5,0,,,,,,,,,,,,,,,,,,,,,,,,,,,,,,,,,,,1,,,,
1596,Unscored (no condition data),RPath,1645,3.0,,,,,,,,,63,3,3,,sidewalks,71.343,CON,1,2,2,1,2,0,1,0,0,0,0,0,1,2,0,1,2,0,0,0,0,0,0,0,5,0,0,2,0,0,0,1,2,2,1,2,2,0,0,0,0,0,0,0,1,2,2,0,1,0,1,2,2,0,5,0,3,0,0,0,0,0,0,0,1,0,0,0,0,0,0,0,0,1,0,0,1,0,0,0,0,0,0,3,1,0,0,0,0,0,0,0,0,0,0,0,5,0,,,,,,,,,,,,,,,,,,,,,,,,,,,,,,,,,,,0,,,,
1597,Unscored (no condition data),RPath,1648,3.0,,,,,,,,,58,3,3,,sidewalks,76.983,CON,1,2,2,1,2,0,0,0,0,0,0,0,1,2,0,0,0,0,0,0,0,0,0,0,0,5,0,2,0,0,0,0,0,0,1,2,2,1,2,2,1,2,2,0,1,2,0,0,0,0,0,0,0,0,0,4,0,0,1,2,2,0,0,0,0,0,0,0,0,0,0,0,0,0,0,0,0,0,0,0,0,0,0,0,1,1,1,1,2,2,0,0,0,0,0,0,5,0,,,,,,,,,,,,,,,,,,,,,,,,,,,,,,,,,,,0,,,,
1598,Unscored (no condition data),RPath,1649,3.0,,,,,,,,,54,3,3,,sidewalks,75.632,CON,1,2,2,1,2,0,0,0,0,0,0,0,1,2,0,0,0,0,0,0,0,0,0,0,0,5,0,2,0,0,0,0,0,0,1,2,2,1,2,2,1,2,2,0,1,2,0,0,0,0,0,0,0,0,0,4,0,0,1,2,0,0,0,0,0,0,0,0,0,0,0,0,0,0,0,0,0,0,0,0,0,0,0,0,1,1,1,1,2,0,0,0,0,0,0,0,5,0,,,,,,,,,,,,,,,,,,,,,,,,,,,,,,,,,,,0,,,,
1599,Unscored (no condition data),RPath,1650,3.0,,,,,,,,,54,3,3,,sidewalks,177.156,CON,1,2,2,1,2,0,0,0,0,0,0,0,1,2,0,0,0,0,0,0,0,0,0,0,0,5,0,2,0,0,0,0,0,0,1,2,2,1,2,2,1,2,2,0,1,2,0,0,0,0,0,0,0,0,0,4,0,0,1,2,0,0,0,0,0,0,0,0,0,0,0,0,0,0,0,0,0,0,0,0,0,0,0,0,1,1,1,1,2,0,0,0,0,0,0,0,5,0,,,,,,,,,,,,,,,,,,,,,,,,,,,,,,,,,,,0,,,,
1600,Unscored (no condition data),RPath,1657,3.0,,,,,,,,,61,3,3,,sidewalks,58.97,CON,1,2,0,1,2,0,1,0,0,0,0,0,1,2,2,1,0,0,0,0,0,0,0,0,0,5,0,2,0,0,0,1,2,0,1,2,2,1,2,0,0,0,0,0,0,0,0,0,1,1,1,2,2,0,0,0,3,0,0,0,0,0,0,0,0,0,0,0,0,0,1,0,0,1,2,0,1,2,0,0,0,0,5,0,1,1,1,0,0,0,0,0,0,0,0,0,5,0,,,,,,,,,,,,,,,,,,,,,,,,,,,,,,,,,,,0,,,,
1601,Unscored (no condition data),RPath,1658,3.0,,,,,,,,,63,3,3,,sidewalks,176.615,CON,1,2,2,1,2,0,1,2,0,0,0,0,1,2,0,0,0,0,0,0,0,0,0,0,0,5,0,2,0,0,0,1,0,0,1,2,2,0,0,0,0,0,0,0,0,0,0,0,1,1,1,2,2,0,5,0,0,1,0,0,0,0,0,0,1,2,0,0,0,0,1,2,0,1,2,0,1,2,0,0,0,0,5,0,0,0,1,0,0,0,0,0,0,0,0,0,5,0,,,,,,,,,,,,,,,,,,,,,,,,,,,,,,,,,,,0,,,,
1602,Unscored (no condition data),RPath,1660,3.0,,,,,,,,,55,3,3,,sidewalks,89.97,HMAC,1,2,0,1,0,0,1,2,0,1,2,0,1,2,0,0,0,0,0,0,0,0,0,0,5,0,0,0,0,0,0,0,0,0,1,2,2,0,0,0,0,0,0,0,1,2,2,0,0,0,1,2,2,0,5,0,0,1,0,0,0,0,0,0,0,0,0,0,0,0,0,0,0,1,2,0,1,0,0,0,0,0,0,3,1,1,1,1,0,0,0,0,0,0,0,0,5,0,,,,,,,,,,,,,,,,,,,,,,,,,,,,,,,,,,,0,,,,
1603,Unscored (no condition data),RPath,1661,3.0,,,,,,,,,55,3,3,,sidewalks,49.769,HMAC,1,0,0,1,0,0,0,0,0,0,0,0,1,2,2,0,0,0,1,2,2,0,0,0,0,0,0,2,0,0,0,1,2,0,0,0,0,0,0,0,0,0,0,0,1,2,2,0,1,0,1,2,2,0,5,0,3,0,1,0,0,0,0,0,0,0,0,0,0,0,0,0,0,1,2,0,1,2,0,0,0,0,0,3,1,1,1,0,0,0,1,0,0,0,0,0,5,0,,,,,,,,,,,,,,,,,,,,,,,,,,,,,,,,,,,1,,,,
1604,Unscored (no condition data),RPath,1662,3.0,,,,,,,,,63,3,3,,sidewalks,184.225,CON,1,2,2,1,2,0,0,0,0,0,0,0,1,2,2,0,0,0,1,2,2,0,0,0,0,5,0,2,0,0,0,1,2,0,0,0,0,0,0,0,0,0,0,0,1,2,0,0,1,0,1,2,2,0,0,0,3,1,1,0,0,0,0,0,1,0,0,0,0,0,0,0,0,1,2,0,1,2,2,0,0,0,0,3,1,0,0,0,0,0,1,2,0,0,0,0,5,0,,,,,,,,,,,,,,,,,,,,,,,,,,,,,,,,,,,0,,,,
1605,Unscored (no condition data),RPath,1663,3.0,,,,,,,,,56,3,3,,sidewalks,37.679,CON,1,2,0,0,0,0,0,0,0,0,0,0,1,2,2,1,2,0,1,2,2,0,0,0,5,0,0,2,0,0,0,1,2,2,1,0,0,0,0,0,0,0,0,0,1,0,0,0,0,0,1,0,0,0,5,0,3,1,0,0,0,0,0,0,1,2,2,0,0,0,0,0,0,1,0,0,1,0,0,0,0,0,0,3,1,0,0,0,0,0,0,0,0,0,0,0,5,0,,,,,,,,,,,,,,,,,,,,,,,,,,,,,,,,,,,0,,,,
1606,Unscored (no condition data),RPath,1664,3.0,,,,,,,,,51,3,3,,sidewalks,36.935,CON,1,2,0,0,0,0,0,0,0,0,0,0,1,2,2,1,0,0,1,2,2,0,0,0,5,0,0,2,0,0,0,1,2,2,1,0,0,0,0,0,0,0,0,0,1,0,0,0,0,0,1,2,0,0,0,0,3,1,0,0,0,0,0,0,1,2,0,0,0,0,0,0,0,1,0,0,1,2,0,0,0,0,0,3,1,0,0,0,0,0,0,0,0,0,0,0,5,0,,,,,,,,,,,,,,,,,,,,,,,,,,,,,,,,,,,0,,,,
1607,Unscored (no condition data),RPath,1665,3.0,,,,,,,,,53,3,3,,sidewalks,43.582,HMAC,1,0,0,0,0,0,0,0,0,0,0,0,1,2,2,1,2,0,1,2,2,0,0,0,0,5,0,0,0,0,0,1,2,2,1,2,0,0,0,0,0,0,0,0,1,0,0,0,1,0,1,2,0,0,5,0,3,0,0,0,0,0,0,0,1,2,0,0,0,0,0,0,0,1,0,0,1,0,0,0,0,0,0,0,1,1,1,0,0,0,0,0,0,0,0,0,5,0,,,,,,,,,,,,,,,,,,,,,,,,,,,,,,,,,,,0,,,,
1608,Unscored (no condition data),RPath,1666,3.0,,,,,,,,,50,3,3,,sidewalks,79.197,CON,1,2,0,0,0,0,0,0,0,0,0,0,1,2,0,0,0,0,0,0,0,0,0,0,0,0,0,2,0,0,0,1,0,0,1,2,2,0,0,0,0,0,0,0,1,2,0,0,1,1,1,2,2,5,0,0,0,1,0,0,0,0,0,0,0,0,0,0,0,0,0,0,0,1,2,0,1,0,0,0,0,0,5,0,1,1,1,0,0,0,0,0,0,1,2,0,5,0,,,,,,,,,,,,,,,,,,,,,,,,,,,,,,,,,,,0,,,,
1609,Unscored (no condition data),RPath,1667,3.0,,,,,,,,,55,3,3,,sidewalks,75.512,CON,1,2,0,0,0,0,0,0,0,0,0,0,1,2,0,0,0,0,0,0,0,0,0,0,0,0,0,2,0,0,0,1,0,0,1,2,2,0,0,0,0,0,0,0,1,2,0,0,1,1,1,2,2,5,0,0,0,1,0,0,0,0,0,0,0,0,0,0,0,0,0,0,0,1,2,0,1,2,0,0,0,0,5,3,1,1,1,0,0,0,0,0,0,1,2,0,5,0,,,,,,,,,,,,,,,,,,,,,,,,,,,,,,,,,,,0,,,,
1610,Unscored (no condition data),RPath,1668,3.0,,,,,,,,,52,3,3,,sidewalks,81.034,CON,1,2,0,0,0,0,0,0,0,0,0,0,1,0,0,0,0,0,0,0,0,0,0,0,0,0,0,2,0,0,0,1,0,0,1,2,2,0,0,0,0,0,0,0,1,2,0,0,1,0,1,2,2,5,0,0,0,1,0,0,0,0,0,0,0,0,0,0,0,0,0,0,0,1,2,0,1,2,0,0,0,0,5,3,1,1,1,0,0,0,0,0,0,1,2,0,5,0,,,,,,,,,,,,,,,,,,,,,,,,,,,,,,,,,,,0,,,,
1611,Unscored (no condition data),RPath,1681,3.0,,,,,,,,,59,3,3,,sidewalks,33.1,CON,1,2,2,1,0,0,1,0,0,0,0,0,1,2,0,1,2,0,0,0,0,0,0,0,5,0,0,0,0,0,0,1,2,2,1,2,2,0,0,0,0,0,0,0,1,2,2,0,1,0,1,2,2,0,5,0,3,0,0,0,0,0,0,0,1,0,0,0,0,0,0,0,0,1,0,0,1,0,0,0,0,0,0,3,1,0,0,0,0,0,0,0,0,0,0,0,5,0,,,,,,,,,,,,,,,,,,,,,,,,,,,,,,,,,,,0,,,,
1612,Unscored (no condition data),RPath,1683,3.0,,,,,,,,,62,3,3,,sidewalks,34.583,CON,1,2,0,1,0,0,0,0,0,1,0,0,1,0,0,0,0,0,0,0,0,0,0,0,5,0,0,0,1,2,2,1,2,2,1,2,2,0,0,0,1,2,2,0,1,2,2,0,1,1,1,2,2,0,5,0,0,1,1,0,0,0,0,0,1,0,0,0,0,0,0,0,0,1,0,0,1,0,0,0,0,0,0,0,1,1,1,1,0,0,0,0,0,0,0,0,5,0,,,,,,,,,,,,,,,,,,,,,,,,,,,,,,,,,,,2,,,,
1613,Unscored (no condition data),RPath,1685,3.0,,,,,,,,,57,3,3,,sidewalks,73.719,HMAC,1,2,0,0,0,0,0,0,0,0,0,0,1,2,0,1,0,0,0,0,0,0,0,0,0,0,3,0,1,2,2,0,0,0,0,0,0,0,0,0,0,0,0,0,1,2,0,0,0,0,1,2,0,0,5,0,3,1,1,2,0,1,0,0,1,2,2,0,0,0,0,0,0,1,0,0,1,2,2,1,0,0,0,0,1,1,1,1,2,0,0,0,0,0,0,0,5,0,,,,,,,,,,,,,,,,,,,,,,,,,,,,,,,,,,,0,,,,
1614,Unscored (no condition data),RPath,1690,3.0,,,,,,,,,52,3,3,,sidewalks,91.906,CON,1,2,2,1,0,0,1,0,0,0,0,0,1,0,0,1,0,0,0,0,0,0,0,0,0,0,0,2,0,0,0,0,0,0,1,2,2,0,0,0,0,0,0,0,0,0,0,0,1,1,1,2,2,5,5,0,3,1,0,0,0,0,0,0,0,0,0,0,0,0,1,0,0,1,0,0,1,2,0,0,0,0,0,3,1,0,1,0,0,0,0,0,0,0,0,0,5,0,,,,,,,,,,,,,,,,,,,,,,,,,,,,,,,,,,,1,,,,
1615,Unscored (no condition data),RPath,1692,3.0,,,,,,,,,59,3,3,,sidewalks,78.842,CON,1,2,0,1,2,0,1,2,0,0,0,0,1,2,2,1,2,2,0,0,0,0,0,0,0,0,0,2,0,0,0,0,0,0,1,2,2,1,2,0,0,0,0,0,0,0,0,0,0,0,1,2,2,0,0,0,3,1,0,0,0,0,0,0,0,0,0,0,0,0,1,0,0,1,0,0,1,2,0,0,0,0,5,3,1,1,1,0,0,0,0,0,0,0,0,0,5,0,,,,,,,,,,,,,,,,,,,,,,,,,,,,,,,,,,,0,,,,
1616,Unscored (no condition data),RPath,1712,3.0,,,,,,,,,63,3,3,,sidewalks,83.808,CON,1,2,0,1,2,0,1,2,0,0,0,0,1,2,2,1,2,2,0,0,0,0,0,0,0,5,0,2,0,0,0,0,0,0,1,2,2,1,2,0,0,0,0,0,0,0,0,0,0,0,1,2,2,0,0,0,3,1,0,0,0,0,0,0,0,0,0,0,0,0,0,0,0,1,0,0,1,2,0,0,0,0,5,3,1,1,1,0,0,0,0,0,0,0,0,0,5,0,,,,,,,,,,,,,,,,,,,,,,,,,,,,,,,,,,,0,,,,
1617,Unscored (no condition data),RPath,1713,3.0,,,,,,,,,63,3,3,,sidewalks,82.474,CON,1,2,2,1,2,2,1,2,2,0,0,0,1,2,0,1,2,2,0,0,0,0,0,0,0,5,0,2,0,0,0,0,0,0,1,2,2,1,2,0,0,0,0,0,0,0,0,0,0,0,1,2,2,0,0,0,3,1,0,0,0,0,0,0,0,0,0,0,0,0,0,0,0,0,0,0,1,2,0,0,0,0,5,3,0,0,0,0,0,0,0,0,0,0,0,0,5,0,,,,,,,,,,,,,,,,,,,,,,,,,,,,,,,,,,,0,,,,
1618,Unscored (no condition data),RPath,1714,3.0,,,,,,,,,49,3,3,,sidewalks,81.824,CON,1,2,2,1,2,2,1,2,2,0,0,0,1,0,0,1,2,0,0,0,0,0,0,0,0,0,0,2,0,0,0,0,0,0,1,2,0,1,0,0,0,0,0,0,0,0,0,0,0,0,1,2,2,0,0,0,3,1,0,0,0,0,0,0,0,0,0,0,0,0,0,0,0,0,0,0,1,0,0,0,0,0,5,3,0,1,0,0,0,0,0,0,0,0,0,0,5,0,,,,,,,,,,,,,,,,,,,,,,,,,,,,,,,,,,,0,,,,
1619,Unscored (no condition data),RPath,1716,3.0,,,,,,,,,54,3,3,,sidewalks,84.398,CON,1,2,2,1,2,0,0,0,0,1,2,0,1,2,0,0,0,0,0,0,0,0,0,0,0,0,0,2,0,0,0,0,0,0,1,2,0,0,0,0,1,2,0,0,0,0,0,0,1,1,1,2,2,5,0,0,3,1,0,0,0,0,0,0,0,0,0,0,0,0,0,0,0,1,0,0,0,0,0,0,0,0,5,3,0,1,1,0,0,0,0,0,0,0,0,0,5,0,,,,,,,,,,,,,,,,,,,,,,,,,,,,,,,,,,,0,,,,
1620,Unscored (no condition data),RPath,1717,3.0,,,,,,,,,56,3,3,,sidewalks,128.645,CON,1,2,0,1,2,0,0,0,0,1,2,0,1,0,0,0,0,0,0,0,0,0,0,0,0,0,0,2,0,0,0,0,0,0,1,2,2,0,0,0,1,2,2,0,1,0,0,0,1,1,1,2,2,5,0,0,3,1,0,0,0,0,0,0,0,0,0,0,0,0,0,0,0,1,0,0,0,0,0,0,0,0,5,3,1,1,1,0,0,0,0,0,0,0,0,0,5,0,,,,,,,,,,,,,,,,,,,,,,,,,,,,,,,,,,,0,,,,
1621,Unscored (no condition data),RPath,1718,3.0,,,,,,,,,51,3,3,,sidewalks,101.48,CON,1,2,0,1,0,0,1,0,0,0,0,0,1,0,0,0,0,0,0,0,0,0,0,0,0,0,0,2,0,0,0,0,0,0,1,2,2,0,0,0,0,0,0,5,1,2,0,0,0,0,1,2,0,5,0,4,3,1,0,0,0,0,0,0,0,0,0,0,0,0,0,0,0,0,0,0,1,2,2,0,0,0,0,3,1,0,0,0,0,0,0,0,0,0,0,0,5,0,,,,,,,,,,,,,,,,,,,,,,,,,,,,,,,,,,,1,,,,
1622,Unscored (no condition data),RPath,1722,3.0,,,,,,,,,61,3,3,,sidewalks,74.397,CON,1,2,0,0,0,0,0,0,0,0,0,0,1,0,0,0,0,0,1,0,0,0,0,0,0,0,0,2,0,0,0,1,2,0,1,2,2,0,0,0,0,0,0,0,1,2,2,0,1,1,1,2,2,5,5,0,0,1,0,0,0,0,0,0,0,0,0,0,0,0,0,0,0,1,0,0,1,2,2,0,0,0,5,3,1,1,1,0,0,0,0,0,0,1,0,0,5,0,,,,,,,,,,,,,,,,,,,,,,,,,,,,,,,,,,,0,,,,
1623,Unscored (no condition data),RPath,1728,3.0,,,,,,,,,65,4,3,,sidewalks,77.922,CON,1,2,0,1,2,0,0,0,0,0,0,0,1,0,0,0,0,0,0,0,0,0,0,0,5,0,0,2,0,0,0,0,0,0,1,2,2,0,0,0,0,0,0,5,1,2,2,0,0,0,1,2,2,5,5,4,0,1,0,0,0,0,0,0,0,0,0,0,0,0,1,0,0,1,0,0,1,0,0,0,0,0,5,0,1,0,1,1,0,0,0,0,0,0,0,0,5,0,,,,,,,,,,,,,,,,,,,,,,,,,,,,,,,,,,,0,,,,
1624,Unscored (no condition data),RPath,1733,3.0,,,,,,,,,51,3,3,,sidewalks,61.794,CON,1,2,2,1,2,0,0,0,0,0,0,0,1,0,0,0,0,0,0,0,0,0,0,0,0,5,0,2,0,0,0,0,0,0,1,2,2,0,0,0,0,0,0,0,1,2,0,0,0,0,1,2,2,0,0,0,0,1,1,0,0,0,0,0,0,0,0,0,0,0,0,0,0,1,2,0,1,2,0,0,0,0,5,0,1,1,1,1,0,0,0,0,0,0,0,0,5,0,,,,,,,,,,,,,,,,,,,,,,,,,,,,,,,,,,,0,,,,
1625,Unscored (no condition data),RPath,1734,3.0,,,,,,,,,56,3,3,,sidewalks,58.098,CON,1,2,2,1,2,0,0,0,0,0,0,0,1,0,0,0,0,0,0,0,0,0,0,0,0,0,0,2,0,0,0,0,0,0,1,2,2,0,0,0,0,0,0,0,1,2,2,0,0,0,1,2,2,5,5,4,0,1,0,0,0,0,0,0,0,0,0,0,0,0,0,0,0,1,0,0,1,0,0,0,0,0,5,0,1,0,1,1,0,0,0,0,0,0,0,0,5,0,,,,,,,,,,,,,,,,,,,,,,,,,,,,,,,,,,,0,,,,
1626,Unscored (no condition data),RPath,1752,3.0,,,,,,,,,66,4,3,,sidewalks,120.414,CON,1,2,2,1,2,0,1,2,0,0,0,0,1,2,2,0,0,0,0,0,0,0,0,0,5,0,0,2,0,0,0,1,2,2,0,0,0,0,0,0,0,0,0,0,1,2,2,0,1,1,1,2,2,5,0,4,3,0,0,0,0,0,0,0,0,0,0,0,0,0,0,0,0,1,0,0,0,0,0,0,0,0,0,0,1,1,1,0,0,0,0,0,0,1,2,2,5,0,,,,,,,,,,,,,,,,,,,,,,,,,,,,,,,,,,,0,,,,
1627,Unscored (no condition data),RPath,1759,3.0,,,,,,,,,62,3,3,,sidewalks,110.084,CON,1,2,2,1,2,0,1,2,0,0,0,0,1,2,0,0,0,0,0,0,0,0,0,0,0,5,0,2,0,0,0,1,2,2,0,0,0,0,0,0,0,0,0,0,1,2,2,0,1,1,1,2,2,5,0,4,3,0,0,0,0,0,0,0,0,0,0,0,0,0,0,0,0,1,0,0,0,0,0,0,0,0,0,0,1,1,1,0,0,0,0,0,0,1,2,0,5,0,,,,,,,,,,,,,,,,,,,,,,,,,,,,,,,,,,,0,,,,
1628,Unscored (no condition data),RPath,1766,3.0,,,,,,,,,62,3,3,,sidewalks,217.048,CON,1,2,2,1,2,2,0,0,0,0,0,0,1,0,0,0,0,0,0,0,0,0,0,0,5,5,0,2,0,0,0,0,0,0,1,2,2,1,2,2,1,2,2,0,1,2,0,0,0,0,1,0,0,0,0,4,0,0,1,2,0,0,0,0,0,0,0,0,0,0,0,0,0,0,0,0,1,0,0,0,0,0,0,0,1,1,1,1,2,0,1,0,0,0,0,0,5,0,,,,,,,,,,,,,,,,,,,,,,,,,,,,,,,,,,,0,,,,
1629,Unscored (no condition data),RPath,1771,3.0,,,,,,,,,57,3,3,,sidewalks,14.387,CON,1,2,0,1,2,0,0,0,0,0,0,0,1,2,0,0,0,0,0,0,0,0,0,0,0,0,0,2,0,0,0,1,2,2,1,2,2,0,0,0,0,0,0,0,1,2,2,0,1,1,1,2,2,0,5,0,3,0,0,0,0,0,0,0,1,2,0,0,0,0,0,0,0,1,0,0,1,0,0,0,0,0,5,0,1,0,0,0,0,0,0,0,0,0,0,0,5,0,,,,,,,,,,,,,,,,,,,,,,,,,,,,,,,,,,,8,,,,
1630,Unscored (no condition data),RPath,1772,3.0,,,,,,,,,57,3,3,,sidewalks,12.702,CON,1,2,0,1,2,0,0,0,0,0,0,0,1,2,0,0,0,0,0,0,0,0,0,0,0,0,0,2,0,0,0,1,2,2,1,2,2,0,0,0,0,0,0,0,1,2,2,0,1,1,1,2,2,0,5,0,3,0,0,0,0,0,0,0,1,2,0,0,0,0,0,0,0,1,0,0,1,0,0,0,0,0,5,0,1,0,0,0,0,0,0,0,0,0,0,0,5,0,,,,,,,,,,,,,,,,,,,,,,,,,,,,,,,,,,,8,,,,
1631,Unscored (no condition data),RPath,1773,3.0,,,,,,,,,57,3,3,,sidewalks,12.31,CON,1,2,0,1,2,0,0,0,0,0,0,0,1,2,0,0,0,0,0,0,0,0,0,0,5,0,0,0,0,0,0,1,2,2,1,2,2,0,0,0,0,0,0,0,1,2,2,0,1,0,1,2,2,0,5,0,3,0,0,0,0,0,0,0,1,2,0,0,0,0,0,0,0,1,0,0,1,0,0,0,0,0,0,3,1,0,0,0,0,0,0,0,0,0,0,0,5,0,,,,,,,,,,,,,,,,,,,,,,,,,,,,,,,,,,,8,,,,
1632,Unscored (no condition data),RPath,1776,3.0,,,,,,,,,51,3,3,,sidewalks,87.592,CON,1,0,0,1,0,0,0,0,0,0,0,0,1,2,2,0,0,0,0,0,0,0,0,0,0,0,0,2,0,0,0,0,0,0,1,2,2,0,0,0,0,0,0,0,1,0,0,0,1,1,1,2,2,5,0,0,0,1,0,0,0,0,0,0,0,0,0,0,0,0,0,0,0,1,2,0,1,0,0,0,0,0,5,3,1,1,1,0,0,0,0,0,0,1,2,0,5,0,,,,,,,,,,,,,,,,,,,,,,,,,,,,,,,,,,,0,,,,
1633,Unscored (no condition data),RPath,1779,3.0,,,,,,,,,61,3,3,,sidewalks,213.887,CON,1,0,0,1,0,0,0,0,0,0,0,0,1,2,2,0,0,0,1,2,2,0,0,0,0,0,3,0,0,0,0,1,2,0,0,0,0,0,0,0,0,0,0,0,1,2,2,0,1,1,1,2,2,0,5,4,3,0,1,0,0,0,0,0,0,0,0,0,0,0,0,0,0,1,2,2,1,2,2,0,0,0,0,0,1,1,1,0,0,0,0,0,0,0,0,0,5,0,,,,,,,,,,,,,,,,,,,,,,,,,,,,,,,,,,,1,,,,
1634,Unscored (no condition data),RPath,1780,3.0,,,,,,,,,59,3,3,,sidewalks,112.975,CON,1,0,0,1,0,0,0,0,0,0,0,0,1,2,2,0,0,0,1,2,2,0,0,0,0,0,0,0,0,0,0,1,2,2,1,0,0,0,0,0,1,0,0,0,1,2,2,0,1,0,1,2,2,0,5,4,3,0,1,2,0,0,0,0,0,0,0,0,0,0,0,0,0,1,2,2,1,0,0,0,0,0,0,0,1,1,1,0,0,0,0,0,0,0,0,0,5,0,,,,,,,,,,,,,,,,,,,,,,,,,,,,,,,,,,,1,,,,
1635,Unscored (no condition data),RPath,1782,3.0,,,,,,,,,54,3,3,,sidewalks,134.755,CON,1,2,0,1,2,2,1,0,0,1,0,0,1,2,2,0,0,0,0,0,0,0,0,0,0,0,0,2,0,0,0,0,0,0,1,2,2,0,0,0,0,0,0,0,1,2,0,0,1,1,1,2,2,5,5,0,0,0,0,0,0,0,0,0,0,0,0,0,0,0,0,0,0,1,2,2,1,0,0,0,0,0,0,0,1,0,0,0,0,0,0,0,0,0,0,0,5,0,,,,,,,,,,,,,,,,,,,,,,,,,,,,,,,,,,,0,,,,
1636,Unscored (no condition data),RPath,1787,3.0,,,,,,,,,63,3,3,,sidewalks,47.599,CON,1,2,2,1,2,0,1,0,0,1,2,0,1,2,0,0,0,0,0,0,0,0,0,0,5,0,0,2,0,0,0,0,0,0,1,2,2,0,0,0,0,0,0,5,1,2,2,0,0,0,1,2,2,0,5,0,0,1,0,0,0,0,0,0,1,0,0,0,0,0,1,2,0,0,0,0,1,2,0,0,0,0,0,3,0,0,0,0,0,0,0,0,0,0,0,0,5,0,,,,,,,,,,,,,,,,,,,,,,,,,,,,,,,,,,,3,,,,
1637,Unscored (no condition data),RPath,1789,3.0,,,,,,,,,53,3,3,,sidewalks,50.818,CON,1,2,2,1,2,0,1,2,0,0,0,0,1,2,0,0,0,0,0,0,0,0,0,0,0,0,0,2,0,0,0,1,2,2,0,0,0,0,0,0,0,0,0,0,1,2,0,0,1,0,1,2,0,5,0,4,0,1,0,0,0,0,0,0,0,0,0,0,0,0,0,0,0,1,2,0,0,0,0,0,0,0,0,3,1,1,1,0,0,0,0,0,0,1,0,0,5,0,,,,,,,,,,,,,,,,,,,,,,,,,,,,,,,,,,,0,,,,
1638,Unscored (no condition data),RPath,1796,3.0,,,,,,,,,50,3,3,,sidewalks,81.972,CON,1,2,2,1,2,0,1,2,0,0,0,0,1,2,2,0,0,0,0,0,0,0,0,0,0,0,0,2,0,0,0,0,0,0,0,0,0,0,0,0,0,0,0,0,0,0,0,0,1,1,1,2,2,5,0,0,3,1,0,0,0,0,0,0,0,0,0,0,0,0,0,0,0,0,0,0,1,2,2,0,0,0,0,3,1,1,1,0,0,0,0,0,0,0,0,0,5,0,,,,,,,,,,,,,,,,,,,,,,,,,,,,,,,,,,,0,,,,
1639,Unscored (no condition data),RPath,1806,3.0,,,,,,,,,51,3,3,,sidewalks,100.625,CON,1,2,0,1,0,0,0,0,0,0,0,0,1,2,2,1,0,0,1,2,2,0,0,0,0,0,0,2,0,0,0,1,2,2,1,0,0,0,0,0,0,0,0,0,1,2,0,0,1,0,1,2,0,0,0,0,3,1,0,0,0,0,0,0,1,2,0,0,0,0,0,0,0,1,0,0,1,2,0,0,0,0,0,3,1,0,0,0,0,0,1,0,0,0,0,0,5,0,,,,,,,,,,,,,,,,,,,,,,,,,,,,,,,,,,,0,,,,
1640,Unscored (no condition data),RPath,1807,3.0,,,,,,,,,58,3,3,,sidewalks,123.835,CON,1,0,0,1,0,0,0,0,0,0,0,0,1,2,2,0,0,0,1,2,2,0,0,0,0,5,0,0,0,0,0,1,2,0,0,0,0,0,0,0,0,0,0,0,1,2,2,0,1,1,1,2,2,0,5,0,3,0,1,0,0,0,0,0,0,0,0,0,0,0,0,0,0,1,2,2,1,2,0,0,0,0,0,0,1,1,1,0,0,0,1,0,0,0,0,0,5,0,,,,,,,,,,,,,,,,,,,,,,,,,,,,,,,,,,,1,,,,
1641,Unscored (no condition data),RPath,1813,3.0,,,,,,,,,61,3,3,,sidewalks,44.76,CON,1,0,0,1,0,0,0,0,0,0,0,0,1,2,0,1,2,0,0,0,0,0,0,0,0,0,0,2,0,0,0,0,0,0,1,2,2,0,0,0,0,0,0,5,1,0,0,0,0,0,1,2,2,5,5,0,3,1,0,0,0,0,0,0,0,0,0,0,0,0,0,0,0,1,2,0,1,2,0,0,0,0,5,3,0,1,0,0,0,0,0,0,0,1,0,0,5,0,,,,,,,,,,,,,,,,,,,,,,,,,,,,,,,,,,,1,,,,
1642,Unscored (no condition data),RPath,1814,3.0,,,,,,,,,63,3,3,,sidewalks,87.649,CON,1,0,0,1,2,0,0,0,0,0,0,0,1,2,2,1,2,0,0,0,0,0,0,0,0,5,0,2,0,0,0,0,0,0,1,2,2,0,0,0,0,0,0,5,1,0,0,0,0,0,1,2,2,0,0,0,3,1,0,0,0,0,0,0,0,0,0,0,0,0,0,0,0,1,2,0,1,2,2,0,0,0,5,3,1,1,0,0,0,0,0,0,0,1,0,0,5,0,,,,,,,,,,,,,,,,,,,,,,,,,,,,,,,,,,,1,,,,
1643,Unscored (no condition data),RPath,1822,3.0,,,,,,,,,58,3,3,,sidewalks,36.958,CON,1,2,2,0,0,0,0,0,0,0,0,0,1,2,2,0,0,0,0,0,0,1,0,0,0,5,0,2,0,0,0,0,0,0,1,2,2,0,0,0,1,0,0,0,1,2,0,0,1,0,1,2,2,0,0,0,0,1,0,0,0,0,0,0,0,0,0,0,0,0,0,0,0,1,2,0,1,2,2,0,0,0,5,3,1,1,1,0,0,0,0,0,0,0,0,0,5,0,,,,,,,,,,,,,,,,,,,,,,,,,,,,,,,,,,,0,,,,
1644,Unscored (no condition data),RPath,1823,3.0,,,,,,,,,56,3,3,,sidewalks,108.53,CON,1,2,0,0,0,0,0,0,0,1,2,0,0,0,0,1,0,0,0,0,0,0,0,0,5,0,0,2,0,0,0,0,0,0,1,2,2,0,0,0,1,2,2,0,1,2,0,0,1,0,1,2,2,5,0,0,3,1,0,0,0,0,0,0,1,2,2,0,0,0,0,0,0,0,0,0,1,0,0,0,0,0,0,0,1,1,1,0,0,0,0,0,0,0,0,0,5,0,,,,,,,,,,,,,,,,,,,,,,,,,,,,,,,,,,,0,,,,
1645,Unscored (no condition data),RPath,1824,3.0,,,,,,,,,56,3,3,,sidewalks,19.066,CON,1,2,0,1,2,0,1,0,0,0,0,0,1,2,2,0,0,0,0,0,0,0,0,0,0,5,0,2,0,0,0,0,0,0,1,2,0,0,0,0,0,0,0,0,0,0,0,0,1,1,1,2,2,5,0,0,3,0,0,0,0,0,0,0,0,0,0,0,0,0,0,0,0,1,2,2,1,2,0,0,0,0,0,3,1,1,1,0,0,0,0,0,0,0,0,0,5,0,,,,,,,,,,,,,,,,,,,,,,,,,,,,,,,,,,,0,,,,
1646,Unscored (no condition data),RPath,1839,3.0,,,,,,,,,60,3,3,,sidewalks,69.232,CON,1,0,0,1,0,0,0,0,0,1,0,0,1,0,0,1,2,0,0,0,0,0,0,0,5,0,0,2,0,0,0,1,2,2,1,2,2,0,0,0,1,2,2,0,1,2,0,0,1,1,1,2,2,0,5,0,0,1,0,0,0,0,0,0,0,0,0,0,0,0,0,0,0,1,0,0,1,2,2,0,0,0,0,0,1,1,1,1,0,0,0,0,0,0,0,0,5,0,,,,,,,,,,,,,,,,,,,,,,,,,,,,,,,,,,,0,,,,
1647,Unscored (no condition data),RPath,1842,3.0,,,,,,,,,63,3,3,,sidewalks,383.43,CON,1,2,2,1,2,0,1,2,0,0,0,0,1,2,2,0,0,0,0,0,0,0,0,0,0,5,0,2,0,0,0,1,2,2,0,0,0,0,0,0,0,0,0,0,1,2,0,0,1,0,1,2,0,5,0,4,0,1,0,0,0,0,0,0,0,0,0,1,0,0,0,0,0,1,2,2,0,0,0,0,0,0,0,3,1,1,1,0,0,0,0,0,0,1,0,0,5,0,,,,,,,,,,,,,,,,,,,,,,,,,,,,,,,,,,,0,,,,
1648,Unscored (no condition data),RPath,1843,3.0,,,,,,,,,55,3,3,,sidewalks,35.486,CON,1,2,2,1,2,2,1,2,2,1,2,2,1,2,2,0,0,0,0,0,0,0,0,0,0,5,0,0,0,0,0,0,0,0,0,0,0,0,0,0,1,0,0,0,0,0,0,0,0,0,0,0,0,0,0,0,3,0,0,0,0,0,0,0,0,0,0,0,0,0,0,0,0,1,2,0,1,2,2,0,0,0,0,0,1,1,1,0,0,0,1,2,2,0,0,0,5,0,,,,,,,,,,,,,,,,,,,,,,,,,,,,,,,,,,,0,,,,
1649,Unscored (no condition data),RPath,1844,3.0,,,,,,,,,54,3,3,,sidewalks,12.309,CON,1,2,2,1,2,2,1,2,2,1,2,2,1,2,2,0,0,0,0,0,0,0,0,0,0,5,0,0,0,0,0,0,0,0,0,0,0,0,0,0,0,0,0,0,0,0,0,0,0,0,0,0,0,0,0,0,3,0,0,0,0,0,0,0,0,0,0,0,0,0,0,0,0,1,2,0,1,2,2,0,0,0,0,0,1,1,1,0,0,0,1,2,2,0,0,0,5,0,,,,,,,,,,,,,,,,,,,,,,,,,,,,,,,,,,,0,,,,
1650,Unscored (no condition data),RPath,1845,3.0,,,,,,,,,54,3,3,,sidewalks,58.274,CON,1,2,2,1,2,2,1,2,2,1,2,2,1,2,2,0,0,0,0,0,0,0,0,0,0,5,0,0,0,0,0,0,0,0,0,0,0,0,0,0,0,0,0,0,0,0,0,0,0,0,0,0,0,0,0,0,3,0,0,0,0,0,0,0,0,0,0,0,0,0,0,0,0,1,2,0,1,2,2,0,0,0,0,0,1,1,1,0,0,0,1,2,2,0,0,0,5,0,,,,,,,,,,,,,,,,,,,,,,,,,,,,,,,,,,,0,,,,
1651,Unscored (no condition data),RPath,1846,3.0,,,,,,,,,60,3,3,,sidewalks,70.792,CON,1,2,2,1,2,2,1,2,2,1,2,2,1,2,2,0,0,0,0,0,0,0,0,0,0,5,0,2,0,0,0,0,0,0,1,0,0,0,0,0,0,0,0,0,0,0,0,0,0,0,0,0,0,0,0,0,3,0,0,0,0,0,0,0,0,0,0,0,0,0,0,0,0,1,2,0,1,2,2,0,0,0,0,3,1,1,1,0,0,0,1,2,2,0,0,0,5,0,,,,,,,,,,,,,,,,,,,,,,,,,,,,,,,,,,,0,,,,
1652,Unscored (no condition data),RPath,1847,3.0,,,,,,,,,59,3,3,,sidewalks,86.034,CON,1,2,2,1,2,0,1,2,0,0,0,0,1,2,2,0,0,0,0,0,0,0,0,0,0,0,0,2,0,0,0,0,0,0,0,0,0,0,0,0,0,0,0,0,0,0,0,0,1,1,1,2,2,5,0,4,3,1,0,0,0,0,0,0,0,0,0,0,0,0,0,0,0,1,2,0,1,2,2,0,0,0,0,3,1,1,0,1,2,0,0,0,0,0,0,0,5,0,,,,,,,,,,,,,,,,,,,,,,,,,,,,,,,,,,,0,,,,
1653,Unscored (no condition data),RPath,1848,3.0,,,,,,,,,54,3,3,,sidewalks,160.57,CON,1,2,2,1,2,0,1,2,0,0,0,0,1,2,0,0,0,0,0,0,0,0,0,0,0,5,0,2,0,0,0,0,0,0,0,0,0,0,0,0,0,0,0,0,0,0,0,0,1,0,1,2,2,5,0,4,0,1,0,0,0,0,0,0,0,0,0,0,0,0,0,0,0,1,2,0,1,2,0,0,0,0,0,3,1,1,0,1,0,0,0,0,0,0,0,0,5,0,,,,,,,,,,,,,,,,,,,,,,,,,,,,,,,,,,,0,,,,
1654,Unscored (no condition data),RPath,1858,3.0,,,,,,,,,62,3,3,,sidewalks,45.605,CON,1,2,2,1,2,0,1,2,0,1,0,0,1,0,0,0,0,0,0,0,0,0,0,0,5,0,0,2,0,0,0,0,0,0,1,2,2,0,0,0,0,0,0,5,1,0,0,0,0,0,1,2,2,0,5,0,0,1,0,0,0,0,0,0,1,0,0,0,0,0,1,2,0,1,0,0,1,2,2,0,0,0,0,3,1,0,1,0,0,0,0,0,0,0,0,0,5,0,,,,,,,,,,,,,,,,,,,,,,,,,,,,,,,,,,,0,,,,
1655,Unscored (no condition data),RPath,1862,3.0,,,,,,,,,58,3,3,,sidewalks,73.662,CON,1,2,0,0,0,0,0,0,0,0,0,0,1,0,0,0,0,0,1,0,0,0,0,0,0,0,0,2,0,0,0,1,2,0,1,2,2,0,0,0,0,0,0,0,1,2,2,0,1,1,1,2,2,5,0,0,0,1,0,0,0,0,0,0,0,0,0,0,0,0,0,0,0,1,0,0,1,2,2,0,0,0,5,3,1,1,1,0,0,0,0,0,0,1,2,0,5,0,,,,,,,,,,,,,,,,,,,,,,,,,,,,,,,,,,,0,,,,
1656,Unscored (no condition data),RPath,1894,3.0,,,,,,,,,60,3,3,,sidewalks,59.062,PB,1,2,2,0,0,0,0,0,0,1,2,0,0,0,0,1,0,0,0,0,0,0,0,0,5,0,0,0,1,2,2,1,0,0,1,0,0,0,0,0,1,0,0,0,1,2,0,0,1,0,1,2,0,0,0,0,0,1,1,2,0,0,0,0,1,2,0,0,0,0,1,0,0,1,2,0,1,2,0,0,0,0,0,0,1,1,1,1,2,2,1,2,0,1,0,0,5,0,,,,,,,,,,,,,,,,,,,,,,,,,,,,,,,,,,,0,,,,
1657,Unscored (no condition data),RPath,1903,3.0,,,,,,,,,54,3,3,,sidewalks,149.829,CON,1,2,2,1,2,2,1,2,2,0,0,0,1,0,0,1,0,0,0,0,0,0,0,0,0,5,0,2,0,0,0,0,0,0,1,2,0,0,0,0,1,0,0,0,1,0,0,0,1,1,1,2,2,0,0,0,3,1,0,0,0,0,0,0,0,0,0,0,0,0,0,0,0,1,2,2,0,0,0,0,0,0,0,3,1,0,0,0,0,0,0,0,0,0,0,0,5,0,,,,,,,,,,,,,,,,,,,,,,,,,,,,,,,,,,,0,,,,
1658,Unscored (no condition data),RPath,1904,3.0,,,,,,,,,61,3,3,,sidewalks,56.261,CON,1,2,2,1,2,2,1,2,2,0,0,0,1,0,0,1,0,0,0,0,0,0,0,0,0,5,0,2,0,0,0,0,0,0,1,2,0,0,0,0,1,0,0,0,1,0,0,0,1,1,1,2,2,0,5,0,3,1,0,0,0,0,0,0,0,0,0,0,0,0,0,0,0,1,2,2,0,0,0,0,0,0,0,3,1,1,1,0,0,0,0,0,0,0,0,0,5,0,,,,,,,,,,,,,,,,,,,,,,,,,,,,,,,,,,,1,,,,
1659,Unscored (no condition data),RPath,1906,3.0,,,,,,,,,64,4,3,,sidewalks,63.705,HMAC,1,2,2,1,2,2,0,0,0,0,0,0,0,0,0,1,2,2,0,0,0,0,0,0,0,5,0,2,0,0,0,0,0,0,1,2,2,0,0,0,0,0,0,0,1,2,0,0,1,1,1,2,2,5,5,4,0,0,0,0,0,0,0,0,1,0,0,0,0,0,0,0,0,0,0,0,1,2,0,0,0,0,0,3,0,0,0,0,0,0,1,0,0,0,0,0,5,0,,,,,,,,,,,,,,,,,,,,,,,,,,,,,,,,,,,0,,,,
1660,Unscored (no condition data),RPath,1907,3.0,,,,,,,,,63,3,3,,sidewalks,90.845,CON,1,2,2,1,2,2,0,0,0,0,0,0,0,0,0,1,2,2,0,0,0,0,0,0,0,5,0,2,0,0,0,0,0,0,1,2,2,0,0,0,0,0,0,0,1,2,0,0,1,1,1,2,2,5,5,0,0,0,0,0,0,0,0,0,1,2,0,0,0,0,0,0,0,1,0,0,1,2,0,0,0,0,0,3,0,0,0,0,0,0,1,0,0,0,0,0,5,0,,,,,,,,,,,,,,,,,,,,,,,,,,,,,,,,,,,0,,,,
1661,Unscored (no condition data),RPath,1909,3.0,,,,,,,,,63,3,3,,sidewalks,217.636,CON,1,2,2,1,2,2,0,0,0,0,0,0,1,2,2,0,0,0,0,0,0,0,0,0,0,5,0,0,0,0,0,0,0,0,1,0,0,0,0,0,0,0,0,0,0,0,0,0,1,1,1,2,2,5,5,0,3,1,1,0,0,0,0,0,0,0,0,0,0,0,0,0,0,1,0,0,1,2,2,0,0,0,0,0,1,1,1,0,0,0,1,2,0,1,2,0,5,0,,,,,,,,,,,,,,,,,,,,,,,,,,,,,,,,,,,0,,,,
1662,Unscored (no condition data),RPath,1911,3.0,,,,,,,,,51,3,3,,sidewalks,16.139,CON,1,2,2,1,2,2,0,0,0,0,0,0,1,2,2,0,0,0,0,0,0,0,0,0,0,5,0,0,0,0,0,0,0,0,0,0,0,0,0,0,0,0,0,0,0,0,0,0,1,1,1,2,2,0,5,0,0,1,0,0,0,0,0,0,0,0,0,0,0,0,0,0,0,1,0,0,1,2,0,0,0,0,0,0,1,1,1,0,0,0,1,2,0,1,2,0,5,0,,,,,,,,,,,,,,,,,,,,,,,,,,,,,,,,,,,0,,,,
1663,Unscored (no condition data),RPath,1914,3.0,,,,,,,,,55,3,3,,sidewalks,93.151,CON,1,2,2,1,2,2,0,0,0,0,0,0,1,2,2,0,0,0,0,0,0,0,0,0,0,5,0,0,0,0,0,0,0,0,0,0,0,0,0,0,0,0,0,0,0,0,0,0,1,1,1,2,2,5,5,0,0,1,1,0,0,0,0,0,0,0,0,0,0,0,0,0,0,1,0,0,1,2,0,0,0,0,0,0,1,1,1,0,0,0,1,2,0,1,0,0,5,0,,,,,,,,,,,,,,,,,,,,,,,,,,,,,,,,,,,0,,,,
1664,Unscored (no condition data),RPath,1922,3.0,,,,,,,,,62,3,3,,sidewalks,120.202,CON,1,0,0,1,0,0,0,0,0,0,0,0,1,2,2,1,2,2,0,0,0,0,0,0,0,5,0,2,0,0,0,0,0,0,1,2,2,0,0,0,0,0,0,0,0,0,0,0,1,1,1,2,2,5,5,4,0,0,0,0,0,0,0,0,0,0,0,0,0,0,0,0,0,1,0,0,1,2,0,0,0,0,0,0,1,1,1,0,0,0,0,0,0,1,2,2,5,0,,,,,,,,,,,,,,,,,,,,,,,,,,,,,,,,,,,0,,,,
1665,Unscored (no condition data),RPath,1923,3.0,,,,,,,,,62,3,3,,sidewalks,288.036,CON,1,2,0,1,0,0,0,0,0,0,0,0,1,2,2,1,2,0,0,0,0,0,0,0,0,5,0,2,0,0,0,0,0,0,1,2,2,0,0,0,0,0,0,0,0,0,0,0,1,1,1,2,2,5,0,4,0,1,0,0,0,0,0,0,0,0,0,0,0,0,0,0,0,1,2,0,1,2,0,0,0,0,0,3,1,1,0,0,0,0,0,0,0,1,2,2,5,0,,,,,,,,,,,,,,,,,,,,,,,,,,,,,,,,,,,0,,,,
1666,Unscored (no condition data),RPath,1924,3.0,,,,,,,,,55,3,3,,sidewalks,301.486,CON,1,2,2,1,0,0,1,0,0,0,0,0,1,2,2,0,0,0,0,0,0,0,0,0,0,5,0,2,0,0,0,0,0,0,0,0,0,0,0,0,0,0,0,0,0,0,0,0,1,1,1,2,2,5,0,4,3,1,0,0,0,0,0,0,0,0,0,0,0,0,0,0,0,0,0,0,1,2,2,0,0,0,0,3,1,1,1,0,0,0,0,0,0,0,0,0,5,0,,,,,,,,,,,,,,,,,,,,,,,,,,,,,,,,,,,0,,,,
1667,Unscored (no condition data),RPath,1925,3.0,,,,,,,,,63,3,3,,sidewalks,78.487,CON,1,0,0,1,0,0,0,0,0,0,0,0,1,2,0,0,0,0,0,0,0,0,0,0,0,0,0,2,0,0,0,0,0,0,1,2,2,0,0,0,0,0,0,5,1,0,0,0,0,0,1,2,2,5,0,4,0,1,0,0,0,0,0,0,1,2,0,1,2,0,1,2,2,1,0,0,1,2,0,0,0,0,5,3,0,0,1,1,0,0,0,0,0,0,0,0,5,0,,,,,,,,,,,,,,,,,,,,,,,,,,,,,,,,,,,0,,,,
1668,Unscored (no condition data),RPath,1926,3.0,,,,,,,,,56,3,3,,sidewalks,78.079,CON,1,0,0,0,0,0,0,0,0,0,0,0,1,2,0,0,0,0,0,0,0,0,0,0,0,0,0,2,0,0,0,0,0,0,1,2,2,0,0,0,0,0,0,5,1,0,0,0,0,0,1,2,2,5,0,4,0,1,0,0,0,0,0,0,1,0,0,1,0,0,1,2,2,0,0,0,1,2,0,0,0,0,5,3,0,0,1,0,0,0,0,0,0,0,0,0,5,0,,,,,,,,,,,,,,,,,,,,,,,,,,,,,,,,,,,0,,,,
1669,Unscored (no condition data),RPath,1929,3.0,,,,,,,,,55,3,3,,sidewalks,27.226,CON,1,2,0,1,0,0,0,0,0,0,0,0,0,0,0,0,0,0,0,0,0,0,0,0,5,0,0,2,0,0,0,0,0,0,1,2,2,0,0,0,0,0,0,5,1,2,2,0,0,0,1,2,2,5,0,4,0,1,0,0,0,0,0,0,0,0,0,0,0,0,1,0,0,1,0,0,1,0,0,0,0,0,0,3,1,0,1,1,0,0,0,0,0,0,0,0,5,0,,,,,,,,,,,,,,,,,,,,,,,,,,,,,,,,,,,0,,,,
1670,Unscored (no condition data),RPath,1940,3.0,,,,,,,,,57,3,3,,sidewalks,84.459,CON,1,0,0,1,2,0,1,0,0,0,0,0,1,2,0,0,0,0,0,0,0,0,0,0,0,0,0,2,0,0,0,1,2,0,1,2,2,0,0,0,0,0,0,5,1,2,0,0,1,1,1,2,2,5,0,0,3,1,0,0,0,0,0,0,1,2,0,0,0,0,0,0,0,1,0,0,1,0,0,0,0,0,5,0,0,0,0,0,0,0,0,0,0,0,0,0,5,0,,,,,,,,,,,,,,,,,,,,,,,,,,,,,,,,,,,2,,,,
1671,Unscored (no condition data),RPath,1942,3.0,,,,,,,,,64,4,3,,sidewalks,86.254,CON,1,2,0,1,2,0,1,0,0,0,0,0,1,2,0,0,0,0,0,0,0,0,0,0,0,0,0,2,0,0,0,1,2,0,1,2,0,0,0,0,0,0,0,5,1,2,2,0,1,1,1,2,2,5,0,0,3,1,0,0,0,0,0,0,1,2,0,0,0,0,0,0,0,1,0,0,1,2,0,0,0,0,5,3,0,0,0,0,0,0,0,0,0,0,0,0,5,0,,,,,,,,,,,,,,,,,,,,,,,,,,,,,,,,,,,1,,,,
1672,Unscored (no condition data),RPath,1943,3.0,,,,,,,,,63,3,3,,sidewalks,89.333,CON,1,2,0,1,2,0,1,0,0,0,0,0,1,2,0,0,0,0,0,0,0,0,0,0,0,0,0,2,0,0,0,1,0,0,1,0,0,0,0,0,0,0,0,5,1,2,2,0,1,1,1,2,2,5,0,0,3,1,0,0,0,0,0,0,1,2,0,0,0,0,0,0,0,1,2,0,1,2,0,0,0,0,5,3,1,0,0,0,0,0,0,0,0,0,0,0,5,0,,,,,,,,,,,,,,,,,,,,,,,,,,,,,,,,,,,0,,,,
1673,Unscored (no condition data),RPath,1944,3.0,,,,,,,,,59,3,3,,sidewalks,89.843,CON,1,2,0,1,0,0,0,0,0,1,0,0,1,2,0,0,0,0,0,0,0,0,0,0,0,0,0,2,0,0,0,1,0,0,1,0,0,0,0,0,0,0,0,5,1,2,0,0,1,1,1,2,2,5,0,0,3,1,0,0,0,0,0,0,1,0,0,0,0,0,0,0,0,1,2,0,1,2,2,0,0,0,5,3,1,0,0,0,0,0,0,0,0,0,0,0,5,0,,,,,,,,,,,,,,,,,,,,,,,,,,,,,,,,,,,0,,,,
1674,Unscored (no condition data),RPath,1945,3.0,,,,,,,,,61,3,3,,sidewalks,88.603,CON,1,2,0,1,0,0,0,0,0,1,0,0,1,2,0,0,0,0,0,0,0,1,0,0,0,0,0,2,0,0,0,0,0,0,1,2,0,0,0,0,0,0,0,5,1,2,0,0,1,1,1,2,2,5,0,0,3,1,0,0,0,0,0,0,1,0,0,0,0,0,0,0,0,1,2,0,1,2,2,0,0,0,5,3,1,0,0,0,0,0,0,0,0,0,0,0,5,0,,,,,,,,,,,,,,,,,,,,,,,,,,,,,,,,,,,0,,,,
1675,Unscored (no condition data),RPath,1946,3.0,,,,,,,,,62,3,3,,sidewalks,89.518,CON,1,0,0,1,0,0,0,0,0,1,0,0,1,2,2,0,0,0,0,0,0,1,0,0,0,0,0,2,0,0,0,0,0,0,1,2,2,0,0,0,0,0,0,5,1,0,0,0,1,1,1,2,2,5,0,0,3,1,0,0,0,0,0,0,1,2,0,1,0,0,1,0,0,1,2,0,1,2,0,0,0,0,5,3,0,0,0,0,0,0,0,0,0,0,0,0,5,0,,,,,,,,,,,,,,,,,,,,,,,,,,,,,,,,,,,0,,,,
1676,Unscored (no condition data),RPath,1951,3.0,,,,,,,,,57,3,3,,sidewalks,43.328,CON,0,0,0,1,2,0,0,0,0,0,0,0,1,2,2,0,0,0,0,0,0,0,0,0,0,5,0,2,0,0,0,1,2,2,1,2,2,0,0,0,0,0,0,0,1,2,0,0,0,0,1,2,2,5,0,4,0,1,0,0,0,0,0,0,0,0,0,0,0,0,1,2,0,1,2,0,0,0,0,0,0,0,0,0,1,1,1,0,0,0,0,0,0,0,0,0,5,0,,,,,,,,,,,,,,,,,,,,,,,,,,,,,,,,,,,0,,,,
1677,Unscored (no condition data),RPath,1953,3.0,,,,,,,,,65,4,3,,sidewalks,146.891,CON,1,0,0,1,2,0,1,0,0,0,0,0,1,2,2,0,0,0,0,0,0,0,0,0,5,0,0,2,0,0,0,1,2,2,1,2,2,0,0,0,0,0,0,0,1,2,0,0,0,0,1,2,2,5,0,4,0,1,0,0,0,0,0,0,0,0,0,0,0,0,1,2,0,1,2,2,1,0,0,0,0,0,0,3,1,1,1,0,0,0,0,0,0,0,0,0,5,0,,,,,,,,,,,,,,,,,,,,,,,,,,,,,,,,,,,0,,,,
1678,Unscored (no condition data),RPath,1954,3.0,,,,,,,,,55,3,3,,sidewalks,76.611,CON,1,0,0,1,0,0,1,0,0,1,0,0,1,2,0,0,0,0,0,0,0,0,0,0,0,0,0,2,0,0,0,1,2,2,1,2,2,0,0,0,0,0,0,0,1,0,0,0,0,0,1,2,2,5,0,4,3,1,0,0,0,0,0,0,0,0,0,0,0,0,1,0,0,1,2,2,0,0,0,0,0,0,0,3,1,1,1,0,0,0,0,0,0,0,0,0,5,0,,,,,,,,,,,,,,,,,,,,,,,,,,,,,,,,,,,0,,,,
1679,Unscored (no condition data),RPath,1955,3.0,,,,,,,,,63,3,3,,sidewalks,220.67,CON,1,2,0,1,2,0,1,2,0,1,0,0,1,2,0,1,2,0,0,0,0,0,0,0,0,0,0,2,0,0,0,1,2,0,1,2,2,0,0,0,0,0,0,0,1,0,0,0,0,0,1,2,2,5,0,4,3,1,0,0,0,0,0,0,0,0,0,0,0,0,0,0,0,1,2,2,1,0,0,0,0,0,0,3,1,1,1,0,0,0,0,0,0,1,0,0,5,0,,,,,,,,,,,,,,,,,,,,,,,,,,,,,,,,,,,0,,,,
1680,Unscored (no condition data),RPath,1966,3.0,,,,,,,,,60,3,3,,sidewalks,53.01,HMAC,1,0,0,1,0,0,0,0,0,0,0,0,1,2,2,0,0,0,1,2,2,0,0,0,0,5,0,2,0,0,0,1,2,0,0,0,0,0,0,0,0,0,0,0,1,2,2,0,1,0,1,2,2,0,5,0,3,0,1,2,0,0,0,0,0,0,0,0,0,0,0,0,0,1,2,0,1,0,0,0,0,0,0,3,1,1,1,0,0,0,1,0,0,0,0,0,5,0,,,,,,,,,,,,,,,,,,,,,,,,,,,,,,,,,,,1,,,,
1681,Unscored (no condition data),RPath,1967,3.0,,,,,,,,,62,3,3,,sidewalks,46.266,CON,1,0,0,1,0,0,0,0,0,0,0,0,1,2,2,0,0,0,1,2,2,0,0,0,0,5,0,2,0,0,0,1,2,0,0,0,0,0,0,0,0,0,0,0,1,2,2,0,1,0,1,2,2,0,5,0,3,0,1,2,0,0,0,0,0,0,0,0,0,0,0,0,0,1,2,0,1,2,0,0,0,0,0,3,1,1,1,0,0,0,1,0,0,0,0,0,5,0,,,,,,,,,,,,,,,,,,,,,,,,,,,,,,,,,,,1,,,,
1682,Unscored (no condition data),RPath,1969,3.0,,,,,,,,,53,3,3,,sidewalks,83.833,CON,1,2,0,1,2,0,1,2,0,0,0,0,1,2,2,1,2,0,0,0,0,0,0,0,0,5,0,2,0,0,0,0,0,0,1,2,0,0,0,0,0,0,0,0,1,0,0,0,0,0,1,2,0,0,0,0,0,1,0,0,0,0,0,0,0,0,0,0,0,0,1,0,0,1,2,2,1,2,2,0,0,0,0,3,1,0,1,0,0,0,0,0,0,0,0,0,5,0,,,,,,,,,,,,,,,,,,,,,,,,,,,,,,,,,,,0,,,,
1683,Unscored (no condition data),RPath,1971,3.0,,,,,,,,,63,3,3,,sidewalks,147.559,CON,1,2,0,1,2,0,1,2,0,0,0,0,1,0,0,0,0,0,0,0,0,0,0,0,0,0,3,0,0,0,0,0,0,0,1,2,2,0,0,0,0,0,0,0,1,2,0,0,0,0,1,2,2,5,5,0,0,1,0,0,0,0,0,0,1,2,0,0,0,0,0,0,0,1,2,0,1,0,0,1,2,0,5,3,1,1,1,0,0,0,0,0,0,0,0,0,5,0,,,,,,,,,,,,,,,,,,,,,,,,,,,,,,,,,,,0,,,,
1684,Unscored (no condition data),RPath,1972,3.0,,,,,,,,,53,3,3,,sidewalks,123.179,CON,1,2,2,0,0,0,0,0,0,0,0,0,1,2,0,0,0,0,0,0,0,0,0,0,0,0,0,2,0,0,0,1,2,2,0,0,0,1,2,2,0,0,0,0,1,2,2,0,0,0,1,2,2,0,5,4,3,0,0,0,0,0,0,0,0,0,0,0,0,0,0,0,0,1,2,0,0,0,0,0,0,0,0,0,1,1,1,0,0,0,0,0,0,0,0,0,5,0,,,,,,,,,,,,,,,,,,,,,,,,,,,,,,,,,,,0,,,,
1685,Unscored (no condition data),RPath,1974,3.0,,,,,,,,,55,3,3,,sidewalks,210.263,CON,1,2,2,0,0,0,0,0,0,0,0,0,1,2,2,0,0,0,0,0,0,0,0,0,5,5,0,2,0,0,0,1,2,2,0,0,0,1,2,0,0,0,0,0,1,2,0,0,0,0,1,2,2,0,0,0,3,1,0,0,0,0,0,0,0,0,0,0,0,0,0,0,0,1,2,2,0,0,0,0,0,0,0,0,1,1,1,0,0,0,0,0,0,0,0,0,5,0,,,,,,,,,,,,,,,,,,,,,,,,,,,,,,,,,,,0,,,,
1686,Unscored (no condition data),RPath,1987,3.0,,,,,,,,,56,3,3,,sidewalks,128.674,CON,1,0,0,0,0,0,0,0,0,0,0,0,1,2,2,0,0,0,0,0,0,0,0,0,0,0,3,0,1,2,2,0,0,0,0,0,0,0,0,0,0,0,0,0,1,2,0,0,0,0,1,2,2,0,5,0,3,1,1,2,0,1,0,0,1,2,0,0,0,0,0,0,0,1,0,0,1,2,2,1,0,0,0,0,1,1,1,1,2,0,0,0,0,0,0,0,5,0,,,,,,,,,,,,,,,,,,,,,,,,,,,,,,,,,,,0,,,,
1687,Unscored (no condition data),RPath,1991,3.0,,,,,,,,,64,4,3,,sidewalks,122.828,CON,1,2,0,1,0,0,1,0,0,0,0,0,1,0,0,1,2,0,0,0,0,1,0,0,5,0,0,0,0,0,0,1,2,2,1,2,2,0,0,0,0,0,0,0,1,2,0,0,1,1,1,2,2,0,0,0,3,1,0,0,0,0,0,0,1,2,2,0,0,0,0,0,0,1,2,0,1,2,0,0,0,0,5,3,1,0,0,0,0,0,0,0,0,0,0,0,5,0,,,,,,,,,,,,,,,,,,,,,,,,,,,,,,,,,,,2,,,,
1688,Unscored (no condition data),RPath,1992,3.0,,,,,,,,,55,3,3,,sidewalks,41.226,CON,1,2,2,0,0,0,0,0,0,0,0,0,1,2,2,0,0,0,0,0,0,0,0,0,5,0,0,0,0,0,0,1,2,2,1,0,0,0,0,0,1,2,2,0,1,2,2,0,0,0,1,2,2,0,0,4,0,1,0,0,0,0,0,0,0,0,0,0,0,0,0,0,0,0,0,0,0,0,0,0,0,0,0,3,1,1,1,1,2,0,0,0,0,0,0,0,5,0,,,,,,,,,,,,,,,,,,,,,,,,,,,,,,,,,,,0,,,,
1689,Unscored (no condition data),RPath,1993,3.0,,,,,,,,,60,3,3,,sidewalks,48.213,CON,1,2,2,0,0,0,0,0,0,0,0,0,1,2,2,0,0,0,0,0,0,0,0,0,5,0,0,0,0,0,0,1,2,2,0,0,0,0,0,0,1,2,2,0,1,2,2,0,0,0,1,2,2,5,5,4,0,0,0,0,0,0,0,0,0,0,0,0,0,0,0,0,0,0,0,0,0,0,0,0,0,0,0,0,1,1,1,1,2,0,0,0,0,0,0,0,5,0,,,,,,,,,,,,,,,,,,,,,,,,,,,,,,,,,,,0,,,,
1690,Unscored (no condition data),RPath,1998,3.0,,,,,,,,,58,3,3,,sidewalks,170.481,CON,1,0,0,0,0,0,0,0,0,0,0,0,1,2,0,0,0,0,0,0,0,0,0,0,5,0,0,2,0,0,0,1,2,2,0,0,0,1,2,0,0,0,0,0,1,2,2,0,1,1,1,2,2,5,5,0,0,1,0,0,0,0,0,0,0,0,0,0,0,0,0,0,0,1,2,0,1,2,2,0,0,0,0,0,1,1,1,0,0,0,0,0,0,0,0,0,5,0,,,,,,,,,,,,,,,,,,,,,,,,,,,,,,,,,,,0,,,,
1691,Unscored (no condition data),RPath,2009,3.0,,,,,,,,,51,3,3,,sidewalks,47.907,CON,1,2,2,1,0,0,1,0,0,0,0,0,0,0,0,0,0,0,0,0,0,0,0,0,0,5,0,2,0,0,0,0,0,0,1,2,2,0,0,0,0,0,0,0,0,0,0,0,0,0,1,2,2,5,5,4,0,1,0,0,0,0,0,0,0,0,0,0,0,0,0,0,0,1,0,0,0,0,0,0,0,0,0,3,1,1,1,0,0,0,0,0,0,0,0,0,5,0,,,,,,,,,,,,,,,,,,,,,,,,,,,,,,,,,,,0,,,,
1692,Unscored (no condition data),RPath,2012,3.0,,,,,,,,,53,3,3,,sidewalks,128.491,CON,1,2,2,1,2,2,1,2,2,0,0,0,1,0,0,0,0,0,0,0,0,0,0,0,0,0,0,2,0,0,0,0,0,0,1,2,2,0,0,0,0,0,0,0,0,0,0,0,0,0,1,2,2,0,0,4,0,1,0,0,0,0,0,0,0,0,0,0,0,0,0,0,0,1,0,0,1,2,0,0,0,0,5,3,1,1,1,0,0,0,0,0,0,0,0,0,5,0,,,,,,,,,,,,,,,,,,,,,,,,,,,,,,,,,,,0,,,,
1693,Unscored (no condition data),RPath,2017,3.0,,,,,,,,,58,3,3,,sidewalks,135.154,CON,1,2,2,1,2,0,1,0,0,0,0,0,1,0,0,1,2,0,0,0,0,0,0,0,0,0,0,2,0,0,0,0,0,0,1,2,2,0,0,0,1,2,0,0,1,2,2,0,1,1,1,2,2,5,0,0,3,1,0,0,0,0,0,0,1,0,0,0,0,0,0,0,0,1,0,0,1,2,0,0,0,0,0,3,1,0,0,0,0,0,0,0,0,0,0,0,5,0,,,,,,,,,,,,,,,,,,,,,,,,,,,,,,,,,,,0,,,,
1694,Unscored (no condition data),RPath,2021,3.0,,,,,,,,,64,4,3,,sidewalks,73.202,CON,1,2,2,1,2,0,1,2,0,0,0,0,1,2,0,0,0,0,0,0,0,0,0,0,0,0,0,2,0,0,0,0,0,0,1,2,2,0,0,0,0,0,0,5,1,0,0,0,0,0,1,2,2,0,0,0,3,1,0,0,0,0,0,0,1,2,0,0,0,0,1,2,2,1,2,0,1,2,0,0,0,0,5,3,1,0,0,0,0,0,0,0,0,0,0,0,5,0,,,,,,,,,,,,,,,,,,,,,,,,,,,,,,,,,,,0,,,,
1695,Unscored (no condition data),RPath,2025,3.0,,,,,,,,,49,3,3,,sidewalks,39.083,CON,1,2,2,1,0,0,1,0,0,0,0,0,1,0,0,1,0,0,0,0,0,0,0,0,0,5,0,2,0,0,0,0,0,0,0,0,0,0,0,0,0,0,0,0,0,0,0,0,1,1,1,2,2,5,5,0,3,0,0,0,0,0,0,0,0,0,0,0,0,0,0,0,0,0,0,0,1,2,2,0,0,0,0,0,1,1,1,0,0,0,0,0,0,0,0,0,5,0,,,,,,,,,,,,,,,,,,,,,,,,,,,,,,,,,,,3,,,,
1696,Unscored (no condition data),RPath,2033,3.0,,,,,,,,,63,3,3,,sidewalks,7.226,CON,1,2,0,0,0,0,0,0,0,0,0,0,1,2,0,1,2,0,1,0,0,0,0,0,5,0,0,0,0,0,0,1,2,2,1,2,2,0,0,0,0,0,0,0,1,2,2,0,1,1,1,2,2,0,5,0,3,0,0,0,0,0,0,0,1,0,0,0,0,0,1,0,0,1,2,0,1,0,0,0,0,0,0,3,1,1,1,1,0,0,0,0,0,0,0,0,5,0,,,,,,,,,,,,,,,,,,,,,,,,,,,,,,,,,,,0,,,,
1697,Unscored (no condition data),RPath,2035,3.0,,,,,,,,,61,3,3,,sidewalks,108.405,CON,1,2,2,1,0,0,0,0,0,0,0,0,1,2,0,1,2,0,0,0,0,0,0,0,5,5,0,0,0,0,0,1,2,2,1,2,2,0,0,0,0,0,0,0,1,2,0,0,1,0,1,2,2,0,0,0,3,1,0,0,0,0,0,0,1,0,0,0,0,0,1,0,0,1,0,0,1,2,0,0,0,0,0,3,1,0,0,1,0,0,0,0,0,0,0,0,5,0,,,,,,,,,,,,,,,,,,,,,,,,,,,,,,,,,,,1,,,,
1698,Unscored (no condition data),RPath,3946,3.0,,,,,,,,,62,3,3,,sidewalks,83.539,CON,1,2,2,1,2,0,1,0,0,1,2,0,1,2,0,0,0,0,0,0,0,1,0,0,0,0,0,2,0,0,0,0,0,0,1,2,2,0,0,0,0,0,0,5,1,0,0,0,0,0,1,2,2,0,0,0,0,1,0,0,0,0,0,0,1,2,0,1,0,0,1,2,2,0,0,0,1,2,0,0,0,0,5,3,1,0,1,0,0,0,0,0,0,0,0,0,5,0,,,,,,,,,,,,,,,,,,,,,,,,,,,,,,,,,,,0,,,,
1699,Unscored (no condition data),RPath,3971,3.0,,,,,,,,,57,3,3,,sidewalks,45.335,CON,1,2,2,1,2,0,1,2,0,1,0,0,1,0,0,0,0,0,0,0,0,0,0,0,0,5,0,2,0,0,0,0,0,0,0,0,0,0,0,0,0,0,0,0,0,0,0,0,1,1,1,2,2,5,5,0,3,1,0,0,0,0,0,0,0,0,0,0,0,0,0,0,0,1,0,0,0,0,0,0,0,0,5,3,1,1,0,0,0,0,0,0,0,0,0,0,5,0,,,,,,,,,,,,,,,,,,,,,,,,,,,,,,,,,,,0,,,,
1700,Unscored (no condition data),RPath,3996,3.0,,,,,,,,,50,3,3,,sidewalks,145.312,CON,1,2,2,1,2,0,1,2,0,1,0,0,1,0,0,0,0,0,0,0,0,0,0,0,0,5,0,2,0,0,0,0,0,0,0,0,0,0,0,0,0,0,0,0,0,0,0,0,1,0,1,2,0,5,0,0,3,1,0,0,0,0,0,0,0,0,0,0,0,0,0,0,0,1,2,0,0,0,0,0,0,0,5,3,0,1,0,0,0,0,0,0,0,0,0,0,5,0,,,,,,,,,,,,,,,,,,,,,,,,,,,,,,,,,,,0,,,,
1701,Unscored (no condition data),RPath,4031,3.0,,,,,,,,,58,3,3,,sidewalks,57.855,CON,1,2,2,1,0,0,1,0,0,0,0,0,1,0,0,0,0,0,0,0,0,0,0,0,0,0,0,2,0,0,0,0,0,0,1,2,2,0,0,0,0,0,0,0,0,0,0,0,1,1,1,2,0,5,5,0,0,1,0,0,0,0,0,0,1,0,0,0,0,0,1,2,2,1,2,0,1,2,0,0,0,0,5,3,1,0,1,0,0,0,0,0,0,0,0,0,5,0,,,,,,,,,,,,,,,,,,,,,,,,,,,,,,,,,,,0,,,,
1702,Unscored (no condition data),RPath,3951,3.0,,,,,,,,,58,3,3,,sidewalks,52.489,CON,1,2,2,1,2,0,1,0,0,1,2,0,1,2,0,0,0,0,0,0,0,1,0,0,0,0,0,2,0,0,0,0,0,0,1,2,2,0,0,0,0,0,0,5,1,0,0,0,0,0,1,2,2,0,0,0,0,1,0,0,0,0,0,0,1,2,2,1,0,0,1,2,0,1,0,0,1,2,0,0,0,0,0,3,1,0,1,0,0,0,0,0,0,0,0,0,5,0,,,,,,,,,,,,,,,,,,,,,,,,,,,,,,,,,,,0,,,,
1703,Unscored (no condition data),RPath,5460,3.0,,,,,,,,,52,3,3,,sidewalks,34.858,CON,1,2,2,1,2,0,0,0,0,0,0,0,1,2,0,0,0,0,0,0,0,0,0,0,0,5,0,2,0,0,0,0,0,0,0,0,0,0,0,0,0,0,0,0,0,0,0,0,0,0,1,2,2,5,5,0,3,1,0,0,0,0,0,0,0,0,0,0,0,0,0,0,0,1,2,0,1,0,0,0,0,0,0,0,1,1,1,0,0,0,0,0,0,0,0,0,5,3,,,,,,,,,,,,,,,,,,,,,,,,,,,,,,,,,,,0,,,,
1704,Unscored (no condition data),RPath,5462,3.0,,,,,,,,,56,3,3,,sidewalks,387.009,CON,1,2,2,1,2,2,0,0,0,0,0,0,1,2,2,0,0,0,0,0,0,0,0,0,0,5,0,2,0,0,0,0,0,0,0,0,0,0,0,0,0,0,0,0,0,0,0,0,0,0,1,2,2,5,5,0,3,1,0,0,0,0,0,0,0,0,0,0,0,0,0,0,0,1,2,0,1,0,0,0,0,0,0,0,1,1,1,0,0,0,0,0,0,0,0,0,5,3,,,,,,,,,,,,,,,,,,,,,,,,,,,,,,,,,,,0,,,,
1705,Unscored (no condition data),RPath,5476,3.0,,,,,,,,,54,3,3,,sidewalks,272.748,CON,1,2,2,1,2,2,0,0,0,0,0,0,1,2,0,0,0,0,0,0,0,0,0,0,0,5,0,2,0,0,0,0,0,0,0,0,0,0,0,0,0,0,0,0,0,0,0,0,0,0,1,2,2,5,5,0,3,1,0,0,0,0,0,0,0,0,0,0,0,0,0,0,0,1,2,0,1,0,0,0,0,0,0,0,1,1,1,0,0,0,0,0,0,0,0,0,5,3,,,,,,,,,,,,,,,,,,,,,,,,,,,,,,,,,,,0,,,,
1706,Unscored (no condition data),RPath,6288,3.0,,,,,,,,,62,3,3,,sidewalks,10.075,HMAC,1,2,0,1,2,0,0,0,0,0,0,0,1,2,2,0,0,0,0,0,0,0,0,0,0,0,0,2,0,0,0,1,0,0,1,0,0,0,0,0,0,0,0,5,1,2,2,0,1,1,1,2,2,5,0,0,3,1,0,0,0,0,0,0,1,0,0,0,0,0,0,0,0,1,2,0,1,2,0,0,0,0,5,3,1,0,0,0,0,0,0,0,0,0,0,0,5,0,,,,,,,,,,,,,,,,,,,,,,,,,,,,,,,,,,,0,,,,
1707,Unscored (no condition data),RPath,6402,3.0,,,,,,,,,65,4,3,,sidewalks,3.961,HMAC,1,2,2,1,2,0,1,2,0,0,0,0,1,2,0,1,2,0,0,0,0,0,0,0,0,0,0,2,0,0,0,1,2,0,1,2,2,0,0,0,0,0,0,5,1,2,0,0,0,0,1,2,2,0,5,0,0,1,0,0,0,0,0,0,1,0,0,0,0,0,0,0,0,1,2,0,1,0,0,0,0,0,5,3,1,0,0,0,0,0,0,0,0,0,0,0,5,0,,,,,,,,,,,,,,,,,,,,,,,,,,,,,,,,,,,0,,,,
1708,Unscored (no condition data),RPath,8436,3.0,,,,,,,,,66,4,3,,sidewalks,51.534,PB,1,2,2,1,2,0,0,0,0,0,0,0,1,0,0,0,0,0,0,0,0,0,0,0,0,5,0,2,0,0,0,0,0,0,1,2,2,0,0,0,0,0,0,5,1,2,2,0,0,0,1,2,2,5,0,0,0,1,1,0,0,0,0,0,0,0,0,0,0,0,0,0,0,1,2,0,1,0,0,0,0,0,5,3,1,1,1,1,2,0,0,0,0,0,0,0,5,0,,,,,,,,,,,,,,,,,,,,,,,,,,,,,,,,,,,0,,,,
1709,Unscored (no condition data),RPath,8612,3.0,,,,,,,,,57,3,3,,sidewalks,128.558,CON,1,2,2,1,2,0,0,0,0,0,0,0,1,2,2,0,0,0,0,0,0,0,0,0,0,5,0,2,0,0,0,0,0,0,1,2,2,0,0,0,0,0,0,0,0,0,0,0,1,0,1,2,2,5,5,0,3,1,0,0,0,0,0,0,0,0,0,0,0,0,0,0,0,1,0,0,1,0,0,0,0,0,0,3,1,1,0,0,0,0,0,0,0,0,0,0,5,0,,,,,,,,,,,,,,,,,,,,,,,,,,,,,,,,,,,0,,,,
1710,Unscored (no condition data),RPath,8620,3.0,,,,,,,,,53,3,3,,sidewalks,129.128,CON,1,2,2,1,2,0,0,0,0,0,0,0,1,2,2,0,0,0,0,0,0,0,0,0,0,0,0,2,0,0,0,0,0,0,1,2,0,0,0,0,0,0,0,0,0,0,0,0,1,1,1,2,2,5,0,0,3,1,0,0,0,0,0,0,0,0,0,0,0,0,0,0,0,0,0,0,1,2,0,0,0,0,5,3,1,1,1,0,0,0,0,0,0,0,0,0,5,0,,,,,,,,,,,,,,,,,,,,,,,,,,,,,,,,,,,0,,,,
1711,Unscored (no condition data),RPath,8683,3.0,,,,,,,,,52,3,3,,sidewalks,76.994,CON,1,2,2,1,2,0,0,0,0,0,0,0,1,2,0,0,0,0,0,0,0,0,0,0,0,0,0,2,0,0,0,0,0,0,1,2,2,0,0,0,0,0,0,0,0,0,0,0,0,0,1,2,2,0,0,4,0,1,0,0,0,0,0,0,0,0,0,0,0,0,0,0,0,1,2,2,1,2,2,0,0,0,5,3,1,0,0,0,0,0,0,0,0,0,0,0,5,0,,,,,,,,,,,,,,,,,,,,,,,,,,,,,,,,,,,0,,,,
1712,Unscored (no condition data),RPath,8694,3.0,,,,,,,,,59,3,3,,sidewalks,123.201,CON,1,2,2,1,2,2,1,0,0,0,0,0,1,2,2,1,0,0,0,0,0,0,0,0,0,5,0,2,0,0,0,0,0,0,1,2,0,0,0,0,0,0,0,0,1,0,0,0,0,0,1,2,2,0,0,0,0,1,0,0,0,0,0,0,0,0,0,0,0,0,1,2,2,1,0,0,1,2,2,0,0,0,5,3,1,0,0,0,0,0,0,0,0,0,0,0,5,0,,,,,,,,,,,,,,,,,,,,,,,,,,,,,,,,,,,0,,,,
1713,Unscored (no condition data),RPath,8695,3.0,,,,,,,,,55,3,3,,sidewalks,392.897,CON,1,2,2,1,2,2,0,0,0,0,0,0,1,2,2,0,0,0,0,0,0,0,0,0,0,5,0,2,0,0,0,0,0,0,1,2,2,0,0,0,0,0,0,0,0,0,0,0,0,0,1,2,2,0,0,0,0,1,0,0,0,0,0,0,0,0,0,0,0,0,1,2,0,1,2,2,1,2,2,0,0,0,0,3,1,0,0,0,0,0,0,0,0,0,0,0,5,0,,,,,,,,,,,,,,,,,,,,,,,,,,,,,,,,,,,0,,,,
1714,Unscored (no condition data),RPath,8719,3.0,,,,,,,,,58,3,3,,sidewalks,42.937,CON,1,2,0,1,0,0,1,0,0,0,0,0,1,2,0,1,2,0,0,0,0,0,0,0,0,0,0,2,0,0,0,0,0,0,1,2,2,0,0,0,0,0,0,0,1,2,0,0,0,0,1,2,2,5,0,4,0,1,0,0,0,0,0,0,0,0,0,0,0,0,1,2,0,1,2,0,1,2,0,0,0,0,5,3,0,0,0,0,0,0,0,0,0,0,0,0,5,0,,,,,,,,,,,,,,,,,,,,,,,,,,,,,,,,,,,0,,,,
1715,Unscored (no condition data),RPath,8724,3.0,,,,,,,,,49,3,3,,sidewalks,60.127,CON,1,2,0,1,2,0,1,0,0,0,0,0,1,2,0,1,0,0,0,0,0,0,0,0,0,0,0,2,0,0,0,0,0,0,1,2,2,0,0,0,0,0,0,0,1,0,0,0,0,0,1,2,2,0,0,0,0,1,0,0,0,0,0,0,0,0,0,0,0,0,1,2,2,1,2,0,1,2,0,0,0,0,5,3,0,0,0,0,0,0,0,0,0,0,0,0,5,0,,,,,,,,,,,,,,,,,,,,,,,,,,,,,,,,,,,0,,,,
1716,Unscored (no condition data),RPath,8727,3.0,,,,,,,,,57,3,3,,sidewalks,76.939,CON,1,2,2,1,2,0,1,0,0,0,0,0,1,2,2,1,0,0,0,0,0,0,0,0,0,5,0,2,0,0,0,0,0,0,1,2,0,0,0,0,0,0,0,0,1,0,0,0,0,0,1,2,2,0,0,0,0,1,0,0,0,0,0,0,0,0,0,0,0,0,1,2,2,1,0,0,1,2,2,0,0,0,5,3,1,0,0,0,0,0,0,0,0,0,0,0,5,0,,,,,,,,,,,,,,,,,,,,,,,,,,,,,,,,,,,0,,,,
1717,Unscored (no condition data),RPath,8755,3.0,,,,,,,,,61,3,3,,sidewalks,165.14,CON,1,2,2,0,0,0,0,0,0,0,0,0,1,2,2,0,0,0,0,0,0,0,0,0,0,5,0,2,0,0,0,0,0,0,0,0,0,0,0,0,0,0,0,0,0,0,0,0,1,1,1,2,2,5,0,4,3,1,0,0,0,0,0,0,0,0,0,0,0,0,0,0,0,0,0,0,1,2,2,0,0,0,5,3,1,1,1,0,0,0,0,0,0,0,0,0,5,3,,,,,,,,,,,,,,,,,,,,,,,,,,,,,,,,,,,0,,,,
1718,Unscored (no condition data),RPath,8796,3.0,,,,,,,,,55,3,3,,sidewalks,41.67,CON,1,2,2,0,0,0,0,0,0,0,0,0,1,2,2,0,0,0,0,0,0,0,0,0,0,5,0,2,0,0,0,0,0,0,0,0,0,0,0,0,0,0,0,0,0,0,0,0,1,1,1,2,2,5,0,4,0,1,0,0,0,0,0,0,0,0,0,0,0,0,0,0,0,1,2,2,1,0,0,0,0,0,0,3,1,1,0,1,2,2,0,0,0,0,0,0,5,0,,,,,,,,,,,,,,,,,,,,,,,,,,,,,,,,,,,0,,,,
1719,Unscored (no condition data),RPath,8801,3.0,,,,,,,,,66,4,3,,sidewalks,75.68,HMAC,1,2,0,1,2,0,1,2,0,0,0,0,1,2,2,1,2,2,0,0,0,0,0,0,0,0,0,2,0,0,0,0,0,0,1,2,2,0,0,0,0,0,0,0,1,2,2,0,1,1,1,2,2,5,5,0,0,1,0,0,0,0,0,0,1,0,0,0,0,0,0,0,0,1,2,2,1,0,0,0,0,0,5,0,0,0,0,0,0,0,0,0,0,0,0,0,5,0,,,,,,,,,,,,,,,,,,,,,,,,,,,,,,,,,,,0,,,,
1720,Unscored (no condition data),RPath,8804,3.0,,,,,,,,,63,3,3,,sidewalks,77.714,HMAC,1,2,0,1,2,0,1,0,0,0,0,0,1,2,2,1,2,2,0,0,0,0,0,0,0,0,0,2,0,0,0,0,0,0,1,2,2,0,0,0,0,0,0,0,1,2,2,0,1,1,1,2,2,5,5,0,0,1,0,0,0,0,0,0,0,0,0,0,0,0,0,0,0,1,2,0,1,2,0,0,0,0,5,0,0,0,0,0,0,0,0,0,0,0,0,0,5,0,,,,,,,,,,,,,,,,,,,,,,,,,,,,,,,,,,,0,,,,
1721,Unscored (no condition data),RPath,8808,3.0,,,,,,,,,61,3,3,,sidewalks,72.912,HMAC,1,2,0,1,2,0,1,0,0,0,0,0,1,2,2,1,2,2,0,0,0,0,0,0,0,0,0,2,0,0,0,0,0,0,1,2,2,0,0,0,0,0,0,0,1,2,0,0,1,1,1,2,2,5,5,0,0,1,0,0,0,0,0,0,0,0,0,0,0,0,0,0,0,1,2,0,1,2,0,0,0,0,5,0,0,0,0,0,0,0,0,0,0,0,0,0,5,0,,,,,,,,,,,,,,,,,,,,,,,,,,,,,,,,,,,0,,,,
1722,Unscored (no condition data),RPath,8838,3.0,,,,,,,,,62,3,3,,sidewalks,128.263,HMAC,1,2,2,1,2,0,1,2,0,0,0,0,1,0,0,1,0,0,0,0,0,0,0,0,0,5,0,2,0,0,0,0,0,0,1,2,2,0,0,0,0,0,0,0,0,0,0,0,1,1,1,2,2,5,5,0,0,1,0,0,0,0,0,0,1,2,0,0,0,0,0,0,0,1,2,2,1,2,0,0,0,0,0,3,0,0,0,0,0,0,0,0,0,0,0,0,5,0,,,,,,,,,,,,,,,,,,,,,,,,,,,,,,,,,,,0,,,,
1723,Unscored (no condition data),RPath,8858,3.0,,,,,,,,,66,4,3,,sidewalks,79.188,HMAC,1,2,2,1,0,0,1,0,0,0,0,0,1,0,0,0,0,0,0,0,0,0,0,0,0,0,0,2,0,0,0,0,0,0,1,2,2,0,0,0,0,0,0,0,1,2,2,0,0,0,1,2,2,5,5,0,3,1,0,0,0,0,0,0,1,0,0,0,0,0,0,0,0,1,2,0,1,0,0,1,2,2,5,3,1,1,1,0,0,0,1,0,0,0,0,0,5,0,,,,,,,,,,,,,,,,,,,,,,,,,,,,,,,,,,,0,,,,
1724,Unscored (no condition data),RPath,8868,3.0,,,,,,,,,61,3,3,,sidewalks,130.071,HMAC,1,2,2,1,2,0,1,2,0,0,0,0,1,0,0,0,0,0,0,0,0,0,0,0,0,0,0,2,0,0,0,0,0,0,1,2,2,0,0,0,0,0,0,0,0,0,0,0,1,1,1,2,2,5,5,0,0,1,0,0,0,0,0,0,1,2,2,0,0,0,1,0,0,1,2,2,1,2,2,0,0,0,0,3,0,0,0,0,0,0,0,0,0,0,0,0,5,0,,,,,,,,,,,,,,,,,,,,,,,,,,,,,,,,,,,0,,,,
1725,Unscored (no condition data),RPath,8896,3.0,,,,,,,,,66,4,3,,sidewalks,71.555,HMAC,1,2,0,1,2,0,1,2,0,0,0,0,1,2,2,1,2,2,0,0,0,0,0,0,0,0,0,2,0,0,0,0,0,0,1,2,2,0,0,0,0,0,0,0,1,2,2,0,1,1,1,2,2,5,5,0,0,1,0,0,0,0,0,0,1,0,0,0,0,0,0,0,0,1,2,2,1,0,0,0,0,0,5,0,0,0,0,0,0,0,0,0,0,0,0,0,5,0,,,,,,,,,,,,,,,,,,,,,,,,,,,,,,,,,,,0,,,,
1726,Unscored (no condition data),RPath,8902,3.0,,,,,,,,,62,3,3,,sidewalks,74.152,HMAC,1,2,2,1,2,0,1,2,0,0,0,0,1,0,0,0,0,0,0,0,0,0,0,0,0,0,0,2,0,0,0,0,0,0,1,2,2,0,0,0,0,0,0,0,1,2,0,0,1,0,1,2,2,5,5,0,0,1,0,0,0,0,0,0,1,2,2,0,0,0,0,0,0,1,2,0,1,0,0,1,0,0,5,3,0,0,0,0,0,0,0,0,0,0,0,0,5,0,,,,,,,,,,,,,,,,,,,,,,,,,,,,,,,,,,,0,,,,
1727,Unscored (no condition data),RPath,8908,3.0,,,,,,,,,59,3,3,,sidewalks,73.647,HMAC,1,2,0,1,2,0,1,2,0,0,0,0,1,0,0,0,0,0,0,0,0,0,0,0,0,0,0,2,0,0,0,0,0,0,1,2,2,0,0,0,0,0,0,0,1,2,0,0,0,0,1,2,2,5,5,0,0,1,0,0,0,0,0,0,1,2,0,0,0,0,0,0,0,1,2,0,1,0,0,1,2,0,5,3,0,0,0,0,0,0,0,0,0,0,0,0,5,0,,,,,,,,,,,,,,,,,,,,,,,,,,,,,,,,,,,0,,,,
1728,Unscored (no condition data),RPath,8915,3.0,,,,,,,,,55,3,3,,sidewalks,74.014,HMAC,1,2,0,1,0,0,1,0,0,0,0,0,1,0,0,0,0,0,0,0,0,0,0,0,0,0,0,2,0,0,0,0,0,0,1,2,2,0,0,0,0,0,0,0,1,2,0,0,0,0,1,2,2,5,5,0,0,1,0,0,0,0,0,0,1,2,0,0,0,0,0,0,0,1,2,0,1,0,0,1,2,0,5,3,0,0,0,0,0,0,0,0,0,0,0,0,5,0,,,,,,,,,,,,,,,,,,,,,,,,,,,,,,,,,,,0,,,,
1729,Unscored (no condition data),RPath,8931,3.0,,,,,,,,,57,3,3,,sidewalks,257.342,HMAC,1,2,2,1,2,2,0,0,0,0,0,0,0,0,0,0,0,0,0,0,0,0,0,0,0,0,0,0,0,0,0,0,0,0,1,2,2,0,0,0,0,0,0,0,1,2,2,0,0,0,1,2,2,5,5,0,3,0,0,0,0,0,0,0,0,0,0,0,0,0,0,0,0,0,0,0,1,0,0,1,0,0,0,0,1,1,1,1,2,0,1,2,0,1,2,0,5,0,,,,,,,,,,,,,,,,,,,,,,,,,,,,,,,,,,,0,,,,
1730,Unscored (no condition data),RPath,8949,3.0,,,,,,,,,57,3,3,,sidewalks,94.224,CON,1,2,0,1,2,0,1,2,0,0,0,0,1,2,2,1,2,0,0,0,0,0,0,0,0,5,0,2,0,0,0,0,0,0,1,2,0,0,0,0,0,0,0,0,1,0,0,0,0,0,1,2,2,0,0,0,3,1,0,0,0,0,0,0,0,0,0,0,0,0,0,0,0,1,2,2,1,2,2,0,0,0,0,3,1,0,1,0,0,0,0,0,0,0,0,0,5,0,,,,,,,,,,,,,,,,,,,,,,,,,,,,,,,,,,,0,,,,
1731,Unscored (no condition data),RPath,8979,3.0,,,,,,,,,49,3,3,,sidewalks,97.415,HMAC,1,2,0,1,0,0,0,0,0,0,0,0,1,2,2,1,0,0,0,0,0,1,0,0,0,5,0,2,0,0,0,0,0,0,1,0,0,0,0,0,0,0,0,0,1,0,0,0,0,0,1,2,2,0,0,0,3,1,0,0,0,0,0,0,0,0,0,0,0,0,0,0,0,1,2,2,1,2,2,0,0,0,0,3,1,0,1,0,0,0,0,0,0,0,0,0,5,0,,,,,,,,,,,,,,,,,,,,,,,,,,,,,,,,,,,0,,,,
1732,Unscored (no condition data),RPath,8998,3.0,,,,,,,,,63,3,3,,sidewalks,16.746,CON,1,2,0,1,0,0,1,0,0,0,0,0,1,2,2,0,0,0,0,0,0,1,0,0,0,5,0,2,0,0,0,0,0,0,1,2,2,0,0,0,0,0,0,0,1,2,0,0,1,0,1,2,2,5,0,0,3,1,0,0,0,0,0,0,0,0,0,0,0,0,0,0,0,1,0,0,1,2,2,0,0,0,5,3,1,1,1,0,0,0,0,0,0,0,0,0,5,0,,,,,,,,,,,,,,,,,,,,,,,,,,,,,,,,,,,0,,,,
1733,Unscored (no condition data),RPath,9027,3.0,,,,,,,,,61,3,3,,sidewalks,141.248,CON,1,2,2,0,0,0,0,0,0,0,0,0,1,2,2,0,0,0,0,0,0,0,0,0,0,5,0,0,0,0,0,1,0,0,1,2,2,1,0,0,1,2,2,0,1,2,2,0,1,0,1,2,2,5,5,0,0,1,0,0,0,0,0,0,0,0,0,0,0,0,0,0,0,1,0,0,1,2,0,0,0,0,0,0,1,1,1,0,0,0,0,0,0,0,0,0,5,0,,,,,,,,,,,,,,,,,,,,,,,,,,,,,,,,,,,0,,,,
1734,Unscored (no condition data),RPath,9028,3.0,,,,,,,,,58,3,3,,sidewalks,69.929,CON,1,2,2,0,0,0,0,0,0,0,0,0,1,2,2,0,0,0,0,0,0,0,0,0,0,5,0,0,0,0,0,0,0,0,1,2,2,1,0,0,1,2,0,0,1,2,0,0,1,0,1,2,2,5,5,0,0,1,0,0,0,0,0,0,0,0,0,0,0,0,0,0,0,1,2,0,1,2,0,0,0,0,0,0,1,1,1,0,0,0,0,0,0,0,0,0,5,0,,,,,,,,,,,,,,,,,,,,,,,,,,,,,,,,,,,0,,,,
1735,Unscored (no condition data),RPath,9061,3.0,,,,,,,,,62,3,3,,sidewalks,103.506,HMAC,1,2,2,0,0,0,0,0,0,0,0,0,1,2,2,0,0,0,0,0,0,1,0,0,0,5,0,0,0,0,0,0,0,0,1,2,2,0,0,0,1,0,0,0,1,2,2,0,1,1,1,2,2,5,5,4,0,0,0,0,0,0,0,0,0,0,0,0,0,0,0,0,0,1,2,0,1,2,0,0,0,0,0,0,1,1,1,0,0,0,0,0,0,0,0,0,5,0,,,,,,,,,,,,,,,,,,,,,,,,,,,,,,,,,,,0,,,,
1736,Unscored (no condition data),RPath,9335,3.0,,,,,,,,,62,3,3,,sidewalks,252.672,HMAC,1,2,2,1,2,2,0,0,0,0,0,0,0,0,0,0,0,0,0,0,0,0,0,0,5,0,0,0,0,0,0,0,0,0,1,2,2,0,0,0,0,0,0,0,1,2,2,0,0,0,1,2,2,5,5,0,3,0,0,0,0,0,0,0,0,0,0,0,0,0,0,0,0,0,0,0,1,0,0,1,0,0,0,0,1,1,1,1,2,0,1,0,0,1,2,2,5,0,,,,,,,,,,,,,,,,,,,,,,,,,,,,,,,,,,,0,,,,
1737,Unscored (no condition data),RPath,9343,3.0,,,,,,,,,58,3,3,,sidewalks,281.678,HMAC,1,2,2,1,0,0,0,0,0,0,0,0,1,0,0,0,0,0,0,0,0,0,0,0,0,0,0,0,0,0,0,0,0,0,1,2,2,0,0,0,0,0,0,0,1,2,2,0,0,0,1,2,2,5,5,0,3,0,0,0,0,0,0,0,0,0,0,0,0,0,0,0,0,1,2,0,1,0,0,1,2,2,0,3,1,1,1,1,0,0,1,0,0,1,0,0,5,0,,,,,,,,,,,,,,,,,,,,,,,,,,,,,,,,,,,0,,,,
1738,Unscored (no condition data),RPath,9353,3.0,,,,,,,,,56,3,3,,sidewalks,15.794,CON,1,0,0,1,0,0,0,0,0,1,0,0,1,2,2,1,2,2,0,0,0,0,0,0,0,5,0,0,0,0,0,0,0,0,1,2,2,0,0,0,0,0,0,0,0,0,0,0,1,0,1,2,2,5,5,0,0,0,0,0,0,0,0,0,0,0,0,0,0,0,0,0,0,1,0,0,1,2,0,0,0,0,0,0,1,1,1,0,0,0,0,0,0,1,2,2,5,0,,,,,,,,,,,,,,,,,,,,,,,,,,,,,,,,,,,0,,,,
1739,Unscored (no condition data),RPath,9354,3.0,,,,,,,,,59,3,3,,sidewalks,29.346,CON,1,0,0,0,0,0,0,0,0,1,0,0,1,2,2,1,2,2,0,0,0,0,0,0,0,5,0,0,0,0,0,0,0,0,1,2,2,0,0,0,0,0,0,0,0,0,0,0,1,0,1,2,2,5,5,4,0,0,0,0,0,0,0,0,0,0,0,0,0,0,0,0,0,1,0,0,1,2,0,0,0,0,0,0,1,1,1,0,0,0,0,0,0,1,2,2,5,0,,,,,,,,,,,,,,,,,,,,,,,,,,,,,,,,,,,0,,,,
1740,Unscored (no condition data),RPath,9631,3.0,,,,,,,,,59,3,3,,sidewalks,96.684,HMAC,1,2,2,1,0,0,0,0,0,0,0,0,1,2,2,1,2,2,0,0,0,0,0,0,0,5,0,0,1,0,0,0,0,0,1,2,0,0,0,0,0,0,0,5,1,0,0,0,0,0,1,2,0,0,0,0,0,1,0,0,0,0,0,0,1,2,0,0,0,0,0,0,0,1,2,0,1,2,0,0,0,0,0,3,1,1,1,1,2,0,0,0,0,1,0,0,5,0,,,,,,,,,,,,,,,,,,,,,,,,,,,,,,,,,,,0,,,,
1741,Unscored (no condition data),RPath,9632,3.0,,,,,,,,,54,3,3,,sidewalks,98.056,HMAC,1,2,2,1,0,0,0,0,0,0,0,0,1,2,0,1,2,0,0,0,0,0,0,0,0,5,0,2,1,0,0,0,0,0,1,2,0,0,0,0,0,0,0,5,1,0,0,0,0,0,1,2,0,0,0,0,0,1,0,0,0,0,0,0,1,0,0,0,0,0,0,0,0,1,2,0,1,0,0,0,0,0,0,3,1,1,1,1,2,2,0,0,0,0,0,0,5,0,,,,,,,,,,,,,,,,,,,,,,,,,,,,,,,,,,,0,,,,
1742,Unscored (no condition data),RPath,9596,3.0,,,,,,,,,63,3,3,,sidewalks,55.548,CON,1,2,2,1,2,2,1,0,0,0,0,0,1,2,0,0,0,0,0,0,0,0,0,0,5,0,0,0,0,0,0,0,0,0,1,2,2,0,0,0,0,0,0,0,1,2,2,0,1,1,1,2,2,5,5,0,0,1,0,0,0,0,0,0,0,0,0,0,0,0,0,0,0,0,0,0,1,0,0,0,0,0,0,3,1,1,1,0,0,0,1,0,0,1,2,0,5,0,,,,,,,,,,,,,,,,,,,,,,,,,,,,,,,,,,,0,,,,
1743,Unscored (no condition data),RPath,9597,3.0,,,,,,,,,62,3,3,,sidewalks,33.334,CON,1,2,2,1,2,2,1,0,0,0,0,0,1,2,0,0,0,0,0,0,0,0,0,0,5,0,0,0,0,0,0,0,0,0,1,2,2,0,0,0,0,0,0,0,1,2,2,0,1,1,1,2,2,5,5,0,0,1,0,0,0,0,0,0,0,0,0,0,0,0,0,0,0,0,0,0,0,0,0,0,0,0,0,3,1,1,1,0,0,0,1,0,0,1,2,0,5,0,,,,,,,,,,,,,,,,,,,,,,,,,,,,,,,,,,,0,,,,
1744,Unscored (no condition data),RPath,9601,3.0,,,,,,,,,62,3,3,,sidewalks,42.253,CON,1,2,2,1,2,2,1,0,0,0,0,0,1,2,0,0,0,0,0,0,0,0,0,0,5,0,0,0,0,0,0,0,0,0,1,2,2,0,0,0,0,0,0,0,1,2,2,0,1,1,1,2,2,5,5,0,0,1,0,0,0,0,0,0,0,0,0,0,0,0,0,0,0,0,0,0,0,0,0,0,0,0,0,3,1,1,1,0,0,0,1,0,0,1,2,0,5,0,,,,,,,,,,,,,,,,,,,,,,,,,,,,,,,,,,,0,,,,
1745,Unscored (no condition data),RPath,9618,3.0,,,,,,,,,64,4,3,,sidewalks,46.727,CON,1,2,2,1,2,2,1,0,0,0,0,0,1,2,0,0,0,0,0,0,0,0,0,0,0,0,0,2,0,0,0,0,0,0,1,2,2,0,0,0,0,0,0,0,1,2,2,0,1,1,1,2,2,5,5,0,0,1,0,0,0,0,0,0,0,0,0,0,0,0,0,0,0,1,0,0,0,0,0,0,0,0,5,3,1,1,1,0,0,0,0,0,0,1,2,0,5,0,,,,,,,,,,,,,,,,,,,,,,,,,,,,,,,,,,,0,,,,
1746,Unscored (no condition data),RPath,9619,3.0,,,,,,,,,64,4,3,,sidewalks,46.442,CON,1,2,2,1,2,2,1,0,0,0,0,0,1,2,0,0,0,0,0,0,0,0,0,0,0,0,0,2,0,0,0,0,0,0,1,2,2,0,0,0,0,0,0,0,1,2,2,0,1,1,1,2,2,5,5,0,0,1,0,0,0,0,0,0,0,0,0,0,0,0,0,0,0,1,0,0,0,0,0,0,0,0,5,3,1,1,1,0,0,0,0,0,0,1,2,0,5,0,,,,,,,,,,,,,,,,,,,,,,,,,,,,,,,,,,,0,,,,
1747,Unscored (no condition data),RPath,9620,3.0,,,,,,,,,58,3,3,,sidewalks,46.708,CON,1,2,2,1,2,2,1,0,0,0,0,0,1,2,0,0,0,0,0,0,0,0,0,0,0,0,0,2,0,0,0,0,0,0,1,2,2,0,0,0,0,0,0,0,1,2,2,0,1,1,1,2,2,5,5,0,0,0,0,0,0,0,0,0,0,0,0,0,0,0,0,0,0,1,0,0,0,0,0,0,0,0,0,3,1,1,1,0,0,0,0,0,0,1,2,0,5,0,,,,,,,,,,,,,,,,,,,,,,,,,,,,,,,,,,,0,,,,
1748,Unscored (no condition data),RPath,9712,3.0,,,,,,,,,54,3,3,,sidewalks,146.195,CON,1,2,2,1,2,0,1,2,0,0,0,0,0,0,0,0,0,0,0,0,0,0,0,0,0,5,0,2,0,0,0,0,0,0,0,0,0,0,0,0,0,0,0,0,0,0,0,0,1,1,1,2,2,5,0,4,3,1,0,0,0,0,0,0,0,0,0,0,0,0,0,0,0,1,2,2,0,0,0,0,0,0,0,3,1,1,1,0,0,0,0,0,0,0,0,0,5,0,,,,,,,,,,,,,,,,,,,,,,,,,,,,,,,,,,,0,,,,
1749,Unscored (no condition data),RPath,9728,3.0,,,,,,,,,49,3,3,,sidewalks,199.017,CON,1,2,2,1,0,0,1,0,0,0,0,0,1,2,0,0,0,0,0,0,0,0,0,0,5,0,0,2,0,0,0,0,0,0,1,0,0,0,0,0,0,0,0,0,0,0,0,0,1,1,1,2,2,5,0,4,0,1,0,0,0,0,0,0,0,0,0,0,0,0,0,0,0,1,2,0,0,0,0,0,0,0,0,3,1,1,0,0,0,0,0,0,0,1,0,0,5,0,,,,,,,,,,,,,,,,,,,,,,,,,,,,,,,,,,,0,,,,
1750,Unscored (no condition data),RPath,9746,3.0,,,,,,,,,65,4,3,,sidewalks,32.693,CON,1,2,0,1,0,0,0,0,0,0,0,0,1,2,0,0,0,0,0,0,0,0,0,0,0,0,0,2,0,0,0,0,0,0,1,2,2,0,0,0,0,0,0,5,1,0,0,0,0,0,1,2,0,5,0,4,0,1,0,0,0,0,0,0,1,2,0,1,2,0,1,2,2,1,0,0,1,2,2,0,0,0,5,3,0,0,1,1,0,0,0,0,0,0,0,0,5,0,,,,,,,,,,,,,,,,,,,,,,,,,,,,,,,,,,,0,,,,
1751,Unscored (no condition data),RPath,9767,3.0,,,,,,,,,65,4,3,,sidewalks,73.088,HMAC,1,2,2,1,2,0,1,0,0,0,0,0,1,2,0,1,2,0,0,0,0,0,0,0,0,0,0,2,0,0,0,0,0,0,1,2,2,0,0,0,0,0,0,0,0,0,0,0,1,1,1,2,2,5,5,0,3,1,0,0,0,0,0,0,1,0,0,0,0,0,0,0,0,1,2,0,1,2,2,0,0,0,5,3,0,0,0,0,0,0,0,0,0,0,0,0,5,0,,,,,,,,,,,,,,,,,,,,,,,,,,,,,,,,,,,0,,,,
1752,Unscored (no condition data),RPath,9774,3.0,,,,,,,,,60,3,3,,sidewalks,104.811,HMAC,1,2,2,1,2,0,1,2,0,0,0,0,1,0,0,1,0,0,0,0,0,0,0,0,0,0,0,2,0,0,0,0,0,0,1,2,2,0,0,0,0,0,0,0,0,0,0,0,1,1,1,2,2,5,5,0,0,1,0,0,0,0,0,0,1,2,0,0,0,0,0,0,0,1,2,0,1,2,0,0,0,0,5,3,0,0,0,0,0,0,0,0,0,0,0,0,5,0,,,,,,,,,,,,,,,,,,,,,,,,,,,,,,,,,,,0,,,,
1753,Unscored (no condition data),RPath,9782,3.0,,,,,,,,,62,3,3,,sidewalks,78.45,HMAC,1,2,2,1,2,0,1,2,0,0,0,0,1,0,0,0,0,0,0,0,0,0,0,0,0,0,0,2,0,0,0,0,0,0,1,2,2,0,0,0,0,0,0,0,0,0,0,0,1,1,1,2,2,5,5,0,0,1,0,0,0,0,0,0,1,2,0,0,0,0,1,0,0,1,2,2,1,2,0,0,0,0,5,3,0,0,0,0,0,0,0,0,0,0,0,0,5,0,,,,,,,,,,,,,,,,,,,,,,,,,,,,,,,,,,,0,,,,
1754,Unscored (no condition data),RPath,9801,3.0,,,,,,,,,65,4,3,,sidewalks,63.791,HMAC,1,2,2,1,2,0,1,2,0,0,0,0,0,0,0,0,0,0,0,0,0,0,0,0,0,0,0,2,0,0,0,0,0,0,1,2,2,0,0,0,0,0,0,0,0,0,0,0,1,1,1,2,2,5,5,0,0,1,0,0,0,0,0,0,1,2,2,0,0,0,1,0,0,1,2,2,1,2,2,0,0,0,5,3,0,0,0,0,0,0,0,0,0,0,0,0,5,0,,,,,,,,,,,,,,,,,,,,,,,,,,,,,,,,,,,0,,,,
1755,Unscored (no condition data),RPath,11060,3.0,,,,,,,,,53,3,3,,sidewalks,138.963,CON,1,2,2,1,2,0,0,0,0,0,0,0,0,0,0,1,0,0,0,0,0,0,0,0,5,0,0,2,0,0,0,0,0,0,1,2,2,0,0,0,0,0,0,0,1,2,0,0,1,0,1,2,2,5,5,0,0,0,0,0,0,0,0,0,1,2,2,0,0,0,0,0,0,0,0,0,0,0,0,0,0,0,0,0,1,1,1,0,0,0,0,0,0,0,0,0,5,0,,,,,,,,,,,,,,,,,,,,,,,,,,,,,,,,,,,0,,,,
1756,Unscored (no condition data),RPath,11068,3.0,,,,,,,,,49,3,3,,sidewalks,58.675,CON,1,2,2,1,2,0,0,0,0,0,0,0,0,0,0,1,0,0,0,0,0,0,0,0,5,0,0,0,0,0,0,0,0,0,1,2,2,0,0,0,0,0,0,0,1,0,0,0,0,0,1,2,2,5,5,0,3,0,0,0,0,0,0,0,1,2,0,0,0,0,0,0,0,0,0,0,0,0,0,0,0,0,0,0,1,1,1,0,0,0,0,0,0,0,0,0,5,0,,,,,,,,,,,,,,,,,,,,,,,,,,,,,,,,,,,0,,,,
1757,Unscored (no condition data),RPath,11070,3.0,,,,,,,,,52,3,3,,sidewalks,135.655,CON,1,2,2,1,2,0,0,0,0,0,0,0,0,0,0,1,0,0,0,0,0,0,0,0,5,0,0,0,0,0,0,0,0,0,1,2,2,0,0,0,0,0,0,0,1,2,0,0,1,0,1,2,2,5,5,0,3,0,0,0,0,0,0,0,1,2,0,0,0,0,0,0,0,0,0,0,0,0,0,0,0,0,0,0,1,1,1,0,0,0,0,0,0,0,0,0,5,0,,,,,,,,,,,,,,,,,,,,,,,,,,,,,,,,,,,0,,,,
1758,Unscored (no condition data),RPath,14098,3.0,,,,,,,,,62,3,3,,sidewalks,79.544,CON,1,2,2,1,0,0,1,0,0,0,0,0,1,0,0,0,0,0,0,0,0,0,0,0,0,0,0,2,0,0,0,0,0,0,1,2,2,0,0,0,0,0,0,0,0,0,0,0,1,1,1,2,2,5,5,0,0,1,0,0,0,0,0,0,1,2,0,0,0,0,1,2,0,1,2,0,1,2,2,0,0,0,5,3,1,0,1,0,0,0,0,0,0,0,0,0,5,0,,,,,,,,,,,,,,,,,,,,,,,,,,,,,,,,,,,0,,,,
1759,Unscored (no condition data),RPath,1879,3.0,,,,,,,,,51,3,3,,walkways,72.061,SS,1,2,0,1,0,0,1,0,0,1,2,0,1,2,0,1,2,0,0,0,0,0,0,0,0,5,0,2,0,0,0,0,0,0,1,2,0,0,0,0,0,0,0,0,0,0,0,0,0,0,1,0,0,5,5,0,0,1,0,0,0,0,0,0,0,0,0,0,0,0,0,0,0,0,0,0,1,2,0,0,0,0,0,3,1,1,1,0,0,0,0,0,0,1,0,0,5,0,,,,,,,,,,,,,,,,,,,,,,,,,,,,,,,,,,,1,,,,
1760,Unscored (no condition data),PTrail,726,3.0,,,,,,,,,64,4,3,,trails,68.613,Asphalt,1,2,2,1,2,0,1,2,0,0,0,0,1,2,2,1,2,0,0,0,0,1,2,2,0,5,0,0,0,0,0,0,0,0,1,2,2,0,0,0,0,0,0,0,1,2,0,0,1,0,1,2,0,0,0,0,0,0,0,0,0,0,0,0,0,0,0,0,0,0,1,0,0,1,2,2,1,0,0,0,0,0,0,0,1,0,0,1,2,2,0,0,0,1,2,2,5,0,,,,,,,,,,,,,,,,,,,,,,,,,,,,,,,,,,,0,,,,
1761,Unscored (no condition data),PTrail,728,3.0,,,,,,,,,58,3,3,,trails,10.564,Asphalt,1,2,2,1,2,0,1,2,0,0,0,0,1,2,2,1,2,0,0,0,0,1,2,2,0,5,0,0,0,0,0,0,0,0,1,2,2,0,0,0,0,0,0,0,1,2,0,0,1,0,1,2,0,0,0,0,0,0,0,0,0,0,0,0,0,0,0,0,0,0,1,0,0,1,2,0,1,0,0,0,0,0,0,0,1,0,0,1,2,0,0,0,0,1,2,0,5,0,,,,,,,,,,,,,,,,,,,,,,,,,,,,,,,,,,,0,,,,
1762,Unscored (no condition data),PTrail,729,3.0,,,,,,,,,60,3,3,,trails,47.873,Asphalt,1,2,2,1,2,0,1,2,0,0,0,0,1,2,2,1,2,0,0,0,0,1,2,2,0,5,0,0,0,0,0,0,0,0,1,2,2,0,0,0,0,0,0,0,1,2,0,0,1,0,1,2,0,0,0,0,0,0,0,0,0,0,0,0,0,0,0,0,0,0,1,2,0,1,2,0,1,0,0,0,0,0,0,0,1,0,0,1,2,0,0,0,0,1,2,0,5,0,,,,,,,,,,,,,,,,,,,,,,,,,,,,,,,,,,,0,,,,
1763,Unscored (no condition data),PTrail,730,3.0,,,,,,,,,60,3,3,,trails,79.697,Asphalt,1,2,2,1,2,0,1,2,0,0,0,0,1,2,2,1,2,0,0,0,0,1,2,2,0,5,0,0,0,0,0,0,0,0,1,2,2,0,0,0,0,0,0,0,1,2,0,0,1,0,1,2,0,0,0,0,0,0,0,0,0,0,0,0,0,0,0,0,0,0,1,2,0,1,2,0,1,0,0,0,0,0,0,0,1,0,0,1,2,0,0,0,0,1,2,0,5,0,,,,,,,,,,,,,,,,,,,,,,,,,,,,,,,,,,,0,,,,
1764,Unscored (no condition data),PTrail,731,3.0,,,,,,,,,63,3,3,,trails,57.971,Asphalt,1,2,2,1,2,2,1,2,2,0,0,0,1,2,2,1,2,0,0,0,0,1,2,2,0,5,0,0,0,0,0,0,0,0,1,2,2,0,0,0,0,0,0,0,1,2,0,0,0,0,1,2,0,0,0,0,0,0,0,0,0,0,0,0,0,0,0,0,0,0,1,2,0,1,2,0,1,0,0,0,0,0,0,0,1,0,0,1,2,0,0,0,0,1,2,0,5,0,,,,,,,,,,,,,,,,,,,,,,,,,,,,,,,,,,,0,,,,
1765,Unscored (no condition data),PTrail,732,3.0,,,,,,,,,66,4,3,,trails,115.255,Asphalt,1,2,2,1,2,2,1,2,2,0,0,0,1,2,2,1,2,0,0,0,0,1,2,2,0,5,0,0,0,0,0,0,0,0,1,2,2,0,0,0,0,0,0,0,1,2,0,0,1,0,1,2,0,0,0,0,0,0,0,0,0,0,0,0,0,0,0,0,0,0,1,2,0,1,2,0,1,2,0,0,0,0,0,0,1,0,0,1,2,0,0,0,0,1,2,0,5,0,,,,,,,,,,,,,,,,,,,,,,,,,,,,,,,,,,,0,,,,
1766,Unscored (no condition data),PTrail,733,3.0,,,,,,,,,53,3,3,,trails,12.249,Asphalt,1,2,2,1,2,2,1,2,2,0,0,0,1,2,0,1,0,0,0,0,0,1,2,0,0,5,0,0,0,0,0,0,0,0,1,2,0,0,0,0,0,0,0,0,1,0,0,0,0,0,1,2,0,0,0,0,0,0,0,0,0,0,0,0,0,0,0,0,0,0,1,2,0,1,2,0,1,2,0,0,0,0,0,0,1,0,0,1,2,0,0,0,0,1,0,0,5,0,,,,,,,,,,,,,,,,,,,,,,,,,,,,,,,,,,,0,,,,
1767,Unscored (no condition data),PTrail,734,3.0,,,,,,,,,63,3,3,,trails,142.263,Asphalt,1,2,2,1,2,2,1,2,2,0,0,0,1,2,2,1,0,0,0,0,0,1,2,2,0,5,0,0,0,0,0,0,0,0,1,2,2,0,0,0,0,0,0,0,1,0,0,0,0,0,1,2,2,0,0,0,0,0,0,0,0,0,0,0,0,0,0,0,0,0,1,2,0,1,2,0,1,2,2,0,0,0,0,0,1,0,0,1,2,0,0,0,0,1,0,0,5,0,,,,,,,,,,,,,,,,,,,,,,,,,,,,,,,,,,,0,,,,
1768,Unscored (no condition data),PTrail,735,3.0,,,,,,,,,60,3,3,,trails,8.911,Asphalt,1,2,2,1,2,0,1,2,0,0,0,0,1,2,2,1,2,0,0,0,0,1,2,2,0,5,0,0,0,0,0,0,0,0,1,2,2,0,0,0,0,0,0,0,1,2,0,0,1,0,1,2,0,0,0,0,0,0,0,0,0,0,0,0,0,0,0,0,0,0,1,2,0,1,2,0,1,0,0,0,0,0,0,0,1,0,0,1,2,0,0,0,0,1,2,0,5,0,,,,,,,,,,,,,,,,,,,,,,,,,,,,,,,,,,,0,,,,
1769,Unscored (no condition data),PTrail,736,3.0,,,,,,,,,55,3,3,,trails,19.188,Asphalt,1,2,2,1,2,0,1,2,0,0,0,0,1,2,2,0,0,0,0,0,0,1,2,2,0,5,0,0,0,0,0,0,0,0,1,2,2,0,0,0,0,0,0,0,1,0,0,0,0,0,1,2,2,0,0,0,0,0,0,0,0,0,0,0,0,0,0,0,0,0,1,2,0,1,2,0,1,2,2,0,0,0,0,0,1,0,0,1,0,0,0,0,0,0,0,0,5,0,,,,,,,,,,,,,,,,,,,,,,,,,,,,,,,,,,,0,,,,
1770,Unscored (no condition data),PTrail,737,3.0,,,,,,,,,57,3,3,,trails,37.068,Asphalt,1,2,2,1,2,0,1,2,0,0,0,0,1,2,2,0,0,0,0,0,0,1,2,2,0,5,0,0,0,0,0,1,0,0,1,2,2,0,0,0,0,0,0,0,1,0,0,0,0,0,1,2,2,0,0,0,0,0,0,0,0,0,0,0,1,0,0,0,0,0,1,2,0,1,2,0,1,2,2,0,0,0,0,0,1,0,0,1,0,0,0,0,0,0,0,0,5,0,,,,,,,,,,,,,,,,,,,,,,,,,,,,,,,,,,,0,,,,
1771,Unscored (no condition data),PTrail,738,3.0,,,,,,,,,59,3,3,,trails,21.035,Asphalt,1,2,2,1,2,2,1,2,0,0,0,0,1,2,2,0,0,0,0,0,0,1,2,2,0,5,0,0,0,0,0,1,0,0,1,2,2,0,0,0,0,0,0,0,1,0,0,0,0,0,1,2,2,0,0,0,0,0,0,0,0,0,0,0,1,0,0,0,0,0,1,2,0,1,2,0,1,2,2,0,0,0,0,0,1,0,0,1,0,0,0,0,0,0,0,0,5,0,,,,,,,,,,,,,,,,,,,,,,,,,,,,,,,,,,,0,,,,
1772,Unscored (no condition data),PTrail,739,3.0,,,,,,,,,53,3,3,,trails,5.89,Asphalt,1,2,2,1,2,2,1,2,2,0,0,0,1,2,0,1,0,0,0,0,0,1,2,0,0,5,0,0,0,0,0,0,0,0,1,2,0,0,0,0,0,0,0,0,1,0,0,0,0,0,1,2,0,0,0,0,0,0,0,0,0,0,0,0,0,0,0,0,0,0,1,2,0,1,2,0,1,2,0,0,0,0,0,0,1,0,0,1,2,0,0,0,0,1,0,0,5,0,,,,,,,,,,,,,,,,,,,,,,,,,,,,,,,,,,,0,,,,
1773,Unscored (no condition data),PTrail,742,3.0,,,,,,,,,51,3,3,,trails,43.792,Asphalt,1,2,2,1,2,2,1,2,2,0,0,0,1,2,0,1,0,0,0,0,0,1,2,0,0,5,0,0,0,0,0,0,0,0,1,2,0,0,0,0,0,0,0,0,1,0,0,0,0,0,1,2,0,0,0,0,0,0,0,0,0,0,0,0,0,0,0,0,0,0,1,0,0,1,2,0,1,2,0,0,0,0,0,0,1,0,0,1,2,0,0,0,0,1,0,0,5,0,,,,,,,,,,,,,,,,,,,,,,,,,,,,,,,,,,,0,,,,
1774,Unscored (no condition data),PTrail,743,3.0,,,,,,,,,50,3,3,,trails,50.083,Asphalt,1,2,2,1,2,0,1,2,0,0,0,0,1,2,0,1,0,0,0,0,0,1,2,0,0,5,0,2,0,0,0,0,0,0,1,2,0,0,0,0,0,0,0,0,1,0,0,0,0,0,1,2,0,0,0,0,0,1,0,0,0,0,0,0,0,0,0,0,0,0,1,0,0,1,2,0,1,2,0,0,0,0,0,0,1,0,0,1,2,0,0,0,0,1,0,0,5,0,,,,,,,,,,,,,,,,,,,,,,,,,,,,,,,,,,,0,,,,
1775,Unscored (no condition data),PTrail,745,3.0,,,,,,,,,49,3,3,,trails,143.169,Asphalt,1,2,2,1,2,0,1,2,0,0,0,0,1,0,0,1,2,0,0,0,0,0,0,0,0,5,0,2,0,0,0,0,0,0,1,2,2,0,0,0,1,0,0,0,1,0,0,0,1,0,1,2,2,0,0,0,0,1,0,0,0,0,0,0,0,0,0,0,0,0,0,0,0,1,0,0,1,0,0,0,0,0,0,3,1,1,1,0,0,0,0,0,0,0,0,0,5,0,,,,,,,,,,,,,,,,,,,,,,,,,,,,,,,,,,,0,,,,
1776,Unscored (no condition data),PTrail,746,3.0,,,,,,,,,49,3,3,,trails,57.279,Asphalt,1,2,2,1,0,0,1,0,0,1,2,0,1,2,2,0,0,0,0,0,0,0,0,0,0,5,0,2,0,0,0,0,0,0,1,2,0,0,0,0,0,0,0,0,1,2,0,0,1,0,1,2,0,0,0,0,0,1,0,0,0,0,0,0,0,0,0,0,0,0,0,0,0,1,2,0,1,2,0,0,0,0,0,3,1,1,0,0,0,0,0,0,0,0,0,0,5,0,,,,,,,,,,,,,,,,,,,,,,,,,,,,,,,,,,,0,,,,
1777,Unscored (no condition data),PTrail,749,3.0,,,,,,,,,59,3,3,,trails,189.403,Asphalt,1,2,2,1,2,0,1,2,0,0,0,0,1,2,2,0,0,0,0,0,0,0,0,0,0,5,0,2,0,0,0,0,0,0,0,0,0,0,0,0,0,0,0,0,0,0,0,0,1,1,1,2,2,5,0,0,3,0,0,0,0,0,0,0,0,0,0,0,0,0,0,0,0,1,2,2,1,2,2,0,0,0,0,3,1,1,1,0,0,0,0,0,0,0,0,0,5,0,,,,,,,,,,,,,,,,,,,,,,,,,,,,,,,,,,,0,,,,
1778,Unscored (no condition data),PTrail,750,3.0,,,,,,,,,49,3,3,,trails,63.513,Asphalt,1,2,2,1,0,0,1,0,0,1,2,0,1,2,2,0,0,0,0,0,0,0,0,0,0,5,0,2,0,0,0,0,0,0,1,2,0,0,0,0,0,0,0,0,1,2,0,0,1,0,1,2,0,0,0,0,0,1,0,0,0,0,0,0,0,0,0,0,0,0,0,0,0,1,2,0,1,2,0,0,0,0,0,3,1,1,0,0,0,0,0,0,0,0,0,0,5,0,,,,,,,,,,,,,,,,,,,,,,,,,,,,,,,,,,,0,,,,
1779,Unscored (no condition data),PTrail,756,3.0,,,,,,,,,60,3,3,,trails,315.818,Asphalt,1,2,2,1,2,2,0,0,0,0,0,0,1,2,0,0,0,0,0,0,0,0,0,0,5,5,0,0,0,0,0,0,0,0,1,2,2,0,0,0,0,0,0,0,1,2,0,0,0,0,1,2,0,0,0,0,0,1,1,2,0,0,0,0,0,0,0,0,0,0,0,0,0,1,2,0,1,2,0,0,0,0,5,0,1,1,1,1,2,0,0,0,0,0,0,0,5,0,,,,,,,,,,,,,,,,,,,,,,,,,,,,,,,,,,,0,,,,
1780,Unscored (no condition data),PTrail,757,3.0,,,,,,,,,53,3,3,,trails,80.925,Asphalt,1,2,2,1,2,2,0,0,0,0,0,0,1,2,0,0,0,0,0,0,0,0,0,0,0,5,0,0,0,0,0,0,0,0,1,2,2,0,0,0,0,0,0,0,1,2,0,0,0,0,1,2,2,0,0,0,0,1,1,0,0,0,0,0,0,0,0,0,0,0,0,0,0,1,2,0,1,0,0,0,0,0,5,0,1,1,1,1,2,0,0,0,0,0,0,0,5,0,,,,,,,,,,,,,,,,,,,,,,,,,,,,,,,,,,,0,,,,
1781,Unscored (no condition data),PTrail,758,3.0,,,,,,,,,53,3,3,,trails,136.063,Asphalt,1,2,2,1,2,2,0,0,0,0,0,0,1,2,0,0,0,0,0,0,0,0,0,0,0,5,0,0,0,0,0,0,0,0,1,2,2,0,0,0,0,0,0,0,1,2,0,0,0,0,1,2,2,0,0,0,0,1,1,0,0,0,0,0,0,0,0,0,0,0,0,0,0,1,2,0,1,0,0,0,0,0,5,0,1,1,1,1,2,0,0,0,0,0,0,0,5,0,,,,,,,,,,,,,,,,,,,,,,,,,,,,,,,,,,,0,,,,
1782,Unscored (no condition data),PTrail,759,3.0,,,,,,,,,61,3,3,,trails,10.508,Asphalt,1,2,2,1,2,2,0,0,0,0,0,0,1,0,0,0,0,0,0,0,0,0,0,0,0,5,0,2,0,0,0,0,0,0,1,2,2,0,0,0,0,0,0,5,1,2,0,0,0,0,1,2,2,5,0,0,0,1,1,0,0,0,0,0,0,0,0,0,0,0,0,0,0,1,2,0,1,0,0,0,0,0,0,3,1,1,1,1,2,0,0,0,0,0,0,0,5,0,,,,,,,,,,,,,,,,,,,,,,,,,,,,,,,,,,,0,,,,
1783,Unscored (no condition data),PTrail,760,3.0,,,,,,,,,61,3,3,,trails,107.471,Asphalt,1,2,2,1,2,2,0,0,0,0,0,0,1,2,0,0,0,0,0,0,0,0,0,0,0,5,0,0,0,0,0,0,0,0,1,2,2,0,0,0,0,0,0,5,1,2,0,0,0,0,1,2,2,5,0,0,0,1,1,0,0,0,0,0,0,0,0,0,0,0,0,0,0,1,2,0,1,0,0,0,0,0,0,3,1,1,1,1,2,0,0,0,0,0,0,0,5,0,,,,,,,,,,,,,,,,,,,,,,,,,,,,,,,,,,,0,,,,
1784,Unscored (no condition data),PTrail,761,3.0,,,,,,,,,64,4,3,,trails,36.754,Asphalt,1,2,2,1,2,2,0,0,0,0,0,0,1,0,0,0,0,0,0,0,0,0,0,0,0,5,0,0,0,0,0,0,0,0,1,2,2,0,0,0,0,0,0,5,1,2,0,0,0,0,1,2,2,5,0,0,0,1,1,0,0,0,0,0,0,0,0,0,0,0,0,0,0,1,2,0,1,0,0,0,0,0,5,3,1,1,1,1,2,0,0,0,0,0,0,0,5,0,,,,,,,,,,,,,,,,,,,,,,,,,,,,,,,,,,,0,,,,
1785,Unscored (no condition data),PTrail,765,3.0,,,,,,,,,60,3,3,,trails,17.89,Asphalt,1,2,2,1,2,0,1,2,0,0,0,0,1,2,2,1,2,0,0,0,0,1,2,2,0,5,0,0,0,0,0,0,0,0,1,2,2,0,0,0,0,0,0,0,1,2,0,0,1,0,1,2,0,0,0,0,0,0,0,0,0,0,0,0,0,0,0,0,0,0,1,2,0,1,2,0,1,0,0,0,0,0,0,0,1,0,0,1,2,0,0,0,0,1,2,0,5,0,,,,,,,,,,,,,,,,,,,,,,,,,,,,,,,,,,,0,,,,
1786,Unscored (no condition data),PTrail,766,3.0,,,,,,,,,57,3,3,,trails,8.166,Dirt,1,2,2,1,2,2,1,2,2,0,0,0,1,2,2,1,0,0,0,0,0,1,2,2,0,5,0,0,0,0,0,0,0,0,1,2,0,0,0,0,0,0,0,0,1,0,0,0,0,0,1,2,0,0,0,0,0,0,0,0,0,0,0,0,0,0,0,0,0,0,1,2,0,1,2,0,1,2,0,0,0,0,0,0,1,0,0,1,2,0,0,0,0,1,0,0,5,0,,,,,,,,,,,,,,,,,,,,,,,,,,,,,,,,,,,0,,,,
1787,Unscored (no condition data),PTrail,767,3.0,,,,,,,,,56,3,3,,trails,342.604,Asphalt,1,2,2,1,2,2,1,2,0,0,0,0,1,2,2,1,0,0,0,0,0,0,0,0,0,5,0,0,0,0,0,0,0,0,1,2,2,0,0,0,0,0,0,0,0,0,0,0,0,0,1,0,0,0,0,0,3,1,0,0,0,0,0,0,1,2,2,0,0,0,1,0,0,1,2,0,1,2,2,0,0,0,0,0,1,1,1,0,0,0,0,0,0,0,0,0,5,0,,,,,,,,,,,,,,,,,,,,,,,,,,,,,,,,,,,0,,,,
1788,Unscored (no condition data),PTrail,785,3.0,,,,,,,,,58,3,3,,trails,248.313,Asphalt,1,2,2,1,2,2,0,0,0,0,0,0,1,2,0,1,2,2,0,0,0,0,0,0,0,5,0,0,0,0,0,1,0,0,1,2,2,0,0,0,0,0,0,0,1,2,2,0,0,0,1,2,2,0,0,0,0,0,0,0,0,1,0,0,1,2,0,1,0,0,0,0,0,1,0,0,1,0,0,0,0,0,0,0,1,1,1,0,0,0,1,0,0,1,2,0,5,0,,,,,,,,,,,,,,,,,,,,,,,,,,,,,,,,,,,0,,,,
1789,Unscored (no condition data),PTrail,786,3.0,,,,,,,,,61,3,3,,trails,386.194,Asphalt,1,2,2,1,2,2,1,2,0,1,0,0,1,2,2,0,0,0,0,0,0,0,0,0,5,5,0,2,0,0,0,0,0,0,1,2,2,0,0,0,0,0,0,0,1,2,0,0,1,1,1,2,2,0,0,0,0,0,0,0,0,0,0,0,0,0,0,0,0,0,0,0,0,1,2,2,1,2,0,0,0,0,0,0,1,1,0,0,0,0,0,0,0,0,0,0,5,0,,,,,,,,,,,,,,,,,,,,,,,,,,,,,,,,,,,0,,,,
1790,Unscored (no condition data),PTrail,788,3.0,,,,,,,,,51,3,3,,trails,307.099,Asphalt,1,2,2,1,2,2,1,0,0,0,0,0,1,2,2,0,0,0,0,0,0,0,0,0,0,5,0,2,0,0,0,0,0,0,1,2,0,0,0,0,0,0,0,0,0,0,0,0,1,1,1,2,2,5,0,0,3,0,0,0,0,0,0,0,0,0,0,0,0,0,0,0,0,1,0,0,1,0,0,0,0,0,0,0,1,1,1,0,0,0,0,0,0,0,0,0,5,0,,,,,,,,,,,,,,,,,,,,,,,,,,,,,,,,,,,0,,,,
1791,Unscored (no condition data),PTrail,790,3.0,,,,,,,,,66,4,3,,trails,125.79,Asphalt,1,2,2,1,2,0,1,2,0,1,2,0,1,2,2,0,0,0,0,0,0,0,0,0,5,5,0,2,0,0,0,0,0,0,1,2,0,0,0,0,0,0,0,0,1,2,0,0,1,0,1,2,0,5,0,0,3,1,0,0,0,0,0,0,0,0,0,0,0,0,0,0,0,1,2,0,1,2,0,0,0,0,0,3,1,1,0,0,0,0,0,0,0,0,0,0,5,0,,,,,,,,,,,,,,,,,,,,,,,,,,,,,,,,,,,0,,,,
1792,Unscored (no condition data),PTrail,792,3.0,,,,,,,,,49,3,3,,trails,7.569,Asphalt,1,2,2,1,0,0,1,0,0,1,2,0,1,2,2,0,0,0,0,0,0,0,0,0,0,5,0,2,0,0,0,0,0,0,1,2,0,0,0,0,0,0,0,0,1,2,0,0,1,0,1,2,0,0,0,0,0,1,0,0,0,0,0,0,0,0,0,0,0,0,0,0,0,1,2,0,1,2,0,0,0,0,0,3,1,1,0,0,0,0,0,0,0,0,0,0,5,0,,,,,,,,,,,,,,,,,,,,,,,,,,,,,,,,,,,0,,,,
1793,Unscored (no condition data),PTrail,800,3.0,,,,,,,,,54,3,3,,trails,719.099,Asphalt,1,2,2,1,2,0,0,0,0,0,0,0,1,0,0,1,0,0,1,0,0,0,0,0,0,0,0,2,0,0,0,0,0,0,1,2,2,0,0,0,0,0,0,0,1,0,0,0,0,0,1,2,2,5,5,0,3,1,0,0,0,0,0,0,1,2,0,0,0,0,0,0,0,1,0,0,0,0,0,0,0,0,0,3,1,1,1,0,0,0,1,0,0,0,0,0,5,0,,,,,,,,,,,,,,,,,,,,,,,,,,,,,,,,,,,0,,,,
1794,Unscored (no condition data),PTrail,801,3.0,,,,,,,,,53,3,3,,trails,942.759,Asphalt,1,2,2,1,2,2,0,0,0,0,0,0,1,0,0,1,0,0,1,0,0,0,0,0,0,5,0,2,0,0,0,0,0,0,1,2,2,0,0,0,0,0,0,0,0,0,0,0,0,0,1,2,2,0,5,0,0,0,0,0,0,0,0,0,1,2,0,0,0,0,0,0,0,1,2,0,1,0,0,0,0,0,0,3,1,1,1,0,0,0,0,0,0,0,0,0,5,0,,,,,,,,,,,,,,,,,,,,,,,,,,,,,,,,,,,0,,,,
1795,Unscored (no condition data),PTrail,806,3.0,,,,,,,,,62,3,3,,trails,581.763,Asphalt,1,2,2,0,0,0,0,0,0,0,0,0,1,2,2,0,0,0,0,0,0,0,0,0,0,5,0,2,0,0,0,1,0,0,1,2,0,1,0,0,1,2,2,0,1,2,2,0,0,0,1,2,2,0,5,0,0,0,1,2,0,0,0,0,0,0,0,0,0,0,0,0,0,1,2,0,1,2,0,0,0,0,0,0,1,1,1,1,2,0,0,0,0,0,0,0,5,0,,,,,,,,,,,,,,,,,,,,,,,,,,,,,,,,,,,0,,,,
1796,Unscored (no condition data),PTrail,807,3.0,,,,,,,,,61,3,3,,trails,283.574,Asphalt,1,2,2,1,0,0,1,0,0,0,0,0,1,2,2,0,0,0,0,0,0,0,0,0,0,5,0,0,0,0,0,0,0,0,1,2,2,1,2,0,1,2,2,0,1,2,2,0,0,0,0,0,0,0,5,0,0,0,1,2,2,0,0,0,0,0,0,0,0,0,0,0,0,1,2,0,0,0,0,0,0,0,0,0,1,1,1,1,2,2,0,0,0,0,0,0,5,0,,,,,,,,,,,,,,,,,,,,,,,,,,,,,,,,,,,0,,,,
1797,Unscored (no condition data),PTrail,808,3.0,,,,,,,,,54,3,3,,trails,222.16,Asphalt,1,2,2,1,0,0,1,0,0,0,0,0,1,2,2,0,0,0,0,0,0,0,0,0,0,0,0,0,0,0,0,1,0,0,1,2,2,1,0,0,1,2,0,0,1,2,2,0,0,0,1,2,0,0,5,0,0,0,1,2,0,0,0,0,1,0,0,0,0,0,0,0,0,1,2,0,1,0,0,0,0,0,0,0,1,1,1,1,2,0,0,0,0,0,0,0,5,0,,,,,,,,,,,,,,,,,,,,,,,,,,,,,,,,,,,0,,,,
1798,Unscored (no condition data),PTrail,809,3.0,,,,,,,,,65,4,3,,trails,310.7,Asphalt,1,2,2,1,0,0,1,0,0,0,0,0,1,2,0,1,0,0,0,0,0,0,0,0,0,5,0,0,0,0,0,1,2,2,1,2,2,0,0,0,1,0,0,0,1,0,0,0,0,0,1,2,2,5,5,0,3,0,1,2,0,0,0,0,1,2,0,0,0,0,0,0,0,1,2,0,1,0,0,0,0,0,0,0,1,1,1,1,0,0,0,0,0,0,0,0,5,0,,,,,,,,,,,,,,,,,,,,,,,,,,,,,,,,,,,0,,,,
1799,Unscored (no condition data),PTrail,810,3.0,,,,,,,,,59,3,3,,trails,198.47,Asphalt,1,2,2,1,2,0,1,0,0,0,0,0,1,2,0,0,0,0,0,0,0,0,0,0,0,5,0,2,0,0,0,0,0,0,1,2,2,1,2,2,1,2,2,0,1,2,2,0,0,0,0,0,0,0,5,0,0,0,1,2,0,0,0,0,0,0,0,0,0,0,0,0,0,0,0,0,0,0,0,0,0,0,0,0,1,1,1,1,2,0,1,0,0,0,0,0,5,0,,,,,,,,,,,,,,,,,,,,,,,,,,,,,,,,,,,1,,,,
1800,Unscored (no condition data),PTrail,813,3.0,,,,,,,,,61,3,3,,trails,149.387,Asphalt,1,2,2,1,2,2,1,0,0,0,0,0,0,0,0,1,0,0,0,0,0,0,0,0,0,5,0,0,0,0,0,0,0,0,1,2,2,0,0,0,0,0,0,0,0,0,0,0,1,1,1,2,2,5,5,0,0,1,0,0,0,0,0,0,0,0,0,0,0,0,0,0,0,0,0,0,1,2,2,0,0,0,0,0,1,1,1,1,2,0,1,2,2,0,0,0,5,0,,,,,,,,,,,,,,,,,,,,,,,,,,,,,,,,,,,0,,,,
1801,Unscored (no condition data),PTrail,814,3.0,,,,,,,,,53,3,3,,trails,118.39,Asphalt,1,2,2,1,2,0,0,0,0,0,0,0,1,0,0,0,0,0,0,0,0,0,0,0,0,5,3,0,0,0,0,0,0,0,1,2,2,0,0,0,0,0,0,0,1,0,0,0,0,0,1,2,2,0,5,0,0,1,0,0,0,0,0,0,0,0,0,0,0,0,0,0,0,1,0,0,1,2,2,0,0,0,5,0,1,1,1,0,0,0,0,0,0,0,0,0,5,0,,,,,,,,,,,,,,,,,,,,,,,,,,,,,,,,,,,0,,,,
1802,Unscored (no condition data),PTrail,815,3.0,,,,,,,,,55,3,3,,trails,8.169,Asphalt,1,2,2,1,2,0,1,2,0,0,0,0,1,2,2,0,0,0,0,0,0,1,2,2,0,5,0,0,0,0,0,0,0,0,1,2,2,0,0,0,0,0,0,0,1,0,0,0,0,0,1,2,2,0,0,0,0,0,0,0,0,0,0,0,0,0,0,0,0,0,1,2,0,1,2,0,1,2,2,0,0,0,0,0,1,0,0,1,0,0,0,0,0,0,0,0,5,0,,,,,,,,,,,,,,,,,,,,,,,,,,,,,,,,,,,0,,,,
1803,Unscored (no condition data),PTrail,825,3.0,,,,,,,,,57,3,3,,trails,2377.378,Asphalt,1,2,2,0,0,0,0,0,0,0,0,0,1,2,2,0,0,0,1,2,2,0,0,0,0,5,0,2,0,0,0,0,0,0,1,0,0,0,0,0,0,0,0,0,1,0,0,0,1,1,1,2,2,5,5,0,3,1,0,0,0,0,0,0,0,0,0,0,0,0,0,0,0,1,0,0,0,0,0,0,0,0,0,0,1,1,1,0,0,0,0,0,0,0,0,0,5,3,,,,,,,,,,,,,,,,,,,,,,,,,,,,,,,,,,,0,,,,
1804,Unscored (no condition data),PTrail,831,3.0,,,,,,,,,50,3,3,,trails,639.86,Asphalt,1,2,2,1,2,2,0,0,0,0,0,0,1,2,0,1,0,0,1,0,0,0,0,0,0,5,0,2,0,0,0,0,0,0,1,2,2,0,0,0,0,0,0,0,0,0,0,0,0,0,1,2,2,0,0,0,0,1,0,0,0,0,0,0,1,0,0,0,0,0,0,0,0,1,2,2,0,0,0,0,0,0,0,3,1,1,1,0,0,0,0,0,0,0,0,0,5,0,,,,,,,,,,,,,,,,,,,,,,,,,,,,,,,,,,,0,,,,
1805,Unscored (no condition data),PTrail,832,3.0,,,,,,,,,54,3,3,,trails,133.548,Asphalt,1,2,2,1,2,2,0,0,0,0,0,0,1,2,0,1,2,0,1,0,0,0,0,0,0,5,0,0,0,0,0,0,0,0,1,2,2,0,0,0,0,0,0,0,0,0,0,0,0,0,1,2,2,0,5,0,0,0,0,0,0,0,0,0,1,2,0,0,0,0,0,0,0,1,2,0,0,0,0,0,0,0,0,3,1,1,1,0,0,0,0,0,0,0,0,0,5,0,,,,,,,,,,,,,,,,,,,,,,,,,,,,,,,,,,,0,,,,
1806,Unscored (no condition data),PTrail,836,3.0,,,,,,,,,64,4,3,,trails,56.423,Asphalt,1,2,2,1,2,2,1,0,0,0,0,0,1,2,2,0,0,0,0,0,0,1,2,2,0,5,0,2,0,0,0,1,2,0,1,2,0,0,0,0,0,0,0,0,0,0,0,0,1,0,1,2,0,0,0,0,0,1,0,0,0,0,0,0,1,0,0,0,0,0,1,2,2,1,2,0,1,2,0,0,0,0,5,3,0,0,0,0,0,0,0,0,0,0,0,0,5,0,,,,,,,,,,,,,,,,,,,,,,,,,,,,,,,,,,,0,,,,
1807,Unscored (no condition data),PTrail,838,3.0,,,,,,,,,56,3,3,,trails,10.568,Asphalt,1,2,2,1,2,2,1,0,0,0,0,0,1,2,2,0,0,0,0,0,0,1,2,2,0,5,0,2,0,0,0,1,2,0,1,2,0,0,0,0,0,0,0,0,0,0,0,0,1,0,1,2,0,0,0,0,0,0,0,0,0,0,0,0,1,0,0,0,0,0,1,2,0,1,2,0,1,2,0,0,0,0,0,3,0,0,0,0,0,0,0,0,0,0,0,0,5,0,,,,,,,,,,,,,,,,,,,,,,,,,,,,,,,,,,,0,,,,
1808,Unscored (no condition data),PTrail,839,3.0,,,,,,,,,65,4,3,,trails,122.38,Asphalt,1,2,2,1,2,0,1,0,0,0,0,0,1,2,2,1,2,0,0,0,0,0,0,0,0,5,0,2,0,0,0,0,0,0,1,2,2,0,0,0,0,0,0,0,1,2,0,0,0,0,1,2,2,0,0,0,0,1,0,0,0,0,0,0,0,0,0,0,0,0,1,2,2,1,2,0,1,2,2,0,0,0,5,3,1,0,0,0,0,0,0,0,0,0,0,0,5,0,,,,,,,,,,,,,,,,,,,,,,,,,,,,,,,,,,,0,,,,
1809,Unscored (no condition data),PTrail,840,3.0,,,,,,,,,50,3,3,,trails,30.377,Asphalt,1,2,2,1,0,0,1,0,0,0,0,0,1,2,2,1,2,0,0,0,0,0,0,0,0,0,0,2,0,0,0,0,0,0,1,2,0,0,0,0,0,0,0,0,1,2,0,0,0,0,1,2,2,0,0,0,0,1,0,0,0,0,0,0,0,0,0,0,0,0,1,2,2,1,0,0,1,2,2,0,0,0,5,0,0,0,0,0,0,0,0,0,0,0,0,0,5,0,,,,,,,,,,,,,,,,,,,,,,,,,,,,,,,,,,,0,,,,
1810,Unscored (no condition data),PTrail,841,3.0,,,,,,,,,65,4,3,,trails,45.832,Asphalt,1,2,2,1,2,0,0,0,0,0,0,0,1,2,0,0,0,0,0,0,0,1,2,0,0,5,0,2,0,0,0,1,2,2,1,2,2,0,0,0,0,0,0,0,1,0,0,0,1,1,1,2,2,0,0,0,0,1,0,0,0,0,0,0,1,2,0,0,0,0,1,0,0,1,2,2,1,2,0,0,0,0,5,3,0,0,0,0,0,0,0,0,0,0,0,0,5,0,,,,,,,,,,,,,,,,,,,,,,,,,,,,,,,,,,,0,,,,
1811,Unscored (no condition data),PTrail,843,3.0,,,,,,,,,54,3,3,,trails,40.813,Asphalt,1,2,2,1,2,0,1,2,0,0,0,0,1,2,0,1,0,0,0,0,0,0,0,0,0,5,0,2,0,0,0,1,2,0,1,2,2,0,0,0,1,2,0,0,1,2,0,0,1,0,1,2,0,0,0,0,0,0,0,0,0,0,0,0,0,0,0,0,0,0,0,0,0,1,2,0,1,2,0,0,0,0,0,3,0,0,0,0,0,0,0,0,0,0,0,0,5,0,,,,,,,,,,,,,,,,,,,,,,,,,,,,,,,,,,,0,,,,
1812,Unscored (no condition data),PTrail,845,3.0,,,,,,,,,49,3,3,,trails,54.561,Asphalt,1,2,2,1,0,0,1,0,0,1,0,0,1,2,2,0,0,0,0,0,0,0,0,0,0,5,0,2,0,0,0,0,0,0,1,0,0,0,0,0,0,0,0,0,1,0,0,0,1,0,1,2,0,0,0,0,0,1,0,0,0,0,0,0,0,0,0,0,0,0,0,0,0,1,2,2,1,2,0,0,0,0,5,3,0,1,0,0,0,0,0,0,0,0,0,0,5,0,,,,,,,,,,,,,,,,,,,,,,,,,,,,,,,,,,,0,,,,
1813,Unscored (no condition data),PTrail,847,3.0,,,,,,,,,49,3,3,,trails,49.907,Asphalt,1,2,2,1,0,0,1,0,0,1,2,0,1,2,0,0,0,0,0,0,0,0,0,0,0,5,0,2,0,0,0,0,0,0,1,0,0,0,0,0,0,0,0,0,1,0,0,0,1,0,1,2,2,0,0,0,0,1,0,0,0,0,0,0,0,0,0,0,0,0,0,0,0,1,2,2,1,0,0,0,0,0,5,3,0,1,0,0,0,0,0,0,0,0,0,0,5,0,,,,,,,,,,,,,,,,,,,,,,,,,,,,,,,,,,,0,,,,
1814,Unscored (no condition data),PTrail,849,3.0,,,,,,,,,63,3,3,,trails,123.923,Asphalt,1,2,2,1,2,2,1,2,2,1,0,0,1,2,2,0,0,0,0,0,0,1,0,0,0,5,0,0,1,0,0,0,0,0,1,2,0,0,0,0,0,0,0,5,1,2,0,0,1,0,1,2,0,0,0,0,0,0,0,0,0,0,0,0,1,2,2,1,0,0,1,0,0,1,2,0,1,2,0,0,0,0,0,0,1,0,0,1,0,0,0,0,0,0,0,0,5,0,,,,,,,,,,,,,,,,,,,,,,,,,,,,,,,,,,,0,,,,
1815,Unscored (no condition data),PTrail,851,3.0,,,,,,,,,52,3,3,,trails,33.998,Asphalt,1,2,2,1,2,2,1,2,2,0,0,0,1,2,2,0,0,0,0,0,0,1,0,0,0,5,0,0,1,0,0,0,0,0,1,2,0,0,0,0,0,0,0,5,1,0,0,0,0,0,1,0,0,0,0,0,0,0,0,0,0,0,0,0,1,2,0,1,0,0,1,0,0,1,0,0,1,2,0,0,0,0,0,0,1,0,0,0,0,0,0,0,0,0,0,0,5,0,,,,,,,,,,,,,,,,,,,,,,,,,,,,,,,,,,,0,,,,
1816,Unscored (no condition data),PTrail,852,3.0,,,,,,,,,56,3,3,,trails,26.641,Concrete,1,2,2,1,2,2,1,2,2,1,0,0,1,2,2,0,0,0,0,0,0,1,2,0,0,5,0,0,0,0,0,0,0,0,1,0,0,0,0,0,0,0,0,5,1,0,0,0,1,0,1,2,0,0,0,0,0,0,0,0,0,0,0,0,1,2,0,1,0,0,1,0,0,1,0,0,1,2,0,0,0,0,0,0,1,0,0,1,0,0,0,0,0,0,0,0,5,0,,,,,,,,,,,,,,,,,,,,,,,,,,,,,,,,,,,0,,,,
1817,Unscored (no condition data),PTrail,853,3.0,,,,,,,,,56,3,3,,trails,26.851,Paver,1,2,2,1,2,2,1,2,2,1,0,0,1,2,2,0,0,0,0,0,0,1,2,0,0,5,0,0,0,0,0,0,0,0,1,0,0,0,0,0,0,0,0,5,1,0,0,0,1,0,1,2,0,0,0,0,0,0,0,0,0,0,0,0,1,2,0,1,0,0,1,0,0,1,0,0,1,2,0,0,0,0,0,0,1,0,0,1,0,0,0,0,0,0,0,0,5,0,,,,,,,,,,,,,,,,,,,,,,,,,,,,,,,,,,,0,,,,
1818,Unscored (no condition data),PTrail,854,3.0,,,,,,,,,62,3,3,,trails,28.307,Asphalt,1,2,2,1,2,2,1,2,2,1,0,0,1,2,2,0,0,0,0,0,0,1,2,0,0,5,0,2,0,0,0,0,0,0,1,0,0,0,0,0,0,0,0,5,1,0,0,0,1,0,1,2,0,0,0,0,0,1,0,0,0,0,0,0,1,2,0,1,0,0,1,0,0,1,0,0,1,2,0,0,0,0,0,3,1,0,0,1,0,0,0,0,0,0,0,0,5,0,,,,,,,,,,,,,,,,,,,,,,,,,,,,,,,,,,,0,,,,
1819,Unscored (no condition data),PTrail,855,3.0,,,,,,,,,59,3,3,,trails,19.295,Asphalt,1,2,2,1,2,2,1,2,2,1,0,0,1,2,2,0,0,0,0,0,0,1,0,0,0,5,0,0,1,0,0,0,0,0,1,0,0,0,0,0,0,0,0,5,1,2,0,0,1,0,1,2,0,0,0,0,0,0,0,0,0,0,0,0,1,2,0,1,0,0,1,0,0,1,2,0,1,2,0,0,0,0,0,0,1,0,0,1,0,0,0,0,0,0,0,0,5,0,,,,,,,,,,,,,,,,,,,,,,,,,,,,,,,,,,,0,,,,
1820,Unscored (no condition data),PTrail,856,3.0,,,,,,,,,57,3,3,,trails,41.604,Concrete,1,2,2,1,2,2,1,2,2,1,0,0,1,2,2,0,0,0,0,0,0,1,0,0,0,5,0,0,1,0,0,0,0,0,1,0,0,0,0,0,1,0,0,5,1,2,0,0,0,0,1,0,0,0,0,0,0,0,0,0,0,0,0,0,1,2,0,1,0,0,1,0,0,1,2,0,1,2,0,0,0,0,0,0,1,0,0,1,0,0,0,0,0,0,0,0,5,0,,,,,,,,,,,,,,,,,,,,,,,,,,,,,,,,,,,0,,,,
1821,Unscored (no condition data),PTrail,857,3.0,,,,,,,,,56,3,3,,trails,2.6,Concrete,1,2,2,1,2,2,1,2,2,1,0,0,1,2,2,0,0,0,0,0,0,1,0,0,0,5,0,0,1,0,0,0,0,0,1,0,0,0,0,0,0,0,0,5,1,2,0,0,0,0,1,0,0,0,0,0,0,0,0,0,0,0,0,0,1,2,0,1,0,0,1,0,0,1,2,0,1,2,0,0,0,0,0,0,1,0,0,1,0,0,0,0,0,0,0,0,5,0,,,,,,,,,,,,,,,,,,,,,,,,,,,,,,,,,,,0,,,,
1822,Unscored (no condition data),PTrail,858,3.0,,,,,,,,,56,3,3,,trails,11.697,Concrete,1,2,2,1,2,2,1,2,2,1,0,0,1,2,2,0,0,0,0,0,0,1,0,0,0,5,0,0,1,0,0,0,0,0,1,0,0,0,0,0,0,0,0,5,1,2,0,0,0,0,1,0,0,0,0,0,0,0,0,0,0,0,0,0,1,2,0,1,0,0,1,0,0,1,2,0,1,2,0,0,0,0,0,0,1,0,0,1,0,0,0,0,0,0,0,0,5,0,,,,,,,,,,,,,,,,,,,,,,,,,,,,,,,,,,,0,,,,
1823,Unscored (no condition data),PTrail,859,3.0,,,,,,,,,61,3,3,,trails,14.628,Asphalt,1,2,2,1,2,2,1,2,2,1,0,0,1,2,2,0,0,0,0,0,0,1,0,0,0,5,0,0,1,0,0,0,0,0,1,0,0,0,0,0,1,0,0,5,1,2,0,0,0,0,1,2,0,0,0,0,0,0,0,0,0,0,0,0,1,2,0,1,0,0,1,0,0,1,2,0,1,2,2,0,0,0,0,0,1,0,0,1,0,0,0,0,0,0,0,0,5,0,,,,,,,,,,,,,,,,,,,,,,,,,,,,,,,,,,,0,,,,
1824,Unscored (no condition data),PTrail,860,3.0,,,,,,,,,59,3,3,,trails,14.124,Asphalt,1,2,2,1,2,2,1,2,2,1,0,0,1,2,2,0,0,0,0,0,0,1,0,0,0,5,0,0,1,0,0,0,0,0,1,0,0,0,0,0,1,0,0,5,1,2,0,0,0,0,1,2,0,0,0,0,0,0,0,0,0,0,0,0,1,2,0,0,0,0,0,0,0,1,2,0,1,2,2,0,0,0,0,0,1,0,0,1,0,0,0,0,0,0,0,0,5,0,,,,,,,,,,,,,,,,,,,,,,,,,,,,,,,,,,,0,,,,
1825,Unscored (no condition data),PTrail,861,3.0,,,,,,,,,51,3,3,,trails,122.688,Asphalt,1,2,2,1,2,2,0,0,0,0,0,0,1,2,2,0,0,0,0,0,0,0,0,0,0,5,0,0,0,0,0,0,0,0,0,0,0,0,0,0,0,0,0,5,0,0,0,0,0,0,1,2,0,5,0,0,3,1,1,0,0,0,0,0,0,0,0,0,0,0,0,0,0,1,0,0,1,0,0,0,0,0,0,3,1,0,1,1,0,0,0,0,0,0,0,0,5,0,,,,,,,,,,,,,,,,,,,,,,,,,,,,,,,,,,,0,,,,
1826,Unscored (no condition data),PTrail,871,3.0,,,,,,,,,49,3,3,,trails,159.314,Asphalt,1,2,2,1,2,0,1,0,0,0,0,0,1,0,0,0,0,0,0,0,0,0,0,0,5,5,0,0,0,0,0,0,0,0,1,2,2,0,0,0,0,0,0,0,0,0,0,0,0,0,1,2,0,0,0,0,0,1,1,0,0,0,0,0,0,0,0,0,0,0,0,0,0,1,0,0,1,0,0,0,0,0,5,3,1,1,1,1,0,0,0,0,0,0,0,0,5,0,,,,,,,,,,,,,,,,,,,,,,,,,,,,,,,,,,,0,,,,
1827,Unscored (no condition data),PTrail,880,3.0,,,,,,,,,56,3,3,,trails,126.37,Asphalt,1,2,2,1,0,0,1,0,0,0,0,0,1,2,0,1,2,0,0,0,0,0,0,0,0,5,0,2,0,0,0,0,0,0,1,2,2,0,0,0,1,2,0,0,1,2,0,0,1,0,1,2,2,5,0,0,3,0,0,0,0,0,0,0,1,0,0,0,0,0,0,0,0,1,2,0,1,0,0,0,0,0,0,0,1,0,0,0,0,0,0,0,0,0,0,0,5,0,,,,,,,,,,,,,,,,,,,,,,,,,,,,,,,,,,,0,,,,
1828,Unscored (no condition data),PTrail,882,3.0,,,,,,,,,51,3,3,,trails,166.009,Asphalt,1,2,2,1,0,0,1,0,0,0,0,0,1,2,0,1,2,0,0,0,0,0,0,0,0,5,0,2,0,0,0,0,0,0,1,2,2,0,0,0,1,2,2,0,1,2,2,0,1,0,1,2,2,0,0,0,0,0,0,0,0,0,0,0,1,0,0,0,0,0,0,0,0,1,2,0,0,0,0,0,0,0,0,0,1,0,0,0,0,0,0,0,0,0,0,0,5,0,,,,,,,,,,,,,,,,,,,,,,,,,,,,,,,,,,,0,,,,
1829,Unscored (no condition data),PTrail,883,3.0,,,,,,,,,50,3,3,,trails,24.147,Asphalt,1,2,2,1,0,0,1,0,0,0,0,0,1,0,0,1,0,0,0,0,0,0,0,0,0,5,0,0,0,0,0,0,0,0,1,2,2,0,0,0,1,2,2,0,1,2,2,0,1,0,1,2,2,0,5,0,0,0,0,0,0,0,0,0,1,0,0,0,0,0,0,0,0,1,0,0,0,0,0,0,0,0,0,0,1,1,1,0,0,0,0,0,0,0,0,0,5,0,,,,,,,,,,,,,,,,,,,,,,,,,,,,,,,,,,,0,,,,
1830,Unscored (no condition data),PTrail,884,3.0,,,,,,,,,57,3,3,,trails,78.674,Asphalt,1,2,2,1,0,0,1,0,0,0,0,0,1,0,0,1,0,0,0,0,0,0,0,0,5,5,0,0,0,0,0,0,0,0,1,2,2,0,0,0,1,2,2,0,1,2,2,0,1,1,1,2,2,0,5,0,0,0,0,0,0,0,0,0,1,0,0,0,0,0,0,0,0,1,0,0,1,0,0,0,0,0,0,0,1,1,1,0,0,0,0,0,0,0,0,0,5,0,,,,,,,,,,,,,,,,,,,,,,,,,,,,,,,,,,,0,,,,
1831,Unscored (no condition data),PTrail,885,3.0,,,,,,,,,60,3,3,,trails,26.975,Asphalt,1,2,2,0,0,0,0,0,0,0,0,0,1,0,0,1,0,0,0,0,0,0,0,0,5,5,0,0,0,0,0,0,0,0,1,2,2,0,0,0,1,2,2,0,1,2,0,0,1,1,1,2,2,5,5,0,0,0,0,0,0,0,0,0,1,2,0,0,0,0,0,0,0,1,0,0,1,0,0,0,0,0,0,0,1,1,1,0,0,0,0,0,0,0,0,0,5,0,,,,,,,,,,,,,,,,,,,,,,,,,,,,,,,,,,,0,,,,
1832,Unscored (no condition data),PTrail,886,3.0,,,,,,,,,49,3,3,,trails,105.062,Asphalt,1,2,2,1,0,0,0,0,0,0,0,0,1,0,0,1,0,0,0,0,0,0,0,0,5,5,0,2,0,0,0,0,0,0,1,2,2,0,0,0,1,2,2,0,1,2,0,0,1,1,1,2,2,0,0,0,0,0,0,0,0,0,0,0,1,0,0,0,0,0,0,0,0,1,0,0,1,0,0,0,0,0,0,0,1,0,0,0,0,0,0,0,0,0,0,0,5,0,,,,,,,,,,,,,,,,,,,,,,,,,,,,,,,,,,,0,,,,
1833,Unscored (no condition data),PTrail,890,3.0,,,,,,,,,50,3,3,,trails,90.034,Asphalt,1,2,2,1,0,0,1,0,0,1,2,2,1,2,2,0,0,0,0,0,0,0,0,0,0,5,0,2,0,0,0,0,0,0,1,0,0,0,0,0,0,0,0,0,1,0,0,0,1,0,1,2,2,0,5,0,0,0,0,0,0,0,0,0,0,0,0,0,0,0,0,0,0,1,2,0,0,0,0,0,0,0,0,3,1,1,0,0,0,0,0,0,0,0,0,0,5,0,,,,,,,,,,,,,,,,,,,,,,,,,,,,,,,,,,,0,,,,
1834,Unscored (no condition data),PTrail,902,3.0,,,,,,,,,52,3,3,,trails,80.962,Asphalt,1,2,2,1,0,0,1,0,0,1,2,2,1,2,2,0,0,0,0,0,0,0,0,0,0,5,0,2,0,0,0,0,0,0,1,0,0,0,0,0,0,0,0,0,1,2,0,0,1,0,1,2,2,0,5,0,0,0,0,0,0,0,0,0,0,0,0,0,0,0,0,0,0,1,2,0,0,0,0,0,0,0,0,3,1,1,0,0,0,0,0,0,0,0,0,0,5,0,,,,,,,,,,,,,,,,,,,,,,,,,,,,,,,,,,,0,,,,
1835,Unscored (no condition data),PTrail,908,3.0,,,,,,,,,50,3,3,,trails,45.502,Asphalt,1,2,2,1,2,2,0,0,0,0,0,0,1,2,2,0,0,0,0,0,0,0,0,0,0,5,0,0,0,0,0,0,0,0,1,0,0,0,0,0,0,0,0,0,1,0,0,0,0,0,1,2,2,0,0,0,0,0,1,2,2,0,0,0,0,0,0,0,0,0,0,0,0,1,2,2,1,0,0,0,0,0,0,0,1,0,1,1,2,2,0,0,0,0,0,0,5,0,,,,,,,,,,,,,,,,,,,,,,,,,,,,,,,,,,,0,,,,
1836,Unscored (no condition data),PTrail,909,3.0,,,,,,,,,50,3,3,,trails,16.797,Asphalt,1,2,2,1,2,2,0,0,0,0,0,0,1,2,2,0,0,0,0,0,0,0,0,0,0,5,0,0,0,0,0,0,0,0,1,0,0,0,0,0,0,0,0,0,1,0,0,0,0,0,1,2,2,0,0,0,0,0,1,2,2,0,0,0,0,0,0,0,0,0,0,0,0,1,2,2,1,0,0,0,0,0,0,0,1,0,1,1,2,2,0,0,0,0,0,0,5,0,,,,,,,,,,,,,,,,,,,,,,,,,,,,,,,,,,,0,,,,
1837,Unscored (no condition data),PTrail,910,3.0,,,,,,,,,66,4,3,,trails,49.535,Asphalt,1,2,2,1,2,2,0,0,0,0,0,0,1,2,2,0,0,0,0,0,0,0,0,0,0,5,0,0,0,0,0,0,0,0,1,2,0,0,0,0,0,0,0,5,1,0,0,0,0,0,1,2,2,5,0,0,0,1,1,2,0,0,0,0,0,0,0,0,0,0,0,0,0,1,2,2,1,0,0,0,0,0,5,0,1,0,1,1,2,2,0,0,0,0,0,0,5,0,,,,,,,,,,,,,,,,,,,,,,,,,,,,,,,,,,,0,,,,
1838,Unscored (no condition data),PTrail,911,3.0,,,,,,,,,55,3,3,,trails,48.573,Asphalt,1,2,2,1,2,2,0,0,0,0,0,0,1,2,0,0,0,0,0,0,0,0,0,0,0,5,0,0,0,0,0,0,0,0,0,0,0,0,0,0,0,0,0,5,0,0,0,0,0,0,1,2,2,5,0,0,3,1,1,0,0,0,0,0,0,0,0,0,0,0,0,0,0,1,2,0,1,2,0,0,0,0,0,3,1,0,1,1,0,0,0,0,0,0,0,0,5,0,,,,,,,,,,,,,,,,,,,,,,,,,,,,,,,,,,,0,,,,
1839,Unscored (no condition data),PTrail,915,3.0,,,,,,,,,63,3,3,,trails,162.886,Asphalt,1,2,2,1,2,2,1,2,2,0,0,0,1,2,2,0,0,0,0,0,0,0,0,0,0,5,0,2,0,0,0,1,0,0,1,2,0,0,0,0,0,0,0,0,0,0,0,0,0,0,1,0,0,0,0,0,3,1,0,0,0,0,0,0,1,2,2,0,0,0,1,0,0,1,2,0,1,2,2,0,0,0,5,0,1,1,1,0,0,0,0,0,0,0,0,0,5,0,,,,,,,,,,,,,,,,,,,,,,,,,,,,,,,,,,,0,,,,
1840,Unscored (no condition data),PTrail,916,3.0,,,,,,,,,50,3,3,,trails,25.912,Asphalt,1,2,2,1,2,2,1,2,0,0,0,0,1,2,2,0,0,0,0,0,0,0,0,0,0,5,0,0,0,0,0,0,0,0,1,0,0,0,0,0,0,0,0,0,0,0,0,0,0,0,1,2,0,0,0,0,3,0,0,0,0,0,0,0,1,2,0,0,0,0,1,0,0,1,2,0,1,2,2,0,0,0,0,0,1,1,1,0,0,0,0,0,0,0,0,0,5,0,,,,,,,,,,,,,,,,,,,,,,,,,,,,,,,,,,,0,,,,
1841,Unscored (no condition data),PTrail,917,3.0,,,,,,,,,52,3,3,,trails,16.39,Asphalt,1,2,2,1,2,0,1,2,0,0,0,0,1,0,0,1,0,0,0,0,0,0,0,0,0,5,0,2,0,0,0,1,2,0,1,2,2,0,0,0,1,2,0,0,1,2,0,0,1,0,1,2,0,0,0,0,0,0,0,0,0,0,0,0,0,0,0,0,0,0,0,0,0,1,2,0,1,2,0,0,0,0,0,3,0,0,0,0,0,0,0,0,0,0,0,0,5,0,,,,,,,,,,,,,,,,,,,,,,,,,,,,,,,,,,,0,,,,
1842,Unscored (no condition data),PTrail,921,3.0,,,,,,,,,52,3,3,,trails,48.292,Asphalt,1,2,2,1,2,2,1,0,0,0,0,0,1,0,0,1,0,0,0,0,0,0,0,0,5,5,0,0,0,0,0,1,0,0,1,2,2,0,0,0,0,0,0,0,0,0,0,0,0,0,1,0,0,0,5,0,0,0,0,0,0,0,0,0,1,2,2,0,0,0,0,0,0,1,0,0,1,0,0,0,0,0,0,0,1,1,1,0,0,0,1,0,0,1,0,0,5,0,,,,,,,,,,,,,,,,,,,,,,,,,,,,,,,,,,,0,,,,
1843,Unscored (no condition data),PTrail,923,3.0,,,,,,,,,50,3,3,,trails,60.651,Asphalt,1,2,2,1,2,2,1,0,0,0,0,0,1,0,0,1,0,0,0,0,0,0,0,0,0,5,0,2,0,0,0,1,0,0,1,2,2,0,0,0,0,0,0,0,0,0,0,0,0,0,1,0,0,0,5,0,0,1,0,0,0,0,0,0,1,2,2,0,0,0,0,0,0,1,0,0,1,0,0,0,0,0,0,0,1,1,1,0,0,0,1,0,0,1,0,0,5,0,,,,,,,,,,,,,,,,,,,,,,,,,,,,,,,,,,,0,,,,
1844,Unscored (no condition data),PTrail,926,3.0,,,,,,,,,49,3,3,,trails,65.181,Asphalt,1,2,2,1,2,2,1,0,0,0,0,0,1,0,0,1,0,0,0,0,0,0,0,0,0,5,0,2,0,0,0,1,0,0,1,2,2,0,0,0,0,0,0,0,0,0,0,0,0,0,0,0,0,0,5,0,0,1,0,0,0,0,0,0,1,2,2,0,0,0,0,0,0,1,0,0,1,0,0,0,0,0,0,0,1,1,1,0,0,0,1,0,0,1,0,0,5,0,,,,,,,,,,,,,,,,,,,,,,,,,,,,,,,,,,,0,,,,
1845,Unscored (no condition data),PTrail,928,3.0,,,,,,,,,62,3,3,,trails,181.934,Asphalt,1,2,2,1,0,0,1,0,0,0,0,0,1,2,2,0,0,0,0,0,0,0,0,0,5,5,0,0,0,0,0,1,2,2,0,0,0,0,0,0,0,0,0,0,1,2,2,0,1,0,1,2,2,5,0,4,3,0,0,0,0,0,0,0,0,0,0,0,0,0,0,0,0,1,0,0,0,0,0,0,0,0,0,0,1,1,1,0,0,0,0,0,0,1,2,0,5,0,,,,,,,,,,,,,,,,,,,,,,,,,,,,,,,,,,,0,,,,
1846,Unscored (no condition data),PTrail,929,3.0,,,,,,,,,53,3,3,,trails,769.835,Asphalt,1,2,2,0,0,0,0,0,0,1,0,0,1,2,2,0,0,0,0,0,0,0,0,0,5,0,0,0,0,0,0,1,2,2,1,2,0,0,0,0,1,2,2,0,1,2,0,0,1,1,1,2,2,0,0,0,3,0,0,0,0,0,0,0,0,0,0,1,0,0,0,0,0,1,0,0,0,0,0,0,0,0,0,0,1,1,1,0,0,0,0,0,0,1,0,0,5,0,,,,,,,,,,,,,,,,,,,,,,,,,,,,,,,,,,,0,,,,
1847,Unscored (no condition data),PTrail,930,3.0,,,,,,,,,50,3,3,,trails,36.21,Concrete,1,2,2,1,2,0,0,0,0,0,0,0,1,0,0,0,0,0,0,0,0,0,0,0,0,5,0,0,0,0,0,0,0,0,1,2,0,1,2,2,1,2,2,0,1,2,0,0,0,0,0,0,0,0,5,4,0,0,1,0,0,0,0,0,0,0,0,0,0,0,0,0,0,0,0,0,0,0,0,0,0,0,0,0,1,1,1,1,0,0,1,0,0,0,0,0,5,0,,,,,,,,,,,,,,,,,,,,,,,,,,,,,,,,,,,0,,,,
1848,Unscored (no condition data),PTrail,945,3.0,,,,,,,,,60,3,3,,trails,37.002,Asphalt,1,2,2,1,2,2,1,2,2,0,0,0,1,2,0,1,2,0,0,0,0,0,0,0,0,5,0,2,0,0,0,0,0,0,1,2,2,0,0,0,0,0,0,0,1,2,0,0,1,0,1,2,0,0,0,0,0,1,0,0,0,0,0,0,1,2,0,0,0,0,0,0,0,1,2,0,0,0,0,0,0,0,5,3,0,0,0,0,0,0,0,0,0,0,0,0,5,0,,,,,,,,,,,,,,,,,,,,,,,,,,,,,,,,,,,0,,,,
1849,Unscored (no condition data),PTrail,1008,3.0,,,,,,,,,55,3,3,,trails,89.125,Dirt,1,2,2,1,2,2,1,2,2,0,0,0,1,2,0,0,0,0,0,0,0,0,0,0,0,5,0,2,0,0,0,0,0,0,0,0,0,0,0,0,0,0,0,0,0,0,0,0,1,0,1,2,2,5,0,4,0,1,0,0,0,0,0,0,0,0,0,0,0,0,0,0,0,1,0,0,1,2,0,0,0,0,0,3,1,1,0,0,0,0,0,0,0,0,0,0,5,0,,,,,,,,,,,,,,,,,,,,,,,,,,,,,,,,,,,0,,,,
1850,Unscored (no condition data),PTrail,1051,3.0,,,,,,,,,56,3,3,,trails,353.111,Dirt,1,2,2,1,0,0,1,0,0,1,2,0,1,2,0,0,0,0,0,0,0,0,0,0,0,5,0,2,0,0,0,0,0,0,1,2,2,0,0,0,0,0,0,0,0,0,0,0,0,0,1,2,2,0,5,0,0,0,0,0,0,0,0,0,0,0,0,0,0,0,0,0,0,1,2,0,1,2,2,0,0,0,5,0,1,1,1,0,0,0,0,0,0,0,0,0,5,0,,,,,,,,,,,,,,,,,,,,,,,,,,,,,,,,,,,0,,,,
1851,Unscored (no condition data),PTrail,1056,3.0,,,,,,,,,55,3,3,,trails,75.65,Dirt,1,2,2,1,2,2,0,0,0,0,0,0,1,2,2,0,0,0,0,0,0,0,0,0,0,5,0,0,0,0,0,0,0,0,0,0,0,0,0,0,1,0,0,0,0,0,0,0,1,0,1,2,2,5,5,0,0,0,1,0,0,0,0,0,0,0,0,0,0,0,0,0,0,0,0,0,1,2,0,0,0,0,0,0,1,1,1,0,0,0,1,2,2,1,0,0,5,0,,,,,,,,,,,,,,,,,,,,,,,,,,,,,,,,,,,0,,,,
1852,Unscored (no condition data),PTrail,1057,3.0,,,,,,,,,49,3,3,,trails,232.691,Dirt,1,2,2,1,2,0,1,2,0,0,0,0,1,0,0,0,0,0,0,0,0,0,0,0,0,5,0,2,0,0,0,0,0,0,0,0,0,0,0,0,0,0,0,0,0,0,0,0,1,1,1,2,2,5,0,0,3,0,0,0,0,0,0,0,1,2,0,0,0,0,0,0,0,1,0,0,0,0,0,0,0,0,0,3,1,1,1,0,0,0,0,0,0,0,0,0,5,0,,,,,,,,,,,,,,,,,,,,,,,,,,,,,,,,,,,0,,,,
1853,Unscored (no condition data),PTrail,1068,3.0,,,,,,,,,58,3,3,,trails,162.15,Dirt,1,2,2,1,2,2,1,2,2,0,0,0,1,2,0,1,2,0,0,0,0,0,0,0,0,5,0,2,0,0,0,0,0,0,1,2,0,0,0,0,1,0,0,0,1,0,0,0,1,1,1,2,2,0,0,0,3,1,0,0,0,0,0,0,0,0,0,0,0,0,0,0,0,1,2,2,0,0,0,0,0,0,0,3,1,0,0,0,0,0,0,0,0,0,0,0,5,0,,,,,,,,,,,,,,,,,,,,,,,,,,,,,,,,,,,0,,,,
1854,Unscored (no condition data),PTrail,1069,3.0,,,,,,,,,54,3,3,,trails,14.352,Dirt,1,2,2,1,2,2,1,2,2,0,0,0,1,0,0,1,0,0,0,0,0,0,0,0,0,5,0,2,0,0,0,0,0,0,1,2,0,0,0,0,1,0,0,0,1,0,0,0,1,1,1,2,2,0,0,0,3,1,0,0,0,0,0,0,0,0,0,0,0,0,0,0,0,1,2,2,0,0,0,0,0,0,0,3,1,0,0,0,0,0,0,0,0,0,0,0,5,0,,,,,,,,,,,,,,,,,,,,,,,,,,,,,,,,,,,0,,,,
1855,Unscored (no condition data),PTrail,1071,3.0,,,,,,,,,49,3,3,,trails,66.011,Dirt,1,2,2,1,2,2,1,2,2,0,0,0,1,2,0,1,0,0,0,0,0,0,0,0,0,5,0,2,0,0,0,0,0,0,1,2,0,0,0,0,0,0,0,0,1,0,0,0,0,0,1,2,0,0,0,0,0,1,0,0,0,0,0,0,0,0,0,0,0,0,0,0,0,1,2,0,1,2,0,0,0,0,0,3,0,0,1,0,0,0,0,0,0,0,0,0,5,0,,,,,,,,,,,,,,,,,,,,,,,,,,,,,,,,,,,0,,,,
1856,Unscored (no condition data),PTrail,1074,3.0,,,,,,,,,58,3,3,,trails,287.083,Dirt,1,2,2,1,2,0,1,2,0,0,0,0,1,2,0,1,2,0,0,0,0,0,0,0,0,5,0,2,0,0,0,1,2,0,1,2,2,0,0,0,1,2,0,0,1,2,0,0,1,0,1,2,0,0,0,0,0,0,0,0,0,0,0,0,0,0,0,0,0,0,0,0,0,1,2,2,1,2,0,0,0,0,0,3,0,0,0,0,0,0,0,0,0,0,0,0,5,0,,,,,,,,,,,,,,,,,,,,,,,,,,,,,,,,,,,0,,,,
1857,Unscored (no condition data),PTrail,1077,3.0,,,,,,,,,57,3,3,,trails,206.085,Dirt,1,2,2,1,2,2,0,0,0,0,0,0,1,2,0,0,0,0,0,0,0,0,0,0,0,5,0,0,0,0,0,0,0,0,1,2,2,0,0,0,0,0,0,0,1,2,0,0,0,0,1,2,2,0,5,0,0,0,1,0,0,0,0,0,0,0,0,0,0,0,0,0,0,1,2,0,1,2,0,0,0,0,5,0,1,1,1,1,0,0,0,0,0,0,0,0,5,0,,,,,,,,,,,,,,,,,,,,,,,,,,,,,,,,,,,0,,,,
1858,Unscored (no condition data),PTrail,1081,3.0,,,,,,,,,52,3,3,,trails,54.809,Dirt,1,2,2,1,2,2,1,2,2,0,0,0,1,0,0,1,2,0,0,0,0,0,0,0,0,5,0,2,0,0,0,1,0,0,1,2,0,1,0,0,1,0,0,0,0,0,0,0,0,0,1,2,2,0,0,0,0,1,0,0,0,0,0,0,0,0,0,0,0,0,0,0,0,0,0,0,1,0,0,0,0,0,5,3,0,0,0,0,0,0,0,0,0,0,0,0,5,0,,,,,,,,,,,,,,,,,,,,,,,,,,,,,,,,,,,0,,,,
1859,Unscored (no condition data),PTrail,1092,3.0,,,,,,,,,65,4,3,,trails,42.025,Dirt,1,2,2,1,2,2,1,2,2,0,0,0,1,2,2,1,2,0,0,0,0,1,2,2,0,5,0,0,0,0,0,0,0,0,1,2,2,0,0,0,0,0,0,0,1,2,0,0,0,0,1,2,0,0,0,0,0,0,0,0,0,0,0,0,0,0,0,0,0,0,1,2,0,1,2,0,1,2,0,0,0,0,0,0,1,0,0,1,2,0,0,0,0,1,2,0,5,0,,,,,,,,,,,,,,,,,,,,,,,,,,,,,,,,,,,0,,,,
1860,Unscored (no condition data),PTrail,1093,3.0,,,,,,,,,53,3,3,,trails,100.61,Dirt,1,2,2,1,2,0,1,2,0,0,0,0,1,2,0,1,2,0,0,0,0,1,2,0,0,5,0,2,0,0,0,0,0,0,1,2,0,0,0,0,0,0,0,0,1,0,0,0,0,0,1,2,0,0,0,0,0,0,0,0,0,0,0,0,0,0,0,0,0,0,1,0,0,1,2,0,1,2,0,0,0,0,0,0,1,0,0,1,2,0,0,0,0,1,2,0,5,0,,,,,,,,,,,,,,,,,,,,,,,,,,,,,,,,,,,0,,,,
1861,Unscored (no condition data),PTrail,1094,3.0,,,,,,,,,62,3,3,,trails,76.324,Dirt,1,2,2,1,2,0,1,2,0,0,0,0,1,2,2,1,2,0,0,0,0,1,2,2,0,5,0,2,0,0,0,0,0,0,1,2,2,0,0,0,0,0,0,0,1,2,0,0,1,0,1,2,0,0,0,0,0,0,0,0,0,0,0,0,0,0,0,0,0,0,1,0,0,1,2,2,1,0,0,0,0,0,0,0,1,0,0,1,2,0,0,0,0,1,2,0,5,0,,,,,,,,,,,,,,,,,,,,,,,,,,,,,,,,,,,0,,,,
1862,Unscored (no condition data),PTrail,1095,3.0,,,,,,,,,59,3,3,,trails,13.127,Dirt,1,2,2,1,2,2,1,2,2,0,0,0,1,2,2,1,0,0,0,0,0,1,2,2,0,5,0,0,0,0,0,0,0,0,1,2,0,0,0,0,0,0,0,0,1,2,0,0,0,0,1,2,0,0,0,0,0,0,0,0,0,0,0,0,0,0,0,0,0,0,1,2,0,1,2,0,1,2,0,0,0,0,0,0,1,0,0,1,2,0,0,0,0,1,0,0,5,0,,,,,,,,,,,,,,,,,,,,,,,,,,,,,,,,,,,0,,,,
1863,Unscored (no condition data),PTrail,1100,3.0,,,,,,,,,65,4,3,,trails,76.548,Dirt,1,2,2,1,2,2,1,2,2,0,0,0,1,2,2,1,2,0,0,0,0,1,2,2,0,5,0,0,0,0,0,0,0,0,1,2,2,0,0,0,0,0,0,0,1,2,0,0,0,0,1,2,0,0,0,0,0,0,0,0,0,0,0,0,0,0,0,0,0,0,1,2,0,1,2,0,1,2,0,0,0,0,0,0,1,0,0,1,2,0,0,0,0,1,2,0,5,0,,,,,,,,,,,,,,,,,,,,,,,,,,,,,,,,,,,0,,,,
1864,Unscored (no condition data),PTrail,1101,3.0,,,,,,,,,59,3,3,,trails,22.503,Dirt,1,2,2,1,2,2,1,2,2,0,0,0,1,2,2,1,0,0,0,0,0,1,2,2,0,5,0,0,0,0,0,0,0,0,1,2,0,0,0,0,0,0,0,0,1,2,0,0,0,0,1,2,0,0,0,0,0,0,0,0,0,0,0,0,0,0,0,0,0,0,1,2,0,1,2,0,1,2,0,0,0,0,0,0,1,0,0,1,2,0,0,0,0,1,0,0,5,0,,,,,,,,,,,,,,,,,,,,,,,,,,,,,,,,,,,0,,,,
1865,Unscored (no condition data),PTrail,1102,3.0,,,,,,,,,61,3,3,,trails,67.031,Dirt,1,2,2,1,2,2,1,2,2,0,0,0,1,2,2,1,0,0,0,0,0,1,2,2,0,5,0,0,0,0,0,0,0,0,1,2,2,0,0,0,0,0,0,0,1,2,0,0,0,0,1,2,0,0,0,0,0,0,0,0,0,0,0,0,0,0,0,0,0,0,1,2,0,1,2,0,1,2,0,0,0,0,0,0,1,0,0,1,2,0,0,0,0,1,0,0,5,0,,,,,,,,,,,,,,,,,,,,,,,,,,,,,,,,,,,0,,,,
1866,Unscored (no condition data),PTrail,1117,3.0,,,,,,,,,54,3,3,,trails,381.276,Dirt,1,2,2,1,2,0,1,2,0,0,0,0,1,2,0,1,0,0,0,0,0,0,0,0,0,5,0,2,0,0,0,0,0,0,1,0,0,0,0,0,0,0,0,0,0,0,0,0,1,1,1,2,2,5,0,0,3,0,0,0,0,0,0,0,0,0,0,0,0,0,0,0,0,0,0,0,1,2,2,0,0,0,0,0,1,1,1,0,0,0,0,0,0,0,0,0,5,3,,,,,,,,,,,,,,,,,,,,,,,,,,,,,,,,,,,0,,,,
1867,Unscored (no condition data),PTrail,1185,3.0,,,,,,,,,49,3,3,,trails,218.076,Dirt,1,2,2,1,2,0,1,2,0,0,0,0,1,2,0,0,0,0,0,0,0,0,0,0,0,5,0,0,0,0,0,0,0,0,1,2,2,0,0,0,0,0,0,0,0,0,0,0,0,0,1,2,2,0,0,4,0,0,0,0,0,0,0,0,0,0,0,0,0,0,0,0,0,1,2,0,1,2,2,0,0,0,0,0,1,1,1,0,0,0,0,0,0,0,0,0,5,0,,,,,,,,,,,,,,,,,,,,,,,,,,,,,,,,,,,0,,,,
1868,Unscored (no condition data),PTrail,1187,3.0,,,,,,,,,49,3,3,,trails,358.131,Dirt,1,2,2,1,2,2,1,2,2,0,0,0,1,2,0,0,0,0,0,0,0,0,0,0,0,5,0,2,0,0,0,0,0,0,1,2,2,0,0,0,0,0,0,0,0,0,0,0,0,0,1,2,2,0,0,0,0,1,0,0,0,0,0,0,0,0,0,0,0,0,0,0,0,1,0,0,1,0,0,0,0,0,0,3,1,1,1,0,0,0,0,0,0,0,0,0,5,0,,,,,,,,,,,,,,,,,,,,,,,,,,,,,,,,,,,0,,,,
1869,Unscored (no condition data),PTrail,1229,3.0,,,,,,,,,56,3,3,,trails,17.0,Dirt,1,2,2,1,2,2,1,2,2,0,0,0,1,0,0,1,0,0,0,0,0,0,0,0,0,5,0,2,0,0,0,0,0,0,1,2,2,0,0,0,0,0,0,0,1,2,0,0,0,0,1,2,2,0,0,0,0,0,0,0,0,0,0,0,1,2,0,0,0,0,0,0,0,1,2,2,1,0,0,0,0,0,5,0,0,0,0,0,0,0,0,0,0,0,0,0,5,0,,,,,,,,,,,,,,,,,,,,,,,,,,,,,,,,,,,0,,,,
1870,Unscored (no condition data),PTrail,1230,3.0,,,,,,,,,52,3,3,,trails,40.266,Asphalt,1,2,2,1,2,0,1,0,0,0,0,0,1,0,0,1,0,0,0,0,0,0,0,0,0,5,0,2,0,0,0,0,0,0,1,2,2,0,0,0,0,0,0,0,0,0,0,0,1,0,1,2,2,0,0,0,0,1,0,0,0,0,0,0,1,2,0,0,0,0,0,0,0,1,2,0,1,2,0,0,0,0,5,3,0,0,0,0,0,0,0,0,0,0,0,0,5,0,,,,,,,,,,,,,,,,,,,,,,,,,,,,,,,,,,,0,,,,
1871,Unscored (no condition data),PTrail,1231,3.0,,,,,,,,,50,3,3,,trails,43.031,Asphalt,1,2,2,1,2,0,1,0,0,0,0,0,1,0,0,1,0,0,0,0,0,0,0,0,0,5,0,2,0,0,0,0,0,0,1,2,2,0,0,0,0,0,0,0,0,0,0,0,1,1,1,2,2,0,0,0,0,1,0,0,0,0,0,0,1,2,0,0,0,0,0,0,0,1,2,2,1,2,0,0,0,0,0,3,0,0,0,0,0,0,0,0,0,0,0,0,5,0,,,,,,,,,,,,,,,,,,,,,,,,,,,,,,,,,,,0,,,,
1872,Unscored (no condition data),PTrail,23068,3.0,,,,,,,,,52,3,3,,trails,32.954,Asphalt,1,2,2,1,2,0,0,0,0,0,0,0,1,2,0,0,0,0,0,0,0,0,0,0,0,5,0,2,0,0,0,0,0,0,0,0,0,0,0,0,0,0,0,0,0,0,0,0,0,0,1,2,2,5,5,0,3,1,0,0,0,0,0,0,0,0,0,0,0,0,0,0,0,1,2,0,1,0,0,0,0,0,0,0,1,1,1,0,0,0,0,0,0,0,0,0,5,3,,,,,,,,,,,,,,,,,,,,,,,,,,,,,,,,,,,0,,,,
1873,Unscored (no condition data),RPath,1979,2.0,,,,,,,,,46,3,2,,sidewalks,86.685,HMAC,1,2,0,0,0,0,0,0,0,0,0,0,1,2,2,0,0,0,0,0,0,0,0,0,0,5,3,0,1,2,0,0,0,0,0,0,0,0,0,0,0,0,0,0,1,2,0,0,0,0,1,2,0,0,0,0,0,1,1,0,0,0,0,0,1,2,0,0,0,0,0,0,0,0,0,0,1,2,0,0,0,0,0,0,1,1,1,1,2,2,0,0,0,0,0,0,5,0,,,,,,,,,,,,,,,,,,,,,,,,,,,,,,,,,,,0,,,,
1874,Unscored (no condition data),RPath,1980,2.0,,,,,,,,,46,3,2,,sidewalks,161.097,HMAC,1,2,2,0,0,0,0,0,0,0,0,0,1,2,2,0,0,0,0,0,0,0,0,0,0,0,3,0,1,2,0,0,0,0,0,0,0,0,0,0,0,0,0,0,1,0,0,0,0,0,1,2,2,0,5,0,0,1,1,0,0,0,0,0,1,0,0,0,0,0,0,0,0,0,0,0,1,2,0,0,0,0,0,0,1,1,1,1,2,2,0,0,0,0,0,0,5,0,,,,,,,,,,,,,,,,,,,,,,,,,,,,,,,,,,,0,,,,
1875,Unscored (no condition data),RPath,1621,2.0,,,,,,,,,36,2,2,,sidewalks,70.659,CON,0,0,0,0,0,0,0,0,0,0,0,0,1,2,2,0,0,0,1,2,2,0,0,0,0,0,3,0,0,0,0,1,0,0,0,0,0,0,0,0,0,0,0,0,0,0,0,0,1,0,1,2,0,0,0,0,3,1,0,0,0,0,0,0,0,0,0,0,0,0,0,0,0,1,0,0,1,2,2,0,0,0,0,0,1,1,1,0,0,0,0,0,0,0,0,0,5,0,,,,,,,,,,,,,,,,,,,,,,,,,,,,,,,,,,,0,,,,
1876,Unscored (no condition data),RPath,1638,2.0,,,,,,,,,31,2,2,,sidewalks,41.398,CON,1,2,2,1,0,0,1,0,0,1,0,0,0,0,0,0,0,0,0,0,0,0,0,0,0,0,0,2,0,0,0,0,0,0,1,0,0,0,0,0,1,2,0,0,1,2,0,0,1,0,1,2,0,0,0,0,0,1,0,0,0,0,0,0,0,0,0,0,0,0,0,0,0,1,0,0,0,0,0,0,0,0,0,0,1,1,1,0,0,0,0,0,0,0,0,0,5,0,,,,,,,,,,,,,,,,,,,,,,,,,,,,,,,,,,,0,,,,
1877,Unscored (no condition data),RPath,1639,2.0,,,,,,,,,39,2,2,,sidewalks,11.933,CON,1,2,0,0,0,0,0,0,0,0,0,0,1,0,0,0,0,0,0,0,0,0,0,0,0,5,0,0,0,0,0,1,2,2,1,0,0,1,2,0,1,2,2,0,1,0,0,0,0,0,1,2,0,0,0,4,0,0,0,0,0,0,0,0,0,0,0,0,0,0,0,0,0,0,0,0,0,0,0,0,0,0,0,0,1,1,1,0,0,0,0,0,0,0,0,0,5,0,,,,,,,,,,,,,,,,,,,,,,,,,,,,,,,,,,,0,,,,
1878,Unscored (no condition data),RPath,1640,2.0,,,,,,,,,41,2,2,,sidewalks,5.027,CON,1,2,0,0,0,0,0,0,0,0,0,0,1,0,0,0,0,0,0,0,0,0,0,0,0,5,0,0,0,0,0,1,2,2,1,2,0,1,2,0,1,2,2,0,1,0,0,0,0,0,1,2,0,0,0,4,0,0,0,0,0,0,0,0,0,0,0,0,0,0,0,0,0,0,0,0,0,0,0,0,0,0,0,0,1,1,1,0,0,0,0,0,0,0,0,0,5,0,,,,,,,,,,,,,,,,,,,,,,,,,,,,,,,,,,,0,,,,
1879,Unscored (no condition data),RPath,1651,2.0,,,,,,,,,46,3,2,,sidewalks,238.777,CON,1,2,0,1,0,0,0,0,0,0,0,0,1,0,0,0,0,0,0,0,0,0,0,0,0,5,0,0,0,0,0,1,2,0,1,2,2,1,2,0,1,2,2,0,1,0,0,0,0,0,1,0,0,0,0,4,0,0,1,2,0,0,0,0,0,0,0,0,0,0,0,0,0,0,0,0,0,0,0,0,0,0,0,0,1,1,1,1,2,0,0,0,0,0,0,0,5,0,,,,,,,,,,,,,,,,,,,,,,,,,,,,,,,,,,,0,,,,
1880,Unscored (no condition data),RPath,1652,2.0,,,,,,,,,35,2,2,,sidewalks,171.742,CON,0,0,0,0,0,0,0,0,0,0,0,0,0,0,0,0,0,0,0,0,0,0,0,0,0,0,3,0,0,0,0,1,2,2,0,0,0,0,0,0,0,0,0,0,1,2,2,0,0,0,1,2,2,5,5,0,0,1,0,0,0,0,0,0,0,0,0,0,0,0,0,0,0,0,0,0,0,0,0,0,0,0,0,0,1,1,1,0,0,0,0,0,0,0,0,0,0,3,,,,,,,,,,,,,,,,,,,,,,,,,,,,,,,,,,,0,,,,
1881,Unscored (no condition data),RPath,1653,2.0,,,,,,,,,33,2,2,,sidewalks,162.596,CON,0,0,0,0,0,0,0,0,0,0,0,0,0,0,0,0,0,0,0,0,0,0,0,0,0,0,3,0,0,0,0,1,2,2,0,0,0,0,0,0,0,0,0,0,1,2,0,0,0,0,1,2,2,5,5,0,0,1,0,0,0,0,0,0,0,0,0,0,0,0,0,0,0,0,0,0,0,0,0,0,0,0,0,0,1,1,1,0,0,0,0,0,0,0,0,0,0,3,,,,,,,,,,,,,,,,,,,,,,,,,,,,,,,,,,,0,,,,
1882,Unscored (no condition data),RPath,1654,2.0,,,,,,,,,31,2,2,,sidewalks,13.901,CON,0,0,0,0,0,0,0,0,0,0,0,0,0,0,0,0,0,0,0,0,0,0,0,0,0,0,3,0,0,0,0,1,2,2,0,0,0,0,0,0,0,0,0,0,1,0,0,0,0,0,1,2,2,5,5,0,0,1,0,0,0,0,0,0,0,0,0,0,0,0,0,0,0,0,0,0,0,0,0,0,0,0,0,0,1,1,1,0,0,0,0,0,0,0,0,0,0,3,,,,,,,,,,,,,,,,,,,,,,,,,,,,,,,,,,,0,,,,
1883,Unscored (no condition data),RPath,1673,2.0,,,,,,,,,46,3,2,,sidewalks,64.459,CON,1,2,2,0,0,0,0,0,0,0,0,0,1,0,0,1,0,0,0,0,0,0,0,0,0,0,0,2,0,0,0,0,0,0,1,2,2,0,0,0,0,0,0,0,0,0,0,0,0,0,1,2,2,5,5,0,3,0,0,0,0,0,0,0,0,0,0,0,0,0,0,0,0,1,2,0,0,0,0,0,0,0,0,3,1,1,1,0,0,0,0,0,0,0,0,0,5,0,,,,,,,,,,,,,,,,,,,,,,,,,,,,,,,,,,,0,,,,
1884,Unscored (no condition data),RPath,1674,2.0,,,,,,,,,37,2,2,,sidewalks,61.372,CON,1,2,2,0,0,0,0,0,0,0,0,0,0,0,0,0,0,0,0,0,0,0,0,0,0,0,0,0,0,0,0,1,2,2,0,0,0,0,0,0,0,0,0,0,0,0,0,0,1,1,1,2,2,0,5,4,0,0,0,0,0,0,0,0,0,0,0,0,0,0,0,0,0,1,2,0,0,0,0,0,0,0,0,0,1,1,1,0,0,0,0,0,0,0,0,0,5,0,,,,,,,,,,,,,,,,,,,,,,,,,,,,,,,,,,,0,,,,
1885,Unscored (no condition data),RPath,1675,2.0,,,,,,,,,33,2,2,,sidewalks,152.747,CON,1,2,2,1,0,0,0,0,0,0,0,0,0,0,0,0,0,0,0,0,0,0,0,0,0,0,0,2,0,0,0,0,0,0,0,0,0,0,0,0,0,0,0,0,0,0,0,0,0,0,0,0,0,0,0,0,3,1,0,0,0,0,0,0,0,0,0,0,0,0,0,0,0,1,2,2,0,0,0,0,0,0,5,3,1,1,1,0,0,0,0,0,0,0,0,0,5,0,,,,,,,,,,,,,,,,,,,,,,,,,,,,,,,,,,,0,,,,
1886,Unscored (no condition data),RPath,1676,2.0,,,,,,,,,33,2,2,,sidewalks,27.229,HMAC,1,2,0,1,0,0,1,0,0,0,0,0,1,2,2,0,0,0,0,0,0,0,0,0,0,0,0,2,0,0,0,0,0,0,0,0,0,0,0,0,0,0,0,0,0,0,0,0,0,0,1,2,0,0,0,0,0,1,0,0,0,0,0,0,0,0,0,0,0,0,0,0,0,1,2,0,1,2,0,0,0,0,0,3,1,1,1,0,0,0,0,0,0,0,0,0,5,0,,,,,,,,,,,,,,,,,,,,,,,,,,,,,,,,,,,0,,,,
1887,Unscored (no condition data),RPath,1677,2.0,,,,,,,,,42,2,2,,sidewalks,5.118,HMAC,1,2,2,1,0,0,1,0,0,1,0,0,1,2,0,0,0,0,0,0,0,0,0,0,0,0,0,2,0,0,0,0,0,0,0,0,0,0,0,0,0,0,0,0,0,0,0,0,0,0,1,2,2,5,0,4,0,1,0,0,0,0,0,0,0,0,0,0,0,0,0,0,0,1,0,0,1,2,2,0,0,0,0,3,0,0,0,0,0,0,0,0,0,0,0,0,5,0,,,,,,,,,,,,,,,,,,,,,,,,,,,,,,,,,,,0,,,,
1888,Unscored (no condition data),RPath,1691,2.0,,,,,,,,,47,3,2,,sidewalks,128.203,CON,1,2,2,1,2,0,1,0,0,0,0,0,1,2,0,1,2,0,0,0,0,0,0,0,0,0,0,2,0,0,0,0,0,0,1,2,2,1,0,0,0,0,0,0,0,0,0,0,1,0,1,2,2,0,0,0,3,1,0,0,0,0,0,0,0,0,0,0,0,0,1,0,0,1,0,0,1,2,0,0,0,0,0,3,0,0,1,0,0,0,0,0,0,0,0,0,5,0,,,,,,,,,,,,,,,,,,,,,,,,,,,,,,,,,,,0,,,,
1889,Unscored (no condition data),RPath,1694,2.0,,,,,,,,,37,2,2,,sidewalks,89.341,CON,1,2,0,0,0,0,0,0,0,0,0,0,1,0,0,1,0,0,0,0,0,0,0,0,0,0,0,2,0,0,0,1,0,0,1,2,0,0,0,0,0,0,0,0,0,0,0,0,0,0,1,2,0,0,0,0,3,1,0,0,0,0,0,0,0,0,0,0,0,0,0,0,0,1,2,2,0,0,0,0,0,0,0,3,1,1,1,0,0,0,0,0,0,0,0,0,5,3,,,,,,,,,,,,,,,,,,,,,,,,,,,,,,,,,,,0,,,,
1890,Unscored (no condition data),RPath,1697,2.0,,,,,,,,,34,2,2,,sidewalks,40.265,CON,1,2,0,0,0,0,0,0,0,0,0,0,0,0,0,0,0,0,0,0,0,0,0,0,5,0,3,0,0,0,0,1,2,2,0,0,0,0,0,0,0,0,0,0,0,0,0,0,1,0,1,2,0,0,0,4,0,1,0,0,0,0,0,0,0,0,0,0,0,0,0,0,0,1,0,0,0,0,0,0,0,0,0,0,1,1,1,0,0,0,0,0,0,0,0,0,5,0,,,,,,,,,,,,,,,,,,,,,,,,,,,,,,,,,,,0,,,,
1891,Unscored (no condition data),RPath,1698,2.0,,,,,,,,,37,2,2,,sidewalks,59.05,CON,1,2,0,0,0,0,0,0,0,0,0,0,0,0,0,0,0,0,0,0,0,0,0,0,5,0,3,0,0,0,0,1,2,2,0,0,0,0,0,0,0,0,0,0,0,0,0,0,1,1,1,2,2,0,0,4,0,1,0,0,0,0,0,0,0,0,0,0,0,0,0,0,0,1,0,0,0,0,0,0,0,0,0,0,1,1,1,0,0,0,0,0,0,0,0,0,5,0,,,,,,,,,,,,,,,,,,,,,,,,,,,,,,,,,,,0,,,,
1892,Unscored (no condition data),RPath,1702,2.0,,,,,,,,,34,2,2,,sidewalks,81.329,CON,0,0,0,0,0,0,0,0,0,0,0,0,1,2,2,0,0,0,0,0,0,0,0,0,0,0,3,0,0,0,0,0,0,0,0,0,0,0,0,0,0,0,0,0,0,0,0,0,0,0,1,2,2,5,5,0,3,0,0,0,0,0,0,0,0,0,0,0,0,0,0,0,0,0,0,0,0,0,0,0,0,0,0,0,1,1,1,0,0,0,0,0,0,0,0,0,5,0,,,,,,,,,,,,,,,,,,,,,,,,,,,,,,,,,,,0,,,,
1893,Unscored (no condition data),RPath,1703,2.0,,,,,,,,,36,2,2,,sidewalks,74.701,CON,0,0,0,0,0,0,0,0,0,0,0,0,1,2,2,0,0,0,0,0,0,0,0,0,5,0,0,0,0,0,0,0,0,0,0,0,0,0,0,0,0,0,0,0,0,0,0,0,0,0,1,2,2,5,5,0,3,0,0,0,0,0,0,0,0,0,0,0,0,0,0,0,0,0,0,0,0,0,0,0,0,0,0,0,1,1,1,0,0,0,0,0,0,0,0,0,5,0,,,,,,,,,,,,,,,,,,,,,,,,,,,,,,,,,,,0,,,,
1894,Unscored (no condition data),RPath,1705,2.0,,,,,,,,,34,2,2,,sidewalks,49.134,CON,0,0,0,0,0,0,0,0,0,0,0,0,1,2,2,0,0,0,0,0,0,0,0,0,0,0,3,0,0,0,0,0,0,0,0,0,0,0,0,0,0,0,0,0,0,0,0,0,0,0,1,2,2,5,5,0,3,0,0,0,0,0,0,0,0,0,0,0,0,0,0,0,0,0,0,0,0,0,0,0,0,0,0,0,1,1,1,0,0,0,0,0,0,0,0,0,5,0,,,,,,,,,,,,,,,,,,,,,,,,,,,,,,,,,,,0,,,,
1895,Unscored (no condition data),RPath,1706,2.0,,,,,,,,,31,2,2,,sidewalks,368.829,CON,0,0,0,0,0,0,0,0,0,0,0,0,1,2,2,0,0,0,0,0,0,0,0,0,0,0,3,0,0,0,0,0,0,0,0,0,0,0,0,0,0,0,0,0,0,0,0,0,0,0,1,2,2,5,5,0,0,0,0,0,0,0,0,0,0,0,0,0,0,0,0,0,0,0,0,0,0,0,0,0,0,0,0,0,1,1,1,0,0,0,0,0,0,0,0,0,5,0,,,,,,,,,,,,,,,,,,,,,,,,,,,,,,,,,,,0,,,,
1896,Unscored (no condition data),RPath,1707,2.0,,,,,,,,,34,2,2,,sidewalks,82.807,CON,0,0,0,0,0,0,0,0,0,0,0,0,1,2,2,0,0,0,0,0,0,0,0,0,0,0,3,0,0,0,0,0,0,0,0,0,0,0,0,0,0,0,0,0,0,0,0,0,0,0,1,2,2,5,5,0,3,0,0,0,0,0,0,0,0,0,0,0,0,0,0,0,0,0,0,0,0,0,0,0,0,0,0,0,1,1,1,0,0,0,0,0,0,0,0,0,5,0,,,,,,,,,,,,,,,,,,,,,,,,,,,,,,,,,,,0,,,,
1897,Unscored (no condition data),RPath,1715,2.0,,,,,,,,,47,3,2,,sidewalks,86.189,CON,1,2,2,1,2,2,1,2,2,0,0,0,1,0,0,1,2,0,0,0,0,0,0,0,0,0,0,2,0,0,0,0,0,0,1,0,0,1,0,0,0,0,0,0,0,0,0,0,0,0,1,2,2,0,0,0,3,1,0,0,0,0,0,0,0,0,0,0,0,0,0,0,0,0,0,0,0,0,0,0,0,0,5,3,1,1,0,0,0,0,0,0,0,0,0,0,5,0,,,,,,,,,,,,,,,,,,,,,,,,,,,,,,,,,,,0,,,,
1898,Unscored (no condition data),RPath,1735,2.0,,,,,,,,,48,3,2,,sidewalks,67.664,CON,1,2,2,1,2,0,0,0,0,0,0,0,1,0,0,0,0,0,0,0,0,0,0,0,0,0,0,2,0,0,0,0,0,0,1,2,2,0,0,0,0,0,0,0,1,2,2,0,0,0,1,2,2,0,5,0,0,0,0,0,0,0,0,0,0,0,0,0,0,0,0,0,0,1,0,0,1,2,0,0,0,0,5,0,1,0,1,1,0,0,0,0,0,0,0,0,5,0,,,,,,,,,,,,,,,,,,,,,,,,,,,,,,,,,,,0,,,,
1899,Unscored (no condition data),RPath,1742,2.0,,,,,,,,,30,2,2,,sidewalks,51.226,CON,1,0,0,0,0,0,0,0,0,0,0,0,0,0,0,0,0,0,0,0,0,0,0,0,0,0,0,2,0,0,0,0,0,0,0,0,0,0,0,0,0,0,0,0,0,0,0,0,0,0,1,2,2,5,5,0,0,1,0,0,0,0,0,0,0,0,0,0,0,0,0,0,0,0,0,0,0,0,0,0,0,0,0,3,1,1,1,0,0,0,0,0,0,0,0,0,5,0,,,,,,,,,,,,,,,,,,,,,,,,,,,,,,,,,,,0,,,,
1900,Unscored (no condition data),RPath,1747,2.0,,,,,,,,,43,2,2,,sidewalks,347.881,CON,1,0,0,0,0,0,0,0,0,0,0,0,1,2,0,1,2,0,0,0,0,0,0,0,0,0,3,0,0,0,0,1,2,0,0,0,0,1,2,0,0,0,0,0,0,0,0,0,1,0,1,2,0,5,5,0,0,1,0,0,0,0,0,0,0,0,0,0,0,0,0,0,0,1,2,0,1,0,0,0,0,0,0,0,1,1,1,0,0,0,0,0,0,0,0,0,5,0,,,,,,,,,,,,,,,,,,,,,,,,,,,,,,,,,,,0,,,,
1901,Unscored (no condition data),RPath,1751,2.0,,,,,,,,,31,2,2,,sidewalks,189.868,CON,0,0,0,0,0,0,0,0,0,0,0,0,0,0,0,0,0,0,0,0,0,0,0,0,0,0,3,0,0,0,0,1,2,2,0,0,0,0,0,0,0,0,0,0,1,0,0,0,0,0,1,2,2,5,5,0,0,1,0,0,0,0,0,0,0,0,0,0,0,0,0,0,0,0,0,0,0,0,0,0,0,0,0,0,1,1,1,0,0,0,0,0,0,0,0,0,0,3,,,,,,,,,,,,,,,,,,,,,,,,,,,,,,,,,,,0,,,,
1902,Unscored (no condition data),RPath,1753,2.0,,,,,,,,,46,3,2,,sidewalks,292.249,CON,1,2,2,1,2,0,1,2,0,0,0,0,0,0,0,0,0,0,0,0,0,0,0,0,0,0,0,2,0,0,0,0,0,0,0,0,0,0,0,0,0,0,0,0,0,0,0,0,0,0,1,2,2,5,0,4,0,1,0,0,0,0,0,0,1,2,2,0,0,0,0,0,0,0,0,0,0,0,0,0,0,0,5,0,1,1,1,0,0,0,0,0,0,0,0,0,5,0,,,,,,,,,,,,,,,,,,,,,,,,,,,,,,,,,,,0,,,,
1903,Unscored (no condition data),RPath,1755,2.0,,,,,,,,,35,2,2,,sidewalks,58.12,CON,1,2,0,1,2,0,1,0,0,0,0,0,0,0,0,0,0,0,0,0,0,0,0,0,0,0,0,2,0,0,0,0,0,0,0,0,0,0,0,0,0,0,0,0,0,0,0,0,0,0,1,2,2,5,0,4,0,1,0,0,0,0,0,0,1,2,0,0,0,0,0,0,0,0,0,0,0,0,0,0,0,0,0,0,1,1,1,0,0,0,0,0,0,0,0,0,5,0,,,,,,,,,,,,,,,,,,,,,,,,,,,,,,,,,,,0,,,,
1904,Unscored (no condition data),RPath,1756,2.0,,,,,,,,,33,2,2,,sidewalks,89.867,CON,1,2,0,1,0,0,1,0,0,0,0,0,0,0,0,0,0,0,0,0,0,0,0,0,0,0,0,2,0,0,0,0,0,0,0,0,0,0,0,0,0,0,0,0,0,0,0,0,0,0,1,2,2,5,0,4,0,1,0,0,0,0,0,0,1,2,0,0,0,0,0,0,0,0,0,0,0,0,0,0,0,0,0,0,1,1,1,0,0,0,0,0,0,0,0,0,5,0,,,,,,,,,,,,,,,,,,,,,,,,,,,,,,,,,,,0,,,,
1905,Unscored (no condition data),RPath,1757,2.0,,,,,,,,,33,2,2,,sidewalks,89.792,CON,1,2,0,1,0,0,1,0,0,0,0,0,0,0,0,0,0,0,0,0,0,0,0,0,0,0,0,2,0,0,0,0,0,0,0,0,0,0,0,0,0,0,0,0,0,0,0,0,0,0,1,2,2,5,0,4,0,1,0,0,0,0,0,0,1,2,0,0,0,0,0,0,0,0,0,0,0,0,0,0,0,0,0,0,1,1,1,0,0,0,0,0,0,0,0,0,5,0,,,,,,,,,,,,,,,,,,,,,,,,,,,,,,,,,,,0,,,,
1906,Unscored (no condition data),RPath,1758,2.0,,,,,,,,,31,2,2,,sidewalks,48.786,CON,1,2,0,0,0,0,0,0,0,0,0,0,0,0,0,0,0,0,0,0,0,0,0,0,0,0,0,2,0,0,0,0,0,0,0,0,0,0,0,0,0,0,0,0,0,0,0,0,0,0,1,2,2,5,0,4,0,1,0,0,0,0,0,0,1,2,0,0,0,0,0,0,0,0,0,0,0,0,0,0,0,0,0,0,1,1,1,0,0,0,0,0,0,0,0,0,5,0,,,,,,,,,,,,,,,,,,,,,,,,,,,,,,,,,,,0,,,,
1907,Unscored (no condition data),RPath,1765,2.0,,,,,,,,,34,2,2,,sidewalks,50.076,CON,1,2,0,0,0,0,0,0,0,0,0,0,0,0,0,0,0,0,0,0,0,0,0,0,0,0,0,2,0,0,0,0,0,0,1,0,0,0,0,0,0,0,0,0,1,0,0,0,0,0,1,2,2,5,5,0,0,1,0,0,0,0,0,0,0,0,0,0,0,0,0,0,0,0,0,0,0,0,0,0,0,0,5,0,1,1,1,0,0,0,0,0,0,0,0,0,0,3,,,,,,,,,,,,,,,,,,,,,,,,,,,,,,,,,,,0,,,,
1908,Unscored (no condition data),RPath,1768,2.0,,,,,,,,,42,2,2,,sidewalks,67.976,CON,1,2,0,0,0,0,0,0,0,0,0,0,1,0,0,0,0,0,0,0,0,0,0,0,5,0,0,0,0,0,0,1,2,2,0,0,0,0,0,0,0,0,0,0,0,0,0,0,1,1,1,2,2,0,5,4,0,0,0,0,0,0,0,0,0,0,0,0,0,0,0,0,0,0,0,0,0,0,0,0,0,0,0,0,1,1,1,1,0,0,0,0,0,1,2,0,5,0,,,,,,,,,,,,,,,,,,,,,,,,,,,,,,,,,,,0,,,,
1909,Unscored (no condition data),RPath,1769,2.0,,,,,,,,,30,2,2,,sidewalks,33.781,CON,1,2,0,0,0,0,0,0,0,0,0,0,0,0,0,0,0,0,0,0,0,0,0,0,0,0,3,0,0,0,0,0,0,0,0,0,0,0,0,0,0,0,0,0,0,0,0,0,1,1,1,2,2,0,5,0,0,1,0,0,0,0,0,0,0,0,0,0,0,0,0,0,0,1,2,0,0,0,0,0,0,0,0,0,1,1,1,0,0,0,0,0,0,0,0,0,5,0,,,,,,,,,,,,,,,,,,,,,,,,,,,,,,,,,,,0,,,,
1910,Unscored (no condition data),RPath,1770,2.0,,,,,,,,,40,2,2,,sidewalks,83.859,CON,1,2,2,0,0,0,0,0,0,0,0,0,0,0,0,0,0,0,0,0,0,0,0,0,5,0,0,0,0,0,0,1,2,2,0,0,0,0,0,0,0,0,0,0,0,0,0,0,1,1,1,2,2,0,5,4,0,0,0,0,0,0,0,0,0,0,0,0,0,0,0,0,0,1,0,0,0,0,0,0,0,0,0,0,1,1,1,0,0,0,0,0,0,0,0,0,5,0,,,,,,,,,,,,,,,,,,,,,,,,,,,,,,,,,,,0,,,,
1911,Unscored (no condition data),RPath,1774,2.0,,,,,,,,,44,2,2,,sidewalks,12.38,CON,1,2,0,1,2,0,0,0,0,0,0,0,1,2,0,0,0,0,0,0,0,0,0,0,0,0,0,0,0,0,0,1,2,2,1,2,2,0,0,0,0,0,0,0,1,2,2,0,1,0,1,2,2,0,5,0,3,0,0,0,0,0,0,0,1,2,0,0,0,0,0,0,0,1,0,0,1,0,0,0,0,0,0,0,1,0,0,0,0,0,0,0,0,0,0,0,0,0,,,,,,,,,,,,,,,,,,,,,,,,,,,,,,,,,,,8,,,,
1912,Unscored (no condition data),RPath,1775,2.0,,,,,,,,,45,2,2,,sidewalks,71.934,CON,1,0,0,0,0,0,0,0,0,0,0,0,1,2,0,0,0,0,0,0,0,0,0,0,0,0,0,2,0,0,0,0,0,0,1,2,2,0,0,0,0,0,0,0,1,0,0,0,1,1,1,2,2,5,0,0,0,1,0,0,0,0,0,0,0,0,0,0,0,0,0,0,0,1,2,0,1,0,0,0,0,0,5,0,1,1,1,0,0,0,0,0,0,1,2,0,5,0,,,,,,,,,,,,,,,,,,,,,,,,,,,,,,,,,,,0,,,,
1913,Unscored (no condition data),RPath,1781,2.0,,,,,,,,,47,3,2,,sidewalks,106.025,CON,1,2,2,1,2,0,0,0,0,0,0,0,1,2,2,0,0,0,0,0,0,0,0,0,0,0,0,2,0,0,0,0,0,0,1,2,2,0,0,0,0,0,0,0,1,0,0,0,1,1,1,2,2,5,5,0,0,0,0,0,0,0,0,0,0,0,0,0,0,0,0,0,0,1,2,0,0,0,0,0,0,0,0,0,1,0,0,0,0,0,0,0,0,0,0,0,5,0,,,,,,,,,,,,,,,,,,,,,,,,,,,,,,,,,,,0,,,,
1914,Unscored (no condition data),RPath,1783,2.0,,,,,,,,,46,3,2,,sidewalks,110.84,CON,1,2,2,0,0,0,0,0,0,0,0,0,1,0,0,1,0,0,0,0,0,0,0,0,0,0,0,2,0,0,0,0,0,0,1,2,2,0,0,0,0,0,0,0,0,0,0,0,0,0,1,2,2,5,5,0,3,0,0,0,0,0,0,0,0,0,0,0,0,0,0,0,0,1,2,0,0,0,0,0,0,0,0,3,1,1,1,0,0,0,0,0,0,0,0,0,5,0,,,,,,,,,,,,,,,,,,,,,,,,,,,,,,,,,,,0,,,,
1915,Unscored (no condition data),RPath,1784,2.0,,,,,,,,,47,3,2,,sidewalks,91.39,CON,1,2,2,1,2,0,1,0,0,0,0,0,1,2,0,1,2,0,0,0,0,0,0,0,0,0,0,2,0,0,0,0,0,0,0,0,0,0,0,0,0,0,0,0,0,0,0,0,1,1,1,2,2,0,0,0,3,1,0,0,0,0,0,0,0,0,0,0,0,0,0,0,0,0,0,0,1,2,2,0,0,0,5,3,1,0,0,0,0,0,0,0,0,0,0,0,5,0,,,,,,,,,,,,,,,,,,,,,,,,,,,,,,,,,,,0,,,,
1916,Unscored (no condition data),RPath,1785,2.0,,,,,,,,,38,2,2,,sidewalks,187.557,CON,1,2,2,1,0,0,1,0,0,0,0,0,1,2,0,1,2,0,0,0,0,0,0,0,0,0,0,2,0,0,0,0,0,0,0,0,0,0,0,0,0,0,0,0,0,0,0,0,1,0,1,2,2,0,0,0,3,1,0,0,0,0,0,0,0,0,0,0,0,0,0,0,0,1,0,0,1,2,0,0,0,0,0,3,1,0,0,0,0,0,0,0,0,0,0,0,5,0,,,,,,,,,,,,,,,,,,,,,,,,,,,,,,,,,,,0,,,,
1917,Unscored (no condition data),RPath,1795,2.0,,,,,,,,,39,2,2,,sidewalks,81.153,CON,1,2,2,1,2,0,1,2,0,0,0,0,1,2,0,0,0,0,0,0,0,0,0,0,0,0,0,2,0,0,0,0,0,0,1,0,0,0,0,0,0,0,0,0,0,0,0,0,1,1,1,2,2,0,0,0,0,1,0,0,0,0,0,0,0,0,0,0,0,0,0,0,0,0,0,0,1,2,0,0,0,0,0,3,1,1,1,0,0,0,0,0,0,0,0,0,5,0,,,,,,,,,,,,,,,,,,,,,,,,,,,,,,,,,,,0,,,,
1918,Unscored (no condition data),RPath,1808,2.0,,,,,,,,,47,3,2,,sidewalks,80.501,CON,0,0,0,0,0,0,0,0,0,0,0,0,1,2,2,0,0,0,1,2,2,0,0,0,0,5,0,0,0,0,0,1,2,0,0,0,0,0,0,0,0,0,0,0,1,2,0,0,1,1,1,2,2,0,0,0,3,0,0,0,0,0,0,0,0,0,0,0,0,0,0,0,0,1,2,2,1,2,0,0,0,0,0,0,1,1,1,0,0,0,0,0,0,0,0,0,5,0,,,,,,,,,,,,,,,,,,,,,,,,,,,,,,,,,,,0,,,,
1919,Unscored (no condition data),RPath,1815,2.0,,,,,,,,,42,2,2,,sidewalks,18.678,CON,1,2,0,0,0,0,0,0,0,1,0,0,1,0,0,0,0,0,0,0,0,0,0,0,0,5,0,0,0,0,0,1,2,2,1,2,0,0,0,0,1,2,2,0,0,0,0,0,1,1,1,2,2,0,0,0,3,0,0,0,0,0,0,0,0,0,0,1,0,0,0,0,0,0,0,0,0,0,0,0,0,0,0,0,1,1,1,0,0,0,0,0,0,0,0,0,5,0,,,,,,,,,,,,,,,,,,,,,,,,,,,,,,,,,,,0,,,,
1920,Unscored (no condition data),RPath,1816,2.0,,,,,,,,,45,2,2,,sidewalks,35.883,CON,1,2,0,0,0,0,0,0,0,1,0,0,1,0,0,0,0,0,0,0,0,0,0,0,0,5,0,2,0,0,0,1,2,0,1,2,2,0,0,0,1,2,2,0,0,0,0,0,1,1,1,2,2,0,0,0,3,1,0,0,0,0,0,0,0,0,0,1,0,0,0,0,0,0,0,0,0,0,0,0,0,0,0,0,1,1,1,0,0,0,0,0,0,0,0,0,5,0,,,,,,,,,,,,,,,,,,,,,,,,,,,,,,,,,,,0,,,,
1921,Unscored (no condition data),RPath,1817,2.0,,,,,,,,,46,3,2,,sidewalks,98.663,CON,1,2,0,1,2,0,1,2,0,0,0,0,0,0,0,0,0,0,0,0,0,0,0,0,0,0,0,2,0,0,0,0,0,0,0,0,0,0,0,0,0,0,0,0,0,0,0,0,0,0,1,2,2,5,0,4,3,1,0,0,0,0,0,0,0,0,0,0,0,0,0,0,0,1,2,0,1,2,0,0,0,0,0,3,1,1,1,0,0,0,0,0,0,0,0,0,5,0,,,,,,,,,,,,,,,,,,,,,,,,,,,,,,,,,,,0,,,,
1922,Unscored (no condition data),RPath,1818,2.0,,,,,,,,,41,2,2,,sidewalks,96.123,CON,1,2,0,1,2,0,1,0,0,0,0,0,0,0,0,0,0,0,0,0,0,0,0,0,0,0,0,2,0,0,0,0,0,0,0,0,0,0,0,0,0,0,0,0,0,0,0,0,0,0,1,2,2,5,0,4,0,1,0,0,0,0,0,0,0,0,0,0,0,0,0,0,0,1,2,2,1,2,0,0,0,0,0,3,1,0,0,0,0,0,0,0,0,0,0,0,5,0,,,,,,,,,,,,,,,,,,,,,,,,,,,,,,,,,,,0,,,,
1923,Unscored (no condition data),RPath,1819,2.0,,,,,,,,,42,2,2,,sidewalks,76.259,CON,1,2,0,1,2,0,1,2,0,0,0,0,0,0,0,0,0,0,0,0,0,0,0,0,0,0,0,2,0,0,0,0,0,0,0,0,0,0,0,0,0,0,0,0,0,0,0,0,1,0,1,2,2,5,0,4,0,1,0,0,0,0,0,0,0,0,0,0,0,0,0,0,0,1,2,2,1,0,0,0,0,0,0,3,1,0,0,0,0,0,0,0,0,0,0,0,5,0,,,,,,,,,,,,,,,,,,,,,,,,,,,,,,,,,,,0,,,,
1924,Unscored (no condition data),RPath,1820,2.0,,,,,,,,,40,2,2,,sidewalks,76.993,CON,1,2,0,1,2,0,1,2,0,0,0,0,0,0,0,0,0,0,0,0,0,0,0,0,0,0,0,2,0,0,0,0,0,0,0,0,0,0,0,0,0,0,0,0,0,0,0,0,1,0,1,2,2,5,0,4,0,1,0,0,0,0,0,0,0,0,0,0,0,0,0,0,0,1,2,0,1,0,0,0,0,0,0,3,1,0,0,0,0,0,0,0,0,0,0,0,5,0,,,,,,,,,,,,,,,,,,,,,,,,,,,,,,,,,,,0,,,,
1925,Unscored (no condition data),RPath,1821,2.0,,,,,,,,,47,3,2,,sidewalks,67.488,CON,1,2,2,1,2,0,1,2,0,0,0,0,0,0,0,0,0,0,0,0,0,0,0,0,0,0,0,2,0,0,0,0,0,0,0,0,0,0,0,0,0,0,0,0,0,0,0,0,1,1,1,2,2,5,0,4,3,1,0,0,0,0,0,0,0,0,0,0,0,0,0,0,0,1,2,0,0,0,0,0,0,0,0,3,1,1,1,0,0,0,0,0,0,0,0,0,5,0,,,,,,,,,,,,,,,,,,,,,,,,,,,,,,,,,,,0,,,,
1926,Unscored (no condition data),RPath,1849,2.0,,,,,,,,,41,2,2,,sidewalks,50.606,CON,1,2,2,1,2,0,1,2,0,0,0,0,1,0,0,0,0,0,0,0,0,0,0,0,0,0,0,2,0,0,0,0,0,0,0,0,0,0,0,0,0,0,0,0,0,0,0,0,0,0,1,2,2,5,0,4,0,1,0,0,0,0,0,0,0,0,0,0,0,0,0,0,0,1,0,0,1,0,0,0,0,0,0,3,1,1,0,0,0,0,0,0,0,0,0,0,5,0,,,,,,,,,,,,,,,,,,,,,,,,,,,,,,,,,,,0,,,,
1927,Unscored (no condition data),RPath,1901,2.0,,,,,,,,,32,2,2,,sidewalks,144.535,CON,1,2,2,1,0,0,0,0,0,0,0,0,0,0,0,0,0,0,0,0,0,0,0,0,0,0,0,2,0,0,0,0,0,0,0,0,0,0,0,0,0,0,0,0,0,0,0,0,0,0,1,2,2,5,5,0,0,1,0,0,0,0,0,0,0,0,0,0,0,0,0,0,0,0,0,0,0,0,0,0,0,0,0,0,1,1,1,0,0,0,0,0,0,0,0,0,5,0,,,,,,,,,,,,,,,,,,,,,,,,,,,,,,,,,,,0,,,,
1928,Unscored (no condition data),RPath,1917,2.0,,,,,,,,,38,2,2,,sidewalks,173.32,CON,1,2,2,0,0,0,0,0,0,0,0,0,1,2,2,0,0,0,0,0,0,0,0,0,0,5,0,2,0,0,0,0,0,0,0,0,0,0,0,0,0,0,0,0,0,0,0,0,0,0,1,0,0,0,0,0,0,1,0,0,0,0,0,0,0,0,0,0,0,0,0,0,0,1,2,0,1,2,2,0,0,0,0,3,1,1,1,0,0,0,0,0,0,0,0,0,5,0,,,,,,,,,,,,,,,,,,,,,,,,,,,,,,,,,,,0,,,,
1929,Unscored (no condition data),RPath,1927,2.0,,,,,,,,,47,3,2,,sidewalks,79.367,CON,1,2,0,0,0,0,0,0,0,0,0,0,1,0,0,0,0,0,0,0,0,0,0,0,0,0,0,2,0,0,0,0,0,0,1,2,2,0,0,0,0,0,0,5,1,2,0,0,0,0,1,2,2,5,0,4,0,1,0,0,0,0,0,0,0,0,0,0,0,0,1,2,0,0,0,0,1,0,0,0,0,0,0,3,0,0,1,0,0,0,0,0,0,0,0,0,5,0,,,,,,,,,,,,,,,,,,,,,,,,,,,,,,,,,,,0,,,,
1930,Unscored (no condition data),RPath,1928,2.0,,,,,,,,,48,3,2,,sidewalks,77.776,CON,1,2,0,1,0,0,0,0,0,0,0,0,0,0,0,0,0,0,0,0,0,0,0,0,0,0,0,2,0,0,0,0,0,0,1,2,2,0,0,0,0,0,0,5,1,2,0,0,0,0,1,2,2,5,0,4,0,1,0,0,0,0,0,0,0,0,0,0,0,0,1,2,0,0,0,0,1,0,0,0,0,0,0,3,1,0,1,0,0,0,0,0,0,0,0,0,5,0,,,,,,,,,,,,,,,,,,,,,,,,,,,,,,,,,,,0,,,,
1931,Unscored (no condition data),RPath,1949,2.0,,,,,,,,,44,2,2,,sidewalks,197.307,CON,1,2,2,1,2,0,1,2,0,0,0,0,1,0,0,1,0,0,0,0,0,0,0,0,0,5,0,2,0,0,0,0,0,0,1,0,0,0,0,0,0,0,0,0,0,0,0,0,1,0,1,2,2,0,0,0,3,1,0,0,0,0,0,0,0,0,0,0,0,0,0,0,0,1,2,0,1,0,0,0,0,0,0,3,1,0,0,0,0,0,0,0,0,0,0,0,5,0,,,,,,,,,,,,,,,,,,,,,,,,,,,,,,,,,,,0,,,,
1932,Unscored (no condition data),RPath,1973,2.0,,,,,,,,,45,2,2,,sidewalks,41.41,CON,1,2,2,0,0,0,0,0,0,0,0,0,1,2,2,0,0,0,0,0,0,0,0,0,0,0,0,2,0,0,0,1,2,2,0,0,0,1,2,0,0,0,0,0,1,2,2,0,0,0,1,2,2,0,0,0,3,1,0,0,0,0,0,0,0,0,0,0,0,0,0,0,0,1,2,0,0,0,0,0,0,0,0,0,1,1,1,0,0,0,0,0,0,0,0,0,5,0,,,,,,,,,,,,,,,,,,,,,,,,,,,,,,,,,,,0,,,,
1933,Unscored (no condition data),RPath,1982,2.0,,,,,,,,,43,2,2,,sidewalks,47.166,CON,1,2,0,0,0,0,0,0,0,0,0,0,1,2,2,0,0,0,0,0,0,0,0,0,0,0,3,0,1,2,0,0,0,0,0,0,0,0,0,0,0,0,0,0,1,0,0,0,0,0,1,2,2,0,5,0,0,0,1,0,0,0,0,0,1,0,0,0,0,0,0,0,0,0,0,0,1,2,0,0,0,0,0,0,1,1,1,1,2,2,0,0,0,0,0,0,5,0,,,,,,,,,,,,,,,,,,,,,,,,,,,,,,,,,,,0,,,,
1934,Unscored (no condition data),RPath,1986,2.0,,,,,,,,,45,2,2,,sidewalks,31.311,CON,1,0,0,0,0,0,0,0,0,0,0,0,1,2,2,0,0,0,0,0,0,0,0,0,0,0,3,0,1,2,2,0,0,0,0,0,0,0,0,0,0,0,0,0,1,0,0,0,0,0,1,2,2,0,5,0,0,0,1,2,0,1,0,0,1,0,0,0,0,0,0,0,0,0,0,0,1,2,0,1,0,0,0,0,1,1,1,1,2,0,0,0,0,0,0,0,5,0,,,,,,,,,,,,,,,,,,,,,,,,,,,,,,,,,,,0,,,,
1935,Unscored (no condition data),RPath,1988,2.0,,,,,,,,,44,2,2,,sidewalks,48.813,CON,1,2,0,0,0,0,0,0,0,0,0,0,1,2,2,0,0,0,0,0,0,0,0,0,0,0,3,0,1,2,0,0,0,0,0,0,0,0,0,0,0,0,0,0,1,2,0,0,0,0,1,2,2,0,0,0,0,1,1,0,0,0,0,0,1,2,0,0,0,0,0,0,0,0,0,0,1,2,0,1,0,0,0,0,1,1,1,1,2,2,0,0,0,0,0,0,5,0,,,,,,,,,,,,,,,,,,,,,,,,,,,,,,,,,,,0,,,,
1936,Unscored (no condition data),RPath,1989,2.0,,,,,,,,,41,2,2,,sidewalks,14.118,CON,1,2,0,0,0,0,0,0,0,0,0,0,1,2,2,0,0,0,0,0,0,0,0,0,0,0,3,0,1,2,0,0,0,0,0,0,0,0,0,0,0,0,0,0,1,2,0,0,0,0,1,2,0,0,0,0,0,1,1,0,0,0,0,0,1,2,0,0,0,0,0,0,0,0,0,0,1,2,0,0,0,0,0,0,1,1,1,1,2,2,0,0,0,0,0,0,5,0,,,,,,,,,,,,,,,,,,,,,,,,,,,,,,,,,,,0,,,,
1937,Unscored (no condition data),RPath,1990,2.0,,,,,,,,,48,3,2,,sidewalks,52.07,CON,1,2,0,1,0,0,0,0,0,0,0,0,1,0,0,1,0,0,0,0,0,0,0,0,5,0,0,0,0,0,0,1,2,2,1,2,2,0,0,0,0,0,0,0,1,2,0,0,1,1,1,2,2,0,0,0,3,0,0,0,0,0,0,0,1,2,0,0,0,0,0,0,0,1,0,0,1,0,0,0,0,0,0,3,1,0,0,0,0,0,0,0,0,0,0,0,5,0,,,,,,,,,,,,,,,,,,,,,,,,,,,,,,,,,,,0,,,,
1938,Unscored (no condition data),RPath,2010,2.0,,,,,,,,,40,2,2,,sidewalks,70.46,CON,1,2,2,1,2,0,1,2,0,0,0,0,0,0,0,0,0,0,0,0,0,0,0,0,0,0,0,2,0,0,0,0,0,0,1,2,2,0,0,0,0,0,0,0,0,0,0,0,0,0,1,2,2,0,0,4,0,1,0,0,0,0,0,0,0,0,0,0,0,0,0,0,0,1,0,0,0,0,0,0,0,0,0,3,1,1,1,0,0,0,0,0,0,0,0,0,5,0,,,,,,,,,,,,,,,,,,,,,,,,,,,,,,,,,,,0,,,,
1939,Unscored (no condition data),RPath,2011,2.0,,,,,,,,,36,2,2,,sidewalks,69.606,CON,1,2,0,1,2,0,1,2,0,0,0,0,0,0,0,0,0,0,0,0,0,0,0,0,0,0,0,2,0,0,0,0,0,0,1,2,2,0,0,0,0,0,0,0,0,0,0,0,0,0,1,2,2,0,0,4,0,1,0,0,0,0,0,0,0,0,0,0,0,0,0,0,0,1,0,0,1,0,0,0,0,0,0,3,0,0,0,0,0,0,0,0,0,0,0,0,5,0,,,,,,,,,,,,,,,,,,,,,,,,,,,,,,,,,,,0,,,,
1940,Unscored (no condition data),RPath,2024,2.0,,,,,,,,,46,3,2,,sidewalks,166.42,CON,1,2,0,1,0,0,0,0,0,0,0,0,1,2,0,1,2,0,0,0,0,0,0,0,0,0,0,2,0,0,0,1,0,0,1,2,2,0,0,0,1,2,0,0,0,0,0,0,1,1,1,2,2,0,5,0,0,1,0,0,0,0,0,0,0,0,0,0,0,0,0,0,0,0,0,0,1,0,0,0,0,0,0,0,1,1,1,0,0,0,0,0,0,1,2,0,5,0,,,,,,,,,,,,,,,,,,,,,,,,,,,,,,,,,,,0,,,,
1941,Unscored (no condition data),RPath,2026,2.0,,,,,,,,,35,2,2,,sidewalks,120.431,CON,1,2,2,1,0,0,1,0,0,0,0,0,1,0,0,1,0,0,0,0,0,0,0,0,0,0,0,2,0,0,0,0,0,0,0,0,0,0,0,0,0,0,0,0,0,0,0,0,1,1,1,2,2,0,0,0,3,1,0,0,0,0,0,0,0,0,0,0,0,0,0,0,0,0,0,0,1,2,2,0,0,0,0,0,1,1,1,0,0,0,0,0,0,0,0,0,5,0,,,,,,,,,,,,,,,,,,,,,,,,,,,,,,,,,,,0,,,,
1942,Unscored (no condition data),RPath,2027,2.0,,,,,,,,,32,2,2,,sidewalks,199.066,CON,1,2,2,1,2,0,1,2,0,0,0,0,0,0,0,0,0,0,0,0,0,0,0,0,0,0,0,2,0,0,0,0,0,0,0,0,0,0,0,0,0,0,0,0,0,0,0,0,1,0,1,2,0,0,0,0,3,1,0,0,0,0,0,0,0,0,0,0,0,0,0,0,0,0,0,0,1,2,0,0,0,0,0,0,1,1,1,0,0,0,0,0,0,0,0,0,5,0,,,,,,,,,,,,,,,,,,,,,,,,,,,,,,,,,,,0,,,,
1943,Unscored (no condition data),RPath,2028,2.0,,,,,,,,,31,2,2,,sidewalks,163.768,CON,1,2,2,1,2,2,1,2,2,0,0,0,0,0,0,0,0,0,0,0,0,0,0,0,0,0,0,2,0,0,0,0,0,0,0,0,0,0,0,0,0,0,0,0,0,0,0,0,0,0,1,0,0,0,0,0,3,1,0,0,0,0,0,0,0,0,0,0,0,0,0,0,0,0,0,0,1,0,0,0,0,0,0,0,1,1,1,0,0,0,0,0,0,0,0,0,5,0,,,,,,,,,,,,,,,,,,,,,,,,,,,,,,,,,,,0,,,,
1944,Unscored (no condition data),RPath,2032,2.0,,,,,,,,,47,3,2,,sidewalks,55.041,HMAC,1,2,0,1,2,0,0,0,0,0,0,0,1,2,0,0,0,0,0,0,0,0,0,0,5,0,0,0,0,0,0,1,2,2,1,2,0,0,0,0,0,0,0,0,1,2,2,0,1,0,1,2,2,0,0,0,3,0,0,0,0,0,0,0,1,2,0,0,0,0,0,0,0,1,0,0,1,0,0,0,0,0,0,0,1,0,0,0,0,0,0,0,0,0,0,0,5,0,,,,,,,,,,,,,,,,,,,,,,,,,,,,,,,,,,,0,,,,
1945,Unscored (no condition data),RPath,2038,2.0,,,,,,,,,32,2,2,,sidewalks,222.298,CON,1,2,2,1,2,2,1,2,0,0,0,0,0,0,0,0,0,0,0,0,0,0,0,0,0,0,0,2,0,0,0,0,0,0,0,0,0,0,0,0,0,0,0,0,0,0,0,0,0,0,1,2,2,0,0,0,0,1,0,0,0,0,0,0,1,2,0,0,0,0,0,0,0,0,0,0,0,0,0,0,0,0,0,0,1,1,1,0,0,0,0,0,0,0,0,0,5,0,,,,,,,,,,,,,,,,,,,,,,,,,,,,,,,,,,,0,,,,
1946,Unscored (no condition data),RPath,2040,2.0,,,,,,,,,39,2,2,,sidewalks,308.25,CON,1,2,2,1,2,2,1,2,2,0,0,0,0,0,0,0,0,0,0,0,0,0,0,0,0,5,0,2,0,0,0,0,0,0,0,0,0,0,0,0,0,0,0,0,0,0,0,0,0,0,1,2,0,0,0,0,0,1,0,0,0,0,0,0,1,2,2,0,0,0,0,0,0,0,0,0,0,0,0,0,0,0,0,0,1,1,1,0,0,0,0,0,0,0,0,0,5,0,,,,,,,,,,,,,,,,,,,,,,,,,,,,,,,,,,,0,,,,
1947,Unscored (no condition data),RPath,2045,2.0,,,,,,,,,34,2,2,,sidewalks,56.121,CON,1,0,0,0,0,0,0,0,0,0,0,0,1,2,0,0,0,0,0,0,0,0,0,0,0,0,0,0,0,0,0,1,2,2,0,0,0,0,0,0,0,0,0,0,1,2,2,0,1,1,1,2,2,0,5,0,0,1,0,0,0,0,0,0,0,0,0,0,0,0,0,0,0,1,0,0,1,2,0,0,0,0,0,0,1,1,1,0,0,0,0,0,0,0,0,0,0,0,,,,,,,,,,,,,,,,,,,,,,,,,,,,,,,,,,,1,,,,
1948,Unscored (no condition data),RPath,3980,2.0,,,,,,,,,48,3,2,,sidewalks,71.445,CON,1,2,2,1,2,0,1,2,0,1,0,0,1,0,0,0,0,0,0,0,0,0,0,0,0,0,0,2,0,0,0,0,0,0,0,0,0,0,0,0,0,0,0,0,0,0,0,0,1,1,1,2,2,5,0,0,3,1,0,0,0,0,0,0,0,0,0,0,0,0,0,0,0,1,2,0,0,0,0,0,0,0,5,3,0,1,0,0,0,0,0,0,0,0,0,0,5,0,,,,,,,,,,,,,,,,,,,,,,,,,,,,,,,,,,,0,,,,
1949,Unscored (no condition data),RPath,3987,2.0,,,,,,,,,45,2,2,,sidewalks,69.122,CON,1,2,2,1,2,0,1,2,0,1,0,0,1,0,0,0,0,0,0,0,0,0,0,0,0,0,0,2,0,0,0,0,0,0,0,0,0,0,0,0,0,0,0,0,0,0,0,0,1,0,1,2,0,5,0,0,3,1,0,0,0,0,0,0,0,0,0,0,0,0,0,0,0,1,2,0,0,0,0,0,0,0,5,3,0,1,0,0,0,0,0,0,0,0,0,0,5,0,,,,,,,,,,,,,,,,,,,,,,,,,,,,,,,,,,,0,,,,
1950,Unscored (no condition data),RPath,4004,2.0,,,,,,,,,40,2,2,,sidewalks,75.366,CON,1,2,2,1,0,0,1,0,0,0,0,0,1,0,0,0,0,0,0,0,0,0,0,0,0,0,0,2,0,0,0,0,0,0,0,0,0,0,0,0,0,0,0,0,0,0,0,0,1,0,1,2,0,5,0,0,3,1,0,0,0,0,0,0,0,0,0,0,0,0,0,0,0,1,2,0,0,0,0,0,0,0,5,3,0,1,0,0,0,0,0,0,0,0,0,0,5,0,,,,,,,,,,,,,,,,,,,,,,,,,,,,,,,,,,,0,,,,
1951,Unscored (no condition data),RPath,4015,2.0,,,,,,,,,38,2,2,,sidewalks,76.215,CON,1,2,0,0,0,0,0,0,0,0,0,0,1,2,0,0,0,0,0,0,0,0,0,0,0,0,0,2,0,0,0,0,0,0,0,0,0,0,0,0,0,0,0,0,0,0,0,0,1,0,1,2,0,5,0,0,3,1,0,0,0,0,0,0,0,0,0,0,0,0,0,0,0,1,2,0,0,0,0,0,0,0,5,3,0,1,0,0,0,0,0,0,0,0,0,0,5,0,,,,,,,,,,,,,,,,,,,,,,,,,,,,,,,,,,,0,,,,
1952,Unscored (no condition data),RPath,4023,2.0,,,,,,,,,46,3,2,,sidewalks,84.969,CON,1,2,2,1,0,0,1,0,0,0,0,0,1,2,0,0,0,0,0,0,0,0,0,0,0,0,0,2,0,0,0,0,0,0,0,0,0,0,0,0,0,0,0,0,0,0,0,0,1,1,1,2,2,5,0,0,3,1,0,0,0,0,0,0,0,0,0,0,0,0,0,0,0,1,2,0,1,0,0,0,0,0,5,3,0,1,0,0,0,0,0,0,0,0,0,0,5,0,,,,,,,,,,,,,,,,,,,,,,,,,,,,,,,,,,,0,,,,
1953,Unscored (no condition data),RPath,4030,2.0,,,,,,,,,47,3,2,,sidewalks,70.857,CON,1,2,2,1,0,0,1,0,0,0,0,0,1,0,0,0,0,0,0,0,0,0,0,0,0,0,0,2,0,0,0,0,0,0,1,2,2,0,0,0,0,0,0,0,0,0,0,0,1,1,1,2,0,0,0,0,0,1,0,0,0,0,0,0,1,0,0,0,0,0,1,2,2,1,2,0,1,2,0,0,0,0,5,3,0,0,1,0,0,0,0,0,0,0,0,0,5,0,,,,,,,,,,,,,,,,,,,,,,,,,,,,,,,,,,,0,,,,
1954,Unscored (no condition data),RPath,4046,2.0,,,,,,,,,34,2,2,,sidewalks,29.375,CON,0,0,0,0,0,0,0,0,0,0,0,0,0,0,0,0,0,0,0,0,0,0,0,0,5,0,0,0,0,0,0,1,2,2,0,0,0,1,2,0,0,0,0,0,0,0,0,0,1,1,1,2,2,0,0,0,3,0,0,0,0,0,0,0,0,0,0,0,0,0,0,0,0,1,2,0,0,0,0,0,0,0,0,0,1,1,1,0,0,0,0,0,0,0,0,0,5,0,,,,,,,,,,,,,,,,,,,,,,,,,,,,,,,,,,,0,,,,
1955,Unscored (no condition data),RPath,4054,2.0,,,,,,,,,41,2,2,,sidewalks,51.623,CON,0,0,0,0,0,0,0,0,0,0,0,0,0,0,0,0,0,0,0,0,0,0,0,0,5,0,3,0,0,0,0,1,2,2,0,0,0,1,2,0,0,0,0,0,0,0,0,0,1,0,1,2,2,0,5,0,0,1,0,0,0,0,0,0,0,0,0,0,0,0,0,0,0,1,2,2,0,0,0,0,0,0,0,0,1,1,1,0,0,0,0,0,0,0,0,0,5,0,,,,,,,,,,,,,,,,,,,,,,,,,,,,,,,,,,,0,,,,
1956,Unscored (no condition data),RPath,4076,2.0,,,,,,,,,48,3,2,,sidewalks,21.644,CON,1,2,0,1,2,0,1,2,0,0,0,0,1,2,0,1,2,0,0,0,0,0,0,0,0,0,0,2,0,0,0,0,0,0,1,2,2,0,0,0,0,0,0,0,0,0,0,0,0,0,1,0,0,0,0,0,3,1,0,0,0,0,0,0,0,0,0,0,0,0,0,0,0,1,2,0,1,2,2,0,0,0,5,3,0,0,0,0,0,0,0,0,0,0,0,0,5,0,,,,,,,,,,,,,,,,,,,,,,,,,,,,,,,,,,,0,,,,
1957,Unscored (no condition data),RPath,4457,2.0,,,,,,,,,41,2,2,,sidewalks,46.972,CON,1,2,2,1,2,2,0,0,0,0,0,0,0,0,0,1,0,0,0,0,0,0,0,0,0,0,0,0,0,0,0,0,0,0,1,2,0,0,0,0,0,0,0,0,1,0,0,0,1,0,1,2,0,0,0,0,0,1,0,0,0,0,0,0,0,0,0,0,0,0,0,0,0,0,0,0,1,2,2,0,0,0,0,0,1,1,1,1,2,0,1,2,2,0,0,0,5,0,,,,,,,,,,,,,,,,,,,,,,,,,,,,,,,,,,,0,,,,
1958,Unscored (no condition data),RPath,4462,2.0,,,,,,,,,47,3,2,,sidewalks,109.968,CON,1,2,2,1,2,2,0,0,0,0,0,0,0,0,0,1,0,0,0,0,0,0,0,0,0,0,0,0,0,0,0,0,0,0,1,2,0,0,0,0,0,0,0,0,0,0,0,0,1,0,1,2,2,0,0,0,3,1,0,0,0,0,0,0,0,0,0,0,0,0,0,0,0,0,0,0,1,2,2,0,0,0,0,0,1,1,1,1,2,2,1,2,2,0,0,0,5,0,,,,,,,,,,,,,,,,,,,,,,,,,,,,,,,,,,,0,,,,
1959,Unscored (no condition data),RPath,13291,2.0,,,,,,,,,40,2,2,,sidewalks,35.045,CON,1,2,2,1,2,2,0,0,0,0,0,0,0,0,0,0,0,0,0,0,0,0,0,0,0,0,0,0,0,0,0,0,0,0,1,2,0,0,0,0,0,0,0,0,1,0,0,0,1,0,1,2,0,0,0,0,0,0,0,0,0,0,0,0,0,0,0,0,0,0,0,0,0,0,0,0,1,2,2,0,0,0,0,0,1,1,1,1,2,0,1,2,2,1,0,0,5,0,,,,,,,,,,,,,,,,,,,,,,,,,,,,,,,,,,,0,,,,
1960,Unscored (no condition data),RPath,5480,2.0,,,,,,,,,30,2,2,,sidewalks,33.381,CON,1,2,2,1,2,2,0,0,0,0,0,0,1,2,0,0,0,0,0,0,0,0,0,0,0,0,0,2,0,0,0,0,0,0,0,0,0,0,0,0,0,0,0,0,0,0,0,0,0,0,1,0,0,0,0,0,3,1,0,0,0,0,0,0,0,0,0,0,0,0,0,0,0,1,0,0,1,0,0,0,0,0,0,0,1,1,1,0,0,0,0,0,0,0,0,0,5,0,,,,,,,,,,,,,,,,,,,,,,,,,,,,,,,,,,,0,,,,
1961,Unscored (no condition data),RPath,5482,2.0,,,,,,,,,30,2,2,,sidewalks,95.611,CON,1,2,2,1,2,0,0,0,0,0,0,0,1,2,2,0,0,0,0,0,0,0,0,0,0,0,0,2,0,0,0,0,0,0,0,0,0,0,0,0,0,0,0,0,0,0,0,0,0,0,1,0,0,0,0,0,3,1,0,0,0,0,0,0,0,0,0,0,0,0,0,0,0,1,0,0,1,0,0,0,0,0,0,0,1,1,1,0,0,0,0,0,0,0,0,0,5,0,,,,,,,,,,,,,,,,,,,,,,,,,,,,,,,,,,,0,,,,
1962,Unscored (no condition data),RPath,5492,2.0,,,,,,,,,34,2,2,,sidewalks,209.913,CON,1,2,2,1,2,0,0,0,0,0,0,0,1,2,2,0,0,0,0,0,0,0,0,0,0,5,0,2,0,0,0,0,0,0,0,0,0,0,0,0,0,0,0,0,0,0,0,0,0,0,1,0,0,0,0,0,3,1,0,0,0,0,0,0,0,0,0,0,0,0,0,0,0,0,0,0,1,0,0,0,0,0,0,0,1,1,1,0,0,0,0,0,0,0,0,0,5,0,,,,,,,,,,,,,,,,,,,,,,,,,,,,,,,,,,,0,,,,
1963,Unscored (no condition data),RPath,5504,2.0,,,,,,,,,31,2,2,,sidewalks,191.624,CON,1,2,2,1,0,0,0,0,0,0,0,0,1,2,2,0,0,0,0,0,0,0,0,0,0,5,0,2,0,0,0,0,0,0,0,0,0,0,0,0,0,0,0,0,0,0,0,0,0,0,0,0,0,0,0,0,0,1,0,0,0,0,0,0,0,0,0,0,0,0,0,0,0,1,0,0,1,2,0,0,0,0,0,0,1,1,1,0,0,0,0,0,0,0,0,0,5,0,,,,,,,,,,,,,,,,,,,,,,,,,,,,,,,,,,,0,,,,
1964,Unscored (no condition data),RPath,8644,2.0,,,,,,,,,37,2,2,,sidewalks,117.214,CON,1,2,2,1,0,0,1,0,0,0,0,0,1,0,0,0,0,0,0,0,0,0,0,0,0,0,0,2,0,0,0,0,0,0,0,0,0,0,0,0,0,0,0,0,0,0,0,0,1,0,1,2,2,0,0,0,3,1,0,0,0,0,0,0,0,0,0,0,0,0,0,0,0,1,2,0,1,2,0,0,0,0,0,3,1,1,1,0,0,0,0,0,0,0,0,0,5,0,,,,,,,,,,,,,,,,,,,,,,,,,,,,,,,,,,,0,,,,
1965,Unscored (no condition data),RPath,8652,2.0,,,,,,,,,44,2,2,,sidewalks,65.961,CON,0,0,0,0,0,0,0,0,0,0,0,0,1,2,2,0,0,0,1,2,2,0,0,0,0,5,3,0,0,0,0,1,0,0,0,0,0,0,0,0,0,0,0,0,1,0,0,0,1,0,1,2,0,0,0,0,3,1,0,0,0,0,0,0,0,0,0,0,0,0,0,0,0,1,2,0,1,2,2,0,0,0,0,0,1,1,1,0,0,0,0,0,0,0,0,0,5,0,,,,,,,,,,,,,,,,,,,,,,,,,,,,,,,,,,,0,,,,
1966,Unscored (no condition data),RPath,8668,2.0,,,,,,,,,46,3,2,,sidewalks,8.872,CON,0,0,0,0,0,0,0,0,0,0,0,0,1,2,2,0,0,0,1,2,2,0,0,0,0,5,3,0,0,0,0,1,0,0,0,0,0,0,0,0,0,0,0,0,1,0,0,0,1,0,1,2,2,0,0,0,3,1,0,0,0,0,0,0,0,0,0,0,0,0,0,0,0,1,2,0,1,2,2,0,0,0,0,0,1,1,1,0,0,0,0,0,0,0,0,0,5,0,,,,,,,,,,,,,,,,,,,,,,,,,,,,,,,,,,,0,,,,
1967,Unscored (no condition data),RPath,8739,2.0,,,,,,,,,31,2,2,,sidewalks,98.067,CON,1,2,0,0,0,0,0,0,0,0,0,0,1,2,0,1,0,0,0,0,0,0,0,0,0,0,3,0,1,0,0,0,0,0,0,0,0,0,0,0,0,0,0,0,1,0,0,0,0,0,1,2,0,0,0,0,0,1,0,0,0,0,0,0,1,2,0,0,0,0,0,0,0,0,0,0,1,0,0,0,0,0,0,0,1,1,1,1,2,0,0,0,0,0,0,0,5,0,,,,,,,,,,,,,,,,,,,,,,,,,,,,,,,,,,,0,,,,
1968,Unscored (no condition data),RPath,8751,2.0,,,,,,,,,48,3,2,,sidewalks,291.108,CON,1,2,2,0,0,0,0,0,0,0,0,0,1,2,0,0,0,0,0,0,0,0,0,0,0,0,0,2,0,0,0,0,0,0,1,0,0,0,0,0,0,0,0,0,0,0,0,0,1,1,1,2,2,5,0,0,3,1,0,0,0,0,0,0,0,0,0,0,0,0,0,0,0,0,0,0,1,2,2,0,0,0,5,3,1,1,1,0,0,0,0,0,0,0,0,0,5,0,,,,,,,,,,,,,,,,,,,,,,,,,,,,,,,,,,,0,,,,
1969,Unscored (no condition data),RPath,8784,2.0,,,,,,,,,48,3,2,,sidewalks,85.315,CON,1,2,2,0,0,0,0,0,0,0,0,0,1,2,0,0,0,0,0,0,0,0,0,0,0,0,0,2,0,0,0,0,0,0,0,0,0,0,0,0,0,0,0,0,0,0,0,0,1,1,1,2,2,5,0,4,0,1,0,0,0,0,0,0,0,0,0,0,0,0,0,0,0,1,2,2,1,0,0,0,0,0,0,3,1,1,0,1,2,2,0,0,0,0,0,0,5,0,,,,,,,,,,,,,,,,,,,,,,,,,,,,,,,,,,,0,,,,
1970,Unscored (no condition data),RPath,8787,2.0,,,,,,,,,43,2,2,,sidewalks,93.87,CON,1,2,2,0,0,0,0,0,0,0,0,0,1,2,0,0,0,0,0,0,0,0,0,0,0,0,0,2,0,0,0,0,0,0,0,0,0,0,0,0,0,0,0,0,0,0,0,0,1,1,1,2,2,5,0,4,0,1,0,0,0,0,0,0,0,0,0,0,0,0,0,0,0,1,2,0,0,0,0,0,0,0,0,3,1,1,0,1,2,0,0,0,0,0,0,0,5,0,,,,,,,,,,,,,,,,,,,,,,,,,,,,,,,,,,,0,,,,
1971,Unscored (no condition data),RPath,8791,2.0,,,,,,,,,48,3,2,,sidewalks,55.6,CON,1,2,2,0,0,0,0,0,0,0,0,0,1,0,0,0,0,0,0,0,0,0,0,0,0,5,0,2,0,0,0,0,0,0,0,0,0,0,0,0,0,0,0,0,0,0,0,0,1,1,1,2,2,5,5,4,0,1,0,0,0,0,0,0,0,0,0,0,0,0,0,0,0,1,0,0,0,0,0,0,0,0,0,3,1,1,1,1,0,0,0,0,0,0,0,0,5,0,,,,,,,,,,,,,,,,,,,,,,,,,,,,,,,,,,,0,,,,
1972,Unscored (no condition data),RPath,8960,2.0,,,,,,,,,48,3,2,,sidewalks,144.312,CON,1,2,0,1,0,0,1,0,0,0,0,0,1,2,2,1,0,0,0,0,0,0,0,0,0,5,0,2,0,0,0,0,0,0,1,0,0,0,0,0,0,0,0,0,0,0,0,0,0,0,1,2,2,0,0,0,3,1,0,0,0,0,0,0,0,0,0,0,0,0,0,0,0,1,2,2,1,2,2,0,0,0,0,3,1,0,1,0,0,0,0,0,0,0,0,0,5,0,,,,,,,,,,,,,,,,,,,,,,,,,,,,,,,,,,,0,,,,
1973,Unscored (no condition data),RPath,8972,2.0,,,,,,,,,48,3,2,,sidewalks,65.916,HMAC,1,2,0,1,0,0,1,0,0,0,0,0,1,2,2,1,0,0,0,0,0,0,0,0,0,5,0,2,0,0,0,0,0,0,1,0,0,0,0,0,0,0,0,0,0,0,0,0,0,0,1,2,2,0,0,0,3,1,0,0,0,0,0,0,0,0,0,0,0,0,0,0,0,1,2,2,1,2,2,0,0,0,0,3,1,0,1,0,0,0,0,0,0,0,0,0,5,0,,,,,,,,,,,,,,,,,,,,,,,,,,,,,,,,,,,0,,,,
1974,Unscored (no condition data),RPath,9361,2.0,,,,,,,,,41,2,2,,sidewalks,66.157,CON,1,2,2,0,0,0,0,0,0,0,0,0,0,0,0,0,0,0,0,0,0,0,0,0,5,0,0,0,0,0,0,1,2,2,0,0,0,0,0,0,0,0,0,0,0,0,0,0,1,1,1,2,2,0,5,4,0,1,0,0,0,0,0,0,0,0,0,0,0,0,0,0,0,1,0,0,0,0,0,0,0,0,0,0,1,1,1,0,0,0,0,0,0,0,0,0,5,0,,,,,,,,,,,,,,,,,,,,,,,,,,,,,,,,,,,0,,,,
1975,Unscored (no condition data),RPath,9633,2.0,,,,,,,,,48,3,2,,sidewalks,103.205,HMAC,1,2,2,1,0,0,0,0,0,0,0,0,1,2,0,1,2,0,0,0,0,0,0,0,0,5,0,2,0,0,0,0,0,0,1,0,0,0,0,0,0,0,0,5,0,0,0,0,0,0,1,2,0,0,0,0,0,1,0,0,0,0,0,0,1,0,0,0,0,0,0,0,0,1,0,0,1,0,0,0,0,0,0,3,1,1,1,1,2,2,0,0,0,0,0,0,5,0,,,,,,,,,,,,,,,,,,,,,,,,,,,,,,,,,,,0,,,,
1976,Unscored (no condition data),RPath,9634,2.0,,,,,,,,,42,2,2,,sidewalks,93.874,HMAC,1,2,2,1,0,0,0,0,0,0,0,0,1,0,0,1,0,0,0,0,0,0,0,0,0,5,0,2,0,0,0,0,0,0,0,0,0,0,0,0,0,0,0,5,0,0,0,0,0,0,1,2,0,0,0,0,0,1,0,0,0,0,0,0,1,0,0,0,0,0,0,0,0,0,0,0,1,0,0,0,0,0,0,3,1,1,1,1,2,2,0,0,0,0,0,0,5,0,,,,,,,,,,,,,,,,,,,,,,,,,,,,,,,,,,,0,,,,
1977,Unscored (no condition data),RPath,9635,2.0,,,,,,,,,41,2,2,,sidewalks,91.522,HMAC,1,2,2,1,0,0,0,0,0,0,0,0,1,0,0,1,0,0,0,0,0,0,0,0,0,5,0,2,0,0,0,0,0,0,0,0,0,0,0,0,0,0,0,5,0,0,0,0,0,0,1,2,0,0,0,0,0,1,0,0,0,0,0,0,0,0,0,0,0,0,0,0,0,0,0,0,1,0,0,0,0,0,0,3,1,1,1,1,2,2,0,0,0,0,0,0,5,0,,,,,,,,,,,,,,,,,,,,,,,,,,,,,,,,,,,0,,,,
1978,Unscored (no condition data),RPath,9636,2.0,,,,,,,,,35,2,2,,sidewalks,96.383,HMAC,1,2,2,0,0,0,0,0,0,0,0,0,0,0,0,0,0,0,0,0,0,0,0,0,0,5,0,2,0,0,0,0,0,0,0,0,0,0,0,0,0,0,0,5,0,0,0,0,0,0,1,2,0,0,0,0,0,1,0,0,0,0,0,0,0,0,0,0,0,0,0,0,0,0,0,0,0,0,0,0,0,0,0,3,1,1,1,1,2,0,0,0,0,0,0,0,5,0,,,,,,,,,,,,,,,,,,,,,,,,,,,,,,,,,,,0,,,,
1979,Unscored (no condition data),RPath,9637,2.0,,,,,,,,,33,2,2,,sidewalks,97.44,HMAC,1,2,2,0,0,0,0,0,0,0,0,0,0,0,0,0,0,0,0,0,0,0,0,0,0,5,0,2,0,0,0,0,0,0,0,0,0,0,0,0,0,0,0,5,0,0,0,0,0,0,1,0,0,0,0,0,0,1,0,0,0,0,0,0,0,0,0,0,0,0,0,0,0,0,0,0,0,0,0,0,0,0,0,3,1,1,1,1,2,0,0,0,0,0,0,0,5,0,,,,,,,,,,,,,,,,,,,,,,,,,,,,,,,,,,,0,,,,
1980,Unscored (no condition data),RPath,9638,2.0,,,,,,,,,31,2,2,,sidewalks,57.597,HMAC,1,2,2,0,0,0,0,0,0,0,0,0,0,0,0,0,0,0,0,0,0,0,0,0,0,5,0,0,0,0,0,0,0,0,0,0,0,0,0,0,0,0,0,5,0,0,0,0,0,0,1,2,0,0,0,0,0,1,0,0,0,0,0,0,0,0,0,0,0,0,0,0,0,0,0,0,0,0,0,0,0,0,0,3,1,1,1,1,0,0,0,0,0,0,0,0,5,0,,,,,,,,,,,,,,,,,,,,,,,,,,,,,,,,,,,0,,,,
1981,Unscored (no condition data),RPath,9640,2.0,,,,,,,,,32,2,2,,sidewalks,148.887,HMAC,1,2,2,0,0,0,0,0,0,0,0,0,0,0,0,0,0,0,0,0,0,0,0,0,0,5,0,2,0,0,0,0,0,0,0,0,0,0,0,0,0,0,0,5,0,0,0,0,0,0,1,2,2,0,0,0,0,1,0,0,0,0,0,0,0,0,0,0,0,0,0,0,0,0,0,0,0,0,0,0,0,0,0,0,1,1,1,1,0,0,0,0,0,0,0,0,5,0,,,,,,,,,,,,,,,,,,,,,,,,,,,,,,,,,,,0,,,,
1982,Unscored (no condition data),RPath,9702,2.0,,,,,,,,,46,3,2,,sidewalks,23.644,CON,1,2,0,1,2,0,1,2,0,0,0,0,0,0,0,0,0,0,0,0,0,0,0,0,0,0,0,2,0,0,0,0,0,0,0,0,0,0,0,0,0,0,0,0,0,0,0,0,0,0,1,2,2,5,0,4,3,1,0,0,0,0,0,0,0,0,0,0,0,0,0,0,0,1,2,0,1,2,0,0,0,0,0,3,1,1,1,0,0,0,0,0,0,0,0,0,5,0,,,,,,,,,,,,,,,,,,,,,,,,,,,,,,,,,,,0,,,,
1983,Unscored (no condition data),RPath,9717,2.0,,,,,,,,,46,3,2,,sidewalks,264.534,CON,1,2,2,1,2,0,1,2,0,0,0,0,0,0,0,0,0,0,0,0,0,0,0,0,0,0,0,2,0,0,0,0,0,0,0,0,0,0,0,0,0,0,0,0,0,0,0,0,1,1,1,2,2,5,0,4,0,1,0,0,0,0,0,0,0,0,0,0,0,0,0,0,0,1,2,2,0,0,0,0,0,0,0,3,1,1,1,0,0,0,0,0,0,0,0,0,5,0,,,,,,,,,,,,,,,,,,,,,,,,,,,,,,,,,,,0,,,,
1984,Unscored (no condition data),RPath,10407,2.0,,,,,,,,,36,2,2,,sidewalks,150.977,CON,1,2,2,0,0,0,0,0,0,0,0,0,1,2,0,0,0,0,0,0,0,0,0,0,0,0,0,0,0,0,0,1,2,0,1,0,0,1,0,0,1,2,2,0,1,0,0,0,0,0,1,0,0,0,0,4,0,0,1,0,0,0,0,0,0,0,0,0,0,0,0,0,0,1,0,0,1,0,0,0,0,0,0,0,1,1,1,1,0,0,0,0,0,0,0,0,5,0,,,,,,,,,,,,,,,,,,,,,,,,,,,,,,,,,,,0,,,,
1985,Unscored (no condition data),RPath,10452,2.0,,,,,,,,,30,2,2,,sidewalks,39.616,CON,1,2,0,0,0,0,0,0,0,0,0,0,0,0,0,0,0,0,0,0,0,0,0,0,0,5,0,0,0,0,0,0,0,0,0,0,0,0,0,0,0,0,0,0,0,0,0,0,0,0,1,2,2,5,5,0,0,1,0,0,0,0,0,0,0,0,0,0,0,0,0,0,0,0,0,0,0,0,0,0,0,0,0,0,1,1,1,0,0,0,0,0,0,0,0,0,0,3,,,,,,,,,,,,,,,,,,,,,,,,,,,,,,,,,,,0,,,,
1986,Unscored (no condition data),RPath,10453,2.0,,,,,,,,,34,2,2,,sidewalks,428.203,CON,1,2,2,0,0,0,0,0,0,0,0,0,0,0,0,0,0,0,0,0,0,0,0,0,0,5,0,2,0,0,0,0,0,0,0,0,0,0,0,0,0,0,0,0,0,0,0,0,0,0,1,2,2,5,5,0,0,1,0,0,0,0,0,0,0,0,0,0,0,0,0,0,0,0,0,0,0,0,0,0,0,0,0,0,1,1,1,0,0,0,0,0,0,0,0,0,0,3,,,,,,,,,,,,,,,,,,,,,,,,,,,,,,,,,,,0,,,,
1987,Unscored (no condition data),RPath,11065,2.0,,,,,,,,,34,2,2,,sidewalks,6.7,CON,1,2,2,1,2,0,0,0,0,0,0,0,0,0,0,1,0,0,0,0,0,0,0,0,0,0,0,0,0,0,0,0,0,0,1,2,2,0,0,0,0,0,0,0,1,0,0,0,0,0,1,2,2,0,5,0,3,0,0,0,0,0,0,0,1,2,0,0,0,0,0,0,0,0,0,0,0,0,0,0,0,0,0,0,1,1,1,0,0,0,0,0,0,0,0,0,0,0,,,,,,,,,,,,,,,,,,,,,,,,,,,,,,,,,,,0,,,,
1988,Unscored (no condition data),RPath,1647,2.0,,,,,,,,,39,2,2,,walkways,40.483,HMAC,1,2,2,1,2,0,1,2,0,0,0,0,0,0,0,0,0,0,0,0,0,0,0,0,0,5,0,2,0,0,0,0,0,0,1,2,0,0,0,0,0,0,0,0,0,0,0,0,0,0,1,2,0,0,0,0,0,1,0,0,0,0,0,0,0,0,0,0,0,0,0,0,0,1,2,0,0,0,0,0,0,0,0,3,1,1,1,0,0,0,0,0,0,0,0,0,5,0,,,,,,,,,,,,,,,,,,,,,,,,,,,,,,,,,,,0,,,,
1989,Unscored (no condition data),RPath,1678,2.0,,,,,,,,,43,2,2,,walkways,31.108,HMAC,1,2,2,1,0,0,1,0,0,1,2,0,1,2,0,0,0,0,0,0,0,0,0,0,0,5,0,2,0,0,0,0,0,0,1,2,2,0,0,0,0,0,0,0,0,0,0,0,0,0,1,2,0,0,0,0,0,0,0,0,0,0,0,0,0,0,0,0,0,0,1,2,0,0,0,0,1,2,0,0,0,0,0,3,0,1,0,0,0,0,0,0,0,0,0,0,5,0,,,,,,,,,,,,,,,,,,,,,,,,,,,,,,,,,,,0,,,,
1990,Unscored (no condition data),RPath,1679,2.0,,,,,,,,,46,3,2,,walkways,46.594,HMAC,1,2,2,1,0,0,1,0,0,1,2,0,1,2,0,0,0,0,0,0,0,0,0,0,0,5,0,2,0,0,0,0,0,0,1,2,2,0,0,0,0,0,0,0,0,0,0,0,0,0,1,2,2,0,0,0,0,1,0,0,0,0,0,0,0,0,0,0,0,0,1,2,0,0,0,0,1,2,0,0,0,0,0,3,0,1,0,0,0,0,0,0,0,0,0,0,5,0,,,,,,,,,,,,,,,,,,,,,,,,,,,,,,,,,,,0,,,,
1991,Unscored (no condition data),RPath,1880,2.0,,,,,,,,,32,2,2,,walkways,50.577,SS,1,2,2,1,0,0,0,0,0,0,0,0,1,0,0,1,0,0,0,0,0,0,0,0,0,5,0,2,0,0,0,0,0,0,1,0,0,0,0,0,1,0,0,0,0,0,0,0,0,0,1,0,0,0,0,0,3,0,0,0,0,0,0,0,0,0,0,0,0,0,0,0,0,1,2,0,0,0,0,0,0,0,0,0,1,1,1,0,0,0,0,0,0,0,0,0,5,0,,,,,,,,,,,,,,,,,,,,,,,,,,,,,,,,,,,0,,,,
1992,Unscored (no condition data),RPath,1882,2.0,,,,,,,,,37,2,2,,walkways,49.858,SS,1,2,2,1,2,2,1,2,2,0,0,0,1,0,0,1,0,0,0,0,0,0,0,0,0,5,0,2,0,0,0,1,0,0,0,0,0,0,0,0,0,0,0,0,0,0,0,0,0,0,0,0,0,0,0,0,3,0,0,0,0,0,0,0,0,0,0,0,0,0,0,0,0,1,0,0,0,0,0,0,0,0,0,0,1,1,1,0,0,0,0,0,0,0,0,0,5,0,,,,,,,,,,,,,,,,,,,,,,,,,,,,,,,,,,,0,,,,
1993,Unscored (no condition data),RPath,1885,2.0,,,,,,,,,43,2,2,,walkways,41.287,HMAC,1,2,2,1,0,0,1,0,0,0,0,0,1,2,2,0,0,0,0,0,0,0,0,0,0,5,0,2,0,0,0,0,0,0,0,0,0,0,0,0,0,0,0,0,0,0,0,0,1,0,1,2,0,0,0,0,0,1,0,0,0,0,0,0,0,0,0,0,0,0,0,0,0,1,2,2,1,0,0,0,0,0,0,3,1,1,0,1,2,0,0,0,0,0,0,0,5,0,,,,,,,,,,,,,,,,,,,,,,,,,,,,,,,,,,,0,,,,
1994,Unscored (no condition data),RPath,1886,2.0,,,,,,,,,48,3,2,,walkways,41.673,SS,1,2,2,1,2,2,1,2,2,1,2,0,1,2,0,0,0,0,0,0,0,0,0,0,0,5,0,2,0,0,0,0,0,0,1,2,0,0,0,0,0,0,0,0,0,0,0,0,0,0,1,0,0,0,0,0,0,1,0,0,0,0,0,0,0,0,0,0,0,0,0,0,0,0,0,0,1,0,0,0,0,0,5,3,0,1,0,0,0,0,0,0,0,0,0,0,5,0,,,,,,,,,,,,,,,,,,,,,,,,,,,,,,,,,,,0,,,,
1995,Unscored (no condition data),RPath,1887,2.0,,,,,,,,,37,2,2,,walkways,36.652,SS,1,2,2,1,0,0,1,0,0,0,0,0,0,0,0,0,0,0,0,0,0,0,0,0,0,5,0,2,0,0,0,0,0,0,1,2,0,0,0,0,0,0,0,0,0,0,0,0,0,0,1,2,0,0,0,0,0,1,0,0,0,0,0,0,0,0,0,0,0,0,0,0,0,1,2,2,0,0,0,0,0,0,0,3,1,1,1,0,0,0,0,0,0,0,0,0,5,0,,,,,,,,,,,,,,,,,,,,,,,,,,,,,,,,,,,0,,,,
1996,Unscored (no condition data),PTrail,747,2.0,,,,,,,,,43,2,2,,trails,25.524,Asphalt,1,2,2,1,0,0,1,0,0,1,0,0,1,2,2,0,0,0,0,0,0,0,0,0,0,5,0,2,0,0,0,0,0,0,1,0,0,0,0,0,0,0,0,0,1,0,0,0,1,0,1,2,0,0,0,0,0,0,0,0,0,0,0,0,0,0,0,0,0,0,0,0,0,1,2,2,1,2,0,0,0,0,0,3,0,1,0,0,0,0,0,0,0,0,0,0,5,0,,,,,,,,,,,,,,,,,,,,,,,,,,,,,,,,,,,0,,,,
1997,Unscored (no condition data),PTrail,748,2.0,,,,,,,,,39,2,2,,trails,38.545,Asphalt,1,2,2,1,0,0,1,0,0,0,0,0,1,2,2,0,0,0,0,0,0,0,0,0,0,5,0,2,0,0,0,0,0,0,0,0,0,0,0,0,0,0,0,0,0,0,0,0,1,0,1,2,0,0,0,0,0,1,0,0,0,0,0,0,0,0,0,0,0,0,0,0,0,1,2,0,1,2,0,0,0,0,0,3,0,1,0,0,0,0,0,0,0,0,0,0,5,0,,,,,,,,,,,,,,,,,,,,,,,,,,,,,,,,,,,0,,,,
1998,Unscored (no condition data),PTrail,751,2.0,,,,,,,,,40,2,2,,trails,24.452,Asphalt,1,2,2,1,0,0,1,0,0,0,0,0,1,2,2,0,0,0,0,0,0,0,0,0,0,5,0,2,0,0,0,0,0,0,0,0,0,0,0,0,0,0,0,0,0,0,0,0,1,0,1,2,0,0,0,0,0,0,0,0,0,0,0,0,0,0,0,0,0,0,0,0,0,1,2,2,1,2,0,0,0,0,0,3,0,1,0,0,0,0,0,0,0,0,0,0,5,0,,,,,,,,,,,,,,,,,,,,,,,,,,,,,,,,,,,0,,,,
1999,Unscored (no condition data),PTrail,752,2.0,,,,,,,,,39,2,2,,trails,47.349,Asphalt,1,2,2,1,0,0,1,0,0,0,0,0,1,2,0,0,0,0,0,0,0,0,0,0,0,5,0,2,0,0,0,0,0,0,0,0,0,0,0,0,0,0,0,0,0,0,0,0,1,1,1,2,2,0,0,0,0,1,0,0,0,0,0,0,1,0,0,0,0,0,0,0,0,1,2,0,1,0,0,0,0,0,0,3,0,1,0,0,0,0,0,0,0,0,0,0,5,0,,,,,,,,,,,,,,,,,,,,,,,,,,,,,,,,,,,0,,,,
2000,Unscored (no condition data),PTrail,753,2.0,,,,,,,,,46,3,2,,trails,37.857,Asphalt,1,2,2,1,2,0,1,2,0,0,0,0,1,0,0,1,2,0,0,0,0,0,0,0,0,5,0,2,0,0,0,0,0,0,1,2,2,0,0,0,1,0,0,0,1,2,0,0,1,0,1,2,0,0,0,0,0,1,0,0,0,0,0,0,0,0,0,0,0,0,0,0,0,0,0,0,1,0,0,0,0,0,0,3,1,0,0,0,0,0,0,0,0,0,0,0,5,0,,,,,,,,,,,,,,,,,,,,,,,,,,,,,,,,,,,0,,,,
2001,Unscored (no condition data),PTrail,754,2.0,,,,,,,,,42,2,2,,trails,39.913,Asphalt,1,2,2,1,2,0,1,2,0,0,0,0,1,0,0,1,2,0,0,0,0,0,0,0,0,5,0,2,0,0,0,0,0,0,1,2,2,0,0,0,1,0,0,0,1,0,0,0,1,0,1,2,2,0,0,0,0,0,0,0,0,0,0,0,0,0,0,0,0,0,0,0,0,0,0,0,1,0,0,0,0,0,0,0,1,0,0,0,0,0,0,0,0,0,0,0,5,0,,,,,,,,,,,,,,,,,,,,,,,,,,,,,,,,,,,0,,,,
2002,Unscored (no condition data),PTrail,755,2.0,,,,,,,,,41,2,2,,trails,136.063,Asphalt,1,2,2,1,2,0,1,2,0,0,0,0,1,0,0,1,2,0,0,0,0,0,0,0,0,5,0,2,0,0,0,0,0,0,1,2,2,0,0,0,1,0,0,0,1,0,0,0,1,0,1,2,0,0,0,0,0,1,0,0,0,0,0,0,0,0,0,0,0,0,0,0,0,0,0,0,1,0,0,0,0,0,0,0,1,0,0,0,0,0,0,0,0,0,0,0,5,0,,,,,,,,,,,,,,,,,,,,,,,,,,,,,,,,,,,0,,,,
2003,Unscored (no condition data),PTrail,763,2.0,,,,,,,,,38,2,2,,trails,1815.092,Asphalt,1,2,2,0,0,0,0,0,0,0,0,0,1,2,0,0,0,0,0,0,0,0,0,0,0,5,3,0,0,0,0,0,0,0,1,2,0,0,0,0,0,0,0,0,1,2,0,0,0,0,0,0,0,0,5,0,0,0,0,0,0,0,0,0,0,0,0,0,0,0,0,0,0,0,0,0,1,2,0,0,0,0,0,0,1,1,1,0,0,0,0,0,0,0,0,0,5,0,,,,,,,,,,,,,,,,,,,,,,,,,,,,,,,,,,,1,,,,
2004,Unscored (no condition data),PTrail,768,2.0,,,,,,,,,48,3,2,,trails,296.499,Asphalt,1,2,2,1,2,0,0,0,0,0,0,0,1,2,0,0,0,0,0,0,0,0,0,0,5,5,0,0,0,0,0,0,0,0,1,2,2,0,0,0,0,0,0,0,1,0,0,0,0,0,1,2,0,0,0,0,0,0,1,2,0,0,0,0,0,0,0,0,0,0,0,0,0,1,2,0,1,2,0,0,0,0,0,0,1,1,1,1,0,0,0,0,0,0,0,0,5,0,,,,,,,,,,,,,,,,,,,,,,,,,,,,,,,,,,,0,,,,
2005,Unscored (no condition data),PTrail,769,2.0,,,,,,,,,43,2,2,,trails,25.551,Asphalt,1,2,2,1,2,0,0,0,0,0,0,0,1,2,2,0,0,0,0,0,0,0,0,0,0,5,0,0,0,0,0,0,0,0,1,0,0,0,0,0,0,0,0,0,0,0,0,0,0,0,1,2,0,0,0,0,0,0,1,2,2,0,0,0,0,0,0,0,0,0,0,0,0,1,2,2,1,0,0,0,0,0,0,0,1,0,1,1,2,0,0,0,0,0,0,0,5,0,,,,,,,,,,,,,,,,,,,,,,,,,,,,,,,,,,,0,,,,
2006,Unscored (no condition data),PTrail,770,2.0,,,,,,,,,48,3,2,,trails,20.755,Asphalt,1,2,2,1,2,0,0,0,0,0,0,0,1,2,2,0,0,0,0,0,0,0,0,0,0,5,0,0,0,0,0,0,0,0,1,0,0,0,0,0,0,0,0,0,1,0,0,0,0,0,1,2,2,0,0,0,0,0,1,2,2,0,0,0,0,0,0,0,0,0,0,0,0,1,2,2,1,0,0,0,0,0,0,0,1,0,1,1,2,2,0,0,0,0,0,0,5,0,,,,,,,,,,,,,,,,,,,,,,,,,,,,,,,,,,,0,,,,
2007,Unscored (no condition data),PTrail,771,2.0,,,,,,,,,44,2,2,,trails,108.876,Asphalt,1,2,2,1,2,2,0,0,0,0,0,0,1,2,2,0,0,0,0,0,0,0,0,0,0,5,0,0,0,0,0,0,0,0,0,0,0,0,0,0,0,0,0,0,0,0,0,0,0,0,1,2,0,0,0,0,0,0,1,2,2,0,0,0,0,0,0,0,0,0,0,0,0,1,2,2,1,0,0,0,0,0,0,0,1,0,1,1,2,0,0,0,0,0,0,0,5,0,,,,,,,,,,,,,,,,,,,,,,,,,,,,,,,,,,,0,,,,
2008,Unscored (no condition data),PTrail,772,2.0,,,,,,,,,40,2,2,,trails,62.088,Asphalt,1,2,2,1,2,2,0,0,0,0,0,0,1,2,2,0,0,0,0,0,0,0,0,0,0,5,0,0,0,0,0,0,0,0,0,0,0,0,0,0,0,0,0,0,0,0,0,0,0,0,1,2,0,0,0,0,0,0,1,2,0,0,0,0,0,0,0,0,0,0,0,0,0,1,2,0,1,0,0,0,0,0,0,0,1,0,1,1,2,0,0,0,0,0,0,0,5,0,,,,,,,,,,,,,,,,,,,,,,,,,,,,,,,,,,,0,,,,
2009,Unscored (no condition data),PTrail,773,2.0,,,,,,,,,40,2,2,,trails,153.349,Asphalt,1,2,2,1,2,2,0,0,0,0,0,0,1,2,2,0,0,0,0,0,0,0,0,0,0,5,0,0,0,0,0,0,0,0,0,0,0,0,0,0,0,0,0,0,0,0,0,0,0,0,1,2,0,0,0,0,0,0,1,2,0,0,0,0,0,0,0,0,0,0,0,0,0,1,2,0,1,0,0,0,0,0,0,0,1,0,1,1,2,0,0,0,0,0,0,0,5,0,,,,,,,,,,,,,,,,,,,,,,,,,,,,,,,,,,,0,,,,
2010,Unscored (no condition data),PTrail,774,2.0,,,,,,,,,42,2,2,,trails,82.458,Asphalt,1,2,2,1,2,2,0,0,0,0,0,0,1,2,2,0,0,0,0,0,0,0,0,0,0,5,0,0,0,0,0,0,0,0,0,0,0,0,0,0,0,0,0,0,0,0,0,0,0,0,1,2,0,0,0,0,0,0,1,2,0,0,0,0,0,0,0,0,0,0,0,0,0,1,2,0,1,2,0,0,0,0,0,0,1,0,1,1,2,0,0,0,0,0,0,0,5,0,,,,,,,,,,,,,,,,,,,,,,,,,,,,,,,,,,,0,,,,
2011,Unscored (no condition data),PTrail,775,2.0,,,,,,,,,40,2,2,,trails,30.163,Asphalt,1,2,2,1,2,2,0,0,0,0,0,0,1,2,2,0,0,0,0,0,0,0,0,0,0,5,0,0,0,0,0,0,0,0,0,0,0,0,0,0,0,0,0,0,0,0,0,0,0,0,1,2,0,0,0,0,0,0,1,2,0,0,0,0,0,0,0,0,0,0,0,0,0,1,2,0,1,2,0,0,0,0,0,0,1,0,1,1,0,0,0,0,0,0,0,0,5,0,,,,,,,,,,,,,,,,,,,,,,,,,,,,,,,,,,,0,,,,
2012,Unscored (no condition data),PTrail,776,2.0,,,,,,,,,40,2,2,,trails,76.649,Asphalt,1,2,2,1,2,2,0,0,0,0,0,0,1,2,2,0,0,0,0,0,0,0,0,0,0,5,0,0,0,0,0,0,0,0,0,0,0,0,0,0,0,0,0,0,0,0,0,0,0,0,1,2,0,0,0,0,0,0,1,2,0,0,0,0,0,0,0,0,0,0,0,0,0,1,2,0,1,2,0,0,0,0,0,0,1,0,1,1,0,0,0,0,0,0,0,0,5,0,,,,,,,,,,,,,,,,,,,,,,,,,,,,,,,,,,,0,,,,
2013,Unscored (no condition data),PTrail,777,2.0,,,,,,,,,36,2,2,,trails,15.233,Asphalt,1,2,2,1,2,2,0,0,0,0,0,0,1,2,0,0,0,0,0,0,0,0,0,0,0,5,0,0,0,0,0,0,0,0,0,0,0,0,0,0,0,0,0,0,0,0,0,0,0,0,1,2,0,0,0,0,0,0,1,0,0,0,0,0,0,0,0,0,0,0,0,0,0,1,2,0,1,2,0,0,0,0,0,0,1,0,1,1,0,0,0,0,0,0,0,0,5,0,,,,,,,,,,,,,,,,,,,,,,,,,,,,,,,,,,,0,,,,
2014,Unscored (no condition data),PTrail,778,2.0,,,,,,,,,38,2,2,,trails,176.643,Asphalt,1,2,2,1,0,0,0,0,0,0,0,0,1,2,0,0,0,0,0,0,0,0,0,0,0,5,0,2,0,0,0,0,0,0,0,0,0,0,0,0,0,0,0,5,0,0,0,0,0,0,1,0,0,5,0,0,3,1,0,0,0,0,0,0,0,0,0,0,0,0,0,0,0,0,0,0,0,0,0,0,0,0,0,0,1,0,1,0,0,0,0,0,0,0,0,0,5,0,,,,,,,,,,,,,,,,,,,,,,,,,,,,,,,,,,,0,,,,
2015,Unscored (no condition data),PTrail,779,2.0,,,,,,,,,47,3,2,,trails,731.61,Asphalt,1,2,2,1,2,2,0,0,0,0,0,0,1,2,2,0,0,0,0,0,0,0,0,0,5,5,0,0,0,0,0,0,0,0,1,0,0,0,0,0,0,0,0,0,0,0,0,0,0,0,1,2,0,0,0,0,0,0,1,2,2,0,0,0,0,0,0,0,0,0,0,0,0,1,2,0,1,0,0,0,0,0,0,0,1,1,1,1,0,0,0,0,0,0,0,0,5,0,,,,,,,,,,,,,,,,,,,,,,,,,,,,,,,,,,,0,,,,
2016,Unscored (no condition data),PTrail,780,2.0,,,,,,,,,42,2,2,,trails,18.696,Asphalt,1,2,2,1,2,2,0,0,0,0,0,0,1,2,2,0,0,0,0,0,0,0,0,0,0,5,0,0,0,0,0,0,0,0,0,0,0,0,0,0,0,0,0,0,0,0,0,0,0,0,1,2,0,0,0,0,0,0,1,2,0,0,0,0,0,0,0,0,0,0,0,0,0,1,2,0,1,2,0,0,0,0,0,0,1,0,1,1,2,0,0,0,0,0,0,0,5,0,,,,,,,,,,,,,,,,,,,,,,,,,,,,,,,,,,,0,,,,
2017,Unscored (no condition data),PTrail,781,2.0,,,,,,,,,40,2,2,,trails,60.311,Asphalt,1,2,2,1,2,2,0,0,0,0,0,0,1,2,2,0,0,0,0,0,0,0,0,0,0,5,0,0,0,0,0,0,0,0,0,0,0,0,0,0,0,0,0,0,0,0,0,0,0,0,1,2,0,0,0,0,0,0,1,2,0,0,0,0,0,0,0,0,0,0,0,0,0,1,2,0,1,0,0,0,0,0,0,0,1,0,1,1,2,0,0,0,0,0,0,0,5,0,,,,,,,,,,,,,,,,,,,,,,,,,,,,,,,,,,,0,,,,
2018,Unscored (no condition data),PTrail,782,2.0,,,,,,,,,42,2,2,,trails,59.606,Asphalt,1,2,2,1,2,2,0,0,0,0,0,0,1,2,2,0,0,0,0,0,0,0,0,0,0,5,0,0,0,0,0,0,0,0,0,0,0,0,0,0,0,0,0,0,0,0,0,0,0,0,1,2,0,0,0,0,0,0,1,2,0,0,0,0,0,0,0,0,0,0,0,0,0,1,2,0,1,2,0,0,0,0,0,0,1,0,1,1,2,0,0,0,0,0,0,0,5,0,,,,,,,,,,,,,,,,,,,,,,,,,,,,,,,,,,,0,,,,
2019,Unscored (no condition data),PTrail,783,2.0,,,,,,,,,43,2,2,,trails,137.74,Asphalt,1,2,2,1,2,2,0,0,0,0,0,0,1,2,2,0,0,0,0,0,0,0,0,0,0,5,0,0,0,0,0,0,0,0,1,0,0,0,0,0,0,0,0,0,0,0,0,0,0,0,1,2,0,0,0,0,0,0,1,2,0,0,0,0,0,0,0,0,0,0,0,0,0,1,2,0,1,2,0,0,0,0,0,0,1,0,1,1,2,0,0,0,0,0,0,0,5,0,,,,,,,,,,,,,,,,,,,,,,,,,,,,,,,,,,,0,,,,
2020,Unscored (no condition data),PTrail,784,2.0,,,,,,,,,36,2,2,,trails,952.621,Asphalt,1,2,2,0,0,0,0,0,0,0,0,0,0,0,0,0,0,0,0,0,0,0,0,0,0,5,3,0,0,0,0,0,0,0,0,0,0,0,0,0,0,0,0,0,0,0,0,0,0,0,1,2,2,5,5,0,0,0,0,0,0,0,0,0,0,0,0,0,0,0,0,0,0,0,0,0,0,0,0,0,0,0,0,0,1,1,1,0,0,0,0,0,0,0,0,0,5,0,,,,,,,,,,,,,,,,,,,,,,,,,,,,,,,,,,,0,,,,
2021,Unscored (no condition data),PTrail,791,2.0,,,,,,,,,40,2,2,,trails,67.315,Asphalt,1,2,2,1,0,0,0,0,0,1,2,0,1,2,0,0,0,0,0,0,0,0,0,0,0,5,0,2,0,0,0,0,0,0,1,0,0,0,0,0,0,0,0,0,1,0,0,0,1,0,1,2,0,0,0,0,0,0,0,0,0,0,0,0,0,0,0,0,0,0,0,0,0,1,2,2,1,0,0,0,0,0,0,3,0,1,0,0,0,0,0,0,0,0,0,0,5,0,,,,,,,,,,,,,,,,,,,,,,,,,,,,,,,,,,,0,,,,
2022,Unscored (no condition data),PTrail,793,2.0,,,,,,,,,47,3,2,,trails,87.688,Asphalt,1,2,2,1,0,0,1,0,0,1,2,0,1,2,2,0,0,0,0,0,0,0,0,0,0,5,0,2,0,0,0,0,0,0,1,0,0,0,0,0,0,0,0,0,1,2,0,0,1,0,1,2,0,0,0,0,0,0,0,0,0,0,0,0,0,0,0,0,0,0,0,0,0,1,2,2,1,2,0,0,0,0,0,3,0,1,0,0,0,0,0,0,0,0,0,0,5,0,,,,,,,,,,,,,,,,,,,,,,,,,,,,,,,,,,,0,,,,
2023,Unscored (no condition data),PTrail,794,2.0,,,,,,,,,41,2,2,,trails,116.008,Asphalt,1,2,2,1,0,0,1,0,0,0,0,0,1,2,2,0,0,0,0,0,0,0,0,0,0,5,0,2,0,0,0,0,0,0,0,0,0,0,0,0,0,0,0,0,0,0,0,0,1,1,1,2,2,0,0,0,0,0,0,0,0,0,0,0,0,0,0,0,0,0,0,0,0,1,2,0,1,2,0,0,0,0,0,3,0,1,0,0,0,0,0,0,0,0,0,0,5,0,,,,,,,,,,,,,,,,,,,,,,,,,,,,,,,,,,,0,,,,
2024,Unscored (no condition data),PTrail,795,2.0,,,,,,,,,39,2,2,,trails,54.655,Asphalt,1,2,2,1,0,0,1,0,0,1,0,0,1,0,0,0,0,0,0,0,0,0,0,0,0,5,0,2,0,0,0,0,0,0,0,0,0,0,0,0,0,0,0,0,0,0,0,0,0,0,1,2,0,0,0,0,0,1,0,0,0,0,0,0,0,0,0,0,0,0,0,0,0,1,2,2,0,0,0,0,0,0,5,3,0,1,0,0,0,0,0,0,0,0,0,0,5,0,,,,,,,,,,,,,,,,,,,,,,,,,,,,,,,,,,,0,,,,
2025,Unscored (no condition data),PTrail,796,2.0,,,,,,,,,41,2,2,,trails,125.276,Asphalt,1,2,2,1,0,0,1,0,0,1,2,0,1,2,0,0,0,0,0,0,0,0,0,0,0,5,0,2,0,0,0,0,0,0,1,0,0,0,0,0,0,0,0,0,1,0,0,0,1,0,1,2,0,0,0,0,0,0,0,0,0,0,0,0,0,0,0,0,0,0,0,0,0,1,2,2,1,0,0,0,0,0,0,3,0,1,0,0,0,0,0,0,0,0,0,0,5,0,,,,,,,,,,,,,,,,,,,,,,,,,,,,,,,,,,,0,,,,
2026,Unscored (no condition data),PTrail,797,2.0,,,,,,,,,40,2,2,,trails,46.085,Asphalt,1,2,2,1,0,0,1,0,0,0,0,0,1,2,2,0,0,0,0,0,0,0,0,0,0,5,0,2,0,0,0,0,0,0,0,0,0,0,0,0,0,0,0,0,0,0,0,0,1,0,1,2,0,0,0,0,0,0,0,0,0,0,0,0,0,0,0,0,0,0,0,0,0,1,2,2,1,2,0,0,0,0,0,3,0,1,0,0,0,0,0,0,0,0,0,0,5,0,,,,,,,,,,,,,,,,,,,,,,,,,,,,,,,,,,,0,,,,
2027,Unscored (no condition data),PTrail,798,2.0,,,,,,,,,41,2,2,,trails,51.668,Asphalt,1,2,2,1,0,0,1,0,0,0,0,0,1,2,2,0,0,0,0,0,0,0,0,0,0,5,0,2,0,0,0,0,0,0,0,0,0,0,0,0,0,0,0,0,0,0,0,0,1,0,1,2,0,0,0,0,0,1,0,0,0,0,0,0,0,0,0,0,0,0,0,0,0,1,2,2,1,2,0,0,0,0,0,3,0,1,0,0,0,0,0,0,0,0,0,0,5,0,,,,,,,,,,,,,,,,,,,,,,,,,,,,,,,,,,,0,,,,
2028,Unscored (no condition data),PTrail,802,2.0,,,,,,,,,41,2,2,,trails,177.832,Asphalt,1,2,0,0,0,0,0,0,0,0,0,0,1,2,2,0,0,0,1,2,2,0,0,0,0,5,0,0,0,0,0,0,0,0,0,0,0,0,0,0,0,0,0,0,0,0,0,0,0,0,1,2,2,5,5,0,0,0,0,0,0,0,0,0,0,0,0,0,0,0,0,0,0,0,0,0,0,0,0,0,0,0,0,0,1,1,1,0,0,0,0,0,0,0,0,0,5,0,,,,,,,,,,,,,,,,,,,,,,,,,,,,,,,,,,,0,,,,
2029,Unscored (no condition data),PTrail,822,2.0,,,,,,,,,36,2,2,,trails,226.68,Asphalt,1,2,2,0,0,0,0,0,0,0,0,0,0,0,0,0,0,0,0,0,0,0,0,0,0,0,0,0,0,0,0,0,0,0,1,2,2,0,0,0,0,0,0,0,1,2,2,0,0,0,1,2,2,5,5,0,0,0,0,0,0,0,0,0,0,0,0,0,0,0,0,0,0,0,0,0,0,0,0,0,0,0,0,0,1,1,1,0,0,0,0,0,0,0,0,0,0,3,,,,,,,,,,,,,,,,,,,,,,,,,,,,,,,,,,,0,,,,
2030,Unscored (no condition data),PTrail,827,2.0,,,,,,,,,44,2,2,,trails,309.45,Asphalt,0,0,0,0,0,0,0,0,0,0,0,0,1,2,2,0,0,0,1,2,2,0,0,0,0,5,0,0,0,0,0,0,0,0,0,0,0,0,0,0,0,0,0,0,0,0,0,0,0,0,1,2,2,5,5,0,0,1,0,0,0,0,0,0,0,0,0,0,0,0,0,0,0,1,2,2,0,0,0,0,0,0,0,0,1,1,1,0,0,0,0,0,0,0,0,0,5,0,,,,,,,,,,,,,,,,,,,,,,,,,,,,,,,,,,,0,,,,
2031,Unscored (no condition data),PTrail,833,2.0,,,,,,,,,32,2,2,,trails,99.897,Asphalt,1,2,2,1,2,2,0,0,0,0,0,0,1,2,0,1,0,0,1,2,0,0,0,0,0,0,0,0,0,0,0,0,0,0,1,2,2,0,0,0,0,0,0,0,0,0,0,0,0,0,1,2,2,0,0,0,0,0,0,0,0,0,0,0,1,0,0,0,0,0,0,0,0,1,0,0,0,0,0,0,0,0,0,0,1,1,1,0,0,0,0,0,0,0,0,0,0,0,,,,,,,,,,,,,,,,,,,,,,,,,,,,,,,,,,,0,,,,
2032,Unscored (no condition data),PTrail,842,2.0,,,,,,,,,42,2,2,,trails,85.787,Asphalt,1,2,2,1,0,0,1,0,0,0,0,0,1,2,0,1,2,0,0,0,0,0,0,0,0,5,0,2,0,0,0,0,0,0,1,2,0,0,0,0,0,0,0,0,0,0,0,0,0,0,1,2,0,0,0,0,0,1,0,0,0,0,0,0,0,0,0,0,0,0,0,0,0,1,2,0,1,2,0,0,0,0,0,3,0,1,0,0,0,0,0,0,0,0,0,0,5,0,,,,,,,,,,,,,,,,,,,,,,,,,,,,,,,,,,,0,,,,
2033,Unscored (no condition data),PTrail,844,2.0,,,,,,,,,43,2,2,,trails,23.072,Asphalt,1,2,2,1,0,0,1,0,0,1,0,0,1,2,2,0,0,0,0,0,0,0,0,0,0,5,0,2,0,0,0,0,0,0,1,0,0,0,0,0,0,0,0,0,1,0,0,0,1,0,1,2,0,0,0,0,0,0,0,0,0,0,0,0,0,0,0,0,0,0,0,0,0,1,2,2,1,2,0,0,0,0,0,3,0,1,0,0,0,0,0,0,0,0,0,0,5,0,,,,,,,,,,,,,,,,,,,,,,,,,,,,,,,,,,,0,,,,
2034,Unscored (no condition data),PTrail,846,2.0,,,,,,,,,38,2,2,,trails,62.099,Asphalt,1,2,2,1,0,0,1,0,0,1,0,0,1,2,0,0,0,0,0,0,0,0,0,0,0,5,0,2,0,0,0,0,0,0,0,0,0,0,0,0,0,0,0,0,0,0,0,0,0,0,1,0,0,0,0,0,0,1,0,0,0,0,0,0,0,0,0,0,0,0,0,0,0,1,2,0,1,0,0,0,0,0,5,3,0,1,0,0,0,0,0,0,0,0,0,0,5,0,,,,,,,,,,,,,,,,,,,,,,,,,,,,,,,,,,,0,,,,
2035,Unscored (no condition data),PTrail,862,2.0,,,,,,,,,44,2,2,,trails,34.411,Asphalt,1,2,2,1,2,2,0,0,0,0,0,0,1,2,2,0,0,0,0,0,0,0,0,0,0,5,0,0,0,0,0,0,0,0,0,0,0,0,0,0,0,0,0,0,0,0,0,0,0,0,1,2,0,0,0,0,0,0,1,2,2,0,0,0,0,0,0,0,0,0,0,0,0,1,2,2,1,0,0,0,0,0,0,0,1,0,1,1,2,0,0,0,0,0,0,0,5,0,,,,,,,,,,,,,,,,,,,,,,,,,,,,,,,,,,,0,,,,
2036,Unscored (no condition data),PTrail,863,2.0,,,,,,,,,44,2,2,,trails,65.575,Asphalt,1,2,2,1,2,2,0,0,0,0,0,0,1,2,2,0,0,0,0,0,0,0,0,0,0,5,0,0,0,0,0,0,0,0,0,0,0,0,0,0,0,0,0,0,0,0,0,0,0,0,1,2,0,0,0,0,0,0,1,2,2,0,0,0,0,0,0,0,0,0,0,0,0,1,2,2,1,0,0,0,0,0,0,0,1,0,1,1,2,0,0,0,0,0,0,0,5,0,,,,,,,,,,,,,,,,,,,,,,,,,,,,,,,,,,,0,,,,
2037,Unscored (no condition data),PTrail,864,2.0,,,,,,,,,44,2,2,,trails,26.111,Asphalt,1,2,2,1,2,2,0,0,0,0,0,0,1,2,2,0,0,0,0,0,0,0,0,0,0,5,0,0,0,0,0,0,0,0,0,0,0,0,0,0,0,0,0,0,0,0,0,0,0,0,1,2,0,0,0,0,0,0,1,2,2,0,0,0,0,0,0,0,0,0,0,0,0,1,2,2,1,0,0,0,0,0,0,0,1,0,1,1,2,0,0,0,0,0,0,0,5,0,,,,,,,,,,,,,,,,,,,,,,,,,,,,,,,,,,,0,,,,
2038,Unscored (no condition data),PTrail,866,2.0,,,,,,,,,46,3,2,,trails,145.831,Asphalt,1,2,2,1,2,2,0,0,0,0,0,0,1,2,0,1,0,0,0,0,0,0,0,0,0,5,0,0,0,0,0,1,0,0,1,2,2,0,0,0,0,0,0,0,1,0,0,0,0,0,1,2,0,0,0,0,0,0,0,0,0,0,0,0,1,2,0,0,0,0,0,0,0,1,0,0,1,0,0,0,0,0,0,0,1,1,1,0,0,0,1,0,0,1,2,0,5,0,,,,,,,,,,,,,,,,,,,,,,,,,,,,,,,,,,,0,,,,
2039,Unscored (no condition data),PTrail,872,2.0,,,,,,,,,35,2,2,,trails,12.93,Asphalt,1,2,2,1,2,0,0,0,0,0,0,0,1,0,0,0,0,0,0,0,0,0,0,0,5,5,0,0,0,0,0,0,0,0,1,2,0,0,0,0,0,0,0,0,0,0,0,0,0,0,1,0,0,0,0,0,0,0,1,0,0,0,0,0,0,0,0,0,0,0,0,0,0,1,0,0,1,0,0,0,0,0,0,0,1,1,1,1,0,0,0,0,0,0,0,0,5,0,,,,,,,,,,,,,,,,,,,,,,,,,,,,,,,,,,,0,,,,
2040,Unscored (no condition data),PTrail,879,2.0,,,,,,,,,37,2,2,,trails,28.126,Asphalt,1,2,2,1,2,0,0,0,0,0,0,0,1,2,0,0,0,0,0,0,0,0,0,0,5,5,0,0,0,0,0,0,0,0,1,2,0,0,0,0,0,0,0,0,0,0,0,0,0,0,1,0,0,0,0,0,0,0,1,0,0,0,0,0,0,0,0,0,0,0,0,0,0,1,0,0,1,0,0,0,0,0,0,0,1,1,1,1,0,0,0,0,0,0,0,0,5,0,,,,,,,,,,,,,,,,,,,,,,,,,,,,,,,,,,,0,,,,
2041,Unscored (no condition data),PTrail,881,2.0,,,,,,,,,45,2,2,,trails,17.583,Asphalt,1,2,2,1,0,0,1,0,0,0,0,0,1,2,0,1,2,0,0,0,0,0,0,0,0,5,0,2,0,0,0,0,0,0,1,2,2,0,0,0,1,2,0,0,1,2,0,0,1,0,1,2,0,0,0,0,0,0,0,0,0,0,0,0,1,0,0,0,0,0,0,0,0,1,2,0,0,0,0,0,0,0,0,0,1,0,0,0,0,0,0,0,0,0,0,0,5,0,,,,,,,,,,,,,,,,,,,,,,,,,,,,,,,,,,,0,,,,
2042,Unscored (no condition data),PTrail,887,2.0,,,,,,,,,46,3,2,,trails,29.553,Asphalt,1,2,2,1,0,0,1,0,0,0,0,0,1,2,0,1,2,0,0,0,0,0,0,0,0,5,0,2,0,0,0,0,0,0,1,2,2,0,0,0,1,2,0,0,1,2,0,0,1,0,1,2,0,0,0,0,0,0,0,0,0,0,0,0,1,0,0,0,0,0,0,0,0,1,2,0,1,0,0,0,0,0,0,0,1,0,0,0,0,0,0,0,0,0,0,0,5,0,,,,,,,,,,,,,,,,,,,,,,,,,,,,,,,,,,,0,,,,
2043,Unscored (no condition data),PTrail,888,2.0,,,,,,,,,45,2,2,,trails,30.337,Asphalt,1,2,2,1,0,0,0,0,0,0,0,0,1,2,0,1,2,0,0,0,0,0,0,0,0,5,0,2,0,0,0,0,0,0,1,2,2,0,0,0,1,2,0,0,1,2,0,0,1,0,1,2,0,0,0,0,0,0,0,0,0,0,0,0,1,0,0,0,0,0,0,0,0,1,2,0,1,0,0,0,0,0,0,0,1,0,0,0,0,0,0,0,0,0,0,0,5,0,,,,,,,,,,,,,,,,,,,,,,,,,,,,,,,,,,,0,,,,
2044,Unscored (no condition data),PTrail,889,2.0,,,,,,,,,44,2,2,,trails,250.818,Asphalt,1,2,2,0,0,0,0,0,0,0,0,0,0,0,0,0,0,0,0,0,0,0,0,0,0,0,0,2,0,0,0,0,0,0,1,2,2,0,0,0,0,0,0,0,1,2,2,0,0,0,1,2,2,5,5,0,0,1,0,0,0,0,0,0,0,0,0,0,0,0,0,0,0,0,0,0,0,0,0,0,0,0,0,0,1,1,1,0,0,0,0,0,0,0,0,0,5,3,,,,,,,,,,,,,,,,,,,,,,,,,,,,,,,,,,,0,,,,
2045,Unscored (no condition data),PTrail,891,2.0,,,,,,,,,43,2,2,,trails,74.917,Asphalt,1,2,2,1,0,0,1,0,0,1,2,0,1,2,0,0,0,0,0,0,0,0,0,0,0,5,0,2,0,0,0,0,0,0,1,0,0,0,0,0,0,0,0,0,1,0,0,0,1,0,1,2,2,0,0,0,0,0,0,0,0,0,0,0,0,0,0,0,0,0,0,0,0,1,2,2,1,0,0,0,0,0,0,3,0,1,0,0,0,0,0,0,0,0,0,0,5,0,,,,,,,,,,,,,,,,,,,,,,,,,,,,,,,,,,,0,,,,
2046,Unscored (no condition data),PTrail,892,2.0,,,,,,,,,45,2,2,,trails,43.777,Asphalt,1,2,2,1,0,0,1,0,0,1,2,0,1,2,2,0,0,0,0,0,0,0,0,0,0,5,0,2,0,0,0,0,0,0,1,0,0,0,0,0,0,0,0,0,1,2,0,0,1,0,1,2,0,0,0,0,0,0,0,0,0,0,0,0,0,0,0,0,0,0,0,0,0,1,2,0,1,2,0,0,0,0,0,3,0,1,0,0,0,0,0,0,0,0,0,0,5,0,,,,,,,,,,,,,,,,,,,,,,,,,,,,,,,,,,,0,,,,
2047,Unscored (no condition data),PTrail,893,2.0,,,,,,,,,45,2,2,,trails,100.342,Asphalt,1,2,2,1,0,0,1,0,0,1,2,0,1,2,2,0,0,0,0,0,0,0,0,0,0,5,0,2,0,0,0,0,0,0,1,0,0,0,0,0,0,0,0,0,1,0,0,0,1,0,1,2,0,0,0,0,0,0,0,0,0,0,0,0,0,0,0,0,0,0,0,0,0,1,2,2,1,2,0,0,0,0,0,3,0,1,0,0,0,0,0,0,0,0,0,0,5,0,,,,,,,,,,,,,,,,,,,,,,,,,,,,,,,,,,,0,,,,
2048,Unscored (no condition data),PTrail,894,2.0,,,,,,,,,41,2,2,,trails,28.984,Asphalt,1,2,2,1,0,0,1,0,0,1,0,0,1,2,2,0,0,0,0,0,0,0,0,0,0,5,0,0,0,0,0,0,0,0,1,0,0,0,0,0,0,0,0,0,1,0,0,0,1,0,1,2,0,0,0,0,0,0,0,0,0,0,0,0,0,0,0,0,0,0,0,0,0,1,2,2,1,2,0,0,0,0,0,3,0,1,0,0,0,0,0,0,0,0,0,0,5,0,,,,,,,,,,,,,,,,,,,,,,,,,,,,,,,,,,,0,,,,
2049,Unscored (no condition data),PTrail,895,2.0,,,,,,,,,43,2,2,,trails,86.309,Asphalt,1,2,2,1,0,0,1,0,0,1,0,0,1,2,2,0,0,0,0,0,0,0,0,0,0,5,0,2,0,0,0,0,0,0,1,0,0,0,0,0,0,0,0,0,1,0,0,0,1,0,1,2,0,0,0,0,0,0,0,0,0,0,0,0,0,0,0,0,0,0,0,0,0,1,2,2,1,2,0,0,0,0,0,3,0,1,0,0,0,0,0,0,0,0,0,0,5,0,,,,,,,,,,,,,,,,,,,,,,,,,,,,,,,,,,,0,,,,
2050,Unscored (no condition data),PTrail,896,2.0,,,,,,,,,40,2,2,,trails,37.912,Asphalt,1,2,2,1,0,0,1,0,0,0,0,0,1,2,2,0,0,0,0,0,0,0,0,0,0,5,0,2,0,0,0,0,0,0,0,0,0,0,0,0,0,0,0,0,0,0,0,0,1,0,1,2,0,0,0,0,0,0,0,0,0,0,0,0,0,0,0,0,0,0,0,0,0,1,2,2,1,2,0,0,0,0,0,3,0,1,0,0,0,0,0,0,0,0,0,0,5,0,,,,,,,,,,,,,,,,,,,,,,,,,,,,,,,,,,,0,,,,
2051,Unscored (no condition data),PTrail,897,2.0,,,,,,,,,45,2,2,,trails,80.929,Asphalt,1,2,2,1,0,0,1,0,0,0,0,0,1,2,0,0,0,0,0,0,0,0,0,0,0,5,0,2,0,0,0,0,0,0,0,0,0,0,0,0,0,0,0,0,0,0,0,0,1,1,1,2,2,5,0,0,3,0,0,0,0,0,0,0,0,0,0,0,0,0,0,0,0,1,2,0,1,0,0,0,0,0,0,3,0,1,0,0,0,0,0,0,0,0,0,0,5,0,,,,,,,,,,,,,,,,,,,,,,,,,,,,,,,,,,,0,,,,
2052,Unscored (no condition data),PTrail,898,2.0,,,,,,,,,39,2,2,,trails,41.316,Asphalt,1,2,2,1,0,0,1,0,0,0,0,0,1,2,2,0,0,0,0,0,0,0,0,0,0,5,0,2,0,0,0,0,0,0,0,0,0,0,0,0,0,0,0,0,0,0,0,0,1,0,1,2,0,0,0,0,0,1,0,0,0,0,0,0,0,0,0,0,0,0,0,0,0,1,2,2,1,0,0,0,0,0,0,3,0,1,0,0,0,0,0,0,0,0,0,0,5,0,,,,,,,,,,,,,,,,,,,,,,,,,,,,,,,,,,,0,,,,
2053,Unscored (no condition data),PTrail,899,2.0,,,,,,,,,42,2,2,,trails,121.703,Asphalt,1,2,2,1,2,0,1,2,0,1,0,0,1,0,0,0,0,0,0,0,0,0,0,0,0,5,0,2,0,0,0,0,0,0,0,0,0,0,0,0,0,0,0,0,0,0,0,0,0,0,1,0,0,5,0,0,3,1,0,0,0,0,0,0,0,0,0,0,0,0,0,0,0,1,2,0,0,0,0,0,0,0,0,3,0,1,0,0,0,0,0,0,0,0,0,0,5,0,,,,,,,,,,,,,,,,,,,,,,,,,,,,,,,,,,,0,,,,
2054,Unscored (no condition data),PTrail,900,2.0,,,,,,,,,47,3,2,,trails,98.765,Asphalt,1,2,2,1,0,0,1,0,0,1,2,0,1,2,2,0,0,0,0,0,0,0,0,0,0,5,0,2,0,0,0,0,0,0,1,0,0,0,0,0,0,0,0,0,1,2,0,0,1,0,1,2,0,0,0,0,0,0,0,0,0,0,0,0,0,0,0,0,0,0,0,0,0,1,2,2,1,2,0,0,0,0,0,3,0,1,0,0,0,0,0,0,0,0,0,0,5,0,,,,,,,,,,,,,,,,,,,,,,,,,,,,,,,,,,,0,,,,
2055,Unscored (no condition data),PTrail,901,2.0,,,,,,,,,47,3,2,,trails,11.587,Asphalt,1,2,2,1,0,0,1,0,0,1,2,2,1,2,2,0,0,0,0,0,0,0,0,0,0,5,0,2,0,0,0,0,0,0,1,0,0,0,0,0,0,0,0,0,1,0,0,0,1,0,1,2,2,0,0,0,0,0,0,0,0,0,0,0,0,0,0,0,0,0,0,0,0,1,2,2,1,0,0,0,0,0,0,3,0,1,0,0,0,0,0,0,0,0,0,0,5,0,,,,,,,,,,,,,,,,,,,,,,,,,,,,,,,,,,,0,,,,
2056,Unscored (no condition data),PTrail,903,2.0,,,,,,,,,40,2,2,,trails,11.059,Asphalt,1,2,2,1,0,0,1,0,0,0,0,0,1,2,2,0,0,0,0,0,0,0,0,0,0,5,0,2,0,0,0,0,0,0,0,0,0,0,0,0,0,0,0,0,0,0,0,0,1,0,1,2,0,0,0,0,0,0,0,0,0,0,0,0,0,0,0,0,0,0,0,0,0,1,2,2,1,2,0,0,0,0,0,3,0,1,0,0,0,0,0,0,0,0,0,0,5,0,,,,,,,,,,,,,,,,,,,,,,,,,,,,,,,,,,,0,,,,
2057,Unscored (no condition data),PTrail,904,2.0,,,,,,,,,39,2,2,,trails,10.571,Asphalt,1,2,2,1,0,0,1,0,0,0,0,0,1,2,2,0,0,0,0,0,0,0,0,0,0,5,0,2,0,0,0,0,0,0,0,0,0,0,0,0,0,0,0,0,0,0,0,0,1,0,1,2,0,0,0,0,0,1,0,0,0,0,0,0,0,0,0,0,0,0,0,0,0,1,2,0,1,2,0,0,0,0,0,3,0,1,0,0,0,0,0,0,0,0,0,0,5,0,,,,,,,,,,,,,,,,,,,,,,,,,,,,,,,,,,,0,,,,
2058,Unscored (no condition data),PTrail,905,2.0,,,,,,,,,45,2,2,,trails,98.026,Asphalt,1,2,2,1,2,2,0,0,0,0,0,0,1,2,2,0,0,0,0,0,0,0,0,0,0,5,0,0,0,0,0,0,0,0,1,0,0,0,0,0,0,0,0,0,0,0,0,0,0,0,1,2,0,0,0,0,0,0,1,2,2,0,0,0,0,0,0,0,0,0,0,0,0,1,2,2,1,0,0,0,0,0,0,0,1,0,1,1,2,0,0,0,0,0,0,0,5,0,,,,,,,,,,,,,,,,,,,,,,,,,,,,,,,,,,,0,,,,
2059,Unscored (no condition data),PTrail,906,2.0,,,,,,,,,46,3,2,,trails,27.091,Asphalt,1,2,2,1,2,0,0,0,0,0,0,0,1,2,2,0,0,0,0,0,0,0,0,0,0,5,0,0,0,0,0,0,0,0,1,0,0,0,0,0,0,0,0,0,1,0,0,0,0,0,1,2,0,0,0,0,0,0,1,2,2,0,0,0,0,0,0,0,0,0,0,0,0,1,2,2,1,0,0,0,0,0,0,0,1,0,1,1,2,2,0,0,0,0,0,0,5,0,,,,,,,,,,,,,,,,,,,,,,,,,,,,,,,,,,,0,,,,
2060,Unscored (no condition data),PTrail,907,2.0,,,,,,,,,40,2,2,,trails,42.2,Asphalt,1,2,2,1,2,2,0,0,0,0,0,0,1,2,2,0,0,0,0,0,0,0,0,0,0,5,0,0,0,0,0,0,0,0,0,0,0,0,0,0,0,0,0,0,0,0,0,0,0,0,1,2,0,0,0,0,0,0,1,2,0,0,0,0,0,0,0,0,0,0,0,0,0,1,2,0,1,2,0,0,0,0,0,0,1,0,1,1,0,0,0,0,0,0,0,0,5,0,,,,,,,,,,,,,,,,,,,,,,,,,,,,,,,,,,,0,,,,
2061,Unscored (no condition data),PTrail,912,2.0,,,,,,,,,36,2,2,,trails,15.377,Asphalt,1,2,2,1,2,2,0,0,0,0,0,0,1,2,0,0,0,0,0,0,0,0,0,0,0,5,0,0,0,0,0,0,0,0,0,0,0,0,0,0,0,0,0,0,0,0,0,0,0,0,1,2,0,0,0,0,0,0,1,0,0,0,0,0,0,0,0,0,0,0,0,0,0,1,2,0,1,2,0,0,0,0,0,0,1,0,1,1,0,0,0,0,0,0,0,0,5,0,,,,,,,,,,,,,,,,,,,,,,,,,,,,,,,,,,,0,,,,
2062,Unscored (no condition data),PTrail,913,2.0,,,,,,,,,36,2,2,,trails,27.251,Asphalt,1,2,2,1,2,2,0,0,0,0,0,0,1,2,0,0,0,0,0,0,0,0,0,0,0,5,0,0,0,0,0,0,0,0,0,0,0,0,0,0,0,0,0,0,0,0,0,0,0,0,1,2,0,0,0,0,0,0,1,0,0,0,0,0,0,0,0,0,0,0,0,0,0,1,2,0,1,2,0,0,0,0,0,0,1,0,1,1,0,0,0,0,0,0,0,0,5,0,,,,,,,,,,,,,,,,,,,,,,,,,,,,,,,,,,,0,,,,
2063,Unscored (no condition data),PTrail,914,2.0,,,,,,,,,36,2,2,,trails,40.503,Asphalt,1,2,2,1,2,2,0,0,0,0,0,0,1,2,0,0,0,0,0,0,0,0,0,0,0,5,0,0,0,0,0,0,0,0,0,0,0,0,0,0,0,0,0,0,0,0,0,0,0,0,1,2,0,0,0,0,0,0,1,0,0,0,0,0,0,0,0,0,0,0,0,0,0,1,2,0,1,2,0,0,0,0,0,0,1,0,1,1,0,0,0,0,0,0,0,0,5,0,,,,,,,,,,,,,,,,,,,,,,,,,,,,,,,,,,,0,,,,
2064,Unscored (no condition data),PTrail,920,2.0,,,,,,,,,43,2,2,,trails,74.5,Asphalt,1,2,2,1,2,2,1,0,0,0,0,0,1,0,0,1,0,0,0,0,0,0,0,0,0,5,0,0,0,0,0,1,0,0,1,2,2,0,0,0,0,0,0,0,1,0,0,0,0,0,1,0,0,0,0,0,0,0,0,0,0,0,0,0,1,2,2,0,0,0,0,0,0,1,0,0,1,0,0,0,0,0,0,0,1,1,1,0,0,0,1,0,0,1,0,0,5,0,,,,,,,,,,,,,,,,,,,,,,,,,,,,,,,,,,,0,,,,
2065,Unscored (no condition data),PTrail,922,2.0,,,,,,,,,41,2,2,,trails,29.005,Asphalt,1,2,2,1,2,2,0,0,0,0,0,0,1,0,0,1,0,0,0,0,0,0,0,0,0,5,0,0,0,0,0,1,0,0,1,2,2,0,0,0,0,0,0,0,1,0,0,0,0,0,1,0,0,0,0,0,0,0,0,0,0,0,0,0,1,2,0,0,0,0,0,0,0,1,0,0,0,0,0,0,0,0,0,0,1,1,1,0,0,0,1,0,0,1,2,0,5,0,,,,,,,,,,,,,,,,,,,,,,,,,,,,,,,,,,,0,,,,
2066,Unscored (no condition data),PTrail,924,2.0,,,,,,,,,42,2,2,,trails,26.123,Asphalt,1,2,2,1,2,2,1,0,0,0,0,0,1,0,0,1,0,0,0,0,0,0,0,0,0,5,0,2,0,0,0,1,0,0,1,2,2,0,0,0,0,0,0,0,0,0,0,0,0,0,0,0,0,0,0,0,0,1,0,0,0,0,0,0,1,2,2,0,0,0,0,0,0,1,0,0,1,0,0,0,0,0,0,0,1,1,1,0,0,0,0,0,0,0,0,0,5,0,,,,,,,,,,,,,,,,,,,,,,,,,,,,,,,,,,,0,,,,
2067,Unscored (no condition data),PTrail,925,2.0,,,,,,,,,48,3,2,,trails,19.931,Asphalt,1,2,2,1,2,2,1,0,0,0,0,0,1,0,0,1,0,0,0,0,0,0,0,0,0,5,0,2,0,0,0,1,0,0,1,2,2,0,0,0,0,0,0,0,0,0,0,0,0,0,0,0,0,0,5,0,0,1,0,0,0,0,0,0,1,2,2,0,0,0,0,0,0,1,0,0,1,0,0,0,0,0,0,0,1,1,1,0,0,0,0,0,0,1,0,0,5,0,,,,,,,,,,,,,,,,,,,,,,,,,,,,,,,,,,,0,,,,
2068,Unscored (no condition data),PTrail,927,2.0,,,,,,,,,47,3,2,,trails,109.986,Asphalt,1,2,2,1,2,2,0,0,0,0,0,0,0,0,0,0,0,0,0,0,0,0,0,0,0,0,0,0,0,0,0,0,0,0,1,2,0,0,0,0,0,0,0,0,1,0,0,0,1,0,1,2,2,0,0,0,3,0,0,0,0,0,0,0,0,0,0,0,0,0,0,0,0,0,0,0,1,2,2,0,0,0,0,0,1,1,1,1,2,2,1,2,2,1,0,0,5,0,,,,,,,,,,,,,,,,,,,,,,,,,,,,,,,,,,,0,,,,
2069,Unscored (no condition data),PTrail,944,2.0,,,,,,,,,36,2,2,,trails,51.577,Asphalt,1,2,2,1,2,2,1,0,0,0,0,0,1,2,0,0,0,0,0,0,0,0,0,0,0,5,0,2,0,0,0,0,0,0,0,0,0,0,0,0,0,0,0,0,0,0,0,0,0,0,0,0,0,0,0,0,0,1,0,0,0,0,0,0,0,0,0,0,0,0,0,0,0,1,0,0,0,0,0,0,0,0,5,0,1,1,1,0,0,0,0,0,0,0,0,0,5,0,,,,,,,,,,,,,,,,,,,,,,,,,,,,,,,,,,,0,,,,
2070,Unscored (no condition data),PTrail,946,2.0,,,,,,,,,38,2,2,,trails,16.417,Asphalt,1,2,2,1,2,2,0,0,0,0,0,0,1,0,0,1,0,0,0,0,0,0,0,0,0,5,0,2,0,0,0,0,0,0,1,0,0,0,0,0,0,0,0,0,0,0,0,0,0,0,1,2,2,0,0,0,0,0,0,0,0,0,0,0,0,0,0,0,0,0,0,0,0,1,2,0,0,0,0,0,0,0,0,3,1,0,1,0,0,0,0,0,0,0,0,0,5,0,,,,,,,,,,,,,,,,,,,,,,,,,,,,,,,,,,,0,,,,
2071,Unscored (no condition data),PTrail,958,2.0,,,,,,,,,34,2,2,,trails,17.378,Dirt,1,2,2,0,0,0,1,0,0,1,2,0,1,2,0,0,0,0,0,0,0,0,0,0,0,5,0,0,0,0,0,0,0,0,1,2,0,0,0,0,0,0,0,0,0,0,0,0,0,0,1,0,0,0,0,0,0,0,0,0,0,0,0,0,0,0,0,0,0,0,0,0,0,1,2,0,1,2,0,0,0,0,0,0,1,0,1,0,0,0,0,0,0,0,0,0,5,0,,,,,,,,,,,,,,,,,,,,,,,,,,,,,,,,,,,0,,,,
2072,Unscored (no condition data),PTrail,970,2.0,,,,,,,,,32,2,2,,trails,417.634,Dirt,1,2,2,0,0,0,0,0,0,0,0,0,1,2,2,0,0,0,1,2,2,0,0,0,0,5,0,0,0,0,0,0,0,0,0,0,0,0,0,0,0,0,0,0,0,0,0,0,0,0,0,0,0,0,0,0,3,0,1,2,0,0,0,0,0,0,0,0,0,0,0,0,0,0,0,0,0,0,0,0,0,0,0,0,1,1,1,0,0,0,0,0,0,0,0,0,0,3,,,,,,,,,,,,,,,,,,,,,,,,,,,,,,,,,,,0,,,,
2073,Unscored (no condition data),PTrail,1006,2.0,,,,,,,,,33,2,2,,trails,951.722,Dirt,1,2,0,0,0,0,0,0,0,0,0,0,1,2,2,0,0,0,1,2,2,0,0,0,0,5,0,0,0,0,0,0,0,0,0,0,0,0,0,0,0,0,0,0,0,0,0,0,0,0,1,2,0,0,0,0,0,0,0,0,0,0,0,0,0,0,0,0,0,0,0,0,0,1,0,0,0,0,0,0,0,0,0,0,1,1,1,0,0,0,0,0,0,0,0,0,5,3,,,,,,,,,,,,,,,,,,,,,,,,,,,,,,,,,,,0,,,,
2074,Unscored (no condition data),PTrail,1007,2.0,,,,,,,,,42,2,2,,trails,31.876,Dirt,1,2,2,1,2,2,1,2,0,0,0,0,1,0,0,1,2,0,0,0,0,0,0,0,0,5,0,0,0,0,0,0,0,0,1,2,2,0,0,0,1,0,0,0,1,0,0,0,1,0,1,2,2,0,0,0,0,0,0,0,0,0,0,0,0,0,0,0,0,0,0,0,0,0,0,0,1,0,0,0,0,0,0,0,1,0,0,0,0,0,0,0,0,0,0,0,5,0,,,,,,,,,,,,,,,,,,,,,,,,,,,,,,,,,,,0,,,,
2075,Unscored (no condition data),PTrail,1034,2.0,,,,,,,,,33,2,2,,trails,1013.462,Dirt,1,2,2,0,0,0,0,0,0,0,0,0,1,2,2,0,0,0,1,2,2,0,0,0,0,5,0,0,0,0,0,0,0,0,0,0,0,0,0,0,0,0,0,0,0,0,0,0,0,0,1,0,0,0,0,0,0,0,1,0,0,0,0,0,0,0,0,0,0,0,0,0,0,0,0,0,0,0,0,0,0,0,0,0,1,1,1,0,0,0,0,0,0,0,0,0,5,3,,,,,,,,,,,,,,,,,,,,,,,,,,,,,,,,,,,0,,,,
2076,Unscored (no condition data),PTrail,1035,2.0,,,,,,,,,44,2,2,,trails,362.656,Dirt,1,2,2,1,2,2,1,2,2,0,0,0,1,0,0,1,2,0,0,0,0,0,0,0,0,5,0,2,0,0,0,0,0,0,1,2,0,0,0,0,0,0,0,0,1,0,0,0,1,1,1,2,2,0,0,0,0,0,0,0,0,0,0,0,0,0,0,0,0,0,0,0,0,0,0,0,1,0,0,0,0,0,0,0,1,0,0,0,0,0,0,0,0,0,0,0,5,0,,,,,,,,,,,,,,,,,,,,,,,,,,,,,,,,,,,0,,,,
2077,Unscored (no condition data),PTrail,1038,2.0,,,,,,,,,35,2,2,,trails,5.603,Dirt,1,2,2,1,2,0,0,0,0,0,0,0,1,0,0,0,0,0,0,0,0,0,0,0,0,5,0,0,0,0,0,0,0,0,1,2,2,0,0,0,0,0,0,0,1,0,0,0,0,0,1,2,0,0,0,0,0,0,0,0,0,0,0,0,0,0,0,0,0,0,0,0,0,1,0,0,1,2,0,0,0,0,0,0,1,1,1,0,0,0,0,0,0,0,0,0,5,0,,,,,,,,,,,,,,,,,,,,,,,,,,,,,,,,,,,0,,,,
2078,Unscored (no condition data),PTrail,1039,2.0,,,,,,,,,44,2,2,,trails,42.296,Dirt,1,2,2,1,2,0,1,0,0,0,0,0,1,0,0,0,0,0,0,0,0,0,0,0,0,5,0,2,0,0,0,0,0,0,1,2,2,0,0,0,0,0,0,0,1,0,0,0,0,0,1,2,0,0,0,0,0,1,0,0,0,0,0,0,0,0,0,0,0,0,0,0,0,1,0,0,1,2,0,0,0,0,5,0,1,1,1,0,0,0,0,0,0,0,0,0,5,0,,,,,,,,,,,,,,,,,,,,,,,,,,,,,,,,,,,0,,,,
2079,Unscored (no condition data),PTrail,1045,2.0,,,,,,,,,34,2,2,,trails,296.592,Dirt,1,2,2,1,2,0,1,2,0,0,0,0,1,0,0,0,0,0,0,0,0,0,0,0,0,5,0,2,0,0,0,0,0,0,0,0,0,0,0,0,0,0,0,0,0,0,0,0,0,0,1,2,0,0,0,0,0,1,0,0,0,0,0,0,0,0,0,0,0,0,0,0,0,0,0,0,1,0,0,0,0,0,0,3,1,1,0,0,0,0,0,0,0,0,0,0,5,0,,,,,,,,,,,,,,,,,,,,,,,,,,,,,,,,,,,0,,,,
2080,Unscored (no condition data),PTrail,1048,2.0,,,,,,,,,44,2,2,,trails,117.973,Dirt,1,2,2,0,0,0,1,0,0,1,2,0,1,2,0,0,0,0,0,0,0,0,0,0,0,5,0,2,0,0,0,0,0,0,1,0,0,0,0,0,0,0,0,5,0,0,0,0,0,0,1,2,0,0,0,0,0,1,0,0,0,0,0,0,0,0,0,1,0,0,0,0,0,1,0,0,1,0,0,0,0,0,5,0,1,0,1,0,0,0,0,0,0,0,0,0,5,0,,,,,,,,,,,,,,,,,,,,,,,,,,,,,,,,,,,0,,,,
2081,Unscored (no condition data),PTrail,1049,2.0,,,,,,,,,38,2,2,,trails,212.964,Dirt,1,2,2,0,0,0,1,0,0,1,2,0,1,2,0,0,0,0,0,0,0,0,0,0,0,5,0,2,0,0,0,0,0,0,1,2,0,0,0,0,0,0,0,0,0,0,0,0,0,0,1,2,0,0,0,0,0,0,0,0,0,0,0,0,0,0,0,0,0,0,0,0,0,1,2,0,1,2,0,0,0,0,0,0,1,0,1,0,0,0,0,0,0,0,0,0,5,0,,,,,,,,,,,,,,,,,,,,,,,,,,,,,,,,,,,0,,,,
2082,Unscored (no condition data),PTrail,1050,2.0,,,,,,,,,46,3,2,,trails,116.074,Dirt,1,2,2,0,0,0,1,2,0,1,2,2,1,2,2,0,0,0,0,0,0,0,0,0,0,5,0,2,0,0,0,0,0,0,1,2,0,0,0,0,0,0,0,0,1,0,0,0,0,0,1,2,0,0,0,0,0,1,0,0,0,0,0,0,0,0,0,0,0,0,0,0,0,1,2,0,1,2,0,0,0,0,0,0,1,0,1,0,0,0,0,0,0,0,0,0,5,0,,,,,,,,,,,,,,,,,,,,,,,,,,,,,,,,,,,0,,,,
2083,Unscored (no condition data),PTrail,1052,2.0,,,,,,,,,34,2,2,,trails,73.443,Dirt,1,2,2,0,0,0,0,0,0,0,0,0,0,0,0,0,0,0,0,0,0,0,0,0,0,0,3,2,0,0,0,0,0,0,0,0,0,0,0,0,0,0,0,0,1,2,0,0,0,0,1,0,0,5,0,4,0,0,0,0,0,0,0,0,0,0,0,0,0,0,0,0,0,0,0,0,1,2,0,0,0,0,0,0,1,1,1,0,0,0,0,0,0,0,0,0,5,0,,,,,,,,,,,,,,,,,,,,,,,,,,,,,,,,,,,0,,,,
2084,Unscored (no condition data),PTrail,1058,2.0,,,,,,,,,43,2,2,,trails,225.857,Dirt,1,2,2,0,0,0,0,0,0,0,0,0,1,2,2,0,0,0,1,2,2,0,0,0,0,5,0,0,0,0,0,0,0,0,0,0,0,0,0,0,0,0,0,0,0,0,0,0,0,0,1,2,2,5,5,0,0,0,0,0,0,0,0,0,0,0,0,0,0,0,0,0,0,0,0,0,0,0,0,0,0,0,0,0,1,1,1,0,0,0,0,0,0,0,0,0,5,0,,,,,,,,,,,,,,,,,,,,,,,,,,,,,,,,,,,0,,,,
2085,Unscored (no condition data),PTrail,1059,2.0,,,,,,,,,31,2,2,,trails,127.219,Dirt,1,2,0,0,0,0,0,0,0,0,0,0,1,2,2,0,0,0,1,2,2,0,0,0,0,5,0,0,0,0,0,0,0,0,0,0,0,0,0,0,0,0,0,0,0,0,0,0,0,0,1,2,2,0,0,0,0,0,0,0,0,0,0,0,0,0,0,0,0,0,0,0,0,0,0,0,0,0,0,0,0,0,0,0,1,1,1,0,0,0,0,0,0,0,0,0,5,0,,,,,,,,,,,,,,,,,,,,,,,,,,,,,,,,,,,0,,,,
2086,Unscored (no condition data),PTrail,1061,2.0,,,,,,,,,47,3,2,,trails,21.51,Dirt,1,2,2,1,0,0,0,0,0,0,0,0,0,0,0,0,0,0,0,0,0,0,0,0,0,5,3,2,0,0,0,0,0,0,1,2,2,0,0,0,0,0,0,0,1,0,0,0,0,0,1,2,2,0,0,0,0,1,0,0,0,0,0,0,0,0,0,0,0,0,0,0,0,1,0,0,1,2,2,0,0,0,5,0,1,1,1,0,0,0,0,0,0,0,0,0,5,0,,,,,,,,,,,,,,,,,,,,,,,,,,,,,,,,,,,0,,,,
2087,Unscored (no condition data),PTrail,1070,2.0,,,,,,,,,48,3,2,,trails,31.17,Dirt,1,2,2,1,2,2,1,2,2,0,0,0,1,2,0,1,0,0,0,0,0,0,0,0,0,5,0,2,0,0,0,0,0,0,1,2,0,0,0,0,0,0,0,0,1,0,0,0,0,0,1,2,0,0,0,0,0,0,0,0,0,0,0,0,0,0,0,0,0,0,0,0,0,1,2,0,1,2,0,0,0,0,0,3,0,0,1,0,0,0,0,0,0,0,0,0,5,0,,,,,,,,,,,,,,,,,,,,,,,,,,,,,,,,,,,0,,,,
2088,Unscored (no condition data),PTrail,1072,2.0,,,,,,,,,46,3,2,,trails,78.559,Dirt,1,2,2,1,2,2,1,2,2,0,0,0,1,2,0,1,0,0,0,0,0,0,0,0,0,5,0,2,0,0,0,0,0,0,1,2,0,0,0,0,0,0,0,0,1,0,0,0,0,0,1,0,0,0,0,0,0,0,0,0,0,0,0,0,0,0,0,0,0,0,0,0,0,1,2,0,1,2,0,0,0,0,0,3,0,0,1,0,0,0,0,0,0,0,0,0,5,0,,,,,,,,,,,,,,,,,,,,,,,,,,,,,,,,,,,0,,,,
2089,Unscored (no condition data),PTrail,1075,2.0,,,,,,,,,43,2,2,,trails,21.734,Dirt,1,2,2,1,0,0,1,0,0,0,0,0,1,2,0,1,0,0,0,0,0,0,0,0,0,5,0,2,0,0,0,0,0,0,1,2,0,0,0,0,1,2,0,0,1,0,0,0,1,0,1,2,0,0,0,0,0,0,0,0,0,0,0,0,0,0,0,0,0,0,0,0,0,1,2,0,1,2,0,0,0,0,0,3,0,0,0,0,0,0,0,0,0,0,0,0,5,0,,,,,,,,,,,,,,,,,,,,,,,,,,,,,,,,,,,0,,,,
2090,Unscored (no condition data),PTrail,1076,2.0,,,,,,,,,42,2,2,,trails,154.066,Dirt,1,2,2,1,2,0,0,0,0,0,0,0,1,2,0,0,0,0,0,0,0,0,0,0,5,5,0,0,0,0,0,0,0,0,1,2,0,0,0,0,0,0,0,0,1,0,0,0,0,0,1,2,0,0,0,0,0,0,1,0,0,0,0,0,0,0,0,0,0,0,0,0,0,1,2,0,1,0,0,0,0,0,0,0,1,1,1,1,0,0,0,0,0,0,0,0,5,0,,,,,,,,,,,,,,,,,,,,,,,,,,,,,,,,,,,0,,,,
2091,Unscored (no condition data),PTrail,1079,2.0,,,,,,,,,32,2,2,,trails,34.387,Dirt,1,2,2,0,0,0,0,0,0,0,0,0,0,0,0,0,0,0,0,0,0,0,0,0,0,0,3,0,0,0,0,0,0,0,0,0,0,0,0,0,0,0,0,0,1,2,0,0,0,0,1,0,0,5,0,4,0,0,0,0,0,0,0,0,0,0,0,0,0,0,0,0,0,0,0,0,1,2,0,0,0,0,0,0,1,1,1,0,0,0,0,0,0,0,0,0,5,0,,,,,,,,,,,,,,,,,,,,,,,,,,,,,,,,,,,0,,,,
2092,Unscored (no condition data),PTrail,1080,2.0,,,,,,,,,46,3,2,,trails,2.48,Dirt,1,2,2,1,2,2,1,2,2,0,0,0,1,2,0,1,0,0,0,0,0,0,0,0,0,5,0,2,0,0,0,0,0,0,1,2,0,0,0,0,0,0,0,0,1,0,0,0,0,0,1,0,0,0,0,0,0,0,0,0,0,0,0,0,0,0,0,0,0,0,0,0,0,1,2,0,1,2,0,0,0,0,0,3,0,0,1,0,0,0,0,0,0,0,0,0,5,0,,,,,,,,,,,,,,,,,,,,,,,,,,,,,,,,,,,0,,,,
2093,Unscored (no condition data),PTrail,1082,2.0,,,,,,,,,48,3,2,,trails,32.179,Dirt,1,2,2,1,2,0,1,2,0,0,0,0,1,0,0,0,0,0,0,0,0,0,0,0,0,5,0,2,0,0,0,0,0,0,0,0,0,0,0,0,0,0,0,0,0,0,0,0,1,1,1,2,2,5,0,0,3,1,0,0,0,0,0,0,1,0,0,0,0,0,0,0,0,1,0,0,0,0,0,0,0,0,0,3,1,1,1,0,0,0,0,0,0,0,0,0,5,0,,,,,,,,,,,,,,,,,,,,,,,,,,,,,,,,,,,0,,,,
2094,Unscored (no condition data),PTrail,1083,2.0,,,,,,,,,47,3,2,,trails,7.89,Dirt,1,2,2,1,2,0,1,2,0,0,0,0,1,0,0,0,0,0,0,0,0,0,0,0,0,5,0,2,0,0,0,0,0,0,0,0,0,0,0,0,0,0,0,0,0,0,0,0,1,1,1,2,2,5,0,0,3,0,0,0,0,0,0,0,1,0,0,0,0,0,0,0,0,1,0,0,0,0,0,0,0,0,0,3,1,1,1,0,0,0,0,0,0,0,0,0,5,0,,,,,,,,,,,,,,,,,,,,,,,,,,,,,,,,,,,0,,,,
2095,Unscored (no condition data),PTrail,1088,2.0,,,,,,,,,37,2,2,,trails,578.547,Dirt,1,2,2,1,2,2,1,2,2,0,0,0,0,0,0,0,0,0,0,0,0,0,0,0,0,5,0,2,0,0,0,0,0,0,0,0,0,0,0,0,0,0,0,0,0,0,0,0,0,0,1,2,0,0,0,0,0,1,0,0,0,0,0,0,1,2,0,0,0,0,0,0,0,0,0,0,0,0,0,0,0,0,0,0,1,1,1,0,0,0,0,0,0,0,0,0,5,0,,,,,,,,,,,,,,,,,,,,,,,,,,,,,,,,,,,0,,,,
2096,Unscored (no condition data),PTrail,1089,2.0,,,,,,,,,35,2,2,,trails,39.065,Dirt,1,2,2,1,2,2,1,2,2,0,0,0,0,0,0,0,0,0,0,0,0,0,0,0,0,5,0,2,0,0,0,0,0,0,0,0,0,0,0,0,0,0,0,0,0,0,0,0,0,0,1,0,0,0,0,0,0,1,0,0,0,0,0,0,1,2,0,0,0,0,0,0,0,0,0,0,0,0,0,0,0,0,0,0,1,1,1,0,0,0,0,0,0,0,0,0,5,0,,,,,,,,,,,,,,,,,,,,,,,,,,,,,,,,,,,0,,,,
2097,Unscored (no condition data),PTrail,1120,2.0,,,,,,,,,36,2,2,,trails,1206.434,Dirt,0,0,0,0,0,0,0,0,0,0,0,0,0,0,0,0,0,0,0,0,0,0,0,0,5,0,3,0,0,0,0,1,2,2,0,0,0,1,2,2,0,0,0,0,0,0,0,0,0,0,1,2,0,0,0,0,0,1,0,0,0,0,0,0,0,0,0,0,0,0,0,0,0,1,2,0,0,0,0,0,0,0,0,0,1,1,1,0,0,0,0,0,0,0,0,0,5,3,,,,,,,,,,,,,,,,,,,,,,,,,,,,,,,,,,,0,,,,
2098,Unscored (no condition data),PTrail,1121,2.0,,,,,,,,,47,3,2,,trails,1117.753,Dirt,1,2,2,1,2,2,1,2,2,0,0,0,1,2,0,0,0,0,0,0,0,0,0,0,0,5,0,2,0,0,0,0,0,0,0,0,0,0,0,0,0,0,0,0,0,0,0,0,1,0,1,2,0,0,0,0,0,1,0,0,0,0,0,0,0,0,0,0,0,0,0,0,0,1,2,0,1,2,0,0,0,0,0,0,1,1,1,1,2,0,0,0,0,0,0,0,5,0,,,,,,,,,,,,,,,,,,,,,,,,,,,,,,,,,,,0,,,,
2099,Unscored (no condition data),PTrail,1131,2.0,,,,,,,,,41,2,2,,trails,239.917,Dirt,1,2,0,0,0,0,0,0,0,0,0,0,1,2,2,0,0,0,1,2,2,0,0,0,0,5,0,0,0,0,0,0,0,0,0,0,0,0,0,0,0,0,0,0,0,0,0,0,0,0,1,2,2,5,5,0,0,0,0,0,0,0,0,0,0,0,0,0,0,0,0,0,0,0,0,0,0,0,0,0,0,0,0,0,1,1,1,0,0,0,0,0,0,0,0,0,5,0,,,,,,,,,,,,,,,,,,,,,,,,,,,,,,,,,,,0,,,,
2100,Unscored (no condition data),PTrail,1133,2.0,,,,,,,,,45,2,2,,trails,1007.556,Dirt,1,2,2,1,2,0,0,0,0,0,0,0,1,2,2,0,0,0,1,2,2,0,0,0,0,5,0,0,0,0,0,0,0,0,1,0,0,0,0,0,0,0,0,0,0,0,0,0,0,0,1,2,2,5,5,0,0,0,0,0,0,0,0,0,0,0,0,0,0,0,0,0,0,1,2,0,0,0,0,0,0,0,0,0,1,1,1,0,0,0,0,0,0,0,0,0,0,0,,,,,,,,,,,,,,,,,,,,,,,,,,,,,,,,,,,0,,,,
2101,Unscored (no condition data),PTrail,1134,2.0,,,,,,,,,39,2,2,,trails,3469.469,Dirt,1,2,2,0,0,0,0,0,0,0,0,0,1,2,2,0,0,0,0,0,0,0,0,0,0,5,0,2,0,0,0,0,0,0,0,0,0,0,0,0,0,0,0,0,0,0,0,0,0,0,1,2,2,0,0,0,3,1,0,0,0,0,0,0,0,0,0,0,0,0,0,0,0,1,0,0,1,0,0,0,0,0,0,3,1,1,1,0,0,0,0,0,0,0,0,0,5,0,,,,,,,,,,,,,,,,,,,,,,,,,,,,,,,,,,,0,,,,
2102,Unscored (no condition data),PTrail,1177,2.0,,,,,,,,,37,2,2,,trails,1131.429,Dirt,1,2,2,1,2,2,0,0,0,0,0,0,1,2,2,0,0,0,1,2,2,0,0,0,0,5,0,0,0,0,0,0,0,0,1,2,0,0,0,0,0,0,0,0,0,0,0,0,0,0,1,2,2,0,0,0,0,0,0,0,0,0,0,0,0,0,0,0,0,0,0,0,0,1,0,0,0,0,0,0,0,0,0,0,1,1,1,0,0,0,0,0,0,0,0,0,0,0,,,,,,,,,,,,,,,,,,,,,,,,,,,,,,,,,,,0,,,,
2103,Unscored (no condition data),PTrail,1178,2.0,,,,,,,,,33,2,2,,trails,282.111,Dirt,1,2,2,1,2,2,0,0,0,0,0,0,1,2,0,0,0,0,1,2,0,0,0,0,0,5,0,0,0,0,0,0,0,0,1,2,0,0,0,0,0,0,0,0,0,0,0,0,0,0,1,2,0,0,0,0,0,0,0,0,0,0,0,0,0,0,0,0,0,0,0,0,0,1,2,0,0,0,0,0,0,0,0,0,1,1,1,0,0,0,0,0,0,0,0,0,0,0,,,,,,,,,,,,,,,,,,,,,,,,,,,,,,,,,,,0,,,,
2104,Unscored (no condition data),PTrail,1182,2.0,,,,,,,,,32,2,2,,trails,373.248,Dirt,1,2,2,1,2,2,1,2,0,0,0,0,1,2,0,0,0,0,0,0,0,0,0,0,0,5,0,0,0,0,0,0,0,0,1,0,0,0,0,0,0,0,0,0,0,0,0,0,0,0,1,0,0,0,0,0,0,0,0,0,0,0,0,0,0,0,0,0,0,0,0,0,0,1,0,0,0,0,0,0,0,0,0,0,1,1,1,0,0,0,0,0,0,0,0,0,5,0,,,,,,,,,,,,,,,,,,,,,,,,,,,,,,,,,,,0,,,,
2105,Unscored (no condition data),PTrail,1183,2.0,,,,,,,,,34,2,2,,trails,233.256,Dirt,1,2,2,1,2,2,1,2,0,0,0,0,1,2,2,0,0,0,0,0,0,0,0,0,0,5,0,0,0,0,0,0,0,0,1,0,0,0,0,0,0,0,0,0,0,0,0,0,0,0,1,0,0,0,0,0,0,0,0,0,0,0,0,0,0,0,0,0,0,0,0,0,0,0,0,0,1,0,0,0,0,0,0,0,1,1,1,0,0,0,0,0,0,0,0,0,5,0,,,,,,,,,,,,,,,,,,,,,,,,,,,,,,,,,,,0,,,,
2106,Unscored (no condition data),PTrail,1184,2.0,,,,,,,,,40,2,2,,trails,203.991,Dirt,1,2,2,1,2,0,1,0,0,1,0,0,1,2,2,0,0,0,0,0,0,0,0,0,0,5,0,2,0,0,0,0,0,0,1,2,0,0,0,0,0,0,0,0,0,0,0,0,0,0,1,2,0,0,0,0,0,0,0,0,0,0,0,0,0,0,0,0,0,0,0,0,0,1,0,0,1,2,0,0,0,0,0,0,1,1,1,0,0,0,0,0,0,0,0,0,5,0,,,,,,,,,,,,,,,,,,,,,,,,,,,,,,,,,,,0,,,,
2107,Unscored (no condition data),PTrail,1186,2.0,,,,,,,,,37,2,2,,trails,99.669,Dirt,1,2,2,1,2,0,1,0,0,0,0,0,1,2,2,0,0,0,0,0,0,0,0,0,0,5,0,0,0,0,0,0,0,0,1,2,0,0,0,0,0,0,0,0,0,0,0,0,0,0,1,2,0,0,0,0,0,0,0,0,0,0,0,0,0,0,0,0,0,0,0,0,0,1,0,0,1,2,0,0,0,0,0,0,1,1,1,0,0,0,0,0,0,0,0,0,5,0,,,,,,,,,,,,,,,,,,,,,,,,,,,,,,,,,,,0,,,,
2108,Unscored (no condition data),PTrail,1189,2.0,,,,,,,,,36,2,2,,trails,434.591,Dirt,1,2,2,1,2,2,1,2,0,0,0,0,1,2,0,0,0,0,0,0,0,0,0,0,0,5,0,0,0,0,0,0,0,0,1,2,0,0,0,0,0,0,0,0,0,0,0,0,0,0,1,0,0,0,0,0,0,0,0,0,0,0,0,0,0,0,0,0,0,0,0,0,0,1,2,0,0,0,0,0,0,0,0,0,1,1,1,0,0,0,0,0,0,0,0,0,5,0,,,,,,,,,,,,,,,,,,,,,,,,,,,,,,,,,,,0,,,,
2109,Unscored (no condition data),PTrail,1190,2.0,,,,,,,,,45,2,2,,trails,1424.974,Dirt,1,2,2,1,2,2,1,2,2,0,0,0,1,2,0,0,0,0,0,0,0,0,0,0,0,5,0,2,0,0,0,0,0,0,1,2,0,0,0,0,0,0,0,0,0,0,0,0,0,0,1,2,0,0,0,0,0,0,0,0,0,0,0,0,0,0,0,0,0,0,0,0,0,1,2,2,1,0,0,0,0,0,0,0,1,1,1,0,0,0,0,0,0,0,0,0,5,0,,,,,,,,,,,,,,,,,,,,,,,,,,,,,,,,,,,0,,,,
2110,Unscored (no condition data),PTrail,1197,2.0,,,,,,,,,33,2,2,,trails,243.599,Dirt,1,2,2,1,2,2,1,2,0,0,0,0,0,0,0,0,0,0,0,0,0,0,0,0,0,5,0,0,0,0,0,0,0,0,1,2,0,0,0,0,0,0,0,0,0,0,0,0,0,0,1,0,0,0,0,0,0,0,0,0,0,0,0,0,0,0,0,0,0,0,0,0,0,1,2,0,0,0,0,0,0,0,0,0,1,1,1,0,0,0,0,0,0,0,0,0,5,0,,,,,,,,,,,,,,,,,,,,,,,,,,,,,,,,,,,0,,,,
2111,Unscored (no condition data),PTrail,1198,2.0,,,,,,,,,32,2,2,,trails,743.547,Dirt,1,2,2,1,2,2,1,2,0,0,0,0,1,2,0,0,0,0,0,0,0,0,0,0,0,5,0,0,0,0,0,0,0,0,1,0,0,0,0,0,0,0,0,0,0,0,0,0,0,0,1,0,0,0,0,0,0,0,0,0,0,0,0,0,0,0,0,0,0,0,0,0,0,1,0,0,0,0,0,0,0,0,0,0,1,1,1,0,0,0,0,0,0,0,0,0,5,0,,,,,,,,,,,,,,,,,,,,,,,,,,,,,,,,,,,0,,,,
2112,Unscored (no condition data),PTrail,1199,2.0,,,,,,,,,43,2,2,,trails,201.54,Dirt,1,2,2,1,2,2,1,2,2,0,0,0,1,2,2,0,0,0,0,0,0,0,0,0,0,5,0,2,0,0,0,0,0,0,1,2,0,0,0,0,0,0,0,0,0,0,0,0,0,0,1,2,0,0,0,0,0,0,0,0,0,0,0,0,0,0,0,0,0,0,0,0,0,1,0,0,1,0,0,0,0,0,0,0,1,1,1,0,0,0,0,0,0,0,0,0,5,0,,,,,,,,,,,,,,,,,,,,,,,,,,,,,,,,,,,0,,,,
2113,Unscored (no condition data),PTrail,1204,2.0,,,,,,,,,35,2,2,,trails,21.536,Dirt,1,2,2,1,2,0,1,0,0,0,0,0,1,2,0,0,0,0,0,0,0,0,0,0,0,5,0,0,0,0,0,0,0,0,1,2,0,0,0,0,0,0,0,0,0,0,0,0,0,0,1,2,0,0,0,0,0,0,0,0,0,0,0,0,0,0,0,0,0,0,0,0,0,1,0,0,1,2,0,0,0,0,0,0,1,1,1,0,0,0,0,0,0,0,0,0,5,0,,,,,,,,,,,,,,,,,,,,,,,,,,,,,,,,,,,0,,,,
2114,Unscored (no condition data),PTrail,1205,2.0,,,,,,,,,31,2,2,,trails,77.366,Dirt,1,2,2,1,2,0,1,0,0,0,0,0,0,0,0,0,0,0,0,0,0,0,0,0,0,5,0,2,0,0,0,0,0,0,1,2,0,0,0,0,0,0,0,0,0,0,0,0,0,0,1,0,0,0,0,0,0,0,0,0,0,0,0,0,0,0,0,0,0,0,0,0,0,1,2,0,0,0,0,0,0,0,0,0,1,1,1,0,0,0,0,0,0,0,0,0,5,0,,,,,,,,,,,,,,,,,,,,,,,,,,,,,,,,,,,0,,,,
2115,Unscored (no condition data),PTrail,1215,2.0,,,,,,,,,33,2,2,,trails,17.926,Dirt,1,2,2,1,2,0,1,0,0,0,0,0,0,0,0,0,0,0,0,0,0,0,0,0,0,5,0,2,0,0,0,0,0,0,1,2,0,0,0,0,0,0,0,0,0,0,0,0,0,0,1,2,0,0,0,0,0,0,0,0,0,0,0,0,0,0,0,0,0,0,0,0,0,1,2,0,0,0,0,0,0,0,0,0,1,1,1,0,0,0,0,0,0,0,0,0,5,0,,,,,,,,,,,,,,,,,,,,,,,,,,,,,,,,,,,0,,,,
2116,Unscored (no condition data),PTrail,1217,2.0,,,,,,,,,36,2,2,,trails,272.037,Dirt,1,2,2,1,2,2,0,0,0,0,0,0,1,2,2,0,0,0,0,0,0,0,0,0,0,5,0,0,0,0,0,0,0,0,0,0,0,0,0,0,0,0,0,0,0,0,0,0,0,0,0,0,0,0,0,4,0,0,0,0,0,0,0,0,0,0,0,0,0,0,0,0,0,1,2,0,0,0,0,0,0,0,0,0,1,1,1,1,0,0,0,0,0,0,0,0,5,0,,,,,,,,,,,,,,,,,,,,,,,,,,,,,,,,,,,0,,,,
2117,Unscored (no condition data),PTrail,1221,2.0,,,,,,,,,34,2,2,,trails,323.516,Dirt,1,2,2,1,2,0,1,2,0,1,0,0,1,0,0,0,0,0,0,0,0,0,0,0,0,5,3,0,0,0,0,0,0,0,1,2,0,0,0,0,0,0,0,0,0,0,0,0,0,0,1,2,0,0,0,0,0,0,0,0,0,0,0,0,0,0,0,0,0,0,1,2,0,1,0,0,1,0,0,0,0,0,0,0,1,0,1,0,0,0,0,0,0,0,0,0,0,0,,,,,,,,,,,,,,,,,,,,,,,,,,,,,,,,,,,0,,,,
2118,Unscored (no condition data),PTrail,1232,2.0,,,,,,,,,48,3,2,,trails,22.2,Other,1,2,2,1,2,2,1,2,2,0,0,0,1,0,0,0,0,0,0,0,0,0,0,0,0,5,0,2,0,0,0,0,0,0,1,2,0,0,0,0,0,0,0,0,0,0,0,0,1,0,1,2,0,0,0,0,0,0,0,0,0,0,0,0,1,0,0,0,0,0,1,0,0,1,2,0,1,2,0,0,0,0,5,0,0,0,0,0,0,0,0,0,0,0,0,0,5,0,,,,,,,,,,,,,,,,,,,,,,,,,,,,,,,,,,,0,,,,
2119,Unscored (no condition data),PTrail,1233,2.0,,,,,,,,,33,2,2,,trails,348.13,Dirt,1,2,2,1,0,0,0,0,0,0,0,0,0,0,0,0,0,0,0,0,0,0,0,0,0,0,0,2,0,0,0,0,0,0,1,0,0,0,0,0,0,0,0,0,0,0,0,0,0,0,1,2,2,5,5,0,0,1,0,0,0,0,0,0,0,0,0,0,0,0,0,0,0,0,0,0,0,0,0,0,0,0,0,0,1,1,1,0,0,0,0,0,0,0,0,0,5,0,,,,,,,,,,,,,,,,,,,,,,,,,,,,,,,,,,,0,,,,
2120,Unscored (no condition data),PTrail,1234,2.0,,,,,,,,,34,2,2,,trails,189.548,Dirt,1,2,2,1,2,0,0,0,0,0,0,0,0,0,0,0,0,0,0,0,0,0,0,0,0,0,0,2,0,0,0,0,0,0,0,0,0,0,0,0,0,0,0,0,0,0,0,0,0,0,1,2,2,5,5,0,0,1,0,0,0,0,0,0,0,0,0,0,0,0,0,0,0,0,0,0,0,0,0,0,0,0,0,0,1,1,1,0,0,0,0,0,0,0,0,0,5,0,,,,,,,,,,,,,,,,,,,,,,,,,,,,,,,,,,,0,,,,
2121,Unscored (no condition data),PTrail,1278,2.0,,,,,,,,,31,2,2,,trails,313.399,Dirt,1,2,2,0,0,0,0,0,0,0,0,0,1,2,2,0,0,0,0,0,0,0,0,0,0,0,3,0,0,0,0,0,0,0,0,0,0,0,0,0,0,0,0,0,0,0,0,0,0,0,0,0,0,5,5,0,0,0,1,2,2,0,0,0,0,0,0,0,0,0,0,0,0,0,0,0,0,0,0,0,0,0,0,0,1,1,1,0,0,0,0,0,0,0,0,0,0,0,,,,,,,,,,,,,,,,,,,,,,,,,,,,,,,,,,,0,,,,
2122,Unscored (no condition data),PTrail,23066,2.0,,,,,,,,,39,2,2,,trails,46.369,Gravel,1,2,2,1,2,2,0,0,0,0,0,0,1,2,0,0,0,0,0,0,0,0,0,0,0,5,0,2,0,0,0,0,0,0,0,0,0,0,0,0,0,0,0,0,0,0,0,0,0,0,1,2,0,0,0,0,3,0,0,0,0,0,0,0,0,0,0,0,0,0,0,0,0,1,0,0,1,0,0,0,0,0,0,0,1,1,1,0,0,0,0,0,0,0,0,0,5,3,,,,,,,,,,,,,,,,,,,,,,,,,,,,,,,,,,,0,,,,
2123,Unscored (no condition data),PTrail,23069,2.0,,,,,,,,,44,2,2,,trails,500.123,Gravel,1,2,2,1,2,2,0,0,0,0,0,0,1,2,2,0,0,0,0,0,0,0,0,0,0,5,0,2,0,0,0,0,0,0,0,0,0,0,0,0,0,0,0,0,0,0,0,0,0,0,1,2,0,0,0,0,3,1,0,0,0,0,0,0,0,0,0,0,0,0,0,0,0,1,0,0,1,2,0,0,0,0,0,0,1,1,1,0,0,0,0,0,0,0,0,0,5,3,,,,,,,,,,,,,,,,,,,,,,,,,,,,,,,,,,,0,,,,
2124,Unscored (no condition data),PTrail,23070,2.0,,,,,,,,,32,2,2,,trails,85.311,Gravel,1,2,2,1,2,0,0,0,0,0,0,0,1,2,2,0,0,0,0,0,0,0,0,0,0,5,0,2,0,0,0,0,0,0,0,0,0,0,0,0,0,0,0,0,0,0,0,0,0,0,1,0,0,0,0,0,0,1,0,0,0,0,0,0,0,0,0,0,0,0,0,0,0,1,0,0,1,0,0,0,0,0,0,0,1,1,1,0,0,0,0,0,0,0,0,0,5,0,,,,,,,,,,,,,,,,,,,,,,,,,,,,,,,,,,,0,,,,
2125,Unscored (no condition data),RPath,1623,1.0,,,,,,,,,27,1,1,,sidewalks,74.203,CON,1,2,0,1,2,0,1,2,0,0,0,0,0,0,0,0,0,0,0,0,0,0,0,0,0,0,0,2,0,0,0,0,0,0,1,0,0,0,0,0,0,0,0,0,0,0,0,0,0,0,1,2,0,0,0,0,0,1,0,0,0,0,0,0,0,0,0,0,0,0,0,0,0,0,0,0,0,0,0,0,0,0,0,3,1,1,1,0,0,0,0,0,0,0,0,0,5,0,,,,,,,,,,,,,,,,,,,,,,,,,,,,,,,,,,,0,,,,
2126,Unscored (no condition data),RPath,1624,1.0,,,,,,,,,27,1,1,,sidewalks,110.282,CON,1,2,2,1,2,0,1,2,0,0,0,0,0,0,0,0,0,0,0,0,0,0,0,0,0,0,0,2,0,0,0,0,0,0,1,0,0,0,0,0,0,0,0,0,0,0,0,0,0,0,1,0,0,0,0,0,0,1,0,0,0,0,0,0,0,0,0,0,0,0,0,0,0,0,0,0,0,0,0,0,0,0,0,3,1,1,1,0,0,0,0,0,0,0,0,0,5,0,,,,,,,,,,,,,,,,,,,,,,,,,,,,,,,,,,,0,,,,
2127,Unscored (no condition data),RPath,1625,1.0,,,,,,,,,23,1,1,,sidewalks,38.336,CON,0,0,0,0,0,0,0,0,0,0,0,0,0,0,0,0,0,0,0,0,0,0,0,0,0,0,3,0,0,0,0,0,0,0,0,0,0,0,0,0,0,0,0,0,1,2,0,0,0,0,1,2,2,0,0,4,0,0,0,0,0,0,0,0,0,0,0,0,0,0,0,0,0,0,0,0,0,0,0,0,0,0,0,0,1,1,1,0,0,0,0,0,0,0,0,0,5,0,,,,,,,,,,,,,,,,,,,,,,,,,,,,,,,,,,,0,,,,
2128,Unscored (no condition data),RPath,1636,1.0,,,,,,,,,29,2,1,,sidewalks,175.276,CON,1,2,2,1,0,0,1,0,0,1,0,0,0,0,0,0,0,0,0,0,0,0,0,0,0,0,0,2,0,0,0,0,0,0,1,0,0,0,0,0,1,2,0,0,1,0,0,0,1,0,1,2,0,0,0,0,0,1,0,0,0,0,0,0,0,0,0,0,0,0,0,0,0,1,0,0,0,0,0,0,0,0,0,0,1,1,1,0,0,0,0,0,0,0,0,0,5,0,,,,,,,,,,,,,,,,,,,,,,,,,,,,,,,,,,,0,,,,
2129,Unscored (no condition data),RPath,1637,1.0,,,,,,,,,26,1,1,,sidewalks,42.948,CON,1,2,2,0,0,0,0,0,0,1,0,0,0,0,0,0,0,0,0,0,0,0,0,0,0,0,0,2,0,0,0,0,0,0,1,0,0,0,0,0,1,2,0,0,1,0,0,0,1,0,1,2,0,0,0,0,0,1,0,0,0,0,0,0,0,0,0,0,0,0,0,0,0,0,0,0,0,0,0,0,0,0,0,0,1,1,1,0,0,0,0,0,0,0,0,0,5,0,,,,,,,,,,,,,,,,,,,,,,,,,,,,,,,,,,,0,,,,
2130,Unscored (no condition data),RPath,1686,1.0,,,,,,,,,27,1,1,,sidewalks,98.614,HMAC,1,2,2,0,0,0,0,0,0,0,0,0,1,2,0,0,0,0,0,0,0,0,0,0,0,0,3,0,0,0,0,0,0,0,0,0,0,0,0,0,0,0,0,0,0,0,0,0,0,0,1,2,0,0,0,0,0,1,0,0,0,0,0,0,1,0,0,0,0,0,0,0,0,0,0,0,0,0,0,0,0,0,0,0,1,1,1,1,2,0,0,0,0,0,0,0,5,0,,,,,,,,,,,,,,,,,,,,,,,,,,,,,,,,,,,0,,,,
2131,Unscored (no condition data),RPath,1687,1.0,,,,,,,,,19,1,1,,sidewalks,42.029,CON,1,0,0,0,0,0,0,0,0,0,0,0,0,0,0,0,0,0,0,0,0,0,0,0,0,0,0,2,0,0,0,0,0,0,0,0,0,0,0,0,0,0,0,0,0,0,0,0,0,0,1,2,0,0,0,0,0,1,0,0,0,0,0,0,0,0,0,0,0,0,0,0,0,1,0,0,0,0,0,0,0,0,0,3,1,1,1,0,0,0,0,0,0,0,0,0,5,0,,,,,,,,,,,,,,,,,,,,,,,,,,,,,,,,,,,0,,,,
2132,Unscored (no condition data),RPath,1688,1.0,,,,,,,,,28,2,1,,sidewalks,71.664,CON,1,2,0,0,0,0,0,0,0,0,0,0,0,0,0,0,0,0,0,0,0,0,0,0,0,0,3,0,0,0,0,1,2,2,0,0,0,0,0,0,0,0,0,0,0,0,0,0,1,0,1,2,0,0,0,4,0,0,0,0,0,0,0,0,0,0,0,0,0,0,0,0,0,1,0,0,0,0,0,0,0,0,0,0,1,1,1,0,0,0,0,0,0,0,0,0,5,0,,,,,,,,,,,,,,,,,,,,,,,,,,,,,,,,,,,0,,,,
2133,Unscored (no condition data),RPath,1695,1.0,,,,,,,,,23,1,1,,sidewalks,110.294,CON,1,2,0,0,0,0,0,0,0,0,0,0,0,0,0,0,0,0,0,0,0,0,0,0,0,0,0,2,0,0,0,0,0,0,1,2,0,0,0,0,0,0,0,0,0,0,0,0,0,0,1,2,0,0,0,0,0,1,0,0,0,0,0,0,0,0,0,0,0,0,0,0,0,1,2,2,0,0,0,0,0,0,0,0,1,1,1,0,0,0,0,0,0,0,0,0,0,3,,,,,,,,,,,,,,,,,,,,,,,,,,,,,,,,,,,0,,,,
2134,Unscored (no condition data),RPath,1696,1.0,,,,,,,,,17,1,1,,sidewalks,61.691,CON,1,2,0,0,0,0,0,0,0,0,0,0,0,0,0,0,0,0,0,0,0,0,0,0,0,0,0,2,0,0,0,0,0,0,1,0,0,0,0,0,0,0,0,0,0,0,0,0,0,0,1,0,0,0,0,0,0,1,0,0,0,0,0,0,0,0,0,0,0,0,0,0,0,1,2,0,0,0,0,0,0,0,0,0,1,1,1,0,0,0,0,0,0,0,0,0,0,3,,,,,,,,,,,,,,,,,,,,,,,,,,,,,,,,,,,0,,,,
2135,Unscored (no condition data),RPath,1699,1.0,,,,,,,,,20,1,1,,sidewalks,63.947,CON,1,0,0,0,0,0,0,0,0,0,0,0,0,0,0,0,0,0,0,0,0,0,0,0,0,0,0,2,0,0,0,0,0,0,0,0,0,0,0,0,0,0,0,0,0,0,0,0,1,0,1,2,0,0,0,0,0,1,0,0,0,0,0,0,0,0,0,0,0,0,0,0,0,1,0,0,0,0,0,0,0,0,0,0,1,1,1,0,0,0,0,0,0,0,0,0,5,3,,,,,,,,,,,,,,,,,,,,,,,,,,,,,,,,,,,0,,,,
2136,Unscored (no condition data),RPath,1700,1.0,,,,,,,,,24,1,1,,sidewalks,246.598,CON,1,2,0,0,0,0,0,0,0,0,0,0,0,0,0,0,0,0,0,0,0,0,0,0,0,0,0,2,0,0,0,0,0,0,0,0,0,0,0,0,0,0,0,0,0,0,0,0,1,0,1,2,0,0,0,0,0,1,0,0,0,0,0,0,0,0,0,0,0,0,0,0,0,1,2,0,0,0,0,0,0,0,0,0,1,1,1,0,0,0,0,0,0,0,0,0,5,3,,,,,,,,,,,,,,,,,,,,,,,,,,,,,,,,,,,0,,,,
2137,Unscored (no condition data),RPath,1701,1.0,,,,,,,,,19,1,1,,sidewalks,160.432,CON,0,0,0,0,0,0,0,0,0,0,0,0,0,0,0,0,0,0,0,0,0,0,0,0,0,0,0,2,0,0,0,0,0,0,0,0,0,1,2,2,0,0,0,0,0,0,0,0,0,0,0,0,0,0,0,0,0,1,0,0,0,0,0,0,0,0,0,0,0,0,0,0,0,0,0,0,0,0,0,0,0,0,0,0,1,1,1,0,0,0,0,0,0,0,0,0,5,3,,,,,,,,,,,,,,,,,,,,,,,,,,,,,,,,,,,0,,,,
2138,Unscored (no condition data),RPath,1704,1.0,,,,,,,,,29,2,1,,sidewalks,26.583,CON,0,0,0,0,0,0,0,0,0,0,0,0,1,2,2,0,0,0,0,0,0,0,0,0,0,0,3,0,0,0,0,0,0,0,0,0,0,0,0,0,0,0,0,0,0,0,0,0,0,0,1,2,2,0,5,0,3,0,0,0,0,0,0,0,0,0,0,0,0,0,0,0,0,0,0,0,0,0,0,0,0,0,0,0,1,1,1,0,0,0,0,0,0,0,0,0,5,0,,,,,,,,,,,,,,,,,,,,,,,,,,,,,,,,,,,0,,,,
2139,Unscored (no condition data),RPath,1737,1.0,,,,,,,,,19,1,1,,sidewalks,41.985,CON,1,0,0,0,0,0,0,0,0,0,0,0,0,0,0,0,0,0,0,0,0,0,0,0,0,0,0,2,0,0,0,0,0,0,0,0,0,0,0,0,0,0,0,0,0,0,0,0,0,0,1,2,0,0,0,0,0,1,0,0,0,0,0,0,0,0,0,0,0,0,0,0,0,1,0,0,0,0,0,0,0,0,0,3,1,1,1,0,0,0,0,0,0,0,0,0,5,0,,,,,,,,,,,,,,,,,,,,,,,,,,,,,,,,,,,0,,,,
2140,Unscored (no condition data),RPath,1738,1.0,,,,,,,,,20,1,1,,sidewalks,65.824,CON,1,0,0,0,0,0,0,0,0,0,0,0,0,0,0,0,0,0,0,0,0,0,0,0,0,0,0,2,0,0,0,0,0,0,0,0,0,0,0,0,0,0,0,0,0,0,0,0,0,0,1,2,2,0,0,0,0,1,0,0,0,0,0,0,0,0,0,0,0,0,0,0,0,1,0,0,0,0,0,0,0,0,0,3,0,1,1,0,0,0,0,0,0,0,0,0,5,0,,,,,,,,,,,,,,,,,,,,,,,,,,,,,,,,,,,0,,,,
2141,Unscored (no condition data),RPath,1739,1.0,,,,,,,,,21,1,1,,sidewalks,60.366,CON,1,0,0,0,0,0,0,0,0,0,0,0,0,0,0,0,0,0,0,0,0,0,0,0,0,0,0,2,0,0,0,0,0,0,0,0,0,0,0,0,0,0,0,0,0,0,0,0,0,0,1,2,2,0,0,0,0,1,0,0,0,0,0,0,0,0,0,0,0,0,0,0,0,1,0,0,0,0,0,0,0,0,0,3,1,1,1,0,0,0,0,0,0,0,0,0,5,0,,,,,,,,,,,,,,,,,,,,,,,,,,,,,,,,,,,0,,,,
2142,Unscored (no condition data),RPath,1740,1.0,,,,,,,,,21,1,1,,sidewalks,85.041,CON,1,2,0,0,0,0,0,0,0,0,0,0,0,0,0,0,0,0,0,0,0,0,0,0,0,0,0,2,0,0,0,0,0,0,0,0,0,0,0,0,0,0,0,0,0,0,0,0,0,0,1,2,0,0,0,0,0,1,0,0,0,0,0,0,0,0,0,0,0,0,0,0,0,1,0,0,0,0,0,0,0,0,0,3,1,1,1,0,0,0,0,0,0,0,0,0,5,0,,,,,,,,,,,,,,,,,,,,,,,,,,,,,,,,,,,0,,,,
2143,Unscored (no condition data),RPath,1741,1.0,,,,,,,,,22,1,1,,sidewalks,67.963,CON,1,2,0,0,0,0,0,0,0,0,0,0,0,0,0,0,0,0,0,0,0,0,0,0,0,0,0,2,0,0,0,0,0,0,0,0,0,0,0,0,0,0,0,0,0,0,0,0,0,0,1,2,2,0,0,0,0,1,0,0,0,0,0,0,0,0,0,0,0,0,0,0,0,0,0,0,0,0,0,0,0,0,0,3,1,1,1,0,0,0,0,0,0,0,0,0,5,0,,,,,,,,,,,,,,,,,,,,,,,,,,,,,,,,,,,0,,,,
2144,Unscored (no condition data),RPath,1743,1.0,,,,,,,,,22,1,1,,sidewalks,83.941,CON,1,2,0,0,0,0,0,0,0,0,0,0,0,0,0,0,0,0,0,0,0,0,0,0,0,0,0,2,0,0,0,0,0,0,0,0,0,0,0,0,0,0,0,0,0,0,0,0,0,0,1,2,2,0,0,0,0,1,0,0,0,0,0,0,0,0,0,0,0,0,0,0,0,0,0,0,0,0,0,0,0,0,0,3,1,1,1,0,0,0,0,0,0,0,0,0,5,0,,,,,,,,,,,,,,,,,,,,,,,,,,,,,,,,,,,0,,,,
2145,Unscored (no condition data),RPath,1744,1.0,,,,,,,,,19,1,1,,sidewalks,41.627,CON,1,2,0,0,0,0,0,0,0,0,0,0,0,0,0,0,0,0,0,0,0,0,0,0,0,0,0,2,0,0,0,0,0,0,0,0,0,0,0,0,0,0,0,0,0,0,0,0,0,0,1,2,2,0,0,0,0,1,0,0,0,0,0,0,0,0,0,0,0,0,0,0,0,0,0,0,0,0,0,0,0,0,0,0,1,1,1,0,0,0,0,0,0,0,0,0,5,0,,,,,,,,,,,,,,,,,,,,,,,,,,,,,,,,,,,0,,,,
2146,Unscored (no condition data),RPath,1749,1.0,,,,,,,,,23,1,1,,sidewalks,180.131,CON,0,0,0,0,0,0,0,0,0,0,0,0,0,0,0,0,0,0,0,0,0,0,0,0,0,0,3,0,0,0,0,1,2,2,0,0,0,0,0,0,0,0,0,0,1,2,0,0,0,0,1,2,2,0,0,0,0,1,0,0,0,0,0,0,0,0,0,0,0,0,0,0,0,0,0,0,0,0,0,0,0,0,0,0,1,1,1,0,0,0,0,0,0,0,0,0,0,3,,,,,,,,,,,,,,,,,,,,,,,,,,,,,,,,,,,0,,,,
2147,Unscored (no condition data),RPath,1750,1.0,,,,,,,,,17,1,1,,sidewalks,170.415,CON,0,0,0,0,0,0,0,0,0,0,0,0,0,0,0,0,0,0,0,0,0,0,0,0,0,0,3,0,0,0,0,1,2,0,0,0,0,0,0,0,0,0,0,0,1,0,0,0,0,0,1,2,0,0,0,0,0,1,0,0,0,0,0,0,0,0,0,0,0,0,0,0,0,0,0,0,0,0,0,0,0,0,0,0,1,1,1,0,0,0,0,0,0,0,0,0,0,3,,,,,,,,,,,,,,,,,,,,,,,,,,,,,,,,,,,0,,,,
2148,Unscored (no condition data),RPath,1754,1.0,,,,,,,,,28,2,1,,sidewalks,43.729,CON,1,2,0,1,2,0,1,2,0,0,0,0,0,0,0,0,0,0,0,0,0,0,0,0,0,0,0,2,0,0,0,0,0,0,0,0,0,0,0,0,0,0,0,0,0,0,0,0,0,0,1,2,2,0,0,0,0,1,0,0,0,0,0,0,1,2,0,0,0,0,0,0,0,0,0,0,0,0,0,0,0,0,0,0,1,1,1,0,0,0,0,0,0,0,0,0,5,0,,,,,,,,,,,,,,,,,,,,,,,,,,,,,,,,,,,0,,,,
2149,Unscored (no condition data),RPath,1760,1.0,,,,,,,,,26,1,1,,sidewalks,94.551,CON,1,2,0,0,0,0,0,0,0,0,0,0,0,0,0,0,0,0,0,0,0,0,0,0,0,0,0,2,0,0,0,0,0,0,1,0,0,0,0,0,0,0,0,0,1,2,0,0,0,0,1,2,2,0,0,0,0,1,0,0,0,0,0,0,0,0,0,0,0,0,0,0,0,0,0,0,0,0,0,0,0,0,5,0,1,1,1,0,0,0,0,0,0,0,0,0,0,3,,,,,,,,,,,,,,,,,,,,,,,,,,,,,,,,,,,0,,,,
2150,Unscored (no condition data),RPath,1761,1.0,,,,,,,,,27,1,1,,sidewalks,172.463,CON,1,2,0,0,0,0,0,0,0,0,0,0,0,0,0,0,0,0,0,0,0,0,0,0,0,0,0,2,0,0,0,1,0,0,1,0,0,0,0,0,0,0,0,0,1,2,0,0,0,0,1,2,2,0,0,0,0,1,0,0,0,0,0,0,0,0,0,0,0,0,0,0,0,0,0,0,0,0,0,0,0,0,5,0,1,1,1,0,0,0,0,0,0,0,0,0,0,3,,,,,,,,,,,,,,,,,,,,,,,,,,,,,,,,,,,0,,,,
2151,Unscored (no condition data),RPath,1762,1.0,,,,,,,,,21,1,1,,sidewalks,83.517,CON,1,0,0,0,0,0,0,0,0,0,0,0,0,0,0,0,0,0,0,0,0,0,0,0,0,0,0,2,0,0,0,1,0,0,1,0,0,0,0,0,0,0,0,0,1,0,0,0,0,0,1,2,0,0,0,0,0,1,0,0,0,0,0,0,0,0,0,0,0,0,0,0,0,0,0,0,0,0,0,0,0,0,5,0,1,1,1,0,0,0,0,0,0,0,0,0,0,3,,,,,,,,,,,,,,,,,,,,,,,,,,,,,,,,,,,0,,,,
2152,Unscored (no condition data),RPath,1763,1.0,,,,,,,,,18,1,1,,sidewalks,37.414,CON,1,0,0,0,0,0,0,0,0,0,0,0,0,0,0,0,0,0,0,0,0,0,0,0,0,0,0,2,0,0,0,1,0,0,0,0,0,0,0,0,0,0,0,0,1,0,0,0,0,0,1,0,0,0,0,0,0,1,0,0,0,0,0,0,0,0,0,0,0,0,0,0,0,0,0,0,0,0,0,0,0,0,5,0,1,1,1,0,0,0,0,0,0,0,0,0,0,3,,,,,,,,,,,,,,,,,,,,,,,,,,,,,,,,,,,0,,,,
2153,Unscored (no condition data),RPath,1764,1.0,,,,,,,,,25,1,1,,sidewalks,192.523,CON,1,2,0,0,0,0,0,0,0,0,0,0,0,0,0,0,0,0,0,0,0,0,0,0,0,0,0,2,0,0,0,1,0,0,1,0,0,0,0,0,0,0,0,0,1,0,0,0,0,0,1,2,2,0,0,0,0,1,0,0,0,0,0,0,0,0,0,0,0,0,0,0,0,0,0,0,0,0,0,0,0,0,5,0,1,1,1,0,0,0,0,0,0,0,0,0,0,3,,,,,,,,,,,,,,,,,,,,,,,,,,,,,,,,,,,0,,,,
2154,Unscored (no condition data),RPath,1798,1.0,,,,,,,,,15,1,1,,sidewalks,172.268,CON,1,0,0,0,0,0,0,0,0,0,0,0,0,0,0,0,0,0,0,0,0,0,0,0,0,0,0,2,0,0,0,0,0,0,0,0,0,0,0,0,0,0,0,0,0,0,0,0,0,0,0,0,0,0,0,0,0,1,0,0,0,0,0,0,0,0,0,0,0,0,0,0,0,0,0,0,0,0,0,0,0,0,0,0,1,1,1,0,0,0,0,0,0,0,0,0,5,3,,,,,,,,,,,,,,,,,,,,,,,,,,,,,,,,,,,0,,,,
2155,Unscored (no condition data),RPath,1799,1.0,,,,,,,,,15,1,1,,sidewalks,139.882,CON,1,2,0,0,0,0,0,0,0,0,0,0,0,0,0,0,0,0,0,0,0,0,0,0,0,0,0,2,0,0,0,0,0,0,0,0,0,0,0,0,0,0,0,0,0,0,0,0,0,0,0,0,0,0,0,0,0,1,0,0,0,0,0,0,0,0,0,0,0,0,0,0,0,0,0,0,0,0,0,0,0,0,0,3,1,1,1,0,0,0,0,0,0,0,0,0,0,3,,,,,,,,,,,,,,,,,,,,,,,,,,,,,,,,,,,0,,,,
2156,Unscored (no condition data),RPath,1800,1.0,,,,,,,,,15,1,1,,sidewalks,34.668,CON,1,2,0,0,0,0,0,0,0,0,0,0,0,0,0,0,0,0,0,0,0,0,0,0,0,0,0,2,0,0,0,0,0,0,0,0,0,0,0,0,0,0,0,0,0,0,0,0,0,0,0,0,0,0,0,0,0,1,0,0,0,0,0,0,0,0,0,0,0,0,0,0,0,0,0,0,0,0,0,0,0,0,0,3,1,1,1,0,0,0,0,0,0,0,0,0,0,3,,,,,,,,,,,,,,,,,,,,,,,,,,,,,,,,,,,0,,,,
2157,Unscored (no condition data),RPath,1801,1.0,,,,,,,,,17,1,1,,sidewalks,112.97,CON,1,2,2,0,0,0,0,0,0,0,0,0,0,0,0,0,0,0,0,0,0,0,0,0,0,0,0,2,0,0,0,0,0,0,0,0,0,0,0,0,0,0,0,0,0,0,0,0,0,0,0,0,0,0,0,0,0,1,0,0,0,0,0,0,0,0,0,0,0,0,0,0,0,0,0,0,0,0,0,0,0,0,0,3,1,1,1,0,0,0,0,0,0,0,0,0,0,3,,,,,,,,,,,,,,,,,,,,,,,,,,,,,,,,,,,0,,,,
2158,Unscored (no condition data),RPath,1802,1.0,,,,,,,,,10,1,1,,sidewalks,21.16,CON,1,0,0,0,0,0,0,0,0,0,0,0,0,0,0,0,0,0,0,0,0,0,0,0,0,0,0,2,0,0,0,0,0,0,0,0,0,0,0,0,0,0,0,0,0,0,0,0,0,0,0,0,0,0,0,0,0,1,0,0,0,0,0,0,0,0,0,0,0,0,0,0,0,0,0,0,0,0,0,0,0,0,0,0,1,1,1,0,0,0,0,0,0,0,0,0,0,3,,,,,,,,,,,,,,,,,,,,,,,,,,,,,,,,,,,0,,,,
2159,Unscored (no condition data),RPath,1803,1.0,,,,,,,,,20,1,1,,sidewalks,79.054,CON,1,2,0,0,0,0,0,0,0,0,0,0,0,0,0,0,0,0,0,0,0,0,0,0,0,0,0,2,0,0,0,0,0,0,0,0,0,0,0,0,0,0,0,0,0,0,0,0,0,0,0,0,0,0,0,0,0,1,0,0,0,0,0,0,0,0,0,0,0,0,0,0,0,0,0,0,0,0,0,0,0,0,0,3,1,1,1,0,0,0,0,0,0,0,0,0,5,3,,,,,,,,,,,,,,,,,,,,,,,,,,,,,,,,,,,0,,,,
2160,Unscored (no condition data),RPath,1804,1.0,,,,,,,,,17,1,1,,sidewalks,51.57,CON,1,2,0,0,0,0,0,0,0,0,0,0,0,0,0,0,0,0,0,0,0,0,0,0,0,0,0,2,0,0,0,0,0,0,0,0,0,0,0,0,0,0,0,0,0,0,0,0,0,0,0,0,0,0,0,0,0,1,0,0,0,0,0,0,0,0,0,0,0,0,0,0,0,0,0,0,0,0,0,0,0,0,0,3,1,1,1,0,0,0,0,0,0,0,0,0,5,0,,,,,,,,,,,,,,,,,,,,,,,,,,,,,,,,,,,0,,,,
2161,Unscored (no condition data),RPath,1805,1.0,,,,,,,,,16,1,1,,sidewalks,266.935,CON,0,0,0,0,0,0,0,0,0,0,0,0,0,0,0,0,0,0,0,0,0,0,0,0,0,0,3,0,0,0,0,1,2,0,0,0,0,0,0,0,0,0,0,0,0,0,0,0,0,0,1,2,0,0,0,0,0,1,0,0,0,0,0,0,0,0,0,0,0,0,0,0,0,0,0,0,0,0,0,0,0,0,0,0,1,1,1,0,0,0,0,0,0,0,0,0,0,3,,,,,,,,,,,,,,,,,,,,,,,,,,,,,,,,,,,0,,,,
2162,Unscored (no condition data),RPath,1828,1.0,,,,,,,,,18,1,1,,sidewalks,6.818,CON,0,0,0,0,0,0,0,0,0,0,0,0,1,0,0,0,0,0,1,0,0,0,0,0,0,0,3,0,0,0,0,0,0,0,0,0,0,0,0,0,0,0,0,0,0,0,0,0,0,0,1,0,0,0,0,0,0,1,0,0,0,0,0,0,0,0,0,0,0,0,0,0,0,0,0,0,1,0,0,1,0,0,0,0,1,1,1,0,0,0,0,0,0,1,0,0,5,0,,,,,,,,,,,,,,,,,,,,,,,,,,,,,,,,,,,0,,,,
2163,Unscored (no condition data),RPath,1829,1.0,,,,,,,,,18,1,1,,sidewalks,4.974,CON,0,0,0,0,0,0,0,0,0,0,0,0,1,0,0,0,0,0,1,0,0,0,0,0,0,0,3,0,0,0,0,0,0,0,0,0,0,0,0,0,0,0,0,0,0,0,0,0,0,0,1,0,0,0,0,0,0,1,0,0,0,0,0,0,0,0,0,0,0,0,0,0,0,0,0,0,1,0,0,1,0,0,0,0,1,1,1,0,0,0,0,0,0,1,0,0,5,0,,,,,,,,,,,,,,,,,,,,,,,,,,,,,,,,,,,0,,,,
2164,Unscored (no condition data),RPath,1830,1.0,,,,,,,,,20,1,1,,sidewalks,10.488,CON,0,0,0,0,0,0,0,0,0,0,0,0,1,0,0,0,0,0,1,0,0,0,0,0,0,0,3,0,0,0,0,0,0,0,1,0,0,0,0,0,0,0,0,0,1,0,0,0,0,0,1,0,0,0,0,0,0,1,0,0,0,0,0,0,0,0,0,0,0,0,0,0,0,0,0,0,1,0,0,1,0,0,0,0,1,1,1,0,0,0,0,0,0,1,0,0,5,0,,,,,,,,,,,,,,,,,,,,,,,,,,,,,,,,,,,0,,,,
2165,Unscored (no condition data),RPath,1831,1.0,,,,,,,,,20,1,1,,sidewalks,11.512,CON,1,0,0,0,0,0,0,0,0,0,0,0,1,0,0,0,0,0,1,0,0,0,0,0,0,0,3,0,0,0,0,0,0,0,1,0,0,0,0,0,0,0,0,0,1,0,0,0,0,0,1,0,0,0,0,0,0,1,0,0,0,0,0,0,0,0,0,0,0,0,0,0,0,0,0,0,1,0,0,1,0,0,0,0,1,1,1,0,0,0,0,0,0,0,0,0,5,0,,,,,,,,,,,,,,,,,,,,,,,,,,,,,,,,,,,0,,,,
2166,Unscored (no condition data),RPath,1832,1.0,,,,,,,,,18,1,1,,sidewalks,15.012,CON,0,0,0,0,0,0,0,0,0,0,0,0,1,0,0,0,0,0,1,0,0,0,0,0,0,0,3,0,0,0,0,0,0,0,0,0,0,0,0,0,0,0,0,0,0,0,0,0,0,0,1,0,0,0,0,0,0,1,0,0,0,0,0,0,0,0,0,0,0,0,0,0,0,0,0,0,1,0,0,1,0,0,0,0,1,1,1,0,0,0,0,0,0,1,0,0,5,0,,,,,,,,,,,,,,,,,,,,,,,,,,,,,,,,,,,0,,,,
2167,Unscored (no condition data),RPath,1897,1.0,,,,,,,,,19,1,1,,sidewalks,150.151,CON,1,2,2,0,0,0,0,0,0,0,0,0,0,0,0,0,0,0,0,0,0,0,0,0,0,0,0,2,0,0,0,0,0,0,0,0,0,0,0,0,0,0,0,0,0,0,0,0,0,0,0,0,0,0,0,0,0,1,0,0,0,0,0,0,0,0,0,0,0,0,0,0,0,0,0,0,0,0,0,0,0,0,0,0,1,1,1,0,0,0,0,0,0,0,0,0,5,3,,,,,,,,,,,,,,,,,,,,,,,,,,,,,,,,,,,0,,,,
2168,Unscored (no condition data),RPath,1898,1.0,,,,,,,,,19,1,1,,sidewalks,104.308,CON,1,2,0,1,0,0,0,0,0,0,0,0,0,0,0,0,0,0,0,0,0,0,0,0,0,0,0,2,0,0,0,0,0,0,1,0,0,0,0,0,0,0,0,0,0,0,0,0,0,0,1,2,0,0,0,0,0,1,0,0,0,0,0,0,0,0,0,0,0,0,0,0,0,0,0,0,0,0,0,0,0,0,0,0,1,1,1,0,0,0,0,0,0,0,0,0,5,0,,,,,,,,,,,,,,,,,,,,,,,,,,,,,,,,,,,0,,,,
2169,Unscored (no condition data),RPath,1899,1.0,,,,,,,,,22,1,1,,sidewalks,87.584,CON,1,2,2,1,0,0,0,0,0,0,0,0,0,0,0,0,0,0,0,0,0,0,0,0,0,0,0,2,0,0,0,0,0,0,0,0,0,0,0,0,0,0,0,0,0,0,0,0,0,0,1,2,2,0,0,0,0,1,0,0,0,0,0,0,0,0,0,0,0,0,0,0,0,0,0,0,0,0,0,0,0,0,0,0,1,1,1,0,0,0,0,0,0,0,0,0,5,0,,,,,,,,,,,,,,,,,,,,,,,,,,,,,,,,,,,0,,,,
2170,Unscored (no condition data),RPath,1900,1.0,,,,,,,,,18,1,1,,sidewalks,62.946,CON,1,2,0,1,0,0,0,0,0,0,0,0,0,0,0,0,0,0,0,0,0,0,0,0,0,0,0,2,0,0,0,0,0,0,0,0,0,0,0,0,0,0,0,0,0,0,0,0,0,0,1,2,0,0,0,0,0,1,0,0,0,0,0,0,0,0,0,0,0,0,0,0,0,0,0,0,0,0,0,0,0,0,0,0,1,1,1,0,0,0,0,0,0,0,0,0,5,0,,,,,,,,,,,,,,,,,,,,,,,,,,,,,,,,,,,0,,,,
2171,Unscored (no condition data),RPath,1933,1.0,,,,,,,,,25,1,1,,sidewalks,84.648,CON,1,2,2,1,0,0,1,0,0,0,0,0,0,0,0,0,0,0,0,0,0,0,0,0,0,0,0,2,0,0,0,0,0,0,0,0,0,1,0,0,0,0,0,0,0,0,0,0,0,0,1,2,0,0,0,0,0,1,0,0,0,0,0,0,0,0,0,0,0,0,0,0,0,1,2,0,0,0,0,0,0,0,0,0,1,1,1,0,0,0,0,0,0,0,0,0,5,0,,,,,,,,,,,,,,,,,,,,,,,,,,,,,,,,,,,0,,,,
2172,Unscored (no condition data),RPath,1934,1.0,,,,,,,,,25,1,1,,sidewalks,214.493,CON,1,2,0,0,0,0,0,0,0,0,0,0,0,0,0,0,0,0,0,0,0,0,0,0,0,0,0,2,0,0,0,1,0,0,0,0,0,1,2,0,0,0,0,0,1,0,0,0,0,0,1,2,0,0,0,0,0,1,0,0,0,0,0,0,0,0,0,0,0,0,0,0,0,1,2,0,0,0,0,0,0,0,0,0,1,1,1,0,0,0,0,0,0,0,0,0,5,0,,,,,,,,,,,,,,,,,,,,,,,,,,,,,,,,,,,0,,,,
2173,Unscored (no condition data),RPath,2008,1.0,,,,,,,,,14,1,1,,sidewalks,251.755,CON,0,0,0,0,0,0,0,0,0,0,0,0,0,0,0,0,0,0,0,0,0,0,0,0,0,0,0,2,0,0,0,0,0,0,0,0,0,1,2,2,0,0,0,0,0,0,0,0,0,0,0,0,0,0,0,0,0,1,0,0,0,0,0,0,0,0,0,0,0,0,0,0,0,0,0,0,0,0,0,0,0,0,0,0,1,1,1,0,0,0,0,0,0,0,0,0,0,3,,,,,,,,,,,,,,,,,,,,,,,,,,,,,,,,,,,0,,,,
2174,Unscored (no condition data),RPath,2037,1.0,,,,,,,,,12,1,1,,sidewalks,116.358,CON,1,2,0,0,0,0,0,0,0,0,0,0,0,0,0,0,0,0,0,0,0,0,0,0,0,0,0,2,0,0,0,0,0,0,0,0,0,0,0,0,0,0,0,0,0,0,0,0,0,0,0,0,0,0,0,0,0,1,0,0,0,0,0,0,0,0,0,0,0,0,0,0,0,0,0,0,0,0,0,0,0,0,0,0,1,1,1,0,0,0,0,0,0,0,0,0,0,3,,,,,,,,,,,,,,,,,,,,,,,,,,,,,,,,,,,0,,,,
2175,Unscored (no condition data),RPath,2039,1.0,,,,,,,,,28,2,1,,sidewalks,66.963,CON,1,2,2,1,2,0,1,2,0,0,0,0,0,0,0,0,0,0,0,0,0,0,0,0,0,0,0,2,0,0,0,0,0,0,0,0,0,0,0,0,0,0,0,0,0,0,0,0,0,0,1,2,0,0,0,0,0,1,0,0,0,0,0,0,1,2,0,0,0,0,0,0,0,0,0,0,0,0,0,0,0,0,0,0,1,1,1,0,0,0,0,0,0,0,0,0,5,0,,,,,,,,,,,,,,,,,,,,,,,,,,,,,,,,,,,0,,,,
2176,Unscored (no condition data),RPath,2041,1.0,,,,,,,,,12,1,1,,sidewalks,47.666,CON,1,0,0,0,0,0,0,0,0,0,0,0,0,0,0,0,0,0,0,0,0,0,0,0,0,0,0,2,0,0,0,0,0,0,0,0,0,0,0,0,0,0,0,0,0,0,0,0,0,0,1,0,0,0,0,0,0,1,0,0,0,0,0,0,0,0,0,0,0,0,0,0,0,1,0,0,0,0,0,0,0,0,0,0,1,1,1,0,0,0,0,0,0,0,0,0,0,3,,,,,,,,,,,,,,,,,,,,,,,,,,,,,,,,,,,0,,,,
2177,Unscored (no condition data),RPath,5486,1.0,,,,,,,,,26,1,1,,sidewalks,24.398,CON,1,2,2,1,2,0,0,0,0,0,0,0,1,2,0,0,0,0,0,0,0,0,0,0,0,0,0,2,0,0,0,0,0,0,0,0,0,0,0,0,0,0,0,0,0,0,0,0,0,0,1,0,0,0,0,0,3,1,0,0,0,0,0,0,0,0,0,0,0,0,0,0,0,0,0,0,0,0,0,0,0,0,0,0,1,1,1,0,0,0,0,0,0,0,0,0,5,0,,,,,,,,,,,,,,,,,,,,,,,,,,,,,,,,,,,0,,,,
2178,Unscored (no condition data),RPath,5488,1.0,,,,,,,,,26,1,1,,sidewalks,48.752,CON,1,2,2,1,2,0,0,0,0,0,0,0,1,2,0,0,0,0,0,0,0,0,0,0,0,0,0,2,0,0,0,0,0,0,0,0,0,0,0,0,0,0,0,0,0,0,0,0,0,0,1,0,0,0,0,0,3,1,0,0,0,0,0,0,0,0,0,0,0,0,0,0,0,0,0,0,0,0,0,0,0,0,0,0,1,1,1,0,0,0,0,0,0,0,0,0,5,0,,,,,,,,,,,,,,,,,,,,,,,,,,,,,,,,,,,0,,,,
2179,Unscored (no condition data),RPath,5497,1.0,,,,,,,,,26,1,1,,sidewalks,41.335,CON,1,2,2,1,0,0,0,0,0,0,0,0,1,2,0,0,0,0,0,0,0,0,0,0,0,5,0,2,0,0,0,0,0,0,0,0,0,0,0,0,0,0,0,0,0,0,0,0,0,0,0,0,0,0,0,0,0,1,0,0,0,0,0,0,0,0,0,0,0,0,0,0,0,0,0,0,1,0,0,0,0,0,0,0,1,1,1,0,0,0,0,0,0,0,0,0,5,0,,,,,,,,,,,,,,,,,,,,,,,,,,,,,,,,,,,0,,,,
2180,Unscored (no condition data),RPath,8294,1.0,,,,,,,,,22,1,1,,sidewalks,138.909,CON,1,2,2,0,0,0,0,0,0,0,0,0,0,0,0,0,0,0,0,0,0,0,0,0,0,0,0,2,0,0,0,0,0,0,1,0,0,0,0,0,0,0,0,0,0,0,0,0,0,0,1,2,2,0,0,0,0,1,0,0,0,0,0,0,0,0,0,0,0,0,0,0,0,0,0,0,0,0,0,0,0,0,0,0,1,1,1,0,0,0,0,0,0,0,0,0,5,0,,,,,,,,,,,,,,,,,,,,,,,,,,,,,,,,,,,0,,,,
2181,Unscored (no condition data),RPath,8302,1.0,,,,,,,,,20,1,1,,sidewalks,54.29,CON,1,2,0,0,0,0,0,0,0,0,0,0,0,0,0,0,0,0,0,0,0,0,0,0,0,0,0,2,0,0,0,0,0,0,1,0,0,0,0,0,0,0,0,0,0,0,0,0,0,0,1,2,2,0,0,0,0,1,0,0,0,0,0,0,0,0,0,0,0,0,0,0,0,0,0,0,0,0,0,0,0,0,0,0,1,1,1,0,0,0,0,0,0,0,0,0,5,0,,,,,,,,,,,,,,,,,,,,,,,,,,,,,,,,,,,0,,,,
2182,Unscored (no condition data),RPath,8305,1.0,,,,,,,,,19,1,1,,sidewalks,39.105,CON,1,2,0,1,0,0,0,0,0,0,0,0,0,0,0,0,0,0,0,0,0,0,0,0,0,0,0,2,0,0,0,0,0,0,1,0,0,0,0,0,0,0,0,0,0,0,0,0,0,0,1,2,0,0,0,0,0,1,0,0,0,0,0,0,0,0,0,0,0,0,0,0,0,0,0,0,0,0,0,0,0,0,0,0,1,1,1,0,0,0,0,0,0,0,0,0,5,0,,,,,,,,,,,,,,,,,,,,,,,,,,,,,,,,,,,0,,,,
2183,Unscored (no condition data),RPath,8306,1.0,,,,,,,,,18,1,1,,sidewalks,86.262,CON,1,2,0,0,0,0,0,0,0,0,0,0,0,0,0,0,0,0,0,0,0,0,0,0,0,0,0,2,0,0,0,0,0,0,1,0,0,0,0,0,0,0,0,0,0,0,0,0,0,0,1,2,0,0,0,0,0,1,0,0,0,0,0,0,0,0,0,0,0,0,0,0,0,0,0,0,0,0,0,0,0,0,0,0,1,1,1,0,0,0,0,0,0,0,0,0,5,0,,,,,,,,,,,,,,,,,,,,,,,,,,,,,,,,,,,0,,,,
2184,Unscored (no condition data),RPath,8307,1.0,,,,,,,,,20,1,1,,sidewalks,43.754,CON,1,2,0,0,0,0,0,0,0,0,0,0,0,0,0,0,0,0,0,0,0,0,0,0,0,0,0,2,0,0,0,0,0,0,1,2,0,0,0,0,0,0,0,0,0,0,0,0,0,0,1,2,0,0,0,0,0,1,0,0,0,0,0,0,0,0,0,0,0,0,0,0,0,0,0,0,0,0,0,0,0,0,0,0,1,1,1,0,0,0,0,0,0,0,0,0,5,0,,,,,,,,,,,,,,,,,,,,,,,,,,,,,,,,,,,0,,,,
2185,Unscored (no condition data),RPath,8308,1.0,,,,,,,,,19,1,1,,sidewalks,96.692,CON,1,2,0,1,0,0,0,0,0,0,0,0,0,0,0,0,0,0,0,0,0,0,0,0,0,0,0,2,0,0,0,0,0,0,1,0,0,0,0,0,0,0,0,0,0,0,0,0,0,0,1,2,0,0,0,0,0,1,0,0,0,0,0,0,0,0,0,0,0,0,0,0,0,0,0,0,0,0,0,0,0,0,0,0,1,1,1,0,0,0,0,0,0,0,0,0,5,0,,,,,,,,,,,,,,,,,,,,,,,,,,,,,,,,,,,0,,,,
2186,Unscored (no condition data),RPath,8311,1.0,,,,,,,,,19,1,1,,sidewalks,143.743,CON,1,2,0,1,0,0,0,0,0,0,0,0,0,0,0,0,0,0,0,0,0,0,0,0,0,0,0,2,0,0,0,0,0,0,1,0,0,0,0,0,0,0,0,0,0,0,0,0,0,0,1,2,0,0,0,0,0,1,0,0,0,0,0,0,0,0,0,0,0,0,0,0,0,0,0,0,0,0,0,0,0,0,0,0,1,1,1,0,0,0,0,0,0,0,0,0,5,0,,,,,,,,,,,,,,,,,,,,,,,,,,,,,,,,,,,0,,,,
2187,Unscored (no condition data),RPath,8314,1.0,,,,,,,,,18,1,1,,sidewalks,32.413,CON,1,2,0,1,0,0,0,0,0,0,0,0,0,0,0,0,0,0,0,0,0,0,0,0,0,0,0,2,0,0,0,0,0,0,0,0,0,0,0,0,0,0,0,0,0,0,0,0,0,0,1,2,0,0,0,0,0,1,0,0,0,0,0,0,0,0,0,0,0,0,0,0,0,0,0,0,0,0,0,0,0,0,0,0,1,1,1,0,0,0,0,0,0,0,0,0,5,0,,,,,,,,,,,,,,,,,,,,,,,,,,,,,,,,,,,0,,,,
2188,Unscored (no condition data),RPath,8315,1.0,,,,,,,,,18,1,1,,sidewalks,37.513,CON,1,2,0,1,0,0,0,0,0,0,0,0,0,0,0,0,0,0,0,0,0,0,0,0,0,0,0,2,0,0,0,0,0,0,0,0,0,0,0,0,0,0,0,0,0,0,0,0,0,0,1,2,0,0,0,0,0,1,0,0,0,0,0,0,0,0,0,0,0,0,0,0,0,0,0,0,0,0,0,0,0,0,0,0,1,1,1,0,0,0,0,0,0,0,0,0,5,0,,,,,,,,,,,,,,,,,,,,,,,,,,,,,,,,,,,0,,,,
2189,Unscored (no condition data),RPath,8733,1.0,,,,,,,,,23,1,1,,sidewalks,99.885,CON,1,2,0,0,0,0,0,0,0,0,0,0,1,0,0,0,0,0,0,0,0,0,0,0,0,0,3,0,0,0,0,0,0,0,0,0,0,0,0,0,0,0,0,0,0,0,0,0,0,0,1,2,0,0,0,0,0,1,0,0,0,0,0,0,1,0,0,0,0,0,0,0,0,0,0,0,0,0,0,0,0,0,0,0,1,1,1,1,2,0,0,0,0,0,0,0,5,0,,,,,,,,,,,,,,,,,,,,,,,,,,,,,,,,,,,0,,,,
2190,Unscored (no condition data),RPath,10455,1.0,,,,,,,,,13,1,1,,sidewalks,67.174,CON,1,2,0,0,0,0,0,0,0,0,0,0,0,0,0,0,0,0,0,0,0,0,0,0,0,0,0,2,0,0,0,0,0,0,0,0,0,0,0,0,0,0,0,0,0,0,0,0,0,0,1,0,0,0,0,0,0,1,0,0,0,0,0,0,0,0,0,0,0,0,0,0,0,0,0,0,0,0,0,0,0,0,0,0,1,1,1,0,0,0,0,0,0,0,0,0,0,3,,,,,,,,,,,,,,,,,,,,,,,,,,,,,,,,,,,0,,,,
2191,Unscored (no condition data),RPath,10458,1.0,,,,,,,,,15,1,1,,sidewalks,65.593,CON,1,2,0,0,0,0,0,0,0,0,0,0,0,0,0,0,0,0,0,0,0,0,0,0,0,0,0,2,0,0,0,0,0,0,0,0,0,0,0,0,0,0,0,0,0,0,0,0,0,0,1,2,0,0,0,0,0,1,0,0,0,0,0,0,0,0,0,0,0,0,0,0,0,0,0,0,0,0,0,0,0,0,0,0,1,1,1,0,0,0,0,0,0,0,0,0,0,3,,,,,,,,,,,,,,,,,,,,,,,,,,,,,,,,,,,0,,,,
2192,Unscored (no condition data),RPath,10460,1.0,,,,,,,,,13,1,1,,sidewalks,169.82,CON,1,2,0,0,0,0,0,0,0,0,0,0,0,0,0,0,0,0,0,0,0,0,0,0,0,0,0,2,0,0,0,0,0,0,0,0,0,0,0,0,0,0,0,0,0,0,0,0,0,0,1,0,0,0,0,0,0,1,0,0,0,0,0,0,0,0,0,0,0,0,0,0,0,0,0,0,0,0,0,0,0,0,0,0,1,1,1,0,0,0,0,0,0,0,0,0,0,3,,,,,,,,,,,,,,,,,,,,,,,,,,,,,,,,,,,0,,,,
2193,Unscored (no condition data),RPath,1865,1.0,,,,,,,,,28,2,1,,walkways,76.205,HMAC,1,2,2,0,0,0,0,0,0,0,0,0,0,0,0,0,0,0,0,0,0,0,0,0,0,0,0,2,0,0,0,0,0,0,1,0,0,0,0,0,0,0,0,0,1,0,0,0,0,0,1,2,0,0,0,0,0,1,0,0,0,0,0,0,0,0,0,0,0,0,0,0,0,1,0,0,0,0,0,0,0,0,0,3,1,1,1,0,0,0,0,0,0,0,0,0,5,3,,,,,,,,,,,,,,,,,,,,,,,,,,,,,,,,,,,0,,,,
2194,Unscored (no condition data),RPath,1878,1.0,,,,,,,,,19,1,1,,walkways,68.888,SS,1,2,2,0,0,0,0,0,0,0,0,0,0,0,0,0,0,0,0,0,0,0,0,0,0,0,0,2,0,0,0,0,0,0,0,0,0,0,0,0,0,0,0,0,0,0,0,0,0,0,0,0,0,0,0,0,0,1,0,0,0,0,0,0,0,0,0,0,0,0,0,0,0,0,0,0,0,0,0,0,0,0,0,3,1,1,1,0,0,0,0,0,0,0,0,0,5,0,,,,,,,,,,,,,,,,,,,,,,,,,,,,,,,,,,,0,,,,
2195,Unscored (no condition data),RPath,1881,1.0,,,,,,,,,26,1,1,,walkways,39.766,SS,1,2,2,0,0,0,0,0,0,0,0,0,0,0,0,0,0,0,0,0,0,0,0,0,0,5,0,2,0,0,0,0,0,0,0,0,0,0,0,0,0,0,0,0,0,0,0,0,1,0,1,2,0,0,0,0,0,1,0,0,0,0,0,0,0,0,0,0,0,0,0,0,0,1,0,0,0,0,0,0,0,0,0,0,1,1,1,0,0,0,0,0,0,0,0,0,5,0,,,,,,,,,,,,,,,,,,,,,,,,,,,,,,,,,,,0,,,,
2196,Unscored (no condition data),RPath,1883,1.0,,,,,,,,,29,2,1,,walkways,55.867,SS,1,2,2,1,2,0,1,2,0,0,0,0,1,0,0,1,0,0,0,0,0,0,0,0,0,0,0,2,0,0,0,1,0,0,0,0,0,0,0,0,0,0,0,0,0,0,0,0,0,0,1,0,0,0,0,0,3,0,0,0,0,0,0,0,0,0,0,0,0,0,0,0,0,1,0,0,0,0,0,0,0,0,0,0,1,1,1,0,0,0,0,0,0,0,0,0,5,0,,,,,,,,,,,,,,,,,,,,,,,,,,,,,,,,,,,0,,,,
2197,Unscored (no condition data),RPath,1884,1.0,,,,,,,,,20,1,1,,walkways,168.968,SS,1,2,0,1,0,0,1,0,0,0,0,0,0,0,0,0,0,0,0,0,0,0,0,0,0,0,0,2,0,0,0,1,0,0,0,0,0,0,0,0,0,0,0,0,0,0,0,0,0,0,0,0,0,0,0,0,3,1,0,0,0,0,0,0,0,0,0,0,0,0,0,0,0,0,0,0,0,0,0,0,0,0,0,0,1,1,1,0,0,0,0,0,0,0,0,0,5,0,,,,,,,,,,,,,,,,,,,,,,,,,,,,,,,,,,,0,,,,
2198,Unscored (no condition data),RPath,2042,1.0,,,,,,,,,23,1,1,,walkways,217.172,HMAC,1,2,0,0,0,0,0,0,0,0,0,0,0,0,0,0,0,0,0,0,0,0,0,0,0,0,0,2,0,0,0,0,0,0,0,0,0,0,0,0,0,0,0,0,0,0,0,0,0,0,1,2,2,0,5,0,0,1,0,0,0,0,0,0,0,0,0,0,0,0,0,0,0,1,0,0,0,0,0,0,0,0,0,0,1,1,1,0,0,0,0,0,0,0,0,0,0,3,,,,,,,,,,,,,,,,,,,,,,,,,,,,,,,,,,,0,,,,
2199,Unscored (no condition data),PTrail,723,1.0,,,,,,,,,21,1,1,,trails,47.984,Asphalt,1,2,2,0,0,0,0,0,0,0,0,0,0,0,0,0,0,0,0,0,0,0,0,0,0,5,0,0,0,0,0,0,0,0,0,0,0,0,0,0,0,0,0,0,0,0,0,0,0,0,0,0,0,0,0,0,0,0,1,2,0,0,0,0,0,0,0,0,0,0,0,0,0,0,0,0,0,0,0,0,0,0,0,0,1,1,1,0,0,0,0,0,0,0,0,0,5,0,,,,,,,,,,,,,,,,,,,,,,,,,,,,,,,,,,,0,,,,
2200,Unscored (no condition data),PTrail,724,1.0,,,,,,,,,23,1,1,,trails,216.818,Asphalt,1,2,2,0,0,0,0,0,0,0,0,0,0,0,0,0,0,0,0,0,0,0,0,0,0,5,0,0,0,0,0,0,0,0,0,0,0,0,0,0,0,0,0,0,0,0,0,0,0,0,0,0,0,0,0,0,0,0,1,2,2,0,0,0,0,0,0,0,0,0,0,0,0,0,0,0,0,0,0,0,0,0,0,0,1,1,1,0,0,0,0,0,0,0,0,0,5,0,,,,,,,,,,,,,,,,,,,,,,,,,,,,,,,,,,,0,,,,
2201,Unscored (no condition data),PTrail,762,1.0,,,,,,,,,21,1,1,,trails,95.876,Asphalt,1,2,2,0,0,0,0,0,0,0,0,0,0,0,0,0,0,0,0,0,0,0,0,0,0,5,0,0,0,0,0,0,0,0,0,0,0,0,0,0,0,0,0,0,0,0,0,0,0,0,0,0,0,0,0,0,0,0,1,2,0,0,0,0,0,0,0,0,0,0,0,0,0,0,0,0,0,0,0,0,0,0,0,0,1,1,1,0,0,0,0,0,0,0,0,0,5,0,,,,,,,,,,,,,,,,,,,,,,,,,,,,,,,,,,,0,,,,
2202,Unscored (no condition data),PTrail,764,1.0,,,,,,,,,21,1,1,,trails,420.843,Asphalt,1,2,2,0,0,0,0,0,0,0,0,0,0,0,0,0,0,0,0,0,0,0,0,0,0,5,0,0,0,0,0,0,0,0,0,0,0,0,0,0,0,0,0,0,0,0,0,0,0,0,0,0,0,0,0,0,0,0,1,2,0,0,0,0,0,0,0,0,0,0,0,0,0,0,0,0,0,0,0,0,0,0,0,0,1,1,1,0,0,0,0,0,0,0,0,0,5,0,,,,,,,,,,,,,,,,,,,,,,,,,,,,,,,,,,,0,,,,
2203,Unscored (no condition data),PTrail,803,1.0,,,,,,,,,18,1,1,,trails,50.605,Asphalt,1,2,2,0,0,0,0,0,0,0,0,0,0,0,0,0,0,0,0,0,0,0,0,0,0,5,0,0,0,0,0,0,0,0,0,0,0,0,0,0,0,0,0,0,0,0,0,0,0,0,0,0,0,0,0,0,0,0,0,0,0,0,0,0,0,0,0,0,0,0,0,0,0,0,0,0,0,0,0,0,0,0,0,0,1,1,1,0,0,0,0,0,0,0,0,0,5,0,,,,,,,,,,,,,,,,,,,,,,,,,,,,,,,,,,,0,,,,
2204,Unscored (no condition data),PTrail,804,1.0,,,,,,,,,19,1,1,,trails,173.298,Asphalt,1,2,2,0,0,0,0,0,0,0,0,0,0,0,0,0,0,0,0,0,0,0,0,0,0,5,0,0,0,0,0,0,0,0,0,0,0,0,0,0,0,0,0,0,0,0,0,0,0,0,0,0,0,0,0,0,0,0,1,0,0,0,0,0,0,0,0,0,0,0,0,0,0,0,0,0,0,0,0,0,0,0,0,0,1,1,1,0,0,0,0,0,0,0,0,0,5,0,,,,,,,,,,,,,,,,,,,,,,,,,,,,,,,,,,,0,,,,
2205,Unscored (no condition data),PTrail,805,1.0,,,,,,,,,18,1,1,,trails,10.076,Asphalt,1,2,2,0,0,0,0,0,0,0,0,0,0,0,0,0,0,0,0,0,0,0,0,0,0,5,0,0,0,0,0,0,0,0,0,0,0,0,0,0,0,0,0,0,0,0,0,0,0,0,0,0,0,0,0,0,0,0,0,0,0,0,0,0,0,0,0,0,0,0,0,0,0,0,0,0,0,0,0,0,0,0,0,0,1,1,1,0,0,0,0,0,0,0,0,0,5,0,,,,,,,,,,,,,,,,,,,,,,,,,,,,,,,,,,,0,,,,
2206,Unscored (no condition data),PTrail,816,1.0,,,,,,,,,18,1,1,,trails,124.832,Asphalt,1,2,2,0,0,0,0,0,0,0,0,0,0,0,0,0,0,0,0,0,0,0,0,0,0,5,0,0,0,0,0,0,0,0,0,0,0,0,0,0,0,0,0,0,0,0,0,0,0,0,0,0,0,0,0,0,0,0,0,0,0,0,0,0,0,0,0,0,0,0,0,0,0,0,0,0,0,0,0,0,0,0,0,0,1,1,1,0,0,0,0,0,0,0,0,0,5,0,,,,,,,,,,,,,,,,,,,,,,,,,,,,,,,,,,,0,,,,
2207,Unscored (no condition data),PTrail,817,1.0,,,,,,,,,18,1,1,,trails,18.089,Asphalt,1,2,2,0,0,0,0,0,0,0,0,0,0,0,0,0,0,0,0,0,0,0,0,0,0,5,0,0,0,0,0,0,0,0,0,0,0,0,0,0,0,0,0,0,0,0,0,0,0,0,0,0,0,0,0,0,0,0,0,0,0,0,0,0,0,0,0,0,0,0,0,0,0,0,0,0,0,0,0,0,0,0,0,0,1,1,1,0,0,0,0,0,0,0,0,0,5,0,,,,,,,,,,,,,,,,,,,,,,,,,,,,,,,,,,,0,,,,
2208,Unscored (no condition data),PTrail,818,1.0,,,,,,,,,19,1,1,,trails,71.963,Asphalt,1,2,2,0,0,0,0,0,0,0,0,0,0,0,0,0,0,0,0,0,0,0,0,0,0,0,0,2,0,0,0,0,0,0,0,0,0,0,0,0,0,0,0,0,0,0,0,0,0,0,0,0,0,0,0,0,0,1,0,0,0,0,0,0,0,0,0,0,0,0,0,0,0,0,0,0,0,0,0,0,0,0,0,3,1,1,1,0,0,0,0,0,0,0,0,0,5,0,,,,,,,,,,,,,,,,,,,,,,,,,,,,,,,,,,,0,,,,
2209,Unscored (no condition data),PTrail,819,1.0,,,,,,,,,26,1,1,,trails,9.498,Asphalt,1,2,0,0,0,0,0,0,0,0,0,0,0,0,0,0,0,0,0,0,0,0,0,0,0,0,0,0,0,0,0,0,0,0,1,0,0,0,0,0,0,0,0,0,1,0,0,0,0,0,1,2,2,5,5,0,0,0,0,0,0,0,0,0,0,0,0,0,0,0,0,0,0,0,0,0,0,0,0,0,0,0,0,0,1,1,1,0,0,0,0,0,0,0,0,0,0,3,,,,,,,,,,,,,,,,,,,,,,,,,,,,,,,,,,,0,,,,
2210,Unscored (no condition data),PTrail,820,1.0,,,,,,,,,26,1,1,,trails,75.527,Asphalt,1,2,0,0,0,0,0,0,0,0,0,0,0,0,0,0,0,0,0,0,0,0,0,0,0,0,0,0,0,0,0,0,0,0,1,0,0,0,0,0,0,0,0,0,1,0,0,0,0,0,1,2,2,5,5,0,0,0,0,0,0,0,0,0,0,0,0,0,0,0,0,0,0,0,0,0,0,0,0,0,0,0,0,0,1,1,1,0,0,0,0,0,0,0,0,0,0,3,,,,,,,,,,,,,,,,,,,,,,,,,,,,,,,,,,,0,,,,
2211,Unscored (no condition data),PTrail,821,1.0,,,,,,,,,22,1,1,,trails,58.926,Asphalt,1,2,2,0,0,0,0,0,0,0,0,0,0,0,0,0,0,0,0,0,0,0,0,0,0,0,0,0,0,0,0,0,0,0,1,2,0,0,0,0,0,0,0,0,1,2,0,0,0,0,1,2,2,0,0,0,0,0,0,0,0,0,0,0,0,0,0,0,0,0,0,0,0,0,0,0,0,0,0,0,0,0,0,0,1,1,1,0,0,0,0,0,0,0,0,0,0,3,,,,,,,,,,,,,,,,,,,,,,,,,,,,,,,,,,,0,,,,
2212,Unscored (no condition data),PTrail,823,1.0,,,,,,,,,23,1,1,,trails,73.017,Asphalt,1,2,0,0,0,0,0,0,0,0,0,0,0,0,0,0,0,0,0,0,0,0,0,0,0,0,0,2,0,0,0,0,0,0,1,0,0,0,0,0,0,0,0,0,1,0,0,0,0,0,1,2,2,0,0,0,0,0,0,0,0,0,0,0,0,0,0,0,0,0,0,0,0,0,0,0,0,0,0,0,0,0,0,0,1,1,1,0,0,0,0,0,0,0,0,0,5,3,,,,,,,,,,,,,,,,,,,,,,,,,,,,,,,,,,,0,,,,
2213,Unscored (no condition data),PTrail,824,1.0,,,,,,,,,29,2,1,,trails,289.94,Asphalt,1,2,2,0,0,0,0,0,0,0,0,0,0,0,0,0,0,0,0,0,0,0,0,0,0,0,0,2,0,0,0,0,0,0,1,2,0,0,0,0,0,0,0,0,1,2,0,0,0,0,1,2,2,0,0,0,0,0,0,0,0,0,0,0,0,0,0,0,0,0,0,0,0,0,0,0,0,0,0,0,0,0,0,0,1,1,1,0,0,0,0,0,0,0,0,0,5,3,,,,,,,,,,,,,,,,,,,,,,,,,,,,,,,,,,,0,,,,
2214,Unscored (no condition data),PTrail,826,1.0,,,,,,,,,18,1,1,,trails,202.311,Asphalt,1,2,2,0,0,0,0,0,0,0,0,0,0,0,0,0,0,0,0,0,0,0,0,0,0,5,0,0,0,0,0,0,0,0,0,0,0,0,0,0,0,0,0,0,0,0,0,0,0,0,0,0,0,0,0,0,0,0,0,0,0,0,0,0,0,0,0,0,0,0,0,0,0,0,0,0,0,0,0,0,0,0,0,0,1,1,1,0,0,0,0,0,0,0,0,0,5,0,,,,,,,,,,,,,,,,,,,,,,,,,,,,,,,,,,,0,,,,
2215,Unscored (no condition data),PTrail,828,1.0,,,,,,,,,18,1,1,,trails,10.972,Asphalt,1,2,2,0,0,0,0,0,0,0,0,0,0,0,0,0,0,0,0,0,0,0,0,0,0,5,0,0,0,0,0,0,0,0,0,0,0,0,0,0,0,0,0,0,0,0,0,0,0,0,0,0,0,0,0,0,0,0,0,0,0,0,0,0,0,0,0,0,0,0,0,0,0,0,0,0,0,0,0,0,0,0,0,0,1,1,1,0,0,0,0,0,0,0,0,0,5,0,,,,,,,,,,,,,,,,,,,,,,,,,,,,,,,,,,,0,,,,
2216,Unscored (no condition data),PTrail,829,1.0,,,,,,,,,18,1,1,,trails,7.628,Asphalt,1,2,2,0,0,0,0,0,0,0,0,0,0,0,0,0,0,0,0,0,0,0,0,0,0,5,0,0,0,0,0,0,0,0,0,0,0,0,0,0,0,0,0,0,0,0,0,0,0,0,0,0,0,0,0,0,0,0,0,0,0,0,0,0,0,0,0,0,0,0,0,0,0,0,0,0,0,0,0,0,0,0,0,0,1,1,1,0,0,0,0,0,0,0,0,0,5,0,,,,,,,,,,,,,,,,,,,,,,,,,,,,,,,,,,,0,,,,
2217,Unscored (no condition data),PTrail,830,1.0,,,,,,,,,18,1,1,,trails,13.664,Asphalt,1,2,2,0,0,0,0,0,0,0,0,0,0,0,0,0,0,0,0,0,0,0,0,0,0,5,0,0,0,0,0,0,0,0,0,0,0,0,0,0,0,0,0,0,0,0,0,0,0,0,0,0,0,0,0,0,0,0,0,0,0,0,0,0,0,0,0,0,0,0,0,0,0,0,0,0,0,0,0,0,0,0,0,0,1,1,1,0,0,0,0,0,0,0,0,0,5,0,,,,,,,,,,,,,,,,,,,,,,,,,,,,,,,,,,,0,,,,
2218,Unscored (no condition data),PTrail,834,1.0,,,,,,,,,26,1,1,,trails,122.728,Asphalt,1,2,2,1,2,2,0,0,0,0,0,0,1,2,0,0,0,0,1,2,0,0,0,0,0,0,0,0,0,0,0,0,0,0,1,2,0,0,0,0,0,0,0,0,0,0,0,0,0,0,1,2,0,0,0,0,0,0,0,0,0,0,0,0,0,0,0,0,0,0,0,0,0,1,0,0,0,0,0,0,0,0,0,0,1,1,1,0,0,0,0,0,0,0,0,0,0,0,,,,,,,,,,,,,,,,,,,,,,,,,,,,,,,,,,,0,,,,
2219,Unscored (no condition data),PTrail,835,1.0,,,,,,,,,23,1,1,,trails,32.855,Asphalt,1,2,2,0,0,0,0,0,0,0,0,0,0,0,0,0,0,0,0,0,0,0,0,0,0,5,0,0,0,0,0,0,0,0,0,0,0,0,0,0,0,0,0,0,0,0,0,0,0,0,0,0,0,0,0,0,0,0,1,2,2,0,0,0,0,0,0,0,0,0,0,0,0,0,0,0,0,0,0,0,0,0,0,0,1,1,1,0,0,0,0,0,0,0,0,0,5,0,,,,,,,,,,,,,,,,,,,,,,,,,,,,,,,,,,,0,,,,
2220,Unscored (no condition data),PTrail,867,1.0,,,,,,,,,28,2,1,,trails,92.572,Asphalt,1,2,2,0,0,0,0,0,0,0,0,0,0,0,0,0,0,0,0,0,0,0,0,0,0,0,3,0,0,0,0,0,0,0,1,2,0,0,0,0,0,0,0,0,1,0,0,0,0,0,0,0,0,0,5,0,0,0,0,0,0,0,0,0,0,0,0,0,0,0,0,0,0,0,0,0,1,2,0,0,0,0,0,0,1,1,1,0,0,0,0,0,0,0,0,0,5,0,,,,,,,,,,,,,,,,,,,,,,,,,,,,,,,,,,,1,,,,
2221,Unscored (no condition data),PTrail,868,1.0,,,,,,,,,20,1,1,,trails,125.821,Asphalt,1,2,2,0,0,0,0,0,0,0,0,0,0,0,0,0,0,0,0,0,0,0,0,0,0,0,0,2,0,0,0,0,0,0,0,0,0,0,0,0,0,0,0,0,0,0,0,0,0,0,1,2,2,0,0,0,0,0,0,0,0,0,0,0,0,0,0,0,0,0,0,0,0,0,0,0,0,0,0,0,0,0,0,0,1,1,1,0,0,0,0,0,0,0,0,0,5,0,,,,,,,,,,,,,,,,,,,,,,,,,,,,,,,,,,,0,,,,
2222,Unscored (no condition data),PTrail,869,1.0,,,,,,,,,25,1,1,,trails,67.889,Asphalt,1,2,2,0,0,0,0,0,0,0,0,0,0,0,0,0,0,0,0,0,0,0,0,0,0,0,0,2,0,0,0,0,0,0,0,0,0,0,0,0,0,0,0,0,0,0,0,0,0,0,1,2,2,0,5,0,0,0,0,0,0,0,0,0,0,0,0,0,0,0,0,0,0,0,0,0,0,0,0,0,0,0,0,0,1,1,1,0,0,0,0,0,0,0,0,0,5,0,,,,,,,,,,,,,,,,,,,,,,,,,,,,,,,,,,,0,,,,
2223,Unscored (no condition data),PTrail,870,1.0,,,,,,,,,26,1,1,,trails,55.943,Asphalt,1,2,2,0,0,0,0,0,0,0,0,0,0,0,0,0,0,0,0,0,0,0,0,0,0,5,0,2,0,0,0,0,0,0,0,0,0,0,0,0,0,0,0,0,0,0,0,0,0,0,1,2,2,0,0,0,0,1,0,0,0,0,0,0,0,0,0,0,0,0,0,0,0,0,0,0,0,0,0,0,0,0,0,0,1,1,1,0,0,0,0,0,0,0,0,0,5,0,,,,,,,,,,,,,,,,,,,,,,,,,,,,,,,,,,,0,,,,
2224,Unscored (no condition data),PTrail,931,1.0,,,,,,,,,8,1,1,,trails,24.927,Asphalt,1,2,2,0,0,0,0,0,0,0,0,0,0,0,0,0,0,0,0,0,0,0,0,0,0,0,0,0,0,0,0,0,0,0,0,0,0,0,0,0,0,0,0,0,0,0,0,0,0,0,0,0,0,0,0,0,0,0,0,0,0,0,0,0,0,0,0,0,0,0,0,0,0,0,0,0,0,0,0,0,0,0,0,0,1,1,1,0,0,0,0,0,0,0,0,0,0,0,,,,,,,,,,,,,,,,,,,,,,,,,,,,,,,,,,,0,,,,
2225,Unscored (no condition data),PTrail,932,1.0,,,,,,,,,8,1,1,,trails,15.844,Asphalt,1,2,2,0,0,0,0,0,0,0,0,0,0,0,0,0,0,0,0,0,0,0,0,0,0,0,0,0,0,0,0,0,0,0,0,0,0,0,0,0,0,0,0,0,0,0,0,0,0,0,0,0,0,0,0,0,0,0,0,0,0,0,0,0,0,0,0,0,0,0,0,0,0,0,0,0,0,0,0,0,0,0,0,0,1,1,1,0,0,0,0,0,0,0,0,0,0,0,,,,,,,,,,,,,,,,,,,,,,,,,,,,,,,,,,,0,,,,
2226,Unscored (no condition data),PTrail,933,1.0,,,,,,,,,11,1,1,,trails,24.002,Asphalt,1,2,2,0,0,0,0,0,0,0,0,0,0,0,0,0,0,0,0,0,0,0,0,0,0,0,0,0,0,0,0,0,0,0,0,0,0,0,0,0,0,0,0,0,0,0,0,0,0,0,0,0,0,0,0,0,0,0,0,0,0,0,0,0,0,0,0,0,0,0,0,0,0,0,0,0,0,0,0,0,0,0,0,0,1,1,1,0,0,0,0,0,0,0,0,0,0,3,,,,,,,,,,,,,,,,,,,,,,,,,,,,,,,,,,,0,,,,
2227,Unscored (no condition data),PTrail,934,1.0,,,,,,,,,27,1,1,,trails,42.725,Asphalt,1,2,2,1,0,0,1,0,0,0,0,0,0,0,0,0,0,0,0,0,0,0,0,0,0,0,0,0,0,0,0,0,0,0,0,0,0,0,0,0,0,0,0,0,0,0,0,0,0,0,1,2,0,0,0,0,0,1,0,0,0,0,0,0,1,2,0,0,0,0,0,0,0,0,0,0,0,0,0,0,0,0,5,0,1,1,1,0,0,0,0,0,0,0,0,0,5,0,,,,,,,,,,,,,,,,,,,,,,,,,,,,,,,,,,,0,,,,
2228,Unscored (no condition data),PTrail,947,1.0,,,,,,,,,21,1,1,,trails,276.084,Dirt,1,2,2,0,0,0,0,0,0,0,0,0,0,0,0,0,0,0,0,0,0,0,0,0,0,5,0,0,0,0,0,0,0,0,0,0,0,0,0,0,0,0,0,0,0,0,0,0,0,0,0,0,0,0,0,0,0,0,1,2,0,0,0,0,0,0,0,0,0,0,0,0,0,0,0,0,0,0,0,0,0,0,0,0,1,1,1,0,0,0,0,0,0,0,0,0,5,0,,,,,,,,,,,,,,,,,,,,,,,,,,,,,,,,,,,0,,,,
2229,Unscored (no condition data),PTrail,948,1.0,,,,,,,,,21,1,1,,trails,61.942,Dirt,1,2,2,0,0,0,0,0,0,0,0,0,0,0,0,0,0,0,0,0,0,0,0,0,0,5,0,0,0,0,0,0,0,0,0,0,0,0,0,0,0,0,0,0,0,0,0,0,0,0,0,0,0,0,0,0,0,0,1,2,0,0,0,0,0,0,0,0,0,0,0,0,0,0,0,0,0,0,0,0,0,0,0,0,1,1,1,0,0,0,0,0,0,0,0,0,5,0,,,,,,,,,,,,,,,,,,,,,,,,,,,,,,,,,,,0,,,,
2230,Unscored (no condition data),PTrail,949,1.0,,,,,,,,,21,1,1,,trails,214.181,Dirt,1,2,2,0,0,0,0,0,0,0,0,0,0,0,0,0,0,0,0,0,0,0,0,0,0,5,0,0,0,0,0,0,0,0,0,0,0,0,0,0,0,0,0,0,0,0,0,0,0,0,0,0,0,0,0,0,0,0,1,2,0,0,0,0,0,0,0,0,0,0,0,0,0,0,0,0,0,0,0,0,0,0,0,0,1,1,1,0,0,0,0,0,0,0,0,0,5,0,,,,,,,,,,,,,,,,,,,,,,,,,,,,,,,,,,,0,,,,
2231,Unscored (no condition data),PTrail,950,1.0,,,,,,,,,18,1,1,,trails,20.812,Dirt,1,2,2,0,0,0,0,0,0,0,0,0,0,0,0,0,0,0,0,0,0,0,0,0,0,5,0,0,0,0,0,0,0,0,0,0,0,0,0,0,0,0,0,0,0,0,0,0,0,0,0,0,0,0,0,0,0,0,0,0,0,0,0,0,0,0,0,0,0,0,0,0,0,0,0,0,0,0,0,0,0,0,0,0,1,1,1,0,0,0,0,0,0,0,0,0,5,0,,,,,,,,,,,,,,,,,,,,,,,,,,,,,,,,,,,0,,,,
2232,Unscored (no condition data),PTrail,951,1.0,,,,,,,,,19,1,1,,trails,71.7,Dirt,1,2,2,0,0,0,0,0,0,0,0,0,0,0,0,0,0,0,0,0,0,0,0,0,0,5,0,0,0,0,0,0,0,0,0,0,0,0,0,0,0,0,0,0,0,0,0,0,0,0,0,0,0,0,0,0,0,0,1,0,0,0,0,0,0,0,0,0,0,0,0,0,0,0,0,0,0,0,0,0,0,0,0,0,1,1,1,0,0,0,0,0,0,0,0,0,5,0,,,,,,,,,,,,,,,,,,,,,,,,,,,,,,,,,,,0,,,,
2233,Unscored (no condition data),PTrail,952,1.0,,,,,,,,,19,1,1,,trails,49.153,Dirt,1,2,2,0,0,0,0,0,0,0,0,0,0,0,0,0,0,0,0,0,0,0,0,0,0,5,0,0,0,0,0,0,0,0,0,0,0,0,0,0,0,0,0,0,0,0,0,0,0,0,0,0,0,0,0,0,0,0,1,0,0,0,0,0,0,0,0,0,0,0,0,0,0,0,0,0,0,0,0,0,0,0,0,0,1,1,1,0,0,0,0,0,0,0,0,0,5,0,,,,,,,,,,,,,,,,,,,,,,,,,,,,,,,,,,,0,,,,
2234,Unscored (no condition data),PTrail,953,1.0,,,,,,,,,19,1,1,,trails,83.344,Dirt,1,2,2,0,0,0,0,0,0,0,0,0,0,0,0,0,0,0,0,0,0,0,0,0,0,5,0,0,0,0,0,0,0,0,0,0,0,0,0,0,0,0,0,0,0,0,0,0,0,0,0,0,0,0,0,0,0,0,1,0,0,0,0,0,0,0,0,0,0,0,0,0,0,0,0,0,0,0,0,0,0,0,0,0,1,1,1,0,0,0,0,0,0,0,0,0,5,0,,,,,,,,,,,,,,,,,,,,,,,,,,,,,,,,,,,0,,,,
2235,Unscored (no condition data),PTrail,954,1.0,,,,,,,,,18,1,1,,trails,129.141,Dirt,1,2,2,0,0,0,0,0,0,0,0,0,0,0,0,0,0,0,0,0,0,0,0,0,0,5,0,0,0,0,0,0,0,0,0,0,0,0,0,0,0,0,0,0,0,0,0,0,0,0,0,0,0,0,0,0,0,0,0,0,0,0,0,0,0,0,0,0,0,0,0,0,0,0,0,0,0,0,0,0,0,0,0,0,1,1,1,0,0,0,0,0,0,0,0,0,5,0,,,,,,,,,,,,,,,,,,,,,,,,,,,,,,,,,,,0,,,,
2236,Unscored (no condition data),PTrail,955,1.0,,,,,,,,,18,1,1,,trails,129.85,Dirt,1,2,2,0,0,0,0,0,0,0,0,0,0,0,0,0,0,0,0,0,0,0,0,0,0,5,0,0,0,0,0,0,0,0,0,0,0,0,0,0,0,0,0,0,0,0,0,0,0,0,0,0,0,0,0,0,0,0,0,0,0,0,0,0,0,0,0,0,0,0,0,0,0,0,0,0,0,0,0,0,0,0,0,0,1,1,1,0,0,0,0,0,0,0,0,0,5,0,,,,,,,,,,,,,,,,,,,,,,,,,,,,,,,,,,,0,,,,
2237,Unscored (no condition data),PTrail,956,1.0,,,,,,,,,18,1,1,,trails,25.548,Dirt,1,2,2,0,0,0,0,0,0,0,0,0,0,0,0,0,0,0,0,0,0,0,0,0,0,5,0,0,0,0,0,0,0,0,0,0,0,0,0,0,0,0,0,0,0,0,0,0,0,0,0,0,0,0,0,0,0,0,0,0,0,0,0,0,0,0,0,0,0,0,0,0,0,0,0,0,0,0,0,0,0,0,0,0,1,1,1,0,0,0,0,0,0,0,0,0,5,0,,,,,,,,,,,,,,,,,,,,,,,,,,,,,,,,,,,0,,,,
2238,Unscored (no condition data),PTrail,957,1.0,,,,,,,,,19,1,1,,trails,30.432,Dirt,1,2,2,0,0,0,0,0,0,0,0,0,1,0,0,0,0,0,0,0,0,0,0,0,0,0,0,0,0,0,0,0,0,0,0,0,0,0,0,0,0,0,0,0,0,0,0,0,0,0,1,2,2,0,5,0,0,0,0,0,0,0,0,0,0,0,0,0,0,0,0,0,0,0,0,0,0,0,0,0,0,0,0,0,1,1,1,0,0,0,0,0,0,0,0,0,0,0,,,,,,,,,,,,,,,,,,,,,,,,,,,,,,,,,,,0,,,,
2239,Unscored (no condition data),PTrail,959,1.0,,,,,,,,,9,1,1,,trails,114.279,Dirt,1,2,2,0,0,0,0,0,0,0,0,0,0,0,0,0,0,0,0,0,0,0,0,0,0,0,0,0,0,0,0,0,0,0,0,0,0,0,0,0,0,0,0,0,0,0,0,0,0,0,0,0,0,0,0,0,0,0,1,0,0,0,0,0,0,0,0,0,0,0,0,0,0,0,0,0,0,0,0,0,0,0,0,0,1,1,1,0,0,0,0,0,0,0,0,0,0,0,,,,,,,,,,,,,,,,,,,,,,,,,,,,,,,,,,,0,,,,
2240,Unscored (no condition data),PTrail,960,1.0,,,,,,,,,18,1,1,,trails,347.773,Dirt,1,2,2,0,0,0,0,0,0,0,0,0,1,0,0,0,0,0,1,0,0,0,0,0,0,0,0,0,0,0,0,0,0,0,0,0,0,0,0,0,0,0,0,0,0,0,0,0,0,0,0,0,0,0,0,0,3,0,1,2,2,0,0,0,0,0,0,0,0,0,0,0,0,0,0,0,0,0,0,0,0,0,0,0,1,1,1,0,0,0,0,0,0,0,0,0,0,0,,,,,,,,,,,,,,,,,,,,,,,,,,,,,,,,,,,0,,,,
2241,Unscored (no condition data),PTrail,961,1.0,,,,,,,,,18,1,1,,trails,57.386,Dirt,1,2,2,0,0,0,0,0,0,0,0,0,1,0,0,0,0,0,1,0,0,0,0,0,0,0,0,0,0,0,0,0,0,0,0,0,0,0,0,0,0,0,0,0,0,0,0,0,0,0,0,0,0,0,0,0,3,0,1,2,2,0,0,0,0,0,0,0,0,0,0,0,0,0,0,0,0,0,0,0,0,0,0,0,1,1,1,0,0,0,0,0,0,0,0,0,0,0,,,,,,,,,,,,,,,,,,,,,,,,,,,,,,,,,,,0,,,,
2242,Unscored (no condition data),PTrail,962,1.0,,,,,,,,,15,1,1,,trails,20.842,Dirt,1,2,2,0,0,0,0,0,0,0,0,0,1,0,0,0,0,0,1,0,0,0,0,0,0,0,0,0,0,0,0,0,0,0,0,0,0,0,0,0,0,0,0,0,0,0,0,0,0,0,0,0,0,0,0,0,0,0,1,2,2,0,0,0,0,0,0,0,0,0,0,0,0,0,0,0,0,0,0,0,0,0,0,0,1,1,1,0,0,0,0,0,0,0,0,0,0,0,,,,,,,,,,,,,,,,,,,,,,,,,,,,,,,,,,,0,,,,
2243,Unscored (no condition data),PTrail,964,1.0,,,,,,,,,19,1,1,,trails,185.825,Dirt,1,2,2,0,0,0,0,0,0,0,0,0,1,2,0,0,0,0,1,2,0,0,0,0,0,0,0,0,0,0,0,0,0,0,0,0,0,0,0,0,0,0,0,0,0,0,0,0,0,0,0,0,0,0,0,0,0,0,1,2,2,0,0,0,0,0,0,0,0,0,0,0,0,0,0,0,0,0,0,0,0,0,0,0,1,1,1,0,0,0,0,0,0,0,0,0,0,0,,,,,,,,,,,,,,,,,,,,,,,,,,,,,,,,,,,0,,,,
2244,Unscored (no condition data),PTrail,965,1.0,,,,,,,,,15,1,1,,trails,42.656,Dirt,1,2,2,0,0,0,0,0,0,0,0,0,1,0,0,0,0,0,1,0,0,0,0,0,0,0,0,0,0,0,0,0,0,0,0,0,0,0,0,0,0,0,0,0,0,0,0,0,0,0,0,0,0,0,0,0,0,0,1,2,2,0,0,0,0,0,0,0,0,0,0,0,0,0,0,0,0,0,0,0,0,0,0,0,1,1,1,0,0,0,0,0,0,0,0,0,0,0,,,,,,,,,,,,,,,,,,,,,,,,,,,,,,,,,,,0,,,,
2245,Unscored (no condition data),PTrail,967,1.0,,,,,,,,,15,1,1,,trails,40.216,Dirt,1,2,2,0,0,0,0,0,0,0,0,0,1,0,0,0,0,0,1,0,0,0,0,0,0,0,0,0,0,0,0,0,0,0,0,0,0,0,0,0,0,0,0,0,0,0,0,0,0,0,0,0,0,0,0,0,0,0,1,2,2,0,0,0,0,0,0,0,0,0,0,0,0,0,0,0,0,0,0,0,0,0,0,0,1,1,1,0,0,0,0,0,0,0,0,0,0,0,,,,,,,,,,,,,,,,,,,,,,,,,,,,,,,,,,,0,,,,
2246,Unscored (no condition data),PTrail,968,1.0,,,,,,,,,15,1,1,,trails,20.095,Dirt,1,2,2,0,0,0,0,0,0,0,0,0,1,0,0,0,0,0,1,0,0,0,0,0,0,0,0,0,0,0,0,0,0,0,0,0,0,0,0,0,0,0,0,0,0,0,0,0,0,0,0,0,0,0,0,0,0,0,1,2,2,0,0,0,0,0,0,0,0,0,0,0,0,0,0,0,0,0,0,0,0,0,0,0,1,1,1,0,0,0,0,0,0,0,0,0,0,0,,,,,,,,,,,,,,,,,,,,,,,,,,,,,,,,,,,0,,,,
2247,Unscored (no condition data),PTrail,972,1.0,,,,,,,,,15,1,1,,trails,67.98,Dirt,1,2,2,0,0,0,0,0,0,0,0,0,1,0,0,0,0,0,1,0,0,0,0,0,0,0,0,0,0,0,0,0,0,0,0,0,0,0,0,0,0,0,0,0,0,0,0,0,0,0,0,0,0,0,0,0,0,0,1,2,2,0,0,0,0,0,0,0,0,0,0,0,0,0,0,0,0,0,0,0,0,0,0,0,1,1,1,0,0,0,0,0,0,0,0,0,0,0,,,,,,,,,,,,,,,,,,,,,,,,,,,,,,,,,,,0,,,,
2248,Unscored (no condition data),PTrail,973,1.0,,,,,,,,,29,2,1,,trails,110.3,Dirt,1,2,2,0,0,0,0,0,0,0,0,0,1,2,2,0,0,0,1,2,2,0,0,0,0,5,0,0,0,0,0,0,0,0,0,0,0,0,0,0,0,0,0,0,0,0,0,0,0,0,0,0,0,0,0,0,0,0,1,2,0,0,0,0,0,0,0,0,0,0,0,0,0,0,0,0,0,0,0,0,0,0,0,0,1,1,1,0,0,0,0,0,0,0,0,0,0,3,,,,,,,,,,,,,,,,,,,,,,,,,,,,,,,,,,,0,,,,
2249,Unscored (no condition data),PTrail,974,1.0,,,,,,,,,8,1,1,,trails,243.417,Dirt,1,2,2,0,0,0,0,0,0,0,0,0,0,0,0,0,0,0,0,0,0,0,0,0,0,0,0,0,0,0,0,0,0,0,0,0,0,0,0,0,0,0,0,0,0,0,0,0,0,0,0,0,0,0,0,0,0,0,0,0,0,0,0,0,0,0,0,0,0,0,0,0,0,0,0,0,0,0,0,0,0,0,0,0,1,1,1,0,0,0,0,0,0,0,0,0,0,0,,,,,,,,,,,,,,,,,,,,,,,,,,,,,,,,,,,0,,,,
2250,Unscored (no condition data),PTrail,975,1.0,,,,,,,,,15,1,1,,trails,249.552,Dirt,1,2,2,0,0,0,0,0,0,0,0,0,1,0,0,0,0,0,1,0,0,0,0,0,0,0,0,0,0,0,0,0,0,0,0,0,0,0,0,0,0,0,0,0,0,0,0,0,0,0,0,0,0,0,0,0,0,0,1,2,2,0,0,0,0,0,0,0,0,0,0,0,0,0,0,0,0,0,0,0,0,0,0,0,1,1,1,0,0,0,0,0,0,0,0,0,0,0,,,,,,,,,,,,,,,,,,,,,,,,,,,,,,,,,,,0,,,,
2251,Unscored (no condition data),PTrail,976,1.0,,,,,,,,,11,1,1,,trails,206.785,Dirt,1,2,2,0,0,0,0,0,0,0,0,0,0,0,0,0,0,0,0,0,0,0,0,0,0,0,0,0,0,0,0,0,0,0,0,0,0,0,0,0,0,0,0,0,0,0,0,0,0,0,0,0,0,0,0,0,0,0,1,2,0,0,0,0,0,0,0,0,0,0,0,0,0,0,0,0,0,0,0,0,0,0,0,0,1,1,1,0,0,0,0,0,0,0,0,0,0,0,,,,,,,,,,,,,,,,,,,,,,,,,,,,,,,,,,,0,,,,
2252,Unscored (no condition data),PTrail,977,1.0,,,,,,,,,9,1,1,,trails,289.823,Dirt,1,2,2,0,0,0,0,0,0,0,0,0,0,0,0,0,0,0,0,0,0,0,0,0,0,0,0,0,0,0,0,0,0,0,0,0,0,0,0,0,0,0,0,0,0,0,0,0,0,0,0,0,0,0,0,0,0,0,1,0,0,0,0,0,0,0,0,0,0,0,0,0,0,0,0,0,0,0,0,0,0,0,0,0,1,1,1,0,0,0,0,0,0,0,0,0,0,0,,,,,,,,,,,,,,,,,,,,,,,,,,,,,,,,,,,0,,,,
2253,Unscored (no condition data),PTrail,978,1.0,,,,,,,,,11,1,1,,trails,164.711,Dirt,1,2,2,0,0,0,0,0,0,0,0,0,1,0,0,0,0,0,1,0,0,0,0,0,0,0,0,0,0,0,0,0,0,0,0,0,0,0,0,0,0,0,0,0,0,0,0,0,0,0,0,0,0,0,0,0,0,0,1,0,0,0,0,0,0,0,0,0,0,0,0,0,0,0,0,0,0,0,0,0,0,0,0,0,1,1,1,0,0,0,0,0,0,0,0,0,0,0,,,,,,,,,,,,,,,,,,,,,,,,,,,,,,,,,,,0,,,,
2254,Unscored (no condition data),PTrail,980,1.0,,,,,,,,,8,1,1,,trails,76.163,Dirt,1,2,2,0,0,0,0,0,0,0,0,0,0,0,0,0,0,0,0,0,0,0,0,0,0,0,0,0,0,0,0,0,0,0,0,0,0,0,0,0,0,0,0,0,0,0,0,0,0,0,0,0,0,0,0,0,0,0,0,0,0,0,0,0,0,0,0,0,0,0,0,0,0,0,0,0,0,0,0,0,0,0,0,0,1,1,1,0,0,0,0,0,0,0,0,0,0,0,,,,,,,,,,,,,,,,,,,,,,,,,,,,,,,,,,,0,,,,
2255,Unscored (no condition data),PTrail,981,1.0,,,,,,,,,13,1,1,,trails,169.695,Dirt,1,2,2,0,0,0,0,0,0,0,0,0,1,0,0,0,0,0,1,0,0,0,0,0,0,0,0,0,0,0,0,0,0,0,0,0,0,0,0,0,0,0,0,0,0,0,0,0,0,0,0,0,0,0,0,0,0,0,1,2,0,0,0,0,0,0,0,0,0,0,0,0,0,0,0,0,0,0,0,0,0,0,0,0,1,1,1,0,0,0,0,0,0,0,0,0,0,0,,,,,,,,,,,,,,,,,,,,,,,,,,,,,,,,,,,0,,,,
2256,Unscored (no condition data),PTrail,983,1.0,,,,,,,,,13,1,1,,trails,121.694,Dirt,1,2,2,0,0,0,0,0,0,0,0,0,1,0,0,0,0,0,1,0,0,0,0,0,0,0,0,0,0,0,0,0,0,0,0,0,0,0,0,0,0,0,0,0,0,0,0,0,0,0,0,0,0,0,0,0,0,0,1,2,0,0,0,0,0,0,0,0,0,0,0,0,0,0,0,0,0,0,0,0,0,0,0,0,1,1,1,0,0,0,0,0,0,0,0,0,0,0,,,,,,,,,,,,,,,,,,,,,,,,,,,,,,,,,,,0,,,,
2257,Unscored (no condition data),PTrail,984,1.0,,,,,,,,,11,1,1,,trails,9.72,Dirt,1,2,2,0,0,0,0,0,0,0,0,0,1,0,0,0,0,0,1,0,0,0,0,0,0,0,0,0,0,0,0,0,0,0,0,0,0,0,0,0,0,0,0,0,0,0,0,0,0,0,0,0,0,0,0,0,0,0,1,0,0,0,0,0,0,0,0,0,0,0,0,0,0,0,0,0,0,0,0,0,0,0,0,0,1,1,1,0,0,0,0,0,0,0,0,0,0,0,,,,,,,,,,,,,,,,,,,,,,,,,,,,,,,,,,,0,,,,
2258,Unscored (no condition data),PTrail,986,1.0,,,,,,,,,11,1,1,,trails,174.323,Dirt,1,2,2,0,0,0,0,0,0,0,0,0,1,0,0,0,0,0,1,0,0,0,0,0,0,0,0,0,0,0,0,0,0,0,0,0,0,0,0,0,0,0,0,0,0,0,0,0,0,0,0,0,0,0,0,0,0,0,1,0,0,0,0,0,0,0,0,0,0,0,0,0,0,0,0,0,0,0,0,0,0,0,0,0,1,1,1,0,0,0,0,0,0,0,0,0,0,0,,,,,,,,,,,,,,,,,,,,,,,,,,,,,,,,,,,0,,,,
2259,Unscored (no condition data),PTrail,988,1.0,,,,,,,,,8,1,1,,trails,40.942,Dirt,1,2,2,0,0,0,0,0,0,0,0,0,0,0,0,0,0,0,0,0,0,0,0,0,0,0,0,0,0,0,0,0,0,0,0,0,0,0,0,0,0,0,0,0,0,0,0,0,0,0,0,0,0,0,0,0,0,0,0,0,0,0,0,0,0,0,0,0,0,0,0,0,0,0,0,0,0,0,0,0,0,0,0,0,1,1,1,0,0,0,0,0,0,0,0,0,0,0,,,,,,,,,,,,,,,,,,,,,,,,,,,,,,,,,,,0,,,,
2260,Unscored (no condition data),PTrail,989,1.0,,,,,,,,,8,1,1,,trails,198.994,Dirt,1,2,2,0,0,0,0,0,0,0,0,0,0,0,0,0,0,0,0,0,0,0,0,0,0,0,0,0,0,0,0,0,0,0,0,0,0,0,0,0,0,0,0,0,0,0,0,0,0,0,0,0,0,0,0,0,0,0,0,0,0,0,0,0,0,0,0,0,0,0,0,0,0,0,0,0,0,0,0,0,0,0,0,0,1,1,1,0,0,0,0,0,0,0,0,0,0,0,,,,,,,,,,,,,,,,,,,,,,,,,,,,,,,,,,,0,,,,
2261,Unscored (no condition data),PTrail,990,1.0,,,,,,,,,8,1,1,,trails,105.288,Dirt,1,2,2,0,0,0,0,0,0,0,0,0,0,0,0,0,0,0,0,0,0,0,0,0,0,0,0,0,0,0,0,0,0,0,0,0,0,0,0,0,0,0,0,0,0,0,0,0,0,0,0,0,0,0,0,0,0,0,0,0,0,0,0,0,0,0,0,0,0,0,0,0,0,0,0,0,0,0,0,0,0,0,0,0,1,1,1,0,0,0,0,0,0,0,0,0,0,0,,,,,,,,,,,,,,,,,,,,,,,,,,,,,,,,,,,0,,,,
2262,Unscored (no condition data),PTrail,992,1.0,,,,,,,,,8,1,1,,trails,180.024,Dirt,1,2,2,0,0,0,0,0,0,0,0,0,0,0,0,0,0,0,0,0,0,0,0,0,0,0,0,0,0,0,0,0,0,0,0,0,0,0,0,0,0,0,0,0,0,0,0,0,0,0,0,0,0,0,0,0,0,0,0,0,0,0,0,0,0,0,0,0,0,0,0,0,0,0,0,0,0,0,0,0,0,0,0,0,1,1,1,0,0,0,0,0,0,0,0,0,0,0,,,,,,,,,,,,,,,,,,,,,,,,,,,,,,,,,,,0,,,,
2263,Unscored (no condition data),PTrail,993,1.0,,,,,,,,,11,1,1,,trails,250.399,Dirt,1,2,2,0,0,0,0,0,0,0,0,0,1,0,0,0,0,0,1,0,0,0,0,0,0,0,0,0,0,0,0,0,0,0,0,0,0,0,0,0,0,0,0,0,0,0,0,0,0,0,0,0,0,0,0,0,0,0,1,0,0,0,0,0,0,0,0,0,0,0,0,0,0,0,0,0,0,0,0,0,0,0,0,0,1,1,1,0,0,0,0,0,0,0,0,0,0,0,,,,,,,,,,,,,,,,,,,,,,,,,,,,,,,,,,,0,,,,
2264,Unscored (no condition data),PTrail,994,1.0,,,,,,,,,14,1,1,,trails,65.331,Dirt,1,2,2,0,0,0,0,0,0,0,0,0,1,2,0,0,0,0,1,2,0,0,0,0,0,0,0,0,0,0,0,0,0,0,0,0,0,0,0,0,0,0,0,0,0,0,0,0,0,0,0,0,0,0,0,0,0,0,0,0,0,0,0,0,0,0,0,0,0,0,0,0,0,0,0,0,0,0,0,0,0,0,0,0,1,1,1,0,0,0,0,0,0,0,0,0,0,0,,,,,,,,,,,,,,,,,,,,,,,,,,,,,,,,,,,0,,,,
2265,Unscored (no condition data),PTrail,995,1.0,,,,,,,,,11,1,1,,trails,262.737,Dirt,1,2,2,0,0,0,0,0,0,0,0,0,1,0,0,0,0,0,1,0,0,0,0,0,0,0,0,0,0,0,0,0,0,0,0,0,0,0,0,0,0,0,0,0,0,0,0,0,0,0,0,0,0,0,0,0,0,0,1,0,0,0,0,0,0,0,0,0,0,0,0,0,0,0,0,0,0,0,0,0,0,0,0,0,1,1,1,0,0,0,0,0,0,0,0,0,0,0,,,,,,,,,,,,,,,,,,,,,,,,,,,,,,,,,,,0,,,,
2266,Unscored (no condition data),PTrail,997,1.0,,,,,,,,,17,1,1,,trails,422.763,Dirt,1,2,2,0,0,0,0,0,0,0,0,0,1,2,0,0,0,0,1,2,0,0,0,0,0,0,0,0,0,0,0,0,0,0,0,0,0,0,0,0,0,0,0,0,0,0,0,0,0,0,0,0,0,0,0,0,0,0,1,2,0,0,0,0,0,0,0,0,0,0,0,0,0,0,0,0,0,0,0,0,0,0,0,0,1,1,1,0,0,0,0,0,0,0,0,0,0,0,,,,,,,,,,,,,,,,,,,,,,,,,,,,,,,,,,,0,,,,
2267,Unscored (no condition data),PTrail,998,1.0,,,,,,,,,14,1,1,,trails,50.933,Dirt,1,2,2,0,0,0,0,0,0,0,0,0,1,2,0,0,0,0,1,2,0,0,0,0,0,0,0,0,0,0,0,0,0,0,0,0,0,0,0,0,0,0,0,0,0,0,0,0,0,0,0,0,0,0,0,0,0,0,0,0,0,0,0,0,0,0,0,0,0,0,0,0,0,0,0,0,0,0,0,0,0,0,0,0,1,1,1,0,0,0,0,0,0,0,0,0,0,0,,,,,,,,,,,,,,,,,,,,,,,,,,,,,,,,,,,0,,,,
2268,Unscored (no condition data),PTrail,999,1.0,,,,,,,,,14,1,1,,trails,60.791,Dirt,1,2,2,0,0,0,0,0,0,0,0,0,1,2,0,0,0,0,1,2,0,0,0,0,0,0,0,0,0,0,0,0,0,0,0,0,0,0,0,0,0,0,0,0,0,0,0,0,0,0,0,0,0,0,0,0,0,0,0,0,0,0,0,0,0,0,0,0,0,0,0,0,0,0,0,0,0,0,0,0,0,0,0,0,1,1,1,0,0,0,0,0,0,0,0,0,0,0,,,,,,,,,,,,,,,,,,,,,,,,,,,,,,,,,,,0,,,,
2269,Unscored (no condition data),PTrail,1000,1.0,,,,,,,,,14,1,1,,trails,42.222,Dirt,1,2,2,0,0,0,0,0,0,0,0,0,1,2,0,0,0,0,1,2,0,0,0,0,0,0,0,0,0,0,0,0,0,0,0,0,0,0,0,0,0,0,0,0,0,0,0,0,0,0,0,0,0,0,0,0,0,0,0,0,0,0,0,0,0,0,0,0,0,0,0,0,0,0,0,0,0,0,0,0,0,0,0,0,1,1,1,0,0,0,0,0,0,0,0,0,0,0,,,,,,,,,,,,,,,,,,,,,,,,,,,,,,,,,,,0,,,,
2270,Unscored (no condition data),PTrail,1001,1.0,,,,,,,,,14,1,1,,trails,103.085,Dirt,1,2,2,0,0,0,0,0,0,0,0,0,1,2,0,0,0,0,1,2,0,0,0,0,0,0,0,0,0,0,0,0,0,0,0,0,0,0,0,0,0,0,0,0,0,0,0,0,0,0,0,0,0,0,0,0,0,0,0,0,0,0,0,0,0,0,0,0,0,0,0,0,0,0,0,0,0,0,0,0,0,0,0,0,1,1,1,0,0,0,0,0,0,0,0,0,0,0,,,,,,,,,,,,,,,,,,,,,,,,,,,,,,,,,,,0,,,,
2271,Unscored (no condition data),PTrail,1002,1.0,,,,,,,,,10,1,1,,trails,263.041,Dirt,1,2,2,0,0,0,0,0,0,0,0,0,1,0,0,0,0,0,1,0,0,0,0,0,0,0,0,0,0,0,0,0,0,0,0,0,0,0,0,0,0,0,0,0,0,0,0,0,0,0,0,0,0,0,0,0,0,0,0,0,0,0,0,0,0,0,0,0,0,0,0,0,0,0,0,0,0,0,0,0,0,0,0,0,1,1,1,0,0,0,0,0,0,0,0,0,0,0,,,,,,,,,,,,,,,,,,,,,,,,,,,,,,,,,,,0,,,,
2272,Unscored (no condition data),PTrail,1003,1.0,,,,,,,,,27,1,1,,trails,565.352,Dirt,1,2,2,0,0,0,0,0,0,0,0,0,1,2,2,0,0,0,1,2,2,0,0,0,0,5,0,0,0,0,0,0,0,0,0,0,0,0,0,0,0,0,0,0,0,0,0,0,0,0,1,0,0,0,0,0,0,0,0,0,0,0,0,0,0,0,0,0,0,0,0,0,0,0,0,0,0,0,0,0,0,0,0,0,1,1,1,0,0,0,0,0,0,0,0,0,0,3,,,,,,,,,,,,,,,,,,,,,,,,,,,,,,,,,,,0,,,,
2273,Unscored (no condition data),PTrail,1004,1.0,,,,,,,,,10,1,1,,trails,282.25,Dirt,1,2,2,0,0,0,0,0,0,0,0,0,1,0,0,0,0,0,1,0,0,0,0,0,0,0,0,0,0,0,0,0,0,0,0,0,0,0,0,0,0,0,0,0,0,0,0,0,0,0,0,0,0,0,0,0,0,0,0,0,0,0,0,0,0,0,0,0,0,0,0,0,0,0,0,0,0,0,0,0,0,0,0,0,1,1,1,0,0,0,0,0,0,0,0,0,0,0,,,,,,,,,,,,,,,,,,,,,,,,,,,,,,,,,,,0,,,,
2274,Unscored (no condition data),PTrail,1005,1.0,,,,,,,,,26,1,1,,trails,146.393,Dirt,1,2,2,0,0,0,0,0,0,0,0,0,1,2,2,0,0,0,1,2,2,0,0,0,0,5,0,0,0,0,0,0,0,0,0,0,0,0,0,0,0,0,0,0,0,0,0,0,0,0,0,0,0,0,0,0,0,0,0,0,0,0,0,0,0,0,0,0,0,0,0,0,0,0,0,0,0,0,0,0,0,0,0,0,1,1,1,0,0,0,0,0,0,0,0,0,0,3,,,,,,,,,,,,,,,,,,,,,,,,,,,,,,,,,,,0,,,,
2275,Unscored (no condition data),PTrail,1009,1.0,,,,,,,,,8,1,1,,trails,231.514,Dirt,1,2,2,0,0,0,0,0,0,0,0,0,0,0,0,0,0,0,0,0,0,0,0,0,0,0,0,0,0,0,0,0,0,0,0,0,0,0,0,0,0,0,0,0,0,0,0,0,0,0,0,0,0,0,0,0,0,0,0,0,0,0,0,0,0,0,0,0,0,0,0,0,0,0,0,0,0,0,0,0,0,0,0,0,1,1,1,0,0,0,0,0,0,0,0,0,0,0,,,,,,,,,,,,,,,,,,,,,,,,,,,,,,,,,,,0,,,,
2276,Unscored (no condition data),PTrail,1010,1.0,,,,,,,,,8,1,1,,trails,89.713,Dirt,1,2,2,0,0,0,0,0,0,0,0,0,0,0,0,0,0,0,0,0,0,0,0,0,0,0,0,0,0,0,0,0,0,0,0,0,0,0,0,0,0,0,0,0,0,0,0,0,0,0,0,0,0,0,0,0,0,0,0,0,0,0,0,0,0,0,0,0,0,0,0,0,0,0,0,0,0,0,0,0,0,0,0,0,1,1,1,0,0,0,0,0,0,0,0,0,0,0,,,,,,,,,,,,,,,,,,,,,,,,,,,,,,,,,,,0,,,,
2277,Unscored (no condition data),PTrail,1011,1.0,,,,,,,,,8,1,1,,trails,86.873,Dirt,1,2,2,0,0,0,0,0,0,0,0,0,0,0,0,0,0,0,0,0,0,0,0,0,0,0,0,0,0,0,0,0,0,0,0,0,0,0,0,0,0,0,0,0,0,0,0,0,0,0,0,0,0,0,0,0,0,0,0,0,0,0,0,0,0,0,0,0,0,0,0,0,0,0,0,0,0,0,0,0,0,0,0,0,1,1,1,0,0,0,0,0,0,0,0,0,0,0,,,,,,,,,,,,,,,,,,,,,,,,,,,,,,,,,,,0,,,,
2278,Unscored (no condition data),PTrail,1012,1.0,,,,,,,,,9,1,1,,trails,286.908,Dirt,1,2,2,0,0,0,0,0,0,0,0,0,0,0,0,0,0,0,0,0,0,0,0,0,0,0,0,0,0,0,0,0,0,0,0,0,0,0,0,0,0,0,0,0,0,0,0,0,0,0,0,0,0,0,0,0,0,0,1,0,0,0,0,0,0,0,0,0,0,0,0,0,0,0,0,0,0,0,0,0,0,0,0,0,1,1,1,0,0,0,0,0,0,0,0,0,0,0,,,,,,,,,,,,,,,,,,,,,,,,,,,,,,,,,,,0,,,,
2279,Unscored (no condition data),PTrail,1013,1.0,,,,,,,,,8,1,1,,trails,145.419,Dirt,1,2,2,0,0,0,0,0,0,0,0,0,0,0,0,0,0,0,0,0,0,0,0,0,0,0,0,0,0,0,0,0,0,0,0,0,0,0,0,0,0,0,0,0,0,0,0,0,0,0,0,0,0,0,0,0,0,0,0,0,0,0,0,0,0,0,0,0,0,0,0,0,0,0,0,0,0,0,0,0,0,0,0,0,1,1,1,0,0,0,0,0,0,0,0,0,0,0,,,,,,,,,,,,,,,,,,,,,,,,,,,,,,,,,,,0,,,,
2280,Unscored (no condition data),PTrail,1014,1.0,,,,,,,,,8,1,1,,trails,304.182,Dirt,1,2,2,0,0,0,0,0,0,0,0,0,0,0,0,0,0,0,0,0,0,0,0,0,0,0,0,0,0,0,0,0,0,0,0,0,0,0,0,0,0,0,0,0,0,0,0,0,0,0,0,0,0,0,0,0,0,0,0,0,0,0,0,0,0,0,0,0,0,0,0,0,0,0,0,0,0,0,0,0,0,0,0,0,1,1,1,0,0,0,0,0,0,0,0,0,0,0,,,,,,,,,,,,,,,,,,,,,,,,,,,,,,,,,,,0,,,,
2281,Unscored (no condition data),PTrail,1015,1.0,,,,,,,,,9,1,1,,trails,177.856,Dirt,1,2,2,0,0,0,0,0,0,0,0,0,0,0,0,0,0,0,0,0,0,0,0,0,0,0,0,0,0,0,0,0,0,0,0,0,0,0,0,0,0,0,0,0,0,0,0,0,0,0,0,0,0,0,0,0,0,0,1,0,0,0,0,0,0,0,0,0,0,0,0,0,0,0,0,0,0,0,0,0,0,0,0,0,1,1,1,0,0,0,0,0,0,0,0,0,0,0,,,,,,,,,,,,,,,,,,,,,,,,,,,,,,,,,,,0,,,,
2282,Unscored (no condition data),PTrail,1016,1.0,,,,,,,,,10,1,1,,trails,238.842,Dirt,1,2,2,0,0,0,0,0,0,0,0,0,1,0,0,0,0,0,1,0,0,0,0,0,0,0,0,0,0,0,0,0,0,0,0,0,0,0,0,0,0,0,0,0,0,0,0,0,0,0,0,0,0,0,0,0,0,0,0,0,0,0,0,0,0,0,0,0,0,0,0,0,0,0,0,0,0,0,0,0,0,0,0,0,1,1,1,0,0,0,0,0,0,0,0,0,0,0,,,,,,,,,,,,,,,,,,,,,,,,,,,,,,,,,,,0,,,,
2283,Unscored (no condition data),PTrail,1017,1.0,,,,,,,,,10,1,1,,trails,80.124,Dirt,1,2,2,0,0,0,0,0,0,0,0,0,1,0,0,0,0,0,1,0,0,0,0,0,0,0,0,0,0,0,0,0,0,0,0,0,0,0,0,0,0,0,0,0,0,0,0,0,0,0,0,0,0,0,0,0,0,0,0,0,0,0,0,0,0,0,0,0,0,0,0,0,0,0,0,0,0,0,0,0,0,0,0,0,1,1,1,0,0,0,0,0,0,0,0,0,0,0,,,,,,,,,,,,,,,,,,,,,,,,,,,,,,,,,,,0,,,,
2284,Unscored (no condition data),PTrail,1018,1.0,,,,,,,,,10,1,1,,trails,114.539,Dirt,1,2,2,0,0,0,0,0,0,0,0,0,1,0,0,0,0,0,1,0,0,0,0,0,0,0,0,0,0,0,0,0,0,0,0,0,0,0,0,0,0,0,0,0,0,0,0,0,0,0,0,0,0,0,0,0,0,0,0,0,0,0,0,0,0,0,0,0,0,0,0,0,0,0,0,0,0,0,0,0,0,0,0,0,1,1,1,0,0,0,0,0,0,0,0,0,0,0,,,,,,,,,,,,,,,,,,,,,,,,,,,,,,,,,,,0,,,,
2285,Unscored (no condition data),PTrail,1019,1.0,,,,,,,,,11,1,1,,trails,276.793,Dirt,1,2,2,0,0,0,0,0,0,0,0,0,1,0,0,0,0,0,1,0,0,0,0,0,0,0,0,0,0,0,0,0,0,0,0,0,0,0,0,0,0,0,0,0,0,0,0,0,0,0,0,0,0,0,0,0,0,0,1,0,0,0,0,0,0,0,0,0,0,0,0,0,0,0,0,0,0,0,0,0,0,0,0,0,1,1,1,0,0,0,0,0,0,0,0,0,0,0,,,,,,,,,,,,,,,,,,,,,,,,,,,,,,,,,,,0,,,,
2286,Unscored (no condition data),PTrail,1020,1.0,,,,,,,,,18,1,1,,trails,179.001,Dirt,1,2,2,0,0,0,0,0,0,0,0,0,1,2,2,0,0,0,1,2,2,0,0,0,0,0,0,0,0,0,0,0,0,0,0,0,0,0,0,0,0,0,0,0,0,0,0,0,0,0,0,0,0,0,0,0,0,0,0,0,0,0,0,0,0,0,0,0,0,0,0,0,0,0,0,0,0,0,0,0,0,0,0,0,1,1,1,0,0,0,0,0,0,0,0,0,0,0,,,,,,,,,,,,,,,,,,,,,,,,,,,,,,,,,,,0,,,,
2287,Unscored (no condition data),PTrail,1021,1.0,,,,,,,,,18,1,1,,trails,181.539,Dirt,1,2,2,0,0,0,0,0,0,0,0,0,1,2,2,0,0,0,1,2,2,0,0,0,0,0,0,0,0,0,0,0,0,0,0,0,0,0,0,0,0,0,0,0,0,0,0,0,0,0,0,0,0,0,0,0,0,0,0,0,0,0,0,0,0,0,0,0,0,0,0,0,0,0,0,0,0,0,0,0,0,0,0,0,1,1,1,0,0,0,0,0,0,0,0,0,0,0,,,,,,,,,,,,,,,,,,,,,,,,,,,,,,,,,,,0,,,,
2288,Unscored (no condition data),PTrail,1022,1.0,,,,,,,,,26,1,1,,trails,126.158,Dirt,1,2,2,0,0,0,0,0,0,0,0,0,1,2,2,0,0,0,1,2,2,0,0,0,0,5,0,0,0,0,0,0,0,0,0,0,0,0,0,0,0,0,0,0,0,0,0,0,0,0,0,0,0,0,0,0,0,0,0,0,0,0,0,0,0,0,0,0,0,0,0,0,0,0,0,0,0,0,0,0,0,0,0,0,1,1,1,0,0,0,0,0,0,0,0,0,0,3,,,,,,,,,,,,,,,,,,,,,,,,,,,,,,,,,,,0,,,,
2289,Unscored (no condition data),PTrail,1023,1.0,,,,,,,,,26,1,1,,trails,501.597,Dirt,1,2,2,0,0,0,0,0,0,0,0,0,1,2,2,0,0,0,1,2,2,0,0,0,0,5,0,0,0,0,0,0,0,0,0,0,0,0,0,0,0,0,0,0,0,0,0,0,0,0,0,0,0,0,0,0,0,0,0,0,0,0,0,0,0,0,0,0,0,0,0,0,0,0,0,0,0,0,0,0,0,0,0,0,1,1,1,0,0,0,0,0,0,0,0,0,0,3,,,,,,,,,,,,,,,,,,,,,,,,,,,,,,,,,,,0,,,,
2290,Unscored (no condition data),PTrail,1024,1.0,,,,,,,,,26,1,1,,trails,211.222,Dirt,1,2,2,0,0,0,0,0,0,0,0,0,1,2,2,0,0,0,1,2,2,0,0,0,0,5,0,0,0,0,0,0,0,0,0,0,0,0,0,0,0,0,0,0,0,0,0,0,0,0,0,0,0,0,0,0,0,0,0,0,0,0,0,0,0,0,0,0,0,0,0,0,0,0,0,0,0,0,0,0,0,0,0,0,1,1,1,0,0,0,0,0,0,0,0,0,0,3,,,,,,,,,,,,,,,,,,,,,,,,,,,,,,,,,,,0,,,,
2291,Unscored (no condition data),PTrail,1026,1.0,,,,,,,,,8,1,1,,trails,242.922,Dirt,1,2,2,0,0,0,0,0,0,0,0,0,0,0,0,0,0,0,0,0,0,0,0,0,0,0,0,0,0,0,0,0,0,0,0,0,0,0,0,0,0,0,0,0,0,0,0,0,0,0,0,0,0,0,0,0,0,0,0,0,0,0,0,0,0,0,0,0,0,0,0,0,0,0,0,0,0,0,0,0,0,0,0,0,1,1,1,0,0,0,0,0,0,0,0,0,0,0,,,,,,,,,,,,,,,,,,,,,,,,,,,,,,,,,,,0,,,,
2292,Unscored (no condition data),PTrail,1027,1.0,,,,,,,,,9,1,1,,trails,28.182,Dirt,1,2,2,0,0,0,0,0,0,0,0,0,0,0,0,0,0,0,0,0,0,0,0,0,0,0,0,0,0,0,0,0,0,0,0,0,0,0,0,0,0,0,0,0,0,0,0,0,0,0,0,0,0,0,0,0,0,0,1,0,0,0,0,0,0,0,0,0,0,0,0,0,0,0,0,0,0,0,0,0,0,0,0,0,1,1,1,0,0,0,0,0,0,0,0,0,0,0,,,,,,,,,,,,,,,,,,,,,,,,,,,,,,,,,,,0,,,,
2293,Unscored (no condition data),PTrail,1028,1.0,,,,,,,,,9,1,1,,trails,423.437,Dirt,1,2,2,0,0,0,0,0,0,0,0,0,0,0,0,0,0,0,0,0,0,0,0,0,0,0,0,0,0,0,0,0,0,0,0,0,0,0,0,0,0,0,0,0,0,0,0,0,0,0,0,0,0,0,0,0,0,0,1,0,0,0,0,0,0,0,0,0,0,0,0,0,0,0,0,0,0,0,0,0,0,0,0,0,1,1,1,0,0,0,0,0,0,0,0,0,0,0,,,,,,,,,,,,,,,,,,,,,,,,,,,,,,,,,,,0,,,,
2294,Unscored (no condition data),PTrail,1029,1.0,,,,,,,,,9,1,1,,trails,528.379,Dirt,1,2,2,0,0,0,0,0,0,0,0,0,0,0,0,0,0,0,0,0,0,0,0,0,0,0,0,0,0,0,0,0,0,0,0,0,0,0,0,0,0,0,0,0,0,0,0,0,0,0,0,0,0,0,0,0,0,0,1,0,0,0,0,0,0,0,0,0,0,0,0,0,0,0,0,0,0,0,0,0,0,0,0,0,1,1,1,0,0,0,0,0,0,0,0,0,0,0,,,,,,,,,,,,,,,,,,,,,,,,,,,,,,,,,,,0,,,,
2295,Unscored (no condition data),PTrail,1030,1.0,,,,,,,,,26,1,1,,trails,264.76,Dirt,1,2,2,0,0,0,0,0,0,0,0,0,1,2,2,0,0,0,1,2,2,0,0,0,0,5,0,0,0,0,0,0,0,0,0,0,0,0,0,0,0,0,0,0,0,0,0,0,0,0,0,0,0,0,0,0,0,0,0,0,0,0,0,0,0,0,0,0,0,0,0,0,0,0,0,0,0,0,0,0,0,0,0,0,1,1,1,0,0,0,0,0,0,0,0,0,0,3,,,,,,,,,,,,,,,,,,,,,,,,,,,,,,,,,,,0,,,,
2296,Unscored (no condition data),PTrail,1031,1.0,,,,,,,,,18,1,1,,trails,246.778,Dirt,1,2,2,0,0,0,0,0,0,0,0,0,1,2,2,0,0,0,1,2,2,0,0,0,0,0,0,0,0,0,0,0,0,0,0,0,0,0,0,0,0,0,0,0,0,0,0,0,0,0,0,0,0,0,0,0,0,0,0,0,0,0,0,0,0,0,0,0,0,0,0,0,0,0,0,0,0,0,0,0,0,0,0,0,1,1,1,0,0,0,0,0,0,0,0,0,0,0,,,,,,,,,,,,,,,,,,,,,,,,,,,,,,,,,,,0,,,,
2297,Unscored (no condition data),PTrail,1032,1.0,,,,,,,,,27,1,1,,trails,327.918,Dirt,1,2,2,0,0,0,0,0,0,0,0,0,1,2,2,0,0,0,1,2,2,0,0,0,0,5,0,0,0,0,0,0,0,0,0,0,0,0,0,0,0,0,0,0,0,0,0,0,0,0,0,0,0,0,0,0,0,0,1,0,0,0,0,0,0,0,0,0,0,0,0,0,0,0,0,0,0,0,0,0,0,0,0,0,1,1,1,0,0,0,0,0,0,0,0,0,0,3,,,,,,,,,,,,,,,,,,,,,,,,,,,,,,,,,,,0,,,,
2298,Unscored (no condition data),PTrail,1033,1.0,,,,,,,,,27,1,1,,trails,9.509,Dirt,1,2,2,0,0,0,0,0,0,0,0,0,1,2,2,0,0,0,1,2,2,0,0,0,0,5,0,0,0,0,0,0,0,0,0,0,0,0,0,0,0,0,0,0,0,0,0,0,0,0,0,0,0,0,0,0,0,0,1,0,0,0,0,0,0,0,0,0,0,0,0,0,0,0,0,0,0,0,0,0,0,0,0,0,1,1,1,0,0,0,0,0,0,0,0,0,0,3,,,,,,,,,,,,,,,,,,,,,,,,,,,,,,,,,,,0,,,,
2299,Unscored (no condition data),PTrail,1036,1.0,,,,,,,,,14,1,1,,trails,74.405,Dirt,1,2,2,0,0,0,0,0,0,0,0,0,1,0,0,0,0,0,0,0,0,0,0,0,0,0,0,0,0,0,0,0,0,0,0,0,0,0,0,0,0,0,0,0,0,0,0,0,0,0,1,2,2,0,0,0,0,0,0,0,0,0,0,0,0,0,0,0,0,0,0,0,0,0,0,0,0,0,0,0,0,0,0,0,1,1,1,0,0,0,0,0,0,0,0,0,0,0,,,,,,,,,,,,,,,,,,,,,,,,,,,,,,,,,,,0,,,,
2300,Unscored (no condition data),PTrail,1037,1.0,,,,,,,,,14,1,1,,trails,81.018,Dirt,1,2,2,0,0,0,0,0,0,0,0,0,1,0,0,0,0,0,0,0,0,0,0,0,0,0,0,0,0,0,0,0,0,0,0,0,0,0,0,0,0,0,0,0,0,0,0,0,0,0,1,2,2,0,0,0,0,0,0,0,0,0,0,0,0,0,0,0,0,0,0,0,0,0,0,0,0,0,0,0,0,0,0,0,1,1,1,0,0,0,0,0,0,0,0,0,0,0,,,,,,,,,,,,,,,,,,,,,,,,,,,,,,,,,,,0,,,,
2301,Unscored (no condition data),PTrail,1040,1.0,,,,,,,,,18,1,1,,trails,372.805,Dirt,1,2,2,0,0,0,0,0,0,0,0,0,0,0,0,0,0,0,0,0,0,0,0,0,0,5,0,0,0,0,0,0,0,0,0,0,0,0,0,0,0,0,0,0,0,0,0,0,0,0,0,0,0,0,0,0,0,0,0,0,0,0,0,0,0,0,0,0,0,0,0,0,0,0,0,0,0,0,0,0,0,0,0,0,1,1,1,0,0,0,0,0,0,0,0,0,5,0,,,,,,,,,,,,,,,,,,,,,,,,,,,,,,,,,,,0,,,,
2302,Unscored (no condition data),PTrail,1041,1.0,,,,,,,,,19,1,1,,trails,119.048,Dirt,1,2,2,0,0,0,0,0,0,0,0,0,0,0,0,0,0,0,0,0,0,0,0,0,0,5,0,0,0,0,0,0,0,0,0,0,0,0,0,0,0,0,0,0,0,0,0,0,0,0,0,0,0,0,0,0,0,0,1,0,0,0,0,0,0,0,0,0,0,0,0,0,0,0,0,0,0,0,0,0,0,0,0,0,1,1,1,0,0,0,0,0,0,0,0,0,5,0,,,,,,,,,,,,,,,,,,,,,,,,,,,,,,,,,,,0,,,,
2303,Unscored (no condition data),PTrail,1042,1.0,,,,,,,,,21,1,1,,trails,225.705,Dirt,1,2,2,0,0,0,0,0,0,0,0,0,0,0,0,0,0,0,0,0,0,0,0,0,0,5,0,0,0,0,0,0,0,0,0,0,0,0,0,0,0,0,0,0,0,0,0,0,0,0,0,0,0,0,0,0,0,0,1,2,0,0,0,0,0,0,0,0,0,0,0,0,0,0,0,0,0,0,0,0,0,0,0,0,1,1,1,0,0,0,0,0,0,0,0,0,5,0,,,,,,,,,,,,,,,,,,,,,,,,,,,,,,,,,,,0,,,,
2304,Unscored (no condition data),PTrail,1043,1.0,,,,,,,,,19,1,1,,trails,57.692,Dirt,1,2,2,0,0,0,0,0,0,0,0,0,0,0,0,0,0,0,0,0,0,0,0,0,0,5,0,0,0,0,0,0,0,0,0,0,0,0,0,0,0,0,0,0,0,0,0,0,0,0,0,0,0,0,0,0,0,0,1,0,0,0,0,0,0,0,0,0,0,0,0,0,0,0,0,0,0,0,0,0,0,0,0,0,1,1,1,0,0,0,0,0,0,0,0,0,5,0,,,,,,,,,,,,,,,,,,,,,,,,,,,,,,,,,,,0,,,,
2305,Unscored (no condition data),PTrail,1044,1.0,,,,,,,,,19,1,1,,trails,60.56,Dirt,1,2,2,0,0,0,0,0,0,0,0,0,0,0,0,0,0,0,0,0,0,0,0,0,0,5,0,0,0,0,0,0,0,0,0,0,0,0,0,0,0,0,0,0,0,0,0,0,0,0,0,0,0,0,0,0,0,0,1,0,0,0,0,0,0,0,0,0,0,0,0,0,0,0,0,0,0,0,0,0,0,0,0,0,1,1,1,0,0,0,0,0,0,0,0,0,5,0,,,,,,,,,,,,,,,,,,,,,,,,,,,,,,,,,,,0,,,,
2306,Unscored (no condition data),PTrail,1053,1.0,,,,,,,,,19,1,1,,trails,108.13,Dirt,1,2,2,0,0,0,0,0,0,0,0,0,0,0,0,0,0,0,0,0,0,0,0,0,0,0,0,2,0,0,0,0,0,0,0,0,0,0,0,0,0,0,0,0,1,2,0,0,0,0,1,2,0,0,0,0,0,0,0,0,0,0,0,0,0,0,0,0,0,0,0,0,0,0,0,0,1,2,0,0,0,0,0,0,1,1,1,0,0,0,0,0,0,0,0,0,0,0,,,,,,,,,,,,,,,,,,,,,,,,,,,,,,,,,,,0,,,,
2307,Unscored (no condition data),PTrail,1054,1.0,,,,,,,,,25,1,1,,trails,190.658,Dirt,1,2,2,0,0,0,0,0,0,0,0,0,0,0,0,0,0,0,0,0,0,0,0,0,0,0,0,2,0,0,0,0,0,0,0,0,0,0,0,0,0,0,0,5,0,0,0,0,0,0,1,2,2,0,0,0,0,1,0,0,0,0,0,0,0,0,0,0,0,0,0,0,0,0,0,0,0,0,0,0,0,0,0,0,1,0,1,0,0,0,0,0,0,0,0,0,5,0,,,,,,,,,,,,,,,,,,,,,,,,,,,,,,,,,,,0,,,,
2308,Unscored (no condition data),PTrail,1055,1.0,,,,,,,,,18,1,1,,trails,293.411,Dirt,1,2,2,0,0,0,0,0,0,0,0,0,0,0,0,0,0,0,0,0,0,0,0,0,0,5,0,0,0,0,0,0,0,0,0,0,0,0,0,0,0,0,0,0,0,0,0,0,0,0,0,0,0,0,0,0,0,0,0,0,0,0,0,0,0,0,0,0,0,0,0,0,0,0,0,0,0,0,0,0,0,0,0,0,1,1,1,0,0,0,0,0,0,0,0,0,5,0,,,,,,,,,,,,,,,,,,,,,,,,,,,,,,,,,,,0,,,,
2309,Unscored (no condition data),PTrail,1060,1.0,,,,,,,,,18,1,1,,trails,176.722,Dirt,1,2,2,0,0,0,0,0,0,0,0,0,0,0,0,0,0,0,0,0,0,0,0,0,0,5,0,0,0,0,0,0,0,0,0,0,0,0,0,0,0,0,0,0,0,0,0,0,0,0,0,0,0,0,0,0,0,0,0,0,0,0,0,0,0,0,0,0,0,0,0,0,0,0,0,0,0,0,0,0,0,0,0,0,1,1,1,0,0,0,0,0,0,0,0,0,5,0,,,,,,,,,,,,,,,,,,,,,,,,,,,,,,,,,,,0,,,,
2310,Unscored (no condition data),PTrail,1062,1.0,,,,,,,,,18,1,1,,trails,26.156,Dirt,1,2,2,0,0,0,0,0,0,0,0,0,0,0,0,0,0,0,0,0,0,0,0,0,0,5,0,0,0,0,0,0,0,0,0,0,0,0,0,0,0,0,0,0,0,0,0,0,0,0,0,0,0,0,0,0,0,0,0,0,0,0,0,0,0,0,0,0,0,0,0,0,0,0,0,0,0,0,0,0,0,0,0,0,1,1,1,0,0,0,0,0,0,0,0,0,5,0,,,,,,,,,,,,,,,,,,,,,,,,,,,,,,,,,,,0,,,,
2311,Unscored (no condition data),PTrail,1063,1.0,,,,,,,,,18,1,1,,trails,37.199,Other,1,2,2,0,0,0,0,0,0,0,0,0,0,0,0,0,0,0,0,0,0,0,0,0,0,5,0,0,0,0,0,0,0,0,0,0,0,0,0,0,0,0,0,0,0,0,0,0,0,0,0,0,0,0,0,0,0,0,0,0,0,0,0,0,0,0,0,0,0,0,0,0,0,0,0,0,0,0,0,0,0,0,0,0,1,1,1,0,0,0,0,0,0,0,0,0,5,0,,,,,,,,,,,,,,,,,,,,,,,,,,,,,,,,,,,0,,,,
2312,Unscored (no condition data),PTrail,1064,1.0,,,,,,,,,18,1,1,,trails,13.5,Dirt,1,2,2,0,0,0,0,0,0,0,0,0,0,0,0,0,0,0,0,0,0,0,0,0,0,5,0,0,0,0,0,0,0,0,0,0,0,0,0,0,0,0,0,0,0,0,0,0,0,0,0,0,0,0,0,0,0,0,0,0,0,0,0,0,0,0,0,0,0,0,0,0,0,0,0,0,0,0,0,0,0,0,0,0,1,1,1,0,0,0,0,0,0,0,0,0,5,0,,,,,,,,,,,,,,,,,,,,,,,,,,,,,,,,,,,0,,,,
2313,Unscored (no condition data),PTrail,1065,1.0,,,,,,,,,18,1,1,,trails,16.652,Other,1,2,2,0,0,0,0,0,0,0,0,0,0,0,0,0,0,0,0,0,0,0,0,0,0,5,0,0,0,0,0,0,0,0,0,0,0,0,0,0,0,0,0,0,0,0,0,0,0,0,0,0,0,0,0,0,0,0,0,0,0,0,0,0,0,0,0,0,0,0,0,0,0,0,0,0,0,0,0,0,0,0,0,0,1,1,1,0,0,0,0,0,0,0,0,0,5,0,,,,,,,,,,,,,,,,,,,,,,,,,,,,,,,,,,,0,,,,
2314,Unscored (no condition data),PTrail,1066,1.0,,,,,,,,,21,1,1,,trails,38.01,Other,1,2,2,0,0,0,0,0,0,0,0,0,0,0,0,0,0,0,0,0,0,0,0,0,0,5,0,0,0,0,0,0,0,0,0,0,0,0,0,0,0,0,0,0,0,0,0,0,0,0,0,0,0,0,0,0,0,0,1,2,0,0,0,0,0,0,0,0,0,0,0,0,0,0,0,0,0,0,0,0,0,0,0,0,1,1,1,0,0,0,0,0,0,0,0,0,5,0,,,,,,,,,,,,,,,,,,,,,,,,,,,,,,,,,,,0,,,,
2315,Unscored (no condition data),PTrail,1067,1.0,,,,,,,,,18,1,1,,trails,25.063,Dirt,1,2,2,0,0,0,0,0,0,0,0,0,0,0,0,0,0,0,0,0,0,0,0,0,0,5,0,0,0,0,0,0,0,0,0,0,0,0,0,0,0,0,0,0,0,0,0,0,0,0,0,0,0,0,0,0,0,0,0,0,0,0,0,0,0,0,0,0,0,0,0,0,0,0,0,0,0,0,0,0,0,0,0,0,1,1,1,0,0,0,0,0,0,0,0,0,5,0,,,,,,,,,,,,,,,,,,,,,,,,,,,,,,,,,,,0,,,,
2316,Unscored (no condition data),PTrail,1078,1.0,,,,,,,,,18,1,1,,trails,32.201,Other,1,2,2,0,0,0,0,0,0,0,0,0,0,0,0,0,0,0,0,0,0,0,0,0,0,5,0,0,0,0,0,0,0,0,0,0,0,0,0,0,0,0,0,0,0,0,0,0,0,0,0,0,0,0,0,0,0,0,0,0,0,0,0,0,0,0,0,0,0,0,0,0,0,0,0,0,0,0,0,0,0,0,0,0,1,1,1,0,0,0,0,0,0,0,0,0,5,0,,,,,,,,,,,,,,,,,,,,,,,,,,,,,,,,,,,0,,,,
2317,Unscored (no condition data),PTrail,1084,1.0,,,,,,,,,24,1,1,,trails,132.379,Dirt,0,0,0,0,0,0,0,0,0,0,0,0,1,2,2,0,0,0,1,2,2,0,0,0,0,5,0,0,0,0,0,0,0,0,0,0,0,0,0,0,0,0,0,0,0,0,0,0,0,0,1,0,0,0,0,0,0,0,0,0,0,0,0,0,0,0,0,0,0,0,0,0,0,0,0,0,0,0,0,0,0,0,0,0,1,1,1,0,0,0,0,0,0,0,0,0,5,0,,,,,,,,,,,,,,,,,,,,,,,,,,,,,,,,,,,0,,,,
2318,Unscored (no condition data),PTrail,1086,1.0,,,,,,,,,18,1,1,,trails,553.53,Dirt,1,2,2,0,0,0,0,0,0,0,0,0,0,0,0,0,0,0,0,0,0,0,0,0,0,0,0,0,0,0,0,0,0,0,0,0,0,0,0,0,0,0,0,0,0,0,0,0,0,0,0,0,0,5,5,0,0,0,0,0,0,0,0,0,0,0,0,0,0,0,0,0,0,0,0,0,0,0,0,0,0,0,0,0,1,1,1,0,0,0,0,0,0,0,0,0,0,0,,,,,,,,,,,,,,,,,,,,,,,,,,,,,,,,,,,0,,,,
2319,Unscored (no condition data),PTrail,1087,1.0,,,,,,,,,8,1,1,,trails,14.773,Dirt,1,2,2,0,0,0,0,0,0,0,0,0,0,0,0,0,0,0,0,0,0,0,0,0,0,0,0,0,0,0,0,0,0,0,0,0,0,0,0,0,0,0,0,0,0,0,0,0,0,0,0,0,0,0,0,0,0,0,0,0,0,0,0,0,0,0,0,0,0,0,0,0,0,0,0,0,0,0,0,0,0,0,0,0,1,1,1,0,0,0,0,0,0,0,0,0,0,0,,,,,,,,,,,,,,,,,,,,,,,,,,,,,,,,,,,0,,,,
2320,Unscored (no condition data),PTrail,1090,1.0,,,,,,,,,11,1,1,,trails,77.665,Dirt,1,2,2,0,0,0,0,0,0,0,0,0,0,0,0,0,0,0,0,0,0,0,0,0,0,0,0,0,0,0,0,0,0,0,0,0,0,0,0,0,0,0,0,0,0,0,0,0,0,0,0,0,0,0,0,0,0,0,0,0,0,0,0,0,0,0,0,0,0,0,0,0,0,0,0,0,0,0,0,0,0,0,0,0,1,1,1,0,0,0,0,0,0,0,0,0,0,3,,,,,,,,,,,,,,,,,,,,,,,,,,,,,,,,,,,0,,,,
2321,Unscored (no condition data),PTrail,1091,1.0,,,,,,,,,22,1,1,,trails,51.577,Dirt,1,2,2,1,0,0,1,0,0,0,0,0,0,0,0,0,0,0,0,0,0,0,0,0,0,5,0,0,0,0,0,0,0,0,0,0,0,0,0,0,0,0,0,0,0,0,0,0,0,0,1,0,0,0,0,0,0,0,0,0,0,0,0,0,1,0,0,0,0,0,0,0,0,0,0,0,0,0,0,0,0,0,0,0,1,1,1,0,0,0,0,0,0,0,0,0,5,0,,,,,,,,,,,,,,,,,,,,,,,,,,,,,,,,,,,0,,,,
2322,Unscored (no condition data),PTrail,1097,1.0,,,,,,,,,16,1,1,,trails,2465.752,Dirt,1,2,2,0,0,0,0,0,0,0,0,0,0,0,0,0,0,0,0,0,0,0,0,0,0,5,0,0,0,0,0,0,0,0,0,0,0,0,0,0,0,0,0,0,0,0,0,0,0,0,0,0,0,0,0,0,3,0,0,0,0,0,0,0,0,0,0,0,0,0,0,0,0,0,0,0,0,0,0,0,0,0,0,0,1,1,1,0,0,0,0,0,0,0,0,0,0,0,,,,,,,,,,,,,,,,,,,,,,,,,,,,,,,,,,,0,,,,
2323,Unscored (no condition data),PTrail,1104,1.0,,,,,,,,,9,1,1,,trails,4.841,Dirt,1,2,2,0,0,0,0,0,0,0,0,0,0,0,0,0,0,0,0,0,0,0,0,0,0,0,0,0,0,0,0,0,0,0,0,0,0,0,0,0,0,0,0,0,0,0,0,0,0,0,1,0,0,0,0,0,0,0,0,0,0,0,0,0,0,0,0,0,0,0,0,0,0,0,0,0,0,0,0,0,0,0,0,0,1,1,1,0,0,0,0,0,0,0,0,0,0,0,,,,,,,,,,,,,,,,,,,,,,,,,,,,,,,,,,,0,,,,
2324,Unscored (no condition data),PTrail,1105,1.0,,,,,,,,,15,1,1,,trails,313.107,Dirt,1,2,2,0,0,0,0,0,0,0,0,0,1,0,0,0,0,0,0,0,0,0,0,0,0,0,0,0,0,0,0,0,0,0,0,0,0,0,0,0,0,0,0,0,0,0,0,0,0,0,1,2,2,0,0,0,0,1,0,0,0,0,0,0,0,0,0,0,0,0,0,0,0,0,0,0,0,0,0,0,0,0,0,0,1,1,1,0,0,0,0,0,0,0,0,0,0,0,,,,,,,,,,,,,,,,,,,,,,,,,,,,,,,,,,,0,,,,
2325,Unscored (no condition data),PTrail,1106,1.0,,,,,,,,,8,1,1,,trails,51.818,Dirt,1,2,2,0,0,0,0,0,0,0,0,0,0,0,0,0,0,0,0,0,0,0,0,0,0,0,0,0,0,0,0,0,0,0,0,0,0,0,0,0,0,0,0,0,0,0,0,0,0,0,0,0,0,0,0,0,0,0,0,0,0,0,0,0,0,0,0,0,0,0,0,0,0,0,0,0,0,0,0,0,0,0,0,0,1,1,1,0,0,0,0,0,0,0,0,0,0,0,,,,,,,,,,,,,,,,,,,,,,,,,,,,,,,,,,,0,,,,
2326,Unscored (no condition data),PTrail,1107,1.0,,,,,,,,,8,1,1,,trails,154.373,Dirt,1,2,2,0,0,0,0,0,0,0,0,0,0,0,0,0,0,0,0,0,0,0,0,0,0,0,0,0,0,0,0,0,0,0,0,0,0,0,0,0,0,0,0,0,0,0,0,0,0,0,0,0,0,0,0,0,0,0,0,0,0,0,0,0,0,0,0,0,0,0,0,0,0,0,0,0,0,0,0,0,0,0,0,0,1,1,1,0,0,0,0,0,0,0,0,0,0,0,,,,,,,,,,,,,,,,,,,,,,,,,,,,,,,,,,,0,,,,
2327,Unscored (no condition data),PTrail,1108,1.0,,,,,,,,,8,1,1,,trails,79.97,Dirt,1,2,2,0,0,0,0,0,0,0,0,0,0,0,0,0,0,0,0,0,0,0,0,0,0,0,0,0,0,0,0,0,0,0,0,0,0,0,0,0,0,0,0,0,0,0,0,0,0,0,0,0,0,0,0,0,0,0,0,0,0,0,0,0,0,0,0,0,0,0,0,0,0,0,0,0,0,0,0,0,0,0,0,0,1,1,1,0,0,0,0,0,0,0,0,0,0,0,,,,,,,,,,,,,,,,,,,,,,,,,,,,,,,,,,,0,,,,
2328,Unscored (no condition data),PTrail,1109,1.0,,,,,,,,,8,1,1,,trails,1986.189,Dirt,1,2,2,0,0,0,0,0,0,0,0,0,0,0,0,0,0,0,0,0,0,0,0,0,0,0,0,0,0,0,0,0,0,0,0,0,0,0,0,0,0,0,0,0,0,0,0,0,0,0,0,0,0,0,0,0,0,0,0,0,0,0,0,0,0,0,0,0,0,0,0,0,0,0,0,0,0,0,0,0,0,0,0,0,1,1,1,0,0,0,0,0,0,0,0,0,0,0,,,,,,,,,,,,,,,,,,,,,,,,,,,,,,,,,,,0,,,,
2329,Unscored (no condition data),PTrail,1110,1.0,,,,,,,,,26,1,1,,trails,3243.852,Dirt,1,2,2,0,0,0,0,0,0,0,0,0,1,0,0,0,0,0,0,0,0,0,0,0,0,0,3,0,0,0,0,0,0,0,1,0,0,0,0,0,0,0,0,0,0,0,0,0,0,0,1,2,2,0,5,0,0,0,0,0,0,0,0,0,0,0,0,0,0,0,0,0,0,0,0,0,0,0,0,0,0,0,0,0,1,1,1,0,0,0,0,0,0,0,0,0,0,3,,,,,,,,,,,,,,,,,,,,,,,,,,,,,,,,,,,0,,,,
2330,Unscored (no condition data),PTrail,1111,1.0,,,,,,,,,8,1,1,,trails,514.253,Dirt,1,2,2,0,0,0,0,0,0,0,0,0,0,0,0,0,0,0,0,0,0,0,0,0,0,0,0,0,0,0,0,0,0,0,0,0,0,0,0,0,0,0,0,0,0,0,0,0,0,0,0,0,0,0,0,0,0,0,0,0,0,0,0,0,0,0,0,0,0,0,0,0,0,0,0,0,0,0,0,0,0,0,0,0,1,1,1,0,0,0,0,0,0,0,0,0,0,0,,,,,,,,,,,,,,,,,,,,,,,,,,,,,,,,,,,0,,,,
2331,Unscored (no condition data),PTrail,1112,1.0,,,,,,,,,26,1,1,,trails,362.113,Dirt,1,2,2,0,0,0,0,0,0,0,0,0,1,2,2,0,0,0,1,2,2,0,0,0,0,5,0,0,0,0,0,0,0,0,0,0,0,0,0,0,0,0,0,0,0,0,0,0,0,0,0,0,0,0,0,0,0,0,0,0,0,0,0,0,0,0,0,0,0,0,0,0,0,0,0,0,0,0,0,0,0,0,0,0,1,1,1,0,0,0,0,0,0,0,0,0,0,3,,,,,,,,,,,,,,,,,,,,,,,,,,,,,,,,,,,0,,,,
2332,Unscored (no condition data),PTrail,1113,1.0,,,,,,,,,26,1,1,,trails,125.303,Dirt,1,2,2,0,0,0,0,0,0,0,0,0,1,2,2,0,0,0,1,2,2,0,0,0,0,5,0,0,0,0,0,0,0,0,0,0,0,0,0,0,0,0,0,0,0,0,0,0,0,0,0,0,0,0,0,0,0,0,0,0,0,0,0,0,0,0,0,0,0,0,0,0,0,0,0,0,0,0,0,0,0,0,0,0,1,1,1,0,0,0,0,0,0,0,0,0,0,3,,,,,,,,,,,,,,,,,,,,,,,,,,,,,,,,,,,0,,,,
2333,Unscored (no condition data),PTrail,1114,1.0,,,,,,,,,26,1,1,,trails,1008.773,Dirt,1,2,2,0,0,0,0,0,0,0,0,0,1,2,2,0,0,0,1,2,2,0,0,0,0,5,0,0,0,0,0,0,0,0,0,0,0,0,0,0,0,0,0,0,0,0,0,0,0,0,0,0,0,0,0,0,0,0,0,0,0,0,0,0,0,0,0,0,0,0,0,0,0,0,0,0,0,0,0,0,0,0,0,0,1,1,1,0,0,0,0,0,0,0,0,0,0,3,,,,,,,,,,,,,,,,,,,,,,,,,,,,,,,,,,,0,,,,
2334,Unscored (no condition data),PTrail,1115,1.0,,,,,,,,,8,1,1,,trails,804.575,Dirt,1,2,2,0,0,0,0,0,0,0,0,0,0,0,0,0,0,0,0,0,0,0,0,0,0,0,0,0,0,0,0,0,0,0,0,0,0,0,0,0,0,0,0,0,0,0,0,0,0,0,0,0,0,0,0,0,0,0,0,0,0,0,0,0,0,0,0,0,0,0,0,0,0,0,0,0,0,0,0,0,0,0,0,0,1,1,1,0,0,0,0,0,0,0,0,0,0,0,,,,,,,,,,,,,,,,,,,,,,,,,,,,,,,,,,,0,,,,
2335,Unscored (no condition data),PTrail,1116,1.0,,,,,,,,,8,1,1,,trails,10840.449,Dirt,1,2,2,0,0,0,0,0,0,0,0,0,0,0,0,0,0,0,0,0,0,0,0,0,0,0,0,0,0,0,0,0,0,0,0,0,0,0,0,0,0,0,0,0,0,0,0,0,0,0,0,0,0,0,0,0,0,0,0,0,0,0,0,0,0,0,0,0,0,0,0,0,0,0,0,0,0,0,0,0,0,0,0,0,1,1,1,0,0,0,0,0,0,0,0,0,0,0,,,,,,,,,,,,,,,,,,,,,,,,,,,,,,,,,,,0,,,,
2336,Unscored (no condition data),PTrail,1118,1.0,,,,,,,,,14,1,1,,trails,1360.96,Dirt,1,2,2,0,0,0,0,0,0,0,0,0,1,2,0,0,0,0,1,2,0,0,0,0,0,0,0,0,0,0,0,0,0,0,0,0,0,0,0,0,0,0,0,0,0,0,0,0,0,0,0,0,0,0,0,0,0,0,0,0,0,0,0,0,0,0,0,0,0,0,0,0,0,0,0,0,0,0,0,0,0,0,0,0,1,1,1,0,0,0,0,0,0,0,0,0,0,0,,,,,,,,,,,,,,,,,,,,,,,,,,,,,,,,,,,0,,,,
2337,Unscored (no condition data),PTrail,1119,1.0,,,,,,,,,9,1,1,,trails,1050.393,Dirt,1,2,2,0,0,0,0,0,0,0,0,0,0,0,0,0,0,0,0,0,0,0,0,0,0,0,0,0,0,0,0,0,0,0,0,0,0,0,0,0,0,0,0,0,0,0,0,0,0,0,0,0,0,0,0,0,0,1,0,0,0,0,0,0,0,0,0,0,0,0,0,0,0,0,0,0,0,0,0,0,0,0,0,0,1,1,1,0,0,0,0,0,0,0,0,0,0,0,,,,,,,,,,,,,,,,,,,,,,,,,,,,,,,,,,,0,,,,
2338,Unscored (no condition data),PTrail,1122,1.0,,,,,,,,,8,1,1,,trails,226.303,Dirt,1,2,2,0,0,0,0,0,0,0,0,0,0,0,0,0,0,0,0,0,0,0,0,0,0,0,0,0,0,0,0,0,0,0,0,0,0,0,0,0,0,0,0,0,0,0,0,0,0,0,0,0,0,0,0,0,0,0,0,0,0,0,0,0,0,0,0,0,0,0,0,0,0,0,0,0,0,0,0,0,0,0,0,0,1,1,1,0,0,0,0,0,0,0,0,0,0,0,,,,,,,,,,,,,,,,,,,,,,,,,,,,,,,,,,,0,,,,
2339,Unscored (no condition data),PTrail,1123,1.0,,,,,,,,,8,1,1,,trails,70.082,Dirt,1,2,2,0,0,0,0,0,0,0,0,0,0,0,0,0,0,0,0,0,0,0,0,0,0,0,0,0,0,0,0,0,0,0,0,0,0,0,0,0,0,0,0,0,0,0,0,0,0,0,0,0,0,0,0,0,0,0,0,0,0,0,0,0,0,0,0,0,0,0,0,0,0,0,0,0,0,0,0,0,0,0,0,0,1,1,1,0,0,0,0,0,0,0,0,0,0,0,,,,,,,,,,,,,,,,,,,,,,,,,,,,,,,,,,,0,,,,
2340,Unscored (no condition data),PTrail,1124,1.0,,,,,,,,,26,1,1,,trails,399.618,Dirt,1,2,2,0,0,0,0,0,0,0,0,0,1,2,2,0,0,0,1,2,2,0,0,0,0,5,0,0,0,0,0,0,0,0,0,0,0,0,0,0,0,0,0,0,0,0,0,0,0,0,0,0,0,0,0,0,0,0,0,0,0,0,0,0,0,0,0,0,0,0,0,0,0,0,0,0,0,0,0,0,0,0,0,0,1,1,1,0,0,0,0,0,0,0,0,0,0,3,,,,,,,,,,,,,,,,,,,,,,,,,,,,,,,,,,,0,,,,
2341,Unscored (no condition data),PTrail,1125,1.0,,,,,,,,,26,1,1,,trails,1169.042,Dirt,1,2,2,0,0,0,0,0,0,0,0,0,1,2,2,0,0,0,1,2,2,0,0,0,0,5,0,0,0,0,0,0,0,0,0,0,0,0,0,0,0,0,0,0,0,0,0,0,0,0,0,0,0,0,0,0,0,0,0,0,0,0,0,0,0,0,0,0,0,0,0,0,0,0,0,0,0,0,0,0,0,0,0,0,1,1,1,0,0,0,0,0,0,0,0,0,0,3,,,,,,,,,,,,,,,,,,,,,,,,,,,,,,,,,,,0,,,,
2342,Unscored (no condition data),PTrail,1126,1.0,,,,,,,,,8,1,1,,trails,438.2,Dirt,1,2,2,0,0,0,0,0,0,0,0,0,0,0,0,0,0,0,0,0,0,0,0,0,0,0,0,0,0,0,0,0,0,0,0,0,0,0,0,0,0,0,0,0,0,0,0,0,0,0,0,0,0,0,0,0,0,0,0,0,0,0,0,0,0,0,0,0,0,0,0,0,0,0,0,0,0,0,0,0,0,0,0,0,1,1,1,0,0,0,0,0,0,0,0,0,0,0,,,,,,,,,,,,,,,,,,,,,,,,,,,,,,,,,,,0,,,,
2343,Unscored (no condition data),PTrail,1127,1.0,,,,,,,,,11,1,1,,trails,150.305,Dirt,1,2,2,0,0,0,0,0,0,0,0,0,0,0,0,0,0,0,0,0,0,0,0,0,0,0,0,0,0,0,0,0,0,0,0,0,0,0,0,0,0,0,0,0,0,0,0,0,0,0,1,2,0,0,0,0,0,0,0,0,0,0,0,0,0,0,0,0,0,0,0,0,0,0,0,0,0,0,0,0,0,0,0,0,1,1,1,0,0,0,0,0,0,0,0,0,0,0,,,,,,,,,,,,,,,,,,,,,,,,,,,,,,,,,,,0,,,,
2344,Unscored (no condition data),PTrail,1128,1.0,,,,,,,,,25,1,1,,trails,350.508,Dirt,1,2,0,0,0,0,0,0,0,0,0,0,0,0,0,0,0,0,0,0,0,0,0,0,0,0,0,2,0,0,0,0,0,0,1,0,0,0,0,0,0,0,0,0,1,0,0,0,1,0,1,2,2,0,0,0,0,0,0,0,0,0,0,0,0,0,0,0,0,0,0,0,0,1,0,0,0,0,0,0,0,0,0,0,1,1,1,0,0,0,0,0,0,0,0,0,5,3,,,,,,,,,,,,,,,,,,,,,,,,,,,,,,,,,,,0,,,,
2345,Unscored (no condition data),PTrail,1129,1.0,,,,,,,,,24,1,1,,trails,275.007,Dirt,0,0,0,0,0,0,0,0,0,0,0,0,1,2,2,0,0,0,1,2,2,0,0,0,0,5,0,0,0,0,0,0,0,0,0,0,0,0,0,0,0,0,0,0,0,0,0,0,0,0,1,0,0,0,0,0,0,0,0,0,0,0,0,0,0,0,0,0,0,0,0,0,0,0,0,0,0,0,0,0,0,0,0,0,1,1,1,0,0,0,0,0,0,0,0,0,5,0,,,,,,,,,,,,,,,,,,,,,,,,,,,,,,,,,,,0,,,,
2346,Unscored (no condition data),PTrail,1130,1.0,,,,,,,,,27,1,1,,trails,481.672,Dirt,1,0,0,0,0,0,0,0,0,0,0,0,1,2,2,0,0,0,1,2,2,0,0,0,0,5,0,0,0,0,0,0,0,0,0,0,0,0,0,0,0,0,0,0,0,0,0,0,0,0,1,2,0,0,0,0,0,0,0,0,0,0,0,0,0,0,0,0,0,0,0,0,0,0,0,0,0,0,0,0,0,0,0,0,1,1,1,0,0,0,0,0,0,0,0,0,5,0,,,,,,,,,,,,,,,,,,,,,,,,,,,,,,,,,,,0,,,,
2347,Unscored (no condition data),PTrail,1132,1.0,,,,,,,,,29,2,1,,trails,159.961,Dirt,1,0,0,0,0,0,0,0,0,0,0,0,1,2,2,0,0,0,1,2,2,0,0,0,0,5,0,0,0,0,0,0,0,0,0,0,0,0,0,0,0,0,0,0,0,0,0,0,0,0,1,2,2,0,0,0,0,0,0,0,0,0,0,0,0,0,0,0,0,0,0,0,0,0,0,0,0,0,0,0,0,0,0,0,1,1,1,0,0,0,0,0,0,0,0,0,5,0,,,,,,,,,,,,,,,,,,,,,,,,,,,,,,,,,,,0,,,,
2348,Unscored (no condition data),PTrail,1135,1.0,,,,,,,,,13,1,1,,trails,1209.762,Dirt,1,2,2,0,0,0,0,0,0,0,0,0,1,2,2,0,0,0,0,0,0,0,0,0,0,0,0,0,0,0,0,0,0,0,0,0,0,0,0,0,0,0,0,0,0,0,0,0,0,0,0,0,0,0,0,0,0,0,0,0,0,0,0,0,0,0,0,0,0,0,0,0,0,0,0,0,0,0,0,0,0,0,0,0,1,1,1,0,0,0,0,0,0,0,0,0,0,0,,,,,,,,,,,,,,,,,,,,,,,,,,,,,,,,,,,0,,,,
2349,Unscored (no condition data),PTrail,1136,1.0,,,,,,,,,13,1,1,,trails,51.514,Dirt,1,2,2,0,0,0,0,0,0,0,0,0,1,2,2,0,0,0,0,0,0,0,0,0,0,0,0,0,0,0,0,0,0,0,0,0,0,0,0,0,0,0,0,0,0,0,0,0,0,0,0,0,0,0,0,0,0,0,0,0,0,0,0,0,0,0,0,0,0,0,0,0,0,0,0,0,0,0,0,0,0,0,0,0,1,1,1,0,0,0,0,0,0,0,0,0,0,0,,,,,,,,,,,,,,,,,,,,,,,,,,,,,,,,,,,0,,,,
2350,Unscored (no condition data),PTrail,1137,1.0,,,,,,,,,8,1,1,,trails,528.165,Dirt,0,0,0,0,0,0,0,0,0,0,0,0,1,2,2,0,0,0,0,0,0,0,0,0,0,0,0,0,0,0,0,0,0,0,0,0,0,0,0,0,0,0,0,0,0,0,0,0,0,0,0,0,0,0,0,0,0,0,0,0,0,0,0,0,0,0,0,0,0,0,0,0,0,0,0,0,0,0,0,0,0,0,0,0,1,1,1,0,0,0,0,0,0,0,0,0,0,0,,,,,,,,,,,,,,,,,,,,,,,,,,,,,,,,,,,0,,,,
2351,Unscored (no condition data),PTrail,1138,1.0,,,,,,,,,16,1,1,,trails,587.779,Dirt,1,2,2,0,0,0,0,0,0,0,0,0,1,2,2,0,0,0,0,0,0,0,0,0,0,0,0,0,0,0,0,0,0,0,0,0,0,0,0,0,0,0,0,0,0,0,0,0,0,0,0,0,0,0,0,0,0,0,1,2,0,0,0,0,0,0,0,0,0,0,0,0,0,0,0,0,0,0,0,0,0,0,0,0,1,1,1,0,0,0,0,0,0,0,0,0,0,0,,,,,,,,,,,,,,,,,,,,,,,,,,,,,,,,,,,0,,,,
2352,Unscored (no condition data),PTrail,1139,1.0,,,,,,,,,16,1,1,,trails,441.666,Dirt,1,2,2,0,0,0,0,0,0,0,0,0,1,2,2,0,0,0,0,0,0,0,0,0,0,0,0,0,0,0,0,0,0,0,0,0,0,0,0,0,0,0,0,0,0,0,0,0,0,0,0,0,0,0,0,0,0,0,1,2,0,0,0,0,0,0,0,0,0,0,0,0,0,0,0,0,0,0,0,0,0,0,0,0,1,1,1,0,0,0,0,0,0,0,0,0,0,0,,,,,,,,,,,,,,,,,,,,,,,,,,,,,,,,,,,0,,,,
2353,Unscored (no condition data),PTrail,1140,1.0,,,,,,,,,9,1,1,,trails,81.217,Dirt,1,0,0,0,0,0,0,0,0,0,0,0,1,2,2,0,0,0,0,0,0,0,0,0,0,0,0,0,0,0,0,0,0,0,0,0,0,0,0,0,0,0,0,0,0,0,0,0,0,0,0,0,0,0,0,0,0,0,0,0,0,0,0,0,0,0,0,0,0,0,0,0,0,0,0,0,0,0,0,0,0,0,0,0,1,1,1,0,0,0,0,0,0,0,0,0,0,0,,,,,,,,,,,,,,,,,,,,,,,,,,,,,,,,,,,0,,,,
2354,Unscored (no condition data),PTrail,1141,1.0,,,,,,,,,8,1,1,,trails,387.778,Dirt,0,0,0,0,0,0,0,0,0,0,0,0,1,2,2,0,0,0,0,0,0,0,0,0,0,0,0,0,0,0,0,0,0,0,0,0,0,0,0,0,0,0,0,0,0,0,0,0,0,0,0,0,0,0,0,0,0,0,0,0,0,0,0,0,0,0,0,0,0,0,0,0,0,0,0,0,0,0,0,0,0,0,0,0,1,1,1,0,0,0,0,0,0,0,0,0,0,0,,,,,,,,,,,,,,,,,,,,,,,,,,,,,,,,,,,0,,,,
2355,Unscored (no condition data),PTrail,1142,1.0,,,,,,,,,9,1,1,,trails,366.504,Dirt,1,0,0,0,0,0,0,0,0,0,0,0,1,2,2,0,0,0,0,0,0,0,0,0,0,0,0,0,0,0,0,0,0,0,0,0,0,0,0,0,0,0,0,0,0,0,0,0,0,0,0,0,0,0,0,0,0,0,0,0,0,0,0,0,0,0,0,0,0,0,0,0,0,0,0,0,0,0,0,0,0,0,0,0,1,1,1,0,0,0,0,0,0,0,0,0,0,0,,,,,,,,,,,,,,,,,,,,,,,,,,,,,,,,,,,0,,,,
2356,Unscored (no condition data),PTrail,1143,1.0,,,,,,,,,13,1,1,,trails,982.382,Dirt,1,2,2,0,0,0,0,0,0,0,0,0,1,2,2,0,0,0,0,0,0,0,0,0,0,0,0,0,0,0,0,0,0,0,0,0,0,0,0,0,0,0,0,0,0,0,0,0,0,0,0,0,0,0,0,0,0,0,0,0,0,0,0,0,0,0,0,0,0,0,0,0,0,0,0,0,0,0,0,0,0,0,0,0,1,1,1,0,0,0,0,0,0,0,0,0,0,0,,,,,,,,,,,,,,,,,,,,,,,,,,,,,,,,,,,0,,,,
2357,Unscored (no condition data),PTrail,1144,1.0,,,,,,,,,13,1,1,,trails,203.658,Dirt,1,2,2,0,0,0,0,0,0,0,0,0,1,2,2,0,0,0,0,0,0,0,0,0,0,0,0,0,0,0,0,0,0,0,0,0,0,0,0,0,0,0,0,0,0,0,0,0,0,0,0,0,0,0,0,0,0,0,0,0,0,0,0,0,0,0,0,0,0,0,0,0,0,0,0,0,0,0,0,0,0,0,0,0,1,1,1,0,0,0,0,0,0,0,0,0,0,0,,,,,,,,,,,,,,,,,,,,,,,,,,,,,,,,,,,0,,,,
2358,Unscored (no condition data),PTrail,1145,1.0,,,,,,,,,11,1,1,,trails,1918.587,Dirt,1,2,0,0,0,0,0,0,0,0,0,0,1,2,2,0,0,0,0,0,0,0,0,0,0,0,0,0,0,0,0,0,0,0,0,0,0,0,0,0,0,0,0,0,0,0,0,0,0,0,0,0,0,0,0,0,0,0,0,0,0,0,0,0,0,0,0,0,0,0,0,0,0,0,0,0,0,0,0,0,0,0,0,0,1,1,1,0,0,0,0,0,0,0,0,0,0,0,,,,,,,,,,,,,,,,,,,,,,,,,,,,,,,,,,,0,,,,
2359,Unscored (no condition data),PTrail,1146,1.0,,,,,,,,,13,1,1,,trails,1019.546,Dirt,1,2,2,0,0,0,0,0,0,0,0,0,1,2,2,0,0,0,0,0,0,0,0,0,0,0,0,0,0,0,0,0,0,0,0,0,0,0,0,0,0,0,0,0,0,0,0,0,0,0,0,0,0,0,0,0,0,0,0,0,0,0,0,0,0,0,0,0,0,0,0,0,0,0,0,0,0,0,0,0,0,0,0,0,1,1,1,0,0,0,0,0,0,0,0,0,0,0,,,,,,,,,,,,,,,,,,,,,,,,,,,,,,,,,,,0,,,,
2360,Unscored (no condition data),PTrail,1147,1.0,,,,,,,,,16,1,1,,trails,2707.994,Dirt,1,2,2,0,0,0,0,0,0,0,0,0,1,2,2,0,0,0,0,0,0,0,0,0,0,0,0,0,0,0,0,0,0,0,0,0,0,0,0,0,0,0,0,0,0,0,0,0,0,0,0,0,0,0,0,0,0,0,1,2,0,0,0,0,0,0,0,0,0,0,0,0,0,0,0,0,0,0,0,0,0,0,0,0,1,1,1,0,0,0,0,0,0,0,0,0,0,0,,,,,,,,,,,,,,,,,,,,,,,,,,,,,,,,,,,0,,,,
2361,Unscored (no condition data),PTrail,1149,1.0,,,,,,,,,16,1,1,,trails,1367.96,Dirt,1,2,2,0,0,0,0,0,0,0,0,0,1,2,2,0,0,0,0,0,0,0,0,0,0,0,0,0,0,0,0,0,0,0,0,0,0,0,0,0,0,0,0,0,0,0,0,0,0,0,0,0,0,0,0,0,0,0,1,2,0,0,0,0,0,0,0,0,0,0,0,0,0,0,0,0,0,0,0,0,0,0,0,0,1,1,1,0,0,0,0,0,0,0,0,0,0,0,,,,,,,,,,,,,,,,,,,,,,,,,,,,,,,,,,,0,,,,
2362,Unscored (no condition data),PTrail,1150,1.0,,,,,,,,,8,1,1,,trails,933.55,Dirt,0,0,0,0,0,0,0,0,0,0,0,0,1,2,2,0,0,0,0,0,0,0,0,0,0,0,0,0,0,0,0,0,0,0,0,0,0,0,0,0,0,0,0,0,0,0,0,0,0,0,0,0,0,0,0,0,0,0,0,0,0,0,0,0,0,0,0,0,0,0,0,0,0,0,0,0,0,0,0,0,0,0,0,0,1,1,1,0,0,0,0,0,0,0,0,0,0,0,,,,,,,,,,,,,,,,,,,,,,,,,,,,,,,,,,,0,,,,
2363,Unscored (no condition data),PTrail,1151,1.0,,,,,,,,,8,1,1,,trails,325.592,Dirt,0,0,0,0,0,0,0,0,0,0,0,0,1,2,2,0,0,0,0,0,0,0,0,0,0,0,0,0,0,0,0,0,0,0,0,0,0,0,0,0,0,0,0,0,0,0,0,0,0,0,0,0,0,0,0,0,0,0,0,0,0,0,0,0,0,0,0,0,0,0,0,0,0,0,0,0,0,0,0,0,0,0,0,0,1,1,1,0,0,0,0,0,0,0,0,0,0,0,,,,,,,,,,,,,,,,,,,,,,,,,,,,,,,,,,,0,,,,
2364,Unscored (no condition data),PTrail,1152,1.0,,,,,,,,,8,1,1,,trails,179.321,Dirt,0,0,0,0,0,0,0,0,0,0,0,0,1,2,2,0,0,0,0,0,0,0,0,0,0,0,0,0,0,0,0,0,0,0,0,0,0,0,0,0,0,0,0,0,0,0,0,0,0,0,0,0,0,0,0,0,0,0,0,0,0,0,0,0,0,0,0,0,0,0,0,0,0,0,0,0,0,0,0,0,0,0,0,0,1,1,1,0,0,0,0,0,0,0,0,0,0,0,,,,,,,,,,,,,,,,,,,,,,,,,,,,,,,,,,,0,,,,
2365,Unscored (no condition data),PTrail,1153,1.0,,,,,,,,,16,1,1,,trails,136.246,Dirt,1,2,2,0,0,0,0,0,0,0,0,0,1,2,2,0,0,0,0,0,0,0,0,0,0,0,0,0,0,0,0,0,0,0,0,0,0,0,0,0,0,0,0,0,0,0,0,0,0,0,0,0,0,0,0,0,0,0,1,2,0,0,0,0,0,0,0,0,0,0,0,0,0,0,0,0,0,0,0,0,0,0,0,0,1,1,1,0,0,0,0,0,0,0,0,0,0,0,,,,,,,,,,,,,,,,,,,,,,,,,,,,,,,,,,,0,,,,
2366,Unscored (no condition data),PTrail,1154,1.0,,,,,,,,,18,1,1,,trails,1361.95,Dirt,1,2,2,0,0,0,0,0,0,0,0,0,1,2,2,0,0,0,0,0,0,0,0,0,0,0,0,0,0,0,0,0,0,0,0,0,0,0,0,0,0,0,0,0,0,0,0,0,0,0,0,0,0,0,0,0,0,0,1,2,2,0,0,0,0,0,0,0,0,0,0,0,0,0,0,0,0,0,0,0,0,0,0,0,1,1,1,0,0,0,0,0,0,0,0,0,0,0,,,,,,,,,,,,,,,,,,,,,,,,,,,,,,,,,,,0,,,,
2367,Unscored (no condition data),PTrail,1155,1.0,,,,,,,,,14,1,1,,trails,546.347,Dirt,1,2,2,0,0,0,0,0,0,0,0,0,1,2,2,0,0,0,0,0,0,0,0,0,0,0,0,0,0,0,0,0,0,0,0,0,0,0,0,0,0,0,0,0,0,0,0,0,0,0,0,0,0,0,0,0,0,0,1,0,0,0,0,0,0,0,0,0,0,0,0,0,0,0,0,0,0,0,0,0,0,0,0,0,1,1,1,0,0,0,0,0,0,0,0,0,0,0,,,,,,,,,,,,,,,,,,,,,,,,,,,,,,,,,,,0,,,,
2368,Unscored (no condition data),PTrail,1156,1.0,,,,,,,,,16,1,1,,trails,1443.023,Dirt,1,2,2,0,0,0,0,0,0,0,0,0,1,2,2,0,0,0,0,0,0,0,0,0,0,0,0,0,0,0,0,0,0,0,0,0,0,0,0,0,0,0,0,0,0,0,0,0,0,0,0,0,0,0,0,0,0,0,1,2,0,0,0,0,0,0,0,0,0,0,0,0,0,0,0,0,0,0,0,0,0,0,0,0,1,1,1,0,0,0,0,0,0,0,0,0,0,0,,,,,,,,,,,,,,,,,,,,,,,,,,,,,,,,,,,0,,,,
2369,Unscored (no condition data),PTrail,1157,1.0,,,,,,,,,16,1,1,,trails,59.32,Dirt,1,2,2,0,0,0,0,0,0,0,0,0,1,2,2,0,0,0,0,0,0,0,0,0,0,0,0,0,0,0,0,0,0,0,0,0,0,0,0,0,0,0,0,0,0,0,0,0,0,0,0,0,0,0,0,0,0,0,1,2,0,0,0,0,0,0,0,0,0,0,0,0,0,0,0,0,0,0,0,0,0,0,0,0,1,1,1,0,0,0,0,0,0,0,0,0,0,0,,,,,,,,,,,,,,,,,,,,,,,,,,,,,,,,,,,0,,,,
2370,Unscored (no condition data),PTrail,1158,1.0,,,,,,,,,13,1,1,,trails,136.134,Dirt,1,2,2,0,0,0,0,0,0,0,0,0,1,2,2,0,0,0,0,0,0,0,0,0,0,0,0,0,0,0,0,0,0,0,0,0,0,0,0,0,0,0,0,0,0,0,0,0,0,0,0,0,0,0,0,0,0,0,0,0,0,0,0,0,0,0,0,0,0,0,0,0,0,0,0,0,0,0,0,0,0,0,0,0,1,1,1,0,0,0,0,0,0,0,0,0,0,0,,,,,,,,,,,,,,,,,,,,,,,,,,,,,,,,,,,0,,,,
2371,Unscored (no condition data),PTrail,1159,1.0,,,,,,,,,14,1,1,,trails,1822.452,Dirt,1,2,2,0,0,0,0,0,0,0,0,0,1,2,2,0,0,0,0,0,0,0,0,0,0,0,0,0,0,0,0,0,0,0,0,0,0,0,0,0,0,0,0,0,0,0,0,0,0,0,0,0,0,0,0,0,0,0,1,0,0,0,0,0,0,0,0,0,0,0,0,0,0,0,0,0,0,0,0,0,0,0,0,0,1,1,1,0,0,0,0,0,0,0,0,0,0,0,,,,,,,,,,,,,,,,,,,,,,,,,,,,,,,,,,,0,,,,
2372,Unscored (no condition data),PTrail,1160,1.0,,,,,,,,,14,1,1,,trails,24.787,Dirt,1,2,2,0,0,0,0,0,0,0,0,0,1,2,2,0,0,0,0,0,0,0,0,0,0,0,0,0,0,0,0,0,0,0,0,0,0,0,0,0,0,0,0,0,0,0,0,0,0,0,0,0,0,0,0,0,0,0,1,0,0,0,0,0,0,0,0,0,0,0,0,0,0,0,0,0,0,0,0,0,0,0,0,0,1,1,1,0,0,0,0,0,0,0,0,0,0,0,,,,,,,,,,,,,,,,,,,,,,,,,,,,,,,,,,,0,,,,
2373,Unscored (no condition data),PTrail,1161,1.0,,,,,,,,,13,1,1,,trails,1553.71,Dirt,1,2,2,0,0,0,0,0,0,0,0,0,1,2,2,0,0,0,0,0,0,0,0,0,0,0,0,0,0,0,0,0,0,0,0,0,0,0,0,0,0,0,0,0,0,0,0,0,0,0,0,0,0,0,0,0,0,0,0,0,0,0,0,0,0,0,0,0,0,0,0,0,0,0,0,0,0,0,0,0,0,0,0,0,1,1,1,0,0,0,0,0,0,0,0,0,0,0,,,,,,,,,,,,,,,,,,,,,,,,,,,,,,,,,,,0,,,,
2374,Unscored (no condition data),PTrail,1162,1.0,,,,,,,,,11,1,1,,trails,519.985,Dirt,1,2,0,0,0,0,0,0,0,0,0,0,1,2,2,0,0,0,0,0,0,0,0,0,0,0,0,0,0,0,0,0,0,0,0,0,0,0,0,0,0,0,0,0,0,0,0,0,0,0,0,0,0,0,0,0,0,0,0,0,0,0,0,0,0,0,0,0,0,0,0,0,0,0,0,0,0,0,0,0,0,0,0,0,1,1,1,0,0,0,0,0,0,0,0,0,0,0,,,,,,,,,,,,,,,,,,,,,,,,,,,,,,,,,,,0,,,,
2375,Unscored (no condition data),PTrail,1163,1.0,,,,,,,,,13,1,1,,trails,892.638,Dirt,1,2,2,0,0,0,0,0,0,0,0,0,1,2,2,0,0,0,0,0,0,0,0,0,0,0,0,0,0,0,0,0,0,0,0,0,0,0,0,0,0,0,0,0,0,0,0,0,0,0,0,0,0,0,0,0,0,0,0,0,0,0,0,0,0,0,0,0,0,0,0,0,0,0,0,0,0,0,0,0,0,0,0,0,1,1,1,0,0,0,0,0,0,0,0,0,0,0,,,,,,,,,,,,,,,,,,,,,,,,,,,,,,,,,,,0,,,,
2376,Unscored (no condition data),PTrail,1164,1.0,,,,,,,,,13,1,1,,trails,922.706,Dirt,1,2,2,0,0,0,0,0,0,0,0,0,1,2,2,0,0,0,0,0,0,0,0,0,0,0,0,0,0,0,0,0,0,0,0,0,0,0,0,0,0,0,0,0,0,0,0,0,0,0,0,0,0,0,0,0,0,0,0,0,0,0,0,0,0,0,0,0,0,0,0,0,0,0,0,0,0,0,0,0,0,0,0,0,1,1,1,0,0,0,0,0,0,0,0,0,0,0,,,,,,,,,,,,,,,,,,,,,,,,,,,,,,,,,,,0,,,,
2377,Unscored (no condition data),PTrail,1165,1.0,,,,,,,,,8,1,1,,trails,1866.964,Dirt,0,0,0,0,0,0,0,0,0,0,0,0,1,2,2,0,0,0,0,0,0,0,0,0,0,0,0,0,0,0,0,0,0,0,0,0,0,0,0,0,0,0,0,0,0,0,0,0,0,0,0,0,0,0,0,0,0,0,0,0,0,0,0,0,0,0,0,0,0,0,0,0,0,0,0,0,0,0,0,0,0,0,0,0,1,1,1,0,0,0,0,0,0,0,0,0,0,0,,,,,,,,,,,,,,,,,,,,,,,,,,,,,,,,,,,0,,,,
2378,Unscored (no condition data),PTrail,1166,1.0,,,,,,,,,13,1,1,,trails,1194.164,Dirt,1,2,2,0,0,0,0,0,0,0,0,0,1,2,2,0,0,0,0,0,0,0,0,0,0,0,0,0,0,0,0,0,0,0,0,0,0,0,0,0,0,0,0,0,0,0,0,0,0,0,0,0,0,0,0,0,0,0,0,0,0,0,0,0,0,0,0,0,0,0,0,0,0,0,0,0,0,0,0,0,0,0,0,0,1,1,1,0,0,0,0,0,0,0,0,0,0,0,,,,,,,,,,,,,,,,,,,,,,,,,,,,,,,,,,,0,,,,
2379,Unscored (no condition data),PTrail,1167,1.0,,,,,,,,,18,1,1,,trails,138.365,Dirt,1,2,2,0,0,0,0,0,0,0,0,0,1,2,2,0,0,0,0,0,0,0,0,0,0,0,0,0,0,0,0,0,0,0,0,0,0,0,0,0,0,0,0,0,0,0,0,0,0,0,0,0,0,0,0,0,0,0,1,2,2,0,0,0,0,0,0,0,0,0,0,0,0,0,0,0,0,0,0,0,0,0,0,0,1,1,1,0,0,0,0,0,0,0,0,0,0,0,,,,,,,,,,,,,,,,,,,,,,,,,,,,,,,,,,,0,,,,
2380,Unscored (no condition data),PTrail,1168,1.0,,,,,,,,,16,1,1,,trails,592.612,Dirt,1,2,2,0,0,0,0,0,0,0,0,0,1,2,2,0,0,0,0,0,0,0,0,0,0,0,0,0,0,0,0,0,0,0,0,0,0,0,0,0,0,0,0,0,0,0,0,0,0,0,0,0,0,0,0,0,0,0,1,2,0,0,0,0,0,0,0,0,0,0,0,0,0,0,0,0,0,0,0,0,0,0,0,0,1,1,1,0,0,0,0,0,0,0,0,0,0,0,,,,,,,,,,,,,,,,,,,,,,,,,,,,,,,,,,,0,,,,
2381,Unscored (no condition data),PTrail,1169,1.0,,,,,,,,,13,1,1,,trails,3276.519,Dirt,1,2,2,0,0,0,0,0,0,0,0,0,1,2,2,0,0,0,0,0,0,0,0,0,0,0,0,0,0,0,0,0,0,0,0,0,0,0,0,0,0,0,0,0,0,0,0,0,0,0,0,0,0,0,0,0,0,0,0,0,0,0,0,0,0,0,0,0,0,0,0,0,0,0,0,0,0,0,0,0,0,0,0,0,1,1,1,0,0,0,0,0,0,0,0,0,0,0,,,,,,,,,,,,,,,,,,,,,,,,,,,,,,,,,,,0,,,,
2382,Unscored (no condition data),PTrail,1170,1.0,,,,,,,,,13,1,1,,trails,498.246,Dirt,1,2,2,0,0,0,0,0,0,0,0,0,1,2,2,0,0,0,0,0,0,0,0,0,0,0,0,0,0,0,0,0,0,0,0,0,0,0,0,0,0,0,0,0,0,0,0,0,0,0,0,0,0,0,0,0,0,0,0,0,0,0,0,0,0,0,0,0,0,0,0,0,0,0,0,0,0,0,0,0,0,0,0,0,1,1,1,0,0,0,0,0,0,0,0,0,0,0,,,,,,,,,,,,,,,,,,,,,,,,,,,,,,,,,,,0,,,,
2383,Unscored (no condition data),PTrail,1171,1.0,,,,,,,,,16,1,1,,trails,3333.069,Dirt,1,2,2,0,0,0,0,0,0,0,0,0,1,2,2,0,0,0,0,0,0,0,0,0,0,0,0,0,0,0,0,0,0,0,0,0,0,0,0,0,0,0,0,0,0,0,0,0,0,0,0,0,0,0,0,0,0,0,1,2,0,0,0,0,0,0,0,0,0,0,0,0,0,0,0,0,0,0,0,0,0,0,0,0,1,1,1,0,0,0,0,0,0,0,0,0,0,0,,,,,,,,,,,,,,,,,,,,,,,,,,,,,,,,,,,0,,,,
2384,Unscored (no condition data),PTrail,1173,1.0,,,,,,,,,13,1,1,,trails,460.869,Dirt,1,2,2,0,0,0,0,0,0,0,0,0,1,2,2,0,0,0,0,0,0,0,0,0,0,0,0,0,0,0,0,0,0,0,0,0,0,0,0,0,0,0,0,0,0,0,0,0,0,0,0,0,0,0,0,0,0,0,0,0,0,0,0,0,0,0,0,0,0,0,0,0,0,0,0,0,0,0,0,0,0,0,0,0,1,1,1,0,0,0,0,0,0,0,0,0,0,0,,,,,,,,,,,,,,,,,,,,,,,,,,,,,,,,,,,0,,,,
2385,Unscored (no condition data),PTrail,1174,1.0,,,,,,,,,13,1,1,,trails,953.51,Dirt,1,2,2,0,0,0,0,0,0,0,0,0,1,2,2,0,0,0,0,0,0,0,0,0,0,0,0,0,0,0,0,0,0,0,0,0,0,0,0,0,0,0,0,0,0,0,0,0,0,0,0,0,0,0,0,0,0,0,0,0,0,0,0,0,0,0,0,0,0,0,0,0,0,0,0,0,0,0,0,0,0,0,0,0,1,1,1,0,0,0,0,0,0,0,0,0,0,0,,,,,,,,,,,,,,,,,,,,,,,,,,,,,,,,,,,0,,,,
2386,Unscored (no condition data),PTrail,1175,1.0,,,,,,,,,13,1,1,,trails,1888.022,Dirt,1,2,2,0,0,0,0,0,0,0,0,0,1,2,2,0,0,0,0,0,0,0,0,0,0,0,0,0,0,0,0,0,0,0,0,0,0,0,0,0,0,0,0,0,0,0,0,0,0,0,0,0,0,0,0,0,0,0,0,0,0,0,0,0,0,0,0,0,0,0,0,0,0,0,0,0,0,0,0,0,0,0,0,0,1,1,1,0,0,0,0,0,0,0,0,0,0,0,,,,,,,,,,,,,,,,,,,,,,,,,,,,,,,,,,,0,,,,
2387,Unscored (no condition data),PTrail,1176,1.0,,,,,,,,,18,1,1,,trails,194.348,Dirt,1,2,2,0,0,0,0,0,0,0,0,0,1,2,2,0,0,0,0,0,0,0,0,0,0,0,0,0,0,0,0,0,0,0,0,0,0,0,0,0,0,0,0,0,0,0,0,0,0,0,0,0,0,0,0,0,0,0,1,2,2,0,0,0,0,0,0,0,0,0,0,0,0,0,0,0,0,0,0,0,0,0,0,0,1,1,1,0,0,0,0,0,0,0,0,0,0,0,,,,,,,,,,,,,,,,,,,,,,,,,,,,,,,,,,,0,,,,
2388,Unscored (no condition data),PTrail,1179,1.0,,,,,,,,,10,1,1,,trails,131.626,Dirt,1,2,2,0,0,0,0,0,0,0,0,0,1,0,0,0,0,0,1,0,0,0,0,0,0,0,0,0,0,0,0,0,0,0,0,0,0,0,0,0,0,0,0,0,0,0,0,0,0,0,0,0,0,0,0,0,0,0,0,0,0,0,0,0,0,0,0,0,0,0,0,0,0,0,0,0,0,0,0,0,0,0,0,0,1,1,1,0,0,0,0,0,0,0,0,0,0,0,,,,,,,,,,,,,,,,,,,,,,,,,,,,,,,,,,,0,,,,
2389,Unscored (no condition data),PTrail,1180,1.0,,,,,,,,,25,1,1,,trails,269.324,Dirt,1,2,2,1,2,2,0,0,0,0,0,0,1,0,0,0,0,0,0,0,0,0,0,0,0,5,0,0,0,0,0,0,0,0,0,0,0,0,0,0,0,0,0,0,0,0,0,0,0,0,0,0,0,0,0,0,0,0,0,0,0,0,0,0,0,0,0,0,0,0,0,0,0,1,0,0,0,0,0,0,0,0,0,0,1,1,1,0,0,0,0,0,0,0,0,0,5,0,,,,,,,,,,,,,,,,,,,,,,,,,,,,,,,,,,,0,,,,
2390,Unscored (no condition data),PTrail,1181,1.0,,,,,,,,,26,1,1,,trails,585.196,Dirt,1,2,2,1,2,2,0,0,0,0,0,0,0,0,0,0,0,0,0,0,0,0,0,0,0,5,0,2,0,0,0,0,0,0,0,0,0,0,0,0,0,0,0,0,0,0,0,0,0,0,0,0,0,0,0,0,0,0,0,0,0,0,0,0,0,0,0,0,0,0,0,0,0,1,0,0,0,0,0,0,0,0,0,0,1,1,1,0,0,0,0,0,0,0,0,0,5,0,,,,,,,,,,,,,,,,,,,,,,,,,,,,,,,,,,,0,,,,
2391,Unscored (no condition data),PTrail,1188,1.0,,,,,,,,,27,1,1,,trails,61.807,Dirt,1,2,2,1,2,2,0,0,0,0,0,0,0,0,0,0,0,0,0,0,0,0,0,0,0,5,0,0,0,0,0,0,0,0,1,0,0,0,0,0,0,0,0,0,0,0,0,0,0,0,0,0,0,0,0,0,0,0,0,0,0,0,0,0,0,0,0,0,0,0,0,0,0,1,2,0,0,0,0,0,0,0,0,0,1,1,1,0,0,0,0,0,0,0,0,0,5,0,,,,,,,,,,,,,,,,,,,,,,,,,,,,,,,,,,,0,,,,
2392,Unscored (no condition data),PTrail,1191,1.0,,,,,,,,,23,1,1,,trails,114.701,Dirt,1,2,2,1,2,2,0,0,0,0,0,0,0,0,0,0,0,0,0,0,0,0,0,0,0,5,0,0,0,0,0,0,0,0,0,0,0,0,0,0,0,0,0,0,0,0,0,0,0,0,0,0,0,0,0,0,0,0,0,0,0,0,0,0,0,0,0,0,0,0,0,0,0,0,0,0,0,0,0,0,0,0,0,0,1,1,1,0,0,0,0,0,0,0,0,0,5,0,,,,,,,,,,,,,,,,,,,,,,,,,,,,,,,,,,,0,,,,
2393,Unscored (no condition data),PTrail,1192,1.0,,,,,,,,,23,1,1,,trails,20.549,Dirt,1,2,2,1,2,2,0,0,0,0,0,0,0,0,0,0,0,0,0,0,0,0,0,0,0,5,0,0,0,0,0,0,0,0,0,0,0,0,0,0,0,0,0,0,0,0,0,0,0,0,0,0,0,0,0,0,0,0,0,0,0,0,0,0,0,0,0,0,0,0,0,0,0,0,0,0,0,0,0,0,0,0,0,0,1,1,1,0,0,0,0,0,0,0,0,0,5,0,,,,,,,,,,,,,,,,,,,,,,,,,,,,,,,,,,,0,,,,
2394,Unscored (no condition data),PTrail,1193,1.0,,,,,,,,,22,1,1,,trails,30.157,Dirt,1,2,2,1,2,0,0,0,0,0,0,0,0,0,0,0,0,0,0,0,0,0,0,0,0,5,0,0,0,0,0,0,0,0,0,0,0,0,0,0,0,0,0,0,0,0,0,0,0,0,0,0,0,0,0,0,0,0,0,0,0,0,0,0,0,0,0,0,0,0,0,0,0,1,0,0,0,0,0,0,0,0,0,0,1,1,1,0,0,0,0,0,0,0,0,0,5,0,,,,,,,,,,,,,,,,,,,,,,,,,,,,,,,,,,,0,,,,
2395,Unscored (no condition data),PTrail,1194,1.0,,,,,,,,,22,1,1,,trails,16.128,Dirt,1,2,2,1,2,0,0,0,0,0,0,0,0,0,0,0,0,0,0,0,0,0,0,0,0,5,0,0,0,0,0,0,0,0,0,0,0,0,0,0,0,0,0,0,0,0,0,0,0,0,0,0,0,0,0,0,0,0,0,0,0,0,0,0,0,0,0,0,0,0,0,0,0,1,0,0,0,0,0,0,0,0,0,0,1,1,1,0,0,0,0,0,0,0,0,0,5,0,,,,,,,,,,,,,,,,,,,,,,,,,,,,,,,,,,,0,,,,
2396,Unscored (no condition data),PTrail,1195,1.0,,,,,,,,,22,1,1,,trails,11.969,Dirt,1,2,2,1,2,0,0,0,0,0,0,0,0,0,0,0,0,0,0,0,0,0,0,0,0,5,0,0,0,0,0,0,0,0,0,0,0,0,0,0,0,0,0,0,0,0,0,0,0,0,0,0,0,0,0,0,0,0,0,0,0,0,0,0,0,0,0,0,0,0,0,0,0,1,0,0,0,0,0,0,0,0,0,0,1,1,1,0,0,0,0,0,0,0,0,0,5,0,,,,,,,,,,,,,,,,,,,,,,,,,,,,,,,,,,,0,,,,
2397,Unscored (no condition data),PTrail,1196,1.0,,,,,,,,,27,1,1,,trails,546.287,Dirt,1,2,2,1,2,2,0,0,0,0,0,0,0,0,0,0,0,0,0,0,0,0,0,0,0,5,0,0,0,0,0,0,0,0,1,0,0,0,0,0,0,0,0,0,0,0,0,0,0,0,0,0,0,0,0,0,0,0,0,0,0,0,0,0,0,0,0,0,0,0,0,0,0,1,2,0,0,0,0,0,0,0,0,0,1,1,1,0,0,0,0,0,0,0,0,0,5,0,,,,,,,,,,,,,,,,,,,,,,,,,,,,,,,,,,,0,,,,
2398,Unscored (no condition data),PTrail,1200,1.0,,,,,,,,,25,1,1,,trails,74.431,Dirt,1,2,2,1,2,2,0,0,0,0,0,0,1,0,0,0,0,0,0,0,0,0,0,0,0,5,0,0,0,0,0,0,0,0,0,0,0,0,0,0,0,0,0,0,0,0,0,0,0,0,0,0,0,0,0,0,0,0,0,0,0,0,0,0,0,0,0,0,0,0,0,0,0,1,0,0,0,0,0,0,0,0,0,0,1,1,1,0,0,0,0,0,0,0,0,0,5,0,,,,,,,,,,,,,,,,,,,,,,,,,,,,,,,,,,,0,,,,
2399,Unscored (no condition data),PTrail,1201,1.0,,,,,,,,,27,1,1,,trails,107.184,Dirt,1,2,2,1,2,2,0,0,0,0,0,0,1,0,0,0,0,0,0,0,0,0,0,0,0,5,0,2,0,0,0,0,0,0,0,0,0,0,0,0,0,0,0,0,0,0,0,0,0,0,0,0,0,0,0,0,0,0,0,0,0,0,0,0,0,0,0,0,0,0,0,0,0,1,0,0,0,0,0,0,0,0,0,0,1,1,1,0,0,0,0,0,0,0,0,0,5,0,,,,,,,,,,,,,,,,,,,,,,,,,,,,,,,,,,,0,,,,
2400,Unscored (no condition data),PTrail,1202,1.0,,,,,,,,,27,1,1,,trails,662.056,Dirt,1,2,2,1,2,2,0,0,0,0,0,0,1,0,0,0,0,0,0,0,0,0,0,0,0,5,0,2,0,0,0,0,0,0,0,0,0,0,0,0,0,0,0,0,0,0,0,0,0,0,0,0,0,0,0,0,0,0,0,0,0,0,0,0,0,0,0,0,0,0,0,0,0,1,0,0,0,0,0,0,0,0,0,0,1,1,1,0,0,0,0,0,0,0,0,0,5,0,,,,,,,,,,,,,,,,,,,,,,,,,,,,,,,,,,,0,,,,
2401,Unscored (no condition data),PTrail,1203,1.0,,,,,,,,,25,1,1,,trails,480.639,Dirt,1,2,2,1,2,2,0,0,0,0,0,0,1,0,0,0,0,0,0,0,0,0,0,0,0,5,0,0,0,0,0,0,0,0,0,0,0,0,0,0,0,0,0,0,0,0,0,0,0,0,0,0,0,0,0,0,0,0,0,0,0,0,0,0,0,0,0,0,0,0,0,0,0,1,0,0,0,0,0,0,0,0,0,0,1,1,1,0,0,0,0,0,0,0,0,0,5,0,,,,,,,,,,,,,,,,,,,,,,,,,,,,,,,,,,,0,,,,
2402,Unscored (no condition data),PTrail,1206,1.0,,,,,,,,,27,1,1,,trails,565.804,Dirt,1,2,2,1,2,2,0,0,0,0,0,0,1,0,0,0,0,0,0,0,0,0,0,0,0,5,0,2,0,0,0,0,0,0,0,0,0,0,0,0,0,0,0,0,0,0,0,0,0,0,0,0,0,0,0,0,0,0,0,0,0,0,0,0,0,0,0,0,0,0,0,0,0,1,0,0,0,0,0,0,0,0,0,0,1,1,1,0,0,0,0,0,0,0,0,0,5,0,,,,,,,,,,,,,,,,,,,,,,,,,,,,,,,,,,,0,,,,
2403,Unscored (no condition data),PTrail,1207,1.0,,,,,,,,,24,1,1,,trails,82.597,Dirt,1,2,2,1,2,2,0,0,0,0,0,0,0,0,0,0,0,0,0,0,0,0,0,0,0,5,0,0,0,0,0,0,0,0,0,0,0,0,0,0,0,0,0,0,0,0,0,0,0,0,0,0,0,0,0,0,0,0,0,0,0,0,0,0,0,0,0,0,0,0,0,0,0,1,0,0,0,0,0,0,0,0,0,0,1,1,1,0,0,0,0,0,0,0,0,0,5,0,,,,,,,,,,,,,,,,,,,,,,,,,,,,,,,,,,,0,,,,
2404,Unscored (no condition data),PTrail,1208,1.0,,,,,,,,,29,2,1,,trails,45.684,Dirt,1,2,2,1,2,2,1,0,0,0,0,0,0,0,0,0,0,0,0,0,0,0,0,0,0,5,0,0,0,0,0,0,0,0,1,0,0,0,0,0,0,0,0,0,0,0,0,0,0,0,1,0,0,0,0,0,0,0,0,0,0,0,0,0,0,0,0,0,0,0,0,0,0,1,2,0,0,0,0,0,0,0,0,0,1,1,1,0,0,0,0,0,0,0,0,0,5,0,,,,,,,,,,,,,,,,,,,,,,,,,,,,,,,,,,,0,,,,
2405,Unscored (no condition data),PTrail,1209,1.0,,,,,,,,,29,2,1,,trails,368.503,Dirt,1,2,2,1,2,0,1,0,0,0,0,0,0,0,0,0,0,0,0,0,0,0,0,0,0,5,0,0,0,0,0,0,0,0,1,0,0,0,0,0,0,0,0,0,0,0,0,0,0,0,1,0,0,0,0,0,0,0,0,0,0,0,0,0,0,0,0,0,0,0,0,0,0,1,2,2,0,0,0,0,0,0,0,0,1,1,1,0,0,0,0,0,0,0,0,0,5,0,,,,,,,,,,,,,,,,,,,,,,,,,,,,,,,,,,,0,,,,
2406,Unscored (no condition data),PTrail,1210,1.0,,,,,,,,,28,2,1,,trails,158.059,Dirt,1,2,2,1,2,2,0,0,0,0,0,0,0,0,0,0,0,0,0,0,0,0,0,0,0,5,0,0,0,0,0,0,0,0,1,0,0,0,0,0,0,0,0,0,0,0,0,0,0,0,1,0,0,0,0,0,0,0,0,0,0,0,0,0,0,0,0,0,0,0,0,0,0,1,2,0,0,0,0,0,0,0,0,0,1,1,1,0,0,0,0,0,0,0,0,0,5,0,,,,,,,,,,,,,,,,,,,,,,,,,,,,,,,,,,,0,,,,
2407,Unscored (no condition data),PTrail,1211,1.0,,,,,,,,,29,2,1,,trails,76.569,Dirt,1,2,2,1,2,0,1,0,0,0,0,0,0,0,0,0,0,0,0,0,0,0,0,0,0,5,0,0,0,0,0,0,0,0,1,0,0,0,0,0,0,0,0,0,0,0,0,0,0,0,1,0,0,0,0,0,0,0,0,0,0,0,0,0,0,0,0,0,0,0,0,0,0,1,2,2,0,0,0,0,0,0,0,0,1,1,1,0,0,0,0,0,0,0,0,0,5,0,,,,,,,,,,,,,,,,,,,,,,,,,,,,,,,,,,,0,,,,
2408,Unscored (no condition data),PTrail,1212,1.0,,,,,,,,,29,2,1,,trails,17.751,Dirt,1,2,2,1,2,2,1,0,0,0,0,0,0,0,0,0,0,0,0,0,0,0,0,0,0,5,0,0,0,0,0,0,0,0,1,0,0,0,0,0,0,0,0,0,0,0,0,0,0,0,1,0,0,0,0,0,0,0,0,0,0,0,0,0,0,0,0,0,0,0,0,0,0,1,2,0,0,0,0,0,0,0,0,0,1,1,1,0,0,0,0,0,0,0,0,0,5,0,,,,,,,,,,,,,,,,,,,,,,,,,,,,,,,,,,,0,,,,
2409,Unscored (no condition data),PTrail,1213,1.0,,,,,,,,,29,2,1,,trails,32.703,Dirt,1,2,2,1,2,2,1,0,0,0,0,0,0,0,0,0,0,0,0,0,0,0,0,0,0,5,0,0,0,0,0,0,0,0,1,0,0,0,0,0,0,0,0,0,0,0,0,0,0,0,1,0,0,0,0,0,0,0,0,0,0,0,0,0,0,0,0,0,0,0,0,0,0,1,2,0,0,0,0,0,0,0,0,0,1,1,1,0,0,0,0,0,0,0,0,0,5,0,,,,,,,,,,,,,,,,,,,,,,,,,,,,,,,,,,,0,,,,
2410,Unscored (no condition data),PTrail,1214,1.0,,,,,,,,,24,1,1,,trails,69.485,Dirt,1,2,2,1,2,2,0,0,0,0,0,0,0,0,0,0,0,0,0,0,0,0,0,0,0,5,0,0,0,0,0,0,0,0,0,0,0,0,0,0,0,0,0,0,0,0,0,0,0,0,0,0,0,0,0,0,0,0,0,0,0,0,0,0,0,0,0,0,0,0,0,0,0,1,0,0,0,0,0,0,0,0,0,0,1,1,1,0,0,0,0,0,0,0,0,0,5,0,,,,,,,,,,,,,,,,,,,,,,,,,,,,,,,,,,,0,,,,
2411,Unscored (no condition data),PTrail,1218,1.0,,,,,,,,,23,1,1,,trails,66.483,Dirt,1,2,2,1,2,0,0,0,0,0,0,0,1,2,0,0,0,0,0,0,0,0,0,0,0,0,0,0,0,0,0,0,0,0,0,0,0,0,0,0,0,0,0,0,0,0,0,0,0,0,0,0,0,0,0,0,0,0,0,0,0,0,0,0,0,0,0,0,0,0,0,0,0,1,2,0,0,0,0,0,0,0,0,0,1,1,1,1,0,0,0,0,0,0,0,0,5,0,,,,,,,,,,,,,,,,,,,,,,,,,,,,,,,,,,,0,,,,
2412,Unscored (no condition data),PTrail,1219,1.0,,,,,,,,,21,1,1,,trails,39.622,Dirt,1,2,2,1,0,0,1,0,0,0,0,0,0,0,0,0,0,0,0,0,0,0,0,0,0,5,3,0,0,0,0,0,0,0,0,0,0,0,0,0,0,0,0,0,0,0,0,0,0,0,1,2,0,0,0,0,0,0,0,0,0,0,0,0,0,0,0,0,0,0,0,0,0,0,0,0,0,0,0,0,0,0,0,0,1,1,1,0,0,0,0,0,0,0,0,0,0,0,,,,,,,,,,,,,,,,,,,,,,,,,,,,,,,,,,,0,,,,
2413,Unscored (no condition data),PTrail,1220,1.0,,,,,,,,,18,1,1,,trails,348.886,Dirt,1,2,2,1,0,0,0,0,0,0,0,0,0,0,0,0,0,0,0,0,0,0,0,0,0,5,0,0,0,0,0,0,0,0,1,0,0,0,0,0,0,0,0,0,0,0,0,0,0,0,1,2,0,0,0,0,0,0,0,0,0,0,0,0,0,0,0,0,0,0,0,0,0,0,0,0,0,0,0,0,0,0,0,0,1,1,1,0,0,0,0,0,0,0,0,0,0,0,,,,,,,,,,,,,,,,,,,,,,,,,,,,,,,,,,,0,,,,
2414,Unscored (no condition data),PTrail,1222,1.0,,,,,,,,,21,1,1,,trails,100.867,Dirt,1,2,2,1,0,0,1,0,0,0,0,0,0,0,0,0,0,0,0,0,0,0,0,0,0,5,3,0,0,0,0,0,0,0,0,0,0,0,0,0,0,0,0,0,0,0,0,0,0,0,1,2,0,0,0,0,0,0,0,0,0,0,0,0,0,0,0,0,0,0,0,0,0,0,0,0,0,0,0,0,0,0,0,0,1,1,1,0,0,0,0,0,0,0,0,0,0,0,,,,,,,,,,,,,,,,,,,,,,,,,,,,,,,,,,,0,,,,
2415,Unscored (no condition data),PTrail,1223,1.0,,,,,,,,,18,1,1,,trails,84.826,Dirt,1,2,2,1,0,0,1,0,0,0,0,0,0,0,0,0,0,0,0,0,0,0,0,0,0,5,0,0,0,0,0,0,0,0,0,0,0,0,0,0,0,0,0,0,0,0,0,0,0,0,1,2,0,0,0,0,0,0,0,0,0,0,0,0,0,0,0,0,0,0,0,0,0,0,0,0,0,0,0,0,0,0,0,0,1,1,1,0,0,0,0,0,0,0,0,0,0,0,,,,,,,,,,,,,,,,,,,,,,,,,,,,,,,,,,,0,,,,
2416,Unscored (no condition data),PTrail,1224,1.0,,,,,,,,,17,1,1,,trails,740.034,Dirt,1,2,2,0,0,0,0,0,0,0,0,0,1,0,0,0,0,0,0,0,0,0,0,0,0,5,0,0,0,0,0,0,0,0,0,0,0,0,0,0,0,0,0,0,0,0,0,0,0,0,1,2,0,0,0,0,0,0,0,0,0,0,0,0,0,0,0,0,0,0,0,0,0,0,0,0,0,0,0,0,0,0,0,0,1,1,1,0,0,0,0,0,0,0,0,0,0,0,,,,,,,,,,,,,,,,,,,,,,,,,,,,,,,,,,,0,,,,
2417,Unscored (no condition data),PTrail,1225,1.0,,,,,,,,,16,1,1,,trails,704.213,Dirt,1,2,2,0,0,0,0,0,0,0,0,0,0,0,0,0,0,0,0,0,0,0,0,0,0,5,0,0,0,0,0,0,0,0,0,0,0,0,0,0,0,0,0,0,0,0,0,0,0,0,1,2,0,0,0,0,0,0,0,0,0,0,0,0,0,0,0,0,0,0,0,0,0,0,0,0,0,0,0,0,0,0,0,0,1,1,1,0,0,0,0,0,0,0,0,0,0,0,,,,,,,,,,,,,,,,,,,,,,,,,,,,,,,,,,,0,,,,
2418,Unscored (no condition data),PTrail,1226,1.0,,,,,,,,,16,1,1,,trails,275.202,Dirt,1,2,2,0,0,0,0,0,0,0,0,0,0,0,0,0,0,0,0,0,0,0,0,0,0,5,0,0,0,0,0,0,0,0,0,0,0,0,0,0,0,0,0,0,0,0,0,0,0,0,1,2,0,0,0,0,0,0,0,0,0,0,0,0,0,0,0,0,0,0,0,0,0,0,0,0,0,0,0,0,0,0,0,0,1,1,1,0,0,0,0,0,0,0,0,0,0,0,,,,,,,,,,,,,,,,,,,,,,,,,,,,,,,,,,,0,,,,
2419,Unscored (no condition data),PTrail,1227,1.0,,,,,,,,,19,1,1,,trails,78.332,Dirt,1,2,2,0,0,0,0,0,0,0,0,0,0,0,0,0,0,0,0,0,0,0,0,0,0,5,0,0,0,0,0,0,0,0,0,0,0,0,0,0,0,0,0,0,0,0,0,0,0,0,1,2,0,0,0,0,3,0,0,0,0,0,0,0,0,0,0,0,0,0,0,0,0,0,0,0,0,0,0,0,0,0,0,0,1,1,1,0,0,0,0,0,0,0,0,0,0,0,,,,,,,,,,,,,,,,,,,,,,,,,,,,,,,,,,,0,,,,
2420,Unscored (no condition data),PTrail,1228,1.0,,,,,,,,,21,1,1,,trails,265.962,Dirt,1,2,2,0,0,0,0,0,0,0,0,0,0,0,0,0,0,0,0,0,0,0,0,0,0,5,0,0,0,0,0,0,0,0,0,0,0,0,0,0,0,0,0,0,0,0,0,0,0,0,1,2,2,0,0,0,3,0,0,0,0,0,0,0,0,0,0,0,0,0,0,0,0,0,0,0,0,0,0,0,0,0,0,0,1,1,1,0,0,0,0,0,0,0,0,0,0,0,,,,,,,,,,,,,,,,,,,,,,,,,,,,,,,,,,,0,,,,
2421,Unscored (no condition data),PTrail,1235,1.0,,,,,,,,,16,1,1,,trails,315.889,Dirt,1,2,2,0,0,0,0,0,0,0,0,0,1,2,2,0,0,0,0,0,0,0,0,0,0,0,0,0,0,0,0,0,0,0,0,0,0,0,0,0,0,0,0,0,0,0,0,0,0,0,0,0,0,0,0,0,0,0,1,2,0,0,0,0,0,0,0,0,0,0,0,0,0,0,0,0,0,0,0,0,0,0,0,0,1,1,1,0,0,0,0,0,0,0,0,0,0,0,,,,,,,,,,,,,,,,,,,,,,,,,,,,,,,,,,,0,,,,
2422,Unscored (no condition data),PTrail,1236,1.0,,,,,,,,,11,1,1,,trails,1433.132,Dirt,1,2,0,0,0,0,0,0,0,0,0,0,1,2,2,0,0,0,0,0,0,0,0,0,0,0,0,0,0,0,0,0,0,0,0,0,0,0,0,0,0,0,0,0,0,0,0,0,0,0,0,0,0,0,0,0,0,0,0,0,0,0,0,0,0,0,0,0,0,0,0,0,0,0,0,0,0,0,0,0,0,0,0,0,1,1,1,0,0,0,0,0,0,0,0,0,0,0,,,,,,,,,,,,,,,,,,,,,,,,,,,,,,,,,,,0,,,,
2423,Unscored (no condition data),PTrail,1237,1.0,,,,,,,,,11,1,1,,trails,449.573,Dirt,1,2,0,0,0,0,0,0,0,0,0,0,1,2,2,0,0,0,0,0,0,0,0,0,0,0,0,0,0,0,0,0,0,0,0,0,0,0,0,0,0,0,0,0,0,0,0,0,0,0,0,0,0,0,0,0,0,0,0,0,0,0,0,0,0,0,0,0,0,0,0,0,0,0,0,0,0,0,0,0,0,0,0,0,1,1,1,0,0,0,0,0,0,0,0,0,0,0,,,,,,,,,,,,,,,,,,,,,,,,,,,,,,,,,,,0,,,,
2424,Unscored (no condition data),PTrail,1238,1.0,,,,,,,,,18,1,1,,trails,199.08,Dirt,1,2,2,0,0,0,0,0,0,0,0,0,1,2,2,0,0,0,0,0,0,0,0,0,0,0,0,0,0,0,0,0,0,0,0,0,0,0,0,0,0,0,0,0,0,0,0,0,0,0,0,0,0,0,0,0,0,0,1,2,2,0,0,0,0,0,0,0,0,0,0,0,0,0,0,0,0,0,0,0,0,0,0,0,1,1,1,0,0,0,0,0,0,0,0,0,0,0,,,,,,,,,,,,,,,,,,,,,,,,,,,,,,,,,,,0,,,,
2425,Unscored (no condition data),PTrail,1239,1.0,,,,,,,,,14,1,1,,trails,117.1,Dirt,1,2,2,0,0,0,0,0,0,0,0,0,1,2,2,0,0,0,0,0,0,0,0,0,0,0,0,0,0,0,0,0,0,0,0,0,0,0,0,0,0,0,0,0,0,0,0,0,0,0,0,0,0,0,0,0,0,0,1,0,0,0,0,0,0,0,0,0,0,0,0,0,0,0,0,0,0,0,0,0,0,0,0,0,1,1,1,0,0,0,0,0,0,0,0,0,0,0,,,,,,,,,,,,,,,,,,,,,,,,,,,,,,,,,,,0,,,,
2426,Unscored (no condition data),PTrail,1240,1.0,,,,,,,,,13,1,1,,trails,86.158,Dirt,1,2,2,0,0,0,0,0,0,0,0,0,1,2,2,0,0,0,0,0,0,0,0,0,0,0,0,0,0,0,0,0,0,0,0,0,0,0,0,0,0,0,0,0,0,0,0,0,0,0,0,0,0,0,0,0,0,0,0,0,0,0,0,0,0,0,0,0,0,0,0,0,0,0,0,0,0,0,0,0,0,0,0,0,1,1,1,0,0,0,0,0,0,0,0,0,0,0,,,,,,,,,,,,,,,,,,,,,,,,,,,,,,,,,,,0,,,,
2427,Unscored (no condition data),PTrail,1241,1.0,,,,,,,,,16,1,1,,trails,75.201,Dirt,1,2,2,0,0,0,0,0,0,0,0,0,1,2,2,0,0,0,0,0,0,0,0,0,0,0,0,0,0,0,0,0,0,0,0,0,0,0,0,0,0,0,0,0,0,0,0,0,0,0,0,0,0,0,0,0,0,0,1,2,0,0,0,0,0,0,0,0,0,0,0,0,0,0,0,0,0,0,0,0,0,0,0,0,1,1,1,0,0,0,0,0,0,0,0,0,0,0,,,,,,,,,,,,,,,,,,,,,,,,,,,,,,,,,,,0,,,,
2428,Unscored (no condition data),PTrail,1242,1.0,,,,,,,,,18,1,1,,trails,5097.687,Dirt,1,2,2,0,0,0,0,0,0,0,0,0,1,2,2,0,0,0,0,0,0,0,0,0,0,0,0,0,0,0,0,0,0,0,0,0,0,0,0,0,0,0,0,0,0,0,0,0,0,0,0,0,0,0,0,0,0,0,1,2,2,0,0,0,0,0,0,0,0,0,0,0,0,0,0,0,0,0,0,0,0,0,0,0,1,1,1,0,0,0,0,0,0,0,0,0,0,0,,,,,,,,,,,,,,,,,,,,,,,,,,,,,,,,,,,0,,,,
2429,Unscored (no condition data),PTrail,1243,1.0,,,,,,,,,6,1,1,,trails,1717.778,Dirt,0,0,0,0,0,0,0,0,0,0,0,0,1,2,0,0,0,0,0,0,0,0,0,0,0,0,0,0,0,0,0,0,0,0,0,0,0,0,0,0,0,0,0,0,0,0,0,0,0,0,0,0,0,0,0,0,0,0,0,0,0,0,0,0,0,0,0,0,0,0,0,0,0,0,0,0,0,0,0,0,0,0,0,0,1,1,1,0,0,0,0,0,0,0,0,0,0,0,,,,,,,,,,,,,,,,,,,,,,,,,,,,,,,,,,,0,,,,
2430,Unscored (no condition data),PTrail,1244,1.0,,,,,,,,,3,1,1,,trails,2646.794,Dirt,0,0,0,0,0,0,0,0,0,0,0,0,0,0,0,0,0,0,0,0,0,0,0,0,0,0,0,0,0,0,0,0,0,0,0,0,0,0,0,0,0,0,0,0,0,0,0,0,0,0,0,0,0,0,0,0,0,0,0,0,0,0,0,0,0,0,0,0,0,0,0,0,0,0,0,0,0,0,0,0,0,0,0,0,1,1,1,0,0,0,0,0,0,0,0,0,0,0,,,,,,,,,,,,,,,,,,,,,,,,,,,,,,,,,,,0,,,,
2431,Unscored (no condition data),PTrail,1245,1.0,,,,,,,,,3,1,1,,trails,1059.827,Dirt,0,0,0,0,0,0,0,0,0,0,0,0,0,0,0,0,0,0,0,0,0,0,0,0,0,0,0,0,0,0,0,0,0,0,0,0,0,0,0,0,0,0,0,0,0,0,0,0,0,0,0,0,0,0,0,0,0,0,0,0,0,0,0,0,0,0,0,0,0,0,0,0,0,0,0,0,0,0,0,0,0,0,0,0,1,1,1,0,0,0,0,0,0,0,0,0,0,0,,,,,,,,,,,,,,,,,,,,,,,,,,,,,,,,,,,0,,,,
2432,Unscored (no condition data),PTrail,1246,1.0,,,,,,,,,18,1,1,,trails,2578.313,Dirt,1,2,2,0,0,0,0,0,0,0,0,0,1,2,2,0,0,0,0,0,0,0,0,0,0,0,0,0,0,0,0,0,0,0,0,0,0,0,0,0,0,0,0,0,0,0,0,0,0,0,0,0,0,0,0,0,0,0,1,2,2,0,0,0,0,0,0,0,0,0,0,0,0,0,0,0,0,0,0,0,0,0,0,0,1,1,1,0,0,0,0,0,0,0,0,0,0,0,,,,,,,,,,,,,,,,,,,,,,,,,,,,,,,,,,,0,,,,
2433,Unscored (no condition data),PTrail,1247,1.0,,,,,,,,,13,1,1,,trails,429.851,Dirt,1,2,2,0,0,0,0,0,0,0,0,0,1,2,2,0,0,0,0,0,0,0,0,0,0,0,0,0,0,0,0,0,0,0,0,0,0,0,0,0,0,0,0,0,0,0,0,0,0,0,0,0,0,0,0,0,0,0,0,0,0,0,0,0,0,0,0,0,0,0,0,0,0,0,0,0,0,0,0,0,0,0,0,0,1,1,1,0,0,0,0,0,0,0,0,0,0,0,,,,,,,,,,,,,,,,,,,,,,,,,,,,,,,,,,,0,,,,
2434,Unscored (no condition data),PTrail,1248,1.0,,,,,,,,,13,1,1,,trails,1030.523,Dirt,1,2,2,0,0,0,0,0,0,0,0,0,1,2,2,0,0,0,0,0,0,0,0,0,0,0,0,0,0,0,0,0,0,0,0,0,0,0,0,0,0,0,0,0,0,0,0,0,0,0,0,0,0,0,0,0,0,0,0,0,0,0,0,0,0,0,0,0,0,0,0,0,0,0,0,0,0,0,0,0,0,0,0,0,1,1,1,0,0,0,0,0,0,0,0,0,0,0,,,,,,,,,,,,,,,,,,,,,,,,,,,,,,,,,,,0,,,,
2435,Unscored (no condition data),PTrail,1249,1.0,,,,,,,,,8,1,1,,trails,1364.852,Dirt,0,0,0,0,0,0,0,0,0,0,0,0,1,2,2,0,0,0,0,0,0,0,0,0,0,0,0,0,0,0,0,0,0,0,0,0,0,0,0,0,0,0,0,0,0,0,0,0,0,0,0,0,0,0,0,0,0,0,0,0,0,0,0,0,0,0,0,0,0,0,0,0,0,0,0,0,0,0,0,0,0,0,0,0,1,1,1,0,0,0,0,0,0,0,0,0,0,0,,,,,,,,,,,,,,,,,,,,,,,,,,,,,,,,,,,0,,,,
2436,Unscored (no condition data),PTrail,1250,1.0,,,,,,,,,11,1,1,,trails,959.1,Dirt,1,2,0,0,0,0,0,0,0,0,0,0,1,2,2,0,0,0,0,0,0,0,0,0,0,0,0,0,0,0,0,0,0,0,0,0,0,0,0,0,0,0,0,0,0,0,0,0,0,0,0,0,0,0,0,0,0,0,0,0,0,0,0,0,0,0,0,0,0,0,0,0,0,0,0,0,0,0,0,0,0,0,0,0,1,1,1,0,0,0,0,0,0,0,0,0,0,0,,,,,,,,,,,,,,,,,,,,,,,,,,,,,,,,,,,0,,,,
2437,Unscored (no condition data),PTrail,1251,1.0,,,,,,,,,8,1,1,,trails,1415.527,Dirt,0,0,0,0,0,0,0,0,0,0,0,0,1,2,2,0,0,0,0,0,0,0,0,0,0,0,0,0,0,0,0,0,0,0,0,0,0,0,0,0,0,0,0,0,0,0,0,0,0,0,0,0,0,0,0,0,0,0,0,0,0,0,0,0,0,0,0,0,0,0,0,0,0,0,0,0,0,0,0,0,0,0,0,0,1,1,1,0,0,0,0,0,0,0,0,0,0,0,,,,,,,,,,,,,,,,,,,,,,,,,,,,,,,,,,,0,,,,
2438,Unscored (no condition data),PTrail,1252,1.0,,,,,,,,,13,1,1,,trails,2035.687,Dirt,1,2,2,0,0,0,0,0,0,0,0,0,1,2,2,0,0,0,0,0,0,0,0,0,0,0,0,0,0,0,0,0,0,0,0,0,0,0,0,0,0,0,0,0,0,0,0,0,0,0,0,0,0,0,0,0,0,0,0,0,0,0,0,0,0,0,0,0,0,0,0,0,0,0,0,0,0,0,0,0,0,0,0,0,1,1,1,0,0,0,0,0,0,0,0,0,0,0,,,,,,,,,,,,,,,,,,,,,,,,,,,,,,,,,,,0,,,,
2439,Unscored (no condition data),PTrail,1253,1.0,,,,,,,,,11,1,1,,trails,179.012,Dirt,1,2,0,0,0,0,0,0,0,0,0,0,1,2,2,0,0,0,0,0,0,0,0,0,0,0,0,0,0,0,0,0,0,0,0,0,0,0,0,0,0,0,0,0,0,0,0,0,0,0,0,0,0,0,0,0,0,0,0,0,0,0,0,0,0,0,0,0,0,0,0,0,0,0,0,0,0,0,0,0,0,0,0,0,1,1,1,0,0,0,0,0,0,0,0,0,0,0,,,,,,,,,,,,,,,,,,,,,,,,,,,,,,,,,,,0,,,,
2440,Unscored (no condition data),PTrail,1254,1.0,,,,,,,,,9,1,1,,trails,188.384,Dirt,1,0,0,0,0,0,0,0,0,0,0,0,1,2,2,0,0,0,0,0,0,0,0,0,0,0,0,0,0,0,0,0,0,0,0,0,0,0,0,0,0,0,0,0,0,0,0,0,0,0,0,0,0,0,0,0,0,0,0,0,0,0,0,0,0,0,0,0,0,0,0,0,0,0,0,0,0,0,0,0,0,0,0,0,1,1,1,0,0,0,0,0,0,0,0,0,0,0,,,,,,,,,,,,,,,,,,,,,,,,,,,,,,,,,,,0,,,,
2441,Unscored (no condition data),PTrail,1255,1.0,,,,,,,,,8,1,1,,trails,804.566,Dirt,0,0,0,0,0,0,0,0,0,0,0,0,1,2,2,0,0,0,0,0,0,0,0,0,0,0,0,0,0,0,0,0,0,0,0,0,0,0,0,0,0,0,0,0,0,0,0,0,0,0,0,0,0,0,0,0,0,0,0,0,0,0,0,0,0,0,0,0,0,0,0,0,0,0,0,0,0,0,0,0,0,0,0,0,1,1,1,0,0,0,0,0,0,0,0,0,0,0,,,,,,,,,,,,,,,,,,,,,,,,,,,,,,,,,,,0,,,,
2442,Unscored (no condition data),PTrail,1256,1.0,,,,,,,,,18,1,1,,trails,1383.181,Dirt,1,2,2,0,0,0,0,0,0,0,0,0,1,2,2,0,0,0,0,0,0,0,0,0,0,0,0,0,0,0,0,0,0,0,0,0,0,0,0,0,0,0,0,0,0,0,0,0,0,0,0,0,0,0,0,0,0,0,1,2,2,0,0,0,0,0,0,0,0,0,0,0,0,0,0,0,0,0,0,0,0,0,0,0,1,1,1,0,0,0,0,0,0,0,0,0,0,0,,,,,,,,,,,,,,,,,,,,,,,,,,,,,,,,,,,0,,,,
2443,Unscored (no condition data),PTrail,1257,1.0,,,,,,,,,12,1,1,,trails,43.128,Dirt,1,2,0,0,0,0,0,0,0,0,0,0,1,2,2,0,0,0,0,0,0,0,0,0,0,0,0,0,0,0,0,0,0,0,0,0,0,0,0,0,0,0,0,0,0,0,0,0,0,0,0,0,0,0,0,0,0,0,1,0,0,0,0,0,0,0,0,0,0,0,0,0,0,0,0,0,0,0,0,0,0,0,0,0,1,1,1,0,0,0,0,0,0,0,0,0,0,0,,,,,,,,,,,,,,,,,,,,,,,,,,,,,,,,,,,0,,,,
2444,Unscored (no condition data),PTrail,1259,1.0,,,,,,,,,12,1,1,,trails,23.095,Dirt,1,2,0,0,0,0,0,0,0,0,0,0,1,2,2,0,0,0,0,0,0,0,0,0,0,0,0,0,0,0,0,0,0,0,0,0,0,0,0,0,0,0,0,0,0,0,0,0,0,0,0,0,0,0,0,0,0,0,1,0,0,0,0,0,0,0,0,0,0,0,0,0,0,0,0,0,0,0,0,0,0,0,0,0,1,1,1,0,0,0,0,0,0,0,0,0,0,0,,,,,,,,,,,,,,,,,,,,,,,,,,,,,,,,,,,0,,,,
2445,Unscored (no condition data),PTrail,1260,1.0,,,,,,,,,16,1,1,,trails,78.476,Dirt,1,2,2,0,0,0,0,0,0,0,0,0,1,2,2,0,0,0,0,0,0,0,0,0,0,0,0,0,0,0,0,0,0,0,0,0,0,0,0,0,0,0,0,0,0,0,0,0,0,0,0,0,0,0,0,0,0,0,1,2,0,0,0,0,0,0,0,0,0,0,0,0,0,0,0,0,0,0,0,0,0,0,0,0,1,1,1,0,0,0,0,0,0,0,0,0,0,0,,,,,,,,,,,,,,,,,,,,,,,,,,,,,,,,,,,0,,,,
2446,Unscored (no condition data),PTrail,1261,1.0,,,,,,,,,12,1,1,,trails,161.033,Dirt,1,2,0,0,0,0,0,0,0,0,0,0,1,2,2,0,0,0,0,0,0,0,0,0,0,0,0,0,0,0,0,0,0,0,0,0,0,0,0,0,0,0,0,0,0,0,0,0,0,0,0,0,0,0,0,0,0,0,1,0,0,0,0,0,0,0,0,0,0,0,0,0,0,0,0,0,0,0,0,0,0,0,0,0,1,1,1,0,0,0,0,0,0,0,0,0,0,0,,,,,,,,,,,,,,,,,,,,,,,,,,,,,,,,,,,0,,,,
2447,Unscored (no condition data),PTrail,1262,1.0,,,,,,,,,9,1,1,,trails,34.269,Dirt,1,0,0,0,0,0,0,0,0,0,0,0,1,2,2,0,0,0,0,0,0,0,0,0,0,0,0,0,0,0,0,0,0,0,0,0,0,0,0,0,0,0,0,0,0,0,0,0,0,0,0,0,0,0,0,0,0,0,0,0,0,0,0,0,0,0,0,0,0,0,0,0,0,0,0,0,0,0,0,0,0,0,0,0,1,1,1,0,0,0,0,0,0,0,0,0,0,0,,,,,,,,,,,,,,,,,,,,,,,,,,,,,,,,,,,0,,,,
2448,Unscored (no condition data),PTrail,1263,1.0,,,,,,,,,16,1,1,,trails,694.319,Dirt,1,2,2,0,0,0,0,0,0,0,0,0,1,2,2,0,0,0,0,0,0,0,0,0,0,0,0,0,0,0,0,0,0,0,0,0,0,0,0,0,0,0,0,0,0,0,0,0,0,0,0,0,0,0,0,0,0,0,1,2,0,0,0,0,0,0,0,0,0,0,0,0,0,0,0,0,0,0,0,0,0,0,0,0,1,1,1,0,0,0,0,0,0,0,0,0,0,0,,,,,,,,,,,,,,,,,,,,,,,,,,,,,,,,,,,0,,,,
2449,Unscored (no condition data),PTrail,1264,1.0,,,,,,,,,11,1,1,,trails,136.712,Dirt,0,0,0,0,0,0,0,0,0,0,0,0,1,2,2,0,0,0,0,0,0,0,0,0,0,0,3,0,0,0,0,0,0,0,0,0,0,0,0,0,0,0,0,0,0,0,0,0,0,0,0,0,0,0,0,0,0,0,0,0,0,0,0,0,0,0,0,0,0,0,0,0,0,0,0,0,0,0,0,0,0,0,0,0,1,1,1,0,0,0,0,0,0,0,0,0,0,0,,,,,,,,,,,,,,,,,,,,,,,,,,,,,,,,,,,0,,,,
2450,Unscored (no condition data),PTrail,1265,1.0,,,,,,,,,16,1,1,,trails,216.139,Dirt,1,2,2,0,0,0,0,0,0,0,0,0,1,2,2,0,0,0,0,0,0,0,0,0,0,0,0,0,0,0,0,0,0,0,0,0,0,0,0,0,0,0,0,0,0,0,0,0,0,0,0,0,0,0,0,0,0,0,1,2,0,0,0,0,0,0,0,0,0,0,0,0,0,0,0,0,0,0,0,0,0,0,0,0,1,1,1,0,0,0,0,0,0,0,0,0,0,0,,,,,,,,,,,,,,,,,,,,,,,,,,,,,,,,,,,0,,,,
2451,Unscored (no condition data),PTrail,1266,1.0,,,,,,,,,16,1,1,,trails,135.135,Dirt,1,2,2,0,0,0,0,0,0,0,0,0,1,2,2,0,0,0,0,0,0,0,0,0,0,0,0,0,0,0,0,0,0,0,0,0,0,0,0,0,0,0,0,0,0,0,0,0,0,0,0,0,0,0,0,0,0,0,1,2,0,0,0,0,0,0,0,0,0,0,0,0,0,0,0,0,0,0,0,0,0,0,0,0,1,1,1,0,0,0,0,0,0,0,0,0,0,0,,,,,,,,,,,,,,,,,,,,,,,,,,,,,,,,,,,0,,,,
2452,Unscored (no condition data),PTrail,1267,1.0,,,,,,,,,19,1,1,,trails,2325.048,Dirt,1,2,2,0,0,0,0,0,0,0,0,0,1,2,2,0,0,0,0,0,0,0,0,0,0,0,3,0,0,0,0,0,0,0,0,0,0,0,0,0,0,0,0,0,0,0,0,0,0,0,0,0,0,0,0,0,0,0,1,2,0,0,0,0,0,0,0,0,0,0,0,0,0,0,0,0,0,0,0,0,0,0,0,0,1,1,1,0,0,0,0,0,0,0,0,0,0,0,,,,,,,,,,,,,,,,,,,,,,,,,,,,,,,,,,,0,,,,
2453,Unscored (no condition data),PTrail,1268,1.0,,,,,,,,,11,1,1,,trails,668.338,Dirt,1,2,0,0,0,0,0,0,0,0,0,0,1,2,2,0,0,0,0,0,0,0,0,0,0,0,0,0,0,0,0,0,0,0,0,0,0,0,0,0,0,0,0,0,0,0,0,0,0,0,0,0,0,0,0,0,0,0,0,0,0,0,0,0,0,0,0,0,0,0,0,0,0,0,0,0,0,0,0,0,0,0,0,0,1,1,1,0,0,0,0,0,0,0,0,0,0,0,,,,,,,,,,,,,,,,,,,,,,,,,,,,,,,,,,,0,,,,
2454,Unscored (no condition data),PTrail,1269,1.0,,,,,,,,,16,1,1,,trails,430.102,Dirt,1,2,2,0,0,0,0,0,0,0,0,0,1,2,2,0,0,0,0,0,0,0,0,0,0,0,0,0,0,0,0,0,0,0,0,0,0,0,0,0,0,0,0,0,0,0,0,0,0,0,0,0,0,0,0,0,0,0,1,2,0,0,0,0,0,0,0,0,0,0,0,0,0,0,0,0,0,0,0,0,0,0,0,0,1,1,1,0,0,0,0,0,0,0,0,0,0,0,,,,,,,,,,,,,,,,,,,,,,,,,,,,,,,,,,,0,,,,
2455,Unscored (no condition data),PTrail,1270,1.0,,,,,,,,,12,1,1,,trails,197.648,Dirt,1,2,0,0,0,0,0,0,0,0,0,0,1,2,2,0,0,0,0,0,0,0,0,0,0,0,0,0,0,0,0,0,0,0,0,0,0,0,0,0,0,0,0,0,0,0,0,0,0,0,0,0,0,0,0,0,0,0,1,0,0,0,0,0,0,0,0,0,0,0,0,0,0,0,0,0,0,0,0,0,0,0,0,0,1,1,1,0,0,0,0,0,0,0,0,0,0,0,,,,,,,,,,,,,,,,,,,,,,,,,,,,,,,,,,,0,,,,
2456,Unscored (no condition data),PTrail,1271,1.0,,,,,,,,,8,1,1,,trails,1647.872,Dirt,0,0,0,0,0,0,0,0,0,0,0,0,1,2,2,0,0,0,0,0,0,0,0,0,0,0,0,0,0,0,0,0,0,0,0,0,0,0,0,0,0,0,0,0,0,0,0,0,0,0,0,0,0,0,0,0,0,0,0,0,0,0,0,0,0,0,0,0,0,0,0,0,0,0,0,0,0,0,0,0,0,0,0,0,1,1,1,0,0,0,0,0,0,0,0,0,0,0,,,,,,,,,,,,,,,,,,,,,,,,,,,,,,,,,,,0,,,,
2457,Unscored (no condition data),PTrail,1272,1.0,,,,,,,,,16,1,1,,trails,159.93,Dirt,1,2,2,0,0,0,0,0,0,0,0,0,1,2,2,0,0,0,0,0,0,0,0,0,0,0,0,0,0,0,0,0,0,0,0,0,0,0,0,0,0,0,0,0,0,0,0,0,0,0,0,0,0,0,0,0,0,0,1,2,0,0,0,0,0,0,0,0,0,0,0,0,0,0,0,0,0,0,0,0,0,0,0,0,1,1,1,0,0,0,0,0,0,0,0,0,0,0,,,,,,,,,,,,,,,,,,,,,,,,,,,,,,,,,,,0,,,,
2458,Unscored (no condition data),PTrail,1273,1.0,,,,,,,,,8,1,1,,trails,794.185,Dirt,0,0,0,0,0,0,0,0,0,0,0,0,1,2,2,0,0,0,0,0,0,0,0,0,0,0,0,0,0,0,0,0,0,0,0,0,0,0,0,0,0,0,0,0,0,0,0,0,0,0,0,0,0,0,0,0,0,0,0,0,0,0,0,0,0,0,0,0,0,0,0,0,0,0,0,0,0,0,0,0,0,0,0,0,1,1,1,0,0,0,0,0,0,0,0,0,0,0,,,,,,,,,,,,,,,,,,,,,,,,,,,,,,,,,,,0,,,,
2459,Unscored (no condition data),PTrail,1274,1.0,,,,,,,,,11,1,1,,trails,201.325,Dirt,1,2,0,0,0,0,0,0,0,0,0,0,1,2,2,0,0,0,0,0,0,0,0,0,0,0,0,0,0,0,0,0,0,0,0,0,0,0,0,0,0,0,0,0,0,0,0,0,0,0,0,0,0,0,0,0,0,0,0,0,0,0,0,0,0,0,0,0,0,0,0,0,0,0,0,0,0,0,0,0,0,0,0,0,1,1,1,0,0,0,0,0,0,0,0,0,0,0,,,,,,,,,,,,,,,,,,,,,,,,,,,,,,,,,,,0,,,,
2460,Unscored (no condition data),PTrail,1275,1.0,,,,,,,,,16,1,1,,trails,1923.734,Dirt,1,2,2,0,0,0,0,0,0,0,0,0,1,2,2,0,0,0,0,0,0,0,0,0,0,0,0,0,0,0,0,0,0,0,0,0,0,0,0,0,0,0,0,0,0,0,0,0,0,0,0,0,0,0,0,0,0,0,1,2,0,0,0,0,0,0,0,0,0,0,0,0,0,0,0,0,0,0,0,0,0,0,0,0,1,1,1,0,0,0,0,0,0,0,0,0,0,0,,,,,,,,,,,,,,,,,,,,,,,,,,,,,,,,,,,0,,,,
2461,Unscored (no condition data),PTrail,1276,1.0,,,,,,,,,8,1,1,,trails,58.506,Dirt,0,0,0,0,0,0,0,0,0,0,0,0,1,2,2,0,0,0,0,0,0,0,0,0,0,0,0,0,0,0,0,0,0,0,0,0,0,0,0,0,0,0,0,0,0,0,0,0,0,0,0,0,0,0,0,0,0,0,0,0,0,0,0,0,0,0,0,0,0,0,0,0,0,0,0,0,0,0,0,0,0,0,0,0,1,1,1,0,0,0,0,0,0,0,0,0,0,0,,,,,,,,,,,,,,,,,,,,,,,,,,,,,,,,,,,0,,,,
2462,Unscored (no condition data),PTrail,1277,1.0,,,,,,,,,17,1,1,,trails,163.338,Dirt,1,2,0,0,0,0,0,0,0,0,0,0,1,2,2,0,0,0,0,0,0,0,0,0,0,0,3,0,0,0,0,0,0,0,0,0,0,0,0,0,0,0,0,0,0,0,0,0,0,0,0,0,0,0,0,0,0,0,1,2,0,0,0,0,0,0,0,0,0,0,0,0,0,0,0,0,0,0,0,0,0,0,0,0,1,1,1,0,0,0,0,0,0,0,0,0,0,0,,,,,,,,,,,,,,,,,,,,,,,,,,,,,,,,,,,0,,,,
2463,Unscored (no condition data),PTrail,1279,1.0,,,,,,,,,18,1,1,,trails,205.432,Dirt,1,2,2,0,0,0,0,0,0,0,0,0,1,2,2,0,0,0,0,0,0,0,0,0,0,0,0,0,0,0,0,0,0,0,0,0,0,0,0,0,0,0,0,0,0,0,0,0,0,0,0,0,0,0,0,0,0,0,1,2,2,0,0,0,0,0,0,0,0,0,0,0,0,0,0,0,0,0,0,0,0,0,0,0,1,1,1,0,0,0,0,0,0,0,0,0,0,0,,,,,,,,,,,,,,,,,,,,,,,,,,,,,,,,,,,0,,,,
2464,Unscored (no condition data),PTrail,1280,1.0,,,,,,,,,16,1,1,,trails,56.117,Dirt,1,2,2,0,0,0,0,0,0,0,0,0,1,2,2,0,0,0,0,0,0,0,0,0,0,0,0,0,0,0,0,0,0,0,0,0,0,0,0,0,0,0,0,0,0,0,0,0,0,0,0,0,0,0,0,0,0,0,1,2,0,0,0,0,0,0,0,0,0,0,0,0,0,0,0,0,0,0,0,0,0,0,0,0,1,1,1,0,0,0,0,0,0,0,0,0,0,0,,,,,,,,,,,,,,,,,,,,,,,,,,,,,,,,,,,0,,,,
2465,Unscored (no condition data),PTrail,1281,1.0,,,,,,,,,18,1,1,,trails,130.477,Dirt,1,2,2,0,0,0,0,0,0,0,0,0,1,2,2,0,0,0,0,0,0,0,0,0,0,0,0,0,0,0,0,0,0,0,0,0,0,0,0,0,0,0,0,0,0,0,0,0,0,0,0,0,0,0,0,0,0,0,1,2,2,0,0,0,0,0,0,0,0,0,0,0,0,0,0,0,0,0,0,0,0,0,0,0,1,1,1,0,0,0,0,0,0,0,0,0,0,0,,,,,,,,,,,,,,,,,,,,,,,,,,,,,,,,,,,0,,,,
2466,Unscored (no condition data),PTrail,1282,1.0,,,,,,,,,13,1,1,,trails,131.721,Dirt,1,2,2,0,0,0,0,0,0,0,0,0,1,2,2,0,0,0,0,0,0,0,0,0,0,0,0,0,0,0,0,0,0,0,0,0,0,0,0,0,0,0,0,0,0,0,0,0,0,0,0,0,0,0,0,0,0,0,0,0,0,0,0,0,0,0,0,0,0,0,0,0,0,0,0,0,0,0,0,0,0,0,0,0,1,1,1,0,0,0,0,0,0,0,0,0,0,0,,,,,,,,,,,,,,,,,,,,,,,,,,,,,,,,,,,0,,,,
2467,Unscored (no condition data),PTrail,1283,1.0,,,,,,,,,6,1,1,,trails,1767.629,Dirt,0,0,0,0,0,0,0,0,0,0,0,0,1,2,0,0,0,0,0,0,0,0,0,0,0,0,0,0,0,0,0,0,0,0,0,0,0,0,0,0,0,0,0,0,0,0,0,0,0,0,0,0,0,0,0,0,0,0,0,0,0,0,0,0,0,0,0,0,0,0,0,0,0,0,0,0,0,0,0,0,0,0,0,0,1,1,1,0,0,0,0,0,0,0,0,0,0,0,,,,,,,,,,,,,,,,,,,,,,,,,,,,,,,,,,,0,,,,
2468,Unscored (no condition data),PTrail,1284,1.0,,,,,,,,,13,1,1,,trails,1066.665,Dirt,1,2,2,0,0,0,0,0,0,0,0,0,1,2,2,0,0,0,0,0,0,0,0,0,0,0,0,0,0,0,0,0,0,0,0,0,0,0,0,0,0,0,0,0,0,0,0,0,0,0,0,0,0,0,0,0,0,0,0,0,0,0,0,0,0,0,0,0,0,0,0,0,0,0,0,0,0,0,0,0,0,0,0,0,1,1,1,0,0,0,0,0,0,0,0,0,0,0,,,,,,,,,,,,,,,,,,,,,,,,,,,,,,,,,,,0,,,,
2469,Unscored (no condition data),PTrail,1285,1.0,,,,,,,,,11,1,1,,trails,542.88,Dirt,1,2,0,0,0,0,0,0,0,0,0,0,1,2,2,0,0,0,0,0,0,0,0,0,0,0,0,0,0,0,0,0,0,0,0,0,0,0,0,0,0,0,0,0,0,0,0,0,0,0,0,0,0,0,0,0,0,0,0,0,0,0,0,0,0,0,0,0,0,0,0,0,0,0,0,0,0,0,0,0,0,0,0,0,1,1,1,0,0,0,0,0,0,0,0,0,0,0,,,,,,,,,,,,,,,,,,,,,,,,,,,,,,,,,,,0,,,,
2470,Unscored (no condition data),PTrail,1286,1.0,,,,,,,,,16,1,1,,trails,389.151,Dirt,1,2,2,0,0,0,0,0,0,0,0,0,1,2,2,0,0,0,0,0,0,0,0,0,0,0,0,0,0,0,0,0,0,0,0,0,0,0,0,0,0,0,0,0,0,0,0,0,0,0,0,0,0,0,0,0,0,0,1,2,0,0,0,0,0,0,0,0,0,0,0,0,0,0,0,0,0,0,0,0,0,0,0,0,1,1,1,0,0,0,0,0,0,0,0,0,0,0,,,,,,,,,,,,,,,,,,,,,,,,,,,,,,,,,,,0,,,,
2471,Unscored (no condition data),PTrail,1287,1.0,,,,,,,,,8,1,1,,trails,937.54,Dirt,0,0,0,0,0,0,0,0,0,0,0,0,1,2,2,0,0,0,0,0,0,0,0,0,0,0,0,0,0,0,0,0,0,0,0,0,0,0,0,0,0,0,0,0,0,0,0,0,0,0,0,0,0,0,0,0,0,0,0,0,0,0,0,0,0,0,0,0,0,0,0,0,0,0,0,0,0,0,0,0,0,0,0,0,1,1,1,0,0,0,0,0,0,0,0,0,0,0,,,,,,,,,,,,,,,,,,,,,,,,,,,,,,,,,,,0,,,,
2472,Unscored (no condition data),PTrail,1288,1.0,,,,,,,,,16,1,1,,trails,642.328,Dirt,1,2,2,0,0,0,0,0,0,0,0,0,1,2,2,0,0,0,0,0,0,0,0,0,0,0,0,0,0,0,0,0,0,0,0,0,0,0,0,0,0,0,0,0,0,0,0,0,0,0,0,0,0,0,0,0,0,0,1,2,0,0,0,0,0,0,0,0,0,0,0,0,0,0,0,0,0,0,0,0,0,0,0,0,1,1,1,0,0,0,0,0,0,0,0,0,0,0,,,,,,,,,,,,,,,,,,,,,,,,,,,,,,,,,,,0,,,,
2473,Unscored (no condition data),PTrail,1289,1.0,,,,,,,,,16,1,1,,trails,642.328,Dirt,1,2,2,0,0,0,0,0,0,0,0,0,1,2,2,0,0,0,0,0,0,0,0,0,0,0,0,0,0,0,0,0,0,0,0,0,0,0,0,0,0,0,0,0,0,0,0,0,0,0,0,0,0,0,0,0,0,0,1,2,0,0,0,0,0,0,0,0,0,0,0,0,0,0,0,0,0,0,0,0,0,0,0,0,1,1,1,0,0,0,0,0,0,0,0,0,0,0,,,,,,,,,,,,,,,,,,,,,,,,,,,,,,,,,,,0,,,,
2474,Unscored (no condition data),PTrail,1290,1.0,,,,,,,,,21,1,1,,trails,519.784,Dirt,1,2,2,0,0,0,0,0,0,0,0,0,1,2,2,0,0,0,0,0,0,0,0,0,0,0,3,0,0,0,0,0,0,0,0,0,0,0,0,0,0,0,0,0,0,0,0,0,0,0,0,0,0,0,0,0,0,0,1,2,2,0,0,0,0,0,0,0,0,0,0,0,0,0,0,0,0,0,0,0,0,0,0,0,1,1,1,0,0,0,0,0,0,0,0,0,0,0,,,,,,,,,,,,,,,,,,,,,,,,,,,,,,,,,,,0,,,,
2475,Unscored (no condition data),PTrail,1295,1.0,,,,,,,,,18,1,1,,trails,135.788,Dirt,1,2,2,0,0,0,0,0,0,0,0,0,0,0,0,0,0,0,0,0,0,0,0,0,0,5,0,0,0,0,0,0,0,0,0,0,0,0,0,0,0,0,0,0,0,0,0,0,0,0,0,0,0,0,0,0,0,0,0,0,0,0,0,0,0,0,0,0,0,0,0,0,0,0,0,0,0,0,0,0,0,0,0,0,1,1,1,0,0,0,0,0,0,0,0,0,5,0,,,,,,,,,,,,,,,,,,,,,,,,,,,,,,,,,,,0,,,,
2476,Unscored (no condition data),PTrail,1296,1.0,,,,,,,,,18,1,1,,trails,58.862,Dirt,1,2,2,0,0,0,0,0,0,0,0,0,0,0,0,0,0,0,0,0,0,0,0,0,0,5,0,0,0,0,0,0,0,0,0,0,0,0,0,0,0,0,0,0,0,0,0,0,0,0,0,0,0,0,0,0,0,0,0,0,0,0,0,0,0,0,0,0,0,0,0,0,0,0,0,0,0,0,0,0,0,0,0,0,1,1,1,0,0,0,0,0,0,0,0,0,5,0,,,,,,,,,,,,,,,,,,,,,,,,,,,,,,,,,,,0,,,,
2477,Unscored (no condition data),PTrail,1305,1.0,,,,,,,,,26,1,1,,trails,246.593,Dirt,1,2,2,1,2,2,0,0,0,0,0,0,0,0,0,0,0,0,0,0,0,0,0,0,0,5,0,0,0,0,0,0,0,0,0,0,0,0,0,0,0,0,0,0,0,0,0,0,0,0,0,0,0,0,0,0,0,0,0,0,0,0,0,0,0,0,0,0,0,0,0,0,0,1,2,0,0,0,0,0,0,0,0,0,1,1,1,0,0,0,0,0,0,0,0,0,5,0,,,,,,,,,,,,,,,,,,,,,,,,,,,,,,,,,,,0,,,,
2478,Unscored (no condition data),PTrail,1306,1.0,,,,,,,,,22,1,1,,trails,215.513,Dirt,1,2,2,1,2,0,0,0,0,0,0,0,0,0,0,0,0,0,0,0,0,0,0,0,0,5,0,0,0,0,0,0,0,0,0,0,0,0,0,0,0,0,0,0,0,0,0,0,0,0,0,0,0,0,0,0,0,0,0,0,0,0,0,0,0,0,0,0,0,0,0,0,0,1,0,0,0,0,0,0,0,0,0,0,1,1,1,0,0,0,0,0,0,0,0,0,5,0,,,,,,,,,,,,,,,,,,,,,,,,,,,,,,,,,,,0,,,,
2479,Unscored (no condition data),PTrail,23071,1.0,,,,,,,,,25,1,1,,trails,126.35,Gravel,1,2,2,0,0,0,0,0,0,0,0,0,1,2,0,0,0,0,0,0,0,0,0,0,0,5,0,2,0,0,0,0,0,0,0,0,0,0,0,0,0,0,0,0,0,0,0,0,0,0,0,0,0,0,0,0,0,1,0,0,0,0,0,0,0,0,0,0,0,0,0,0,0,0,0,0,1,0,0,0,0,0,0,0,1,1,1,0,0,0,0,0,0,0,0,0,5,0,,,,,,,,,,,,,,,,,,,,,,,,,,,,,,,,,,,0,,,,
2480,Unscored (no condition data),PTrail,23072,1.0,,,,,,,,,24,1,1,,trails,24.753,Gravel,1,2,2,0,0,0,0,0,0,0,0,0,1,2,0,0,0,0,0,0,0,0,0,0,0,5,0,2,0,0,0,0,0,0,0,0,0,0,0,0,0,0,0,0,0,0,0,0,0,0,0,0,0,0,0,0,0,0,0,0,0,0,0,0,0,0,0,0,0,0,0,0,0,0,0,0,1,0,0,0,0,0,0,0,1,1,1,0,0,0,0,0,0,0,0,0,5,0,,,,,,,,,,,,,,,,,,,,,,,,,,,,,,,,,,,0,,,,
2481,Unscored (no condition data),PTrail,23073,1.0,,,,,,,,,10,1,1,,trails,96.416,Dirt,1,2,2,0,0,0,0,0,0,0,0,0,1,0,0,0,0,0,1,0,0,0,0,0,0,0,0,0,0,0,0,0,0,0,0,0,0,0,0,0,0,0,0,0,0,0,0,0,0,0,0,0,0,0,0,0,0,0,0,0,0,0,0,0,0,0,0,0,0,0,0,0,0,0,0,0,0,0,0,0,0,0,0,0,1,1,1,0,0,0,0,0,0,0,0,0,0,0,,,,,,,,,,,,,,,,,,,,,,,,,,,,,,,,,,,0,,,,
2482,Unscored (no condition data),PTrail,23075,1.0,,,,,,,,,18,1,1,,trails,17.756,Dirt,1,2,2,0,0,0,0,0,0,0,0,0,1,2,2,0,0,0,1,2,2,0,0,0,0,0,0,0,0,0,0,0,0,0,0,0,0,0,0,0,0,0,0,0,0,0,0,0,0,0,0,0,0,0,0,0,0,0,0,0,0,0,0,0,0,0,0,0,0,0,0,0,0,0,0,0,0,0,0,0,0,0,0,0,1,1,1,0,0,0,0,0,0,0,0,0,0,0,,,,,,,,,,,,,,,,,,,,,,,,,,,,,,,,,,,0,,,,
2483,Unscored (no condition data),PTrail,23076,1.0,,,,,,,,,26,1,1,,trails,309.039,Dirt,1,2,2,0,0,0,0,0,0,0,0,0,1,2,2,0,0,0,1,2,2,0,0,0,0,5,0,0,0,0,0,0,0,0,0,0,0,0,0,0,0,0,0,0,0,0,0,0,0,0,0,0,0,0,0,0,0,0,0,0,0,0,0,0,0,0,0,0,0,0,0,0,0,0,0,0,0,0,0,0,0,0,0,0,1,1,1,0,0,0,0,0,0,0,0,0,0,3,,,,,,,,,,,,,,,,,,,,,,,,,,,,,,,,,,,0,,,,
2484,Unscored (no condition data),PTrail,23078,1.0,,,,,,,,,18,1,1,,trails,8.109,Dirt,1,2,2,0,0,0,0,0,0,0,0,0,1,0,0,0,0,0,1,0,0,0,0,0,0,0,0,0,0,0,0,0,0,0,0,0,0,0,0,0,0,0,0,0,0,0,0,0,0,0,0,0,0,0,0,0,3,0,1,2,2,0,0,0,0,0,0,0,0,0,0,0,0,0,0,0,0,0,0,0,0,0,0,0,1,1,1,0,0,0,0,0,0,0,0,0,0,0,,,,,,,,,,,,,,,,,,,,,,,,,,,,,,,,,,,0,,,,
2485,Unscored (no condition data),PTrail,23077,1.0,,,,,,,,,18,1,1,,trails,93.467,Dirt,1,2,2,0,0,0,0,0,0,0,0,0,1,0,0,0,0,0,1,0,0,0,0,0,0,0,0,0,0,0,0,0,0,0,0,0,0,0,0,0,0,0,0,0,0,0,0,0,0,0,0,0,0,0,0,0,3,0,1,2,2,0,0,0,0,0,0,0,0,0,0,0,0,0,0,0,0,0,0,0,0,0,0,0,1,1,1,0,0,0,0,0,0,0,0,0,0,0,,,,,,,,,,,,,,,,,,,,,,,,,,,,,,,,,,,0,,,,
