Priority_Rank,Priority_Category,FeatureType,AssetID,Benefit_Discrete,Impact,Contribution_Discrete,RepairCost_Low,RepairCost_Mid,RepairCost_High,Benefit_per_Cost_Mid,SurfaceFamily,AssetLength,ConditionScore,MI_Score_Public_Normalized,public_length_m,Contribution_Continuous,Benefit_Continuous,Benefit_Per_Asset_Length,WeightedDistressExtentRatio,MI_Value_Public_Rebuild,MI_Score_Public_Rebuild,Risk_Product_Public_MI_x_Condition,source_layer,SurfaceMaterial,A2_400m_Score,A2_250m_Score,A2_100m_Score,A3_400m_Score,A3_250m_Score,A3_100m_Score,A4_400m_Score,A4_250m_Score,A4_100m_Score,B0_400m_Score,B0_250m_Score,B0_100m_Score,B1_400m_Score,B1_250m_Score,B1_100m_Score,B2_400m_Score,B2_250m_Score,B2_100m_Score,B3_400m_Score,B3_250m_Score,B3_100m_Score,C2_400m_Score,C2_250m_Score,C2_100m_Score,C3_0m_Score,C4_0m_Score,C5_0m_Score,C6_0m_Score,D0_400m_Score,D0_250m_Score,D0_100m_Score,D1_400m_Score,D1_250m_Score,D1_100m_Score,D2_400m_Score,D2_250m_Score,D2_100m_Score,D3_400m_Score,D3_250m_Score,D3_100m_Score,D4_400m_Score,D4_250m_Score,D4_100m_Score,E6_0m_Score,F1_400m_Score,F1_250m_Score,F1_100m_Score,F9_400m_Score,F9_250m_Score,F9_100m_Score,G0_400m_Score,G0_250m_Score,G0_100m_Score,G1_0m_Score,G2_0m_Score,G3_0m_Score,G4_0m_Score,G5_0m_Score,A1_400m_Score,A1_250m_Score,A1_100m_Score,E0_400m_Score,E0_250m_Score,E0_100m_Score,E1_400m_Score,E1_250m_Score,E1_100m_Score,E2_400m_Score,E2_250m_Score,E2_100m_Score,E3_400m_Score,E3_250m_Score,E3_100m_Score,C0_400m_Score,C0_250m_Score,C0_100m_Score,F0_400m_Score,F0_250m_Score,F0_100m_Score,F8_400m_Score,F8_250m_Score,F8_100m_Score,F2_0m_Score,F3_0m_Score,F4_0m_Score,F6_0m_Score,F7_0m_Score,A0_400m_Score,A0_250m_Score,A0_100m_Score,A5_400m_Score,A5_250m_Score,A5_100m_Score,C1_400m_Score,C1_250m_Score,C1_100m_Score,E4_0m_Score,E5_0m_Score,DistressExtentRatio,U_Gap_L3,U_Grade_L3,U_Trip_L3,D_Crack_L1,D_Crack_L2,D_Crossfall_L1,D_Heave_L1,D_Heave_L2,D_Patch_L1,D_Patch_L2,D_Ponding_L1,D_Ponding_L2,D_Rough_L1,D_Rough_L2,D_Trip_L1,D_Trip_L2,D_Utility_L1,D_Utility_L2,T_Crossfall_L1,T_Culvert_L1,T_Obstruct_L1,T_Pond_L2,T_Rocks_L1,T_Roots_L1,T_Roots_L2,T_Rut_L1,T_Rut_L2,T_Veg_L1,T_Mud_L1,T_Pond_L1,T_Rocks_L2,T_Steps_L1,T_Structure_L1,PedestrianIncidents_50m_2020_2024,ConditionScore_num,WeightedDistressExtentRatio_num,AssetLength_num,Benefit_With_Incidents,public_length_m_num
1,Very High,RPath,541,20.0,5.0,4.0,43.0,64.0,85.0,0.3125,Asphalt,202.7,1.0,5,203.284,0.006,0.03,0.0986679822397632,0.006,95,5,5.0,sidewalks,CON,1,2,2,0,0,0,0,0,0,1,2,2,0,0,0,1,2,0,0,0,0,0,0,0,5,0,0,0,1,2,2,0,0,0,1,0,0,0,0,0,0,0,0,0,1,2,2,0,1,1,1,2,2,0,5,0,3,1,1,2,2,0,0,0,1,2,2,0,0,0,1,2,2,1,2,0,1,2,2,1,0,0,5,0,1,1,1,1,2,2,1,2,2,1,2,0,5,0,0.015,,,,0.007,,,,,,,,,,,0.007,,,,,,,,,,,,,,,,,,,0,1.0,0.006,202.7,20.0,203.284
2,Very High,RPath,703,20.0,5.0,4.0,22.0,33.0,44.0,0.6060606060606061,Asphalt,243.5,1.0,5,244.676,0.005,0.025,0.082135523613963,0.005,104,5,5.0,sidewalks,CON,1,2,2,1,2,0,1,0,0,1,2,2,1,2,2,0,0,0,0,0,0,1,0,0,5,5,0,2,1,2,2,1,0,0,1,2,0,0,0,0,1,2,0,5,1,2,2,0,1,1,1,2,2,5,5,0,3,1,1,0,0,0,0,0,1,0,0,0,0,0,0,0,0,1,2,0,1,2,0,0,0,0,5,3,1,1,1,1,2,2,0,0,0,0,0,0,5,0,0.018,,,,0.018,,,,,,,,,,,,,,,,,,,,,,,,,,,,,,1,1.0,0.005,243.5,30.0,244.676
3,Very High,RPath,713,20.0,5.0,4.0,14.0,22.0,29.0,0.9090909090909091,Asphalt,240.2,1.0,5,240.468,0.003,0.015,0.0832639467110741,0.003,97,5,5.0,sidewalks,CON,1,2,0,1,2,0,1,0,0,1,0,0,1,2,2,1,2,0,0,0,0,0,0,0,5,0,0,2,1,2,2,0,0,0,1,2,0,0,0,0,0,0,0,5,1,2,0,0,1,1,1,2,2,5,5,0,3,1,1,0,0,1,0,0,1,2,2,0,0,0,1,0,0,1,2,0,1,2,2,0,0,0,5,3,1,1,1,1,0,0,1,0,0,1,2,0,5,0,0.012,,,,0.012,,,,,,,,,,,,,,,,,,,,,,,,,,,,,,1,1.0,0.003,240.2,30.0,240.468
4,Very High,RPath,721,20.0,5.0,4.0,0.0,0.0,0.0,,Asphalt,112.3,1.0,5,110.454,0.0,0.0,0.1780943900267141,0.0,86,5,5.0,sidewalks,CON,1,0,0,0,0,0,0,0,0,1,2,0,1,2,0,1,2,2,0,0,0,0,0,0,5,0,0,0,1,2,2,0,0,0,1,2,0,0,0,0,0,0,0,0,1,2,2,0,1,1,1,2,2,0,5,0,3,1,0,0,0,1,2,0,1,2,0,0,0,0,1,2,0,1,2,0,1,2,2,1,0,0,0,3,1,1,1,1,2,2,1,0,0,1,2,2,5,0,0.0,,,,,,,,,,,,,,,,,,,,,,,,,,,,,,,,,,2,1.0,0.0,112.3,40.0,110.454
5,Very High,RPath,753,20.0,5.0,4.0,0.0,0.0,0.0,,Asphalt,75.8,1.0,5,76.223,0.0,0.0,0.2638522427440633,0.0,103,5,5.0,sidewalks,HMAC,1,2,2,1,2,0,0,0,0,0,0,0,1,2,2,0,0,0,0,0,0,0,0,0,5,5,0,2,1,0,0,1,2,2,1,2,2,0,0,0,1,0,0,5,1,2,2,0,1,0,1,2,2,5,5,0,3,1,0,0,0,0,0,0,1,2,0,1,0,0,1,2,0,1,2,2,1,2,0,0,0,0,5,3,1,1,1,1,2,2,0,0,0,0,0,0,5,0,0.0,,,,,,,,,,,,,,,,,,,,,,,,,,,,,,,,,,1,1.0,0.0,75.8,30.0,76.223
6,Very High,RPath,762,20.0,5.0,4.0,0.0,0.0,0.0,,Asphalt,318.0,1.0,5,316.767,0.0,0.0,0.0628930817610062,0.0,87,5,5.0,sidewalks,CON,1,2,0,1,0,0,0,0,0,0,0,0,1,0,0,1,0,0,0,0,0,1,0,0,5,0,0,2,1,0,0,1,2,2,1,2,2,0,0,0,1,2,0,5,1,2,2,0,1,0,1,2,2,0,5,0,3,0,0,0,0,1,2,0,1,2,2,1,0,0,1,2,2,1,0,0,1,0,0,0,0,0,5,3,1,1,1,1,2,0,0,0,0,0,0,0,5,0,0.0,,,,,,,,,,,,,,,,,,,,,,,,,,,,,,,,,,2,1.0,0.0,318.0,40.0,316.767
7,Very High,RPath,765,20.0,5.0,4.0,15.0,23.0,31.0,0.8695652173913043,Asphalt,133.1,1.0,5,133.108,0.006,0.03,0.1502629601803155,0.006,94,5,5.0,sidewalks,CON,1,2,0,1,0,0,0,0,0,0,0,0,1,0,0,1,0,0,0,0,0,1,0,0,5,0,0,2,1,2,0,1,2,2,1,2,2,0,0,0,1,2,2,5,1,2,2,0,1,1,1,2,2,5,5,0,3,0,1,0,0,1,2,0,1,2,2,0,0,0,1,2,0,1,0,0,0,0,0,0,0,0,5,3,1,1,1,1,2,0,0,0,0,0,0,0,5,0,0.023,,,,0.023,,,,,,,,,,,,,,,,,,,,,,,,,,,,,,5,1.0,0.006,133.1,50.0,133.108
8,Very High,RPath,811,20.0,5.0,4.0,0.0,0.0,0.0,,Asphalt,40.7,1.0,5,40.72,0.0,0.0,0.4914004914004913,0.0,86,5,5.0,sidewalks,CON,1,2,0,0,0,0,0,0,0,1,0,0,1,2,2,1,2,0,0,0,0,1,2,2,5,0,0,0,1,2,0,1,0,0,1,2,2,0,0,0,1,2,2,5,1,2,2,0,1,1,1,2,2,5,5,0,0,1,1,2,2,1,0,0,1,0,0,0,0,0,0,0,0,0,0,0,1,2,0,0,0,0,0,3,1,1,1,1,0,0,0,0,0,0,0,0,5,0,0.0,,,,,,,,,,,,,,,,,,,,,,,,,,,,,,,,,,1,1.0,0.0,40.7,30.0,40.72
9,Very High,RPath,970,20.0,5.0,4.0,8.0,11.0,15.0,1.8181818181818181,Asphalt,101.6,1.0,5,95.944,0.004,0.02,0.1968503937007874,0.004,87,5,5.0,sidewalks,CON,1,2,2,0,0,0,0,0,0,1,2,0,1,0,0,1,0,0,0,0,0,0,0,0,5,0,0,0,1,2,2,0,0,0,1,0,0,0,0,0,0,0,0,0,1,2,2,0,1,1,1,2,2,0,5,0,0,1,1,2,0,0,0,0,1,2,0,0,0,0,1,2,0,1,2,0,1,2,2,1,2,0,5,0,1,1,1,1,2,2,1,2,2,1,2,2,5,0,0.015,,,,0.015,,,,,,,,,,,,,,,,,,,,,,,,,,,,,,0,1.0,0.004,101.6,20.0,95.944
10,Very High,RPath,980,20.0,5.0,4.0,0.0,0.0,0.0,,Asphalt,205.6,1.0,5,205.964,0.0,0.0,0.0972762645914396,0.0,96,5,5.0,sidewalks,CON,1,2,2,1,2,0,0,0,0,1,0,0,1,2,0,0,0,0,0,0,0,0,0,0,5,5,0,0,1,2,2,1,2,2,1,2,2,0,0,0,1,2,2,0,1,2,2,0,1,0,1,2,2,5,5,0,3,0,1,0,0,0,0,0,1,2,0,1,0,0,1,2,0,1,2,0,1,0,0,0,0,0,5,0,1,1,1,1,2,2,0,0,0,0,0,0,5,0,0.0,,,,,,,,,,,,,,,,,,,,,,,,,,,,,,,,,,4,1.0,0.0,205.6,50.0,205.964
11,Very High,RPath,1155,20.0,5.0,4.0,7.0,11.0,14.0,1.8181818181818181,Asphalt,206.9,1.0,5,205.737,0.007,0.035,0.0966650555824069,0.007,90,5,5.0,sidewalks,CON,1,2,2,0,0,0,0,0,0,0,0,0,1,2,2,1,2,2,0,0,0,1,2,0,5,0,0,2,1,0,0,1,2,2,1,2,2,0,0,0,1,2,2,0,1,2,0,0,1,1,1,2,2,5,5,0,0,0,1,0,0,1,2,2,1,2,0,1,2,0,1,2,0,1,0,0,1,0,0,0,0,0,0,3,1,1,1,1,0,0,0,0,0,0,0,0,5,0,0.007,,,,,0.007,,,,,,,,,,,,,,,,,,,,,,,,,,,,,0,1.0,0.007,206.9,20.0,205.737
12,Very High,RPath,49,16.0,4.0,4.0,36.0,55.0,73.0,0.2909090909090909,Asphalt,112.0,1.0,4,108.951,0.007,0.028,0.1428571428571428,0.007,71,4,4.0,sidewalks,CON,1,2,2,1,0,0,1,0,0,0,0,0,1,0,0,1,2,2,0,0,0,0,0,0,5,5,0,2,0,0,0,1,2,0,1,2,2,0,0,0,1,0,0,0,1,2,0,0,1,1,1,2,2,5,5,0,0,1,0,0,0,0,0,0,1,2,0,0,0,0,0,0,0,1,2,2,0,0,0,0,0,0,0,3,0,0,0,0,0,0,0,0,0,0,0,0,5,0,0.013,,,,,,,,,,,,,,,0.013,,,,,,,,,,,,,,,,,,,1,1.0,0.007,112.0,26.0,108.951
13,Very High,RPath,262,16.0,4.0,4.0,0.0,0.0,0.0,,Asphalt,78.7,1.0,4,82.173,0.0,0.0,0.2033036848792884,0.0,80,4,4.0,sidewalks,CON,1,2,0,1,2,0,1,2,0,1,0,0,1,2,2,0,0,0,0,0,0,1,2,2,0,5,0,2,0,0,0,0,0,0,1,0,0,0,0,0,0,0,0,5,1,0,0,0,1,1,1,2,2,5,0,0,3,1,0,0,0,0,0,0,1,2,0,1,2,0,1,2,0,1,0,0,1,2,2,0,0,0,5,3,1,0,1,0,0,0,0,0,0,0,0,0,5,0,0.0,,,,,,,,,,,,,,,,,,,,,,,,,,,,,,,,,,1,1.0,0.0,78.7,26.0,82.173
14,Very High,RPath,295,16.0,4.0,4.0,78.0,117.0,156.0,0.13675213675213677,Asphalt,391.0,1.0,4,384.874,0.004,0.016,0.0409207161125319,0.004,85,5,4.0,sidewalks,CON,1,2,2,1,2,2,1,2,2,0,0,0,1,2,2,0,0,0,0,0,0,0,0,0,0,5,0,2,0,0,0,1,2,0,1,2,2,1,2,0,0,0,0,0,0,0,0,0,1,1,1,2,2,5,5,4,0,1,0,0,0,0,0,0,1,2,0,0,0,0,1,2,0,1,2,0,1,2,0,0,0,0,5,0,1,1,1,0,0,0,0,0,0,0,0,0,5,0,0.008,,,,,,,,,,,,,,,,,0.008,,,,,,,,,,,,,,,,,0,1.0,0.004,391.0,16.0,384.874
15,Very High,RPath,302,16.0,4.0,4.0,0.0,0.0,0.0,,Asphalt,89.3,1.0,4,85.541,0.0,0.0,0.1791713325867861,0.0,74,4,4.0,sidewalks,HMAC,1,2,2,1,2,0,1,2,0,1,0,0,1,2,2,1,2,2,0,0,0,0,0,0,0,5,0,2,0,0,0,1,0,0,1,2,2,0,0,0,0,0,0,5,1,0,0,0,0,0,1,2,2,0,5,0,0,1,0,0,0,0,0,0,0,0,0,0,0,0,0,0,0,1,2,2,1,2,0,0,0,0,5,3,1,0,0,0,0,0,0,0,0,0,0,0,5,0,0.0,,,,,,,,,,,,,,,,,,,,,,,,,,,,,,,,,,2,1.0,0.0,89.3,36.0,85.541
16,Very High,RPath,304,16.0,4.0,4.0,0.0,0.0,0.0,,Asphalt,87.2,1.0,4,87.784,0.0,0.0,0.18348623853211,0.0,68,4,4.0,sidewalks,HMAC,1,2,2,1,2,0,1,2,0,1,2,0,1,2,2,1,2,2,0,0,0,0,0,0,0,0,0,2,0,0,0,1,0,0,1,2,2,0,0,0,0,0,0,5,1,0,0,0,0,0,1,2,2,0,5,0,0,1,0,0,0,0,0,0,0,0,0,0,0,0,0,0,0,1,2,2,1,0,0,0,0,0,5,3,0,0,0,0,0,0,0,0,0,0,0,0,5,0,0.0,,,,,,,,,,,,,,,,,,,,,,,,,,,,,,,,,,2,1.0,0.0,87.2,36.0,87.784
17,Very High,RPath,307,16.0,4.0,4.0,0.0,0.0,0.0,,Asphalt,83.0,1.0,4,82.657,0.0,0.0,0.1927710843373494,0.0,67,4,4.0,sidewalks,HMAC,1,2,2,1,2,0,1,2,0,0,0,0,1,2,0,1,2,0,0,0,0,0,0,0,0,0,0,2,0,0,0,1,2,2,1,2,2,0,0,0,0,0,0,5,1,2,0,0,0,0,1,2,2,0,5,0,0,1,0,0,0,0,0,0,1,0,0,0,0,0,0,0,0,1,2,0,1,0,0,0,0,0,5,3,1,0,0,0,0,0,0,0,0,0,0,0,5,0,0.0,,,,,,,,,,,,,,,,,,,,,,,,,,,,,,,,,,0,1.0,0.0,83.0,16.0,82.657
18,Very High,RPath,357,16.0,4.0,4.0,0.0,0.0,0.0,,Asphalt,201.8,1.0,4,201.79,0.0,0.0,0.0792864222001982,0.0,72,4,4.0,sidewalks,HMAC,1,2,2,1,2,2,1,2,2,0,0,0,1,0,0,1,0,0,0,0,0,0,0,0,0,5,0,2,0,0,0,0,0,0,1,2,2,0,0,0,0,0,0,0,1,2,2,0,1,0,1,2,2,5,5,0,0,1,0,0,0,0,0,0,1,2,2,0,0,0,0,0,0,1,2,0,1,0,0,0,0,0,5,0,1,0,1,0,0,0,0,0,0,0,0,0,5,0,0.0,,,,,,,,,,,,,,,,,,,,,,,,,,,,,,,,,,1,1.0,0.0,201.8,26.0,201.79
19,Very High,RPath,401,16.0,4.0,4.0,0.0,0.0,0.0,,Asphalt,131.7,1.0,4,129.514,0.0,0.0,0.1214882308276385,0.0,77,4,4.0,sidewalks,CON,1,2,2,1,2,0,1,2,0,0,0,0,1,0,0,1,2,0,0,0,0,0,0,0,5,5,0,0,0,0,0,1,0,0,1,2,2,0,0,0,0,0,0,0,1,2,2,0,1,1,1,2,2,5,5,0,0,1,0,0,0,0,0,0,1,2,2,0,0,0,0,0,0,1,2,2,0,0,0,0,0,0,5,3,0,0,0,0,0,0,0,0,0,0,0,0,5,0,0.0,,,,,,,,,,,,,,,,,,,,,,,,,,,,,,,,,,2,1.0,0.0,131.7,36.0,129.514
20,Very High,RPath,407,16.0,4.0,4.0,8.0,11.0,15.0,1.4545454545454546,Asphalt,79.3,1.0,4,82.89,0.005,0.02,0.201765447667087,0.005,74,4,4.0,sidewalks,CON,1,2,0,1,2,0,1,2,0,1,2,0,1,2,0,0,0,0,0,0,0,1,2,0,0,0,0,2,1,0,0,0,0,0,1,2,0,0,0,0,1,2,0,5,1,2,0,0,1,0,1,2,0,0,0,0,3,1,1,2,0,0,0,0,1,0,0,1,0,0,0,0,0,1,2,0,1,2,2,0,0,0,5,3,1,0,1,1,2,0,0,0,0,0,0,0,5,0,0.019,,,,0.019,,,,,,,,,,,,,,,,,,,,,,,,,,,,,,0,1.0,0.005,79.3,16.0,82.89
21,Very High,RPath,414,16.0,4.0,4.0,0.0,0.0,0.0,,Asphalt,75.6,1.0,4,75.551,0.0,0.0,0.2116402116402116,0.0,82,4,4.0,sidewalks,CON,1,2,0,1,2,0,0,0,0,0,0,0,1,2,0,0,0,0,0,0,0,1,0,0,5,0,0,2,1,0,0,1,2,2,1,2,2,0,0,0,1,2,0,5,1,2,0,0,1,0,1,2,2,0,0,0,3,1,0,0,0,1,2,0,1,2,2,1,0,0,1,2,0,1,0,0,1,0,0,0,0,0,5,3,1,1,1,1,2,0,0,0,0,0,0,0,5,0,0.0,,,,,,,,,,,,,,,,,,,,,,,,,,,,,,,,,,1,1.0,0.0,75.6,26.0,75.551
22,Very High,RPath,439,16.0,4.0,4.0,0.0,0.0,0.0,,Asphalt,288.9,1.0,4,286.375,0.0,0.0,0.0553824852890273,0.0,80,4,4.0,sidewalks,CON,1,2,2,1,0,0,1,0,0,0,0,0,1,2,0,1,2,2,0,0,0,0,0,0,0,5,0,2,0,0,0,1,2,2,1,2,2,0,0,0,1,2,2,0,1,2,2,0,1,1,1,2,2,5,5,4,0,1,1,0,0,0,0,0,1,0,0,0,0,0,0,0,0,1,2,0,1,2,0,0,0,0,0,3,0,0,0,0,0,0,0,0,0,0,0,0,5,0,0.0,,,,,,,,,,,,,,,,,,,,,,,,,,,,,,,,,,4,1.0,0.0,288.9,46.0,286.375
23,Very High,RPath,441,16.0,4.0,4.0,15.0,23.0,30.0,0.6956521739130435,Asphalt,82.1,1.0,4,78.883,0.009,0.036,0.194884287454324,0.009,76,4,4.0,sidewalks,HMAC,1,2,2,1,0,0,1,0,0,1,2,0,1,2,0,1,0,0,0,0,0,0,0,0,5,0,0,2,0,0,0,0,0,0,1,2,2,0,0,0,0,0,0,5,1,2,2,0,0,0,1,2,2,5,5,4,0,1,0,0,0,0,0,0,1,0,0,0,0,0,1,0,0,1,0,0,1,2,0,0,0,0,5,3,1,0,0,0,0,0,0,0,0,0,0,0,5,0,0.037,,,,0.037,,,,,,,,,,,,,,,,,,,,,,,,,,,,,,3,1.0,0.009,82.1,46.0,78.883
24,Very High,RPath,449,16.0,4.0,4.0,22.0,33.0,44.0,0.48484848484848486,Asphalt,184.0,1.0,4,126.406,0.006,0.024,0.0869565217391304,0.006,80,4,4.0,sidewalks,CON,1,2,2,0,0,0,0,0,0,0,0,0,1,2,0,1,2,0,1,0,0,0,0,0,5,5,0,2,0,0,0,1,2,2,1,2,2,0,0,0,0,0,0,0,1,2,2,0,1,1,1,2,2,5,5,0,3,1,0,0,0,0,0,0,1,0,0,0,0,0,1,0,0,1,2,0,1,2,0,0,0,0,0,3,1,1,1,1,0,0,0,0,0,0,0,0,5,0,0.024,,,,0.024,,,,,,,,,,,,,,,,,,,,,,,,,,,,,,0,1.0,0.006,184.0,16.0,126.406
25,Very High,RPath,456,16.0,4.0,4.0,0.0,0.0,0.0,,Asphalt,80.0,1.0,4,79.849,0.0,0.0,0.2,0.0,69,4,4.0,sidewalks,CON,1,2,2,0,0,0,0,0,0,1,2,2,1,0,0,1,0,0,0,0,0,0,0,0,5,0,0,2,1,2,2,1,0,0,1,2,0,0,0,0,1,2,0,5,1,2,0,0,1,1,1,2,2,0,0,0,3,1,1,0,0,0,0,0,1,0,0,0,0,0,1,0,0,1,0,0,1,0,0,0,0,0,0,3,1,1,1,1,2,0,0,0,0,0,0,0,5,0,0.0,,,,,,,,,,,,,,,,,,,,,,,,,,,,,,,,,,1,1.0,0.0,80.0,26.0,79.849
26,Very High,RPath,494,16.0,4.0,4.0,38.0,57.0,75.0,0.2807017543859649,Asphalt,167.6,1.0,4,167.638,0.004,0.016,0.0954653937947494,0.004,74,4,4.0,sidewalks,PB,1,2,2,1,2,2,0,0,0,0,0,0,1,2,0,0,0,0,0,0,0,0,0,0,5,0,0,0,0,0,0,1,2,0,1,2,2,0,0,0,1,0,0,0,1,2,2,0,0,0,1,2,2,0,5,0,0,0,0,0,0,0,0,0,1,2,2,1,2,0,1,2,0,1,2,0,1,0,0,0,0,0,5,0,1,0,1,1,2,2,0,0,0,0,0,0,5,0,0.009,,,,,,,,,,,,,,,0.009,,,,,,,,,,,,,,,,,,,1,1.0,0.004,167.6,26.0,167.638
27,Very High,RPath,530,16.0,4.0,4.0,0.0,0.0,0.0,,Asphalt,85.6,1.0,4,83.683,0.0,0.0,0.1869158878504673,0.0,74,4,4.0,sidewalks,HMAC,1,2,2,1,2,0,1,0,0,0,0,0,1,2,0,1,2,0,0,0,0,0,0,0,5,0,0,2,0,0,0,1,2,2,1,2,2,0,0,0,0,0,0,5,1,2,2,0,1,0,1,2,2,0,5,0,3,1,0,0,0,0,0,0,1,0,0,0,0,0,0,0,0,1,0,0,1,0,0,0,0,0,5,3,1,0,0,0,0,0,0,0,0,0,0,0,5,0,0.0,,,,,,,,,,,,,,,,,,,,,,,,,,,,,,,,,,0,1.0,0.0,85.6,16.0,83.683
28,Very High,RPath,542,16.0,4.0,4.0,0.0,0.0,0.0,,Asphalt,171.5,1.0,4,171.035,0.0,0.0,0.0932944606413994,0.0,85,5,4.0,sidewalks,CON,1,2,2,0,0,0,0,0,0,1,2,2,0,0,0,1,2,0,0,0,0,0,0,0,5,0,0,0,1,2,2,1,0,0,1,0,0,0,0,0,1,0,0,0,1,2,0,0,1,0,1,2,2,0,0,0,3,1,1,2,2,0,0,0,1,2,2,0,0,0,1,2,2,1,2,0,1,2,2,1,0,0,5,0,1,1,1,1,2,2,1,2,0,1,0,0,5,0,0.0,,,,,,,,,,,,,,,,,,,,,,,,,,,,,,,,,,0,1.0,0.0,171.5,16.0,171.035
29,Very High,RPath,552,16.0,4.0,4.0,37.0,56.0,74.0,0.2857142857142857,Asphalt,92.8,1.0,4,92.82,0.008,0.032,0.1724137931034483,0.008,70,4,4.0,sidewalks,CON,1,2,0,0,0,0,0,0,0,1,0,0,1,0,0,1,2,0,0,0,0,0,0,0,5,0,0,0,1,2,2,0,0,0,1,0,0,0,0,0,0,0,0,0,1,2,2,0,1,1,1,2,2,0,0,0,0,1,1,0,0,1,2,0,1,0,0,0,0,0,1,2,0,1,2,2,1,2,2,1,2,0,0,0,1,1,1,1,2,2,1,0,0,1,2,0,5,0,0.016,,,,,,,,,,,,,,,,,0.016,,,,,,,,,,,,,,,,,0,1.0,0.008,92.8,16.0,92.82
30,Very High,RPath,569,16.0,4.0,4.0,7.0,11.0,15.0,1.4545454545454546,Asphalt,92.9,1.0,4,92.854,0.004,0.016,0.1722282023681377,0.004,75,4,4.0,sidewalks,CON,1,2,0,0,0,0,0,0,0,1,0,0,1,0,0,1,2,0,0,0,0,0,0,0,5,0,0,0,1,2,2,0,0,0,1,0,0,0,0,0,0,0,0,0,1,2,2,0,1,1,1,2,2,0,5,0,0,1,1,0,0,1,2,0,1,2,0,0,0,0,1,2,0,1,2,2,1,2,2,1,2,0,0,0,1,1,1,1,2,2,1,0,0,1,0,0,5,0,0.016,,,,0.016,,,,,,,,,,,,,,,,,,,,,,,,,,,,,,0,1.0,0.004,92.9,16.0,92.854
31,Very High,RPath,587,16.0,4.0,4.0,0.0,0.0,0.0,,Asphalt,312.2,1.0,4,240.685,0.0,0.0,0.051249199231262,0.0,70,4,4.0,sidewalks,CON,1,2,2,1,2,0,1,2,0,0,0,0,1,0,0,1,2,0,0,0,0,0,0,0,5,0,0,2,0,0,0,1,2,2,1,2,2,0,0,0,0,0,0,0,1,2,2,0,1,1,1,2,2,0,5,0,3,1,0,0,0,0,0,0,1,2,2,0,0,0,0,0,0,1,0,0,0,0,0,0,0,0,5,0,1,0,0,0,0,0,0,0,0,0,0,0,5,0,0.0,,,,,,,,,,,,,,,,,,,,,,,,,,,,,,,,,,0,1.0,0.0,312.2,16.0,240.685
32,Very High,RPath,595,16.0,4.0,4.0,0.0,0.0,0.0,,Asphalt,202.5,1.0,4,200.575,0.0,0.0,0.0790123456790123,0.0,78,4,4.0,sidewalks,HMAC,1,2,2,1,2,2,0,0,0,0,0,0,1,2,2,1,0,0,0,0,0,0,0,0,0,5,0,2,0,0,0,1,0,0,1,2,0,0,0,0,0,0,0,5,1,2,2,0,1,1,1,2,2,5,0,0,3,1,0,0,0,0,0,0,1,2,0,0,0,0,1,0,0,1,2,0,1,2,0,0,0,0,5,3,1,0,0,1,0,0,0,0,0,0,0,0,5,0,0.0,,,,,,,,,,,,,,,,,,,,,,,,,,,,,,,,,,0,1.0,0.0,202.5,16.0,200.575
33,Very High,RPath,597,16.0,4.0,4.0,0.0,0.0,0.0,,Asphalt,232.2,1.0,4,228.247,0.0,0.0,0.0689061154177433,0.0,67,4,4.0,sidewalks,HMAC,1,2,0,1,2,0,1,0,0,0,0,0,1,2,0,1,0,0,0,0,0,0,0,0,5,0,0,2,0,0,0,1,2,2,1,2,2,0,0,0,0,0,0,0,1,2,2,0,1,1,1,2,2,0,5,0,3,1,0,0,0,0,0,0,1,2,2,0,0,0,0,0,0,1,0,0,1,0,0,0,0,0,5,0,1,0,0,0,0,0,0,0,0,0,0,0,5,0,0.0,,,,,,,,,,,,,,,,,,,,,,,,,,,,,,,,,,8,1.0,0.0,232.2,46.0,228.247
34,Very High,RPath,607,16.0,4.0,4.0,30.0,45.0,60.0,0.35555555555555557,Asphalt,176.8,1.0,4,172.803,0.008,0.032,0.090497737556561,0.008,79,4,4.0,sidewalks,HMAC,1,2,2,1,2,0,0,0,0,0,0,0,1,2,0,1,2,0,0,0,0,1,2,0,5,0,0,2,0,0,0,1,2,2,1,2,2,0,0,0,0,0,0,0,1,2,0,0,1,1,1,2,2,5,0,0,3,1,0,0,0,0,0,0,1,2,2,0,0,0,1,0,0,1,2,0,1,2,0,0,0,0,5,3,1,0,0,0,0,0,0,0,0,0,0,0,5,0,0.034,,,,0.034,,,,,,,,,,,,,,,,,,,,,,,,,,,,,,0,1.0,0.008,176.8,16.0,172.803
35,Very High,RPath,666,16.0,4.0,4.0,8.0,11.0,15.0,1.4545454545454546,Asphalt,75.1,1.0,4,79.658,0.005,0.02,0.2130492676431425,0.005,73,4,4.0,sidewalks,CON,1,2,2,1,2,2,1,2,2,1,0,0,1,2,2,0,0,0,0,0,0,1,2,0,0,0,0,2,0,0,0,0,0,0,1,0,0,0,0,0,0,0,0,5,1,0,0,0,1,1,1,2,2,5,0,0,3,1,0,0,0,0,0,0,1,2,0,1,2,0,1,2,0,1,0,0,1,2,0,0,0,0,0,3,1,0,1,1,0,0,0,0,0,0,0,0,5,0,0.02,,,,0.02,,,,,,,,,,,,,,,,,,,,,,,,,,,,,,0,1.0,0.005,75.1,16.0,79.658
36,Very High,RPath,712,16.0,4.0,4.0,0.0,0.0,0.0,,Asphalt,73.5,1.0,4,73.662,0.0,0.0,0.2176870748299319,0.0,76,4,4.0,sidewalks,CON,1,2,0,1,0,0,0,0,0,1,2,0,1,0,0,1,2,0,0,0,0,0,0,0,5,0,0,0,1,2,2,0,0,0,1,0,0,0,0,0,1,0,0,5,1,2,0,0,1,1,1,2,2,0,0,0,3,1,1,0,0,0,0,0,1,2,2,0,0,0,1,0,0,1,0,0,1,2,0,0,0,0,5,3,1,1,1,1,2,0,1,0,0,1,2,0,5,0,0.0,,,,,,,,,,,,,,,,,,,,,,,,,,,,,,,,,,1,1.0,0.0,73.5,26.0,73.662
37,Very High,RPath,732,16.0,4.0,4.0,8.0,12.0,15.0,1.3333333333333333,Asphalt,73.1,1.0,4,72.028,0.005,0.02,0.2188782489740082,0.005,81,4,4.0,sidewalks,CON,1,0,0,0,0,0,0,0,0,1,2,0,1,2,0,1,2,2,0,0,0,0,0,0,5,0,0,0,1,2,2,0,0,0,1,2,0,0,0,0,0,0,0,0,1,2,2,0,1,1,1,2,2,0,5,0,3,1,0,0,0,1,2,0,1,2,0,0,0,0,1,2,0,1,2,0,1,2,0,1,0,0,0,0,1,1,1,1,2,2,1,0,0,1,2,2,5,0,0.021,,,,0.021,,,,,,,,,,,,,,,,,,,,,,,,,,,,,,3,1.0,0.005,73.1,46.0,72.028
38,Very High,RPath,767,16.0,4.0,4.0,0.0,0.0,0.0,,Asphalt,38.0,1.0,4,37.973,0.0,0.0,0.4210526315789473,0.0,74,4,4.0,sidewalks,SS,1,2,0,1,2,0,0,0,0,0,0,0,1,2,0,0,0,0,0,0,0,0,0,0,5,0,0,0,0,0,0,1,0,0,1,2,2,0,0,0,0,0,0,0,1,2,2,0,0,0,1,2,2,5,5,4,3,0,0,0,0,0,0,0,1,2,2,1,2,0,1,0,0,1,0,0,1,0,0,0,0,0,5,3,1,0,1,1,0,0,0,0,0,0,0,0,5,0,0.0,,,,,,,,,,,,,,,,,,,,,,,,,,,,,,,,,,2,1.0,0.0,38.0,36.0,37.973
39,Very High,RPath,768,16.0,4.0,4.0,0.0,0.0,0.0,,Asphalt,36.2,1.0,4,36.194,0.0,0.0,0.4419889502762431,0.0,76,4,4.0,sidewalks,SS,1,2,2,1,2,0,0,0,0,0,0,0,1,2,0,0,0,0,0,0,0,0,0,0,5,0,0,0,0,0,0,1,0,0,1,2,2,0,0,0,0,0,0,0,1,2,2,0,0,0,1,2,2,5,5,4,3,0,0,0,0,0,0,0,1,2,0,1,2,0,1,0,0,1,0,0,1,0,0,0,0,0,5,3,1,0,1,1,2,0,0,0,0,0,0,0,5,0,0.0,,,,,,,,,,,,,,,,,,,,,,,,,,,,,,,,,,1,1.0,0.0,36.2,26.0,36.194
40,Very High,RPath,769,16.0,4.0,4.0,0.0,0.0,0.0,,Asphalt,75.4,1.0,4,72.04,0.0,0.0,0.2122015915119363,0.0,73,4,4.0,sidewalks,PB,1,2,0,1,2,0,0,0,0,0,0,0,1,0,0,0,0,0,0,0,0,0,0,0,5,0,0,0,0,0,0,1,0,0,1,2,2,0,0,0,0,0,0,0,1,2,2,0,0,0,1,2,2,5,5,4,3,1,0,0,0,0,0,0,1,2,2,1,2,0,1,0,0,1,0,0,1,0,0,0,0,0,5,3,1,0,1,1,0,0,0,0,0,0,0,0,5,0,0.0,,,,,,,,,,,,,,,,,,,,,,,,,,,,,,,,,,1,1.0,0.0,75.4,26.0,72.04
41,Very High,RPath,817,16.0,4.0,4.0,0.0,0.0,0.0,,Asphalt,11.8,1.0,4,11.774,0.0,0.0,1.3559322033898304,0.0,78,4,4.0,sidewalks,CON,1,2,2,0,0,0,0,0,0,1,2,0,0,0,0,0,0,0,0,0,0,0,0,0,0,5,0,0,1,2,2,1,0,0,1,0,0,0,0,0,0,0,0,0,1,2,0,0,1,0,1,2,2,5,5,0,3,0,1,2,0,0,0,0,1,2,0,0,0,0,1,0,0,1,2,2,1,2,0,0,0,0,0,0,1,1,1,1,2,2,1,2,2,1,2,0,5,0,0.0,,,,,,,,,,,,,,,,,,,,,,,,,,,,,,,,,,0,1.0,0.0,11.8,16.0,11.774
42,Very High,RPath,881,16.0,4.0,4.0,7.0,11.0,15.0,1.4545454545454546,Asphalt,64.1,1.0,4,62.614,0.006,0.024,0.2496099843993759,0.006,73,4,4.0,sidewalks,CON,1,2,2,1,2,2,1,2,0,0,0,0,1,2,2,1,0,0,0,0,0,1,2,2,0,5,0,2,0,0,0,1,0,0,1,2,2,0,0,0,0,0,0,0,1,0,0,0,0,0,1,2,2,5,0,0,3,1,0,0,0,0,0,0,1,0,0,0,0,0,1,2,0,1,2,0,1,2,2,0,0,0,0,3,1,0,0,0,0,0,0,0,0,0,0,0,5,0,0.023,,,,0.023,,,,,,,,,,,,,,,,,,,,,,,,,,,,,,0,1.0,0.006,64.1,16.0,62.614
43,Very High,RPath,889,16.0,4.0,4.0,23.0,34.0,46.0,0.47058823529411764,Asphalt,207.8,1.0,4,212.344,0.005,0.02,0.0769971126082771,0.005,84,5,4.0,sidewalks,CON,1,2,2,0,0,0,0,0,0,1,2,0,1,0,0,0,0,0,0,0,0,0,0,0,0,5,0,0,1,2,2,1,2,2,1,2,0,0,0,0,1,2,0,0,1,2,0,0,1,1,1,2,2,5,5,0,0,0,1,2,0,0,0,0,1,2,2,0,0,0,1,0,0,1,2,0,1,0,0,0,0,0,0,0,1,1,1,1,2,2,1,2,2,1,2,0,5,0,0.022,,,,0.022,,,,,,,,,,,,,,,,,,,,,,,,,,,,,,0,1.0,0.005,207.8,16.0,212.344
44,Very High,RPath,890,16.0,4.0,4.0,153.0,229.0,305.0,0.06986899563318777,Asphalt,207.8,1.0,4,208.267,0.009,0.036,0.0769971126082771,0.009,81,4,4.0,sidewalks,CON,1,2,2,1,0,0,0,0,0,1,0,0,1,0,0,0,0,0,0,0,0,0,0,0,5,5,0,0,1,2,2,1,2,2,1,2,2,0,0,0,1,2,2,0,1,2,2,0,1,1,1,2,2,5,5,0,0,0,1,0,0,0,0,0,1,2,2,0,0,0,1,0,0,1,0,0,1,0,0,0,0,0,0,0,1,1,1,1,2,0,1,0,0,0,0,0,5,0,0.014,0.007,,,0.007,,,,,,,,,,,,,,,,,,,,,,,,,,,,,,2,1.0,0.009,207.8,36.0,208.267
45,Very High,RPath,906,16.0,4.0,4.0,0.0,0.0,0.0,,Asphalt,290.4,1.0,4,286.439,0.0,0.0,0.0550964187327823,0.0,78,4,4.0,sidewalks,CON,1,2,2,1,2,0,1,2,0,0,0,0,1,2,2,0,0,0,0,0,0,0,0,0,0,5,0,2,0,0,0,1,2,2,1,2,2,1,2,2,1,0,0,0,0,0,0,0,1,1,1,2,2,5,5,4,0,0,0,0,0,0,0,0,0,0,0,0,0,0,1,0,0,1,2,0,1,0,0,0,0,0,5,0,1,1,1,0,0,0,0,0,0,0,0,0,5,0,0.0,,,,,,,,,,,,,,,,,,,,,,,,,,,,,,,,,,0,1.0,0.0,290.4,16.0,286.439
46,Very High,RPath,960,16.0,4.0,4.0,7.0,11.0,15.0,1.4545454545454546,Asphalt,91.9,1.0,4,91.943,0.004,0.016,0.1741022850924918,0.004,74,4,4.0,sidewalks,CON,1,2,2,0,0,0,0,0,0,1,2,2,0,0,0,1,0,0,0,0,0,0,0,0,5,0,0,0,1,2,2,1,0,0,1,0,0,0,0,0,1,0,0,0,1,2,0,0,1,1,1,2,2,0,5,0,0,1,1,2,2,0,0,0,1,2,0,0,0,0,1,2,0,1,2,0,1,2,0,0,0,0,0,0,1,1,1,1,2,2,1,2,0,1,0,0,5,0,0.016,,,,0.016,,,,,,,,,,,,,,,,,,,,,,,,,,,,,,0,1.0,0.004,91.9,16.0,91.943
47,Very High,RPath,992,16.0,4.0,4.0,15.0,23.0,30.0,0.6956521739130435,Asphalt,100.4,1.0,4,100.386,0.007,0.028,0.1593625498007968,0.007,82,4,4.0,sidewalks,HMAC,1,2,2,1,2,0,0,0,0,0,0,0,1,2,2,1,2,0,0,0,0,1,0,0,0,5,0,2,0,0,0,0,0,0,1,2,2,0,0,0,0,0,0,5,1,2,0,0,1,1,1,2,2,5,5,0,0,1,0,0,0,0,0,0,0,0,0,0,0,0,0,0,0,1,2,2,1,2,2,0,0,0,5,0,1,0,0,1,2,0,0,0,0,1,2,0,5,0,0.03,,,,0.03,,,,,,,,,,,,,,,,,,,,,,,,,,,,,,0,1.0,0.007,100.4,16.0,100.386
48,Very High,RPath,1072,16.0,4.0,4.0,15.0,23.0,30.0,0.6956521739130435,Asphalt,101.2,1.0,4,100.698,0.007,0.028,0.1581027667984189,0.007,68,4,4.0,sidewalks,CON,1,2,0,0,0,0,0,0,0,1,2,0,1,0,0,0,0,0,0,0,0,1,0,0,5,0,0,2,1,2,2,1,2,0,1,2,2,0,0,0,1,2,2,5,1,2,0,0,1,0,1,2,2,0,0,0,0,1,1,2,0,0,0,0,1,0,0,0,0,0,0,0,0,1,0,0,1,0,0,0,0,0,0,3,1,1,1,1,2,0,0,0,0,0,0,0,5,0,0.03,,,,0.03,,,,,,,,,,,,,,,,,,,,,,,,,,,,,,0,1.0,0.007,101.2,16.0,100.698
49,Very High,RPath,1080,16.0,4.0,4.0,8.0,11.0,15.0,1.4545454545454546,Asphalt,73.0,1.0,4,68.821,0.005,0.02,0.2191780821917808,0.005,85,5,4.0,sidewalks,CON,1,2,2,1,2,0,0,0,0,0,0,0,1,2,2,0,0,0,0,0,0,0,0,0,0,5,0,2,1,0,0,1,2,0,1,2,0,0,0,0,1,0,0,5,1,2,0,0,0,0,1,2,0,5,0,0,3,1,0,0,0,0,0,0,1,2,0,1,0,0,1,2,0,1,2,2,1,2,2,0,0,0,5,3,1,0,1,1,2,2,0,0,0,0,0,0,5,0,0.021,,,,0.021,,,,,,,,,,,,,,,,,,,,,,,,,,,,,,0,1.0,0.005,73.0,16.0,68.821
50,Very High,RPath,1090,16.0,4.0,4.0,23.0,34.0,45.0,0.47058823529411764,Asphalt,125.1,1.0,4,125.547,0.009,0.036,0.1278976818545164,0.009,72,4,4.0,sidewalks,CON,1,2,2,1,0,0,1,0,0,1,2,2,1,2,2,0,0,0,0,0,0,1,2,2,0,0,0,2,0,0,0,0,0,0,1,2,0,0,0,0,0,0,0,5,1,0,0,0,1,0,1,2,0,0,0,0,0,1,0,0,0,0,0,0,1,2,0,1,2,2,1,2,2,1,2,0,1,2,0,0,0,0,5,3,1,0,1,0,0,0,0,0,0,0,0,0,5,0,0.036,,,,0.036,,,,,,,,,,,,,,,,,,,,,,,,,,,,,,0,1.0,0.009,125.1,16.0,125.547
51,Very High,RPath,1157,16.0,4.0,4.0,39.0,58.0,77.0,0.27586206896551724,Asphalt,90.8,1.0,4,91.273,0.008,0.032,0.1762114537444934,0.008,72,4,4.0,sidewalks,CON,1,2,2,0,0,0,0,0,0,0,0,0,1,2,2,1,2,0,0,0,0,1,2,2,0,0,0,0,1,0,0,1,2,2,1,2,2,0,0,0,1,2,2,0,1,2,0,0,1,0,1,2,2,5,5,0,0,0,1,2,0,1,2,0,1,2,0,1,0,0,1,0,0,1,0,0,1,0,0,0,0,0,0,3,1,1,1,0,0,0,0,0,0,0,0,0,0,0,0.017,,,,,,,,,,,,,,,,,0.017,,,,,,,,,,,,,,,,,0,1.0,0.008,90.8,16.0,91.273
52,Very High,RPath,1167,16.0,4.0,4.0,0.0,0.0,0.0,,Asphalt,59.2,1.0,4,64.344,0.0,0.0,0.2702702702702702,0.0,67,4,4.0,sidewalks,HMAC,1,2,2,1,0,0,1,0,0,1,2,0,1,2,0,1,0,0,0,0,0,0,0,0,5,0,0,2,0,0,0,0,0,0,1,2,2,0,0,0,0,0,0,5,1,2,2,0,0,0,1,2,2,0,5,0,0,1,0,0,0,0,0,0,1,0,0,0,0,0,1,0,0,1,0,0,1,2,0,0,0,0,5,3,1,0,0,0,0,0,0,0,0,0,0,0,5,0,0.0,,,,,,,,,,,,,,,,,,,,,,,,,,,,,,,,,,3,1.0,0.0,59.2,46.0,64.344
53,Very High,RPath,1191,16.0,4.0,4.0,75.0,113.0,151.0,0.1415929203539823,Asphalt,342.9,1.0,4,342.878,0.008,0.032,0.0466608340624088,0.008,80,4,4.0,sidewalks,CON,1,2,2,1,2,0,1,0,0,0,0,0,1,2,2,1,0,0,0,0,0,0,0,0,0,5,0,0,0,0,0,1,2,2,1,2,2,1,2,2,1,2,0,0,0,0,0,0,1,1,1,2,2,5,5,4,3,0,0,0,0,0,0,0,0,0,0,0,0,0,1,0,0,1,2,0,1,0,0,0,0,0,5,0,1,1,1,0,0,0,0,0,0,0,0,0,5,0,0.013,,,,0.004,,,,,,,,,,,,0.004,0.004,,,,,,,,,,,,,,,,,0,1.0,0.008,342.9,16.0,342.878
54,Very High,RPath,1194,16.0,4.0,4.0,44.0,67.0,89.0,0.23880597014925373,Asphalt,369.6,1.0,4,373.888,0.005,0.02,0.0432900432900432,0.005,71,4,4.0,sidewalks,CON,1,2,2,1,2,2,1,0,0,0,0,0,1,2,0,1,0,0,0,0,0,0,0,0,0,5,0,0,0,0,0,0,0,0,1,2,2,0,0,0,0,0,0,0,1,2,2,0,1,1,1,2,2,5,5,0,0,1,0,0,0,0,0,0,0,0,0,0,0,0,0,0,0,0,0,0,1,2,2,0,0,0,0,3,1,1,1,1,0,0,1,2,0,1,2,0,5,0,0.008,,,,0.004,,,,,,,,,,,,,,0.004,,,,,,,,,,,,,,,,0,1.0,0.005,369.6,16.0,373.888
55,Very High,RPath,1230,16.0,4.0,4.0,0.0,0.0,0.0,,Asphalt,13.8,1.0,4,13.784,0.0,0.0,1.1594202898550725,0.0,70,4,4.0,sidewalks,PB,1,2,0,1,2,0,0,0,0,0,0,0,1,2,0,0,0,0,0,0,0,0,0,0,5,0,0,2,0,0,0,1,0,0,1,2,2,0,0,0,0,0,0,0,1,2,2,0,0,0,1,2,2,5,5,4,0,0,0,0,0,0,0,0,1,2,0,1,2,0,1,2,0,1,0,0,1,0,0,0,0,0,5,0,1,0,1,1,0,0,0,0,0,0,0,0,5,0,0.0,,,,,,,,,,,,,,,,,,,,,,,,,,,,,,,,,,1,1.0,0.0,13.8,26.0,13.784
56,Very High,RPath,1233,16.0,4.0,4.0,0.0,0.0,0.0,,Asphalt,49.6,1.0,4,46.795,0.0,0.0,0.3225806451612903,0.0,67,4,4.0,sidewalks,CON,1,2,0,1,2,0,0,0,0,0,0,0,1,2,0,0,0,0,0,0,0,0,0,0,0,0,0,2,0,0,0,0,0,0,1,2,2,0,0,0,0,0,0,5,1,0,0,0,0,0,1,2,0,5,0,4,0,1,0,0,0,0,0,0,1,2,0,1,2,0,1,2,2,1,0,0,1,2,2,0,0,0,5,3,0,0,1,1,0,0,0,0,0,0,0,0,5,0,0.0,,,,,,,,,,,,,,,,,,,,,,,,,,,,,,,,,,0,1.0,0.0,49.6,16.0,46.795
57,Very High,RPath,1337,16.0,4.0,4.0,0.0,0.0,0.0,,Asphalt,56.7,1.0,4,54.839,0.0,0.0,0.2821869488536155,0.0,82,4,4.0,sidewalks,CON,1,2,0,1,0,0,0,0,0,0,0,0,1,2,2,1,2,2,0,0,0,0,0,0,5,5,0,0,0,0,0,1,2,2,1,2,2,0,0,0,0,0,0,5,1,0,0,0,0,0,1,2,0,5,5,4,0,1,0,0,0,1,2,0,1,2,0,1,2,0,1,0,0,1,0,0,0,0,0,0,0,0,5,0,1,1,1,0,0,0,0,0,0,0,0,0,5,0,0.0,,,,,,,,,,,,,,,,,,,,,,,,,,,,,,,,,,0,1.0,0.0,56.7,16.0,54.839
58,Very High,RPath,1591,16.0,4.0,4.0,77.0,115.0,154.0,0.1391304347826087,Asphalt,171.0,1.0,4,172.16,0.009,0.036,0.0935672514619883,0.009,71,4,4.0,sidewalks,CON,1,2,2,1,2,2,0,0,0,0,0,0,1,2,2,0,0,0,0,0,0,0,0,0,5,5,0,0,0,0,0,1,2,0,1,0,0,0,0,0,1,2,2,0,1,2,0,0,1,0,1,2,2,5,5,0,0,1,1,2,0,0,0,0,0,0,0,0,0,0,0,0,0,0,0,0,1,2,2,0,0,0,0,0,1,1,1,0,0,0,1,0,0,0,0,0,5,0,0.018,,,,,,,,,,,,,,,,,0.018,,,,,,,,,,,,,,,,,1,1.0,0.009,171.0,26.0,172.16
59,Very High,RPath,123,16.0,4.0,4.0,0.0,0.0,0.0,,Asphalt,174.1,1.0,4,60.655,0.0,0.0,0.0919012062033314,0.0,73,4,4.0,sidewalks,CON,1,2,2,0,0,0,0,0,0,1,2,0,0,0,0,0,0,0,0,0,0,0,0,0,0,5,0,0,1,2,2,1,0,0,1,0,0,0,0,0,0,0,0,0,1,2,0,0,1,1,1,2,2,0,5,0,0,0,1,2,0,0,0,0,1,2,0,0,0,0,1,2,0,1,2,2,1,2,0,0,0,0,0,0,1,1,1,1,2,2,1,2,2,1,2,0,5,0,0.0,,,,,,,,,,,,,,,,,,,,,,,,,,,,,,,,,,0,1.0,0.0,174.1,16.0,60.655
60,Very High,RPath,1358,16.0,4.0,4.0,37.0,55.0,73.0,0.2909090909090909,Asphalt,86.4,1.0,4,84.021,0.009,0.036,0.1851851851851851,0.009,73,4,4.0,walkways,SS,1,2,2,1,2,0,1,2,0,0,0,0,1,2,0,1,2,0,0,0,0,0,0,0,0,5,0,2,0,0,0,1,0,0,1,2,2,0,0,0,0,0,0,0,1,2,0,0,1,1,1,2,2,5,5,0,0,1,0,0,0,0,0,0,1,2,0,0,0,0,0,0,0,1,2,2,1,0,0,0,0,0,5,3,0,0,0,0,0,0,0,0,0,0,0,0,5,0,0.017,,,,,,,,,,,,,,,,,,,,,,,0.017,,,,,,,,,,,0,1.0,0.009,86.4,16.0,84.021
61,Very High,RPath,1544,16.0,4.0,4.0,0.0,0.0,0.0,,Asphalt,78.9,1.0,4,78.929,0.0,0.0,0.2027883396704689,0.0,70,4,4.0,walkways,SS,1,2,2,1,2,2,1,0,0,0,0,0,1,2,2,1,2,2,0,0,0,0,0,0,0,5,0,0,0,0,0,0,0,0,1,2,2,0,0,0,0,0,0,0,1,2,0,0,1,1,1,2,2,5,5,0,0,0,0,0,0,0,0,0,0,0,0,0,0,0,0,0,0,1,2,0,1,2,0,0,0,0,5,3,0,0,0,0,0,0,0,0,0,0,0,0,5,0,0.0,,,,,,,,,,,,,,,,,,,,,,,,,,,,,,,,,,0,1.0,0.0,78.9,16.0,78.929
62,High,RPath,87,15.0,5.0,3.0,167.0,250.0,334.0,0.06,Asphalt,172.9,2.0,5,172.637,0.048,0.24,0.0867553499132446,0.048,93,5,10.0,sidewalks,CON,1,2,2,0,0,0,0,0,0,1,0,0,1,2,2,1,2,0,0,0,0,1,2,2,5,0,0,0,1,0,0,1,2,0,1,2,2,0,0,0,1,2,2,5,1,2,2,0,1,1,1,2,2,5,5,0,0,1,1,2,2,1,2,0,1,0,0,1,0,0,1,0,0,1,0,0,1,2,0,0,0,0,0,3,1,1,1,1,0,0,0,0,0,0,0,0,5,0,0.156,,,,0.139,0.009,,,,,,,,,,,,0.009,,,,,,,,,,,,,,,,,1,2.0,0.048,172.9,25.0,172.637
63,High,RPath,89,15.0,5.0,3.0,270.0,406.0,541.0,0.03694581280788178,Asphalt,177.3,2.0,5,175.886,0.076,0.38,0.0846023688663282,0.076,95,5,10.0,sidewalks,HMAC,1,2,0,1,0,0,1,0,0,1,2,0,1,2,2,1,2,0,0,0,0,1,2,2,5,0,0,2,1,2,0,1,0,0,1,2,2,0,0,0,1,2,2,5,1,2,2,0,1,1,1,2,2,5,5,0,0,1,1,2,2,0,0,0,0,0,0,0,0,0,0,0,0,1,2,0,1,2,0,0,0,0,0,3,1,1,1,1,2,0,0,0,0,0,0,0,5,0,0.305,,,,0.305,,,,,,,,,,,,,,,,,,,,,,,,,,,,,,2,2.0,0.076,177.3,35.0,175.886
64,High,RPath,208,15.0,5.0,3.0,104.0,157.0,209.0,0.09554140127388536,Asphalt,290.2,2.0,5,290.076,0.022,0.1099999999999999,0.0516884906960716,0.022,88,5,10.0,sidewalks,HMAC,1,2,2,1,2,0,1,2,0,0,0,0,1,2,2,1,2,2,0,0,0,0,0,0,5,5,0,2,0,0,0,0,0,0,1,2,2,0,0,0,0,0,0,0,1,2,2,0,0,0,1,2,2,5,5,4,0,1,0,0,0,0,0,0,0,0,0,0,0,0,1,0,0,1,2,2,1,2,2,0,0,0,5,3,0,1,0,0,0,0,0,0,0,0,0,0,5,0,0.072,,,,0.067,0.005,,,,,,,,,,,,,,,,,,,,,,,,,,,,,1,2.0,0.022,290.2,25.0,290.076
65,High,RPath,213,15.0,5.0,3.0,54.0,80.0,107.0,0.1875,Asphalt,110.6,2.0,5,110.628,0.014,0.07,0.1356238698010849,0.014,94,5,10.0,sidewalks,CON,1,0,0,0,0,0,0,0,0,1,2,0,1,2,0,1,2,2,0,0,0,0,0,0,5,0,0,0,1,2,2,0,0,0,1,2,0,0,0,0,0,0,0,5,1,2,2,0,1,1,1,2,2,0,5,0,0,1,1,0,0,1,2,0,1,2,2,0,0,0,1,2,0,1,2,0,1,2,2,1,0,0,5,3,1,1,1,1,2,0,1,0,0,1,2,2,5,0,0.041,,,,0.027,,,,,,,,,,,0.014,,,,,,,,,,,,,,,,,,,1,2.0,0.014,110.6,25.0,110.628
66,High,RPath,216,15.0,5.0,3.0,476.0,713.0,951.0,0.021037868162692847,Asphalt,111.1,2.0,5,111.073,0.098,0.49,0.135013501350135,0.098,97,5,10.0,sidewalks,CON,1,0,0,0,0,0,0,0,0,1,2,0,1,0,0,1,2,2,0,0,0,0,0,0,5,5,0,0,1,2,2,0,0,0,1,2,0,0,0,0,0,0,0,5,1,2,2,0,1,1,1,2,2,0,5,0,0,1,1,0,0,1,2,0,1,2,2,0,0,0,1,2,0,1,2,0,1,2,2,1,0,0,5,3,1,1,1,1,2,0,1,0,0,1,2,2,5,0,0.311,,,,0.176,,,,,,,,,0.081,0.014,,,0.041,,,,,,,,,,,,,,,,,1,2.0,0.098,111.1,25.0,111.073
67,High,RPath,217,15.0,5.0,3.0,367.0,551.0,735.0,0.02722323049001815,Asphalt,110.0,2.0,5,110.03,0.065,0.325,0.1363636363636363,0.065,89,5,10.0,sidewalks,CON,1,2,0,1,0,0,0,0,0,1,2,0,1,0,0,1,2,2,0,0,0,0,0,0,5,0,0,2,1,2,2,0,0,0,1,0,0,0,0,0,0,0,0,5,1,2,2,0,1,1,1,2,2,0,5,0,0,1,1,0,0,1,0,0,1,2,2,0,0,0,1,2,0,1,2,0,1,2,2,0,0,0,5,0,1,1,1,1,2,0,1,0,0,1,2,2,5,0,0.232,,,,0.123,,,,,,,,,0.082,,,,0.027,,,,,,,,,,,,,,,,,0,2.0,0.065,110.0,15.0,110.03
68,High,RPath,261,15.0,5.0,3.0,294.0,440.0,587.0,0.03409090909090909,Asphalt,241.6,2.0,5,241.588,0.061,0.305,0.0620860927152317,0.061,92,5,10.0,sidewalks,CON,1,2,2,1,0,0,0,0,0,0,0,0,1,2,2,1,2,0,0,0,0,1,2,2,5,0,0,0,1,2,0,1,2,2,1,2,2,0,0,0,1,2,2,0,1,2,2,0,1,1,1,2,2,5,5,0,3,0,1,2,0,1,2,0,1,2,0,1,0,0,1,0,0,1,0,0,1,0,0,0,0,0,0,3,1,1,1,1,0,0,0,0,0,0,0,0,5,0,0.143,,,,0.093,0.025,,,,,,,,,,0.006,,0.019,,,,,,,,,,,,,,,,,4,2.0,0.061,241.6,45.0,241.588
69,High,RPath,319,15.0,5.0,3.0,637.0,956.0,1274.0,0.015690376569037656,Asphalt,114.2,2.0,5,113.809,0.085,0.425,0.1313485113835376,0.085,89,5,10.0,sidewalks,CON,1,2,2,0,0,0,0,0,0,1,0,0,1,2,2,1,2,2,0,0,0,1,2,2,5,5,0,0,1,0,0,1,2,0,1,2,2,0,0,0,1,2,2,0,1,2,2,0,1,0,1,2,2,5,5,0,0,0,1,2,0,1,2,0,1,0,0,1,0,0,1,0,0,1,0,0,1,0,0,0,0,0,0,3,1,1,1,1,0,0,0,0,0,0,0,0,5,0,0.328,,,,0.131,,,,,,,,,0.184,,,,0.013,,,,,,,,,,,,,,,,,0,2.0,0.085,114.2,15.0,113.809
70,High,RPath,320,15.0,5.0,3.0,306.0,459.0,612.0,0.032679738562091505,Asphalt,210.4,2.0,5,210.447,0.073,0.365,0.0712927756653992,0.073,88,5,10.0,sidewalks,CON,1,2,2,0,0,0,0,0,0,0,0,0,1,2,2,1,2,2,0,0,0,1,2,2,0,5,0,0,0,0,0,1,2,0,1,2,2,0,0,0,1,2,2,0,1,2,0,0,1,0,1,2,2,5,5,0,3,0,1,2,0,1,2,0,1,0,0,1,2,0,1,0,0,1,2,0,1,2,0,0,0,0,0,3,1,1,1,0,0,0,0,0,0,0,0,0,5,0,0.264,,,,0.249,0.007,,,,,,,,,,,,0.007,,,,,,,,,,,,,,,,,0,2.0,0.073,210.4,15.0,210.447
71,High,RPath,354,15.0,5.0,3.0,105.0,157.0,209.0,0.09554140127388536,Asphalt,361.1,2.0,5,357.605,0.024,0.12,0.0415397396842979,0.024,88,5,10.0,sidewalks,HMAC,1,2,2,1,2,0,1,2,0,0,0,0,1,2,2,1,2,2,0,0,0,1,2,2,0,5,0,2,0,0,0,0,0,0,1,2,2,0,0,0,0,0,0,0,1,2,2,0,1,1,1,2,2,5,5,0,0,1,0,0,0,0,0,0,0,0,0,0,0,0,1,2,2,1,2,0,1,2,0,0,0,0,0,0,1,0,0,1,2,2,0,0,0,1,2,2,5,0,0.058,,,,0.046,0.012,,,,,,,,,,,,,,,,,,,,,,,,,,,,,2,2.0,0.024,361.1,35.0,357.605
72,High,RPath,408,15.0,5.0,3.0,135.0,203.0,270.0,0.07389162561576355,Asphalt,81.2,2.0,5,81.242,0.083,0.415,0.1847290640394088,0.083,93,5,10.0,sidewalks,CON,1,2,0,1,0,0,1,0,0,1,2,0,1,2,0,1,0,0,0,0,0,1,2,0,5,5,0,2,1,2,0,1,0,0,1,2,2,0,0,0,1,2,2,5,1,2,2,0,1,1,1,2,2,5,5,0,0,1,1,2,2,0,0,0,0,0,0,0,0,0,0,0,0,1,2,0,1,2,0,0,0,0,0,3,1,0,1,1,2,0,0,0,0,0,0,0,5,0,0.185,,,,0.111,0.037,,,,,,,,,,0.037,,,,,,,,,,,,,,,,,,,1,2.0,0.083,81.2,25.0,81.242
73,High,RPath,409,15.0,5.0,3.0,128.0,193.0,257.0,0.07772020725388601,Asphalt,79.5,2.0,5,94.681,0.038,0.19,0.1886792452830188,0.038,91,5,10.0,sidewalks,CON,1,2,0,1,0,0,0,0,0,1,2,0,1,2,2,1,0,0,0,0,0,1,2,2,5,0,0,2,1,2,0,1,0,0,1,2,2,0,0,0,1,2,2,5,1,2,2,0,1,1,1,2,2,5,5,0,0,1,1,2,2,1,0,0,0,0,0,0,0,0,0,0,0,1,0,0,1,2,0,0,0,0,0,3,1,1,1,1,2,0,0,0,0,0,0,0,5,0,0.094,,,,0.038,,,,,,,,,,,,,0.057,,,,,,,,,,,,,,,,,1,2.0,0.038,79.5,25.0,94.681
74,High,RPath,461,15.0,5.0,3.0,90.0,135.0,180.0,0.1111111111111111,Asphalt,79.4,2.0,5,78.951,0.057,0.285,0.1889168765743072,0.057,86,5,10.0,sidewalks,HMAC,1,2,2,1,2,0,0,0,0,0,0,0,1,2,2,0,0,0,0,0,0,0,0,0,0,5,0,2,1,0,0,1,2,2,1,2,2,0,0,0,1,0,0,5,1,2,0,0,0,0,1,2,0,5,0,0,3,1,0,0,0,0,0,0,1,2,0,1,0,0,1,0,0,1,2,2,1,2,0,0,0,0,5,3,1,1,1,1,2,2,0,0,0,0,0,0,5,0,0.227,,,,0.227,,,,,,,,,,,,,,,,,,,,,,,,,,,,,,0,2.0,0.057,79.4,15.0,78.951
75,High,RPath,467,15.0,5.0,3.0,60.0,90.0,119.0,0.16666666666666666,Asphalt,87.8,2.0,5,87.431,0.021,0.105,0.1708428246013667,0.021,90,5,10.0,sidewalks,HMAC,1,2,2,1,2,0,1,0,0,0,0,0,1,2,2,1,2,2,0,0,0,1,0,0,5,0,0,2,0,0,0,0,0,0,1,2,2,0,0,0,0,0,0,5,1,2,2,0,1,1,1,2,2,5,5,0,0,1,0,0,0,0,0,0,0,0,0,0,0,0,0,0,0,1,2,2,1,2,0,0,0,0,5,0,1,1,0,1,2,2,0,0,0,1,2,2,5,0,0.068,,,,0.051,,,,,,,,,,,0.017,,,,,,,,,,,,,,,,,,,0,2.0,0.021,87.8,15.0,87.431
76,High,RPath,641,15.0,5.0,3.0,143.0,214.0,285.0,0.07009345794392523,Asphalt,82.7,2.0,5,82.649,0.086,0.4299999999999999,0.181378476420798,0.086,94,5,10.0,sidewalks,HMAC,1,2,0,1,0,0,0,0,0,0,0,0,1,2,2,1,2,2,1,0,0,0,0,0,5,0,0,2,0,0,0,1,2,2,1,2,2,0,0,0,0,0,0,5,1,2,2,0,1,1,1,2,2,5,5,0,3,1,0,0,0,0,0,0,1,2,0,0,0,0,1,2,0,1,2,2,1,2,0,0,0,0,5,3,1,0,0,1,2,0,0,0,0,0,0,0,5,0,0.345,,,,0.345,,,,,,,,,,,,,,,,,,,,,,,,,,,,,,0,2.0,0.086,82.7,15.0,82.649
77,High,RPath,644,15.0,5.0,3.0,75.0,113.0,150.0,0.13274336283185842,Asphalt,79.6,2.0,5,79.308,0.075,0.375,0.1884422110552764,0.075,91,5,10.0,sidewalks,CON,1,2,0,1,0,0,0,0,0,0,0,0,1,2,2,1,2,2,1,0,0,0,0,0,5,5,0,0,0,0,0,1,2,2,1,2,2,0,0,0,0,0,0,5,1,2,2,0,1,1,1,2,2,5,5,0,3,1,0,0,0,0,0,0,1,2,0,0,0,0,1,2,0,1,2,2,1,2,0,0,0,0,0,3,0,0,0,1,2,0,0,0,0,0,0,0,5,0,0.188,,,,0.151,0.038,,,,,,,,,,,,,,,,,,,,,,,,,,,,,0,2.0,0.075,79.6,15.0,79.308
78,High,RPath,646,15.0,5.0,3.0,135.0,202.0,270.0,0.07425742574257425,Asphalt,84.5,2.0,5,81.026,0.08,0.4,0.1775147928994082,0.08,95,5,10.0,sidewalks,HMAC,1,2,0,1,2,0,0,0,0,0,0,0,1,2,2,1,2,2,0,0,0,0,0,0,5,0,0,2,0,0,0,1,2,2,1,2,2,0,0,0,0,0,0,5,1,2,0,0,1,1,1,2,2,5,5,0,0,1,0,0,0,0,0,0,1,2,2,0,0,0,1,2,2,1,2,2,1,2,2,0,0,0,5,3,0,0,0,1,2,0,0,0,0,0,0,0,5,0,0.319,,,,0.319,,,,,,,,,,,,,,,,,,,,,,,,,,,,,,1,2.0,0.08,84.5,25.0,81.026
79,High,RPath,647,15.0,5.0,3.0,364.0,546.0,728.0,0.027472527472527472,Asphalt,279.9,2.0,5,198.175,0.066,0.33,0.0535905680600214,0.066,95,5,10.0,sidewalks,HMAC,1,2,0,1,2,0,1,0,0,0,0,0,1,2,2,1,2,2,0,0,0,0,0,0,0,5,0,2,0,0,0,1,2,0,1,2,2,0,0,0,0,0,0,5,1,2,0,0,1,1,1,2,2,5,5,0,0,1,0,0,0,0,0,0,1,2,2,0,0,0,1,2,2,1,2,0,1,2,2,0,0,0,5,3,0,0,1,1,2,2,0,0,0,0,0,0,5,0,0.241,,,,0.23,0.005,,,,,,,,,,,,0.005,,,,,,,,,,,,,,,,,1,2.0,0.066,279.9,25.0,198.175
80,High,RPath,664,15.0,5.0,3.0,60.0,90.0,120.0,0.16666666666666666,Asphalt,95.2,2.0,5,94.679,0.091,0.4549999999999999,0.157563025210084,0.091,87,5,10.0,sidewalks,CON,1,2,2,1,0,0,1,0,0,1,2,0,1,2,2,0,0,0,0,0,0,1,2,2,0,5,0,2,0,0,0,0,0,0,1,2,0,0,0,0,0,0,0,5,0,0,0,0,1,1,1,2,2,5,0,0,3,1,0,0,0,0,0,0,1,2,0,1,2,2,1,2,2,1,2,0,1,2,2,0,0,0,5,3,1,0,1,0,0,0,0,0,0,0,0,0,5,0,0.126,,,,0.047,0.079,,,,,,,,,,,,,,,,,,,,,,,,,,,,,0,2.0,0.091,95.2,15.0,94.679
81,High,RPath,676,15.0,5.0,3.0,240.0,360.0,481.0,0.041666666666666664,Asphalt,75.1,2.0,5,75.478,0.08,0.4,0.1997336884154461,0.08,88,5,10.0,sidewalks,HMAC,1,2,0,1,2,0,1,2,0,1,2,0,1,2,2,1,0,0,0,0,0,0,0,0,0,5,0,2,1,2,0,0,0,0,1,0,0,0,0,0,1,0,0,5,1,2,0,0,0,0,1,2,0,5,5,0,3,1,0,0,0,0,0,0,1,2,2,0,0,0,0,0,0,1,2,2,1,2,2,0,0,0,5,3,1,0,0,1,2,0,0,0,0,1,0,0,5,0,0.26,0.02,,,0.24,,,,,,,,,,,,,,,,,,,,,,,,,,,,,,0,2.0,0.08,75.1,15.0,75.478
82,High,RPath,684,15.0,5.0,3.0,225.0,337.0,449.0,0.04451038575667656,Asphalt,108.5,2.0,5,107.108,0.052,0.26,0.1382488479262673,0.052,86,5,10.0,sidewalks,CON,1,2,0,1,2,0,1,0,0,1,2,0,1,2,0,1,0,0,0,0,0,0,0,0,5,0,0,2,1,2,2,0,0,0,1,2,2,0,0,0,0,0,0,5,1,2,2,0,0,0,1,2,2,5,5,0,0,1,0,0,0,1,0,0,1,2,2,0,0,0,0,0,0,1,2,0,1,2,2,0,0,0,5,3,1,0,0,0,0,0,0,0,0,1,0,0,5,0,0.138,,,,0.069,,,,,,,,,,,,,0.069,,,,,,,,,,,,,,,,,0,2.0,0.052,108.5,15.0,107.108
83,High,RPath,687,15.0,5.0,3.0,172.0,258.0,344.0,0.05813953488372093,Asphalt,114.8,2.0,5,114.162,0.065,0.325,0.1306620209059233,0.065,92,5,10.0,sidewalks,CON,1,2,2,1,0,0,0,0,0,1,2,2,1,2,2,1,0,0,0,0,0,0,0,0,5,0,0,2,1,2,2,0,0,0,1,2,2,0,0,0,0,0,0,5,1,2,2,0,1,0,1,2,2,5,5,0,0,1,0,0,0,1,2,0,1,2,0,0,0,0,0,0,0,1,2,0,1,2,2,0,0,0,5,0,1,1,1,1,0,0,0,0,0,1,2,0,5,0,0.248,,,,0.235,,,,,,,,,,,0.013,,,,,,,,,,,,,,,,,,,1,2.0,0.065,114.8,25.0,114.162
84,High,RPath,688,15.0,5.0,3.0,98.0,146.0,195.0,0.10273972602739725,Asphalt,70.4,2.0,5,70.269,0.069,0.345,0.2130681818181818,0.069,97,5,10.0,sidewalks,CON,1,2,2,1,0,0,0,0,0,1,2,2,1,2,2,1,0,0,0,0,0,0,0,0,5,5,0,2,1,2,2,0,0,0,1,2,2,0,0,0,0,0,0,5,1,2,2,0,0,0,1,2,2,5,5,0,0,0,0,0,0,1,2,0,1,2,2,0,0,0,0,0,0,1,2,0,1,2,2,0,0,0,5,3,1,1,1,0,0,0,0,0,0,1,0,0,5,0,0.277,,,,0.277,,,,,,,,,,,,,,,,,,,,,,,,,,,,,,1,2.0,0.069,70.4,25.0,70.269
85,High,RPath,693,15.0,5.0,3.0,173.0,260.0,347.0,0.057692307692307696,Asphalt,72.8,2.0,5,72.76,0.098,0.49,0.206043956043956,0.098,87,5,10.0,sidewalks,HMAC,1,2,0,1,0,0,0,0,0,1,2,2,1,2,2,1,2,0,0,0,0,0,0,0,5,0,0,2,1,2,2,0,0,0,1,2,2,0,0,0,0,0,0,0,1,2,0,0,1,0,1,2,2,5,5,0,0,1,0,0,0,1,2,2,1,2,0,0,0,0,0,0,0,1,2,2,1,2,2,0,0,0,0,3,1,1,1,1,0,0,0,0,0,1,2,0,5,0,0.392,,,,0.371,,,,,,,0.021,,,,,,,,,,,,,,,,,,,,,,,0,2.0,0.098,72.8,15.0,72.76
86,High,RPath,694,15.0,5.0,3.0,293.0,439.0,585.0,0.03416856492027335,Asphalt,113.4,2.0,5,114.014,0.089,0.4449999999999999,0.1322751322751322,0.089,98,5,10.0,sidewalks,HMAC,1,2,0,1,0,0,0,0,0,1,2,2,1,2,0,1,0,0,0,0,0,0,0,0,5,5,0,2,1,2,2,0,0,0,1,2,2,0,0,0,0,0,0,5,1,2,2,0,1,0,1,2,2,5,5,0,0,1,0,0,0,1,2,0,1,2,2,0,0,0,0,0,0,1,2,0,1,2,2,0,0,0,5,3,1,1,1,1,0,0,0,0,0,1,2,0,5,0,0.304,,,,0.251,,,,,,,,,,,0.013,,0.04,,,,,,,,,,,,,,,,,0,2.0,0.089,113.4,15.0,114.014
87,High,RPath,711,15.0,5.0,3.0,368.0,552.0,735.0,0.02717391304347826,Asphalt,241.9,2.0,5,241.755,0.081,0.405,0.0620090946672178,0.081,98,5,10.0,sidewalks,HMAC,1,2,0,1,2,0,1,0,0,1,2,0,1,2,2,1,2,0,0,0,0,0,0,0,5,0,0,2,1,2,2,0,0,0,1,0,0,0,0,0,0,0,0,5,1,2,0,0,1,1,1,2,2,5,5,0,3,1,1,0,0,0,0,0,1,2,2,0,0,0,1,0,0,1,2,0,1,2,2,0,0,0,5,3,1,1,1,1,2,0,1,0,0,1,2,0,5,0,0.304,,,,0.298,0.006,,,,,,,,,,,,,,,,,,,,,,,,,,,,,1,2.0,0.081,241.9,25.0,241.755
88,High,RPath,715,15.0,5.0,3.0,366.0,549.0,732.0,0.0273224043715847,Asphalt,240.7,2.0,5,241.137,0.072,0.36,0.0623182384711258,0.072,92,5,10.0,sidewalks,HMAC,1,2,0,1,2,0,1,0,0,1,0,0,1,2,2,1,2,0,0,0,0,0,0,0,5,0,0,2,1,2,2,0,0,0,1,2,0,0,0,0,0,0,0,5,1,2,0,0,1,1,1,2,2,5,5,0,0,1,1,0,0,1,0,0,1,2,2,0,0,0,1,0,0,1,0,0,1,2,2,0,0,0,5,3,1,1,1,1,0,0,1,0,0,1,2,0,5,0,0.28,,,,0.274,,,,,,,,,,,,,0.006,,,,,,,,,,,,,,,,,0,2.0,0.072,240.7,15.0,241.137
89,High,RPath,720,15.0,5.0,3.0,238.0,357.0,476.0,0.04201680672268908,Asphalt,74.1,2.0,5,72.853,0.081,0.405,0.2024291497975708,0.081,89,5,10.0,sidewalks,CON,1,0,0,0,0,0,0,0,0,1,2,0,1,2,0,1,2,2,0,0,0,0,0,0,5,0,0,2,1,2,2,0,0,0,1,2,0,0,0,0,0,0,0,5,1,2,0,0,1,1,1,2,2,0,5,0,0,1,0,0,0,1,2,0,1,2,2,0,0,0,1,0,0,1,2,0,1,2,2,0,0,0,5,3,1,1,1,1,2,0,0,0,0,1,2,2,5,0,0.263,,,0.02,0.243,,,,,,,,,,,,,,,,,,,,,,,,,,,,,,0,2.0,0.081,74.1,15.0,72.853
90,High,RPath,722,15.0,5.0,3.0,44.0,67.0,89.0,0.22388059701492538,Asphalt,73.9,2.0,5,73.533,0.015,0.075,0.20297699594046,0.015,88,5,10.0,sidewalks,CON,1,0,0,0,0,0,0,0,0,1,2,0,1,2,0,1,2,2,0,0,0,0,0,0,5,0,0,0,1,2,2,0,0,0,1,2,0,0,0,0,0,0,0,5,1,2,0,0,1,1,1,2,2,0,5,0,0,1,0,0,0,1,2,0,1,2,2,0,0,0,1,0,0,1,2,0,1,2,2,0,0,0,5,3,1,1,1,1,2,0,1,0,0,1,2,2,5,0,0.041,,,,0.02,,,,,,,,,,,,,0.02,,,,,,,,,,,,,,,,,0,2.0,0.015,73.9,15.0,73.533
91,High,RPath,731,15.0,5.0,3.0,224.0,336.0,448.0,0.044642857142857144,Asphalt,109.7,2.0,5,110.705,0.082,0.41,0.1367365542388331,0.082,86,5,10.0,sidewalks,CON,1,0,0,0,0,0,0,0,0,1,2,0,1,2,0,1,2,2,0,0,0,0,0,0,5,0,0,0,1,2,2,0,0,0,1,2,0,0,0,0,0,0,0,0,1,2,2,0,1,1,1,2,2,0,5,0,3,1,0,0,0,1,2,0,1,2,0,0,0,0,1,2,0,1,2,0,1,2,2,1,0,0,0,3,1,1,1,1,2,2,1,0,0,1,2,2,5,0,0.301,,,,0.273,,,,,,,,,,,,,0.027,,,,,,,,,,,,,,,,,3,2.0,0.082,109.7,45.0,110.705
92,High,RPath,748,15.0,5.0,3.0,239.0,359.0,479.0,0.04178272980501393,Asphalt,92.2,2.0,5,92.165,0.094,0.47,0.1626898047722342,0.094,86,5,10.0,sidewalks,CON,1,0,0,0,0,0,0,0,0,1,2,0,1,2,0,1,2,2,0,0,0,0,0,0,5,0,0,0,1,2,2,0,0,0,1,2,0,0,0,0,0,0,0,0,1,2,2,0,1,1,1,2,2,0,5,0,3,1,1,0,0,1,2,0,1,2,0,0,0,0,1,2,0,1,2,2,1,2,2,1,0,0,0,0,1,1,1,1,2,2,1,0,0,1,2,2,5,0,0.195,,,,0.081,0.033,,,,,,,,,,,,0.081,,,,,,,,,,,,,,,,,2,2.0,0.094,92.2,35.0,92.165
93,High,RPath,770,15.0,5.0,3.0,135.0,202.0,269.0,0.07425742574257425,Asphalt,91.5,2.0,5,81.19,0.098,0.49,0.1639344262295081,0.098,86,5,10.0,sidewalks,PB,1,2,0,1,2,0,0,0,0,0,0,0,1,2,0,0,0,0,0,0,0,0,0,0,5,0,0,2,0,0,0,1,0,0,1,2,2,0,0,0,0,0,0,5,1,2,2,0,0,0,1,2,2,5,5,4,3,1,0,0,0,0,0,0,1,2,0,1,2,2,1,2,0,1,0,0,1,2,0,0,0,0,5,3,1,0,1,1,0,0,0,0,0,0,0,0,5,0,0.098,,,,,0.049,,,,,,,,,,,0.049,,,,,,,,,,,,,,,,,,0,2.0,0.098,91.5,15.0,81.19
94,High,RPath,813,15.0,5.0,3.0,194.0,291.0,387.0,0.05154639175257732,Asphalt,147.3,2.0,5,147.299,0.074,0.37,0.1018329938900203,0.074,94,5,10.0,sidewalks,CON,1,2,2,1,0,0,0,0,0,1,2,2,1,2,2,1,0,0,0,0,0,0,0,0,5,5,0,0,1,2,2,0,0,0,1,2,2,0,0,0,0,0,0,5,1,2,0,0,0,0,1,2,2,5,5,0,3,1,0,0,0,1,2,0,1,2,0,0,0,0,0,0,0,1,2,2,1,2,2,0,0,0,5,0,1,1,1,0,0,0,0,0,0,1,0,0,5,0,0.183,,,,0.132,0.031,,,,,,,,,,,,0.02,,,,,,,,,,,,,,,,,1,2.0,0.074,147.3,25.0,147.299
95,High,RPath,816,15.0,5.0,3.0,383.0,575.0,767.0,0.02608695652173913,Asphalt,202.8,2.0,5,197.729,0.05,0.25,0.0739644970414201,0.05,92,5,10.0,sidewalks,CON,1,2,2,0,0,0,0,0,0,1,2,0,1,0,0,0,0,0,0,0,0,0,0,0,5,5,0,0,1,2,2,1,2,0,1,0,0,0,0,0,1,0,0,0,1,2,0,0,1,1,1,2,2,5,5,0,3,0,1,2,0,0,0,0,1,2,2,0,0,0,1,2,0,1,2,2,1,2,0,0,0,0,0,0,1,1,1,1,2,2,1,2,2,1,2,0,5,0,0.17,,,,0.118,,,,,,,,,0.022,,,,0.03,,,,,,,,,,,,,,,,,0,2.0,0.05,202.8,15.0,197.729
96,High,RPath,879,15.0,5.0,3.0,52.0,79.0,105.0,0.189873417721519,Asphalt,187.0,2.0,5,187.014,0.014,0.07,0.0802139037433155,0.014,87,5,10.0,sidewalks,CON,1,2,2,1,2,2,1,2,2,0,0,0,1,2,2,1,2,0,0,0,0,1,2,2,0,5,0,2,0,0,0,0,0,0,1,2,2,0,0,0,0,0,0,0,1,2,2,0,0,0,1,2,2,5,5,0,3,0,0,0,0,0,0,0,0,0,0,0,0,0,1,2,2,1,2,2,1,2,0,0,0,0,0,3,1,0,1,1,0,0,0,0,0,0,0,0,5,0,0.056,,,,0.056,,,,,,,,,,,,,,,,,,,,,,,,,,,,,,0,2.0,0.014,187.0,15.0,187.014
97,High,RPath,959,15.0,5.0,3.0,216.0,324.0,432.0,0.046296296296296294,Asphalt,91.4,2.0,5,91.836,0.07,0.35,0.1641137855579868,0.07,90,5,10.0,sidewalks,CON,1,2,2,0,0,0,0,0,0,1,2,2,0,0,0,1,2,0,0,0,0,0,0,0,5,0,0,0,1,2,2,0,0,0,0,0,0,0,0,0,0,0,0,0,1,2,2,0,1,1,1,2,2,0,5,0,3,1,1,2,0,0,0,0,1,2,2,0,0,0,1,2,2,1,2,0,1,2,2,1,0,0,5,0,1,1,1,1,2,2,1,2,0,1,2,0,5,0,0.213,,,,0.148,,,,,,,,,,,0.016,,0.049,,,,,,,,,,,,,,,,,0,2.0,0.07,91.4,15.0,91.836
98,High,RPath,964,15.0,5.0,3.0,151.0,226.0,301.0,0.06637168141592921,Asphalt,91.9,2.0,5,91.856,0.057,0.285,0.163220892274211,0.057,86,5,10.0,sidewalks,CON,1,2,2,0,0,0,0,0,0,1,2,0,0,0,0,1,2,0,0,0,0,0,0,0,5,0,0,0,1,2,2,0,0,0,0,0,0,0,0,0,0,0,0,0,1,2,2,0,1,1,1,2,2,0,5,0,0,1,1,0,0,1,0,0,1,2,0,0,0,0,1,2,2,1,2,2,1,2,2,1,2,2,5,0,1,1,1,1,2,0,1,2,0,1,2,0,5,0,0.196,,,,0.163,,,,,,,,,,,,,0.033,,,,,,,,,,,,,,,,,0,2.0,0.057,91.9,15.0,91.856
99,High,RPath,969,15.0,5.0,3.0,90.0,135.0,180.0,0.1111111111111111,Asphalt,73.8,2.0,5,73.82,0.061,0.305,0.2032520325203252,0.061,87,5,10.0,sidewalks,CON,1,2,2,0,0,0,0,0,0,1,2,0,0,0,0,1,0,0,0,0,0,0,0,0,5,0,0,0,1,2,2,0,0,0,1,0,0,0,0,0,0,0,0,0,1,2,2,0,1,1,1,2,2,0,5,0,3,1,1,2,0,0,0,0,1,2,0,0,0,0,1,2,0,1,2,0,1,2,2,1,2,0,5,0,1,1,1,1,2,0,1,2,2,1,2,2,5,0,0.244,,,,0.244,,,,,,,,,,,,,,,,,,,,,,,,,,,,,,0,2.0,0.061,73.8,15.0,73.82
100,High,RPath,1006,15.0,5.0,3.0,405.0,608.0,810.0,0.024671052631578948,Asphalt,247.8,2.0,5,247.689,0.082,0.41,0.0605326876513317,0.082,99,5,10.0,sidewalks,HMAC,1,2,2,1,2,0,0,0,0,0,0,0,1,2,2,0,0,0,0,0,0,0,0,0,0,5,0,2,1,2,2,1,2,2,1,2,2,0,0,0,1,2,0,5,1,2,2,0,1,0,1,2,2,5,0,0,3,1,1,0,0,0,0,0,1,2,0,1,0,0,1,0,0,1,2,2,1,2,0,0,0,0,5,3,1,1,1,1,2,2,1,0,0,0,0,0,5,0,0.327,,,,0.327,,,,,,,,,,,,,,,,,,,,,,,,,,,,,,0,2.0,0.082,247.8,15.0,247.689
101,High,RPath,1079,15.0,5.0,3.0,78.0,117.0,155.0,0.1282051282051282,Asphalt,194.2,2.0,5,158.037,0.012,0.06,0.0772399588053553,0.012,97,5,10.0,sidewalks,PB,1,2,2,1,2,0,0,0,0,0,0,0,1,2,2,0,0,0,0,0,0,0,0,0,5,5,0,2,1,0,0,1,2,2,1,2,2,0,0,0,1,0,0,5,1,2,2,0,0,0,1,2,2,5,0,0,3,1,0,0,0,0,0,0,1,2,0,1,0,0,1,0,0,1,2,2,1,2,2,0,0,0,5,3,1,1,1,1,2,2,0,0,0,0,0,0,5,0,0.015,,,,,,,,,,,,,,,,,0.008,0.008,,,,,,,,,,,,,,,,1,2.0,0.012,194.2,25.0,158.037
102,High,RPath,1207,15.0,5.0,3.0,233.0,349.0,466.0,0.04297994269340974,Asphalt,89.7,2.0,5,89.668,0.079,0.395,0.1672240802675585,0.079,87,5,10.0,sidewalks,CON,1,2,2,0,0,0,0,0,0,1,2,2,0,0,0,1,2,0,0,0,0,0,0,0,5,0,0,0,1,2,2,0,0,0,0,0,0,0,0,0,0,0,0,0,1,2,0,0,1,1,1,2,2,0,0,0,3,1,1,2,2,0,0,0,1,2,2,0,0,0,1,2,2,1,2,0,1,2,2,1,0,0,5,0,1,1,1,1,2,2,1,2,2,1,2,0,5,0,0.251,,,,0.184,,,,,,,,,,,,,0.067,,,,,,,,,,,,,,,,,0,2.0,0.079,89.7,15.0,89.668
103,High,RPath,1208,15.0,5.0,3.0,97.0,146.0,195.0,0.10273972602739725,Asphalt,71.6,2.0,5,71.597,0.052,0.26,0.2094972067039106,0.052,87,5,10.0,sidewalks,CON,1,2,2,0,0,0,0,0,0,1,2,2,0,0,0,1,2,0,0,0,0,0,0,0,5,0,0,0,1,2,2,0,0,0,0,0,0,0,0,0,0,0,0,0,1,2,0,0,1,1,1,2,2,0,0,0,3,1,1,2,0,0,0,0,1,2,2,0,0,0,1,2,2,1,2,0,1,2,2,1,2,0,5,0,1,1,1,1,2,2,1,2,2,1,2,0,5,0,0.188,,,,0.167,,,,,,,,,,,,,0.021,,,,,,,,,,,,,,,,,0,2.0,0.052,71.6,15.0,71.597
104,High,RPath,1229,15.0,5.0,3.0,118.0,177.0,235.0,0.0847457627118644,Asphalt,313.8,2.0,5,312.864,0.014,0.07,0.0478011472275334,0.014,91,5,10.0,sidewalks,PB,1,2,2,1,2,2,0,0,0,0,0,0,1,2,0,0,0,0,0,0,0,0,0,0,0,5,0,2,1,0,0,1,2,2,1,2,2,0,0,0,1,0,0,0,1,2,2,0,1,0,1,2,2,5,5,4,3,0,0,0,0,0,0,0,1,2,0,1,2,0,1,2,0,1,2,0,1,0,0,0,0,0,5,0,1,1,1,1,2,2,0,0,0,0,0,0,5,0,0.014,,,,,,,,,,,,0.005,,,,,,0.01,,,,,,,,,,,,,,,,2,2.0,0.014,313.8,35.0,312.864
105,High,RPath,1231,15.0,5.0,3.0,30.0,45.0,60.0,0.3333333333333333,Asphalt,285.2,2.0,5,285.168,0.017,0.085,0.0525946704067321,0.017,86,5,10.0,sidewalks,CON,1,2,0,1,2,0,0,0,0,0,0,0,1,2,2,0,0,0,0,0,0,0,0,0,5,0,0,2,0,0,0,1,0,0,1,2,2,0,0,0,0,0,0,5,1,2,2,0,0,0,1,2,2,5,0,4,0,1,0,0,0,0,0,0,1,2,2,1,2,2,1,2,2,1,0,0,1,2,2,0,0,0,5,3,1,0,1,1,0,0,0,0,0,0,0,0,5,0,0.021,,,,0.005,0.016,,,,,,,,,,,,,,,,,,,,,,,,,,,,,1,2.0,0.017,285.2,25.0,285.168
106,High,RPath,1255,15.0,5.0,3.0,83.0,125.0,167.0,0.12,Asphalt,127.2,2.0,5,127.168,0.024,0.12,0.1179245283018868,0.024,97,5,10.0,sidewalks,CON,1,2,2,1,2,2,1,2,0,1,2,0,1,2,2,0,0,0,0,0,0,1,2,0,5,5,0,2,1,2,0,0,0,0,1,2,0,0,0,0,1,0,0,5,1,2,2,0,1,0,1,2,0,5,5,0,0,1,1,0,0,0,0,0,1,0,0,0,0,0,0,0,0,1,2,2,1,2,2,0,0,0,5,3,1,0,0,1,2,0,0,0,0,0,0,0,5,0,0.083,,,,0.071,,,,,,,,,,,,,0.012,,,,,,,,,,,,,,,,,0,2.0,0.024,127.2,15.0,127.168
107,High,RPath,1256,15.0,5.0,3.0,304.0,457.0,609.0,0.03282275711159737,Asphalt,265.9,2.0,5,265.912,0.028,0.14,0.0564121850319669,0.028,101,5,10.0,sidewalks,CON,1,2,0,1,2,0,1,2,0,1,2,0,1,2,2,1,0,0,0,0,0,1,0,0,5,5,0,2,1,2,0,0,0,0,1,2,0,0,0,0,1,0,0,5,1,2,2,0,1,0,1,2,0,5,5,0,3,1,1,0,0,1,0,0,1,2,2,0,0,0,0,0,0,1,2,2,1,2,2,0,0,0,5,3,1,0,0,1,2,0,0,0,0,1,0,0,5,0,0.073,,,,0.034,,,,,,,,,,,,,0.039,,,,,,,,,,,,,,,,,0,2.0,0.028,265.9,15.0,265.912
108,High,RPath,1343,15.0,5.0,3.0,189.0,283.0,378.0,0.053003533568904596,Asphalt,609.4,2.0,5,304.312,0.015,0.075,0.0246143747948802,0.015,86,5,10.0,sidewalks,HMAC,1,2,2,1,2,2,1,2,0,0,0,0,1,2,2,1,0,0,0,0,0,1,2,2,0,5,0,2,0,0,0,1,2,2,1,2,2,0,0,0,0,0,0,0,1,0,0,0,1,1,1,2,2,5,0,0,3,1,0,0,0,0,0,0,1,2,0,0,0,0,1,2,0,1,2,0,1,2,2,0,0,0,5,3,1,0,0,0,0,0,0,0,0,0,0,0,5,0,0.062,,,,0.062,,,,,,,,,,,,,,,,,,,,,,,,,,,,,,0,2.0,0.015,609.4,15.0,304.312
109,High,RPath,38,12.0,4.0,3.0,68.0,101.0,135.0,0.1188118811881188,Asphalt,138.0,2.0,4,135.872,0.014,0.056,0.0869565217391304,0.014,67,4,8.0,sidewalks,CON,0,0,0,1,2,2,0,0,0,0,0,0,1,2,2,0,0,0,0,0,0,0,0,0,5,5,3,2,0,0,0,1,2,2,1,2,2,0,0,0,0,0,0,0,1,2,0,0,0,0,1,2,2,5,0,4,0,1,0,0,0,0,0,0,0,0,0,0,0,0,1,2,0,1,2,0,0,0,0,0,0,0,0,0,1,1,1,0,0,0,0,0,0,0,0,0,5,0,0.054,,,,0.043,,,,,,,,,0.011,,,,,,,,,,,,,,,,,,,,,0,2.0,0.014,138.0,12.0,135.872
110,High,RPath,78,12.0,4.0,3.0,81.0,122.0,162.0,0.09836065573770492,Asphalt,144.9,2.0,4,144.911,0.021,0.084,0.082815734989648,0.021,69,4,8.0,sidewalks,HMAC,1,2,2,1,2,2,1,0,0,0,0,0,0,0,0,1,2,2,0,0,0,0,0,0,0,0,0,2,0,0,0,0,0,0,1,2,2,0,0,0,0,0,0,0,1,0,0,0,1,1,1,2,2,5,5,4,0,1,0,0,0,0,0,0,1,0,0,0,0,0,0,0,0,0,0,0,1,2,2,0,0,0,5,3,1,1,1,0,0,0,1,0,0,0,0,0,5,0,0.072,,,,0.062,,,,,,,,,,,,,0.01,,,,,,,,,,,,,,,,,0,2.0,0.021,144.9,12.0,144.911
111,High,RPath,101,12.0,4.0,3.0,134.0,201.0,269.0,0.05970149253731343,Asphalt,180.3,2.0,4,101.92,0.048,0.192,0.0665557404326123,0.048,84,5,8.0,sidewalks,HMAC,1,2,0,1,2,0,1,0,0,0,0,0,1,2,0,1,2,0,0,0,0,0,0,0,0,0,0,2,0,0,0,1,2,0,1,2,2,0,0,0,0,0,0,5,1,0,0,0,1,1,1,2,2,5,5,0,0,1,0,0,0,0,0,0,1,2,2,0,0,0,1,2,2,1,2,0,1,2,2,0,0,0,5,3,0,0,1,1,2,2,0,0,0,0,0,0,5,0,0.116,,,,0.092,0.017,,,,,,,,,,,0.008,,,,,,,,,,,,,,,,,,0,2.0,0.048,180.3,12.0,101.92
112,High,RPath,127,12.0,4.0,3.0,932.0,1398.0,1864.0,0.008583690987124463,Asphalt,203.9,2.0,4,203.871,0.057,0.228,0.0588523786169691,0.057,68,4,8.0,sidewalks,CON,1,0,0,1,2,2,1,0,0,1,0,0,1,2,2,0,0,0,0,0,0,0,0,0,5,5,0,2,0,0,0,1,2,2,1,2,2,0,0,0,0,0,0,0,1,2,0,0,0,0,1,2,2,5,0,4,0,1,0,0,0,0,0,0,0,0,0,0,0,0,1,2,0,1,2,0,1,0,0,0,0,0,0,0,1,1,1,0,0,0,0,0,0,0,0,0,5,0,0.206,,,,0.022,0.007,,,,,,,,0.177,,,,,,,,,,,,,,,,,,,,,0,2.0,0.057,203.9,12.0,203.871
113,High,RPath,136,12.0,4.0,3.0,210.0,315.0,419.0,0.0380952380952381,Asphalt,85.6,2.0,4,86.384,0.096,0.384,0.1401869158878504,0.096,79,4,8.0,sidewalks,HMAC,1,2,0,1,2,0,1,2,0,0,0,0,1,2,0,1,0,0,0,0,0,1,2,0,0,0,0,2,0,0,0,0,0,0,1,2,2,0,0,0,0,0,0,5,1,2,2,0,1,1,1,2,2,5,5,4,0,1,0,0,0,0,0,0,0,0,0,0,0,0,0,0,0,1,2,2,1,2,0,0,0,0,5,3,1,0,1,1,0,0,0,0,0,0,0,0,5,0,0.35,,,,0.315,,,,,,,,,,,,,0.035,,,,,,,,,,,,,,,,,0,2.0,0.096,85.6,12.0,86.384
114,High,RPath,137,12.0,4.0,3.0,316.0,473.0,631.0,0.02536997885835095,Asphalt,318.8,2.0,4,320.215,0.049,0.196,0.0376411543287327,0.049,79,4,8.0,sidewalks,HMAC,1,2,0,1,2,0,1,0,0,0,0,0,1,2,0,1,0,0,0,0,0,1,2,0,0,0,0,2,0,0,0,0,0,0,1,2,2,0,0,0,0,0,0,5,1,2,2,0,1,1,1,2,2,5,5,4,0,1,0,0,0,0,0,0,0,0,0,1,0,0,1,0,0,1,2,2,1,2,0,0,0,0,5,3,1,0,1,1,0,0,0,0,0,0,0,0,5,0,0.198,,,,0.198,,,,,,,,,,,,,,,,,,,,,,,,,,,,,,1,2.0,0.049,318.8,22.0,320.215
115,High,RPath,146,12.0,4.0,3.0,97.0,146.0,195.0,0.0821917808219178,Asphalt,74.9,2.0,4,75.418,0.035,0.14,0.1602136181575433,0.035,67,4,8.0,sidewalks,CON,1,2,2,0,0,0,0,0,0,1,2,2,0,0,0,1,0,0,0,0,0,0,0,0,5,0,0,0,1,2,2,1,0,0,1,0,0,0,0,0,1,0,0,0,1,2,0,0,1,1,1,2,0,0,0,0,0,1,1,2,2,0,0,0,1,2,0,0,0,0,1,2,0,1,2,0,1,2,0,0,0,0,0,0,1,1,1,1,2,2,1,2,0,1,0,0,5,0,0.1,,,,0.06,,,,,,,,,,,,,0.04,,,,,,,,,,,,,,,,,0,2.0,0.035,74.9,12.0,75.418
116,High,RPath,150,12.0,4.0,3.0,385.0,577.0,770.0,0.02079722703639515,Asphalt,117.0,2.0,4,113.54,0.055,0.22,0.1025641025641025,0.055,76,4,8.0,sidewalks,CON,1,2,2,0,0,0,0,0,0,1,2,0,0,0,0,0,0,0,0,0,0,0,0,0,5,5,0,0,1,2,2,1,2,0,1,2,0,0,0,0,1,2,0,0,1,2,0,0,1,1,1,2,2,0,5,0,3,1,1,2,0,0,0,0,1,2,2,0,0,0,1,0,0,1,0,0,1,0,0,0,0,0,0,0,1,1,1,1,2,2,1,0,0,0,0,0,5,0,0.103,,,0.013,0.013,,,,,,,,,,,,,0.077,,,,,,,,,,,,,,,,,0,2.0,0.055,117.0,12.0,113.54
117,High,RPath,157,12.0,4.0,3.0,23.0,34.0,45.0,0.35294117647058826,Asphalt,81.9,2.0,4,80.909,0.014,0.056,0.1465201465201465,0.014,71,4,8.0,sidewalks,HMAC,1,2,0,1,2,2,1,2,0,0,0,0,1,2,2,1,2,2,0,0,0,1,2,0,0,0,0,2,0,0,0,0,0,0,1,2,2,0,0,0,0,0,0,0,1,2,2,0,0,0,1,2,2,5,5,0,0,1,0,0,0,0,0,0,0,0,0,0,0,0,1,2,0,1,2,0,1,2,0,0,0,0,0,3,1,0,1,0,0,0,0,0,0,0,0,0,5,0,0.055,,,,0.055,,,,,,,,,,,,,,,,,,,,,,,,,,,,,,0,2.0,0.014,81.9,12.0,80.909
118,High,RPath,184,12.0,4.0,3.0,106.0,158.0,211.0,0.0759493670886076,Asphalt,176.0,2.0,4,177.183,0.036,0.144,0.0681818181818181,0.036,68,4,8.0,sidewalks,HMAC,1,2,2,1,2,0,1,0,0,1,2,2,1,2,2,0,0,0,0,0,0,0,0,0,0,5,0,2,0,0,0,0,0,0,1,2,2,0,0,0,0,0,0,0,0,0,0,0,0,0,1,2,2,5,5,0,0,1,0,0,0,0,0,0,0,0,0,0,0,0,1,2,2,0,0,0,1,2,2,0,0,0,0,3,1,1,1,0,0,0,0,0,0,0,0,0,5,0,0.119,,,,0.111,0.009,,,,,,,,,,,,,,,,,,,,,,,,,,,,,0,2.0,0.036,176.0,12.0,177.183
119,High,RPath,204,12.0,4.0,3.0,105.0,157.0,209.0,0.07643312101910828,Asphalt,290.6,2.0,4,220.883,0.022,0.088,0.0412938747419132,0.022,73,4,8.0,sidewalks,HMAC,1,2,2,1,0,0,1,0,0,0,0,0,1,2,2,1,2,2,0,0,0,0,0,0,5,0,0,2,0,0,0,0,0,0,1,2,2,0,0,0,0,0,0,0,1,2,2,0,0,0,1,2,2,5,5,0,0,1,0,0,0,0,0,0,0,0,0,0,0,0,1,0,0,1,2,0,1,2,2,0,0,0,5,3,0,1,0,0,0,0,0,0,0,0,0,0,5,0,0.072,,,,0.067,0.005,,,,,,,,,,,,,,,,,,,,,,,,,,,,,1,2.0,0.022,290.6,22.0,220.883
120,High,RPath,207,12.0,4.0,3.0,398.0,598.0,797.0,0.020066889632107024,Asphalt,188.4,2.0,4,190.627,0.09,0.36,0.0636942675159235,0.09,77,4,8.0,sidewalks,HMAC,1,2,2,1,2,0,1,2,0,0,0,0,1,2,0,1,2,2,0,0,0,0,0,0,0,5,0,2,0,0,0,0,0,0,1,2,2,0,0,0,0,0,0,0,1,2,2,0,0,0,1,2,2,5,5,4,3,0,0,0,0,0,0,0,0,0,0,0,0,0,1,2,0,1,2,2,1,2,0,0,0,0,0,3,0,0,0,0,0,0,0,0,0,0,0,0,5,0,0.239,,,0.008,0.199,0.024,,,,,,,,,,,,,0.008,,,,,,,,,,,,,,,,0,2.0,0.09,188.4,12.0,190.627
121,High,RPath,209,12.0,4.0,3.0,37.0,56.0,75.0,0.21428571428571427,Asphalt,58.1,2.0,4,58.563,0.032,0.128,0.2065404475043029,0.032,76,4,8.0,sidewalks,HMAC,1,2,2,1,2,0,1,2,0,0,0,0,1,0,0,1,2,2,0,0,0,0,0,0,5,0,0,2,0,0,0,0,0,0,1,2,2,0,0,0,0,0,0,0,1,2,2,0,0,0,1,2,2,5,5,4,0,1,0,0,0,0,0,0,0,0,0,0,0,0,1,0,0,1,2,2,1,2,0,0,0,0,5,3,0,0,0,0,0,0,0,0,0,0,0,0,5,0,0.129,,,,0.129,,,,,,,,,,,,,,,,,,,,,,,,,,,,,,0,2.0,0.032,58.1,12.0,58.563
122,High,RPath,214,12.0,4.0,3.0,97.0,145.0,193.0,0.08275862068965517,Asphalt,73.2,2.0,4,73.467,0.051,0.204,0.1639344262295081,0.051,82,4,8.0,sidewalks,CON,1,0,0,0,0,0,0,0,0,1,2,0,1,2,0,1,2,2,0,0,0,0,0,0,5,0,0,0,1,2,2,0,0,0,1,2,0,0,0,0,0,0,0,0,1,2,2,0,1,1,1,2,2,0,5,0,3,1,1,0,0,1,2,0,1,2,0,0,0,0,1,2,0,1,2,0,1,2,0,1,0,0,0,0,1,1,1,1,2,2,1,0,0,1,2,2,5,0,0.184,,,,0.164,,,,,,,,,,,0.02,,,,,,,,,,,,,,,,,,,3,2.0,0.051,73.2,42.0,73.467
123,High,RPath,228,12.0,4.0,3.0,59.0,89.0,118.0,0.1348314606741573,Asphalt,91.8,2.0,4,92.264,0.02,0.08,0.130718954248366,0.02,81,4,8.0,sidewalks,CON,1,2,2,0,0,0,0,0,0,1,2,0,0,0,0,1,2,0,0,0,0,0,0,0,5,0,0,0,1,2,2,0,0,0,0,0,0,0,0,0,0,0,0,0,1,2,0,0,1,1,1,2,2,0,5,0,0,1,1,0,0,0,0,0,1,2,0,0,0,0,1,2,2,1,2,2,1,2,2,1,2,0,5,0,1,1,1,1,2,0,1,2,0,1,2,0,5,0,0.065,,,,0.049,,,,,,,,,,,,,0.016,,,,,,,,,,,,,,,,,0,2.0,0.02,91.8,12.0,92.264
124,High,RPath,283,12.0,4.0,3.0,158.0,237.0,316.0,0.05063291139240506,Asphalt,343.7,2.0,4,343.187,0.02,0.08,0.0349141693337212,0.02,76,4,8.0,sidewalks,HMAC,1,2,2,1,0,0,0,0,0,0,0,0,1,2,2,1,2,2,0,0,0,1,0,0,0,5,0,0,0,0,0,0,0,0,1,2,2,0,0,0,0,0,0,0,1,2,2,0,1,0,1,2,2,5,5,0,3,1,0,0,0,0,0,0,0,0,0,0,0,0,0,0,0,1,2,0,1,2,0,0,0,0,0,3,1,1,0,1,2,0,0,0,0,1,2,2,5,0,0.061,,,,0.048,0.004,,,,,,0.004,,,,,,0.004,,,,,,,,,,,,,,,,,1,2.0,0.02,343.7,22.0,343.187
125,High,RPath,306,12.0,4.0,3.0,7.0,11.0,15.0,1.0909090909090908,Asphalt,91.2,2.0,4,89.796,0.016,0.064,0.131578947368421,0.016,82,4,8.0,sidewalks,HMAC,1,2,2,1,2,0,1,2,0,0,0,0,1,2,2,1,2,2,0,0,0,0,0,0,5,5,0,2,0,0,0,1,2,0,1,2,2,0,0,0,0,0,0,5,1,2,0,0,0,0,1,2,2,0,5,0,0,1,0,0,0,0,0,0,0,0,0,0,0,0,0,0,0,1,2,2,1,2,0,0,0,0,5,3,1,0,0,0,0,0,0,0,0,0,0,0,5,0,0.016,,,,,0.016,,,,,,,,,,,,,,,,,,,,,,,,,,,,,1,2.0,0.016,91.2,22.0,89.796
126,High,RPath,308,12.0,4.0,3.0,44.0,66.0,88.0,0.18181818181818182,Asphalt,86.0,2.0,4,84.058,0.026,0.104,0.1395348837209302,0.026,69,4,8.0,sidewalks,HMAC,1,2,2,1,2,0,1,2,0,0,0,0,1,2,0,1,2,0,0,0,0,0,0,0,0,0,0,2,0,0,0,1,2,2,1,2,2,0,0,0,0,0,0,5,1,2,0,0,0,0,1,2,2,0,5,0,0,1,0,0,0,0,0,0,1,0,0,0,0,0,0,0,0,1,2,0,1,2,0,0,0,0,5,3,1,0,0,0,0,0,0,0,0,0,0,0,5,0,0.035,,,,,0.017,,,,,,,,,,,,0.017,,,,,,,,,,,,,,,,,0,2.0,0.026,86.0,12.0,84.058
127,High,RPath,309,12.0,4.0,3.0,37.0,56.0,75.0,0.21428571428571427,Asphalt,87.1,2.0,4,87.117,0.034,0.136,0.1377726750861079,0.034,83,5,8.0,sidewalks,HMAC,1,2,2,1,0,0,0,0,0,0,0,0,1,0,0,1,2,2,0,0,0,0,0,0,5,5,0,2,0,0,0,1,2,2,1,2,2,0,0,0,0,0,0,5,1,2,2,0,1,1,1,2,2,5,5,0,3,1,0,0,0,0,0,0,0,0,0,0,0,0,0,0,0,1,2,0,1,0,0,0,0,0,5,3,1,0,0,0,0,0,0,0,0,0,0,0,5,0,0.086,,,,0.069,0.017,,,,,,,,,,,,,,,,,,,,,,,,,,,,,3,2.0,0.034,87.1,42.0,87.117
128,High,RPath,310,12.0,4.0,3.0,38.0,57.0,76.0,0.21052631578947367,Asphalt,86.8,2.0,4,86.252,0.048,0.192,0.1382488479262673,0.048,75,4,8.0,sidewalks,HMAC,1,2,0,1,2,0,0,0,0,0,0,0,1,0,0,1,2,2,0,0,0,0,0,0,0,0,0,2,0,0,0,1,2,2,1,2,2,0,0,0,0,0,0,5,1,2,2,0,1,1,1,2,2,5,5,0,3,1,0,0,0,0,0,0,0,0,0,0,0,0,0,0,0,1,2,2,1,0,0,0,0,0,5,3,1,0,0,0,0,0,0,0,0,0,0,0,5,0,0.086,,,,0.052,0.035,,,,,,,,,,,,,,,,,,,,,,,,,,,,,3,2.0,0.048,86.8,42.0,86.252
129,High,RPath,350,12.0,4.0,3.0,121.0,182.0,243.0,0.06593406593406594,Asphalt,129.0,2.0,4,128.953,0.099,0.396,0.0930232558139534,0.099,77,4,8.0,sidewalks,HMAC,1,2,2,1,0,0,0,0,0,0,0,0,1,2,2,1,2,2,0,0,0,1,0,0,0,5,0,2,0,0,0,0,0,0,1,2,2,0,0,0,0,0,0,0,1,2,2,0,1,0,1,2,2,5,5,0,0,1,0,0,0,0,0,0,0,0,0,0,0,0,0,0,0,1,2,0,1,2,0,0,0,0,5,0,1,1,0,1,2,0,0,0,0,1,2,2,5,0,0.14,,,,0.047,0.081,,,,,,,,,,,,0.012,,,,,,,,,,,,,,,,,1,2.0,0.099,129.0,22.0,128.953
130,High,RPath,351,12.0,4.0,3.0,163.0,244.0,326.0,0.04918032786885246,Asphalt,346.4,2.0,4,346.84,0.021,0.084,0.0346420323325635,0.021,83,5,8.0,sidewalks,HMAC,1,2,2,1,2,0,1,2,0,0,0,0,1,2,2,1,2,2,0,0,0,1,2,2,0,5,0,2,0,0,0,0,0,0,1,2,2,0,0,0,0,0,0,0,1,2,2,0,1,0,1,2,2,5,5,0,0,1,0,0,0,0,0,0,0,0,0,0,0,0,1,2,0,1,2,0,1,2,0,0,0,0,0,0,1,0,0,1,2,0,0,0,0,1,2,2,5,0,0.078,,,,0.074,,,,,,,,,,,,,0.004,,,,,,,,,,,,,,,,,2,2.0,0.021,346.4,32.0,346.84
131,High,RPath,352,12.0,4.0,3.0,105.0,158.0,210.0,0.0759493670886076,Asphalt,344.3,2.0,4,337.234,0.022,0.088,0.0348533255881498,0.022,79,4,8.0,sidewalks,HMAC,1,2,2,1,0,0,1,0,0,0,0,0,1,2,2,1,2,2,0,0,0,1,2,0,0,5,0,0,0,0,0,0,0,0,1,2,2,0,0,0,0,0,0,0,1,2,2,0,1,0,1,2,2,5,5,0,3,1,0,0,0,0,0,0,0,0,0,0,0,0,0,0,0,1,2,0,1,2,0,0,0,0,0,3,1,1,0,1,2,0,0,0,0,1,2,2,5,0,0.061,,,,0.052,0.009,,,,,,,,,,,,,,,,,,,,,,,,,,,,,1,2.0,0.022,344.3,22.0,337.234
132,High,RPath,355,12.0,4.0,3.0,60.0,89.0,119.0,0.1348314606741573,Asphalt,45.0,2.0,4,45.023,0.083,0.332,0.2666666666666666,0.083,84,5,8.0,sidewalks,HMAC,1,2,2,1,0,0,1,0,0,0,0,0,1,2,2,1,2,2,0,0,0,1,0,0,5,0,0,2,0,0,0,0,0,0,1,2,2,0,0,0,0,0,0,5,1,2,2,0,1,1,1,2,2,5,5,0,0,1,0,0,0,0,0,0,0,0,0,0,0,0,0,0,0,1,2,0,1,2,0,0,0,0,5,0,1,1,0,1,2,0,0,0,0,1,2,2,5,0,0.133,,,,0.067,0.033,,,,,,,,,,,,,0.033,,,,,,,,,,,,,,,,1,2.0,0.083,45.0,22.0,45.023
133,High,RPath,397,12.0,4.0,3.0,157.0,235.0,313.0,0.05106382978723404,Asphalt,198.3,2.0,4,198.341,0.059,0.236,0.0605143721633888,0.059,78,4,8.0,sidewalks,HMAC,1,2,2,1,0,0,0,0,0,0,0,0,1,2,2,1,2,2,0,0,0,1,0,0,5,0,0,2,0,0,0,0,0,0,1,2,2,0,0,0,0,0,0,0,1,2,2,0,1,1,1,2,2,5,5,0,0,1,0,0,0,0,0,0,0,0,0,0,0,0,0,0,0,1,2,0,1,2,0,0,0,0,5,0,1,1,0,1,2,0,0,0,0,1,2,2,5,0,0.098,,,,0.053,0.03,,,,,,,0.015,,,,,,,,,,,,,,,,,,,,,,1,2.0,0.059,198.3,22.0,198.341
134,High,RPath,404,12.0,4.0,3.0,90.0,135.0,180.0,0.08888888888888889,Asphalt,52.8,2.0,4,49.274,0.085,0.34,0.2272727272727273,0.085,70,4,8.0,sidewalks,PB,1,2,2,1,0,0,1,0,0,1,2,0,1,2,0,0,0,0,0,0,0,0,0,0,5,0,0,2,0,0,0,0,0,0,1,2,2,0,0,0,0,0,0,5,1,2,2,0,0,0,1,2,2,5,5,4,0,0,0,0,0,0,0,0,1,0,0,0,0,0,1,2,0,1,0,0,1,2,0,0,0,0,0,3,0,0,0,0,0,0,0,0,0,0,0,0,5,0,0.341,,,,0.341,,,,,,,,,,,,,,,,,,,,,,,,,,,,,,3,2.0,0.085,52.8,42.0,49.274
135,High,RPath,410,12.0,4.0,3.0,37.0,56.0,75.0,0.21428571428571427,Asphalt,80.6,2.0,4,80.962,0.023,0.092,0.1488833746898263,0.023,68,4,8.0,sidewalks,CON,1,2,0,1,0,0,1,0,0,1,0,0,1,2,2,1,2,0,0,0,0,1,2,2,0,5,0,2,1,0,0,1,0,0,1,2,0,0,0,0,1,2,0,5,1,2,0,0,1,1,1,2,2,0,0,0,0,1,1,2,0,0,0,0,0,0,0,0,0,0,0,0,0,1,0,0,1,2,0,0,0,0,0,3,1,0,1,1,0,0,0,0,0,0,0,0,5,0,0.093,,,,0.093,,,,,,,,,,,,,,,,,,,,,,,,,,,,,,0,2.0,0.023,80.6,12.0,80.962
136,High,RPath,427,12.0,4.0,3.0,23.0,34.0,45.0,0.35294117647058826,Asphalt,79.5,2.0,4,79.841,0.014,0.056,0.1509433962264151,0.014,70,4,8.0,sidewalks,CON,1,2,2,1,2,2,0,0,0,0,0,0,1,2,2,1,2,0,0,0,0,0,0,0,0,0,0,2,0,0,0,0,0,0,1,2,0,0,0,0,0,0,0,5,1,2,0,0,0,0,1,2,2,5,0,0,3,1,1,0,0,0,0,0,0,0,0,0,0,0,0,0,0,1,2,0,1,2,0,0,0,0,5,3,1,0,1,1,2,0,0,0,0,0,0,0,5,0,0.057,,,,0.057,,,,,,,,,,,,,,,,,,,,,,,,,,,,,,0,2.0,0.014,79.5,12.0,79.841
137,High,RPath,428,12.0,4.0,3.0,30.0,45.0,60.0,0.26666666666666666,Asphalt,81.0,2.0,4,80.077,0.046,0.184,0.1481481481481481,0.046,75,4,8.0,sidewalks,CON,1,2,2,1,2,2,0,0,0,0,0,0,1,2,0,1,2,0,0,0,0,0,0,0,5,5,0,2,0,0,0,0,0,0,1,2,2,0,0,0,0,0,0,5,1,2,0,0,0,0,1,2,0,5,0,0,3,1,0,0,0,0,0,0,0,0,0,0,0,0,0,0,0,1,2,0,1,2,0,0,0,0,5,3,1,0,1,1,0,0,0,0,0,0,0,0,5,0,0.074,,,,0.037,0.037,,,,,,,,,,,,,,,,,,,,,,,,,,,,,0,2.0,0.046,81.0,12.0,80.077
138,High,RPath,430,12.0,4.0,3.0,22.0,34.0,45.0,0.35294117647058826,Asphalt,83.3,2.0,4,83.274,0.027,0.108,0.1440576230492196,0.027,72,4,8.0,sidewalks,HMAC,1,2,2,1,2,0,0,0,0,0,0,0,1,2,0,1,2,0,0,0,0,1,0,0,0,0,0,2,0,0,0,1,0,0,1,2,2,0,0,0,0,0,0,5,1,0,0,0,1,1,1,2,2,5,5,0,0,1,0,0,0,0,0,0,0,0,0,0,0,0,0,0,0,1,2,0,1,2,2,0,0,0,5,0,1,0,0,1,2,0,0,0,0,1,2,0,5,0,0.054,,,,0.036,0.018,,,,,,,,,,,,,,,,,,,,,,,,,,,,,2,2.0,0.027,83.3,32.0,83.274
139,High,RPath,437,12.0,4.0,3.0,120.0,179.0,239.0,0.0670391061452514,Asphalt,213.6,2.0,4,213.705,0.068,0.272,0.0561797752808988,0.068,82,4,8.0,sidewalks,CON,1,2,2,1,2,0,0,0,0,0,0,0,1,2,2,1,0,0,0,0,0,0,0,0,5,5,0,0,0,0,0,1,2,2,1,2,2,0,0,0,1,2,2,0,1,2,2,0,1,1,1,2,2,5,5,4,0,0,1,2,0,0,0,0,0,0,0,0,0,0,0,0,0,0,0,0,1,2,0,0,0,0,0,3,1,1,1,0,0,0,0,0,0,0,0,0,5,0,0.084,,,,0.021,0.056,,,,,,,,,,,0.007,,,,,,,,,,,,,,,,,,5,2.0,0.068,213.6,42.0,213.705
140,High,RPath,452,12.0,4.0,3.0,113.0,169.0,226.0,0.07100591715976332,Asphalt,74.0,2.0,4,71.67,0.061,0.244,0.1621621621621621,0.061,67,4,8.0,sidewalks,PB,1,2,0,1,0,0,1,0,0,0,0,0,1,0,0,1,0,0,0,0,0,0,0,0,5,0,0,0,0,0,0,1,2,0,1,2,2,0,0,0,0,0,0,0,1,2,2,0,0,0,1,2,0,0,5,0,3,1,0,0,0,1,0,0,1,2,2,1,0,0,1,2,0,1,2,0,1,0,0,0,0,0,5,3,1,0,1,1,0,0,0,0,0,0,0,0,5,0,0.061,,,,,,,,,,,,,,,,0.061,,,,,,,,,,,,,,,,,,2,2.0,0.061,74.0,32.0,71.67
141,High,RPath,457,12.0,4.0,3.0,68.0,101.0,135.0,0.1188118811881188,Asphalt,79.6,2.0,4,82.138,0.028,0.112,0.1507537688442211,0.028,74,4,8.0,sidewalks,CON,1,2,2,0,0,0,0,0,0,1,2,2,1,0,0,0,0,0,0,0,0,1,0,0,5,0,0,2,1,2,2,1,2,0,1,2,0,0,0,0,1,2,2,5,1,2,0,0,1,1,1,2,2,0,0,0,3,1,1,0,0,0,0,0,1,0,0,0,0,0,0,0,0,1,0,0,1,0,0,0,0,0,0,3,1,1,1,1,2,2,0,0,0,0,0,0,5,0,0.094,,,,0.075,,,,,,,,,,,,,0.019,,,,,,,,,,,,,,,,,1,2.0,0.028,79.6,22.0,82.138
142,High,RPath,463,12.0,4.0,3.0,30.0,45.0,60.0,0.26666666666666666,Asphalt,86.9,2.0,4,86.57,0.03,0.12,0.1380897583429229,0.03,69,4,8.0,sidewalks,HMAC,1,2,0,1,2,0,0,0,0,0,0,0,1,2,0,1,2,2,0,0,0,0,0,0,0,0,0,2,0,0,0,1,2,0,1,2,2,0,0,0,0,0,0,5,1,2,0,0,1,1,1,2,2,5,5,0,0,1,0,0,0,0,0,0,0,0,0,0,0,0,0,0,0,1,2,2,1,2,0,0,0,0,5,0,0,0,0,1,0,0,0,0,0,0,0,0,5,0,0.069,,,,0.052,0.017,,,,,,,,,,,,,,,,,,,,,,,,,,,,,0,2.0,0.03,86.9,12.0,86.57
143,High,RPath,464,12.0,4.0,3.0,30.0,45.0,60.0,0.26666666666666666,Asphalt,87.2,2.0,4,87.081,0.03,0.12,0.1376146788990825,0.03,75,4,8.0,sidewalks,HMAC,1,2,2,1,2,0,0,0,0,0,0,0,1,2,0,1,2,2,0,0,0,0,0,0,0,0,0,2,0,0,0,1,0,0,1,2,2,0,0,0,0,0,0,5,1,2,0,0,1,1,1,2,2,5,5,0,0,1,0,0,0,0,0,0,0,0,0,0,0,0,0,0,0,1,2,2,1,2,2,0,0,0,5,0,1,0,0,1,2,0,0,0,0,1,0,0,5,0,0.069,,,,0.052,0.017,,,,,,,,,,,,,,,,,,,,,,,,,,,,,1,2.0,0.03,87.2,22.0,87.081
144,High,RPath,474,12.0,4.0,3.0,115.0,172.0,229.0,0.06976744186046512,Asphalt,224.8,2.0,4,228.196,0.02,0.08,0.0533807829181494,0.02,73,4,8.0,sidewalks,HMAC,1,2,2,1,2,0,1,2,0,0,0,0,1,0,0,1,2,2,0,0,0,0,0,0,5,0,0,2,0,0,0,0,0,0,1,2,2,0,0,0,0,0,0,0,1,2,2,0,0,0,1,2,2,5,0,4,0,1,0,0,0,0,0,0,0,0,0,0,0,0,1,0,0,1,2,2,1,2,2,0,0,0,5,3,0,0,0,0,0,0,0,0,0,0,0,0,5,0,0.073,,,,0.067,,,,,,,,,,,,,0.007,,,,,,,,,,,,,,,,,1,2.0,0.02,224.8,22.0,228.196
145,High,RPath,493,12.0,4.0,3.0,15.0,22.0,30.0,0.5454545454545454,Asphalt,58.4,2.0,4,58.858,0.051,0.204,0.2054794520547945,0.051,67,4,8.0,sidewalks,PB,1,2,2,1,2,0,0,0,0,0,0,0,1,2,0,0,0,0,0,0,0,0,0,0,5,0,0,0,0,0,0,1,0,0,1,2,2,0,0,0,0,0,0,0,1,2,2,0,0,0,1,2,2,0,5,0,0,1,0,0,0,0,0,0,1,2,2,1,2,0,1,2,0,1,0,0,1,0,0,0,0,0,5,3,1,0,1,1,0,0,0,0,0,0,0,0,5,0,0.051,,,,,0.051,,,,,,,,,,,,,,,,,,,,,,,,,,,,,2,2.0,0.051,58.4,32.0,58.858
146,High,RPath,498,12.0,4.0,3.0,299.0,448.0,598.0,0.026785714285714284,Asphalt,90.6,2.0,4,87.913,0.033,0.132,0.1324503311258278,0.033,71,4,8.0,sidewalks,HMAC,1,2,2,1,2,0,1,0,0,1,2,0,1,2,0,1,2,0,0,0,0,0,0,0,5,0,0,2,0,0,0,0,0,0,1,2,2,0,0,0,0,0,0,5,1,2,0,0,0,0,1,2,2,0,5,0,0,1,0,0,0,0,0,0,1,0,0,0,0,0,1,0,0,1,2,0,1,2,0,0,0,0,5,3,1,0,0,0,0,0,0,0,0,0,0,0,5,0,0.033,0.033,,,,,,,,,,,,,,,,,,,,,,,,,,,,,,,,,0,2.0,0.033,90.6,12.0,87.913
147,High,RPath,499,12.0,4.0,3.0,111.0,166.0,222.0,0.07228915662650602,Asphalt,87.0,2.0,4,87.352,0.043,0.172,0.1379310344827586,0.043,67,4,8.0,sidewalks,HMAC,1,2,2,1,0,0,1,0,0,1,2,0,1,2,0,1,2,0,0,0,0,0,0,0,5,0,0,2,0,0,0,0,0,0,1,2,2,0,0,0,0,0,0,5,1,2,0,0,0,0,1,2,2,0,5,0,0,1,0,0,0,0,0,0,1,0,0,0,0,0,1,0,0,1,2,0,1,0,0,0,0,0,5,3,1,0,0,0,0,0,0,0,0,0,0,0,5,0,0.052,,,,,,,,,,,,,,,,0.034,0.017,,,,,,,,,,,,,,,,,0,2.0,0.043,87.0,12.0,87.352
148,High,RPath,514,12.0,4.0,3.0,22.0,34.0,45.0,0.35294117647058826,Asphalt,62.5,2.0,4,60.25,0.054,0.216,0.192,0.054,79,4,8.0,sidewalks,CON,1,2,2,1,2,0,1,2,0,0,0,0,1,2,2,1,0,0,0,0,0,0,0,0,0,5,0,2,0,0,0,1,2,0,1,2,2,1,2,0,0,0,0,0,0,0,0,0,1,1,1,2,2,5,5,4,3,0,0,0,0,0,0,0,0,0,0,0,0,0,1,0,0,1,2,0,1,2,0,0,0,0,5,0,1,1,1,0,0,0,0,0,0,0,0,0,5,0,0.072,,,,0.024,0.048,,,,,,,,,,,,,,,,,,,,,,,,,,,,,0,2.0,0.054,62.5,12.0,60.25
149,High,RPath,529,12.0,4.0,3.0,30.0,45.0,60.0,0.26666666666666666,Asphalt,85.0,2.0,4,85.041,0.018,0.072,0.1411764705882353,0.018,77,4,8.0,sidewalks,HMAC,1,2,2,1,2,0,0,0,0,0,0,0,1,2,2,1,2,0,0,0,0,1,0,0,0,0,0,2,0,0,0,0,0,0,1,2,2,0,0,0,0,0,0,5,1,2,0,0,1,1,1,2,2,5,5,0,0,1,0,0,0,0,0,0,0,0,0,0,0,0,0,0,0,1,2,2,1,2,2,0,0,0,5,0,1,0,0,1,2,0,0,0,0,1,2,0,5,0,0.071,,,,0.071,,,,,,,,,,,,,,,,,,,,,,,,,,,,,,1,2.0,0.018,85.0,22.0,85.041
150,High,RPath,540,12.0,4.0,3.0,188.0,282.0,376.0,0.0425531914893617,Asphalt,102.6,2.0,4,102.601,0.091,0.364,0.1169590643274853,0.091,79,4,8.0,sidewalks,CON,1,2,2,0,0,0,0,0,0,1,2,0,0,0,0,1,0,0,0,0,0,0,0,0,5,0,0,0,1,2,2,0,0,0,1,0,0,0,0,0,0,0,0,0,1,2,2,0,1,1,1,2,2,0,5,0,3,0,1,2,0,0,0,0,1,2,0,0,0,0,1,2,0,1,2,2,1,2,0,1,0,0,0,0,1,1,1,1,2,2,1,2,2,1,2,0,5,0,0.366,,,,0.366,,,,,,,,,,,,,,,,,,,,,,,,,,,,,,0,2.0,0.091,102.6,12.0,102.601
151,High,RPath,543,12.0,4.0,3.0,188.0,282.0,376.0,0.0425531914893617,Asphalt,74.1,2.0,4,74.052,0.081,0.324,0.1619433198380566,0.081,80,4,8.0,sidewalks,CON,1,2,0,0,0,0,0,0,0,1,2,0,1,0,0,1,2,2,0,0,0,0,0,0,5,0,0,0,1,2,2,0,0,0,1,0,0,0,0,0,0,0,0,0,1,2,0,0,1,0,1,2,0,0,0,0,0,1,1,2,0,1,0,0,1,2,2,0,0,0,1,2,2,1,2,2,1,2,2,1,0,0,5,0,1,1,1,1,2,2,1,2,0,1,2,0,5,0,0.263,,,,0.203,,,,,,,,,,,0.061,,,,,,,,,,,,,,,,,,,0,2.0,0.081,74.1,12.0,74.052
152,High,RPath,544,12.0,4.0,3.0,15.0,22.0,30.0,0.5454545454545454,Asphalt,74.3,2.0,4,74.322,0.01,0.04,0.161507402422611,0.01,77,4,8.0,sidewalks,CON,1,2,0,0,0,0,0,0,0,1,2,0,0,0,0,1,2,0,0,0,0,0,0,0,5,0,0,0,1,2,2,0,0,0,0,0,0,0,0,0,0,0,0,0,1,2,0,0,1,0,1,2,0,0,0,0,0,1,1,2,0,0,0,0,1,2,2,0,0,0,1,2,2,1,2,2,1,2,2,1,2,0,5,0,1,1,1,1,2,0,1,2,2,1,2,0,5,0,0.04,,,,0.04,,,,,,,,,,,,,,,,,,,,,,,,,,,,,,0,2.0,0.01,74.3,12.0,74.322
153,High,RPath,545,12.0,4.0,3.0,216.0,324.0,432.0,0.037037037037037035,Asphalt,91.9,2.0,4,91.935,0.057,0.228,0.1305767138193688,0.057,73,4,8.0,sidewalks,CON,1,2,0,0,0,0,0,0,0,1,2,0,1,0,0,1,2,2,0,0,0,0,0,0,5,0,0,0,1,2,2,0,0,0,1,0,0,0,0,0,0,0,0,0,1,2,0,0,1,0,1,2,0,0,0,0,0,1,1,0,0,1,0,0,1,2,0,0,0,0,1,2,2,1,2,2,1,2,2,1,2,0,0,0,1,1,1,1,2,2,1,2,0,1,2,0,5,0,0.147,,,,0.065,,,,,,,,,,,0.065,,0.016,,,,,,,,,,,,,,,,,0,2.0,0.057,91.9,12.0,91.935
154,High,RPath,548,12.0,4.0,3.0,240.0,360.0,480.0,0.03333333333333333,Asphalt,91.8,2.0,4,91.754,0.057,0.228,0.130718954248366,0.057,83,5,8.0,sidewalks,CON,1,2,0,0,0,0,0,0,0,1,2,0,1,0,0,1,2,2,0,0,0,0,0,0,5,5,0,0,1,2,2,0,0,0,1,0,0,0,0,0,0,0,0,0,1,2,2,0,1,1,1,2,2,0,0,0,0,1,1,0,0,1,0,0,1,2,0,0,0,0,1,2,2,1,2,2,1,2,2,1,2,0,0,0,1,1,1,1,2,2,1,2,0,1,2,0,5,0,0.131,,,,0.033,,,,,,,,,,,0.016,,0.082,,,,,,,,,,,,,,,,,0,2.0,0.057,91.8,12.0,91.754
155,High,RPath,549,12.0,4.0,3.0,90.0,135.0,180.0,0.08888888888888889,Asphalt,74.0,2.0,4,74.025,0.061,0.244,0.1621621621621621,0.061,73,4,8.0,sidewalks,CON,1,2,0,0,0,0,0,0,0,1,2,0,0,0,0,1,2,0,0,0,0,0,0,0,5,0,0,0,1,2,2,0,0,0,1,0,0,0,0,0,0,0,0,0,1,2,0,0,1,0,1,2,2,0,0,0,3,1,1,0,0,1,0,0,1,2,0,0,0,0,1,2,2,1,2,2,1,2,2,1,2,0,0,0,1,1,1,1,2,0,1,2,0,1,2,0,5,0,0.243,,,,0.243,,,,,,,,,,,,,,,,,,,,,,,,,,,,,,1,2.0,0.061,74.0,22.0,74.025
156,High,RPath,550,12.0,4.0,3.0,209.0,314.0,418.0,0.03821656050955414,Asphalt,92.1,2.0,4,92.087,0.053,0.212,0.1302931596091205,0.053,79,4,8.0,sidewalks,CON,1,2,0,0,0,0,0,0,0,1,0,0,1,0,0,1,2,2,0,0,0,0,0,0,5,0,0,0,1,2,2,0,0,0,1,0,0,0,0,0,0,0,0,0,1,2,2,0,1,1,1,2,2,0,0,0,3,1,1,0,0,1,0,0,1,2,0,0,0,0,1,2,2,1,2,2,1,2,2,1,2,0,0,0,1,1,1,1,2,2,1,2,0,1,2,0,5,0,0.13,,,,0.049,,,,,,,,,,,,,0.081,,,,,,,,,,,,,,,,,1,2.0,0.053,92.1,22.0,92.087
157,High,RPath,554,12.0,4.0,3.0,90.0,135.0,180.0,0.08888888888888889,Asphalt,72.6,2.0,4,72.616,0.062,0.248,0.1652892561983471,0.062,76,4,8.0,sidewalks,CON,1,2,0,0,0,0,0,0,0,1,0,0,1,0,0,1,2,0,0,0,0,0,0,0,5,0,0,0,1,2,2,0,0,0,1,0,0,0,0,0,0,0,0,0,1,2,0,0,1,0,1,2,2,0,0,0,3,1,1,0,0,1,2,0,1,2,0,0,0,0,1,2,2,1,2,2,1,2,2,1,2,0,0,0,1,1,1,1,2,2,1,2,0,1,2,0,5,0,0.248,,,,0.248,,,,,,,,,,,,,,,,,,,,,,,,,,,,,,1,2.0,0.062,72.6,22.0,72.616
158,High,RPath,557,12.0,4.0,3.0,312.0,468.0,624.0,0.02564102564102564,Asphalt,91.4,2.0,4,91.375,0.057,0.228,0.1312910284463894,0.057,71,4,8.0,sidewalks,CON,1,2,0,0,0,0,0,0,0,1,2,0,1,0,0,1,2,0,0,0,0,0,0,0,5,0,0,0,1,2,2,0,0,0,1,2,0,0,0,0,0,0,0,0,1,2,2,0,1,0,1,2,2,0,0,0,0,1,1,0,0,1,2,0,1,0,0,0,0,0,1,2,0,1,2,0,1,2,2,1,2,0,0,0,1,1,1,1,2,2,1,0,0,1,2,0,5,0,0.115,,,0.016,0.033,,,,,,,,,,,,,0.066,,,,,,,,,,,,,,,,,0,2.0,0.057,91.4,12.0,91.375
159,High,RPath,559,12.0,4.0,3.0,174.0,261.0,347.0,0.04597701149425287,Asphalt,94.9,2.0,4,91.805,0.067,0.268,0.1264488935721812,0.067,70,4,8.0,sidewalks,CON,1,0,0,0,0,0,0,0,0,1,2,0,1,0,0,1,0,0,0,0,0,0,0,0,5,0,0,0,1,2,2,0,0,0,1,2,0,0,0,0,0,0,0,0,1,2,2,0,1,0,1,2,2,0,0,0,3,1,1,0,0,1,2,2,1,0,0,0,0,0,1,0,0,1,2,0,1,2,2,1,2,0,0,3,1,1,1,1,2,2,0,0,0,1,0,0,5,0,0.237,,,,0.206,,,,,,,,,,,,,0.032,,,,,,,,,,,,,,,,,0,2.0,0.067,94.9,12.0,91.805
160,High,RPath,562,12.0,4.0,3.0,121.0,181.0,241.0,0.06629834254143646,Asphalt,126.4,2.0,4,126.267,0.039,0.156,0.0949367088607594,0.039,70,4,8.0,sidewalks,CON,1,0,0,0,0,0,0,0,0,1,2,0,1,0,0,1,0,0,0,0,0,0,0,0,5,0,3,0,1,2,2,0,0,0,1,2,0,0,0,0,0,0,0,0,1,2,2,0,1,0,1,2,2,0,5,0,3,1,1,0,0,1,2,0,0,0,0,0,0,0,1,0,0,1,2,0,1,2,0,1,2,0,0,0,1,1,1,1,2,2,0,0,0,1,0,0,5,0,0.142,,,,0.131,,,,,,,,,,,,,0.012,,,,,,,,,,,,,,,,,0,2.0,0.039,126.4,12.0,126.267
161,High,RPath,564,12.0,4.0,3.0,337.0,506.0,674.0,0.023715415019762844,Asphalt,124.6,2.0,4,125.283,0.081,0.324,0.0963081861958266,0.081,68,4,8.0,sidewalks,CON,1,0,0,0,0,0,0,0,0,0,0,0,1,0,0,1,0,0,0,0,0,0,0,0,5,0,0,0,1,2,2,0,0,0,0,0,0,0,0,0,0,0,0,0,1,2,2,0,1,1,1,2,2,0,5,0,3,0,1,2,0,1,2,2,1,0,0,0,0,0,1,0,0,1,2,0,1,2,0,1,2,2,0,3,1,1,1,1,2,0,0,0,0,0,0,0,5,0,0.253,,,,0.181,,,,,,,,,,,0.012,,0.06,,,,,,,,,,,,,,,,,0,2.0,0.081,124.6,12.0,125.283
162,High,RPath,565,12.0,4.0,3.0,150.0,225.0,300.0,0.05333333333333334,Asphalt,125.0,2.0,4,124.561,0.042,0.168,0.096,0.042,74,4,8.0,sidewalks,CON,1,0,0,0,0,0,0,0,0,1,0,0,1,0,0,1,0,0,0,0,0,0,0,0,5,0,0,0,1,2,2,0,0,0,1,0,0,0,0,0,0,0,0,0,1,2,0,0,1,1,1,2,2,0,5,0,3,1,1,2,0,1,2,2,1,0,0,0,0,0,1,0,0,1,2,0,1,2,2,1,2,2,0,3,1,1,1,1,2,2,0,0,0,1,0,0,5,0,0.144,,,,0.12,,,,,,,,,,,,,0.024,,,,,,,,,,,,,,,,,0,2.0,0.042,125.0,12.0,124.561
163,High,RPath,566,12.0,4.0,3.0,202.0,303.0,404.0,0.039603960396039604,Asphalt,93.2,2.0,4,93.535,0.097,0.388,0.1287553648068669,0.097,74,4,8.0,sidewalks,CON,1,0,0,0,0,0,0,0,0,1,0,0,1,0,0,1,0,0,0,0,0,0,0,0,5,0,0,0,1,2,2,0,0,0,1,0,0,0,0,0,0,0,0,0,1,2,2,0,1,1,1,2,2,0,5,0,3,1,1,2,0,1,2,2,1,0,0,0,0,0,1,0,0,1,2,0,1,2,2,1,2,0,0,3,1,1,1,1,2,2,0,0,0,1,0,0,5,0,0.37,,,,0.354,,,,,,,,,,,,,0.016,,,,,,,,,,,,,,,,,0,2.0,0.097,93.2,12.0,93.535
164,High,RPath,567,12.0,4.0,3.0,74.0,111.0,148.0,0.10810810810810811,Asphalt,92.2,2.0,4,91.99,0.028,0.112,0.1301518438177874,0.028,77,4,8.0,sidewalks,CON,1,2,0,0,0,0,0,0,0,1,0,0,1,0,0,1,0,0,0,0,0,0,0,0,5,0,0,0,1,2,2,0,0,0,1,0,0,0,0,0,0,0,0,0,1,2,2,0,1,1,1,2,2,0,5,0,3,1,1,2,0,1,2,0,1,2,0,0,0,0,1,0,0,1,2,0,1,2,2,1,2,0,0,3,1,1,1,1,2,2,1,0,0,1,0,0,5,0,0.098,,,,0.081,,,,,,,,,,,,,0.016,,,,,,,,,,,,,,,,,0,2.0,0.028,92.2,12.0,91.99
165,High,RPath,568,12.0,4.0,3.0,104.0,157.0,209.0,0.07643312101910828,Asphalt,74.0,2.0,4,73.296,0.056,0.224,0.1621621621621621,0.056,73,4,8.0,sidewalks,CON,1,2,0,0,0,0,0,0,0,0,0,0,1,0,0,1,0,0,0,0,0,0,0,0,5,0,0,0,1,2,2,0,0,0,0,0,0,0,0,0,0,0,0,0,1,2,2,0,1,1,1,2,2,0,5,0,3,1,1,2,0,1,2,0,1,2,0,0,0,0,1,2,0,1,2,0,1,2,0,1,2,0,0,3,1,1,1,1,2,0,1,0,0,1,0,0,5,0,0.203,,,,0.182,,,,,,,,,,,,,0.02,,,,,,,,,,,,,,,,,0,2.0,0.056,74.0,12.0,73.296
166,High,RPath,570,12.0,4.0,3.0,45.0,67.0,90.0,0.1791044776119403,Asphalt,74.3,2.0,4,73.929,0.03,0.12,0.161507402422611,0.03,70,4,8.0,sidewalks,CON,1,2,0,0,0,0,0,0,0,1,0,0,1,0,0,1,2,0,0,0,0,0,0,0,5,0,0,0,1,2,2,0,0,0,1,0,0,0,0,0,0,0,0,0,1,2,0,0,1,1,1,2,2,0,0,0,3,1,1,0,0,1,2,0,1,0,0,0,0,0,1,2,0,1,2,0,1,2,2,1,2,0,0,3,1,1,1,1,2,2,1,0,0,1,0,0,5,0,0.121,,,,0.121,,,,,,,,,,,,,,,,,,,,,,,,,,,,,,0,2.0,0.03,74.3,12.0,73.929
167,High,RPath,571,12.0,4.0,3.0,75.0,113.0,150.0,0.10619469026548672,Asphalt,74.0,2.0,4,73.989,0.051,0.204,0.1621621621621621,0.051,76,4,8.0,sidewalks,CON,1,2,2,0,0,0,0,0,0,1,0,0,0,0,0,1,0,0,0,0,0,0,0,0,5,0,0,0,1,2,2,0,0,0,0,0,0,0,0,0,0,0,0,0,1,2,2,0,1,1,1,2,2,0,5,0,3,1,1,0,0,1,2,0,1,2,0,0,0,0,1,2,0,1,2,2,1,2,0,1,2,2,0,0,1,1,1,1,2,0,1,2,0,1,0,0,5,0,0.203,,,,0.203,,,,,,,,,,,,,,,,,,,,,,,,,,,,,,1,2.0,0.051,74.0,22.0,73.989
168,High,RPath,572,12.0,4.0,3.0,23.0,34.0,45.0,0.35294117647058826,Asphalt,92.1,2.0,4,92.141,0.012,0.048,0.1302931596091205,0.012,77,4,8.0,sidewalks,CON,1,2,0,0,0,0,0,0,0,1,0,0,1,0,0,1,2,0,0,0,0,0,0,0,5,0,0,0,1,2,2,0,0,0,1,0,0,0,0,0,0,0,0,0,1,2,2,0,1,1,1,2,2,0,5,0,0,1,1,0,0,1,2,0,1,2,0,0,0,0,1,2,0,1,2,2,1,2,2,1,2,2,0,0,1,1,1,1,2,2,1,0,0,1,0,0,5,0,0.049,,,,0.049,,,,,,,,,,,,,,,,,,,,,,,,,,,,,,0,2.0,0.012,92.1,12.0,92.141
169,High,RPath,573,12.0,4.0,3.0,15.0,23.0,30.0,0.5217391304347826,Asphalt,73.4,2.0,4,73.371,0.01,0.04,0.1634877384196185,0.01,75,4,8.0,sidewalks,CON,1,2,0,0,0,0,0,0,0,1,0,0,1,0,0,1,2,0,0,0,0,0,0,0,5,0,0,0,1,2,2,0,0,0,1,0,0,0,0,0,0,0,0,0,1,2,0,0,1,1,1,2,2,0,0,0,3,1,1,0,0,1,2,0,1,2,0,0,0,0,1,2,2,1,2,2,1,2,2,1,2,0,0,0,1,1,1,1,2,2,1,2,0,1,0,0,5,0,0.041,,,,0.041,,,,,,,,,,,,,,,,,,,,,,,,,,,,,,1,2.0,0.01,73.4,22.0,73.371
170,High,RPath,574,12.0,4.0,3.0,30.0,45.0,60.0,0.26666666666666666,Asphalt,91.7,2.0,4,91.7,0.016,0.064,0.1308615049073064,0.016,81,4,8.0,sidewalks,CON,1,2,2,0,0,0,0,0,0,1,0,0,0,0,0,1,2,0,0,0,0,0,0,0,5,0,0,0,1,2,2,0,0,0,1,0,0,0,0,0,0,0,0,0,1,2,2,0,1,1,1,2,2,0,5,0,3,1,1,0,0,1,0,0,1,2,0,0,0,0,1,2,2,1,2,2,1,2,2,1,2,2,0,0,1,1,1,1,2,0,1,2,0,1,0,0,5,0,0.065,,,,0.065,,,,,,,,,,,,,,,,,,,,,,,,,,,,,,2,2.0,0.016,91.7,32.0,91.7
171,High,RPath,575,12.0,4.0,3.0,23.0,34.0,45.0,0.35294117647058826,Asphalt,74.3,2.0,4,74.275,0.015,0.06,0.161507402422611,0.015,83,5,8.0,sidewalks,CON,1,2,2,0,0,0,0,0,0,1,2,0,0,0,0,1,0,0,0,0,0,0,0,0,5,0,0,0,1,2,2,0,0,0,0,0,0,0,0,0,0,0,0,0,1,2,2,0,1,1,1,2,2,0,5,0,3,1,1,0,0,1,0,0,1,2,0,0,0,0,1,2,0,1,2,2,1,2,0,1,2,2,5,0,1,1,1,1,2,0,1,2,0,1,2,0,5,0,0.061,,,,0.061,,,,,,,,,,,,,,,,,,,,,,,,,,,,,,1,2.0,0.015,74.3,22.0,74.275
172,High,RPath,576,12.0,4.0,3.0,60.0,89.0,119.0,0.1348314606741573,Asphalt,92.4,2.0,4,92.374,0.02,0.08,0.1298701298701298,0.02,80,4,8.0,sidewalks,CON,1,2,2,0,0,0,0,0,0,1,0,0,0,0,0,1,2,0,0,0,0,0,0,0,5,0,0,0,1,2,2,0,0,0,0,0,0,0,0,0,0,0,0,0,1,2,2,0,1,1,1,2,2,0,5,0,3,1,1,0,0,1,0,0,1,2,0,0,0,0,1,2,2,1,2,2,1,2,2,1,2,2,0,0,1,1,1,1,2,0,1,2,0,1,0,0,5,0,0.065,,,,0.049,,,,,,,,,,,,,0.016,,,,,,,,,,,,,,,,,2,2.0,0.02,92.4,32.0,92.374
173,High,RPath,591,12.0,4.0,3.0,154.0,231.0,308.0,0.05194805194805195,Asphalt,85.5,2.0,4,85.837,0.018,0.072,0.1403508771929824,0.018,76,4,8.0,sidewalks,HMAC,1,2,2,1,2,0,1,2,0,1,0,0,1,2,2,1,2,2,0,0,0,0,0,0,5,5,0,2,0,0,0,1,2,0,1,2,2,0,0,0,0,0,0,5,1,0,0,0,0,0,1,2,2,0,5,0,0,1,0,0,0,0,0,0,0,0,0,0,0,0,0,0,0,1,2,2,1,2,0,0,0,0,0,3,1,0,0,0,0,0,0,0,0,0,0,0,5,0,0.018,,,0.018,,,,,,,,,,,,,,,,,,,,,,,,,,,,,,,2,2.0,0.018,85.5,32.0,85.837
174,High,RPath,593,12.0,4.0,3.0,7.0,11.0,15.0,1.0909090909090908,Asphalt,83.2,2.0,4,79.775,0.018,0.072,0.1442307692307692,0.018,72,4,8.0,sidewalks,HMAC,1,2,2,1,2,0,1,2,0,1,0,0,1,2,2,1,2,2,0,0,0,0,0,0,0,0,0,2,0,0,0,1,2,0,1,2,2,0,0,0,0,0,0,5,1,2,0,0,0,0,1,2,2,0,5,0,0,1,0,0,0,0,0,0,1,0,0,0,0,0,0,0,0,1,2,0,1,2,0,0,0,0,5,3,1,0,0,0,0,0,0,0,0,0,0,0,5,0,0.018,,,,,0.018,,,,,,,,,,,,,,,,,,,,,,,,,,,,,1,2.0,0.018,83.2,22.0,79.775
175,High,RPath,599,12.0,4.0,3.0,236.0,354.0,471.0,0.03389830508474576,Asphalt,85.7,2.0,4,85.49,0.07,0.28,0.1400233372228704,0.07,68,4,8.0,sidewalks,HMAC,1,2,0,1,2,0,0,0,0,0,0,0,1,2,0,0,0,0,0,0,0,0,0,0,0,0,0,2,0,0,0,1,2,2,1,2,2,0,0,0,0,0,0,5,1,2,2,0,1,1,1,2,2,5,5,0,3,1,0,0,0,0,0,0,1,2,0,0,0,0,0,0,0,1,0,0,1,0,0,0,0,0,5,0,1,0,0,0,0,0,0,0,0,0,0,0,5,0,0.227,0.017,,,0.21,,,,,,,,,,,,,,,,,,,,,,,,,,,,,,9,2.0,0.07,85.7,42.0,85.49
176,High,RPath,600,12.0,4.0,3.0,311.0,466.0,621.0,0.02575107296137339,Asphalt,318.5,2.0,4,318.24,0.045,0.18,0.0376766091051805,0.045,69,4,8.0,sidewalks,HMAC,1,2,0,1,2,0,0,0,0,0,0,0,1,2,0,1,0,0,0,0,0,0,0,0,5,0,0,2,0,0,0,1,2,2,1,2,2,0,0,0,0,0,0,0,1,2,2,0,1,1,1,2,2,0,5,0,3,1,0,0,0,0,0,0,1,2,0,0,0,0,1,0,0,1,0,0,1,0,0,0,0,0,5,3,1,0,0,1,0,0,0,0,0,0,0,0,5,0,0.174,,,,0.17,,,,,,,,,,,,,0.005,,,,,,,,,,,,,,,,,8,2.0,0.045,318.5,42.0,318.24
177,High,RPath,604,12.0,4.0,3.0,112.0,169.0,225.0,0.07100591715976332,Asphalt,116.5,2.0,4,116.495,0.048,0.192,0.1030042918454935,0.048,77,4,8.0,sidewalks,HMAC,1,2,2,1,2,0,0,0,0,0,0,0,1,0,0,0,0,0,0,0,0,1,0,0,5,5,0,2,0,0,0,1,2,2,1,2,2,0,0,0,0,0,0,0,1,2,2,0,1,1,1,2,2,5,0,0,3,1,0,0,0,0,0,0,1,2,0,0,0,0,1,0,0,1,2,0,1,2,0,0,0,0,5,3,1,0,0,0,0,0,0,0,0,0,0,0,5,0,0.193,,,,0.193,,,,,,,,,,,,,,,,,,,,,,,,,,,,,,0,2.0,0.048,116.5,12.0,116.495
178,High,RPath,605,12.0,4.0,3.0,60.0,90.0,120.0,0.13333333333333333,Asphalt,73.5,2.0,4,73.515,0.041,0.164,0.1632653061224489,0.041,75,4,8.0,sidewalks,HMAC,1,2,2,1,2,0,0,0,0,0,0,0,1,0,0,0,0,0,0,0,0,1,0,0,5,5,0,2,0,0,0,1,2,2,1,2,2,0,0,0,0,0,0,0,1,2,0,0,1,1,1,2,2,5,0,0,3,1,0,0,0,0,0,0,1,2,0,0,0,0,1,0,0,1,2,0,1,2,0,0,0,0,5,3,1,0,0,0,0,0,0,0,0,0,0,0,5,0,0.163,,,,0.163,,,,,,,,,,,,,,,,,,,,,,,,,,,,,,0,2.0,0.041,73.5,12.0,73.515
179,High,RPath,606,12.0,4.0,3.0,38.0,57.0,75.0,0.21052631578947367,Asphalt,90.9,2.0,4,90.874,0.021,0.084,0.132013201320132,0.021,76,4,8.0,sidewalks,HMAC,1,2,2,1,2,0,0,0,0,0,0,0,1,2,0,1,0,0,0,0,0,1,2,0,0,5,0,2,0,0,0,1,2,2,1,2,2,0,0,0,0,0,0,0,1,2,0,0,1,1,1,2,2,5,0,0,3,1,0,0,0,0,0,0,1,2,2,0,0,0,1,0,0,1,2,0,1,2,0,0,0,0,5,3,0,0,0,0,0,0,0,0,0,0,0,0,5,0,0.083,,,,0.083,,,,,,,,,,,,,,,,,,,,,,,,,,,,,,0,2.0,0.021,90.9,12.0,90.874
180,High,RPath,610,12.0,4.0,3.0,89.0,133.0,178.0,0.09022556390977443,Asphalt,265.5,2.0,4,266.531,0.025,0.1,0.0451977401129943,0.025,74,4,8.0,sidewalks,HMAC,1,2,2,1,2,2,1,2,0,0,0,0,1,2,2,0,0,0,0,0,0,1,2,2,0,5,0,2,0,0,0,1,0,0,1,2,2,0,0,0,0,0,0,0,1,0,0,0,0,0,1,2,2,5,0,0,3,1,0,0,0,0,0,0,1,0,0,0,0,0,1,2,2,1,2,0,1,2,2,0,0,0,0,3,1,0,0,0,0,0,0,0,0,0,0,0,5,0,0.068,,,,0.056,0.011,,,,,,,,,,,,,,,,,,,,,,,,,,,,,0,2.0,0.025,265.5,12.0,266.531
181,High,RPath,611,12.0,4.0,3.0,96.0,145.0,193.0,0.08275862068965517,Asphalt,275.3,2.0,4,275.572,0.03,0.12,0.0435888122048674,0.03,80,4,8.0,sidewalks,HMAC,1,2,0,1,2,2,1,2,0,0,0,0,1,2,2,1,2,2,0,0,0,1,2,0,0,5,0,2,0,0,0,0,0,0,1,2,2,0,0,0,0,0,0,0,1,2,2,0,0,0,1,2,2,5,5,0,3,1,0,0,0,0,0,0,0,0,0,0,0,0,1,2,2,1,2,2,1,2,0,0,0,0,0,0,1,0,1,0,0,0,0,0,0,0,0,0,5,0,0.071,,,,0.054,0.016,,,,,,,,,,,,,,,,,,,,,,,,,,,,,0,2.0,0.03,275.3,12.0,275.572
182,High,RPath,612,12.0,4.0,3.0,23.0,34.0,45.0,0.35294117647058826,Asphalt,76.6,2.0,4,76.07,0.029,0.116,0.1566579634464752,0.029,79,4,8.0,sidewalks,HMAC,1,2,0,1,2,0,1,2,0,0,0,0,1,2,2,1,2,0,0,0,0,1,2,2,0,5,0,2,0,0,0,0,0,0,1,2,2,0,0,0,0,0,0,0,1,2,2,0,0,0,1,2,2,5,5,0,3,1,0,0,0,0,0,0,0,0,0,0,0,0,1,2,2,1,2,0,1,0,0,0,0,0,0,3,1,0,1,1,0,0,0,0,0,1,0,0,5,0,0.059,,,,0.039,0.02,,,,,,,,,,,,,,,,,,,,,,,,,,,,,0,2.0,0.029,76.6,12.0,76.07
183,High,RPath,621,12.0,4.0,3.0,23.0,34.0,45.0,0.35294117647058826,Asphalt,70.6,2.0,4,72.462,0.016,0.064,0.1699716713881019,0.016,74,4,8.0,sidewalks,HMAC,1,2,0,1,2,2,1,2,0,0,0,0,1,2,2,1,2,2,0,0,0,1,2,0,0,0,0,2,0,0,0,0,0,0,1,2,2,0,0,0,0,0,0,0,1,2,2,0,0,0,1,2,2,5,5,0,3,1,0,0,0,0,0,0,0,0,0,0,0,0,1,2,2,1,2,0,1,0,0,0,0,0,0,3,1,0,1,0,0,0,0,0,0,0,0,0,5,0,0.064,,,,0.064,,,,,,,,,,,,,,,,,,,,,,,,,,,,,,0,2.0,0.016,70.6,12.0,72.462
184,High,RPath,622,12.0,4.0,3.0,128.0,192.0,256.0,0.0625,Asphalt,350.8,2.0,4,350.64,0.025,0.1,0.0342075256556442,0.025,81,4,8.0,sidewalks,HMAC,1,2,0,1,2,0,1,2,0,0,0,0,1,2,2,1,2,0,0,0,0,1,2,0,0,5,0,2,0,0,0,0,0,0,1,2,2,0,0,0,0,0,0,0,1,2,2,0,0,0,1,2,2,5,5,0,3,1,0,0,0,0,0,0,0,0,0,0,0,0,1,2,2,1,2,2,1,2,2,0,0,0,0,3,1,0,1,0,0,0,0,0,0,0,0,0,5,0,0.073,,,,0.064,0.009,,,,,,,,,,,,,,,,,,,,,,,,,,,,,0,2.0,0.025,350.8,12.0,350.64
185,High,RPath,627,12.0,4.0,3.0,68.0,101.0,135.0,0.1188118811881188,Asphalt,108.1,2.0,4,108.115,0.021,0.084,0.1110083256244218,0.021,69,4,8.0,sidewalks,HMAC,1,2,2,1,2,2,0,0,0,0,0,0,0,0,0,1,2,2,0,0,0,0,0,0,0,5,0,2,0,0,0,0,0,0,1,2,2,0,0,0,0,0,0,0,1,0,0,0,1,1,1,2,2,5,5,4,0,1,0,0,0,0,0,0,1,0,0,0,0,0,0,0,0,0,0,0,1,2,0,0,0,0,5,3,1,0,0,0,0,0,1,0,0,0,0,0,5,0,0.069,,,,0.055,,,,,,,,,,,,,0.014,,,,,,,,,,,,,,,,,0,2.0,0.021,108.1,12.0,108.115
186,High,RPath,637,12.0,4.0,3.0,1121.0,1681.0,2242.0,0.007138607971445568,Asphalt,319.8,2.0,4,319.562,0.077,0.308,0.0375234521575984,0.077,85,5,8.0,sidewalks,CON,1,2,2,1,2,2,1,2,0,0,0,0,1,2,2,1,0,0,0,0,0,0,0,0,0,5,0,2,0,0,0,0,0,0,1,2,2,0,0,0,0,0,0,5,1,0,0,0,1,1,1,2,2,5,5,0,0,1,0,0,0,0,0,0,1,0,0,0,0,0,1,0,0,1,2,2,1,2,2,0,0,0,5,3,1,0,1,1,2,0,0,0,0,0,0,0,5,0,0.188,,,0.019,0.122,0.009,,,,,,,,,,,,0.038,,,,,,,,,,,,,,,,,0,2.0,0.077,319.8,12.0,319.562
187,High,RPath,638,12.0,4.0,3.0,210.0,315.0,420.0,0.0380952380952381,Asphalt,83.3,2.0,4,83.334,0.099,0.396,0.1440576230492196,0.099,72,4,8.0,sidewalks,HMAC,1,2,0,1,2,0,1,2,0,0,0,0,1,0,0,1,0,0,0,0,0,1,0,0,0,0,0,2,0,0,0,0,0,0,1,2,2,0,0,0,0,0,0,5,1,2,0,0,1,1,1,2,2,5,5,0,0,1,0,0,0,0,0,0,1,0,0,0,0,0,1,0,0,1,2,0,1,2,2,0,0,0,5,3,0,0,1,1,2,0,0,0,0,0,0,0,5,0,0.36,,,,0.324,,,,,,,,,,,,,0.036,,,,,,,,,,,,,,,,,0,2.0,0.099,83.3,12.0,83.334
188,High,RPath,661,12.0,4.0,3.0,82.0,123.0,165.0,0.0975609756097561,Asphalt,83.1,2.0,4,83.433,0.032,0.128,0.1444043321299639,0.032,75,4,8.0,sidewalks,HMAC,1,0,0,1,0,0,0,0,0,1,0,0,1,2,2,0,0,0,0,0,0,1,2,0,0,5,0,2,0,0,0,0,0,0,1,2,2,0,0,0,0,0,0,5,1,0,0,0,1,1,1,2,2,5,0,4,3,1,0,0,0,0,0,0,1,2,0,1,0,0,1,2,0,1,2,0,1,2,0,0,0,0,5,3,0,0,0,0,0,0,0,0,0,0,0,0,5,0,0.126,,,,0.108,,,,,,,0.018,,,,,,,,,,,,,,,,,,,,,,,2,2.0,0.032,83.1,32.0,83.433
189,High,RPath,662,12.0,4.0,3.0,142.0,213.0,284.0,0.056338028169014086,Asphalt,208.9,2.0,4,208.31,0.034,0.136,0.0574437529918621,0.034,78,4,8.0,sidewalks,CON,1,2,0,1,0,0,1,0,0,1,0,0,1,2,2,0,0,0,0,0,0,1,2,2,0,5,0,2,0,0,0,0,0,0,1,2,0,0,0,0,0,0,0,5,1,0,0,0,1,1,1,2,2,5,0,0,3,1,0,0,0,0,0,0,1,0,0,1,2,0,1,2,0,1,2,0,1,2,2,0,0,0,5,3,1,0,1,0,0,0,0,0,0,0,0,0,5,0,0.136,,,,0.136,,,,,,,,,,,,,,,,,,,,,,,,,,,,,,0,2.0,0.034,208.9,12.0,208.31
190,High,RPath,663,12.0,4.0,3.0,90.0,135.0,180.0,0.08888888888888889,Asphalt,78.7,2.0,4,80.03,0.057,0.228,0.1524777636594663,0.057,79,4,8.0,sidewalks,HMAC,1,2,0,1,0,0,1,0,0,1,0,0,1,2,2,0,0,0,0,0,0,1,2,2,0,5,0,2,0,0,0,0,0,0,1,2,2,0,0,0,0,0,0,5,0,0,0,0,1,1,1,2,2,5,0,0,3,1,0,0,0,0,0,0,1,0,0,1,2,0,1,2,0,1,2,0,1,2,2,0,0,0,5,3,1,0,1,0,0,0,0,0,0,0,0,0,5,0,0.229,,,,0.229,,,,,,,,,,,,,,,,,,,,,,,,,,,,,,0,2.0,0.057,78.7,12.0,80.03
191,High,RPath,665,12.0,4.0,3.0,98.0,146.0,195.0,0.0821917808219178,Asphalt,78.7,2.0,4,85.347,0.062,0.248,0.1524777636594663,0.062,74,4,8.0,sidewalks,HMAC,1,2,2,1,2,2,1,2,2,1,0,0,1,2,2,0,0,0,0,0,0,1,2,0,0,5,0,2,0,0,0,0,0,0,1,0,0,0,0,0,0,0,0,5,1,0,0,0,1,0,1,2,0,5,0,0,3,1,0,0,0,0,0,0,1,2,0,1,2,0,1,2,0,1,0,0,1,2,0,0,0,0,0,3,1,0,1,0,0,0,0,0,0,0,0,0,5,0,0.248,,,,0.248,,,,,,,,,,,,,,,,,,,,,,,,,,,,,,0,2.0,0.062,78.7,12.0,85.347
192,High,RPath,670,12.0,4.0,3.0,187.0,281.0,375.0,0.042704626334519574,Asphalt,105.0,2.0,4,107.088,0.089,0.356,0.1142857142857142,0.089,83,5,8.0,sidewalks,HMAC,1,2,2,1,2,2,1,2,0,1,0,0,1,2,2,1,0,0,0,0,0,0,0,0,0,5,0,2,1,2,0,0,0,0,1,2,0,0,0,0,0,0,0,5,1,2,0,0,0,0,1,2,0,5,5,0,0,1,0,0,0,1,0,0,1,2,2,0,0,0,0,0,0,1,0,0,1,2,2,0,0,0,5,3,1,0,0,1,0,0,0,0,0,1,0,0,5,0,0.357,,,,0.357,,,,,,,,,,,,,,,,,,,,,,,,,,,,,,0,2.0,0.089,105.0,12.0,107.088
193,High,RPath,707,12.0,4.0,3.0,74.0,111.0,148.0,0.10810810810810811,Asphalt,77.2,2.0,4,82.025,0.034,0.136,0.155440414507772,0.034,72,4,8.0,sidewalks,CON,1,2,2,1,0,0,0,0,0,1,2,2,1,0,0,1,0,0,0,0,0,0,0,0,5,0,0,2,1,2,2,1,0,0,1,0,0,0,0,0,1,2,0,5,1,2,0,0,1,1,1,2,2,0,0,0,0,1,1,0,0,0,0,0,1,2,0,0,0,0,1,0,0,1,2,0,1,2,0,0,0,0,0,3,1,1,1,1,2,0,0,0,0,1,0,0,5,0,0.117,,,,0.097,,,,,,,,,,,,,0.019,,,,,,,,,,,,,,,,,0,2.0,0.034,77.2,12.0,82.025
194,High,RPath,708,12.0,4.0,3.0,276.0,415.0,553.0,0.02891566265060241,Asphalt,75.3,2.0,4,75.51,0.065,0.26,0.1593625498007968,0.065,67,4,8.0,sidewalks,CON,1,2,0,1,0,0,0,0,0,1,2,0,1,0,0,1,0,0,0,0,0,0,0,0,5,0,0,2,1,2,2,1,0,0,1,0,0,0,0,0,1,2,0,5,1,2,0,0,1,1,1,2,2,0,0,0,0,1,1,0,0,0,0,0,1,2,0,0,0,0,1,0,0,1,0,0,1,2,0,0,0,0,0,3,1,1,1,1,2,0,1,0,0,1,0,0,5,0,0.259,,,,0.139,,,,,,,,,0.119,,,,,,,,,,,,,,,,,,,,,0,2.0,0.065,75.3,12.0,75.51
195,High,RPath,714,12.0,4.0,3.0,248.0,372.0,496.0,0.03225806451612903,Asphalt,78.5,2.0,4,77.875,0.043,0.172,0.1528662420382165,0.043,74,4,8.0,sidewalks,CON,1,0,0,1,0,0,0,0,0,1,0,0,1,0,0,1,2,0,0,0,0,0,0,0,5,0,0,2,1,2,2,0,0,0,1,0,0,0,0,0,0,0,0,5,1,2,0,0,1,1,1,2,2,0,0,0,3,1,1,0,0,1,0,0,1,2,2,0,0,0,1,0,0,1,0,0,1,2,2,0,0,0,5,3,1,1,1,1,0,0,1,0,0,1,2,0,5,0,0.172,,,,0.057,,,,,,,,,0.115,,,,,,,,,,,,,,,,,,,,,1,2.0,0.043,78.5,22.0,77.875
196,High,RPath,716,12.0,4.0,3.0,76.0,114.0,152.0,0.10526315789473684,Asphalt,76.7,2.0,4,76.899,0.093,0.372,0.1564537157757496,0.093,85,5,8.0,sidewalks,CON,1,0,0,1,0,0,0,0,0,1,2,0,1,0,0,1,2,2,0,0,0,0,0,0,5,0,0,2,1,2,2,0,0,0,1,2,0,0,0,0,0,0,0,5,1,2,0,0,1,1,1,2,2,0,0,0,0,1,1,0,0,1,2,0,1,2,2,0,0,0,1,0,0,1,2,0,1,2,2,0,0,0,5,3,1,1,1,1,2,0,1,0,0,1,2,2,5,0,0.117,,,,0.02,0.078,,,,,,,,,,,,0.02,,,,,,,,,,,,,,,,,0,2.0,0.093,76.7,12.0,76.899
197,High,RPath,718,12.0,4.0,3.0,68.0,101.0,135.0,0.1188118811881188,Asphalt,73.5,2.0,4,73.471,0.046,0.184,0.1632653061224489,0.046,85,5,8.0,sidewalks,CON,1,0,0,1,0,0,0,0,0,1,2,0,1,0,0,1,2,2,0,0,0,0,0,0,5,0,0,2,1,2,2,0,0,0,1,2,0,0,0,0,0,0,0,5,1,2,0,0,1,1,1,2,2,0,0,0,0,1,1,0,0,1,2,0,1,2,2,0,0,0,1,0,0,1,2,0,1,2,2,0,0,0,5,3,1,1,1,1,2,0,1,0,0,1,2,2,5,0,0.184,,,,0.184,,,,,,,,,,,,,,,,,,,,,,,,,,,,,,0,2.0,0.046,73.5,12.0,73.471
198,High,RPath,723,12.0,4.0,3.0,234.0,351.0,468.0,0.03418803418803419,Asphalt,111.1,2.0,4,111.062,0.095,0.38,0.108010801080108,0.095,82,4,8.0,sidewalks,HMAC,1,2,0,1,0,0,0,0,0,1,2,2,1,2,0,1,2,0,0,0,0,0,0,0,5,0,0,2,1,2,2,0,0,0,1,2,2,0,0,0,0,0,0,0,1,2,0,0,1,1,1,2,2,0,5,0,0,1,0,0,0,1,2,0,1,2,0,0,0,0,1,0,0,1,2,0,1,2,2,0,0,0,0,3,1,1,1,1,2,0,0,0,0,1,2,2,5,0,0.365,,,,0.351,,,,,,,,,,,0.014,,,,,,,,,,,,,,,,,,,0,2.0,0.095,111.1,12.0,111.062
199,High,RPath,726,12.0,4.0,3.0,90.0,135.0,180.0,0.08888888888888889,Asphalt,73.0,2.0,4,73.061,0.062,0.248,0.1643835616438356,0.062,83,5,8.0,sidewalks,CON,1,0,0,0,0,0,0,0,0,1,2,2,1,2,2,1,2,0,0,0,0,0,0,0,5,0,0,0,1,2,2,0,0,0,1,2,2,0,0,0,0,0,0,0,1,2,0,0,1,1,1,2,2,0,5,0,0,1,0,0,0,1,2,2,1,2,0,0,0,0,1,0,0,1,2,2,1,2,2,0,0,0,0,3,1,1,1,1,2,0,0,0,0,1,2,2,5,0,0.247,,,,0.247,,,,,,,,,,,,,,,,,,,,,,,,,,,,,,0,2.0,0.062,73.0,12.0,73.061
200,High,RPath,728,12.0,4.0,3.0,83.0,124.0,165.0,0.0967741935483871,Asphalt,74.7,2.0,4,73.714,0.04,0.16,0.1606425702811245,0.04,79,4,8.0,sidewalks,CON,1,0,0,0,0,0,0,0,0,1,2,2,1,2,0,1,2,0,0,0,0,0,0,0,5,0,0,0,1,2,2,0,0,0,1,2,2,0,0,0,0,0,0,0,1,2,2,0,1,1,1,2,2,5,5,0,3,1,0,0,0,1,2,0,1,0,0,0,0,0,1,0,0,1,2,0,1,2,0,1,0,0,0,0,1,1,1,1,2,0,0,0,0,1,2,0,5,0,0.141,,,,0.121,,,,,,,,,,,,,0.02,,,,,,,,,,,,,,,,,0,2.0,0.04,74.7,12.0,73.714
201,High,RPath,730,12.0,4.0,3.0,447.0,670.0,893.0,0.01791044776119403,Asphalt,110.7,2.0,4,110.65,0.085,0.34,0.1084010840108401,0.085,82,4,8.0,sidewalks,CON,1,0,0,0,0,0,0,0,0,1,2,2,1,2,2,1,2,0,0,0,0,0,0,0,5,0,0,0,1,2,2,0,0,0,1,2,2,0,0,0,0,0,0,0,1,2,2,0,1,1,1,2,2,0,5,0,0,1,0,0,0,1,2,2,1,0,0,0,0,0,1,0,0,1,2,2,1,2,2,1,0,0,0,0,1,1,1,1,2,0,1,0,0,1,2,2,5,0,0.217,0.014,,,0.122,,,,,,,,,,,,,0.081,,,,,,,,,,,,,,,,,1,2.0,0.085,110.7,22.0,110.65
202,High,RPath,735,12.0,4.0,3.0,286.0,429.0,571.0,0.027972027972027972,Asphalt,125.6,2.0,4,125.498,0.087,0.348,0.0955414012738853,0.087,70,4,8.0,sidewalks,CON,1,0,0,0,0,0,0,0,0,1,2,0,1,2,0,1,0,0,0,0,0,0,0,0,5,0,3,0,1,2,2,0,0,0,1,2,0,0,0,0,0,0,0,0,1,2,2,0,1,0,1,2,2,0,5,0,3,1,1,0,0,1,2,0,0,0,0,0,0,0,1,0,0,1,2,0,1,2,0,1,2,0,0,0,1,1,1,1,2,0,0,0,0,1,0,0,5,0,0.31,,,,0.275,,,,,,,,,,,0.024,,0.012,,,,,,,,,,,,,,,,,0,2.0,0.087,125.6,12.0,125.498
203,High,RPath,737,12.0,4.0,3.0,30.0,45.0,60.0,0.26666666666666666,Asphalt,72.4,2.0,4,74.122,0.021,0.084,0.1657458563535911,0.021,75,4,8.0,sidewalks,CON,1,0,0,0,0,0,0,0,0,1,2,0,1,2,0,1,2,0,0,0,0,0,0,0,5,0,0,0,1,2,2,0,0,0,1,2,0,0,0,0,0,0,0,0,1,2,2,0,1,1,1,2,2,5,5,0,3,1,0,0,0,1,2,0,1,0,0,0,0,0,1,0,0,1,2,0,1,2,0,1,0,0,0,0,1,1,1,1,2,0,0,0,0,1,2,0,5,0,0.083,,,,0.083,,,,,,,,,,,,,,,,,,,,,,,,,,,,,,0,2.0,0.021,72.4,12.0,74.122
204,High,RPath,738,12.0,4.0,3.0,90.0,136.0,181.0,0.08823529411764706,Asphalt,91.4,2.0,4,89.266,0.025,0.1,0.1312910284463894,0.025,72,4,8.0,sidewalks,PB,1,0,0,0,0,0,0,0,0,1,2,0,1,2,0,1,2,0,0,0,0,0,0,0,5,0,0,0,1,2,2,0,0,0,1,2,0,0,0,0,0,0,0,0,1,2,2,0,1,1,1,2,2,0,5,0,0,1,0,0,0,1,2,0,1,0,0,0,0,0,1,2,0,1,2,0,1,2,0,1,0,0,0,0,1,1,1,1,2,2,1,0,0,1,2,0,5,0,0.066,,,,0.033,,,,,,,,,,,,,0.033,,,,,,,,,,,,,,,,,0,2.0,0.025,91.4,12.0,89.266
205,High,RPath,739,12.0,4.0,3.0,144.0,216.0,288.0,0.05555555555555555,Asphalt,72.9,2.0,4,72.991,0.067,0.268,0.1646090534979424,0.067,72,4,8.0,sidewalks,CON,1,0,0,0,0,0,0,0,0,1,2,0,1,2,0,1,2,0,0,0,0,0,0,0,5,0,0,0,1,2,2,0,0,0,1,2,0,0,0,0,0,0,0,0,1,2,2,0,1,0,1,2,2,0,0,0,3,1,1,0,0,1,2,0,1,0,0,0,0,0,1,2,0,1,2,0,1,2,0,1,2,0,0,0,1,1,1,1,2,2,1,0,0,1,2,0,5,0,0.226,,,,0.185,,,,,,,,,,,0.021,,0.021,,,,,,,,,,,,,,,,,0,2.0,0.067,72.9,12.0,72.991
206,High,RPath,742,12.0,4.0,3.0,202.0,302.0,403.0,0.039735099337748346,Asphalt,91.8,2.0,4,91.829,0.098,0.392,0.130718954248366,0.098,84,5,8.0,sidewalks,CON,1,0,0,0,0,0,0,0,0,1,2,0,1,2,0,1,2,2,0,0,0,0,0,0,5,0,0,0,1,2,2,0,0,0,1,2,0,0,0,0,0,0,0,0,1,2,2,0,1,1,1,2,2,0,5,0,3,1,1,0,0,1,2,0,1,2,0,0,0,0,1,2,0,1,2,2,1,2,0,1,0,0,0,0,1,1,1,1,2,2,1,0,0,1,2,2,5,0,0.376,,,,0.359,,,,,,,,,,,,,0.016,,,,,,,,,,,,,,,,,3,2.0,0.098,91.8,42.0,91.829
207,High,RPath,744,12.0,4.0,3.0,322.0,483.0,644.0,0.024844720496894408,Asphalt,91.5,2.0,4,91.533,0.078,0.312,0.1311475409836065,0.078,72,4,8.0,sidewalks,CON,1,0,0,0,0,0,0,0,0,1,2,0,1,2,0,1,2,0,0,0,0,0,0,0,5,0,0,0,1,2,2,0,0,0,1,2,0,0,0,0,0,0,0,0,1,2,2,0,1,1,1,2,2,0,5,0,0,1,0,0,0,1,2,0,1,0,0,0,0,0,1,2,0,1,2,0,1,2,0,1,0,0,0,0,1,1,1,1,2,2,1,0,0,1,2,0,5,0,0.18,,,,0.049,,,,,,,,,,,,,0.131,,,,,,,,,,,,,,,,,1,2.0,0.078,91.5,22.0,91.533
208,High,RPath,746,12.0,4.0,3.0,113.0,169.0,226.0,0.07100591715976332,Asphalt,91.8,2.0,4,70.915,0.049,0.196,0.130718954248366,0.049,81,4,8.0,sidewalks,CON,1,0,0,0,0,0,0,0,0,1,2,0,1,0,0,1,2,2,0,0,0,0,0,0,5,5,0,0,1,2,2,0,0,0,1,0,0,0,0,0,0,0,0,0,1,2,2,0,1,1,1,2,2,0,0,0,0,1,1,0,0,1,0,0,1,2,0,0,0,0,1,2,2,1,2,2,1,2,2,1,0,0,0,0,1,1,1,1,2,2,1,2,0,1,2,2,5,0,0.114,,,,0.065,0.016,,,,,,,,,,,,0.033,,,,,,,,,,,,,,,,,1,2.0,0.049,91.8,22.0,70.915
209,High,RPath,749,12.0,4.0,3.0,52.0,79.0,105.0,0.1518987341772152,Asphalt,73.9,2.0,4,73.868,0.036,0.144,0.162381596752368,0.036,81,4,8.0,sidewalks,CON,1,2,0,0,0,0,0,0,0,1,2,0,1,0,0,1,2,2,0,0,0,0,0,0,5,0,0,0,1,2,2,0,0,0,1,0,0,0,0,0,0,0,0,0,1,2,2,0,1,1,1,2,2,0,5,0,0,1,1,0,0,1,0,0,1,2,2,0,0,0,1,2,0,1,2,2,1,2,0,1,0,0,0,0,1,1,1,1,2,2,1,2,0,1,2,2,5,0,0.142,,,,0.142,,,,,,,,,,,,,,,,,,,,,,,,,,,,,,1,2.0,0.036,73.9,22.0,73.868
210,High,RPath,752,12.0,4.0,3.0,45.0,68.0,90.0,0.17647058823529413,Asphalt,92.8,2.0,4,92.192,0.036,0.144,0.1293103448275862,0.036,83,5,8.0,sidewalks,CON,1,2,0,0,0,0,0,0,0,1,2,0,1,0,0,1,2,2,0,0,0,0,0,0,5,0,0,0,1,2,2,0,0,0,1,0,0,0,0,0,0,0,0,0,1,2,2,0,1,1,1,2,2,0,5,0,0,1,1,0,0,1,0,0,1,2,0,0,0,0,1,2,2,1,2,2,1,2,2,1,0,0,0,0,1,1,1,1,2,2,1,2,0,1,2,2,5,0,0.097,,,,0.081,0.016,,,,,,,,,,,,,,,,,,,,,,,,,,,,,1,2.0,0.036,92.8,22.0,92.192
211,High,RPath,756,12.0,4.0,3.0,173.0,259.0,346.0,0.04633204633204633,Asphalt,122.6,2.0,4,122.741,0.04,0.16,0.097879282218597,0.04,85,5,8.0,sidewalks,PB,1,2,2,1,2,2,0,0,0,0,0,0,1,2,0,0,0,0,0,0,0,0,0,0,5,0,0,0,1,0,0,1,2,2,1,2,2,0,0,0,1,0,0,0,1,2,2,0,1,0,1,2,2,5,5,0,3,0,0,0,0,0,0,0,1,2,0,1,2,0,1,2,0,1,2,0,1,0,0,0,0,0,5,0,1,1,1,1,2,2,0,0,0,0,0,0,5,0,0.086,,,,0.037,,,,,,,,,,,0.037,,,0.012,,,,,,,,,,,,,,,,1,2.0,0.04,122.6,22.0,122.741
212,High,RPath,761,12.0,4.0,3.0,52.0,78.0,104.0,0.15384615384615385,Asphalt,74.3,2.0,4,50.619,0.061,0.244,0.161507402422611,0.061,84,5,8.0,sidewalks,CON,1,2,2,1,2,0,0,0,0,0,0,0,1,2,0,0,0,0,0,0,0,0,0,0,5,0,0,2,1,0,0,1,2,2,1,2,2,0,0,0,1,2,0,5,1,2,2,0,1,0,1,2,2,0,0,0,3,1,0,0,0,1,0,0,1,2,2,1,0,0,1,2,0,1,2,0,1,0,0,0,0,0,5,0,1,1,1,1,2,2,0,0,0,0,0,0,5,0,0.061,,,,,0.04,,,,,,,,,,,,,0.02,,,,,,,,,,,,,,,,1,2.0,0.061,74.3,22.0,50.619
213,High,RPath,771,12.0,4.0,3.0,324.0,486.0,648.0,0.024691358024691357,Asphalt,150.8,2.0,4,147.58,0.095,0.38,0.0795755968169761,0.095,80,4,8.0,sidewalks,PB,1,2,0,1,2,0,0,0,0,0,0,0,1,0,0,0,0,0,0,0,0,0,0,0,5,0,0,2,0,0,0,1,0,0,1,2,2,0,0,0,0,0,0,5,1,2,2,0,0,0,1,2,2,5,5,4,3,1,0,0,0,0,0,0,1,2,0,1,2,0,1,2,0,1,0,0,1,0,0,0,0,0,5,3,1,0,1,1,0,0,0,0,0,0,0,0,5,0,0.109,,,,,0.03,,,,,,,0.03,,,0.03,0.02,,,,,,,,,,,,,,,,,,0,2.0,0.095,150.8,12.0,147.58
214,High,RPath,785,12.0,4.0,3.0,284.0,426.0,568.0,0.028169014084507043,Asphalt,313.7,2.0,4,313.652,0.025,0.1,0.0382531080650302,0.025,68,4,8.0,sidewalks,HMAC,1,2,2,1,0,0,1,0,0,0,0,0,1,0,0,1,2,2,0,0,0,0,0,0,5,0,0,0,0,0,0,1,2,2,1,2,2,0,0,0,0,0,0,0,1,2,2,0,1,1,1,2,2,5,5,0,3,1,0,0,0,0,0,0,1,2,0,0,0,0,0,0,0,1,0,0,1,0,0,0,0,0,0,3,1,0,0,0,0,0,0,0,0,0,0,0,5,0,0.086,,,0.005,0.081,,,,,,,,,,,,,,,,,,,,,,,,,,,,,,2,2.0,0.025,313.7,32.0,313.652
215,High,RPath,814,12.0,4.0,3.0,375.0,562.0,750.0,0.021352313167259787,Asphalt,117.9,2.0,4,117.063,0.092,0.368,0.1017811704834605,0.092,78,4,8.0,sidewalks,CON,1,0,0,0,0,0,0,0,0,1,2,2,1,2,0,1,0,0,0,0,0,0,0,0,5,0,3,0,1,2,2,0,0,0,1,2,2,0,0,0,0,0,0,0,1,2,2,0,1,0,1,2,2,5,5,0,3,1,0,0,0,1,2,0,0,0,0,0,0,0,1,0,0,1,2,0,1,2,0,1,0,0,0,0,1,1,1,1,2,0,0,0,0,1,2,0,5,0,0.28,,,,0.191,,,,,,,,,,,,,0.089,,,,,,,,,,,,,,,,,1,2.0,0.092,117.9,22.0,117.063
216,High,RPath,818,12.0,4.0,3.0,15.0,23.0,30.0,0.5217391304347826,Asphalt,22.1,2.0,4,24.001,0.034,0.136,0.5429864253393665,0.034,76,4,8.0,sidewalks,CON,1,2,2,0,0,0,0,0,0,1,2,0,0,0,0,0,0,0,0,0,0,0,0,0,0,5,0,0,1,2,2,1,0,0,1,0,0,0,0,0,0,0,0,0,1,2,0,0,1,0,1,2,2,5,5,0,3,0,1,2,0,0,0,0,1,2,0,0,0,0,1,0,0,1,2,0,1,2,0,0,0,0,0,0,1,1,1,1,2,2,1,2,2,1,2,0,5,0,0.136,,,,0.136,,,,,,,,,,,,,,,,,,,,,,,,,,,,,,0,2.0,0.034,22.1,12.0,24.001
217,High,RPath,821,12.0,4.0,3.0,89.0,133.0,178.0,0.09022556390977443,Asphalt,91.1,2.0,4,93.033,0.037,0.148,0.1317233809001097,0.037,79,4,8.0,sidewalks,CON,1,2,2,0,0,0,0,0,0,1,2,2,0,0,0,1,2,0,0,0,0,0,0,0,5,0,0,0,1,2,2,1,0,0,0,0,0,0,0,0,1,0,0,0,1,2,2,0,1,1,1,2,2,0,5,0,0,1,1,2,2,0,0,0,1,2,0,0,0,0,1,2,0,1,2,0,1,2,2,0,0,0,0,0,1,1,1,1,2,2,1,2,0,1,0,0,5,0,0.132,,,,0.115,,,,,,,,,,,,,0.016,,,,,,,,,,,,,,,,,0,2.0,0.037,91.1,12.0,93.033
218,High,RPath,824,12.0,4.0,3.0,37.0,56.0,75.0,0.21428571428571427,Asphalt,74.2,2.0,4,74.215,0.025,0.1,0.1617250673854447,0.025,80,4,8.0,sidewalks,CON,1,2,2,0,0,0,0,0,0,1,2,0,0,0,0,1,0,0,0,0,0,0,0,0,5,0,0,0,1,2,2,0,0,0,1,0,0,0,0,0,0,0,0,0,1,2,0,0,1,1,1,2,2,0,5,0,0,1,1,2,0,0,0,0,1,2,0,0,0,0,1,2,0,1,2,0,1,2,2,1,2,0,5,0,1,1,1,1,2,0,1,2,2,1,2,0,5,0,0.101,,,,0.101,,,,,,,,,,,,,,,,,,,,,,,,,,,,,,0,2.0,0.025,74.2,12.0,74.215
219,High,RPath,826,12.0,4.0,3.0,23.0,34.0,45.0,0.35294117647058826,Asphalt,73.1,2.0,4,74.208,0.015,0.06,0.1641586867305061,0.015,71,4,8.0,sidewalks,CON,1,2,2,0,0,0,0,0,0,1,0,0,1,0,0,1,0,0,0,0,0,0,0,0,5,0,0,0,1,2,2,0,0,0,1,0,0,0,0,0,0,0,0,0,1,2,0,0,1,0,1,2,2,0,0,0,0,1,1,0,0,0,0,0,1,2,0,0,0,0,1,2,0,1,2,0,1,2,2,1,2,0,5,0,1,1,1,1,2,2,1,2,0,1,2,0,5,0,0.062,,,,0.062,,,,,,,,,,,,,,,,,,,,,,,,,,,,,,0,2.0,0.015,73.1,12.0,74.208
220,High,RPath,827,12.0,4.0,3.0,195.0,292.0,390.0,0.0410958904109589,Asphalt,102.0,2.0,4,101.957,0.063,0.252,0.1176470588235294,0.063,77,4,8.0,sidewalks,CON,1,2,2,0,0,0,0,0,0,1,2,0,1,0,0,1,0,0,0,0,0,0,0,0,5,0,0,0,1,2,2,0,0,0,1,0,0,0,0,0,0,0,0,0,1,2,0,0,1,1,1,2,2,0,5,0,0,1,1,0,0,0,0,0,1,2,0,0,0,0,1,2,0,1,2,0,1,2,2,1,2,0,5,0,1,1,1,1,2,0,1,2,0,1,2,0,5,0,0.206,,,,0.162,,,,,,,,,,,,,0.044,,,,,,,,,,,,,,,,,0,2.0,0.063,102.0,12.0,101.957
221,High,RPath,828,12.0,4.0,3.0,127.0,190.0,254.0,0.06315789473684211,Asphalt,73.7,2.0,4,73.723,0.071,0.284,0.1628222523744911,0.071,81,4,8.0,sidewalks,CON,1,2,2,0,0,0,0,0,0,1,0,0,0,0,0,1,0,0,0,0,0,0,0,0,5,0,0,0,1,2,2,0,0,0,0,0,0,0,0,0,0,0,0,0,1,2,2,0,1,1,1,2,2,0,5,0,3,1,1,0,0,1,0,0,1,2,0,0,0,0,1,2,0,1,2,2,1,2,0,1,2,2,5,0,1,1,1,1,2,0,1,2,0,1,2,0,5,0,0.265,,,,0.244,,,,,,,,,,,,,0.02,,,,,,,,,,,,,,,,,1,2.0,0.071,73.7,22.0,73.723
222,High,RPath,829,12.0,4.0,3.0,151.0,227.0,302.0,0.05286343612334802,Asphalt,101.5,2.0,4,101.492,0.048,0.192,0.1182266009852216,0.048,80,4,8.0,sidewalks,CON,1,2,2,0,0,0,0,0,0,1,0,0,1,0,0,1,0,0,0,0,0,0,0,0,5,0,0,0,1,2,2,0,0,0,1,0,0,0,0,0,0,0,0,0,1,2,2,0,1,1,1,2,2,0,5,0,0,1,1,0,0,1,0,0,1,2,0,0,0,0,1,2,0,1,2,0,1,2,2,1,2,2,5,0,1,1,1,1,2,0,1,2,0,1,2,0,5,0,0.177,,,,0.148,,,,,0.015,,,,,,,,0.015,,,,,,,,,,,,,,,,,0,2.0,0.048,101.5,12.0,101.492
223,High,RPath,830,12.0,4.0,3.0,186.0,279.0,372.0,0.043010752688172046,Asphalt,73.9,2.0,4,73.867,0.071,0.284,0.162381596752368,0.071,71,4,8.0,sidewalks,CON,1,2,2,0,0,0,0,0,0,1,0,0,1,0,0,1,0,0,0,0,0,0,0,0,5,0,0,0,1,2,2,0,0,0,1,0,0,0,0,0,0,0,0,0,1,2,0,0,1,0,1,2,0,0,0,0,3,1,1,0,0,1,0,0,1,2,0,0,0,0,1,0,0,1,2,0,1,2,2,1,2,2,5,0,1,1,1,1,2,0,1,2,0,1,2,0,5,0,0.264,,,,0.203,,,0.02,,,,,,0.02,,,,0.02,,,,,,,,,,,,,,,,,0,2.0,0.071,73.9,12.0,73.867
224,High,RPath,831,12.0,4.0,3.0,128.0,192.0,256.0,0.0625,Asphalt,101.2,2.0,4,40.223,0.052,0.208,0.1185770750988142,0.052,71,4,8.0,sidewalks,CON,1,2,2,0,0,0,0,0,0,1,0,0,1,0,0,1,0,0,0,0,0,0,0,0,5,0,0,0,1,2,2,0,0,0,1,0,0,0,0,0,0,0,0,0,1,2,2,0,1,1,1,2,2,0,0,0,3,1,1,0,0,1,0,0,1,2,0,0,0,0,1,2,0,1,2,0,1,2,2,1,2,2,0,0,1,1,1,1,2,0,1,2,0,1,0,0,5,0,0.193,,,,0.178,,,,,,,,,,,,,0.015,,,,,,,,,,,,,,,,,0,2.0,0.052,101.2,12.0,40.223
225,High,RPath,832,12.0,4.0,3.0,121.0,181.0,242.0,0.06629834254143646,Asphalt,101.2,2.0,4,100.688,0.037,0.148,0.1185770750988142,0.037,75,4,8.0,sidewalks,CON,1,2,0,0,0,0,0,0,0,0,0,0,1,0,0,1,0,0,0,0,0,0,0,0,5,0,0,0,1,2,2,0,0,0,0,0,0,0,0,0,0,0,0,0,1,2,2,0,1,1,1,2,2,0,5,0,0,1,1,2,0,1,2,0,1,2,2,0,0,0,1,2,0,1,2,2,1,2,2,1,2,2,0,0,1,1,1,1,2,0,1,0,0,1,0,0,5,0,0.119,,,,0.089,,,,,,,,,,,0.015,,0.015,,,,,,,,,,,,,,,,,1,2.0,0.037,101.2,22.0,100.688
226,High,RPath,834,12.0,4.0,3.0,98.0,147.0,196.0,0.08163265306122448,Asphalt,72.4,2.0,4,73.742,0.052,0.208,0.1657458563535911,0.052,77,4,8.0,sidewalks,CON,1,2,2,0,0,0,0,0,0,1,0,0,1,0,0,1,0,0,0,0,0,0,0,0,5,0,0,0,1,2,2,0,0,0,0,0,0,0,0,0,0,0,0,0,1,2,2,0,1,1,1,2,2,0,5,0,3,1,1,0,0,1,2,0,1,2,0,0,0,0,1,2,0,1,2,2,1,2,0,1,2,2,0,0,1,1,1,1,2,0,1,2,0,1,0,0,5,0,0.186,,,,0.166,,,,,,,,,,,,,0.021,,,,,,,,,,,,,,,,,2,2.0,0.052,72.4,32.0,73.742
227,High,RPath,835,12.0,4.0,3.0,90.0,135.0,180.0,0.08888888888888889,Asphalt,100.5,2.0,4,100.488,0.034,0.136,0.1194029850746268,0.034,77,4,8.0,sidewalks,CON,1,2,2,0,0,0,0,0,0,1,0,0,1,0,0,1,0,0,0,0,0,0,0,0,5,0,0,0,1,2,2,0,0,0,0,0,0,0,0,0,0,0,0,0,1,2,2,0,1,1,1,2,2,0,5,0,3,1,1,0,0,1,0,0,1,2,0,0,0,0,1,2,0,1,2,2,1,2,2,1,2,2,0,0,1,1,1,1,2,0,1,2,0,1,0,0,5,0,0.119,,,,0.104,,,,,,,,,,,,,0.015,,,,,,,,,,,,,,,,,1,2.0,0.034,100.5,22.0,100.488
228,High,RPath,836,12.0,4.0,3.0,112.0,168.0,224.0,0.07142857142857142,Asphalt,74.5,2.0,4,74.533,0.06,0.24,0.1610738255033557,0.06,73,4,8.0,sidewalks,CON,1,2,0,0,0,0,0,0,0,0,0,0,1,0,0,1,0,0,0,0,0,0,0,0,5,0,0,0,1,2,2,0,0,0,0,0,0,0,0,0,0,0,0,0,1,2,2,0,1,1,1,2,2,0,5,0,3,1,1,2,0,1,2,0,1,2,0,0,0,0,1,2,0,1,2,0,1,2,0,1,2,0,0,3,1,1,1,1,2,0,1,0,0,1,0,0,5,0,0.221,,,,0.201,,,,,,,,,,,,,0.02,,,,,,,,,,,,,,,,,1,2.0,0.06,74.5,22.0,74.533
229,High,RPath,837,12.0,4.0,3.0,82.0,124.0,165.0,0.0967741935483871,Asphalt,99.9,2.0,4,99.889,0.041,0.164,0.1201201201201201,0.041,72,4,8.0,sidewalks,CON,1,2,0,0,0,0,0,0,0,0,0,0,1,0,0,1,0,0,0,0,0,0,0,0,5,0,0,0,1,2,2,0,0,0,0,0,0,0,0,0,0,0,0,0,1,2,2,0,1,1,1,2,2,0,5,0,3,1,1,2,0,1,2,0,1,2,0,0,0,0,1,0,0,1,2,0,1,2,2,1,2,0,0,3,1,1,1,1,2,0,1,0,0,0,0,0,5,0,0.165,,,,0.165,,,,,,,,,,,,,,,,,,,,,,,,,,,,,,1,2.0,0.041,99.9,22.0,99.889
230,High,RPath,839,12.0,4.0,3.0,144.0,215.0,287.0,0.05581395348837209,Asphalt,101.5,2.0,4,101.483,0.048,0.192,0.1182266009852216,0.048,71,4,8.0,sidewalks,CON,1,2,0,0,0,0,0,0,0,0,0,0,1,0,0,1,0,0,0,0,0,0,0,0,5,0,0,0,1,2,2,0,0,0,0,0,0,0,0,0,0,0,0,0,1,2,2,0,1,1,1,2,2,0,5,0,0,1,1,2,0,1,2,0,1,2,2,0,0,0,1,2,0,1,2,0,1,2,2,1,2,0,0,0,1,1,1,1,2,0,1,0,0,1,0,0,5,0,0.163,,,,0.133,,,,,,,,,,,0.015,,0.015,,,,,,,,,,,,,,,,,1,2.0,0.048,101.5,22.0,101.483
231,High,RPath,852,12.0,4.0,3.0,97.0,146.0,195.0,0.0821917808219178,Asphalt,73.3,2.0,4,73.904,0.067,0.268,0.1637107776261937,0.067,71,4,8.0,sidewalks,CON,1,2,0,0,0,0,0,0,0,0,0,0,1,2,0,1,0,0,0,0,0,0,0,0,5,0,3,0,1,2,2,0,0,0,1,0,0,0,0,0,0,0,0,0,1,2,2,0,1,0,1,2,0,0,5,0,3,1,1,0,0,1,0,0,1,2,2,0,0,0,0,0,0,1,0,0,1,2,2,1,2,0,0,3,1,1,1,1,2,0,1,0,0,1,0,0,5,0,0.266,,,,0.266,,,,,,,,,,,,,,,,,,,,,,,,,,,,,,0,2.0,0.067,73.3,12.0,73.904
232,High,RPath,853,12.0,4.0,3.0,157.0,236.0,315.0,0.05084745762711865,Asphalt,99.0,2.0,4,98.958,0.091,0.364,0.1212121212121212,0.091,72,4,8.0,sidewalks,CON,1,2,2,0,0,0,0,0,0,1,0,0,1,0,0,1,0,0,0,0,0,0,0,0,5,0,0,0,1,2,2,0,0,0,1,0,0,0,0,0,0,0,0,0,1,2,2,0,1,0,1,2,0,0,5,0,3,1,1,0,0,1,0,0,1,2,2,0,0,0,1,0,0,1,2,0,1,2,2,1,2,0,0,3,1,1,1,1,2,0,1,0,0,1,0,0,5,0,0.318,,,,0.303,0.015,,,,,,,,,,,,,,,,,,,,,,,,,,,,,0,2.0,0.091,99.0,12.0,98.958
233,High,RPath,854,12.0,4.0,3.0,105.0,157.0,210.0,0.07643312101910828,Asphalt,73.6,2.0,4,73.59,0.087,0.348,0.1630434782608695,0.087,69,4,8.0,sidewalks,CON,1,2,2,0,0,0,0,0,0,1,0,0,1,0,0,1,0,0,0,0,0,0,0,0,5,0,0,0,1,2,2,0,0,0,1,0,0,0,0,0,0,0,0,0,1,2,0,0,1,0,1,2,0,0,0,0,3,1,1,0,0,1,0,0,1,2,0,0,0,0,1,0,0,1,2,0,1,2,2,1,2,0,5,0,1,1,1,1,2,0,1,2,0,1,2,0,5,0,0.285,,,,0.265,0.02,,,,,,,,,,,,,,,,,,,,,,,,,,,,,0,2.0,0.087,73.6,12.0,73.59
234,High,RPath,855,12.0,4.0,3.0,128.0,192.0,256.0,0.0625,Asphalt,100.6,2.0,4,100.646,0.052,0.208,0.1192842942345924,0.052,81,4,8.0,sidewalks,CON,1,2,2,0,0,0,0,0,0,1,0,0,1,2,0,1,2,0,0,0,0,0,0,0,5,0,3,0,1,2,2,0,0,0,1,0,0,0,0,0,0,0,0,0,1,2,2,0,1,0,1,2,0,0,5,0,0,1,0,0,0,0,0,0,1,2,0,0,0,0,1,0,0,1,2,0,1,2,2,1,2,0,5,3,1,1,1,1,2,0,1,2,0,1,2,0,5,0,0.194,,,,0.179,,,,,,,,,,,,,0.015,,,,,,,,,,,,,,,,,0,2.0,0.052,100.6,12.0,100.646
235,High,RPath,857,12.0,4.0,3.0,68.0,101.0,135.0,0.1188118811881188,Asphalt,96.6,2.0,4,89.528,0.035,0.14,0.124223602484472,0.035,78,4,8.0,sidewalks,CON,1,2,2,0,0,0,0,0,0,1,0,0,1,2,0,1,2,0,0,0,0,0,0,0,5,0,0,0,1,2,2,0,0,0,1,2,0,0,0,0,0,0,0,0,1,2,2,0,1,0,1,2,0,0,5,0,0,1,1,0,0,0,0,0,1,2,0,0,0,0,1,0,0,1,2,0,1,2,2,1,2,0,0,3,1,1,1,1,2,2,1,2,0,1,2,0,5,0,0.14,,,,0.14,,,,,,,,,,,,,,,,,,,,,,,,,,,,,,0,2.0,0.035,96.6,12.0,89.528
236,High,RPath,880,12.0,4.0,3.0,120.0,180.0,240.0,0.06666666666666667,Asphalt,190.3,2.0,4,190.26,0.032,0.128,0.0630583289542827,0.032,78,4,8.0,sidewalks,CON,1,2,2,1,2,2,1,2,2,0,0,0,1,2,2,1,0,0,0,0,0,1,2,2,0,5,0,0,0,0,0,1,0,0,1,2,2,0,0,0,0,0,0,0,1,2,0,0,0,0,1,2,2,5,0,0,3,1,0,0,0,0,0,0,1,0,0,0,0,0,1,2,0,1,2,2,1,2,2,0,0,0,0,3,1,0,0,1,0,0,0,0,0,0,0,0,5,0,0.126,,,,0.126,,,,,,,,,,,,,,,,,,,,,,,,,,,,,,0,2.0,0.032,190.3,12.0,190.26
237,High,RPath,882,12.0,4.0,3.0,60.0,90.0,120.0,0.13333333333333333,Asphalt,222.7,2.0,4,222.697,0.013,0.052,0.0538841490794791,0.013,74,4,8.0,sidewalks,HMAC,1,2,2,1,2,0,0,0,0,0,0,0,1,0,0,0,0,0,0,0,0,1,0,0,5,5,0,2,0,0,0,1,2,2,1,2,2,0,0,0,0,0,0,0,1,2,0,0,1,1,1,2,2,5,0,0,3,1,0,0,0,0,0,0,1,2,0,0,0,0,1,0,0,1,2,0,1,2,0,0,0,0,5,3,0,0,0,0,0,0,0,0,0,0,0,0,5,0,0.054,,,,0.054,,,,,,,,,,,,,,,,,,,,,,,,,,,,,,0,2.0,0.013,222.7,12.0,222.697
238,High,RPath,897,12.0,4.0,3.0,23.0,34.0,45.0,0.35294117647058826,Asphalt,93.9,2.0,4,93.918,0.036,0.144,0.1277955271565495,0.036,68,4,8.0,sidewalks,CON,1,2,2,1,2,2,0,0,0,0,0,0,1,2,2,1,0,0,0,0,0,0,0,0,0,5,0,2,0,0,0,0,0,0,1,0,0,0,0,0,0,0,0,5,1,0,0,0,0,0,1,2,2,5,0,0,3,1,1,0,0,0,0,0,0,0,0,0,0,0,0,0,0,1,2,2,1,2,2,0,0,0,0,3,1,0,1,1,2,0,0,0,0,0,0,0,5,0,0.048,,,,0.016,0.032,,,,,,,,,,,,,,,,,,,,,,,,,,,,,0,2.0,0.036,93.9,12.0,93.918
239,High,RPath,923,12.0,4.0,3.0,98.0,146.0,195.0,0.0821917808219178,Asphalt,361.3,2.0,4,308.772,0.017,0.068,0.0332133960697481,0.017,75,4,8.0,sidewalks,HMAC,1,2,2,1,2,2,1,0,0,0,0,0,1,2,2,1,0,0,0,0,0,0,0,0,0,5,0,0,0,0,0,0,0,0,1,2,0,0,0,0,0,0,0,0,1,0,0,0,1,1,1,2,2,5,5,0,3,1,0,0,0,0,0,0,1,0,0,0,0,0,0,0,0,1,2,0,1,2,2,0,0,0,0,3,1,1,1,0,0,0,1,2,0,1,2,2,5,0,0.054,,,,0.05,0.004,,,,,,,,,,,,,,,,,,,,,,,,,,,,,0,2.0,0.017,361.3,12.0,308.772
240,High,RPath,953,12.0,4.0,3.0,98.0,147.0,195.0,0.08163265306122448,Asphalt,74.0,2.0,4,74.036,0.066,0.264,0.1621621621621621,0.066,80,4,8.0,sidewalks,CON,1,2,0,0,0,0,0,0,0,1,2,0,1,0,0,1,2,2,0,0,0,0,0,0,5,0,0,0,1,2,2,0,0,0,1,0,0,0,0,0,0,0,0,0,1,2,2,0,1,1,1,2,2,0,5,0,3,1,1,2,0,1,0,0,1,2,2,0,0,0,1,2,0,1,2,0,1,2,0,1,0,0,0,0,1,1,1,1,2,0,1,2,0,1,2,0,5,0,0.264,,,,0.264,,,,,,,,,,,,,,,,,,,,,,,,,,,,,,0,2.0,0.066,74.0,12.0,74.036
241,High,RPath,955,12.0,4.0,3.0,67.0,101.0,134.0,0.1188118811881188,Asphalt,74.1,2.0,4,73.895,0.03,0.12,0.1619433198380566,0.03,81,4,8.0,sidewalks,CON,1,2,2,0,0,0,0,0,0,1,2,2,0,0,0,1,2,0,0,0,0,0,0,0,5,0,0,0,1,2,2,0,0,0,0,0,0,0,0,0,0,0,0,0,1,2,0,0,1,1,1,2,2,0,0,0,3,1,1,2,0,0,0,0,1,2,2,0,0,0,1,2,2,1,2,0,1,2,2,1,0,0,5,0,1,1,1,1,2,0,1,2,0,1,2,0,5,0,0.101,,,,0.081,,,,,,,,,,,,,0.02,,,,,,,,,,,,,,,,,0,2.0,0.03,74.1,12.0,73.895
242,High,RPath,957,12.0,4.0,3.0,113.0,170.0,227.0,0.07058823529411765,Asphalt,76.6,2.0,4,73.824,0.059,0.236,0.1566579634464752,0.059,76,4,8.0,sidewalks,CON,1,2,0,0,0,0,0,0,0,1,2,0,0,0,0,1,2,0,0,0,0,0,0,0,5,0,0,0,1,2,2,1,0,0,0,0,0,0,0,0,1,0,0,0,1,2,2,0,1,1,1,2,2,0,5,0,3,1,1,2,0,0,0,0,1,2,2,0,0,0,1,2,0,1,2,0,1,2,0,0,0,0,0,0,1,1,1,1,2,0,1,2,0,1,2,0,5,0,0.215,,,,0.196,,,,,,,,,,,,,0.02,,,,,,,,,,,,,,,,,0,2.0,0.059,76.6,12.0,73.824
243,High,RPath,958,12.0,4.0,3.0,172.0,258.0,344.0,0.046511627906976744,Asphalt,77.2,2.0,4,73.423,0.063,0.252,0.155440414507772,0.063,83,5,8.0,sidewalks,CON,1,2,2,0,0,0,0,0,0,1,2,2,0,0,0,1,2,0,0,0,0,0,0,0,5,0,0,0,1,2,2,1,0,0,0,0,0,0,0,0,0,0,0,0,1,2,0,0,1,0,1,2,2,0,0,0,3,1,1,2,2,0,0,0,1,2,0,0,0,0,1,2,2,1,2,0,1,2,2,1,0,0,5,0,1,1,1,1,2,2,1,2,0,1,2,0,5,0,0.214,,,,0.155,,,,,,,,,0.019,,,,0.039,,,,,,,,,,,,,,,,,0,2.0,0.063,77.2,12.0,73.423
244,High,RPath,963,12.0,4.0,3.0,142.0,214.0,285.0,0.056074766355140186,Asphalt,74.0,2.0,4,73.961,0.096,0.384,0.1621621621621621,0.096,71,4,8.0,sidewalks,CON,1,2,0,0,0,0,0,0,0,1,2,0,0,0,0,1,2,0,0,0,0,0,0,0,5,0,0,0,1,2,2,0,0,0,0,0,0,0,0,0,0,0,0,0,1,2,0,0,1,1,1,2,2,0,0,0,3,1,1,0,0,1,0,0,1,2,0,0,0,0,1,2,2,1,2,2,1,2,2,1,2,0,0,0,1,1,1,1,2,0,1,2,0,1,0,0,5,0,0.385,,,,0.385,,,,,,,,,,,,,,,,,,,,,,,,,,,,,,1,2.0,0.096,74.0,22.0,73.961
245,High,RPath,971,12.0,4.0,3.0,75.0,112.0,149.0,0.10714285714285714,Asphalt,40.9,2.0,4,34.18,0.037,0.148,0.293398533007335,0.037,80,4,8.0,sidewalks,CON,1,2,2,0,0,0,0,0,0,1,2,0,1,0,0,1,0,0,0,0,0,0,0,0,5,0,0,0,1,2,2,0,0,0,1,0,0,0,0,0,0,0,0,0,1,2,2,0,1,1,1,2,2,0,5,0,3,0,1,2,0,0,0,0,1,2,0,0,0,0,1,2,0,1,2,0,1,2,2,1,0,0,0,0,1,1,1,1,2,0,1,2,2,1,2,2,5,0,0.073,,,,,,,,,,,,,,,,,0.073,,,,,,,,,,,,,,,,,0,2.0,0.037,40.9,12.0,34.18
246,High,RPath,991,12.0,4.0,3.0,89.0,133.0,177.0,0.09022556390977443,Asphalt,208.6,2.0,4,208.602,0.014,0.056,0.0575263662511984,0.014,70,4,8.0,sidewalks,HMAC,1,2,0,1,2,0,0,0,0,0,0,0,1,2,2,1,2,0,0,0,0,0,0,0,0,5,0,2,0,0,0,0,0,0,1,2,2,0,0,0,0,0,0,5,1,2,0,0,1,0,1,2,0,0,0,0,3,1,0,0,0,0,0,0,0,0,0,0,0,0,0,0,0,1,2,0,1,2,2,0,0,0,5,3,1,0,0,1,2,0,0,0,0,1,2,0,5,0,0.058,,,,0.05,,,0.007,,,,,,,,,,,,,,,,,,,,,,,,,,,0,2.0,0.014,208.6,12.0,208.602
247,High,RPath,993,12.0,4.0,3.0,37.0,55.0,74.0,0.21818181818181817,Asphalt,204.4,2.0,4,204.37,0.015,0.06,0.0587084148727984,0.015,69,4,8.0,sidewalks,HMAC,1,2,0,1,2,2,0,0,0,0,0,0,1,2,2,1,2,0,0,0,0,0,0,0,0,5,0,2,0,0,0,1,0,0,1,2,2,0,0,0,0,0,0,5,1,0,0,0,1,0,1,2,0,0,0,0,3,1,0,0,0,0,0,0,0,0,0,0,0,0,0,0,0,1,2,2,1,2,2,0,0,0,5,3,1,0,0,1,0,0,0,0,0,1,0,0,5,0,0.037,,,,0.029,0.007,,,,,,,,,,,,,,,,,,,,,,,,,,,,,0,2.0,0.015,204.4,12.0,204.37
248,High,RPath,994,12.0,4.0,3.0,187.0,281.0,375.0,0.042704626334519574,Asphalt,101.5,2.0,4,101.531,0.048,0.192,0.1182266009852216,0.048,78,4,8.0,sidewalks,HMAC,1,2,2,1,2,2,0,0,0,0,0,0,1,2,2,1,2,0,0,0,0,0,0,0,0,5,0,2,0,0,0,1,0,0,1,2,2,0,0,0,0,0,0,5,1,0,0,0,1,1,1,2,2,5,5,0,0,1,0,0,0,0,0,0,0,0,0,0,0,0,0,0,0,1,2,0,1,2,2,0,0,0,5,0,1,0,0,1,2,0,0,0,0,1,0,0,5,0,0.133,,,,0.074,,,,,,,,,,,,,0.059,,,,,,,,,,,,,,,,,1,2.0,0.048,101.5,22.0,101.531
249,High,RPath,1011,12.0,4.0,3.0,180.0,270.0,360.0,0.044444444444444446,Asphalt,154.4,2.0,4,154.376,0.058,0.232,0.077720207253886,0.058,69,4,8.0,sidewalks,HMAC,1,2,2,1,0,0,0,0,0,1,0,0,1,2,0,0,0,0,0,0,0,0,0,0,0,5,0,2,1,2,2,1,2,0,1,2,0,0,0,0,1,0,0,5,1,0,0,0,1,1,1,2,2,0,0,0,0,1,1,0,0,0,0,0,1,2,0,0,0,0,1,2,0,1,0,0,1,2,0,0,0,0,0,3,1,0,1,1,2,0,1,0,0,1,0,0,5,0,0.233,,,,0.233,,,,,,,,,,,,,,,,,,,,,,,,,,,,,,0,2.0,0.058,154.4,12.0,154.376
250,High,RPath,1066,12.0,4.0,3.0,52.0,78.0,105.0,0.15384615384615385,Asphalt,115.0,2.0,4,115.357,0.052,0.208,0.1043478260869565,0.052,67,4,8.0,sidewalks,HMAC,1,2,0,1,0,0,1,0,0,0,0,0,1,2,0,1,2,0,0,0,0,0,0,0,0,0,0,2,0,0,0,0,0,0,1,2,2,0,0,0,0,0,0,0,1,0,0,0,0,0,1,2,2,5,5,4,3,1,0,0,0,0,0,0,0,0,0,0,0,0,0,0,0,1,2,0,1,2,2,0,0,0,5,3,1,1,1,0,0,0,0,0,0,1,0,0,5,0,0.091,,,,0.052,0.039,,,,,,,,,,,,,,,,,,,,,,,,,,,,,1,2.0,0.052,115.0,22.0,115.357
251,High,RPath,1076,12.0,4.0,3.0,23.0,34.0,45.0,0.35294117647058826,Asphalt,39.9,2.0,4,38.136,0.028,0.112,0.3007518796992481,0.028,78,4,8.0,sidewalks,CON,1,2,0,1,2,0,1,2,0,1,0,0,1,2,2,0,0,0,0,0,0,1,2,2,0,5,0,2,0,0,0,0,0,0,1,0,0,0,0,0,0,0,0,5,1,0,0,0,1,1,1,2,2,5,0,0,3,1,0,0,0,0,0,0,1,0,0,1,2,0,1,2,0,1,0,0,1,2,2,0,0,0,5,3,1,0,1,0,0,0,0,0,0,0,0,0,5,0,0.113,,,,0.113,,,,,,,,,,,,,,,,,,,,,,,,,,,,,,1,2.0,0.028,39.9,22.0,38.136
252,High,RPath,1077,12.0,4.0,3.0,90.0,135.0,180.0,0.08888888888888889,Asphalt,106.9,2.0,4,106.428,0.032,0.128,0.1122544434050514,0.032,73,4,8.0,sidewalks,CON,1,2,0,0,0,0,0,0,0,1,0,0,1,2,2,1,2,0,0,0,0,1,2,2,5,5,0,2,0,0,0,1,0,0,1,2,0,0,0,0,1,2,0,5,1,2,0,0,1,1,1,2,2,0,0,0,3,1,1,2,0,0,0,0,0,0,0,0,0,0,0,0,0,1,0,0,1,2,0,0,0,0,0,3,1,0,1,1,0,0,0,0,0,0,0,0,5,0,0.112,,,,0.098,,,,,,,,,,,,,0.014,,,,,,,,,,,,,,,,,0,2.0,0.032,106.9,12.0,106.428
253,High,RPath,1082,12.0,4.0,3.0,75.0,113.0,151.0,0.10619469026548672,Asphalt,83.8,2.0,4,79.379,0.045,0.18,0.1431980906921241,0.045,76,4,8.0,sidewalks,CON,1,2,0,1,2,0,0,0,0,0,0,0,1,2,2,0,0,0,0,0,0,0,0,0,0,5,0,2,1,0,0,1,2,0,1,2,0,0,0,0,0,0,0,5,1,0,0,0,0,0,1,2,0,5,0,0,3,1,0,0,0,0,0,0,1,2,0,1,0,0,1,2,0,1,2,0,1,2,2,0,0,0,5,3,1,0,1,1,2,0,0,0,0,0,0,0,5,0,0.107,,,,0.072,0.018,,,,,,,,,,0.018,,,,,,,,,,,,,,,,,,,0,2.0,0.045,83.8,12.0,79.379
254,High,RPath,1086,12.0,4.0,3.0,143.0,215.0,287.0,0.05581395348837209,Asphalt,337.2,2.0,4,335.682,0.014,0.056,0.0355871886120996,0.014,83,5,8.0,sidewalks,CON,1,2,2,1,0,0,1,0,0,1,2,2,1,2,2,1,0,0,0,0,0,1,0,0,5,0,0,2,0,0,0,0,0,0,1,2,2,0,0,0,0,0,0,5,1,2,2,0,0,0,1,2,2,5,5,4,0,1,0,0,0,0,0,0,1,2,2,1,0,0,1,0,0,1,2,0,1,2,0,0,0,0,0,3,1,0,0,0,0,0,0,0,0,0,0,0,5,0,0.049,,,,0.04,,,,,,,,,,,,,0.009,,,,,,,,,,,,,,,,,3,2.0,0.014,337.2,42.0,335.682
255,High,RPath,1088,12.0,4.0,3.0,23.0,34.0,46.0,0.35294117647058826,Asphalt,101.3,2.0,4,97.313,0.033,0.132,0.1184600197433366,0.033,70,4,8.0,sidewalks,CON,1,2,0,1,0,0,1,0,0,1,2,2,1,2,2,0,0,0,0,0,0,1,0,0,0,5,0,2,0,0,0,0,0,0,1,2,2,0,0,0,0,0,0,5,1,2,0,0,0,0,1,2,2,0,0,0,0,1,0,0,0,0,0,0,1,2,0,1,0,0,1,2,2,1,0,0,1,2,0,0,0,0,5,3,1,0,1,0,0,0,0,0,0,0,0,0,5,0,0.044,,,,0.015,0.03,,,,,,,,,,,,,,,,,,,,,,,,,,,,,0,2.0,0.033,101.3,12.0,97.313
256,High,RPath,1089,12.0,4.0,3.0,23.0,34.0,45.0,0.35294117647058826,Asphalt,100.3,2.0,4,101.791,0.011,0.044,0.1196410767696909,0.011,68,4,8.0,sidewalks,CON,1,2,2,1,0,0,1,0,0,1,2,2,1,2,2,0,0,0,0,0,0,1,2,0,0,5,0,2,0,0,0,0,0,0,1,2,0,0,0,0,0,0,0,5,1,0,0,0,0,0,1,2,0,0,0,0,0,1,0,0,0,0,0,0,1,2,0,1,2,0,1,2,0,1,0,0,1,2,0,0,0,0,5,3,1,0,1,0,0,0,0,0,0,0,0,0,5,0,0.045,,,,0.045,,,,,,,,,,,,,,,,,,,,,,,,,,,,,,0,2.0,0.011,100.3,12.0,101.791
257,High,RPath,1106,12.0,4.0,3.0,144.0,216.0,288.0,0.05555555555555555,Asphalt,388.6,2.0,4,275.079,0.065,0.26,0.0308800823468862,0.065,69,4,8.0,sidewalks,CON,1,2,2,1,2,0,0,0,0,0,0,0,0,0,0,1,2,2,0,0,0,0,0,0,5,5,0,0,0,0,0,0,0,0,1,2,2,0,0,0,0,0,0,0,1,2,2,0,1,1,1,2,2,5,5,0,0,1,0,0,0,0,0,0,1,2,2,0,0,0,0,0,0,1,0,0,1,0,0,0,0,0,0,3,1,1,1,0,0,0,0,0,0,0,0,0,5,0,0.073,,,,0.012,0.062,,,,,,,,,,,,,,,,,,,,,,,,,,,,,2,2.0,0.065,388.6,32.0,275.079
258,High,RPath,1139,12.0,4.0,3.0,297.0,446.0,595.0,0.026905829596412557,Asphalt,371.8,2.0,4,373.855,0.039,0.156,0.0322754168908015,0.039,84,5,8.0,sidewalks,CON,1,2,2,1,2,0,1,2,0,0,0,0,1,2,2,1,2,2,0,0,0,0,0,0,0,5,0,0,0,0,0,0,0,0,1,2,2,0,0,0,0,0,0,0,1,2,2,0,0,0,1,2,2,5,5,4,3,1,0,0,0,0,0,0,0,0,0,0,0,0,1,2,0,1,2,2,1,2,0,0,0,0,5,3,1,0,0,0,0,0,0,0,0,0,0,0,5,0,0.069,0.004,,,0.036,0.024,,,,,,,,,,,,0.004,,,,,,,,,,,,,,,,,0,2.0,0.039,371.8,12.0,373.855
259,High,RPath,1140,12.0,4.0,3.0,307.0,460.0,613.0,0.02608695652173913,Asphalt,199.1,2.0,4,196.943,0.03,0.12,0.0602712204922149,0.03,73,4,8.0,sidewalks,CON,1,2,0,1,2,0,1,2,0,0,0,0,1,2,0,1,2,2,0,0,0,0,0,0,0,0,0,2,0,0,0,0,0,0,1,2,2,0,0,0,0,0,0,0,1,2,2,0,0,0,1,2,2,5,5,4,0,1,0,0,0,0,0,0,0,0,0,0,0,0,1,2,0,1,2,2,1,2,0,0,0,0,5,3,0,0,0,0,0,0,0,0,0,0,0,0,5,0,0.09,,,,0.038,,,,,,,,,0.023,,0.008,,0.023,,,,,,,,,,,,,,,,,0,2.0,0.03,199.1,12.0,196.943
260,High,RPath,1143,12.0,4.0,3.0,46.0,68.0,91.0,0.17647058823529413,Asphalt,40.0,2.0,4,36.77,0.028,0.112,0.3,0.028,71,4,8.0,sidewalks,CON,1,2,2,1,2,0,1,2,0,1,2,0,1,2,0,0,0,0,0,0,0,0,0,0,5,0,0,2,0,0,0,0,0,0,1,2,2,0,0,0,0,0,0,5,1,2,0,0,0,0,1,2,2,0,5,0,0,1,0,0,0,0,0,0,1,0,0,0,0,0,1,2,0,0,0,0,1,2,2,0,0,0,5,3,0,0,1,0,0,0,0,0,0,0,0,0,5,0,0.075,,,,0.038,,,,,,,,,,,,,0.038,,,,,,,,,,,,,,,,,0,2.0,0.028,40.0,12.0,36.77
261,High,RPath,1145,12.0,4.0,3.0,45.0,67.0,89.0,0.1791044776119403,Asphalt,101.6,2.0,4,99.708,0.055,0.22,0.1181102362204724,0.055,77,4,8.0,sidewalks,CON,1,2,2,1,2,0,1,2,0,1,2,0,1,2,2,0,0,0,0,0,0,1,0,0,5,0,0,2,0,0,0,0,0,0,1,2,2,0,0,0,0,0,0,5,1,2,0,0,0,0,1,2,2,0,5,0,0,1,0,0,0,0,0,0,1,0,0,1,0,0,1,2,2,0,0,0,1,2,2,0,0,0,5,3,0,0,1,0,0,0,0,0,0,0,0,0,5,0,0.089,,,,0.044,0.044,,,,,,,,,,,,,,,,,,,,,,,,,,,,,0,2.0,0.055,101.6,12.0,99.708
262,High,RPath,1159,12.0,4.0,3.0,173.0,260.0,346.0,0.046153846153846156,Asphalt,196.7,2.0,4,190.047,0.027,0.108,0.0610066090493136,0.027,80,4,8.0,sidewalks,CON,1,2,0,1,0,0,0,0,0,1,0,0,1,0,0,1,0,0,0,0,0,1,0,0,5,0,0,0,1,2,2,1,2,2,1,2,2,0,0,0,1,2,2,0,1,2,2,0,1,1,1,2,2,5,5,0,3,0,1,2,0,1,0,0,1,2,0,0,0,0,1,0,0,1,0,0,1,0,0,0,0,0,0,3,1,1,1,1,0,0,0,0,0,0,0,0,5,0,0.084,,,,0.061,,,,,,,,,,,,,0.023,,,,,,,,,,,,,,,,,5,2.0,0.027,196.7,42.0,190.047
263,High,RPath,1170,12.0,4.0,3.0,741.0,1111.0,1482.0,0.010801080108010801,Asphalt,470.4,2.0,4,232.1,0.04,0.16,0.0255102040816326,0.04,68,4,8.0,sidewalks,HMAC,1,2,0,1,2,0,1,2,0,1,0,0,1,2,0,1,0,0,0,0,0,0,0,0,0,0,0,2,0,0,0,1,2,0,1,2,0,0,0,0,0,0,0,5,1,2,2,0,1,1,1,2,2,5,0,0,3,1,0,0,0,0,0,0,1,2,0,0,0,0,0,0,0,1,0,0,1,2,0,0,0,0,5,3,0,0,0,0,0,0,0,0,0,0,0,0,5,0,0.045,,,0.006,,,,,0.026,,,,,,,,0.003,0.01,,,,,,,,,,,,,,,,,0,2.0,0.04,470.4,12.0,232.1
264,High,RPath,1171,12.0,4.0,3.0,456.0,683.0,911.0,0.017569546120058566,Asphalt,628.5,2.0,4,314.447,0.017,0.068,0.0190930787589498,0.017,81,4,8.0,sidewalks,HMAC,1,2,2,1,2,2,1,2,2,1,0,0,1,2,2,1,2,2,0,0,0,0,0,0,0,5,0,2,0,0,0,1,2,0,1,2,2,0,0,0,0,0,0,5,1,0,0,0,0,0,1,2,2,0,5,0,0,1,0,0,0,0,0,0,1,2,0,0,0,0,0,0,0,1,2,0,1,2,0,0,0,0,5,3,1,0,0,0,0,0,0,0,0,0,0,0,5,0,0.024,,,0.002,,,,,,,,,,,,,0.005,0.014,0.002,,,,,,,,,,,,,,,,1,2.0,0.017,628.5,22.0,314.447
265,High,RPath,1172,12.0,4.0,3.0,225.0,337.0,449.0,0.03560830860534125,Asphalt,163.3,2.0,4,76.973,0.014,0.056,0.0734843845682792,0.014,83,5,8.0,sidewalks,CON,1,2,2,1,2,2,1,2,0,1,2,0,1,2,2,0,0,0,0,0,0,1,2,0,0,0,0,2,1,0,0,0,0,0,1,2,0,0,0,0,1,2,0,5,1,2,0,0,1,0,1,2,0,5,0,0,3,1,1,0,0,0,0,0,1,0,0,1,0,0,0,0,0,1,2,0,1,2,2,0,0,0,5,3,1,0,1,1,2,0,0,0,0,0,0,0,5,0,0.055,,,,,,,,,,,,,0.055,,,,,,,,,,,,,,,,,,,,,0,2.0,0.014,163.3,12.0,76.973
266,High,RPath,1174,12.0,4.0,3.0,22.0,34.0,45.0,0.35294117647058826,Asphalt,84.5,2.0,4,84.87,0.013,0.052,0.1420118343195266,0.013,75,4,8.0,sidewalks,CON,1,2,0,1,2,0,1,2,0,1,0,0,1,2,2,0,0,0,0,0,0,1,2,2,0,0,0,2,0,0,0,0,0,0,1,0,0,0,0,0,0,0,0,5,1,0,0,0,1,1,1,2,2,5,0,0,3,1,0,0,0,0,0,0,1,2,0,1,2,0,1,2,0,1,0,0,1,2,2,0,0,0,5,3,1,0,1,0,0,0,0,0,0,0,0,0,5,0,0.053,,,,0.053,,,,,,,,,,,,,,,,,,,,,,,,,,,,,,1,2.0,0.013,84.5,22.0,84.87
267,High,RPath,1175,12.0,4.0,3.0,97.0,145.0,194.0,0.08275862068965517,Asphalt,135.5,2.0,4,135.287,0.036,0.144,0.088560885608856,0.036,83,5,8.0,sidewalks,CON,1,2,0,1,2,0,1,2,0,1,0,0,1,2,2,0,0,0,0,0,0,1,2,2,0,5,0,2,0,0,0,0,0,0,1,2,0,0,0,0,0,0,0,5,0,0,0,0,1,1,1,2,2,5,0,0,3,1,0,0,0,0,0,0,1,0,0,1,2,2,1,2,2,1,0,0,1,2,2,0,0,0,5,3,1,0,1,0,0,0,0,0,0,0,0,0,5,0,0.055,,,,0.011,0.022,,,,,,,,,,,,0.022,,,,,,,,,,,,,,,,,1,2.0,0.036,135.5,22.0,135.287
268,High,RPath,1176,12.0,4.0,3.0,459.0,689.0,919.0,0.01741654571843251,Asphalt,136.9,2.0,4,135.618,0.036,0.144,0.0876552227903579,0.036,79,4,8.0,sidewalks,CON,1,2,0,1,2,0,1,2,0,1,0,0,1,2,2,0,0,0,0,0,0,1,2,2,0,5,0,2,0,0,0,0,0,0,1,2,0,0,0,0,0,0,0,5,0,0,0,0,1,1,1,2,2,5,0,0,3,1,0,0,0,0,0,0,1,0,0,1,2,0,1,2,0,1,0,0,1,2,2,0,0,0,5,3,1,0,1,0,0,0,0,0,0,0,0,0,5,0,0.044,0.033,,,0.011,,,,,,,,,,,,,,,,,,,,,,,,,,,,,,1,2.0,0.036,136.9,22.0,135.618
269,High,RPath,1179,12.0,4.0,3.0,52.0,78.0,104.0,0.15384615384615385,Asphalt,82.7,2.0,4,83.169,0.027,0.108,0.1451027811366384,0.027,74,4,8.0,sidewalks,CON,1,2,0,0,0,0,0,0,0,1,0,0,1,2,2,0,0,0,0,0,0,1,2,0,0,0,0,2,0,0,0,0,0,0,1,2,2,0,0,0,0,0,0,5,0,0,0,0,1,1,1,2,2,5,0,4,3,1,0,0,0,0,0,0,1,2,0,1,2,0,1,2,0,1,2,0,1,2,2,0,0,0,5,3,0,0,0,0,0,0,0,0,0,0,0,0,5,0,0.054,,,,0.036,,,,,,,,,,,,,,0.018,,,,,,,,,,,,,,,,2,2.0,0.027,82.7,32.0,83.169
270,High,RPath,1181,12.0,4.0,3.0,194.0,291.0,389.0,0.041237113402061855,Asphalt,238.4,2.0,4,236.963,0.013,0.052,0.0503355704697986,0.013,85,5,8.0,sidewalks,CON,1,2,0,1,0,0,0,0,0,1,2,0,1,2,2,0,0,0,0,0,0,1,2,0,0,5,0,2,0,0,0,0,0,0,1,2,2,0,0,0,0,0,0,5,1,0,0,0,1,1,1,2,2,5,0,4,3,1,0,0,0,0,0,0,1,2,2,1,2,0,1,2,0,1,2,2,1,2,0,0,0,0,5,3,0,0,0,0,0,0,0,0,0,0,0,0,5,0,0.025,,,0.006,0.013,,,,,,,,,,,,,0.006,,,,,,,,,,,,,,,,,2,2.0,0.013,238.4,32.0,236.963
271,High,RPath,1184,12.0,4.0,3.0,38.0,56.0,75.0,0.21428571428571427,Asphalt,21.4,2.0,4,19.626,0.088,0.352,0.5607476635514019,0.088,69,4,8.0,sidewalks,CON,1,2,0,1,2,0,1,2,0,0,0,0,1,2,2,0,0,0,0,0,0,1,2,2,0,5,0,2,0,0,0,0,0,0,1,0,0,0,0,0,1,0,0,5,1,0,0,0,1,1,1,2,2,0,0,0,3,1,1,0,0,0,0,0,1,0,0,1,2,0,1,2,0,1,0,0,1,2,2,0,0,0,0,3,1,0,1,0,0,0,0,0,0,0,0,0,5,0,0.351,,,,0.351,,,,,,,,,,,,,,,,,,,,,,,,,,,,,,0,2.0,0.088,21.4,12.0,19.626
272,High,RPath,1186,12.0,4.0,3.0,120.0,180.0,240.0,0.06666666666666667,Asphalt,546.3,2.0,4,527.046,0.042,0.168,0.0219659527732015,0.042,67,4,8.0,sidewalks,CON,1,2,2,0,0,0,0,0,0,0,0,0,1,2,0,0,0,0,0,0,0,0,0,0,0,5,0,0,0,0,0,1,2,2,1,2,0,1,2,2,1,2,2,0,1,2,0,0,0,0,1,2,2,5,5,4,0,0,1,0,0,0,0,0,0,0,0,0,0,0,0,0,0,1,2,0,1,0,0,0,0,0,0,0,1,1,1,1,0,0,0,0,0,0,0,0,5,0,0.044,,,,0.003,0.041,,,,,,,,,,,,,,,,,,,,,,,,,,,,,1,2.0,0.042,546.3,22.0,527.046
273,High,RPath,1195,12.0,4.0,3.0,68.0,102.0,136.0,0.11764705882352941,Asphalt,48.8,2.0,4,45.516,0.046,0.184,0.2459016393442623,0.046,74,4,8.0,sidewalks,HMAC,1,2,2,1,0,0,1,0,0,0,0,0,1,0,0,1,2,2,0,0,0,0,0,0,5,5,0,2,0,0,0,1,2,2,1,2,2,0,0,0,0,0,0,5,1,2,2,0,1,0,1,2,2,5,5,0,0,1,0,0,0,0,0,0,0,0,0,0,0,0,0,0,0,1,2,0,0,0,0,0,0,0,0,3,1,0,0,0,0,0,0,0,0,0,0,0,5,0,0.154,,,,0.123,,,,,,,,,,,,,0.031,,,,,,,,,,,,,,,,,0,2.0,0.046,48.8,12.0,45.516
274,High,RPath,1205,12.0,4.0,3.0,293.0,440.0,587.0,0.02727272727272727,Asphalt,92.1,2.0,4,92.325,0.085,0.34,0.1302931596091205,0.085,79,4,8.0,sidewalks,CON,1,2,0,0,0,0,0,0,0,1,2,2,0,0,0,1,2,0,0,0,0,0,0,0,5,0,0,0,1,2,2,0,0,0,0,0,0,0,0,0,0,0,0,0,1,2,0,0,1,0,1,2,2,0,0,0,0,1,1,2,0,0,0,0,1,2,2,0,0,0,1,2,2,1,2,0,1,2,2,1,2,0,5,0,1,1,1,1,2,0,1,2,2,1,2,0,5,0,0.244,,,,0.147,,,,,,,,,,,,,0.098,,,,,,,,,,,,,,,,,0,2.0,0.085,92.1,12.0,92.325
275,High,RPath,1206,12.0,4.0,3.0,165.0,248.0,330.0,0.04838709677419355,Asphalt,74.0,2.0,4,73.991,0.051,0.204,0.1621621621621621,0.051,82,4,8.0,sidewalks,CON,1,2,2,0,0,0,0,0,0,1,2,2,0,0,0,1,2,0,0,0,0,0,0,0,5,0,0,0,1,2,2,0,0,0,0,0,0,0,0,0,0,0,0,0,1,2,0,0,1,0,1,2,2,0,0,0,3,1,1,2,0,0,0,0,1,2,2,0,0,0,1,2,2,1,2,0,1,2,2,1,0,0,5,0,1,1,1,1,2,2,1,2,0,1,2,0,5,0,0.122,,,,0.041,,,,,,,,,,,,,0.081,,,,,,,,,,,,,,,,,0,2.0,0.051,74.0,12.0,73.991
276,High,RPath,1237,12.0,4.0,3.0,107.0,160.0,213.0,0.075,Asphalt,173.3,2.0,4,173.316,0.024,0.096,0.0692440854010386,0.024,81,4,8.0,sidewalks,CON,1,2,2,0,0,0,0,0,0,1,0,0,1,2,2,1,2,2,0,0,0,1,2,2,0,5,0,0,0,0,0,1,0,0,1,2,2,0,0,0,1,2,0,5,1,2,0,0,1,1,1,2,2,5,5,0,3,0,1,2,0,1,0,0,0,0,0,1,0,0,0,0,0,1,2,0,1,2,0,0,0,0,0,0,1,0,1,0,0,0,0,0,0,0,0,0,5,0,0.087,,,,0.078,,,,,,,,,,,,,0.009,,,,,,,,,,,,,,,,,1,2.0,0.024,173.3,22.0,173.316
277,High,RPath,1238,12.0,4.0,3.0,31.0,46.0,61.0,0.2608695652173913,Asphalt,174.7,2.0,4,93.448,0.015,0.06,0.068689181453921,0.015,80,4,8.0,sidewalks,CON,1,2,2,0,0,0,0,0,0,0,0,0,1,2,2,1,2,2,0,0,0,1,2,2,0,5,0,0,0,0,0,1,0,0,1,2,2,0,0,0,1,2,0,5,1,0,0,0,1,1,1,2,2,5,5,0,3,0,1,0,0,1,0,0,0,0,0,1,0,0,0,0,0,1,2,2,1,2,2,0,0,0,0,0,1,0,1,0,0,0,0,0,0,0,0,0,5,0,0.034,,,,0.026,0.009,,,,,,,,,,,,,,,,,,,,,,,,,,,,,1,2.0,0.015,174.7,22.0,93.448
278,High,RPath,1242,12.0,4.0,3.0,30.0,45.0,60.0,0.26666666666666666,Asphalt,68.1,2.0,4,68.139,0.022,0.088,0.1762114537444934,0.022,67,4,8.0,sidewalks,CON,1,2,0,0,0,0,0,0,0,0,0,0,1,2,0,1,0,0,0,0,0,0,0,0,5,0,3,0,1,2,2,0,0,0,0,0,0,0,0,0,0,0,0,0,1,2,2,0,1,0,1,2,0,0,5,0,0,1,1,0,0,1,0,0,1,2,2,0,0,0,1,0,0,1,2,0,1,2,2,1,2,0,0,0,1,1,1,1,2,0,1,0,0,1,0,0,5,0,0.088,,,,0.088,,,,,,,,,,,,,,,,,,,,,,,,,,,,,,0,2.0,0.022,68.1,12.0,68.139
279,High,RPath,1258,12.0,4.0,3.0,187.0,281.0,375.0,0.042704626334519574,Asphalt,101.0,2.0,4,98.781,0.093,0.372,0.1188118811881188,0.093,68,4,8.0,sidewalks,HMAC,1,2,2,1,2,2,1,2,0,1,0,0,1,2,2,0,0,0,0,0,0,1,0,0,0,5,0,2,1,2,0,0,0,0,1,2,0,0,0,0,0,0,0,5,1,2,0,0,0,0,1,2,0,0,0,0,0,1,0,0,0,0,0,0,1,2,2,0,0,0,0,0,0,1,0,0,1,2,0,0,0,0,5,3,1,0,0,0,0,0,0,0,0,0,0,0,5,0,0.371,,,,0.371,,,,,,,,,,,,,,,,,,,,,,,,,,,,,,0,2.0,0.093,101.0,12.0,98.781
280,High,RPath,1259,12.0,4.0,3.0,398.0,597.0,796.0,0.020100502512562814,Asphalt,308.6,2.0,4,150.132,0.053,0.212,0.0388852883992222,0.053,82,4,8.0,sidewalks,HMAC,1,2,2,1,2,2,1,2,2,1,2,0,1,2,2,0,0,0,0,0,0,1,2,0,0,0,0,2,1,0,0,0,0,0,1,2,0,0,0,0,1,0,0,5,1,2,0,0,1,0,1,2,0,5,0,0,0,1,1,0,0,0,0,0,1,2,0,1,0,0,1,0,0,1,2,0,1,2,2,0,0,0,5,3,1,0,0,1,2,0,0,0,0,0,0,0,5,0,0.083,,,0.005,0.029,0.029,,,,,,,,,,,0.005,0.015,,,,,,,,,,,,,,,,,0,2.0,0.053,308.6,12.0,150.132
281,High,RPath,1260,12.0,4.0,3.0,193.0,289.0,385.0,0.04152249134948097,Asphalt,332.2,2.0,4,279.235,0.028,0.112,0.0361228175797712,0.028,78,4,8.0,sidewalks,HMAC,1,2,2,1,2,2,1,0,0,0,0,0,1,0,0,1,0,0,0,0,0,0,0,0,5,5,0,2,0,0,0,0,0,0,1,2,2,0,0,0,0,0,0,0,1,2,2,0,1,1,1,2,2,5,5,0,0,1,0,0,0,0,0,0,0,0,0,0,0,0,0,0,0,0,0,0,1,2,0,0,0,0,5,3,1,1,1,0,0,0,1,2,0,1,2,0,5,0,0.059,,,,0.032,0.014,,,,,,,,,,,,0.014,,,,,,,,,,,,,,,,,0,2.0,0.028,332.2,12.0,279.235
282,High,RPath,1267,12.0,4.0,3.0,182.0,272.0,363.0,0.04411764705882353,Asphalt,605.1,2.0,4,599.508,0.032,0.128,0.0198314328210213,0.032,68,4,8.0,sidewalks,CON,1,2,2,1,2,0,1,2,0,1,2,2,1,2,2,0,0,0,0,0,0,0,0,0,0,5,0,2,0,0,0,0,0,0,1,2,2,0,0,0,0,0,0,0,1,2,2,0,1,1,1,2,2,0,5,0,3,1,0,0,0,0,0,0,0,0,0,0,0,0,0,0,0,1,2,2,1,0,0,0,0,0,0,0,1,1,1,0,0,0,0,0,0,0,0,0,5,0,0.032,,,,,0.025,,,,,,,,,,,0.007,,,,,,,,,,,,,,,,,,0,2.0,0.032,605.1,12.0,599.508
283,High,RPath,1327,12.0,4.0,3.0,719.0,1078.0,1438.0,0.011131725417439703,Asphalt,197.2,2.0,4,192.563,0.086,0.344,0.0608519269776876,0.086,75,4,8.0,sidewalks,CON,1,2,2,1,0,0,0,0,0,1,2,0,1,0,0,0,0,0,0,0,0,0,0,0,5,0,0,0,1,2,2,1,2,2,1,2,2,0,0,0,1,2,2,0,1,2,2,0,1,1,1,2,2,0,5,0,3,1,1,0,0,0,0,0,1,2,0,0,0,0,1,0,0,1,0,0,1,0,0,0,0,0,0,0,1,1,1,1,2,0,1,0,0,0,0,0,5,0,0.205,,,0.015,0.129,,,,,,,,,,,0.015,,0.03,0.015,,,,,,,,,,,,,,,,3,2.0,0.086,197.2,42.0,192.563
284,High,RPath,1334,12.0,4.0,3.0,15.0,22.0,30.0,0.5454545454545454,Asphalt,83.1,2.0,4,76.93,0.036,0.144,0.1444043321299639,0.036,71,4,8.0,sidewalks,CON,1,2,0,1,2,0,0,0,0,0,0,0,1,0,0,1,2,0,0,0,0,0,0,0,5,0,0,2,0,0,0,0,0,0,1,2,2,0,0,0,0,0,0,5,1,2,2,0,0,0,1,2,2,5,5,0,3,1,0,0,0,0,0,0,0,0,0,0,0,0,1,2,0,1,0,0,1,0,0,0,0,0,5,3,1,0,0,1,0,0,0,0,0,0,0,0,5,0,0.036,,,,,0.036,,,,,,,,,,,,,,,,,,,,,,,,,,,,,1,2.0,0.036,83.1,22.0,76.93
285,High,RPath,1339,12.0,4.0,3.0,60.0,90.0,120.0,0.13333333333333333,Asphalt,74.7,2.0,4,74.373,0.08,0.32,0.1606425702811245,0.08,79,4,8.0,sidewalks,PB,1,2,0,1,0,0,0,0,0,0,0,0,1,2,2,1,2,2,0,0,0,0,0,0,5,5,0,0,0,0,0,1,2,2,1,2,2,0,0,0,0,0,0,0,1,0,0,0,0,0,1,0,0,5,5,4,0,1,0,0,0,1,2,0,1,2,0,1,0,0,1,0,0,1,2,0,1,0,0,0,0,0,5,3,1,1,1,0,0,0,0,0,0,0,0,0,5,0,0.08,,,,,0.06,,,,,,,,,,,0.02,,,,,,,,,,,,,,,,,,0,2.0,0.08,74.7,12.0,74.373
286,High,RPath,1344,12.0,4.0,3.0,278.0,416.0,555.0,0.028846153846153848,Asphalt,399.4,2.0,4,200.699,0.064,0.256,0.0300450676014021,0.064,69,4,8.0,sidewalks,CON,1,2,2,1,2,0,1,2,0,1,2,0,1,2,0,0,0,0,0,0,0,0,0,0,0,0,0,2,0,0,0,0,0,0,1,2,2,0,0,0,0,0,0,5,1,2,0,0,0,0,1,2,2,0,5,0,3,1,0,0,0,0,0,0,1,0,0,0,0,0,1,2,0,0,0,0,1,2,2,0,0,0,5,3,0,0,1,0,0,0,0,0,0,0,0,0,5,0,0.09,,,,0.03,0.049,,,,,,,,,,,0.004,0.008,,,,,,,,,,,,,,,,,0,2.0,0.064,399.4,12.0,200.699
287,High,RPath,586,12.0,4.0,3.0,45.0,67.0,90.0,0.1791044776119403,Asphalt,83.2,2.0,4,43.002,0.027,0.108,0.1442307692307692,0.027,68,4,8.0,sidewalks,CON,1,2,2,1,2,0,1,0,0,0,0,0,1,2,0,1,2,0,0,0,0,0,0,0,5,0,0,2,0,0,0,1,2,2,1,2,2,0,0,0,0,0,0,5,1,2,2,0,1,0,1,2,2,0,5,0,3,0,0,0,0,0,0,0,1,0,0,0,0,0,0,0,0,1,0,0,1,0,0,0,0,0,0,3,1,0,0,0,0,0,0,0,0,0,0,0,5,0,0.036,,,,,0.018,,,,,,,,,,,,0.018,,,,,,,,,,,,,,,,,0,2.0,0.027,83.2,12.0,43.002
288,High,RPath,983,12.0,4.0,3.0,90.0,135.0,180.0,0.08888888888888889,Asphalt,128.4,2.0,4,40.092,0.035,0.14,0.0934579439252336,0.035,71,4,8.0,sidewalks,CON,1,2,2,0,0,0,0,0,0,1,0,0,1,2,0,1,2,0,0,0,0,0,0,0,5,0,0,0,1,2,2,0,0,0,1,2,0,0,0,0,0,0,0,0,1,2,2,0,1,0,1,2,0,0,5,0,0,1,0,0,0,0,0,0,1,2,0,0,0,0,1,0,0,1,2,0,1,2,0,1,0,0,0,3,1,1,1,1,2,2,1,0,0,1,2,0,5,0,0.14,,,,0.14,,,,,,,,,,,,,,,,,,,,,,,,,,,,,,0,2.0,0.035,128.4,12.0,40.092
289,High,RPath,635,12.0,4.0,3.0,413.0,620.0,827.0,0.01935483870967742,Asphalt,250.5,2.0,4,98.439,0.088,0.352,0.0479041916167664,0.088,85,5,8.0,sidewalks,HMAC,1,2,2,1,2,2,0,0,0,0,0,0,1,2,2,1,2,2,0,0,0,0,0,0,0,5,0,0,0,0,0,1,0,0,1,2,2,0,0,0,0,0,0,0,1,2,2,0,0,0,1,2,2,5,5,4,0,0,0,0,0,1,0,0,1,2,0,1,2,0,0,0,0,1,0,0,1,0,0,0,0,0,5,3,1,1,1,0,0,0,0,0,0,1,2,2,5,0,0.21,,,,0.15,0.03,,,,,,,,,,,0.006,0.018,0.006,,,,,,,,,,,,,,,,0,2.0,0.088,250.5,12.0,98.439
290,High,RPath,724,12.0,4.0,3.0,15.0,22.0,30.0,0.5454545454545454,Asphalt,72.6,2.0,4,32.857,0.041,0.164,0.1652892561983471,0.041,82,4,8.0,sidewalks,CON,1,2,0,0,0,0,0,0,0,1,2,2,1,2,2,1,2,0,0,0,0,0,0,0,5,0,0,0,1,2,2,0,0,0,1,2,2,0,0,0,0,0,0,0,1,2,0,0,1,1,1,2,2,0,5,0,0,1,0,0,0,1,2,2,1,2,0,0,0,0,1,0,0,1,2,2,1,2,2,0,0,0,0,0,1,1,1,1,2,0,0,0,0,1,2,2,5,0,0.041,,,,,0.041,,,,,,,,,,,,,,,,,,,,,,,,,,,,,0,2.0,0.041,72.6,12.0,32.857
291,High,RPath,122,12.0,4.0,3.0,303.0,455.0,606.0,0.026373626373626374,Asphalt,235.9,2.0,4,120.103,0.087,0.348,0.0508690122933446,0.087,75,4,8.0,sidewalks,HMAC,1,2,2,1,2,0,0,0,0,0,0,0,1,2,0,1,2,2,0,0,0,0,0,0,5,0,0,2,1,2,0,0,0,0,1,2,2,0,0,0,0,0,0,0,1,2,0,0,0,0,1,2,2,0,5,0,0,1,0,0,0,0,0,0,0,0,0,0,0,0,0,0,0,1,2,2,1,2,2,0,0,0,5,0,1,1,1,1,2,0,1,0,0,1,2,0,5,0,0.21,,,,0.159,0.038,,,,,,,,,,0.006,0.006,,,,,,,,,,,,,,,,,,0,2.0,0.087,235.9,12.0,120.103
292,High,RPath,1434,12.0,4.0,3.0,247.0,371.0,495.0,0.03234501347708895,Asphalt,94.8,2.0,4,94.784,0.059,0.236,0.1265822784810126,0.059,69,4,8.0,walkways,HMAC,1,2,2,1,2,0,1,2,0,0,0,0,1,2,2,1,2,0,0,0,0,1,2,0,0,5,0,2,0,0,0,0,0,0,1,2,2,0,0,0,0,0,0,0,1,2,0,0,0,0,1,2,2,5,0,0,3,1,0,0,0,0,0,0,0,0,0,0,0,0,1,2,2,1,2,0,1,0,0,0,0,0,0,3,1,0,0,0,0,0,0,0,0,0,0,0,5,0,0.206,,,,0.127,,,0.047,,,,,,,,,,0.032,,,,,,,,,,,,,,,,,0,2.0,0.059,94.8,12.0,94.784
293,High,RPath,45,12.0,3.0,4.0,0.0,0.0,0.0,,Asphalt,328.4,1.0,3,324.549,0.0,0.0,0.0365408038976857,0.0,49,3,3.0,sidewalks,SS,1,0,0,0,0,0,1,0,0,1,0,0,1,2,2,1,0,0,0,0,0,0,0,0,5,5,0,2,0,0,0,0,0,0,1,2,2,0,0,0,0,0,0,0,1,0,0,0,0,0,1,2,2,0,5,0,0,1,0,0,0,0,0,0,0,0,0,0,0,0,0,0,0,0,0,0,0,0,0,0,0,0,0,0,1,1,1,1,2,0,0,0,0,0,0,0,5,0,0.0,,,,,,,,,,,,,,,,,,,,,,,,,,,,,,,,,,0,1.0,0.0,328.4,12.0,324.549
294,High,RPath,60,12.0,3.0,4.0,0.0,0.0,0.0,,Asphalt,157.7,1.0,3,157.661,0.0,0.0,0.0760938490805326,0.0,57,3,3.0,sidewalks,SS,1,2,2,1,2,0,0,0,0,0,0,0,1,2,2,0,0,0,0,0,0,0,0,0,0,5,0,0,0,0,0,1,2,0,1,0,0,1,0,0,1,2,2,0,1,0,0,0,1,0,1,2,2,0,5,0,0,0,1,2,0,0,0,0,0,0,0,0,0,0,0,0,0,0,0,0,1,2,2,0,0,0,0,0,1,1,1,0,0,0,1,0,0,0,0,0,5,0,0.0,,,,,,,,,,,,,,,,,,,,,,,,,,,,,,,,,,1,1.0,0.0,157.7,22.0,157.661
295,High,RPath,88,12.0,3.0,4.0,8.0,11.0,15.0,1.0909090909090908,Asphalt,79.6,1.0,3,79.562,0.005,0.015,0.1507537688442211,0.005,59,3,3.0,sidewalks,CON,1,2,0,1,2,0,1,0,0,1,2,0,1,2,0,1,0,0,0,0,0,1,2,0,0,0,0,2,1,0,0,0,0,0,1,2,0,0,0,0,1,2,0,5,1,2,0,0,1,0,1,2,0,0,0,0,0,1,1,2,0,0,0,0,0,0,0,0,0,0,0,0,0,1,0,0,1,2,2,0,0,0,0,3,1,0,1,1,0,0,0,0,0,0,0,0,5,0,0.019,,,,0.019,,,,,,,,,,,,,,,,,,,,,,,,,,,,,,0,1.0,0.005,79.6,12.0,79.562
296,High,RPath,102,12.0,3.0,4.0,0.0,0.0,0.0,,Asphalt,49.7,1.0,3,44.071,0.0,0.0,0.2414486921529175,0.0,56,3,3.0,sidewalks,SS,1,2,0,0,0,0,0,0,0,0,0,0,1,2,2,1,2,0,1,2,2,0,0,0,5,0,0,0,0,0,0,1,2,2,1,0,0,0,0,0,0,0,0,0,1,0,0,0,0,0,1,0,0,0,5,0,3,1,0,0,0,0,0,0,1,2,2,0,0,0,0,0,0,1,0,0,1,0,0,0,0,0,0,3,1,1,1,0,0,0,0,0,0,0,0,0,5,0,0.0,,,,,,,,,,,,,,,,,,,,,,,,,,,,,,,,,,0,1.0,0.0,49.7,12.0,44.071
297,High,RPath,165,12.0,3.0,4.0,0.0,0.0,0.0,,Asphalt,81.9,1.0,3,82.408,0.0,0.0,0.1465201465201465,0.0,60,3,3.0,sidewalks,CON,1,2,2,1,2,0,1,2,0,1,0,0,1,2,0,0,0,0,0,0,0,0,0,0,0,0,0,2,0,0,0,0,0,0,1,2,2,0,0,0,0,0,0,5,0,0,0,0,0,0,1,2,2,0,5,0,0,1,0,0,0,0,0,0,1,2,0,0,0,0,1,2,0,1,0,0,1,2,2,0,0,0,0,3,1,0,1,0,0,0,0,0,0,0,0,0,5,0,0.0,,,,,,,,,,,,,,,,,,,,,,,,,,,,,,,,,,0,1.0,0.0,81.9,12.0,82.408
298,High,RPath,192,12.0,3.0,4.0,0.0,0.0,0.0,,Asphalt,155.7,1.0,3,169.927,0.0,0.0,0.0770712909441233,0.0,64,4,3.0,sidewalks,CON,0,0,0,0,0,0,0,0,0,1,0,0,1,0,0,0,0,0,0,0,0,0,0,0,5,0,3,0,1,2,2,0,0,0,1,0,0,0,0,0,0,0,0,0,1,2,0,0,1,1,1,2,2,0,5,0,0,1,1,2,0,1,2,2,1,0,0,0,0,0,0,0,0,1,0,0,1,2,0,1,2,2,0,3,1,1,1,1,2,0,0,0,0,0,0,0,5,0,0.0,,,,,,,,,,,,,,,,,,,,,,,,,,,,,,,,,,0,1.0,0.0,155.7,12.0,169.927
299,High,RPath,265,12.0,3.0,4.0,145.0,217.0,289.0,0.055299539170506916,Asphalt,241.1,1.0,3,241.052,0.006,0.018,0.049771878888428,0.006,66,4,3.0,sidewalks,HMAC,1,2,2,1,0,0,1,0,0,0,0,0,1,2,2,1,2,2,0,0,0,0,0,0,5,5,3,2,0,0,0,1,2,2,0,0,0,0,0,0,0,0,0,0,0,0,0,0,1,1,1,2,2,0,5,0,0,1,0,0,0,0,0,0,0,0,0,0,0,0,0,0,0,1,2,0,0,0,0,0,0,0,5,0,1,1,1,0,0,0,0,0,0,0,0,0,5,0,0.006,0.006,,,,,,,,,,,,,,,,,,,,,,,,,,,,,,,,,1,1.0,0.006,241.1,22.0,241.052
300,High,RPath,301,12.0,3.0,4.0,0.0,0.0,0.0,,Asphalt,88.9,1.0,3,88.809,0.0,0.0,0.1349831271091113,0.0,61,3,3.0,sidewalks,HMAC,1,2,2,1,2,0,1,0,0,1,2,0,1,2,0,1,2,0,0,0,0,0,0,0,0,0,0,2,0,0,0,0,0,0,1,2,2,0,0,0,0,0,0,5,1,2,0,0,0,0,1,2,2,0,5,0,0,1,0,0,0,0,0,0,0,0,0,0,0,0,0,0,0,1,2,0,1,0,0,0,0,0,5,3,0,0,0,0,0,0,0,0,0,0,0,0,5,0,0.0,,,,,,,,,,,,,,,,,,,,,,,,,,,,,,,,,,1,1.0,0.0,88.9,22.0,88.809
301,High,RPath,305,12.0,3.0,4.0,0.0,0.0,0.0,,Asphalt,87.7,1.0,3,89.646,0.0,0.0,0.1368301026225769,0.0,66,4,3.0,sidewalks,HMAC,1,2,2,1,2,0,1,2,0,1,0,0,1,2,2,1,2,2,0,0,0,0,0,0,0,0,0,2,0,0,0,1,2,0,1,2,2,0,0,0,0,0,0,5,1,0,0,0,0,0,1,2,2,0,5,0,0,1,0,0,0,0,0,0,0,0,0,0,0,0,0,0,0,1,2,2,1,2,0,0,0,0,0,3,1,0,0,0,0,0,0,0,0,0,0,0,5,0,0.0,,,,,,,,,,,,,,,,,,,,,,,,,,,,,,,,,,2,1.0,0.0,87.7,32.0,89.646
302,High,RPath,363,12.0,3.0,4.0,0.0,0.0,0.0,,Asphalt,123.5,1.0,3,117.348,0.0,0.0,0.097165991902834,0.0,66,4,3.0,sidewalks,CON,1,2,2,1,0,0,0,0,0,0,0,0,1,0,0,0,0,0,0,0,0,0,0,0,5,5,0,2,0,0,0,0,0,0,1,2,2,1,0,0,1,2,2,0,0,0,0,0,1,1,1,2,2,5,0,4,0,1,0,0,0,0,0,0,0,0,0,0,0,0,0,0,0,1,2,2,1,2,0,0,0,0,0,3,1,1,1,0,0,0,0,0,0,0,0,0,5,0,0.0,,,,,,,,,,,,,,,,,,,,,,,,,,,,,,,,,,0,1.0,0.0,123.5,12.0,117.348
303,High,RPath,364,12.0,3.0,4.0,0.0,0.0,0.0,,Asphalt,82.9,1.0,3,78.096,0.0,0.0,0.1447527141133896,0.0,54,3,3.0,sidewalks,CON,1,2,0,1,0,0,0,0,0,0,0,0,1,0,0,0,0,0,0,0,0,0,0,0,0,5,0,2,0,0,0,0,0,0,1,2,2,0,0,0,1,2,2,0,0,0,0,0,1,1,1,2,2,5,0,4,0,1,0,0,0,0,0,0,0,0,0,0,0,0,0,0,0,1,2,0,1,0,0,0,0,0,0,3,1,1,1,0,0,0,0,0,0,0,0,0,5,0,0.0,,,,,,,,,,,,,,,,,,,,,,,,,,,,,,,,,,0,1.0,0.0,82.9,12.0,78.096
304,High,RPath,377,12.0,3.0,4.0,0.0,0.0,0.0,,Asphalt,106.3,1.0,3,99.04,0.0,0.0,0.1128880526810912,0.0,52,3,3.0,sidewalks,SS,1,2,0,1,0,0,0,0,0,0,0,0,1,2,2,0,0,0,1,2,2,0,0,0,0,0,0,2,0,0,0,1,2,0,0,0,0,0,0,0,0,0,0,0,1,2,2,0,1,0,1,2,2,0,0,0,3,1,1,0,0,0,0,0,1,0,0,0,0,0,0,0,0,1,2,0,1,2,0,0,0,0,0,3,1,0,0,0,0,0,1,0,0,0,0,0,5,0,0.0,,,,,,,,,,,,,,,,,,,,,,,,,,,,,,,,,,0,1.0,0.0,106.3,12.0,99.04
305,High,RPath,378,12.0,3.0,4.0,0.0,0.0,0.0,,Asphalt,344.9,1.0,3,344.936,0.0,0.0,0.0347926935343577,0.0,61,3,3.0,sidewalks,SS,1,2,2,1,2,0,0,0,0,0,0,0,1,2,2,1,0,0,1,2,0,0,0,0,0,0,0,0,0,0,0,1,2,2,1,2,0,0,0,0,1,2,2,0,1,2,0,0,1,0,1,2,2,5,5,0,0,0,1,2,0,0,0,0,0,0,0,0,0,0,0,0,0,1,2,0,1,2,0,0,0,0,0,0,1,1,1,0,0,0,0,0,0,0,0,0,0,0,0.0,,,,,,,,,,,,,,,,,,,,,,,,,,,,,,,,,,1,1.0,0.0,344.9,22.0,344.936
306,High,RPath,384,12.0,3.0,4.0,0.0,0.0,0.0,,Asphalt,29.9,1.0,3,26.793,0.0,0.0,0.4013377926421405,0.0,57,3,3.0,sidewalks,HMAC,1,2,2,1,0,0,1,0,0,0,0,0,1,2,2,0,0,0,0,0,0,0,0,0,0,0,0,2,0,0,0,0,0,0,1,2,2,0,0,0,0,0,0,5,0,0,0,0,0,0,1,2,2,0,0,0,3,0,0,0,0,0,0,0,1,0,0,1,2,0,1,2,0,1,2,0,1,2,0,0,0,0,5,0,1,0,1,0,0,0,0,0,0,0,0,0,5,0,0.0,,,,,,,,,,,,,,,,,,,,,,,,,,,,,,,,,,0,1.0,0.0,29.9,12.0,26.793
307,High,RPath,419,12.0,3.0,4.0,0.0,0.0,0.0,,Asphalt,39.3,1.0,3,31.435,0.0,0.0,0.3053435114503817,0.0,55,3,3.0,sidewalks,SS,1,2,0,0,0,0,0,0,0,0,0,0,1,2,2,1,2,0,1,2,2,0,0,0,0,0,0,2,0,0,0,1,2,2,1,2,0,0,0,0,0,0,0,0,1,0,0,0,0,0,1,0,0,0,5,0,3,1,0,0,0,0,0,0,1,2,2,0,0,0,0,0,0,1,0,0,1,0,0,0,0,0,0,3,1,1,1,0,0,0,0,0,0,0,0,0,5,0,0.0,,,,,,,,,,,,,,,,,,,,,,,,,,,,,,,,,,0,1.0,0.0,39.3,12.0,31.435
308,High,RPath,492,12.0,3.0,4.0,0.0,0.0,0.0,,Asphalt,114.5,1.0,3,113.066,0.0,0.0,0.1048034934497816,0.0,65,4,3.0,sidewalks,SS,1,2,0,1,0,0,1,0,0,0,0,0,1,2,0,1,2,0,0,0,0,0,0,0,0,0,0,2,0,0,0,1,2,2,1,2,2,0,0,0,0,0,0,0,1,2,0,0,0,0,1,0,0,0,5,4,0,1,0,0,0,1,2,0,1,2,0,1,0,0,1,0,0,1,2,0,1,0,0,0,0,0,5,3,1,1,1,0,0,0,0,0,0,0,0,0,5,0,0.0,,,,,,,,,,,,,,,,,,,,,,,,,,,,,,,,,,1,1.0,0.0,114.5,22.0,113.066
309,High,RPath,579,12.0,3.0,4.0,0.0,0.0,0.0,,Asphalt,118.7,1.0,3,114.263,0.0,0.0,0.101095197978096,0.0,58,3,3.0,sidewalks,CON,1,2,2,1,0,0,1,0,0,1,2,0,1,2,0,0,0,0,0,0,0,0,0,0,0,5,0,2,0,0,0,0,0,0,1,2,2,0,0,0,0,0,0,0,0,0,0,0,0,0,1,2,2,5,5,0,0,0,0,0,0,0,0,0,0,0,0,0,0,0,1,2,2,0,0,0,1,2,0,0,0,0,0,3,1,0,1,0,0,0,0,0,0,0,0,0,5,0,0.0,,,,,,,,,,,,,,,,,,,,,,,,,,,,,,,,,,0,1.0,0.0,118.7,12.0,114.263
310,High,RPath,588,12.0,3.0,4.0,0.0,0.0,0.0,,Asphalt,82.6,1.0,3,82.238,0.0,0.0,0.1452784503631961,0.0,56,3,3.0,sidewalks,HMAC,1,2,0,1,2,0,1,0,0,0,0,0,1,2,0,1,2,0,0,0,0,0,0,0,0,0,0,2,0,0,0,1,2,0,1,2,0,0,0,0,0,0,0,5,1,2,0,0,0,0,1,2,2,0,0,0,3,1,0,0,0,0,0,0,0,0,0,0,0,0,0,0,0,1,0,0,1,2,0,0,0,0,5,3,1,0,0,0,0,0,0,0,0,0,0,0,5,0,0.0,,,,,,,,,,,,,,,,,,,,,,,,,,,,,,,,,,0,1.0,0.0,82.6,12.0,82.238
311,High,RPath,786,12.0,3.0,4.0,0.0,0.0,0.0,,Asphalt,119.8,1.0,3,120.162,0.0,0.0,0.1001669449081803,0.0,60,3,3.0,sidewalks,HMAC,1,2,0,1,0,0,1,0,0,0,0,0,1,0,0,1,2,0,0,0,0,1,0,0,5,0,0,2,0,0,0,1,2,2,1,2,2,0,0,0,0,0,0,0,1,0,0,0,1,1,1,2,2,0,0,0,3,1,0,0,0,0,0,0,1,2,0,0,0,0,0,0,0,1,2,0,1,0,0,0,0,0,5,3,1,0,0,0,0,0,0,0,0,0,0,0,5,0,0.0,,,,,,,,,,,,,,,,,,,,,,,,,,,,,,,,,,2,1.0,0.0,119.8,32.0,120.162
312,High,RPath,787,12.0,3.0,4.0,0.0,0.0,0.0,,Asphalt,44.9,1.0,3,42.953,0.0,0.0,0.267260579064588,0.0,52,3,3.0,sidewalks,HMAC,1,2,2,1,0,0,0,0,0,0,0,0,1,2,0,1,2,0,0,0,0,0,0,0,5,0,0,0,0,0,0,1,2,2,1,2,0,0,0,0,0,0,0,0,1,2,0,0,1,0,1,2,2,0,0,0,3,1,0,0,0,0,0,0,1,0,0,0,0,0,1,0,0,1,0,0,1,0,0,0,0,0,0,3,1,0,0,1,0,0,0,0,0,0,0,0,5,0,0.0,,,,,,,,,,,,,,,,,,,,,,,,,,,,,,,,,,1,1.0,0.0,44.9,22.0,42.953
313,High,RPath,793,12.0,3.0,4.0,0.0,0.0,0.0,,Asphalt,29.5,1.0,3,25.395,0.0,0.0,0.4067796610169492,0.0,65,4,3.0,sidewalks,CON,1,2,2,1,0,0,1,2,0,1,2,2,1,2,2,0,0,0,0,0,0,0,0,0,5,0,3,0,0,0,0,0,0,0,1,2,2,0,0,0,0,0,0,0,1,2,0,0,0,0,1,2,2,0,5,0,0,1,0,0,0,0,0,0,0,0,0,0,0,0,0,0,0,1,2,2,1,2,0,0,0,0,0,3,1,1,1,0,0,0,0,0,0,0,0,0,5,0,0.0,,,,,,,,,,,,,,,,,,,,,,,,,,,,,,,,,,0,1.0,0.0,29.5,12.0,25.395
314,High,RPath,795,12.0,3.0,4.0,7.0,11.0,15.0,1.0909090909090908,Asphalt,78.2,1.0,3,80.388,0.005,0.015,0.1534526854219949,0.005,62,3,3.0,sidewalks,CON,1,2,0,1,2,0,1,0,0,0,0,0,1,2,2,0,0,0,0,0,0,0,0,0,0,0,0,2,0,0,0,0,0,0,1,2,2,0,0,0,0,0,0,0,1,2,2,0,1,1,1,2,2,5,5,0,0,1,0,0,0,0,0,0,0,0,0,0,0,0,0,0,0,1,0,0,0,0,0,0,0,0,5,3,1,1,1,0,0,0,0,0,0,1,2,0,5,0,0.019,,,,0.019,,,,,,,,,,,,,,,,,,,,,,,,,,,,,,0,1.0,0.005,78.2,12.0,80.388
315,High,RPath,796,12.0,3.0,4.0,0.0,0.0,0.0,,Asphalt,79.5,1.0,3,81.61,0.0,0.0,0.1509433962264151,0.0,61,3,3.0,sidewalks,CON,1,2,0,1,2,0,0,0,0,0,0,0,1,2,2,0,0,0,0,0,0,0,0,0,0,5,0,2,0,0,0,0,0,0,1,2,2,0,0,0,0,0,0,0,1,2,0,0,1,1,1,2,2,5,0,0,0,1,0,0,0,0,0,0,0,0,0,0,0,0,0,0,0,1,2,0,0,0,0,0,0,0,5,3,1,1,1,0,0,0,0,0,0,1,2,0,5,0,0.0,,,,,,,,,,,,,,,,,,,,,,,,,,,,,,,,,,0,1.0,0.0,79.5,12.0,81.61
316,High,RPath,819,12.0,3.0,4.0,0.0,0.0,0.0,,Asphalt,67.3,1.0,3,63.961,0.0,0.0,0.1783060921248142,0.0,60,3,3.0,sidewalks,PB,1,2,2,0,0,0,0,0,0,1,2,0,0,0,0,1,0,0,0,0,0,0,0,0,5,0,0,0,1,2,2,1,0,0,1,0,0,0,0,0,1,0,0,0,1,2,0,0,1,0,1,2,0,0,0,0,0,1,1,2,0,0,0,0,1,2,0,0,0,0,1,0,0,1,2,0,1,2,0,0,0,0,0,0,1,1,1,1,2,2,1,2,0,1,0,0,5,0,0.0,,,,,,,,,,,,,,,,,,,,,,,,,,,,,,,,,,0,1.0,0.0,67.3,12.0,63.961
317,High,RPath,883,12.0,3.0,4.0,15.0,23.0,30.0,0.5217391304347826,Asphalt,89.4,1.0,3,89.433,0.008,0.024,0.1342281879194631,0.008,63,3,3.0,sidewalks,HMAC,1,2,2,1,0,0,0,0,0,0,0,0,1,0,0,0,0,0,0,0,0,1,0,0,5,5,0,2,0,0,0,1,2,2,1,2,2,0,0,0,0,0,0,0,1,0,0,0,1,1,1,2,2,0,0,0,3,1,0,0,0,0,0,0,1,0,0,0,0,0,1,0,0,1,2,0,1,2,0,0,0,0,5,3,0,0,0,0,0,0,0,0,0,0,0,0,5,0,0.034,,,,0.034,,,,,,,,,,,,,,,,,,,,,,,,,,,,,,0,1.0,0.008,89.4,12.0,89.433
318,High,RPath,1052,12.0,3.0,4.0,7.0,11.0,15.0,1.0909090909090908,Asphalt,82.5,1.0,3,78.555,0.005,0.015,0.1454545454545454,0.005,62,3,3.0,sidewalks,CON,1,2,2,1,0,0,0,0,0,0,0,0,1,2,0,1,0,0,0,0,0,0,0,0,5,0,0,2,1,0,0,0,0,0,1,2,0,0,0,0,0,0,0,5,1,0,0,0,0,0,1,2,2,5,0,0,3,1,0,0,0,0,0,0,1,0,0,0,0,0,1,2,2,1,0,0,1,2,0,0,0,0,0,3,1,0,1,1,0,0,0,0,0,0,0,0,5,0,0.018,,,,0.018,,,,,,,,,,,,,,,,,,,,,,,,,,,,,,0,1.0,0.005,82.5,12.0,78.555
319,High,RPath,1054,12.0,3.0,4.0,0.0,0.0,0.0,,Asphalt,2.0,1.0,3,2.558,0.0,0.0,6.0,0.0,54,3,3.0,sidewalks,CON,1,2,0,1,2,0,1,0,0,0,0,0,1,2,0,0,0,0,0,0,0,0,0,0,0,0,0,2,0,0,0,0,0,0,1,2,2,0,0,0,0,0,0,0,0,0,0,0,1,0,1,2,2,5,0,4,3,0,0,0,0,0,0,0,0,0,0,0,0,0,0,0,0,1,2,0,1,2,0,0,0,0,5,3,0,0,0,0,0,0,0,0,0,0,0,0,5,0,0.0,,,,,,,,,,,,,,,,,,,,,,,,,,,,,,,,,,0,1.0,0.0,2.0,12.0,2.558
320,High,RPath,1068,12.0,3.0,4.0,7.0,11.0,15.0,1.0909090909090908,Asphalt,39.2,1.0,3,39.238,0.01,0.03,0.3061224489795918,0.01,59,3,3.0,sidewalks,HMAC,1,2,0,1,0,0,1,0,0,0,0,0,1,2,0,1,0,0,0,0,0,0,0,0,0,0,0,2,0,0,0,0,0,0,1,2,2,0,0,0,0,0,0,0,0,0,0,0,0,0,1,2,2,5,5,4,0,1,0,0,0,0,0,0,0,0,0,0,0,0,0,0,0,1,2,0,1,2,2,0,0,0,5,3,1,0,1,0,0,0,0,0,0,0,0,0,5,0,0.038,,,,0.038,,,,,,,,,,,,,,,,,,,,,,,,,,,,,,1,1.0,0.01,39.2,22.0,39.238
321,High,RPath,1069,12.0,3.0,4.0,0.0,0.0,0.0,,Asphalt,5.3,1.0,3,4.212,0.0,0.0,2.2641509433962264,0.0,59,3,3.0,sidewalks,CON,1,2,0,1,0,0,1,0,0,0,0,0,1,2,0,1,0,0,0,0,0,0,0,0,0,0,0,2,0,0,0,0,0,0,1,2,2,0,0,0,0,0,0,0,0,0,0,0,0,0,1,2,2,5,5,4,0,1,0,0,0,0,0,0,0,0,0,0,0,0,0,0,0,1,2,0,1,2,2,0,0,0,5,3,1,0,1,0,0,0,0,0,0,0,0,0,5,0,0.0,,,,,,,,,,,,,,,,,,,,,,,,,,,,,,,,,,1,1.0,0.0,5.3,22.0,4.212
322,High,RPath,1075,12.0,3.0,4.0,7.0,11.0,15.0,1.0909090909090908,Asphalt,39.1,1.0,3,35.459,0.01,0.03,0.3069053708439898,0.01,66,4,3.0,sidewalks,CON,1,2,0,1,2,0,1,2,0,1,0,0,1,2,2,0,0,0,0,0,0,1,2,2,0,5,0,2,0,0,0,0,0,0,1,0,0,0,0,0,1,0,0,5,1,0,0,0,1,1,1,2,2,0,0,0,0,1,0,0,0,0,0,0,1,0,0,1,2,0,1,2,0,1,0,0,1,2,2,0,0,0,0,3,1,0,1,0,0,0,0,0,0,0,0,0,5,0,0.038,,,,0.038,,,,,,,,,,,,,,,,,,,,,,,,,,,,,,0,1.0,0.01,39.1,12.0,35.459
323,High,RPath,1081,12.0,3.0,4.0,8.0,11.0,15.0,1.0909090909090908,Asphalt,84.0,1.0,3,80.307,0.004,0.012,0.1428571428571428,0.004,60,3,3.0,sidewalks,CON,1,2,2,1,0,0,0,0,0,0,0,0,1,2,0,0,0,0,0,0,0,0,0,0,0,0,0,2,1,0,0,1,0,0,1,2,0,0,0,0,0,0,0,5,1,0,0,0,0,0,1,2,2,5,0,0,3,1,0,0,0,0,0,0,1,0,0,1,0,0,1,2,2,1,2,0,1,2,0,0,0,0,0,3,1,0,1,1,0,0,0,0,0,0,0,0,5,0,0.018,,,,0.018,,,,,,,,,,,,,,,,,,,,,,,,,,,,,,0,1.0,0.004,84.0,12.0,80.307
324,High,RPath,1098,12.0,3.0,4.0,0.0,0.0,0.0,,Asphalt,13.9,1.0,3,9.664,0.0,0.0,0.8633093525179856,0.0,60,3,3.0,sidewalks,HMAC,1,2,2,1,2,0,1,2,0,0,0,0,1,2,0,1,0,0,0,0,0,0,0,0,0,5,0,0,0,0,0,0,0,0,1,2,2,0,0,0,0,0,0,0,1,2,2,0,0,0,1,2,2,5,5,0,0,1,0,0,0,0,0,0,1,0,0,0,0,0,0,0,0,1,2,0,0,0,0,0,0,0,0,3,1,0,1,0,0,0,0,0,0,0,0,0,5,0,0.0,,,,,,,,,,,,,,,,,,,,,,,,,,,,,,,,,,0,1.0,0.0,13.9,12.0,9.664
325,High,RPath,1182,12.0,3.0,4.0,142.0,214.0,285.0,0.056074766355140186,Asphalt,237.3,1.0,3,237.323,0.006,0.018,0.0505689001264222,0.006,56,3,3.0,sidewalks,HMAC,1,2,2,1,0,0,1,0,0,0,0,0,1,2,2,1,2,2,0,0,0,0,0,0,5,0,3,0,0,0,0,1,2,2,0,0,0,0,0,0,0,0,0,0,0,0,0,0,1,1,1,2,2,0,5,0,3,1,0,0,0,0,0,0,0,0,0,0,0,0,0,0,0,1,2,0,0,0,0,0,0,0,0,0,1,1,0,0,0,0,0,0,0,0,0,0,5,0,0.006,0.006,,,,,,,,,,,,,,,,,,,,,,,,,,,,,,,,,1,1.0,0.006,237.3,22.0,237.323
326,High,RPath,1189,12.0,3.0,4.0,0.0,0.0,0.0,,Asphalt,30.7,1.0,3,27.589,0.0,0.0,0.3908794788273615,0.0,52,3,3.0,sidewalks,CON,1,2,2,0,0,0,0,0,0,0,0,0,1,2,0,0,0,0,0,0,0,0,0,0,0,0,0,0,0,0,0,1,2,2,1,2,0,1,2,2,1,2,2,0,1,2,0,0,0,0,1,2,2,5,5,0,0,0,0,0,0,0,0,0,0,0,0,0,0,0,0,0,0,0,0,0,0,0,0,0,0,0,0,0,1,1,1,0,0,0,0,0,0,0,0,0,5,0,0.0,,,,,,,,,,,,,,,,,,,,,,,,,,,,,,,,,,1,1.0,0.0,30.7,22.0,27.589
327,High,RPath,1193,12.0,3.0,4.0,36.0,53.0,71.0,0.22641509433962265,Asphalt,284.8,1.0,3,284.963,0.003,0.009,0.0421348314606741,0.003,65,4,3.0,sidewalks,CON,1,2,2,1,0,0,0,0,0,0,0,0,1,2,0,0,0,0,0,0,0,0,0,0,0,5,0,0,0,0,0,1,2,2,1,2,2,1,2,2,1,2,2,0,1,2,0,0,0,0,1,2,2,5,5,4,0,0,0,0,0,0,0,0,0,0,0,0,0,0,0,0,0,0,0,0,0,0,0,0,0,0,0,0,1,1,1,1,0,0,0,0,0,0,0,0,5,0,0.005,,,,,,,,,,,,,,,0.005,,,,,,,,,,,,,,,,,,,1,1.0,0.003,284.8,22.0,284.963
328,High,RPath,1272,12.0,3.0,4.0,0.0,0.0,0.0,,Asphalt,15.1,1.0,3,11.388,0.0,0.0,0.794701986754967,0.0,54,3,3.0,sidewalks,CON,1,2,2,0,0,0,0,0,0,0,0,0,0,0,0,1,0,0,0,0,0,0,0,0,5,0,0,0,0,0,0,0,0,0,1,2,2,0,0,0,1,2,2,0,1,2,0,0,1,1,1,2,2,5,5,0,0,0,0,0,0,0,0,0,1,2,0,0,0,0,0,0,0,1,0,0,1,0,0,0,0,0,0,0,1,1,1,0,0,0,0,0,0,0,0,0,5,0,0.0,,,,,,,,,,,,,,,,,,,,,,,,,,,,,,,,,,0,1.0,0.0,15.1,12.0,11.388
329,High,RPath,1273,12.0,3.0,4.0,0.0,0.0,0.0,,Asphalt,78.7,1.0,3,73.551,0.0,0.0,0.1524777636594663,0.0,59,3,3.0,sidewalks,CON,1,2,2,1,0,0,1,0,0,0,0,0,1,0,0,1,0,0,0,0,0,0,0,0,5,0,0,0,0,0,0,0,0,0,1,2,2,0,0,0,1,2,2,0,1,2,2,0,1,1,1,2,2,5,5,0,0,0,0,0,0,0,0,0,1,2,0,0,0,0,0,0,0,1,0,0,1,0,0,0,0,0,0,0,1,1,1,0,0,0,0,0,0,0,0,0,5,0,0.0,,,,,,,,,,,,,,,,,,,,,,,,,,,,,,,,,,0,1.0,0.0,78.7,12.0,73.551
330,High,RPath,1285,12.0,3.0,4.0,0.0,0.0,0.0,,Asphalt,14.4,1.0,3,14.416,0.0,0.0,0.8333333333333333,0.0,55,3,3.0,sidewalks,CON,1,2,2,0,0,0,0,0,0,0,0,0,0,0,0,1,2,0,0,0,0,0,0,0,5,0,0,0,0,0,0,0,0,0,1,2,2,0,0,0,1,2,0,0,1,2,2,0,1,1,1,2,2,5,5,0,0,0,0,0,0,0,0,0,1,2,0,0,0,0,0,0,0,0,0,0,1,0,0,0,0,0,0,0,1,1,1,0,0,0,0,0,0,0,0,0,5,0,0.0,,,,,,,,,,,,,,,,,,,,,,,,,,,,,,,,,,0,1.0,0.0,14.4,12.0,14.416
331,High,RPath,1311,12.0,3.0,4.0,0.0,0.0,0.0,,Asphalt,5.3,1.0,3,5.322,0.0,0.0,2.2641509433962264,0.0,51,3,3.0,sidewalks,CON,1,2,0,1,2,0,1,2,0,0,0,0,1,2,0,0,0,0,0,0,0,0,0,0,0,0,0,2,0,0,0,0,0,0,1,2,2,0,0,0,0,0,0,0,0,0,0,0,1,0,1,2,2,5,0,4,3,0,0,0,0,0,0,0,0,0,0,0,0,0,0,0,0,1,2,0,1,2,0,0,0,0,0,3,0,0,0,0,0,0,0,0,0,0,0,0,5,0,0.0,,,,,,,,,,,,,,,,,,,,,,,,,,,,,,,,,,0,1.0,0.0,5.3,12.0,5.322
332,High,RPath,1338,12.0,3.0,4.0,7.0,11.0,15.0,1.0909090909090908,Asphalt,55.0,1.0,3,53.248,0.007,0.021,0.2181818181818181,0.007,64,4,3.0,sidewalks,CON,1,2,0,1,0,0,0,0,0,0,0,0,1,2,0,1,2,2,0,0,0,0,0,0,5,0,0,2,0,0,0,1,2,2,1,2,2,0,0,0,0,0,0,5,1,0,0,0,0,0,1,0,0,0,0,4,0,1,0,0,0,1,2,0,1,2,0,1,0,0,1,0,0,1,2,0,1,0,0,0,0,0,0,3,1,1,1,0,0,0,0,0,0,0,0,0,5,0,0.027,,,,0.027,,,,,,,,,,,,,,,,,,,,,,,,,,,,,,0,1.0,0.007,55.0,12.0,53.248
333,High,RPath,1531,12.0,3.0,4.0,0.0,0.0,0.0,,Asphalt,10.4,1.0,3,8.374,0.0,0.0,1.1538461538461535,0.0,57,3,3.0,sidewalks,CON,1,2,2,1,0,0,1,0,0,0,0,0,1,0,0,1,2,2,0,0,0,0,0,0,0,0,0,2,0,0,0,1,2,2,1,2,2,0,0,0,0,0,0,0,1,2,2,0,1,0,1,2,2,5,5,0,0,0,0,0,0,0,0,0,0,0,0,0,0,0,0,0,0,1,0,0,1,0,0,0,0,0,0,3,1,0,0,0,0,0,0,0,0,0,0,0,5,0,0.0,,,,,,,,,,,,,,,,,,,,,,,,,,,,,,,,,,0,1.0,0.0,10.4,12.0,8.374
334,High,RPath,1573,12.0,3.0,4.0,0.0,0.0,0.0,,Asphalt,57.6,1.0,3,56.906,0.0,0.0,0.2083333333333333,0.0,60,3,3.0,sidewalks,CON,1,2,0,1,2,0,0,0,0,0,0,0,1,2,0,0,0,0,0,0,0,0,0,0,5,0,0,0,0,0,0,1,2,2,1,2,0,0,0,0,0,0,0,0,1,2,2,0,1,0,1,2,2,5,5,0,3,0,0,0,0,0,0,0,1,2,0,0,0,0,0,0,0,1,0,0,1,0,0,0,0,0,0,3,1,0,0,0,0,0,0,0,0,0,0,0,5,0,0.0,,,,,,,,,,,,,,,,,,,,,,,,,,,,,,,,,,8,1.0,0.0,57.6,42.0,56.906
335,High,RPath,1574,12.0,3.0,4.0,0.0,0.0,0.0,,Asphalt,76.5,1.0,3,78.333,0.0,0.0,0.1568627450980392,0.0,66,4,3.0,sidewalks,CON,1,2,2,1,0,0,0,0,0,0,0,0,1,2,0,0,0,0,0,0,0,1,0,0,5,0,0,0,0,0,0,1,2,2,1,2,2,0,0,0,0,0,0,0,1,2,2,0,1,0,1,2,2,5,5,0,3,1,0,0,0,0,0,0,1,2,0,0,0,0,0,0,0,1,2,0,1,0,0,0,0,0,0,3,1,0,0,0,0,0,0,0,0,0,0,0,5,0,0.0,,,,,,,,,,,,,,,,,,,,,,,,,,,,,,,,,,8,1.0,0.0,76.5,42.0,78.333
336,High,RPath,1575,12.0,3.0,4.0,8.0,11.0,15.0,1.0909090909090908,Asphalt,61.1,1.0,3,59.248,0.006,0.018,0.1963993453355155,0.006,60,3,3.0,sidewalks,CON,1,2,2,1,0,0,0,0,0,0,0,0,1,0,0,0,0,0,0,0,0,1,0,0,5,0,0,0,0,0,0,1,2,2,1,2,2,0,0,0,0,0,0,0,1,2,0,0,1,1,1,2,2,5,0,0,3,1,0,0,0,0,0,0,1,2,0,0,0,0,0,0,0,1,2,0,1,2,0,0,0,0,0,3,1,0,0,0,0,0,0,0,0,0,0,0,5,0,0.025,,,,0.025,,,,,,,,,,,,,,,,,,,,,,,,,,,,,,0,1.0,0.006,61.1,12.0,59.248
337,High,RPath,1578,12.0,3.0,4.0,0.0,0.0,0.0,,Asphalt,27.1,1.0,3,25.887,0.0,0.0,0.4428044280442804,0.0,61,3,3.0,sidewalks,CON,1,2,0,1,2,0,0,0,0,0,0,0,1,2,0,1,2,0,0,0,0,0,0,0,5,0,0,2,0,0,0,1,2,2,1,2,0,0,0,0,0,0,0,0,1,2,0,0,1,0,1,2,2,0,0,0,3,1,0,0,0,0,0,0,1,0,0,0,0,0,1,2,0,1,0,0,1,0,0,0,0,0,5,3,1,0,0,1,0,0,0,0,0,0,0,0,5,0,0.0,,,,,,,,,,,,,,,,,,,,,,,,,,,,,,,,,,0,1.0,0.0,27.1,12.0,25.887
338,High,RPath,1586,12.0,3.0,4.0,46.0,69.0,92.0,0.17391304347826086,Asphalt,191.0,1.0,3,187.074,0.01,0.03,0.06282722513089,0.01,61,3,3.0,sidewalks,CON,1,2,2,1,2,2,0,0,0,0,0,0,1,2,2,0,0,0,0,0,0,0,0,0,0,5,0,0,0,0,0,1,0,0,0,0,0,1,0,0,1,2,0,0,0,0,0,0,1,0,1,2,2,5,5,0,0,1,1,2,0,0,0,0,0,0,0,0,0,0,0,0,0,0,0,0,1,2,2,0,0,0,0,0,1,1,1,0,0,0,1,2,0,0,0,0,5,0,0.016,,,,0.008,,,,,,,,,,,,0.008,,,,,,,,,,,,,,,,,,0,1.0,0.01,191.0,12.0,187.074
339,High,RPath,1587,12.0,3.0,4.0,0.0,0.0,0.0,,Asphalt,8.6,1.0,3,7.27,0.0,0.0,1.3953488372093024,0.0,57,3,3.0,sidewalks,CON,1,2,2,1,2,2,0,0,0,0,0,0,1,2,2,0,0,0,0,0,0,0,0,0,0,5,0,0,0,0,0,1,0,0,0,0,0,0,0,0,1,2,0,0,0,0,0,0,0,0,1,2,2,5,5,0,0,1,1,2,0,0,0,0,0,0,0,0,0,0,0,0,0,0,0,0,1,2,2,0,0,0,0,0,1,1,1,0,0,0,1,0,0,0,0,0,5,0,0.0,,,,,,,,,,,,,,,,,,,,,,,,,,,,,,,,,,0,1.0,0.0,8.6,12.0,7.27
340,High,RPath,1588,12.0,3.0,4.0,0.0,0.0,0.0,,Asphalt,8.4,1.0,3,7.805,0.0,0.0,1.4285714285714286,0.0,59,3,3.0,sidewalks,CON,1,2,2,1,2,2,0,0,0,0,0,0,1,2,2,0,0,0,0,0,0,0,0,0,0,5,0,0,0,0,0,1,0,0,0,0,0,1,0,0,1,2,0,0,1,0,0,0,0,0,1,2,2,5,5,0,0,1,1,2,0,0,0,0,0,0,0,0,0,0,0,0,0,0,0,0,1,2,2,0,0,0,0,0,1,1,1,0,0,0,1,0,0,0,0,0,5,0,0.0,,,,,,,,,,,,,,,,,,,,,,,,,,,,,,,,,,0,1.0,0.0,8.4,12.0,7.805
341,High,RPath,1589,12.0,3.0,4.0,0.0,0.0,0.0,,Asphalt,4.7,1.0,3,4.804,0.0,0.0,2.553191489361702,0.0,60,3,3.0,sidewalks,CON,1,2,2,1,2,2,0,0,0,0,0,0,1,2,2,0,0,0,0,0,0,0,0,0,0,5,0,0,0,0,0,1,2,0,0,0,0,0,0,0,1,2,0,0,1,0,0,0,0,0,1,2,2,5,5,0,0,1,1,2,0,0,0,0,0,0,0,0,0,0,0,0,0,0,0,0,1,2,2,0,0,0,0,0,1,1,1,0,0,0,1,0,0,0,0,0,5,0,0.0,,,,,,,,,,,,,,,,,,,,,,,,,,,,,,,,,,0,1.0,0.0,4.7,12.0,4.804
342,High,RPath,1590,12.0,3.0,4.0,0.0,0.0,0.0,,Asphalt,1.4,1.0,3,1.352,0.0,0.0,8.571428571428571,0.0,58,3,3.0,sidewalks,CON,1,2,2,1,2,2,0,0,0,0,0,0,1,2,2,0,0,0,0,0,0,0,0,0,0,5,0,0,0,0,0,1,0,0,0,0,0,0,0,0,1,2,0,0,1,0,0,0,0,0,1,2,2,5,5,0,0,1,1,2,0,0,0,0,0,0,0,0,0,0,0,0,0,0,0,0,1,2,2,0,0,0,0,0,1,1,1,0,0,0,1,0,0,0,0,0,5,0,0.0,,,,,,,,,,,,,,,,,,,,,,,,,,,,,,,,,,0,1.0,0.0,1.4,12.0,1.352
343,High,RPath,1592,12.0,3.0,4.0,0.0,0.0,0.0,,Asphalt,3.9,1.0,3,4.77,0.0,0.0,3.076923076923077,0.0,54,3,3.0,sidewalks,CON,1,2,2,1,2,0,0,0,0,0,0,0,1,2,2,0,0,0,0,0,0,0,0,0,0,0,0,0,0,0,0,1,2,2,1,2,0,0,0,0,1,2,2,0,1,2,0,0,1,0,1,2,2,5,5,0,0,0,1,2,0,0,0,0,0,0,0,0,0,0,0,0,0,0,0,0,1,2,0,0,0,0,0,0,1,1,1,0,0,0,0,0,0,0,0,0,0,0,0.0,,,,,,,,,,,,,,,,,,,,,,,,,,,,,,,,,,1,1.0,0.0,3.9,22.0,4.77
344,High,RPath,1594,12.0,3.0,4.0,0.0,0.0,0.0,,Asphalt,7.8,1.0,3,7.831,0.0,0.0,1.5384615384615383,0.0,52,3,3.0,sidewalks,CON,1,2,2,1,0,0,0,0,0,0,0,0,1,2,2,0,0,0,0,0,0,0,0,0,0,0,0,0,0,0,0,1,2,2,1,2,0,0,0,0,1,2,2,0,1,2,0,0,1,0,1,2,2,5,5,0,0,0,1,2,0,0,0,0,0,0,0,0,0,0,0,0,0,0,0,0,1,2,0,0,0,0,0,0,1,1,1,0,0,0,0,0,0,0,0,0,0,0,0.0,,,,,,,,,,,,,,,,,,,,,,,,,,,,,,,,,,1,1.0,0.0,7.8,22.0,7.831
345,High,RPath,1595,12.0,3.0,4.0,0.0,0.0,0.0,,Asphalt,20.5,1.0,3,20.485,0.0,0.0,0.5853658536585366,0.0,55,3,3.0,sidewalks,CON,1,2,2,1,0,0,0,0,0,0,0,0,1,2,0,0,0,0,0,0,0,0,0,0,5,0,0,0,0,0,0,1,2,2,1,2,0,0,0,0,1,2,2,0,1,2,0,0,1,1,1,2,2,0,5,0,0,0,1,0,0,0,0,0,0,0,0,0,0,0,0,0,0,1,0,0,1,2,0,0,0,0,0,0,1,1,1,0,0,0,0,0,0,0,0,0,5,0,0.0,,,,,,,,,,,,,,,,,,,,,,,,,,,,,,,,,,0,1.0,0.0,20.5,12.0,20.485
346,High,RPath,1596,12.0,3.0,4.0,0.0,0.0,0.0,,Asphalt,11.1,1.0,3,6.256,0.0,0.0,1.0810810810810811,0.0,54,3,3.0,sidewalks,CON,1,2,2,1,0,0,0,0,0,0,0,0,1,2,0,0,0,0,0,0,0,0,0,0,5,0,0,0,0,0,0,1,2,2,1,2,0,0,0,0,1,2,2,0,1,2,0,0,1,1,1,2,2,0,5,0,0,0,1,0,0,0,0,0,0,0,0,0,0,0,0,0,0,0,0,0,1,2,0,0,0,0,0,0,1,1,1,0,0,0,0,0,0,0,0,0,5,0,0.0,,,,,,,,,,,,,,,,,,,,,,,,,,,,,,,,,,0,1.0,0.0,11.1,12.0,6.256
347,High,RPath,1597,12.0,3.0,4.0,0.0,0.0,0.0,,Asphalt,12.3,1.0,3,7.842,0.0,0.0,0.975609756097561,0.0,56,3,3.0,sidewalks,CON,1,2,2,1,0,0,0,0,0,0,0,0,1,2,0,1,0,0,0,0,0,0,0,0,5,0,0,0,0,0,0,1,2,2,1,2,0,0,0,0,1,2,2,0,1,2,0,0,1,1,1,2,2,0,5,0,0,0,1,0,0,0,0,0,0,0,0,0,0,0,0,0,0,1,0,0,1,2,0,0,0,0,0,0,1,1,1,0,0,0,0,0,0,0,0,0,5,0,0.0,,,,,,,,,,,,,,,,,,,,,,,,,,,,,,,,,,0,1.0,0.0,12.3,12.0,7.842
348,High,RPath,1598,12.0,3.0,4.0,0.0,0.0,0.0,,Asphalt,3.4,1.0,3,2.318,0.0,0.0,3.5294117647058822,0.0,55,3,3.0,sidewalks,CON,1,2,2,1,0,0,0,0,0,0,0,0,1,2,0,1,0,0,0,0,0,0,0,0,5,0,0,0,0,0,0,1,2,2,1,2,0,0,0,0,1,2,2,0,1,2,0,0,1,1,1,2,2,0,5,0,0,0,1,0,0,0,0,0,0,0,0,0,0,0,0,0,0,0,0,0,1,2,0,0,0,0,0,0,1,1,1,0,0,0,0,0,0,0,0,0,5,0,0.0,,,,,,,,,,,,,,,,,,,,,,,,,,,,,,,,,,0,1.0,0.0,3.4,12.0,2.318
349,High,RPath,1599,12.0,3.0,4.0,0.0,0.0,0.0,,Asphalt,2.0,1.0,3,1.576,0.0,0.0,6.0,0.0,55,3,3.0,sidewalks,CON,1,2,2,1,0,0,0,0,0,0,0,0,1,2,0,1,0,0,0,0,0,0,0,0,5,0,0,0,0,0,0,1,2,2,1,2,0,0,0,0,1,2,2,0,1,2,0,0,1,1,1,2,2,0,5,0,0,0,1,0,0,0,0,0,0,0,0,0,0,0,0,0,0,0,0,0,1,2,0,0,0,0,0,0,1,1,1,0,0,0,0,0,0,0,0,0,5,0,0.0,,,,,,,,,,,,,,,,,,,,,,,,,,,,,,,,,,0,1.0,0.0,2.0,12.0,1.576
350,High,RPath,1600,12.0,3.0,4.0,0.0,0.0,0.0,,Asphalt,82.8,1.0,3,82.847,0.0,0.0,0.144927536231884,0.0,53,3,3.0,sidewalks,CON,1,2,2,1,2,0,1,0,0,0,0,0,1,2,2,1,2,2,0,0,0,0,0,0,0,5,0,2,0,0,0,0,0,0,1,0,0,0,0,0,0,0,0,0,0,0,0,0,1,1,1,2,2,0,0,0,3,1,0,0,0,0,0,0,0,0,0,0,0,0,0,0,0,1,2,0,1,2,0,0,0,0,0,3,1,0,0,0,0,0,0,0,0,0,0,0,5,0,0.0,,,,,,,,,,,,,,,,,,,,,,,,,,,,,,,,,,0,1.0,0.0,82.8,12.0,82.847
351,High,RPath,1614,12.0,3.0,4.0,0.0,0.0,0.0,,Asphalt,54.4,1.0,3,75.136,0.0,0.0,0.2205882352941176,0.0,60,3,3.0,sidewalks,CON,1,2,0,1,0,0,0,0,0,0,0,0,1,2,0,0,0,0,0,0,0,0,0,0,5,0,0,0,0,0,0,1,2,2,1,2,2,0,0,0,0,0,0,0,1,2,2,0,1,0,1,2,2,5,5,0,3,0,0,0,0,0,0,0,1,2,0,0,0,0,0,0,0,1,0,0,1,0,0,0,0,0,0,3,1,0,0,0,0,0,0,0,0,0,0,0,5,0,0.0,,,,,,,,,,,,,,,,,,,,,,,,,,,,,,,,,,8,1.0,0.0,54.4,42.0,75.136
352,High,RPath,1615,12.0,3.0,4.0,0.0,0.0,0.0,,Asphalt,49.7,1.0,3,49.654,0.0,0.0,0.2414486921529175,0.0,65,4,3.0,sidewalks,CON,1,2,2,1,0,0,0,0,0,0,0,0,1,2,0,0,0,0,0,0,0,1,0,0,5,0,0,0,0,0,0,1,2,2,1,2,2,0,0,0,0,0,0,0,1,2,2,0,1,0,1,2,2,5,5,0,3,0,0,0,0,0,0,0,1,2,0,0,0,0,0,0,0,1,2,0,1,0,0,0,0,0,0,3,1,0,0,0,0,0,0,0,0,0,0,0,5,0,0.0,,,,,,,,,,,,,,,,,,,,,,,,,,,,,,,,,,8,1.0,0.0,49.7,42.0,49.654
353,High,RPath,743,12.0,3.0,4.0,0.0,0.0,0.0,,Asphalt,71.9,1.0,3,5.57,0.0,0.0,0.1668984700973574,0.0,63,3,3.0,sidewalks,PB,1,0,0,0,0,0,0,0,0,1,2,0,1,0,0,1,2,0,0,0,0,0,0,0,5,0,0,0,1,2,2,0,0,0,1,2,0,0,0,0,0,0,0,0,1,2,2,0,1,1,1,2,2,0,0,0,0,1,0,0,0,1,0,0,1,0,0,0,0,0,1,2,0,1,2,0,1,2,0,1,0,0,0,0,1,1,1,1,2,2,1,0,0,1,2,0,5,0,0.0,,,,,,,,,,,,,,,,,,,,,,,,,,,,,,,,,,0,1.0,0.0,71.9,12.0,5.57
354,High,RPath,1359,12.0,3.0,4.0,0.0,0.0,0.0,,Asphalt,57.6,1.0,3,57.644,0.0,0.0,0.2083333333333333,0.0,64,4,3.0,walkways,SS,1,2,2,1,2,0,1,2,0,0,0,0,1,2,0,1,2,0,0,0,0,0,0,0,0,5,0,2,0,0,0,1,0,0,1,2,2,0,0,0,1,0,0,0,1,2,0,0,1,1,1,2,2,0,0,0,0,1,0,0,0,0,0,0,1,2,0,0,0,0,0,0,0,1,2,2,1,0,0,0,0,0,5,3,0,0,0,0,0,0,0,0,0,0,0,0,5,0,0.0,,,,,,,,,,,,,,,,,,,,,,,,,,,,,,,,,,0,1.0,0.0,57.6,12.0,57.644
355,High,RPath,1367,12.0,3.0,4.0,0.0,0.0,0.0,,Asphalt,118.4,1.0,3,118.416,0.0,0.0,0.1013513513513513,0.0,56,3,3.0,walkways,SS,1,2,2,0,0,0,0,0,0,0,0,0,1,2,2,1,0,0,0,0,0,0,0,0,0,5,0,2,0,0,0,1,2,0,1,2,0,0,0,0,0,0,0,0,0,0,0,0,0,0,1,2,2,0,0,0,0,1,0,0,0,0,0,0,1,2,0,1,2,0,0,0,0,1,2,2,1,2,2,0,0,0,0,3,1,0,1,0,0,0,0,0,0,0,0,0,5,0,0.0,,,,,,,,,,,,,,,,,,,,,,,,,,,,,,,,,,0,1.0,0.0,118.4,12.0,118.416
356,High,RPath,1368,12.0,3.0,4.0,0.0,0.0,0.0,,Asphalt,84.5,1.0,3,84.544,0.0,0.0,0.1420118343195266,0.0,51,3,3.0,walkways,SS,1,2,0,1,2,0,0,0,0,0,0,0,1,2,2,0,0,0,1,2,0,0,0,0,0,5,0,0,0,0,0,1,2,0,1,0,0,0,0,0,1,0,0,0,1,2,0,0,1,0,1,2,2,0,0,0,0,0,1,2,2,0,0,0,0,0,0,0,0,0,0,0,0,1,2,0,1,0,0,0,0,0,0,0,1,1,1,0,0,0,1,0,0,0,0,0,5,0,0.0,,,,,,,,,,,,,,,,,,,,,,,,,,,,,,,,,,0,1.0,0.0,84.5,12.0,84.544
357,High,RPath,1370,12.0,3.0,4.0,0.0,0.0,0.0,,Asphalt,21.9,1.0,3,21.92,0.0,0.0,0.5479452054794521,0.0,51,3,3.0,walkways,HMAC,1,2,0,1,2,2,0,0,0,0,0,0,1,2,2,0,0,0,1,0,0,0,0,0,0,5,0,0,0,0,0,1,2,0,1,0,0,0,0,0,1,2,0,0,1,0,0,0,0,0,1,2,2,0,0,0,0,0,1,2,2,0,0,0,0,0,0,0,0,0,0,0,0,0,0,0,1,2,2,0,0,0,0,0,1,1,1,0,0,0,1,0,0,0,0,0,5,0,0.0,,,,,,,,,,,,,,,,,,,,,,,,,,,,,,,,,,0,1.0,0.0,21.9,12.0,21.92
358,High,RPath,1382,12.0,3.0,4.0,7.0,11.0,15.0,1.0909090909090908,Asphalt,59.1,1.0,3,58.719,0.006,0.018,0.2030456852791878,0.006,49,3,3.0,walkways,HMAC,1,2,2,1,2,0,1,2,0,1,2,0,1,2,0,0,0,0,0,0,0,0,0,0,0,5,0,2,0,0,0,0,0,0,1,2,2,0,0,0,0,0,0,0,0,0,0,0,0,0,1,2,2,0,0,0,0,1,0,0,0,0,0,0,0,0,0,0,0,0,0,0,0,0,0,0,1,0,0,0,0,0,5,3,0,0,0,0,0,0,0,0,0,0,0,0,5,0,0.025,,,,0.025,,,,,,,,,,,,,,,,,,,,,,,,,,,,,,0,1.0,0.006,59.1,12.0,58.719
359,High,RPath,1408,12.0,3.0,4.0,0.0,0.0,0.0,,Asphalt,197.8,1.0,3,199.177,0.0,0.0,0.0606673407482305,0.0,62,3,3.0,walkways,SS,1,2,2,1,0,0,1,0,0,0,0,0,1,2,0,1,0,0,0,0,0,0,0,0,0,5,0,2,0,0,0,0,0,0,1,2,2,0,0,0,0,0,0,0,1,0,0,0,0,0,1,2,2,5,0,4,0,1,0,0,0,0,0,0,0,0,0,0,0,0,0,0,0,1,2,2,1,2,2,0,0,0,5,3,0,0,0,0,0,0,0,0,0,0,0,0,5,0,0.0,,,,,,,,,,,,,,,,,,,,,,,,,,,,,,,,,,0,1.0,0.0,197.8,12.0,199.177
360,High,RPath,1421,12.0,3.0,4.0,0.0,0.0,0.0,,Asphalt,61.7,1.0,3,62.169,0.0,0.0,0.1944894651539708,0.0,59,3,3.0,walkways,HMAC,1,2,2,1,2,0,1,2,0,0,0,0,1,2,0,0,0,0,0,0,0,0,0,0,0,5,0,2,0,0,0,0,0,0,1,2,2,0,0,0,0,0,0,0,1,2,0,0,0,0,1,2,2,5,5,0,0,1,0,0,0,0,0,0,0,0,0,0,0,0,0,0,0,1,2,0,1,0,0,0,0,0,0,3,1,0,1,0,0,0,0,0,0,0,0,0,5,0,0.0,,,,,,,,,,,,,,,,,,,,,,,,,,,,,,,,,,0,1.0,0.0,61.7,12.0,62.169
361,High,RPath,1422,12.0,3.0,4.0,0.0,0.0,0.0,,Asphalt,9.9,1.0,3,9.946,0.0,0.0,1.2121212121212122,0.0,52,3,3.0,walkways,CON,1,2,2,1,0,0,1,0,0,0,0,0,1,2,0,0,0,0,0,0,0,0,0,0,0,5,0,0,0,0,0,0,0,0,1,2,2,0,0,0,0,0,0,0,1,2,0,0,0,0,1,2,2,5,5,0,0,0,0,0,0,0,0,0,0,0,0,0,0,0,0,0,0,1,2,0,1,0,0,0,0,0,0,3,1,0,1,0,0,0,0,0,0,0,0,0,5,0,0.0,,,,,,,,,,,,,,,,,,,,,,,,,,,,,,,,,,0,1.0,0.0,9.9,12.0,9.946
362,High,RPath,1423,12.0,3.0,4.0,0.0,0.0,0.0,,Asphalt,71.6,1.0,3,72.258,0.0,0.0,0.1675977653631285,0.0,55,3,3.0,walkways,HMAC,1,2,2,1,0,0,1,0,0,0,0,0,1,2,0,0,0,0,0,0,0,0,0,0,0,5,0,2,0,0,0,0,0,0,1,2,2,0,0,0,0,0,0,0,1,2,0,0,0,0,1,2,2,5,5,0,0,1,0,0,0,0,0,0,0,0,0,0,0,0,0,0,0,1,2,0,1,0,0,0,0,0,0,3,1,0,1,0,0,0,0,0,0,0,0,0,5,0,0.0,,,,,,,,,,,,,,,,,,,,,,,,,,,,,,,,,,0,1.0,0.0,71.6,12.0,72.258
363,High,RPath,1451,12.0,3.0,4.0,0.0,0.0,0.0,,Asphalt,48.8,1.0,3,48.778,0.0,0.0,0.2459016393442623,0.0,56,3,3.0,walkways,HMAC,1,2,2,1,2,0,1,2,0,0,0,0,1,2,2,1,2,2,0,0,0,0,0,0,0,5,0,2,0,0,0,0,0,0,1,2,2,0,0,0,0,0,0,0,1,2,0,0,1,0,1,2,0,0,0,0,0,1,0,0,0,0,0,0,1,0,0,0,0,0,0,0,0,1,2,0,1,0,0,0,0,0,5,0,0,0,0,0,0,0,0,0,0,0,0,0,5,0,0.0,,,,,,,,,,,,,,,,,,,,,,,,,,,,,,,,,,0,1.0,0.0,48.8,12.0,48.778
364,High,RPath,1464,12.0,3.0,4.0,0.0,0.0,0.0,,Asphalt,36.7,1.0,3,36.729,0.0,0.0,0.326975476839237,0.0,58,3,3.0,walkways,HMAC,1,2,2,1,2,2,0,0,0,0,0,0,1,2,2,0,0,0,0,0,0,0,0,0,0,5,0,2,0,0,0,0,0,0,1,2,2,0,0,0,0,0,0,0,0,0,0,0,1,0,1,2,2,5,0,0,3,0,0,0,0,0,0,0,0,0,0,0,0,0,0,0,0,1,2,2,1,0,0,0,0,0,0,3,1,1,1,0,0,0,0,0,0,0,0,0,5,0,0.0,,,,,,,,,,,,,,,,,,,,,,,,,,,,,,,,,,0,1.0,0.0,36.7,12.0,36.729
365,High,RPath,1488,12.0,3.0,4.0,0.0,0.0,0.0,,Asphalt,29.7,1.0,3,29.65,0.0,0.0,0.404040404040404,0.0,54,3,3.0,walkways,HMAC,1,2,2,1,2,2,0,0,0,0,0,0,0,0,0,0,0,0,0,0,0,0,0,0,0,0,0,0,0,0,0,0,0,0,1,2,2,0,0,0,0,0,0,0,1,2,2,0,0,0,1,2,2,5,5,0,3,0,0,0,0,0,0,0,0,0,0,0,0,0,0,0,0,0,0,0,1,0,0,0,0,0,0,0,1,1,1,1,2,0,1,0,0,1,2,0,5,0,0.0,,,,,,,,,,,,,,,,,,,,,,,,,,,,,,,,,,0,1.0,0.0,29.7,12.0,29.65
366,High,RPath,1498,12.0,3.0,4.0,0.0,0.0,0.0,,Asphalt,54.5,1.0,3,68.429,0.0,0.0,0.2201834862385321,0.0,53,3,3.0,walkways,SS,1,2,2,1,2,2,0,0,0,0,0,0,1,2,0,1,2,0,0,0,0,0,0,0,0,5,0,2,0,0,0,0,0,0,1,2,2,0,0,0,0,0,0,0,0,0,0,0,0,0,1,2,2,0,0,0,0,1,0,0,0,0,0,0,1,2,0,0,0,0,0,0,0,1,2,0,0,0,0,0,0,0,5,3,0,0,0,0,0,0,0,0,0,0,0,0,5,0,0.0,,,,,,,,,,,,,,,,,,,,,,,,,,,,,,,,,,0,1.0,0.0,54.5,12.0,68.429
367,High,RPath,1503,12.0,3.0,4.0,0.0,0.0,0.0,,Asphalt,97.5,1.0,3,97.481,0.0,0.0,0.123076923076923,0.0,52,3,3.0,walkways,HMAC,1,2,2,1,0,0,1,0,0,0,0,0,1,2,0,1,0,0,0,0,0,0,0,0,0,0,0,2,0,0,0,0,0,0,1,2,2,0,0,0,1,2,2,0,0,0,0,0,1,1,1,2,2,0,0,0,0,1,0,0,0,0,0,0,0,0,0,0,0,0,0,0,0,1,2,2,1,2,0,0,0,0,5,3,0,0,0,0,0,0,0,0,0,0,0,0,5,0,0.0,,,,,,,,,,,,,,,,,,,,,,,,,,,,,,,,,,0,1.0,0.0,97.5,12.0,97.481
368,High,RPath,1505,12.0,3.0,4.0,0.0,0.0,0.0,,Asphalt,47.5,1.0,3,47.528,0.0,0.0,0.2526315789473684,0.0,51,3,3.0,walkways,HMAC,1,2,2,1,2,2,1,2,2,0,0,0,1,2,2,1,0,0,0,0,0,0,0,0,0,5,0,2,0,0,0,0,0,0,1,2,0,0,0,0,0,0,0,0,1,2,0,0,1,0,1,2,0,0,0,0,0,1,0,0,0,0,0,0,0,0,0,0,0,0,0,0,0,1,2,0,1,0,0,0,0,0,0,3,0,0,0,0,0,0,0,0,0,0,0,0,5,0,0.0,,,,,,,,,,,,,,,,,,,,,,,,,,,,,,,,,,0,1.0,0.0,47.5,12.0,47.528
369,High,RPath,1520,12.0,3.0,4.0,0.0,0.0,0.0,,Asphalt,48.6,1.0,3,48.476,0.0,0.0,0.2469135802469135,0.0,54,3,3.0,walkways,SS,1,2,0,1,0,0,0,0,0,0,0,0,1,2,2,1,2,0,0,0,0,0,0,0,0,5,0,2,0,0,0,0,0,0,1,2,0,0,0,0,0,0,0,0,0,0,0,0,1,1,1,2,2,5,0,4,0,0,0,0,0,0,0,0,0,0,0,0,0,0,0,0,0,1,2,0,1,2,0,0,0,0,0,0,1,1,0,0,0,0,0,0,0,1,2,0,5,0,0.0,,,,,,,,,,,,,,,,,,,,,,,,,,,,,,,,,,0,1.0,0.0,48.6,12.0,48.476
370,High,RPath,1546,12.0,3.0,4.0,0.0,0.0,0.0,,Asphalt,46.5,1.0,3,46.13,0.0,0.0,0.2580645161290322,0.0,49,3,3.0,walkways,HMAC,1,2,2,1,0,0,1,0,0,0,0,0,1,2,0,1,0,0,0,0,0,0,0,0,0,5,0,2,0,0,0,1,0,0,1,2,2,0,0,0,1,2,0,0,1,0,0,0,1,0,1,2,0,0,0,0,0,1,0,0,0,0,0,0,0,0,0,0,0,0,0,0,0,1,2,2,1,2,0,0,0,0,0,3,0,0,0,0,0,0,0,0,0,0,0,0,5,0,0.0,,,,,,,,,,,,,,,,,,,,,,,,,,,,,,,,,,0,1.0,0.0,46.5,12.0,46.13
371,High,RPath,1555,12.0,3.0,4.0,0.0,0.0,0.0,,Asphalt,42.2,1.0,3,42.23,0.0,0.0,0.2843601895734597,0.0,63,3,3.0,walkways,HMAC,1,2,2,1,2,2,1,2,2,0,0,0,1,2,2,1,2,2,0,0,0,0,0,0,0,5,0,2,0,0,0,1,0,0,1,2,2,0,0,0,0,0,0,0,1,2,0,0,1,1,1,2,2,0,0,0,0,1,0,0,0,0,0,0,0,0,0,0,0,0,0,0,0,1,2,0,1,2,0,0,0,0,0,3,0,0,0,0,0,0,0,0,0,0,0,0,5,0,0.0,,,,,,,,,,,,,,,,,,,,,,,,,,,,,,,,,,0,1.0,0.0,42.2,12.0,42.23
372,High,RPath,1556,12.0,3.0,4.0,0.0,0.0,0.0,,Asphalt,41.2,1.0,3,41.222,0.0,0.0,0.2912621359223301,0.0,65,4,3.0,walkways,SS,1,2,2,1,2,2,1,2,2,0,0,0,1,2,2,1,2,2,0,0,0,0,0,0,0,5,0,2,0,0,0,1,0,0,1,2,2,0,0,0,1,0,0,0,1,2,0,0,1,0,1,2,0,0,0,0,0,1,0,0,0,0,0,0,1,0,0,0,0,0,0,0,0,1,2,0,1,0,0,0,0,0,5,3,0,0,0,0,0,0,0,0,0,0,0,0,5,0,0.0,,,,,,,,,,,,,,,,,,,,,,,,,,,,,,,,,,0,1.0,0.0,41.2,12.0,41.222
373,High,RPath,1542,12.0,3.0,4.0,0.0,0.0,0.0,,Asphalt,55.8,1.0,3,38.799,0.0,0.0,0.2150537634408602,0.0,62,3,3.0,walkways,SS,1,2,2,1,2,2,1,2,2,0,0,0,1,0,0,1,0,0,0,0,0,0,0,0,0,5,0,2,0,0,0,0,0,0,1,2,2,0,0,0,0,0,0,0,1,2,0,0,0,0,1,2,2,0,0,0,0,1,0,0,0,0,0,0,1,2,0,0,0,0,0,0,0,1,2,2,1,0,0,0,0,0,5,3,1,0,1,0,0,0,0,0,0,0,0,0,5,0,0.0,,,,,,,,,,,,,,,,,,,,,,,,,,,,,,,,,,0,1.0,0.0,55.8,12.0,38.799
374,High,RPath,1602,12.0,3.0,4.0,0.0,0.0,0.0,,Asphalt,44.9,1.0,3,44.894,0.0,0.0,0.267260579064588,0.0,49,3,3.0,walkways,SS,1,2,2,1,2,0,1,2,0,1,0,0,1,2,0,0,0,0,0,0,0,0,0,0,5,5,0,2,0,0,0,0,0,0,1,2,2,0,0,0,0,0,0,0,0,0,0,0,0,0,1,2,0,0,0,4,0,0,0,0,0,0,0,0,0,0,0,0,0,0,0,0,0,0,0,0,1,0,0,0,0,0,0,3,0,1,0,0,0,0,0,0,0,0,0,0,5,0,0.0,,,,,,,,,,,,,,,,,,,,,,,,,,,,,,,,,,0,1.0,0.0,44.9,12.0,44.894
375,High,RPath,1606,12.0,3.0,4.0,0.0,0.0,0.0,,Asphalt,34.6,1.0,3,42.89,0.0,0.0,0.3468208092485549,0.0,50,3,3.0,walkways,SS,1,2,2,1,0,0,1,0,0,1,2,0,1,2,0,0,0,0,0,0,0,0,0,0,0,5,0,2,0,0,0,0,0,0,1,2,2,0,0,0,0,0,0,0,0,0,0,0,0,0,1,2,2,0,0,0,0,0,0,0,0,0,0,0,0,0,0,0,0,0,1,2,0,0,0,0,1,2,0,0,0,0,5,3,0,1,0,0,0,0,0,0,0,0,0,0,5,0,0.0,,,,,,,,,,,,,,,,,,,,,,,,,,,,,,,,,,0,1.0,0.0,34.6,12.0,42.89
376,High,RPath,1460,12.0,3.0,4.0,0.0,0.0,0.0,,Asphalt,113.4,1.0,3,29.567,0.0,0.0,0.1058201058201058,0.0,50,3,3.0,walkways,CON,1,2,2,1,2,2,1,2,2,0,0,0,1,0,0,0,0,0,0,0,0,0,0,0,0,5,0,2,0,0,0,0,0,0,1,2,0,0,0,0,0,0,0,0,0,0,0,0,1,0,1,2,0,0,0,0,0,1,0,0,0,0,0,0,1,0,0,0,0,0,1,0,0,1,2,0,1,0,0,0,0,0,5,3,0,0,0,0,0,0,0,0,0,0,0,0,5,0,0.0,,,,,,,,,,,,,,,,,,,,,,,,,,,,,,,,,,0,1.0,0.0,113.4,12.0,29.567
377,High,RPath,40,10.0,5.0,2.0,362.0,543.0,724.0,0.01841620626151013,Asphalt,197.7,3.0,5,197.583,0.154,0.77,0.0505816894284269,0.154,93,5,15.0,sidewalks,CON,1,2,2,1,0,0,0,0,0,1,2,2,1,2,2,1,2,0,0,0,0,0,0,0,5,5,0,0,1,2,2,0,0,0,1,2,2,0,0,0,0,0,0,0,1,2,0,0,1,0,1,2,2,5,5,0,3,1,0,0,0,1,2,2,1,2,0,0,0,0,1,0,0,1,2,2,1,2,2,0,0,0,0,0,1,1,1,1,0,0,0,0,0,1,2,0,5,0,0.334,,,,0.235,0.091,,,,,,,,,,,,0.008,,,,,,,,,,,,,,,,,1,3.0,0.154,197.7,20.0,197.583
378,High,RPath,90,10.0,5.0,2.0,232.0,347.0,463.0,0.02881844380403458,Asphalt,105.3,3.0,5,105.303,0.121,0.605,0.0949667616334283,0.121,86,5,15.0,sidewalks,HMAC,1,2,2,0,0,0,0,0,0,0,0,0,1,2,2,1,2,2,0,0,0,1,2,2,0,5,0,0,0,0,0,1,2,0,1,2,2,0,0,0,1,2,2,5,1,2,0,0,1,1,1,2,2,5,5,0,3,1,1,0,0,1,2,0,1,0,0,1,0,0,0,0,0,1,2,0,1,2,0,0,0,0,0,0,1,0,1,0,0,0,0,0,0,0,0,0,5,0,0.385,,,,0.342,0.028,,,,,,,,,,,,0.014,,,,,,,,,,,,,,,,,1,3.0,0.121,105.3,20.0,105.303
379,High,RPath,99,10.0,5.0,2.0,283.0,424.0,566.0,0.02358490566037736,Asphalt,86.8,3.0,5,86.411,0.142,0.71,0.1152073732718894,0.142,101,5,15.0,sidewalks,HMAC,1,2,0,1,2,0,0,0,0,0,0,0,1,2,2,1,2,2,1,0,0,0,0,0,5,5,0,2,0,0,0,1,2,2,1,2,2,0,0,0,0,0,0,5,1,2,0,0,1,1,1,2,2,5,5,0,0,1,0,0,0,0,0,0,1,2,2,0,0,0,1,2,2,1,2,2,1,2,2,0,0,0,5,3,0,0,0,1,2,0,0,0,0,0,0,0,5,0,0.449,,,,0.38,0.017,,,,,,0.017,,,,0.017,,,0.017,,,,,,,,,,,,,,,,1,3.0,0.142,86.8,20.0,86.411
380,High,RPath,131,10.0,5.0,2.0,775.0,1163.0,1550.0,0.008598452278589854,Asphalt,253.7,3.0,5,248.907,0.22,1.1,0.0394166338194718,0.22,89,5,15.0,sidewalks,HMAC,1,2,2,1,2,0,1,2,0,1,2,2,1,2,2,1,2,2,0,0,0,0,0,0,5,0,0,2,0,0,0,1,2,0,1,2,2,0,0,0,1,2,2,0,1,2,0,0,1,0,1,2,2,5,5,0,3,1,0,0,0,0,0,0,0,0,0,0,0,0,0,0,0,1,2,2,1,0,0,0,0,0,0,3,1,1,1,1,2,0,0,0,0,0,0,0,5,0,0.491,,,,0.355,0.106,,,,,,0.006,,,0.024,,,,,,,,,,,,,,,,,,,,0,3.0,0.22,253.7,10.0,248.907
381,High,RPath,140,10.0,5.0,2.0,573.0,859.0,1146.0,0.011641443538998836,Asphalt,211.4,3.0,5,209.402,0.135,0.675,0.0473036896877956,0.135,93,5,15.0,sidewalks,CON,1,2,0,0,0,0,0,0,0,1,2,2,1,2,2,1,2,0,0,0,0,0,0,0,5,5,0,0,1,2,2,0,0,0,1,2,2,0,0,0,0,0,0,0,1,2,2,0,1,0,1,2,2,5,5,0,3,1,0,0,0,1,2,2,1,0,0,0,0,0,1,0,0,1,2,2,1,2,2,1,0,0,0,0,1,1,1,1,2,0,0,0,0,1,2,0,5,0,0.369,,,,0.284,0.043,,,,,,,,,,,,0.043,,,,,,,,,,,,,,,,,0,3.0,0.135,211.4,10.0,209.402
382,High,RPath,193,10.0,5.0,2.0,714.0,1072.0,1429.0,0.009328358208955223,Asphalt,108.4,3.0,5,108.257,0.201,1.005,0.092250922509225,0.201,93,5,15.0,sidewalks,CON,1,2,2,1,0,0,0,0,0,1,2,2,1,2,2,1,0,0,0,0,0,0,0,0,5,0,0,2,1,2,2,0,0,0,1,2,2,0,0,0,0,0,0,5,1,2,2,0,0,0,1,2,2,5,5,0,3,1,0,0,0,1,2,0,1,2,0,0,0,0,0,0,0,1,2,2,1,2,2,0,0,0,5,0,1,1,1,0,0,0,0,0,0,1,0,0,5,0,0.332,0.014,,,,0.138,,,,,,,,0.166,,,,0.014,,,,,,,,,,,,,,,,,1,3.0,0.201,108.4,20.0,108.257
383,High,RPath,222,10.0,5.0,2.0,231.0,347.0,463.0,0.02881844380403458,Asphalt,110.2,3.0,5,111.253,0.14,0.7000000000000001,0.0907441016333938,0.14,88,5,15.0,sidewalks,CON,1,2,0,1,0,0,0,0,0,1,2,0,1,0,0,1,2,0,0,0,0,0,0,0,5,0,0,0,1,2,2,0,0,0,1,0,0,0,0,0,0,0,0,5,1,2,2,0,1,1,1,2,2,0,5,0,3,1,1,2,0,0,0,0,1,2,2,0,0,0,1,2,0,1,2,0,1,2,0,0,0,0,5,3,1,1,1,1,2,0,1,0,0,1,2,0,5,0,0.313,,,,0.231,0.054,,,,,,,,,,,,,0.027,,,,,,,,,,,,,,,,1,3.0,0.14,110.2,20.0,111.253
384,High,RPath,286,10.0,5.0,2.0,904.0,1356.0,1808.0,0.007374631268436578,Asphalt,330.0,3.0,5,330.272,0.183,0.915,0.0303030303030303,0.183,88,5,15.0,sidewalks,CON,1,2,2,1,2,0,0,0,0,0,0,0,1,2,0,1,2,2,0,0,0,0,0,0,5,5,0,2,1,2,0,0,0,0,1,2,2,0,0,0,0,0,0,0,1,2,2,0,0,0,1,2,2,5,5,0,3,1,0,0,0,0,0,0,0,0,0,0,0,0,1,0,0,1,2,0,1,2,2,0,0,0,5,0,1,0,1,1,2,0,1,0,0,1,2,0,5,0,0.377,,,0.009,0.259,0.109,,,,,,,,,,,,,,,,,,,,,,,,,,,,,1,3.0,0.183,330.0,20.0,330.272
385,High,RPath,405,10.0,5.0,2.0,365.0,548.0,731.0,0.01824817518248175,Asphalt,77.8,3.0,5,80.098,0.183,0.915,0.1285347043701799,0.183,101,5,15.0,sidewalks,HMAC,1,2,2,1,2,0,1,0,0,1,2,2,1,2,0,0,0,0,0,0,0,1,2,0,5,5,0,2,1,2,0,0,0,0,1,2,2,0,0,0,1,2,2,5,1,2,0,0,1,0,1,2,2,5,5,0,3,1,1,2,0,0,0,0,1,0,0,0,0,0,0,0,0,1,2,0,1,2,0,0,0,0,5,3,1,0,1,1,2,0,0,0,0,0,0,0,5,0,0.27,0.019,,,0.116,0.058,0.077,,,,,,,,,,,,,,,,,,,,,,,,,,,,1,3.0,0.183,77.8,20.0,80.098
386,High,RPath,531,10.0,5.0,2.0,374.0,561.0,748.0,0.017825311942959002,Asphalt,120.5,3.0,5,109.362,0.162,0.81,0.0829875518672199,0.162,92,5,15.0,sidewalks,CON,1,2,2,1,2,0,1,2,0,1,2,2,1,2,2,1,2,2,0,0,0,0,0,0,5,0,0,0,0,0,0,1,2,2,1,2,2,0,0,0,1,2,2,0,1,2,2,0,1,1,1,2,2,5,5,0,3,1,0,0,0,0,0,0,0,0,0,0,0,0,0,0,0,1,2,0,1,0,0,0,0,0,5,0,1,1,1,1,2,0,0,0,0,0,0,0,5,0,0.274,,,,0.124,0.062,,,,,,,,,0.05,,,0.037,,,,,,,,,,,,,,,,,1,3.0,0.162,120.5,20.0,109.362
387,High,RPath,547,10.0,5.0,2.0,254.0,381.0,509.0,0.026246719160104987,Asphalt,73.5,3.0,5,73.518,0.158,0.79,0.1360544217687075,0.158,86,5,15.0,sidewalks,CON,1,2,0,0,0,0,0,0,0,1,2,0,1,0,0,1,2,2,0,0,0,0,0,0,5,5,0,0,1,2,2,0,0,0,1,0,0,0,0,0,0,0,0,0,1,2,2,0,1,1,1,2,2,0,0,0,3,1,1,0,0,1,0,0,1,2,0,0,0,0,1,2,2,1,2,2,1,2,2,1,2,0,0,0,1,1,1,1,2,2,1,2,0,1,2,0,5,0,0.612,,,,0.592,,,,,,,,,,,0.02,,,,,,,,,,,,,,,,,,,0,3.0,0.158,73.5,10.0,73.518
388,High,RPath,634,10.0,5.0,2.0,906.0,1358.0,1811.0,0.007363770250368188,Asphalt,335.4,3.0,5,333.807,0.208,1.04,0.0298151460942158,0.208,97,5,15.0,sidewalks,HMAC,1,2,2,1,2,0,0,0,0,0,0,0,1,2,2,1,2,2,0,0,0,0,0,0,5,5,0,2,0,0,0,1,2,2,1,2,2,0,0,0,0,0,0,0,1,2,2,0,0,0,1,2,2,5,5,4,0,1,0,0,0,1,2,0,1,2,2,1,2,0,1,0,0,1,2,0,1,0,0,0,0,0,5,0,1,1,1,0,0,0,0,0,0,1,2,0,5,0,0.241,,,,0.004,0.161,,,,,,,0.018,0.04,,,0.013,,0.004,,,,,,,,,,,,,,,,0,3.0,0.208,335.4,10.0,333.807
389,High,RPath,677,10.0,5.0,2.0,128.0,192.0,256.0,0.052083333333333336,Asphalt,76.3,3.0,5,80.787,0.157,0.785,0.1310615989515072,0.157,93,5,15.0,sidewalks,HMAC,1,2,0,1,2,0,1,2,0,1,2,0,1,2,2,0,0,0,0,0,0,1,0,0,5,5,0,2,1,2,0,0,0,0,1,2,0,0,0,0,1,2,0,5,1,2,2,0,1,0,1,2,0,5,5,0,0,1,1,0,0,0,0,0,1,2,0,0,0,0,0,0,0,1,2,2,1,2,0,0,0,0,5,3,1,0,0,1,2,0,0,0,0,0,0,0,5,0,0.256,,,,0.118,0.118,,,,,,,,,,,,0.02,,,,,,,,,,,,,,,,,0,3.0,0.157,76.3,10.0,80.787
390,High,RPath,679,10.0,5.0,2.0,268.0,402.0,537.0,0.024875621890547265,Asphalt,78.1,3.0,5,79.603,0.125,0.625,0.1280409731113956,0.125,92,5,15.0,sidewalks,HMAC,1,2,0,1,2,0,1,2,0,1,2,0,1,2,2,0,0,0,0,0,0,1,0,0,0,5,0,2,1,2,0,0,0,0,1,2,0,0,0,0,1,2,0,5,1,2,2,0,1,0,1,2,2,5,5,0,3,1,1,0,0,0,0,0,1,0,0,0,0,0,0,0,0,1,2,2,1,2,0,0,0,0,5,3,1,0,1,1,2,0,0,0,0,0,0,0,5,0,0.326,,,0.019,0.269,0.038,,,,,,,,,,,,,,,,,,,,,,,,,,,,,0,3.0,0.125,78.1,10.0,79.603
391,High,RPath,680,10.0,5.0,2.0,679.0,1019.0,1358.0,0.009813542688910697,Asphalt,77.0,3.0,5,78.724,0.2,1.0,0.1298701298701298,0.2,94,5,15.0,sidewalks,HMAC,1,2,2,1,2,0,1,0,0,1,2,2,1,2,2,0,0,0,0,0,0,1,0,0,5,0,0,2,1,2,0,0,0,0,1,2,0,0,0,0,1,2,0,5,1,2,2,0,1,0,1,2,2,5,5,0,3,1,1,0,0,0,0,0,1,0,0,0,0,0,0,0,0,1,2,2,1,2,0,0,0,0,5,3,1,0,1,1,2,0,0,0,0,0,0,0,5,0,0.507,0.058,,,0.409,,0.039,,,,,,,,,,,,,,,,,,,,,,,,,,,,0,3.0,0.2,77.0,10.0,78.724
392,High,RPath,725,10.0,5.0,2.0,152.0,227.0,303.0,0.04405286343612335,Asphalt,110.6,3.0,5,110.631,0.108,0.54,0.0904159132007233,0.108,87,5,15.0,sidewalks,CON,1,2,0,0,0,0,0,0,0,1,2,2,1,2,2,1,2,0,0,0,0,0,0,0,5,0,0,0,1,2,2,0,0,0,1,2,2,0,0,0,0,0,0,0,1,2,0,0,1,0,1,2,2,5,5,0,3,1,0,0,0,1,2,2,1,2,0,0,0,0,1,0,0,1,2,2,1,2,2,0,0,0,0,0,1,1,1,1,2,0,0,0,0,1,2,0,5,0,0.217,,,,0.136,0.068,,,,,,,,,,,,0.014,,,,,,,,,,,,,,,,,0,3.0,0.108,110.6,10.0,110.631
393,High,RPath,729,10.0,5.0,2.0,1268.0,1902.0,2536.0,0.005257623554153523,Asphalt,137.3,3.0,5,165.724,0.153,0.765,0.0728332119446467,0.153,91,5,15.0,sidewalks,CON,1,0,0,0,0,0,0,0,0,1,2,2,1,2,2,1,2,0,0,0,0,0,0,0,5,5,0,0,1,2,2,0,0,0,1,2,2,0,0,0,0,0,0,0,1,2,2,0,1,0,1,2,2,5,5,0,3,1,0,0,0,1,2,2,1,0,0,0,0,0,1,0,0,1,2,2,1,2,2,1,0,0,0,0,1,1,1,1,2,0,0,0,0,1,2,0,5,0,0.328,0.055,,0.011,0.197,,,,,,,,,,,,,0.055,0.011,,,,,,,,,,,,,,,,0,3.0,0.153,137.3,10.0,165.724
394,High,RPath,754,10.0,5.0,2.0,105.0,158.0,211.0,0.06329113924050633,Asphalt,75.8,3.0,5,74.803,0.198,0.99,0.1319261213720316,0.198,94,5,15.0,sidewalks,HMAC,1,2,2,1,2,0,0,0,0,0,0,0,1,2,0,0,0,0,0,0,0,0,0,0,5,0,0,2,1,0,0,1,2,2,1,2,2,0,0,0,1,2,0,5,1,2,2,0,1,0,1,2,2,5,5,0,3,1,0,0,0,1,0,0,1,2,2,1,0,0,1,2,0,1,2,0,1,0,0,0,0,0,5,0,1,1,1,1,2,2,0,0,0,0,0,0,5,0,0.198,,,,,0.178,,,,,,,,,,,,,0.02,,,,,,,,,,,,,,,,1,3.0,0.198,75.8,20.0,74.803
395,High,RPath,755,10.0,5.0,2.0,158.0,236.0,315.0,0.0423728813559322,Asphalt,189.8,3.0,5,189.792,0.166,0.8300000000000001,0.0526870389884088,0.166,92,5,15.0,sidewalks,CON,1,2,2,1,2,0,0,0,0,1,0,0,1,2,0,0,0,0,0,0,0,0,0,0,5,0,0,0,1,2,2,1,2,2,1,2,2,0,0,0,1,2,2,0,1,2,2,0,1,1,1,2,2,5,5,0,3,0,1,0,0,0,0,0,1,2,0,1,0,0,1,2,0,1,2,0,1,0,0,0,0,0,5,0,1,1,1,1,2,2,0,0,0,0,0,0,5,0,0.166,,,,,0.166,,,,,,,,,,,,,,,,,,,,,,,,,,,,,4,3.0,0.166,189.8,40.0,189.792
396,High,RPath,954,10.0,5.0,2.0,271.0,407.0,543.0,0.02457002457002457,Asphalt,90.9,3.0,5,91.48,0.21,1.05,0.11001100110011,0.21,88,5,15.0,sidewalks,CON,1,2,2,0,0,0,0,0,0,1,2,2,0,0,0,1,2,0,0,0,0,0,0,0,5,0,0,0,1,2,2,0,0,0,0,0,0,0,0,0,0,0,0,0,1,2,2,0,1,1,1,2,2,0,5,0,3,1,1,2,0,0,0,0,1,2,2,0,0,0,1,2,2,1,2,0,1,2,2,1,0,0,5,0,1,1,1,1,2,0,1,2,0,1,2,0,5,0,0.528,,,,0.413,0.099,,,,,,,,,,,,0.017,,,,,,,,,,,,,,,,,0,3.0,0.21,90.9,10.0,91.48
397,High,RPath,956,10.0,5.0,2.0,359.0,539.0,718.0,0.01855287569573284,Asphalt,92.1,3.0,5,92.089,0.134,0.67,0.1085776330076004,0.134,86,5,15.0,sidewalks,CON,1,2,0,0,0,0,0,0,0,1,2,0,1,0,0,1,2,2,0,0,0,0,0,0,5,0,0,0,1,2,2,0,0,0,1,0,0,0,0,0,0,0,0,0,1,2,2,0,1,1,1,2,2,0,5,0,0,1,1,2,0,1,0,0,1,2,2,0,0,0,1,2,2,1,2,0,1,2,2,1,0,0,5,0,1,1,1,1,2,0,1,2,0,1,2,0,5,0,0.456,,,,0.375,,,,,,,,,,,,,0.081,,,,,,,,,,,,,,,,,0,3.0,0.134,92.1,10.0,92.089
398,High,RPath,1234,10.0,5.0,2.0,706.0,1058.0,1411.0,0.00945179584120983,Asphalt,276.7,3.0,5,276.854,0.127,0.635,0.0361402240693892,0.127,87,5,15.0,sidewalks,CON,1,2,0,1,2,0,0,0,0,0,0,0,1,2,2,0,0,0,0,0,0,0,0,0,0,5,0,2,1,0,0,1,2,0,1,2,2,0,0,0,1,0,0,5,1,0,0,0,0,0,1,2,0,5,0,0,3,1,0,0,0,0,0,0,1,2,2,1,2,0,1,2,2,1,2,2,1,2,2,0,0,0,5,3,1,0,1,1,2,0,0,0,0,0,0,0,5,0,0.51,,,,0.51,,,,,,,,,,,,,,,,,,,,,,,,,,,,,,0,3.0,0.127,276.7,10.0,276.854
399,High,RPath,6,9.0,3.0,3.0,242.0,363.0,484.0,0.024793388429752067,Asphalt,350.5,2.0,3,355.725,0.029,0.087,0.0256776034236804,0.029,57,3,6.0,sidewalks,CON,1,2,0,0,0,0,0,0,0,1,2,0,1,2,0,1,0,0,0,0,0,0,0,0,0,0,3,0,1,2,2,0,0,0,1,2,0,0,0,0,0,0,0,0,1,2,2,0,0,0,1,2,2,0,5,0,0,0,0,0,0,1,2,0,1,0,0,0,0,0,0,0,0,1,2,0,1,2,0,1,0,0,0,0,1,1,1,1,0,0,0,0,0,1,0,0,5,0,0.107,,,,0.098,,,,,,,,,,,0.004,,0.004,,,,,,,,,,,,,,,,,0,2.0,0.029,350.5,9.0,355.725
400,High,RPath,12,9.0,3.0,3.0,152.0,227.0,303.0,0.039647577092511016,Asphalt,117.1,2.0,3,112.935,0.086,0.258,0.0768573868488471,0.086,50,3,6.0,sidewalks,CON,1,2,2,1,0,0,1,0,0,0,0,0,0,0,0,0,0,0,0,0,0,0,0,0,0,0,0,2,0,0,0,0,0,0,1,2,2,0,0,0,0,0,0,0,0,0,0,0,1,1,1,2,0,5,5,0,0,1,0,0,0,0,0,0,1,0,0,0,0,0,1,2,0,1,0,0,1,2,2,0,0,0,0,3,1,0,1,0,0,0,0,0,0,0,0,0,5,0,0.102,,,,0.013,0.051,,,,,,,,,,0.013,0.026,,,,,,,,,,,,,,,,,,0,2.0,0.086,117.1,9.0,112.935
401,High,RPath,13,9.0,3.0,3.0,60.0,90.0,120.0,0.1,Asphalt,127.3,2.0,3,122.86,0.094,0.282,0.0706991358994501,0.094,54,3,6.0,sidewalks,CON,1,2,2,0,0,0,0,0,0,0,0,0,0,0,0,1,0,0,0,0,0,0,0,0,0,0,0,2,0,0,0,0,0,0,1,2,2,0,0,0,0,0,0,0,0,0,0,0,1,1,1,2,2,5,5,0,3,1,0,0,0,0,0,0,1,0,0,0,0,0,1,2,0,1,0,0,1,2,2,0,0,0,0,3,1,0,1,0,0,0,0,0,0,0,0,0,5,0,0.094,,,,,0.094,,,,,,,,,,,,,,,,,,,,,,,,,,,,,1,2.0,0.094,127.3,19.0,122.86
402,High,RPath,25,9.0,3.0,3.0,119.0,179.0,238.0,0.05027932960893855,Asphalt,243.2,2.0,3,245.381,0.065,0.195,0.0370065789473684,0.065,63,3,6.0,sidewalks,CON,1,2,0,1,2,0,1,2,0,0,0,0,1,2,0,0,0,0,0,0,0,0,0,0,5,0,0,2,0,0,0,1,2,2,1,0,0,0,0,0,1,2,2,0,1,2,0,0,0,0,1,2,2,0,0,4,3,1,0,0,0,0,0,0,0,0,0,0,0,0,0,0,0,0,0,0,0,0,0,0,0,0,5,3,1,1,1,1,0,0,0,0,0,0,0,0,5,0,0.074,,,,0.012,0.056,,,,,,,,,,,0.006,,,,,,,,,,,,,,,,,,1,2.0,0.065,243.2,19.0,245.381
403,High,RPath,35,9.0,3.0,3.0,8.0,11.0,15.0,0.8181818181818182,Asphalt,17.5,2.0,3,15.79,0.086,0.258,0.5142857142857142,0.086,49,3,6.0,sidewalks,HMAC,1,2,0,1,2,0,1,2,0,0,0,0,1,2,0,1,0,0,0,0,0,1,2,0,0,0,0,2,0,0,0,1,0,0,1,2,0,0,0,0,0,0,0,0,1,0,0,0,0,0,1,2,0,0,0,0,0,1,0,0,0,0,0,0,0,0,0,0,0,0,0,0,0,1,2,0,1,2,0,0,0,0,5,3,1,1,1,0,0,0,0,0,0,0,0,0,5,0,0.086,,,,,0.086,,,,,,,,,,,,,,,,,,,,,,,,,,,,,0,2.0,0.086,17.5,9.0,15.79
404,High,RPath,61,9.0,3.0,3.0,90.0,135.0,180.0,0.06666666666666667,Asphalt,88.1,2.0,3,85.077,0.089,0.267,0.1021566401816118,0.089,50,3,6.0,sidewalks,HMAC,1,2,2,1,0,0,1,0,0,1,0,0,1,0,0,0,0,0,0,0,0,0,0,0,0,0,3,0,0,0,0,0,0,0,1,2,2,0,0,0,0,0,0,0,1,0,0,0,0,0,1,2,2,0,5,0,0,1,0,0,0,0,0,0,0,0,0,0,0,0,0,0,0,1,2,0,1,2,2,0,0,0,5,0,1,1,1,0,0,0,0,0,0,0,0,0,5,0,0.204,,,,0.153,0.051,,,,,,,,,,,,,,,,,,,,,,,,,,,,,0,2.0,0.089,88.1,9.0,85.077
405,High,RPath,67,9.0,3.0,3.0,45.0,67.0,90.0,0.13432835820895522,Asphalt,160.6,2.0,3,160.568,0.014,0.042,0.0560398505603985,0.014,51,3,6.0,sidewalks,HMAC,1,2,2,1,2,0,0,0,0,0,0,0,1,2,2,0,0,0,0,0,0,1,2,0,0,0,0,2,0,0,0,1,0,0,1,2,0,0,0,0,0,0,0,0,1,0,0,0,1,0,1,2,0,0,0,0,0,1,0,0,0,0,0,0,0,0,0,0,0,0,1,2,0,1,2,2,1,0,0,0,0,0,5,3,0,0,0,0,0,0,0,0,0,1,0,0,5,0,0.056,,,,0.056,,,,,,,,,,,,,,,,,,,,,,,,,,,,,,0,2.0,0.014,160.6,9.0,160.568
406,High,RPath,68,9.0,3.0,3.0,38.0,57.0,75.0,0.15789473684210525,Asphalt,80.2,2.0,3,80.084,0.037,0.1109999999999999,0.112219451371571,0.037,57,3,6.0,sidewalks,HMAC,1,2,0,1,2,0,1,2,0,0,0,0,1,2,0,1,2,2,0,0,0,1,0,0,0,0,0,2,0,0,0,0,0,0,1,2,2,0,0,0,0,0,0,0,1,0,0,0,0,0,1,0,0,5,5,0,0,1,0,0,0,0,0,0,0,0,0,0,0,0,1,0,0,1,2,2,1,2,0,0,0,0,0,3,1,0,1,0,0,0,0,0,0,0,0,0,5,0,0.094,,,,0.075,0.019,,,,,,,,,,,,,,,,,,,,,,,,,,,,,0,2.0,0.037,80.2,9.0,80.084
407,High,RPath,69,9.0,3.0,3.0,45.0,68.0,90.0,0.1323529411764706,Asphalt,72.1,2.0,3,71.756,0.031,0.093,0.1248266296809986,0.031,56,3,6.0,sidewalks,HMAC,1,2,0,1,2,0,1,2,0,0,0,0,1,2,0,1,2,2,0,0,0,0,0,0,0,0,0,2,0,0,0,0,0,0,1,2,2,0,0,0,0,0,0,0,1,0,0,0,0,0,1,0,0,5,5,0,0,1,0,0,0,0,0,0,0,0,0,0,0,0,1,0,0,1,2,2,1,2,0,0,0,0,0,3,1,0,1,0,0,0,0,0,0,0,0,0,5,0,0.125,,,,0.125,,,,,,,,,,,,,,,,,,,,,,,,,,,,,,0,2.0,0.031,72.1,9.0,71.756
408,High,RPath,70,9.0,3.0,3.0,38.0,56.0,75.0,0.16071428571428573,Asphalt,75.0,2.0,3,74.987,0.025,0.075,0.12,0.025,52,3,6.0,sidewalks,HMAC,1,2,0,1,2,0,1,2,0,0,0,0,1,2,0,1,0,0,0,0,0,0,0,0,0,0,0,2,0,0,0,0,0,0,1,2,2,0,0,0,0,0,0,0,1,2,0,0,1,0,1,2,0,5,5,0,0,1,0,0,0,0,0,0,0,0,0,0,0,0,0,0,0,1,2,0,1,0,0,0,0,0,0,3,0,0,1,0,0,0,0,0,0,1,0,0,5,0,0.1,,,,0.1,,,,,,,,,,,,,,,,,,,,,,,,,,,,,,0,2.0,0.025,75.0,9.0,74.987
409,High,RPath,71,9.0,3.0,3.0,60.0,90.0,120.0,0.1,Asphalt,77.8,2.0,3,77.585,0.039,0.1169999999999999,0.1156812339331619,0.039,55,3,6.0,sidewalks,HMAC,1,2,0,1,2,0,1,2,0,0,0,0,1,2,0,1,2,0,0,0,0,0,0,0,0,0,0,2,0,0,0,0,0,0,1,2,2,0,0,0,0,0,0,0,1,2,0,0,1,0,1,2,0,5,5,0,0,1,0,0,0,0,0,0,0,0,0,0,0,0,0,0,0,1,2,0,1,0,0,0,0,0,0,3,1,0,1,0,0,0,0,0,0,1,0,0,5,0,0.154,,,,0.154,,,,,,,,,,,,,,,,,,,,,,,,,,,,,,0,2.0,0.039,77.8,9.0,77.585
410,High,RPath,72,9.0,3.0,3.0,37.0,56.0,75.0,0.16071428571428573,Asphalt,72.0,2.0,3,71.953,0.042,0.126,0.125,0.042,56,3,6.0,sidewalks,HMAC,1,2,0,1,2,0,1,2,0,0,0,0,1,2,0,1,2,0,0,0,0,0,0,0,0,0,0,2,0,0,0,0,0,0,1,2,2,0,0,0,0,0,0,0,1,2,0,0,0,0,1,2,0,5,5,0,0,1,0,0,0,0,0,0,0,0,0,0,0,0,0,0,0,1,2,0,1,2,0,0,0,0,0,3,1,0,1,0,0,0,0,0,0,1,0,0,5,0,0.104,,,,0.083,0.021,,,,,,,,,,,,,,,,,,,,,,,,,,,,,0,2.0,0.042,72.0,9.0,71.953
411,High,RPath,74,9.0,3.0,3.0,30.0,45.0,60.0,0.2,Asphalt,73.6,2.0,3,76.83,0.02,0.06,0.1222826086956521,0.02,50,3,6.0,sidewalks,HMAC,1,2,0,1,0,0,1,0,0,0,0,0,1,0,0,1,0,0,0,0,0,0,0,0,0,0,0,2,0,0,0,0,0,0,1,2,2,0,0,0,0,0,0,0,0,0,0,0,1,1,1,2,2,5,0,4,0,1,0,0,0,0,0,0,0,0,0,0,0,0,0,0,0,1,2,0,1,2,0,0,0,0,5,3,0,0,0,0,0,0,0,0,0,0,0,0,5,0,0.081,,,,0.081,,,,,,,,,,,,,,,,,,,,,,,,,,,,,,0,2.0,0.02,73.6,9.0,76.83
412,High,RPath,76,9.0,3.0,3.0,30.0,45.0,60.0,0.2,Asphalt,73.7,2.0,3,76.789,0.02,0.06,0.1221166892808683,0.02,54,3,6.0,sidewalks,HMAC,1,2,2,1,2,0,1,0,0,0,0,0,0,0,0,1,2,0,0,0,0,0,0,0,0,0,0,2,0,0,0,0,0,0,1,2,2,0,0,0,0,0,0,0,1,0,0,0,1,1,1,2,2,5,0,4,0,1,0,0,0,0,0,0,0,0,0,0,0,0,0,0,0,1,0,0,1,2,0,0,0,0,5,3,0,0,0,0,0,0,0,0,0,0,0,0,5,0,0.081,,,,0.081,,,,,,,,,,,,,,,,,,,,,,,,,,,,,,0,2.0,0.02,73.7,9.0,76.789
413,High,RPath,77,9.0,3.0,3.0,30.0,45.0,60.0,0.2,Asphalt,85.2,2.0,3,85.378,0.031,0.093,0.1056338028169014,0.031,57,3,6.0,sidewalks,HMAC,1,2,2,1,2,2,1,0,0,0,0,0,0,0,0,1,0,0,0,0,0,0,0,0,0,0,0,2,0,0,0,0,0,0,1,2,2,0,0,0,0,0,0,0,1,0,0,0,1,1,1,2,2,5,0,0,0,1,0,0,0,0,0,0,0,0,0,0,0,0,0,0,0,0,0,0,1,2,2,0,0,0,5,3,1,1,1,0,0,0,1,2,0,0,0,0,5,0,0.07,,,,0.053,0.018,,,,,,,,,,,,,,,,,,,,,,,,,,,,,0,2.0,0.031,85.2,9.0,85.378
414,High,RPath,79,9.0,3.0,3.0,120.0,180.0,240.0,0.05,Asphalt,74.5,2.0,3,76.841,0.08,0.24,0.1208053691275167,0.08,51,3,6.0,sidewalks,HMAC,1,2,2,1,2,0,1,0,0,0,0,0,0,0,0,1,2,2,0,0,0,0,0,0,0,0,0,2,0,0,0,0,0,0,1,2,2,0,0,0,0,0,0,0,1,0,0,0,1,1,1,2,2,5,0,4,0,1,0,0,0,0,0,0,0,0,0,0,0,0,0,0,0,1,0,0,1,2,0,0,0,0,0,3,0,0,0,0,0,0,0,0,0,0,0,0,5,0,0.322,,,,0.322,,,,,,,,,,,,,,,,,,,,,,,,,,,,,,0,2.0,0.08,74.5,9.0,76.841
415,High,RPath,80,9.0,3.0,3.0,37.0,56.0,75.0,0.16071428571428573,Asphalt,72.6,2.0,3,77.917,0.026,0.078,0.1239669421487603,0.026,51,3,6.0,sidewalks,HMAC,1,2,0,1,0,0,1,0,0,0,0,0,1,0,0,1,2,0,0,0,0,0,0,0,0,0,0,2,0,0,0,0,0,0,1,2,2,0,0,0,0,0,0,0,1,0,0,0,1,1,1,2,2,5,0,4,0,1,0,0,0,0,0,0,0,0,0,0,0,0,0,0,0,1,0,0,1,2,0,0,0,0,5,3,0,0,0,0,0,0,0,0,0,0,0,0,5,0,0.103,,,,0.103,,,,,,,,,,,,,,,,,,,,,,,,,,,,,,0,2.0,0.026,72.6,9.0,77.917
416,High,RPath,91,9.0,3.0,3.0,67.0,101.0,135.0,0.0891089108910891,Asphalt,99.0,2.0,3,101.059,0.034,0.102,0.0909090909090909,0.034,56,3,6.0,sidewalks,CON,1,0,0,0,0,0,0,0,0,0,0,0,1,2,2,1,0,0,0,0,0,1,2,2,0,5,0,2,0,0,0,0,0,0,1,2,0,0,0,0,0,0,0,5,1,0,0,0,1,0,1,2,0,0,0,0,0,1,0,0,0,0,0,0,0,0,0,1,0,0,1,0,0,1,2,0,1,2,0,0,0,0,5,3,1,0,1,0,0,0,0,0,0,0,0,0,5,0,0.136,,,,0.136,,,,,,,,,,,,,,,,,,,,,,,,,,,,,,0,2.0,0.034,99.0,9.0,101.059
417,High,RPath,93,9.0,3.0,3.0,188.0,282.0,376.0,0.031914893617021274,Asphalt,77.6,2.0,3,76.181,0.048,0.144,0.1159793814432989,0.048,64,4,6.0,sidewalks,PB,1,0,0,1,0,0,1,0,0,0,0,0,1,2,0,1,2,0,0,0,0,0,0,0,5,0,0,0,0,0,0,1,2,0,1,2,2,0,0,0,0,0,0,0,1,2,2,0,0,0,1,0,0,0,5,4,0,1,0,0,0,1,2,0,1,2,0,1,0,0,1,0,0,1,2,0,1,0,0,0,0,0,5,3,1,0,0,0,0,0,0,0,0,0,0,0,5,0,0.097,,,,,,,,,,,,,,,0.039,,0.058,,,,,,,,,,,,,,,,,2,2.0,0.048,77.6,29.0,76.181
418,High,RPath,94,9.0,3.0,3.0,150.0,226.0,301.0,0.03982300884955752,Asphalt,76.2,2.0,3,76.596,0.034,0.102,0.1181102362204724,0.034,65,4,6.0,sidewalks,PB,1,0,0,1,0,0,0,0,0,0,0,0,1,2,0,1,2,0,0,0,0,0,0,0,5,0,0,0,0,0,0,1,2,0,1,2,2,0,0,0,0,0,0,0,1,2,2,0,0,0,1,0,0,0,5,4,0,1,0,0,0,1,2,0,1,2,0,1,0,0,1,2,0,1,2,0,1,0,0,0,0,0,5,3,1,0,0,0,0,0,0,0,0,0,0,0,5,0,0.079,,,,,,,,,,,0.02,,,,0.059,,,,,,,,,,,,,,,,,,,2,2.0,0.034,76.2,29.0,76.596
419,High,RPath,104,9.0,3.0,3.0,23.0,34.0,45.0,0.2647058823529412,Asphalt,98.3,2.0,3,98.277,0.046,0.138,0.091556459816887,0.046,56,3,6.0,sidewalks,CON,1,2,0,0,0,0,0,0,0,0,0,0,1,2,2,1,2,0,1,2,2,0,0,0,5,0,0,2,0,0,0,1,2,2,1,0,0,0,0,0,0,0,0,0,1,0,0,0,0,0,1,0,0,0,5,0,3,1,0,0,0,0,0,0,1,2,2,0,0,0,0,0,0,1,0,0,1,0,0,0,0,0,0,3,1,0,0,0,0,0,0,0,0,0,0,0,5,0,0.046,,,,,0.046,,,,,,,,,,,,,,,,,,,,,,,,,,,,,0,2.0,0.046,98.3,9.0,98.277
420,High,RPath,128,9.0,3.0,3.0,1011.0,1517.0,2023.0,0.005932762030323006,Asphalt,203.9,2.0,3,203.871,0.057,0.171,0.0441392839627268,0.057,60,3,6.0,sidewalks,CON,1,2,0,1,2,0,1,2,0,1,2,0,1,2,2,0,0,0,0,0,0,0,0,0,0,5,0,2,0,0,0,1,2,0,1,2,0,0,0,0,0,0,0,0,1,0,0,0,0,0,1,2,0,0,0,4,3,0,0,0,0,0,0,0,0,0,0,0,0,0,1,0,0,1,2,0,1,2,0,0,0,0,0,0,1,1,1,0,0,0,1,0,0,0,0,0,5,3,0.228,,,,0.037,,,,,,,,,0.191,,,,,,,,,,,,,,,,,,,,,0,2.0,0.057,203.9,9.0,203.871
421,High,RPath,156,9.0,3.0,3.0,45.0,68.0,90.0,0.1323529411764706,Asphalt,81.1,2.0,3,78.833,0.028,0.084,0.1109741060419235,0.028,64,4,6.0,sidewalks,HMAC,1,2,0,1,0,0,0,0,0,0,0,0,1,2,2,1,2,2,0,0,0,0,0,0,0,0,0,2,0,0,0,0,0,0,1,2,2,0,0,0,0,0,0,0,1,2,0,0,1,0,1,2,2,5,5,0,0,1,0,0,0,0,0,0,0,0,0,0,0,0,0,0,0,1,0,0,1,2,0,0,0,0,5,3,1,1,0,1,0,0,0,0,0,1,2,0,5,0,0.111,,,,0.111,,,,,,,,,,,,,,,,,,,,,,,,,,,,,,0,2.0,0.028,81.1,9.0,78.833
422,High,RPath,158,9.0,3.0,3.0,141.0,212.0,283.0,0.04245283018867924,Asphalt,73.3,2.0,3,77.358,0.092,0.276,0.1227830832196453,0.092,52,3,6.0,sidewalks,HMAC,1,2,2,1,0,0,1,0,0,0,0,0,1,2,2,1,2,2,0,0,0,0,0,0,0,0,0,2,0,0,0,0,0,0,1,2,2,0,0,0,0,0,0,0,0,0,0,0,0,0,1,2,0,5,5,0,0,1,0,0,0,0,0,0,0,0,0,0,0,0,0,0,0,1,2,2,1,0,0,0,0,0,0,3,0,0,0,0,0,0,0,0,0,0,0,0,5,0,0.307,,,,0.286,,,,,,,,,,,,,,0.02,,,,,,,,,,,,,,,,0,2.0,0.092,73.3,9.0,77.358
423,High,RPath,160,9.0,3.0,3.0,243.0,364.0,485.0,0.024725274725274724,Asphalt,69.4,2.0,3,69.371,0.086,0.258,0.1296829971181556,0.086,49,3,6.0,sidewalks,HMAC,1,2,0,1,0,0,1,0,0,0,0,0,1,2,2,1,2,2,0,0,0,0,0,0,0,0,0,2,0,0,0,0,0,0,1,2,2,0,0,0,0,0,0,0,0,0,0,0,0,0,1,2,2,0,0,0,0,1,0,0,0,0,0,0,0,0,0,0,0,0,1,0,0,1,2,0,1,2,0,0,0,0,5,3,1,0,0,0,0,0,0,0,0,0,0,0,5,0,0.281,,,0.022,0.259,,,,,,,,,,,,,,,,,,,,,,,,,,,,,,0,2.0,0.086,69.4,9.0,69.371
424,High,RPath,161,9.0,3.0,3.0,45.0,68.0,90.0,0.1323529411764706,Asphalt,138.8,2.0,3,138.85,0.024,0.072,0.0648414985590778,0.024,56,3,6.0,sidewalks,HMAC,1,2,0,1,0,0,1,0,0,0,0,0,1,2,2,1,0,0,0,0,0,0,0,0,0,5,0,2,0,0,0,0,0,0,1,2,0,0,0,0,0,0,0,0,0,0,0,0,1,0,1,2,2,0,0,0,3,1,0,0,0,0,0,0,0,0,0,0,0,0,0,0,0,1,2,2,1,2,2,0,0,0,5,3,1,0,1,0,0,0,0,0,0,0,0,0,5,0,0.065,,,,0.054,0.011,,,,,,,,,,,,,,,,,,,,,,,,,,,,,0,2.0,0.024,138.8,9.0,138.85
425,High,RPath,163,9.0,3.0,3.0,113.0,169.0,225.0,0.05325443786982249,Asphalt,72.4,2.0,3,77.279,0.093,0.279,0.1243093922651933,0.093,49,3,6.0,sidewalks,HMAC,1,2,2,1,2,0,1,0,0,0,0,0,1,2,0,1,0,0,0,0,0,0,0,0,0,0,0,2,0,0,0,0,0,0,1,2,2,0,0,0,0,0,0,0,0,0,0,0,0,0,1,2,2,5,0,4,0,1,0,0,0,0,0,0,0,0,0,0,0,0,0,0,0,1,2,0,1,2,0,0,0,0,0,3,0,0,0,0,0,0,0,0,0,0,0,0,5,0,0.311,,,,0.29,0.021,,,,,,,,,,,,,,,,,,,,,,,,,,,,,0,2.0,0.093,72.4,9.0,77.279
426,High,RPath,167,9.0,3.0,3.0,52.0,79.0,105.0,0.11392405063291139,Asphalt,117.8,2.0,3,119.004,0.06,0.18,0.0764006791171477,0.06,64,4,6.0,sidewalks,CON,1,2,2,1,0,0,1,0,0,0,0,0,1,2,0,1,0,0,0,0,0,0,0,0,0,5,0,2,0,0,0,1,0,0,1,2,2,1,2,2,1,2,2,0,1,0,0,0,0,0,1,2,2,0,0,4,3,1,0,0,0,0,0,0,0,0,0,0,0,0,0,0,0,0,0,0,0,0,0,0,0,0,5,0,1,1,1,1,2,0,0,0,0,0,0,0,5,0,0.089,,,,0.038,0.051,,,,,,,,,,,,,,,,,,,,,,,,,,,,,0,2.0,0.06,117.8,9.0,119.004
427,High,RPath,170,9.0,3.0,3.0,149.0,224.0,299.0,0.04017857142857143,Asphalt,82.7,2.0,3,83.002,0.073,0.2189999999999999,0.1088270858524788,0.073,64,4,6.0,sidewalks,CON,1,2,2,1,2,0,1,2,0,1,0,0,1,0,0,0,0,0,0,0,0,0,0,0,5,0,0,2,0,0,0,0,0,0,1,2,2,0,0,0,0,0,0,5,1,0,0,0,0,0,1,2,2,0,5,0,0,1,0,0,0,0,0,0,1,2,0,0,0,0,1,2,0,1,0,0,1,2,2,0,0,0,0,3,1,0,1,0,0,0,0,0,0,0,0,0,5,0,0.218,,,,0.181,,,,,,,,,,,,0.018,0.018,,,,,,,,,,,,,,,,,0,2.0,0.073,82.7,9.0,83.002
428,High,RPath,177,9.0,3.0,3.0,671.0,1007.0,1343.0,0.00893743793445879,Asphalt,161.2,2.0,3,162.844,0.074,0.2219999999999999,0.0558312655086848,0.074,53,3,6.0,sidewalks,HMAC,1,2,2,1,2,0,1,2,0,0,0,0,0,0,0,0,0,0,0,0,0,0,0,0,0,5,0,2,0,0,0,0,0,0,0,0,0,0,0,0,0,0,0,0,0,0,0,0,0,0,1,2,2,5,5,4,0,1,0,0,0,0,0,0,0,0,0,0,0,0,0,0,0,1,0,0,1,2,0,0,0,0,0,3,1,1,1,0,0,0,0,0,0,0,0,0,5,0,0.13,,,0.037,0.074,0.019,,,,,,,,,,,,,,,,,,,,,,,,,,,,,0,2.0,0.074,161.2,9.0,162.844
429,High,RPath,180,9.0,3.0,3.0,296.0,444.0,592.0,0.02027027027027027,Asphalt,285.8,2.0,3,284.763,0.05,0.15,0.0314905528341497,0.05,61,3,6.0,sidewalks,HMAC,1,2,2,1,2,2,1,2,2,0,0,0,1,2,0,0,0,0,0,0,0,0,0,0,0,5,0,2,0,0,0,0,0,0,0,0,0,0,0,0,0,0,0,0,0,0,0,0,0,0,1,2,2,5,0,4,3,1,0,0,0,0,0,0,0,0,0,0,0,0,0,0,0,1,2,0,1,2,2,0,0,0,0,3,0,1,1,0,0,0,0,0,0,0,0,0,5,0,0.168,,,,0.157,,,,,,,,,,,,,,0.01,,,,,,,,,,,,,,,,0,2.0,0.05,285.8,9.0,284.763
430,High,RPath,185,9.0,3.0,3.0,30.0,45.0,60.0,0.2,Asphalt,75.7,2.0,3,75.8,0.035,0.105,0.11889035667107,0.035,64,4,6.0,sidewalks,HMAC,1,2,2,1,2,0,1,2,0,1,2,0,1,2,0,0,0,0,0,0,0,0,0,0,0,0,0,2,0,0,0,0,0,0,1,2,2,0,0,0,0,0,0,0,0,0,0,0,0,0,1,2,2,5,5,0,0,1,0,0,0,0,0,0,0,0,0,0,0,0,1,2,2,0,0,0,1,2,0,0,0,0,5,3,1,1,1,0,0,0,0,0,0,0,0,0,5,0,0.079,,,,0.059,0.02,,,,,,,,,,,,,,,,,,,,,,,,,,,,,0,2.0,0.035,75.7,9.0,75.8
431,High,RPath,191,9.0,3.0,3.0,514.0,771.0,1028.0,0.011673151750972763,Asphalt,105.7,2.0,3,105.869,0.092,0.276,0.0851466414380321,0.092,62,3,6.0,sidewalks,HMAC,1,0,0,0,0,0,0,0,0,0,0,0,1,2,0,0,0,0,0,0,0,0,0,0,5,0,0,0,1,2,2,0,0,0,0,0,0,0,0,0,0,0,0,0,1,2,0,0,1,1,1,2,2,0,5,0,0,1,1,2,2,1,2,0,1,0,0,0,0,0,0,0,0,1,0,0,1,2,0,1,2,2,0,3,1,1,1,1,2,0,0,0,0,0,0,0,5,0,0.156,0.043,,,0.085,0.028,,,,,,,,,,,,,,,,,,,,,,,,,,,,,0,2.0,0.092,105.7,9.0,105.869
432,High,RPath,195,9.0,3.0,3.0,342.0,513.0,684.0,0.017543859649122806,Asphalt,191.6,2.0,3,191.107,0.033,0.099,0.0469728601252609,0.033,57,3,6.0,sidewalks,HMAC,1,2,0,1,2,0,1,2,0,1,0,0,1,0,0,0,0,0,0,0,0,0,0,0,0,0,0,2,0,0,0,0,0,0,1,2,2,0,0,0,0,0,0,0,0,0,0,0,0,0,1,2,2,5,5,0,0,1,0,0,0,0,0,0,0,0,0,0,0,0,1,2,0,1,2,0,1,0,0,0,0,0,5,3,1,1,1,0,0,0,0,0,0,0,0,0,5,0,0.11,,,,0.039,0.008,,,,0.039,,0.023,,,,,,,,,,,,,,,,,,,,,,,0,2.0,0.033,191.6,9.0,191.107
433,High,RPath,196,9.0,3.0,3.0,145.0,218.0,291.0,0.04128440366972477,Asphalt,229.1,2.0,3,229.319,0.031,0.093,0.0392841553906591,0.031,59,3,6.0,sidewalks,HMAC,1,2,2,1,2,0,1,2,0,0,0,0,1,2,0,1,0,0,0,0,0,0,0,0,0,5,0,2,0,0,0,0,0,0,1,2,2,0,0,0,0,0,0,0,0,0,0,0,0,0,1,2,2,0,0,4,0,1,0,0,0,0,0,0,0,0,0,0,0,0,0,0,0,1,2,0,1,2,2,0,0,0,5,3,0,1,0,0,0,0,0,0,0,0,0,0,5,0,0.098,,,,0.085,0.007,,,,,,,,,,,,0.007,,,,,,,,,,,,,,,,,0,2.0,0.031,229.1,9.0,229.319
434,High,RPath,197,9.0,3.0,3.0,15.0,22.0,30.0,0.4090909090909091,Asphalt,72.9,2.0,3,72.417,0.01,0.03,0.1234567901234567,0.01,52,3,6.0,sidewalks,HMAC,1,2,0,1,2,0,1,2,0,0,0,0,1,0,0,0,0,0,0,0,0,0,0,0,0,0,0,2,0,0,0,0,0,0,1,2,2,0,0,0,0,0,0,0,0,0,0,0,0,0,1,2,2,5,5,0,0,1,0,0,0,0,0,0,0,0,0,0,0,0,1,0,0,1,2,0,1,2,0,0,0,0,5,0,1,0,1,0,0,0,0,0,0,0,0,0,5,0,0.041,,,,0.041,,,,,,,,,,,,,,,,,,,,,,,,,,,,,,0,2.0,0.01,72.9,9.0,72.417
435,High,RPath,198,9.0,3.0,3.0,67.0,101.0,135.0,0.0891089108910891,Asphalt,69.9,2.0,3,73.819,0.064,0.192,0.1287553648068669,0.064,50,3,6.0,sidewalks,HMAC,1,2,0,0,0,0,0,0,0,1,2,0,1,2,0,0,0,0,0,0,0,0,0,0,0,0,0,2,0,0,0,0,0,0,1,2,0,0,0,0,0,0,0,0,0,0,0,0,0,0,1,2,2,5,0,4,0,1,0,0,0,0,0,0,0,0,0,0,0,0,0,0,0,0,0,0,1,2,2,0,0,0,5,3,1,1,1,0,0,0,0,0,0,0,0,0,5,0,0.193,,,,0.172,0.021,,,,,,,,,,,,,,,,,,,,,,,,,,,,,0,2.0,0.064,69.9,9.0,73.819
436,High,RPath,199,9.0,3.0,3.0,120.0,180.0,240.0,0.05,Asphalt,70.1,2.0,3,73.468,0.086,0.258,0.1283880171184022,0.086,50,3,6.0,sidewalks,HMAC,1,2,0,0,0,0,0,0,0,1,2,0,1,2,0,0,0,0,0,0,0,0,0,0,0,0,0,2,0,0,0,0,0,0,1,2,0,0,0,0,0,0,0,0,0,0,0,0,0,0,1,2,2,5,0,4,0,1,0,0,0,0,0,0,0,0,0,0,0,0,0,0,0,0,0,0,1,2,2,0,0,0,5,3,1,1,1,0,0,0,0,0,0,0,0,0,5,0,0.343,,,,0.343,,,,,,,,,,,,,,,,,,,,,,,,,,,,,,0,2.0,0.086,70.1,9.0,73.468
437,High,RPath,203,9.0,3.0,3.0,90.0,135.0,180.0,0.06666666666666667,Asphalt,185.5,2.0,3,116.13,0.024,0.072,0.0485175202156334,0.024,65,4,6.0,sidewalks,CON,1,2,0,1,0,0,1,0,0,0,0,0,1,2,0,1,2,0,0,0,0,0,0,0,5,0,0,2,0,0,0,0,0,0,1,2,2,0,0,0,0,0,0,0,1,2,2,0,0,0,1,2,2,5,0,4,0,1,0,0,0,0,0,0,0,0,0,0,0,0,1,2,0,1,2,0,1,2,0,0,0,0,5,3,0,0,0,0,0,0,0,0,0,0,0,0,5,0,0.097,,,,0.097,,,,,,,,,,,,,,,,,,,,,,,,,,,,,,0,2.0,0.024,185.5,9.0,116.13
438,High,RPath,211,9.0,3.0,3.0,285.0,428.0,570.0,0.02102803738317757,Asphalt,165.7,2.0,3,166.79,0.097,0.291,0.0543150271575135,0.097,63,3,6.0,sidewalks,HMAC,1,2,0,1,0,0,1,0,0,0,0,0,1,2,0,1,0,0,0,0,0,0,0,0,0,5,0,2,0,0,0,0,0,0,1,2,2,0,0,0,0,0,0,0,1,2,0,0,0,0,1,2,2,5,0,4,0,1,0,0,0,0,0,0,0,0,0,0,0,0,1,2,0,1,2,0,1,2,2,0,0,0,5,3,0,0,0,0,0,0,0,0,0,0,0,0,5,0,0.308,,,,0.281,0.018,,,,,,,,,,,0.009,,,,,,,,,,,,,,,,,,0,2.0,0.097,165.7,9.0,166.79
439,High,RPath,231,9.0,3.0,3.0,23.0,34.0,45.0,0.2647058823529412,Asphalt,74.3,2.0,3,78.418,0.015,0.045,0.1211305518169582,0.015,50,3,6.0,sidewalks,HMAC,1,2,0,0,0,0,0,0,0,1,2,0,1,2,0,0,0,0,0,0,0,0,0,0,0,0,0,2,0,0,0,0,0,0,1,2,0,0,0,0,0,0,0,0,0,0,0,0,0,0,1,2,2,5,0,4,0,1,0,0,0,0,0,0,0,0,0,0,0,0,0,0,0,0,0,0,1,2,2,0,0,0,5,3,1,1,1,0,0,0,0,0,0,0,0,0,5,0,0.061,,,,0.061,,,,,,,,,,,,,,,,,,,,,,,,,,,,,,0,2.0,0.015,74.3,9.0,78.418
440,High,RPath,232,9.0,3.0,3.0,105.0,157.0,210.0,0.05732484076433121,Asphalt,72.9,2.0,3,78.096,0.072,0.2159999999999999,0.1234567901234567,0.072,50,3,6.0,sidewalks,HMAC,1,2,0,0,0,0,0,0,0,1,2,0,1,2,0,0,0,0,0,0,0,0,0,0,0,0,0,2,0,0,0,0,0,0,1,2,0,0,0,0,0,0,0,0,0,0,0,0,0,0,1,2,2,5,0,4,0,1,0,0,0,0,0,0,0,0,0,0,0,0,0,0,0,0,0,0,1,2,2,0,0,0,5,3,1,1,1,0,0,0,0,0,0,0,0,0,5,0,0.288,,,,0.288,,,,,,,,,,,,,,,,,,,,,,,,,,,,,,0,2.0,0.072,72.9,9.0,78.096
441,High,RPath,235,9.0,3.0,3.0,60.0,90.0,120.0,0.1,Asphalt,75.9,2.0,3,75.117,0.054,0.162,0.1185770750988142,0.054,51,3,6.0,sidewalks,HMAC,1,2,2,1,2,2,1,2,0,0,0,0,1,0,0,0,0,0,0,0,0,0,0,0,0,0,0,2,0,0,0,0,0,0,1,2,2,0,0,0,0,0,0,0,0,0,0,0,0,0,1,2,2,0,0,4,0,1,0,0,0,0,0,0,0,0,0,0,0,0,0,0,0,1,0,0,1,2,0,0,0,0,5,3,1,1,1,0,0,0,0,0,0,0,0,0,5,0,0.158,,,,0.138,0.02,,,,,,,,,,,,,,,,,,,,,,,,,,,,,1,2.0,0.054,75.9,19.0,75.117
442,High,RPath,242,9.0,3.0,3.0,74.0,112.0,149.0,0.08035714285714286,Asphalt,128.4,2.0,3,128.371,0.047,0.141,0.0700934579439252,0.047,52,3,6.0,sidewalks,HMAC,1,2,2,0,0,0,0,0,0,1,2,0,1,2,0,0,0,0,0,0,0,0,0,0,0,0,3,2,0,0,0,0,0,0,1,0,0,0,0,0,0,0,0,0,0,0,0,0,0,0,1,2,2,5,5,0,0,1,0,0,0,0,0,0,0,0,0,0,0,0,1,0,0,0,0,0,1,2,0,0,0,0,5,3,1,0,1,0,0,0,0,0,0,0,0,0,5,0,0.117,,,,0.093,0.023,,,,,,,,,,,,,,,,,,,,,,,,,,,,,0,2.0,0.047,128.4,9.0,128.371
443,High,RPath,243,9.0,3.0,3.0,60.0,90.0,120.0,0.1,Asphalt,75.5,2.0,3,76.03,0.055,0.165,0.119205298013245,0.055,51,3,6.0,sidewalks,HMAC,1,2,2,1,0,0,1,0,0,1,0,0,1,0,0,0,0,0,0,0,0,0,0,0,0,0,3,2,0,0,0,0,0,0,0,0,0,0,0,0,0,0,0,0,0,0,0,0,0,0,1,2,2,5,5,4,0,1,0,0,0,0,0,0,0,0,0,0,0,0,0,0,0,0,0,0,1,0,0,0,0,0,5,3,1,1,1,0,0,0,0,0,0,0,0,0,5,0,0.159,,,,0.139,0.02,,,,,,,,,,,,,,,,,,,,,,,,,,,,,0,2.0,0.055,75.5,9.0,76.03
444,High,RPath,246,9.0,3.0,3.0,68.0,102.0,136.0,0.08823529411764706,Asphalt,69.6,2.0,3,74.706,0.043,0.129,0.1293103448275862,0.043,49,3,6.0,sidewalks,HMAC,1,2,0,1,0,0,1,0,0,1,2,0,1,2,0,0,0,0,0,0,0,0,0,0,0,0,0,2,0,0,0,0,0,0,1,0,0,0,0,0,0,0,0,0,0,0,0,0,0,0,1,2,2,5,0,4,0,1,0,0,0,0,0,0,0,0,0,0,0,0,0,0,0,0,0,0,1,2,2,0,0,0,5,3,0,1,1,0,0,0,0,0,0,0,0,0,5,0,0.108,,,,0.086,,,,,,,,,,,,0.022,,,,,,,,,,,,,,,,,,0,2.0,0.043,69.6,9.0,74.706
445,High,RPath,249,9.0,3.0,3.0,408.0,612.0,817.0,0.014705882352941176,Asphalt,272.2,2.0,3,272.211,0.033,0.099,0.0330639235855988,0.033,58,3,6.0,sidewalks,HMAC,1,0,0,0,0,0,0,0,0,0,0,0,1,2,0,0,0,0,0,0,0,0,0,0,5,0,0,2,0,0,0,1,2,2,0,0,0,1,2,0,0,0,0,0,1,2,0,0,1,1,1,2,2,5,5,0,0,1,0,0,0,0,0,0,0,0,0,0,0,0,0,0,0,1,2,2,1,2,2,0,0,0,0,0,1,1,1,0,0,0,0,0,0,0,0,0,5,0,0.099,,,,0.044,0.006,,,,0.044,,,0.006,,,,,,,,,,,,,,,,,,,,,,0,2.0,0.033,272.2,9.0,272.211
446,High,RPath,256,9.0,3.0,3.0,54.0,81.0,108.0,0.1111111111111111,Asphalt,85.7,2.0,3,83.79,0.026,0.078,0.1050175029171528,0.026,54,3,6.0,sidewalks,CON,1,0,0,1,0,0,0,0,0,0,0,0,1,2,0,1,2,0,0,0,0,0,0,0,5,0,0,0,0,0,0,1,2,2,1,2,2,0,0,0,1,2,2,0,1,0,0,0,1,0,1,2,2,0,5,0,0,0,0,0,0,0,0,0,0,0,0,0,0,0,0,0,0,1,0,0,1,2,2,0,0,0,0,0,1,1,1,0,0,0,0,0,0,0,0,0,5,0,0.053,,,,0.018,0.018,,,,,,,,0.018,,,,,,,,,,,,,,,,,,,,,0,2.0,0.026,85.7,9.0,83.79
447,High,RPath,266,9.0,3.0,3.0,1013.0,1520.0,2027.0,0.0059210526315789476,Asphalt,216.3,2.0,3,216.309,0.064,0.192,0.0416088765603328,0.064,55,3,6.0,sidewalks,HMAC,1,2,2,0,0,0,0,0,0,1,2,0,1,2,0,0,0,0,0,0,0,0,0,0,0,5,0,2,0,0,0,0,0,0,1,2,2,0,0,0,0,0,0,0,0,0,0,0,0,0,1,2,2,5,5,0,0,1,0,0,0,0,0,0,0,0,0,0,0,0,1,2,0,0,0,0,1,2,0,0,0,0,0,3,1,0,1,0,0,0,0,0,0,0,0,0,5,0,0.111,,,0.042,0.055,0.007,,,,,,0.007,,,,,,,,,,,,,,,,,,,,,,,0,2.0,0.064,216.3,9.0,216.309
448,High,RPath,267,9.0,3.0,3.0,82.0,123.0,164.0,0.07317073170731707,Asphalt,216.3,2.0,3,217.472,0.019,0.0569999999999999,0.0416088765603328,0.019,60,3,6.0,sidewalks,HMAC,1,2,2,1,0,0,1,0,0,1,2,0,1,2,0,0,0,0,0,0,0,0,0,0,0,5,0,2,0,0,0,0,0,0,1,2,2,0,0,0,0,0,0,0,0,0,0,0,0,0,1,2,2,5,5,0,0,1,0,0,0,0,0,0,0,0,0,0,0,0,1,2,2,0,0,0,1,2,0,0,0,0,0,3,1,1,1,0,0,0,0,0,0,0,0,0,5,0,0.076,,,,0.076,,,,,,,,,,,,,,,,,,,,,,,,,,,,,,0,2.0,0.019,216.3,9.0,217.472
449,High,RPath,272,9.0,3.0,3.0,23.0,34.0,46.0,0.2647058823529412,Asphalt,94.9,2.0,3,90.896,0.024,0.072,0.0948366701791359,0.024,59,3,6.0,sidewalks,HMAC,1,2,0,1,0,0,0,0,0,0,0,0,1,2,0,1,2,0,0,0,0,0,0,0,0,0,0,2,0,0,0,0,0,0,1,2,2,0,0,0,0,0,0,0,1,2,0,0,0,0,1,2,2,5,5,0,3,1,0,0,0,0,0,0,0,0,0,0,0,0,0,0,0,1,0,0,1,2,0,0,0,0,5,3,0,1,0,1,0,0,0,0,0,1,0,0,5,0,0.047,,,,0.032,0.016,,,,,,,,,,,,,,,,,,,,,,,,,,,,,0,2.0,0.024,94.9,9.0,90.896
450,High,RPath,279,9.0,3.0,3.0,52.0,79.0,105.0,0.11392405063291139,Asphalt,58.6,2.0,3,122.45,0.045,0.135,0.1535836177474402,0.045,58,3,6.0,sidewalks,HMAC,1,2,2,1,2,0,1,2,0,1,0,0,1,2,0,0,0,0,0,0,0,0,0,0,5,0,0,2,0,0,0,0,0,0,1,2,2,0,0,0,0,0,0,0,0,0,0,0,0,0,1,2,2,5,0,4,0,1,0,0,0,0,0,0,0,0,0,0,0,0,0,0,0,1,0,0,1,0,0,0,0,0,5,3,0,1,0,0,0,0,0,0,0,0,0,0,5,0,0.179,,,,0.179,,,,,,,,,,,,,,,,,,,,,,,,,,,,,,1,2.0,0.045,58.6,19.0,122.45
451,High,RPath,280,9.0,3.0,3.0,346.0,519.0,691.0,0.017341040462427744,Asphalt,301.9,2.0,3,304.277,0.04,0.12,0.0298111957601854,0.04,64,4,6.0,sidewalks,HMAC,1,2,2,1,0,0,1,0,0,1,0,0,1,2,2,1,0,0,0,0,0,0,0,0,5,5,0,2,0,0,0,0,0,0,1,2,2,0,0,0,0,0,0,0,0,0,0,0,0,0,1,2,2,5,0,4,0,1,0,0,0,0,0,0,0,0,0,0,0,0,1,0,0,1,0,0,1,2,0,0,0,0,5,3,0,0,0,0,0,0,0,0,0,0,0,0,5,0,0.129,,,,0.094,0.01,,,,0.025,,,,,,,,,,,,,,,,,,,,,,,,,0,2.0,0.04,301.9,9.0,304.277
452,High,RPath,282,9.0,3.0,3.0,89.0,134.0,179.0,0.06716417910447761,Asphalt,186.1,2.0,3,185.789,0.016,0.048,0.0483610961848468,0.016,64,4,6.0,sidewalks,HMAC,1,2,2,0,0,0,0,0,0,0,0,0,1,2,2,1,2,2,0,0,0,0,0,0,0,5,0,0,0,0,0,0,0,0,1,2,2,0,0,0,0,0,0,0,1,0,0,0,0,0,1,0,0,5,5,0,3,1,0,0,0,0,0,0,0,0,0,0,0,0,0,0,0,1,2,0,1,2,2,0,0,0,5,3,1,1,0,0,0,0,0,0,0,0,0,0,5,0,0.064,,,,0.056,,,0.008,,,,,,,,,,,,,,,,,,,,,,,,,,,1,2.0,0.016,186.1,19.0,185.789
453,High,RPath,294,9.0,3.0,3.0,862.0,1293.0,1724.0,0.0069605568445475635,Asphalt,274.6,2.0,3,326.247,0.046,0.138,0.032774945375091,0.046,58,3,6.0,sidewalks,HMAC,1,2,0,1,0,0,1,0,0,0,0,0,1,2,0,1,2,0,0,0,0,0,0,0,5,0,3,2,0,0,0,1,2,2,0,0,0,0,0,0,0,0,0,0,0,0,0,0,1,1,1,2,2,0,5,0,0,1,0,0,0,0,0,0,0,0,0,0,0,0,0,0,0,1,2,0,0,0,0,0,0,0,5,0,1,1,1,1,2,0,0,0,0,0,0,0,5,0,0.071,0.016,,0.011,0.033,,,,,,,,,,,,,,0.011,,,,,,,,,,,,,,,,2,2.0,0.046,274.6,29.0,326.247
454,High,RPath,299,9.0,3.0,3.0,90.0,135.0,180.0,0.06666666666666667,Asphalt,85.5,2.0,3,85.541,0.053,0.159,0.1052631578947368,0.053,61,3,6.0,sidewalks,HMAC,1,2,0,1,2,2,1,0,0,0,0,0,1,2,2,1,2,0,0,0,0,0,0,0,0,5,0,2,0,0,0,1,0,0,1,2,0,0,0,0,0,0,0,5,1,0,0,0,0,0,1,2,0,0,0,0,3,1,0,0,0,0,0,0,0,0,0,0,0,0,0,0,0,1,2,0,1,2,0,0,0,0,5,3,1,0,0,0,0,0,0,0,0,0,0,0,5,0,0.21,,,,0.21,,,,,,,,,,,,,,,,,,,,,,,,,,,,,,0,2.0,0.053,85.5,9.0,85.541
455,High,RPath,300,9.0,3.0,3.0,90.0,135.0,180.0,0.06666666666666667,Asphalt,77.5,2.0,3,78.849,0.058,0.174,0.1161290322580645,0.058,59,3,6.0,sidewalks,HMAC,1,2,0,1,2,0,1,0,0,0,0,0,1,2,2,1,2,0,0,0,0,0,0,0,0,5,0,2,0,0,0,1,2,0,1,2,0,0,0,0,0,0,0,5,1,0,0,0,0,0,1,2,0,0,0,0,3,1,0,0,0,0,0,0,0,0,0,0,0,0,0,0,0,1,0,0,1,2,0,0,0,0,5,3,1,0,0,0,0,0,0,0,0,0,0,0,5,0,0.232,,,,0.232,,,,,,,,,,,,,,,,,,,,,,,,,,,,,,0,2.0,0.058,77.5,9.0,78.849
456,High,RPath,303,9.0,3.0,3.0,155.0,233.0,310.0,0.03862660944206009,Asphalt,86.9,2.0,3,87.617,0.035,0.105,0.1035673187571921,0.035,61,3,6.0,sidewalks,HMAC,1,2,2,1,2,0,1,0,0,1,2,0,1,2,0,1,2,0,0,0,0,0,0,0,0,0,0,2,0,0,0,0,0,0,1,2,2,0,0,0,0,0,0,5,1,2,0,0,0,0,1,2,2,0,5,0,0,1,0,0,0,0,0,0,0,0,0,0,0,0,0,0,0,1,2,0,1,0,0,0,0,0,5,3,0,0,0,0,0,0,0,0,0,0,0,0,5,0,0.035,,,0.017,,0.017,,,,,,,,,,,,,,,,,,,,,,,,,,,,,1,2.0,0.035,86.9,19.0,87.617
457,High,RPath,389,9.0,3.0,3.0,192.0,289.0,385.0,0.031141868512110725,Asphalt,263.6,2.0,3,259.602,0.077,0.2309999999999999,0.0341426403641881,0.077,64,4,6.0,sidewalks,HMAC,1,2,2,1,0,0,1,2,2,1,2,2,1,2,2,0,0,0,0,0,0,0,0,0,5,5,0,2,0,0,0,0,0,0,1,2,2,0,0,0,0,0,0,0,1,2,2,0,0,0,1,2,2,0,0,0,0,1,0,0,0,0,0,0,0,0,0,0,0,0,0,0,0,1,0,0,1,0,0,0,0,0,0,3,1,0,1,1,2,0,0,0,0,0,0,0,5,0,0.097,,,,0.023,0.063,,,,,,,,,0.006,0.006,,,,,,,,,,,,,,,,,,,0,2.0,0.077,263.6,9.0,259.602
458,High,RPath,395,9.0,3.0,3.0,61.0,92.0,122.0,0.09782608695652174,Asphalt,80.8,2.0,3,80.839,0.033,0.099,0.1113861386138613,0.033,65,4,6.0,sidewalks,HMAC,1,2,0,1,2,2,1,0,0,0,0,0,1,2,2,1,2,2,0,0,0,1,0,0,0,0,0,2,0,0,0,0,0,0,1,2,2,0,0,0,0,0,0,0,1,2,0,0,0,0,1,2,0,5,5,0,0,1,0,0,0,0,0,0,0,0,0,0,0,0,1,2,0,1,2,2,1,2,0,0,0,0,0,3,1,0,1,0,0,0,0,0,0,0,0,0,5,0,0.074,,,,0.056,,,,,,,,0.019,,,,,,,,,,,,,,,,,,,,,,0,2.0,0.033,80.8,9.0,80.839
459,High,RPath,429,9.0,3.0,3.0,52.0,78.0,104.0,0.11538461538461539,Asphalt,179.9,2.0,3,179.923,0.015,0.045,0.0500277932184546,0.015,58,3,6.0,sidewalks,HMAC,1,0,0,1,2,0,0,0,0,0,0,0,1,2,2,1,0,0,0,0,0,0,0,0,0,5,0,2,0,0,0,0,0,0,1,2,0,0,0,0,0,0,0,5,1,0,0,0,0,0,1,2,0,0,0,0,3,1,0,0,0,0,0,0,0,0,0,0,0,0,0,0,0,1,2,2,1,2,2,0,0,0,5,3,1,0,0,0,0,0,0,0,0,1,0,0,5,0,0.058,,,,0.058,,,,,,,,,,,,,,,,,,,,,,,,,,,,,,0,2.0,0.015,179.9,9.0,179.923
460,High,RPath,446,9.0,3.0,3.0,135.0,203.0,270.0,0.04433497536945813,Asphalt,78.3,2.0,3,75.446,0.086,0.258,0.1149425287356321,0.086,59,3,6.0,sidewalks,HMAC,1,2,0,1,0,0,1,0,0,1,0,0,1,0,0,1,0,0,0,0,0,0,0,0,0,0,0,2,0,0,0,0,0,0,1,2,2,0,0,0,0,0,0,5,1,2,0,0,0,0,1,2,0,5,0,4,3,1,0,0,0,0,0,0,0,0,0,0,0,0,0,0,0,1,0,0,1,2,2,0,0,0,5,3,1,0,0,0,0,0,0,0,0,0,0,0,5,0,0.345,,,,0.345,,,,,,,,,,,,,,,,,,,,,,,,,,,,,,1,2.0,0.086,78.3,19.0,75.446
461,High,RPath,448,9.0,3.0,3.0,53.0,79.0,106.0,0.11392405063291139,Asphalt,56.3,2.0,3,51.11,0.02,0.06,0.1598579040852575,0.02,61,3,6.0,sidewalks,HMAC,1,2,2,0,0,0,0,0,0,0,0,0,1,0,0,1,0,0,1,0,0,0,0,0,0,0,0,2,0,0,0,1,2,2,1,2,2,0,0,0,0,0,0,0,1,2,0,0,1,1,1,2,2,5,0,0,3,1,0,0,0,0,0,0,0,0,0,0,0,0,0,0,0,1,0,0,1,2,2,0,0,0,5,3,1,1,1,0,0,0,0,0,0,0,0,0,5,0,0.08,,,,0.053,,,0.027,,,,,,,,,,,,,,,,,,,,,,,,,,,0,2.0,0.02,56.3,9.0,51.11
462,High,RPath,462,9.0,3.0,3.0,127.0,190.0,254.0,0.04736842105263158,Asphalt,73.6,2.0,3,77.432,0.082,0.246,0.1222826086956521,0.082,50,3,6.0,sidewalks,HMAC,1,2,2,0,0,0,0,0,0,0,0,0,1,2,2,1,2,2,0,0,0,0,0,0,0,0,0,2,0,0,0,0,0,0,1,2,2,0,0,0,0,0,0,0,0,0,0,0,0,0,1,2,0,5,5,0,0,1,0,0,0,0,0,0,0,0,0,0,0,0,0,0,0,1,2,2,1,0,0,0,0,0,0,3,0,0,0,0,0,0,0,0,0,0,0,0,5,0,0.265,,,,0.245,,,,,,,,,,,,,,0.02,,,,,,,,,,,,,,,,0,2.0,0.082,73.6,9.0,77.432
463,High,RPath,466,9.0,3.0,3.0,37.0,56.0,75.0,0.16071428571428573,Asphalt,76.3,2.0,3,76.371,0.054,0.162,0.1179554390563565,0.054,57,3,6.0,sidewalks,HMAC,1,2,0,1,0,0,0,0,0,0,0,0,1,2,0,1,2,0,0,0,0,0,0,0,0,0,0,2,0,0,0,0,0,0,1,2,2,0,0,0,0,0,0,0,1,0,0,0,0,0,1,2,2,5,5,0,3,1,0,0,0,0,0,0,0,0,0,0,0,0,0,0,0,1,0,0,1,2,0,0,0,0,5,3,0,1,0,1,0,0,0,0,0,1,0,0,5,0,0.098,,,,0.059,0.039,,,,,,,,,,,,,,,,,,,,,,,,,,,,,0,2.0,0.054,76.3,9.0,76.371
464,High,RPath,468,9.0,3.0,3.0,53.0,79.0,105.0,0.11392405063291139,Asphalt,185.0,2.0,3,188.954,0.014,0.042,0.0486486486486486,0.014,66,4,6.0,sidewalks,HMAC,1,2,2,0,0,0,0,0,0,0,0,0,1,2,2,1,2,2,0,0,0,0,0,0,0,5,0,2,0,0,0,0,0,0,1,2,2,0,0,0,0,0,0,0,1,0,0,0,0,0,1,0,0,5,5,0,3,1,0,0,0,0,0,0,0,0,0,0,0,0,0,0,0,1,2,0,1,2,2,0,0,0,5,3,1,1,0,0,0,0,0,0,0,0,0,0,5,0,0.057,,,,0.057,,,,,,,,,,,,,,,,,,,,,,,,,,,,,,1,2.0,0.014,185.0,19.0,188.954
465,High,RPath,469,9.0,3.0,3.0,53.0,79.0,105.0,0.11392405063291139,Asphalt,79.1,2.0,3,84.316,0.047,0.141,0.11378002528445,0.047,53,3,6.0,sidewalks,HMAC,1,0,0,1,0,0,0,0,0,0,0,0,1,2,0,1,0,0,0,0,0,0,0,0,0,0,0,2,0,0,0,0,0,0,1,2,2,0,0,0,0,0,0,0,1,0,0,0,0,0,1,2,2,5,0,4,0,1,0,0,0,0,0,0,0,0,0,0,0,0,1,2,0,1,2,0,1,2,2,0,0,0,5,3,0,0,0,0,0,0,0,0,0,0,0,0,5,0,0.133,,,,0.114,0.019,,,,,,,,,,,,,,,,,,,,,,,,,,,,,0,2.0,0.047,79.1,9.0,84.316
466,High,RPath,470,9.0,3.0,3.0,30.0,45.0,60.0,0.2,Asphalt,69.8,2.0,3,75.442,0.021,0.063,0.1289398280802292,0.021,56,3,6.0,sidewalks,HMAC,1,2,0,1,0,0,1,0,0,0,0,0,1,0,0,1,2,0,0,0,0,0,0,0,0,0,0,2,0,0,0,0,0,0,1,2,2,0,0,0,0,0,0,0,1,2,0,0,0,0,1,2,2,5,0,4,0,1,0,0,0,0,0,0,0,0,0,0,0,0,1,2,0,1,2,0,1,2,0,0,0,0,5,3,0,0,0,0,0,0,0,0,0,0,0,0,5,0,0.086,,,,0.086,,,,,,,,,,,,,,,,,,,,,,,,,,,,,,0,2.0,0.021,69.8,9.0,75.442
467,High,RPath,477,9.0,3.0,3.0,97.0,146.0,195.0,0.06164383561643835,Asphalt,73.0,2.0,3,68.163,0.067,0.201,0.1232876712328767,0.067,61,3,6.0,sidewalks,HMAC,1,2,0,1,2,0,1,2,0,0,0,0,1,2,2,1,2,0,0,0,0,0,0,0,0,0,0,2,0,0,0,0,0,0,1,2,2,0,0,0,0,0,0,0,1,0,0,0,0,0,1,2,0,5,5,0,0,1,0,0,0,0,0,0,0,0,0,0,0,0,1,0,0,1,2,2,1,2,0,0,0,0,5,3,0,0,0,0,0,0,0,0,0,0,0,0,5,0,0.267,,,,0.267,,,,,,,,,,,,,,,,,,,,,,,,,,,,,,0,2.0,0.067,73.0,9.0,68.163
468,High,RPath,478,9.0,3.0,3.0,60.0,90.0,120.0,0.1,Asphalt,211.4,2.0,3,215.903,0.014,0.042,0.042573320719016,0.014,62,3,6.0,sidewalks,HMAC,1,2,2,1,0,0,1,0,0,0,0,0,1,2,0,1,0,0,0,0,0,0,0,0,0,5,0,2,0,0,0,0,0,0,1,2,2,0,0,0,0,0,0,0,1,0,0,0,0,0,1,2,2,5,0,4,0,1,0,0,0,0,0,0,0,0,0,0,0,0,0,0,0,1,2,2,1,2,2,0,0,0,5,3,0,0,0,0,0,0,0,0,0,0,0,0,5,0,0.057,,,,0.057,,,,,,,,,,,,,,,,,,,,,,,,,,,,,,1,2.0,0.014,211.4,19.0,215.903
469,High,RPath,482,9.0,3.0,3.0,120.0,180.0,240.0,0.05,Asphalt,69.1,2.0,3,70.224,0.054,0.162,0.130246020260492,0.054,64,4,6.0,sidewalks,PB,1,2,0,1,2,0,0,0,0,0,0,0,1,0,0,1,0,0,0,0,0,0,0,0,5,0,0,0,0,0,0,1,0,0,1,2,2,0,0,0,0,0,0,0,1,2,2,0,0,0,1,2,0,0,5,0,3,1,0,0,0,1,0,0,1,2,2,1,0,0,1,2,0,1,0,0,1,0,0,0,0,0,5,3,1,0,1,1,0,0,0,0,0,0,0,0,5,0,0.087,,,,,0.022,,,,,,,,,,0.065,,,,,,,,,,,,,,,,,,,2,2.0,0.054,69.1,29.0,70.224
470,High,RPath,496,9.0,3.0,3.0,90.0,135.0,180.0,0.06666666666666667,Asphalt,85.3,2.0,3,83.697,0.053,0.159,0.1055099648300117,0.053,51,3,6.0,sidewalks,HMAC,1,2,0,1,2,0,0,0,0,1,0,0,1,2,0,1,0,0,0,0,0,0,0,0,0,0,0,2,0,0,0,0,0,0,1,2,2,0,0,0,0,0,0,5,1,2,0,0,0,0,1,2,0,0,0,0,3,1,0,0,0,0,0,0,0,0,0,0,0,0,0,0,0,1,0,0,1,2,0,0,0,0,5,3,1,0,0,0,0,0,0,0,0,0,0,0,5,0,0.211,,,,0.211,,,,,,,,,,,,,,,,,,,,,,,,,,,,,,0,2.0,0.053,85.3,9.0,83.697
471,High,RPath,502,9.0,3.0,3.0,135.0,202.0,270.0,0.04455445544554455,Asphalt,82.2,2.0,3,83.529,0.082,0.246,0.1094890510948905,0.082,50,3,6.0,sidewalks,HMAC,1,2,0,1,2,0,1,0,0,0,0,0,1,2,0,1,2,0,0,0,0,0,0,0,0,0,0,2,0,0,0,0,0,0,1,2,0,0,0,0,0,0,0,5,1,0,0,0,0,0,1,2,0,0,0,0,3,1,0,0,0,0,0,0,0,0,0,0,0,0,0,0,0,1,2,0,1,2,0,0,0,0,5,3,0,0,0,0,0,0,0,0,0,0,0,0,5,0,0.328,,,,0.328,,,,,,,,,,,,,,,,,,,,,,,,,,,,,,0,2.0,0.082,82.2,9.0,83.529
472,High,RPath,504,9.0,3.0,3.0,197.0,296.0,395.0,0.030405405405405407,Asphalt,84.7,2.0,3,77.242,0.044,0.132,0.1062573789846517,0.044,60,3,6.0,sidewalks,HMAC,1,2,0,1,2,0,0,0,0,0,0,0,1,2,0,0,0,0,0,0,0,0,0,0,0,0,0,2,0,0,0,1,0,0,1,0,0,0,0,0,0,0,0,5,1,2,2,0,1,1,1,2,2,5,0,0,3,1,0,0,0,0,0,0,1,0,0,0,0,0,0,0,0,1,2,0,1,2,0,0,0,0,5,3,1,0,0,0,0,0,0,0,0,0,0,0,5,0,0.124,0.018,,,0.106,,,,,,,,,,,,,,,,,,,,,,,,,,,,,,0,2.0,0.044,84.7,9.0,77.242
473,High,RPath,506,9.0,3.0,3.0,218.0,327.0,436.0,0.027522935779816515,Asphalt,107.6,2.0,3,105.433,0.066,0.198,0.0836431226765799,0.066,60,3,6.0,sidewalks,CON,1,0,0,0,0,0,0,0,0,0,0,0,1,2,0,0,0,0,0,0,0,0,0,0,5,0,3,0,1,2,2,0,0,0,0,0,0,0,0,0,0,0,0,0,1,2,0,0,1,0,1,2,0,0,5,0,3,1,1,2,0,1,0,0,1,2,0,0,0,0,0,0,0,1,0,0,1,2,2,1,2,0,0,0,1,1,1,1,2,0,0,0,0,0,0,0,5,0,0.237,,,,0.195,,,,,,,0.014,,,,,,0.028,,,,,,,,,,,,,,,,,1,2.0,0.066,107.6,19.0,105.433
474,High,RPath,563,9.0,3.0,3.0,361.0,542.0,722.0,0.016605166051660517,Asphalt,91.3,2.0,3,91.844,0.074,0.2219999999999999,0.0985761226725082,0.074,62,3,6.0,sidewalks,CON,1,0,0,0,0,0,0,0,0,1,0,0,1,0,0,0,0,0,0,0,0,0,0,0,5,0,0,0,1,2,2,0,0,0,1,0,0,0,0,0,0,0,0,0,1,2,0,0,1,1,1,2,2,0,5,0,0,1,1,2,0,1,2,2,1,0,0,0,0,0,0,0,0,1,0,0,1,2,0,1,2,2,0,3,1,1,1,1,2,0,0,0,0,0,0,0,5,0,0.263,,,,0.131,,,,,,,,,0.099,,,,0.033,,,,,,,,,,,,,,,,,0,2.0,0.074,91.3,9.0,91.844
475,High,RPath,577,9.0,3.0,3.0,91.0,137.0,183.0,0.06569343065693431,Asphalt,203.2,2.0,3,128.879,0.018,0.0539999999999999,0.0442913385826771,0.018,55,3,6.0,sidewalks,CON,1,2,2,1,0,0,0,0,0,0,0,0,0,0,0,1,2,0,0,0,0,0,0,0,0,5,0,2,0,0,0,0,0,0,1,2,2,0,0,0,0,0,0,0,1,2,0,0,1,0,1,2,2,5,5,0,0,1,0,0,0,0,0,0,1,2,2,0,0,0,0,0,0,1,0,0,0,0,0,0,0,0,0,0,1,1,1,0,0,0,0,0,0,0,0,0,5,0,0.03,,,,0.015,,,,,,,,,,,,,,0.015,,,,,,,,,,,,,,,,0,2.0,0.018,203.2,9.0,128.879
476,High,RPath,590,9.0,3.0,3.0,225.0,337.0,450.0,0.026706231454005934,Asphalt,182.1,2.0,3,181.68,0.062,0.186,0.0494233937397034,0.062,65,4,6.0,sidewalks,HMAC,1,2,0,1,2,2,1,0,0,0,0,0,1,2,2,1,2,0,0,0,0,0,0,0,0,5,0,2,0,0,0,1,2,0,1,2,0,0,0,0,0,0,0,5,1,0,0,0,0,0,1,2,0,0,0,0,3,1,0,0,0,0,0,0,0,0,0,0,0,0,0,0,0,1,2,0,1,2,2,0,0,0,5,3,1,0,0,0,0,0,0,0,0,0,0,0,5,0,0.247,,,,0.247,,,,,,,,,,,,,,,,,,,,,,,,,,,,,,0,2.0,0.062,182.1,9.0,181.68
477,High,RPath,596,9.0,3.0,3.0,354.0,531.0,707.0,0.01694915254237288,Asphalt,81.5,2.0,3,82.835,0.083,0.249,0.1104294478527607,0.083,65,4,6.0,sidewalks,HMAC,1,2,0,1,2,0,0,0,0,0,0,0,1,2,0,0,0,0,0,0,0,0,0,0,0,0,0,2,0,0,0,1,2,0,1,2,0,0,0,0,0,0,0,5,1,2,2,0,1,1,1,2,2,5,0,0,3,1,0,0,0,0,0,0,1,2,0,0,0,0,0,0,0,1,2,0,1,2,0,0,0,0,5,3,0,0,0,0,0,0,0,0,0,0,0,0,5,0,0.166,0.037,,,0.11,0.018,,,,,,,,,,,,,,,,,,,,,,,,,,,,,1,2.0,0.083,81.5,19.0,82.835
478,High,RPath,601,9.0,3.0,3.0,237.0,356.0,474.0,0.025280898876404494,Asphalt,77.5,2.0,3,80.6,0.077,0.2309999999999999,0.1161290322580645,0.077,56,3,6.0,sidewalks,HMAC,1,0,0,1,2,0,0,0,0,0,0,0,1,2,0,0,0,0,0,0,0,0,0,0,0,0,0,2,0,0,0,1,2,0,1,2,2,0,0,0,0,0,0,5,1,2,0,0,1,1,1,2,2,5,0,0,3,1,0,0,0,0,0,0,1,2,0,0,0,0,0,0,0,1,0,0,1,0,0,0,0,0,5,0,0,0,0,0,0,0,0,0,0,0,0,0,5,0,0.251,,,0.019,0.232,,,,,,,,,,,,,,,,,,,,,,,,,,,,,,2,2.0,0.077,77.5,29.0,80.6
479,High,RPath,602,9.0,3.0,3.0,77.0,115.0,153.0,0.0782608695652174,Asphalt,174.0,2.0,3,115.461,0.015,0.045,0.0517241379310344,0.015,51,3,6.0,sidewalks,HMAC,1,2,0,1,2,0,0,0,0,0,0,0,1,2,0,1,0,0,0,0,0,0,0,0,5,0,0,0,0,0,0,1,2,2,1,2,0,0,0,0,0,0,0,0,1,2,0,0,1,0,1,2,2,0,5,0,3,1,0,0,0,0,0,0,1,0,0,0,0,0,1,0,0,1,0,0,1,0,0,0,0,0,0,0,1,0,0,0,0,0,0,0,0,0,0,0,5,0,0.052,,,,0.043,,,,,,,,,,,0.009,,,,,,,,,,,,,,,,,,,0,2.0,0.015,174.0,9.0,115.461
480,High,RPath,631,9.0,3.0,3.0,330.0,496.0,661.0,0.018145161290322582,Asphalt,136.8,2.0,3,134.993,0.077,0.2309999999999999,0.0657894736842105,0.077,53,3,6.0,sidewalks,HMAC,1,2,2,1,0,0,1,0,0,0,0,0,1,2,0,0,0,0,0,0,0,0,0,0,0,0,0,2,0,0,0,0,0,0,1,2,2,0,0,0,0,0,0,0,0,0,0,0,0,0,1,2,2,0,0,4,0,1,0,0,0,0,0,0,0,0,0,0,0,0,0,0,0,1,2,2,1,2,2,0,0,0,5,3,1,1,1,0,0,0,0,0,0,0,0,0,5,0,0.274,0.011,,,0.263,,,,,,,,,,,,,,,,,,,,,,,,,,,,,,0,2.0,0.077,136.8,9.0,134.993
481,High,RPath,640,9.0,3.0,3.0,97.0,146.0,195.0,0.06164383561643835,Asphalt,180.2,2.0,3,103.122,0.027,0.081,0.0499445061043285,0.027,66,4,6.0,sidewalks,HMAC,1,2,0,1,2,0,0,0,0,0,0,0,1,2,0,1,2,0,0,0,0,0,0,0,5,0,0,2,0,0,0,1,2,2,1,2,2,0,0,0,0,0,0,0,1,2,0,0,1,0,1,2,2,0,5,0,3,0,0,0,0,0,0,0,1,0,0,0,0,0,1,2,0,1,2,0,1,2,0,0,0,0,0,3,1,0,0,1,0,0,0,0,0,0,0,0,5,0,0.108,,,,0.108,,,,,,,,,,,,,,,,,,,,,,,,,,,,,,0,2.0,0.027,180.2,9.0,103.122
482,High,RPath,649,9.0,3.0,3.0,456.0,684.0,912.0,0.013157894736842105,Asphalt,81.6,2.0,3,82.268,0.074,0.2219999999999999,0.1102941176470588,0.074,64,4,6.0,sidewalks,HMAC,1,2,0,1,2,0,0,0,0,1,0,0,1,2,2,0,0,0,0,0,0,0,0,0,0,0,0,2,0,0,0,0,0,0,1,2,0,0,0,0,0,0,0,5,1,2,0,0,1,1,1,2,2,5,0,0,3,1,0,0,0,0,0,0,1,0,0,0,0,0,0,0,0,1,2,0,1,2,2,0,0,0,5,3,1,0,0,0,0,0,0,0,0,0,0,0,5,0,0.074,0.055,,,,0.018,,,,,,,,,,,,,,,,,,,,,,,,,,,,,0,2.0,0.074,81.6,9.0,82.268
483,High,RPath,651,9.0,3.0,3.0,112.0,169.0,225.0,0.05325443786982249,Asphalt,80.6,2.0,3,81.501,0.07,0.21,0.1116625310173697,0.07,55,3,6.0,sidewalks,CON,1,2,0,1,2,0,1,2,0,0,0,0,0,0,0,0,0,0,0,0,0,0,0,0,0,0,0,2,0,0,0,0,0,0,1,2,2,0,0,0,0,0,0,5,1,2,0,0,0,0,1,2,0,5,0,4,3,1,0,0,0,0,0,0,0,0,0,0,0,0,1,0,0,0,0,0,1,2,2,0,0,0,0,3,1,0,0,0,0,0,0,0,0,0,0,0,5,0,0.279,,,,0.279,,,,,,,,,,,,,,,,,,,,,,,,,,,,,,1,2.0,0.07,80.6,19.0,81.501
484,High,RPath,656,9.0,3.0,3.0,89.0,134.0,179.0,0.06716417910447761,Asphalt,208.1,2.0,3,208.123,0.022,0.066,0.0432484382508409,0.022,59,3,6.0,sidewalks,HMAC,1,2,2,0,0,0,0,0,0,0,0,0,1,2,2,1,2,2,0,0,0,0,0,0,0,5,0,2,0,0,0,0,0,0,1,2,2,0,0,0,0,0,0,0,1,0,0,0,0,0,1,0,0,5,5,0,3,1,0,0,0,0,0,0,0,0,0,0,0,0,0,0,0,1,0,0,1,2,2,0,0,0,0,3,1,1,0,0,0,0,0,0,0,0,0,0,5,0,0.086,,,,0.086,,,,,,,,,,,,,,,,,,,,,,,,,,,,,,0,2.0,0.022,208.1,9.0,208.123
485,High,RPath,659,9.0,3.0,3.0,53.0,79.0,105.0,0.11392405063291139,Asphalt,118.2,2.0,3,118.772,0.032,0.096,0.0761421319796954,0.032,62,3,6.0,sidewalks,HMAC,1,2,2,0,0,0,0,0,0,0,0,0,1,2,2,1,2,2,0,0,0,0,0,0,0,5,0,2,0,0,0,0,0,0,1,2,2,0,0,0,0,0,0,0,1,0,0,0,0,0,1,0,0,5,5,0,0,1,0,0,0,0,0,0,0,0,0,0,0,0,0,0,0,1,2,0,1,2,2,0,0,0,5,3,0,1,0,0,0,0,0,0,0,0,0,0,5,0,0.089,,,,0.076,0.013,,,,,,,,,,,,,,,,,,,,,,,,,,,,,1,2.0,0.032,118.2,19.0,118.772
486,High,RPath,736,9.0,3.0,3.0,89.0,134.0,178.0,0.06716417910447761,Asphalt,86.1,2.0,3,85.925,0.039,0.1169999999999999,0.1045296167247386,0.039,60,3,6.0,sidewalks,CON,0,0,0,0,0,0,0,0,0,1,2,0,1,2,0,1,0,0,0,0,0,0,0,0,5,0,0,0,1,2,2,0,0,0,1,2,0,0,0,0,0,0,0,0,1,2,2,0,1,0,1,2,2,0,5,0,0,1,1,0,0,1,2,0,0,0,0,0,0,0,0,0,0,1,0,0,1,2,0,1,2,0,0,0,1,1,1,1,2,0,0,0,0,1,0,0,5,0,0.139,,,,0.122,,,,,,,,,,,,,0.017,,,,,,,,,,,,,,,,,0,2.0,0.039,86.1,9.0,85.925
487,High,RPath,775,9.0,3.0,3.0,594.0,891.0,1189.0,0.010101010101010102,Asphalt,358.0,2.0,3,232.32,0.092,0.276,0.0251396648044692,0.092,57,3,6.0,sidewalks,HMAC,1,2,2,1,2,0,0,0,0,0,0,0,0,0,0,0,0,0,0,0,0,0,0,0,0,5,3,2,0,0,0,0,0,0,1,2,2,0,0,0,0,0,0,0,1,2,0,0,0,0,1,2,2,0,5,0,0,1,0,0,0,0,0,0,0,0,0,0,0,0,0,0,0,1,0,0,1,2,2,0,0,0,5,0,1,1,1,1,0,0,0,0,0,0,0,0,5,0,0.18,,,,0.092,0.05,,,,,,0.017,0.004,,0.004,0.013,,,,,,,,,,,,,,,,,,,0,2.0,0.092,358.0,9.0,232.32
488,High,RPath,788,9.0,3.0,3.0,31.0,46.0,62.0,0.1956521739130435,Asphalt,170.9,2.0,3,170.734,0.022,0.066,0.0526623756582796,0.022,57,3,6.0,sidewalks,HMAC,1,2,0,1,2,0,0,0,0,0,0,0,1,2,0,1,2,0,0,0,0,0,0,0,5,0,0,0,0,0,0,1,2,2,1,2,0,0,0,0,0,0,0,0,1,2,0,0,1,0,1,2,2,0,5,0,3,1,0,0,0,0,0,0,1,0,0,0,0,0,1,0,0,1,0,0,1,0,0,0,0,0,0,3,1,0,0,1,0,0,0,0,0,0,0,0,5,0,0.035,,,,0.018,0.018,,,,,,,,,,,,,,,,,,,,,,,,,,,,,1,2.0,0.022,170.9,19.0,170.734
489,High,RPath,790,9.0,3.0,3.0,22.0,34.0,45.0,0.2647058823529412,Asphalt,83.1,2.0,3,81.819,0.027,0.081,0.1083032490974729,0.027,53,3,6.0,sidewalks,HMAC,1,0,0,1,2,0,0,0,0,0,0,0,1,2,2,1,0,0,0,0,0,0,0,0,0,5,0,2,0,0,0,0,0,0,1,0,0,0,0,0,0,0,0,5,1,0,0,0,0,0,1,0,0,0,0,0,3,1,0,0,0,0,0,0,0,0,0,0,0,0,0,0,0,1,2,2,1,2,2,0,0,0,5,3,1,0,0,0,0,0,0,0,0,0,0,0,5,0,0.054,,,,0.036,0.018,,,,,,,,,,,,,,,,,,,,,,,,,,,,,0,2.0,0.027,83.1,9.0,81.819
490,High,RPath,794,9.0,3.0,3.0,280.0,420.0,559.0,0.02142857142857143,Asphalt,341.1,2.0,3,341.776,0.038,0.1139999999999999,0.0263852242744063,0.038,57,3,6.0,sidewalks,CON,1,2,2,1,2,0,1,0,0,0,0,0,0,0,0,0,0,0,0,0,0,0,0,0,0,5,3,2,0,0,0,0,0,0,1,2,2,0,0,0,0,0,0,5,1,0,0,0,0,0,0,0,0,5,5,4,0,0,0,0,0,0,0,0,0,0,0,0,0,0,0,0,0,0,0,0,1,2,2,0,0,0,0,0,1,1,1,0,0,0,0,0,0,0,0,0,5,0,0.097,,,,0.075,0.004,0.013,,,,,,,,,,,0.004,,,,,,,,,,,,,,,,,0,2.0,0.038,341.1,9.0,341.776
491,High,RPath,809,9.0,3.0,3.0,37.0,56.0,74.0,0.16071428571428573,Asphalt,70.8,2.0,3,70.547,0.011,0.033,0.1271186440677966,0.011,66,4,6.0,sidewalks,PB,1,2,0,1,0,0,0,0,0,0,0,0,1,0,0,1,0,0,0,0,0,0,0,0,5,0,0,0,0,0,0,1,2,0,1,2,2,0,0,0,0,0,0,0,1,2,2,0,0,0,1,2,0,0,5,0,3,1,0,0,0,1,0,0,1,2,2,1,0,0,1,2,0,1,2,0,1,0,0,0,0,0,5,3,1,0,1,1,0,0,0,0,0,0,0,0,5,0,0.021,,,,,,,,,,,,,,,0.021,,,,,,,,,,,,,,,,,,,2,2.0,0.011,70.8,29.0,70.547
492,High,RPath,815,9.0,3.0,3.0,73.0,110.0,146.0,0.08181818181818182,Asphalt,130.5,2.0,3,130.476,0.043,0.129,0.0689655172413793,0.043,59,3,6.0,sidewalks,HMAC,1,0,0,0,0,0,0,0,0,0,0,0,1,2,0,0,0,0,0,0,0,0,0,0,5,0,3,0,1,2,2,0,0,0,0,0,0,0,0,0,0,0,0,0,1,2,0,0,0,0,1,2,2,0,5,0,3,1,1,2,0,1,0,0,1,2,0,0,0,0,0,0,0,1,0,0,1,2,2,1,0,0,0,0,1,1,1,1,2,0,0,0,0,0,0,0,5,0,0.069,,,,0.023,0.034,,,,,,0.011,,,,,,,,,,,,,,,,,,,,,,,0,2.0,0.043,130.5,9.0,130.476
493,High,RPath,842,9.0,3.0,3.0,127.0,191.0,255.0,0.04712041884816754,Asphalt,132.8,2.0,3,130.256,0.048,0.144,0.0677710843373494,0.048,66,4,6.0,sidewalks,CON,1,0,0,0,0,0,0,0,0,0,0,0,1,2,0,0,0,0,0,0,0,0,0,0,5,0,0,0,1,2,2,0,0,0,0,0,0,0,0,0,0,0,0,0,1,2,0,0,1,0,1,2,2,0,5,0,3,1,1,2,2,1,2,0,1,2,0,0,0,0,1,0,0,1,2,0,1,2,2,1,2,0,0,0,1,1,1,1,2,0,0,0,0,0,0,0,5,0,0.192,,,,0.192,,,,,,,,,,,,,,,,,,,,,,,,,,,,,,1,2.0,0.048,132.8,19.0,130.256
494,High,RPath,843,9.0,3.0,3.0,68.0,101.0,135.0,0.0891089108910891,Asphalt,104.8,2.0,3,105.254,0.032,0.096,0.0858778625954198,0.032,59,3,6.0,sidewalks,CON,1,0,0,0,0,0,0,0,0,0,0,0,1,2,0,0,0,0,0,0,0,0,0,0,5,0,3,0,1,2,2,0,0,0,0,0,0,0,0,0,0,0,0,0,1,2,0,0,1,0,1,2,2,0,5,0,0,1,1,2,2,1,2,0,1,0,0,0,0,0,0,0,0,1,0,0,1,2,0,1,2,0,0,0,1,1,1,1,2,0,0,0,0,0,0,0,5,0,0.129,,,,0.129,,,,,,,,,,,,,,,,,,,,,,,,,,,,,,0,2.0,0.032,104.8,9.0,105.254
495,High,RPath,847,9.0,3.0,3.0,216.0,325.0,433.0,0.027692307692307693,Asphalt,103.8,2.0,3,102.607,0.094,0.282,0.0867052023121387,0.094,65,4,6.0,sidewalks,CON,1,2,0,0,0,0,0,0,0,0,0,0,1,2,0,0,0,0,0,0,0,0,0,0,5,0,3,0,1,2,2,0,0,0,0,0,0,0,0,0,0,0,0,0,1,2,0,0,1,0,1,2,0,0,5,0,3,1,1,2,0,1,0,0,1,2,0,0,0,0,1,0,0,1,2,0,1,2,2,1,2,0,0,0,1,1,1,1,2,0,0,0,0,0,0,0,5,0,0.361,,,,0.347,,,,,,,,,,,0.014,,,,,,,,,,,,,,,,,,,1,2.0,0.094,103.8,19.0,102.607
496,High,RPath,848,9.0,3.0,3.0,113.0,170.0,226.0,0.052941176470588235,Asphalt,76.4,2.0,3,76.413,0.059,0.177,0.1178010471204188,0.059,64,4,6.0,sidewalks,CON,1,2,0,0,0,0,0,0,0,0,0,0,1,2,0,1,0,0,0,0,0,0,0,0,5,0,3,0,1,2,2,0,0,0,0,0,0,0,0,0,0,0,0,0,1,2,0,0,0,0,1,2,0,0,5,0,3,1,1,2,0,1,0,0,1,2,2,0,0,0,0,0,0,1,0,0,1,2,2,1,2,0,0,0,1,1,1,1,2,0,0,0,0,0,0,0,5,0,0.216,,,,0.196,,,,,,,,,,,0.02,,,,,,,,,,,,,,,,,,,0,2.0,0.059,76.4,9.0,76.413
497,High,RPath,850,9.0,3.0,3.0,112.0,168.0,224.0,0.05357142857142857,Asphalt,77.8,2.0,3,76.373,0.072,0.2159999999999999,0.1156812339331619,0.072,59,3,6.0,sidewalks,CON,1,2,0,0,0,0,0,0,0,0,0,0,1,2,0,0,0,0,0,0,0,0,0,0,5,0,0,0,1,2,2,0,0,0,0,0,0,0,0,0,0,0,0,0,1,2,0,0,1,0,1,2,0,0,0,0,3,1,1,2,0,1,0,0,1,2,2,0,0,0,1,0,0,1,2,0,1,2,2,1,2,0,0,0,1,1,1,1,0,0,1,0,0,1,0,0,5,0,0.212,,,,0.174,0.019,,,,,,,,,,,,0.019,,,,,,,,,,,,,,,,,1,2.0,0.072,77.8,19.0,76.373
498,High,RPath,884,9.0,3.0,3.0,83.0,124.0,166.0,0.07258064516129033,Asphalt,88.6,2.0,3,88.619,0.03,0.09,0.1015801354401805,0.03,50,3,6.0,sidewalks,HMAC,1,2,2,1,0,0,0,0,0,0,0,0,1,0,0,0,0,0,0,0,0,0,0,0,0,0,0,2,0,0,0,1,2,2,1,2,2,0,0,0,0,0,0,0,1,2,0,0,1,1,1,2,2,0,0,0,3,1,0,0,0,0,0,0,0,0,0,0,0,0,0,0,0,1,0,0,1,2,0,0,0,0,5,3,0,0,0,0,0,0,0,0,0,0,0,0,5,0,0.118,,,,0.102,,,,,,,0.017,,,,,,,,,,,,,,,,,,,,,,,0,2.0,0.03,88.6,9.0,88.619
499,High,RPath,885,9.0,3.0,3.0,23.0,34.0,45.0,0.2647058823529412,Asphalt,57.2,2.0,3,55.595,0.02,0.06,0.1573426573426573,0.02,50,3,6.0,sidewalks,HMAC,1,2,2,0,0,0,0,0,0,0,0,0,1,0,0,1,0,0,0,0,0,0,0,0,0,0,0,2,0,0,0,1,2,2,1,2,2,0,0,0,0,0,0,0,1,2,0,0,1,1,1,2,2,0,0,0,3,1,0,0,0,0,0,0,0,0,0,0,0,0,0,0,0,1,0,0,1,2,0,0,0,0,5,3,0,0,0,0,0,0,0,0,0,0,0,0,5,0,0.079,,,,0.079,,,,,,,,,,,,,,,,,,,,,,,,,,,,,,0,2.0,0.02,57.2,9.0,55.595
500,High,RPath,896,9.0,3.0,3.0,68.0,101.0,135.0,0.0891089108910891,Asphalt,95.3,2.0,3,94.845,0.035,0.105,0.0944386149003148,0.035,61,3,6.0,sidewalks,HMAC,1,2,2,1,2,2,0,0,0,0,0,0,1,2,2,0,0,0,0,0,0,0,0,0,0,5,0,2,0,0,0,0,0,0,0,0,0,0,0,0,0,0,0,5,0,0,0,0,0,0,1,2,2,5,0,0,3,1,1,0,0,0,0,0,0,0,0,0,0,0,0,0,0,1,2,0,1,2,2,0,0,0,0,3,1,0,1,1,0,0,0,0,0,0,0,0,5,0,0.142,,,,0.142,,,,,,,,,,,,,,,,,,,,,,,,,,,,,,0,2.0,0.035,95.3,9.0,94.845
501,High,RPath,924,9.0,3.0,3.0,68.0,102.0,135.0,0.08823529411764706,Asphalt,188.0,2.0,3,134.378,0.012,0.036,0.0478723404255319,0.012,53,3,6.0,sidewalks,HMAC,1,2,2,1,2,2,0,0,0,0,0,0,1,2,2,0,0,0,0,0,0,0,0,0,0,5,0,0,0,0,0,0,0,0,0,0,0,0,0,0,1,0,0,0,0,0,0,0,1,0,1,2,2,5,5,0,0,0,1,0,0,0,0,0,0,0,0,0,0,0,0,0,0,0,0,0,1,2,0,0,0,0,0,0,1,1,1,0,0,0,1,2,0,1,0,0,5,0,0.04,,,,0.032,,,,,,,,,,,,,0.008,,,,,,,,,,,,,,,,,0,2.0,0.012,188.0,9.0,134.378
502,High,RPath,932,9.0,3.0,3.0,174.0,261.0,348.0,0.034482758620689655,Asphalt,254.2,2.0,3,252.423,0.022,0.066,0.035405192761605,0.022,53,3,6.0,sidewalks,HMAC,1,2,2,1,2,0,1,2,0,1,0,0,1,2,2,0,0,0,0,0,0,0,0,0,5,5,0,2,0,0,0,0,0,0,1,2,2,0,0,0,0,0,0,0,0,0,0,0,0,0,1,2,0,0,0,4,0,0,0,0,0,0,0,0,0,0,0,0,0,0,0,0,0,0,0,0,1,2,0,0,0,0,0,3,0,1,0,0,0,0,0,0,0,0,0,0,5,0,0.089,,,,0.077,,,,,,,,,0.012,,,,,,,,,,,,,,,,,,,,,0,2.0,0.022,254.2,9.0,252.423
503,High,RPath,933,9.0,3.0,3.0,30.0,45.0,60.0,0.2,Asphalt,77.3,2.0,3,79.636,0.019,0.0569999999999999,0.1164294954721863,0.019,52,3,6.0,sidewalks,HMAC,1,2,0,0,0,0,0,0,0,1,2,0,1,2,0,0,0,0,0,0,0,0,0,0,0,0,0,2,0,0,0,0,0,0,1,2,2,0,0,0,0,0,0,0,0,0,0,0,0,0,1,2,2,5,0,4,0,1,0,0,0,0,0,0,0,0,0,0,0,0,0,0,0,0,0,0,1,2,2,0,0,0,5,3,1,1,1,0,0,0,0,0,0,0,0,0,5,0,0.078,,,,0.078,,,,,,,,,,,,,,,,,,,,,,,,,,,,,,0,2.0,0.019,77.3,9.0,79.636
504,High,RPath,934,9.0,3.0,3.0,105.0,158.0,210.0,0.056962025316455694,Asphalt,76.4,2.0,3,80.646,0.083,0.249,0.1178010471204188,0.083,52,3,6.0,sidewalks,HMAC,1,2,0,0,0,0,0,0,0,1,2,0,1,2,0,0,0,0,0,0,0,0,0,0,0,0,0,2,0,0,0,0,0,0,1,2,2,0,0,0,0,0,0,0,0,0,0,0,0,0,1,2,2,5,0,4,0,1,0,0,0,0,0,0,0,0,0,0,0,0,0,0,0,0,0,0,1,2,2,0,0,0,5,3,1,1,1,0,0,0,0,0,0,0,0,0,5,0,0.275,,,,0.255,0.02,,,,,,,,,,,,,,,,,,,,,,,,,,,,,0,2.0,0.083,76.4,9.0,80.646
505,High,RPath,935,9.0,3.0,3.0,45.0,67.0,90.0,0.13432835820895522,Asphalt,94.5,2.0,3,98.231,0.036,0.1079999999999999,0.0952380952380952,0.036,53,3,6.0,sidewalks,HMAC,1,2,2,1,0,0,1,0,0,1,2,0,1,2,0,0,0,0,0,0,0,0,0,0,0,0,0,2,0,0,0,0,0,0,1,2,2,0,0,0,0,0,0,0,0,0,0,0,0,0,1,2,2,5,0,4,0,1,0,0,0,0,0,0,0,0,0,0,0,0,0,0,0,0,0,0,1,2,0,0,0,0,5,3,0,1,1,0,0,0,0,0,0,0,0,0,5,0,0.095,,,,0.079,0.016,,,,,,,,,,,,,,,,,,,,,,,,,,,,,0,2.0,0.036,94.5,9.0,98.231
506,High,RPath,937,9.0,3.0,3.0,15.0,23.0,30.0,0.391304347826087,Asphalt,64.2,2.0,3,70.182,0.012,0.036,0.1401869158878504,0.012,52,3,6.0,sidewalks,HMAC,1,2,2,1,0,0,1,0,0,1,2,0,1,2,0,0,0,0,0,0,0,0,0,0,0,0,0,2,0,0,0,0,0,0,1,2,2,0,0,0,0,0,0,0,0,0,0,0,0,0,1,2,2,5,0,4,0,1,0,0,0,0,0,0,0,0,0,0,0,0,0,0,0,1,0,0,1,0,0,0,0,0,5,3,0,1,1,0,0,0,0,0,0,0,0,0,5,0,0.047,,,,0.047,,,,,,,,,,,,,,,,,,,,,,,,,,,,,,0,2.0,0.012,64.2,9.0,70.182
507,High,RPath,940,9.0,3.0,3.0,37.0,56.0,75.0,0.16071428571428573,Asphalt,46.2,2.0,3,50.345,0.065,0.195,0.1948051948051948,0.065,52,3,6.0,sidewalks,HMAC,1,2,2,1,0,0,1,0,0,1,0,0,1,2,0,0,0,0,0,0,0,0,0,0,5,0,0,2,0,0,0,0,0,0,1,2,2,0,0,0,0,0,0,0,0,0,0,0,0,0,1,2,2,5,0,4,0,1,0,0,0,0,0,0,0,0,0,0,0,0,0,0,0,1,0,0,0,0,0,0,0,0,5,3,0,0,0,0,0,0,0,0,0,0,0,0,5,0,0.162,,,,0.13,0.032,,,,,,,,,,,,,,,,,,,,,,,,,,,,,0,2.0,0.065,46.2,9.0,50.345
508,High,RPath,941,9.0,3.0,3.0,276.0,414.0,551.0,0.021739130434782608,Asphalt,177.9,2.0,3,177.229,0.089,0.267,0.0505902192242833,0.089,53,3,6.0,sidewalks,HMAC,1,2,2,1,0,0,1,0,0,1,0,0,1,2,0,0,0,0,0,0,0,0,0,0,0,0,0,2,0,0,0,0,0,0,1,2,2,0,0,0,0,0,0,0,0,0,0,0,0,0,1,2,2,5,0,4,0,1,0,0,0,0,0,0,0,0,0,0,0,0,0,0,0,1,2,0,1,0,0,0,0,0,5,3,1,1,1,0,0,0,0,0,0,0,0,0,5,0,0.278,,,,0.253,0.017,,,,,,,,,,,,,0.008,,,,,,,,,,,,,,,,0,2.0,0.089,177.9,9.0,177.229
509,High,RPath,942,9.0,3.0,3.0,248.0,372.0,495.0,0.024193548387096774,Asphalt,235.9,2.0,3,234.326,0.052,0.156,0.0381517592200084,0.052,50,3,6.0,sidewalks,HMAC,1,2,0,1,0,0,0,0,0,0,0,0,1,2,0,0,0,0,0,0,0,0,0,0,0,0,0,2,0,0,0,0,0,0,1,2,2,0,0,0,0,0,0,0,0,0,0,0,0,0,1,2,2,0,0,4,0,1,0,0,0,0,0,0,0,0,0,0,0,0,0,0,0,1,2,2,1,2,2,0,0,0,5,3,1,1,1,0,0,0,0,0,0,0,0,0,5,0,0.21,,,,0.21,,,,,,,,,,,,,,,,,,,,,,,,,,,,,,0,2.0,0.052,235.9,9.0,234.326
510,High,RPath,943,9.0,3.0,3.0,143.0,214.0,285.0,0.04205607476635514,Asphalt,119.8,2.0,3,118.075,0.059,0.177,0.0751252086811352,0.059,58,3,6.0,sidewalks,HMAC,1,2,2,1,2,0,1,2,0,0,0,0,1,0,0,0,0,0,0,0,0,0,0,0,0,5,0,2,0,0,0,0,0,0,1,2,2,0,0,0,0,0,0,0,0,0,0,0,0,0,1,2,2,0,0,4,0,1,0,0,0,0,0,0,0,0,0,0,0,0,0,0,0,1,2,0,1,2,2,0,0,0,5,3,1,1,1,0,0,0,0,0,0,0,0,0,5,0,0.238,,,,0.238,,,,,,,,,,,,,,,,,,,,,,,,,,,,,,1,2.0,0.059,119.8,19.0,118.075
511,High,RPath,944,9.0,3.0,3.0,323.0,484.0,645.0,0.01859504132231405,Asphalt,291.9,2.0,3,287.663,0.059,0.177,0.0308324768756423,0.059,62,3,6.0,sidewalks,HMAC,1,2,2,1,2,2,1,2,2,0,0,0,1,0,0,0,0,0,0,0,0,0,0,0,0,5,0,2,0,0,0,0,0,0,1,2,2,0,0,0,0,0,0,0,0,0,0,0,0,0,1,2,2,0,0,4,0,1,0,0,0,0,0,0,0,0,0,0,0,0,0,0,0,1,2,0,1,2,2,0,0,0,5,3,1,1,1,0,0,0,0,0,0,0,0,0,5,0,0.221,,,,0.216,0.005,,,,,,,,,,,,,,,,,,,,,,,,,,,,,1,2.0,0.059,291.9,19.0,287.663
512,High,RPath,945,9.0,3.0,3.0,30.0,45.0,60.0,0.2,Asphalt,75.9,2.0,3,80.545,0.02,0.06,0.1185770750988142,0.02,53,3,6.0,sidewalks,HMAC,1,2,0,1,0,0,0,0,0,0,0,0,1,2,2,1,0,0,0,0,0,0,0,0,0,0,0,2,0,0,0,0,0,0,1,2,2,0,0,0,0,0,0,0,1,0,0,0,0,0,1,2,0,5,0,4,0,1,0,0,0,0,0,0,0,0,0,0,0,0,1,0,0,1,2,0,1,2,2,0,0,0,5,3,0,0,0,0,0,0,0,0,0,0,0,0,5,0,0.079,,,,0.079,,,,,,,,,,,,,,,,,,,,,,,,,,,,,,0,2.0,0.02,75.9,9.0,80.545
513,High,RPath,946,9.0,3.0,3.0,289.0,434.0,579.0,0.020737327188940093,Asphalt,86.9,2.0,3,89.354,0.099,0.297,0.1035673187571921,0.099,52,3,6.0,sidewalks,HMAC,1,2,0,1,0,0,0,0,0,0,0,0,1,2,2,1,0,0,0,0,0,0,0,0,0,0,0,2,0,0,0,0,0,0,1,2,2,0,0,0,0,0,0,0,0,0,0,0,0,0,1,2,0,5,0,4,0,1,0,0,0,0,0,0,0,0,0,0,0,0,1,0,0,1,2,0,1,2,2,0,0,0,5,3,0,0,0,0,0,0,0,0,0,0,0,0,5,0,0.276,0.017,,,0.224,0.017,,,,,,,,,,,,0.017,,,,,,,,,,,,,,,,,0,2.0,0.099,86.9,9.0,89.354
514,High,RPath,961,9.0,3.0,3.0,337.0,506.0,675.0,0.017786561264822136,Asphalt,75.5,2.0,3,75.577,0.099,0.297,0.119205298013245,0.099,62,3,6.0,sidewalks,CON,1,2,0,0,0,0,0,0,0,1,2,0,0,0,0,1,0,0,0,0,0,0,0,0,5,0,0,0,1,2,2,1,0,0,1,0,0,0,0,0,1,0,0,0,1,2,0,0,1,1,1,2,2,0,5,0,0,1,1,2,0,0,0,0,1,2,0,0,0,0,1,2,0,1,0,0,1,2,0,0,0,0,0,0,1,1,1,1,2,0,1,0,0,1,0,0,5,0,0.338,,,,0.199,,,,,,,,,0.079,,0.02,,0.04,,,,,,,,,,,,,,,,,1,2.0,0.099,75.5,19.0,75.577
515,High,RPath,962,9.0,3.0,3.0,165.0,248.0,330.0,0.036290322580645164,Asphalt,91.0,2.0,3,90.904,0.025,0.075,0.0989010989010989,0.025,66,4,6.0,sidewalks,CON,1,2,2,0,0,0,0,0,0,1,2,0,0,0,0,1,0,0,0,0,0,0,0,0,5,0,0,0,1,2,2,1,0,0,1,0,0,0,0,0,1,0,0,0,1,2,0,0,1,1,1,2,2,0,5,0,0,1,1,2,0,0,0,0,1,2,0,0,0,0,1,0,0,1,2,0,1,2,0,0,0,0,0,0,1,1,1,1,2,2,1,0,0,1,0,0,5,0,0.099,,,,0.033,,,,,,,,,0.066,,,,,,,,,,,,,,,,,,,,,1,2.0,0.025,91.0,19.0,90.904
516,High,RPath,979,9.0,3.0,3.0,97.0,145.0,194.0,0.06206896551724138,Asphalt,73.6,2.0,3,73.579,0.051,0.153,0.1222826086956521,0.051,62,3,6.0,sidewalks,HMAC,1,2,0,0,0,0,0,0,0,0,0,0,1,2,0,1,0,0,0,0,0,0,0,0,0,0,3,0,1,2,2,0,0,0,1,0,0,0,0,0,0,0,0,0,1,2,2,0,0,0,1,0,0,0,5,0,3,1,1,0,0,0,0,0,1,2,2,0,0,0,0,0,0,1,0,0,1,2,2,1,2,0,0,3,1,1,1,1,2,0,1,0,0,1,0,0,5,0,0.183,,,,0.163,,,,,,,,,,,0.02,,,,,,,,,,,,,,,,,,,0,2.0,0.051,73.6,9.0,73.579
517,High,RPath,986,9.0,3.0,3.0,22.0,33.0,45.0,0.2727272727272727,Asphalt,101.4,2.0,3,101.435,0.011,0.033,0.0887573964497041,0.011,50,3,6.0,sidewalks,CON,1,2,0,1,2,0,1,2,0,1,2,0,1,2,2,0,0,0,0,0,0,0,0,0,0,5,0,2,0,0,0,0,0,0,1,0,0,0,0,0,0,0,0,0,0,0,0,0,0,0,0,0,0,0,0,4,3,0,0,0,0,0,0,0,0,0,0,0,0,0,0,0,0,1,2,0,1,2,0,0,0,0,0,0,1,1,1,0,0,0,1,0,0,0,0,0,5,3,0.044,,,,0.044,,,,,,,,,,,,,,,,,,,,,,,,,,,,,,0,2.0,0.011,101.4,9.0,101.435
518,High,RPath,988,9.0,3.0,3.0,264.0,396.0,528.0,0.022727272727272728,Asphalt,95.9,2.0,3,113.36,0.086,0.258,0.0938477580813347,0.086,59,3,6.0,sidewalks,CON,1,2,2,1,2,2,1,2,2,1,2,2,1,2,2,0,0,0,0,0,0,0,0,0,0,5,0,2,0,0,0,0,0,0,1,0,0,0,0,0,0,0,0,0,0,0,0,0,0,0,0,0,0,0,0,0,3,1,0,0,0,0,0,0,0,0,0,0,0,0,0,0,0,1,2,0,1,2,2,0,0,0,0,3,1,1,1,0,0,0,1,2,0,0,0,0,5,0,0.235,,,,0.156,,,,,,,,,,,,0.016,0.063,,,,,,,,,,,,,,,,,0,2.0,0.086,95.9,9.0,113.36
519,High,RPath,1002,9.0,3.0,3.0,30.0,45.0,60.0,0.2,Asphalt,100.3,2.0,3,100.34,0.015,0.045,0.0897308075772682,0.015,61,3,6.0,sidewalks,HMAC,1,2,2,1,0,0,1,0,0,1,2,0,1,2,0,0,0,0,0,0,0,0,0,0,5,0,3,2,0,0,0,0,0,0,1,2,2,0,0,0,0,0,0,0,1,0,0,0,0,0,1,2,2,0,5,0,0,1,0,0,0,0,0,0,0,0,0,0,0,0,0,0,0,1,2,2,1,2,2,0,0,0,0,3,1,1,1,0,0,0,0,0,0,0,0,0,5,0,0.06,,,,0.06,,,,,,,,,,,,,,,,,,,,,,,,,,,,,,0,2.0,0.015,100.3,9.0,100.34
520,High,RPath,1007,9.0,3.0,3.0,354.0,531.0,708.0,0.01694915254237288,Asphalt,197.9,2.0,3,197.906,0.083,0.249,0.045477513895907,0.083,62,3,6.0,sidewalks,HMAC,1,2,2,1,0,0,0,0,0,0,0,0,1,2,0,1,0,0,0,0,0,0,0,0,0,5,0,2,1,2,0,1,0,0,1,2,0,0,0,0,0,0,0,5,1,0,0,0,1,0,1,2,2,0,0,0,0,1,0,0,0,0,0,0,1,0,0,0,0,0,1,2,2,1,0,0,1,2,0,0,0,0,0,3,1,0,1,1,2,0,1,0,0,1,0,0,5,0,0.326,,,,0.318,,,,,,,,,,,0.008,,,,,,,,,,,,,,,,,,,0,2.0,0.083,197.9,9.0,197.906
521,High,RPath,1008,9.0,3.0,3.0,135.0,203.0,270.0,0.04433497536945813,Asphalt,114.0,2.0,3,113.972,0.059,0.177,0.0789473684210526,0.059,55,3,6.0,sidewalks,HMAC,1,2,2,1,0,0,0,0,0,0,0,0,1,0,0,1,2,0,0,0,0,0,0,0,0,5,0,2,1,0,0,0,0,0,1,2,0,0,0,0,0,0,0,5,1,2,0,0,0,0,1,2,2,0,0,0,0,1,0,0,0,0,0,0,0,0,0,0,0,0,1,2,2,1,0,0,1,0,0,0,0,0,0,3,1,0,1,1,0,0,1,0,0,1,0,0,5,0,0.237,,,,0.237,,,,,,,,,,,,,,,,,,,,,,,,,,,,,,0,2.0,0.059,114.0,9.0,113.972
522,High,RPath,1009,9.0,3.0,3.0,246.0,370.0,493.0,0.024324324324324326,Asphalt,123.8,2.0,3,124.163,0.067,0.201,0.0726978998384491,0.067,66,4,6.0,sidewalks,HMAC,1,2,2,1,2,0,0,0,0,0,0,0,1,0,0,1,2,0,0,0,0,0,0,0,0,5,0,2,1,2,0,0,0,0,1,2,2,0,0,0,0,0,0,5,1,2,0,0,0,0,1,2,0,0,0,0,0,1,0,0,0,0,0,0,0,0,0,0,0,0,1,2,0,1,0,0,1,2,0,0,0,0,5,3,1,0,1,1,0,0,1,2,0,1,0,0,5,0,0.254,,,,0.218,,,,,,,0.024,,,,,,0.012,,,,,,,,,,,,,,,,,0,2.0,0.067,123.8,9.0,124.163
523,High,RPath,1023,9.0,3.0,3.0,15.0,22.0,30.0,0.4090909090909091,Asphalt,35.6,2.0,3,23.14,0.084,0.252,0.2528089887640449,0.084,64,4,6.0,sidewalks,CON,1,2,2,0,0,0,0,0,0,0,0,0,1,2,2,0,0,0,0,0,0,1,0,0,0,5,0,2,0,0,0,0,0,0,1,2,2,0,0,0,1,0,0,0,1,2,2,0,1,1,1,2,2,5,5,4,0,0,0,0,0,0,0,0,0,0,0,0,0,0,0,0,0,1,2,0,1,2,0,0,0,0,0,0,1,1,1,0,0,0,0,0,0,0,0,0,5,0,0.084,,,,,0.084,,,,,,,,,,,,,,,,,,,,,,,,,,,,,0,2.0,0.084,35.6,9.0,23.14
524,High,RPath,1026,9.0,3.0,3.0,30.0,45.0,60.0,0.2,Asphalt,138.9,2.0,3,136.25,0.019,0.0569999999999999,0.0647948164146868,0.019,54,3,6.0,sidewalks,CON,1,2,2,1,2,2,1,2,0,0,0,0,1,2,2,1,2,2,0,0,0,0,0,0,0,0,0,2,0,0,0,0,0,0,0,0,0,0,0,0,0,0,0,0,0,0,0,0,1,1,1,2,2,0,0,0,3,1,0,0,0,0,0,0,0,0,0,0,0,0,0,0,0,1,0,0,1,2,0,0,0,0,5,3,1,0,0,0,0,0,0,0,0,0,0,0,5,0,0.043,,,,0.032,0.011,,,,,,,,,,,,,,,,,,,,,,,,,,,,,0,2.0,0.019,138.9,9.0,136.25
525,High,RPath,1035,9.0,3.0,3.0,162.0,243.0,324.0,0.037037037037037035,Asphalt,289.0,2.0,3,285.287,0.073,0.2189999999999999,0.0311418685121107,0.073,49,3,6.0,sidewalks,CON,1,2,2,1,0,0,1,0,0,0,0,0,1,0,0,1,0,0,0,0,0,0,0,0,0,5,0,2,0,0,0,0,0,0,0,0,0,0,0,0,0,0,0,0,0,0,0,0,1,1,1,2,2,5,5,0,3,0,0,0,0,0,0,0,0,0,0,0,0,0,0,0,0,0,0,0,1,2,2,0,0,0,0,0,1,1,1,0,0,0,0,0,0,0,0,0,5,0,0.073,,,,,0.062,,,0.005,,,,,,,,0.005,,,,,,,,,,,,,,,,,,3,2.0,0.073,289.0,39.0,285.287
526,High,RPath,1037,9.0,3.0,3.0,45.0,68.0,91.0,0.1323529411764706,Asphalt,114.6,2.0,3,113.156,0.079,0.237,0.0785340314136125,0.079,50,3,6.0,sidewalks,CON,1,2,2,1,2,0,1,2,0,0,0,0,0,0,0,0,0,0,0,0,0,0,0,0,0,0,0,2,0,0,0,0,0,0,1,2,0,0,0,0,1,0,0,0,1,0,0,0,1,1,1,2,2,5,5,0,3,1,0,0,0,0,0,0,0,0,0,0,0,0,0,0,0,1,2,0,0,0,0,0,0,0,0,0,1,1,1,0,0,0,0,0,0,0,0,0,5,0,0.079,,,,,0.079,,,,,,,,,,,,,,,,,,,,,,,,,,,,,1,2.0,0.079,114.6,19.0,113.156
527,High,RPath,1039,9.0,3.0,3.0,68.0,102.0,135.0,0.08823529411764706,Asphalt,208.3,2.0,3,208.261,0.065,0.195,0.0432069131060969,0.065,59,3,6.0,sidewalks,CON,1,2,2,1,2,0,1,2,0,0,0,0,0,0,0,0,0,0,0,0,0,0,0,0,0,5,0,2,0,0,0,0,0,0,1,2,2,0,0,0,1,0,0,0,1,2,0,0,1,1,1,2,2,5,5,0,3,1,0,0,0,0,0,0,0,0,0,0,0,0,0,0,0,1,2,0,0,0,0,0,0,0,0,0,1,1,1,0,0,0,0,0,0,0,0,0,5,0,0.065,,,,,0.065,,,,,,,,,,,,,,,,,,,,,,,,,,,,,1,2.0,0.065,208.3,19.0,208.261
528,High,RPath,1041,9.0,3.0,3.0,62.0,92.0,123.0,0.09782608695652174,Asphalt,192.6,2.0,3,192.371,0.019,0.0569999999999999,0.0467289719626168,0.019,51,3,6.0,sidewalks,CON,1,2,2,1,2,0,1,2,0,0,0,0,0,0,0,0,0,0,0,0,0,0,0,0,0,0,0,2,0,0,0,0,0,0,1,2,2,0,0,0,1,0,0,0,1,2,0,0,1,1,1,2,2,5,5,0,0,1,0,0,0,0,0,0,0,0,0,0,0,0,0,0,0,1,2,0,0,0,0,0,0,0,0,0,1,1,1,0,0,0,0,0,0,0,0,0,5,0,0.031,,,,0.016,0.008,,,,,,,,,,,0.008,,,,,,,,,,,,,,,,,,1,2.0,0.019,192.6,19.0,192.371
529,High,RPath,1045,9.0,3.0,3.0,711.0,1067.0,1422.0,0.008434864104967198,Asphalt,303.3,2.0,3,302.333,0.074,0.2219999999999999,0.029673590504451,0.074,52,3,6.0,sidewalks,CON,1,2,2,1,0,0,1,0,0,0,0,0,1,0,0,1,0,0,0,0,0,0,0,0,0,5,0,2,0,0,0,0,0,0,0,0,0,0,0,0,0,0,0,0,0,0,0,0,1,1,1,2,2,5,5,0,3,0,0,0,0,0,0,0,0,0,0,0,0,0,0,0,0,0,0,0,1,2,2,0,0,0,0,0,1,1,1,0,0,0,0,0,0,0,0,0,5,3,0.089,,,0.02,0.02,0.049,,,,,,,,,,,,,,,,,,,,,,,,,,,,,3,2.0,0.074,303.3,39.0,302.333
530,High,RPath,1050,9.0,3.0,3.0,469.0,703.0,938.0,0.012802275960170697,Asphalt,79.6,2.0,3,79.59,0.066,0.198,0.1130653266331658,0.066,60,3,6.0,sidewalks,HMAC,1,2,0,1,0,0,0,0,0,0,0,0,1,2,0,1,2,0,0,0,0,0,0,0,0,0,0,2,0,0,0,0,0,0,1,2,2,0,0,0,0,0,0,0,1,0,0,0,0,0,1,2,2,5,5,0,3,1,0,0,0,0,0,0,0,0,0,0,0,0,0,0,0,1,2,0,1,2,2,0,0,0,5,3,0,1,0,0,0,0,0,0,0,1,0,0,5,0,0.094,0.057,,,0.038,,,,,,,,,,,,,,,,,,,,,,,,,,,,,,2,2.0,0.066,79.6,29.0,79.59
531,High,RPath,1051,9.0,3.0,3.0,22.0,34.0,45.0,0.2647058823529412,Asphalt,82.9,2.0,3,79.353,0.054,0.162,0.1085645355850422,0.054,59,3,6.0,sidewalks,CON,1,2,2,1,0,0,0,0,0,0,0,0,1,0,0,1,2,0,0,0,0,0,0,0,5,0,0,2,0,0,0,0,0,0,1,2,0,0,0,0,0,0,0,5,1,2,0,0,0,0,1,2,2,5,0,0,3,1,0,0,0,0,0,0,0,0,0,0,0,0,1,2,2,1,0,0,1,0,0,0,0,0,0,3,1,0,1,0,0,0,0,0,0,0,0,0,5,0,0.054,,,,,0.054,,,,,,,,,,,,,,,,,,,,,,,,,,,,,0,2.0,0.054,82.9,9.0,79.353
532,High,RPath,1053,9.0,3.0,3.0,7.0,11.0,15.0,0.8181818181818182,Asphalt,82.9,2.0,3,78.859,0.018,0.0539999999999999,0.1085645355850422,0.018,57,3,6.0,sidewalks,CON,1,2,0,1,2,0,0,0,0,0,0,0,1,0,0,1,2,0,0,0,0,0,0,0,0,0,0,2,0,0,0,0,0,0,1,2,2,0,0,0,0,0,0,5,1,2,0,0,0,0,1,2,2,5,0,0,3,1,0,0,0,0,0,0,0,0,0,0,0,0,1,2,0,0,0,0,1,0,0,0,0,0,5,3,1,0,0,0,0,0,0,0,0,0,0,0,5,0,0.018,,,,,0.018,,,,,,,,,,,,,,,,,,,,,,,,,,,,,0,2.0,0.018,82.9,9.0,78.859
533,High,RPath,1055,9.0,3.0,3.0,135.0,202.0,270.0,0.04455445544554455,Asphalt,72.1,2.0,3,73.802,0.094,0.282,0.1248266296809986,0.094,57,3,6.0,sidewalks,HMAC,1,2,2,1,2,0,1,0,0,0,0,0,1,2,0,0,0,0,0,0,0,0,0,0,0,0,0,2,0,0,0,0,0,0,1,2,2,0,0,0,0,0,0,0,0,0,0,0,1,0,1,2,2,5,0,4,3,1,0,0,0,0,0,0,0,0,0,0,0,0,0,0,0,1,2,0,1,2,0,0,0,0,5,3,0,0,0,0,0,0,0,0,0,0,0,0,5,0,0.374,,,,0.374,,,,,,,,,,,,,,,,,,,,,,,,,,,,,,0,2.0,0.094,72.1,9.0,73.802
534,High,RPath,1064,9.0,3.0,3.0,121.0,181.0,241.0,0.049723756906077346,Asphalt,167.7,2.0,3,165.358,0.06,0.18,0.0536672629695885,0.06,61,3,6.0,sidewalks,HMAC,1,2,0,1,2,0,1,0,0,0,0,0,1,2,0,1,0,0,0,0,0,0,0,0,0,0,0,2,0,0,0,0,0,0,1,2,2,0,0,0,0,0,0,0,0,0,0,0,0,0,1,2,2,5,5,4,0,1,0,0,0,0,0,0,0,0,0,0,0,0,0,0,0,1,2,0,1,2,2,0,0,0,5,3,1,0,1,0,0,0,0,0,0,0,0,0,5,0,0.107,,,,0.054,0.045,,,,,,0.009,,,,,,,,,,,,,,,,,,,,,,,1,2.0,0.06,167.7,19.0,165.358
535,High,RPath,1078,9.0,3.0,3.0,15.0,22.0,30.0,0.4090909090909091,Asphalt,26.2,2.0,3,26.211,0.029,0.087,0.3435114503816794,0.029,63,3,6.0,sidewalks,CON,1,2,0,0,0,0,0,0,0,1,0,0,1,2,2,1,2,0,0,0,0,1,2,2,0,5,0,0,0,0,0,1,0,0,1,2,0,0,0,0,1,2,0,5,1,2,0,0,1,1,1,2,2,0,0,0,0,1,1,2,0,0,0,0,0,0,0,0,0,0,0,0,0,1,0,0,1,2,0,0,0,0,0,3,1,0,1,1,0,0,0,0,0,0,0,0,5,0,0.114,,,,0.114,,,,,,,,,,,,,,,,,,,,,,,,,,,,,,0,2.0,0.029,26.2,9.0,26.211
536,High,RPath,1107,9.0,3.0,3.0,199.0,298.0,398.0,0.030201342281879196,Asphalt,280.0,2.0,3,280.014,0.044,0.132,0.0321428571428571,0.044,61,3,6.0,sidewalks,CON,1,2,2,1,0,0,0,0,0,0,0,0,0,0,0,1,2,2,0,0,0,0,0,0,0,5,0,2,0,0,0,0,0,0,1,2,2,0,0,0,0,0,0,0,1,2,2,0,1,1,1,2,2,5,5,0,0,0,0,0,0,0,0,0,1,2,2,0,0,0,0,0,0,1,2,0,0,0,0,0,0,0,0,0,1,1,1,0,0,0,0,0,0,0,0,0,5,0,0.059,,,,0.016,0.021,,,,,,,,,,0.005,,,0.016,,,,,,,,,,,,,,,,2,2.0,0.044,280.0,29.0,280.014
537,High,RPath,1116,9.0,3.0,3.0,15.0,23.0,30.0,0.391304347826087,Asphalt,100.4,2.0,3,100.56,0.03,0.09,0.0896414342629482,0.03,63,3,6.0,sidewalks,CON,1,2,2,1,2,0,1,0,0,1,2,2,1,2,2,0,0,0,0,0,0,0,0,0,0,0,0,2,0,0,0,0,0,0,1,2,2,0,0,0,0,0,0,0,1,2,2,0,1,1,1,2,2,5,5,0,3,0,0,0,0,0,0,0,0,0,0,0,0,0,0,0,0,1,2,2,1,0,0,0,0,0,0,0,1,0,0,0,0,0,0,0,0,0,0,0,5,0,0.03,,,,,0.03,,,,,,,,,,,,,,,,,,,,,,,,,,,,,0,2.0,0.03,100.4,9.0,100.56
538,High,RPath,1135,9.0,3.0,3.0,128.0,192.0,256.0,0.046875,Asphalt,65.9,2.0,3,65.655,0.091,0.273,0.1365705614567526,0.091,57,3,6.0,sidewalks,HMAC,1,2,0,1,0,0,1,0,0,0,0,0,1,2,2,1,2,2,0,0,0,0,0,0,0,5,0,2,0,0,0,0,0,0,1,2,2,0,0,0,0,0,0,0,0,0,0,0,0,0,1,2,2,0,5,0,0,1,0,0,0,0,0,0,0,0,0,0,0,0,1,0,0,1,2,0,1,0,0,0,0,0,5,3,1,0,0,0,0,0,0,0,0,0,0,0,5,0,0.296,,,,0.273,,0.023,,,,,,,,,,,,,,,,,,,,,,,,,,,,0,2.0,0.091,65.9,9.0,65.655
539,High,RPath,1136,9.0,3.0,3.0,15.0,23.0,31.0,0.391304347826087,Asphalt,170.7,2.0,3,171.861,0.011,0.033,0.0527240773286467,0.011,63,3,6.0,sidewalks,CON,1,2,2,1,0,0,1,0,0,0,0,0,1,2,2,1,2,2,0,0,0,0,0,0,0,5,0,0,0,0,0,0,0,0,1,2,2,0,0,0,0,0,0,0,0,0,0,0,0,0,1,2,0,5,5,0,0,1,0,0,0,0,0,0,0,0,0,0,0,0,1,0,0,1,2,2,1,0,0,0,0,0,5,3,1,1,0,0,0,0,0,0,0,0,0,0,5,0,0.018,,,,0.009,0.009,,,,,,,,,,,,,,,,,,,,,,,,,,,,,0,2.0,0.011,170.7,9.0,171.861
540,High,RPath,1138,9.0,3.0,3.0,178.0,268.0,357.0,0.033582089552238806,Asphalt,177.6,2.0,3,178.591,0.087,0.261,0.0506756756756756,0.087,55,3,6.0,sidewalks,CON,1,2,2,0,0,0,0,0,0,0,0,0,1,2,2,1,2,2,0,0,0,0,0,0,0,5,0,0,0,0,0,0,0,0,1,2,2,0,0,0,0,0,0,0,0,0,0,0,0,0,1,2,0,5,5,0,0,1,0,0,0,0,0,0,0,0,0,0,0,0,0,0,0,1,2,2,1,0,0,0,0,0,0,3,1,1,0,0,0,0,0,0,0,0,0,0,5,0,0.169,,,,0.11,0.051,,,,,,,,,,,0.008,,,,,,,,,,,,,,,,,,0,2.0,0.087,177.6,9.0,178.591
541,High,RPath,1164,9.0,3.0,3.0,45.0,68.0,91.0,0.1323529411764706,Asphalt,41.9,2.0,3,41.414,0.054,0.162,0.2147971360381861,0.054,57,3,6.0,sidewalks,CON,1,2,2,1,2,2,0,0,0,0,0,0,0,0,0,0,0,0,0,0,0,0,0,0,0,0,3,0,0,0,0,0,0,0,1,2,2,0,0,0,0,0,0,0,1,2,2,0,0,0,1,2,2,5,5,0,3,0,0,0,0,0,0,0,0,0,0,0,0,0,0,0,0,0,0,0,1,0,0,0,0,0,0,0,1,1,1,1,0,0,1,0,0,1,2,2,5,0,0.072,,,,,0.036,,,,,,,,,,,,0.036,,,,,,,,,,,,,,,,,0,2.0,0.054,41.9,9.0,41.414
542,High,RPath,1168,9.0,3.0,3.0,385.0,578.0,770.0,0.015570934256055362,Asphalt,418.5,2.0,3,208.375,0.04,0.12,0.021505376344086,0.04,66,4,6.0,sidewalks,CON,1,2,2,1,2,0,0,0,0,1,0,0,1,2,2,0,0,0,0,0,0,0,0,0,0,0,0,2,0,0,0,0,0,0,1,2,0,0,0,0,0,0,0,5,1,0,0,0,1,1,1,2,2,5,0,0,3,1,0,0,0,0,0,0,1,0,0,0,0,0,0,0,0,1,2,2,1,2,2,0,0,0,5,3,0,0,0,1,0,0,0,0,0,0,0,0,5,0,0.079,,,,0.036,0.018,,,,,,0.004,,,,,0.004,0.018,,,,,,,,,,,,,,,,,0,2.0,0.04,418.5,9.0,208.375
543,High,RPath,1169,9.0,3.0,3.0,725.0,1087.0,1450.0,0.00827966881324747,Asphalt,419.0,2.0,3,208.549,0.051,0.153,0.0214797136038186,0.051,63,3,6.0,sidewalks,CON,1,2,0,1,2,0,0,0,0,1,0,0,1,2,2,0,0,0,0,0,0,1,0,0,0,0,0,2,0,0,0,0,0,0,1,2,0,0,0,0,0,0,0,5,1,0,0,0,1,1,1,2,2,5,0,0,3,1,0,0,0,0,0,0,1,0,0,0,0,0,0,0,0,1,2,2,1,2,0,0,0,0,5,3,0,0,0,1,0,0,0,0,0,0,0,0,5,0,0.086,,,0.007,0.032,0.014,,,,,,,,,,,0.011,0.021,,,,,,,,,,,,,,,,,0,2.0,0.051,419.0,9.0,208.549
544,High,RPath,1180,9.0,3.0,3.0,45.0,68.0,90.0,0.1323529411764706,Asphalt,34.4,2.0,3,33.483,0.065,0.195,0.2616279069767442,0.065,54,3,6.0,sidewalks,CON,1,0,0,0,0,0,0,0,0,1,2,0,1,2,0,0,0,0,0,0,0,1,0,0,0,0,0,2,0,0,0,0,0,0,1,2,2,0,0,0,0,0,0,5,1,0,0,0,1,0,1,2,0,5,0,4,0,1,0,0,0,0,0,0,1,2,2,1,0,0,1,0,0,1,2,0,1,0,0,0,0,0,0,3,0,0,0,0,0,0,0,0,0,0,0,0,5,0,0.262,,,,0.262,,,,,,,,,,,,,,,,,,,,,,,,,,,,,,0,2.0,0.065,34.4,9.0,33.483
545,High,RPath,1183,9.0,3.0,3.0,186.0,279.0,371.0,0.03225806451612903,Asphalt,184.8,2.0,3,182.638,0.018,0.0539999999999999,0.0487012987012987,0.018,55,3,6.0,sidewalks,CON,1,2,2,1,0,0,1,0,0,0,0,0,1,2,0,1,2,0,0,0,0,0,0,0,5,0,3,2,0,0,0,1,2,2,0,0,0,0,0,0,0,0,0,0,0,0,0,0,1,1,1,2,2,0,5,0,3,1,0,0,0,0,0,0,0,0,0,0,0,0,0,0,0,1,2,0,0,0,0,0,0,0,0,0,1,1,1,0,0,0,0,0,0,0,0,0,5,0,0.073,,,,0.041,,,,,,,,,0.032,,,,,,,,,,,,,,,,,,,,,1,2.0,0.018,184.8,19.0,182.638
546,High,RPath,1192,9.0,3.0,3.0,91.0,136.0,182.0,0.0661764705882353,Asphalt,233.0,2.0,3,228.419,0.016,0.048,0.03862660944206,0.016,66,4,6.0,sidewalks,CON,1,2,2,1,0,0,0,0,0,0,0,0,1,2,0,0,0,0,0,0,0,0,0,0,0,5,0,0,0,0,0,1,2,2,1,2,2,1,2,2,1,2,2,0,1,2,0,0,0,0,1,2,2,5,5,4,0,1,0,0,0,0,0,0,0,0,0,0,0,0,0,0,0,0,0,0,0,0,0,0,0,0,0,0,1,1,1,1,0,0,0,0,0,0,0,0,5,0,0.026,,,,0.013,,,,,,,,,,,,0.013,,,,,,,,,,,,,,,,,,1,2.0,0.016,233.0,19.0,228.419
547,High,RPath,1201,9.0,3.0,3.0,458.0,688.0,917.0,0.01308139534883721,Asphalt,295.8,2.0,3,295.85,0.025,0.075,0.0304259634888438,0.025,60,3,6.0,sidewalks,CON,1,2,2,1,0,0,1,0,0,0,0,0,0,0,0,0,0,0,0,0,0,0,0,0,0,5,3,2,0,0,0,0,0,0,1,2,2,0,0,0,0,0,0,5,1,0,0,0,0,0,1,0,0,5,5,4,0,1,0,0,0,0,0,0,0,0,0,0,0,0,0,0,0,0,0,0,1,2,2,0,0,0,0,3,1,1,1,0,0,0,0,0,0,0,0,0,5,0,0.025,0.015,,,,0.01,,,,,,,,,,,,,,,,,,,,,,,,,,,,,0,2.0,0.025,295.8,9.0,295.85
548,High,RPath,1221,9.0,3.0,3.0,77.0,115.0,154.0,0.0782608695652174,Asphalt,174.5,2.0,3,172.84,0.034,0.102,0.0515759312320916,0.034,60,3,6.0,sidewalks,CON,1,2,2,1,2,2,0,0,0,1,0,0,1,2,2,0,0,0,0,0,0,0,0,0,0,0,0,2,0,0,0,0,0,0,1,2,2,0,0,0,1,0,0,0,0,0,0,0,1,0,1,2,2,5,0,0,3,1,0,0,0,0,0,0,0,0,0,0,0,0,0,0,0,1,2,2,0,0,0,0,0,0,5,3,1,1,1,0,0,0,0,0,0,0,0,0,5,0,0.052,,,,0.017,0.026,,,,,,,,,,0.009,,,,,,,,,,,,,,,,,,,0,2.0,0.034,174.5,9.0,172.84
549,High,RPath,1223,9.0,3.0,3.0,67.0,100.0,134.0,0.09,Asphalt,113.5,2.0,3,111.102,0.059,0.177,0.079295154185022,0.059,56,3,6.0,sidewalks,CON,1,2,0,1,2,0,0,0,0,1,0,0,1,2,2,0,0,0,0,0,0,0,0,0,0,0,0,2,0,0,0,0,0,0,1,2,2,0,0,0,1,2,0,0,0,0,0,0,1,0,1,2,0,5,0,0,3,1,0,0,0,0,0,0,0,0,0,0,0,0,0,0,0,1,2,2,0,0,0,0,0,0,5,3,1,1,1,0,0,0,0,0,0,0,0,0,5,0,0.066,,,,,0.053,,,,,,,,,,0.013,,,,,,,,,,,,,,,,,,,0,2.0,0.059,113.5,9.0,111.102
550,High,RPath,1226,9.0,3.0,3.0,370.0,555.0,740.0,0.016216216216216217,Asphalt,121.5,2.0,3,118.396,0.086,0.258,0.074074074074074,0.086,51,3,6.0,sidewalks,CON,1,0,0,1,0,0,0,0,0,1,2,0,1,2,0,0,0,0,0,0,0,0,0,0,0,0,0,2,0,0,0,0,0,0,1,2,2,0,0,0,1,2,2,0,0,0,0,0,0,0,1,0,0,5,0,0,3,1,0,0,0,0,0,0,0,0,0,0,0,0,0,0,0,1,2,2,0,0,0,0,0,0,5,3,1,1,1,0,0,0,0,0,0,0,0,0,5,0,0.086,0.025,,,,0.049,,,,,,,,,,,,,0.012,,,,,,,,,,,,,,,,0,2.0,0.086,121.5,9.0,118.396
551,High,RPath,1227,9.0,3.0,3.0,326.0,489.0,652.0,0.018404907975460124,Asphalt,116.6,2.0,3,112.457,0.064,0.192,0.0771869639794168,0.064,53,3,6.0,sidewalks,CON,1,0,0,0,0,0,0,0,0,1,2,2,1,0,0,0,0,0,0,0,0,0,0,0,0,5,0,2,0,0,0,0,0,0,1,2,2,0,0,0,1,2,2,0,0,0,0,0,0,0,1,0,0,5,0,0,3,1,0,0,0,0,0,0,0,0,0,0,0,0,0,0,0,1,2,0,0,0,0,0,0,0,5,3,1,1,1,0,0,0,0,0,0,0,0,0,5,0,0.064,,0.026,,,0.039,,,,,,,,,,,,,,,,,,,,,,,,,,,,,0,2.0,0.064,116.6,9.0,112.457
552,High,RPath,1228,9.0,3.0,3.0,243.0,365.0,486.0,0.024657534246575342,Asphalt,363.0,2.0,3,360.829,0.065,0.195,0.024793388429752,0.065,60,3,6.0,sidewalks,CON,1,0,0,0,0,0,0,0,0,1,2,2,0,0,0,1,0,0,0,0,0,0,0,0,5,5,0,2,0,0,0,0,0,0,1,2,2,0,0,0,1,2,2,0,1,0,0,0,1,0,1,2,2,5,0,0,3,1,0,0,0,0,0,0,1,2,2,0,0,0,0,0,0,1,0,0,1,0,0,0,0,0,0,0,1,1,1,0,0,0,0,0,0,0,0,0,5,0,0.07,,,,0.004,0.05,,,,,,,,,,0.004,0.012,,,,,,,,,,,,,,,,,,0,2.0,0.065,363.0,9.0,360.829
553,High,RPath,1240,9.0,3.0,3.0,151.0,227.0,303.0,0.039647577092511016,Asphalt,138.8,2.0,3,135.221,0.057,0.171,0.0648414985590778,0.057,62,3,6.0,sidewalks,CON,1,2,0,1,0,0,1,0,0,0,0,0,1,2,2,1,2,0,0,0,0,1,2,2,0,5,0,2,0,0,0,0,0,0,1,2,0,0,0,0,1,0,0,5,1,2,0,0,1,1,1,2,2,0,0,0,3,1,1,0,0,0,0,0,0,0,0,1,0,0,1,0,0,1,0,0,1,2,0,0,0,0,0,0,1,0,1,0,0,0,0,0,0,0,0,0,5,0,0.13,,,,0.076,0.032,,,,,,,,0.022,,,,,,,,,,,,,,,,,,,,,0,2.0,0.057,138.8,9.0,135.221
554,High,RPath,1241,9.0,3.0,3.0,68.0,101.0,135.0,0.0891089108910891,Asphalt,142.4,2.0,3,139.809,0.032,0.096,0.0632022471910112,0.032,66,4,6.0,sidewalks,CON,1,2,0,1,2,0,1,2,0,0,0,0,1,2,2,1,0,0,0,0,0,1,2,2,0,5,0,2,0,0,0,0,0,0,1,0,0,0,0,0,1,0,0,5,1,0,0,0,1,1,1,2,2,0,0,0,3,1,1,0,0,0,0,0,1,0,0,1,2,0,1,0,0,1,0,0,1,2,0,0,0,0,0,3,1,0,1,0,0,0,0,0,0,0,0,0,5,0,0.095,,,,0.084,0.011,,,,,,,,,,,,,,,,,,,,,,,,,,,,,0,2.0,0.032,142.4,9.0,139.809
555,High,RPath,1243,9.0,3.0,3.0,82.0,124.0,165.0,0.07258064516129033,Asphalt,32.6,2.0,3,32.613,0.092,0.276,0.2760736196319018,0.092,56,3,6.0,sidewalks,CON,1,2,0,0,0,0,0,0,0,0,0,0,1,2,0,0,0,0,0,0,0,0,0,0,5,0,0,0,1,2,2,0,0,0,0,0,0,0,0,0,0,0,0,0,1,2,0,0,1,0,1,2,0,0,0,0,0,1,1,2,0,1,0,0,1,2,2,0,0,0,1,0,0,1,2,0,1,2,2,1,2,0,0,0,1,1,1,1,0,0,1,0,0,1,0,0,5,0,0.322,,,,0.276,,,,,,,,,,,,,0.046,,,,,,,,,,,,,,,,,0,2.0,0.092,32.6,9.0,32.613
556,High,RPath,1244,9.0,3.0,3.0,173.0,259.0,346.0,0.03474903474903475,Asphalt,73.6,2.0,3,73.636,0.087,0.261,0.1222826086956521,0.087,63,3,6.0,sidewalks,CON,1,2,2,0,0,0,0,0,0,0,0,0,1,0,0,1,0,0,0,0,0,0,0,0,5,0,0,0,1,2,2,0,0,0,1,0,0,0,0,0,0,0,0,0,1,2,0,0,1,0,1,2,0,0,0,0,3,1,1,2,0,1,0,0,1,2,2,0,0,0,1,0,0,1,2,0,1,2,2,1,2,0,0,0,1,1,1,1,2,0,1,0,0,1,0,0,5,0,0.306,,,,0.265,,,,,,,,,,,,,0.041,,,,,,,,,,,,,,,,,0,2.0,0.087,73.6,9.0,73.636
557,High,RPath,1261,9.0,3.0,3.0,98.0,148.0,197.0,0.060810810810810814,Asphalt,108.8,2.0,3,107.053,0.024,0.072,0.0827205882352941,0.024,65,4,6.0,sidewalks,HMAC,1,2,2,1,2,2,1,2,0,0,0,0,1,2,0,1,0,0,0,0,0,0,0,0,5,0,0,2,0,0,0,0,0,0,1,2,2,0,0,0,0,0,0,0,1,2,2,0,1,1,1,2,2,5,5,0,0,1,0,0,0,0,0,0,0,0,0,0,0,0,0,0,0,1,0,0,0,0,0,0,0,0,0,3,0,0,1,0,0,0,0,0,0,1,2,0,5,0,0.069,,,,0.041,,,,,,,,,,,,,0.028,,,,,,,,,,,,,,,,,0,2.0,0.024,108.8,9.0,107.053
558,High,RPath,1264,9.0,3.0,3.0,112.0,168.0,225.0,0.05357142857142857,Asphalt,218.1,2.0,3,203.385,0.031,0.093,0.0412654745529573,0.031,63,3,6.0,sidewalks,HMAC,1,2,2,1,2,2,1,2,0,0,0,0,1,2,0,1,0,0,0,0,0,0,0,0,0,0,0,2,0,0,0,0,0,0,1,2,2,0,0,0,0,0,0,0,1,2,2,0,1,1,1,2,2,5,5,0,0,1,0,0,0,0,0,0,0,0,0,0,0,0,0,0,0,1,2,0,1,0,0,0,0,0,0,3,0,0,1,0,0,0,0,0,0,1,2,0,5,0,0.103,,,,0.096,0.007,,,,,,,,,,,,,,,,,,,,,,,,,,,,,0,2.0,0.031,218.1,9.0,203.385
559,High,RPath,1266,9.0,3.0,3.0,194.0,290.0,387.0,0.03103448275862069,Asphalt,143.4,2.0,3,140.305,0.034,0.102,0.0627615062761506,0.034,59,3,6.0,sidewalks,CON,1,2,2,1,2,2,1,2,2,1,0,0,1,0,0,0,0,0,0,0,0,0,0,0,0,5,0,2,0,0,0,0,0,0,0,0,0,0,0,0,0,0,0,0,0,0,0,0,1,1,1,2,2,0,0,0,3,1,0,0,0,0,0,0,0,0,0,0,0,0,0,0,0,1,2,2,1,2,0,0,0,0,5,3,1,1,1,0,0,0,0,0,0,0,0,0,5,0,0.042,,,0.01,0.01,0.01,,,,,,,,,,,,,0.01,,,,,,,,,,,,,,,,0,2.0,0.034,143.4,9.0,140.305
560,High,RPath,1270,9.0,3.0,3.0,37.0,56.0,74.0,0.16071428571428573,Asphalt,36.3,2.0,3,36.298,0.041,0.123,0.2479338842975206,0.041,57,3,6.0,sidewalks,CON,1,2,2,0,0,0,0,0,0,0,0,0,0,0,0,1,2,0,0,0,0,0,0,0,5,0,0,0,0,0,0,0,0,0,1,2,2,0,0,0,1,2,2,0,1,2,2,0,1,1,1,2,2,5,5,0,0,0,0,0,0,0,0,0,1,2,0,0,0,0,0,0,0,0,0,0,1,0,0,0,0,0,0,0,1,1,1,0,0,0,0,0,0,0,0,0,5,0,0.041,,,,,,,,,,,,,,,,0.041,,,,,,,,,,,,,,,,,,0,2.0,0.041,36.3,9.0,36.298
561,High,RPath,1271,9.0,3.0,3.0,45.0,68.0,90.0,0.1323529411764706,Asphalt,30.1,2.0,3,28.25,0.075,0.2249999999999999,0.2990033222591362,0.075,56,3,6.0,sidewalks,CON,1,2,2,0,0,0,0,0,0,0,0,0,0,0,0,1,2,0,0,0,0,0,0,0,5,0,0,0,0,0,0,0,0,0,1,2,2,0,0,0,1,2,2,0,1,2,0,0,1,1,1,2,2,5,5,0,0,0,0,0,0,0,0,0,1,2,0,0,0,0,0,0,0,1,0,0,1,0,0,0,0,0,0,0,1,1,1,0,0,0,0,0,0,0,0,0,5,0,0.1,,,,,0.05,,,,,,,,,,0.05,,,,,,,,,,,,,,,,,,,0,2.0,0.075,30.1,9.0,28.25
562,High,RPath,1283,9.0,3.0,3.0,75.0,112.0,149.0,0.08035714285714286,Asphalt,110.6,2.0,3,108.136,0.027,0.081,0.081374321880651,0.027,64,4,6.0,sidewalks,CON,1,2,2,1,0,0,1,0,0,0,0,0,1,0,0,1,0,0,0,0,0,0,0,0,5,5,0,0,0,0,0,0,0,0,1,2,2,0,0,0,1,2,2,0,1,2,2,0,1,1,1,2,2,5,5,0,0,0,0,0,0,0,0,0,1,2,0,0,0,0,0,0,0,1,0,0,1,0,0,0,0,0,0,0,1,1,1,0,0,0,0,0,0,0,0,0,5,0,0.027,,,,,,,,,,,,,,,,,,0.027,,,,,,,,,,,,,,,,0,2.0,0.027,110.6,9.0,108.136
563,High,RPath,1288,9.0,3.0,3.0,68.0,102.0,137.0,0.08823529411764706,Asphalt,310.5,2.0,3,308.646,0.036,0.1079999999999999,0.0289855072463768,0.036,56,3,6.0,sidewalks,CON,1,2,2,1,2,0,1,2,0,0,0,0,1,0,0,1,0,0,0,0,0,0,0,0,0,0,0,0,0,0,0,0,0,0,1,2,2,0,0,0,1,2,2,0,1,2,2,0,1,1,1,2,2,5,5,0,3,1,0,0,0,0,0,0,1,0,0,0,0,0,0,0,0,1,2,0,0,0,0,0,0,0,0,0,1,1,1,0,0,0,0,0,0,0,0,0,0,0,0.043,,,,0.01,0.034,,,,,,,,,,,,,,,,,,,,,,,,,,,,,1,2.0,0.036,310.5,19.0,308.646
564,High,RPath,1295,9.0,3.0,3.0,8.0,11.0,15.0,0.8181818181818182,Asphalt,80.6,2.0,3,76.424,0.019,0.0569999999999999,0.1116625310173697,0.019,53,3,6.0,sidewalks,CON,1,2,2,0,0,0,0,0,0,0,0,0,1,2,2,0,0,0,0,0,0,0,0,0,0,0,0,0,0,0,0,1,2,0,1,2,0,1,2,0,1,2,2,0,1,2,2,0,0,0,1,2,2,5,5,0,0,0,0,0,0,0,0,0,0,0,0,0,0,0,0,0,0,0,0,0,1,0,0,0,0,0,0,0,1,1,1,0,0,0,0,0,0,0,0,0,5,0,0.019,,,,,0.019,,,,,,,,,,,,,,,,,,,,,,,,,,,,,1,2.0,0.019,80.6,19.0,76.424
565,High,RPath,1309,9.0,3.0,3.0,291.0,437.0,582.0,0.020594965675057208,Asphalt,600.2,2.0,3,599.98,0.039,0.1169999999999999,0.0149950016661112,0.039,49,3,6.0,sidewalks,CON,1,2,2,0,0,0,0,0,0,0,0,0,1,2,2,0,0,0,1,2,2,0,0,0,0,5,0,0,0,0,0,0,0,0,0,0,0,0,0,0,0,0,0,0,0,0,0,0,0,0,1,2,2,5,5,0,0,1,0,0,0,0,0,0,0,0,0,0,0,0,0,0,0,1,2,2,0,0,0,0,0,0,0,0,1,1,1,0,0,0,0,0,0,0,0,0,5,0,0.042,,,,,0.027,,,,,,,,,,0.007,0.007,,,,,,,,,,,,,,,,,,0,2.0,0.039,600.2,9.0,599.98
566,High,RPath,1313,9.0,3.0,3.0,8.0,11.0,15.0,0.8181818181818182,Asphalt,6.2,2.0,3,5.055,0.061,0.183,1.4516129032258065,0.061,51,3,6.0,sidewalks,CON,1,2,0,1,2,0,1,2,0,0,0,0,1,2,0,0,0,0,0,0,0,0,0,0,0,0,0,2,0,0,0,0,0,0,1,2,2,0,0,0,0,0,0,0,0,0,0,0,1,0,1,2,2,5,0,4,3,0,0,0,0,0,0,0,0,0,0,0,0,0,0,0,0,1,2,0,1,2,0,0,0,0,0,3,0,0,0,0,0,0,0,0,0,0,0,0,5,0,0.244,,,,0.244,,,,,,,,,,,,,,,,,,,,,,,,,,,,,,0,2.0,0.061,6.2,9.0,5.055
567,High,RPath,1316,9.0,3.0,3.0,22.0,34.0,45.0,0.2647058823529412,Asphalt,27.7,2.0,3,24.365,0.081,0.243,0.3249097472924188,0.081,52,3,6.0,sidewalks,HMAC,1,2,0,1,2,0,1,0,0,0,0,0,1,0,0,0,0,0,0,0,0,0,0,0,0,0,0,2,0,0,0,0,0,0,1,2,2,0,0,0,0,0,0,0,0,0,0,0,1,0,1,2,2,5,0,4,3,0,0,0,0,0,0,0,0,0,0,0,0,0,0,0,0,1,2,0,1,2,0,0,0,0,5,3,0,0,0,0,0,0,0,0,0,0,0,0,5,0,0.163,,,,0.108,0.054,,,,,,,,,,,,,,,,,,,,,,,,,,,,,0,2.0,0.081,27.7,9.0,24.365
568,High,RPath,1317,9.0,3.0,3.0,30.0,45.0,60.0,0.2,Asphalt,70.2,2.0,3,72.833,0.021,0.063,0.1282051282051282,0.021,55,3,6.0,sidewalks,HMAC,1,2,0,1,2,0,1,0,0,0,0,0,1,0,0,1,0,0,0,0,0,0,0,0,0,0,0,2,0,0,0,0,0,0,1,2,2,0,0,0,0,0,0,0,0,0,0,0,1,1,1,2,2,5,0,4,3,1,0,0,0,0,0,0,0,0,0,0,0,0,0,0,0,1,2,0,1,2,0,0,0,0,5,3,0,0,0,0,0,0,0,0,0,0,0,0,5,0,0.086,,,,0.086,,,,,,,,,,,,,,,,,,,,,,,,,,,,,,0,2.0,0.021,70.2,9.0,72.833
569,High,RPath,1577,9.0,3.0,3.0,30.0,45.0,60.0,0.2,Asphalt,48.8,2.0,3,50.058,0.031,0.093,0.1844262295081967,0.031,59,3,6.0,sidewalks,CON,1,2,2,0,0,0,0,0,0,0,0,0,0,0,0,1,2,2,0,0,0,0,0,0,5,5,0,0,0,0,0,0,0,0,1,2,2,0,0,0,1,0,0,0,1,2,0,0,1,1,1,2,2,5,5,0,0,1,0,0,0,0,0,0,1,0,0,0,0,0,0,0,0,0,0,0,1,2,2,0,0,0,0,0,1,0,0,0,0,0,0,0,0,0,0,0,5,0,0.123,,,,0.123,,,,,,,,,,,,,,,,,,,,,,,,,,,,,,0,2.0,0.031,48.8,9.0,50.058
570,High,RPath,1579,9.0,3.0,3.0,84.0,126.0,168.0,0.07142857142857142,Asphalt,63.5,2.0,3,71.703,0.024,0.072,0.1417322834645669,0.024,62,3,6.0,sidewalks,CON,1,2,2,0,0,0,0,0,0,1,0,0,1,2,2,1,2,2,0,0,0,0,0,0,5,0,0,0,0,0,0,1,2,2,1,2,0,0,0,0,1,2,2,0,1,0,0,0,1,1,1,2,2,0,5,0,3,0,0,0,0,0,0,0,0,0,0,0,0,0,0,0,0,1,2,0,0,0,0,0,0,0,0,0,1,1,1,1,0,0,0,0,0,0,0,0,5,0,0.071,,,,0.024,,,,,,,0.024,,,,,,0.024,,,,,,,,,,,,,,,,,0,2.0,0.024,63.5,9.0,71.703
571,High,RPath,1025,9.0,3.0,3.0,7.0,11.0,15.0,0.8181818181818182,Asphalt,86.5,2.0,3,86.49,0.017,0.051,0.1040462427745664,0.017,56,3,6.0,sidewalks,CON,1,2,0,1,2,0,1,2,0,0,0,0,1,2,2,1,2,2,0,0,0,0,0,0,0,5,0,2,0,0,0,0,0,0,1,0,0,0,0,0,0,0,0,0,0,0,0,0,1,1,1,2,2,0,0,0,3,1,0,0,0,0,0,0,0,0,0,0,0,0,0,0,0,1,0,0,1,2,0,0,0,0,5,3,1,0,0,0,0,0,0,0,0,0,0,0,5,0,0.017,,,,,0.017,,,,,,,,,,,,,,,,,,,,,,,,,,,,,0,2.0,0.017,86.5,9.0,86.49
572,High,RPath,1612,9.0,3.0,3.0,712.0,1068.0,1424.0,0.008426966292134831,Asphalt,147.3,2.0,3,147.288,0.071,0.2129999999999999,0.0610997963340122,0.071,61,3,6.0,sidewalks,CON,1,0,0,1,0,0,1,0,0,1,2,0,1,0,0,1,2,0,0,0,0,0,0,0,5,0,0,0,0,0,0,1,2,2,1,2,2,0,0,0,1,2,2,0,1,2,0,0,1,0,1,2,0,0,5,0,0,1,0,0,0,0,0,0,0,0,0,0,0,0,1,0,0,1,2,0,1,2,0,0,0,0,0,0,1,1,1,1,2,0,0,0,0,0,0,0,5,0,0.275,,,,0.102,,,,,,,,,0.163,,,,0.01,,,,,,,,,,,,,,,,,0,2.0,0.071,147.3,9.0,147.288
573,High,RPath,1613,9.0,3.0,3.0,45.0,68.0,91.0,0.1323529411764706,Asphalt,74.3,2.0,3,72.351,0.076,0.2279999999999999,0.1211305518169582,0.076,51,3,6.0,sidewalks,CON,1,2,2,0,0,0,0,0,0,0,0,0,1,2,0,0,0,0,0,0,0,0,0,0,5,0,0,2,0,0,0,1,2,2,1,0,0,0,0,0,1,2,2,0,1,2,0,0,0,0,1,2,2,0,0,4,0,1,0,0,0,0,0,0,0,0,0,0,0,0,0,0,0,0,0,0,0,0,0,0,0,0,0,3,1,1,1,1,0,0,0,0,0,0,0,0,5,0,0.121,,,,0.061,0.061,,,,,,,,,,,,,,,,,,,,,,,,,,,,,0,2.0,0.076,74.3,9.0,72.351
574,High,RPath,1105,9.0,3.0,3.0,666.0,1000.0,1333.0,0.009,Asphalt,267.1,2.0,3,113.328,0.079,0.237,0.0336952452265069,0.079,65,4,6.0,sidewalks,HMAC,1,2,2,1,2,0,0,0,0,0,0,0,0,0,0,1,2,2,0,0,0,0,0,0,5,5,0,0,0,0,0,0,0,0,1,2,2,0,0,0,0,0,0,0,1,2,2,0,1,1,1,2,2,5,5,0,0,0,0,0,0,0,0,0,1,2,0,0,0,0,0,0,0,1,0,0,1,0,0,0,0,0,0,3,1,0,1,0,0,0,0,0,0,0,0,0,5,0,0.241,0.011,,,0.213,0.006,,,,,,,,,,,0.006,0.006,,,,,,,,,,,,,,,,,2,2.0,0.079,267.1,29.0,113.328
575,High,RPath,1351,9.0,3.0,3.0,120.0,180.0,240.0,0.05,Asphalt,122.4,2.0,3,122.419,0.049,0.147,0.0735294117647058,0.049,59,3,6.0,walkways,HMAC,1,2,2,1,2,2,1,2,0,1,2,2,1,2,2,1,0,0,0,0,0,0,0,0,0,5,0,2,0,0,0,0,0,0,1,0,0,0,0,0,0,0,0,0,0,0,0,0,0,0,1,0,0,0,0,0,3,1,0,0,0,0,0,0,0,0,0,0,0,0,0,0,0,1,2,0,1,2,2,0,0,0,0,3,1,1,1,0,0,0,1,2,0,0,0,0,5,0,0.196,,,,0.196,,,,,,,,,,,,,,,,,,,,,,,,,,,,,,0,2.0,0.049,122.4,9.0,122.419
576,High,RPath,1356,9.0,3.0,3.0,76.0,113.0,151.0,0.07964601769911504,Asphalt,252.1,2.0,3,252.09,0.012,0.036,0.0357001190003966,0.012,50,3,6.0,walkways,SS,1,2,0,1,2,0,1,0,0,0,0,0,1,2,0,1,0,0,0,0,0,0,0,0,0,0,0,2,0,0,0,0,0,0,1,2,2,0,0,0,1,2,0,0,0,0,0,0,1,0,1,2,0,0,0,0,3,1,0,0,0,0,0,0,0,0,0,0,0,0,0,0,0,1,2,2,1,2,0,0,0,0,5,3,0,0,0,0,0,0,0,0,0,0,0,0,5,0,0.012,,,,,,,,,,,,,,,,,,,,,0.012,,,,,,,,,,,,,0,2.0,0.012,252.1,9.0,252.09
577,High,RPath,1364,9.0,3.0,3.0,113.0,169.0,226.0,0.05325443786982249,Asphalt,94.5,2.0,3,94.491,0.099,0.297,0.0952380952380952,0.099,55,3,6.0,walkways,HMAC,1,2,2,1,2,0,1,2,0,0,0,0,1,2,0,0,0,0,0,0,0,0,0,0,0,0,0,2,0,0,0,1,0,0,1,0,0,0,0,0,0,0,0,0,0,0,0,0,0,0,1,2,2,5,0,0,3,1,0,0,0,0,0,0,1,2,0,1,0,0,0,0,0,1,2,0,1,2,2,0,0,0,0,3,1,1,1,0,0,0,0,0,0,0,0,0,5,0,0.111,,,,0.016,0.063,,,,,,,,,,,,,0.032,,,,,,,,,,,,,,,,0,2.0,0.099,94.5,9.0,94.491
578,High,RPath,1381,9.0,3.0,3.0,45.0,67.0,90.0,0.13432835820895522,Asphalt,69.7,2.0,3,69.36,0.065,0.195,0.1291248206599713,0.065,54,3,6.0,walkways,HMAC,1,2,2,1,2,0,1,2,0,1,2,0,1,2,0,0,0,0,0,0,0,0,0,0,0,0,0,2,0,0,0,0,0,0,1,2,2,0,0,0,0,0,0,0,0,0,0,0,0,0,1,2,2,5,0,4,0,1,0,0,0,0,0,0,0,0,0,0,0,0,0,0,0,1,0,0,1,0,0,0,0,0,5,3,0,0,0,0,0,0,0,0,0,0,0,0,5,0,0.129,,,,0.086,0.043,,,,,,,,,,,,,,,,,,,,,,,,,,,,,0,2.0,0.065,69.7,9.0,69.36
579,High,RPath,1383,9.0,3.0,3.0,52.0,79.0,105.0,0.11392405063291139,Asphalt,41.6,2.0,3,41.589,0.027,0.081,0.2163461538461538,0.027,53,3,6.0,walkways,HMAC,1,2,2,1,2,0,1,2,0,1,0,0,1,2,0,0,0,0,0,0,0,0,0,0,0,5,0,2,0,0,0,0,0,0,1,2,2,0,0,0,0,0,0,0,0,0,0,0,0,0,1,2,2,5,0,4,0,1,0,0,0,0,0,0,0,0,0,0,0,0,0,0,0,1,0,0,0,0,0,0,0,0,5,0,0,0,0,0,0,0,0,0,0,0,0,0,5,0,0.108,,,,0.072,,,0.036,,,,,,,,,,,,,,,,,,,,,,,,,,,1,2.0,0.027,41.6,19.0,41.589
580,High,RPath,1390,9.0,3.0,3.0,577.0,865.0,1153.0,0.010404624277456647,Asphalt,109.3,2.0,3,109.326,0.096,0.288,0.0823421774931381,0.096,49,3,6.0,walkways,HMAC,1,2,2,1,2,0,1,2,0,0,0,0,1,2,0,1,2,0,0,0,0,0,0,0,0,5,0,2,0,0,0,0,0,0,1,2,0,0,0,0,0,0,0,0,0,0,0,0,0,0,1,2,2,0,0,0,0,1,0,0,0,0,0,0,0,0,0,0,0,0,0,0,0,1,2,2,1,2,0,0,0,0,0,3,0,0,0,0,0,0,0,0,0,0,0,0,5,0,0.22,,,0.041,0.165,,,,,,,,,,,,,,0.014,,,,,,,,,,,,,,,,0,2.0,0.096,109.3,9.0,109.326
581,High,RPath,1393,9.0,3.0,3.0,277.0,415.0,553.0,0.021686746987951807,Asphalt,77.3,2.0,3,77.271,0.063,0.189,0.1164294954721863,0.063,54,3,6.0,walkways,HMAC,1,2,2,1,2,2,1,2,2,0,0,0,1,2,0,1,2,0,0,0,0,0,0,0,0,0,0,2,0,0,0,0,0,0,1,2,0,0,0,0,0,0,0,0,1,0,0,0,0,0,1,2,2,0,0,0,3,1,0,0,0,0,0,0,0,0,0,0,0,0,0,0,0,1,2,2,1,2,2,0,0,0,0,3,0,0,0,0,0,0,0,0,0,0,0,0,5,0,0.252,,,,0.136,,,0.116,,,,,,,,,,,,,,,,,,,,,,,,,,,0,2.0,0.063,77.3,9.0,77.271
582,High,RPath,1394,9.0,3.0,3.0,292.0,438.0,584.0,0.02054794520547945,Asphalt,93.4,2.0,3,92.967,0.092,0.276,0.0963597430406852,0.092,51,3,6.0,walkways,HMAC,1,2,0,1,2,0,1,2,0,0,0,0,1,2,2,1,0,0,0,0,0,0,0,0,0,5,0,2,0,0,0,0,0,0,1,2,0,0,0,0,0,0,0,0,1,0,0,0,0,0,1,2,2,0,0,0,3,1,0,0,0,0,0,0,0,0,0,0,0,0,0,0,0,1,2,0,1,2,2,0,0,0,0,3,0,0,0,0,0,0,0,0,0,0,0,0,5,0,0.321,,,0.016,0.305,,,,,,,,,,,,,,,,,,,,,,,,,,,,,,0,2.0,0.092,93.4,9.0,92.967
583,High,RPath,1398,9.0,3.0,3.0,38.0,56.0,75.0,0.16071428571428573,Asphalt,57.4,2.0,3,57.421,0.033,0.099,0.156794425087108,0.033,50,3,6.0,walkways,HMAC,1,2,2,1,2,0,1,0,0,0,0,0,1,2,2,1,0,0,0,0,0,1,2,0,0,5,0,2,0,0,0,0,0,0,1,2,0,0,0,0,0,0,0,0,1,0,0,0,0,0,1,2,0,0,0,0,0,1,0,0,0,0,0,0,0,0,0,0,0,0,1,2,0,1,2,0,1,2,0,0,0,0,0,3,0,0,0,0,0,0,0,0,0,0,0,0,5,0,0.131,,,,0.131,,,,,,,,,,,,,,,,,,,,,,,,,,,,,,0,2.0,0.033,57.4,9.0,57.421
584,High,RPath,1418,9.0,3.0,3.0,45.0,67.0,89.0,0.13432835820895522,Asphalt,85.8,2.0,3,85.752,0.039,0.1169999999999999,0.1048951048951049,0.039,53,3,6.0,walkways,HMAC,1,2,2,1,2,2,1,2,2,0,0,0,1,2,0,1,2,0,0,0,0,0,0,0,0,5,0,2,0,0,0,0,0,0,1,2,0,0,0,0,0,0,0,0,1,0,0,0,1,0,1,2,0,0,0,0,0,1,0,0,0,0,0,0,0,0,0,0,0,0,0,0,0,1,2,0,1,2,0,0,0,0,0,3,1,0,1,0,0,0,0,0,0,0,0,0,5,0,0.105,,,,0.087,0.017,,,,,,,,,,,,,,,,,,,,,,,,,,,,,0,2.0,0.039,85.8,9.0,85.752
585,High,RPath,1419,9.0,3.0,3.0,60.0,90.0,120.0,0.1,Asphalt,65.0,2.0,3,36.942,0.023,0.069,0.1384615384615384,0.023,50,3,6.0,walkways,HMAC,1,2,2,1,2,2,1,2,2,0,0,0,1,2,0,1,0,0,0,0,0,0,0,0,0,5,0,2,0,0,0,0,0,0,1,2,0,0,0,0,0,0,0,0,1,0,0,0,1,0,1,2,0,0,0,0,0,1,0,0,0,0,0,0,0,0,0,0,0,0,0,0,0,1,2,0,1,2,0,0,0,0,0,3,0,0,1,0,0,0,0,0,0,0,0,0,5,0,0.092,,,,0.069,,,0.023,,,,,,,,,,,,,,,,,,,,,,,,,,,0,2.0,0.023,65.0,9.0,36.942
586,High,RPath,1420,9.0,3.0,3.0,254.0,381.0,508.0,0.023622047244094488,Asphalt,110.6,2.0,3,110.567,0.041,0.123,0.081374321880651,0.041,58,3,6.0,walkways,HMAC,1,2,2,1,2,2,1,2,0,0,0,0,1,0,0,1,0,0,0,0,0,0,0,0,5,0,0,2,0,0,0,0,0,0,1,2,2,0,0,0,0,0,0,0,1,2,0,0,1,1,1,2,2,5,0,0,0,1,0,0,0,0,0,0,0,0,0,0,0,0,0,0,0,1,0,0,1,0,0,0,0,0,0,3,1,1,1,0,0,0,1,0,0,1,0,0,5,0,0.136,,,,0.054,,,0.027,,,,0.027,,,,,,0.027,,,,,,,,,,,,,,,,,0,2.0,0.041,110.6,9.0,110.567
587,High,RPath,1431,9.0,3.0,3.0,46.0,68.0,91.0,0.1323529411764706,Asphalt,58.5,2.0,3,58.514,0.013,0.039,0.1538461538461538,0.013,58,3,6.0,walkways,SS,1,2,2,1,2,0,1,2,0,1,2,0,1,2,0,0,0,0,0,0,0,0,0,0,0,0,0,2,0,0,0,0,0,0,1,2,2,0,0,0,0,0,0,0,0,0,0,0,0,0,1,2,2,5,5,0,0,1,0,0,0,0,0,0,0,0,0,0,0,0,1,2,2,0,0,0,1,2,0,0,0,0,0,3,1,0,1,0,0,0,0,0,0,0,0,0,5,0,0.051,,,,0.026,,,0.026,,,,,,,,,,,,,,,,,,,,,,,,,,,0,2.0,0.013,58.5,9.0,58.514
588,High,RPath,1441,9.0,3.0,3.0,15.0,22.0,30.0,0.4090909090909091,Asphalt,42.0,2.0,3,41.999,0.018,0.0539999999999999,0.2142857142857142,0.018,49,3,6.0,walkways,HMAC,1,0,0,1,2,2,0,0,0,0,0,0,1,2,2,1,2,0,0,0,0,0,0,0,0,0,0,2,0,0,0,1,0,0,1,2,0,0,0,0,0,0,0,5,1,0,0,0,1,0,1,2,0,0,0,0,0,1,0,0,0,0,0,0,0,0,0,0,0,0,0,0,0,1,2,2,1,2,0,0,0,0,5,0,0,0,0,0,0,0,0,0,0,0,0,0,5,0,0.071,,,,0.071,,,,,,,,,,,,,,,,,,,,,,,,,,,,,,0,2.0,0.018,42.0,9.0,41.999
589,High,RPath,1442,9.0,3.0,3.0,15.0,23.0,30.0,0.391304347826087,Asphalt,41.9,2.0,3,41.861,0.018,0.0539999999999999,0.2147971360381861,0.018,54,3,6.0,walkways,HMAC,1,0,0,1,2,2,0,0,0,0,0,0,1,2,2,1,0,0,0,0,0,0,0,0,0,5,0,2,0,0,0,1,0,0,1,2,0,0,0,0,0,0,0,5,1,0,0,0,1,0,1,2,0,0,0,0,0,1,0,0,0,0,0,0,0,0,0,0,0,0,0,0,0,1,2,2,1,2,0,0,0,0,5,0,1,0,0,1,0,0,0,0,0,0,0,0,5,0,0.072,,,,0.072,,,,,,,,,,,,,,,,,,,,,,,,,,,,,,0,2.0,0.018,41.9,9.0,41.861
590,High,RPath,1456,9.0,3.0,3.0,22.0,34.0,45.0,0.2647058823529412,Asphalt,81.8,2.0,3,81.714,0.055,0.165,0.1100244498777506,0.055,57,3,6.0,walkways,HMAC,1,2,2,1,2,0,1,0,0,0,0,0,1,2,0,1,2,0,0,0,0,0,0,0,0,5,0,2,0,0,0,0,0,0,1,2,2,0,0,0,0,0,0,0,0,0,0,0,1,0,1,2,0,0,0,0,3,1,0,0,0,0,0,0,1,0,0,0,0,0,0,0,0,1,2,2,1,2,0,0,0,0,5,3,0,0,0,0,0,0,0,0,0,0,0,0,5,0,0.055,,,,,0.055,,,,,,,,,,,,,,,,,,,,,,,,,,,,,0,2.0,0.055,81.8,9.0,81.714
591,High,RPath,1465,9.0,3.0,3.0,22.0,33.0,44.0,0.2727272727272727,Asphalt,148.2,2.0,3,148.214,0.03,0.09,0.0607287449392712,0.03,53,3,6.0,walkways,HMAC,1,2,2,1,2,0,1,2,0,0,0,0,1,2,2,0,0,0,0,0,0,0,0,0,0,5,0,2,0,0,0,0,0,0,1,2,0,0,0,0,0,0,0,0,0,0,0,0,1,0,1,2,2,0,0,0,0,1,0,0,0,0,0,0,0,0,0,0,0,0,0,0,0,1,2,0,1,2,0,0,0,0,5,3,1,0,0,0,0,0,0,0,0,0,0,0,5,0,0.03,,,,,0.03,,,,,,,,,,,,,,,,,,,,,,,,,,,,,0,2.0,0.03,148.2,9.0,148.214
592,High,RPath,1492,9.0,3.0,3.0,226.0,339.0,452.0,0.02654867256637168,Asphalt,45.9,2.0,3,45.865,0.098,0.294,0.196078431372549,0.098,64,4,6.0,walkways,SS,1,2,2,1,2,2,1,2,2,0,0,0,1,2,2,0,0,0,0,0,0,0,0,0,0,5,0,2,0,0,0,0,0,0,1,2,0,0,0,0,0,0,0,0,1,0,0,0,1,1,1,2,2,5,0,0,3,1,0,0,0,0,0,0,0,0,0,0,0,0,0,0,0,1,2,0,1,2,0,0,0,0,0,3,1,1,1,0,0,0,0,0,0,0,0,0,5,0,0.098,,,,,,,,,,,,,,,,,,,,,,,,,0.033,,,0.065,,,,,,0,2.0,0.098,45.9,9.0,45.865
593,High,RPath,1504,9.0,3.0,3.0,52.0,78.0,105.0,0.11538461538461539,Asphalt,42.7,2.0,3,42.665,0.026,0.078,0.2107728337236533,0.026,52,3,6.0,walkways,HMAC,1,2,2,1,2,0,1,2,0,0,0,0,1,0,0,0,0,0,0,0,0,0,0,0,5,5,0,2,0,0,0,0,0,0,1,2,2,0,0,0,0,0,0,0,1,0,0,0,1,1,1,2,2,0,0,0,0,1,0,0,0,0,0,0,0,0,0,0,0,0,0,0,0,1,0,0,1,2,0,0,0,0,0,3,0,0,1,0,0,0,1,0,0,0,0,0,5,0,0.105,,,,0.07,,,0.035,,,,,,,,,,,,,,,,,,,,,,,,,,,0,2.0,0.026,42.7,9.0,42.665
594,High,RPath,1506,9.0,3.0,3.0,201.0,301.0,402.0,0.029900332225913623,Asphalt,42.4,2.0,3,42.378,0.097,0.291,0.2122641509433962,0.097,53,3,6.0,walkways,HMAC,1,2,2,1,2,2,1,2,2,0,0,0,1,2,2,1,0,0,0,0,0,0,0,0,0,5,0,2,0,0,0,0,0,0,1,2,0,0,0,0,0,0,0,0,1,2,0,0,0,0,1,2,0,0,0,0,0,1,0,0,0,0,0,0,0,0,0,0,0,0,0,0,0,1,2,2,1,0,0,0,0,0,0,3,0,0,1,0,0,0,0,0,0,0,0,0,5,0,0.283,,,0.035,0.248,,,,,,,,,,,,,,,,,,,,,,,,,,,,,,0,2.0,0.097,42.4,9.0,42.378
595,High,RPath,1526,9.0,3.0,3.0,749.0,1124.0,1498.0,0.00800711743772242,Asphalt,86.6,2.0,3,86.63,0.091,0.273,0.1039260969976905,0.091,58,3,6.0,walkways,HMAC,1,2,2,1,0,0,1,0,0,1,0,0,1,2,2,1,2,2,0,0,0,0,0,0,0,5,0,2,0,0,0,1,2,0,1,2,2,0,0,0,1,2,0,0,1,0,0,0,1,0,1,2,0,0,0,0,0,1,0,0,0,0,0,0,0,0,0,0,0,0,0,0,0,1,2,2,0,0,0,0,0,0,0,3,1,1,0,1,0,0,0,0,0,0,0,0,5,0,0.346,,,,,,,0.312,,,,0.017,,,,,,0.017,,,,,,,,,,,,,,,,,0,2.0,0.091,86.6,9.0,86.63
596,Medium,RPath,3,8.0,4.0,2.0,180.0,270.0,360.0,0.02962962962962963,Asphalt,111.2,3.0,4,111.178,0.121,0.484,0.0719424460431654,0.121,69,4,12.0,sidewalks,CON,1,2,2,1,0,0,1,0,0,0,0,0,1,2,0,1,0,0,0,0,0,0,0,0,5,0,0,0,0,0,0,1,2,2,1,2,2,0,0,0,1,2,2,0,1,2,2,0,1,1,1,2,2,0,5,4,0,1,1,0,0,0,0,0,0,0,0,0,0,0,0,0,0,1,0,0,1,2,0,0,0,0,0,3,1,1,1,0,0,0,0,0,0,0,0,0,5,0,0.216,,,,0.108,0.081,,,,,,,,,,0.027,,,,,,,,,,,,,,,,,,,4,3.0,0.121,111.2,38.0,111.178
597,Medium,RPath,4,8.0,4.0,2.0,90.0,135.0,180.0,0.05925925925925926,Asphalt,72.3,3.0,4,72.488,0.249,0.996,0.1106500691562932,0.249,68,4,12.0,sidewalks,CON,1,2,2,1,0,0,1,0,0,1,2,0,1,2,2,0,0,0,0,0,0,1,2,2,0,0,0,2,0,0,0,0,0,0,1,2,0,0,0,0,0,0,0,5,0,0,0,0,1,0,1,2,0,0,0,0,0,1,0,0,0,0,0,0,1,2,0,1,2,2,1,2,2,1,2,0,1,2,0,0,0,0,5,3,0,0,1,0,0,0,0,0,0,0,0,0,5,0,0.249,,,,,0.249,,,,,,,,,,,,,,,,,,,,,,,,,,,,,0,3.0,0.249,72.3,8.0,72.488
598,Medium,RPath,10,8.0,4.0,2.0,333.0,499.0,666.0,0.01603206412825651,Asphalt,218.2,3.0,4,219.032,0.101,0.404,0.0366636113657195,0.101,81,4,12.0,sidewalks,CON,1,2,2,1,2,0,1,2,0,0,0,0,1,2,2,0,0,0,0,0,0,0,0,0,0,5,0,2,0,0,0,1,2,0,1,2,2,1,2,0,0,0,0,0,0,0,0,0,1,1,1,2,2,5,5,4,3,0,0,0,0,0,0,0,1,0,0,0,0,0,1,2,0,1,2,2,1,0,0,0,0,0,5,0,1,1,1,0,0,0,0,0,0,0,0,0,5,0,0.192,,,,0.117,0.048,,,,,,,,,,0.007,,,0.021,,,,,,,,,,,,,,,,0,3.0,0.101,218.2,8.0,219.032
599,Medium,RPath,11,8.0,4.0,2.0,210.0,315.0,420.0,0.025396825396825397,Asphalt,132.8,3.0,4,130.53,0.138,0.552,0.0602409638554216,0.138,70,4,12.0,sidewalks,CON,1,2,2,1,2,0,1,0,0,0,0,0,0,0,0,0,0,0,0,0,0,0,0,0,5,5,0,2,0,0,0,0,0,0,1,2,2,0,0,0,0,0,0,0,0,0,0,0,1,1,1,2,2,5,5,0,0,1,0,0,0,0,0,0,1,2,0,0,0,0,1,2,0,1,2,0,1,2,2,0,0,0,5,0,1,0,1,0,0,0,0,0,0,0,0,0,5,0,0.181,,,,0.056,0.09,,,,,,,,,,,0.023,,0.011,,,,,,,,,,,,,,,,1,3.0,0.138,132.8,18.0,130.53
600,Medium,RPath,54,8.0,4.0,2.0,83.0,124.0,166.0,0.06451612903225806,Asphalt,76.0,3.0,4,76.866,0.128,0.512,0.1052631578947368,0.128,71,4,12.0,sidewalks,HMAC,1,2,2,1,2,2,1,2,2,0,0,0,1,2,2,0,0,0,0,0,0,0,0,0,5,5,0,2,0,0,0,1,0,0,1,2,0,0,0,0,0,0,0,0,1,0,0,0,0,0,1,0,0,0,0,0,0,1,0,0,0,0,0,0,1,2,2,0,0,0,1,2,0,1,2,2,1,2,2,0,0,0,5,3,1,0,0,0,0,0,0,0,0,0,0,0,5,0,0.138,,,,,0.118,,,,,,,,,,0.02,,,,,,,,,,,,,,,,,,,0,3.0,0.128,76.0,8.0,76.866
601,Medium,RPath,56,8.0,4.0,2.0,172.0,258.0,345.0,0.031007751937984496,Asphalt,124.4,3.0,4,124.377,0.133,0.532,0.0643086816720257,0.133,72,4,12.0,sidewalks,CON,1,2,2,1,0,0,1,0,0,0,0,0,1,2,0,1,0,0,0,0,0,0,0,0,5,0,0,0,0,0,0,1,2,2,1,2,2,0,0,0,1,2,2,0,1,2,2,0,1,1,1,2,2,5,5,4,0,0,1,0,0,0,0,0,0,0,0,0,0,0,0,0,0,0,0,0,1,2,0,0,0,0,0,3,1,1,1,0,0,0,0,0,0,0,0,0,5,0,0.229,,,,0.121,0.096,,,,,,,,,,0.012,,,,,,,,,,,,,,,,,,,4,3.0,0.133,124.4,38.0,124.377
602,Medium,RPath,98,8.0,4.0,2.0,135.0,202.0,270.0,0.039603960396039604,Asphalt,62.5,3.0,4,62.47,0.138,0.552,0.128,0.138,75,4,12.0,sidewalks,HMAC,1,2,0,1,0,0,0,0,0,0,0,0,1,2,0,1,2,0,1,0,0,0,0,0,5,0,0,0,0,0,0,1,2,2,1,2,2,0,0,0,0,0,0,0,1,2,2,0,1,1,1,2,2,5,5,0,3,0,0,0,0,0,0,0,1,2,0,0,0,0,1,2,0,1,2,0,1,2,0,0,0,0,0,3,1,1,1,1,0,0,0,0,0,0,0,0,5,0,0.336,,,,0.264,0.048,,,,,,,,,,,,,0.024,,,,,,,,,,,,,,,,0,3.0,0.138,62.5,8.0,62.47
603,Medium,RPath,121,8.0,4.0,2.0,330.0,495.0,660.0,0.01616161616161616,Asphalt,286.9,3.0,4,147.319,0.132,0.528,0.0278842802370163,0.132,80,4,12.0,sidewalks,HMAC,1,2,2,1,2,0,0,0,0,0,0,0,1,2,0,1,2,2,0,0,0,0,0,0,5,5,0,2,1,2,0,0,0,0,1,2,2,0,0,0,0,0,0,5,1,2,0,0,0,0,1,2,2,0,0,0,0,1,0,0,0,0,0,0,0,0,0,0,0,0,1,0,0,1,2,0,1,2,2,0,0,0,5,0,1,0,1,1,2,0,1,2,0,1,2,0,5,0,0.136,0.005,,,0.005,0.125,,,,,,,,,,,,,,,,,,,,,,,,,,,,,0,3.0,0.132,286.9,8.0,147.319
604,Medium,RPath,124,8.0,4.0,2.0,555.0,832.0,1110.0,0.009615384615384616,Asphalt,207.8,3.0,4,206.26,0.114,0.456,0.0384985563041385,0.114,82,4,12.0,sidewalks,CON,1,2,0,1,0,0,0,0,0,0,0,0,1,2,2,1,2,0,0,0,0,1,2,2,0,5,0,2,0,0,0,0,0,0,1,2,2,0,0,0,1,0,0,5,1,2,0,0,1,1,1,2,2,5,5,0,0,1,0,0,0,0,0,0,0,0,0,1,0,0,0,0,0,1,2,2,1,2,2,0,0,0,5,3,1,0,1,0,0,0,0,0,0,0,0,0,5,0,0.274,,,,0.209,,,,,,,,,,,,0.058,0.007,,,,,,,,,,,,,,,,,0,3.0,0.114,207.8,8.0,206.26
605,Medium,RPath,147,8.0,4.0,2.0,165.0,247.0,330.0,0.032388663967611336,Asphalt,78.7,3.0,4,81.226,0.205,0.82,0.1016518424396442,0.205,68,4,12.0,sidewalks,CON,1,2,0,0,0,0,0,0,0,1,2,0,0,0,0,1,0,0,0,0,0,0,0,0,5,0,0,0,1,2,2,1,2,0,1,2,0,0,0,0,1,2,0,0,1,2,0,0,1,1,1,2,2,0,5,0,3,1,1,2,0,0,0,0,1,2,0,0,0,0,1,0,0,1,0,0,1,2,0,0,0,0,0,0,1,1,1,1,2,0,1,0,0,0,0,0,5,0,0.267,,,,0.057,0.172,,,,,,,,,,0.019,,0.019,,,,,,,,,,,,,,,,,1,3.0,0.205,78.7,18.0,81.226
606,Medium,RPath,148,8.0,4.0,2.0,151.0,227.0,302.0,0.03524229074889868,Asphalt,90.7,3.0,4,91.031,0.145,0.58,0.0882028665931642,0.145,73,4,12.0,sidewalks,CON,1,2,2,0,0,0,0,0,0,1,2,0,0,0,0,0,0,0,0,0,0,0,0,0,5,5,0,0,1,2,2,1,2,0,1,2,0,0,0,0,1,2,0,0,1,0,0,0,1,0,1,2,2,0,5,0,3,1,1,2,0,0,0,0,1,2,2,0,0,0,1,0,0,1,0,0,1,0,0,0,0,0,0,0,1,1,1,1,2,2,1,0,0,0,0,0,5,0,0.265,,,,0.149,0.099,,,,,,,,,,,,0.017,,,,,,,,,,,,,,,,,0,3.0,0.145,90.7,8.0,91.031
607,Medium,RPath,149,8.0,4.0,2.0,435.0,653.0,871.0,0.01225114854517611,Asphalt,83.4,3.0,4,87.888,0.126,0.504,0.0959232613908872,0.126,77,4,12.0,sidewalks,CON,1,2,2,0,0,0,0,0,0,1,2,0,0,0,0,1,0,0,0,0,0,0,0,0,5,5,0,0,1,2,2,1,2,0,1,2,0,0,0,0,1,2,0,0,1,2,0,0,1,1,1,2,2,0,0,0,3,1,1,2,0,0,0,0,1,2,2,0,0,0,1,0,0,1,2,0,1,2,0,0,0,0,0,0,1,1,1,1,2,2,1,0,0,1,0,0,5,0,0.27,,,0.018,0.144,,0.054,,,,,,,0.036,,,,0.018,,,,,,,,,,,,,,,,,0,3.0,0.126,83.4,8.0,87.888
608,Medium,RPath,205,8.0,4.0,2.0,105.0,158.0,210.0,0.05063291139240506,Asphalt,57.4,3.0,4,59.313,0.111,0.444,0.1393728222996515,0.111,71,4,12.0,sidewalks,HMAC,1,2,2,1,2,0,1,2,0,0,0,0,1,0,0,1,2,2,0,0,0,0,0,0,0,5,0,2,0,0,0,0,0,0,1,2,2,0,0,0,0,0,0,0,1,2,2,0,0,0,1,2,2,5,5,4,0,1,0,0,0,0,0,0,0,0,0,0,0,0,1,0,0,1,2,2,1,2,0,0,0,0,0,3,0,0,0,0,0,0,0,0,0,0,0,0,5,0,0.366,,,,0.34,0.026,,,,,,,,,,,,,,,,,,,,,,,,,,,,,0,3.0,0.111,57.4,8.0,59.313
609,Medium,RPath,215,8.0,4.0,2.0,127.0,190.0,254.0,0.042105263157894736,Asphalt,73.3,3.0,4,73.274,0.164,0.656,0.1091405184174624,0.164,80,4,12.0,sidewalks,CON,1,2,0,0,0,0,0,0,0,1,2,0,1,0,0,1,2,2,0,0,0,0,0,0,5,5,0,0,1,2,2,0,0,0,1,0,0,0,0,0,0,0,0,0,1,2,2,0,1,1,1,2,2,0,5,0,0,1,1,0,0,1,0,0,1,2,2,0,0,0,1,2,0,1,2,0,1,2,0,1,0,0,0,0,1,1,1,1,2,0,1,0,0,1,2,2,5,0,0.266,,,,0.123,0.123,,,,,,,,,,,,0.02,,,,,,,,,,,,,,,,,1,3.0,0.164,73.3,18.0,73.274
610,Medium,RPath,218,8.0,4.0,2.0,142.0,212.0,283.0,0.03773584905660377,Asphalt,70.6,3.0,4,70.695,0.212,0.848,0.113314447592068,0.212,74,4,12.0,sidewalks,CON,1,0,0,1,0,0,0,0,0,1,0,0,1,0,0,1,2,2,0,0,0,0,0,0,5,0,0,0,1,2,2,0,0,0,1,0,0,0,0,0,0,0,0,5,1,2,0,0,1,1,1,2,2,0,0,0,3,1,1,0,0,1,0,0,1,2,2,0,0,0,1,0,0,1,0,0,1,2,2,0,0,0,5,3,1,1,1,1,0,0,1,0,0,1,2,0,5,0,0.234,,,,,0.191,,,,,,,,,,0.042,,,,,,,,,,,,,,,,,,,1,3.0,0.212,70.6,18.0,70.695
611,Medium,RPath,219,8.0,4.0,2.0,342.0,514.0,685.0,0.01556420233463035,Asphalt,110.1,3.0,4,110.368,0.129,0.516,0.072661217075386,0.129,85,5,12.0,sidewalks,CON,1,2,0,1,0,0,0,0,0,1,2,0,1,0,0,1,2,2,0,0,0,0,0,0,5,0,0,0,1,2,2,0,0,0,1,0,0,0,0,0,0,0,0,5,1,2,2,0,1,1,1,2,2,0,5,0,0,1,1,0,0,1,0,0,1,2,2,0,0,0,1,2,0,1,2,0,1,2,2,0,0,0,5,0,1,1,1,1,2,0,1,0,0,1,2,0,5,0,0.191,,,0.014,0.055,0.082,,,,,,,,,,,,0.041,,,,,,,,,,,,,,,,,0,3.0,0.129,110.1,8.0,110.368
612,Medium,RPath,221,8.0,4.0,2.0,597.0,896.0,1194.0,0.008928571428571428,Asphalt,73.4,3.0,4,74.109,0.148,0.592,0.108991825613079,0.148,77,4,12.0,sidewalks,CON,1,2,0,0,0,0,0,0,0,1,2,0,1,0,0,1,2,2,0,0,0,0,0,0,5,0,0,0,1,2,2,0,0,0,1,0,0,0,0,0,0,0,0,0,1,2,2,0,1,1,1,2,2,0,5,0,3,1,1,2,0,1,0,0,1,2,2,0,0,0,1,2,0,1,2,0,1,2,0,0,0,0,0,0,1,1,1,1,2,0,1,0,0,1,2,0,5,0,0.388,0.061,,,0.307,,,,,,,,,,,0.02,,,,,,,,,,,,,,,,,,,0,3.0,0.148,73.4,8.0,74.109
613,Medium,RPath,224,8.0,4.0,2.0,296.0,444.0,593.0,0.018018018018018018,Asphalt,73.8,3.0,4,74.131,0.193,0.772,0.1084010840108401,0.193,75,4,12.0,sidewalks,CON,1,2,0,0,0,0,0,0,0,1,2,0,1,0,0,1,2,0,0,0,0,0,0,0,5,0,0,0,1,2,2,1,0,0,0,0,0,0,0,0,1,0,0,0,1,2,2,0,1,1,1,2,2,0,5,0,3,1,1,2,0,0,0,0,1,2,2,0,0,0,1,2,0,1,2,0,1,2,0,0,0,0,0,0,1,1,1,1,2,0,1,0,0,1,2,0,5,0,0.264,0.02,,,0.081,0.122,,,,,,,,,,0.02,,,0.02,,,,,,,,,,,,,,,,0,3.0,0.193,73.8,8.0,74.131
614,Medium,RPath,225,8.0,4.0,2.0,254.0,381.0,509.0,0.02099737532808399,Asphalt,110.8,3.0,4,110.829,0.102,0.408,0.0722021660649819,0.102,74,4,12.0,sidewalks,CON,1,2,0,1,0,0,0,0,0,1,2,0,1,0,0,1,0,0,0,0,0,0,0,0,5,0,0,2,1,2,2,1,0,0,1,0,0,0,0,0,1,0,0,5,1,2,0,0,1,1,1,2,2,0,5,0,0,1,1,2,0,0,0,0,1,2,0,0,0,0,1,2,0,1,0,0,1,2,0,0,0,0,0,3,1,1,1,1,2,0,1,0,0,1,0,0,5,0,0.244,,,,0.189,,,,,,,,,,,,,,0.054,,,,,,,,,,,,,,,,0,3.0,0.102,110.8,8.0,110.829
615,Medium,RPath,284,8.0,4.0,2.0,584.0,876.0,1168.0,0.0091324200913242,Asphalt,213.1,3.0,4,214.114,0.106,0.424,0.0375410605349601,0.106,80,4,12.0,sidewalks,HMAC,1,2,2,1,2,0,0,0,0,0,0,0,1,0,0,1,2,2,0,0,0,0,0,0,0,5,0,2,1,2,0,0,0,0,1,2,2,0,0,0,0,0,0,5,1,2,2,0,0,0,1,2,2,5,0,0,3,1,0,0,0,0,0,0,0,0,0,0,0,0,1,2,0,1,2,0,1,2,0,0,0,0,5,3,1,0,1,1,0,0,1,0,0,1,0,0,5,0,0.359,0.007,,,0.338,,,,,,,,,,,,,,0.014,,,,,,,,,,,,,,,,0,3.0,0.106,213.1,8.0,214.114
616,Medium,RPath,290,8.0,4.0,2.0,616.0,924.0,1232.0,0.008658008658008658,Asphalt,168.6,3.0,4,169.173,0.189,0.756,0.0474495848161328,0.189,69,4,12.0,sidewalks,HMAC,1,2,2,1,2,2,1,2,2,1,0,0,1,2,2,0,0,0,0,0,0,0,0,0,0,5,0,2,0,0,0,0,0,0,1,2,0,0,0,0,0,0,0,0,1,0,0,0,1,1,1,2,2,5,0,0,3,1,0,0,0,0,0,0,0,0,0,0,0,0,0,0,0,1,2,2,1,2,2,0,0,0,0,3,1,1,1,0,0,0,0,0,0,0,0,0,5,0,0.302,,,,0.071,0.125,,,,,,0.027,,,,0.053,,0.027,,,,,,,,,,,,,,,,,0,3.0,0.189,168.6,8.0,169.173
617,Medium,RPath,296,8.0,4.0,2.0,126.0,188.0,251.0,0.0425531914893617,Asphalt,86.0,3.0,4,86.061,0.135,0.54,0.0930232558139534,0.135,74,4,12.0,sidewalks,HMAC,1,2,2,1,2,0,1,2,0,1,2,0,1,2,2,0,0,0,0,0,0,0,0,0,5,5,0,2,0,0,0,0,0,0,1,2,2,0,0,0,0,0,0,0,1,2,2,0,1,0,1,2,2,5,0,0,3,1,0,0,0,0,0,0,0,0,0,0,0,0,0,0,0,1,2,2,1,2,0,0,0,0,0,3,1,1,0,0,0,0,0,0,0,0,0,0,5,0,0.157,,,,,0.122,,,,,,0.017,,,,,,0.017,,,,,,,,,,,,,,,,,0,3.0,0.135,86.0,8.0,86.061
618,Medium,RPath,371,8.0,4.0,2.0,809.0,1213.0,1617.0,0.006595218466611707,Asphalt,298.4,3.0,4,296.113,0.209,0.836,0.0268096514745308,0.209,69,4,12.0,sidewalks,HMAC,1,2,2,1,0,0,1,2,0,1,2,2,1,2,2,0,0,0,0,0,0,0,0,0,5,5,0,2,0,0,0,0,0,0,1,2,2,0,0,0,0,0,0,0,1,2,2,0,0,0,1,2,2,0,5,0,0,1,0,0,0,0,0,0,0,0,0,0,0,0,0,0,0,1,0,0,0,0,0,0,0,0,0,3,1,1,1,1,2,2,0,0,0,0,0,0,5,0,0.302,,,,0.101,0.141,,,,0.01,,,0.01,,,0.02,0.02,,,,,,,,,,,,,,,,,,0,3.0,0.209,298.4,8.0,296.113
619,Medium,RPath,375,8.0,4.0,2.0,329.0,494.0,658.0,0.016194331983805668,Asphalt,164.5,3.0,4,165.015,0.223,0.892,0.0486322188449848,0.223,70,4,12.0,sidewalks,HMAC,1,2,2,1,2,0,1,2,0,0,0,0,1,2,2,1,2,2,0,0,0,0,0,0,5,0,0,2,0,0,0,1,2,2,1,2,2,0,0,0,0,0,0,0,0,0,0,0,0,0,1,2,2,0,0,0,3,1,0,0,0,0,0,0,1,0,0,1,2,0,0,0,0,1,0,0,1,2,0,0,0,0,5,3,1,0,1,0,0,0,0,0,0,0,0,0,5,0,0.292,,,,0.073,0.192,,,,,,,,,,0.027,,,,,,,,,,,,,,,,,,,0,3.0,0.223,164.5,8.0,165.015
620,Medium,RPath,376,8.0,4.0,2.0,489.0,733.0,978.0,0.010914051841746248,Asphalt,321.6,3.0,4,325.43,0.104,0.416,0.0248756218905472,0.104,74,4,12.0,sidewalks,HMAC,1,2,2,1,2,0,1,2,0,0,0,0,1,2,2,0,0,0,0,0,0,0,0,0,0,5,0,2,0,0,0,1,2,2,1,2,0,0,0,0,0,0,0,0,0,0,0,0,0,0,1,2,2,5,0,0,3,1,1,0,0,0,0,0,1,2,2,1,0,0,1,0,0,1,2,2,1,2,2,0,0,0,0,3,1,1,1,0,0,0,0,0,0,0,0,0,5,0,0.131,,,,0.005,0.084,,0.005,,0.014,,,,,,,,0.019,0.005,,,,,,,,,,,,,,,,0,3.0,0.104,321.6,8.0,325.43
621,Medium,RPath,385,8.0,4.0,2.0,1183.0,1775.0,2367.0,0.004507042253521127,Asphalt,347.0,3.0,4,348.842,0.202,0.808,0.0230547550432276,0.202,74,4,12.0,sidewalks,HMAC,1,2,2,1,0,0,1,0,0,0,0,0,1,2,2,0,0,0,0,0,0,0,0,0,0,5,0,2,0,0,0,1,2,0,1,2,2,0,0,0,0,0,0,5,0,0,0,0,0,0,1,2,2,0,0,0,3,1,0,0,0,0,0,0,1,0,0,1,2,2,1,2,2,1,2,2,1,2,2,0,0,0,5,0,1,0,1,0,0,0,0,0,0,0,0,0,5,0,0.359,,,0.009,0.195,0.117,,,,,,,,,,0.017,0.017,0.004,,,,,,,,,,,,,,,,,0,3.0,0.202,347.0,8.0,348.842
622,Medium,RPath,412,8.0,4.0,2.0,247.0,371.0,495.0,0.0215633423180593,Asphalt,82.3,3.0,4,77.025,0.164,0.656,0.0972053462940461,0.164,77,4,12.0,sidewalks,HMAC,1,2,0,1,0,0,1,0,0,0,0,0,1,2,0,1,2,0,0,0,0,1,2,0,0,0,0,2,0,0,0,0,0,0,1,2,2,0,0,0,0,0,0,5,1,2,2,0,1,1,1,2,2,5,5,4,0,1,0,0,0,0,0,0,0,0,0,1,0,0,0,0,0,1,2,2,1,2,0,0,0,0,5,3,1,0,1,0,0,0,0,0,0,0,0,0,5,0,0.601,,,,0.583,0.018,,,,,,,,,,,,,,,,,,,,,,,,,,,,,0,3.0,0.164,82.3,8.0,77.025
623,Medium,RPath,413,8.0,4.0,2.0,219.0,328.0,438.0,0.024390243902439025,Asphalt,89.5,3.0,4,90.962,0.109,0.436,0.0893854748603352,0.109,71,4,12.0,sidewalks,HMAC,1,2,0,1,2,0,1,2,0,0,0,0,1,0,0,0,0,0,0,0,0,1,0,0,0,0,0,2,0,0,0,0,0,0,1,2,2,0,0,0,0,0,0,5,1,2,0,0,1,1,1,2,2,5,5,0,0,1,0,0,0,0,0,0,1,0,0,0,0,0,1,0,0,1,2,0,1,2,2,0,0,0,5,3,0,0,1,1,2,0,0,0,0,0,0,0,5,0,0.352,,,,0.302,0.017,,,,,,,,,,,,0.034,,,,,,,,,,,,,,,,,0,3.0,0.109,89.5,8.0,90.962
624,Medium,RPath,433,8.0,4.0,2.0,105.0,158.0,211.0,0.05063291139240506,Asphalt,188.3,3.0,4,186.419,0.112,0.448,0.0424853956452469,0.112,67,4,12.0,sidewalks,HMAC,1,2,2,1,0,0,1,0,0,0,0,0,1,0,0,1,2,2,0,0,0,0,0,0,0,0,3,0,0,0,0,1,2,2,1,2,2,0,0,0,1,0,0,0,1,2,0,0,1,1,1,2,2,5,5,0,0,1,0,0,0,0,0,0,1,2,0,0,0,0,0,0,0,1,2,2,0,0,0,0,0,0,0,3,1,1,1,0,0,0,0,0,0,0,0,0,5,0,0.112,,,,,0.112,,,,,,,,,,,,,,,,,,,,,,,,,,,,,1,3.0,0.112,188.3,18.0,186.419
625,Medium,RPath,490,8.0,4.0,2.0,1055.0,1582.0,2109.0,0.0050568900126422255,Asphalt,240.5,3.0,4,238.997,0.206,0.824,0.0332640332640332,0.206,67,4,12.0,sidewalks,HMAC,1,2,2,1,2,2,1,2,2,0,0,0,1,2,2,1,0,0,0,0,0,0,0,0,5,5,0,2,0,0,0,1,0,0,1,2,2,0,0,0,0,0,0,0,1,0,0,0,0,0,1,0,0,0,0,0,0,1,0,0,0,0,0,0,1,2,2,0,0,0,1,0,0,1,2,0,1,2,2,0,0,0,5,0,1,0,0,0,0,0,0,0,0,0,0,0,5,0,0.249,,0.012,,0.031,0.106,,,,0.019,,,0.044,,,,0.019,0.012,0.006,,,,,,,,,,,,,,,,0,3.0,0.206,240.5,8.0,238.997
626,Medium,RPath,500,8.0,4.0,2.0,619.0,929.0,1239.0,0.008611410118406888,Asphalt,79.6,3.0,4,79.764,0.141,0.564,0.100502512562814,0.141,72,4,12.0,sidewalks,HMAC,1,2,0,0,0,0,0,0,0,1,0,0,1,2,2,0,0,0,0,0,0,1,2,0,0,0,0,2,0,0,0,0,0,0,1,2,2,0,0,0,0,0,0,5,0,0,0,0,1,1,1,2,2,5,0,4,3,1,0,0,0,0,0,0,1,2,0,1,2,0,1,2,0,1,2,0,1,2,0,0,0,0,5,3,0,0,0,0,0,0,0,0,0,0,0,0,5,0,0.32,0.057,,,0.226,,,,,,,,,,,,,0.019,0.019,,,,,,,,,,,,,,,,2,3.0,0.141,79.6,28.0,79.764
627,Medium,RPath,513,8.0,4.0,2.0,222.0,334.0,445.0,0.023952095808383235,Asphalt,158.3,3.0,4,156.749,0.232,0.928,0.0505369551484523,0.232,79,4,12.0,sidewalks,CON,1,2,2,1,2,0,1,2,0,0,0,0,1,2,2,0,0,0,0,0,0,0,0,0,5,5,0,2,0,0,0,1,2,0,1,2,2,1,2,0,0,0,0,0,0,0,0,0,1,1,1,2,2,5,5,4,0,1,0,0,0,0,0,0,0,0,0,0,0,0,1,0,0,1,2,0,1,0,0,0,0,0,5,0,1,1,1,0,0,0,0,0,0,0,0,0,5,0,0.246,,,,0.009,0.227,,,,,,0.009,,,,,,,,,,,,,,,,,,,,,,,0,3.0,0.232,158.3,8.0,156.749
628,Medium,RPath,525,8.0,4.0,2.0,981.0,1472.0,1962.0,0.005434782608695652,Asphalt,95.3,3.0,4,93.547,0.197,0.788,0.0839454354669465,0.197,69,4,12.0,sidewalks,CON,1,2,0,1,0,0,1,0,0,1,2,0,1,2,0,1,2,0,0,0,0,0,0,0,5,0,0,0,0,0,0,1,2,2,1,2,2,0,0,0,1,2,2,0,1,2,2,0,1,1,1,2,2,0,5,0,0,1,0,0,0,0,0,0,0,0,0,0,0,0,0,0,0,1,2,0,1,2,0,0,0,0,0,0,1,1,1,1,2,0,0,0,0,0,0,0,5,0,0.488,,,,0.031,0.063,,,,,,,,0.283,,,,0.11,,,,,,,,,,,,,,,,,1,3.0,0.197,95.3,18.0,93.547
629,Medium,RPath,533,8.0,4.0,2.0,181.0,272.0,363.0,0.029411764705882353,Asphalt,110.2,3.0,4,110.828,0.163,0.652,0.072595281306715,0.163,70,4,12.0,sidewalks,CON,1,2,0,0,0,0,0,0,0,1,2,0,1,0,0,0,0,0,0,0,0,1,0,0,5,0,0,0,1,2,2,1,2,2,1,2,2,0,0,0,1,2,2,0,1,2,2,0,1,1,1,2,2,0,5,0,0,1,1,2,0,0,0,0,1,2,0,0,0,0,0,0,0,1,0,0,1,0,0,0,0,0,0,0,1,1,1,1,2,0,0,0,0,0,0,0,5,0,0.272,,,,0.136,0.123,,,,,,,,,,,,0.014,,,,,,,,,,,,,,,,,0,3.0,0.163,110.2,8.0,110.828
630,Medium,RPath,535,8.0,4.0,2.0,315.0,472.0,630.0,0.01694915254237288,Asphalt,109.5,3.0,4,110.268,0.205,0.82,0.0730593607305936,0.205,72,4,12.0,sidewalks,HMAC,1,2,0,0,0,0,0,0,0,1,2,0,1,0,0,0,0,0,0,0,0,1,0,0,5,0,0,2,1,2,2,1,2,0,1,2,0,0,0,0,1,2,2,5,1,2,0,0,1,1,1,2,2,0,5,0,0,1,1,0,0,0,0,0,1,2,0,0,0,0,0,0,0,1,0,0,1,0,0,0,0,0,0,3,1,1,1,1,2,0,0,0,0,0,0,0,5,0,0.575,,,,0.493,0.082,,,,,,,,,,,,,,,,,,,,,,,,,,,,,1,3.0,0.205,109.5,18.0,110.268
631,Medium,RPath,546,8.0,4.0,2.0,440.0,660.0,880.0,0.012121212121212121,Asphalt,92.1,3.0,4,92.123,0.138,0.552,0.0868621064060803,0.138,75,4,12.0,sidewalks,CON,1,2,0,0,0,0,0,0,0,1,2,0,0,0,0,1,2,0,0,0,0,0,0,0,5,0,0,0,1,2,2,0,0,0,0,0,0,0,0,0,0,0,0,0,1,2,0,0,1,0,1,2,0,0,0,0,0,1,1,2,0,0,0,0,1,2,2,0,0,0,1,2,2,1,2,0,1,2,2,1,2,0,5,0,1,1,1,1,2,0,1,2,2,1,2,0,5,0,0.456,,,0.016,0.391,,,,,,,,,,,0.016,,0.033,,,,,,,,,,,,,,,,,0,3.0,0.138,92.1,8.0,92.123
632,Medium,RPath,551,8.0,4.0,2.0,83.0,125.0,166.0,0.064,Asphalt,72.7,3.0,4,72.722,0.134,0.536,0.1100412654745529,0.134,73,4,12.0,sidewalks,CON,1,0,0,0,0,0,0,0,0,1,0,0,1,0,0,1,2,2,0,0,0,0,0,0,5,0,0,0,1,2,2,0,0,0,1,0,0,0,0,0,0,0,0,0,1,2,2,0,1,1,1,2,2,0,0,0,3,1,1,0,0,1,2,0,1,2,0,0,0,0,1,2,0,1,2,2,1,2,0,1,2,0,0,0,1,1,1,1,2,2,1,0,0,1,2,0,5,0,0.144,,,,,0.124,,,,,,,,,,,,0.021,,,,,,,,,,,,,,,,,0,3.0,0.134,72.7,8.0,72.722
633,Medium,RPath,553,8.0,4.0,2.0,255.0,382.0,509.0,0.020942408376963352,Asphalt,91.4,3.0,4,91.391,0.103,0.412,0.087527352297593,0.103,79,4,12.0,sidewalks,CON,1,2,0,0,0,0,0,0,0,1,0,0,1,0,0,1,2,2,0,0,0,0,0,0,5,0,0,0,1,2,2,0,0,0,1,0,0,0,0,0,0,0,0,0,1,2,2,0,1,1,1,2,2,0,0,0,3,1,1,0,0,1,0,0,1,2,0,0,0,0,1,2,2,1,2,2,1,2,2,1,2,0,0,0,1,1,1,1,2,2,1,2,0,1,2,0,5,0,0.361,,,,0.312,,,,,,,,,,,0.016,,0.033,,,,,,,,,,,,,,,,,1,3.0,0.103,91.4,18.0,91.391
634,Medium,RPath,555,8.0,4.0,2.0,236.0,354.0,472.0,0.022598870056497175,Asphalt,91.9,3.0,4,92.135,0.126,0.504,0.0870511425462459,0.126,72,4,12.0,sidewalks,CON,1,0,0,0,0,0,0,0,0,1,2,0,1,0,0,1,2,0,0,0,0,0,0,0,5,0,0,0,1,2,2,0,0,0,1,2,0,0,0,0,0,0,0,0,1,2,2,0,1,0,1,2,2,0,0,0,3,1,1,0,0,1,2,0,1,0,0,0,0,0,1,0,0,1,2,0,1,2,2,1,2,0,0,3,1,1,1,1,2,2,0,0,0,1,2,0,5,0,0.147,0.016,,,0.016,0.098,,,,,,,,,,,,0.016,,,,,,,,,,,,,,,,,0,3.0,0.126,91.9,8.0,92.135
635,Medium,RPath,556,8.0,4.0,2.0,149.0,224.0,298.0,0.03571428571428571,Asphalt,73.5,3.0,4,73.573,0.179,0.716,0.1088435374149659,0.179,70,4,12.0,sidewalks,CON,1,0,0,0,0,0,0,0,0,1,2,0,1,0,0,1,2,0,0,0,0,0,0,0,5,0,0,0,1,2,2,0,0,0,1,2,0,0,0,0,0,0,0,0,1,2,2,0,1,0,1,2,2,0,0,0,3,1,1,0,0,1,2,0,1,0,0,0,0,0,1,2,0,1,2,0,1,2,0,1,2,0,0,0,1,1,1,1,2,2,1,0,0,1,2,0,5,0,0.327,,,,0.184,0.122,,,,,,,,,,,,0.02,,,,,,,,,,,,,,,,,0,3.0,0.179,73.5,8.0,73.573
636,Medium,RPath,558,8.0,4.0,2.0,135.0,203.0,270.0,0.03940886699507389,Asphalt,75.1,3.0,4,73.78,0.12,0.48,0.1065246338215712,0.12,69,4,12.0,sidewalks,CON,1,2,0,0,0,0,0,0,0,1,0,0,1,0,0,1,2,0,0,0,0,0,0,0,5,0,0,0,1,2,2,0,0,0,1,0,0,0,0,0,0,0,0,0,1,2,0,0,1,0,1,2,2,0,0,0,3,1,1,0,0,1,2,0,1,0,0,0,0,0,1,2,0,1,2,0,1,2,2,1,2,0,0,3,1,1,1,1,2,2,1,0,0,1,0,0,5,0,0.28,,,,0.2,0.06,,,,,,,,,,,,0.02,,,,,,,,,,,,,,,,,0,3.0,0.12,75.1,8.0,73.78
637,Medium,RPath,589,8.0,4.0,2.0,211.0,316.0,421.0,0.02531645569620253,Asphalt,200.5,3.0,4,200.519,0.12,0.48,0.0399002493765586,0.12,67,4,12.0,sidewalks,HMAC,1,2,2,1,0,0,1,0,0,0,0,0,1,2,0,1,2,0,0,0,0,0,0,0,5,0,0,2,0,0,0,1,2,2,1,2,2,0,0,0,0,0,0,0,1,2,2,0,1,0,1,2,2,0,5,0,3,1,0,0,0,0,0,0,1,0,0,0,0,0,0,0,0,1,0,0,1,0,0,0,0,0,5,3,1,0,0,0,0,0,0,0,0,0,0,0,5,0,0.209,,,,0.12,0.09,,,,,,,,,,,,,,,,,,,,,,,,,,,,,0,3.0,0.12,200.5,8.0,200.519
638,Medium,RPath,617,8.0,4.0,2.0,23.0,34.0,45.0,0.23529411764705882,Asphalt,37.9,3.0,4,38.031,0.119,0.476,0.2110817941952506,0.119,72,4,12.0,sidewalks,HMAC,1,2,2,1,2,0,1,0,0,1,2,0,1,2,2,0,0,0,0,0,0,0,0,0,0,5,0,2,0,0,0,0,0,0,1,2,2,0,0,0,0,0,0,0,1,2,2,0,1,0,1,2,2,5,5,0,3,1,0,0,0,0,0,0,0,0,0,0,0,0,0,0,0,1,2,2,1,2,0,0,0,0,0,3,1,1,0,0,0,0,0,0,0,0,0,0,5,0,0.119,,,,,0.119,,,,,,,,,,,,,,,,,,,,,,,,,,,,,0,3.0,0.119,37.9,8.0,38.031
639,Medium,RPath,650,8.0,4.0,2.0,172.0,259.0,345.0,0.03088803088803089,Asphalt,81.3,3.0,4,81.146,0.111,0.444,0.0984009840098401,0.111,67,4,12.0,sidewalks,HMAC,1,0,0,1,0,0,0,0,0,1,0,0,1,2,2,0,0,0,0,0,0,1,0,0,0,5,0,2,0,0,0,0,0,0,1,2,2,0,0,0,0,0,0,5,1,0,0,0,1,1,1,2,2,5,0,0,3,1,0,0,0,0,0,0,1,2,0,1,0,0,1,0,0,1,2,0,1,2,0,0,0,0,5,3,0,0,0,0,0,0,0,0,0,0,0,0,5,0,0.277,,,,0.221,0.018,,,0.037,,,,,,,,,,,,,,,,,,,,,,,,,,0,3.0,0.111,81.3,8.0,81.146
640,Medium,RPath,653,8.0,4.0,2.0,1533.0,2300.0,3066.0,0.0034782608695652175,Asphalt,317.1,3.0,4,316.872,0.177,0.708,0.0252286345001576,0.177,71,4,12.0,sidewalks,HMAC,1,2,2,1,0,0,1,0,0,1,2,2,1,2,2,0,0,0,0,0,0,1,2,0,0,0,0,2,0,0,0,0,0,0,1,2,2,0,0,0,0,0,0,5,1,2,2,0,0,0,1,2,2,0,5,0,0,1,0,0,0,0,0,0,1,2,0,1,2,0,1,2,0,1,2,0,1,2,0,0,0,0,0,3,0,0,0,0,0,0,0,0,0,0,0,0,5,0,0.227,,,0.005,0.057,0.005,,,0.147,,,,,,,,,0.014,,,,,,,,,,,,,,,,,0,3.0,0.177,317.1,8.0,316.872
641,Medium,RPath,660,8.0,4.0,2.0,464.0,695.0,927.0,0.011510791366906475,Asphalt,208.8,3.0,4,208.555,0.102,0.408,0.0383141762452107,0.102,72,4,12.0,sidewalks,HMAC,1,0,0,1,0,0,0,0,0,1,0,0,1,2,2,0,0,0,0,0,0,1,2,0,0,0,0,2,0,0,0,0,0,0,1,2,2,0,0,0,0,0,0,5,1,0,0,0,1,1,1,2,2,5,0,4,3,1,0,0,0,0,0,0,1,2,0,1,0,0,1,2,0,1,2,2,1,2,0,0,0,0,5,3,0,0,0,0,0,0,0,0,0,0,0,0,5,0,0.273,,,,0.215,0.014,0.029,,,,,0.007,,,,,,0.007,,,,,,,,,,,,,,,,,3,3.0,0.102,208.8,38.0,208.555
642,Medium,RPath,672,8.0,4.0,2.0,195.0,293.0,391.0,0.027303754266211604,Asphalt,107.9,3.0,4,108.1,0.101,0.404,0.0741427247451343,0.101,80,4,12.0,sidewalks,HMAC,1,2,0,1,2,0,1,0,0,1,2,0,1,2,0,1,0,0,0,0,0,0,0,0,0,0,0,2,1,2,2,0,0,0,1,2,2,0,0,0,0,0,0,5,1,2,2,0,0,0,1,2,2,5,5,0,0,1,0,0,0,1,0,0,1,2,2,0,0,0,0,0,0,1,2,0,1,2,2,0,0,0,5,3,0,0,0,0,0,0,0,0,0,1,0,0,5,0,0.362,,,,0.348,0.014,,,,,,,,,,,,,,,,,,,,,,,,,,,,,0,3.0,0.101,107.9,8.0,108.1
643,Medium,RPath,673,8.0,4.0,2.0,571.0,856.0,1142.0,0.009345794392523364,Asphalt,75.2,3.0,4,75.209,0.22,0.88,0.1063829787234042,0.22,78,4,12.0,sidewalks,HMAC,1,2,0,1,2,0,1,0,0,1,2,0,1,2,2,1,0,0,0,0,0,0,0,0,0,0,0,2,1,2,2,0,0,0,1,2,2,0,0,0,0,0,0,5,1,2,0,0,0,0,1,2,0,5,5,0,0,1,0,0,0,1,0,0,1,2,2,0,0,0,0,0,0,1,0,0,1,2,2,0,0,0,5,3,1,0,0,1,0,0,0,0,0,1,0,0,5,0,0.758,0.04,,,0.718,,,,,,,,,,,,,,,,,,,,,,,,,,,,,,0,3.0,0.22,75.2,8.0,75.209
644,Medium,RPath,675,8.0,4.0,2.0,278.0,417.0,555.0,0.019184652278177457,Asphalt,78.9,3.0,4,77.713,0.176,0.704,0.1013941698352344,0.176,82,4,12.0,sidewalks,HMAC,1,2,0,1,2,0,1,0,0,1,0,0,1,2,2,1,0,0,0,0,0,0,0,0,0,5,0,2,1,2,0,0,0,0,1,2,0,0,0,0,0,0,0,5,1,2,0,0,0,0,1,2,0,5,5,0,3,1,0,0,0,1,0,0,1,2,2,0,0,0,0,0,0,1,2,0,1,2,2,0,0,0,5,3,1,0,0,1,0,0,0,0,0,1,0,0,5,0,0.704,,,,0.704,,,,,,,,,,,,,,,,,,,,,,,,,,,,,,0,3.0,0.176,78.9,8.0,77.713
645,Medium,RPath,683,8.0,4.0,2.0,172.0,257.0,343.0,0.0311284046692607,Asphalt,73.3,3.0,4,72.871,0.148,0.592,0.1091405184174624,0.148,81,4,12.0,sidewalks,HMAC,1,2,0,1,2,0,1,0,0,1,2,0,1,2,0,1,0,0,0,0,0,0,0,0,0,0,0,2,1,2,2,0,0,0,1,2,2,0,0,0,0,0,0,5,1,2,2,0,0,0,1,2,2,5,5,0,0,1,0,0,0,1,0,0,1,2,2,0,0,0,0,0,0,1,2,0,1,2,2,0,0,0,5,3,1,0,0,0,0,0,0,0,0,1,0,0,5,0,0.389,,,,0.307,0.061,,,,,,,,,,,,0.02,,,,,,,,,,,,,,,,,0,3.0,0.148,73.3,8.0,72.871
646,Medium,RPath,692,8.0,4.0,2.0,314.0,471.0,627.0,0.016985138004246284,Asphalt,161.3,3.0,4,159.204,0.216,0.864,0.0495970241785492,0.216,84,5,12.0,sidewalks,HMAC,1,2,2,1,0,0,0,0,0,1,2,0,1,2,0,0,0,0,0,0,0,0,0,0,5,0,0,2,1,2,0,0,0,0,1,2,2,0,0,0,0,0,0,5,1,2,0,0,0,0,1,2,2,5,5,0,3,1,0,0,0,1,0,0,1,2,0,0,0,0,0,0,0,1,2,2,1,2,2,0,0,0,5,3,1,1,1,0,0,0,0,0,0,0,0,0,5,0,0.242,,,,0.009,0.195,,,,,,,,,,,,0.037,,,,,,,,,,,,,,,,,0,3.0,0.216,161.3,8.0,159.204
647,Medium,RPath,698,8.0,4.0,2.0,135.0,202.0,270.0,0.039603960396039604,Asphalt,72.3,3.0,4,72.177,0.187,0.748,0.1106500691562932,0.187,75,4,12.0,sidewalks,HMAC,1,2,0,1,0,0,0,0,0,1,2,0,1,2,0,1,2,0,0,0,0,0,0,0,0,0,0,2,1,2,2,0,0,0,1,2,0,0,0,0,0,0,0,5,1,2,0,0,1,0,1,2,2,0,5,0,0,1,0,0,0,1,2,0,1,2,0,0,0,0,0,0,0,1,2,0,1,2,0,0,0,0,5,3,1,1,1,1,0,0,0,0,0,1,2,0,5,0,0.373,,,,0.249,0.124,,,,,,,,,,,,,,,,,,,,,,,,,,,,,0,3.0,0.187,72.3,8.0,72.177
648,Medium,RPath,701,8.0,4.0,2.0,603.0,905.0,1207.0,0.008839779005524863,Asphalt,109.3,3.0,4,56.156,0.147,0.588,0.0731930466605672,0.147,70,4,12.0,sidewalks,CON,1,2,2,0,0,0,0,0,0,1,2,2,1,0,0,0,0,0,0,0,0,0,0,0,5,0,0,2,1,2,2,1,2,0,1,2,0,0,0,0,1,2,0,5,1,2,0,0,1,0,1,2,2,0,0,0,3,1,1,0,0,0,0,0,1,2,0,0,0,0,0,0,0,1,0,0,1,0,0,0,0,0,0,3,1,1,1,1,2,0,0,0,0,0,0,0,5,0,0.233,,,0.014,0.014,0.055,,,,,,,,,,,,0.151,,,,,,,,,,,,,,,,,1,3.0,0.147,109.3,18.0,56.156
649,Medium,RPath,702,8.0,4.0,2.0,728.0,1092.0,1456.0,0.007326007326007326,Asphalt,72.4,3.0,4,73.402,0.238,0.952,0.1104972375690607,0.238,71,4,12.0,sidewalks,CON,1,2,2,0,0,0,0,0,0,1,2,2,1,0,0,0,0,0,0,0,0,1,0,0,5,0,0,2,1,2,2,1,2,0,1,2,0,0,0,0,1,2,2,5,1,2,0,0,1,0,1,2,2,0,0,0,3,1,1,0,0,0,0,0,1,0,0,0,0,0,0,0,0,1,0,0,1,0,0,0,0,0,0,3,1,1,1,1,2,0,0,0,0,0,0,0,5,0,0.435,,,,,0.041,,,,,,,,0.249,0.124,,,0.021,,,,,,,,,,,,,,,,,1,3.0,0.238,72.4,18.0,73.402
650,Medium,RPath,704,8.0,4.0,2.0,187.0,281.0,375.0,0.028469750889679714,Asphalt,77.9,3.0,4,79.65,0.12,0.48,0.1026957637997432,0.12,74,4,12.0,sidewalks,CON,1,2,2,1,0,0,0,0,0,1,2,2,1,0,0,1,0,0,0,0,0,0,0,0,5,0,0,2,1,2,2,1,0,0,1,2,0,0,0,0,1,2,0,5,1,2,0,0,1,1,1,2,2,0,0,0,3,1,1,0,0,0,0,0,1,0,0,0,0,0,1,0,0,1,2,0,1,0,0,0,0,0,0,3,1,1,1,1,2,2,0,0,0,0,0,0,5,0,0.481,,,,0.481,,,,,,,,,,,,,,,,,,,,,,,,,,,,,,1,3.0,0.12,77.9,18.0,79.65
651,Medium,RPath,705,8.0,4.0,2.0,352.0,528.0,704.0,0.015151515151515152,Asphalt,110.7,3.0,4,110.023,0.139,0.556,0.07226738934056,0.139,73,4,12.0,sidewalks,HMAC,1,2,0,0,0,0,0,0,0,1,2,0,1,0,0,1,0,0,0,0,0,0,0,0,5,0,0,2,1,2,2,1,0,0,1,0,0,0,0,0,1,2,0,5,1,2,0,0,1,1,1,2,2,0,5,0,0,1,1,2,0,0,0,0,1,2,0,0,0,0,1,0,0,1,0,0,1,2,0,0,0,0,0,3,1,1,1,1,2,0,1,0,0,1,0,0,5,0,0.528,,,,0.501,,,,,,,,,,,,,0.027,,,,,,,,,,,,,,,,,1,3.0,0.139,110.7,18.0,110.023
652,Medium,RPath,710,8.0,4.0,2.0,314.0,471.0,628.0,0.016985138004246284,Asphalt,74.6,3.0,4,40.692,0.191,0.764,0.1072386058981233,0.191,76,4,12.0,sidewalks,CON,1,2,0,1,0,0,0,0,0,1,2,0,1,0,0,1,2,0,0,0,0,0,0,0,5,0,0,0,1,2,2,0,0,0,1,0,0,0,0,0,1,0,0,5,1,2,0,0,1,1,1,2,2,0,0,0,3,1,1,0,0,0,0,0,1,2,2,0,0,0,1,0,0,1,0,0,1,2,0,0,0,0,5,3,1,1,1,1,2,0,1,0,0,1,2,0,5,0,0.382,,,0.02,0.241,0.101,,,,,,,,,,,,0.02,,,,,,,,,,,,,,,,,1,3.0,0.191,74.6,18.0,40.692
653,Medium,RPath,727,8.0,4.0,2.0,1054.0,1581.0,2107.0,0.005060088551549652,Asphalt,112.7,3.0,4,109.696,0.176,0.704,0.0709849157054126,0.176,79,4,12.0,sidewalks,CON,1,0,0,0,0,0,0,0,0,1,2,2,1,2,2,1,2,0,0,0,0,0,0,0,5,0,0,0,1,2,2,0,0,0,1,2,2,0,0,0,0,0,0,0,1,2,2,0,1,1,1,2,2,0,5,0,0,1,0,0,0,1,2,2,1,0,0,0,0,0,1,0,0,1,2,2,1,2,2,1,0,0,0,0,1,1,1,1,2,0,0,0,0,1,2,0,5,0,0.333,0.067,,,0.2,,,,,,,,,,0.053,,,0.013,,,,,,,,,,,,,,,,,0,3.0,0.176,112.7,8.0,109.696
654,Medium,RPath,733,8.0,4.0,2.0,198.0,297.0,396.0,0.026936026936026935,Asphalt,119.9,3.0,4,120.756,0.194,0.776,0.0667222685571309,0.194,71,4,12.0,sidewalks,CON,1,0,0,0,0,0,0,0,0,1,2,0,1,2,0,1,0,0,0,0,0,0,0,0,5,0,0,0,1,2,2,0,0,0,1,2,0,0,0,0,0,0,0,0,1,2,2,0,1,0,1,2,2,5,5,0,3,1,0,0,0,1,2,0,0,0,0,0,0,0,1,0,0,1,2,0,1,2,0,1,0,0,0,0,1,1,1,1,2,0,0,0,0,1,2,0,5,0,0.225,,,,0.025,0.175,,,,,,,,,,0.013,,0.013,,,,,,,,,,,,,,,,,1,3.0,0.194,119.9,18.0,120.756
655,Medium,RPath,734,8.0,4.0,2.0,363.0,545.0,727.0,0.014678899082568808,Asphalt,95.1,3.0,4,92.442,0.102,0.408,0.0841219768664563,0.102,74,4,12.0,sidewalks,CON,1,0,0,0,0,0,0,0,0,1,2,0,1,2,0,1,0,0,0,0,0,0,0,0,5,0,0,0,1,2,2,0,0,0,1,2,0,0,0,0,0,0,0,0,1,2,2,0,1,0,1,2,2,5,5,0,3,1,1,0,0,1,2,0,0,0,0,0,0,0,1,0,0,1,2,0,1,2,0,1,2,0,0,0,1,1,1,1,2,0,0,0,0,1,2,0,5,0,0.331,0.016,,,0.284,,,,,,,,,,,,,0.032,,,,,,,,,,,,,,,,,0,3.0,0.102,95.1,8.0,92.442
656,Medium,RPath,740,8.0,4.0,2.0,422.0,633.0,845.0,0.01263823064770932,Asphalt,92.3,3.0,4,92.659,0.106,0.424,0.0866738894907909,0.106,79,4,12.0,sidewalks,CON,1,0,0,0,0,0,0,0,0,1,2,0,1,2,0,1,2,0,0,0,0,0,0,0,5,0,0,0,1,2,2,0,0,0,1,2,0,0,0,0,0,0,0,0,1,2,2,0,1,0,1,2,2,5,5,0,3,1,1,0,0,1,2,0,1,0,0,0,0,0,1,0,0,1,2,0,1,2,0,1,2,0,0,0,1,1,1,1,2,2,0,0,0,1,2,0,5,0,0.39,,,,0.26,,,,,,,,,0.098,,,,0.033,,,,,,,,,,,,,,,,,0,3.0,0.106,92.3,8.0,92.659
657,Medium,RPath,741,8.0,4.0,2.0,247.0,371.0,495.0,0.0215633423180593,Asphalt,71.3,3.0,4,71.28,0.126,0.504,0.1122019635343618,0.126,81,4,12.0,sidewalks,CON,1,0,0,0,0,0,0,0,0,1,2,0,1,2,0,1,2,2,0,0,0,0,0,0,5,0,0,0,1,2,2,0,0,0,1,2,0,0,0,0,0,0,0,0,1,2,2,0,1,1,1,2,2,0,5,0,3,1,0,0,0,1,2,0,1,2,0,0,0,0,1,2,0,1,2,0,1,2,0,1,0,0,0,0,1,1,1,1,2,2,1,0,0,1,2,2,5,0,0.442,,,,0.379,,,,,,,,,,,,,0.063,,,,,,,,,,,,,,,,,3,3.0,0.126,71.3,38.0,71.28
658,Medium,RPath,745,8.0,4.0,2.0,354.0,531.0,708.0,0.015065913370998116,Asphalt,73.5,3.0,4,55.504,0.184,0.736,0.1088435374149659,0.184,83,5,12.0,sidewalks,CON,1,0,0,0,0,0,0,0,0,1,2,0,1,2,0,1,2,2,0,0,0,0,0,0,5,0,0,0,1,2,2,0,0,0,1,2,0,0,0,0,0,0,0,0,1,2,2,0,1,1,1,2,2,0,5,0,3,0,1,0,0,1,2,0,1,2,0,0,0,0,1,2,0,1,2,2,1,2,0,1,0,0,0,0,1,1,1,1,2,2,1,0,0,1,2,2,5,0,0.184,0.041,,,,0.143,,,,,,,,,,,,,,,,,,,,,,,,,,,,,3,3.0,0.184,73.5,38.0,55.504
659,Medium,RPath,747,8.0,4.0,2.0,91.0,136.0,182.0,0.058823529411764705,Asphalt,73.0,3.0,4,73.522,0.123,0.492,0.1095890410958904,0.123,82,4,12.0,sidewalks,CON,1,0,0,0,0,0,0,0,0,1,2,0,1,0,0,1,2,2,0,0,0,0,0,0,5,5,0,0,1,2,2,0,0,0,1,0,0,0,0,0,0,0,0,0,1,2,2,0,1,1,1,2,2,0,0,0,3,1,1,0,0,1,0,0,1,2,0,0,0,0,1,2,2,1,2,2,1,2,2,1,0,0,0,0,1,1,1,1,2,2,1,2,0,1,2,0,5,0,0.164,,,,0.041,0.103,,,,,,,,,,,,0.021,,,,,,,,,,,,,,,,,0,3.0,0.123,73.0,8.0,73.522
660,Medium,RPath,751,8.0,4.0,2.0,135.0,202.0,269.0,0.039603960396039604,Asphalt,73.8,3.0,4,73.13,0.244,0.976,0.1084010840108401,0.244,80,4,12.0,sidewalks,CON,1,2,0,0,0,0,0,0,0,1,2,0,1,0,0,1,2,2,0,0,0,0,0,0,5,0,0,0,1,2,2,0,0,0,1,0,0,0,0,0,0,0,0,0,1,2,0,0,1,0,1,2,0,0,0,0,0,1,1,2,0,1,0,0,1,2,2,0,0,0,1,2,2,1,2,2,1,2,2,1,0,0,5,0,1,1,1,1,2,2,1,2,0,1,2,0,5,0,0.285,,,,0.041,0.224,,,,,,,,,,,,0.02,,,,,,,,,,,,,,,,,0,3.0,0.244,73.8,8.0,73.13
661,Medium,RPath,764,8.0,4.0,2.0,165.0,248.0,330.0,0.03225806451612903,Asphalt,74.7,3.0,4,74.719,0.11,0.44,0.107095046854083,0.11,79,4,12.0,sidewalks,HMAC,1,2,0,1,0,0,0,0,0,0,0,0,1,0,0,1,0,0,0,0,0,1,0,0,5,0,0,2,1,0,0,1,2,2,1,2,2,0,0,0,1,2,0,5,1,2,0,0,1,0,1,2,2,0,0,0,3,1,1,0,0,1,2,0,1,2,2,1,0,0,1,2,0,1,0,0,0,0,0,0,0,0,5,3,1,1,1,1,2,0,0,0,0,0,0,0,5,0,0.442,,,,0.442,,,,,,,,,,,,,,,,,,,,,,,,,,,,,,1,3.0,0.11,74.7,18.0,74.719
662,Medium,RPath,777,8.0,4.0,2.0,75.0,113.0,150.0,0.07079646017699115,Asphalt,56.1,3.0,4,57.253,0.147,0.588,0.142602495543672,0.147,73,4,12.0,sidewalks,HMAC,1,2,2,0,0,0,0,0,0,0,0,0,1,2,2,0,0,0,0,0,0,1,2,0,0,5,0,2,0,0,0,0,0,0,1,2,2,0,0,0,0,0,0,0,1,2,0,0,1,1,1,2,2,5,5,0,3,1,0,0,0,0,0,0,0,0,0,0,0,0,0,0,0,1,2,0,1,2,2,0,0,0,5,3,1,1,1,0,0,0,0,0,0,0,0,0,5,0,0.268,,,,0.161,0.107,,,,,,,,,,,,,,,,,,,,,,,,,,,,,1,3.0,0.147,56.1,18.0,57.253
663,Medium,RPath,781,8.0,4.0,2.0,442.0,663.0,884.0,0.012066365007541479,Asphalt,326.2,3.0,4,187.541,0.171,0.684,0.0245248313917841,0.171,68,4,12.0,sidewalks,HMAC,1,2,2,1,2,0,1,2,0,0,0,0,1,2,2,0,0,0,0,0,0,0,0,0,0,5,0,2,0,0,0,0,0,0,0,0,0,0,0,0,0,0,0,0,0,0,0,0,1,1,1,2,2,5,0,4,3,1,0,0,0,0,0,0,0,0,0,0,0,0,0,0,0,1,2,2,1,2,2,0,0,0,0,3,1,1,0,1,2,2,0,0,0,0,0,0,5,0,0.175,,,0.005,0.005,0.166,,,,,,,,,,,,,,,,,,,,,,,,,,,,,0,3.0,0.171,326.2,8.0,187.541
664,Medium,RPath,825,8.0,4.0,2.0,247.0,371.0,495.0,0.0215633423180593,Asphalt,101.0,3.0,4,93.772,0.123,0.492,0.0792079207920792,0.123,83,5,12.0,sidewalks,CON,1,2,2,0,0,0,0,0,0,1,2,0,1,0,0,1,0,0,0,0,0,0,0,0,5,0,0,0,1,2,2,0,0,0,1,0,0,0,0,0,0,0,0,0,1,2,0,0,1,1,1,2,2,0,5,0,0,1,1,2,0,0,0,0,1,2,0,0,0,0,1,2,0,1,2,0,1,2,2,1,2,0,5,0,1,1,1,1,2,2,1,2,2,1,2,0,5,0,0.49,,,,0.49,,,,,,,,,,,,,,,,,,,,,,,,,,,,,,0,3.0,0.123,101.0,8.0,93.772
665,Medium,RPath,840,8.0,4.0,2.0,1048.0,1572.0,2097.0,0.005089058524173028,Asphalt,133.8,3.0,4,129.244,0.177,0.708,0.0597907324364723,0.177,68,4,12.0,sidewalks,CON,1,0,0,0,0,0,0,0,0,0,0,0,1,0,0,1,0,0,0,0,0,0,0,0,5,0,0,0,1,2,2,0,0,0,0,0,0,0,0,0,0,0,0,0,1,2,2,0,1,1,1,2,2,0,5,0,3,0,1,2,0,1,2,0,1,2,0,0,0,0,1,0,0,1,2,0,1,2,0,1,2,2,0,3,1,1,1,1,2,0,0,0,0,0,0,0,5,0,0.594,,,0.011,0.381,0.011,,,,,,,,0.146,,0.034,,0.011,,,,,,,,,,,,,,,,,0,3.0,0.177,133.8,8.0,129.244
666,Medium,RPath,841,8.0,4.0,2.0,210.0,315.0,420.0,0.025396825396825397,Asphalt,104.2,3.0,4,104.466,0.112,0.448,0.0767754318618042,0.112,71,4,12.0,sidewalks,CON,1,0,0,0,0,0,0,0,0,0,0,0,1,2,0,1,0,0,0,0,0,0,0,0,5,0,0,0,1,2,2,0,0,0,0,0,0,0,0,0,0,0,0,0,1,2,2,0,1,1,1,2,2,0,5,0,3,1,1,2,0,1,2,0,1,2,0,0,0,0,1,0,0,1,2,0,1,2,2,1,2,0,0,3,1,1,1,1,2,0,0,0,0,0,0,0,5,0,0.403,,,,0.389,0.014,,,,,,,,,,,,,,,,,,,,,,,,,,,,,1,3.0,0.112,104.2,18.0,104.466
667,Medium,RPath,849,8.0,4.0,2.0,300.0,450.0,600.0,0.017777777777777778,Asphalt,100.7,3.0,4,100.761,0.149,0.596,0.0794438927507447,0.149,67,4,12.0,sidewalks,CON,1,2,0,0,0,0,0,0,0,0,0,0,1,2,0,1,0,0,0,0,0,0,0,0,5,0,3,0,1,2,2,0,0,0,0,0,0,0,0,0,0,0,0,0,1,2,0,0,1,0,1,2,0,0,5,0,0,1,1,2,0,1,0,0,1,2,2,0,0,0,1,0,0,1,2,0,1,2,2,1,2,0,0,0,1,1,1,1,2,0,1,0,0,1,0,0,5,0,0.596,,,,0.596,,,,,,,,,,,,,,,,,,,,,,,,,,,,,,0,3.0,0.149,100.7,8.0,100.761
668,Medium,RPath,851,8.0,4.0,2.0,698.0,1047.0,1395.0,0.007640878701050621,Asphalt,100.9,3.0,4,99.71,0.152,0.608,0.0792864222001982,0.152,71,4,12.0,sidewalks,CON,1,2,2,0,0,0,0,0,0,0,0,0,1,0,0,1,0,0,0,0,0,0,0,0,5,0,0,0,1,2,2,0,0,0,1,0,0,0,0,0,0,0,0,0,1,2,2,0,1,0,1,2,0,0,5,0,3,1,1,0,0,1,0,0,1,2,2,0,0,0,1,0,0,1,2,0,1,2,2,1,2,0,0,3,1,1,1,1,2,0,1,0,0,1,0,0,5,0,0.387,,,0.015,0.193,,,,,,,,,,,,,0.178,,,,,,,,,,,,,,,,,0,3.0,0.152,100.9,8.0,99.71
669,Medium,RPath,856,8.0,4.0,2.0,150.0,225.0,300.0,0.035555555555555556,Asphalt,73.6,3.0,4,73.583,0.117,0.468,0.108695652173913,0.117,75,4,12.0,sidewalks,CON,1,2,0,0,0,0,0,0,0,0,0,0,1,2,0,1,2,0,0,0,0,0,0,0,5,0,3,0,1,2,2,0,0,0,1,0,0,0,0,0,0,0,0,0,1,2,2,0,1,0,1,2,0,0,5,0,3,1,1,0,0,0,0,0,1,2,2,0,0,0,1,0,0,1,2,0,1,2,0,1,2,0,0,3,1,1,1,1,2,0,1,0,0,1,2,0,5,0,0.408,,,,0.387,0.02,,,,,,,,,,,,,,,,,,,,,,,,,,,,,0,3.0,0.117,73.6,8.0,73.583
670,Medium,RPath,898,8.0,4.0,2.0,90.0,135.0,180.0,0.05925925925925926,Asphalt,86.0,3.0,4,86.016,0.196,0.784,0.0930232558139534,0.196,68,4,12.0,sidewalks,CON,1,2,2,1,2,0,0,0,0,0,0,0,1,2,2,1,0,0,0,0,0,0,0,0,0,0,0,2,0,0,0,0,0,0,1,2,0,0,0,0,0,0,0,5,1,0,0,0,0,0,1,2,2,5,0,0,3,1,1,0,0,0,0,0,0,0,0,0,0,0,0,0,0,1,2,2,1,2,2,0,0,0,5,3,1,0,1,1,2,0,0,0,0,0,0,0,5,0,0.209,,,,0.017,0.192,,,,,,,,,,,,,,,,,,,,,,,,,,,,,0,3.0,0.196,86.0,8.0,86.016
671,Medium,RPath,921,8.0,4.0,2.0,368.0,551.0,735.0,0.014519056261343012,Asphalt,300.0,3.0,4,299.338,0.198,0.792,0.0266666666666666,0.198,74,4,12.0,sidewalks,HMAC,1,2,2,1,2,0,1,0,0,1,2,2,1,2,2,0,0,0,0,0,0,0,0,0,0,5,0,2,0,0,0,0,0,0,1,2,2,0,0,0,0,0,0,0,1,2,2,0,1,1,1,2,2,5,5,0,3,0,0,0,0,0,0,0,0,0,0,0,0,0,0,0,0,1,2,2,1,2,0,0,0,0,0,3,1,1,0,0,0,0,0,0,0,0,0,0,5,0,0.205,,,,,0.195,,,,0.01,,,,,,,,,,,,,,,,,,,,,,,,,0,3.0,0.198,300.0,8.0,299.338
672,Medium,RPath,973,8.0,4.0,2.0,90.0,135.0,180.0,0.05925925925925926,Asphalt,73.2,3.0,4,72.786,0.246,0.984,0.1092896174863388,0.246,70,4,12.0,sidewalks,HMAC,1,2,0,0,0,0,0,0,0,0,0,0,1,2,0,1,2,0,0,0,0,0,0,0,0,0,3,0,1,2,2,0,0,0,1,2,0,0,0,0,0,0,0,0,1,2,2,0,0,0,1,2,0,0,5,0,3,1,1,0,0,0,0,0,1,2,2,0,0,0,0,0,0,1,2,0,1,2,0,1,2,0,0,3,1,1,1,1,2,0,1,0,0,1,2,0,5,0,0.246,,,,,0.246,,,,,,,,,,,,,,,,,,,,,,,,,,,,,0,3.0,0.246,73.2,8.0,72.786
673,Medium,RPath,1001,8.0,4.0,2.0,335.0,503.0,670.0,0.015904572564612324,Asphalt,97.7,3.0,4,95.79,0.246,0.984,0.0818833162743091,0.246,67,4,12.0,sidewalks,HMAC,1,2,2,1,0,0,1,2,0,1,2,2,1,2,2,0,0,0,0,0,0,0,0,0,5,0,3,2,0,0,0,0,0,0,1,2,2,0,0,0,0,0,0,0,1,2,0,0,0,0,1,2,2,0,5,0,0,1,0,0,0,0,0,0,0,0,0,0,0,0,0,0,0,1,2,2,1,2,0,0,0,0,0,3,1,1,1,0,0,0,0,0,0,0,0,0,5,0,0.322,,,,0.031,0.2,,,,,,,,0.061,,0.015,0.015,,,,,,,,,,,,,,,,,,0,3.0,0.246,97.7,8.0,95.79
674,Medium,RPath,1005,8.0,4.0,2.0,773.0,1160.0,1546.0,0.006896551724137931,Asphalt,369.0,3.0,4,368.824,0.151,0.604,0.021680216802168,0.151,71,4,12.0,sidewalks,HMAC,1,2,2,1,2,0,0,0,0,0,0,0,0,0,0,0,0,0,0,0,0,0,0,0,5,5,0,2,0,0,0,0,0,0,1,2,2,0,0,0,0,0,0,0,1,2,2,0,0,0,1,2,2,5,5,4,0,1,0,0,0,0,0,0,0,0,0,0,0,0,1,0,0,1,0,0,1,2,2,0,0,0,5,0,1,1,1,1,0,0,0,0,0,0,0,0,5,0,0.244,,,,0.106,0.093,,,,,0.016,,0.008,0.012,,0.008,,,,,,,,,,,,,,,,,,,0,3.0,0.151,369.0,8.0,368.824
675,Medium,RPath,1010,8.0,4.0,2.0,225.0,337.0,450.0,0.02373887240356083,Asphalt,109.4,3.0,4,109.397,0.103,0.412,0.073126142595978,0.103,72,4,12.0,sidewalks,HMAC,1,2,2,1,0,0,0,0,0,1,0,0,1,0,0,0,0,0,0,0,0,0,0,0,0,5,0,2,1,2,2,1,2,2,1,2,0,0,0,0,1,2,0,5,1,2,0,0,1,1,1,2,2,0,0,0,0,1,1,0,0,0,0,0,1,2,0,0,0,0,1,0,0,1,2,0,1,2,0,0,0,0,0,3,1,0,1,1,2,0,1,0,0,0,0,0,5,0,0.411,,,,0.411,,,,,,,,,,,,,,,,,,,,,,,,,,,,,,0,3.0,0.103,109.4,8.0,109.397
676,Medium,RPath,1177,8.0,4.0,2.0,98.0,146.0,195.0,0.0547945205479452,Asphalt,83.8,3.0,4,84.706,0.112,0.448,0.0954653937947494,0.112,80,4,12.0,sidewalks,CON,1,2,0,1,0,0,1,0,0,1,0,0,1,2,2,0,0,0,0,0,0,1,2,2,0,0,0,2,0,0,0,0,0,0,1,2,2,0,0,0,0,0,0,5,0,0,0,0,1,1,1,2,2,5,0,0,3,1,0,0,0,0,0,0,1,2,0,1,2,2,1,2,2,1,2,0,1,2,2,0,0,0,5,3,1,0,1,0,0,0,0,0,0,0,0,0,5,0,0.233,,,,0.161,0.072,,,,,,,,,,,,,,,,,,,,,,,,,,,,,0,3.0,0.112,83.8,8.0,84.706
677,Medium,RPath,1235,8.0,4.0,2.0,631.0,947.0,1263.0,0.008447729672650475,Asphalt,84.8,3.0,4,84.796,0.199,0.796,0.0943396226415094,0.199,75,4,12.0,sidewalks,HMAC,1,2,0,1,2,0,0,0,0,0,0,0,1,2,0,0,0,0,0,0,0,0,0,0,5,0,0,2,0,0,0,1,0,0,1,2,2,0,0,0,0,0,0,5,1,2,0,0,0,0,1,2,0,5,0,4,0,1,0,0,0,0,0,0,1,2,0,1,2,2,1,2,2,1,0,0,1,2,2,0,0,0,5,0,1,0,1,1,0,0,0,0,0,0,0,0,5,0,0.425,,,,0.106,0.053,,,,,,,0.035,0.195,0.018,,0.018,,,,,,,,,,,,,,,,,,0,3.0,0.199,84.8,8.0,84.796
678,Medium,RPath,1275,8.0,4.0,2.0,695.0,1043.0,1390.0,0.007670182166826462,Asphalt,337.5,3.0,4,336.858,0.176,0.704,0.0237037037037037,0.176,70,4,12.0,sidewalks,CON,1,2,2,0,0,0,0,0,0,1,2,0,0,0,0,1,2,0,0,0,0,0,0,0,5,0,0,2,0,0,0,0,0,0,1,2,2,0,0,0,1,2,2,0,1,2,2,0,1,1,1,2,2,5,5,0,3,1,0,0,0,0,0,0,1,2,2,0,0,0,0,0,0,0,0,0,1,2,0,0,0,0,0,0,1,1,1,0,0,0,0,0,0,0,0,0,5,0,0.209,0.004,0.004,,0.04,0.147,,,,0.004,,,,,,,0.009,,,,,,,,,,,,,,,,,,0,3.0,0.176,337.5,8.0,336.858
679,Medium,RPath,1287,8.0,4.0,2.0,151.0,227.0,302.0,0.03524229074889868,Asphalt,171.6,3.0,4,169.865,0.133,0.532,0.0466200466200466,0.133,68,4,12.0,sidewalks,CON,1,2,2,1,2,0,1,0,0,0,0,0,1,0,0,1,2,0,0,0,0,0,0,0,5,5,0,2,0,0,0,0,0,0,1,2,2,0,0,0,1,2,0,0,1,2,2,0,1,1,1,2,2,5,0,0,3,1,0,0,0,0,0,0,1,0,0,0,0,0,0,0,0,1,0,0,1,2,0,0,0,0,0,3,1,0,0,0,0,0,0,0,0,0,0,0,5,0,0.14,,,,0.009,0.122,,,,,,,,,,,0.009,,,,,,,,,,,,,,,,,,0,3.0,0.133,171.6,8.0,169.865
680,Medium,RPath,1289,8.0,4.0,2.0,165.0,247.0,330.0,0.032388663967611336,Asphalt,317.1,3.0,4,313.909,0.104,0.416,0.0252286345001576,0.104,67,4,12.0,sidewalks,CON,1,2,2,1,2,0,1,2,0,0,0,0,1,0,0,1,0,0,0,0,0,0,0,0,0,5,0,0,0,0,0,0,0,0,1,2,2,0,0,0,1,2,2,0,1,2,2,0,1,1,1,2,2,5,5,0,3,0,0,0,0,0,0,0,1,0,0,0,0,0,0,0,0,1,2,2,0,0,0,0,0,0,0,0,1,1,1,0,0,0,0,0,0,0,0,0,5,0,0.104,,,,,0.104,,,,,,,,,,,,,,,,,,,,,,,,,,,,,1,3.0,0.104,317.1,18.0,313.909
681,Medium,RPath,1326,8.0,4.0,2.0,595.0,893.0,1190.0,0.008958566629339306,Asphalt,278.7,3.0,4,212.417,0.175,0.7,0.0287047003946896,0.175,82,4,12.0,sidewalks,HMAC,1,2,2,1,0,0,0,0,0,1,0,0,1,0,0,0,0,0,0,0,0,0,0,0,5,5,0,0,1,2,2,1,2,2,1,2,2,0,0,0,1,2,2,0,1,2,2,0,1,1,1,2,2,5,5,0,0,0,1,0,0,0,0,0,1,2,2,0,0,0,0,0,0,1,0,0,1,0,0,0,0,0,0,0,1,1,1,1,2,2,1,0,0,0,0,0,5,0,0.388,,,,0.275,0.102,,,,,,0.005,,,,,,0.005,,,,,,,,,,,,,,,,,2,3.0,0.175,278.7,28.0,212.417
682,Medium,RPath,1330,8.0,4.0,2.0,113.0,169.0,225.0,0.047337278106508875,Asphalt,78.4,3.0,4,76.772,0.186,0.744,0.1020408163265306,0.186,76,4,12.0,sidewalks,CON,1,2,2,1,2,2,0,0,0,0,0,0,1,2,0,1,2,0,0,0,0,0,0,0,5,0,0,2,0,0,0,0,0,0,1,2,2,0,0,0,0,0,0,5,1,2,2,0,0,0,1,2,2,5,5,0,3,1,0,0,0,0,0,0,0,0,0,0,0,0,1,0,0,1,0,0,1,0,0,0,0,0,5,3,1,0,1,1,0,0,0,0,0,0,0,0,5,0,0.287,,,,0.134,0.153,,,,,,,,,,,,,,,,,,,,,,,,,,,,,1,3.0,0.186,78.4,18.0,76.772
683,Medium,RPath,1336,8.0,4.0,2.0,255.0,382.0,510.0,0.020942408376963352,Asphalt,214.2,3.0,4,211.804,0.121,0.484,0.0373482726423902,0.121,81,4,12.0,sidewalks,HMAC,1,2,2,1,2,2,0,0,0,0,0,0,1,2,0,1,2,2,0,0,0,0,0,0,5,5,0,2,1,0,0,0,0,0,1,2,2,0,0,0,0,0,0,0,1,2,2,0,0,0,1,2,2,5,5,0,3,1,0,0,0,0,0,0,0,0,0,0,0,0,1,0,0,1,2,0,1,2,0,0,0,0,5,0,1,0,0,1,0,0,1,0,0,1,0,0,5,0,0.126,,,,0.007,0.091,,,,,,,,,0.028,,,,,,,,,,,,,,,,,,,,1,3.0,0.121,214.2,18.0,211.804
684,Medium,RPath,1349,8.0,4.0,2.0,790.0,1184.0,1579.0,0.006756756756756757,Asphalt,580.6,3.0,4,289.987,0.227,0.908,0.0137788494660695,0.227,84,5,12.0,sidewalks,HMAC,1,2,2,1,2,0,1,2,0,1,2,0,1,2,2,0,0,0,0,0,0,1,2,2,0,0,0,2,0,0,0,0,0,0,1,2,0,0,0,0,0,0,0,5,0,0,0,0,1,1,1,2,2,5,0,0,3,1,0,0,0,0,0,0,1,2,2,1,2,2,1,2,0,1,0,0,1,2,2,0,0,0,5,3,1,0,1,0,0,0,0,0,0,0,0,0,5,0,0.233,,,,,0.222,,,,,,,,,,,,0.01,,,,,,,,,,,,,,,,,1,3.0,0.227,580.6,18.0,289.987
685,Medium,RPath,592,8.0,4.0,2.0,2038.0,3057.0,4076.0,0.0026169447170428526,Asphalt,203.6,3.0,4,203.386,0.153,0.612,0.0392927308447937,0.153,81,4,12.0,sidewalks,HMAC,1,2,2,1,2,2,1,2,0,1,0,0,1,2,2,1,2,2,0,0,0,0,0,0,0,5,0,2,0,0,0,1,0,0,1,2,2,0,0,0,0,0,0,5,1,0,0,0,0,0,1,2,2,0,5,0,3,1,0,0,0,0,0,0,0,0,0,0,0,0,0,0,0,1,2,2,1,2,2,0,0,0,5,3,1,0,0,0,0,0,0,0,0,0,0,0,5,0,0.302,0.088,,,0.192,0.015,,,,,,0.007,,,,,,,,,,,,,,,,,,,,,,,1,3.0,0.153,203.6,18.0,203.386
686,Medium,RPath,14,8.0,2.0,4.0,0.0,0.0,0.0,,Asphalt,22.5,1.0,2,22.412,0.0,0.0,0.3555555555555555,0.0,40,2,2.0,sidewalks,CON,1,2,2,1,2,2,0,0,0,0,0,0,0,0,0,1,0,0,0,0,0,0,0,0,0,0,0,0,0,0,0,0,0,0,1,2,0,0,0,0,0,0,0,0,0,0,0,0,1,0,1,2,0,0,0,0,0,1,0,0,0,0,0,0,0,0,0,0,0,0,0,0,0,0,0,0,1,2,2,0,0,0,0,0,1,1,1,1,2,0,1,2,2,0,0,0,5,0,0.0,,,,,,,,,,,,,,,,,,,,,,,,,,,,,,,,,,0,1.0,0.0,22.5,8.0,22.412
687,Medium,RPath,250,8.0,2.0,4.0,0.0,0.0,0.0,,Asphalt,120.9,1.0,2,120.908,0.0,0.0,0.0661703887510339,0.0,43,2,2.0,sidewalks,HMAC,1,2,0,0,0,0,0,0,0,0,0,0,1,2,0,0,0,0,0,0,0,0,0,0,5,0,0,2,0,0,0,1,2,2,0,0,0,0,0,0,0,0,0,0,0,0,0,0,1,1,1,2,2,0,5,0,0,1,0,0,0,0,0,0,0,0,0,0,0,0,0,0,0,0,0,0,0,0,0,0,0,0,0,0,1,1,1,1,2,0,0,0,0,1,0,0,5,0,0.0,,,,,,,,,,,,,,,,,,,,,,,,,,,,,,,,,,0,1.0,0.0,120.9,8.0,120.908
688,Medium,RPath,259,8.0,2.0,4.0,0.0,0.0,0.0,,Asphalt,176.7,1.0,2,175.248,0.0,0.0,0.0452744765138653,0.0,43,2,2.0,sidewalks,HMAC,1,2,0,1,2,0,0,0,0,0,0,0,1,2,2,0,0,0,0,0,0,0,0,0,0,5,0,2,0,0,0,0,0,0,0,0,0,1,2,0,0,0,0,0,0,0,0,0,0,0,0,0,0,5,0,4,0,1,0,0,0,0,0,0,0,0,0,0,0,0,0,0,0,1,2,0,0,0,0,0,0,0,0,0,1,1,1,1,0,0,0,0,0,0,0,0,5,0,0.0,,,,,,,,,,,,,,,,,,,,,,,,,,,,,,,,,,0,1.0,0.0,176.7,8.0,175.248
689,Medium,RPath,260,8.0,2.0,4.0,0.0,0.0,0.0,,Asphalt,365.7,1.0,2,365.668,0.0,0.0,0.0218758545255674,0.0,44,2,2.0,sidewalks,HMAC,1,0,0,1,0,0,0,0,0,0,0,0,1,2,2,0,0,0,0,0,0,0,0,0,5,5,0,2,0,0,0,0,0,0,0,0,0,1,2,2,0,0,0,0,0,0,0,0,0,0,0,0,0,5,0,4,0,1,0,0,0,0,0,0,0,0,0,0,0,0,0,0,0,1,0,0,0,0,0,0,0,0,0,0,1,1,1,1,0,0,0,0,0,0,0,0,5,0,0.0,,,,,,,,,,,,,,,,,,,,,,,,,,,,,,,,,,0,1.0,0.0,365.7,8.0,365.668
690,Medium,RPath,396,8.0,2.0,4.0,0.0,0.0,0.0,,Asphalt,157.5,1.0,2,154.223,0.0,0.0,0.0507936507936507,0.0,34,2,2.0,sidewalks,CON,0,0,0,0,0,0,0,0,0,0,0,0,1,2,0,0,0,0,1,2,0,0,0,0,0,0,3,0,0,0,0,1,0,0,1,0,0,0,0,0,0,0,0,0,1,0,0,0,1,0,1,2,0,0,0,0,3,1,0,0,0,0,0,0,0,0,0,0,0,0,0,0,0,0,0,0,1,2,0,0,0,0,0,0,1,1,1,0,0,0,0,0,0,1,2,0,5,0,0.0,,,,,,,,,,,,,,,,,,,,,,,,,,,,,,,,,,0,1.0,0.0,157.5,8.0,154.223
691,Medium,RPath,515,8.0,2.0,4.0,0.0,0.0,0.0,,Asphalt,320.7,1.0,2,318.912,0.0,0.0,0.0249454318677892,0.0,48,3,2.0,sidewalks,HMAC,1,2,2,1,2,2,1,2,0,0,0,0,1,2,0,1,2,0,0,0,0,0,0,0,0,0,3,2,0,0,0,1,2,2,0,0,0,0,0,0,0,0,0,0,0,0,0,0,1,0,1,2,0,0,0,0,3,1,0,0,0,0,0,0,0,0,0,0,0,0,0,0,0,1,2,0,0,0,0,0,0,0,0,0,1,1,1,0,0,0,0,0,0,0,0,0,5,0,0.0,,,,,,,,,,,,,,,,,,,,,,,,,,,,,,,,,,0,1.0,0.0,320.7,8.0,318.912
692,Medium,RPath,518,8.0,2.0,4.0,0.0,0.0,0.0,,Asphalt,154.9,1.0,2,154.887,0.0,0.0,0.051646223369916,0.0,43,2,2.0,sidewalks,SS,1,2,0,0,0,0,0,0,0,0,0,0,1,2,2,0,0,0,0,0,0,0,0,0,0,5,0,2,0,0,0,1,2,0,0,0,0,0,0,0,0,0,0,0,0,0,0,0,1,0,1,2,2,0,5,0,0,1,0,0,0,0,0,0,0,0,0,0,0,0,0,0,0,0,0,0,0,0,0,0,0,0,0,0,1,1,1,1,2,2,0,0,0,0,0,0,5,0,0.0,,,,,,,,,,,,,,,,,,,,,,,,,,,,,,,,,,0,1.0,0.0,154.9,8.0,154.887
693,Medium,RPath,583,8.0,2.0,4.0,0.0,0.0,0.0,,Asphalt,49.9,1.0,2,48.385,0.0,0.0,0.1603206412825651,0.0,44,2,2.0,sidewalks,CON,1,2,0,1,0,0,1,0,0,1,2,0,1,2,0,1,2,0,0,0,0,0,0,0,0,0,0,2,0,0,0,0,0,0,1,2,0,0,0,0,0,0,0,0,0,0,0,0,0,0,1,0,0,5,5,0,0,1,0,0,0,0,0,0,0,0,0,0,0,0,0,0,0,1,0,0,1,2,0,0,0,0,0,0,1,1,1,0,0,0,0,0,0,1,0,0,5,0,0.0,,,,,,,,,,,,,,,,,,,,,,,,,,,,,,,,,,1,1.0,0.0,49.9,18.0,48.385
694,Medium,RPath,867,8.0,2.0,4.0,0.0,0.0,0.0,,Asphalt,300.0,1.0,2,300.0,0.0,0.0,0.0266666666666666,0.0,30,2,2.0,sidewalks,CON,1,0,0,0,0,0,0,0,0,0,0,0,1,2,2,0,0,0,1,2,2,0,0,0,0,0,0,0,0,0,0,0,0,0,1,0,0,0,0,0,0,0,0,0,0,0,0,0,0,0,1,2,2,5,5,0,0,0,0,0,0,0,0,0,0,0,0,0,0,0,0,0,0,0,0,0,0,0,0,0,0,0,0,0,1,1,1,0,0,0,0,0,0,0,0,0,0,0,0.0,,,,,,,,,,,,,,,,,,,,,,,,,,,,,,,,,,0,1.0,0.0,300.0,8.0,300.0
695,Medium,RPath,869,8.0,2.0,4.0,0.0,0.0,0.0,,Asphalt,300.0,1.0,2,300.0,0.0,0.0,0.0266666666666666,0.0,32,2,2.0,sidewalks,CON,1,2,0,0,0,0,0,0,0,0,0,0,1,2,2,0,0,0,1,2,2,0,0,0,0,0,0,0,0,0,0,0,0,0,1,0,0,0,0,0,0,0,0,0,0,0,0,0,0,0,1,2,2,5,5,0,0,0,0,0,0,0,0,0,0,0,0,0,0,0,0,0,0,0,0,0,0,0,0,0,0,0,0,0,1,1,1,0,0,0,0,0,0,0,0,0,0,0,0.0,,,,,,,,,,,,,,,,,,,,,,,,,,,,,,,,,,0,1.0,0.0,300.0,8.0,300.0
696,Medium,RPath,930,8.0,2.0,4.0,8.0,11.0,15.0,0.7272727272727273,Asphalt,65.4,1.0,2,64.44,0.006,0.012,0.1223241590214067,0.006,33,2,2.0,sidewalks,CON,1,2,2,0,0,0,0,0,0,0,0,0,0,0,0,0,0,0,0,0,0,0,0,0,0,0,3,0,0,0,0,0,0,0,0,0,0,0,0,0,0,0,0,0,0,0,0,0,0,0,1,2,0,5,5,4,0,0,0,0,0,0,0,0,0,0,0,0,0,0,0,0,0,0,0,0,0,0,0,0,0,0,0,0,1,1,1,0,0,0,0,0,0,0,0,0,5,0,0.023,,,,0.023,,,,,,,,,,,,,,,,,,,,,,,,,,,,,,0,1.0,0.006,65.4,8.0,64.44
697,Medium,RPath,1020,8.0,2.0,4.0,0.0,0.0,0.0,,Asphalt,128.4,1.0,2,128.407,0.0,0.0,0.0623052959501557,0.0,33,2,2.0,sidewalks,CON,1,2,2,1,0,0,0,0,0,0,0,0,0,0,0,0,0,0,0,0,0,0,0,0,0,0,0,2,0,0,0,0,0,0,0,0,0,0,0,0,0,0,0,0,0,0,0,0,0,0,0,0,0,0,0,0,3,1,0,0,0,0,0,0,0,0,0,0,0,0,0,0,0,1,2,2,0,0,0,0,0,0,5,3,1,1,1,0,0,0,0,0,0,0,0,0,5,0,0.0,,,,,,,,,,,,,,,,,,,,,,,,,,,,,,,,,,0,1.0,0.0,128.4,8.0,128.407
698,Medium,RPath,1033,8.0,2.0,4.0,8.0,12.0,16.0,0.6666666666666666,Asphalt,312.4,1.0,2,312.396,0.001,0.002,0.0256081946222791,0.001,46,3,2.0,sidewalks,CON,1,2,2,1,2,0,1,0,0,0,0,0,0,0,0,0,0,0,0,0,0,0,0,0,0,5,0,2,0,0,0,0,0,0,1,2,2,0,0,0,0,0,0,0,1,2,0,0,0,0,1,2,0,5,5,0,0,0,0,0,0,0,0,0,0,0,0,0,0,0,0,0,0,1,0,0,0,0,0,0,0,0,0,0,1,1,1,0,0,0,0,0,0,0,0,0,5,0,0.005,,,,0.005,,,,,,,,,,,,,,,,,,,,,,,,,,,,,,0,1.0,0.001,312.4,8.0,312.396
699,Medium,RPath,1062,8.0,2.0,4.0,37.0,55.0,73.0,0.14545454545454545,Asphalt,407.2,1.0,2,401.364,0.005,0.01,0.0196463654223968,0.005,40,2,2.0,sidewalks,CON,1,2,2,1,2,0,1,2,0,0,0,0,1,0,0,0,0,0,0,0,0,0,0,0,0,0,0,2,0,0,0,0,0,0,0,0,0,0,0,0,0,0,0,0,0,0,0,0,0,0,1,2,2,5,0,4,0,1,0,0,0,0,0,0,0,0,0,0,0,0,0,0,0,0,0,0,1,0,0,0,0,0,0,3,1,1,0,0,0,0,0,0,0,0,0,0,5,0,0.018,,,,0.018,,,,,,,,,,,,,,,,,,,,,,,,,,,,,,0,1.0,0.005,407.2,8.0,401.364
700,Medium,RPath,1071,8.0,2.0,4.0,0.0,0.0,0.0,,Asphalt,3.2,1.0,2,1.636,0.0,0.0,2.5,0.0,45,2,2.0,sidewalks,CON,1,2,0,1,0,0,1,0,0,0,0,0,1,0,0,1,0,0,0,0,0,0,0,0,0,0,0,2,0,0,0,0,0,0,1,2,2,0,0,0,0,0,0,0,0,0,0,0,0,0,1,2,2,0,0,4,0,1,0,0,0,0,0,0,0,0,0,0,0,0,0,0,0,1,2,0,1,2,2,0,0,0,5,3,0,0,0,0,0,0,0,0,0,0,0,0,5,0,0.0,,,,,,,,,,,,,,,,,,,,,,,,,,,,,,,,,,0,1.0,0.0,3.2,8.0,1.636
701,Medium,RPath,1084,8.0,2.0,4.0,0.0,0.0,0.0,,Asphalt,103.2,1.0,2,103.219,0.0,0.0,0.0775193798449612,0.0,44,2,2.0,sidewalks,CON,1,2,0,0,0,0,0,0,0,0,0,0,1,2,0,1,0,0,0,0,0,0,0,0,0,5,3,0,1,2,0,0,0,0,1,0,0,0,0,0,0,0,0,0,1,2,0,0,0,0,1,0,0,0,0,0,0,1,0,0,0,0,0,0,1,2,2,0,0,0,0,0,0,1,0,0,1,2,0,0,0,0,0,0,1,1,1,1,2,0,0,0,0,0,0,0,5,0,0.0,,,,,,,,,,,,,,,,,,,,,,,,,,,,,,,,,,0,1.0,0.0,103.2,8.0,103.219
702,Medium,RPath,1110,8.0,2.0,4.0,0.0,0.0,0.0,,Asphalt,20.5,1.0,2,17.512,0.0,0.0,0.3902439024390244,0.0,30,2,2.0,sidewalks,CON,1,2,2,0,0,0,0,0,0,0,0,0,0,0,0,0,0,0,0,0,0,0,0,0,0,0,0,2,0,0,0,1,2,0,0,0,0,0,0,0,0,0,0,0,0,0,0,0,0,0,1,0,0,0,0,4,0,1,0,0,0,0,0,0,0,0,0,0,0,0,0,0,0,1,2,0,0,0,0,0,0,0,0,3,1,1,1,0,0,0,0,0,0,0,0,0,5,0,0.0,,,,,,,,,,,,,,,,,,,,,,,,,,,,,,,,,,0,1.0,0.0,20.5,8.0,17.512
703,Medium,RPath,1113,8.0,2.0,4.0,0.0,0.0,0.0,,Asphalt,56.8,1.0,2,55.428,0.0,0.0,0.1408450704225352,0.0,32,2,2.0,sidewalks,CON,1,2,2,0,0,0,0,0,0,0,0,0,0,0,0,0,0,0,0,0,0,0,0,0,0,0,0,0,0,0,0,1,2,2,0,0,0,0,0,0,0,0,0,0,0,0,0,0,1,1,1,2,2,0,0,4,0,0,0,0,0,0,0,0,0,0,0,0,0,0,0,0,0,1,2,0,0,0,0,0,0,0,0,0,1,1,1,0,0,0,0,0,0,0,0,0,5,0,0.0,,,,,,,,,,,,,,,,,,,,,,,,,,,,,,,,,,0,1.0,0.0,56.8,8.0,55.428
704,Medium,RPath,1119,8.0,2.0,4.0,0.0,0.0,0.0,,Asphalt,44.7,1.0,2,42.558,0.0,0.0,0.1789709172259507,0.0,37,2,2.0,sidewalks,CON,1,2,2,1,2,0,1,2,0,0,0,0,0,0,0,0,0,0,0,0,0,0,0,0,0,0,0,2,0,0,0,0,0,0,1,2,0,0,0,0,1,2,0,0,1,0,0,0,1,1,1,2,0,0,0,0,0,1,0,0,0,0,0,0,0,0,0,0,0,0,0,0,0,1,2,0,0,0,0,0,0,0,0,0,1,1,1,0,0,0,0,0,0,0,0,0,5,0,0.0,,,,,,,,,,,,,,,,,,,,,,,,,,,,,,,,,,0,1.0,0.0,44.7,8.0,42.558
705,Medium,RPath,1122,8.0,2.0,4.0,7.0,11.0,15.0,0.7272727272727273,Asphalt,91.5,1.0,2,91.43,0.004,0.008,0.087431693989071,0.004,30,2,2.0,sidewalks,CON,1,2,0,0,0,0,0,0,0,0,0,0,0,0,0,0,0,0,0,0,0,0,0,0,0,0,0,2,0,0,0,0,0,0,0,0,0,0,0,0,0,0,0,0,0,0,0,0,0,0,1,2,2,0,0,0,3,1,0,0,0,0,0,0,0,0,0,0,0,0,0,0,0,1,2,0,0,0,0,0,0,0,5,0,1,1,1,0,0,0,0,0,0,0,0,0,5,0,0.016,,,,0.016,,,,,,,,,,,,,,,,,,,,,,,,,,,,,,0,1.0,0.004,91.5,8.0,91.43
706,Medium,RPath,1128,8.0,2.0,4.0,8.0,11.0,15.0,0.7272727272727273,Asphalt,58.2,1.0,2,57.957,0.006,0.012,0.1374570446735395,0.006,32,2,2.0,sidewalks,CON,1,0,0,1,0,0,1,0,0,0,0,0,1,2,0,0,0,0,0,0,0,0,0,0,0,0,0,2,0,0,0,0,0,0,0,0,0,0,0,0,0,0,0,0,0,0,0,0,0,0,1,0,0,5,0,4,0,1,0,0,0,0,0,0,0,0,0,0,0,0,0,0,0,1,2,2,0,0,0,0,0,0,0,0,1,1,1,0,0,0,0,0,0,0,0,0,5,0,0.026,,,,0.026,,,,,,,,,,,,,,,,,,,,,,,,,,,,,,0,1.0,0.006,58.2,8.0,57.957
707,Medium,RPath,1200,8.0,2.0,4.0,15.0,22.0,30.0,0.36363636363636365,Asphalt,134.8,1.0,2,135.235,0.006,0.012,0.059347181008902,0.006,41,2,2.0,sidewalks,CON,1,2,2,0,0,0,0,0,0,0,0,0,1,0,0,0,0,0,0,0,0,0,0,0,0,0,3,0,0,0,0,1,2,0,0,0,0,0,0,0,0,0,0,0,0,0,0,0,0,0,1,2,2,5,5,0,0,1,0,0,0,0,0,0,0,0,0,0,0,0,0,0,0,0,0,0,1,2,2,0,0,0,0,0,1,1,1,0,0,0,0,0,0,0,0,0,5,0,0.022,,,,0.022,,,,,,,,,,,,,,,,,,,,,,,,,,,,,,0,1.0,0.006,134.8,8.0,135.235
708,Medium,RPath,1202,8.0,2.0,4.0,0.0,0.0,0.0,,Asphalt,6.0,1.0,2,3.251,0.0,0.0,1.3333333333333333,0.0,30,2,2.0,sidewalks,CON,1,2,2,0,0,0,0,0,0,0,0,0,0,0,0,0,0,0,0,0,0,0,0,0,0,0,3,0,0,0,0,0,0,0,1,2,0,0,0,0,0,0,0,0,1,2,0,0,0,0,0,0,0,0,5,0,0,0,0,0,0,0,0,0,0,0,0,0,0,0,0,0,0,0,0,0,1,2,0,0,0,0,0,0,1,1,1,0,0,0,0,0,0,0,0,0,5,0,0.0,,,,,,,,,,,,,,,,,,,,,,,,,,,,,,,,,,1,1.0,0.0,6.0,18.0,3.251
709,Medium,RPath,1218,8.0,2.0,4.0,53.0,79.0,106.0,0.10126582278481013,Asphalt,310.9,1.0,2,302.461,0.008,0.016,0.0257317465422965,0.008,34,2,2.0,sidewalks,CON,1,2,0,1,0,0,1,0,0,0,0,0,1,2,2,0,0,0,0,0,0,0,0,0,0,0,3,0,0,0,0,1,0,0,0,0,0,0,0,0,0,0,0,0,0,0,0,0,0,0,1,2,2,0,5,0,0,0,0,0,0,0,0,0,0,0,0,0,0,0,0,0,0,1,0,0,1,0,0,0,0,0,0,0,1,1,1,0,0,0,0,0,0,0,0,0,5,0,0.034,,,,0.034,,,,,,,,,,,,,,,,,,,,,,,,,,,,,,0,1.0,0.008,310.9,8.0,302.461
710,Medium,RPath,1265,8.0,2.0,4.0,0.0,0.0,0.0,,Asphalt,42.2,1.0,2,40.577,0.0,0.0,0.1895734597156398,0.0,41,2,2.0,sidewalks,CON,1,2,2,1,2,0,1,2,0,0,0,0,1,0,0,0,0,0,0,0,0,0,0,0,0,0,0,2,0,0,0,0,0,0,0,0,0,0,0,0,0,0,0,0,0,0,0,0,1,0,1,2,0,0,0,0,3,1,0,0,0,0,0,0,0,0,0,0,0,0,0,0,0,1,2,2,1,2,0,0,0,0,0,3,1,1,1,0,0,0,0,0,0,0,0,0,5,0,0.0,,,,,,,,,,,,,,,,,,,,,,,,,,,,,,,,,,0,1.0,0.0,42.2,8.0,40.577
711,Medium,RPath,1280,8.0,2.0,4.0,0.0,0.0,0.0,,Asphalt,81.2,1.0,2,77.633,0.0,0.0,0.0985221674876847,0.0,30,2,2.0,sidewalks,CON,1,2,0,0,0,0,0,0,0,1,0,0,0,0,0,0,0,0,0,0,0,0,0,0,0,0,0,0,0,0,0,1,2,0,1,2,0,0,0,0,1,2,2,0,1,0,0,0,1,0,1,2,2,0,0,0,0,0,0,0,0,0,0,0,0,0,0,0,0,0,0,0,0,0,0,0,0,0,0,0,0,0,0,0,1,1,1,0,0,0,0,0,0,0,0,0,5,0,0.0,,,,,,,,,,,,,,,,,,,,,,,,,,,,,,,,,,0,1.0,0.0,81.2,8.0,77.633
712,Medium,RPath,1282,8.0,2.0,4.0,22.0,34.0,45.0,0.23529411764705882,Asphalt,144.4,1.0,2,141.741,0.008,0.016,0.0554016620498614,0.008,43,2,2.0,sidewalks,CON,1,2,0,0,0,0,0,0,0,1,0,0,1,0,0,0,0,0,0,0,0,0,0,0,0,5,0,0,0,0,0,1,2,2,1,2,0,0,0,0,1,2,2,0,1,0,0,0,1,1,1,2,2,0,0,0,3,0,0,0,0,0,0,0,0,0,0,1,0,0,0,0,0,0,0,0,0,0,0,0,0,0,0,0,1,1,1,0,0,0,0,0,0,0,0,0,5,0,0.031,,,,0.031,,,,,,,,,,,,,,,,,,,,,,,,,,,,,,0,1.0,0.008,144.4,8.0,141.741
713,Medium,RPath,1304,8.0,2.0,4.0,0.0,0.0,0.0,,Asphalt,50.5,1.0,2,46.416,0.0,0.0,0.1584158415841584,0.0,30,2,2.0,sidewalks,CON,1,0,0,0,0,0,0,0,0,0,0,0,0,0,0,0,0,0,0,0,0,0,0,0,0,0,0,2,0,0,0,0,0,0,0,0,0,0,0,0,0,0,0,0,0,0,0,0,0,0,1,2,2,0,0,0,3,1,0,0,0,0,0,0,0,0,0,0,0,0,0,0,0,1,2,2,0,0,0,0,0,0,5,0,1,1,1,0,0,0,0,0,0,0,0,0,5,0,0.0,,,,,,,,,,,,,,,,,,,,,,,,,,,,,,,,,,0,1.0,0.0,50.5,8.0,46.416
714,Medium,RPath,1306,8.0,2.0,4.0,8.0,12.0,15.0,0.6666666666666666,Asphalt,96.8,1.0,2,92.588,0.004,0.008,0.0826446280991735,0.004,30,2,2.0,sidewalks,CON,1,2,0,0,0,0,0,0,0,0,0,0,0,0,0,0,0,0,0,0,0,0,0,0,0,0,0,2,0,0,0,0,0,0,0,0,0,0,0,0,0,0,0,0,0,0,0,0,0,0,1,2,2,0,0,0,3,1,0,0,0,0,0,0,0,0,0,0,0,0,0,0,0,1,2,0,0,0,0,0,0,0,5,0,1,1,1,0,0,0,0,0,0,0,0,0,5,0,0.016,,,,0.016,,,,,,,,,,,,,,,,,,,,,,,,,,,,,,0,1.0,0.004,96.8,8.0,92.588
715,Medium,RPath,1320,8.0,2.0,4.0,0.0,0.0,0.0,,Asphalt,216.3,1.0,2,216.257,0.0,0.0,0.0369856680536292,0.0,43,2,2.0,sidewalks,CON,1,2,2,1,2,0,1,2,0,0,0,0,0,0,0,0,0,0,0,0,0,0,0,0,0,5,0,2,0,0,0,0,0,0,0,0,0,0,0,0,0,0,0,0,0,0,0,0,0,0,1,2,2,5,0,4,0,0,0,0,0,0,0,0,1,0,0,0,0,0,0,0,0,0,0,0,0,0,0,0,0,0,0,3,1,1,0,0,0,0,0,0,0,0,0,0,5,0,0.0,,,,,,,,,,,,,,,,,,,,,,,,,,,,,,,,,,0,1.0,0.0,216.3,8.0,216.257
716,Medium,RPath,1321,8.0,2.0,4.0,7.0,10.0,14.0,0.8,Asphalt,345.6,1.0,2,343.649,0.004,0.008,0.0231481481481481,0.004,47,3,2.0,sidewalks,CON,1,2,2,1,2,0,1,2,0,0,0,0,0,0,0,0,0,0,0,0,0,0,0,0,0,0,0,0,0,0,0,0,0,0,0,0,0,0,0,0,0,0,0,0,0,0,0,0,0,0,1,2,2,5,0,4,0,1,0,0,0,0,0,0,1,2,2,0,0,0,0,0,0,0,0,0,0,0,0,0,0,0,5,3,1,1,1,0,0,0,0,0,0,0,0,0,5,0,0.004,,,,,0.004,,,,,,,,,,,,,,,,,,,,,,,,,,,,,0,1.0,0.004,345.6,8.0,343.649
717,Medium,RPath,1322,8.0,2.0,4.0,15.0,23.0,30.0,0.34782608695652173,Asphalt,145.0,1.0,2,142.315,0.005,0.01,0.0551724137931034,0.005,46,3,2.0,sidewalks,CON,1,2,2,1,2,0,1,2,0,0,0,0,0,0,0,0,0,0,0,0,0,0,0,0,0,0,0,2,0,0,0,0,0,0,0,0,0,0,0,0,0,0,0,0,0,0,0,0,0,0,1,2,2,5,0,4,0,1,0,0,0,0,0,0,1,2,2,0,0,0,0,0,0,0,0,0,0,0,0,0,0,0,5,0,1,1,1,0,0,0,0,0,0,0,0,0,5,0,0.021,,,,0.021,,,,,,,,,,,,,,,,,,,,,,,,,,,,,,0,1.0,0.005,145.0,8.0,142.315
718,Medium,RPath,1325,8.0,2.0,4.0,30.0,45.0,61.0,0.17777777777777778,Asphalt,378.3,1.0,2,369.765,0.004,0.008,0.021147237642083,0.004,33,2,2.0,sidewalks,CON,1,2,2,1,2,0,1,2,0,0,0,0,0,0,0,0,0,0,0,0,0,0,0,0,0,0,0,0,0,0,0,0,0,0,0,0,0,0,0,0,0,0,0,0,0,0,0,0,0,0,1,2,2,0,0,0,0,1,0,0,0,0,0,0,1,2,0,0,0,0,0,0,0,0,0,0,0,0,0,0,0,0,5,0,1,1,1,0,0,0,0,0,0,0,0,0,5,0,0.016,,,,0.016,,,,,,,,,,,,,,,,,,,,,,,,,,,,,,0,1.0,0.004,378.3,8.0,369.765
719,Medium,RPath,1333,8.0,2.0,4.0,15.0,22.0,29.0,0.36363636363636365,Asphalt,208.7,1.0,2,102.575,0.004,0.008,0.0383325347388596,0.004,44,2,2.0,sidewalks,CON,1,2,0,1,2,0,0,0,0,0,0,0,1,0,0,1,2,0,0,0,0,0,0,0,5,0,0,0,0,0,0,0,0,0,1,2,2,0,0,0,0,0,0,0,1,2,0,0,0,0,1,2,2,0,5,0,0,1,0,0,0,0,0,0,0,0,0,0,0,0,1,0,0,1,0,0,1,0,0,0,0,0,0,0,1,0,0,1,0,0,0,0,0,0,0,0,5,0,0.014,,,,0.014,,,,,,,,,,,,,,,,,,,,,,,,,,,,,,0,1.0,0.004,208.7,8.0,102.575
720,Medium,RPath,1569,8.0,2.0,4.0,15.0,23.0,30.0,0.34782608695652173,Asphalt,189.5,1.0,2,190.739,0.01,0.02,0.0422163588390501,0.01,31,2,2.0,sidewalks,CON,1,2,2,0,0,0,0,0,0,0,0,0,0,0,0,0,0,0,0,0,0,0,0,0,0,0,0,2,0,0,0,0,0,0,1,0,0,0,0,0,0,0,0,0,1,0,0,0,0,0,1,0,0,0,0,0,3,1,0,0,0,0,0,0,0,0,0,0,0,0,0,0,0,1,2,0,0,0,0,0,0,0,0,3,1,1,1,0,0,0,0,0,0,0,0,0,5,3,0.016,,,,0.008,0.008,,,,,,,,,,,,,,,,,,,,,,,,,,,,,0,1.0,0.01,189.5,8.0,190.739
721,Medium,RPath,1570,8.0,2.0,4.0,7.0,11.0,15.0,0.7272727272727273,Asphalt,103.7,1.0,2,100.027,0.004,0.008,0.0771456123432979,0.004,32,2,2.0,sidewalks,CON,1,2,2,1,0,0,0,0,0,0,0,0,0,0,0,0,0,0,0,0,0,0,0,0,0,0,0,2,0,0,0,0,0,0,0,0,0,0,0,0,0,0,0,0,0,0,0,0,0,0,1,2,2,5,5,0,0,1,0,0,0,0,0,0,0,0,0,0,0,0,0,0,0,0,0,0,0,0,0,0,0,0,0,0,1,1,1,0,0,0,0,0,0,0,0,0,5,0,0.014,,,,0.014,,,,,,,,,,,,,,,,,,,,,,,,,,,,,,0,1.0,0.004,103.7,8.0,100.027
722,Medium,RPath,1583,8.0,2.0,4.0,0.0,0.0,0.0,,Asphalt,43.8,1.0,2,21.484,0.0,0.0,0.182648401826484,0.0,47,3,2.0,sidewalks,CON,1,0,0,0,0,0,0,0,0,0,0,0,1,2,0,0,0,0,0,0,0,0,0,0,5,0,0,0,0,0,0,1,2,2,0,0,0,1,0,0,0,0,0,0,1,2,2,0,1,1,1,2,2,0,5,0,0,1,0,0,0,0,0,0,0,0,0,0,0,0,0,0,0,1,0,0,1,2,2,0,0,0,0,0,1,1,1,0,0,0,0,0,0,0,0,0,5,0,0.0,,,,,,,,,,,,,,,,,,,,,,,,,,,,,,,,,,1,1.0,0.0,43.8,18.0,21.484
723,Medium,RPath,1584,8.0,2.0,4.0,15.0,22.0,30.0,0.36363636363636365,Asphalt,93.5,1.0,2,42.959,0.008,0.016,0.0855614973262032,0.008,46,3,2.0,sidewalks,CON,1,0,0,0,0,0,0,0,0,0,0,0,1,2,0,0,0,0,0,0,0,0,0,0,5,0,0,0,0,0,0,1,2,2,0,0,0,1,0,0,0,0,0,0,1,2,2,0,1,1,1,2,2,0,5,0,0,0,0,0,0,0,0,0,0,0,0,0,0,0,0,0,0,1,0,0,1,2,2,0,0,0,0,0,1,1,1,0,0,0,0,0,0,0,0,0,5,0,0.032,,,,0.032,,,,,,,,,,,,,,,,,,,,,,,,,,,,,,1,1.0,0.008,93.5,18.0,42.959
724,Medium,RPath,1593,8.0,2.0,4.0,0.0,0.0,0.0,,Asphalt,2.7,1.0,2,3.039,0.0,0.0,2.962962962962963,0.0,47,3,2.0,sidewalks,CON,1,2,2,1,2,0,0,0,0,0,0,0,1,2,2,0,0,0,0,0,0,0,0,0,0,0,0,0,0,0,0,1,2,2,1,0,0,0,0,0,1,2,2,0,1,2,0,0,1,0,1,2,2,0,5,0,0,0,1,2,0,0,0,0,0,0,0,0,0,0,0,0,0,0,0,0,1,2,0,0,0,0,0,0,1,1,1,0,0,0,0,0,0,0,0,0,0,0,0.0,,,,,,,,,,,,,,,,,,,,,,,,,,,,,,,,,,1,1.0,0.0,2.7,18.0,3.039
725,Medium,RPath,1611,8.0,2.0,4.0,7.0,11.0,15.0,0.7272727272727273,Asphalt,86.4,1.0,2,81.707,0.004,0.008,0.0925925925925925,0.004,32,2,2.0,sidewalks,CON,1,2,2,1,2,0,1,2,0,0,0,0,0,0,0,0,0,0,0,0,0,0,0,0,0,5,0,2,0,0,0,0,0,0,1,0,0,0,0,0,0,0,0,0,0,0,0,0,0,0,1,0,0,0,0,0,0,1,0,0,0,0,0,0,0,0,0,0,0,0,0,0,0,0,0,0,0,0,0,0,0,0,0,3,1,1,1,0,0,0,0,0,0,0,0,0,5,0,0.017,,,,0.017,,,,,,,,,,,,,,,,,,,,,,,,,,,,,,0,1.0,0.004,86.4,8.0,81.707
726,Medium,RPath,1373,8.0,2.0,4.0,0.0,0.0,0.0,,Asphalt,79.2,1.0,2,79.237,0.0,0.0,0.101010101010101,0.0,42,2,2.0,walkways,HMAC,1,2,2,1,0,0,0,0,0,0,0,0,1,0,0,0,0,0,0,0,0,0,0,0,0,0,0,2,0,0,0,0,0,0,1,2,2,0,0,0,0,0,0,0,0,0,0,0,0,0,1,2,2,0,0,0,0,1,0,0,0,0,0,0,0,0,0,0,0,0,0,0,0,1,2,0,1,2,0,0,0,0,5,3,1,1,1,0,0,0,0,0,0,0,0,0,5,0,0.0,,,,,,,,,,,,,,,,,,,,,,,,,,,,,,,,,,0,1.0,0.0,79.2,8.0,79.237
727,Medium,RPath,1374,8.0,2.0,4.0,0.0,0.0,0.0,,Asphalt,86.8,1.0,2,86.767,0.0,0.0,0.0921658986175115,0.0,38,2,2.0,walkways,HMAC,1,2,2,0,0,0,0,0,0,1,0,0,1,0,0,0,0,0,0,0,0,0,0,0,0,5,0,2,0,0,0,0,0,0,1,2,0,0,0,0,0,0,0,0,0,0,0,0,0,0,1,2,0,0,0,0,0,1,0,0,0,0,0,0,0,0,0,0,0,0,0,0,0,1,2,0,1,2,0,0,0,0,0,3,1,1,1,0,0,0,0,0,0,0,0,0,5,0,0.0,,,,,,,,,,,,,,,,,,,,,,,,,,,,,,,,,,0,1.0,0.0,86.8,8.0,86.767
728,Medium,RPath,1388,8.0,2.0,4.0,0.0,0.0,0.0,,Asphalt,79.5,1.0,2,79.508,0.0,0.0,0.10062893081761,0.0,46,3,2.0,walkways,HMAC,1,2,0,1,2,0,0,0,0,0,0,0,1,2,0,1,0,0,0,0,0,0,0,0,0,0,0,2,0,0,0,0,0,0,1,2,2,0,0,0,0,0,0,0,1,0,0,0,0,0,1,2,0,0,0,0,0,1,0,0,0,0,0,0,0,0,0,0,0,0,1,2,0,1,2,0,1,2,2,0,0,0,5,3,0,0,0,0,0,0,0,0,0,0,0,0,5,0,0.0,,,,,,,,,,,,,,,,,,,,,,,,,,,,,,,,,,0,1.0,0.0,79.5,8.0,79.508
729,Medium,RPath,1389,8.0,2.0,4.0,0.0,0.0,0.0,,Asphalt,86.3,1.0,2,86.312,0.0,0.0,0.0926998841251448,0.0,42,2,2.0,walkways,HMAC,1,2,2,1,0,0,1,0,0,0,0,0,1,2,0,1,2,0,0,0,0,0,0,0,0,5,0,2,0,0,0,0,0,0,1,2,0,0,0,0,0,0,0,0,0,0,0,0,0,0,1,2,0,0,0,0,0,1,0,0,0,0,0,0,0,0,0,0,0,0,0,0,0,1,2,0,1,2,0,0,0,0,0,3,0,1,0,0,0,0,0,0,0,0,0,0,5,0,0.0,,,,,,,,,,,,,,,,,,,,,,,,,,,,,,,,,,0,1.0,0.0,86.3,8.0,86.312
730,Medium,RPath,1402,8.0,2.0,4.0,0.0,0.0,0.0,,Asphalt,106.0,1.0,2,104.732,0.0,0.0,0.0754716981132075,0.0,48,3,2.0,walkways,SS,1,2,2,1,2,2,1,2,0,0,0,0,0,0,0,0,0,0,0,0,0,0,0,0,0,5,0,0,0,0,0,0,0,0,1,2,0,0,0,0,0,0,0,5,0,0,0,0,0,0,1,2,0,0,0,0,3,1,0,0,0,0,0,0,0,0,0,0,0,0,1,0,0,0,0,0,1,2,0,0,0,0,0,3,1,1,1,0,0,0,0,0,0,0,0,0,5,0,0.0,,,,,,,,,,,,,,,,,,,,,,,,,,,,,,,,,,0,1.0,0.0,106.0,8.0,104.732
731,Medium,RPath,1406,8.0,2.0,4.0,8.0,11.0,15.0,0.7272727272727273,Asphalt,48.8,1.0,2,48.754,0.008,0.016,0.1639344262295082,0.008,36,2,2.0,walkways,HMAC,1,2,0,1,0,0,1,0,0,0,0,0,1,2,2,0,0,0,0,0,0,0,0,0,0,5,0,2,0,0,0,0,0,0,0,0,0,0,0,0,0,0,0,0,0,0,0,0,0,0,1,2,0,0,0,0,0,1,0,0,0,0,0,0,0,0,0,0,0,0,0,0,0,1,2,0,1,2,0,0,0,0,0,3,1,0,0,0,0,0,0,0,0,0,0,0,5,0,0.031,,,,0.031,,,,,,,,,,,,,,,,,,,,,,,,,,,,,,0,1.0,0.008,48.8,8.0,48.754
732,Medium,RPath,1424,8.0,2.0,4.0,0.0,0.0,0.0,,Asphalt,84.4,1.0,2,83.706,0.0,0.0,0.0947867298578199,0.0,48,3,2.0,walkways,SS,1,2,2,1,2,0,1,0,0,0,0,0,1,0,0,1,2,2,0,0,0,0,0,0,0,5,0,2,0,0,0,0,0,0,1,2,2,0,0,0,0,0,0,0,1,2,0,0,1,0,1,2,0,0,0,0,0,1,0,0,0,0,0,0,1,0,0,0,0,0,0,0,0,1,2,0,1,0,0,0,0,0,0,3,0,0,0,0,0,0,0,0,0,0,0,0,5,0,0.0,,,,,,,,,,,,,,,,,,,,,,,,,,,,,,,,,,0,1.0,0.0,84.4,8.0,83.706
733,Medium,RPath,1436,8.0,2.0,4.0,0.0,0.0,0.0,,Asphalt,89.8,1.0,2,89.798,0.0,0.0,0.0890868596881959,0.0,48,3,2.0,walkways,HMAC,1,2,0,1,2,0,1,2,0,0,0,0,1,2,2,1,2,2,0,0,0,0,0,0,0,0,0,2,0,0,0,0,0,0,1,2,0,0,0,0,0,0,0,0,1,0,0,0,1,1,1,2,2,0,0,0,0,1,0,0,0,0,0,0,0,0,0,0,0,0,0,0,0,1,2,2,1,0,0,0,0,0,0,3,1,0,0,0,0,0,0,0,0,0,0,0,5,0,0.0,,,,,,,,,,,,,,,,,,,,,,,,,,,,,,,,,,0,1.0,0.0,89.8,8.0,89.798
734,Medium,RPath,1439,8.0,2.0,4.0,0.0,0.0,0.0,,Asphalt,40.5,1.0,2,41.331,0.0,0.0,0.1975308641975308,0.0,47,3,2.0,walkways,SS,1,2,0,1,2,0,0,0,0,0,0,0,1,2,0,1,2,0,0,0,0,0,0,0,0,0,0,2,0,0,0,1,0,0,1,2,0,0,0,0,0,0,0,5,1,2,0,0,1,0,1,2,0,0,0,0,0,1,0,0,0,0,0,0,0,0,0,0,0,0,0,0,0,1,2,0,1,2,0,0,0,0,5,0,0,0,0,0,0,0,0,0,0,0,0,0,5,0,0.0,,,,,,,,,,,,,,,,,,,,,,,,,,,,,,,,,,0,1.0,0.0,40.5,8.0,41.331
735,Medium,RPath,1440,8.0,2.0,4.0,0.0,0.0,0.0,,Asphalt,41.4,1.0,2,41.289,0.0,0.0,0.1932367149758454,0.0,43,2,2.0,walkways,SS,1,0,0,1,2,0,0,0,0,0,0,0,1,2,0,1,2,0,0,0,0,0,0,0,0,0,0,2,0,0,0,1,0,0,1,2,0,0,0,0,0,0,0,5,1,0,0,0,1,0,1,2,0,0,0,0,0,1,0,0,0,0,0,0,0,0,0,0,0,0,0,0,0,1,2,0,1,2,0,0,0,0,5,0,0,0,0,0,0,0,0,0,0,0,0,0,5,0,0.0,,,,,,,,,,,,,,,,,,,,,,,,,,,,,,,,,,0,1.0,0.0,41.4,8.0,41.289
736,Medium,RPath,1445,8.0,2.0,4.0,0.0,0.0,0.0,,Asphalt,33.9,1.0,2,33.949,0.0,0.0,0.2359882005899705,0.0,36,2,2.0,walkways,HMAC,1,2,0,1,0,0,0,0,0,0,0,0,1,2,2,0,0,0,0,0,0,0,0,0,0,5,0,2,0,0,0,0,0,0,1,2,2,0,0,0,0,0,0,0,0,0,0,0,0,0,0,0,0,0,0,0,0,1,0,0,0,0,0,0,0,0,0,0,0,0,0,0,0,1,2,0,1,2,0,0,0,0,0,3,0,0,0,0,0,0,0,0,0,0,0,0,5,0,0.0,,,,,,,,,,,,,,,,,,,,,,,,,,,,,,,,,,0,1.0,0.0,33.9,8.0,33.949
737,Medium,RPath,1468,8.0,2.0,4.0,0.0,0.0,0.0,,Asphalt,37.6,1.0,2,37.558,0.0,0.0,0.2127659574468085,0.0,44,2,2.0,walkways,HMAC,1,2,2,1,2,2,1,2,2,1,0,0,1,0,0,0,0,0,0,0,0,0,0,0,0,5,0,2,0,0,0,0,0,0,0,0,0,0,0,0,0,0,0,0,0,0,0,0,1,1,1,2,2,0,0,0,0,1,0,0,0,0,0,0,0,0,0,0,0,0,0,0,0,1,2,0,1,0,0,0,0,0,0,0,1,1,1,0,0,0,0,0,0,0,0,0,5,0,0.0,,,,,,,,,,,,,,,,,,,,,,,,,,,,,,,,,,0,1.0,0.0,37.6,8.0,37.558
738,Medium,RPath,1469,8.0,2.0,4.0,0.0,0.0,0.0,,Asphalt,62.3,1.0,2,62.291,0.0,0.0,0.1284109149277688,0.0,48,3,2.0,walkways,SS,1,2,2,1,2,2,1,2,2,1,0,0,1,0,0,0,0,0,0,0,0,0,0,0,0,5,0,2,0,0,0,0,0,0,0,0,0,0,0,0,0,0,0,0,0,0,0,0,1,0,1,2,2,0,0,0,0,1,0,0,0,0,0,0,0,0,0,0,0,0,0,0,0,1,2,0,1,2,0,0,0,0,0,3,1,1,1,0,0,0,0,0,0,0,0,0,5,0,0.0,,,,,,,,,,,,,,,,,,,,,,,,,,,,,,,,,,0,1.0,0.0,62.3,8.0,62.291
739,Medium,RPath,1478,8.0,2.0,4.0,0.0,0.0,0.0,,Asphalt,77.6,1.0,2,77.581,0.0,0.0,0.1030927835051546,0.0,32,2,2.0,walkways,SS,1,2,2,1,0,0,1,0,0,0,0,0,1,2,0,0,0,0,0,0,0,0,0,0,0,0,0,2,0,0,0,0,0,0,0,0,0,0,0,0,0,0,0,0,0,0,0,0,1,0,1,2,2,0,0,0,3,1,0,0,0,0,0,0,0,0,0,0,0,0,0,0,0,1,0,0,1,0,0,0,0,0,0,3,0,0,0,0,0,0,0,0,0,0,0,0,5,0,0.0,,,,,,,,,,,,,,,,,,,,,,,,,,,,,,,,,,0,1.0,0.0,77.6,8.0,77.581
740,Medium,RPath,1489,8.0,2.0,4.0,0.0,0.0,0.0,,Asphalt,147.6,1.0,2,147.643,0.0,0.0,0.05420054200542,0.0,37,2,2.0,walkways,HMAC,1,2,2,1,2,0,1,2,0,0,0,0,0,0,0,0,0,0,0,0,0,0,0,0,0,5,0,2,0,0,0,0,0,0,0,0,0,0,0,0,0,0,0,0,0,0,0,0,0,0,1,0,0,0,0,0,0,1,0,0,0,0,0,0,0,0,0,0,0,0,0,0,0,1,2,0,1,0,0,0,0,0,5,0,1,1,1,0,0,0,0,0,0,0,0,0,5,0,0.0,,,,,,,,,,,,,,,,,,,,,,,,,,,,,,,,,,0,1.0,0.0,147.6,8.0,147.643
741,Medium,RPath,1494,8.0,2.0,4.0,0.0,0.0,0.0,,Asphalt,46.2,1.0,2,46.211,0.0,0.0,0.1731601731601731,0.0,33,2,2.0,walkways,HMAC,1,2,2,1,0,0,1,0,0,0,0,0,1,2,0,0,0,0,0,0,0,0,0,0,0,5,0,2,0,0,0,0,0,0,0,0,0,0,0,0,0,0,0,0,0,0,0,0,1,0,1,2,0,0,0,0,0,1,0,0,0,0,0,0,1,0,0,0,0,0,0,0,0,1,0,0,1,0,0,0,0,0,0,0,1,1,1,0,0,0,0,0,0,0,0,0,5,0,0.0,,,,,,,,,,,,,,,,,,,,,,,,,,,,,,,,,,0,1.0,0.0,46.2,8.0,46.211
742,Medium,RPath,1510,8.0,2.0,4.0,0.0,0.0,0.0,,Asphalt,40.3,1.0,2,40.342,0.0,0.0,0.1985111662531017,0.0,45,2,2.0,walkways,SS,1,2,2,0,0,0,0,0,0,0,0,0,1,2,2,1,2,0,0,0,0,0,0,0,0,5,0,2,0,0,0,0,0,0,1,2,2,0,0,0,0,0,0,0,1,0,0,0,0,0,1,2,0,0,0,0,0,1,0,0,0,0,0,0,0,0,0,0,0,0,0,0,0,0,0,0,1,2,0,0,0,0,0,3,1,1,0,1,0,0,0,0,0,1,0,0,5,0,0.0,,,,,,,,,,,,,,,,,,,,,,,,,,,,,,,,,,0,1.0,0.0,40.3,8.0,40.342
743,Medium,RPath,1535,8.0,2.0,4.0,0.0,0.0,0.0,,Asphalt,41.4,1.0,2,41.402,0.0,0.0,0.1932367149758454,0.0,33,2,2.0,walkways,HMAC,1,2,2,0,0,0,0,0,0,0,0,0,0,0,0,0,0,0,0,0,0,0,0,0,0,5,0,2,0,0,0,0,0,0,1,0,0,0,0,0,0,0,0,0,1,0,0,0,0,0,1,2,0,0,0,0,0,1,0,0,0,0,0,0,0,0,0,0,0,0,0,0,0,1,0,0,0,0,0,0,0,0,0,3,1,1,1,0,0,0,0,0,0,0,0,0,5,3,0.0,,,,,,,,,,,,,,,,,,,,,,,,,,,,,,,,,,0,1.0,0.0,41.4,8.0,41.402
744,Medium,RPath,1603,8.0,2.0,4.0,0.0,0.0,0.0,,Asphalt,37.6,1.0,2,37.644,0.0,0.0,0.2127659574468085,0.0,46,3,2.0,walkways,SS,1,2,2,1,2,0,1,2,0,1,0,0,1,2,0,0,0,0,0,0,0,0,0,0,0,5,0,2,0,0,0,0,0,0,1,2,2,0,0,0,0,0,0,0,0,0,0,0,0,0,1,2,0,0,0,0,0,1,0,0,0,0,0,0,0,0,0,0,0,0,0,0,0,0,0,0,1,0,0,0,0,0,5,3,0,1,0,0,0,0,0,0,0,0,0,0,5,0,0.0,,,,,,,,,,,,,,,,,,,,,,,,,,,,,,,,,,0,1.0,0.0,37.6,8.0,37.644
745,Medium,RPath,2,6.0,3.0,2.0,714.0,1071.0,1428.0,0.0056022408963585435,Asphalt,169.4,3.0,3,169.426,0.241,0.723,0.0354191263282172,0.241,53,3,9.0,sidewalks,CON,1,2,2,1,2,2,1,2,2,1,0,0,1,0,0,0,0,0,0,0,0,0,0,0,0,0,0,2,0,0,0,0,0,0,1,2,2,0,0,0,0,0,0,5,0,0,0,0,0,0,1,2,0,0,0,0,3,1,0,0,0,0,0,0,1,0,0,0,0,0,1,0,0,1,0,0,1,2,0,0,0,0,0,3,1,1,1,0,0,0,0,0,0,0,0,0,5,0,0.257,,,0.027,0.009,0.204,,,,,,,,,,,,0.018,,,,,,,,,,,,,,,,,0,3.0,0.241,169.4,6.0,169.426
746,Medium,RPath,42,6.0,3.0,2.0,180.0,271.0,361.0,0.02214022140221402,Asphalt,94.0,3.0,3,89.218,0.136,0.408,0.0638297872340425,0.136,50,3,9.0,sidewalks,HMAC,1,0,0,0,0,0,1,0,0,1,0,0,1,2,2,0,0,0,0,0,0,0,0,0,5,5,0,2,0,0,0,0,0,0,1,2,2,0,0,0,0,0,0,0,1,0,0,0,0,0,1,2,2,0,5,0,0,1,0,0,0,0,0,0,0,0,0,0,0,0,0,0,0,0,0,0,0,0,0,0,0,0,0,0,1,1,1,1,2,2,0,0,0,0,0,0,5,0,0.255,,,,0.16,0.064,,,,,,,,,,,0.032,,,,,,,,,,,,,,,,,,0,3.0,0.136,94.0,6.0,89.218
747,Medium,RPath,52,6.0,3.0,2.0,38.0,56.0,75.0,0.10714285714285714,Asphalt,69.7,3.0,3,69.715,0.108,0.324,0.0860832137733142,0.108,51,3,9.0,sidewalks,HMAC,1,2,2,1,0,0,0,0,0,0,0,0,1,2,2,0,0,0,0,0,0,0,0,0,0,5,0,2,0,0,0,0,0,0,1,2,2,0,0,0,0,0,0,0,1,0,0,0,0,0,1,0,0,0,0,0,3,1,0,0,0,0,0,0,0,0,0,0,0,0,0,0,0,1,2,0,1,0,0,1,0,0,5,3,1,1,1,0,0,0,1,0,0,0,0,0,5,0,0.108,,,,,0.108,,,,,,,,,,,,,,,,,,,,,,,,,,,,,0,3.0,0.108,69.7,6.0,69.715
748,Medium,RPath,64,6.0,3.0,2.0,794.0,1192.0,1589.0,0.0050335570469798654,Asphalt,154.4,3.0,3,152.45,0.209,0.627,0.038860103626943,0.209,66,4,9.0,sidewalks,HMAC,1,2,0,1,0,0,1,0,0,0,0,0,1,2,0,0,0,0,0,0,0,0,0,0,5,0,0,2,0,0,0,0,0,0,1,2,2,0,0,0,0,0,0,5,1,2,0,0,0,0,1,2,2,0,0,0,3,1,0,0,0,0,0,0,1,2,2,1,2,0,1,2,0,1,0,0,1,2,0,0,0,0,5,3,1,0,0,0,0,0,0,0,0,0,0,0,5,0,0.282,,,0.029,0.078,0.126,,,,,,,0.01,,,0.019,,0.01,0.01,,,,,,,,,,,,,,,,0,3.0,0.209,154.4,6.0,152.45
749,Medium,RPath,75,6.0,3.0,2.0,135.0,202.0,270.0,0.0297029702970297,Asphalt,73.5,3.0,3,78.946,0.184,0.552,0.0816326530612244,0.184,52,3,9.0,sidewalks,HMAC,1,2,0,1,2,0,1,2,0,0,0,0,1,0,0,1,2,0,0,0,0,0,0,0,0,0,0,2,0,0,0,0,0,0,1,2,2,0,0,0,0,0,0,0,1,0,0,0,1,1,1,2,2,5,0,4,0,1,0,0,0,0,0,0,0,0,0,0,0,0,0,0,0,1,2,0,1,2,0,0,0,0,0,3,0,0,0,0,0,0,0,0,0,0,0,0,5,0,0.367,,,,0.245,0.122,,,,,,,,,,,,,,,,,,,,,,,,,,,,,0,3.0,0.184,73.5,6.0,78.946
750,Medium,RPath,115,6.0,3.0,2.0,491.0,737.0,983.0,0.008141112618724558,Asphalt,143.5,3.0,3,143.549,0.225,0.675,0.0418118466898954,0.225,54,3,9.0,sidewalks,CON,1,2,2,1,2,0,0,0,0,0,0,0,1,2,0,1,2,0,0,0,0,0,0,0,0,5,0,2,0,0,0,0,0,0,1,0,0,0,0,0,0,0,0,5,0,0,0,0,0,0,1,2,2,0,0,0,0,1,0,0,0,0,0,0,1,0,0,0,0,0,0,0,0,1,0,0,1,2,0,0,0,0,0,3,1,1,1,1,2,2,0,0,0,0,0,0,5,0,0.23,,,,,0.115,,,0.021,,0.031,,,,0.042,0.01,0.01,,,,,,,,,,,,,,,,,,0,3.0,0.225,143.5,6.0,143.549
751,Medium,RPath,116,6.0,3.0,2.0,1198.0,1797.0,2396.0,0.00333889816360601,Asphalt,179.9,3.0,3,179.91,0.231,0.6930000000000001,0.0333518621456364,0.231,58,3,9.0,sidewalks,CON,1,2,2,1,2,0,0,0,0,0,0,0,1,2,0,1,2,0,0,0,0,0,0,0,0,5,0,2,1,0,0,0,0,0,1,2,0,0,0,0,0,0,0,5,1,0,0,0,0,0,1,2,2,0,0,0,0,1,0,0,0,0,0,0,1,0,0,0,0,0,0,0,0,1,2,0,1,2,0,0,0,0,0,3,1,1,1,1,2,0,0,0,0,0,0,0,5,0,0.417,,,0.008,0.175,0.042,,,0.033,,0.017,,,0.05,0.05,0.033,0.008,,,,,,,,,,,,,,,,,,0,3.0,0.231,179.9,6.0,179.91
752,Medium,RPath,119,6.0,3.0,2.0,965.0,1447.0,1929.0,0.00414651002073255,Asphalt,211.1,3.0,3,211.074,0.208,0.624,0.0284225485551871,0.208,57,3,9.0,sidewalks,CON,1,2,2,1,2,2,0,0,0,0,0,0,1,2,0,0,0,0,0,0,0,0,0,0,0,5,0,2,0,0,0,0,0,0,0,0,0,0,0,0,0,0,0,5,0,0,0,0,0,0,1,2,0,5,0,0,3,1,1,0,0,0,0,0,0,0,0,0,0,0,0,0,0,1,2,0,1,2,0,0,0,0,0,3,1,0,1,1,2,0,0,0,0,0,0,0,5,0,0.263,,,,0.021,0.078,,,0.014,,0.028,,,,,0.071,0.043,0.007,,,,,,,,,,,,,,,,,0,3.0,0.208,211.1,6.0,211.074
753,Medium,RPath,132,6.0,3.0,2.0,685.0,1027.0,1370.0,0.005842259006815969,Asphalt,253.7,3.0,3,252.698,0.129,0.387,0.023649980291683,0.129,58,3,9.0,sidewalks,HMAC,1,2,2,1,0,0,1,0,0,1,0,0,1,2,0,1,2,0,0,0,0,0,0,0,0,0,0,2,0,0,0,1,0,0,1,2,2,0,0,0,1,0,0,0,0,0,0,0,0,0,1,2,2,5,5,0,3,0,0,0,0,0,0,0,0,0,0,0,0,0,0,0,0,1,2,2,0,0,0,0,0,0,0,3,1,1,1,1,0,0,0,0,0,0,0,0,5,0,0.443,,,,0.396,0.024,,,,,,0.024,,,,,,,,,,,,,,,,,,,,,,,0,3.0,0.129,253.7,6.0,252.698
754,Medium,RPath,159,6.0,3.0,2.0,150.0,225.0,300.0,0.02666666666666667,Asphalt,72.3,3.0,3,77.108,0.119,0.357,0.0829875518672199,0.119,56,3,9.0,sidewalks,HMAC,1,2,0,1,0,0,1,0,0,0,0,0,1,2,2,1,2,2,0,0,0,0,0,0,0,0,0,2,0,0,0,0,0,0,1,2,2,0,0,0,0,0,0,0,0,0,0,0,0,0,1,2,0,5,5,0,0,1,0,0,0,0,0,0,0,0,0,0,0,0,1,0,0,1,2,2,1,0,0,0,0,0,5,3,0,0,0,0,0,0,0,0,0,0,0,0,5,0,0.415,,,,0.394,0.021,,,,,,,,,,,,,,,,,,,,,,,,,,,,,0,3.0,0.119,72.3,6.0,77.108
755,Medium,RPath,162,6.0,3.0,2.0,710.0,1065.0,1420.0,0.005633802816901409,Asphalt,117.2,3.0,3,121.234,0.176,0.528,0.0511945392491467,0.176,50,3,9.0,sidewalks,HMAC,1,2,2,1,0,0,1,0,0,0,0,0,1,2,0,1,0,0,0,0,0,0,0,0,0,0,0,2,0,0,0,0,0,0,1,2,2,0,0,0,0,0,0,0,1,0,0,0,0,0,1,2,2,5,0,4,0,1,0,0,0,0,0,0,0,0,0,0,0,0,0,0,0,1,2,0,1,2,2,0,0,0,0,3,0,0,0,0,0,0,0,0,0,0,0,0,5,0,0.243,0.051,,,0.09,0.102,,,,,,,,,,,,,,,,,,,,,,,,,,,,,0,3.0,0.176,117.2,6.0,121.234
756,Medium,RPath,164,6.0,3.0,2.0,194.0,292.0,389.0,0.02054794520547945,Asphalt,82.4,3.0,3,84.241,0.132,0.396,0.0728155339805825,0.132,58,3,9.0,sidewalks,HMAC,1,2,2,1,2,0,1,2,0,0,0,0,1,2,0,1,2,0,0,0,0,0,0,0,0,0,0,2,0,0,0,0,0,0,1,2,2,0,0,0,0,0,0,0,1,2,0,0,0,0,1,2,2,5,0,4,0,1,0,0,0,0,0,0,0,0,0,0,0,0,0,0,0,1,2,0,1,2,2,0,0,0,0,3,0,0,0,0,0,0,0,0,0,0,0,0,5,0,0.4,,,,0.346,0.036,,,,,,,,,,0.018,,,,,,,,,,,,,,,,,,,0,3.0,0.132,82.4,6.0,84.241
757,Medium,RPath,179,6.0,3.0,2.0,105.0,157.0,210.0,0.03821656050955414,Asphalt,51.2,3.0,3,50.166,0.146,0.4379999999999999,0.1171875,0.146,55,3,9.0,sidewalks,HMAC,1,2,2,1,2,0,1,2,0,0,0,0,1,2,0,0,0,0,0,0,0,0,0,0,0,5,0,2,0,0,0,0,0,0,0,0,0,0,0,0,0,0,0,0,0,0,0,0,0,0,1,2,2,5,0,4,3,1,0,0,0,0,0,0,0,0,0,0,0,0,0,0,0,1,2,0,1,2,2,0,0,0,0,3,0,0,0,0,0,0,0,0,0,0,0,0,5,0,0.41,,,,0.351,0.059,,,,,,,,,,,,,,,,,,,,,,,,,,,,,0,3.0,0.146,51.2,6.0,50.166
758,Medium,RPath,200,6.0,3.0,2.0,652.0,977.0,1303.0,0.006141248720573183,Asphalt,282.7,3.0,3,280.476,0.123,0.369,0.0212239122744959,0.123,53,3,9.0,sidewalks,HMAC,1,2,2,1,0,0,1,0,0,1,0,0,1,2,2,1,0,0,0,0,0,0,0,0,0,0,0,2,0,0,0,0,0,0,1,2,2,0,0,0,0,0,0,0,0,0,0,0,0,0,1,2,2,5,0,4,0,0,0,0,0,0,0,0,0,0,0,0,0,0,1,0,0,1,0,0,1,2,0,0,0,0,5,3,0,0,0,0,0,0,0,0,0,0,0,0,5,0,0.366,0.005,,,0.324,0.037,,,,,,,,,,,,,,,,,,,,,,,,,,,,,0,3.0,0.123,282.7,6.0,280.476
759,Medium,RPath,206,6.0,3.0,2.0,37.0,56.0,75.0,0.10714285714285714,Asphalt,31.7,3.0,3,31.683,0.201,0.603,0.1892744479495268,0.201,62,3,9.0,sidewalks,CON,1,2,2,1,2,2,1,0,0,0,0,0,0,0,0,1,0,0,0,0,0,0,0,0,0,5,0,0,0,0,0,0,0,0,1,2,2,0,0,0,0,0,0,0,0,0,0,0,1,1,1,2,2,5,5,0,0,1,0,0,0,0,0,0,0,0,0,0,0,0,0,0,0,0,0,0,1,2,2,0,0,0,5,0,1,1,1,1,0,0,1,2,0,0,0,0,5,0,0.237,,,,0.047,0.189,,,,,,,,,,,,,,,,,,,,,,,,,,,,,0,3.0,0.201,31.7,6.0,31.683
760,Medium,RPath,229,6.0,3.0,2.0,30.0,45.0,60.0,0.13333333333333333,Asphalt,34.2,3.0,3,31.46,0.175,0.5249999999999999,0.175438596491228,0.175,64,4,9.0,sidewalks,HMAC,1,2,2,1,0,0,1,0,0,0,0,0,1,2,0,0,0,0,0,0,0,0,0,0,0,5,0,2,0,0,0,0,0,0,1,2,2,0,0,0,0,0,0,5,0,0,0,0,0,0,1,2,2,0,0,0,3,1,0,0,0,0,0,0,1,2,0,1,0,0,1,2,2,1,2,0,1,2,2,0,0,0,5,0,1,0,0,0,0,0,0,0,0,0,0,0,5,0,0.175,,,,,0.175,,,,,,,,,,,,,,,,,,,,,,,,,,,,,0,3.0,0.175,34.2,6.0,31.46
761,Medium,RPath,239,6.0,3.0,2.0,721.0,1081.0,1442.0,0.005550416281221091,Asphalt,191.5,3.0,3,191.514,0.131,0.393,0.031331592689295,0.131,51,3,9.0,sidewalks,CON,1,2,0,1,2,0,1,2,0,0,0,0,1,2,0,1,2,0,0,0,0,0,0,0,0,0,0,2,0,0,0,1,0,0,1,0,0,0,0,0,0,0,0,5,1,0,0,0,0,0,1,2,2,0,0,0,0,1,0,0,0,0,0,0,0,0,0,0,0,0,0,0,0,1,0,0,1,2,2,0,0,0,5,3,1,0,0,0,0,0,0,0,0,0,0,0,5,0,0.196,,,0.016,0.055,0.063,,,,,,,,,,,0.016,0.047,,,,,,,,,,,,,,,,,0,3.0,0.131,191.5,6.0,191.514
762,Medium,RPath,258,6.0,3.0,2.0,52.0,79.0,105.0,0.0759493670886076,Asphalt,97.2,3.0,3,95.978,0.108,0.324,0.0617283950617283,0.108,57,3,9.0,sidewalks,CON,1,2,2,1,2,2,1,2,2,0,0,0,1,2,0,0,0,0,0,0,0,0,0,0,0,0,0,2,0,0,0,0,0,0,0,0,0,0,0,0,0,0,0,0,0,0,0,0,1,1,1,2,2,0,0,0,3,1,0,0,0,0,0,0,0,0,0,0,0,0,0,0,0,1,2,2,1,2,2,0,0,0,5,3,1,1,1,0,0,0,0,0,0,0,0,0,5,0,0.108,,,,,0.108,,,,,,,,,,,,,,,,,,,,,,,,,,,,,0,3.0,0.108,97.2,6.0,95.978
763,Medium,RPath,268,6.0,3.0,2.0,262.0,393.0,525.0,0.015267175572519083,Asphalt,97.7,3.0,3,95.756,0.115,0.345,0.0614124872057318,0.115,56,3,9.0,sidewalks,HMAC,1,0,0,0,0,0,0,0,0,0,0,0,1,2,2,0,0,0,0,0,0,0,0,0,0,0,3,0,1,2,2,0,0,0,0,0,0,0,0,0,0,0,0,0,1,2,0,0,0,0,1,2,0,0,5,0,3,1,1,2,0,1,0,0,1,2,0,0,0,0,0,0,0,1,0,0,1,2,2,1,0,0,0,0,1,1,1,1,2,2,0,0,0,0,0,0,5,0,0.353,,,,0.276,0.031,,,,0.031,,,,,,,,0.015,,,,,,,,,,,,,,,,,0,3.0,0.115,97.7,6.0,95.756
764,Medium,RPath,269,6.0,3.0,2.0,380.0,570.0,760.0,0.010526315789473684,Asphalt,96.2,3.0,3,96.706,0.222,0.666,0.0623700623700623,0.222,52,3,9.0,sidewalks,HMAC,1,2,0,0,0,0,0,0,0,0,0,0,1,2,0,1,0,0,0,0,0,0,0,0,0,0,3,0,1,2,2,0,0,0,1,0,0,0,0,0,0,0,0,0,1,2,0,0,0,0,1,2,0,0,5,0,0,1,1,0,0,0,0,0,1,2,2,0,0,0,0,0,0,1,0,0,1,2,2,1,0,0,0,0,1,1,1,1,2,0,0,0,0,0,0,0,5,0,0.421,,,0.016,0.265,0.125,,,,,,,,,,,0.016,,,,,,,,,,,,,,,,,,0,3.0,0.222,96.2,6.0,96.706
765,Medium,RPath,313,6.0,3.0,2.0,394.0,591.0,789.0,0.01015228426395939,Asphalt,84.8,3.0,3,84.781,0.106,0.318,0.070754716981132,0.106,63,3,9.0,sidewalks,HMAC,1,2,0,1,2,0,0,0,0,1,0,0,1,2,2,0,0,0,0,0,0,0,0,0,0,0,0,2,0,0,0,1,0,0,1,0,0,0,0,0,0,0,0,5,1,2,0,0,1,1,1,2,2,5,0,0,3,1,0,0,0,0,0,0,1,0,0,0,0,0,0,0,0,1,2,0,1,2,2,0,0,0,5,3,1,0,0,0,0,0,0,0,0,0,0,0,5,0,0.265,0.035,,,0.212,0.018,,,,,,,,,,,,,,,,,,,,,,,,,,,,,0,3.0,0.106,84.8,6.0,84.781
766,Medium,RPath,329,6.0,3.0,2.0,1196.0,1793.0,2391.0,0.0033463469046291134,Asphalt,239.6,3.0,3,239.634,0.214,0.642,0.025041736227045,0.214,51,3,9.0,sidewalks,HMAC,1,2,0,1,0,0,0,0,0,0,0,0,1,2,2,0,0,0,0,0,0,0,0,0,0,0,0,2,0,0,0,0,0,0,1,2,0,0,0,0,0,0,0,0,0,0,0,0,1,1,1,2,2,5,0,0,3,1,0,0,0,0,0,0,0,0,0,0,0,0,0,0,0,0,0,0,1,2,2,0,0,0,5,3,1,1,1,0,0,0,0,0,0,0,0,0,5,0,0.388,,,,0.144,0.094,,,,0.013,,,,0.063,0.038,0.006,0.019,0.013,,,,,,,,,,,,,,,,,0,3.0,0.214,239.6,6.0,239.634
767,Medium,RPath,338,6.0,3.0,2.0,142.0,213.0,284.0,0.028169014084507043,Asphalt,86.0,3.0,3,80.507,0.105,0.315,0.0697674418604651,0.105,53,3,9.0,sidewalks,HMAC,1,2,2,1,2,0,0,0,0,0,0,0,1,2,2,0,0,0,0,0,0,0,0,0,0,5,0,2,0,0,0,0,0,0,1,2,2,0,0,0,0,0,0,0,0,0,0,0,1,1,1,2,2,5,5,0,3,0,0,0,0,0,0,0,0,0,0,0,0,0,0,0,0,1,0,0,0,0,0,0,0,0,0,0,1,1,0,0,0,0,0,0,0,0,0,0,5,0,0.122,,,,,0.07,,,,,,,,,,0.035,,,0.017,,,,,,,,,,,,,,,,0,3.0,0.105,86.0,6.0,80.507
768,Medium,RPath,370,6.0,3.0,2.0,807.0,1210.0,1613.0,0.0049586776859504135,Asphalt,329.2,3.0,3,329.056,0.216,0.648,0.0182260024301336,0.216,65,4,9.0,sidewalks,HMAC,1,2,0,1,0,0,1,2,0,1,2,0,1,2,2,0,0,0,0,0,0,0,0,0,5,5,0,2,0,0,0,0,0,0,1,2,2,0,0,0,0,0,0,0,1,2,2,0,0,0,1,2,2,0,5,0,0,1,0,0,0,0,0,0,0,0,0,0,0,0,0,0,0,1,0,0,0,0,0,0,0,0,0,3,1,1,1,1,2,2,0,0,0,0,0,0,5,0,0.305,,,,0.096,0.164,,,,,,,0.009,0.014,,0.009,0.009,0.005,,,,,,,,,,,,,,,,,0,3.0,0.216,329.2,6.0,329.056
769,Medium,RPath,379,6.0,3.0,2.0,236.0,355.0,473.0,0.016901408450704224,Asphalt,175.1,3.0,3,173.635,0.128,0.384,0.0342661336379211,0.128,62,3,9.0,sidewalks,CON,1,2,2,1,0,0,0,0,0,0,0,0,1,2,2,0,0,0,0,0,0,0,0,0,5,0,0,0,0,0,0,1,2,2,1,2,0,1,0,0,1,2,2,0,1,2,0,0,1,1,1,2,2,5,5,0,0,0,1,0,0,0,0,0,0,0,0,0,0,0,0,0,0,0,0,0,1,2,0,0,0,0,0,0,1,1,1,0,0,0,0,0,0,0,0,0,5,0,0.197,,,,0.086,0.094,,,,,,,,,,0.009,0.009,,,,,,,,,,,,,,,,,,1,3.0,0.128,175.1,16.0,173.635
770,Medium,RPath,380,6.0,3.0,2.0,235.0,353.0,471.0,0.0169971671388102,Asphalt,111.0,3.0,3,110.996,0.142,0.4259999999999999,0.054054054054054,0.142,60,3,9.0,sidewalks,CON,1,2,2,1,0,0,1,0,0,0,0,0,1,0,0,1,0,0,0,0,0,0,0,0,5,0,0,0,0,0,0,1,2,0,1,2,2,0,0,0,1,2,2,0,1,2,0,0,1,0,1,2,2,0,0,4,0,1,0,0,0,0,0,0,0,0,0,0,0,0,0,0,0,1,2,0,1,2,2,0,0,0,0,3,1,1,1,0,0,0,0,0,0,0,0,0,5,0,0.203,,,,0.041,0.108,,,,,,,,0.014,,0.041,,,,,,,,,,,,,,,,,,,1,3.0,0.142,111.0,16.0,110.996
771,Medium,RPath,381,6.0,3.0,2.0,127.0,191.0,255.0,0.031413612565445025,Asphalt,123.1,3.0,3,118.334,0.171,0.513,0.0487408610885459,0.171,63,3,9.0,sidewalks,CON,1,2,2,1,0,0,1,0,0,0,0,0,1,0,0,0,0,0,0,0,0,0,0,0,5,0,0,0,0,0,0,1,2,0,1,2,2,1,0,0,1,2,2,0,1,0,0,0,1,0,1,2,2,5,0,4,0,1,0,0,0,0,0,0,0,0,0,0,0,0,0,0,0,1,2,0,1,2,2,0,0,0,0,3,1,1,1,0,0,0,0,0,0,0,0,0,5,0,0.207,,,,0.049,0.158,,,,,,,,,,,,,,,,,,,,,,,,,,,,,1,3.0,0.171,123.1,16.0,118.334
772,Medium,RPath,382,6.0,3.0,2.0,142.0,212.0,283.0,0.02830188679245283,Asphalt,81.6,3.0,3,80.457,0.124,0.372,0.0735294117647058,0.124,52,3,9.0,sidewalks,HMAC,1,2,2,1,0,0,1,0,0,1,0,0,1,0,0,0,0,0,0,0,0,0,0,0,5,0,3,0,0,0,0,0,0,0,1,2,2,0,0,0,0,0,0,0,0,0,0,0,0,0,1,2,2,0,5,0,0,1,0,0,0,0,0,0,0,0,0,0,0,0,0,0,0,1,2,0,1,2,0,0,0,0,5,0,1,1,1,0,0,0,0,0,0,0,0,0,5,0,0.276,,,,0.202,0.055,,,,,,,,,,,0.018,,,,,,,,,,,,,,,,,,0,3.0,0.124,81.6,6.0,80.457
773,Medium,RPath,388,6.0,3.0,2.0,344.0,516.0,688.0,0.011627906976744186,Asphalt,81.6,3.0,3,83.791,0.184,0.552,0.0735294117647058,0.184,63,3,9.0,sidewalks,HMAC,1,2,2,1,0,0,1,2,0,1,2,2,1,2,2,0,0,0,0,0,0,0,0,0,5,0,0,0,0,0,0,0,0,0,1,2,2,0,0,0,0,0,0,0,1,2,0,0,0,0,1,2,2,0,5,0,0,1,0,0,0,0,0,0,0,0,0,0,0,0,0,0,0,1,2,2,1,2,0,0,0,0,0,3,1,1,1,1,0,0,0,0,0,0,0,0,5,0,0.331,,,,0.074,0.129,,0.018,,,,0.018,,0.074,,0.018,,,,,,,,,,,,,,,,,,,0,3.0,0.184,81.6,6.0,83.791
774,Medium,RPath,390,6.0,3.0,2.0,700.0,1050.0,1399.0,0.005714285714285714,Asphalt,252.6,3.0,3,252.587,0.238,0.714,0.0237529691211401,0.238,55,3,9.0,sidewalks,HMAC,1,2,2,0,0,0,0,0,0,0,0,0,1,2,2,0,0,0,0,0,0,0,0,0,0,5,0,2,0,0,0,1,0,0,1,2,0,0,0,0,0,0,0,5,0,0,0,0,0,0,1,2,0,0,0,0,0,1,0,0,0,0,0,0,1,0,0,1,2,0,1,0,0,1,2,0,1,2,0,0,0,0,5,3,1,0,0,0,0,0,0,0,0,0,0,0,5,0,0.434,,,,0.261,0.143,,,,,,,,,0.012,,0.018,,,,,,,,,,,,,,,,,,0,3.0,0.238,252.6,6.0,252.587
775,Medium,RPath,391,6.0,3.0,2.0,83.0,124.0,166.0,0.04838709677419355,Asphalt,122.7,3.0,3,120.73,0.107,0.321,0.0488997555012224,0.107,54,3,9.0,sidewalks,CON,1,2,0,1,0,0,1,0,0,0,0,0,1,2,0,1,0,0,0,0,0,0,0,0,0,0,0,2,0,0,0,1,2,0,1,2,2,1,2,0,1,2,2,0,1,0,0,0,0,0,1,2,2,0,0,4,0,1,0,0,0,0,0,0,0,0,0,0,0,0,0,0,0,0,0,0,0,0,0,0,0,0,5,0,1,1,1,1,2,0,0,0,0,0,0,0,5,0,0.134,,,,0.037,0.098,,,,,,,,,,,,,,,,,,,,,,,,,,,,,1,3.0,0.107,122.7,16.0,120.73
776,Medium,RPath,392,6.0,3.0,2.0,112.0,168.0,224.0,0.03571428571428571,Asphalt,146.4,3.0,3,145.249,0.138,0.414,0.040983606557377,0.138,61,3,9.0,sidewalks,CON,1,2,0,1,0,0,1,0,0,0,0,0,1,2,0,0,0,0,0,0,0,0,0,0,5,0,0,2,0,0,0,1,2,2,1,2,0,1,0,0,1,2,2,0,1,2,0,0,0,0,1,2,2,0,0,4,3,0,0,0,0,0,0,0,0,0,0,0,0,0,0,0,0,0,0,0,0,0,0,0,0,0,5,3,1,1,1,1,0,0,0,0,0,0,0,0,5,0,0.154,,,,0.02,0.133,,,,,,,,,,,,,,,,,,,,,,,,,,,,,1,3.0,0.138,146.4,16.0,145.249
777,Medium,RPath,455,6.0,3.0,2.0,180.0,270.0,361.0,0.022222222222222223,Asphalt,74.8,3.0,3,74.853,0.12,0.36,0.0802139037433155,0.12,63,3,9.0,sidewalks,CON,1,2,0,0,0,0,0,0,0,1,2,0,1,0,0,1,0,0,0,0,0,0,0,0,5,0,0,0,1,2,2,1,0,0,1,0,0,0,0,0,1,0,0,0,1,2,0,0,1,1,1,2,2,0,5,0,0,1,1,2,0,0,0,0,1,2,0,0,0,0,1,2,0,1,0,0,1,2,0,0,0,0,0,0,1,1,1,1,2,0,1,0,0,1,0,0,5,0,0.482,,,,0.482,,,,,,,,,,,,,,,,,,,,,,,,,,,,,,1,3.0,0.12,74.8,16.0,74.853
778,Medium,RPath,458,6.0,3.0,2.0,142.0,213.0,284.0,0.028169014084507043,Asphalt,99.4,3.0,3,99.346,0.17,0.51,0.0603621730382293,0.17,62,3,9.0,sidewalks,CON,1,2,2,1,2,0,0,0,0,0,0,0,1,0,0,1,0,0,0,0,0,0,0,0,5,0,0,2,0,0,0,0,0,0,1,2,2,0,0,0,0,0,0,0,1,2,2,0,0,0,1,2,2,5,5,4,0,1,0,0,0,0,0,0,0,0,0,0,0,0,0,0,0,1,0,0,1,0,0,0,0,0,5,0,1,0,1,1,0,0,0,0,0,0,0,0,5,0,0.226,,,,0.075,0.136,,,,,,,0.015,,,,,,,,,,,,,,,,,,,,,,0,3.0,0.17,99.4,6.0,99.346
779,Medium,RPath,473,6.0,3.0,2.0,150.0,225.0,300.0,0.02666666666666667,Asphalt,73.1,3.0,3,77.849,0.133,0.399,0.082079343365253,0.133,66,4,9.0,sidewalks,HMAC,1,2,2,1,2,0,1,2,0,0,0,0,1,2,0,1,2,0,0,0,0,0,0,0,0,0,0,2,0,0,0,0,0,0,1,2,2,0,0,0,0,0,0,0,1,2,0,0,0,0,1,2,2,5,5,0,3,1,0,0,0,0,0,0,0,0,0,0,0,0,1,0,0,1,2,0,1,2,0,0,0,0,5,3,0,0,0,0,0,0,0,0,0,0,0,0,5,0,0.41,,,,0.369,0.041,,,,,,,,,,,,,,,,,,,,,,,,,,,,,0,3.0,0.133,73.1,6.0,77.849
780,Medium,RPath,475,6.0,3.0,2.0,496.0,744.0,992.0,0.008064516129032258,Asphalt,125.4,3.0,3,128.515,0.102,0.306,0.0478468899521531,0.102,66,4,9.0,sidewalks,HMAC,1,2,2,1,2,0,1,2,0,0,0,0,1,0,0,1,2,2,0,0,0,0,0,0,0,5,0,2,0,0,0,0,0,0,1,2,2,0,0,0,0,0,0,0,1,2,2,0,0,0,1,2,2,5,0,4,0,1,0,0,0,0,0,0,0,0,0,0,0,0,1,0,0,1,2,2,1,2,0,0,0,0,0,3,0,0,0,0,0,0,0,0,0,0,0,0,5,0,0.335,0.024,,,0.311,,,,,,,,,,,,,,,,,,,,,,,,,,,,,,0,3.0,0.102,125.4,6.0,128.515
781,Medium,RPath,476,6.0,3.0,2.0,574.0,860.0,1147.0,0.0069767441860465115,Asphalt,66.7,3.0,3,66.74,0.157,0.471,0.0899550224887556,0.157,53,3,9.0,sidewalks,HMAC,1,2,0,1,2,0,0,0,0,0,0,0,1,2,2,1,2,0,0,0,0,0,0,0,0,5,0,2,0,0,0,0,0,0,1,2,0,0,0,0,0,0,0,0,0,0,0,0,0,0,1,2,2,0,0,0,0,1,0,0,0,0,0,0,0,0,0,0,0,0,1,2,0,1,2,0,1,2,0,0,0,0,5,3,1,0,0,0,0,0,0,0,0,0,0,0,5,0,0.36,,,0.067,0.27,,0.022,,,,,,,,,,,,,,,,,,,,,,,,,,,,0,3.0,0.157,66.7,6.0,66.74
782,Medium,RPath,483,6.0,3.0,2.0,217.0,326.0,434.0,0.018404907975460124,Asphalt,69.4,3.0,3,75.813,0.184,0.552,0.0864553314121037,0.184,64,4,9.0,sidewalks,PB,1,2,0,1,2,0,0,0,0,0,0,0,1,0,0,1,0,0,0,0,0,0,0,0,5,0,0,0,0,0,0,1,0,0,1,2,2,0,0,0,0,0,0,0,1,2,2,0,0,0,1,2,0,0,5,0,3,1,0,0,0,1,0,0,1,2,2,1,0,0,1,2,0,1,0,0,1,0,0,0,0,0,5,3,1,0,1,1,0,0,0,0,0,0,0,0,5,0,0.195,,,,,0.086,,,,,,,,,,0.022,0.086,,,,,,,,,,,,,,,,,,2,3.0,0.184,69.4,26.0,75.813
783,Medium,RPath,526,6.0,3.0,2.0,1216.0,1824.0,2432.0,0.003289473684210526,Asphalt,141.9,3.0,3,139.258,0.103,0.309,0.0422832980972515,0.103,63,3,9.0,sidewalks,CON,1,2,0,1,0,0,1,0,0,1,0,0,1,0,0,1,2,0,0,0,0,0,0,0,5,0,0,0,0,0,0,1,2,2,1,2,2,0,0,0,1,2,2,0,1,2,0,0,1,1,1,2,2,0,5,0,0,1,0,0,0,0,0,0,0,0,0,0,0,0,0,0,0,1,2,0,1,2,2,0,0,0,0,0,1,1,1,1,0,0,0,0,0,0,0,0,5,0,0.402,,,,0.074,,,,,,,,,0.317,,,,0.011,,,,,,,,,,,,,,,,,0,3.0,0.103,141.9,6.0,139.258
784,Medium,RPath,527,6.0,3.0,2.0,522.0,783.0,1044.0,0.007662835249042145,Asphalt,243.9,3.0,3,240.435,0.103,0.309,0.02460024600246,0.103,58,3,9.0,sidewalks,HMAC,1,2,0,1,0,0,0,0,0,0,0,0,1,2,0,1,2,0,0,0,0,0,0,0,5,0,0,2,0,0,0,1,2,2,1,2,2,0,0,0,1,2,2,0,1,0,0,0,1,0,1,2,2,0,5,0,0,1,0,0,0,0,0,0,0,0,0,0,0,0,0,0,0,1,0,0,1,2,0,0,0,0,0,0,1,1,1,0,0,0,0,0,0,1,0,0,5,0,0.357,,,,0.338,,,,,,,,,,0.018,,,,,,,,,,,,,,,,,,,,0,3.0,0.103,243.9,6.0,240.435
785,Medium,RPath,534,6.0,3.0,2.0,188.0,281.0,375.0,0.021352313167259787,Asphalt,75.5,3.0,3,74.752,0.109,0.327,0.0794701986754966,0.109,65,4,9.0,sidewalks,CON,1,2,0,0,0,0,0,0,0,1,2,0,1,0,0,0,0,0,0,0,0,0,0,0,5,0,0,0,1,2,2,1,2,2,1,2,2,0,0,0,1,2,2,0,1,2,2,0,1,1,1,2,2,0,5,0,0,1,1,0,0,0,0,0,1,2,0,0,0,0,0,0,0,1,0,0,1,0,0,0,0,0,0,0,1,1,1,1,0,0,0,0,0,0,0,0,5,0,0.417,,,,0.397,,,,,,,,,,,0.02,,,,,,,,,,,,,,,,,,,1,3.0,0.109,75.5,16.0,74.752
786,Medium,RPath,561,6.0,3.0,2.0,256.0,384.0,512.0,0.015625,Asphalt,91.9,3.0,3,90.8,0.114,0.342,0.0652883569096844,0.114,62,3,9.0,sidewalks,CON,0,0,0,0,0,0,0,0,0,1,0,0,1,0,0,1,0,0,0,0,0,0,0,0,5,0,0,0,1,2,2,0,0,0,1,0,0,0,0,0,0,0,0,0,1,2,0,0,1,1,1,2,2,0,5,0,0,1,1,2,0,1,2,2,0,0,0,0,0,0,0,0,0,1,0,0,1,2,0,1,2,2,0,3,1,1,1,1,2,0,0,0,0,1,0,0,5,0,0.424,,,,0.392,,,,,,,,,,,,,0.033,,,,,,,,,,,,,,,,,0,3.0,0.114,91.9,6.0,90.8
787,Medium,RPath,585,6.0,3.0,2.0,826.0,1239.0,1652.0,0.004842615012106538,Asphalt,261.4,3.0,3,216.926,0.112,0.336,0.0229533282325937,0.112,66,4,9.0,sidewalks,HMAC,1,2,0,1,0,0,1,0,0,1,2,0,1,2,2,1,2,2,0,0,0,0,0,0,0,5,0,2,0,0,0,0,0,0,1,2,2,0,0,0,0,0,0,0,0,0,0,0,1,0,1,2,2,5,5,0,0,1,0,0,0,0,0,0,0,0,0,0,0,0,0,0,0,1,0,0,1,2,2,0,0,0,0,0,1,1,1,0,0,0,0,0,0,1,2,2,5,0,0.402,0.006,,,0.367,,,,,,,,,,,,,0.029,,,,,,,,,,,,,,,,,0,3.0,0.112,261.4,6.0,216.926
788,Medium,RPath,628,6.0,3.0,2.0,217.0,325.0,434.0,0.018461538461538463,Asphalt,83.1,3.0,3,84.464,0.113,0.339,0.0722021660649819,0.113,55,3,9.0,sidewalks,HMAC,1,2,2,0,0,0,0,0,0,0,0,0,1,2,2,1,2,2,0,0,0,0,0,0,0,5,0,2,0,0,0,0,0,0,1,2,2,0,0,0,0,0,0,0,0,0,0,0,0,0,1,0,0,5,5,0,0,1,0,0,0,0,0,0,0,0,0,0,0,0,0,0,0,1,2,0,1,2,0,0,0,0,0,3,1,1,0,0,0,0,0,0,0,0,0,0,5,0,0.235,,,,0.108,0.054,0.018,0.054,,,,,,,,,,,,,,,,,,,,,,,,,,,0,3.0,0.113,83.1,6.0,84.464
789,Medium,RPath,629,6.0,3.0,2.0,723.0,1085.0,1447.0,0.005529953917050691,Asphalt,178.4,3.0,3,178.439,0.109,0.327,0.0336322869955156,0.109,59,3,9.0,sidewalks,HMAC,1,2,2,1,2,0,1,0,0,0,0,0,1,2,2,1,2,0,0,0,0,0,0,0,0,5,0,2,0,0,0,0,0,0,1,2,0,0,0,0,0,0,0,0,1,0,0,0,0,0,1,2,2,0,0,0,0,1,0,0,0,0,0,0,0,0,0,0,0,0,1,2,2,1,0,0,1,2,2,0,0,0,5,3,1,0,0,0,0,0,0,0,0,0,0,0,5,0,0.336,0.025,,,0.303,0.008,,,,,,,,,,,,,,,,,,,,,,,,,,,,,0,3.0,0.109,178.4,6.0,178.439
790,Medium,RPath,668,6.0,3.0,2.0,127.0,191.0,255.0,0.031413612565445025,Asphalt,78.8,3.0,3,75.467,0.152,0.4559999999999999,0.0761421319796954,0.152,66,4,9.0,sidewalks,HMAC,1,2,2,1,2,2,1,2,0,1,0,0,1,2,2,0,0,0,0,0,0,0,0,0,0,0,0,2,1,2,0,0,0,0,1,2,2,0,0,0,0,0,0,5,1,2,0,0,0,0,1,2,0,0,0,0,0,1,0,0,0,0,0,0,1,2,2,0,0,0,0,0,0,1,2,0,1,2,0,0,0,0,5,3,1,0,0,0,0,0,0,0,0,0,0,0,5,0,0.324,,,,0.228,0.095,,,,,,,,,,,,,,,,,,,,,,,,,,,,,0,3.0,0.152,78.8,6.0,75.467
791,Medium,RPath,700,6.0,3.0,2.0,888.0,1332.0,1776.0,0.0045045045045045045,Asphalt,73.8,3.0,3,72.372,0.193,0.579,0.08130081300813,0.193,66,4,9.0,sidewalks,HMAC,1,2,0,0,0,0,0,0,0,1,2,0,1,0,0,0,0,0,0,0,0,1,0,0,5,0,0,2,1,2,2,1,2,0,1,2,2,0,0,0,1,2,2,5,1,2,0,0,1,0,1,2,0,0,0,0,0,1,1,2,0,0,0,0,1,0,0,0,0,0,0,0,0,1,0,0,1,0,0,0,0,0,0,3,1,1,1,1,2,0,0,0,0,0,0,0,5,0,0.467,0.102,,,0.366,,,,,,,,,,,,,,,,,,,,,,,,,,,,,,0,3.0,0.193,73.8,6.0,72.372
792,Medium,RPath,780,6.0,3.0,2.0,660.0,990.0,1320.0,0.006060606060606061,Asphalt,245.9,3.0,3,245.786,0.181,0.5429999999999999,0.0244001626677511,0.181,52,3,9.0,sidewalks,CON,1,2,2,1,2,0,1,0,0,0,0,0,1,2,2,0,0,0,0,0,0,0,0,0,0,0,0,2,0,0,0,0,0,0,1,2,0,0,0,0,0,0,0,0,0,0,0,0,1,1,1,2,2,5,0,0,3,1,0,0,0,0,0,0,0,0,0,0,0,0,0,0,0,1,2,0,1,2,0,0,0,0,0,3,1,1,1,0,0,0,0,0,0,0,0,0,5,0,0.195,0.018,,,0.018,0.159,,,,,,,,,,,,,,,,,,,,,,,,,,,,,0,3.0,0.181,245.9,6.0,245.786
793,Medium,RPath,783,6.0,3.0,2.0,298.0,448.0,597.0,0.013392857142857142,Asphalt,132.6,3.0,3,133.145,0.226,0.678,0.0452488687782805,0.226,51,3,9.0,sidewalks,HMAC,1,2,2,1,2,0,1,2,0,0,0,0,1,2,0,0,0,0,0,0,0,0,0,0,0,5,0,2,0,0,0,0,0,0,0,0,0,0,0,0,0,0,0,0,0,0,0,0,1,1,1,2,2,5,0,0,3,1,0,0,0,0,0,0,1,0,0,0,0,0,0,0,0,1,2,0,1,0,0,0,0,0,0,3,0,1,0,0,0,0,0,0,0,0,0,0,5,0,0.226,,,,,0.17,,,,,,,,,0.045,,,,0.011,,,,,,,,,,,,,,,,0,3.0,0.226,132.6,6.0,133.145
794,Medium,RPath,792,6.0,3.0,2.0,60.0,90.0,120.0,0.06666666666666667,Asphalt,72.8,3.0,3,72.824,0.149,0.4469999999999999,0.0824175824175824,0.149,59,3,9.0,sidewalks,CON,1,2,2,1,2,2,1,0,0,1,2,0,1,2,2,0,0,0,0,0,0,0,0,0,0,0,0,2,0,0,0,0,0,0,1,2,2,0,0,0,0,0,0,0,1,2,0,0,1,1,1,2,2,5,5,0,0,1,0,0,0,0,0,0,0,0,0,0,0,0,0,0,0,1,2,2,1,0,0,0,0,0,0,0,1,0,0,0,0,0,0,0,0,0,0,0,5,0,0.165,,,,0.021,0.144,,,,,,,,,,,,,,,,,,,,,,,,,,,,,0,3.0,0.149,72.8,6.0,72.824
795,Medium,RPath,803,6.0,3.0,2.0,112.0,168.0,225.0,0.03571428571428571,Asphalt,101.2,3.0,3,101.162,0.222,0.666,0.0592885375494071,0.222,57,3,9.0,sidewalks,HMAC,1,2,0,0,0,0,0,0,0,0,0,0,1,2,0,0,0,0,1,2,0,0,0,0,0,0,3,0,0,0,0,1,2,0,1,2,2,0,0,0,0,0,0,0,1,2,2,0,1,1,1,2,2,5,5,0,0,1,0,0,0,0,0,0,0,0,0,0,0,0,0,0,0,0,0,0,1,2,2,0,0,0,0,0,1,1,1,0,0,0,0,0,0,1,0,0,5,0,0.222,,,,,0.222,,,,,,,,,,,,,,,,,,,,,,,,,,,,,0,3.0,0.222,101.2,6.0,101.162
796,Medium,RPath,833,6.0,3.0,2.0,435.0,653.0,871.0,0.009188361408882083,Asphalt,73.3,3.0,3,72.483,0.133,0.399,0.0818553888130968,0.133,65,4,9.0,sidewalks,CON,1,2,2,0,0,0,0,0,0,1,0,0,1,0,0,1,0,0,0,0,0,0,0,0,5,0,0,0,1,2,2,0,0,0,0,0,0,0,0,0,0,0,0,0,1,2,0,0,1,0,1,2,0,0,0,0,3,1,1,2,0,1,0,0,1,2,2,0,0,0,1,0,0,1,2,0,1,2,2,1,2,2,0,0,1,1,1,1,2,0,1,0,0,1,0,0,5,0,0.409,,,0.041,0.368,,,,,,,,,,,,,,,,,,,,,,,,,,,,,,0,3.0,0.133,73.3,6.0,72.483
797,Medium,RPath,838,6.0,3.0,2.0,263.0,394.0,525.0,0.015228426395939087,Asphalt,74.2,3.0,3,74.214,0.116,0.348,0.0808625336927223,0.116,61,3,9.0,sidewalks,CON,1,2,0,0,0,0,0,0,0,0,0,0,1,0,0,0,0,0,0,0,0,0,0,0,5,0,0,0,1,2,2,0,0,0,0,0,0,0,0,0,0,0,0,0,1,2,0,0,1,0,1,2,0,0,0,0,3,1,1,2,0,1,2,0,1,2,2,0,0,0,1,0,0,1,2,0,1,2,2,1,2,0,0,0,1,1,1,1,2,0,1,0,0,1,0,0,5,0,0.384,,,,0.303,,,,,,,,,,,,,0.081,,,,,,,,,,,,,,,,,1,3.0,0.116,74.2,16.0,74.214
798,Medium,RPath,844,6.0,3.0,2.0,309.0,463.0,617.0,0.012958963282937365,Asphalt,129.7,3.0,3,129.487,0.113,0.339,0.046260601387818,0.113,61,3,9.0,sidewalks,CON,1,0,0,0,0,0,0,0,0,0,0,0,1,2,0,0,0,0,0,0,0,0,0,0,5,0,0,0,1,2,2,0,0,0,0,0,0,0,0,0,0,0,0,0,1,2,0,0,1,0,1,2,2,0,5,0,3,1,1,2,2,1,2,0,1,2,0,0,0,0,0,0,0,1,0,0,1,2,2,1,2,0,0,0,1,1,1,1,0,0,0,0,0,0,0,0,5,0,0.335,,,,0.266,0.035,,,,,,,,0.023,,,,0.012,,,,,,,,,,,,,,,,,1,3.0,0.113,129.7,16.0,129.487
799,Medium,RPath,878,6.0,3.0,2.0,405.0,608.0,810.0,0.009868421052631578,Asphalt,258.9,3.0,3,258.932,0.104,0.312,0.0231749710312862,0.104,58,3,9.0,sidewalks,HMAC,1,2,2,1,2,2,1,2,2,0,0,0,1,2,2,1,0,0,0,0,0,0,0,0,0,5,0,2,0,0,0,0,0,0,1,2,0,0,0,0,0,0,0,0,1,0,0,0,0,0,1,2,2,0,0,0,3,0,0,0,0,0,0,0,0,0,0,0,0,0,0,0,0,1,2,2,1,2,2,0,0,0,0,3,0,0,0,0,0,0,0,0,0,0,0,0,5,0,0.313,,,,0.278,0.035,,,,,,,,,,,,,,,,,,,,,,,,,,,,,0,3.0,0.104,258.9,6.0,258.932
800,Medium,RPath,895,6.0,3.0,2.0,427.0,641.0,854.0,0.0093603744149766,Asphalt,94.4,3.0,3,94.354,0.167,0.501,0.0635593220338983,0.167,57,3,9.0,sidewalks,HMAC,1,2,2,1,2,2,0,0,0,0,0,0,1,2,0,0,0,0,0,0,0,0,0,0,0,5,0,2,0,0,0,0,0,0,0,0,0,0,0,0,0,0,0,5,0,0,0,0,0,0,1,2,2,5,0,0,3,1,1,0,0,0,0,0,0,0,0,0,0,0,0,0,0,1,2,0,1,2,0,0,0,0,0,3,1,0,1,1,0,0,0,0,0,0,0,0,5,0,0.334,,,,0.095,0.095,,,,,,,,0.095,,0.048,,,,,,,,,,,,,,,,,,,0,3.0,0.167,94.4,6.0,94.354
801,Medium,RPath,916,6.0,3.0,2.0,1212.0,1818.0,2424.0,0.0033003300330033004,Asphalt,267.6,3.0,3,262.661,0.188,0.5640000000000001,0.0224215246636771,0.188,53,3,9.0,sidewalks,CON,1,2,2,1,2,0,0,0,0,0,0,0,1,2,2,0,0,0,0,0,0,0,0,0,0,5,0,2,0,0,0,0,0,0,1,2,2,0,0,0,0,0,0,0,0,0,0,0,1,1,1,2,2,5,5,0,3,0,0,0,0,0,0,0,0,0,0,0,0,0,0,0,0,1,0,0,1,0,0,0,0,0,0,0,1,0,0,0,0,0,0,0,0,0,0,0,5,0,0.213,,,0.028,,0.146,,,,,,,,0.034,,,0.006,,,,,,,,,,,,,,,,,,0,3.0,0.188,267.6,6.0,262.661
802,Medium,RPath,917,6.0,3.0,2.0,105.0,158.0,211.0,0.0379746835443038,Asphalt,164.6,3.0,3,152.22,0.128,0.384,0.0364520048602673,0.128,66,4,9.0,sidewalks,CON,1,2,2,1,2,0,1,2,0,0,0,0,1,2,0,0,0,0,0,0,0,0,0,0,5,0,0,2,0,0,0,1,2,2,0,0,0,0,0,0,0,0,0,0,1,2,2,0,1,1,1,2,2,5,0,4,3,1,0,0,0,0,0,0,0,0,0,0,0,0,0,0,0,1,0,0,0,0,0,0,0,0,0,3,1,1,1,0,0,0,0,0,0,1,2,0,5,0,0.128,,,,,0.128,,,,,,,,,,,,,,,,,,,,,,,,,,,,,0,3.0,0.128,164.6,6.0,152.22
803,Medium,RPath,919,6.0,3.0,2.0,442.0,663.0,884.0,0.00904977375565611,Asphalt,292.8,3.0,3,290.948,0.113,0.339,0.0204918032786885,0.113,53,3,9.0,sidewalks,HMAC,1,2,2,1,2,0,1,2,0,1,0,0,1,0,0,0,0,0,0,0,0,0,0,0,0,5,0,2,0,0,0,0,0,0,0,0,0,0,0,0,0,0,0,0,0,0,0,0,1,1,1,2,2,5,5,0,3,0,0,0,0,0,0,0,0,0,0,0,0,0,0,0,0,1,2,0,0,0,0,0,0,0,0,3,1,1,0,0,0,0,0,0,0,0,0,0,5,0,0.113,,,0.01,,0.102,,,,,,,,,,,,,,,,,,,,,,,,,,,,,0,3.0,0.113,292.8,6.0,290.948
804,Medium,RPath,920,6.0,3.0,2.0,438.0,657.0,875.0,0.0091324200913242,Asphalt,292.8,3.0,3,293.047,0.193,0.579,0.0204918032786885,0.193,56,3,9.0,sidewalks,HMAC,1,2,2,1,2,0,1,2,0,0,0,0,1,0,0,0,0,0,0,0,0,0,0,0,0,5,0,2,0,0,0,0,0,0,0,0,0,0,0,0,0,0,0,0,0,0,0,0,1,1,1,2,2,5,5,4,0,1,0,0,0,0,0,0,0,0,0,0,0,0,0,0,0,1,2,0,0,0,0,0,0,0,0,3,1,1,1,1,0,0,0,0,0,0,0,0,5,0,0.2,,,,,0.174,,,,,,0.005,0.005,,,0.005,0.01,,,,,,,,,,,,,,,,,,0,3.0,0.193,292.8,6.0,293.047
805,Medium,RPath,922,6.0,3.0,2.0,282.0,423.0,564.0,0.014184397163120567,Asphalt,309.8,3.0,3,303.522,0.117,0.351,0.0193673337637185,0.117,63,3,9.0,sidewalks,HMAC,1,2,2,1,2,0,1,2,0,1,2,2,1,2,2,0,0,0,0,0,0,0,0,0,0,5,0,2,0,0,0,0,0,0,1,0,0,0,0,0,0,0,0,0,1,0,0,0,1,1,1,2,2,5,5,0,3,0,0,0,0,0,0,0,0,0,0,0,0,0,0,0,0,1,2,0,0,0,0,0,0,0,0,3,1,1,0,0,0,0,0,0,0,0,0,0,5,0,0.121,,,,0.005,0.102,,,,,,,0.01,,0.005,,,,,,,,,,,,,,,,,,,,0,3.0,0.117,309.8,6.0,303.522
806,Medium,RPath,936,6.0,3.0,2.0,195.0,293.0,391.0,0.020477815699658702,Asphalt,102.0,3.0,3,105.355,0.107,0.321,0.0588235294117647,0.107,54,3,9.0,sidewalks,HMAC,1,2,2,1,0,0,1,0,0,1,2,0,1,2,0,0,0,0,0,0,0,0,0,0,0,0,0,2,0,0,0,0,0,0,1,2,2,0,0,0,0,0,0,0,0,0,0,0,0,0,1,2,2,5,0,4,0,1,0,0,0,0,0,0,0,0,0,0,0,0,0,0,0,1,0,0,1,2,0,0,0,0,5,3,0,1,1,0,0,0,0,0,0,0,0,0,5,0,0.382,,,,0.368,0.015,,,,,,,,,,,,,,,,,,,,,,,,,,,,,0,3.0,0.107,102.0,6.0,105.355
807,Medium,RPath,938,6.0,3.0,2.0,338.0,506.0,675.0,0.011857707509881422,Asphalt,176.3,3.0,3,181.109,0.123,0.369,0.0340328984685195,0.123,50,3,9.0,sidewalks,HMAC,1,2,2,1,0,0,1,0,0,1,0,0,1,2,0,0,0,0,0,0,0,0,0,0,0,0,0,2,0,0,0,0,0,0,1,2,2,0,0,0,0,0,0,0,0,0,0,0,0,0,1,2,2,5,0,4,0,1,0,0,0,0,0,0,0,0,0,0,0,0,0,0,0,1,0,0,1,0,0,0,0,0,5,3,0,1,1,0,0,0,0,0,0,0,0,0,5,0,0.315,,,,0.255,0.043,,,0.017,,,,,,,,,,,,,,,,,,,,,,,,,,0,3.0,0.123,176.3,6.0,181.109
808,Medium,RPath,951,6.0,3.0,2.0,179.0,269.0,359.0,0.022304832713754646,Asphalt,74.1,3.0,3,77.453,0.121,0.363,0.0809716599190283,0.121,49,3,9.0,sidewalks,HMAC,1,2,2,1,2,0,1,2,0,1,0,0,1,2,0,0,0,0,0,0,0,0,0,0,0,0,0,2,0,0,0,0,0,0,0,0,0,0,0,0,0,0,0,0,0,0,0,0,0,0,1,2,2,5,0,4,3,1,0,0,0,0,0,0,0,0,0,0,0,0,0,0,0,1,0,0,1,2,2,0,0,0,0,3,0,0,0,0,0,0,0,0,0,0,0,0,5,0,0.405,,,,0.364,0.02,,,,,,,,,,,,0.02,,,,,,,,,,,,,,,,,0,3.0,0.121,74.1,6.0,77.453
809,Medium,RPath,974,6.0,3.0,2.0,150.0,225.0,300.0,0.02666666666666667,Asphalt,73.5,3.0,3,72.764,0.102,0.306,0.0816326530612244,0.102,53,3,9.0,sidewalks,HMAC,1,2,2,0,0,0,0,0,0,0,0,0,1,2,0,1,2,0,0,0,0,0,0,0,0,0,3,0,1,2,0,0,0,0,1,2,0,0,0,0,0,0,0,0,1,2,0,0,0,0,1,2,0,0,0,0,0,1,0,0,0,0,0,0,1,2,0,0,0,0,0,0,0,1,2,0,1,2,0,1,0,0,0,3,1,1,1,1,2,0,1,0,0,1,0,0,5,0,0.408,,,,0.408,,,,,,,,,,,,,,,,,,,,,,,,,,,,,,1,3.0,0.102,73.5,16.0,72.764
810,Medium,RPath,975,6.0,3.0,2.0,682.0,1023.0,1364.0,0.005865102639296188,Asphalt,90.8,3.0,3,90.803,0.19,0.5700000000000001,0.066079295154185,0.19,64,4,9.0,sidewalks,HMAC,1,2,0,0,0,0,0,0,0,0,0,0,1,2,0,1,2,0,0,0,0,0,0,0,0,0,3,0,1,2,2,0,0,0,1,0,0,0,0,0,0,0,0,0,1,2,2,0,0,0,1,2,0,0,5,0,3,1,1,0,0,0,0,0,1,2,2,0,0,0,0,0,0,1,0,0,1,2,0,1,2,0,0,3,1,1,1,1,2,0,1,0,0,1,0,0,5,0,0.479,,,0.033,0.297,0.05,,,,,,,,0.066,,0.033,,,,,,,,,,,,,,,,,,,1,3.0,0.19,90.8,16.0,90.803
811,Medium,RPath,977,6.0,3.0,2.0,249.0,374.0,498.0,0.016042780748663103,Asphalt,94.9,3.0,3,94.931,0.134,0.402,0.0632244467860906,0.134,64,4,9.0,sidewalks,HMAC,1,2,0,0,0,0,0,0,0,0,0,0,1,2,0,1,2,0,0,0,0,0,0,0,0,0,3,0,1,2,2,0,0,0,1,0,0,0,0,0,0,0,0,0,1,2,2,0,0,0,1,0,0,0,5,0,3,1,1,0,0,0,0,0,1,2,2,0,0,0,0,0,0,1,0,0,1,2,2,1,2,0,0,3,1,1,1,1,2,0,1,0,0,1,0,0,5,0,0.332,,,,0.253,0.032,,,,,,,,,,0.016,,,0.032,,,,,,,,,,,,,,,,1,3.0,0.134,94.9,16.0,94.931
812,Medium,RPath,984,6.0,3.0,2.0,359.0,538.0,718.0,0.011152416356877323,Asphalt,95.6,3.0,3,95.646,0.153,0.4589999999999999,0.0627615062761506,0.153,66,4,9.0,sidewalks,HMAC,1,2,2,0,0,0,0,0,0,0,0,0,1,2,0,1,2,0,0,0,0,0,0,0,0,0,3,0,1,2,2,0,0,0,1,2,0,0,0,0,0,0,0,0,1,2,2,0,0,0,1,2,0,0,5,0,0,1,0,0,0,0,0,0,1,2,0,0,0,0,0,0,0,1,2,0,1,2,0,1,0,0,0,3,1,1,1,1,2,2,1,0,0,1,2,0,5,0,0.439,,,,0.361,,,,,,,,,,,0.031,,,0.047,,,,,,,,,,,,,,,,0,3.0,0.153,95.6,6.0,95.646
813,Medium,RPath,987,6.0,3.0,2.0,577.0,865.0,1153.0,0.006936416184971098,Asphalt,92.7,3.0,3,92.68,0.101,0.303,0.0647249190938511,0.101,62,3,9.0,sidewalks,CON,1,2,2,1,2,2,1,2,0,1,2,2,1,2,2,0,0,0,0,0,0,0,0,0,0,5,0,2,0,0,0,0,0,0,1,0,0,0,0,0,0,0,0,0,0,0,0,0,0,0,0,0,0,0,0,0,3,1,0,0,0,0,0,0,0,0,0,0,0,0,0,0,0,1,2,2,1,2,2,0,0,0,0,3,1,1,1,0,0,0,1,2,0,0,0,0,5,3,0.405,,,,0.194,,,,,,,,,0.21,,,,,,,,,,,,,,,,,,,,,0,3.0,0.101,92.7,6.0,92.68
814,Medium,RPath,1003,6.0,3.0,2.0,1115.0,1673.0,2230.0,0.0035863717872086074,Asphalt,103.1,3.0,3,103.127,0.24,0.72,0.05819592628516,0.24,63,3,9.0,sidewalks,HMAC,1,2,2,1,0,0,1,0,0,1,2,0,1,2,0,0,0,0,0,0,0,0,0,0,0,5,3,2,0,0,0,0,0,0,1,2,2,0,0,0,0,0,0,0,1,0,0,0,0,0,1,2,2,0,5,0,0,1,0,0,0,0,0,0,0,0,0,0,0,0,0,0,0,1,2,2,1,2,2,0,0,0,5,0,1,1,1,0,0,0,0,0,0,0,0,0,5,0,0.335,,,0.087,0.116,0.087,,,,,,,,,,,0.029,0.015,,,,,,,,,,,,,,,,,0,3.0,0.24,103.1,6.0,103.127
815,Medium,RPath,1004,6.0,3.0,2.0,118.0,177.0,235.0,0.03389830508474576,Asphalt,96.9,3.0,3,96.935,0.116,0.348,0.0619195046439628,0.116,55,3,9.0,sidewalks,HMAC,1,2,2,1,0,0,1,0,0,1,0,0,1,0,0,0,0,0,0,0,0,0,0,0,0,5,3,0,0,0,0,0,0,0,1,2,2,0,0,0,0,0,0,0,1,0,0,0,0,0,1,2,2,0,5,0,0,1,0,0,0,0,0,0,0,0,0,0,0,0,0,0,0,1,2,0,1,2,2,0,0,0,5,0,1,1,1,0,0,0,0,0,0,0,0,0,5,0,0.124,,,,,0.093,,,,,,,,,,0.015,0.015,,,,,,,,,,,,,,,,,,0,3.0,0.116,96.9,6.0,96.935
816,Medium,RPath,1056,6.0,3.0,2.0,353.0,529.0,705.0,0.011342155009451797,Asphalt,112.5,3.0,3,111.952,0.157,0.471,0.0533333333333333,0.157,60,3,9.0,sidewalks,HMAC,1,2,2,1,2,0,1,0,0,0,0,0,1,2,0,0,0,0,0,0,0,0,0,0,0,0,0,2,0,0,0,0,0,0,1,2,2,0,0,0,0,0,0,0,0,0,0,0,1,0,1,2,2,5,0,4,3,1,0,0,0,0,0,0,0,0,0,0,0,0,0,0,0,1,2,0,1,2,2,0,0,0,5,3,0,0,1,0,0,0,0,0,0,0,0,0,5,0,0.627,,,,0.627,,,,,,,,,,,,,,,,,,,,,,,,,,,,,,0,3.0,0.157,112.5,6.0,111.952
817,Medium,RPath,1065,6.0,3.0,2.0,15.0,22.0,30.0,0.2727272727272727,Asphalt,3.6,3.0,3,1.489,0.208,0.624,1.6666666666666663,0.208,59,3,9.0,sidewalks,CON,1,2,0,1,0,0,1,0,0,0,0,0,1,2,0,1,0,0,0,0,0,0,0,0,0,0,0,2,0,0,0,0,0,0,1,2,2,0,0,0,0,0,0,0,0,0,0,0,0,0,1,2,2,5,5,4,0,1,0,0,0,0,0,0,0,0,0,0,0,0,0,0,0,1,2,0,1,2,2,0,0,0,5,3,1,0,1,0,0,0,0,0,0,0,0,0,5,0,0.831,,,,0.831,,,,,,,,,,,,,,,,,,,,,,,,,,,,,,1,3.0,0.208,3.6,16.0,1.489
818,Medium,RPath,1067,6.0,3.0,2.0,8.0,11.0,15.0,0.5454545454545454,Asphalt,2.4,3.0,3,1.693,0.158,0.474,2.5,0.158,59,3,9.0,sidewalks,CON,1,2,0,1,0,0,1,0,0,0,0,0,1,2,0,1,0,0,0,0,0,0,0,0,0,0,0,2,0,0,0,0,0,0,1,2,2,0,0,0,0,0,0,0,0,0,0,0,0,0,1,2,2,5,5,4,0,1,0,0,0,0,0,0,0,0,0,0,0,0,0,0,0,1,2,0,1,2,2,0,0,0,5,3,1,0,1,0,0,0,0,0,0,0,0,0,5,0,0.63,,,,0.63,,,,,,,,,,,,,,,,,,,,,,,,,,,,,,1,3.0,0.158,2.4,16.0,1.693
819,Medium,RPath,1070,6.0,3.0,2.0,52.0,79.0,105.0,0.0759493670886076,Asphalt,36.7,3.0,3,36.612,0.102,0.306,0.1634877384196185,0.102,59,3,9.0,sidewalks,HMAC,1,2,0,1,0,0,1,0,0,0,0,0,1,2,0,1,0,0,0,0,0,0,0,0,0,0,0,2,0,0,0,0,0,0,1,2,2,0,0,0,0,0,0,0,0,0,0,0,0,0,1,2,2,5,5,4,0,1,0,0,0,0,0,0,0,0,0,0,0,0,0,0,0,1,2,0,1,2,2,0,0,0,5,3,1,0,1,0,0,0,0,0,0,0,0,0,5,0,0.286,,,,0.245,0.041,,,,,,,,,,,,,,,,,,,,,,,,,,,,,1,3.0,0.102,36.7,16.0,36.612
820,Medium,RPath,1102,6.0,3.0,2.0,2229.0,3344.0,4459.0,0.0017942583732057417,Asphalt,317.8,3.0,3,317.622,0.166,0.498,0.0188797986154814,0.166,64,4,9.0,sidewalks,CON,1,2,2,1,0,0,0,0,0,0,0,0,0,0,0,1,2,2,0,0,0,0,0,0,0,5,0,2,0,0,0,0,0,0,1,2,2,0,0,0,0,0,0,0,1,2,2,0,1,1,1,2,2,5,5,0,0,0,0,0,0,0,0,0,1,2,2,0,0,0,0,0,0,1,2,0,0,0,0,0,0,0,0,3,1,1,1,0,0,0,0,0,0,0,0,0,5,0,0.227,0.052,,,0.071,0.057,,,,,,,,,,0.014,0.014,,0.019,,,,,,,,,,,,,,,,2,3.0,0.166,317.8,26.0,317.622
821,Medium,RPath,1108,6.0,3.0,2.0,477.0,716.0,955.0,0.008379888268156424,Asphalt,82.8,3.0,3,81.34,0.199,0.597,0.072463768115942,0.199,60,3,9.0,sidewalks,CON,1,2,2,1,0,0,0,0,0,0,0,0,0,0,0,1,2,2,0,0,0,0,0,0,0,5,0,2,0,0,0,0,0,0,1,2,2,0,0,0,0,0,0,0,1,2,2,0,1,1,1,2,2,5,5,0,0,1,0,0,0,0,0,0,1,2,2,0,0,0,0,0,0,1,0,0,0,0,0,0,0,0,0,0,1,1,1,0,0,0,0,0,0,0,0,0,5,0,0.254,,,0.036,0.072,0.091,,,,,,,,,,,0.054,,,,,,,,,,,,,,,,,,2,3.0,0.199,82.8,26.0,81.34
822,Medium,RPath,1132,6.0,3.0,2.0,656.0,984.0,1312.0,0.006097560975609756,Asphalt,215.5,3.0,3,206.993,0.125,0.375,0.0278422273781902,0.125,59,3,9.0,sidewalks,CON,1,2,0,1,0,0,0,0,0,1,2,2,0,0,0,0,0,0,0,0,0,0,0,0,0,5,0,2,0,0,0,0,0,0,1,2,2,0,0,0,1,2,2,0,1,2,0,0,1,0,1,2,2,5,0,0,3,0,0,0,0,0,0,0,0,0,0,0,0,0,0,0,0,0,0,0,0,0,0,0,0,0,5,3,1,1,1,0,0,0,0,0,0,0,0,0,5,0,0.125,0.007,,0.014,,0.084,,,,,,,,,,,0.021,,,,,,,,,,,,,,,,,,0,3.0,0.125,215.5,6.0,206.993
823,Medium,RPath,1173,6.0,3.0,2.0,5400.0,8100.0,10801.0,0.0007407407407407407,Asphalt,305.1,3.0,3,149.607,0.177,0.5309999999999999,0.0196656833824975,0.177,65,4,9.0,sidewalks,HMAC,1,2,2,1,2,2,1,2,2,1,0,0,1,2,2,0,0,0,0,0,0,1,2,0,0,0,0,2,0,0,0,0,0,0,1,0,0,0,0,0,0,0,0,5,1,0,0,0,1,0,1,2,0,5,0,0,0,1,0,0,0,0,0,0,1,2,2,1,0,0,1,0,0,1,0,0,1,2,2,0,0,0,0,3,1,0,0,0,0,0,0,0,0,0,0,0,5,0,0.177,0.177,,,,,,,,,,,,,,,,,,,,,,,,,,,,,,,,,0,3.0,0.177,305.1,6.0,149.607
824,Medium,RPath,1188,6.0,3.0,2.0,67.0,101.0,135.0,0.0594059405940594,Asphalt,90.6,3.0,3,85.567,0.137,0.411,0.0662251655629139,0.137,63,3,9.0,sidewalks,CON,1,2,2,0,0,0,0,0,0,0,0,0,1,2,0,0,0,0,0,0,0,0,0,0,0,5,0,0,0,0,0,1,2,2,1,2,0,1,2,2,1,2,2,0,1,2,0,0,0,0,1,2,2,5,5,4,0,1,0,0,0,0,0,0,0,0,0,0,0,0,0,0,0,0,0,0,0,0,0,0,0,0,0,0,1,1,1,1,0,0,0,0,0,0,0,0,5,0,0.149,,,,0.017,0.132,,,,,,,,,,,,,,,,,,,,,,,,,,,,,1,3.0,0.137,90.6,16.0,85.567
825,Medium,RPath,1220,6.0,3.0,2.0,98.0,147.0,196.0,0.04081632653061224,Asphalt,35.5,3.0,3,33.64,0.116,0.348,0.1690140845070422,0.116,58,3,9.0,sidewalks,CON,1,2,2,1,2,2,0,0,0,0,0,0,1,2,2,0,0,0,0,0,0,0,0,0,0,0,0,2,0,0,0,0,0,0,1,2,2,0,0,0,0,0,0,0,0,0,0,0,1,0,1,2,2,5,0,0,3,0,0,0,0,0,0,0,0,0,0,0,0,0,0,0,0,1,2,2,1,0,0,0,0,0,5,3,1,1,1,0,0,0,0,0,0,0,0,0,5,0,0.211,,,,0.127,,,,,,,,,,,,,,0.085,,,,,,,,,,,,,,,,0,3.0,0.116,35.5,6.0,33.64
826,Medium,RPath,1222,6.0,3.0,2.0,37.0,56.0,75.0,0.10714285714285714,Asphalt,46.5,3.0,3,44.535,0.113,0.339,0.1290322580645161,0.113,52,3,9.0,sidewalks,CON,1,2,0,1,2,0,0,0,0,1,0,0,1,2,2,0,0,0,0,0,0,0,0,0,0,0,0,2,0,0,0,0,0,0,1,2,2,0,0,0,1,0,0,0,0,0,0,0,1,0,1,2,0,5,0,0,3,1,0,0,0,0,0,0,0,0,0,0,0,0,0,0,0,1,2,0,0,0,0,0,0,0,5,3,1,1,1,0,0,0,0,0,0,0,0,0,5,0,0.161,,,,0.064,0.097,,,,,,,,,,,,,,,,,,,,,,,,,,,,,0,3.0,0.113,46.5,6.0,44.535
827,Medium,RPath,1224,6.0,3.0,2.0,134.0,201.0,269.0,0.029850746268656716,Asphalt,164.8,3.0,3,163.621,0.1,0.3,0.0364077669902912,0.1,64,4,9.0,sidewalks,CON,1,2,2,1,2,2,0,0,0,1,0,0,1,2,2,0,0,0,0,0,0,0,0,0,0,5,0,2,0,0,0,0,0,0,1,2,2,0,0,0,1,0,0,0,0,0,0,0,1,1,1,2,2,5,0,0,3,1,0,0,0,0,0,0,0,0,0,0,0,0,0,0,0,1,2,0,0,0,0,0,0,0,5,3,1,1,1,0,0,0,0,0,0,0,0,0,5,0,0.127,,,,0.036,0.082,,,,,,,,,,,0.009,,,,,,,,,,,,,,,,,,0,3.0,0.1,164.8,6.0,163.621
828,Medium,RPath,1268,6.0,3.0,2.0,388.0,583.0,777.0,0.010291595197255575,Asphalt,48.2,3.0,3,48.731,0.14,0.42,0.1244813278008298,0.14,62,3,9.0,sidewalks,CON,1,2,2,0,0,0,0,0,0,0,0,0,0,0,0,1,2,2,0,0,0,0,0,0,5,0,0,0,0,0,0,0,0,0,1,2,2,0,0,0,1,2,0,0,1,2,2,0,1,1,1,2,2,5,5,0,3,0,0,0,0,0,0,0,1,2,0,0,0,0,0,0,0,0,0,0,1,2,0,0,0,0,0,0,1,1,1,0,0,0,0,0,0,0,0,0,5,0,0.187,,0.062,,0.062,,,,,,,,,,,,0.062,,,,,,,,,,,,,,,,,,0,3.0,0.14,48.2,6.0,48.731
829,Medium,RPath,1269,6.0,3.0,2.0,97.0,146.0,194.0,0.0410958904109589,Asphalt,67.4,3.0,3,67.178,0.2,0.6000000000000001,0.0890207715133531,0.2,60,3,9.0,sidewalks,CON,1,2,2,0,0,0,0,0,0,1,0,0,0,0,0,1,2,0,0,0,0,0,0,0,5,0,0,0,0,0,0,0,0,0,1,2,2,0,0,0,1,2,0,0,1,2,2,0,1,0,1,2,2,5,5,0,3,0,0,0,0,0,0,0,1,2,0,0,0,0,0,0,0,0,0,0,1,2,0,0,0,0,0,0,1,1,1,0,0,0,0,0,0,0,0,0,5,0,0.2,,,,,0.178,,,,,,,,,,,0.022,,,,,,,,,,,,,,,,,,0,3.0,0.2,67.4,6.0,67.178
830,Medium,RPath,1274,6.0,3.0,2.0,1116.0,1674.0,2232.0,0.0035842293906810036,Asphalt,172.5,3.0,3,168.658,0.246,0.738,0.0347826086956521,0.246,60,3,9.0,sidewalks,CON,1,2,0,0,0,0,0,0,0,1,2,0,0,0,0,1,2,0,0,0,0,0,0,0,5,0,0,2,0,0,0,0,0,0,1,2,2,0,0,0,1,2,2,0,1,2,0,0,1,0,1,2,2,5,0,0,3,1,0,0,0,0,0,0,1,2,2,0,0,0,0,0,0,0,0,0,1,2,0,0,0,0,0,0,1,1,1,0,0,0,0,0,0,0,0,0,5,0,0.27,,,0.043,0.026,0.148,,,,,,,,,,0.009,0.043,,,,,,,,,,,,,,,,,,0,3.0,0.246,172.5,6.0,168.658
831,Medium,RPath,1284,6.0,3.0,2.0,45.0,68.0,90.0,0.08823529411764706,Asphalt,63.1,3.0,3,63.082,0.143,0.4289999999999999,0.0950871632329635,0.143,64,4,9.0,sidewalks,CON,1,2,2,0,0,0,0,0,0,0,0,0,1,0,0,1,2,0,0,0,0,0,0,0,5,5,0,0,0,0,0,0,0,0,1,2,2,0,0,0,1,2,2,0,1,2,2,0,1,1,1,2,2,5,5,0,0,0,0,0,0,0,0,0,1,2,0,0,0,0,0,0,0,1,0,0,1,0,0,0,0,0,0,0,1,1,1,0,0,0,0,0,0,0,0,0,5,0,0.143,,,,,0.143,,,,,,,,,,,,,,,,,,,,,,,,,,,,,0,3.0,0.143,63.1,6.0,63.082
832,Medium,RPath,1292,6.0,3.0,2.0,1053.0,1579.0,2105.0,0.0037998733375554147,Asphalt,190.5,3.0,3,186.858,0.189,0.567,0.0314960629921259,0.189,54,3,9.0,sidewalks,CON,1,2,2,1,2,0,1,2,0,0,0,0,1,2,0,0,0,0,0,0,0,0,0,0,0,0,0,2,0,0,0,0,0,0,1,0,0,0,0,0,0,0,0,0,0,0,0,0,1,1,1,2,2,5,0,0,3,1,0,0,0,0,0,0,0,0,0,0,0,0,0,0,0,1,2,2,1,2,2,0,0,0,0,3,1,1,1,0,0,0,0,0,0,0,0,0,5,0,0.213,0.047,,,0.031,0.134,,,,,,,,,,,,,,,,,,,,,,,,,,,,,0,3.0,0.189,190.5,6.0,186.858
833,Medium,RPath,1293,6.0,3.0,2.0,127.0,191.0,255.0,0.031413612565445025,Asphalt,40.5,3.0,3,37.409,0.185,0.5549999999999999,0.1481481481481481,0.185,57,3,9.0,sidewalks,CON,1,2,2,1,2,0,1,0,0,0,0,0,1,2,2,0,0,0,0,0,0,0,0,0,0,5,0,2,0,0,0,0,0,0,1,2,0,0,0,0,0,0,0,0,0,0,0,0,1,1,1,2,2,5,0,0,3,1,0,0,0,0,0,0,0,0,0,0,0,0,0,0,0,1,2,0,1,2,0,0,0,0,0,3,1,1,1,0,0,0,0,0,0,0,0,0,5,0,0.185,,,,,0.074,,,,,,,,,,,,,0.111,,,,,,,,,,,,,,,,0,3.0,0.185,40.5,6.0,37.409
834,Medium,RPath,1310,6.0,3.0,2.0,135.0,202.0,269.0,0.0297029702970297,Asphalt,72.4,3.0,3,72.858,0.233,0.6990000000000001,0.0828729281767955,0.233,54,3,9.0,sidewalks,HMAC,1,2,0,1,2,0,1,2,0,0,0,0,1,2,0,1,0,0,0,0,0,0,0,0,0,0,0,2,0,0,0,0,0,0,1,2,2,0,0,0,0,0,0,0,0,0,0,0,1,1,1,2,2,5,0,4,3,1,0,0,0,0,0,0,0,0,0,0,0,0,0,0,0,1,2,0,1,2,0,0,0,0,0,3,0,0,0,0,0,0,0,0,0,0,0,0,5,0,0.373,,,,0.186,0.186,,,,,,,,,,,,,,,,,,,,,,,,,,,,,0,3.0,0.233,72.4,6.0,72.858
835,Medium,RPath,1312,6.0,3.0,2.0,537.0,805.0,1074.0,0.007453416149068323,Asphalt,255.7,3.0,3,255.045,0.16,0.48,0.0234649980445834,0.16,62,3,9.0,sidewalks,HMAC,1,2,2,1,2,2,1,2,2,0,0,0,1,2,2,0,0,0,0,0,0,0,0,0,0,5,0,2,0,0,0,0,0,0,1,2,2,0,0,0,0,0,0,0,1,0,0,0,1,0,1,2,2,0,0,4,3,0,0,0,0,0,0,0,0,0,0,0,0,0,0,0,0,1,2,2,1,2,0,0,0,0,0,3,0,0,0,0,0,0,0,0,0,0,0,0,5,0,0.305,0.006,,,0.194,0.106,,,,,,,,,,,,,,,,,,,,,,,,,,,,,0,3.0,0.16,255.7,6.0,255.045
836,Medium,RPath,1314,6.0,3.0,2.0,143.0,214.0,285.0,0.028037383177570093,Asphalt,70.8,3.0,3,73.169,0.101,0.303,0.0847457627118644,0.101,52,3,9.0,sidewalks,HMAC,1,2,0,1,2,0,1,2,0,0,0,0,1,2,0,0,0,0,0,0,0,0,0,0,0,0,0,2,0,0,0,0,0,0,1,2,2,0,0,0,0,0,0,0,0,0,0,0,1,0,1,2,2,5,0,4,3,1,0,0,0,0,0,0,0,0,0,0,0,0,0,0,0,1,2,0,1,2,0,0,0,0,0,3,0,0,0,0,0,0,0,0,0,0,0,0,5,0,0.403,,,,0.403,,,,,,,,,,,,,,,,,,,,,,,,,,,,,,0,3.0,0.101,70.8,6.0,73.169
837,Medium,RPath,1315,6.0,3.0,2.0,37.0,56.0,75.0,0.10714285714285714,Asphalt,5.3,3.0,3,5.632,0.141,0.4229999999999999,1.1320754716981132,0.141,52,3,9.0,sidewalks,CON,1,2,0,1,2,0,1,0,0,0,0,0,1,0,0,0,0,0,0,0,0,0,0,0,0,0,0,2,0,0,0,0,0,0,1,2,2,0,0,0,0,0,0,0,0,0,0,0,1,0,1,2,2,5,0,4,3,0,0,0,0,0,0,0,0,0,0,0,0,0,0,0,0,1,2,0,1,2,0,0,0,0,5,3,0,0,0,0,0,0,0,0,0,0,0,0,5,0,0.282,,,,,,,,,,,,,,,,,0.282,,,,,,,,,,,,,,,,,0,3.0,0.141,5.3,6.0,5.632
838,Medium,RPath,1332,6.0,3.0,2.0,392.0,588.0,785.0,0.01020408163265306,Asphalt,208.1,3.0,3,102.735,0.148,0.4439999999999999,0.0288322921672272,0.148,62,3,9.0,sidewalks,CON,1,2,2,1,2,2,0,0,0,0,0,0,1,0,0,1,2,0,0,0,0,0,0,0,5,0,0,0,0,0,0,0,0,0,1,2,2,0,0,0,0,0,0,0,1,2,2,0,0,0,1,2,2,5,5,0,3,0,0,0,0,0,0,0,0,0,0,0,0,0,1,0,0,1,0,0,1,0,0,0,0,0,5,0,1,0,0,1,0,0,0,0,0,0,0,0,5,0,0.288,,,,0.166,0.101,,,,,,,,0.022,,,,,,,,,,,,,,,,,,,,,1,3.0,0.148,208.1,16.0,102.735
839,Medium,RPath,1341,6.0,3.0,2.0,143.0,214.0,286.0,0.028037383177570093,Asphalt,77.9,3.0,3,76.544,0.116,0.348,0.0770218228498074,0.116,65,4,9.0,sidewalks,PB,1,0,0,1,0,0,0,0,0,0,0,0,1,2,0,1,2,0,0,0,0,0,0,0,5,0,0,0,0,0,0,1,2,2,1,2,2,0,0,0,0,0,0,0,1,2,0,0,0,0,1,0,0,0,5,4,0,1,0,0,0,1,2,0,1,2,0,1,0,0,1,0,0,1,2,0,1,0,0,0,0,0,5,3,1,1,1,0,0,0,0,0,0,0,0,0,5,0,0.135,,,,,0.077,,,,,,,,,,0.039,0.019,,,,,,,,,,,,,,,,,,1,3.0,0.116,77.9,16.0,76.544
840,Medium,RPath,1347,6.0,3.0,2.0,2884.0,4326.0,5768.0,0.0013869625520110957,Asphalt,229.9,3.0,3,116.439,0.147,0.4409999999999999,0.0260983036102653,0.147,55,3,9.0,sidewalks,CON,1,2,2,1,2,0,1,0,0,1,0,0,1,2,0,0,0,0,0,0,0,0,0,0,0,0,0,2,1,0,0,0,0,0,1,2,2,0,0,0,0,0,0,5,1,0,0,0,0,0,1,2,2,0,0,0,0,1,0,0,0,0,0,0,1,2,0,0,0,0,1,0,0,1,2,0,1,2,2,0,0,0,0,3,1,0,1,0,0,0,0,0,0,0,0,0,5,0,0.183,0.117,,,0.039,,,,,,,,,,,,0.013,0.013,,,,,,,,,,,,,,,,,0,3.0,0.147,229.9,6.0,116.439
841,Medium,RPath,1348,6.0,3.0,2.0,987.0,1481.0,1974.0,0.004051316677920324,Asphalt,443.7,3.0,3,222.468,0.137,0.411,0.0135226504394861,0.137,61,3,9.0,sidewalks,HMAC,1,2,2,1,2,0,1,0,0,1,2,0,1,2,0,0,0,0,0,0,0,1,2,0,0,0,0,2,0,0,0,0,0,0,1,2,2,0,0,0,0,0,0,5,0,0,0,0,0,0,1,2,2,0,0,0,0,1,0,0,0,0,0,0,1,2,2,1,0,0,1,2,0,1,0,0,1,2,2,0,0,0,0,3,1,0,1,0,0,0,0,0,0,0,0,0,5,0,0.139,0.007,,0.007,,0.115,,,,,,,,,,,,0.003,0.007,,,,,,,,,,,,,,,,0,3.0,0.137,443.7,6.0,222.468
842,Medium,RPath,84,6.0,3.0,2.0,511.0,766.0,1022.0,0.007832898172323759,Asphalt,88.6,3.0,3,11.215,0.224,0.672,0.0677200902934537,0.224,56,3,9.0,sidewalks,CON,1,0,0,1,0,0,0,0,0,0,0,0,1,2,2,1,2,2,0,0,0,0,0,0,0,5,0,2,0,0,0,0,0,0,1,2,2,0,0,0,0,0,0,0,0,0,0,0,1,1,1,2,2,5,0,4,0,0,0,0,0,0,0,0,0,0,0,0,0,0,0,0,0,1,0,0,1,2,0,0,0,0,0,0,1,1,0,0,0,0,0,0,0,1,2,2,5,0,0.813,,,,0.728,,,,,,,,,,,,,0.085,,,,,,,,,,,,,,,,,0,3.0,0.224,88.6,6.0,11.215
843,Medium,RPath,891,6.0,3.0,2.0,253.0,380.0,506.0,0.015789473684210527,Asphalt,235.4,3.0,3,51.17,0.191,0.573,0.0254885301614273,0.191,64,4,9.0,sidewalks,HMAC,1,2,2,1,2,2,0,0,0,0,0,0,1,2,2,0,0,0,0,0,0,0,0,0,0,5,0,0,0,0,0,0,0,0,1,0,0,0,0,0,0,0,0,0,0,0,0,0,1,1,1,2,2,5,5,0,3,0,0,0,0,0,0,0,0,0,0,0,0,0,0,0,0,1,0,0,1,2,2,0,0,0,0,3,1,1,1,0,0,0,1,2,0,1,2,0,5,0,0.191,,,,,0.185,,,,,,,,,,,0.006,,,,,,,,,,,,,,,,,,0,3.0,0.191,235.4,6.0,51.17
844,Medium,RPath,845,6.0,3.0,2.0,747.0,1121.0,1494.0,0.0053523639607493305,Asphalt,317.2,3.0,3,80.642,0.174,0.522,0.0189155107187894,0.174,49,3,9.0,sidewalks,HMAC,1,2,0,0,0,0,0,0,0,0,0,0,1,2,2,0,0,0,0,0,0,0,0,0,0,0,3,0,1,2,2,0,0,0,0,0,0,0,0,0,0,0,0,0,1,0,0,0,0,0,1,2,2,0,5,0,0,0,1,2,0,1,0,0,1,0,0,0,0,0,0,0,0,0,0,0,1,2,0,1,0,0,0,0,1,1,1,1,2,2,0,0,0,0,0,0,5,0,0.298,,,,0.128,0.128,,,,,,,0.005,0.038,,,,,,,,,,,,,,,,,,,,,0,3.0,0.174,317.2,6.0,80.642
845,Medium,RPath,1366,6.0,3.0,2.0,134.0,202.0,269.0,0.0297029702970297,Asphalt,86.4,3.0,3,86.362,0.204,0.612,0.0694444444444444,0.204,58,3,9.0,walkways,HMAC,1,2,2,1,0,0,1,0,0,0,0,0,1,2,2,0,0,0,0,0,0,0,0,0,0,5,0,2,0,0,0,1,2,0,1,2,0,0,0,0,0,0,0,0,0,0,0,0,0,0,1,2,2,0,0,0,0,1,0,0,0,0,0,0,1,2,0,1,2,0,1,0,0,1,2,2,1,2,2,0,0,0,0,3,1,0,1,0,0,0,0,0,0,0,0,0,5,0,0.243,,,,0.052,0.174,,,,,,,0.017,,,,,,,,,,,,,,,,,,,,,,0,3.0,0.204,86.4,6.0,86.362
846,Medium,RPath,1369,6.0,3.0,2.0,472.0,708.0,944.0,0.00847457627118644,Asphalt,154.3,3.0,3,154.315,0.153,0.4589999999999999,0.0388852883992222,0.153,66,4,9.0,walkways,HMAC,1,2,2,1,2,2,0,0,0,0,0,0,1,2,2,0,0,0,1,0,0,0,0,0,0,5,0,0,0,0,0,1,2,0,1,0,0,0,0,0,1,2,2,0,1,0,0,0,1,0,1,2,2,5,5,0,0,0,1,2,2,0,0,0,0,0,0,0,0,0,0,0,0,0,0,0,1,2,2,0,0,0,0,0,1,1,1,0,0,0,1,0,0,0,0,0,5,0,0.612,,,,0.612,,,,,,,,,,,,,,,,,,,,,,,,,,,,,,1,3.0,0.153,154.3,16.0,154.315
847,Medium,RPath,1452,6.0,3.0,2.0,67.0,101.0,135.0,0.0594059405940594,Asphalt,124.8,3.0,3,124.798,0.108,0.324,0.048076923076923,0.108,57,3,9.0,walkways,HMAC,1,2,2,1,2,0,1,2,0,0,0,0,1,2,2,1,2,2,0,0,0,0,0,0,0,5,0,2,0,0,0,0,0,0,1,2,0,0,0,0,0,0,0,0,1,2,0,0,1,0,1,2,0,0,0,0,0,1,0,0,0,0,0,0,1,0,0,0,0,0,0,0,0,1,2,0,1,0,0,0,0,0,5,3,0,0,0,0,0,0,0,0,0,0,0,0,5,0,0.108,,,,,0.108,,,,,,,,,,,,,,,,,,,,,,,,,,,,,0,3.0,0.108,124.8,6.0,124.798
848,Medium,RPath,1472,6.0,3.0,2.0,637.0,956.0,1275.0,0.006276150627615063,Asphalt,115.9,3.0,3,115.88,0.155,0.4649999999999999,0.0517687661777394,0.155,49,3,9.0,walkways,SS,1,2,2,1,2,0,1,2,0,0,0,0,1,2,2,0,0,0,0,0,0,0,0,0,0,5,0,2,0,0,0,0,0,0,0,0,0,0,0,0,0,0,0,0,0,0,0,0,1,1,1,2,2,0,0,0,3,1,0,0,0,0,0,0,0,0,0,0,0,0,0,0,0,1,2,0,1,2,0,0,0,0,0,3,0,0,0,1,0,0,0,0,0,0,0,0,5,0,0.22,,,,,,,,,,,,,,,,,,,,,,,,,,0.129,,0.091,,,,,,0,3.0,0.155,115.9,6.0,115.88
849,Medium,RPath,1487,6.0,3.0,2.0,97.0,146.0,195.0,0.0410958904109589,Asphalt,40.2,3.0,3,40.214,0.121,0.363,0.1492537313432835,0.121,61,3,9.0,walkways,HMAC,1,2,2,1,2,2,1,2,2,0,0,0,1,2,0,1,2,0,0,0,0,0,0,0,0,5,0,2,0,0,0,0,0,0,1,2,0,0,0,0,0,0,0,0,1,2,0,0,0,0,1,2,2,0,0,0,3,0,0,0,0,0,0,0,0,0,0,0,0,0,1,0,0,1,2,2,1,2,2,0,0,0,0,3,0,0,0,0,0,0,0,0,0,0,0,0,5,0,0.485,,,,0.485,,,,,,,,,,,,,,,,,,,,,,,,,,,,,,0,3.0,0.121,40.2,6.0,40.214
850,Medium,RPath,1507,6.0,3.0,2.0,98.0,146.0,195.0,0.0410958904109589,Asphalt,39.9,3.0,3,39.853,0.122,0.366,0.150375939849624,0.122,60,3,9.0,walkways,HMAC,1,2,2,1,2,2,1,2,2,0,0,0,1,2,0,1,2,0,0,0,0,0,0,0,0,5,0,2,0,0,0,0,0,0,1,2,2,0,0,0,0,0,0,0,1,2,0,0,0,0,1,2,2,0,0,0,0,1,0,0,0,0,0,0,0,0,0,0,0,0,0,0,0,1,2,2,1,2,2,0,0,0,0,3,0,0,0,0,0,0,0,0,0,0,0,0,5,0,0.489,,,,0.489,,,,,,,,,,,,,,,,,,,,,,,,,,,,,,0,3.0,0.122,39.9,6.0,39.853
851,Medium,RPath,1517,6.0,3.0,2.0,603.0,905.0,1206.0,0.0066298342541436465,Asphalt,117.1,3.0,3,117.142,0.166,0.498,0.0512382578992314,0.166,49,3,9.0,walkways,SS,1,2,2,1,2,2,1,2,2,0,0,0,1,0,0,0,0,0,0,0,0,0,0,0,0,5,0,2,0,0,0,0,0,0,0,0,0,0,0,0,0,0,0,0,0,0,0,0,0,0,1,2,2,0,0,0,3,1,0,0,0,0,0,0,0,0,0,0,0,0,0,0,0,1,2,0,1,2,0,0,0,0,0,3,1,1,1,0,0,0,0,0,0,0,0,0,5,0,0.166,,,,,,,,,,,,,,,,,,,0.026,,,,,,0.013,,,0.128,,,,,,0,3.0,0.166,117.1,6.0,117.142
852,Medium,RPath,5,6.0,2.0,3.0,53.0,79.0,106.0,0.0759493670886076,Asphalt,229.6,2.0,2,229.372,0.011,0.022,0.0261324041811846,0.011,42,2,4.0,sidewalks,CON,1,2,0,0,0,0,0,0,0,1,2,0,1,2,0,0,0,0,0,0,0,0,0,0,0,0,3,0,1,2,0,0,0,0,1,2,0,0,0,0,0,0,0,0,1,0,0,0,0,0,1,2,0,0,5,0,0,1,0,0,0,1,0,0,1,0,0,0,0,0,0,0,0,1,0,0,1,2,0,0,0,0,0,0,1,1,1,0,0,0,0,0,0,0,0,0,5,0,0.046,,,,0.046,,,,,,,,,,,,,,,,,,,,,,,,,,,,,,0,2.0,0.011,229.6,6.0,229.372
853,Medium,RPath,43,6.0,2.0,3.0,60.0,90.0,120.0,0.06666666666666667,Asphalt,92.2,2.0,2,91.522,0.069,0.138,0.0650759219088937,0.069,45,2,4.0,sidewalks,HMAC,1,0,0,0,0,0,1,0,0,1,0,0,1,2,2,0,0,0,0,0,0,0,0,0,5,0,0,2,0,0,0,0,0,0,1,2,2,0,0,0,0,0,0,0,1,0,0,0,0,0,1,2,2,0,5,0,0,1,0,0,0,0,0,0,0,0,0,0,0,0,0,0,0,0,0,0,0,0,0,0,0,0,0,0,1,1,1,1,2,2,0,0,0,0,0,0,5,0,0.13,,,,0.081,0.049,,,,,,,,,,,,,,,,,,,,,,,,,,,,,0,2.0,0.069,92.2,6.0,91.522
854,Medium,RPath,66,6.0,2.0,3.0,68.0,103.0,137.0,0.05825242718446602,Asphalt,153.6,2.0,2,92.444,0.012,0.024,0.0390625,0.012,46,3,4.0,sidewalks,HMAC,1,2,0,1,0,0,0,0,0,0,0,0,1,2,0,0,0,0,0,0,0,1,0,0,0,0,0,2,0,0,0,1,0,0,1,2,2,0,0,0,0,0,0,0,1,0,0,0,1,1,1,2,0,0,0,0,0,1,0,0,0,0,0,0,0,0,0,0,0,0,1,0,0,1,2,2,1,0,0,0,0,0,5,3,0,0,0,0,0,0,0,0,0,1,2,0,5,0,0.049,,,,0.039,,,0.01,,,,,,,,,,,,,,,,,,,,,,,,,,,0,2.0,0.012,153.6,6.0,92.444
855,Medium,RPath,81,6.0,2.0,3.0,105.0,158.0,210.0,0.0379746835443038,Asphalt,73.5,2.0,2,76.119,0.071,0.142,0.0816326530612244,0.071,44,2,4.0,sidewalks,HMAC,1,2,0,1,0,0,1,0,0,0,0,0,1,0,0,1,2,0,0,0,0,0,0,0,0,0,0,2,0,0,0,0,0,0,1,2,2,0,0,0,0,0,0,0,1,0,0,0,1,1,1,2,2,5,0,4,0,1,0,0,0,0,0,0,0,0,0,0,0,0,0,0,0,1,0,0,1,0,0,0,0,0,0,3,0,0,0,0,0,0,0,0,0,0,0,0,5,0,0.286,,,,0.286,,,,,,,,,,,,,,,,,,,,,,,,,,,,,,0,2.0,0.071,73.5,6.0,76.119
856,Medium,RPath,83,6.0,2.0,3.0,105.0,157.0,210.0,0.03821656050955414,Asphalt,130.4,2.0,2,86.289,0.04,0.08,0.0460122699386503,0.04,48,3,4.0,sidewalks,CON,1,0,0,1,0,0,0,0,0,0,0,0,1,2,2,1,2,2,0,0,0,0,0,0,0,0,0,2,0,0,0,0,0,0,1,2,2,0,0,0,0,0,0,0,0,0,0,0,1,1,1,2,2,0,5,0,0,1,0,0,0,0,0,0,0,0,0,0,0,0,0,0,0,0,0,0,1,2,0,0,0,0,0,0,1,1,1,0,0,0,0,0,0,1,2,2,5,0,0.161,,,,0.161,,,,,,,,,,,,,,,,,,,,,,,,,,,,,,0,2.0,0.04,130.4,6.0,86.289
857,Medium,RPath,112,6.0,2.0,3.0,143.0,214.0,285.0,0.028037383177570093,Asphalt,99.0,2.0,2,98.962,0.095,0.19,0.0606060606060606,0.095,35,2,4.0,sidewalks,HMAC,1,2,0,0,0,0,0,0,0,0,0,0,1,2,0,1,2,0,0,0,0,0,0,0,0,0,3,0,1,0,0,0,0,0,1,0,0,0,0,0,0,0,0,0,1,0,0,0,0,0,1,0,0,0,0,0,0,1,0,0,0,0,0,0,1,2,0,0,0,0,0,0,0,1,0,0,1,0,0,0,0,0,0,0,1,1,1,1,2,2,0,0,0,0,0,0,5,0,0.288,,,,0.258,0.03,,,,,,,,,,,,,,,,,,,,,,,,,,,,,0,2.0,0.095,99.0,6.0,98.962
858,Medium,RPath,114,6.0,2.0,3.0,84.0,127.0,169.0,0.047244094488188976,Asphalt,90.2,2.0,2,90.21,0.037,0.074,0.0665188470066518,0.037,44,2,4.0,sidewalks,CON,1,2,2,1,0,0,0,0,0,0,0,0,1,0,0,1,0,0,0,0,0,0,0,0,0,5,0,2,0,0,0,0,0,0,0,0,0,0,0,0,0,0,0,5,0,0,0,0,0,0,1,2,2,0,0,0,0,1,0,0,0,0,0,0,0,0,0,0,0,0,0,0,0,1,0,0,1,0,0,0,0,0,0,3,1,1,1,1,2,2,0,0,0,0,0,0,5,0,0.05,,,,0.017,,,,,,0.017,,,,,,0.017,,,,,,,,,,,,,,,,,,0,2.0,0.037,90.2,6.0,90.21
859,Medium,RPath,143,6.0,2.0,3.0,206.0,308.0,411.0,0.01948051948051948,Asphalt,91.0,2.0,2,87.639,0.099,0.198,0.0659340659340659,0.099,38,2,4.0,sidewalks,CON,1,2,2,0,0,0,0,0,0,0,0,0,1,0,0,0,0,0,0,0,0,0,0,0,0,0,0,2,0,0,0,0,0,0,0,0,0,0,0,0,0,0,0,0,0,0,0,0,0,0,1,2,2,0,0,0,3,1,0,0,0,0,0,0,0,0,0,0,0,0,0,0,0,1,2,2,1,2,0,0,0,0,5,0,1,1,1,0,0,0,0,0,0,0,0,0,5,0,0.148,,,0.016,0.066,0.066,,,,,,,,,,,,,,,,,,,,,,,,,,,,,0,2.0,0.099,91.0,6.0,87.639
860,Medium,RPath,144,6.0,2.0,3.0,30.0,45.0,60.0,0.13333333333333333,Asphalt,94.0,2.0,2,89.582,0.064,0.128,0.0638297872340425,0.064,43,2,4.0,sidewalks,CON,1,2,2,1,0,0,1,0,0,0,0,0,1,0,0,0,0,0,0,0,0,0,0,0,0,0,0,2,0,0,0,0,0,0,1,0,0,0,0,0,0,0,0,0,0,0,0,0,1,0,1,2,2,0,0,0,3,1,0,0,0,0,0,0,0,0,0,0,0,0,0,0,0,1,2,0,1,2,0,0,0,0,5,3,1,1,1,0,0,0,0,0,0,0,0,0,5,0,0.064,,,,,0.064,,,,,,,,,,,,,,,,,,,,,,,,,,,,,0,2.0,0.064,94.0,6.0,89.582
861,Medium,RPath,145,6.0,2.0,3.0,256.0,384.0,512.0,0.015625,Asphalt,94.2,2.0,2,94.188,0.096,0.192,0.0636942675159235,0.096,46,3,4.0,sidewalks,HMAC,1,2,0,1,0,0,1,0,0,0,0,0,1,2,0,1,2,0,0,0,0,0,0,0,0,0,0,2,0,0,0,1,2,0,1,2,0,0,0,0,0,0,0,0,1,2,0,0,0,0,1,2,2,0,0,0,3,1,0,0,0,0,0,0,0,0,0,0,0,0,0,0,0,0,0,0,1,0,0,0,0,0,5,3,1,0,0,0,0,0,0,0,0,0,0,0,5,0,0.239,0.016,,,0.191,0.032,,,,,,,,,,,,,,,,,,,,,,,,,,,,,0,2.0,0.096,94.2,6.0,94.188
862,Medium,RPath,171,6.0,2.0,3.0,90.0,135.0,180.0,0.044444444444444446,Asphalt,52.2,2.0,2,50.738,0.086,0.172,0.1149425287356321,0.086,40,2,4.0,sidewalks,HMAC,1,2,2,0,0,0,0,0,0,0,0,0,1,2,2,0,0,0,0,0,0,0,0,0,0,0,3,0,1,0,0,0,0,0,0,0,0,0,0,0,0,0,0,0,0,0,0,0,0,0,1,2,2,0,5,0,0,1,0,0,0,0,0,0,1,0,0,0,0,0,0,0,0,0,0,0,1,0,0,0,0,0,0,0,1,1,1,1,2,2,0,0,0,0,0,0,5,0,0.345,,,,0.345,,,,,,,,,,,,,,,,,,,,,,,,,,,,,,0,2.0,0.086,52.2,6.0,50.738
863,Medium,RPath,181,6.0,2.0,3.0,81.0,122.0,163.0,0.04918032786885246,Asphalt,69.9,2.0,2,72.339,0.054,0.108,0.0858369098712446,0.054,48,3,4.0,sidewalks,HMAC,1,2,0,1,0,0,1,0,0,1,0,0,1,2,0,0,0,0,0,0,0,0,0,0,0,0,0,2,0,0,0,0,0,0,1,0,0,0,0,0,0,0,0,0,0,0,0,0,0,0,1,2,2,5,0,4,0,1,0,0,0,0,0,0,0,0,0,0,0,0,0,0,0,1,0,0,1,2,2,0,0,0,5,3,0,1,1,0,0,0,0,0,0,0,0,0,5,0,0.15,,,,0.107,0.021,,,,,,,,0.021,,,,,,,,,,,,,,,,,,,,,0,2.0,0.054,69.9,6.0,72.339
864,Medium,RPath,182,6.0,2.0,3.0,98.0,147.0,196.0,0.04081632653061224,Asphalt,75.9,2.0,2,75.873,0.044,0.088,0.0790513833992094,0.044,40,2,4.0,sidewalks,HMAC,1,2,0,1,0,0,1,0,0,1,0,0,1,2,0,0,0,0,0,0,0,0,0,0,0,0,0,2,0,0,0,0,0,0,0,0,0,0,0,0,0,0,0,0,0,0,0,0,0,0,1,2,2,5,0,4,0,1,0,0,0,0,0,0,0,0,0,0,0,0,0,0,0,1,0,0,1,2,2,0,0,0,0,3,0,0,0,0,0,0,0,0,0,0,0,0,5,0,0.178,,,,0.158,,,,,,,,,0.02,,,,,,,,,,,,,,,,,,,,,0,2.0,0.044,75.9,6.0,75.873
865,Medium,RPath,183,6.0,2.0,3.0,277.0,415.0,554.0,0.014457831325301205,Asphalt,291.5,2.0,2,291.466,0.059,0.118,0.0205831903945111,0.059,45,2,4.0,sidewalks,HMAC,1,2,2,1,0,0,1,0,0,1,2,2,1,2,2,0,0,0,0,0,0,0,0,0,0,5,0,2,0,0,0,0,0,0,1,0,0,0,0,0,0,0,0,0,0,0,0,0,0,0,1,2,2,0,0,0,0,1,0,0,0,0,0,0,0,0,0,0,0,0,0,0,0,1,0,0,1,2,2,0,0,0,0,3,0,0,0,0,0,0,0,0,0,0,0,0,5,0,0.19,,,,0.175,0.015,,,,,,,,,,,,,,,,,,,,,,,,,,,,,0,2.0,0.059,291.5,6.0,291.466
866,Medium,RPath,233,6.0,2.0,3.0,90.0,135.0,180.0,0.044444444444444446,Asphalt,68.1,2.0,2,75.719,0.066,0.132,0.0881057268722467,0.066,45,2,4.0,sidewalks,HMAC,1,2,2,1,2,2,1,2,2,0,0,0,0,0,0,0,0,0,0,0,0,0,0,0,0,0,0,2,0,0,0,0,0,0,1,2,2,0,0,0,0,0,0,0,0,0,0,0,0,0,1,2,2,0,0,4,0,1,0,0,0,0,0,0,0,0,0,0,0,0,0,0,0,1,0,0,1,0,0,0,0,0,0,3,1,1,1,0,0,0,0,0,0,0,0,0,5,0,0.264,,,,0.264,,,,,,,,,,,,,,,,,,,,,,,,,,,,,,0,2.0,0.066,68.1,6.0,75.719
867,Medium,RPath,237,6.0,2.0,3.0,181.0,272.0,362.0,0.022058823529411766,Asphalt,82.7,2.0,2,82.69,0.054,0.108,0.0725513905683192,0.054,45,2,4.0,sidewalks,CON,1,2,0,1,2,0,1,2,0,0,0,0,1,2,0,1,2,0,0,0,0,0,0,0,0,0,0,2,0,0,0,0,0,0,1,0,0,0,0,0,0,0,0,5,0,0,0,0,0,0,1,0,0,0,0,0,0,1,0,0,0,0,0,0,0,0,0,0,0,0,0,0,0,1,0,0,1,2,2,0,0,0,5,3,1,0,0,0,0,0,0,0,0,0,0,0,5,0,0.145,,,,0.073,,,,,,,,,,,,,0.073,,,,,,,,,,,,,,,,,0,2.0,0.054,82.7,6.0,82.69
868,Medium,RPath,240,6.0,2.0,3.0,147.0,221.0,294.0,0.027149321266968326,Asphalt,81.8,2.0,2,81.782,0.018,0.036,0.0733496332518337,0.018,46,3,4.0,sidewalks,CON,1,2,0,1,2,0,1,2,0,0,0,0,1,2,0,1,2,0,0,0,0,0,0,0,0,0,0,2,0,0,0,1,0,0,1,0,0,0,0,0,0,0,0,5,0,0,0,0,0,0,1,0,0,0,0,0,0,1,0,0,0,0,0,0,0,0,0,0,0,0,0,0,0,1,0,0,1,2,2,0,0,0,5,3,1,0,0,0,0,0,0,0,0,0,0,0,5,0,0.018,,,0.018,,,,,,,,,,,,,,,,,,,,,,,,,,,,,,,0,2.0,0.018,81.8,6.0,81.782
869,Medium,RPath,244,6.0,2.0,3.0,149.0,223.0,298.0,0.026905829596412557,Asphalt,230.9,2.0,2,231.691,0.047,0.094,0.0259852750108272,0.047,45,2,4.0,sidewalks,HMAC,1,2,2,1,2,0,1,2,0,0,0,0,0,0,0,0,0,0,0,0,0,0,0,0,0,5,3,2,0,0,0,0,0,0,0,0,0,0,0,0,0,0,0,0,0,0,0,0,0,0,1,0,0,5,5,0,0,1,0,0,0,0,0,0,0,0,0,0,0,0,0,0,0,1,0,0,0,0,0,0,0,0,0,3,1,1,1,0,0,0,0,0,0,0,0,0,5,0,0.13,,,,0.11,0.019,,,,,,,,,,,,,,,,,,,,,,,,,,,,,0,2.0,0.047,230.9,6.0,231.691
870,Medium,RPath,248,6.0,2.0,3.0,89.0,134.0,179.0,0.04477611940298507,Asphalt,91.7,2.0,2,93.518,0.033,0.066,0.0654307524536532,0.033,43,2,4.0,sidewalks,HMAC,1,2,2,1,2,0,1,2,0,0,0,0,0,0,0,0,0,0,0,0,0,0,0,0,0,0,3,2,0,0,0,0,0,0,0,0,0,0,0,0,0,0,0,0,0,0,0,0,0,0,1,2,0,5,5,0,0,1,0,0,0,0,0,0,0,0,0,0,0,0,0,0,0,1,0,0,1,0,0,0,0,0,0,3,1,1,1,0,0,0,0,0,0,0,0,0,5,0,0.131,,,,0.115,,,,,0.016,,,,,,,,,,,,,,,,,,,,,,,,,0,2.0,0.033,91.7,6.0,93.518
871,Medium,RPath,278,6.0,2.0,3.0,173.0,260.0,346.0,0.023076923076923078,Asphalt,219.1,2.0,2,226.497,0.034,0.068,0.0273847558192606,0.034,41,2,4.0,sidewalks,CON,1,2,0,0,0,0,0,0,0,0,0,0,1,0,0,0,0,0,0,0,0,0,0,0,5,0,0,2,0,0,0,1,2,2,0,0,0,1,2,0,0,0,0,0,1,2,0,0,1,0,1,2,0,0,0,0,0,1,0,0,0,0,0,0,0,0,0,0,0,0,0,0,0,1,2,0,1,2,0,0,0,0,0,0,1,1,1,0,0,0,0,0,0,0,0,0,5,0,0.13,,,,0.123,,,,,,,,,,,0.007,,,,,,,,,,,,,,,,,,,0,2.0,0.034,219.1,6.0,226.497
872,Medium,RPath,281,6.0,2.0,3.0,67.0,101.0,135.0,0.0594059405940594,Asphalt,131.9,2.0,2,131.896,0.026,0.052,0.045489006823351,0.026,33,2,4.0,sidewalks,HMAC,1,2,0,1,0,0,1,0,0,0,0,0,1,2,2,1,0,0,0,0,0,0,0,0,0,0,0,2,0,0,0,0,0,0,1,2,2,0,0,0,0,0,0,0,0,0,0,0,0,0,1,0,0,0,0,0,0,1,0,0,0,0,0,0,0,0,0,0,0,0,0,0,0,1,0,0,1,2,0,0,0,0,0,3,0,1,0,0,0,0,0,0,0,0,0,0,5,0,0.102,,,,0.102,,,,,,,,,,,,,,,,,,,,,,,,,,,,,,0,2.0,0.026,131.9,6.0,131.896
873,Medium,RPath,323,6.0,2.0,3.0,188.0,281.0,375.0,0.021352313167259787,Asphalt,300.0,2.0,2,299.999,0.033,0.066,0.02,0.033,43,2,4.0,sidewalks,CON,1,2,2,0,0,0,0,0,0,0,0,0,1,2,2,0,0,0,1,2,2,0,0,0,0,5,0,0,0,0,0,0,0,0,0,0,0,0,0,0,0,0,0,0,0,0,0,0,0,0,1,2,2,5,5,0,0,0,0,0,0,0,0,0,0,0,0,0,0,0,0,0,0,0,0,0,0,0,0,0,0,0,0,0,1,1,1,0,0,0,0,0,0,0,0,0,5,0,0.065,,,,0.04,0.01,,,,,,,,,,0.005,,,0.01,,,,,,,,,,,,,,,,0,2.0,0.033,300.0,6.0,299.999
874,Medium,RPath,324,6.0,2.0,3.0,38.0,56.0,75.0,0.10714285714285714,Asphalt,300.0,2.0,2,298.299,0.018,0.036,0.02,0.018,31,2,4.0,sidewalks,CON,1,2,0,0,0,0,0,0,0,0,0,0,1,2,2,0,0,0,1,2,2,0,0,0,0,0,0,0,0,0,0,0,0,0,0,0,0,0,0,0,0,0,0,0,0,0,0,0,0,0,1,2,2,5,5,0,0,0,0,0,0,0,0,0,0,0,0,0,0,0,0,0,0,0,0,0,0,0,0,0,0,0,0,0,1,1,1,0,0,0,0,0,0,0,0,0,0,0,0.025,,,,0.01,0.015,,,,,,,,,,,,,,,,,,,,,,,,,,,,,0,2.0,0.018,300.0,6.0,298.299
875,Medium,RPath,326,6.0,2.0,3.0,45.0,68.0,90.0,0.08823529411764706,Asphalt,300.0,2.0,2,300.0,0.03,0.06,0.02,0.03,33,2,4.0,sidewalks,CON,1,2,0,0,0,0,0,0,0,0,0,0,1,2,2,0,0,0,1,2,2,0,0,0,0,0,0,0,0,0,0,0,0,0,1,0,0,0,0,0,0,0,0,0,0,0,0,0,0,0,1,2,2,5,5,0,0,0,0,0,0,0,0,0,0,0,0,0,0,0,0,0,0,1,0,0,0,0,0,0,0,0,0,0,1,1,1,0,0,0,0,0,0,0,0,0,0,0,0.03,,,,,0.03,,,,,,,,,,,,,,,,,,,,,,,,,,,,,0,2.0,0.03,300.0,6.0,300.0
876,Medium,RPath,516,6.0,2.0,3.0,127.0,190.0,254.0,0.031578947368421054,Asphalt,123.2,2.0,2,132.453,0.04,0.08,0.0487012987012987,0.04,43,2,4.0,sidewalks,HMAC,1,2,0,0,0,0,0,0,0,0,0,0,1,2,0,0,0,0,0,0,0,0,0,0,5,0,0,2,0,0,0,1,2,2,0,0,0,0,0,0,0,0,0,0,0,0,0,0,1,1,1,2,2,0,5,0,0,1,0,0,0,0,0,0,0,0,0,0,0,0,0,0,0,0,0,0,0,0,0,0,0,0,0,0,1,1,1,1,2,0,0,0,0,1,0,0,5,0,0.158,,,,0.146,,,,,0.012,,,,,,,,,,,,,,,,,,,,,,,,,0,2.0,0.04,123.2,6.0,132.453
877,Medium,RPath,580,6.0,2.0,3.0,491.0,737.0,982.0,0.008141112618724558,Asphalt,283.0,2.0,2,283.614,0.078,0.156,0.0212014134275618,0.078,46,3,4.0,sidewalks,HMAC,1,2,2,1,2,0,1,2,0,0,0,0,1,2,0,0,0,0,0,0,0,0,0,0,0,0,0,2,0,0,0,0,0,0,0,0,0,0,0,0,0,0,0,0,0,0,0,0,0,0,1,2,0,0,0,0,3,1,0,0,0,0,0,0,0,0,0,0,0,0,0,0,0,1,2,2,1,2,0,0,0,0,5,3,0,1,1,0,0,0,0,0,0,0,0,0,5,0,0.302,,,,0.292,,,,,,,,,,,,,0.011,,,,,,,,,,,,,,,,,0,2.0,0.078,283.0,6.0,283.614
878,Medium,RPath,581,6.0,2.0,3.0,115.0,172.0,229.0,0.03488372093023256,Asphalt,190.9,2.0,2,189.083,0.012,0.024,0.0314300680984808,0.012,40,2,4.0,sidewalks,CON,1,2,2,1,2,2,1,0,0,0,0,0,1,2,2,0,0,0,0,0,0,0,0,0,0,5,0,2,0,0,0,0,0,0,0,0,0,0,0,0,0,0,0,0,0,0,0,0,0,0,1,0,0,0,0,0,0,1,0,0,0,0,0,0,0,0,0,0,0,0,0,0,0,1,0,0,1,0,0,0,0,0,5,0,1,1,1,0,0,0,0,0,0,0,0,0,5,0,0.024,,,,,,,,,,,,,,,,,0.024,,,,,,,,,,,,,,,,,0,2.0,0.012,190.9,6.0,189.083
879,Medium,RPath,582,6.0,2.0,3.0,181.0,272.0,363.0,0.022058823529411766,Asphalt,107.9,2.0,2,101.056,0.028,0.056,0.0556070435588507,0.028,33,2,4.0,sidewalks,CON,1,2,2,1,2,0,1,0,0,0,0,0,1,2,0,0,0,0,0,0,0,0,0,0,0,0,0,2,0,0,0,0,0,0,0,0,0,0,0,0,0,0,0,0,0,0,0,0,0,0,1,0,0,0,0,0,0,1,0,0,0,0,0,0,0,0,0,0,0,0,0,0,0,1,2,0,1,0,0,0,0,0,5,0,1,1,1,0,0,0,0,0,0,0,0,0,5,0,0.111,,,,0.056,,,,,,,,,0.056,,,,,,,,,,,,,,,,,,,,,0,2.0,0.028,107.9,6.0,101.056
880,Medium,RPath,657,6.0,2.0,3.0,103.0,154.0,206.0,0.03896103896103896,Asphalt,233.7,2.0,2,233.677,0.026,0.052,0.0256739409499358,0.026,46,3,4.0,sidewalks,HMAC,1,2,2,1,0,0,1,0,0,0,0,0,1,2,2,1,2,0,0,0,0,0,0,0,0,5,0,2,0,0,0,0,0,0,1,2,2,0,0,0,0,0,0,0,1,0,0,0,0,0,1,0,0,0,0,0,0,1,0,0,0,0,0,0,0,0,0,0,0,0,0,0,0,1,0,0,1,2,2,0,0,0,0,3,1,1,0,0,0,0,0,0,0,0,0,0,5,0,0.064,,,,0.045,0.013,,,,,,,,0.006,,,,,,,,,,,,,,,,,,,,,0,2.0,0.026,233.7,6.0,233.677
881,Medium,RPath,658,6.0,2.0,3.0,105.0,158.0,210.0,0.0379746835443038,Asphalt,300.1,2.0,2,300.15,0.029,0.058,0.019993335554815,0.029,45,2,4.0,sidewalks,HMAC,1,2,0,1,0,0,1,0,0,0,0,0,1,2,2,1,2,2,0,0,0,0,0,0,0,5,0,2,0,0,0,0,0,0,1,2,2,0,0,0,0,0,0,0,1,0,0,0,0,0,1,0,0,0,0,0,0,1,0,0,0,0,0,0,0,0,0,0,0,0,0,0,0,1,2,0,1,2,0,0,0,0,0,3,0,1,0,0,0,0,0,0,0,0,0,0,5,0,0.07,,,,0.055,0.015,,,,,,,,,,,,,,,,,,,,,,,,,,,,,0,2.0,0.029,300.1,6.0,300.15
882,Medium,RPath,791,6.0,2.0,3.0,164.0,246.0,328.0,0.024390243902439025,Asphalt,82.9,2.0,2,82.916,0.027,0.054,0.0723763570566948,0.027,41,2,4.0,sidewalks,HMAC,1,0,0,1,2,0,0,0,0,0,0,0,1,2,0,1,0,0,0,0,0,0,0,0,0,0,0,2,0,0,0,0,0,0,1,0,0,0,0,0,0,0,0,5,1,0,0,0,0,0,1,0,0,0,0,0,3,1,0,0,0,0,0,0,0,0,0,0,0,0,0,0,0,1,2,0,1,2,0,0,0,0,5,3,0,0,0,0,0,0,0,0,0,0,0,0,5,0,0.054,,,0.018,0.036,,,,,,,,,,,,,,,,,,,,,,,,,,,,,,0,2.0,0.027,82.9,6.0,82.916
883,Medium,RPath,871,6.0,2.0,3.0,142.0,214.0,285.0,0.028037383177570093,Asphalt,300.0,2.0,2,300.0,0.032,0.064,0.02,0.032,33,2,4.0,sidewalks,CON,1,2,0,0,0,0,0,0,0,0,0,0,1,2,0,0,0,0,1,2,0,0,0,0,0,0,0,0,0,0,0,0,0,0,1,2,0,0,0,0,0,0,0,0,0,0,0,0,0,0,1,2,2,5,5,0,0,0,0,0,0,0,0,0,1,2,0,0,0,0,0,0,0,0,0,0,0,0,0,0,0,0,0,0,1,1,1,0,0,0,0,0,0,0,0,0,0,0,0.035,,,,,0.02,,,,,,,,,,0.005,0.01,,,,,,,,,,,,,,,,,,0,2.0,0.032,300.0,6.0,300.0
884,Medium,RPath,873,6.0,2.0,3.0,315.0,473.0,631.0,0.012684989429175475,Asphalt,280.3,2.0,2,280.318,0.012,0.024,0.0214056368176953,0.012,35,2,4.0,sidewalks,CON,1,2,2,0,0,0,0,0,0,0,0,0,0,0,0,1,0,0,0,0,0,0,0,0,0,0,0,0,0,0,0,0,0,0,1,2,2,0,0,0,0,0,0,0,1,0,0,0,1,0,1,2,2,5,5,0,0,0,0,0,0,0,0,0,1,2,0,0,0,0,0,0,0,1,0,0,0,0,0,0,0,0,0,0,1,1,1,0,0,0,0,0,0,0,0,0,0,0,0.016,,,0.011,0.005,,,,,,,,,,,,,,,,,,,,,,,,,,,,,,0,2.0,0.012,280.3,6.0,280.318
885,Medium,RPath,899,6.0,2.0,3.0,44.0,66.0,89.0,0.09090909090909091,Asphalt,64.2,2.0,2,64.142,0.018,0.036,0.0934579439252336,0.018,45,2,4.0,sidewalks,HMAC,1,2,2,1,2,0,0,0,0,0,0,0,1,2,0,0,0,0,0,0,0,0,0,0,0,5,0,2,0,0,0,0,0,0,0,0,0,0,0,0,0,0,0,5,0,0,0,0,0,0,1,0,0,5,0,0,3,1,0,0,0,0,0,0,0,0,0,0,0,0,0,0,0,1,0,0,1,0,0,0,0,0,0,3,1,0,1,0,0,0,0,0,0,0,0,0,5,0,0.047,,,,0.023,,,,,,,,,,,0.023,,,,,,,,,,,,,,,,,,,0,2.0,0.018,64.2,6.0,64.142
886,Medium,RPath,900,6.0,2.0,3.0,172.0,258.0,343.0,0.023255813953488372,Asphalt,89.9,2.0,2,89.896,0.088,0.176,0.0667408231368186,0.088,48,3,4.0,sidewalks,HMAC,1,2,2,1,2,0,0,0,0,0,0,0,1,2,0,0,0,0,0,0,0,0,0,0,0,5,0,2,0,0,0,0,0,0,0,0,0,0,0,0,0,0,0,5,0,0,0,0,0,0,1,2,0,5,0,0,3,1,1,0,0,0,0,0,0,0,0,0,0,0,0,0,0,1,0,0,1,0,0,0,0,0,0,3,1,0,1,0,0,0,0,0,0,0,0,0,5,0,0.25,,,,0.217,,,,,,,,0.033,,,,,,,,,,,,,,,,,,,,,,0,2.0,0.088,89.9,6.0,89.896
887,Medium,RPath,915,6.0,2.0,3.0,597.0,895.0,1193.0,0.0067039106145251395,Asphalt,267.6,2.0,2,266.308,0.076,0.152,0.0224215246636771,0.076,45,2,4.0,sidewalks,CON,1,2,2,1,0,0,0,0,0,0,0,0,1,0,0,1,0,0,0,0,0,0,0,0,0,5,0,2,0,0,0,0,0,0,1,2,2,0,0,0,0,0,0,0,0,0,0,0,0,0,1,2,2,5,5,0,0,1,0,0,0,0,0,0,0,0,0,0,0,0,0,0,0,0,0,0,1,2,0,0,0,0,0,0,1,0,0,0,0,0,0,0,0,0,0,0,5,0,0.101,,,0.011,,0.056,,,,,,,,0.034,,,,,,,,,,,,,,,,,,,,,0,2.0,0.076,267.6,6.0,266.308
888,Medium,RPath,931,6.0,2.0,3.0,90.0,135.0,180.0,0.044444444444444446,Asphalt,239.6,2.0,2,242.598,0.033,0.066,0.025041736227045,0.033,41,2,4.0,sidewalks,HMAC,1,2,2,0,0,0,0,0,0,1,2,2,1,2,2,0,0,0,0,0,0,0,0,0,0,0,0,2,0,0,0,0,0,0,1,2,0,0,0,0,0,0,0,0,0,0,0,0,0,0,1,2,0,0,0,0,0,1,0,0,0,0,0,0,0,0,0,0,0,0,1,2,0,0,0,0,1,2,2,0,0,0,0,3,0,1,0,0,0,0,0,0,0,0,0,0,5,0,0.075,,,,0.056,0.019,,,,,,,,,,,,,,,,,,,,,,,,,,,,,0,2.0,0.033,239.6,6.0,242.598
889,Medium,RPath,939,6.0,2.0,3.0,23.0,34.0,45.0,0.17647058823529413,Asphalt,55.8,2.0,2,62.888,0.02,0.04,0.1075268817204301,0.02,48,3,4.0,sidewalks,HMAC,1,2,2,1,0,0,1,0,0,1,0,0,1,2,0,0,0,0,0,0,0,0,0,0,0,0,0,2,0,0,0,0,0,0,1,2,2,0,0,0,0,0,0,0,0,0,0,0,0,0,1,2,2,5,0,4,0,1,0,0,0,0,0,0,0,0,0,0,0,0,0,0,0,1,0,0,1,0,0,0,0,0,5,3,0,0,0,0,0,0,0,0,0,0,0,0,5,0,0.081,,,,0.081,,,,,,,,,,,,,,,,,,,,,,,,,,,,,,0,2.0,0.02,55.8,6.0,62.888
890,Medium,RPath,947,6.0,2.0,3.0,82.0,124.0,165.0,0.04838709677419355,Asphalt,48.3,2.0,2,48.92,0.093,0.186,0.124223602484472,0.093,44,2,4.0,sidewalks,CON,1,2,0,1,0,0,1,0,0,0,0,0,1,0,0,0,0,0,0,0,0,0,0,0,0,0,0,2,0,0,0,0,0,0,1,2,2,0,0,0,0,0,0,5,1,0,0,0,0,0,1,0,0,5,0,4,0,1,0,0,0,0,0,0,0,0,0,0,0,0,0,0,0,0,0,0,1,2,2,0,0,0,0,3,1,0,0,0,0,0,0,0,0,0,0,0,5,0,0.093,,,,,0.031,,,,,,,,,0.062,,,,,,,,,,,,,,,,,,,,0,2.0,0.093,48.3,6.0,48.92
891,Medium,RPath,948,6.0,2.0,3.0,75.0,112.0,150.0,0.05357142857142857,Asphalt,82.7,2.0,2,83.154,0.045,0.09,0.0725513905683192,0.045,42,2,4.0,sidewalks,HMAC,1,2,2,1,2,0,1,2,0,0,0,0,0,0,0,0,0,0,0,0,0,0,0,0,0,0,3,2,0,0,0,0,0,0,0,0,0,0,0,0,0,0,0,0,0,0,0,0,0,0,1,2,0,5,5,0,0,1,0,0,0,0,0,0,0,0,0,0,0,0,0,0,0,0,0,0,1,0,0,0,0,0,0,3,1,1,1,0,0,0,0,0,0,0,0,0,5,0,0.181,,,,0.181,,,,,,,,,,,,,,,,,,,,,,,,,,,,,,0,2.0,0.045,82.7,6.0,83.154
892,Medium,RPath,949,6.0,2.0,3.0,52.0,79.0,105.0,0.0759493670886076,Asphalt,73.4,2.0,2,73.386,0.051,0.102,0.0817438692098092,0.051,45,2,4.0,sidewalks,HMAC,1,2,2,0,0,0,0,0,0,1,0,0,1,0,0,0,0,0,0,0,0,0,0,0,0,0,3,2,0,0,0,0,0,0,1,0,0,0,0,0,0,0,0,0,0,0,0,0,0,0,1,2,2,5,5,0,0,1,0,0,0,0,0,0,0,0,0,0,0,0,0,0,0,0,0,0,1,0,0,0,0,0,5,3,1,0,1,0,0,0,0,0,0,0,0,0,5,0,0.143,,,,0.123,0.02,,,,,,,,,,,,,,,,,,,,,,,,,,,,,0,2.0,0.051,73.4,6.0,73.386
893,Medium,RPath,950,6.0,2.0,3.0,60.0,90.0,120.0,0.06666666666666667,Asphalt,78.3,2.0,2,79.978,0.053,0.106,0.0766283524904214,0.053,40,2,4.0,sidewalks,HMAC,1,2,2,1,0,0,1,0,0,0,0,0,0,0,0,0,0,0,0,0,0,0,0,0,0,5,3,2,0,0,0,0,0,0,0,0,0,0,0,0,0,0,0,0,0,0,0,0,0,0,0,0,0,5,5,0,0,1,0,0,0,0,0,0,0,0,0,0,0,0,0,0,0,1,0,0,0,0,0,0,0,0,0,3,1,1,1,0,0,0,0,0,0,0,0,0,5,0,0.153,,,,0.134,0.019,,,,,,,,,,,,,,,,,,,,,,,,,,,,,0,2.0,0.053,78.3,6.0,79.978
894,Medium,RPath,989,6.0,2.0,3.0,140.0,210.0,280.0,0.02857142857142857,Asphalt,183.3,2.0,2,183.275,0.047,0.094,0.0327332242225859,0.047,31,2,4.0,sidewalks,CON,1,2,0,0,0,0,0,0,0,0,0,0,0,0,0,0,0,0,0,0,0,0,0,0,0,0,0,2,0,0,0,1,0,0,1,0,0,0,0,0,0,0,0,0,0,0,0,0,0,0,1,2,0,0,0,0,3,1,0,0,0,0,0,0,0,0,0,0,0,0,0,0,0,1,2,0,0,0,0,0,0,0,0,3,1,1,1,0,0,0,0,0,0,0,0,0,5,3,0.09,,,,0.057,0.016,,,,,,,,,0.016,,,,,,,,,,,,,,,,,,,,0,2.0,0.047,183.3,6.0,183.275
895,Medium,RPath,990,6.0,2.0,3.0,262.0,394.0,525.0,0.015228426395939087,Asphalt,95.8,2.0,2,98.096,0.067,0.134,0.0626304801670146,0.067,45,2,4.0,sidewalks,CON,1,2,2,0,0,0,0,0,0,0,0,0,1,0,0,1,0,0,0,0,0,0,0,0,0,0,0,2,0,0,0,1,0,0,1,2,2,0,0,0,0,0,0,0,0,0,0,0,0,0,1,2,2,0,0,0,3,1,0,0,0,0,0,0,0,0,0,0,0,0,0,0,0,1,2,2,0,0,0,0,0,0,5,3,1,1,1,0,0,0,0,0,0,0,0,0,5,0,0.172,,,,0.047,0.031,,,,,,,,0.094,,,,,,,,,,,,,,,,,,,,,0,2.0,0.067,95.8,6.0,98.096
896,Medium,RPath,1018,6.0,2.0,3.0,546.0,819.0,1092.0,0.007326007326007326,Asphalt,239.4,2.0,2,239.435,0.077,0.154,0.025062656641604,0.077,31,2,4.0,sidewalks,CON,1,2,2,1,0,0,0,0,0,0,0,0,1,0,0,0,0,0,0,0,0,0,0,0,0,5,0,2,0,0,0,0,0,0,0,0,0,0,0,0,0,0,0,0,0,0,0,0,0,0,0,0,0,0,0,0,0,1,0,0,0,0,0,0,0,0,0,0,0,0,0,0,0,1,2,0,0,0,0,0,0,0,5,0,1,1,1,0,0,0,0,0,0,0,0,0,5,0,0.157,,,,0.031,0.05,,,,,,,,0.075,,,,,,,,,,,,,,,,,,,,,0,2.0,0.077,239.4,6.0,239.435
897,Medium,RPath,1024,6.0,2.0,3.0,30.0,45.0,60.0,0.13333333333333333,Asphalt,64.8,2.0,2,65.008,0.093,0.186,0.0925925925925926,0.093,47,3,4.0,sidewalks,CON,1,2,2,1,2,2,1,2,2,0,0,0,1,2,0,1,2,0,0,0,0,0,0,0,0,5,0,2,0,0,0,0,0,0,0,0,0,0,0,0,0,0,0,0,0,0,0,0,1,0,1,2,0,0,0,0,0,1,0,0,0,0,0,0,0,0,0,0,0,0,0,0,0,0,0,0,1,2,0,0,0,0,5,0,1,0,0,0,0,0,0,0,0,0,0,0,5,0,0.093,,,,,0.093,,,,,,,,,,,,,,,,,,,,,,,,,,,,,0,2.0,0.093,64.8,6.0,65.008
898,Medium,RPath,1030,6.0,2.0,3.0,29.0,44.0,58.0,0.13636363636363635,Asphalt,201.3,2.0,2,201.285,0.013,0.026,0.029806259314456,0.013,37,2,4.0,sidewalks,CON,1,2,2,1,0,0,1,0,0,0,0,0,0,0,0,0,0,0,0,0,0,0,0,0,0,0,0,0,0,0,0,0,0,0,1,2,2,0,0,0,0,0,0,0,1,2,2,0,1,0,1,2,2,5,5,0,0,0,0,0,0,0,0,0,0,0,0,0,0,0,0,0,0,1,0,0,0,0,0,0,0,0,0,0,1,1,1,0,0,0,0,0,0,0,0,0,0,0,0.03,,,,0.022,0.007,,,,,,,,,,,,,,,,,,,,,,,,,,,,,0,2.0,0.013,201.3,6.0,201.285
899,Medium,RPath,1034,6.0,2.0,3.0,38.0,58.0,77.0,0.10344827586206896,Asphalt,264.6,2.0,2,264.581,0.024,0.048,0.0226757369614512,0.024,44,2,4.0,sidewalks,CON,1,2,2,1,2,0,1,0,0,0,0,0,1,0,0,1,0,0,0,0,0,0,0,0,0,5,0,2,0,0,0,0,0,0,1,2,0,0,0,0,0,0,0,0,0,0,0,0,0,0,1,2,0,5,5,0,0,0,0,0,0,0,0,0,0,0,0,0,0,0,0,0,0,1,0,0,1,0,0,0,0,0,0,0,1,1,1,0,0,0,0,0,0,0,0,0,5,0,0.028,,,,0.006,0.023,,,,,,,,,,,,,,,,,,,,,,,,,,,,,0,2.0,0.024,264.6,6.0,264.581
900,Medium,RPath,1040,6.0,2.0,3.0,52.0,79.0,105.0,0.0759493670886076,Asphalt,209.8,2.0,2,209.781,0.05,0.1,0.0285986653956148,0.05,44,2,4.0,sidewalks,CON,1,2,2,1,0,0,1,0,0,0,0,0,0,0,0,0,0,0,0,0,0,0,0,0,0,0,0,2,0,0,0,0,0,0,1,2,2,0,0,0,0,0,0,0,1,2,2,0,1,0,1,2,2,5,5,0,0,0,0,0,0,0,0,0,0,0,0,0,0,0,0,0,0,1,0,0,0,0,0,0,0,0,0,0,1,1,1,0,0,0,0,0,0,0,0,0,5,0,0.05,,,,,0.05,,,,,,,,,,,,,,,,,,,,,,,,,,,,,0,2.0,0.05,209.8,6.0,209.781
901,Medium,RPath,1043,6.0,2.0,3.0,283.0,425.0,567.0,0.01411764705882353,Asphalt,314.8,2.0,2,314.887,0.08,0.16,0.0190597204574332,0.08,32,2,4.0,sidewalks,CON,1,2,2,1,0,0,1,0,0,0,0,0,0,0,0,0,0,0,0,0,0,0,0,0,0,0,0,0,0,0,0,0,0,0,1,2,2,0,0,0,0,0,0,0,1,2,0,0,0,0,1,2,0,5,5,0,0,0,0,0,0,0,0,0,0,0,0,0,0,0,0,0,0,1,0,0,0,0,0,0,0,0,0,0,1,1,1,0,0,0,0,0,0,0,0,0,0,0,0.105,,,,0.033,0.052,,,,,,,,,,,0.019,,,,,,,,,,,,,,,,,,0,2.0,0.08,314.8,6.0,314.887
902,Medium,RPath,1044,6.0,2.0,3.0,312.0,468.0,623.0,0.01282051282051282,Asphalt,247.4,2.0,2,247.373,0.042,0.084,0.0242522231204527,0.042,31,2,4.0,sidewalks,CON,1,2,2,1,0,0,1,0,0,0,0,0,0,0,0,0,0,0,0,0,0,0,0,0,0,0,0,0,0,0,0,0,0,0,1,2,0,0,0,0,0,0,0,0,0,0,0,0,0,0,1,2,0,5,5,0,0,0,0,0,0,0,0,0,0,0,0,0,0,0,0,0,0,1,0,0,1,0,0,0,0,0,0,0,1,1,1,0,0,0,0,0,0,0,0,0,0,3,0.042,,,0.006,,0.012,,,,,,,,,,,0.024,,,,,,,,,,,,,,,,,,0,2.0,0.042,247.4,6.0,247.373
903,Medium,RPath,1048,6.0,2.0,3.0,15.0,23.0,30.0,0.2608695652173913,Asphalt,52.7,2.0,2,51.257,0.014,0.028,0.1138519924098671,0.014,34,2,4.0,sidewalks,CON,1,2,2,1,0,0,0,0,0,0,0,0,0,0,0,0,0,0,0,0,0,0,0,0,0,5,0,2,0,0,0,0,0,0,1,0,0,0,0,0,0,0,0,0,0,0,0,0,0,0,1,2,2,0,0,0,0,1,0,0,0,0,0,0,0,0,0,0,0,0,0,0,0,1,0,0,0,0,0,0,0,0,5,0,1,1,1,0,0,0,0,0,0,0,0,0,5,0,0.057,,,,0.057,,,,,,,,,,,,,,,,,,,,,,,,,,,,,,0,2.0,0.014,52.7,6.0,51.257
904,Medium,RPath,1058,6.0,2.0,3.0,8.0,11.0,15.0,0.5454545454545454,Asphalt,46.9,2.0,2,44.641,0.032,0.064,0.1279317697228145,0.032,41,2,4.0,sidewalks,CON,1,2,2,1,2,2,1,2,2,0,0,0,1,2,2,1,2,2,0,0,0,0,0,0,0,0,0,2,0,0,0,0,0,0,0,0,0,0,0,0,0,0,0,0,0,0,0,0,1,0,1,2,0,0,0,0,0,1,0,0,0,0,0,0,0,0,0,0,0,0,0,0,0,0,0,0,1,2,0,0,0,0,0,0,1,0,0,0,0,0,0,0,0,0,0,0,5,0,0.032,,,,,0.032,,,,,,,,,,,,,,,,,,,,,,,,,,,,,0,2.0,0.032,46.9,6.0,44.641
905,Medium,RPath,1059,6.0,2.0,3.0,141.0,211.0,282.0,0.02843601895734597,Asphalt,140.1,2.0,2,136.58,0.062,0.124,0.0428265524625267,0.062,38,2,4.0,sidewalks,CON,1,2,0,1,2,0,1,2,0,0,0,0,1,0,0,0,0,0,0,0,0,0,0,0,0,0,0,2,0,0,0,0,0,0,0,0,0,0,0,0,0,0,0,0,0,0,0,0,0,0,1,2,2,5,0,4,0,1,0,0,0,0,0,0,0,0,0,0,0,0,0,0,0,0,0,0,1,0,0,0,0,0,0,3,1,1,0,0,0,0,0,0,0,0,0,0,5,0,0.118,,,,0.075,0.021,,,,,,,,,0.021,,,,,,,,,,,,,,,,,,,,0,2.0,0.062,140.1,6.0,136.58
906,Medium,RPath,1063,6.0,2.0,3.0,44.0,67.0,89.0,0.08955223880597014,Asphalt,105.6,2.0,2,104.15,0.028,0.056,0.0568181818181818,0.028,38,2,4.0,sidewalks,CON,1,2,0,1,2,0,1,2,0,0,0,0,1,0,0,0,0,0,0,0,0,0,0,0,0,0,0,2,0,0,0,0,0,0,0,0,0,0,0,0,0,0,0,0,0,0,0,0,0,0,1,2,2,5,0,4,0,1,0,0,0,0,0,0,0,0,0,0,0,0,0,0,0,0,0,0,1,0,0,0,0,0,0,3,1,1,0,0,0,0,0,0,0,0,0,0,5,0,0.028,,,,,0.014,,,,,,,,,0.014,,,,,,,,,,,,,,,,,,,,0,2.0,0.028,105.6,6.0,104.15
907,Medium,RPath,1083,6.0,2.0,3.0,337.0,506.0,675.0,0.011857707509881422,Asphalt,102.2,2.0,2,102.236,0.099,0.198,0.0587084148727984,0.099,32,2,4.0,sidewalks,HMAC,1,2,0,0,0,0,0,0,0,0,0,0,1,2,0,1,0,0,0,0,0,0,0,0,0,0,3,0,1,0,0,0,0,0,0,0,0,0,0,0,0,0,0,0,1,0,0,0,0,0,1,0,0,0,0,0,0,1,0,0,0,0,0,0,1,2,0,0,0,0,0,0,0,1,0,0,1,0,0,0,0,0,0,0,1,1,1,1,2,2,0,0,0,0,0,0,5,0,0.308,,,,0.191,0.029,,,,,,,,0.088,,,,,,,,,,,,,,,,,,,,,0,2.0,0.099,102.2,6.0,102.236
908,Medium,RPath,1085,6.0,2.0,3.0,82.0,124.0,165.0,0.04838709677419355,Asphalt,103.0,2.0,2,102.354,0.04,0.08,0.058252427184466,0.04,46,3,4.0,sidewalks,CON,1,2,0,0,0,0,0,0,0,0,0,0,1,2,0,1,0,0,0,0,0,0,0,0,0,5,3,0,1,2,0,0,0,0,1,0,0,0,0,0,0,0,0,0,1,2,0,0,0,0,1,0,0,0,0,0,0,1,1,0,0,0,0,0,1,2,2,0,0,0,0,0,0,1,0,0,1,2,0,1,0,0,0,0,1,1,1,1,2,0,0,0,0,0,0,0,5,0,0.16,,,,0.16,,,,,,,,,,,,,,,,,,,,,,,,,,,,,,0,2.0,0.04,103.0,6.0,102.354
909,Medium,RPath,1109,6.0,2.0,3.0,68.0,102.0,136.0,0.058823529411764705,Asphalt,144.3,2.0,2,142.761,0.078,0.156,0.0415800415800415,0.078,40,2,4.0,sidewalks,CON,1,2,2,0,0,0,0,0,0,0,0,0,0,0,0,0,0,0,0,0,0,0,0,0,0,0,0,2,0,0,0,1,2,2,0,0,0,0,0,0,0,0,0,0,0,0,0,0,1,0,1,2,0,0,0,4,3,1,0,0,0,0,0,0,0,0,0,0,0,0,0,0,0,1,2,2,0,0,0,0,0,0,0,3,1,1,1,0,0,0,0,0,0,0,0,0,5,0,0.094,,,,0.021,0.073,,,,,,,,,,,,,,,,,,,,,,,,,,,,,0,2.0,0.078,144.3,6.0,142.761
910,Medium,RPath,1112,6.0,2.0,3.0,23.0,34.0,45.0,0.17647058823529413,Asphalt,85.2,2.0,2,83.677,0.013,0.026,0.0704225352112676,0.013,38,2,4.0,sidewalks,CON,1,2,2,0,0,0,0,0,0,0,0,0,0,0,0,0,0,0,0,0,0,0,0,0,0,0,0,2,0,0,0,1,2,2,0,0,0,0,0,0,0,0,0,0,0,0,0,0,1,0,1,2,0,0,0,4,3,1,0,0,0,0,0,0,0,0,0,0,0,0,0,0,0,1,2,0,0,0,0,0,0,0,0,3,1,1,1,0,0,0,0,0,0,0,0,0,5,0,0.053,,,,0.053,,,,,,,,,,,,,,,,,,,,,,,,,,,,,,0,2.0,0.013,85.2,6.0,83.677
911,Medium,RPath,1118,6.0,2.0,3.0,15.0,22.0,30.0,0.2727272727272727,Asphalt,50.7,2.0,2,47.902,0.015,0.03,0.1183431952662721,0.015,30,2,4.0,sidewalks,CON,1,2,2,1,0,0,1,0,0,0,0,0,0,0,0,0,0,0,0,0,0,0,0,0,0,0,0,2,0,0,0,0,0,0,1,2,0,0,0,0,1,0,0,0,1,0,0,0,1,0,1,2,2,0,0,0,0,1,0,0,0,0,0,0,0,0,0,0,0,0,0,0,0,1,0,0,0,0,0,0,0,0,0,0,1,1,1,0,0,0,0,0,0,0,0,0,5,0,0.059,,,,0.059,,,,,,,,,,,,,,,,,,,,,,,,,,,,,,0,2.0,0.015,50.7,6.0,47.902
912,Medium,RPath,1120,6.0,2.0,3.0,30.0,45.0,60.0,0.13333333333333333,Asphalt,61.9,2.0,2,59.596,0.097,0.194,0.0969305331179321,0.097,31,2,4.0,sidewalks,CON,1,2,2,1,0,0,1,0,0,1,0,0,0,0,0,0,0,0,0,0,0,0,0,0,0,0,0,2,0,0,0,0,0,0,1,0,0,0,0,0,1,2,0,0,1,0,0,0,1,0,1,2,0,0,0,0,0,1,0,0,0,0,0,0,0,0,0,0,0,0,0,0,0,1,2,0,0,0,0,0,0,0,0,0,1,1,1,0,0,0,0,0,0,0,0,0,5,0,0.097,,,,,0.097,,,,,,,,,,,,,,,,,,,,,,,,,,,,,0,2.0,0.097,61.9,6.0,59.596
913,Medium,RPath,1121,6.0,2.0,3.0,22.0,34.0,45.0,0.17647058823529413,Asphalt,49.9,2.0,2,45.831,0.09,0.18,0.1202404809619238,0.09,31,2,4.0,sidewalks,CON,1,2,2,1,0,0,1,0,0,1,0,0,0,0,0,0,0,0,0,0,0,0,0,0,0,0,0,2,0,0,0,0,0,0,1,2,0,0,0,0,1,2,0,0,1,0,0,0,1,0,1,2,0,0,0,0,0,1,0,0,0,0,0,0,0,0,0,0,0,0,0,0,0,1,0,0,0,0,0,0,0,0,0,0,1,1,1,0,0,0,0,0,0,0,0,0,5,0,0.09,,,,,0.09,,,,,,,,,,,,,,,,,,,,,,,,,,,,,0,2.0,0.09,49.9,6.0,45.831
914,Medium,RPath,1123,6.0,2.0,3.0,15.0,22.0,30.0,0.2727272727272727,Asphalt,44.5,2.0,2,42.609,0.067,0.134,0.1348314606741573,0.067,35,2,4.0,sidewalks,CON,1,2,2,0,0,0,0,0,0,0,0,0,0,0,0,0,0,0,0,0,0,0,0,0,0,0,0,2,0,0,0,0,0,0,0,0,0,0,0,0,0,0,0,0,0,0,0,0,0,0,1,2,2,0,0,0,3,1,0,0,0,0,0,0,0,0,0,0,0,0,0,0,0,1,2,2,1,0,0,0,0,0,5,0,1,1,1,0,0,0,0,0,0,0,0,0,5,0,0.067,,,,,0.067,,,,,,,,,,,,,,,,,,,,,,,,,,,,,0,2.0,0.067,44.5,6.0,42.609
915,Medium,RPath,1125,6.0,2.0,3.0,90.0,136.0,181.0,0.04411764705882353,Asphalt,254.7,2.0,2,254.386,0.057,0.114,0.0235571260306242,0.057,48,3,4.0,sidewalks,CON,1,2,0,1,2,0,1,0,0,0,0,0,1,2,0,0,0,0,0,0,0,0,0,0,0,5,0,2,0,0,0,1,0,0,0,0,0,0,0,0,0,0,0,0,0,0,0,0,0,0,1,0,0,5,0,4,0,1,0,0,0,0,0,0,0,0,0,0,0,0,0,0,0,1,2,2,0,0,0,0,0,0,0,3,1,1,1,0,0,0,0,0,0,0,0,0,5,3,0.071,,,,0.018,0.053,,,,,,,,,,,,,,,,,,,,,,,,,,,,,0,2.0,0.057,254.7,6.0,254.386
916,Medium,RPath,1161,6.0,2.0,3.0,22.0,33.0,45.0,0.18181818181818182,Asphalt,106.1,2.0,2,102.072,0.011,0.022,0.0565504241281809,0.011,46,3,4.0,sidewalks,CON,1,2,2,1,2,0,0,0,0,0,0,0,1,0,0,0,0,0,0,0,0,0,0,0,0,0,3,0,0,0,0,0,0,0,1,2,2,0,0,0,0,0,0,0,1,2,2,0,0,0,1,2,2,0,0,0,3,1,0,0,0,0,0,0,0,0,0,0,0,0,0,0,0,0,0,0,0,0,0,0,0,0,0,0,1,1,1,1,0,0,1,0,0,1,2,2,5,0,0.042,,,,0.042,,,,,,,,,,,,,,,,,,,,,,,,,,,,,,0,2.0,0.011,106.1,6.0,102.072
917,Medium,RPath,1162,6.0,2.0,3.0,121.0,182.0,242.0,0.03296703296703297,Asphalt,197.0,2.0,2,193.31,0.025,0.05,0.0304568527918781,0.025,38,2,4.0,sidewalks,CON,1,2,0,1,2,0,0,0,0,0,0,0,1,0,0,0,0,0,1,0,0,0,0,0,0,0,3,0,0,0,0,0,0,0,1,2,0,0,0,0,0,0,0,0,1,2,0,0,0,0,1,2,0,0,0,0,3,1,0,0,0,0,0,0,0,0,0,0,0,0,0,0,0,0,0,0,1,0,0,0,0,0,0,0,1,1,1,0,0,0,0,0,0,1,2,2,5,0,0.03,,,,0.008,,,,,,0.023,,,,,,,,,,,,,,,,,,,,,,,,0,2.0,0.025,197.0,6.0,193.31
918,Medium,RPath,1187,6.0,2.0,3.0,22.0,34.0,45.0,0.17647058823529413,Asphalt,13.3,2.0,2,12.43,0.084,0.168,0.4511278195488721,0.084,45,2,4.0,sidewalks,CON,1,2,0,0,0,0,0,0,0,0,0,0,1,2,0,0,0,0,0,0,0,0,0,0,0,0,0,0,0,0,0,1,2,0,1,0,0,1,2,0,1,2,2,0,1,2,0,0,0,0,1,2,2,5,5,0,0,0,0,0,0,0,0,0,0,0,0,0,0,0,0,0,0,0,0,0,1,0,0,0,0,0,0,0,1,1,1,0,0,0,0,0,0,0,0,0,5,0,0.337,,,,0.337,,,,,,,,,,,,,,,,,,,,,,,,,,,,,,1,2.0,0.084,13.3,16.0,12.43
919,Medium,RPath,1196,6.0,2.0,3.0,7.0,11.0,15.0,0.5454545454545454,Asphalt,26.7,2.0,2,26.734,0.014,0.028,0.2247191011235955,0.014,46,3,4.0,sidewalks,CON,1,0,0,0,0,0,0,0,0,0,0,0,1,2,2,0,0,0,0,0,0,0,0,0,5,0,3,0,0,0,0,1,2,2,0,0,0,0,0,0,0,0,0,0,0,0,0,0,0,0,1,2,2,5,5,0,0,0,0,0,0,0,0,0,0,0,0,0,0,0,0,0,0,1,2,0,1,0,0,0,0,0,0,0,1,1,1,0,0,0,0,0,0,0,0,0,5,0,0.056,,,,0.056,,,,,,,,,,,,,,,,,,,,,,,,,,,,,,0,2.0,0.014,26.7,6.0,26.734
920,Medium,RPath,1198,6.0,2.0,3.0,71.0,107.0,143.0,0.056074766355140186,Asphalt,230.4,2.0,2,230.459,0.013,0.026,0.0260416666666666,0.013,37,2,4.0,sidewalks,CON,1,2,2,0,0,0,0,0,0,0,0,0,1,2,2,0,0,0,0,0,0,0,0,0,0,0,0,0,0,0,0,1,2,2,0,0,0,0,0,0,0,0,0,0,0,0,0,0,0,0,1,2,2,5,5,0,0,0,0,0,0,0,0,0,0,0,0,0,0,0,0,0,0,1,0,0,1,2,0,0,0,0,0,0,1,1,1,0,0,0,0,0,0,0,0,0,0,0,0.033,,,,0.02,0.007,,,,,,,,0.007,,,,,,,,,,,,,,,,,,,,,0,2.0,0.013,230.4,6.0,230.459
921,Medium,RPath,1199,6.0,2.0,3.0,151.0,226.0,301.0,0.02654867256637168,Asphalt,78.3,2.0,2,77.815,0.019,0.038,0.0766283524904214,0.019,41,2,4.0,sidewalks,CON,1,2,2,0,0,0,0,0,0,0,0,0,1,0,0,0,0,0,0,0,0,0,0,0,0,0,3,0,0,0,0,1,2,0,0,0,0,0,0,0,0,0,0,0,0,0,0,0,0,0,1,2,2,5,5,0,0,1,0,0,0,0,0,0,0,0,0,0,0,0,0,0,0,0,0,0,1,2,2,0,0,0,0,0,1,1,1,0,0,0,0,0,0,0,0,0,5,0,0.077,,,,,,,,,,,,,0.077,,,,,,,,,,,,,,,,,,,,,0,2.0,0.019,78.3,6.0,77.815
922,Medium,RPath,1203,6.0,2.0,3.0,52.0,78.0,105.0,0.07692307692307693,Asphalt,217.9,2.0,2,217.93,0.012,0.024,0.0275355667737494,0.012,41,2,4.0,sidewalks,CON,1,2,2,0,0,0,0,0,0,0,0,0,0,0,0,0,0,0,0,0,0,0,0,0,0,0,3,0,0,0,0,0,0,0,1,2,0,0,0,0,0,0,0,0,1,2,2,0,0,0,1,2,0,0,5,4,0,0,0,0,0,0,0,0,0,0,0,0,0,0,0,0,0,0,0,0,1,2,2,0,0,0,0,0,1,1,1,0,0,0,0,0,0,0,0,0,5,0,0.048,,,,0.048,,,,,,,,,,,,,,,,,,,,,,,,,,,,,,1,2.0,0.012,217.9,16.0,217.93
923,Medium,RPath,1209,6.0,2.0,3.0,422.0,633.0,845.0,0.009478672985781991,Asphalt,183.2,2.0,2,183.027,0.043,0.086,0.0327510917030567,0.043,48,3,4.0,sidewalks,CON,1,0,0,0,0,0,0,0,0,0,0,0,1,2,2,0,0,0,0,0,0,0,0,0,0,5,3,2,0,0,0,1,2,2,0,0,0,0,0,0,0,0,0,0,0,0,0,0,0,0,1,2,2,5,5,0,0,0,0,0,0,0,0,0,0,0,0,0,0,0,0,0,0,1,2,0,1,0,0,0,0,0,0,0,1,1,1,0,0,0,0,0,0,0,0,0,5,0,0.106,,,,0.008,0.008,,,,,,,,0.065,,,0.008,0.016,,,,,,,,,,,,,,,,,0,2.0,0.043,183.2,6.0,183.027
924,Medium,RPath,1210,6.0,2.0,3.0,60.0,90.0,120.0,0.06666666666666667,Asphalt,79.5,2.0,2,82.968,0.038,0.076,0.0754716981132075,0.038,40,2,4.0,sidewalks,CON,1,2,2,0,0,0,0,0,0,0,0,0,0,0,0,0,0,0,0,0,0,0,0,0,0,0,3,0,0,0,0,0,0,0,0,0,0,0,0,0,0,0,0,0,1,2,2,0,0,0,1,2,0,5,5,0,0,1,0,0,0,0,0,0,0,0,0,0,0,0,0,0,0,0,0,0,1,2,2,0,0,0,0,0,1,1,1,0,0,0,0,0,0,0,0,0,5,0,0.151,,,,0.151,,,,,,,,,,,,,,,,,,,,,,,,,,,,,,0,2.0,0.038,79.5,6.0,82.968
925,Medium,RPath,1211,6.0,2.0,3.0,164.0,246.0,328.0,0.024390243902439025,Asphalt,91.7,2.0,2,88.132,0.053,0.106,0.0654307524536532,0.053,43,2,4.0,sidewalks,CON,1,2,2,0,0,0,0,0,0,0,0,0,0,0,0,0,0,0,0,0,0,0,0,0,0,0,3,0,0,0,0,0,0,0,0,0,0,0,0,0,0,0,0,0,1,2,2,0,0,0,1,2,0,5,5,4,0,0,0,0,0,0,0,0,0,0,0,0,0,0,0,0,0,0,0,0,1,2,2,0,0,0,0,0,1,1,1,0,0,0,0,0,0,0,0,0,5,0,0.098,,,,0.033,,,,,,,,,0.016,,,0.033,0.016,,,,,,,,,,,,,,,,,0,2.0,0.053,91.7,6.0,88.132
926,Medium,RPath,1212,6.0,2.0,3.0,211.0,316.0,421.0,0.0189873417721519,Asphalt,62.7,2.0,2,61.323,0.09,0.18,0.0956937799043062,0.09,37,2,4.0,sidewalks,HMAC,1,2,2,0,0,0,0,0,0,0,0,0,0,0,0,0,0,0,0,0,0,0,0,0,0,5,3,0,0,0,0,0,0,0,1,2,2,0,0,0,0,0,0,0,1,0,0,0,0,0,0,0,0,0,5,0,0,0,0,0,0,0,0,0,0,0,0,0,0,0,0,0,0,0,0,0,1,2,2,0,0,0,0,0,1,1,1,0,0,0,0,0,0,0,0,0,5,0,0.215,,,0.024,0.168,0.024,,,,,,,,,,,,,,,,,,,,,,,,,,,,,0,2.0,0.09,62.7,6.0,61.323
927,Medium,RPath,1213,6.0,2.0,3.0,37.0,56.0,74.0,0.10714285714285714,Asphalt,82.5,2.0,2,82.469,0.018,0.036,0.0727272727272727,0.018,35,2,4.0,sidewalks,CON,1,2,2,0,0,0,0,0,0,0,0,0,0,0,0,0,0,0,0,0,0,0,0,0,0,5,3,0,0,0,0,0,0,0,1,2,0,0,0,0,0,0,0,0,1,0,0,0,0,0,0,0,0,0,5,0,0,0,0,0,0,0,0,0,0,0,0,0,0,0,0,0,0,0,0,0,1,2,2,0,0,0,0,0,1,1,1,0,0,0,0,0,0,0,0,0,5,0,0.018,,,,,,,,,,,,,,,,0.018,,,,,,,,,,,,,,,,,,1,2.0,0.018,82.5,16.0,82.469
928,Medium,RPath,1214,6.0,2.0,3.0,239.0,358.0,477.0,0.01675977653631285,Asphalt,74.6,2.0,2,74.62,0.05,0.1,0.0804289544235925,0.05,35,2,4.0,sidewalks,CON,1,2,2,0,0,0,0,0,0,0,0,0,0,0,0,0,0,0,0,0,0,0,0,0,0,5,3,0,0,0,0,0,0,0,1,2,0,0,0,0,0,0,0,0,1,0,0,0,0,0,0,0,0,0,5,0,0,0,0,0,0,0,0,0,0,0,0,0,0,0,0,0,0,0,0,0,1,2,2,0,0,0,0,0,1,1,1,0,0,0,0,0,0,0,0,0,5,0,0.1,,,0.02,0.04,,,,,,,,,,,0.04,,,,,,,,,,,,,,,,,,,1,2.0,0.05,74.6,16.0,74.62
929,Medium,RPath,1245,6.0,2.0,3.0,61.0,91.0,122.0,0.06593406593406594,Asphalt,118.4,2.0,2,113.681,0.044,0.088,0.0506756756756756,0.044,48,3,4.0,sidewalks,CON,1,2,0,0,0,0,0,0,0,0,0,0,1,2,0,0,0,0,0,0,0,0,0,0,5,0,3,0,0,0,0,1,2,2,0,0,0,0,0,0,1,2,0,0,1,2,0,0,0,0,1,2,0,5,0,4,0,0,0,0,0,0,0,0,0,0,0,0,0,0,0,0,0,0,0,0,0,0,0,0,0,0,0,0,1,1,1,1,2,0,0,0,0,0,0,0,5,0,0.051,,,,,0.038,,,,,,,,,,,,0.013,,,,,,,,,,,,,,,,,0,2.0,0.044,118.4,6.0,113.681
930,Medium,RPath,1278,6.0,2.0,3.0,46.0,69.0,92.0,0.08695652173913043,Asphalt,139.8,2.0,2,136.588,0.013,0.026,0.0429184549356223,0.013,37,2,4.0,sidewalks,CON,1,2,2,0,0,0,0,0,0,1,2,0,0,0,0,0,0,0,0,0,0,0,0,0,0,0,0,0,0,0,0,1,0,0,1,2,2,0,0,0,1,2,2,0,1,2,0,0,1,1,1,2,2,0,0,0,0,0,0,0,0,0,0,0,0,0,0,0,0,0,0,0,0,0,0,0,0,0,0,0,0,0,0,0,1,1,1,0,0,0,0,0,0,0,0,0,5,0,0.021,,,,,0.011,,,,,,,,0.011,,,,,,,,,,,,,,,,,,,,,0,2.0,0.013,139.8,6.0,136.588
931,Medium,RPath,1294,6.0,2.0,3.0,857.0,1285.0,1714.0,0.004669260700389105,Asphalt,186.1,2.0,2,183.556,0.083,0.166,0.0322407307898979,0.083,31,2,4.0,sidewalks,CON,1,2,2,1,0,0,1,0,0,0,0,0,1,0,0,0,0,0,0,0,0,0,0,0,0,0,0,2,0,0,0,0,0,0,0,0,0,0,0,0,0,0,0,0,0,0,0,0,1,0,1,2,0,0,0,0,0,1,0,0,0,0,0,0,0,0,0,0,0,0,0,0,0,1,2,2,1,2,0,0,0,0,0,0,1,1,1,0,0,0,0,0,0,0,0,0,5,0,0.161,0.04,,,0.105,0.016,,,,,,,,,,,,,,,,,,,,,,,,,,,,,0,2.0,0.083,186.1,6.0,183.556
932,Medium,RPath,1296,6.0,2.0,3.0,22.0,34.0,45.0,0.17647058823529413,Asphalt,28.2,2.0,2,22.999,0.04,0.08,0.2127659574468085,0.04,30,2,4.0,sidewalks,CON,1,2,0,0,0,0,0,0,0,0,0,0,0,0,0,0,0,0,0,0,0,0,0,0,0,0,0,2,0,0,0,0,0,0,0,0,0,0,0,0,0,0,0,0,0,0,0,0,1,0,1,2,0,0,0,0,3,1,0,0,0,0,0,0,0,0,0,0,0,0,0,0,0,1,2,0,0,0,0,0,0,0,0,3,1,1,1,0,0,0,0,0,0,0,0,0,5,3,0.159,,,,0.159,,,,,,,,,,,,,,,,,,,,,,,,,,,,,,0,2.0,0.04,28.2,6.0,22.999
933,Medium,RPath,1298,6.0,2.0,3.0,60.0,91.0,121.0,0.06593406593406594,Asphalt,117.3,2.0,2,108.062,0.016,0.032,0.0511508951406649,0.016,35,2,4.0,sidewalks,CON,1,2,0,0,0,0,0,0,0,0,0,0,0,0,0,0,0,0,0,0,0,0,0,0,0,0,0,2,0,0,0,0,0,0,0,0,0,0,0,0,0,0,0,0,0,0,0,0,1,1,1,2,2,5,5,0,3,1,0,0,0,0,0,0,0,0,0,0,0,0,0,0,0,1,0,0,0,0,0,0,0,0,0,0,1,1,1,0,0,0,0,0,0,0,0,0,5,0,0.051,,,,0.038,,,,,,,,,,,0.013,,,,,,,,,,,,,,,,,,,0,2.0,0.016,117.3,6.0,108.062
934,Medium,RPath,1302,6.0,2.0,3.0,110.0,166.0,221.0,0.03614457831325301,Asphalt,424.5,2.0,2,419.924,0.018,0.036,0.0141342756183745,0.018,31,2,4.0,sidewalks,CON,1,2,2,0,0,0,0,0,0,0,0,0,0,0,0,0,0,0,0,0,0,0,0,0,0,0,0,2,0,0,0,0,0,0,1,0,0,0,0,0,0,0,0,0,1,0,0,0,1,0,1,2,0,0,0,0,3,1,0,0,0,0,0,0,0,0,0,0,0,0,0,0,0,1,2,0,0,0,0,0,0,0,0,3,1,1,1,0,0,0,0,0,0,0,0,0,5,0,0.035,,,,0.021,0.011,,,,,,,,,,0.004,,,,,,,,,,,,,,,,,,,0,2.0,0.018,424.5,6.0,419.924
935,Medium,RPath,1307,6.0,2.0,3.0,612.0,918.0,1224.0,0.006535947712418301,Asphalt,91.6,2.0,2,83.727,0.07,0.14,0.0655021834061135,0.07,30,2,4.0,sidewalks,CON,1,2,0,0,0,0,0,0,0,0,0,0,0,0,0,0,0,0,0,0,0,0,0,0,0,0,0,2,0,0,0,0,0,0,0,0,0,0,0,0,0,0,0,0,0,0,0,0,0,0,1,2,2,0,0,0,3,1,0,0,0,0,0,0,0,0,0,0,0,0,0,0,0,1,2,0,0,0,0,0,0,0,5,0,1,1,1,0,0,0,0,0,0,0,0,0,5,0,0.082,0.066,,,0.016,,,,,,,,,,,,,,,,,,,,,,,,,,,,,,0,2.0,0.07,91.6,6.0,83.727
936,Medium,RPath,1323,6.0,2.0,3.0,31.0,47.0,63.0,0.1276595744680851,Asphalt,260.7,2.0,2,261.728,0.014,0.028,0.0230149597238204,0.014,31,2,4.0,sidewalks,CON,1,2,2,1,2,0,1,2,0,0,0,0,0,0,0,0,0,0,0,0,0,0,0,0,0,0,0,0,0,0,0,0,0,0,0,0,0,0,0,0,0,0,0,0,0,0,0,0,0,0,1,2,0,0,0,0,0,1,0,0,0,0,0,0,1,2,0,0,0,0,0,0,0,0,0,0,0,0,0,0,0,0,5,0,1,1,1,0,0,0,0,0,0,0,0,0,5,0,0.023,,,,0.012,0.012,,,,,,,,,,,,,,,,,,,,,,,,,,,,,0,2.0,0.014,260.7,6.0,261.728
937,Medium,RPath,1331,6.0,2.0,3.0,53.0,79.0,105.0,0.0759493670886076,Asphalt,38.5,2.0,2,38.434,0.039,0.078,0.1558441558441558,0.039,48,3,4.0,sidewalks,CON,1,2,0,1,2,0,0,0,0,0,0,0,1,0,0,1,0,0,0,0,0,0,0,0,5,0,0,2,0,0,0,0,0,0,1,2,2,0,0,0,0,0,0,5,1,2,0,0,0,0,1,2,2,0,5,0,0,1,0,0,0,0,0,0,0,0,0,0,0,0,0,0,0,1,0,0,1,0,0,0,0,0,0,0,1,0,0,1,0,0,0,0,0,0,0,0,5,0,0.117,,,,0.078,,,,,,,,,,,0.039,,,,,,,,,,,,,,,,,,,0,2.0,0.039,38.5,6.0,38.434
938,Medium,RPath,1609,6.0,2.0,3.0,104.0,157.0,209.0,0.03821656050955414,Asphalt,267.6,2.0,2,267.157,0.028,0.056,0.0224215246636771,0.028,33,2,4.0,sidewalks,CON,1,2,2,1,2,2,1,2,0,0,0,0,0,0,0,0,0,0,0,0,0,0,0,0,0,0,0,2,0,0,0,0,0,0,1,2,0,0,0,0,0,0,0,0,0,0,0,0,0,0,1,2,0,0,0,0,0,1,0,0,0,0,0,0,0,0,0,0,0,0,0,0,0,0,0,0,0,0,0,0,0,0,0,3,1,1,1,0,0,0,0,0,0,0,0,0,5,0,0.078,,,,0.067,0.011,,,,,,,,,,,,,,,,,,,,,,,,,,,,,0,2.0,0.028,267.6,6.0,267.157
939,Medium,RPath,1580,6.0,2.0,3.0,37.0,56.0,75.0,0.10714285714285714,Asphalt,48.2,2.0,2,44.781,0.016,0.032,0.1244813278008298,0.016,34,2,4.0,sidewalks,CON,1,2,2,0,0,0,0,0,0,0,0,0,0,0,0,0,0,0,0,0,0,0,0,0,0,0,0,0,0,0,0,1,2,0,0,0,0,0,0,0,0,0,0,0,0,0,0,0,1,1,1,2,2,0,5,4,0,1,0,0,0,0,0,0,0,0,0,0,0,0,0,0,0,1,0,0,0,0,0,0,0,0,0,0,1,1,1,0,0,0,0,0,0,0,0,0,5,0,0.031,,,,,,,,,,,,,,,,,0.031,,,,,,,,,,,,,,,,,0,2.0,0.016,48.2,6.0,44.781
940,Medium,RPath,1581,6.0,2.0,3.0,76.0,114.0,152.0,0.05263157894736842,Asphalt,82.1,2.0,2,80.868,0.018,0.036,0.0730816077953715,0.018,43,2,4.0,sidewalks,CON,1,2,2,0,0,0,0,0,0,0,0,0,0,0,0,0,0,0,0,0,0,0,0,0,5,0,3,0,0,0,0,1,2,2,0,0,0,0,0,0,0,0,0,0,0,0,0,0,1,1,1,2,2,0,5,4,0,0,0,0,0,0,0,0,0,0,0,0,0,0,0,0,0,1,0,0,0,0,0,0,0,0,0,0,1,1,1,0,0,0,0,0,0,0,0,0,5,0,0.037,,,,,,,,,,,,,,,,,0.037,,,,,,,,,,,,,,,,,0,2.0,0.018,82.1,6.0,80.868
941,Medium,RPath,1582,6.0,2.0,3.0,15.0,22.0,30.0,0.2727272727272727,Asphalt,78.1,2.0,2,77.89,0.024,0.048,0.0768245838668374,0.024,42,2,4.0,sidewalks,CON,1,2,0,0,0,0,0,0,0,0,0,0,1,0,0,0,0,0,0,0,0,0,0,0,5,0,0,0,0,0,0,1,2,2,0,0,0,0,0,0,0,0,0,0,0,0,0,0,1,1,1,2,2,0,5,4,0,0,0,0,0,0,0,0,0,0,0,0,0,0,0,0,0,0,0,0,0,0,0,0,0,0,0,0,1,1,1,1,0,0,0,0,0,1,2,0,5,0,0.038,,,,0.019,0.019,,,,,,,,,,,,,,,,,,,,,,,,,,,,,0,2.0,0.024,78.1,6.0,77.89
942,Medium,RPath,1610,6.0,2.0,3.0,7.0,11.0,15.0,0.5454545454545454,Asphalt,121.3,2.0,2,116.675,0.012,0.024,0.0494641384995878,0.012,39,2,4.0,sidewalks,CON,1,2,2,1,2,2,1,2,2,0,0,0,0,0,0,0,0,0,0,0,0,0,0,0,0,5,0,2,0,0,0,0,0,0,1,0,0,0,0,0,0,0,0,0,0,0,0,0,0,0,1,0,0,0,0,0,3,1,0,0,0,0,0,0,0,0,0,0,0,0,0,0,0,0,0,0,0,0,0,0,0,0,0,3,1,1,1,0,0,0,0,0,0,0,0,0,5,0,0.012,,,,,0.012,,,,,,,,,,,,,,,,,,,,,,,,,,,,,0,2.0,0.012,121.3,6.0,116.675
943,Medium,RPath,1350,6.0,2.0,3.0,52.0,79.0,105.0,0.0759493670886076,Asphalt,95.2,2.0,2,95.185,0.028,0.056,0.0630252100840336,0.028,45,2,4.0,walkways,HMAC,1,2,2,1,2,0,1,2,0,1,2,2,1,2,0,1,2,0,0,0,0,0,0,0,0,0,0,2,0,0,0,0,0,0,1,2,0,0,0,0,0,0,0,0,0,0,0,0,0,0,1,0,0,0,0,0,0,1,0,0,0,0,0,0,0,0,0,0,0,0,0,0,0,0,0,0,1,2,0,0,0,0,0,3,1,1,1,0,0,0,1,0,0,1,0,0,5,0,0.11,,,,0.11,,,,,,,,,,,,,,,,,,,,,,,,,,,,,,0,2.0,0.028,95.2,6.0,95.185
944,Medium,RPath,1352,6.0,2.0,3.0,236.0,354.0,473.0,0.01694915254237288,Asphalt,69.6,2.0,2,69.609,0.065,0.13,0.0862068965517241,0.065,35,2,4.0,walkways,HMAC,1,2,2,1,2,2,0,0,0,0,0,0,1,2,2,1,0,0,0,0,0,0,0,0,0,0,0,2,0,0,0,0,0,0,1,0,0,0,0,0,0,0,0,0,0,0,0,0,0,0,1,2,2,0,0,0,0,1,0,0,0,0,0,0,0,0,0,0,0,0,0,0,0,0,0,0,0,0,0,0,0,0,0,3,1,1,0,0,0,0,0,0,0,0,0,0,5,0,0.172,0.022,,,0.129,,,,,,,,,,,,,0.022,,,,,,,,,,,,,,,,,0,2.0,0.065,69.6,6.0,69.609
945,Medium,RPath,1372,6.0,2.0,3.0,45.0,68.0,90.0,0.08823529411764706,Asphalt,38.5,2.0,2,38.48,0.058,0.116,0.1558441558441558,0.058,41,2,4.0,walkways,HMAC,1,2,0,1,0,0,0,0,0,0,0,0,1,0,0,0,0,0,0,0,0,0,0,0,0,0,0,2,0,0,0,0,0,0,1,2,2,0,0,0,0,0,0,0,0,0,0,0,0,0,1,2,2,0,0,0,0,1,0,0,0,0,0,0,0,0,0,0,0,0,0,0,0,1,2,2,1,2,2,0,0,0,5,3,0,0,0,0,0,0,0,0,0,0,0,0,5,0,0.234,,,,0.234,,,,,,,,,,,,,,,,,,,,,,,,,,,,,,0,2.0,0.058,38.5,6.0,38.48
946,Medium,RPath,1377,6.0,2.0,3.0,30.0,45.0,60.0,0.13333333333333333,Asphalt,42.6,2.0,2,42.571,0.035,0.07,0.1408450704225352,0.035,38,2,4.0,walkways,HMAC,1,2,0,1,2,0,1,0,0,0,0,0,1,2,2,0,0,0,0,0,0,0,0,0,0,5,0,2,0,0,0,0,0,0,0,0,0,0,0,0,0,0,0,0,0,0,0,0,0,0,1,0,0,0,0,0,0,1,0,0,0,0,0,0,0,0,0,0,0,0,0,0,0,1,2,0,1,0,0,0,0,0,5,0,1,1,1,0,0,0,0,0,0,0,0,0,5,0,0.141,,,,0.141,,,,,,,,,,,,,,,,,,,,,,,,,,,,,,0,2.0,0.035,42.6,6.0,42.571
947,Medium,RPath,1378,6.0,2.0,3.0,45.0,67.0,90.0,0.08955223880597014,Asphalt,31.8,2.0,2,31.503,0.059,0.118,0.1886792452830188,0.059,33,2,4.0,walkways,HMAC,1,2,0,0,0,0,0,0,0,1,2,2,1,2,2,0,0,0,0,0,0,0,0,0,0,0,0,2,0,0,0,0,0,0,1,2,0,0,0,0,0,0,0,0,0,0,0,0,0,0,1,2,0,0,0,0,0,1,0,0,0,0,0,0,0,0,0,0,0,0,0,0,0,0,0,0,1,2,0,0,0,0,0,3,0,0,0,0,0,0,0,0,0,0,0,0,5,0,0.094,,,,0.047,,,,,,,,0.047,,,,,,,,,,,,,,,,,,,,,,0,2.0,0.059,31.8,6.0,31.503
948,Medium,RPath,1379,6.0,2.0,3.0,15.0,23.0,30.0,0.2608695652173913,Asphalt,48.0,2.0,2,47.994,0.016,0.032,0.125,0.016,38,2,4.0,walkways,HMAC,1,2,0,1,0,0,1,0,0,1,2,2,1,2,2,0,0,0,0,0,0,0,0,0,0,0,0,2,0,0,0,0,0,0,1,2,0,0,0,0,0,0,0,0,0,0,0,0,0,0,1,0,0,0,0,0,0,1,0,0,0,0,0,0,0,0,0,0,0,0,0,0,0,0,0,0,1,2,0,0,0,0,5,3,0,0,0,0,0,0,0,0,0,0,0,0,5,0,0.063,,,,0.063,,,,,,,,,,,,,,,,,,,,,,,,,,,,,,0,2.0,0.016,48.0,6.0,47.994
949,Medium,RPath,1380,6.0,2.0,3.0,53.0,79.0,105.0,0.0759493670886076,Asphalt,55.7,2.0,2,55.696,0.02,0.04,0.1077199281867145,0.02,35,2,4.0,walkways,HMAC,1,2,0,1,0,0,1,0,0,1,2,2,1,2,2,0,0,0,0,0,0,0,0,0,0,0,0,2,0,0,0,0,0,0,1,2,0,0,0,0,0,0,0,0,0,0,0,0,0,0,1,2,0,0,0,0,0,1,0,0,0,0,0,0,0,0,0,0,0,0,0,0,0,0,0,0,1,2,0,0,0,0,0,3,0,0,0,0,0,0,0,0,0,0,0,0,5,0,0.081,,,,0.054,,,0.027,,,,,,,,,,,,,,,,,,,,,,,,,,,0,2.0,0.02,55.7,6.0,55.696
950,Medium,RPath,1384,6.0,2.0,3.0,60.0,90.0,121.0,0.06666666666666667,Asphalt,40.9,2.0,2,40.89,0.064,0.128,0.1466992665036675,0.064,45,2,4.0,walkways,HMAC,1,2,2,1,2,0,1,2,0,1,2,0,1,2,0,0,0,0,0,0,0,0,0,0,0,5,0,2,0,0,0,0,0,0,1,2,2,0,0,0,0,0,0,0,0,0,0,0,0,0,1,2,2,0,0,0,0,1,0,0,0,0,0,0,0,0,0,0,0,0,0,0,0,0,0,0,0,0,0,0,0,0,5,0,0,0,0,0,0,0,0,0,0,0,0,0,5,0,0.147,,,,0.073,0.037,,0.037,,,,,,,,,,,,,,,,,,,,,,,,,,,0,2.0,0.064,40.9,6.0,40.89
951,Medium,RPath,1385,6.0,2.0,3.0,52.0,78.0,104.0,0.07692307692307693,Asphalt,51.3,2.0,2,51.348,0.022,0.044,0.1169590643274853,0.022,42,2,4.0,walkways,HMAC,1,2,2,1,2,0,1,2,0,0,0,0,1,2,2,1,0,0,0,0,0,0,0,0,0,0,0,2,0,0,0,0,0,0,1,2,2,0,0,0,0,0,0,0,0,0,0,0,0,0,1,0,0,0,0,4,0,1,0,0,0,0,0,0,0,0,0,0,0,0,0,0,0,0,0,0,1,2,0,0,0,0,0,3,0,1,0,0,0,0,0,0,0,0,0,0,5,0,0.088,,,,0.058,,,,,,,,,0.029,,,,,,,,,,,,,,,,,,,,,0,2.0,0.022,51.3,6.0,51.348
952,Medium,RPath,1386,6.0,2.0,3.0,68.0,102.0,136.0,0.058823529411764705,Asphalt,76.2,2.0,2,76.201,0.039,0.078,0.0787401574803149,0.039,33,2,4.0,walkways,HMAC,1,2,0,1,0,0,1,0,0,0,0,0,1,2,2,1,0,0,0,0,0,0,0,0,0,0,0,2,0,0,0,0,0,0,1,2,2,0,0,0,0,0,0,0,0,0,0,0,0,0,1,0,0,0,0,0,0,1,0,0,0,0,0,0,0,0,0,0,0,0,0,0,0,1,0,0,1,2,0,0,0,0,0,3,0,1,0,0,0,0,0,0,0,0,0,0,5,0,0.098,,,,0.059,0.02,,,,,,,,0.02,,,,,,,,,,,,,,,,,,,,,0,2.0,0.039,76.2,6.0,76.201
953,Medium,RPath,1387,6.0,2.0,3.0,15.0,23.0,30.0,0.2608695652173913,Asphalt,39.7,2.0,2,39.717,0.019,0.038,0.1511335012594458,0.019,37,2,4.0,walkways,HMAC,1,2,2,1,0,0,1,0,0,0,0,0,1,2,0,1,0,0,0,0,0,0,0,0,0,0,0,2,0,0,0,0,0,0,1,2,2,0,0,0,0,0,0,0,0,0,0,0,0,0,1,2,0,0,0,0,0,1,0,0,0,0,0,0,0,0,0,0,0,0,0,0,0,1,0,0,1,2,2,0,0,0,0,3,0,1,0,0,0,0,0,0,0,0,0,0,5,0,0.076,,,,0.076,,,,,,,,,,,,,,,,,,,,,,,,,,,,,,0,2.0,0.019,39.7,6.0,39.717
954,Medium,RPath,1399,6.0,2.0,3.0,218.0,328.0,437.0,0.018292682926829267,Asphalt,134.0,2.0,2,133.955,0.064,0.128,0.044776119402985,0.064,45,2,4.0,walkways,HMAC,1,2,0,1,2,0,1,0,0,0,0,0,1,2,2,1,2,0,0,0,0,1,0,0,0,5,0,2,0,0,0,0,0,0,1,2,0,0,0,0,0,0,0,0,1,0,0,0,0,0,1,2,0,0,0,0,0,1,0,0,0,0,0,0,0,0,0,0,0,0,1,0,0,1,2,0,1,0,0,0,0,0,0,3,1,0,0,0,0,0,0,0,0,0,0,0,5,0,0.19,,,,0.134,0.022,,0.034,,,,,,,,,,,,,,,,,,,,,,,,,,,0,2.0,0.064,134.0,6.0,133.955
955,Medium,RPath,1403,6.0,2.0,3.0,194.0,291.0,389.0,0.020618556701030927,Asphalt,43.9,2.0,2,43.865,0.085,0.17,0.1366742596810934,0.085,44,2,4.0,walkways,HMAC,1,2,0,1,2,0,0,0,0,0,0,0,1,2,2,1,0,0,0,0,0,0,0,0,0,5,0,2,0,0,0,0,0,0,1,0,0,0,0,0,0,0,0,0,0,0,0,0,0,0,1,2,2,0,0,0,0,1,0,0,0,0,0,0,0,0,0,0,0,0,1,0,0,1,0,0,1,0,0,0,0,0,5,3,1,1,0,0,0,0,0,0,0,0,0,0,5,0,0.239,,,0.034,0.205,,,,,,,,,,,,,,,,,,,,,,,,,,,,,,0,2.0,0.085,43.9,6.0,43.865
956,Medium,RPath,1405,6.0,2.0,3.0,111.0,167.0,223.0,0.03592814371257485,Asphalt,102.2,2.0,2,102.245,0.048,0.096,0.0587084148727984,0.048,37,2,4.0,walkways,HMAC,1,2,0,1,2,0,1,2,0,0,0,0,1,2,0,0,0,0,0,0,0,0,0,0,0,0,0,2,0,0,0,0,0,0,0,0,0,0,0,0,0,0,0,0,0,0,0,0,0,0,1,2,0,0,0,0,0,1,0,0,0,0,0,0,0,0,0,0,0,0,0,0,0,1,2,2,1,2,2,0,0,0,0,3,1,0,0,0,0,0,0,0,0,0,0,0,5,0,0.103,,,,0.073,,,,0.029,,,,,,,,,,,,,,,,,,,,,,,,,,0,2.0,0.048,102.2,6.0,102.245
957,Medium,RPath,1409,6.0,2.0,3.0,22.0,34.0,45.0,0.17647058823529413,Asphalt,81.4,2.0,2,81.426,0.014,0.028,0.0737100737100737,0.014,32,2,4.0,walkways,HMAC,1,2,0,0,0,0,0,0,0,0,0,0,1,2,0,1,0,0,0,0,0,0,0,0,0,0,0,2,0,0,0,0,0,0,1,2,0,0,0,0,0,0,0,0,0,0,0,0,0,0,1,2,0,0,0,0,0,1,0,0,0,0,0,0,0,0,0,0,0,0,0,0,0,1,2,2,1,2,0,0,0,0,0,3,0,0,0,0,0,0,0,0,0,0,0,0,5,0,0.055,,,,0.055,,,,,,,,,,,,,,,,,,,,,,,,,,,,,,0,2.0,0.014,81.4,6.0,81.426
958,Medium,RPath,1411,6.0,2.0,3.0,142.0,213.0,285.0,0.028169014084507043,Asphalt,74.9,2.0,2,74.924,0.085,0.17,0.0801068090787716,0.085,48,3,4.0,walkways,HMAC,1,2,2,1,2,2,1,2,0,0,0,0,1,2,2,0,0,0,0,0,0,0,0,0,0,0,0,2,0,0,0,0,0,0,1,2,2,0,0,0,0,0,0,0,1,0,0,0,1,0,1,2,0,0,0,0,3,1,0,0,0,0,0,0,0,0,0,0,0,0,0,0,0,1,2,2,1,0,0,0,0,0,0,3,0,0,0,0,0,0,0,0,0,0,0,0,5,0,0.22,,,,0.18,,,,0.02,,,,,,,,,,0.02,,,,,,,,,,,,,,,,0,2.0,0.085,74.9,6.0,74.924
959,Medium,RPath,1412,6.0,2.0,3.0,226.0,339.0,452.0,0.017699115044247787,Asphalt,79.4,2.0,2,79.41,0.08,0.16,0.0755667506297229,0.08,47,3,4.0,walkways,HMAC,1,2,2,1,2,2,1,2,0,0,0,0,1,2,0,1,0,0,0,0,0,0,0,0,0,0,0,2,0,0,0,0,0,0,1,2,2,0,0,0,0,0,0,0,1,0,0,0,1,0,1,2,0,0,0,0,3,1,0,0,0,0,0,0,0,0,0,0,0,0,0,0,0,1,2,2,1,0,0,0,0,0,0,3,0,0,0,0,0,0,0,0,0,0,0,0,5,0,0.208,,,0.019,0.17,0.019,,,,,,,,,,,,,,,,,,,,,,,,,,,,,0,2.0,0.08,79.4,6.0,79.41
960,Medium,RPath,1413,6.0,2.0,3.0,30.0,45.0,60.0,0.13333333333333333,Asphalt,77.4,2.0,2,77.38,0.019,0.038,0.0775193798449612,0.019,45,2,4.0,walkways,HMAC,1,2,2,1,2,0,1,0,0,0,0,0,0,0,0,1,2,0,0,0,0,0,0,0,0,0,0,2,0,0,0,0,0,0,1,2,2,0,0,0,0,0,0,0,0,0,0,0,1,1,1,2,2,0,0,0,0,1,0,0,0,0,0,0,0,0,0,0,0,0,0,0,0,1,0,0,1,2,0,0,0,0,5,3,0,0,0,0,0,0,1,0,0,0,0,0,5,0,0.078,,,,0.078,,,,,,,,,,,,,,,,,,,,,,,,,,,,,,0,2.0,0.019,77.4,6.0,77.38
961,Medium,RPath,1414,6.0,2.0,3.0,137.0,205.0,273.0,0.02926829268292683,Asphalt,76.5,2.0,2,76.338,0.054,0.108,0.0784313725490196,0.054,38,2,4.0,walkways,HMAC,1,2,0,1,0,0,1,0,0,0,0,0,1,0,0,1,2,0,0,0,0,0,0,0,0,0,0,2,0,0,0,0,0,0,1,2,2,0,0,0,0,0,0,0,0,0,0,0,1,0,1,2,0,0,0,0,0,1,0,0,0,0,0,0,0,0,0,0,0,0,0,0,0,1,0,0,1,2,0,0,0,0,5,3,0,0,0,0,0,0,0,0,0,0,0,0,5,0,0.196,,,,0.157,,,0.02,,,,,,,,,,0.02,,,,,,,,,,,,,,,,,0,2.0,0.054,76.5,6.0,76.338
962,Medium,RPath,1415,6.0,2.0,3.0,45.0,67.0,90.0,0.08955223880597014,Asphalt,76.0,2.0,2,75.988,0.03,0.06,0.0789473684210526,0.03,45,2,4.0,walkways,HMAC,1,2,0,1,2,0,1,2,0,0,0,0,1,2,0,1,0,0,0,0,0,0,0,0,0,0,0,2,0,0,0,0,0,0,1,2,2,0,0,0,0,0,0,0,0,0,0,0,1,0,1,2,0,0,0,0,0,1,0,0,0,0,0,0,0,0,0,0,0,0,0,0,0,1,2,0,1,2,0,0,0,0,5,3,0,0,1,0,0,0,0,0,0,0,0,0,5,0,0.118,,,,0.118,,,,,,,,,,,,,,,,,,,,,,,,,,,,,,0,2.0,0.03,76.0,6.0,75.988
963,Medium,RPath,1416,6.0,2.0,3.0,30.0,45.0,60.0,0.13333333333333333,Asphalt,83.6,2.0,2,83.551,0.018,0.036,0.0717703349282296,0.018,48,3,4.0,walkways,HMAC,1,2,0,1,0,0,1,0,0,0,0,0,1,2,0,1,0,0,0,0,0,0,0,0,0,0,0,2,0,0,0,0,0,0,1,2,2,0,0,0,0,0,0,0,0,0,0,0,1,0,1,2,2,0,0,0,3,1,0,0,0,0,0,0,0,0,0,0,0,0,0,0,0,1,2,0,1,2,2,0,0,0,5,3,0,0,1,0,0,0,0,0,0,0,0,0,5,0,0.072,,,,0.072,,,,,,,,,,,,,,,,,,,,,,,,,,,,,,0,2.0,0.018,83.6,6.0,83.551
964,Medium,RPath,1417,6.0,2.0,3.0,114.0,170.0,227.0,0.03529411764705882,Asphalt,101.4,2.0,2,101.375,0.037,0.074,0.059171597633136,0.037,47,3,4.0,walkways,HMAC,1,2,0,1,2,0,1,2,0,0,0,0,1,2,2,1,0,0,0,0,0,0,0,0,0,0,0,2,0,0,0,0,0,0,1,0,0,0,0,0,0,0,0,0,0,0,0,0,0,0,1,2,2,0,0,0,3,1,0,0,0,0,0,0,0,0,0,0,0,0,0,0,0,1,2,2,1,2,2,0,0,0,0,3,1,0,1,0,0,0,0,0,0,0,0,0,5,0,0.104,,,,0.059,0.015,,0.03,,,,,,,,,,,,,,,,,,,,,,,,,,,0,2.0,0.037,101.4,6.0,101.375
965,Medium,RPath,1425,6.0,2.0,3.0,195.0,293.0,390.0,0.020477815699658702,Asphalt,42.6,2.0,2,42.641,0.088,0.176,0.1408450704225352,0.088,45,2,4.0,walkways,HMAC,1,2,0,0,0,0,0,0,0,0,0,0,1,2,2,1,2,0,0,0,0,0,0,0,0,5,0,2,0,0,0,0,0,0,1,2,0,0,0,0,0,0,0,0,0,0,0,0,1,0,1,2,0,0,0,0,0,1,0,0,0,0,0,0,0,0,0,0,0,0,0,0,0,1,2,0,1,2,0,0,0,0,0,3,1,1,0,0,0,0,0,0,0,1,2,0,5,0,0.352,,,,0.211,,,0.141,,,,,,,,,,,,,,,,,,,,,,,,,,,0,2.0,0.088,42.6,6.0,42.641
966,Medium,RPath,1428,6.0,2.0,3.0,15.0,23.0,30.0,0.2608695652173913,Asphalt,49.4,2.0,2,49.413,0.015,0.03,0.1214574898785425,0.015,33,2,4.0,walkways,HMAC,1,2,2,1,0,0,0,0,0,0,0,0,1,0,0,0,0,0,0,0,0,0,0,0,0,0,0,2,0,0,0,0,0,0,0,0,0,0,0,0,0,0,0,0,0,0,0,0,1,0,1,2,2,0,0,0,0,1,0,0,0,0,0,0,0,0,0,0,0,0,0,0,0,1,2,0,0,0,0,0,0,0,5,3,0,1,0,0,0,0,0,0,0,0,0,0,5,0,0.061,,,,0.061,,,,,,,,,,,,,,,,,,,,,,,,,,,,,,0,2.0,0.015,49.4,6.0,49.413
967,Medium,RPath,1432,6.0,2.0,3.0,53.0,79.0,106.0,0.0759493670886076,Asphalt,79.4,2.0,2,78.939,0.014,0.028,0.0755667506297229,0.014,32,2,4.0,walkways,HMAC,1,2,2,1,0,0,0,0,0,1,2,0,1,2,0,0,0,0,0,0,0,0,0,0,0,0,0,2,0,0,0,0,0,0,1,0,0,0,0,0,0,0,0,0,0,0,0,0,0,0,1,2,2,0,0,0,0,1,0,0,0,0,0,0,0,0,0,0,0,0,0,0,0,0,0,0,1,2,0,0,0,0,0,3,0,0,0,0,0,0,0,0,0,0,0,0,5,0,0.057,,,,0.038,,,0.019,,,,,,,,,,,,,,,,,,,,,,,,,,,0,2.0,0.014,79.4,6.0,78.939
968,Medium,RPath,1437,6.0,2.0,3.0,173.0,259.0,346.0,0.023166023166023165,Asphalt,79.9,2.0,2,79.924,0.089,0.178,0.0750938673341677,0.089,39,2,4.0,walkways,HMAC,1,2,2,1,2,0,0,0,0,0,0,0,1,2,2,0,0,0,0,0,0,0,0,0,0,0,0,2,0,0,0,0,0,0,1,2,2,0,0,0,0,0,0,0,0,0,0,0,0,0,1,2,0,0,0,0,0,1,0,0,0,0,0,0,0,0,0,0,0,0,0,0,0,1,2,0,1,2,0,0,0,0,0,3,1,0,0,0,0,0,0,0,0,0,0,0,5,0,0.357,,,,0.338,,,,,,,0.019,,,,,,,,,,,,,,,,,,,,,,,0,2.0,0.089,79.9,6.0,79.924
969,Medium,RPath,1438,6.0,2.0,3.0,89.0,134.0,178.0,0.04477611940298507,Asphalt,92.8,2.0,2,92.761,0.016,0.032,0.0646551724137931,0.016,40,2,4.0,walkways,HMAC,1,2,2,0,0,0,0,0,0,0,0,0,1,2,0,1,2,0,0,0,0,1,0,0,0,0,0,2,0,0,0,0,0,0,1,2,0,0,0,0,0,0,0,0,1,0,0,0,0,0,1,2,0,0,0,0,3,1,0,0,0,0,0,0,0,0,0,0,0,0,0,0,0,1,2,0,1,2,0,0,0,0,0,3,1,0,0,0,0,0,0,0,0,0,0,0,5,0,0.065,,,,0.032,,,0.032,,,,,,,,,,,,,,,,,,,,,,,,,,,0,2.0,0.016,92.8,6.0,92.761
970,Medium,RPath,1459,6.0,2.0,3.0,37.0,56.0,75.0,0.10714285714285714,Asphalt,74.6,2.0,2,74.595,0.02,0.04,0.0804289544235925,0.02,43,2,4.0,walkways,HMAC,1,2,2,1,2,0,1,2,0,0,0,0,1,0,0,0,0,0,0,0,0,0,0,0,0,0,0,2,0,0,0,0,0,0,1,2,2,0,0,0,0,0,0,0,0,0,0,0,1,0,1,2,0,0,0,0,0,1,0,0,0,0,0,0,0,0,0,0,0,0,0,0,0,1,2,0,1,2,0,0,0,0,5,3,0,0,0,0,0,0,0,0,0,0,0,0,5,0,0.02,,,,,,,,0.02,,,,,,,,,,,,,,,,,,,,,,,,,,0,2.0,0.02,74.6,6.0,74.595
971,Medium,RPath,1463,6.0,2.0,3.0,60.0,90.0,120.0,0.06666666666666667,Asphalt,57.2,2.0,2,57.163,0.046,0.092,0.1048951048951049,0.046,43,2,4.0,walkways,HMAC,1,2,0,1,2,0,0,0,0,1,0,0,1,2,2,0,0,0,0,0,0,0,0,0,0,5,0,2,0,0,0,0,0,0,1,2,2,0,0,0,1,0,0,0,0,0,0,0,1,0,1,2,0,0,0,0,0,1,0,0,0,0,0,0,0,0,0,0,0,0,0,0,0,1,2,0,1,0,0,0,0,0,0,3,1,0,0,0,0,0,0,0,0,0,0,0,5,0,0.105,,,,0.079,,,,,,,,0.026,,,,,,,,,,,,,,,,,,,,,,0,2.0,0.046,57.2,6.0,57.163
972,Medium,RPath,1471,6.0,2.0,3.0,176.0,264.0,351.0,0.022727272727272728,Asphalt,85.7,2.0,2,85.722,0.087,0.174,0.0700116686114352,0.087,39,2,4.0,walkways,HMAC,1,2,2,1,2,0,1,2,0,0,0,0,0,0,0,0,0,0,0,0,0,0,0,0,0,5,0,2,0,0,0,0,0,0,0,0,0,0,0,0,0,0,0,0,0,0,0,0,1,0,1,2,0,0,0,0,0,1,0,0,0,0,0,0,0,0,0,0,0,0,0,0,0,1,2,0,0,0,0,0,0,0,5,0,1,1,1,0,0,0,0,0,0,0,0,0,5,0,0.087,,0.017,,,0.07,,,,,,,,,,,,,,,,,,,,,,,,,,,,,0,2.0,0.087,85.7,6.0,85.722
973,Medium,RPath,1476,6.0,2.0,3.0,45.0,67.0,90.0,0.08955223880597014,Asphalt,94.4,2.0,2,94.398,0.095,0.19,0.0635593220338983,0.095,37,2,4.0,walkways,HMAC,1,2,2,1,2,0,1,2,0,0,0,0,1,2,0,0,0,0,0,0,0,0,0,0,0,0,0,2,0,0,0,0,0,0,0,0,0,0,0,0,0,0,0,0,0,0,0,0,1,0,1,2,0,0,0,0,0,1,0,0,0,0,0,0,0,0,0,0,0,0,0,0,0,1,2,0,0,0,0,0,0,0,0,3,1,1,0,1,2,0,0,0,0,0,0,0,5,0,0.095,,,,,0.095,,,,,,,,,,,,,,,,,,,,,,,,,,,,,0,2.0,0.095,94.4,6.0,94.398
974,Medium,RPath,1477,6.0,2.0,3.0,37.0,56.0,75.0,0.10714285714285714,Asphalt,87.9,2.0,2,87.931,0.017,0.034,0.068259385665529,0.017,31,2,4.0,walkways,SS,1,2,0,1,2,0,1,2,0,0,0,0,1,2,0,0,0,0,0,0,0,0,0,0,0,0,0,2,0,0,0,0,0,0,0,0,0,0,0,0,0,0,0,0,0,0,0,0,1,0,1,2,0,0,0,0,0,1,0,0,0,0,0,0,0,0,0,0,0,0,0,0,0,1,2,0,0,0,0,0,0,0,0,3,0,0,0,1,0,0,0,0,0,0,0,0,5,0,0.017,,,,,,,,,,,,,,,,,,,,,,,,,,,,0.017,,,,,,0,2.0,0.017,87.9,6.0,87.931
975,Medium,RPath,1484,6.0,2.0,3.0,30.0,45.0,60.0,0.13333333333333333,Asphalt,35.1,2.0,2,35.094,0.043,0.086,0.1709401709401709,0.043,33,2,4.0,walkways,HMAC,1,2,0,0,0,0,0,0,0,0,0,0,1,2,2,0,0,0,0,0,0,0,0,0,0,5,0,2,0,0,0,0,0,0,0,0,0,0,0,0,0,0,0,0,0,0,0,0,0,0,1,0,0,0,0,0,0,1,0,0,0,0,0,0,0,0,0,0,0,0,0,0,0,0,0,0,1,2,0,0,0,0,5,0,1,1,1,0,0,0,0,0,0,0,0,0,5,0,0.171,,,,0.171,,,,,,,,,,,,,,,,,,,,,,,,,,,,,,0,2.0,0.043,35.1,6.0,35.094
976,Medium,RPath,1491,6.0,2.0,3.0,8.0,11.0,15.0,0.5454545454545454,Asphalt,72.9,2.0,2,72.9,0.021,0.042,0.0823045267489712,0.021,41,2,4.0,walkways,CON,1,2,2,1,2,0,0,0,0,1,2,0,1,2,0,0,0,0,0,0,0,0,0,0,0,0,0,2,0,0,0,0,0,0,1,2,2,0,0,0,0,0,0,0,1,2,0,0,1,0,1,2,2,0,0,0,0,1,0,0,0,0,0,0,0,0,0,0,0,0,0,0,0,1,2,0,1,0,0,0,0,0,0,0,1,0,0,0,0,0,0,0,0,0,0,0,5,0,0.021,,,,,0.021,,,,,,,,,,,,,,,,,,,,,,,,,,,,,0,2.0,0.021,72.9,6.0,72.9
977,Medium,RPath,1511,6.0,2.0,3.0,30.0,45.0,60.0,0.13333333333333333,Asphalt,81.9,2.0,2,81.916,0.018,0.036,0.0732600732600732,0.018,34,2,4.0,walkways,HMAC,1,2,0,1,0,0,1,0,0,0,0,0,1,2,0,1,2,0,0,0,0,0,0,0,0,0,0,2,0,0,0,0,0,0,1,2,0,0,0,0,0,0,0,0,1,0,0,0,0,0,1,2,0,0,0,0,0,1,0,0,0,0,0,0,0,0,0,0,0,0,0,0,0,1,0,0,1,2,0,0,0,0,0,3,0,1,0,0,0,0,0,0,0,0,0,0,5,0,0.073,,,,0.073,,,,,,,,,,,,,,,,,,,,,,,,,,,,,,0,2.0,0.018,81.9,6.0,81.916
978,Medium,RPath,1513,6.0,2.0,3.0,60.0,90.0,119.0,0.06666666666666667,Asphalt,40.2,2.0,2,138.436,0.037,0.074,0.1492537313432835,0.037,36,2,4.0,walkways,HMAC,1,2,2,0,0,0,0,0,0,1,2,0,1,2,0,0,0,0,0,0,0,0,0,0,0,5,0,2,0,0,0,0,0,0,1,0,0,0,0,0,0,0,0,0,0,0,0,0,0,0,1,2,0,0,0,0,0,1,0,0,0,0,0,0,0,0,0,0,0,0,0,0,0,0,0,0,1,2,2,0,0,0,0,3,0,0,0,0,0,0,0,0,0,0,0,0,5,0,0.149,,,,0.112,,,0.037,,,,,,,,,,,,,,,,,,,,,,,,,,,0,2.0,0.037,40.2,6.0,138.436
979,Medium,RPath,1516,6.0,2.0,3.0,336.0,505.0,673.0,0.011881188118811881,Asphalt,50.6,2.0,2,50.612,0.089,0.178,0.1185770750988142,0.089,35,2,4.0,walkways,SS,1,2,2,0,0,0,0,0,0,0,0,0,1,2,2,0,0,0,0,0,0,0,0,0,0,5,0,2,0,0,0,0,0,0,0,0,0,0,0,0,0,0,0,0,0,0,0,0,0,0,1,2,2,0,0,0,0,1,0,0,0,0,0,0,0,0,0,0,0,0,0,0,0,1,0,0,1,2,0,0,0,0,0,0,1,1,1,0,0,0,0,0,0,0,0,0,5,0,0.089,,,,,,,,,,,,,,,,,,,,0.03,,,,,,,0.059,,,,,,,0,2.0,0.089,50.6,6.0,50.612
980,Medium,RPath,1521,6.0,2.0,3.0,37.0,56.0,75.0,0.10714285714285714,Asphalt,39.6,2.0,2,39.864,0.047,0.094,0.1515151515151515,0.047,43,2,4.0,walkways,HMAC,1,2,2,0,0,0,0,0,0,1,0,0,1,2,2,1,2,0,0,0,0,0,0,0,0,5,0,2,0,0,0,0,0,0,1,2,0,0,0,0,0,0,0,0,0,0,0,0,1,0,1,2,0,0,0,0,0,1,0,0,0,0,0,0,0,0,0,0,0,0,0,0,0,1,0,0,1,2,0,0,0,0,0,0,1,1,0,0,0,0,0,0,0,1,2,0,5,0,0.189,,,,0.189,,,,,,,,,,,,,,,,,,,,,,,,,,,,,,0,2.0,0.047,39.6,6.0,39.864
981,Medium,RPath,1522,6.0,2.0,3.0,8.0,11.0,15.0,0.5454545454545454,Asphalt,36.1,2.0,2,36.136,0.01,0.02,0.1662049861495844,0.01,33,2,4.0,walkways,HMAC,1,2,2,0,0,0,0,0,0,1,2,0,1,2,0,1,2,0,0,0,0,0,0,0,0,0,0,2,0,0,0,0,0,0,1,2,0,0,0,0,0,0,0,0,0,0,0,0,0,0,1,0,0,0,0,0,0,1,0,0,0,0,0,0,0,0,0,0,0,0,0,0,0,1,0,0,1,2,0,0,0,0,0,0,1,1,0,0,0,0,0,0,0,1,0,0,5,0,0.042,,,,0.042,,,,,,,,,,,,,,,,,,,,,,,,,,,,,,0,2.0,0.01,36.1,6.0,36.136
982,Medium,RPath,1527,6.0,2.0,3.0,332.0,499.0,665.0,0.012024048096192385,Asphalt,80.7,2.0,2,80.708,0.06,0.12,0.0743494423791821,0.06,34,2,4.0,walkways,HMAC,1,2,2,0,0,0,0,0,0,0,0,0,1,0,0,1,0,0,0,0,0,0,0,0,0,0,0,2,0,0,0,1,0,0,1,2,0,0,0,0,0,0,0,0,0,0,0,0,0,0,1,2,0,0,0,0,3,1,0,0,0,0,0,0,0,0,0,0,0,0,0,0,0,1,2,0,0,0,0,0,0,0,0,3,1,1,1,0,0,0,0,0,0,0,0,0,5,0,0.223,,,,0.074,,,0.112,,,,0.019,,,,,,0.019,,,,,,,,,,,,,,,,,0,2.0,0.06,80.7,6.0,80.708
983,Medium,RPath,1528,6.0,2.0,3.0,52.0,79.0,105.0,0.0759493670886076,Asphalt,78.9,2.0,2,78.918,0.014,0.028,0.0760456273764258,0.014,32,2,4.0,walkways,HMAC,1,2,2,0,0,0,0,0,0,0,0,0,1,0,0,1,0,0,0,0,0,0,0,0,0,0,0,2,0,0,0,1,0,0,1,0,0,0,0,0,0,0,0,0,0,0,0,0,0,0,1,2,0,0,0,0,3,1,0,0,0,0,0,0,0,0,0,0,0,0,0,0,0,1,2,0,0,0,0,0,0,0,0,3,1,1,1,0,0,0,0,0,0,0,0,0,5,0,0.057,,,,0.038,,,,,,,0.019,,,,,,,,,,,,,,,,,,,,,,,0,2.0,0.014,78.9,6.0,78.918
984,Medium,RPath,1604,6.0,2.0,3.0,52.0,78.0,104.0,0.07692307692307693,Asphalt,53.3,2.0,2,53.349,0.042,0.084,0.1125703564727955,0.042,45,2,4.0,walkways,HMAC,1,2,2,1,2,2,1,2,2,1,2,0,1,2,0,0,0,0,0,0,0,0,0,0,0,5,0,2,0,0,0,0,0,0,1,2,0,0,0,0,0,0,0,0,0,0,0,0,0,0,1,2,0,0,0,0,0,1,0,0,0,0,0,0,0,0,0,0,0,0,0,0,0,0,0,0,1,0,0,0,0,0,0,3,0,1,0,0,0,0,0,0,0,0,0,0,5,0,0.084,,,,0.056,,,,,,,,,,,,,,0.028,,,,,,,,,,,,,,,,0,2.0,0.042,53.3,6.0,53.349
985,Medium,RPath,1605,6.0,2.0,3.0,165.0,247.0,330.0,0.024291497975708502,Asphalt,48.0,2.0,2,48.032,0.047,0.094,0.125,0.047,46,3,4.0,walkways,HMAC,1,2,2,1,2,2,1,2,0,1,0,0,1,0,0,0,0,0,0,0,0,0,0,0,0,5,0,2,0,0,0,0,0,0,1,2,0,0,0,0,0,0,0,0,0,0,0,0,0,0,1,2,0,0,0,0,0,1,0,0,0,0,0,0,0,0,0,0,0,0,1,0,0,1,0,0,1,0,0,0,0,0,5,3,0,1,0,0,0,0,0,0,0,0,0,0,5,0,0.187,,,,0.062,,,0.125,,,,,,,,,,,,,,,,,,,,,,,,,,,0,2.0,0.047,48.0,6.0,48.032
986,Medium,RPath,1607,6.0,2.0,3.0,90.0,135.0,181.0,0.044444444444444446,Asphalt,38.1,2.0,2,39.986,0.039,0.078,0.1574803149606299,0.039,44,2,4.0,walkways,HMAC,1,2,2,1,0,0,1,0,0,1,2,0,1,2,0,0,0,0,0,0,0,0,0,0,0,5,0,2,0,0,0,0,0,0,1,2,2,0,0,0,0,0,0,0,0,0,0,0,0,0,1,2,0,0,0,0,0,1,0,0,0,0,0,0,0,0,0,0,0,0,1,2,0,0,0,0,1,2,0,0,0,0,0,3,0,1,0,0,0,0,0,0,0,0,0,0,5,0,0.157,,,,0.079,,,0.079,,,,,,,,,,,,,,,,,,,,,,,,,,,0,2.0,0.039,38.1,6.0,39.986
987,Medium,RPath,1608,6.0,2.0,3.0,7.0,11.0,15.0,0.5454545454545454,Asphalt,14.0,2.0,2,13.996,0.027,0.054,0.4285714285714285,0.027,46,3,4.0,walkways,HMAC,1,2,2,1,0,0,1,0,0,1,2,0,1,2,0,0,0,0,0,0,0,0,0,0,0,0,0,2,0,0,0,0,0,0,1,2,2,0,0,0,0,0,0,0,0,0,0,0,0,0,1,2,2,0,0,0,0,1,0,0,0,0,0,0,0,0,0,0,0,0,1,2,0,0,0,0,1,2,0,0,0,0,5,3,0,1,0,0,0,0,0,0,0,0,0,0,5,0,0.107,,,,0.107,,,,,,,,,,,,,,,,,,,,,,,,,,,,,,0,2.0,0.027,14.0,6.0,13.996
988,Medium,RPath,92,5.0,5.0,1.0,240.0,360.0,481.0,0.013888888888888888,Asphalt,115.8,4.0,5,112.559,0.356,1.7799999999999998,0.0431778929188255,0.356,91,5,20.0,sidewalks,HMAC,1,2,0,0,0,0,0,0,0,1,0,0,1,2,2,1,2,0,0,0,0,1,2,2,5,5,0,2,1,0,0,1,0,0,1,2,2,0,0,0,1,2,2,5,1,2,2,0,1,1,1,2,2,5,5,0,0,1,1,2,2,1,0,0,0,0,0,0,0,0,0,0,0,1,0,0,1,2,0,0,0,0,0,3,1,1,1,1,0,0,0,0,0,0,0,0,5,0,0.363,,,,,0.35,,,,,,,,,,,,0.013,,,,,,,,,,,,,,,,,1,4.0,0.356,115.8,15.0,112.559
989,Medium,RPath,220,5.0,5.0,1.0,616.0,924.0,1232.0,0.005411255411255411,Asphalt,111.0,4.0,5,114.377,0.253,1.265,0.045045045045045,0.253,91,5,20.0,sidewalks,CON,1,2,0,1,0,0,0,0,0,1,2,0,1,0,0,1,2,0,0,0,0,0,0,0,5,0,0,0,1,2,2,0,0,0,1,0,0,0,0,0,0,0,0,5,1,2,2,0,1,1,1,2,2,0,5,0,3,1,1,2,0,1,0,0,1,2,2,0,0,0,1,2,0,1,2,0,1,2,2,0,0,0,5,3,1,1,1,1,2,0,1,0,0,1,2,0,5,0,0.324,0.027,,,0.068,0.162,,,,,,,,,,,,0.041,0.027,,,,,,,,,,,,,,,,1,4.0,0.253,111.0,15.0,114.377
990,Medium,RPath,322,5.0,5.0,1.0,210.0,315.0,420.0,0.015873015873015872,Asphalt,114.8,4.0,5,114.829,0.327,1.635,0.0435540069686411,0.327,88,5,20.0,sidewalks,CON,1,2,2,1,0,0,0,0,0,0,0,0,1,2,2,1,2,2,0,0,0,1,2,0,0,5,0,0,0,0,0,1,2,0,1,2,2,0,0,0,1,0,0,0,1,2,0,0,1,0,1,2,2,5,5,0,3,1,0,0,0,1,2,0,1,2,0,1,2,2,0,0,0,1,2,0,1,2,0,0,0,0,5,3,1,0,1,0,0,0,0,0,0,0,0,0,5,0,0.366,,,,0.052,0.314,,,,,,,,,,,,,,,,,,,,,,,,,,,,,0,4.0,0.327,114.8,5.0,114.829
991,Medium,RPath,406,5.0,5.0,1.0,164.0,246.0,328.0,0.02032520325203252,Asphalt,77.9,4.0,5,81.959,0.26,1.3,0.0641848523748395,0.26,92,5,20.0,sidewalks,HMAC,1,2,0,1,2,0,1,0,0,1,2,0,1,2,0,0,0,0,0,0,0,1,2,0,0,5,0,2,1,2,0,0,0,0,1,2,2,0,0,0,1,2,2,5,1,2,0,0,1,0,1,2,2,5,5,0,3,1,1,2,0,0,0,0,1,0,0,0,0,0,0,0,0,1,2,0,1,2,0,0,0,0,5,3,1,0,1,1,2,0,0,0,0,0,0,0,5,0,0.27,,,,,0.231,,,,,,,,,,,0.019,0.019,,,,,,,,,,,,,,,,,1,4.0,0.26,77.9,15.0,81.959
992,Medium,RPath,454,5.0,5.0,1.0,1551.0,2327.0,3103.0,0.0021486892995272885,Asphalt,329.4,4.0,5,329.5,0.408,2.04,0.0151791135397692,0.408,86,5,20.0,sidewalks,HMAC,1,2,2,1,2,0,1,2,0,0,0,0,1,2,2,1,0,0,0,0,0,0,0,0,5,5,0,2,0,0,0,1,0,0,1,2,2,0,0,0,0,0,0,0,1,2,2,0,0,0,1,2,0,0,5,0,3,1,0,0,0,1,0,0,1,2,2,1,0,0,1,2,0,1,2,2,1,2,0,0,0,0,5,3,1,0,1,1,0,0,0,0,0,0,0,0,5,0,0.451,,,0.018,0.046,0.351,,,,0.009,,,,,,0.005,0.023,,,,,,,,,,,,,,,,,,1,4.0,0.408,329.4,15.0,329.5
993,Medium,RPath,491,5.0,5.0,1.0,1464.0,2196.0,2928.0,0.002276867030965392,Asphalt,329.0,4.0,5,329.001,0.35,1.75,0.0151975683890577,0.35,95,5,20.0,sidewalks,HMAC,1,2,2,1,2,2,1,2,2,0,0,0,1,2,2,1,2,0,0,0,0,0,0,0,5,5,0,2,0,0,0,1,2,2,1,2,2,0,0,0,0,0,0,0,1,2,0,0,0,0,1,0,0,0,5,4,0,1,0,0,0,1,2,0,1,2,2,1,0,0,1,0,0,1,2,2,1,2,2,0,0,0,5,3,1,1,1,0,0,0,0,0,0,0,0,0,5,0,0.442,,,0.009,0.091,0.274,,,,,,0.005,0.009,,,0.032,0.014,0.009,,,,,,,,,,,,,,,,,2,4.0,0.35,329.0,25.0,329.001
994,Medium,RPath,674,5.0,5.0,1.0,314.0,472.0,629.0,0.01059322033898305,Asphalt,74.5,4.0,5,75.671,0.332,1.66,0.0671140939597315,0.332,88,5,20.0,sidewalks,HMAC,1,2,0,1,2,0,1,0,0,1,2,0,1,2,0,1,0,0,0,0,0,0,0,0,0,5,0,2,1,2,2,0,0,0,1,2,2,0,0,0,0,0,0,5,1,2,2,0,0,0,1,2,2,5,5,0,0,1,0,0,0,1,2,0,1,2,2,0,0,0,0,0,0,1,2,0,1,2,2,0,0,0,5,3,1,0,0,0,0,0,0,0,0,1,0,0,5,0,0.685,,,,0.443,0.201,,,,,,,,,,,,0.04,,,,,,,,,,,,,,,,,0,4.0,0.332,74.5,5.0,75.671
995,Medium,RPath,681,5.0,5.0,1.0,782.0,1173.0,1565.0,0.004262574595055414,Asphalt,278.4,4.0,5,278.305,0.455,2.275,0.0179597701149425,0.455,103,5,20.0,sidewalks,HMAC,1,2,2,1,0,0,0,0,0,0,0,0,1,2,2,1,2,2,0,0,0,1,2,0,5,0,0,2,1,0,0,1,2,2,1,2,2,0,0,0,1,2,0,5,1,2,0,0,1,0,1,2,2,5,5,0,3,1,1,0,0,1,2,2,1,2,2,1,2,0,1,2,0,1,0,0,1,0,0,0,0,0,5,3,1,0,1,1,0,0,0,0,0,0,0,0,5,0,0.523,,,,0.086,0.426,,,,,,,0.005,,,0.005,,,,,,,,,,,,,,,,,,,0,4.0,0.455,278.4,5.0,278.305
996,Medium,RPath,685,5.0,5.0,1.0,597.0,895.0,1193.0,0.00558659217877095,Asphalt,98.7,4.0,5,97.498,0.334,1.6700000000000002,0.0506585612968591,0.334,93,5,20.0,sidewalks,HMAC,1,2,0,1,2,0,1,0,0,1,2,2,1,2,0,1,0,0,0,0,0,0,0,0,5,5,0,2,1,2,2,0,0,0,1,2,2,0,0,0,0,0,0,5,1,2,2,0,0,0,1,2,2,5,5,0,0,1,0,0,0,1,0,0,1,2,2,0,0,0,0,0,0,1,2,0,1,2,2,0,0,0,5,3,1,0,0,0,0,0,0,0,0,1,0,0,5,0,0.334,0.046,,,,0.289,,,,,,,,,,,,,,,,,,,,,,,,,,,,,0,4.0,0.334,98.7,5.0,97.498
997,Medium,RPath,686,5.0,5.0,1.0,324.0,487.0,649.0,0.01026694045174538,Asphalt,72.1,4.0,5,72.327,0.406,2.03,0.0693481276005548,0.406,97,5,20.0,sidewalks,HMAC,1,2,2,1,0,0,0,0,0,1,2,2,1,2,2,1,0,0,0,0,0,0,0,0,5,5,0,2,1,2,2,0,0,0,1,2,2,0,0,0,0,0,0,5,1,2,2,0,0,0,1,2,2,5,5,0,0,0,0,0,0,1,2,0,1,2,2,0,0,0,0,0,0,1,2,0,1,2,2,0,0,0,5,3,1,1,1,0,0,0,0,0,0,1,0,0,5,0,0.416,0.021,,,,0.375,,,,,,,,,,,,0.021,,,,,,,,,,,,,,,,,1,4.0,0.406,72.1,15.0,72.327
998,Medium,RPath,717,5.0,5.0,1.0,1263.0,1895.0,2527.0,0.002638522427440633,Asphalt,242.7,4.0,5,243.33,0.297,1.485,0.0206015657189946,0.297,103,5,20.0,sidewalks,CON,1,2,0,1,2,0,1,0,0,1,2,0,1,2,2,1,2,2,0,0,0,0,0,0,5,0,0,2,1,2,2,0,0,0,1,2,2,0,0,0,0,0,0,5,1,2,0,0,1,0,1,2,2,5,5,0,0,1,0,0,0,1,2,0,1,2,2,0,0,0,1,0,0,1,2,0,1,2,2,0,0,0,5,3,1,1,1,1,2,0,0,0,0,1,2,2,5,0,0.371,0.019,,0.006,0.074,0.222,,,0.012,,,,,,,,,0.037,,,,,,,,,,,,,,,,,0,4.0,0.297,242.7,5.0,243.33
999,Medium,RPath,750,5.0,5.0,1.0,472.0,708.0,944.0,0.007062146892655367,Asphalt,92.2,4.0,5,91.391,0.281,1.4050000000000002,0.054229934924078,0.281,86,5,20.0,sidewalks,CON,1,2,0,0,0,0,0,0,0,1,2,0,1,0,0,1,2,2,0,0,0,0,0,0,5,0,0,0,1,2,2,0,0,0,1,0,0,0,0,0,0,0,0,0,1,2,2,0,1,1,1,2,2,0,5,0,0,1,1,2,0,1,0,0,1,2,2,0,0,0,1,2,2,1,2,0,1,2,2,1,0,0,5,0,1,1,1,1,2,0,1,2,0,1,2,0,5,0,0.504,,,,0.179,0.195,,,,,,,,0.098,,0.016,,0.016,,,,,,,,,,,,,,,,,0,4.0,0.281,92.2,5.0,91.391
1000,Medium,RPath,1190,5.0,5.0,1.0,941.0,1411.0,1881.0,0.003543586109142452,Asphalt,380.8,4.0,5,380.04,0.356,1.7799999999999998,0.0131302521008403,0.356,92,5,20.0,sidewalks,HMAC,1,2,0,1,2,2,1,0,0,0,0,0,1,2,2,1,2,2,0,0,0,0,0,0,5,5,0,2,0,0,0,1,2,0,1,2,2,1,2,0,0,0,0,0,0,0,0,0,1,1,1,2,2,5,5,4,3,1,0,0,0,0,0,0,0,0,0,0,0,0,1,0,0,1,2,0,1,2,2,0,0,0,5,3,1,1,1,0,0,0,0,0,0,0,0,0,5,0,0.398,,,,0.047,0.327,,,,,,,,,,,0.012,0.012,,,,,,,,,,,,,,,,,0,4.0,0.356,380.8,5.0,380.04
1001,Medium,RPath,9,4.0,4.0,1.0,300.0,450.0,600.0,0.008888888888888889,Asphalt,79.0,4.0,4,63.096,0.256,1.024,0.050632911392405,0.256,73,4,16.0,sidewalks,HMAC,1,2,2,1,0,0,0,0,0,0,0,0,1,2,0,1,2,2,0,0,0,0,0,0,0,5,0,0,1,2,2,0,0,0,1,2,2,0,0,0,0,0,0,0,1,2,0,0,0,0,1,2,2,0,5,0,0,0,0,0,0,0,0,0,1,0,0,0,0,0,0,0,0,1,2,2,1,2,2,1,0,0,0,0,1,1,1,1,2,2,1,2,0,1,2,0,5,0,0.455,,,,0.228,0.152,,0.038,,,,,0.019,,,,0.019,,,,,,,,,,,,,,,,,,1,4.0,0.256,79.0,14.0,63.096
1002,Medium,RPath,20,4.0,4.0,1.0,451.0,676.0,902.0,0.005917159763313609,Asphalt,239.2,4.0,4,234.682,0.296,1.184,0.0167224080267558,0.296,74,4,16.0,sidewalks,HMAC,1,2,2,1,0,0,1,0,0,0,0,0,1,2,2,1,0,0,0,0,0,0,0,0,5,5,0,0,0,0,0,0,0,0,1,2,2,1,2,2,1,2,2,0,1,0,0,0,0,0,1,2,2,0,5,4,3,0,0,0,0,0,0,0,0,0,0,0,0,0,0,0,0,0,0,0,0,0,0,0,0,0,5,0,1,1,1,1,2,2,0,0,0,0,0,0,5,0,0.376,,,,0.107,0.27,,,,,,,,,,,,,,,,,,,,,,,,,,,,,2,4.0,0.296,239.2,24.0,234.682
1003,Medium,RPath,41,4.0,4.0,1.0,882.0,1323.0,1765.0,0.0030234315948601664,Asphalt,256.1,4.0,4,256.1,0.359,1.436,0.0156188988676298,0.359,73,4,16.0,sidewalks,HMAC,1,2,2,1,0,0,1,0,0,0,0,0,1,2,2,1,0,0,0,0,0,1,2,0,0,5,0,2,0,0,0,1,0,0,1,2,2,0,0,0,0,0,0,0,1,2,0,0,1,1,1,2,2,5,0,0,3,1,1,0,0,0,0,0,0,0,0,0,0,0,0,0,0,1,2,0,1,2,2,0,0,0,5,3,1,1,1,0,0,0,0,0,0,0,0,0,5,0,0.457,,,,0.1,0.299,,,,,,,,0.023,0.023,0.006,,0.006,,,,,,,,,,,,,,,,,0,4.0,0.359,256.1,4.0,256.1
1004,Medium,RPath,86,4.0,4.0,1.0,219.0,328.0,437.0,0.012195121951219513,Asphalt,76.6,4.0,4,76.894,0.465,1.86,0.052219321148825,0.465,84,5,16.0,sidewalks,HMAC,1,2,2,1,0,0,0,0,0,0,0,0,1,2,2,1,2,0,0,0,0,1,2,0,0,5,0,2,0,0,0,1,2,0,1,2,2,0,0,0,1,0,0,0,1,2,0,0,0,0,1,2,2,5,5,0,3,1,0,0,0,1,2,0,1,2,0,1,2,2,1,0,0,1,0,0,1,0,0,0,0,0,5,3,1,0,1,0,0,0,0,0,0,0,0,0,5,0,0.49,,,,0.02,0.451,,,,,,,,,,0.02,,,,,,,,,,,,,,,,,,,0,4.0,0.465,76.6,4.0,76.894
1005,Medium,RPath,95,4.0,4.0,1.0,381.0,571.0,762.0,0.0070052539404553416,Asphalt,177.2,4.0,4,173.581,0.258,1.032,0.0225733634311512,0.258,78,4,16.0,sidewalks,HMAC,1,2,0,1,2,0,1,2,0,0,0,0,1,0,0,1,0,0,0,0,0,0,0,0,0,0,0,2,0,0,0,1,0,0,1,2,2,0,0,0,0,0,0,5,1,2,0,0,1,1,1,2,2,5,5,0,0,1,0,0,0,0,0,0,1,2,0,0,0,0,1,2,0,1,2,0,1,2,2,0,0,0,5,3,0,0,1,1,2,2,0,0,0,0,0,0,5,0,0.262,,,,,0.22,,,,,,,,,,,,0.008,0.034,,,,,,,,,,,,,,,,0,4.0,0.258,177.2,4.0,173.581
1006,Medium,RPath,135,4.0,4.0,1.0,307.0,461.0,614.0,0.008676789587852495,Asphalt,154.7,4.0,4,154.625,0.276,1.104,0.0258564964447317,0.276,76,4,16.0,sidewalks,CON,1,2,2,1,0,0,1,0,0,0,0,0,1,2,2,1,2,0,0,0,0,1,2,2,0,0,0,2,0,0,0,1,0,0,1,2,2,0,0,0,0,0,0,5,1,2,0,0,1,1,1,2,2,5,5,0,0,1,0,0,0,1,0,0,1,0,0,1,2,0,0,0,0,1,2,2,1,2,2,0,0,0,0,0,1,0,1,0,0,0,0,0,0,0,0,0,5,0,0.281,,,,,0.252,,,0.019,,,,,,,0.01,,,,,,,,,,,,,,,,,,,0,4.0,0.276,154.7,4.0,154.625
1007,Medium,RPath,142,4.0,4.0,1.0,418.0,627.0,836.0,0.006379585326953748,Asphalt,82.3,4.0,4,82.257,0.273,1.092,0.048602673147023,0.273,67,4,16.0,sidewalks,HMAC,1,2,0,1,0,0,0,0,0,0,0,0,1,2,0,0,0,0,0,0,0,0,0,0,0,0,0,2,0,0,0,0,0,0,1,2,2,0,0,0,0,0,0,5,1,0,0,0,0,0,1,2,2,5,0,4,0,1,0,0,0,0,0,0,1,2,0,1,2,0,1,2,2,1,0,0,1,2,2,0,0,0,5,3,0,0,1,1,0,0,0,0,0,0,0,0,5,0,0.437,,,,0.109,0.182,,,,0.109,0.018,,,,,,0.018,,,,,,,,,,,,,,,,,,0,4.0,0.273,82.3,4.0,82.257
1008,Medium,RPath,155,4.0,4.0,1.0,448.0,672.0,895.0,0.005952380952380952,Asphalt,87.7,4.0,4,87.041,0.265,1.06,0.0456100342075256,0.265,71,4,16.0,sidewalks,HMAC,1,2,0,1,2,0,0,0,0,0,0,0,1,2,0,0,0,0,0,0,0,0,0,0,0,0,0,2,0,0,0,0,0,0,1,2,2,0,0,0,0,0,0,5,1,2,0,0,0,0,1,2,0,5,0,4,0,1,0,0,0,0,0,0,1,2,0,1,2,2,1,2,2,1,0,0,1,2,2,0,0,0,5,3,0,0,1,1,0,0,0,0,0,0,0,0,5,0,0.342,,,,0.051,0.12,,,,,,,0.051,0.051,,,0.068,,,,,,,,,,,,,,,,,,0,4.0,0.265,87.7,4.0,87.041
1009,Medium,RPath,166,4.0,4.0,1.0,1555.0,2333.0,3110.0,0.0017145306472353193,Asphalt,144.2,4.0,4,138.593,0.283,1.132,0.0277392510402219,0.283,75,4,16.0,sidewalks,HMAC,1,2,2,1,2,0,1,0,0,1,2,0,1,2,0,0,0,0,0,0,0,0,0,0,0,0,0,2,1,2,0,0,0,0,1,2,2,0,0,0,0,0,0,5,1,2,0,0,0,0,1,2,2,0,5,0,0,1,0,0,0,1,0,0,1,2,2,0,0,0,0,0,0,1,2,2,1,2,2,0,0,0,5,3,1,0,1,0,0,0,0,0,0,0,0,0,5,0,0.291,0.094,,,,0.177,,,,,,0.01,,,,,0.01,,,,,,,,,,,,,,,,,,0,4.0,0.283,144.2,4.0,138.593
1010,Medium,RPath,168,4.0,4.0,1.0,142.0,214.0,285.0,0.018691588785046728,Asphalt,74.0,4.0,4,76.012,0.385,1.54,0.054054054054054,0.385,76,4,16.0,sidewalks,HMAC,1,2,2,1,0,0,0,0,0,1,2,0,1,2,0,0,0,0,0,0,0,0,0,0,5,5,0,0,1,2,0,0,0,0,1,2,2,0,0,0,0,0,0,5,1,2,0,0,0,0,1,2,2,0,5,0,3,1,0,0,0,0,0,0,1,2,0,0,0,0,0,0,0,1,2,2,1,2,2,0,0,0,0,3,1,1,1,0,0,0,0,0,0,0,0,0,5,0,0.385,,,,,0.385,,,,,,,,,,,,,,,,,,,,,,,,,,,,,0,4.0,0.385,74.0,4.0,76.012
1011,Medium,RPath,223,4.0,4.0,1.0,1420.0,2130.0,2840.0,0.0018779342723004694,Asphalt,111.8,4.0,4,111.498,0.446,1.784,0.035778175313059,0.446,78,4,16.0,sidewalks,HMAC,1,2,0,1,0,0,0,0,0,1,2,0,1,0,0,1,2,0,0,0,0,0,0,0,5,0,0,2,1,2,2,1,0,0,1,0,0,0,0,0,1,0,0,5,1,2,2,0,1,1,1,2,2,0,5,0,0,1,1,2,0,0,0,0,1,2,0,0,0,0,1,2,0,1,0,0,1,2,0,0,0,0,0,3,1,1,1,1,2,0,1,0,0,1,0,0,5,0,0.456,0.094,,0.013,0.013,0.322,,,,,,,,,,,,,0.013,,,,,,,,,,,,,,,,0,4.0,0.446,111.8,4.0,111.498
1012,Medium,RPath,230,4.0,4.0,1.0,372.0,558.0,743.0,0.007168458781362007,Asphalt,127.3,4.0,4,127.299,0.277,1.108,0.0314218381775333,0.277,68,4,16.0,sidewalks,HMAC,1,2,2,1,0,0,1,0,0,0,0,0,1,2,0,0,0,0,0,0,0,0,0,0,0,5,0,2,0,0,0,0,0,0,1,2,2,0,0,0,0,0,0,5,1,0,0,0,0,0,1,2,2,0,0,0,3,1,0,0,0,0,0,0,1,2,0,1,0,0,1,2,2,1,2,0,1,2,2,0,0,0,5,3,1,0,0,0,0,0,0,0,0,0,0,0,5,0,0.295,,,,,0.224,,,,0.024,,,0.024,,,,0.024,,,,,,,,,,,,,,,,,,0,4.0,0.277,127.3,4.0,127.299
1013,Medium,RPath,285,4.0,4.0,1.0,355.0,533.0,711.0,0.0075046904315197,Asphalt,73.5,4.0,4,74.864,0.326,1.304,0.0544217687074829,0.326,70,4,16.0,sidewalks,CON,1,2,0,1,2,0,0,0,0,0,0,0,1,0,0,1,2,0,0,0,0,0,0,0,5,0,0,2,0,0,0,0,0,0,1,2,2,0,0,0,0,0,0,5,1,2,2,0,0,0,1,2,2,5,5,0,3,1,0,0,0,0,0,0,0,0,0,0,0,0,1,2,0,1,0,0,1,0,0,0,0,0,5,3,1,0,0,0,0,0,0,0,0,0,0,0,5,0,0.429,,,0.02,0.122,0.245,,,,,,,,,,,,0.02,0.02,,,,,,,,,,,,,,,,1,4.0,0.326,73.5,14.0,74.864
1014,Medium,RPath,292,4.0,4.0,1.0,1367.0,2051.0,2734.0,0.0019502681618722574,Asphalt,306.9,4.0,4,304.515,0.252,1.008,0.0130335614206581,0.252,67,4,16.0,sidewalks,HMAC,1,2,2,1,2,0,1,2,0,1,0,0,1,2,2,0,0,0,0,0,0,0,0,0,0,5,0,2,0,0,0,0,0,0,1,2,0,0,0,0,0,0,0,0,1,2,0,0,1,1,1,2,2,5,0,0,3,1,0,0,0,0,0,0,0,0,0,0,0,0,0,0,0,1,2,2,1,2,2,0,0,0,0,3,1,1,1,0,0,0,0,0,0,0,0,0,5,0,0.259,0.01,0.005,0.01,,0.196,,,,,,,,,0.024,,,0.015,,,,,,,,,,,,,,,,,0,4.0,0.252,306.9,4.0,304.515
1015,Medium,RPath,361,4.0,4.0,1.0,202.0,304.0,405.0,0.013157894736842105,Asphalt,74.8,4.0,4,74.752,0.326,1.304,0.053475935828877,0.326,67,4,16.0,sidewalks,HMAC,1,2,2,1,0,0,1,0,0,0,0,0,1,2,2,0,0,0,0,0,0,1,0,0,0,5,0,2,0,0,0,0,0,0,1,2,2,0,0,0,1,0,0,0,1,2,2,0,1,1,1,2,2,0,0,4,0,1,0,0,0,0,0,0,0,0,0,0,0,0,0,0,0,1,2,2,1,2,0,0,0,0,5,3,1,1,1,0,0,0,0,0,0,0,0,0,5,0,0.381,,,,0.06,0.281,,,,,,,,,,0.02,0.02,,,,,,,,,,,,,,,,,,0,4.0,0.326,74.8,4.0,74.752
1016,Medium,RPath,374,4.0,4.0,1.0,406.0,608.0,811.0,0.006578947368421052,Asphalt,173.3,4.0,4,171.936,0.316,1.264,0.0230813618003462,0.316,75,4,16.0,sidewalks,HMAC,1,2,2,1,0,0,1,0,0,0,0,0,1,2,2,1,0,0,0,0,0,0,0,0,5,5,0,2,0,0,0,1,2,2,1,2,2,0,0,0,0,0,0,0,0,0,0,0,0,0,1,2,2,0,0,0,3,1,0,0,0,0,0,0,1,0,0,1,2,2,0,0,0,1,2,2,1,2,2,0,0,0,5,3,1,0,1,0,0,0,0,0,0,0,0,0,5,0,0.364,,,,0.052,0.286,,,,,,,,,,0.017,0.009,,,,,,,,,,,,,,,,,,0,4.0,0.316,173.3,4.0,171.936
1017,Medium,RPath,387,4.0,4.0,1.0,564.0,847.0,1129.0,0.004722550177095631,Asphalt,177.5,4.0,4,177.042,0.256,1.024,0.0225352112676056,0.256,69,4,16.0,sidewalks,HMAC,1,2,0,1,2,0,1,2,0,1,2,0,1,2,0,0,0,0,0,0,0,0,0,0,5,5,3,0,0,0,0,0,0,0,1,2,2,0,0,0,0,0,0,0,1,2,2,0,0,0,1,2,2,0,5,0,0,1,0,0,0,0,0,0,0,0,0,0,0,0,0,0,0,1,2,2,1,2,0,0,0,0,0,3,1,1,1,1,0,0,0,0,0,0,0,0,5,0,0.363,,,,0.144,0.152,,,0.051,,,,,,,,,,0.017,,,,,,,,,,,,,,,,0,4.0,0.256,177.5,4.0,177.042
1018,Medium,RPath,399,4.0,4.0,1.0,296.0,444.0,592.0,0.009009009009009009,Asphalt,69.7,4.0,4,68.01,0.43,1.72,0.0573888091822094,0.43,67,4,16.0,sidewalks,HMAC,1,2,2,1,2,0,1,2,0,0,0,0,1,0,0,1,0,0,0,0,0,0,0,0,0,0,3,0,0,0,0,0,0,0,1,2,2,0,0,0,0,0,0,0,1,2,2,0,1,1,1,2,2,5,5,0,0,0,0,0,0,0,0,0,1,2,2,0,0,0,0,0,0,1,2,0,0,0,0,0,0,0,5,3,1,1,1,0,0,0,0,0,0,0,0,0,5,0,0.43,,,0.022,,0.409,,,,,,,,,,,,,,,,,,,,,,,,,,,,,1,4.0,0.43,69.7,14.0,68.01
1019,Medium,RPath,415,4.0,4.0,1.0,232.0,348.0,465.0,0.011494252873563218,Asphalt,74.7,4.0,4,74.659,0.452,1.808,0.0535475234270415,0.452,71,4,16.0,sidewalks,HMAC,1,2,0,1,0,0,0,0,0,0,0,0,1,2,0,1,0,0,0,0,0,1,0,0,0,0,0,2,0,0,0,1,2,2,1,2,2,0,0,0,1,2,0,5,1,2,0,0,1,0,1,2,2,0,0,0,3,1,1,0,0,1,2,2,1,2,2,1,0,0,1,2,0,0,0,0,0,0,0,0,0,0,5,3,0,0,0,1,0,0,0,0,0,0,0,0,5,0,0.462,,,,,0.422,,,,,,,0.02,,,,,0.02,,,,,,,,,,,,,,,,,1,4.0,0.452,74.7,14.0,74.659
1020,Medium,RPath,416,4.0,4.0,1.0,98.0,146.0,195.0,0.0273972602739726,Asphalt,45.7,4.0,4,45.782,0.427,1.708,0.087527352297593,0.427,68,4,16.0,sidewalks,CON,1,2,2,1,0,0,0,0,0,0,0,0,1,2,0,1,2,0,0,0,0,1,2,0,0,0,0,2,0,0,0,1,2,0,1,2,2,0,0,0,1,0,0,0,1,0,0,0,1,0,1,2,2,5,5,0,3,0,0,0,0,1,2,0,1,0,0,1,2,2,1,0,0,1,0,0,1,0,0,0,0,0,0,3,1,0,1,0,0,0,0,0,0,0,0,0,5,0,0.427,,,,,0.427,,,,,,,,,,,,,,,,,,,,,,,,,,,,,0,4.0,0.427,45.7,4.0,45.782
1021,Medium,RPath,445,4.0,4.0,1.0,351.0,526.0,701.0,0.0076045627376425855,Asphalt,160.1,4.0,4,158.575,0.314,1.256,0.0249843847595253,0.314,69,4,16.0,sidewalks,HMAC,1,2,2,1,2,2,1,2,2,1,0,0,1,0,0,0,0,0,0,0,0,0,0,0,5,5,0,2,0,0,0,0,0,0,1,2,2,0,0,0,0,0,0,5,1,0,0,0,0,0,1,2,2,0,0,0,3,1,0,0,0,0,0,0,1,0,0,0,0,0,1,2,0,0,0,0,1,2,2,0,0,0,0,3,1,1,1,0,0,0,0,0,0,0,0,0,5,0,0.403,,,,0.112,0.281,,,,,,,,,,,,0.009,,,,,,,,,,,,,,,,,0,4.0,0.314,160.1,4.0,158.575
1022,Medium,RPath,453,4.0,4.0,1.0,226.0,338.0,451.0,0.011834319526627219,Asphalt,75.7,4.0,4,75.664,0.426,1.704,0.0528401585204755,0.426,73,4,16.0,sidewalks,HMAC,1,2,2,1,2,2,1,2,2,0,0,0,1,2,2,0,0,0,0,0,0,0,0,0,5,5,0,2,0,0,0,0,0,0,1,2,0,0,0,0,0,0,0,0,1,0,0,0,0,0,1,2,0,0,0,0,3,1,0,0,0,0,0,0,1,2,0,0,0,0,1,2,0,1,2,2,1,2,2,0,0,0,5,3,1,0,0,0,0,0,0,0,0,0,0,0,5,0,0.436,,,,,0.396,,,,,,,,,,,0.02,0.02,,,,,,,,,,,,,,,,,0,4.0,0.426,75.7,4.0,75.664
1023,Medium,RPath,459,4.0,4.0,1.0,849.0,1274.0,1698.0,0.0031397174254317113,Asphalt,268.3,4.0,4,268.314,0.312,1.248,0.0149086843086097,0.312,67,4,16.0,sidewalks,HMAC,1,2,0,1,0,0,0,0,0,0,0,0,1,2,0,0,0,0,0,0,0,0,0,0,5,0,0,2,0,0,0,0,0,0,1,2,2,0,0,0,0,0,0,5,1,2,0,0,0,0,1,2,2,5,0,4,0,1,0,0,0,0,0,0,1,0,0,1,0,0,1,2,2,0,0,0,1,2,0,0,0,0,5,3,1,0,1,0,0,0,0,0,0,0,0,0,5,0,0.453,,,,0.162,0.246,,,,,,,,,,0.028,0.006,0.011,,,,,,,,,,,,,,,,,0,4.0,0.312,268.3,4.0,268.314
1024,Medium,RPath,480,4.0,4.0,1.0,622.0,932.0,1243.0,0.004291845493562232,Asphalt,326.3,4.0,4,282.763,0.293,1.172,0.0122586576769843,0.293,72,4,16.0,sidewalks,HMAC,1,2,2,1,2,0,1,2,0,1,0,0,1,0,0,0,0,0,0,0,0,0,0,0,5,5,0,2,1,0,0,0,0,0,1,2,2,0,0,0,0,0,0,5,1,0,0,0,0,0,1,2,2,0,5,0,0,1,0,0,0,0,0,0,1,0,0,0,0,0,1,2,0,1,2,2,1,2,2,0,0,0,0,3,1,0,1,0,0,0,0,0,0,0,0,0,5,0,0.34,,,,0.055,0.276,,,,,,0.005,,,,,,0.005,,,,,,,,,,,,,,,,,0,4.0,0.293,326.3,4.0,282.763
1025,Medium,RPath,538,4.0,4.0,1.0,463.0,694.0,925.0,0.005763688760806916,Asphalt,76.7,4.0,4,78.059,0.323,1.292,0.0521512385919165,0.323,69,4,16.0,sidewalks,CON,1,2,0,0,0,0,0,0,0,1,2,0,1,0,0,1,0,0,0,0,0,0,0,0,5,0,0,0,1,2,2,1,2,0,1,2,0,0,0,0,1,2,0,0,1,2,0,0,1,1,1,2,2,0,5,0,3,1,1,2,0,0,0,0,1,2,0,0,0,0,1,0,0,1,0,0,1,2,0,0,0,0,0,0,1,1,1,1,2,0,1,0,0,0,0,0,5,0,0.665,,,0.02,0.43,0.176,,,,,,,,,,0.02,,0.02,,,,,,,,,,,,,,,,,1,4.0,0.323,76.7,14.0,78.059
1026,Medium,RPath,560,4.0,4.0,1.0,399.0,598.0,798.0,0.006688963210702341,Asphalt,128.7,4.0,4,126.397,0.329,1.316,0.031080031080031,0.329,74,4,16.0,sidewalks,CON,1,0,0,0,0,0,0,0,0,1,0,0,1,0,0,1,0,0,0,0,0,0,0,0,5,0,0,0,1,2,2,0,0,0,1,0,0,0,0,0,0,0,0,0,1,2,0,0,1,1,1,2,2,0,5,0,3,1,1,2,0,1,2,2,1,0,0,0,0,0,1,0,0,1,2,0,1,2,2,1,2,2,0,3,1,1,1,1,2,2,0,0,0,1,0,0,5,0,0.431,,,,0.105,0.28,,,,,,,,,,,,0.047,,,,,,,,,,,,,,,,,0,4.0,0.329,128.7,4.0,126.397
1027,Medium,RPath,616,4.0,4.0,1.0,605.0,908.0,1211.0,0.004405286343612335,Asphalt,190.1,4.0,4,182.995,0.45,1.8,0.0210415570752235,0.45,68,4,16.0,sidewalks,HMAC,1,2,2,1,0,0,0,0,0,0,0,0,0,0,0,1,2,2,0,0,0,0,0,0,0,5,0,2,0,0,0,0,0,0,1,2,2,0,0,0,1,2,0,0,1,2,2,0,1,1,1,2,2,5,5,0,3,1,0,0,0,0,0,0,1,2,0,0,0,0,0,0,0,0,0,0,1,2,2,0,0,0,0,0,1,1,1,0,0,0,0,0,0,0,0,0,5,0,0.45,,,,,0.402,,,,,,,0.039,,,,0.008,,,,,,,,,,,,,,,,,,0,4.0,0.45,190.1,4.0,182.995
1028,Medium,RPath,669,4.0,4.0,1.0,232.0,348.0,465.0,0.011494252873563218,Asphalt,107.3,4.0,4,107.474,0.37,1.48,0.0372786579683131,0.37,80,4,16.0,sidewalks,CON,1,2,2,1,2,0,1,0,0,1,2,0,1,2,2,1,0,0,0,0,0,0,0,0,0,0,0,2,1,2,2,0,0,0,1,2,2,0,0,0,0,0,0,5,1,2,0,0,0,0,1,2,0,5,5,0,0,1,0,0,0,1,0,0,1,2,2,0,0,0,0,0,0,1,2,0,1,2,2,0,0,0,5,3,0,0,0,0,0,0,0,0,0,1,0,0,5,0,0.377,,,,,0.363,,,,,,,,,,,,0.014,,,,,,,,,,,,,,,,,0,4.0,0.37,107.3,4.0,107.474
1029,Medium,RPath,671,4.0,4.0,1.0,128.0,193.0,257.0,0.02072538860103627,Asphalt,76.4,4.0,4,76.396,0.255,1.02,0.0523560209424083,0.255,83,5,16.0,sidewalks,HMAC,1,2,0,1,2,0,1,0,0,1,2,0,1,2,2,1,0,0,0,0,0,0,0,0,0,5,0,2,1,2,2,0,0,0,1,2,2,0,0,0,0,0,0,5,1,2,0,0,0,0,1,2,0,5,5,0,0,1,0,0,0,1,0,0,1,2,2,0,0,0,0,0,0,1,0,0,1,2,2,0,0,0,5,3,1,0,0,1,0,0,0,0,0,1,0,0,5,0,0.255,,,,,0.236,,,,,,,,,,,0.02,,,,,,,,,,,,,,,,,,0,4.0,0.255,76.4,4.0,76.396
1030,Medium,RPath,689,4.0,4.0,1.0,626.0,939.0,1252.0,0.004259850905218318,Asphalt,85.4,4.0,4,85.747,0.386,1.544,0.0468384074941451,0.386,74,4,16.0,sidewalks,HMAC,1,2,2,1,2,0,1,0,0,1,2,0,1,2,0,0,0,0,0,0,0,0,0,0,0,0,0,2,1,2,0,0,0,0,1,2,2,0,0,0,0,0,0,5,1,2,0,0,0,0,1,2,2,0,5,0,0,1,0,0,0,1,0,0,1,2,2,0,0,0,0,0,0,1,2,2,1,2,2,0,0,0,5,3,1,0,0,0,0,0,0,0,0,0,0,0,5,0,0.386,0.053,,,,0.316,,,,,,,,,,,0.018,,,,,,,,,,,,,,,,,,0,4.0,0.386,85.4,4.0,85.747
1031,Medium,RPath,691,4.0,4.0,1.0,52.0,79.0,105.0,0.05063291139240506,Asphalt,28.6,4.0,4,26.713,0.367,1.468,0.1398601398601398,0.367,76,4,16.0,sidewalks,HMAC,1,2,2,1,0,0,0,0,0,1,2,0,1,2,0,0,0,0,0,0,0,0,0,0,0,0,0,2,1,2,0,0,0,0,1,2,2,0,0,0,0,0,0,5,1,2,0,0,0,0,1,2,2,5,5,0,3,1,0,0,0,1,0,0,1,2,0,0,0,0,0,0,0,1,2,2,1,2,2,0,0,0,5,0,1,1,1,0,0,0,0,0,0,0,0,0,5,0,0.367,,,,,0.367,,,,,,,,,,,,,,,,,,,,,,,,,,,,,0,4.0,0.367,28.6,4.0,26.713
1032,Medium,RPath,695,4.0,4.0,1.0,90.0,135.0,180.0,0.02962962962962963,Asphalt,34.7,4.0,4,34.192,0.325,1.3,0.1152737752161383,0.325,76,4,16.0,sidewalks,HMAC,1,2,0,1,0,0,0,0,0,1,2,2,1,2,2,1,0,0,0,0,0,0,0,0,5,0,0,2,1,2,2,0,0,0,1,2,2,0,0,0,0,0,0,0,1,2,0,0,1,0,1,2,2,0,5,0,0,1,0,0,0,1,2,0,1,2,0,0,0,0,0,0,0,1,2,0,1,2,2,0,0,0,0,3,1,1,1,1,0,0,0,0,0,1,2,0,5,0,0.519,,,,0.26,0.26,,,,,,,,,,,,,,,,,,,,,,,,,,,,,0,4.0,0.325,34.7,4.0,34.192
1033,Medium,RPath,699,4.0,4.0,1.0,127.0,191.0,254.0,0.020942408376963352,Asphalt,74.1,4.0,4,73.998,0.253,1.012,0.0539811066126855,0.253,80,4,16.0,sidewalks,HMAC,1,2,0,1,0,0,0,0,0,1,2,0,1,2,0,1,2,0,0,0,0,0,0,0,5,0,0,2,1,2,2,0,0,0,1,2,0,0,0,0,0,0,0,5,1,2,0,0,1,0,1,2,2,0,5,0,0,1,0,0,0,1,2,0,1,2,0,0,0,0,0,0,0,1,2,0,1,2,0,0,0,0,5,3,1,1,1,1,0,0,0,0,0,1,2,0,5,0,0.263,,,,,0.243,,,,,,,,,,0.02,,,,,,,,,,,,,,,,,,,0,4.0,0.253,74.1,4.0,73.998
1034,Medium,RPath,760,4.0,4.0,1.0,98.0,146.0,195.0,0.0273972602739726,Asphalt,71.7,4.0,4,71.681,0.272,1.088,0.0557880055788005,0.272,80,4,16.0,sidewalks,HMAC,1,2,0,1,2,0,0,0,0,0,0,0,1,2,0,0,0,0,0,0,0,1,0,0,5,0,0,2,1,0,0,1,2,2,1,2,2,0,0,0,1,2,0,5,1,2,0,0,1,0,1,2,2,0,0,0,3,1,1,0,0,1,0,0,1,2,2,0,0,0,1,2,0,1,0,0,1,0,0,0,0,0,5,3,1,1,1,1,2,0,0,0,0,0,0,0,5,0,0.272,,,,,0.272,,,,,,,,,,,,,,,,,,,,,,,,,,,,,1,4.0,0.272,71.7,14.0,71.681
1035,Medium,RPath,772,4.0,4.0,1.0,165.0,248.0,330.0,0.016129032258064516,Asphalt,79.8,4.0,4,79.788,0.282,1.128,0.050125313283208,0.282,67,4,16.0,sidewalks,HMAC,1,2,0,1,2,0,0,0,0,0,0,0,0,0,0,0,0,0,0,0,0,0,0,0,5,0,0,2,0,0,0,0,0,0,1,2,2,0,0,0,0,0,0,5,1,2,2,0,0,0,1,2,2,5,5,4,0,1,0,0,0,0,0,0,0,0,0,0,0,0,1,0,0,1,0,0,1,0,0,0,0,0,5,3,1,0,1,1,0,0,0,0,0,0,0,0,5,0,0.338,,,,0.056,0.263,,,,0.019,,,,,,,,,,,,,,,,,,,,,,,,,0,4.0,0.282,79.8,4.0,79.788
1036,Medium,RPath,779,4.0,4.0,1.0,500.0,751.0,1001.0,0.005326231691078562,Asphalt,227.5,4.0,4,227.027,0.336,1.344,0.0175824175824175,0.336,69,4,16.0,sidewalks,HMAC,1,2,2,1,2,0,1,2,0,0,0,0,1,2,2,1,0,0,0,0,0,1,2,2,0,0,0,2,0,0,0,0,0,0,1,2,2,0,0,0,0,0,0,0,1,0,0,0,1,0,1,2,2,5,5,0,0,1,0,0,0,0,0,0,0,0,0,0,0,0,0,0,0,1,0,0,1,2,2,0,0,0,5,3,1,1,1,0,0,0,0,0,0,0,0,0,5,0,0.336,,,,,0.31,,,,,,,0.013,,,,0.013,,,,,,,,,,,,,,,,,,0,4.0,0.336,227.5,4.0,227.027
1037,Medium,RPath,905,4.0,4.0,1.0,588.0,882.0,1175.0,0.0045351473922902496,Asphalt,245.9,4.0,4,245.857,0.253,1.012,0.016266775111834,0.253,80,4,16.0,sidewalks,HMAC,1,2,2,1,0,0,1,0,0,0,0,0,1,0,0,1,0,0,0,0,0,0,0,0,5,5,0,2,0,0,0,1,2,2,1,2,2,0,0,0,0,0,0,0,0,0,0,0,0,0,1,2,2,5,5,0,3,1,1,2,0,0,0,0,1,2,2,0,0,0,0,0,0,1,2,2,1,0,0,0,0,0,5,3,1,1,1,0,0,0,0,0,0,0,0,0,5,0,0.287,,,,0.037,0.201,,,,,,,,,0.024,0.012,0.012,,,,,,,,,,,,,,,,,,0,4.0,0.253,245.9,4.0,245.857
1038,Medium,RPath,927,4.0,4.0,1.0,1017.0,1525.0,2033.0,0.002622950819672131,Asphalt,384.4,4.0,4,381.301,0.297,1.188,0.0104058272632674,0.297,78,4,16.0,sidewalks,HMAC,1,2,2,1,2,0,1,2,0,0,0,0,1,2,2,1,2,2,0,0,0,0,0,0,0,5,0,2,0,0,0,0,0,0,1,2,2,1,2,2,1,2,2,0,0,0,0,0,0,0,1,2,2,0,0,4,3,0,0,0,0,0,0,0,0,0,0,0,0,0,0,0,0,1,0,0,1,2,0,0,0,0,5,3,1,1,1,1,2,0,0,0,0,0,0,0,5,0,0.336,,,,0.047,0.242,0.016,,,,,,,,0.016,0.008,0.008,,,,,,,,,,,,,,,,,,0,4.0,0.297,384.4,4.0,381.301
1039,Medium,RPath,985,4.0,4.0,1.0,669.0,1003.0,1337.0,0.003988035892323031,Asphalt,128.2,4.0,4,102.36,0.275,1.1,0.0312012480499219,0.275,72,4,16.0,sidewalks,HMAC,1,2,2,0,0,0,0,0,0,1,0,0,1,2,0,1,2,0,0,0,0,0,0,0,0,0,3,0,1,2,2,0,0,0,1,2,0,0,0,0,0,0,0,0,1,2,2,0,0,0,1,2,2,0,5,0,0,1,0,0,0,0,0,0,1,2,0,0,0,0,1,0,0,1,2,0,1,2,0,1,0,0,0,3,1,1,1,1,2,2,1,2,0,1,2,0,5,0,0.386,,,,0.094,0.129,,,,,,,,0.047,0.07,0.012,0.012,,0.023,,,,,,,,,,,,,,,,1,4.0,0.275,128.2,14.0,102.36
1040,Medium,RPath,1022,4.0,4.0,1.0,240.0,360.0,480.0,0.011111111111111112,Asphalt,52.6,4.0,4,52.623,0.314,1.256,0.0760456273764258,0.314,68,4,16.0,sidewalks,HMAC,1,2,2,0,0,0,0,0,0,0,0,0,1,2,2,0,0,0,0,0,0,1,0,0,0,5,0,2,0,0,0,0,0,0,1,2,2,0,0,0,1,0,0,0,1,2,2,0,1,1,1,2,2,5,5,4,0,1,0,0,0,0,0,0,0,0,0,0,0,0,0,0,0,1,2,0,1,2,0,0,0,0,0,3,1,1,1,0,0,0,0,0,0,0,0,0,5,0,0.684,,,,0.456,0.171,,,,,,,,,,0.057,,,,,,,,,,,,,,,,,,,0,4.0,0.314,52.6,4.0,52.623
1041,Medium,RPath,1154,4.0,4.0,1.0,82.0,124.0,165.0,0.03225806451612903,Asphalt,54.9,4.0,4,54.948,0.28,1.12,0.0728597449908925,0.28,80,4,16.0,sidewalks,CON,1,2,2,0,0,0,0,0,0,0,0,0,1,2,2,1,2,2,0,0,0,1,2,2,5,0,0,0,1,0,0,1,2,0,1,2,2,0,0,0,1,2,2,0,1,2,0,0,1,0,1,2,2,5,5,0,0,0,1,2,0,1,2,0,1,0,0,1,0,0,1,0,0,1,0,0,1,0,0,0,0,0,0,3,1,1,1,0,0,0,0,0,0,0,0,0,5,0,0.3,,,,0.027,0.273,,,,,,,,,,,,,,,,,,,,,,,,,,,,,0,4.0,0.28,54.9,4.0,54.948
1042,Medium,RPath,1158,4.0,4.0,1.0,113.0,169.0,225.0,0.023668639053254437,Asphalt,39.2,4.0,4,39.208,0.402,1.608,0.1020408163265306,0.402,80,4,16.0,sidewalks,CON,1,2,2,0,0,0,0,0,0,0,0,0,1,2,2,1,2,2,0,0,0,1,2,2,0,5,0,0,1,0,0,1,2,0,1,2,2,0,0,0,1,2,2,0,1,2,0,0,1,0,1,2,2,5,5,0,0,0,1,2,0,1,2,0,1,0,0,1,0,0,1,0,0,1,0,0,1,0,0,0,0,0,0,3,1,1,1,0,0,0,0,0,0,0,0,0,5,0,0.574,,,,0.23,0.344,,,,,,,,,,,,,,,,,,,,,,,,,,,,,0,4.0,0.402,39.2,4.0,39.208
1043,Medium,RPath,1236,4.0,4.0,1.0,367.0,551.0,734.0,0.007259528130671506,Asphalt,149.8,4.0,4,149.813,0.293,1.172,0.0267022696929238,0.293,71,4,16.0,sidewalks,HMAC,1,2,0,1,2,0,0,0,0,0,0,0,1,2,0,0,0,0,0,0,0,0,0,0,0,0,0,2,0,0,0,0,0,0,1,2,2,0,0,0,0,0,0,5,1,2,0,0,0,0,1,2,0,5,0,4,0,1,0,0,0,0,0,0,1,2,0,1,2,2,1,2,2,1,0,0,1,2,2,0,0,0,5,3,0,0,1,1,0,0,0,0,0,0,0,0,5,0,0.37,,,,0.09,0.25,,,,,,,,,,0.02,,,0.01,,,,,,,,,,,,,,,,0,4.0,0.293,149.8,4.0,149.813
1044,Medium,RPath,1545,4.0,4.0,1.0,75.0,112.0,150.0,0.03571428571428571,Asphalt,10.5,4.0,4,8.187,0.285,1.14,0.3809523809523809,0.285,70,4,16.0,sidewalks,CON,1,2,2,1,2,0,1,0,0,0,0,0,0,0,0,0,0,0,0,0,0,0,0,0,5,5,0,0,0,0,0,0,0,0,1,2,2,0,0,0,0,0,0,0,0,0,0,0,1,1,1,2,2,5,5,0,0,0,0,0,0,0,0,0,1,2,0,0,0,0,1,2,0,1,2,0,1,2,2,0,0,0,5,3,1,0,1,0,0,0,0,0,0,0,0,0,5,0,0.285,,,,,,,,,,,,,,,,,,0.285,,,,,,,,,,,,,,,,1,4.0,0.285,10.5,14.0,8.187
1045,Medium,RPath,451,4.0,4.0,1.0,1445.0,2167.0,2890.0,0.0018458698661744347,Asphalt,332.9,4.0,4,45.337,0.335,1.34,0.0120156203063983,0.335,70,4,16.0,sidewalks,PB,1,2,0,1,2,0,0,0,0,0,0,0,1,0,0,0,0,0,0,0,0,0,0,0,5,0,0,0,0,0,0,1,0,0,1,2,2,0,0,0,0,0,0,0,1,2,2,0,0,0,1,2,2,5,5,4,3,0,0,0,0,0,0,0,1,2,0,1,2,0,1,0,0,1,0,0,1,0,0,0,0,0,5,3,1,0,1,1,0,0,0,0,0,0,0,0,5,0,0.383,,,0.009,0.041,0.257,,,,,,,0.018,0.018,,0.005,0.027,0.005,0.005,,,,,,,,,,,,,,,,0,4.0,0.335,332.9,4.0,45.337
1046,Medium,RPath,358,4.0,4.0,1.0,568.0,852.0,1136.0,0.004694835680751174,Asphalt,208.0,4.0,4,74.328,0.483,1.932,0.0192307692307692,0.483,73,4,16.0,sidewalks,HMAC,1,2,2,1,2,0,1,2,0,0,0,0,0,0,0,0,0,0,0,0,0,0,0,0,0,5,0,2,0,0,0,0,0,0,1,2,2,0,0,0,0,0,0,0,0,0,0,0,1,1,1,2,2,5,5,0,0,0,0,0,0,0,0,0,1,2,2,0,0,0,1,2,0,1,2,2,1,2,2,0,0,0,5,3,1,0,1,0,0,0,0,0,0,0,0,0,5,0,0.49,,,,,0.476,,,,,,,,,,0.014,,,,,,,,,,,,,,,,,,,1,4.0,0.483,208.0,14.0,74.328
1047,Medium,RPath,1,4.0,2.0,2.0,75.0,113.0,150.0,0.035398230088495575,Asphalt,68.6,3.0,2,66.779,0.219,0.438,0.0583090379008746,0.219,46,3,6.0,sidewalks,HMAC,1,2,2,1,2,0,1,2,0,0,0,0,1,2,0,0,0,0,0,0,0,0,0,0,0,0,0,2,0,0,0,0,0,0,0,0,0,0,0,0,0,0,0,0,0,0,0,0,1,1,1,2,2,5,0,0,3,1,0,0,0,0,0,0,1,0,0,0,0,0,0,0,0,1,0,0,1,0,0,0,0,0,0,3,1,1,1,0,0,0,0,0,0,0,0,0,5,0,0.219,,,,,0.219,,,,,,,,,,,,,,,,,,,,,,,,,,,,,0,3.0,0.219,68.6,4.0,66.779
1048,Medium,RPath,24,4.0,2.0,2.0,215.0,323.0,431.0,0.01238390092879257,Asphalt,228.0,3.0,2,228.02,0.123,0.246,0.0175438596491228,0.123,46,3,6.0,sidewalks,CON,1,2,2,1,2,0,1,2,0,0,0,0,0,0,0,1,0,0,0,0,0,0,0,0,0,0,0,2,0,0,0,1,2,0,1,0,0,0,0,0,1,2,0,0,1,0,0,0,0,0,1,2,2,0,0,0,3,1,0,0,0,0,0,0,0,0,0,0,0,0,0,0,0,0,0,0,0,0,0,0,0,0,5,3,1,1,0,0,0,0,0,0,0,0,0,0,5,0,0.132,,,,0.007,0.112,,,,,,,,,,,0.007,0.007,,,,,,,,,,,,,,,,,0,3.0,0.123,228.0,4.0,228.02
1049,Medium,RPath,44,4.0,2.0,2.0,493.0,739.0,986.0,0.005412719891745603,Asphalt,205.8,3.0,2,205.362,0.175,0.35,0.0194363459669582,0.175,43,2,6.0,sidewalks,HMAC,1,2,0,0,0,0,1,0,0,1,0,0,1,2,2,1,0,0,0,0,0,0,0,0,0,0,0,2,0,0,0,0,0,0,1,2,2,0,0,0,0,0,0,0,1,0,0,0,0,0,1,2,2,0,5,0,0,1,0,0,0,0,0,0,0,0,0,0,0,0,0,0,0,0,0,0,0,0,0,0,0,0,0,0,1,1,1,1,2,2,0,0,0,0,0,0,5,0,0.335,,,,0.204,0.095,,,,,,,,,,0.007,0.022,0.007,,,,,,,,,,,,,,,,,0,3.0,0.175,205.8,4.0,205.362
1050,Medium,RPath,65,4.0,2.0,2.0,399.0,598.0,798.0,0.006688963210702341,Asphalt,83.8,3.0,2,83.792,0.224,0.448,0.0477326968973747,0.224,41,2,6.0,sidewalks,HMAC,1,2,2,0,0,0,0,0,0,0,0,0,1,2,0,0,0,0,0,0,0,0,0,0,0,0,0,2,0,0,0,1,0,0,1,2,0,0,0,0,0,0,0,0,0,0,0,0,0,0,1,2,0,0,0,0,0,1,0,0,0,0,0,0,0,0,0,1,2,0,0,0,0,1,2,0,1,2,0,0,0,0,5,3,1,0,0,0,0,0,0,0,0,0,0,0,5,0,0.448,,,,0.215,0.107,,,,,0.036,,,0.072,,0.018,,,,,,,,,,,,,,,,,,,0,3.0,0.224,83.8,4.0,83.792
1051,Medium,RPath,113,4.0,2.0,2.0,457.0,685.0,914.0,0.00583941605839416,Asphalt,213.0,3.0,2,211.627,0.137,0.274,0.0187793427230046,0.137,39,2,6.0,sidewalks,HMAC,1,2,2,0,0,0,0,0,0,0,0,0,1,2,0,1,2,0,0,0,0,0,0,0,0,0,3,0,1,0,0,0,0,0,1,0,0,0,0,0,0,0,0,0,1,0,0,0,0,0,1,2,0,0,0,0,0,1,0,0,0,0,0,0,1,2,0,0,0,0,0,0,0,1,0,0,1,0,0,0,0,0,0,0,1,1,1,1,2,2,0,0,0,0,0,0,5,0,0.401,,,,0.352,0.042,,,,,,,,,,,0.007,,,,,,,,,,,,,,,,,,0,3.0,0.137,213.0,4.0,211.627
1052,Medium,RPath,173,4.0,2.0,2.0,180.0,270.0,360.0,0.014814814814814815,Asphalt,97.0,3.0,2,96.01,0.162,0.324,0.0412371134020618,0.162,37,2,6.0,sidewalks,HMAC,1,2,2,0,0,0,0,0,0,0,0,0,1,2,2,1,0,0,0,0,0,0,0,0,0,0,3,0,1,0,0,0,0,0,0,0,0,0,0,0,0,0,0,0,1,0,0,0,0,0,1,2,0,0,0,0,0,1,0,0,0,0,0,0,1,2,0,0,0,0,0,0,0,0,0,0,1,0,0,0,0,0,0,0,1,1,1,1,2,2,0,0,0,0,0,0,5,0,0.371,,,,0.278,0.093,,,,,,,,,,,,,,,,,,,,,,,,,,,,,0,3.0,0.162,97.0,4.0,96.01
1053,Medium,RPath,176,4.0,2.0,2.0,337.0,505.0,673.0,0.007920792079207921,Asphalt,99.3,3.0,2,99.261,0.189,0.378,0.040281973816717,0.189,38,2,6.0,sidewalks,HMAC,1,2,0,0,0,0,0,0,0,0,0,0,1,2,0,1,0,0,0,0,0,0,0,0,0,0,3,0,1,2,0,0,0,0,0,0,0,0,0,0,0,0,0,0,1,0,0,0,0,0,1,2,0,0,0,0,0,1,0,0,0,0,0,0,1,2,2,0,0,0,0,0,0,1,0,0,1,2,0,0,0,0,0,0,1,1,1,1,2,0,0,0,0,0,0,0,5,0,0.438,,,,0.272,0.106,,,,0.06,,,,,,,,,,,,,,,,,,,,,,,,,0,3.0,0.189,99.3,4.0,99.261
1054,Medium,RPath,178,4.0,2.0,2.0,755.0,1132.0,1510.0,0.0035335689045936395,Asphalt,144.6,3.0,2,146.005,0.117,0.234,0.0276625172890733,0.117,48,3,6.0,sidewalks,HMAC,1,2,2,1,2,0,1,2,0,0,0,0,0,0,0,0,0,0,0,0,0,0,0,0,0,0,3,2,0,0,0,0,0,0,0,0,0,0,0,0,0,0,0,0,0,0,0,0,0,0,1,2,2,5,5,4,0,1,0,0,0,0,0,0,0,0,0,0,0,0,0,0,0,0,0,0,1,0,0,0,0,0,0,3,1,1,1,0,0,0,0,0,0,0,0,0,5,0,0.187,,,0.041,0.083,0.041,,,,0.01,,,0.01,,,,,,,,,,,,,,,,,,,,,,0,3.0,0.117,144.6,4.0,146.005
1055,Medium,RPath,190,4.0,2.0,2.0,150.0,225.0,300.0,0.017777777777777778,Asphalt,97.2,3.0,2,97.196,0.158,0.316,0.0411522633744856,0.158,47,3,6.0,sidewalks,HMAC,1,2,2,0,0,0,0,0,0,0,0,0,1,2,2,1,0,0,0,0,0,0,0,0,0,5,3,0,1,2,0,0,0,0,0,0,0,0,0,0,0,0,0,0,1,0,0,0,0,0,1,2,0,0,0,0,0,1,1,0,0,0,0,0,1,2,0,0,0,0,0,0,0,0,0,0,1,2,0,0,0,0,0,0,1,1,1,1,2,2,0,0,0,0,0,0,5,0,0.309,,,,0.201,0.108,,,,,,,,,,,,,,,,,,,,,,,,,,,,,0,3.0,0.158,97.2,4.0,97.196
1056,Medium,RPath,238,4.0,2.0,2.0,23.0,34.0,45.0,0.11764705882352941,Asphalt,40.7,3.0,2,40.67,0.111,0.222,0.0982800982800982,0.111,42,2,6.0,sidewalks,CON,1,2,0,1,0,0,1,0,0,0,0,0,1,2,0,1,0,0,0,0,0,0,0,0,0,0,0,2,0,0,0,1,0,0,1,0,0,0,0,0,0,0,0,5,1,0,0,0,0,0,1,2,2,0,0,0,0,1,0,0,0,0,0,0,0,0,0,0,0,0,0,0,0,0,0,0,1,2,0,0,0,0,5,3,1,0,0,0,0,0,0,0,0,0,0,0,5,0,0.111,,,,,0.111,,,,,,,,,,,,,,,,,,,,,,,,,,,,,0,3.0,0.111,40.7,4.0,40.67
1057,Medium,RPath,241,4.0,2.0,2.0,1062.0,1592.0,2123.0,0.002512562814070352,Asphalt,265.4,3.0,2,265.405,0.136,0.272,0.0150715900527505,0.136,41,2,6.0,sidewalks,CON,1,2,0,1,2,0,1,0,0,0,0,0,1,2,0,1,0,0,0,0,0,0,0,0,0,0,0,2,0,0,0,0,0,0,1,2,2,0,0,0,0,0,0,5,1,0,0,0,0,0,1,0,0,0,0,0,0,1,0,0,0,0,0,0,0,0,0,0,0,0,0,0,0,1,0,0,1,2,2,0,0,0,0,3,1,0,0,0,0,0,0,0,0,0,0,0,5,0,0.226,,,0.023,0.102,0.068,,,,,,,,,,,0.006,0.028,,,,,,,,,,,,,,,,,0,3.0,0.136,265.4,4.0,265.405
1058,Medium,RPath,245,4.0,2.0,2.0,203.0,304.0,405.0,0.013157894736842105,Asphalt,93.4,3.0,2,93.399,0.12,0.24,0.0428265524625267,0.12,41,2,6.0,sidewalks,HMAC,1,2,2,1,2,0,1,2,0,0,0,0,1,2,0,0,0,0,0,0,0,0,0,0,0,0,0,2,0,0,0,0,0,0,0,0,0,0,0,0,0,0,0,0,0,0,0,0,0,0,1,2,2,0,0,0,3,1,0,0,0,0,0,0,0,0,0,0,0,0,0,0,0,1,2,0,1,2,2,0,0,0,0,3,0,0,0,0,0,0,0,0,0,0,0,0,5,0,0.434,,,,0.418,0.016,,,,,,,,,,,,,,,,,,,,,,,,,,,,,0,3.0,0.12,93.4,4.0,93.399
1059,Medium,RPath,247,4.0,2.0,2.0,113.0,169.0,225.0,0.023668639053254437,Asphalt,69.5,3.0,2,73.964,0.129,0.258,0.0575539568345323,0.129,48,3,6.0,sidewalks,HMAC,1,2,0,1,0,0,0,0,0,1,2,0,1,2,0,0,0,0,0,0,0,0,0,0,0,0,0,2,0,0,0,0,0,0,1,0,0,0,0,0,0,0,0,0,0,0,0,0,0,0,1,2,2,5,0,4,0,1,0,0,0,0,0,0,0,0,0,0,0,0,0,0,0,0,0,0,1,2,2,0,0,0,5,3,0,1,1,0,0,0,0,0,0,0,0,0,5,0,0.324,,,,0.259,0.065,,,,,,,,,,,,,,,,,,,,,,,,,,,,,0,3.0,0.129,69.5,4.0,73.964
1060,Medium,RPath,263,4.0,2.0,2.0,225.0,338.0,450.0,0.011834319526627219,Asphalt,97.0,3.0,2,98.005,0.22,0.44,0.0412371134020618,0.22,43,2,6.0,sidewalks,HMAC,1,2,0,0,0,0,0,0,0,0,0,0,1,2,0,1,0,0,0,0,0,0,0,0,0,0,3,0,1,2,0,0,0,0,1,0,0,0,0,0,0,0,0,0,1,2,0,0,0,0,1,2,0,0,0,0,0,1,1,0,0,0,0,0,1,2,2,0,0,0,0,0,0,1,0,0,1,2,0,1,0,0,0,0,1,1,1,1,2,0,0,0,0,0,0,0,5,0,0.464,,,,0.325,0.139,,,,,,,,,,,,,,,,,,,,,,,,,,,,,0,3.0,0.22,97.0,4.0,98.005
1061,Medium,RPath,273,4.0,2.0,2.0,299.0,449.0,598.0,0.008908685968819599,Asphalt,62.2,3.0,2,62.216,0.151,0.302,0.0643086816720257,0.151,34,2,6.0,sidewalks,HMAC,1,2,2,1,0,0,1,0,0,0,0,0,0,0,0,0,0,0,0,0,0,0,0,0,0,0,0,2,0,0,0,0,0,0,0,0,0,0,0,0,0,0,0,0,0,0,0,0,0,0,0,0,0,0,0,0,3,1,0,0,0,0,0,0,0,0,0,0,0,0,0,0,0,1,2,2,0,0,0,0,0,0,5,3,1,1,1,0,0,0,0,0,0,0,0,0,5,0,0.579,,,,0.482,,,,,,,,,0.072,,,,0.024,,,,,,,,,,,,,,,,,0,3.0,0.151,62.2,4.0,62.216
1062,Medium,RPath,274,4.0,2.0,2.0,150.0,225.0,300.0,0.017777777777777778,Asphalt,67.5,3.0,2,69.639,0.111,0.222,0.0592592592592592,0.111,35,2,6.0,sidewalks,HMAC,1,2,2,1,0,0,1,0,0,0,0,0,1,0,0,0,0,0,0,0,0,0,0,0,0,0,0,2,0,0,0,0,0,0,0,0,0,0,0,0,0,0,0,0,0,0,0,0,0,0,0,0,0,0,0,0,3,1,0,0,0,0,0,0,0,0,0,0,0,0,0,0,0,1,2,2,0,0,0,0,0,0,5,3,1,1,1,0,0,0,0,0,0,0,0,0,5,0,0.444,,,,0.444,,,,,,,,,,,,,,,,,,,,,,,,,,,,,,0,3.0,0.111,67.5,4.0,69.639
1063,Medium,RPath,291,4.0,2.0,2.0,172.0,259.0,345.0,0.015444015444015444,Asphalt,57.1,3.0,2,55.671,0.184,0.368,0.0700525394045534,0.184,47,3,6.0,sidewalks,HMAC,1,2,2,1,0,0,1,0,0,0,0,0,1,2,2,0,0,0,0,0,0,0,0,0,0,0,0,2,0,0,0,0,0,0,0,0,0,0,0,0,0,0,0,0,0,0,0,0,1,1,1,2,2,5,0,0,3,1,0,0,0,0,0,0,0,0,0,0,0,0,0,0,0,1,2,0,1,2,0,0,0,0,0,3,1,1,1,0,0,0,0,0,0,0,0,0,5,0,0.184,,,,,0.079,,,,,,,,,0.079,,0.026,,,,,,,,,,,,,,,,,,0,3.0,0.184,57.1,4.0,55.671
1064,Medium,RPath,293,4.0,2.0,2.0,355.0,533.0,711.0,0.0075046904315197,Asphalt,59.2,3.0,2,54.415,0.133,0.266,0.0675675675675675,0.133,41,2,6.0,sidewalks,HMAC,1,2,0,1,0,0,1,0,0,0,0,0,1,2,0,0,0,0,0,0,0,0,0,0,0,0,0,2,0,0,0,0,0,0,0,0,0,0,0,0,0,0,0,0,0,0,0,0,1,0,1,2,2,5,0,0,3,1,0,0,0,0,0,0,1,0,0,0,0,0,0,0,0,1,0,0,1,2,0,0,0,0,0,3,1,1,1,0,0,0,0,0,0,0,0,0,5,0,0.152,0.025,,0.025,,0.076,,,,,,0.025,,,,,,,,,,,,,,,,,,,,,,,0,3.0,0.133,59.2,4.0,54.415
1065,Medium,RPath,298,4.0,2.0,2.0,120.0,180.0,240.0,0.022222222222222223,Asphalt,97.5,3.0,2,88.52,0.165,0.33,0.041025641025641,0.165,46,3,6.0,sidewalks,CON,0,0,0,0,0,0,0,0,0,0,0,0,1,2,2,0,0,0,1,2,2,0,0,0,0,5,0,0,0,0,0,1,0,0,0,0,0,0,0,0,0,0,0,0,1,2,0,0,1,1,1,2,2,0,0,0,3,1,0,0,0,0,0,0,0,0,0,0,0,0,0,0,0,1,2,0,1,2,2,0,0,0,0,0,1,1,1,0,0,0,0,0,0,0,0,0,5,0,0.246,,,,0.108,0.138,,,,,,,,,,,,,,,,,,,,,,,,,,,,,0,3.0,0.165,97.5,4.0,88.52
1066,Medium,RPath,325,4.0,2.0,2.0,683.0,1025.0,1366.0,0.003902439024390244,Asphalt,351.2,3.0,2,351.194,0.19,0.38,0.0113895216400911,0.19,31,2,6.0,sidewalks,CON,1,2,0,0,0,0,0,0,0,0,0,0,1,2,2,0,0,0,1,2,2,0,0,0,0,0,0,0,0,0,0,0,0,0,0,0,0,0,0,0,0,0,0,0,0,0,0,0,0,0,1,2,2,5,5,0,0,0,0,0,0,0,0,0,0,0,0,0,0,0,0,0,0,0,0,0,0,0,0,0,0,0,0,0,1,1,1,0,0,0,0,0,0,0,0,0,0,0,0.196,,,,,0.149,,,,,,,,,,0.013,0.009,,0.026,,,,,,,,,,,,,,,,0,3.0,0.19,351.2,4.0,351.194
1067,Medium,RPath,331,4.0,2.0,2.0,232.0,348.0,464.0,0.011494252873563218,Asphalt,78.6,3.0,2,78.571,0.229,0.458,0.0508905852417302,0.229,40,2,6.0,sidewalks,HMAC,1,2,2,1,2,0,0,0,0,0,0,0,1,2,2,0,0,0,0,0,0,0,0,0,0,0,0,2,0,0,0,0,0,0,1,0,0,0,0,0,0,0,0,0,0,0,0,0,1,1,1,2,2,5,0,0,3,1,0,0,0,0,0,0,0,0,0,0,0,0,0,0,0,0,0,0,0,0,0,0,0,0,0,0,1,1,1,0,0,0,0,0,0,0,0,0,5,0,0.229,0.019,,,,0.21,,,,,,,,,,,,,,,,,,,,,,,,,,,,,0,3.0,0.229,78.6,4.0,78.571
1068,Medium,RPath,373,4.0,2.0,2.0,329.0,494.0,658.0,0.008097165991902834,Asphalt,174.6,3.0,2,173.075,0.159,0.318,0.0229095074455899,0.159,43,2,6.0,sidewalks,HMAC,1,2,2,0,0,0,0,0,0,0,0,0,1,2,0,1,0,0,0,0,0,0,0,0,0,0,0,2,0,0,0,1,2,0,1,2,0,0,0,0,0,0,0,0,0,0,0,0,0,0,1,2,0,0,0,0,0,1,0,0,0,0,0,0,0,0,0,1,2,0,0,0,0,1,2,0,1,2,0,0,0,0,5,3,0,0,0,0,0,0,0,0,0,0,0,0,5,0,0.309,,,,0.189,0.103,,,,,,,,,,0.017,,,,,,,,,,,,,,,,,,,0,3.0,0.159,174.6,4.0,173.075
1069,Medium,RPath,423,4.0,2.0,2.0,435.0,652.0,869.0,0.006134969325153374,Asphalt,101.1,3.0,2,102.042,0.23,0.46,0.039564787339268,0.23,46,3,6.0,sidewalks,HMAC,1,2,0,0,0,0,0,0,0,0,0,0,1,2,0,1,2,0,0,0,0,0,0,0,0,0,3,0,1,2,0,0,0,0,1,0,0,0,0,0,0,0,0,0,1,2,0,0,0,0,1,0,0,0,0,0,0,1,0,0,0,0,0,0,1,2,2,0,0,0,0,0,0,1,0,0,1,2,0,1,0,0,0,3,1,1,1,1,2,0,0,0,0,1,0,0,5,0,0.504,,,,0.356,0.059,,,,,,,,,0.059,,,0.015,0.015,,,,,,,,,,,,,,,,1,3.0,0.23,101.1,14.0,102.042
1070,Medium,RPath,425,4.0,2.0,2.0,142.0,213.0,285.0,0.018779342723004695,Asphalt,88.1,3.0,2,88.086,0.14,0.28,0.0454029511918274,0.14,42,2,6.0,sidewalks,CON,1,2,2,1,0,0,0,0,0,0,0,0,1,0,0,1,0,0,0,0,0,0,0,0,0,5,0,2,0,0,0,0,0,0,0,0,0,0,0,0,0,0,0,5,0,0,0,0,0,0,1,2,0,0,0,0,0,1,0,0,0,0,0,0,0,0,0,0,0,0,0,0,0,1,0,0,1,0,0,0,0,0,0,3,1,1,1,1,2,2,0,0,0,0,0,0,5,0,0.187,,,,0.051,0.102,,,,,,,,,,0.017,0.017,,,,,,,,,,,,,,,,,,0,3.0,0.14,88.1,4.0,88.086
1071,Medium,RPath,517,4.0,2.0,2.0,1349.0,2023.0,2698.0,0.001977261492832427,Asphalt,362.1,3.0,2,396.121,0.179,0.358,0.0110466721900027,0.179,44,2,6.0,sidewalks,HMAC,1,2,0,0,0,0,0,0,0,0,0,0,1,2,2,0,0,0,0,0,0,0,0,0,0,0,3,2,0,0,0,1,2,2,0,0,0,0,0,0,0,0,0,0,0,0,0,0,1,1,1,2,2,0,5,0,0,1,0,0,0,0,0,0,0,0,0,0,0,0,0,0,0,0,0,0,0,0,0,0,0,0,0,0,1,1,1,1,2,2,0,0,0,0,0,0,5,0,0.381,,,,0.244,0.046,0.004,,0.012,0.017,,0.017,0.033,0.008,,,,,,,,,,,,,,,,,,,,,1,3.0,0.179,362.1,14.0,396.121
1072,Medium,RPath,578,4.0,2.0,2.0,187.0,280.0,374.0,0.014285714285714285,Asphalt,98.6,3.0,2,98.565,0.145,0.29,0.0405679513184584,0.145,42,2,6.0,sidewalks,HMAC,1,2,2,0,0,0,0,0,0,0,0,0,1,2,2,1,0,0,0,0,0,0,0,0,0,0,3,0,1,2,0,0,0,0,0,0,0,0,0,0,0,0,0,0,1,0,0,0,0,0,1,2,0,0,0,0,0,1,1,0,0,0,0,0,1,2,0,0,0,0,0,0,0,0,0,0,1,2,0,0,0,0,0,0,1,1,1,1,2,2,0,0,0,0,0,0,5,0,0.259,,,,0.122,0.107,,,,,,0.03,,,,,,,,,,,,,,,,,,,,,,,0,3.0,0.145,98.6,4.0,98.565
1073,Medium,RPath,584,4.0,2.0,2.0,75.0,113.0,150.0,0.035398230088495575,Asphalt,85.4,3.0,2,81.787,0.163,0.326,0.0468384074941451,0.163,48,3,6.0,sidewalks,CON,1,2,0,1,0,0,1,0,0,1,2,0,1,2,2,1,2,0,0,0,0,0,0,0,0,0,0,2,0,0,0,0,0,0,1,2,0,0,0,0,0,0,0,0,0,0,0,0,0,0,1,0,0,5,5,0,0,1,0,0,0,0,0,0,0,0,0,0,0,0,0,0,0,1,0,0,1,2,0,0,0,0,0,0,1,1,1,0,0,0,0,0,0,1,2,0,5,0,0.176,,,,0.018,0.158,,,,,,,,,,,,,,,,,,,,,,,,,,,,,1,3.0,0.163,85.4,14.0,81.787
1074,Medium,RPath,652,4.0,2.0,2.0,112.0,169.0,225.0,0.023668639053254437,Asphalt,81.7,3.0,2,83.99,0.151,0.302,0.0489596083231334,0.151,46,3,6.0,sidewalks,CON,1,2,0,1,2,0,1,2,0,0,0,0,0,0,0,0,0,0,0,0,0,0,0,0,0,0,0,2,0,0,0,0,0,0,1,2,2,0,0,0,0,0,0,5,1,2,0,0,0,0,1,2,0,0,0,0,3,1,0,0,0,0,0,0,0,0,0,0,0,0,1,0,0,0,0,0,1,2,2,0,0,0,0,3,0,0,1,0,0,0,0,0,0,0,0,0,5,0,0.275,,,,0.165,0.11,,,,,,,,,,,,,,,,,,,,,,,,,,,,,0,3.0,0.151,81.7,4.0,83.99
1075,Medium,RPath,774,4.0,2.0,2.0,141.0,212.0,283.0,0.018867924528301886,Asphalt,97.1,3.0,2,66.984,0.116,0.232,0.0411946446961895,0.116,43,2,6.0,sidewalks,CON,1,2,0,1,2,0,0,0,0,0,0,0,1,0,0,1,0,0,0,0,0,0,0,0,5,0,0,0,0,0,0,0,0,0,1,2,2,0,0,0,0,0,0,0,1,2,2,0,0,0,1,2,2,0,5,0,0,1,0,0,0,0,0,0,0,0,0,0,0,0,1,0,0,1,0,0,0,0,0,0,0,0,0,0,1,0,0,1,0,0,0,0,0,0,0,0,5,0,0.232,,,,0.154,0.062,,,,,,,0.015,,,,,,,,,,,,,,,,,,,,,,0,3.0,0.116,97.1,4.0,66.984
1076,Medium,RPath,822,4.0,2.0,2.0,749.0,1124.0,1499.0,0.0035587188612099642,Asphalt,96.0,3.0,2,96.001,0.137,0.274,0.0416666666666666,0.137,48,3,6.0,sidewalks,HMAC,1,2,2,0,0,0,0,0,0,0,0,0,1,2,0,1,2,0,0,0,0,0,0,0,0,0,3,0,1,2,0,0,0,0,1,0,0,0,0,0,0,0,0,0,1,2,0,0,0,0,1,0,0,0,0,0,0,1,0,0,0,0,0,0,1,2,2,0,0,0,0,0,0,1,0,0,1,2,0,1,0,0,0,3,1,1,1,1,2,0,0,0,0,1,0,0,5,0,0.437,,,,0.156,,,,,,,,,0.234,,,0.031,0.016,,,,,,,,,,,,,,,,,1,3.0,0.137,96.0,14.0,96.001
1077,Medium,RPath,823,4.0,2.0,2.0,270.0,405.0,539.0,0.009876543209876543,Asphalt,98.6,3.0,2,98.625,0.179,0.358,0.0405679513184584,0.179,41,2,6.0,sidewalks,HMAC,1,2,2,0,0,0,0,0,0,0,0,0,1,2,0,1,2,0,0,0,0,0,0,0,0,0,3,0,1,2,0,0,0,0,1,0,0,0,0,0,0,0,0,0,1,2,0,0,0,0,1,0,0,0,0,0,0,1,0,0,0,0,0,0,1,2,2,0,0,0,0,0,0,1,0,0,1,0,0,0,0,0,0,0,1,1,1,1,2,0,0,0,0,0,0,0,5,0,0.487,,,,0.411,0.061,,,,,,,,,,,0.015,,,,,,,,,,,,,,,,,,0,3.0,0.179,98.6,4.0,98.625
1078,Medium,RPath,866,4.0,2.0,2.0,447.0,670.0,894.0,0.005970149253731343,Asphalt,296.9,3.0,2,296.887,0.126,0.252,0.0134725496800269,0.126,32,2,6.0,sidewalks,CON,1,2,0,0,0,0,0,0,0,0,0,0,1,2,2,0,0,0,1,2,2,0,0,0,0,0,0,0,0,0,0,0,0,0,1,0,0,0,0,0,0,0,0,0,0,0,0,0,0,0,1,2,2,5,5,0,0,0,0,0,0,0,0,0,0,0,0,0,0,0,0,0,0,0,0,0,0,0,0,0,0,0,0,0,1,1,1,0,0,0,0,0,0,0,0,0,0,0,0.141,,,,0.02,0.081,,,,,,,,,,,0.005,,0.035,,,,,,,,,,,,,,,,0,3.0,0.126,296.9,4.0,296.887
1079,Medium,RPath,868,4.0,2.0,2.0,640.0,959.0,1279.0,0.004171011470281543,Asphalt,306.0,3.0,2,305.95,0.145,0.29,0.0130718954248366,0.145,30,2,6.0,sidewalks,CON,1,0,0,0,0,0,0,0,0,0,0,0,1,2,2,0,0,0,1,2,2,0,0,0,0,0,0,0,0,0,0,0,0,0,1,0,0,0,0,0,0,0,0,0,0,0,0,0,0,0,1,2,2,5,5,0,0,0,0,0,0,0,0,0,0,0,0,0,0,0,0,0,0,0,0,0,0,0,0,0,0,0,0,0,1,1,1,0,0,0,0,0,0,0,0,0,0,0,0.162,,,,0.02,0.078,,,,,,,,,,0.005,0.01,,0.049,,,,,,,,,,,,,,,,0,3.0,0.145,306.0,4.0,305.95
1080,Medium,RPath,870,4.0,2.0,2.0,1049.0,1573.0,2098.0,0.0025429116338207248,Asphalt,302.3,3.0,2,302.261,0.134,0.268,0.0132318888521336,0.134,32,2,6.0,sidewalks,CON,1,2,0,0,0,0,0,0,0,0,0,0,1,2,2,0,0,0,1,2,2,0,0,0,0,0,0,0,0,0,0,0,0,0,1,0,0,0,0,0,0,0,0,0,0,0,0,0,0,0,1,2,2,5,5,0,0,0,0,0,0,0,0,0,0,0,0,0,0,0,0,0,0,0,0,0,0,0,0,0,0,0,0,0,1,1,1,0,0,0,0,0,0,0,0,0,0,0,0.134,0.02,,,,0.069,,,,,,,,,,,0.01,,0.035,,,,,,,,,,,,,,,,0,3.0,0.134,302.3,4.0,302.261
1081,Medium,RPath,872,4.0,2.0,2.0,2236.0,3354.0,4473.0,0.0011926058437686344,Asphalt,296.0,3.0,2,295.998,0.184,0.368,0.0135135135135135,0.184,33,2,6.0,sidewalks,CON,1,2,0,0,0,0,0,0,0,0,0,0,1,2,0,0,0,0,1,2,0,0,0,0,0,0,0,0,0,0,0,0,0,0,1,2,0,0,0,0,0,0,0,0,0,0,0,0,0,0,1,2,2,5,5,0,0,0,0,0,0,0,0,0,1,2,0,0,0,0,0,0,0,0,0,0,0,0,0,0,0,0,0,0,1,1,1,0,0,0,0,0,0,0,0,0,0,0,0.188,0.061,,,0.005,0.081,,,,,,,,,,,,,0.041,,,,,,,,,,,,,,,,0,3.0,0.184,296.0,4.0,295.998
1082,Medium,RPath,874,4.0,2.0,2.0,2227.0,3340.0,4454.0,0.0011976047904191617,Asphalt,289.2,3.0,2,289.248,0.163,0.326,0.0138312586445366,0.163,36,2,6.0,sidewalks,CON,1,2,2,0,0,0,0,0,0,0,0,0,1,0,0,1,0,0,1,0,0,0,0,0,0,0,0,0,0,0,0,0,0,0,1,2,2,0,0,0,0,0,0,0,1,0,0,0,0,0,1,2,2,5,5,0,0,0,0,0,0,0,0,0,1,2,0,0,0,0,0,0,0,1,0,0,0,0,0,0,0,0,0,0,1,1,1,0,0,0,0,0,0,0,0,0,0,0,0.218,0.062,,,0.073,0.047,,,,,,,,,,,0.005,,0.031,,,,,,,,,,,,,,,,0,3.0,0.163,289.2,4.0,289.248
1083,Medium,RPath,952,4.0,2.0,2.0,142.0,214.0,285.0,0.018691588785046728,Asphalt,74.2,3.0,2,77.801,0.111,0.222,0.0539083557951482,0.111,48,3,6.0,sidewalks,HMAC,1,2,0,1,0,0,1,0,0,1,0,0,1,2,0,0,0,0,0,0,0,0,0,0,0,0,0,2,0,0,0,0,0,0,1,0,0,0,0,0,0,0,0,0,0,0,0,0,0,0,1,2,2,5,0,4,0,1,0,0,0,0,0,0,0,0,0,0,0,0,0,0,0,1,0,0,1,2,2,0,0,0,5,3,0,1,1,0,0,0,0,0,0,0,0,0,5,0,0.384,,,,0.364,0.02,,,,,,,,,,,,,,,,,,,,,,,,,,,,,0,3.0,0.111,74.2,4.0,77.801
1084,Medium,RPath,1032,4.0,2.0,2.0,60.0,91.0,121.0,0.04395604395604396,Asphalt,103.2,3.0,2,103.292,0.105,0.21,0.0387596899224806,0.105,40,2,6.0,sidewalks,CON,1,2,2,0,0,0,0,0,0,0,0,0,0,0,0,0,0,0,0,0,0,0,0,0,0,0,0,2,0,0,0,0,0,0,1,2,2,0,0,0,0,0,0,0,1,2,2,0,0,0,1,2,2,5,5,0,0,0,0,0,0,0,0,0,0,0,0,0,0,0,0,0,0,0,0,0,0,0,0,0,0,0,0,0,1,1,1,0,0,0,0,0,0,0,0,0,5,0,0.116,,,,0.015,0.102,,,,,,,,,,,,,,,,,,,,,,,,,,,,,0,3.0,0.105,103.2,4.0,103.292
1085,Medium,RPath,1038,4.0,2.0,2.0,45.0,67.0,90.0,0.05970149253731343,Asphalt,85.5,3.0,2,85.543,0.105,0.21,0.0467836257309941,0.105,32,2,6.0,sidewalks,CON,1,2,2,1,0,0,1,0,0,0,0,0,0,0,0,0,0,0,0,0,0,0,0,0,0,0,0,2,0,0,0,0,0,0,1,2,0,0,0,0,1,2,0,0,1,0,0,0,1,0,1,2,0,0,0,0,0,1,0,0,0,0,0,0,0,0,0,0,0,0,0,0,0,1,2,0,0,0,0,0,0,0,0,0,1,1,1,0,0,0,0,0,0,0,0,0,5,0,0.105,,,,,0.105,,,,,,,,,,,,,,,,,,,,,,,,,,,,,0,3.0,0.105,85.5,4.0,85.543
1086,Medium,RPath,1042,4.0,2.0,2.0,327.0,491.0,654.0,0.008146639511201629,Asphalt,147.7,3.0,2,146.751,0.228,0.456,0.0270819228165199,0.228,38,2,6.0,sidewalks,CON,1,2,2,0,0,0,0,0,0,0,0,0,0,0,0,0,0,0,0,0,0,0,0,0,0,0,0,2,0,0,0,0,0,0,1,2,2,0,0,0,0,0,0,0,1,2,2,0,0,0,1,2,2,5,5,0,0,0,0,0,0,0,0,0,0,0,0,0,0,0,0,0,0,0,0,0,0,0,0,0,0,0,0,0,1,1,1,0,0,0,0,0,0,0,0,0,0,3,0.244,,,,,0.193,,,,,,,,,,0.03,,,0.02,,,,,,,,,,,,,,,,0,3.0,0.228,147.7,4.0,146.751
1087,Medium,RPath,1111,4.0,2.0,2.0,179.0,269.0,359.0,0.01486988847583643,Asphalt,163.8,3.0,2,160.594,0.158,0.316,0.0244200244200244,0.158,38,2,6.0,sidewalks,CON,1,2,2,0,0,0,0,0,0,0,0,0,0,0,0,0,0,0,0,0,0,0,0,0,0,0,0,2,0,0,0,1,2,2,0,0,0,0,0,0,0,0,0,0,0,0,0,0,1,0,1,2,0,0,0,4,3,1,0,0,0,0,0,0,0,0,0,0,0,0,0,0,0,1,2,0,0,0,0,0,0,0,0,3,1,1,1,0,0,0,0,0,0,0,0,0,5,0,0.22,,,,0.082,0.137,,,,,,,,,,,,,,,,,,,,,,,,,,,,,0,3.0,0.158,163.8,4.0,160.594
1088,Medium,RPath,1124,4.0,2.0,2.0,15.0,23.0,30.0,0.17391304347826086,Asphalt,14.4,3.0,2,14.375,0.209,0.418,0.2777777777777778,0.209,40,2,6.0,sidewalks,CON,1,2,0,1,2,0,1,2,0,0,0,0,1,2,0,0,0,0,0,0,0,0,0,0,0,0,0,2,0,0,0,1,0,0,0,0,0,0,0,0,0,0,0,0,0,0,0,0,0,0,1,0,0,5,0,4,0,1,0,0,0,0,0,0,0,0,0,0,0,0,0,0,0,1,2,0,0,0,0,0,0,0,0,3,1,1,1,0,0,0,0,0,0,0,0,0,5,0,0.209,,,,,0.209,,,,,,,,,,,,,,,,,,,,,,,,,,,,,0,3.0,0.209,14.4,4.0,14.375
1089,Medium,RPath,1134,4.0,2.0,2.0,330.0,495.0,660.0,0.00808080808080808,Asphalt,84.0,3.0,2,80.677,0.174,0.348,0.0476190476190476,0.174,45,2,6.0,sidewalks,CON,1,2,0,0,0,0,0,0,0,1,2,2,0,0,0,0,0,0,0,0,0,0,0,0,0,0,0,0,0,0,0,0,0,0,1,2,2,0,0,0,1,2,2,0,1,2,2,0,1,0,1,2,2,5,0,0,3,0,0,0,0,0,0,0,0,0,0,0,0,0,0,0,0,0,0,0,0,0,0,0,0,0,0,0,1,1,1,0,0,0,0,0,0,0,0,0,5,0,0.214,,,,,0.071,,,,,,,,0.054,,,0.089,,,,,,,,,,,,,,,,,,0,3.0,0.174,84.0,4.0,80.677
1090,Medium,RPath,1197,4.0,2.0,2.0,976.0,1464.0,1952.0,0.00273224043715847,Asphalt,108.5,3.0,2,120.489,0.166,0.332,0.0368663594470046,0.166,38,2,6.0,sidewalks,HMAC,1,0,0,0,0,0,0,0,0,0,0,0,1,2,2,0,0,0,0,0,0,0,0,0,0,0,0,2,0,0,0,1,2,0,0,0,0,0,0,0,0,0,0,0,0,0,0,0,0,0,1,2,2,5,5,0,0,1,0,0,0,0,0,0,0,0,0,0,0,0,0,0,0,1,2,0,0,0,0,0,0,0,0,0,1,1,1,0,0,0,0,0,0,0,0,0,5,0,0.415,,,,,0.069,,,,,,,0.014,0.332,,,,,,,,,,,,,,,,,,,,,0,3.0,0.166,108.5,4.0,120.489
1091,Medium,RPath,1204,4.0,2.0,2.0,127.0,190.0,254.0,0.021052631578947368,Asphalt,54.1,3.0,2,51.868,0.104,0.208,0.0739371534195933,0.104,39,2,6.0,sidewalks,CON,1,2,2,0,0,0,0,0,0,0,0,0,0,0,0,0,0,0,0,0,0,0,0,0,0,0,3,0,0,0,0,0,0,0,0,0,0,0,0,0,0,0,0,0,1,2,2,0,0,0,1,2,0,5,5,0,0,0,0,0,0,0,0,0,0,0,0,0,0,0,0,0,0,0,0,0,1,2,2,0,0,0,0,0,1,1,1,0,0,0,0,0,0,0,0,0,5,0,0.249,,,,0.194,,,,,,,,,,,,0.055,,,,,,,,,,,,,,,,,,0,3.0,0.104,54.1,4.0,51.868
1092,Medium,RPath,1276,4.0,2.0,2.0,90.0,135.0,180.0,0.02962962962962963,Asphalt,70.5,3.0,2,69.275,0.239,0.478,0.0567375886524822,0.239,45,2,6.0,sidewalks,CON,1,2,0,0,0,0,0,0,0,1,2,2,0,0,0,0,0,0,0,0,0,0,0,0,0,0,0,0,0,0,0,0,0,0,1,2,2,0,0,0,1,2,2,0,1,2,2,0,1,0,1,2,2,0,5,0,3,0,0,0,0,0,0,0,0,0,0,0,0,0,0,0,0,0,0,0,0,0,0,0,0,0,0,0,1,1,1,0,0,0,0,0,0,0,0,0,5,0,0.255,,,,0.021,0.234,,,,,,,,,,,,,,,,,,,,,,,,,,,,,0,3.0,0.239,70.5,4.0,69.275
1093,Medium,RPath,1277,4.0,2.0,2.0,134.0,202.0,269.0,0.019801980198019802,Asphalt,87.9,3.0,2,88.129,0.145,0.29,0.0455062571103526,0.145,42,2,6.0,sidewalks,CON,1,2,0,0,0,0,0,0,0,1,2,2,0,0,0,0,0,0,0,0,0,0,0,0,0,0,0,0,0,0,0,1,0,0,1,2,2,0,0,0,1,2,2,0,1,2,2,0,1,1,1,2,2,0,0,0,3,0,0,0,0,0,0,0,0,0,0,0,0,0,0,0,0,0,0,0,0,0,0,0,0,0,0,0,1,1,1,0,0,0,0,0,0,0,0,0,5,0,0.171,,,,0.034,0.102,,,,,,,,,,,,,0.034,,,,,,,,,,,,,,,,0,3.0,0.145,87.9,4.0,88.129
1094,Medium,RPath,1279,4.0,2.0,2.0,60.0,90.0,121.0,0.044444444444444446,Asphalt,52.2,3.0,2,48.671,0.115,0.23,0.0766283524904214,0.115,35,2,6.0,sidewalks,CON,1,2,0,0,0,0,0,0,0,1,2,0,0,0,0,0,0,0,0,0,0,0,0,0,0,0,0,0,0,0,0,1,2,0,1,2,0,0,0,0,1,2,2,0,1,2,0,0,1,1,1,2,2,0,0,0,0,0,0,0,0,0,0,0,0,0,0,0,0,0,0,0,0,0,0,0,0,0,0,0,0,0,0,0,1,1,1,0,0,0,0,0,0,0,0,0,5,0,0.115,,,,,0.086,,,,,,,,,,,,,0.029,,,,,,,,,,,,,,,,0,3.0,0.115,52.2,4.0,48.671
1095,Medium,RPath,1291,4.0,2.0,2.0,1049.0,1574.0,2099.0,0.0025412960609911056,Asphalt,147.6,3.0,2,144.331,0.218,0.436,0.02710027100271,0.218,48,3,6.0,sidewalks,CON,1,2,2,1,0,0,1,0,0,0,0,0,1,2,0,0,0,0,0,0,0,0,0,0,0,0,0,2,0,0,0,0,0,0,1,0,0,0,0,0,0,0,0,0,0,0,0,0,1,1,1,2,2,5,0,0,3,1,0,0,0,0,0,0,0,0,0,0,0,0,0,0,0,1,2,0,1,2,2,0,0,0,0,3,1,1,1,0,0,0,0,0,0,0,0,0,5,0,0.224,0.061,,,,0.152,,,,,,,,,,,,0.01,,,,,,,,,,,,,,,,,0,3.0,0.218,147.6,4.0,144.331
1096,Medium,RPath,1308,4.0,2.0,2.0,60.0,90.0,120.0,0.044444444444444446,Asphalt,59.5,3.0,2,55.762,0.202,0.404,0.0672268907563025,0.202,35,2,6.0,sidewalks,CON,1,2,2,0,0,0,0,0,0,0,0,0,0,0,0,0,0,0,0,0,0,0,0,0,0,0,0,2,0,0,0,0,0,0,0,0,0,0,0,0,0,0,0,0,0,0,0,0,0,0,1,2,2,0,0,0,3,1,0,0,0,0,0,0,0,0,0,0,0,0,0,0,0,1,2,2,1,0,0,0,0,0,5,0,1,1,1,0,0,0,0,0,0,0,0,0,5,0,0.202,,,,,0.202,,,,,,,,,,,,,,,,,,,,,,,,,,,,,0,3.0,0.202,59.5,4.0,55.762
1097,Medium,RPath,1346,4.0,2.0,2.0,4193.0,6289.0,8385.0,0.0006360311655271108,Asphalt,195.0,3.0,2,85.667,0.215,0.43,0.0205128205128205,0.215,42,2,6.0,sidewalks,CON,1,2,2,1,2,0,1,2,0,0,0,0,0,0,0,0,0,0,0,0,0,0,0,0,0,0,0,2,0,0,0,0,0,0,1,2,0,0,0,0,0,0,0,5,1,0,0,0,0,0,1,2,0,0,0,0,3,1,0,0,0,0,0,0,0,0,0,0,0,0,1,0,0,0,0,0,1,2,0,0,0,0,0,3,0,0,1,0,0,0,0,0,0,0,0,0,5,0,0.215,0.169,,0.046,,,,,,,,,,,,,,,,,,,,,,,,,,,,,,,0,3.0,0.215,195.0,4.0,85.667
1098,Medium,RPath,1616,4.0,2.0,2.0,614.0,921.0,1228.0,0.004343105320304018,Asphalt,174.5,3.0,2,172.379,0.12,0.24,0.0229226361031518,0.12,37,2,6.0,sidewalks,CON,1,2,2,1,0,0,1,0,0,0,0,0,0,0,0,0,0,0,0,0,0,0,0,0,0,5,0,2,0,0,0,0,0,0,0,0,0,0,0,0,0,0,0,0,0,0,0,0,1,0,1,2,0,0,0,0,3,0,0,0,0,0,0,0,0,0,0,0,0,0,0,0,0,1,2,2,1,2,0,0,0,0,0,0,1,1,1,0,0,0,0,0,0,0,0,0,5,0,0.12,,,0.009,,0.009,,,,,,,,,0.103,,,,,,,,,,,,,,,,,,,,0,3.0,0.12,174.5,4.0,172.379
1099,Medium,RPath,340,4.0,2.0,2.0,637.0,956.0,1274.0,0.0041841004184100415,Asphalt,380.3,3.0,2,71.996,0.178,0.356,0.0105180120957139,0.178,46,3,6.0,sidewalks,SS,1,2,2,1,0,0,1,0,0,0,0,0,1,2,2,0,0,0,0,0,0,0,0,0,0,0,0,2,0,0,0,0,0,0,0,0,0,0,0,0,0,0,0,0,0,0,0,0,1,1,1,2,2,5,0,0,3,1,0,0,0,0,0,0,0,0,0,0,0,0,0,0,0,0,0,0,1,2,2,0,0,0,0,3,1,1,1,0,0,0,0,0,0,0,0,0,5,0,0.32,,,,0.185,0.13,,,,,,,,,,0.004,,,,,,,,,,,,,,,,,,,0,3.0,0.178,380.3,4.0,71.996
1100,Medium,RPath,1353,4.0,2.0,2.0,391.0,586.0,782.0,0.006825938566552901,Asphalt,77.5,3.0,2,77.452,0.203,0.406,0.0516129032258064,0.203,36,2,6.0,walkways,HMAC,1,2,2,1,0,0,0,0,0,0,0,0,1,2,0,1,2,0,0,0,0,0,0,0,0,0,0,2,0,0,0,0,0,0,1,0,0,0,0,0,0,0,0,0,0,0,0,0,0,0,1,2,2,0,0,0,0,1,0,0,0,0,0,0,0,0,0,0,0,0,0,0,0,0,0,0,0,0,0,0,0,0,5,3,1,1,0,0,0,0,0,0,0,0,0,0,5,0,0.232,,,,0.039,,,,0.194,,,,,,,,,,,,,,,,,,,,,,,,,,0,3.0,0.203,77.5,4.0,77.452
1101,Medium,RPath,1354,4.0,2.0,2.0,270.0,405.0,540.0,0.009876543209876543,Asphalt,80.1,3.0,2,80.136,0.126,0.252,0.0499375780274656,0.126,31,2,6.0,walkways,HMAC,1,2,2,1,0,0,0,0,0,0,0,0,1,0,0,1,0,0,0,0,0,0,0,0,0,0,0,2,0,0,0,0,0,0,0,0,0,0,0,0,0,0,0,0,0,0,0,0,0,0,1,2,2,0,0,0,0,1,0,0,0,0,0,0,0,0,0,0,0,0,0,0,0,0,0,0,0,0,0,0,0,0,5,3,1,1,0,0,0,0,0,0,0,0,0,0,5,0,0.15,,,,0.019,,,,0.112,,,,,,,0.019,,,,,,,,,,,,,,,,,,,0,3.0,0.126,80.1,4.0,80.136
1102,Medium,RPath,1355,4.0,2.0,2.0,538.0,807.0,1076.0,0.004956629491945477,Asphalt,80.0,3.0,2,80.014,0.112,0.224,0.05,0.112,43,2,6.0,walkways,HMAC,1,2,0,1,2,2,0,0,0,0,0,0,1,2,2,0,0,0,0,0,0,0,0,0,0,5,0,2,0,0,0,0,0,0,1,2,0,0,0,0,0,0,0,0,0,0,0,0,0,0,1,2,0,0,0,0,0,1,0,0,0,0,0,0,0,0,0,0,0,0,1,0,0,1,2,0,1,2,0,0,0,0,0,3,1,0,0,0,0,0,0,0,0,0,0,0,5,0,0.281,,,0.056,0.225,,,,,,,,,,,,,,,,,,,,,,,,,,,,,,0,3.0,0.112,80.0,4.0,80.014
1103,Medium,RPath,1361,4.0,2.0,2.0,180.0,269.0,359.0,0.01486988847583643,Asphalt,87.6,3.0,2,87.609,0.18,0.36,0.045662100456621,0.18,48,3,6.0,walkways,HMAC,1,2,0,1,2,0,1,2,0,0,0,0,1,2,0,1,2,0,0,0,0,1,2,0,0,0,0,2,0,0,0,1,0,0,1,2,0,0,0,0,0,0,0,0,1,0,0,0,0,0,1,2,0,0,0,0,0,1,0,0,0,0,0,0,0,0,0,0,0,0,0,0,0,1,2,0,1,2,0,0,0,0,5,0,1,1,1,0,0,0,0,0,0,0,0,0,5,0,0.342,,,,0.205,0.12,,,,,,,,,,,,0.017,,,,,,,,,,,,,,,,,0,3.0,0.18,87.6,4.0,87.609
1104,Medium,RPath,1363,4.0,2.0,2.0,203.0,304.0,406.0,0.013157894736842105,Asphalt,78.0,3.0,2,78.046,0.168,0.336,0.0512820512820512,0.168,45,2,6.0,walkways,HMAC,1,2,2,1,2,0,1,2,0,0,0,0,1,2,0,1,2,0,0,0,0,1,2,0,0,0,0,2,0,0,0,1,0,0,1,2,2,0,0,0,0,0,0,0,0,0,0,0,0,0,1,2,2,0,0,0,0,1,0,0,0,0,0,0,0,0,0,0,0,0,0,0,0,0,0,0,1,2,0,0,0,0,0,0,1,1,1,0,0,0,0,0,0,0,0,0,5,0,0.211,,,,0.058,0.077,,,,,,,0.077,,,,,,,,,,,,,,,,,,,,,,0,3.0,0.168,78.0,4.0,78.046
1105,Medium,RPath,1375,4.0,2.0,2.0,226.0,339.0,451.0,0.011799410029498525,Asphalt,85.0,3.0,2,85.302,0.119,0.238,0.0470588235294117,0.119,44,2,6.0,walkways,HMAC,1,2,2,1,0,0,0,0,0,1,0,0,1,2,0,0,0,0,0,0,0,0,0,0,0,5,0,2,0,0,0,0,0,0,1,2,0,0,0,0,0,0,0,0,0,0,0,0,0,0,1,2,0,0,0,0,0,1,0,0,0,0,0,0,0,0,0,0,0,0,0,0,0,1,0,0,1,2,0,0,0,0,5,3,1,1,1,0,0,0,0,0,0,0,0,0,5,0,0.459,,,,0.441,,,,,,,,,,,,,0.018,,,,,,,,,,,,,,,,,0,3.0,0.119,85.0,4.0,85.302
1106,Medium,RPath,1376,4.0,2.0,2.0,127.0,191.0,255.0,0.020942408376963352,Asphalt,85.8,3.0,2,85.756,0.101,0.202,0.0466200466200466,0.101,33,2,6.0,walkways,HMAC,1,2,0,1,2,0,1,0,0,0,0,0,1,2,2,0,0,0,0,0,0,0,0,0,0,0,0,2,0,0,0,0,0,0,0,0,0,0,0,0,0,0,0,0,0,0,0,0,0,0,1,0,0,0,0,0,0,1,0,0,0,0,0,0,0,0,0,0,0,0,0,0,0,1,2,0,1,0,0,0,0,0,5,0,1,1,1,0,0,0,0,0,0,0,0,0,5,0,0.297,,,,0.262,0.035,,,,,,,,,,,,,,,,,,,,,,,,,,,,,0,3.0,0.101,85.8,4.0,85.756
1107,Medium,RPath,1391,4.0,2.0,2.0,390.0,585.0,780.0,0.006837606837606838,Asphalt,62.5,3.0,2,62.491,0.12,0.24,0.064,0.12,31,2,6.0,walkways,HMAC,1,2,2,0,0,0,0,0,0,0,0,0,1,0,0,1,0,0,0,0,0,0,0,0,0,0,0,2,0,0,0,0,0,0,1,2,0,0,0,0,0,0,0,0,0,0,0,0,0,0,1,2,0,0,0,0,0,1,0,0,0,0,0,0,0,0,0,0,0,0,0,0,0,1,2,0,1,2,0,0,0,0,0,3,0,1,0,0,0,0,0,0,0,0,0,0,5,0,0.336,,,0.048,0.288,,,,,,,,,,,,,,,,,,,,,,,,,,,,,,0,3.0,0.12,62.5,4.0,62.491
1108,Medium,RPath,1392,4.0,2.0,2.0,293.0,440.0,586.0,0.00909090909090909,Asphalt,78.5,3.0,2,78.508,0.158,0.316,0.0509554140127388,0.158,42,2,6.0,walkways,HMAC,1,2,2,1,0,0,1,0,0,0,0,0,1,2,0,0,0,0,0,0,0,0,0,0,0,0,0,2,0,0,0,0,0,0,1,2,0,0,0,0,0,0,0,0,0,0,0,0,0,0,1,2,2,0,0,0,3,1,0,0,0,0,0,0,0,0,0,0,0,0,0,0,0,1,2,2,1,2,0,0,0,0,0,3,0,1,1,0,0,0,0,0,0,0,0,0,5,0,0.287,,,,0.172,,,,0.115,,,,,,,,,,,,,,,,,,,,,,,,,,0,3.0,0.158,78.5,4.0,78.508
1109,Medium,RPath,1396,4.0,2.0,2.0,480.0,720.0,960.0,0.005555555555555556,Asphalt,37.8,3.0,2,37.78,0.159,0.318,0.1058201058201058,0.159,47,3,6.0,walkways,HMAC,1,2,0,1,2,0,1,2,0,0,0,0,1,2,2,0,0,0,0,0,0,0,0,0,0,5,0,2,0,0,0,0,0,0,1,0,0,0,0,0,0,0,0,0,0,0,0,0,0,0,1,2,2,0,0,0,3,1,0,0,0,0,0,0,0,0,0,0,0,0,0,0,0,1,2,0,1,2,2,0,0,0,0,3,0,0,0,0,0,0,0,0,0,0,0,0,5,0,0.278,,,0.119,0.159,,,,,,,,,,,,,,,,,,,,,,,,,,,,,,0,3.0,0.159,37.8,4.0,37.78
1110,Medium,RPath,1397,4.0,2.0,2.0,180.0,270.0,360.0,0.014814814814814815,Asphalt,82.3,3.0,2,82.299,0.109,0.218,0.048602673147023,0.109,45,2,6.0,walkways,HMAC,1,2,2,1,2,0,1,2,0,0,0,0,1,2,0,1,0,0,0,0,0,0,0,0,0,0,0,2,0,0,0,0,0,0,1,2,2,0,0,0,0,0,0,0,1,0,0,0,0,0,1,2,2,0,0,0,0,1,0,0,0,0,0,0,0,0,0,0,0,0,0,0,0,1,2,0,1,2,2,0,0,0,0,3,0,0,0,0,0,0,0,0,0,0,0,0,5,0,0.437,,,,0.437,,,,,,,,,,,,,,,,,,,,,,,,,,,,,,0,3.0,0.109,82.3,4.0,82.299
1111,Medium,RPath,1401,4.0,2.0,2.0,262.0,393.0,524.0,0.010178117048346057,Asphalt,76.5,3.0,2,76.534,0.137,0.274,0.0522875816993464,0.137,46,3,6.0,walkways,SS,1,2,0,0,0,0,0,0,0,0,0,0,1,0,0,0,0,0,0,0,0,0,0,0,0,0,0,2,0,0,0,0,0,0,1,2,2,0,0,0,0,0,0,5,1,0,0,0,0,0,1,2,0,0,0,0,0,1,0,0,0,0,0,0,1,0,0,1,0,0,1,2,2,0,0,0,1,2,0,0,0,0,5,3,1,0,1,0,0,0,0,0,0,0,0,0,5,0,0.137,,,,,,,,,,,,,,,,,,,,,,,,,,,,0.137,,,,,,0,3.0,0.137,76.5,4.0,76.534
1112,Medium,RPath,1404,4.0,2.0,2.0,511.0,766.0,1022.0,0.005221932114882507,Asphalt,108.0,3.0,2,106.66,0.194,0.388,0.037037037037037,0.194,37,2,6.0,walkways,HMAC,1,2,0,1,2,0,1,0,0,0,0,0,1,2,2,0,0,0,0,0,0,0,0,0,0,0,0,2,0,0,0,0,0,0,0,0,0,0,0,0,0,0,0,0,0,0,0,0,0,0,1,2,0,0,0,0,0,1,0,0,0,0,0,0,0,0,0,0,0,0,0,0,0,1,2,2,1,2,2,0,0,0,0,3,1,0,0,0,0,0,0,0,0,0,0,0,5,0,0.278,,,,0.111,,,,0.153,,,,0.014,,,,,,,,,,,,,,,,,,,,,,0,3.0,0.194,108.0,4.0,106.66
1113,Medium,RPath,1407,4.0,2.0,2.0,52.0,79.0,105.0,0.05063291139240506,Asphalt,29.3,3.0,2,29.274,0.128,0.256,0.136518771331058,0.128,42,2,6.0,walkways,HMAC,1,2,2,1,2,0,1,2,0,0,0,0,1,2,0,1,0,0,0,0,0,0,0,0,0,0,0,2,0,0,0,0,0,0,1,2,2,0,0,0,0,0,0,0,1,0,0,0,0,0,1,2,2,0,0,0,0,0,0,0,0,0,0,0,0,0,0,0,0,0,0,0,0,1,2,0,1,2,0,0,0,0,0,3,0,0,0,0,0,0,0,0,0,0,0,0,5,0,0.359,,,,0.307,0.051,,,,,,,,,,,,,,,,,,,,,,,,,,,,,0,3.0,0.128,29.3,4.0,29.274
1114,Medium,RPath,1410,4.0,2.0,2.0,172.0,257.0,343.0,0.01556420233463035,Asphalt,77.1,3.0,2,77.108,0.107,0.214,0.0518806744487678,0.107,48,3,6.0,walkways,HMAC,1,2,0,1,2,0,1,2,0,0,0,0,1,2,2,1,0,0,0,0,0,0,0,0,0,5,0,2,0,0,0,0,0,0,1,2,2,0,0,0,0,0,0,0,0,0,0,0,0,0,1,2,0,0,0,0,3,1,0,0,0,0,0,0,0,0,0,0,0,0,0,0,0,1,2,0,1,2,0,0,0,0,0,3,0,0,0,0,0,0,0,0,0,0,0,0,5,0,0.37,,,,0.35,,,,,,,,,,,,,,0.019,,,,,,,,,,,,,,,,0,3.0,0.107,77.1,4.0,77.108
1115,Medium,RPath,1426,4.0,2.0,2.0,667.0,1001.0,1335.0,0.003996003996003996,Asphalt,84.7,3.0,2,84.724,0.146,0.292,0.0472255017709563,0.146,44,2,6.0,walkways,HMAC,1,2,2,0,0,0,0,0,0,0,0,0,1,2,2,1,2,0,0,0,0,0,0,0,0,0,0,2,0,0,0,0,0,0,1,2,0,0,0,0,0,0,0,0,0,0,0,0,1,0,1,2,0,0,0,0,0,1,0,0,0,0,0,0,0,0,0,0,0,0,0,0,0,1,2,2,1,2,0,0,0,0,0,3,1,1,0,0,0,0,0,0,0,1,2,0,5,0,0.372,,,,0.018,0.053,,0.283,,,,,,,,,0.018,,,,,,,,,,,,,,,,,,0,3.0,0.146,84.7,4.0,84.724
1116,Medium,RPath,1429,4.0,2.0,2.0,487.0,730.0,973.0,0.005479452054794521,Asphalt,61.4,3.0,2,61.444,0.22,0.44,0.0651465798045602,0.22,30,2,6.0,walkways,SS,1,2,0,1,2,0,1,2,0,0,0,0,0,0,0,0,0,0,0,0,0,0,0,0,0,0,0,2,0,0,0,0,0,0,0,0,0,0,0,0,0,0,0,0,0,0,0,0,1,0,1,2,0,0,0,0,0,1,0,0,0,0,0,0,0,0,0,0,0,0,0,0,0,1,2,2,0,0,0,0,0,0,0,3,0,1,0,0,0,0,0,0,0,0,0,0,5,0,0.317,,,,,,,,,,,,,,,,,,,,,0.073,,,0.195,,,,0.049,,,,,,0,3.0,0.22,61.4,4.0,61.444
1117,Medium,RPath,1433,4.0,2.0,2.0,98.0,146.0,195.0,0.0273972602739726,Asphalt,54.2,3.0,2,54.169,0.111,0.222,0.07380073800738,0.111,35,2,6.0,walkways,HMAC,1,2,0,1,2,0,1,0,0,0,0,0,1,2,2,0,0,0,0,0,0,0,0,0,0,0,0,2,0,0,0,0,0,0,0,0,0,0,0,0,0,0,0,0,0,0,0,0,0,0,1,2,0,0,0,0,3,1,0,0,0,0,0,0,0,0,0,0,0,0,0,0,0,1,2,0,1,2,0,0,0,0,0,3,0,0,0,0,0,0,0,0,0,0,0,0,5,0,0.36,,,,0.332,0.028,,,,,,,,,,,,,,,,,,,,,,,,,,,,,0,3.0,0.111,54.2,4.0,54.169
1118,Medium,RPath,1453,4.0,2.0,2.0,83.0,124.0,165.0,0.03225806451612903,Asphalt,80.6,3.0,2,80.561,0.205,0.41,0.0496277915632754,0.205,45,2,6.0,walkways,HMAC,1,2,2,1,0,0,1,0,0,0,0,0,1,2,2,1,2,2,0,0,0,0,0,0,0,0,0,2,0,0,0,0,0,0,1,2,0,0,0,0,0,0,0,0,1,0,0,0,1,0,1,2,0,0,0,0,0,1,0,0,0,0,0,0,1,0,0,0,0,0,0,0,0,1,2,2,1,0,0,0,0,0,5,0,0,0,0,0,0,0,0,0,0,0,0,0,5,0,0.205,,,,,0.205,,,,,,,,,,,,,,,,,,,,,,,,,,,,,0,3.0,0.205,80.6,4.0,80.561
1119,Medium,RPath,1457,4.0,2.0,2.0,45.0,67.0,90.0,0.05970149253731343,Asphalt,74.8,3.0,2,74.768,0.12,0.24,0.053475935828877,0.12,33,2,6.0,walkways,HMAC,1,2,2,1,0,0,1,0,0,0,0,0,1,0,0,0,0,0,0,0,0,0,0,0,0,0,0,2,0,0,0,1,2,0,0,0,0,0,0,0,1,2,0,0,1,0,0,0,0,0,1,2,2,0,0,0,0,1,0,0,0,0,0,0,0,0,0,0,0,0,0,0,0,0,0,0,0,0,0,0,0,0,0,3,1,1,0,0,0,0,0,0,0,0,0,0,5,0,0.12,,,,,0.12,,,,,,,,,,,,,,,,,,,,,,,,,,,,,0,3.0,0.12,74.8,4.0,74.768
1120,Medium,RPath,1461,4.0,2.0,2.0,903.0,1354.0,1806.0,0.0029542097488921715,Asphalt,121.6,3.0,2,121.638,0.222,0.444,0.0328947368421052,0.222,41,2,6.0,walkways,HMAC,1,2,2,1,2,0,0,0,0,1,2,0,1,2,0,0,0,0,0,0,0,0,0,0,0,0,0,2,0,0,0,0,0,0,1,2,0,0,0,0,0,0,0,0,1,2,0,0,1,0,1,2,0,0,0,0,0,1,0,0,0,0,0,0,0,0,0,0,0,0,0,0,0,1,2,2,0,0,0,0,0,0,0,3,1,0,0,0,0,0,0,0,0,0,0,0,5,0,0.222,,,0.025,,,,,0.049,,,,,,0.148,,,,,,,,,,,,,,,,,,,,0,3.0,0.222,121.6,4.0,121.638
1121,Medium,RPath,1466,4.0,2.0,2.0,122.0,183.0,244.0,0.02185792349726776,Asphalt,96.3,3.0,2,96.26,0.125,0.25,0.0415368639667705,0.125,40,2,6.0,walkways,HMAC,1,2,2,1,2,2,1,2,0,0,0,0,0,0,0,0,0,0,0,0,0,0,0,0,0,0,0,2,0,0,0,0,0,0,0,0,0,0,0,0,0,0,0,0,0,0,0,0,1,0,1,2,0,0,0,0,0,1,0,0,0,0,0,0,0,0,0,0,0,0,0,0,0,1,2,0,1,0,0,0,0,0,5,3,1,1,1,0,0,0,0,0,0,0,0,0,5,0,0.125,,,,,0.093,,,0.016,,,,,,,,,,0.016,,,,,,,,,,,,,,,,0,3.0,0.125,96.3,4.0,96.26
1122,Medium,RPath,1473,4.0,2.0,2.0,98.0,146.0,195.0,0.0273972602739726,Asphalt,81.3,3.0,2,81.345,0.24,0.48,0.04920049200492,0.24,38,2,6.0,walkways,HMAC,1,2,2,1,2,0,1,0,0,0,0,0,1,2,0,0,0,0,0,0,0,0,0,0,0,0,0,2,0,0,0,0,0,0,0,0,0,0,0,0,0,0,0,0,0,0,0,0,1,1,1,2,2,0,0,0,0,1,0,0,0,0,0,0,0,0,0,0,0,0,0,0,0,1,2,0,0,0,0,0,0,0,0,3,1,1,0,1,2,0,0,0,0,0,0,0,5,0,0.24,,,,,0.24,,,,,,,,,,,,,,,,,,,,,,,,,,,,,0,3.0,0.24,81.3,4.0,81.345
1123,Medium,RPath,1475,4.0,2.0,2.0,128.0,191.0,255.0,0.020942408376963352,Asphalt,60.0,3.0,2,60.01,0.225,0.45,0.0666666666666666,0.225,48,3,6.0,walkways,HMAC,1,2,2,1,2,2,1,2,2,0,0,0,1,0,0,0,0,0,0,0,0,0,0,0,0,5,0,2,0,0,0,0,0,0,0,0,0,0,0,0,0,0,0,0,0,0,0,0,1,1,1,2,2,0,5,0,0,1,0,0,0,0,0,0,0,0,0,0,0,0,0,0,0,1,2,0,0,0,0,0,0,0,0,3,1,0,0,0,0,0,0,0,0,0,0,0,5,0,0.225,,,,,0.175,,,,,,,0.025,,,,0.025,,,,,,,,,,,,,,,,,,0,3.0,0.225,60.0,4.0,60.01
1124,Medium,RPath,1480,4.0,2.0,2.0,112.0,169.0,225.0,0.023668639053254437,Asphalt,71.2,3.0,2,71.246,0.232,0.464,0.0561797752808988,0.232,39,2,6.0,walkways,HMAC,1,2,2,1,0,0,1,0,0,1,2,0,1,2,0,0,0,0,0,0,0,0,0,0,0,0,0,2,0,0,0,0,0,0,0,0,0,0,0,0,0,0,0,0,0,0,0,0,1,0,1,2,0,0,0,0,0,1,0,0,0,0,0,0,0,0,0,0,0,0,0,0,0,1,2,2,0,0,0,0,0,0,5,3,0,1,0,0,0,0,0,0,0,0,0,0,5,0,0.232,,,,,0.211,,,0.021,,,,,,,,,,,,,,,,,,,,,,,,,,0,3.0,0.232,71.2,4.0,71.246
1125,Medium,RPath,1481,4.0,2.0,2.0,76.0,113.0,151.0,0.035398230088495575,Asphalt,72.3,3.0,2,72.3,0.124,0.248,0.0553250345781466,0.124,40,2,6.0,walkways,HMAC,1,2,2,1,0,0,1,0,0,1,0,0,1,2,0,0,0,0,0,0,0,0,0,0,0,5,0,2,0,0,0,0,0,0,0,0,0,0,0,0,0,0,0,0,0,0,0,0,0,0,1,2,0,0,0,0,0,1,0,0,0,0,0,0,0,0,0,0,0,0,0,0,0,1,2,0,1,0,0,0,0,0,5,3,0,1,0,0,0,0,0,0,0,0,0,0,5,0,0.124,,,,,0.104,,,,,,,0.021,,,,,,,,,,,,,,,,,,,,,,0,3.0,0.124,72.3,4.0,72.3
1126,Medium,RPath,1482,4.0,2.0,2.0,186.0,280.0,373.0,0.014285714285714285,Asphalt,61.4,3.0,2,61.353,0.183,0.366,0.0651465798045602,0.183,40,2,6.0,walkways,HMAC,1,2,2,1,0,0,1,0,0,1,0,0,1,2,2,0,0,0,0,0,0,0,0,0,0,0,0,2,0,0,0,0,0,0,0,0,0,0,0,0,0,0,0,0,1,0,0,0,0,0,1,2,0,0,0,0,0,1,0,0,0,0,0,0,0,0,0,0,0,0,0,0,0,1,2,2,1,0,0,0,0,0,5,3,0,1,0,0,0,0,0,0,0,0,0,0,5,0,0.22,,,,0.049,0.073,,,,,,,,,0.073,,,,0.024,,,,,,,,,,,,,,,,0,3.0,0.183,61.4,4.0,61.353
1127,Medium,RPath,1508,4.0,2.0,2.0,90.0,135.0,180.0,0.02962962962962963,Asphalt,35.5,3.0,2,35.499,0.127,0.254,0.1126760563380281,0.127,39,2,6.0,walkways,HMAC,1,2,2,1,0,0,0,0,0,0,0,0,1,2,0,1,2,0,0,0,0,0,0,0,0,5,0,2,0,0,0,0,0,0,1,0,0,0,0,0,0,0,0,0,0,0,0,0,0,0,1,2,0,0,0,0,0,1,0,0,0,0,0,0,0,0,0,0,0,0,0,0,0,1,0,0,0,0,0,0,0,0,5,3,0,1,0,0,0,0,0,0,0,0,0,0,5,0,0.507,,,,0.507,,,,,,,,,,,,,,,,,,,,,,,,,,,,,,0,3.0,0.127,35.5,4.0,35.499
1128,Medium,RPath,1519,4.0,2.0,2.0,157.0,236.0,315.0,0.01694915254237288,Asphalt,48.9,3.0,2,48.949,0.138,0.276,0.081799591002045,0.138,38,2,6.0,walkways,HMAC,1,2,2,1,2,2,1,2,2,0,0,0,0,0,0,0,0,0,0,0,0,0,0,0,0,5,0,2,0,0,0,0,0,0,0,0,0,0,0,0,0,0,0,0,0,0,0,0,1,0,1,2,0,0,0,0,0,1,0,0,0,0,0,0,0,0,0,0,0,0,0,0,0,1,2,0,0,0,0,0,0,0,0,3,0,0,0,0,0,0,0,0,0,0,0,0,5,0,0.276,,,,0.184,,,,,,,,0.092,,,,,,,,,,,,,,,,,,,,,,0,3.0,0.138,48.9,4.0,48.949
1129,Medium,RPath,1543,4.0,2.0,2.0,136.0,204.0,272.0,0.0196078431372549,Asphalt,74.1,3.0,2,74.071,0.203,0.406,0.0539811066126855,0.203,40,2,6.0,walkways,HMAC,1,2,2,1,2,0,0,0,0,0,0,0,1,2,0,0,0,0,1,0,0,0,0,0,0,5,0,2,0,0,0,0,0,0,1,2,0,0,0,0,0,0,0,0,0,0,0,0,0,0,1,0,0,0,0,0,0,1,0,0,0,0,0,0,1,0,0,0,0,0,0,0,0,1,2,0,1,0,0,0,0,0,0,3,1,1,1,0,0,0,0,0,0,0,0,0,5,0,0.203,,,,,0.162,,,,,,,,,,,0.041,,,,,,,,,,,,,,,,,,0,3.0,0.203,74.1,4.0,74.071
1130,Medium,RPath,1601,4.0,2.0,2.0,30.0,45.0,60.0,0.08888888888888889,Asphalt,40.4,3.0,2,40.417,0.148,0.296,0.099009900990099,0.148,41,2,6.0,walkways,HMAC,1,2,2,1,0,0,1,0,0,0,0,0,1,2,2,0,0,0,0,0,0,0,0,0,0,5,0,2,0,0,0,0,0,0,0,0,0,0,0,0,0,0,0,0,0,0,0,0,1,0,1,2,0,0,0,0,0,1,0,0,0,0,0,0,0,0,0,0,0,0,0,0,0,1,2,0,1,0,0,0,0,0,0,3,1,1,0,1,2,0,0,0,0,0,0,0,5,0,0.148,,,,,0.148,,,,,,,,,,,,,,,,,,,,,,,,,,,,,0,3.0,0.148,40.4,4.0,40.417
1131,Medium,RPath,117,4.0,1.0,4.0,0.0,0.0,0.0,,Asphalt,101.5,1.0,1,96.447,0.0,0.0,0.0394088669950738,0.0,28,2,1.0,sidewalks,SS,1,2,2,0,0,0,0,0,0,0,0,0,1,0,0,1,0,0,0,0,0,0,0,0,0,0,3,0,0,0,0,0,0,0,0,0,0,0,0,0,0,0,0,0,0,0,0,0,0,0,1,2,0,0,0,0,0,1,0,0,0,0,0,0,1,0,0,0,0,0,0,0,0,0,0,0,0,0,0,0,0,0,0,0,1,1,1,1,2,2,0,0,0,0,0,0,5,0,0.0,,,,,,,,,,,,,,,,,,,,,,,,,,,,,,,,,,0,1.0,0.0,101.5,4.0,96.447
1132,Medium,RPath,1013,4.0,1.0,4.0,15.0,23.0,30.0,0.17391304347826086,Asphalt,157.9,1.0,1,158.316,0.005,0.005,0.025332488917036,0.005,25,1,1.0,sidewalks,CON,1,2,2,0,0,0,0,0,0,0,0,0,1,2,0,0,0,0,0,0,0,0,0,0,0,0,0,2,0,0,0,0,0,0,0,0,0,0,0,0,0,0,0,0,0,0,0,0,0,0,0,0,0,0,0,0,0,1,0,0,0,0,0,0,0,0,0,0,0,0,0,0,0,1,2,0,1,0,0,0,0,0,0,3,1,1,0,0,0,0,0,0,0,0,0,0,5,0,0.019,,,,0.019,,,,,,,,,,,,,,,,,,,,,,,,,,,,,,0,1.0,0.005,157.9,4.0,158.316
1133,Medium,RPath,1015,4.0,1.0,4.0,0.0,0.0,0.0,,Asphalt,15.0,1.0,1,11.987,0.0,0.0,0.2666666666666666,0.0,20,1,1.0,sidewalks,CON,1,2,0,0,0,0,0,0,0,0,0,0,1,0,0,0,0,0,0,0,0,0,0,0,0,0,0,2,0,0,0,0,0,0,0,0,0,0,0,0,0,0,0,0,0,0,0,0,0,0,0,0,0,0,0,0,0,1,0,0,0,0,0,0,0,0,0,0,0,0,0,0,0,1,2,0,0,0,0,0,0,0,0,3,1,1,0,0,0,0,0,0,0,0,0,0,5,0,0.0,,,,,,,,,,,,,,,,,,,,,,,,,,,,,,,,,,0,1.0,0.0,15.0,4.0,11.987
1134,Medium,RPath,1017,4.0,1.0,4.0,0.0,0.0,0.0,,Asphalt,11.6,1.0,1,10.051,0.0,0.0,0.3448275862068966,0.0,22,1,1.0,sidewalks,CON,1,2,0,0,0,0,0,0,0,0,0,0,1,0,0,0,0,0,0,0,0,0,0,0,0,0,0,2,0,0,0,0,0,0,0,0,0,0,0,0,0,0,0,0,0,0,0,0,0,0,0,0,0,0,0,0,0,1,0,0,0,0,0,0,0,0,0,0,0,0,0,0,0,1,2,2,0,0,0,0,0,0,0,3,1,1,0,0,0,0,0,0,0,0,0,0,5,0,0.0,,,,,,,,,,,,,,,,,,,,,,,,,,,,,,,,,,0,1.0,0.0,11.6,4.0,10.051
1135,Medium,RPath,1021,4.0,1.0,4.0,0.0,0.0,0.0,,Asphalt,15.7,1.0,1,15.731,0.0,0.0,0.2547770700636942,0.0,25,1,1.0,sidewalks,CON,1,2,2,1,0,0,0,0,0,0,0,0,0,0,0,0,0,0,0,0,0,0,0,0,0,0,0,2,0,0,0,0,0,0,0,0,0,0,0,0,0,0,0,0,0,0,0,0,0,0,0,0,0,0,0,0,0,1,0,0,0,0,0,0,0,0,0,0,0,0,0,0,0,1,2,0,0,0,0,0,0,0,5,0,1,1,1,0,0,0,0,0,0,0,0,0,5,0,0.0,,,,,,,,,,,,,,,,,,,,,,,,,,,,,,,,,,0,1.0,0.0,15.7,4.0,15.731
1136,Medium,RPath,1027,4.0,1.0,4.0,0.0,0.0,0.0,,Asphalt,40.9,1.0,1,44.381,0.0,0.0,0.097799511002445,0.0,23,1,1.0,sidewalks,CON,1,0,0,0,0,0,0,0,0,0,0,0,1,2,0,0,0,0,0,0,0,0,0,0,0,0,0,2,0,0,0,0,0,0,0,0,0,0,0,0,0,0,0,0,0,0,0,0,0,0,0,0,0,0,0,0,0,1,0,0,0,0,0,0,0,0,0,0,0,0,0,0,0,0,0,0,1,2,0,0,0,0,5,0,1,1,1,0,0,0,0,0,0,0,0,0,5,0,0.0,,,,,,,,,,,,,,,,,,,,,,,,,,,,,,,,,,0,1.0,0.0,40.9,4.0,44.381
1137,Medium,RPath,1028,4.0,1.0,4.0,0.0,0.0,0.0,,Asphalt,421.9,1.0,1,423.947,0.0,0.0,0.0094809196492059,0.0,28,2,1.0,sidewalks,CON,1,2,0,0,0,0,0,0,0,0,0,0,1,2,2,0,0,0,0,0,0,0,0,0,0,0,0,2,0,0,0,0,0,0,0,0,0,0,0,0,0,0,0,0,0,0,0,0,0,0,1,0,0,0,0,0,0,1,0,0,0,0,0,0,0,0,0,0,0,0,0,0,0,0,0,0,1,2,0,0,0,0,5,0,1,1,1,0,0,0,0,0,0,0,0,0,5,0,0.0,,,,,,,,,,,,,,,,,,,,,,,,,,,,,,,,,,0,1.0,0.0,421.9,4.0,423.947
1138,Medium,RPath,1036,4.0,1.0,4.0,0.0,0.0,0.0,,Asphalt,39.4,1.0,1,39.411,0.0,0.0,0.1015228426395939,0.0,29,2,1.0,sidewalks,CON,1,2,2,1,0,0,1,0,0,1,0,0,0,0,0,0,0,0,0,0,0,0,0,0,0,0,0,2,0,0,0,0,0,0,1,0,0,0,0,0,1,2,0,0,1,0,0,0,1,0,1,2,0,0,0,0,0,1,0,0,0,0,0,0,0,0,0,0,0,0,0,0,0,1,0,0,0,0,0,0,0,0,0,0,1,1,1,0,0,0,0,0,0,0,0,0,5,0,0.0,,,,,,,,,,,,,,,,,,,,,,,,,,,,,,,,,,0,1.0,0.0,39.4,4.0,39.411
1139,Medium,RPath,1049,4.0,1.0,4.0,0.0,0.0,0.0,,Asphalt,39.4,1.0,1,39.601,0.0,0.0,0.1015228426395939,0.0,27,1,1.0,sidewalks,CON,1,2,2,0,0,0,0,0,0,0,0,0,0,0,0,0,0,0,0,0,0,0,0,0,0,0,0,2,0,0,0,0,0,0,0,0,0,0,0,0,0,0,0,0,0,0,0,0,0,0,1,2,2,0,0,0,0,1,0,0,0,0,0,0,0,0,0,0,0,0,0,0,0,1,0,0,0,0,0,0,0,0,5,0,1,1,1,0,0,0,0,0,0,0,0,0,5,0,0.0,,,,,,,,,,,,,,,,,,,,,,,,,,,,,,,,,,0,1.0,0.0,39.4,4.0,39.601
1140,Medium,RPath,1057,4.0,1.0,4.0,30.0,45.0,60.0,0.08888888888888889,Asphalt,222.3,1.0,1,223.555,0.007,0.007,0.0179937022042285,0.007,22,1,1.0,sidewalks,CON,0,0,0,0,0,0,0,0,0,0,0,0,0,0,0,0,0,0,0,0,0,0,0,0,5,0,0,2,0,0,0,0,0,0,0,0,0,1,2,2,0,0,0,0,0,0,0,0,0,0,0,0,0,0,0,0,0,1,0,0,0,0,0,0,0,0,0,0,0,0,0,0,0,1,0,0,0,0,0,0,0,0,0,0,1,1,1,0,0,0,0,0,0,0,0,0,5,0,0.027,,,,0.027,,,,,,,,,,,,,,,,,,,,,,,,,,,,,,0,1.0,0.007,222.3,4.0,223.555
1141,Medium,RPath,1061,4.0,1.0,4.0,15.0,22.0,30.0,0.18181818181818182,Asphalt,114.0,1.0,1,112.744,0.007,0.007,0.0350877192982456,0.007,27,1,1.0,sidewalks,CON,1,2,2,1,2,0,1,2,0,0,0,0,0,0,0,0,0,0,0,0,0,0,0,0,0,0,0,2,0,0,0,0,0,0,0,0,0,0,0,0,0,0,0,0,0,0,0,0,0,0,1,2,0,0,0,0,0,1,0,0,0,0,0,0,0,0,0,0,0,0,0,0,0,0,0,0,0,0,0,0,0,0,0,3,1,1,0,0,0,0,0,0,0,0,0,0,5,0,0.026,,,,0.026,,,,,,,,,,,,,,,,,,,,,,,,,,,,,,0,1.0,0.007,114.0,4.0,112.744
1142,Medium,RPath,1073,4.0,1.0,4.0,0.0,0.0,0.0,,Asphalt,400.0,1.0,1,394.972,0.0,0.0,0.01,0.0,28,2,1.0,sidewalks,CON,1,2,0,0,0,0,0,0,0,0,0,0,1,2,0,1,0,0,0,0,0,0,0,0,0,0,3,0,0,0,0,0,0,0,1,2,2,0,0,0,0,0,0,0,0,0,0,0,0,0,1,2,2,0,5,0,0,0,0,0,0,0,0,0,0,0,0,0,0,0,0,0,0,0,0,0,0,0,0,0,0,0,0,0,1,1,1,0,0,0,0,0,0,0,0,0,0,0,0.0,,,,,,,,,,,,,,,,,,,,,,,,,,,,,,,,,,0,1.0,0.0,400.0,4.0,394.972
1143,Medium,RPath,1074,4.0,1.0,4.0,0.0,0.0,0.0,,Asphalt,13.7,1.0,1,13.419,0.0,0.0,0.291970802919708,0.0,28,2,1.0,sidewalks,CON,1,2,2,0,0,0,0,0,0,0,0,0,0,0,0,0,0,0,0,0,0,0,0,0,0,0,3,0,0,0,0,0,0,0,1,0,0,0,0,0,0,0,0,0,1,0,0,0,0,0,0,0,0,5,0,4,0,0,0,0,0,0,0,0,0,0,0,0,0,0,0,0,0,0,0,0,1,0,0,0,0,0,0,0,1,1,1,0,0,0,0,0,0,0,0,0,5,0,0.0,,,,,,,,,,,,,,,,,,,,,,,,,,,,,,,,,,0,1.0,0.0,13.7,4.0,13.419
1144,Medium,RPath,1129,4.0,1.0,4.0,8.0,12.0,16.0,0.3333333333333333,Asphalt,156.9,1.0,1,156.744,0.002,0.002,0.0254939451880178,0.002,26,1,1.0,sidewalks,CON,1,0,0,1,0,0,1,0,0,0,0,0,1,2,2,0,0,0,0,0,0,0,0,0,0,0,0,2,0,0,0,1,0,0,0,0,0,0,0,0,0,0,0,0,0,0,0,0,0,0,0,0,0,0,0,0,0,1,0,0,0,0,0,0,0,0,0,0,0,0,0,0,0,1,2,0,0,0,0,0,0,0,0,3,1,1,1,0,0,0,0,0,0,0,0,0,5,0,0.01,,,,0.01,,,,,,,,,,,,,,,,,,,,,,,,,,,,,,0,1.0,0.002,156.9,4.0,156.744
1145,Medium,RPath,1130,4.0,1.0,4.0,15.0,23.0,30.0,0.17391304347826086,Asphalt,77.4,1.0,1,75.09,0.01,0.01,0.0516795865633074,0.01,24,1,1.0,sidewalks,CON,1,0,0,0,0,0,0,0,0,0,0,0,1,2,2,0,0,0,0,0,0,0,0,0,0,0,0,2,0,0,0,1,0,0,0,0,0,0,0,0,0,0,0,0,0,0,0,0,0,0,0,0,0,0,0,0,0,1,0,0,0,0,0,0,0,0,0,0,0,0,0,0,0,1,2,0,0,0,0,0,0,0,0,3,1,1,1,0,0,0,0,0,0,0,0,0,5,0,0.039,,,,0.039,,,,,,,,,,,,,,,,,,,,,,,,,,,,,,0,1.0,0.01,77.4,4.0,75.09
1146,Medium,RPath,1215,4.0,1.0,4.0,0.0,0.0,0.0,,Asphalt,65.3,1.0,1,65.262,0.0,0.0,0.0612557427258805,0.0,21,1,1.0,sidewalks,CON,1,2,2,1,0,0,0,0,0,0,0,0,0,0,0,0,0,0,0,0,0,0,0,0,0,0,0,0,0,0,0,0,0,0,1,2,0,0,0,0,0,0,0,0,1,0,0,0,0,0,0,0,0,0,5,0,0,0,0,0,0,0,0,0,0,0,0,0,0,0,0,0,0,0,0,0,1,2,0,0,0,0,0,0,1,1,1,0,0,0,0,0,0,0,0,0,0,0,0.0,,,,,,,,,,,,,,,,,,,,,,,,,,,,,,,,,,1,1.0,0.0,65.3,14.0,65.262
1147,Medium,RPath,1216,4.0,1.0,4.0,0.0,0.0,0.0,,Asphalt,16.2,1.0,1,16.294,0.0,0.0,0.2469135802469136,0.0,20,1,1.0,sidewalks,HMAC,1,2,2,0,0,0,0,0,0,0,0,0,0,0,0,0,0,0,0,0,0,0,0,0,0,0,0,0,0,0,0,0,0,0,1,2,0,0,0,0,0,0,0,0,1,0,0,0,0,0,0,0,0,0,5,0,0,0,0,0,0,0,0,0,0,0,0,0,0,0,0,0,0,0,0,0,1,2,0,0,0,0,0,0,1,1,1,0,0,0,0,0,0,0,0,0,0,0,0.0,,,,,,,,,,,,,,,,,,,,,,,,,,,,,,,,,,1,1.0,0.0,16.2,14.0,16.294
1148,Medium,RPath,1219,4.0,1.0,4.0,23.0,34.0,46.0,0.11764705882352941,Asphalt,303.6,1.0,1,303.556,0.004,0.004,0.0131752305665349,0.004,28,2,1.0,sidewalks,CON,1,2,0,1,2,0,1,2,0,0,0,0,1,2,0,0,0,0,0,0,0,0,0,0,0,0,0,0,0,0,0,1,0,0,0,0,0,0,0,0,0,0,0,0,0,0,0,0,0,0,1,2,2,0,5,0,0,0,0,0,0,0,0,0,0,0,0,0,0,0,0,0,0,1,0,0,1,0,0,0,0,0,0,0,1,1,1,0,0,0,0,0,0,0,0,0,0,0,0.015,,,,0.015,,,,,,,,,,,,,,,,,,,,,,,,,,,,,,0,1.0,0.004,303.6,4.0,303.556
1149,Medium,RPath,1246,4.0,1.0,4.0,0.0,0.0,0.0,,Asphalt,176.4,1.0,1,175.757,0.0,0.0,0.0226757369614512,0.0,21,1,1.0,sidewalks,CON,0,0,0,0,0,0,0,0,0,0,0,0,0,0,0,0,0,0,0,0,0,0,0,0,5,0,0,2,0,0,0,0,0,0,0,0,0,1,2,2,0,0,0,0,0,0,0,0,0,0,0,0,0,0,0,0,0,1,0,0,0,0,0,0,0,0,0,0,0,0,0,0,0,0,0,0,0,0,0,0,0,0,0,0,1,1,1,0,0,0,0,0,0,0,0,0,5,0,0.0,,,,,,,,,,,,,,,,,,,,,,,,,,,,,,,,,,0,1.0,0.0,176.4,4.0,175.757
1150,Medium,RPath,1247,4.0,1.0,4.0,0.0,0.0,0.0,,Asphalt,138.8,1.0,1,134.754,0.0,0.0,0.0288184438040345,0.0,21,1,1.0,sidewalks,CON,0,0,0,0,0,0,0,0,0,0,0,0,0,0,0,0,0,0,0,0,0,0,0,0,5,0,0,2,0,0,0,0,0,0,0,0,0,1,2,2,0,0,0,0,0,0,0,0,0,0,0,0,0,0,0,0,0,1,0,0,0,0,0,0,0,0,0,0,0,0,0,0,0,0,0,0,0,0,0,0,0,0,0,0,1,1,1,0,0,0,0,0,0,0,0,0,5,0,0.0,,,,,,,,,,,,,,,,,,,,,,,,,,,,,,,,,,0,1.0,0.0,138.8,4.0,134.754
1151,Medium,RPath,1249,4.0,1.0,4.0,0.0,0.0,0.0,,Asphalt,70.3,1.0,1,67.627,0.0,0.0,0.0568990042674253,0.0,25,1,1.0,sidewalks,CON,1,0,0,0,0,0,0,0,0,0,0,0,1,0,0,0,0,0,1,0,0,0,0,0,0,0,3,0,0,0,0,0,0,0,1,0,0,0,0,0,0,0,0,0,1,0,0,0,0,0,1,0,0,0,0,0,3,1,0,0,0,0,0,0,0,0,0,0,0,0,0,0,0,0,0,0,1,0,0,1,2,0,0,0,1,1,1,0,0,0,0,0,0,0,0,0,5,0,0.0,,,,,,,,,,,,,,,,,,,,,,,,,,,,,,,,,,0,1.0,0.0,70.3,4.0,67.627
1152,Medium,RPath,1301,4.0,1.0,4.0,15.0,22.0,30.0,0.18181818181818182,Asphalt,82.8,1.0,1,80.294,0.009,0.009,0.0483091787439613,0.009,22,1,1.0,sidewalks,CON,1,2,0,0,0,0,0,0,0,0,0,0,0,0,0,0,0,0,0,0,0,0,0,0,0,0,0,2,0,0,0,0,0,0,0,0,0,0,0,0,0,0,0,0,0,0,0,0,1,0,1,2,0,0,0,0,3,1,0,0,0,0,0,0,0,0,0,0,0,0,0,0,0,1,0,0,0,0,0,0,0,0,0,0,1,1,1,0,0,0,0,0,0,0,0,0,5,0,0.036,,,,0.036,,,,,,,,,,,,,,,,,,,,,,,,,,,,,,0,1.0,0.009,82.8,4.0,80.294
1153,Medium,RPath,1305,4.0,1.0,4.0,0.0,0.0,0.0,,Asphalt,74.7,1.0,1,68.525,0.0,0.0,0.0535475234270415,0.0,28,2,1.0,sidewalks,CON,1,0,0,0,0,0,0,0,0,0,0,0,0,0,0,0,0,0,0,0,0,0,0,0,0,0,0,2,0,0,0,0,0,0,0,0,0,0,0,0,0,0,0,0,0,0,0,0,0,0,1,2,2,0,0,0,3,1,0,0,0,0,0,0,0,0,0,0,0,0,0,0,0,1,2,0,0,0,0,0,0,0,5,0,1,1,1,0,0,0,0,0,0,0,0,0,5,0,0.0,,,,,,,,,,,,,,,,,,,,,,,,,,,,,,,,,,0,1.0,0.0,74.7,4.0,68.525
1154,Medium,RPath,1324,4.0,1.0,4.0,0.0,0.0,0.0,,Asphalt,59.0,1.0,1,58.724,0.0,0.0,0.0677966101694915,0.0,28,2,1.0,sidewalks,CON,1,2,2,0,0,0,0,0,0,0,0,0,0,0,0,0,0,0,0,0,0,0,0,0,0,5,0,0,0,0,0,0,0,0,0,0,0,0,0,0,0,0,0,0,0,0,0,0,0,0,1,2,0,0,0,0,0,1,0,0,0,0,0,0,1,0,0,0,0,0,0,0,0,0,0,0,0,0,0,0,0,0,5,0,1,1,1,0,0,0,0,0,0,0,0,0,5,0,0.0,,,,,,,,,,,,,,,,,,,,,,,,,,,,,,,,,,0,1.0,0.0,59.0,4.0,58.724
1155,Medium,RPath,1560,4.0,1.0,4.0,0.0,0.0,0.0,,Asphalt,45.1,1.0,1,40.595,0.0,0.0,0.0886917960088691,0.0,26,1,1.0,sidewalks,CON,1,2,2,1,0,0,1,0,0,0,0,0,0,0,0,0,0,0,0,0,0,0,0,0,0,0,0,2,0,0,0,0,0,0,1,0,0,0,0,0,0,0,0,0,0,0,0,0,1,0,1,2,0,0,0,0,0,1,0,0,0,0,0,0,0,0,0,0,0,0,0,0,0,0,0,0,0,0,0,0,0,0,0,3,1,1,1,0,0,0,0,0,0,0,0,0,5,0,0.0,,,,,,,,,,,,,,,,,,,,,,,,,,,,,,,,,,0,1.0,0.0,45.1,4.0,40.595
1156,Medium,RPath,1561,4.0,1.0,4.0,8.0,11.0,15.0,0.36363636363636365,Asphalt,76.0,1.0,1,75.987,0.005,0.005,0.0526315789473684,0.005,26,1,1.0,sidewalks,CON,1,2,0,1,0,0,1,0,0,0,0,0,0,0,0,0,0,0,0,0,0,0,0,0,0,0,0,2,0,0,0,0,0,0,1,2,0,0,0,0,1,0,0,0,1,0,0,0,1,0,1,2,0,0,0,0,0,1,0,0,0,0,0,0,0,0,0,0,0,0,0,0,0,1,0,0,0,0,0,0,0,0,0,0,1,1,1,0,0,0,0,0,0,0,0,0,5,0,0.02,,,,0.02,,,,,,,,,,,,,,,,,,,,,,,,,,,,,,0,1.0,0.005,76.0,4.0,75.987
1157,Medium,RPath,1564,4.0,1.0,4.0,0.0,0.0,0.0,,Asphalt,47.7,1.0,1,49.093,0.0,0.0,0.0838574423480083,0.0,22,1,1.0,sidewalks,CON,1,2,0,0,0,0,0,0,0,0,0,0,0,0,0,0,0,0,0,0,0,0,0,0,0,0,0,2,0,0,0,0,0,0,0,0,0,0,0,0,0,0,0,0,0,0,0,0,0,0,0,0,0,0,0,0,3,0,0,0,0,0,0,0,0,0,0,0,0,0,0,0,0,1,2,2,0,0,0,0,0,0,0,3,1,1,1,0,0,0,0,0,0,0,0,0,0,3,0.0,,,,,,,,,,,,,,,,,,,,,,,,,,,,,,,,,,0,1.0,0.0,47.7,4.0,49.093
1158,Medium,RPath,1566,4.0,1.0,4.0,0.0,0.0,0.0,,Asphalt,167.7,1.0,1,166.297,0.0,0.0,0.0238521168753726,0.0,29,2,1.0,sidewalks,CON,1,2,0,0,0,0,0,0,0,0,0,0,0,0,0,0,0,0,0,0,0,0,0,0,0,0,0,2,0,0,0,0,0,0,0,0,0,0,0,0,0,0,0,0,0,0,0,0,0,0,1,0,0,0,0,0,3,1,0,0,0,0,0,0,0,0,0,0,0,0,0,0,0,1,2,2,0,0,0,0,0,0,0,3,1,1,1,0,0,0,0,0,0,0,0,0,5,3,0.0,,,,,,,,,,,,,,,,,,,,,,,,,,,,,,,,,,0,1.0,0.0,167.7,4.0,166.297
1159,Medium,RPath,1567,4.0,1.0,4.0,0.0,0.0,0.0,,Asphalt,40.1,1.0,1,35.044,0.0,0.0,0.0997506234413965,0.0,22,1,1.0,sidewalks,CON,1,2,0,0,0,0,0,0,0,0,0,0,0,0,0,0,0,0,0,0,0,0,0,0,0,0,0,2,0,0,0,0,0,0,0,0,0,0,0,0,0,0,0,0,0,0,0,0,0,0,0,0,0,0,0,0,3,0,0,0,0,0,0,0,0,0,0,0,0,0,0,0,0,1,2,2,0,0,0,0,0,0,0,3,1,1,1,0,0,0,0,0,0,0,0,0,0,3,0.0,,,,,,,,,,,,,,,,,,,,,,,,,,,,,,,,,,0,1.0,0.0,40.1,4.0,35.044
1160,Medium,RPath,1568,4.0,1.0,4.0,23.0,34.0,46.0,0.11764705882352941,Asphalt,254.1,1.0,1,251.877,0.004,0.004,0.0157418339236521,0.004,26,1,1.0,sidewalks,CON,1,2,2,0,0,0,0,0,0,0,0,0,0,0,0,0,0,0,0,0,0,0,0,0,0,0,0,2,0,0,0,0,0,0,0,0,0,0,0,0,0,0,0,0,0,0,0,0,0,0,1,0,0,0,0,0,3,1,0,0,0,0,0,0,0,0,0,0,0,0,0,0,0,1,2,2,0,0,0,0,0,0,0,3,1,1,1,0,0,0,0,0,0,0,0,0,0,3,0.018,,,,0.018,,,,,,,,,,,,,,,,,,,,,,,,,,,,,,0,1.0,0.004,254.1,4.0,251.877
1161,Medium,RPath,1571,4.0,1.0,4.0,0.0,0.0,0.0,,Asphalt,124.1,1.0,1,120.382,0.0,0.0,0.032232070910556,0.0,20,1,1.0,sidewalks,CON,1,2,2,1,0,0,0,0,0,0,0,0,0,0,0,0,0,0,0,0,0,0,0,0,0,0,0,2,0,0,0,0,0,0,0,0,0,0,0,0,0,0,0,0,0,0,0,0,0,0,1,2,0,0,0,0,0,1,0,0,0,0,0,0,0,0,0,0,0,0,0,0,0,0,0,0,0,0,0,0,0,0,0,0,1,1,1,0,0,0,0,0,0,0,0,0,5,0,0.0,,,,,,,,,,,,,,,,,,,,,,,,,,,,,,,,,,0,1.0,0.0,124.1,4.0,120.382
1162,Medium,RPath,1557,4.0,1.0,4.0,7.0,11.0,15.0,0.36363636363636365,Asphalt,62.3,1.0,1,59.933,0.006,0.006,0.0642054574638844,0.006,29,2,1.0,sidewalks,CON,1,2,2,1,2,0,1,0,0,0,0,0,0,0,0,0,0,0,0,0,0,0,0,0,0,0,0,2,0,0,0,0,0,0,1,2,0,0,0,0,0,0,0,0,0,0,0,0,1,0,1,0,0,0,0,0,0,1,0,0,0,0,0,0,0,0,0,0,0,0,0,0,0,0,0,0,1,0,0,0,0,0,0,3,1,1,1,0,0,0,0,0,0,0,0,0,5,0,0.024,,,,0.024,,,,,,,,,,,,,,,,,,,,,,,,,,,,,,0,1.0,0.006,62.3,4.0,59.933
1163,Medium,RPath,1617,4.0,1.0,4.0,0.0,0.0,0.0,,Asphalt,276.3,1.0,1,271.536,0.0,0.0,0.0144770177343467,0.0,27,1,1.0,sidewalks,CON,1,2,2,0,0,0,0,0,0,0,0,0,0,0,0,0,0,0,0,0,0,0,0,0,0,0,0,2,0,0,0,0,0,0,0,0,0,0,0,0,0,0,0,0,0,0,0,0,0,0,1,2,2,0,0,0,0,1,0,0,0,0,0,0,0,0,0,0,0,0,0,0,0,1,2,2,1,0,0,0,0,0,0,0,1,1,1,0,0,0,0,0,0,0,0,0,5,0,0.0,,,,,,,,,,,,,,,,,,,,,,,,,,,,,,,,,,0,1.0,0.0,276.3,4.0,271.536
1164,Medium,RPath,1618,4.0,1.0,4.0,0.0,0.0,0.0,,Asphalt,48.2,1.0,1,41.141,0.0,0.0,0.0829875518672199,0.0,22,1,1.0,sidewalks,CON,1,2,0,0,0,0,0,0,0,0,0,0,0,0,0,0,0,0,0,0,0,0,0,0,0,0,0,2,0,0,0,0,0,0,0,0,0,0,0,0,0,0,0,0,0,0,0,0,0,0,1,2,0,0,0,0,0,1,0,0,0,0,0,0,0,0,0,0,0,0,0,0,0,1,2,2,0,0,0,0,0,0,0,0,1,1,1,0,0,0,0,0,0,0,0,0,5,0,0.0,,,,,,,,,,,,,,,,,,,,,,,,,,,,,,,,,,0,1.0,0.0,48.2,4.0,41.141
1165,Medium,RPath,1400,4.0,1.0,4.0,0.0,0.0,0.0,,Asphalt,126.1,1.0,1,126.076,0.0,0.0,0.0317208564631245,0.0,27,1,1.0,walkways,HMAC,1,2,0,1,2,0,1,2,0,0,0,0,0,0,0,0,0,0,0,0,0,0,0,0,0,0,0,2,0,0,0,0,0,0,0,0,0,0,0,0,0,0,0,0,0,0,0,0,0,0,1,2,0,0,0,0,0,1,0,0,0,0,0,0,0,0,0,0,0,0,0,0,0,0,0,0,1,0,0,0,0,0,0,3,1,1,1,0,0,0,0,0,0,0,0,0,5,0,0.0,,,,,,,,,,,,,,,,,,,,,,,,,,,,,,,,,,0,1.0,0.0,126.1,4.0,126.076
1166,Medium,RPath,1483,4.0,1.0,4.0,0.0,0.0,0.0,,Asphalt,32.8,1.0,1,32.754,0.0,0.0,0.1219512195121951,0.0,15,1,1.0,walkways,HMAC,0,0,0,0,0,0,0,0,0,0,0,0,1,2,0,0,0,0,0,0,0,0,0,0,0,0,0,2,0,0,0,0,0,0,0,0,0,0,0,0,0,0,0,0,0,0,0,0,0,0,0,0,0,0,0,0,0,1,0,0,0,0,0,0,0,0,0,0,0,0,0,0,0,0,0,0,1,0,0,0,0,0,0,0,1,1,1,0,0,0,0,0,0,0,0,0,5,0,0.0,,,,,,,,,,,,,,,,,,,,,,,,,,,,,,,,,,0,1.0,0.0,32.8,4.0,32.754
1167,Medium,RPath,1486,4.0,1.0,4.0,0.0,0.0,0.0,,Asphalt,43.8,1.0,1,43.812,0.0,0.0,0.091324200913242,0.0,28,2,1.0,walkways,HMAC,1,2,2,1,0,0,0,0,0,0,0,0,0,0,0,0,0,0,0,0,0,0,0,0,0,0,0,2,0,0,0,0,0,0,1,0,0,0,0,0,0,0,0,0,0,0,0,0,0,0,1,2,2,0,0,0,0,1,0,0,0,0,0,0,0,0,0,0,0,0,0,0,0,0,0,0,0,0,0,0,0,0,5,0,1,1,1,0,0,0,0,0,0,0,0,0,5,0,0.0,,,,,,,,,,,,,,,,,,,,,,,,,,,,,,,,,,0,1.0,0.0,43.8,4.0,43.812
1168,Medium,RPath,1514,4.0,1.0,4.0,0.0,0.0,0.0,,Asphalt,42.1,1.0,1,42.107,0.0,0.0,0.0950118764845605,0.0,20,1,1.0,walkways,HMAC,1,2,2,1,0,0,0,0,0,0,0,0,0,0,0,0,0,0,0,0,0,0,0,0,0,0,0,2,0,0,0,0,0,0,0,0,0,0,0,0,0,0,0,0,0,0,0,0,0,0,0,0,0,0,0,0,0,1,0,0,0,0,0,0,0,0,0,0,0,0,0,0,0,1,2,0,0,0,0,0,0,0,0,0,1,1,1,0,0,0,0,0,0,0,0,0,5,0,0.0,,,,,,,,,,,,,,,,,,,,,,,,,,,,,,,,,,0,1.0,0.0,42.1,4.0,42.107
1169,Medium,RPath,1515,4.0,1.0,4.0,0.0,0.0,0.0,,Asphalt,47.6,1.0,1,47.646,0.0,0.0,0.0840336134453781,0.0,23,1,1.0,walkways,HMAC,1,2,2,0,0,0,0,0,0,0,0,0,0,0,0,0,0,0,0,0,0,0,0,0,0,5,0,2,0,0,0,0,0,0,0,0,0,0,0,0,0,0,0,0,0,0,0,0,0,0,0,0,0,0,0,0,3,0,0,0,0,0,0,0,0,0,0,0,0,0,0,0,0,0,0,0,0,0,0,0,0,0,0,3,0,0,0,0,0,0,0,0,0,0,0,0,5,0,0.0,,,,,,,,,,,,,,,,,,,,,,,,,,,,,,,,,,0,1.0,0.0,47.6,4.0,47.646
1170,Medium,RPath,1525,4.0,1.0,4.0,0.0,0.0,0.0,,Asphalt,48.1,1.0,1,48.098,0.0,0.0,0.0831600831600831,0.0,22,1,1.0,walkways,SS,1,2,2,1,2,0,1,2,0,0,0,0,0,0,0,0,0,0,0,0,0,0,0,0,0,0,0,2,0,0,0,0,0,0,0,0,0,0,0,0,0,0,0,0,0,0,0,0,0,0,0,0,0,0,0,0,0,1,0,0,0,0,0,0,0,0,0,0,0,0,0,0,0,0,0,0,0,0,0,0,0,0,0,0,1,1,1,0,0,0,0,0,0,0,0,0,5,0,0.0,,,,,,,,,,,,,,,,,,,,,,,,,,,,,,,,,,0,1.0,0.0,48.1,4.0,48.098
1171,Medium,RPath,1529,4.0,1.0,4.0,0.0,0.0,0.0,,Asphalt,42.3,1.0,1,42.299,0.0,0.0,0.0945626477541371,0.0,28,2,1.0,walkways,HMAC,1,2,0,0,0,0,0,0,0,0,0,0,0,0,0,0,0,0,0,0,0,0,0,0,0,0,0,2,0,0,0,0,0,0,1,0,0,0,0,0,0,0,0,0,0,0,0,0,0,0,1,0,0,0,0,0,3,1,0,0,0,0,0,0,0,0,0,0,0,0,0,0,0,1,2,0,0,0,0,0,0,0,0,3,1,1,1,0,0,0,0,0,0,0,0,0,5,3,0.0,,,,,,,,,,,,,,,,,,,,,,,,,,,,,,,,,,0,1.0,0.0,42.3,4.0,42.299
1172,Low,RPath,34,3.0,3.0,1.0,195.0,293.0,390.0,0.010238907849829351,Asphalt,98.5,4.0,3,96.685,0.327,0.981,0.0304568527918781,0.327,60,3,12.0,sidewalks,HMAC,1,2,2,0,0,0,0,0,0,0,0,0,1,0,0,1,0,0,0,0,0,0,0,0,5,0,0,2,0,0,0,1,2,2,1,2,0,0,0,0,0,0,0,0,0,0,0,0,0,0,1,2,2,5,0,0,3,1,1,0,0,0,0,0,1,2,2,1,0,0,0,0,0,1,2,2,1,0,0,0,0,0,0,3,1,1,1,0,0,0,0,0,0,0,0,0,5,0,0.396,,,,0.091,0.305,,,,,,,,,,,,,,,,,,,,,,,,,,,,,0,4.0,0.327,98.5,3.0,96.685
1173,Low,RPath,36,3.0,3.0,1.0,608.0,912.0,1216.0,0.003289473684210526,Asphalt,169.6,4.0,3,165.539,0.303,0.909,0.017688679245283,0.303,61,3,12.0,sidewalks,HMAC,1,2,0,1,0,0,1,0,0,0,0,0,1,2,2,1,0,0,0,0,0,1,0,0,0,0,0,2,0,0,0,1,0,0,1,2,2,0,0,0,0,0,0,0,1,0,0,0,1,0,1,2,2,5,0,0,3,1,1,0,0,0,0,0,0,0,0,0,0,0,0,0,0,1,2,0,1,2,2,0,0,0,5,3,1,1,1,0,0,0,0,0,0,0,0,0,5,0,0.469,,,,0.186,0.221,,,,,,,,,,0.053,0.009,,,,,,,,,,,,,,,,,,0,4.0,0.303,169.6,3.0,165.539
1174,Low,RPath,37,3.0,3.0,1.0,529.0,794.0,1058.0,0.003778337531486146,Asphalt,198.9,4.0,3,198.891,0.272,0.8160000000000001,0.0150829562594268,0.272,65,4,12.0,sidewalks,HMAC,1,2,2,1,0,0,1,0,0,0,0,0,1,2,0,1,0,0,0,0,0,1,0,0,0,0,0,2,0,0,0,1,2,0,1,2,2,0,0,0,0,0,0,0,1,0,0,0,0,0,1,2,2,5,0,0,3,1,1,2,0,0,0,0,1,0,0,0,0,0,0,0,0,1,2,2,1,2,0,0,0,0,5,3,1,1,1,0,0,0,0,0,0,0,0,0,5,0,0.347,,,,0.091,0.211,,,,,,,,,0.023,0.015,0.008,,,,,,,,,,,,,,,,,,0,4.0,0.272,198.9,3.0,198.891
1175,Low,RPath,47,3.0,3.0,1.0,217.0,326.0,434.0,0.009202453987730062,Asphalt,69.5,4.0,3,69.54,0.431,1.293,0.0431654676258992,0.431,55,3,12.0,sidewalks,HMAC,1,2,2,1,0,0,0,0,0,0,0,0,1,2,0,0,0,0,0,0,0,0,0,0,0,5,0,2,0,0,0,0,0,0,1,2,2,0,0,0,0,0,0,0,1,2,0,0,0,0,1,2,0,0,0,0,3,1,0,0,0,0,0,0,0,0,0,0,0,0,0,0,0,1,2,0,1,2,0,1,0,0,5,3,1,1,1,0,0,0,1,0,0,0,0,0,5,0,0.453,,,,,0.41,,,,,,,,,,0.043,,,,,,,,,,,,,,,,,,,0,4.0,0.431,69.5,3.0,69.54
1176,Low,RPath,53,3.0,3.0,1.0,194.0,291.0,389.0,0.010309278350515464,Asphalt,77.4,4.0,3,77.401,0.426,1.278,0.0387596899224806,0.426,63,3,12.0,sidewalks,HMAC,1,2,2,1,2,0,1,2,0,0,0,0,1,2,2,0,0,0,0,0,0,0,0,0,0,0,0,2,0,0,0,0,0,0,1,2,2,0,0,0,0,0,0,0,1,0,0,0,0,0,1,2,2,0,0,0,3,1,0,0,0,0,0,0,1,2,0,0,0,0,1,2,2,1,2,2,1,2,0,0,0,0,5,3,1,0,0,0,0,0,0,0,0,0,0,0,5,0,0.426,,,,,0.407,,,,,,,,,,,0.019,,,,,,,,,,,,,,,,,,0,4.0,0.426,77.4,3.0,77.401
1177,Low,RPath,55,3.0,3.0,1.0,269.0,403.0,537.0,0.007444168734491315,Asphalt,103.7,4.0,3,102.056,0.463,1.389,0.0289296046287367,0.463,61,3,12.0,sidewalks,HMAC,1,2,2,1,2,2,1,2,0,0,0,0,1,2,2,0,0,0,0,0,0,0,0,0,0,5,0,2,0,0,0,0,0,0,1,0,0,0,0,0,0,0,0,0,0,0,0,0,0,0,1,2,0,5,0,0,3,1,0,0,0,0,0,0,1,2,0,0,0,0,1,0,0,1,2,0,1,2,2,0,0,0,0,3,1,1,1,0,0,0,0,0,0,0,0,0,5,0,0.463,,,,,0.448,,,,,,,,,,,0.014,,,,,,,,,,,,,,,,,,0,4.0,0.463,103.7,3.0,102.056
1178,Low,RPath,62,3.0,3.0,1.0,1209.0,1814.0,2418.0,0.0016538037486218302,Asphalt,155.0,4.0,3,151.658,0.302,0.906,0.0193548387096774,0.302,61,3,12.0,sidewalks,HMAC,1,2,2,1,0,0,1,0,0,0,0,0,1,2,0,0,0,0,0,0,0,0,0,0,0,0,0,2,0,0,0,0,0,0,1,2,2,0,0,0,0,0,0,5,1,0,0,0,0,0,1,2,2,0,0,0,3,1,0,0,0,0,0,0,1,2,0,1,0,0,1,2,2,1,0,0,1,2,2,0,0,0,5,3,1,0,0,0,0,0,0,0,0,0,0,0,5,0,0.358,,,0.029,,0.165,,,,0.019,,,0.048,0.048,0.019,0.01,0.019,,,,,,,,,,,,,,,,,,0,4.0,0.302,155.0,3.0,151.658
1179,Low,RPath,105,3.0,3.0,1.0,128.0,192.0,255.0,0.015625,Asphalt,56.5,4.0,3,52.781,0.452,1.356,0.0530973451327433,0.452,50,3,12.0,sidewalks,HMAC,1,0,0,0,0,0,0,0,0,0,0,0,1,2,2,0,0,0,1,2,2,0,0,0,0,5,3,0,0,0,0,1,2,0,1,0,0,0,0,0,0,0,0,0,1,0,0,0,1,1,1,2,2,0,0,0,3,1,0,0,0,0,0,0,1,0,0,0,0,0,0,0,0,0,0,0,1,2,2,0,0,0,0,0,1,1,1,0,0,0,0,0,0,1,0,0,5,0,0.452,,,,,0.452,,,,,,,,,,,,,,,,,,,,,,,,,,,,,0,4.0,0.452,56.5,3.0,52.781
1180,Low,RPath,120,3.0,3.0,1.0,1969.0,2954.0,3939.0,0.001015572105619499,Asphalt,212.1,4.0,3,212.06,0.377,1.131,0.0141442715700141,0.377,60,3,12.0,sidewalks,CON,1,2,2,1,2,2,0,0,0,0,0,0,1,2,0,1,0,0,0,0,0,0,0,0,0,5,0,2,0,0,0,0,0,0,0,0,0,0,0,0,0,0,0,5,0,0,0,0,0,0,1,2,2,5,0,0,3,1,1,0,0,0,0,0,0,0,0,0,0,0,0,0,0,1,2,0,1,2,0,0,0,0,0,3,1,0,1,1,2,0,0,0,0,0,0,0,5,0,0.424,,,0.007,0.05,0.042,0.085,,,,0.134,,,,,0.021,0.085,,,,,,,,,,,,,,,,,,0,4.0,0.377,212.1,3.0,212.06
1181,Low,RPath,152,3.0,3.0,1.0,635.0,953.0,1271.0,0.0031479538300104933,Asphalt,65.9,4.0,3,64.444,0.364,1.092,0.0455235204855842,0.364,62,3,12.0,sidewalks,HMAC,1,0,0,1,0,0,0,0,0,0,0,0,1,2,0,0,0,0,0,0,0,0,0,0,0,0,0,2,0,0,0,0,0,0,1,2,2,0,0,0,0,0,0,5,1,0,0,0,0,0,1,2,2,5,0,4,0,1,0,0,0,0,0,0,1,2,0,1,2,0,1,2,2,1,0,0,1,2,0,0,0,0,5,3,0,0,1,0,0,0,0,0,0,0,0,0,5,0,0.364,,,0.068,,0.228,,,,,,,,,,,0.068,,,,,,,,,,,,,,,,,,0,4.0,0.364,65.9,3.0,64.444
1182,Low,RPath,169,3.0,3.0,1.0,240.0,360.0,479.0,0.008333333333333333,Asphalt,45.4,4.0,3,48.67,0.429,1.287,0.066079295154185,0.429,65,4,12.0,sidewalks,HMAC,1,2,2,1,2,0,1,0,0,1,0,0,1,2,0,0,0,0,0,0,0,0,0,0,0,0,0,2,1,2,0,0,0,0,1,2,2,0,0,0,0,0,0,5,1,2,0,0,0,0,1,2,2,0,5,0,0,1,0,0,0,0,0,0,1,2,0,0,0,0,0,0,0,1,2,2,1,2,2,0,0,0,0,3,1,0,1,0,0,0,0,0,0,0,0,0,5,0,0.429,0.033,,,,0.396,,,,,,,,,,,,,,,,,,,,,,,,,,,,,0,4.0,0.429,45.4,3.0,48.67
1183,Low,RPath,289,3.0,3.0,1.0,247.0,370.0,493.0,0.008108108108108109,Asphalt,77.4,4.0,3,77.435,0.32,0.96,0.0387596899224806,0.32,62,3,12.0,sidewalks,HMAC,1,2,2,1,2,2,1,2,2,0,0,0,1,2,2,0,0,0,0,0,0,0,0,0,0,5,0,2,0,0,0,0,0,0,1,0,0,0,0,0,0,0,0,0,1,0,0,0,1,1,1,2,2,5,0,0,3,1,0,0,0,0,0,0,0,0,0,0,0,0,0,0,0,1,2,0,1,2,0,0,0,0,0,3,1,1,1,0,0,0,0,0,0,0,0,0,5,0,0.329,,,,,0.252,,,,,,,,,,,0.058,0.019,,,,,,,,,,,,,,,,,0,4.0,0.32,77.4,3.0,77.435
1184,Low,RPath,327,3.0,3.0,1.0,1890.0,2836.0,3781.0,0.0010578279266572638,Asphalt,386.6,4.0,3,386.416,0.496,1.488,0.007759958613554,0.496,52,3,12.0,sidewalks,HMAC,1,2,2,1,0,0,1,0,0,0,0,0,1,2,2,0,0,0,0,0,0,0,0,0,0,5,0,2,0,0,0,0,0,0,0,0,0,0,0,0,0,0,0,0,0,0,0,0,1,1,1,2,2,5,0,0,3,1,0,0,0,0,0,0,0,0,0,0,0,0,0,0,0,1,2,0,1,2,0,0,0,0,0,3,1,1,0,1,0,0,0,0,0,0,0,0,5,0,0.512,,,0.016,,0.458,,,,0.016,,0.004,,,0.012,0.004,,,0.004,,,,,,,,,,,,,,,,0,4.0,0.496,386.6,3.0,386.416
1185,Low,RPath,330,3.0,3.0,1.0,337.0,505.0,674.0,0.005940594059405941,Asphalt,94.9,4.0,3,94.911,0.411,1.233,0.0316122233930453,0.411,59,3,12.0,sidewalks,HMAC,1,2,2,1,0,0,0,0,0,0,0,0,1,2,2,0,0,0,0,0,0,0,0,0,0,5,0,2,0,0,0,0,0,0,1,2,0,0,0,0,0,0,0,0,0,0,0,0,1,1,1,2,2,5,0,0,3,1,0,0,0,0,0,0,0,0,0,0,0,0,0,0,0,0,0,0,1,2,0,0,0,0,5,3,1,1,1,0,0,0,0,0,0,0,0,0,5,3,0.458,,,,,0.395,,,,0.063,,,,,,,,,,,,,,,,,,,,,,,,,0,4.0,0.411,94.9,3.0,94.911
1186,Low,RPath,333,3.0,3.0,1.0,631.0,947.0,1263.0,0.0031678986272439284,Asphalt,239.2,4.0,3,238.415,0.451,1.353,0.0125418060200668,0.451,57,3,12.0,sidewalks,HMAC,1,2,2,1,0,0,0,0,0,0,0,0,0,0,0,1,2,2,0,0,0,0,0,0,0,5,0,2,0,0,0,0,0,0,1,2,2,0,0,0,1,0,0,0,1,2,0,0,1,1,1,2,2,5,5,0,0,1,0,0,0,0,0,0,1,0,0,0,0,0,0,0,0,0,0,0,1,2,2,0,0,0,0,0,1,0,0,0,0,0,0,0,0,0,0,0,5,0,0.451,,,,,0.433,,,,,,,0.006,,,,0.013,,,,,,,,,,,,,,,,,,0,4.0,0.451,239.2,3.0,238.415
1187,Low,RPath,334,3.0,3.0,1.0,605.0,907.0,1210.0,0.0033076074972436605,Asphalt,230.4,4.0,3,227.966,0.256,0.768,0.0130208333333333,0.256,61,3,12.0,sidewalks,HMAC,1,2,2,0,0,0,0,0,0,0,0,0,0,0,0,1,2,2,0,0,0,0,0,0,5,5,0,2,0,0,0,0,0,0,1,2,2,0,0,0,1,0,0,0,1,2,0,0,1,1,1,2,2,5,5,0,0,1,0,0,0,0,0,0,1,0,0,0,0,0,0,0,0,0,0,0,1,2,2,0,0,0,0,0,1,0,0,0,0,0,0,0,0,0,0,0,5,0,0.26,,,,,0.195,,,,,,0.007,,,,,0.059,,,,,,,,,,,,,,,,,,0,4.0,0.256,230.4,3.0,227.966
1188,Low,RPath,335,3.0,3.0,1.0,557.0,836.0,1115.0,0.0035885167464114833,Asphalt,84.5,4.0,3,84.486,0.355,1.065,0.0355029585798816,0.355,51,3,12.0,sidewalks,HMAC,1,2,0,1,2,0,1,2,0,0,0,0,1,2,2,0,0,0,0,0,0,0,0,0,0,0,0,2,0,0,0,0,0,0,1,2,0,0,0,0,0,0,0,0,1,0,0,0,1,1,1,2,2,5,0,0,3,1,0,0,0,0,0,0,0,0,0,0,0,0,0,0,0,1,2,0,1,0,0,0,0,0,0,3,1,1,1,0,0,0,0,0,0,0,0,0,5,0,0.408,,,0.018,,0.249,0.053,,,0.071,,,,,,,,,0.018,,,,,,,,,,,,,,,,0,4.0,0.355,84.5,3.0,84.486
1189,Low,RPath,339,3.0,3.0,1.0,656.0,983.0,1311.0,0.003051881993896236,Asphalt,131.5,4.0,3,80.234,0.308,0.924,0.0228136882129277,0.308,59,3,12.0,sidewalks,HMAC,1,2,2,0,0,0,0,0,0,0,0,0,0,0,0,1,2,2,0,0,0,0,0,0,5,0,0,0,0,0,0,0,0,0,1,2,2,0,0,0,1,2,0,0,1,2,2,0,1,1,1,2,2,5,5,0,0,0,0,0,0,0,0,0,1,2,0,0,0,0,0,0,0,0,0,0,1,2,2,0,0,0,0,0,1,0,0,0,0,0,0,0,0,0,0,0,5,0,0.308,,,0.034,,0.262,,,,,,,,,,,0.011,,,,,,,,,,,,,,,,,,0,4.0,0.308,131.5,3.0,80.234
1190,Low,RPath,360,3.0,3.0,1.0,650.0,975.0,1300.0,0.003076923076923077,Asphalt,220.0,4.0,3,221.572,0.382,1.146,0.0136363636363636,0.382,64,4,12.0,sidewalks,HMAC,1,2,2,1,0,0,1,0,0,0,0,0,1,2,2,0,0,0,0,0,0,1,2,2,0,5,0,2,0,0,0,0,0,0,1,2,2,0,0,0,0,0,0,0,1,0,0,0,1,0,1,2,2,5,5,0,0,1,0,0,0,0,0,0,0,0,0,0,0,0,0,0,0,1,0,0,1,2,2,0,0,0,0,3,1,1,1,0,0,0,0,0,0,0,0,0,5,0,0.45,,,,0.082,0.334,,,,,0.014,,,,,0.014,0.007,,,,,,,,,,,,,,,,,,0,4.0,0.382,220.0,3.0,221.572
1191,Low,RPath,383,3.0,3.0,1.0,399.0,599.0,798.0,0.005008347245409015,Asphalt,86.3,4.0,3,86.361,0.334,1.002,0.0347624565469293,0.334,64,4,12.0,sidewalks,HMAC,1,2,2,1,0,0,1,0,0,1,2,0,1,2,0,0,0,0,0,0,0,0,0,0,5,0,3,2,0,0,0,0,0,0,1,2,2,0,0,0,0,0,0,5,1,0,0,0,0,0,1,2,2,0,5,0,0,1,0,0,0,0,0,0,0,0,0,0,0,0,0,0,0,1,2,2,1,2,0,0,0,0,0,3,1,1,1,0,0,0,0,0,0,0,0,0,5,0,0.504,,,,0.226,0.174,,,,,,,0.07,,,,0.035,,,,,,,,,,,,,,,,,,0,4.0,0.334,86.3,3.0,86.361
1192,Low,RPath,386,3.0,3.0,1.0,216.0,324.0,432.0,0.009259259259259259,Asphalt,84.6,4.0,3,84.452,0.253,0.759,0.0354609929078014,0.253,61,3,12.0,sidewalks,HMAC,1,2,0,1,2,0,1,0,0,1,2,0,1,2,0,0,0,0,0,0,0,0,0,0,5,0,3,2,0,0,0,0,0,0,1,2,2,0,0,0,0,0,0,0,1,2,0,0,0,0,1,2,2,0,5,0,0,1,0,0,0,0,0,0,0,0,0,0,0,0,0,0,0,1,2,2,1,2,0,0,0,0,0,3,1,1,1,0,0,0,0,0,0,0,0,0,5,0,0.372,,,,0.159,0.177,,,,,,,,,,,0.035,,,,,,,,,,,,,,,,,,0,4.0,0.253,84.6,3.0,84.452
1193,Low,RPath,418,3.0,3.0,1.0,944.0,1416.0,1888.0,0.00211864406779661,Asphalt,372.3,4.0,3,368.719,0.489,1.467,0.008058017727639,0.489,61,3,12.0,sidewalks,HMAC,1,2,2,1,2,2,1,0,0,0,0,0,1,2,2,0,0,0,1,0,0,0,0,0,0,5,0,2,0,0,0,1,2,0,1,0,0,0,0,0,0,0,0,0,1,0,0,0,1,0,1,2,2,0,0,0,0,1,1,0,0,0,0,0,1,0,0,0,0,0,0,0,0,1,2,0,1,2,2,0,0,0,0,3,1,0,0,0,0,0,1,2,0,1,2,0,5,0,0.491,,,,,0.487,,,,,,,,,,0.004,,,,,,,,,,,,,,,,,,,0,4.0,0.489,372.3,3.0,368.719
1194,Low,RPath,420,3.0,3.0,1.0,330.0,495.0,660.0,0.006060606060606061,Asphalt,254.7,4.0,3,251.915,0.259,0.777,0.0117785630153121,0.259,60,3,12.0,sidewalks,CON,1,0,0,0,0,0,0,0,0,0,0,0,1,2,2,1,0,0,1,2,2,0,0,0,0,5,3,0,0,0,0,1,2,2,1,0,0,0,0,0,0,0,0,0,1,0,0,0,1,1,1,2,2,0,5,0,3,1,0,0,0,0,0,0,1,2,0,0,0,0,0,0,0,1,0,0,1,2,2,0,0,0,0,0,1,1,1,0,0,0,0,0,0,0,0,0,5,0,0.259,,,,,0.259,,,,,,,,,,,,,,,,,,,,,,,,,,,,,0,4.0,0.259,254.7,3.0,251.915
1195,Low,RPath,426,3.0,3.0,1.0,1043.0,1565.0,2086.0,0.0019169329073482429,Asphalt,210.3,4.0,3,210.267,0.26,0.78,0.014265335235378,0.26,64,4,12.0,sidewalks,CON,1,2,0,1,2,0,0,0,0,0,0,0,1,2,2,1,2,0,0,0,0,0,0,0,0,0,0,2,0,0,0,0,0,0,1,2,0,0,0,0,0,0,0,5,1,0,0,0,0,0,1,2,2,5,0,0,3,1,1,0,0,0,0,0,0,0,0,0,0,0,0,0,0,1,2,0,1,2,2,0,0,0,5,3,1,0,1,1,0,0,0,0,0,0,0,0,5,0,0.321,,,0.014,0.057,0.15,,,,,,,,,0.036,0.036,0.029,,,,,,,,,,,,,,,,,,0,4.0,0.26,210.3,3.0,210.267
1196,Low,RPath,443,3.0,3.0,1.0,378.0,567.0,757.0,0.005291005291005291,Asphalt,154.4,4.0,3,154.358,0.352,1.056,0.0194300518134715,0.352,52,3,12.0,sidewalks,CON,1,0,0,0,0,0,0,0,0,0,0,0,1,2,0,0,0,0,1,0,0,0,0,0,0,0,3,0,0,0,0,1,0,0,1,2,2,0,0,0,0,0,0,0,1,2,0,0,1,1,1,2,2,5,5,0,0,1,0,0,0,0,0,0,0,0,0,0,0,0,0,0,0,1,2,0,1,2,0,0,0,0,0,0,1,1,1,0,0,0,0,0,0,1,2,0,5,0,0.369,,,,,0.34,,,,,,0.01,,,,0.01,,0.01,,,,,,,,,,,,,,,,,0,4.0,0.352,154.4,3.0,154.358
1197,Low,RPath,444,3.0,3.0,1.0,150.0,225.0,299.0,0.013333333333333334,Asphalt,78.4,4.0,3,79.771,0.254,0.762,0.0382653061224489,0.254,53,3,12.0,sidewalks,CON,1,2,2,1,2,2,1,2,2,0,0,0,0,0,0,0,0,0,0,0,0,0,0,0,0,5,0,2,0,0,0,0,0,0,1,2,0,0,0,0,0,0,0,5,1,0,0,0,0,0,1,2,0,0,0,0,3,1,0,0,0,0,0,0,0,0,0,0,0,0,1,0,0,0,0,0,1,2,0,0,0,0,0,3,1,1,1,0,0,0,0,0,0,0,0,0,5,0,0.383,,,,0.172,0.21,,,,,,,,,,,,,,,,,,,,,,,,,,,,,0,4.0,0.254,78.4,3.0,79.771
1198,Low,RPath,479,3.0,3.0,1.0,1574.0,2361.0,3148.0,0.0012706480304955528,Asphalt,267.2,4.0,3,274.059,0.251,0.753,0.0112275449101796,0.251,64,4,12.0,sidewalks,HMAC,1,2,2,1,2,0,1,2,0,1,0,0,1,2,0,0,0,0,0,0,0,0,0,0,0,0,0,2,1,0,0,0,0,0,1,2,2,0,0,0,0,0,0,5,1,0,0,0,0,0,1,2,2,0,5,0,0,1,0,0,0,0,0,0,1,2,0,0,0,0,1,0,0,1,2,2,1,2,2,0,0,0,0,3,1,0,1,0,0,0,0,0,0,0,0,0,5,0,0.483,0.034,,,0.303,0.135,,,,,,0.006,,,,,0.006,,,,,,,,,,,,,,,,,,0,4.0,0.251,267.2,3.0,274.059
1199,Low,RPath,626,3.0,3.0,1.0,993.0,1490.0,1986.0,0.0020134228187919465,Asphalt,107.9,4.0,3,107.859,0.254,0.762,0.0278035217794253,0.254,63,3,12.0,sidewalks,HMAC,1,2,2,1,2,2,0,0,0,0,0,0,0,0,0,1,2,2,0,0,0,0,0,0,0,5,0,2,0,0,0,0,0,0,1,2,2,0,0,0,0,0,0,0,1,0,0,0,1,1,1,2,2,5,5,4,0,1,0,0,0,0,0,0,1,0,0,0,0,0,0,0,0,0,0,0,1,2,0,0,0,0,0,3,0,0,0,0,0,0,1,0,0,0,0,0,5,0,0.264,0.083,,,0.014,0.167,,,,,,,,,,,,,,,,,,,,,,,,,,,,,0,4.0,0.254,107.9,3.0,107.859
1200,Low,RPath,782,3.0,3.0,1.0,575.0,862.0,1150.0,0.0034802784222737818,Asphalt,190.7,4.0,3,190.772,0.311,0.933,0.0157315154693235,0.311,66,4,12.0,sidewalks,HMAC,1,2,2,1,2,0,1,2,0,0,0,0,1,2,2,0,0,0,0,0,0,0,0,0,0,5,0,2,0,0,0,0,0,0,0,0,0,0,0,0,0,0,0,0,0,0,0,0,1,1,1,2,2,5,0,4,3,1,0,0,0,0,0,0,0,0,0,0,0,0,0,0,0,1,2,2,1,2,2,0,0,0,0,3,1,1,0,1,2,0,0,0,0,0,0,0,5,0,0.322,,,0.008,,0.283,,,0.016,,,0.016,,,,,,,,,,,,,,,,,,,,,,,0,4.0,0.311,190.7,3.0,190.772
1201,Low,RPath,784,3.0,3.0,1.0,358.0,538.0,717.0,0.0055762081784386614,Asphalt,82.0,4.0,3,80.176,0.366,1.098,0.0365853658536585,0.366,51,3,12.0,sidewalks,HMAC,1,2,2,1,2,0,1,2,0,0,0,0,1,2,0,0,0,0,0,0,0,0,0,0,0,5,0,2,0,0,0,0,0,0,0,0,0,0,0,0,0,0,0,0,0,0,0,0,1,1,1,2,2,5,0,0,3,1,0,0,0,0,0,0,1,0,0,0,0,0,0,0,0,1,0,0,1,0,0,0,0,0,0,3,1,1,1,0,0,0,0,0,0,0,0,0,5,0,0.384,0.018,,,,0.329,,,,,,,,,,,,0.037,,,,,,,,,,,,,,,,,0,4.0,0.366,82.0,3.0,80.176
1202,Low,RPath,812,3.0,3.0,1.0,105.0,157.0,210.0,0.01910828025477707,Asphalt,55.0,4.0,3,55.012,0.279,0.8370000000000001,0.0545454545454545,0.279,64,4,12.0,sidewalks,CON,1,2,0,1,0,0,0,0,0,1,0,0,1,2,0,1,2,0,0,0,0,0,0,0,0,0,0,2,1,2,2,0,0,0,1,2,0,0,0,0,0,0,0,5,1,2,0,0,1,1,1,2,2,0,0,0,0,1,0,0,0,1,0,0,1,2,2,0,0,0,1,0,0,1,0,0,1,2,2,0,0,0,5,0,0,0,0,1,0,0,0,0,0,1,2,0,5,0,0.382,,,,0.136,0.245,,,,,,,,,,,,,,,,,,,,,,,,,,,,,0,4.0,0.279,55.0,3.0,55.012
1203,Low,RPath,903,3.0,3.0,1.0,113.0,169.0,225.0,0.01775147928994083,Asphalt,51.9,4.0,3,50.275,0.434,1.302,0.0578034682080924,0.434,62,3,12.0,sidewalks,HMAC,1,2,2,1,0,0,1,0,0,0,0,0,1,0,0,0,0,0,0,0,0,0,0,0,0,5,0,2,0,0,0,1,2,2,1,2,0,0,0,0,0,0,0,0,0,0,0,0,0,0,1,2,2,5,0,0,3,1,1,0,0,0,0,0,1,2,2,0,0,0,0,0,0,1,2,2,1,2,0,0,0,0,0,3,1,1,1,0,0,0,0,0,0,0,0,0,5,0,0.434,,,,,0.434,,,,,,,,,,,,,,,,,,,,,,,,,,,,,0,4.0,0.434,51.9,3.0,50.275
1204,Low,RPath,904,3.0,3.0,1.0,533.0,799.0,1065.0,0.0037546933667083854,Asphalt,121.6,4.0,3,121.068,0.321,0.963,0.0246710526315789,0.321,66,4,12.0,sidewalks,HMAC,1,2,2,1,0,0,1,0,0,0,0,0,1,2,0,1,0,0,0,0,0,0,0,0,0,5,0,2,0,0,0,1,2,0,1,2,2,0,0,0,0,0,0,0,0,0,0,0,0,0,1,2,2,5,0,0,3,1,1,2,0,0,0,0,1,0,0,0,0,0,0,0,0,1,2,0,1,2,0,0,0,0,5,3,1,1,1,0,0,0,0,0,0,0,0,0,5,0,0.432,,,,0.062,0.259,,,,,,0.086,0.025,,,,,,,,,,,,,,,,,,,,,,0,4.0,0.321,121.6,3.0,121.068
1205,Low,RPath,914,3.0,3.0,1.0,1294.0,1941.0,2588.0,0.0015455950540958269,Asphalt,223.7,4.0,3,220.379,0.365,1.095,0.0134108180599016,0.365,51,3,12.0,sidewalks,HMAC,1,2,2,1,2,0,0,0,0,0,0,0,1,2,0,0,0,0,0,0,0,0,0,0,0,5,0,2,0,0,0,0,0,0,1,2,2,0,0,0,0,0,0,0,0,0,0,0,1,0,1,2,2,5,5,0,3,0,0,0,0,0,0,0,0,0,0,0,0,0,0,0,0,1,0,0,1,0,0,0,0,0,0,0,1,1,0,0,0,0,0,0,0,0,0,0,5,0,0.369,0.027,,0.013,,0.322,,,,,,,,,,0.007,,,,,,,,,,,,,,,,,,,0,4.0,0.365,223.7,3.0,220.379
1206,Low,RPath,976,3.0,3.0,1.0,233.0,349.0,466.0,0.008595988538681949,Asphalt,91.5,4.0,3,91.535,0.315,0.945,0.0327868852459016,0.315,64,4,12.0,sidewalks,HMAC,1,2,2,0,0,0,0,0,0,0,0,0,1,2,0,1,2,0,0,0,0,0,0,0,0,0,3,0,1,2,2,0,0,0,1,2,0,0,0,0,0,0,0,0,1,2,2,0,0,0,1,2,0,0,5,0,0,1,0,0,0,0,0,0,1,2,0,0,0,0,0,0,0,1,2,0,1,2,0,1,0,0,0,3,1,1,1,1,2,0,1,0,0,1,2,0,5,0,0.377,,,,0.049,0.295,,,,,,0.033,,,,,,,,,,,,,,,,,,,,,,,0,4.0,0.315,91.5,3.0,91.535
1207,Low,RPath,978,3.0,3.0,1.0,772.0,1158.0,1544.0,0.0025906735751295338,Asphalt,95.8,4.0,3,95.84,0.29,0.8699999999999999,0.0313152400835073,0.29,53,3,12.0,sidewalks,HMAC,1,2,0,0,0,0,0,0,0,0,0,0,1,2,0,1,0,0,0,0,0,0,0,0,0,0,3,0,1,2,2,0,0,0,1,0,0,0,0,0,0,0,0,0,1,2,2,0,0,0,1,0,0,0,5,0,0,1,1,0,0,0,0,0,1,2,2,0,0,0,0,0,0,1,0,0,1,2,2,1,0,0,0,0,1,1,1,1,2,0,0,0,0,1,0,0,5,0,0.548,,,,0.125,0.157,,,,,,,,0.219,,,0.031,,0.016,,,,,,,,,,,,,,,,0,4.0,0.29,95.8,3.0,95.84
1208,Low,RPath,1585,3.0,3.0,1.0,294.0,441.0,588.0,0.006802721088435374,Asphalt,89.5,4.0,3,95.998,0.428,1.284,0.0335195530726257,0.428,54,3,12.0,sidewalks,CON,1,2,2,1,0,0,1,0,0,0,0,0,1,2,2,1,2,2,0,0,0,0,0,0,0,5,0,0,0,0,0,0,0,0,1,2,0,0,0,0,0,0,0,0,0,0,0,0,1,1,1,2,2,0,5,0,3,1,0,0,0,0,0,0,0,0,0,0,0,0,0,0,0,1,2,0,1,0,0,0,0,0,0,3,1,0,0,0,0,0,0,0,0,0,0,0,5,0,0.453,,,,,0.402,,,,,,,,,,0.034,,0.017,,,,,,,,,,,,,,,,,0,4.0,0.428,89.5,3.0,95.998
1209,Low,RPath,1126,3.0,3.0,1.0,3422.0,5133.0,6845.0,0.0005844535359438924,Asphalt,274.0,4.0,3,270.586,0.385,1.155,0.010948905109489,0.385,56,3,12.0,sidewalks,CON,1,2,0,1,2,0,1,2,0,0,0,0,1,2,0,0,0,0,0,0,0,0,0,0,5,0,0,2,0,0,0,1,2,2,0,0,0,0,0,0,0,0,0,0,1,2,0,0,1,0,1,2,0,5,0,4,0,1,0,0,0,0,0,0,0,0,0,0,0,0,0,0,0,1,2,0,0,0,0,0,0,0,0,3,1,1,1,0,0,0,0,0,0,1,0,0,5,0,0.389,0.077,,0.033,0.005,0.268,,,,,,,,,,,0.005,,,,,,,,,,,,,,,,,,0,4.0,0.385,274.0,3.0,270.586
1210,Low,RPath,1153,3.0,3.0,1.0,187.0,281.0,375.0,0.010676156583629894,Asphalt,86.6,4.0,3,86.572,0.355,1.065,0.0346420323325635,0.355,65,4,12.0,sidewalks,CON,1,2,2,0,0,0,0,0,0,0,0,0,1,2,2,1,2,2,0,0,0,1,2,0,0,0,0,0,0,0,0,1,2,0,1,2,2,0,0,0,1,2,0,0,1,0,0,0,1,0,1,2,2,5,5,0,3,0,1,0,0,1,2,0,1,0,0,1,2,0,1,0,0,1,0,0,1,0,0,0,0,0,0,3,1,0,1,0,0,0,0,0,0,0,0,0,0,0,0.433,,,,0.104,0.329,,,,,,,,,,,,,,,,,,,,,,,,,,,,,0,4.0,0.355,86.6,3.0,86.572
1211,Low,RPath,1156,3.0,3.0,1.0,45.0,67.0,90.0,0.04477611940298507,Asphalt,24.3,4.0,3,24.959,0.37,1.11,0.1234567901234567,0.37,64,4,12.0,sidewalks,CON,1,2,2,0,0,0,0,0,0,0,0,0,1,2,2,1,2,2,0,0,0,1,2,0,0,0,0,0,0,0,0,1,2,0,1,2,2,0,0,0,1,2,2,0,1,2,0,0,1,0,1,2,2,5,5,0,0,0,1,0,0,1,2,0,1,0,0,1,0,0,1,0,0,1,0,0,1,0,0,0,0,0,0,3,1,0,1,0,0,0,0,0,0,0,0,0,0,0,0.37,,,,,0.37,,,,,,,,,,,,,,,,,,,,,,,,,,,,,0,4.0,0.37,24.3,3.0,24.959
1212,Low,RPath,1290,3.0,3.0,1.0,1445.0,2168.0,2890.0,0.0013837638376383763,Asphalt,174.1,4.0,3,171.112,0.295,0.885,0.0172314761631246,0.295,59,3,12.0,sidewalks,CON,1,2,2,1,2,0,1,0,0,0,0,0,1,2,2,0,0,0,0,0,0,0,0,0,0,5,0,2,0,0,0,0,0,0,1,2,0,0,0,0,0,0,0,0,0,0,0,0,1,1,1,2,2,5,0,0,3,1,0,0,0,0,0,0,0,0,0,0,0,0,0,0,0,1,2,0,1,2,2,0,0,0,0,3,1,1,1,0,0,0,0,0,0,0,0,0,5,0,0.327,0.052,,,0.026,0.164,0.069,,,,,0.017,,,,,,,,,,,,,,,,,,,,,,,0,4.0,0.295,174.1,3.0,171.112
1213,Low,RPath,1335,3.0,3.0,1.0,1044.0,1565.0,2087.0,0.0019169329073482429,Asphalt,414.1,4.0,3,206.638,0.469,1.407,0.0072446269017145,0.469,59,3,12.0,sidewalks,HMAC,1,2,0,1,2,0,0,0,0,0,0,0,1,0,0,1,2,0,0,0,0,0,0,0,5,0,0,0,0,0,0,0,0,0,1,2,2,0,0,0,0,0,0,0,1,2,2,0,0,0,1,2,2,5,5,0,3,1,0,0,0,0,0,0,0,0,0,0,0,0,1,0,0,1,0,0,1,0,0,0,0,0,5,0,1,0,0,1,0,0,0,0,0,0,0,0,5,0,0.471,,,,,0.464,,,,,,,,,,0.004,0.004,,,,,,,,,,,,,,,,,,1,4.0,0.469,414.1,13.0,206.638
1214,Low,RPath,1345,3.0,3.0,1.0,113.0,169.0,225.0,0.01775147928994083,Asphalt,78.4,4.0,3,80.132,0.273,0.8190000000000001,0.0382653061224489,0.273,52,3,12.0,sidewalks,CON,1,2,2,1,2,2,1,2,2,0,0,0,0,0,0,0,0,0,0,0,0,0,0,0,0,5,0,2,0,0,0,0,0,0,1,2,0,0,0,0,0,0,0,5,1,0,0,0,0,0,1,2,0,0,0,0,3,1,0,0,0,0,0,0,0,0,0,0,0,0,1,0,0,0,0,0,1,2,0,0,0,0,0,3,1,0,1,0,0,0,0,0,0,0,0,0,5,0,0.287,,,,0.019,0.268,,,,,,,,,,,,,,,,,,,,,,,,,,,,,0,4.0,0.273,78.4,3.0,80.132
1215,Low,RPath,1563,3.0,3.0,1.0,22.0,34.0,45.0,0.08823529411764706,Asphalt,12.4,4.0,3,8.44,0.361,1.083,0.2419354838709677,0.361,52,3,12.0,sidewalks,CON,1,0,0,0,0,0,0,0,0,1,2,0,0,0,0,1,0,0,0,0,0,0,0,0,5,0,0,2,0,0,0,0,0,0,1,2,2,0,0,0,1,2,2,0,1,0,0,0,1,0,1,2,2,5,0,0,3,1,0,0,0,0,0,0,1,2,2,0,0,0,0,0,0,0,0,0,1,0,0,0,0,0,0,0,1,1,1,0,0,0,0,0,0,0,0,0,5,0,0.361,,,,,0.361,,,,,,,,,,,,,,,,,,,,,,,,,,,,,0,4.0,0.361,12.4,3.0,8.44
1216,Low,RPath,536,3.0,3.0,1.0,1520.0,2280.0,3040.0,0.0013157894736842105,Asphalt,110.0,4.0,3,55.674,0.3,0.8999999999999999,0.0272727272727272,0.3,65,4,12.0,sidewalks,CON,1,2,0,0,0,0,0,0,0,1,2,0,1,0,0,0,0,0,0,0,0,1,0,0,5,0,0,0,1,2,2,1,2,0,1,2,0,0,0,0,1,2,2,5,1,2,0,0,1,1,1,2,2,0,0,0,0,1,1,0,0,0,0,0,1,2,0,0,0,0,0,0,0,1,0,0,1,0,0,0,0,0,0,3,1,1,1,1,2,0,0,0,0,0,0,0,5,0,0.314,0.123,,,,0.164,,,,,,,,,,0.014,,0.014,,,,,,,,,,,,,,,,,0,4.0,0.3,110.0,3.0,55.674
1217,Low,RPath,270,3.0,3.0,1.0,893.0,1340.0,1786.0,0.002238805970149254,Asphalt,209.4,4.0,3,87.0,0.308,0.924,0.0143266475644699,0.308,55,3,12.0,sidewalks,HMAC,1,2,0,0,0,0,0,0,0,0,0,0,1,2,2,0,0,0,0,0,0,0,0,0,0,0,3,0,1,2,2,0,0,0,0,0,0,0,0,0,0,0,0,0,1,2,0,0,0,0,1,2,0,0,5,0,0,1,1,2,0,1,0,0,1,2,0,0,0,0,0,0,0,1,0,0,1,2,2,1,0,0,0,0,1,1,1,1,2,2,0,0,0,0,0,0,5,0,0.416,,0.014,,0.143,0.215,,,,,,,0.029,,,,0.007,,0.007,,,,,,,,,,,,,,,,0,4.0,0.308,209.4,3.0,87.0
1218,Low,RPath,1462,3.0,3.0,1.0,719.0,1079.0,1439.0,0.0027803521779425394,Asphalt,87.9,4.0,3,87.923,0.341,1.023,0.0341296928327645,0.341,59,3,12.0,walkways,HMAC,1,2,0,1,2,0,0,0,0,1,0,0,1,2,2,0,0,0,0,0,0,0,0,0,0,5,0,2,0,0,0,0,0,0,1,2,2,0,0,0,1,2,0,0,0,0,0,0,1,0,1,2,0,5,0,0,3,1,0,0,0,0,0,0,0,0,0,0,0,0,0,0,0,1,2,0,0,0,0,0,0,0,5,3,1,1,1,0,0,0,0,0,0,0,0,0,5,0,0.341,,,,,0.017,,,0.222,,,,0.102,,,,,,,,,,,,,,,,,,,,,,0,4.0,0.341,87.9,3.0,87.923
1219,Low,RPath,1493,3.0,3.0,1.0,450.0,675.0,900.0,0.0044444444444444444,Asphalt,43.6,4.0,3,43.594,0.413,1.239,0.0688073394495412,0.413,49,3,12.0,walkways,SS,1,2,0,1,2,2,1,0,0,0,0,0,1,2,2,0,0,0,0,0,0,0,0,0,0,5,0,2,0,0,0,0,0,0,1,2,0,0,0,0,0,0,0,0,0,0,0,0,1,1,1,2,2,5,0,0,3,1,0,0,0,0,0,0,0,0,0,0,0,0,0,0,0,1,0,0,0,0,0,0,0,0,0,0,1,1,1,0,0,0,0,0,0,0,0,0,5,0,0.413,,,,,,,,,,,,,,,,,,,,,,,,,,,,0.413,,,,,,0,4.0,0.413,43.6,3.0,43.594
1220,Low,RPath,1550,3.0,3.0,1.0,106.0,158.0,211.0,0.0189873417721519,Asphalt,52.5,4.0,3,52.476,0.286,0.8579999999999999,0.0571428571428571,0.286,56,3,12.0,walkways,HMAC,1,2,2,1,2,0,1,2,0,0,0,0,1,2,2,1,2,0,0,0,0,0,0,0,0,5,0,2,0,0,0,0,0,0,1,2,0,0,0,0,1,0,0,0,1,0,0,0,0,0,1,2,0,0,0,0,0,1,0,0,0,0,0,0,0,0,0,0,0,0,0,0,0,1,2,0,1,2,2,0,0,0,5,3,0,0,0,0,0,0,0,0,0,0,0,0,5,0,0.286,,,,,0.257,,,0.029,,,,,,,,,,,,,,,,,,,,,,,,,,0,4.0,0.286,52.5,3.0,52.476
1221,Low,RPath,1552,3.0,3.0,1.0,90.0,135.0,179.0,0.022222222222222223,Asphalt,33.1,4.0,3,33.093,0.363,1.089,0.0906344410876132,0.363,61,3,12.0,walkways,HMAC,1,2,2,1,0,0,0,0,0,0,0,0,1,0,0,0,0,0,0,0,0,0,0,0,0,5,0,2,0,0,0,1,0,0,1,2,2,1,0,0,1,2,2,0,1,0,0,0,1,0,1,2,2,5,0,4,0,0,0,0,0,0,0,0,0,0,0,0,0,0,0,0,0,1,2,2,1,2,0,0,0,0,0,3,1,1,1,0,0,0,0,0,0,0,0,0,5,0,0.363,,,,,0.317,,,0.045,,,,,,,,,,,,,,,,,,,,,,,,,,0,4.0,0.363,33.1,3.0,33.093
1222,Low,RPath,276,3.0,1.0,3.0,90.0,135.0,180.0,0.022222222222222223,Asphalt,100.7,2.0,1,103.008,0.034,0.034,0.0297914597815292,0.034,23,1,2.0,sidewalks,CON,1,2,2,0,0,0,0,0,0,0,0,0,0,0,0,0,0,0,0,0,0,0,0,0,0,0,0,2,0,0,0,1,2,0,0,0,0,1,2,0,0,0,0,0,0,0,0,0,0,0,0,0,0,0,0,0,0,1,0,0,0,0,0,0,0,0,0,0,0,0,0,0,0,1,0,0,0,0,0,0,0,0,0,0,1,1,1,0,0,0,0,0,0,0,0,0,5,0,0.119,,,,0.104,,,,,,,,,,,0.015,,,,,,,,,,,,,,,,,,,0,2.0,0.034,100.7,3.0,103.008
1223,Low,RPath,297,3.0,1.0,3.0,1628.0,2442.0,3256.0,0.0012285012285012285,Asphalt,394.2,2.0,1,394.206,0.063,0.063,0.0076103500761035,0.063,25,1,2.0,sidewalks,CON,1,2,0,0,0,0,0,0,0,0,0,0,1,2,0,1,0,0,0,0,0,0,0,0,0,0,0,0,0,0,0,0,0,0,1,2,2,0,0,0,0,0,0,0,0,0,0,0,0,0,1,2,2,0,5,0,0,0,0,0,0,0,0,0,0,0,0,0,0,0,0,0,0,0,0,0,0,0,0,0,0,0,0,0,1,1,1,0,0,0,0,0,0,0,0,0,0,0,0.202,,,0.004,0.057,0.004,,,,0.004,,,,0.114,0.004,0.015,,,,,,,,,,,,,,,,,,,0,2.0,0.063,394.2,3.0,394.206
1224,Low,RPath,372,3.0,1.0,3.0,1293.0,1940.0,2587.0,0.0015463917525773195,Asphalt,394.3,2.0,1,394.262,0.054,0.054,0.0076084199847831,0.054,24,1,2.0,sidewalks,CON,1,2,0,0,0,0,1,0,0,0,0,0,1,0,0,1,0,0,0,0,0,0,0,0,0,0,0,0,0,0,0,0,0,0,1,2,2,0,0,0,0,0,0,0,0,0,0,0,0,0,1,2,2,0,5,0,0,0,0,0,0,0,0,0,0,0,0,0,0,0,0,0,0,0,0,0,0,0,0,0,0,0,0,0,1,1,1,0,0,0,0,0,0,0,0,0,0,0,0.156,,,,0.027,0.004,,,,0.023,,,,0.076,,0.015,0.011,,,,,,,,,,,,,,,,,,0,2.0,0.054,394.3,3.0,394.262
1225,Low,RPath,421,3.0,1.0,3.0,112.0,168.0,225.0,0.017857142857142856,Asphalt,96.8,2.0,1,96.79,0.093,0.093,0.03099173553719,0.093,27,1,2.0,sidewalks,HMAC,1,2,2,0,0,0,0,0,0,0,0,0,1,2,0,0,0,0,0,0,0,0,0,0,0,0,3,0,0,0,0,0,0,0,0,0,0,0,0,0,0,0,0,0,0,0,0,0,0,0,1,2,0,0,0,0,0,1,0,0,0,0,0,0,1,0,0,0,0,0,0,0,0,0,0,0,0,0,0,0,0,0,0,0,1,1,1,1,2,0,0,0,0,0,0,0,5,0,0.232,,,,0.186,0.046,,,,,,,,,,,,,,,,,,,,,,,,,,,,,0,2.0,0.093,96.8,3.0,96.79
1226,Low,RPath,1014,3.0,1.0,3.0,164.0,247.0,329.0,0.012145748987854251,Asphalt,149.5,2.0,1,150.76,0.015,0.015,0.020066889632107,0.015,24,1,2.0,sidewalks,CON,1,2,2,0,0,0,0,0,0,0,0,0,1,0,0,0,0,0,0,0,0,0,0,0,0,0,0,2,0,0,0,0,0,0,0,0,0,0,0,0,0,0,0,0,0,0,0,0,0,0,0,0,0,0,0,0,0,1,0,0,0,0,0,0,0,0,0,0,0,0,0,0,0,1,2,2,0,0,0,0,0,0,0,3,1,1,0,0,0,0,0,0,0,0,0,0,5,0,0.03,,,0.01,0.02,,,,,,,,,,,,,,,,,,,,,,,,,,,,,,0,2.0,0.015,149.5,3.0,150.76
1227,Low,RPath,1016,3.0,1.0,3.0,60.0,90.0,120.0,0.03333333333333333,Asphalt,39.8,2.0,1,32.917,0.075,0.075,0.0753768844221105,0.075,22,1,2.0,sidewalks,CON,1,2,0,0,0,0,0,0,0,0,0,0,1,0,0,0,0,0,0,0,0,0,0,0,0,0,0,2,0,0,0,0,0,0,0,0,0,0,0,0,0,0,0,0,0,0,0,0,0,0,0,0,0,0,0,0,0,1,0,0,0,0,0,0,0,0,0,0,0,0,0,0,0,1,2,2,0,0,0,0,0,0,0,3,1,1,0,0,0,0,0,0,0,0,0,0,5,0,0.301,,,,0.301,,,,,,,,,,,,,,,,,,,,,,,,,,,,,,0,2.0,0.075,39.8,3.0,32.917
1228,Low,RPath,1019,3.0,1.0,3.0,150.0,225.0,300.0,0.013333333333333334,Asphalt,26.7,2.0,1,26.162,0.056,0.056,0.1123595505617977,0.056,28,2,2.0,sidewalks,CON,1,2,2,1,0,0,0,0,0,0,0,0,1,2,0,0,0,0,0,0,0,0,0,0,0,0,0,2,0,0,0,0,0,0,0,0,0,0,0,0,0,0,0,0,0,0,0,0,0,0,0,0,0,0,0,0,0,1,0,0,0,0,0,0,0,0,0,0,0,0,0,0,0,1,2,0,0,0,0,0,0,0,5,0,1,1,1,0,0,0,0,0,0,0,0,0,5,0,0.225,,,,,,,,,,,,,0.225,,,,,,,,,,,,,,,,,,,,,0,2.0,0.056,26.7,3.0,26.162
1229,Low,RPath,1046,3.0,1.0,3.0,22.0,33.0,45.0,0.09090909090909091,Asphalt,75.6,2.0,1,75.685,0.015,0.015,0.0396825396825396,0.015,27,1,2.0,sidewalks,CON,1,2,0,0,0,0,0,0,0,0,0,0,0,0,0,0,0,0,0,0,0,0,0,0,0,0,0,2,0,0,0,0,0,0,0,0,0,0,0,0,0,0,0,0,0,0,0,0,0,0,1,2,2,0,0,0,0,1,0,0,0,0,0,0,0,0,0,0,0,0,0,0,0,1,2,0,0,0,0,0,0,0,5,0,1,1,1,0,0,0,0,0,0,0,0,0,5,0,0.059,,,,0.059,,,,,,,,,,,,,,,,,,,,,,,,,,,,,,0,2.0,0.015,75.6,3.0,75.685
1230,Low,RPath,1047,3.0,1.0,3.0,514.0,771.0,1028.0,0.0038910505836575876,Asphalt,227.0,2.0,1,226.544,0.048,0.048,0.013215859030837,0.048,29,2,2.0,sidewalks,CON,1,2,2,1,0,0,0,0,0,0,0,0,0,0,0,0,0,0,0,0,0,0,0,0,0,0,0,2,0,0,0,0,0,0,1,0,0,0,0,0,0,0,0,0,0,0,0,0,0,0,1,2,2,0,0,0,0,1,0,0,0,0,0,0,0,0,0,0,0,0,0,0,0,1,0,0,0,0,0,0,0,0,5,0,1,1,1,0,0,0,0,0,0,0,0,0,5,0,0.073,0.02,,,0.033,0.02,,,,,,,,,,,,,,,,,,,,,,,,,,,,,0,2.0,0.048,227.0,3.0,226.544
1231,Low,RPath,1060,3.0,1.0,3.0,225.0,338.0,451.0,0.008875739644970414,Asphalt,81.2,2.0,1,75.43,0.028,0.028,0.0369458128078817,0.028,27,1,2.0,sidewalks,CON,1,2,0,1,2,0,1,2,0,0,0,0,0,0,0,0,0,0,0,0,0,0,0,0,0,0,0,2,0,0,0,0,0,0,0,0,0,0,0,0,0,0,0,0,0,0,0,0,0,0,1,2,2,0,0,0,0,1,0,0,0,0,0,0,0,0,0,0,0,0,0,0,0,0,0,0,0,0,0,0,0,0,0,3,1,1,0,0,0,0,0,0,0,0,0,0,5,0,0.111,,,,,,,,,,,,,0.111,,,,,,,,,,,,,,,,,,,,,0,2.0,0.028,81.2,3.0,75.43
1232,Low,RPath,1127,3.0,1.0,3.0,15.0,23.0,30.0,0.13043478260869565,Asphalt,66.8,2.0,1,66.595,0.011,0.011,0.0449101796407185,0.011,26,1,2.0,sidewalks,CON,1,0,0,1,0,0,1,0,0,0,0,0,1,2,2,0,0,0,0,0,0,0,0,0,0,0,0,2,0,0,0,1,0,0,0,0,0,0,0,0,0,0,0,0,0,0,0,0,0,0,0,0,0,0,0,0,0,1,0,0,0,0,0,0,0,0,0,0,0,0,0,0,0,1,2,0,0,0,0,0,0,0,0,3,1,1,1,0,0,0,0,0,0,0,0,0,5,0,0.045,,,,0.045,,,,,,,,,,,,,,,,,,,,,,,,,,,,,,0,2.0,0.011,66.8,3.0,66.595
1233,Low,RPath,1131,3.0,1.0,3.0,53.0,79.0,105.0,0.0379746835443038,Asphalt,206.8,2.0,1,206.505,0.045,0.045,0.0145067698259187,0.045,29,2,2.0,sidewalks,CON,1,2,0,0,0,0,0,0,0,0,0,0,1,2,2,0,0,0,0,0,0,0,0,0,0,0,0,2,0,0,0,0,0,0,0,0,0,0,0,0,0,0,0,0,0,0,0,0,0,0,0,0,0,0,0,0,0,1,0,0,0,0,0,0,0,0,0,1,0,0,0,0,0,1,2,0,0,0,0,0,0,0,0,3,1,1,1,0,0,0,0,0,0,0,0,0,5,3,0.051,,,,0.007,0.044,,,,,,,,,,,,,,,,,,,,,,,,,,,,,0,2.0,0.045,206.8,3.0,206.505
1234,Low,RPath,1217,3.0,1.0,3.0,149.0,224.0,298.0,0.013392857142857142,Asphalt,40.3,2.0,1,40.317,0.037,0.037,0.0744416873449131,0.037,25,1,2.0,sidewalks,HMAC,1,2,2,0,0,0,0,0,0,0,0,0,0,0,0,0,0,0,0,0,0,0,0,0,0,0,0,0,0,0,0,0,0,0,1,2,0,0,0,0,0,0,0,0,1,0,0,0,0,0,0,0,0,0,5,0,0,0,0,0,0,0,0,0,0,0,0,0,0,0,0,0,0,0,0,0,1,2,0,0,0,0,0,0,1,1,1,0,0,0,0,0,0,0,0,0,5,0,0.037,0.037,,,,,,,,,,,,,,,,,,,,,,,,,,,,,,,,,1,2.0,0.037,40.3,13.0,40.317
1235,Low,RPath,1248,3.0,1.0,3.0,59.0,89.0,118.0,0.033707865168539325,Asphalt,357.7,2.0,1,357.232,0.015,0.015,0.0083869164103997,0.015,19,1,2.0,sidewalks,CON,1,2,0,0,0,0,0,0,0,0,0,0,0,0,0,0,0,0,0,0,0,0,0,0,0,0,0,2,0,0,0,0,0,0,0,0,0,1,2,2,0,0,0,0,0,0,0,0,0,0,0,0,0,0,0,0,0,1,0,0,0,0,0,0,0,0,0,0,0,0,0,0,0,0,0,0,0,0,0,0,0,0,0,0,1,1,1,0,0,0,0,0,0,0,0,0,5,0,0.034,,,,0.025,0.008,,,,,,,,,,,,,,,,,,,,,,,,,,,,,0,2.0,0.015,357.7,3.0,357.232
1236,Low,RPath,1250,3.0,1.0,3.0,7.0,11.0,15.0,0.2727272727272727,Asphalt,55.0,2.0,1,52.433,0.027,0.027,0.0545454545454545,0.027,24,1,2.0,sidewalks,CON,1,0,0,0,0,0,0,0,0,0,0,0,1,0,0,0,0,0,1,0,0,0,0,0,0,0,3,0,0,0,0,0,0,0,1,0,0,0,0,0,0,0,0,0,1,0,0,0,0,0,1,0,0,0,0,0,3,1,0,0,0,0,0,0,0,0,0,0,0,0,0,0,0,0,0,0,1,0,0,1,0,0,0,0,1,1,1,0,0,0,0,0,0,1,0,0,5,0,0.027,,,,,0.027,,,,,,,,,,,,,,,,,,,,,,,,,,,,,0,2.0,0.027,55.0,3.0,52.433
1237,Low,RPath,1297,3.0,1.0,3.0,38.0,57.0,76.0,0.05263157894736842,Asphalt,50.7,2.0,1,44.755,0.015,0.015,0.059171597633136,0.015,25,1,2.0,sidewalks,CON,1,2,0,0,0,0,0,0,0,0,0,0,0,0,0,0,0,0,0,0,0,0,0,0,0,0,0,2,0,0,0,0,0,0,0,0,0,0,0,0,0,0,0,0,0,0,0,0,1,0,1,2,0,0,0,0,3,1,0,0,0,0,0,0,0,0,0,0,0,0,0,0,0,1,0,0,0,0,0,0,0,0,0,0,1,1,1,0,0,0,0,0,0,0,0,0,5,3,0.03,,,,,,,,,,,,,,,0.03,,,,,,,,,,,,,,,,,,,0,2.0,0.015,50.7,3.0,44.755
1238,Low,RPath,1300,3.0,1.0,3.0,22.0,34.0,45.0,0.08823529411764706,Asphalt,89.4,2.0,1,86.226,0.013,0.013,0.0335570469798657,0.013,27,1,2.0,sidewalks,CON,1,2,0,0,0,0,0,0,0,0,0,0,0,0,0,0,0,0,0,0,0,0,0,0,0,0,0,2,0,0,0,0,0,0,0,0,0,0,0,0,0,0,0,0,0,0,0,0,1,0,1,2,0,0,0,0,3,1,0,0,0,0,0,0,0,0,0,0,0,0,0,0,0,1,2,0,0,0,0,0,0,0,0,3,1,1,1,0,0,0,0,0,0,0,0,0,5,0,0.05,,,,0.05,,,,,,,,,,,,,,,,,,,,,,,,,,,,,,0,2.0,0.013,89.4,3.0,86.226
1239,Low,RPath,1303,3.0,1.0,3.0,52.0,78.0,104.0,0.038461538461538464,Asphalt,42.4,2.0,1,42.004,0.062,0.062,0.070754716981132,0.062,27,1,2.0,sidewalks,CON,1,2,0,0,0,0,0,0,0,0,0,0,0,0,0,0,0,0,0,0,0,0,0,0,0,0,0,2,0,0,0,0,0,0,0,0,0,0,0,0,0,0,0,0,0,0,0,0,1,0,1,2,0,0,0,0,3,1,0,0,0,0,0,0,0,0,0,0,0,0,0,0,0,1,2,0,0,0,0,0,0,0,0,3,1,1,1,0,0,0,0,0,0,0,0,0,5,0,0.106,,,,0.035,0.035,,,,,,,,,,0.035,,,,,,,,,,,,,,,,,,,0,2.0,0.062,42.4,3.0,42.004
1240,Low,RPath,1318,3.0,1.0,3.0,52.0,78.0,104.0,0.038461538461538464,Asphalt,92.1,2.0,1,90.623,0.016,0.016,0.0325732899022801,0.016,22,1,2.0,sidewalks,CON,0,0,0,0,0,0,0,0,0,0,0,0,0,0,0,0,0,0,0,0,0,0,0,0,0,0,0,2,0,0,0,0,0,0,0,0,0,1,2,0,0,0,0,0,0,0,0,0,0,0,1,2,2,0,0,0,3,1,0,0,0,0,0,0,0,0,0,0,0,0,0,0,0,0,0,0,0,0,0,0,0,0,0,0,1,1,1,0,0,0,0,0,0,0,0,0,5,0,0.049,,,,0.033,,,,,,,,,,,0.016,,,,,,,,,,,,,,,,,,,0,2.0,0.016,92.1,3.0,90.623
1241,Low,RPath,1319,3.0,1.0,3.0,23.0,34.0,45.0,0.08823529411764706,Asphalt,85.1,2.0,1,82.98,0.013,0.013,0.0352526439482961,0.013,23,1,2.0,sidewalks,CON,0,0,0,0,0,0,0,0,0,0,0,0,0,0,0,0,0,0,0,0,0,0,0,0,0,0,0,2,0,0,0,1,0,0,0,0,0,1,2,0,0,0,0,0,0,0,0,0,0,0,1,2,2,0,0,0,3,1,0,0,0,0,0,0,0,0,0,0,0,0,0,0,0,0,0,0,0,0,0,0,0,0,0,0,1,1,1,0,0,0,0,0,0,0,0,0,5,0,0.053,,,,0.053,,,,,,,,,,,,,,,,,,,,,,,,,,,,,,0,2.0,0.013,85.1,3.0,82.98
1242,Low,RPath,1328,3.0,1.0,3.0,38.0,57.0,75.0,0.05263157894736842,Asphalt,39.7,2.0,1,26.799,0.019,0.019,0.0755667506297229,0.019,27,1,2.0,sidewalks,CON,1,0,0,0,0,0,0,0,0,0,0,0,0,0,0,0,0,0,0,0,0,0,0,0,0,0,0,2,0,0,0,1,0,0,0,0,0,1,2,2,0,0,0,0,1,0,0,0,0,0,1,2,2,0,0,0,3,1,0,0,0,0,0,0,0,0,0,0,0,0,0,0,0,0,0,0,0,0,0,0,0,0,0,0,1,1,1,0,0,0,0,0,0,0,0,0,5,0,0.038,,,,,,,,,,,,,,,0.038,,,,,,,,,,,,,,,,,,,0,2.0,0.019,39.7,3.0,26.799
1243,Low,RPath,1329,3.0,1.0,3.0,15.0,23.0,30.0,0.13043478260869565,Asphalt,38.1,2.0,1,35.766,0.02,0.02,0.0787401574803149,0.02,26,1,2.0,sidewalks,CON,1,0,0,0,0,0,0,0,0,0,0,0,0,0,0,0,0,0,0,0,0,0,0,0,0,0,0,2,0,0,0,1,0,0,0,0,0,1,2,0,0,0,0,0,1,0,0,0,0,0,1,2,2,0,0,0,3,1,0,0,0,0,0,0,0,0,0,0,0,0,0,0,0,1,0,0,0,0,0,0,0,0,0,0,1,1,1,0,0,0,0,0,0,0,0,0,5,0,0.079,,,,0.079,,,,,,,,,,,,,,,,,,,,,,,,,,,,,,0,2.0,0.02,38.1,3.0,35.766
1244,Low,RPath,1558,3.0,1.0,3.0,75.0,113.0,150.0,0.02654867256637168,Asphalt,161.4,2.0,1,159.505,0.023,0.023,0.0185873605947955,0.023,29,2,2.0,sidewalks,CON,1,2,2,1,0,0,1,0,0,0,0,0,0,0,0,0,0,0,0,0,0,0,0,0,0,0,0,2,0,0,0,0,0,0,1,2,0,0,0,0,0,0,0,0,0,0,0,0,1,0,1,2,0,0,0,0,0,1,0,0,0,0,0,0,0,0,0,0,0,0,0,0,0,0,0,0,1,0,0,0,0,0,0,3,1,1,1,0,0,0,0,0,0,0,0,0,5,0,0.093,,,,0.093,,,,,,,,,,,,,,,,,,,,,,,,,,,,,,0,2.0,0.023,161.4,3.0,159.505
1245,Low,RPath,1559,3.0,1.0,3.0,45.0,67.0,90.0,0.04477611940298507,Asphalt,79.3,2.0,1,77.035,0.028,0.028,0.0378310214375788,0.028,28,2,2.0,sidewalks,CON,1,2,2,1,0,0,1,0,0,0,0,0,0,0,0,0,0,0,0,0,0,0,0,0,0,0,0,2,0,0,0,0,0,0,1,2,0,0,0,0,0,0,0,0,0,0,0,0,1,0,1,2,0,0,0,0,0,1,0,0,0,0,0,0,0,0,0,0,0,0,0,0,0,0,0,0,0,0,0,0,0,0,0,3,1,1,1,0,0,0,0,0,0,0,0,0,5,0,0.113,,,,0.113,,,,,,,,,,,,,,,,,,,,,,,,,,,,,,0,2.0,0.028,79.3,3.0,77.035
1246,Low,RPath,1565,3.0,1.0,3.0,37.0,56.0,75.0,0.05357142857142857,Asphalt,41.4,2.0,1,42.055,0.018,0.018,0.072463768115942,0.018,24,1,2.0,sidewalks,CON,1,2,0,0,0,0,0,0,0,0,0,0,0,0,0,0,0,0,0,0,0,0,0,0,0,0,0,2,0,0,0,0,0,0,0,0,0,0,0,0,0,0,0,0,0,0,0,0,0,0,1,0,0,0,0,0,3,1,0,0,0,0,0,0,0,0,0,0,0,0,0,0,0,1,2,2,0,0,0,0,0,0,0,3,1,1,1,0,0,0,0,0,0,0,0,0,0,3,0.036,,,,,,,,,,,,,,,0.036,,,,,,,,,,,,,,,,,,,0,2.0,0.018,41.4,3.0,42.055
1247,Low,RPath,1619,3.0,1.0,3.0,38.0,56.0,75.0,0.05357142857142857,Asphalt,101.4,2.0,1,99.792,0.018,0.018,0.029585798816568,0.018,16,1,2.0,sidewalks,CON,1,2,0,0,0,0,0,0,0,0,0,0,0,0,0,0,0,0,0,0,0,0,0,0,0,0,0,2,0,0,0,0,0,0,0,0,0,0,0,0,0,0,0,0,0,0,0,0,0,0,1,0,0,0,0,0,0,1,0,0,0,0,0,0,0,0,0,0,0,0,0,0,0,1,2,0,0,0,0,0,0,0,0,0,1,1,1,0,0,0,0,0,0,0,0,0,0,3,0.074,,,,0.074,,,,,,,,,,,,,,,,,,,,,,,,,,,,,,0,2.0,0.018,101.4,3.0,99.792
1248,Low,RPath,1620,3.0,1.0,3.0,38.0,57.0,76.0,0.05263157894736842,Asphalt,92.1,2.0,1,89.946,0.045,0.045,0.0325732899022801,0.045,19,1,2.0,sidewalks,CON,1,2,0,0,0,0,0,0,0,0,0,0,0,0,0,0,0,0,0,0,0,0,0,0,0,0,0,2,0,0,0,0,0,0,0,0,0,0,0,0,0,0,0,0,0,0,0,0,0,0,0,0,0,0,0,0,3,0,0,0,0,0,0,0,0,0,0,0,0,0,0,0,0,1,2,2,0,0,0,0,0,0,0,0,1,1,1,0,0,0,0,0,0,0,0,0,0,3,0.081,,,,0.049,0.033,,,,,,,,,,,,,,,,,,,,,,,,,,,,,0,2.0,0.045,92.1,3.0,89.946
1249,Low,RPath,1427,3.0,1.0,3.0,82.0,123.0,164.0,0.024390243902439025,Asphalt,59.3,2.0,1,59.316,0.063,0.063,0.0505902192242833,0.063,27,1,2.0,walkways,HMAC,1,2,2,0,0,0,0,0,0,0,0,0,1,0,0,0,0,0,0,0,0,0,0,0,0,0,0,2,0,0,0,0,0,0,0,0,0,0,0,0,0,0,0,0,0,0,0,0,1,0,1,2,2,0,0,0,0,1,0,0,0,0,0,0,0,0,0,0,0,0,0,0,0,1,2,0,0,0,0,0,0,0,0,3,0,1,0,0,0,0,0,0,0,0,0,0,5,0,0.177,,,,0.152,,,,,,,,0.025,,,,,,,,,,,,,,,,,,,,,,0,2.0,0.063,59.3,3.0,59.316
1250,Low,RPath,1523,3.0,1.0,3.0,530.0,795.0,1060.0,0.0037735849056603774,Asphalt,119.1,2.0,1,119.089,0.063,0.063,0.0251889168765743,0.063,21,1,2.0,walkways,SS,1,2,0,1,2,0,1,2,0,0,0,0,0,0,0,0,0,0,0,0,0,0,0,0,0,0,0,2,0,0,0,0,0,0,1,0,0,0,0,0,0,0,0,0,0,0,0,0,0,0,0,0,0,0,0,0,0,1,0,0,0,0,0,0,0,0,0,0,0,0,0,0,0,0,0,0,0,0,0,0,0,0,0,0,1,1,1,0,0,0,0,0,0,0,0,0,5,0,0.063,,,,,,,,,,,,,,,,,,,0.013,,,,,,0.038,,,0.013,,,,,,0,2.0,0.063,119.1,3.0,119.089
1251,Low,RPath,1533,3.0,1.0,3.0,75.0,112.0,149.0,0.026785714285714284,Asphalt,41.5,2.0,1,41.539,0.072,0.072,0.072289156626506,0.072,25,1,2.0,walkways,HMAC,1,2,2,0,0,0,0,0,0,0,0,0,0,0,0,0,0,0,0,0,0,0,0,0,0,0,0,2,0,0,0,0,0,0,0,0,0,0,0,0,0,0,0,0,0,0,0,0,0,0,1,2,0,0,0,0,0,1,0,0,0,0,0,0,0,0,0,0,0,0,0,0,0,1,2,0,0,0,0,0,0,0,0,3,1,1,1,0,0,0,0,0,0,0,0,0,5,0,0.072,,,,,,,,,,,,,,,,,,,,,0.072,,,,,,,,,,,,,0,2.0,0.072,41.5,3.0,41.539
1252,Low,RPath,1534,3.0,1.0,3.0,386.0,580.0,773.0,0.005172413793103448,Asphalt,109.0,2.0,1,108.999,0.1,0.1,0.0275229357798165,0.1,29,2,2.0,walkways,HMAC,1,2,2,0,0,0,0,0,0,0,0,0,0,0,0,0,0,0,0,0,0,0,0,0,0,0,0,2,0,0,0,0,0,0,0,0,0,0,0,0,0,0,0,0,0,0,0,0,1,0,1,2,0,0,0,0,0,1,0,0,0,0,0,0,0,0,0,0,0,0,0,0,0,1,2,0,0,0,0,0,0,0,0,3,1,1,1,0,0,0,0,0,0,0,0,0,5,3,0.11,,,0.014,0.014,,,,,,,,0.014,,,,,,0.014,,,0.055,,,,,,,,,,,,,0,2.0,0.1,109.0,3.0,108.999
1253,Low,RPath,46,2.0,2.0,1.0,292.0,439.0,585.0,0.004555808656036446,Asphalt,169.0,4.0,2,169.366,0.306,0.612,0.0118343195266272,0.306,42,2,8.0,sidewalks,HMAC,1,2,2,1,0,0,1,0,0,0,0,0,1,2,0,1,2,0,0,0,0,0,0,0,0,0,0,2,0,0,0,1,2,0,1,2,0,0,0,0,0,0,0,0,0,0,0,0,0,0,1,2,0,0,0,0,0,1,0,0,0,0,0,0,0,0,0,1,0,0,0,0,0,1,0,0,1,0,0,0,0,0,5,3,1,0,0,0,0,0,0,0,0,0,0,0,5,0,0.346,,,,0.053,0.293,,,,,,,,,,,,,,,,,,,,,,,,,,,,,0,4.0,0.306,169.0,2.0,169.366
1254,Low,RPath,48,2.0,2.0,1.0,749.0,1123.0,1498.0,0.0017809439002671415,Asphalt,293.1,4.0,2,293.121,0.487,0.974,0.0068236096895257,0.487,42,2,8.0,sidewalks,HMAC,1,0,0,0,0,0,0,0,0,0,0,0,1,2,2,0,0,0,1,2,2,0,0,0,0,0,3,0,0,0,0,1,0,0,1,0,0,0,0,0,0,0,0,0,1,0,0,0,1,0,1,2,0,0,0,0,3,1,0,0,0,0,0,0,0,0,0,0,0,0,0,0,0,1,2,0,1,2,2,1,0,0,0,0,1,1,1,0,0,0,0,0,0,0,0,0,5,0,0.491,,,,,0.486,,,,,,0.005,,,,,,,,,,,,,,,,,,,,,,,0,4.0,0.487,293.1,2.0,293.121
1255,Low,RPath,63,2.0,2.0,1.0,301.0,452.0,602.0,0.004424778761061947,Asphalt,154.0,4.0,2,153.973,0.265,0.53,0.0129870129870129,0.265,45,2,8.0,sidewalks,HMAC,1,2,0,1,0,0,0,0,0,0,0,0,1,2,0,0,0,0,0,0,0,0,0,0,0,0,0,2,0,0,0,0,0,0,1,2,0,0,0,0,0,0,0,5,1,0,0,0,0,0,1,2,0,0,0,0,0,1,0,0,0,0,0,0,1,0,0,1,2,0,1,2,0,0,0,0,1,2,0,0,0,0,5,3,0,0,0,0,0,0,0,0,0,0,0,0,5,0,0.351,,,,0.107,0.234,,,,,,,,,,0.01,,,,,,,,,,,,,,,,,,,0,4.0,0.265,154.0,2.0,153.973
1256,Low,RPath,111,2.0,2.0,1.0,216.0,324.0,433.0,0.006172839506172839,Asphalt,97.0,4.0,2,99.915,0.286,0.572,0.0206185567010309,0.286,41,2,8.0,sidewalks,HMAC,1,2,0,0,0,0,0,0,0,0,0,0,1,2,0,1,2,0,0,0,0,0,0,0,0,0,3,0,1,2,0,0,0,0,1,0,0,0,0,0,0,0,0,0,1,2,0,0,0,0,1,0,0,0,0,0,0,1,0,0,0,0,0,0,1,2,2,0,0,0,0,0,0,1,0,0,1,2,0,0,0,0,0,0,1,1,1,1,2,0,0,0,0,0,0,0,5,0,0.387,,,,0.124,0.247,,,,,,,,,,,,0.015,,,,,,,,,,,,,,,,,0,4.0,0.286,97.0,2.0,99.915
1257,Low,RPath,172,2.0,2.0,1.0,233.0,349.0,465.0,0.0057306590257879654,Asphalt,96.3,4.0,2,96.314,0.261,0.522,0.0207684319833852,0.261,35,2,8.0,sidewalks,HMAC,1,2,2,0,0,0,0,0,0,0,0,0,1,2,2,0,0,0,0,0,0,0,0,0,0,0,3,0,1,0,0,0,0,0,0,0,0,0,0,0,0,0,0,0,0,0,0,0,0,0,1,2,0,0,0,0,0,1,0,0,0,0,0,0,1,2,0,0,0,0,0,0,0,0,0,0,1,0,0,0,0,0,0,0,1,1,1,1,2,2,0,0,0,0,0,0,5,0,0.483,,,,0.296,0.187,,,,,,,,,,,,,,,,,,,,,,,,,,,,,0,4.0,0.261,96.3,2.0,96.314
1258,Low,RPath,264,2.0,2.0,1.0,360.0,540.0,720.0,0.003703703703703704,Asphalt,98.8,4.0,2,98.493,0.25,0.5,0.020242914979757,0.25,43,2,8.0,sidewalks,HMAC,1,2,0,0,0,0,0,0,0,0,0,0,1,2,2,1,0,0,0,0,0,0,0,0,0,0,3,0,1,2,0,0,0,0,0,0,0,0,0,0,0,0,0,0,1,2,0,0,0,0,1,2,0,0,0,0,0,1,1,0,0,0,0,0,1,2,0,0,0,0,0,0,0,0,0,0,1,2,0,1,0,0,0,0,1,1,1,1,2,2,0,0,0,0,0,0,5,0,0.486,,,,0.303,0.121,,,,,,,,,,0.015,0.046,,,,,,,,,,,,,,,,,,0,4.0,0.25,98.8,2.0,98.493
1259,Low,RPath,332,2.0,2.0,1.0,135.0,202.0,270.0,0.009900990099009901,Asphalt,60.1,4.0,2,60.101,0.349,0.698,0.0332778702163061,0.349,46,3,8.0,sidewalks,HMAC,1,2,2,1,2,0,0,0,0,0,0,0,1,2,2,0,0,0,0,0,0,0,0,0,0,5,0,2,0,0,0,0,0,0,1,0,0,0,0,0,0,0,0,0,0,0,0,0,1,1,1,2,2,5,0,0,3,1,0,0,0,0,0,0,0,0,0,0,0,0,0,0,0,0,0,0,1,0,0,0,0,0,0,0,1,1,1,0,0,0,0,0,0,0,0,0,5,0,0.349,,,,,0.324,,,,,,,,,,,,,0.025,,,,,,,,,,,,,,,,0,4.0,0.349,60.1,2.0,60.101
1260,Low,RPath,336,2.0,2.0,1.0,217.0,326.0,434.0,0.006134969325153374,Asphalt,74.6,4.0,2,74.571,0.392,0.784,0.0268096514745308,0.392,48,3,8.0,sidewalks,HMAC,1,2,2,1,2,0,1,0,0,0,0,0,1,2,2,0,0,0,0,0,0,0,0,0,0,5,0,2,0,0,0,0,0,0,1,2,0,0,0,0,0,0,0,0,0,0,0,0,1,1,1,2,2,5,0,0,3,1,0,0,0,0,0,0,0,0,0,0,0,0,0,0,0,0,0,0,0,0,0,0,0,0,0,0,1,1,1,0,0,0,0,0,0,0,0,0,5,0,0.422,,,,,0.382,,,,0.04,,,,,,,,,,,,,,,,,,,,,,,,,0,4.0,0.392,74.6,2.0,74.571
1261,Low,RPath,393,2.0,2.0,1.0,405.0,608.0,810.0,0.003289473684210526,Asphalt,150.6,4.0,2,150.563,0.334,0.668,0.0132802124833997,0.334,43,2,8.0,sidewalks,HMAC,1,2,0,0,0,0,0,0,0,0,0,0,1,2,2,0,0,0,0,0,0,0,0,0,0,0,0,2,0,0,0,0,0,0,1,2,0,0,0,0,0,0,0,5,1,0,0,0,0,0,1,2,0,0,0,0,0,1,0,0,0,0,0,0,1,0,0,1,0,0,1,0,0,1,0,0,1,2,0,0,0,0,5,3,0,0,0,0,0,0,0,0,0,0,0,0,5,0,0.458,,,,0.159,0.279,,,,,,,,,,0.01,,,0.01,,,,,,,,,,,,,,,,0,4.0,0.334,150.6,2.0,150.563
1262,Low,RPath,913,2.0,2.0,1.0,584.0,876.0,1168.0,0.00228310502283105,Asphalt,223.7,4.0,2,224.319,0.352,0.704,0.0089405453732677,0.352,42,2,8.0,sidewalks,HMAC,1,2,2,0,0,0,0,0,0,0,0,0,1,0,0,1,0,0,0,0,0,0,0,0,0,5,0,2,0,0,0,0,0,0,1,2,2,0,0,0,0,0,0,0,0,0,0,0,0,0,1,2,2,5,5,0,0,1,0,0,0,0,0,0,0,0,0,0,0,0,0,0,0,0,0,0,1,0,0,0,0,0,0,0,1,0,0,0,0,0,0,0,0,0,0,0,5,0,0.362,,,,,0.322,,,,,,,,,,0.013,0.02,0.007,,,,,,,,,,,,,,,,,0,4.0,0.352,223.7,2.0,224.319
1263,Low,RPath,1029,2.0,2.0,1.0,22.0,34.0,45.0,0.058823529411764705,Asphalt,11.3,4.0,2,9.601,0.398,0.796,0.1769911504424778,0.398,47,3,8.0,sidewalks,CON,1,2,2,1,2,0,1,2,0,0,0,0,0,0,0,0,0,0,0,0,0,0,0,0,0,0,0,2,0,0,0,0,0,0,1,2,0,0,0,0,1,0,0,0,1,0,0,0,1,1,1,2,2,5,5,0,0,1,0,0,0,0,0,0,0,0,0,0,0,0,0,0,0,1,2,0,0,0,0,0,0,0,0,0,1,1,1,0,0,0,0,0,0,0,0,0,5,0,0.398,,,,,0.398,,,,,,,,,,,,,,,,,,,,,,,,,,,,,1,4.0,0.398,11.3,12.0,9.601
1264,Low,RPath,1281,2.0,2.0,1.0,707.0,1061.0,1415.0,0.001885014137606032,Asphalt,49.8,4.0,2,45.183,0.279,0.558,0.0401606425702811,0.279,32,2,8.0,sidewalks,CON,1,2,0,0,0,0,0,0,0,1,2,0,0,0,0,0,0,0,0,0,0,0,0,0,0,0,0,0,0,0,0,1,2,0,1,2,0,0,0,0,1,2,2,0,1,0,0,0,1,0,1,2,2,0,0,0,0,0,0,0,0,0,0,0,0,0,0,0,0,0,0,0,0,0,0,0,0,0,0,0,0,0,0,0,1,1,1,0,0,0,0,0,0,0,0,0,5,0,0.301,0.121,,,,0.121,,,,,,,,0.03,,,0.03,,,,,,,,,,,,,,,,,,0,4.0,0.279,49.8,2.0,45.183
1265,Low,RPath,485,2.0,2.0,1.0,263.0,394.0,525.0,0.005076142131979695,Asphalt,184.3,4.0,2,78.03,0.285,0.57,0.010851871947911,0.285,42,2,8.0,sidewalks,HMAC,0,0,0,0,0,0,0,0,0,0,0,0,1,2,2,0,0,0,1,2,2,0,0,0,0,0,3,0,0,0,0,1,0,0,0,0,0,0,0,0,0,0,0,0,1,0,0,0,1,1,1,2,2,0,0,0,3,1,0,0,0,0,0,0,0,0,0,0,0,0,0,0,0,1,2,0,1,2,2,0,0,0,0,0,1,1,1,0,0,0,0,0,0,0,0,0,5,0,0.285,,,,,0.285,,,,,,,,,,,,,,,,,,,,,,,,,,,,,0,4.0,0.285,184.3,2.0,78.03
1266,Low,RPath,1362,2.0,2.0,1.0,120.0,180.0,240.0,0.011111111111111112,Asphalt,71.7,4.0,2,71.674,0.251,0.502,0.0278940027894002,0.251,44,2,8.0,walkways,HMAC,1,2,2,1,2,0,1,2,0,0,0,0,1,2,0,1,2,0,0,0,0,1,2,0,0,0,0,2,0,0,0,1,0,0,1,2,2,0,0,0,0,0,0,0,0,0,0,0,0,0,1,2,0,0,0,0,0,1,0,0,0,0,0,0,0,0,0,0,0,0,0,0,0,1,0,0,1,2,0,0,0,0,0,0,1,1,1,0,0,0,0,0,0,0,0,0,5,0,0.251,,,,,0.23,,,,,,,,,,,,,0.021,,,,,,,,,,,,,,,,0,4.0,0.251,71.7,2.0,71.674
1267,Low,RPath,1365,2.0,2.0,1.0,240.0,360.0,480.0,0.005555555555555556,Asphalt,83.3,4.0,2,83.275,0.432,0.864,0.0240096038415366,0.432,43,2,8.0,walkways,HMAC,1,2,2,1,2,2,1,2,0,0,0,0,1,2,0,0,0,0,0,0,0,0,0,0,0,0,0,2,0,0,0,1,0,0,1,0,0,0,0,0,0,0,0,0,1,0,0,0,0,0,1,2,0,0,0,0,0,1,0,0,0,0,0,0,1,0,0,0,0,0,0,0,0,1,2,0,1,2,0,0,0,0,0,3,1,1,1,0,0,0,0,0,0,0,0,0,5,0,0.432,,,,,0.396,,,,,,,0.018,,,,,,0.018,,,,,,,,,,,,,,,,0,4.0,0.432,83.3,2.0,83.275
1268,Low,RPath,1371,2.0,2.0,1.0,688.0,1032.0,1376.0,0.001937984496124031,Asphalt,38.6,4.0,2,38.085,0.272,0.544,0.0518134715025906,0.272,47,3,8.0,walkways,HMAC,1,2,0,1,0,0,0,0,0,0,0,0,1,2,0,0,0,0,0,0,0,0,0,0,0,0,0,2,0,0,0,0,0,0,1,2,2,0,0,0,0,0,0,0,0,0,0,0,0,0,1,2,2,0,0,4,0,1,0,0,0,0,0,0,0,0,0,0,0,0,0,0,0,1,2,2,1,2,2,0,0,0,5,3,0,0,0,0,0,0,0,0,0,0,0,0,5,0,0.621,,,0.155,0.466,,,,,,,,,,,,,,,,,,,,,,,,,,,,,,0,4.0,0.272,38.6,2.0,38.085
1269,Low,RPath,1467,2.0,2.0,1.0,2029.0,3044.0,4058.0,0.000657030223390276,Asphalt,83.2,4.0,2,83.159,0.289,0.578,0.0240384615384615,0.289,38,2,8.0,walkways,HMAC,1,2,2,1,2,0,1,2,0,0,0,0,1,0,0,0,0,0,0,0,0,0,0,0,0,0,0,2,0,0,0,0,0,0,0,0,0,0,0,0,0,0,0,0,0,0,0,0,1,0,1,2,0,0,0,0,0,1,0,0,0,0,0,0,0,0,0,0,0,0,0,0,0,1,2,2,1,2,0,0,0,0,0,3,1,1,1,0,0,0,0,0,0,0,0,0,5,0,0.289,0.108,0.126,,,0.018,,,,,,,0.018,,,,,,0.018,,,,,,,,,,,,,,,,0,4.0,0.289,83.2,2.0,83.159
1270,Low,RPath,1470,2.0,2.0,1.0,1823.0,2734.0,3645.0,0.000731528895391368,Asphalt,74.7,4.0,2,74.694,0.301,0.602,0.0267737617135207,0.301,35,2,8.0,walkways,HMAC,1,2,2,1,0,0,1,0,0,0,0,0,0,0,0,0,0,0,0,0,0,0,0,0,0,5,0,2,0,0,0,0,0,0,0,0,0,0,0,0,0,0,0,0,0,0,0,0,1,0,1,2,0,0,0,0,0,1,0,0,0,0,0,0,0,0,0,0,0,0,0,0,0,1,2,2,0,0,0,0,0,0,5,0,1,0,0,0,0,0,0,0,0,0,0,0,5,0,0.301,,,0.241,,0.06,,,,,,,,,,,,,,,,,,,,,,,,,,,,,0,4.0,0.301,74.7,2.0,74.694
1271,Low,RPath,1479,2.0,2.0,1.0,791.0,1186.0,1581.0,0.0016863406408094434,Asphalt,72.2,4.0,2,72.193,0.312,0.624,0.0277008310249307,0.312,35,2,8.0,walkways,SS,1,2,2,1,0,0,1,0,0,0,0,0,1,2,0,0,0,0,0,0,0,0,0,0,0,5,0,2,0,0,0,0,0,0,0,0,0,0,0,0,0,0,0,0,0,0,0,0,1,0,1,2,2,0,0,0,0,1,0,0,0,0,0,0,0,0,0,0,0,0,0,0,0,1,0,0,1,0,0,0,0,0,0,3,0,0,0,1,0,0,0,0,0,0,0,0,5,0,0.312,,,,,,,,,,,,,,,,,,,,,,,,,0.042,,,0.27,,,,,,0,4.0,0.312,72.2,2.0,72.193
1272,Low,RPath,1490,2.0,2.0,1.0,524.0,786.0,1048.0,0.002544529262086514,Asphalt,75.7,4.0,2,75.723,0.277,0.554,0.0264200792602377,0.277,41,2,8.0,walkways,SS,1,2,2,1,0,0,1,0,0,1,2,0,1,2,0,0,0,0,0,0,0,0,0,0,0,0,0,2,0,0,0,0,0,0,1,0,0,0,0,0,0,0,0,0,1,0,0,0,1,0,1,2,0,0,0,0,0,1,0,0,0,0,0,0,0,0,0,0,0,0,0,0,0,1,2,2,0,0,0,0,0,0,5,3,0,1,0,0,0,0,0,0,0,0,0,0,5,0,0.277,,,,,,,,,,,,,,,,,,,,,,,,,,,,0.277,,,,,,0,4.0,0.277,75.7,2.0,75.723
1273,Low,RPath,1500,2.0,2.0,1.0,188.0,282.0,376.0,0.0070921985815602835,Asphalt,76.0,4.0,2,75.962,0.415,0.83,0.0263157894736842,0.415,34,2,8.0,walkways,HMAC,1,2,0,1,0,0,0,0,0,0,0,0,1,2,2,0,0,0,0,0,0,0,0,0,0,0,0,2,0,0,0,0,0,0,1,2,2,0,0,0,0,0,0,0,0,0,0,0,0,0,0,0,0,0,0,0,0,1,0,0,0,0,0,0,0,0,0,0,0,0,0,0,0,1,2,2,1,0,0,0,0,0,0,3,1,1,1,0,0,0,0,0,0,0,0,0,5,0,0.415,,,,,0.395,,,,,,,,,,,0.02,,,,,,,,,,,,,,,,,,0,4.0,0.415,76.0,2.0,75.962
1274,Low,RPath,1509,2.0,2.0,1.0,526.0,789.0,1052.0,0.0025348542458808617,Asphalt,39.1,4.0,2,39.122,0.307,0.614,0.0511508951406649,0.307,38,2,8.0,walkways,HMAC,1,2,2,1,2,2,0,0,0,0,0,0,1,2,2,0,0,0,0,0,0,0,0,0,0,5,0,2,0,0,0,0,0,0,1,0,0,0,0,0,0,0,0,0,0,0,0,0,0,0,1,2,0,0,0,0,0,1,0,0,0,0,0,0,0,0,0,0,0,0,0,0,0,1,0,0,1,0,0,0,0,0,0,3,1,0,0,0,0,0,0,0,0,0,0,0,5,0,0.307,,,0.077,,,,,0.23,,,,,,,,,,,,,,,,,,,,,,,,,,0,4.0,0.307,39.1,2.0,39.122
1275,Low,RPath,107,2.0,1.0,2.0,218.0,326.0,435.0,0.006134969325153374,Asphalt,100.0,3.0,1,99.954,0.236,0.236,0.02,0.236,28,2,3.0,sidewalks,HMAC,1,2,0,0,0,0,0,0,0,0,0,0,1,2,0,1,0,0,0,0,0,0,0,0,0,0,3,0,0,0,0,0,0,0,0,0,0,0,0,0,0,0,0,0,0,0,0,0,0,0,1,2,0,0,0,0,0,1,0,0,0,0,0,0,1,2,0,0,0,0,0,0,0,0,0,0,0,0,0,0,0,0,0,0,1,1,1,1,2,0,0,0,0,0,0,0,5,0,0.315,,,,0.105,0.18,,,0.03,,,,,,,,,,,,,,,,,,,,,,,,,,0,3.0,0.236,100.0,2.0,99.954
1276,Low,RPath,110,2.0,1.0,2.0,254.0,382.0,509.0,0.005235602094240838,Asphalt,99.6,3.0,1,99.548,0.102,0.102,0.0200803212851405,0.102,23,1,3.0,sidewalks,HMAC,1,2,0,0,0,0,0,0,0,0,0,0,1,0,0,0,0,0,0,0,0,0,0,0,0,0,3,0,0,0,0,0,0,0,0,0,0,0,0,0,0,0,0,0,0,0,0,0,0,0,1,0,0,0,0,0,0,1,0,0,0,0,0,0,1,0,0,0,0,0,0,0,0,0,0,0,0,0,0,0,0,0,0,0,1,1,1,1,2,2,0,0,0,0,0,0,5,0,0.331,,,,0.286,,,,,,,,,,,0.015,0.015,0.015,,,,,,,,,,,,,,,,,0,3.0,0.102,99.6,2.0,99.548
1277,Low,RPath,174,2.0,1.0,2.0,224.0,336.0,448.0,0.005952380952380952,Asphalt,97.0,3.0,1,97.045,0.128,0.128,0.0206185567010309,0.128,27,1,3.0,sidewalks,HMAC,1,2,2,0,0,0,0,0,0,0,0,0,1,2,0,0,0,0,0,0,0,0,0,0,0,0,3,0,0,0,0,0,0,0,0,0,0,0,0,0,0,0,0,0,0,0,0,0,0,0,1,2,0,0,0,0,0,1,0,0,0,0,0,0,1,0,0,0,0,0,0,0,0,0,0,0,0,0,0,0,0,0,0,0,1,1,1,1,2,0,0,0,0,0,0,0,5,0,0.278,,,,0.201,0.031,0.046,,,,,,,,,,,,,,,,,,,,,,,,,,,,0,3.0,0.128,97.0,2.0,97.045
1278,Low,RPath,175,2.0,1.0,2.0,209.0,314.0,418.0,0.006369426751592357,Asphalt,93.0,3.0,1,91.374,0.125,0.125,0.021505376344086,0.125,27,1,3.0,sidewalks,HMAC,1,2,2,0,0,0,0,0,0,0,0,0,1,2,0,0,0,0,0,0,0,0,0,0,0,0,3,0,0,0,0,0,0,0,0,0,0,0,0,0,0,0,0,0,0,0,0,0,0,0,1,2,0,0,0,0,0,1,0,0,0,0,0,0,1,0,0,0,0,0,0,0,0,0,0,0,0,0,0,0,0,0,0,0,1,1,1,1,2,0,0,0,0,0,0,0,5,0,0.323,,,,0.242,0.048,,,,,,,,,,,,0.032,,,,,,,,,,,,,,,,,0,3.0,0.125,93.0,2.0,91.374
1279,Low,RPath,1117,2.0,1.0,2.0,60.0,90.0,120.0,0.022222222222222223,Asphalt,39.3,3.0,1,36.603,0.248,0.248,0.0508905852417302,0.248,28,2,3.0,sidewalks,CON,1,2,2,1,0,0,1,0,0,0,0,0,0,0,0,0,0,0,0,0,0,0,0,0,0,0,0,2,0,0,0,0,0,0,1,2,0,0,0,0,1,0,0,0,1,0,0,0,1,0,1,2,0,0,0,0,0,1,0,0,0,0,0,0,0,0,0,0,0,0,0,0,0,1,0,0,0,0,0,0,0,0,0,0,1,1,1,0,0,0,0,0,0,0,0,0,5,0,0.305,,,,0.076,0.229,,,,,,,,,,,,,,,,,,,,,,,,,,,,,0,3.0,0.248,39.3,2.0,36.603
1280,Low,RPath,1299,2.0,1.0,2.0,45.0,67.0,90.0,0.029850746268656716,Asphalt,61.5,3.0,1,57.567,0.128,0.128,0.032520325203252,0.128,28,2,3.0,sidewalks,CON,1,2,2,0,0,0,0,0,0,0,0,0,0,0,0,0,0,0,0,0,0,0,0,0,0,0,0,2,0,0,0,0,0,0,1,0,0,0,0,0,0,0,0,0,1,0,0,0,0,0,1,2,0,0,0,0,0,1,0,0,0,0,0,0,0,0,0,0,0,0,0,0,0,1,0,0,0,0,0,0,0,0,0,3,1,1,1,0,0,0,0,0,0,0,0,0,5,3,0.146,,,,0.024,0.122,,,,,,,,,,,,,,,,,,,,,,,,,,,,,0,3.0,0.128,61.5,2.0,57.567
1281,Low,RPath,1430,2.0,1.0,2.0,603.0,904.0,1206.0,0.0022123893805309734,Asphalt,79.6,3.0,1,79.553,0.132,0.132,0.0251256281407035,0.132,22,1,3.0,walkways,SS,1,2,2,0,0,0,0,0,0,0,0,0,1,0,0,0,0,0,0,0,0,0,0,0,0,0,0,2,0,0,0,0,0,0,0,0,0,0,0,0,0,0,0,0,0,0,0,0,0,0,0,0,0,0,0,0,0,1,0,0,0,0,0,0,0,0,0,0,0,0,0,0,0,1,2,0,0,0,0,0,0,0,0,3,1,1,0,0,0,0,0,0,0,0,0,0,5,0,0.132,,,,,,,,,,,,,,,,,,,,,0.075,0.057,,,,,,,,,,,,0,3.0,0.132,79.6,2.0,79.553
1282,Low,RPath,1518,2.0,1.0,2.0,374.0,561.0,747.0,0.0035650623885918,Asphalt,99.0,3.0,1,98.987,0.144,0.144,0.0202020202020202,0.144,29,2,3.0,walkways,SS,1,2,0,1,0,0,1,0,0,0,0,0,1,0,0,0,0,0,0,0,0,0,0,0,0,0,0,2,0,0,0,0,0,0,0,0,0,0,0,0,0,0,0,0,0,0,0,0,0,0,1,2,0,0,0,0,0,1,0,0,0,0,0,0,0,0,0,0,0,0,0,0,0,1,2,2,1,2,0,0,0,0,0,3,1,0,0,0,0,0,0,0,0,0,0,0,5,0,0.152,,,,,,,,,,,,,,,,,,,,,0.015,,0.015,,,,,0.121,,,,,,0,3.0,0.144,99.0,2.0,98.987
1283,Low,RPath,1524,2.0,1.0,2.0,1307.0,1961.0,2614.0,0.0010198878123406426,Asphalt,113.9,3.0,1,113.909,0.145,0.145,0.0175592625109745,0.145,29,2,3.0,walkways,SS,1,2,2,1,2,0,1,2,0,0,0,0,0,0,0,0,0,0,0,0,0,0,0,0,0,0,0,2,0,0,0,0,0,0,1,0,0,0,0,0,0,0,0,0,0,0,0,0,0,0,0,0,0,0,0,0,3,1,0,0,0,0,0,0,0,0,0,0,0,0,0,0,0,0,0,0,0,0,0,0,0,0,0,3,1,1,1,0,0,0,0,0,0,0,0,0,5,0,0.145,,,,,,,,,,,,,,,,,,,0.026,,,,,,,,0.105,0.013,,,,,,0,3.0,0.145,113.9,2.0,113.909
1284,Low,RPath,1532,2.0,1.0,2.0,1129.0,1694.0,2258.0,0.0011806375442739079,Asphalt,101.5,3.0,1,101.464,0.177,0.177,0.0197044334975369,0.177,29,2,3.0,walkways,SS,1,2,2,1,0,0,1,0,0,0,0,0,1,2,0,0,0,0,0,0,0,0,0,0,0,5,0,2,0,0,0,1,0,0,0,0,0,0,0,0,0,0,0,0,0,0,0,0,0,0,1,0,0,0,0,0,0,1,0,0,0,0,0,0,0,0,0,0,0,0,0,0,0,0,0,0,0,0,0,0,0,0,0,3,1,0,0,0,0,0,0,0,0,0,0,0,5,0,0.177,,,,,,,,,,,,,,,,,,,,,,,,,,,0.089,0.089,,,,,,0,3.0,0.177,101.5,2.0,101.464
1285,Low,RPath,109,1.0,1.0,1.0,551.0,826.0,1102.0,0.0012106537530266344,Asphalt,98.8,4.0,1,98.799,0.292,0.292,0.0101214574898785,0.292,28,2,4.0,sidewalks,HMAC,1,2,0,0,0,0,0,0,0,0,0,0,1,2,0,1,0,0,0,0,0,0,0,0,0,0,3,0,0,0,0,0,0,0,0,0,0,0,0,0,0,0,0,0,0,0,0,0,0,0,1,0,0,0,0,0,0,1,0,0,0,0,0,0,1,2,0,0,0,0,0,0,0,0,0,0,0,0,0,0,0,0,0,0,1,1,1,1,2,2,0,0,0,0,0,0,5,0,0.486,,,0.03,0.258,0.182,,,,,,,,,,,,,0.015,,,,,,,,,,,,,,,,0,4.0,0.292,98.8,1.0,98.799
1286,Low,RPath,118,1.0,1.0,1.0,240.0,360.0,480.0,0.002777777777777778,Asphalt,97.1,4.0,1,97.098,0.309,0.309,0.0102986611740473,0.309,24,1,4.0,sidewalks,HMAC,1,2,2,0,0,0,0,0,0,0,0,0,1,0,0,0,0,0,0,0,0,0,0,0,0,0,3,0,0,0,0,0,0,0,0,0,0,0,0,0,0,0,0,0,0,0,0,0,0,0,1,2,0,0,0,0,0,1,0,0,0,0,0,0,0,0,0,0,0,0,0,0,0,0,0,0,0,0,0,0,0,0,0,0,1,1,1,1,2,0,0,0,0,0,0,0,5,0,0.494,,,,0.247,0.247,,,,,,,,,,,,,,,,,,,,,,,,,,,,,0,4.0,0.309,97.1,1.0,97.098
1287,Low,RPath,424,1.0,1.0,1.0,308.0,462.0,615.0,0.0021645021645021645,Asphalt,100.4,4.0,1,98.623,0.258,0.258,0.0099601593625498,0.258,26,1,4.0,sidewalks,HMAC,1,2,2,0,0,0,0,0,0,0,0,0,1,0,0,1,0,0,0,0,0,0,0,0,0,0,3,0,0,0,0,0,0,0,0,0,0,0,0,0,0,0,0,0,0,0,0,0,0,0,1,0,0,0,0,0,0,1,0,0,0,0,0,0,1,0,0,0,0,0,0,0,0,0,0,0,0,0,0,0,0,0,0,0,1,1,1,1,2,2,0,0,0,0,0,0,5,0,0.493,,,,0.314,0.149,,,,,,,0.03,,,,,,,,,,,,,,,,,,,,,,0,4.0,0.258,100.4,1.0,98.623
1288,Low,RPath,1530,1.0,1.0,1.0,1798.0,2697.0,3596.0,0.0003707823507601038,Asphalt,143.0,4.0,1,143.034,0.44,0.44,0.0069930069930069,0.44,26,1,4.0,walkways,HMAC,1,2,2,0,0,0,0,0,0,0,0,0,0,0,0,0,0,0,0,0,0,0,0,0,0,0,0,2,0,0,0,0,0,0,0,0,0,0,0,0,0,0,0,0,0,0,0,0,0,0,1,2,0,0,0,0,0,1,0,0,0,0,0,0,0,0,0,0,0,0,0,0,0,1,0,0,0,0,0,0,0,0,0,3,1,1,1,0,0,0,0,0,0,0,0,0,5,3,0.44,,,,,,,,,,,,,,,,,,,,,,0.021,,,,,,0.419,,,,,,0,4.0,0.44,143.0,1.0,143.034
1289,Very Low,RPath,321,0.0,5.0,0.0,893.0,1339.0,1786.0,0.0,Asphalt,197.3,5.0,5,196.895,0.905,4.525,0.0,0.905,92,5,25.0,sidewalks,HMAC,1,2,2,1,2,0,1,0,0,0,0,0,1,2,2,1,2,2,0,0,0,1,0,0,0,5,0,0,0,0,0,1,2,0,1,2,2,0,0,0,1,0,0,0,1,2,2,0,0,0,1,2,2,5,5,4,0,1,0,0,0,1,2,0,1,2,0,1,2,2,0,0,0,1,0,0,1,2,0,0,0,0,5,3,1,0,1,0,0,0,0,0,0,1,2,0,5,0,0.905,,,,,0.905,,,,,,,,,,,,,,,,,,,,,,,,,,,,,0,5.0,0.905,197.3,0.0,196.895
1290,Very Low,RPath,402,0.0,5.0,0.0,1883.0,2825.0,3766.0,0.0,Asphalt,383.9,5.0,5,383.546,0.96,4.8,0.0,0.96,86,5,25.0,sidewalks,HMAC,1,2,2,1,2,0,1,2,0,0,0,0,1,2,2,1,2,2,0,0,0,0,0,0,5,5,0,2,0,0,0,1,0,0,1,2,2,0,0,0,0,0,0,0,1,2,2,0,1,1,1,2,2,5,5,0,0,1,0,0,0,0,0,0,1,2,2,0,0,0,0,0,0,1,2,2,1,0,0,0,0,0,5,3,0,0,0,0,0,0,0,0,0,0,0,0,5,0,0.965,,,,0.004,0.957,,,,,,,,,,,,0.004,,,,,,,,,,,,,,,,,1,5.0,0.96,383.9,10.0,383.546
1291,Very Low,RPath,632,0.0,5.0,0.0,930.0,1396.0,1861.0,0.0,Asphalt,208.6,5.0,5,208.708,0.892,4.46,0.0,0.892,100,5,25.0,sidewalks,HMAC,1,2,2,1,2,2,1,2,0,0,0,0,1,2,2,1,2,2,0,0,0,1,0,0,0,5,0,2,0,0,0,1,0,0,1,2,2,0,0,0,0,0,0,5,1,2,2,0,0,0,1,2,2,5,5,4,0,1,0,0,0,1,0,0,1,2,0,1,2,0,0,0,0,1,2,0,1,2,2,0,0,0,5,3,1,0,1,0,0,0,0,0,0,1,2,0,5,0,0.892,,,,,0.892,,,,,,,,,,,,,,,,,,,,,,,,,,,,,0,5.0,0.892,208.6,0.0,208.708
1292,Very Low,RPath,636,0.0,5.0,0.0,787.0,1180.0,1574.0,0.0,Asphalt,201.5,5.0,5,167.289,0.781,3.905,0.0,0.781,89,5,25.0,sidewalks,HMAC,1,2,2,1,2,0,0,0,0,0,0,0,1,2,2,1,2,2,0,0,0,1,0,0,0,5,0,2,0,0,0,1,2,0,1,2,2,0,0,0,1,0,0,0,1,2,2,0,0,0,1,2,2,5,5,0,0,1,0,0,0,1,2,0,1,2,0,1,2,2,0,0,0,1,0,0,1,2,0,0,0,0,5,3,1,0,1,0,0,0,0,0,0,1,2,0,5,0,0.781,,,,,0.781,,,,,,,,,,,,,,,,,,,,,,,,,,,,,0,5.0,0.781,201.5,0.0,167.289
1293,Very Low,RPath,645,0.0,5.0,0.0,1018.0,1528.0,2037.0,0.0,Asphalt,297.8,5.0,5,298.144,0.546,2.7300000000000004,0.0,0.546,86,5,25.0,sidewalks,HMAC,1,2,0,1,0,0,0,0,0,0,0,0,1,2,2,1,2,2,1,2,2,0,0,0,5,0,0,2,0,0,0,1,2,2,1,2,2,0,0,0,0,0,0,0,1,2,2,0,1,1,1,2,2,5,5,0,3,1,0,0,0,0,0,0,1,2,2,0,0,0,1,2,0,1,2,0,1,2,0,0,0,0,0,3,1,0,0,1,0,0,0,0,0,0,0,0,5,0,0.564,,,,0.005,0.529,,,,,,0.015,,,,0.005,,,0.01,,,,,,,,,,,,,,,,0,5.0,0.546,297.8,0.0,298.144
1294,Very Low,RPath,757,0.0,5.0,0.0,950.0,1425.0,1901.0,0.0,Asphalt,162.3,5.0,5,162.335,0.753,3.765,0.0,0.753,95,5,25.0,sidewalks,HMAC,1,2,0,1,2,0,0,0,0,1,0,0,1,2,0,0,0,0,0,0,0,1,0,0,5,0,0,2,1,2,0,1,2,2,1,2,2,0,0,0,1,2,2,5,1,2,2,0,1,1,1,2,2,5,5,0,3,1,1,0,0,1,0,0,1,2,2,0,0,0,1,2,0,1,0,0,1,0,0,0,0,0,5,0,1,1,1,1,2,0,0,0,0,0,0,0,5,0,0.758,,,0.018,,0.721,,,0.009,,,,,,,0.009,,,,,,,,,,,,,,,,,,,0,5.0,0.753,162.3,0.0,162.335
1295,Very Low,RPath,759,0.0,5.0,0.0,564.0,846.0,1128.0,0.0,Asphalt,139.2,5.0,5,139.152,0.76,3.8,0.0,0.76,94,5,25.0,sidewalks,HMAC,1,2,0,1,0,0,0,0,0,0,0,0,1,0,0,1,0,0,0,0,0,1,0,0,5,0,0,2,1,2,0,1,2,2,1,2,2,0,0,0,1,2,2,5,1,2,2,0,1,1,1,2,2,5,5,0,3,0,1,0,0,1,2,0,1,2,2,0,0,0,1,2,0,1,0,0,0,0,0,0,0,0,5,3,1,1,1,1,2,0,0,0,0,0,0,0,5,0,0.765,,,,,0.755,,,,,,,,,,,,0.011,,,,,,,,,,,,,,,,,4,5.0,0.76,139.2,30.0,139.152
1296,Very Low,RPath,766,0.0,5.0,0.0,1032.0,1548.0,2064.0,0.0,Asphalt,314.6,5.0,5,312.884,0.613,3.065,0.0,0.613,90,5,25.0,sidewalks,HMAC,1,2,2,1,2,0,0,0,0,0,0,0,1,2,0,0,0,0,0,0,0,0,0,0,5,0,0,2,1,0,0,1,2,2,1,2,2,0,0,0,1,2,0,5,1,2,2,0,1,0,1,2,2,0,5,0,3,1,0,0,0,1,0,0,1,2,2,1,2,0,1,2,0,1,0,0,1,0,0,0,0,0,5,3,1,1,1,1,2,0,0,0,0,0,0,0,5,0,0.615,,,,,0.606,,,,,,,0.005,,,0.005,,,,,,,,,,,,,,,,,,,1,5.0,0.613,314.6,10.0,312.884
1297,Very Low,RPath,810,0.0,5.0,0.0,465.0,697.0,930.0,0.0,Asphalt,168.4,5.0,5,167.684,0.552,2.76,0.0,0.552,95,5,25.0,sidewalks,HMAC,1,2,0,1,2,0,0,0,0,1,0,0,1,2,0,0,0,0,0,0,0,1,0,0,5,0,0,2,1,2,0,1,2,2,1,2,2,0,0,0,1,2,2,5,1,2,2,0,1,1,1,2,2,5,5,0,3,1,1,0,0,1,0,0,1,2,2,0,0,0,1,2,0,1,0,0,1,0,0,0,0,0,5,0,1,1,1,1,2,0,0,0,0,0,0,0,5,0,0.552,,,,,0.552,,,,,,,,,,,,,,,,,,,,,,,,,,,,,0,5.0,0.552,168.4,0.0,167.684
1298,Very Low,RPath,1152,0.0,5.0,0.0,524.0,787.0,1049.0,0.0,Asphalt,123.4,5.0,5,123.444,0.775,3.875,0.0,0.775,86,5,25.0,sidewalks,HMAC,1,2,0,1,0,0,0,0,0,0,0,0,1,2,0,1,2,0,0,0,0,1,2,0,5,0,0,2,1,2,0,1,2,2,1,2,2,0,0,0,1,2,2,0,1,2,2,0,1,1,1,2,2,5,5,0,3,0,1,0,0,1,2,0,1,2,0,1,0,0,1,2,0,0,0,0,0,0,0,0,0,0,0,3,1,1,1,1,0,0,0,0,0,0,0,0,5,0,0.802,,,,0.024,0.766,,,,,,0.012,,,,,,,,,,,,,,,,,,,,,,,4,5.0,0.775,123.4,30.0,123.444
1299,Very Low,RPath,1340,0.0,5.0,0.0,1160.0,1740.0,2320.0,0.0,Asphalt,269.5,5.0,5,184.462,0.765,3.825,0.0,0.765,94,5,25.0,sidewalks,HMAC,1,2,2,1,2,0,0,0,0,0,0,0,1,2,2,1,2,2,0,0,0,0,0,0,5,5,0,2,0,0,0,1,2,2,1,2,2,0,0,0,0,0,0,0,1,2,2,0,0,0,1,2,2,5,5,4,0,1,0,0,0,1,2,0,1,2,2,1,2,0,0,0,0,1,0,0,1,0,0,0,0,0,5,0,1,1,1,0,0,0,0,0,0,1,2,0,5,0,0.768,,,,,0.746,,,,,,,0.011,,,0.006,0.006,,,,,,,,,,,,,,,,,,0,5.0,0.765,269.5,0.0,184.462
1300,Very Low,RPath,85,0.0,4.0,0.0,1020.0,1530.0,2040.0,0.0,Asphalt,217.0,5.0,4,216.993,0.94,3.76,0.0,0.94,80,4,20.0,sidewalks,HMAC,1,2,2,1,0,0,0,0,0,0,0,0,1,2,0,1,2,0,0,0,0,1,2,0,5,0,0,2,0,0,0,1,2,2,1,2,2,0,0,0,1,2,0,5,1,2,0,0,1,0,1,2,2,0,0,0,3,1,1,0,0,1,2,2,1,2,0,1,2,0,1,2,0,1,0,0,1,0,0,0,0,0,0,3,1,0,1,0,0,0,0,0,0,0,0,0,5,0,0.94,,,,,0.94,,,,,,,,,,,,,,,,,,,,,,,,,,,,,1,5.0,0.94,217.0,10.0,216.993
1301,Very Low,RPath,126,0.0,4.0,0.0,968.0,1452.0,1936.0,0.0,Asphalt,217.0,5.0,4,216.995,0.892,3.568,0.0,0.892,77,4,20.0,sidewalks,CON,1,2,2,1,2,0,1,0,0,0,0,0,1,2,0,1,2,0,0,0,0,1,2,0,0,0,0,2,0,0,0,1,0,0,1,2,2,0,0,0,0,0,0,5,1,2,2,0,1,1,1,2,2,5,5,0,0,1,0,0,0,1,0,0,1,0,0,1,2,0,0,0,0,1,2,2,1,2,2,0,0,0,0,0,1,0,1,0,0,0,0,0,0,1,0,0,5,0,0.892,,,,,0.892,,,,,,,,,,,,,,,,,,,,,,,,,,,,,0,5.0,0.892,217.0,0.0,216.995
1302,Very Low,RPath,133,0.0,4.0,0.0,248.0,372.0,496.0,0.0,Asphalt,79.7,5.0,4,77.705,0.546,2.184,0.0,0.546,76,4,20.0,sidewalks,HMAC,1,2,0,1,2,0,1,2,0,0,0,0,1,2,0,1,2,0,0,0,0,1,2,0,0,0,0,2,0,0,0,0,0,0,1,2,2,0,0,0,0,0,0,5,1,2,2,0,1,1,1,2,2,5,5,4,0,1,0,0,0,0,0,0,0,0,0,1,0,0,0,0,0,1,2,2,1,2,0,0,0,0,0,3,1,0,1,0,0,0,0,0,0,0,0,0,5,0,0.546,,,,,0.527,,,0.019,,,,,,,,,,,,,,,,,,,,,,,,,,0,5.0,0.546,79.7,0.0,77.705
1303,Very Low,RPath,134,0.0,4.0,0.0,367.0,551.0,735.0,0.0,Asphalt,78.6,5.0,4,79.076,0.935,3.74,0.0,0.935,74,4,20.0,sidewalks,HMAC,1,2,0,1,0,0,1,0,0,0,0,0,1,2,2,1,2,0,0,0,0,1,2,2,0,0,0,2,0,0,0,0,0,0,1,2,2,0,0,0,1,0,0,5,1,2,0,0,1,1,1,2,2,5,5,0,0,1,0,0,0,1,0,0,0,0,0,1,0,0,0,0,0,1,2,2,1,2,2,0,0,0,0,3,1,0,1,0,0,0,0,0,0,0,0,0,5,0,0.935,,,,,0.935,,,,,,,,,,,,,,,,,,,,,,,,,,,,,0,5.0,0.935,78.6,0.0,79.076
1304,Very Low,RPath,138,0.0,4.0,0.0,969.0,1454.0,1938.0,0.0,Asphalt,223.8,5.0,4,224.463,0.838,3.352,0.0,0.838,83,5,20.0,sidewalks,HMAC,1,2,2,1,2,0,1,2,0,0,0,0,1,2,2,1,0,0,0,0,0,1,2,0,0,0,0,2,0,0,0,0,0,0,1,2,2,0,0,0,0,0,0,5,1,2,2,0,1,1,1,2,2,5,5,4,0,1,0,0,0,0,0,0,1,0,0,1,0,0,0,0,0,1,2,2,1,2,2,0,0,0,0,3,1,0,1,1,0,0,0,0,0,1,0,0,5,0,0.838,,,,,0.831,,,,,,,0.007,,,,,,,,,,,,,,,,,,,,,,0,5.0,0.838,223.8,0.0,224.463
1305,Very Low,RPath,139,0.0,4.0,0.0,612.0,918.0,1224.0,0.0,Asphalt,182.7,5.0,4,183.209,0.571,2.284,0.0,0.571,80,4,20.0,sidewalks,HMAC,1,2,0,1,2,0,1,2,0,0,0,0,1,2,0,1,0,0,0,0,0,1,2,0,0,0,0,2,0,0,0,0,0,0,1,2,2,0,0,0,0,0,0,5,1,2,2,0,1,1,1,2,2,5,5,4,0,1,0,0,0,0,0,0,1,0,0,0,0,0,1,0,0,1,2,2,1,2,2,0,0,0,0,3,1,0,1,1,2,0,0,0,0,0,0,0,5,0,0.575,,,,,0.55,,,,,,,,,,0.008,0.008,,0.008,,,,,,,,,,,,,,,,0,5.0,0.571,182.7,0.0,183.209
1306,Very Low,RPath,186,0.0,4.0,0.0,914.0,1371.0,1829.0,0.0,Asphalt,208.5,5.0,4,204.663,0.849,3.396,0.0,0.849,68,4,20.0,sidewalks,HMAC,1,2,2,0,0,0,0,0,0,0,0,0,1,2,0,0,0,0,0,0,0,0,0,0,0,5,0,2,0,0,0,0,0,0,1,2,2,0,0,0,0,0,0,0,1,2,2,0,0,0,1,2,2,0,5,0,3,1,0,0,0,0,0,0,1,0,0,0,0,0,0,0,0,1,2,0,1,2,0,1,2,2,5,3,1,1,1,0,0,0,1,0,0,0,0,0,5,0,0.849,,,,,0.842,,,,,,,0.007,,,,,,,,,,,,,,,,,,,,,,0,5.0,0.849,208.5,0.0,204.663
1307,Very Low,RPath,202,0.0,4.0,0.0,1718.0,2577.0,3435.0,0.0,Asphalt,364.7,5.0,4,364.696,0.942,3.768,0.0,0.942,83,5,20.0,sidewalks,HMAC,1,2,2,1,2,2,1,2,2,0,0,0,1,2,2,1,0,0,0,0,0,0,0,0,0,5,0,2,0,0,0,0,0,0,1,2,2,0,0,0,0,0,0,0,1,2,0,0,1,0,1,2,2,5,5,0,0,1,0,0,0,0,0,0,1,2,0,0,0,0,0,0,0,1,2,2,1,2,2,1,0,0,5,3,1,1,1,0,0,0,0,0,0,0,0,0,5,0,0.942,,,,,0.942,,,,,,,,,,,,,,,,,,,,,,,,,,,,,0,5.0,0.942,364.7,0.0,364.696
1308,Very Low,RPath,356,0.0,4.0,0.0,233.0,349.0,466.0,0.0,Asphalt,50.6,5.0,4,50.554,0.92,3.68,0.0,0.92,68,4,20.0,sidewalks,HMAC,1,2,2,1,2,0,1,2,0,0,0,0,1,2,0,1,2,0,0,0,0,0,0,0,0,5,0,2,0,0,0,0,0,0,1,2,2,0,0,0,0,0,0,0,1,2,0,0,1,0,1,2,2,5,5,0,0,1,0,0,0,0,0,0,1,2,0,0,0,0,0,0,0,1,2,0,0,0,0,0,0,0,5,3,0,0,0,0,0,0,0,0,0,0,0,0,5,0,0.92,,,,,0.92,,,,,,,,,,,,,,,,,,,,,,,,,,,,,0,5.0,0.92,50.6,0.0,50.554
1309,Very Low,RPath,362,0.0,4.0,0.0,571.0,857.0,1143.0,0.0,Asphalt,119.8,5.0,4,118.111,0.902,3.608,0.0,0.902,70,4,20.0,sidewalks,HMAC,1,2,2,1,0,0,0,0,0,0,0,0,1,0,0,0,0,0,0,0,0,0,0,0,5,5,0,2,0,0,0,1,0,0,1,2,2,1,0,0,1,2,2,0,1,0,0,0,1,1,1,2,2,5,0,4,0,1,0,0,0,0,0,0,0,0,0,0,0,0,0,0,0,1,2,2,1,2,2,0,0,0,0,3,1,1,1,0,0,0,0,0,0,0,0,0,5,0,0.902,,,,,0.889,,,,,,,,,,,0.013,,,,,,,,,,,,,,,,,,0,5.0,0.902,119.8,0.0,118.111
1310,Very Low,RPath,369,0.0,4.0,0.0,404.0,606.0,808.0,0.0,Asphalt,77.5,5.0,4,73.39,0.958,3.832,0.0,0.958,70,4,20.0,sidewalks,HMAC,1,2,2,1,2,0,1,2,0,0,0,0,1,2,0,0,0,0,0,0,0,0,0,0,5,5,0,2,0,0,0,1,2,0,1,2,2,1,0,0,0,0,0,0,0,0,0,0,1,1,1,2,2,5,0,4,0,1,0,0,0,0,0,0,0,0,0,0,0,0,0,0,0,1,0,0,1,0,0,0,0,0,5,3,1,1,1,0,0,0,0,0,0,0,0,0,5,0,0.967,,,,,0.948,,,,,,,,,,0.019,,,,,,,,,,,,,,,,,,,0,5.0,0.958,77.5,0.0,73.39
1311,Very Low,RPath,400,0.0,4.0,0.0,690.0,1035.0,1380.0,0.0,Asphalt,149.2,5.0,4,147.601,0.925,3.7,0.0,0.925,73,4,20.0,sidewalks,HMAC,1,2,2,1,2,0,1,2,0,0,0,0,1,0,0,1,2,0,0,0,0,0,0,0,0,0,3,0,0,0,0,1,0,0,1,2,2,0,0,0,0,0,0,0,1,2,2,0,1,1,1,2,2,5,5,0,0,1,0,0,0,0,0,0,1,2,2,0,0,0,0,0,0,1,2,2,0,0,0,0,0,0,5,3,1,1,1,0,0,0,0,0,0,0,0,0,5,0,0.925,,,,,0.925,,,,,,,,,,,,,,,,,,,,,,,,,,,,,2,5.0,0.925,149.2,20.0,147.601
1312,Very Low,RPath,411,0.0,4.0,0.0,660.0,990.0,1320.0,0.0,Asphalt,140.3,5.0,4,139.374,0.941,3.764,0.0,0.941,83,5,20.0,sidewalks,HMAC,1,2,2,1,0,0,0,0,0,0,0,0,1,2,2,1,2,2,0,0,0,1,2,2,0,5,0,2,0,0,0,1,0,0,1,2,2,0,0,0,1,2,0,5,1,2,0,0,1,1,1,2,2,5,5,0,0,1,1,0,0,1,0,0,0,0,0,1,0,0,0,0,0,1,2,2,1,2,2,0,0,0,0,0,1,0,1,0,0,0,0,0,0,0,0,0,5,0,0.941,,,,,0.941,,,,,,,,,,,,,,,,,,,,,,,,,,,,,1,5.0,0.941,140.3,10.0,139.374
1313,Very Low,RPath,417,0.0,4.0,0.0,779.0,1169.0,1559.0,0.0,Asphalt,135.8,5.0,4,133.669,0.84,3.36,0.0,0.84,68,4,20.0,sidewalks,HMAC,1,2,2,0,0,0,0,0,0,0,0,0,1,2,0,1,0,0,1,0,0,0,0,0,0,0,3,0,0,0,0,1,2,2,1,2,2,0,0,0,0,0,0,0,1,2,2,0,1,1,1,2,2,5,5,0,3,1,0,0,0,0,0,0,1,0,0,0,0,0,0,0,0,1,0,0,1,2,2,0,0,0,0,3,1,1,1,0,0,0,0,0,0,1,0,0,5,0,0.851,,,0.011,,0.818,,,,,,,,,,,,0.022,,,,,,,,,,,,,,,,,0,5.0,0.84,135.8,0.0,133.669
1314,Very Low,RPath,431,0.0,4.0,0.0,762.0,1143.0,1524.0,0.0,Asphalt,202.9,5.0,4,202.903,0.625,2.5,0.0,0.625,77,4,20.0,sidewalks,HMAC,1,2,2,1,2,2,1,2,2,0,0,0,1,2,0,1,2,0,0,0,0,0,0,0,0,5,0,2,0,0,0,0,0,0,1,2,2,0,0,0,0,0,0,0,1,2,2,0,1,1,1,2,2,5,5,0,0,1,0,0,0,0,0,0,1,2,2,0,0,0,0,0,0,1,2,0,0,0,0,0,0,0,5,3,0,0,0,0,0,0,0,0,0,0,0,0,5,0,0.636,,,,,0.606,,,,,,,,,,0.015,0.007,0.007,,,,,,,,,,,,,,,,,1,5.0,0.625,202.9,10.0,202.903
1315,Very Low,RPath,434,0.0,4.0,0.0,651.0,977.0,1303.0,0.0,Asphalt,212.9,5.0,4,218.679,0.546,2.184,0.0,0.546,81,4,20.0,sidewalks,HMAC,1,2,2,1,0,0,1,0,0,0,0,0,1,2,0,1,2,2,0,0,0,0,0,0,5,0,3,0,0,0,0,1,2,2,1,2,2,0,0,0,1,2,2,0,1,2,2,0,1,1,1,2,2,5,5,4,0,1,1,0,0,0,0,0,0,0,0,0,0,0,0,0,0,1,2,0,1,0,0,0,0,0,0,3,1,1,1,0,0,0,0,0,0,0,0,0,5,0,0.557,,,,0.014,0.528,,,,,,,,,,,,,0.014,,,,,,,,,,,,,,,,4,5.0,0.546,212.9,30.0,218.679
1316,Very Low,RPath,435,0.0,4.0,0.0,1233.0,1849.0,2465.0,0.0,Asphalt,310.1,5.0,4,304.758,0.744,2.976,0.0,0.744,81,4,20.0,sidewalks,HMAC,1,2,2,1,0,0,0,0,0,0,0,0,1,2,2,1,2,0,1,2,0,0,0,0,5,0,0,0,0,0,0,1,2,2,1,2,2,0,0,0,1,2,2,0,1,2,2,0,1,1,1,2,2,5,5,4,0,0,1,2,0,0,0,0,0,0,0,0,0,0,0,0,0,1,2,0,1,0,0,0,0,0,0,3,1,1,1,0,0,0,0,0,0,0,0,0,5,0,0.755,,,,0.01,0.735,,,,,,0.005,,,,,0.005,,,,,,,,,,,,,,,,,,4,5.0,0.744,310.1,30.0,304.758
1317,Very Low,RPath,436,0.0,4.0,0.0,1105.0,1657.0,2209.0,0.0,Asphalt,307.3,5.0,4,307.704,0.655,2.62,0.0,0.655,79,4,20.0,sidewalks,HMAC,1,2,2,1,0,0,0,0,0,0,0,0,1,2,2,1,0,0,1,2,0,0,0,0,5,0,0,0,0,0,0,1,2,2,1,2,2,0,0,0,1,2,2,0,1,2,2,0,1,1,1,2,2,5,5,4,0,0,1,2,0,0,0,0,0,0,0,0,0,0,0,0,0,1,2,0,1,0,0,0,0,0,0,3,1,1,1,0,0,0,0,0,0,0,0,0,5,0,0.659,,,,,0.644,,,,,,0.005,,,,,0.01,,,,,,,,,,,,,,,,,,4,5.0,0.655,307.3,30.0,307.704
1318,Very Low,RPath,438,0.0,4.0,0.0,345.0,517.0,690.0,0.0,Asphalt,49.5,5.0,4,47.169,0.863,3.452,0.0,0.863,78,4,20.0,sidewalks,HMAC,1,2,2,1,0,0,1,0,0,0,0,0,1,2,0,1,2,0,0,0,0,0,0,0,0,5,0,2,0,0,0,1,2,2,1,2,2,0,0,0,1,2,2,0,1,2,2,0,1,1,1,2,2,5,5,4,0,1,1,0,0,0,0,0,0,0,0,0,0,0,0,0,0,1,0,0,1,2,0,0,0,0,0,3,1,1,1,0,0,0,0,0,0,0,0,0,5,0,0.909,,,,,0.788,,,,,,,0.03,,,0.03,,0.061,,,,,,,,,,,,,,,,,4,5.0,0.863,49.5,30.0,47.169
1319,Very Low,RPath,442,0.0,4.0,0.0,1327.0,1990.0,2653.0,0.0,Asphalt,345.0,5.0,4,344.803,0.769,3.076,0.0,0.769,70,4,20.0,sidewalks,HMAC,1,2,2,1,2,2,1,0,0,0,0,0,1,2,2,0,0,0,0,0,0,0,0,0,0,5,3,0,0,0,0,0,0,0,1,2,2,0,0,0,0,0,0,0,1,2,2,0,1,1,1,2,2,5,5,0,0,1,0,0,0,0,0,0,0,0,0,0,0,0,0,0,0,1,2,0,1,0,0,0,0,0,0,3,1,1,1,0,0,0,0,0,0,1,2,0,5,0,0.769,,,,,0.769,,,,,,,,,,,,,,,,,,,,,,,,,,,,,0,5.0,0.769,345.0,0.0,344.803
1320,Very Low,RPath,508,0.0,4.0,0.0,1732.0,2598.0,3464.0,0.0,Asphalt,391.0,5.0,4,387.398,0.815,3.26,0.0,0.815,85,5,20.0,sidewalks,HMAC,1,2,2,1,2,2,1,2,0,0,0,0,1,2,2,1,2,2,0,0,0,0,0,0,0,5,0,2,0,0,0,0,0,0,1,2,2,0,0,0,0,0,0,0,1,2,2,0,1,1,1,2,2,5,5,0,3,1,0,0,0,0,0,0,1,0,0,0,0,0,0,0,0,1,2,2,1,2,2,0,0,0,5,3,0,0,0,0,0,0,0,0,0,0,0,0,5,0,0.821,,,,,0.806,,,,,,0.008,0.008,,,,,,,,,,,,,,,,,,,,,,0,5.0,0.815,391.0,0.0,387.398
1321,Very Low,RPath,510,0.0,4.0,0.0,1075.0,1613.0,2150.0,0.0,Asphalt,257.8,5.0,4,257.802,0.781,3.124,0.0,0.781,80,4,20.0,sidewalks,HMAC,1,2,2,1,2,0,1,2,0,0,0,0,1,2,2,1,2,2,0,0,0,0,0,0,0,5,0,2,0,0,0,0,0,0,1,2,2,0,0,0,1,0,0,0,1,2,2,0,1,1,1,2,2,5,5,0,0,1,0,0,0,0,0,0,0,0,0,0,0,0,0,0,0,1,2,2,1,2,2,0,0,0,5,3,0,0,0,0,0,0,0,0,0,0,0,0,5,0,0.785,,,,,0.774,,,,,,0.006,,,,,0.006,,,,,,,,,,,,,,,,,,0,5.0,0.781,257.8,0.0,257.802
1322,Very Low,RPath,532,0.0,4.0,0.0,435.0,652.0,869.0,0.0,Asphalt,78.3,5.0,4,78.303,0.949,3.796,0.0,0.949,74,4,20.0,sidewalks,HMAC,1,2,0,1,0,0,0,0,0,1,0,0,1,0,0,0,0,0,0,0,0,1,0,0,5,0,0,0,1,2,2,1,2,2,1,2,2,0,0,0,1,2,2,0,1,2,2,0,1,1,1,2,2,5,5,0,0,1,1,0,0,1,0,0,1,2,0,0,0,0,1,0,0,1,0,0,1,0,0,0,0,0,0,0,1,1,1,1,2,0,0,0,0,0,0,0,5,0,0.958,,,,,0.92,,,,,,,,,,0.019,,,0.019,,,,,,,,,,,,,,,,2,5.0,0.949,78.3,20.0,78.303
1323,Very Low,RPath,642,0.0,4.0,0.0,1205.0,1808.0,2410.0,0.0,Asphalt,255.6,5.0,4,255.732,0.813,3.252,0.0,0.813,73,4,20.0,sidewalks,HMAC,1,2,0,0,0,0,0,0,0,0,0,0,1,2,2,1,2,0,1,2,2,0,0,0,5,5,0,0,0,0,0,1,2,2,1,2,2,0,0,0,0,0,0,0,1,2,2,0,1,1,1,2,2,0,5,0,3,0,0,0,0,0,0,0,1,2,0,0,0,0,1,0,0,1,2,0,1,0,0,0,0,0,0,0,1,1,1,1,0,0,0,0,0,0,0,0,5,0,0.828,,,,,0.798,,,,,,,,,,,,0.029,,,,,,,,,,,,,,,,,0,5.0,0.813,255.6,0.0,255.732
1324,Very Low,RPath,643,0.0,4.0,0.0,539.0,808.0,1078.0,0.0,Asphalt,144.1,5.0,4,143.182,0.708,2.832,0.0,0.708,76,4,20.0,sidewalks,HMAC,1,2,2,0,0,0,0,0,0,0,0,0,1,2,0,1,2,0,1,0,0,0,0,0,5,0,3,0,0,0,0,1,2,2,1,2,2,0,0,0,0,0,0,0,1,2,2,0,1,1,1,2,2,5,5,0,3,1,0,0,0,0,0,0,1,0,0,0,0,0,1,0,0,1,2,0,1,2,0,0,0,0,0,3,1,1,1,1,0,0,0,0,0,0,0,0,5,0,0.708,,,,,0.698,,,,,,,0.01,,,,,,,,,,,,,,,,,,,,,,0,5.0,0.708,144.1,0.0,143.182
1325,Very Low,RPath,682,0.0,4.0,0.0,525.0,788.0,1051.0,0.0,Asphalt,116.9,5.0,4,116.762,0.899,3.596,0.0,0.899,83,5,20.0,sidewalks,HMAC,1,2,2,1,0,0,0,0,0,0,0,0,1,2,2,1,2,2,0,0,0,1,0,0,0,5,0,2,0,0,0,1,2,2,1,2,2,0,0,0,1,0,0,0,1,2,0,0,0,0,1,2,2,5,5,0,0,1,0,0,0,1,2,0,1,2,0,1,2,2,0,0,0,1,0,0,1,0,0,0,0,0,5,3,1,0,1,0,0,0,0,0,0,1,0,0,5,0,0.899,,,,,0.899,,,,,,,,,,,,,,,,,,,,,,,,,,,,,0,5.0,0.899,116.9,0.0,116.762
1326,Very Low,RPath,690,0.0,4.0,0.0,98.0,146.0,195.0,0.0,Asphalt,36.8,5.0,4,34.214,0.53,2.12,0.0,0.53,74,4,20.0,sidewalks,HMAC,1,2,2,1,2,0,1,0,0,1,2,0,1,2,0,0,0,0,0,0,0,0,0,0,0,0,0,2,1,2,0,0,0,0,1,2,2,0,0,0,0,0,0,5,1,2,0,0,0,0,1,2,2,0,5,0,0,1,0,0,0,1,0,0,1,2,2,0,0,0,0,0,0,1,2,2,1,2,2,0,0,0,5,3,1,0,0,0,0,0,0,0,0,0,0,0,5,0,0.53,,,,,0.53,,,,,,,,,,,,,,,,,,,,,,,,,,,,,0,5.0,0.53,36.8,0.0,34.214
1327,Very Low,RPath,758,0.0,4.0,0.0,320.0,481.0,641.0,0.0,Asphalt,77.6,5.0,4,77.639,0.575,2.3,0.0,0.575,78,4,20.0,sidewalks,HMAC,1,2,0,1,0,0,0,0,0,1,0,0,1,0,0,1,0,0,0,0,0,1,0,0,5,0,0,0,1,2,0,1,2,2,1,2,2,0,0,0,1,2,2,0,1,2,2,0,1,1,1,2,2,5,5,0,3,1,1,0,0,1,0,0,1,2,0,0,0,0,1,0,0,1,0,0,0,0,0,0,0,0,0,3,1,1,1,1,2,0,0,0,0,0,0,0,5,0,0.599,,,,,0.541,,,,,,0.019,0.019,,,0.019,,,,,,,,,,,,,,,,,,,3,5.0,0.575,77.6,30.0,77.639
1328,Very Low,RPath,763,0.0,4.0,0.0,386.0,579.0,772.0,0.0,Asphalt,73.0,5.0,4,71.783,0.657,2.628,0.0,0.657,81,4,20.0,sidewalks,HMAC,1,2,0,1,0,0,0,0,0,0,0,0,1,0,0,1,0,0,0,0,0,1,0,0,5,0,0,2,1,0,0,1,2,2,1,2,2,0,0,0,1,2,0,5,1,2,0,0,1,0,1,2,2,0,0,0,3,1,1,0,0,1,2,0,1,2,2,1,0,0,1,2,2,1,0,0,0,0,0,0,0,0,5,3,1,1,1,1,2,0,0,0,0,0,0,0,5,0,0.657,,,0.021,,0.637,,,,,,,,,,,,,,,,,,,,,,,,,,,,,1,5.0,0.657,73.0,10.0,71.783
1329,Very Low,RPath,804,0.0,4.0,0.0,502.0,754.0,1005.0,0.0,Asphalt,154.1,5.0,4,154.065,0.652,2.608,0.0,0.652,69,4,20.0,sidewalks,HMAC,1,2,2,1,2,0,1,2,0,0,0,0,1,0,0,1,0,0,0,0,0,0,0,0,0,0,3,0,0,0,0,0,0,0,1,2,2,0,0,0,0,0,0,0,1,2,2,0,1,0,1,2,2,5,5,0,0,1,0,0,0,0,0,0,1,2,2,0,0,0,0,0,0,1,2,0,1,0,0,1,0,0,5,3,1,1,1,0,0,0,0,0,0,0,0,0,5,0,0.652,,,,,0.652,,,,,,,,,,,,,,,,,,,,,,,,,,,,,0,5.0,0.652,154.1,0.0,154.065
1330,Very Low,RPath,902,0.0,4.0,0.0,841.0,1261.0,1681.0,0.0,Asphalt,253.2,5.0,4,253.214,0.631,2.524,0.0,0.631,75,4,20.0,sidewalks,HMAC,1,2,2,1,0,0,1,0,0,0,0,0,1,2,2,0,0,0,0,0,0,0,0,0,0,5,0,2,0,0,0,0,0,0,1,2,2,0,0,0,0,0,0,0,1,2,2,0,0,0,1,2,2,5,5,0,0,1,0,0,0,0,0,0,1,0,0,0,0,0,0,0,0,1,2,2,1,2,2,1,2,0,5,3,1,1,1,0,0,0,0,0,0,0,0,0,5,0,0.64,,,,0.012,0.622,,,,,,,0.006,,,,,,,,,,,,,,,,,,,,,,0,5.0,0.631,253.2,0.0,253.214
1331,Very Low,RPath,925,0.0,4.0,0.0,1786.0,2679.0,3572.0,0.0,Asphalt,391.2,5.0,4,391.232,0.913,3.652,0.0,0.913,72,4,20.0,sidewalks,HMAC,1,2,2,1,2,2,0,0,0,0,0,0,1,2,2,0,0,0,0,0,0,0,0,0,0,5,0,0,0,0,0,1,2,2,1,2,0,0,0,0,1,2,2,0,1,2,0,0,1,0,1,2,2,5,5,0,0,1,1,2,0,0,0,0,0,0,0,0,0,0,0,0,0,0,0,0,1,2,2,0,0,0,0,0,1,1,1,0,0,0,1,2,0,0,0,0,5,0,0.913,,,,,0.913,,,,,,,,,,,,,,,,,,,,,,,,,,,,,1,5.0,0.913,391.2,10.0,391.232
1332,Very Low,RPath,1097,0.0,4.0,0.0,1303.0,1954.0,2606.0,0.0,Asphalt,265.6,5.0,4,265.777,0.937,3.748,0.0,0.937,67,4,20.0,sidewalks,HMAC,1,2,2,1,2,0,1,2,0,0,0,0,1,2,0,1,0,0,0,0,0,0,0,0,0,5,0,2,0,0,0,0,0,0,1,2,2,0,0,0,0,0,0,0,1,2,2,0,0,0,1,2,2,5,5,0,3,1,0,0,0,0,0,0,1,0,0,0,0,0,0,0,0,1,2,0,1,0,0,0,0,0,0,3,1,1,1,0,0,0,0,0,0,0,0,0,5,0,0.937,,,,,0.926,,,,,,,,,,,0.011,,,,,,,,,,,,,,,,,,1,5.0,0.937,265.6,10.0,265.777
1333,Very Low,RPath,1099,0.0,4.0,0.0,921.0,1381.0,1841.0,0.0,Asphalt,191.4,5.0,4,189.223,0.697,2.788,0.0,0.697,69,4,20.0,sidewalks,CON,1,2,2,1,2,0,1,2,0,0,0,0,1,2,0,1,2,2,0,0,0,0,0,0,0,5,0,2,0,0,0,0,0,0,1,2,2,0,0,0,0,0,0,0,1,2,2,0,1,0,1,2,2,5,5,0,0,1,0,0,0,0,0,0,1,2,0,0,0,0,0,0,0,1,2,0,0,0,0,0,0,0,0,3,1,0,1,0,0,0,0,0,0,0,0,0,5,0,0.713,,0.008,,,0.682,,,,,,0.016,,,,0.008,,,,,,,,,,,,,,,,,,,0,5.0,0.697,191.4,0.0,189.223
1334,Very Low,RPath,1103,0.0,4.0,0.0,585.0,877.0,1169.0,0.0,Asphalt,104.2,5.0,4,103.905,0.95,3.8,0.0,0.95,67,4,20.0,sidewalks,HMAC,1,2,2,1,0,0,1,0,0,0,0,0,1,0,0,1,2,2,0,0,0,0,0,0,0,5,0,2,0,0,0,0,0,0,1,2,2,0,0,0,0,0,0,0,1,2,2,0,1,1,1,2,2,5,5,0,0,1,0,0,0,0,0,0,1,2,2,0,0,0,0,0,0,1,2,0,0,0,0,0,0,0,0,3,1,1,1,0,0,0,0,0,0,0,0,0,5,0,0.95,,,,,0.907,,,,,,,0.014,,,,0.029,,,,,,,,,,,,,,,,,,2,5.0,0.95,104.2,20.0,103.905
1335,Very Low,RPath,1114,0.0,4.0,0.0,300.0,450.0,600.0,0.0,Asphalt,66.3,5.0,4,62.166,0.905,3.62,0.0,0.905,79,4,20.0,sidewalks,HMAC,1,2,2,1,2,2,1,0,0,1,2,0,1,2,2,0,0,0,0,0,0,0,0,0,5,5,0,2,0,0,0,0,0,0,1,2,2,0,0,0,0,0,0,0,1,2,2,0,1,1,1,2,2,5,5,0,3,0,0,0,0,0,0,0,0,0,0,0,0,0,0,0,0,1,2,2,1,2,0,0,0,0,0,3,1,1,0,0,0,0,0,0,0,0,0,0,5,0,0.905,,,,,0.905,,,,,,,,,,,,,,,,,,,,,,,,,,,,,0,5.0,0.905,66.3,0.0,62.166
1336,Very Low,RPath,1115,0.0,4.0,0.0,1737.0,2605.0,3473.0,0.0,Asphalt,358.8,5.0,4,354.365,0.748,2.992,0.0,0.748,70,4,20.0,sidewalks,HMAC,1,2,2,1,2,2,1,0,0,1,2,0,1,2,2,0,0,0,0,0,0,0,0,0,5,5,0,0,0,0,0,0,0,0,1,2,2,0,0,0,0,0,0,0,1,2,2,0,1,1,1,2,2,5,5,0,0,1,0,0,0,0,0,0,0,0,0,0,0,0,0,0,0,1,2,2,1,0,0,0,0,0,0,0,1,1,0,0,0,0,0,0,0,0,0,0,5,0,0.748,,,0.008,,0.723,,,,,,,,,,,0.017,,,,,,,,,,,,,,,,,,0,5.0,0.748,358.8,0.0,354.365
1337,Very Low,RPath,1286,0.0,4.0,0.0,165.0,247.0,330.0,0.0,Asphalt,50.7,5.0,4,51.127,0.65,2.6,0.0,0.65,72,4,20.0,sidewalks,CON,1,2,2,1,0,0,0,0,0,0,0,0,0,0,0,1,2,0,0,0,0,0,0,0,5,5,0,2,0,0,0,0,0,0,1,2,2,0,0,0,1,2,0,0,1,2,2,0,1,1,1,2,2,5,5,0,3,1,0,0,0,0,0,0,1,2,0,0,0,0,0,0,0,0,0,0,1,2,0,0,0,0,0,3,1,1,1,0,0,0,0,0,0,0,0,0,5,0,0.65,,,,,0.65,,,,,,,,,,,,,,,,,,,,,,,,,,,,,0,5.0,0.65,50.7,0.0,51.127
1338,Very Low,RPath,201,0.0,4.0,0.0,1230.0,1846.0,2461.0,0.0,Asphalt,250.1,5.0,4,101.196,0.984,3.936,0.0,0.984,67,4,20.0,sidewalks,HMAC,1,2,2,1,0,0,1,0,0,0,0,0,1,0,0,0,0,0,0,0,0,0,0,0,0,0,3,0,0,0,0,0,0,0,1,2,2,0,0,0,0,0,0,0,1,2,2,0,0,0,1,2,2,5,5,0,3,1,0,0,0,0,0,0,1,0,0,0,0,0,0,0,0,1,2,0,1,0,0,1,2,2,5,3,1,1,1,0,0,0,1,0,0,0,0,0,5,0,0.984,,,,,0.984,,,,,,,,,,,,,,,,,,,,,,,,,,,,,0,5.0,0.984,250.1,0.0,101.196
1339,Very Low,RPath,16,0.0,3.0,0.0,359.0,539.0,718.0,0.0,Asphalt,22.0,5.0,3,17.449,0.681,2.043,0.0,0.681,58,3,15.0,sidewalks,CON,1,2,2,1,0,0,0,0,0,0,0,0,0,0,0,1,2,0,0,0,0,0,0,0,5,0,0,0,0,0,0,0,0,0,1,2,2,0,0,0,1,2,0,0,1,2,2,0,1,1,1,2,2,5,5,0,0,0,0,0,0,0,0,0,1,2,0,0,0,0,0,0,0,0,0,0,1,2,0,0,0,0,0,0,1,1,1,0,0,0,0,0,0,0,0,0,5,0,0.681,,,0.136,,0.545,,,,,,,,,,,,,,,,,,,,,,,,,,,,,0,5.0,0.681,22.0,0.0,17.449
1340,Very Low,RPath,17,0.0,3.0,0.0,511.0,767.0,1023.0,0.0,Asphalt,79.7,5.0,3,79.745,0.922,2.766,0.0,0.922,50,3,15.0,sidewalks,HMAC,1,2,2,1,2,0,1,2,0,0,0,0,1,2,0,1,2,0,0,0,0,0,0,0,0,0,0,2,0,0,0,0,0,0,0,0,0,0,0,0,0,0,0,0,0,0,0,0,1,1,1,2,2,0,0,0,3,1,0,0,0,0,0,0,0,0,0,0,0,0,0,0,0,1,0,0,1,2,2,0,0,0,5,3,1,0,0,0,0,0,0,0,0,0,0,0,5,0,0.922,,,0.019,,0.903,,,,,,,,,,,,,,,,,,,,,,,,,,,,,0,5.0,0.922,79.7,0.0,79.745
1341,Very Low,RPath,57,0.0,3.0,0.0,315.0,473.0,631.0,0.0,Asphalt,77.4,5.0,3,73.634,0.64,1.92,0.0,0.64,54,3,15.0,sidewalks,HMAC,1,2,2,1,0,0,1,0,0,0,0,0,1,0,0,1,0,0,0,0,0,0,0,0,0,0,0,2,0,0,0,1,0,0,1,2,2,1,0,0,1,2,2,0,1,0,0,0,1,0,1,2,2,0,0,4,0,1,0,0,0,0,0,0,0,0,0,0,0,0,0,0,0,1,2,0,1,2,2,0,0,0,0,3,1,1,1,0,0,0,0,0,0,0,0,0,5,0,0.659,,,,,0.62,,,,,,,,,,0.039,,,,,,,,,,,,,,,,,,,1,5.0,0.64,77.4,10.0,73.634
1342,Very Low,RPath,58,0.0,3.0,0.0,510.0,765.0,1020.0,0.0,Asphalt,103.6,5.0,3,99.77,0.985,2.955,0.0,0.985,62,3,15.0,sidewalks,HMAC,1,2,2,1,0,0,1,0,0,0,0,0,1,0,0,1,0,0,0,0,0,0,0,0,0,5,0,2,0,0,0,1,2,0,1,2,2,0,0,0,1,2,2,0,1,2,0,0,1,0,1,2,2,0,0,4,0,1,0,0,0,0,0,0,0,0,0,0,0,0,0,0,0,1,2,0,1,2,2,0,0,0,0,3,1,1,1,0,0,0,0,0,0,0,0,0,5,0,0.985,,,,,0.985,,,,,,,,,,,,,,,,,,,,,,,,,,,,,1,5.0,0.985,103.6,10.0,99.77
1343,Very Low,RPath,59,0.0,3.0,0.0,315.0,473.0,630.0,0.0,Asphalt,63.9,5.0,3,60.495,0.986,2.958,0.0,0.986,59,3,15.0,sidewalks,HMAC,1,2,2,1,0,0,1,0,0,0,0,0,1,0,0,1,2,0,0,0,0,0,0,0,0,0,0,2,0,0,0,1,2,2,1,2,2,0,0,0,1,2,2,0,1,2,2,0,1,0,1,2,2,0,0,4,0,1,0,0,0,0,0,0,0,0,0,0,0,0,0,0,0,1,0,0,1,2,0,0,0,0,0,3,1,1,1,0,0,0,0,0,0,0,0,0,5,0,0.986,,,,,0.986,,,,,,,,,,,,,,,,,,,,,,,,,,,,,0,5.0,0.986,63.9,0.0,60.495
1344,Very Low,RPath,188,0.0,3.0,0.0,1282.0,1924.0,2565.0,0.0,Asphalt,346.6,5.0,3,346.611,0.643,1.929,0.0,0.643,60,3,15.0,sidewalks,HMAC,1,2,2,0,0,0,0,0,0,0,0,0,1,0,0,0,0,0,1,0,0,0,0,0,0,0,3,0,0,0,0,0,0,0,1,2,2,0,0,0,0,0,0,0,1,2,2,0,0,0,1,2,2,5,5,0,3,1,0,0,0,0,0,0,0,0,0,0,0,0,0,0,0,1,2,0,1,0,0,1,2,2,0,3,1,1,1,0,0,0,1,0,0,0,0,0,5,0,0.74,,,,0.13,0.61,,,,,,,,,,,,,,,,,,,,,,,,,,,,,0,5.0,0.643,346.6,0.0,346.611
1345,Very Low,RPath,345,0.0,3.0,0.0,338.0,507.0,676.0,0.0,Asphalt,94.7,5.0,3,94.729,0.578,1.734,0.0,0.578,65,4,15.0,sidewalks,HMAC,1,2,2,1,0,0,1,0,0,0,0,0,1,2,2,0,0,0,0,0,0,0,0,0,0,5,0,2,0,0,0,0,0,0,1,2,0,0,0,0,1,0,0,0,1,2,0,0,1,1,1,2,2,0,5,4,0,1,0,0,0,0,0,0,0,0,0,0,0,0,0,0,0,1,2,2,1,0,0,0,0,0,5,3,1,1,1,0,0,0,0,0,0,0,0,0,5,0,0.586,,,,,0.554,,,,,,,,,,,0.016,0.016,,,,,,,,,,,,,,,,,0,5.0,0.578,94.7,0.0,94.729
1346,Very Low,RPath,347,0.0,3.0,0.0,392.0,587.0,783.0,0.0,Asphalt,122.0,5.0,3,118.339,0.529,1.5870000000000002,0.0,0.529,56,3,15.0,sidewalks,HMAC,1,2,2,1,0,0,1,0,0,0,0,0,1,0,0,0,0,0,0,0,0,0,0,0,0,0,0,2,0,0,0,0,0,0,1,2,2,0,0,0,0,0,0,0,0,0,0,0,1,1,1,2,0,5,5,0,0,1,0,0,0,0,0,0,1,0,0,0,0,0,1,2,0,1,0,0,1,2,2,0,0,0,5,3,1,0,1,0,0,0,0,0,0,0,0,0,5,0,0.541,,,,,0.517,,,,,,,,,,0.025,,,,,,,,,,,,,,,,,,,0,5.0,0.529,122.0,0.0,118.339
1347,Very Low,RPath,348,0.0,3.0,0.0,874.0,1311.0,1748.0,0.0,Asphalt,134.6,5.0,3,129.735,0.939,2.8169999999999997,0.0,0.939,54,3,15.0,sidewalks,HMAC,1,2,2,0,0,0,0,0,0,0,0,0,1,0,0,1,0,0,0,0,0,0,0,0,0,0,0,2,0,0,0,0,0,0,1,2,2,0,0,0,0,0,0,0,0,0,0,0,1,1,1,2,2,5,5,0,3,1,0,0,0,0,0,0,0,0,0,0,0,0,1,2,0,1,0,0,1,2,2,0,0,0,0,3,1,0,1,0,0,0,0,0,0,0,0,0,5,0,0.958,,,0.011,,0.914,,,,,,0.011,,,,0.022,,,,,,,,,,,,,,,,,,,1,5.0,0.939,134.6,10.0,129.735
1348,Very Low,RPath,365,0.0,3.0,0.0,300.0,450.0,600.0,0.0,Asphalt,76.1,5.0,3,72.062,0.789,2.367,0.0,0.789,51,3,15.0,sidewalks,HMAC,1,0,0,1,0,0,0,0,0,0,0,0,1,0,0,0,0,0,0,0,0,0,0,0,0,5,0,2,0,0,0,1,0,0,1,2,2,0,0,0,1,2,0,0,0,0,0,0,1,1,1,2,2,5,0,4,0,1,0,0,0,0,0,0,0,0,0,0,0,0,0,0,0,1,2,0,1,0,0,0,0,0,0,3,1,1,1,0,0,0,0,0,0,0,0,0,5,0,0.789,,,,,0.789,,,,,,,,,,,,,,,,,,,,,,,,,,,,,0,5.0,0.789,76.1,0.0,72.062
1349,Very Low,RPath,366,0.0,3.0,0.0,353.0,529.0,705.0,0.0,Asphalt,73.3,5.0,3,68.734,0.962,2.886,0.0,0.962,55,3,15.0,sidewalks,HMAC,1,2,0,1,0,0,1,0,0,0,0,0,1,0,0,0,0,0,0,0,0,0,0,0,0,5,0,2,0,0,0,1,0,0,1,2,2,0,0,0,1,0,0,0,0,0,0,0,1,1,1,2,2,5,0,4,3,1,0,0,0,0,0,0,0,0,0,0,0,0,0,0,0,1,2,0,1,0,0,0,0,0,0,3,1,1,1,0,0,0,0,0,0,0,0,0,5,0,0.962,,,,,0.962,,,,,,,,,,,,,,,,,,,,,,,,,,,,,1,5.0,0.962,73.3,10.0,68.734
1350,Very Low,RPath,367,0.0,3.0,0.0,323.0,485.0,646.0,0.0,Asphalt,76.3,5.0,3,72.794,0.757,2.271,0.0,0.757,58,3,15.0,sidewalks,HMAC,1,2,0,1,2,0,1,0,0,0,0,0,1,0,0,0,0,0,0,0,0,0,0,0,0,5,0,2,0,0,0,1,0,0,1,2,2,1,0,0,1,0,0,0,0,0,0,0,1,1,1,2,2,5,0,4,0,1,0,0,0,0,0,0,0,0,0,0,0,0,0,0,0,1,0,0,1,0,0,0,0,0,5,3,1,1,1,0,0,0,0,0,0,0,0,0,5,0,0.767,,,,,0.747,,,,,,,,,,0.02,,,,,,,,,,,,,,,,,,,0,5.0,0.757,76.3,0.0,72.794
1351,Very Low,RPath,394,0.0,3.0,0.0,508.0,763.0,1017.0,0.0,Asphalt,134.5,5.0,3,134.494,0.608,1.824,0.0,0.608,56,3,15.0,sidewalks,HMAC,1,2,0,0,0,0,0,0,0,0,0,0,1,0,0,0,0,0,1,0,0,0,0,0,0,0,3,0,0,0,0,1,2,0,1,2,2,0,0,0,0,0,0,0,1,2,2,0,1,1,1,2,2,5,5,0,0,1,0,0,0,0,0,0,0,0,0,0,0,0,0,0,0,1,0,0,1,2,2,0,0,0,0,0,1,1,1,0,0,0,0,0,0,1,2,0,5,0,0.625,,,,,0.591,,,,,,,,,,0.033,,,,,,,,,,,,,,,,,,,0,5.0,0.608,134.5,0.0,134.494
1352,Very Low,RPath,432,0.0,3.0,0.0,383.0,574.0,765.0,0.0,Asphalt,123.2,5.0,3,123.167,0.621,1.863,0.0,0.621,62,3,15.0,sidewalks,HMAC,1,2,2,1,0,0,1,0,0,0,0,0,1,0,0,1,2,0,1,0,0,0,0,0,0,0,3,0,0,0,0,1,0,0,1,2,2,0,0,0,0,0,0,0,1,2,0,0,1,1,1,2,2,5,5,0,0,1,0,0,0,0,0,0,1,2,0,0,0,0,0,0,0,1,2,2,1,0,0,0,0,0,0,3,1,1,1,0,0,0,0,0,0,0,0,0,5,0,0.621,,,,,0.621,,,,,,,,,,,,,,,,,,,,,,,,,,,,,1,5.0,0.621,123.2,10.0,123.167
1353,Very Low,RPath,486,0.0,3.0,0.0,1432.0,2148.0,2864.0,0.0,Asphalt,301.2,5.0,3,301.242,0.951,2.853,0.0,0.951,49,3,15.0,sidewalks,HMAC,1,2,0,0,0,0,0,0,0,0,0,0,1,2,2,1,2,0,1,2,2,0,0,0,0,0,3,0,0,0,0,1,0,0,1,2,0,0,0,0,0,0,0,0,1,0,0,0,1,0,1,2,0,0,0,0,3,1,0,0,0,0,0,0,1,0,0,0,0,0,0,0,0,1,2,0,1,2,2,0,0,0,0,0,1,1,1,0,0,0,0,0,0,0,0,0,5,0,0.951,,,,,0.951,,,,,,,,,,,,,,,,,,,,,,,,,,,,,0,5.0,0.951,301.2,0.0,301.242
1354,Very Low,RPath,487,0.0,3.0,0.0,727.0,1091.0,1455.0,0.0,Asphalt,149.5,5.0,3,149.66,0.973,2.919,0.0,0.973,62,3,15.0,sidewalks,HMAC,1,2,2,1,2,2,1,2,2,0,0,0,1,2,0,1,2,0,0,0,0,0,0,0,0,5,0,2,0,0,0,0,0,0,1,2,2,0,0,0,0,0,0,0,1,2,0,0,1,0,1,2,2,0,0,0,0,1,0,0,0,0,0,0,1,2,0,0,0,0,0,0,0,1,2,0,0,0,0,0,0,0,5,3,0,0,0,0,0,0,0,0,0,0,0,0,5,0,0.973,,,,,0.973,,,,,,,,,,,,,,,,,,,,,,,,,,,,,0,5.0,0.973,149.5,0.0,149.66
1355,Very Low,RPath,488,0.0,3.0,0.0,360.0,540.0,720.0,0.0,Asphalt,70.4,5.0,3,71.492,1.023,3.069,0.0,1.023,57,3,15.0,sidewalks,HMAC,1,2,2,1,2,0,1,2,0,0,0,0,1,2,0,1,2,0,0,0,0,0,0,0,0,0,0,2,0,0,0,0,0,0,1,2,2,0,0,0,0,0,0,0,1,2,2,0,1,1,1,2,2,0,0,0,0,1,0,0,0,0,0,0,1,0,0,0,0,0,0,0,0,1,2,2,1,0,0,0,0,0,5,3,0,0,0,0,0,0,0,0,0,0,0,0,5,0,1.023,,,,,1.023,,,,,,,,,,,,,,,,,,,,,,,,,,,,,0,5.0,1.023,70.4,0.0,71.492
1356,Very Low,RPath,489,0.0,3.0,0.0,293.0,439.0,585.0,0.0,Asphalt,59.0,5.0,3,59.666,0.992,2.976,0.0,0.992,66,4,15.0,sidewalks,HMAC,1,2,0,1,2,0,1,2,0,0,0,0,1,2,2,1,2,2,0,0,0,0,0,0,0,0,0,2,0,0,0,0,0,0,1,2,2,0,0,0,0,0,0,0,1,2,2,0,1,1,1,2,2,5,5,0,0,1,0,0,0,0,0,0,1,0,0,0,0,0,0,0,0,1,2,2,1,0,0,0,0,0,5,0,0,0,0,0,0,0,0,0,0,0,0,0,5,0,0.992,,,,,0.992,,,,,,,,,,,,,,,,,,,,,,,,,,,,,0,5.0,0.992,59.0,0.0,59.666
1357,Very Low,RPath,509,0.0,3.0,0.0,1058.0,1587.0,2116.0,0.0,Asphalt,304.0,5.0,3,303.989,0.674,2.022,0.0,0.674,60,3,15.0,sidewalks,HMAC,1,2,2,1,2,2,1,2,0,0,0,0,1,2,2,1,2,0,0,0,0,0,0,0,0,5,0,2,0,0,0,0,0,0,1,2,2,0,0,0,1,0,0,0,1,0,0,0,0,0,1,0,0,0,0,0,0,1,0,0,0,0,0,0,0,0,0,0,0,0,0,0,0,1,2,2,1,2,2,0,0,0,5,3,0,0,0,0,0,0,0,0,0,0,0,0,5,0,0.676,,,,,0.671,,,,,,,,,,,,0.005,,,,,,,,,,,,,,,,,0,5.0,0.674,304.0,0.0,303.989
1358,Very Low,RPath,512,0.0,3.0,0.0,255.0,383.0,511.0,0.0,Asphalt,79.3,5.0,3,61.646,0.539,1.617,0.0,0.539,64,4,15.0,sidewalks,HMAC,1,2,2,1,2,0,1,2,0,0,0,0,1,0,0,0,0,0,0,0,0,0,0,0,0,5,0,2,0,0,0,0,0,0,1,2,2,0,0,0,0,0,0,0,0,0,0,0,1,1,1,2,2,0,5,0,0,1,0,0,0,0,0,0,1,2,0,0,0,0,1,2,0,1,2,2,1,2,2,0,0,0,5,0,0,0,1,0,0,0,0,0,0,0,0,0,5,0,0.568,,,,0.019,0.53,,,,,,0.019,,,,,,,,,,,,,,,,,,,,,,,1,5.0,0.539,79.3,10.0,61.646
1359,Very Low,RPath,539,0.0,3.0,0.0,120.0,180.0,240.0,0.0,Asphalt,32.1,5.0,3,28.313,0.607,1.821,0.0,0.607,60,3,15.0,sidewalks,CON,1,2,0,0,0,0,0,0,0,1,2,0,1,0,0,1,0,0,0,0,0,0,0,0,5,0,0,0,1,2,2,1,0,0,1,0,0,0,0,0,1,0,0,0,1,2,0,0,1,1,1,2,2,0,5,0,0,1,1,2,0,0,0,0,1,2,0,0,0,0,1,0,0,1,0,0,1,2,0,0,0,0,0,0,1,1,1,1,2,0,1,0,0,0,0,0,5,0,0.748,,,,0.187,0.561,,,,,,,,,,,,,,,,,,,,,,,,,,,,,1,5.0,0.607,32.1,10.0,28.313
1360,Very Low,RPath,613,0.0,3.0,0.0,239.0,359.0,479.0,0.0,Asphalt,61.7,5.0,3,64.069,0.68,2.04,0.0,0.68,64,4,15.0,sidewalks,HMAC,1,2,2,1,2,0,1,0,0,0,0,0,1,2,0,1,2,0,0,0,0,0,0,0,0,5,0,2,0,0,0,0,0,0,0,0,0,0,0,0,0,0,0,0,0,0,0,0,1,1,1,2,2,5,5,0,3,1,0,0,0,0,0,0,0,0,0,0,0,0,0,0,0,0,0,0,1,2,2,0,0,0,5,3,1,1,1,0,0,0,0,0,0,0,0,0,5,0,0.68,,,,,0.656,,,,,,,,,,,0.024,,,,,,,,,,,,,,,,,,3,5.0,0.68,61.7,30.0,64.069
1361,Very Low,RPath,620,0.0,3.0,0.0,316.0,474.0,632.0,0.0,Asphalt,73.0,5.0,3,70.346,0.781,2.343,0.0,0.781,55,3,15.0,sidewalks,HMAC,1,0,0,1,0,0,1,0,0,0,0,0,1,0,0,0,0,0,0,0,0,0,0,0,0,5,0,2,0,0,0,1,0,0,1,2,2,0,0,0,1,2,0,0,0,0,0,0,1,1,1,2,2,5,0,4,3,1,0,0,0,0,0,0,0,0,0,0,0,0,0,0,0,1,2,0,1,0,0,0,0,0,0,3,1,1,1,0,0,0,0,0,0,0,0,0,5,0,0.781,,,,,0.761,,,,,,,,,,,0.021,,,,,,,,,,,,,,,,,,1,5.0,0.781,73.0,10.0,70.346
1362,Very Low,RPath,901,0.0,3.0,0.0,682.0,1023.0,1364.0,0.0,Asphalt,185.8,5.0,3,185.81,0.696,2.088,0.0,0.696,53,3,15.0,sidewalks,HMAC,1,2,2,1,0,0,1,0,0,0,0,0,1,2,2,0,0,0,0,0,0,0,0,0,0,5,0,2,0,0,0,0,0,0,1,2,0,0,0,0,0,0,0,0,1,0,0,0,0,0,1,0,0,0,0,0,0,1,0,0,0,0,0,0,1,0,0,0,0,0,0,0,0,1,2,2,1,2,2,1,0,0,5,3,1,1,1,0,0,0,0,0,0,0,0,0,5,0,0.702,,,,,0.694,,,,,,0.008,,,,,,,,,,,,,,,,,,,,,,,0,5.0,0.696,185.8,0.0,185.81
1363,Very Low,RPath,996,0.0,3.0,0.0,1005.0,1508.0,2011.0,0.0,Asphalt,375.8,5.0,3,373.029,0.501,1.503,0.0,0.501,53,3,15.0,sidewalks,HMAC,1,2,2,1,0,0,1,0,0,0,0,0,1,0,0,1,0,0,0,0,0,0,0,0,0,0,0,2,0,0,0,0,0,0,1,2,2,0,0,0,0,0,0,0,0,0,0,0,1,1,1,2,2,5,5,0,3,1,0,0,0,0,0,0,0,0,0,0,0,0,1,0,0,1,0,0,1,2,0,0,0,0,0,3,1,1,1,0,0,0,0,0,0,0,0,0,5,0,0.519,,,,0.024,0.491,,,,,,,,,,,0.004,,,,,,,,,,,,,,,,,,1,5.0,0.501,375.8,10.0,373.029
1364,Very Low,RPath,997,0.0,3.0,0.0,1282.0,1924.0,2565.0,0.0,Asphalt,300.0,5.0,3,283.717,0.855,2.565,0.0,0.855,56,3,15.0,sidewalks,HMAC,1,2,2,1,2,0,1,0,0,0,0,0,1,0,0,1,0,0,0,0,0,0,0,0,0,5,0,2,0,0,0,0,0,0,1,2,2,0,0,0,0,0,0,0,0,0,0,0,1,1,1,2,2,5,5,0,0,0,0,0,0,0,0,0,0,0,0,0,0,0,1,0,0,1,0,0,1,2,0,0,0,0,0,3,1,1,1,0,0,0,0,0,0,0,0,0,5,0,0.855,,,,,0.855,,,,,,,,,,,,,,,,,,,,,,,,,,,,,1,5.0,0.855,300.0,10.0,283.717
1365,Very Low,RPath,999,0.0,3.0,0.0,1891.0,2837.0,3782.0,0.0,Asphalt,384.0,5.0,3,382.68,0.966,2.8979999999999997,0.0,0.966,53,3,15.0,sidewalks,HMAC,1,2,2,1,2,0,1,2,0,0,0,0,1,0,0,1,0,0,0,0,0,0,0,0,0,5,0,2,0,0,0,0,0,0,0,0,0,0,0,0,0,0,0,0,0,0,0,0,1,1,1,2,2,5,5,0,3,0,0,0,0,0,0,0,0,0,0,0,0,0,0,0,0,0,0,0,1,2,2,0,0,0,0,0,1,1,1,0,0,0,0,0,0,0,0,0,5,0,0.969,,,,,0.965,,,,,,0.004,,,,,,,,,,,,,,,,,,,,,,,3,5.0,0.966,384.0,30.0,382.68
1366,Very Low,RPath,1012,0.0,3.0,0.0,1523.0,2284.0,3045.0,0.0,Asphalt,300.0,5.0,3,298.793,0.766,2.298,0.0,0.766,53,3,15.0,sidewalks,HMAC,1,2,2,1,2,0,1,2,0,0,0,0,1,0,0,1,0,0,0,0,0,0,0,0,0,5,0,2,0,0,0,0,0,0,0,0,0,0,0,0,0,0,0,0,0,0,0,0,1,1,1,2,2,5,5,0,3,0,0,0,0,0,0,0,0,0,0,0,0,0,0,0,0,0,0,0,1,2,2,0,0,0,0,0,1,1,1,0,0,0,0,0,0,0,0,0,5,0,0.995,,,,0.305,0.685,,,,,,,0.005,,,,,,,,,,,,,,,,,,,,,,3,5.0,0.766,300.0,30.0,298.793
1367,Very Low,RPath,1091,0.0,3.0,0.0,1106.0,1658.0,2211.0,0.0,Asphalt,229.6,5.0,3,231.238,0.931,2.793,0.0,0.931,58,3,15.0,sidewalks,HMAC,1,2,2,1,0,0,1,0,0,0,0,0,1,2,0,0,0,0,0,0,0,0,0,0,0,5,0,2,0,0,0,0,0,0,1,2,2,0,0,0,0,0,0,0,1,0,0,0,0,0,1,2,2,5,5,0,3,0,0,0,0,0,0,0,0,0,0,0,0,0,0,0,0,1,2,0,1,2,0,0,0,0,0,3,1,1,1,0,0,0,0,0,0,0,0,0,5,0,0.934,,,,,0.928,,,,,,,,,,0.007,,,,,,,,,,,,,,,,,,,1,5.0,0.931,229.6,10.0,231.238
1368,Very Low,RPath,1092,0.0,3.0,0.0,1214.0,1821.0,2428.0,0.0,Asphalt,241.8,5.0,3,243.175,0.98,2.94,0.0,0.98,57,3,15.0,sidewalks,HMAC,1,2,2,0,0,0,0,0,0,0,0,0,1,2,2,1,2,2,0,0,0,0,0,0,0,5,0,2,0,0,0,0,0,0,1,2,2,0,0,0,0,0,0,0,0,0,0,0,0,0,1,0,0,5,5,0,0,1,0,0,0,0,0,0,0,0,0,0,0,0,0,0,0,1,2,0,1,2,2,0,0,0,0,3,1,1,0,0,0,0,0,0,0,0,0,0,5,0,0.98,,,,,0.974,,,,,,,,,,,0.006,,,,,,,,,,,,,,,,,,0,5.0,0.98,241.8,0.0,243.175
1369,Very Low,RPath,1093,0.0,3.0,0.0,1026.0,1539.0,2052.0,0.0,Asphalt,235.1,5.0,3,232.802,0.716,2.1479999999999997,0.0,0.716,53,3,15.0,sidewalks,HMAC,1,2,2,1,0,0,0,0,0,0,0,0,1,2,2,1,2,2,0,0,0,0,0,0,0,5,0,2,0,0,0,0,0,0,1,2,0,0,0,0,0,0,0,0,0,0,0,0,0,0,1,2,2,5,5,0,0,1,0,0,0,0,0,0,0,0,0,0,0,0,0,0,0,1,0,0,0,0,0,0,0,0,0,3,1,1,0,0,0,0,0,0,0,0,0,0,5,0,0.721,,,,,0.683,,0.006,,,0.019,,,,,,0.013,,,,,,,,,,,,,,,,,,0,5.0,0.716,235.1,0.0,232.802
1370,Very Low,RPath,1094,0.0,3.0,0.0,646.0,968.0,1291.0,0.0,Asphalt,173.1,5.0,3,168.585,0.719,2.157,0.0,0.719,54,3,15.0,sidewalks,HMAC,1,2,2,1,0,0,1,0,0,0,0,0,0,0,0,0,0,0,0,0,0,0,0,0,0,5,0,2,0,0,0,0,0,0,1,2,2,0,0,0,0,0,0,0,0,0,0,0,0,0,1,2,2,5,5,4,0,0,0,0,0,0,0,0,0,0,0,0,0,0,0,0,0,1,2,2,0,0,0,0,0,0,0,3,1,1,1,0,0,0,0,0,0,0,0,0,5,0,0.745,,,,0.035,0.711,,,,,,,,,,,,,,,,,,,,,,,,,,,,,0,5.0,0.719,173.1,0.0,168.585
1371,Very Low,RPath,1096,0.0,3.0,0.0,1778.0,2667.0,3555.0,0.0,Asphalt,392.0,5.0,3,387.668,0.907,2.721,0.0,0.907,51,3,15.0,sidewalks,HMAC,1,2,2,1,0,0,1,0,0,0,0,0,0,0,0,0,0,0,0,0,0,0,0,0,0,5,0,2,0,0,0,0,0,0,1,2,2,0,0,0,0,0,0,0,0,0,0,0,0,0,1,2,2,5,5,4,0,1,0,0,0,0,0,0,0,0,0,0,0,0,0,0,0,1,0,0,0,0,0,0,0,0,0,3,1,1,1,0,0,0,0,0,0,0,0,0,5,0,0.907,,,,,0.907,,,,,,,,,,,,,,,,,,,,,,,,,,,,,0,5.0,0.907,392.0,0.0,387.668
1372,Very Low,RPath,1100,0.0,3.0,0.0,1178.0,1767.0,2356.0,0.0,Asphalt,238.9,5.0,3,236.286,0.986,2.958,0.0,0.986,56,3,15.0,sidewalks,HMAC,1,2,2,1,0,0,1,0,0,0,0,0,1,2,0,1,0,0,0,0,0,0,0,0,0,5,0,2,0,0,0,0,0,0,1,2,2,0,0,0,0,0,0,0,1,2,2,0,0,0,1,2,2,5,5,0,0,1,0,0,0,0,0,0,1,0,0,0,0,0,0,0,0,1,2,0,1,0,0,0,0,0,0,0,1,0,1,0,0,0,0,0,0,0,0,0,5,0,0.986,,,,,0.986,,,,,,,,,,,,,,,,,,,,,,,,,,,,,1,5.0,0.986,238.9,10.0,236.286
1373,Very Low,RPath,1101,0.0,3.0,0.0,790.0,1185.0,1580.0,0.0,Asphalt,168.8,5.0,3,166.297,0.78,2.34,0.0,0.78,61,3,15.0,sidewalks,HMAC,1,2,2,1,0,0,1,0,0,0,0,0,1,0,0,1,2,0,0,0,0,0,0,0,0,5,0,2,0,0,0,0,0,0,1,2,2,0,0,0,0,0,0,0,1,2,2,0,1,0,1,2,2,5,5,0,0,1,0,0,0,0,0,0,1,2,0,0,0,0,0,0,0,1,2,0,0,0,0,0,0,0,0,3,1,0,1,0,0,0,0,0,0,0,0,0,5,0,0.791,,,,,0.756,,0.009,,,,,0.009,,,0.009,0.009,,,,,,,,,,,,,,,,,,0,5.0,0.78,168.8,0.0,166.297
1374,Very Low,RPath,1104,0.0,3.0,0.0,427.0,640.0,853.0,0.0,Asphalt,104.8,5.0,3,101.816,0.759,2.277,0.0,0.759,66,4,15.0,sidewalks,HMAC,1,2,2,1,2,0,1,0,0,0,0,0,1,0,0,1,2,2,0,0,0,0,0,0,5,0,0,2,0,0,0,0,0,0,1,2,2,0,0,0,0,0,0,0,1,2,2,0,1,1,1,2,2,5,5,0,0,1,0,0,0,0,0,0,1,2,0,0,0,0,0,0,0,1,2,0,0,0,0,0,0,0,0,3,1,0,1,0,0,0,0,0,0,0,0,0,5,0,0.759,,,,,0.744,,,,,,,0.014,,,,,,,,,,,,,,,,,,,,,,2,5.0,0.759,104.8,20.0,101.816
1375,Very Low,RPath,1137,0.0,3.0,0.0,1027.0,1541.0,2055.0,0.0,Asphalt,223.6,5.0,3,224.666,0.919,2.757,0.0,0.919,54,3,15.0,sidewalks,HMAC,1,2,2,0,0,0,0,0,0,0,0,0,1,2,2,1,2,2,0,0,0,0,0,0,0,5,0,2,0,0,0,0,0,0,1,2,2,0,0,0,0,0,0,0,0,0,0,0,0,0,1,2,0,5,5,0,0,0,0,0,0,0,0,0,0,0,0,0,0,0,0,0,0,1,2,0,1,0,0,0,0,0,0,3,1,1,0,0,0,0,0,0,0,0,0,0,5,0,0.919,,,,,0.919,,,,,,,,,,,,,,,,,,,,,,,,,,,,,0,5.0,0.919,223.6,0.0,224.666
1376,Very Low,RPath,1151,0.0,3.0,0.0,1062.0,1593.0,2124.0,0.0,Asphalt,227.4,5.0,3,225.92,0.874,2.622,0.0,0.874,53,3,15.0,sidewalks,HMAC,1,2,2,0,0,0,0,0,0,0,0,0,1,0,0,1,0,0,0,0,0,0,0,0,0,5,0,2,0,0,0,0,0,0,1,2,0,0,0,0,0,0,0,0,0,0,0,0,0,0,1,2,0,5,5,0,3,1,0,0,0,0,0,0,0,0,0,0,0,0,0,0,0,1,2,0,1,2,2,0,0,0,0,3,1,1,1,0,0,0,0,0,0,0,0,0,5,0,0.877,,,,,0.864,,,,,,,,,,0.007,0.007,,,,,,,,,,,,,,,,,,0,5.0,0.874,227.4,0.0,225.92
1377,Very Low,RPath,1163,0.0,3.0,0.0,30.0,45.0,60.0,0.0,Asphalt,10.3,5.0,3,8.119,0.585,1.755,0.0,0.585,54,3,15.0,sidewalks,CON,1,2,2,1,2,2,0,0,0,0,0,0,0,0,0,0,0,0,0,0,0,0,0,0,0,0,0,0,0,0,0,0,0,0,1,2,2,0,0,0,0,0,0,0,1,2,2,0,0,0,1,2,2,5,5,0,3,0,0,0,0,0,0,0,0,0,0,0,0,0,0,0,0,0,0,0,1,0,0,0,0,0,0,0,1,1,1,1,2,0,1,0,0,1,2,0,5,0,0.585,,,,,0.585,,,,,,,,,,,,,,,,,,,,,,,,,,,,,0,5.0,0.585,10.3,0.0,8.119
1378,Very Low,RPath,926,0.0,3.0,0.0,1312.0,1969.0,2625.0,0.0,Asphalt,315.5,5.0,3,92.926,0.832,2.496,0.0,0.832,53,3,15.0,sidewalks,HMAC,1,2,2,1,2,2,0,0,0,0,0,0,1,2,2,0,0,0,0,0,0,0,0,0,0,5,0,0,0,0,0,0,0,0,0,0,0,0,0,0,1,0,0,0,0,0,0,0,1,0,1,2,2,5,5,0,0,0,1,0,0,0,0,0,0,0,0,0,0,0,0,0,0,0,0,0,1,2,0,0,0,0,0,0,1,1,1,0,0,0,1,2,0,1,0,0,5,0,0.832,,,,,0.832,,,,,,,,,,,,,,,,,,,,,,,,,,,,,0,5.0,0.832,315.5,0.0,92.926
1379,Very Low,RPath,346,0.0,3.0,0.0,794.0,1191.0,1588.0,0.0,Asphalt,136.0,5.0,3,55.437,0.926,2.778,0.0,0.926,66,4,15.0,sidewalks,HMAC,1,2,2,1,2,0,1,2,0,0,0,0,0,0,0,0,0,0,0,0,0,0,0,0,0,5,0,2,0,0,0,0,0,0,1,2,2,0,0,0,0,0,0,0,0,0,0,0,1,1,1,2,2,5,5,0,0,0,0,0,0,0,0,0,1,2,0,0,0,0,1,2,0,1,2,0,1,2,2,0,0,0,5,0,1,0,1,0,0,0,0,0,0,0,0,0,5,0,0.949,,,,,0.893,,,,,,0.022,0.011,,,0.011,0.011,,,,,,,,,,,,,,,,,,1,5.0,0.926,136.0,10.0,55.437
1380,Very Low,RPath,1455,0.0,3.0,0.0,263.0,394.0,526.0,0.0,Asphalt,89.4,5.0,3,89.404,0.508,1.524,0.0,0.508,50,3,15.0,walkways,HMAC,1,2,2,1,2,0,0,0,0,0,0,0,1,2,0,1,2,0,0,0,0,0,0,0,0,5,0,2,0,0,0,0,0,0,1,2,2,0,0,0,0,0,0,0,1,0,0,0,1,0,1,2,0,0,0,0,0,1,0,0,0,0,0,0,0,0,0,0,0,0,0,0,0,1,2,2,1,2,0,0,0,0,5,0,0,0,0,0,0,0,0,0,0,0,0,0,5,0,0.52,,,,,0.503,,0.017,,,,,,,,,,,,,,,,,,,,,,,,,,,0,5.0,0.508,89.4,0.0,89.404
1381,Very Low,RPath,1458,0.0,3.0,0.0,360.0,540.0,720.0,0.0,Asphalt,70.3,5.0,3,70.315,1.024,3.072,0.0,1.024,53,3,15.0,walkways,HMAC,1,2,2,1,2,2,1,2,2,0,0,0,1,0,0,0,0,0,0,0,0,0,0,0,0,5,0,2,0,0,0,0,0,0,1,2,2,0,0,0,0,0,0,0,0,0,0,0,1,0,1,2,0,0,0,0,0,1,0,0,0,0,0,0,1,2,0,0,0,0,1,0,0,1,2,0,1,2,0,0,0,0,5,0,0,0,0,0,0,0,0,0,0,0,0,0,5,0,1.024,,,,,1.024,,,,,,,,,,,,,,,,,,,,,,,,,,,,,0,5.0,1.024,70.3,0.0,70.315
1382,Very Low,RPath,1501,0.0,3.0,0.0,135.0,202.0,270.0,0.0,Asphalt,37.8,5.0,3,37.961,0.714,2.142,0.0,0.714,52,3,15.0,walkways,HMAC,1,2,2,1,2,2,1,2,0,0,0,0,1,2,0,1,2,0,0,0,0,0,0,0,0,5,0,2,0,0,0,0,0,0,1,2,2,0,0,0,0,0,0,0,1,0,0,0,1,0,1,2,0,0,0,0,3,0,0,0,0,0,0,0,1,0,0,0,0,0,0,0,0,1,0,0,1,2,0,0,0,0,0,3,0,0,0,0,0,0,0,0,0,0,0,0,5,0,0.714,,,,,0.714,,,,,,,,,,,,,,,,,,,,,,,,,,,,,0,5.0,0.714,37.8,0.0,37.961
1383,Very Low,RPath,1502,0.0,3.0,0.0,195.0,293.0,391.0,0.0,Asphalt,40.2,5.0,3,40.187,0.616,1.848,0.0,0.616,51,3,15.0,walkways,HMAC,1,2,2,1,2,2,1,0,0,0,0,0,1,2,2,1,2,0,0,0,0,0,0,0,0,5,0,2,0,0,0,0,0,0,1,2,2,0,0,0,0,0,0,0,1,0,0,0,1,0,1,2,0,0,0,0,0,1,0,0,0,0,0,0,0,0,0,0,0,0,0,0,0,1,2,0,1,2,0,0,0,0,0,3,0,0,0,0,0,0,0,0,0,0,0,0,5,0,0.672,,,,,0.597,,0.075,,,,,,,,,,,,,,,,,,,,,,,,,,,0,5.0,0.616,40.2,0.0,40.187
1384,Very Low,RPath,1548,0.0,3.0,0.0,337.0,506.0,675.0,0.0,Asphalt,49.5,5.0,3,49.488,0.515,1.545,0.0,0.515,51,3,15.0,walkways,HMAC,1,2,2,1,2,0,1,2,0,0,0,0,1,2,2,1,2,0,0,0,0,0,0,0,0,5,0,2,0,0,0,0,0,0,1,2,0,0,0,0,1,0,0,0,1,0,0,0,0,0,1,0,0,0,0,0,0,1,0,0,0,0,0,0,0,0,0,0,0,0,0,0,0,1,2,2,1,2,2,0,0,0,0,3,0,0,0,0,0,0,0,0,0,0,0,0,5,0,0.515,,,,,0.303,,,0.03,,,,0.182,,,,,,,,,,,,,,,,,,,,,,0,5.0,0.515,49.5,0.0,49.488
1385,Very Low,RPath,1553,0.0,3.0,0.0,240.0,360.0,480.0,0.0,Asphalt,42.1,5.0,3,42.59,0.997,2.991,0.0,0.997,55,3,15.0,walkways,HMAC,1,2,2,1,2,0,1,2,0,0,0,0,1,0,0,1,2,0,0,0,0,0,0,0,0,5,0,2,0,0,0,1,2,0,1,2,2,0,0,0,1,2,0,0,1,2,0,0,1,0,1,2,2,0,0,0,0,1,0,0,0,0,0,0,0,0,0,0,0,0,0,0,0,1,0,0,1,2,0,0,0,0,0,3,0,0,0,0,0,0,0,0,0,0,0,0,5,0,0.997,,,,,0.961,,,,,,,,,,,,,0.036,,,,,,,,,,,,,,,,0,5.0,0.997,42.1,0.0,42.59
1386,Very Low,RPath,1554,0.0,3.0,0.0,420.0,630.0,840.0,0.0,Asphalt,77.5,5.0,3,37.139,1.084,3.252,0.0,1.084,49,3,15.0,walkways,HMAC,1,2,2,1,2,0,1,0,0,0,0,0,1,2,0,1,0,0,0,0,0,0,0,0,0,5,0,2,0,0,0,1,0,0,1,2,2,0,0,0,1,2,0,0,1,0,0,0,1,0,1,2,0,0,0,0,0,1,0,0,0,0,0,0,0,0,0,0,0,0,0,0,0,1,2,0,1,2,0,0,0,0,0,3,0,0,0,0,0,0,0,0,0,0,0,0,5,0,1.084,,,,,1.084,,,,,,,,,,,,,,,,,,,,,,,,,,,,,0,5.0,1.084,77.5,0.0,37.139
1387,Very Low,RPath,15,0.0,2.0,0.0,30.0,45.0,60.0,0.0,Asphalt,9.9,5.0,2,9.948,0.603,1.206,0.0,0.603,40,2,10.0,sidewalks,CON,1,2,2,1,2,2,0,0,0,0,0,0,0,0,0,1,0,0,0,0,0,0,0,0,0,0,0,0,0,0,0,0,0,0,1,2,0,0,0,0,0,0,0,0,0,0,0,0,1,0,1,2,0,0,0,0,0,1,0,0,0,0,0,0,0,0,0,0,0,0,0,0,0,0,0,0,1,2,2,0,0,0,0,0,1,1,1,1,2,0,1,2,2,0,0,0,5,0,0.603,,,,,0.603,,,,,,,,,,,,,,,,,,,,,,,,,,,,,0,5.0,0.603,9.9,0.0,9.948
1388,Very Low,RPath,50,0.0,2.0,0.0,188.0,281.0,375.0,0.0,Asphalt,68.6,5.0,2,68.611,0.547,1.094,0.0,0.547,43,2,10.0,sidewalks,HMAC,1,2,2,1,0,0,0,0,0,0,0,0,1,2,0,0,0,0,0,0,0,0,0,0,0,5,0,2,0,0,0,0,0,0,1,2,2,0,0,0,0,0,0,0,1,0,0,0,0,0,1,0,0,0,0,0,3,1,0,0,0,0,0,0,0,0,0,0,0,0,0,0,0,1,2,0,1,0,0,0,0,0,0,3,1,1,1,0,0,0,1,0,0,0,0,0,5,0,0.547,,,,,0.547,,,,,,,,,,,,,,,,,,,,,,,,,,,,,0,5.0,0.547,68.6,0.0,68.611
1389,Very Low,RPath,51,0.0,2.0,0.0,270.0,405.0,539.0,0.0,Asphalt,68.1,5.0,2,68.14,0.792,1.584,0.0,0.792,40,2,10.0,sidewalks,HMAC,1,2,2,1,0,0,0,0,0,0,0,0,1,2,0,0,0,0,0,0,0,0,0,0,0,5,0,2,0,0,0,0,0,0,1,2,2,0,0,0,0,0,0,0,0,0,0,0,0,0,0,0,0,0,0,0,3,1,0,0,0,0,0,0,0,0,0,0,0,0,0,0,0,1,2,0,0,0,0,0,0,0,0,3,1,1,1,0,0,0,1,0,0,0,0,0,5,0,0.792,,,,,0.792,,,,,,,,,,,,,,,,,,,,,,,,,,,,,0,5.0,0.792,68.1,0.0,68.14
1390,Very Low,RPath,73,0.0,2.0,0.0,652.0,979.0,1305.0,0.0,Asphalt,135.2,5.0,2,131.499,0.965,1.93,0.0,0.965,46,3,10.0,sidewalks,HMAC,0,0,0,0,0,0,0,0,0,0,0,0,1,2,2,0,0,0,1,2,2,0,0,0,0,5,3,0,0,0,0,1,0,0,1,0,0,0,0,0,0,0,0,0,1,0,0,0,1,1,1,2,2,0,0,0,3,1,0,0,0,0,0,0,0,0,0,0,0,0,0,0,0,0,0,0,1,2,2,0,0,0,0,0,1,1,1,0,0,0,0,0,0,1,0,0,5,0,0.965,,,,,0.965,,,,,,,,,,,,,,,,,,,,,,,,,,,,,0,5.0,0.965,135.2,0.0,131.499
1391,Very Low,RPath,337,0.0,2.0,0.0,1053.0,1580.0,2106.0,0.0,Asphalt,77.2,5.0,2,77.247,0.505,1.01,0.0,0.505,46,3,10.0,sidewalks,HMAC,1,2,0,1,2,0,1,0,0,0,0,0,1,2,2,0,0,0,0,0,0,0,0,0,0,0,0,2,0,0,0,0,0,0,1,2,0,0,0,0,0,0,0,0,0,0,0,0,1,1,1,2,2,5,0,0,3,1,0,0,0,0,0,0,0,0,0,0,0,0,0,0,0,1,0,0,1,0,0,0,0,0,0,3,1,1,1,0,0,0,0,0,0,0,0,0,5,0,0.505,,,0.117,,0.388,,,,,,,,,,,,,,,,,,,,,,,,,,,,,0,5.0,0.505,77.2,0.0,77.247
1392,Very Low,RPath,368,0.0,2.0,0.0,344.0,516.0,688.0,0.0,Asphalt,74.5,5.0,2,50.468,0.544,1.088,0.0,0.544,47,3,10.0,sidewalks,HMAC,1,2,2,1,2,2,1,0,0,0,0,0,1,2,0,1,2,0,0,0,0,0,0,0,0,0,0,2,0,0,0,0,0,0,1,2,2,0,0,0,0,0,0,0,0,0,0,0,0,0,1,0,0,0,0,0,0,1,0,0,0,0,0,0,0,0,0,0,0,0,0,0,0,1,2,0,1,2,2,0,0,0,5,3,0,0,0,0,0,0,0,0,0,0,0,0,5,0,0.544,,,0.02,,0.524,,,,,,,,,,,,,,,,,,,,,,,,,,,,,0,5.0,0.544,74.5,0.0,50.468
1393,Very Low,RPath,995,0.0,2.0,0.0,1268.0,1901.0,2535.0,0.0,Asphalt,300.0,5.0,2,300.0,0.845,1.69,0.0,0.845,33,2,10.0,sidewalks,HMAC,1,2,2,1,2,0,1,0,0,0,0,0,0,0,0,1,0,0,0,0,0,0,0,0,0,0,0,0,0,0,0,0,0,0,1,0,0,0,0,0,0,0,0,0,0,0,0,0,0,0,1,2,2,5,5,0,0,0,0,0,0,0,0,0,0,0,0,0,0,0,0,0,0,0,0,0,1,0,0,0,0,0,0,3,1,1,1,0,0,0,0,0,0,0,0,0,0,0,0.845,,,,,0.845,,,,,,,,,,,,,,,,,,,,,,,,,,,,,0,5.0,0.845,300.0,0.0,300.0
1394,Very Low,RPath,998,0.0,2.0,0.0,1065.0,1598.0,2130.0,0.0,Asphalt,300.0,5.0,2,299.999,0.665,1.33,0.0,0.665,38,2,10.0,sidewalks,HMAC,1,2,2,1,2,0,1,2,0,0,0,0,1,0,0,1,0,0,0,0,0,0,0,0,0,0,0,0,0,0,0,0,0,0,1,2,0,0,0,0,0,0,0,0,0,0,0,0,0,0,1,2,2,5,5,0,0,0,0,0,0,0,0,0,0,0,0,0,0,0,0,0,0,0,0,0,1,0,0,0,0,0,0,3,1,1,1,0,0,0,0,0,0,0,0,0,0,0,0.67,,,,,0.66,,,,,,,,,,,,0.01,,,,,,,,,,,,,,,,,0,5.0,0.665,300.0,0.0,299.999
1395,Very Low,RPath,1031,0.0,2.0,0.0,53.0,79.0,105.0,0.0,Asphalt,8.8,5.0,2,6.606,0.512,1.024,0.0,0.512,40,2,10.0,sidewalks,CON,1,2,2,0,0,0,0,0,0,0,0,0,0,0,0,0,0,0,0,0,0,0,0,0,0,0,0,2,0,0,0,0,0,0,1,2,2,0,0,0,0,0,0,0,1,2,2,0,0,0,1,2,2,5,5,0,0,0,0,0,0,0,0,0,0,0,0,0,0,0,0,0,0,0,0,0,0,0,0,0,0,0,0,0,1,1,1,0,0,0,0,0,0,0,0,0,5,0,0.512,,,,,0.341,,,,,,,,,,,0.171,,,,,,,,,,,,,,,,,,0,5.0,0.512,8.8,0.0,6.606
1396,Very Low,RPath,1150,0.0,2.0,0.0,1392.0,2089.0,2785.0,0.0,Asphalt,281.3,5.0,2,276.988,0.832,1.664,0.0,0.832,43,2,10.0,sidewalks,HMAC,1,2,2,1,0,0,0,0,0,0,0,0,1,0,0,1,0,0,0,0,0,0,0,0,0,5,0,2,0,0,0,0,0,0,1,0,0,0,0,0,0,0,0,0,0,0,0,0,0,0,1,2,2,5,5,0,0,1,0,0,0,0,0,0,0,0,0,0,0,0,0,0,0,0,0,0,0,0,0,0,0,0,0,3,1,1,1,0,0,0,0,0,0,0,0,0,5,0,0.832,,,0.005,,0.81,,,,,0.016,,,,,,,,,,,,,,,,,,,,,,,,0,5.0,0.832,281.3,0.0,276.988
1397,Very Low,RPath,1357,0.0,2.0,0.0,285.0,428.0,570.0,0.0,Asphalt,54.9,5.0,2,54.869,1.039,2.078,0.0,1.039,44,2,10.0,walkways,HMAC,1,2,0,1,2,0,0,0,0,0,0,0,1,2,0,1,0,0,0,0,0,0,0,0,0,0,0,2,0,0,0,0,0,0,1,2,0,0,0,0,1,2,0,0,0,0,0,0,1,0,1,2,0,0,0,0,0,1,0,0,0,0,0,0,0,0,0,0,0,0,0,0,0,1,2,2,1,2,0,0,0,0,5,3,0,0,0,0,0,0,0,0,0,0,0,0,5,0,1.039,,,,,1.039,,,,,,,,,,,,,,,,,,,,,,,,,,,,,0,5.0,1.039,54.9,0.0,54.869
1398,Very Low,RPath,1360,0.0,2.0,0.0,374.0,562.0,749.0,0.0,Asphalt,82.3,5.0,2,82.269,0.511,1.022,0.0,0.511,45,2,10.0,walkways,HMAC,1,2,0,0,0,0,0,0,0,0,0,0,1,2,0,0,0,0,0,0,0,0,0,0,0,0,0,2,0,0,0,1,0,0,1,2,2,0,0,0,1,0,0,0,1,0,0,0,0,0,1,2,0,0,0,0,0,1,1,2,0,0,0,0,0,0,0,0,0,0,0,0,0,1,2,0,1,2,0,0,0,0,5,3,1,1,1,0,0,0,0,0,0,0,0,0,5,0,0.547,,,,0.036,0.419,,,,,,,,,0.073,0.018,,,,,,,,,,,,,,,,,,,0,5.0,0.511,82.3,0.0,82.269
1399,Very Low,RPath,1395,0.0,2.0,0.0,495.0,742.0,989.0,0.0,Asphalt,35.0,5.0,2,35.014,0.578,1.156,0.0,0.578,46,3,10.0,walkways,HMAC,1,2,0,1,2,0,1,2,0,0,0,0,1,2,2,0,0,0,0,0,0,0,0,0,0,5,0,2,0,0,0,0,0,0,1,2,0,0,0,0,0,0,0,0,1,0,0,0,0,0,1,2,2,0,0,0,0,1,0,0,0,0,0,0,0,0,0,0,0,0,0,0,0,1,2,0,1,2,0,0,0,0,0,3,0,0,1,0,0,0,0,0,0,0,0,0,5,0,0.771,,,,0.257,,,,0.514,,,,,,,,,,,,,,,,,,,,,,,,,,0,5.0,0.578,35.0,0.0,35.014
1400,Very Low,RPath,1435,0.0,2.0,0.0,451.0,677.0,903.0,0.0,Asphalt,84.2,5.0,2,84.2,0.855,1.71,0.0,0.855,44,2,10.0,walkways,HMAC,1,2,0,1,2,0,1,0,0,0,0,0,1,2,2,1,2,2,0,0,0,0,0,0,0,0,0,2,0,0,0,0,0,0,1,0,0,0,0,0,0,0,0,0,0,0,0,0,1,1,1,2,2,0,0,0,3,1,0,0,0,0,0,0,0,0,0,0,0,0,0,0,0,1,0,0,1,2,0,0,0,0,0,3,1,0,0,0,0,0,0,0,0,0,0,0,5,0,0.855,,,,,0.802,,,0.036,,,,0.018,,,,,,,,,,,,,,,,,,,,,,0,5.0,0.855,84.2,0.0,84.2
1401,Very Low,RPath,1443,0.0,2.0,0.0,367.0,551.0,735.0,0.0,Asphalt,74.0,5.0,2,73.999,0.993,1.986,0.0,0.993,31,2,10.0,walkways,HMAC,1,2,2,1,0,0,0,0,0,0,0,0,1,2,0,0,0,0,1,0,0,0,0,0,0,0,0,2,0,0,0,0,0,0,1,0,0,0,0,0,0,0,0,0,0,0,0,0,0,0,0,0,0,0,0,0,0,1,0,0,0,0,0,0,0,0,0,0,0,0,0,0,0,1,2,2,1,0,0,0,0,0,0,3,1,1,1,0,0,0,0,0,0,0,0,0,5,0,0.993,,,,,0.993,,,,,,,,,,,,,,,,,,,,,,,,,,,,,0,5.0,0.993,74.0,0.0,73.999
1402,Very Low,RPath,1444,0.0,2.0,0.0,233.0,349.0,465.0,0.0,Asphalt,44.0,5.0,2,43.992,1.057,2.114,0.0,1.057,45,2,10.0,walkways,HMAC,1,2,2,0,0,0,0,0,0,0,0,0,1,2,2,0,0,0,0,0,0,0,0,0,0,5,0,2,0,0,0,0,0,0,1,2,2,0,0,0,0,0,0,0,1,0,0,0,0,0,1,0,0,0,0,0,0,1,0,0,0,0,0,0,0,0,0,0,0,0,0,0,0,1,2,0,1,2,0,1,0,0,5,3,0,0,0,0,0,0,0,0,0,0,0,0,5,0,1.057,,,,,1.057,,,,,,,,,,,,,,,,,,,,,,,,,,,,,0,5.0,1.057,44.0,0.0,43.992
1403,Very Low,RPath,1446,0.0,2.0,0.0,315.0,472.0,630.0,0.0,Asphalt,78.6,5.0,2,78.637,0.711,1.422,0.0,0.711,38,2,10.0,walkways,HMAC,1,2,2,1,2,0,0,0,0,0,0,0,1,2,0,1,0,0,1,0,0,0,0,0,0,0,0,2,0,0,0,0,0,0,1,2,0,0,0,0,0,0,0,0,0,0,0,0,0,0,1,2,0,0,0,0,0,1,0,0,0,0,0,0,1,0,0,0,0,0,0,0,0,1,2,0,1,0,0,0,0,0,0,3,1,1,1,0,0,0,0,0,0,0,0,0,5,0,0.725,,,,,0.706,,0.019,,,,,,,,,,,,,,,,,,,,,,,,,,,0,5.0,0.711,78.6,0.0,78.637
1404,Very Low,RPath,1447,0.0,2.0,0.0,405.0,607.0,810.0,0.0,Asphalt,78.7,5.0,2,78.681,1.029,2.058,0.0,1.029,39,2,10.0,walkways,HMAC,1,2,0,1,0,0,1,0,0,0,0,0,1,2,2,0,0,0,0,0,0,0,0,0,0,0,0,2,0,0,0,0,0,0,1,2,0,0,0,0,0,0,0,0,0,0,0,0,0,0,1,0,0,0,0,0,0,1,0,0,0,0,0,0,1,2,0,0,0,0,0,0,0,1,2,2,1,2,0,0,0,0,0,3,1,1,1,0,0,0,0,0,0,0,0,0,5,0,1.029,,,,,1.029,,,,,,,,,,,,,,,,,,,,,,,,,,,,,0,5.0,1.029,78.7,0.0,78.681
1405,Very Low,RPath,1448,0.0,2.0,0.0,330.0,495.0,660.0,0.0,Asphalt,66.0,5.0,2,65.988,1.0,2.0,0.0,1.0,46,3,10.0,walkways,HMAC,1,2,0,1,2,0,1,2,0,0,0,0,1,2,0,1,0,0,0,0,0,0,0,0,0,0,0,2,0,0,0,0,0,0,1,2,2,0,0,0,0,0,0,0,1,0,0,0,0,0,1,2,0,0,0,0,0,1,0,0,0,0,0,0,1,2,2,0,0,0,0,0,0,1,2,2,1,2,0,0,0,0,0,3,0,0,0,0,0,0,0,0,0,0,0,0,5,0,1.0,,,,,1.0,,,,,,,,,,,,,,,,,,,,,,,,,,,,,0,5.0,1.0,66.0,0.0,65.988
1406,Very Low,RPath,1449,0.0,2.0,0.0,338.0,506.0,675.0,0.0,Asphalt,67.8,5.0,2,67.758,0.996,1.992,0.0,0.996,43,2,10.0,walkways,HMAC,1,2,2,1,2,0,1,0,0,0,0,0,1,2,0,1,0,0,0,0,0,0,0,0,0,0,0,2,0,0,0,0,0,0,1,2,2,0,0,0,0,0,0,0,0,0,0,0,0,0,1,2,0,0,0,0,0,1,0,0,0,0,0,0,1,2,2,0,0,0,0,0,0,1,2,0,1,2,0,0,0,0,0,3,0,0,0,0,0,0,0,0,0,0,0,0,5,0,0.996,,,,,0.996,,,,,,,,,,,,,,,,,,,,,,,,,,,,,0,5.0,0.996,67.8,0.0,67.758
1407,Very Low,RPath,1450,0.0,2.0,0.0,337.0,506.0,674.0,0.0,Asphalt,78.4,5.0,2,78.429,0.784,1.568,0.0,0.784,47,3,10.0,walkways,HMAC,1,2,0,1,2,0,1,2,0,0,0,0,1,2,2,0,0,0,0,0,0,0,0,0,0,0,0,2,0,0,0,0,0,0,1,2,0,0,0,0,0,0,0,0,1,0,0,0,0,0,1,2,0,0,0,0,0,1,0,0,0,0,0,0,1,0,0,0,0,0,0,0,0,1,2,0,1,2,2,1,0,0,5,0,1,1,1,0,0,0,0,0,0,0,0,0,5,0,0.784,,,,,0.765,,,,,,,,,,,0.019,,,,,,,,,,,,,,,,,,0,5.0,0.784,78.4,0.0,78.429
1408,Very Low,RPath,1454,0.0,2.0,0.0,263.0,394.0,525.0,0.0,Asphalt,80.3,5.0,2,80.26,0.654,1.308,0.0,0.654,44,2,10.0,walkways,HMAC,1,2,2,1,2,0,1,0,0,0,0,0,1,2,0,1,2,0,0,0,0,0,0,0,0,0,0,2,0,0,0,0,0,0,1,2,2,0,0,0,0,0,0,0,1,2,0,0,1,0,1,2,0,0,0,0,0,1,0,0,0,0,0,0,0,0,0,0,0,0,0,0,0,1,2,0,1,0,0,0,0,0,5,0,0,0,0,0,0,0,0,0,0,0,0,0,5,0,0.654,,,,,0.654,,,,,,,,,,,,,,,,,,,,,,,,,,,,,0,5.0,0.654,80.3,0.0,80.26
1409,Very Low,RPath,1474,0.0,2.0,0.0,210.0,314.0,419.0,0.0,Asphalt,52.4,5.0,2,52.433,0.572,1.144,0.0,0.572,42,2,10.0,walkways,HMAC,1,2,2,1,0,0,1,0,0,0,0,0,1,0,0,0,0,0,0,0,0,0,0,0,0,5,0,2,0,0,0,0,0,0,0,0,0,0,0,0,0,0,0,0,0,0,0,0,1,1,1,2,2,0,5,0,0,1,0,0,0,0,0,0,0,0,0,0,0,0,0,0,0,1,2,0,0,0,0,0,0,0,0,3,1,1,0,1,0,0,0,0,0,0,0,0,5,0,0.572,,,,,0.515,,,,,,,,,,,,,0.057,,,,,,,,,,,,,,,,0,5.0,0.572,52.4,0.0,52.433
1410,Very Low,RPath,1497,0.0,2.0,0.0,240.0,360.0,479.0,0.0,Asphalt,39.2,5.0,2,39.168,0.89,1.78,0.0,0.89,44,2,10.0,walkways,HMAC,1,2,2,1,2,2,0,0,0,0,0,0,1,0,0,1,0,0,0,0,0,0,0,0,0,5,0,2,0,0,0,0,0,0,1,0,0,0,0,0,0,0,0,0,0,0,0,0,0,0,1,2,0,0,0,0,0,1,0,0,0,0,0,0,0,0,0,0,0,0,0,0,0,1,2,2,0,0,0,0,0,0,5,3,1,0,1,0,0,0,0,0,0,0,0,0,5,0,0.919,,,,,0.843,,0.038,,,,,,,,,,,0.038,,,,,,,,,,,,,,,,0,5.0,0.89,39.2,0.0,39.168
1411,Very Low,RPath,1499,0.0,2.0,0.0,158.0,237.0,316.0,0.0,Asphalt,35.9,5.0,2,57.036,0.511,1.022,0.0,0.511,35,2,10.0,walkways,HMAC,1,2,2,1,0,0,0,0,0,0,0,0,1,2,0,0,0,0,1,0,0,0,0,0,0,5,0,2,0,0,0,0,0,0,1,0,0,0,0,0,0,0,0,0,0,0,0,0,0,0,1,0,0,0,0,0,0,1,0,0,0,0,0,0,0,0,0,0,0,0,0,0,0,1,2,0,1,0,0,0,0,0,0,3,1,1,1,0,0,0,0,0,0,0,0,0,5,0,0.543,,,,,0.459,,0.042,,,,,0.042,,,,,,,,,,,,,,,,,,,,,,0,5.0,0.511,35.9,0.0,57.036
1412,Very Low,RPath,108,0.0,1.0,0.0,374.0,561.0,747.0,0.0,Asphalt,99.0,5.0,1,98.978,0.561,0.561,0.0,0.561,24,1,5.0,sidewalks,HMAC,1,2,0,0,0,0,0,0,0,0,0,0,1,0,0,1,0,0,0,0,0,0,0,0,0,0,3,0,0,0,0,0,0,0,0,0,0,0,0,0,0,0,0,0,0,0,0,0,0,0,1,0,0,0,0,0,0,1,0,0,0,0,0,0,1,0,0,0,0,0,0,0,0,0,0,0,0,0,0,0,0,0,0,0,1,1,1,1,2,2,0,0,0,0,0,0,5,0,0.576,,,,,0.53,,,,,,,,,,,0.015,0.03,,,,,,,,,,,,,,,,,0,5.0,0.561,99.0,0.0,98.978
1413,Very Low,RPath,1251,0.0,1.0,0.0,390.0,585.0,780.0,0.0,Asphalt,77.4,5.0,1,75.328,1.008,1.008,0.0,1.008,27,1,5.0,sidewalks,HMAC,0,0,0,0,0,0,0,0,0,0,0,0,1,2,0,0,0,0,1,2,0,0,0,0,0,0,3,0,0,0,0,0,0,0,0,0,0,0,0,0,0,0,0,0,0,0,0,0,0,0,1,0,0,0,0,0,3,1,0,0,0,0,0,0,0,0,0,0,0,0,0,0,0,1,0,0,1,2,0,1,0,0,0,0,1,1,1,0,0,0,0,0,0,0,0,0,5,0,1.008,,,,,1.008,,,,,,,,,,,,,,,,,,,,,,,,,,,,,0,5.0,1.008,77.4,0.0,75.328
1414,Unscored (no condition data),RPath,1670,,5.0,,0.0,0.0,0.0,,Asphalt,,,5,70.584,,,,,91,5,,sidewalks,CON,1,2,2,1,2,0,1,2,0,1,2,2,1,2,2,1,2,2,0,0,0,0,0,0,5,5,0,0,0,0,0,1,2,0,1,2,2,0,0,0,1,2,2,0,1,2,0,0,1,0,1,2,2,5,5,0,3,1,0,0,0,0,0,0,0,0,0,0,0,0,0,0,0,1,2,2,1,0,0,0,0,0,0,0,1,1,1,1,2,2,0,0,0,0,0,0,5,0,,,,,,,,,,,,,,,,,,,,,,,,,,,,,,,,,,,0,,,,,70.584
1415,Unscored (no condition data),RPath,1682,,5.0,,0.0,0.0,0.0,,Asphalt,,,5,88.538,,,,,87,5,,sidewalks,CON,1,2,2,1,0,0,0,0,0,1,2,0,1,2,0,0,0,0,0,0,0,0,0,0,5,5,0,0,1,2,0,0,0,0,1,2,2,0,0,0,0,0,0,5,1,2,0,0,0,0,1,2,2,5,5,0,3,1,0,0,0,1,0,0,1,2,0,0,0,0,0,0,0,1,2,2,1,2,2,0,0,0,5,3,1,1,1,0,0,0,0,0,0,0,0,0,5,0,,,,,,,,,,,,,,,,,,,,,,,,,,,,,,,,,,,0,,,,,88.538
1416,Unscored (no condition data),RPath,1724,,5.0,,0.0,0.0,0.0,,Asphalt,,,5,78.377,,,,,91,5,,sidewalks,CON,1,2,0,1,2,0,1,0,0,0,0,0,1,2,2,1,2,2,0,0,0,0,0,0,0,0,0,2,0,0,0,1,2,0,1,2,2,0,0,0,0,0,0,5,1,2,0,0,1,1,1,2,2,5,5,0,0,1,0,0,0,0,0,0,1,2,2,0,0,0,1,2,2,1,2,2,1,2,2,0,0,0,5,3,0,0,0,1,2,2,0,0,0,0,0,0,5,0,,,,,,,,,,,,,,,,,,,,,,,,,,,,,,,,,,,1,,,,,78.377
1417,Unscored (no condition data),RPath,1727,,5.0,,0.0,0.0,0.0,,Asphalt,,,5,242.302,,,,,106,5,,sidewalks,CON,1,2,2,1,2,0,1,0,0,1,2,2,1,2,2,1,0,0,0,0,0,1,0,0,5,5,0,2,1,2,2,1,0,0,1,2,0,0,0,0,1,2,0,5,1,2,2,0,1,1,1,2,2,5,5,0,0,1,1,0,0,0,0,0,1,0,0,0,0,0,1,0,0,1,2,2,1,2,0,0,0,0,5,3,1,1,1,1,2,2,0,0,0,1,0,0,5,0,,,,,,,,,,,,,,,,,,,,,,,,,,,,,,,,,,,0,,,,,242.302
1418,Unscored (no condition data),RPath,1834,,5.0,,0.0,0.0,0.0,,Asphalt,,,5,168.422,,,,,91,5,,sidewalks,HMAC,1,2,2,1,0,0,0,0,0,1,0,0,1,2,0,1,2,2,0,0,0,0,0,0,0,5,0,0,1,2,2,0,0,0,1,2,2,0,0,0,0,0,0,0,1,2,0,0,1,0,1,2,2,5,5,0,3,1,1,0,0,0,0,0,1,0,0,0,0,0,1,0,0,1,2,0,1,2,2,1,0,0,5,0,1,1,1,1,2,2,1,2,0,1,2,2,5,0,,,,,,,,,,,,,,,,,,,,,,,,,,,,,,,,,,,1,,,,,168.422
1419,Unscored (no condition data),RPath,1835,,5.0,,0.0,0.0,0.0,,Asphalt,,,5,104.18,,,,,88,5,,sidewalks,CON,1,2,2,0,0,0,0,0,0,1,0,0,1,2,0,1,2,0,0,0,0,0,0,0,5,5,3,0,1,2,2,0,0,0,1,2,0,0,0,0,0,0,0,0,1,2,0,0,1,0,1,2,2,5,5,0,3,0,1,0,0,0,0,0,1,0,0,0,0,0,1,0,0,1,2,0,1,2,2,1,0,0,0,0,1,1,1,1,2,2,1,2,0,1,2,2,5,0,,,,,,,,,,,,,,,,,,,,,,,,,,,,,,,,,,,1,,,,,104.18
1420,Unscored (no condition data),RPath,1859,,5.0,,0.0,0.0,0.0,,Asphalt,,,5,126.805,,,,,88,5,,sidewalks,CON,1,2,0,1,2,0,1,0,0,1,2,0,1,2,0,1,2,0,0,0,0,0,0,0,0,0,0,2,1,2,2,0,0,0,1,2,2,0,0,0,0,0,0,5,1,2,2,0,1,0,1,2,2,5,5,0,0,1,0,0,0,1,2,0,1,2,2,0,0,0,0,0,0,1,2,0,1,2,2,0,0,0,5,3,0,0,0,1,0,0,0,0,0,1,2,0,5,0,,,,,,,,,,,,,,,,,,,,,,,,,,,,,,,,,,,0,,,,,126.805
1421,Unscored (no condition data),RPath,1861,,5.0,,0.0,0.0,0.0,,Asphalt,,,5,108.854,,,,,91,5,,sidewalks,CON,1,2,2,1,2,0,1,2,0,1,2,0,1,2,2,0,0,0,0,0,0,1,2,0,0,0,0,2,1,2,0,0,0,0,1,2,0,0,0,0,1,2,0,5,1,2,2,0,1,0,1,2,2,5,5,0,3,1,1,0,0,0,0,0,1,0,0,0,0,0,0,0,0,1,2,0,1,2,2,0,0,0,5,3,1,0,1,1,2,0,0,0,0,0,0,0,5,0,,,,,,,,,,,,,,,,,,,,,,,,,,,,,,,,,,,0,,,,,108.854
1422,Unscored (no condition data),RPath,1870,,5.0,,0.0,0.0,0.0,,Asphalt,,,5,104.851,,,,,90,5,,sidewalks,CON,1,2,2,0,0,0,0,0,0,1,2,0,1,0,0,1,0,0,0,0,0,0,0,0,5,5,0,0,1,2,2,0,0,0,1,0,0,0,0,0,0,0,0,0,1,2,2,0,1,1,1,2,2,0,0,0,3,1,1,2,0,0,0,0,1,2,0,0,0,0,1,2,0,1,2,0,1,2,2,1,2,0,5,0,1,1,1,1,2,2,1,2,2,1,2,2,5,0,,,,,,,,,,,,,,,,,,,,,,,,,,,,,,,,,,,0,,,,,104.851
1423,Unscored (no condition data),RPath,1888,,5.0,,0.0,0.0,0.0,,Asphalt,,,5,95.478,,,,,89,5,,sidewalks,CON,1,2,2,1,2,0,0,0,0,0,0,0,1,2,2,1,2,2,0,0,0,0,0,0,0,0,0,2,0,0,0,1,2,0,1,2,2,0,0,0,0,0,0,5,1,2,0,0,1,1,1,2,2,5,5,0,0,1,0,0,0,0,0,0,1,2,2,0,0,0,1,2,2,1,2,0,1,2,2,0,0,0,5,3,1,0,0,1,2,0,0,0,0,0,0,0,5,0,,,,,,,,,,,,,,,,,,,,,,,,,,,,,,,,,,,1,,,,,95.478
1424,Unscored (no condition data),RPath,1918,,5.0,,0.0,0.0,0.0,,Asphalt,,,5,240.652,,,,,90,5,,sidewalks,CON,1,2,0,1,2,0,1,2,0,1,2,0,1,2,2,1,2,0,0,0,0,0,0,0,5,0,0,2,1,2,2,0,0,0,1,0,0,0,0,0,1,0,0,5,1,2,0,0,1,1,1,2,2,5,5,0,0,1,1,0,0,0,0,0,1,2,0,0,0,0,1,0,0,1,2,2,1,2,2,0,0,0,0,3,1,1,1,1,2,0,0,0,0,1,0,0,5,0,,,,,,,,,,,,,,,,,,,,,,,,,,,,,,,,,,,0,,,,,240.652
1425,Unscored (no condition data),RPath,1936,,5.0,,0.0,0.0,0.0,,Asphalt,,,5,237.064,,,,,88,5,,sidewalks,CON,1,2,2,1,2,0,0,0,0,0,0,0,1,2,0,1,2,2,0,0,0,1,0,0,5,5,0,2,0,0,0,1,2,0,1,2,2,0,0,0,0,0,0,5,1,2,0,0,1,1,1,2,2,5,5,0,0,1,0,0,0,0,0,0,0,0,0,0,0,0,0,0,0,1,2,2,1,2,2,0,0,0,5,0,1,0,0,1,2,0,0,0,0,1,0,0,5,0,,,,,,,,,,,,,,,,,,,,,,,,,,,,,,,,,,,1,,,,,237.064
1426,Unscored (no condition data),RPath,1960,,5.0,,0.0,0.0,0.0,,Asphalt,,,5,488.256,,,,,95,5,,sidewalks,HMAC,1,2,2,1,2,2,1,0,0,0,0,0,1,2,2,1,2,2,0,0,0,0,0,0,0,5,0,0,0,0,0,1,0,0,1,2,2,0,0,0,0,0,0,0,1,2,2,0,1,1,1,2,2,5,5,4,3,0,0,0,0,1,0,0,1,2,0,1,2,0,0,0,0,1,2,0,1,2,2,0,0,0,0,3,1,1,1,0,0,0,1,2,0,1,2,2,5,0,,,,,,,,,,,,,,,,,,,,,,,,,,,,,,,,,,,0,,,,,488.256
1427,Unscored (no condition data),RPath,1995,,5.0,,0.0,0.0,0.0,,Asphalt,,,5,110.532,,,,,98,5,,sidewalks,CON,1,2,0,1,0,0,0,0,0,1,2,0,1,2,0,1,2,0,0,0,0,0,0,0,5,5,0,2,1,2,2,0,0,0,1,2,2,0,0,0,0,0,0,5,1,2,2,0,1,0,1,2,2,5,5,0,0,1,0,0,0,1,2,0,1,2,2,0,0,0,0,0,0,1,2,0,1,2,2,0,0,0,5,3,1,1,1,1,0,0,0,0,0,1,2,0,5,0,,,,,,,,,,,,,,,,,,,,,,,,,,,,,,,,,,,0,,,,,110.532
1428,Unscored (no condition data),RPath,2001,,5.0,,0.0,0.0,0.0,,Asphalt,,,5,141.593,,,,,88,5,,sidewalks,CON,1,2,2,1,0,0,0,0,0,1,0,0,1,2,0,1,2,2,0,0,0,0,0,0,0,5,0,0,1,2,2,0,0,0,1,2,2,0,0,0,0,0,0,0,1,2,0,0,0,0,1,2,2,5,5,0,3,1,0,0,0,0,0,0,1,0,0,0,0,0,0,0,0,1,2,2,1,2,2,1,0,0,5,0,1,1,1,1,2,2,1,2,0,1,2,0,5,0,,,,,,,,,,,,,,,,,,,,,,,,,,,,,,,,,,,1,,,,,141.593
1429,Unscored (no condition data),RPath,2007,,5.0,,0.0,0.0,0.0,,Asphalt,,,5,108.997,,,,,89,5,,sidewalks,HMAC,1,2,2,1,0,0,0,0,0,0,0,0,1,2,2,1,2,2,0,0,0,0,0,0,0,5,0,0,1,2,2,0,0,0,1,2,2,0,0,0,0,0,0,0,1,2,0,0,0,0,1,2,2,5,5,0,3,1,0,0,0,0,0,0,1,0,0,0,0,0,0,0,0,1,2,2,1,2,2,1,0,0,5,0,1,1,1,1,2,2,1,2,0,1,2,0,5,0,,,,,,,,,,,,,,,,,,,,,,,,,,,,,,,,,,,1,,,,,108.997
1430,Unscored (no condition data),RPath,2020,,5.0,,0.0,0.0,0.0,,Asphalt,,,5,537.192,,,,,101,5,,sidewalks,CON,1,2,0,1,2,2,0,0,0,0,0,0,1,2,2,1,2,2,0,0,0,0,0,0,5,5,0,2,0,0,0,1,2,2,1,2,2,0,0,0,0,0,0,5,1,2,0,0,1,1,1,2,2,5,5,0,3,1,0,0,0,0,0,0,1,2,0,0,0,0,1,2,0,1,2,2,1,2,2,0,0,0,5,3,0,0,0,1,2,0,0,0,0,0,0,0,5,0,,,,,,,,,,,,,,,,,,,,,,,,,,,,,,,,,,,1,,,,,537.192
1431,Unscored (no condition data),RPath,3717,,5.0,,0.0,0.0,0.0,,Asphalt,,,5,36.788,,,,,90,5,,sidewalks,PB,1,2,2,1,2,0,0,0,0,0,0,0,1,2,2,0,0,0,0,0,0,0,0,0,5,5,0,0,1,0,0,1,2,2,1,2,2,0,0,0,1,0,0,0,1,2,2,0,1,0,1,2,2,5,5,0,3,0,0,0,0,0,0,0,1,2,0,1,0,0,1,2,0,1,2,0,1,2,0,0,0,0,5,0,1,1,1,1,2,2,0,0,0,0,0,0,5,0,,,,,,,,,,,,,,,,,,,,,,,,,,,,,,,,,,,1,,,,,36.788
1432,Unscored (no condition data),RPath,3728,,5.0,,0.0,0.0,0.0,,Asphalt,,,5,24.865,,,,,89,5,,sidewalks,PB,1,2,2,1,2,0,0,0,0,0,0,0,1,2,0,0,0,0,0,0,0,0,0,0,5,0,0,2,1,0,0,1,2,2,1,2,2,0,0,0,1,0,0,5,1,2,2,0,1,0,1,2,2,5,5,0,3,0,0,0,0,1,0,0,1,2,0,1,0,0,1,2,0,1,2,0,1,0,0,0,0,0,5,0,1,1,1,1,2,2,0,0,0,0,0,0,5,0,,,,,,,,,,,,,,,,,,,,,,,,,,,,,,,,,,,1,,,,,24.865
1433,Unscored (no condition data),RPath,9303,,5.0,,0.0,0.0,0.0,,Asphalt,,,5,88.397,,,,,87,5,,sidewalks,CON,1,2,2,0,0,0,0,0,0,1,2,2,0,0,0,1,2,0,0,0,0,0,0,0,5,0,0,0,1,2,2,0,0,0,0,0,0,0,0,0,0,0,0,0,1,2,0,0,1,1,1,2,2,0,0,0,3,1,1,2,0,0,0,0,1,2,2,0,0,0,1,2,2,1,2,0,1,2,2,1,2,0,5,0,1,1,1,1,2,2,1,2,2,1,2,0,5,0,,,,,,,,,,,,,,,,,,,,,,,,,,,,,,,,,,,0,,,,,88.397
1434,Unscored (no condition data),RPath,9401,,5.0,,0.0,0.0,0.0,,Asphalt,,,5,283.089,,,,,99,5,,sidewalks,CON,1,2,2,1,2,0,1,0,0,0,0,0,1,2,2,1,2,2,0,0,0,1,2,0,5,5,0,2,0,0,0,0,0,0,1,2,2,0,0,0,0,0,0,5,1,2,2,0,1,1,1,2,2,5,5,0,0,1,0,0,0,0,0,0,0,0,0,0,0,0,0,0,0,1,2,2,1,2,2,0,0,0,5,0,1,1,0,1,2,2,0,0,0,1,2,2,5,0,,,,,,,,,,,,,,,,,,,,,,,,,,,,,,,,,,,2,,,,,283.089
1435,Unscored (no condition data),PTrail,811,,5.0,,0.0,0.0,0.0,,Asphalt,,,5,1162.004,,,,,97,5,,trails,Asphalt,1,2,2,1,2,0,1,2,0,0,0,0,1,2,2,0,0,0,0,0,0,1,0,0,0,5,3,0,0,0,0,1,2,2,1,2,2,1,2,0,1,2,2,0,1,2,2,0,1,1,1,2,2,5,5,4,0,1,0,0,0,0,0,0,0,0,0,0,0,0,0,0,0,1,2,2,1,2,0,0,0,0,5,3,1,1,1,1,2,0,0,0,0,0,0,0,5,0,,,,,,,,,,,,,,,,,,,,,,,,,,,,,,,,,,,0,,,,,1162.004
1436,Unscored (no condition data),PTrail,873,,5.0,,0.0,0.0,0.0,,Asphalt,,,5,225.466,,,,,87,5,,trails,Asphalt,1,2,2,1,2,2,1,2,2,1,2,2,1,2,2,1,2,2,0,0,0,0,0,0,5,5,0,2,0,0,0,1,2,0,1,2,2,0,0,0,1,2,2,0,1,2,0,0,1,0,1,2,2,0,0,0,3,1,0,0,0,0,0,0,0,0,0,0,0,0,0,0,0,1,2,2,1,0,0,0,0,0,0,0,1,1,1,1,2,2,0,0,0,0,0,0,5,0,,,,,,,,,,,,,,,,,,,,,,,,,,,,,,,,,,,0,,,,,225.466
1437,Unscored (no condition data),RPath,1732,,4.0,,0.0,0.0,0.0,,Asphalt,,,4,78.671,,,,,80,4,,sidewalks,CON,1,2,2,1,2,0,0,0,0,0,0,0,1,0,0,0,0,0,0,0,0,0,0,0,5,5,0,2,0,0,0,0,0,0,1,2,2,0,0,0,0,0,0,5,1,2,2,0,0,0,1,2,2,5,5,4,0,1,1,0,0,0,0,0,0,0,0,0,0,0,0,0,0,1,2,0,1,0,0,0,0,0,5,3,1,1,1,1,2,0,0,0,0,0,0,0,5,0,,,,,,,,,,,,,,,,,,,,,,,,,,,,,,,,,,,0,,,,,78.671
1438,Unscored (no condition data),RPath,1633,,4.0,,0.0,0.0,0.0,,Asphalt,,,4,63.837,,,,,81,4,,sidewalks,CON,1,2,2,0,0,0,0,0,0,0,0,0,1,2,2,1,2,2,0,0,0,1,2,2,0,5,0,0,0,0,0,1,0,0,1,2,2,0,0,0,1,0,0,5,1,2,0,0,1,1,1,2,2,5,5,0,0,1,1,0,0,1,0,0,0,0,0,1,0,0,0,0,0,1,2,2,1,2,2,0,0,0,0,3,1,0,1,0,0,0,0,0,0,0,0,0,5,0,,,,,,,,,,,,,,,,,,,,,,,,,,,,,,,,,,,0,,,,,63.837
1439,Unscored (no condition data),RPath,1634,,4.0,,0.0,0.0,0.0,,Asphalt,,,4,39.777,,,,,77,4,,sidewalks,CON,1,2,0,0,0,0,0,0,0,0,0,0,1,2,2,1,2,0,0,0,0,1,2,2,0,5,0,2,0,0,0,0,0,0,1,2,2,0,0,0,1,0,0,5,1,2,0,0,1,1,1,2,2,5,5,0,0,1,0,0,0,1,0,0,0,0,0,1,0,0,0,0,0,1,2,2,1,2,2,0,0,0,0,3,1,0,1,0,0,0,0,0,0,0,0,0,5,0,,,,,,,,,,,,,,,,,,,,,,,,,,,,,,,,,,,0,,,,,39.777
1440,Unscored (no condition data),RPath,1853,,4.0,,0.0,0.0,0.0,,Asphalt,,,4,41.19,,,,,72,4,,sidewalks,HMAC,1,2,2,1,2,0,1,2,0,0,0,0,1,2,0,1,2,0,0,0,0,0,0,0,5,0,0,2,0,0,0,1,2,2,1,2,2,0,0,0,0,0,0,5,1,2,2,0,0,0,1,2,2,0,5,0,0,1,0,0,0,0,0,0,1,0,0,0,0,0,0,0,0,1,0,0,1,0,0,0,0,0,5,3,1,0,0,0,0,0,0,0,0,0,0,0,5,0,,,,,,,,,,,,,,,,,,,,,,,,,,,,,,,,,,,0,,,,,41.19
1441,Unscored (no condition data),RPath,1669,,4.0,,0.0,0.0,0.0,,Asphalt,,,4,24.946,,,,,69,4,,sidewalks,CON,1,2,0,1,0,0,1,0,0,1,2,0,1,2,0,1,2,0,0,0,0,0,0,0,5,0,0,0,0,0,0,1,2,2,1,2,2,0,0,0,1,2,2,0,1,2,2,0,1,1,1,2,2,0,5,0,0,1,0,0,0,0,0,0,0,0,0,0,0,0,0,0,0,1,2,0,1,2,0,0,0,0,0,0,1,1,1,1,2,0,0,0,0,0,0,0,5,0,,,,,,,,,,,,,,,,,,,,,,,,,,,,,,,,,,,1,,,,,24.946
1442,Unscored (no condition data),RPath,1671,,4.0,,0.0,0.0,0.0,,Asphalt,,,4,15.986,,,,,70,4,,sidewalks,CON,1,2,0,1,2,0,1,2,0,1,2,2,1,2,2,1,2,2,0,0,0,0,0,0,5,0,0,0,0,0,0,1,2,0,1,2,2,0,0,0,1,2,2,0,1,2,0,0,1,0,1,2,2,0,0,0,0,0,0,0,0,0,0,0,0,0,0,0,0,0,0,0,0,1,2,2,1,0,0,0,0,0,0,0,1,1,1,1,2,2,0,0,0,0,0,0,5,0,,,,,,,,,,,,,,,,,,,,,,,,,,,,,,,,,,,0,,,,,15.986
1443,Unscored (no condition data),RPath,1672,,4.0,,0.0,0.0,0.0,,Asphalt,,,4,98.784,,,,,85,5,,sidewalks,CON,1,2,2,1,2,2,1,2,0,1,2,2,1,2,2,1,2,2,0,0,0,0,0,0,5,5,0,2,0,0,0,1,2,0,1,2,2,0,0,0,1,2,2,0,1,2,0,0,1,0,1,2,2,0,0,0,3,1,0,0,0,0,0,0,0,0,0,0,0,0,0,0,0,1,2,2,1,0,0,0,0,0,0,0,1,1,1,1,2,2,0,0,0,0,0,0,5,0,,,,,,,,,,,,,,,,,,,,,,,,,,,,,,,,,,,0,,,,,98.784
1444,Unscored (no condition data),RPath,1680,,4.0,,0.0,0.0,0.0,,Asphalt,,,4,85.726,,,,,76,4,,sidewalks,HMAC,1,2,0,1,2,0,1,2,0,0,0,0,1,2,2,1,2,0,0,0,0,1,2,2,0,5,0,2,0,0,0,0,0,0,1,2,2,0,0,0,0,0,0,0,1,2,2,0,0,0,1,2,2,5,5,0,3,1,0,0,0,0,0,0,0,0,0,0,0,0,1,2,2,1,2,0,1,0,0,0,0,0,0,0,1,0,1,1,0,0,0,0,0,1,0,0,5,0,,,,,,,,,,,,,,,,,,,,,,,,,,,,,,,,,,,0,,,,,85.726
1445,Unscored (no condition data),RPath,1684,,4.0,,0.0,0.0,0.0,,Asphalt,,,4,111.641,,,,,67,4,,sidewalks,CON,1,2,0,0,0,0,0,0,0,1,2,0,1,0,0,0,0,0,0,0,0,1,0,0,5,0,0,0,1,2,2,1,2,2,1,2,2,0,0,0,1,2,2,0,1,2,2,0,1,0,1,2,2,0,5,0,0,1,1,2,0,0,0,0,1,0,0,0,0,0,0,0,0,1,0,0,1,0,0,0,0,0,0,0,1,1,1,1,2,0,0,0,0,0,0,0,5,0,,,,,,,,,,,,,,,,,,,,,,,,,,,,,,,,,,,2,,,,,111.641
1446,Unscored (no condition data),RPath,1693,,4.0,,0.0,0.0,0.0,,Asphalt,,,4,106.597,,,,,70,4,,sidewalks,CON,1,2,2,1,2,2,1,2,0,1,0,0,1,2,2,0,0,0,0,0,0,1,0,0,0,5,0,2,1,2,0,0,0,0,1,2,0,0,0,0,0,0,0,5,1,2,0,0,0,0,1,2,0,0,0,0,0,1,0,0,0,0,0,0,1,2,2,0,0,0,0,0,0,1,0,0,1,2,2,0,0,0,5,3,1,0,0,0,0,0,0,0,0,0,0,0,5,0,,,,,,,,,,,,,,,,,,,,,,,,,,,,,,,,,,,0,,,,,106.597
1447,Unscored (no condition data),RPath,1710,,4.0,,0.0,0.0,0.0,,Asphalt,,,4,21.243,,,,,82,4,,sidewalks,CON,1,0,0,0,0,0,0,0,0,1,2,0,1,0,0,1,2,2,0,0,0,0,0,0,5,5,0,0,1,2,2,0,0,0,1,0,0,0,0,0,0,0,0,0,1,2,2,0,1,1,1,2,2,0,5,0,0,1,1,0,0,1,0,0,1,2,0,0,0,0,1,2,0,1,2,2,1,2,2,1,0,0,0,0,1,1,1,1,2,2,1,0,0,1,2,2,5,0,,,,,,,,,,,,,,,,,,,,,,,,,,,,,,,,,,,1,,,,,21.243
1448,Unscored (no condition data),RPath,1711,,4.0,,0.0,0.0,0.0,,Asphalt,,,4,18.497,,,,,77,4,,sidewalks,CON,1,0,0,0,0,0,0,0,0,1,2,0,1,0,0,1,2,2,0,0,0,0,0,0,5,0,0,0,1,2,2,0,0,0,1,2,0,0,0,0,0,0,0,0,1,2,2,0,1,1,1,2,2,0,5,0,0,1,1,0,0,1,0,0,1,2,0,0,0,0,1,2,0,1,2,2,1,2,0,1,0,0,0,0,1,1,1,1,2,2,1,0,0,1,2,2,5,0,,,,,,,,,,,,,,,,,,,,,,,,,,,,,,,,,,,1,,,,,18.497
1449,Unscored (no condition data),RPath,1719,,4.0,,0.0,0.0,0.0,,Asphalt,,,4,243.913,,,,,68,4,,sidewalks,CON,1,2,2,1,2,2,1,0,0,0,0,0,1,2,2,0,0,0,0,0,0,0,0,0,0,5,0,2,0,0,0,0,0,0,1,2,2,0,0,0,0,0,0,0,0,0,0,0,1,1,1,2,2,5,0,0,3,1,0,0,0,0,0,0,0,0,0,0,0,0,0,0,0,1,2,2,1,2,0,0,0,0,5,3,1,1,1,0,0,0,0,0,0,0,0,0,5,0,,,,,,,,,,,,,,,,,,,,,,,,,,,,,,,,,,,0,,,,,243.913
1450,Unscored (no condition data),RPath,1720,,4.0,,0.0,0.0,0.0,,Asphalt,,,4,201.878,,,,,75,4,,sidewalks,CON,1,2,2,1,0,0,1,0,0,1,2,0,1,2,0,1,0,0,0,0,0,0,0,0,5,0,0,2,0,0,0,0,0,0,1,2,2,0,0,0,0,0,0,5,1,2,2,0,0,0,1,2,2,5,5,4,3,0,0,0,0,0,0,0,1,0,0,0,0,0,1,0,0,1,0,0,1,2,2,0,0,0,0,3,1,0,0,0,0,0,0,0,0,0,0,0,5,0,,,,,,,,,,,,,,,,,,,,,,,,,,,,,,,,,,,4,,,,,201.878
1451,Unscored (no condition data),RPath,1721,,4.0,,0.0,0.0,0.0,,Asphalt,,,4,78.393,,,,,68,4,,sidewalks,CON,1,2,2,0,0,0,0,0,0,0,0,0,1,0,0,1,0,0,1,0,0,0,0,0,0,0,0,2,0,0,0,1,2,2,1,2,2,0,0,0,0,0,0,0,1,2,2,0,1,1,1,2,2,5,5,0,3,1,0,0,0,0,0,0,0,0,0,0,0,0,0,0,0,0,0,0,1,2,2,0,0,0,5,3,1,1,1,0,0,0,0,0,0,1,0,0,5,0,,,,,,,,,,,,,,,,,,,,,,,,,,,,,,,,,,,0,,,,,78.393
1452,Unscored (no condition data),RPath,1723,,4.0,,0.0,0.0,0.0,,Asphalt,,,4,61.006,,,,,77,4,,sidewalks,CON,1,2,2,0,0,0,0,0,0,0,0,0,1,0,0,1,0,0,1,0,0,0,0,0,5,5,0,2,0,0,0,1,2,2,1,2,2,0,0,0,0,0,0,0,1,2,0,0,1,1,1,2,2,5,5,0,3,1,0,0,0,0,0,0,1,0,0,0,0,0,0,0,0,1,0,0,1,2,2,0,0,0,5,3,1,1,1,0,0,0,0,0,0,0,0,0,5,0,,,,,,,,,,,,,,,,,,,,,,,,,,,,,,,,,,,0,,,,,61.006
1453,Unscored (no condition data),RPath,1725,,4.0,,0.0,0.0,0.0,,Asphalt,,,4,83.168,,,,,80,4,,sidewalks,CON,1,2,0,1,0,0,1,0,0,0,0,0,1,2,2,1,2,0,0,0,0,1,2,2,0,5,0,2,0,0,0,0,0,0,1,2,2,0,0,0,1,0,0,5,1,2,2,0,1,1,1,2,2,5,5,0,0,1,0,0,0,0,0,0,0,0,0,1,0,0,0,0,0,1,2,2,1,2,2,0,0,0,0,3,1,0,1,0,0,0,0,0,0,0,0,0,5,0,,,,,,,,,,,,,,,,,,,,,,,,,,,,,,,,,,,0,,,,,83.168
1454,Unscored (no condition data),RPath,1726,,4.0,,0.0,0.0,0.0,,Asphalt,,,4,86.323,,,,,79,4,,sidewalks,CON,1,2,2,0,0,0,0,0,0,0,0,0,1,2,2,1,2,2,0,0,0,1,2,2,0,5,0,0,0,0,0,1,2,0,1,2,2,0,0,0,1,2,2,0,1,2,0,0,1,1,1,2,2,5,5,0,0,0,1,2,0,1,2,0,1,0,0,1,0,0,0,0,0,1,2,0,1,2,0,0,0,0,0,0,1,0,1,0,0,0,0,0,0,0,0,0,5,0,,,,,,,,,,,,,,,,,,,,,,,,,,,,,,,,,,,1,,,,,86.323
1455,Unscored (no condition data),RPath,1736,,4.0,,0.0,0.0,0.0,,Asphalt,,,4,82.202,,,,,70,4,,sidewalks,CON,1,2,2,1,0,0,1,0,0,1,2,0,1,2,0,0,0,0,0,0,0,0,0,0,5,0,0,2,0,0,0,0,0,0,1,2,2,0,0,0,0,0,0,5,1,2,2,0,0,0,1,2,2,5,5,4,0,0,0,0,0,0,0,0,1,0,0,0,0,0,1,2,0,0,0,0,1,2,0,0,0,0,0,3,1,0,0,0,0,0,0,0,0,0,0,0,5,0,,,,,,,,,,,,,,,,,,,,,,,,,,,,,,,,,,,3,,,,,82.202
1456,Unscored (no condition data),RPath,1745,,4.0,,0.0,0.0,0.0,,Asphalt,,,4,21.019,,,,,75,4,,sidewalks,CON,1,2,2,0,0,0,0,0,0,1,0,0,0,0,0,1,0,0,0,0,0,0,0,0,5,0,0,0,1,2,2,0,0,0,0,0,0,0,0,0,0,0,0,0,1,2,2,0,1,1,1,2,2,0,5,0,3,0,1,0,0,1,0,0,1,2,0,0,0,0,1,2,0,1,2,2,1,2,2,1,2,2,0,0,1,1,1,1,2,0,1,2,0,1,0,0,5,0,,,,,,,,,,,,,,,,,,,,,,,,,,,,,,,,,,,1,,,,,21.019
1457,Unscored (no condition data),RPath,1746,,4.0,,0.0,0.0,0.0,,Asphalt,,,4,39.945,,,,,71,4,,sidewalks,CON,1,2,2,0,0,0,0,0,0,1,0,0,1,0,0,1,0,0,0,0,0,0,0,0,5,0,0,0,1,2,2,0,0,0,0,0,0,0,0,0,0,0,0,0,1,2,2,0,1,1,1,2,2,0,0,0,3,0,1,0,0,1,0,0,1,2,0,0,0,0,1,2,0,1,2,2,1,2,2,1,2,2,0,0,1,1,1,1,2,0,1,2,0,1,0,0,5,0,,,,,,,,,,,,,,,,,,,,,,,,,,,,,,,,,,,1,,,,,39.945
1458,Unscored (no condition data),RPath,1748,,4.0,,0.0,0.0,0.0,,Asphalt,,,4,35.562,,,,,68,4,,sidewalks,CON,1,2,0,1,0,0,0,0,0,1,2,0,1,0,0,1,2,0,0,0,0,0,0,0,5,0,0,2,1,2,2,0,0,0,1,0,0,0,0,0,1,0,0,5,1,2,0,0,1,1,1,2,2,0,0,0,0,1,1,0,0,0,0,0,1,2,0,0,0,0,1,0,0,1,2,0,1,2,0,0,0,0,0,3,1,1,1,1,2,0,1,0,0,1,0,0,5,0,,,,,,,,,,,,,,,,,,,,,,,,,,,,,,,,,,,0,,,,,35.562
1459,Unscored (no condition data),RPath,1786,,4.0,,0.0,0.0,0.0,,Asphalt,,,4,85.175,,,,,68,4,,sidewalks,CON,1,2,2,1,2,0,1,2,0,1,2,0,1,2,0,0,0,0,0,0,0,0,0,0,0,0,0,2,0,0,0,0,0,0,1,2,2,0,0,0,0,0,0,5,1,2,2,0,0,0,1,2,2,0,5,0,0,1,0,0,0,0,0,0,1,0,0,0,0,0,1,2,0,0,0,0,1,2,2,0,0,0,5,3,0,0,1,0,0,0,0,0,0,0,0,0,5,0,,,,,,,,,,,,,,,,,,,,,,,,,,,,,,,,,,,0,,,,,85.175
1460,Unscored (no condition data),RPath,1788,,4.0,,0.0,0.0,0.0,,Asphalt,,,4,392.375,,,,,67,4,,sidewalks,CON,1,2,2,1,2,2,1,2,0,1,0,0,1,0,0,0,0,0,0,0,0,0,0,0,5,5,0,2,1,0,0,0,0,0,1,2,2,0,0,0,0,0,0,5,1,0,0,0,0,0,1,2,2,0,0,0,3,1,0,0,0,0,0,0,1,0,0,0,0,0,1,0,0,1,2,0,1,2,0,0,0,0,0,3,1,1,1,0,0,0,0,0,0,0,0,0,5,0,,,,,,,,,,,,,,,,,,,,,,,,,,,,,,,,,,,0,,,,,392.375
1461,Unscored (no condition data),RPath,1790,,4.0,,0.0,0.0,0.0,,Asphalt,,,4,143.896,,,,,69,4,,sidewalks,CON,1,2,2,1,2,2,1,2,2,1,0,0,1,2,2,0,0,0,0,0,0,1,2,0,0,5,0,2,0,0,0,0,0,0,1,0,0,0,0,0,0,0,0,5,1,0,0,0,1,0,1,2,0,5,0,0,0,1,0,0,0,0,0,0,1,2,2,1,0,0,1,0,0,1,0,0,1,2,0,0,0,0,0,3,1,0,0,1,0,0,0,0,0,0,0,0,5,0,,,,,,,,,,,,,,,,,,,,,,,,,,,,,,,,,,,0,,,,,143.896
1462,Unscored (no condition data),RPath,1791,,4.0,,0.0,0.0,0.0,,Asphalt,,,4,140.639,,,,,83,5,,sidewalks,CON,1,2,2,1,2,2,1,2,2,1,2,0,1,2,2,0,0,0,0,0,0,1,2,0,0,5,0,2,1,0,0,0,0,0,1,0,0,0,0,0,1,0,0,5,1,2,0,0,1,0,1,2,0,5,0,0,0,1,1,0,0,0,0,0,1,2,0,1,0,0,1,0,0,1,2,0,1,2,2,0,0,0,5,3,1,0,0,1,0,0,0,0,0,0,0,0,5,0,,,,,,,,,,,,,,,,,,,,,,,,,,,,,,,,,,,0,,,,,140.639
1463,Unscored (no condition data),RPath,1793,,4.0,,0.0,0.0,0.0,,Asphalt,,,4,411.082,,,,,80,4,,sidewalks,CON,1,2,2,1,2,2,1,2,0,1,2,2,1,2,2,0,0,0,0,0,0,0,0,0,0,5,0,2,0,0,0,1,2,0,1,2,2,0,0,0,0,0,0,0,1,0,0,0,0,0,1,2,2,5,0,4,3,0,0,0,0,0,0,0,0,0,0,0,0,0,0,0,0,1,2,2,1,2,2,0,0,0,0,3,1,1,1,0,0,0,1,2,0,0,0,0,5,0,,,,,,,,,,,,,,,,,,,,,,,,,,,,,,,,,,,0,,,,,411.082
1464,Unscored (no condition data),RPath,1794,,4.0,,0.0,0.0,0.0,,Asphalt,,,4,438.592,,,,,68,4,,sidewalks,CON,1,2,2,1,2,2,1,2,2,0,0,0,1,2,0,1,2,0,0,0,0,0,0,0,0,5,0,2,0,0,0,0,0,0,1,2,2,0,0,0,1,0,0,0,1,0,0,0,1,1,1,2,2,5,0,0,3,1,0,0,0,0,0,0,0,0,0,0,0,0,0,0,0,1,2,0,1,2,0,0,0,0,0,3,1,1,1,0,0,0,0,0,0,0,0,0,5,0,,,,,,,,,,,,,,,,,,,,,,,,,,,,,,,,,,,0,,,,,438.592
1465,Unscored (no condition data),RPath,1797,,4.0,,0.0,0.0,0.0,,Asphalt,,,4,82.399,,,,,72,4,,sidewalks,CON,1,2,2,1,2,0,1,0,0,1,2,0,1,2,0,0,0,0,0,0,0,0,0,0,0,0,0,2,1,2,0,0,0,0,1,2,2,0,0,0,0,0,0,5,1,2,0,0,0,0,1,2,2,0,5,0,0,1,0,0,0,1,0,0,1,2,2,0,0,0,0,0,0,1,2,0,1,2,2,0,0,0,5,3,1,0,0,0,0,0,0,0,0,0,0,0,5,0,,,,,,,,,,,,,,,,,,,,,,,,,,,,,,,,,,,0,,,,,82.399
1466,Unscored (no condition data),RPath,1827,,4.0,,0.0,0.0,0.0,,Asphalt,,,4,50.774,,,,,84,5,,sidewalks,CON,1,2,2,1,2,0,0,0,0,0,0,0,1,2,2,1,2,2,0,0,0,0,0,0,0,5,0,2,0,0,0,1,2,0,1,2,2,0,0,0,0,0,0,0,1,2,2,0,0,0,1,2,2,5,5,4,0,0,0,0,0,1,0,0,1,2,0,1,2,0,0,0,0,1,0,0,1,2,0,0,0,0,5,0,1,1,1,0,0,0,0,0,0,1,2,0,5,0,,,,,,,,,,,,,,,,,,,,,,,,,,,,,,,,,,,0,,,,,50.774
1467,Unscored (no condition data),RPath,1836,,4.0,,0.0,0.0,0.0,,Asphalt,,,4,103.32,,,,,82,4,,sidewalks,CON,1,2,2,0,0,0,0,0,0,1,2,0,1,0,0,1,2,0,0,0,0,0,0,0,5,5,0,0,1,2,2,0,0,0,1,2,0,0,0,0,0,0,0,0,1,2,0,0,1,0,1,2,2,5,0,0,3,0,1,0,0,0,0,0,1,0,0,0,0,0,1,0,0,1,2,0,1,2,2,1,0,0,0,0,1,1,1,1,2,2,1,2,2,1,2,2,5,0,,,,,,,,,,,,,,,,,,,,,,,,,,,,,,,,,,,0,,,,,103.32
1468,Unscored (no condition data),RPath,1838,,4.0,,0.0,0.0,0.0,,Asphalt,,,4,5.46,,,,,68,4,,sidewalks,CON,1,2,0,1,0,0,1,0,0,0,0,0,1,2,0,1,2,0,0,0,0,1,2,0,0,0,0,2,0,0,0,0,0,0,1,2,2,0,0,0,0,0,0,5,1,2,2,0,1,1,1,2,2,5,5,0,0,1,0,0,0,0,0,0,0,0,0,1,0,0,0,0,0,1,2,2,1,2,0,0,0,0,0,3,1,0,1,0,0,0,0,0,0,0,0,0,5,0,,,,,,,,,,,,,,,,,,,,,,,,,,,,,,,,,,,0,,,,,5.46
1469,Unscored (no condition data),RPath,1841,,4.0,,0.0,0.0,0.0,,Asphalt,,,4,66.311,,,,,73,4,,sidewalks,CON,1,0,0,0,0,0,0,0,0,1,2,0,1,0,0,1,2,2,0,0,0,0,0,0,5,0,0,0,1,2,2,0,0,0,1,2,0,0,0,0,0,0,0,0,1,2,2,0,1,1,1,2,2,0,0,0,3,1,1,0,0,1,0,0,1,2,0,0,0,0,1,2,0,1,2,2,1,2,0,1,0,0,0,0,1,1,1,1,2,2,1,0,0,1,2,0,5,0,,,,,,,,,,,,,,,,,,,,,,,,,,,,,,,,,,,0,,,,,66.311
1470,Unscored (no condition data),RPath,1850,,4.0,,0.0,0.0,0.0,,Asphalt,,,4,174.82,,,,,74,4,,sidewalks,CON,1,2,2,1,2,0,1,2,0,0,0,0,1,2,2,1,0,0,0,0,0,1,2,2,0,5,0,0,0,0,0,1,0,0,1,2,2,0,0,0,0,0,0,0,1,2,0,0,0,0,1,2,2,5,0,0,3,1,0,0,0,0,0,0,1,0,0,0,0,0,1,2,0,1,2,2,1,2,2,0,0,0,0,3,1,0,0,1,0,0,0,0,0,0,0,0,5,0,,,,,,,,,,,,,,,,,,,,,,,,,,,,,,,,,,,0,,,,,174.82
1471,Unscored (no condition data),RPath,1855,,4.0,,0.0,0.0,0.0,,Asphalt,,,4,84.947,,,,,67,4,,sidewalks,CON,1,2,2,1,2,0,1,2,0,1,2,0,1,2,0,0,0,0,0,0,0,0,0,0,0,0,0,2,0,0,0,0,0,0,1,2,2,0,0,0,0,0,0,5,1,2,0,0,0,0,1,2,2,0,5,0,0,1,0,0,0,0,0,0,1,0,0,0,0,0,1,2,0,0,0,0,1,2,2,0,0,0,5,3,1,0,1,0,0,0,0,0,0,0,0,0,5,0,,,,,,,,,,,,,,,,,,,,,,,,,,,,,,,,,,,0,,,,,84.947
1472,Unscored (no condition data),RPath,1856,,4.0,,0.0,0.0,0.0,,Asphalt,,,4,84.398,,,,,68,4,,sidewalks,CON,1,2,2,1,2,0,1,2,0,1,0,0,1,2,0,0,0,0,0,0,0,0,0,0,5,0,0,2,0,0,0,0,0,0,1,2,2,0,0,0,0,0,0,5,1,0,0,0,0,0,1,2,2,0,5,0,0,1,0,0,0,0,0,0,1,0,0,0,0,0,1,2,0,0,0,0,1,2,2,0,0,0,5,3,1,0,1,0,0,0,0,0,0,0,0,0,5,0,,,,,,,,,,,,,,,,,,,,,,,,,,,,,,,,,,,0,,,,,84.398
1473,Unscored (no condition data),RPath,1860,,4.0,,0.0,0.0,0.0,,Asphalt,,,4,117.379,,,,,85,5,,sidewalks,CON,1,0,0,1,0,0,0,0,0,1,2,0,1,2,0,1,2,2,0,0,0,0,0,0,5,0,0,2,1,2,2,0,0,0,1,2,0,0,0,0,0,0,0,5,1,2,0,0,1,1,1,2,2,0,0,0,0,1,0,0,0,1,2,0,1,2,2,0,0,0,1,0,0,1,2,0,1,2,2,0,0,0,5,3,1,1,1,1,2,0,0,0,0,1,2,2,5,0,,,,,,,,,,,,,,,,,,,,,,,,,,,,,,,,,,,0,,,,,117.379
1474,Unscored (no condition data),RPath,1896,,4.0,,0.0,0.0,0.0,,Asphalt,,,4,108.488,,,,,77,4,,sidewalks,CON,1,2,2,1,2,0,1,2,0,0,0,0,1,2,2,1,2,0,0,0,0,1,2,0,0,5,0,2,0,0,0,0,0,0,1,2,2,0,0,0,0,0,0,0,1,2,2,0,0,0,1,2,2,5,5,0,3,0,0,0,0,0,0,0,0,0,0,0,0,0,1,2,2,1,2,0,1,0,0,0,0,0,0,3,1,0,1,1,0,0,0,0,0,0,0,0,5,0,,,,,,,,,,,,,,,,,,,,,,,,,,,,,,,,,,,0,,,,,108.488
1475,Unscored (no condition data),RPath,1867,,4.0,,0.0,0.0,0.0,,Asphalt,,,4,87.215,,,,,73,4,,sidewalks,CON,1,2,2,1,2,0,1,2,0,0,0,0,1,2,2,1,2,0,0,0,0,1,2,0,0,5,0,2,0,0,0,0,0,0,1,2,2,0,0,0,0,0,0,0,1,2,0,0,0,0,1,2,2,5,0,0,3,0,0,0,0,0,0,0,0,0,0,0,0,0,1,2,2,1,2,2,1,2,0,0,0,0,0,3,1,0,0,1,0,0,0,0,0,0,0,0,5,0,,,,,,,,,,,,,,,,,,,,,,,,,,,,,,,,,,,0,,,,,87.215
1476,Unscored (no condition data),RPath,1871,,4.0,,0.0,0.0,0.0,,Asphalt,,,4,73.115,,,,,82,4,,sidewalks,CON,1,2,2,0,0,0,0,0,0,1,2,0,1,0,0,1,0,0,0,0,0,0,0,0,5,5,0,0,1,2,2,0,0,0,1,0,0,0,0,0,0,0,0,0,1,2,2,0,1,1,1,2,2,0,0,0,3,0,1,2,0,0,0,0,1,2,0,0,0,0,1,2,0,1,2,0,1,2,2,1,0,0,0,0,1,1,1,1,2,2,1,2,2,1,2,2,5,0,,,,,,,,,,,,,,,,,,,,,,,,,,,,,,,,,,,0,,,,,73.115
1477,Unscored (no condition data),RPath,1872,,4.0,,0.0,0.0,0.0,,Asphalt,,,4,30.169,,,,,76,4,,sidewalks,CON,1,2,2,0,0,0,0,0,0,1,0,0,1,0,0,1,2,0,0,0,0,0,0,0,5,0,0,0,1,2,2,0,0,0,1,2,0,0,0,0,0,0,0,0,1,2,0,0,1,0,1,2,2,0,0,0,3,1,1,0,0,0,0,0,1,0,0,0,0,0,1,0,0,1,2,0,1,2,2,1,2,0,5,0,1,1,1,1,2,2,1,2,0,1,2,2,5,0,,,,,,,,,,,,,,,,,,,,,,,,,,,,,,,,,,,0,,,,,30.169
1478,Unscored (no condition data),RPath,1873,,4.0,,0.0,0.0,0.0,,Asphalt,,,4,28.561,,,,,71,4,,sidewalks,CON,1,2,2,0,0,0,0,0,0,1,0,0,1,0,0,1,2,0,0,0,0,0,0,0,5,0,0,0,1,2,2,0,0,0,1,2,0,0,0,0,0,0,0,0,1,2,0,0,1,0,1,2,2,0,0,0,0,1,1,0,0,0,0,0,1,0,0,0,0,0,1,0,0,1,2,0,1,2,2,1,2,0,5,0,1,1,1,1,2,2,1,2,0,1,2,0,5,0,,,,,,,,,,,,,,,,,,,,,,,,,,,,,,,,,,,0,,,,,28.561
1479,Unscored (no condition data),RPath,1875,,4.0,,0.0,0.0,0.0,,Asphalt,,,4,5.638,,,,,74,4,,sidewalks,CON,1,2,2,0,0,0,0,0,0,1,0,0,1,0,0,1,0,0,0,0,0,0,0,0,5,0,0,0,1,2,2,0,0,0,1,0,0,0,0,0,0,0,0,0,1,2,0,0,1,0,1,2,2,0,0,0,3,1,1,0,0,0,0,0,1,0,0,0,0,0,1,2,0,1,2,0,1,2,2,1,2,0,5,0,1,1,1,1,2,2,1,2,0,1,2,2,5,0,,,,,,,,,,,,,,,,,,,,,,,,,,,,,,,,,,,0,,,,,5.638
1480,Unscored (no condition data),RPath,1877,,4.0,,0.0,0.0,0.0,,Asphalt,,,4,8.025,,,,,69,4,,sidewalks,CON,1,2,2,0,0,0,0,0,0,1,0,0,1,0,0,1,0,0,0,0,0,0,0,0,5,0,0,0,1,2,2,0,0,0,1,0,0,0,0,0,0,0,0,0,1,2,0,0,1,0,1,2,2,0,0,0,0,1,1,0,0,0,0,0,1,0,0,0,0,0,1,2,0,1,2,0,1,2,2,1,2,0,5,0,1,1,1,1,2,2,1,2,0,1,2,0,5,0,,,,,,,,,,,,,,,,,,,,,,,,,,,,,,,,,,,0,,,,,8.025
1481,Unscored (no condition data),RPath,1889,,4.0,,0.0,0.0,0.0,,Asphalt,,,4,287.852,,,,,76,4,,sidewalks,CON,1,2,2,1,2,2,1,0,0,0,0,0,1,2,0,1,2,0,0,0,0,0,0,0,0,5,0,2,0,0,0,1,2,0,1,2,2,0,0,0,0,0,0,5,1,0,0,0,1,0,1,2,0,0,0,0,0,1,0,0,0,0,0,0,1,2,0,0,0,0,1,2,2,1,2,0,1,2,0,0,0,0,5,3,1,0,0,1,2,2,0,0,0,0,0,0,5,0,,,,,,,,,,,,,,,,,,,,,,,,,,,,,,,,,,,0,,,,,287.852
1482,Unscored (no condition data),RPath,1891,,4.0,,0.0,0.0,0.0,,Asphalt,,,4,114.775,,,,,81,4,,sidewalks,CON,1,2,2,0,0,0,0,0,0,1,2,0,1,0,0,1,0,0,0,0,0,0,0,0,5,5,0,0,1,2,2,1,2,0,1,0,0,0,0,0,1,0,0,0,1,0,0,0,1,1,1,2,2,5,5,0,0,1,1,2,0,0,0,0,1,2,2,0,0,0,1,0,0,1,2,0,1,2,0,0,0,0,0,0,1,1,1,1,2,2,1,2,0,1,0,0,5,0,,,,,,,,,,,,,,,,,,,,,,,,,,,,,,,,,,,0,,,,,114.775
1483,Unscored (no condition data),RPath,1892,,4.0,,0.0,0.0,0.0,,Asphalt,,,4,4.17,,,,,70,4,,sidewalks,CON,1,2,2,0,0,0,0,0,0,1,0,0,1,0,0,0,0,0,0,0,0,0,0,0,5,0,0,0,1,2,2,1,2,0,1,0,0,0,0,0,1,0,0,0,1,0,0,0,1,1,1,2,2,5,5,0,0,0,1,2,0,0,0,0,1,2,2,0,0,0,1,0,0,1,2,0,1,0,0,0,0,0,0,0,1,1,1,1,2,2,1,2,0,1,0,0,5,0,,,,,,,,,,,,,,,,,,,,,,,,,,,,,,,,,,,0,,,,,4.17
1484,Unscored (no condition data),RPath,1893,,4.0,,0.0,0.0,0.0,,Asphalt,,,4,89.996,,,,,77,4,,sidewalks,CON,1,2,2,0,0,0,0,0,0,1,2,0,0,0,0,1,0,0,0,0,0,0,0,0,5,5,0,0,1,2,2,1,2,0,1,2,0,0,0,0,1,0,0,0,1,2,0,0,1,1,1,2,2,0,0,0,3,1,1,2,0,0,0,0,1,2,2,0,0,0,1,0,0,1,2,0,1,2,0,0,0,0,0,0,1,1,1,1,2,2,1,2,0,1,0,0,5,0,,,,,,,,,,,,,,,,,,,,,,,,,,,,,,,,,,,0,,,,,89.996
1485,Unscored (no condition data),RPath,1902,,4.0,,0.0,0.0,0.0,,Asphalt,,,4,112.083,,,,,70,4,,sidewalks,CON,1,2,2,1,2,2,1,2,2,1,0,0,1,2,2,0,0,0,0,0,0,1,0,0,0,5,0,2,1,0,0,0,0,0,1,2,0,0,0,0,0,0,0,5,1,0,0,0,0,0,1,2,0,0,0,0,0,1,0,0,0,0,0,0,1,2,2,1,0,0,1,0,0,1,0,0,1,2,2,0,0,0,5,3,1,0,0,0,0,0,0,0,0,0,0,0,5,0,,,,,,,,,,,,,,,,,,,,,,,,,,,,,,,,,,,0,,,,,112.083
1486,Unscored (no condition data),RPath,1915,,4.0,,0.0,0.0,0.0,,Asphalt,,,4,56.731,,,,,70,4,,sidewalks,CON,1,2,2,1,2,2,1,0,0,0,0,0,1,2,2,1,2,0,0,0,0,0,0,0,0,5,0,0,0,0,0,0,0,0,1,2,0,0,0,0,0,0,0,0,1,2,0,0,1,0,1,2,2,5,5,0,0,0,0,0,0,0,0,0,1,0,0,0,0,0,0,0,0,1,2,0,1,2,0,0,0,0,0,3,1,1,1,0,0,0,1,0,0,1,2,2,5,0,,,,,,,,,,,,,,,,,,,,,,,,,,,,,,,,,,,0,,,,,56.731
1487,Unscored (no condition data),RPath,1916,,4.0,,0.0,0.0,0.0,,Asphalt,,,4,95.373,,,,,74,4,,sidewalks,CON,1,2,2,1,2,2,0,0,0,0,0,0,1,2,2,1,2,0,0,0,0,0,0,0,0,5,0,0,0,0,0,1,0,0,1,2,2,0,0,0,0,0,0,0,1,2,0,0,0,0,1,2,2,5,5,0,0,0,0,0,0,0,0,0,1,2,0,1,0,0,0,0,0,1,2,0,1,2,0,0,0,0,0,3,1,1,1,0,0,0,1,0,0,1,2,2,5,0,,,,,,,,,,,,,,,,,,,,,,,,,,,,,,,,,,,0,,,,,95.373
1488,Unscored (no condition data),RPath,1930,,4.0,,0.0,0.0,0.0,,Asphalt,,,4,95.7,,,,,69,4,,sidewalks,CON,1,2,2,0,0,0,0,0,0,1,0,0,1,0,0,1,0,0,0,0,0,0,0,0,5,0,0,0,1,2,2,0,0,0,1,0,0,0,0,0,0,0,0,0,1,2,0,0,1,0,1,2,2,0,0,0,0,1,1,0,0,0,0,0,1,2,0,0,0,0,1,0,0,1,2,0,1,2,2,1,2,0,5,0,1,1,1,1,2,2,1,2,0,1,2,0,5,0,,,,,,,,,,,,,,,,,,,,,,,,,,,,,,,,,,,0,,,,,95.7
1489,Unscored (no condition data),RPath,1937,,4.0,,0.0,0.0,0.0,,Asphalt,,,4,84.644,,,,,78,4,,sidewalks,HMAC,1,2,0,1,0,0,0,0,0,0,0,0,1,0,0,1,2,2,0,0,0,0,0,0,5,5,0,0,0,0,0,1,2,2,1,2,2,0,0,0,0,0,0,5,1,2,2,0,1,1,1,2,2,5,5,0,3,1,0,0,0,0,0,0,0,0,0,0,0,0,0,0,0,1,2,2,1,0,0,0,0,0,5,0,1,0,0,0,0,0,0,0,0,0,0,0,5,0,,,,,,,,,,,,,,,,,,,,,,,,,,,,,,,,,,,3,,,,,84.644
1490,Unscored (no condition data),RPath,1939,,4.0,,0.0,0.0,0.0,,Asphalt,,,4,86.251,,,,,68,4,,sidewalks,CON,1,2,0,1,2,0,0,0,0,0,0,0,1,2,0,0,0,0,0,0,0,0,0,0,0,0,0,2,0,0,0,1,2,2,1,2,2,0,0,0,0,0,0,5,1,2,2,0,1,1,1,2,2,5,5,0,3,1,0,0,0,0,0,0,1,2,0,0,0,0,0,0,0,1,0,0,1,0,0,0,0,0,5,0,1,0,0,0,0,0,0,0,0,0,0,0,5,0,,,,,,,,,,,,,,,,,,,,,,,,,,,,,,,,,,,9,,,,,86.251
1491,Unscored (no condition data),RPath,1948,,4.0,,0.0,0.0,0.0,,Asphalt,,,4,81.617,,,,,77,4,,sidewalks,CON,1,0,0,1,0,0,0,0,0,1,0,0,1,2,2,0,0,0,0,0,0,1,2,0,0,5,0,2,0,0,0,0,0,0,1,2,2,0,0,0,0,0,0,5,1,0,0,0,1,1,1,2,2,5,0,4,3,1,0,0,0,0,0,0,1,2,0,1,2,0,1,2,0,1,2,0,1,2,0,0,0,0,5,3,0,0,0,0,0,0,0,0,0,0,0,0,5,0,,,,,,,,,,,,,,,,,,,,,,,,,,,,,,,,,,,2,,,,,81.617
1492,Unscored (no condition data),RPath,1956,,4.0,,0.0,0.0,0.0,,Asphalt,,,4,276.582,,,,,71,4,,sidewalks,CON,1,2,0,1,2,0,1,2,0,1,0,0,1,2,2,1,2,2,0,0,0,0,0,0,0,5,0,2,0,0,0,1,0,0,1,2,2,0,0,0,0,0,0,0,0,0,0,0,1,0,1,2,2,5,5,4,0,1,0,0,0,0,0,0,0,0,0,0,0,0,0,0,0,1,0,0,1,2,0,0,0,0,0,0,1,1,1,0,0,0,0,0,0,1,2,2,5,0,,,,,,,,,,,,,,,,,,,,,,,,,,,,,,,,,,,0,,,,,276.582
1493,Unscored (no condition data),RPath,1958,,4.0,,0.0,0.0,0.0,,Asphalt,,,4,341.192,,,,,72,4,,sidewalks,CON,1,2,2,1,0,0,0,0,0,0,0,0,1,2,2,1,2,2,0,0,0,1,0,0,0,5,0,2,0,0,0,0,0,0,1,2,2,0,0,0,0,0,0,0,1,0,0,0,0,0,1,2,2,5,5,0,3,1,0,0,0,0,0,0,0,0,0,0,0,0,1,0,0,1,2,2,1,2,2,0,0,0,0,3,1,1,1,0,0,0,0,0,0,1,0,0,5,0,,,,,,,,,,,,,,,,,,,,,,,,,,,,,,,,,,,0,,,,,341.192
1494,Unscored (no condition data),RPath,1959,,4.0,,0.0,0.0,0.0,,Asphalt,,,4,88.241,,,,,68,4,,sidewalks,CON,1,2,2,1,0,0,1,0,0,0,0,0,1,2,2,0,0,0,0,0,0,1,0,0,0,5,0,2,0,0,0,0,0,0,1,2,2,0,0,0,1,0,0,0,1,2,0,0,1,0,1,2,2,5,0,0,3,1,0,0,0,0,0,0,0,0,0,0,0,0,0,0,0,1,2,0,1,2,2,0,0,0,5,3,1,1,1,0,0,0,0,0,0,0,0,0,5,0,,,,,,,,,,,,,,,,,,,,,,,,,,,,,,,,,,,0,,,,,88.241
1495,Unscored (no condition data),RPath,1962,,4.0,,0.0,0.0,0.0,,Asphalt,,,4,108.631,,,,,78,4,,sidewalks,HMAC,1,2,2,1,2,2,1,0,0,0,0,0,1,2,2,1,2,2,0,0,0,0,0,0,0,5,0,0,0,0,0,1,0,0,1,2,2,0,0,0,0,0,0,0,1,2,2,0,0,0,1,2,2,0,5,4,0,0,0,0,0,1,0,0,1,2,0,1,2,0,0,0,0,1,2,0,1,2,0,0,0,0,0,3,1,1,1,0,0,0,0,0,0,1,2,0,5,0,,,,,,,,,,,,,,,,,,,,,,,,,,,,,,,,,,,0,,,,,108.631
1496,Unscored (no condition data),RPath,1963,,4.0,,0.0,0.0,0.0,,Asphalt,,,4,122.401,,,,,78,4,,sidewalks,CON,1,2,2,1,2,2,1,2,0,0,0,0,1,2,2,1,2,0,0,0,0,1,0,0,0,5,0,2,0,0,0,1,0,0,1,2,2,0,0,0,0,0,0,5,1,2,0,0,1,0,1,2,2,0,0,4,0,1,0,0,0,1,0,0,1,0,0,1,0,0,0,0,0,1,2,0,1,2,2,0,0,0,0,3,1,0,1,0,0,0,0,0,0,1,2,0,5,0,,,,,,,,,,,,,,,,,,,,,,,,,,,,,,,,,,,0,,,,,122.401
1497,Unscored (no condition data),RPath,1964,,4.0,,0.0,0.0,0.0,,Asphalt,,,4,437.598,,,,,71,4,,sidewalks,HMAC,1,2,2,1,2,2,0,0,0,0,0,0,1,2,2,0,0,0,1,2,0,0,0,0,0,5,0,0,0,0,0,1,2,0,0,0,0,0,0,0,0,0,0,0,1,2,0,0,1,1,1,2,2,0,5,0,3,0,1,2,0,0,0,0,1,0,0,0,0,0,0,0,0,1,0,0,1,2,2,0,0,0,0,3,1,1,1,0,0,0,1,2,2,1,0,0,5,0,,,,,,,,,,,,,,,,,,,,,,,,,,,,,,,,,,,0,,,,,437.598
1498,Unscored (no condition data),RPath,1965,,4.0,,0.0,0.0,0.0,,Asphalt,,,4,138.296,,,,,67,4,,sidewalks,HMAC,1,2,0,1,2,0,0,0,0,0,0,0,1,2,2,0,0,0,1,2,0,0,0,0,0,5,0,2,0,0,0,1,2,0,0,0,0,0,0,0,1,0,0,0,1,2,2,0,1,0,1,2,2,0,5,0,3,0,1,2,0,0,0,0,0,0,0,0,0,0,0,0,0,1,2,0,1,2,0,0,0,0,0,3,1,1,1,0,0,0,1,2,0,0,0,0,5,0,,,,,,,,,,,,,,,,,,,,,,,,,,,,,,,,,,,0,,,,,138.296
1499,Unscored (no condition data),RPath,1978,,4.0,,0.0,0.0,0.0,,Asphalt,,,4,21.691,,,,,77,4,,sidewalks,CON,1,2,2,0,0,0,0,0,0,1,0,0,1,0,0,0,0,0,0,0,0,0,0,0,5,5,0,0,1,2,2,1,2,0,1,2,0,0,0,0,1,0,0,0,1,0,0,0,1,1,1,2,2,5,5,0,0,0,1,2,0,0,0,0,1,2,2,0,0,0,1,0,0,1,2,0,1,0,0,0,0,0,0,0,1,1,1,1,2,2,1,2,0,1,0,0,5,0,,,,,,,,,,,,,,,,,,,,,,,,,,,,,,,,,,,0,,,,,21.691
1500,Unscored (no condition data),RPath,1976,,4.0,,0.0,0.0,0.0,,Asphalt,,,4,45.297,,,,,81,4,,sidewalks,CON,1,2,2,0,0,0,0,0,0,1,0,0,1,0,0,0,0,0,0,0,0,0,0,0,5,5,0,0,1,2,2,1,2,0,1,2,0,0,0,0,1,2,0,0,1,2,0,0,1,1,1,2,2,5,5,0,0,0,1,2,0,0,0,0,1,2,2,0,0,0,1,0,0,1,2,0,1,0,0,0,0,0,0,0,1,1,1,1,2,2,1,2,0,1,0,0,5,0,,,,,,,,,,,,,,,,,,,,,,,,,,,,,,,,,,,0,,,,,45.297
1501,Unscored (no condition data),RPath,1977,,4.0,,0.0,0.0,0.0,,Asphalt,,,4,106.072,,,,,80,4,,sidewalks,CON,1,2,2,0,0,0,0,0,0,1,2,0,1,0,0,0,0,0,0,0,0,0,0,0,5,0,0,0,1,2,2,1,2,0,1,2,0,0,0,0,1,2,0,0,1,0,0,0,1,1,1,2,2,5,5,0,3,1,1,2,0,0,0,0,1,2,2,0,0,0,1,0,0,1,2,0,1,0,0,0,0,0,0,0,1,1,1,1,2,2,1,2,0,1,0,0,5,0,,,,,,,,,,,,,,,,,,,,,,,,,,,,,,,,,,,0,,,,,106.072
1502,Unscored (no condition data),RPath,1996,,4.0,,0.0,0.0,0.0,,Asphalt,,,4,113.112,,,,,78,4,,sidewalks,CON,1,2,0,1,0,0,0,0,0,1,2,0,1,2,0,1,2,0,0,0,0,0,0,0,5,0,0,2,1,2,2,0,0,0,1,2,0,0,0,0,0,0,0,0,1,2,0,0,1,1,1,2,2,0,5,0,0,1,0,0,0,1,2,0,1,2,0,0,0,0,1,0,0,1,2,0,1,2,2,0,0,0,0,3,1,1,1,1,2,0,0,0,0,1,2,2,5,0,,,,,,,,,,,,,,,,,,,,,,,,,,,,,,,,,,,0,,,,,113.112
1503,Unscored (no condition data),RPath,1997,,4.0,,0.0,0.0,0.0,,Asphalt,,,4,39.768,,,,,81,4,,sidewalks,CON,1,0,0,0,0,0,0,0,0,1,2,2,1,2,0,1,2,0,0,0,0,0,0,0,5,0,0,0,1,2,2,0,0,0,1,2,2,0,0,0,0,0,0,0,1,2,0,0,1,1,1,2,2,0,5,0,0,1,0,0,0,1,2,2,1,2,0,0,0,0,1,0,0,1,2,2,1,2,2,0,0,0,0,3,1,1,1,1,2,0,0,0,0,1,2,2,5,0,,,,,,,,,,,,,,,,,,,,,,,,,,,,,,,,,,,0,,,,,39.768
1504,Unscored (no condition data),RPath,2000,,4.0,,0.0,0.0,0.0,,Asphalt,,,4,89.294,,,,,74,4,,sidewalks,CON,1,2,2,1,0,0,0,0,0,0,0,0,1,2,2,1,2,2,0,0,0,0,0,0,0,5,0,0,1,2,0,0,0,0,1,2,2,0,0,0,0,0,0,0,1,2,0,0,0,0,1,2,2,0,5,0,0,1,0,0,0,0,0,0,1,0,0,0,0,0,0,0,0,1,2,2,1,2,2,0,0,0,5,0,1,1,1,1,2,0,1,0,0,1,2,0,5,0,,,,,,,,,,,,,,,,,,,,,,,,,,,,,,,,,,,0,,,,,89.294
1505,Unscored (no condition data),RPath,2002,,4.0,,0.0,0.0,0.0,,Asphalt,,,4,120.479,,,,,76,4,,sidewalks,CON,1,2,2,1,0,0,0,0,0,0,0,0,1,2,2,1,2,2,0,0,0,0,0,0,0,5,0,2,1,2,0,0,0,0,1,2,2,0,0,0,0,0,0,0,1,2,0,0,0,0,1,2,2,0,5,0,0,1,0,0,0,0,0,0,1,0,0,0,0,0,0,0,0,1,2,2,1,2,2,0,0,0,5,0,1,1,1,1,2,0,1,0,0,1,2,0,5,0,,,,,,,,,,,,,,,,,,,,,,,,,,,,,,,,,,,0,,,,,120.479
1506,Unscored (no condition data),RPath,2003,,4.0,,0.0,0.0,0.0,,Asphalt,,,4,43.74,,,,,73,4,,sidewalks,HMAC,1,2,2,1,0,0,0,0,0,0,0,0,1,2,0,1,2,2,0,0,0,0,0,0,0,5,0,0,1,2,0,0,0,0,1,2,2,0,0,0,0,0,0,0,1,2,0,0,0,0,1,2,2,0,5,0,0,1,0,0,0,0,0,0,0,0,0,0,0,0,0,0,0,1,2,2,1,2,2,0,0,0,5,0,1,1,1,1,2,0,1,2,0,1,2,0,5,0,,,,,,,,,,,,,,,,,,,,,,,,,,,,,,,,,,,0,,,,,43.74
1507,Unscored (no condition data),RPath,2006,,4.0,,0.0,0.0,0.0,,Asphalt,,,4,56.412,,,,,85,5,,sidewalks,CON,1,2,2,1,0,0,0,0,0,1,0,0,1,2,0,1,2,2,0,0,0,0,0,0,0,5,3,0,1,2,2,0,0,0,1,2,2,0,0,0,0,0,0,0,1,2,0,0,0,0,1,2,2,5,5,0,3,1,0,0,0,0,0,0,1,0,0,0,0,0,1,0,0,1,2,0,1,2,2,1,0,0,0,0,1,1,1,1,2,2,1,2,0,1,2,0,5,0,,,,,,,,,,,,,,,,,,,,,,,,,,,,,,,,,,,1,,,,,56.412
1508,Unscored (no condition data),RPath,2013,,4.0,,0.0,0.0,0.0,,Asphalt,,,4,113.941,,,,,81,4,,sidewalks,CON,1,2,2,0,0,0,0,0,0,1,2,0,0,0,0,1,0,0,0,0,0,0,0,0,0,5,0,0,1,2,2,0,0,0,1,0,0,0,0,0,0,0,0,0,1,2,2,0,1,1,1,2,2,0,5,0,3,0,1,2,0,0,0,0,1,2,0,0,0,0,1,2,0,1,2,2,1,2,0,1,0,0,0,0,1,1,1,1,2,2,1,2,2,1,2,2,5,0,,,,,,,,,,,,,,,,,,,,,,,,,,,,,,,,,,,0,,,,,113.941
1509,Unscored (no condition data),RPath,2014,,4.0,,0.0,0.0,0.0,,Asphalt,,,4,41.417,,,,,80,4,,sidewalks,CON,1,2,2,0,0,0,0,0,0,1,2,0,1,0,0,1,0,0,0,0,0,0,0,0,0,5,0,0,1,2,2,0,0,0,1,0,0,0,0,0,0,0,0,0,1,2,2,0,1,1,1,2,2,0,5,0,3,0,1,2,0,0,0,0,1,2,0,0,0,0,1,2,0,1,2,0,1,2,2,1,0,0,0,0,1,1,1,1,2,0,1,2,2,1,2,2,5,0,,,,,,,,,,,,,,,,,,,,,,,,,,,,,,,,,,,0,,,,,41.417
1510,Unscored (no condition data),RPath,2015,,4.0,,0.0,0.0,0.0,,Asphalt,,,4,55.649,,,,,74,4,,sidewalks,CON,1,2,2,1,0,0,1,0,0,0,0,0,0,0,0,1,2,2,0,0,0,0,0,0,5,5,0,2,0,0,0,0,0,0,1,2,2,0,0,0,1,2,0,0,1,2,2,0,1,0,1,2,2,5,5,0,3,1,0,0,0,0,0,0,1,2,0,0,0,0,0,0,0,0,0,0,1,2,0,0,0,0,0,3,1,1,1,0,0,0,0,0,0,0,0,0,5,0,,,,,,,,,,,,,,,,,,,,,,,,,,,,,,,,,,,0,,,,,55.649
1511,Unscored (no condition data),RPath,2019,,4.0,,0.0,0.0,0.0,,Asphalt,,,4,188.016,,,,,67,4,,sidewalks,CON,1,2,2,1,2,0,1,0,0,0,0,0,1,2,0,1,2,0,0,0,0,0,0,0,5,5,0,2,0,0,0,0,0,0,1,2,2,0,0,0,1,0,0,0,1,2,0,0,1,1,1,2,2,5,0,0,3,1,0,0,0,0,0,0,0,0,0,0,0,0,0,0,0,1,2,0,1,0,0,0,0,0,0,3,1,1,1,0,0,0,0,0,0,0,0,0,5,0,,,,,,,,,,,,,,,,,,,,,,,,,,,,,,,,,,,0,,,,,188.016
1512,Unscored (no condition data),RPath,2023,,4.0,,0.0,0.0,0.0,,Asphalt,,,4,289.855,,,,,73,4,,sidewalks,CON,1,2,0,1,2,0,1,0,0,0,0,0,1,2,0,0,0,0,0,0,0,0,0,0,5,0,0,2,0,0,0,0,0,0,1,2,2,0,0,0,0,0,0,5,1,2,2,0,0,0,1,2,2,0,0,0,3,1,0,0,0,0,0,0,1,2,2,1,2,0,1,2,0,1,2,0,1,2,0,0,0,0,5,3,1,0,0,1,0,0,0,0,0,0,0,0,5,0,,,,,,,,,,,,,,,,,,,,,,,,,,,,,,,,,,,0,,,,,289.855
1513,Unscored (no condition data),RPath,2030,,4.0,,0.0,0.0,0.0,,Asphalt,,,4,38.992,,,,,74,4,,sidewalks,HMAC,1,2,0,1,2,0,1,2,0,0,0,0,1,0,0,1,0,0,0,0,0,0,0,0,0,0,0,2,0,0,0,1,0,0,1,2,2,0,0,0,0,0,0,5,1,0,0,0,1,1,1,2,2,5,5,0,0,1,0,0,0,0,0,0,1,2,0,0,0,0,1,2,0,1,2,0,1,2,0,0,0,0,5,3,0,0,1,1,2,2,0,0,0,0,0,0,5,0,,,,,,,,,,,,,,,,,,,,,,,,,,,,,,,,,,,0,,,,,38.992
1514,Unscored (no condition data),RPath,2031,,4.0,,0.0,0.0,0.0,,Asphalt,,,4,42.381,,,,,79,4,,sidewalks,CON,1,2,0,1,2,0,1,2,0,0,0,0,1,0,0,1,0,0,0,0,0,0,0,0,0,5,0,2,0,0,0,1,0,0,1,2,2,0,0,0,0,0,0,5,1,0,0,0,1,1,1,2,2,5,5,0,0,1,0,0,0,0,0,0,1,2,0,0,0,0,1,2,0,1,2,0,1,2,0,0,0,0,5,3,0,0,1,1,2,2,0,0,0,0,0,0,5,0,,,,,,,,,,,,,,,,,,,,,,,,,,,,,,,,,,,0,,,,,42.381
1515,Unscored (no condition data),RPath,2034,,4.0,,0.0,0.0,0.0,,Asphalt,,,4,19.121,,,,,73,4,,sidewalks,CON,1,2,0,1,0,0,0,0,0,0,0,0,1,2,0,1,2,0,1,0,0,0,0,0,5,0,0,0,0,0,0,1,2,2,1,2,2,0,0,0,0,0,0,0,1,2,2,0,1,1,1,2,2,5,5,0,3,0,0,0,0,0,0,0,1,0,0,0,0,0,1,2,0,1,2,0,1,2,0,0,0,0,0,3,1,1,1,1,0,0,0,0,0,0,0,0,5,0,,,,,,,,,,,,,,,,,,,,,,,,,,,,,,,,,,,0,,,,,19.121
1516,Unscored (no condition data),RPath,2036,,4.0,,0.0,0.0,0.0,,Asphalt,,,4,101.534,,,,,70,4,,sidewalks,CON,1,2,0,1,0,0,0,0,0,0,0,0,1,2,0,1,2,0,1,0,0,0,0,0,5,0,0,0,0,0,0,1,2,2,1,2,2,0,0,0,0,0,0,0,1,2,2,0,1,1,1,2,2,5,5,0,3,1,0,0,0,0,0,0,1,0,0,0,0,0,1,0,0,1,2,0,1,0,0,0,0,0,0,3,1,1,1,1,0,0,0,0,0,0,0,0,5,0,,,,,,,,,,,,,,,,,,,,,,,,,,,,,,,,,,,1,,,,,101.534
1517,Unscored (no condition data),RPath,4069,,4.0,,0.0,0.0,0.0,,Asphalt,,,4,257.517,,,,,75,4,,sidewalks,CON,1,2,2,1,2,2,1,2,0,0,0,0,1,2,0,1,2,0,0,0,0,0,0,0,0,5,0,2,0,0,0,0,0,0,1,2,2,0,0,0,0,0,0,0,1,0,0,0,1,1,1,2,2,5,5,0,3,1,0,0,0,0,0,0,1,0,0,0,0,0,0,0,0,1,2,0,1,2,2,0,0,0,5,3,0,0,0,0,0,0,0,0,0,0,0,0,5,0,,,,,,,,,,,,,,,,,,,,,,,,,,,,,,,,,,,0,,,,,257.517
1518,Unscored (no condition data),RPath,4083,,4.0,,0.0,0.0,0.0,,Asphalt,,,4,321.56,,,,,71,4,,sidewalks,CON,1,2,0,1,2,0,1,2,0,0,0,0,1,2,0,1,0,0,0,0,0,0,0,0,0,5,0,2,0,0,0,1,0,0,1,2,2,0,0,0,1,0,0,0,0,0,0,0,1,1,1,2,2,5,0,4,3,1,0,0,0,0,0,0,0,0,0,0,0,0,0,0,0,1,2,0,1,2,2,0,0,0,5,3,1,1,1,0,0,0,0,0,0,0,0,0,5,0,,,,,,,,,,,,,,,,,,,,,,,,,,,,,,,,,,,1,,,,,321.56
1519,Unscored (no condition data),RPath,4085,,4.0,,0.0,0.0,0.0,,Asphalt,,,4,131.271,,,,,73,4,,sidewalks,CON,1,2,0,1,2,0,1,0,0,0,0,0,1,2,2,1,2,0,0,0,0,0,0,0,5,5,0,2,0,0,0,1,2,0,1,2,2,1,2,0,0,0,0,0,0,0,0,0,1,0,1,2,2,0,0,0,3,1,0,0,0,0,0,0,0,0,0,0,0,0,1,0,0,1,2,0,1,2,2,0,0,0,5,3,1,1,1,0,0,0,0,0,0,0,0,0,5,0,,,,,,,,,,,,,,,,,,,,,,,,,,,,,,,,,,,0,,,,,131.271
1520,Unscored (no condition data),RPath,4365,,4.0,,0.0,0.0,0.0,,Asphalt,,,4,28.688,,,,,69,4,,sidewalks,CON,1,2,2,1,2,2,0,0,0,0,0,0,1,0,0,1,2,0,0,0,0,0,0,0,5,0,0,2,0,0,0,0,0,0,1,2,2,0,0,0,0,0,0,5,1,2,2,0,0,0,1,2,2,5,5,0,3,0,0,0,0,0,0,0,0,0,0,0,0,0,1,0,0,1,0,0,1,0,0,0,0,0,5,0,1,0,0,1,0,0,0,0,0,0,0,0,5,0,,,,,,,,,,,,,,,,,,,,,,,,,,,,,,,,,,,1,,,,,28.688
1521,Unscored (no condition data),RPath,8624,,4.0,,0.0,0.0,0.0,,Asphalt,,,4,83.26,,,,,68,4,,sidewalks,CON,1,2,2,1,2,0,1,2,0,0,0,0,1,0,0,0,0,0,0,0,0,0,0,0,0,5,0,2,0,0,0,0,0,0,1,2,2,0,0,0,0,0,0,0,0,0,0,0,1,1,1,2,2,5,5,0,0,1,0,0,0,0,0,0,1,2,0,0,0,0,1,2,0,1,2,0,1,2,2,0,0,0,5,0,1,0,1,0,0,0,0,0,0,0,0,0,5,0,,,,,,,,,,,,,,,,,,,,,,,,,,,,,,,,,,,1,,,,,83.26
1522,Unscored (no condition data),RPath,8639,,4.0,,0.0,0.0,0.0,,Asphalt,,,4,120.556,,,,,69,4,,sidewalks,CON,1,2,2,1,2,0,1,2,0,0,0,0,0,0,0,0,0,0,0,0,0,0,0,0,0,5,0,2,0,0,0,0,0,0,1,2,2,0,0,0,0,0,0,0,0,0,0,0,1,1,1,2,2,0,5,0,0,1,0,0,0,0,0,0,1,2,2,0,0,0,1,2,0,1,2,2,1,2,2,0,0,0,5,3,1,0,1,0,0,0,0,0,0,0,0,0,5,0,,,,,,,,,,,,,,,,,,,,,,,,,,,,,,,,,,,1,,,,,120.556
1523,Unscored (no condition data),RPath,8673,,4.0,,0.0,0.0,0.0,,Asphalt,,,4,165.885,,,,,70,4,,sidewalks,CON,1,2,2,1,2,2,1,2,0,1,0,0,1,2,2,0,0,0,0,0,0,1,0,0,0,0,0,2,1,2,0,0,0,0,1,2,2,0,0,0,0,0,0,5,1,2,0,0,0,0,1,2,0,0,0,0,0,1,0,0,0,0,0,0,1,2,2,0,0,0,1,0,0,1,2,0,1,2,2,0,0,0,5,3,1,0,0,0,0,0,0,0,0,0,0,0,5,0,,,,,,,,,,,,,,,,,,,,,,,,,,,,,,,,,,,0,,,,,165.885
1524,Unscored (no condition data),RPath,8763,,4.0,,0.0,0.0,0.0,,Asphalt,,,4,45.631,,,,,67,4,,sidewalks,CON,1,2,2,1,2,0,1,2,0,1,2,0,1,2,0,0,0,0,0,0,0,0,0,0,5,0,0,2,0,0,0,0,0,0,1,2,2,0,0,0,0,0,0,5,1,2,2,0,0,0,1,2,2,0,5,0,0,1,0,0,0,0,0,0,1,0,0,0,0,0,1,2,0,0,0,0,1,2,2,0,0,0,0,3,0,0,0,0,0,0,0,0,0,0,0,0,5,0,,,,,,,,,,,,,,,,,,,,,,,,,,,,,,,,,,,0,,,,,45.631
1525,Unscored (no condition data),RPath,8768,,4.0,,0.0,0.0,0.0,,Asphalt,,,4,78.979,,,,,72,4,,sidewalks,CON,1,2,2,1,0,0,1,0,0,1,2,0,1,2,0,0,0,0,0,0,0,0,0,0,5,0,0,2,0,0,0,0,0,0,1,2,2,0,0,0,0,0,0,5,1,2,2,0,0,0,1,2,2,5,5,4,0,1,0,0,0,0,0,0,1,0,0,0,0,0,1,2,0,0,0,0,1,2,2,0,0,0,0,3,0,0,0,0,0,0,0,0,0,0,0,0,5,0,,,,,,,,,,,,,,,,,,,,,,,,,,,,,,,,,,,3,,,,,78.979
1526,Unscored (no condition data),RPath,8772,,4.0,,0.0,0.0,0.0,,Asphalt,,,4,85.035,,,,,70,4,,sidewalks,CON,1,2,2,1,2,0,1,2,0,1,2,0,1,2,0,0,0,0,0,0,0,0,0,0,5,0,0,2,0,0,0,0,0,0,1,2,2,0,0,0,0,0,0,5,1,0,0,0,0,0,1,2,2,0,5,0,0,1,0,0,0,0,0,0,1,0,0,0,0,0,1,2,0,0,0,0,1,2,2,0,0,0,5,3,1,0,1,0,0,0,0,0,0,0,0,0,5,0,,,,,,,,,,,,,,,,,,,,,,,,,,,,,,,,,,,0,,,,,85.035
1527,Unscored (no condition data),RPath,8780,,4.0,,0.0,0.0,0.0,,Asphalt,,,4,77.422,,,,,72,4,,sidewalks,CON,1,2,2,1,2,0,1,2,0,1,2,0,1,2,0,0,0,0,0,0,0,0,0,0,5,0,0,2,0,0,0,0,0,0,1,2,2,0,0,0,0,0,0,5,1,2,0,0,0,0,1,2,2,0,5,0,0,1,0,0,0,0,0,0,1,0,0,0,0,0,1,2,0,0,0,0,1,2,2,0,0,0,5,3,1,0,1,0,0,0,0,0,0,0,0,0,5,0,,,,,,,,,,,,,,,,,,,,,,,,,,,,,,,,,,,0,,,,,77.422
1528,Unscored (no condition data),RPath,8826,,4.0,,0.0,0.0,0.0,,Asphalt,,,4,79.891,,,,,67,4,,sidewalks,HMAC,1,2,2,1,2,0,1,0,0,0,0,0,1,2,0,1,2,0,0,0,0,0,0,0,0,0,0,2,0,0,0,0,0,0,1,2,2,0,0,0,0,0,0,0,0,0,0,0,1,1,1,2,2,5,5,0,3,1,0,0,0,0,0,0,1,0,0,0,0,0,0,0,0,1,2,2,1,2,2,0,0,0,5,3,0,0,0,0,0,0,0,0,0,0,0,0,5,0,,,,,,,,,,,,,,,,,,,,,,,,,,,,,,,,,,,0,,,,,79.891
1529,Unscored (no condition data),RPath,8833,,4.0,,0.0,0.0,0.0,,Asphalt,,,4,125.28,,,,,70,4,,sidewalks,HMAC,1,2,2,1,2,0,1,0,0,0,0,0,1,2,2,1,2,2,0,0,0,0,0,0,0,0,0,2,0,0,0,0,0,0,1,2,2,0,0,0,0,0,0,0,1,0,0,0,1,1,1,2,2,5,5,0,3,1,0,0,0,0,0,0,1,0,0,0,0,0,0,0,0,1,2,0,1,2,2,0,0,0,5,3,0,0,0,0,0,0,0,0,0,0,0,0,5,0,,,,,,,,,,,,,,,,,,,,,,,,,,,,,,,,,,,0,,,,,125.28
1530,Unscored (no condition data),RPath,8881,,4.0,,0.0,0.0,0.0,,Asphalt,,,4,135.131,,,,,70,4,,sidewalks,HMAC,1,2,2,1,2,0,1,2,0,0,0,0,1,0,0,1,0,0,0,0,0,0,0,0,0,5,0,2,0,0,0,0,0,0,1,2,2,0,0,0,0,0,0,0,1,2,2,0,1,0,1,2,2,5,5,0,0,1,0,0,0,0,0,0,1,2,2,0,0,0,0,0,0,1,2,0,1,0,0,1,0,0,5,3,0,0,0,0,0,0,0,0,0,0,0,0,5,0,,,,,,,,,,,,,,,,,,,,,,,,,,,,,,,,,,,1,,,,,135.131
1531,Unscored (no condition data),RPath,8890,,4.0,,0.0,0.0,0.0,,Asphalt,,,4,271.825,,,,,82,4,,sidewalks,HMAC,1,2,2,1,2,2,1,2,2,0,0,0,1,2,2,1,2,2,0,0,0,0,0,0,0,5,0,2,0,0,0,1,0,0,1,2,2,0,0,0,0,0,0,0,1,2,2,0,1,1,1,2,2,5,5,0,0,1,0,0,0,0,0,0,1,2,2,0,0,0,0,0,0,1,2,2,1,0,0,0,0,0,5,0,0,0,0,0,0,0,0,0,0,0,0,0,5,0,,,,,,,,,,,,,,,,,,,,,,,,,,,,,,,,,,,1,,,,,271.825
1532,Unscored (no condition data),RPath,8923,,4.0,,0.0,0.0,0.0,,Asphalt,,,4,309.84,,,,,68,4,,sidewalks,HMAC,1,2,2,1,2,2,1,0,0,0,0,0,1,2,0,0,0,0,0,0,0,0,0,0,0,5,0,0,0,0,0,0,0,0,1,2,2,0,0,0,0,0,0,0,1,2,2,0,1,1,1,2,2,5,5,0,3,0,0,0,0,0,0,0,0,0,0,0,0,0,0,0,0,0,0,0,1,0,0,0,0,0,0,3,1,1,1,1,0,0,1,0,0,1,2,2,5,0,,,,,,,,,,,,,,,,,,,,,,,,,,,,,,,,,,,0,,,,,309.84
1533,Unscored (no condition data),RPath,8939,,4.0,,0.0,0.0,0.0,,Asphalt,,,4,303.503,,,,,67,4,,sidewalks,HMAC,1,2,2,1,0,0,0,0,0,0,0,0,1,0,0,0,0,0,0,0,0,0,0,0,0,5,0,0,0,0,0,0,0,0,1,2,2,0,0,0,0,0,0,0,1,2,2,0,0,0,1,2,2,5,5,0,3,0,0,0,0,0,0,0,0,0,0,0,0,0,0,0,0,1,2,0,1,0,0,1,2,2,0,3,1,1,1,1,2,0,1,2,0,1,0,0,5,0,,,,,,,,,,,,,,,,,,,,,,,,,,,,,,,,,,,0,,,,,303.503
1534,Unscored (no condition data),RPath,8992,,4.0,,0.0,0.0,0.0,,Asphalt,,,4,203.629,,,,,77,4,,sidewalks,HMAC,1,2,2,1,0,0,1,0,0,0,0,0,1,2,2,0,0,0,0,0,0,1,2,0,0,5,0,2,0,0,0,0,0,0,1,2,2,0,0,0,0,0,0,0,1,2,2,0,1,1,1,2,2,5,5,0,3,1,0,0,0,0,0,0,0,0,0,0,0,0,0,0,0,1,2,0,1,2,2,0,0,0,5,3,1,1,1,0,0,0,0,0,0,0,0,0,5,0,,,,,,,,,,,,,,,,,,,,,,,,,,,,,,,,,,,1,,,,,203.629
1535,Unscored (no condition data),RPath,9009,,4.0,,0.0,0.0,0.0,,Asphalt,,,4,162.964,,,,,70,4,,sidewalks,HMAC,1,2,2,0,0,0,0,0,0,0,0,0,1,2,2,0,0,0,0,0,0,1,2,2,0,5,0,2,0,0,0,0,0,0,1,2,2,0,0,0,0,0,0,0,1,2,0,0,1,1,1,2,2,5,5,0,3,1,0,0,0,0,0,0,0,0,0,0,0,0,0,0,0,1,2,0,1,2,2,0,0,0,0,3,1,1,1,0,0,0,0,0,0,0,0,0,5,0,,,,,,,,,,,,,,,,,,,,,,,,,,,,,,,,,,,1,,,,,162.964
1536,Unscored (no condition data),RPath,9071,,4.0,,0.0,0.0,0.0,,Asphalt,,,4,94.791,,,,,72,4,,sidewalks,HMAC,1,2,2,0,0,0,0,0,0,0,0,0,1,2,2,0,0,0,0,0,0,1,2,0,0,5,0,0,0,0,0,0,0,0,1,2,2,0,0,0,1,0,0,0,1,2,2,0,1,1,1,2,2,5,5,4,3,0,0,0,0,0,0,0,0,0,0,0,0,0,0,0,0,1,2,0,1,2,2,0,0,0,0,3,1,1,1,0,0,0,0,0,0,0,0,0,5,0,,,,,,,,,,,,,,,,,,,,,,,,,,,,,,,,,,,1,,,,,94.791
1537,Unscored (no condition data),RPath,9273,,4.0,,0.0,0.0,0.0,,Asphalt,,,4,37.87,,,,,73,4,,sidewalks,CON,1,2,0,0,0,0,0,0,0,1,2,0,0,0,0,1,2,0,0,0,0,0,0,0,5,0,0,0,1,2,2,0,0,0,0,0,0,0,0,0,0,0,0,0,1,2,0,0,1,1,1,2,0,0,0,0,0,1,1,2,0,0,0,0,1,2,2,0,0,0,1,2,2,1,2,2,1,2,2,1,2,0,0,0,1,1,1,1,2,0,1,2,2,1,2,0,5,0,,,,,,,,,,,,,,,,,,,,,,,,,,,,,,,,,,,0,,,,,37.87
1538,Unscored (no condition data),RPath,9306,,4.0,,0.0,0.0,0.0,,Asphalt,,,4,68.624,,,,,83,5,,sidewalks,CON,1,2,2,0,0,0,0,0,0,1,2,2,0,0,0,1,0,0,0,0,0,0,0,0,5,0,0,0,1,2,2,0,0,0,1,0,0,0,0,0,0,0,0,0,1,2,2,0,1,1,1,2,2,0,5,0,3,0,1,2,0,0,0,0,1,2,0,0,0,0,1,2,2,1,2,0,1,2,2,1,0,0,0,0,1,1,1,1,2,2,1,2,2,1,2,0,5,0,,,,,,,,,,,,,,,,,,,,,,,,,,,,,,,,,,,0,,,,,68.624
1539,Unscored (no condition data),RPath,9307,,4.0,,0.0,0.0,0.0,,Asphalt,,,4,78.637,,,,,85,5,,sidewalks,CON,1,2,2,0,0,0,0,0,0,1,2,0,0,0,0,1,0,0,0,0,0,0,0,0,5,0,0,0,1,2,2,0,0,0,1,0,0,0,0,0,0,0,0,0,1,2,2,0,1,1,1,2,2,0,5,0,3,1,1,2,0,0,0,0,1,2,0,0,0,0,1,2,0,1,2,0,1,2,2,1,2,0,5,0,1,1,1,1,2,0,1,2,2,1,2,0,5,0,,,,,,,,,,,,,,,,,,,,,,,,,,,,,,,,,,,0,,,,,78.637
1540,Unscored (no condition data),RPath,9309,,4.0,,0.0,0.0,0.0,,Asphalt,,,4,51.435,,,,,81,4,,sidewalks,CON,1,2,2,0,0,0,0,0,0,1,2,0,0,0,0,1,0,0,0,0,0,0,0,0,5,0,0,0,1,2,2,0,0,0,0,0,0,0,0,0,0,0,0,0,1,2,2,0,1,1,1,2,2,0,5,0,0,1,1,2,0,0,0,0,1,2,0,0,0,0,1,2,0,1,2,0,1,2,2,1,2,0,5,0,1,1,1,1,2,0,1,2,2,1,2,0,5,0,,,,,,,,,,,,,,,,,,,,,,,,,,,,,,,,,,,0,,,,,51.435
1541,Unscored (no condition data),RPath,9310,,4.0,,0.0,0.0,0.0,,Asphalt,,,4,32.951,,,,,77,4,,sidewalks,,1,2,2,0,0,0,0,0,0,1,2,0,0,0,0,1,0,0,0,0,0,0,0,0,5,0,0,0,1,2,2,0,0,0,0,0,0,0,0,0,0,0,0,0,1,2,0,0,1,1,1,2,2,0,5,0,0,1,1,0,0,0,0,0,1,2,0,0,0,0,1,2,0,1,2,0,1,2,2,1,2,0,5,0,1,1,1,1,2,0,1,2,2,1,2,0,5,0,,,,,,,,,,,,,,,,,,,,,,,,,,,,,,,,,,,0,,,,,32.951
1542,Unscored (no condition data),RPath,13295,,4.0,,0.0,0.0,0.0,,Asphalt,,,4,31.301,,,,,76,4,,sidewalks,CON,1,2,0,0,0,0,0,0,0,1,2,0,0,0,0,1,2,0,0,0,0,0,0,0,5,0,0,0,1,2,2,0,0,0,0,0,0,0,0,0,0,0,0,0,1,2,0,0,1,1,1,2,0,0,0,0,0,1,1,2,0,0,0,0,1,2,2,0,0,0,1,2,2,1,2,0,1,2,2,1,2,0,5,0,1,1,1,1,2,0,1,2,2,1,2,0,5,0,,,,,,,,,,,,,,,,,,,,,,,,,,,,,,,,,,,0,,,,,31.301
1543,Unscored (no condition data),RPath,9328,,4.0,,0.0,0.0,0.0,,Asphalt,,,4,303.36,,,,,71,4,,sidewalks,HMAC,1,2,2,1,2,2,1,0,0,0,0,0,1,2,0,0,0,0,0,0,0,0,0,0,0,5,3,0,0,0,0,0,0,0,1,2,2,0,0,0,0,0,0,0,1,2,2,0,1,1,1,2,2,5,5,0,3,0,0,0,0,0,0,0,0,0,0,0,0,0,0,0,0,0,0,0,1,0,0,0,0,0,0,3,1,1,1,1,0,0,1,0,0,1,2,2,5,0,,,,,,,,,,,,,,,,,,,,,,,,,,,,,,,,,,,0,,,,,303.36
1544,Unscored (no condition data),RPath,9412,,4.0,,0.0,0.0,0.0,,Asphalt,,,4,65.01,,,,,83,5,,sidewalks,CON,1,2,2,1,2,0,1,0,0,0,0,0,1,2,0,1,2,0,0,0,0,1,0,0,5,5,0,2,0,0,0,1,0,0,1,2,2,0,0,0,0,0,0,5,1,0,0,0,1,1,1,2,2,5,5,0,0,1,0,0,0,0,0,0,0,0,0,0,0,0,0,0,0,1,2,0,1,2,2,0,0,0,5,0,1,0,0,1,2,0,0,0,0,1,2,0,5,0,,,,,,,,,,,,,,,,,,,,,,,,,,,,,,,,,,,1,,,,,65.01
1545,Unscored (no condition data),RPath,9413,,4.0,,0.0,0.0,0.0,,Asphalt,,,4,97.841,,,,,75,4,,sidewalks,CON,1,2,2,1,2,0,1,0,0,0,0,0,1,2,2,1,2,0,0,0,0,1,0,0,5,5,0,2,0,0,0,0,0,0,1,2,2,0,0,0,0,0,0,0,1,2,0,0,1,1,1,2,2,0,0,0,0,1,0,0,0,0,0,0,0,0,0,0,0,0,0,0,0,1,2,2,1,2,2,0,0,0,5,0,1,0,0,1,2,2,0,0,0,1,2,0,5,0,,,,,,,,,,,,,,,,,,,,,,,,,,,,,,,,,,,0,,,,,97.841
1546,Unscored (no condition data),RPath,9630,,4.0,,0.0,0.0,0.0,,Asphalt,,,4,121.476,,,,,77,4,,sidewalks,HMAC,1,2,2,1,0,0,0,0,0,0,0,0,1,2,2,1,2,2,0,0,0,0,0,0,0,5,0,0,1,2,0,0,0,0,1,2,2,0,0,0,0,0,0,5,1,2,0,0,0,0,1,2,2,0,0,0,0,1,0,0,0,0,0,0,1,2,0,0,0,0,0,0,0,1,2,2,1,2,0,0,0,0,5,3,1,1,1,1,2,0,1,0,0,1,2,0,5,0,,,,,,,,,,,,,,,,,,,,,,,,,,,,,,,,,,,0,,,,,121.476
1547,Unscored (no condition data),RPath,9694,,4.0,,0.0,0.0,0.0,,Asphalt,,,4,81.033,,,,,82,4,,sidewalks,HMAC,1,2,2,1,2,0,0,0,0,0,0,0,1,2,2,1,2,2,0,0,0,0,0,0,0,5,0,0,0,0,0,1,2,0,1,2,2,0,0,0,0,0,0,0,1,2,2,0,0,0,1,2,2,5,5,4,0,0,0,0,0,1,0,0,1,2,2,1,2,0,0,0,0,1,0,0,1,0,0,0,0,0,5,0,1,1,1,0,0,0,0,0,0,1,2,0,5,0,,,,,,,,,,,,,,,,,,,,,,,,,,,,,,,,,,,0,,,,,81.033
1548,Unscored (no condition data),RPath,9839,,4.0,,0.0,0.0,0.0,,Asphalt,,,4,31.255,,,,,73,4,,sidewalks,HMAC,1,2,2,1,2,0,1,2,0,0,0,0,0,0,0,0,0,0,0,0,0,0,0,0,0,5,0,2,0,0,0,0,0,0,1,2,2,0,0,0,0,0,0,0,0,0,0,0,1,1,1,2,2,5,5,0,0,1,0,0,0,0,0,0,1,2,2,0,0,0,1,2,0,1,2,2,1,2,2,0,0,0,5,3,0,0,1,0,0,0,0,0,0,0,0,0,5,0,,,,,,,,,,,,,,,,,,,,,,,,,,,,,,,,,,,1,,,,,31.255
1549,Unscored (no condition data),RPath,9840,,4.0,,0.0,0.0,0.0,,Asphalt,,,4,22.649,,,,,70,4,,sidewalks,CON,1,2,2,1,2,0,1,2,0,0,0,0,0,0,0,0,0,0,0,0,0,0,0,0,0,5,0,2,0,0,0,0,0,0,1,2,2,0,0,0,0,0,0,0,0,0,0,0,1,1,1,2,2,5,5,0,0,0,0,0,0,0,0,0,1,2,0,0,0,0,1,2,0,1,2,2,1,2,2,0,0,0,5,3,0,0,1,0,0,0,0,0,0,0,0,0,5,0,,,,,,,,,,,,,,,,,,,,,,,,,,,,,,,,,,,1,,,,,22.649
1550,Unscored (no condition data),RPath,9869,,4.0,,0.0,0.0,0.0,,Asphalt,,,4,198.559,,,,,74,4,,sidewalks,HMAC,1,2,2,1,2,2,0,0,0,0,0,0,1,2,0,0,0,0,0,0,0,0,0,0,0,5,0,2,0,0,0,0,0,0,1,2,2,0,0,0,0,0,0,5,1,2,0,0,0,0,1,2,2,5,0,0,0,1,1,2,0,0,0,0,0,0,0,0,0,0,0,0,0,1,2,2,1,0,0,0,0,0,5,3,1,1,1,1,2,2,0,0,0,0,0,0,5,0,,,,,,,,,,,,,,,,,,,,,,,,,,,,,,,,,,,0,,,,,198.559
1551,Unscored (no condition data),RPath,13465,,4.0,,0.0,0.0,0.0,,Asphalt,,,4,71.457,,,,,75,4,,sidewalks,CON,1,2,0,1,2,0,1,2,0,0,0,0,1,0,0,1,2,2,0,0,0,0,0,0,5,0,0,2,0,0,0,0,0,0,1,2,2,0,0,0,0,0,0,0,1,2,2,0,0,0,1,2,2,5,5,4,0,0,0,0,0,0,0,0,0,0,0,0,0,0,1,2,0,1,2,2,1,2,0,0,0,0,5,3,0,0,0,0,0,0,0,0,0,0,0,0,5,0,,,,,,,,,,,,,,,,,,,,,,,,,,,,,,,,,,,0,,,,,71.457
1552,Unscored (no condition data),RPath,13469,,4.0,,0.0,0.0,0.0,,Asphalt,,,4,72.117,,,,,77,4,,sidewalks,CON,1,2,2,1,2,0,1,2,0,0,0,0,1,2,0,1,2,2,0,0,0,0,0,0,5,0,0,2,0,0,0,0,0,0,1,2,2,0,0,0,0,0,0,0,1,2,2,0,0,0,1,2,2,5,5,4,0,0,0,0,0,0,0,0,0,0,0,0,0,0,1,0,0,1,2,2,1,2,0,0,0,0,5,3,0,0,0,0,0,0,0,0,0,0,0,0,5,0,,,,,,,,,,,,,,,,,,,,,,,,,,,,,,,,,,,0,,,,,72.117
1553,Unscored (no condition data),PTrail,725,,4.0,,0.0,0.0,0.0,,Asphalt,,,4,60.956,,,,,74,4,,trails,Asphalt,1,2,2,1,2,0,1,2,0,0,0,0,1,2,2,1,2,2,0,0,0,1,2,0,5,5,0,0,0,0,0,0,0,0,1,2,2,0,0,0,0,0,0,0,1,2,0,0,1,1,1,2,2,0,0,0,0,0,0,0,0,0,0,0,0,0,0,0,0,0,1,0,0,1,2,2,1,2,0,0,0,0,0,0,1,0,0,1,2,2,0,0,0,1,2,2,5,0,,,,,,,,,,,,,,,,,,,,,,,,,,,,,,,,,,,0,,,,,60.956
1554,Unscored (no condition data),PTrail,727,,4.0,,0.0,0.0,0.0,,Asphalt,,,4,94.787,,,,,70,4,,trails,Asphalt,1,2,2,1,2,0,1,2,0,0,0,0,1,2,2,1,2,0,0,0,0,1,2,2,0,5,0,0,0,0,0,0,0,0,1,2,2,0,0,0,0,0,0,0,1,2,0,0,1,0,1,2,0,5,5,0,0,0,0,0,0,0,0,0,0,0,0,0,0,0,1,2,0,1,2,0,1,0,0,0,0,0,0,0,1,0,0,1,2,0,0,0,0,1,2,0,5,0,,,,,,,,,,,,,,,,,,,,,,,,,,,,,,,,,,,0,,,,,94.787
1555,Unscored (no condition data),PTrail,740,,4.0,,0.0,0.0,0.0,,Asphalt,,,4,18.51,,,,,71,4,,trails,Asphalt,1,2,2,1,2,2,1,2,0,0,0,0,1,2,2,0,0,0,0,0,0,1,2,2,0,5,0,0,0,0,0,1,0,0,1,2,2,0,0,0,0,0,0,0,1,0,0,0,0,0,1,2,2,5,0,0,3,1,0,0,0,0,0,0,1,0,0,0,0,0,1,2,0,1,2,0,1,2,2,0,0,0,0,3,1,0,0,1,0,0,0,0,0,0,0,0,5,0,,,,,,,,,,,,,,,,,,,,,,,,,,,,,,,,,,,0,,,,,18.51
1556,Unscored (no condition data),PTrail,741,,4.0,,0.0,0.0,0.0,,Asphalt,,,4,29.178,,,,,71,4,,trails,Asphalt,1,2,2,1,2,2,1,2,0,0,0,0,1,2,2,1,0,0,0,0,0,1,2,2,0,5,0,0,0,0,0,1,0,0,1,2,2,0,0,0,0,0,0,0,1,0,0,0,0,0,1,2,2,5,0,0,3,0,0,0,0,0,0,0,1,0,0,0,0,0,1,2,0,1,2,0,1,2,2,0,0,0,0,3,1,0,0,1,0,0,0,0,0,0,0,0,5,0,,,,,,,,,,,,,,,,,,,,,,,,,,,,,,,,,,,0,,,,,29.178
1557,Unscored (no condition data),PTrail,744,,4.0,,0.0,0.0,0.0,,Asphalt,,,4,45.123,,,,,68,4,,trails,Asphalt,1,2,2,1,2,0,1,2,0,0,0,0,1,2,2,0,0,0,0,0,0,1,2,2,0,5,0,0,0,0,0,0,0,0,1,2,2,0,0,0,0,0,0,0,1,0,0,0,0,0,1,2,2,5,0,0,3,0,0,0,0,0,0,0,0,0,0,0,0,0,1,2,0,1,2,2,1,2,2,0,0,0,0,3,1,0,0,1,0,0,0,0,0,0,0,0,5,0,,,,,,,,,,,,,,,,,,,,,,,,,,,,,,,,,,,0,,,,,45.123
1558,Unscored (no condition data),PTrail,787,,4.0,,0.0,0.0,0.0,,Asphalt,,,4,555.796,,,,,76,4,,trails,Asphalt,1,2,2,1,2,2,1,2,0,1,2,0,1,2,2,0,0,0,0,0,0,0,0,0,5,5,0,2,0,0,0,0,0,0,1,2,2,0,0,0,0,0,0,0,1,2,2,0,1,1,1,2,2,5,5,0,0,1,0,0,0,0,0,0,0,0,0,0,0,0,0,0,0,1,2,2,1,2,0,0,0,0,0,0,1,1,0,0,0,0,0,0,0,0,0,0,5,0,,,,,,,,,,,,,,,,,,,,,,,,,,,,,,,,,,,0,,,,,555.796
1559,Unscored (no condition data),PTrail,789,,4.0,,0.0,0.0,0.0,,Asphalt,,,4,76.847,,,,,68,4,,trails,Asphalt,1,2,2,1,2,2,1,2,0,1,2,0,1,2,2,0,0,0,0,0,0,0,0,0,5,5,0,2,0,0,0,0,0,0,1,2,2,0,0,0,0,0,0,0,1,2,0,0,1,0,1,2,0,5,0,0,3,0,0,0,0,0,0,0,0,0,0,0,0,0,0,0,0,1,2,2,1,2,0,0,0,0,0,0,1,1,0,0,0,0,0,0,0,0,0,0,5,0,,,,,,,,,,,,,,,,,,,,,,,,,,,,,,,,,,,0,,,,,76.847
1560,Unscored (no condition data),PTrail,799,,4.0,,0.0,0.0,0.0,,Asphalt,,,4,825.601,,,,,68,4,,trails,Asphalt,1,2,2,1,2,2,1,2,2,0,0,0,1,2,2,0,0,0,0,0,0,0,0,0,0,5,0,2,0,0,0,0,0,0,0,0,0,0,0,0,0,0,0,0,0,0,0,0,1,1,1,2,2,5,0,0,3,1,0,0,0,0,0,0,1,2,0,0,0,0,0,0,0,1,2,0,1,2,2,0,0,0,0,3,1,1,1,0,0,0,0,0,0,0,0,0,5,3,,,,,,,,,,,,,,,,,,,,,,,,,,,,,,,,,,,0,,,,,825.601
1561,Unscored (no condition data),PTrail,812,,4.0,,0.0,0.0,0.0,,Asphalt,,,4,565.097,,,,,69,4,,trails,Asphalt,1,2,0,1,2,0,0,0,0,1,2,2,1,2,2,1,2,2,0,0,0,0,0,0,5,0,0,2,0,0,0,1,2,2,1,2,2,0,0,0,1,0,0,0,1,2,2,0,0,0,1,2,2,0,5,0,0,1,0,0,0,0,0,0,0,0,0,0,0,0,1,2,0,1,2,0,0,0,0,0,0,0,0,0,1,1,1,0,0,0,0,0,0,0,0,0,5,0,,,,,,,,,,,,,,,,,,,,,,,,,,,,,,,,,,,0,,,,,565.097
1562,Unscored (no condition data),PTrail,837,,4.0,,0.0,0.0,0.0,,Asphalt,,,4,374.176,,,,,84,5,,trails,Asphalt,1,2,2,1,2,2,1,0,0,0,0,0,1,2,2,1,0,0,0,0,0,1,2,2,0,5,0,2,0,0,0,1,2,0,1,2,2,0,0,0,0,0,0,0,1,0,0,0,1,0,1,2,2,5,0,0,3,1,0,0,0,0,0,0,1,2,0,0,0,0,1,2,2,1,2,2,1,2,2,0,0,0,5,3,0,0,0,0,0,0,0,0,0,0,0,0,5,0,,,,,,,,,,,,,,,,,,,,,,,,,,,,,,,,,,,0,,,,,374.176
1563,Unscored (no condition data),PTrail,848,,4.0,,0.0,0.0,0.0,,Asphalt,,,4,133.283,,,,,75,4,,trails,Asphalt,1,2,2,1,2,2,1,2,2,1,0,0,1,2,2,0,0,0,0,0,0,1,2,0,0,5,0,2,1,0,0,0,0,0,1,0,0,0,0,0,1,0,0,5,1,2,0,0,1,0,1,2,0,5,0,0,0,1,0,0,0,0,0,0,1,2,0,1,0,0,1,0,0,1,2,0,1,2,2,0,0,0,0,3,1,0,0,1,0,0,0,0,0,0,0,0,5,0,,,,,,,,,,,,,,,,,,,,,,,,,,,,,,,,,,,0,,,,,133.283
1564,Unscored (no condition data),PTrail,850,,4.0,,0.0,0.0,0.0,,Asphalt,,,4,130.124,,,,,68,4,,trails,Asphalt,1,2,2,1,2,2,1,2,2,1,0,0,1,2,2,0,0,0,0,0,0,1,0,0,0,5,0,2,1,0,0,0,0,0,1,2,0,0,0,0,0,0,0,5,1,0,0,0,0,0,1,2,0,0,0,0,0,1,0,0,0,0,0,0,1,2,2,1,0,0,1,0,0,1,0,0,1,2,0,0,0,0,5,3,1,0,0,0,0,0,0,0,0,0,0,0,5,0,,,,,,,,,,,,,,,,,,,,,,,,,,,,,,,,,,,0,,,,,130.124
1565,Unscored (no condition data),PTrail,865,,4.0,,0.0,0.0,0.0,,Asphalt,,,4,81.342,,,,,77,4,,trails,Asphalt,1,2,2,1,2,0,0,0,0,0,0,0,1,2,2,1,2,2,0,0,0,0,0,0,0,5,0,0,0,0,0,1,2,0,1,2,2,0,0,0,0,0,0,0,1,2,2,0,0,0,1,2,2,5,0,4,0,0,0,0,0,1,0,0,1,2,2,1,2,0,0,0,0,1,0,0,1,0,0,0,0,0,5,0,1,1,1,0,0,0,0,0,0,1,2,0,5,0,,,,,,,,,,,,,,,,,,,,,,,,,,,,,,,,,,,0,,,,,81.342
1566,Unscored (no condition data),PTrail,874,,4.0,,0.0,0.0,0.0,,Asphalt,,,4,57.338,,,,,70,4,,trails,Asphalt,1,2,2,1,2,2,1,2,2,1,2,2,1,2,2,1,2,2,0,0,0,0,0,0,0,5,0,0,0,0,0,1,0,0,1,2,2,0,0,0,1,2,0,0,1,2,0,0,1,0,1,2,0,0,0,0,0,1,0,0,0,0,0,0,0,0,0,0,0,0,0,0,0,1,2,2,0,0,0,0,0,0,0,0,1,1,1,1,2,2,0,0,0,0,0,0,5,0,,,,,,,,,,,,,,,,,,,,,,,,,,,,,,,,,,,0,,,,,57.338
1567,Unscored (no condition data),PTrail,875,,4.0,,0.0,0.0,0.0,,Asphalt,,,4,65.829,,,,,82,4,,trails,Asphalt,1,2,2,1,2,2,1,2,2,1,2,2,1,2,2,1,2,2,0,0,0,0,0,0,5,5,0,0,0,0,0,1,2,0,1,2,2,0,0,0,1,2,2,0,1,2,0,0,1,0,1,2,0,0,0,0,3,0,0,0,0,0,0,0,0,0,0,0,0,0,0,0,0,1,2,2,1,0,0,0,0,0,0,0,1,1,1,1,2,2,0,0,0,0,0,0,5,0,,,,,,,,,,,,,,,,,,,,,,,,,,,,,,,,,,,0,,,,,65.829
1568,Unscored (no condition data),PTrail,876,,4.0,,0.0,0.0,0.0,,Asphalt,,,4,124.134,,,,,73,4,,trails,Asphalt,1,2,2,1,2,2,1,2,2,1,2,2,1,2,2,1,2,2,0,0,0,0,0,0,0,5,0,2,0,0,0,1,0,0,1,2,2,0,0,0,1,2,0,0,1,2,0,0,0,0,1,2,2,0,0,0,0,1,0,0,0,0,0,0,0,0,0,0,0,0,0,0,0,1,2,2,0,0,0,0,0,0,0,0,1,1,1,1,2,2,0,0,0,0,0,0,5,0,,,,,,,,,,,,,,,,,,,,,,,,,,,,,,,,,,,0,,,,,124.134
1569,Unscored (no condition data),PTrail,877,,4.0,,0.0,0.0,0.0,,Asphalt,,,4,6.605,,,,,68,4,,trails,Asphalt,1,2,2,1,2,2,1,2,2,1,2,2,1,2,2,1,2,2,0,0,0,0,0,0,0,5,0,0,0,0,0,1,0,0,1,2,2,0,0,0,1,2,0,0,1,2,0,0,0,0,1,2,0,0,0,0,0,0,0,0,0,0,0,0,0,0,0,0,0,0,0,0,0,1,2,2,0,0,0,0,0,0,0,0,1,1,1,1,2,2,0,0,0,0,0,0,5,0,,,,,,,,,,,,,,,,,,,,,,,,,,,,,,,,,,,0,,,,,6.605
1570,Unscored (no condition data),PTrail,878,,4.0,,0.0,0.0,0.0,,Asphalt,,,4,1.292,,,,,68,4,,trails,Asphalt,1,2,2,1,2,2,1,2,2,1,2,2,1,2,2,1,2,2,0,0,0,0,0,0,0,5,0,0,0,0,0,1,0,0,1,2,2,0,0,0,1,2,0,0,1,2,0,0,0,0,1,2,0,0,0,0,0,0,0,0,0,0,0,0,0,0,0,0,0,0,0,0,0,1,2,2,0,0,0,0,0,0,0,0,1,1,1,1,2,2,0,0,0,0,0,0,5,0,,,,,,,,,,,,,,,,,,,,,,,,,,,,,,,,,,,0,,,,,1.292
1571,Unscored (no condition data),PTrail,918,,4.0,,0.0,0.0,0.0,,Asphalt,,,4,76.544,,,,,80,4,,trails,Asphalt,1,2,2,1,2,2,0,0,0,0,0,0,1,2,2,1,2,2,0,0,0,0,0,0,0,5,0,0,0,0,0,1,0,0,1,2,2,0,0,0,0,0,0,0,1,2,2,0,0,0,1,2,2,5,5,4,0,0,0,0,0,1,0,0,1,2,0,1,2,0,0,0,0,1,0,0,1,0,0,0,0,0,5,0,1,1,1,0,0,0,0,0,0,1,2,0,5,0,,,,,,,,,,,,,,,,,,,,,,,,,,,,,,,,,,,0,,,,,76.544
1572,Unscored (no condition data),PTrail,919,,4.0,,0.0,0.0,0.0,,Asphalt,,,4,71.306,,,,,69,4,,trails,Asphalt,1,2,2,1,2,2,0,0,0,0,0,0,1,2,0,1,2,2,0,0,0,0,0,0,0,5,0,0,0,0,0,1,0,0,1,2,2,0,0,0,0,0,0,0,1,2,2,0,0,0,1,2,2,5,5,0,0,0,0,0,0,1,0,0,1,2,0,1,0,0,0,0,0,1,0,0,1,0,0,0,0,0,0,0,1,1,1,0,0,0,0,0,0,1,2,2,5,0,,,,,,,,,,,,,,,,,,,,,,,,,,,,,,,,,,,0,,,,,71.306
1573,Unscored (no condition data),PTrail,935,,4.0,,0.0,0.0,0.0,,Pavers,,,4,37.805,,,,,74,4,,trails,Paver,1,2,2,1,2,2,0,0,0,0,0,0,1,2,0,0,0,0,0,0,0,0,0,0,0,5,0,0,1,0,0,1,2,2,1,2,2,0,0,0,1,0,0,0,1,2,2,0,1,0,1,2,2,0,5,0,0,0,0,0,0,0,0,0,1,2,0,1,0,0,1,2,0,1,2,0,1,0,0,0,0,0,5,0,1,0,1,1,2,2,0,0,0,0,0,0,5,0,,,,,,,,,,,,,,,,,,,,,,,,,,,,,,,,,,,1,,,,,37.805
1574,Unscored (no condition data),PTrail,936,,4.0,,0.0,0.0,0.0,,Asphalt,,,4,59.401,,,,,71,4,,trails,Asphalt,1,2,2,1,2,2,0,0,0,0,0,0,1,2,2,0,0,0,0,0,0,0,0,0,0,5,0,0,1,0,0,1,2,0,1,2,2,0,0,0,1,0,0,0,1,2,2,0,0,0,1,2,2,0,0,0,0,0,0,0,0,0,0,0,1,2,0,1,2,0,1,2,0,1,2,0,1,2,0,0,0,0,5,0,0,0,1,1,2,2,0,0,0,0,0,0,5,0,,,,,,,,,,,,,,,,,,,,,,,,,,,,,,,,,,,0,,,,,59.401
1575,Unscored (no condition data),PTrail,937,,4.0,,0.0,0.0,0.0,,Asphalt,,,4,73.545,,,,,69,4,,trails,Asphalt,1,2,2,1,2,2,0,0,0,0,0,0,1,2,2,0,0,0,0,0,0,0,0,0,0,5,0,0,1,0,0,1,2,0,1,2,2,0,0,0,1,0,0,0,1,2,0,0,0,0,1,2,2,0,0,0,0,0,0,0,0,0,0,0,1,2,0,1,2,0,1,0,0,1,2,2,1,2,0,0,0,0,5,0,0,0,1,1,2,2,0,0,0,0,0,0,5,0,,,,,,,,,,,,,,,,,,,,,,,,,,,,,,,,,,,0,,,,,73.545
1576,Unscored (no condition data),PTrail,938,,4.0,,0.0,0.0,0.0,,Asphalt,,,4,32.294,,,,,67,4,,trails,Asphalt,1,2,2,1,2,2,0,0,0,0,0,0,1,2,2,0,0,0,0,0,0,0,0,0,0,5,0,0,1,0,0,1,2,0,1,2,2,0,0,0,1,0,0,0,1,2,0,0,0,0,1,2,2,0,0,0,0,0,0,0,0,0,0,0,1,2,0,1,2,0,1,2,0,1,2,0,1,0,0,0,0,0,5,0,0,0,1,1,2,2,0,0,0,0,0,0,5,0,,,,,,,,,,,,,,,,,,,,,,,,,,,,,,,,,,,0,,,,,32.294
1577,Unscored (no condition data),PTrail,939,,4.0,,0.0,0.0,0.0,,Asphalt,,,4,67.52,,,,,67,4,,trails,Asphalt,1,2,2,1,2,2,0,0,0,0,0,0,1,2,2,0,0,0,0,0,0,0,0,0,0,5,0,0,1,0,0,1,2,0,1,2,2,0,0,0,1,0,0,0,1,2,0,0,0,0,1,2,2,0,0,0,0,0,0,0,0,0,0,0,1,2,0,1,2,0,1,2,0,1,2,0,1,0,0,0,0,0,5,0,0,0,1,1,2,2,0,0,0,0,0,0,5,0,,,,,,,,,,,,,,,,,,,,,,,,,,,,,,,,,,,0,,,,,67.52
1578,Unscored (no condition data),PTrail,940,,4.0,,0.0,0.0,0.0,,Asphalt,,,4,35.541,,,,,69,4,,trails,Asphalt,1,2,2,1,2,2,0,0,0,0,0,0,1,2,0,0,0,0,0,0,0,0,0,0,0,5,0,2,0,0,0,1,2,0,1,2,2,0,0,0,0,0,0,0,1,2,0,0,0,0,1,2,2,0,5,0,0,0,0,0,0,0,0,0,1,2,0,1,2,0,1,2,0,1,2,0,1,0,0,0,0,0,5,0,1,0,1,1,2,0,0,0,0,0,0,0,5,0,,,,,,,,,,,,,,,,,,,,,,,,,,,,,,,,,,,0,,,,,35.541
1579,Unscored (no condition data),PTrail,941,,4.0,,0.0,0.0,0.0,,Asphalt,,,4,114.804,,,,,73,4,,trails,Asphalt,1,2,2,1,2,2,0,0,0,0,0,0,1,2,2,0,0,0,0,0,0,0,0,0,0,5,0,2,1,0,0,1,2,0,1,2,2,0,0,0,1,0,0,0,1,2,0,0,0,0,1,2,2,0,0,0,0,0,0,0,0,0,0,0,1,2,2,1,2,0,1,2,0,1,2,0,1,2,0,0,0,0,5,0,0,0,1,1,2,2,0,0,0,0,0,0,5,0,,,,,,,,,,,,,,,,,,,,,,,,,,,,,,,,,,,0,,,,,114.804
1580,Unscored (no condition data),PTrail,942,,4.0,,0.0,0.0,0.0,,Asphalt,,,4,83.22,,,,,69,4,,trails,Asphalt,1,2,2,1,2,2,0,0,0,0,0,0,1,2,2,0,0,0,0,0,0,0,0,0,0,5,0,2,0,0,0,1,2,0,1,2,2,0,0,0,0,0,0,0,1,2,0,0,0,0,1,2,2,0,0,0,0,0,0,0,0,0,0,0,1,2,2,1,2,0,1,2,0,1,2,0,1,2,0,0,0,0,5,0,0,0,1,1,2,0,0,0,0,0,0,0,5,0,,,,,,,,,,,,,,,,,,,,,,,,,,,,,,,,,,,0,,,,,83.22
1581,Unscored (no condition data),PTrail,943,,4.0,,0.0,0.0,0.0,,Asphalt,,,4,14.673,,,,,67,4,,trails,Asphalt,1,2,2,1,2,2,0,0,0,0,0,0,1,2,2,0,0,0,0,0,0,0,0,0,0,5,0,2,0,0,0,1,2,0,1,2,2,0,0,0,0,0,0,0,1,2,0,0,0,0,1,2,0,0,0,0,0,0,0,0,0,0,0,0,1,2,2,1,2,0,1,2,0,1,2,0,1,2,0,0,0,0,5,0,0,0,1,1,2,0,0,0,0,0,0,0,5,0,,,,,,,,,,,,,,,,,,,,,,,,,,,,,,,,,,,0,,,,,14.673
1582,Unscored (no condition data),PTrail,1046,,4.0,,0.0,0.0,0.0,,Asphalt,,,4,355.307,,,,,77,4,,trails,Dirt,1,2,2,1,2,2,1,2,0,0,0,0,1,2,2,0,0,0,0,0,0,0,0,0,0,5,0,2,0,0,0,0,0,0,1,2,2,0,0,0,0,0,0,5,0,0,0,0,0,0,1,2,2,5,0,0,3,1,0,0,0,0,0,0,1,0,0,1,2,0,1,2,0,1,2,0,1,2,2,0,0,0,5,0,1,1,1,0,0,0,0,0,0,0,0,0,5,0,,,,,,,,,,,,,,,,,,,,,,,,,,,,,,,,,,,0,,,,,355.307
1583,Unscored (no condition data),PTrail,1047,,4.0,,0.0,0.0,0.0,,Asphalt,,,4,499.225,,,,,70,4,,trails,Dirt,1,2,2,1,0,0,1,0,0,1,2,0,1,2,2,0,0,0,0,0,0,0,0,0,0,5,0,2,0,0,0,1,0,0,1,2,2,0,0,0,0,0,0,5,0,0,0,0,0,0,1,2,2,0,0,0,3,1,0,0,0,0,0,0,1,0,0,1,2,0,1,2,0,1,2,0,1,2,0,0,0,0,5,3,1,0,1,0,0,0,0,0,0,0,0,0,5,0,,,,,,,,,,,,,,,,,,,,,,,,,,,,,,,,,,,0,,,,,499.225
1584,Unscored (no condition data),PTrail,1073,,4.0,,0.0,0.0,0.0,,Asphalt,,,4,283.219,,,,,75,4,,trails,Dirt,1,2,2,1,2,0,1,2,0,0,0,0,1,2,2,1,2,0,0,0,0,0,0,0,0,5,0,2,0,0,0,1,0,0,1,2,2,1,0,0,1,2,2,0,1,0,0,0,1,0,1,2,2,5,0,4,0,0,0,0,0,0,0,0,0,0,0,0,0,0,0,0,0,1,2,2,1,2,2,0,0,0,0,3,1,1,1,0,0,0,0,0,0,0,0,0,5,0,,,,,,,,,,,,,,,,,,,,,,,,,,,,,,,,,,,0,,,,,283.219
1585,Unscored (no condition data),PTrail,1085,,4.0,,0.0,0.0,0.0,,Asphalt,,,4,296.001,,,,,71,4,,trails,Dirt,1,2,2,1,0,0,0,0,0,0,0,0,1,2,0,1,2,2,0,0,0,0,0,0,0,5,0,0,1,2,2,0,0,0,1,2,2,0,0,0,0,0,0,0,1,2,0,0,0,0,1,2,2,0,0,0,0,1,0,0,0,0,0,0,1,0,0,0,0,0,1,2,0,1,2,0,1,2,2,0,0,0,5,0,1,0,1,1,2,0,1,2,0,1,2,0,5,0,,,,,,,,,,,,,,,,,,,,,,,,,,,,,,,,,,,0,,,,,296.001
1586,Unscored (no condition data),PTrail,1096,,4.0,,0.0,0.0,0.0,,Asphalt,,,4,94.271,,,,,69,4,,trails,Dirt,1,2,2,1,2,0,1,2,0,0,0,0,1,2,2,1,2,0,0,0,0,1,2,0,5,5,0,2,0,0,0,0,0,0,1,2,2,0,0,0,0,0,0,0,1,2,0,0,1,0,1,2,0,0,0,0,0,0,0,0,0,0,0,0,0,0,0,0,0,0,1,0,0,1,2,2,1,2,0,0,0,0,0,0,1,0,0,1,2,2,0,0,0,1,2,0,5,0,,,,,,,,,,,,,,,,,,,,,,,,,,,,,,,,,,,0,,,,,94.271
1587,Unscored (no condition data),PTrail,1098,,4.0,,0.0,0.0,0.0,,Asphalt,,,4,87.702,,,,,75,4,,trails,Dirt,1,2,2,1,2,0,1,2,0,0,0,0,1,2,2,1,2,2,0,0,0,1,2,0,0,5,0,0,0,0,0,0,0,0,1,2,2,0,0,0,0,0,0,0,1,2,0,0,1,0,1,2,0,5,5,0,0,1,0,0,0,0,0,0,0,0,0,0,0,0,1,0,0,1,2,2,1,0,0,0,0,0,0,0,1,0,0,1,2,2,0,0,0,1,2,2,5,0,,,,,,,,,,,,,,,,,,,,,,,,,,,,,,,,,,,0,,,,,87.702
1588,Unscored (no condition data),PTrail,1099,,4.0,,0.0,0.0,0.0,,Asphalt,,,4,200.098,,,,,74,4,,trails,Dirt,1,2,2,1,2,2,1,2,2,0,0,0,1,2,2,1,2,0,0,0,0,1,2,2,0,5,0,2,0,0,0,0,0,0,1,2,2,0,0,0,0,0,0,0,1,2,0,0,1,0,1,2,0,0,0,0,0,0,0,0,0,0,0,0,0,0,0,0,0,0,1,2,0,1,2,2,1,2,0,0,0,0,0,0,1,0,0,1,2,2,0,0,0,1,2,2,5,0,,,,,,,,,,,,,,,,,,,,,,,,,,,,,,,,,,,0,,,,,200.098
1589,Unscored (no condition data),PTrail,1103,,4.0,,0.0,0.0,0.0,,Asphalt,,,4,163.499,,,,,82,4,,trails,Dirt,1,2,2,1,2,2,1,2,2,0,0,0,1,2,2,1,2,0,0,0,0,1,2,2,0,5,0,2,0,0,0,0,0,0,1,2,2,0,0,0,0,0,0,0,1,2,0,0,0,0,1,2,2,5,0,0,3,0,0,0,0,0,0,0,0,0,0,0,0,0,1,2,2,1,2,2,1,2,0,0,0,0,0,3,1,0,0,1,2,0,0,0,0,1,0,0,5,0,,,,,,,,,,,,,,,,,,,,,,,,,,,,,,,,,,,0,,,,,163.499
1590,Unscored (no condition data),PTrail,1216,,4.0,,0.0,0.0,0.0,,Asphalt,,,4,49.029,,,,,77,4,,trails,Dirt,1,2,2,1,2,2,0,0,0,0,0,0,1,2,0,1,0,0,0,0,0,1,2,0,0,5,0,2,0,0,0,1,2,2,1,2,2,0,0,0,0,0,0,0,1,0,0,0,1,1,1,2,2,5,0,0,3,0,0,0,0,0,0,0,1,2,0,0,0,0,1,0,0,1,2,2,1,2,2,0,0,0,5,3,0,0,0,0,0,0,0,0,0,0,0,0,5,0,,,,,,,,,,,,,,,,,,,,,,,,,,,,,,,,,,,0,,,,,49.029
1591,Unscored (no condition data),RPath,1622,,3.0,,0.0,0.0,0.0,,Asphalt,,,3,41.092,,,,,62,3,,sidewalks,CON,1,2,0,1,0,0,0,0,0,0,0,0,1,2,0,1,2,0,0,0,0,0,0,0,5,0,0,2,0,0,0,1,2,2,1,2,2,0,0,0,0,0,0,0,1,2,2,0,1,1,1,2,2,0,0,0,3,0,0,0,0,0,0,0,1,0,0,0,0,0,1,2,0,1,2,0,1,2,0,0,0,0,0,3,1,0,0,1,0,0,0,0,0,0,0,0,5,0,,,,,,,,,,,,,,,,,,,,,,,,,,,,,,,,,,,0,,,,,41.092
1592,Unscored (no condition data),RPath,1635,,3.0,,0.0,0.0,0.0,,Asphalt,,,3,29.927,,,,,66,4,,sidewalks,CON,1,2,0,0,0,0,0,0,0,0,0,0,1,2,2,1,2,0,0,0,0,1,2,2,0,5,0,2,0,0,0,0,0,0,1,2,2,0,0,0,1,0,0,5,1,2,0,0,1,1,1,2,2,0,0,0,0,1,0,0,0,0,0,0,0,0,0,1,0,0,0,0,0,1,2,2,1,2,2,0,0,0,0,3,1,0,1,0,0,0,0,0,0,0,0,0,5,0,,,,,,,,,,,,,,,,,,,,,,,,,,,,,,,,,,,0,,,,,29.927
1593,Unscored (no condition data),RPath,1642,,3.0,,0.0,0.0,0.0,,Asphalt,,,3,50.774,,,,,61,3,,sidewalks,CON,1,2,0,0,0,0,0,0,0,1,2,0,1,0,0,0,0,0,0,0,0,0,0,0,5,0,0,0,1,2,2,1,2,0,1,2,0,0,0,0,1,2,0,0,1,2,0,0,1,1,1,2,2,0,5,0,3,0,1,0,0,0,0,0,1,2,0,0,0,0,0,0,0,1,0,0,1,0,0,0,0,0,0,0,1,1,1,1,2,0,0,0,0,0,0,0,5,0,,,,,,,,,,,,,,,,,,,,,,,,,,,,,,,,,,,0,,,,,50.774
1594,Unscored (no condition data),RPath,1643,,3.0,,0.0,0.0,0.0,,Asphalt,,,3,71.089,,,,,61,3,,sidewalks,CON,1,2,0,0,0,0,0,0,0,1,2,0,0,0,0,0,0,0,0,0,0,0,0,0,5,0,0,0,1,2,2,1,2,0,1,2,0,0,0,0,1,2,0,0,1,2,0,0,1,1,1,2,2,0,5,0,3,1,1,0,0,0,0,0,1,2,0,0,0,0,0,0,0,1,0,0,1,0,0,0,0,0,0,0,1,1,1,1,2,0,0,0,0,0,0,0,5,0,,,,,,,,,,,,,,,,,,,,,,,,,,,,,,,,,,,1,,,,,71.089
1595,Unscored (no condition data),RPath,1644,,3.0,,0.0,0.0,0.0,,Asphalt,,,3,51.597,,,,,61,3,,sidewalks,CON,1,2,0,0,0,0,0,0,0,1,2,0,1,0,0,0,0,0,0,0,0,0,0,0,5,0,0,0,1,2,2,1,2,0,1,2,0,0,0,0,1,2,2,0,1,2,0,0,1,1,1,2,2,0,5,0,0,1,1,0,0,0,0,0,1,2,0,0,0,0,0,0,0,1,0,0,1,0,0,0,0,0,0,0,1,1,1,1,2,0,0,0,0,0,0,0,5,0,,,,,,,,,,,,,,,,,,,,,,,,,,,,,,,,,,,1,,,,,51.597
1596,Unscored (no condition data),RPath,1645,,3.0,,0.0,0.0,0.0,,Asphalt,,,3,71.343,,,,,63,3,,sidewalks,CON,1,2,2,1,2,0,1,0,0,0,0,0,1,2,0,1,2,0,0,0,0,0,0,0,5,0,0,2,0,0,0,1,2,2,1,2,2,0,0,0,0,0,0,0,1,2,2,0,1,0,1,2,2,0,5,0,3,0,0,0,0,0,0,0,1,0,0,0,0,0,0,0,0,1,0,0,1,0,0,0,0,0,0,3,1,0,0,0,0,0,0,0,0,0,0,0,5,0,,,,,,,,,,,,,,,,,,,,,,,,,,,,,,,,,,,0,,,,,71.343
1597,Unscored (no condition data),RPath,1648,,3.0,,0.0,0.0,0.0,,Asphalt,,,3,76.983,,,,,58,3,,sidewalks,CON,1,2,2,1,2,0,0,0,0,0,0,0,1,2,0,0,0,0,0,0,0,0,0,0,0,5,0,2,0,0,0,0,0,0,1,2,2,1,2,2,1,2,2,0,1,2,0,0,0,0,0,0,0,0,0,4,0,0,1,2,2,0,0,0,0,0,0,0,0,0,0,0,0,0,0,0,0,0,0,0,0,0,0,0,1,1,1,1,2,2,0,0,0,0,0,0,5,0,,,,,,,,,,,,,,,,,,,,,,,,,,,,,,,,,,,0,,,,,76.983
1598,Unscored (no condition data),RPath,1649,,3.0,,0.0,0.0,0.0,,Asphalt,,,3,75.632,,,,,54,3,,sidewalks,CON,1,2,2,1,2,0,0,0,0,0,0,0,1,2,0,0,0,0,0,0,0,0,0,0,0,5,0,2,0,0,0,0,0,0,1,2,2,1,2,2,1,2,2,0,1,2,0,0,0,0,0,0,0,0,0,4,0,0,1,2,0,0,0,0,0,0,0,0,0,0,0,0,0,0,0,0,0,0,0,0,0,0,0,0,1,1,1,1,2,0,0,0,0,0,0,0,5,0,,,,,,,,,,,,,,,,,,,,,,,,,,,,,,,,,,,0,,,,,75.632
1599,Unscored (no condition data),RPath,1650,,3.0,,0.0,0.0,0.0,,Asphalt,,,3,177.156,,,,,54,3,,sidewalks,CON,1,2,2,1,2,0,0,0,0,0,0,0,1,2,0,0,0,0,0,0,0,0,0,0,0,5,0,2,0,0,0,0,0,0,1,2,2,1,2,2,1,2,2,0,1,2,0,0,0,0,0,0,0,0,0,4,0,0,1,2,0,0,0,0,0,0,0,0,0,0,0,0,0,0,0,0,0,0,0,0,0,0,0,0,1,1,1,1,2,0,0,0,0,0,0,0,5,0,,,,,,,,,,,,,,,,,,,,,,,,,,,,,,,,,,,0,,,,,177.156
1600,Unscored (no condition data),RPath,1657,,3.0,,0.0,0.0,0.0,,Asphalt,,,3,58.97,,,,,61,3,,sidewalks,CON,1,2,0,1,2,0,1,0,0,0,0,0,1,2,2,1,0,0,0,0,0,0,0,0,0,5,0,2,0,0,0,1,2,0,1,2,2,1,2,0,0,0,0,0,0,0,0,0,1,1,1,2,2,0,0,0,3,0,0,0,0,0,0,0,0,0,0,0,0,0,1,0,0,1,2,0,1,2,0,0,0,0,5,0,1,1,1,0,0,0,0,0,0,0,0,0,5,0,,,,,,,,,,,,,,,,,,,,,,,,,,,,,,,,,,,0,,,,,58.97
1601,Unscored (no condition data),RPath,1658,,3.0,,0.0,0.0,0.0,,Asphalt,,,3,176.615,,,,,63,3,,sidewalks,CON,1,2,2,1,2,0,1,2,0,0,0,0,1,2,0,0,0,0,0,0,0,0,0,0,0,5,0,2,0,0,0,1,0,0,1,2,2,0,0,0,0,0,0,0,0,0,0,0,1,1,1,2,2,0,5,0,0,1,0,0,0,0,0,0,1,2,0,0,0,0,1,2,0,1,2,0,1,2,0,0,0,0,5,0,0,0,1,0,0,0,0,0,0,0,0,0,5,0,,,,,,,,,,,,,,,,,,,,,,,,,,,,,,,,,,,0,,,,,176.615
1602,Unscored (no condition data),RPath,1660,,3.0,,0.0,0.0,0.0,,Asphalt,,,3,89.97,,,,,55,3,,sidewalks,HMAC,1,2,0,1,0,0,1,2,0,1,2,0,1,2,0,0,0,0,0,0,0,0,0,0,5,0,0,0,0,0,0,0,0,0,1,2,2,0,0,0,0,0,0,0,1,2,2,0,0,0,1,2,2,0,5,0,0,1,0,0,0,0,0,0,0,0,0,0,0,0,0,0,0,1,2,0,1,0,0,0,0,0,0,3,1,1,1,1,0,0,0,0,0,0,0,0,5,0,,,,,,,,,,,,,,,,,,,,,,,,,,,,,,,,,,,0,,,,,89.97
1603,Unscored (no condition data),RPath,1661,,3.0,,0.0,0.0,0.0,,Asphalt,,,3,49.769,,,,,55,3,,sidewalks,HMAC,1,0,0,1,0,0,0,0,0,0,0,0,1,2,2,0,0,0,1,2,2,0,0,0,0,0,0,2,0,0,0,1,2,0,0,0,0,0,0,0,0,0,0,0,1,2,2,0,1,0,1,2,2,0,5,0,3,0,1,0,0,0,0,0,0,0,0,0,0,0,0,0,0,1,2,0,1,2,0,0,0,0,0,3,1,1,1,0,0,0,1,0,0,0,0,0,5,0,,,,,,,,,,,,,,,,,,,,,,,,,,,,,,,,,,,1,,,,,49.769
1604,Unscored (no condition data),RPath,1662,,3.0,,0.0,0.0,0.0,,Asphalt,,,3,184.225,,,,,63,3,,sidewalks,CON,1,2,2,1,2,0,0,0,0,0,0,0,1,2,2,0,0,0,1,2,2,0,0,0,0,5,0,2,0,0,0,1,2,0,0,0,0,0,0,0,0,0,0,0,1,2,0,0,1,0,1,2,2,0,0,0,3,1,1,0,0,0,0,0,1,0,0,0,0,0,0,0,0,1,2,0,1,2,2,0,0,0,0,3,1,0,0,0,0,0,1,2,0,0,0,0,5,0,,,,,,,,,,,,,,,,,,,,,,,,,,,,,,,,,,,0,,,,,184.225
1605,Unscored (no condition data),RPath,1663,,3.0,,0.0,0.0,0.0,,Asphalt,,,3,37.679,,,,,56,3,,sidewalks,CON,1,2,0,0,0,0,0,0,0,0,0,0,1,2,2,1,2,0,1,2,2,0,0,0,5,0,0,2,0,0,0,1,2,2,1,0,0,0,0,0,0,0,0,0,1,0,0,0,0,0,1,0,0,0,5,0,3,1,0,0,0,0,0,0,1,2,2,0,0,0,0,0,0,1,0,0,1,0,0,0,0,0,0,3,1,0,0,0,0,0,0,0,0,0,0,0,5,0,,,,,,,,,,,,,,,,,,,,,,,,,,,,,,,,,,,0,,,,,37.679
1606,Unscored (no condition data),RPath,1664,,3.0,,0.0,0.0,0.0,,Asphalt,,,3,36.935,,,,,51,3,,sidewalks,CON,1,2,0,0,0,0,0,0,0,0,0,0,1,2,2,1,0,0,1,2,2,0,0,0,5,0,0,2,0,0,0,1,2,2,1,0,0,0,0,0,0,0,0,0,1,0,0,0,0,0,1,2,0,0,0,0,3,1,0,0,0,0,0,0,1,2,0,0,0,0,0,0,0,1,0,0,1,2,0,0,0,0,0,3,1,0,0,0,0,0,0,0,0,0,0,0,5,0,,,,,,,,,,,,,,,,,,,,,,,,,,,,,,,,,,,0,,,,,36.935
1607,Unscored (no condition data),RPath,1665,,3.0,,0.0,0.0,0.0,,Asphalt,,,3,43.582,,,,,53,3,,sidewalks,HMAC,1,0,0,0,0,0,0,0,0,0,0,0,1,2,2,1,2,0,1,2,2,0,0,0,0,5,0,0,0,0,0,1,2,2,1,2,0,0,0,0,0,0,0,0,1,0,0,0,1,0,1,2,0,0,5,0,3,0,0,0,0,0,0,0,1,2,0,0,0,0,0,0,0,1,0,0,1,0,0,0,0,0,0,0,1,1,1,0,0,0,0,0,0,0,0,0,5,0,,,,,,,,,,,,,,,,,,,,,,,,,,,,,,,,,,,0,,,,,43.582
1608,Unscored (no condition data),RPath,1666,,3.0,,0.0,0.0,0.0,,Asphalt,,,3,79.197,,,,,50,3,,sidewalks,CON,1,2,0,0,0,0,0,0,0,0,0,0,1,2,0,0,0,0,0,0,0,0,0,0,0,0,0,2,0,0,0,1,0,0,1,2,2,0,0,0,0,0,0,0,1,2,0,0,1,1,1,2,2,5,0,0,0,1,0,0,0,0,0,0,0,0,0,0,0,0,0,0,0,1,2,0,1,0,0,0,0,0,5,0,1,1,1,0,0,0,0,0,0,1,2,0,5,0,,,,,,,,,,,,,,,,,,,,,,,,,,,,,,,,,,,0,,,,,79.197
1609,Unscored (no condition data),RPath,1667,,3.0,,0.0,0.0,0.0,,Asphalt,,,3,75.512,,,,,55,3,,sidewalks,CON,1,2,0,0,0,0,0,0,0,0,0,0,1,2,0,0,0,0,0,0,0,0,0,0,0,0,0,2,0,0,0,1,0,0,1,2,2,0,0,0,0,0,0,0,1,2,0,0,1,1,1,2,2,5,0,0,0,1,0,0,0,0,0,0,0,0,0,0,0,0,0,0,0,1,2,0,1,2,0,0,0,0,5,3,1,1,1,0,0,0,0,0,0,1,2,0,5,0,,,,,,,,,,,,,,,,,,,,,,,,,,,,,,,,,,,0,,,,,75.512
1610,Unscored (no condition data),RPath,1668,,3.0,,0.0,0.0,0.0,,Asphalt,,,3,81.034,,,,,52,3,,sidewalks,CON,1,2,0,0,0,0,0,0,0,0,0,0,1,0,0,0,0,0,0,0,0,0,0,0,0,0,0,2,0,0,0,1,0,0,1,2,2,0,0,0,0,0,0,0,1,2,0,0,1,0,1,2,2,5,0,0,0,1,0,0,0,0,0,0,0,0,0,0,0,0,0,0,0,1,2,0,1,2,0,0,0,0,5,3,1,1,1,0,0,0,0,0,0,1,2,0,5,0,,,,,,,,,,,,,,,,,,,,,,,,,,,,,,,,,,,0,,,,,81.034
1611,Unscored (no condition data),RPath,1681,,3.0,,0.0,0.0,0.0,,Asphalt,,,3,33.1,,,,,59,3,,sidewalks,CON,1,2,2,1,0,0,1,0,0,0,0,0,1,2,0,1,2,0,0,0,0,0,0,0,5,0,0,0,0,0,0,1,2,2,1,2,2,0,0,0,0,0,0,0,1,2,2,0,1,0,1,2,2,0,5,0,3,0,0,0,0,0,0,0,1,0,0,0,0,0,0,0,0,1,0,0,1,0,0,0,0,0,0,3,1,0,0,0,0,0,0,0,0,0,0,0,5,0,,,,,,,,,,,,,,,,,,,,,,,,,,,,,,,,,,,0,,,,,33.1
1612,Unscored (no condition data),RPath,1683,,3.0,,0.0,0.0,0.0,,Asphalt,,,3,34.583,,,,,62,3,,sidewalks,CON,1,2,0,1,0,0,0,0,0,1,0,0,1,0,0,0,0,0,0,0,0,0,0,0,5,0,0,0,1,2,2,1,2,2,1,2,2,0,0,0,1,2,2,0,1,2,2,0,1,1,1,2,2,0,5,0,0,1,1,0,0,0,0,0,1,0,0,0,0,0,0,0,0,1,0,0,1,0,0,0,0,0,0,0,1,1,1,1,0,0,0,0,0,0,0,0,5,0,,,,,,,,,,,,,,,,,,,,,,,,,,,,,,,,,,,2,,,,,34.583
1613,Unscored (no condition data),RPath,1685,,3.0,,0.0,0.0,0.0,,Asphalt,,,3,73.719,,,,,57,3,,sidewalks,HMAC,1,2,0,0,0,0,0,0,0,0,0,0,1,2,0,1,0,0,0,0,0,0,0,0,0,0,3,0,1,2,2,0,0,0,0,0,0,0,0,0,0,0,0,0,1,2,0,0,0,0,1,2,0,0,5,0,3,1,1,2,0,1,0,0,1,2,2,0,0,0,0,0,0,1,0,0,1,2,2,1,0,0,0,0,1,1,1,1,2,0,0,0,0,0,0,0,5,0,,,,,,,,,,,,,,,,,,,,,,,,,,,,,,,,,,,0,,,,,73.719
1614,Unscored (no condition data),RPath,1690,,3.0,,0.0,0.0,0.0,,Asphalt,,,3,91.906,,,,,52,3,,sidewalks,CON,1,2,2,1,0,0,1,0,0,0,0,0,1,0,0,1,0,0,0,0,0,0,0,0,0,0,0,2,0,0,0,0,0,0,1,2,2,0,0,0,0,0,0,0,0,0,0,0,1,1,1,2,2,5,5,0,3,1,0,0,0,0,0,0,0,0,0,0,0,0,1,0,0,1,0,0,1,2,0,0,0,0,0,3,1,0,1,0,0,0,0,0,0,0,0,0,5,0,,,,,,,,,,,,,,,,,,,,,,,,,,,,,,,,,,,1,,,,,91.906
1615,Unscored (no condition data),RPath,1692,,3.0,,0.0,0.0,0.0,,Asphalt,,,3,78.842,,,,,59,3,,sidewalks,CON,1,2,0,1,2,0,1,2,0,0,0,0,1,2,2,1,2,2,0,0,0,0,0,0,0,0,0,2,0,0,0,0,0,0,1,2,2,1,2,0,0,0,0,0,0,0,0,0,0,0,1,2,2,0,0,0,3,1,0,0,0,0,0,0,0,0,0,0,0,0,1,0,0,1,0,0,1,2,0,0,0,0,5,3,1,1,1,0,0,0,0,0,0,0,0,0,5,0,,,,,,,,,,,,,,,,,,,,,,,,,,,,,,,,,,,0,,,,,78.842
1616,Unscored (no condition data),RPath,1712,,3.0,,0.0,0.0,0.0,,Asphalt,,,3,83.808,,,,,63,3,,sidewalks,CON,1,2,0,1,2,0,1,2,0,0,0,0,1,2,2,1,2,2,0,0,0,0,0,0,0,5,0,2,0,0,0,0,0,0,1,2,2,1,2,0,0,0,0,0,0,0,0,0,0,0,1,2,2,0,0,0,3,1,0,0,0,0,0,0,0,0,0,0,0,0,0,0,0,1,0,0,1,2,0,0,0,0,5,3,1,1,1,0,0,0,0,0,0,0,0,0,5,0,,,,,,,,,,,,,,,,,,,,,,,,,,,,,,,,,,,0,,,,,83.808
1617,Unscored (no condition data),RPath,1713,,3.0,,0.0,0.0,0.0,,Asphalt,,,3,82.474,,,,,63,3,,sidewalks,CON,1,2,2,1,2,2,1,2,2,0,0,0,1,2,0,1,2,2,0,0,0,0,0,0,0,5,0,2,0,0,0,0,0,0,1,2,2,1,2,0,0,0,0,0,0,0,0,0,0,0,1,2,2,0,0,0,3,1,0,0,0,0,0,0,0,0,0,0,0,0,0,0,0,0,0,0,1,2,0,0,0,0,5,3,0,0,0,0,0,0,0,0,0,0,0,0,5,0,,,,,,,,,,,,,,,,,,,,,,,,,,,,,,,,,,,0,,,,,82.474
1618,Unscored (no condition data),RPath,1714,,3.0,,0.0,0.0,0.0,,Asphalt,,,3,81.824,,,,,49,3,,sidewalks,CON,1,2,2,1,2,2,1,2,2,0,0,0,1,0,0,1,2,0,0,0,0,0,0,0,0,0,0,2,0,0,0,0,0,0,1,2,0,1,0,0,0,0,0,0,0,0,0,0,0,0,1,2,2,0,0,0,3,1,0,0,0,0,0,0,0,0,0,0,0,0,0,0,0,0,0,0,1,0,0,0,0,0,5,3,0,1,0,0,0,0,0,0,0,0,0,0,5,0,,,,,,,,,,,,,,,,,,,,,,,,,,,,,,,,,,,0,,,,,81.824
1619,Unscored (no condition data),RPath,1716,,3.0,,0.0,0.0,0.0,,Asphalt,,,3,84.398,,,,,54,3,,sidewalks,CON,1,2,2,1,2,0,0,0,0,1,2,0,1,2,0,0,0,0,0,0,0,0,0,0,0,0,0,2,0,0,0,0,0,0,1,2,0,0,0,0,1,2,0,0,0,0,0,0,1,1,1,2,2,5,0,0,3,1,0,0,0,0,0,0,0,0,0,0,0,0,0,0,0,1,0,0,0,0,0,0,0,0,5,3,0,1,1,0,0,0,0,0,0,0,0,0,5,0,,,,,,,,,,,,,,,,,,,,,,,,,,,,,,,,,,,0,,,,,84.398
1620,Unscored (no condition data),RPath,1717,,3.0,,0.0,0.0,0.0,,Asphalt,,,3,128.645,,,,,56,3,,sidewalks,CON,1,2,0,1,2,0,0,0,0,1,2,0,1,0,0,0,0,0,0,0,0,0,0,0,0,0,0,2,0,0,0,0,0,0,1,2,2,0,0,0,1,2,2,0,1,0,0,0,1,1,1,2,2,5,0,0,3,1,0,0,0,0,0,0,0,0,0,0,0,0,0,0,0,1,0,0,0,0,0,0,0,0,5,3,1,1,1,0,0,0,0,0,0,0,0,0,5,0,,,,,,,,,,,,,,,,,,,,,,,,,,,,,,,,,,,0,,,,,128.645
1621,Unscored (no condition data),RPath,1718,,3.0,,0.0,0.0,0.0,,Asphalt,,,3,101.48,,,,,51,3,,sidewalks,CON,1,2,0,1,0,0,1,0,0,0,0,0,1,0,0,0,0,0,0,0,0,0,0,0,0,0,0,2,0,0,0,0,0,0,1,2,2,0,0,0,0,0,0,5,1,2,0,0,0,0,1,2,0,5,0,4,3,1,0,0,0,0,0,0,0,0,0,0,0,0,0,0,0,0,0,0,1,2,2,0,0,0,0,3,1,0,0,0,0,0,0,0,0,0,0,0,5,0,,,,,,,,,,,,,,,,,,,,,,,,,,,,,,,,,,,1,,,,,101.48
1622,Unscored (no condition data),RPath,1722,,3.0,,0.0,0.0,0.0,,Asphalt,,,3,74.397,,,,,61,3,,sidewalks,CON,1,2,0,0,0,0,0,0,0,0,0,0,1,0,0,0,0,0,1,0,0,0,0,0,0,0,0,2,0,0,0,1,2,0,1,2,2,0,0,0,0,0,0,0,1,2,2,0,1,1,1,2,2,5,5,0,0,1,0,0,0,0,0,0,0,0,0,0,0,0,0,0,0,1,0,0,1,2,2,0,0,0,5,3,1,1,1,0,0,0,0,0,0,1,0,0,5,0,,,,,,,,,,,,,,,,,,,,,,,,,,,,,,,,,,,0,,,,,74.397
1623,Unscored (no condition data),RPath,1728,,3.0,,0.0,0.0,0.0,,Asphalt,,,3,77.922,,,,,65,4,,sidewalks,CON,1,2,0,1,2,0,0,0,0,0,0,0,1,0,0,0,0,0,0,0,0,0,0,0,5,0,0,2,0,0,0,0,0,0,1,2,2,0,0,0,0,0,0,5,1,2,2,0,0,0,1,2,2,5,5,4,0,1,0,0,0,0,0,0,0,0,0,0,0,0,1,0,0,1,0,0,1,0,0,0,0,0,5,0,1,0,1,1,0,0,0,0,0,0,0,0,5,0,,,,,,,,,,,,,,,,,,,,,,,,,,,,,,,,,,,0,,,,,77.922
1624,Unscored (no condition data),RPath,1733,,3.0,,0.0,0.0,0.0,,Asphalt,,,3,61.794,,,,,51,3,,sidewalks,CON,1,2,2,1,2,0,0,0,0,0,0,0,1,0,0,0,0,0,0,0,0,0,0,0,0,5,0,2,0,0,0,0,0,0,1,2,2,0,0,0,0,0,0,0,1,2,0,0,0,0,1,2,2,0,0,0,0,1,1,0,0,0,0,0,0,0,0,0,0,0,0,0,0,1,2,0,1,2,0,0,0,0,5,0,1,1,1,1,0,0,0,0,0,0,0,0,5,0,,,,,,,,,,,,,,,,,,,,,,,,,,,,,,,,,,,0,,,,,61.794
1625,Unscored (no condition data),RPath,1734,,3.0,,0.0,0.0,0.0,,Asphalt,,,3,58.098,,,,,56,3,,sidewalks,CON,1,2,2,1,2,0,0,0,0,0,0,0,1,0,0,0,0,0,0,0,0,0,0,0,0,0,0,2,0,0,0,0,0,0,1,2,2,0,0,0,0,0,0,0,1,2,2,0,0,0,1,2,2,5,5,4,0,1,0,0,0,0,0,0,0,0,0,0,0,0,0,0,0,1,0,0,1,0,0,0,0,0,5,0,1,0,1,1,0,0,0,0,0,0,0,0,5,0,,,,,,,,,,,,,,,,,,,,,,,,,,,,,,,,,,,0,,,,,58.098
1626,Unscored (no condition data),RPath,1752,,3.0,,0.0,0.0,0.0,,Asphalt,,,3,120.414,,,,,66,4,,sidewalks,CON,1,2,2,1,2,0,1,2,0,0,0,0,1,2,2,0,0,0,0,0,0,0,0,0,5,0,0,2,0,0,0,1,2,2,0,0,0,0,0,0,0,0,0,0,1,2,2,0,1,1,1,2,2,5,0,4,3,0,0,0,0,0,0,0,0,0,0,0,0,0,0,0,0,1,0,0,0,0,0,0,0,0,0,0,1,1,1,0,0,0,0,0,0,1,2,2,5,0,,,,,,,,,,,,,,,,,,,,,,,,,,,,,,,,,,,0,,,,,120.414
1627,Unscored (no condition data),RPath,1759,,3.0,,0.0,0.0,0.0,,Asphalt,,,3,110.084,,,,,62,3,,sidewalks,CON,1,2,2,1,2,0,1,2,0,0,0,0,1,2,0,0,0,0,0,0,0,0,0,0,0,5,0,2,0,0,0,1,2,2,0,0,0,0,0,0,0,0,0,0,1,2,2,0,1,1,1,2,2,5,0,4,3,0,0,0,0,0,0,0,0,0,0,0,0,0,0,0,0,1,0,0,0,0,0,0,0,0,0,0,1,1,1,0,0,0,0,0,0,1,2,0,5,0,,,,,,,,,,,,,,,,,,,,,,,,,,,,,,,,,,,0,,,,,110.084
1628,Unscored (no condition data),RPath,1766,,3.0,,0.0,0.0,0.0,,Asphalt,,,3,217.048,,,,,62,3,,sidewalks,CON,1,2,2,1,2,2,0,0,0,0,0,0,1,0,0,0,0,0,0,0,0,0,0,0,5,5,0,2,0,0,0,0,0,0,1,2,2,1,2,2,1,2,2,0,1,2,0,0,0,0,1,0,0,0,0,4,0,0,1,2,0,0,0,0,0,0,0,0,0,0,0,0,0,0,0,0,1,0,0,0,0,0,0,0,1,1,1,1,2,0,1,0,0,0,0,0,5,0,,,,,,,,,,,,,,,,,,,,,,,,,,,,,,,,,,,0,,,,,217.048
1629,Unscored (no condition data),RPath,1771,,3.0,,0.0,0.0,0.0,,Asphalt,,,3,14.387,,,,,57,3,,sidewalks,CON,1,2,0,1,2,0,0,0,0,0,0,0,1,2,0,0,0,0,0,0,0,0,0,0,0,0,0,2,0,0,0,1,2,2,1,2,2,0,0,0,0,0,0,0,1,2,2,0,1,1,1,2,2,0,5,0,3,0,0,0,0,0,0,0,1,2,0,0,0,0,0,0,0,1,0,0,1,0,0,0,0,0,5,0,1,0,0,0,0,0,0,0,0,0,0,0,5,0,,,,,,,,,,,,,,,,,,,,,,,,,,,,,,,,,,,8,,,,,14.387
1630,Unscored (no condition data),RPath,1772,,3.0,,0.0,0.0,0.0,,Asphalt,,,3,12.702,,,,,57,3,,sidewalks,CON,1,2,0,1,2,0,0,0,0,0,0,0,1,2,0,0,0,0,0,0,0,0,0,0,0,0,0,2,0,0,0,1,2,2,1,2,2,0,0,0,0,0,0,0,1,2,2,0,1,1,1,2,2,0,5,0,3,0,0,0,0,0,0,0,1,2,0,0,0,0,0,0,0,1,0,0,1,0,0,0,0,0,5,0,1,0,0,0,0,0,0,0,0,0,0,0,5,0,,,,,,,,,,,,,,,,,,,,,,,,,,,,,,,,,,,8,,,,,12.702
1631,Unscored (no condition data),RPath,1773,,3.0,,0.0,0.0,0.0,,Asphalt,,,3,12.31,,,,,57,3,,sidewalks,CON,1,2,0,1,2,0,0,0,0,0,0,0,1,2,0,0,0,0,0,0,0,0,0,0,5,0,0,0,0,0,0,1,2,2,1,2,2,0,0,0,0,0,0,0,1,2,2,0,1,0,1,2,2,0,5,0,3,0,0,0,0,0,0,0,1,2,0,0,0,0,0,0,0,1,0,0,1,0,0,0,0,0,0,3,1,0,0,0,0,0,0,0,0,0,0,0,5,0,,,,,,,,,,,,,,,,,,,,,,,,,,,,,,,,,,,8,,,,,12.31
1632,Unscored (no condition data),RPath,1776,,3.0,,0.0,0.0,0.0,,Asphalt,,,3,87.592,,,,,51,3,,sidewalks,CON,1,0,0,1,0,0,0,0,0,0,0,0,1,2,2,0,0,0,0,0,0,0,0,0,0,0,0,2,0,0,0,0,0,0,1,2,2,0,0,0,0,0,0,0,1,0,0,0,1,1,1,2,2,5,0,0,0,1,0,0,0,0,0,0,0,0,0,0,0,0,0,0,0,1,2,0,1,0,0,0,0,0,5,3,1,1,1,0,0,0,0,0,0,1,2,0,5,0,,,,,,,,,,,,,,,,,,,,,,,,,,,,,,,,,,,0,,,,,87.592
1633,Unscored (no condition data),RPath,1779,,3.0,,0.0,0.0,0.0,,Asphalt,,,3,213.887,,,,,61,3,,sidewalks,CON,1,0,0,1,0,0,0,0,0,0,0,0,1,2,2,0,0,0,1,2,2,0,0,0,0,0,3,0,0,0,0,1,2,0,0,0,0,0,0,0,0,0,0,0,1,2,2,0,1,1,1,2,2,0,5,4,3,0,1,0,0,0,0,0,0,0,0,0,0,0,0,0,0,1,2,2,1,2,2,0,0,0,0,0,1,1,1,0,0,0,0,0,0,0,0,0,5,0,,,,,,,,,,,,,,,,,,,,,,,,,,,,,,,,,,,1,,,,,213.887
1634,Unscored (no condition data),RPath,1780,,3.0,,0.0,0.0,0.0,,Asphalt,,,3,112.975,,,,,59,3,,sidewalks,CON,1,0,0,1,0,0,0,0,0,0,0,0,1,2,2,0,0,0,1,2,2,0,0,0,0,0,0,0,0,0,0,1,2,2,1,0,0,0,0,0,1,0,0,0,1,2,2,0,1,0,1,2,2,0,5,4,3,0,1,2,0,0,0,0,0,0,0,0,0,0,0,0,0,1,2,2,1,0,0,0,0,0,0,0,1,1,1,0,0,0,0,0,0,0,0,0,5,0,,,,,,,,,,,,,,,,,,,,,,,,,,,,,,,,,,,1,,,,,112.975
1635,Unscored (no condition data),RPath,1782,,3.0,,0.0,0.0,0.0,,Asphalt,,,3,134.755,,,,,54,3,,sidewalks,CON,1,2,0,1,2,2,1,0,0,1,0,0,1,2,2,0,0,0,0,0,0,0,0,0,0,0,0,2,0,0,0,0,0,0,1,2,2,0,0,0,0,0,0,0,1,2,0,0,1,1,1,2,2,5,5,0,0,0,0,0,0,0,0,0,0,0,0,0,0,0,0,0,0,1,2,2,1,0,0,0,0,0,0,0,1,0,0,0,0,0,0,0,0,0,0,0,5,0,,,,,,,,,,,,,,,,,,,,,,,,,,,,,,,,,,,0,,,,,134.755
1636,Unscored (no condition data),RPath,1787,,3.0,,0.0,0.0,0.0,,Asphalt,,,3,47.599,,,,,63,3,,sidewalks,CON,1,2,2,1,2,0,1,0,0,1,2,0,1,2,0,0,0,0,0,0,0,0,0,0,5,0,0,2,0,0,0,0,0,0,1,2,2,0,0,0,0,0,0,5,1,2,2,0,0,0,1,2,2,0,5,0,0,1,0,0,0,0,0,0,1,0,0,0,0,0,1,2,0,0,0,0,1,2,0,0,0,0,0,3,0,0,0,0,0,0,0,0,0,0,0,0,5,0,,,,,,,,,,,,,,,,,,,,,,,,,,,,,,,,,,,3,,,,,47.599
1637,Unscored (no condition data),RPath,1789,,3.0,,0.0,0.0,0.0,,Asphalt,,,3,50.818,,,,,53,3,,sidewalks,CON,1,2,2,1,2,0,1,2,0,0,0,0,1,2,0,0,0,0,0,0,0,0,0,0,0,0,0,2,0,0,0,1,2,2,0,0,0,0,0,0,0,0,0,0,1,2,0,0,1,0,1,2,0,5,0,4,0,1,0,0,0,0,0,0,0,0,0,0,0,0,0,0,0,1,2,0,0,0,0,0,0,0,0,3,1,1,1,0,0,0,0,0,0,1,0,0,5,0,,,,,,,,,,,,,,,,,,,,,,,,,,,,,,,,,,,0,,,,,50.818
1638,Unscored (no condition data),RPath,1796,,3.0,,0.0,0.0,0.0,,Asphalt,,,3,81.972,,,,,50,3,,sidewalks,CON,1,2,2,1,2,0,1,2,0,0,0,0,1,2,2,0,0,0,0,0,0,0,0,0,0,0,0,2,0,0,0,0,0,0,0,0,0,0,0,0,0,0,0,0,0,0,0,0,1,1,1,2,2,5,0,0,3,1,0,0,0,0,0,0,0,0,0,0,0,0,0,0,0,0,0,0,1,2,2,0,0,0,0,3,1,1,1,0,0,0,0,0,0,0,0,0,5,0,,,,,,,,,,,,,,,,,,,,,,,,,,,,,,,,,,,0,,,,,81.972
1639,Unscored (no condition data),RPath,1806,,3.0,,0.0,0.0,0.0,,Asphalt,,,3,100.625,,,,,51,3,,sidewalks,CON,1,2,0,1,0,0,0,0,0,0,0,0,1,2,2,1,0,0,1,2,2,0,0,0,0,0,0,2,0,0,0,1,2,2,1,0,0,0,0,0,0,0,0,0,1,2,0,0,1,0,1,2,0,0,0,0,3,1,0,0,0,0,0,0,1,2,0,0,0,0,0,0,0,1,0,0,1,2,0,0,0,0,0,3,1,0,0,0,0,0,1,0,0,0,0,0,5,0,,,,,,,,,,,,,,,,,,,,,,,,,,,,,,,,,,,0,,,,,100.625
1640,Unscored (no condition data),RPath,1807,,3.0,,0.0,0.0,0.0,,Asphalt,,,3,123.835,,,,,58,3,,sidewalks,CON,1,0,0,1,0,0,0,0,0,0,0,0,1,2,2,0,0,0,1,2,2,0,0,0,0,5,0,0,0,0,0,1,2,0,0,0,0,0,0,0,0,0,0,0,1,2,2,0,1,1,1,2,2,0,5,0,3,0,1,0,0,0,0,0,0,0,0,0,0,0,0,0,0,1,2,2,1,2,0,0,0,0,0,0,1,1,1,0,0,0,1,0,0,0,0,0,5,0,,,,,,,,,,,,,,,,,,,,,,,,,,,,,,,,,,,1,,,,,123.835
1641,Unscored (no condition data),RPath,1813,,3.0,,0.0,0.0,0.0,,Asphalt,,,3,44.76,,,,,61,3,,sidewalks,CON,1,0,0,1,0,0,0,0,0,0,0,0,1,2,0,1,2,0,0,0,0,0,0,0,0,0,0,2,0,0,0,0,0,0,1,2,2,0,0,0,0,0,0,5,1,0,0,0,0,0,1,2,2,5,5,0,3,1,0,0,0,0,0,0,0,0,0,0,0,0,0,0,0,1,2,0,1,2,0,0,0,0,5,3,0,1,0,0,0,0,0,0,0,1,0,0,5,0,,,,,,,,,,,,,,,,,,,,,,,,,,,,,,,,,,,1,,,,,44.76
1642,Unscored (no condition data),RPath,1814,,3.0,,0.0,0.0,0.0,,Asphalt,,,3,87.649,,,,,63,3,,sidewalks,CON,1,0,0,1,2,0,0,0,0,0,0,0,1,2,2,1,2,0,0,0,0,0,0,0,0,5,0,2,0,0,0,0,0,0,1,2,2,0,0,0,0,0,0,5,1,0,0,0,0,0,1,2,2,0,0,0,3,1,0,0,0,0,0,0,0,0,0,0,0,0,0,0,0,1,2,0,1,2,2,0,0,0,5,3,1,1,0,0,0,0,0,0,0,1,0,0,5,0,,,,,,,,,,,,,,,,,,,,,,,,,,,,,,,,,,,1,,,,,87.649
1643,Unscored (no condition data),RPath,1822,,3.0,,0.0,0.0,0.0,,Asphalt,,,3,36.958,,,,,58,3,,sidewalks,CON,1,2,2,0,0,0,0,0,0,0,0,0,1,2,2,0,0,0,0,0,0,1,0,0,0,5,0,2,0,0,0,0,0,0,1,2,2,0,0,0,1,0,0,0,1,2,0,0,1,0,1,2,2,0,0,0,0,1,0,0,0,0,0,0,0,0,0,0,0,0,0,0,0,1,2,0,1,2,2,0,0,0,5,3,1,1,1,0,0,0,0,0,0,0,0,0,5,0,,,,,,,,,,,,,,,,,,,,,,,,,,,,,,,,,,,0,,,,,36.958
1644,Unscored (no condition data),RPath,1823,,3.0,,0.0,0.0,0.0,,Asphalt,,,3,108.53,,,,,56,3,,sidewalks,CON,1,2,0,0,0,0,0,0,0,1,2,0,0,0,0,1,0,0,0,0,0,0,0,0,5,0,0,2,0,0,0,0,0,0,1,2,2,0,0,0,1,2,2,0,1,2,0,0,1,0,1,2,2,5,0,0,3,1,0,0,0,0,0,0,1,2,2,0,0,0,0,0,0,0,0,0,1,0,0,0,0,0,0,0,1,1,1,0,0,0,0,0,0,0,0,0,5,0,,,,,,,,,,,,,,,,,,,,,,,,,,,,,,,,,,,0,,,,,108.53
1645,Unscored (no condition data),RPath,1824,,3.0,,0.0,0.0,0.0,,Asphalt,,,3,19.066,,,,,56,3,,sidewalks,CON,1,2,0,1,2,0,1,0,0,0,0,0,1,2,2,0,0,0,0,0,0,0,0,0,0,5,0,2,0,0,0,0,0,0,1,2,0,0,0,0,0,0,0,0,0,0,0,0,1,1,1,2,2,5,0,0,3,0,0,0,0,0,0,0,0,0,0,0,0,0,0,0,0,1,2,2,1,2,0,0,0,0,0,3,1,1,1,0,0,0,0,0,0,0,0,0,5,0,,,,,,,,,,,,,,,,,,,,,,,,,,,,,,,,,,,0,,,,,19.066
1646,Unscored (no condition data),RPath,1839,,3.0,,0.0,0.0,0.0,,Asphalt,,,3,69.232,,,,,60,3,,sidewalks,CON,1,0,0,1,0,0,0,0,0,1,0,0,1,0,0,1,2,0,0,0,0,0,0,0,5,0,0,2,0,0,0,1,2,2,1,2,2,0,0,0,1,2,2,0,1,2,0,0,1,1,1,2,2,0,5,0,0,1,0,0,0,0,0,0,0,0,0,0,0,0,0,0,0,1,0,0,1,2,2,0,0,0,0,0,1,1,1,1,0,0,0,0,0,0,0,0,5,0,,,,,,,,,,,,,,,,,,,,,,,,,,,,,,,,,,,0,,,,,69.232
1647,Unscored (no condition data),RPath,1842,,3.0,,0.0,0.0,0.0,,Asphalt,,,3,383.43,,,,,63,3,,sidewalks,CON,1,2,2,1,2,0,1,2,0,0,0,0,1,2,2,0,0,0,0,0,0,0,0,0,0,5,0,2,0,0,0,1,2,2,0,0,0,0,0,0,0,0,0,0,1,2,0,0,1,0,1,2,0,5,0,4,0,1,0,0,0,0,0,0,0,0,0,1,0,0,0,0,0,1,2,2,0,0,0,0,0,0,0,3,1,1,1,0,0,0,0,0,0,1,0,0,5,0,,,,,,,,,,,,,,,,,,,,,,,,,,,,,,,,,,,0,,,,,383.43
1648,Unscored (no condition data),RPath,1843,,3.0,,0.0,0.0,0.0,,Asphalt,,,3,35.486,,,,,55,3,,sidewalks,CON,1,2,2,1,2,2,1,2,2,1,2,2,1,2,2,0,0,0,0,0,0,0,0,0,0,5,0,0,0,0,0,0,0,0,0,0,0,0,0,0,1,0,0,0,0,0,0,0,0,0,0,0,0,0,0,0,3,0,0,0,0,0,0,0,0,0,0,0,0,0,0,0,0,1,2,0,1,2,2,0,0,0,0,0,1,1,1,0,0,0,1,2,2,0,0,0,5,0,,,,,,,,,,,,,,,,,,,,,,,,,,,,,,,,,,,0,,,,,35.486
1649,Unscored (no condition data),RPath,1844,,3.0,,0.0,0.0,0.0,,Asphalt,,,3,12.309,,,,,54,3,,sidewalks,CON,1,2,2,1,2,2,1,2,2,1,2,2,1,2,2,0,0,0,0,0,0,0,0,0,0,5,0,0,0,0,0,0,0,0,0,0,0,0,0,0,0,0,0,0,0,0,0,0,0,0,0,0,0,0,0,0,3,0,0,0,0,0,0,0,0,0,0,0,0,0,0,0,0,1,2,0,1,2,2,0,0,0,0,0,1,1,1,0,0,0,1,2,2,0,0,0,5,0,,,,,,,,,,,,,,,,,,,,,,,,,,,,,,,,,,,0,,,,,12.309
1650,Unscored (no condition data),RPath,1845,,3.0,,0.0,0.0,0.0,,Asphalt,,,3,58.274,,,,,54,3,,sidewalks,CON,1,2,2,1,2,2,1,2,2,1,2,2,1,2,2,0,0,0,0,0,0,0,0,0,0,5,0,0,0,0,0,0,0,0,0,0,0,0,0,0,0,0,0,0,0,0,0,0,0,0,0,0,0,0,0,0,3,0,0,0,0,0,0,0,0,0,0,0,0,0,0,0,0,1,2,0,1,2,2,0,0,0,0,0,1,1,1,0,0,0,1,2,2,0,0,0,5,0,,,,,,,,,,,,,,,,,,,,,,,,,,,,,,,,,,,0,,,,,58.274
1651,Unscored (no condition data),RPath,1846,,3.0,,0.0,0.0,0.0,,Asphalt,,,3,70.792,,,,,60,3,,sidewalks,CON,1,2,2,1,2,2,1,2,2,1,2,2,1,2,2,0,0,0,0,0,0,0,0,0,0,5,0,2,0,0,0,0,0,0,1,0,0,0,0,0,0,0,0,0,0,0,0,0,0,0,0,0,0,0,0,0,3,0,0,0,0,0,0,0,0,0,0,0,0,0,0,0,0,1,2,0,1,2,2,0,0,0,0,3,1,1,1,0,0,0,1,2,2,0,0,0,5,0,,,,,,,,,,,,,,,,,,,,,,,,,,,,,,,,,,,0,,,,,70.792
1652,Unscored (no condition data),RPath,1847,,3.0,,0.0,0.0,0.0,,Asphalt,,,3,86.034,,,,,59,3,,sidewalks,CON,1,2,2,1,2,0,1,2,0,0,0,0,1,2,2,0,0,0,0,0,0,0,0,0,0,0,0,2,0,0,0,0,0,0,0,0,0,0,0,0,0,0,0,0,0,0,0,0,1,1,1,2,2,5,0,4,3,1,0,0,0,0,0,0,0,0,0,0,0,0,0,0,0,1,2,0,1,2,2,0,0,0,0,3,1,1,0,1,2,0,0,0,0,0,0,0,5,0,,,,,,,,,,,,,,,,,,,,,,,,,,,,,,,,,,,0,,,,,86.034
1653,Unscored (no condition data),RPath,1848,,3.0,,0.0,0.0,0.0,,Asphalt,,,3,160.57,,,,,54,3,,sidewalks,CON,1,2,2,1,2,0,1,2,0,0,0,0,1,2,0,0,0,0,0,0,0,0,0,0,0,5,0,2,0,0,0,0,0,0,0,0,0,0,0,0,0,0,0,0,0,0,0,0,1,0,1,2,2,5,0,4,0,1,0,0,0,0,0,0,0,0,0,0,0,0,0,0,0,1,2,0,1,2,0,0,0,0,0,3,1,1,0,1,0,0,0,0,0,0,0,0,5,0,,,,,,,,,,,,,,,,,,,,,,,,,,,,,,,,,,,0,,,,,160.57
1654,Unscored (no condition data),RPath,1858,,3.0,,0.0,0.0,0.0,,Asphalt,,,3,45.605,,,,,62,3,,sidewalks,CON,1,2,2,1,2,0,1,2,0,1,0,0,1,0,0,0,0,0,0,0,0,0,0,0,5,0,0,2,0,0,0,0,0,0,1,2,2,0,0,0,0,0,0,5,1,0,0,0,0,0,1,2,2,0,5,0,0,1,0,0,0,0,0,0,1,0,0,0,0,0,1,2,0,1,0,0,1,2,2,0,0,0,0,3,1,0,1,0,0,0,0,0,0,0,0,0,5,0,,,,,,,,,,,,,,,,,,,,,,,,,,,,,,,,,,,0,,,,,45.605
1655,Unscored (no condition data),RPath,1862,,3.0,,0.0,0.0,0.0,,Asphalt,,,3,73.662,,,,,58,3,,sidewalks,CON,1,2,0,0,0,0,0,0,0,0,0,0,1,0,0,0,0,0,1,0,0,0,0,0,0,0,0,2,0,0,0,1,2,0,1,2,2,0,0,0,0,0,0,0,1,2,2,0,1,1,1,2,2,5,0,0,0,1,0,0,0,0,0,0,0,0,0,0,0,0,0,0,0,1,0,0,1,2,2,0,0,0,5,3,1,1,1,0,0,0,0,0,0,1,2,0,5,0,,,,,,,,,,,,,,,,,,,,,,,,,,,,,,,,,,,0,,,,,73.662
1656,Unscored (no condition data),RPath,1894,,3.0,,0.0,0.0,0.0,,Asphalt,,,3,59.062,,,,,60,3,,sidewalks,PB,1,2,2,0,0,0,0,0,0,1,2,0,0,0,0,1,0,0,0,0,0,0,0,0,5,0,0,0,1,2,2,1,0,0,1,0,0,0,0,0,1,0,0,0,1,2,0,0,1,0,1,2,0,0,0,0,0,1,1,2,0,0,0,0,1,2,0,0,0,0,1,0,0,1,2,0,1,2,0,0,0,0,0,0,1,1,1,1,2,2,1,2,0,1,0,0,5,0,,,,,,,,,,,,,,,,,,,,,,,,,,,,,,,,,,,0,,,,,59.062
1657,Unscored (no condition data),RPath,1903,,3.0,,0.0,0.0,0.0,,Asphalt,,,3,149.829,,,,,54,3,,sidewalks,CON,1,2,2,1,2,2,1,2,2,0,0,0,1,0,0,1,0,0,0,0,0,0,0,0,0,5,0,2,0,0,0,0,0,0,1,2,0,0,0,0,1,0,0,0,1,0,0,0,1,1,1,2,2,0,0,0,3,1,0,0,0,0,0,0,0,0,0,0,0,0,0,0,0,1,2,2,0,0,0,0,0,0,0,3,1,0,0,0,0,0,0,0,0,0,0,0,5,0,,,,,,,,,,,,,,,,,,,,,,,,,,,,,,,,,,,0,,,,,149.829
1658,Unscored (no condition data),RPath,1904,,3.0,,0.0,0.0,0.0,,Asphalt,,,3,56.261,,,,,61,3,,sidewalks,CON,1,2,2,1,2,2,1,2,2,0,0,0,1,0,0,1,0,0,0,0,0,0,0,0,0,5,0,2,0,0,0,0,0,0,1,2,0,0,0,0,1,0,0,0,1,0,0,0,1,1,1,2,2,0,5,0,3,1,0,0,0,0,0,0,0,0,0,0,0,0,0,0,0,1,2,2,0,0,0,0,0,0,0,3,1,1,1,0,0,0,0,0,0,0,0,0,5,0,,,,,,,,,,,,,,,,,,,,,,,,,,,,,,,,,,,1,,,,,56.261
1659,Unscored (no condition data),RPath,1906,,3.0,,0.0,0.0,0.0,,Asphalt,,,3,63.705,,,,,64,4,,sidewalks,HMAC,1,2,2,1,2,2,0,0,0,0,0,0,0,0,0,1,2,2,0,0,0,0,0,0,0,5,0,2,0,0,0,0,0,0,1,2,2,0,0,0,0,0,0,0,1,2,0,0,1,1,1,2,2,5,5,4,0,0,0,0,0,0,0,0,1,0,0,0,0,0,0,0,0,0,0,0,1,2,0,0,0,0,0,3,0,0,0,0,0,0,1,0,0,0,0,0,5,0,,,,,,,,,,,,,,,,,,,,,,,,,,,,,,,,,,,0,,,,,63.705
1660,Unscored (no condition data),RPath,1907,,3.0,,0.0,0.0,0.0,,Asphalt,,,3,90.845,,,,,63,3,,sidewalks,CON,1,2,2,1,2,2,0,0,0,0,0,0,0,0,0,1,2,2,0,0,0,0,0,0,0,5,0,2,0,0,0,0,0,0,1,2,2,0,0,0,0,0,0,0,1,2,0,0,1,1,1,2,2,5,5,0,0,0,0,0,0,0,0,0,1,2,0,0,0,0,0,0,0,1,0,0,1,2,0,0,0,0,0,3,0,0,0,0,0,0,1,0,0,0,0,0,5,0,,,,,,,,,,,,,,,,,,,,,,,,,,,,,,,,,,,0,,,,,90.845
1661,Unscored (no condition data),RPath,1909,,3.0,,0.0,0.0,0.0,,Asphalt,,,3,217.636,,,,,63,3,,sidewalks,CON,1,2,2,1,2,2,0,0,0,0,0,0,1,2,2,0,0,0,0,0,0,0,0,0,0,5,0,0,0,0,0,0,0,0,1,0,0,0,0,0,0,0,0,0,0,0,0,0,1,1,1,2,2,5,5,0,3,1,1,0,0,0,0,0,0,0,0,0,0,0,0,0,0,1,0,0,1,2,2,0,0,0,0,0,1,1,1,0,0,0,1,2,0,1,2,0,5,0,,,,,,,,,,,,,,,,,,,,,,,,,,,,,,,,,,,0,,,,,217.636
1662,Unscored (no condition data),RPath,1911,,3.0,,0.0,0.0,0.0,,Asphalt,,,3,16.139,,,,,51,3,,sidewalks,CON,1,2,2,1,2,2,0,0,0,0,0,0,1,2,2,0,0,0,0,0,0,0,0,0,0,5,0,0,0,0,0,0,0,0,0,0,0,0,0,0,0,0,0,0,0,0,0,0,1,1,1,2,2,0,5,0,0,1,0,0,0,0,0,0,0,0,0,0,0,0,0,0,0,1,0,0,1,2,0,0,0,0,0,0,1,1,1,0,0,0,1,2,0,1,2,0,5,0,,,,,,,,,,,,,,,,,,,,,,,,,,,,,,,,,,,0,,,,,16.139
1663,Unscored (no condition data),RPath,1914,,3.0,,0.0,0.0,0.0,,Asphalt,,,3,93.151,,,,,55,3,,sidewalks,CON,1,2,2,1,2,2,0,0,0,0,0,0,1,2,2,0,0,0,0,0,0,0,0,0,0,5,0,0,0,0,0,0,0,0,0,0,0,0,0,0,0,0,0,0,0,0,0,0,1,1,1,2,2,5,5,0,0,1,1,0,0,0,0,0,0,0,0,0,0,0,0,0,0,1,0,0,1,2,0,0,0,0,0,0,1,1,1,0,0,0,1,2,0,1,0,0,5,0,,,,,,,,,,,,,,,,,,,,,,,,,,,,,,,,,,,0,,,,,93.151
1664,Unscored (no condition data),RPath,1922,,3.0,,0.0,0.0,0.0,,Asphalt,,,3,120.202,,,,,62,3,,sidewalks,CON,1,0,0,1,0,0,0,0,0,0,0,0,1,2,2,1,2,2,0,0,0,0,0,0,0,5,0,2,0,0,0,0,0,0,1,2,2,0,0,0,0,0,0,0,0,0,0,0,1,1,1,2,2,5,5,4,0,0,0,0,0,0,0,0,0,0,0,0,0,0,0,0,0,1,0,0,1,2,0,0,0,0,0,0,1,1,1,0,0,0,0,0,0,1,2,2,5,0,,,,,,,,,,,,,,,,,,,,,,,,,,,,,,,,,,,0,,,,,120.202
1665,Unscored (no condition data),RPath,1923,,3.0,,0.0,0.0,0.0,,Asphalt,,,3,288.036,,,,,62,3,,sidewalks,CON,1,2,0,1,0,0,0,0,0,0,0,0,1,2,2,1,2,0,0,0,0,0,0,0,0,5,0,2,0,0,0,0,0,0,1,2,2,0,0,0,0,0,0,0,0,0,0,0,1,1,1,2,2,5,0,4,0,1,0,0,0,0,0,0,0,0,0,0,0,0,0,0,0,1,2,0,1,2,0,0,0,0,0,3,1,1,0,0,0,0,0,0,0,1,2,2,5,0,,,,,,,,,,,,,,,,,,,,,,,,,,,,,,,,,,,0,,,,,288.036
1666,Unscored (no condition data),RPath,1924,,3.0,,0.0,0.0,0.0,,Asphalt,,,3,301.486,,,,,55,3,,sidewalks,CON,1,2,2,1,0,0,1,0,0,0,0,0,1,2,2,0,0,0,0,0,0,0,0,0,0,5,0,2,0,0,0,0,0,0,0,0,0,0,0,0,0,0,0,0,0,0,0,0,1,1,1,2,2,5,0,4,3,1,0,0,0,0,0,0,0,0,0,0,0,0,0,0,0,0,0,0,1,2,2,0,0,0,0,3,1,1,1,0,0,0,0,0,0,0,0,0,5,0,,,,,,,,,,,,,,,,,,,,,,,,,,,,,,,,,,,0,,,,,301.486
1667,Unscored (no condition data),RPath,1925,,3.0,,0.0,0.0,0.0,,Asphalt,,,3,78.487,,,,,63,3,,sidewalks,CON,1,0,0,1,0,0,0,0,0,0,0,0,1,2,0,0,0,0,0,0,0,0,0,0,0,0,0,2,0,0,0,0,0,0,1,2,2,0,0,0,0,0,0,5,1,0,0,0,0,0,1,2,2,5,0,4,0,1,0,0,0,0,0,0,1,2,0,1,2,0,1,2,2,1,0,0,1,2,0,0,0,0,5,3,0,0,1,1,0,0,0,0,0,0,0,0,5,0,,,,,,,,,,,,,,,,,,,,,,,,,,,,,,,,,,,0,,,,,78.487
1668,Unscored (no condition data),RPath,1926,,3.0,,0.0,0.0,0.0,,Asphalt,,,3,78.079,,,,,56,3,,sidewalks,CON,1,0,0,0,0,0,0,0,0,0,0,0,1,2,0,0,0,0,0,0,0,0,0,0,0,0,0,2,0,0,0,0,0,0,1,2,2,0,0,0,0,0,0,5,1,0,0,0,0,0,1,2,2,5,0,4,0,1,0,0,0,0,0,0,1,0,0,1,0,0,1,2,2,0,0,0,1,2,0,0,0,0,5,3,0,0,1,0,0,0,0,0,0,0,0,0,5,0,,,,,,,,,,,,,,,,,,,,,,,,,,,,,,,,,,,0,,,,,78.079
1669,Unscored (no condition data),RPath,1929,,3.0,,0.0,0.0,0.0,,Asphalt,,,3,27.226,,,,,55,3,,sidewalks,CON,1,2,0,1,0,0,0,0,0,0,0,0,0,0,0,0,0,0,0,0,0,0,0,0,5,0,0,2,0,0,0,0,0,0,1,2,2,0,0,0,0,0,0,5,1,2,2,0,0,0,1,2,2,5,0,4,0,1,0,0,0,0,0,0,0,0,0,0,0,0,1,0,0,1,0,0,1,0,0,0,0,0,0,3,1,0,1,1,0,0,0,0,0,0,0,0,5,0,,,,,,,,,,,,,,,,,,,,,,,,,,,,,,,,,,,0,,,,,27.226
1670,Unscored (no condition data),RPath,1940,,3.0,,0.0,0.0,0.0,,Asphalt,,,3,84.459,,,,,57,3,,sidewalks,CON,1,0,0,1,2,0,1,0,0,0,0,0,1,2,0,0,0,0,0,0,0,0,0,0,0,0,0,2,0,0,0,1,2,0,1,2,2,0,0,0,0,0,0,5,1,2,0,0,1,1,1,2,2,5,0,0,3,1,0,0,0,0,0,0,1,2,0,0,0,0,0,0,0,1,0,0,1,0,0,0,0,0,5,0,0,0,0,0,0,0,0,0,0,0,0,0,5,0,,,,,,,,,,,,,,,,,,,,,,,,,,,,,,,,,,,2,,,,,84.459
1671,Unscored (no condition data),RPath,1942,,3.0,,0.0,0.0,0.0,,Asphalt,,,3,86.254,,,,,64,4,,sidewalks,CON,1,2,0,1,2,0,1,0,0,0,0,0,1,2,0,0,0,0,0,0,0,0,0,0,0,0,0,2,0,0,0,1,2,0,1,2,0,0,0,0,0,0,0,5,1,2,2,0,1,1,1,2,2,5,0,0,3,1,0,0,0,0,0,0,1,2,0,0,0,0,0,0,0,1,0,0,1,2,0,0,0,0,5,3,0,0,0,0,0,0,0,0,0,0,0,0,5,0,,,,,,,,,,,,,,,,,,,,,,,,,,,,,,,,,,,1,,,,,86.254
1672,Unscored (no condition data),RPath,1943,,3.0,,0.0,0.0,0.0,,Asphalt,,,3,89.333,,,,,63,3,,sidewalks,CON,1,2,0,1,2,0,1,0,0,0,0,0,1,2,0,0,0,0,0,0,0,0,0,0,0,0,0,2,0,0,0,1,0,0,1,0,0,0,0,0,0,0,0,5,1,2,2,0,1,1,1,2,2,5,0,0,3,1,0,0,0,0,0,0,1,2,0,0,0,0,0,0,0,1,2,0,1,2,0,0,0,0,5,3,1,0,0,0,0,0,0,0,0,0,0,0,5,0,,,,,,,,,,,,,,,,,,,,,,,,,,,,,,,,,,,0,,,,,89.333
1673,Unscored (no condition data),RPath,1944,,3.0,,0.0,0.0,0.0,,Asphalt,,,3,89.843,,,,,59,3,,sidewalks,CON,1,2,0,1,0,0,0,0,0,1,0,0,1,2,0,0,0,0,0,0,0,0,0,0,0,0,0,2,0,0,0,1,0,0,1,0,0,0,0,0,0,0,0,5,1,2,0,0,1,1,1,2,2,5,0,0,3,1,0,0,0,0,0,0,1,0,0,0,0,0,0,0,0,1,2,0,1,2,2,0,0,0,5,3,1,0,0,0,0,0,0,0,0,0,0,0,5,0,,,,,,,,,,,,,,,,,,,,,,,,,,,,,,,,,,,0,,,,,89.843
1674,Unscored (no condition data),RPath,1945,,3.0,,0.0,0.0,0.0,,Asphalt,,,3,88.603,,,,,61,3,,sidewalks,CON,1,2,0,1,0,0,0,0,0,1,0,0,1,2,0,0,0,0,0,0,0,1,0,0,0,0,0,2,0,0,0,0,0,0,1,2,0,0,0,0,0,0,0,5,1,2,0,0,1,1,1,2,2,5,0,0,3,1,0,0,0,0,0,0,1,0,0,0,0,0,0,0,0,1,2,0,1,2,2,0,0,0,5,3,1,0,0,0,0,0,0,0,0,0,0,0,5,0,,,,,,,,,,,,,,,,,,,,,,,,,,,,,,,,,,,0,,,,,88.603
1675,Unscored (no condition data),RPath,1946,,3.0,,0.0,0.0,0.0,,Asphalt,,,3,89.518,,,,,62,3,,sidewalks,CON,1,0,0,1,0,0,0,0,0,1,0,0,1,2,2,0,0,0,0,0,0,1,0,0,0,0,0,2,0,0,0,0,0,0,1,2,2,0,0,0,0,0,0,5,1,0,0,0,1,1,1,2,2,5,0,0,3,1,0,0,0,0,0,0,1,2,0,1,0,0,1,0,0,1,2,0,1,2,0,0,0,0,5,3,0,0,0,0,0,0,0,0,0,0,0,0,5,0,,,,,,,,,,,,,,,,,,,,,,,,,,,,,,,,,,,0,,,,,89.518
1676,Unscored (no condition data),RPath,1951,,3.0,,0.0,0.0,0.0,,Asphalt,,,3,43.328,,,,,57,3,,sidewalks,CON,0,0,0,1,2,0,0,0,0,0,0,0,1,2,2,0,0,0,0,0,0,0,0,0,0,5,0,2,0,0,0,1,2,2,1,2,2,0,0,0,0,0,0,0,1,2,0,0,0,0,1,2,2,5,0,4,0,1,0,0,0,0,0,0,0,0,0,0,0,0,1,2,0,1,2,0,0,0,0,0,0,0,0,0,1,1,1,0,0,0,0,0,0,0,0,0,5,0,,,,,,,,,,,,,,,,,,,,,,,,,,,,,,,,,,,0,,,,,43.328
1677,Unscored (no condition data),RPath,1953,,3.0,,0.0,0.0,0.0,,Asphalt,,,3,146.891,,,,,65,4,,sidewalks,CON,1,0,0,1,2,0,1,0,0,0,0,0,1,2,2,0,0,0,0,0,0,0,0,0,5,0,0,2,0,0,0,1,2,2,1,2,2,0,0,0,0,0,0,0,1,2,0,0,0,0,1,2,2,5,0,4,0,1,0,0,0,0,0,0,0,0,0,0,0,0,1,2,0,1,2,2,1,0,0,0,0,0,0,3,1,1,1,0,0,0,0,0,0,0,0,0,5,0,,,,,,,,,,,,,,,,,,,,,,,,,,,,,,,,,,,0,,,,,146.891
1678,Unscored (no condition data),RPath,1954,,3.0,,0.0,0.0,0.0,,Asphalt,,,3,76.611,,,,,55,3,,sidewalks,CON,1,0,0,1,0,0,1,0,0,1,0,0,1,2,0,0,0,0,0,0,0,0,0,0,0,0,0,2,0,0,0,1,2,2,1,2,2,0,0,0,0,0,0,0,1,0,0,0,0,0,1,2,2,5,0,4,3,1,0,0,0,0,0,0,0,0,0,0,0,0,1,0,0,1,2,2,0,0,0,0,0,0,0,3,1,1,1,0,0,0,0,0,0,0,0,0,5,0,,,,,,,,,,,,,,,,,,,,,,,,,,,,,,,,,,,0,,,,,76.611
1679,Unscored (no condition data),RPath,1955,,3.0,,0.0,0.0,0.0,,Asphalt,,,3,220.67,,,,,63,3,,sidewalks,CON,1,2,0,1,2,0,1,2,0,1,0,0,1,2,0,1,2,0,0,0,0,0,0,0,0,0,0,2,0,0,0,1,2,0,1,2,2,0,0,0,0,0,0,0,1,0,0,0,0,0,1,2,2,5,0,4,3,1,0,0,0,0,0,0,0,0,0,0,0,0,0,0,0,1,2,2,1,0,0,0,0,0,0,3,1,1,1,0,0,0,0,0,0,1,0,0,5,0,,,,,,,,,,,,,,,,,,,,,,,,,,,,,,,,,,,0,,,,,220.67
1680,Unscored (no condition data),RPath,1966,,3.0,,0.0,0.0,0.0,,Asphalt,,,3,53.01,,,,,60,3,,sidewalks,HMAC,1,0,0,1,0,0,0,0,0,0,0,0,1,2,2,0,0,0,1,2,2,0,0,0,0,5,0,2,0,0,0,1,2,0,0,0,0,0,0,0,0,0,0,0,1,2,2,0,1,0,1,2,2,0,5,0,3,0,1,2,0,0,0,0,0,0,0,0,0,0,0,0,0,1,2,0,1,0,0,0,0,0,0,3,1,1,1,0,0,0,1,0,0,0,0,0,5,0,,,,,,,,,,,,,,,,,,,,,,,,,,,,,,,,,,,1,,,,,53.01
1681,Unscored (no condition data),RPath,1967,,3.0,,0.0,0.0,0.0,,Asphalt,,,3,46.266,,,,,62,3,,sidewalks,CON,1,0,0,1,0,0,0,0,0,0,0,0,1,2,2,0,0,0,1,2,2,0,0,0,0,5,0,2,0,0,0,1,2,0,0,0,0,0,0,0,0,0,0,0,1,2,2,0,1,0,1,2,2,0,5,0,3,0,1,2,0,0,0,0,0,0,0,0,0,0,0,0,0,1,2,0,1,2,0,0,0,0,0,3,1,1,1,0,0,0,1,0,0,0,0,0,5,0,,,,,,,,,,,,,,,,,,,,,,,,,,,,,,,,,,,1,,,,,46.266
1682,Unscored (no condition data),RPath,1969,,3.0,,0.0,0.0,0.0,,Asphalt,,,3,83.833,,,,,53,3,,sidewalks,CON,1,2,0,1,2,0,1,2,0,0,0,0,1,2,2,1,2,0,0,0,0,0,0,0,0,5,0,2,0,0,0,0,0,0,1,2,0,0,0,0,0,0,0,0,1,0,0,0,0,0,1,2,0,0,0,0,0,1,0,0,0,0,0,0,0,0,0,0,0,0,1,0,0,1,2,2,1,2,2,0,0,0,0,3,1,0,1,0,0,0,0,0,0,0,0,0,5,0,,,,,,,,,,,,,,,,,,,,,,,,,,,,,,,,,,,0,,,,,83.833
1683,Unscored (no condition data),RPath,1971,,3.0,,0.0,0.0,0.0,,Asphalt,,,3,147.559,,,,,63,3,,sidewalks,CON,1,2,0,1,2,0,1,2,0,0,0,0,1,0,0,0,0,0,0,0,0,0,0,0,0,0,3,0,0,0,0,0,0,0,1,2,2,0,0,0,0,0,0,0,1,2,0,0,0,0,1,2,2,5,5,0,0,1,0,0,0,0,0,0,1,2,0,0,0,0,0,0,0,1,2,0,1,0,0,1,2,0,5,3,1,1,1,0,0,0,0,0,0,0,0,0,5,0,,,,,,,,,,,,,,,,,,,,,,,,,,,,,,,,,,,0,,,,,147.559
1684,Unscored (no condition data),RPath,1972,,3.0,,0.0,0.0,0.0,,Asphalt,,,3,123.179,,,,,53,3,,sidewalks,CON,1,2,2,0,0,0,0,0,0,0,0,0,1,2,0,0,0,0,0,0,0,0,0,0,0,0,0,2,0,0,0,1,2,2,0,0,0,1,2,2,0,0,0,0,1,2,2,0,0,0,1,2,2,0,5,4,3,0,0,0,0,0,0,0,0,0,0,0,0,0,0,0,0,1,2,0,0,0,0,0,0,0,0,0,1,1,1,0,0,0,0,0,0,0,0,0,5,0,,,,,,,,,,,,,,,,,,,,,,,,,,,,,,,,,,,0,,,,,123.179
1685,Unscored (no condition data),RPath,1974,,3.0,,0.0,0.0,0.0,,Asphalt,,,3,210.263,,,,,55,3,,sidewalks,CON,1,2,2,0,0,0,0,0,0,0,0,0,1,2,2,0,0,0,0,0,0,0,0,0,5,5,0,2,0,0,0,1,2,2,0,0,0,1,2,0,0,0,0,0,1,2,0,0,0,0,1,2,2,0,0,0,3,1,0,0,0,0,0,0,0,0,0,0,0,0,0,0,0,1,2,2,0,0,0,0,0,0,0,0,1,1,1,0,0,0,0,0,0,0,0,0,5,0,,,,,,,,,,,,,,,,,,,,,,,,,,,,,,,,,,,0,,,,,210.263
1686,Unscored (no condition data),RPath,1987,,3.0,,0.0,0.0,0.0,,Asphalt,,,3,128.674,,,,,56,3,,sidewalks,CON,1,0,0,0,0,0,0,0,0,0,0,0,1,2,2,0,0,0,0,0,0,0,0,0,0,0,3,0,1,2,2,0,0,0,0,0,0,0,0,0,0,0,0,0,1,2,0,0,0,0,1,2,2,0,5,0,3,1,1,2,0,1,0,0,1,2,0,0,0,0,0,0,0,1,0,0,1,2,2,1,0,0,0,0,1,1,1,1,2,0,0,0,0,0,0,0,5,0,,,,,,,,,,,,,,,,,,,,,,,,,,,,,,,,,,,0,,,,,128.674
1687,Unscored (no condition data),RPath,1991,,3.0,,0.0,0.0,0.0,,Asphalt,,,3,122.828,,,,,64,4,,sidewalks,CON,1,2,0,1,0,0,1,0,0,0,0,0,1,0,0,1,2,0,0,0,0,1,0,0,5,0,0,0,0,0,0,1,2,2,1,2,2,0,0,0,0,0,0,0,1,2,0,0,1,1,1,2,2,0,0,0,3,1,0,0,0,0,0,0,1,2,2,0,0,0,0,0,0,1,2,0,1,2,0,0,0,0,5,3,1,0,0,0,0,0,0,0,0,0,0,0,5,0,,,,,,,,,,,,,,,,,,,,,,,,,,,,,,,,,,,2,,,,,122.828
1688,Unscored (no condition data),RPath,1992,,3.0,,0.0,0.0,0.0,,Asphalt,,,3,41.226,,,,,55,3,,sidewalks,CON,1,2,2,0,0,0,0,0,0,0,0,0,1,2,2,0,0,0,0,0,0,0,0,0,5,0,0,0,0,0,0,1,2,2,1,0,0,0,0,0,1,2,2,0,1,2,2,0,0,0,1,2,2,0,0,4,0,1,0,0,0,0,0,0,0,0,0,0,0,0,0,0,0,0,0,0,0,0,0,0,0,0,0,3,1,1,1,1,2,0,0,0,0,0,0,0,5,0,,,,,,,,,,,,,,,,,,,,,,,,,,,,,,,,,,,0,,,,,41.226
1689,Unscored (no condition data),RPath,1993,,3.0,,0.0,0.0,0.0,,Asphalt,,,3,48.213,,,,,60,3,,sidewalks,CON,1,2,2,0,0,0,0,0,0,0,0,0,1,2,2,0,0,0,0,0,0,0,0,0,5,0,0,0,0,0,0,1,2,2,0,0,0,0,0,0,1,2,2,0,1,2,2,0,0,0,1,2,2,5,5,4,0,0,0,0,0,0,0,0,0,0,0,0,0,0,0,0,0,0,0,0,0,0,0,0,0,0,0,0,1,1,1,1,2,0,0,0,0,0,0,0,5,0,,,,,,,,,,,,,,,,,,,,,,,,,,,,,,,,,,,0,,,,,48.213
1690,Unscored (no condition data),RPath,1998,,3.0,,0.0,0.0,0.0,,Asphalt,,,3,170.481,,,,,58,3,,sidewalks,CON,1,0,0,0,0,0,0,0,0,0,0,0,1,2,0,0,0,0,0,0,0,0,0,0,5,0,0,2,0,0,0,1,2,2,0,0,0,1,2,0,0,0,0,0,1,2,2,0,1,1,1,2,2,5,5,0,0,1,0,0,0,0,0,0,0,0,0,0,0,0,0,0,0,1,2,0,1,2,2,0,0,0,0,0,1,1,1,0,0,0,0,0,0,0,0,0,5,0,,,,,,,,,,,,,,,,,,,,,,,,,,,,,,,,,,,0,,,,,170.481
1691,Unscored (no condition data),RPath,2009,,3.0,,0.0,0.0,0.0,,Asphalt,,,3,47.907,,,,,51,3,,sidewalks,CON,1,2,2,1,0,0,1,0,0,0,0,0,0,0,0,0,0,0,0,0,0,0,0,0,0,5,0,2,0,0,0,0,0,0,1,2,2,0,0,0,0,0,0,0,0,0,0,0,0,0,1,2,2,5,5,4,0,1,0,0,0,0,0,0,0,0,0,0,0,0,0,0,0,1,0,0,0,0,0,0,0,0,0,3,1,1,1,0,0,0,0,0,0,0,0,0,5,0,,,,,,,,,,,,,,,,,,,,,,,,,,,,,,,,,,,0,,,,,47.907
1692,Unscored (no condition data),RPath,2012,,3.0,,0.0,0.0,0.0,,Asphalt,,,3,128.491,,,,,53,3,,sidewalks,CON,1,2,2,1,2,2,1,2,2,0,0,0,1,0,0,0,0,0,0,0,0,0,0,0,0,0,0,2,0,0,0,0,0,0,1,2,2,0,0,0,0,0,0,0,0,0,0,0,0,0,1,2,2,0,0,4,0,1,0,0,0,0,0,0,0,0,0,0,0,0,0,0,0,1,0,0,1,2,0,0,0,0,5,3,1,1,1,0,0,0,0,0,0,0,0,0,5,0,,,,,,,,,,,,,,,,,,,,,,,,,,,,,,,,,,,0,,,,,128.491
1693,Unscored (no condition data),RPath,2017,,3.0,,0.0,0.0,0.0,,Asphalt,,,3,135.154,,,,,58,3,,sidewalks,CON,1,2,2,1,2,0,1,0,0,0,0,0,1,0,0,1,2,0,0,0,0,0,0,0,0,0,0,2,0,0,0,0,0,0,1,2,2,0,0,0,1,2,0,0,1,2,2,0,1,1,1,2,2,5,0,0,3,1,0,0,0,0,0,0,1,0,0,0,0,0,0,0,0,1,0,0,1,2,0,0,0,0,0,3,1,0,0,0,0,0,0,0,0,0,0,0,5,0,,,,,,,,,,,,,,,,,,,,,,,,,,,,,,,,,,,0,,,,,135.154
1694,Unscored (no condition data),RPath,2021,,3.0,,0.0,0.0,0.0,,Asphalt,,,3,73.202,,,,,64,4,,sidewalks,CON,1,2,2,1,2,0,1,2,0,0,0,0,1,2,0,0,0,0,0,0,0,0,0,0,0,0,0,2,0,0,0,0,0,0,1,2,2,0,0,0,0,0,0,5,1,0,0,0,0,0,1,2,2,0,0,0,3,1,0,0,0,0,0,0,1,2,0,0,0,0,1,2,2,1,2,0,1,2,0,0,0,0,5,3,1,0,0,0,0,0,0,0,0,0,0,0,5,0,,,,,,,,,,,,,,,,,,,,,,,,,,,,,,,,,,,0,,,,,73.202
1695,Unscored (no condition data),RPath,2025,,3.0,,0.0,0.0,0.0,,Asphalt,,,3,39.083,,,,,49,3,,sidewalks,CON,1,2,2,1,0,0,1,0,0,0,0,0,1,0,0,1,0,0,0,0,0,0,0,0,0,5,0,2,0,0,0,0,0,0,0,0,0,0,0,0,0,0,0,0,0,0,0,0,1,1,1,2,2,5,5,0,3,0,0,0,0,0,0,0,0,0,0,0,0,0,0,0,0,0,0,0,1,2,2,0,0,0,0,0,1,1,1,0,0,0,0,0,0,0,0,0,5,0,,,,,,,,,,,,,,,,,,,,,,,,,,,,,,,,,,,3,,,,,39.083
1696,Unscored (no condition data),RPath,2033,,3.0,,0.0,0.0,0.0,,Asphalt,,,3,7.226,,,,,63,3,,sidewalks,CON,1,2,0,0,0,0,0,0,0,0,0,0,1,2,0,1,2,0,1,0,0,0,0,0,5,0,0,0,0,0,0,1,2,2,1,2,2,0,0,0,0,0,0,0,1,2,2,0,1,1,1,2,2,0,5,0,3,0,0,0,0,0,0,0,1,0,0,0,0,0,1,0,0,1,2,0,1,0,0,0,0,0,0,3,1,1,1,1,0,0,0,0,0,0,0,0,5,0,,,,,,,,,,,,,,,,,,,,,,,,,,,,,,,,,,,0,,,,,7.226
1697,Unscored (no condition data),RPath,2035,,3.0,,0.0,0.0,0.0,,Asphalt,,,3,108.405,,,,,61,3,,sidewalks,CON,1,2,2,1,0,0,0,0,0,0,0,0,1,2,0,1,2,0,0,0,0,0,0,0,5,5,0,0,0,0,0,1,2,2,1,2,2,0,0,0,0,0,0,0,1,2,0,0,1,0,1,2,2,0,0,0,3,1,0,0,0,0,0,0,1,0,0,0,0,0,1,0,0,1,0,0,1,2,0,0,0,0,0,3,1,0,0,1,0,0,0,0,0,0,0,0,5,0,,,,,,,,,,,,,,,,,,,,,,,,,,,,,,,,,,,1,,,,,108.405
1698,Unscored (no condition data),RPath,3946,,3.0,,0.0,0.0,0.0,,Asphalt,,,3,83.539,,,,,62,3,,sidewalks,CON,1,2,2,1,2,0,1,0,0,1,2,0,1,2,0,0,0,0,0,0,0,1,0,0,0,0,0,2,0,0,0,0,0,0,1,2,2,0,0,0,0,0,0,5,1,0,0,0,0,0,1,2,2,0,0,0,0,1,0,0,0,0,0,0,1,2,0,1,0,0,1,2,2,0,0,0,1,2,0,0,0,0,5,3,1,0,1,0,0,0,0,0,0,0,0,0,5,0,,,,,,,,,,,,,,,,,,,,,,,,,,,,,,,,,,,0,,,,,83.539
1699,Unscored (no condition data),RPath,3971,,3.0,,0.0,0.0,0.0,,Asphalt,,,3,45.335,,,,,57,3,,sidewalks,CON,1,2,2,1,2,0,1,2,0,1,0,0,1,0,0,0,0,0,0,0,0,0,0,0,0,5,0,2,0,0,0,0,0,0,0,0,0,0,0,0,0,0,0,0,0,0,0,0,1,1,1,2,2,5,5,0,3,1,0,0,0,0,0,0,0,0,0,0,0,0,0,0,0,1,0,0,0,0,0,0,0,0,5,3,1,1,0,0,0,0,0,0,0,0,0,0,5,0,,,,,,,,,,,,,,,,,,,,,,,,,,,,,,,,,,,0,,,,,45.335
1700,Unscored (no condition data),RPath,3996,,3.0,,0.0,0.0,0.0,,Asphalt,,,3,145.312,,,,,50,3,,sidewalks,CON,1,2,2,1,2,0,1,2,0,1,0,0,1,0,0,0,0,0,0,0,0,0,0,0,0,5,0,2,0,0,0,0,0,0,0,0,0,0,0,0,0,0,0,0,0,0,0,0,1,0,1,2,0,5,0,0,3,1,0,0,0,0,0,0,0,0,0,0,0,0,0,0,0,1,2,0,0,0,0,0,0,0,5,3,0,1,0,0,0,0,0,0,0,0,0,0,5,0,,,,,,,,,,,,,,,,,,,,,,,,,,,,,,,,,,,0,,,,,145.312
1701,Unscored (no condition data),RPath,4031,,3.0,,0.0,0.0,0.0,,Asphalt,,,3,57.855,,,,,58,3,,sidewalks,CON,1,2,2,1,0,0,1,0,0,0,0,0,1,0,0,0,0,0,0,0,0,0,0,0,0,0,0,2,0,0,0,0,0,0,1,2,2,0,0,0,0,0,0,0,0,0,0,0,1,1,1,2,0,5,5,0,0,1,0,0,0,0,0,0,1,0,0,0,0,0,1,2,2,1,2,0,1,2,0,0,0,0,5,3,1,0,1,0,0,0,0,0,0,0,0,0,5,0,,,,,,,,,,,,,,,,,,,,,,,,,,,,,,,,,,,0,,,,,57.855
1702,Unscored (no condition data),RPath,3951,,3.0,,0.0,0.0,0.0,,Asphalt,,,3,52.489,,,,,58,3,,sidewalks,CON,1,2,2,1,2,0,1,0,0,1,2,0,1,2,0,0,0,0,0,0,0,1,0,0,0,0,0,2,0,0,0,0,0,0,1,2,2,0,0,0,0,0,0,5,1,0,0,0,0,0,1,2,2,0,0,0,0,1,0,0,0,0,0,0,1,2,2,1,0,0,1,2,0,1,0,0,1,2,0,0,0,0,0,3,1,0,1,0,0,0,0,0,0,0,0,0,5,0,,,,,,,,,,,,,,,,,,,,,,,,,,,,,,,,,,,0,,,,,52.489
1703,Unscored (no condition data),RPath,5460,,3.0,,0.0,0.0,0.0,,Asphalt,,,3,34.858,,,,,52,3,,sidewalks,CON,1,2,2,1,2,0,0,0,0,0,0,0,1,2,0,0,0,0,0,0,0,0,0,0,0,5,0,2,0,0,0,0,0,0,0,0,0,0,0,0,0,0,0,0,0,0,0,0,0,0,1,2,2,5,5,0,3,1,0,0,0,0,0,0,0,0,0,0,0,0,0,0,0,1,2,0,1,0,0,0,0,0,0,0,1,1,1,0,0,0,0,0,0,0,0,0,5,3,,,,,,,,,,,,,,,,,,,,,,,,,,,,,,,,,,,0,,,,,34.858
1704,Unscored (no condition data),RPath,5462,,3.0,,0.0,0.0,0.0,,Asphalt,,,3,387.009,,,,,56,3,,sidewalks,CON,1,2,2,1,2,2,0,0,0,0,0,0,1,2,2,0,0,0,0,0,0,0,0,0,0,5,0,2,0,0,0,0,0,0,0,0,0,0,0,0,0,0,0,0,0,0,0,0,0,0,1,2,2,5,5,0,3,1,0,0,0,0,0,0,0,0,0,0,0,0,0,0,0,1,2,0,1,0,0,0,0,0,0,0,1,1,1,0,0,0,0,0,0,0,0,0,5,3,,,,,,,,,,,,,,,,,,,,,,,,,,,,,,,,,,,0,,,,,387.009
1705,Unscored (no condition data),RPath,5476,,3.0,,0.0,0.0,0.0,,Asphalt,,,3,272.748,,,,,54,3,,sidewalks,CON,1,2,2,1,2,2,0,0,0,0,0,0,1,2,0,0,0,0,0,0,0,0,0,0,0,5,0,2,0,0,0,0,0,0,0,0,0,0,0,0,0,0,0,0,0,0,0,0,0,0,1,2,2,5,5,0,3,1,0,0,0,0,0,0,0,0,0,0,0,0,0,0,0,1,2,0,1,0,0,0,0,0,0,0,1,1,1,0,0,0,0,0,0,0,0,0,5,3,,,,,,,,,,,,,,,,,,,,,,,,,,,,,,,,,,,0,,,,,272.748
1706,Unscored (no condition data),RPath,6288,,3.0,,0.0,0.0,0.0,,Asphalt,,,3,10.075,,,,,62,3,,sidewalks,HMAC,1,2,0,1,2,0,0,0,0,0,0,0,1,2,2,0,0,0,0,0,0,0,0,0,0,0,0,2,0,0,0,1,0,0,1,0,0,0,0,0,0,0,0,5,1,2,2,0,1,1,1,2,2,5,0,0,3,1,0,0,0,0,0,0,1,0,0,0,0,0,0,0,0,1,2,0,1,2,0,0,0,0,5,3,1,0,0,0,0,0,0,0,0,0,0,0,5,0,,,,,,,,,,,,,,,,,,,,,,,,,,,,,,,,,,,0,,,,,10.075
1707,Unscored (no condition data),RPath,6402,,3.0,,0.0,0.0,0.0,,Asphalt,,,3,3.961,,,,,65,4,,sidewalks,HMAC,1,2,2,1,2,0,1,2,0,0,0,0,1,2,0,1,2,0,0,0,0,0,0,0,0,0,0,2,0,0,0,1,2,0,1,2,2,0,0,0,0,0,0,5,1,2,0,0,0,0,1,2,2,0,5,0,0,1,0,0,0,0,0,0,1,0,0,0,0,0,0,0,0,1,2,0,1,0,0,0,0,0,5,3,1,0,0,0,0,0,0,0,0,0,0,0,5,0,,,,,,,,,,,,,,,,,,,,,,,,,,,,,,,,,,,0,,,,,3.961
1708,Unscored (no condition data),RPath,8436,,3.0,,0.0,0.0,0.0,,Asphalt,,,3,51.534,,,,,66,4,,sidewalks,PB,1,2,2,1,2,0,0,0,0,0,0,0,1,0,0,0,0,0,0,0,0,0,0,0,0,5,0,2,0,0,0,0,0,0,1,2,2,0,0,0,0,0,0,5,1,2,2,0,0,0,1,2,2,5,0,0,0,1,1,0,0,0,0,0,0,0,0,0,0,0,0,0,0,1,2,0,1,0,0,0,0,0,5,3,1,1,1,1,2,0,0,0,0,0,0,0,5,0,,,,,,,,,,,,,,,,,,,,,,,,,,,,,,,,,,,0,,,,,51.534
1709,Unscored (no condition data),RPath,8612,,3.0,,0.0,0.0,0.0,,Asphalt,,,3,128.558,,,,,57,3,,sidewalks,CON,1,2,2,1,2,0,0,0,0,0,0,0,1,2,2,0,0,0,0,0,0,0,0,0,0,5,0,2,0,0,0,0,0,0,1,2,2,0,0,0,0,0,0,0,0,0,0,0,1,0,1,2,2,5,5,0,3,1,0,0,0,0,0,0,0,0,0,0,0,0,0,0,0,1,0,0,1,0,0,0,0,0,0,3,1,1,0,0,0,0,0,0,0,0,0,0,5,0,,,,,,,,,,,,,,,,,,,,,,,,,,,,,,,,,,,0,,,,,128.558
1710,Unscored (no condition data),RPath,8620,,3.0,,0.0,0.0,0.0,,Asphalt,,,3,129.128,,,,,53,3,,sidewalks,CON,1,2,2,1,2,0,0,0,0,0,0,0,1,2,2,0,0,0,0,0,0,0,0,0,0,0,0,2,0,0,0,0,0,0,1,2,0,0,0,0,0,0,0,0,0,0,0,0,1,1,1,2,2,5,0,0,3,1,0,0,0,0,0,0,0,0,0,0,0,0,0,0,0,0,0,0,1,2,0,0,0,0,5,3,1,1,1,0,0,0,0,0,0,0,0,0,5,0,,,,,,,,,,,,,,,,,,,,,,,,,,,,,,,,,,,0,,,,,129.128
1711,Unscored (no condition data),RPath,8683,,3.0,,0.0,0.0,0.0,,Asphalt,,,3,76.994,,,,,52,3,,sidewalks,CON,1,2,2,1,2,0,0,0,0,0,0,0,1,2,0,0,0,0,0,0,0,0,0,0,0,0,0,2,0,0,0,0,0,0,1,2,2,0,0,0,0,0,0,0,0,0,0,0,0,0,1,2,2,0,0,4,0,1,0,0,0,0,0,0,0,0,0,0,0,0,0,0,0,1,2,2,1,2,2,0,0,0,5,3,1,0,0,0,0,0,0,0,0,0,0,0,5,0,,,,,,,,,,,,,,,,,,,,,,,,,,,,,,,,,,,0,,,,,76.994
1712,Unscored (no condition data),RPath,8694,,3.0,,0.0,0.0,0.0,,Asphalt,,,3,123.201,,,,,59,3,,sidewalks,CON,1,2,2,1,2,2,1,0,0,0,0,0,1,2,2,1,0,0,0,0,0,0,0,0,0,5,0,2,0,0,0,0,0,0,1,2,0,0,0,0,0,0,0,0,1,0,0,0,0,0,1,2,2,0,0,0,0,1,0,0,0,0,0,0,0,0,0,0,0,0,1,2,2,1,0,0,1,2,2,0,0,0,5,3,1,0,0,0,0,0,0,0,0,0,0,0,5,0,,,,,,,,,,,,,,,,,,,,,,,,,,,,,,,,,,,0,,,,,123.201
1713,Unscored (no condition data),RPath,8695,,3.0,,0.0,0.0,0.0,,Asphalt,,,3,392.897,,,,,55,3,,sidewalks,CON,1,2,2,1,2,2,0,0,0,0,0,0,1,2,2,0,0,0,0,0,0,0,0,0,0,5,0,2,0,0,0,0,0,0,1,2,2,0,0,0,0,0,0,0,0,0,0,0,0,0,1,2,2,0,0,0,0,1,0,0,0,0,0,0,0,0,0,0,0,0,1,2,0,1,2,2,1,2,2,0,0,0,0,3,1,0,0,0,0,0,0,0,0,0,0,0,5,0,,,,,,,,,,,,,,,,,,,,,,,,,,,,,,,,,,,0,,,,,392.897
1714,Unscored (no condition data),RPath,8719,,3.0,,0.0,0.0,0.0,,Asphalt,,,3,42.937,,,,,58,3,,sidewalks,CON,1,2,0,1,0,0,1,0,0,0,0,0,1,2,0,1,2,0,0,0,0,0,0,0,0,0,0,2,0,0,0,0,0,0,1,2,2,0,0,0,0,0,0,0,1,2,0,0,0,0,1,2,2,5,0,4,0,1,0,0,0,0,0,0,0,0,0,0,0,0,1,2,0,1,2,0,1,2,0,0,0,0,5,3,0,0,0,0,0,0,0,0,0,0,0,0,5,0,,,,,,,,,,,,,,,,,,,,,,,,,,,,,,,,,,,0,,,,,42.937
1715,Unscored (no condition data),RPath,8724,,3.0,,0.0,0.0,0.0,,Asphalt,,,3,60.127,,,,,49,3,,sidewalks,CON,1,2,0,1,2,0,1,0,0,0,0,0,1,2,0,1,0,0,0,0,0,0,0,0,0,0,0,2,0,0,0,0,0,0,1,2,2,0,0,0,0,0,0,0,1,0,0,0,0,0,1,2,2,0,0,0,0,1,0,0,0,0,0,0,0,0,0,0,0,0,1,2,2,1,2,0,1,2,0,0,0,0,5,3,0,0,0,0,0,0,0,0,0,0,0,0,5,0,,,,,,,,,,,,,,,,,,,,,,,,,,,,,,,,,,,0,,,,,60.127
1716,Unscored (no condition data),RPath,8727,,3.0,,0.0,0.0,0.0,,Asphalt,,,3,76.939,,,,,57,3,,sidewalks,CON,1,2,2,1,2,0,1,0,0,0,0,0,1,2,2,1,0,0,0,0,0,0,0,0,0,5,0,2,0,0,0,0,0,0,1,2,0,0,0,0,0,0,0,0,1,0,0,0,0,0,1,2,2,0,0,0,0,1,0,0,0,0,0,0,0,0,0,0,0,0,1,2,2,1,0,0,1,2,2,0,0,0,5,3,1,0,0,0,0,0,0,0,0,0,0,0,5,0,,,,,,,,,,,,,,,,,,,,,,,,,,,,,,,,,,,0,,,,,76.939
1717,Unscored (no condition data),RPath,8755,,3.0,,0.0,0.0,0.0,,Asphalt,,,3,165.14,,,,,61,3,,sidewalks,CON,1,2,2,0,0,0,0,0,0,0,0,0,1,2,2,0,0,0,0,0,0,0,0,0,0,5,0,2,0,0,0,0,0,0,0,0,0,0,0,0,0,0,0,0,0,0,0,0,1,1,1,2,2,5,0,4,3,1,0,0,0,0,0,0,0,0,0,0,0,0,0,0,0,0,0,0,1,2,2,0,0,0,5,3,1,1,1,0,0,0,0,0,0,0,0,0,5,3,,,,,,,,,,,,,,,,,,,,,,,,,,,,,,,,,,,0,,,,,165.14
1718,Unscored (no condition data),RPath,8796,,3.0,,0.0,0.0,0.0,,Asphalt,,,3,41.67,,,,,55,3,,sidewalks,CON,1,2,2,0,0,0,0,0,0,0,0,0,1,2,2,0,0,0,0,0,0,0,0,0,0,5,0,2,0,0,0,0,0,0,0,0,0,0,0,0,0,0,0,0,0,0,0,0,1,1,1,2,2,5,0,4,0,1,0,0,0,0,0,0,0,0,0,0,0,0,0,0,0,1,2,2,1,0,0,0,0,0,0,3,1,1,0,1,2,2,0,0,0,0,0,0,5,0,,,,,,,,,,,,,,,,,,,,,,,,,,,,,,,,,,,0,,,,,41.67
1719,Unscored (no condition data),RPath,8801,,3.0,,0.0,0.0,0.0,,Asphalt,,,3,75.68,,,,,66,4,,sidewalks,HMAC,1,2,0,1,2,0,1,2,0,0,0,0,1,2,2,1,2,2,0,0,0,0,0,0,0,0,0,2,0,0,0,0,0,0,1,2,2,0,0,0,0,0,0,0,1,2,2,0,1,1,1,2,2,5,5,0,0,1,0,0,0,0,0,0,1,0,0,0,0,0,0,0,0,1,2,2,1,0,0,0,0,0,5,0,0,0,0,0,0,0,0,0,0,0,0,0,5,0,,,,,,,,,,,,,,,,,,,,,,,,,,,,,,,,,,,0,,,,,75.68
1720,Unscored (no condition data),RPath,8804,,3.0,,0.0,0.0,0.0,,Asphalt,,,3,77.714,,,,,63,3,,sidewalks,HMAC,1,2,0,1,2,0,1,0,0,0,0,0,1,2,2,1,2,2,0,0,0,0,0,0,0,0,0,2,0,0,0,0,0,0,1,2,2,0,0,0,0,0,0,0,1,2,2,0,1,1,1,2,2,5,5,0,0,1,0,0,0,0,0,0,0,0,0,0,0,0,0,0,0,1,2,0,1,2,0,0,0,0,5,0,0,0,0,0,0,0,0,0,0,0,0,0,5,0,,,,,,,,,,,,,,,,,,,,,,,,,,,,,,,,,,,0,,,,,77.714
1721,Unscored (no condition data),RPath,8808,,3.0,,0.0,0.0,0.0,,Asphalt,,,3,72.912,,,,,61,3,,sidewalks,HMAC,1,2,0,1,2,0,1,0,0,0,0,0,1,2,2,1,2,2,0,0,0,0,0,0,0,0,0,2,0,0,0,0,0,0,1,2,2,0,0,0,0,0,0,0,1,2,0,0,1,1,1,2,2,5,5,0,0,1,0,0,0,0,0,0,0,0,0,0,0,0,0,0,0,1,2,0,1,2,0,0,0,0,5,0,0,0,0,0,0,0,0,0,0,0,0,0,5,0,,,,,,,,,,,,,,,,,,,,,,,,,,,,,,,,,,,0,,,,,72.912
1722,Unscored (no condition data),RPath,8838,,3.0,,0.0,0.0,0.0,,Asphalt,,,3,128.263,,,,,62,3,,sidewalks,HMAC,1,2,2,1,2,0,1,2,0,0,0,0,1,0,0,1,0,0,0,0,0,0,0,0,0,5,0,2,0,0,0,0,0,0,1,2,2,0,0,0,0,0,0,0,0,0,0,0,1,1,1,2,2,5,5,0,0,1,0,0,0,0,0,0,1,2,0,0,0,0,0,0,0,1,2,2,1,2,0,0,0,0,0,3,0,0,0,0,0,0,0,0,0,0,0,0,5,0,,,,,,,,,,,,,,,,,,,,,,,,,,,,,,,,,,,0,,,,,128.263
1723,Unscored (no condition data),RPath,8858,,3.0,,0.0,0.0,0.0,,Asphalt,,,3,79.188,,,,,66,4,,sidewalks,HMAC,1,2,2,1,0,0,1,0,0,0,0,0,1,0,0,0,0,0,0,0,0,0,0,0,0,0,0,2,0,0,0,0,0,0,1,2,2,0,0,0,0,0,0,0,1,2,2,0,0,0,1,2,2,5,5,0,3,1,0,0,0,0,0,0,1,0,0,0,0,0,0,0,0,1,2,0,1,0,0,1,2,2,5,3,1,1,1,0,0,0,1,0,0,0,0,0,5,0,,,,,,,,,,,,,,,,,,,,,,,,,,,,,,,,,,,0,,,,,79.188
1724,Unscored (no condition data),RPath,8868,,3.0,,0.0,0.0,0.0,,Asphalt,,,3,130.071,,,,,61,3,,sidewalks,HMAC,1,2,2,1,2,0,1,2,0,0,0,0,1,0,0,0,0,0,0,0,0,0,0,0,0,0,0,2,0,0,0,0,0,0,1,2,2,0,0,0,0,0,0,0,0,0,0,0,1,1,1,2,2,5,5,0,0,1,0,0,0,0,0,0,1,2,2,0,0,0,1,0,0,1,2,2,1,2,2,0,0,0,0,3,0,0,0,0,0,0,0,0,0,0,0,0,5,0,,,,,,,,,,,,,,,,,,,,,,,,,,,,,,,,,,,0,,,,,130.071
1725,Unscored (no condition data),RPath,8896,,3.0,,0.0,0.0,0.0,,Asphalt,,,3,71.555,,,,,66,4,,sidewalks,HMAC,1,2,0,1,2,0,1,2,0,0,0,0,1,2,2,1,2,2,0,0,0,0,0,0,0,0,0,2,0,0,0,0,0,0,1,2,2,0,0,0,0,0,0,0,1,2,2,0,1,1,1,2,2,5,5,0,0,1,0,0,0,0,0,0,1,0,0,0,0,0,0,0,0,1,2,2,1,0,0,0,0,0,5,0,0,0,0,0,0,0,0,0,0,0,0,0,5,0,,,,,,,,,,,,,,,,,,,,,,,,,,,,,,,,,,,0,,,,,71.555
1726,Unscored (no condition data),RPath,8902,,3.0,,0.0,0.0,0.0,,Asphalt,,,3,74.152,,,,,62,3,,sidewalks,HMAC,1,2,2,1,2,0,1,2,0,0,0,0,1,0,0,0,0,0,0,0,0,0,0,0,0,0,0,2,0,0,0,0,0,0,1,2,2,0,0,0,0,0,0,0,1,2,0,0,1,0,1,2,2,5,5,0,0,1,0,0,0,0,0,0,1,2,2,0,0,0,0,0,0,1,2,0,1,0,0,1,0,0,5,3,0,0,0,0,0,0,0,0,0,0,0,0,5,0,,,,,,,,,,,,,,,,,,,,,,,,,,,,,,,,,,,0,,,,,74.152
1727,Unscored (no condition data),RPath,8908,,3.0,,0.0,0.0,0.0,,Asphalt,,,3,73.647,,,,,59,3,,sidewalks,HMAC,1,2,0,1,2,0,1,2,0,0,0,0,1,0,0,0,0,0,0,0,0,0,0,0,0,0,0,2,0,0,0,0,0,0,1,2,2,0,0,0,0,0,0,0,1,2,0,0,0,0,1,2,2,5,5,0,0,1,0,0,0,0,0,0,1,2,0,0,0,0,0,0,0,1,2,0,1,0,0,1,2,0,5,3,0,0,0,0,0,0,0,0,0,0,0,0,5,0,,,,,,,,,,,,,,,,,,,,,,,,,,,,,,,,,,,0,,,,,73.647
1728,Unscored (no condition data),RPath,8915,,3.0,,0.0,0.0,0.0,,Asphalt,,,3,74.014,,,,,55,3,,sidewalks,HMAC,1,2,0,1,0,0,1,0,0,0,0,0,1,0,0,0,0,0,0,0,0,0,0,0,0,0,0,2,0,0,0,0,0,0,1,2,2,0,0,0,0,0,0,0,1,2,0,0,0,0,1,2,2,5,5,0,0,1,0,0,0,0,0,0,1,2,0,0,0,0,0,0,0,1,2,0,1,0,0,1,2,0,5,3,0,0,0,0,0,0,0,0,0,0,0,0,5,0,,,,,,,,,,,,,,,,,,,,,,,,,,,,,,,,,,,0,,,,,74.014
1729,Unscored (no condition data),RPath,8931,,3.0,,0.0,0.0,0.0,,Asphalt,,,3,257.342,,,,,57,3,,sidewalks,HMAC,1,2,2,1,2,2,0,0,0,0,0,0,0,0,0,0,0,0,0,0,0,0,0,0,0,0,0,0,0,0,0,0,0,0,1,2,2,0,0,0,0,0,0,0,1,2,2,0,0,0,1,2,2,5,5,0,3,0,0,0,0,0,0,0,0,0,0,0,0,0,0,0,0,0,0,0,1,0,0,1,0,0,0,0,1,1,1,1,2,0,1,2,0,1,2,0,5,0,,,,,,,,,,,,,,,,,,,,,,,,,,,,,,,,,,,0,,,,,257.342
1730,Unscored (no condition data),RPath,8949,,3.0,,0.0,0.0,0.0,,Asphalt,,,3,94.224,,,,,57,3,,sidewalks,CON,1,2,0,1,2,0,1,2,0,0,0,0,1,2,2,1,2,0,0,0,0,0,0,0,0,5,0,2,0,0,0,0,0,0,1,2,0,0,0,0,0,0,0,0,1,0,0,0,0,0,1,2,2,0,0,0,3,1,0,0,0,0,0,0,0,0,0,0,0,0,0,0,0,1,2,2,1,2,2,0,0,0,0,3,1,0,1,0,0,0,0,0,0,0,0,0,5,0,,,,,,,,,,,,,,,,,,,,,,,,,,,,,,,,,,,0,,,,,94.224
1731,Unscored (no condition data),RPath,8979,,3.0,,0.0,0.0,0.0,,Asphalt,,,3,97.415,,,,,49,3,,sidewalks,HMAC,1,2,0,1,0,0,0,0,0,0,0,0,1,2,2,1,0,0,0,0,0,1,0,0,0,5,0,2,0,0,0,0,0,0,1,0,0,0,0,0,0,0,0,0,1,0,0,0,0,0,1,2,2,0,0,0,3,1,0,0,0,0,0,0,0,0,0,0,0,0,0,0,0,1,2,2,1,2,2,0,0,0,0,3,1,0,1,0,0,0,0,0,0,0,0,0,5,0,,,,,,,,,,,,,,,,,,,,,,,,,,,,,,,,,,,0,,,,,97.415
1732,Unscored (no condition data),RPath,8998,,3.0,,0.0,0.0,0.0,,Asphalt,,,3,16.746,,,,,63,3,,sidewalks,CON,1,2,0,1,0,0,1,0,0,0,0,0,1,2,2,0,0,0,0,0,0,1,0,0,0,5,0,2,0,0,0,0,0,0,1,2,2,0,0,0,0,0,0,0,1,2,0,0,1,0,1,2,2,5,0,0,3,1,0,0,0,0,0,0,0,0,0,0,0,0,0,0,0,1,0,0,1,2,2,0,0,0,5,3,1,1,1,0,0,0,0,0,0,0,0,0,5,0,,,,,,,,,,,,,,,,,,,,,,,,,,,,,,,,,,,0,,,,,16.746
1733,Unscored (no condition data),RPath,9027,,3.0,,0.0,0.0,0.0,,Asphalt,,,3,141.248,,,,,61,3,,sidewalks,CON,1,2,2,0,0,0,0,0,0,0,0,0,1,2,2,0,0,0,0,0,0,0,0,0,0,5,0,0,0,0,0,1,0,0,1,2,2,1,0,0,1,2,2,0,1,2,2,0,1,0,1,2,2,5,5,0,0,1,0,0,0,0,0,0,0,0,0,0,0,0,0,0,0,1,0,0,1,2,0,0,0,0,0,0,1,1,1,0,0,0,0,0,0,0,0,0,5,0,,,,,,,,,,,,,,,,,,,,,,,,,,,,,,,,,,,0,,,,,141.248
1734,Unscored (no condition data),RPath,9028,,3.0,,0.0,0.0,0.0,,Asphalt,,,3,69.929,,,,,58,3,,sidewalks,CON,1,2,2,0,0,0,0,0,0,0,0,0,1,2,2,0,0,0,0,0,0,0,0,0,0,5,0,0,0,0,0,0,0,0,1,2,2,1,0,0,1,2,0,0,1,2,0,0,1,0,1,2,2,5,5,0,0,1,0,0,0,0,0,0,0,0,0,0,0,0,0,0,0,1,2,0,1,2,0,0,0,0,0,0,1,1,1,0,0,0,0,0,0,0,0,0,5,0,,,,,,,,,,,,,,,,,,,,,,,,,,,,,,,,,,,0,,,,,69.929
1735,Unscored (no condition data),RPath,9061,,3.0,,0.0,0.0,0.0,,Asphalt,,,3,103.506,,,,,62,3,,sidewalks,HMAC,1,2,2,0,0,0,0,0,0,0,0,0,1,2,2,0,0,0,0,0,0,1,0,0,0,5,0,0,0,0,0,0,0,0,1,2,2,0,0,0,1,0,0,0,1,2,2,0,1,1,1,2,2,5,5,4,0,0,0,0,0,0,0,0,0,0,0,0,0,0,0,0,0,1,2,0,1,2,0,0,0,0,0,0,1,1,1,0,0,0,0,0,0,0,0,0,5,0,,,,,,,,,,,,,,,,,,,,,,,,,,,,,,,,,,,0,,,,,103.506
1736,Unscored (no condition data),RPath,9335,,3.0,,0.0,0.0,0.0,,Asphalt,,,3,252.672,,,,,62,3,,sidewalks,HMAC,1,2,2,1,2,2,0,0,0,0,0,0,0,0,0,0,0,0,0,0,0,0,0,0,5,0,0,0,0,0,0,0,0,0,1,2,2,0,0,0,0,0,0,0,1,2,2,0,0,0,1,2,2,5,5,0,3,0,0,0,0,0,0,0,0,0,0,0,0,0,0,0,0,0,0,0,1,0,0,1,0,0,0,0,1,1,1,1,2,0,1,0,0,1,2,2,5,0,,,,,,,,,,,,,,,,,,,,,,,,,,,,,,,,,,,0,,,,,252.672
1737,Unscored (no condition data),RPath,9343,,3.0,,0.0,0.0,0.0,,Asphalt,,,3,281.678,,,,,58,3,,sidewalks,HMAC,1,2,2,1,0,0,0,0,0,0,0,0,1,0,0,0,0,0,0,0,0,0,0,0,0,0,0,0,0,0,0,0,0,0,1,2,2,0,0,0,0,0,0,0,1,2,2,0,0,0,1,2,2,5,5,0,3,0,0,0,0,0,0,0,0,0,0,0,0,0,0,0,0,1,2,0,1,0,0,1,2,2,0,3,1,1,1,1,0,0,1,0,0,1,0,0,5,0,,,,,,,,,,,,,,,,,,,,,,,,,,,,,,,,,,,0,,,,,281.678
1738,Unscored (no condition data),RPath,9353,,3.0,,0.0,0.0,0.0,,Asphalt,,,3,15.794,,,,,56,3,,sidewalks,CON,1,0,0,1,0,0,0,0,0,1,0,0,1,2,2,1,2,2,0,0,0,0,0,0,0,5,0,0,0,0,0,0,0,0,1,2,2,0,0,0,0,0,0,0,0,0,0,0,1,0,1,2,2,5,5,0,0,0,0,0,0,0,0,0,0,0,0,0,0,0,0,0,0,1,0,0,1,2,0,0,0,0,0,0,1,1,1,0,0,0,0,0,0,1,2,2,5,0,,,,,,,,,,,,,,,,,,,,,,,,,,,,,,,,,,,0,,,,,15.794
1739,Unscored (no condition data),RPath,9354,,3.0,,0.0,0.0,0.0,,Asphalt,,,3,29.346,,,,,59,3,,sidewalks,CON,1,0,0,0,0,0,0,0,0,1,0,0,1,2,2,1,2,2,0,0,0,0,0,0,0,5,0,0,0,0,0,0,0,0,1,2,2,0,0,0,0,0,0,0,0,0,0,0,1,0,1,2,2,5,5,4,0,0,0,0,0,0,0,0,0,0,0,0,0,0,0,0,0,1,0,0,1,2,0,0,0,0,0,0,1,1,1,0,0,0,0,0,0,1,2,2,5,0,,,,,,,,,,,,,,,,,,,,,,,,,,,,,,,,,,,0,,,,,29.346
1740,Unscored (no condition data),RPath,9631,,3.0,,0.0,0.0,0.0,,Asphalt,,,3,96.684,,,,,59,3,,sidewalks,HMAC,1,2,2,1,0,0,0,0,0,0,0,0,1,2,2,1,2,2,0,0,0,0,0,0,0,5,0,0,1,0,0,0,0,0,1,2,0,0,0,0,0,0,0,5,1,0,0,0,0,0,1,2,0,0,0,0,0,1,0,0,0,0,0,0,1,2,0,0,0,0,0,0,0,1,2,0,1,2,0,0,0,0,0,3,1,1,1,1,2,0,0,0,0,1,0,0,5,0,,,,,,,,,,,,,,,,,,,,,,,,,,,,,,,,,,,0,,,,,96.684
1741,Unscored (no condition data),RPath,9632,,3.0,,0.0,0.0,0.0,,Asphalt,,,3,98.056,,,,,54,3,,sidewalks,HMAC,1,2,2,1,0,0,0,0,0,0,0,0,1,2,0,1,2,0,0,0,0,0,0,0,0,5,0,2,1,0,0,0,0,0,1,2,0,0,0,0,0,0,0,5,1,0,0,0,0,0,1,2,0,0,0,0,0,1,0,0,0,0,0,0,1,0,0,0,0,0,0,0,0,1,2,0,1,0,0,0,0,0,0,3,1,1,1,1,2,2,0,0,0,0,0,0,5,0,,,,,,,,,,,,,,,,,,,,,,,,,,,,,,,,,,,0,,,,,98.056
1742,Unscored (no condition data),RPath,9596,,3.0,,0.0,0.0,0.0,,Asphalt,,,3,55.548,,,,,63,3,,sidewalks,CON,1,2,2,1,2,2,1,0,0,0,0,0,1,2,0,0,0,0,0,0,0,0,0,0,5,0,0,0,0,0,0,0,0,0,1,2,2,0,0,0,0,0,0,0,1,2,2,0,1,1,1,2,2,5,5,0,0,1,0,0,0,0,0,0,0,0,0,0,0,0,0,0,0,0,0,0,1,0,0,0,0,0,0,3,1,1,1,0,0,0,1,0,0,1,2,0,5,0,,,,,,,,,,,,,,,,,,,,,,,,,,,,,,,,,,,0,,,,,55.548
1743,Unscored (no condition data),RPath,9597,,3.0,,0.0,0.0,0.0,,Asphalt,,,3,33.334,,,,,62,3,,sidewalks,CON,1,2,2,1,2,2,1,0,0,0,0,0,1,2,0,0,0,0,0,0,0,0,0,0,5,0,0,0,0,0,0,0,0,0,1,2,2,0,0,0,0,0,0,0,1,2,2,0,1,1,1,2,2,5,5,0,0,1,0,0,0,0,0,0,0,0,0,0,0,0,0,0,0,0,0,0,0,0,0,0,0,0,0,3,1,1,1,0,0,0,1,0,0,1,2,0,5,0,,,,,,,,,,,,,,,,,,,,,,,,,,,,,,,,,,,0,,,,,33.334
1744,Unscored (no condition data),RPath,9601,,3.0,,0.0,0.0,0.0,,Asphalt,,,3,42.253,,,,,62,3,,sidewalks,CON,1,2,2,1,2,2,1,0,0,0,0,0,1,2,0,0,0,0,0,0,0,0,0,0,5,0,0,0,0,0,0,0,0,0,1,2,2,0,0,0,0,0,0,0,1,2,2,0,1,1,1,2,2,5,5,0,0,1,0,0,0,0,0,0,0,0,0,0,0,0,0,0,0,0,0,0,0,0,0,0,0,0,0,3,1,1,1,0,0,0,1,0,0,1,2,0,5,0,,,,,,,,,,,,,,,,,,,,,,,,,,,,,,,,,,,0,,,,,42.253
1745,Unscored (no condition data),RPath,9618,,3.0,,0.0,0.0,0.0,,Asphalt,,,3,46.727,,,,,64,4,,sidewalks,CON,1,2,2,1,2,2,1,0,0,0,0,0,1,2,0,0,0,0,0,0,0,0,0,0,0,0,0,2,0,0,0,0,0,0,1,2,2,0,0,0,0,0,0,0,1,2,2,0,1,1,1,2,2,5,5,0,0,1,0,0,0,0,0,0,0,0,0,0,0,0,0,0,0,1,0,0,0,0,0,0,0,0,5,3,1,1,1,0,0,0,0,0,0,1,2,0,5,0,,,,,,,,,,,,,,,,,,,,,,,,,,,,,,,,,,,0,,,,,46.727
1746,Unscored (no condition data),RPath,9619,,3.0,,0.0,0.0,0.0,,Asphalt,,,3,46.442,,,,,64,4,,sidewalks,CON,1,2,2,1,2,2,1,0,0,0,0,0,1,2,0,0,0,0,0,0,0,0,0,0,0,0,0,2,0,0,0,0,0,0,1,2,2,0,0,0,0,0,0,0,1,2,2,0,1,1,1,2,2,5,5,0,0,1,0,0,0,0,0,0,0,0,0,0,0,0,0,0,0,1,0,0,0,0,0,0,0,0,5,3,1,1,1,0,0,0,0,0,0,1,2,0,5,0,,,,,,,,,,,,,,,,,,,,,,,,,,,,,,,,,,,0,,,,,46.442
1747,Unscored (no condition data),RPath,9620,,3.0,,0.0,0.0,0.0,,Asphalt,,,3,46.708,,,,,58,3,,sidewalks,CON,1,2,2,1,2,2,1,0,0,0,0,0,1,2,0,0,0,0,0,0,0,0,0,0,0,0,0,2,0,0,0,0,0,0,1,2,2,0,0,0,0,0,0,0,1,2,2,0,1,1,1,2,2,5,5,0,0,0,0,0,0,0,0,0,0,0,0,0,0,0,0,0,0,1,0,0,0,0,0,0,0,0,0,3,1,1,1,0,0,0,0,0,0,1,2,0,5,0,,,,,,,,,,,,,,,,,,,,,,,,,,,,,,,,,,,0,,,,,46.708
1748,Unscored (no condition data),RPath,9712,,3.0,,0.0,0.0,0.0,,Asphalt,,,3,146.195,,,,,54,3,,sidewalks,CON,1,2,2,1,2,0,1,2,0,0,0,0,0,0,0,0,0,0,0,0,0,0,0,0,0,5,0,2,0,0,0,0,0,0,0,0,0,0,0,0,0,0,0,0,0,0,0,0,1,1,1,2,2,5,0,4,3,1,0,0,0,0,0,0,0,0,0,0,0,0,0,0,0,1,2,2,0,0,0,0,0,0,0,3,1,1,1,0,0,0,0,0,0,0,0,0,5,0,,,,,,,,,,,,,,,,,,,,,,,,,,,,,,,,,,,0,,,,,146.195
1749,Unscored (no condition data),RPath,9728,,3.0,,0.0,0.0,0.0,,Asphalt,,,3,199.017,,,,,49,3,,sidewalks,CON,1,2,2,1,0,0,1,0,0,0,0,0,1,2,0,0,0,0,0,0,0,0,0,0,5,0,0,2,0,0,0,0,0,0,1,0,0,0,0,0,0,0,0,0,0,0,0,0,1,1,1,2,2,5,0,4,0,1,0,0,0,0,0,0,0,0,0,0,0,0,0,0,0,1,2,0,0,0,0,0,0,0,0,3,1,1,0,0,0,0,0,0,0,1,0,0,5,0,,,,,,,,,,,,,,,,,,,,,,,,,,,,,,,,,,,0,,,,,199.017
1750,Unscored (no condition data),RPath,9746,,3.0,,0.0,0.0,0.0,,Asphalt,,,3,32.693,,,,,65,4,,sidewalks,CON,1,2,0,1,0,0,0,0,0,0,0,0,1,2,0,0,0,0,0,0,0,0,0,0,0,0,0,2,0,0,0,0,0,0,1,2,2,0,0,0,0,0,0,5,1,0,0,0,0,0,1,2,0,5,0,4,0,1,0,0,0,0,0,0,1,2,0,1,2,0,1,2,2,1,0,0,1,2,2,0,0,0,5,3,0,0,1,1,0,0,0,0,0,0,0,0,5,0,,,,,,,,,,,,,,,,,,,,,,,,,,,,,,,,,,,0,,,,,32.693
1751,Unscored (no condition data),RPath,9767,,3.0,,0.0,0.0,0.0,,Asphalt,,,3,73.088,,,,,65,4,,sidewalks,HMAC,1,2,2,1,2,0,1,0,0,0,0,0,1,2,0,1,2,0,0,0,0,0,0,0,0,0,0,2,0,0,0,0,0,0,1,2,2,0,0,0,0,0,0,0,0,0,0,0,1,1,1,2,2,5,5,0,3,1,0,0,0,0,0,0,1,0,0,0,0,0,0,0,0,1,2,0,1,2,2,0,0,0,5,3,0,0,0,0,0,0,0,0,0,0,0,0,5,0,,,,,,,,,,,,,,,,,,,,,,,,,,,,,,,,,,,0,,,,,73.088
1752,Unscored (no condition data),RPath,9774,,3.0,,0.0,0.0,0.0,,Asphalt,,,3,104.811,,,,,60,3,,sidewalks,HMAC,1,2,2,1,2,0,1,2,0,0,0,0,1,0,0,1,0,0,0,0,0,0,0,0,0,0,0,2,0,0,0,0,0,0,1,2,2,0,0,0,0,0,0,0,0,0,0,0,1,1,1,2,2,5,5,0,0,1,0,0,0,0,0,0,1,2,0,0,0,0,0,0,0,1,2,0,1,2,0,0,0,0,5,3,0,0,0,0,0,0,0,0,0,0,0,0,5,0,,,,,,,,,,,,,,,,,,,,,,,,,,,,,,,,,,,0,,,,,104.811
1753,Unscored (no condition data),RPath,9782,,3.0,,0.0,0.0,0.0,,Asphalt,,,3,78.45,,,,,62,3,,sidewalks,HMAC,1,2,2,1,2,0,1,2,0,0,0,0,1,0,0,0,0,0,0,0,0,0,0,0,0,0,0,2,0,0,0,0,0,0,1,2,2,0,0,0,0,0,0,0,0,0,0,0,1,1,1,2,2,5,5,0,0,1,0,0,0,0,0,0,1,2,0,0,0,0,1,0,0,1,2,2,1,2,0,0,0,0,5,3,0,0,0,0,0,0,0,0,0,0,0,0,5,0,,,,,,,,,,,,,,,,,,,,,,,,,,,,,,,,,,,0,,,,,78.45
1754,Unscored (no condition data),RPath,9801,,3.0,,0.0,0.0,0.0,,Asphalt,,,3,63.791,,,,,65,4,,sidewalks,HMAC,1,2,2,1,2,0,1,2,0,0,0,0,0,0,0,0,0,0,0,0,0,0,0,0,0,0,0,2,0,0,0,0,0,0,1,2,2,0,0,0,0,0,0,0,0,0,0,0,1,1,1,2,2,5,5,0,0,1,0,0,0,0,0,0,1,2,2,0,0,0,1,0,0,1,2,2,1,2,2,0,0,0,5,3,0,0,0,0,0,0,0,0,0,0,0,0,5,0,,,,,,,,,,,,,,,,,,,,,,,,,,,,,,,,,,,0,,,,,63.791
1755,Unscored (no condition data),RPath,11060,,3.0,,0.0,0.0,0.0,,Asphalt,,,3,138.963,,,,,53,3,,sidewalks,CON,1,2,2,1,2,0,0,0,0,0,0,0,0,0,0,1,0,0,0,0,0,0,0,0,5,0,0,2,0,0,0,0,0,0,1,2,2,0,0,0,0,0,0,0,1,2,0,0,1,0,1,2,2,5,5,0,0,0,0,0,0,0,0,0,1,2,2,0,0,0,0,0,0,0,0,0,0,0,0,0,0,0,0,0,1,1,1,0,0,0,0,0,0,0,0,0,5,0,,,,,,,,,,,,,,,,,,,,,,,,,,,,,,,,,,,0,,,,,138.963
1756,Unscored (no condition data),RPath,11068,,3.0,,0.0,0.0,0.0,,Asphalt,,,3,58.675,,,,,49,3,,sidewalks,CON,1,2,2,1,2,0,0,0,0,0,0,0,0,0,0,1,0,0,0,0,0,0,0,0,5,0,0,0,0,0,0,0,0,0,1,2,2,0,0,0,0,0,0,0,1,0,0,0,0,0,1,2,2,5,5,0,3,0,0,0,0,0,0,0,1,2,0,0,0,0,0,0,0,0,0,0,0,0,0,0,0,0,0,0,1,1,1,0,0,0,0,0,0,0,0,0,5,0,,,,,,,,,,,,,,,,,,,,,,,,,,,,,,,,,,,0,,,,,58.675
1757,Unscored (no condition data),RPath,11070,,3.0,,0.0,0.0,0.0,,Asphalt,,,3,135.655,,,,,52,3,,sidewalks,CON,1,2,2,1,2,0,0,0,0,0,0,0,0,0,0,1,0,0,0,0,0,0,0,0,5,0,0,0,0,0,0,0,0,0,1,2,2,0,0,0,0,0,0,0,1,2,0,0,1,0,1,2,2,5,5,0,3,0,0,0,0,0,0,0,1,2,0,0,0,0,0,0,0,0,0,0,0,0,0,0,0,0,0,0,1,1,1,0,0,0,0,0,0,0,0,0,5,0,,,,,,,,,,,,,,,,,,,,,,,,,,,,,,,,,,,0,,,,,135.655
1758,Unscored (no condition data),RPath,14098,,3.0,,0.0,0.0,0.0,,Asphalt,,,3,79.544,,,,,62,3,,sidewalks,CON,1,2,2,1,0,0,1,0,0,0,0,0,1,0,0,0,0,0,0,0,0,0,0,0,0,0,0,2,0,0,0,0,0,0,1,2,2,0,0,0,0,0,0,0,0,0,0,0,1,1,1,2,2,5,5,0,0,1,0,0,0,0,0,0,1,2,0,0,0,0,1,2,0,1,2,0,1,2,2,0,0,0,5,3,1,0,1,0,0,0,0,0,0,0,0,0,5,0,,,,,,,,,,,,,,,,,,,,,,,,,,,,,,,,,,,0,,,,,79.544
1759,Unscored (no condition data),RPath,1879,,3.0,,0.0,0.0,0.0,,Asphalt,,,3,72.061,,,,,51,3,,walkways,SS,1,2,0,1,0,0,1,0,0,1,2,0,1,2,0,1,2,0,0,0,0,0,0,0,0,5,0,2,0,0,0,0,0,0,1,2,0,0,0,0,0,0,0,0,0,0,0,0,0,0,1,0,0,5,5,0,0,1,0,0,0,0,0,0,0,0,0,0,0,0,0,0,0,0,0,0,1,2,0,0,0,0,0,3,1,1,1,0,0,0,0,0,0,1,0,0,5,0,,,,,,,,,,,,,,,,,,,,,,,,,,,,,,,,,,,1,,,,,72.061
1760,Unscored (no condition data),PTrail,726,,3.0,,0.0,0.0,0.0,,Asphalt,,,3,68.613,,,,,64,4,,trails,Asphalt,1,2,2,1,2,0,1,2,0,0,0,0,1,2,2,1,2,0,0,0,0,1,2,2,0,5,0,0,0,0,0,0,0,0,1,2,2,0,0,0,0,0,0,0,1,2,0,0,1,0,1,2,0,0,0,0,0,0,0,0,0,0,0,0,0,0,0,0,0,0,1,0,0,1,2,2,1,0,0,0,0,0,0,0,1,0,0,1,2,2,0,0,0,1,2,2,5,0,,,,,,,,,,,,,,,,,,,,,,,,,,,,,,,,,,,0,,,,,68.613
1761,Unscored (no condition data),PTrail,728,,3.0,,0.0,0.0,0.0,,Asphalt,,,3,10.564,,,,,58,3,,trails,Asphalt,1,2,2,1,2,0,1,2,0,0,0,0,1,2,2,1,2,0,0,0,0,1,2,2,0,5,0,0,0,0,0,0,0,0,1,2,2,0,0,0,0,0,0,0,1,2,0,0,1,0,1,2,0,0,0,0,0,0,0,0,0,0,0,0,0,0,0,0,0,0,1,0,0,1,2,0,1,0,0,0,0,0,0,0,1,0,0,1,2,0,0,0,0,1,2,0,5,0,,,,,,,,,,,,,,,,,,,,,,,,,,,,,,,,,,,0,,,,,10.564
1762,Unscored (no condition data),PTrail,729,,3.0,,0.0,0.0,0.0,,Asphalt,,,3,47.873,,,,,60,3,,trails,Asphalt,1,2,2,1,2,0,1,2,0,0,0,0,1,2,2,1,2,0,0,0,0,1,2,2,0,5,0,0,0,0,0,0,0,0,1,2,2,0,0,0,0,0,0,0,1,2,0,0,1,0,1,2,0,0,0,0,0,0,0,0,0,0,0,0,0,0,0,0,0,0,1,2,0,1,2,0,1,0,0,0,0,0,0,0,1,0,0,1,2,0,0,0,0,1,2,0,5,0,,,,,,,,,,,,,,,,,,,,,,,,,,,,,,,,,,,0,,,,,47.873
1763,Unscored (no condition data),PTrail,730,,3.0,,0.0,0.0,0.0,,Asphalt,,,3,79.697,,,,,60,3,,trails,Asphalt,1,2,2,1,2,0,1,2,0,0,0,0,1,2,2,1,2,0,0,0,0,1,2,2,0,5,0,0,0,0,0,0,0,0,1,2,2,0,0,0,0,0,0,0,1,2,0,0,1,0,1,2,0,0,0,0,0,0,0,0,0,0,0,0,0,0,0,0,0,0,1,2,0,1,2,0,1,0,0,0,0,0,0,0,1,0,0,1,2,0,0,0,0,1,2,0,5,0,,,,,,,,,,,,,,,,,,,,,,,,,,,,,,,,,,,0,,,,,79.697
1764,Unscored (no condition data),PTrail,731,,3.0,,0.0,0.0,0.0,,Asphalt,,,3,57.971,,,,,63,3,,trails,Asphalt,1,2,2,1,2,2,1,2,2,0,0,0,1,2,2,1,2,0,0,0,0,1,2,2,0,5,0,0,0,0,0,0,0,0,1,2,2,0,0,0,0,0,0,0,1,2,0,0,0,0,1,2,0,0,0,0,0,0,0,0,0,0,0,0,0,0,0,0,0,0,1,2,0,1,2,0,1,0,0,0,0,0,0,0,1,0,0,1,2,0,0,0,0,1,2,0,5,0,,,,,,,,,,,,,,,,,,,,,,,,,,,,,,,,,,,0,,,,,57.971
1765,Unscored (no condition data),PTrail,732,,3.0,,0.0,0.0,0.0,,Asphalt,,,3,115.255,,,,,66,4,,trails,Asphalt,1,2,2,1,2,2,1,2,2,0,0,0,1,2,2,1,2,0,0,0,0,1,2,2,0,5,0,0,0,0,0,0,0,0,1,2,2,0,0,0,0,0,0,0,1,2,0,0,1,0,1,2,0,0,0,0,0,0,0,0,0,0,0,0,0,0,0,0,0,0,1,2,0,1,2,0,1,2,0,0,0,0,0,0,1,0,0,1,2,0,0,0,0,1,2,0,5,0,,,,,,,,,,,,,,,,,,,,,,,,,,,,,,,,,,,0,,,,,115.255
1766,Unscored (no condition data),PTrail,733,,3.0,,0.0,0.0,0.0,,Asphalt,,,3,12.249,,,,,53,3,,trails,Asphalt,1,2,2,1,2,2,1,2,2,0,0,0,1,2,0,1,0,0,0,0,0,1,2,0,0,5,0,0,0,0,0,0,0,0,1,2,0,0,0,0,0,0,0,0,1,0,0,0,0,0,1,2,0,0,0,0,0,0,0,0,0,0,0,0,0,0,0,0,0,0,1,2,0,1,2,0,1,2,0,0,0,0,0,0,1,0,0,1,2,0,0,0,0,1,0,0,5,0,,,,,,,,,,,,,,,,,,,,,,,,,,,,,,,,,,,0,,,,,12.249
1767,Unscored (no condition data),PTrail,734,,3.0,,0.0,0.0,0.0,,Asphalt,,,3,142.263,,,,,63,3,,trails,Asphalt,1,2,2,1,2,2,1,2,2,0,0,0,1,2,2,1,0,0,0,0,0,1,2,2,0,5,0,0,0,0,0,0,0,0,1,2,2,0,0,0,0,0,0,0,1,0,0,0,0,0,1,2,2,0,0,0,0,0,0,0,0,0,0,0,0,0,0,0,0,0,1,2,0,1,2,0,1,2,2,0,0,0,0,0,1,0,0,1,2,0,0,0,0,1,0,0,5,0,,,,,,,,,,,,,,,,,,,,,,,,,,,,,,,,,,,0,,,,,142.263
1768,Unscored (no condition data),PTrail,735,,3.0,,0.0,0.0,0.0,,Asphalt,,,3,8.911,,,,,60,3,,trails,Asphalt,1,2,2,1,2,0,1,2,0,0,0,0,1,2,2,1,2,0,0,0,0,1,2,2,0,5,0,0,0,0,0,0,0,0,1,2,2,0,0,0,0,0,0,0,1,2,0,0,1,0,1,2,0,0,0,0,0,0,0,0,0,0,0,0,0,0,0,0,0,0,1,2,0,1,2,0,1,0,0,0,0,0,0,0,1,0,0,1,2,0,0,0,0,1,2,0,5,0,,,,,,,,,,,,,,,,,,,,,,,,,,,,,,,,,,,0,,,,,8.911
1769,Unscored (no condition data),PTrail,736,,3.0,,0.0,0.0,0.0,,Asphalt,,,3,19.188,,,,,55,3,,trails,Asphalt,1,2,2,1,2,0,1,2,0,0,0,0,1,2,2,0,0,0,0,0,0,1,2,2,0,5,0,0,0,0,0,0,0,0,1,2,2,0,0,0,0,0,0,0,1,0,0,0,0,0,1,2,2,0,0,0,0,0,0,0,0,0,0,0,0,0,0,0,0,0,1,2,0,1,2,0,1,2,2,0,0,0,0,0,1,0,0,1,0,0,0,0,0,0,0,0,5,0,,,,,,,,,,,,,,,,,,,,,,,,,,,,,,,,,,,0,,,,,19.188
1770,Unscored (no condition data),PTrail,737,,3.0,,0.0,0.0,0.0,,Asphalt,,,3,37.068,,,,,57,3,,trails,Asphalt,1,2,2,1,2,0,1,2,0,0,0,0,1,2,2,0,0,0,0,0,0,1,2,2,0,5,0,0,0,0,0,1,0,0,1,2,2,0,0,0,0,0,0,0,1,0,0,0,0,0,1,2,2,0,0,0,0,0,0,0,0,0,0,0,1,0,0,0,0,0,1,2,0,1,2,0,1,2,2,0,0,0,0,0,1,0,0,1,0,0,0,0,0,0,0,0,5,0,,,,,,,,,,,,,,,,,,,,,,,,,,,,,,,,,,,0,,,,,37.068
1771,Unscored (no condition data),PTrail,738,,3.0,,0.0,0.0,0.0,,Asphalt,,,3,21.035,,,,,59,3,,trails,Asphalt,1,2,2,1,2,2,1,2,0,0,0,0,1,2,2,0,0,0,0,0,0,1,2,2,0,5,0,0,0,0,0,1,0,0,1,2,2,0,0,0,0,0,0,0,1,0,0,0,0,0,1,2,2,0,0,0,0,0,0,0,0,0,0,0,1,0,0,0,0,0,1,2,0,1,2,0,1,2,2,0,0,0,0,0,1,0,0,1,0,0,0,0,0,0,0,0,5,0,,,,,,,,,,,,,,,,,,,,,,,,,,,,,,,,,,,0,,,,,21.035
1772,Unscored (no condition data),PTrail,739,,3.0,,0.0,0.0,0.0,,Asphalt,,,3,5.89,,,,,53,3,,trails,Asphalt,1,2,2,1,2,2,1,2,2,0,0,0,1,2,0,1,0,0,0,0,0,1,2,0,0,5,0,0,0,0,0,0,0,0,1,2,0,0,0,0,0,0,0,0,1,0,0,0,0,0,1,2,0,0,0,0,0,0,0,0,0,0,0,0,0,0,0,0,0,0,1,2,0,1,2,0,1,2,0,0,0,0,0,0,1,0,0,1,2,0,0,0,0,1,0,0,5,0,,,,,,,,,,,,,,,,,,,,,,,,,,,,,,,,,,,0,,,,,5.89
1773,Unscored (no condition data),PTrail,742,,3.0,,0.0,0.0,0.0,,Asphalt,,,3,43.792,,,,,51,3,,trails,Asphalt,1,2,2,1,2,2,1,2,2,0,0,0,1,2,0,1,0,0,0,0,0,1,2,0,0,5,0,0,0,0,0,0,0,0,1,2,0,0,0,0,0,0,0,0,1,0,0,0,0,0,1,2,0,0,0,0,0,0,0,0,0,0,0,0,0,0,0,0,0,0,1,0,0,1,2,0,1,2,0,0,0,0,0,0,1,0,0,1,2,0,0,0,0,1,0,0,5,0,,,,,,,,,,,,,,,,,,,,,,,,,,,,,,,,,,,0,,,,,43.792
1774,Unscored (no condition data),PTrail,743,,3.0,,0.0,0.0,0.0,,Asphalt,,,3,50.083,,,,,50,3,,trails,Asphalt,1,2,2,1,2,0,1,2,0,0,0,0,1,2,0,1,0,0,0,0,0,1,2,0,0,5,0,2,0,0,0,0,0,0,1,2,0,0,0,0,0,0,0,0,1,0,0,0,0,0,1,2,0,0,0,0,0,1,0,0,0,0,0,0,0,0,0,0,0,0,1,0,0,1,2,0,1,2,0,0,0,0,0,0,1,0,0,1,2,0,0,0,0,1,0,0,5,0,,,,,,,,,,,,,,,,,,,,,,,,,,,,,,,,,,,0,,,,,50.083
1775,Unscored (no condition data),PTrail,745,,3.0,,0.0,0.0,0.0,,Asphalt,,,3,143.169,,,,,49,3,,trails,Asphalt,1,2,2,1,2,0,1,2,0,0,0,0,1,0,0,1,2,0,0,0,0,0,0,0,0,5,0,2,0,0,0,0,0,0,1,2,2,0,0,0,1,0,0,0,1,0,0,0,1,0,1,2,2,0,0,0,0,1,0,0,0,0,0,0,0,0,0,0,0,0,0,0,0,1,0,0,1,0,0,0,0,0,0,3,1,1,1,0,0,0,0,0,0,0,0,0,5,0,,,,,,,,,,,,,,,,,,,,,,,,,,,,,,,,,,,0,,,,,143.169
1776,Unscored (no condition data),PTrail,746,,3.0,,0.0,0.0,0.0,,Asphalt,,,3,57.279,,,,,49,3,,trails,Asphalt,1,2,2,1,0,0,1,0,0,1,2,0,1,2,2,0,0,0,0,0,0,0,0,0,0,5,0,2,0,0,0,0,0,0,1,2,0,0,0,0,0,0,0,0,1,2,0,0,1,0,1,2,0,0,0,0,0,1,0,0,0,0,0,0,0,0,0,0,0,0,0,0,0,1,2,0,1,2,0,0,0,0,0,3,1,1,0,0,0,0,0,0,0,0,0,0,5,0,,,,,,,,,,,,,,,,,,,,,,,,,,,,,,,,,,,0,,,,,57.279
1777,Unscored (no condition data),PTrail,749,,3.0,,0.0,0.0,0.0,,Asphalt,,,3,189.403,,,,,59,3,,trails,Asphalt,1,2,2,1,2,0,1,2,0,0,0,0,1,2,2,0,0,0,0,0,0,0,0,0,0,5,0,2,0,0,0,0,0,0,0,0,0,0,0,0,0,0,0,0,0,0,0,0,1,1,1,2,2,5,0,0,3,0,0,0,0,0,0,0,0,0,0,0,0,0,0,0,0,1,2,2,1,2,2,0,0,0,0,3,1,1,1,0,0,0,0,0,0,0,0,0,5,0,,,,,,,,,,,,,,,,,,,,,,,,,,,,,,,,,,,0,,,,,189.403
1778,Unscored (no condition data),PTrail,750,,3.0,,0.0,0.0,0.0,,Asphalt,,,3,63.513,,,,,49,3,,trails,Asphalt,1,2,2,1,0,0,1,0,0,1,2,0,1,2,2,0,0,0,0,0,0,0,0,0,0,5,0,2,0,0,0,0,0,0,1,2,0,0,0,0,0,0,0,0,1,2,0,0,1,0,1,2,0,0,0,0,0,1,0,0,0,0,0,0,0,0,0,0,0,0,0,0,0,1,2,0,1,2,0,0,0,0,0,3,1,1,0,0,0,0,0,0,0,0,0,0,5,0,,,,,,,,,,,,,,,,,,,,,,,,,,,,,,,,,,,0,,,,,63.513
1779,Unscored (no condition data),PTrail,756,,3.0,,0.0,0.0,0.0,,Asphalt,,,3,315.818,,,,,60,3,,trails,Asphalt,1,2,2,1,2,2,0,0,0,0,0,0,1,2,0,0,0,0,0,0,0,0,0,0,5,5,0,0,0,0,0,0,0,0,1,2,2,0,0,0,0,0,0,0,1,2,0,0,0,0,1,2,0,0,0,0,0,1,1,2,0,0,0,0,0,0,0,0,0,0,0,0,0,1,2,0,1,2,0,0,0,0,5,0,1,1,1,1,2,0,0,0,0,0,0,0,5,0,,,,,,,,,,,,,,,,,,,,,,,,,,,,,,,,,,,0,,,,,315.818
1780,Unscored (no condition data),PTrail,757,,3.0,,0.0,0.0,0.0,,Asphalt,,,3,80.925,,,,,53,3,,trails,Asphalt,1,2,2,1,2,2,0,0,0,0,0,0,1,2,0,0,0,0,0,0,0,0,0,0,0,5,0,0,0,0,0,0,0,0,1,2,2,0,0,0,0,0,0,0,1,2,0,0,0,0,1,2,2,0,0,0,0,1,1,0,0,0,0,0,0,0,0,0,0,0,0,0,0,1,2,0,1,0,0,0,0,0,5,0,1,1,1,1,2,0,0,0,0,0,0,0,5,0,,,,,,,,,,,,,,,,,,,,,,,,,,,,,,,,,,,0,,,,,80.925
1781,Unscored (no condition data),PTrail,758,,3.0,,0.0,0.0,0.0,,Asphalt,,,3,136.063,,,,,53,3,,trails,Asphalt,1,2,2,1,2,2,0,0,0,0,0,0,1,2,0,0,0,0,0,0,0,0,0,0,0,5,0,0,0,0,0,0,0,0,1,2,2,0,0,0,0,0,0,0,1,2,0,0,0,0,1,2,2,0,0,0,0,1,1,0,0,0,0,0,0,0,0,0,0,0,0,0,0,1,2,0,1,0,0,0,0,0,5,0,1,1,1,1,2,0,0,0,0,0,0,0,5,0,,,,,,,,,,,,,,,,,,,,,,,,,,,,,,,,,,,0,,,,,136.063
1782,Unscored (no condition data),PTrail,759,,3.0,,0.0,0.0,0.0,,Asphalt,,,3,10.508,,,,,61,3,,trails,Asphalt,1,2,2,1,2,2,0,0,0,0,0,0,1,0,0,0,0,0,0,0,0,0,0,0,0,5,0,2,0,0,0,0,0,0,1,2,2,0,0,0,0,0,0,5,1,2,0,0,0,0,1,2,2,5,0,0,0,1,1,0,0,0,0,0,0,0,0,0,0,0,0,0,0,1,2,0,1,0,0,0,0,0,0,3,1,1,1,1,2,0,0,0,0,0,0,0,5,0,,,,,,,,,,,,,,,,,,,,,,,,,,,,,,,,,,,0,,,,,10.508
1783,Unscored (no condition data),PTrail,760,,3.0,,0.0,0.0,0.0,,Asphalt,,,3,107.471,,,,,61,3,,trails,Asphalt,1,2,2,1,2,2,0,0,0,0,0,0,1,2,0,0,0,0,0,0,0,0,0,0,0,5,0,0,0,0,0,0,0,0,1,2,2,0,0,0,0,0,0,5,1,2,0,0,0,0,1,2,2,5,0,0,0,1,1,0,0,0,0,0,0,0,0,0,0,0,0,0,0,1,2,0,1,0,0,0,0,0,0,3,1,1,1,1,2,0,0,0,0,0,0,0,5,0,,,,,,,,,,,,,,,,,,,,,,,,,,,,,,,,,,,0,,,,,107.471
1784,Unscored (no condition data),PTrail,761,,3.0,,0.0,0.0,0.0,,Asphalt,,,3,36.754,,,,,64,4,,trails,Asphalt,1,2,2,1,2,2,0,0,0,0,0,0,1,0,0,0,0,0,0,0,0,0,0,0,0,5,0,0,0,0,0,0,0,0,1,2,2,0,0,0,0,0,0,5,1,2,0,0,0,0,1,2,2,5,0,0,0,1,1,0,0,0,0,0,0,0,0,0,0,0,0,0,0,1,2,0,1,0,0,0,0,0,5,3,1,1,1,1,2,0,0,0,0,0,0,0,5,0,,,,,,,,,,,,,,,,,,,,,,,,,,,,,,,,,,,0,,,,,36.754
1785,Unscored (no condition data),PTrail,765,,3.0,,0.0,0.0,0.0,,Asphalt,,,3,17.89,,,,,60,3,,trails,Asphalt,1,2,2,1,2,0,1,2,0,0,0,0,1,2,2,1,2,0,0,0,0,1,2,2,0,5,0,0,0,0,0,0,0,0,1,2,2,0,0,0,0,0,0,0,1,2,0,0,1,0,1,2,0,0,0,0,0,0,0,0,0,0,0,0,0,0,0,0,0,0,1,2,0,1,2,0,1,0,0,0,0,0,0,0,1,0,0,1,2,0,0,0,0,1,2,0,5,0,,,,,,,,,,,,,,,,,,,,,,,,,,,,,,,,,,,0,,,,,17.89
1786,Unscored (no condition data),PTrail,766,,3.0,,0.0,0.0,0.0,,Asphalt,,,3,8.166,,,,,57,3,,trails,Dirt,1,2,2,1,2,2,1,2,2,0,0,0,1,2,2,1,0,0,0,0,0,1,2,2,0,5,0,0,0,0,0,0,0,0,1,2,0,0,0,0,0,0,0,0,1,0,0,0,0,0,1,2,0,0,0,0,0,0,0,0,0,0,0,0,0,0,0,0,0,0,1,2,0,1,2,0,1,2,0,0,0,0,0,0,1,0,0,1,2,0,0,0,0,1,0,0,5,0,,,,,,,,,,,,,,,,,,,,,,,,,,,,,,,,,,,0,,,,,8.166
1787,Unscored (no condition data),PTrail,767,,3.0,,0.0,0.0,0.0,,Asphalt,,,3,342.604,,,,,56,3,,trails,Asphalt,1,2,2,1,2,2,1,2,0,0,0,0,1,2,2,1,0,0,0,0,0,0,0,0,0,5,0,0,0,0,0,0,0,0,1,2,2,0,0,0,0,0,0,0,0,0,0,0,0,0,1,0,0,0,0,0,3,1,0,0,0,0,0,0,1,2,2,0,0,0,1,0,0,1,2,0,1,2,2,0,0,0,0,0,1,1,1,0,0,0,0,0,0,0,0,0,5,0,,,,,,,,,,,,,,,,,,,,,,,,,,,,,,,,,,,0,,,,,342.604
1788,Unscored (no condition data),PTrail,785,,3.0,,0.0,0.0,0.0,,Asphalt,,,3,248.313,,,,,58,3,,trails,Asphalt,1,2,2,1,2,2,0,0,0,0,0,0,1,2,0,1,2,2,0,0,0,0,0,0,0,5,0,0,0,0,0,1,0,0,1,2,2,0,0,0,0,0,0,0,1,2,2,0,0,0,1,2,2,0,0,0,0,0,0,0,0,1,0,0,1,2,0,1,0,0,0,0,0,1,0,0,1,0,0,0,0,0,0,0,1,1,1,0,0,0,1,0,0,1,2,0,5,0,,,,,,,,,,,,,,,,,,,,,,,,,,,,,,,,,,,0,,,,,248.313
1789,Unscored (no condition data),PTrail,786,,3.0,,0.0,0.0,0.0,,Asphalt,,,3,386.194,,,,,61,3,,trails,Asphalt,1,2,2,1,2,2,1,2,0,1,0,0,1,2,2,0,0,0,0,0,0,0,0,0,5,5,0,2,0,0,0,0,0,0,1,2,2,0,0,0,0,0,0,0,1,2,0,0,1,1,1,2,2,0,0,0,0,0,0,0,0,0,0,0,0,0,0,0,0,0,0,0,0,1,2,2,1,2,0,0,0,0,0,0,1,1,0,0,0,0,0,0,0,0,0,0,5,0,,,,,,,,,,,,,,,,,,,,,,,,,,,,,,,,,,,0,,,,,386.194
1790,Unscored (no condition data),PTrail,788,,3.0,,0.0,0.0,0.0,,Asphalt,,,3,307.099,,,,,51,3,,trails,Asphalt,1,2,2,1,2,2,1,0,0,0,0,0,1,2,2,0,0,0,0,0,0,0,0,0,0,5,0,2,0,0,0,0,0,0,1,2,0,0,0,0,0,0,0,0,0,0,0,0,1,1,1,2,2,5,0,0,3,0,0,0,0,0,0,0,0,0,0,0,0,0,0,0,0,1,0,0,1,0,0,0,0,0,0,0,1,1,1,0,0,0,0,0,0,0,0,0,5,0,,,,,,,,,,,,,,,,,,,,,,,,,,,,,,,,,,,0,,,,,307.099
1791,Unscored (no condition data),PTrail,790,,3.0,,0.0,0.0,0.0,,Asphalt,,,3,125.79,,,,,66,4,,trails,Asphalt,1,2,2,1,2,0,1,2,0,1,2,0,1,2,2,0,0,0,0,0,0,0,0,0,5,5,0,2,0,0,0,0,0,0,1,2,0,0,0,0,0,0,0,0,1,2,0,0,1,0,1,2,0,5,0,0,3,1,0,0,0,0,0,0,0,0,0,0,0,0,0,0,0,1,2,0,1,2,0,0,0,0,0,3,1,1,0,0,0,0,0,0,0,0,0,0,5,0,,,,,,,,,,,,,,,,,,,,,,,,,,,,,,,,,,,0,,,,,125.79
1792,Unscored (no condition data),PTrail,792,,3.0,,0.0,0.0,0.0,,Asphalt,,,3,7.569,,,,,49,3,,trails,Asphalt,1,2,2,1,0,0,1,0,0,1,2,0,1,2,2,0,0,0,0,0,0,0,0,0,0,5,0,2,0,0,0,0,0,0,1,2,0,0,0,0,0,0,0,0,1,2,0,0,1,0,1,2,0,0,0,0,0,1,0,0,0,0,0,0,0,0,0,0,0,0,0,0,0,1,2,0,1,2,0,0,0,0,0,3,1,1,0,0,0,0,0,0,0,0,0,0,5,0,,,,,,,,,,,,,,,,,,,,,,,,,,,,,,,,,,,0,,,,,7.569
1793,Unscored (no condition data),PTrail,800,,3.0,,0.0,0.0,0.0,,Asphalt,,,3,719.099,,,,,54,3,,trails,Asphalt,1,2,2,1,2,0,0,0,0,0,0,0,1,0,0,1,0,0,1,0,0,0,0,0,0,0,0,2,0,0,0,0,0,0,1,2,2,0,0,0,0,0,0,0,1,0,0,0,0,0,1,2,2,5,5,0,3,1,0,0,0,0,0,0,1,2,0,0,0,0,0,0,0,1,0,0,0,0,0,0,0,0,0,3,1,1,1,0,0,0,1,0,0,0,0,0,5,0,,,,,,,,,,,,,,,,,,,,,,,,,,,,,,,,,,,0,,,,,719.099
1794,Unscored (no condition data),PTrail,801,,3.0,,0.0,0.0,0.0,,Asphalt,,,3,942.759,,,,,53,3,,trails,Asphalt,1,2,2,1,2,2,0,0,0,0,0,0,1,0,0,1,0,0,1,0,0,0,0,0,0,5,0,2,0,0,0,0,0,0,1,2,2,0,0,0,0,0,0,0,0,0,0,0,0,0,1,2,2,0,5,0,0,0,0,0,0,0,0,0,1,2,0,0,0,0,0,0,0,1,2,0,1,0,0,0,0,0,0,3,1,1,1,0,0,0,0,0,0,0,0,0,5,0,,,,,,,,,,,,,,,,,,,,,,,,,,,,,,,,,,,0,,,,,942.759
1795,Unscored (no condition data),PTrail,806,,3.0,,0.0,0.0,0.0,,Asphalt,,,3,581.763,,,,,62,3,,trails,Asphalt,1,2,2,0,0,0,0,0,0,0,0,0,1,2,2,0,0,0,0,0,0,0,0,0,0,5,0,2,0,0,0,1,0,0,1,2,0,1,0,0,1,2,2,0,1,2,2,0,0,0,1,2,2,0,5,0,0,0,1,2,0,0,0,0,0,0,0,0,0,0,0,0,0,1,2,0,1,2,0,0,0,0,0,0,1,1,1,1,2,0,0,0,0,0,0,0,5,0,,,,,,,,,,,,,,,,,,,,,,,,,,,,,,,,,,,0,,,,,581.763
1796,Unscored (no condition data),PTrail,807,,3.0,,0.0,0.0,0.0,,Asphalt,,,3,283.574,,,,,61,3,,trails,Asphalt,1,2,2,1,0,0,1,0,0,0,0,0,1,2,2,0,0,0,0,0,0,0,0,0,0,5,0,0,0,0,0,0,0,0,1,2,2,1,2,0,1,2,2,0,1,2,2,0,0,0,0,0,0,0,5,0,0,0,1,2,2,0,0,0,0,0,0,0,0,0,0,0,0,1,2,0,0,0,0,0,0,0,0,0,1,1,1,1,2,2,0,0,0,0,0,0,5,0,,,,,,,,,,,,,,,,,,,,,,,,,,,,,,,,,,,0,,,,,283.574
1797,Unscored (no condition data),PTrail,808,,3.0,,0.0,0.0,0.0,,Asphalt,,,3,222.16,,,,,54,3,,trails,Asphalt,1,2,2,1,0,0,1,0,0,0,0,0,1,2,2,0,0,0,0,0,0,0,0,0,0,0,0,0,0,0,0,1,0,0,1,2,2,1,0,0,1,2,0,0,1,2,2,0,0,0,1,2,0,0,5,0,0,0,1,2,0,0,0,0,1,0,0,0,0,0,0,0,0,1,2,0,1,0,0,0,0,0,0,0,1,1,1,1,2,0,0,0,0,0,0,0,5,0,,,,,,,,,,,,,,,,,,,,,,,,,,,,,,,,,,,0,,,,,222.16
1798,Unscored (no condition data),PTrail,809,,3.0,,0.0,0.0,0.0,,Asphalt,,,3,310.7,,,,,65,4,,trails,Asphalt,1,2,2,1,0,0,1,0,0,0,0,0,1,2,0,1,0,0,0,0,0,0,0,0,0,5,0,0,0,0,0,1,2,2,1,2,2,0,0,0,1,0,0,0,1,0,0,0,0,0,1,2,2,5,5,0,3,0,1,2,0,0,0,0,1,2,0,0,0,0,0,0,0,1,2,0,1,0,0,0,0,0,0,0,1,1,1,1,0,0,0,0,0,0,0,0,5,0,,,,,,,,,,,,,,,,,,,,,,,,,,,,,,,,,,,0,,,,,310.7
1799,Unscored (no condition data),PTrail,810,,3.0,,0.0,0.0,0.0,,Asphalt,,,3,198.47,,,,,59,3,,trails,Asphalt,1,2,2,1,2,0,1,0,0,0,0,0,1,2,0,0,0,0,0,0,0,0,0,0,0,5,0,2,0,0,0,0,0,0,1,2,2,1,2,2,1,2,2,0,1,2,2,0,0,0,0,0,0,0,5,0,0,0,1,2,0,0,0,0,0,0,0,0,0,0,0,0,0,0,0,0,0,0,0,0,0,0,0,0,1,1,1,1,2,0,1,0,0,0,0,0,5,0,,,,,,,,,,,,,,,,,,,,,,,,,,,,,,,,,,,1,,,,,198.47
1800,Unscored (no condition data),PTrail,813,,3.0,,0.0,0.0,0.0,,Asphalt,,,3,149.387,,,,,61,3,,trails,Asphalt,1,2,2,1,2,2,1,0,0,0,0,0,0,0,0,1,0,0,0,0,0,0,0,0,0,5,0,0,0,0,0,0,0,0,1,2,2,0,0,0,0,0,0,0,0,0,0,0,1,1,1,2,2,5,5,0,0,1,0,0,0,0,0,0,0,0,0,0,0,0,0,0,0,0,0,0,1,2,2,0,0,0,0,0,1,1,1,1,2,0,1,2,2,0,0,0,5,0,,,,,,,,,,,,,,,,,,,,,,,,,,,,,,,,,,,0,,,,,149.387
1801,Unscored (no condition data),PTrail,814,,3.0,,0.0,0.0,0.0,,Asphalt,,,3,118.39,,,,,53,3,,trails,Asphalt,1,2,2,1,2,0,0,0,0,0,0,0,1,0,0,0,0,0,0,0,0,0,0,0,0,5,3,0,0,0,0,0,0,0,1,2,2,0,0,0,0,0,0,0,1,0,0,0,0,0,1,2,2,0,5,0,0,1,0,0,0,0,0,0,0,0,0,0,0,0,0,0,0,1,0,0,1,2,2,0,0,0,5,0,1,1,1,0,0,0,0,0,0,0,0,0,5,0,,,,,,,,,,,,,,,,,,,,,,,,,,,,,,,,,,,0,,,,,118.39
1802,Unscored (no condition data),PTrail,815,,3.0,,0.0,0.0,0.0,,Asphalt,,,3,8.169,,,,,55,3,,trails,Asphalt,1,2,2,1,2,0,1,2,0,0,0,0,1,2,2,0,0,0,0,0,0,1,2,2,0,5,0,0,0,0,0,0,0,0,1,2,2,0,0,0,0,0,0,0,1,0,0,0,0,0,1,2,2,0,0,0,0,0,0,0,0,0,0,0,0,0,0,0,0,0,1,2,0,1,2,0,1,2,2,0,0,0,0,0,1,0,0,1,0,0,0,0,0,0,0,0,5,0,,,,,,,,,,,,,,,,,,,,,,,,,,,,,,,,,,,0,,,,,8.169
1803,Unscored (no condition data),PTrail,825,,3.0,,0.0,0.0,0.0,,Asphalt,,,3,2377.378,,,,,57,3,,trails,Asphalt,1,2,2,0,0,0,0,0,0,0,0,0,1,2,2,0,0,0,1,2,2,0,0,0,0,5,0,2,0,0,0,0,0,0,1,0,0,0,0,0,0,0,0,0,1,0,0,0,1,1,1,2,2,5,5,0,3,1,0,0,0,0,0,0,0,0,0,0,0,0,0,0,0,1,0,0,0,0,0,0,0,0,0,0,1,1,1,0,0,0,0,0,0,0,0,0,5,3,,,,,,,,,,,,,,,,,,,,,,,,,,,,,,,,,,,0,,,,,2377.378
1804,Unscored (no condition data),PTrail,831,,3.0,,0.0,0.0,0.0,,Asphalt,,,3,639.86,,,,,50,3,,trails,Asphalt,1,2,2,1,2,2,0,0,0,0,0,0,1,2,0,1,0,0,1,0,0,0,0,0,0,5,0,2,0,0,0,0,0,0,1,2,2,0,0,0,0,0,0,0,0,0,0,0,0,0,1,2,2,0,0,0,0,1,0,0,0,0,0,0,1,0,0,0,0,0,0,0,0,1,2,2,0,0,0,0,0,0,0,3,1,1,1,0,0,0,0,0,0,0,0,0,5,0,,,,,,,,,,,,,,,,,,,,,,,,,,,,,,,,,,,0,,,,,639.86
1805,Unscored (no condition data),PTrail,832,,3.0,,0.0,0.0,0.0,,Asphalt,,,3,133.548,,,,,54,3,,trails,Asphalt,1,2,2,1,2,2,0,0,0,0,0,0,1,2,0,1,2,0,1,0,0,0,0,0,0,5,0,0,0,0,0,0,0,0,1,2,2,0,0,0,0,0,0,0,0,0,0,0,0,0,1,2,2,0,5,0,0,0,0,0,0,0,0,0,1,2,0,0,0,0,0,0,0,1,2,0,0,0,0,0,0,0,0,3,1,1,1,0,0,0,0,0,0,0,0,0,5,0,,,,,,,,,,,,,,,,,,,,,,,,,,,,,,,,,,,0,,,,,133.548
1806,Unscored (no condition data),PTrail,836,,3.0,,0.0,0.0,0.0,,Asphalt,,,3,56.423,,,,,64,4,,trails,Asphalt,1,2,2,1,2,2,1,0,0,0,0,0,1,2,2,0,0,0,0,0,0,1,2,2,0,5,0,2,0,0,0,1,2,0,1,2,0,0,0,0,0,0,0,0,0,0,0,0,1,0,1,2,0,0,0,0,0,1,0,0,0,0,0,0,1,0,0,0,0,0,1,2,2,1,2,0,1,2,0,0,0,0,5,3,0,0,0,0,0,0,0,0,0,0,0,0,5,0,,,,,,,,,,,,,,,,,,,,,,,,,,,,,,,,,,,0,,,,,56.423
1807,Unscored (no condition data),PTrail,838,,3.0,,0.0,0.0,0.0,,Asphalt,,,3,10.568,,,,,56,3,,trails,Asphalt,1,2,2,1,2,2,1,0,0,0,0,0,1,2,2,0,0,0,0,0,0,1,2,2,0,5,0,2,0,0,0,1,2,0,1,2,0,0,0,0,0,0,0,0,0,0,0,0,1,0,1,2,0,0,0,0,0,0,0,0,0,0,0,0,1,0,0,0,0,0,1,2,0,1,2,0,1,2,0,0,0,0,0,3,0,0,0,0,0,0,0,0,0,0,0,0,5,0,,,,,,,,,,,,,,,,,,,,,,,,,,,,,,,,,,,0,,,,,10.568
1808,Unscored (no condition data),PTrail,839,,3.0,,0.0,0.0,0.0,,Asphalt,,,3,122.38,,,,,65,4,,trails,Asphalt,1,2,2,1,2,0,1,0,0,0,0,0,1,2,2,1,2,0,0,0,0,0,0,0,0,5,0,2,0,0,0,0,0,0,1,2,2,0,0,0,0,0,0,0,1,2,0,0,0,0,1,2,2,0,0,0,0,1,0,0,0,0,0,0,0,0,0,0,0,0,1,2,2,1,2,0,1,2,2,0,0,0,5,3,1,0,0,0,0,0,0,0,0,0,0,0,5,0,,,,,,,,,,,,,,,,,,,,,,,,,,,,,,,,,,,0,,,,,122.38
1809,Unscored (no condition data),PTrail,840,,3.0,,0.0,0.0,0.0,,Asphalt,,,3,30.377,,,,,50,3,,trails,Asphalt,1,2,2,1,0,0,1,0,0,0,0,0,1,2,2,1,2,0,0,0,0,0,0,0,0,0,0,2,0,0,0,0,0,0,1,2,0,0,0,0,0,0,0,0,1,2,0,0,0,0,1,2,2,0,0,0,0,1,0,0,0,0,0,0,0,0,0,0,0,0,1,2,2,1,0,0,1,2,2,0,0,0,5,0,0,0,0,0,0,0,0,0,0,0,0,0,5,0,,,,,,,,,,,,,,,,,,,,,,,,,,,,,,,,,,,0,,,,,30.377
1810,Unscored (no condition data),PTrail,841,,3.0,,0.0,0.0,0.0,,Asphalt,,,3,45.832,,,,,65,4,,trails,Asphalt,1,2,2,1,2,0,0,0,0,0,0,0,1,2,0,0,0,0,0,0,0,1,2,0,0,5,0,2,0,0,0,1,2,2,1,2,2,0,0,0,0,0,0,0,1,0,0,0,1,1,1,2,2,0,0,0,0,1,0,0,0,0,0,0,1,2,0,0,0,0,1,0,0,1,2,2,1,2,0,0,0,0,5,3,0,0,0,0,0,0,0,0,0,0,0,0,5,0,,,,,,,,,,,,,,,,,,,,,,,,,,,,,,,,,,,0,,,,,45.832
1811,Unscored (no condition data),PTrail,843,,3.0,,0.0,0.0,0.0,,Asphalt,,,3,40.813,,,,,54,3,,trails,Asphalt,1,2,2,1,2,0,1,2,0,0,0,0,1,2,0,1,0,0,0,0,0,0,0,0,0,5,0,2,0,0,0,1,2,0,1,2,2,0,0,0,1,2,0,0,1,2,0,0,1,0,1,2,0,0,0,0,0,0,0,0,0,0,0,0,0,0,0,0,0,0,0,0,0,1,2,0,1,2,0,0,0,0,0,3,0,0,0,0,0,0,0,0,0,0,0,0,5,0,,,,,,,,,,,,,,,,,,,,,,,,,,,,,,,,,,,0,,,,,40.813
1812,Unscored (no condition data),PTrail,845,,3.0,,0.0,0.0,0.0,,Asphalt,,,3,54.561,,,,,49,3,,trails,Asphalt,1,2,2,1,0,0,1,0,0,1,0,0,1,2,2,0,0,0,0,0,0,0,0,0,0,5,0,2,0,0,0,0,0,0,1,0,0,0,0,0,0,0,0,0,1,0,0,0,1,0,1,2,0,0,0,0,0,1,0,0,0,0,0,0,0,0,0,0,0,0,0,0,0,1,2,2,1,2,0,0,0,0,5,3,0,1,0,0,0,0,0,0,0,0,0,0,5,0,,,,,,,,,,,,,,,,,,,,,,,,,,,,,,,,,,,0,,,,,54.561
1813,Unscored (no condition data),PTrail,847,,3.0,,0.0,0.0,0.0,,Asphalt,,,3,49.907,,,,,49,3,,trails,Asphalt,1,2,2,1,0,0,1,0,0,1,2,0,1,2,0,0,0,0,0,0,0,0,0,0,0,5,0,2,0,0,0,0,0,0,1,0,0,0,0,0,0,0,0,0,1,0,0,0,1,0,1,2,2,0,0,0,0,1,0,0,0,0,0,0,0,0,0,0,0,0,0,0,0,1,2,2,1,0,0,0,0,0,5,3,0,1,0,0,0,0,0,0,0,0,0,0,5,0,,,,,,,,,,,,,,,,,,,,,,,,,,,,,,,,,,,0,,,,,49.907
1814,Unscored (no condition data),PTrail,849,,3.0,,0.0,0.0,0.0,,Asphalt,,,3,123.923,,,,,63,3,,trails,Asphalt,1,2,2,1,2,2,1,2,2,1,0,0,1,2,2,0,0,0,0,0,0,1,0,0,0,5,0,0,1,0,0,0,0,0,1,2,0,0,0,0,0,0,0,5,1,2,0,0,1,0,1,2,0,0,0,0,0,0,0,0,0,0,0,0,1,2,2,1,0,0,1,0,0,1,2,0,1,2,0,0,0,0,0,0,1,0,0,1,0,0,0,0,0,0,0,0,5,0,,,,,,,,,,,,,,,,,,,,,,,,,,,,,,,,,,,0,,,,,123.923
1815,Unscored (no condition data),PTrail,851,,3.0,,0.0,0.0,0.0,,Asphalt,,,3,33.998,,,,,52,3,,trails,Asphalt,1,2,2,1,2,2,1,2,2,0,0,0,1,2,2,0,0,0,0,0,0,1,0,0,0,5,0,0,1,0,0,0,0,0,1,2,0,0,0,0,0,0,0,5,1,0,0,0,0,0,1,0,0,0,0,0,0,0,0,0,0,0,0,0,1,2,0,1,0,0,1,0,0,1,0,0,1,2,0,0,0,0,0,0,1,0,0,0,0,0,0,0,0,0,0,0,5,0,,,,,,,,,,,,,,,,,,,,,,,,,,,,,,,,,,,0,,,,,33.998
1816,Unscored (no condition data),PTrail,852,,3.0,,0.0,0.0,0.0,,Concrete,,,3,26.641,,,,,56,3,,trails,Concrete,1,2,2,1,2,2,1,2,2,1,0,0,1,2,2,0,0,0,0,0,0,1,2,0,0,5,0,0,0,0,0,0,0,0,1,0,0,0,0,0,0,0,0,5,1,0,0,0,1,0,1,2,0,0,0,0,0,0,0,0,0,0,0,0,1,2,0,1,0,0,1,0,0,1,0,0,1,2,0,0,0,0,0,0,1,0,0,1,0,0,0,0,0,0,0,0,5,0,,,,,,,,,,,,,,,,,,,,,,,,,,,,,,,,,,,0,,,,,26.641
1817,Unscored (no condition data),PTrail,853,,3.0,,0.0,0.0,0.0,,Pavers,,,3,26.851,,,,,56,3,,trails,Paver,1,2,2,1,2,2,1,2,2,1,0,0,1,2,2,0,0,0,0,0,0,1,2,0,0,5,0,0,0,0,0,0,0,0,1,0,0,0,0,0,0,0,0,5,1,0,0,0,1,0,1,2,0,0,0,0,0,0,0,0,0,0,0,0,1,2,0,1,0,0,1,0,0,1,0,0,1,2,0,0,0,0,0,0,1,0,0,1,0,0,0,0,0,0,0,0,5,0,,,,,,,,,,,,,,,,,,,,,,,,,,,,,,,,,,,0,,,,,26.851
1818,Unscored (no condition data),PTrail,854,,3.0,,0.0,0.0,0.0,,Asphalt,,,3,28.307,,,,,62,3,,trails,Asphalt,1,2,2,1,2,2,1,2,2,1,0,0,1,2,2,0,0,0,0,0,0,1,2,0,0,5,0,2,0,0,0,0,0,0,1,0,0,0,0,0,0,0,0,5,1,0,0,0,1,0,1,2,0,0,0,0,0,1,0,0,0,0,0,0,1,2,0,1,0,0,1,0,0,1,0,0,1,2,0,0,0,0,0,3,1,0,0,1,0,0,0,0,0,0,0,0,5,0,,,,,,,,,,,,,,,,,,,,,,,,,,,,,,,,,,,0,,,,,28.307
1819,Unscored (no condition data),PTrail,855,,3.0,,0.0,0.0,0.0,,Asphalt,,,3,19.295,,,,,59,3,,trails,Asphalt,1,2,2,1,2,2,1,2,2,1,0,0,1,2,2,0,0,0,0,0,0,1,0,0,0,5,0,0,1,0,0,0,0,0,1,0,0,0,0,0,0,0,0,5,1,2,0,0,1,0,1,2,0,0,0,0,0,0,0,0,0,0,0,0,1,2,0,1,0,0,1,0,0,1,2,0,1,2,0,0,0,0,0,0,1,0,0,1,0,0,0,0,0,0,0,0,5,0,,,,,,,,,,,,,,,,,,,,,,,,,,,,,,,,,,,0,,,,,19.295
1820,Unscored (no condition data),PTrail,856,,3.0,,0.0,0.0,0.0,,Concrete,,,3,41.604,,,,,57,3,,trails,Concrete,1,2,2,1,2,2,1,2,2,1,0,0,1,2,2,0,0,0,0,0,0,1,0,0,0,5,0,0,1,0,0,0,0,0,1,0,0,0,0,0,1,0,0,5,1,2,0,0,0,0,1,0,0,0,0,0,0,0,0,0,0,0,0,0,1,2,0,1,0,0,1,0,0,1,2,0,1,2,0,0,0,0,0,0,1,0,0,1,0,0,0,0,0,0,0,0,5,0,,,,,,,,,,,,,,,,,,,,,,,,,,,,,,,,,,,0,,,,,41.604
1821,Unscored (no condition data),PTrail,857,,3.0,,0.0,0.0,0.0,,Concrete,,,3,2.6,,,,,56,3,,trails,Concrete,1,2,2,1,2,2,1,2,2,1,0,0,1,2,2,0,0,0,0,0,0,1,0,0,0,5,0,0,1,0,0,0,0,0,1,0,0,0,0,0,0,0,0,5,1,2,0,0,0,0,1,0,0,0,0,0,0,0,0,0,0,0,0,0,1,2,0,1,0,0,1,0,0,1,2,0,1,2,0,0,0,0,0,0,1,0,0,1,0,0,0,0,0,0,0,0,5,0,,,,,,,,,,,,,,,,,,,,,,,,,,,,,,,,,,,0,,,,,2.6
1822,Unscored (no condition data),PTrail,858,,3.0,,0.0,0.0,0.0,,Concrete,,,3,11.697,,,,,56,3,,trails,Concrete,1,2,2,1,2,2,1,2,2,1,0,0,1,2,2,0,0,0,0,0,0,1,0,0,0,5,0,0,1,0,0,0,0,0,1,0,0,0,0,0,0,0,0,5,1,2,0,0,0,0,1,0,0,0,0,0,0,0,0,0,0,0,0,0,1,2,0,1,0,0,1,0,0,1,2,0,1,2,0,0,0,0,0,0,1,0,0,1,0,0,0,0,0,0,0,0,5,0,,,,,,,,,,,,,,,,,,,,,,,,,,,,,,,,,,,0,,,,,11.697
1823,Unscored (no condition data),PTrail,859,,3.0,,0.0,0.0,0.0,,Asphalt,,,3,14.628,,,,,61,3,,trails,Asphalt,1,2,2,1,2,2,1,2,2,1,0,0,1,2,2,0,0,0,0,0,0,1,0,0,0,5,0,0,1,0,0,0,0,0,1,0,0,0,0,0,1,0,0,5,1,2,0,0,0,0,1,2,0,0,0,0,0,0,0,0,0,0,0,0,1,2,0,1,0,0,1,0,0,1,2,0,1,2,2,0,0,0,0,0,1,0,0,1,0,0,0,0,0,0,0,0,5,0,,,,,,,,,,,,,,,,,,,,,,,,,,,,,,,,,,,0,,,,,14.628
1824,Unscored (no condition data),PTrail,860,,3.0,,0.0,0.0,0.0,,Asphalt,,,3,14.124,,,,,59,3,,trails,Asphalt,1,2,2,1,2,2,1,2,2,1,0,0,1,2,2,0,0,0,0,0,0,1,0,0,0,5,0,0,1,0,0,0,0,0,1,0,0,0,0,0,1,0,0,5,1,2,0,0,0,0,1,2,0,0,0,0,0,0,0,0,0,0,0,0,1,2,0,0,0,0,0,0,0,1,2,0,1,2,2,0,0,0,0,0,1,0,0,1,0,0,0,0,0,0,0,0,5,0,,,,,,,,,,,,,,,,,,,,,,,,,,,,,,,,,,,0,,,,,14.124
1825,Unscored (no condition data),PTrail,861,,3.0,,0.0,0.0,0.0,,Asphalt,,,3,122.688,,,,,51,3,,trails,Asphalt,1,2,2,1,2,2,0,0,0,0,0,0,1,2,2,0,0,0,0,0,0,0,0,0,0,5,0,0,0,0,0,0,0,0,0,0,0,0,0,0,0,0,0,5,0,0,0,0,0,0,1,2,0,5,0,0,3,1,1,0,0,0,0,0,0,0,0,0,0,0,0,0,0,1,0,0,1,0,0,0,0,0,0,3,1,0,1,1,0,0,0,0,0,0,0,0,5,0,,,,,,,,,,,,,,,,,,,,,,,,,,,,,,,,,,,0,,,,,122.688
1826,Unscored (no condition data),PTrail,871,,3.0,,0.0,0.0,0.0,,Asphalt,,,3,159.314,,,,,49,3,,trails,Asphalt,1,2,2,1,2,0,1,0,0,0,0,0,1,0,0,0,0,0,0,0,0,0,0,0,5,5,0,0,0,0,0,0,0,0,1,2,2,0,0,0,0,0,0,0,0,0,0,0,0,0,1,2,0,0,0,0,0,1,1,0,0,0,0,0,0,0,0,0,0,0,0,0,0,1,0,0,1,0,0,0,0,0,5,3,1,1,1,1,0,0,0,0,0,0,0,0,5,0,,,,,,,,,,,,,,,,,,,,,,,,,,,,,,,,,,,0,,,,,159.314
1827,Unscored (no condition data),PTrail,880,,3.0,,0.0,0.0,0.0,,Asphalt,,,3,126.37,,,,,56,3,,trails,Asphalt,1,2,2,1,0,0,1,0,0,0,0,0,1,2,0,1,2,0,0,0,0,0,0,0,0,5,0,2,0,0,0,0,0,0,1,2,2,0,0,0,1,2,0,0,1,2,0,0,1,0,1,2,2,5,0,0,3,0,0,0,0,0,0,0,1,0,0,0,0,0,0,0,0,1,2,0,1,0,0,0,0,0,0,0,1,0,0,0,0,0,0,0,0,0,0,0,5,0,,,,,,,,,,,,,,,,,,,,,,,,,,,,,,,,,,,0,,,,,126.37
1828,Unscored (no condition data),PTrail,882,,3.0,,0.0,0.0,0.0,,Asphalt,,,3,166.009,,,,,51,3,,trails,Asphalt,1,2,2,1,0,0,1,0,0,0,0,0,1,2,0,1,2,0,0,0,0,0,0,0,0,5,0,2,0,0,0,0,0,0,1,2,2,0,0,0,1,2,2,0,1,2,2,0,1,0,1,2,2,0,0,0,0,0,0,0,0,0,0,0,1,0,0,0,0,0,0,0,0,1,2,0,0,0,0,0,0,0,0,0,1,0,0,0,0,0,0,0,0,0,0,0,5,0,,,,,,,,,,,,,,,,,,,,,,,,,,,,,,,,,,,0,,,,,166.009
1829,Unscored (no condition data),PTrail,883,,3.0,,0.0,0.0,0.0,,Asphalt,,,3,24.147,,,,,50,3,,trails,Asphalt,1,2,2,1,0,0,1,0,0,0,0,0,1,0,0,1,0,0,0,0,0,0,0,0,0,5,0,0,0,0,0,0,0,0,1,2,2,0,0,0,1,2,2,0,1,2,2,0,1,0,1,2,2,0,5,0,0,0,0,0,0,0,0,0,1,0,0,0,0,0,0,0,0,1,0,0,0,0,0,0,0,0,0,0,1,1,1,0,0,0,0,0,0,0,0,0,5,0,,,,,,,,,,,,,,,,,,,,,,,,,,,,,,,,,,,0,,,,,24.147
1830,Unscored (no condition data),PTrail,884,,3.0,,0.0,0.0,0.0,,Asphalt,,,3,78.674,,,,,57,3,,trails,Asphalt,1,2,2,1,0,0,1,0,0,0,0,0,1,0,0,1,0,0,0,0,0,0,0,0,5,5,0,0,0,0,0,0,0,0,1,2,2,0,0,0,1,2,2,0,1,2,2,0,1,1,1,2,2,0,5,0,0,0,0,0,0,0,0,0,1,0,0,0,0,0,0,0,0,1,0,0,1,0,0,0,0,0,0,0,1,1,1,0,0,0,0,0,0,0,0,0,5,0,,,,,,,,,,,,,,,,,,,,,,,,,,,,,,,,,,,0,,,,,78.674
1831,Unscored (no condition data),PTrail,885,,3.0,,0.0,0.0,0.0,,Asphalt,,,3,26.975,,,,,60,3,,trails,Asphalt,1,2,2,0,0,0,0,0,0,0,0,0,1,0,0,1,0,0,0,0,0,0,0,0,5,5,0,0,0,0,0,0,0,0,1,2,2,0,0,0,1,2,2,0,1,2,0,0,1,1,1,2,2,5,5,0,0,0,0,0,0,0,0,0,1,2,0,0,0,0,0,0,0,1,0,0,1,0,0,0,0,0,0,0,1,1,1,0,0,0,0,0,0,0,0,0,5,0,,,,,,,,,,,,,,,,,,,,,,,,,,,,,,,,,,,0,,,,,26.975
1832,Unscored (no condition data),PTrail,886,,3.0,,0.0,0.0,0.0,,Asphalt,,,3,105.062,,,,,49,3,,trails,Asphalt,1,2,2,1,0,0,0,0,0,0,0,0,1,0,0,1,0,0,0,0,0,0,0,0,5,5,0,2,0,0,0,0,0,0,1,2,2,0,0,0,1,2,2,0,1,2,0,0,1,1,1,2,2,0,0,0,0,0,0,0,0,0,0,0,1,0,0,0,0,0,0,0,0,1,0,0,1,0,0,0,0,0,0,0,1,0,0,0,0,0,0,0,0,0,0,0,5,0,,,,,,,,,,,,,,,,,,,,,,,,,,,,,,,,,,,0,,,,,105.062
1833,Unscored (no condition data),PTrail,890,,3.0,,0.0,0.0,0.0,,Asphalt,,,3,90.034,,,,,50,3,,trails,Asphalt,1,2,2,1,0,0,1,0,0,1,2,2,1,2,2,0,0,0,0,0,0,0,0,0,0,5,0,2,0,0,0,0,0,0,1,0,0,0,0,0,0,0,0,0,1,0,0,0,1,0,1,2,2,0,5,0,0,0,0,0,0,0,0,0,0,0,0,0,0,0,0,0,0,1,2,0,0,0,0,0,0,0,0,3,1,1,0,0,0,0,0,0,0,0,0,0,5,0,,,,,,,,,,,,,,,,,,,,,,,,,,,,,,,,,,,0,,,,,90.034
1834,Unscored (no condition data),PTrail,902,,3.0,,0.0,0.0,0.0,,Asphalt,,,3,80.962,,,,,52,3,,trails,Asphalt,1,2,2,1,0,0,1,0,0,1,2,2,1,2,2,0,0,0,0,0,0,0,0,0,0,5,0,2,0,0,0,0,0,0,1,0,0,0,0,0,0,0,0,0,1,2,0,0,1,0,1,2,2,0,5,0,0,0,0,0,0,0,0,0,0,0,0,0,0,0,0,0,0,1,2,0,0,0,0,0,0,0,0,3,1,1,0,0,0,0,0,0,0,0,0,0,5,0,,,,,,,,,,,,,,,,,,,,,,,,,,,,,,,,,,,0,,,,,80.962
1835,Unscored (no condition data),PTrail,908,,3.0,,0.0,0.0,0.0,,Asphalt,,,3,45.502,,,,,50,3,,trails,Asphalt,1,2,2,1,2,2,0,0,0,0,0,0,1,2,2,0,0,0,0,0,0,0,0,0,0,5,0,0,0,0,0,0,0,0,1,0,0,0,0,0,0,0,0,0,1,0,0,0,0,0,1,2,2,0,0,0,0,0,1,2,2,0,0,0,0,0,0,0,0,0,0,0,0,1,2,2,1,0,0,0,0,0,0,0,1,0,1,1,2,2,0,0,0,0,0,0,5,0,,,,,,,,,,,,,,,,,,,,,,,,,,,,,,,,,,,0,,,,,45.502
1836,Unscored (no condition data),PTrail,909,,3.0,,0.0,0.0,0.0,,Asphalt,,,3,16.797,,,,,50,3,,trails,Asphalt,1,2,2,1,2,2,0,0,0,0,0,0,1,2,2,0,0,0,0,0,0,0,0,0,0,5,0,0,0,0,0,0,0,0,1,0,0,0,0,0,0,0,0,0,1,0,0,0,0,0,1,2,2,0,0,0,0,0,1,2,2,0,0,0,0,0,0,0,0,0,0,0,0,1,2,2,1,0,0,0,0,0,0,0,1,0,1,1,2,2,0,0,0,0,0,0,5,0,,,,,,,,,,,,,,,,,,,,,,,,,,,,,,,,,,,0,,,,,16.797
1837,Unscored (no condition data),PTrail,910,,3.0,,0.0,0.0,0.0,,Asphalt,,,3,49.535,,,,,66,4,,trails,Asphalt,1,2,2,1,2,2,0,0,0,0,0,0,1,2,2,0,0,0,0,0,0,0,0,0,0,5,0,0,0,0,0,0,0,0,1,2,0,0,0,0,0,0,0,5,1,0,0,0,0,0,1,2,2,5,0,0,0,1,1,2,0,0,0,0,0,0,0,0,0,0,0,0,0,1,2,2,1,0,0,0,0,0,5,0,1,0,1,1,2,2,0,0,0,0,0,0,5,0,,,,,,,,,,,,,,,,,,,,,,,,,,,,,,,,,,,0,,,,,49.535
1838,Unscored (no condition data),PTrail,911,,3.0,,0.0,0.0,0.0,,Asphalt,,,3,48.573,,,,,55,3,,trails,Asphalt,1,2,2,1,2,2,0,0,0,0,0,0,1,2,0,0,0,0,0,0,0,0,0,0,0,5,0,0,0,0,0,0,0,0,0,0,0,0,0,0,0,0,0,5,0,0,0,0,0,0,1,2,2,5,0,0,3,1,1,0,0,0,0,0,0,0,0,0,0,0,0,0,0,1,2,0,1,2,0,0,0,0,0,3,1,0,1,1,0,0,0,0,0,0,0,0,5,0,,,,,,,,,,,,,,,,,,,,,,,,,,,,,,,,,,,0,,,,,48.573
1839,Unscored (no condition data),PTrail,915,,3.0,,0.0,0.0,0.0,,Asphalt,,,3,162.886,,,,,63,3,,trails,Asphalt,1,2,2,1,2,2,1,2,2,0,0,0,1,2,2,0,0,0,0,0,0,0,0,0,0,5,0,2,0,0,0,1,0,0,1,2,0,0,0,0,0,0,0,0,0,0,0,0,0,0,1,0,0,0,0,0,3,1,0,0,0,0,0,0,1,2,2,0,0,0,1,0,0,1,2,0,1,2,2,0,0,0,5,0,1,1,1,0,0,0,0,0,0,0,0,0,5,0,,,,,,,,,,,,,,,,,,,,,,,,,,,,,,,,,,,0,,,,,162.886
1840,Unscored (no condition data),PTrail,916,,3.0,,0.0,0.0,0.0,,Asphalt,,,3,25.912,,,,,50,3,,trails,Asphalt,1,2,2,1,2,2,1,2,0,0,0,0,1,2,2,0,0,0,0,0,0,0,0,0,0,5,0,0,0,0,0,0,0,0,1,0,0,0,0,0,0,0,0,0,0,0,0,0,0,0,1,2,0,0,0,0,3,0,0,0,0,0,0,0,1,2,0,0,0,0,1,0,0,1,2,0,1,2,2,0,0,0,0,0,1,1,1,0,0,0,0,0,0,0,0,0,5,0,,,,,,,,,,,,,,,,,,,,,,,,,,,,,,,,,,,0,,,,,25.912
1841,Unscored (no condition data),PTrail,917,,3.0,,0.0,0.0,0.0,,Asphalt,,,3,16.39,,,,,52,3,,trails,Asphalt,1,2,2,1,2,0,1,2,0,0,0,0,1,0,0,1,0,0,0,0,0,0,0,0,0,5,0,2,0,0,0,1,2,0,1,2,2,0,0,0,1,2,0,0,1,2,0,0,1,0,1,2,0,0,0,0,0,0,0,0,0,0,0,0,0,0,0,0,0,0,0,0,0,1,2,0,1,2,0,0,0,0,0,3,0,0,0,0,0,0,0,0,0,0,0,0,5,0,,,,,,,,,,,,,,,,,,,,,,,,,,,,,,,,,,,0,,,,,16.39
1842,Unscored (no condition data),PTrail,921,,3.0,,0.0,0.0,0.0,,Asphalt,,,3,48.292,,,,,52,3,,trails,Asphalt,1,2,2,1,2,2,1,0,0,0,0,0,1,0,0,1,0,0,0,0,0,0,0,0,5,5,0,0,0,0,0,1,0,0,1,2,2,0,0,0,0,0,0,0,0,0,0,0,0,0,1,0,0,0,5,0,0,0,0,0,0,0,0,0,1,2,2,0,0,0,0,0,0,1,0,0,1,0,0,0,0,0,0,0,1,1,1,0,0,0,1,0,0,1,0,0,5,0,,,,,,,,,,,,,,,,,,,,,,,,,,,,,,,,,,,0,,,,,48.292
1843,Unscored (no condition data),PTrail,923,,3.0,,0.0,0.0,0.0,,Asphalt,,,3,60.651,,,,,50,3,,trails,Asphalt,1,2,2,1,2,2,1,0,0,0,0,0,1,0,0,1,0,0,0,0,0,0,0,0,0,5,0,2,0,0,0,1,0,0,1,2,2,0,0,0,0,0,0,0,0,0,0,0,0,0,1,0,0,0,5,0,0,1,0,0,0,0,0,0,1,2,2,0,0,0,0,0,0,1,0,0,1,0,0,0,0,0,0,0,1,1,1,0,0,0,1,0,0,1,0,0,5,0,,,,,,,,,,,,,,,,,,,,,,,,,,,,,,,,,,,0,,,,,60.651
1844,Unscored (no condition data),PTrail,926,,3.0,,0.0,0.0,0.0,,Asphalt,,,3,65.181,,,,,49,3,,trails,Asphalt,1,2,2,1,2,2,1,0,0,0,0,0,1,0,0,1,0,0,0,0,0,0,0,0,0,5,0,2,0,0,0,1,0,0,1,2,2,0,0,0,0,0,0,0,0,0,0,0,0,0,0,0,0,0,5,0,0,1,0,0,0,0,0,0,1,2,2,0,0,0,0,0,0,1,0,0,1,0,0,0,0,0,0,0,1,1,1,0,0,0,1,0,0,1,0,0,5,0,,,,,,,,,,,,,,,,,,,,,,,,,,,,,,,,,,,0,,,,,65.181
1845,Unscored (no condition data),PTrail,928,,3.0,,0.0,0.0,0.0,,Asphalt,,,3,181.934,,,,,62,3,,trails,Asphalt,1,2,2,1,0,0,1,0,0,0,0,0,1,2,2,0,0,0,0,0,0,0,0,0,5,5,0,0,0,0,0,1,2,2,0,0,0,0,0,0,0,0,0,0,1,2,2,0,1,0,1,2,2,5,0,4,3,0,0,0,0,0,0,0,0,0,0,0,0,0,0,0,0,1,0,0,0,0,0,0,0,0,0,0,1,1,1,0,0,0,0,0,0,1,2,0,5,0,,,,,,,,,,,,,,,,,,,,,,,,,,,,,,,,,,,0,,,,,181.934
1846,Unscored (no condition data),PTrail,929,,3.0,,0.0,0.0,0.0,,Asphalt,,,3,769.835,,,,,53,3,,trails,Asphalt,1,2,2,0,0,0,0,0,0,1,0,0,1,2,2,0,0,0,0,0,0,0,0,0,5,0,0,0,0,0,0,1,2,2,1,2,0,0,0,0,1,2,2,0,1,2,0,0,1,1,1,2,2,0,0,0,3,0,0,0,0,0,0,0,0,0,0,1,0,0,0,0,0,1,0,0,0,0,0,0,0,0,0,0,1,1,1,0,0,0,0,0,0,1,0,0,5,0,,,,,,,,,,,,,,,,,,,,,,,,,,,,,,,,,,,0,,,,,769.835
1847,Unscored (no condition data),PTrail,930,,3.0,,0.0,0.0,0.0,,Concrete,,,3,36.21,,,,,50,3,,trails,Concrete,1,2,2,1,2,0,0,0,0,0,0,0,1,0,0,0,0,0,0,0,0,0,0,0,0,5,0,0,0,0,0,0,0,0,1,2,0,1,2,2,1,2,2,0,1,2,0,0,0,0,0,0,0,0,5,4,0,0,1,0,0,0,0,0,0,0,0,0,0,0,0,0,0,0,0,0,0,0,0,0,0,0,0,0,1,1,1,1,0,0,1,0,0,0,0,0,5,0,,,,,,,,,,,,,,,,,,,,,,,,,,,,,,,,,,,0,,,,,36.21
1848,Unscored (no condition data),PTrail,945,,3.0,,0.0,0.0,0.0,,Asphalt,,,3,37.002,,,,,60,3,,trails,Asphalt,1,2,2,1,2,2,1,2,2,0,0,0,1,2,0,1,2,0,0,0,0,0,0,0,0,5,0,2,0,0,0,0,0,0,1,2,2,0,0,0,0,0,0,0,1,2,0,0,1,0,1,2,0,0,0,0,0,1,0,0,0,0,0,0,1,2,0,0,0,0,0,0,0,1,2,0,0,0,0,0,0,0,5,3,0,0,0,0,0,0,0,0,0,0,0,0,5,0,,,,,,,,,,,,,,,,,,,,,,,,,,,,,,,,,,,0,,,,,37.002
1849,Unscored (no condition data),PTrail,1008,,3.0,,0.0,0.0,0.0,,Asphalt,,,3,89.125,,,,,55,3,,trails,Dirt,1,2,2,1,2,2,1,2,2,0,0,0,1,2,0,0,0,0,0,0,0,0,0,0,0,5,0,2,0,0,0,0,0,0,0,0,0,0,0,0,0,0,0,0,0,0,0,0,1,0,1,2,2,5,0,4,0,1,0,0,0,0,0,0,0,0,0,0,0,0,0,0,0,1,0,0,1,2,0,0,0,0,0,3,1,1,0,0,0,0,0,0,0,0,0,0,5,0,,,,,,,,,,,,,,,,,,,,,,,,,,,,,,,,,,,0,,,,,89.125
1850,Unscored (no condition data),PTrail,1051,,3.0,,0.0,0.0,0.0,,Asphalt,,,3,353.111,,,,,56,3,,trails,Dirt,1,2,2,1,0,0,1,0,0,1,2,0,1,2,0,0,0,0,0,0,0,0,0,0,0,5,0,2,0,0,0,0,0,0,1,2,2,0,0,0,0,0,0,0,0,0,0,0,0,0,1,2,2,0,5,0,0,0,0,0,0,0,0,0,0,0,0,0,0,0,0,0,0,1,2,0,1,2,2,0,0,0,5,0,1,1,1,0,0,0,0,0,0,0,0,0,5,0,,,,,,,,,,,,,,,,,,,,,,,,,,,,,,,,,,,0,,,,,353.111
1851,Unscored (no condition data),PTrail,1056,,3.0,,0.0,0.0,0.0,,Asphalt,,,3,75.65,,,,,55,3,,trails,Dirt,1,2,2,1,2,2,0,0,0,0,0,0,1,2,2,0,0,0,0,0,0,0,0,0,0,5,0,0,0,0,0,0,0,0,0,0,0,0,0,0,1,0,0,0,0,0,0,0,1,0,1,2,2,5,5,0,0,0,1,0,0,0,0,0,0,0,0,0,0,0,0,0,0,0,0,0,1,2,0,0,0,0,0,0,1,1,1,0,0,0,1,2,2,1,0,0,5,0,,,,,,,,,,,,,,,,,,,,,,,,,,,,,,,,,,,0,,,,,75.65
1852,Unscored (no condition data),PTrail,1057,,3.0,,0.0,0.0,0.0,,Asphalt,,,3,232.691,,,,,49,3,,trails,Dirt,1,2,2,1,2,0,1,2,0,0,0,0,1,0,0,0,0,0,0,0,0,0,0,0,0,5,0,2,0,0,0,0,0,0,0,0,0,0,0,0,0,0,0,0,0,0,0,0,1,1,1,2,2,5,0,0,3,0,0,0,0,0,0,0,1,2,0,0,0,0,0,0,0,1,0,0,0,0,0,0,0,0,0,3,1,1,1,0,0,0,0,0,0,0,0,0,5,0,,,,,,,,,,,,,,,,,,,,,,,,,,,,,,,,,,,0,,,,,232.691
1853,Unscored (no condition data),PTrail,1068,,3.0,,0.0,0.0,0.0,,Asphalt,,,3,162.15,,,,,58,3,,trails,Dirt,1,2,2,1,2,2,1,2,2,0,0,0,1,2,0,1,2,0,0,0,0,0,0,0,0,5,0,2,0,0,0,0,0,0,1,2,0,0,0,0,1,0,0,0,1,0,0,0,1,1,1,2,2,0,0,0,3,1,0,0,0,0,0,0,0,0,0,0,0,0,0,0,0,1,2,2,0,0,0,0,0,0,0,3,1,0,0,0,0,0,0,0,0,0,0,0,5,0,,,,,,,,,,,,,,,,,,,,,,,,,,,,,,,,,,,0,,,,,162.15
1854,Unscored (no condition data),PTrail,1069,,3.0,,0.0,0.0,0.0,,Asphalt,,,3,14.352,,,,,54,3,,trails,Dirt,1,2,2,1,2,2,1,2,2,0,0,0,1,0,0,1,0,0,0,0,0,0,0,0,0,5,0,2,0,0,0,0,0,0,1,2,0,0,0,0,1,0,0,0,1,0,0,0,1,1,1,2,2,0,0,0,3,1,0,0,0,0,0,0,0,0,0,0,0,0,0,0,0,1,2,2,0,0,0,0,0,0,0,3,1,0,0,0,0,0,0,0,0,0,0,0,5,0,,,,,,,,,,,,,,,,,,,,,,,,,,,,,,,,,,,0,,,,,14.352
1855,Unscored (no condition data),PTrail,1071,,3.0,,0.0,0.0,0.0,,Asphalt,,,3,66.011,,,,,49,3,,trails,Dirt,1,2,2,1,2,2,1,2,2,0,0,0,1,2,0,1,0,0,0,0,0,0,0,0,0,5,0,2,0,0,0,0,0,0,1,2,0,0,0,0,0,0,0,0,1,0,0,0,0,0,1,2,0,0,0,0,0,1,0,0,0,0,0,0,0,0,0,0,0,0,0,0,0,1,2,0,1,2,0,0,0,0,0,3,0,0,1,0,0,0,0,0,0,0,0,0,5,0,,,,,,,,,,,,,,,,,,,,,,,,,,,,,,,,,,,0,,,,,66.011
1856,Unscored (no condition data),PTrail,1074,,3.0,,0.0,0.0,0.0,,Asphalt,,,3,287.083,,,,,58,3,,trails,Dirt,1,2,2,1,2,0,1,2,0,0,0,0,1,2,0,1,2,0,0,0,0,0,0,0,0,5,0,2,0,0,0,1,2,0,1,2,2,0,0,0,1,2,0,0,1,2,0,0,1,0,1,2,0,0,0,0,0,0,0,0,0,0,0,0,0,0,0,0,0,0,0,0,0,1,2,2,1,2,0,0,0,0,0,3,0,0,0,0,0,0,0,0,0,0,0,0,5,0,,,,,,,,,,,,,,,,,,,,,,,,,,,,,,,,,,,0,,,,,287.083
1857,Unscored (no condition data),PTrail,1077,,3.0,,0.0,0.0,0.0,,Asphalt,,,3,206.085,,,,,57,3,,trails,Dirt,1,2,2,1,2,2,0,0,0,0,0,0,1,2,0,0,0,0,0,0,0,0,0,0,0,5,0,0,0,0,0,0,0,0,1,2,2,0,0,0,0,0,0,0,1,2,0,0,0,0,1,2,2,0,5,0,0,0,1,0,0,0,0,0,0,0,0,0,0,0,0,0,0,1,2,0,1,2,0,0,0,0,5,0,1,1,1,1,0,0,0,0,0,0,0,0,5,0,,,,,,,,,,,,,,,,,,,,,,,,,,,,,,,,,,,0,,,,,206.085
1858,Unscored (no condition data),PTrail,1081,,3.0,,0.0,0.0,0.0,,Asphalt,,,3,54.809,,,,,52,3,,trails,Dirt,1,2,2,1,2,2,1,2,2,0,0,0,1,0,0,1,2,0,0,0,0,0,0,0,0,5,0,2,0,0,0,1,0,0,1,2,0,1,0,0,1,0,0,0,0,0,0,0,0,0,1,2,2,0,0,0,0,1,0,0,0,0,0,0,0,0,0,0,0,0,0,0,0,0,0,0,1,0,0,0,0,0,5,3,0,0,0,0,0,0,0,0,0,0,0,0,5,0,,,,,,,,,,,,,,,,,,,,,,,,,,,,,,,,,,,0,,,,,54.809
1859,Unscored (no condition data),PTrail,1092,,3.0,,0.0,0.0,0.0,,Asphalt,,,3,42.025,,,,,65,4,,trails,Dirt,1,2,2,1,2,2,1,2,2,0,0,0,1,2,2,1,2,0,0,0,0,1,2,2,0,5,0,0,0,0,0,0,0,0,1,2,2,0,0,0,0,0,0,0,1,2,0,0,0,0,1,2,0,0,0,0,0,0,0,0,0,0,0,0,0,0,0,0,0,0,1,2,0,1,2,0,1,2,0,0,0,0,0,0,1,0,0,1,2,0,0,0,0,1,2,0,5,0,,,,,,,,,,,,,,,,,,,,,,,,,,,,,,,,,,,0,,,,,42.025
1860,Unscored (no condition data),PTrail,1093,,3.0,,0.0,0.0,0.0,,Asphalt,,,3,100.61,,,,,53,3,,trails,Dirt,1,2,2,1,2,0,1,2,0,0,0,0,1,2,0,1,2,0,0,0,0,1,2,0,0,5,0,2,0,0,0,0,0,0,1,2,0,0,0,0,0,0,0,0,1,0,0,0,0,0,1,2,0,0,0,0,0,0,0,0,0,0,0,0,0,0,0,0,0,0,1,0,0,1,2,0,1,2,0,0,0,0,0,0,1,0,0,1,2,0,0,0,0,1,2,0,5,0,,,,,,,,,,,,,,,,,,,,,,,,,,,,,,,,,,,0,,,,,100.61
1861,Unscored (no condition data),PTrail,1094,,3.0,,0.0,0.0,0.0,,Asphalt,,,3,76.324,,,,,62,3,,trails,Dirt,1,2,2,1,2,0,1,2,0,0,0,0,1,2,2,1,2,0,0,0,0,1,2,2,0,5,0,2,0,0,0,0,0,0,1,2,2,0,0,0,0,0,0,0,1,2,0,0,1,0,1,2,0,0,0,0,0,0,0,0,0,0,0,0,0,0,0,0,0,0,1,0,0,1,2,2,1,0,0,0,0,0,0,0,1,0,0,1,2,0,0,0,0,1,2,0,5,0,,,,,,,,,,,,,,,,,,,,,,,,,,,,,,,,,,,0,,,,,76.324
1862,Unscored (no condition data),PTrail,1095,,3.0,,0.0,0.0,0.0,,Asphalt,,,3,13.127,,,,,59,3,,trails,Dirt,1,2,2,1,2,2,1,2,2,0,0,0,1,2,2,1,0,0,0,0,0,1,2,2,0,5,0,0,0,0,0,0,0,0,1,2,0,0,0,0,0,0,0,0,1,2,0,0,0,0,1,2,0,0,0,0,0,0,0,0,0,0,0,0,0,0,0,0,0,0,1,2,0,1,2,0,1,2,0,0,0,0,0,0,1,0,0,1,2,0,0,0,0,1,0,0,5,0,,,,,,,,,,,,,,,,,,,,,,,,,,,,,,,,,,,0,,,,,13.127
1863,Unscored (no condition data),PTrail,1100,,3.0,,0.0,0.0,0.0,,Asphalt,,,3,76.548,,,,,65,4,,trails,Dirt,1,2,2,1,2,2,1,2,2,0,0,0,1,2,2,1,2,0,0,0,0,1,2,2,0,5,0,0,0,0,0,0,0,0,1,2,2,0,0,0,0,0,0,0,1,2,0,0,0,0,1,2,0,0,0,0,0,0,0,0,0,0,0,0,0,0,0,0,0,0,1,2,0,1,2,0,1,2,0,0,0,0,0,0,1,0,0,1,2,0,0,0,0,1,2,0,5,0,,,,,,,,,,,,,,,,,,,,,,,,,,,,,,,,,,,0,,,,,76.548
1864,Unscored (no condition data),PTrail,1101,,3.0,,0.0,0.0,0.0,,Asphalt,,,3,22.503,,,,,59,3,,trails,Dirt,1,2,2,1,2,2,1,2,2,0,0,0,1,2,2,1,0,0,0,0,0,1,2,2,0,5,0,0,0,0,0,0,0,0,1,2,0,0,0,0,0,0,0,0,1,2,0,0,0,0,1,2,0,0,0,0,0,0,0,0,0,0,0,0,0,0,0,0,0,0,1,2,0,1,2,0,1,2,0,0,0,0,0,0,1,0,0,1,2,0,0,0,0,1,0,0,5,0,,,,,,,,,,,,,,,,,,,,,,,,,,,,,,,,,,,0,,,,,22.503
1865,Unscored (no condition data),PTrail,1102,,3.0,,0.0,0.0,0.0,,Asphalt,,,3,67.031,,,,,61,3,,trails,Dirt,1,2,2,1,2,2,1,2,2,0,0,0,1,2,2,1,0,0,0,0,0,1,2,2,0,5,0,0,0,0,0,0,0,0,1,2,2,0,0,0,0,0,0,0,1,2,0,0,0,0,1,2,0,0,0,0,0,0,0,0,0,0,0,0,0,0,0,0,0,0,1,2,0,1,2,0,1,2,0,0,0,0,0,0,1,0,0,1,2,0,0,0,0,1,0,0,5,0,,,,,,,,,,,,,,,,,,,,,,,,,,,,,,,,,,,0,,,,,67.031
1866,Unscored (no condition data),PTrail,1117,,3.0,,0.0,0.0,0.0,,Asphalt,,,3,381.276,,,,,54,3,,trails,Dirt,1,2,2,1,2,0,1,2,0,0,0,0,1,2,0,1,0,0,0,0,0,0,0,0,0,5,0,2,0,0,0,0,0,0,1,0,0,0,0,0,0,0,0,0,0,0,0,0,1,1,1,2,2,5,0,0,3,0,0,0,0,0,0,0,0,0,0,0,0,0,0,0,0,0,0,0,1,2,2,0,0,0,0,0,1,1,1,0,0,0,0,0,0,0,0,0,5,3,,,,,,,,,,,,,,,,,,,,,,,,,,,,,,,,,,,0,,,,,381.276
1867,Unscored (no condition data),PTrail,1185,,3.0,,0.0,0.0,0.0,,Asphalt,,,3,218.076,,,,,49,3,,trails,Dirt,1,2,2,1,2,0,1,2,0,0,0,0,1,2,0,0,0,0,0,0,0,0,0,0,0,5,0,0,0,0,0,0,0,0,1,2,2,0,0,0,0,0,0,0,0,0,0,0,0,0,1,2,2,0,0,4,0,0,0,0,0,0,0,0,0,0,0,0,0,0,0,0,0,1,2,0,1,2,2,0,0,0,0,0,1,1,1,0,0,0,0,0,0,0,0,0,5,0,,,,,,,,,,,,,,,,,,,,,,,,,,,,,,,,,,,0,,,,,218.076
1868,Unscored (no condition data),PTrail,1187,,3.0,,0.0,0.0,0.0,,Asphalt,,,3,358.131,,,,,49,3,,trails,Dirt,1,2,2,1,2,2,1,2,2,0,0,0,1,2,0,0,0,0,0,0,0,0,0,0,0,5,0,2,0,0,0,0,0,0,1,2,2,0,0,0,0,0,0,0,0,0,0,0,0,0,1,2,2,0,0,0,0,1,0,0,0,0,0,0,0,0,0,0,0,0,0,0,0,1,0,0,1,0,0,0,0,0,0,3,1,1,1,0,0,0,0,0,0,0,0,0,5,0,,,,,,,,,,,,,,,,,,,,,,,,,,,,,,,,,,,0,,,,,358.131
1869,Unscored (no condition data),PTrail,1229,,3.0,,0.0,0.0,0.0,,Asphalt,,,3,17.0,,,,,56,3,,trails,Dirt,1,2,2,1,2,2,1,2,2,0,0,0,1,0,0,1,0,0,0,0,0,0,0,0,0,5,0,2,0,0,0,0,0,0,1,2,2,0,0,0,0,0,0,0,1,2,0,0,0,0,1,2,2,0,0,0,0,0,0,0,0,0,0,0,1,2,0,0,0,0,0,0,0,1,2,2,1,0,0,0,0,0,5,0,0,0,0,0,0,0,0,0,0,0,0,0,5,0,,,,,,,,,,,,,,,,,,,,,,,,,,,,,,,,,,,0,,,,,17.0
1870,Unscored (no condition data),PTrail,1230,,3.0,,0.0,0.0,0.0,,Asphalt,,,3,40.266,,,,,52,3,,trails,Asphalt,1,2,2,1,2,0,1,0,0,0,0,0,1,0,0,1,0,0,0,0,0,0,0,0,0,5,0,2,0,0,0,0,0,0,1,2,2,0,0,0,0,0,0,0,0,0,0,0,1,0,1,2,2,0,0,0,0,1,0,0,0,0,0,0,1,2,0,0,0,0,0,0,0,1,2,0,1,2,0,0,0,0,5,3,0,0,0,0,0,0,0,0,0,0,0,0,5,0,,,,,,,,,,,,,,,,,,,,,,,,,,,,,,,,,,,0,,,,,40.266
1871,Unscored (no condition data),PTrail,1231,,3.0,,0.0,0.0,0.0,,Asphalt,,,3,43.031,,,,,50,3,,trails,Asphalt,1,2,2,1,2,0,1,0,0,0,0,0,1,0,0,1,0,0,0,0,0,0,0,0,0,5,0,2,0,0,0,0,0,0,1,2,2,0,0,0,0,0,0,0,0,0,0,0,1,1,1,2,2,0,0,0,0,1,0,0,0,0,0,0,1,2,0,0,0,0,0,0,0,1,2,2,1,2,0,0,0,0,0,3,0,0,0,0,0,0,0,0,0,0,0,0,5,0,,,,,,,,,,,,,,,,,,,,,,,,,,,,,,,,,,,0,,,,,43.031
1872,Unscored (no condition data),PTrail,23068,,3.0,,0.0,0.0,0.0,,Asphalt,,,3,32.954,,,,,52,3,,trails,Asphalt,1,2,2,1,2,0,0,0,0,0,0,0,1,2,0,0,0,0,0,0,0,0,0,0,0,5,0,2,0,0,0,0,0,0,0,0,0,0,0,0,0,0,0,0,0,0,0,0,0,0,1,2,2,5,5,0,3,1,0,0,0,0,0,0,0,0,0,0,0,0,0,0,0,1,2,0,1,0,0,0,0,0,0,0,1,1,1,0,0,0,0,0,0,0,0,0,5,3,,,,,,,,,,,,,,,,,,,,,,,,,,,,,,,,,,,0,,,,,32.954
1873,Unscored (no condition data),RPath,1979,,2.0,,0.0,0.0,0.0,,Asphalt,,,2,86.685,,,,,46,3,,sidewalks,HMAC,1,2,0,0,0,0,0,0,0,0,0,0,1,2,2,0,0,0,0,0,0,0,0,0,0,5,3,0,1,2,0,0,0,0,0,0,0,0,0,0,0,0,0,0,1,2,0,0,0,0,1,2,0,0,0,0,0,1,1,0,0,0,0,0,1,2,0,0,0,0,0,0,0,0,0,0,1,2,0,0,0,0,0,0,1,1,1,1,2,2,0,0,0,0,0,0,5,0,,,,,,,,,,,,,,,,,,,,,,,,,,,,,,,,,,,0,,,,,86.685
1874,Unscored (no condition data),RPath,1980,,2.0,,0.0,0.0,0.0,,Asphalt,,,2,161.097,,,,,46,3,,sidewalks,HMAC,1,2,2,0,0,0,0,0,0,0,0,0,1,2,2,0,0,0,0,0,0,0,0,0,0,0,3,0,1,2,0,0,0,0,0,0,0,0,0,0,0,0,0,0,1,0,0,0,0,0,1,2,2,0,5,0,0,1,1,0,0,0,0,0,1,0,0,0,0,0,0,0,0,0,0,0,1,2,0,0,0,0,0,0,1,1,1,1,2,2,0,0,0,0,0,0,5,0,,,,,,,,,,,,,,,,,,,,,,,,,,,,,,,,,,,0,,,,,161.097
1875,Unscored (no condition data),RPath,1621,,2.0,,0.0,0.0,0.0,,Asphalt,,,2,70.659,,,,,36,2,,sidewalks,CON,0,0,0,0,0,0,0,0,0,0,0,0,1,2,2,0,0,0,1,2,2,0,0,0,0,0,3,0,0,0,0,1,0,0,0,0,0,0,0,0,0,0,0,0,0,0,0,0,1,0,1,2,0,0,0,0,3,1,0,0,0,0,0,0,0,0,0,0,0,0,0,0,0,1,0,0,1,2,2,0,0,0,0,0,1,1,1,0,0,0,0,0,0,0,0,0,5,0,,,,,,,,,,,,,,,,,,,,,,,,,,,,,,,,,,,0,,,,,70.659
1876,Unscored (no condition data),RPath,1638,,2.0,,0.0,0.0,0.0,,Asphalt,,,2,41.398,,,,,31,2,,sidewalks,CON,1,2,2,1,0,0,1,0,0,1,0,0,0,0,0,0,0,0,0,0,0,0,0,0,0,0,0,2,0,0,0,0,0,0,1,0,0,0,0,0,1,2,0,0,1,2,0,0,1,0,1,2,0,0,0,0,0,1,0,0,0,0,0,0,0,0,0,0,0,0,0,0,0,1,0,0,0,0,0,0,0,0,0,0,1,1,1,0,0,0,0,0,0,0,0,0,5,0,,,,,,,,,,,,,,,,,,,,,,,,,,,,,,,,,,,0,,,,,41.398
1877,Unscored (no condition data),RPath,1639,,2.0,,0.0,0.0,0.0,,Asphalt,,,2,11.933,,,,,39,2,,sidewalks,CON,1,2,0,0,0,0,0,0,0,0,0,0,1,0,0,0,0,0,0,0,0,0,0,0,0,5,0,0,0,0,0,1,2,2,1,0,0,1,2,0,1,2,2,0,1,0,0,0,0,0,1,2,0,0,0,4,0,0,0,0,0,0,0,0,0,0,0,0,0,0,0,0,0,0,0,0,0,0,0,0,0,0,0,0,1,1,1,0,0,0,0,0,0,0,0,0,5,0,,,,,,,,,,,,,,,,,,,,,,,,,,,,,,,,,,,0,,,,,11.933
1878,Unscored (no condition data),RPath,1640,,2.0,,0.0,0.0,0.0,,Asphalt,,,2,5.027,,,,,41,2,,sidewalks,CON,1,2,0,0,0,0,0,0,0,0,0,0,1,0,0,0,0,0,0,0,0,0,0,0,0,5,0,0,0,0,0,1,2,2,1,2,0,1,2,0,1,2,2,0,1,0,0,0,0,0,1,2,0,0,0,4,0,0,0,0,0,0,0,0,0,0,0,0,0,0,0,0,0,0,0,0,0,0,0,0,0,0,0,0,1,1,1,0,0,0,0,0,0,0,0,0,5,0,,,,,,,,,,,,,,,,,,,,,,,,,,,,,,,,,,,0,,,,,5.027
1879,Unscored (no condition data),RPath,1651,,2.0,,0.0,0.0,0.0,,Asphalt,,,2,238.777,,,,,46,3,,sidewalks,CON,1,2,0,1,0,0,0,0,0,0,0,0,1,0,0,0,0,0,0,0,0,0,0,0,0,5,0,0,0,0,0,1,2,0,1,2,2,1,2,0,1,2,2,0,1,0,0,0,0,0,1,0,0,0,0,4,0,0,1,2,0,0,0,0,0,0,0,0,0,0,0,0,0,0,0,0,0,0,0,0,0,0,0,0,1,1,1,1,2,0,0,0,0,0,0,0,5,0,,,,,,,,,,,,,,,,,,,,,,,,,,,,,,,,,,,0,,,,,238.777
1880,Unscored (no condition data),RPath,1652,,2.0,,0.0,0.0,0.0,,Asphalt,,,2,171.742,,,,,35,2,,sidewalks,CON,0,0,0,0,0,0,0,0,0,0,0,0,0,0,0,0,0,0,0,0,0,0,0,0,0,0,3,0,0,0,0,1,2,2,0,0,0,0,0,0,0,0,0,0,1,2,2,0,0,0,1,2,2,5,5,0,0,1,0,0,0,0,0,0,0,0,0,0,0,0,0,0,0,0,0,0,0,0,0,0,0,0,0,0,1,1,1,0,0,0,0,0,0,0,0,0,0,3,,,,,,,,,,,,,,,,,,,,,,,,,,,,,,,,,,,0,,,,,171.742
1881,Unscored (no condition data),RPath,1653,,2.0,,0.0,0.0,0.0,,Asphalt,,,2,162.596,,,,,33,2,,sidewalks,CON,0,0,0,0,0,0,0,0,0,0,0,0,0,0,0,0,0,0,0,0,0,0,0,0,0,0,3,0,0,0,0,1,2,2,0,0,0,0,0,0,0,0,0,0,1,2,0,0,0,0,1,2,2,5,5,0,0,1,0,0,0,0,0,0,0,0,0,0,0,0,0,0,0,0,0,0,0,0,0,0,0,0,0,0,1,1,1,0,0,0,0,0,0,0,0,0,0,3,,,,,,,,,,,,,,,,,,,,,,,,,,,,,,,,,,,0,,,,,162.596
1882,Unscored (no condition data),RPath,1654,,2.0,,0.0,0.0,0.0,,Asphalt,,,2,13.901,,,,,31,2,,sidewalks,CON,0,0,0,0,0,0,0,0,0,0,0,0,0,0,0,0,0,0,0,0,0,0,0,0,0,0,3,0,0,0,0,1,2,2,0,0,0,0,0,0,0,0,0,0,1,0,0,0,0,0,1,2,2,5,5,0,0,1,0,0,0,0,0,0,0,0,0,0,0,0,0,0,0,0,0,0,0,0,0,0,0,0,0,0,1,1,1,0,0,0,0,0,0,0,0,0,0,3,,,,,,,,,,,,,,,,,,,,,,,,,,,,,,,,,,,0,,,,,13.901
1883,Unscored (no condition data),RPath,1673,,2.0,,0.0,0.0,0.0,,Asphalt,,,2,64.459,,,,,46,3,,sidewalks,CON,1,2,2,0,0,0,0,0,0,0,0,0,1,0,0,1,0,0,0,0,0,0,0,0,0,0,0,2,0,0,0,0,0,0,1,2,2,0,0,0,0,0,0,0,0,0,0,0,0,0,1,2,2,5,5,0,3,0,0,0,0,0,0,0,0,0,0,0,0,0,0,0,0,1,2,0,0,0,0,0,0,0,0,3,1,1,1,0,0,0,0,0,0,0,0,0,5,0,,,,,,,,,,,,,,,,,,,,,,,,,,,,,,,,,,,0,,,,,64.459
1884,Unscored (no condition data),RPath,1674,,2.0,,0.0,0.0,0.0,,Asphalt,,,2,61.372,,,,,37,2,,sidewalks,CON,1,2,2,0,0,0,0,0,0,0,0,0,0,0,0,0,0,0,0,0,0,0,0,0,0,0,0,0,0,0,0,1,2,2,0,0,0,0,0,0,0,0,0,0,0,0,0,0,1,1,1,2,2,0,5,4,0,0,0,0,0,0,0,0,0,0,0,0,0,0,0,0,0,1,2,0,0,0,0,0,0,0,0,0,1,1,1,0,0,0,0,0,0,0,0,0,5,0,,,,,,,,,,,,,,,,,,,,,,,,,,,,,,,,,,,0,,,,,61.372
1885,Unscored (no condition data),RPath,1675,,2.0,,0.0,0.0,0.0,,Asphalt,,,2,152.747,,,,,33,2,,sidewalks,CON,1,2,2,1,0,0,0,0,0,0,0,0,0,0,0,0,0,0,0,0,0,0,0,0,0,0,0,2,0,0,0,0,0,0,0,0,0,0,0,0,0,0,0,0,0,0,0,0,0,0,0,0,0,0,0,0,3,1,0,0,0,0,0,0,0,0,0,0,0,0,0,0,0,1,2,2,0,0,0,0,0,0,5,3,1,1,1,0,0,0,0,0,0,0,0,0,5,0,,,,,,,,,,,,,,,,,,,,,,,,,,,,,,,,,,,0,,,,,152.747
1886,Unscored (no condition data),RPath,1676,,2.0,,0.0,0.0,0.0,,Asphalt,,,2,27.229,,,,,33,2,,sidewalks,HMAC,1,2,0,1,0,0,1,0,0,0,0,0,1,2,2,0,0,0,0,0,0,0,0,0,0,0,0,2,0,0,0,0,0,0,0,0,0,0,0,0,0,0,0,0,0,0,0,0,0,0,1,2,0,0,0,0,0,1,0,0,0,0,0,0,0,0,0,0,0,0,0,0,0,1,2,0,1,2,0,0,0,0,0,3,1,1,1,0,0,0,0,0,0,0,0,0,5,0,,,,,,,,,,,,,,,,,,,,,,,,,,,,,,,,,,,0,,,,,27.229
1887,Unscored (no condition data),RPath,1677,,2.0,,0.0,0.0,0.0,,Asphalt,,,2,5.118,,,,,42,2,,sidewalks,HMAC,1,2,2,1,0,0,1,0,0,1,0,0,1,2,0,0,0,0,0,0,0,0,0,0,0,0,0,2,0,0,0,0,0,0,0,0,0,0,0,0,0,0,0,0,0,0,0,0,0,0,1,2,2,5,0,4,0,1,0,0,0,0,0,0,0,0,0,0,0,0,0,0,0,1,0,0,1,2,2,0,0,0,0,3,0,0,0,0,0,0,0,0,0,0,0,0,5,0,,,,,,,,,,,,,,,,,,,,,,,,,,,,,,,,,,,0,,,,,5.118
1888,Unscored (no condition data),RPath,1691,,2.0,,0.0,0.0,0.0,,Asphalt,,,2,128.203,,,,,47,3,,sidewalks,CON,1,2,2,1,2,0,1,0,0,0,0,0,1,2,0,1,2,0,0,0,0,0,0,0,0,0,0,2,0,0,0,0,0,0,1,2,2,1,0,0,0,0,0,0,0,0,0,0,1,0,1,2,2,0,0,0,3,1,0,0,0,0,0,0,0,0,0,0,0,0,1,0,0,1,0,0,1,2,0,0,0,0,0,3,0,0,1,0,0,0,0,0,0,0,0,0,5,0,,,,,,,,,,,,,,,,,,,,,,,,,,,,,,,,,,,0,,,,,128.203
1889,Unscored (no condition data),RPath,1694,,2.0,,0.0,0.0,0.0,,Asphalt,,,2,89.341,,,,,37,2,,sidewalks,CON,1,2,0,0,0,0,0,0,0,0,0,0,1,0,0,1,0,0,0,0,0,0,0,0,0,0,0,2,0,0,0,1,0,0,1,2,0,0,0,0,0,0,0,0,0,0,0,0,0,0,1,2,0,0,0,0,3,1,0,0,0,0,0,0,0,0,0,0,0,0,0,0,0,1,2,2,0,0,0,0,0,0,0,3,1,1,1,0,0,0,0,0,0,0,0,0,5,3,,,,,,,,,,,,,,,,,,,,,,,,,,,,,,,,,,,0,,,,,89.341
1890,Unscored (no condition data),RPath,1697,,2.0,,0.0,0.0,0.0,,Asphalt,,,2,40.265,,,,,34,2,,sidewalks,CON,1,2,0,0,0,0,0,0,0,0,0,0,0,0,0,0,0,0,0,0,0,0,0,0,5,0,3,0,0,0,0,1,2,2,0,0,0,0,0,0,0,0,0,0,0,0,0,0,1,0,1,2,0,0,0,4,0,1,0,0,0,0,0,0,0,0,0,0,0,0,0,0,0,1,0,0,0,0,0,0,0,0,0,0,1,1,1,0,0,0,0,0,0,0,0,0,5,0,,,,,,,,,,,,,,,,,,,,,,,,,,,,,,,,,,,0,,,,,40.265
1891,Unscored (no condition data),RPath,1698,,2.0,,0.0,0.0,0.0,,Asphalt,,,2,59.05,,,,,37,2,,sidewalks,CON,1,2,0,0,0,0,0,0,0,0,0,0,0,0,0,0,0,0,0,0,0,0,0,0,5,0,3,0,0,0,0,1,2,2,0,0,0,0,0,0,0,0,0,0,0,0,0,0,1,1,1,2,2,0,0,4,0,1,0,0,0,0,0,0,0,0,0,0,0,0,0,0,0,1,0,0,0,0,0,0,0,0,0,0,1,1,1,0,0,0,0,0,0,0,0,0,5,0,,,,,,,,,,,,,,,,,,,,,,,,,,,,,,,,,,,0,,,,,59.05
1892,Unscored (no condition data),RPath,1702,,2.0,,0.0,0.0,0.0,,Asphalt,,,2,81.329,,,,,34,2,,sidewalks,CON,0,0,0,0,0,0,0,0,0,0,0,0,1,2,2,0,0,0,0,0,0,0,0,0,0,0,3,0,0,0,0,0,0,0,0,0,0,0,0,0,0,0,0,0,0,0,0,0,0,0,1,2,2,5,5,0,3,0,0,0,0,0,0,0,0,0,0,0,0,0,0,0,0,0,0,0,0,0,0,0,0,0,0,0,1,1,1,0,0,0,0,0,0,0,0,0,5,0,,,,,,,,,,,,,,,,,,,,,,,,,,,,,,,,,,,0,,,,,81.329
1893,Unscored (no condition data),RPath,1703,,2.0,,0.0,0.0,0.0,,Asphalt,,,2,74.701,,,,,36,2,,sidewalks,CON,0,0,0,0,0,0,0,0,0,0,0,0,1,2,2,0,0,0,0,0,0,0,0,0,5,0,0,0,0,0,0,0,0,0,0,0,0,0,0,0,0,0,0,0,0,0,0,0,0,0,1,2,2,5,5,0,3,0,0,0,0,0,0,0,0,0,0,0,0,0,0,0,0,0,0,0,0,0,0,0,0,0,0,0,1,1,1,0,0,0,0,0,0,0,0,0,5,0,,,,,,,,,,,,,,,,,,,,,,,,,,,,,,,,,,,0,,,,,74.701
1894,Unscored (no condition data),RPath,1705,,2.0,,0.0,0.0,0.0,,Asphalt,,,2,49.134,,,,,34,2,,sidewalks,CON,0,0,0,0,0,0,0,0,0,0,0,0,1,2,2,0,0,0,0,0,0,0,0,0,0,0,3,0,0,0,0,0,0,0,0,0,0,0,0,0,0,0,0,0,0,0,0,0,0,0,1,2,2,5,5,0,3,0,0,0,0,0,0,0,0,0,0,0,0,0,0,0,0,0,0,0,0,0,0,0,0,0,0,0,1,1,1,0,0,0,0,0,0,0,0,0,5,0,,,,,,,,,,,,,,,,,,,,,,,,,,,,,,,,,,,0,,,,,49.134
1895,Unscored (no condition data),RPath,1706,,2.0,,0.0,0.0,0.0,,Asphalt,,,2,368.829,,,,,31,2,,sidewalks,CON,0,0,0,0,0,0,0,0,0,0,0,0,1,2,2,0,0,0,0,0,0,0,0,0,0,0,3,0,0,0,0,0,0,0,0,0,0,0,0,0,0,0,0,0,0,0,0,0,0,0,1,2,2,5,5,0,0,0,0,0,0,0,0,0,0,0,0,0,0,0,0,0,0,0,0,0,0,0,0,0,0,0,0,0,1,1,1,0,0,0,0,0,0,0,0,0,5,0,,,,,,,,,,,,,,,,,,,,,,,,,,,,,,,,,,,0,,,,,368.829
1896,Unscored (no condition data),RPath,1707,,2.0,,0.0,0.0,0.0,,Asphalt,,,2,82.807,,,,,34,2,,sidewalks,CON,0,0,0,0,0,0,0,0,0,0,0,0,1,2,2,0,0,0,0,0,0,0,0,0,0,0,3,0,0,0,0,0,0,0,0,0,0,0,0,0,0,0,0,0,0,0,0,0,0,0,1,2,2,5,5,0,3,0,0,0,0,0,0,0,0,0,0,0,0,0,0,0,0,0,0,0,0,0,0,0,0,0,0,0,1,1,1,0,0,0,0,0,0,0,0,0,5,0,,,,,,,,,,,,,,,,,,,,,,,,,,,,,,,,,,,0,,,,,82.807
1897,Unscored (no condition data),RPath,1715,,2.0,,0.0,0.0,0.0,,Asphalt,,,2,86.189,,,,,47,3,,sidewalks,CON,1,2,2,1,2,2,1,2,2,0,0,0,1,0,0,1,2,0,0,0,0,0,0,0,0,0,0,2,0,0,0,0,0,0,1,0,0,1,0,0,0,0,0,0,0,0,0,0,0,0,1,2,2,0,0,0,3,1,0,0,0,0,0,0,0,0,0,0,0,0,0,0,0,0,0,0,0,0,0,0,0,0,5,3,1,1,0,0,0,0,0,0,0,0,0,0,5,0,,,,,,,,,,,,,,,,,,,,,,,,,,,,,,,,,,,0,,,,,86.189
1898,Unscored (no condition data),RPath,1735,,2.0,,0.0,0.0,0.0,,Asphalt,,,2,67.664,,,,,48,3,,sidewalks,CON,1,2,2,1,2,0,0,0,0,0,0,0,1,0,0,0,0,0,0,0,0,0,0,0,0,0,0,2,0,0,0,0,0,0,1,2,2,0,0,0,0,0,0,0,1,2,2,0,0,0,1,2,2,0,5,0,0,0,0,0,0,0,0,0,0,0,0,0,0,0,0,0,0,1,0,0,1,2,0,0,0,0,5,0,1,0,1,1,0,0,0,0,0,0,0,0,5,0,,,,,,,,,,,,,,,,,,,,,,,,,,,,,,,,,,,0,,,,,67.664
1899,Unscored (no condition data),RPath,1742,,2.0,,0.0,0.0,0.0,,Asphalt,,,2,51.226,,,,,30,2,,sidewalks,CON,1,0,0,0,0,0,0,0,0,0,0,0,0,0,0,0,0,0,0,0,0,0,0,0,0,0,0,2,0,0,0,0,0,0,0,0,0,0,0,0,0,0,0,0,0,0,0,0,0,0,1,2,2,5,5,0,0,1,0,0,0,0,0,0,0,0,0,0,0,0,0,0,0,0,0,0,0,0,0,0,0,0,0,3,1,1,1,0,0,0,0,0,0,0,0,0,5,0,,,,,,,,,,,,,,,,,,,,,,,,,,,,,,,,,,,0,,,,,51.226
1900,Unscored (no condition data),RPath,1747,,2.0,,0.0,0.0,0.0,,Asphalt,,,2,347.881,,,,,43,2,,sidewalks,CON,1,0,0,0,0,0,0,0,0,0,0,0,1,2,0,1,2,0,0,0,0,0,0,0,0,0,3,0,0,0,0,1,2,0,0,0,0,1,2,0,0,0,0,0,0,0,0,0,1,0,1,2,0,5,5,0,0,1,0,0,0,0,0,0,0,0,0,0,0,0,0,0,0,1,2,0,1,0,0,0,0,0,0,0,1,1,1,0,0,0,0,0,0,0,0,0,5,0,,,,,,,,,,,,,,,,,,,,,,,,,,,,,,,,,,,0,,,,,347.881
1901,Unscored (no condition data),RPath,1751,,2.0,,0.0,0.0,0.0,,Asphalt,,,2,189.868,,,,,31,2,,sidewalks,CON,0,0,0,0,0,0,0,0,0,0,0,0,0,0,0,0,0,0,0,0,0,0,0,0,0,0,3,0,0,0,0,1,2,2,0,0,0,0,0,0,0,0,0,0,1,0,0,0,0,0,1,2,2,5,5,0,0,1,0,0,0,0,0,0,0,0,0,0,0,0,0,0,0,0,0,0,0,0,0,0,0,0,0,0,1,1,1,0,0,0,0,0,0,0,0,0,0,3,,,,,,,,,,,,,,,,,,,,,,,,,,,,,,,,,,,0,,,,,189.868
1902,Unscored (no condition data),RPath,1753,,2.0,,0.0,0.0,0.0,,Asphalt,,,2,292.249,,,,,46,3,,sidewalks,CON,1,2,2,1,2,0,1,2,0,0,0,0,0,0,0,0,0,0,0,0,0,0,0,0,0,0,0,2,0,0,0,0,0,0,0,0,0,0,0,0,0,0,0,0,0,0,0,0,0,0,1,2,2,5,0,4,0,1,0,0,0,0,0,0,1,2,2,0,0,0,0,0,0,0,0,0,0,0,0,0,0,0,5,0,1,1,1,0,0,0,0,0,0,0,0,0,5,0,,,,,,,,,,,,,,,,,,,,,,,,,,,,,,,,,,,0,,,,,292.249
1903,Unscored (no condition data),RPath,1755,,2.0,,0.0,0.0,0.0,,Asphalt,,,2,58.12,,,,,35,2,,sidewalks,CON,1,2,0,1,2,0,1,0,0,0,0,0,0,0,0,0,0,0,0,0,0,0,0,0,0,0,0,2,0,0,0,0,0,0,0,0,0,0,0,0,0,0,0,0,0,0,0,0,0,0,1,2,2,5,0,4,0,1,0,0,0,0,0,0,1,2,0,0,0,0,0,0,0,0,0,0,0,0,0,0,0,0,0,0,1,1,1,0,0,0,0,0,0,0,0,0,5,0,,,,,,,,,,,,,,,,,,,,,,,,,,,,,,,,,,,0,,,,,58.12
1904,Unscored (no condition data),RPath,1756,,2.0,,0.0,0.0,0.0,,Asphalt,,,2,89.867,,,,,33,2,,sidewalks,CON,1,2,0,1,0,0,1,0,0,0,0,0,0,0,0,0,0,0,0,0,0,0,0,0,0,0,0,2,0,0,0,0,0,0,0,0,0,0,0,0,0,0,0,0,0,0,0,0,0,0,1,2,2,5,0,4,0,1,0,0,0,0,0,0,1,2,0,0,0,0,0,0,0,0,0,0,0,0,0,0,0,0,0,0,1,1,1,0,0,0,0,0,0,0,0,0,5,0,,,,,,,,,,,,,,,,,,,,,,,,,,,,,,,,,,,0,,,,,89.867
1905,Unscored (no condition data),RPath,1757,,2.0,,0.0,0.0,0.0,,Asphalt,,,2,89.792,,,,,33,2,,sidewalks,CON,1,2,0,1,0,0,1,0,0,0,0,0,0,0,0,0,0,0,0,0,0,0,0,0,0,0,0,2,0,0,0,0,0,0,0,0,0,0,0,0,0,0,0,0,0,0,0,0,0,0,1,2,2,5,0,4,0,1,0,0,0,0,0,0,1,2,0,0,0,0,0,0,0,0,0,0,0,0,0,0,0,0,0,0,1,1,1,0,0,0,0,0,0,0,0,0,5,0,,,,,,,,,,,,,,,,,,,,,,,,,,,,,,,,,,,0,,,,,89.792
1906,Unscored (no condition data),RPath,1758,,2.0,,0.0,0.0,0.0,,Asphalt,,,2,48.786,,,,,31,2,,sidewalks,CON,1,2,0,0,0,0,0,0,0,0,0,0,0,0,0,0,0,0,0,0,0,0,0,0,0,0,0,2,0,0,0,0,0,0,0,0,0,0,0,0,0,0,0,0,0,0,0,0,0,0,1,2,2,5,0,4,0,1,0,0,0,0,0,0,1,2,0,0,0,0,0,0,0,0,0,0,0,0,0,0,0,0,0,0,1,1,1,0,0,0,0,0,0,0,0,0,5,0,,,,,,,,,,,,,,,,,,,,,,,,,,,,,,,,,,,0,,,,,48.786
1907,Unscored (no condition data),RPath,1765,,2.0,,0.0,0.0,0.0,,Asphalt,,,2,50.076,,,,,34,2,,sidewalks,CON,1,2,0,0,0,0,0,0,0,0,0,0,0,0,0,0,0,0,0,0,0,0,0,0,0,0,0,2,0,0,0,0,0,0,1,0,0,0,0,0,0,0,0,0,1,0,0,0,0,0,1,2,2,5,5,0,0,1,0,0,0,0,0,0,0,0,0,0,0,0,0,0,0,0,0,0,0,0,0,0,0,0,5,0,1,1,1,0,0,0,0,0,0,0,0,0,0,3,,,,,,,,,,,,,,,,,,,,,,,,,,,,,,,,,,,0,,,,,50.076
1908,Unscored (no condition data),RPath,1768,,2.0,,0.0,0.0,0.0,,Asphalt,,,2,67.976,,,,,42,2,,sidewalks,CON,1,2,0,0,0,0,0,0,0,0,0,0,1,0,0,0,0,0,0,0,0,0,0,0,5,0,0,0,0,0,0,1,2,2,0,0,0,0,0,0,0,0,0,0,0,0,0,0,1,1,1,2,2,0,5,4,0,0,0,0,0,0,0,0,0,0,0,0,0,0,0,0,0,0,0,0,0,0,0,0,0,0,0,0,1,1,1,1,0,0,0,0,0,1,2,0,5,0,,,,,,,,,,,,,,,,,,,,,,,,,,,,,,,,,,,0,,,,,67.976
1909,Unscored (no condition data),RPath,1769,,2.0,,0.0,0.0,0.0,,Asphalt,,,2,33.781,,,,,30,2,,sidewalks,CON,1,2,0,0,0,0,0,0,0,0,0,0,0,0,0,0,0,0,0,0,0,0,0,0,0,0,3,0,0,0,0,0,0,0,0,0,0,0,0,0,0,0,0,0,0,0,0,0,1,1,1,2,2,0,5,0,0,1,0,0,0,0,0,0,0,0,0,0,0,0,0,0,0,1,2,0,0,0,0,0,0,0,0,0,1,1,1,0,0,0,0,0,0,0,0,0,5,0,,,,,,,,,,,,,,,,,,,,,,,,,,,,,,,,,,,0,,,,,33.781
1910,Unscored (no condition data),RPath,1770,,2.0,,0.0,0.0,0.0,,Asphalt,,,2,83.859,,,,,40,2,,sidewalks,CON,1,2,2,0,0,0,0,0,0,0,0,0,0,0,0,0,0,0,0,0,0,0,0,0,5,0,0,0,0,0,0,1,2,2,0,0,0,0,0,0,0,0,0,0,0,0,0,0,1,1,1,2,2,0,5,4,0,0,0,0,0,0,0,0,0,0,0,0,0,0,0,0,0,1,0,0,0,0,0,0,0,0,0,0,1,1,1,0,0,0,0,0,0,0,0,0,5,0,,,,,,,,,,,,,,,,,,,,,,,,,,,,,,,,,,,0,,,,,83.859
1911,Unscored (no condition data),RPath,1774,,2.0,,0.0,0.0,0.0,,Asphalt,,,2,12.38,,,,,44,2,,sidewalks,CON,1,2,0,1,2,0,0,0,0,0,0,0,1,2,0,0,0,0,0,0,0,0,0,0,0,0,0,0,0,0,0,1,2,2,1,2,2,0,0,0,0,0,0,0,1,2,2,0,1,0,1,2,2,0,5,0,3,0,0,0,0,0,0,0,1,2,0,0,0,0,0,0,0,1,0,0,1,0,0,0,0,0,0,0,1,0,0,0,0,0,0,0,0,0,0,0,0,0,,,,,,,,,,,,,,,,,,,,,,,,,,,,,,,,,,,8,,,,,12.38
1912,Unscored (no condition data),RPath,1775,,2.0,,0.0,0.0,0.0,,Asphalt,,,2,71.934,,,,,45,2,,sidewalks,CON,1,0,0,0,0,0,0,0,0,0,0,0,1,2,0,0,0,0,0,0,0,0,0,0,0,0,0,2,0,0,0,0,0,0,1,2,2,0,0,0,0,0,0,0,1,0,0,0,1,1,1,2,2,5,0,0,0,1,0,0,0,0,0,0,0,0,0,0,0,0,0,0,0,1,2,0,1,0,0,0,0,0,5,0,1,1,1,0,0,0,0,0,0,1,2,0,5,0,,,,,,,,,,,,,,,,,,,,,,,,,,,,,,,,,,,0,,,,,71.934
1913,Unscored (no condition data),RPath,1781,,2.0,,0.0,0.0,0.0,,Asphalt,,,2,106.025,,,,,47,3,,sidewalks,CON,1,2,2,1,2,0,0,0,0,0,0,0,1,2,2,0,0,0,0,0,0,0,0,0,0,0,0,2,0,0,0,0,0,0,1,2,2,0,0,0,0,0,0,0,1,0,0,0,1,1,1,2,2,5,5,0,0,0,0,0,0,0,0,0,0,0,0,0,0,0,0,0,0,1,2,0,0,0,0,0,0,0,0,0,1,0,0,0,0,0,0,0,0,0,0,0,5,0,,,,,,,,,,,,,,,,,,,,,,,,,,,,,,,,,,,0,,,,,106.025
1914,Unscored (no condition data),RPath,1783,,2.0,,0.0,0.0,0.0,,Asphalt,,,2,110.84,,,,,46,3,,sidewalks,CON,1,2,2,0,0,0,0,0,0,0,0,0,1,0,0,1,0,0,0,0,0,0,0,0,0,0,0,2,0,0,0,0,0,0,1,2,2,0,0,0,0,0,0,0,0,0,0,0,0,0,1,2,2,5,5,0,3,0,0,0,0,0,0,0,0,0,0,0,0,0,0,0,0,1,2,0,0,0,0,0,0,0,0,3,1,1,1,0,0,0,0,0,0,0,0,0,5,0,,,,,,,,,,,,,,,,,,,,,,,,,,,,,,,,,,,0,,,,,110.84
1915,Unscored (no condition data),RPath,1784,,2.0,,0.0,0.0,0.0,,Asphalt,,,2,91.39,,,,,47,3,,sidewalks,CON,1,2,2,1,2,0,1,0,0,0,0,0,1,2,0,1,2,0,0,0,0,0,0,0,0,0,0,2,0,0,0,0,0,0,0,0,0,0,0,0,0,0,0,0,0,0,0,0,1,1,1,2,2,0,0,0,3,1,0,0,0,0,0,0,0,0,0,0,0,0,0,0,0,0,0,0,1,2,2,0,0,0,5,3,1,0,0,0,0,0,0,0,0,0,0,0,5,0,,,,,,,,,,,,,,,,,,,,,,,,,,,,,,,,,,,0,,,,,91.39
1916,Unscored (no condition data),RPath,1785,,2.0,,0.0,0.0,0.0,,Asphalt,,,2,187.557,,,,,38,2,,sidewalks,CON,1,2,2,1,0,0,1,0,0,0,0,0,1,2,0,1,2,0,0,0,0,0,0,0,0,0,0,2,0,0,0,0,0,0,0,0,0,0,0,0,0,0,0,0,0,0,0,0,1,0,1,2,2,0,0,0,3,1,0,0,0,0,0,0,0,0,0,0,0,0,0,0,0,1,0,0,1,2,0,0,0,0,0,3,1,0,0,0,0,0,0,0,0,0,0,0,5,0,,,,,,,,,,,,,,,,,,,,,,,,,,,,,,,,,,,0,,,,,187.557
1917,Unscored (no condition data),RPath,1795,,2.0,,0.0,0.0,0.0,,Asphalt,,,2,81.153,,,,,39,2,,sidewalks,CON,1,2,2,1,2,0,1,2,0,0,0,0,1,2,0,0,0,0,0,0,0,0,0,0,0,0,0,2,0,0,0,0,0,0,1,0,0,0,0,0,0,0,0,0,0,0,0,0,1,1,1,2,2,0,0,0,0,1,0,0,0,0,0,0,0,0,0,0,0,0,0,0,0,0,0,0,1,2,0,0,0,0,0,3,1,1,1,0,0,0,0,0,0,0,0,0,5,0,,,,,,,,,,,,,,,,,,,,,,,,,,,,,,,,,,,0,,,,,81.153
1918,Unscored (no condition data),RPath,1808,,2.0,,0.0,0.0,0.0,,Asphalt,,,2,80.501,,,,,47,3,,sidewalks,CON,0,0,0,0,0,0,0,0,0,0,0,0,1,2,2,0,0,0,1,2,2,0,0,0,0,5,0,0,0,0,0,1,2,0,0,0,0,0,0,0,0,0,0,0,1,2,0,0,1,1,1,2,2,0,0,0,3,0,0,0,0,0,0,0,0,0,0,0,0,0,0,0,0,1,2,2,1,2,0,0,0,0,0,0,1,1,1,0,0,0,0,0,0,0,0,0,5,0,,,,,,,,,,,,,,,,,,,,,,,,,,,,,,,,,,,0,,,,,80.501
1919,Unscored (no condition data),RPath,1815,,2.0,,0.0,0.0,0.0,,Asphalt,,,2,18.678,,,,,42,2,,sidewalks,CON,1,2,0,0,0,0,0,0,0,1,0,0,1,0,0,0,0,0,0,0,0,0,0,0,0,5,0,0,0,0,0,1,2,2,1,2,0,0,0,0,1,2,2,0,0,0,0,0,1,1,1,2,2,0,0,0,3,0,0,0,0,0,0,0,0,0,0,1,0,0,0,0,0,0,0,0,0,0,0,0,0,0,0,0,1,1,1,0,0,0,0,0,0,0,0,0,5,0,,,,,,,,,,,,,,,,,,,,,,,,,,,,,,,,,,,0,,,,,18.678
1920,Unscored (no condition data),RPath,1816,,2.0,,0.0,0.0,0.0,,Asphalt,,,2,35.883,,,,,45,2,,sidewalks,CON,1,2,0,0,0,0,0,0,0,1,0,0,1,0,0,0,0,0,0,0,0,0,0,0,0,5,0,2,0,0,0,1,2,0,1,2,2,0,0,0,1,2,2,0,0,0,0,0,1,1,1,2,2,0,0,0,3,1,0,0,0,0,0,0,0,0,0,1,0,0,0,0,0,0,0,0,0,0,0,0,0,0,0,0,1,1,1,0,0,0,0,0,0,0,0,0,5,0,,,,,,,,,,,,,,,,,,,,,,,,,,,,,,,,,,,0,,,,,35.883
1921,Unscored (no condition data),RPath,1817,,2.0,,0.0,0.0,0.0,,Asphalt,,,2,98.663,,,,,46,3,,sidewalks,CON,1,2,0,1,2,0,1,2,0,0,0,0,0,0,0,0,0,0,0,0,0,0,0,0,0,0,0,2,0,0,0,0,0,0,0,0,0,0,0,0,0,0,0,0,0,0,0,0,0,0,1,2,2,5,0,4,3,1,0,0,0,0,0,0,0,0,0,0,0,0,0,0,0,1,2,0,1,2,0,0,0,0,0,3,1,1,1,0,0,0,0,0,0,0,0,0,5,0,,,,,,,,,,,,,,,,,,,,,,,,,,,,,,,,,,,0,,,,,98.663
1922,Unscored (no condition data),RPath,1818,,2.0,,0.0,0.0,0.0,,Asphalt,,,2,96.123,,,,,41,2,,sidewalks,CON,1,2,0,1,2,0,1,0,0,0,0,0,0,0,0,0,0,0,0,0,0,0,0,0,0,0,0,2,0,0,0,0,0,0,0,0,0,0,0,0,0,0,0,0,0,0,0,0,0,0,1,2,2,5,0,4,0,1,0,0,0,0,0,0,0,0,0,0,0,0,0,0,0,1,2,2,1,2,0,0,0,0,0,3,1,0,0,0,0,0,0,0,0,0,0,0,5,0,,,,,,,,,,,,,,,,,,,,,,,,,,,,,,,,,,,0,,,,,96.123
1923,Unscored (no condition data),RPath,1819,,2.0,,0.0,0.0,0.0,,Asphalt,,,2,76.259,,,,,42,2,,sidewalks,CON,1,2,0,1,2,0,1,2,0,0,0,0,0,0,0,0,0,0,0,0,0,0,0,0,0,0,0,2,0,0,0,0,0,0,0,0,0,0,0,0,0,0,0,0,0,0,0,0,1,0,1,2,2,5,0,4,0,1,0,0,0,0,0,0,0,0,0,0,0,0,0,0,0,1,2,2,1,0,0,0,0,0,0,3,1,0,0,0,0,0,0,0,0,0,0,0,5,0,,,,,,,,,,,,,,,,,,,,,,,,,,,,,,,,,,,0,,,,,76.259
1924,Unscored (no condition data),RPath,1820,,2.0,,0.0,0.0,0.0,,Asphalt,,,2,76.993,,,,,40,2,,sidewalks,CON,1,2,0,1,2,0,1,2,0,0,0,0,0,0,0,0,0,0,0,0,0,0,0,0,0,0,0,2,0,0,0,0,0,0,0,0,0,0,0,0,0,0,0,0,0,0,0,0,1,0,1,2,2,5,0,4,0,1,0,0,0,0,0,0,0,0,0,0,0,0,0,0,0,1,2,0,1,0,0,0,0,0,0,3,1,0,0,0,0,0,0,0,0,0,0,0,5,0,,,,,,,,,,,,,,,,,,,,,,,,,,,,,,,,,,,0,,,,,76.993
1925,Unscored (no condition data),RPath,1821,,2.0,,0.0,0.0,0.0,,Asphalt,,,2,67.488,,,,,47,3,,sidewalks,CON,1,2,2,1,2,0,1,2,0,0,0,0,0,0,0,0,0,0,0,0,0,0,0,0,0,0,0,2,0,0,0,0,0,0,0,0,0,0,0,0,0,0,0,0,0,0,0,0,1,1,1,2,2,5,0,4,3,1,0,0,0,0,0,0,0,0,0,0,0,0,0,0,0,1,2,0,0,0,0,0,0,0,0,3,1,1,1,0,0,0,0,0,0,0,0,0,5,0,,,,,,,,,,,,,,,,,,,,,,,,,,,,,,,,,,,0,,,,,67.488
1926,Unscored (no condition data),RPath,1849,,2.0,,0.0,0.0,0.0,,Asphalt,,,2,50.606,,,,,41,2,,sidewalks,CON,1,2,2,1,2,0,1,2,0,0,0,0,1,0,0,0,0,0,0,0,0,0,0,0,0,0,0,2,0,0,0,0,0,0,0,0,0,0,0,0,0,0,0,0,0,0,0,0,0,0,1,2,2,5,0,4,0,1,0,0,0,0,0,0,0,0,0,0,0,0,0,0,0,1,0,0,1,0,0,0,0,0,0,3,1,1,0,0,0,0,0,0,0,0,0,0,5,0,,,,,,,,,,,,,,,,,,,,,,,,,,,,,,,,,,,0,,,,,50.606
1927,Unscored (no condition data),RPath,1901,,2.0,,0.0,0.0,0.0,,Asphalt,,,2,144.535,,,,,32,2,,sidewalks,CON,1,2,2,1,0,0,0,0,0,0,0,0,0,0,0,0,0,0,0,0,0,0,0,0,0,0,0,2,0,0,0,0,0,0,0,0,0,0,0,0,0,0,0,0,0,0,0,0,0,0,1,2,2,5,5,0,0,1,0,0,0,0,0,0,0,0,0,0,0,0,0,0,0,0,0,0,0,0,0,0,0,0,0,0,1,1,1,0,0,0,0,0,0,0,0,0,5,0,,,,,,,,,,,,,,,,,,,,,,,,,,,,,,,,,,,0,,,,,144.535
1928,Unscored (no condition data),RPath,1917,,2.0,,0.0,0.0,0.0,,Asphalt,,,2,173.32,,,,,38,2,,sidewalks,CON,1,2,2,0,0,0,0,0,0,0,0,0,1,2,2,0,0,0,0,0,0,0,0,0,0,5,0,2,0,0,0,0,0,0,0,0,0,0,0,0,0,0,0,0,0,0,0,0,0,0,1,0,0,0,0,0,0,1,0,0,0,0,0,0,0,0,0,0,0,0,0,0,0,1,2,0,1,2,2,0,0,0,0,3,1,1,1,0,0,0,0,0,0,0,0,0,5,0,,,,,,,,,,,,,,,,,,,,,,,,,,,,,,,,,,,0,,,,,173.32
1929,Unscored (no condition data),RPath,1927,,2.0,,0.0,0.0,0.0,,Asphalt,,,2,79.367,,,,,47,3,,sidewalks,CON,1,2,0,0,0,0,0,0,0,0,0,0,1,0,0,0,0,0,0,0,0,0,0,0,0,0,0,2,0,0,0,0,0,0,1,2,2,0,0,0,0,0,0,5,1,2,0,0,0,0,1,2,2,5,0,4,0,1,0,0,0,0,0,0,0,0,0,0,0,0,1,2,0,0,0,0,1,0,0,0,0,0,0,3,0,0,1,0,0,0,0,0,0,0,0,0,5,0,,,,,,,,,,,,,,,,,,,,,,,,,,,,,,,,,,,0,,,,,79.367
1930,Unscored (no condition data),RPath,1928,,2.0,,0.0,0.0,0.0,,Asphalt,,,2,77.776,,,,,48,3,,sidewalks,CON,1,2,0,1,0,0,0,0,0,0,0,0,0,0,0,0,0,0,0,0,0,0,0,0,0,0,0,2,0,0,0,0,0,0,1,2,2,0,0,0,0,0,0,5,1,2,0,0,0,0,1,2,2,5,0,4,0,1,0,0,0,0,0,0,0,0,0,0,0,0,1,2,0,0,0,0,1,0,0,0,0,0,0,3,1,0,1,0,0,0,0,0,0,0,0,0,5,0,,,,,,,,,,,,,,,,,,,,,,,,,,,,,,,,,,,0,,,,,77.776
1931,Unscored (no condition data),RPath,1949,,2.0,,0.0,0.0,0.0,,Asphalt,,,2,197.307,,,,,44,2,,sidewalks,CON,1,2,2,1,2,0,1,2,0,0,0,0,1,0,0,1,0,0,0,0,0,0,0,0,0,5,0,2,0,0,0,0,0,0,1,0,0,0,0,0,0,0,0,0,0,0,0,0,1,0,1,2,2,0,0,0,3,1,0,0,0,0,0,0,0,0,0,0,0,0,0,0,0,1,2,0,1,0,0,0,0,0,0,3,1,0,0,0,0,0,0,0,0,0,0,0,5,0,,,,,,,,,,,,,,,,,,,,,,,,,,,,,,,,,,,0,,,,,197.307
1932,Unscored (no condition data),RPath,1973,,2.0,,0.0,0.0,0.0,,Asphalt,,,2,41.41,,,,,45,2,,sidewalks,CON,1,2,2,0,0,0,0,0,0,0,0,0,1,2,2,0,0,0,0,0,0,0,0,0,0,0,0,2,0,0,0,1,2,2,0,0,0,1,2,0,0,0,0,0,1,2,2,0,0,0,1,2,2,0,0,0,3,1,0,0,0,0,0,0,0,0,0,0,0,0,0,0,0,1,2,0,0,0,0,0,0,0,0,0,1,1,1,0,0,0,0,0,0,0,0,0,5,0,,,,,,,,,,,,,,,,,,,,,,,,,,,,,,,,,,,0,,,,,41.41
1933,Unscored (no condition data),RPath,1982,,2.0,,0.0,0.0,0.0,,Asphalt,,,2,47.166,,,,,43,2,,sidewalks,CON,1,2,0,0,0,0,0,0,0,0,0,0,1,2,2,0,0,0,0,0,0,0,0,0,0,0,3,0,1,2,0,0,0,0,0,0,0,0,0,0,0,0,0,0,1,0,0,0,0,0,1,2,2,0,5,0,0,0,1,0,0,0,0,0,1,0,0,0,0,0,0,0,0,0,0,0,1,2,0,0,0,0,0,0,1,1,1,1,2,2,0,0,0,0,0,0,5,0,,,,,,,,,,,,,,,,,,,,,,,,,,,,,,,,,,,0,,,,,47.166
1934,Unscored (no condition data),RPath,1986,,2.0,,0.0,0.0,0.0,,Asphalt,,,2,31.311,,,,,45,2,,sidewalks,CON,1,0,0,0,0,0,0,0,0,0,0,0,1,2,2,0,0,0,0,0,0,0,0,0,0,0,3,0,1,2,2,0,0,0,0,0,0,0,0,0,0,0,0,0,1,0,0,0,0,0,1,2,2,0,5,0,0,0,1,2,0,1,0,0,1,0,0,0,0,0,0,0,0,0,0,0,1,2,0,1,0,0,0,0,1,1,1,1,2,0,0,0,0,0,0,0,5,0,,,,,,,,,,,,,,,,,,,,,,,,,,,,,,,,,,,0,,,,,31.311
1935,Unscored (no condition data),RPath,1988,,2.0,,0.0,0.0,0.0,,Asphalt,,,2,48.813,,,,,44,2,,sidewalks,CON,1,2,0,0,0,0,0,0,0,0,0,0,1,2,2,0,0,0,0,0,0,0,0,0,0,0,3,0,1,2,0,0,0,0,0,0,0,0,0,0,0,0,0,0,1,2,0,0,0,0,1,2,2,0,0,0,0,1,1,0,0,0,0,0,1,2,0,0,0,0,0,0,0,0,0,0,1,2,0,1,0,0,0,0,1,1,1,1,2,2,0,0,0,0,0,0,5,0,,,,,,,,,,,,,,,,,,,,,,,,,,,,,,,,,,,0,,,,,48.813
1936,Unscored (no condition data),RPath,1989,,2.0,,0.0,0.0,0.0,,Asphalt,,,2,14.118,,,,,41,2,,sidewalks,CON,1,2,0,0,0,0,0,0,0,0,0,0,1,2,2,0,0,0,0,0,0,0,0,0,0,0,3,0,1,2,0,0,0,0,0,0,0,0,0,0,0,0,0,0,1,2,0,0,0,0,1,2,0,0,0,0,0,1,1,0,0,0,0,0,1,2,0,0,0,0,0,0,0,0,0,0,1,2,0,0,0,0,0,0,1,1,1,1,2,2,0,0,0,0,0,0,5,0,,,,,,,,,,,,,,,,,,,,,,,,,,,,,,,,,,,0,,,,,14.118
1937,Unscored (no condition data),RPath,1990,,2.0,,0.0,0.0,0.0,,Asphalt,,,2,52.07,,,,,48,3,,sidewalks,CON,1,2,0,1,0,0,0,0,0,0,0,0,1,0,0,1,0,0,0,0,0,0,0,0,5,0,0,0,0,0,0,1,2,2,1,2,2,0,0,0,0,0,0,0,1,2,0,0,1,1,1,2,2,0,0,0,3,0,0,0,0,0,0,0,1,2,0,0,0,0,0,0,0,1,0,0,1,0,0,0,0,0,0,3,1,0,0,0,0,0,0,0,0,0,0,0,5,0,,,,,,,,,,,,,,,,,,,,,,,,,,,,,,,,,,,0,,,,,52.07
1938,Unscored (no condition data),RPath,2010,,2.0,,0.0,0.0,0.0,,Asphalt,,,2,70.46,,,,,40,2,,sidewalks,CON,1,2,2,1,2,0,1,2,0,0,0,0,0,0,0,0,0,0,0,0,0,0,0,0,0,0,0,2,0,0,0,0,0,0,1,2,2,0,0,0,0,0,0,0,0,0,0,0,0,0,1,2,2,0,0,4,0,1,0,0,0,0,0,0,0,0,0,0,0,0,0,0,0,1,0,0,0,0,0,0,0,0,0,3,1,1,1,0,0,0,0,0,0,0,0,0,5,0,,,,,,,,,,,,,,,,,,,,,,,,,,,,,,,,,,,0,,,,,70.46
1939,Unscored (no condition data),RPath,2011,,2.0,,0.0,0.0,0.0,,Asphalt,,,2,69.606,,,,,36,2,,sidewalks,CON,1,2,0,1,2,0,1,2,0,0,0,0,0,0,0,0,0,0,0,0,0,0,0,0,0,0,0,2,0,0,0,0,0,0,1,2,2,0,0,0,0,0,0,0,0,0,0,0,0,0,1,2,2,0,0,4,0,1,0,0,0,0,0,0,0,0,0,0,0,0,0,0,0,1,0,0,1,0,0,0,0,0,0,3,0,0,0,0,0,0,0,0,0,0,0,0,5,0,,,,,,,,,,,,,,,,,,,,,,,,,,,,,,,,,,,0,,,,,69.606
1940,Unscored (no condition data),RPath,2024,,2.0,,0.0,0.0,0.0,,Asphalt,,,2,166.42,,,,,46,3,,sidewalks,CON,1,2,0,1,0,0,0,0,0,0,0,0,1,2,0,1,2,0,0,0,0,0,0,0,0,0,0,2,0,0,0,1,0,0,1,2,2,0,0,0,1,2,0,0,0,0,0,0,1,1,1,2,2,0,5,0,0,1,0,0,0,0,0,0,0,0,0,0,0,0,0,0,0,0,0,0,1,0,0,0,0,0,0,0,1,1,1,0,0,0,0,0,0,1,2,0,5,0,,,,,,,,,,,,,,,,,,,,,,,,,,,,,,,,,,,0,,,,,166.42
1941,Unscored (no condition data),RPath,2026,,2.0,,0.0,0.0,0.0,,Asphalt,,,2,120.431,,,,,35,2,,sidewalks,CON,1,2,2,1,0,0,1,0,0,0,0,0,1,0,0,1,0,0,0,0,0,0,0,0,0,0,0,2,0,0,0,0,0,0,0,0,0,0,0,0,0,0,0,0,0,0,0,0,1,1,1,2,2,0,0,0,3,1,0,0,0,0,0,0,0,0,0,0,0,0,0,0,0,0,0,0,1,2,2,0,0,0,0,0,1,1,1,0,0,0,0,0,0,0,0,0,5,0,,,,,,,,,,,,,,,,,,,,,,,,,,,,,,,,,,,0,,,,,120.431
1942,Unscored (no condition data),RPath,2027,,2.0,,0.0,0.0,0.0,,Asphalt,,,2,199.066,,,,,32,2,,sidewalks,CON,1,2,2,1,2,0,1,2,0,0,0,0,0,0,0,0,0,0,0,0,0,0,0,0,0,0,0,2,0,0,0,0,0,0,0,0,0,0,0,0,0,0,0,0,0,0,0,0,1,0,1,2,0,0,0,0,3,1,0,0,0,0,0,0,0,0,0,0,0,0,0,0,0,0,0,0,1,2,0,0,0,0,0,0,1,1,1,0,0,0,0,0,0,0,0,0,5,0,,,,,,,,,,,,,,,,,,,,,,,,,,,,,,,,,,,0,,,,,199.066
1943,Unscored (no condition data),RPath,2028,,2.0,,0.0,0.0,0.0,,Asphalt,,,2,163.768,,,,,31,2,,sidewalks,CON,1,2,2,1,2,2,1,2,2,0,0,0,0,0,0,0,0,0,0,0,0,0,0,0,0,0,0,2,0,0,0,0,0,0,0,0,0,0,0,0,0,0,0,0,0,0,0,0,0,0,1,0,0,0,0,0,3,1,0,0,0,0,0,0,0,0,0,0,0,0,0,0,0,0,0,0,1,0,0,0,0,0,0,0,1,1,1,0,0,0,0,0,0,0,0,0,5,0,,,,,,,,,,,,,,,,,,,,,,,,,,,,,,,,,,,0,,,,,163.768
1944,Unscored (no condition data),RPath,2032,,2.0,,0.0,0.0,0.0,,Asphalt,,,2,55.041,,,,,47,3,,sidewalks,HMAC,1,2,0,1,2,0,0,0,0,0,0,0,1,2,0,0,0,0,0,0,0,0,0,0,5,0,0,0,0,0,0,1,2,2,1,2,0,0,0,0,0,0,0,0,1,2,2,0,1,0,1,2,2,0,0,0,3,0,0,0,0,0,0,0,1,2,0,0,0,0,0,0,0,1,0,0,1,0,0,0,0,0,0,0,1,0,0,0,0,0,0,0,0,0,0,0,5,0,,,,,,,,,,,,,,,,,,,,,,,,,,,,,,,,,,,0,,,,,55.041
1945,Unscored (no condition data),RPath,2038,,2.0,,0.0,0.0,0.0,,Asphalt,,,2,222.298,,,,,32,2,,sidewalks,CON,1,2,2,1,2,2,1,2,0,0,0,0,0,0,0,0,0,0,0,0,0,0,0,0,0,0,0,2,0,0,0,0,0,0,0,0,0,0,0,0,0,0,0,0,0,0,0,0,0,0,1,2,2,0,0,0,0,1,0,0,0,0,0,0,1,2,0,0,0,0,0,0,0,0,0,0,0,0,0,0,0,0,0,0,1,1,1,0,0,0,0,0,0,0,0,0,5,0,,,,,,,,,,,,,,,,,,,,,,,,,,,,,,,,,,,0,,,,,222.298
1946,Unscored (no condition data),RPath,2040,,2.0,,0.0,0.0,0.0,,Asphalt,,,2,308.25,,,,,39,2,,sidewalks,CON,1,2,2,1,2,2,1,2,2,0,0,0,0,0,0,0,0,0,0,0,0,0,0,0,0,5,0,2,0,0,0,0,0,0,0,0,0,0,0,0,0,0,0,0,0,0,0,0,0,0,1,2,0,0,0,0,0,1,0,0,0,0,0,0,1,2,2,0,0,0,0,0,0,0,0,0,0,0,0,0,0,0,0,0,1,1,1,0,0,0,0,0,0,0,0,0,5,0,,,,,,,,,,,,,,,,,,,,,,,,,,,,,,,,,,,0,,,,,308.25
1947,Unscored (no condition data),RPath,2045,,2.0,,0.0,0.0,0.0,,Asphalt,,,2,56.121,,,,,34,2,,sidewalks,CON,1,0,0,0,0,0,0,0,0,0,0,0,1,2,0,0,0,0,0,0,0,0,0,0,0,0,0,0,0,0,0,1,2,2,0,0,0,0,0,0,0,0,0,0,1,2,2,0,1,1,1,2,2,0,5,0,0,1,0,0,0,0,0,0,0,0,0,0,0,0,0,0,0,1,0,0,1,2,0,0,0,0,0,0,1,1,1,0,0,0,0,0,0,0,0,0,0,0,,,,,,,,,,,,,,,,,,,,,,,,,,,,,,,,,,,1,,,,,56.121
1948,Unscored (no condition data),RPath,3980,,2.0,,0.0,0.0,0.0,,Asphalt,,,2,71.445,,,,,48,3,,sidewalks,CON,1,2,2,1,2,0,1,2,0,1,0,0,1,0,0,0,0,0,0,0,0,0,0,0,0,0,0,2,0,0,0,0,0,0,0,0,0,0,0,0,0,0,0,0,0,0,0,0,1,1,1,2,2,5,0,0,3,1,0,0,0,0,0,0,0,0,0,0,0,0,0,0,0,1,2,0,0,0,0,0,0,0,5,3,0,1,0,0,0,0,0,0,0,0,0,0,5,0,,,,,,,,,,,,,,,,,,,,,,,,,,,,,,,,,,,0,,,,,71.445
1949,Unscored (no condition data),RPath,3987,,2.0,,0.0,0.0,0.0,,Asphalt,,,2,69.122,,,,,45,2,,sidewalks,CON,1,2,2,1,2,0,1,2,0,1,0,0,1,0,0,0,0,0,0,0,0,0,0,0,0,0,0,2,0,0,0,0,0,0,0,0,0,0,0,0,0,0,0,0,0,0,0,0,1,0,1,2,0,5,0,0,3,1,0,0,0,0,0,0,0,0,0,0,0,0,0,0,0,1,2,0,0,0,0,0,0,0,5,3,0,1,0,0,0,0,0,0,0,0,0,0,5,0,,,,,,,,,,,,,,,,,,,,,,,,,,,,,,,,,,,0,,,,,69.122
1950,Unscored (no condition data),RPath,4004,,2.0,,0.0,0.0,0.0,,Asphalt,,,2,75.366,,,,,40,2,,sidewalks,CON,1,2,2,1,0,0,1,0,0,0,0,0,1,0,0,0,0,0,0,0,0,0,0,0,0,0,0,2,0,0,0,0,0,0,0,0,0,0,0,0,0,0,0,0,0,0,0,0,1,0,1,2,0,5,0,0,3,1,0,0,0,0,0,0,0,0,0,0,0,0,0,0,0,1,2,0,0,0,0,0,0,0,5,3,0,1,0,0,0,0,0,0,0,0,0,0,5,0,,,,,,,,,,,,,,,,,,,,,,,,,,,,,,,,,,,0,,,,,75.366
1951,Unscored (no condition data),RPath,4015,,2.0,,0.0,0.0,0.0,,Asphalt,,,2,76.215,,,,,38,2,,sidewalks,CON,1,2,0,0,0,0,0,0,0,0,0,0,1,2,0,0,0,0,0,0,0,0,0,0,0,0,0,2,0,0,0,0,0,0,0,0,0,0,0,0,0,0,0,0,0,0,0,0,1,0,1,2,0,5,0,0,3,1,0,0,0,0,0,0,0,0,0,0,0,0,0,0,0,1,2,0,0,0,0,0,0,0,5,3,0,1,0,0,0,0,0,0,0,0,0,0,5,0,,,,,,,,,,,,,,,,,,,,,,,,,,,,,,,,,,,0,,,,,76.215
1952,Unscored (no condition data),RPath,4023,,2.0,,0.0,0.0,0.0,,Asphalt,,,2,84.969,,,,,46,3,,sidewalks,CON,1,2,2,1,0,0,1,0,0,0,0,0,1,2,0,0,0,0,0,0,0,0,0,0,0,0,0,2,0,0,0,0,0,0,0,0,0,0,0,0,0,0,0,0,0,0,0,0,1,1,1,2,2,5,0,0,3,1,0,0,0,0,0,0,0,0,0,0,0,0,0,0,0,1,2,0,1,0,0,0,0,0,5,3,0,1,0,0,0,0,0,0,0,0,0,0,5,0,,,,,,,,,,,,,,,,,,,,,,,,,,,,,,,,,,,0,,,,,84.969
1953,Unscored (no condition data),RPath,4030,,2.0,,0.0,0.0,0.0,,Asphalt,,,2,70.857,,,,,47,3,,sidewalks,CON,1,2,2,1,0,0,1,0,0,0,0,0,1,0,0,0,0,0,0,0,0,0,0,0,0,0,0,2,0,0,0,0,0,0,1,2,2,0,0,0,0,0,0,0,0,0,0,0,1,1,1,2,0,0,0,0,0,1,0,0,0,0,0,0,1,0,0,0,0,0,1,2,2,1,2,0,1,2,0,0,0,0,5,3,0,0,1,0,0,0,0,0,0,0,0,0,5,0,,,,,,,,,,,,,,,,,,,,,,,,,,,,,,,,,,,0,,,,,70.857
1954,Unscored (no condition data),RPath,4046,,2.0,,0.0,0.0,0.0,,Asphalt,,,2,29.375,,,,,34,2,,sidewalks,CON,0,0,0,0,0,0,0,0,0,0,0,0,0,0,0,0,0,0,0,0,0,0,0,0,5,0,0,0,0,0,0,1,2,2,0,0,0,1,2,0,0,0,0,0,0,0,0,0,1,1,1,2,2,0,0,0,3,0,0,0,0,0,0,0,0,0,0,0,0,0,0,0,0,1,2,0,0,0,0,0,0,0,0,0,1,1,1,0,0,0,0,0,0,0,0,0,5,0,,,,,,,,,,,,,,,,,,,,,,,,,,,,,,,,,,,0,,,,,29.375
1955,Unscored (no condition data),RPath,4054,,2.0,,0.0,0.0,0.0,,Asphalt,,,2,51.623,,,,,41,2,,sidewalks,CON,0,0,0,0,0,0,0,0,0,0,0,0,0,0,0,0,0,0,0,0,0,0,0,0,5,0,3,0,0,0,0,1,2,2,0,0,0,1,2,0,0,0,0,0,0,0,0,0,1,0,1,2,2,0,5,0,0,1,0,0,0,0,0,0,0,0,0,0,0,0,0,0,0,1,2,2,0,0,0,0,0,0,0,0,1,1,1,0,0,0,0,0,0,0,0,0,5,0,,,,,,,,,,,,,,,,,,,,,,,,,,,,,,,,,,,0,,,,,51.623
1956,Unscored (no condition data),RPath,4076,,2.0,,0.0,0.0,0.0,,Asphalt,,,2,21.644,,,,,48,3,,sidewalks,CON,1,2,0,1,2,0,1,2,0,0,0,0,1,2,0,1,2,0,0,0,0,0,0,0,0,0,0,2,0,0,0,0,0,0,1,2,2,0,0,0,0,0,0,0,0,0,0,0,0,0,1,0,0,0,0,0,3,1,0,0,0,0,0,0,0,0,0,0,0,0,0,0,0,1,2,0,1,2,2,0,0,0,5,3,0,0,0,0,0,0,0,0,0,0,0,0,5,0,,,,,,,,,,,,,,,,,,,,,,,,,,,,,,,,,,,0,,,,,21.644
1957,Unscored (no condition data),RPath,4457,,2.0,,0.0,0.0,0.0,,Asphalt,,,2,46.972,,,,,41,2,,sidewalks,CON,1,2,2,1,2,2,0,0,0,0,0,0,0,0,0,1,0,0,0,0,0,0,0,0,0,0,0,0,0,0,0,0,0,0,1,2,0,0,0,0,0,0,0,0,1,0,0,0,1,0,1,2,0,0,0,0,0,1,0,0,0,0,0,0,0,0,0,0,0,0,0,0,0,0,0,0,1,2,2,0,0,0,0,0,1,1,1,1,2,0,1,2,2,0,0,0,5,0,,,,,,,,,,,,,,,,,,,,,,,,,,,,,,,,,,,0,,,,,46.972
1958,Unscored (no condition data),RPath,4462,,2.0,,0.0,0.0,0.0,,Asphalt,,,2,109.968,,,,,47,3,,sidewalks,CON,1,2,2,1,2,2,0,0,0,0,0,0,0,0,0,1,0,0,0,0,0,0,0,0,0,0,0,0,0,0,0,0,0,0,1,2,0,0,0,0,0,0,0,0,0,0,0,0,1,0,1,2,2,0,0,0,3,1,0,0,0,0,0,0,0,0,0,0,0,0,0,0,0,0,0,0,1,2,2,0,0,0,0,0,1,1,1,1,2,2,1,2,2,0,0,0,5,0,,,,,,,,,,,,,,,,,,,,,,,,,,,,,,,,,,,0,,,,,109.968
1959,Unscored (no condition data),RPath,13291,,2.0,,0.0,0.0,0.0,,Asphalt,,,2,35.045,,,,,40,2,,sidewalks,CON,1,2,2,1,2,2,0,0,0,0,0,0,0,0,0,0,0,0,0,0,0,0,0,0,0,0,0,0,0,0,0,0,0,0,1,2,0,0,0,0,0,0,0,0,1,0,0,0,1,0,1,2,0,0,0,0,0,0,0,0,0,0,0,0,0,0,0,0,0,0,0,0,0,0,0,0,1,2,2,0,0,0,0,0,1,1,1,1,2,0,1,2,2,1,0,0,5,0,,,,,,,,,,,,,,,,,,,,,,,,,,,,,,,,,,,0,,,,,35.045
1960,Unscored (no condition data),RPath,5480,,2.0,,0.0,0.0,0.0,,Asphalt,,,2,33.381,,,,,30,2,,sidewalks,CON,1,2,2,1,2,2,0,0,0,0,0,0,1,2,0,0,0,0,0,0,0,0,0,0,0,0,0,2,0,0,0,0,0,0,0,0,0,0,0,0,0,0,0,0,0,0,0,0,0,0,1,0,0,0,0,0,3,1,0,0,0,0,0,0,0,0,0,0,0,0,0,0,0,1,0,0,1,0,0,0,0,0,0,0,1,1,1,0,0,0,0,0,0,0,0,0,5,0,,,,,,,,,,,,,,,,,,,,,,,,,,,,,,,,,,,0,,,,,33.381
1961,Unscored (no condition data),RPath,5482,,2.0,,0.0,0.0,0.0,,Asphalt,,,2,95.611,,,,,30,2,,sidewalks,CON,1,2,2,1,2,0,0,0,0,0,0,0,1,2,2,0,0,0,0,0,0,0,0,0,0,0,0,2,0,0,0,0,0,0,0,0,0,0,0,0,0,0,0,0,0,0,0,0,0,0,1,0,0,0,0,0,3,1,0,0,0,0,0,0,0,0,0,0,0,0,0,0,0,1,0,0,1,0,0,0,0,0,0,0,1,1,1,0,0,0,0,0,0,0,0,0,5,0,,,,,,,,,,,,,,,,,,,,,,,,,,,,,,,,,,,0,,,,,95.611
1962,Unscored (no condition data),RPath,5492,,2.0,,0.0,0.0,0.0,,Asphalt,,,2,209.913,,,,,34,2,,sidewalks,CON,1,2,2,1,2,0,0,0,0,0,0,0,1,2,2,0,0,0,0,0,0,0,0,0,0,5,0,2,0,0,0,0,0,0,0,0,0,0,0,0,0,0,0,0,0,0,0,0,0,0,1,0,0,0,0,0,3,1,0,0,0,0,0,0,0,0,0,0,0,0,0,0,0,0,0,0,1,0,0,0,0,0,0,0,1,1,1,0,0,0,0,0,0,0,0,0,5,0,,,,,,,,,,,,,,,,,,,,,,,,,,,,,,,,,,,0,,,,,209.913
1963,Unscored (no condition data),RPath,5504,,2.0,,0.0,0.0,0.0,,Asphalt,,,2,191.624,,,,,31,2,,sidewalks,CON,1,2,2,1,0,0,0,0,0,0,0,0,1,2,2,0,0,0,0,0,0,0,0,0,0,5,0,2,0,0,0,0,0,0,0,0,0,0,0,0,0,0,0,0,0,0,0,0,0,0,0,0,0,0,0,0,0,1,0,0,0,0,0,0,0,0,0,0,0,0,0,0,0,1,0,0,1,2,0,0,0,0,0,0,1,1,1,0,0,0,0,0,0,0,0,0,5,0,,,,,,,,,,,,,,,,,,,,,,,,,,,,,,,,,,,0,,,,,191.624
1964,Unscored (no condition data),RPath,8644,,2.0,,0.0,0.0,0.0,,Asphalt,,,2,117.214,,,,,37,2,,sidewalks,CON,1,2,2,1,0,0,1,0,0,0,0,0,1,0,0,0,0,0,0,0,0,0,0,0,0,0,0,2,0,0,0,0,0,0,0,0,0,0,0,0,0,0,0,0,0,0,0,0,1,0,1,2,2,0,0,0,3,1,0,0,0,0,0,0,0,0,0,0,0,0,0,0,0,1,2,0,1,2,0,0,0,0,0,3,1,1,1,0,0,0,0,0,0,0,0,0,5,0,,,,,,,,,,,,,,,,,,,,,,,,,,,,,,,,,,,0,,,,,117.214
1965,Unscored (no condition data),RPath,8652,,2.0,,0.0,0.0,0.0,,Asphalt,,,2,65.961,,,,,44,2,,sidewalks,CON,0,0,0,0,0,0,0,0,0,0,0,0,1,2,2,0,0,0,1,2,2,0,0,0,0,5,3,0,0,0,0,1,0,0,0,0,0,0,0,0,0,0,0,0,1,0,0,0,1,0,1,2,0,0,0,0,3,1,0,0,0,0,0,0,0,0,0,0,0,0,0,0,0,1,2,0,1,2,2,0,0,0,0,0,1,1,1,0,0,0,0,0,0,0,0,0,5,0,,,,,,,,,,,,,,,,,,,,,,,,,,,,,,,,,,,0,,,,,65.961
1966,Unscored (no condition data),RPath,8668,,2.0,,0.0,0.0,0.0,,Asphalt,,,2,8.872,,,,,46,3,,sidewalks,CON,0,0,0,0,0,0,0,0,0,0,0,0,1,2,2,0,0,0,1,2,2,0,0,0,0,5,3,0,0,0,0,1,0,0,0,0,0,0,0,0,0,0,0,0,1,0,0,0,1,0,1,2,2,0,0,0,3,1,0,0,0,0,0,0,0,0,0,0,0,0,0,0,0,1,2,0,1,2,2,0,0,0,0,0,1,1,1,0,0,0,0,0,0,0,0,0,5,0,,,,,,,,,,,,,,,,,,,,,,,,,,,,,,,,,,,0,,,,,8.872
1967,Unscored (no condition data),RPath,8739,,2.0,,0.0,0.0,0.0,,Asphalt,,,2,98.067,,,,,31,2,,sidewalks,CON,1,2,0,0,0,0,0,0,0,0,0,0,1,2,0,1,0,0,0,0,0,0,0,0,0,0,3,0,1,0,0,0,0,0,0,0,0,0,0,0,0,0,0,0,1,0,0,0,0,0,1,2,0,0,0,0,0,1,0,0,0,0,0,0,1,2,0,0,0,0,0,0,0,0,0,0,1,0,0,0,0,0,0,0,1,1,1,1,2,0,0,0,0,0,0,0,5,0,,,,,,,,,,,,,,,,,,,,,,,,,,,,,,,,,,,0,,,,,98.067
1968,Unscored (no condition data),RPath,8751,,2.0,,0.0,0.0,0.0,,Asphalt,,,2,291.108,,,,,48,3,,sidewalks,CON,1,2,2,0,0,0,0,0,0,0,0,0,1,2,0,0,0,0,0,0,0,0,0,0,0,0,0,2,0,0,0,0,0,0,1,0,0,0,0,0,0,0,0,0,0,0,0,0,1,1,1,2,2,5,0,0,3,1,0,0,0,0,0,0,0,0,0,0,0,0,0,0,0,0,0,0,1,2,2,0,0,0,5,3,1,1,1,0,0,0,0,0,0,0,0,0,5,0,,,,,,,,,,,,,,,,,,,,,,,,,,,,,,,,,,,0,,,,,291.108
1969,Unscored (no condition data),RPath,8784,,2.0,,0.0,0.0,0.0,,Asphalt,,,2,85.315,,,,,48,3,,sidewalks,CON,1,2,2,0,0,0,0,0,0,0,0,0,1,2,0,0,0,0,0,0,0,0,0,0,0,0,0,2,0,0,0,0,0,0,0,0,0,0,0,0,0,0,0,0,0,0,0,0,1,1,1,2,2,5,0,4,0,1,0,0,0,0,0,0,0,0,0,0,0,0,0,0,0,1,2,2,1,0,0,0,0,0,0,3,1,1,0,1,2,2,0,0,0,0,0,0,5,0,,,,,,,,,,,,,,,,,,,,,,,,,,,,,,,,,,,0,,,,,85.315
1970,Unscored (no condition data),RPath,8787,,2.0,,0.0,0.0,0.0,,Asphalt,,,2,93.87,,,,,43,2,,sidewalks,CON,1,2,2,0,0,0,0,0,0,0,0,0,1,2,0,0,0,0,0,0,0,0,0,0,0,0,0,2,0,0,0,0,0,0,0,0,0,0,0,0,0,0,0,0,0,0,0,0,1,1,1,2,2,5,0,4,0,1,0,0,0,0,0,0,0,0,0,0,0,0,0,0,0,1,2,0,0,0,0,0,0,0,0,3,1,1,0,1,2,0,0,0,0,0,0,0,5,0,,,,,,,,,,,,,,,,,,,,,,,,,,,,,,,,,,,0,,,,,93.87
1971,Unscored (no condition data),RPath,8791,,2.0,,0.0,0.0,0.0,,Asphalt,,,2,55.6,,,,,48,3,,sidewalks,CON,1,2,2,0,0,0,0,0,0,0,0,0,1,0,0,0,0,0,0,0,0,0,0,0,0,5,0,2,0,0,0,0,0,0,0,0,0,0,0,0,0,0,0,0,0,0,0,0,1,1,1,2,2,5,5,4,0,1,0,0,0,0,0,0,0,0,0,0,0,0,0,0,0,1,0,0,0,0,0,0,0,0,0,3,1,1,1,1,0,0,0,0,0,0,0,0,5,0,,,,,,,,,,,,,,,,,,,,,,,,,,,,,,,,,,,0,,,,,55.6
1972,Unscored (no condition data),RPath,8960,,2.0,,0.0,0.0,0.0,,Asphalt,,,2,144.312,,,,,48,3,,sidewalks,CON,1,2,0,1,0,0,1,0,0,0,0,0,1,2,2,1,0,0,0,0,0,0,0,0,0,5,0,2,0,0,0,0,0,0,1,0,0,0,0,0,0,0,0,0,0,0,0,0,0,0,1,2,2,0,0,0,3,1,0,0,0,0,0,0,0,0,0,0,0,0,0,0,0,1,2,2,1,2,2,0,0,0,0,3,1,0,1,0,0,0,0,0,0,0,0,0,5,0,,,,,,,,,,,,,,,,,,,,,,,,,,,,,,,,,,,0,,,,,144.312
1973,Unscored (no condition data),RPath,8972,,2.0,,0.0,0.0,0.0,,Asphalt,,,2,65.916,,,,,48,3,,sidewalks,HMAC,1,2,0,1,0,0,1,0,0,0,0,0,1,2,2,1,0,0,0,0,0,0,0,0,0,5,0,2,0,0,0,0,0,0,1,0,0,0,0,0,0,0,0,0,0,0,0,0,0,0,1,2,2,0,0,0,3,1,0,0,0,0,0,0,0,0,0,0,0,0,0,0,0,1,2,2,1,2,2,0,0,0,0,3,1,0,1,0,0,0,0,0,0,0,0,0,5,0,,,,,,,,,,,,,,,,,,,,,,,,,,,,,,,,,,,0,,,,,65.916
1974,Unscored (no condition data),RPath,9361,,2.0,,0.0,0.0,0.0,,Asphalt,,,2,66.157,,,,,41,2,,sidewalks,CON,1,2,2,0,0,0,0,0,0,0,0,0,0,0,0,0,0,0,0,0,0,0,0,0,5,0,0,0,0,0,0,1,2,2,0,0,0,0,0,0,0,0,0,0,0,0,0,0,1,1,1,2,2,0,5,4,0,1,0,0,0,0,0,0,0,0,0,0,0,0,0,0,0,1,0,0,0,0,0,0,0,0,0,0,1,1,1,0,0,0,0,0,0,0,0,0,5,0,,,,,,,,,,,,,,,,,,,,,,,,,,,,,,,,,,,0,,,,,66.157
1975,Unscored (no condition data),RPath,9633,,2.0,,0.0,0.0,0.0,,Asphalt,,,2,103.205,,,,,48,3,,sidewalks,HMAC,1,2,2,1,0,0,0,0,0,0,0,0,1,2,0,1,2,0,0,0,0,0,0,0,0,5,0,2,0,0,0,0,0,0,1,0,0,0,0,0,0,0,0,5,0,0,0,0,0,0,1,2,0,0,0,0,0,1,0,0,0,0,0,0,1,0,0,0,0,0,0,0,0,1,0,0,1,0,0,0,0,0,0,3,1,1,1,1,2,2,0,0,0,0,0,0,5,0,,,,,,,,,,,,,,,,,,,,,,,,,,,,,,,,,,,0,,,,,103.205
1976,Unscored (no condition data),RPath,9634,,2.0,,0.0,0.0,0.0,,Asphalt,,,2,93.874,,,,,42,2,,sidewalks,HMAC,1,2,2,1,0,0,0,0,0,0,0,0,1,0,0,1,0,0,0,0,0,0,0,0,0,5,0,2,0,0,0,0,0,0,0,0,0,0,0,0,0,0,0,5,0,0,0,0,0,0,1,2,0,0,0,0,0,1,0,0,0,0,0,0,1,0,0,0,0,0,0,0,0,0,0,0,1,0,0,0,0,0,0,3,1,1,1,1,2,2,0,0,0,0,0,0,5,0,,,,,,,,,,,,,,,,,,,,,,,,,,,,,,,,,,,0,,,,,93.874
1977,Unscored (no condition data),RPath,9635,,2.0,,0.0,0.0,0.0,,Asphalt,,,2,91.522,,,,,41,2,,sidewalks,HMAC,1,2,2,1,0,0,0,0,0,0,0,0,1,0,0,1,0,0,0,0,0,0,0,0,0,5,0,2,0,0,0,0,0,0,0,0,0,0,0,0,0,0,0,5,0,0,0,0,0,0,1,2,0,0,0,0,0,1,0,0,0,0,0,0,0,0,0,0,0,0,0,0,0,0,0,0,1,0,0,0,0,0,0,3,1,1,1,1,2,2,0,0,0,0,0,0,5,0,,,,,,,,,,,,,,,,,,,,,,,,,,,,,,,,,,,0,,,,,91.522
1978,Unscored (no condition data),RPath,9636,,2.0,,0.0,0.0,0.0,,Asphalt,,,2,96.383,,,,,35,2,,sidewalks,HMAC,1,2,2,0,0,0,0,0,0,0,0,0,0,0,0,0,0,0,0,0,0,0,0,0,0,5,0,2,0,0,0,0,0,0,0,0,0,0,0,0,0,0,0,5,0,0,0,0,0,0,1,2,0,0,0,0,0,1,0,0,0,0,0,0,0,0,0,0,0,0,0,0,0,0,0,0,0,0,0,0,0,0,0,3,1,1,1,1,2,0,0,0,0,0,0,0,5,0,,,,,,,,,,,,,,,,,,,,,,,,,,,,,,,,,,,0,,,,,96.383
1979,Unscored (no condition data),RPath,9637,,2.0,,0.0,0.0,0.0,,Asphalt,,,2,97.44,,,,,33,2,,sidewalks,HMAC,1,2,2,0,0,0,0,0,0,0,0,0,0,0,0,0,0,0,0,0,0,0,0,0,0,5,0,2,0,0,0,0,0,0,0,0,0,0,0,0,0,0,0,5,0,0,0,0,0,0,1,0,0,0,0,0,0,1,0,0,0,0,0,0,0,0,0,0,0,0,0,0,0,0,0,0,0,0,0,0,0,0,0,3,1,1,1,1,2,0,0,0,0,0,0,0,5,0,,,,,,,,,,,,,,,,,,,,,,,,,,,,,,,,,,,0,,,,,97.44
1980,Unscored (no condition data),RPath,9638,,2.0,,0.0,0.0,0.0,,Asphalt,,,2,57.597,,,,,31,2,,sidewalks,HMAC,1,2,2,0,0,0,0,0,0,0,0,0,0,0,0,0,0,0,0,0,0,0,0,0,0,5,0,0,0,0,0,0,0,0,0,0,0,0,0,0,0,0,0,5,0,0,0,0,0,0,1,2,0,0,0,0,0,1,0,0,0,0,0,0,0,0,0,0,0,0,0,0,0,0,0,0,0,0,0,0,0,0,0,3,1,1,1,1,0,0,0,0,0,0,0,0,5,0,,,,,,,,,,,,,,,,,,,,,,,,,,,,,,,,,,,0,,,,,57.597
1981,Unscored (no condition data),RPath,9640,,2.0,,0.0,0.0,0.0,,Asphalt,,,2,148.887,,,,,32,2,,sidewalks,HMAC,1,2,2,0,0,0,0,0,0,0,0,0,0,0,0,0,0,0,0,0,0,0,0,0,0,5,0,2,0,0,0,0,0,0,0,0,0,0,0,0,0,0,0,5,0,0,0,0,0,0,1,2,2,0,0,0,0,1,0,0,0,0,0,0,0,0,0,0,0,0,0,0,0,0,0,0,0,0,0,0,0,0,0,0,1,1,1,1,0,0,0,0,0,0,0,0,5,0,,,,,,,,,,,,,,,,,,,,,,,,,,,,,,,,,,,0,,,,,148.887
1982,Unscored (no condition data),RPath,9702,,2.0,,0.0,0.0,0.0,,Asphalt,,,2,23.644,,,,,46,3,,sidewalks,CON,1,2,0,1,2,0,1,2,0,0,0,0,0,0,0,0,0,0,0,0,0,0,0,0,0,0,0,2,0,0,0,0,0,0,0,0,0,0,0,0,0,0,0,0,0,0,0,0,0,0,1,2,2,5,0,4,3,1,0,0,0,0,0,0,0,0,0,0,0,0,0,0,0,1,2,0,1,2,0,0,0,0,0,3,1,1,1,0,0,0,0,0,0,0,0,0,5,0,,,,,,,,,,,,,,,,,,,,,,,,,,,,,,,,,,,0,,,,,23.644
1983,Unscored (no condition data),RPath,9717,,2.0,,0.0,0.0,0.0,,Asphalt,,,2,264.534,,,,,46,3,,sidewalks,CON,1,2,2,1,2,0,1,2,0,0,0,0,0,0,0,0,0,0,0,0,0,0,0,0,0,0,0,2,0,0,0,0,0,0,0,0,0,0,0,0,0,0,0,0,0,0,0,0,1,1,1,2,2,5,0,4,0,1,0,0,0,0,0,0,0,0,0,0,0,0,0,0,0,1,2,2,0,0,0,0,0,0,0,3,1,1,1,0,0,0,0,0,0,0,0,0,5,0,,,,,,,,,,,,,,,,,,,,,,,,,,,,,,,,,,,0,,,,,264.534
1984,Unscored (no condition data),RPath,10407,,2.0,,0.0,0.0,0.0,,Asphalt,,,2,150.977,,,,,36,2,,sidewalks,CON,1,2,2,0,0,0,0,0,0,0,0,0,1,2,0,0,0,0,0,0,0,0,0,0,0,0,0,0,0,0,0,1,2,0,1,0,0,1,0,0,1,2,2,0,1,0,0,0,0,0,1,0,0,0,0,4,0,0,1,0,0,0,0,0,0,0,0,0,0,0,0,0,0,1,0,0,1,0,0,0,0,0,0,0,1,1,1,1,0,0,0,0,0,0,0,0,5,0,,,,,,,,,,,,,,,,,,,,,,,,,,,,,,,,,,,0,,,,,150.977
1985,Unscored (no condition data),RPath,10452,,2.0,,0.0,0.0,0.0,,Asphalt,,,2,39.616,,,,,30,2,,sidewalks,CON,1,2,0,0,0,0,0,0,0,0,0,0,0,0,0,0,0,0,0,0,0,0,0,0,0,5,0,0,0,0,0,0,0,0,0,0,0,0,0,0,0,0,0,0,0,0,0,0,0,0,1,2,2,5,5,0,0,1,0,0,0,0,0,0,0,0,0,0,0,0,0,0,0,0,0,0,0,0,0,0,0,0,0,0,1,1,1,0,0,0,0,0,0,0,0,0,0,3,,,,,,,,,,,,,,,,,,,,,,,,,,,,,,,,,,,0,,,,,39.616
1986,Unscored (no condition data),RPath,10453,,2.0,,0.0,0.0,0.0,,Asphalt,,,2,428.203,,,,,34,2,,sidewalks,CON,1,2,2,0,0,0,0,0,0,0,0,0,0,0,0,0,0,0,0,0,0,0,0,0,0,5,0,2,0,0,0,0,0,0,0,0,0,0,0,0,0,0,0,0,0,0,0,0,0,0,1,2,2,5,5,0,0,1,0,0,0,0,0,0,0,0,0,0,0,0,0,0,0,0,0,0,0,0,0,0,0,0,0,0,1,1,1,0,0,0,0,0,0,0,0,0,0,3,,,,,,,,,,,,,,,,,,,,,,,,,,,,,,,,,,,0,,,,,428.203
1987,Unscored (no condition data),RPath,11065,,2.0,,0.0,0.0,0.0,,Asphalt,,,2,6.7,,,,,34,2,,sidewalks,CON,1,2,2,1,2,0,0,0,0,0,0,0,0,0,0,1,0,0,0,0,0,0,0,0,0,0,0,0,0,0,0,0,0,0,1,2,2,0,0,0,0,0,0,0,1,0,0,0,0,0,1,2,2,0,5,0,3,0,0,0,0,0,0,0,1,2,0,0,0,0,0,0,0,0,0,0,0,0,0,0,0,0,0,0,1,1,1,0,0,0,0,0,0,0,0,0,0,0,,,,,,,,,,,,,,,,,,,,,,,,,,,,,,,,,,,0,,,,,6.7
1988,Unscored (no condition data),RPath,1647,,2.0,,0.0,0.0,0.0,,Asphalt,,,2,40.483,,,,,39,2,,walkways,HMAC,1,2,2,1,2,0,1,2,0,0,0,0,0,0,0,0,0,0,0,0,0,0,0,0,0,5,0,2,0,0,0,0,0,0,1,2,0,0,0,0,0,0,0,0,0,0,0,0,0,0,1,2,0,0,0,0,0,1,0,0,0,0,0,0,0,0,0,0,0,0,0,0,0,1,2,0,0,0,0,0,0,0,0,3,1,1,1,0,0,0,0,0,0,0,0,0,5,0,,,,,,,,,,,,,,,,,,,,,,,,,,,,,,,,,,,0,,,,,40.483
1989,Unscored (no condition data),RPath,1678,,2.0,,0.0,0.0,0.0,,Asphalt,,,2,31.108,,,,,43,2,,walkways,HMAC,1,2,2,1,0,0,1,0,0,1,2,0,1,2,0,0,0,0,0,0,0,0,0,0,0,5,0,2,0,0,0,0,0,0,1,2,2,0,0,0,0,0,0,0,0,0,0,0,0,0,1,2,0,0,0,0,0,0,0,0,0,0,0,0,0,0,0,0,0,0,1,2,0,0,0,0,1,2,0,0,0,0,0,3,0,1,0,0,0,0,0,0,0,0,0,0,5,0,,,,,,,,,,,,,,,,,,,,,,,,,,,,,,,,,,,0,,,,,31.108
1990,Unscored (no condition data),RPath,1679,,2.0,,0.0,0.0,0.0,,Asphalt,,,2,46.594,,,,,46,3,,walkways,HMAC,1,2,2,1,0,0,1,0,0,1,2,0,1,2,0,0,0,0,0,0,0,0,0,0,0,5,0,2,0,0,0,0,0,0,1,2,2,0,0,0,0,0,0,0,0,0,0,0,0,0,1,2,2,0,0,0,0,1,0,0,0,0,0,0,0,0,0,0,0,0,1,2,0,0,0,0,1,2,0,0,0,0,0,3,0,1,0,0,0,0,0,0,0,0,0,0,5,0,,,,,,,,,,,,,,,,,,,,,,,,,,,,,,,,,,,0,,,,,46.594
1991,Unscored (no condition data),RPath,1880,,2.0,,0.0,0.0,0.0,,Asphalt,,,2,50.577,,,,,32,2,,walkways,SS,1,2,2,1,0,0,0,0,0,0,0,0,1,0,0,1,0,0,0,0,0,0,0,0,0,5,0,2,0,0,0,0,0,0,1,0,0,0,0,0,1,0,0,0,0,0,0,0,0,0,1,0,0,0,0,0,3,0,0,0,0,0,0,0,0,0,0,0,0,0,0,0,0,1,2,0,0,0,0,0,0,0,0,0,1,1,1,0,0,0,0,0,0,0,0,0,5,0,,,,,,,,,,,,,,,,,,,,,,,,,,,,,,,,,,,0,,,,,50.577
1992,Unscored (no condition data),RPath,1882,,2.0,,0.0,0.0,0.0,,Asphalt,,,2,49.858,,,,,37,2,,walkways,SS,1,2,2,1,2,2,1,2,2,0,0,0,1,0,0,1,0,0,0,0,0,0,0,0,0,5,0,2,0,0,0,1,0,0,0,0,0,0,0,0,0,0,0,0,0,0,0,0,0,0,0,0,0,0,0,0,3,0,0,0,0,0,0,0,0,0,0,0,0,0,0,0,0,1,0,0,0,0,0,0,0,0,0,0,1,1,1,0,0,0,0,0,0,0,0,0,5,0,,,,,,,,,,,,,,,,,,,,,,,,,,,,,,,,,,,0,,,,,49.858
1993,Unscored (no condition data),RPath,1885,,2.0,,0.0,0.0,0.0,,Asphalt,,,2,41.287,,,,,43,2,,walkways,HMAC,1,2,2,1,0,0,1,0,0,0,0,0,1,2,2,0,0,0,0,0,0,0,0,0,0,5,0,2,0,0,0,0,0,0,0,0,0,0,0,0,0,0,0,0,0,0,0,0,1,0,1,2,0,0,0,0,0,1,0,0,0,0,0,0,0,0,0,0,0,0,0,0,0,1,2,2,1,0,0,0,0,0,0,3,1,1,0,1,2,0,0,0,0,0,0,0,5,0,,,,,,,,,,,,,,,,,,,,,,,,,,,,,,,,,,,0,,,,,41.287
1994,Unscored (no condition data),RPath,1886,,2.0,,0.0,0.0,0.0,,Asphalt,,,2,41.673,,,,,48,3,,walkways,SS,1,2,2,1,2,2,1,2,2,1,2,0,1,2,0,0,0,0,0,0,0,0,0,0,0,5,0,2,0,0,0,0,0,0,1,2,0,0,0,0,0,0,0,0,0,0,0,0,0,0,1,0,0,0,0,0,0,1,0,0,0,0,0,0,0,0,0,0,0,0,0,0,0,0,0,0,1,0,0,0,0,0,5,3,0,1,0,0,0,0,0,0,0,0,0,0,5,0,,,,,,,,,,,,,,,,,,,,,,,,,,,,,,,,,,,0,,,,,41.673
1995,Unscored (no condition data),RPath,1887,,2.0,,0.0,0.0,0.0,,Asphalt,,,2,36.652,,,,,37,2,,walkways,SS,1,2,2,1,0,0,1,0,0,0,0,0,0,0,0,0,0,0,0,0,0,0,0,0,0,5,0,2,0,0,0,0,0,0,1,2,0,0,0,0,0,0,0,0,0,0,0,0,0,0,1,2,0,0,0,0,0,1,0,0,0,0,0,0,0,0,0,0,0,0,0,0,0,1,2,2,0,0,0,0,0,0,0,3,1,1,1,0,0,0,0,0,0,0,0,0,5,0,,,,,,,,,,,,,,,,,,,,,,,,,,,,,,,,,,,0,,,,,36.652
1996,Unscored (no condition data),PTrail,747,,2.0,,0.0,0.0,0.0,,Asphalt,,,2,25.524,,,,,43,2,,trails,Asphalt,1,2,2,1,0,0,1,0,0,1,0,0,1,2,2,0,0,0,0,0,0,0,0,0,0,5,0,2,0,0,0,0,0,0,1,0,0,0,0,0,0,0,0,0,1,0,0,0,1,0,1,2,0,0,0,0,0,0,0,0,0,0,0,0,0,0,0,0,0,0,0,0,0,1,2,2,1,2,0,0,0,0,0,3,0,1,0,0,0,0,0,0,0,0,0,0,5,0,,,,,,,,,,,,,,,,,,,,,,,,,,,,,,,,,,,0,,,,,25.524
1997,Unscored (no condition data),PTrail,748,,2.0,,0.0,0.0,0.0,,Asphalt,,,2,38.545,,,,,39,2,,trails,Asphalt,1,2,2,1,0,0,1,0,0,0,0,0,1,2,2,0,0,0,0,0,0,0,0,0,0,5,0,2,0,0,0,0,0,0,0,0,0,0,0,0,0,0,0,0,0,0,0,0,1,0,1,2,0,0,0,0,0,1,0,0,0,0,0,0,0,0,0,0,0,0,0,0,0,1,2,0,1,2,0,0,0,0,0,3,0,1,0,0,0,0,0,0,0,0,0,0,5,0,,,,,,,,,,,,,,,,,,,,,,,,,,,,,,,,,,,0,,,,,38.545
1998,Unscored (no condition data),PTrail,751,,2.0,,0.0,0.0,0.0,,Asphalt,,,2,24.452,,,,,40,2,,trails,Asphalt,1,2,2,1,0,0,1,0,0,0,0,0,1,2,2,0,0,0,0,0,0,0,0,0,0,5,0,2,0,0,0,0,0,0,0,0,0,0,0,0,0,0,0,0,0,0,0,0,1,0,1,2,0,0,0,0,0,0,0,0,0,0,0,0,0,0,0,0,0,0,0,0,0,1,2,2,1,2,0,0,0,0,0,3,0,1,0,0,0,0,0,0,0,0,0,0,5,0,,,,,,,,,,,,,,,,,,,,,,,,,,,,,,,,,,,0,,,,,24.452
1999,Unscored (no condition data),PTrail,752,,2.0,,0.0,0.0,0.0,,Asphalt,,,2,47.349,,,,,39,2,,trails,Asphalt,1,2,2,1,0,0,1,0,0,0,0,0,1,2,0,0,0,0,0,0,0,0,0,0,0,5,0,2,0,0,0,0,0,0,0,0,0,0,0,0,0,0,0,0,0,0,0,0,1,1,1,2,2,0,0,0,0,1,0,0,0,0,0,0,1,0,0,0,0,0,0,0,0,1,2,0,1,0,0,0,0,0,0,3,0,1,0,0,0,0,0,0,0,0,0,0,5,0,,,,,,,,,,,,,,,,,,,,,,,,,,,,,,,,,,,0,,,,,47.349
2000,Unscored (no condition data),PTrail,753,,2.0,,0.0,0.0,0.0,,Asphalt,,,2,37.857,,,,,46,3,,trails,Asphalt,1,2,2,1,2,0,1,2,0,0,0,0,1,0,0,1,2,0,0,0,0,0,0,0,0,5,0,2,0,0,0,0,0,0,1,2,2,0,0,0,1,0,0,0,1,2,0,0,1,0,1,2,0,0,0,0,0,1,0,0,0,0,0,0,0,0,0,0,0,0,0,0,0,0,0,0,1,0,0,0,0,0,0,3,1,0,0,0,0,0,0,0,0,0,0,0,5,0,,,,,,,,,,,,,,,,,,,,,,,,,,,,,,,,,,,0,,,,,37.857
2001,Unscored (no condition data),PTrail,754,,2.0,,0.0,0.0,0.0,,Asphalt,,,2,39.913,,,,,42,2,,trails,Asphalt,1,2,2,1,2,0,1,2,0,0,0,0,1,0,0,1,2,0,0,0,0,0,0,0,0,5,0,2,0,0,0,0,0,0,1,2,2,0,0,0,1,0,0,0,1,0,0,0,1,0,1,2,2,0,0,0,0,0,0,0,0,0,0,0,0,0,0,0,0,0,0,0,0,0,0,0,1,0,0,0,0,0,0,0,1,0,0,0,0,0,0,0,0,0,0,0,5,0,,,,,,,,,,,,,,,,,,,,,,,,,,,,,,,,,,,0,,,,,39.913
2002,Unscored (no condition data),PTrail,755,,2.0,,0.0,0.0,0.0,,Asphalt,,,2,136.063,,,,,41,2,,trails,Asphalt,1,2,2,1,2,0,1,2,0,0,0,0,1,0,0,1,2,0,0,0,0,0,0,0,0,5,0,2,0,0,0,0,0,0,1,2,2,0,0,0,1,0,0,0,1,0,0,0,1,0,1,2,0,0,0,0,0,1,0,0,0,0,0,0,0,0,0,0,0,0,0,0,0,0,0,0,1,0,0,0,0,0,0,0,1,0,0,0,0,0,0,0,0,0,0,0,5,0,,,,,,,,,,,,,,,,,,,,,,,,,,,,,,,,,,,0,,,,,136.063
2003,Unscored (no condition data),PTrail,763,,2.0,,0.0,0.0,0.0,,Asphalt,,,2,1815.092,,,,,38,2,,trails,Asphalt,1,2,2,0,0,0,0,0,0,0,0,0,1,2,0,0,0,0,0,0,0,0,0,0,0,5,3,0,0,0,0,0,0,0,1,2,0,0,0,0,0,0,0,0,1,2,0,0,0,0,0,0,0,0,5,0,0,0,0,0,0,0,0,0,0,0,0,0,0,0,0,0,0,0,0,0,1,2,0,0,0,0,0,0,1,1,1,0,0,0,0,0,0,0,0,0,5,0,,,,,,,,,,,,,,,,,,,,,,,,,,,,,,,,,,,1,,,,,1815.092
2004,Unscored (no condition data),PTrail,768,,2.0,,0.0,0.0,0.0,,Asphalt,,,2,296.499,,,,,48,3,,trails,Asphalt,1,2,2,1,2,0,0,0,0,0,0,0,1,2,0,0,0,0,0,0,0,0,0,0,5,5,0,0,0,0,0,0,0,0,1,2,2,0,0,0,0,0,0,0,1,0,0,0,0,0,1,2,0,0,0,0,0,0,1,2,0,0,0,0,0,0,0,0,0,0,0,0,0,1,2,0,1,2,0,0,0,0,0,0,1,1,1,1,0,0,0,0,0,0,0,0,5,0,,,,,,,,,,,,,,,,,,,,,,,,,,,,,,,,,,,0,,,,,296.499
2005,Unscored (no condition data),PTrail,769,,2.0,,0.0,0.0,0.0,,Asphalt,,,2,25.551,,,,,43,2,,trails,Asphalt,1,2,2,1,2,0,0,0,0,0,0,0,1,2,2,0,0,0,0,0,0,0,0,0,0,5,0,0,0,0,0,0,0,0,1,0,0,0,0,0,0,0,0,0,0,0,0,0,0,0,1,2,0,0,0,0,0,0,1,2,2,0,0,0,0,0,0,0,0,0,0,0,0,1,2,2,1,0,0,0,0,0,0,0,1,0,1,1,2,0,0,0,0,0,0,0,5,0,,,,,,,,,,,,,,,,,,,,,,,,,,,,,,,,,,,0,,,,,25.551
2006,Unscored (no condition data),PTrail,770,,2.0,,0.0,0.0,0.0,,Asphalt,,,2,20.755,,,,,48,3,,trails,Asphalt,1,2,2,1,2,0,0,0,0,0,0,0,1,2,2,0,0,0,0,0,0,0,0,0,0,5,0,0,0,0,0,0,0,0,1,0,0,0,0,0,0,0,0,0,1,0,0,0,0,0,1,2,2,0,0,0,0,0,1,2,2,0,0,0,0,0,0,0,0,0,0,0,0,1,2,2,1,0,0,0,0,0,0,0,1,0,1,1,2,2,0,0,0,0,0,0,5,0,,,,,,,,,,,,,,,,,,,,,,,,,,,,,,,,,,,0,,,,,20.755
2007,Unscored (no condition data),PTrail,771,,2.0,,0.0,0.0,0.0,,Asphalt,,,2,108.876,,,,,44,2,,trails,Asphalt,1,2,2,1,2,2,0,0,0,0,0,0,1,2,2,0,0,0,0,0,0,0,0,0,0,5,0,0,0,0,0,0,0,0,0,0,0,0,0,0,0,0,0,0,0,0,0,0,0,0,1,2,0,0,0,0,0,0,1,2,2,0,0,0,0,0,0,0,0,0,0,0,0,1,2,2,1,0,0,0,0,0,0,0,1,0,1,1,2,0,0,0,0,0,0,0,5,0,,,,,,,,,,,,,,,,,,,,,,,,,,,,,,,,,,,0,,,,,108.876
2008,Unscored (no condition data),PTrail,772,,2.0,,0.0,0.0,0.0,,Asphalt,,,2,62.088,,,,,40,2,,trails,Asphalt,1,2,2,1,2,2,0,0,0,0,0,0,1,2,2,0,0,0,0,0,0,0,0,0,0,5,0,0,0,0,0,0,0,0,0,0,0,0,0,0,0,0,0,0,0,0,0,0,0,0,1,2,0,0,0,0,0,0,1,2,0,0,0,0,0,0,0,0,0,0,0,0,0,1,2,0,1,0,0,0,0,0,0,0,1,0,1,1,2,0,0,0,0,0,0,0,5,0,,,,,,,,,,,,,,,,,,,,,,,,,,,,,,,,,,,0,,,,,62.088
2009,Unscored (no condition data),PTrail,773,,2.0,,0.0,0.0,0.0,,Asphalt,,,2,153.349,,,,,40,2,,trails,Asphalt,1,2,2,1,2,2,0,0,0,0,0,0,1,2,2,0,0,0,0,0,0,0,0,0,0,5,0,0,0,0,0,0,0,0,0,0,0,0,0,0,0,0,0,0,0,0,0,0,0,0,1,2,0,0,0,0,0,0,1,2,0,0,0,0,0,0,0,0,0,0,0,0,0,1,2,0,1,0,0,0,0,0,0,0,1,0,1,1,2,0,0,0,0,0,0,0,5,0,,,,,,,,,,,,,,,,,,,,,,,,,,,,,,,,,,,0,,,,,153.349
2010,Unscored (no condition data),PTrail,774,,2.0,,0.0,0.0,0.0,,Asphalt,,,2,82.458,,,,,42,2,,trails,Asphalt,1,2,2,1,2,2,0,0,0,0,0,0,1,2,2,0,0,0,0,0,0,0,0,0,0,5,0,0,0,0,0,0,0,0,0,0,0,0,0,0,0,0,0,0,0,0,0,0,0,0,1,2,0,0,0,0,0,0,1,2,0,0,0,0,0,0,0,0,0,0,0,0,0,1,2,0,1,2,0,0,0,0,0,0,1,0,1,1,2,0,0,0,0,0,0,0,5,0,,,,,,,,,,,,,,,,,,,,,,,,,,,,,,,,,,,0,,,,,82.458
2011,Unscored (no condition data),PTrail,775,,2.0,,0.0,0.0,0.0,,Asphalt,,,2,30.163,,,,,40,2,,trails,Asphalt,1,2,2,1,2,2,0,0,0,0,0,0,1,2,2,0,0,0,0,0,0,0,0,0,0,5,0,0,0,0,0,0,0,0,0,0,0,0,0,0,0,0,0,0,0,0,0,0,0,0,1,2,0,0,0,0,0,0,1,2,0,0,0,0,0,0,0,0,0,0,0,0,0,1,2,0,1,2,0,0,0,0,0,0,1,0,1,1,0,0,0,0,0,0,0,0,5,0,,,,,,,,,,,,,,,,,,,,,,,,,,,,,,,,,,,0,,,,,30.163
2012,Unscored (no condition data),PTrail,776,,2.0,,0.0,0.0,0.0,,Asphalt,,,2,76.649,,,,,40,2,,trails,Asphalt,1,2,2,1,2,2,0,0,0,0,0,0,1,2,2,0,0,0,0,0,0,0,0,0,0,5,0,0,0,0,0,0,0,0,0,0,0,0,0,0,0,0,0,0,0,0,0,0,0,0,1,2,0,0,0,0,0,0,1,2,0,0,0,0,0,0,0,0,0,0,0,0,0,1,2,0,1,2,0,0,0,0,0,0,1,0,1,1,0,0,0,0,0,0,0,0,5,0,,,,,,,,,,,,,,,,,,,,,,,,,,,,,,,,,,,0,,,,,76.649
2013,Unscored (no condition data),PTrail,777,,2.0,,0.0,0.0,0.0,,Asphalt,,,2,15.233,,,,,36,2,,trails,Asphalt,1,2,2,1,2,2,0,0,0,0,0,0,1,2,0,0,0,0,0,0,0,0,0,0,0,5,0,0,0,0,0,0,0,0,0,0,0,0,0,0,0,0,0,0,0,0,0,0,0,0,1,2,0,0,0,0,0,0,1,0,0,0,0,0,0,0,0,0,0,0,0,0,0,1,2,0,1,2,0,0,0,0,0,0,1,0,1,1,0,0,0,0,0,0,0,0,5,0,,,,,,,,,,,,,,,,,,,,,,,,,,,,,,,,,,,0,,,,,15.233
2014,Unscored (no condition data),PTrail,778,,2.0,,0.0,0.0,0.0,,Asphalt,,,2,176.643,,,,,38,2,,trails,Asphalt,1,2,2,1,0,0,0,0,0,0,0,0,1,2,0,0,0,0,0,0,0,0,0,0,0,5,0,2,0,0,0,0,0,0,0,0,0,0,0,0,0,0,0,5,0,0,0,0,0,0,1,0,0,5,0,0,3,1,0,0,0,0,0,0,0,0,0,0,0,0,0,0,0,0,0,0,0,0,0,0,0,0,0,0,1,0,1,0,0,0,0,0,0,0,0,0,5,0,,,,,,,,,,,,,,,,,,,,,,,,,,,,,,,,,,,0,,,,,176.643
2015,Unscored (no condition data),PTrail,779,,2.0,,0.0,0.0,0.0,,Asphalt,,,2,731.61,,,,,47,3,,trails,Asphalt,1,2,2,1,2,2,0,0,0,0,0,0,1,2,2,0,0,0,0,0,0,0,0,0,5,5,0,0,0,0,0,0,0,0,1,0,0,0,0,0,0,0,0,0,0,0,0,0,0,0,1,2,0,0,0,0,0,0,1,2,2,0,0,0,0,0,0,0,0,0,0,0,0,1,2,0,1,0,0,0,0,0,0,0,1,1,1,1,0,0,0,0,0,0,0,0,5,0,,,,,,,,,,,,,,,,,,,,,,,,,,,,,,,,,,,0,,,,,731.61
2016,Unscored (no condition data),PTrail,780,,2.0,,0.0,0.0,0.0,,Asphalt,,,2,18.696,,,,,42,2,,trails,Asphalt,1,2,2,1,2,2,0,0,0,0,0,0,1,2,2,0,0,0,0,0,0,0,0,0,0,5,0,0,0,0,0,0,0,0,0,0,0,0,0,0,0,0,0,0,0,0,0,0,0,0,1,2,0,0,0,0,0,0,1,2,0,0,0,0,0,0,0,0,0,0,0,0,0,1,2,0,1,2,0,0,0,0,0,0,1,0,1,1,2,0,0,0,0,0,0,0,5,0,,,,,,,,,,,,,,,,,,,,,,,,,,,,,,,,,,,0,,,,,18.696
2017,Unscored (no condition data),PTrail,781,,2.0,,0.0,0.0,0.0,,Asphalt,,,2,60.311,,,,,40,2,,trails,Asphalt,1,2,2,1,2,2,0,0,0,0,0,0,1,2,2,0,0,0,0,0,0,0,0,0,0,5,0,0,0,0,0,0,0,0,0,0,0,0,0,0,0,0,0,0,0,0,0,0,0,0,1,2,0,0,0,0,0,0,1,2,0,0,0,0,0,0,0,0,0,0,0,0,0,1,2,0,1,0,0,0,0,0,0,0,1,0,1,1,2,0,0,0,0,0,0,0,5,0,,,,,,,,,,,,,,,,,,,,,,,,,,,,,,,,,,,0,,,,,60.311
2018,Unscored (no condition data),PTrail,782,,2.0,,0.0,0.0,0.0,,Asphalt,,,2,59.606,,,,,42,2,,trails,Asphalt,1,2,2,1,2,2,0,0,0,0,0,0,1,2,2,0,0,0,0,0,0,0,0,0,0,5,0,0,0,0,0,0,0,0,0,0,0,0,0,0,0,0,0,0,0,0,0,0,0,0,1,2,0,0,0,0,0,0,1,2,0,0,0,0,0,0,0,0,0,0,0,0,0,1,2,0,1,2,0,0,0,0,0,0,1,0,1,1,2,0,0,0,0,0,0,0,5,0,,,,,,,,,,,,,,,,,,,,,,,,,,,,,,,,,,,0,,,,,59.606
2019,Unscored (no condition data),PTrail,783,,2.0,,0.0,0.0,0.0,,Asphalt,,,2,137.74,,,,,43,2,,trails,Asphalt,1,2,2,1,2,2,0,0,0,0,0,0,1,2,2,0,0,0,0,0,0,0,0,0,0,5,0,0,0,0,0,0,0,0,1,0,0,0,0,0,0,0,0,0,0,0,0,0,0,0,1,2,0,0,0,0,0,0,1,2,0,0,0,0,0,0,0,0,0,0,0,0,0,1,2,0,1,2,0,0,0,0,0,0,1,0,1,1,2,0,0,0,0,0,0,0,5,0,,,,,,,,,,,,,,,,,,,,,,,,,,,,,,,,,,,0,,,,,137.74
2020,Unscored (no condition data),PTrail,784,,2.0,,0.0,0.0,0.0,,Asphalt,,,2,952.621,,,,,36,2,,trails,Asphalt,1,2,2,0,0,0,0,0,0,0,0,0,0,0,0,0,0,0,0,0,0,0,0,0,0,5,3,0,0,0,0,0,0,0,0,0,0,0,0,0,0,0,0,0,0,0,0,0,0,0,1,2,2,5,5,0,0,0,0,0,0,0,0,0,0,0,0,0,0,0,0,0,0,0,0,0,0,0,0,0,0,0,0,0,1,1,1,0,0,0,0,0,0,0,0,0,5,0,,,,,,,,,,,,,,,,,,,,,,,,,,,,,,,,,,,0,,,,,952.621
2021,Unscored (no condition data),PTrail,791,,2.0,,0.0,0.0,0.0,,Asphalt,,,2,67.315,,,,,40,2,,trails,Asphalt,1,2,2,1,0,0,0,0,0,1,2,0,1,2,0,0,0,0,0,0,0,0,0,0,0,5,0,2,0,0,0,0,0,0,1,0,0,0,0,0,0,0,0,0,1,0,0,0,1,0,1,2,0,0,0,0,0,0,0,0,0,0,0,0,0,0,0,0,0,0,0,0,0,1,2,2,1,0,0,0,0,0,0,3,0,1,0,0,0,0,0,0,0,0,0,0,5,0,,,,,,,,,,,,,,,,,,,,,,,,,,,,,,,,,,,0,,,,,67.315
2022,Unscored (no condition data),PTrail,793,,2.0,,0.0,0.0,0.0,,Asphalt,,,2,87.688,,,,,47,3,,trails,Asphalt,1,2,2,1,0,0,1,0,0,1,2,0,1,2,2,0,0,0,0,0,0,0,0,0,0,5,0,2,0,0,0,0,0,0,1,0,0,0,0,0,0,0,0,0,1,2,0,0,1,0,1,2,0,0,0,0,0,0,0,0,0,0,0,0,0,0,0,0,0,0,0,0,0,1,2,2,1,2,0,0,0,0,0,3,0,1,0,0,0,0,0,0,0,0,0,0,5,0,,,,,,,,,,,,,,,,,,,,,,,,,,,,,,,,,,,0,,,,,87.688
2023,Unscored (no condition data),PTrail,794,,2.0,,0.0,0.0,0.0,,Asphalt,,,2,116.008,,,,,41,2,,trails,Asphalt,1,2,2,1,0,0,1,0,0,0,0,0,1,2,2,0,0,0,0,0,0,0,0,0,0,5,0,2,0,0,0,0,0,0,0,0,0,0,0,0,0,0,0,0,0,0,0,0,1,1,1,2,2,0,0,0,0,0,0,0,0,0,0,0,0,0,0,0,0,0,0,0,0,1,2,0,1,2,0,0,0,0,0,3,0,1,0,0,0,0,0,0,0,0,0,0,5,0,,,,,,,,,,,,,,,,,,,,,,,,,,,,,,,,,,,0,,,,,116.008
2024,Unscored (no condition data),PTrail,795,,2.0,,0.0,0.0,0.0,,Asphalt,,,2,54.655,,,,,39,2,,trails,Asphalt,1,2,2,1,0,0,1,0,0,1,0,0,1,0,0,0,0,0,0,0,0,0,0,0,0,5,0,2,0,0,0,0,0,0,0,0,0,0,0,0,0,0,0,0,0,0,0,0,0,0,1,2,0,0,0,0,0,1,0,0,0,0,0,0,0,0,0,0,0,0,0,0,0,1,2,2,0,0,0,0,0,0,5,3,0,1,0,0,0,0,0,0,0,0,0,0,5,0,,,,,,,,,,,,,,,,,,,,,,,,,,,,,,,,,,,0,,,,,54.655
2025,Unscored (no condition data),PTrail,796,,2.0,,0.0,0.0,0.0,,Asphalt,,,2,125.276,,,,,41,2,,trails,Asphalt,1,2,2,1,0,0,1,0,0,1,2,0,1,2,0,0,0,0,0,0,0,0,0,0,0,5,0,2,0,0,0,0,0,0,1,0,0,0,0,0,0,0,0,0,1,0,0,0,1,0,1,2,0,0,0,0,0,0,0,0,0,0,0,0,0,0,0,0,0,0,0,0,0,1,2,2,1,0,0,0,0,0,0,3,0,1,0,0,0,0,0,0,0,0,0,0,5,0,,,,,,,,,,,,,,,,,,,,,,,,,,,,,,,,,,,0,,,,,125.276
2026,Unscored (no condition data),PTrail,797,,2.0,,0.0,0.0,0.0,,Asphalt,,,2,46.085,,,,,40,2,,trails,Asphalt,1,2,2,1,0,0,1,0,0,0,0,0,1,2,2,0,0,0,0,0,0,0,0,0,0,5,0,2,0,0,0,0,0,0,0,0,0,0,0,0,0,0,0,0,0,0,0,0,1,0,1,2,0,0,0,0,0,0,0,0,0,0,0,0,0,0,0,0,0,0,0,0,0,1,2,2,1,2,0,0,0,0,0,3,0,1,0,0,0,0,0,0,0,0,0,0,5,0,,,,,,,,,,,,,,,,,,,,,,,,,,,,,,,,,,,0,,,,,46.085
2027,Unscored (no condition data),PTrail,798,,2.0,,0.0,0.0,0.0,,Asphalt,,,2,51.668,,,,,41,2,,trails,Asphalt,1,2,2,1,0,0,1,0,0,0,0,0,1,2,2,0,0,0,0,0,0,0,0,0,0,5,0,2,0,0,0,0,0,0,0,0,0,0,0,0,0,0,0,0,0,0,0,0,1,0,1,2,0,0,0,0,0,1,0,0,0,0,0,0,0,0,0,0,0,0,0,0,0,1,2,2,1,2,0,0,0,0,0,3,0,1,0,0,0,0,0,0,0,0,0,0,5,0,,,,,,,,,,,,,,,,,,,,,,,,,,,,,,,,,,,0,,,,,51.668
2028,Unscored (no condition data),PTrail,802,,2.0,,0.0,0.0,0.0,,Asphalt,,,2,177.832,,,,,41,2,,trails,Asphalt,1,2,0,0,0,0,0,0,0,0,0,0,1,2,2,0,0,0,1,2,2,0,0,0,0,5,0,0,0,0,0,0,0,0,0,0,0,0,0,0,0,0,0,0,0,0,0,0,0,0,1,2,2,5,5,0,0,0,0,0,0,0,0,0,0,0,0,0,0,0,0,0,0,0,0,0,0,0,0,0,0,0,0,0,1,1,1,0,0,0,0,0,0,0,0,0,5,0,,,,,,,,,,,,,,,,,,,,,,,,,,,,,,,,,,,0,,,,,177.832
2029,Unscored (no condition data),PTrail,822,,2.0,,0.0,0.0,0.0,,Asphalt,,,2,226.68,,,,,36,2,,trails,Asphalt,1,2,2,0,0,0,0,0,0,0,0,0,0,0,0,0,0,0,0,0,0,0,0,0,0,0,0,0,0,0,0,0,0,0,1,2,2,0,0,0,0,0,0,0,1,2,2,0,0,0,1,2,2,5,5,0,0,0,0,0,0,0,0,0,0,0,0,0,0,0,0,0,0,0,0,0,0,0,0,0,0,0,0,0,1,1,1,0,0,0,0,0,0,0,0,0,0,3,,,,,,,,,,,,,,,,,,,,,,,,,,,,,,,,,,,0,,,,,226.68
2030,Unscored (no condition data),PTrail,827,,2.0,,0.0,0.0,0.0,,Asphalt,,,2,309.45,,,,,44,2,,trails,Asphalt,0,0,0,0,0,0,0,0,0,0,0,0,1,2,2,0,0,0,1,2,2,0,0,0,0,5,0,0,0,0,0,0,0,0,0,0,0,0,0,0,0,0,0,0,0,0,0,0,0,0,1,2,2,5,5,0,0,1,0,0,0,0,0,0,0,0,0,0,0,0,0,0,0,1,2,2,0,0,0,0,0,0,0,0,1,1,1,0,0,0,0,0,0,0,0,0,5,0,,,,,,,,,,,,,,,,,,,,,,,,,,,,,,,,,,,0,,,,,309.45
2031,Unscored (no condition data),PTrail,833,,2.0,,0.0,0.0,0.0,,Asphalt,,,2,99.897,,,,,32,2,,trails,Asphalt,1,2,2,1,2,2,0,0,0,0,0,0,1,2,0,1,0,0,1,2,0,0,0,0,0,0,0,0,0,0,0,0,0,0,1,2,2,0,0,0,0,0,0,0,0,0,0,0,0,0,1,2,2,0,0,0,0,0,0,0,0,0,0,0,1,0,0,0,0,0,0,0,0,1,0,0,0,0,0,0,0,0,0,0,1,1,1,0,0,0,0,0,0,0,0,0,0,0,,,,,,,,,,,,,,,,,,,,,,,,,,,,,,,,,,,0,,,,,99.897
2032,Unscored (no condition data),PTrail,842,,2.0,,0.0,0.0,0.0,,Asphalt,,,2,85.787,,,,,42,2,,trails,Asphalt,1,2,2,1,0,0,1,0,0,0,0,0,1,2,0,1,2,0,0,0,0,0,0,0,0,5,0,2,0,0,0,0,0,0,1,2,0,0,0,0,0,0,0,0,0,0,0,0,0,0,1,2,0,0,0,0,0,1,0,0,0,0,0,0,0,0,0,0,0,0,0,0,0,1,2,0,1,2,0,0,0,0,0,3,0,1,0,0,0,0,0,0,0,0,0,0,5,0,,,,,,,,,,,,,,,,,,,,,,,,,,,,,,,,,,,0,,,,,85.787
2033,Unscored (no condition data),PTrail,844,,2.0,,0.0,0.0,0.0,,Asphalt,,,2,23.072,,,,,43,2,,trails,Asphalt,1,2,2,1,0,0,1,0,0,1,0,0,1,2,2,0,0,0,0,0,0,0,0,0,0,5,0,2,0,0,0,0,0,0,1,0,0,0,0,0,0,0,0,0,1,0,0,0,1,0,1,2,0,0,0,0,0,0,0,0,0,0,0,0,0,0,0,0,0,0,0,0,0,1,2,2,1,2,0,0,0,0,0,3,0,1,0,0,0,0,0,0,0,0,0,0,5,0,,,,,,,,,,,,,,,,,,,,,,,,,,,,,,,,,,,0,,,,,23.072
2034,Unscored (no condition data),PTrail,846,,2.0,,0.0,0.0,0.0,,Asphalt,,,2,62.099,,,,,38,2,,trails,Asphalt,1,2,2,1,0,0,1,0,0,1,0,0,1,2,0,0,0,0,0,0,0,0,0,0,0,5,0,2,0,0,0,0,0,0,0,0,0,0,0,0,0,0,0,0,0,0,0,0,0,0,1,0,0,0,0,0,0,1,0,0,0,0,0,0,0,0,0,0,0,0,0,0,0,1,2,0,1,0,0,0,0,0,5,3,0,1,0,0,0,0,0,0,0,0,0,0,5,0,,,,,,,,,,,,,,,,,,,,,,,,,,,,,,,,,,,0,,,,,62.099
2035,Unscored (no condition data),PTrail,862,,2.0,,0.0,0.0,0.0,,Asphalt,,,2,34.411,,,,,44,2,,trails,Asphalt,1,2,2,1,2,2,0,0,0,0,0,0,1,2,2,0,0,0,0,0,0,0,0,0,0,5,0,0,0,0,0,0,0,0,0,0,0,0,0,0,0,0,0,0,0,0,0,0,0,0,1,2,0,0,0,0,0,0,1,2,2,0,0,0,0,0,0,0,0,0,0,0,0,1,2,2,1,0,0,0,0,0,0,0,1,0,1,1,2,0,0,0,0,0,0,0,5,0,,,,,,,,,,,,,,,,,,,,,,,,,,,,,,,,,,,0,,,,,34.411
2036,Unscored (no condition data),PTrail,863,,2.0,,0.0,0.0,0.0,,Asphalt,,,2,65.575,,,,,44,2,,trails,Asphalt,1,2,2,1,2,2,0,0,0,0,0,0,1,2,2,0,0,0,0,0,0,0,0,0,0,5,0,0,0,0,0,0,0,0,0,0,0,0,0,0,0,0,0,0,0,0,0,0,0,0,1,2,0,0,0,0,0,0,1,2,2,0,0,0,0,0,0,0,0,0,0,0,0,1,2,2,1,0,0,0,0,0,0,0,1,0,1,1,2,0,0,0,0,0,0,0,5,0,,,,,,,,,,,,,,,,,,,,,,,,,,,,,,,,,,,0,,,,,65.575
2037,Unscored (no condition data),PTrail,864,,2.0,,0.0,0.0,0.0,,Asphalt,,,2,26.111,,,,,44,2,,trails,Asphalt,1,2,2,1,2,2,0,0,0,0,0,0,1,2,2,0,0,0,0,0,0,0,0,0,0,5,0,0,0,0,0,0,0,0,0,0,0,0,0,0,0,0,0,0,0,0,0,0,0,0,1,2,0,0,0,0,0,0,1,2,2,0,0,0,0,0,0,0,0,0,0,0,0,1,2,2,1,0,0,0,0,0,0,0,1,0,1,1,2,0,0,0,0,0,0,0,5,0,,,,,,,,,,,,,,,,,,,,,,,,,,,,,,,,,,,0,,,,,26.111
2038,Unscored (no condition data),PTrail,866,,2.0,,0.0,0.0,0.0,,Asphalt,,,2,145.831,,,,,46,3,,trails,Asphalt,1,2,2,1,2,2,0,0,0,0,0,0,1,2,0,1,0,0,0,0,0,0,0,0,0,5,0,0,0,0,0,1,0,0,1,2,2,0,0,0,0,0,0,0,1,0,0,0,0,0,1,2,0,0,0,0,0,0,0,0,0,0,0,0,1,2,0,0,0,0,0,0,0,1,0,0,1,0,0,0,0,0,0,0,1,1,1,0,0,0,1,0,0,1,2,0,5,0,,,,,,,,,,,,,,,,,,,,,,,,,,,,,,,,,,,0,,,,,145.831
2039,Unscored (no condition data),PTrail,872,,2.0,,0.0,0.0,0.0,,Asphalt,,,2,12.93,,,,,35,2,,trails,Asphalt,1,2,2,1,2,0,0,0,0,0,0,0,1,0,0,0,0,0,0,0,0,0,0,0,5,5,0,0,0,0,0,0,0,0,1,2,0,0,0,0,0,0,0,0,0,0,0,0,0,0,1,0,0,0,0,0,0,0,1,0,0,0,0,0,0,0,0,0,0,0,0,0,0,1,0,0,1,0,0,0,0,0,0,0,1,1,1,1,0,0,0,0,0,0,0,0,5,0,,,,,,,,,,,,,,,,,,,,,,,,,,,,,,,,,,,0,,,,,12.93
2040,Unscored (no condition data),PTrail,879,,2.0,,0.0,0.0,0.0,,Asphalt,,,2,28.126,,,,,37,2,,trails,Asphalt,1,2,2,1,2,0,0,0,0,0,0,0,1,2,0,0,0,0,0,0,0,0,0,0,5,5,0,0,0,0,0,0,0,0,1,2,0,0,0,0,0,0,0,0,0,0,0,0,0,0,1,0,0,0,0,0,0,0,1,0,0,0,0,0,0,0,0,0,0,0,0,0,0,1,0,0,1,0,0,0,0,0,0,0,1,1,1,1,0,0,0,0,0,0,0,0,5,0,,,,,,,,,,,,,,,,,,,,,,,,,,,,,,,,,,,0,,,,,28.126
2041,Unscored (no condition data),PTrail,881,,2.0,,0.0,0.0,0.0,,Asphalt,,,2,17.583,,,,,45,2,,trails,Asphalt,1,2,2,1,0,0,1,0,0,0,0,0,1,2,0,1,2,0,0,0,0,0,0,0,0,5,0,2,0,0,0,0,0,0,1,2,2,0,0,0,1,2,0,0,1,2,0,0,1,0,1,2,0,0,0,0,0,0,0,0,0,0,0,0,1,0,0,0,0,0,0,0,0,1,2,0,0,0,0,0,0,0,0,0,1,0,0,0,0,0,0,0,0,0,0,0,5,0,,,,,,,,,,,,,,,,,,,,,,,,,,,,,,,,,,,0,,,,,17.583
2042,Unscored (no condition data),PTrail,887,,2.0,,0.0,0.0,0.0,,Asphalt,,,2,29.553,,,,,46,3,,trails,Asphalt,1,2,2,1,0,0,1,0,0,0,0,0,1,2,0,1,2,0,0,0,0,0,0,0,0,5,0,2,0,0,0,0,0,0,1,2,2,0,0,0,1,2,0,0,1,2,0,0,1,0,1,2,0,0,0,0,0,0,0,0,0,0,0,0,1,0,0,0,0,0,0,0,0,1,2,0,1,0,0,0,0,0,0,0,1,0,0,0,0,0,0,0,0,0,0,0,5,0,,,,,,,,,,,,,,,,,,,,,,,,,,,,,,,,,,,0,,,,,29.553
2043,Unscored (no condition data),PTrail,888,,2.0,,0.0,0.0,0.0,,Asphalt,,,2,30.337,,,,,45,2,,trails,Asphalt,1,2,2,1,0,0,0,0,0,0,0,0,1,2,0,1,2,0,0,0,0,0,0,0,0,5,0,2,0,0,0,0,0,0,1,2,2,0,0,0,1,2,0,0,1,2,0,0,1,0,1,2,0,0,0,0,0,0,0,0,0,0,0,0,1,0,0,0,0,0,0,0,0,1,2,0,1,0,0,0,0,0,0,0,1,0,0,0,0,0,0,0,0,0,0,0,5,0,,,,,,,,,,,,,,,,,,,,,,,,,,,,,,,,,,,0,,,,,30.337
2044,Unscored (no condition data),PTrail,889,,2.0,,0.0,0.0,0.0,,Asphalt,,,2,250.818,,,,,44,2,,trails,Asphalt,1,2,2,0,0,0,0,0,0,0,0,0,0,0,0,0,0,0,0,0,0,0,0,0,0,0,0,2,0,0,0,0,0,0,1,2,2,0,0,0,0,0,0,0,1,2,2,0,0,0,1,2,2,5,5,0,0,1,0,0,0,0,0,0,0,0,0,0,0,0,0,0,0,0,0,0,0,0,0,0,0,0,0,0,1,1,1,0,0,0,0,0,0,0,0,0,5,3,,,,,,,,,,,,,,,,,,,,,,,,,,,,,,,,,,,0,,,,,250.818
2045,Unscored (no condition data),PTrail,891,,2.0,,0.0,0.0,0.0,,Asphalt,,,2,74.917,,,,,43,2,,trails,Asphalt,1,2,2,1,0,0,1,0,0,1,2,0,1,2,0,0,0,0,0,0,0,0,0,0,0,5,0,2,0,0,0,0,0,0,1,0,0,0,0,0,0,0,0,0,1,0,0,0,1,0,1,2,2,0,0,0,0,0,0,0,0,0,0,0,0,0,0,0,0,0,0,0,0,1,2,2,1,0,0,0,0,0,0,3,0,1,0,0,0,0,0,0,0,0,0,0,5,0,,,,,,,,,,,,,,,,,,,,,,,,,,,,,,,,,,,0,,,,,74.917
2046,Unscored (no condition data),PTrail,892,,2.0,,0.0,0.0,0.0,,Asphalt,,,2,43.777,,,,,45,2,,trails,Asphalt,1,2,2,1,0,0,1,0,0,1,2,0,1,2,2,0,0,0,0,0,0,0,0,0,0,5,0,2,0,0,0,0,0,0,1,0,0,0,0,0,0,0,0,0,1,2,0,0,1,0,1,2,0,0,0,0,0,0,0,0,0,0,0,0,0,0,0,0,0,0,0,0,0,1,2,0,1,2,0,0,0,0,0,3,0,1,0,0,0,0,0,0,0,0,0,0,5,0,,,,,,,,,,,,,,,,,,,,,,,,,,,,,,,,,,,0,,,,,43.777
2047,Unscored (no condition data),PTrail,893,,2.0,,0.0,0.0,0.0,,Asphalt,,,2,100.342,,,,,45,2,,trails,Asphalt,1,2,2,1,0,0,1,0,0,1,2,0,1,2,2,0,0,0,0,0,0,0,0,0,0,5,0,2,0,0,0,0,0,0,1,0,0,0,0,0,0,0,0,0,1,0,0,0,1,0,1,2,0,0,0,0,0,0,0,0,0,0,0,0,0,0,0,0,0,0,0,0,0,1,2,2,1,2,0,0,0,0,0,3,0,1,0,0,0,0,0,0,0,0,0,0,5,0,,,,,,,,,,,,,,,,,,,,,,,,,,,,,,,,,,,0,,,,,100.342
2048,Unscored (no condition data),PTrail,894,,2.0,,0.0,0.0,0.0,,Asphalt,,,2,28.984,,,,,41,2,,trails,Asphalt,1,2,2,1,0,0,1,0,0,1,0,0,1,2,2,0,0,0,0,0,0,0,0,0,0,5,0,0,0,0,0,0,0,0,1,0,0,0,0,0,0,0,0,0,1,0,0,0,1,0,1,2,0,0,0,0,0,0,0,0,0,0,0,0,0,0,0,0,0,0,0,0,0,1,2,2,1,2,0,0,0,0,0,3,0,1,0,0,0,0,0,0,0,0,0,0,5,0,,,,,,,,,,,,,,,,,,,,,,,,,,,,,,,,,,,0,,,,,28.984
2049,Unscored (no condition data),PTrail,895,,2.0,,0.0,0.0,0.0,,Asphalt,,,2,86.309,,,,,43,2,,trails,Asphalt,1,2,2,1,0,0,1,0,0,1,0,0,1,2,2,0,0,0,0,0,0,0,0,0,0,5,0,2,0,0,0,0,0,0,1,0,0,0,0,0,0,0,0,0,1,0,0,0,1,0,1,2,0,0,0,0,0,0,0,0,0,0,0,0,0,0,0,0,0,0,0,0,0,1,2,2,1,2,0,0,0,0,0,3,0,1,0,0,0,0,0,0,0,0,0,0,5,0,,,,,,,,,,,,,,,,,,,,,,,,,,,,,,,,,,,0,,,,,86.309
2050,Unscored (no condition data),PTrail,896,,2.0,,0.0,0.0,0.0,,Asphalt,,,2,37.912,,,,,40,2,,trails,Asphalt,1,2,2,1,0,0,1,0,0,0,0,0,1,2,2,0,0,0,0,0,0,0,0,0,0,5,0,2,0,0,0,0,0,0,0,0,0,0,0,0,0,0,0,0,0,0,0,0,1,0,1,2,0,0,0,0,0,0,0,0,0,0,0,0,0,0,0,0,0,0,0,0,0,1,2,2,1,2,0,0,0,0,0,3,0,1,0,0,0,0,0,0,0,0,0,0,5,0,,,,,,,,,,,,,,,,,,,,,,,,,,,,,,,,,,,0,,,,,37.912
2051,Unscored (no condition data),PTrail,897,,2.0,,0.0,0.0,0.0,,Asphalt,,,2,80.929,,,,,45,2,,trails,Asphalt,1,2,2,1,0,0,1,0,0,0,0,0,1,2,0,0,0,0,0,0,0,0,0,0,0,5,0,2,0,0,0,0,0,0,0,0,0,0,0,0,0,0,0,0,0,0,0,0,1,1,1,2,2,5,0,0,3,0,0,0,0,0,0,0,0,0,0,0,0,0,0,0,0,1,2,0,1,0,0,0,0,0,0,3,0,1,0,0,0,0,0,0,0,0,0,0,5,0,,,,,,,,,,,,,,,,,,,,,,,,,,,,,,,,,,,0,,,,,80.929
2052,Unscored (no condition data),PTrail,898,,2.0,,0.0,0.0,0.0,,Asphalt,,,2,41.316,,,,,39,2,,trails,Asphalt,1,2,2,1,0,0,1,0,0,0,0,0,1,2,2,0,0,0,0,0,0,0,0,0,0,5,0,2,0,0,0,0,0,0,0,0,0,0,0,0,0,0,0,0,0,0,0,0,1,0,1,2,0,0,0,0,0,1,0,0,0,0,0,0,0,0,0,0,0,0,0,0,0,1,2,2,1,0,0,0,0,0,0,3,0,1,0,0,0,0,0,0,0,0,0,0,5,0,,,,,,,,,,,,,,,,,,,,,,,,,,,,,,,,,,,0,,,,,41.316
2053,Unscored (no condition data),PTrail,899,,2.0,,0.0,0.0,0.0,,Asphalt,,,2,121.703,,,,,42,2,,trails,Asphalt,1,2,2,1,2,0,1,2,0,1,0,0,1,0,0,0,0,0,0,0,0,0,0,0,0,5,0,2,0,0,0,0,0,0,0,0,0,0,0,0,0,0,0,0,0,0,0,0,0,0,1,0,0,5,0,0,3,1,0,0,0,0,0,0,0,0,0,0,0,0,0,0,0,1,2,0,0,0,0,0,0,0,0,3,0,1,0,0,0,0,0,0,0,0,0,0,5,0,,,,,,,,,,,,,,,,,,,,,,,,,,,,,,,,,,,0,,,,,121.703
2054,Unscored (no condition data),PTrail,900,,2.0,,0.0,0.0,0.0,,Asphalt,,,2,98.765,,,,,47,3,,trails,Asphalt,1,2,2,1,0,0,1,0,0,1,2,0,1,2,2,0,0,0,0,0,0,0,0,0,0,5,0,2,0,0,0,0,0,0,1,0,0,0,0,0,0,0,0,0,1,2,0,0,1,0,1,2,0,0,0,0,0,0,0,0,0,0,0,0,0,0,0,0,0,0,0,0,0,1,2,2,1,2,0,0,0,0,0,3,0,1,0,0,0,0,0,0,0,0,0,0,5,0,,,,,,,,,,,,,,,,,,,,,,,,,,,,,,,,,,,0,,,,,98.765
2055,Unscored (no condition data),PTrail,901,,2.0,,0.0,0.0,0.0,,Asphalt,,,2,11.587,,,,,47,3,,trails,Asphalt,1,2,2,1,0,0,1,0,0,1,2,2,1,2,2,0,0,0,0,0,0,0,0,0,0,5,0,2,0,0,0,0,0,0,1,0,0,0,0,0,0,0,0,0,1,0,0,0,1,0,1,2,2,0,0,0,0,0,0,0,0,0,0,0,0,0,0,0,0,0,0,0,0,1,2,2,1,0,0,0,0,0,0,3,0,1,0,0,0,0,0,0,0,0,0,0,5,0,,,,,,,,,,,,,,,,,,,,,,,,,,,,,,,,,,,0,,,,,11.587
2056,Unscored (no condition data),PTrail,903,,2.0,,0.0,0.0,0.0,,Asphalt,,,2,11.059,,,,,40,2,,trails,Asphalt,1,2,2,1,0,0,1,0,0,0,0,0,1,2,2,0,0,0,0,0,0,0,0,0,0,5,0,2,0,0,0,0,0,0,0,0,0,0,0,0,0,0,0,0,0,0,0,0,1,0,1,2,0,0,0,0,0,0,0,0,0,0,0,0,0,0,0,0,0,0,0,0,0,1,2,2,1,2,0,0,0,0,0,3,0,1,0,0,0,0,0,0,0,0,0,0,5,0,,,,,,,,,,,,,,,,,,,,,,,,,,,,,,,,,,,0,,,,,11.059
2057,Unscored (no condition data),PTrail,904,,2.0,,0.0,0.0,0.0,,Asphalt,,,2,10.571,,,,,39,2,,trails,Asphalt,1,2,2,1,0,0,1,0,0,0,0,0,1,2,2,0,0,0,0,0,0,0,0,0,0,5,0,2,0,0,0,0,0,0,0,0,0,0,0,0,0,0,0,0,0,0,0,0,1,0,1,2,0,0,0,0,0,1,0,0,0,0,0,0,0,0,0,0,0,0,0,0,0,1,2,0,1,2,0,0,0,0,0,3,0,1,0,0,0,0,0,0,0,0,0,0,5,0,,,,,,,,,,,,,,,,,,,,,,,,,,,,,,,,,,,0,,,,,10.571
2058,Unscored (no condition data),PTrail,905,,2.0,,0.0,0.0,0.0,,Asphalt,,,2,98.026,,,,,45,2,,trails,Asphalt,1,2,2,1,2,2,0,0,0,0,0,0,1,2,2,0,0,0,0,0,0,0,0,0,0,5,0,0,0,0,0,0,0,0,1,0,0,0,0,0,0,0,0,0,0,0,0,0,0,0,1,2,0,0,0,0,0,0,1,2,2,0,0,0,0,0,0,0,0,0,0,0,0,1,2,2,1,0,0,0,0,0,0,0,1,0,1,1,2,0,0,0,0,0,0,0,5,0,,,,,,,,,,,,,,,,,,,,,,,,,,,,,,,,,,,0,,,,,98.026
2059,Unscored (no condition data),PTrail,906,,2.0,,0.0,0.0,0.0,,Asphalt,,,2,27.091,,,,,46,3,,trails,Asphalt,1,2,2,1,2,0,0,0,0,0,0,0,1,2,2,0,0,0,0,0,0,0,0,0,0,5,0,0,0,0,0,0,0,0,1,0,0,0,0,0,0,0,0,0,1,0,0,0,0,0,1,2,0,0,0,0,0,0,1,2,2,0,0,0,0,0,0,0,0,0,0,0,0,1,2,2,1,0,0,0,0,0,0,0,1,0,1,1,2,2,0,0,0,0,0,0,5,0,,,,,,,,,,,,,,,,,,,,,,,,,,,,,,,,,,,0,,,,,27.091
2060,Unscored (no condition data),PTrail,907,,2.0,,0.0,0.0,0.0,,Asphalt,,,2,42.2,,,,,40,2,,trails,Asphalt,1,2,2,1,2,2,0,0,0,0,0,0,1,2,2,0,0,0,0,0,0,0,0,0,0,5,0,0,0,0,0,0,0,0,0,0,0,0,0,0,0,0,0,0,0,0,0,0,0,0,1,2,0,0,0,0,0,0,1,2,0,0,0,0,0,0,0,0,0,0,0,0,0,1,2,0,1,2,0,0,0,0,0,0,1,0,1,1,0,0,0,0,0,0,0,0,5,0,,,,,,,,,,,,,,,,,,,,,,,,,,,,,,,,,,,0,,,,,42.2
2061,Unscored (no condition data),PTrail,912,,2.0,,0.0,0.0,0.0,,Asphalt,,,2,15.377,,,,,36,2,,trails,Asphalt,1,2,2,1,2,2,0,0,0,0,0,0,1,2,0,0,0,0,0,0,0,0,0,0,0,5,0,0,0,0,0,0,0,0,0,0,0,0,0,0,0,0,0,0,0,0,0,0,0,0,1,2,0,0,0,0,0,0,1,0,0,0,0,0,0,0,0,0,0,0,0,0,0,1,2,0,1,2,0,0,0,0,0,0,1,0,1,1,0,0,0,0,0,0,0,0,5,0,,,,,,,,,,,,,,,,,,,,,,,,,,,,,,,,,,,0,,,,,15.377
2062,Unscored (no condition data),PTrail,913,,2.0,,0.0,0.0,0.0,,Asphalt,,,2,27.251,,,,,36,2,,trails,Asphalt,1,2,2,1,2,2,0,0,0,0,0,0,1,2,0,0,0,0,0,0,0,0,0,0,0,5,0,0,0,0,0,0,0,0,0,0,0,0,0,0,0,0,0,0,0,0,0,0,0,0,1,2,0,0,0,0,0,0,1,0,0,0,0,0,0,0,0,0,0,0,0,0,0,1,2,0,1,2,0,0,0,0,0,0,1,0,1,1,0,0,0,0,0,0,0,0,5,0,,,,,,,,,,,,,,,,,,,,,,,,,,,,,,,,,,,0,,,,,27.251
2063,Unscored (no condition data),PTrail,914,,2.0,,0.0,0.0,0.0,,Asphalt,,,2,40.503,,,,,36,2,,trails,Asphalt,1,2,2,1,2,2,0,0,0,0,0,0,1,2,0,0,0,0,0,0,0,0,0,0,0,5,0,0,0,0,0,0,0,0,0,0,0,0,0,0,0,0,0,0,0,0,0,0,0,0,1,2,0,0,0,0,0,0,1,0,0,0,0,0,0,0,0,0,0,0,0,0,0,1,2,0,1,2,0,0,0,0,0,0,1,0,1,1,0,0,0,0,0,0,0,0,5,0,,,,,,,,,,,,,,,,,,,,,,,,,,,,,,,,,,,0,,,,,40.503
2064,Unscored (no condition data),PTrail,920,,2.0,,0.0,0.0,0.0,,Asphalt,,,2,74.5,,,,,43,2,,trails,Asphalt,1,2,2,1,2,2,1,0,0,0,0,0,1,0,0,1,0,0,0,0,0,0,0,0,0,5,0,0,0,0,0,1,0,0,1,2,2,0,0,0,0,0,0,0,1,0,0,0,0,0,1,0,0,0,0,0,0,0,0,0,0,0,0,0,1,2,2,0,0,0,0,0,0,1,0,0,1,0,0,0,0,0,0,0,1,1,1,0,0,0,1,0,0,1,0,0,5,0,,,,,,,,,,,,,,,,,,,,,,,,,,,,,,,,,,,0,,,,,74.5
2065,Unscored (no condition data),PTrail,922,,2.0,,0.0,0.0,0.0,,Asphalt,,,2,29.005,,,,,41,2,,trails,Asphalt,1,2,2,1,2,2,0,0,0,0,0,0,1,0,0,1,0,0,0,0,0,0,0,0,0,5,0,0,0,0,0,1,0,0,1,2,2,0,0,0,0,0,0,0,1,0,0,0,0,0,1,0,0,0,0,0,0,0,0,0,0,0,0,0,1,2,0,0,0,0,0,0,0,1,0,0,0,0,0,0,0,0,0,0,1,1,1,0,0,0,1,0,0,1,2,0,5,0,,,,,,,,,,,,,,,,,,,,,,,,,,,,,,,,,,,0,,,,,29.005
2066,Unscored (no condition data),PTrail,924,,2.0,,0.0,0.0,0.0,,Asphalt,,,2,26.123,,,,,42,2,,trails,Asphalt,1,2,2,1,2,2,1,0,0,0,0,0,1,0,0,1,0,0,0,0,0,0,0,0,0,5,0,2,0,0,0,1,0,0,1,2,2,0,0,0,0,0,0,0,0,0,0,0,0,0,0,0,0,0,0,0,0,1,0,0,0,0,0,0,1,2,2,0,0,0,0,0,0,1,0,0,1,0,0,0,0,0,0,0,1,1,1,0,0,0,0,0,0,0,0,0,5,0,,,,,,,,,,,,,,,,,,,,,,,,,,,,,,,,,,,0,,,,,26.123
2067,Unscored (no condition data),PTrail,925,,2.0,,0.0,0.0,0.0,,Asphalt,,,2,19.931,,,,,48,3,,trails,Asphalt,1,2,2,1,2,2,1,0,0,0,0,0,1,0,0,1,0,0,0,0,0,0,0,0,0,5,0,2,0,0,0,1,0,0,1,2,2,0,0,0,0,0,0,0,0,0,0,0,0,0,0,0,0,0,5,0,0,1,0,0,0,0,0,0,1,2,2,0,0,0,0,0,0,1,0,0,1,0,0,0,0,0,0,0,1,1,1,0,0,0,0,0,0,1,0,0,5,0,,,,,,,,,,,,,,,,,,,,,,,,,,,,,,,,,,,0,,,,,19.931
2068,Unscored (no condition data),PTrail,927,,2.0,,0.0,0.0,0.0,,Asphalt,,,2,109.986,,,,,47,3,,trails,Asphalt,1,2,2,1,2,2,0,0,0,0,0,0,0,0,0,0,0,0,0,0,0,0,0,0,0,0,0,0,0,0,0,0,0,0,1,2,0,0,0,0,0,0,0,0,1,0,0,0,1,0,1,2,2,0,0,0,3,0,0,0,0,0,0,0,0,0,0,0,0,0,0,0,0,0,0,0,1,2,2,0,0,0,0,0,1,1,1,1,2,2,1,2,2,1,0,0,5,0,,,,,,,,,,,,,,,,,,,,,,,,,,,,,,,,,,,0,,,,,109.986
2069,Unscored (no condition data),PTrail,944,,2.0,,0.0,0.0,0.0,,Asphalt,,,2,51.577,,,,,36,2,,trails,Asphalt,1,2,2,1,2,2,1,0,0,0,0,0,1,2,0,0,0,0,0,0,0,0,0,0,0,5,0,2,0,0,0,0,0,0,0,0,0,0,0,0,0,0,0,0,0,0,0,0,0,0,0,0,0,0,0,0,0,1,0,0,0,0,0,0,0,0,0,0,0,0,0,0,0,1,0,0,0,0,0,0,0,0,5,0,1,1,1,0,0,0,0,0,0,0,0,0,5,0,,,,,,,,,,,,,,,,,,,,,,,,,,,,,,,,,,,0,,,,,51.577
2070,Unscored (no condition data),PTrail,946,,2.0,,0.0,0.0,0.0,,Asphalt,,,2,16.417,,,,,38,2,,trails,Asphalt,1,2,2,1,2,2,0,0,0,0,0,0,1,0,0,1,0,0,0,0,0,0,0,0,0,5,0,2,0,0,0,0,0,0,1,0,0,0,0,0,0,0,0,0,0,0,0,0,0,0,1,2,2,0,0,0,0,0,0,0,0,0,0,0,0,0,0,0,0,0,0,0,0,1,2,0,0,0,0,0,0,0,0,3,1,0,1,0,0,0,0,0,0,0,0,0,5,0,,,,,,,,,,,,,,,,,,,,,,,,,,,,,,,,,,,0,,,,,16.417
2071,Unscored (no condition data),PTrail,958,,2.0,,0.0,0.0,0.0,,Asphalt,,,2,17.378,,,,,34,2,,trails,Dirt,1,2,2,0,0,0,1,0,0,1,2,0,1,2,0,0,0,0,0,0,0,0,0,0,0,5,0,0,0,0,0,0,0,0,1,2,0,0,0,0,0,0,0,0,0,0,0,0,0,0,1,0,0,0,0,0,0,0,0,0,0,0,0,0,0,0,0,0,0,0,0,0,0,1,2,0,1,2,0,0,0,0,0,0,1,0,1,0,0,0,0,0,0,0,0,0,5,0,,,,,,,,,,,,,,,,,,,,,,,,,,,,,,,,,,,0,,,,,17.378
2072,Unscored (no condition data),PTrail,970,,2.0,,0.0,0.0,0.0,,Asphalt,,,2,417.634,,,,,32,2,,trails,Dirt,1,2,2,0,0,0,0,0,0,0,0,0,1,2,2,0,0,0,1,2,2,0,0,0,0,5,0,0,0,0,0,0,0,0,0,0,0,0,0,0,0,0,0,0,0,0,0,0,0,0,0,0,0,0,0,0,3,0,1,2,0,0,0,0,0,0,0,0,0,0,0,0,0,0,0,0,0,0,0,0,0,0,0,0,1,1,1,0,0,0,0,0,0,0,0,0,0,3,,,,,,,,,,,,,,,,,,,,,,,,,,,,,,,,,,,0,,,,,417.634
2073,Unscored (no condition data),PTrail,1006,,2.0,,0.0,0.0,0.0,,Asphalt,,,2,951.722,,,,,33,2,,trails,Dirt,1,2,0,0,0,0,0,0,0,0,0,0,1,2,2,0,0,0,1,2,2,0,0,0,0,5,0,0,0,0,0,0,0,0,0,0,0,0,0,0,0,0,0,0,0,0,0,0,0,0,1,2,0,0,0,0,0,0,0,0,0,0,0,0,0,0,0,0,0,0,0,0,0,1,0,0,0,0,0,0,0,0,0,0,1,1,1,0,0,0,0,0,0,0,0,0,5,3,,,,,,,,,,,,,,,,,,,,,,,,,,,,,,,,,,,0,,,,,951.722
2074,Unscored (no condition data),PTrail,1007,,2.0,,0.0,0.0,0.0,,Asphalt,,,2,31.876,,,,,42,2,,trails,Dirt,1,2,2,1,2,2,1,2,0,0,0,0,1,0,0,1,2,0,0,0,0,0,0,0,0,5,0,0,0,0,0,0,0,0,1,2,2,0,0,0,1,0,0,0,1,0,0,0,1,0,1,2,2,0,0,0,0,0,0,0,0,0,0,0,0,0,0,0,0,0,0,0,0,0,0,0,1,0,0,0,0,0,0,0,1,0,0,0,0,0,0,0,0,0,0,0,5,0,,,,,,,,,,,,,,,,,,,,,,,,,,,,,,,,,,,0,,,,,31.876
2075,Unscored (no condition data),PTrail,1034,,2.0,,0.0,0.0,0.0,,Asphalt,,,2,1013.462,,,,,33,2,,trails,Dirt,1,2,2,0,0,0,0,0,0,0,0,0,1,2,2,0,0,0,1,2,2,0,0,0,0,5,0,0,0,0,0,0,0,0,0,0,0,0,0,0,0,0,0,0,0,0,0,0,0,0,1,0,0,0,0,0,0,0,1,0,0,0,0,0,0,0,0,0,0,0,0,0,0,0,0,0,0,0,0,0,0,0,0,0,1,1,1,0,0,0,0,0,0,0,0,0,5,3,,,,,,,,,,,,,,,,,,,,,,,,,,,,,,,,,,,0,,,,,1013.462
2076,Unscored (no condition data),PTrail,1035,,2.0,,0.0,0.0,0.0,,Asphalt,,,2,362.656,,,,,44,2,,trails,Dirt,1,2,2,1,2,2,1,2,2,0,0,0,1,0,0,1,2,0,0,0,0,0,0,0,0,5,0,2,0,0,0,0,0,0,1,2,0,0,0,0,0,0,0,0,1,0,0,0,1,1,1,2,2,0,0,0,0,0,0,0,0,0,0,0,0,0,0,0,0,0,0,0,0,0,0,0,1,0,0,0,0,0,0,0,1,0,0,0,0,0,0,0,0,0,0,0,5,0,,,,,,,,,,,,,,,,,,,,,,,,,,,,,,,,,,,0,,,,,362.656
2077,Unscored (no condition data),PTrail,1038,,2.0,,0.0,0.0,0.0,,Asphalt,,,2,5.603,,,,,35,2,,trails,Dirt,1,2,2,1,2,0,0,0,0,0,0,0,1,0,0,0,0,0,0,0,0,0,0,0,0,5,0,0,0,0,0,0,0,0,1,2,2,0,0,0,0,0,0,0,1,0,0,0,0,0,1,2,0,0,0,0,0,0,0,0,0,0,0,0,0,0,0,0,0,0,0,0,0,1,0,0,1,2,0,0,0,0,0,0,1,1,1,0,0,0,0,0,0,0,0,0,5,0,,,,,,,,,,,,,,,,,,,,,,,,,,,,,,,,,,,0,,,,,5.603
2078,Unscored (no condition data),PTrail,1039,,2.0,,0.0,0.0,0.0,,Asphalt,,,2,42.296,,,,,44,2,,trails,Dirt,1,2,2,1,2,0,1,0,0,0,0,0,1,0,0,0,0,0,0,0,0,0,0,0,0,5,0,2,0,0,0,0,0,0,1,2,2,0,0,0,0,0,0,0,1,0,0,0,0,0,1,2,0,0,0,0,0,1,0,0,0,0,0,0,0,0,0,0,0,0,0,0,0,1,0,0,1,2,0,0,0,0,5,0,1,1,1,0,0,0,0,0,0,0,0,0,5,0,,,,,,,,,,,,,,,,,,,,,,,,,,,,,,,,,,,0,,,,,42.296
2079,Unscored (no condition data),PTrail,1045,,2.0,,0.0,0.0,0.0,,Asphalt,,,2,296.592,,,,,34,2,,trails,Dirt,1,2,2,1,2,0,1,2,0,0,0,0,1,0,0,0,0,0,0,0,0,0,0,0,0,5,0,2,0,0,0,0,0,0,0,0,0,0,0,0,0,0,0,0,0,0,0,0,0,0,1,2,0,0,0,0,0,1,0,0,0,0,0,0,0,0,0,0,0,0,0,0,0,0,0,0,1,0,0,0,0,0,0,3,1,1,0,0,0,0,0,0,0,0,0,0,5,0,,,,,,,,,,,,,,,,,,,,,,,,,,,,,,,,,,,0,,,,,296.592
2080,Unscored (no condition data),PTrail,1048,,2.0,,0.0,0.0,0.0,,Asphalt,,,2,117.973,,,,,44,2,,trails,Dirt,1,2,2,0,0,0,1,0,0,1,2,0,1,2,0,0,0,0,0,0,0,0,0,0,0,5,0,2,0,0,0,0,0,0,1,0,0,0,0,0,0,0,0,5,0,0,0,0,0,0,1,2,0,0,0,0,0,1,0,0,0,0,0,0,0,0,0,1,0,0,0,0,0,1,0,0,1,0,0,0,0,0,5,0,1,0,1,0,0,0,0,0,0,0,0,0,5,0,,,,,,,,,,,,,,,,,,,,,,,,,,,,,,,,,,,0,,,,,117.973
2081,Unscored (no condition data),PTrail,1049,,2.0,,0.0,0.0,0.0,,Asphalt,,,2,212.964,,,,,38,2,,trails,Dirt,1,2,2,0,0,0,1,0,0,1,2,0,1,2,0,0,0,0,0,0,0,0,0,0,0,5,0,2,0,0,0,0,0,0,1,2,0,0,0,0,0,0,0,0,0,0,0,0,0,0,1,2,0,0,0,0,0,0,0,0,0,0,0,0,0,0,0,0,0,0,0,0,0,1,2,0,1,2,0,0,0,0,0,0,1,0,1,0,0,0,0,0,0,0,0,0,5,0,,,,,,,,,,,,,,,,,,,,,,,,,,,,,,,,,,,0,,,,,212.964
2082,Unscored (no condition data),PTrail,1050,,2.0,,0.0,0.0,0.0,,Asphalt,,,2,116.074,,,,,46,3,,trails,Dirt,1,2,2,0,0,0,1,2,0,1,2,2,1,2,2,0,0,0,0,0,0,0,0,0,0,5,0,2,0,0,0,0,0,0,1,2,0,0,0,0,0,0,0,0,1,0,0,0,0,0,1,2,0,0,0,0,0,1,0,0,0,0,0,0,0,0,0,0,0,0,0,0,0,1,2,0,1,2,0,0,0,0,0,0,1,0,1,0,0,0,0,0,0,0,0,0,5,0,,,,,,,,,,,,,,,,,,,,,,,,,,,,,,,,,,,0,,,,,116.074
2083,Unscored (no condition data),PTrail,1052,,2.0,,0.0,0.0,0.0,,Asphalt,,,2,73.443,,,,,34,2,,trails,Dirt,1,2,2,0,0,0,0,0,0,0,0,0,0,0,0,0,0,0,0,0,0,0,0,0,0,0,3,2,0,0,0,0,0,0,0,0,0,0,0,0,0,0,0,0,1,2,0,0,0,0,1,0,0,5,0,4,0,0,0,0,0,0,0,0,0,0,0,0,0,0,0,0,0,0,0,0,1,2,0,0,0,0,0,0,1,1,1,0,0,0,0,0,0,0,0,0,5,0,,,,,,,,,,,,,,,,,,,,,,,,,,,,,,,,,,,0,,,,,73.443
2084,Unscored (no condition data),PTrail,1058,,2.0,,0.0,0.0,0.0,,Asphalt,,,2,225.857,,,,,43,2,,trails,Dirt,1,2,2,0,0,0,0,0,0,0,0,0,1,2,2,0,0,0,1,2,2,0,0,0,0,5,0,0,0,0,0,0,0,0,0,0,0,0,0,0,0,0,0,0,0,0,0,0,0,0,1,2,2,5,5,0,0,0,0,0,0,0,0,0,0,0,0,0,0,0,0,0,0,0,0,0,0,0,0,0,0,0,0,0,1,1,1,0,0,0,0,0,0,0,0,0,5,0,,,,,,,,,,,,,,,,,,,,,,,,,,,,,,,,,,,0,,,,,225.857
2085,Unscored (no condition data),PTrail,1059,,2.0,,0.0,0.0,0.0,,Asphalt,,,2,127.219,,,,,31,2,,trails,Dirt,1,2,0,0,0,0,0,0,0,0,0,0,1,2,2,0,0,0,1,2,2,0,0,0,0,5,0,0,0,0,0,0,0,0,0,0,0,0,0,0,0,0,0,0,0,0,0,0,0,0,1,2,2,0,0,0,0,0,0,0,0,0,0,0,0,0,0,0,0,0,0,0,0,0,0,0,0,0,0,0,0,0,0,0,1,1,1,0,0,0,0,0,0,0,0,0,5,0,,,,,,,,,,,,,,,,,,,,,,,,,,,,,,,,,,,0,,,,,127.219
2086,Unscored (no condition data),PTrail,1061,,2.0,,0.0,0.0,0.0,,Asphalt,,,2,21.51,,,,,47,3,,trails,Dirt,1,2,2,1,0,0,0,0,0,0,0,0,0,0,0,0,0,0,0,0,0,0,0,0,0,5,3,2,0,0,0,0,0,0,1,2,2,0,0,0,0,0,0,0,1,0,0,0,0,0,1,2,2,0,0,0,0,1,0,0,0,0,0,0,0,0,0,0,0,0,0,0,0,1,0,0,1,2,2,0,0,0,5,0,1,1,1,0,0,0,0,0,0,0,0,0,5,0,,,,,,,,,,,,,,,,,,,,,,,,,,,,,,,,,,,0,,,,,21.51
2087,Unscored (no condition data),PTrail,1070,,2.0,,0.0,0.0,0.0,,Asphalt,,,2,31.17,,,,,48,3,,trails,Dirt,1,2,2,1,2,2,1,2,2,0,0,0,1,2,0,1,0,0,0,0,0,0,0,0,0,5,0,2,0,0,0,0,0,0,1,2,0,0,0,0,0,0,0,0,1,0,0,0,0,0,1,2,0,0,0,0,0,0,0,0,0,0,0,0,0,0,0,0,0,0,0,0,0,1,2,0,1,2,0,0,0,0,0,3,0,0,1,0,0,0,0,0,0,0,0,0,5,0,,,,,,,,,,,,,,,,,,,,,,,,,,,,,,,,,,,0,,,,,31.17
2088,Unscored (no condition data),PTrail,1072,,2.0,,0.0,0.0,0.0,,Asphalt,,,2,78.559,,,,,46,3,,trails,Dirt,1,2,2,1,2,2,1,2,2,0,0,0,1,2,0,1,0,0,0,0,0,0,0,0,0,5,0,2,0,0,0,0,0,0,1,2,0,0,0,0,0,0,0,0,1,0,0,0,0,0,1,0,0,0,0,0,0,0,0,0,0,0,0,0,0,0,0,0,0,0,0,0,0,1,2,0,1,2,0,0,0,0,0,3,0,0,1,0,0,0,0,0,0,0,0,0,5,0,,,,,,,,,,,,,,,,,,,,,,,,,,,,,,,,,,,0,,,,,78.559
2089,Unscored (no condition data),PTrail,1075,,2.0,,0.0,0.0,0.0,,Asphalt,,,2,21.734,,,,,43,2,,trails,Dirt,1,2,2,1,0,0,1,0,0,0,0,0,1,2,0,1,0,0,0,0,0,0,0,0,0,5,0,2,0,0,0,0,0,0,1,2,0,0,0,0,1,2,0,0,1,0,0,0,1,0,1,2,0,0,0,0,0,0,0,0,0,0,0,0,0,0,0,0,0,0,0,0,0,1,2,0,1,2,0,0,0,0,0,3,0,0,0,0,0,0,0,0,0,0,0,0,5,0,,,,,,,,,,,,,,,,,,,,,,,,,,,,,,,,,,,0,,,,,21.734
2090,Unscored (no condition data),PTrail,1076,,2.0,,0.0,0.0,0.0,,Asphalt,,,2,154.066,,,,,42,2,,trails,Dirt,1,2,2,1,2,0,0,0,0,0,0,0,1,2,0,0,0,0,0,0,0,0,0,0,5,5,0,0,0,0,0,0,0,0,1,2,0,0,0,0,0,0,0,0,1,0,0,0,0,0,1,2,0,0,0,0,0,0,1,0,0,0,0,0,0,0,0,0,0,0,0,0,0,1,2,0,1,0,0,0,0,0,0,0,1,1,1,1,0,0,0,0,0,0,0,0,5,0,,,,,,,,,,,,,,,,,,,,,,,,,,,,,,,,,,,0,,,,,154.066
2091,Unscored (no condition data),PTrail,1079,,2.0,,0.0,0.0,0.0,,Asphalt,,,2,34.387,,,,,32,2,,trails,Dirt,1,2,2,0,0,0,0,0,0,0,0,0,0,0,0,0,0,0,0,0,0,0,0,0,0,0,3,0,0,0,0,0,0,0,0,0,0,0,0,0,0,0,0,0,1,2,0,0,0,0,1,0,0,5,0,4,0,0,0,0,0,0,0,0,0,0,0,0,0,0,0,0,0,0,0,0,1,2,0,0,0,0,0,0,1,1,1,0,0,0,0,0,0,0,0,0,5,0,,,,,,,,,,,,,,,,,,,,,,,,,,,,,,,,,,,0,,,,,34.387
2092,Unscored (no condition data),PTrail,1080,,2.0,,0.0,0.0,0.0,,Asphalt,,,2,2.48,,,,,46,3,,trails,Dirt,1,2,2,1,2,2,1,2,2,0,0,0,1,2,0,1,0,0,0,0,0,0,0,0,0,5,0,2,0,0,0,0,0,0,1,2,0,0,0,0,0,0,0,0,1,0,0,0,0,0,1,0,0,0,0,0,0,0,0,0,0,0,0,0,0,0,0,0,0,0,0,0,0,1,2,0,1,2,0,0,0,0,0,3,0,0,1,0,0,0,0,0,0,0,0,0,5,0,,,,,,,,,,,,,,,,,,,,,,,,,,,,,,,,,,,0,,,,,2.48
2093,Unscored (no condition data),PTrail,1082,,2.0,,0.0,0.0,0.0,,Asphalt,,,2,32.179,,,,,48,3,,trails,Dirt,1,2,2,1,2,0,1,2,0,0,0,0,1,0,0,0,0,0,0,0,0,0,0,0,0,5,0,2,0,0,0,0,0,0,0,0,0,0,0,0,0,0,0,0,0,0,0,0,1,1,1,2,2,5,0,0,3,1,0,0,0,0,0,0,1,0,0,0,0,0,0,0,0,1,0,0,0,0,0,0,0,0,0,3,1,1,1,0,0,0,0,0,0,0,0,0,5,0,,,,,,,,,,,,,,,,,,,,,,,,,,,,,,,,,,,0,,,,,32.179
2094,Unscored (no condition data),PTrail,1083,,2.0,,0.0,0.0,0.0,,Asphalt,,,2,7.89,,,,,47,3,,trails,Dirt,1,2,2,1,2,0,1,2,0,0,0,0,1,0,0,0,0,0,0,0,0,0,0,0,0,5,0,2,0,0,0,0,0,0,0,0,0,0,0,0,0,0,0,0,0,0,0,0,1,1,1,2,2,5,0,0,3,0,0,0,0,0,0,0,1,0,0,0,0,0,0,0,0,1,0,0,0,0,0,0,0,0,0,3,1,1,1,0,0,0,0,0,0,0,0,0,5,0,,,,,,,,,,,,,,,,,,,,,,,,,,,,,,,,,,,0,,,,,7.89
2095,Unscored (no condition data),PTrail,1088,,2.0,,0.0,0.0,0.0,,Asphalt,,,2,578.547,,,,,37,2,,trails,Dirt,1,2,2,1,2,2,1,2,2,0,0,0,0,0,0,0,0,0,0,0,0,0,0,0,0,5,0,2,0,0,0,0,0,0,0,0,0,0,0,0,0,0,0,0,0,0,0,0,0,0,1,2,0,0,0,0,0,1,0,0,0,0,0,0,1,2,0,0,0,0,0,0,0,0,0,0,0,0,0,0,0,0,0,0,1,1,1,0,0,0,0,0,0,0,0,0,5,0,,,,,,,,,,,,,,,,,,,,,,,,,,,,,,,,,,,0,,,,,578.547
2096,Unscored (no condition data),PTrail,1089,,2.0,,0.0,0.0,0.0,,Asphalt,,,2,39.065,,,,,35,2,,trails,Dirt,1,2,2,1,2,2,1,2,2,0,0,0,0,0,0,0,0,0,0,0,0,0,0,0,0,5,0,2,0,0,0,0,0,0,0,0,0,0,0,0,0,0,0,0,0,0,0,0,0,0,1,0,0,0,0,0,0,1,0,0,0,0,0,0,1,2,0,0,0,0,0,0,0,0,0,0,0,0,0,0,0,0,0,0,1,1,1,0,0,0,0,0,0,0,0,0,5,0,,,,,,,,,,,,,,,,,,,,,,,,,,,,,,,,,,,0,,,,,39.065
2097,Unscored (no condition data),PTrail,1120,,2.0,,0.0,0.0,0.0,,Asphalt,,,2,1206.434,,,,,36,2,,trails,Dirt,0,0,0,0,0,0,0,0,0,0,0,0,0,0,0,0,0,0,0,0,0,0,0,0,5,0,3,0,0,0,0,1,2,2,0,0,0,1,2,2,0,0,0,0,0,0,0,0,0,0,1,2,0,0,0,0,0,1,0,0,0,0,0,0,0,0,0,0,0,0,0,0,0,1,2,0,0,0,0,0,0,0,0,0,1,1,1,0,0,0,0,0,0,0,0,0,5,3,,,,,,,,,,,,,,,,,,,,,,,,,,,,,,,,,,,0,,,,,1206.434
2098,Unscored (no condition data),PTrail,1121,,2.0,,0.0,0.0,0.0,,Asphalt,,,2,1117.753,,,,,47,3,,trails,Dirt,1,2,2,1,2,2,1,2,2,0,0,0,1,2,0,0,0,0,0,0,0,0,0,0,0,5,0,2,0,0,0,0,0,0,0,0,0,0,0,0,0,0,0,0,0,0,0,0,1,0,1,2,0,0,0,0,0,1,0,0,0,0,0,0,0,0,0,0,0,0,0,0,0,1,2,0,1,2,0,0,0,0,0,0,1,1,1,1,2,0,0,0,0,0,0,0,5,0,,,,,,,,,,,,,,,,,,,,,,,,,,,,,,,,,,,0,,,,,1117.753
2099,Unscored (no condition data),PTrail,1131,,2.0,,0.0,0.0,0.0,,Asphalt,,,2,239.917,,,,,41,2,,trails,Dirt,1,2,0,0,0,0,0,0,0,0,0,0,1,2,2,0,0,0,1,2,2,0,0,0,0,5,0,0,0,0,0,0,0,0,0,0,0,0,0,0,0,0,0,0,0,0,0,0,0,0,1,2,2,5,5,0,0,0,0,0,0,0,0,0,0,0,0,0,0,0,0,0,0,0,0,0,0,0,0,0,0,0,0,0,1,1,1,0,0,0,0,0,0,0,0,0,5,0,,,,,,,,,,,,,,,,,,,,,,,,,,,,,,,,,,,0,,,,,239.917
2100,Unscored (no condition data),PTrail,1133,,2.0,,0.0,0.0,0.0,,Asphalt,,,2,1007.556,,,,,45,2,,trails,Dirt,1,2,2,1,2,0,0,0,0,0,0,0,1,2,2,0,0,0,1,2,2,0,0,0,0,5,0,0,0,0,0,0,0,0,1,0,0,0,0,0,0,0,0,0,0,0,0,0,0,0,1,2,2,5,5,0,0,0,0,0,0,0,0,0,0,0,0,0,0,0,0,0,0,1,2,0,0,0,0,0,0,0,0,0,1,1,1,0,0,0,0,0,0,0,0,0,0,0,,,,,,,,,,,,,,,,,,,,,,,,,,,,,,,,,,,0,,,,,1007.556
2101,Unscored (no condition data),PTrail,1134,,2.0,,0.0,0.0,0.0,,Asphalt,,,2,3469.469,,,,,39,2,,trails,Dirt,1,2,2,0,0,0,0,0,0,0,0,0,1,2,2,0,0,0,0,0,0,0,0,0,0,5,0,2,0,0,0,0,0,0,0,0,0,0,0,0,0,0,0,0,0,0,0,0,0,0,1,2,2,0,0,0,3,1,0,0,0,0,0,0,0,0,0,0,0,0,0,0,0,1,0,0,1,0,0,0,0,0,0,3,1,1,1,0,0,0,0,0,0,0,0,0,5,0,,,,,,,,,,,,,,,,,,,,,,,,,,,,,,,,,,,0,,,,,3469.469
2102,Unscored (no condition data),PTrail,1177,,2.0,,0.0,0.0,0.0,,Asphalt,,,2,1131.429,,,,,37,2,,trails,Dirt,1,2,2,1,2,2,0,0,0,0,0,0,1,2,2,0,0,0,1,2,2,0,0,0,0,5,0,0,0,0,0,0,0,0,1,2,0,0,0,0,0,0,0,0,0,0,0,0,0,0,1,2,2,0,0,0,0,0,0,0,0,0,0,0,0,0,0,0,0,0,0,0,0,1,0,0,0,0,0,0,0,0,0,0,1,1,1,0,0,0,0,0,0,0,0,0,0,0,,,,,,,,,,,,,,,,,,,,,,,,,,,,,,,,,,,0,,,,,1131.429
2103,Unscored (no condition data),PTrail,1178,,2.0,,0.0,0.0,0.0,,Asphalt,,,2,282.111,,,,,33,2,,trails,Dirt,1,2,2,1,2,2,0,0,0,0,0,0,1,2,0,0,0,0,1,2,0,0,0,0,0,5,0,0,0,0,0,0,0,0,1,2,0,0,0,0,0,0,0,0,0,0,0,0,0,0,1,2,0,0,0,0,0,0,0,0,0,0,0,0,0,0,0,0,0,0,0,0,0,1,2,0,0,0,0,0,0,0,0,0,1,1,1,0,0,0,0,0,0,0,0,0,0,0,,,,,,,,,,,,,,,,,,,,,,,,,,,,,,,,,,,0,,,,,282.111
2104,Unscored (no condition data),PTrail,1182,,2.0,,0.0,0.0,0.0,,Asphalt,,,2,373.248,,,,,32,2,,trails,Dirt,1,2,2,1,2,2,1,2,0,0,0,0,1,2,0,0,0,0,0,0,0,0,0,0,0,5,0,0,0,0,0,0,0,0,1,0,0,0,0,0,0,0,0,0,0,0,0,0,0,0,1,0,0,0,0,0,0,0,0,0,0,0,0,0,0,0,0,0,0,0,0,0,0,1,0,0,0,0,0,0,0,0,0,0,1,1,1,0,0,0,0,0,0,0,0,0,5,0,,,,,,,,,,,,,,,,,,,,,,,,,,,,,,,,,,,0,,,,,373.248
2105,Unscored (no condition data),PTrail,1183,,2.0,,0.0,0.0,0.0,,Asphalt,,,2,233.256,,,,,34,2,,trails,Dirt,1,2,2,1,2,2,1,2,0,0,0,0,1,2,2,0,0,0,0,0,0,0,0,0,0,5,0,0,0,0,0,0,0,0,1,0,0,0,0,0,0,0,0,0,0,0,0,0,0,0,1,0,0,0,0,0,0,0,0,0,0,0,0,0,0,0,0,0,0,0,0,0,0,0,0,0,1,0,0,0,0,0,0,0,1,1,1,0,0,0,0,0,0,0,0,0,5,0,,,,,,,,,,,,,,,,,,,,,,,,,,,,,,,,,,,0,,,,,233.256
2106,Unscored (no condition data),PTrail,1184,,2.0,,0.0,0.0,0.0,,Asphalt,,,2,203.991,,,,,40,2,,trails,Dirt,1,2,2,1,2,0,1,0,0,1,0,0,1,2,2,0,0,0,0,0,0,0,0,0,0,5,0,2,0,0,0,0,0,0,1,2,0,0,0,0,0,0,0,0,0,0,0,0,0,0,1,2,0,0,0,0,0,0,0,0,0,0,0,0,0,0,0,0,0,0,0,0,0,1,0,0,1,2,0,0,0,0,0,0,1,1,1,0,0,0,0,0,0,0,0,0,5,0,,,,,,,,,,,,,,,,,,,,,,,,,,,,,,,,,,,0,,,,,203.991
2107,Unscored (no condition data),PTrail,1186,,2.0,,0.0,0.0,0.0,,Asphalt,,,2,99.669,,,,,37,2,,trails,Dirt,1,2,2,1,2,0,1,0,0,0,0,0,1,2,2,0,0,0,0,0,0,0,0,0,0,5,0,0,0,0,0,0,0,0,1,2,0,0,0,0,0,0,0,0,0,0,0,0,0,0,1,2,0,0,0,0,0,0,0,0,0,0,0,0,0,0,0,0,0,0,0,0,0,1,0,0,1,2,0,0,0,0,0,0,1,1,1,0,0,0,0,0,0,0,0,0,5,0,,,,,,,,,,,,,,,,,,,,,,,,,,,,,,,,,,,0,,,,,99.669
2108,Unscored (no condition data),PTrail,1189,,2.0,,0.0,0.0,0.0,,Asphalt,,,2,434.591,,,,,36,2,,trails,Dirt,1,2,2,1,2,2,1,2,0,0,0,0,1,2,0,0,0,0,0,0,0,0,0,0,0,5,0,0,0,0,0,0,0,0,1,2,0,0,0,0,0,0,0,0,0,0,0,0,0,0,1,0,0,0,0,0,0,0,0,0,0,0,0,0,0,0,0,0,0,0,0,0,0,1,2,0,0,0,0,0,0,0,0,0,1,1,1,0,0,0,0,0,0,0,0,0,5,0,,,,,,,,,,,,,,,,,,,,,,,,,,,,,,,,,,,0,,,,,434.591
2109,Unscored (no condition data),PTrail,1190,,2.0,,0.0,0.0,0.0,,Asphalt,,,2,1424.974,,,,,45,2,,trails,Dirt,1,2,2,1,2,2,1,2,2,0,0,0,1,2,0,0,0,0,0,0,0,0,0,0,0,5,0,2,0,0,0,0,0,0,1,2,0,0,0,0,0,0,0,0,0,0,0,0,0,0,1,2,0,0,0,0,0,0,0,0,0,0,0,0,0,0,0,0,0,0,0,0,0,1,2,2,1,0,0,0,0,0,0,0,1,1,1,0,0,0,0,0,0,0,0,0,5,0,,,,,,,,,,,,,,,,,,,,,,,,,,,,,,,,,,,0,,,,,1424.974
2110,Unscored (no condition data),PTrail,1197,,2.0,,0.0,0.0,0.0,,Asphalt,,,2,243.599,,,,,33,2,,trails,Dirt,1,2,2,1,2,2,1,2,0,0,0,0,0,0,0,0,0,0,0,0,0,0,0,0,0,5,0,0,0,0,0,0,0,0,1,2,0,0,0,0,0,0,0,0,0,0,0,0,0,0,1,0,0,0,0,0,0,0,0,0,0,0,0,0,0,0,0,0,0,0,0,0,0,1,2,0,0,0,0,0,0,0,0,0,1,1,1,0,0,0,0,0,0,0,0,0,5,0,,,,,,,,,,,,,,,,,,,,,,,,,,,,,,,,,,,0,,,,,243.599
2111,Unscored (no condition data),PTrail,1198,,2.0,,0.0,0.0,0.0,,Asphalt,,,2,743.547,,,,,32,2,,trails,Dirt,1,2,2,1,2,2,1,2,0,0,0,0,1,2,0,0,0,0,0,0,0,0,0,0,0,5,0,0,0,0,0,0,0,0,1,0,0,0,0,0,0,0,0,0,0,0,0,0,0,0,1,0,0,0,0,0,0,0,0,0,0,0,0,0,0,0,0,0,0,0,0,0,0,1,0,0,0,0,0,0,0,0,0,0,1,1,1,0,0,0,0,0,0,0,0,0,5,0,,,,,,,,,,,,,,,,,,,,,,,,,,,,,,,,,,,0,,,,,743.547
2112,Unscored (no condition data),PTrail,1199,,2.0,,0.0,0.0,0.0,,Asphalt,,,2,201.54,,,,,43,2,,trails,Dirt,1,2,2,1,2,2,1,2,2,0,0,0,1,2,2,0,0,0,0,0,0,0,0,0,0,5,0,2,0,0,0,0,0,0,1,2,0,0,0,0,0,0,0,0,0,0,0,0,0,0,1,2,0,0,0,0,0,0,0,0,0,0,0,0,0,0,0,0,0,0,0,0,0,1,0,0,1,0,0,0,0,0,0,0,1,1,1,0,0,0,0,0,0,0,0,0,5,0,,,,,,,,,,,,,,,,,,,,,,,,,,,,,,,,,,,0,,,,,201.54
2113,Unscored (no condition data),PTrail,1204,,2.0,,0.0,0.0,0.0,,Asphalt,,,2,21.536,,,,,35,2,,trails,Dirt,1,2,2,1,2,0,1,0,0,0,0,0,1,2,0,0,0,0,0,0,0,0,0,0,0,5,0,0,0,0,0,0,0,0,1,2,0,0,0,0,0,0,0,0,0,0,0,0,0,0,1,2,0,0,0,0,0,0,0,0,0,0,0,0,0,0,0,0,0,0,0,0,0,1,0,0,1,2,0,0,0,0,0,0,1,1,1,0,0,0,0,0,0,0,0,0,5,0,,,,,,,,,,,,,,,,,,,,,,,,,,,,,,,,,,,0,,,,,21.536
2114,Unscored (no condition data),PTrail,1205,,2.0,,0.0,0.0,0.0,,Asphalt,,,2,77.366,,,,,31,2,,trails,Dirt,1,2,2,1,2,0,1,0,0,0,0,0,0,0,0,0,0,0,0,0,0,0,0,0,0,5,0,2,0,0,0,0,0,0,1,2,0,0,0,0,0,0,0,0,0,0,0,0,0,0,1,0,0,0,0,0,0,0,0,0,0,0,0,0,0,0,0,0,0,0,0,0,0,1,2,0,0,0,0,0,0,0,0,0,1,1,1,0,0,0,0,0,0,0,0,0,5,0,,,,,,,,,,,,,,,,,,,,,,,,,,,,,,,,,,,0,,,,,77.366
2115,Unscored (no condition data),PTrail,1215,,2.0,,0.0,0.0,0.0,,Asphalt,,,2,17.926,,,,,33,2,,trails,Dirt,1,2,2,1,2,0,1,0,0,0,0,0,0,0,0,0,0,0,0,0,0,0,0,0,0,5,0,2,0,0,0,0,0,0,1,2,0,0,0,0,0,0,0,0,0,0,0,0,0,0,1,2,0,0,0,0,0,0,0,0,0,0,0,0,0,0,0,0,0,0,0,0,0,1,2,0,0,0,0,0,0,0,0,0,1,1,1,0,0,0,0,0,0,0,0,0,5,0,,,,,,,,,,,,,,,,,,,,,,,,,,,,,,,,,,,0,,,,,17.926
2116,Unscored (no condition data),PTrail,1217,,2.0,,0.0,0.0,0.0,,Asphalt,,,2,272.037,,,,,36,2,,trails,Dirt,1,2,2,1,2,2,0,0,0,0,0,0,1,2,2,0,0,0,0,0,0,0,0,0,0,5,0,0,0,0,0,0,0,0,0,0,0,0,0,0,0,0,0,0,0,0,0,0,0,0,0,0,0,0,0,4,0,0,0,0,0,0,0,0,0,0,0,0,0,0,0,0,0,1,2,0,0,0,0,0,0,0,0,0,1,1,1,1,0,0,0,0,0,0,0,0,5,0,,,,,,,,,,,,,,,,,,,,,,,,,,,,,,,,,,,0,,,,,272.037
2117,Unscored (no condition data),PTrail,1221,,2.0,,0.0,0.0,0.0,,Asphalt,,,2,323.516,,,,,34,2,,trails,Dirt,1,2,2,1,2,0,1,2,0,1,0,0,1,0,0,0,0,0,0,0,0,0,0,0,0,5,3,0,0,0,0,0,0,0,1,2,0,0,0,0,0,0,0,0,0,0,0,0,0,0,1,2,0,0,0,0,0,0,0,0,0,0,0,0,0,0,0,0,0,0,1,2,0,1,0,0,1,0,0,0,0,0,0,0,1,0,1,0,0,0,0,0,0,0,0,0,0,0,,,,,,,,,,,,,,,,,,,,,,,,,,,,,,,,,,,0,,,,,323.516
2118,Unscored (no condition data),PTrail,1232,,2.0,,0.0,0.0,0.0,,Asphalt,,,2,22.2,,,,,48,3,,trails,Other,1,2,2,1,2,2,1,2,2,0,0,0,1,0,0,0,0,0,0,0,0,0,0,0,0,5,0,2,0,0,0,0,0,0,1,2,0,0,0,0,0,0,0,0,0,0,0,0,1,0,1,2,0,0,0,0,0,0,0,0,0,0,0,0,1,0,0,0,0,0,1,0,0,1,2,0,1,2,0,0,0,0,5,0,0,0,0,0,0,0,0,0,0,0,0,0,5,0,,,,,,,,,,,,,,,,,,,,,,,,,,,,,,,,,,,0,,,,,22.2
2119,Unscored (no condition data),PTrail,1233,,2.0,,0.0,0.0,0.0,,Asphalt,,,2,348.13,,,,,33,2,,trails,Dirt,1,2,2,1,0,0,0,0,0,0,0,0,0,0,0,0,0,0,0,0,0,0,0,0,0,0,0,2,0,0,0,0,0,0,1,0,0,0,0,0,0,0,0,0,0,0,0,0,0,0,1,2,2,5,5,0,0,1,0,0,0,0,0,0,0,0,0,0,0,0,0,0,0,0,0,0,0,0,0,0,0,0,0,0,1,1,1,0,0,0,0,0,0,0,0,0,5,0,,,,,,,,,,,,,,,,,,,,,,,,,,,,,,,,,,,0,,,,,348.13
2120,Unscored (no condition data),PTrail,1234,,2.0,,0.0,0.0,0.0,,Asphalt,,,2,189.548,,,,,34,2,,trails,Dirt,1,2,2,1,2,0,0,0,0,0,0,0,0,0,0,0,0,0,0,0,0,0,0,0,0,0,0,2,0,0,0,0,0,0,0,0,0,0,0,0,0,0,0,0,0,0,0,0,0,0,1,2,2,5,5,0,0,1,0,0,0,0,0,0,0,0,0,0,0,0,0,0,0,0,0,0,0,0,0,0,0,0,0,0,1,1,1,0,0,0,0,0,0,0,0,0,5,0,,,,,,,,,,,,,,,,,,,,,,,,,,,,,,,,,,,0,,,,,189.548
2121,Unscored (no condition data),PTrail,1278,,2.0,,0.0,0.0,0.0,,Asphalt,,,2,313.399,,,,,31,2,,trails,Dirt,1,2,2,0,0,0,0,0,0,0,0,0,1,2,2,0,0,0,0,0,0,0,0,0,0,0,3,0,0,0,0,0,0,0,0,0,0,0,0,0,0,0,0,0,0,0,0,0,0,0,0,0,0,5,5,0,0,0,1,2,2,0,0,0,0,0,0,0,0,0,0,0,0,0,0,0,0,0,0,0,0,0,0,0,1,1,1,0,0,0,0,0,0,0,0,0,0,0,,,,,,,,,,,,,,,,,,,,,,,,,,,,,,,,,,,0,,,,,313.399
2122,Unscored (no condition data),PTrail,23066,,2.0,,0.0,0.0,0.0,,Stabilized Soil,,,2,46.369,,,,,39,2,,trails,Gravel,1,2,2,1,2,2,0,0,0,0,0,0,1,2,0,0,0,0,0,0,0,0,0,0,0,5,0,2,0,0,0,0,0,0,0,0,0,0,0,0,0,0,0,0,0,0,0,0,0,0,1,2,0,0,0,0,3,0,0,0,0,0,0,0,0,0,0,0,0,0,0,0,0,1,0,0,1,0,0,0,0,0,0,0,1,1,1,0,0,0,0,0,0,0,0,0,5,3,,,,,,,,,,,,,,,,,,,,,,,,,,,,,,,,,,,0,,,,,46.369
2123,Unscored (no condition data),PTrail,23069,,2.0,,0.0,0.0,0.0,,Stabilized Soil,,,2,500.123,,,,,44,2,,trails,Gravel,1,2,2,1,2,2,0,0,0,0,0,0,1,2,2,0,0,0,0,0,0,0,0,0,0,5,0,2,0,0,0,0,0,0,0,0,0,0,0,0,0,0,0,0,0,0,0,0,0,0,1,2,0,0,0,0,3,1,0,0,0,0,0,0,0,0,0,0,0,0,0,0,0,1,0,0,1,2,0,0,0,0,0,0,1,1,1,0,0,0,0,0,0,0,0,0,5,3,,,,,,,,,,,,,,,,,,,,,,,,,,,,,,,,,,,0,,,,,500.123
2124,Unscored (no condition data),PTrail,23070,,2.0,,0.0,0.0,0.0,,Stabilized Soil,,,2,85.311,,,,,32,2,,trails,Gravel,1,2,2,1,2,0,0,0,0,0,0,0,1,2,2,0,0,0,0,0,0,0,0,0,0,5,0,2,0,0,0,0,0,0,0,0,0,0,0,0,0,0,0,0,0,0,0,0,0,0,1,0,0,0,0,0,0,1,0,0,0,0,0,0,0,0,0,0,0,0,0,0,0,1,0,0,1,0,0,0,0,0,0,0,1,1,1,0,0,0,0,0,0,0,0,0,5,0,,,,,,,,,,,,,,,,,,,,,,,,,,,,,,,,,,,0,,,,,85.311
2125,Unscored (no condition data),RPath,1623,,1.0,,0.0,0.0,0.0,,Asphalt,,,1,74.203,,,,,27,1,,sidewalks,CON,1,2,0,1,2,0,1,2,0,0,0,0,0,0,0,0,0,0,0,0,0,0,0,0,0,0,0,2,0,0,0,0,0,0,1,0,0,0,0,0,0,0,0,0,0,0,0,0,0,0,1,2,0,0,0,0,0,1,0,0,0,0,0,0,0,0,0,0,0,0,0,0,0,0,0,0,0,0,0,0,0,0,0,3,1,1,1,0,0,0,0,0,0,0,0,0,5,0,,,,,,,,,,,,,,,,,,,,,,,,,,,,,,,,,,,0,,,,,74.203
2126,Unscored (no condition data),RPath,1624,,1.0,,0.0,0.0,0.0,,Asphalt,,,1,110.282,,,,,27,1,,sidewalks,CON,1,2,2,1,2,0,1,2,0,0,0,0,0,0,0,0,0,0,0,0,0,0,0,0,0,0,0,2,0,0,0,0,0,0,1,0,0,0,0,0,0,0,0,0,0,0,0,0,0,0,1,0,0,0,0,0,0,1,0,0,0,0,0,0,0,0,0,0,0,0,0,0,0,0,0,0,0,0,0,0,0,0,0,3,1,1,1,0,0,0,0,0,0,0,0,0,5,0,,,,,,,,,,,,,,,,,,,,,,,,,,,,,,,,,,,0,,,,,110.282
2127,Unscored (no condition data),RPath,1625,,1.0,,0.0,0.0,0.0,,Asphalt,,,1,38.336,,,,,23,1,,sidewalks,CON,0,0,0,0,0,0,0,0,0,0,0,0,0,0,0,0,0,0,0,0,0,0,0,0,0,0,3,0,0,0,0,0,0,0,0,0,0,0,0,0,0,0,0,0,1,2,0,0,0,0,1,2,2,0,0,4,0,0,0,0,0,0,0,0,0,0,0,0,0,0,0,0,0,0,0,0,0,0,0,0,0,0,0,0,1,1,1,0,0,0,0,0,0,0,0,0,5,0,,,,,,,,,,,,,,,,,,,,,,,,,,,,,,,,,,,0,,,,,38.336
2128,Unscored (no condition data),RPath,1636,,1.0,,0.0,0.0,0.0,,Asphalt,,,1,175.276,,,,,29,2,,sidewalks,CON,1,2,2,1,0,0,1,0,0,1,0,0,0,0,0,0,0,0,0,0,0,0,0,0,0,0,0,2,0,0,0,0,0,0,1,0,0,0,0,0,1,2,0,0,1,0,0,0,1,0,1,2,0,0,0,0,0,1,0,0,0,0,0,0,0,0,0,0,0,0,0,0,0,1,0,0,0,0,0,0,0,0,0,0,1,1,1,0,0,0,0,0,0,0,0,0,5,0,,,,,,,,,,,,,,,,,,,,,,,,,,,,,,,,,,,0,,,,,175.276
2129,Unscored (no condition data),RPath,1637,,1.0,,0.0,0.0,0.0,,Asphalt,,,1,42.948,,,,,26,1,,sidewalks,CON,1,2,2,0,0,0,0,0,0,1,0,0,0,0,0,0,0,0,0,0,0,0,0,0,0,0,0,2,0,0,0,0,0,0,1,0,0,0,0,0,1,2,0,0,1,0,0,0,1,0,1,2,0,0,0,0,0,1,0,0,0,0,0,0,0,0,0,0,0,0,0,0,0,0,0,0,0,0,0,0,0,0,0,0,1,1,1,0,0,0,0,0,0,0,0,0,5,0,,,,,,,,,,,,,,,,,,,,,,,,,,,,,,,,,,,0,,,,,42.948
2130,Unscored (no condition data),RPath,1686,,1.0,,0.0,0.0,0.0,,Asphalt,,,1,98.614,,,,,27,1,,sidewalks,HMAC,1,2,2,0,0,0,0,0,0,0,0,0,1,2,0,0,0,0,0,0,0,0,0,0,0,0,3,0,0,0,0,0,0,0,0,0,0,0,0,0,0,0,0,0,0,0,0,0,0,0,1,2,0,0,0,0,0,1,0,0,0,0,0,0,1,0,0,0,0,0,0,0,0,0,0,0,0,0,0,0,0,0,0,0,1,1,1,1,2,0,0,0,0,0,0,0,5,0,,,,,,,,,,,,,,,,,,,,,,,,,,,,,,,,,,,0,,,,,98.614
2131,Unscored (no condition data),RPath,1687,,1.0,,0.0,0.0,0.0,,Asphalt,,,1,42.029,,,,,19,1,,sidewalks,CON,1,0,0,0,0,0,0,0,0,0,0,0,0,0,0,0,0,0,0,0,0,0,0,0,0,0,0,2,0,0,0,0,0,0,0,0,0,0,0,0,0,0,0,0,0,0,0,0,0,0,1,2,0,0,0,0,0,1,0,0,0,0,0,0,0,0,0,0,0,0,0,0,0,1,0,0,0,0,0,0,0,0,0,3,1,1,1,0,0,0,0,0,0,0,0,0,5,0,,,,,,,,,,,,,,,,,,,,,,,,,,,,,,,,,,,0,,,,,42.029
2132,Unscored (no condition data),RPath,1688,,1.0,,0.0,0.0,0.0,,Asphalt,,,1,71.664,,,,,28,2,,sidewalks,CON,1,2,0,0,0,0,0,0,0,0,0,0,0,0,0,0,0,0,0,0,0,0,0,0,0,0,3,0,0,0,0,1,2,2,0,0,0,0,0,0,0,0,0,0,0,0,0,0,1,0,1,2,0,0,0,4,0,0,0,0,0,0,0,0,0,0,0,0,0,0,0,0,0,1,0,0,0,0,0,0,0,0,0,0,1,1,1,0,0,0,0,0,0,0,0,0,5,0,,,,,,,,,,,,,,,,,,,,,,,,,,,,,,,,,,,0,,,,,71.664
2133,Unscored (no condition data),RPath,1695,,1.0,,0.0,0.0,0.0,,Asphalt,,,1,110.294,,,,,23,1,,sidewalks,CON,1,2,0,0,0,0,0,0,0,0,0,0,0,0,0,0,0,0,0,0,0,0,0,0,0,0,0,2,0,0,0,0,0,0,1,2,0,0,0,0,0,0,0,0,0,0,0,0,0,0,1,2,0,0,0,0,0,1,0,0,0,0,0,0,0,0,0,0,0,0,0,0,0,1,2,2,0,0,0,0,0,0,0,0,1,1,1,0,0,0,0,0,0,0,0,0,0,3,,,,,,,,,,,,,,,,,,,,,,,,,,,,,,,,,,,0,,,,,110.294
2134,Unscored (no condition data),RPath,1696,,1.0,,0.0,0.0,0.0,,Asphalt,,,1,61.691,,,,,17,1,,sidewalks,CON,1,2,0,0,0,0,0,0,0,0,0,0,0,0,0,0,0,0,0,0,0,0,0,0,0,0,0,2,0,0,0,0,0,0,1,0,0,0,0,0,0,0,0,0,0,0,0,0,0,0,1,0,0,0,0,0,0,1,0,0,0,0,0,0,0,0,0,0,0,0,0,0,0,1,2,0,0,0,0,0,0,0,0,0,1,1,1,0,0,0,0,0,0,0,0,0,0,3,,,,,,,,,,,,,,,,,,,,,,,,,,,,,,,,,,,0,,,,,61.691
2135,Unscored (no condition data),RPath,1699,,1.0,,0.0,0.0,0.0,,Asphalt,,,1,63.947,,,,,20,1,,sidewalks,CON,1,0,0,0,0,0,0,0,0,0,0,0,0,0,0,0,0,0,0,0,0,0,0,0,0,0,0,2,0,0,0,0,0,0,0,0,0,0,0,0,0,0,0,0,0,0,0,0,1,0,1,2,0,0,0,0,0,1,0,0,0,0,0,0,0,0,0,0,0,0,0,0,0,1,0,0,0,0,0,0,0,0,0,0,1,1,1,0,0,0,0,0,0,0,0,0,5,3,,,,,,,,,,,,,,,,,,,,,,,,,,,,,,,,,,,0,,,,,63.947
2136,Unscored (no condition data),RPath,1700,,1.0,,0.0,0.0,0.0,,Asphalt,,,1,246.598,,,,,24,1,,sidewalks,CON,1,2,0,0,0,0,0,0,0,0,0,0,0,0,0,0,0,0,0,0,0,0,0,0,0,0,0,2,0,0,0,0,0,0,0,0,0,0,0,0,0,0,0,0,0,0,0,0,1,0,1,2,0,0,0,0,0,1,0,0,0,0,0,0,0,0,0,0,0,0,0,0,0,1,2,0,0,0,0,0,0,0,0,0,1,1,1,0,0,0,0,0,0,0,0,0,5,3,,,,,,,,,,,,,,,,,,,,,,,,,,,,,,,,,,,0,,,,,246.598
2137,Unscored (no condition data),RPath,1701,,1.0,,0.0,0.0,0.0,,Asphalt,,,1,160.432,,,,,19,1,,sidewalks,CON,0,0,0,0,0,0,0,0,0,0,0,0,0,0,0,0,0,0,0,0,0,0,0,0,0,0,0,2,0,0,0,0,0,0,0,0,0,1,2,2,0,0,0,0,0,0,0,0,0,0,0,0,0,0,0,0,0,1,0,0,0,0,0,0,0,0,0,0,0,0,0,0,0,0,0,0,0,0,0,0,0,0,0,0,1,1,1,0,0,0,0,0,0,0,0,0,5,3,,,,,,,,,,,,,,,,,,,,,,,,,,,,,,,,,,,0,,,,,160.432
2138,Unscored (no condition data),RPath,1704,,1.0,,0.0,0.0,0.0,,Asphalt,,,1,26.583,,,,,29,2,,sidewalks,CON,0,0,0,0,0,0,0,0,0,0,0,0,1,2,2,0,0,0,0,0,0,0,0,0,0,0,3,0,0,0,0,0,0,0,0,0,0,0,0,0,0,0,0,0,0,0,0,0,0,0,1,2,2,0,5,0,3,0,0,0,0,0,0,0,0,0,0,0,0,0,0,0,0,0,0,0,0,0,0,0,0,0,0,0,1,1,1,0,0,0,0,0,0,0,0,0,5,0,,,,,,,,,,,,,,,,,,,,,,,,,,,,,,,,,,,0,,,,,26.583
2139,Unscored (no condition data),RPath,1737,,1.0,,0.0,0.0,0.0,,Asphalt,,,1,41.985,,,,,19,1,,sidewalks,CON,1,0,0,0,0,0,0,0,0,0,0,0,0,0,0,0,0,0,0,0,0,0,0,0,0,0,0,2,0,0,0,0,0,0,0,0,0,0,0,0,0,0,0,0,0,0,0,0,0,0,1,2,0,0,0,0,0,1,0,0,0,0,0,0,0,0,0,0,0,0,0,0,0,1,0,0,0,0,0,0,0,0,0,3,1,1,1,0,0,0,0,0,0,0,0,0,5,0,,,,,,,,,,,,,,,,,,,,,,,,,,,,,,,,,,,0,,,,,41.985
2140,Unscored (no condition data),RPath,1738,,1.0,,0.0,0.0,0.0,,Asphalt,,,1,65.824,,,,,20,1,,sidewalks,CON,1,0,0,0,0,0,0,0,0,0,0,0,0,0,0,0,0,0,0,0,0,0,0,0,0,0,0,2,0,0,0,0,0,0,0,0,0,0,0,0,0,0,0,0,0,0,0,0,0,0,1,2,2,0,0,0,0,1,0,0,0,0,0,0,0,0,0,0,0,0,0,0,0,1,0,0,0,0,0,0,0,0,0,3,0,1,1,0,0,0,0,0,0,0,0,0,5,0,,,,,,,,,,,,,,,,,,,,,,,,,,,,,,,,,,,0,,,,,65.824
2141,Unscored (no condition data),RPath,1739,,1.0,,0.0,0.0,0.0,,Asphalt,,,1,60.366,,,,,21,1,,sidewalks,CON,1,0,0,0,0,0,0,0,0,0,0,0,0,0,0,0,0,0,0,0,0,0,0,0,0,0,0,2,0,0,0,0,0,0,0,0,0,0,0,0,0,0,0,0,0,0,0,0,0,0,1,2,2,0,0,0,0,1,0,0,0,0,0,0,0,0,0,0,0,0,0,0,0,1,0,0,0,0,0,0,0,0,0,3,1,1,1,0,0,0,0,0,0,0,0,0,5,0,,,,,,,,,,,,,,,,,,,,,,,,,,,,,,,,,,,0,,,,,60.366
2142,Unscored (no condition data),RPath,1740,,1.0,,0.0,0.0,0.0,,Asphalt,,,1,85.041,,,,,21,1,,sidewalks,CON,1,2,0,0,0,0,0,0,0,0,0,0,0,0,0,0,0,0,0,0,0,0,0,0,0,0,0,2,0,0,0,0,0,0,0,0,0,0,0,0,0,0,0,0,0,0,0,0,0,0,1,2,0,0,0,0,0,1,0,0,0,0,0,0,0,0,0,0,0,0,0,0,0,1,0,0,0,0,0,0,0,0,0,3,1,1,1,0,0,0,0,0,0,0,0,0,5,0,,,,,,,,,,,,,,,,,,,,,,,,,,,,,,,,,,,0,,,,,85.041
2143,Unscored (no condition data),RPath,1741,,1.0,,0.0,0.0,0.0,,Asphalt,,,1,67.963,,,,,22,1,,sidewalks,CON,1,2,0,0,0,0,0,0,0,0,0,0,0,0,0,0,0,0,0,0,0,0,0,0,0,0,0,2,0,0,0,0,0,0,0,0,0,0,0,0,0,0,0,0,0,0,0,0,0,0,1,2,2,0,0,0,0,1,0,0,0,0,0,0,0,0,0,0,0,0,0,0,0,0,0,0,0,0,0,0,0,0,0,3,1,1,1,0,0,0,0,0,0,0,0,0,5,0,,,,,,,,,,,,,,,,,,,,,,,,,,,,,,,,,,,0,,,,,67.963
2144,Unscored (no condition data),RPath,1743,,1.0,,0.0,0.0,0.0,,Asphalt,,,1,83.941,,,,,22,1,,sidewalks,CON,1,2,0,0,0,0,0,0,0,0,0,0,0,0,0,0,0,0,0,0,0,0,0,0,0,0,0,2,0,0,0,0,0,0,0,0,0,0,0,0,0,0,0,0,0,0,0,0,0,0,1,2,2,0,0,0,0,1,0,0,0,0,0,0,0,0,0,0,0,0,0,0,0,0,0,0,0,0,0,0,0,0,0,3,1,1,1,0,0,0,0,0,0,0,0,0,5,0,,,,,,,,,,,,,,,,,,,,,,,,,,,,,,,,,,,0,,,,,83.941
2145,Unscored (no condition data),RPath,1744,,1.0,,0.0,0.0,0.0,,Asphalt,,,1,41.627,,,,,19,1,,sidewalks,CON,1,2,0,0,0,0,0,0,0,0,0,0,0,0,0,0,0,0,0,0,0,0,0,0,0,0,0,2,0,0,0,0,0,0,0,0,0,0,0,0,0,0,0,0,0,0,0,0,0,0,1,2,2,0,0,0,0,1,0,0,0,0,0,0,0,0,0,0,0,0,0,0,0,0,0,0,0,0,0,0,0,0,0,0,1,1,1,0,0,0,0,0,0,0,0,0,5,0,,,,,,,,,,,,,,,,,,,,,,,,,,,,,,,,,,,0,,,,,41.627
2146,Unscored (no condition data),RPath,1749,,1.0,,0.0,0.0,0.0,,Asphalt,,,1,180.131,,,,,23,1,,sidewalks,CON,0,0,0,0,0,0,0,0,0,0,0,0,0,0,0,0,0,0,0,0,0,0,0,0,0,0,3,0,0,0,0,1,2,2,0,0,0,0,0,0,0,0,0,0,1,2,0,0,0,0,1,2,2,0,0,0,0,1,0,0,0,0,0,0,0,0,0,0,0,0,0,0,0,0,0,0,0,0,0,0,0,0,0,0,1,1,1,0,0,0,0,0,0,0,0,0,0,3,,,,,,,,,,,,,,,,,,,,,,,,,,,,,,,,,,,0,,,,,180.131
2147,Unscored (no condition data),RPath,1750,,1.0,,0.0,0.0,0.0,,Asphalt,,,1,170.415,,,,,17,1,,sidewalks,CON,0,0,0,0,0,0,0,0,0,0,0,0,0,0,0,0,0,0,0,0,0,0,0,0,0,0,3,0,0,0,0,1,2,0,0,0,0,0,0,0,0,0,0,0,1,0,0,0,0,0,1,2,0,0,0,0,0,1,0,0,0,0,0,0,0,0,0,0,0,0,0,0,0,0,0,0,0,0,0,0,0,0,0,0,1,1,1,0,0,0,0,0,0,0,0,0,0,3,,,,,,,,,,,,,,,,,,,,,,,,,,,,,,,,,,,0,,,,,170.415
2148,Unscored (no condition data),RPath,1754,,1.0,,0.0,0.0,0.0,,Asphalt,,,1,43.729,,,,,28,2,,sidewalks,CON,1,2,0,1,2,0,1,2,0,0,0,0,0,0,0,0,0,0,0,0,0,0,0,0,0,0,0,2,0,0,0,0,0,0,0,0,0,0,0,0,0,0,0,0,0,0,0,0,0,0,1,2,2,0,0,0,0,1,0,0,0,0,0,0,1,2,0,0,0,0,0,0,0,0,0,0,0,0,0,0,0,0,0,0,1,1,1,0,0,0,0,0,0,0,0,0,5,0,,,,,,,,,,,,,,,,,,,,,,,,,,,,,,,,,,,0,,,,,43.729
2149,Unscored (no condition data),RPath,1760,,1.0,,0.0,0.0,0.0,,Asphalt,,,1,94.551,,,,,26,1,,sidewalks,CON,1,2,0,0,0,0,0,0,0,0,0,0,0,0,0,0,0,0,0,0,0,0,0,0,0,0,0,2,0,0,0,0,0,0,1,0,0,0,0,0,0,0,0,0,1,2,0,0,0,0,1,2,2,0,0,0,0,1,0,0,0,0,0,0,0,0,0,0,0,0,0,0,0,0,0,0,0,0,0,0,0,0,5,0,1,1,1,0,0,0,0,0,0,0,0,0,0,3,,,,,,,,,,,,,,,,,,,,,,,,,,,,,,,,,,,0,,,,,94.551
2150,Unscored (no condition data),RPath,1761,,1.0,,0.0,0.0,0.0,,Asphalt,,,1,172.463,,,,,27,1,,sidewalks,CON,1,2,0,0,0,0,0,0,0,0,0,0,0,0,0,0,0,0,0,0,0,0,0,0,0,0,0,2,0,0,0,1,0,0,1,0,0,0,0,0,0,0,0,0,1,2,0,0,0,0,1,2,2,0,0,0,0,1,0,0,0,0,0,0,0,0,0,0,0,0,0,0,0,0,0,0,0,0,0,0,0,0,5,0,1,1,1,0,0,0,0,0,0,0,0,0,0,3,,,,,,,,,,,,,,,,,,,,,,,,,,,,,,,,,,,0,,,,,172.463
2151,Unscored (no condition data),RPath,1762,,1.0,,0.0,0.0,0.0,,Asphalt,,,1,83.517,,,,,21,1,,sidewalks,CON,1,0,0,0,0,0,0,0,0,0,0,0,0,0,0,0,0,0,0,0,0,0,0,0,0,0,0,2,0,0,0,1,0,0,1,0,0,0,0,0,0,0,0,0,1,0,0,0,0,0,1,2,0,0,0,0,0,1,0,0,0,0,0,0,0,0,0,0,0,0,0,0,0,0,0,0,0,0,0,0,0,0,5,0,1,1,1,0,0,0,0,0,0,0,0,0,0,3,,,,,,,,,,,,,,,,,,,,,,,,,,,,,,,,,,,0,,,,,83.517
2152,Unscored (no condition data),RPath,1763,,1.0,,0.0,0.0,0.0,,Asphalt,,,1,37.414,,,,,18,1,,sidewalks,CON,1,0,0,0,0,0,0,0,0,0,0,0,0,0,0,0,0,0,0,0,0,0,0,0,0,0,0,2,0,0,0,1,0,0,0,0,0,0,0,0,0,0,0,0,1,0,0,0,0,0,1,0,0,0,0,0,0,1,0,0,0,0,0,0,0,0,0,0,0,0,0,0,0,0,0,0,0,0,0,0,0,0,5,0,1,1,1,0,0,0,0,0,0,0,0,0,0,3,,,,,,,,,,,,,,,,,,,,,,,,,,,,,,,,,,,0,,,,,37.414
2153,Unscored (no condition data),RPath,1764,,1.0,,0.0,0.0,0.0,,Asphalt,,,1,192.523,,,,,25,1,,sidewalks,CON,1,2,0,0,0,0,0,0,0,0,0,0,0,0,0,0,0,0,0,0,0,0,0,0,0,0,0,2,0,0,0,1,0,0,1,0,0,0,0,0,0,0,0,0,1,0,0,0,0,0,1,2,2,0,0,0,0,1,0,0,0,0,0,0,0,0,0,0,0,0,0,0,0,0,0,0,0,0,0,0,0,0,5,0,1,1,1,0,0,0,0,0,0,0,0,0,0,3,,,,,,,,,,,,,,,,,,,,,,,,,,,,,,,,,,,0,,,,,192.523
2154,Unscored (no condition data),RPath,1798,,1.0,,0.0,0.0,0.0,,Asphalt,,,1,172.268,,,,,15,1,,sidewalks,CON,1,0,0,0,0,0,0,0,0,0,0,0,0,0,0,0,0,0,0,0,0,0,0,0,0,0,0,2,0,0,0,0,0,0,0,0,0,0,0,0,0,0,0,0,0,0,0,0,0,0,0,0,0,0,0,0,0,1,0,0,0,0,0,0,0,0,0,0,0,0,0,0,0,0,0,0,0,0,0,0,0,0,0,0,1,1,1,0,0,0,0,0,0,0,0,0,5,3,,,,,,,,,,,,,,,,,,,,,,,,,,,,,,,,,,,0,,,,,172.268
2155,Unscored (no condition data),RPath,1799,,1.0,,0.0,0.0,0.0,,Asphalt,,,1,139.882,,,,,15,1,,sidewalks,CON,1,2,0,0,0,0,0,0,0,0,0,0,0,0,0,0,0,0,0,0,0,0,0,0,0,0,0,2,0,0,0,0,0,0,0,0,0,0,0,0,0,0,0,0,0,0,0,0,0,0,0,0,0,0,0,0,0,1,0,0,0,0,0,0,0,0,0,0,0,0,0,0,0,0,0,0,0,0,0,0,0,0,0,3,1,1,1,0,0,0,0,0,0,0,0,0,0,3,,,,,,,,,,,,,,,,,,,,,,,,,,,,,,,,,,,0,,,,,139.882
2156,Unscored (no condition data),RPath,1800,,1.0,,0.0,0.0,0.0,,Asphalt,,,1,34.668,,,,,15,1,,sidewalks,CON,1,2,0,0,0,0,0,0,0,0,0,0,0,0,0,0,0,0,0,0,0,0,0,0,0,0,0,2,0,0,0,0,0,0,0,0,0,0,0,0,0,0,0,0,0,0,0,0,0,0,0,0,0,0,0,0,0,1,0,0,0,0,0,0,0,0,0,0,0,0,0,0,0,0,0,0,0,0,0,0,0,0,0,3,1,1,1,0,0,0,0,0,0,0,0,0,0,3,,,,,,,,,,,,,,,,,,,,,,,,,,,,,,,,,,,0,,,,,34.668
2157,Unscored (no condition data),RPath,1801,,1.0,,0.0,0.0,0.0,,Asphalt,,,1,112.97,,,,,17,1,,sidewalks,CON,1,2,2,0,0,0,0,0,0,0,0,0,0,0,0,0,0,0,0,0,0,0,0,0,0,0,0,2,0,0,0,0,0,0,0,0,0,0,0,0,0,0,0,0,0,0,0,0,0,0,0,0,0,0,0,0,0,1,0,0,0,0,0,0,0,0,0,0,0,0,0,0,0,0,0,0,0,0,0,0,0,0,0,3,1,1,1,0,0,0,0,0,0,0,0,0,0,3,,,,,,,,,,,,,,,,,,,,,,,,,,,,,,,,,,,0,,,,,112.97
2158,Unscored (no condition data),RPath,1802,,1.0,,0.0,0.0,0.0,,Asphalt,,,1,21.16,,,,,10,1,,sidewalks,CON,1,0,0,0,0,0,0,0,0,0,0,0,0,0,0,0,0,0,0,0,0,0,0,0,0,0,0,2,0,0,0,0,0,0,0,0,0,0,0,0,0,0,0,0,0,0,0,0,0,0,0,0,0,0,0,0,0,1,0,0,0,0,0,0,0,0,0,0,0,0,0,0,0,0,0,0,0,0,0,0,0,0,0,0,1,1,1,0,0,0,0,0,0,0,0,0,0,3,,,,,,,,,,,,,,,,,,,,,,,,,,,,,,,,,,,0,,,,,21.16
2159,Unscored (no condition data),RPath,1803,,1.0,,0.0,0.0,0.0,,Asphalt,,,1,79.054,,,,,20,1,,sidewalks,CON,1,2,0,0,0,0,0,0,0,0,0,0,0,0,0,0,0,0,0,0,0,0,0,0,0,0,0,2,0,0,0,0,0,0,0,0,0,0,0,0,0,0,0,0,0,0,0,0,0,0,0,0,0,0,0,0,0,1,0,0,0,0,0,0,0,0,0,0,0,0,0,0,0,0,0,0,0,0,0,0,0,0,0,3,1,1,1,0,0,0,0,0,0,0,0,0,5,3,,,,,,,,,,,,,,,,,,,,,,,,,,,,,,,,,,,0,,,,,79.054
2160,Unscored (no condition data),RPath,1804,,1.0,,0.0,0.0,0.0,,Asphalt,,,1,51.57,,,,,17,1,,sidewalks,CON,1,2,0,0,0,0,0,0,0,0,0,0,0,0,0,0,0,0,0,0,0,0,0,0,0,0,0,2,0,0,0,0,0,0,0,0,0,0,0,0,0,0,0,0,0,0,0,0,0,0,0,0,0,0,0,0,0,1,0,0,0,0,0,0,0,0,0,0,0,0,0,0,0,0,0,0,0,0,0,0,0,0,0,3,1,1,1,0,0,0,0,0,0,0,0,0,5,0,,,,,,,,,,,,,,,,,,,,,,,,,,,,,,,,,,,0,,,,,51.57
2161,Unscored (no condition data),RPath,1805,,1.0,,0.0,0.0,0.0,,Asphalt,,,1,266.935,,,,,16,1,,sidewalks,CON,0,0,0,0,0,0,0,0,0,0,0,0,0,0,0,0,0,0,0,0,0,0,0,0,0,0,3,0,0,0,0,1,2,0,0,0,0,0,0,0,0,0,0,0,0,0,0,0,0,0,1,2,0,0,0,0,0,1,0,0,0,0,0,0,0,0,0,0,0,0,0,0,0,0,0,0,0,0,0,0,0,0,0,0,1,1,1,0,0,0,0,0,0,0,0,0,0,3,,,,,,,,,,,,,,,,,,,,,,,,,,,,,,,,,,,0,,,,,266.935
2162,Unscored (no condition data),RPath,1828,,1.0,,0.0,0.0,0.0,,Asphalt,,,1,6.818,,,,,18,1,,sidewalks,CON,0,0,0,0,0,0,0,0,0,0,0,0,1,0,0,0,0,0,1,0,0,0,0,0,0,0,3,0,0,0,0,0,0,0,0,0,0,0,0,0,0,0,0,0,0,0,0,0,0,0,1,0,0,0,0,0,0,1,0,0,0,0,0,0,0,0,0,0,0,0,0,0,0,0,0,0,1,0,0,1,0,0,0,0,1,1,1,0,0,0,0,0,0,1,0,0,5,0,,,,,,,,,,,,,,,,,,,,,,,,,,,,,,,,,,,0,,,,,6.818
2163,Unscored (no condition data),RPath,1829,,1.0,,0.0,0.0,0.0,,Asphalt,,,1,4.974,,,,,18,1,,sidewalks,CON,0,0,0,0,0,0,0,0,0,0,0,0,1,0,0,0,0,0,1,0,0,0,0,0,0,0,3,0,0,0,0,0,0,0,0,0,0,0,0,0,0,0,0,0,0,0,0,0,0,0,1,0,0,0,0,0,0,1,0,0,0,0,0,0,0,0,0,0,0,0,0,0,0,0,0,0,1,0,0,1,0,0,0,0,1,1,1,0,0,0,0,0,0,1,0,0,5,0,,,,,,,,,,,,,,,,,,,,,,,,,,,,,,,,,,,0,,,,,4.974
2164,Unscored (no condition data),RPath,1830,,1.0,,0.0,0.0,0.0,,Asphalt,,,1,10.488,,,,,20,1,,sidewalks,CON,0,0,0,0,0,0,0,0,0,0,0,0,1,0,0,0,0,0,1,0,0,0,0,0,0,0,3,0,0,0,0,0,0,0,1,0,0,0,0,0,0,0,0,0,1,0,0,0,0,0,1,0,0,0,0,0,0,1,0,0,0,0,0,0,0,0,0,0,0,0,0,0,0,0,0,0,1,0,0,1,0,0,0,0,1,1,1,0,0,0,0,0,0,1,0,0,5,0,,,,,,,,,,,,,,,,,,,,,,,,,,,,,,,,,,,0,,,,,10.488
2165,Unscored (no condition data),RPath,1831,,1.0,,0.0,0.0,0.0,,Asphalt,,,1,11.512,,,,,20,1,,sidewalks,CON,1,0,0,0,0,0,0,0,0,0,0,0,1,0,0,0,0,0,1,0,0,0,0,0,0,0,3,0,0,0,0,0,0,0,1,0,0,0,0,0,0,0,0,0,1,0,0,0,0,0,1,0,0,0,0,0,0,1,0,0,0,0,0,0,0,0,0,0,0,0,0,0,0,0,0,0,1,0,0,1,0,0,0,0,1,1,1,0,0,0,0,0,0,0,0,0,5,0,,,,,,,,,,,,,,,,,,,,,,,,,,,,,,,,,,,0,,,,,11.512
2166,Unscored (no condition data),RPath,1832,,1.0,,0.0,0.0,0.0,,Asphalt,,,1,15.012,,,,,18,1,,sidewalks,CON,0,0,0,0,0,0,0,0,0,0,0,0,1,0,0,0,0,0,1,0,0,0,0,0,0,0,3,0,0,0,0,0,0,0,0,0,0,0,0,0,0,0,0,0,0,0,0,0,0,0,1,0,0,0,0,0,0,1,0,0,0,0,0,0,0,0,0,0,0,0,0,0,0,0,0,0,1,0,0,1,0,0,0,0,1,1,1,0,0,0,0,0,0,1,0,0,5,0,,,,,,,,,,,,,,,,,,,,,,,,,,,,,,,,,,,0,,,,,15.012
2167,Unscored (no condition data),RPath,1897,,1.0,,0.0,0.0,0.0,,Asphalt,,,1,150.151,,,,,19,1,,sidewalks,CON,1,2,2,0,0,0,0,0,0,0,0,0,0,0,0,0,0,0,0,0,0,0,0,0,0,0,0,2,0,0,0,0,0,0,0,0,0,0,0,0,0,0,0,0,0,0,0,0,0,0,0,0,0,0,0,0,0,1,0,0,0,0,0,0,0,0,0,0,0,0,0,0,0,0,0,0,0,0,0,0,0,0,0,0,1,1,1,0,0,0,0,0,0,0,0,0,5,3,,,,,,,,,,,,,,,,,,,,,,,,,,,,,,,,,,,0,,,,,150.151
2168,Unscored (no condition data),RPath,1898,,1.0,,0.0,0.0,0.0,,Asphalt,,,1,104.308,,,,,19,1,,sidewalks,CON,1,2,0,1,0,0,0,0,0,0,0,0,0,0,0,0,0,0,0,0,0,0,0,0,0,0,0,2,0,0,0,0,0,0,1,0,0,0,0,0,0,0,0,0,0,0,0,0,0,0,1,2,0,0,0,0,0,1,0,0,0,0,0,0,0,0,0,0,0,0,0,0,0,0,0,0,0,0,0,0,0,0,0,0,1,1,1,0,0,0,0,0,0,0,0,0,5,0,,,,,,,,,,,,,,,,,,,,,,,,,,,,,,,,,,,0,,,,,104.308
2169,Unscored (no condition data),RPath,1899,,1.0,,0.0,0.0,0.0,,Asphalt,,,1,87.584,,,,,22,1,,sidewalks,CON,1,2,2,1,0,0,0,0,0,0,0,0,0,0,0,0,0,0,0,0,0,0,0,0,0,0,0,2,0,0,0,0,0,0,0,0,0,0,0,0,0,0,0,0,0,0,0,0,0,0,1,2,2,0,0,0,0,1,0,0,0,0,0,0,0,0,0,0,0,0,0,0,0,0,0,0,0,0,0,0,0,0,0,0,1,1,1,0,0,0,0,0,0,0,0,0,5,0,,,,,,,,,,,,,,,,,,,,,,,,,,,,,,,,,,,0,,,,,87.584
2170,Unscored (no condition data),RPath,1900,,1.0,,0.0,0.0,0.0,,Asphalt,,,1,62.946,,,,,18,1,,sidewalks,CON,1,2,0,1,0,0,0,0,0,0,0,0,0,0,0,0,0,0,0,0,0,0,0,0,0,0,0,2,0,0,0,0,0,0,0,0,0,0,0,0,0,0,0,0,0,0,0,0,0,0,1,2,0,0,0,0,0,1,0,0,0,0,0,0,0,0,0,0,0,0,0,0,0,0,0,0,0,0,0,0,0,0,0,0,1,1,1,0,0,0,0,0,0,0,0,0,5,0,,,,,,,,,,,,,,,,,,,,,,,,,,,,,,,,,,,0,,,,,62.946
2171,Unscored (no condition data),RPath,1933,,1.0,,0.0,0.0,0.0,,Asphalt,,,1,84.648,,,,,25,1,,sidewalks,CON,1,2,2,1,0,0,1,0,0,0,0,0,0,0,0,0,0,0,0,0,0,0,0,0,0,0,0,2,0,0,0,0,0,0,0,0,0,1,0,0,0,0,0,0,0,0,0,0,0,0,1,2,0,0,0,0,0,1,0,0,0,0,0,0,0,0,0,0,0,0,0,0,0,1,2,0,0,0,0,0,0,0,0,0,1,1,1,0,0,0,0,0,0,0,0,0,5,0,,,,,,,,,,,,,,,,,,,,,,,,,,,,,,,,,,,0,,,,,84.648
2172,Unscored (no condition data),RPath,1934,,1.0,,0.0,0.0,0.0,,Asphalt,,,1,214.493,,,,,25,1,,sidewalks,CON,1,2,0,0,0,0,0,0,0,0,0,0,0,0,0,0,0,0,0,0,0,0,0,0,0,0,0,2,0,0,0,1,0,0,0,0,0,1,2,0,0,0,0,0,1,0,0,0,0,0,1,2,0,0,0,0,0,1,0,0,0,0,0,0,0,0,0,0,0,0,0,0,0,1,2,0,0,0,0,0,0,0,0,0,1,1,1,0,0,0,0,0,0,0,0,0,5,0,,,,,,,,,,,,,,,,,,,,,,,,,,,,,,,,,,,0,,,,,214.493
2173,Unscored (no condition data),RPath,2008,,1.0,,0.0,0.0,0.0,,Asphalt,,,1,251.755,,,,,14,1,,sidewalks,CON,0,0,0,0,0,0,0,0,0,0,0,0,0,0,0,0,0,0,0,0,0,0,0,0,0,0,0,2,0,0,0,0,0,0,0,0,0,1,2,2,0,0,0,0,0,0,0,0,0,0,0,0,0,0,0,0,0,1,0,0,0,0,0,0,0,0,0,0,0,0,0,0,0,0,0,0,0,0,0,0,0,0,0,0,1,1,1,0,0,0,0,0,0,0,0,0,0,3,,,,,,,,,,,,,,,,,,,,,,,,,,,,,,,,,,,0,,,,,251.755
2174,Unscored (no condition data),RPath,2037,,1.0,,0.0,0.0,0.0,,Asphalt,,,1,116.358,,,,,12,1,,sidewalks,CON,1,2,0,0,0,0,0,0,0,0,0,0,0,0,0,0,0,0,0,0,0,0,0,0,0,0,0,2,0,0,0,0,0,0,0,0,0,0,0,0,0,0,0,0,0,0,0,0,0,0,0,0,0,0,0,0,0,1,0,0,0,0,0,0,0,0,0,0,0,0,0,0,0,0,0,0,0,0,0,0,0,0,0,0,1,1,1,0,0,0,0,0,0,0,0,0,0,3,,,,,,,,,,,,,,,,,,,,,,,,,,,,,,,,,,,0,,,,,116.358
2175,Unscored (no condition data),RPath,2039,,1.0,,0.0,0.0,0.0,,Asphalt,,,1,66.963,,,,,28,2,,sidewalks,CON,1,2,2,1,2,0,1,2,0,0,0,0,0,0,0,0,0,0,0,0,0,0,0,0,0,0,0,2,0,0,0,0,0,0,0,0,0,0,0,0,0,0,0,0,0,0,0,0,0,0,1,2,0,0,0,0,0,1,0,0,0,0,0,0,1,2,0,0,0,0,0,0,0,0,0,0,0,0,0,0,0,0,0,0,1,1,1,0,0,0,0,0,0,0,0,0,5,0,,,,,,,,,,,,,,,,,,,,,,,,,,,,,,,,,,,0,,,,,66.963
2176,Unscored (no condition data),RPath,2041,,1.0,,0.0,0.0,0.0,,Asphalt,,,1,47.666,,,,,12,1,,sidewalks,CON,1,0,0,0,0,0,0,0,0,0,0,0,0,0,0,0,0,0,0,0,0,0,0,0,0,0,0,2,0,0,0,0,0,0,0,0,0,0,0,0,0,0,0,0,0,0,0,0,0,0,1,0,0,0,0,0,0,1,0,0,0,0,0,0,0,0,0,0,0,0,0,0,0,1,0,0,0,0,0,0,0,0,0,0,1,1,1,0,0,0,0,0,0,0,0,0,0,3,,,,,,,,,,,,,,,,,,,,,,,,,,,,,,,,,,,0,,,,,47.666
2177,Unscored (no condition data),RPath,5486,,1.0,,0.0,0.0,0.0,,Asphalt,,,1,24.398,,,,,26,1,,sidewalks,CON,1,2,2,1,2,0,0,0,0,0,0,0,1,2,0,0,0,0,0,0,0,0,0,0,0,0,0,2,0,0,0,0,0,0,0,0,0,0,0,0,0,0,0,0,0,0,0,0,0,0,1,0,0,0,0,0,3,1,0,0,0,0,0,0,0,0,0,0,0,0,0,0,0,0,0,0,0,0,0,0,0,0,0,0,1,1,1,0,0,0,0,0,0,0,0,0,5,0,,,,,,,,,,,,,,,,,,,,,,,,,,,,,,,,,,,0,,,,,24.398
2178,Unscored (no condition data),RPath,5488,,1.0,,0.0,0.0,0.0,,Asphalt,,,1,48.752,,,,,26,1,,sidewalks,CON,1,2,2,1,2,0,0,0,0,0,0,0,1,2,0,0,0,0,0,0,0,0,0,0,0,0,0,2,0,0,0,0,0,0,0,0,0,0,0,0,0,0,0,0,0,0,0,0,0,0,1,0,0,0,0,0,3,1,0,0,0,0,0,0,0,0,0,0,0,0,0,0,0,0,0,0,0,0,0,0,0,0,0,0,1,1,1,0,0,0,0,0,0,0,0,0,5,0,,,,,,,,,,,,,,,,,,,,,,,,,,,,,,,,,,,0,,,,,48.752
2179,Unscored (no condition data),RPath,5497,,1.0,,0.0,0.0,0.0,,Asphalt,,,1,41.335,,,,,26,1,,sidewalks,CON,1,2,2,1,0,0,0,0,0,0,0,0,1,2,0,0,0,0,0,0,0,0,0,0,0,5,0,2,0,0,0,0,0,0,0,0,0,0,0,0,0,0,0,0,0,0,0,0,0,0,0,0,0,0,0,0,0,1,0,0,0,0,0,0,0,0,0,0,0,0,0,0,0,0,0,0,1,0,0,0,0,0,0,0,1,1,1,0,0,0,0,0,0,0,0,0,5,0,,,,,,,,,,,,,,,,,,,,,,,,,,,,,,,,,,,0,,,,,41.335
2180,Unscored (no condition data),RPath,8294,,1.0,,0.0,0.0,0.0,,Asphalt,,,1,138.909,,,,,22,1,,sidewalks,CON,1,2,2,0,0,0,0,0,0,0,0,0,0,0,0,0,0,0,0,0,0,0,0,0,0,0,0,2,0,0,0,0,0,0,1,0,0,0,0,0,0,0,0,0,0,0,0,0,0,0,1,2,2,0,0,0,0,1,0,0,0,0,0,0,0,0,0,0,0,0,0,0,0,0,0,0,0,0,0,0,0,0,0,0,1,1,1,0,0,0,0,0,0,0,0,0,5,0,,,,,,,,,,,,,,,,,,,,,,,,,,,,,,,,,,,0,,,,,138.909
2181,Unscored (no condition data),RPath,8302,,1.0,,0.0,0.0,0.0,,Asphalt,,,1,54.29,,,,,20,1,,sidewalks,CON,1,2,0,0,0,0,0,0,0,0,0,0,0,0,0,0,0,0,0,0,0,0,0,0,0,0,0,2,0,0,0,0,0,0,1,0,0,0,0,0,0,0,0,0,0,0,0,0,0,0,1,2,2,0,0,0,0,1,0,0,0,0,0,0,0,0,0,0,0,0,0,0,0,0,0,0,0,0,0,0,0,0,0,0,1,1,1,0,0,0,0,0,0,0,0,0,5,0,,,,,,,,,,,,,,,,,,,,,,,,,,,,,,,,,,,0,,,,,54.29
2182,Unscored (no condition data),RPath,8305,,1.0,,0.0,0.0,0.0,,Asphalt,,,1,39.105,,,,,19,1,,sidewalks,CON,1,2,0,1,0,0,0,0,0,0,0,0,0,0,0,0,0,0,0,0,0,0,0,0,0,0,0,2,0,0,0,0,0,0,1,0,0,0,0,0,0,0,0,0,0,0,0,0,0,0,1,2,0,0,0,0,0,1,0,0,0,0,0,0,0,0,0,0,0,0,0,0,0,0,0,0,0,0,0,0,0,0,0,0,1,1,1,0,0,0,0,0,0,0,0,0,5,0,,,,,,,,,,,,,,,,,,,,,,,,,,,,,,,,,,,0,,,,,39.105
2183,Unscored (no condition data),RPath,8306,,1.0,,0.0,0.0,0.0,,Asphalt,,,1,86.262,,,,,18,1,,sidewalks,CON,1,2,0,0,0,0,0,0,0,0,0,0,0,0,0,0,0,0,0,0,0,0,0,0,0,0,0,2,0,0,0,0,0,0,1,0,0,0,0,0,0,0,0,0,0,0,0,0,0,0,1,2,0,0,0,0,0,1,0,0,0,0,0,0,0,0,0,0,0,0,0,0,0,0,0,0,0,0,0,0,0,0,0,0,1,1,1,0,0,0,0,0,0,0,0,0,5,0,,,,,,,,,,,,,,,,,,,,,,,,,,,,,,,,,,,0,,,,,86.262
2184,Unscored (no condition data),RPath,8307,,1.0,,0.0,0.0,0.0,,Asphalt,,,1,43.754,,,,,20,1,,sidewalks,CON,1,2,0,0,0,0,0,0,0,0,0,0,0,0,0,0,0,0,0,0,0,0,0,0,0,0,0,2,0,0,0,0,0,0,1,2,0,0,0,0,0,0,0,0,0,0,0,0,0,0,1,2,0,0,0,0,0,1,0,0,0,0,0,0,0,0,0,0,0,0,0,0,0,0,0,0,0,0,0,0,0,0,0,0,1,1,1,0,0,0,0,0,0,0,0,0,5,0,,,,,,,,,,,,,,,,,,,,,,,,,,,,,,,,,,,0,,,,,43.754
2185,Unscored (no condition data),RPath,8308,,1.0,,0.0,0.0,0.0,,Asphalt,,,1,96.692,,,,,19,1,,sidewalks,CON,1,2,0,1,0,0,0,0,0,0,0,0,0,0,0,0,0,0,0,0,0,0,0,0,0,0,0,2,0,0,0,0,0,0,1,0,0,0,0,0,0,0,0,0,0,0,0,0,0,0,1,2,0,0,0,0,0,1,0,0,0,0,0,0,0,0,0,0,0,0,0,0,0,0,0,0,0,0,0,0,0,0,0,0,1,1,1,0,0,0,0,0,0,0,0,0,5,0,,,,,,,,,,,,,,,,,,,,,,,,,,,,,,,,,,,0,,,,,96.692
2186,Unscored (no condition data),RPath,8311,,1.0,,0.0,0.0,0.0,,Asphalt,,,1,143.743,,,,,19,1,,sidewalks,CON,1,2,0,1,0,0,0,0,0,0,0,0,0,0,0,0,0,0,0,0,0,0,0,0,0,0,0,2,0,0,0,0,0,0,1,0,0,0,0,0,0,0,0,0,0,0,0,0,0,0,1,2,0,0,0,0,0,1,0,0,0,0,0,0,0,0,0,0,0,0,0,0,0,0,0,0,0,0,0,0,0,0,0,0,1,1,1,0,0,0,0,0,0,0,0,0,5,0,,,,,,,,,,,,,,,,,,,,,,,,,,,,,,,,,,,0,,,,,143.743
2187,Unscored (no condition data),RPath,8314,,1.0,,0.0,0.0,0.0,,Asphalt,,,1,32.413,,,,,18,1,,sidewalks,CON,1,2,0,1,0,0,0,0,0,0,0,0,0,0,0,0,0,0,0,0,0,0,0,0,0,0,0,2,0,0,0,0,0,0,0,0,0,0,0,0,0,0,0,0,0,0,0,0,0,0,1,2,0,0,0,0,0,1,0,0,0,0,0,0,0,0,0,0,0,0,0,0,0,0,0,0,0,0,0,0,0,0,0,0,1,1,1,0,0,0,0,0,0,0,0,0,5,0,,,,,,,,,,,,,,,,,,,,,,,,,,,,,,,,,,,0,,,,,32.413
2188,Unscored (no condition data),RPath,8315,,1.0,,0.0,0.0,0.0,,Asphalt,,,1,37.513,,,,,18,1,,sidewalks,CON,1,2,0,1,0,0,0,0,0,0,0,0,0,0,0,0,0,0,0,0,0,0,0,0,0,0,0,2,0,0,0,0,0,0,0,0,0,0,0,0,0,0,0,0,0,0,0,0,0,0,1,2,0,0,0,0,0,1,0,0,0,0,0,0,0,0,0,0,0,0,0,0,0,0,0,0,0,0,0,0,0,0,0,0,1,1,1,0,0,0,0,0,0,0,0,0,5,0,,,,,,,,,,,,,,,,,,,,,,,,,,,,,,,,,,,0,,,,,37.513
2189,Unscored (no condition data),RPath,8733,,1.0,,0.0,0.0,0.0,,Asphalt,,,1,99.885,,,,,23,1,,sidewalks,CON,1,2,0,0,0,0,0,0,0,0,0,0,1,0,0,0,0,0,0,0,0,0,0,0,0,0,3,0,0,0,0,0,0,0,0,0,0,0,0,0,0,0,0,0,0,0,0,0,0,0,1,2,0,0,0,0,0,1,0,0,0,0,0,0,1,0,0,0,0,0,0,0,0,0,0,0,0,0,0,0,0,0,0,0,1,1,1,1,2,0,0,0,0,0,0,0,5,0,,,,,,,,,,,,,,,,,,,,,,,,,,,,,,,,,,,0,,,,,99.885
2190,Unscored (no condition data),RPath,10455,,1.0,,0.0,0.0,0.0,,Asphalt,,,1,67.174,,,,,13,1,,sidewalks,CON,1,2,0,0,0,0,0,0,0,0,0,0,0,0,0,0,0,0,0,0,0,0,0,0,0,0,0,2,0,0,0,0,0,0,0,0,0,0,0,0,0,0,0,0,0,0,0,0,0,0,1,0,0,0,0,0,0,1,0,0,0,0,0,0,0,0,0,0,0,0,0,0,0,0,0,0,0,0,0,0,0,0,0,0,1,1,1,0,0,0,0,0,0,0,0,0,0,3,,,,,,,,,,,,,,,,,,,,,,,,,,,,,,,,,,,0,,,,,67.174
2191,Unscored (no condition data),RPath,10458,,1.0,,0.0,0.0,0.0,,Asphalt,,,1,65.593,,,,,15,1,,sidewalks,CON,1,2,0,0,0,0,0,0,0,0,0,0,0,0,0,0,0,0,0,0,0,0,0,0,0,0,0,2,0,0,0,0,0,0,0,0,0,0,0,0,0,0,0,0,0,0,0,0,0,0,1,2,0,0,0,0,0,1,0,0,0,0,0,0,0,0,0,0,0,0,0,0,0,0,0,0,0,0,0,0,0,0,0,0,1,1,1,0,0,0,0,0,0,0,0,0,0,3,,,,,,,,,,,,,,,,,,,,,,,,,,,,,,,,,,,0,,,,,65.593
2192,Unscored (no condition data),RPath,10460,,1.0,,0.0,0.0,0.0,,Asphalt,,,1,169.82,,,,,13,1,,sidewalks,CON,1,2,0,0,0,0,0,0,0,0,0,0,0,0,0,0,0,0,0,0,0,0,0,0,0,0,0,2,0,0,0,0,0,0,0,0,0,0,0,0,0,0,0,0,0,0,0,0,0,0,1,0,0,0,0,0,0,1,0,0,0,0,0,0,0,0,0,0,0,0,0,0,0,0,0,0,0,0,0,0,0,0,0,0,1,1,1,0,0,0,0,0,0,0,0,0,0,3,,,,,,,,,,,,,,,,,,,,,,,,,,,,,,,,,,,0,,,,,169.82
2193,Unscored (no condition data),RPath,1865,,1.0,,0.0,0.0,0.0,,Asphalt,,,1,76.205,,,,,28,2,,walkways,HMAC,1,2,2,0,0,0,0,0,0,0,0,0,0,0,0,0,0,0,0,0,0,0,0,0,0,0,0,2,0,0,0,0,0,0,1,0,0,0,0,0,0,0,0,0,1,0,0,0,0,0,1,2,0,0,0,0,0,1,0,0,0,0,0,0,0,0,0,0,0,0,0,0,0,1,0,0,0,0,0,0,0,0,0,3,1,1,1,0,0,0,0,0,0,0,0,0,5,3,,,,,,,,,,,,,,,,,,,,,,,,,,,,,,,,,,,0,,,,,76.205
2194,Unscored (no condition data),RPath,1878,,1.0,,0.0,0.0,0.0,,Asphalt,,,1,68.888,,,,,19,1,,walkways,SS,1,2,2,0,0,0,0,0,0,0,0,0,0,0,0,0,0,0,0,0,0,0,0,0,0,0,0,2,0,0,0,0,0,0,0,0,0,0,0,0,0,0,0,0,0,0,0,0,0,0,0,0,0,0,0,0,0,1,0,0,0,0,0,0,0,0,0,0,0,0,0,0,0,0,0,0,0,0,0,0,0,0,0,3,1,1,1,0,0,0,0,0,0,0,0,0,5,0,,,,,,,,,,,,,,,,,,,,,,,,,,,,,,,,,,,0,,,,,68.888
2195,Unscored (no condition data),RPath,1881,,1.0,,0.0,0.0,0.0,,Asphalt,,,1,39.766,,,,,26,1,,walkways,SS,1,2,2,0,0,0,0,0,0,0,0,0,0,0,0,0,0,0,0,0,0,0,0,0,0,5,0,2,0,0,0,0,0,0,0,0,0,0,0,0,0,0,0,0,0,0,0,0,1,0,1,2,0,0,0,0,0,1,0,0,0,0,0,0,0,0,0,0,0,0,0,0,0,1,0,0,0,0,0,0,0,0,0,0,1,1,1,0,0,0,0,0,0,0,0,0,5,0,,,,,,,,,,,,,,,,,,,,,,,,,,,,,,,,,,,0,,,,,39.766
2196,Unscored (no condition data),RPath,1883,,1.0,,0.0,0.0,0.0,,Asphalt,,,1,55.867,,,,,29,2,,walkways,SS,1,2,2,1,2,0,1,2,0,0,0,0,1,0,0,1,0,0,0,0,0,0,0,0,0,0,0,2,0,0,0,1,0,0,0,0,0,0,0,0,0,0,0,0,0,0,0,0,0,0,1,0,0,0,0,0,3,0,0,0,0,0,0,0,0,0,0,0,0,0,0,0,0,1,0,0,0,0,0,0,0,0,0,0,1,1,1,0,0,0,0,0,0,0,0,0,5,0,,,,,,,,,,,,,,,,,,,,,,,,,,,,,,,,,,,0,,,,,55.867
2197,Unscored (no condition data),RPath,1884,,1.0,,0.0,0.0,0.0,,Asphalt,,,1,168.968,,,,,20,1,,walkways,SS,1,2,0,1,0,0,1,0,0,0,0,0,0,0,0,0,0,0,0,0,0,0,0,0,0,0,0,2,0,0,0,1,0,0,0,0,0,0,0,0,0,0,0,0,0,0,0,0,0,0,0,0,0,0,0,0,3,1,0,0,0,0,0,0,0,0,0,0,0,0,0,0,0,0,0,0,0,0,0,0,0,0,0,0,1,1,1,0,0,0,0,0,0,0,0,0,5,0,,,,,,,,,,,,,,,,,,,,,,,,,,,,,,,,,,,0,,,,,168.968
2198,Unscored (no condition data),RPath,2042,,1.0,,0.0,0.0,0.0,,Asphalt,,,1,217.172,,,,,23,1,,walkways,HMAC,1,2,0,0,0,0,0,0,0,0,0,0,0,0,0,0,0,0,0,0,0,0,0,0,0,0,0,2,0,0,0,0,0,0,0,0,0,0,0,0,0,0,0,0,0,0,0,0,0,0,1,2,2,0,5,0,0,1,0,0,0,0,0,0,0,0,0,0,0,0,0,0,0,1,0,0,0,0,0,0,0,0,0,0,1,1,1,0,0,0,0,0,0,0,0,0,0,3,,,,,,,,,,,,,,,,,,,,,,,,,,,,,,,,,,,0,,,,,217.172
2199,Unscored (no condition data),PTrail,723,,1.0,,0.0,0.0,0.0,,Asphalt,,,1,47.984,,,,,21,1,,trails,Asphalt,1,2,2,0,0,0,0,0,0,0,0,0,0,0,0,0,0,0,0,0,0,0,0,0,0,5,0,0,0,0,0,0,0,0,0,0,0,0,0,0,0,0,0,0,0,0,0,0,0,0,0,0,0,0,0,0,0,0,1,2,0,0,0,0,0,0,0,0,0,0,0,0,0,0,0,0,0,0,0,0,0,0,0,0,1,1,1,0,0,0,0,0,0,0,0,0,5,0,,,,,,,,,,,,,,,,,,,,,,,,,,,,,,,,,,,0,,,,,47.984
2200,Unscored (no condition data),PTrail,724,,1.0,,0.0,0.0,0.0,,Asphalt,,,1,216.818,,,,,23,1,,trails,Asphalt,1,2,2,0,0,0,0,0,0,0,0,0,0,0,0,0,0,0,0,0,0,0,0,0,0,5,0,0,0,0,0,0,0,0,0,0,0,0,0,0,0,0,0,0,0,0,0,0,0,0,0,0,0,0,0,0,0,0,1,2,2,0,0,0,0,0,0,0,0,0,0,0,0,0,0,0,0,0,0,0,0,0,0,0,1,1,1,0,0,0,0,0,0,0,0,0,5,0,,,,,,,,,,,,,,,,,,,,,,,,,,,,,,,,,,,0,,,,,216.818
2201,Unscored (no condition data),PTrail,762,,1.0,,0.0,0.0,0.0,,Asphalt,,,1,95.876,,,,,21,1,,trails,Asphalt,1,2,2,0,0,0,0,0,0,0,0,0,0,0,0,0,0,0,0,0,0,0,0,0,0,5,0,0,0,0,0,0,0,0,0,0,0,0,0,0,0,0,0,0,0,0,0,0,0,0,0,0,0,0,0,0,0,0,1,2,0,0,0,0,0,0,0,0,0,0,0,0,0,0,0,0,0,0,0,0,0,0,0,0,1,1,1,0,0,0,0,0,0,0,0,0,5,0,,,,,,,,,,,,,,,,,,,,,,,,,,,,,,,,,,,0,,,,,95.876
2202,Unscored (no condition data),PTrail,764,,1.0,,0.0,0.0,0.0,,Asphalt,,,1,420.843,,,,,21,1,,trails,Asphalt,1,2,2,0,0,0,0,0,0,0,0,0,0,0,0,0,0,0,0,0,0,0,0,0,0,5,0,0,0,0,0,0,0,0,0,0,0,0,0,0,0,0,0,0,0,0,0,0,0,0,0,0,0,0,0,0,0,0,1,2,0,0,0,0,0,0,0,0,0,0,0,0,0,0,0,0,0,0,0,0,0,0,0,0,1,1,1,0,0,0,0,0,0,0,0,0,5,0,,,,,,,,,,,,,,,,,,,,,,,,,,,,,,,,,,,0,,,,,420.843
2203,Unscored (no condition data),PTrail,803,,1.0,,0.0,0.0,0.0,,Asphalt,,,1,50.605,,,,,18,1,,trails,Asphalt,1,2,2,0,0,0,0,0,0,0,0,0,0,0,0,0,0,0,0,0,0,0,0,0,0,5,0,0,0,0,0,0,0,0,0,0,0,0,0,0,0,0,0,0,0,0,0,0,0,0,0,0,0,0,0,0,0,0,0,0,0,0,0,0,0,0,0,0,0,0,0,0,0,0,0,0,0,0,0,0,0,0,0,0,1,1,1,0,0,0,0,0,0,0,0,0,5,0,,,,,,,,,,,,,,,,,,,,,,,,,,,,,,,,,,,0,,,,,50.605
2204,Unscored (no condition data),PTrail,804,,1.0,,0.0,0.0,0.0,,Asphalt,,,1,173.298,,,,,19,1,,trails,Asphalt,1,2,2,0,0,0,0,0,0,0,0,0,0,0,0,0,0,0,0,0,0,0,0,0,0,5,0,0,0,0,0,0,0,0,0,0,0,0,0,0,0,0,0,0,0,0,0,0,0,0,0,0,0,0,0,0,0,0,1,0,0,0,0,0,0,0,0,0,0,0,0,0,0,0,0,0,0,0,0,0,0,0,0,0,1,1,1,0,0,0,0,0,0,0,0,0,5,0,,,,,,,,,,,,,,,,,,,,,,,,,,,,,,,,,,,0,,,,,173.298
2205,Unscored (no condition data),PTrail,805,,1.0,,0.0,0.0,0.0,,Asphalt,,,1,10.076,,,,,18,1,,trails,Asphalt,1,2,2,0,0,0,0,0,0,0,0,0,0,0,0,0,0,0,0,0,0,0,0,0,0,5,0,0,0,0,0,0,0,0,0,0,0,0,0,0,0,0,0,0,0,0,0,0,0,0,0,0,0,0,0,0,0,0,0,0,0,0,0,0,0,0,0,0,0,0,0,0,0,0,0,0,0,0,0,0,0,0,0,0,1,1,1,0,0,0,0,0,0,0,0,0,5,0,,,,,,,,,,,,,,,,,,,,,,,,,,,,,,,,,,,0,,,,,10.076
2206,Unscored (no condition data),PTrail,816,,1.0,,0.0,0.0,0.0,,Asphalt,,,1,124.832,,,,,18,1,,trails,Asphalt,1,2,2,0,0,0,0,0,0,0,0,0,0,0,0,0,0,0,0,0,0,0,0,0,0,5,0,0,0,0,0,0,0,0,0,0,0,0,0,0,0,0,0,0,0,0,0,0,0,0,0,0,0,0,0,0,0,0,0,0,0,0,0,0,0,0,0,0,0,0,0,0,0,0,0,0,0,0,0,0,0,0,0,0,1,1,1,0,0,0,0,0,0,0,0,0,5,0,,,,,,,,,,,,,,,,,,,,,,,,,,,,,,,,,,,0,,,,,124.832
2207,Unscored (no condition data),PTrail,817,,1.0,,0.0,0.0,0.0,,Asphalt,,,1,18.089,,,,,18,1,,trails,Asphalt,1,2,2,0,0,0,0,0,0,0,0,0,0,0,0,0,0,0,0,0,0,0,0,0,0,5,0,0,0,0,0,0,0,0,0,0,0,0,0,0,0,0,0,0,0,0,0,0,0,0,0,0,0,0,0,0,0,0,0,0,0,0,0,0,0,0,0,0,0,0,0,0,0,0,0,0,0,0,0,0,0,0,0,0,1,1,1,0,0,0,0,0,0,0,0,0,5,0,,,,,,,,,,,,,,,,,,,,,,,,,,,,,,,,,,,0,,,,,18.089
2208,Unscored (no condition data),PTrail,818,,1.0,,0.0,0.0,0.0,,Asphalt,,,1,71.963,,,,,19,1,,trails,Asphalt,1,2,2,0,0,0,0,0,0,0,0,0,0,0,0,0,0,0,0,0,0,0,0,0,0,0,0,2,0,0,0,0,0,0,0,0,0,0,0,0,0,0,0,0,0,0,0,0,0,0,0,0,0,0,0,0,0,1,0,0,0,0,0,0,0,0,0,0,0,0,0,0,0,0,0,0,0,0,0,0,0,0,0,3,1,1,1,0,0,0,0,0,0,0,0,0,5,0,,,,,,,,,,,,,,,,,,,,,,,,,,,,,,,,,,,0,,,,,71.963
2209,Unscored (no condition data),PTrail,819,,1.0,,0.0,0.0,0.0,,Asphalt,,,1,9.498,,,,,26,1,,trails,Asphalt,1,2,0,0,0,0,0,0,0,0,0,0,0,0,0,0,0,0,0,0,0,0,0,0,0,0,0,0,0,0,0,0,0,0,1,0,0,0,0,0,0,0,0,0,1,0,0,0,0,0,1,2,2,5,5,0,0,0,0,0,0,0,0,0,0,0,0,0,0,0,0,0,0,0,0,0,0,0,0,0,0,0,0,0,1,1,1,0,0,0,0,0,0,0,0,0,0,3,,,,,,,,,,,,,,,,,,,,,,,,,,,,,,,,,,,0,,,,,9.498
2210,Unscored (no condition data),PTrail,820,,1.0,,0.0,0.0,0.0,,Asphalt,,,1,75.527,,,,,26,1,,trails,Asphalt,1,2,0,0,0,0,0,0,0,0,0,0,0,0,0,0,0,0,0,0,0,0,0,0,0,0,0,0,0,0,0,0,0,0,1,0,0,0,0,0,0,0,0,0,1,0,0,0,0,0,1,2,2,5,5,0,0,0,0,0,0,0,0,0,0,0,0,0,0,0,0,0,0,0,0,0,0,0,0,0,0,0,0,0,1,1,1,0,0,0,0,0,0,0,0,0,0,3,,,,,,,,,,,,,,,,,,,,,,,,,,,,,,,,,,,0,,,,,75.527
2211,Unscored (no condition data),PTrail,821,,1.0,,0.0,0.0,0.0,,Asphalt,,,1,58.926,,,,,22,1,,trails,Asphalt,1,2,2,0,0,0,0,0,0,0,0,0,0,0,0,0,0,0,0,0,0,0,0,0,0,0,0,0,0,0,0,0,0,0,1,2,0,0,0,0,0,0,0,0,1,2,0,0,0,0,1,2,2,0,0,0,0,0,0,0,0,0,0,0,0,0,0,0,0,0,0,0,0,0,0,0,0,0,0,0,0,0,0,0,1,1,1,0,0,0,0,0,0,0,0,0,0,3,,,,,,,,,,,,,,,,,,,,,,,,,,,,,,,,,,,0,,,,,58.926
2212,Unscored (no condition data),PTrail,823,,1.0,,0.0,0.0,0.0,,Asphalt,,,1,73.017,,,,,23,1,,trails,Asphalt,1,2,0,0,0,0,0,0,0,0,0,0,0,0,0,0,0,0,0,0,0,0,0,0,0,0,0,2,0,0,0,0,0,0,1,0,0,0,0,0,0,0,0,0,1,0,0,0,0,0,1,2,2,0,0,0,0,0,0,0,0,0,0,0,0,0,0,0,0,0,0,0,0,0,0,0,0,0,0,0,0,0,0,0,1,1,1,0,0,0,0,0,0,0,0,0,5,3,,,,,,,,,,,,,,,,,,,,,,,,,,,,,,,,,,,0,,,,,73.017
2213,Unscored (no condition data),PTrail,824,,1.0,,0.0,0.0,0.0,,Asphalt,,,1,289.94,,,,,29,2,,trails,Asphalt,1,2,2,0,0,0,0,0,0,0,0,0,0,0,0,0,0,0,0,0,0,0,0,0,0,0,0,2,0,0,0,0,0,0,1,2,0,0,0,0,0,0,0,0,1,2,0,0,0,0,1,2,2,0,0,0,0,0,0,0,0,0,0,0,0,0,0,0,0,0,0,0,0,0,0,0,0,0,0,0,0,0,0,0,1,1,1,0,0,0,0,0,0,0,0,0,5,3,,,,,,,,,,,,,,,,,,,,,,,,,,,,,,,,,,,0,,,,,289.94
2214,Unscored (no condition data),PTrail,826,,1.0,,0.0,0.0,0.0,,Asphalt,,,1,202.311,,,,,18,1,,trails,Asphalt,1,2,2,0,0,0,0,0,0,0,0,0,0,0,0,0,0,0,0,0,0,0,0,0,0,5,0,0,0,0,0,0,0,0,0,0,0,0,0,0,0,0,0,0,0,0,0,0,0,0,0,0,0,0,0,0,0,0,0,0,0,0,0,0,0,0,0,0,0,0,0,0,0,0,0,0,0,0,0,0,0,0,0,0,1,1,1,0,0,0,0,0,0,0,0,0,5,0,,,,,,,,,,,,,,,,,,,,,,,,,,,,,,,,,,,0,,,,,202.311
2215,Unscored (no condition data),PTrail,828,,1.0,,0.0,0.0,0.0,,Asphalt,,,1,10.972,,,,,18,1,,trails,Asphalt,1,2,2,0,0,0,0,0,0,0,0,0,0,0,0,0,0,0,0,0,0,0,0,0,0,5,0,0,0,0,0,0,0,0,0,0,0,0,0,0,0,0,0,0,0,0,0,0,0,0,0,0,0,0,0,0,0,0,0,0,0,0,0,0,0,0,0,0,0,0,0,0,0,0,0,0,0,0,0,0,0,0,0,0,1,1,1,0,0,0,0,0,0,0,0,0,5,0,,,,,,,,,,,,,,,,,,,,,,,,,,,,,,,,,,,0,,,,,10.972
2216,Unscored (no condition data),PTrail,829,,1.0,,0.0,0.0,0.0,,Asphalt,,,1,7.628,,,,,18,1,,trails,Asphalt,1,2,2,0,0,0,0,0,0,0,0,0,0,0,0,0,0,0,0,0,0,0,0,0,0,5,0,0,0,0,0,0,0,0,0,0,0,0,0,0,0,0,0,0,0,0,0,0,0,0,0,0,0,0,0,0,0,0,0,0,0,0,0,0,0,0,0,0,0,0,0,0,0,0,0,0,0,0,0,0,0,0,0,0,1,1,1,0,0,0,0,0,0,0,0,0,5,0,,,,,,,,,,,,,,,,,,,,,,,,,,,,,,,,,,,0,,,,,7.628
2217,Unscored (no condition data),PTrail,830,,1.0,,0.0,0.0,0.0,,Asphalt,,,1,13.664,,,,,18,1,,trails,Asphalt,1,2,2,0,0,0,0,0,0,0,0,0,0,0,0,0,0,0,0,0,0,0,0,0,0,5,0,0,0,0,0,0,0,0,0,0,0,0,0,0,0,0,0,0,0,0,0,0,0,0,0,0,0,0,0,0,0,0,0,0,0,0,0,0,0,0,0,0,0,0,0,0,0,0,0,0,0,0,0,0,0,0,0,0,1,1,1,0,0,0,0,0,0,0,0,0,5,0,,,,,,,,,,,,,,,,,,,,,,,,,,,,,,,,,,,0,,,,,13.664
2218,Unscored (no condition data),PTrail,834,,1.0,,0.0,0.0,0.0,,Asphalt,,,1,122.728,,,,,26,1,,trails,Asphalt,1,2,2,1,2,2,0,0,0,0,0,0,1,2,0,0,0,0,1,2,0,0,0,0,0,0,0,0,0,0,0,0,0,0,1,2,0,0,0,0,0,0,0,0,0,0,0,0,0,0,1,2,0,0,0,0,0,0,0,0,0,0,0,0,0,0,0,0,0,0,0,0,0,1,0,0,0,0,0,0,0,0,0,0,1,1,1,0,0,0,0,0,0,0,0,0,0,0,,,,,,,,,,,,,,,,,,,,,,,,,,,,,,,,,,,0,,,,,122.728
2219,Unscored (no condition data),PTrail,835,,1.0,,0.0,0.0,0.0,,Asphalt,,,1,32.855,,,,,23,1,,trails,Asphalt,1,2,2,0,0,0,0,0,0,0,0,0,0,0,0,0,0,0,0,0,0,0,0,0,0,5,0,0,0,0,0,0,0,0,0,0,0,0,0,0,0,0,0,0,0,0,0,0,0,0,0,0,0,0,0,0,0,0,1,2,2,0,0,0,0,0,0,0,0,0,0,0,0,0,0,0,0,0,0,0,0,0,0,0,1,1,1,0,0,0,0,0,0,0,0,0,5,0,,,,,,,,,,,,,,,,,,,,,,,,,,,,,,,,,,,0,,,,,32.855
2220,Unscored (no condition data),PTrail,867,,1.0,,0.0,0.0,0.0,,Asphalt,,,1,92.572,,,,,28,2,,trails,Asphalt,1,2,2,0,0,0,0,0,0,0,0,0,0,0,0,0,0,0,0,0,0,0,0,0,0,0,3,0,0,0,0,0,0,0,1,2,0,0,0,0,0,0,0,0,1,0,0,0,0,0,0,0,0,0,5,0,0,0,0,0,0,0,0,0,0,0,0,0,0,0,0,0,0,0,0,0,1,2,0,0,0,0,0,0,1,1,1,0,0,0,0,0,0,0,0,0,5,0,,,,,,,,,,,,,,,,,,,,,,,,,,,,,,,,,,,1,,,,,92.572
2221,Unscored (no condition data),PTrail,868,,1.0,,0.0,0.0,0.0,,Asphalt,,,1,125.821,,,,,20,1,,trails,Asphalt,1,2,2,0,0,0,0,0,0,0,0,0,0,0,0,0,0,0,0,0,0,0,0,0,0,0,0,2,0,0,0,0,0,0,0,0,0,0,0,0,0,0,0,0,0,0,0,0,0,0,1,2,2,0,0,0,0,0,0,0,0,0,0,0,0,0,0,0,0,0,0,0,0,0,0,0,0,0,0,0,0,0,0,0,1,1,1,0,0,0,0,0,0,0,0,0,5,0,,,,,,,,,,,,,,,,,,,,,,,,,,,,,,,,,,,0,,,,,125.821
2222,Unscored (no condition data),PTrail,869,,1.0,,0.0,0.0,0.0,,Asphalt,,,1,67.889,,,,,25,1,,trails,Asphalt,1,2,2,0,0,0,0,0,0,0,0,0,0,0,0,0,0,0,0,0,0,0,0,0,0,0,0,2,0,0,0,0,0,0,0,0,0,0,0,0,0,0,0,0,0,0,0,0,0,0,1,2,2,0,5,0,0,0,0,0,0,0,0,0,0,0,0,0,0,0,0,0,0,0,0,0,0,0,0,0,0,0,0,0,1,1,1,0,0,0,0,0,0,0,0,0,5,0,,,,,,,,,,,,,,,,,,,,,,,,,,,,,,,,,,,0,,,,,67.889
2223,Unscored (no condition data),PTrail,870,,1.0,,0.0,0.0,0.0,,Asphalt,,,1,55.943,,,,,26,1,,trails,Asphalt,1,2,2,0,0,0,0,0,0,0,0,0,0,0,0,0,0,0,0,0,0,0,0,0,0,5,0,2,0,0,0,0,0,0,0,0,0,0,0,0,0,0,0,0,0,0,0,0,0,0,1,2,2,0,0,0,0,1,0,0,0,0,0,0,0,0,0,0,0,0,0,0,0,0,0,0,0,0,0,0,0,0,0,0,1,1,1,0,0,0,0,0,0,0,0,0,5,0,,,,,,,,,,,,,,,,,,,,,,,,,,,,,,,,,,,0,,,,,55.943
2224,Unscored (no condition data),PTrail,931,,1.0,,0.0,0.0,0.0,,Asphalt,,,1,24.927,,,,,8,1,,trails,Asphalt,1,2,2,0,0,0,0,0,0,0,0,0,0,0,0,0,0,0,0,0,0,0,0,0,0,0,0,0,0,0,0,0,0,0,0,0,0,0,0,0,0,0,0,0,0,0,0,0,0,0,0,0,0,0,0,0,0,0,0,0,0,0,0,0,0,0,0,0,0,0,0,0,0,0,0,0,0,0,0,0,0,0,0,0,1,1,1,0,0,0,0,0,0,0,0,0,0,0,,,,,,,,,,,,,,,,,,,,,,,,,,,,,,,,,,,0,,,,,24.927
2225,Unscored (no condition data),PTrail,932,,1.0,,0.0,0.0,0.0,,Asphalt,,,1,15.844,,,,,8,1,,trails,Asphalt,1,2,2,0,0,0,0,0,0,0,0,0,0,0,0,0,0,0,0,0,0,0,0,0,0,0,0,0,0,0,0,0,0,0,0,0,0,0,0,0,0,0,0,0,0,0,0,0,0,0,0,0,0,0,0,0,0,0,0,0,0,0,0,0,0,0,0,0,0,0,0,0,0,0,0,0,0,0,0,0,0,0,0,0,1,1,1,0,0,0,0,0,0,0,0,0,0,0,,,,,,,,,,,,,,,,,,,,,,,,,,,,,,,,,,,0,,,,,15.844
2226,Unscored (no condition data),PTrail,933,,1.0,,0.0,0.0,0.0,,Asphalt,,,1,24.002,,,,,11,1,,trails,Asphalt,1,2,2,0,0,0,0,0,0,0,0,0,0,0,0,0,0,0,0,0,0,0,0,0,0,0,0,0,0,0,0,0,0,0,0,0,0,0,0,0,0,0,0,0,0,0,0,0,0,0,0,0,0,0,0,0,0,0,0,0,0,0,0,0,0,0,0,0,0,0,0,0,0,0,0,0,0,0,0,0,0,0,0,0,1,1,1,0,0,0,0,0,0,0,0,0,0,3,,,,,,,,,,,,,,,,,,,,,,,,,,,,,,,,,,,0,,,,,24.002
2227,Unscored (no condition data),PTrail,934,,1.0,,0.0,0.0,0.0,,Asphalt,,,1,42.725,,,,,27,1,,trails,Asphalt,1,2,2,1,0,0,1,0,0,0,0,0,0,0,0,0,0,0,0,0,0,0,0,0,0,0,0,0,0,0,0,0,0,0,0,0,0,0,0,0,0,0,0,0,0,0,0,0,0,0,1,2,0,0,0,0,0,1,0,0,0,0,0,0,1,2,0,0,0,0,0,0,0,0,0,0,0,0,0,0,0,0,5,0,1,1,1,0,0,0,0,0,0,0,0,0,5,0,,,,,,,,,,,,,,,,,,,,,,,,,,,,,,,,,,,0,,,,,42.725
2228,Unscored (no condition data),PTrail,947,,1.0,,0.0,0.0,0.0,,Asphalt,,,1,276.084,,,,,21,1,,trails,Dirt,1,2,2,0,0,0,0,0,0,0,0,0,0,0,0,0,0,0,0,0,0,0,0,0,0,5,0,0,0,0,0,0,0,0,0,0,0,0,0,0,0,0,0,0,0,0,0,0,0,0,0,0,0,0,0,0,0,0,1,2,0,0,0,0,0,0,0,0,0,0,0,0,0,0,0,0,0,0,0,0,0,0,0,0,1,1,1,0,0,0,0,0,0,0,0,0,5,0,,,,,,,,,,,,,,,,,,,,,,,,,,,,,,,,,,,0,,,,,276.084
2229,Unscored (no condition data),PTrail,948,,1.0,,0.0,0.0,0.0,,Asphalt,,,1,61.942,,,,,21,1,,trails,Dirt,1,2,2,0,0,0,0,0,0,0,0,0,0,0,0,0,0,0,0,0,0,0,0,0,0,5,0,0,0,0,0,0,0,0,0,0,0,0,0,0,0,0,0,0,0,0,0,0,0,0,0,0,0,0,0,0,0,0,1,2,0,0,0,0,0,0,0,0,0,0,0,0,0,0,0,0,0,0,0,0,0,0,0,0,1,1,1,0,0,0,0,0,0,0,0,0,5,0,,,,,,,,,,,,,,,,,,,,,,,,,,,,,,,,,,,0,,,,,61.942
2230,Unscored (no condition data),PTrail,949,,1.0,,0.0,0.0,0.0,,Asphalt,,,1,214.181,,,,,21,1,,trails,Dirt,1,2,2,0,0,0,0,0,0,0,0,0,0,0,0,0,0,0,0,0,0,0,0,0,0,5,0,0,0,0,0,0,0,0,0,0,0,0,0,0,0,0,0,0,0,0,0,0,0,0,0,0,0,0,0,0,0,0,1,2,0,0,0,0,0,0,0,0,0,0,0,0,0,0,0,0,0,0,0,0,0,0,0,0,1,1,1,0,0,0,0,0,0,0,0,0,5,0,,,,,,,,,,,,,,,,,,,,,,,,,,,,,,,,,,,0,,,,,214.181
2231,Unscored (no condition data),PTrail,950,,1.0,,0.0,0.0,0.0,,Asphalt,,,1,20.812,,,,,18,1,,trails,Dirt,1,2,2,0,0,0,0,0,0,0,0,0,0,0,0,0,0,0,0,0,0,0,0,0,0,5,0,0,0,0,0,0,0,0,0,0,0,0,0,0,0,0,0,0,0,0,0,0,0,0,0,0,0,0,0,0,0,0,0,0,0,0,0,0,0,0,0,0,0,0,0,0,0,0,0,0,0,0,0,0,0,0,0,0,1,1,1,0,0,0,0,0,0,0,0,0,5,0,,,,,,,,,,,,,,,,,,,,,,,,,,,,,,,,,,,0,,,,,20.812
2232,Unscored (no condition data),PTrail,951,,1.0,,0.0,0.0,0.0,,Asphalt,,,1,71.7,,,,,19,1,,trails,Dirt,1,2,2,0,0,0,0,0,0,0,0,0,0,0,0,0,0,0,0,0,0,0,0,0,0,5,0,0,0,0,0,0,0,0,0,0,0,0,0,0,0,0,0,0,0,0,0,0,0,0,0,0,0,0,0,0,0,0,1,0,0,0,0,0,0,0,0,0,0,0,0,0,0,0,0,0,0,0,0,0,0,0,0,0,1,1,1,0,0,0,0,0,0,0,0,0,5,0,,,,,,,,,,,,,,,,,,,,,,,,,,,,,,,,,,,0,,,,,71.7
2233,Unscored (no condition data),PTrail,952,,1.0,,0.0,0.0,0.0,,Asphalt,,,1,49.153,,,,,19,1,,trails,Dirt,1,2,2,0,0,0,0,0,0,0,0,0,0,0,0,0,0,0,0,0,0,0,0,0,0,5,0,0,0,0,0,0,0,0,0,0,0,0,0,0,0,0,0,0,0,0,0,0,0,0,0,0,0,0,0,0,0,0,1,0,0,0,0,0,0,0,0,0,0,0,0,0,0,0,0,0,0,0,0,0,0,0,0,0,1,1,1,0,0,0,0,0,0,0,0,0,5,0,,,,,,,,,,,,,,,,,,,,,,,,,,,,,,,,,,,0,,,,,49.153
2234,Unscored (no condition data),PTrail,953,,1.0,,0.0,0.0,0.0,,Asphalt,,,1,83.344,,,,,19,1,,trails,Dirt,1,2,2,0,0,0,0,0,0,0,0,0,0,0,0,0,0,0,0,0,0,0,0,0,0,5,0,0,0,0,0,0,0,0,0,0,0,0,0,0,0,0,0,0,0,0,0,0,0,0,0,0,0,0,0,0,0,0,1,0,0,0,0,0,0,0,0,0,0,0,0,0,0,0,0,0,0,0,0,0,0,0,0,0,1,1,1,0,0,0,0,0,0,0,0,0,5,0,,,,,,,,,,,,,,,,,,,,,,,,,,,,,,,,,,,0,,,,,83.344
2235,Unscored (no condition data),PTrail,954,,1.0,,0.0,0.0,0.0,,Asphalt,,,1,129.141,,,,,18,1,,trails,Dirt,1,2,2,0,0,0,0,0,0,0,0,0,0,0,0,0,0,0,0,0,0,0,0,0,0,5,0,0,0,0,0,0,0,0,0,0,0,0,0,0,0,0,0,0,0,0,0,0,0,0,0,0,0,0,0,0,0,0,0,0,0,0,0,0,0,0,0,0,0,0,0,0,0,0,0,0,0,0,0,0,0,0,0,0,1,1,1,0,0,0,0,0,0,0,0,0,5,0,,,,,,,,,,,,,,,,,,,,,,,,,,,,,,,,,,,0,,,,,129.141
2236,Unscored (no condition data),PTrail,955,,1.0,,0.0,0.0,0.0,,Asphalt,,,1,129.85,,,,,18,1,,trails,Dirt,1,2,2,0,0,0,0,0,0,0,0,0,0,0,0,0,0,0,0,0,0,0,0,0,0,5,0,0,0,0,0,0,0,0,0,0,0,0,0,0,0,0,0,0,0,0,0,0,0,0,0,0,0,0,0,0,0,0,0,0,0,0,0,0,0,0,0,0,0,0,0,0,0,0,0,0,0,0,0,0,0,0,0,0,1,1,1,0,0,0,0,0,0,0,0,0,5,0,,,,,,,,,,,,,,,,,,,,,,,,,,,,,,,,,,,0,,,,,129.85
2237,Unscored (no condition data),PTrail,956,,1.0,,0.0,0.0,0.0,,Asphalt,,,1,25.548,,,,,18,1,,trails,Dirt,1,2,2,0,0,0,0,0,0,0,0,0,0,0,0,0,0,0,0,0,0,0,0,0,0,5,0,0,0,0,0,0,0,0,0,0,0,0,0,0,0,0,0,0,0,0,0,0,0,0,0,0,0,0,0,0,0,0,0,0,0,0,0,0,0,0,0,0,0,0,0,0,0,0,0,0,0,0,0,0,0,0,0,0,1,1,1,0,0,0,0,0,0,0,0,0,5,0,,,,,,,,,,,,,,,,,,,,,,,,,,,,,,,,,,,0,,,,,25.548
2238,Unscored (no condition data),PTrail,957,,1.0,,0.0,0.0,0.0,,Asphalt,,,1,30.432,,,,,19,1,,trails,Dirt,1,2,2,0,0,0,0,0,0,0,0,0,1,0,0,0,0,0,0,0,0,0,0,0,0,0,0,0,0,0,0,0,0,0,0,0,0,0,0,0,0,0,0,0,0,0,0,0,0,0,1,2,2,0,5,0,0,0,0,0,0,0,0,0,0,0,0,0,0,0,0,0,0,0,0,0,0,0,0,0,0,0,0,0,1,1,1,0,0,0,0,0,0,0,0,0,0,0,,,,,,,,,,,,,,,,,,,,,,,,,,,,,,,,,,,0,,,,,30.432
2239,Unscored (no condition data),PTrail,959,,1.0,,0.0,0.0,0.0,,Asphalt,,,1,114.279,,,,,9,1,,trails,Dirt,1,2,2,0,0,0,0,0,0,0,0,0,0,0,0,0,0,0,0,0,0,0,0,0,0,0,0,0,0,0,0,0,0,0,0,0,0,0,0,0,0,0,0,0,0,0,0,0,0,0,0,0,0,0,0,0,0,0,1,0,0,0,0,0,0,0,0,0,0,0,0,0,0,0,0,0,0,0,0,0,0,0,0,0,1,1,1,0,0,0,0,0,0,0,0,0,0,0,,,,,,,,,,,,,,,,,,,,,,,,,,,,,,,,,,,0,,,,,114.279
2240,Unscored (no condition data),PTrail,960,,1.0,,0.0,0.0,0.0,,Asphalt,,,1,347.773,,,,,18,1,,trails,Dirt,1,2,2,0,0,0,0,0,0,0,0,0,1,0,0,0,0,0,1,0,0,0,0,0,0,0,0,0,0,0,0,0,0,0,0,0,0,0,0,0,0,0,0,0,0,0,0,0,0,0,0,0,0,0,0,0,3,0,1,2,2,0,0,0,0,0,0,0,0,0,0,0,0,0,0,0,0,0,0,0,0,0,0,0,1,1,1,0,0,0,0,0,0,0,0,0,0,0,,,,,,,,,,,,,,,,,,,,,,,,,,,,,,,,,,,0,,,,,347.773
2241,Unscored (no condition data),PTrail,961,,1.0,,0.0,0.0,0.0,,Asphalt,,,1,57.386,,,,,18,1,,trails,Dirt,1,2,2,0,0,0,0,0,0,0,0,0,1,0,0,0,0,0,1,0,0,0,0,0,0,0,0,0,0,0,0,0,0,0,0,0,0,0,0,0,0,0,0,0,0,0,0,0,0,0,0,0,0,0,0,0,3,0,1,2,2,0,0,0,0,0,0,0,0,0,0,0,0,0,0,0,0,0,0,0,0,0,0,0,1,1,1,0,0,0,0,0,0,0,0,0,0,0,,,,,,,,,,,,,,,,,,,,,,,,,,,,,,,,,,,0,,,,,57.386
2242,Unscored (no condition data),PTrail,962,,1.0,,0.0,0.0,0.0,,Asphalt,,,1,20.842,,,,,15,1,,trails,Dirt,1,2,2,0,0,0,0,0,0,0,0,0,1,0,0,0,0,0,1,0,0,0,0,0,0,0,0,0,0,0,0,0,0,0,0,0,0,0,0,0,0,0,0,0,0,0,0,0,0,0,0,0,0,0,0,0,0,0,1,2,2,0,0,0,0,0,0,0,0,0,0,0,0,0,0,0,0,0,0,0,0,0,0,0,1,1,1,0,0,0,0,0,0,0,0,0,0,0,,,,,,,,,,,,,,,,,,,,,,,,,,,,,,,,,,,0,,,,,20.842
2243,Unscored (no condition data),PTrail,964,,1.0,,0.0,0.0,0.0,,Asphalt,,,1,185.825,,,,,19,1,,trails,Dirt,1,2,2,0,0,0,0,0,0,0,0,0,1,2,0,0,0,0,1,2,0,0,0,0,0,0,0,0,0,0,0,0,0,0,0,0,0,0,0,0,0,0,0,0,0,0,0,0,0,0,0,0,0,0,0,0,0,0,1,2,2,0,0,0,0,0,0,0,0,0,0,0,0,0,0,0,0,0,0,0,0,0,0,0,1,1,1,0,0,0,0,0,0,0,0,0,0,0,,,,,,,,,,,,,,,,,,,,,,,,,,,,,,,,,,,0,,,,,185.825
2244,Unscored (no condition data),PTrail,965,,1.0,,0.0,0.0,0.0,,Asphalt,,,1,42.656,,,,,15,1,,trails,Dirt,1,2,2,0,0,0,0,0,0,0,0,0,1,0,0,0,0,0,1,0,0,0,0,0,0,0,0,0,0,0,0,0,0,0,0,0,0,0,0,0,0,0,0,0,0,0,0,0,0,0,0,0,0,0,0,0,0,0,1,2,2,0,0,0,0,0,0,0,0,0,0,0,0,0,0,0,0,0,0,0,0,0,0,0,1,1,1,0,0,0,0,0,0,0,0,0,0,0,,,,,,,,,,,,,,,,,,,,,,,,,,,,,,,,,,,0,,,,,42.656
2245,Unscored (no condition data),PTrail,967,,1.0,,0.0,0.0,0.0,,Asphalt,,,1,40.216,,,,,15,1,,trails,Dirt,1,2,2,0,0,0,0,0,0,0,0,0,1,0,0,0,0,0,1,0,0,0,0,0,0,0,0,0,0,0,0,0,0,0,0,0,0,0,0,0,0,0,0,0,0,0,0,0,0,0,0,0,0,0,0,0,0,0,1,2,2,0,0,0,0,0,0,0,0,0,0,0,0,0,0,0,0,0,0,0,0,0,0,0,1,1,1,0,0,0,0,0,0,0,0,0,0,0,,,,,,,,,,,,,,,,,,,,,,,,,,,,,,,,,,,0,,,,,40.216
2246,Unscored (no condition data),PTrail,968,,1.0,,0.0,0.0,0.0,,Asphalt,,,1,20.095,,,,,15,1,,trails,Dirt,1,2,2,0,0,0,0,0,0,0,0,0,1,0,0,0,0,0,1,0,0,0,0,0,0,0,0,0,0,0,0,0,0,0,0,0,0,0,0,0,0,0,0,0,0,0,0,0,0,0,0,0,0,0,0,0,0,0,1,2,2,0,0,0,0,0,0,0,0,0,0,0,0,0,0,0,0,0,0,0,0,0,0,0,1,1,1,0,0,0,0,0,0,0,0,0,0,0,,,,,,,,,,,,,,,,,,,,,,,,,,,,,,,,,,,0,,,,,20.095
2247,Unscored (no condition data),PTrail,972,,1.0,,0.0,0.0,0.0,,Asphalt,,,1,67.98,,,,,15,1,,trails,Dirt,1,2,2,0,0,0,0,0,0,0,0,0,1,0,0,0,0,0,1,0,0,0,0,0,0,0,0,0,0,0,0,0,0,0,0,0,0,0,0,0,0,0,0,0,0,0,0,0,0,0,0,0,0,0,0,0,0,0,1,2,2,0,0,0,0,0,0,0,0,0,0,0,0,0,0,0,0,0,0,0,0,0,0,0,1,1,1,0,0,0,0,0,0,0,0,0,0,0,,,,,,,,,,,,,,,,,,,,,,,,,,,,,,,,,,,0,,,,,67.98
2248,Unscored (no condition data),PTrail,973,,1.0,,0.0,0.0,0.0,,Asphalt,,,1,110.3,,,,,29,2,,trails,Dirt,1,2,2,0,0,0,0,0,0,0,0,0,1,2,2,0,0,0,1,2,2,0,0,0,0,5,0,0,0,0,0,0,0,0,0,0,0,0,0,0,0,0,0,0,0,0,0,0,0,0,0,0,0,0,0,0,0,0,1,2,0,0,0,0,0,0,0,0,0,0,0,0,0,0,0,0,0,0,0,0,0,0,0,0,1,1,1,0,0,0,0,0,0,0,0,0,0,3,,,,,,,,,,,,,,,,,,,,,,,,,,,,,,,,,,,0,,,,,110.3
2249,Unscored (no condition data),PTrail,974,,1.0,,0.0,0.0,0.0,,Asphalt,,,1,243.417,,,,,8,1,,trails,Dirt,1,2,2,0,0,0,0,0,0,0,0,0,0,0,0,0,0,0,0,0,0,0,0,0,0,0,0,0,0,0,0,0,0,0,0,0,0,0,0,0,0,0,0,0,0,0,0,0,0,0,0,0,0,0,0,0,0,0,0,0,0,0,0,0,0,0,0,0,0,0,0,0,0,0,0,0,0,0,0,0,0,0,0,0,1,1,1,0,0,0,0,0,0,0,0,0,0,0,,,,,,,,,,,,,,,,,,,,,,,,,,,,,,,,,,,0,,,,,243.417
2250,Unscored (no condition data),PTrail,975,,1.0,,0.0,0.0,0.0,,Asphalt,,,1,249.552,,,,,15,1,,trails,Dirt,1,2,2,0,0,0,0,0,0,0,0,0,1,0,0,0,0,0,1,0,0,0,0,0,0,0,0,0,0,0,0,0,0,0,0,0,0,0,0,0,0,0,0,0,0,0,0,0,0,0,0,0,0,0,0,0,0,0,1,2,2,0,0,0,0,0,0,0,0,0,0,0,0,0,0,0,0,0,0,0,0,0,0,0,1,1,1,0,0,0,0,0,0,0,0,0,0,0,,,,,,,,,,,,,,,,,,,,,,,,,,,,,,,,,,,0,,,,,249.552
2251,Unscored (no condition data),PTrail,976,,1.0,,0.0,0.0,0.0,,Asphalt,,,1,206.785,,,,,11,1,,trails,Dirt,1,2,2,0,0,0,0,0,0,0,0,0,0,0,0,0,0,0,0,0,0,0,0,0,0,0,0,0,0,0,0,0,0,0,0,0,0,0,0,0,0,0,0,0,0,0,0,0,0,0,0,0,0,0,0,0,0,0,1,2,0,0,0,0,0,0,0,0,0,0,0,0,0,0,0,0,0,0,0,0,0,0,0,0,1,1,1,0,0,0,0,0,0,0,0,0,0,0,,,,,,,,,,,,,,,,,,,,,,,,,,,,,,,,,,,0,,,,,206.785
2252,Unscored (no condition data),PTrail,977,,1.0,,0.0,0.0,0.0,,Asphalt,,,1,289.823,,,,,9,1,,trails,Dirt,1,2,2,0,0,0,0,0,0,0,0,0,0,0,0,0,0,0,0,0,0,0,0,0,0,0,0,0,0,0,0,0,0,0,0,0,0,0,0,0,0,0,0,0,0,0,0,0,0,0,0,0,0,0,0,0,0,0,1,0,0,0,0,0,0,0,0,0,0,0,0,0,0,0,0,0,0,0,0,0,0,0,0,0,1,1,1,0,0,0,0,0,0,0,0,0,0,0,,,,,,,,,,,,,,,,,,,,,,,,,,,,,,,,,,,0,,,,,289.823
2253,Unscored (no condition data),PTrail,978,,1.0,,0.0,0.0,0.0,,Asphalt,,,1,164.711,,,,,11,1,,trails,Dirt,1,2,2,0,0,0,0,0,0,0,0,0,1,0,0,0,0,0,1,0,0,0,0,0,0,0,0,0,0,0,0,0,0,0,0,0,0,0,0,0,0,0,0,0,0,0,0,0,0,0,0,0,0,0,0,0,0,0,1,0,0,0,0,0,0,0,0,0,0,0,0,0,0,0,0,0,0,0,0,0,0,0,0,0,1,1,1,0,0,0,0,0,0,0,0,0,0,0,,,,,,,,,,,,,,,,,,,,,,,,,,,,,,,,,,,0,,,,,164.711
2254,Unscored (no condition data),PTrail,980,,1.0,,0.0,0.0,0.0,,Asphalt,,,1,76.163,,,,,8,1,,trails,Dirt,1,2,2,0,0,0,0,0,0,0,0,0,0,0,0,0,0,0,0,0,0,0,0,0,0,0,0,0,0,0,0,0,0,0,0,0,0,0,0,0,0,0,0,0,0,0,0,0,0,0,0,0,0,0,0,0,0,0,0,0,0,0,0,0,0,0,0,0,0,0,0,0,0,0,0,0,0,0,0,0,0,0,0,0,1,1,1,0,0,0,0,0,0,0,0,0,0,0,,,,,,,,,,,,,,,,,,,,,,,,,,,,,,,,,,,0,,,,,76.163
2255,Unscored (no condition data),PTrail,981,,1.0,,0.0,0.0,0.0,,Asphalt,,,1,169.695,,,,,13,1,,trails,Dirt,1,2,2,0,0,0,0,0,0,0,0,0,1,0,0,0,0,0,1,0,0,0,0,0,0,0,0,0,0,0,0,0,0,0,0,0,0,0,0,0,0,0,0,0,0,0,0,0,0,0,0,0,0,0,0,0,0,0,1,2,0,0,0,0,0,0,0,0,0,0,0,0,0,0,0,0,0,0,0,0,0,0,0,0,1,1,1,0,0,0,0,0,0,0,0,0,0,0,,,,,,,,,,,,,,,,,,,,,,,,,,,,,,,,,,,0,,,,,169.695
2256,Unscored (no condition data),PTrail,983,,1.0,,0.0,0.0,0.0,,Asphalt,,,1,121.694,,,,,13,1,,trails,Dirt,1,2,2,0,0,0,0,0,0,0,0,0,1,0,0,0,0,0,1,0,0,0,0,0,0,0,0,0,0,0,0,0,0,0,0,0,0,0,0,0,0,0,0,0,0,0,0,0,0,0,0,0,0,0,0,0,0,0,1,2,0,0,0,0,0,0,0,0,0,0,0,0,0,0,0,0,0,0,0,0,0,0,0,0,1,1,1,0,0,0,0,0,0,0,0,0,0,0,,,,,,,,,,,,,,,,,,,,,,,,,,,,,,,,,,,0,,,,,121.694
2257,Unscored (no condition data),PTrail,984,,1.0,,0.0,0.0,0.0,,Asphalt,,,1,9.72,,,,,11,1,,trails,Dirt,1,2,2,0,0,0,0,0,0,0,0,0,1,0,0,0,0,0,1,0,0,0,0,0,0,0,0,0,0,0,0,0,0,0,0,0,0,0,0,0,0,0,0,0,0,0,0,0,0,0,0,0,0,0,0,0,0,0,1,0,0,0,0,0,0,0,0,0,0,0,0,0,0,0,0,0,0,0,0,0,0,0,0,0,1,1,1,0,0,0,0,0,0,0,0,0,0,0,,,,,,,,,,,,,,,,,,,,,,,,,,,,,,,,,,,0,,,,,9.72
2258,Unscored (no condition data),PTrail,986,,1.0,,0.0,0.0,0.0,,Asphalt,,,1,174.323,,,,,11,1,,trails,Dirt,1,2,2,0,0,0,0,0,0,0,0,0,1,0,0,0,0,0,1,0,0,0,0,0,0,0,0,0,0,0,0,0,0,0,0,0,0,0,0,0,0,0,0,0,0,0,0,0,0,0,0,0,0,0,0,0,0,0,1,0,0,0,0,0,0,0,0,0,0,0,0,0,0,0,0,0,0,0,0,0,0,0,0,0,1,1,1,0,0,0,0,0,0,0,0,0,0,0,,,,,,,,,,,,,,,,,,,,,,,,,,,,,,,,,,,0,,,,,174.323
2259,Unscored (no condition data),PTrail,988,,1.0,,0.0,0.0,0.0,,Asphalt,,,1,40.942,,,,,8,1,,trails,Dirt,1,2,2,0,0,0,0,0,0,0,0,0,0,0,0,0,0,0,0,0,0,0,0,0,0,0,0,0,0,0,0,0,0,0,0,0,0,0,0,0,0,0,0,0,0,0,0,0,0,0,0,0,0,0,0,0,0,0,0,0,0,0,0,0,0,0,0,0,0,0,0,0,0,0,0,0,0,0,0,0,0,0,0,0,1,1,1,0,0,0,0,0,0,0,0,0,0,0,,,,,,,,,,,,,,,,,,,,,,,,,,,,,,,,,,,0,,,,,40.942
2260,Unscored (no condition data),PTrail,989,,1.0,,0.0,0.0,0.0,,Asphalt,,,1,198.994,,,,,8,1,,trails,Dirt,1,2,2,0,0,0,0,0,0,0,0,0,0,0,0,0,0,0,0,0,0,0,0,0,0,0,0,0,0,0,0,0,0,0,0,0,0,0,0,0,0,0,0,0,0,0,0,0,0,0,0,0,0,0,0,0,0,0,0,0,0,0,0,0,0,0,0,0,0,0,0,0,0,0,0,0,0,0,0,0,0,0,0,0,1,1,1,0,0,0,0,0,0,0,0,0,0,0,,,,,,,,,,,,,,,,,,,,,,,,,,,,,,,,,,,0,,,,,198.994
2261,Unscored (no condition data),PTrail,990,,1.0,,0.0,0.0,0.0,,Asphalt,,,1,105.288,,,,,8,1,,trails,Dirt,1,2,2,0,0,0,0,0,0,0,0,0,0,0,0,0,0,0,0,0,0,0,0,0,0,0,0,0,0,0,0,0,0,0,0,0,0,0,0,0,0,0,0,0,0,0,0,0,0,0,0,0,0,0,0,0,0,0,0,0,0,0,0,0,0,0,0,0,0,0,0,0,0,0,0,0,0,0,0,0,0,0,0,0,1,1,1,0,0,0,0,0,0,0,0,0,0,0,,,,,,,,,,,,,,,,,,,,,,,,,,,,,,,,,,,0,,,,,105.288
2262,Unscored (no condition data),PTrail,992,,1.0,,0.0,0.0,0.0,,Asphalt,,,1,180.024,,,,,8,1,,trails,Dirt,1,2,2,0,0,0,0,0,0,0,0,0,0,0,0,0,0,0,0,0,0,0,0,0,0,0,0,0,0,0,0,0,0,0,0,0,0,0,0,0,0,0,0,0,0,0,0,0,0,0,0,0,0,0,0,0,0,0,0,0,0,0,0,0,0,0,0,0,0,0,0,0,0,0,0,0,0,0,0,0,0,0,0,0,1,1,1,0,0,0,0,0,0,0,0,0,0,0,,,,,,,,,,,,,,,,,,,,,,,,,,,,,,,,,,,0,,,,,180.024
2263,Unscored (no condition data),PTrail,993,,1.0,,0.0,0.0,0.0,,Asphalt,,,1,250.399,,,,,11,1,,trails,Dirt,1,2,2,0,0,0,0,0,0,0,0,0,1,0,0,0,0,0,1,0,0,0,0,0,0,0,0,0,0,0,0,0,0,0,0,0,0,0,0,0,0,0,0,0,0,0,0,0,0,0,0,0,0,0,0,0,0,0,1,0,0,0,0,0,0,0,0,0,0,0,0,0,0,0,0,0,0,0,0,0,0,0,0,0,1,1,1,0,0,0,0,0,0,0,0,0,0,0,,,,,,,,,,,,,,,,,,,,,,,,,,,,,,,,,,,0,,,,,250.399
2264,Unscored (no condition data),PTrail,994,,1.0,,0.0,0.0,0.0,,Asphalt,,,1,65.331,,,,,14,1,,trails,Dirt,1,2,2,0,0,0,0,0,0,0,0,0,1,2,0,0,0,0,1,2,0,0,0,0,0,0,0,0,0,0,0,0,0,0,0,0,0,0,0,0,0,0,0,0,0,0,0,0,0,0,0,0,0,0,0,0,0,0,0,0,0,0,0,0,0,0,0,0,0,0,0,0,0,0,0,0,0,0,0,0,0,0,0,0,1,1,1,0,0,0,0,0,0,0,0,0,0,0,,,,,,,,,,,,,,,,,,,,,,,,,,,,,,,,,,,0,,,,,65.331
2265,Unscored (no condition data),PTrail,995,,1.0,,0.0,0.0,0.0,,Asphalt,,,1,262.737,,,,,11,1,,trails,Dirt,1,2,2,0,0,0,0,0,0,0,0,0,1,0,0,0,0,0,1,0,0,0,0,0,0,0,0,0,0,0,0,0,0,0,0,0,0,0,0,0,0,0,0,0,0,0,0,0,0,0,0,0,0,0,0,0,0,0,1,0,0,0,0,0,0,0,0,0,0,0,0,0,0,0,0,0,0,0,0,0,0,0,0,0,1,1,1,0,0,0,0,0,0,0,0,0,0,0,,,,,,,,,,,,,,,,,,,,,,,,,,,,,,,,,,,0,,,,,262.737
2266,Unscored (no condition data),PTrail,997,,1.0,,0.0,0.0,0.0,,Asphalt,,,1,422.763,,,,,17,1,,trails,Dirt,1,2,2,0,0,0,0,0,0,0,0,0,1,2,0,0,0,0,1,2,0,0,0,0,0,0,0,0,0,0,0,0,0,0,0,0,0,0,0,0,0,0,0,0,0,0,0,0,0,0,0,0,0,0,0,0,0,0,1,2,0,0,0,0,0,0,0,0,0,0,0,0,0,0,0,0,0,0,0,0,0,0,0,0,1,1,1,0,0,0,0,0,0,0,0,0,0,0,,,,,,,,,,,,,,,,,,,,,,,,,,,,,,,,,,,0,,,,,422.763
2267,Unscored (no condition data),PTrail,998,,1.0,,0.0,0.0,0.0,,Asphalt,,,1,50.933,,,,,14,1,,trails,Dirt,1,2,2,0,0,0,0,0,0,0,0,0,1,2,0,0,0,0,1,2,0,0,0,0,0,0,0,0,0,0,0,0,0,0,0,0,0,0,0,0,0,0,0,0,0,0,0,0,0,0,0,0,0,0,0,0,0,0,0,0,0,0,0,0,0,0,0,0,0,0,0,0,0,0,0,0,0,0,0,0,0,0,0,0,1,1,1,0,0,0,0,0,0,0,0,0,0,0,,,,,,,,,,,,,,,,,,,,,,,,,,,,,,,,,,,0,,,,,50.933
2268,Unscored (no condition data),PTrail,999,,1.0,,0.0,0.0,0.0,,Asphalt,,,1,60.791,,,,,14,1,,trails,Dirt,1,2,2,0,0,0,0,0,0,0,0,0,1,2,0,0,0,0,1,2,0,0,0,0,0,0,0,0,0,0,0,0,0,0,0,0,0,0,0,0,0,0,0,0,0,0,0,0,0,0,0,0,0,0,0,0,0,0,0,0,0,0,0,0,0,0,0,0,0,0,0,0,0,0,0,0,0,0,0,0,0,0,0,0,1,1,1,0,0,0,0,0,0,0,0,0,0,0,,,,,,,,,,,,,,,,,,,,,,,,,,,,,,,,,,,0,,,,,60.791
2269,Unscored (no condition data),PTrail,1000,,1.0,,0.0,0.0,0.0,,Asphalt,,,1,42.222,,,,,14,1,,trails,Dirt,1,2,2,0,0,0,0,0,0,0,0,0,1,2,0,0,0,0,1,2,0,0,0,0,0,0,0,0,0,0,0,0,0,0,0,0,0,0,0,0,0,0,0,0,0,0,0,0,0,0,0,0,0,0,0,0,0,0,0,0,0,0,0,0,0,0,0,0,0,0,0,0,0,0,0,0,0,0,0,0,0,0,0,0,1,1,1,0,0,0,0,0,0,0,0,0,0,0,,,,,,,,,,,,,,,,,,,,,,,,,,,,,,,,,,,0,,,,,42.222
2270,Unscored (no condition data),PTrail,1001,,1.0,,0.0,0.0,0.0,,Asphalt,,,1,103.085,,,,,14,1,,trails,Dirt,1,2,2,0,0,0,0,0,0,0,0,0,1,2,0,0,0,0,1,2,0,0,0,0,0,0,0,0,0,0,0,0,0,0,0,0,0,0,0,0,0,0,0,0,0,0,0,0,0,0,0,0,0,0,0,0,0,0,0,0,0,0,0,0,0,0,0,0,0,0,0,0,0,0,0,0,0,0,0,0,0,0,0,0,1,1,1,0,0,0,0,0,0,0,0,0,0,0,,,,,,,,,,,,,,,,,,,,,,,,,,,,,,,,,,,0,,,,,103.085
2271,Unscored (no condition data),PTrail,1002,,1.0,,0.0,0.0,0.0,,Asphalt,,,1,263.041,,,,,10,1,,trails,Dirt,1,2,2,0,0,0,0,0,0,0,0,0,1,0,0,0,0,0,1,0,0,0,0,0,0,0,0,0,0,0,0,0,0,0,0,0,0,0,0,0,0,0,0,0,0,0,0,0,0,0,0,0,0,0,0,0,0,0,0,0,0,0,0,0,0,0,0,0,0,0,0,0,0,0,0,0,0,0,0,0,0,0,0,0,1,1,1,0,0,0,0,0,0,0,0,0,0,0,,,,,,,,,,,,,,,,,,,,,,,,,,,,,,,,,,,0,,,,,263.041
2272,Unscored (no condition data),PTrail,1003,,1.0,,0.0,0.0,0.0,,Asphalt,,,1,565.352,,,,,27,1,,trails,Dirt,1,2,2,0,0,0,0,0,0,0,0,0,1,2,2,0,0,0,1,2,2,0,0,0,0,5,0,0,0,0,0,0,0,0,0,0,0,0,0,0,0,0,0,0,0,0,0,0,0,0,1,0,0,0,0,0,0,0,0,0,0,0,0,0,0,0,0,0,0,0,0,0,0,0,0,0,0,0,0,0,0,0,0,0,1,1,1,0,0,0,0,0,0,0,0,0,0,3,,,,,,,,,,,,,,,,,,,,,,,,,,,,,,,,,,,0,,,,,565.352
2273,Unscored (no condition data),PTrail,1004,,1.0,,0.0,0.0,0.0,,Asphalt,,,1,282.25,,,,,10,1,,trails,Dirt,1,2,2,0,0,0,0,0,0,0,0,0,1,0,0,0,0,0,1,0,0,0,0,0,0,0,0,0,0,0,0,0,0,0,0,0,0,0,0,0,0,0,0,0,0,0,0,0,0,0,0,0,0,0,0,0,0,0,0,0,0,0,0,0,0,0,0,0,0,0,0,0,0,0,0,0,0,0,0,0,0,0,0,0,1,1,1,0,0,0,0,0,0,0,0,0,0,0,,,,,,,,,,,,,,,,,,,,,,,,,,,,,,,,,,,0,,,,,282.25
2274,Unscored (no condition data),PTrail,1005,,1.0,,0.0,0.0,0.0,,Asphalt,,,1,146.393,,,,,26,1,,trails,Dirt,1,2,2,0,0,0,0,0,0,0,0,0,1,2,2,0,0,0,1,2,2,0,0,0,0,5,0,0,0,0,0,0,0,0,0,0,0,0,0,0,0,0,0,0,0,0,0,0,0,0,0,0,0,0,0,0,0,0,0,0,0,0,0,0,0,0,0,0,0,0,0,0,0,0,0,0,0,0,0,0,0,0,0,0,1,1,1,0,0,0,0,0,0,0,0,0,0,3,,,,,,,,,,,,,,,,,,,,,,,,,,,,,,,,,,,0,,,,,146.393
2275,Unscored (no condition data),PTrail,1009,,1.0,,0.0,0.0,0.0,,Asphalt,,,1,231.514,,,,,8,1,,trails,Dirt,1,2,2,0,0,0,0,0,0,0,0,0,0,0,0,0,0,0,0,0,0,0,0,0,0,0,0,0,0,0,0,0,0,0,0,0,0,0,0,0,0,0,0,0,0,0,0,0,0,0,0,0,0,0,0,0,0,0,0,0,0,0,0,0,0,0,0,0,0,0,0,0,0,0,0,0,0,0,0,0,0,0,0,0,1,1,1,0,0,0,0,0,0,0,0,0,0,0,,,,,,,,,,,,,,,,,,,,,,,,,,,,,,,,,,,0,,,,,231.514
2276,Unscored (no condition data),PTrail,1010,,1.0,,0.0,0.0,0.0,,Asphalt,,,1,89.713,,,,,8,1,,trails,Dirt,1,2,2,0,0,0,0,0,0,0,0,0,0,0,0,0,0,0,0,0,0,0,0,0,0,0,0,0,0,0,0,0,0,0,0,0,0,0,0,0,0,0,0,0,0,0,0,0,0,0,0,0,0,0,0,0,0,0,0,0,0,0,0,0,0,0,0,0,0,0,0,0,0,0,0,0,0,0,0,0,0,0,0,0,1,1,1,0,0,0,0,0,0,0,0,0,0,0,,,,,,,,,,,,,,,,,,,,,,,,,,,,,,,,,,,0,,,,,89.713
2277,Unscored (no condition data),PTrail,1011,,1.0,,0.0,0.0,0.0,,Asphalt,,,1,86.873,,,,,8,1,,trails,Dirt,1,2,2,0,0,0,0,0,0,0,0,0,0,0,0,0,0,0,0,0,0,0,0,0,0,0,0,0,0,0,0,0,0,0,0,0,0,0,0,0,0,0,0,0,0,0,0,0,0,0,0,0,0,0,0,0,0,0,0,0,0,0,0,0,0,0,0,0,0,0,0,0,0,0,0,0,0,0,0,0,0,0,0,0,1,1,1,0,0,0,0,0,0,0,0,0,0,0,,,,,,,,,,,,,,,,,,,,,,,,,,,,,,,,,,,0,,,,,86.873
2278,Unscored (no condition data),PTrail,1012,,1.0,,0.0,0.0,0.0,,Asphalt,,,1,286.908,,,,,9,1,,trails,Dirt,1,2,2,0,0,0,0,0,0,0,0,0,0,0,0,0,0,0,0,0,0,0,0,0,0,0,0,0,0,0,0,0,0,0,0,0,0,0,0,0,0,0,0,0,0,0,0,0,0,0,0,0,0,0,0,0,0,0,1,0,0,0,0,0,0,0,0,0,0,0,0,0,0,0,0,0,0,0,0,0,0,0,0,0,1,1,1,0,0,0,0,0,0,0,0,0,0,0,,,,,,,,,,,,,,,,,,,,,,,,,,,,,,,,,,,0,,,,,286.908
2279,Unscored (no condition data),PTrail,1013,,1.0,,0.0,0.0,0.0,,Asphalt,,,1,145.419,,,,,8,1,,trails,Dirt,1,2,2,0,0,0,0,0,0,0,0,0,0,0,0,0,0,0,0,0,0,0,0,0,0,0,0,0,0,0,0,0,0,0,0,0,0,0,0,0,0,0,0,0,0,0,0,0,0,0,0,0,0,0,0,0,0,0,0,0,0,0,0,0,0,0,0,0,0,0,0,0,0,0,0,0,0,0,0,0,0,0,0,0,1,1,1,0,0,0,0,0,0,0,0,0,0,0,,,,,,,,,,,,,,,,,,,,,,,,,,,,,,,,,,,0,,,,,145.419
2280,Unscored (no condition data),PTrail,1014,,1.0,,0.0,0.0,0.0,,Asphalt,,,1,304.182,,,,,8,1,,trails,Dirt,1,2,2,0,0,0,0,0,0,0,0,0,0,0,0,0,0,0,0,0,0,0,0,0,0,0,0,0,0,0,0,0,0,0,0,0,0,0,0,0,0,0,0,0,0,0,0,0,0,0,0,0,0,0,0,0,0,0,0,0,0,0,0,0,0,0,0,0,0,0,0,0,0,0,0,0,0,0,0,0,0,0,0,0,1,1,1,0,0,0,0,0,0,0,0,0,0,0,,,,,,,,,,,,,,,,,,,,,,,,,,,,,,,,,,,0,,,,,304.182
2281,Unscored (no condition data),PTrail,1015,,1.0,,0.0,0.0,0.0,,Asphalt,,,1,177.856,,,,,9,1,,trails,Dirt,1,2,2,0,0,0,0,0,0,0,0,0,0,0,0,0,0,0,0,0,0,0,0,0,0,0,0,0,0,0,0,0,0,0,0,0,0,0,0,0,0,0,0,0,0,0,0,0,0,0,0,0,0,0,0,0,0,0,1,0,0,0,0,0,0,0,0,0,0,0,0,0,0,0,0,0,0,0,0,0,0,0,0,0,1,1,1,0,0,0,0,0,0,0,0,0,0,0,,,,,,,,,,,,,,,,,,,,,,,,,,,,,,,,,,,0,,,,,177.856
2282,Unscored (no condition data),PTrail,1016,,1.0,,0.0,0.0,0.0,,Asphalt,,,1,238.842,,,,,10,1,,trails,Dirt,1,2,2,0,0,0,0,0,0,0,0,0,1,0,0,0,0,0,1,0,0,0,0,0,0,0,0,0,0,0,0,0,0,0,0,0,0,0,0,0,0,0,0,0,0,0,0,0,0,0,0,0,0,0,0,0,0,0,0,0,0,0,0,0,0,0,0,0,0,0,0,0,0,0,0,0,0,0,0,0,0,0,0,0,1,1,1,0,0,0,0,0,0,0,0,0,0,0,,,,,,,,,,,,,,,,,,,,,,,,,,,,,,,,,,,0,,,,,238.842
2283,Unscored (no condition data),PTrail,1017,,1.0,,0.0,0.0,0.0,,Asphalt,,,1,80.124,,,,,10,1,,trails,Dirt,1,2,2,0,0,0,0,0,0,0,0,0,1,0,0,0,0,0,1,0,0,0,0,0,0,0,0,0,0,0,0,0,0,0,0,0,0,0,0,0,0,0,0,0,0,0,0,0,0,0,0,0,0,0,0,0,0,0,0,0,0,0,0,0,0,0,0,0,0,0,0,0,0,0,0,0,0,0,0,0,0,0,0,0,1,1,1,0,0,0,0,0,0,0,0,0,0,0,,,,,,,,,,,,,,,,,,,,,,,,,,,,,,,,,,,0,,,,,80.124
2284,Unscored (no condition data),PTrail,1018,,1.0,,0.0,0.0,0.0,,Asphalt,,,1,114.539,,,,,10,1,,trails,Dirt,1,2,2,0,0,0,0,0,0,0,0,0,1,0,0,0,0,0,1,0,0,0,0,0,0,0,0,0,0,0,0,0,0,0,0,0,0,0,0,0,0,0,0,0,0,0,0,0,0,0,0,0,0,0,0,0,0,0,0,0,0,0,0,0,0,0,0,0,0,0,0,0,0,0,0,0,0,0,0,0,0,0,0,0,1,1,1,0,0,0,0,0,0,0,0,0,0,0,,,,,,,,,,,,,,,,,,,,,,,,,,,,,,,,,,,0,,,,,114.539
2285,Unscored (no condition data),PTrail,1019,,1.0,,0.0,0.0,0.0,,Asphalt,,,1,276.793,,,,,11,1,,trails,Dirt,1,2,2,0,0,0,0,0,0,0,0,0,1,0,0,0,0,0,1,0,0,0,0,0,0,0,0,0,0,0,0,0,0,0,0,0,0,0,0,0,0,0,0,0,0,0,0,0,0,0,0,0,0,0,0,0,0,0,1,0,0,0,0,0,0,0,0,0,0,0,0,0,0,0,0,0,0,0,0,0,0,0,0,0,1,1,1,0,0,0,0,0,0,0,0,0,0,0,,,,,,,,,,,,,,,,,,,,,,,,,,,,,,,,,,,0,,,,,276.793
2286,Unscored (no condition data),PTrail,1020,,1.0,,0.0,0.0,0.0,,Asphalt,,,1,179.001,,,,,18,1,,trails,Dirt,1,2,2,0,0,0,0,0,0,0,0,0,1,2,2,0,0,0,1,2,2,0,0,0,0,0,0,0,0,0,0,0,0,0,0,0,0,0,0,0,0,0,0,0,0,0,0,0,0,0,0,0,0,0,0,0,0,0,0,0,0,0,0,0,0,0,0,0,0,0,0,0,0,0,0,0,0,0,0,0,0,0,0,0,1,1,1,0,0,0,0,0,0,0,0,0,0,0,,,,,,,,,,,,,,,,,,,,,,,,,,,,,,,,,,,0,,,,,179.001
2287,Unscored (no condition data),PTrail,1021,,1.0,,0.0,0.0,0.0,,Asphalt,,,1,181.539,,,,,18,1,,trails,Dirt,1,2,2,0,0,0,0,0,0,0,0,0,1,2,2,0,0,0,1,2,2,0,0,0,0,0,0,0,0,0,0,0,0,0,0,0,0,0,0,0,0,0,0,0,0,0,0,0,0,0,0,0,0,0,0,0,0,0,0,0,0,0,0,0,0,0,0,0,0,0,0,0,0,0,0,0,0,0,0,0,0,0,0,0,1,1,1,0,0,0,0,0,0,0,0,0,0,0,,,,,,,,,,,,,,,,,,,,,,,,,,,,,,,,,,,0,,,,,181.539
2288,Unscored (no condition data),PTrail,1022,,1.0,,0.0,0.0,0.0,,Asphalt,,,1,126.158,,,,,26,1,,trails,Dirt,1,2,2,0,0,0,0,0,0,0,0,0,1,2,2,0,0,0,1,2,2,0,0,0,0,5,0,0,0,0,0,0,0,0,0,0,0,0,0,0,0,0,0,0,0,0,0,0,0,0,0,0,0,0,0,0,0,0,0,0,0,0,0,0,0,0,0,0,0,0,0,0,0,0,0,0,0,0,0,0,0,0,0,0,1,1,1,0,0,0,0,0,0,0,0,0,0,3,,,,,,,,,,,,,,,,,,,,,,,,,,,,,,,,,,,0,,,,,126.158
2289,Unscored (no condition data),PTrail,1023,,1.0,,0.0,0.0,0.0,,Asphalt,,,1,501.597,,,,,26,1,,trails,Dirt,1,2,2,0,0,0,0,0,0,0,0,0,1,2,2,0,0,0,1,2,2,0,0,0,0,5,0,0,0,0,0,0,0,0,0,0,0,0,0,0,0,0,0,0,0,0,0,0,0,0,0,0,0,0,0,0,0,0,0,0,0,0,0,0,0,0,0,0,0,0,0,0,0,0,0,0,0,0,0,0,0,0,0,0,1,1,1,0,0,0,0,0,0,0,0,0,0,3,,,,,,,,,,,,,,,,,,,,,,,,,,,,,,,,,,,0,,,,,501.597
2290,Unscored (no condition data),PTrail,1024,,1.0,,0.0,0.0,0.0,,Asphalt,,,1,211.222,,,,,26,1,,trails,Dirt,1,2,2,0,0,0,0,0,0,0,0,0,1,2,2,0,0,0,1,2,2,0,0,0,0,5,0,0,0,0,0,0,0,0,0,0,0,0,0,0,0,0,0,0,0,0,0,0,0,0,0,0,0,0,0,0,0,0,0,0,0,0,0,0,0,0,0,0,0,0,0,0,0,0,0,0,0,0,0,0,0,0,0,0,1,1,1,0,0,0,0,0,0,0,0,0,0,3,,,,,,,,,,,,,,,,,,,,,,,,,,,,,,,,,,,0,,,,,211.222
2291,Unscored (no condition data),PTrail,1026,,1.0,,0.0,0.0,0.0,,Asphalt,,,1,242.922,,,,,8,1,,trails,Dirt,1,2,2,0,0,0,0,0,0,0,0,0,0,0,0,0,0,0,0,0,0,0,0,0,0,0,0,0,0,0,0,0,0,0,0,0,0,0,0,0,0,0,0,0,0,0,0,0,0,0,0,0,0,0,0,0,0,0,0,0,0,0,0,0,0,0,0,0,0,0,0,0,0,0,0,0,0,0,0,0,0,0,0,0,1,1,1,0,0,0,0,0,0,0,0,0,0,0,,,,,,,,,,,,,,,,,,,,,,,,,,,,,,,,,,,0,,,,,242.922
2292,Unscored (no condition data),PTrail,1027,,1.0,,0.0,0.0,0.0,,Asphalt,,,1,28.182,,,,,9,1,,trails,Dirt,1,2,2,0,0,0,0,0,0,0,0,0,0,0,0,0,0,0,0,0,0,0,0,0,0,0,0,0,0,0,0,0,0,0,0,0,0,0,0,0,0,0,0,0,0,0,0,0,0,0,0,0,0,0,0,0,0,0,1,0,0,0,0,0,0,0,0,0,0,0,0,0,0,0,0,0,0,0,0,0,0,0,0,0,1,1,1,0,0,0,0,0,0,0,0,0,0,0,,,,,,,,,,,,,,,,,,,,,,,,,,,,,,,,,,,0,,,,,28.182
2293,Unscored (no condition data),PTrail,1028,,1.0,,0.0,0.0,0.0,,Asphalt,,,1,423.437,,,,,9,1,,trails,Dirt,1,2,2,0,0,0,0,0,0,0,0,0,0,0,0,0,0,0,0,0,0,0,0,0,0,0,0,0,0,0,0,0,0,0,0,0,0,0,0,0,0,0,0,0,0,0,0,0,0,0,0,0,0,0,0,0,0,0,1,0,0,0,0,0,0,0,0,0,0,0,0,0,0,0,0,0,0,0,0,0,0,0,0,0,1,1,1,0,0,0,0,0,0,0,0,0,0,0,,,,,,,,,,,,,,,,,,,,,,,,,,,,,,,,,,,0,,,,,423.437
2294,Unscored (no condition data),PTrail,1029,,1.0,,0.0,0.0,0.0,,Asphalt,,,1,528.379,,,,,9,1,,trails,Dirt,1,2,2,0,0,0,0,0,0,0,0,0,0,0,0,0,0,0,0,0,0,0,0,0,0,0,0,0,0,0,0,0,0,0,0,0,0,0,0,0,0,0,0,0,0,0,0,0,0,0,0,0,0,0,0,0,0,0,1,0,0,0,0,0,0,0,0,0,0,0,0,0,0,0,0,0,0,0,0,0,0,0,0,0,1,1,1,0,0,0,0,0,0,0,0,0,0,0,,,,,,,,,,,,,,,,,,,,,,,,,,,,,,,,,,,0,,,,,528.379
2295,Unscored (no condition data),PTrail,1030,,1.0,,0.0,0.0,0.0,,Asphalt,,,1,264.76,,,,,26,1,,trails,Dirt,1,2,2,0,0,0,0,0,0,0,0,0,1,2,2,0,0,0,1,2,2,0,0,0,0,5,0,0,0,0,0,0,0,0,0,0,0,0,0,0,0,0,0,0,0,0,0,0,0,0,0,0,0,0,0,0,0,0,0,0,0,0,0,0,0,0,0,0,0,0,0,0,0,0,0,0,0,0,0,0,0,0,0,0,1,1,1,0,0,0,0,0,0,0,0,0,0,3,,,,,,,,,,,,,,,,,,,,,,,,,,,,,,,,,,,0,,,,,264.76
2296,Unscored (no condition data),PTrail,1031,,1.0,,0.0,0.0,0.0,,Asphalt,,,1,246.778,,,,,18,1,,trails,Dirt,1,2,2,0,0,0,0,0,0,0,0,0,1,2,2,0,0,0,1,2,2,0,0,0,0,0,0,0,0,0,0,0,0,0,0,0,0,0,0,0,0,0,0,0,0,0,0,0,0,0,0,0,0,0,0,0,0,0,0,0,0,0,0,0,0,0,0,0,0,0,0,0,0,0,0,0,0,0,0,0,0,0,0,0,1,1,1,0,0,0,0,0,0,0,0,0,0,0,,,,,,,,,,,,,,,,,,,,,,,,,,,,,,,,,,,0,,,,,246.778
2297,Unscored (no condition data),PTrail,1032,,1.0,,0.0,0.0,0.0,,Asphalt,,,1,327.918,,,,,27,1,,trails,Dirt,1,2,2,0,0,0,0,0,0,0,0,0,1,2,2,0,0,0,1,2,2,0,0,0,0,5,0,0,0,0,0,0,0,0,0,0,0,0,0,0,0,0,0,0,0,0,0,0,0,0,0,0,0,0,0,0,0,0,1,0,0,0,0,0,0,0,0,0,0,0,0,0,0,0,0,0,0,0,0,0,0,0,0,0,1,1,1,0,0,0,0,0,0,0,0,0,0,3,,,,,,,,,,,,,,,,,,,,,,,,,,,,,,,,,,,0,,,,,327.918
2298,Unscored (no condition data),PTrail,1033,,1.0,,0.0,0.0,0.0,,Asphalt,,,1,9.509,,,,,27,1,,trails,Dirt,1,2,2,0,0,0,0,0,0,0,0,0,1,2,2,0,0,0,1,2,2,0,0,0,0,5,0,0,0,0,0,0,0,0,0,0,0,0,0,0,0,0,0,0,0,0,0,0,0,0,0,0,0,0,0,0,0,0,1,0,0,0,0,0,0,0,0,0,0,0,0,0,0,0,0,0,0,0,0,0,0,0,0,0,1,1,1,0,0,0,0,0,0,0,0,0,0,3,,,,,,,,,,,,,,,,,,,,,,,,,,,,,,,,,,,0,,,,,9.509
2299,Unscored (no condition data),PTrail,1036,,1.0,,0.0,0.0,0.0,,Asphalt,,,1,74.405,,,,,14,1,,trails,Dirt,1,2,2,0,0,0,0,0,0,0,0,0,1,0,0,0,0,0,0,0,0,0,0,0,0,0,0,0,0,0,0,0,0,0,0,0,0,0,0,0,0,0,0,0,0,0,0,0,0,0,1,2,2,0,0,0,0,0,0,0,0,0,0,0,0,0,0,0,0,0,0,0,0,0,0,0,0,0,0,0,0,0,0,0,1,1,1,0,0,0,0,0,0,0,0,0,0,0,,,,,,,,,,,,,,,,,,,,,,,,,,,,,,,,,,,0,,,,,74.405
2300,Unscored (no condition data),PTrail,1037,,1.0,,0.0,0.0,0.0,,Asphalt,,,1,81.018,,,,,14,1,,trails,Dirt,1,2,2,0,0,0,0,0,0,0,0,0,1,0,0,0,0,0,0,0,0,0,0,0,0,0,0,0,0,0,0,0,0,0,0,0,0,0,0,0,0,0,0,0,0,0,0,0,0,0,1,2,2,0,0,0,0,0,0,0,0,0,0,0,0,0,0,0,0,0,0,0,0,0,0,0,0,0,0,0,0,0,0,0,1,1,1,0,0,0,0,0,0,0,0,0,0,0,,,,,,,,,,,,,,,,,,,,,,,,,,,,,,,,,,,0,,,,,81.018
2301,Unscored (no condition data),PTrail,1040,,1.0,,0.0,0.0,0.0,,Asphalt,,,1,372.805,,,,,18,1,,trails,Dirt,1,2,2,0,0,0,0,0,0,0,0,0,0,0,0,0,0,0,0,0,0,0,0,0,0,5,0,0,0,0,0,0,0,0,0,0,0,0,0,0,0,0,0,0,0,0,0,0,0,0,0,0,0,0,0,0,0,0,0,0,0,0,0,0,0,0,0,0,0,0,0,0,0,0,0,0,0,0,0,0,0,0,0,0,1,1,1,0,0,0,0,0,0,0,0,0,5,0,,,,,,,,,,,,,,,,,,,,,,,,,,,,,,,,,,,0,,,,,372.805
2302,Unscored (no condition data),PTrail,1041,,1.0,,0.0,0.0,0.0,,Asphalt,,,1,119.048,,,,,19,1,,trails,Dirt,1,2,2,0,0,0,0,0,0,0,0,0,0,0,0,0,0,0,0,0,0,0,0,0,0,5,0,0,0,0,0,0,0,0,0,0,0,0,0,0,0,0,0,0,0,0,0,0,0,0,0,0,0,0,0,0,0,0,1,0,0,0,0,0,0,0,0,0,0,0,0,0,0,0,0,0,0,0,0,0,0,0,0,0,1,1,1,0,0,0,0,0,0,0,0,0,5,0,,,,,,,,,,,,,,,,,,,,,,,,,,,,,,,,,,,0,,,,,119.048
2303,Unscored (no condition data),PTrail,1042,,1.0,,0.0,0.0,0.0,,Asphalt,,,1,225.705,,,,,21,1,,trails,Dirt,1,2,2,0,0,0,0,0,0,0,0,0,0,0,0,0,0,0,0,0,0,0,0,0,0,5,0,0,0,0,0,0,0,0,0,0,0,0,0,0,0,0,0,0,0,0,0,0,0,0,0,0,0,0,0,0,0,0,1,2,0,0,0,0,0,0,0,0,0,0,0,0,0,0,0,0,0,0,0,0,0,0,0,0,1,1,1,0,0,0,0,0,0,0,0,0,5,0,,,,,,,,,,,,,,,,,,,,,,,,,,,,,,,,,,,0,,,,,225.705
2304,Unscored (no condition data),PTrail,1043,,1.0,,0.0,0.0,0.0,,Asphalt,,,1,57.692,,,,,19,1,,trails,Dirt,1,2,2,0,0,0,0,0,0,0,0,0,0,0,0,0,0,0,0,0,0,0,0,0,0,5,0,0,0,0,0,0,0,0,0,0,0,0,0,0,0,0,0,0,0,0,0,0,0,0,0,0,0,0,0,0,0,0,1,0,0,0,0,0,0,0,0,0,0,0,0,0,0,0,0,0,0,0,0,0,0,0,0,0,1,1,1,0,0,0,0,0,0,0,0,0,5,0,,,,,,,,,,,,,,,,,,,,,,,,,,,,,,,,,,,0,,,,,57.692
2305,Unscored (no condition data),PTrail,1044,,1.0,,0.0,0.0,0.0,,Asphalt,,,1,60.56,,,,,19,1,,trails,Dirt,1,2,2,0,0,0,0,0,0,0,0,0,0,0,0,0,0,0,0,0,0,0,0,0,0,5,0,0,0,0,0,0,0,0,0,0,0,0,0,0,0,0,0,0,0,0,0,0,0,0,0,0,0,0,0,0,0,0,1,0,0,0,0,0,0,0,0,0,0,0,0,0,0,0,0,0,0,0,0,0,0,0,0,0,1,1,1,0,0,0,0,0,0,0,0,0,5,0,,,,,,,,,,,,,,,,,,,,,,,,,,,,,,,,,,,0,,,,,60.56
2306,Unscored (no condition data),PTrail,1053,,1.0,,0.0,0.0,0.0,,Asphalt,,,1,108.13,,,,,19,1,,trails,Dirt,1,2,2,0,0,0,0,0,0,0,0,0,0,0,0,0,0,0,0,0,0,0,0,0,0,0,0,2,0,0,0,0,0,0,0,0,0,0,0,0,0,0,0,0,1,2,0,0,0,0,1,2,0,0,0,0,0,0,0,0,0,0,0,0,0,0,0,0,0,0,0,0,0,0,0,0,1,2,0,0,0,0,0,0,1,1,1,0,0,0,0,0,0,0,0,0,0,0,,,,,,,,,,,,,,,,,,,,,,,,,,,,,,,,,,,0,,,,,108.13
2307,Unscored (no condition data),PTrail,1054,,1.0,,0.0,0.0,0.0,,Asphalt,,,1,190.658,,,,,25,1,,trails,Dirt,1,2,2,0,0,0,0,0,0,0,0,0,0,0,0,0,0,0,0,0,0,0,0,0,0,0,0,2,0,0,0,0,0,0,0,0,0,0,0,0,0,0,0,5,0,0,0,0,0,0,1,2,2,0,0,0,0,1,0,0,0,0,0,0,0,0,0,0,0,0,0,0,0,0,0,0,0,0,0,0,0,0,0,0,1,0,1,0,0,0,0,0,0,0,0,0,5,0,,,,,,,,,,,,,,,,,,,,,,,,,,,,,,,,,,,0,,,,,190.658
2308,Unscored (no condition data),PTrail,1055,,1.0,,0.0,0.0,0.0,,Asphalt,,,1,293.411,,,,,18,1,,trails,Dirt,1,2,2,0,0,0,0,0,0,0,0,0,0,0,0,0,0,0,0,0,0,0,0,0,0,5,0,0,0,0,0,0,0,0,0,0,0,0,0,0,0,0,0,0,0,0,0,0,0,0,0,0,0,0,0,0,0,0,0,0,0,0,0,0,0,0,0,0,0,0,0,0,0,0,0,0,0,0,0,0,0,0,0,0,1,1,1,0,0,0,0,0,0,0,0,0,5,0,,,,,,,,,,,,,,,,,,,,,,,,,,,,,,,,,,,0,,,,,293.411
2309,Unscored (no condition data),PTrail,1060,,1.0,,0.0,0.0,0.0,,Asphalt,,,1,176.722,,,,,18,1,,trails,Dirt,1,2,2,0,0,0,0,0,0,0,0,0,0,0,0,0,0,0,0,0,0,0,0,0,0,5,0,0,0,0,0,0,0,0,0,0,0,0,0,0,0,0,0,0,0,0,0,0,0,0,0,0,0,0,0,0,0,0,0,0,0,0,0,0,0,0,0,0,0,0,0,0,0,0,0,0,0,0,0,0,0,0,0,0,1,1,1,0,0,0,0,0,0,0,0,0,5,0,,,,,,,,,,,,,,,,,,,,,,,,,,,,,,,,,,,0,,,,,176.722
2310,Unscored (no condition data),PTrail,1062,,1.0,,0.0,0.0,0.0,,Asphalt,,,1,26.156,,,,,18,1,,trails,Dirt,1,2,2,0,0,0,0,0,0,0,0,0,0,0,0,0,0,0,0,0,0,0,0,0,0,5,0,0,0,0,0,0,0,0,0,0,0,0,0,0,0,0,0,0,0,0,0,0,0,0,0,0,0,0,0,0,0,0,0,0,0,0,0,0,0,0,0,0,0,0,0,0,0,0,0,0,0,0,0,0,0,0,0,0,1,1,1,0,0,0,0,0,0,0,0,0,5,0,,,,,,,,,,,,,,,,,,,,,,,,,,,,,,,,,,,0,,,,,26.156
2311,Unscored (no condition data),PTrail,1063,,1.0,,0.0,0.0,0.0,,Asphalt,,,1,37.199,,,,,18,1,,trails,Other,1,2,2,0,0,0,0,0,0,0,0,0,0,0,0,0,0,0,0,0,0,0,0,0,0,5,0,0,0,0,0,0,0,0,0,0,0,0,0,0,0,0,0,0,0,0,0,0,0,0,0,0,0,0,0,0,0,0,0,0,0,0,0,0,0,0,0,0,0,0,0,0,0,0,0,0,0,0,0,0,0,0,0,0,1,1,1,0,0,0,0,0,0,0,0,0,5,0,,,,,,,,,,,,,,,,,,,,,,,,,,,,,,,,,,,0,,,,,37.199
2312,Unscored (no condition data),PTrail,1064,,1.0,,0.0,0.0,0.0,,Asphalt,,,1,13.5,,,,,18,1,,trails,Dirt,1,2,2,0,0,0,0,0,0,0,0,0,0,0,0,0,0,0,0,0,0,0,0,0,0,5,0,0,0,0,0,0,0,0,0,0,0,0,0,0,0,0,0,0,0,0,0,0,0,0,0,0,0,0,0,0,0,0,0,0,0,0,0,0,0,0,0,0,0,0,0,0,0,0,0,0,0,0,0,0,0,0,0,0,1,1,1,0,0,0,0,0,0,0,0,0,5,0,,,,,,,,,,,,,,,,,,,,,,,,,,,,,,,,,,,0,,,,,13.5
2313,Unscored (no condition data),PTrail,1065,,1.0,,0.0,0.0,0.0,,Asphalt,,,1,16.652,,,,,18,1,,trails,Other,1,2,2,0,0,0,0,0,0,0,0,0,0,0,0,0,0,0,0,0,0,0,0,0,0,5,0,0,0,0,0,0,0,0,0,0,0,0,0,0,0,0,0,0,0,0,0,0,0,0,0,0,0,0,0,0,0,0,0,0,0,0,0,0,0,0,0,0,0,0,0,0,0,0,0,0,0,0,0,0,0,0,0,0,1,1,1,0,0,0,0,0,0,0,0,0,5,0,,,,,,,,,,,,,,,,,,,,,,,,,,,,,,,,,,,0,,,,,16.652
2314,Unscored (no condition data),PTrail,1066,,1.0,,0.0,0.0,0.0,,Asphalt,,,1,38.01,,,,,21,1,,trails,Other,1,2,2,0,0,0,0,0,0,0,0,0,0,0,0,0,0,0,0,0,0,0,0,0,0,5,0,0,0,0,0,0,0,0,0,0,0,0,0,0,0,0,0,0,0,0,0,0,0,0,0,0,0,0,0,0,0,0,1,2,0,0,0,0,0,0,0,0,0,0,0,0,0,0,0,0,0,0,0,0,0,0,0,0,1,1,1,0,0,0,0,0,0,0,0,0,5,0,,,,,,,,,,,,,,,,,,,,,,,,,,,,,,,,,,,0,,,,,38.01
2315,Unscored (no condition data),PTrail,1067,,1.0,,0.0,0.0,0.0,,Asphalt,,,1,25.063,,,,,18,1,,trails,Dirt,1,2,2,0,0,0,0,0,0,0,0,0,0,0,0,0,0,0,0,0,0,0,0,0,0,5,0,0,0,0,0,0,0,0,0,0,0,0,0,0,0,0,0,0,0,0,0,0,0,0,0,0,0,0,0,0,0,0,0,0,0,0,0,0,0,0,0,0,0,0,0,0,0,0,0,0,0,0,0,0,0,0,0,0,1,1,1,0,0,0,0,0,0,0,0,0,5,0,,,,,,,,,,,,,,,,,,,,,,,,,,,,,,,,,,,0,,,,,25.063
2316,Unscored (no condition data),PTrail,1078,,1.0,,0.0,0.0,0.0,,Asphalt,,,1,32.201,,,,,18,1,,trails,Other,1,2,2,0,0,0,0,0,0,0,0,0,0,0,0,0,0,0,0,0,0,0,0,0,0,5,0,0,0,0,0,0,0,0,0,0,0,0,0,0,0,0,0,0,0,0,0,0,0,0,0,0,0,0,0,0,0,0,0,0,0,0,0,0,0,0,0,0,0,0,0,0,0,0,0,0,0,0,0,0,0,0,0,0,1,1,1,0,0,0,0,0,0,0,0,0,5,0,,,,,,,,,,,,,,,,,,,,,,,,,,,,,,,,,,,0,,,,,32.201
2317,Unscored (no condition data),PTrail,1084,,1.0,,0.0,0.0,0.0,,Asphalt,,,1,132.379,,,,,24,1,,trails,Dirt,0,0,0,0,0,0,0,0,0,0,0,0,1,2,2,0,0,0,1,2,2,0,0,0,0,5,0,0,0,0,0,0,0,0,0,0,0,0,0,0,0,0,0,0,0,0,0,0,0,0,1,0,0,0,0,0,0,0,0,0,0,0,0,0,0,0,0,0,0,0,0,0,0,0,0,0,0,0,0,0,0,0,0,0,1,1,1,0,0,0,0,0,0,0,0,0,5,0,,,,,,,,,,,,,,,,,,,,,,,,,,,,,,,,,,,0,,,,,132.379
2318,Unscored (no condition data),PTrail,1086,,1.0,,0.0,0.0,0.0,,Asphalt,,,1,553.53,,,,,18,1,,trails,Dirt,1,2,2,0,0,0,0,0,0,0,0,0,0,0,0,0,0,0,0,0,0,0,0,0,0,0,0,0,0,0,0,0,0,0,0,0,0,0,0,0,0,0,0,0,0,0,0,0,0,0,0,0,0,5,5,0,0,0,0,0,0,0,0,0,0,0,0,0,0,0,0,0,0,0,0,0,0,0,0,0,0,0,0,0,1,1,1,0,0,0,0,0,0,0,0,0,0,0,,,,,,,,,,,,,,,,,,,,,,,,,,,,,,,,,,,0,,,,,553.53
2319,Unscored (no condition data),PTrail,1087,,1.0,,0.0,0.0,0.0,,Asphalt,,,1,14.773,,,,,8,1,,trails,Dirt,1,2,2,0,0,0,0,0,0,0,0,0,0,0,0,0,0,0,0,0,0,0,0,0,0,0,0,0,0,0,0,0,0,0,0,0,0,0,0,0,0,0,0,0,0,0,0,0,0,0,0,0,0,0,0,0,0,0,0,0,0,0,0,0,0,0,0,0,0,0,0,0,0,0,0,0,0,0,0,0,0,0,0,0,1,1,1,0,0,0,0,0,0,0,0,0,0,0,,,,,,,,,,,,,,,,,,,,,,,,,,,,,,,,,,,0,,,,,14.773
2320,Unscored (no condition data),PTrail,1090,,1.0,,0.0,0.0,0.0,,Asphalt,,,1,77.665,,,,,11,1,,trails,Dirt,1,2,2,0,0,0,0,0,0,0,0,0,0,0,0,0,0,0,0,0,0,0,0,0,0,0,0,0,0,0,0,0,0,0,0,0,0,0,0,0,0,0,0,0,0,0,0,0,0,0,0,0,0,0,0,0,0,0,0,0,0,0,0,0,0,0,0,0,0,0,0,0,0,0,0,0,0,0,0,0,0,0,0,0,1,1,1,0,0,0,0,0,0,0,0,0,0,3,,,,,,,,,,,,,,,,,,,,,,,,,,,,,,,,,,,0,,,,,77.665
2321,Unscored (no condition data),PTrail,1091,,1.0,,0.0,0.0,0.0,,Asphalt,,,1,51.577,,,,,22,1,,trails,Dirt,1,2,2,1,0,0,1,0,0,0,0,0,0,0,0,0,0,0,0,0,0,0,0,0,0,5,0,0,0,0,0,0,0,0,0,0,0,0,0,0,0,0,0,0,0,0,0,0,0,0,1,0,0,0,0,0,0,0,0,0,0,0,0,0,1,0,0,0,0,0,0,0,0,0,0,0,0,0,0,0,0,0,0,0,1,1,1,0,0,0,0,0,0,0,0,0,5,0,,,,,,,,,,,,,,,,,,,,,,,,,,,,,,,,,,,0,,,,,51.577
2322,Unscored (no condition data),PTrail,1097,,1.0,,0.0,0.0,0.0,,Asphalt,,,1,2465.752,,,,,16,1,,trails,Dirt,1,2,2,0,0,0,0,0,0,0,0,0,0,0,0,0,0,0,0,0,0,0,0,0,0,5,0,0,0,0,0,0,0,0,0,0,0,0,0,0,0,0,0,0,0,0,0,0,0,0,0,0,0,0,0,0,3,0,0,0,0,0,0,0,0,0,0,0,0,0,0,0,0,0,0,0,0,0,0,0,0,0,0,0,1,1,1,0,0,0,0,0,0,0,0,0,0,0,,,,,,,,,,,,,,,,,,,,,,,,,,,,,,,,,,,0,,,,,2465.752
2323,Unscored (no condition data),PTrail,1104,,1.0,,0.0,0.0,0.0,,Asphalt,,,1,4.841,,,,,9,1,,trails,Dirt,1,2,2,0,0,0,0,0,0,0,0,0,0,0,0,0,0,0,0,0,0,0,0,0,0,0,0,0,0,0,0,0,0,0,0,0,0,0,0,0,0,0,0,0,0,0,0,0,0,0,1,0,0,0,0,0,0,0,0,0,0,0,0,0,0,0,0,0,0,0,0,0,0,0,0,0,0,0,0,0,0,0,0,0,1,1,1,0,0,0,0,0,0,0,0,0,0,0,,,,,,,,,,,,,,,,,,,,,,,,,,,,,,,,,,,0,,,,,4.841
2324,Unscored (no condition data),PTrail,1105,,1.0,,0.0,0.0,0.0,,Asphalt,,,1,313.107,,,,,15,1,,trails,Dirt,1,2,2,0,0,0,0,0,0,0,0,0,1,0,0,0,0,0,0,0,0,0,0,0,0,0,0,0,0,0,0,0,0,0,0,0,0,0,0,0,0,0,0,0,0,0,0,0,0,0,1,2,2,0,0,0,0,1,0,0,0,0,0,0,0,0,0,0,0,0,0,0,0,0,0,0,0,0,0,0,0,0,0,0,1,1,1,0,0,0,0,0,0,0,0,0,0,0,,,,,,,,,,,,,,,,,,,,,,,,,,,,,,,,,,,0,,,,,313.107
2325,Unscored (no condition data),PTrail,1106,,1.0,,0.0,0.0,0.0,,Asphalt,,,1,51.818,,,,,8,1,,trails,Dirt,1,2,2,0,0,0,0,0,0,0,0,0,0,0,0,0,0,0,0,0,0,0,0,0,0,0,0,0,0,0,0,0,0,0,0,0,0,0,0,0,0,0,0,0,0,0,0,0,0,0,0,0,0,0,0,0,0,0,0,0,0,0,0,0,0,0,0,0,0,0,0,0,0,0,0,0,0,0,0,0,0,0,0,0,1,1,1,0,0,0,0,0,0,0,0,0,0,0,,,,,,,,,,,,,,,,,,,,,,,,,,,,,,,,,,,0,,,,,51.818
2326,Unscored (no condition data),PTrail,1107,,1.0,,0.0,0.0,0.0,,Asphalt,,,1,154.373,,,,,8,1,,trails,Dirt,1,2,2,0,0,0,0,0,0,0,0,0,0,0,0,0,0,0,0,0,0,0,0,0,0,0,0,0,0,0,0,0,0,0,0,0,0,0,0,0,0,0,0,0,0,0,0,0,0,0,0,0,0,0,0,0,0,0,0,0,0,0,0,0,0,0,0,0,0,0,0,0,0,0,0,0,0,0,0,0,0,0,0,0,1,1,1,0,0,0,0,0,0,0,0,0,0,0,,,,,,,,,,,,,,,,,,,,,,,,,,,,,,,,,,,0,,,,,154.373
2327,Unscored (no condition data),PTrail,1108,,1.0,,0.0,0.0,0.0,,Asphalt,,,1,79.97,,,,,8,1,,trails,Dirt,1,2,2,0,0,0,0,0,0,0,0,0,0,0,0,0,0,0,0,0,0,0,0,0,0,0,0,0,0,0,0,0,0,0,0,0,0,0,0,0,0,0,0,0,0,0,0,0,0,0,0,0,0,0,0,0,0,0,0,0,0,0,0,0,0,0,0,0,0,0,0,0,0,0,0,0,0,0,0,0,0,0,0,0,1,1,1,0,0,0,0,0,0,0,0,0,0,0,,,,,,,,,,,,,,,,,,,,,,,,,,,,,,,,,,,0,,,,,79.97
2328,Unscored (no condition data),PTrail,1109,,1.0,,0.0,0.0,0.0,,Asphalt,,,1,1986.189,,,,,8,1,,trails,Dirt,1,2,2,0,0,0,0,0,0,0,0,0,0,0,0,0,0,0,0,0,0,0,0,0,0,0,0,0,0,0,0,0,0,0,0,0,0,0,0,0,0,0,0,0,0,0,0,0,0,0,0,0,0,0,0,0,0,0,0,0,0,0,0,0,0,0,0,0,0,0,0,0,0,0,0,0,0,0,0,0,0,0,0,0,1,1,1,0,0,0,0,0,0,0,0,0,0,0,,,,,,,,,,,,,,,,,,,,,,,,,,,,,,,,,,,0,,,,,1986.189
2329,Unscored (no condition data),PTrail,1110,,1.0,,0.0,0.0,0.0,,Asphalt,,,1,3243.852,,,,,26,1,,trails,Dirt,1,2,2,0,0,0,0,0,0,0,0,0,1,0,0,0,0,0,0,0,0,0,0,0,0,0,3,0,0,0,0,0,0,0,1,0,0,0,0,0,0,0,0,0,0,0,0,0,0,0,1,2,2,0,5,0,0,0,0,0,0,0,0,0,0,0,0,0,0,0,0,0,0,0,0,0,0,0,0,0,0,0,0,0,1,1,1,0,0,0,0,0,0,0,0,0,0,3,,,,,,,,,,,,,,,,,,,,,,,,,,,,,,,,,,,0,,,,,3243.852
2330,Unscored (no condition data),PTrail,1111,,1.0,,0.0,0.0,0.0,,Asphalt,,,1,514.253,,,,,8,1,,trails,Dirt,1,2,2,0,0,0,0,0,0,0,0,0,0,0,0,0,0,0,0,0,0,0,0,0,0,0,0,0,0,0,0,0,0,0,0,0,0,0,0,0,0,0,0,0,0,0,0,0,0,0,0,0,0,0,0,0,0,0,0,0,0,0,0,0,0,0,0,0,0,0,0,0,0,0,0,0,0,0,0,0,0,0,0,0,1,1,1,0,0,0,0,0,0,0,0,0,0,0,,,,,,,,,,,,,,,,,,,,,,,,,,,,,,,,,,,0,,,,,514.253
2331,Unscored (no condition data),PTrail,1112,,1.0,,0.0,0.0,0.0,,Asphalt,,,1,362.113,,,,,26,1,,trails,Dirt,1,2,2,0,0,0,0,0,0,0,0,0,1,2,2,0,0,0,1,2,2,0,0,0,0,5,0,0,0,0,0,0,0,0,0,0,0,0,0,0,0,0,0,0,0,0,0,0,0,0,0,0,0,0,0,0,0,0,0,0,0,0,0,0,0,0,0,0,0,0,0,0,0,0,0,0,0,0,0,0,0,0,0,0,1,1,1,0,0,0,0,0,0,0,0,0,0,3,,,,,,,,,,,,,,,,,,,,,,,,,,,,,,,,,,,0,,,,,362.113
2332,Unscored (no condition data),PTrail,1113,,1.0,,0.0,0.0,0.0,,Asphalt,,,1,125.303,,,,,26,1,,trails,Dirt,1,2,2,0,0,0,0,0,0,0,0,0,1,2,2,0,0,0,1,2,2,0,0,0,0,5,0,0,0,0,0,0,0,0,0,0,0,0,0,0,0,0,0,0,0,0,0,0,0,0,0,0,0,0,0,0,0,0,0,0,0,0,0,0,0,0,0,0,0,0,0,0,0,0,0,0,0,0,0,0,0,0,0,0,1,1,1,0,0,0,0,0,0,0,0,0,0,3,,,,,,,,,,,,,,,,,,,,,,,,,,,,,,,,,,,0,,,,,125.303
2333,Unscored (no condition data),PTrail,1114,,1.0,,0.0,0.0,0.0,,Asphalt,,,1,1008.773,,,,,26,1,,trails,Dirt,1,2,2,0,0,0,0,0,0,0,0,0,1,2,2,0,0,0,1,2,2,0,0,0,0,5,0,0,0,0,0,0,0,0,0,0,0,0,0,0,0,0,0,0,0,0,0,0,0,0,0,0,0,0,0,0,0,0,0,0,0,0,0,0,0,0,0,0,0,0,0,0,0,0,0,0,0,0,0,0,0,0,0,0,1,1,1,0,0,0,0,0,0,0,0,0,0,3,,,,,,,,,,,,,,,,,,,,,,,,,,,,,,,,,,,0,,,,,1008.773
2334,Unscored (no condition data),PTrail,1115,,1.0,,0.0,0.0,0.0,,Asphalt,,,1,804.575,,,,,8,1,,trails,Dirt,1,2,2,0,0,0,0,0,0,0,0,0,0,0,0,0,0,0,0,0,0,0,0,0,0,0,0,0,0,0,0,0,0,0,0,0,0,0,0,0,0,0,0,0,0,0,0,0,0,0,0,0,0,0,0,0,0,0,0,0,0,0,0,0,0,0,0,0,0,0,0,0,0,0,0,0,0,0,0,0,0,0,0,0,1,1,1,0,0,0,0,0,0,0,0,0,0,0,,,,,,,,,,,,,,,,,,,,,,,,,,,,,,,,,,,0,,,,,804.575
2335,Unscored (no condition data),PTrail,1116,,1.0,,0.0,0.0,0.0,,Asphalt,,,1,10840.449,,,,,8,1,,trails,Dirt,1,2,2,0,0,0,0,0,0,0,0,0,0,0,0,0,0,0,0,0,0,0,0,0,0,0,0,0,0,0,0,0,0,0,0,0,0,0,0,0,0,0,0,0,0,0,0,0,0,0,0,0,0,0,0,0,0,0,0,0,0,0,0,0,0,0,0,0,0,0,0,0,0,0,0,0,0,0,0,0,0,0,0,0,1,1,1,0,0,0,0,0,0,0,0,0,0,0,,,,,,,,,,,,,,,,,,,,,,,,,,,,,,,,,,,0,,,,,10840.449
2336,Unscored (no condition data),PTrail,1118,,1.0,,0.0,0.0,0.0,,Asphalt,,,1,1360.96,,,,,14,1,,trails,Dirt,1,2,2,0,0,0,0,0,0,0,0,0,1,2,0,0,0,0,1,2,0,0,0,0,0,0,0,0,0,0,0,0,0,0,0,0,0,0,0,0,0,0,0,0,0,0,0,0,0,0,0,0,0,0,0,0,0,0,0,0,0,0,0,0,0,0,0,0,0,0,0,0,0,0,0,0,0,0,0,0,0,0,0,0,1,1,1,0,0,0,0,0,0,0,0,0,0,0,,,,,,,,,,,,,,,,,,,,,,,,,,,,,,,,,,,0,,,,,1360.96
2337,Unscored (no condition data),PTrail,1119,,1.0,,0.0,0.0,0.0,,Asphalt,,,1,1050.393,,,,,9,1,,trails,Dirt,1,2,2,0,0,0,0,0,0,0,0,0,0,0,0,0,0,0,0,0,0,0,0,0,0,0,0,0,0,0,0,0,0,0,0,0,0,0,0,0,0,0,0,0,0,0,0,0,0,0,0,0,0,0,0,0,0,1,0,0,0,0,0,0,0,0,0,0,0,0,0,0,0,0,0,0,0,0,0,0,0,0,0,0,1,1,1,0,0,0,0,0,0,0,0,0,0,0,,,,,,,,,,,,,,,,,,,,,,,,,,,,,,,,,,,0,,,,,1050.393
2338,Unscored (no condition data),PTrail,1122,,1.0,,0.0,0.0,0.0,,Asphalt,,,1,226.303,,,,,8,1,,trails,Dirt,1,2,2,0,0,0,0,0,0,0,0,0,0,0,0,0,0,0,0,0,0,0,0,0,0,0,0,0,0,0,0,0,0,0,0,0,0,0,0,0,0,0,0,0,0,0,0,0,0,0,0,0,0,0,0,0,0,0,0,0,0,0,0,0,0,0,0,0,0,0,0,0,0,0,0,0,0,0,0,0,0,0,0,0,1,1,1,0,0,0,0,0,0,0,0,0,0,0,,,,,,,,,,,,,,,,,,,,,,,,,,,,,,,,,,,0,,,,,226.303
2339,Unscored (no condition data),PTrail,1123,,1.0,,0.0,0.0,0.0,,Asphalt,,,1,70.082,,,,,8,1,,trails,Dirt,1,2,2,0,0,0,0,0,0,0,0,0,0,0,0,0,0,0,0,0,0,0,0,0,0,0,0,0,0,0,0,0,0,0,0,0,0,0,0,0,0,0,0,0,0,0,0,0,0,0,0,0,0,0,0,0,0,0,0,0,0,0,0,0,0,0,0,0,0,0,0,0,0,0,0,0,0,0,0,0,0,0,0,0,1,1,1,0,0,0,0,0,0,0,0,0,0,0,,,,,,,,,,,,,,,,,,,,,,,,,,,,,,,,,,,0,,,,,70.082
2340,Unscored (no condition data),PTrail,1124,,1.0,,0.0,0.0,0.0,,Asphalt,,,1,399.618,,,,,26,1,,trails,Dirt,1,2,2,0,0,0,0,0,0,0,0,0,1,2,2,0,0,0,1,2,2,0,0,0,0,5,0,0,0,0,0,0,0,0,0,0,0,0,0,0,0,0,0,0,0,0,0,0,0,0,0,0,0,0,0,0,0,0,0,0,0,0,0,0,0,0,0,0,0,0,0,0,0,0,0,0,0,0,0,0,0,0,0,0,1,1,1,0,0,0,0,0,0,0,0,0,0,3,,,,,,,,,,,,,,,,,,,,,,,,,,,,,,,,,,,0,,,,,399.618
2341,Unscored (no condition data),PTrail,1125,,1.0,,0.0,0.0,0.0,,Asphalt,,,1,1169.042,,,,,26,1,,trails,Dirt,1,2,2,0,0,0,0,0,0,0,0,0,1,2,2,0,0,0,1,2,2,0,0,0,0,5,0,0,0,0,0,0,0,0,0,0,0,0,0,0,0,0,0,0,0,0,0,0,0,0,0,0,0,0,0,0,0,0,0,0,0,0,0,0,0,0,0,0,0,0,0,0,0,0,0,0,0,0,0,0,0,0,0,0,1,1,1,0,0,0,0,0,0,0,0,0,0,3,,,,,,,,,,,,,,,,,,,,,,,,,,,,,,,,,,,0,,,,,1169.042
2342,Unscored (no condition data),PTrail,1126,,1.0,,0.0,0.0,0.0,,Asphalt,,,1,438.2,,,,,8,1,,trails,Dirt,1,2,2,0,0,0,0,0,0,0,0,0,0,0,0,0,0,0,0,0,0,0,0,0,0,0,0,0,0,0,0,0,0,0,0,0,0,0,0,0,0,0,0,0,0,0,0,0,0,0,0,0,0,0,0,0,0,0,0,0,0,0,0,0,0,0,0,0,0,0,0,0,0,0,0,0,0,0,0,0,0,0,0,0,1,1,1,0,0,0,0,0,0,0,0,0,0,0,,,,,,,,,,,,,,,,,,,,,,,,,,,,,,,,,,,0,,,,,438.2
2343,Unscored (no condition data),PTrail,1127,,1.0,,0.0,0.0,0.0,,Asphalt,,,1,150.305,,,,,11,1,,trails,Dirt,1,2,2,0,0,0,0,0,0,0,0,0,0,0,0,0,0,0,0,0,0,0,0,0,0,0,0,0,0,0,0,0,0,0,0,0,0,0,0,0,0,0,0,0,0,0,0,0,0,0,1,2,0,0,0,0,0,0,0,0,0,0,0,0,0,0,0,0,0,0,0,0,0,0,0,0,0,0,0,0,0,0,0,0,1,1,1,0,0,0,0,0,0,0,0,0,0,0,,,,,,,,,,,,,,,,,,,,,,,,,,,,,,,,,,,0,,,,,150.305
2344,Unscored (no condition data),PTrail,1128,,1.0,,0.0,0.0,0.0,,Asphalt,,,1,350.508,,,,,25,1,,trails,Dirt,1,2,0,0,0,0,0,0,0,0,0,0,0,0,0,0,0,0,0,0,0,0,0,0,0,0,0,2,0,0,0,0,0,0,1,0,0,0,0,0,0,0,0,0,1,0,0,0,1,0,1,2,2,0,0,0,0,0,0,0,0,0,0,0,0,0,0,0,0,0,0,0,0,1,0,0,0,0,0,0,0,0,0,0,1,1,1,0,0,0,0,0,0,0,0,0,5,3,,,,,,,,,,,,,,,,,,,,,,,,,,,,,,,,,,,0,,,,,350.508
2345,Unscored (no condition data),PTrail,1129,,1.0,,0.0,0.0,0.0,,Asphalt,,,1,275.007,,,,,24,1,,trails,Dirt,0,0,0,0,0,0,0,0,0,0,0,0,1,2,2,0,0,0,1,2,2,0,0,0,0,5,0,0,0,0,0,0,0,0,0,0,0,0,0,0,0,0,0,0,0,0,0,0,0,0,1,0,0,0,0,0,0,0,0,0,0,0,0,0,0,0,0,0,0,0,0,0,0,0,0,0,0,0,0,0,0,0,0,0,1,1,1,0,0,0,0,0,0,0,0,0,5,0,,,,,,,,,,,,,,,,,,,,,,,,,,,,,,,,,,,0,,,,,275.007
2346,Unscored (no condition data),PTrail,1130,,1.0,,0.0,0.0,0.0,,Asphalt,,,1,481.672,,,,,27,1,,trails,Dirt,1,0,0,0,0,0,0,0,0,0,0,0,1,2,2,0,0,0,1,2,2,0,0,0,0,5,0,0,0,0,0,0,0,0,0,0,0,0,0,0,0,0,0,0,0,0,0,0,0,0,1,2,0,0,0,0,0,0,0,0,0,0,0,0,0,0,0,0,0,0,0,0,0,0,0,0,0,0,0,0,0,0,0,0,1,1,1,0,0,0,0,0,0,0,0,0,5,0,,,,,,,,,,,,,,,,,,,,,,,,,,,,,,,,,,,0,,,,,481.672
2347,Unscored (no condition data),PTrail,1132,,1.0,,0.0,0.0,0.0,,Asphalt,,,1,159.961,,,,,29,2,,trails,Dirt,1,0,0,0,0,0,0,0,0,0,0,0,1,2,2,0,0,0,1,2,2,0,0,0,0,5,0,0,0,0,0,0,0,0,0,0,0,0,0,0,0,0,0,0,0,0,0,0,0,0,1,2,2,0,0,0,0,0,0,0,0,0,0,0,0,0,0,0,0,0,0,0,0,0,0,0,0,0,0,0,0,0,0,0,1,1,1,0,0,0,0,0,0,0,0,0,5,0,,,,,,,,,,,,,,,,,,,,,,,,,,,,,,,,,,,0,,,,,159.961
2348,Unscored (no condition data),PTrail,1135,,1.0,,0.0,0.0,0.0,,Asphalt,,,1,1209.762,,,,,13,1,,trails,Dirt,1,2,2,0,0,0,0,0,0,0,0,0,1,2,2,0,0,0,0,0,0,0,0,0,0,0,0,0,0,0,0,0,0,0,0,0,0,0,0,0,0,0,0,0,0,0,0,0,0,0,0,0,0,0,0,0,0,0,0,0,0,0,0,0,0,0,0,0,0,0,0,0,0,0,0,0,0,0,0,0,0,0,0,0,1,1,1,0,0,0,0,0,0,0,0,0,0,0,,,,,,,,,,,,,,,,,,,,,,,,,,,,,,,,,,,0,,,,,1209.762
2349,Unscored (no condition data),PTrail,1136,,1.0,,0.0,0.0,0.0,,Asphalt,,,1,51.514,,,,,13,1,,trails,Dirt,1,2,2,0,0,0,0,0,0,0,0,0,1,2,2,0,0,0,0,0,0,0,0,0,0,0,0,0,0,0,0,0,0,0,0,0,0,0,0,0,0,0,0,0,0,0,0,0,0,0,0,0,0,0,0,0,0,0,0,0,0,0,0,0,0,0,0,0,0,0,0,0,0,0,0,0,0,0,0,0,0,0,0,0,1,1,1,0,0,0,0,0,0,0,0,0,0,0,,,,,,,,,,,,,,,,,,,,,,,,,,,,,,,,,,,0,,,,,51.514
2350,Unscored (no condition data),PTrail,1137,,1.0,,0.0,0.0,0.0,,Asphalt,,,1,528.165,,,,,8,1,,trails,Dirt,0,0,0,0,0,0,0,0,0,0,0,0,1,2,2,0,0,0,0,0,0,0,0,0,0,0,0,0,0,0,0,0,0,0,0,0,0,0,0,0,0,0,0,0,0,0,0,0,0,0,0,0,0,0,0,0,0,0,0,0,0,0,0,0,0,0,0,0,0,0,0,0,0,0,0,0,0,0,0,0,0,0,0,0,1,1,1,0,0,0,0,0,0,0,0,0,0,0,,,,,,,,,,,,,,,,,,,,,,,,,,,,,,,,,,,0,,,,,528.165
2351,Unscored (no condition data),PTrail,1138,,1.0,,0.0,0.0,0.0,,Asphalt,,,1,587.779,,,,,16,1,,trails,Dirt,1,2,2,0,0,0,0,0,0,0,0,0,1,2,2,0,0,0,0,0,0,0,0,0,0,0,0,0,0,0,0,0,0,0,0,0,0,0,0,0,0,0,0,0,0,0,0,0,0,0,0,0,0,0,0,0,0,0,1,2,0,0,0,0,0,0,0,0,0,0,0,0,0,0,0,0,0,0,0,0,0,0,0,0,1,1,1,0,0,0,0,0,0,0,0,0,0,0,,,,,,,,,,,,,,,,,,,,,,,,,,,,,,,,,,,0,,,,,587.779
2352,Unscored (no condition data),PTrail,1139,,1.0,,0.0,0.0,0.0,,Asphalt,,,1,441.666,,,,,16,1,,trails,Dirt,1,2,2,0,0,0,0,0,0,0,0,0,1,2,2,0,0,0,0,0,0,0,0,0,0,0,0,0,0,0,0,0,0,0,0,0,0,0,0,0,0,0,0,0,0,0,0,0,0,0,0,0,0,0,0,0,0,0,1,2,0,0,0,0,0,0,0,0,0,0,0,0,0,0,0,0,0,0,0,0,0,0,0,0,1,1,1,0,0,0,0,0,0,0,0,0,0,0,,,,,,,,,,,,,,,,,,,,,,,,,,,,,,,,,,,0,,,,,441.666
2353,Unscored (no condition data),PTrail,1140,,1.0,,0.0,0.0,0.0,,Asphalt,,,1,81.217,,,,,9,1,,trails,Dirt,1,0,0,0,0,0,0,0,0,0,0,0,1,2,2,0,0,0,0,0,0,0,0,0,0,0,0,0,0,0,0,0,0,0,0,0,0,0,0,0,0,0,0,0,0,0,0,0,0,0,0,0,0,0,0,0,0,0,0,0,0,0,0,0,0,0,0,0,0,0,0,0,0,0,0,0,0,0,0,0,0,0,0,0,1,1,1,0,0,0,0,0,0,0,0,0,0,0,,,,,,,,,,,,,,,,,,,,,,,,,,,,,,,,,,,0,,,,,81.217
2354,Unscored (no condition data),PTrail,1141,,1.0,,0.0,0.0,0.0,,Asphalt,,,1,387.778,,,,,8,1,,trails,Dirt,0,0,0,0,0,0,0,0,0,0,0,0,1,2,2,0,0,0,0,0,0,0,0,0,0,0,0,0,0,0,0,0,0,0,0,0,0,0,0,0,0,0,0,0,0,0,0,0,0,0,0,0,0,0,0,0,0,0,0,0,0,0,0,0,0,0,0,0,0,0,0,0,0,0,0,0,0,0,0,0,0,0,0,0,1,1,1,0,0,0,0,0,0,0,0,0,0,0,,,,,,,,,,,,,,,,,,,,,,,,,,,,,,,,,,,0,,,,,387.778
2355,Unscored (no condition data),PTrail,1142,,1.0,,0.0,0.0,0.0,,Asphalt,,,1,366.504,,,,,9,1,,trails,Dirt,1,0,0,0,0,0,0,0,0,0,0,0,1,2,2,0,0,0,0,0,0,0,0,0,0,0,0,0,0,0,0,0,0,0,0,0,0,0,0,0,0,0,0,0,0,0,0,0,0,0,0,0,0,0,0,0,0,0,0,0,0,0,0,0,0,0,0,0,0,0,0,0,0,0,0,0,0,0,0,0,0,0,0,0,1,1,1,0,0,0,0,0,0,0,0,0,0,0,,,,,,,,,,,,,,,,,,,,,,,,,,,,,,,,,,,0,,,,,366.504
2356,Unscored (no condition data),PTrail,1143,,1.0,,0.0,0.0,0.0,,Asphalt,,,1,982.382,,,,,13,1,,trails,Dirt,1,2,2,0,0,0,0,0,0,0,0,0,1,2,2,0,0,0,0,0,0,0,0,0,0,0,0,0,0,0,0,0,0,0,0,0,0,0,0,0,0,0,0,0,0,0,0,0,0,0,0,0,0,0,0,0,0,0,0,0,0,0,0,0,0,0,0,0,0,0,0,0,0,0,0,0,0,0,0,0,0,0,0,0,1,1,1,0,0,0,0,0,0,0,0,0,0,0,,,,,,,,,,,,,,,,,,,,,,,,,,,,,,,,,,,0,,,,,982.382
2357,Unscored (no condition data),PTrail,1144,,1.0,,0.0,0.0,0.0,,Asphalt,,,1,203.658,,,,,13,1,,trails,Dirt,1,2,2,0,0,0,0,0,0,0,0,0,1,2,2,0,0,0,0,0,0,0,0,0,0,0,0,0,0,0,0,0,0,0,0,0,0,0,0,0,0,0,0,0,0,0,0,0,0,0,0,0,0,0,0,0,0,0,0,0,0,0,0,0,0,0,0,0,0,0,0,0,0,0,0,0,0,0,0,0,0,0,0,0,1,1,1,0,0,0,0,0,0,0,0,0,0,0,,,,,,,,,,,,,,,,,,,,,,,,,,,,,,,,,,,0,,,,,203.658
2358,Unscored (no condition data),PTrail,1145,,1.0,,0.0,0.0,0.0,,Asphalt,,,1,1918.587,,,,,11,1,,trails,Dirt,1,2,0,0,0,0,0,0,0,0,0,0,1,2,2,0,0,0,0,0,0,0,0,0,0,0,0,0,0,0,0,0,0,0,0,0,0,0,0,0,0,0,0,0,0,0,0,0,0,0,0,0,0,0,0,0,0,0,0,0,0,0,0,0,0,0,0,0,0,0,0,0,0,0,0,0,0,0,0,0,0,0,0,0,1,1,1,0,0,0,0,0,0,0,0,0,0,0,,,,,,,,,,,,,,,,,,,,,,,,,,,,,,,,,,,0,,,,,1918.587
2359,Unscored (no condition data),PTrail,1146,,1.0,,0.0,0.0,0.0,,Asphalt,,,1,1019.546,,,,,13,1,,trails,Dirt,1,2,2,0,0,0,0,0,0,0,0,0,1,2,2,0,0,0,0,0,0,0,0,0,0,0,0,0,0,0,0,0,0,0,0,0,0,0,0,0,0,0,0,0,0,0,0,0,0,0,0,0,0,0,0,0,0,0,0,0,0,0,0,0,0,0,0,0,0,0,0,0,0,0,0,0,0,0,0,0,0,0,0,0,1,1,1,0,0,0,0,0,0,0,0,0,0,0,,,,,,,,,,,,,,,,,,,,,,,,,,,,,,,,,,,0,,,,,1019.546
2360,Unscored (no condition data),PTrail,1147,,1.0,,0.0,0.0,0.0,,Asphalt,,,1,2707.994,,,,,16,1,,trails,Dirt,1,2,2,0,0,0,0,0,0,0,0,0,1,2,2,0,0,0,0,0,0,0,0,0,0,0,0,0,0,0,0,0,0,0,0,0,0,0,0,0,0,0,0,0,0,0,0,0,0,0,0,0,0,0,0,0,0,0,1,2,0,0,0,0,0,0,0,0,0,0,0,0,0,0,0,0,0,0,0,0,0,0,0,0,1,1,1,0,0,0,0,0,0,0,0,0,0,0,,,,,,,,,,,,,,,,,,,,,,,,,,,,,,,,,,,0,,,,,2707.994
2361,Unscored (no condition data),PTrail,1149,,1.0,,0.0,0.0,0.0,,Asphalt,,,1,1367.96,,,,,16,1,,trails,Dirt,1,2,2,0,0,0,0,0,0,0,0,0,1,2,2,0,0,0,0,0,0,0,0,0,0,0,0,0,0,0,0,0,0,0,0,0,0,0,0,0,0,0,0,0,0,0,0,0,0,0,0,0,0,0,0,0,0,0,1,2,0,0,0,0,0,0,0,0,0,0,0,0,0,0,0,0,0,0,0,0,0,0,0,0,1,1,1,0,0,0,0,0,0,0,0,0,0,0,,,,,,,,,,,,,,,,,,,,,,,,,,,,,,,,,,,0,,,,,1367.96
2362,Unscored (no condition data),PTrail,1150,,1.0,,0.0,0.0,0.0,,Asphalt,,,1,933.55,,,,,8,1,,trails,Dirt,0,0,0,0,0,0,0,0,0,0,0,0,1,2,2,0,0,0,0,0,0,0,0,0,0,0,0,0,0,0,0,0,0,0,0,0,0,0,0,0,0,0,0,0,0,0,0,0,0,0,0,0,0,0,0,0,0,0,0,0,0,0,0,0,0,0,0,0,0,0,0,0,0,0,0,0,0,0,0,0,0,0,0,0,1,1,1,0,0,0,0,0,0,0,0,0,0,0,,,,,,,,,,,,,,,,,,,,,,,,,,,,,,,,,,,0,,,,,933.55
2363,Unscored (no condition data),PTrail,1151,,1.0,,0.0,0.0,0.0,,Asphalt,,,1,325.592,,,,,8,1,,trails,Dirt,0,0,0,0,0,0,0,0,0,0,0,0,1,2,2,0,0,0,0,0,0,0,0,0,0,0,0,0,0,0,0,0,0,0,0,0,0,0,0,0,0,0,0,0,0,0,0,0,0,0,0,0,0,0,0,0,0,0,0,0,0,0,0,0,0,0,0,0,0,0,0,0,0,0,0,0,0,0,0,0,0,0,0,0,1,1,1,0,0,0,0,0,0,0,0,0,0,0,,,,,,,,,,,,,,,,,,,,,,,,,,,,,,,,,,,0,,,,,325.592
2364,Unscored (no condition data),PTrail,1152,,1.0,,0.0,0.0,0.0,,Asphalt,,,1,179.321,,,,,8,1,,trails,Dirt,0,0,0,0,0,0,0,0,0,0,0,0,1,2,2,0,0,0,0,0,0,0,0,0,0,0,0,0,0,0,0,0,0,0,0,0,0,0,0,0,0,0,0,0,0,0,0,0,0,0,0,0,0,0,0,0,0,0,0,0,0,0,0,0,0,0,0,0,0,0,0,0,0,0,0,0,0,0,0,0,0,0,0,0,1,1,1,0,0,0,0,0,0,0,0,0,0,0,,,,,,,,,,,,,,,,,,,,,,,,,,,,,,,,,,,0,,,,,179.321
2365,Unscored (no condition data),PTrail,1153,,1.0,,0.0,0.0,0.0,,Asphalt,,,1,136.246,,,,,16,1,,trails,Dirt,1,2,2,0,0,0,0,0,0,0,0,0,1,2,2,0,0,0,0,0,0,0,0,0,0,0,0,0,0,0,0,0,0,0,0,0,0,0,0,0,0,0,0,0,0,0,0,0,0,0,0,0,0,0,0,0,0,0,1,2,0,0,0,0,0,0,0,0,0,0,0,0,0,0,0,0,0,0,0,0,0,0,0,0,1,1,1,0,0,0,0,0,0,0,0,0,0,0,,,,,,,,,,,,,,,,,,,,,,,,,,,,,,,,,,,0,,,,,136.246
2366,Unscored (no condition data),PTrail,1154,,1.0,,0.0,0.0,0.0,,Asphalt,,,1,1361.95,,,,,18,1,,trails,Dirt,1,2,2,0,0,0,0,0,0,0,0,0,1,2,2,0,0,0,0,0,0,0,0,0,0,0,0,0,0,0,0,0,0,0,0,0,0,0,0,0,0,0,0,0,0,0,0,0,0,0,0,0,0,0,0,0,0,0,1,2,2,0,0,0,0,0,0,0,0,0,0,0,0,0,0,0,0,0,0,0,0,0,0,0,1,1,1,0,0,0,0,0,0,0,0,0,0,0,,,,,,,,,,,,,,,,,,,,,,,,,,,,,,,,,,,0,,,,,1361.95
2367,Unscored (no condition data),PTrail,1155,,1.0,,0.0,0.0,0.0,,Asphalt,,,1,546.347,,,,,14,1,,trails,Dirt,1,2,2,0,0,0,0,0,0,0,0,0,1,2,2,0,0,0,0,0,0,0,0,0,0,0,0,0,0,0,0,0,0,0,0,0,0,0,0,0,0,0,0,0,0,0,0,0,0,0,0,0,0,0,0,0,0,0,1,0,0,0,0,0,0,0,0,0,0,0,0,0,0,0,0,0,0,0,0,0,0,0,0,0,1,1,1,0,0,0,0,0,0,0,0,0,0,0,,,,,,,,,,,,,,,,,,,,,,,,,,,,,,,,,,,0,,,,,546.347
2368,Unscored (no condition data),PTrail,1156,,1.0,,0.0,0.0,0.0,,Asphalt,,,1,1443.023,,,,,16,1,,trails,Dirt,1,2,2,0,0,0,0,0,0,0,0,0,1,2,2,0,0,0,0,0,0,0,0,0,0,0,0,0,0,0,0,0,0,0,0,0,0,0,0,0,0,0,0,0,0,0,0,0,0,0,0,0,0,0,0,0,0,0,1,2,0,0,0,0,0,0,0,0,0,0,0,0,0,0,0,0,0,0,0,0,0,0,0,0,1,1,1,0,0,0,0,0,0,0,0,0,0,0,,,,,,,,,,,,,,,,,,,,,,,,,,,,,,,,,,,0,,,,,1443.023
2369,Unscored (no condition data),PTrail,1157,,1.0,,0.0,0.0,0.0,,Asphalt,,,1,59.32,,,,,16,1,,trails,Dirt,1,2,2,0,0,0,0,0,0,0,0,0,1,2,2,0,0,0,0,0,0,0,0,0,0,0,0,0,0,0,0,0,0,0,0,0,0,0,0,0,0,0,0,0,0,0,0,0,0,0,0,0,0,0,0,0,0,0,1,2,0,0,0,0,0,0,0,0,0,0,0,0,0,0,0,0,0,0,0,0,0,0,0,0,1,1,1,0,0,0,0,0,0,0,0,0,0,0,,,,,,,,,,,,,,,,,,,,,,,,,,,,,,,,,,,0,,,,,59.32
2370,Unscored (no condition data),PTrail,1158,,1.0,,0.0,0.0,0.0,,Asphalt,,,1,136.134,,,,,13,1,,trails,Dirt,1,2,2,0,0,0,0,0,0,0,0,0,1,2,2,0,0,0,0,0,0,0,0,0,0,0,0,0,0,0,0,0,0,0,0,0,0,0,0,0,0,0,0,0,0,0,0,0,0,0,0,0,0,0,0,0,0,0,0,0,0,0,0,0,0,0,0,0,0,0,0,0,0,0,0,0,0,0,0,0,0,0,0,0,1,1,1,0,0,0,0,0,0,0,0,0,0,0,,,,,,,,,,,,,,,,,,,,,,,,,,,,,,,,,,,0,,,,,136.134
2371,Unscored (no condition data),PTrail,1159,,1.0,,0.0,0.0,0.0,,Asphalt,,,1,1822.452,,,,,14,1,,trails,Dirt,1,2,2,0,0,0,0,0,0,0,0,0,1,2,2,0,0,0,0,0,0,0,0,0,0,0,0,0,0,0,0,0,0,0,0,0,0,0,0,0,0,0,0,0,0,0,0,0,0,0,0,0,0,0,0,0,0,0,1,0,0,0,0,0,0,0,0,0,0,0,0,0,0,0,0,0,0,0,0,0,0,0,0,0,1,1,1,0,0,0,0,0,0,0,0,0,0,0,,,,,,,,,,,,,,,,,,,,,,,,,,,,,,,,,,,0,,,,,1822.452
2372,Unscored (no condition data),PTrail,1160,,1.0,,0.0,0.0,0.0,,Asphalt,,,1,24.787,,,,,14,1,,trails,Dirt,1,2,2,0,0,0,0,0,0,0,0,0,1,2,2,0,0,0,0,0,0,0,0,0,0,0,0,0,0,0,0,0,0,0,0,0,0,0,0,0,0,0,0,0,0,0,0,0,0,0,0,0,0,0,0,0,0,0,1,0,0,0,0,0,0,0,0,0,0,0,0,0,0,0,0,0,0,0,0,0,0,0,0,0,1,1,1,0,0,0,0,0,0,0,0,0,0,0,,,,,,,,,,,,,,,,,,,,,,,,,,,,,,,,,,,0,,,,,24.787
2373,Unscored (no condition data),PTrail,1161,,1.0,,0.0,0.0,0.0,,Asphalt,,,1,1553.71,,,,,13,1,,trails,Dirt,1,2,2,0,0,0,0,0,0,0,0,0,1,2,2,0,0,0,0,0,0,0,0,0,0,0,0,0,0,0,0,0,0,0,0,0,0,0,0,0,0,0,0,0,0,0,0,0,0,0,0,0,0,0,0,0,0,0,0,0,0,0,0,0,0,0,0,0,0,0,0,0,0,0,0,0,0,0,0,0,0,0,0,0,1,1,1,0,0,0,0,0,0,0,0,0,0,0,,,,,,,,,,,,,,,,,,,,,,,,,,,,,,,,,,,0,,,,,1553.71
2374,Unscored (no condition data),PTrail,1162,,1.0,,0.0,0.0,0.0,,Asphalt,,,1,519.985,,,,,11,1,,trails,Dirt,1,2,0,0,0,0,0,0,0,0,0,0,1,2,2,0,0,0,0,0,0,0,0,0,0,0,0,0,0,0,0,0,0,0,0,0,0,0,0,0,0,0,0,0,0,0,0,0,0,0,0,0,0,0,0,0,0,0,0,0,0,0,0,0,0,0,0,0,0,0,0,0,0,0,0,0,0,0,0,0,0,0,0,0,1,1,1,0,0,0,0,0,0,0,0,0,0,0,,,,,,,,,,,,,,,,,,,,,,,,,,,,,,,,,,,0,,,,,519.985
2375,Unscored (no condition data),PTrail,1163,,1.0,,0.0,0.0,0.0,,Asphalt,,,1,892.638,,,,,13,1,,trails,Dirt,1,2,2,0,0,0,0,0,0,0,0,0,1,2,2,0,0,0,0,0,0,0,0,0,0,0,0,0,0,0,0,0,0,0,0,0,0,0,0,0,0,0,0,0,0,0,0,0,0,0,0,0,0,0,0,0,0,0,0,0,0,0,0,0,0,0,0,0,0,0,0,0,0,0,0,0,0,0,0,0,0,0,0,0,1,1,1,0,0,0,0,0,0,0,0,0,0,0,,,,,,,,,,,,,,,,,,,,,,,,,,,,,,,,,,,0,,,,,892.638
2376,Unscored (no condition data),PTrail,1164,,1.0,,0.0,0.0,0.0,,Asphalt,,,1,922.706,,,,,13,1,,trails,Dirt,1,2,2,0,0,0,0,0,0,0,0,0,1,2,2,0,0,0,0,0,0,0,0,0,0,0,0,0,0,0,0,0,0,0,0,0,0,0,0,0,0,0,0,0,0,0,0,0,0,0,0,0,0,0,0,0,0,0,0,0,0,0,0,0,0,0,0,0,0,0,0,0,0,0,0,0,0,0,0,0,0,0,0,0,1,1,1,0,0,0,0,0,0,0,0,0,0,0,,,,,,,,,,,,,,,,,,,,,,,,,,,,,,,,,,,0,,,,,922.706
2377,Unscored (no condition data),PTrail,1165,,1.0,,0.0,0.0,0.0,,Asphalt,,,1,1866.964,,,,,8,1,,trails,Dirt,0,0,0,0,0,0,0,0,0,0,0,0,1,2,2,0,0,0,0,0,0,0,0,0,0,0,0,0,0,0,0,0,0,0,0,0,0,0,0,0,0,0,0,0,0,0,0,0,0,0,0,0,0,0,0,0,0,0,0,0,0,0,0,0,0,0,0,0,0,0,0,0,0,0,0,0,0,0,0,0,0,0,0,0,1,1,1,0,0,0,0,0,0,0,0,0,0,0,,,,,,,,,,,,,,,,,,,,,,,,,,,,,,,,,,,0,,,,,1866.964
2378,Unscored (no condition data),PTrail,1166,,1.0,,0.0,0.0,0.0,,Asphalt,,,1,1194.164,,,,,13,1,,trails,Dirt,1,2,2,0,0,0,0,0,0,0,0,0,1,2,2,0,0,0,0,0,0,0,0,0,0,0,0,0,0,0,0,0,0,0,0,0,0,0,0,0,0,0,0,0,0,0,0,0,0,0,0,0,0,0,0,0,0,0,0,0,0,0,0,0,0,0,0,0,0,0,0,0,0,0,0,0,0,0,0,0,0,0,0,0,1,1,1,0,0,0,0,0,0,0,0,0,0,0,,,,,,,,,,,,,,,,,,,,,,,,,,,,,,,,,,,0,,,,,1194.164
2379,Unscored (no condition data),PTrail,1167,,1.0,,0.0,0.0,0.0,,Asphalt,,,1,138.365,,,,,18,1,,trails,Dirt,1,2,2,0,0,0,0,0,0,0,0,0,1,2,2,0,0,0,0,0,0,0,0,0,0,0,0,0,0,0,0,0,0,0,0,0,0,0,0,0,0,0,0,0,0,0,0,0,0,0,0,0,0,0,0,0,0,0,1,2,2,0,0,0,0,0,0,0,0,0,0,0,0,0,0,0,0,0,0,0,0,0,0,0,1,1,1,0,0,0,0,0,0,0,0,0,0,0,,,,,,,,,,,,,,,,,,,,,,,,,,,,,,,,,,,0,,,,,138.365
2380,Unscored (no condition data),PTrail,1168,,1.0,,0.0,0.0,0.0,,Asphalt,,,1,592.612,,,,,16,1,,trails,Dirt,1,2,2,0,0,0,0,0,0,0,0,0,1,2,2,0,0,0,0,0,0,0,0,0,0,0,0,0,0,0,0,0,0,0,0,0,0,0,0,0,0,0,0,0,0,0,0,0,0,0,0,0,0,0,0,0,0,0,1,2,0,0,0,0,0,0,0,0,0,0,0,0,0,0,0,0,0,0,0,0,0,0,0,0,1,1,1,0,0,0,0,0,0,0,0,0,0,0,,,,,,,,,,,,,,,,,,,,,,,,,,,,,,,,,,,0,,,,,592.612
2381,Unscored (no condition data),PTrail,1169,,1.0,,0.0,0.0,0.0,,Asphalt,,,1,3276.519,,,,,13,1,,trails,Dirt,1,2,2,0,0,0,0,0,0,0,0,0,1,2,2,0,0,0,0,0,0,0,0,0,0,0,0,0,0,0,0,0,0,0,0,0,0,0,0,0,0,0,0,0,0,0,0,0,0,0,0,0,0,0,0,0,0,0,0,0,0,0,0,0,0,0,0,0,0,0,0,0,0,0,0,0,0,0,0,0,0,0,0,0,1,1,1,0,0,0,0,0,0,0,0,0,0,0,,,,,,,,,,,,,,,,,,,,,,,,,,,,,,,,,,,0,,,,,3276.519
2382,Unscored (no condition data),PTrail,1170,,1.0,,0.0,0.0,0.0,,Asphalt,,,1,498.246,,,,,13,1,,trails,Dirt,1,2,2,0,0,0,0,0,0,0,0,0,1,2,2,0,0,0,0,0,0,0,0,0,0,0,0,0,0,0,0,0,0,0,0,0,0,0,0,0,0,0,0,0,0,0,0,0,0,0,0,0,0,0,0,0,0,0,0,0,0,0,0,0,0,0,0,0,0,0,0,0,0,0,0,0,0,0,0,0,0,0,0,0,1,1,1,0,0,0,0,0,0,0,0,0,0,0,,,,,,,,,,,,,,,,,,,,,,,,,,,,,,,,,,,0,,,,,498.246
2383,Unscored (no condition data),PTrail,1171,,1.0,,0.0,0.0,0.0,,Asphalt,,,1,3333.069,,,,,16,1,,trails,Dirt,1,2,2,0,0,0,0,0,0,0,0,0,1,2,2,0,0,0,0,0,0,0,0,0,0,0,0,0,0,0,0,0,0,0,0,0,0,0,0,0,0,0,0,0,0,0,0,0,0,0,0,0,0,0,0,0,0,0,1,2,0,0,0,0,0,0,0,0,0,0,0,0,0,0,0,0,0,0,0,0,0,0,0,0,1,1,1,0,0,0,0,0,0,0,0,0,0,0,,,,,,,,,,,,,,,,,,,,,,,,,,,,,,,,,,,0,,,,,3333.069
2384,Unscored (no condition data),PTrail,1173,,1.0,,0.0,0.0,0.0,,Asphalt,,,1,460.869,,,,,13,1,,trails,Dirt,1,2,2,0,0,0,0,0,0,0,0,0,1,2,2,0,0,0,0,0,0,0,0,0,0,0,0,0,0,0,0,0,0,0,0,0,0,0,0,0,0,0,0,0,0,0,0,0,0,0,0,0,0,0,0,0,0,0,0,0,0,0,0,0,0,0,0,0,0,0,0,0,0,0,0,0,0,0,0,0,0,0,0,0,1,1,1,0,0,0,0,0,0,0,0,0,0,0,,,,,,,,,,,,,,,,,,,,,,,,,,,,,,,,,,,0,,,,,460.869
2385,Unscored (no condition data),PTrail,1174,,1.0,,0.0,0.0,0.0,,Asphalt,,,1,953.51,,,,,13,1,,trails,Dirt,1,2,2,0,0,0,0,0,0,0,0,0,1,2,2,0,0,0,0,0,0,0,0,0,0,0,0,0,0,0,0,0,0,0,0,0,0,0,0,0,0,0,0,0,0,0,0,0,0,0,0,0,0,0,0,0,0,0,0,0,0,0,0,0,0,0,0,0,0,0,0,0,0,0,0,0,0,0,0,0,0,0,0,0,1,1,1,0,0,0,0,0,0,0,0,0,0,0,,,,,,,,,,,,,,,,,,,,,,,,,,,,,,,,,,,0,,,,,953.51
2386,Unscored (no condition data),PTrail,1175,,1.0,,0.0,0.0,0.0,,Asphalt,,,1,1888.022,,,,,13,1,,trails,Dirt,1,2,2,0,0,0,0,0,0,0,0,0,1,2,2,0,0,0,0,0,0,0,0,0,0,0,0,0,0,0,0,0,0,0,0,0,0,0,0,0,0,0,0,0,0,0,0,0,0,0,0,0,0,0,0,0,0,0,0,0,0,0,0,0,0,0,0,0,0,0,0,0,0,0,0,0,0,0,0,0,0,0,0,0,1,1,1,0,0,0,0,0,0,0,0,0,0,0,,,,,,,,,,,,,,,,,,,,,,,,,,,,,,,,,,,0,,,,,1888.022
2387,Unscored (no condition data),PTrail,1176,,1.0,,0.0,0.0,0.0,,Asphalt,,,1,194.348,,,,,18,1,,trails,Dirt,1,2,2,0,0,0,0,0,0,0,0,0,1,2,2,0,0,0,0,0,0,0,0,0,0,0,0,0,0,0,0,0,0,0,0,0,0,0,0,0,0,0,0,0,0,0,0,0,0,0,0,0,0,0,0,0,0,0,1,2,2,0,0,0,0,0,0,0,0,0,0,0,0,0,0,0,0,0,0,0,0,0,0,0,1,1,1,0,0,0,0,0,0,0,0,0,0,0,,,,,,,,,,,,,,,,,,,,,,,,,,,,,,,,,,,0,,,,,194.348
2388,Unscored (no condition data),PTrail,1179,,1.0,,0.0,0.0,0.0,,Asphalt,,,1,131.626,,,,,10,1,,trails,Dirt,1,2,2,0,0,0,0,0,0,0,0,0,1,0,0,0,0,0,1,0,0,0,0,0,0,0,0,0,0,0,0,0,0,0,0,0,0,0,0,0,0,0,0,0,0,0,0,0,0,0,0,0,0,0,0,0,0,0,0,0,0,0,0,0,0,0,0,0,0,0,0,0,0,0,0,0,0,0,0,0,0,0,0,0,1,1,1,0,0,0,0,0,0,0,0,0,0,0,,,,,,,,,,,,,,,,,,,,,,,,,,,,,,,,,,,0,,,,,131.626
2389,Unscored (no condition data),PTrail,1180,,1.0,,0.0,0.0,0.0,,Asphalt,,,1,269.324,,,,,25,1,,trails,Dirt,1,2,2,1,2,2,0,0,0,0,0,0,1,0,0,0,0,0,0,0,0,0,0,0,0,5,0,0,0,0,0,0,0,0,0,0,0,0,0,0,0,0,0,0,0,0,0,0,0,0,0,0,0,0,0,0,0,0,0,0,0,0,0,0,0,0,0,0,0,0,0,0,0,1,0,0,0,0,0,0,0,0,0,0,1,1,1,0,0,0,0,0,0,0,0,0,5,0,,,,,,,,,,,,,,,,,,,,,,,,,,,,,,,,,,,0,,,,,269.324
2390,Unscored (no condition data),PTrail,1181,,1.0,,0.0,0.0,0.0,,Asphalt,,,1,585.196,,,,,26,1,,trails,Dirt,1,2,2,1,2,2,0,0,0,0,0,0,0,0,0,0,0,0,0,0,0,0,0,0,0,5,0,2,0,0,0,0,0,0,0,0,0,0,0,0,0,0,0,0,0,0,0,0,0,0,0,0,0,0,0,0,0,0,0,0,0,0,0,0,0,0,0,0,0,0,0,0,0,1,0,0,0,0,0,0,0,0,0,0,1,1,1,0,0,0,0,0,0,0,0,0,5,0,,,,,,,,,,,,,,,,,,,,,,,,,,,,,,,,,,,0,,,,,585.196
2391,Unscored (no condition data),PTrail,1188,,1.0,,0.0,0.0,0.0,,Asphalt,,,1,61.807,,,,,27,1,,trails,Dirt,1,2,2,1,2,2,0,0,0,0,0,0,0,0,0,0,0,0,0,0,0,0,0,0,0,5,0,0,0,0,0,0,0,0,1,0,0,0,0,0,0,0,0,0,0,0,0,0,0,0,0,0,0,0,0,0,0,0,0,0,0,0,0,0,0,0,0,0,0,0,0,0,0,1,2,0,0,0,0,0,0,0,0,0,1,1,1,0,0,0,0,0,0,0,0,0,5,0,,,,,,,,,,,,,,,,,,,,,,,,,,,,,,,,,,,0,,,,,61.807
2392,Unscored (no condition data),PTrail,1191,,1.0,,0.0,0.0,0.0,,Asphalt,,,1,114.701,,,,,23,1,,trails,Dirt,1,2,2,1,2,2,0,0,0,0,0,0,0,0,0,0,0,0,0,0,0,0,0,0,0,5,0,0,0,0,0,0,0,0,0,0,0,0,0,0,0,0,0,0,0,0,0,0,0,0,0,0,0,0,0,0,0,0,0,0,0,0,0,0,0,0,0,0,0,0,0,0,0,0,0,0,0,0,0,0,0,0,0,0,1,1,1,0,0,0,0,0,0,0,0,0,5,0,,,,,,,,,,,,,,,,,,,,,,,,,,,,,,,,,,,0,,,,,114.701
2393,Unscored (no condition data),PTrail,1192,,1.0,,0.0,0.0,0.0,,Asphalt,,,1,20.549,,,,,23,1,,trails,Dirt,1,2,2,1,2,2,0,0,0,0,0,0,0,0,0,0,0,0,0,0,0,0,0,0,0,5,0,0,0,0,0,0,0,0,0,0,0,0,0,0,0,0,0,0,0,0,0,0,0,0,0,0,0,0,0,0,0,0,0,0,0,0,0,0,0,0,0,0,0,0,0,0,0,0,0,0,0,0,0,0,0,0,0,0,1,1,1,0,0,0,0,0,0,0,0,0,5,0,,,,,,,,,,,,,,,,,,,,,,,,,,,,,,,,,,,0,,,,,20.549
2394,Unscored (no condition data),PTrail,1193,,1.0,,0.0,0.0,0.0,,Asphalt,,,1,30.157,,,,,22,1,,trails,Dirt,1,2,2,1,2,0,0,0,0,0,0,0,0,0,0,0,0,0,0,0,0,0,0,0,0,5,0,0,0,0,0,0,0,0,0,0,0,0,0,0,0,0,0,0,0,0,0,0,0,0,0,0,0,0,0,0,0,0,0,0,0,0,0,0,0,0,0,0,0,0,0,0,0,1,0,0,0,0,0,0,0,0,0,0,1,1,1,0,0,0,0,0,0,0,0,0,5,0,,,,,,,,,,,,,,,,,,,,,,,,,,,,,,,,,,,0,,,,,30.157
2395,Unscored (no condition data),PTrail,1194,,1.0,,0.0,0.0,0.0,,Asphalt,,,1,16.128,,,,,22,1,,trails,Dirt,1,2,2,1,2,0,0,0,0,0,0,0,0,0,0,0,0,0,0,0,0,0,0,0,0,5,0,0,0,0,0,0,0,0,0,0,0,0,0,0,0,0,0,0,0,0,0,0,0,0,0,0,0,0,0,0,0,0,0,0,0,0,0,0,0,0,0,0,0,0,0,0,0,1,0,0,0,0,0,0,0,0,0,0,1,1,1,0,0,0,0,0,0,0,0,0,5,0,,,,,,,,,,,,,,,,,,,,,,,,,,,,,,,,,,,0,,,,,16.128
2396,Unscored (no condition data),PTrail,1195,,1.0,,0.0,0.0,0.0,,Asphalt,,,1,11.969,,,,,22,1,,trails,Dirt,1,2,2,1,2,0,0,0,0,0,0,0,0,0,0,0,0,0,0,0,0,0,0,0,0,5,0,0,0,0,0,0,0,0,0,0,0,0,0,0,0,0,0,0,0,0,0,0,0,0,0,0,0,0,0,0,0,0,0,0,0,0,0,0,0,0,0,0,0,0,0,0,0,1,0,0,0,0,0,0,0,0,0,0,1,1,1,0,0,0,0,0,0,0,0,0,5,0,,,,,,,,,,,,,,,,,,,,,,,,,,,,,,,,,,,0,,,,,11.969
2397,Unscored (no condition data),PTrail,1196,,1.0,,0.0,0.0,0.0,,Asphalt,,,1,546.287,,,,,27,1,,trails,Dirt,1,2,2,1,2,2,0,0,0,0,0,0,0,0,0,0,0,0,0,0,0,0,0,0,0,5,0,0,0,0,0,0,0,0,1,0,0,0,0,0,0,0,0,0,0,0,0,0,0,0,0,0,0,0,0,0,0,0,0,0,0,0,0,0,0,0,0,0,0,0,0,0,0,1,2,0,0,0,0,0,0,0,0,0,1,1,1,0,0,0,0,0,0,0,0,0,5,0,,,,,,,,,,,,,,,,,,,,,,,,,,,,,,,,,,,0,,,,,546.287
2398,Unscored (no condition data),PTrail,1200,,1.0,,0.0,0.0,0.0,,Asphalt,,,1,74.431,,,,,25,1,,trails,Dirt,1,2,2,1,2,2,0,0,0,0,0,0,1,0,0,0,0,0,0,0,0,0,0,0,0,5,0,0,0,0,0,0,0,0,0,0,0,0,0,0,0,0,0,0,0,0,0,0,0,0,0,0,0,0,0,0,0,0,0,0,0,0,0,0,0,0,0,0,0,0,0,0,0,1,0,0,0,0,0,0,0,0,0,0,1,1,1,0,0,0,0,0,0,0,0,0,5,0,,,,,,,,,,,,,,,,,,,,,,,,,,,,,,,,,,,0,,,,,74.431
2399,Unscored (no condition data),PTrail,1201,,1.0,,0.0,0.0,0.0,,Asphalt,,,1,107.184,,,,,27,1,,trails,Dirt,1,2,2,1,2,2,0,0,0,0,0,0,1,0,0,0,0,0,0,0,0,0,0,0,0,5,0,2,0,0,0,0,0,0,0,0,0,0,0,0,0,0,0,0,0,0,0,0,0,0,0,0,0,0,0,0,0,0,0,0,0,0,0,0,0,0,0,0,0,0,0,0,0,1,0,0,0,0,0,0,0,0,0,0,1,1,1,0,0,0,0,0,0,0,0,0,5,0,,,,,,,,,,,,,,,,,,,,,,,,,,,,,,,,,,,0,,,,,107.184
2400,Unscored (no condition data),PTrail,1202,,1.0,,0.0,0.0,0.0,,Asphalt,,,1,662.056,,,,,27,1,,trails,Dirt,1,2,2,1,2,2,0,0,0,0,0,0,1,0,0,0,0,0,0,0,0,0,0,0,0,5,0,2,0,0,0,0,0,0,0,0,0,0,0,0,0,0,0,0,0,0,0,0,0,0,0,0,0,0,0,0,0,0,0,0,0,0,0,0,0,0,0,0,0,0,0,0,0,1,0,0,0,0,0,0,0,0,0,0,1,1,1,0,0,0,0,0,0,0,0,0,5,0,,,,,,,,,,,,,,,,,,,,,,,,,,,,,,,,,,,0,,,,,662.056
2401,Unscored (no condition data),PTrail,1203,,1.0,,0.0,0.0,0.0,,Asphalt,,,1,480.639,,,,,25,1,,trails,Dirt,1,2,2,1,2,2,0,0,0,0,0,0,1,0,0,0,0,0,0,0,0,0,0,0,0,5,0,0,0,0,0,0,0,0,0,0,0,0,0,0,0,0,0,0,0,0,0,0,0,0,0,0,0,0,0,0,0,0,0,0,0,0,0,0,0,0,0,0,0,0,0,0,0,1,0,0,0,0,0,0,0,0,0,0,1,1,1,0,0,0,0,0,0,0,0,0,5,0,,,,,,,,,,,,,,,,,,,,,,,,,,,,,,,,,,,0,,,,,480.639
2402,Unscored (no condition data),PTrail,1206,,1.0,,0.0,0.0,0.0,,Asphalt,,,1,565.804,,,,,27,1,,trails,Dirt,1,2,2,1,2,2,0,0,0,0,0,0,1,0,0,0,0,0,0,0,0,0,0,0,0,5,0,2,0,0,0,0,0,0,0,0,0,0,0,0,0,0,0,0,0,0,0,0,0,0,0,0,0,0,0,0,0,0,0,0,0,0,0,0,0,0,0,0,0,0,0,0,0,1,0,0,0,0,0,0,0,0,0,0,1,1,1,0,0,0,0,0,0,0,0,0,5,0,,,,,,,,,,,,,,,,,,,,,,,,,,,,,,,,,,,0,,,,,565.804
2403,Unscored (no condition data),PTrail,1207,,1.0,,0.0,0.0,0.0,,Asphalt,,,1,82.597,,,,,24,1,,trails,Dirt,1,2,2,1,2,2,0,0,0,0,0,0,0,0,0,0,0,0,0,0,0,0,0,0,0,5,0,0,0,0,0,0,0,0,0,0,0,0,0,0,0,0,0,0,0,0,0,0,0,0,0,0,0,0,0,0,0,0,0,0,0,0,0,0,0,0,0,0,0,0,0,0,0,1,0,0,0,0,0,0,0,0,0,0,1,1,1,0,0,0,0,0,0,0,0,0,5,0,,,,,,,,,,,,,,,,,,,,,,,,,,,,,,,,,,,0,,,,,82.597
2404,Unscored (no condition data),PTrail,1208,,1.0,,0.0,0.0,0.0,,Asphalt,,,1,45.684,,,,,29,2,,trails,Dirt,1,2,2,1,2,2,1,0,0,0,0,0,0,0,0,0,0,0,0,0,0,0,0,0,0,5,0,0,0,0,0,0,0,0,1,0,0,0,0,0,0,0,0,0,0,0,0,0,0,0,1,0,0,0,0,0,0,0,0,0,0,0,0,0,0,0,0,0,0,0,0,0,0,1,2,0,0,0,0,0,0,0,0,0,1,1,1,0,0,0,0,0,0,0,0,0,5,0,,,,,,,,,,,,,,,,,,,,,,,,,,,,,,,,,,,0,,,,,45.684
2405,Unscored (no condition data),PTrail,1209,,1.0,,0.0,0.0,0.0,,Asphalt,,,1,368.503,,,,,29,2,,trails,Dirt,1,2,2,1,2,0,1,0,0,0,0,0,0,0,0,0,0,0,0,0,0,0,0,0,0,5,0,0,0,0,0,0,0,0,1,0,0,0,0,0,0,0,0,0,0,0,0,0,0,0,1,0,0,0,0,0,0,0,0,0,0,0,0,0,0,0,0,0,0,0,0,0,0,1,2,2,0,0,0,0,0,0,0,0,1,1,1,0,0,0,0,0,0,0,0,0,5,0,,,,,,,,,,,,,,,,,,,,,,,,,,,,,,,,,,,0,,,,,368.503
2406,Unscored (no condition data),PTrail,1210,,1.0,,0.0,0.0,0.0,,Asphalt,,,1,158.059,,,,,28,2,,trails,Dirt,1,2,2,1,2,2,0,0,0,0,0,0,0,0,0,0,0,0,0,0,0,0,0,0,0,5,0,0,0,0,0,0,0,0,1,0,0,0,0,0,0,0,0,0,0,0,0,0,0,0,1,0,0,0,0,0,0,0,0,0,0,0,0,0,0,0,0,0,0,0,0,0,0,1,2,0,0,0,0,0,0,0,0,0,1,1,1,0,0,0,0,0,0,0,0,0,5,0,,,,,,,,,,,,,,,,,,,,,,,,,,,,,,,,,,,0,,,,,158.059
2407,Unscored (no condition data),PTrail,1211,,1.0,,0.0,0.0,0.0,,Asphalt,,,1,76.569,,,,,29,2,,trails,Dirt,1,2,2,1,2,0,1,0,0,0,0,0,0,0,0,0,0,0,0,0,0,0,0,0,0,5,0,0,0,0,0,0,0,0,1,0,0,0,0,0,0,0,0,0,0,0,0,0,0,0,1,0,0,0,0,0,0,0,0,0,0,0,0,0,0,0,0,0,0,0,0,0,0,1,2,2,0,0,0,0,0,0,0,0,1,1,1,0,0,0,0,0,0,0,0,0,5,0,,,,,,,,,,,,,,,,,,,,,,,,,,,,,,,,,,,0,,,,,76.569
2408,Unscored (no condition data),PTrail,1212,,1.0,,0.0,0.0,0.0,,Asphalt,,,1,17.751,,,,,29,2,,trails,Dirt,1,2,2,1,2,2,1,0,0,0,0,0,0,0,0,0,0,0,0,0,0,0,0,0,0,5,0,0,0,0,0,0,0,0,1,0,0,0,0,0,0,0,0,0,0,0,0,0,0,0,1,0,0,0,0,0,0,0,0,0,0,0,0,0,0,0,0,0,0,0,0,0,0,1,2,0,0,0,0,0,0,0,0,0,1,1,1,0,0,0,0,0,0,0,0,0,5,0,,,,,,,,,,,,,,,,,,,,,,,,,,,,,,,,,,,0,,,,,17.751
2409,Unscored (no condition data),PTrail,1213,,1.0,,0.0,0.0,0.0,,Asphalt,,,1,32.703,,,,,29,2,,trails,Dirt,1,2,2,1,2,2,1,0,0,0,0,0,0,0,0,0,0,0,0,0,0,0,0,0,0,5,0,0,0,0,0,0,0,0,1,0,0,0,0,0,0,0,0,0,0,0,0,0,0,0,1,0,0,0,0,0,0,0,0,0,0,0,0,0,0,0,0,0,0,0,0,0,0,1,2,0,0,0,0,0,0,0,0,0,1,1,1,0,0,0,0,0,0,0,0,0,5,0,,,,,,,,,,,,,,,,,,,,,,,,,,,,,,,,,,,0,,,,,32.703
2410,Unscored (no condition data),PTrail,1214,,1.0,,0.0,0.0,0.0,,Asphalt,,,1,69.485,,,,,24,1,,trails,Dirt,1,2,2,1,2,2,0,0,0,0,0,0,0,0,0,0,0,0,0,0,0,0,0,0,0,5,0,0,0,0,0,0,0,0,0,0,0,0,0,0,0,0,0,0,0,0,0,0,0,0,0,0,0,0,0,0,0,0,0,0,0,0,0,0,0,0,0,0,0,0,0,0,0,1,0,0,0,0,0,0,0,0,0,0,1,1,1,0,0,0,0,0,0,0,0,0,5,0,,,,,,,,,,,,,,,,,,,,,,,,,,,,,,,,,,,0,,,,,69.485
2411,Unscored (no condition data),PTrail,1218,,1.0,,0.0,0.0,0.0,,Asphalt,,,1,66.483,,,,,23,1,,trails,Dirt,1,2,2,1,2,0,0,0,0,0,0,0,1,2,0,0,0,0,0,0,0,0,0,0,0,0,0,0,0,0,0,0,0,0,0,0,0,0,0,0,0,0,0,0,0,0,0,0,0,0,0,0,0,0,0,0,0,0,0,0,0,0,0,0,0,0,0,0,0,0,0,0,0,1,2,0,0,0,0,0,0,0,0,0,1,1,1,1,0,0,0,0,0,0,0,0,5,0,,,,,,,,,,,,,,,,,,,,,,,,,,,,,,,,,,,0,,,,,66.483
2412,Unscored (no condition data),PTrail,1219,,1.0,,0.0,0.0,0.0,,Asphalt,,,1,39.622,,,,,21,1,,trails,Dirt,1,2,2,1,0,0,1,0,0,0,0,0,0,0,0,0,0,0,0,0,0,0,0,0,0,5,3,0,0,0,0,0,0,0,0,0,0,0,0,0,0,0,0,0,0,0,0,0,0,0,1,2,0,0,0,0,0,0,0,0,0,0,0,0,0,0,0,0,0,0,0,0,0,0,0,0,0,0,0,0,0,0,0,0,1,1,1,0,0,0,0,0,0,0,0,0,0,0,,,,,,,,,,,,,,,,,,,,,,,,,,,,,,,,,,,0,,,,,39.622
2413,Unscored (no condition data),PTrail,1220,,1.0,,0.0,0.0,0.0,,Asphalt,,,1,348.886,,,,,18,1,,trails,Dirt,1,2,2,1,0,0,0,0,0,0,0,0,0,0,0,0,0,0,0,0,0,0,0,0,0,5,0,0,0,0,0,0,0,0,1,0,0,0,0,0,0,0,0,0,0,0,0,0,0,0,1,2,0,0,0,0,0,0,0,0,0,0,0,0,0,0,0,0,0,0,0,0,0,0,0,0,0,0,0,0,0,0,0,0,1,1,1,0,0,0,0,0,0,0,0,0,0,0,,,,,,,,,,,,,,,,,,,,,,,,,,,,,,,,,,,0,,,,,348.886
2414,Unscored (no condition data),PTrail,1222,,1.0,,0.0,0.0,0.0,,Asphalt,,,1,100.867,,,,,21,1,,trails,Dirt,1,2,2,1,0,0,1,0,0,0,0,0,0,0,0,0,0,0,0,0,0,0,0,0,0,5,3,0,0,0,0,0,0,0,0,0,0,0,0,0,0,0,0,0,0,0,0,0,0,0,1,2,0,0,0,0,0,0,0,0,0,0,0,0,0,0,0,0,0,0,0,0,0,0,0,0,0,0,0,0,0,0,0,0,1,1,1,0,0,0,0,0,0,0,0,0,0,0,,,,,,,,,,,,,,,,,,,,,,,,,,,,,,,,,,,0,,,,,100.867
2415,Unscored (no condition data),PTrail,1223,,1.0,,0.0,0.0,0.0,,Asphalt,,,1,84.826,,,,,18,1,,trails,Dirt,1,2,2,1,0,0,1,0,0,0,0,0,0,0,0,0,0,0,0,0,0,0,0,0,0,5,0,0,0,0,0,0,0,0,0,0,0,0,0,0,0,0,0,0,0,0,0,0,0,0,1,2,0,0,0,0,0,0,0,0,0,0,0,0,0,0,0,0,0,0,0,0,0,0,0,0,0,0,0,0,0,0,0,0,1,1,1,0,0,0,0,0,0,0,0,0,0,0,,,,,,,,,,,,,,,,,,,,,,,,,,,,,,,,,,,0,,,,,84.826
2416,Unscored (no condition data),PTrail,1224,,1.0,,0.0,0.0,0.0,,Asphalt,,,1,740.034,,,,,17,1,,trails,Dirt,1,2,2,0,0,0,0,0,0,0,0,0,1,0,0,0,0,0,0,0,0,0,0,0,0,5,0,0,0,0,0,0,0,0,0,0,0,0,0,0,0,0,0,0,0,0,0,0,0,0,1,2,0,0,0,0,0,0,0,0,0,0,0,0,0,0,0,0,0,0,0,0,0,0,0,0,0,0,0,0,0,0,0,0,1,1,1,0,0,0,0,0,0,0,0,0,0,0,,,,,,,,,,,,,,,,,,,,,,,,,,,,,,,,,,,0,,,,,740.034
2417,Unscored (no condition data),PTrail,1225,,1.0,,0.0,0.0,0.0,,Asphalt,,,1,704.213,,,,,16,1,,trails,Dirt,1,2,2,0,0,0,0,0,0,0,0,0,0,0,0,0,0,0,0,0,0,0,0,0,0,5,0,0,0,0,0,0,0,0,0,0,0,0,0,0,0,0,0,0,0,0,0,0,0,0,1,2,0,0,0,0,0,0,0,0,0,0,0,0,0,0,0,0,0,0,0,0,0,0,0,0,0,0,0,0,0,0,0,0,1,1,1,0,0,0,0,0,0,0,0,0,0,0,,,,,,,,,,,,,,,,,,,,,,,,,,,,,,,,,,,0,,,,,704.213
2418,Unscored (no condition data),PTrail,1226,,1.0,,0.0,0.0,0.0,,Asphalt,,,1,275.202,,,,,16,1,,trails,Dirt,1,2,2,0,0,0,0,0,0,0,0,0,0,0,0,0,0,0,0,0,0,0,0,0,0,5,0,0,0,0,0,0,0,0,0,0,0,0,0,0,0,0,0,0,0,0,0,0,0,0,1,2,0,0,0,0,0,0,0,0,0,0,0,0,0,0,0,0,0,0,0,0,0,0,0,0,0,0,0,0,0,0,0,0,1,1,1,0,0,0,0,0,0,0,0,0,0,0,,,,,,,,,,,,,,,,,,,,,,,,,,,,,,,,,,,0,,,,,275.202
2419,Unscored (no condition data),PTrail,1227,,1.0,,0.0,0.0,0.0,,Asphalt,,,1,78.332,,,,,19,1,,trails,Dirt,1,2,2,0,0,0,0,0,0,0,0,0,0,0,0,0,0,0,0,0,0,0,0,0,0,5,0,0,0,0,0,0,0,0,0,0,0,0,0,0,0,0,0,0,0,0,0,0,0,0,1,2,0,0,0,0,3,0,0,0,0,0,0,0,0,0,0,0,0,0,0,0,0,0,0,0,0,0,0,0,0,0,0,0,1,1,1,0,0,0,0,0,0,0,0,0,0,0,,,,,,,,,,,,,,,,,,,,,,,,,,,,,,,,,,,0,,,,,78.332
2420,Unscored (no condition data),PTrail,1228,,1.0,,0.0,0.0,0.0,,Asphalt,,,1,265.962,,,,,21,1,,trails,Dirt,1,2,2,0,0,0,0,0,0,0,0,0,0,0,0,0,0,0,0,0,0,0,0,0,0,5,0,0,0,0,0,0,0,0,0,0,0,0,0,0,0,0,0,0,0,0,0,0,0,0,1,2,2,0,0,0,3,0,0,0,0,0,0,0,0,0,0,0,0,0,0,0,0,0,0,0,0,0,0,0,0,0,0,0,1,1,1,0,0,0,0,0,0,0,0,0,0,0,,,,,,,,,,,,,,,,,,,,,,,,,,,,,,,,,,,0,,,,,265.962
2421,Unscored (no condition data),PTrail,1235,,1.0,,0.0,0.0,0.0,,Asphalt,,,1,315.889,,,,,16,1,,trails,Dirt,1,2,2,0,0,0,0,0,0,0,0,0,1,2,2,0,0,0,0,0,0,0,0,0,0,0,0,0,0,0,0,0,0,0,0,0,0,0,0,0,0,0,0,0,0,0,0,0,0,0,0,0,0,0,0,0,0,0,1,2,0,0,0,0,0,0,0,0,0,0,0,0,0,0,0,0,0,0,0,0,0,0,0,0,1,1,1,0,0,0,0,0,0,0,0,0,0,0,,,,,,,,,,,,,,,,,,,,,,,,,,,,,,,,,,,0,,,,,315.889
2422,Unscored (no condition data),PTrail,1236,,1.0,,0.0,0.0,0.0,,Asphalt,,,1,1433.132,,,,,11,1,,trails,Dirt,1,2,0,0,0,0,0,0,0,0,0,0,1,2,2,0,0,0,0,0,0,0,0,0,0,0,0,0,0,0,0,0,0,0,0,0,0,0,0,0,0,0,0,0,0,0,0,0,0,0,0,0,0,0,0,0,0,0,0,0,0,0,0,0,0,0,0,0,0,0,0,0,0,0,0,0,0,0,0,0,0,0,0,0,1,1,1,0,0,0,0,0,0,0,0,0,0,0,,,,,,,,,,,,,,,,,,,,,,,,,,,,,,,,,,,0,,,,,1433.132
2423,Unscored (no condition data),PTrail,1237,,1.0,,0.0,0.0,0.0,,Asphalt,,,1,449.573,,,,,11,1,,trails,Dirt,1,2,0,0,0,0,0,0,0,0,0,0,1,2,2,0,0,0,0,0,0,0,0,0,0,0,0,0,0,0,0,0,0,0,0,0,0,0,0,0,0,0,0,0,0,0,0,0,0,0,0,0,0,0,0,0,0,0,0,0,0,0,0,0,0,0,0,0,0,0,0,0,0,0,0,0,0,0,0,0,0,0,0,0,1,1,1,0,0,0,0,0,0,0,0,0,0,0,,,,,,,,,,,,,,,,,,,,,,,,,,,,,,,,,,,0,,,,,449.573
2424,Unscored (no condition data),PTrail,1238,,1.0,,0.0,0.0,0.0,,Asphalt,,,1,199.08,,,,,18,1,,trails,Dirt,1,2,2,0,0,0,0,0,0,0,0,0,1,2,2,0,0,0,0,0,0,0,0,0,0,0,0,0,0,0,0,0,0,0,0,0,0,0,0,0,0,0,0,0,0,0,0,0,0,0,0,0,0,0,0,0,0,0,1,2,2,0,0,0,0,0,0,0,0,0,0,0,0,0,0,0,0,0,0,0,0,0,0,0,1,1,1,0,0,0,0,0,0,0,0,0,0,0,,,,,,,,,,,,,,,,,,,,,,,,,,,,,,,,,,,0,,,,,199.08
2425,Unscored (no condition data),PTrail,1239,,1.0,,0.0,0.0,0.0,,Asphalt,,,1,117.1,,,,,14,1,,trails,Dirt,1,2,2,0,0,0,0,0,0,0,0,0,1,2,2,0,0,0,0,0,0,0,0,0,0,0,0,0,0,0,0,0,0,0,0,0,0,0,0,0,0,0,0,0,0,0,0,0,0,0,0,0,0,0,0,0,0,0,1,0,0,0,0,0,0,0,0,0,0,0,0,0,0,0,0,0,0,0,0,0,0,0,0,0,1,1,1,0,0,0,0,0,0,0,0,0,0,0,,,,,,,,,,,,,,,,,,,,,,,,,,,,,,,,,,,0,,,,,117.1
2426,Unscored (no condition data),PTrail,1240,,1.0,,0.0,0.0,0.0,,Asphalt,,,1,86.158,,,,,13,1,,trails,Dirt,1,2,2,0,0,0,0,0,0,0,0,0,1,2,2,0,0,0,0,0,0,0,0,0,0,0,0,0,0,0,0,0,0,0,0,0,0,0,0,0,0,0,0,0,0,0,0,0,0,0,0,0,0,0,0,0,0,0,0,0,0,0,0,0,0,0,0,0,0,0,0,0,0,0,0,0,0,0,0,0,0,0,0,0,1,1,1,0,0,0,0,0,0,0,0,0,0,0,,,,,,,,,,,,,,,,,,,,,,,,,,,,,,,,,,,0,,,,,86.158
2427,Unscored (no condition data),PTrail,1241,,1.0,,0.0,0.0,0.0,,Asphalt,,,1,75.201,,,,,16,1,,trails,Dirt,1,2,2,0,0,0,0,0,0,0,0,0,1,2,2,0,0,0,0,0,0,0,0,0,0,0,0,0,0,0,0,0,0,0,0,0,0,0,0,0,0,0,0,0,0,0,0,0,0,0,0,0,0,0,0,0,0,0,1,2,0,0,0,0,0,0,0,0,0,0,0,0,0,0,0,0,0,0,0,0,0,0,0,0,1,1,1,0,0,0,0,0,0,0,0,0,0,0,,,,,,,,,,,,,,,,,,,,,,,,,,,,,,,,,,,0,,,,,75.201
2428,Unscored (no condition data),PTrail,1242,,1.0,,0.0,0.0,0.0,,Asphalt,,,1,5097.687,,,,,18,1,,trails,Dirt,1,2,2,0,0,0,0,0,0,0,0,0,1,2,2,0,0,0,0,0,0,0,0,0,0,0,0,0,0,0,0,0,0,0,0,0,0,0,0,0,0,0,0,0,0,0,0,0,0,0,0,0,0,0,0,0,0,0,1,2,2,0,0,0,0,0,0,0,0,0,0,0,0,0,0,0,0,0,0,0,0,0,0,0,1,1,1,0,0,0,0,0,0,0,0,0,0,0,,,,,,,,,,,,,,,,,,,,,,,,,,,,,,,,,,,0,,,,,5097.687
2429,Unscored (no condition data),PTrail,1243,,1.0,,0.0,0.0,0.0,,Asphalt,,,1,1717.778,,,,,6,1,,trails,Dirt,0,0,0,0,0,0,0,0,0,0,0,0,1,2,0,0,0,0,0,0,0,0,0,0,0,0,0,0,0,0,0,0,0,0,0,0,0,0,0,0,0,0,0,0,0,0,0,0,0,0,0,0,0,0,0,0,0,0,0,0,0,0,0,0,0,0,0,0,0,0,0,0,0,0,0,0,0,0,0,0,0,0,0,0,1,1,1,0,0,0,0,0,0,0,0,0,0,0,,,,,,,,,,,,,,,,,,,,,,,,,,,,,,,,,,,0,,,,,1717.778
2430,Unscored (no condition data),PTrail,1244,,1.0,,0.0,0.0,0.0,,Asphalt,,,1,2646.794,,,,,3,1,,trails,Dirt,0,0,0,0,0,0,0,0,0,0,0,0,0,0,0,0,0,0,0,0,0,0,0,0,0,0,0,0,0,0,0,0,0,0,0,0,0,0,0,0,0,0,0,0,0,0,0,0,0,0,0,0,0,0,0,0,0,0,0,0,0,0,0,0,0,0,0,0,0,0,0,0,0,0,0,0,0,0,0,0,0,0,0,0,1,1,1,0,0,0,0,0,0,0,0,0,0,0,,,,,,,,,,,,,,,,,,,,,,,,,,,,,,,,,,,0,,,,,2646.794
2431,Unscored (no condition data),PTrail,1245,,1.0,,0.0,0.0,0.0,,Asphalt,,,1,1059.827,,,,,3,1,,trails,Dirt,0,0,0,0,0,0,0,0,0,0,0,0,0,0,0,0,0,0,0,0,0,0,0,0,0,0,0,0,0,0,0,0,0,0,0,0,0,0,0,0,0,0,0,0,0,0,0,0,0,0,0,0,0,0,0,0,0,0,0,0,0,0,0,0,0,0,0,0,0,0,0,0,0,0,0,0,0,0,0,0,0,0,0,0,1,1,1,0,0,0,0,0,0,0,0,0,0,0,,,,,,,,,,,,,,,,,,,,,,,,,,,,,,,,,,,0,,,,,1059.827
2432,Unscored (no condition data),PTrail,1246,,1.0,,0.0,0.0,0.0,,Asphalt,,,1,2578.313,,,,,18,1,,trails,Dirt,1,2,2,0,0,0,0,0,0,0,0,0,1,2,2,0,0,0,0,0,0,0,0,0,0,0,0,0,0,0,0,0,0,0,0,0,0,0,0,0,0,0,0,0,0,0,0,0,0,0,0,0,0,0,0,0,0,0,1,2,2,0,0,0,0,0,0,0,0,0,0,0,0,0,0,0,0,0,0,0,0,0,0,0,1,1,1,0,0,0,0,0,0,0,0,0,0,0,,,,,,,,,,,,,,,,,,,,,,,,,,,,,,,,,,,0,,,,,2578.313
2433,Unscored (no condition data),PTrail,1247,,1.0,,0.0,0.0,0.0,,Asphalt,,,1,429.851,,,,,13,1,,trails,Dirt,1,2,2,0,0,0,0,0,0,0,0,0,1,2,2,0,0,0,0,0,0,0,0,0,0,0,0,0,0,0,0,0,0,0,0,0,0,0,0,0,0,0,0,0,0,0,0,0,0,0,0,0,0,0,0,0,0,0,0,0,0,0,0,0,0,0,0,0,0,0,0,0,0,0,0,0,0,0,0,0,0,0,0,0,1,1,1,0,0,0,0,0,0,0,0,0,0,0,,,,,,,,,,,,,,,,,,,,,,,,,,,,,,,,,,,0,,,,,429.851
2434,Unscored (no condition data),PTrail,1248,,1.0,,0.0,0.0,0.0,,Asphalt,,,1,1030.523,,,,,13,1,,trails,Dirt,1,2,2,0,0,0,0,0,0,0,0,0,1,2,2,0,0,0,0,0,0,0,0,0,0,0,0,0,0,0,0,0,0,0,0,0,0,0,0,0,0,0,0,0,0,0,0,0,0,0,0,0,0,0,0,0,0,0,0,0,0,0,0,0,0,0,0,0,0,0,0,0,0,0,0,0,0,0,0,0,0,0,0,0,1,1,1,0,0,0,0,0,0,0,0,0,0,0,,,,,,,,,,,,,,,,,,,,,,,,,,,,,,,,,,,0,,,,,1030.523
2435,Unscored (no condition data),PTrail,1249,,1.0,,0.0,0.0,0.0,,Asphalt,,,1,1364.852,,,,,8,1,,trails,Dirt,0,0,0,0,0,0,0,0,0,0,0,0,1,2,2,0,0,0,0,0,0,0,0,0,0,0,0,0,0,0,0,0,0,0,0,0,0,0,0,0,0,0,0,0,0,0,0,0,0,0,0,0,0,0,0,0,0,0,0,0,0,0,0,0,0,0,0,0,0,0,0,0,0,0,0,0,0,0,0,0,0,0,0,0,1,1,1,0,0,0,0,0,0,0,0,0,0,0,,,,,,,,,,,,,,,,,,,,,,,,,,,,,,,,,,,0,,,,,1364.852
2436,Unscored (no condition data),PTrail,1250,,1.0,,0.0,0.0,0.0,,Asphalt,,,1,959.1,,,,,11,1,,trails,Dirt,1,2,0,0,0,0,0,0,0,0,0,0,1,2,2,0,0,0,0,0,0,0,0,0,0,0,0,0,0,0,0,0,0,0,0,0,0,0,0,0,0,0,0,0,0,0,0,0,0,0,0,0,0,0,0,0,0,0,0,0,0,0,0,0,0,0,0,0,0,0,0,0,0,0,0,0,0,0,0,0,0,0,0,0,1,1,1,0,0,0,0,0,0,0,0,0,0,0,,,,,,,,,,,,,,,,,,,,,,,,,,,,,,,,,,,0,,,,,959.1
2437,Unscored (no condition data),PTrail,1251,,1.0,,0.0,0.0,0.0,,Asphalt,,,1,1415.527,,,,,8,1,,trails,Dirt,0,0,0,0,0,0,0,0,0,0,0,0,1,2,2,0,0,0,0,0,0,0,0,0,0,0,0,0,0,0,0,0,0,0,0,0,0,0,0,0,0,0,0,0,0,0,0,0,0,0,0,0,0,0,0,0,0,0,0,0,0,0,0,0,0,0,0,0,0,0,0,0,0,0,0,0,0,0,0,0,0,0,0,0,1,1,1,0,0,0,0,0,0,0,0,0,0,0,,,,,,,,,,,,,,,,,,,,,,,,,,,,,,,,,,,0,,,,,1415.527
2438,Unscored (no condition data),PTrail,1252,,1.0,,0.0,0.0,0.0,,Asphalt,,,1,2035.687,,,,,13,1,,trails,Dirt,1,2,2,0,0,0,0,0,0,0,0,0,1,2,2,0,0,0,0,0,0,0,0,0,0,0,0,0,0,0,0,0,0,0,0,0,0,0,0,0,0,0,0,0,0,0,0,0,0,0,0,0,0,0,0,0,0,0,0,0,0,0,0,0,0,0,0,0,0,0,0,0,0,0,0,0,0,0,0,0,0,0,0,0,1,1,1,0,0,0,0,0,0,0,0,0,0,0,,,,,,,,,,,,,,,,,,,,,,,,,,,,,,,,,,,0,,,,,2035.687
2439,Unscored (no condition data),PTrail,1253,,1.0,,0.0,0.0,0.0,,Asphalt,,,1,179.012,,,,,11,1,,trails,Dirt,1,2,0,0,0,0,0,0,0,0,0,0,1,2,2,0,0,0,0,0,0,0,0,0,0,0,0,0,0,0,0,0,0,0,0,0,0,0,0,0,0,0,0,0,0,0,0,0,0,0,0,0,0,0,0,0,0,0,0,0,0,0,0,0,0,0,0,0,0,0,0,0,0,0,0,0,0,0,0,0,0,0,0,0,1,1,1,0,0,0,0,0,0,0,0,0,0,0,,,,,,,,,,,,,,,,,,,,,,,,,,,,,,,,,,,0,,,,,179.012
2440,Unscored (no condition data),PTrail,1254,,1.0,,0.0,0.0,0.0,,Asphalt,,,1,188.384,,,,,9,1,,trails,Dirt,1,0,0,0,0,0,0,0,0,0,0,0,1,2,2,0,0,0,0,0,0,0,0,0,0,0,0,0,0,0,0,0,0,0,0,0,0,0,0,0,0,0,0,0,0,0,0,0,0,0,0,0,0,0,0,0,0,0,0,0,0,0,0,0,0,0,0,0,0,0,0,0,0,0,0,0,0,0,0,0,0,0,0,0,1,1,1,0,0,0,0,0,0,0,0,0,0,0,,,,,,,,,,,,,,,,,,,,,,,,,,,,,,,,,,,0,,,,,188.384
2441,Unscored (no condition data),PTrail,1255,,1.0,,0.0,0.0,0.0,,Asphalt,,,1,804.566,,,,,8,1,,trails,Dirt,0,0,0,0,0,0,0,0,0,0,0,0,1,2,2,0,0,0,0,0,0,0,0,0,0,0,0,0,0,0,0,0,0,0,0,0,0,0,0,0,0,0,0,0,0,0,0,0,0,0,0,0,0,0,0,0,0,0,0,0,0,0,0,0,0,0,0,0,0,0,0,0,0,0,0,0,0,0,0,0,0,0,0,0,1,1,1,0,0,0,0,0,0,0,0,0,0,0,,,,,,,,,,,,,,,,,,,,,,,,,,,,,,,,,,,0,,,,,804.566
2442,Unscored (no condition data),PTrail,1256,,1.0,,0.0,0.0,0.0,,Asphalt,,,1,1383.181,,,,,18,1,,trails,Dirt,1,2,2,0,0,0,0,0,0,0,0,0,1,2,2,0,0,0,0,0,0,0,0,0,0,0,0,0,0,0,0,0,0,0,0,0,0,0,0,0,0,0,0,0,0,0,0,0,0,0,0,0,0,0,0,0,0,0,1,2,2,0,0,0,0,0,0,0,0,0,0,0,0,0,0,0,0,0,0,0,0,0,0,0,1,1,1,0,0,0,0,0,0,0,0,0,0,0,,,,,,,,,,,,,,,,,,,,,,,,,,,,,,,,,,,0,,,,,1383.181
2443,Unscored (no condition data),PTrail,1257,,1.0,,0.0,0.0,0.0,,Asphalt,,,1,43.128,,,,,12,1,,trails,Dirt,1,2,0,0,0,0,0,0,0,0,0,0,1,2,2,0,0,0,0,0,0,0,0,0,0,0,0,0,0,0,0,0,0,0,0,0,0,0,0,0,0,0,0,0,0,0,0,0,0,0,0,0,0,0,0,0,0,0,1,0,0,0,0,0,0,0,0,0,0,0,0,0,0,0,0,0,0,0,0,0,0,0,0,0,1,1,1,0,0,0,0,0,0,0,0,0,0,0,,,,,,,,,,,,,,,,,,,,,,,,,,,,,,,,,,,0,,,,,43.128
2444,Unscored (no condition data),PTrail,1259,,1.0,,0.0,0.0,0.0,,Asphalt,,,1,23.095,,,,,12,1,,trails,Dirt,1,2,0,0,0,0,0,0,0,0,0,0,1,2,2,0,0,0,0,0,0,0,0,0,0,0,0,0,0,0,0,0,0,0,0,0,0,0,0,0,0,0,0,0,0,0,0,0,0,0,0,0,0,0,0,0,0,0,1,0,0,0,0,0,0,0,0,0,0,0,0,0,0,0,0,0,0,0,0,0,0,0,0,0,1,1,1,0,0,0,0,0,0,0,0,0,0,0,,,,,,,,,,,,,,,,,,,,,,,,,,,,,,,,,,,0,,,,,23.095
2445,Unscored (no condition data),PTrail,1260,,1.0,,0.0,0.0,0.0,,Asphalt,,,1,78.476,,,,,16,1,,trails,Dirt,1,2,2,0,0,0,0,0,0,0,0,0,1,2,2,0,0,0,0,0,0,0,0,0,0,0,0,0,0,0,0,0,0,0,0,0,0,0,0,0,0,0,0,0,0,0,0,0,0,0,0,0,0,0,0,0,0,0,1,2,0,0,0,0,0,0,0,0,0,0,0,0,0,0,0,0,0,0,0,0,0,0,0,0,1,1,1,0,0,0,0,0,0,0,0,0,0,0,,,,,,,,,,,,,,,,,,,,,,,,,,,,,,,,,,,0,,,,,78.476
2446,Unscored (no condition data),PTrail,1261,,1.0,,0.0,0.0,0.0,,Asphalt,,,1,161.033,,,,,12,1,,trails,Dirt,1,2,0,0,0,0,0,0,0,0,0,0,1,2,2,0,0,0,0,0,0,0,0,0,0,0,0,0,0,0,0,0,0,0,0,0,0,0,0,0,0,0,0,0,0,0,0,0,0,0,0,0,0,0,0,0,0,0,1,0,0,0,0,0,0,0,0,0,0,0,0,0,0,0,0,0,0,0,0,0,0,0,0,0,1,1,1,0,0,0,0,0,0,0,0,0,0,0,,,,,,,,,,,,,,,,,,,,,,,,,,,,,,,,,,,0,,,,,161.033
2447,Unscored (no condition data),PTrail,1262,,1.0,,0.0,0.0,0.0,,Asphalt,,,1,34.269,,,,,9,1,,trails,Dirt,1,0,0,0,0,0,0,0,0,0,0,0,1,2,2,0,0,0,0,0,0,0,0,0,0,0,0,0,0,0,0,0,0,0,0,0,0,0,0,0,0,0,0,0,0,0,0,0,0,0,0,0,0,0,0,0,0,0,0,0,0,0,0,0,0,0,0,0,0,0,0,0,0,0,0,0,0,0,0,0,0,0,0,0,1,1,1,0,0,0,0,0,0,0,0,0,0,0,,,,,,,,,,,,,,,,,,,,,,,,,,,,,,,,,,,0,,,,,34.269
2448,Unscored (no condition data),PTrail,1263,,1.0,,0.0,0.0,0.0,,Asphalt,,,1,694.319,,,,,16,1,,trails,Dirt,1,2,2,0,0,0,0,0,0,0,0,0,1,2,2,0,0,0,0,0,0,0,0,0,0,0,0,0,0,0,0,0,0,0,0,0,0,0,0,0,0,0,0,0,0,0,0,0,0,0,0,0,0,0,0,0,0,0,1,2,0,0,0,0,0,0,0,0,0,0,0,0,0,0,0,0,0,0,0,0,0,0,0,0,1,1,1,0,0,0,0,0,0,0,0,0,0,0,,,,,,,,,,,,,,,,,,,,,,,,,,,,,,,,,,,0,,,,,694.319
2449,Unscored (no condition data),PTrail,1264,,1.0,,0.0,0.0,0.0,,Asphalt,,,1,136.712,,,,,11,1,,trails,Dirt,0,0,0,0,0,0,0,0,0,0,0,0,1,2,2,0,0,0,0,0,0,0,0,0,0,0,3,0,0,0,0,0,0,0,0,0,0,0,0,0,0,0,0,0,0,0,0,0,0,0,0,0,0,0,0,0,0,0,0,0,0,0,0,0,0,0,0,0,0,0,0,0,0,0,0,0,0,0,0,0,0,0,0,0,1,1,1,0,0,0,0,0,0,0,0,0,0,0,,,,,,,,,,,,,,,,,,,,,,,,,,,,,,,,,,,0,,,,,136.712
2450,Unscored (no condition data),PTrail,1265,,1.0,,0.0,0.0,0.0,,Asphalt,,,1,216.139,,,,,16,1,,trails,Dirt,1,2,2,0,0,0,0,0,0,0,0,0,1,2,2,0,0,0,0,0,0,0,0,0,0,0,0,0,0,0,0,0,0,0,0,0,0,0,0,0,0,0,0,0,0,0,0,0,0,0,0,0,0,0,0,0,0,0,1,2,0,0,0,0,0,0,0,0,0,0,0,0,0,0,0,0,0,0,0,0,0,0,0,0,1,1,1,0,0,0,0,0,0,0,0,0,0,0,,,,,,,,,,,,,,,,,,,,,,,,,,,,,,,,,,,0,,,,,216.139
2451,Unscored (no condition data),PTrail,1266,,1.0,,0.0,0.0,0.0,,Asphalt,,,1,135.135,,,,,16,1,,trails,Dirt,1,2,2,0,0,0,0,0,0,0,0,0,1,2,2,0,0,0,0,0,0,0,0,0,0,0,0,0,0,0,0,0,0,0,0,0,0,0,0,0,0,0,0,0,0,0,0,0,0,0,0,0,0,0,0,0,0,0,1,2,0,0,0,0,0,0,0,0,0,0,0,0,0,0,0,0,0,0,0,0,0,0,0,0,1,1,1,0,0,0,0,0,0,0,0,0,0,0,,,,,,,,,,,,,,,,,,,,,,,,,,,,,,,,,,,0,,,,,135.135
2452,Unscored (no condition data),PTrail,1267,,1.0,,0.0,0.0,0.0,,Asphalt,,,1,2325.048,,,,,19,1,,trails,Dirt,1,2,2,0,0,0,0,0,0,0,0,0,1,2,2,0,0,0,0,0,0,0,0,0,0,0,3,0,0,0,0,0,0,0,0,0,0,0,0,0,0,0,0,0,0,0,0,0,0,0,0,0,0,0,0,0,0,0,1,2,0,0,0,0,0,0,0,0,0,0,0,0,0,0,0,0,0,0,0,0,0,0,0,0,1,1,1,0,0,0,0,0,0,0,0,0,0,0,,,,,,,,,,,,,,,,,,,,,,,,,,,,,,,,,,,0,,,,,2325.048
2453,Unscored (no condition data),PTrail,1268,,1.0,,0.0,0.0,0.0,,Asphalt,,,1,668.338,,,,,11,1,,trails,Dirt,1,2,0,0,0,0,0,0,0,0,0,0,1,2,2,0,0,0,0,0,0,0,0,0,0,0,0,0,0,0,0,0,0,0,0,0,0,0,0,0,0,0,0,0,0,0,0,0,0,0,0,0,0,0,0,0,0,0,0,0,0,0,0,0,0,0,0,0,0,0,0,0,0,0,0,0,0,0,0,0,0,0,0,0,1,1,1,0,0,0,0,0,0,0,0,0,0,0,,,,,,,,,,,,,,,,,,,,,,,,,,,,,,,,,,,0,,,,,668.338
2454,Unscored (no condition data),PTrail,1269,,1.0,,0.0,0.0,0.0,,Asphalt,,,1,430.102,,,,,16,1,,trails,Dirt,1,2,2,0,0,0,0,0,0,0,0,0,1,2,2,0,0,0,0,0,0,0,0,0,0,0,0,0,0,0,0,0,0,0,0,0,0,0,0,0,0,0,0,0,0,0,0,0,0,0,0,0,0,0,0,0,0,0,1,2,0,0,0,0,0,0,0,0,0,0,0,0,0,0,0,0,0,0,0,0,0,0,0,0,1,1,1,0,0,0,0,0,0,0,0,0,0,0,,,,,,,,,,,,,,,,,,,,,,,,,,,,,,,,,,,0,,,,,430.102
2455,Unscored (no condition data),PTrail,1270,,1.0,,0.0,0.0,0.0,,Asphalt,,,1,197.648,,,,,12,1,,trails,Dirt,1,2,0,0,0,0,0,0,0,0,0,0,1,2,2,0,0,0,0,0,0,0,0,0,0,0,0,0,0,0,0,0,0,0,0,0,0,0,0,0,0,0,0,0,0,0,0,0,0,0,0,0,0,0,0,0,0,0,1,0,0,0,0,0,0,0,0,0,0,0,0,0,0,0,0,0,0,0,0,0,0,0,0,0,1,1,1,0,0,0,0,0,0,0,0,0,0,0,,,,,,,,,,,,,,,,,,,,,,,,,,,,,,,,,,,0,,,,,197.648
2456,Unscored (no condition data),PTrail,1271,,1.0,,0.0,0.0,0.0,,Asphalt,,,1,1647.872,,,,,8,1,,trails,Dirt,0,0,0,0,0,0,0,0,0,0,0,0,1,2,2,0,0,0,0,0,0,0,0,0,0,0,0,0,0,0,0,0,0,0,0,0,0,0,0,0,0,0,0,0,0,0,0,0,0,0,0,0,0,0,0,0,0,0,0,0,0,0,0,0,0,0,0,0,0,0,0,0,0,0,0,0,0,0,0,0,0,0,0,0,1,1,1,0,0,0,0,0,0,0,0,0,0,0,,,,,,,,,,,,,,,,,,,,,,,,,,,,,,,,,,,0,,,,,1647.872
2457,Unscored (no condition data),PTrail,1272,,1.0,,0.0,0.0,0.0,,Asphalt,,,1,159.93,,,,,16,1,,trails,Dirt,1,2,2,0,0,0,0,0,0,0,0,0,1,2,2,0,0,0,0,0,0,0,0,0,0,0,0,0,0,0,0,0,0,0,0,0,0,0,0,0,0,0,0,0,0,0,0,0,0,0,0,0,0,0,0,0,0,0,1,2,0,0,0,0,0,0,0,0,0,0,0,0,0,0,0,0,0,0,0,0,0,0,0,0,1,1,1,0,0,0,0,0,0,0,0,0,0,0,,,,,,,,,,,,,,,,,,,,,,,,,,,,,,,,,,,0,,,,,159.93
2458,Unscored (no condition data),PTrail,1273,,1.0,,0.0,0.0,0.0,,Asphalt,,,1,794.185,,,,,8,1,,trails,Dirt,0,0,0,0,0,0,0,0,0,0,0,0,1,2,2,0,0,0,0,0,0,0,0,0,0,0,0,0,0,0,0,0,0,0,0,0,0,0,0,0,0,0,0,0,0,0,0,0,0,0,0,0,0,0,0,0,0,0,0,0,0,0,0,0,0,0,0,0,0,0,0,0,0,0,0,0,0,0,0,0,0,0,0,0,1,1,1,0,0,0,0,0,0,0,0,0,0,0,,,,,,,,,,,,,,,,,,,,,,,,,,,,,,,,,,,0,,,,,794.185
2459,Unscored (no condition data),PTrail,1274,,1.0,,0.0,0.0,0.0,,Asphalt,,,1,201.325,,,,,11,1,,trails,Dirt,1,2,0,0,0,0,0,0,0,0,0,0,1,2,2,0,0,0,0,0,0,0,0,0,0,0,0,0,0,0,0,0,0,0,0,0,0,0,0,0,0,0,0,0,0,0,0,0,0,0,0,0,0,0,0,0,0,0,0,0,0,0,0,0,0,0,0,0,0,0,0,0,0,0,0,0,0,0,0,0,0,0,0,0,1,1,1,0,0,0,0,0,0,0,0,0,0,0,,,,,,,,,,,,,,,,,,,,,,,,,,,,,,,,,,,0,,,,,201.325
2460,Unscored (no condition data),PTrail,1275,,1.0,,0.0,0.0,0.0,,Asphalt,,,1,1923.734,,,,,16,1,,trails,Dirt,1,2,2,0,0,0,0,0,0,0,0,0,1,2,2,0,0,0,0,0,0,0,0,0,0,0,0,0,0,0,0,0,0,0,0,0,0,0,0,0,0,0,0,0,0,0,0,0,0,0,0,0,0,0,0,0,0,0,1,2,0,0,0,0,0,0,0,0,0,0,0,0,0,0,0,0,0,0,0,0,0,0,0,0,1,1,1,0,0,0,0,0,0,0,0,0,0,0,,,,,,,,,,,,,,,,,,,,,,,,,,,,,,,,,,,0,,,,,1923.734
2461,Unscored (no condition data),PTrail,1276,,1.0,,0.0,0.0,0.0,,Asphalt,,,1,58.506,,,,,8,1,,trails,Dirt,0,0,0,0,0,0,0,0,0,0,0,0,1,2,2,0,0,0,0,0,0,0,0,0,0,0,0,0,0,0,0,0,0,0,0,0,0,0,0,0,0,0,0,0,0,0,0,0,0,0,0,0,0,0,0,0,0,0,0,0,0,0,0,0,0,0,0,0,0,0,0,0,0,0,0,0,0,0,0,0,0,0,0,0,1,1,1,0,0,0,0,0,0,0,0,0,0,0,,,,,,,,,,,,,,,,,,,,,,,,,,,,,,,,,,,0,,,,,58.506
2462,Unscored (no condition data),PTrail,1277,,1.0,,0.0,0.0,0.0,,Asphalt,,,1,163.338,,,,,17,1,,trails,Dirt,1,2,0,0,0,0,0,0,0,0,0,0,1,2,2,0,0,0,0,0,0,0,0,0,0,0,3,0,0,0,0,0,0,0,0,0,0,0,0,0,0,0,0,0,0,0,0,0,0,0,0,0,0,0,0,0,0,0,1,2,0,0,0,0,0,0,0,0,0,0,0,0,0,0,0,0,0,0,0,0,0,0,0,0,1,1,1,0,0,0,0,0,0,0,0,0,0,0,,,,,,,,,,,,,,,,,,,,,,,,,,,,,,,,,,,0,,,,,163.338
2463,Unscored (no condition data),PTrail,1279,,1.0,,0.0,0.0,0.0,,Asphalt,,,1,205.432,,,,,18,1,,trails,Dirt,1,2,2,0,0,0,0,0,0,0,0,0,1,2,2,0,0,0,0,0,0,0,0,0,0,0,0,0,0,0,0,0,0,0,0,0,0,0,0,0,0,0,0,0,0,0,0,0,0,0,0,0,0,0,0,0,0,0,1,2,2,0,0,0,0,0,0,0,0,0,0,0,0,0,0,0,0,0,0,0,0,0,0,0,1,1,1,0,0,0,0,0,0,0,0,0,0,0,,,,,,,,,,,,,,,,,,,,,,,,,,,,,,,,,,,0,,,,,205.432
2464,Unscored (no condition data),PTrail,1280,,1.0,,0.0,0.0,0.0,,Asphalt,,,1,56.117,,,,,16,1,,trails,Dirt,1,2,2,0,0,0,0,0,0,0,0,0,1,2,2,0,0,0,0,0,0,0,0,0,0,0,0,0,0,0,0,0,0,0,0,0,0,0,0,0,0,0,0,0,0,0,0,0,0,0,0,0,0,0,0,0,0,0,1,2,0,0,0,0,0,0,0,0,0,0,0,0,0,0,0,0,0,0,0,0,0,0,0,0,1,1,1,0,0,0,0,0,0,0,0,0,0,0,,,,,,,,,,,,,,,,,,,,,,,,,,,,,,,,,,,0,,,,,56.117
2465,Unscored (no condition data),PTrail,1281,,1.0,,0.0,0.0,0.0,,Asphalt,,,1,130.477,,,,,18,1,,trails,Dirt,1,2,2,0,0,0,0,0,0,0,0,0,1,2,2,0,0,0,0,0,0,0,0,0,0,0,0,0,0,0,0,0,0,0,0,0,0,0,0,0,0,0,0,0,0,0,0,0,0,0,0,0,0,0,0,0,0,0,1,2,2,0,0,0,0,0,0,0,0,0,0,0,0,0,0,0,0,0,0,0,0,0,0,0,1,1,1,0,0,0,0,0,0,0,0,0,0,0,,,,,,,,,,,,,,,,,,,,,,,,,,,,,,,,,,,0,,,,,130.477
2466,Unscored (no condition data),PTrail,1282,,1.0,,0.0,0.0,0.0,,Asphalt,,,1,131.721,,,,,13,1,,trails,Dirt,1,2,2,0,0,0,0,0,0,0,0,0,1,2,2,0,0,0,0,0,0,0,0,0,0,0,0,0,0,0,0,0,0,0,0,0,0,0,0,0,0,0,0,0,0,0,0,0,0,0,0,0,0,0,0,0,0,0,0,0,0,0,0,0,0,0,0,0,0,0,0,0,0,0,0,0,0,0,0,0,0,0,0,0,1,1,1,0,0,0,0,0,0,0,0,0,0,0,,,,,,,,,,,,,,,,,,,,,,,,,,,,,,,,,,,0,,,,,131.721
2467,Unscored (no condition data),PTrail,1283,,1.0,,0.0,0.0,0.0,,Asphalt,,,1,1767.629,,,,,6,1,,trails,Dirt,0,0,0,0,0,0,0,0,0,0,0,0,1,2,0,0,0,0,0,0,0,0,0,0,0,0,0,0,0,0,0,0,0,0,0,0,0,0,0,0,0,0,0,0,0,0,0,0,0,0,0,0,0,0,0,0,0,0,0,0,0,0,0,0,0,0,0,0,0,0,0,0,0,0,0,0,0,0,0,0,0,0,0,0,1,1,1,0,0,0,0,0,0,0,0,0,0,0,,,,,,,,,,,,,,,,,,,,,,,,,,,,,,,,,,,0,,,,,1767.629
2468,Unscored (no condition data),PTrail,1284,,1.0,,0.0,0.0,0.0,,Asphalt,,,1,1066.665,,,,,13,1,,trails,Dirt,1,2,2,0,0,0,0,0,0,0,0,0,1,2,2,0,0,0,0,0,0,0,0,0,0,0,0,0,0,0,0,0,0,0,0,0,0,0,0,0,0,0,0,0,0,0,0,0,0,0,0,0,0,0,0,0,0,0,0,0,0,0,0,0,0,0,0,0,0,0,0,0,0,0,0,0,0,0,0,0,0,0,0,0,1,1,1,0,0,0,0,0,0,0,0,0,0,0,,,,,,,,,,,,,,,,,,,,,,,,,,,,,,,,,,,0,,,,,1066.665
2469,Unscored (no condition data),PTrail,1285,,1.0,,0.0,0.0,0.0,,Asphalt,,,1,542.88,,,,,11,1,,trails,Dirt,1,2,0,0,0,0,0,0,0,0,0,0,1,2,2,0,0,0,0,0,0,0,0,0,0,0,0,0,0,0,0,0,0,0,0,0,0,0,0,0,0,0,0,0,0,0,0,0,0,0,0,0,0,0,0,0,0,0,0,0,0,0,0,0,0,0,0,0,0,0,0,0,0,0,0,0,0,0,0,0,0,0,0,0,1,1,1,0,0,0,0,0,0,0,0,0,0,0,,,,,,,,,,,,,,,,,,,,,,,,,,,,,,,,,,,0,,,,,542.88
2470,Unscored (no condition data),PTrail,1286,,1.0,,0.0,0.0,0.0,,Asphalt,,,1,389.151,,,,,16,1,,trails,Dirt,1,2,2,0,0,0,0,0,0,0,0,0,1,2,2,0,0,0,0,0,0,0,0,0,0,0,0,0,0,0,0,0,0,0,0,0,0,0,0,0,0,0,0,0,0,0,0,0,0,0,0,0,0,0,0,0,0,0,1,2,0,0,0,0,0,0,0,0,0,0,0,0,0,0,0,0,0,0,0,0,0,0,0,0,1,1,1,0,0,0,0,0,0,0,0,0,0,0,,,,,,,,,,,,,,,,,,,,,,,,,,,,,,,,,,,0,,,,,389.151
2471,Unscored (no condition data),PTrail,1287,,1.0,,0.0,0.0,0.0,,Asphalt,,,1,937.54,,,,,8,1,,trails,Dirt,0,0,0,0,0,0,0,0,0,0,0,0,1,2,2,0,0,0,0,0,0,0,0,0,0,0,0,0,0,0,0,0,0,0,0,0,0,0,0,0,0,0,0,0,0,0,0,0,0,0,0,0,0,0,0,0,0,0,0,0,0,0,0,0,0,0,0,0,0,0,0,0,0,0,0,0,0,0,0,0,0,0,0,0,1,1,1,0,0,0,0,0,0,0,0,0,0,0,,,,,,,,,,,,,,,,,,,,,,,,,,,,,,,,,,,0,,,,,937.54
2472,Unscored (no condition data),PTrail,1288,,1.0,,0.0,0.0,0.0,,Asphalt,,,1,642.328,,,,,16,1,,trails,Dirt,1,2,2,0,0,0,0,0,0,0,0,0,1,2,2,0,0,0,0,0,0,0,0,0,0,0,0,0,0,0,0,0,0,0,0,0,0,0,0,0,0,0,0,0,0,0,0,0,0,0,0,0,0,0,0,0,0,0,1,2,0,0,0,0,0,0,0,0,0,0,0,0,0,0,0,0,0,0,0,0,0,0,0,0,1,1,1,0,0,0,0,0,0,0,0,0,0,0,,,,,,,,,,,,,,,,,,,,,,,,,,,,,,,,,,,0,,,,,642.328
2473,Unscored (no condition data),PTrail,1289,,1.0,,0.0,0.0,0.0,,Asphalt,,,1,642.328,,,,,16,1,,trails,Dirt,1,2,2,0,0,0,0,0,0,0,0,0,1,2,2,0,0,0,0,0,0,0,0,0,0,0,0,0,0,0,0,0,0,0,0,0,0,0,0,0,0,0,0,0,0,0,0,0,0,0,0,0,0,0,0,0,0,0,1,2,0,0,0,0,0,0,0,0,0,0,0,0,0,0,0,0,0,0,0,0,0,0,0,0,1,1,1,0,0,0,0,0,0,0,0,0,0,0,,,,,,,,,,,,,,,,,,,,,,,,,,,,,,,,,,,0,,,,,642.328
2474,Unscored (no condition data),PTrail,1290,,1.0,,0.0,0.0,0.0,,Asphalt,,,1,519.784,,,,,21,1,,trails,Dirt,1,2,2,0,0,0,0,0,0,0,0,0,1,2,2,0,0,0,0,0,0,0,0,0,0,0,3,0,0,0,0,0,0,0,0,0,0,0,0,0,0,0,0,0,0,0,0,0,0,0,0,0,0,0,0,0,0,0,1,2,2,0,0,0,0,0,0,0,0,0,0,0,0,0,0,0,0,0,0,0,0,0,0,0,1,1,1,0,0,0,0,0,0,0,0,0,0,0,,,,,,,,,,,,,,,,,,,,,,,,,,,,,,,,,,,0,,,,,519.784
2475,Unscored (no condition data),PTrail,1295,,1.0,,0.0,0.0,0.0,,Asphalt,,,1,135.788,,,,,18,1,,trails,Dirt,1,2,2,0,0,0,0,0,0,0,0,0,0,0,0,0,0,0,0,0,0,0,0,0,0,5,0,0,0,0,0,0,0,0,0,0,0,0,0,0,0,0,0,0,0,0,0,0,0,0,0,0,0,0,0,0,0,0,0,0,0,0,0,0,0,0,0,0,0,0,0,0,0,0,0,0,0,0,0,0,0,0,0,0,1,1,1,0,0,0,0,0,0,0,0,0,5,0,,,,,,,,,,,,,,,,,,,,,,,,,,,,,,,,,,,0,,,,,135.788
2476,Unscored (no condition data),PTrail,1296,,1.0,,0.0,0.0,0.0,,Asphalt,,,1,58.862,,,,,18,1,,trails,Dirt,1,2,2,0,0,0,0,0,0,0,0,0,0,0,0,0,0,0,0,0,0,0,0,0,0,5,0,0,0,0,0,0,0,0,0,0,0,0,0,0,0,0,0,0,0,0,0,0,0,0,0,0,0,0,0,0,0,0,0,0,0,0,0,0,0,0,0,0,0,0,0,0,0,0,0,0,0,0,0,0,0,0,0,0,1,1,1,0,0,0,0,0,0,0,0,0,5,0,,,,,,,,,,,,,,,,,,,,,,,,,,,,,,,,,,,0,,,,,58.862
2477,Unscored (no condition data),PTrail,1305,,1.0,,0.0,0.0,0.0,,Asphalt,,,1,246.593,,,,,26,1,,trails,Dirt,1,2,2,1,2,2,0,0,0,0,0,0,0,0,0,0,0,0,0,0,0,0,0,0,0,5,0,0,0,0,0,0,0,0,0,0,0,0,0,0,0,0,0,0,0,0,0,0,0,0,0,0,0,0,0,0,0,0,0,0,0,0,0,0,0,0,0,0,0,0,0,0,0,1,2,0,0,0,0,0,0,0,0,0,1,1,1,0,0,0,0,0,0,0,0,0,5,0,,,,,,,,,,,,,,,,,,,,,,,,,,,,,,,,,,,0,,,,,246.593
2478,Unscored (no condition data),PTrail,1306,,1.0,,0.0,0.0,0.0,,Asphalt,,,1,215.513,,,,,22,1,,trails,Dirt,1,2,2,1,2,0,0,0,0,0,0,0,0,0,0,0,0,0,0,0,0,0,0,0,0,5,0,0,0,0,0,0,0,0,0,0,0,0,0,0,0,0,0,0,0,0,0,0,0,0,0,0,0,0,0,0,0,0,0,0,0,0,0,0,0,0,0,0,0,0,0,0,0,1,0,0,0,0,0,0,0,0,0,0,1,1,1,0,0,0,0,0,0,0,0,0,5,0,,,,,,,,,,,,,,,,,,,,,,,,,,,,,,,,,,,0,,,,,215.513
2479,Unscored (no condition data),PTrail,23071,,1.0,,0.0,0.0,0.0,,Stabilized Soil,,,1,126.35,,,,,25,1,,trails,Gravel,1,2,2,0,0,0,0,0,0,0,0,0,1,2,0,0,0,0,0,0,0,0,0,0,0,5,0,2,0,0,0,0,0,0,0,0,0,0,0,0,0,0,0,0,0,0,0,0,0,0,0,0,0,0,0,0,0,1,0,0,0,0,0,0,0,0,0,0,0,0,0,0,0,0,0,0,1,0,0,0,0,0,0,0,1,1,1,0,0,0,0,0,0,0,0,0,5,0,,,,,,,,,,,,,,,,,,,,,,,,,,,,,,,,,,,0,,,,,126.35
2480,Unscored (no condition data),PTrail,23072,,1.0,,0.0,0.0,0.0,,Stabilized Soil,,,1,24.753,,,,,24,1,,trails,Gravel,1,2,2,0,0,0,0,0,0,0,0,0,1,2,0,0,0,0,0,0,0,0,0,0,0,5,0,2,0,0,0,0,0,0,0,0,0,0,0,0,0,0,0,0,0,0,0,0,0,0,0,0,0,0,0,0,0,0,0,0,0,0,0,0,0,0,0,0,0,0,0,0,0,0,0,0,1,0,0,0,0,0,0,0,1,1,1,0,0,0,0,0,0,0,0,0,5,0,,,,,,,,,,,,,,,,,,,,,,,,,,,,,,,,,,,0,,,,,24.753
2481,Unscored (no condition data),PTrail,23073,,1.0,,0.0,0.0,0.0,,Asphalt,,,1,96.416,,,,,10,1,,trails,Dirt,1,2,2,0,0,0,0,0,0,0,0,0,1,0,0,0,0,0,1,0,0,0,0,0,0,0,0,0,0,0,0,0,0,0,0,0,0,0,0,0,0,0,0,0,0,0,0,0,0,0,0,0,0,0,0,0,0,0,0,0,0,0,0,0,0,0,0,0,0,0,0,0,0,0,0,0,0,0,0,0,0,0,0,0,1,1,1,0,0,0,0,0,0,0,0,0,0,0,,,,,,,,,,,,,,,,,,,,,,,,,,,,,,,,,,,0,,,,,96.416
2482,Unscored (no condition data),PTrail,23075,,1.0,,0.0,0.0,0.0,,Asphalt,,,1,17.756,,,,,18,1,,trails,Dirt,1,2,2,0,0,0,0,0,0,0,0,0,1,2,2,0,0,0,1,2,2,0,0,0,0,0,0,0,0,0,0,0,0,0,0,0,0,0,0,0,0,0,0,0,0,0,0,0,0,0,0,0,0,0,0,0,0,0,0,0,0,0,0,0,0,0,0,0,0,0,0,0,0,0,0,0,0,0,0,0,0,0,0,0,1,1,1,0,0,0,0,0,0,0,0,0,0,0,,,,,,,,,,,,,,,,,,,,,,,,,,,,,,,,,,,0,,,,,17.756
2483,Unscored (no condition data),PTrail,23076,,1.0,,0.0,0.0,0.0,,Asphalt,,,1,309.039,,,,,26,1,,trails,Dirt,1,2,2,0,0,0,0,0,0,0,0,0,1,2,2,0,0,0,1,2,2,0,0,0,0,5,0,0,0,0,0,0,0,0,0,0,0,0,0,0,0,0,0,0,0,0,0,0,0,0,0,0,0,0,0,0,0,0,0,0,0,0,0,0,0,0,0,0,0,0,0,0,0,0,0,0,0,0,0,0,0,0,0,0,1,1,1,0,0,0,0,0,0,0,0,0,0,3,,,,,,,,,,,,,,,,,,,,,,,,,,,,,,,,,,,0,,,,,309.039
2484,Unscored (no condition data),PTrail,23078,,1.0,,0.0,0.0,0.0,,Asphalt,,,1,8.109,,,,,18,1,,trails,Dirt,1,2,2,0,0,0,0,0,0,0,0,0,1,0,0,0,0,0,1,0,0,0,0,0,0,0,0,0,0,0,0,0,0,0,0,0,0,0,0,0,0,0,0,0,0,0,0,0,0,0,0,0,0,0,0,0,3,0,1,2,2,0,0,0,0,0,0,0,0,0,0,0,0,0,0,0,0,0,0,0,0,0,0,0,1,1,1,0,0,0,0,0,0,0,0,0,0,0,,,,,,,,,,,,,,,,,,,,,,,,,,,,,,,,,,,0,,,,,8.109
2485,Unscored (no condition data),PTrail,23077,,1.0,,0.0,0.0,0.0,,Asphalt,,,1,93.467,,,,,18,1,,trails,Dirt,1,2,2,0,0,0,0,0,0,0,0,0,1,0,0,0,0,0,1,0,0,0,0,0,0,0,0,0,0,0,0,0,0,0,0,0,0,0,0,0,0,0,0,0,0,0,0,0,0,0,0,0,0,0,0,0,3,0,1,2,2,0,0,0,0,0,0,0,0,0,0,0,0,0,0,0,0,0,0,0,0,0,0,0,1,1,1,0,0,0,0,0,0,0,0,0,0,0,,,,,,,,,,,,,,,,,,,,,,,,,,,,,,,,,,,0,,,,,93.467
