FeatureType,AssetID,source_layer,public_length_m,SurfaceMaterial,A2_400m_Score,A2_250m_Score,A2_100m_Score,A3_400m_Score,A3_250m_Score,A3_100m_Score,A4_400m_Score,A4_250m_Score,A4_100m_Score,B0_400m_Score,B0_250m_Score,B0_100m_Score,B1_400m_Score,B1_250m_Score,B1_100m_Score,B2_400m_Score,B2_250m_Score,B2_100m_Score,B3_400m_Score,B3_250m_Score,B3_100m_Score,C2_400m_Score,C2_250m_Score,C2_100m_Score,C3_0m_Score,C4_0m_Score,C5_0m_Score,C6_0m_Score,D0_400m_Score,D0_250m_Score,D0_100m_Score,D1_400m_Score,D1_250m_Score,D1_100m_Score,D2_400m_Score,D2_250m_Score,D2_100m_Score,D3_400m_Score,D3_250m_Score,D3_100m_Score,D4_400m_Score,D4_250m_Score,D4_100m_Score,E6_0m_Score,F1_400m_Score,F1_250m_Score,F1_100m_Score,F9_400m_Score,F9_250m_Score,F9_100m_Score,G0_400m_Score,G0_250m_Score,G0_100m_Score,G1_0m_Score,G2_0m_Score,G3_0m_Score,G4_0m_Score,G5_0m_Score,A1_400m_Score,A1_250m_Score,A1_100m_Score,E0_400m_Score,E0_250m_Score,E0_100m_Score,E1_400m_Score,E1_250m_Score,E1_100m_Score,E2_400m_Score,E2_250m_Score,E2_100m_Score,E3_400m_Score,E3_250m_Score,E3_100m_Score,C0_400m_Score,C0_250m_Score,C0_100m_Score,F0_400m_Score,F0_250m_Score,F0_100m_Score,F8_400m_Score,F8_250m_Score,F8_100m_Score,F2_0m_Score,F3_0m_Score,F4_0m_Score,F6_0m_Score,F7_0m_Score,A0_400m_Score,A0_250m_Score,A0_100m_Score,A5_400m_Score,A5_250m_Score,A5_100m_Score,C1_400m_Score,C1_250m_Score,C1_100m_Score,E4_0m_Score,E5_0m_Score,MI_Value_Public_Rebuild,MI_Score_Public_Rebuild,MI_Score_Public_Normalized,ConditionScore,AssetLength,DistressExtentRatio,WeightedDistressExtentRatio,U_Gap_L3,U_Grade_L3,U_Trip_L3,D_Crack_L1,D_Crack_L2,D_Crossfall_L1,D_Heave_L1,D_Heave_L2,D_Patch_L1,D_Patch_L2,D_Ponding_L1,D_Ponding_L2,D_Rough_L1,D_Rough_L2,D_Trip_L1,D_Trip_L2,D_Utility_L1,D_Utility_L2,T_Crossfall_L1,T_Culvert_L1,T_Obstruct_L1,T_Pond_L2,T_Rocks_L1,T_Roots_L1,T_Roots_L2,T_Rut_L1,T_Rut_L2,T_Veg_L1,T_Mud_L1,T_Pond_L1,T_Rocks_L2,T_Steps_L1,T_Structure_L1,Risk_Product_Public_MI_x_Condition
RPath,1,sidewalks,66.779,HMAC,1,2,2,1,2,0,1,2,0,0,0,0,1,2,0,0,0,0,0,0,0,0,0,0,0,0,0,2,0,0,0,0,0,0,0,0,0,0,0,0,0,0,0,0,0,0,0,0,1,1,1,2,2,5,0,0,3,1,0,0,0,0,0,0,1,0,0,0,0,0,0,0,0,1,0,0,1,0,0,0,0,0,0,3,1,1,1,0,0,0,0,0,0,0,0,0,5,0,46,3,2,3,68.6,0.219,0.219,,,,,0.219,,,,,,,,,,,,,,,,,,,,,,,,,,,,,6.0
RPath,2,sidewalks,169.426,CON,1,2,2,1,2,2,1,2,2,1,0,0,1,0,0,0,0,0,0,0,0,0,0,0,0,0,0,2,0,0,0,0,0,0,1,2,2,0,0,0,0,0,0,5,0,0,0,0,0,0,1,2,0,0,0,0,3,1,0,0,0,0,0,0,1,0,0,0,0,0,1,0,0,1,0,0,1,2,0,0,0,0,0,3,1,1,1,0,0,0,0,0,0,0,0,0,5,0,53,3,3,3,169.4,0.257,0.241,,,0.027,0.009,0.204,,,,,,,,,,,,0.018,,,,,,,,,,,,,,,,,9.0
RPath,3,sidewalks,111.178,CON,1,2,2,1,0,0,1,0,0,0,0,0,1,2,0,1,0,0,0,0,0,0,0,0,5,0,0,0,0,0,0,1,2,2,1,2,2,0,0,0,1,2,2,0,1,2,2,0,1,1,1,2,2,0,5,4,0,1,1,0,0,0,0,0,0,0,0,0,0,0,0,0,0,1,0,0,1,2,0,0,0,0,0,3,1,1,1,0,0,0,0,0,0,0,0,0,5,0,69,4,4,3,111.2,0.216,0.121,,,,0.108,0.081,,,,,,,,,,0.027,,,,,,,,,,,,,,,,,,,12.0
RPath,4,sidewalks,72.488,CON,1,2,2,1,0,0,1,0,0,1,2,0,1,2,2,0,0,0,0,0,0,1,2,2,0,0,0,2,0,0,0,0,0,0,1,2,0,0,0,0,0,0,0,5,0,0,0,0,1,0,1,2,0,0,0,0,0,1,0,0,0,0,0,0,1,2,0,1,2,2,1,2,2,1,2,0,1,2,0,0,0,0,5,3,0,0,1,0,0,0,0,0,0,0,0,0,5,0,68,4,4,3,72.3,0.249,0.249,,,,,0.249,,,,,,,,,,,,,,,,,,,,,,,,,,,,,12.0
RPath,5,sidewalks,229.372,CON,1,2,0,0,0,0,0,0,0,1,2,0,1,2,0,0,0,0,0,0,0,0,0,0,0,0,3,0,1,2,0,0,0,0,1,2,0,0,0,0,0,0,0,0,1,0,0,0,0,0,1,2,0,0,5,0,0,1,0,0,0,1,0,0,1,0,0,0,0,0,0,0,0,1,0,0,1,2,0,0,0,0,0,0,1,1,1,0,0,0,0,0,0,0,0,0,5,0,42,2,2,2,229.6,0.046,0.011,,,,0.046,,,,,,,,,,,,,,,,,,,,,,,,,,,,,,4.0
RPath,6,sidewalks,355.725,CON,1,2,0,0,0,0,0,0,0,1,2,0,1,2,0,1,0,0,0,0,0,0,0,0,0,0,3,0,1,2,2,0,0,0,1,2,0,0,0,0,0,0,0,0,1,2,2,0,0,0,1,2,2,0,5,0,0,0,0,0,0,1,2,0,1,0,0,0,0,0,0,0,0,1,2,0,1,2,0,1,0,0,0,0,1,1,1,1,0,0,0,0,0,1,0,0,5,0,57,3,3,2,350.5,0.107,0.029,,,,0.098,,,,,,,,,,,0.004,,0.004,,,,,,,,,,,,,,,,,6.0
RPath,9,sidewalks,63.096,HMAC,1,2,2,1,0,0,0,0,0,0,0,0,1,2,0,1,2,2,0,0,0,0,0,0,0,5,0,0,1,2,2,0,0,0,1,2,2,0,0,0,0,0,0,0,1,2,0,0,0,0,1,2,2,0,5,0,0,0,0,0,0,0,0,0,1,0,0,0,0,0,0,0,0,1,2,2,1,2,2,1,0,0,0,0,1,1,1,1,2,2,1,2,0,1,2,0,5,0,73,4,4,4,79.0,0.455,0.256,,,,0.228,0.152,,0.038,,,,,0.019,,,,0.019,,,,,,,,,,,,,,,,,,16.0
RPath,10,sidewalks,219.032,CON,1,2,2,1,2,0,1,2,0,0,0,0,1,2,2,0,0,0,0,0,0,0,0,0,0,5,0,2,0,0,0,1,2,0,1,2,2,1,2,0,0,0,0,0,0,0,0,0,1,1,1,2,2,5,5,4,3,0,0,0,0,0,0,0,1,0,0,0,0,0,1,2,0,1,2,2,1,0,0,0,0,0,5,0,1,1,1,0,0,0,0,0,0,0,0,0,5,0,81,4,4,3,218.2,0.192,0.101,,,,0.117,0.048,,,,,,,,,,0.007,,,0.021,,,,,,,,,,,,,,,,12.0
RPath,11,sidewalks,130.53,CON,1,2,2,1,2,0,1,0,0,0,0,0,0,0,0,0,0,0,0,0,0,0,0,0,5,5,0,2,0,0,0,0,0,0,1,2,2,0,0,0,0,0,0,0,0,0,0,0,1,1,1,2,2,5,5,0,0,1,0,0,0,0,0,0,1,2,0,0,0,0,1,2,0,1,2,0,1,2,2,0,0,0,5,0,1,0,1,0,0,0,0,0,0,0,0,0,5,0,70,4,4,3,132.8,0.181,0.138,,,,0.056,0.090,,,,,,,,,,,0.023,,0.011,,,,,,,,,,,,,,,,12.0
RPath,12,sidewalks,112.935,CON,1,2,2,1,0,0,1,0,0,0,0,0,0,0,0,0,0,0,0,0,0,0,0,0,0,0,0,2,0,0,0,0,0,0,1,2,2,0,0,0,0,0,0,0,0,0,0,0,1,1,1,2,0,5,5,0,0,1,0,0,0,0,0,0,1,0,0,0,0,0,1,2,0,1,0,0,1,2,2,0,0,0,0,3,1,0,1,0,0,0,0,0,0,0,0,0,5,0,50,3,3,2,117.1,0.102,0.086,,,,0.013,0.051,,,,,,,,,,0.013,0.026,,,,,,,,,,,,,,,,,,6.0
RPath,13,sidewalks,122.86,CON,1,2,2,0,0,0,0,0,0,0,0,0,0,0,0,1,0,0,0,0,0,0,0,0,0,0,0,2,0,0,0,0,0,0,1,2,2,0,0,0,0,0,0,0,0,0,0,0,1,1,1,2,2,5,5,0,3,1,0,0,0,0,0,0,1,0,0,0,0,0,1,2,0,1,0,0,1,2,2,0,0,0,0,3,1,0,1,0,0,0,0,0,0,0,0,0,5,0,54,3,3,2,127.3,0.094,0.094,,,,,0.094,,,,,,,,,,,,,,,,,,,,,,,,,,,,,6.0
RPath,14,sidewalks,22.412,CON,1,2,2,1,2,2,0,0,0,0,0,0,0,0,0,1,0,0,0,0,0,0,0,0,0,0,0,0,0,0,0,0,0,0,1,2,0,0,0,0,0,0,0,0,0,0,0,0,1,0,1,2,0,0,0,0,0,1,0,0,0,0,0,0,0,0,0,0,0,0,0,0,0,0,0,0,1,2,2,0,0,0,0,0,1,1,1,1,2,0,1,2,2,0,0,0,5,0,40,2,2,1,22.5,0.000,0.000,,,,,,,,,,,,,,,,,,,,,,,,,,,,,,,,,,2.0
RPath,15,sidewalks,9.948,CON,1,2,2,1,2,2,0,0,0,0,0,0,0,0,0,1,0,0,0,0,0,0,0,0,0,0,0,0,0,0,0,0,0,0,1,2,0,0,0,0,0,0,0,0,0,0,0,0,1,0,1,2,0,0,0,0,0,1,0,0,0,0,0,0,0,0,0,0,0,0,0,0,0,0,0,0,1,2,2,0,0,0,0,0,1,1,1,1,2,0,1,2,2,0,0,0,5,0,40,2,2,5,9.9,0.603,0.603,,,,,0.603,,,,,,,,,,,,,,,,,,,,,,,,,,,,,10.0
RPath,16,sidewalks,17.449,CON,1,2,2,1,0,0,0,0,0,0,0,0,0,0,0,1,2,0,0,0,0,0,0,0,5,0,0,0,0,0,0,0,0,0,1,2,2,0,0,0,1,2,0,0,1,2,2,0,1,1,1,2,2,5,5,0,0,0,0,0,0,0,0,0,1,2,0,0,0,0,0,0,0,0,0,0,1,2,0,0,0,0,0,0,1,1,1,0,0,0,0,0,0,0,0,0,5,0,58,3,3,5,22.0,0.681,0.681,,,0.136,,0.545,,,,,,,,,,,,,,,,,,,,,,,,,,,,,15.0
RPath,17,sidewalks,79.745,HMAC,1,2,2,1,2,0,1,2,0,0,0,0,1,2,0,1,2,0,0,0,0,0,0,0,0,0,0,2,0,0,0,0,0,0,0,0,0,0,0,0,0,0,0,0,0,0,0,0,1,1,1,2,2,0,0,0,3,1,0,0,0,0,0,0,0,0,0,0,0,0,0,0,0,1,0,0,1,2,2,0,0,0,5,3,1,0,0,0,0,0,0,0,0,0,0,0,5,0,50,3,3,5,79.7,0.922,0.922,,,0.019,,0.903,,,,,,,,,,,,,,,,,,,,,,,,,,,,,15.0
RPath,20,sidewalks,234.682,HMAC,1,2,2,1,0,0,1,0,0,0,0,0,1,2,2,1,0,0,0,0,0,0,0,0,5,5,0,0,0,0,0,0,0,0,1,2,2,1,2,2,1,2,2,0,1,0,0,0,0,0,1,2,2,0,5,4,3,0,0,0,0,0,0,0,0,0,0,0,0,0,0,0,0,0,0,0,0,0,0,0,0,0,5,0,1,1,1,1,2,2,0,0,0,0,0,0,5,0,74,4,4,4,239.2,0.376,0.296,,,,0.107,0.270,,,,,,,,,,,,,,,,,,,,,,,,,,,,,16.0
RPath,24,sidewalks,228.02,CON,1,2,2,1,2,0,1,2,0,0,0,0,0,0,0,1,0,0,0,0,0,0,0,0,0,0,0,2,0,0,0,1,2,0,1,0,0,0,0,0,1,2,0,0,1,0,0,0,0,0,1,2,2,0,0,0,3,1,0,0,0,0,0,0,0,0,0,0,0,0,0,0,0,0,0,0,0,0,0,0,0,0,5,3,1,1,0,0,0,0,0,0,0,0,0,0,5,0,46,3,2,3,228.0,0.132,0.123,,,,0.007,0.112,,,,,,,,,,,0.007,0.007,,,,,,,,,,,,,,,,,6.0
RPath,25,sidewalks,245.381,CON,1,2,0,1,2,0,1,2,0,0,0,0,1,2,0,0,0,0,0,0,0,0,0,0,5,0,0,2,0,0,0,1,2,2,1,0,0,0,0,0,1,2,2,0,1,2,0,0,0,0,1,2,2,0,0,4,3,1,0,0,0,0,0,0,0,0,0,0,0,0,0,0,0,0,0,0,0,0,0,0,0,0,5,3,1,1,1,1,0,0,0,0,0,0,0,0,5,0,63,3,3,2,243.2,0.074,0.065,,,,0.012,0.056,,,,,,,,,,,0.006,,,,,,,,,,,,,,,,,,6.0
RPath,34,sidewalks,96.685,HMAC,1,2,2,0,0,0,0,0,0,0,0,0,1,0,0,1,0,0,0,0,0,0,0,0,5,0,0,2,0,0,0,1,2,2,1,2,0,0,0,0,0,0,0,0,0,0,0,0,0,0,1,2,2,5,0,0,3,1,1,0,0,0,0,0,1,2,2,1,0,0,0,0,0,1,2,2,1,0,0,0,0,0,0,3,1,1,1,0,0,0,0,0,0,0,0,0,5,0,60,3,3,4,98.5,0.396,0.327,,,,0.091,0.305,,,,,,,,,,,,,,,,,,,,,,,,,,,,,12.0
RPath,35,sidewalks,15.79,HMAC,1,2,0,1,2,0,1,2,0,0,0,0,1,2,0,1,0,0,0,0,0,1,2,0,0,0,0,2,0,0,0,1,0,0,1,2,0,0,0,0,0,0,0,0,1,0,0,0,0,0,1,2,0,0,0,0,0,1,0,0,0,0,0,0,0,0,0,0,0,0,0,0,0,1,2,0,1,2,0,0,0,0,5,3,1,1,1,0,0,0,0,0,0,0,0,0,5,0,49,3,3,2,17.5,0.086,0.086,,,,,0.086,,,,,,,,,,,,,,,,,,,,,,,,,,,,,6.0
RPath,36,sidewalks,165.539,HMAC,1,2,0,1,0,0,1,0,0,0,0,0,1,2,2,1,0,0,0,0,0,1,0,0,0,0,0,2,0,0,0,1,0,0,1,2,2,0,0,0,0,0,0,0,1,0,0,0,1,0,1,2,2,5,0,0,3,1,1,0,0,0,0,0,0,0,0,0,0,0,0,0,0,1,2,0,1,2,2,0,0,0,5,3,1,1,1,0,0,0,0,0,0,0,0,0,5,0,61,3,3,4,169.6,0.469,0.303,,,,0.186,0.221,,,,,,,,,,0.053,0.009,,,,,,,,,,,,,,,,,,12.0
RPath,37,sidewalks,198.891,HMAC,1,2,2,1,0,0,1,0,0,0,0,0,1,2,0,1,0,0,0,0,0,1,0,0,0,0,0,2,0,0,0,1,2,0,1,2,2,0,0,0,0,0,0,0,1,0,0,0,0,0,1,2,2,5,0,0,3,1,1,2,0,0,0,0,1,0,0,0,0,0,0,0,0,1,2,2,1,2,0,0,0,0,5,3,1,1,1,0,0,0,0,0,0,0,0,0,5,0,65,4,3,4,198.9,0.347,0.272,,,,0.091,0.211,,,,,,,,,0.023,0.015,0.008,,,,,,,,,,,,,,,,,,12.0
RPath,38,sidewalks,135.872,CON,0,0,0,1,2,2,0,0,0,0,0,0,1,2,2,0,0,0,0,0,0,0,0,0,5,5,3,2,0,0,0,1,2,2,1,2,2,0,0,0,0,0,0,0,1,2,0,0,0,0,1,2,2,5,0,4,0,1,0,0,0,0,0,0,0,0,0,0,0,0,1,2,0,1,2,0,0,0,0,0,0,0,0,0,1,1,1,0,0,0,0,0,0,0,0,0,5,0,67,4,4,2,138.0,0.054,0.014,,,,0.043,,,,,,,,,0.011,,,,,,,,,,,,,,,,,,,,,8.0
RPath,40,sidewalks,197.583,CON,1,2,2,1,0,0,0,0,0,1,2,2,1,2,2,1,2,0,0,0,0,0,0,0,5,5,0,0,1,2,2,0,0,0,1,2,2,0,0,0,0,0,0,0,1,2,0,0,1,0,1,2,2,5,5,0,3,1,0,0,0,1,2,2,1,2,0,0,0,0,1,0,0,1,2,2,1,2,2,0,0,0,0,0,1,1,1,1,0,0,0,0,0,1,2,0,5,0,93,5,5,3,197.7,0.334,0.154,,,,0.235,0.091,,,,,,,,,,,,0.008,,,,,,,,,,,,,,,,,15.0
RPath,41,sidewalks,256.1,HMAC,1,2,2,1,0,0,1,0,0,0,0,0,1,2,2,1,0,0,0,0,0,1,2,0,0,5,0,2,0,0,0,1,0,0,1,2,2,0,0,0,0,0,0,0,1,2,0,0,1,1,1,2,2,5,0,0,3,1,1,0,0,0,0,0,0,0,0,0,0,0,0,0,0,1,2,0,1,2,2,0,0,0,5,3,1,1,1,0,0,0,0,0,0,0,0,0,5,0,73,4,4,4,256.1,0.457,0.359,,,,0.100,0.299,,,,,,,,0.023,0.023,0.006,,0.006,,,,,,,,,,,,,,,,,16.0
RPath,42,sidewalks,89.218,HMAC,1,0,0,0,0,0,1,0,0,1,0,0,1,2,2,0,0,0,0,0,0,0,0,0,5,5,0,2,0,0,0,0,0,0,1,2,2,0,0,0,0,0,0,0,1,0,0,0,0,0,1,2,2,0,5,0,0,1,0,0,0,0,0,0,0,0,0,0,0,0,0,0,0,0,0,0,0,0,0,0,0,0,0,0,1,1,1,1,2,2,0,0,0,0,0,0,5,0,50,3,3,3,94.0,0.255,0.136,,,,0.160,0.064,,,,,,,,,,,0.032,,,,,,,,,,,,,,,,,,9.0
RPath,43,sidewalks,91.522,HMAC,1,0,0,0,0,0,1,0,0,1,0,0,1,2,2,0,0,0,0,0,0,0,0,0,5,0,0,2,0,0,0,0,0,0,1,2,2,0,0,0,0,0,0,0,1,0,0,0,0,0,1,2,2,0,5,0,0,1,0,0,0,0,0,0,0,0,0,0,0,0,0,0,0,0,0,0,0,0,0,0,0,0,0,0,1,1,1,1,2,2,0,0,0,0,0,0,5,0,45,2,2,2,92.2,0.130,0.069,,,,0.081,0.049,,,,,,,,,,,,,,,,,,,,,,,,,,,,,4.0
RPath,44,sidewalks,205.362,HMAC,1,2,0,0,0,0,1,0,0,1,0,0,1,2,2,1,0,0,0,0,0,0,0,0,0,0,0,2,0,0,0,0,0,0,1,2,2,0,0,0,0,0,0,0,1,0,0,0,0,0,1,2,2,0,5,0,0,1,0,0,0,0,0,0,0,0,0,0,0,0,0,0,0,0,0,0,0,0,0,0,0,0,0,0,1,1,1,1,2,2,0,0,0,0,0,0,5,0,43,2,2,3,205.8,0.335,0.175,,,,0.204,0.095,,,,,,,,,,0.007,0.022,0.007,,,,,,,,,,,,,,,,,6.0
RPath,45,sidewalks,324.549,SS,1,0,0,0,0,0,1,0,0,1,0,0,1,2,2,1,0,0,0,0,0,0,0,0,5,5,0,2,0,0,0,0,0,0,1,2,2,0,0,0,0,0,0,0,1,0,0,0,0,0,1,2,2,0,5,0,0,1,0,0,0,0,0,0,0,0,0,0,0,0,0,0,0,0,0,0,0,0,0,0,0,0,0,0,1,1,1,1,2,0,0,0,0,0,0,0,5,0,49,3,3,1,328.4,0.000,0.000,,,,,,,,,,,,,,,,,,,,,,,,,,,,,,,,,,3.0
RPath,46,sidewalks,169.366,HMAC,1,2,2,1,0,0,1,0,0,0,0,0,1,2,0,1,2,0,0,0,0,0,0,0,0,0,0,2,0,0,0,1,2,0,1,2,0,0,0,0,0,0,0,0,0,0,0,0,0,0,1,2,0,0,0,0,0,1,0,0,0,0,0,0,0,0,0,1,0,0,0,0,0,1,0,0,1,0,0,0,0,0,5,3,1,0,0,0,0,0,0,0,0,0,0,0,5,0,42,2,2,4,169.0,0.346,0.306,,,,0.053,0.293,,,,,,,,,,,,,,,,,,,,,,,,,,,,,8.0
RPath,47,sidewalks,69.54,HMAC,1,2,2,1,0,0,0,0,0,0,0,0,1,2,0,0,0,0,0,0,0,0,0,0,0,5,0,2,0,0,0,0,0,0,1,2,2,0,0,0,0,0,0,0,1,2,0,0,0,0,1,2,0,0,0,0,3,1,0,0,0,0,0,0,0,0,0,0,0,0,0,0,0,1,2,0,1,2,0,1,0,0,5,3,1,1,1,0,0,0,1,0,0,0,0,0,5,0,55,3,3,4,69.5,0.453,0.431,,,,,0.410,,,,,,,,,,0.043,,,,,,,,,,,,,,,,,,,12.0
RPath,48,sidewalks,293.121,HMAC,1,0,0,0,0,0,0,0,0,0,0,0,1,2,2,0,0,0,1,2,2,0,0,0,0,0,3,0,0,0,0,1,0,0,1,0,0,0,0,0,0,0,0,0,1,0,0,0,1,0,1,2,0,0,0,0,3,1,0,0,0,0,0,0,0,0,0,0,0,0,0,0,0,1,2,0,1,2,2,1,0,0,0,0,1,1,1,0,0,0,0,0,0,0,0,0,5,0,42,2,2,4,293.1,0.491,0.487,,,,,0.486,,,,,,0.005,,,,,,,,,,,,,,,,,,,,,,,8.0
RPath,49,sidewalks,108.951,CON,1,2,2,1,0,0,1,0,0,0,0,0,1,0,0,1,2,2,0,0,0,0,0,0,5,5,0,2,0,0,0,1,2,0,1,2,2,0,0,0,1,0,0,0,1,2,0,0,1,1,1,2,2,5,5,0,0,1,0,0,0,0,0,0,1,2,0,0,0,0,0,0,0,1,2,2,0,0,0,0,0,0,0,3,0,0,0,0,0,0,0,0,0,0,0,0,5,0,71,4,4,1,112.0,0.013,0.007,,,,,,,,,,,,,,,0.013,,,,,,,,,,,,,,,,,,,4.0
RPath,50,sidewalks,68.611,HMAC,1,2,2,1,0,0,0,0,0,0,0,0,1,2,0,0,0,0,0,0,0,0,0,0,0,5,0,2,0,0,0,0,0,0,1,2,2,0,0,0,0,0,0,0,1,0,0,0,0,0,1,0,0,0,0,0,3,1,0,0,0,0,0,0,0,0,0,0,0,0,0,0,0,1,2,0,1,0,0,0,0,0,0,3,1,1,1,0,0,0,1,0,0,0,0,0,5,0,43,2,2,5,68.6,0.547,0.547,,,,,0.547,,,,,,,,,,,,,,,,,,,,,,,,,,,,,10.0
RPath,51,sidewalks,68.14,HMAC,1,2,2,1,0,0,0,0,0,0,0,0,1,2,0,0,0,0,0,0,0,0,0,0,0,5,0,2,0,0,0,0,0,0,1,2,2,0,0,0,0,0,0,0,0,0,0,0,0,0,0,0,0,0,0,0,3,1,0,0,0,0,0,0,0,0,0,0,0,0,0,0,0,1,2,0,0,0,0,0,0,0,0,3,1,1,1,0,0,0,1,0,0,0,0,0,5,0,40,2,2,5,68.1,0.792,0.792,,,,,0.792,,,,,,,,,,,,,,,,,,,,,,,,,,,,,10.0
RPath,52,sidewalks,69.715,HMAC,1,2,2,1,0,0,0,0,0,0,0,0,1,2,2,0,0,0,0,0,0,0,0,0,0,5,0,2,0,0,0,0,0,0,1,2,2,0,0,0,0,0,0,0,1,0,0,0,0,0,1,0,0,0,0,0,3,1,0,0,0,0,0,0,0,0,0,0,0,0,0,0,0,1,2,0,1,0,0,1,0,0,5,3,1,1,1,0,0,0,1,0,0,0,0,0,5,0,51,3,3,3,69.7,0.108,0.108,,,,,0.108,,,,,,,,,,,,,,,,,,,,,,,,,,,,,9.0
RPath,53,sidewalks,77.401,HMAC,1,2,2,1,2,0,1,2,0,0,0,0,1,2,2,0,0,0,0,0,0,0,0,0,0,0,0,2,0,0,0,0,0,0,1,2,2,0,0,0,0,0,0,0,1,0,0,0,0,0,1,2,2,0,0,0,3,1,0,0,0,0,0,0,1,2,0,0,0,0,1,2,2,1,2,2,1,2,0,0,0,0,5,3,1,0,0,0,0,0,0,0,0,0,0,0,5,0,63,3,3,4,77.4,0.426,0.426,,,,,0.407,,,,,,,,,,,0.019,,,,,,,,,,,,,,,,,,12.0
RPath,54,sidewalks,76.866,HMAC,1,2,2,1,2,2,1,2,2,0,0,0,1,2,2,0,0,0,0,0,0,0,0,0,5,5,0,2,0,0,0,1,0,0,1,2,0,0,0,0,0,0,0,0,1,0,0,0,0,0,1,0,0,0,0,0,0,1,0,0,0,0,0,0,1,2,2,0,0,0,1,2,0,1,2,2,1,2,2,0,0,0,5,3,1,0,0,0,0,0,0,0,0,0,0,0,5,0,71,4,4,3,76.0,0.138,0.128,,,,,0.118,,,,,,,,,,0.020,,,,,,,,,,,,,,,,,,,12.0
RPath,55,sidewalks,102.056,HMAC,1,2,2,1,2,2,1,2,0,0,0,0,1,2,2,0,0,0,0,0,0,0,0,0,0,5,0,2,0,0,0,0,0,0,1,0,0,0,0,0,0,0,0,0,0,0,0,0,0,0,1,2,0,5,0,0,3,1,0,0,0,0,0,0,1,2,0,0,0,0,1,0,0,1,2,0,1,2,2,0,0,0,0,3,1,1,1,0,0,0,0,0,0,0,0,0,5,0,61,3,3,4,103.7,0.463,0.463,,,,,0.448,,,,,,,,,,,0.014,,,,,,,,,,,,,,,,,,12.0
RPath,56,sidewalks,124.377,CON,1,2,2,1,0,0,1,0,0,0,0,0,1,2,0,1,0,0,0,0,0,0,0,0,5,0,0,0,0,0,0,1,2,2,1,2,2,0,0,0,1,2,2,0,1,2,2,0,1,1,1,2,2,5,5,4,0,0,1,0,0,0,0,0,0,0,0,0,0,0,0,0,0,0,0,0,1,2,0,0,0,0,0,3,1,1,1,0,0,0,0,0,0,0,0,0,5,0,72,4,4,3,124.4,0.229,0.133,,,,0.121,0.096,,,,,,,,,,0.012,,,,,,,,,,,,,,,,,,,12.0
RPath,57,sidewalks,73.634,HMAC,1,2,2,1,0,0,1,0,0,0,0,0,1,0,0,1,0,0,0,0,0,0,0,0,0,0,0,2,0,0,0,1,0,0,1,2,2,1,0,0,1,2,2,0,1,0,0,0,1,0,1,2,2,0,0,4,0,1,0,0,0,0,0,0,0,0,0,0,0,0,0,0,0,1,2,0,1,2,2,0,0,0,0,3,1,1,1,0,0,0,0,0,0,0,0,0,5,0,54,3,3,5,77.4,0.659,0.640,,,,,0.620,,,,,,,,,,0.039,,,,,,,,,,,,,,,,,,,15.0
RPath,58,sidewalks,99.77,HMAC,1,2,2,1,0,0,1,0,0,0,0,0,1,0,0,1,0,0,0,0,0,0,0,0,0,5,0,2,0,0,0,1,2,0,1,2,2,0,0,0,1,2,2,0,1,2,0,0,1,0,1,2,2,0,0,4,0,1,0,0,0,0,0,0,0,0,0,0,0,0,0,0,0,1,2,0,1,2,2,0,0,0,0,3,1,1,1,0,0,0,0,0,0,0,0,0,5,0,62,3,3,5,103.6,0.985,0.985,,,,,0.985,,,,,,,,,,,,,,,,,,,,,,,,,,,,,15.0
RPath,59,sidewalks,60.495,HMAC,1,2,2,1,0,0,1,0,0,0,0,0,1,0,0,1,2,0,0,0,0,0,0,0,0,0,0,2,0,0,0,1,2,2,1,2,2,0,0,0,1,2,2,0,1,2,2,0,1,0,1,2,2,0,0,4,0,1,0,0,0,0,0,0,0,0,0,0,0,0,0,0,0,1,0,0,1,2,0,0,0,0,0,3,1,1,1,0,0,0,0,0,0,0,0,0,5,0,59,3,3,5,63.9,0.986,0.986,,,,,0.986,,,,,,,,,,,,,,,,,,,,,,,,,,,,,15.0
RPath,60,sidewalks,157.661,SS,1,2,2,1,2,0,0,0,0,0,0,0,1,2,2,0,0,0,0,0,0,0,0,0,0,5,0,0,0,0,0,1,2,0,1,0,0,1,0,0,1,2,2,0,1,0,0,0,1,0,1,2,2,0,5,0,0,0,1,2,0,0,0,0,0,0,0,0,0,0,0,0,0,0,0,0,1,2,2,0,0,0,0,0,1,1,1,0,0,0,1,0,0,0,0,0,5,0,57,3,3,1,157.7,0.000,0.000,,,,,,,,,,,,,,,,,,,,,,,,,,,,,,,,,,3.0
RPath,61,sidewalks,85.077,HMAC,1,2,2,1,0,0,1,0,0,1,0,0,1,0,0,0,0,0,0,0,0,0,0,0,0,0,3,0,0,0,0,0,0,0,1,2,2,0,0,0,0,0,0,0,1,0,0,0,0,0,1,2,2,0,5,0,0,1,0,0,0,0,0,0,0,0,0,0,0,0,0,0,0,1,2,0,1,2,2,0,0,0,5,0,1,1,1,0,0,0,0,0,0,0,0,0,5,0,50,3,3,2,88.1,0.204,0.089,,,,0.153,0.051,,,,,,,,,,,,,,,,,,,,,,,,,,,,,6.0
RPath,62,sidewalks,151.658,HMAC,1,2,2,1,0,0,1,0,0,0,0,0,1,2,0,0,0,0,0,0,0,0,0,0,0,0,0,2,0,0,0,0,0,0,1,2,2,0,0,0,0,0,0,5,1,0,0,0,0,0,1,2,2,0,0,0,3,1,0,0,0,0,0,0,1,2,0,1,0,0,1,2,2,1,0,0,1,2,2,0,0,0,5,3,1,0,0,0,0,0,0,0,0,0,0,0,5,0,61,3,3,4,155.0,0.358,0.302,,,0.029,,0.165,,,,0.019,,,0.048,0.048,0.019,0.010,0.019,,,,,,,,,,,,,,,,,,12.0
RPath,63,sidewalks,153.973,HMAC,1,2,0,1,0,0,0,0,0,0,0,0,1,2,0,0,0,0,0,0,0,0,0,0,0,0,0,2,0,0,0,0,0,0,1,2,0,0,0,0,0,0,0,5,1,0,0,0,0,0,1,2,0,0,0,0,0,1,0,0,0,0,0,0,1,0,0,1,2,0,1,2,0,0,0,0,1,2,0,0,0,0,5,3,0,0,0,0,0,0,0,0,0,0,0,0,5,0,45,2,2,4,154.0,0.351,0.265,,,,0.107,0.234,,,,,,,,,,0.010,,,,,,,,,,,,,,,,,,,8.0
RPath,64,sidewalks,152.45,HMAC,1,2,0,1,0,0,1,0,0,0,0,0,1,2,0,0,0,0,0,0,0,0,0,0,5,0,0,2,0,0,0,0,0,0,1,2,2,0,0,0,0,0,0,5,1,2,0,0,0,0,1,2,2,0,0,0,3,1,0,0,0,0,0,0,1,2,2,1,2,0,1,2,0,1,0,0,1,2,0,0,0,0,5,3,1,0,0,0,0,0,0,0,0,0,0,0,5,0,66,4,3,3,154.4,0.282,0.209,,,0.029,0.078,0.126,,,,,,,0.010,,,0.019,,0.010,0.010,,,,,,,,,,,,,,,,9.0
RPath,65,sidewalks,83.792,HMAC,1,2,2,0,0,0,0,0,0,0,0,0,1,2,0,0,0,0,0,0,0,0,0,0,0,0,0,2,0,0,0,1,0,0,1,2,0,0,0,0,0,0,0,0,0,0,0,0,0,0,1,2,0,0,0,0,0,1,0,0,0,0,0,0,0,0,0,1,2,0,0,0,0,1,2,0,1,2,0,0,0,0,5,3,1,0,0,0,0,0,0,0,0,0,0,0,5,0,41,2,2,3,83.8,0.448,0.224,,,,0.215,0.107,,,,,0.036,,,0.072,,0.018,,,,,,,,,,,,,,,,,,,6.0
RPath,66,sidewalks,92.444,HMAC,1,2,0,1,0,0,0,0,0,0,0,0,1,2,0,0,0,0,0,0,0,1,0,0,0,0,0,2,0,0,0,1,0,0,1,2,2,0,0,0,0,0,0,0,1,0,0,0,1,1,1,2,0,0,0,0,0,1,0,0,0,0,0,0,0,0,0,0,0,0,1,0,0,1,2,2,1,0,0,0,0,0,5,3,0,0,0,0,0,0,0,0,0,1,2,0,5,0,46,3,2,2,153.6,0.049,0.012,,,,0.039,,,0.010,,,,,,,,,,,,,,,,,,,,,,,,,,,4.0
RPath,67,sidewalks,160.568,HMAC,1,2,2,1,2,0,0,0,0,0,0,0,1,2,2,0,0,0,0,0,0,1,2,0,0,0,0,2,0,0,0,1,0,0,1,2,0,0,0,0,0,0,0,0,1,0,0,0,1,0,1,2,0,0,0,0,0,1,0,0,0,0,0,0,0,0,0,0,0,0,1,2,0,1,2,2,1,0,0,0,0,0,5,3,0,0,0,0,0,0,0,0,0,1,0,0,5,0,51,3,3,2,160.6,0.056,0.014,,,,0.056,,,,,,,,,,,,,,,,,,,,,,,,,,,,,,6.0
RPath,68,sidewalks,80.084,HMAC,1,2,0,1,2,0,1,2,0,0,0,0,1,2,0,1,2,2,0,0,0,1,0,0,0,0,0,2,0,0,0,0,0,0,1,2,2,0,0,0,0,0,0,0,1,0,0,0,0,0,1,0,0,5,5,0,0,1,0,0,0,0,0,0,0,0,0,0,0,0,1,0,0,1,2,2,1,2,0,0,0,0,0,3,1,0,1,0,0,0,0,0,0,0,0,0,5,0,57,3,3,2,80.2,0.094,0.037,,,,0.075,0.019,,,,,,,,,,,,,,,,,,,,,,,,,,,,,6.0
RPath,69,sidewalks,71.756,HMAC,1,2,0,1,2,0,1,2,0,0,0,0,1,2,0,1,2,2,0,0,0,0,0,0,0,0,0,2,0,0,0,0,0,0,1,2,2,0,0,0,0,0,0,0,1,0,0,0,0,0,1,0,0,5,5,0,0,1,0,0,0,0,0,0,0,0,0,0,0,0,1,0,0,1,2,2,1,2,0,0,0,0,0,3,1,0,1,0,0,0,0,0,0,0,0,0,5,0,56,3,3,2,72.1,0.125,0.031,,,,0.125,,,,,,,,,,,,,,,,,,,,,,,,,,,,,,6.0
RPath,70,sidewalks,74.987,HMAC,1,2,0,1,2,0,1,2,0,0,0,0,1,2,0,1,0,0,0,0,0,0,0,0,0,0,0,2,0,0,0,0,0,0,1,2,2,0,0,0,0,0,0,0,1,2,0,0,1,0,1,2,0,5,5,0,0,1,0,0,0,0,0,0,0,0,0,0,0,0,0,0,0,1,2,0,1,0,0,0,0,0,0,3,0,0,1,0,0,0,0,0,0,1,0,0,5,0,52,3,3,2,75.0,0.100,0.025,,,,0.100,,,,,,,,,,,,,,,,,,,,,,,,,,,,,,6.0
RPath,71,sidewalks,77.585,HMAC,1,2,0,1,2,0,1,2,0,0,0,0,1,2,0,1,2,0,0,0,0,0,0,0,0,0,0,2,0,0,0,0,0,0,1,2,2,0,0,0,0,0,0,0,1,2,0,0,1,0,1,2,0,5,5,0,0,1,0,0,0,0,0,0,0,0,0,0,0,0,0,0,0,1,2,0,1,0,0,0,0,0,0,3,1,0,1,0,0,0,0,0,0,1,0,0,5,0,55,3,3,2,77.8,0.154,0.039,,,,0.154,,,,,,,,,,,,,,,,,,,,,,,,,,,,,,6.0
RPath,72,sidewalks,71.953,HMAC,1,2,0,1,2,0,1,2,0,0,0,0,1,2,0,1,2,0,0,0,0,0,0,0,0,0,0,2,0,0,0,0,0,0,1,2,2,0,0,0,0,0,0,0,1,2,0,0,0,0,1,2,0,5,5,0,0,1,0,0,0,0,0,0,0,0,0,0,0,0,0,0,0,1,2,0,1,2,0,0,0,0,0,3,1,0,1,0,0,0,0,0,0,1,0,0,5,0,56,3,3,2,72.0,0.104,0.042,,,,0.083,0.021,,,,,,,,,,,,,,,,,,,,,,,,,,,,,6.0
RPath,73,sidewalks,131.499,HMAC,0,0,0,0,0,0,0,0,0,0,0,0,1,2,2,0,0,0,1,2,2,0,0,0,0,5,3,0,0,0,0,1,0,0,1,0,0,0,0,0,0,0,0,0,1,0,0,0,1,1,1,2,2,0,0,0,3,1,0,0,0,0,0,0,0,0,0,0,0,0,0,0,0,0,0,0,1,2,2,0,0,0,0,0,1,1,1,0,0,0,0,0,0,1,0,0,5,0,46,3,2,5,135.2,0.965,0.965,,,,,0.965,,,,,,,,,,,,,,,,,,,,,,,,,,,,,10.0
RPath,74,sidewalks,76.83,HMAC,1,2,0,1,0,0,1,0,0,0,0,0,1,0,0,1,0,0,0,0,0,0,0,0,0,0,0,2,0,0,0,0,0,0,1,2,2,0,0,0,0,0,0,0,0,0,0,0,1,1,1,2,2,5,0,4,0,1,0,0,0,0,0,0,0,0,0,0,0,0,0,0,0,1,2,0,1,2,0,0,0,0,5,3,0,0,0,0,0,0,0,0,0,0,0,0,5,0,50,3,3,2,73.6,0.081,0.020,,,,0.081,,,,,,,,,,,,,,,,,,,,,,,,,,,,,,6.0
RPath,75,sidewalks,78.946,HMAC,1,2,0,1,2,0,1,2,0,0,0,0,1,0,0,1,2,0,0,0,0,0,0,0,0,0,0,2,0,0,0,0,0,0,1,2,2,0,0,0,0,0,0,0,1,0,0,0,1,1,1,2,2,5,0,4,0,1,0,0,0,0,0,0,0,0,0,0,0,0,0,0,0,1,2,0,1,2,0,0,0,0,0,3,0,0,0,0,0,0,0,0,0,0,0,0,5,0,52,3,3,3,73.5,0.367,0.184,,,,0.245,0.122,,,,,,,,,,,,,,,,,,,,,,,,,,,,,9.0
RPath,76,sidewalks,76.789,HMAC,1,2,2,1,2,0,1,0,0,0,0,0,0,0,0,1,2,0,0,0,0,0,0,0,0,0,0,2,0,0,0,0,0,0,1,2,2,0,0,0,0,0,0,0,1,0,0,0,1,1,1,2,2,5,0,4,0,1,0,0,0,0,0,0,0,0,0,0,0,0,0,0,0,1,0,0,1,2,0,0,0,0,5,3,0,0,0,0,0,0,0,0,0,0,0,0,5,0,54,3,3,2,73.7,0.081,0.020,,,,0.081,,,,,,,,,,,,,,,,,,,,,,,,,,,,,,6.0
RPath,77,sidewalks,85.378,HMAC,1,2,2,1,2,2,1,0,0,0,0,0,0,0,0,1,0,0,0,0,0,0,0,0,0,0,0,2,0,0,0,0,0,0,1,2,2,0,0,0,0,0,0,0,1,0,0,0,1,1,1,2,2,5,0,0,0,1,0,0,0,0,0,0,0,0,0,0,0,0,0,0,0,0,0,0,1,2,2,0,0,0,5,3,1,1,1,0,0,0,1,2,0,0,0,0,5,0,57,3,3,2,85.2,0.070,0.031,,,,0.053,0.018,,,,,,,,,,,,,,,,,,,,,,,,,,,,,6.0
RPath,78,sidewalks,144.911,HMAC,1,2,2,1,2,2,1,0,0,0,0,0,0,0,0,1,2,2,0,0,0,0,0,0,0,0,0,2,0,0,0,0,0,0,1,2,2,0,0,0,0,0,0,0,1,0,0,0,1,1,1,2,2,5,5,4,0,1,0,0,0,0,0,0,1,0,0,0,0,0,0,0,0,0,0,0,1,2,2,0,0,0,5,3,1,1,1,0,0,0,1,0,0,0,0,0,5,0,69,4,4,2,144.9,0.072,0.021,,,,0.062,,,,,,,,,,,,,0.010,,,,,,,,,,,,,,,,,8.0
RPath,79,sidewalks,76.841,HMAC,1,2,2,1,2,0,1,0,0,0,0,0,0,0,0,1,2,2,0,0,0,0,0,0,0,0,0,2,0,0,0,0,0,0,1,2,2,0,0,0,0,0,0,0,1,0,0,0,1,1,1,2,2,5,0,4,0,1,0,0,0,0,0,0,0,0,0,0,0,0,0,0,0,1,0,0,1,2,0,0,0,0,0,3,0,0,0,0,0,0,0,0,0,0,0,0,5,0,51,3,3,2,74.5,0.322,0.080,,,,0.322,,,,,,,,,,,,,,,,,,,,,,,,,,,,,,6.0
RPath,80,sidewalks,77.917,HMAC,1,2,0,1,0,0,1,0,0,0,0,0,1,0,0,1,2,0,0,0,0,0,0,0,0,0,0,2,0,0,0,0,0,0,1,2,2,0,0,0,0,0,0,0,1,0,0,0,1,1,1,2,2,5,0,4,0,1,0,0,0,0,0,0,0,0,0,0,0,0,0,0,0,1,0,0,1,2,0,0,0,0,5,3,0,0,0,0,0,0,0,0,0,0,0,0,5,0,51,3,3,2,72.6,0.103,0.026,,,,0.103,,,,,,,,,,,,,,,,,,,,,,,,,,,,,,6.0
RPath,81,sidewalks,76.119,HMAC,1,2,0,1,0,0,1,0,0,0,0,0,1,0,0,1,2,0,0,0,0,0,0,0,0,0,0,2,0,0,0,0,0,0,1,2,2,0,0,0,0,0,0,0,1,0,0,0,1,1,1,2,2,5,0,4,0,1,0,0,0,0,0,0,0,0,0,0,0,0,0,0,0,1,0,0,1,0,0,0,0,0,0,3,0,0,0,0,0,0,0,0,0,0,0,0,5,0,44,2,2,2,73.5,0.286,0.071,,,,0.286,,,,,,,,,,,,,,,,,,,,,,,,,,,,,,4.0
RPath,83,sidewalks,86.289,CON,1,0,0,1,0,0,0,0,0,0,0,0,1,2,2,1,2,2,0,0,0,0,0,0,0,0,0,2,0,0,0,0,0,0,1,2,2,0,0,0,0,0,0,0,0,0,0,0,1,1,1,2,2,0,5,0,0,1,0,0,0,0,0,0,0,0,0,0,0,0,0,0,0,0,0,0,1,2,0,0,0,0,0,0,1,1,1,0,0,0,0,0,0,1,2,2,5,0,48,3,2,2,130.4,0.161,0.040,,,,0.161,,,,,,,,,,,,,,,,,,,,,,,,,,,,,,4.0
RPath,85,sidewalks,216.993,HMAC,1,2,2,1,0,0,0,0,0,0,0,0,1,2,0,1,2,0,0,0,0,1,2,0,5,0,0,2,0,0,0,1,2,2,1,2,2,0,0,0,1,2,0,5,1,2,0,0,1,0,1,2,2,0,0,0,3,1,1,0,0,1,2,2,1,2,0,1,2,0,1,2,0,1,0,0,1,0,0,0,0,0,0,3,1,0,1,0,0,0,0,0,0,0,0,0,5,0,80,4,4,5,217.0,0.940,0.940,,,,,0.940,,,,,,,,,,,,,,,,,,,,,,,,,,,,,20.0
RPath,86,sidewalks,76.894,HMAC,1,2,2,1,0,0,0,0,0,0,0,0,1,2,2,1,2,0,0,0,0,1,2,0,0,5,0,2,0,0,0,1,2,0,1,2,2,0,0,0,1,0,0,0,1,2,0,0,0,0,1,2,2,5,5,0,3,1,0,0,0,1,2,0,1,2,0,1,2,2,1,0,0,1,0,0,1,0,0,0,0,0,5,3,1,0,1,0,0,0,0,0,0,0,0,0,5,0,84,5,4,4,76.6,0.490,0.465,,,,0.020,0.451,,,,,,,,,,0.020,,,,,,,,,,,,,,,,,,,16.0
RPath,87,sidewalks,172.637,CON,1,2,2,0,0,0,0,0,0,1,0,0,1,2,2,1,2,0,0,0,0,1,2,2,5,0,0,0,1,0,0,1,2,0,1,2,2,0,0,0,1,2,2,5,1,2,2,0,1,1,1,2,2,5,5,0,0,1,1,2,2,1,2,0,1,0,0,1,0,0,1,0,0,1,0,0,1,2,0,0,0,0,0,3,1,1,1,1,0,0,0,0,0,0,0,0,5,0,93,5,5,2,172.9,0.156,0.048,,,,0.139,0.009,,,,,,,,,,,,0.009,,,,,,,,,,,,,,,,,10.0
RPath,88,sidewalks,79.562,CON,1,2,0,1,2,0,1,0,0,1,2,0,1,2,0,1,0,0,0,0,0,1,2,0,0,0,0,2,1,0,0,0,0,0,1,2,0,0,0,0,1,2,0,5,1,2,0,0,1,0,1,2,0,0,0,0,0,1,1,2,0,0,0,0,0,0,0,0,0,0,0,0,0,1,0,0,1,2,2,0,0,0,0,3,1,0,1,1,0,0,0,0,0,0,0,0,5,0,59,3,3,1,79.6,0.019,0.005,,,,0.019,,,,,,,,,,,,,,,,,,,,,,,,,,,,,,3.0
RPath,89,sidewalks,175.886,HMAC,1,2,0,1,0,0,1,0,0,1,2,0,1,2,2,1,2,0,0,0,0,1,2,2,5,0,0,2,1,2,0,1,0,0,1,2,2,0,0,0,1,2,2,5,1,2,2,0,1,1,1,2,2,5,5,0,0,1,1,2,2,0,0,0,0,0,0,0,0,0,0,0,0,1,2,0,1,2,0,0,0,0,0,3,1,1,1,1,2,0,0,0,0,0,0,0,5,0,95,5,5,2,177.3,0.305,0.076,,,,0.305,,,,,,,,,,,,,,,,,,,,,,,,,,,,,,10.0
RPath,90,sidewalks,105.303,HMAC,1,2,2,0,0,0,0,0,0,0,0,0,1,2,2,1,2,2,0,0,0,1,2,2,0,5,0,0,0,0,0,1,2,0,1,2,2,0,0,0,1,2,2,5,1,2,0,0,1,1,1,2,2,5,5,0,3,1,1,0,0,1,2,0,1,0,0,1,0,0,0,0,0,1,2,0,1,2,0,0,0,0,0,0,1,0,1,0,0,0,0,0,0,0,0,0,5,0,86,5,5,3,105.3,0.385,0.121,,,,0.342,0.028,,,,,,,,,,,,0.014,,,,,,,,,,,,,,,,,15.0
RPath,91,sidewalks,101.059,CON,1,0,0,0,0,0,0,0,0,0,0,0,1,2,2,1,0,0,0,0,0,1,2,2,0,5,0,2,0,0,0,0,0,0,1,2,0,0,0,0,0,0,0,5,1,0,0,0,1,0,1,2,0,0,0,0,0,1,0,0,0,0,0,0,0,0,0,1,0,0,1,0,0,1,2,0,1,2,0,0,0,0,5,3,1,0,1,0,0,0,0,0,0,0,0,0,5,0,56,3,3,2,99.0,0.136,0.034,,,,0.136,,,,,,,,,,,,,,,,,,,,,,,,,,,,,,6.0
RPath,92,sidewalks,112.559,HMAC,1,2,0,0,0,0,0,0,0,1,0,0,1,2,2,1,2,0,0,0,0,1,2,2,5,5,0,2,1,0,0,1,0,0,1,2,2,0,0,0,1,2,2,5,1,2,2,0,1,1,1,2,2,5,5,0,0,1,1,2,2,1,0,0,0,0,0,0,0,0,0,0,0,1,0,0,1,2,0,0,0,0,0,3,1,1,1,1,0,0,0,0,0,0,0,0,5,0,91,5,5,4,115.8,0.363,0.356,,,,,0.350,,,,,,,,,,,,0.013,,,,,,,,,,,,,,,,,20.0
RPath,93,sidewalks,76.181,PB,1,0,0,1,0,0,1,0,0,0,0,0,1,2,0,1,2,0,0,0,0,0,0,0,5,0,0,0,0,0,0,1,2,0,1,2,2,0,0,0,0,0,0,0,1,2,2,0,0,0,1,0,0,0,5,4,0,1,0,0,0,1,2,0,1,2,0,1,0,0,1,0,0,1,2,0,1,0,0,0,0,0,5,3,1,0,0,0,0,0,0,0,0,0,0,0,5,0,64,4,3,2,77.6,0.097,0.048,,,,,,,,,,,,,,,0.039,,0.058,,,,,,,,,,,,,,,,,6.0
RPath,94,sidewalks,76.596,PB,1,0,0,1,0,0,0,0,0,0,0,0,1,2,0,1,2,0,0,0,0,0,0,0,5,0,0,0,0,0,0,1,2,0,1,2,2,0,0,0,0,0,0,0,1,2,2,0,0,0,1,0,0,0,5,4,0,1,0,0,0,1,2,0,1,2,0,1,0,0,1,2,0,1,2,0,1,0,0,0,0,0,5,3,1,0,0,0,0,0,0,0,0,0,0,0,5,0,65,4,3,2,76.2,0.079,0.034,,,,,,,,,,,0.020,,,,0.059,,,,,,,,,,,,,,,,,,,6.0
RPath,95,sidewalks,173.581,HMAC,1,2,0,1,2,0,1,2,0,0,0,0,1,0,0,1,0,0,0,0,0,0,0,0,0,0,0,2,0,0,0,1,0,0,1,2,2,0,0,0,0,0,0,5,1,2,0,0,1,1,1,2,2,5,5,0,0,1,0,0,0,0,0,0,1,2,0,0,0,0,1,2,0,1,2,0,1,2,2,0,0,0,5,3,0,0,1,1,2,2,0,0,0,0,0,0,5,0,78,4,4,4,177.2,0.262,0.258,,,,,0.220,,,,,,,,,,,,0.008,0.034,,,,,,,,,,,,,,,,16.0
RPath,98,sidewalks,62.47,HMAC,1,2,0,1,0,0,0,0,0,0,0,0,1,2,0,1,2,0,1,0,0,0,0,0,5,0,0,0,0,0,0,1,2,2,1,2,2,0,0,0,0,0,0,0,1,2,2,0,1,1,1,2,2,5,5,0,3,0,0,0,0,0,0,0,1,2,0,0,0,0,1,2,0,1,2,0,1,2,0,0,0,0,0,3,1,1,1,1,0,0,0,0,0,0,0,0,5,0,75,4,4,3,62.5,0.336,0.138,,,,0.264,0.048,,,,,,,,,,,,,0.024,,,,,,,,,,,,,,,,12.0
RPath,99,sidewalks,86.411,HMAC,1,2,0,1,2,0,0,0,0,0,0,0,1,2,2,1,2,2,1,0,0,0,0,0,5,5,0,2,0,0,0,1,2,2,1,2,2,0,0,0,0,0,0,5,1,2,0,0,1,1,1,2,2,5,5,0,0,1,0,0,0,0,0,0,1,2,2,0,0,0,1,2,2,1,2,2,1,2,2,0,0,0,5,3,0,0,0,1,2,0,0,0,0,0,0,0,5,0,101,5,5,3,86.8,0.449,0.142,,,,0.380,0.017,,,,,,0.017,,,,0.017,,,0.017,,,,,,,,,,,,,,,,15.0
RPath,101,sidewalks,101.92,HMAC,1,2,0,1,2,0,1,0,0,0,0,0,1,2,0,1,2,0,0,0,0,0,0,0,0,0,0,2,0,0,0,1,2,0,1,2,2,0,0,0,0,0,0,5,1,0,0,0,1,1,1,2,2,5,5,0,0,1,0,0,0,0,0,0,1,2,2,0,0,0,1,2,2,1,2,0,1,2,2,0,0,0,5,3,0,0,1,1,2,2,0,0,0,0,0,0,5,0,84,5,4,2,180.3,0.116,0.048,,,,0.092,0.017,,,,,,,,,,,0.008,,,,,,,,,,,,,,,,,,8.0
RPath,102,sidewalks,44.071,SS,1,2,0,0,0,0,0,0,0,0,0,0,1,2,2,1,2,0,1,2,2,0,0,0,5,0,0,0,0,0,0,1,2,2,1,0,0,0,0,0,0,0,0,0,1,0,0,0,0,0,1,0,0,0,5,0,3,1,0,0,0,0,0,0,1,2,2,0,0,0,0,0,0,1,0,0,1,0,0,0,0,0,0,3,1,1,1,0,0,0,0,0,0,0,0,0,5,0,56,3,3,1,49.7,0.000,0.000,,,,,,,,,,,,,,,,,,,,,,,,,,,,,,,,,,3.0
RPath,104,sidewalks,98.277,CON,1,2,0,0,0,0,0,0,0,0,0,0,1,2,2,1,2,0,1,2,2,0,0,0,5,0,0,2,0,0,0,1,2,2,1,0,0,0,0,0,0,0,0,0,1,0,0,0,0,0,1,0,0,0,5,0,3,1,0,0,0,0,0,0,1,2,2,0,0,0,0,0,0,1,0,0,1,0,0,0,0,0,0,3,1,0,0,0,0,0,0,0,0,0,0,0,5,0,56,3,3,2,98.3,0.046,0.046,,,,,0.046,,,,,,,,,,,,,,,,,,,,,,,,,,,,,6.0
RPath,105,sidewalks,52.781,HMAC,1,0,0,0,0,0,0,0,0,0,0,0,1,2,2,0,0,0,1,2,2,0,0,0,0,5,3,0,0,0,0,1,2,0,1,0,0,0,0,0,0,0,0,0,1,0,0,0,1,1,1,2,2,0,0,0,3,1,0,0,0,0,0,0,1,0,0,0,0,0,0,0,0,0,0,0,1,2,2,0,0,0,0,0,1,1,1,0,0,0,0,0,0,1,0,0,5,0,50,3,3,4,56.5,0.452,0.452,,,,,0.452,,,,,,,,,,,,,,,,,,,,,,,,,,,,,12.0
RPath,107,sidewalks,99.954,HMAC,1,2,0,0,0,0,0,0,0,0,0,0,1,2,0,1,0,0,0,0,0,0,0,0,0,0,3,0,0,0,0,0,0,0,0,0,0,0,0,0,0,0,0,0,0,0,0,0,0,0,1,2,0,0,0,0,0,1,0,0,0,0,0,0,1,2,0,0,0,0,0,0,0,0,0,0,0,0,0,0,0,0,0,0,1,1,1,1,2,0,0,0,0,0,0,0,5,0,28,2,1,3,100.0,0.315,0.236,,,,0.105,0.180,,,0.030,,,,,,,,,,,,,,,,,,,,,,,,,,3.0
RPath,108,sidewalks,98.978,HMAC,1,2,0,0,0,0,0,0,0,0,0,0,1,0,0,1,0,0,0,0,0,0,0,0,0,0,3,0,0,0,0,0,0,0,0,0,0,0,0,0,0,0,0,0,0,0,0,0,0,0,1,0,0,0,0,0,0,1,0,0,0,0,0,0,1,0,0,0,0,0,0,0,0,0,0,0,0,0,0,0,0,0,0,0,1,1,1,1,2,2,0,0,0,0,0,0,5,0,24,1,1,5,99.0,0.576,0.561,,,,,0.530,,,,,,,,,,,0.015,0.030,,,,,,,,,,,,,,,,,5.0
RPath,109,sidewalks,98.799,HMAC,1,2,0,0,0,0,0,0,0,0,0,0,1,2,0,1,0,0,0,0,0,0,0,0,0,0,3,0,0,0,0,0,0,0,0,0,0,0,0,0,0,0,0,0,0,0,0,0,0,0,1,0,0,0,0,0,0,1,0,0,0,0,0,0,1,2,0,0,0,0,0,0,0,0,0,0,0,0,0,0,0,0,0,0,1,1,1,1,2,2,0,0,0,0,0,0,5,0,28,2,1,4,98.8,0.486,0.292,,,0.030,0.258,0.182,,,,,,,,,,,,,0.015,,,,,,,,,,,,,,,,4.0
RPath,110,sidewalks,99.548,HMAC,1,2,0,0,0,0,0,0,0,0,0,0,1,0,0,0,0,0,0,0,0,0,0,0,0,0,3,0,0,0,0,0,0,0,0,0,0,0,0,0,0,0,0,0,0,0,0,0,0,0,1,0,0,0,0,0,0,1,0,0,0,0,0,0,1,0,0,0,0,0,0,0,0,0,0,0,0,0,0,0,0,0,0,0,1,1,1,1,2,2,0,0,0,0,0,0,5,0,23,1,1,3,99.6,0.331,0.102,,,,0.286,,,,,,,,,,,0.015,0.015,0.015,,,,,,,,,,,,,,,,,3.0
RPath,111,sidewalks,99.915,HMAC,1,2,0,0,0,0,0,0,0,0,0,0,1,2,0,1,2,0,0,0,0,0,0,0,0,0,3,0,1,2,0,0,0,0,1,0,0,0,0,0,0,0,0,0,1,2,0,0,0,0,1,0,0,0,0,0,0,1,0,0,0,0,0,0,1,2,2,0,0,0,0,0,0,1,0,0,1,2,0,0,0,0,0,0,1,1,1,1,2,0,0,0,0,0,0,0,5,0,41,2,2,4,97.0,0.387,0.286,,,,0.124,0.247,,,,,,,,,,,,0.015,,,,,,,,,,,,,,,,,8.0
RPath,112,sidewalks,98.962,HMAC,1,2,0,0,0,0,0,0,0,0,0,0,1,2,0,1,2,0,0,0,0,0,0,0,0,0,3,0,1,0,0,0,0,0,1,0,0,0,0,0,0,0,0,0,1,0,0,0,0,0,1,0,0,0,0,0,0,1,0,0,0,0,0,0,1,2,0,0,0,0,0,0,0,1,0,0,1,0,0,0,0,0,0,0,1,1,1,1,2,2,0,0,0,0,0,0,5,0,35,2,2,2,99.0,0.288,0.095,,,,0.258,0.030,,,,,,,,,,,,,,,,,,,,,,,,,,,,,4.0
RPath,113,sidewalks,211.627,HMAC,1,2,2,0,0,0,0,0,0,0,0,0,1,2,0,1,2,0,0,0,0,0,0,0,0,0,3,0,1,0,0,0,0,0,1,0,0,0,0,0,0,0,0,0,1,0,0,0,0,0,1,2,0,0,0,0,0,1,0,0,0,0,0,0,1,2,0,0,0,0,0,0,0,1,0,0,1,0,0,0,0,0,0,0,1,1,1,1,2,2,0,0,0,0,0,0,5,0,39,2,2,3,213.0,0.401,0.137,,,,0.352,0.042,,,,,,,,,,,0.007,,,,,,,,,,,,,,,,,,6.0
RPath,114,sidewalks,90.21,CON,1,2,2,1,0,0,0,0,0,0,0,0,1,0,0,1,0,0,0,0,0,0,0,0,0,5,0,2,0,0,0,0,0,0,0,0,0,0,0,0,0,0,0,5,0,0,0,0,0,0,1,2,2,0,0,0,0,1,0,0,0,0,0,0,0,0,0,0,0,0,0,0,0,1,0,0,1,0,0,0,0,0,0,3,1,1,1,1,2,2,0,0,0,0,0,0,5,0,44,2,2,2,90.2,0.050,0.037,,,,0.017,,,,,,0.017,,,,,,0.017,,,,,,,,,,,,,,,,,,4.0
RPath,115,sidewalks,143.549,CON,1,2,2,1,2,0,0,0,0,0,0,0,1,2,0,1,2,0,0,0,0,0,0,0,0,5,0,2,0,0,0,0,0,0,1,0,0,0,0,0,0,0,0,5,0,0,0,0,0,0,1,2,2,0,0,0,0,1,0,0,0,0,0,0,1,0,0,0,0,0,0,0,0,1,0,0,1,2,0,0,0,0,0,3,1,1,1,1,2,2,0,0,0,0,0,0,5,0,54,3,3,3,143.5,0.230,0.225,,,,,0.115,,,0.021,,0.031,,,,0.042,0.010,0.010,,,,,,,,,,,,,,,,,,9.0
RPath,116,sidewalks,179.91,CON,1,2,2,1,2,0,0,0,0,0,0,0,1,2,0,1,2,0,0,0,0,0,0,0,0,5,0,2,1,0,0,0,0,0,1,2,0,0,0,0,0,0,0,5,1,0,0,0,0,0,1,2,2,0,0,0,0,1,0,0,0,0,0,0,1,0,0,0,0,0,0,0,0,1,2,0,1,2,0,0,0,0,0,3,1,1,1,1,2,0,0,0,0,0,0,0,5,0,58,3,3,3,179.9,0.417,0.231,,,0.008,0.175,0.042,,,0.033,,0.017,,,0.050,0.050,0.033,0.008,,,,,,,,,,,,,,,,,,9.0
RPath,117,sidewalks,96.447,SS,1,2,2,0,0,0,0,0,0,0,0,0,1,0,0,1,0,0,0,0,0,0,0,0,0,0,3,0,0,0,0,0,0,0,0,0,0,0,0,0,0,0,0,0,0,0,0,0,0,0,1,2,0,0,0,0,0,1,0,0,0,0,0,0,1,0,0,0,0,0,0,0,0,0,0,0,0,0,0,0,0,0,0,0,1,1,1,1,2,2,0,0,0,0,0,0,5,0,28,2,1,1,101.5,0.000,0.000,,,,,,,,,,,,,,,,,,,,,,,,,,,,,,,,,,1.0
RPath,118,sidewalks,97.098,HMAC,1,2,2,0,0,0,0,0,0,0,0,0,1,0,0,0,0,0,0,0,0,0,0,0,0,0,3,0,0,0,0,0,0,0,0,0,0,0,0,0,0,0,0,0,0,0,0,0,0,0,1,2,0,0,0,0,0,1,0,0,0,0,0,0,0,0,0,0,0,0,0,0,0,0,0,0,0,0,0,0,0,0,0,0,1,1,1,1,2,0,0,0,0,0,0,0,5,0,24,1,1,4,97.1,0.494,0.309,,,,0.247,0.247,,,,,,,,,,,,,,,,,,,,,,,,,,,,,4.0
RPath,119,sidewalks,211.074,CON,1,2,2,1,2,2,0,0,0,0,0,0,1,2,0,0,0,0,0,0,0,0,0,0,0,5,0,2,0,0,0,0,0,0,0,0,0,0,0,0,0,0,0,5,0,0,0,0,0,0,1,2,0,5,0,0,3,1,1,0,0,0,0,0,0,0,0,0,0,0,0,0,0,1,2,0,1,2,0,0,0,0,0,3,1,0,1,1,2,0,0,0,0,0,0,0,5,0,57,3,3,3,211.1,0.263,0.208,,,,0.021,0.078,,,0.014,,0.028,,,,,0.071,0.043,0.007,,,,,,,,,,,,,,,,,9.0
RPath,120,sidewalks,212.06,CON,1,2,2,1,2,2,0,0,0,0,0,0,1,2,0,1,0,0,0,0,0,0,0,0,0,5,0,2,0,0,0,0,0,0,0,0,0,0,0,0,0,0,0,5,0,0,0,0,0,0,1,2,2,5,0,0,3,1,1,0,0,0,0,0,0,0,0,0,0,0,0,0,0,1,2,0,1,2,0,0,0,0,0,3,1,0,1,1,2,0,0,0,0,0,0,0,5,0,60,3,3,4,212.1,0.424,0.377,,,0.007,0.050,0.042,0.085,,,,0.134,,,,,0.021,0.085,,,,,,,,,,,,,,,,,,12.0
RPath,121,sidewalks,147.319,HMAC,1,2,2,1,2,0,0,0,0,0,0,0,1,2,0,1,2,2,0,0,0,0,0,0,5,5,0,2,1,2,0,0,0,0,1,2,2,0,0,0,0,0,0,5,1,2,0,0,0,0,1,2,2,0,0,0,0,1,0,0,0,0,0,0,0,0,0,0,0,0,1,0,0,1,2,0,1,2,2,0,0,0,5,0,1,0,1,1,2,0,1,2,0,1,2,0,5,0,80,4,4,3,286.9,0.136,0.132,0.005,,,0.005,0.125,,,,,,,,,,,,,,,,,,,,,,,,,,,,,12.0
RPath,124,sidewalks,206.26,CON,1,2,0,1,0,0,0,0,0,0,0,0,1,2,2,1,2,0,0,0,0,1,2,2,0,5,0,2,0,0,0,0,0,0,1,2,2,0,0,0,1,0,0,5,1,2,0,0,1,1,1,2,2,5,5,0,0,1,0,0,0,0,0,0,0,0,0,1,0,0,0,0,0,1,2,2,1,2,2,0,0,0,5,3,1,0,1,0,0,0,0,0,0,0,0,0,5,0,82,4,4,3,207.8,0.274,0.114,,,,0.209,,,,,,,,,,,,0.058,0.007,,,,,,,,,,,,,,,,,12.0
RPath,126,sidewalks,216.995,CON,1,2,2,1,2,0,1,0,0,0,0,0,1,2,0,1,2,0,0,0,0,1,2,0,0,0,0,2,0,0,0,1,0,0,1,2,2,0,0,0,0,0,0,5,1,2,2,0,1,1,1,2,2,5,5,0,0,1,0,0,0,1,0,0,1,0,0,1,2,0,0,0,0,1,2,2,1,2,2,0,0,0,0,0,1,0,1,0,0,0,0,0,0,1,0,0,5,0,77,4,4,5,217.0,0.892,0.892,,,,,0.892,,,,,,,,,,,,,,,,,,,,,,,,,,,,,20.0
RPath,127,sidewalks,203.871,CON,1,0,0,1,2,2,1,0,0,1,0,0,1,2,2,0,0,0,0,0,0,0,0,0,5,5,0,2,0,0,0,1,2,2,1,2,2,0,0,0,0,0,0,0,1,2,0,0,0,0,1,2,2,5,0,4,0,1,0,0,0,0,0,0,0,0,0,0,0,0,1,2,0,1,2,0,1,0,0,0,0,0,0,0,1,1,1,0,0,0,0,0,0,0,0,0,5,0,68,4,4,2,203.9,0.206,0.057,,,,0.022,0.007,,,,,,,,0.177,,,,,,,,,,,,,,,,,,,,,8.0
RPath,128,sidewalks,203.871,CON,1,2,0,1,2,0,1,2,0,1,2,0,1,2,2,0,0,0,0,0,0,0,0,0,0,5,0,2,0,0,0,1,2,0,1,2,0,0,0,0,0,0,0,0,1,0,0,0,0,0,1,2,0,0,0,4,3,0,0,0,0,0,0,0,0,0,0,0,0,0,1,0,0,1,2,0,1,2,0,0,0,0,0,0,1,1,1,0,0,0,1,0,0,0,0,0,5,3,60,3,3,2,203.9,0.228,0.057,,,,0.037,,,,,,,,,0.191,,,,,,,,,,,,,,,,,,,,,6.0
RPath,131,sidewalks,248.907,HMAC,1,2,2,1,2,0,1,2,0,1,2,2,1,2,2,1,2,2,0,0,0,0,0,0,5,0,0,2,0,0,0,1,2,0,1,2,2,0,0,0,1,2,2,0,1,2,0,0,1,0,1,2,2,5,5,0,3,1,0,0,0,0,0,0,0,0,0,0,0,0,0,0,0,1,2,2,1,0,0,0,0,0,0,3,1,1,1,1,2,0,0,0,0,0,0,0,5,0,89,5,5,3,253.7,0.491,0.220,,,,0.355,0.106,,,,,,0.006,,,0.024,,,,,,,,,,,,,,,,,,,,15.0
RPath,132,sidewalks,252.698,HMAC,1,2,2,1,0,0,1,0,0,1,0,0,1,2,0,1,2,0,0,0,0,0,0,0,0,0,0,2,0,0,0,1,0,0,1,2,2,0,0,0,1,0,0,0,0,0,0,0,0,0,1,2,2,5,5,0,3,0,0,0,0,0,0,0,0,0,0,0,0,0,0,0,0,1,2,2,0,0,0,0,0,0,0,3,1,1,1,1,0,0,0,0,0,0,0,0,5,0,58,3,3,3,253.7,0.443,0.129,,,,0.396,0.024,,,,,,0.024,,,,,,,,,,,,,,,,,,,,,,,9.0
RPath,133,sidewalks,77.705,HMAC,1,2,0,1,2,0,1,2,0,0,0,0,1,2,0,1,2,0,0,0,0,1,2,0,0,0,0,2,0,0,0,0,0,0,1,2,2,0,0,0,0,0,0,5,1,2,2,0,1,1,1,2,2,5,5,4,0,1,0,0,0,0,0,0,0,0,0,1,0,0,0,0,0,1,2,2,1,2,0,0,0,0,0,3,1,0,1,0,0,0,0,0,0,0,0,0,5,0,76,4,4,5,79.7,0.546,0.546,,,,,0.527,,,0.019,,,,,,,,,,,,,,,,,,,,,,,,,,20.0
RPath,134,sidewalks,79.076,HMAC,1,2,0,1,0,0,1,0,0,0,0,0,1,2,2,1,2,0,0,0,0,1,2,2,0,0,0,2,0,0,0,0,0,0,1,2,2,0,0,0,1,0,0,5,1,2,0,0,1,1,1,2,2,5,5,0,0,1,0,0,0,1,0,0,0,0,0,1,0,0,0,0,0,1,2,2,1,2,2,0,0,0,0,3,1,0,1,0,0,0,0,0,0,0,0,0,5,0,74,4,4,5,78.6,0.935,0.935,,,,,0.935,,,,,,,,,,,,,,,,,,,,,,,,,,,,,20.0
RPath,135,sidewalks,154.625,CON,1,2,2,1,0,0,1,0,0,0,0,0,1,2,2,1,2,0,0,0,0,1,2,2,0,0,0,2,0,0,0,1,0,0,1,2,2,0,0,0,0,0,0,5,1,2,0,0,1,1,1,2,2,5,5,0,0,1,0,0,0,1,0,0,1,0,0,1,2,0,0,0,0,1,2,2,1,2,2,0,0,0,0,0,1,0,1,0,0,0,0,0,0,0,0,0,5,0,76,4,4,4,154.7,0.281,0.276,,,,,0.252,,,0.019,,,,,,,0.010,,,,,,,,,,,,,,,,,,,16.0
RPath,136,sidewalks,86.384,HMAC,1,2,0,1,2,0,1,2,0,0,0,0,1,2,0,1,0,0,0,0,0,1,2,0,0,0,0,2,0,0,0,0,0,0,1,2,2,0,0,0,0,0,0,5,1,2,2,0,1,1,1,2,2,5,5,4,0,1,0,0,0,0,0,0,0,0,0,0,0,0,0,0,0,1,2,2,1,2,0,0,0,0,5,3,1,0,1,1,0,0,0,0,0,0,0,0,5,0,79,4,4,2,85.6,0.350,0.096,,,,0.315,,,,,,,,,,,,,0.035,,,,,,,,,,,,,,,,,8.0
RPath,137,sidewalks,320.215,HMAC,1,2,0,1,2,0,1,0,0,0,0,0,1,2,0,1,0,0,0,0,0,1,2,0,0,0,0,2,0,0,0,0,0,0,1,2,2,0,0,0,0,0,0,5,1,2,2,0,1,1,1,2,2,5,5,4,0,1,0,0,0,0,0,0,0,0,0,1,0,0,1,0,0,1,2,2,1,2,0,0,0,0,5,3,1,0,1,1,0,0,0,0,0,0,0,0,5,0,79,4,4,2,318.8,0.198,0.049,,,,0.198,,,,,,,,,,,,,,,,,,,,,,,,,,,,,,8.0
RPath,138,sidewalks,224.463,HMAC,1,2,2,1,2,0,1,2,0,0,0,0,1,2,2,1,0,0,0,0,0,1,2,0,0,0,0,2,0,0,0,0,0,0,1,2,2,0,0,0,0,0,0,5,1,2,2,0,1,1,1,2,2,5,5,4,0,1,0,0,0,0,0,0,1,0,0,1,0,0,0,0,0,1,2,2,1,2,2,0,0,0,0,3,1,0,1,1,0,0,0,0,0,1,0,0,5,0,83,5,4,5,223.8,0.838,0.838,,,,,0.831,,,,,,,0.007,,,,,,,,,,,,,,,,,,,,,,20.0
RPath,139,sidewalks,183.209,HMAC,1,2,0,1,2,0,1,2,0,0,0,0,1,2,0,1,0,0,0,0,0,1,2,0,0,0,0,2,0,0,0,0,0,0,1,2,2,0,0,0,0,0,0,5,1,2,2,0,1,1,1,2,2,5,5,4,0,1,0,0,0,0,0,0,1,0,0,0,0,0,1,0,0,1,2,2,1,2,2,0,0,0,0,3,1,0,1,1,2,0,0,0,0,0,0,0,5,0,80,4,4,5,182.7,0.575,0.571,,,,,0.550,,,,,,,,,,0.008,0.008,,0.008,,,,,,,,,,,,,,,,20.0
RPath,140,sidewalks,209.402,CON,1,2,0,0,0,0,0,0,0,1,2,2,1,2,2,1,2,0,0,0,0,0,0,0,5,5,0,0,1,2,2,0,0,0,1,2,2,0,0,0,0,0,0,0,1,2,2,0,1,0,1,2,2,5,5,0,3,1,0,0,0,1,2,2,1,0,0,0,0,0,1,0,0,1,2,2,1,2,2,1,0,0,0,0,1,1,1,1,2,0,0,0,0,1,2,0,5,0,93,5,5,3,211.4,0.369,0.135,,,,0.284,0.043,,,,,,,,,,,,0.043,,,,,,,,,,,,,,,,,15.0
RPath,142,sidewalks,82.257,HMAC,1,2,0,1,0,0,0,0,0,0,0,0,1,2,0,0,0,0,0,0,0,0,0,0,0,0,0,2,0,0,0,0,0,0,1,2,2,0,0,0,0,0,0,5,1,0,0,0,0,0,1,2,2,5,0,4,0,1,0,0,0,0,0,0,1,2,0,1,2,0,1,2,2,1,0,0,1,2,2,0,0,0,5,3,0,0,1,1,0,0,0,0,0,0,0,0,5,0,67,4,4,4,82.3,0.437,0.273,,,,0.109,0.182,,,,0.109,0.018,,,,,,0.018,,,,,,,,,,,,,,,,,,16.0
RPath,143,sidewalks,87.639,CON,1,2,2,0,0,0,0,0,0,0,0,0,1,0,0,0,0,0,0,0,0,0,0,0,0,0,0,2,0,0,0,0,0,0,0,0,0,0,0,0,0,0,0,0,0,0,0,0,0,0,1,2,2,0,0,0,3,1,0,0,0,0,0,0,0,0,0,0,0,0,0,0,0,1,2,2,1,2,0,0,0,0,5,0,1,1,1,0,0,0,0,0,0,0,0,0,5,0,38,2,2,2,91.0,0.148,0.099,,,0.016,0.066,0.066,,,,,,,,,,,,,,,,,,,,,,,,,,,,,4.0
RPath,144,sidewalks,89.582,CON,1,2,2,1,0,0,1,0,0,0,0,0,1,0,0,0,0,0,0,0,0,0,0,0,0,0,0,2,0,0,0,0,0,0,1,0,0,0,0,0,0,0,0,0,0,0,0,0,1,0,1,2,2,0,0,0,3,1,0,0,0,0,0,0,0,0,0,0,0,0,0,0,0,1,2,0,1,2,0,0,0,0,5,3,1,1,1,0,0,0,0,0,0,0,0,0,5,0,43,2,2,2,94.0,0.064,0.064,,,,,0.064,,,,,,,,,,,,,,,,,,,,,,,,,,,,,4.0
RPath,145,sidewalks,94.188,HMAC,1,2,0,1,0,0,1,0,0,0,0,0,1,2,0,1,2,0,0,0,0,0,0,0,0,0,0,2,0,0,0,1,2,0,1,2,0,0,0,0,0,0,0,0,1,2,0,0,0,0,1,2,2,0,0,0,3,1,0,0,0,0,0,0,0,0,0,0,0,0,0,0,0,0,0,0,1,0,0,0,0,0,5,3,1,0,0,0,0,0,0,0,0,0,0,0,5,0,46,3,2,2,94.2,0.239,0.096,0.016,,,0.191,0.032,,,,,,,,,,,,,,,,,,,,,,,,,,,,,4.0
RPath,146,sidewalks,75.418,CON,1,2,2,0,0,0,0,0,0,1,2,2,0,0,0,1,0,0,0,0,0,0,0,0,5,0,0,0,1,2,2,1,0,0,1,0,0,0,0,0,1,0,0,0,1,2,0,0,1,1,1,2,0,0,0,0,0,1,1,2,2,0,0,0,1,2,0,0,0,0,1,2,0,1,2,0,1,2,0,0,0,0,0,0,1,1,1,1,2,2,1,2,0,1,0,0,5,0,67,4,4,2,74.9,0.100,0.035,,,,0.060,,,,,,,,,,,,,0.040,,,,,,,,,,,,,,,,,8.0
RPath,147,sidewalks,81.226,CON,1,2,0,0,0,0,0,0,0,1,2,0,0,0,0,1,0,0,0,0,0,0,0,0,5,0,0,0,1,2,2,1,2,0,1,2,0,0,0,0,1,2,0,0,1,2,0,0,1,1,1,2,2,0,5,0,3,1,1,2,0,0,0,0,1,2,0,0,0,0,1,0,0,1,0,0,1,2,0,0,0,0,0,0,1,1,1,1,2,0,1,0,0,0,0,0,5,0,68,4,4,3,78.7,0.267,0.205,,,,0.057,0.172,,,,,,,,,,0.019,,0.019,,,,,,,,,,,,,,,,,12.0
RPath,148,sidewalks,91.031,CON,1,2,2,0,0,0,0,0,0,1,2,0,0,0,0,0,0,0,0,0,0,0,0,0,5,5,0,0,1,2,2,1,2,0,1,2,0,0,0,0,1,2,0,0,1,0,0,0,1,0,1,2,2,0,5,0,3,1,1,2,0,0,0,0,1,2,2,0,0,0,1,0,0,1,0,0,1,0,0,0,0,0,0,0,1,1,1,1,2,2,1,0,0,0,0,0,5,0,73,4,4,3,90.7,0.265,0.145,,,,0.149,0.099,,,,,,,,,,,,0.017,,,,,,,,,,,,,,,,,12.0
RPath,149,sidewalks,87.888,CON,1,2,2,0,0,0,0,0,0,1,2,0,0,0,0,1,0,0,0,0,0,0,0,0,5,5,0,0,1,2,2,1,2,0,1,2,0,0,0,0,1,2,0,0,1,2,0,0,1,1,1,2,2,0,0,0,3,1,1,2,0,0,0,0,1,2,2,0,0,0,1,0,0,1,2,0,1,2,0,0,0,0,0,0,1,1,1,1,2,2,1,0,0,1,0,0,5,0,77,4,4,3,83.4,0.270,0.126,,,0.018,0.144,,0.054,,,,,,,0.036,,,,0.018,,,,,,,,,,,,,,,,,12.0
RPath,150,sidewalks,113.54,CON,1,2,2,0,0,0,0,0,0,1,2,0,0,0,0,0,0,0,0,0,0,0,0,0,5,5,0,0,1,2,2,1,2,0,1,2,0,0,0,0,1,2,0,0,1,2,0,0,1,1,1,2,2,0,5,0,3,1,1,2,0,0,0,0,1,2,2,0,0,0,1,0,0,1,0,0,1,0,0,0,0,0,0,0,1,1,1,1,2,2,1,0,0,0,0,0,5,0,76,4,4,2,117.0,0.103,0.055,,,0.013,0.013,,,,,,,,,,,,,0.077,,,,,,,,,,,,,,,,,8.0
RPath,152,sidewalks,64.444,HMAC,1,0,0,1,0,0,0,0,0,0,0,0,1,2,0,0,0,0,0,0,0,0,0,0,0,0,0,2,0,0,0,0,0,0,1,2,2,0,0,0,0,0,0,5,1,0,0,0,0,0,1,2,2,5,0,4,0,1,0,0,0,0,0,0,1,2,0,1,2,0,1,2,2,1,0,0,1,2,0,0,0,0,5,3,0,0,1,0,0,0,0,0,0,0,0,0,5,0,62,3,3,4,65.9,0.364,0.364,,,0.068,,0.228,,,,,,,,,,,0.068,,,,,,,,,,,,,,,,,,12.0
RPath,155,sidewalks,87.041,HMAC,1,2,0,1,2,0,0,0,0,0,0,0,1,2,0,0,0,0,0,0,0,0,0,0,0,0,0,2,0,0,0,0,0,0,1,2,2,0,0,0,0,0,0,5,1,2,0,0,0,0,1,2,0,5,0,4,0,1,0,0,0,0,0,0,1,2,0,1,2,2,1,2,2,1,0,0,1,2,2,0,0,0,5,3,0,0,1,1,0,0,0,0,0,0,0,0,5,0,71,4,4,4,87.7,0.342,0.265,,,,0.051,0.120,,,,,,,0.051,0.051,,,0.068,,,,,,,,,,,,,,,,,,16.0
RPath,156,sidewalks,78.833,HMAC,1,2,0,1,0,0,0,0,0,0,0,0,1,2,2,1,2,2,0,0,0,0,0,0,0,0,0,2,0,0,0,0,0,0,1,2,2,0,0,0,0,0,0,0,1,2,0,0,1,0,1,2,2,5,5,0,0,1,0,0,0,0,0,0,0,0,0,0,0,0,0,0,0,1,0,0,1,2,0,0,0,0,5,3,1,1,0,1,0,0,0,0,0,1,2,0,5,0,64,4,3,2,81.1,0.111,0.028,,,,0.111,,,,,,,,,,,,,,,,,,,,,,,,,,,,,,6.0
RPath,157,sidewalks,80.909,HMAC,1,2,0,1,2,2,1,2,0,0,0,0,1,2,2,1,2,2,0,0,0,1,2,0,0,0,0,2,0,0,0,0,0,0,1,2,2,0,0,0,0,0,0,0,1,2,2,0,0,0,1,2,2,5,5,0,0,1,0,0,0,0,0,0,0,0,0,0,0,0,1,2,0,1,2,0,1,2,0,0,0,0,0,3,1,0,1,0,0,0,0,0,0,0,0,0,5,0,71,4,4,2,81.9,0.055,0.014,,,,0.055,,,,,,,,,,,,,,,,,,,,,,,,,,,,,,8.0
RPath,158,sidewalks,77.358,HMAC,1,2,2,1,0,0,1,0,0,0,0,0,1,2,2,1,2,2,0,0,0,0,0,0,0,0,0,2,0,0,0,0,0,0,1,2,2,0,0,0,0,0,0,0,0,0,0,0,0,0,1,2,0,5,5,0,0,1,0,0,0,0,0,0,0,0,0,0,0,0,0,0,0,1,2,2,1,0,0,0,0,0,0,3,0,0,0,0,0,0,0,0,0,0,0,0,5,0,52,3,3,2,73.3,0.307,0.092,,,,0.286,,,,,,,,,,,,,,0.020,,,,,,,,,,,,,,,,6.0
RPath,159,sidewalks,77.108,HMAC,1,2,0,1,0,0,1,0,0,0,0,0,1,2,2,1,2,2,0,0,0,0,0,0,0,0,0,2,0,0,0,0,0,0,1,2,2,0,0,0,0,0,0,0,0,0,0,0,0,0,1,2,0,5,5,0,0,1,0,0,0,0,0,0,0,0,0,0,0,0,1,0,0,1,2,2,1,0,0,0,0,0,5,3,0,0,0,0,0,0,0,0,0,0,0,0,5,0,56,3,3,3,72.3,0.415,0.119,,,,0.394,0.021,,,,,,,,,,,,,,,,,,,,,,,,,,,,,9.0
RPath,160,sidewalks,69.371,HMAC,1,2,0,1,0,0,1,0,0,0,0,0,1,2,2,1,2,2,0,0,0,0,0,0,0,0,0,2,0,0,0,0,0,0,1,2,2,0,0,0,0,0,0,0,0,0,0,0,0,0,1,2,2,0,0,0,0,1,0,0,0,0,0,0,0,0,0,0,0,0,1,0,0,1,2,0,1,2,0,0,0,0,5,3,1,0,0,0,0,0,0,0,0,0,0,0,5,0,49,3,3,2,69.4,0.281,0.086,,,0.022,0.259,,,,,,,,,,,,,,,,,,,,,,,,,,,,,,6.0
RPath,161,sidewalks,138.85,HMAC,1,2,0,1,0,0,1,0,0,0,0,0,1,2,2,1,0,0,0,0,0,0,0,0,0,5,0,2,0,0,0,0,0,0,1,2,0,0,0,0,0,0,0,0,0,0,0,0,1,0,1,2,2,0,0,0,3,1,0,0,0,0,0,0,0,0,0,0,0,0,0,0,0,1,2,2,1,2,2,0,0,0,5,3,1,0,1,0,0,0,0,0,0,0,0,0,5,0,56,3,3,2,138.8,0.065,0.024,,,,0.054,0.011,,,,,,,,,,,,,,,,,,,,,,,,,,,,,6.0
RPath,162,sidewalks,121.234,HMAC,1,2,2,1,0,0,1,0,0,0,0,0,1,2,0,1,0,0,0,0,0,0,0,0,0,0,0,2,0,0,0,0,0,0,1,2,2,0,0,0,0,0,0,0,1,0,0,0,0,0,1,2,2,5,0,4,0,1,0,0,0,0,0,0,0,0,0,0,0,0,0,0,0,1,2,0,1,2,2,0,0,0,0,3,0,0,0,0,0,0,0,0,0,0,0,0,5,0,50,3,3,3,117.2,0.243,0.176,0.051,,,0.090,0.102,,,,,,,,,,,,,,,,,,,,,,,,,,,,,9.0
RPath,163,sidewalks,77.279,HMAC,1,2,2,1,2,0,1,0,0,0,0,0,1,2,0,1,0,0,0,0,0,0,0,0,0,0,0,2,0,0,0,0,0,0,1,2,2,0,0,0,0,0,0,0,0,0,0,0,0,0,1,2,2,5,0,4,0,1,0,0,0,0,0,0,0,0,0,0,0,0,0,0,0,1,2,0,1,2,0,0,0,0,0,3,0,0,0,0,0,0,0,0,0,0,0,0,5,0,49,3,3,2,72.4,0.311,0.093,,,,0.290,0.021,,,,,,,,,,,,,,,,,,,,,,,,,,,,,6.0
RPath,164,sidewalks,84.241,HMAC,1,2,2,1,2,0,1,2,0,0,0,0,1,2,0,1,2,0,0,0,0,0,0,0,0,0,0,2,0,0,0,0,0,0,1,2,2,0,0,0,0,0,0,0,1,2,0,0,0,0,1,2,2,5,0,4,0,1,0,0,0,0,0,0,0,0,0,0,0,0,0,0,0,1,2,0,1,2,2,0,0,0,0,3,0,0,0,0,0,0,0,0,0,0,0,0,5,0,58,3,3,3,82.4,0.400,0.132,,,,0.346,0.036,,,,,,,,,,0.018,,,,,,,,,,,,,,,,,,,9.0
RPath,165,sidewalks,82.408,CON,1,2,2,1,2,0,1,2,0,1,0,0,1,2,0,0,0,0,0,0,0,0,0,0,0,0,0,2,0,0,0,0,0,0,1,2,2,0,0,0,0,0,0,5,0,0,0,0,0,0,1,2,2,0,5,0,0,1,0,0,0,0,0,0,1,2,0,0,0,0,1,2,0,1,0,0,1,2,2,0,0,0,0,3,1,0,1,0,0,0,0,0,0,0,0,0,5,0,60,3,3,1,81.9,0.000,0.000,,,,,,,,,,,,,,,,,,,,,,,,,,,,,,,,,,3.0
RPath,166,sidewalks,138.593,HMAC,1,2,2,1,2,0,1,0,0,1,2,0,1,2,0,0,0,0,0,0,0,0,0,0,0,0,0,2,1,2,0,0,0,0,1,2,2,0,0,0,0,0,0,5,1,2,0,0,0,0,1,2,2,0,5,0,0,1,0,0,0,1,0,0,1,2,2,0,0,0,0,0,0,1,2,2,1,2,2,0,0,0,5,3,1,0,1,0,0,0,0,0,0,0,0,0,5,0,75,4,4,4,144.2,0.291,0.283,0.094,,,,0.177,,,,,,0.010,,,,,0.010,,,,,,,,,,,,,,,,,,16.0
RPath,167,sidewalks,119.004,CON,1,2,2,1,0,0,1,0,0,0,0,0,1,2,0,1,0,0,0,0,0,0,0,0,0,5,0,2,0,0,0,1,0,0,1,2,2,1,2,2,1,2,2,0,1,0,0,0,0,0,1,2,2,0,0,4,3,1,0,0,0,0,0,0,0,0,0,0,0,0,0,0,0,0,0,0,0,0,0,0,0,0,5,0,1,1,1,1,2,0,0,0,0,0,0,0,5,0,64,4,3,2,117.8,0.089,0.060,,,,0.038,0.051,,,,,,,,,,,,,,,,,,,,,,,,,,,,,6.0
RPath,168,sidewalks,76.012,HMAC,1,2,2,1,0,0,0,0,0,1,2,0,1,2,0,0,0,0,0,0,0,0,0,0,5,5,0,0,1,2,0,0,0,0,1,2,2,0,0,0,0,0,0,5,1,2,0,0,0,0,1,2,2,0,5,0,3,1,0,0,0,0,0,0,1,2,0,0,0,0,0,0,0,1,2,2,1,2,2,0,0,0,0,3,1,1,1,0,0,0,0,0,0,0,0,0,5,0,76,4,4,4,74.0,0.385,0.385,,,,,0.385,,,,,,,,,,,,,,,,,,,,,,,,,,,,,16.0
RPath,169,sidewalks,48.67,HMAC,1,2,2,1,2,0,1,0,0,1,0,0,1,2,0,0,0,0,0,0,0,0,0,0,0,0,0,2,1,2,0,0,0,0,1,2,2,0,0,0,0,0,0,5,1,2,0,0,0,0,1,2,2,0,5,0,0,1,0,0,0,0,0,0,1,2,0,0,0,0,0,0,0,1,2,2,1,2,2,0,0,0,0,3,1,0,1,0,0,0,0,0,0,0,0,0,5,0,65,4,3,4,45.4,0.429,0.429,0.033,,,,0.396,,,,,,,,,,,,,,,,,,,,,,,,,,,,,12.0
RPath,170,sidewalks,83.002,CON,1,2,2,1,2,0,1,2,0,1,0,0,1,0,0,0,0,0,0,0,0,0,0,0,5,0,0,2,0,0,0,0,0,0,1,2,2,0,0,0,0,0,0,5,1,0,0,0,0,0,1,2,2,0,5,0,0,1,0,0,0,0,0,0,1,2,0,0,0,0,1,2,0,1,0,0,1,2,2,0,0,0,0,3,1,0,1,0,0,0,0,0,0,0,0,0,5,0,64,4,3,2,82.7,0.218,0.073,,,,0.181,,,,,,,,,,,,0.018,0.018,,,,,,,,,,,,,,,,,6.0
RPath,171,sidewalks,50.738,HMAC,1,2,2,0,0,0,0,0,0,0,0,0,1,2,2,0,0,0,0,0,0,0,0,0,0,0,3,0,1,0,0,0,0,0,0,0,0,0,0,0,0,0,0,0,0,0,0,0,0,0,1,2,2,0,5,0,0,1,0,0,0,0,0,0,1,0,0,0,0,0,0,0,0,0,0,0,1,0,0,0,0,0,0,0,1,1,1,1,2,2,0,0,0,0,0,0,5,0,40,2,2,2,52.2,0.345,0.086,,,,0.345,,,,,,,,,,,,,,,,,,,,,,,,,,,,,,4.0
RPath,172,sidewalks,96.314,HMAC,1,2,2,0,0,0,0,0,0,0,0,0,1,2,2,0,0,0,0,0,0,0,0,0,0,0,3,0,1,0,0,0,0,0,0,0,0,0,0,0,0,0,0,0,0,0,0,0,0,0,1,2,0,0,0,0,0,1,0,0,0,0,0,0,1,2,0,0,0,0,0,0,0,0,0,0,1,0,0,0,0,0,0,0,1,1,1,1,2,2,0,0,0,0,0,0,5,0,35,2,2,4,96.3,0.483,0.261,,,,0.296,0.187,,,,,,,,,,,,,,,,,,,,,,,,,,,,,8.0
RPath,173,sidewalks,96.01,HMAC,1,2,2,0,0,0,0,0,0,0,0,0,1,2,2,1,0,0,0,0,0,0,0,0,0,0,3,0,1,0,0,0,0,0,0,0,0,0,0,0,0,0,0,0,1,0,0,0,0,0,1,2,0,0,0,0,0,1,0,0,0,0,0,0,1,2,0,0,0,0,0,0,0,0,0,0,1,0,0,0,0,0,0,0,1,1,1,1,2,2,0,0,0,0,0,0,5,0,37,2,2,3,97.0,0.371,0.162,,,,0.278,0.093,,,,,,,,,,,,,,,,,,,,,,,,,,,,,6.0
RPath,174,sidewalks,97.045,HMAC,1,2,2,0,0,0,0,0,0,0,0,0,1,2,0,0,0,0,0,0,0,0,0,0,0,0,3,0,0,0,0,0,0,0,0,0,0,0,0,0,0,0,0,0,0,0,0,0,0,0,1,2,0,0,0,0,0,1,0,0,0,0,0,0,1,0,0,0,0,0,0,0,0,0,0,0,0,0,0,0,0,0,0,0,1,1,1,1,2,0,0,0,0,0,0,0,5,0,27,1,1,3,97.0,0.278,0.128,,,,0.201,0.031,0.046,,,,,,,,,,,,,,,,,,,,,,,,,,,,3.0
RPath,175,sidewalks,91.374,HMAC,1,2,2,0,0,0,0,0,0,0,0,0,1,2,0,0,0,0,0,0,0,0,0,0,0,0,3,0,0,0,0,0,0,0,0,0,0,0,0,0,0,0,0,0,0,0,0,0,0,0,1,2,0,0,0,0,0,1,0,0,0,0,0,0,1,0,0,0,0,0,0,0,0,0,0,0,0,0,0,0,0,0,0,0,1,1,1,1,2,0,0,0,0,0,0,0,5,0,27,1,1,3,93.0,0.323,0.125,,,,0.242,0.048,,,,,,,,,,,,0.032,,,,,,,,,,,,,,,,,3.0
RPath,176,sidewalks,99.261,HMAC,1,2,0,0,0,0,0,0,0,0,0,0,1,2,0,1,0,0,0,0,0,0,0,0,0,0,3,0,1,2,0,0,0,0,0,0,0,0,0,0,0,0,0,0,1,0,0,0,0,0,1,2,0,0,0,0,0,1,0,0,0,0,0,0,1,2,2,0,0,0,0,0,0,1,0,0,1,2,0,0,0,0,0,0,1,1,1,1,2,0,0,0,0,0,0,0,5,0,38,2,2,3,99.3,0.438,0.189,,,,0.272,0.106,,,,0.060,,,,,,,,,,,,,,,,,,,,,,,,,6.0
RPath,177,sidewalks,162.844,HMAC,1,2,2,1,2,0,1,2,0,0,0,0,0,0,0,0,0,0,0,0,0,0,0,0,0,5,0,2,0,0,0,0,0,0,0,0,0,0,0,0,0,0,0,0,0,0,0,0,0,0,1,2,2,5,5,4,0,1,0,0,0,0,0,0,0,0,0,0,0,0,0,0,0,1,0,0,1,2,0,0,0,0,0,3,1,1,1,0,0,0,0,0,0,0,0,0,5,0,53,3,3,2,161.2,0.130,0.074,,,0.037,0.074,0.019,,,,,,,,,,,,,,,,,,,,,,,,,,,,,6.0
RPath,178,sidewalks,146.005,HMAC,1,2,2,1,2,0,1,2,0,0,0,0,0,0,0,0,0,0,0,0,0,0,0,0,0,0,3,2,0,0,0,0,0,0,0,0,0,0,0,0,0,0,0,0,0,0,0,0,0,0,1,2,2,5,5,4,0,1,0,0,0,0,0,0,0,0,0,0,0,0,0,0,0,0,0,0,1,0,0,0,0,0,0,3,1,1,1,0,0,0,0,0,0,0,0,0,5,0,48,3,2,3,144.6,0.187,0.117,,,0.041,0.083,0.041,,,,0.010,,,0.010,,,,,,,,,,,,,,,,,,,,,,6.0
RPath,179,sidewalks,50.166,HMAC,1,2,2,1,2,0,1,2,0,0,0,0,1,2,0,0,0,0,0,0,0,0,0,0,0,5,0,2,0,0,0,0,0,0,0,0,0,0,0,0,0,0,0,0,0,0,0,0,0,0,1,2,2,5,0,4,3,1,0,0,0,0,0,0,0,0,0,0,0,0,0,0,0,1,2,0,1,2,2,0,0,0,0,3,0,0,0,0,0,0,0,0,0,0,0,0,5,0,55,3,3,3,51.2,0.410,0.146,,,,0.351,0.059,,,,,,,,,,,,,,,,,,,,,,,,,,,,,9.0
RPath,180,sidewalks,284.763,HMAC,1,2,2,1,2,2,1,2,2,0,0,0,1,2,0,0,0,0,0,0,0,0,0,0,0,5,0,2,0,0,0,0,0,0,0,0,0,0,0,0,0,0,0,0,0,0,0,0,0,0,1,2,2,5,0,4,3,1,0,0,0,0,0,0,0,0,0,0,0,0,0,0,0,1,2,0,1,2,2,0,0,0,0,3,0,1,1,0,0,0,0,0,0,0,0,0,5,0,61,3,3,2,285.8,0.168,0.050,,,,0.157,,,,,,,,,,,,,,0.010,,,,,,,,,,,,,,,,6.0
RPath,181,sidewalks,72.339,HMAC,1,2,0,1,0,0,1,0,0,1,0,0,1,2,0,0,0,0,0,0,0,0,0,0,0,0,0,2,0,0,0,0,0,0,1,0,0,0,0,0,0,0,0,0,0,0,0,0,0,0,1,2,2,5,0,4,0,1,0,0,0,0,0,0,0,0,0,0,0,0,0,0,0,1,0,0,1,2,2,0,0,0,5,3,0,1,1,0,0,0,0,0,0,0,0,0,5,0,48,3,2,2,69.9,0.150,0.054,,,,0.107,0.021,,,,,,,,0.021,,,,,,,,,,,,,,,,,,,,,4.0
RPath,182,sidewalks,75.873,HMAC,1,2,0,1,0,0,1,0,0,1,0,0,1,2,0,0,0,0,0,0,0,0,0,0,0,0,0,2,0,0,0,0,0,0,0,0,0,0,0,0,0,0,0,0,0,0,0,0,0,0,1,2,2,5,0,4,0,1,0,0,0,0,0,0,0,0,0,0,0,0,0,0,0,1,0,0,1,2,2,0,0,0,0,3,0,0,0,0,0,0,0,0,0,0,0,0,5,0,40,2,2,2,75.9,0.178,0.044,,,,0.158,,,,,,,,,0.020,,,,,,,,,,,,,,,,,,,,,4.0
RPath,183,sidewalks,291.466,HMAC,1,2,2,1,0,0,1,0,0,1,2,2,1,2,2,0,0,0,0,0,0,0,0,0,0,5,0,2,0,0,0,0,0,0,1,0,0,0,0,0,0,0,0,0,0,0,0,0,0,0,1,2,2,0,0,0,0,1,0,0,0,0,0,0,0,0,0,0,0,0,0,0,0,1,0,0,1,2,2,0,0,0,0,3,0,0,0,0,0,0,0,0,0,0,0,0,5,0,45,2,2,2,291.5,0.190,0.059,,,,0.175,0.015,,,,,,,,,,,,,,,,,,,,,,,,,,,,,4.0
RPath,184,sidewalks,177.183,HMAC,1,2,2,1,2,0,1,0,0,1,2,2,1,2,2,0,0,0,0,0,0,0,0,0,0,5,0,2,0,0,0,0,0,0,1,2,2,0,0,0,0,0,0,0,0,0,0,0,0,0,1,2,2,5,5,0,0,1,0,0,0,0,0,0,0,0,0,0,0,0,1,2,2,0,0,0,1,2,2,0,0,0,0,3,1,1,1,0,0,0,0,0,0,0,0,0,5,0,68,4,4,2,176.0,0.119,0.036,,,,0.111,0.009,,,,,,,,,,,,,,,,,,,,,,,,,,,,,8.0
RPath,185,sidewalks,75.8,HMAC,1,2,2,1,2,0,1,2,0,1,2,0,1,2,0,0,0,0,0,0,0,0,0,0,0,0,0,2,0,0,0,0,0,0,1,2,2,0,0,0,0,0,0,0,0,0,0,0,0,0,1,2,2,5,5,0,0,1,0,0,0,0,0,0,0,0,0,0,0,0,1,2,2,0,0,0,1,2,0,0,0,0,5,3,1,1,1,0,0,0,0,0,0,0,0,0,5,0,64,4,3,2,75.7,0.079,0.035,,,,0.059,0.020,,,,,,,,,,,,,,,,,,,,,,,,,,,,,6.0
RPath,186,sidewalks,204.663,HMAC,1,2,2,0,0,0,0,0,0,0,0,0,1,2,0,0,0,0,0,0,0,0,0,0,0,5,0,2,0,0,0,0,0,0,1,2,2,0,0,0,0,0,0,0,1,2,2,0,0,0,1,2,2,0,5,0,3,1,0,0,0,0,0,0,1,0,0,0,0,0,0,0,0,1,2,0,1,2,0,1,2,2,5,3,1,1,1,0,0,0,1,0,0,0,0,0,5,0,68,4,4,5,208.5,0.849,0.849,,,,,0.842,,,,,,,0.007,,,,,,,,,,,,,,,,,,,,,,20.0
RPath,188,sidewalks,346.611,HMAC,1,2,2,0,0,0,0,0,0,0,0,0,1,0,0,0,0,0,1,0,0,0,0,0,0,0,3,0,0,0,0,0,0,0,1,2,2,0,0,0,0,0,0,0,1,2,2,0,0,0,1,2,2,5,5,0,3,1,0,0,0,0,0,0,0,0,0,0,0,0,0,0,0,1,2,0,1,0,0,1,2,2,0,3,1,1,1,0,0,0,1,0,0,0,0,0,5,0,60,3,3,5,346.6,0.740,0.643,,,,0.130,0.610,,,,,,,,,,,,,,,,,,,,,,,,,,,,,15.0
RPath,190,sidewalks,97.196,HMAC,1,2,2,0,0,0,0,0,0,0,0,0,1,2,2,1,0,0,0,0,0,0,0,0,0,5,3,0,1,2,0,0,0,0,0,0,0,0,0,0,0,0,0,0,1,0,0,0,0,0,1,2,0,0,0,0,0,1,1,0,0,0,0,0,1,2,0,0,0,0,0,0,0,0,0,0,1,2,0,0,0,0,0,0,1,1,1,1,2,2,0,0,0,0,0,0,5,0,47,3,2,3,97.2,0.309,0.158,,,,0.201,0.108,,,,,,,,,,,,,,,,,,,,,,,,,,,,,6.0
RPath,191,sidewalks,105.869,HMAC,1,0,0,0,0,0,0,0,0,0,0,0,1,2,0,0,0,0,0,0,0,0,0,0,5,0,0,0,1,2,2,0,0,0,0,0,0,0,0,0,0,0,0,0,1,2,0,0,1,1,1,2,2,0,5,0,0,1,1,2,2,1,2,0,1,0,0,0,0,0,0,0,0,1,0,0,1,2,0,1,2,2,0,3,1,1,1,1,2,0,0,0,0,0,0,0,5,0,62,3,3,2,105.7,0.156,0.092,0.043,,,0.085,0.028,,,,,,,,,,,,,,,,,,,,,,,,,,,,,6.0
RPath,192,sidewalks,169.927,CON,0,0,0,0,0,0,0,0,0,1,0,0,1,0,0,0,0,0,0,0,0,0,0,0,5,0,3,0,1,2,2,0,0,0,1,0,0,0,0,0,0,0,0,0,1,2,0,0,1,1,1,2,2,0,5,0,0,1,1,2,0,1,2,2,1,0,0,0,0,0,0,0,0,1,0,0,1,2,0,1,2,2,0,3,1,1,1,1,2,0,0,0,0,0,0,0,5,0,64,4,3,1,155.7,0.000,0.000,,,,,,,,,,,,,,,,,,,,,,,,,,,,,,,,,,3.0
RPath,193,sidewalks,108.257,CON,1,2,2,1,0,0,0,0,0,1,2,2,1,2,2,1,0,0,0,0,0,0,0,0,5,0,0,2,1,2,2,0,0,0,1,2,2,0,0,0,0,0,0,5,1,2,2,0,0,0,1,2,2,5,5,0,3,1,0,0,0,1,2,0,1,2,0,0,0,0,0,0,0,1,2,2,1,2,2,0,0,0,5,0,1,1,1,0,0,0,0,0,0,1,0,0,5,0,93,5,5,3,108.4,0.332,0.201,0.014,,,,0.138,,,,,,,,0.166,,,,0.014,,,,,,,,,,,,,,,,,15.0
RPath,195,sidewalks,191.107,HMAC,1,2,0,1,2,0,1,2,0,1,0,0,1,0,0,0,0,0,0,0,0,0,0,0,0,0,0,2,0,0,0,0,0,0,1,2,2,0,0,0,0,0,0,0,0,0,0,0,0,0,1,2,2,5,5,0,0,1,0,0,0,0,0,0,0,0,0,0,0,0,1,2,0,1,2,0,1,0,0,0,0,0,5,3,1,1,1,0,0,0,0,0,0,0,0,0,5,0,57,3,3,2,191.6,0.110,0.033,,,,0.039,0.008,,,,0.039,,0.023,,,,,,,,,,,,,,,,,,,,,,,6.0
RPath,196,sidewalks,229.319,HMAC,1,2,2,1,2,0,1,2,0,0,0,0,1,2,0,1,0,0,0,0,0,0,0,0,0,5,0,2,0,0,0,0,0,0,1,2,2,0,0,0,0,0,0,0,0,0,0,0,0,0,1,2,2,0,0,4,0,1,0,0,0,0,0,0,0,0,0,0,0,0,0,0,0,1,2,0,1,2,2,0,0,0,5,3,0,1,0,0,0,0,0,0,0,0,0,0,5,0,59,3,3,2,229.1,0.098,0.031,,,,0.085,0.007,,,,,,,,,,,,0.007,,,,,,,,,,,,,,,,,6.0
RPath,197,sidewalks,72.417,HMAC,1,2,0,1,2,0,1,2,0,0,0,0,1,0,0,0,0,0,0,0,0,0,0,0,0,0,0,2,0,0,0,0,0,0,1,2,2,0,0,0,0,0,0,0,0,0,0,0,0,0,1,2,2,5,5,0,0,1,0,0,0,0,0,0,0,0,0,0,0,0,1,0,0,1,2,0,1,2,0,0,0,0,5,0,1,0,1,0,0,0,0,0,0,0,0,0,5,0,52,3,3,2,72.9,0.041,0.010,,,,0.041,,,,,,,,,,,,,,,,,,,,,,,,,,,,,,6.0
RPath,198,sidewalks,73.819,HMAC,1,2,0,0,0,0,0,0,0,1,2,0,1,2,0,0,0,0,0,0,0,0,0,0,0,0,0,2,0,0,0,0,0,0,1,2,0,0,0,0,0,0,0,0,0,0,0,0,0,0,1,2,2,5,0,4,0,1,0,0,0,0,0,0,0,0,0,0,0,0,0,0,0,0,0,0,1,2,2,0,0,0,5,3,1,1,1,0,0,0,0,0,0,0,0,0,5,0,50,3,3,2,69.9,0.193,0.064,,,,0.172,0.021,,,,,,,,,,,,,,,,,,,,,,,,,,,,,6.0
RPath,199,sidewalks,73.468,HMAC,1,2,0,0,0,0,0,0,0,1,2,0,1,2,0,0,0,0,0,0,0,0,0,0,0,0,0,2,0,0,0,0,0,0,1,2,0,0,0,0,0,0,0,0,0,0,0,0,0,0,1,2,2,5,0,4,0,1,0,0,0,0,0,0,0,0,0,0,0,0,0,0,0,0,0,0,1,2,2,0,0,0,5,3,1,1,1,0,0,0,0,0,0,0,0,0,5,0,50,3,3,2,70.1,0.343,0.086,,,,0.343,,,,,,,,,,,,,,,,,,,,,,,,,,,,,,6.0
RPath,200,sidewalks,280.476,HMAC,1,2,2,1,0,0,1,0,0,1,0,0,1,2,2,1,0,0,0,0,0,0,0,0,0,0,0,2,0,0,0,0,0,0,1,2,2,0,0,0,0,0,0,0,0,0,0,0,0,0,1,2,2,5,0,4,0,0,0,0,0,0,0,0,0,0,0,0,0,0,1,0,0,1,0,0,1,2,0,0,0,0,5,3,0,0,0,0,0,0,0,0,0,0,0,0,5,0,53,3,3,3,282.7,0.366,0.123,0.005,,,0.324,0.037,,,,,,,,,,,,,,,,,,,,,,,,,,,,,9.0
RPath,202,sidewalks,364.696,HMAC,1,2,2,1,2,2,1,2,2,0,0,0,1,2,2,1,0,0,0,0,0,0,0,0,0,5,0,2,0,0,0,0,0,0,1,2,2,0,0,0,0,0,0,0,1,2,0,0,1,0,1,2,2,5,5,0,0,1,0,0,0,0,0,0,1,2,0,0,0,0,0,0,0,1,2,2,1,2,2,1,0,0,5,3,1,1,1,0,0,0,0,0,0,0,0,0,5,0,83,5,4,5,364.7,0.942,0.942,,,,,0.942,,,,,,,,,,,,,,,,,,,,,,,,,,,,,20.0
RPath,203,sidewalks,116.13,CON,1,2,0,1,0,0,1,0,0,0,0,0,1,2,0,1,2,0,0,0,0,0,0,0,5,0,0,2,0,0,0,0,0,0,1,2,2,0,0,0,0,0,0,0,1,2,2,0,0,0,1,2,2,5,0,4,0,1,0,0,0,0,0,0,0,0,0,0,0,0,1,2,0,1,2,0,1,2,0,0,0,0,5,3,0,0,0,0,0,0,0,0,0,0,0,0,5,0,65,4,3,2,185.5,0.097,0.024,,,,0.097,,,,,,,,,,,,,,,,,,,,,,,,,,,,,,6.0
RPath,204,sidewalks,220.883,HMAC,1,2,2,1,0,0,1,0,0,0,0,0,1,2,2,1,2,2,0,0,0,0,0,0,5,0,0,2,0,0,0,0,0,0,1,2,2,0,0,0,0,0,0,0,1,2,2,0,0,0,1,2,2,5,5,0,0,1,0,0,0,0,0,0,0,0,0,0,0,0,1,0,0,1,2,0,1,2,2,0,0,0,5,3,0,1,0,0,0,0,0,0,0,0,0,0,5,0,73,4,4,2,290.6,0.072,0.022,,,,0.067,0.005,,,,,,,,,,,,,,,,,,,,,,,,,,,,,8.0
RPath,205,sidewalks,59.313,HMAC,1,2,2,1,2,0,1,2,0,0,0,0,1,0,0,1,2,2,0,0,0,0,0,0,0,5,0,2,0,0,0,0,0,0,1,2,2,0,0,0,0,0,0,0,1,2,2,0,0,0,1,2,2,5,5,4,0,1,0,0,0,0,0,0,0,0,0,0,0,0,1,0,0,1,2,2,1,2,0,0,0,0,0,3,0,0,0,0,0,0,0,0,0,0,0,0,5,0,71,4,4,3,57.4,0.366,0.111,,,,0.340,0.026,,,,,,,,,,,,,,,,,,,,,,,,,,,,,12.0
RPath,206,sidewalks,31.683,CON,1,2,2,1,2,2,1,0,0,0,0,0,0,0,0,1,0,0,0,0,0,0,0,0,0,5,0,0,0,0,0,0,0,0,1,2,2,0,0,0,0,0,0,0,0,0,0,0,1,1,1,2,2,5,5,0,0,1,0,0,0,0,0,0,0,0,0,0,0,0,0,0,0,0,0,0,1,2,2,0,0,0,5,0,1,1,1,1,0,0,1,2,0,0,0,0,5,0,62,3,3,3,31.7,0.237,0.201,,,,0.047,0.189,,,,,,,,,,,,,,,,,,,,,,,,,,,,,9.0
RPath,207,sidewalks,190.627,HMAC,1,2,2,1,2,0,1,2,0,0,0,0,1,2,0,1,2,2,0,0,0,0,0,0,0,5,0,2,0,0,0,0,0,0,1,2,2,0,0,0,0,0,0,0,1,2,2,0,0,0,1,2,2,5,5,4,3,0,0,0,0,0,0,0,0,0,0,0,0,0,1,2,0,1,2,2,1,2,0,0,0,0,0,3,0,0,0,0,0,0,0,0,0,0,0,0,5,0,77,4,4,2,188.4,0.239,0.090,,,0.008,0.199,0.024,,,,,,,,,,,,,0.008,,,,,,,,,,,,,,,,8.0
RPath,208,sidewalks,290.076,HMAC,1,2,2,1,2,0,1,2,0,0,0,0,1,2,2,1,2,2,0,0,0,0,0,0,5,5,0,2,0,0,0,0,0,0,1,2,2,0,0,0,0,0,0,0,1,2,2,0,0,0,1,2,2,5,5,4,0,1,0,0,0,0,0,0,0,0,0,0,0,0,1,0,0,1,2,2,1,2,2,0,0,0,5,3,0,1,0,0,0,0,0,0,0,0,0,0,5,0,88,5,5,2,290.2,0.072,0.022,,,,0.067,0.005,,,,,,,,,,,,,,,,,,,,,,,,,,,,,10.0
RPath,209,sidewalks,58.563,HMAC,1,2,2,1,2,0,1,2,0,0,0,0,1,0,0,1,2,2,0,0,0,0,0,0,5,0,0,2,0,0,0,0,0,0,1,2,2,0,0,0,0,0,0,0,1,2,2,0,0,0,1,2,2,5,5,4,0,1,0,0,0,0,0,0,0,0,0,0,0,0,1,0,0,1,2,2,1,2,0,0,0,0,5,3,0,0,0,0,0,0,0,0,0,0,0,0,5,0,76,4,4,2,58.1,0.129,0.032,,,,0.129,,,,,,,,,,,,,,,,,,,,,,,,,,,,,,8.0
RPath,211,sidewalks,166.79,HMAC,1,2,0,1,0,0,1,0,0,0,0,0,1,2,0,1,0,0,0,0,0,0,0,0,0,5,0,2,0,0,0,0,0,0,1,2,2,0,0,0,0,0,0,0,1,2,0,0,0,0,1,2,2,5,0,4,0,1,0,0,0,0,0,0,0,0,0,0,0,0,1,2,0,1,2,0,1,2,2,0,0,0,5,3,0,0,0,0,0,0,0,0,0,0,0,0,5,0,63,3,3,2,165.7,0.308,0.097,,,,0.281,0.018,,,,,,,,,,,0.009,,,,,,,,,,,,,,,,,,6.0
RPath,213,sidewalks,110.628,CON,1,0,0,0,0,0,0,0,0,1,2,0,1,2,0,1,2,2,0,0,0,0,0,0,5,0,0,0,1,2,2,0,0,0,1,2,0,0,0,0,0,0,0,5,1,2,2,0,1,1,1,2,2,0,5,0,0,1,1,0,0,1,2,0,1,2,2,0,0,0,1,2,0,1,2,0,1,2,2,1,0,0,5,3,1,1,1,1,2,0,1,0,0,1,2,2,5,0,94,5,5,2,110.6,0.041,0.014,,,,0.027,,,,,,,,,,,0.014,,,,,,,,,,,,,,,,,,,10.0
RPath,214,sidewalks,73.467,CON,1,0,0,0,0,0,0,0,0,1,2,0,1,2,0,1,2,2,0,0,0,0,0,0,5,0,0,0,1,2,2,0,0,0,1,2,0,0,0,0,0,0,0,0,1,2,2,0,1,1,1,2,2,0,5,0,3,1,1,0,0,1,2,0,1,2,0,0,0,0,1,2,0,1,2,0,1,2,0,1,0,0,0,0,1,1,1,1,2,2,1,0,0,1,2,2,5,0,82,4,4,2,73.2,0.184,0.051,,,,0.164,,,,,,,,,,,0.020,,,,,,,,,,,,,,,,,,,8.0
RPath,215,sidewalks,73.274,CON,1,2,0,0,0,0,0,0,0,1,2,0,1,0,0,1,2,2,0,0,0,0,0,0,5,5,0,0,1,2,2,0,0,0,1,0,0,0,0,0,0,0,0,0,1,2,2,0,1,1,1,2,2,0,5,0,0,1,1,0,0,1,0,0,1,2,2,0,0,0,1,2,0,1,2,0,1,2,0,1,0,0,0,0,1,1,1,1,2,0,1,0,0,1,2,2,5,0,80,4,4,3,73.3,0.266,0.164,,,,0.123,0.123,,,,,,,,,,,,0.020,,,,,,,,,,,,,,,,,12.0
RPath,216,sidewalks,111.073,CON,1,0,0,0,0,0,0,0,0,1,2,0,1,0,0,1,2,2,0,0,0,0,0,0,5,5,0,0,1,2,2,0,0,0,1,2,0,0,0,0,0,0,0,5,1,2,2,0,1,1,1,2,2,0,5,0,0,1,1,0,0,1,2,0,1,2,2,0,0,0,1,2,0,1,2,0,1,2,2,1,0,0,5,3,1,1,1,1,2,0,1,0,0,1,2,2,5,0,97,5,5,2,111.1,0.311,0.098,,,,0.176,,,,,,,,,0.081,0.014,,,0.041,,,,,,,,,,,,,,,,,10.0
RPath,217,sidewalks,110.03,CON,1,2,0,1,0,0,0,0,0,1,2,0,1,0,0,1,2,2,0,0,0,0,0,0,5,0,0,2,1,2,2,0,0,0,1,0,0,0,0,0,0,0,0,5,1,2,2,0,1,1,1,2,2,0,5,0,0,1,1,0,0,1,0,0,1,2,2,0,0,0,1,2,0,1,2,0,1,2,2,0,0,0,5,0,1,1,1,1,2,0,1,0,0,1,2,2,5,0,89,5,5,2,110.0,0.232,0.065,,,,0.123,,,,,,,,,0.082,,,,0.027,,,,,,,,,,,,,,,,,10.0
RPath,218,sidewalks,70.695,CON,1,0,0,1,0,0,0,0,0,1,0,0,1,0,0,1,2,2,0,0,0,0,0,0,5,0,0,0,1,2,2,0,0,0,1,0,0,0,0,0,0,0,0,5,1,2,0,0,1,1,1,2,2,0,0,0,3,1,1,0,0,1,0,0,1,2,2,0,0,0,1,0,0,1,0,0,1,2,2,0,0,0,5,3,1,1,1,1,0,0,1,0,0,1,2,0,5,0,74,4,4,3,70.6,0.234,0.212,,,,,0.191,,,,,,,,,,0.042,,,,,,,,,,,,,,,,,,,12.0
RPath,219,sidewalks,110.368,CON,1,2,0,1,0,0,0,0,0,1,2,0,1,0,0,1,2,2,0,0,0,0,0,0,5,0,0,0,1,2,2,0,0,0,1,0,0,0,0,0,0,0,0,5,1,2,2,0,1,1,1,2,2,0,5,0,0,1,1,0,0,1,0,0,1,2,2,0,0,0,1,2,0,1,2,0,1,2,2,0,0,0,5,0,1,1,1,1,2,0,1,0,0,1,2,0,5,0,85,5,4,3,110.1,0.191,0.129,,,0.014,0.055,0.082,,,,,,,,,,,,0.041,,,,,,,,,,,,,,,,,12.0
RPath,220,sidewalks,114.377,CON,1,2,0,1,0,0,0,0,0,1,2,0,1,0,0,1,2,0,0,0,0,0,0,0,5,0,0,0,1,2,2,0,0,0,1,0,0,0,0,0,0,0,0,5,1,2,2,0,1,1,1,2,2,0,5,0,3,1,1,2,0,1,0,0,1,2,2,0,0,0,1,2,0,1,2,0,1,2,2,0,0,0,5,3,1,1,1,1,2,0,1,0,0,1,2,0,5,0,91,5,5,4,111.0,0.324,0.253,0.027,,,0.068,0.162,,,,,,,,,,,,0.041,0.027,,,,,,,,,,,,,,,,20.0
RPath,221,sidewalks,74.109,CON,1,2,0,0,0,0,0,0,0,1,2,0,1,0,0,1,2,2,0,0,0,0,0,0,5,0,0,0,1,2,2,0,0,0,1,0,0,0,0,0,0,0,0,0,1,2,2,0,1,1,1,2,2,0,5,0,3,1,1,2,0,1,0,0,1,2,2,0,0,0,1,2,0,1,2,0,1,2,0,0,0,0,0,0,1,1,1,1,2,0,1,0,0,1,2,0,5,0,77,4,4,3,73.4,0.388,0.148,0.061,,,0.307,,,,,,,,,,,0.020,,,,,,,,,,,,,,,,,,,12.0
RPath,222,sidewalks,111.253,CON,1,2,0,1,0,0,0,0,0,1,2,0,1,0,0,1,2,0,0,0,0,0,0,0,5,0,0,0,1,2,2,0,0,0,1,0,0,0,0,0,0,0,0,5,1,2,2,0,1,1,1,2,2,0,5,0,3,1,1,2,0,0,0,0,1,2,2,0,0,0,1,2,0,1,2,0,1,2,0,0,0,0,5,3,1,1,1,1,2,0,1,0,0,1,2,0,5,0,88,5,5,3,110.2,0.313,0.140,,,,0.231,0.054,,,,,,,,,,,,,0.027,,,,,,,,,,,,,,,,15.0
RPath,223,sidewalks,111.498,HMAC,1,2,0,1,0,0,0,0,0,1,2,0,1,0,0,1,2,0,0,0,0,0,0,0,5,0,0,2,1,2,2,1,0,0,1,0,0,0,0,0,1,0,0,5,1,2,2,0,1,1,1,2,2,0,5,0,0,1,1,2,0,0,0,0,1,2,0,0,0,0,1,2,0,1,0,0,1,2,0,0,0,0,0,3,1,1,1,1,2,0,1,0,0,1,0,0,5,0,78,4,4,4,111.8,0.456,0.446,0.094,,0.013,0.013,0.322,,,,,,,,,,,,,0.013,,,,,,,,,,,,,,,,16.0
RPath,224,sidewalks,74.131,CON,1,2,0,0,0,0,0,0,0,1,2,0,1,0,0,1,2,0,0,0,0,0,0,0,5,0,0,0,1,2,2,1,0,0,0,0,0,0,0,0,1,0,0,0,1,2,2,0,1,1,1,2,2,0,5,0,3,1,1,2,0,0,0,0,1,2,2,0,0,0,1,2,0,1,2,0,1,2,0,0,0,0,0,0,1,1,1,1,2,0,1,0,0,1,2,0,5,0,75,4,4,3,73.8,0.264,0.193,0.020,,,0.081,0.122,,,,,,,,,,0.020,,,0.020,,,,,,,,,,,,,,,,12.0
RPath,225,sidewalks,110.829,CON,1,2,0,1,0,0,0,0,0,1,2,0,1,0,0,1,0,0,0,0,0,0,0,0,5,0,0,2,1,2,2,1,0,0,1,0,0,0,0,0,1,0,0,5,1,2,0,0,1,1,1,2,2,0,5,0,0,1,1,2,0,0,0,0,1,2,0,0,0,0,1,2,0,1,0,0,1,2,0,0,0,0,0,3,1,1,1,1,2,0,1,0,0,1,0,0,5,0,74,4,4,3,110.8,0.244,0.102,,,,0.189,,,,,,,,,,,,,,0.054,,,,,,,,,,,,,,,,12.0
RPath,228,sidewalks,92.264,CON,1,2,2,0,0,0,0,0,0,1,2,0,0,0,0,1,2,0,0,0,0,0,0,0,5,0,0,0,1,2,2,0,0,0,0,0,0,0,0,0,0,0,0,0,1,2,0,0,1,1,1,2,2,0,5,0,0,1,1,0,0,0,0,0,1,2,0,0,0,0,1,2,2,1,2,2,1,2,2,1,2,0,5,0,1,1,1,1,2,0,1,2,0,1,2,0,5,0,81,4,4,2,91.8,0.065,0.020,,,,0.049,,,,,,,,,,,,,0.016,,,,,,,,,,,,,,,,,8.0
RPath,229,sidewalks,31.46,HMAC,1,2,2,1,0,0,1,0,0,0,0,0,1,2,0,0,0,0,0,0,0,0,0,0,0,5,0,2,0,0,0,0,0,0,1,2,2,0,0,0,0,0,0,5,0,0,0,0,0,0,1,2,2,0,0,0,3,1,0,0,0,0,0,0,1,2,0,1,0,0,1,2,2,1,2,0,1,2,2,0,0,0,5,0,1,0,0,0,0,0,0,0,0,0,0,0,5,0,64,4,3,3,34.2,0.175,0.175,,,,,0.175,,,,,,,,,,,,,,,,,,,,,,,,,,,,,9.0
RPath,230,sidewalks,127.299,HMAC,1,2,2,1,0,0,1,0,0,0,0,0,1,2,0,0,0,0,0,0,0,0,0,0,0,5,0,2,0,0,0,0,0,0,1,2,2,0,0,0,0,0,0,5,1,0,0,0,0,0,1,2,2,0,0,0,3,1,0,0,0,0,0,0,1,2,0,1,0,0,1,2,2,1,2,0,1,2,2,0,0,0,5,3,1,0,0,0,0,0,0,0,0,0,0,0,5,0,68,4,4,4,127.3,0.295,0.277,,,,,0.224,,,,0.024,,,0.024,,,,0.024,,,,,,,,,,,,,,,,,,16.0
RPath,231,sidewalks,78.418,HMAC,1,2,0,0,0,0,0,0,0,1,2,0,1,2,0,0,0,0,0,0,0,0,0,0,0,0,0,2,0,0,0,0,0,0,1,2,0,0,0,0,0,0,0,0,0,0,0,0,0,0,1,2,2,5,0,4,0,1,0,0,0,0,0,0,0,0,0,0,0,0,0,0,0,0,0,0,1,2,2,0,0,0,5,3,1,1,1,0,0,0,0,0,0,0,0,0,5,0,50,3,3,2,74.3,0.061,0.015,,,,0.061,,,,,,,,,,,,,,,,,,,,,,,,,,,,,,6.0
RPath,232,sidewalks,78.096,HMAC,1,2,0,0,0,0,0,0,0,1,2,0,1,2,0,0,0,0,0,0,0,0,0,0,0,0,0,2,0,0,0,0,0,0,1,2,0,0,0,0,0,0,0,0,0,0,0,0,0,0,1,2,2,5,0,4,0,1,0,0,0,0,0,0,0,0,0,0,0,0,0,0,0,0,0,0,1,2,2,0,0,0,5,3,1,1,1,0,0,0,0,0,0,0,0,0,5,0,50,3,3,2,72.9,0.288,0.072,,,,0.288,,,,,,,,,,,,,,,,,,,,,,,,,,,,,,6.0
RPath,233,sidewalks,75.719,HMAC,1,2,2,1,2,2,1,2,2,0,0,0,0,0,0,0,0,0,0,0,0,0,0,0,0,0,0,2,0,0,0,0,0,0,1,2,2,0,0,0,0,0,0,0,0,0,0,0,0,0,1,2,2,0,0,4,0,1,0,0,0,0,0,0,0,0,0,0,0,0,0,0,0,1,0,0,1,0,0,0,0,0,0,3,1,1,1,0,0,0,0,0,0,0,0,0,5,0,45,2,2,2,68.1,0.264,0.066,,,,0.264,,,,,,,,,,,,,,,,,,,,,,,,,,,,,,4.0
RPath,235,sidewalks,75.117,HMAC,1,2,2,1,2,2,1,2,0,0,0,0,1,0,0,0,0,0,0,0,0,0,0,0,0,0,0,2,0,0,0,0,0,0,1,2,2,0,0,0,0,0,0,0,0,0,0,0,0,0,1,2,2,0,0,4,0,1,0,0,0,0,0,0,0,0,0,0,0,0,0,0,0,1,0,0,1,2,0,0,0,0,5,3,1,1,1,0,0,0,0,0,0,0,0,0,5,0,51,3,3,2,75.9,0.158,0.054,,,,0.138,0.020,,,,,,,,,,,,,,,,,,,,,,,,,,,,,6.0
RPath,237,sidewalks,82.69,CON,1,2,0,1,2,0,1,2,0,0,0,0,1,2,0,1,2,0,0,0,0,0,0,0,0,0,0,2,0,0,0,0,0,0,1,0,0,0,0,0,0,0,0,5,0,0,0,0,0,0,1,0,0,0,0,0,0,1,0,0,0,0,0,0,0,0,0,0,0,0,0,0,0,1,0,0,1,2,2,0,0,0,5,3,1,0,0,0,0,0,0,0,0,0,0,0,5,0,45,2,2,2,82.7,0.145,0.054,,,,0.073,,,,,,,,,,,,,0.073,,,,,,,,,,,,,,,,,4.0
RPath,238,sidewalks,40.67,CON,1,2,0,1,0,0,1,0,0,0,0,0,1,2,0,1,0,0,0,0,0,0,0,0,0,0,0,2,0,0,0,1,0,0,1,0,0,0,0,0,0,0,0,5,1,0,0,0,0,0,1,2,2,0,0,0,0,1,0,0,0,0,0,0,0,0,0,0,0,0,0,0,0,0,0,0,1,2,0,0,0,0,5,3,1,0,0,0,0,0,0,0,0,0,0,0,5,0,42,2,2,3,40.7,0.111,0.111,,,,,0.111,,,,,,,,,,,,,,,,,,,,,,,,,,,,,6.0
RPath,239,sidewalks,191.514,CON,1,2,0,1,2,0,1,2,0,0,0,0,1,2,0,1,2,0,0,0,0,0,0,0,0,0,0,2,0,0,0,1,0,0,1,0,0,0,0,0,0,0,0,5,1,0,0,0,0,0,1,2,2,0,0,0,0,1,0,0,0,0,0,0,0,0,0,0,0,0,0,0,0,1,0,0,1,2,2,0,0,0,5,3,1,0,0,0,0,0,0,0,0,0,0,0,5,0,51,3,3,3,191.5,0.196,0.131,,,0.016,0.055,0.063,,,,,,,,,,,0.016,0.047,,,,,,,,,,,,,,,,,9.0
RPath,240,sidewalks,81.782,CON,1,2,0,1,2,0,1,2,0,0,0,0,1,2,0,1,2,0,0,0,0,0,0,0,0,0,0,2,0,0,0,1,0,0,1,0,0,0,0,0,0,0,0,5,0,0,0,0,0,0,1,0,0,0,0,0,0,1,0,0,0,0,0,0,0,0,0,0,0,0,0,0,0,1,0,0,1,2,2,0,0,0,5,3,1,0,0,0,0,0,0,0,0,0,0,0,5,0,46,3,2,2,81.8,0.018,0.018,,,0.018,,,,,,,,,,,,,,,,,,,,,,,,,,,,,,,4.0
RPath,241,sidewalks,265.405,CON,1,2,0,1,2,0,1,0,0,0,0,0,1,2,0,1,0,0,0,0,0,0,0,0,0,0,0,2,0,0,0,0,0,0,1,2,2,0,0,0,0,0,0,5,1,0,0,0,0,0,1,0,0,0,0,0,0,1,0,0,0,0,0,0,0,0,0,0,0,0,0,0,0,1,0,0,1,2,2,0,0,0,0,3,1,0,0,0,0,0,0,0,0,0,0,0,5,0,41,2,2,3,265.4,0.226,0.136,,,0.023,0.102,0.068,,,,,,,,,,,0.006,0.028,,,,,,,,,,,,,,,,,6.0
RPath,242,sidewalks,128.371,HMAC,1,2,2,0,0,0,0,0,0,1,2,0,1,2,0,0,0,0,0,0,0,0,0,0,0,0,3,2,0,0,0,0,0,0,1,0,0,0,0,0,0,0,0,0,0,0,0,0,0,0,1,2,2,5,5,0,0,1,0,0,0,0,0,0,0,0,0,0,0,0,1,0,0,0,0,0,1,2,0,0,0,0,5,3,1,0,1,0,0,0,0,0,0,0,0,0,5,0,52,3,3,2,128.4,0.117,0.047,,,,0.093,0.023,,,,,,,,,,,,,,,,,,,,,,,,,,,,,6.0
RPath,243,sidewalks,76.03,HMAC,1,2,2,1,0,0,1,0,0,1,0,0,1,0,0,0,0,0,0,0,0,0,0,0,0,0,3,2,0,0,0,0,0,0,0,0,0,0,0,0,0,0,0,0,0,0,0,0,0,0,1,2,2,5,5,4,0,1,0,0,0,0,0,0,0,0,0,0,0,0,0,0,0,0,0,0,1,0,0,0,0,0,5,3,1,1,1,0,0,0,0,0,0,0,0,0,5,0,51,3,3,2,75.5,0.159,0.055,,,,0.139,0.020,,,,,,,,,,,,,,,,,,,,,,,,,,,,,6.0
RPath,244,sidewalks,231.691,HMAC,1,2,2,1,2,0,1,2,0,0,0,0,0,0,0,0,0,0,0,0,0,0,0,0,0,5,3,2,0,0,0,0,0,0,0,0,0,0,0,0,0,0,0,0,0,0,0,0,0,0,1,0,0,5,5,0,0,1,0,0,0,0,0,0,0,0,0,0,0,0,0,0,0,1,0,0,0,0,0,0,0,0,0,3,1,1,1,0,0,0,0,0,0,0,0,0,5,0,45,2,2,2,230.9,0.130,0.047,,,,0.110,0.019,,,,,,,,,,,,,,,,,,,,,,,,,,,,,4.0
RPath,245,sidewalks,93.399,HMAC,1,2,2,1,2,0,1,2,0,0,0,0,1,2,0,0,0,0,0,0,0,0,0,0,0,0,0,2,0,0,0,0,0,0,0,0,0,0,0,0,0,0,0,0,0,0,0,0,0,0,1,2,2,0,0,0,3,1,0,0,0,0,0,0,0,0,0,0,0,0,0,0,0,1,2,0,1,2,2,0,0,0,0,3,0,0,0,0,0,0,0,0,0,0,0,0,5,0,41,2,2,3,93.4,0.434,0.120,,,,0.418,0.016,,,,,,,,,,,,,,,,,,,,,,,,,,,,,6.0
RPath,246,sidewalks,74.706,HMAC,1,2,0,1,0,0,1,0,0,1,2,0,1,2,0,0,0,0,0,0,0,0,0,0,0,0,0,2,0,0,0,0,0,0,1,0,0,0,0,0,0,0,0,0,0,0,0,0,0,0,1,2,2,5,0,4,0,1,0,0,0,0,0,0,0,0,0,0,0,0,0,0,0,0,0,0,1,2,2,0,0,0,5,3,0,1,1,0,0,0,0,0,0,0,0,0,5,0,49,3,3,2,69.6,0.108,0.043,,,,0.086,,,,,,,,,,,,0.022,,,,,,,,,,,,,,,,,,6.0
RPath,247,sidewalks,73.964,HMAC,1,2,0,1,0,0,0,0,0,1,2,0,1,2,0,0,0,0,0,0,0,0,0,0,0,0,0,2,0,0,0,0,0,0,1,0,0,0,0,0,0,0,0,0,0,0,0,0,0,0,1,2,2,5,0,4,0,1,0,0,0,0,0,0,0,0,0,0,0,0,0,0,0,0,0,0,1,2,2,0,0,0,5,3,0,1,1,0,0,0,0,0,0,0,0,0,5,0,48,3,2,3,69.5,0.324,0.129,,,,0.259,0.065,,,,,,,,,,,,,,,,,,,,,,,,,,,,,6.0
RPath,248,sidewalks,93.518,HMAC,1,2,2,1,2,0,1,2,0,0,0,0,0,0,0,0,0,0,0,0,0,0,0,0,0,0,3,2,0,0,0,0,0,0,0,0,0,0,0,0,0,0,0,0,0,0,0,0,0,0,1,2,0,5,5,0,0,1,0,0,0,0,0,0,0,0,0,0,0,0,0,0,0,1,0,0,1,0,0,0,0,0,0,3,1,1,1,0,0,0,0,0,0,0,0,0,5,0,43,2,2,2,91.7,0.131,0.033,,,,0.115,,,,,0.016,,,,,,,,,,,,,,,,,,,,,,,,,4.0
RPath,249,sidewalks,272.211,HMAC,1,0,0,0,0,0,0,0,0,0,0,0,1,2,0,0,0,0,0,0,0,0,0,0,5,0,0,2,0,0,0,1,2,2,0,0,0,1,2,0,0,0,0,0,1,2,0,0,1,1,1,2,2,5,5,0,0,1,0,0,0,0,0,0,0,0,0,0,0,0,0,0,0,1,2,2,1,2,2,0,0,0,0,0,1,1,1,0,0,0,0,0,0,0,0,0,5,0,58,3,3,2,272.2,0.099,0.033,,,,0.044,0.006,,,,0.044,,,0.006,,,,,,,,,,,,,,,,,,,,,,6.0
RPath,250,sidewalks,120.908,HMAC,1,2,0,0,0,0,0,0,0,0,0,0,1,2,0,0,0,0,0,0,0,0,0,0,5,0,0,2,0,0,0,1,2,2,0,0,0,0,0,0,0,0,0,0,0,0,0,0,1,1,1,2,2,0,5,0,0,1,0,0,0,0,0,0,0,0,0,0,0,0,0,0,0,0,0,0,0,0,0,0,0,0,0,0,1,1,1,1,2,0,0,0,0,1,0,0,5,0,43,2,2,1,120.9,0.000,0.000,,,,,,,,,,,,,,,,,,,,,,,,,,,,,,,,,,2.0
RPath,256,sidewalks,83.79,CON,1,0,0,1,0,0,0,0,0,0,0,0,1,2,0,1,2,0,0,0,0,0,0,0,5,0,0,0,0,0,0,1,2,2,1,2,2,0,0,0,1,2,2,0,1,0,0,0,1,0,1,2,2,0,5,0,0,0,0,0,0,0,0,0,0,0,0,0,0,0,0,0,0,1,0,0,1,2,2,0,0,0,0,0,1,1,1,0,0,0,0,0,0,0,0,0,5,0,54,3,3,2,85.7,0.053,0.026,,,,0.018,0.018,,,,,,,,0.018,,,,,,,,,,,,,,,,,,,,,6.0
RPath,258,sidewalks,95.978,CON,1,2,2,1,2,2,1,2,2,0,0,0,1,2,0,0,0,0,0,0,0,0,0,0,0,0,0,2,0,0,0,0,0,0,0,0,0,0,0,0,0,0,0,0,0,0,0,0,1,1,1,2,2,0,0,0,3,1,0,0,0,0,0,0,0,0,0,0,0,0,0,0,0,1,2,2,1,2,2,0,0,0,5,3,1,1,1,0,0,0,0,0,0,0,0,0,5,0,57,3,3,3,97.2,0.108,0.108,,,,,0.108,,,,,,,,,,,,,,,,,,,,,,,,,,,,,9.0
RPath,259,sidewalks,175.248,HMAC,1,2,0,1,2,0,0,0,0,0,0,0,1,2,2,0,0,0,0,0,0,0,0,0,0,5,0,2,0,0,0,0,0,0,0,0,0,1,2,0,0,0,0,0,0,0,0,0,0,0,0,0,0,5,0,4,0,1,0,0,0,0,0,0,0,0,0,0,0,0,0,0,0,1,2,0,0,0,0,0,0,0,0,0,1,1,1,1,0,0,0,0,0,0,0,0,5,0,43,2,2,1,176.7,0.000,0.000,,,,,,,,,,,,,,,,,,,,,,,,,,,,,,,,,,2.0
RPath,260,sidewalks,365.668,HMAC,1,0,0,1,0,0,0,0,0,0,0,0,1,2,2,0,0,0,0,0,0,0,0,0,5,5,0,2,0,0,0,0,0,0,0,0,0,1,2,2,0,0,0,0,0,0,0,0,0,0,0,0,0,5,0,4,0,1,0,0,0,0,0,0,0,0,0,0,0,0,0,0,0,1,0,0,0,0,0,0,0,0,0,0,1,1,1,1,0,0,0,0,0,0,0,0,5,0,44,2,2,1,365.7,0.000,0.000,,,,,,,,,,,,,,,,,,,,,,,,,,,,,,,,,,2.0
RPath,261,sidewalks,241.588,CON,1,2,2,1,0,0,0,0,0,0,0,0,1,2,2,1,2,0,0,0,0,1,2,2,5,0,0,0,1,2,0,1,2,2,1,2,2,0,0,0,1,2,2,0,1,2,2,0,1,1,1,2,2,5,5,0,3,0,1,2,0,1,2,0,1,2,0,1,0,0,1,0,0,1,0,0,1,0,0,0,0,0,0,3,1,1,1,1,0,0,0,0,0,0,0,0,5,0,92,5,5,2,241.6,0.143,0.061,,,,0.093,0.025,,,,,,,,,,0.006,,0.019,,,,,,,,,,,,,,,,,10.0
RPath,262,sidewalks,82.173,CON,1,2,0,1,2,0,1,2,0,1,0,0,1,2,2,0,0,0,0,0,0,1,2,2,0,5,0,2,0,0,0,0,0,0,1,0,0,0,0,0,0,0,0,5,1,0,0,0,1,1,1,2,2,5,0,0,3,1,0,0,0,0,0,0,1,2,0,1,2,0,1,2,0,1,0,0,1,2,2,0,0,0,5,3,1,0,1,0,0,0,0,0,0,0,0,0,5,0,80,4,4,1,78.7,0.000,0.000,,,,,,,,,,,,,,,,,,,,,,,,,,,,,,,,,,4.0
RPath,263,sidewalks,98.005,HMAC,1,2,0,0,0,0,0,0,0,0,0,0,1,2,0,1,0,0,0,0,0,0,0,0,0,0,3,0,1,2,0,0,0,0,1,0,0,0,0,0,0,0,0,0,1,2,0,0,0,0,1,2,0,0,0,0,0,1,1,0,0,0,0,0,1,2,2,0,0,0,0,0,0,1,0,0,1,2,0,1,0,0,0,0,1,1,1,1,2,0,0,0,0,0,0,0,5,0,43,2,2,3,97.0,0.464,0.220,,,,0.325,0.139,,,,,,,,,,,,,,,,,,,,,,,,,,,,,6.0
RPath,264,sidewalks,98.493,HMAC,1,2,0,0,0,0,0,0,0,0,0,0,1,2,2,1,0,0,0,0,0,0,0,0,0,0,3,0,1,2,0,0,0,0,0,0,0,0,0,0,0,0,0,0,1,2,0,0,0,0,1,2,0,0,0,0,0,1,1,0,0,0,0,0,1,2,0,0,0,0,0,0,0,0,0,0,1,2,0,1,0,0,0,0,1,1,1,1,2,2,0,0,0,0,0,0,5,0,43,2,2,4,98.8,0.486,0.250,,,,0.303,0.121,,,,,,,,,,0.015,0.046,,,,,,,,,,,,,,,,,,8.0
RPath,265,sidewalks,241.052,HMAC,1,2,2,1,0,0,1,0,0,0,0,0,1,2,2,1,2,2,0,0,0,0,0,0,5,5,3,2,0,0,0,1,2,2,0,0,0,0,0,0,0,0,0,0,0,0,0,0,1,1,1,2,2,0,5,0,0,1,0,0,0,0,0,0,0,0,0,0,0,0,0,0,0,1,2,0,0,0,0,0,0,0,5,0,1,1,1,0,0,0,0,0,0,0,0,0,5,0,66,4,3,1,241.1,0.006,0.006,0.006,,,,,,,,,,,,,,,,,,,,,,,,,,,,,,,,,3.0
RPath,266,sidewalks,216.309,HMAC,1,2,2,0,0,0,0,0,0,1,2,0,1,2,0,0,0,0,0,0,0,0,0,0,0,5,0,2,0,0,0,0,0,0,1,2,2,0,0,0,0,0,0,0,0,0,0,0,0,0,1,2,2,5,5,0,0,1,0,0,0,0,0,0,0,0,0,0,0,0,1,2,0,0,0,0,1,2,0,0,0,0,0,3,1,0,1,0,0,0,0,0,0,0,0,0,5,0,55,3,3,2,216.3,0.111,0.064,,,0.042,0.055,0.007,,,,,,0.007,,,,,,,,,,,,,,,,,,,,,,,6.0
RPath,267,sidewalks,217.472,HMAC,1,2,2,1,0,0,1,0,0,1,2,0,1,2,0,0,0,0,0,0,0,0,0,0,0,5,0,2,0,0,0,0,0,0,1,2,2,0,0,0,0,0,0,0,0,0,0,0,0,0,1,2,2,5,5,0,0,1,0,0,0,0,0,0,0,0,0,0,0,0,1,2,2,0,0,0,1,2,0,0,0,0,0,3,1,1,1,0,0,0,0,0,0,0,0,0,5,0,60,3,3,2,216.3,0.076,0.019,,,,0.076,,,,,,,,,,,,,,,,,,,,,,,,,,,,,,6.0
RPath,268,sidewalks,95.756,HMAC,1,0,0,0,0,0,0,0,0,0,0,0,1,2,2,0,0,0,0,0,0,0,0,0,0,0,3,0,1,2,2,0,0,0,0,0,0,0,0,0,0,0,0,0,1,2,0,0,0,0,1,2,0,0,5,0,3,1,1,2,0,1,0,0,1,2,0,0,0,0,0,0,0,1,0,0,1,2,2,1,0,0,0,0,1,1,1,1,2,2,0,0,0,0,0,0,5,0,56,3,3,3,97.7,0.353,0.115,,,,0.276,0.031,,,,0.031,,,,,,,,0.015,,,,,,,,,,,,,,,,,9.0
RPath,269,sidewalks,96.706,HMAC,1,2,0,0,0,0,0,0,0,0,0,0,1,2,0,1,0,0,0,0,0,0,0,0,0,0,3,0,1,2,2,0,0,0,1,0,0,0,0,0,0,0,0,0,1,2,0,0,0,0,1,2,0,0,5,0,0,1,1,0,0,0,0,0,1,2,2,0,0,0,0,0,0,1,0,0,1,2,2,1,0,0,0,0,1,1,1,1,2,0,0,0,0,0,0,0,5,0,52,3,3,3,96.2,0.421,0.222,,,0.016,0.265,0.125,,,,,,,,,,,0.016,,,,,,,,,,,,,,,,,,9.0
RPath,1979,sidewalks,86.685,HMAC,1,2,0,0,0,0,0,0,0,0,0,0,1,2,2,0,0,0,0,0,0,0,0,0,0,5,3,0,1,2,0,0,0,0,0,0,0,0,0,0,0,0,0,0,1,2,0,0,0,0,1,2,0,0,0,0,0,1,1,0,0,0,0,0,1,2,0,0,0,0,0,0,0,0,0,0,1,2,0,0,0,0,0,0,1,1,1,1,2,2,0,0,0,0,0,0,5,0,46,3,2,,,,,,,,,,,,,,,,,,,,,,,,,,,,,,,,,,,,,,
RPath,272,sidewalks,90.896,HMAC,1,2,0,1,0,0,0,0,0,0,0,0,1,2,0,1,2,0,0,0,0,0,0,0,0,0,0,2,0,0,0,0,0,0,1,2,2,0,0,0,0,0,0,0,1,2,0,0,0,0,1,2,2,5,5,0,3,1,0,0,0,0,0,0,0,0,0,0,0,0,0,0,0,1,0,0,1,2,0,0,0,0,5,3,0,1,0,1,0,0,0,0,0,1,0,0,5,0,59,3,3,2,94.9,0.047,0.024,,,,0.032,0.016,,,,,,,,,,,,,,,,,,,,,,,,,,,,,6.0
RPath,273,sidewalks,62.216,HMAC,1,2,2,1,0,0,1,0,0,0,0,0,0,0,0,0,0,0,0,0,0,0,0,0,0,0,0,2,0,0,0,0,0,0,0,0,0,0,0,0,0,0,0,0,0,0,0,0,0,0,0,0,0,0,0,0,3,1,0,0,0,0,0,0,0,0,0,0,0,0,0,0,0,1,2,2,0,0,0,0,0,0,5,3,1,1,1,0,0,0,0,0,0,0,0,0,5,0,34,2,2,3,62.2,0.579,0.151,,,,0.482,,,,,,,,,0.072,,,,0.024,,,,,,,,,,,,,,,,,6.0
RPath,274,sidewalks,69.639,HMAC,1,2,2,1,0,0,1,0,0,0,0,0,1,0,0,0,0,0,0,0,0,0,0,0,0,0,0,2,0,0,0,0,0,0,0,0,0,0,0,0,0,0,0,0,0,0,0,0,0,0,0,0,0,0,0,0,3,1,0,0,0,0,0,0,0,0,0,0,0,0,0,0,0,1,2,2,0,0,0,0,0,0,5,3,1,1,1,0,0,0,0,0,0,0,0,0,5,0,35,2,2,3,67.5,0.444,0.111,,,,0.444,,,,,,,,,,,,,,,,,,,,,,,,,,,,,,6.0
RPath,276,sidewalks,103.008,CON,1,2,2,0,0,0,0,0,0,0,0,0,0,0,0,0,0,0,0,0,0,0,0,0,0,0,0,2,0,0,0,1,2,0,0,0,0,1,2,0,0,0,0,0,0,0,0,0,0,0,0,0,0,0,0,0,0,1,0,0,0,0,0,0,0,0,0,0,0,0,0,0,0,1,0,0,0,0,0,0,0,0,0,0,1,1,1,0,0,0,0,0,0,0,0,0,5,0,23,1,1,2,100.7,0.119,0.034,,,,0.104,,,,,,,,,,,0.015,,,,,,,,,,,,,,,,,,,2.0
RPath,278,sidewalks,226.497,CON,1,2,0,0,0,0,0,0,0,0,0,0,1,0,0,0,0,0,0,0,0,0,0,0,5,0,0,2,0,0,0,1,2,2,0,0,0,1,2,0,0,0,0,0,1,2,0,0,1,0,1,2,0,0,0,0,0,1,0,0,0,0,0,0,0,0,0,0,0,0,0,0,0,1,2,0,1,2,0,0,0,0,0,0,1,1,1,0,0,0,0,0,0,0,0,0,5,0,41,2,2,2,219.1,0.130,0.034,,,,0.123,,,,,,,,,,,0.007,,,,,,,,,,,,,,,,,,,4.0
RPath,279,sidewalks,122.45,HMAC,1,2,2,1,2,0,1,2,0,1,0,0,1,2,0,0,0,0,0,0,0,0,0,0,5,0,0,2,0,0,0,0,0,0,1,2,2,0,0,0,0,0,0,0,0,0,0,0,0,0,1,2,2,5,0,4,0,1,0,0,0,0,0,0,0,0,0,0,0,0,0,0,0,1,0,0,1,0,0,0,0,0,5,3,0,1,0,0,0,0,0,0,0,0,0,0,5,0,58,3,3,2,58.6,0.179,0.045,,,,0.179,,,,,,,,,,,,,,,,,,,,,,,,,,,,,,6.0
RPath,280,sidewalks,304.277,HMAC,1,2,2,1,0,0,1,0,0,1,0,0,1,2,2,1,0,0,0,0,0,0,0,0,5,5,0,2,0,0,0,0,0,0,1,2,2,0,0,0,0,0,0,0,0,0,0,0,0,0,1,2,2,5,0,4,0,1,0,0,0,0,0,0,0,0,0,0,0,0,1,0,0,1,0,0,1,2,0,0,0,0,5,3,0,0,0,0,0,0,0,0,0,0,0,0,5,0,64,4,3,2,301.9,0.129,0.040,,,,0.094,0.010,,,,0.025,,,,,,,,,,,,,,,,,,,,,,,,,6.0
RPath,281,sidewalks,131.896,HMAC,1,2,0,1,0,0,1,0,0,0,0,0,1,2,2,1,0,0,0,0,0,0,0,0,0,0,0,2,0,0,0,0,0,0,1,2,2,0,0,0,0,0,0,0,0,0,0,0,0,0,1,0,0,0,0,0,0,1,0,0,0,0,0,0,0,0,0,0,0,0,0,0,0,1,0,0,1,2,0,0,0,0,0,3,0,1,0,0,0,0,0,0,0,0,0,0,5,0,33,2,2,2,131.9,0.102,0.026,,,,0.102,,,,,,,,,,,,,,,,,,,,,,,,,,,,,,4.0
RPath,282,sidewalks,185.789,HMAC,1,2,2,0,0,0,0,0,0,0,0,0,1,2,2,1,2,2,0,0,0,0,0,0,0,5,0,0,0,0,0,0,0,0,1,2,2,0,0,0,0,0,0,0,1,0,0,0,0,0,1,0,0,5,5,0,3,1,0,0,0,0,0,0,0,0,0,0,0,0,0,0,0,1,2,0,1,2,2,0,0,0,5,3,1,1,0,0,0,0,0,0,0,0,0,0,5,0,64,4,3,2,186.1,0.064,0.016,,,,0.056,,,0.008,,,,,,,,,,,,,,,,,,,,,,,,,,,6.0
RPath,283,sidewalks,343.187,HMAC,1,2,2,1,0,0,0,0,0,0,0,0,1,2,2,1,2,2,0,0,0,1,0,0,0,5,0,0,0,0,0,0,0,0,1,2,2,0,0,0,0,0,0,0,1,2,2,0,1,0,1,2,2,5,5,0,3,1,0,0,0,0,0,0,0,0,0,0,0,0,0,0,0,1,2,0,1,2,0,0,0,0,0,3,1,1,0,1,2,0,0,0,0,1,2,2,5,0,76,4,4,2,343.7,0.061,0.020,,,,0.048,0.004,,,,,,0.004,,,,,,0.004,,,,,,,,,,,,,,,,,8.0
RPath,284,sidewalks,214.114,HMAC,1,2,2,1,2,0,0,0,0,0,0,0,1,0,0,1,2,2,0,0,0,0,0,0,0,5,0,2,1,2,0,0,0,0,1,2,2,0,0,0,0,0,0,5,1,2,2,0,0,0,1,2,2,5,0,0,3,1,0,0,0,0,0,0,0,0,0,0,0,0,1,2,0,1,2,0,1,2,0,0,0,0,5,3,1,0,1,1,0,0,1,0,0,1,0,0,5,0,80,4,4,3,213.1,0.359,0.106,0.007,,,0.338,,,,,,,,,,,,,,0.014,,,,,,,,,,,,,,,,12.0
RPath,285,sidewalks,74.864,CON,1,2,0,1,2,0,0,0,0,0,0,0,1,0,0,1,2,0,0,0,0,0,0,0,5,0,0,2,0,0,0,0,0,0,1,2,2,0,0,0,0,0,0,5,1,2,2,0,0,0,1,2,2,5,5,0,3,1,0,0,0,0,0,0,0,0,0,0,0,0,1,2,0,1,0,0,1,0,0,0,0,0,5,3,1,0,0,0,0,0,0,0,0,0,0,0,5,0,70,4,4,4,73.5,0.429,0.326,,,0.020,0.122,0.245,,,,,,,,,,,,0.020,0.020,,,,,,,,,,,,,,,,16.0
RPath,286,sidewalks,330.272,CON,1,2,2,1,2,0,0,0,0,0,0,0,1,2,0,1,2,2,0,0,0,0,0,0,5,5,0,2,1,2,0,0,0,0,1,2,2,0,0,0,0,0,0,0,1,2,2,0,0,0,1,2,2,5,5,0,3,1,0,0,0,0,0,0,0,0,0,0,0,0,1,0,0,1,2,0,1,2,2,0,0,0,5,0,1,0,1,1,2,0,1,0,0,1,2,0,5,0,88,5,5,3,330.0,0.377,0.183,,,0.009,0.259,0.109,,,,,,,,,,,,,,,,,,,,,,,,,,,,,15.0
RPath,289,sidewalks,77.435,HMAC,1,2,2,1,2,2,1,2,2,0,0,0,1,2,2,0,0,0,0,0,0,0,0,0,0,5,0,2,0,0,0,0,0,0,1,0,0,0,0,0,0,0,0,0,1,0,0,0,1,1,1,2,2,5,0,0,3,1,0,0,0,0,0,0,0,0,0,0,0,0,0,0,0,1,2,0,1,2,0,0,0,0,0,3,1,1,1,0,0,0,0,0,0,0,0,0,5,0,62,3,3,4,77.4,0.329,0.320,,,,,0.252,,,,,,,,,,,0.058,0.019,,,,,,,,,,,,,,,,,12.0
RPath,290,sidewalks,169.173,HMAC,1,2,2,1,2,2,1,2,2,1,0,0,1,2,2,0,0,0,0,0,0,0,0,0,0,5,0,2,0,0,0,0,0,0,1,2,0,0,0,0,0,0,0,0,1,0,0,0,1,1,1,2,2,5,0,0,3,1,0,0,0,0,0,0,0,0,0,0,0,0,0,0,0,1,2,2,1,2,2,0,0,0,0,3,1,1,1,0,0,0,0,0,0,0,0,0,5,0,69,4,4,3,168.6,0.302,0.189,,,,0.071,0.125,,,,,,0.027,,,,0.053,,0.027,,,,,,,,,,,,,,,,,12.0
RPath,291,sidewalks,55.671,HMAC,1,2,2,1,0,0,1,0,0,0,0,0,1,2,2,0,0,0,0,0,0,0,0,0,0,0,0,2,0,0,0,0,0,0,0,0,0,0,0,0,0,0,0,0,0,0,0,0,1,1,1,2,2,5,0,0,3,1,0,0,0,0,0,0,0,0,0,0,0,0,0,0,0,1,2,0,1,2,0,0,0,0,0,3,1,1,1,0,0,0,0,0,0,0,0,0,5,0,47,3,2,3,57.1,0.184,0.184,,,,,0.079,,,,,,,,,0.079,,0.026,,,,,,,,,,,,,,,,,,6.0
RPath,292,sidewalks,304.515,HMAC,1,2,2,1,2,0,1,2,0,1,0,0,1,2,2,0,0,0,0,0,0,0,0,0,0,5,0,2,0,0,0,0,0,0,1,2,0,0,0,0,0,0,0,0,1,2,0,0,1,1,1,2,2,5,0,0,3,1,0,0,0,0,0,0,0,0,0,0,0,0,0,0,0,1,2,2,1,2,2,0,0,0,0,3,1,1,1,0,0,0,0,0,0,0,0,0,5,0,67,4,4,4,306.9,0.259,0.252,0.010,0.005,0.010,,0.196,,,,,,,,,0.024,,,0.015,,,,,,,,,,,,,,,,,16.0
RPath,293,sidewalks,54.415,HMAC,1,2,0,1,0,0,1,0,0,0,0,0,1,2,0,0,0,0,0,0,0,0,0,0,0,0,0,2,0,0,0,0,0,0,0,0,0,0,0,0,0,0,0,0,0,0,0,0,1,0,1,2,2,5,0,0,3,1,0,0,0,0,0,0,1,0,0,0,0,0,0,0,0,1,0,0,1,2,0,0,0,0,0,3,1,1,1,0,0,0,0,0,0,0,0,0,5,0,41,2,2,3,59.2,0.152,0.133,0.025,,0.025,,0.076,,,,,,0.025,,,,,,,,,,,,,,,,,,,,,,,6.0
RPath,294,sidewalks,326.247,HMAC,1,2,0,1,0,0,1,0,0,0,0,0,1,2,0,1,2,0,0,0,0,0,0,0,5,0,3,2,0,0,0,1,2,2,0,0,0,0,0,0,0,0,0,0,0,0,0,0,1,1,1,2,2,0,5,0,0,1,0,0,0,0,0,0,0,0,0,0,0,0,0,0,0,1,2,0,0,0,0,0,0,0,5,0,1,1,1,1,2,0,0,0,0,0,0,0,5,0,58,3,3,2,274.6,0.071,0.046,0.016,,0.011,0.033,,,,,,,,,,,,,,0.011,,,,,,,,,,,,,,,,6.0
RPath,295,sidewalks,384.874,CON,1,2,2,1,2,2,1,2,2,0,0,0,1,2,2,0,0,0,0,0,0,0,0,0,0,5,0,2,0,0,0,1,2,0,1,2,2,1,2,0,0,0,0,0,0,0,0,0,1,1,1,2,2,5,5,4,0,1,0,0,0,0,0,0,1,2,0,0,0,0,1,2,0,1,2,0,1,2,0,0,0,0,5,0,1,1,1,0,0,0,0,0,0,0,0,0,5,0,85,5,4,1,391.0,0.008,0.004,,,,,,,,,,,,,,,,,0.008,,,,,,,,,,,,,,,,,4.0
RPath,296,sidewalks,86.061,HMAC,1,2,2,1,2,0,1,2,0,1,2,0,1,2,2,0,0,0,0,0,0,0,0,0,5,5,0,2,0,0,0,0,0,0,1,2,2,0,0,0,0,0,0,0,1,2,2,0,1,0,1,2,2,5,0,0,3,1,0,0,0,0,0,0,0,0,0,0,0,0,0,0,0,1,2,2,1,2,0,0,0,0,0,3,1,1,0,0,0,0,0,0,0,0,0,0,5,0,74,4,4,3,86.0,0.157,0.135,,,,,0.122,,,,,,0.017,,,,,,0.017,,,,,,,,,,,,,,,,,12.0
RPath,297,sidewalks,394.206,CON,1,2,0,0,0,0,0,0,0,0,0,0,1,2,0,1,0,0,0,0,0,0,0,0,0,0,0,0,0,0,0,0,0,0,1,2,2,0,0,0,0,0,0,0,0,0,0,0,0,0,1,2,2,0,5,0,0,0,0,0,0,0,0,0,0,0,0,0,0,0,0,0,0,0,0,0,0,0,0,0,0,0,0,0,1,1,1,0,0,0,0,0,0,0,0,0,0,0,25,1,1,2,394.2,0.202,0.063,,,0.004,0.057,0.004,,,,0.004,,,,0.114,0.004,0.015,,,,,,,,,,,,,,,,,,,2.0
RPath,298,sidewalks,88.52,CON,0,0,0,0,0,0,0,0,0,0,0,0,1,2,2,0,0,0,1,2,2,0,0,0,0,5,0,0,0,0,0,1,0,0,0,0,0,0,0,0,0,0,0,0,1,2,0,0,1,1,1,2,2,0,0,0,3,1,0,0,0,0,0,0,0,0,0,0,0,0,0,0,0,1,2,0,1,2,2,0,0,0,0,0,1,1,1,0,0,0,0,0,0,0,0,0,5,0,46,3,2,3,97.5,0.246,0.165,,,,0.108,0.138,,,,,,,,,,,,,,,,,,,,,,,,,,,,,6.0
RPath,299,sidewalks,85.541,HMAC,1,2,0,1,2,2,1,0,0,0,0,0,1,2,2,1,2,0,0,0,0,0,0,0,0,5,0,2,0,0,0,1,0,0,1,2,0,0,0,0,0,0,0,5,1,0,0,0,0,0,1,2,0,0,0,0,3,1,0,0,0,0,0,0,0,0,0,0,0,0,0,0,0,1,2,0,1,2,0,0,0,0,5,3,1,0,0,0,0,0,0,0,0,0,0,0,5,0,61,3,3,2,85.5,0.210,0.053,,,,0.210,,,,,,,,,,,,,,,,,,,,,,,,,,,,,,6.0
RPath,300,sidewalks,78.849,HMAC,1,2,0,1,2,0,1,0,0,0,0,0,1,2,2,1,2,0,0,0,0,0,0,0,0,5,0,2,0,0,0,1,2,0,1,2,0,0,0,0,0,0,0,5,1,0,0,0,0,0,1,2,0,0,0,0,3,1,0,0,0,0,0,0,0,0,0,0,0,0,0,0,0,1,0,0,1,2,0,0,0,0,5,3,1,0,0,0,0,0,0,0,0,0,0,0,5,0,59,3,3,2,77.5,0.232,0.058,,,,0.232,,,,,,,,,,,,,,,,,,,,,,,,,,,,,,6.0
RPath,301,sidewalks,88.809,HMAC,1,2,2,1,2,0,1,0,0,1,2,0,1,2,0,1,2,0,0,0,0,0,0,0,0,0,0,2,0,0,0,0,0,0,1,2,2,0,0,0,0,0,0,5,1,2,0,0,0,0,1,2,2,0,5,0,0,1,0,0,0,0,0,0,0,0,0,0,0,0,0,0,0,1,2,0,1,0,0,0,0,0,5,3,0,0,0,0,0,0,0,0,0,0,0,0,5,0,61,3,3,1,88.9,0.000,0.000,,,,,,,,,,,,,,,,,,,,,,,,,,,,,,,,,,3.0
RPath,302,sidewalks,85.541,HMAC,1,2,2,1,2,0,1,2,0,1,0,0,1,2,2,1,2,2,0,0,0,0,0,0,0,5,0,2,0,0,0,1,0,0,1,2,2,0,0,0,0,0,0,5,1,0,0,0,0,0,1,2,2,0,5,0,0,1,0,0,0,0,0,0,0,0,0,0,0,0,0,0,0,1,2,2,1,2,0,0,0,0,5,3,1,0,0,0,0,0,0,0,0,0,0,0,5,0,74,4,4,1,89.3,0.000,0.000,,,,,,,,,,,,,,,,,,,,,,,,,,,,,,,,,,4.0
RPath,303,sidewalks,87.617,HMAC,1,2,2,1,2,0,1,0,0,1,2,0,1,2,0,1,2,0,0,0,0,0,0,0,0,0,0,2,0,0,0,0,0,0,1,2,2,0,0,0,0,0,0,5,1,2,0,0,0,0,1,2,2,0,5,0,0,1,0,0,0,0,0,0,0,0,0,0,0,0,0,0,0,1,2,0,1,0,0,0,0,0,5,3,0,0,0,0,0,0,0,0,0,0,0,0,5,0,61,3,3,2,86.9,0.035,0.035,,,0.017,,0.017,,,,,,,,,,,,,,,,,,,,,,,,,,,,,6.0
RPath,304,sidewalks,87.784,HMAC,1,2,2,1,2,0,1,2,0,1,2,0,1,2,2,1,2,2,0,0,0,0,0,0,0,0,0,2,0,0,0,1,0,0,1,2,2,0,0,0,0,0,0,5,1,0,0,0,0,0,1,2,2,0,5,0,0,1,0,0,0,0,0,0,0,0,0,0,0,0,0,0,0,1,2,2,1,0,0,0,0,0,5,3,0,0,0,0,0,0,0,0,0,0,0,0,5,0,68,4,4,1,87.2,0.000,0.000,,,,,,,,,,,,,,,,,,,,,,,,,,,,,,,,,,4.0
RPath,305,sidewalks,89.646,HMAC,1,2,2,1,2,0,1,2,0,1,0,0,1,2,2,1,2,2,0,0,0,0,0,0,0,0,0,2,0,0,0,1,2,0,1,2,2,0,0,0,0,0,0,5,1,0,0,0,0,0,1,2,2,0,5,0,0,1,0,0,0,0,0,0,0,0,0,0,0,0,0,0,0,1,2,2,1,2,0,0,0,0,0,3,1,0,0,0,0,0,0,0,0,0,0,0,5,0,66,4,3,1,87.7,0.000,0.000,,,,,,,,,,,,,,,,,,,,,,,,,,,,,,,,,,3.0
RPath,306,sidewalks,89.796,HMAC,1,2,2,1,2,0,1,2,0,0,0,0,1,2,2,1,2,2,0,0,0,0,0,0,5,5,0,2,0,0,0,1,2,0,1,2,2,0,0,0,0,0,0,5,1,2,0,0,0,0,1,2,2,0,5,0,0,1,0,0,0,0,0,0,0,0,0,0,0,0,0,0,0,1,2,2,1,2,0,0,0,0,5,3,1,0,0,0,0,0,0,0,0,0,0,0,5,0,82,4,4,2,91.2,0.016,0.016,,,,,0.016,,,,,,,,,,,,,,,,,,,,,,,,,,,,,8.0
RPath,307,sidewalks,82.657,HMAC,1,2,2,1,2,0,1,2,0,0,0,0,1,2,0,1,2,0,0,0,0,0,0,0,0,0,0,2,0,0,0,1,2,2,1,2,2,0,0,0,0,0,0,5,1,2,0,0,0,0,1,2,2,0,5,0,0,1,0,0,0,0,0,0,1,0,0,0,0,0,0,0,0,1,2,0,1,0,0,0,0,0,5,3,1,0,0,0,0,0,0,0,0,0,0,0,5,0,67,4,4,1,83.0,0.000,0.000,,,,,,,,,,,,,,,,,,,,,,,,,,,,,,,,,,4.0
RPath,308,sidewalks,84.058,HMAC,1,2,2,1,2,0,1,2,0,0,0,0,1,2,0,1,2,0,0,0,0,0,0,0,0,0,0,2,0,0,0,1,2,2,1,2,2,0,0,0,0,0,0,5,1,2,0,0,0,0,1,2,2,0,5,0,0,1,0,0,0,0,0,0,1,0,0,0,0,0,0,0,0,1,2,0,1,2,0,0,0,0,5,3,1,0,0,0,0,0,0,0,0,0,0,0,5,0,69,4,4,2,86.0,0.035,0.026,,,,,0.017,,,,,,,,,,,,0.017,,,,,,,,,,,,,,,,,8.0
RPath,309,sidewalks,87.117,HMAC,1,2,2,1,0,0,0,0,0,0,0,0,1,0,0,1,2,2,0,0,0,0,0,0,5,5,0,2,0,0,0,1,2,2,1,2,2,0,0,0,0,0,0,5,1,2,2,0,1,1,1,2,2,5,5,0,3,1,0,0,0,0,0,0,0,0,0,0,0,0,0,0,0,1,2,0,1,0,0,0,0,0,5,3,1,0,0,0,0,0,0,0,0,0,0,0,5,0,83,5,4,2,87.1,0.086,0.034,,,,0.069,0.017,,,,,,,,,,,,,,,,,,,,,,,,,,,,,8.0
RPath,310,sidewalks,86.252,HMAC,1,2,0,1,2,0,0,0,0,0,0,0,1,0,0,1,2,2,0,0,0,0,0,0,0,0,0,2,0,0,0,1,2,2,1,2,2,0,0,0,0,0,0,5,1,2,2,0,1,1,1,2,2,5,5,0,3,1,0,0,0,0,0,0,0,0,0,0,0,0,0,0,0,1,2,2,1,0,0,0,0,0,5,3,1,0,0,0,0,0,0,0,0,0,0,0,5,0,75,4,4,2,86.8,0.086,0.048,,,,0.052,0.035,,,,,,,,,,,,,,,,,,,,,,,,,,,,,8.0
RPath,313,sidewalks,84.781,HMAC,1,2,0,1,2,0,0,0,0,1,0,0,1,2,2,0,0,0,0,0,0,0,0,0,0,0,0,2,0,0,0,1,0,0,1,0,0,0,0,0,0,0,0,5,1,2,0,0,1,1,1,2,2,5,0,0,3,1,0,0,0,0,0,0,1,0,0,0,0,0,0,0,0,1,2,0,1,2,2,0,0,0,5,3,1,0,0,0,0,0,0,0,0,0,0,0,5,0,63,3,3,3,84.8,0.265,0.106,0.035,,,0.212,0.018,,,,,,,,,,,,,,,,,,,,,,,,,,,,,9.0
RPath,319,sidewalks,113.809,CON,1,2,2,0,0,0,0,0,0,1,0,0,1,2,2,1,2,2,0,0,0,1,2,2,5,5,0,0,1,0,0,1,2,0,1,2,2,0,0,0,1,2,2,0,1,2,2,0,1,0,1,2,2,5,5,0,0,0,1,2,0,1,2,0,1,0,0,1,0,0,1,0,0,1,0,0,1,0,0,0,0,0,0,3,1,1,1,1,0,0,0,0,0,0,0,0,5,0,89,5,5,2,114.2,0.328,0.085,,,,0.131,,,,,,,,,0.184,,,,0.013,,,,,,,,,,,,,,,,,10.0
RPath,320,sidewalks,210.447,CON,1,2,2,0,0,0,0,0,0,0,0,0,1,2,2,1,2,2,0,0,0,1,2,2,0,5,0,0,0,0,0,1,2,0,1,2,2,0,0,0,1,2,2,0,1,2,0,0,1,0,1,2,2,5,5,0,3,0,1,2,0,1,2,0,1,0,0,1,2,0,1,0,0,1,2,0,1,2,0,0,0,0,0,3,1,1,1,0,0,0,0,0,0,0,0,0,5,0,88,5,5,2,210.4,0.264,0.073,,,,0.249,0.007,,,,,,,,,,,,0.007,,,,,,,,,,,,,,,,,10.0
RPath,321,sidewalks,196.895,HMAC,1,2,2,1,2,0,1,0,0,0,0,0,1,2,2,1,2,2,0,0,0,1,0,0,0,5,0,0,0,0,0,1,2,0,1,2,2,0,0,0,1,0,0,0,1,2,2,0,0,0,1,2,2,5,5,4,0,1,0,0,0,1,2,0,1,2,0,1,2,2,0,0,0,1,0,0,1,2,0,0,0,0,5,3,1,0,1,0,0,0,0,0,0,1,2,0,5,0,92,5,5,5,197.3,0.905,0.905,,,,,0.905,,,,,,,,,,,,,,,,,,,,,,,,,,,,,25.0
RPath,322,sidewalks,114.829,CON,1,2,2,1,0,0,0,0,0,0,0,0,1,2,2,1,2,2,0,0,0,1,2,0,0,5,0,0,0,0,0,1,2,0,1,2,2,0,0,0,1,0,0,0,1,2,0,0,1,0,1,2,2,5,5,0,3,1,0,0,0,1,2,0,1,2,0,1,2,2,0,0,0,1,2,0,1,2,0,0,0,0,5,3,1,0,1,0,0,0,0,0,0,0,0,0,5,0,88,5,5,4,114.8,0.366,0.327,,,,0.052,0.314,,,,,,,,,,,,,,,,,,,,,,,,,,,,,20.0
RPath,323,sidewalks,299.999,CON,1,2,2,0,0,0,0,0,0,0,0,0,1,2,2,0,0,0,1,2,2,0,0,0,0,5,0,0,0,0,0,0,0,0,0,0,0,0,0,0,0,0,0,0,0,0,0,0,0,0,1,2,2,5,5,0,0,0,0,0,0,0,0,0,0,0,0,0,0,0,0,0,0,0,0,0,0,0,0,0,0,0,0,0,1,1,1,0,0,0,0,0,0,0,0,0,5,0,43,2,2,2,300.0,0.065,0.033,,,,0.040,0.010,,,,,,,,,,0.005,,,0.010,,,,,,,,,,,,,,,,4.0
RPath,324,sidewalks,298.299,CON,1,2,0,0,0,0,0,0,0,0,0,0,1,2,2,0,0,0,1,2,2,0,0,0,0,0,0,0,0,0,0,0,0,0,0,0,0,0,0,0,0,0,0,0,0,0,0,0,0,0,1,2,2,5,5,0,0,0,0,0,0,0,0,0,0,0,0,0,0,0,0,0,0,0,0,0,0,0,0,0,0,0,0,0,1,1,1,0,0,0,0,0,0,0,0,0,0,0,31,2,2,2,300.0,0.025,0.018,,,,0.010,0.015,,,,,,,,,,,,,,,,,,,,,,,,,,,,,4.0
RPath,325,sidewalks,351.194,CON,1,2,0,0,0,0,0,0,0,0,0,0,1,2,2,0,0,0,1,2,2,0,0,0,0,0,0,0,0,0,0,0,0,0,0,0,0,0,0,0,0,0,0,0,0,0,0,0,0,0,1,2,2,5,5,0,0,0,0,0,0,0,0,0,0,0,0,0,0,0,0,0,0,0,0,0,0,0,0,0,0,0,0,0,1,1,1,0,0,0,0,0,0,0,0,0,0,0,31,2,2,3,351.2,0.196,0.190,,,,,0.149,,,,,,,,,,0.013,0.009,,0.026,,,,,,,,,,,,,,,,6.0
RPath,326,sidewalks,300.0,CON,1,2,0,0,0,0,0,0,0,0,0,0,1,2,2,0,0,0,1,2,2,0,0,0,0,0,0,0,0,0,0,0,0,0,1,0,0,0,0,0,0,0,0,0,0,0,0,0,0,0,1,2,2,5,5,0,0,0,0,0,0,0,0,0,0,0,0,0,0,0,0,0,0,1,0,0,0,0,0,0,0,0,0,0,1,1,1,0,0,0,0,0,0,0,0,0,0,0,33,2,2,2,300.0,0.030,0.030,,,,,0.030,,,,,,,,,,,,,,,,,,,,,,,,,,,,,4.0
RPath,327,sidewalks,386.416,HMAC,1,2,2,1,0,0,1,0,0,0,0,0,1,2,2,0,0,0,0,0,0,0,0,0,0,5,0,2,0,0,0,0,0,0,0,0,0,0,0,0,0,0,0,0,0,0,0,0,1,1,1,2,2,5,0,0,3,1,0,0,0,0,0,0,0,0,0,0,0,0,0,0,0,1,2,0,1,2,0,0,0,0,0,3,1,1,0,1,0,0,0,0,0,0,0,0,5,0,52,3,3,4,386.6,0.512,0.496,,,0.016,,0.458,,,,0.016,,0.004,,,0.012,0.004,,,0.004,,,,,,,,,,,,,,,,12.0
RPath,329,sidewalks,239.634,HMAC,1,2,0,1,0,0,0,0,0,0,0,0,1,2,2,0,0,0,0,0,0,0,0,0,0,0,0,2,0,0,0,0,0,0,1,2,0,0,0,0,0,0,0,0,0,0,0,0,1,1,1,2,2,5,0,0,3,1,0,0,0,0,0,0,0,0,0,0,0,0,0,0,0,0,0,0,1,2,2,0,0,0,5,3,1,1,1,0,0,0,0,0,0,0,0,0,5,0,51,3,3,3,239.6,0.388,0.214,,,,0.144,0.094,,,,0.013,,,,0.063,0.038,0.006,0.019,0.013,,,,,,,,,,,,,,,,,9.0
RPath,330,sidewalks,94.911,HMAC,1,2,2,1,0,0,0,0,0,0,0,0,1,2,2,0,0,0,0,0,0,0,0,0,0,5,0,2,0,0,0,0,0,0,1,2,0,0,0,0,0,0,0,0,0,0,0,0,1,1,1,2,2,5,0,0,3,1,0,0,0,0,0,0,0,0,0,0,0,0,0,0,0,0,0,0,1,2,0,0,0,0,5,3,1,1,1,0,0,0,0,0,0,0,0,0,5,3,59,3,3,4,94.9,0.458,0.411,,,,,0.395,,,,0.063,,,,,,,,,,,,,,,,,,,,,,,,,12.0
RPath,331,sidewalks,78.571,HMAC,1,2,2,1,2,0,0,0,0,0,0,0,1,2,2,0,0,0,0,0,0,0,0,0,0,0,0,2,0,0,0,0,0,0,1,0,0,0,0,0,0,0,0,0,0,0,0,0,1,1,1,2,2,5,0,0,3,1,0,0,0,0,0,0,0,0,0,0,0,0,0,0,0,0,0,0,0,0,0,0,0,0,0,0,1,1,1,0,0,0,0,0,0,0,0,0,5,0,40,2,2,3,78.6,0.229,0.229,0.019,,,,0.210,,,,,,,,,,,,,,,,,,,,,,,,,,,,,6.0
RPath,332,sidewalks,60.101,HMAC,1,2,2,1,2,0,0,0,0,0,0,0,1,2,2,0,0,0,0,0,0,0,0,0,0,5,0,2,0,0,0,0,0,0,1,0,0,0,0,0,0,0,0,0,0,0,0,0,1,1,1,2,2,5,0,0,3,1,0,0,0,0,0,0,0,0,0,0,0,0,0,0,0,0,0,0,1,0,0,0,0,0,0,0,1,1,1,0,0,0,0,0,0,0,0,0,5,0,46,3,2,4,60.1,0.349,0.349,,,,,0.324,,,,,,,,,,,,,0.025,,,,,,,,,,,,,,,,8.0
RPath,333,sidewalks,238.415,HMAC,1,2,2,1,0,0,0,0,0,0,0,0,0,0,0,1,2,2,0,0,0,0,0,0,0,5,0,2,0,0,0,0,0,0,1,2,2,0,0,0,1,0,0,0,1,2,0,0,1,1,1,2,2,5,5,0,0,1,0,0,0,0,0,0,1,0,0,0,0,0,0,0,0,0,0,0,1,2,2,0,0,0,0,0,1,0,0,0,0,0,0,0,0,0,0,0,5,0,57,3,3,4,239.2,0.451,0.451,,,,,0.433,,,,,,,0.006,,,,0.013,,,,,,,,,,,,,,,,,,12.0
RPath,334,sidewalks,227.966,HMAC,1,2,2,0,0,0,0,0,0,0,0,0,0,0,0,1,2,2,0,0,0,0,0,0,5,5,0,2,0,0,0,0,0,0,1,2,2,0,0,0,1,0,0,0,1,2,0,0,1,1,1,2,2,5,5,0,0,1,0,0,0,0,0,0,1,0,0,0,0,0,0,0,0,0,0,0,1,2,2,0,0,0,0,0,1,0,0,0,0,0,0,0,0,0,0,0,5,0,61,3,3,4,230.4,0.260,0.256,,,,,0.195,,,,,,0.007,,,,,0.059,,,,,,,,,,,,,,,,,,12.0
RPath,335,sidewalks,84.486,HMAC,1,2,0,1,2,0,1,2,0,0,0,0,1,2,2,0,0,0,0,0,0,0,0,0,0,0,0,2,0,0,0,0,0,0,1,2,0,0,0,0,0,0,0,0,1,0,0,0,1,1,1,2,2,5,0,0,3,1,0,0,0,0,0,0,0,0,0,0,0,0,0,0,0,1,2,0,1,0,0,0,0,0,0,3,1,1,1,0,0,0,0,0,0,0,0,0,5,0,51,3,3,4,84.5,0.408,0.355,,,0.018,,0.249,0.053,,,0.071,,,,,,,,,0.018,,,,,,,,,,,,,,,,12.0
RPath,336,sidewalks,74.571,HMAC,1,2,2,1,2,0,1,0,0,0,0,0,1,2,2,0,0,0,0,0,0,0,0,0,0,5,0,2,0,0,0,0,0,0,1,2,0,0,0,0,0,0,0,0,0,0,0,0,1,1,1,2,2,5,0,0,3,1,0,0,0,0,0,0,0,0,0,0,0,0,0,0,0,0,0,0,0,0,0,0,0,0,0,0,1,1,1,0,0,0,0,0,0,0,0,0,5,0,48,3,2,4,74.6,0.422,0.392,,,,,0.382,,,,0.040,,,,,,,,,,,,,,,,,,,,,,,,,8.0
RPath,337,sidewalks,77.247,HMAC,1,2,0,1,2,0,1,0,0,0,0,0,1,2,2,0,0,0,0,0,0,0,0,0,0,0,0,2,0,0,0,0,0,0,1,2,0,0,0,0,0,0,0,0,0,0,0,0,1,1,1,2,2,5,0,0,3,1,0,0,0,0,0,0,0,0,0,0,0,0,0,0,0,1,0,0,1,0,0,0,0,0,0,3,1,1,1,0,0,0,0,0,0,0,0,0,5,0,46,3,2,5,77.2,0.505,0.505,,,0.117,,0.388,,,,,,,,,,,,,,,,,,,,,,,,,,,,,10.0
RPath,338,sidewalks,80.507,HMAC,1,2,2,1,2,0,0,0,0,0,0,0,1,2,2,0,0,0,0,0,0,0,0,0,0,5,0,2,0,0,0,0,0,0,1,2,2,0,0,0,0,0,0,0,0,0,0,0,1,1,1,2,2,5,5,0,3,0,0,0,0,0,0,0,0,0,0,0,0,0,0,0,0,1,0,0,0,0,0,0,0,0,0,0,1,1,0,0,0,0,0,0,0,0,0,0,5,0,53,3,3,3,86.0,0.122,0.105,,,,,0.070,,,,,,,,,,0.035,,,0.017,,,,,,,,,,,,,,,,9.0
RPath,339,sidewalks,80.234,HMAC,1,2,2,0,0,0,0,0,0,0,0,0,0,0,0,1,2,2,0,0,0,0,0,0,5,0,0,0,0,0,0,0,0,0,1,2,2,0,0,0,1,2,0,0,1,2,2,0,1,1,1,2,2,5,5,0,0,0,0,0,0,0,0,0,1,2,0,0,0,0,0,0,0,0,0,0,1,2,2,0,0,0,0,0,1,0,0,0,0,0,0,0,0,0,0,0,5,0,59,3,3,4,131.5,0.308,0.308,,,0.034,,0.262,,,,,,,,,,,0.011,,,,,,,,,,,,,,,,,,12.0
RPath,345,sidewalks,94.729,HMAC,1,2,2,1,0,0,1,0,0,0,0,0,1,2,2,0,0,0,0,0,0,0,0,0,0,5,0,2,0,0,0,0,0,0,1,2,0,0,0,0,1,0,0,0,1,2,0,0,1,1,1,2,2,0,5,4,0,1,0,0,0,0,0,0,0,0,0,0,0,0,0,0,0,1,2,2,1,0,0,0,0,0,5,3,1,1,1,0,0,0,0,0,0,0,0,0,5,0,65,4,3,5,94.7,0.586,0.578,,,,,0.554,,,,,,,,,,,0.016,0.016,,,,,,,,,,,,,,,,,15.0
RPath,347,sidewalks,118.339,HMAC,1,2,2,1,0,0,1,0,0,0,0,0,1,0,0,0,0,0,0,0,0,0,0,0,0,0,0,2,0,0,0,0,0,0,1,2,2,0,0,0,0,0,0,0,0,0,0,0,1,1,1,2,0,5,5,0,0,1,0,0,0,0,0,0,1,0,0,0,0,0,1,2,0,1,0,0,1,2,2,0,0,0,5,3,1,0,1,0,0,0,0,0,0,0,0,0,5,0,56,3,3,5,122.0,0.541,0.529,,,,,0.517,,,,,,,,,,0.025,,,,,,,,,,,,,,,,,,,15.0
RPath,348,sidewalks,129.735,HMAC,1,2,2,0,0,0,0,0,0,0,0,0,1,0,0,1,0,0,0,0,0,0,0,0,0,0,0,2,0,0,0,0,0,0,1,2,2,0,0,0,0,0,0,0,0,0,0,0,1,1,1,2,2,5,5,0,3,1,0,0,0,0,0,0,0,0,0,0,0,0,1,2,0,1,0,0,1,2,2,0,0,0,0,3,1,0,1,0,0,0,0,0,0,0,0,0,5,0,54,3,3,5,134.6,0.958,0.939,,,0.011,,0.914,,,,,,0.011,,,,0.022,,,,,,,,,,,,,,,,,,,15.0
RPath,350,sidewalks,128.953,HMAC,1,2,2,1,0,0,0,0,0,0,0,0,1,2,2,1,2,2,0,0,0,1,0,0,0,5,0,2,0,0,0,0,0,0,1,2,2,0,0,0,0,0,0,0,1,2,2,0,1,0,1,2,2,5,5,0,0,1,0,0,0,0,0,0,0,0,0,0,0,0,0,0,0,1,2,0,1,2,0,0,0,0,5,0,1,1,0,1,2,0,0,0,0,1,2,2,5,0,77,4,4,2,129.0,0.140,0.099,,,,0.047,0.081,,,,,,,,,,,,0.012,,,,,,,,,,,,,,,,,8.0
RPath,351,sidewalks,346.84,HMAC,1,2,2,1,2,0,1,2,0,0,0,0,1,2,2,1,2,2,0,0,0,1,2,2,0,5,0,2,0,0,0,0,0,0,1,2,2,0,0,0,0,0,0,0,1,2,2,0,1,0,1,2,2,5,5,0,0,1,0,0,0,0,0,0,0,0,0,0,0,0,1,2,0,1,2,0,1,2,0,0,0,0,0,0,1,0,0,1,2,0,0,0,0,1,2,2,5,0,83,5,4,2,346.4,0.078,0.021,,,,0.074,,,,,,,,,,,,,0.004,,,,,,,,,,,,,,,,,8.0
RPath,352,sidewalks,337.234,HMAC,1,2,2,1,0,0,1,0,0,0,0,0,1,2,2,1,2,2,0,0,0,1,2,0,0,5,0,0,0,0,0,0,0,0,1,2,2,0,0,0,0,0,0,0,1,2,2,0,1,0,1,2,2,5,5,0,3,1,0,0,0,0,0,0,0,0,0,0,0,0,0,0,0,1,2,0,1,2,0,0,0,0,0,3,1,1,0,1,2,0,0,0,0,1,2,2,5,0,79,4,4,2,344.3,0.061,0.022,,,,0.052,0.009,,,,,,,,,,,,,,,,,,,,,,,,,,,,,8.0
RPath,354,sidewalks,357.605,HMAC,1,2,2,1,2,0,1,2,0,0,0,0,1,2,2,1,2,2,0,0,0,1,2,2,0,5,0,2,0,0,0,0,0,0,1,2,2,0,0,0,0,0,0,0,1,2,2,0,1,1,1,2,2,5,5,0,0,1,0,0,0,0,0,0,0,0,0,0,0,0,1,2,2,1,2,0,1,2,0,0,0,0,0,0,1,0,0,1,2,2,0,0,0,1,2,2,5,0,88,5,5,2,361.1,0.058,0.024,,,,0.046,0.012,,,,,,,,,,,,,,,,,,,,,,,,,,,,,10.0
RPath,355,sidewalks,45.023,HMAC,1,2,2,1,0,0,1,0,0,0,0,0,1,2,2,1,2,2,0,0,0,1,0,0,5,0,0,2,0,0,0,0,0,0,1,2,2,0,0,0,0,0,0,5,1,2,2,0,1,1,1,2,2,5,5,0,0,1,0,0,0,0,0,0,0,0,0,0,0,0,0,0,0,1,2,0,1,2,0,0,0,0,5,0,1,1,0,1,2,0,0,0,0,1,2,2,5,0,84,5,4,2,45.0,0.133,0.083,,,,0.067,0.033,,,,,,,,,,,,,0.033,,,,,,,,,,,,,,,,8.0
RPath,356,sidewalks,50.554,HMAC,1,2,2,1,2,0,1,2,0,0,0,0,1,2,0,1,2,0,0,0,0,0,0,0,0,5,0,2,0,0,0,0,0,0,1,2,2,0,0,0,0,0,0,0,1,2,0,0,1,0,1,2,2,5,5,0,0,1,0,0,0,0,0,0,1,2,0,0,0,0,0,0,0,1,2,0,0,0,0,0,0,0,5,3,0,0,0,0,0,0,0,0,0,0,0,0,5,0,68,4,4,5,50.6,0.920,0.920,,,,,0.920,,,,,,,,,,,,,,,,,,,,,,,,,,,,,20.0
RPath,357,sidewalks,201.79,HMAC,1,2,2,1,2,2,1,2,2,0,0,0,1,0,0,1,0,0,0,0,0,0,0,0,0,5,0,2,0,0,0,0,0,0,1,2,2,0,0,0,0,0,0,0,1,2,2,0,1,0,1,2,2,5,5,0,0,1,0,0,0,0,0,0,1,2,2,0,0,0,0,0,0,1,2,0,1,0,0,0,0,0,5,0,1,0,1,0,0,0,0,0,0,0,0,0,5,0,72,4,4,1,201.8,0.000,0.000,,,,,,,,,,,,,,,,,,,,,,,,,,,,,,,,,,4.0
RPath,360,sidewalks,221.572,HMAC,1,2,2,1,0,0,1,0,0,0,0,0,1,2,2,0,0,0,0,0,0,1,2,2,0,5,0,2,0,0,0,0,0,0,1,2,2,0,0,0,0,0,0,0,1,0,0,0,1,0,1,2,2,5,5,0,0,1,0,0,0,0,0,0,0,0,0,0,0,0,0,0,0,1,0,0,1,2,2,0,0,0,0,3,1,1,1,0,0,0,0,0,0,0,0,0,5,0,64,4,3,4,220.0,0.450,0.382,,,,0.082,0.334,,,,,0.014,,,,,0.014,0.007,,,,,,,,,,,,,,,,,,12.0
RPath,361,sidewalks,74.752,HMAC,1,2,2,1,0,0,1,0,0,0,0,0,1,2,2,0,0,0,0,0,0,1,0,0,0,5,0,2,0,0,0,0,0,0,1,2,2,0,0,0,1,0,0,0,1,2,2,0,1,1,1,2,2,0,0,4,0,1,0,0,0,0,0,0,0,0,0,0,0,0,0,0,0,1,2,2,1,2,0,0,0,0,5,3,1,1,1,0,0,0,0,0,0,0,0,0,5,0,67,4,4,4,74.8,0.381,0.326,,,,0.060,0.281,,,,,,,,,,0.020,0.020,,,,,,,,,,,,,,,,,,16.0
RPath,362,sidewalks,118.111,HMAC,1,2,2,1,0,0,0,0,0,0,0,0,1,0,0,0,0,0,0,0,0,0,0,0,5,5,0,2,0,0,0,1,0,0,1,2,2,1,0,0,1,2,2,0,1,0,0,0,1,1,1,2,2,5,0,4,0,1,0,0,0,0,0,0,0,0,0,0,0,0,0,0,0,1,2,2,1,2,2,0,0,0,0,3,1,1,1,0,0,0,0,0,0,0,0,0,5,0,70,4,4,5,119.8,0.902,0.902,,,,,0.889,,,,,,,,,,,0.013,,,,,,,,,,,,,,,,,,20.0
RPath,363,sidewalks,117.348,CON,1,2,2,1,0,0,0,0,0,0,0,0,1,0,0,0,0,0,0,0,0,0,0,0,5,5,0,2,0,0,0,0,0,0,1,2,2,1,0,0,1,2,2,0,0,0,0,0,1,1,1,2,2,5,0,4,0,1,0,0,0,0,0,0,0,0,0,0,0,0,0,0,0,1,2,2,1,2,0,0,0,0,0,3,1,1,1,0,0,0,0,0,0,0,0,0,5,0,66,4,3,1,123.5,0.000,0.000,,,,,,,,,,,,,,,,,,,,,,,,,,,,,,,,,,3.0
RPath,364,sidewalks,78.096,CON,1,2,0,1,0,0,0,0,0,0,0,0,1,0,0,0,0,0,0,0,0,0,0,0,0,5,0,2,0,0,0,0,0,0,1,2,2,0,0,0,1,2,2,0,0,0,0,0,1,1,1,2,2,5,0,4,0,1,0,0,0,0,0,0,0,0,0,0,0,0,0,0,0,1,2,0,1,0,0,0,0,0,0,3,1,1,1,0,0,0,0,0,0,0,0,0,5,0,54,3,3,1,82.9,0.000,0.000,,,,,,,,,,,,,,,,,,,,,,,,,,,,,,,,,,3.0
RPath,365,sidewalks,72.062,HMAC,1,0,0,1,0,0,0,0,0,0,0,0,1,0,0,0,0,0,0,0,0,0,0,0,0,5,0,2,0,0,0,1,0,0,1,2,2,0,0,0,1,2,0,0,0,0,0,0,1,1,1,2,2,5,0,4,0,1,0,0,0,0,0,0,0,0,0,0,0,0,0,0,0,1,2,0,1,0,0,0,0,0,0,3,1,1,1,0,0,0,0,0,0,0,0,0,5,0,51,3,3,5,76.1,0.789,0.789,,,,,0.789,,,,,,,,,,,,,,,,,,,,,,,,,,,,,15.0
RPath,366,sidewalks,68.734,HMAC,1,2,0,1,0,0,1,0,0,0,0,0,1,0,0,0,0,0,0,0,0,0,0,0,0,5,0,2,0,0,0,1,0,0,1,2,2,0,0,0,1,0,0,0,0,0,0,0,1,1,1,2,2,5,0,4,3,1,0,0,0,0,0,0,0,0,0,0,0,0,0,0,0,1,2,0,1,0,0,0,0,0,0,3,1,1,1,0,0,0,0,0,0,0,0,0,5,0,55,3,3,5,73.3,0.962,0.962,,,,,0.962,,,,,,,,,,,,,,,,,,,,,,,,,,,,,15.0
RPath,367,sidewalks,72.794,HMAC,1,2,0,1,2,0,1,0,0,0,0,0,1,0,0,0,0,0,0,0,0,0,0,0,0,5,0,2,0,0,0,1,0,0,1,2,2,1,0,0,1,0,0,0,0,0,0,0,1,1,1,2,2,5,0,4,0,1,0,0,0,0,0,0,0,0,0,0,0,0,0,0,0,1,0,0,1,0,0,0,0,0,5,3,1,1,1,0,0,0,0,0,0,0,0,0,5,0,58,3,3,5,76.3,0.767,0.757,,,,,0.747,,,,,,,,,,0.020,,,,,,,,,,,,,,,,,,,15.0
RPath,368,sidewalks,50.468,HMAC,1,2,2,1,2,2,1,0,0,0,0,0,1,2,0,1,2,0,0,0,0,0,0,0,0,0,0,2,0,0,0,0,0,0,1,2,2,0,0,0,0,0,0,0,0,0,0,0,0,0,1,0,0,0,0,0,0,1,0,0,0,0,0,0,0,0,0,0,0,0,0,0,0,1,2,0,1,2,2,0,0,0,5,3,0,0,0,0,0,0,0,0,0,0,0,0,5,0,47,3,2,5,74.5,0.544,0.544,,,0.020,,0.524,,,,,,,,,,,,,,,,,,,,,,,,,,,,,10.0
RPath,369,sidewalks,73.39,HMAC,1,2,2,1,2,0,1,2,0,0,0,0,1,2,0,0,0,0,0,0,0,0,0,0,5,5,0,2,0,0,0,1,2,0,1,2,2,1,0,0,0,0,0,0,0,0,0,0,1,1,1,2,2,5,0,4,0,1,0,0,0,0,0,0,0,0,0,0,0,0,0,0,0,1,0,0,1,0,0,0,0,0,5,3,1,1,1,0,0,0,0,0,0,0,0,0,5,0,70,4,4,5,77.5,0.967,0.958,,,,,0.948,,,,,,,,,,0.019,,,,,,,,,,,,,,,,,,,20.0
RPath,370,sidewalks,329.056,HMAC,1,2,0,1,0,0,1,2,0,1,2,0,1,2,2,0,0,0,0,0,0,0,0,0,5,5,0,2,0,0,0,0,0,0,1,2,2,0,0,0,0,0,0,0,1,2,2,0,0,0,1,2,2,0,5,0,0,1,0,0,0,0,0,0,0,0,0,0,0,0,0,0,0,1,0,0,0,0,0,0,0,0,0,3,1,1,1,1,2,2,0,0,0,0,0,0,5,0,65,4,3,3,329.2,0.305,0.216,,,,0.096,0.164,,,,,,,0.009,0.014,,0.009,0.009,0.005,,,,,,,,,,,,,,,,,9.0
RPath,371,sidewalks,296.113,HMAC,1,2,2,1,0,0,1,2,0,1,2,2,1,2,2,0,0,0,0,0,0,0,0,0,5,5,0,2,0,0,0,0,0,0,1,2,2,0,0,0,0,0,0,0,1,2,2,0,0,0,1,2,2,0,5,0,0,1,0,0,0,0,0,0,0,0,0,0,0,0,0,0,0,1,0,0,0,0,0,0,0,0,0,3,1,1,1,1,2,2,0,0,0,0,0,0,5,0,69,4,4,3,298.4,0.302,0.209,,,,0.101,0.141,,,,0.010,,,0.010,,,0.020,0.020,,,,,,,,,,,,,,,,,,12.0
RPath,372,sidewalks,394.262,CON,1,2,0,0,0,0,1,0,0,0,0,0,1,0,0,1,0,0,0,0,0,0,0,0,0,0,0,0,0,0,0,0,0,0,1,2,2,0,0,0,0,0,0,0,0,0,0,0,0,0,1,2,2,0,5,0,0,0,0,0,0,0,0,0,0,0,0,0,0,0,0,0,0,0,0,0,0,0,0,0,0,0,0,0,1,1,1,0,0,0,0,0,0,0,0,0,0,0,24,1,1,2,394.3,0.156,0.054,,,,0.027,0.004,,,,0.023,,,,0.076,,0.015,0.011,,,,,,,,,,,,,,,,,,2.0
RPath,373,sidewalks,173.075,HMAC,1,2,2,0,0,0,0,0,0,0,0,0,1,2,0,1,0,0,0,0,0,0,0,0,0,0,0,2,0,0,0,1,2,0,1,2,0,0,0,0,0,0,0,0,0,0,0,0,0,0,1,2,0,0,0,0,0,1,0,0,0,0,0,0,0,0,0,1,2,0,0,0,0,1,2,0,1,2,0,0,0,0,5,3,0,0,0,0,0,0,0,0,0,0,0,0,5,0,43,2,2,3,174.6,0.309,0.159,,,,0.189,0.103,,,,,,,,,,0.017,,,,,,,,,,,,,,,,,,,6.0
RPath,374,sidewalks,171.936,HMAC,1,2,2,1,0,0,1,0,0,0,0,0,1,2,2,1,0,0,0,0,0,0,0,0,5,5,0,2,0,0,0,1,2,2,1,2,2,0,0,0,0,0,0,0,0,0,0,0,0,0,1,2,2,0,0,0,3,1,0,0,0,0,0,0,1,0,0,1,2,2,0,0,0,1,2,2,1,2,2,0,0,0,5,3,1,0,1,0,0,0,0,0,0,0,0,0,5,0,75,4,4,4,173.3,0.364,0.316,,,,0.052,0.286,,,,,,,,,,0.017,0.009,,,,,,,,,,,,,,,,,,16.0
RPath,375,sidewalks,165.015,HMAC,1,2,2,1,2,0,1,2,0,0,0,0,1,2,2,1,2,2,0,0,0,0,0,0,5,0,0,2,0,0,0,1,2,2,1,2,2,0,0,0,0,0,0,0,0,0,0,0,0,0,1,2,2,0,0,0,3,1,0,0,0,0,0,0,1,0,0,1,2,0,0,0,0,1,0,0,1,2,0,0,0,0,5,3,1,0,1,0,0,0,0,0,0,0,0,0,5,0,70,4,4,3,164.5,0.292,0.223,,,,0.073,0.192,,,,,,,,,,0.027,,,,,,,,,,,,,,,,,,,12.0
RPath,376,sidewalks,325.43,HMAC,1,2,2,1,2,0,1,2,0,0,0,0,1,2,2,0,0,0,0,0,0,0,0,0,0,5,0,2,0,0,0,1,2,2,1,2,0,0,0,0,0,0,0,0,0,0,0,0,0,0,1,2,2,5,0,0,3,1,1,0,0,0,0,0,1,2,2,1,0,0,1,0,0,1,2,2,1,2,2,0,0,0,0,3,1,1,1,0,0,0,0,0,0,0,0,0,5,0,74,4,4,3,321.6,0.131,0.104,,,,0.005,0.084,,0.005,,0.014,,,,,,,,0.019,0.005,,,,,,,,,,,,,,,,12.0
RPath,377,sidewalks,99.04,SS,1,2,0,1,0,0,0,0,0,0,0,0,1,2,2,0,0,0,1,2,2,0,0,0,0,0,0,2,0,0,0,1,2,0,0,0,0,0,0,0,0,0,0,0,1,2,2,0,1,0,1,2,2,0,0,0,3,1,1,0,0,0,0,0,1,0,0,0,0,0,0,0,0,1,2,0,1,2,0,0,0,0,0,3,1,0,0,0,0,0,1,0,0,0,0,0,5,0,52,3,3,1,106.3,0.000,0.000,,,,,,,,,,,,,,,,,,,,,,,,,,,,,,,,,,3.0
RPath,378,sidewalks,344.936,SS,1,2,2,1,2,0,0,0,0,0,0,0,1,2,2,1,0,0,1,2,0,0,0,0,0,0,0,0,0,0,0,1,2,2,1,2,0,0,0,0,1,2,2,0,1,2,0,0,1,0,1,2,2,5,5,0,0,0,1,2,0,0,0,0,0,0,0,0,0,0,0,0,0,1,2,0,1,2,0,0,0,0,0,0,1,1,1,0,0,0,0,0,0,0,0,0,0,0,61,3,3,1,344.9,0.000,0.000,,,,,,,,,,,,,,,,,,,,,,,,,,,,,,,,,,3.0
RPath,379,sidewalks,173.635,CON,1,2,2,1,0,0,0,0,0,0,0,0,1,2,2,0,0,0,0,0,0,0,0,0,5,0,0,0,0,0,0,1,2,2,1,2,0,1,0,0,1,2,2,0,1,2,0,0,1,1,1,2,2,5,5,0,0,0,1,0,0,0,0,0,0,0,0,0,0,0,0,0,0,0,0,0,1,2,0,0,0,0,0,0,1,1,1,0,0,0,0,0,0,0,0,0,5,0,62,3,3,3,175.1,0.197,0.128,,,,0.086,0.094,,,,,,,,,,0.009,0.009,,,,,,,,,,,,,,,,,,9.0
RPath,380,sidewalks,110.996,CON,1,2,2,1,0,0,1,0,0,0,0,0,1,0,0,1,0,0,0,0,0,0,0,0,5,0,0,0,0,0,0,1,2,0,1,2,2,0,0,0,1,2,2,0,1,2,0,0,1,0,1,2,2,0,0,4,0,1,0,0,0,0,0,0,0,0,0,0,0,0,0,0,0,1,2,0,1,2,2,0,0,0,0,3,1,1,1,0,0,0,0,0,0,0,0,0,5,0,60,3,3,3,111.0,0.203,0.142,,,,0.041,0.108,,,,,,,,0.014,,0.041,,,,,,,,,,,,,,,,,,,9.0
RPath,381,sidewalks,118.334,CON,1,2,2,1,0,0,1,0,0,0,0,0,1,0,0,0,0,0,0,0,0,0,0,0,5,0,0,0,0,0,0,1,2,0,1,2,2,1,0,0,1,2,2,0,1,0,0,0,1,0,1,2,2,5,0,4,0,1,0,0,0,0,0,0,0,0,0,0,0,0,0,0,0,1,2,0,1,2,2,0,0,0,0,3,1,1,1,0,0,0,0,0,0,0,0,0,5,0,63,3,3,3,123.1,0.207,0.171,,,,0.049,0.158,,,,,,,,,,,,,,,,,,,,,,,,,,,,,9.0
RPath,382,sidewalks,80.457,HMAC,1,2,2,1,0,0,1,0,0,1,0,0,1,0,0,0,0,0,0,0,0,0,0,0,5,0,3,0,0,0,0,0,0,0,1,2,2,0,0,0,0,0,0,0,0,0,0,0,0,0,1,2,2,0,5,0,0,1,0,0,0,0,0,0,0,0,0,0,0,0,0,0,0,1,2,0,1,2,0,0,0,0,5,0,1,1,1,0,0,0,0,0,0,0,0,0,5,0,52,3,3,3,81.6,0.276,0.124,,,,0.202,0.055,,,,,,,,,,,0.018,,,,,,,,,,,,,,,,,,9.0
RPath,383,sidewalks,86.361,HMAC,1,2,2,1,0,0,1,0,0,1,2,0,1,2,0,0,0,0,0,0,0,0,0,0,5,0,3,2,0,0,0,0,0,0,1,2,2,0,0,0,0,0,0,5,1,0,0,0,0,0,1,2,2,0,5,0,0,1,0,0,0,0,0,0,0,0,0,0,0,0,0,0,0,1,2,2,1,2,0,0,0,0,0,3,1,1,1,0,0,0,0,0,0,0,0,0,5,0,64,4,3,4,86.3,0.504,0.334,,,,0.226,0.174,,,,,,,0.070,,,,0.035,,,,,,,,,,,,,,,,,,12.0
RPath,384,sidewalks,26.793,HMAC,1,2,2,1,0,0,1,0,0,0,0,0,1,2,2,0,0,0,0,0,0,0,0,0,0,0,0,2,0,0,0,0,0,0,1,2,2,0,0,0,0,0,0,5,0,0,0,0,0,0,1,2,2,0,0,0,3,0,0,0,0,0,0,0,1,0,0,1,2,0,1,2,0,1,2,0,1,2,0,0,0,0,5,0,1,0,1,0,0,0,0,0,0,0,0,0,5,0,57,3,3,1,29.9,0.000,0.000,,,,,,,,,,,,,,,,,,,,,,,,,,,,,,,,,,3.0
RPath,385,sidewalks,348.842,HMAC,1,2,2,1,0,0,1,0,0,0,0,0,1,2,2,0,0,0,0,0,0,0,0,0,0,5,0,2,0,0,0,1,2,0,1,2,2,0,0,0,0,0,0,5,0,0,0,0,0,0,1,2,2,0,0,0,3,1,0,0,0,0,0,0,1,0,0,1,2,2,1,2,2,1,2,2,1,2,2,0,0,0,5,0,1,0,1,0,0,0,0,0,0,0,0,0,5,0,74,4,4,3,347.0,0.359,0.202,,,0.009,0.195,0.117,,,,,,,,,,0.017,0.017,0.004,,,,,,,,,,,,,,,,,12.0
RPath,386,sidewalks,84.452,HMAC,1,2,0,1,2,0,1,0,0,1,2,0,1,2,0,0,0,0,0,0,0,0,0,0,5,0,3,2,0,0,0,0,0,0,1,2,2,0,0,0,0,0,0,0,1,2,0,0,0,0,1,2,2,0,5,0,0,1,0,0,0,0,0,0,0,0,0,0,0,0,0,0,0,1,2,2,1,2,0,0,0,0,0,3,1,1,1,0,0,0,0,0,0,0,0,0,5,0,61,3,3,4,84.6,0.372,0.253,,,,0.159,0.177,,,,,,,,,,,0.035,,,,,,,,,,,,,,,,,,12.0
RPath,387,sidewalks,177.042,HMAC,1,2,0,1,2,0,1,2,0,1,2,0,1,2,0,0,0,0,0,0,0,0,0,0,5,5,3,0,0,0,0,0,0,0,1,2,2,0,0,0,0,0,0,0,1,2,2,0,0,0,1,2,2,0,5,0,0,1,0,0,0,0,0,0,0,0,0,0,0,0,0,0,0,1,2,2,1,2,0,0,0,0,0,3,1,1,1,1,0,0,0,0,0,0,0,0,5,0,69,4,4,4,177.5,0.363,0.256,,,,0.144,0.152,,,0.051,,,,,,,,,,0.017,,,,,,,,,,,,,,,,16.0
RPath,388,sidewalks,83.791,HMAC,1,2,2,1,0,0,1,2,0,1,2,2,1,2,2,0,0,0,0,0,0,0,0,0,5,0,0,0,0,0,0,0,0,0,1,2,2,0,0,0,0,0,0,0,1,2,0,0,0,0,1,2,2,0,5,0,0,1,0,0,0,0,0,0,0,0,0,0,0,0,0,0,0,1,2,2,1,2,0,0,0,0,0,3,1,1,1,1,0,0,0,0,0,0,0,0,5,0,63,3,3,3,81.6,0.331,0.184,,,,0.074,0.129,,0.018,,,,0.018,,0.074,,0.018,,,,,,,,,,,,,,,,,,,9.0
RPath,389,sidewalks,259.602,HMAC,1,2,2,1,0,0,1,2,2,1,2,2,1,2,2,0,0,0,0,0,0,0,0,0,5,5,0,2,0,0,0,0,0,0,1,2,2,0,0,0,0,0,0,0,1,2,2,0,0,0,1,2,2,0,0,0,0,1,0,0,0,0,0,0,0,0,0,0,0,0,0,0,0,1,0,0,1,0,0,0,0,0,0,3,1,0,1,1,2,0,0,0,0,0,0,0,5,0,64,4,3,2,263.6,0.097,0.077,,,,0.023,0.063,,,,,,,,,0.006,0.006,,,,,,,,,,,,,,,,,,,6.0
RPath,390,sidewalks,252.587,HMAC,1,2,2,0,0,0,0,0,0,0,0,0,1,2,2,0,0,0,0,0,0,0,0,0,0,5,0,2,0,0,0,1,0,0,1,2,0,0,0,0,0,0,0,5,0,0,0,0,0,0,1,2,0,0,0,0,0,1,0,0,0,0,0,0,1,0,0,1,2,0,1,0,0,1,2,0,1,2,0,0,0,0,5,3,1,0,0,0,0,0,0,0,0,0,0,0,5,0,55,3,3,3,252.6,0.434,0.238,,,,0.261,0.143,,,,,,,,,0.012,,0.018,,,,,,,,,,,,,,,,,,9.0
RPath,391,sidewalks,120.73,CON,1,2,0,1,0,0,1,0,0,0,0,0,1,2,0,1,0,0,0,0,0,0,0,0,0,0,0,2,0,0,0,1,2,0,1,2,2,1,2,0,1,2,2,0,1,0,0,0,0,0,1,2,2,0,0,4,0,1,0,0,0,0,0,0,0,0,0,0,0,0,0,0,0,0,0,0,0,0,0,0,0,0,5,0,1,1,1,1,2,0,0,0,0,0,0,0,5,0,54,3,3,3,122.7,0.134,0.107,,,,0.037,0.098,,,,,,,,,,,,,,,,,,,,,,,,,,,,,9.0
RPath,392,sidewalks,145.249,CON,1,2,0,1,0,0,1,0,0,0,0,0,1,2,0,0,0,0,0,0,0,0,0,0,5,0,0,2,0,0,0,1,2,2,1,2,0,1,0,0,1,2,2,0,1,2,0,0,0,0,1,2,2,0,0,4,3,0,0,0,0,0,0,0,0,0,0,0,0,0,0,0,0,0,0,0,0,0,0,0,0,0,5,3,1,1,1,1,0,0,0,0,0,0,0,0,5,0,61,3,3,3,146.4,0.154,0.138,,,,0.020,0.133,,,,,,,,,,,,,,,,,,,,,,,,,,,,,9.0
RPath,393,sidewalks,150.563,HMAC,1,2,0,0,0,0,0,0,0,0,0,0,1,2,2,0,0,0,0,0,0,0,0,0,0,0,0,2,0,0,0,0,0,0,1,2,0,0,0,0,0,0,0,5,1,0,0,0,0,0,1,2,0,0,0,0,0,1,0,0,0,0,0,0,1,0,0,1,0,0,1,0,0,1,0,0,1,2,0,0,0,0,5,3,0,0,0,0,0,0,0,0,0,0,0,0,5,0,43,2,2,4,150.6,0.458,0.334,,,,0.159,0.279,,,,,,,,,,0.010,,,0.010,,,,,,,,,,,,,,,,8.0
RPath,394,sidewalks,134.494,HMAC,1,2,0,0,0,0,0,0,0,0,0,0,1,0,0,0,0,0,1,0,0,0,0,0,0,0,3,0,0,0,0,1,2,0,1,2,2,0,0,0,0,0,0,0,1,2,2,0,1,1,1,2,2,5,5,0,0,1,0,0,0,0,0,0,0,0,0,0,0,0,0,0,0,1,0,0,1,2,2,0,0,0,0,0,1,1,1,0,0,0,0,0,0,1,2,0,5,0,56,3,3,5,134.5,0.625,0.608,,,,,0.591,,,,,,,,,,0.033,,,,,,,,,,,,,,,,,,,15.0
RPath,395,sidewalks,80.839,HMAC,1,2,0,1,2,2,1,0,0,0,0,0,1,2,2,1,2,2,0,0,0,1,0,0,0,0,0,2,0,0,0,0,0,0,1,2,2,0,0,0,0,0,0,0,1,2,0,0,0,0,1,2,0,5,5,0,0,1,0,0,0,0,0,0,0,0,0,0,0,0,1,2,0,1,2,2,1,2,0,0,0,0,0,3,1,0,1,0,0,0,0,0,0,0,0,0,5,0,65,4,3,2,80.8,0.074,0.033,,,,0.056,,,,,,,,0.019,,,,,,,,,,,,,,,,,,,,,,6.0
RPath,396,sidewalks,154.223,CON,0,0,0,0,0,0,0,0,0,0,0,0,1,2,0,0,0,0,1,2,0,0,0,0,0,0,3,0,0,0,0,1,0,0,1,0,0,0,0,0,0,0,0,0,1,0,0,0,1,0,1,2,0,0,0,0,3,1,0,0,0,0,0,0,0,0,0,0,0,0,0,0,0,0,0,0,1,2,0,0,0,0,0,0,1,1,1,0,0,0,0,0,0,1,2,0,5,0,34,2,2,1,157.5,0.000,0.000,,,,,,,,,,,,,,,,,,,,,,,,,,,,,,,,,,2.0
RPath,397,sidewalks,198.341,HMAC,1,2,2,1,0,0,0,0,0,0,0,0,1,2,2,1,2,2,0,0,0,1,0,0,5,0,0,2,0,0,0,0,0,0,1,2,2,0,0,0,0,0,0,0,1,2,2,0,1,1,1,2,2,5,5,0,0,1,0,0,0,0,0,0,0,0,0,0,0,0,0,0,0,1,2,0,1,2,0,0,0,0,5,0,1,1,0,1,2,0,0,0,0,1,2,2,5,0,78,4,4,2,198.3,0.098,0.059,,,,0.053,0.030,,,,,,,0.015,,,,,,,,,,,,,,,,,,,,,,8.0
RPath,399,sidewalks,68.01,HMAC,1,2,2,1,2,0,1,2,0,0,0,0,1,0,0,1,0,0,0,0,0,0,0,0,0,0,3,0,0,0,0,0,0,0,1,2,2,0,0,0,0,0,0,0,1,2,2,0,1,1,1,2,2,5,5,0,0,0,0,0,0,0,0,0,1,2,2,0,0,0,0,0,0,1,2,0,0,0,0,0,0,0,5,3,1,1,1,0,0,0,0,0,0,0,0,0,5,0,67,4,4,4,69.7,0.430,0.430,,,0.022,,0.409,,,,,,,,,,,,,,,,,,,,,,,,,,,,,16.0
RPath,400,sidewalks,147.601,HMAC,1,2,2,1,2,0,1,2,0,0,0,0,1,0,0,1,2,0,0,0,0,0,0,0,0,0,3,0,0,0,0,1,0,0,1,2,2,0,0,0,0,0,0,0,1,2,2,0,1,1,1,2,2,5,5,0,0,1,0,0,0,0,0,0,1,2,2,0,0,0,0,0,0,1,2,2,0,0,0,0,0,0,5,3,1,1,1,0,0,0,0,0,0,0,0,0,5,0,73,4,4,5,149.2,0.925,0.925,,,,,0.925,,,,,,,,,,,,,,,,,,,,,,,,,,,,,20.0
RPath,401,sidewalks,129.514,CON,1,2,2,1,2,0,1,2,0,0,0,0,1,0,0,1,2,0,0,0,0,0,0,0,5,5,0,0,0,0,0,1,0,0,1,2,2,0,0,0,0,0,0,0,1,2,2,0,1,1,1,2,2,5,5,0,0,1,0,0,0,0,0,0,1,2,2,0,0,0,0,0,0,1,2,2,0,0,0,0,0,0,5,3,0,0,0,0,0,0,0,0,0,0,0,0,5,0,77,4,4,1,131.7,0.000,0.000,,,,,,,,,,,,,,,,,,,,,,,,,,,,,,,,,,4.0
RPath,402,sidewalks,383.546,HMAC,1,2,2,1,2,0,1,2,0,0,0,0,1,2,2,1,2,2,0,0,0,0,0,0,5,5,0,2,0,0,0,1,0,0,1,2,2,0,0,0,0,0,0,0,1,2,2,0,1,1,1,2,2,5,5,0,0,1,0,0,0,0,0,0,1,2,2,0,0,0,0,0,0,1,2,2,1,0,0,0,0,0,5,3,0,0,0,0,0,0,0,0,0,0,0,0,5,0,86,5,5,5,383.9,0.965,0.960,,,,0.004,0.957,,,,,,,,,,,,0.004,,,,,,,,,,,,,,,,,25.0
RPath,404,sidewalks,49.274,PB,1,2,2,1,0,0,1,0,0,1,2,0,1,2,0,0,0,0,0,0,0,0,0,0,5,0,0,2,0,0,0,0,0,0,1,2,2,0,0,0,0,0,0,5,1,2,2,0,0,0,1,2,2,5,5,4,0,0,0,0,0,0,0,0,1,0,0,0,0,0,1,2,0,1,0,0,1,2,0,0,0,0,0,3,0,0,0,0,0,0,0,0,0,0,0,0,5,0,70,4,4,2,52.8,0.341,0.085,,,,0.341,,,,,,,,,,,,,,,,,,,,,,,,,,,,,,8.0
RPath,405,sidewalks,80.098,HMAC,1,2,2,1,2,0,1,0,0,1,2,2,1,2,0,0,0,0,0,0,0,1,2,0,5,5,0,2,1,2,0,0,0,0,1,2,2,0,0,0,1,2,2,5,1,2,0,0,1,0,1,2,2,5,5,0,3,1,1,2,0,0,0,0,1,0,0,0,0,0,0,0,0,1,2,0,1,2,0,0,0,0,5,3,1,0,1,1,2,0,0,0,0,0,0,0,5,0,101,5,5,3,77.8,0.270,0.183,0.019,,,0.116,0.058,0.077,,,,,,,,,,,,,,,,,,,,,,,,,,,,15.0
RPath,406,sidewalks,81.959,HMAC,1,2,0,1,2,0,1,0,0,1,2,0,1,2,0,0,0,0,0,0,0,1,2,0,0,5,0,2,1,2,0,0,0,0,1,2,2,0,0,0,1,2,2,5,1,2,0,0,1,0,1,2,2,5,5,0,3,1,1,2,0,0,0,0,1,0,0,0,0,0,0,0,0,1,2,0,1,2,0,0,0,0,5,3,1,0,1,1,2,0,0,0,0,0,0,0,5,0,92,5,5,4,77.9,0.270,0.260,,,,,0.231,,,,,,,,,,,0.019,0.019,,,,,,,,,,,,,,,,,20.0
RPath,407,sidewalks,82.89,CON,1,2,0,1,2,0,1,2,0,1,2,0,1,2,0,0,0,0,0,0,0,1,2,0,0,0,0,2,1,0,0,0,0,0,1,2,0,0,0,0,1,2,0,5,1,2,0,0,1,0,1,2,0,0,0,0,3,1,1,2,0,0,0,0,1,0,0,1,0,0,0,0,0,1,2,0,1,2,2,0,0,0,5,3,1,0,1,1,2,0,0,0,0,0,0,0,5,0,74,4,4,1,79.3,0.019,0.005,,,,0.019,,,,,,,,,,,,,,,,,,,,,,,,,,,,,,4.0
RPath,408,sidewalks,81.242,CON,1,2,0,1,0,0,1,0,0,1,2,0,1,2,0,1,0,0,0,0,0,1,2,0,5,5,0,2,1,2,0,1,0,0,1,2,2,0,0,0,1,2,2,5,1,2,2,0,1,1,1,2,2,5,5,0,0,1,1,2,2,0,0,0,0,0,0,0,0,0,0,0,0,1,2,0,1,2,0,0,0,0,0,3,1,0,1,1,2,0,0,0,0,0,0,0,5,0,93,5,5,2,81.2,0.185,0.083,,,,0.111,0.037,,,,,,,,,,0.037,,,,,,,,,,,,,,,,,,,10.0
RPath,409,sidewalks,94.681,CON,1,2,0,1,0,0,0,0,0,1,2,0,1,2,2,1,0,0,0,0,0,1,2,2,5,0,0,2,1,2,0,1,0,0,1,2,2,0,0,0,1,2,2,5,1,2,2,0,1,1,1,2,2,5,5,0,0,1,1,2,2,1,0,0,0,0,0,0,0,0,0,0,0,1,0,0,1,2,0,0,0,0,0,3,1,1,1,1,2,0,0,0,0,0,0,0,5,0,91,5,5,2,79.5,0.094,0.038,,,,0.038,,,,,,,,,,,,,0.057,,,,,,,,,,,,,,,,,10.0
RPath,410,sidewalks,80.962,CON,1,2,0,1,0,0,1,0,0,1,0,0,1,2,2,1,2,0,0,0,0,1,2,2,0,5,0,2,1,0,0,1,0,0,1,2,0,0,0,0,1,2,0,5,1,2,0,0,1,1,1,2,2,0,0,0,0,1,1,2,0,0,0,0,0,0,0,0,0,0,0,0,0,1,0,0,1,2,0,0,0,0,0,3,1,0,1,1,0,0,0,0,0,0,0,0,5,0,68,4,4,2,80.6,0.093,0.023,,,,0.093,,,,,,,,,,,,,,,,,,,,,,,,,,,,,,8.0
RPath,411,sidewalks,139.374,HMAC,1,2,2,1,0,0,0,0,0,0,0,0,1,2,2,1,2,2,0,0,0,1,2,2,0,5,0,2,0,0,0,1,0,0,1,2,2,0,0,0,1,2,0,5,1,2,0,0,1,1,1,2,2,5,5,0,0,1,1,0,0,1,0,0,0,0,0,1,0,0,0,0,0,1,2,2,1,2,2,0,0,0,0,0,1,0,1,0,0,0,0,0,0,0,0,0,5,0,83,5,4,5,140.3,0.941,0.941,,,,,0.941,,,,,,,,,,,,,,,,,,,,,,,,,,,,,20.0
RPath,412,sidewalks,77.025,HMAC,1,2,0,1,0,0,1,0,0,0,0,0,1,2,0,1,2,0,0,0,0,1,2,0,0,0,0,2,0,0,0,0,0,0,1,2,2,0,0,0,0,0,0,5,1,2,2,0,1,1,1,2,2,5,5,4,0,1,0,0,0,0,0,0,0,0,0,1,0,0,0,0,0,1,2,2,1,2,0,0,0,0,5,3,1,0,1,0,0,0,0,0,0,0,0,0,5,0,77,4,4,3,82.3,0.601,0.164,,,,0.583,0.018,,,,,,,,,,,,,,,,,,,,,,,,,,,,,12.0
RPath,413,sidewalks,90.962,HMAC,1,2,0,1,2,0,1,2,0,0,0,0,1,0,0,0,0,0,0,0,0,1,0,0,0,0,0,2,0,0,0,0,0,0,1,2,2,0,0,0,0,0,0,5,1,2,0,0,1,1,1,2,2,5,5,0,0,1,0,0,0,0,0,0,1,0,0,0,0,0,1,0,0,1,2,0,1,2,2,0,0,0,5,3,0,0,1,1,2,0,0,0,0,0,0,0,5,0,71,4,4,3,89.5,0.352,0.109,,,,0.302,0.017,,,,,,,,,,,,0.034,,,,,,,,,,,,,,,,,12.0
RPath,414,sidewalks,75.551,CON,1,2,0,1,2,0,0,0,0,0,0,0,1,2,0,0,0,0,0,0,0,1,0,0,5,0,0,2,1,0,0,1,2,2,1,2,2,0,0,0,1,2,0,5,1,2,0,0,1,0,1,2,2,0,0,0,3,1,0,0,0,1,2,0,1,2,2,1,0,0,1,2,0,1,0,0,1,0,0,0,0,0,5,3,1,1,1,1,2,0,0,0,0,0,0,0,5,0,82,4,4,1,75.6,0.000,0.000,,,,,,,,,,,,,,,,,,,,,,,,,,,,,,,,,,4.0
RPath,415,sidewalks,74.659,HMAC,1,2,0,1,0,0,0,0,0,0,0,0,1,2,0,1,0,0,0,0,0,1,0,0,0,0,0,2,0,0,0,1,2,2,1,2,2,0,0,0,1,2,0,5,1,2,0,0,1,0,1,2,2,0,0,0,3,1,1,0,0,1,2,2,1,2,2,1,0,0,1,2,0,0,0,0,0,0,0,0,0,0,5,3,0,0,0,1,0,0,0,0,0,0,0,0,5,0,71,4,4,4,74.7,0.462,0.452,,,,,0.422,,,,,,,0.020,,,,,0.020,,,,,,,,,,,,,,,,,16.0
RPath,416,sidewalks,45.782,CON,1,2,2,1,0,0,0,0,0,0,0,0,1,2,0,1,2,0,0,0,0,1,2,0,0,0,0,2,0,0,0,1,2,0,1,2,2,0,0,0,1,0,0,0,1,0,0,0,1,0,1,2,2,5,5,0,3,0,0,0,0,1,2,0,1,0,0,1,2,2,1,0,0,1,0,0,1,0,0,0,0,0,0,3,1,0,1,0,0,0,0,0,0,0,0,0,5,0,68,4,4,4,45.7,0.427,0.427,,,,,0.427,,,,,,,,,,,,,,,,,,,,,,,,,,,,,16.0
RPath,417,sidewalks,133.669,HMAC,1,2,2,0,0,0,0,0,0,0,0,0,1,2,0,1,0,0,1,0,0,0,0,0,0,0,3,0,0,0,0,1,2,2,1,2,2,0,0,0,0,0,0,0,1,2,2,0,1,1,1,2,2,5,5,0,3,1,0,0,0,0,0,0,1,0,0,0,0,0,0,0,0,1,0,0,1,2,2,0,0,0,0,3,1,1,1,0,0,0,0,0,0,1,0,0,5,0,68,4,4,5,135.8,0.851,0.840,,,0.011,,0.818,,,,,,,,,,,,0.022,,,,,,,,,,,,,,,,,20.0
RPath,418,sidewalks,368.719,HMAC,1,2,2,1,2,2,1,0,0,0,0,0,1,2,2,0,0,0,1,0,0,0,0,0,0,5,0,2,0,0,0,1,2,0,1,0,0,0,0,0,0,0,0,0,1,0,0,0,1,0,1,2,2,0,0,0,0,1,1,0,0,0,0,0,1,0,0,0,0,0,0,0,0,1,2,0,1,2,2,0,0,0,0,3,1,0,0,0,0,0,1,2,0,1,2,0,5,0,61,3,3,4,372.3,0.491,0.489,,,,,0.487,,,,,,,,,,0.004,,,,,,,,,,,,,,,,,,,12.0
RPath,419,sidewalks,31.435,SS,1,2,0,0,0,0,0,0,0,0,0,0,1,2,2,1,2,0,1,2,2,0,0,0,0,0,0,2,0,0,0,1,2,2,1,2,0,0,0,0,0,0,0,0,1,0,0,0,0,0,1,0,0,0,5,0,3,1,0,0,0,0,0,0,1,2,2,0,0,0,0,0,0,1,0,0,1,0,0,0,0,0,0,3,1,1,1,0,0,0,0,0,0,0,0,0,5,0,55,3,3,1,39.3,0.000,0.000,,,,,,,,,,,,,,,,,,,,,,,,,,,,,,,,,,3.0
RPath,420,sidewalks,251.915,CON,1,0,0,0,0,0,0,0,0,0,0,0,1,2,2,1,0,0,1,2,2,0,0,0,0,5,3,0,0,0,0,1,2,2,1,0,0,0,0,0,0,0,0,0,1,0,0,0,1,1,1,2,2,0,5,0,3,1,0,0,0,0,0,0,1,2,0,0,0,0,0,0,0,1,0,0,1,2,2,0,0,0,0,0,1,1,1,0,0,0,0,0,0,0,0,0,5,0,60,3,3,4,254.7,0.259,0.259,,,,,0.259,,,,,,,,,,,,,,,,,,,,,,,,,,,,,12.0
RPath,421,sidewalks,96.79,HMAC,1,2,2,0,0,0,0,0,0,0,0,0,1,2,0,0,0,0,0,0,0,0,0,0,0,0,3,0,0,0,0,0,0,0,0,0,0,0,0,0,0,0,0,0,0,0,0,0,0,0,1,2,0,0,0,0,0,1,0,0,0,0,0,0,1,0,0,0,0,0,0,0,0,0,0,0,0,0,0,0,0,0,0,0,1,1,1,1,2,0,0,0,0,0,0,0,5,0,27,1,1,2,96.8,0.232,0.093,,,,0.186,0.046,,,,,,,,,,,,,,,,,,,,,,,,,,,,,2.0
RPath,423,sidewalks,102.042,HMAC,1,2,0,0,0,0,0,0,0,0,0,0,1,2,0,1,2,0,0,0,0,0,0,0,0,0,3,0,1,2,0,0,0,0,1,0,0,0,0,0,0,0,0,0,1,2,0,0,0,0,1,0,0,0,0,0,0,1,0,0,0,0,0,0,1,2,2,0,0,0,0,0,0,1,0,0,1,2,0,1,0,0,0,3,1,1,1,1,2,0,0,0,0,1,0,0,5,0,46,3,2,3,101.1,0.504,0.230,,,,0.356,0.059,,,,,,,,,0.059,,,0.015,0.015,,,,,,,,,,,,,,,,6.0
RPath,424,sidewalks,98.623,HMAC,1,2,2,0,0,0,0,0,0,0,0,0,1,0,0,1,0,0,0,0,0,0,0,0,0,0,3,0,0,0,0,0,0,0,0,0,0,0,0,0,0,0,0,0,0,0,0,0,0,0,1,0,0,0,0,0,0,1,0,0,0,0,0,0,1,0,0,0,0,0,0,0,0,0,0,0,0,0,0,0,0,0,0,0,1,1,1,1,2,2,0,0,0,0,0,0,5,0,26,1,1,4,100.4,0.493,0.258,,,,0.314,0.149,,,,,,,0.030,,,,,,,,,,,,,,,,,,,,,,4.0
RPath,425,sidewalks,88.086,CON,1,2,2,1,0,0,0,0,0,0,0,0,1,0,0,1,0,0,0,0,0,0,0,0,0,5,0,2,0,0,0,0,0,0,0,0,0,0,0,0,0,0,0,5,0,0,0,0,0,0,1,2,0,0,0,0,0,1,0,0,0,0,0,0,0,0,0,0,0,0,0,0,0,1,0,0,1,0,0,0,0,0,0,3,1,1,1,1,2,2,0,0,0,0,0,0,5,0,42,2,2,3,88.1,0.187,0.140,,,,0.051,0.102,,,,,,,,,,0.017,0.017,,,,,,,,,,,,,,,,,,6.0
RPath,426,sidewalks,210.267,CON,1,2,0,1,2,0,0,0,0,0,0,0,1,2,2,1,2,0,0,0,0,0,0,0,0,0,0,2,0,0,0,0,0,0,1,2,0,0,0,0,0,0,0,5,1,0,0,0,0,0,1,2,2,5,0,0,3,1,1,0,0,0,0,0,0,0,0,0,0,0,0,0,0,1,2,0,1,2,2,0,0,0,5,3,1,0,1,1,0,0,0,0,0,0,0,0,5,0,64,4,3,4,210.3,0.321,0.260,,,0.014,0.057,0.150,,,,,,,,,0.036,0.036,0.029,,,,,,,,,,,,,,,,,,12.0
RPath,427,sidewalks,79.841,CON,1,2,2,1,2,2,0,0,0,0,0,0,1,2,2,1,2,0,0,0,0,0,0,0,0,0,0,2,0,0,0,0,0,0,1,2,0,0,0,0,0,0,0,5,1,2,0,0,0,0,1,2,2,5,0,0,3,1,1,0,0,0,0,0,0,0,0,0,0,0,0,0,0,1,2,0,1,2,0,0,0,0,5,3,1,0,1,1,2,0,0,0,0,0,0,0,5,0,70,4,4,2,79.5,0.057,0.014,,,,0.057,,,,,,,,,,,,,,,,,,,,,,,,,,,,,,8.0
RPath,428,sidewalks,80.077,CON,1,2,2,1,2,2,0,0,0,0,0,0,1,2,0,1,2,0,0,0,0,0,0,0,5,5,0,2,0,0,0,0,0,0,1,2,2,0,0,0,0,0,0,5,1,2,0,0,0,0,1,2,0,5,0,0,3,1,0,0,0,0,0,0,0,0,0,0,0,0,0,0,0,1,2,0,1,2,0,0,0,0,5,3,1,0,1,1,0,0,0,0,0,0,0,0,5,0,75,4,4,2,81.0,0.074,0.046,,,,0.037,0.037,,,,,,,,,,,,,,,,,,,,,,,,,,,,,8.0
RPath,429,sidewalks,179.923,HMAC,1,0,0,1,2,0,0,0,0,0,0,0,1,2,2,1,0,0,0,0,0,0,0,0,0,5,0,2,0,0,0,0,0,0,1,2,0,0,0,0,0,0,0,5,1,0,0,0,0,0,1,2,0,0,0,0,3,1,0,0,0,0,0,0,0,0,0,0,0,0,0,0,0,1,2,2,1,2,2,0,0,0,5,3,1,0,0,0,0,0,0,0,0,1,0,0,5,0,58,3,3,2,179.9,0.058,0.015,,,,0.058,,,,,,,,,,,,,,,,,,,,,,,,,,,,,,6.0
RPath,430,sidewalks,83.274,HMAC,1,2,2,1,2,0,0,0,0,0,0,0,1,2,0,1,2,0,0,0,0,1,0,0,0,0,0,2,0,0,0,1,0,0,1,2,2,0,0,0,0,0,0,5,1,0,0,0,1,1,1,2,2,5,5,0,0,1,0,0,0,0,0,0,0,0,0,0,0,0,0,0,0,1,2,0,1,2,2,0,0,0,5,0,1,0,0,1,2,0,0,0,0,1,2,0,5,0,72,4,4,2,83.3,0.054,0.027,,,,0.036,0.018,,,,,,,,,,,,,,,,,,,,,,,,,,,,,8.0
RPath,431,sidewalks,202.903,HMAC,1,2,2,1,2,2,1,2,2,0,0,0,1,2,0,1,2,0,0,0,0,0,0,0,0,5,0,2,0,0,0,0,0,0,1,2,2,0,0,0,0,0,0,0,1,2,2,0,1,1,1,2,2,5,5,0,0,1,0,0,0,0,0,0,1,2,2,0,0,0,0,0,0,1,2,0,0,0,0,0,0,0,5,3,0,0,0,0,0,0,0,0,0,0,0,0,5,0,77,4,4,5,202.9,0.636,0.625,,,,,0.606,,,,,,,,,,0.015,0.007,0.007,,,,,,,,,,,,,,,,,20.0
RPath,432,sidewalks,123.167,HMAC,1,2,2,1,0,0,1,0,0,0,0,0,1,0,0,1,2,0,1,0,0,0,0,0,0,0,3,0,0,0,0,1,0,0,1,2,2,0,0,0,0,0,0,0,1,2,0,0,1,1,1,2,2,5,5,0,0,1,0,0,0,0,0,0,1,2,0,0,0,0,0,0,0,1,2,2,1,0,0,0,0,0,0,3,1,1,1,0,0,0,0,0,0,0,0,0,5,0,62,3,3,5,123.2,0.621,0.621,,,,,0.621,,,,,,,,,,,,,,,,,,,,,,,,,,,,,15.0
RPath,433,sidewalks,186.419,HMAC,1,2,2,1,0,0,1,0,0,0,0,0,1,0,0,1,2,2,0,0,0,0,0,0,0,0,3,0,0,0,0,1,2,2,1,2,2,0,0,0,1,0,0,0,1,2,0,0,1,1,1,2,2,5,5,0,0,1,0,0,0,0,0,0,1,2,0,0,0,0,0,0,0,1,2,2,0,0,0,0,0,0,0,3,1,1,1,0,0,0,0,0,0,0,0,0,5,0,67,4,4,3,188.3,0.112,0.112,,,,,0.112,,,,,,,,,,,,,,,,,,,,,,,,,,,,,12.0
RPath,434,sidewalks,218.679,HMAC,1,2,2,1,0,0,1,0,0,0,0,0,1,2,0,1,2,2,0,0,0,0,0,0,5,0,3,0,0,0,0,1,2,2,1,2,2,0,0,0,1,2,2,0,1,2,2,0,1,1,1,2,2,5,5,4,0,1,1,0,0,0,0,0,0,0,0,0,0,0,0,0,0,1,2,0,1,0,0,0,0,0,0,3,1,1,1,0,0,0,0,0,0,0,0,0,5,0,81,4,4,5,212.9,0.557,0.546,,,,0.014,0.528,,,,,,,,,,,,,0.014,,,,,,,,,,,,,,,,20.0
RPath,435,sidewalks,304.758,HMAC,1,2,2,1,0,0,0,0,0,0,0,0,1,2,2,1,2,0,1,2,0,0,0,0,5,0,0,0,0,0,0,1,2,2,1,2,2,0,0,0,1,2,2,0,1,2,2,0,1,1,1,2,2,5,5,4,0,0,1,2,0,0,0,0,0,0,0,0,0,0,0,0,0,1,2,0,1,0,0,0,0,0,0,3,1,1,1,0,0,0,0,0,0,0,0,0,5,0,81,4,4,5,310.1,0.755,0.744,,,,0.010,0.735,,,,,,0.005,,,,,0.005,,,,,,,,,,,,,,,,,,20.0
RPath,436,sidewalks,307.704,HMAC,1,2,2,1,0,0,0,0,0,0,0,0,1,2,2,1,0,0,1,2,0,0,0,0,5,0,0,0,0,0,0,1,2,2,1,2,2,0,0,0,1,2,2,0,1,2,2,0,1,1,1,2,2,5,5,4,0,0,1,2,0,0,0,0,0,0,0,0,0,0,0,0,0,1,2,0,1,0,0,0,0,0,0,3,1,1,1,0,0,0,0,0,0,0,0,0,5,0,79,4,4,5,307.3,0.659,0.655,,,,,0.644,,,,,,0.005,,,,,0.010,,,,,,,,,,,,,,,,,,20.0
RPath,437,sidewalks,213.705,CON,1,2,2,1,2,0,0,0,0,0,0,0,1,2,2,1,0,0,0,0,0,0,0,0,5,5,0,0,0,0,0,1,2,2,1,2,2,0,0,0,1,2,2,0,1,2,2,0,1,1,1,2,2,5,5,4,0,0,1,2,0,0,0,0,0,0,0,0,0,0,0,0,0,0,0,0,1,2,0,0,0,0,0,3,1,1,1,0,0,0,0,0,0,0,0,0,5,0,82,4,4,2,213.6,0.084,0.068,,,,0.021,0.056,,,,,,,,,,,0.007,,,,,,,,,,,,,,,,,,8.0
RPath,438,sidewalks,47.169,HMAC,1,2,2,1,0,0,1,0,0,0,0,0,1,2,0,1,2,0,0,0,0,0,0,0,0,5,0,2,0,0,0,1,2,2,1,2,2,0,0,0,1,2,2,0,1,2,2,0,1,1,1,2,2,5,5,4,0,1,1,0,0,0,0,0,0,0,0,0,0,0,0,0,0,1,0,0,1,2,0,0,0,0,0,3,1,1,1,0,0,0,0,0,0,0,0,0,5,0,78,4,4,5,49.5,0.909,0.863,,,,,0.788,,,,,,,0.030,,,0.030,,0.061,,,,,,,,,,,,,,,,,20.0
RPath,439,sidewalks,286.375,CON,1,2,2,1,0,0,1,0,0,0,0,0,1,2,0,1,2,2,0,0,0,0,0,0,0,5,0,2,0,0,0,1,2,2,1,2,2,0,0,0,1,2,2,0,1,2,2,0,1,1,1,2,2,5,5,4,0,1,1,0,0,0,0,0,1,0,0,0,0,0,0,0,0,1,2,0,1,2,0,0,0,0,0,3,0,0,0,0,0,0,0,0,0,0,0,0,5,0,80,4,4,1,288.9,0.000,0.000,,,,,,,,,,,,,,,,,,,,,,,,,,,,,,,,,,4.0
RPath,441,sidewalks,78.883,HMAC,1,2,2,1,0,0,1,0,0,1,2,0,1,2,0,1,0,0,0,0,0,0,0,0,5,0,0,2,0,0,0,0,0,0,1,2,2,0,0,0,0,0,0,5,1,2,2,0,0,0,1,2,2,5,5,4,0,1,0,0,0,0,0,0,1,0,0,0,0,0,1,0,0,1,0,0,1,2,0,0,0,0,5,3,1,0,0,0,0,0,0,0,0,0,0,0,5,0,76,4,4,1,82.1,0.037,0.009,,,,0.037,,,,,,,,,,,,,,,,,,,,,,,,,,,,,,4.0
RPath,442,sidewalks,344.803,HMAC,1,2,2,1,2,2,1,0,0,0,0,0,1,2,2,0,0,0,0,0,0,0,0,0,0,5,3,0,0,0,0,0,0,0,1,2,2,0,0,0,0,0,0,0,1,2,2,0,1,1,1,2,2,5,5,0,0,1,0,0,0,0,0,0,0,0,0,0,0,0,0,0,0,1,2,0,1,0,0,0,0,0,0,3,1,1,1,0,0,0,0,0,0,1,2,0,5,0,70,4,4,5,345.0,0.769,0.769,,,,,0.769,,,,,,,,,,,,,,,,,,,,,,,,,,,,,20.0
RPath,443,sidewalks,154.358,CON,1,0,0,0,0,0,0,0,0,0,0,0,1,2,0,0,0,0,1,0,0,0,0,0,0,0,3,0,0,0,0,1,0,0,1,2,2,0,0,0,0,0,0,0,1,2,0,0,1,1,1,2,2,5,5,0,0,1,0,0,0,0,0,0,0,0,0,0,0,0,0,0,0,1,2,0,1,2,0,0,0,0,0,0,1,1,1,0,0,0,0,0,0,1,2,0,5,0,52,3,3,4,154.4,0.369,0.352,,,,,0.340,,,,,,0.010,,,,0.010,,0.010,,,,,,,,,,,,,,,,,12.0
RPath,444,sidewalks,79.771,CON,1,2,2,1,2,2,1,2,2,0,0,0,0,0,0,0,0,0,0,0,0,0,0,0,0,5,0,2,0,0,0,0,0,0,1,2,0,0,0,0,0,0,0,5,1,0,0,0,0,0,1,2,0,0,0,0,3,1,0,0,0,0,0,0,0,0,0,0,0,0,1,0,0,0,0,0,1,2,0,0,0,0,0,3,1,1,1,0,0,0,0,0,0,0,0,0,5,0,53,3,3,4,78.4,0.383,0.254,,,,0.172,0.210,,,,,,,,,,,,,,,,,,,,,,,,,,,,,12.0
RPath,445,sidewalks,158.575,HMAC,1,2,2,1,2,2,1,2,2,1,0,0,1,0,0,0,0,0,0,0,0,0,0,0,5,5,0,2,0,0,0,0,0,0,1,2,2,0,0,0,0,0,0,5,1,0,0,0,0,0,1,2,2,0,0,0,3,1,0,0,0,0,0,0,1,0,0,0,0,0,1,2,0,0,0,0,1,2,2,0,0,0,0,3,1,1,1,0,0,0,0,0,0,0,0,0,5,0,69,4,4,4,160.1,0.403,0.314,,,,0.112,0.281,,,,,,,,,,,,0.009,,,,,,,,,,,,,,,,,16.0
RPath,446,sidewalks,75.446,HMAC,1,2,0,1,0,0,1,0,0,1,0,0,1,0,0,1,0,0,0,0,0,0,0,0,0,0,0,2,0,0,0,0,0,0,1,2,2,0,0,0,0,0,0,5,1,2,0,0,0,0,1,2,0,5,0,4,3,1,0,0,0,0,0,0,0,0,0,0,0,0,0,0,0,1,0,0,1,2,2,0,0,0,5,3,1,0,0,0,0,0,0,0,0,0,0,0,5,0,59,3,3,2,78.3,0.345,0.086,,,,0.345,,,,,,,,,,,,,,,,,,,,,,,,,,,,,,6.0
RPath,448,sidewalks,51.11,HMAC,1,2,2,0,0,0,0,0,0,0,0,0,1,0,0,1,0,0,1,0,0,0,0,0,0,0,0,2,0,0,0,1,2,2,1,2,2,0,0,0,0,0,0,0,1,2,0,0,1,1,1,2,2,5,0,0,3,1,0,0,0,0,0,0,0,0,0,0,0,0,0,0,0,1,0,0,1,2,2,0,0,0,5,3,1,1,1,0,0,0,0,0,0,0,0,0,5,0,61,3,3,2,56.3,0.080,0.020,,,,0.053,,,0.027,,,,,,,,,,,,,,,,,,,,,,,,,,,6.0
RPath,449,sidewalks,126.406,CON,1,2,2,0,0,0,0,0,0,0,0,0,1,2,0,1,2,0,1,0,0,0,0,0,5,5,0,2,0,0,0,1,2,2,1,2,2,0,0,0,0,0,0,0,1,2,2,0,1,1,1,2,2,5,5,0,3,1,0,0,0,0,0,0,1,0,0,0,0,0,1,0,0,1,2,0,1,2,0,0,0,0,0,3,1,1,1,1,0,0,0,0,0,0,0,0,5,0,80,4,4,1,184.0,0.024,0.006,,,,0.024,,,,,,,,,,,,,,,,,,,,,,,,,,,,,,4.0
RPath,452,sidewalks,71.67,PB,1,2,0,1,0,0,1,0,0,0,0,0,1,0,0,1,0,0,0,0,0,0,0,0,5,0,0,0,0,0,0,1,2,0,1,2,2,0,0,0,0,0,0,0,1,2,2,0,0,0,1,2,0,0,5,0,3,1,0,0,0,1,0,0,1,2,2,1,0,0,1,2,0,1,2,0,1,0,0,0,0,0,5,3,1,0,1,1,0,0,0,0,0,0,0,0,5,0,67,4,4,2,74.0,0.061,0.061,,,,,,,,,,,,,,,,0.061,,,,,,,,,,,,,,,,,,8.0
RPath,453,sidewalks,75.664,HMAC,1,2,2,1,2,2,1,2,2,0,0,0,1,2,2,0,0,0,0,0,0,0,0,0,5,5,0,2,0,0,0,0,0,0,1,2,0,0,0,0,0,0,0,0,1,0,0,0,0,0,1,2,0,0,0,0,3,1,0,0,0,0,0,0,1,2,0,0,0,0,1,2,0,1,2,2,1,2,2,0,0,0,5,3,1,0,0,0,0,0,0,0,0,0,0,0,5,0,73,4,4,4,75.7,0.436,0.426,,,,,0.396,,,,,,,,,,,0.020,0.020,,,,,,,,,,,,,,,,,16.0
RPath,454,sidewalks,329.5,HMAC,1,2,2,1,2,0,1,2,0,0,0,0,1,2,2,1,0,0,0,0,0,0,0,0,5,5,0,2,0,0,0,1,0,0,1,2,2,0,0,0,0,0,0,0,1,2,2,0,0,0,1,2,0,0,5,0,3,1,0,0,0,1,0,0,1,2,2,1,0,0,1,2,0,1,2,2,1,2,0,0,0,0,5,3,1,0,1,1,0,0,0,0,0,0,0,0,5,0,86,5,5,4,329.4,0.451,0.408,,,0.018,0.046,0.351,,,,0.009,,,,,,0.005,0.023,,,,,,,,,,,,,,,,,,20.0
RPath,455,sidewalks,74.853,CON,1,2,0,0,0,0,0,0,0,1,2,0,1,0,0,1,0,0,0,0,0,0,0,0,5,0,0,0,1,2,2,1,0,0,1,0,0,0,0,0,1,0,0,0,1,2,0,0,1,1,1,2,2,0,5,0,0,1,1,2,0,0,0,0,1,2,0,0,0,0,1,2,0,1,0,0,1,2,0,0,0,0,0,0,1,1,1,1,2,0,1,0,0,1,0,0,5,0,63,3,3,3,74.8,0.482,0.120,,,,0.482,,,,,,,,,,,,,,,,,,,,,,,,,,,,,,9.0
RPath,456,sidewalks,79.849,CON,1,2,2,0,0,0,0,0,0,1,2,2,1,0,0,1,0,0,0,0,0,0,0,0,5,0,0,2,1,2,2,1,0,0,1,2,0,0,0,0,1,2,0,5,1,2,0,0,1,1,1,2,2,0,0,0,3,1,1,0,0,0,0,0,1,0,0,0,0,0,1,0,0,1,0,0,1,0,0,0,0,0,0,3,1,1,1,1,2,0,0,0,0,0,0,0,5,0,69,4,4,1,80.0,0.000,0.000,,,,,,,,,,,,,,,,,,,,,,,,,,,,,,,,,,4.0
RPath,457,sidewalks,82.138,CON,1,2,2,0,0,0,0,0,0,1,2,2,1,0,0,0,0,0,0,0,0,1,0,0,5,0,0,2,1,2,2,1,2,0,1,2,0,0,0,0,1,2,2,5,1,2,0,0,1,1,1,2,2,0,0,0,3,1,1,0,0,0,0,0,1,0,0,0,0,0,0,0,0,1,0,0,1,0,0,0,0,0,0,3,1,1,1,1,2,2,0,0,0,0,0,0,5,0,74,4,4,2,79.6,0.094,0.028,,,,0.075,,,,,,,,,,,,,0.019,,,,,,,,,,,,,,,,,8.0
RPath,458,sidewalks,99.346,CON,1,2,2,1,2,0,0,0,0,0,0,0,1,0,0,1,0,0,0,0,0,0,0,0,5,0,0,2,0,0,0,0,0,0,1,2,2,0,0,0,0,0,0,0,1,2,2,0,0,0,1,2,2,5,5,4,0,1,0,0,0,0,0,0,0,0,0,0,0,0,0,0,0,1,0,0,1,0,0,0,0,0,5,0,1,0,1,1,0,0,0,0,0,0,0,0,5,0,62,3,3,3,99.4,0.226,0.170,,,,0.075,0.136,,,,,,,0.015,,,,,,,,,,,,,,,,,,,,,,9.0
RPath,459,sidewalks,268.314,HMAC,1,2,0,1,0,0,0,0,0,0,0,0,1,2,0,0,0,0,0,0,0,0,0,0,5,0,0,2,0,0,0,0,0,0,1,2,2,0,0,0,0,0,0,5,1,2,0,0,0,0,1,2,2,5,0,4,0,1,0,0,0,0,0,0,1,0,0,1,0,0,1,2,2,0,0,0,1,2,0,0,0,0,5,3,1,0,1,0,0,0,0,0,0,0,0,0,5,0,67,4,4,4,268.3,0.453,0.312,,,,0.162,0.246,,,,,,,,,,0.028,0.006,0.011,,,,,,,,,,,,,,,,,16.0
RPath,461,sidewalks,78.951,HMAC,1,2,2,1,2,0,0,0,0,0,0,0,1,2,2,0,0,0,0,0,0,0,0,0,0,5,0,2,1,0,0,1,2,2,1,2,2,0,0,0,1,0,0,5,1,2,0,0,0,0,1,2,0,5,0,0,3,1,0,0,0,0,0,0,1,2,0,1,0,0,1,0,0,1,2,2,1,2,0,0,0,0,5,3,1,1,1,1,2,2,0,0,0,0,0,0,5,0,86,5,5,2,79.4,0.227,0.057,,,,0.227,,,,,,,,,,,,,,,,,,,,,,,,,,,,,,10.0
RPath,462,sidewalks,77.432,HMAC,1,2,2,0,0,0,0,0,0,0,0,0,1,2,2,1,2,2,0,0,0,0,0,0,0,0,0,2,0,0,0,0,0,0,1,2,2,0,0,0,0,0,0,0,0,0,0,0,0,0,1,2,0,5,5,0,0,1,0,0,0,0,0,0,0,0,0,0,0,0,0,0,0,1,2,2,1,0,0,0,0,0,0,3,0,0,0,0,0,0,0,0,0,0,0,0,5,0,50,3,3,2,73.6,0.265,0.082,,,,0.245,,,,,,,,,,,,,,0.020,,,,,,,,,,,,,,,,6.0
RPath,463,sidewalks,86.57,HMAC,1,2,0,1,2,0,0,0,0,0,0,0,1,2,0,1,2,2,0,0,0,0,0,0,0,0,0,2,0,0,0,1,2,0,1,2,2,0,0,0,0,0,0,5,1,2,0,0,1,1,1,2,2,5,5,0,0,1,0,0,0,0,0,0,0,0,0,0,0,0,0,0,0,1,2,2,1,2,0,0,0,0,5,0,0,0,0,1,0,0,0,0,0,0,0,0,5,0,69,4,4,2,86.9,0.069,0.030,,,,0.052,0.017,,,,,,,,,,,,,,,,,,,,,,,,,,,,,8.0
RPath,464,sidewalks,87.081,HMAC,1,2,2,1,2,0,0,0,0,0,0,0,1,2,0,1,2,2,0,0,0,0,0,0,0,0,0,2,0,0,0,1,0,0,1,2,2,0,0,0,0,0,0,5,1,2,0,0,1,1,1,2,2,5,5,0,0,1,0,0,0,0,0,0,0,0,0,0,0,0,0,0,0,1,2,2,1,2,2,0,0,0,5,0,1,0,0,1,2,0,0,0,0,1,0,0,5,0,75,4,4,2,87.2,0.069,0.030,,,,0.052,0.017,,,,,,,,,,,,,,,,,,,,,,,,,,,,,8.0
RPath,466,sidewalks,76.371,HMAC,1,2,0,1,0,0,0,0,0,0,0,0,1,2,0,1,2,0,0,0,0,0,0,0,0,0,0,2,0,0,0,0,0,0,1,2,2,0,0,0,0,0,0,0,1,0,0,0,0,0,1,2,2,5,5,0,3,1,0,0,0,0,0,0,0,0,0,0,0,0,0,0,0,1,0,0,1,2,0,0,0,0,5,3,0,1,0,1,0,0,0,0,0,1,0,0,5,0,57,3,3,2,76.3,0.098,0.054,,,,0.059,0.039,,,,,,,,,,,,,,,,,,,,,,,,,,,,,6.0
RPath,467,sidewalks,87.431,HMAC,1,2,2,1,2,0,1,0,0,0,0,0,1,2,2,1,2,2,0,0,0,1,0,0,5,0,0,2,0,0,0,0,0,0,1,2,2,0,0,0,0,0,0,5,1,2,2,0,1,1,1,2,2,5,5,0,0,1,0,0,0,0,0,0,0,0,0,0,0,0,0,0,0,1,2,2,1,2,0,0,0,0,5,0,1,1,0,1,2,2,0,0,0,1,2,2,5,0,90,5,5,2,87.8,0.068,0.021,,,,0.051,,,,,,,,,,,0.017,,,,,,,,,,,,,,,,,,,10.0
RPath,468,sidewalks,188.954,HMAC,1,2,2,0,0,0,0,0,0,0,0,0,1,2,2,1,2,2,0,0,0,0,0,0,0,5,0,2,0,0,0,0,0,0,1,2,2,0,0,0,0,0,0,0,1,0,0,0,0,0,1,0,0,5,5,0,3,1,0,0,0,0,0,0,0,0,0,0,0,0,0,0,0,1,2,0,1,2,2,0,0,0,5,3,1,1,0,0,0,0,0,0,0,0,0,0,5,0,66,4,3,2,185.0,0.057,0.014,,,,0.057,,,,,,,,,,,,,,,,,,,,,,,,,,,,,,6.0
RPath,469,sidewalks,84.316,HMAC,1,0,0,1,0,0,0,0,0,0,0,0,1,2,0,1,0,0,0,0,0,0,0,0,0,0,0,2,0,0,0,0,0,0,1,2,2,0,0,0,0,0,0,0,1,0,0,0,0,0,1,2,2,5,0,4,0,1,0,0,0,0,0,0,0,0,0,0,0,0,1,2,0,1,2,0,1,2,2,0,0,0,5,3,0,0,0,0,0,0,0,0,0,0,0,0,5,0,53,3,3,2,79.1,0.133,0.047,,,,0.114,0.019,,,,,,,,,,,,,,,,,,,,,,,,,,,,,6.0
RPath,470,sidewalks,75.442,HMAC,1,2,0,1,0,0,1,0,0,0,0,0,1,0,0,1,2,0,0,0,0,0,0,0,0,0,0,2,0,0,0,0,0,0,1,2,2,0,0,0,0,0,0,0,1,2,0,0,0,0,1,2,2,5,0,4,0,1,0,0,0,0,0,0,0,0,0,0,0,0,1,2,0,1,2,0,1,2,0,0,0,0,5,3,0,0,0,0,0,0,0,0,0,0,0,0,5,0,56,3,3,2,69.8,0.086,0.021,,,,0.086,,,,,,,,,,,,,,,,,,,,,,,,,,,,,,6.0
RPath,473,sidewalks,77.849,HMAC,1,2,2,1,2,0,1,2,0,0,0,0,1,2,0,1,2,0,0,0,0,0,0,0,0,0,0,2,0,0,0,0,0,0,1,2,2,0,0,0,0,0,0,0,1,2,0,0,0,0,1,2,2,5,5,0,3,1,0,0,0,0,0,0,0,0,0,0,0,0,1,0,0,1,2,0,1,2,0,0,0,0,5,3,0,0,0,0,0,0,0,0,0,0,0,0,5,0,66,4,3,3,73.1,0.410,0.133,,,,0.369,0.041,,,,,,,,,,,,,,,,,,,,,,,,,,,,,9.0
RPath,474,sidewalks,228.196,HMAC,1,2,2,1,2,0,1,2,0,0,0,0,1,0,0,1,2,2,0,0,0,0,0,0,5,0,0,2,0,0,0,0,0,0,1,2,2,0,0,0,0,0,0,0,1,2,2,0,0,0,1,2,2,5,0,4,0,1,0,0,0,0,0,0,0,0,0,0,0,0,1,0,0,1,2,2,1,2,2,0,0,0,5,3,0,0,0,0,0,0,0,0,0,0,0,0,5,0,73,4,4,2,224.8,0.073,0.020,,,,0.067,,,,,,,,,,,,,0.007,,,,,,,,,,,,,,,,,8.0
RPath,475,sidewalks,128.515,HMAC,1,2,2,1,2,0,1,2,0,0,0,0,1,0,0,1,2,2,0,0,0,0,0,0,0,5,0,2,0,0,0,0,0,0,1,2,2,0,0,0,0,0,0,0,1,2,2,0,0,0,1,2,2,5,0,4,0,1,0,0,0,0,0,0,0,0,0,0,0,0,1,0,0,1,2,2,1,2,0,0,0,0,0,3,0,0,0,0,0,0,0,0,0,0,0,0,5,0,66,4,3,3,125.4,0.335,0.102,0.024,,,0.311,,,,,,,,,,,,,,,,,,,,,,,,,,,,,,9.0
RPath,476,sidewalks,66.74,HMAC,1,2,0,1,2,0,0,0,0,0,0,0,1,2,2,1,2,0,0,0,0,0,0,0,0,5,0,2,0,0,0,0,0,0,1,2,0,0,0,0,0,0,0,0,0,0,0,0,0,0,1,2,2,0,0,0,0,1,0,0,0,0,0,0,0,0,0,0,0,0,1,2,0,1,2,0,1,2,0,0,0,0,5,3,1,0,0,0,0,0,0,0,0,0,0,0,5,0,53,3,3,3,66.7,0.360,0.157,,,0.067,0.270,,0.022,,,,,,,,,,,,,,,,,,,,,,,,,,,,9.0
RPath,477,sidewalks,68.163,HMAC,1,2,0,1,2,0,1,2,0,0,0,0,1,2,2,1,2,0,0,0,0,0,0,0,0,0,0,2,0,0,0,0,0,0,1,2,2,0,0,0,0,0,0,0,1,0,0,0,0,0,1,2,0,5,5,0,0,1,0,0,0,0,0,0,0,0,0,0,0,0,1,0,0,1,2,2,1,2,0,0,0,0,5,3,0,0,0,0,0,0,0,0,0,0,0,0,5,0,61,3,3,2,73.0,0.267,0.067,,,,0.267,,,,,,,,,,,,,,,,,,,,,,,,,,,,,,6.0
RPath,478,sidewalks,215.903,HMAC,1,2,2,1,0,0,1,0,0,0,0,0,1,2,0,1,0,0,0,0,0,0,0,0,0,5,0,2,0,0,0,0,0,0,1,2,2,0,0,0,0,0,0,0,1,0,0,0,0,0,1,2,2,5,0,4,0,1,0,0,0,0,0,0,0,0,0,0,0,0,0,0,0,1,2,2,1,2,2,0,0,0,5,3,0,0,0,0,0,0,0,0,0,0,0,0,5,0,62,3,3,2,211.4,0.057,0.014,,,,0.057,,,,,,,,,,,,,,,,,,,,,,,,,,,,,,6.0
RPath,479,sidewalks,274.059,HMAC,1,2,2,1,2,0,1,2,0,1,0,0,1,2,0,0,0,0,0,0,0,0,0,0,0,0,0,2,1,0,0,0,0,0,1,2,2,0,0,0,0,0,0,5,1,0,0,0,0,0,1,2,2,0,5,0,0,1,0,0,0,0,0,0,1,2,0,0,0,0,1,0,0,1,2,2,1,2,2,0,0,0,0,3,1,0,1,0,0,0,0,0,0,0,0,0,5,0,64,4,3,4,267.2,0.483,0.251,0.034,,,0.303,0.135,,,,,,0.006,,,,,0.006,,,,,,,,,,,,,,,,,,12.0
RPath,480,sidewalks,282.763,HMAC,1,2,2,1,2,0,1,2,0,1,0,0,1,0,0,0,0,0,0,0,0,0,0,0,5,5,0,2,1,0,0,0,0,0,1,2,2,0,0,0,0,0,0,5,1,0,0,0,0,0,1,2,2,0,5,0,0,1,0,0,0,0,0,0,1,0,0,0,0,0,1,2,0,1,2,2,1,2,2,0,0,0,0,3,1,0,1,0,0,0,0,0,0,0,0,0,5,0,72,4,4,4,326.3,0.340,0.293,,,,0.055,0.276,,,,,,0.005,,,,,,0.005,,,,,,,,,,,,,,,,,16.0
RPath,482,sidewalks,70.224,PB,1,2,0,1,2,0,0,0,0,0,0,0,1,0,0,1,0,0,0,0,0,0,0,0,5,0,0,0,0,0,0,1,0,0,1,2,2,0,0,0,0,0,0,0,1,2,2,0,0,0,1,2,0,0,5,0,3,1,0,0,0,1,0,0,1,2,2,1,0,0,1,2,0,1,0,0,1,0,0,0,0,0,5,3,1,0,1,1,0,0,0,0,0,0,0,0,5,0,64,4,3,2,69.1,0.087,0.054,,,,,0.022,,,,,,,,,,0.065,,,,,,,,,,,,,,,,,,,6.0
RPath,483,sidewalks,75.813,PB,1,2,0,1,2,0,0,0,0,0,0,0,1,0,0,1,0,0,0,0,0,0,0,0,5,0,0,0,0,0,0,1,0,0,1,2,2,0,0,0,0,0,0,0,1,2,2,0,0,0,1,2,0,0,5,0,3,1,0,0,0,1,0,0,1,2,2,1,0,0,1,2,0,1,0,0,1,0,0,0,0,0,5,3,1,0,1,1,0,0,0,0,0,0,0,0,5,0,64,4,3,3,69.4,0.195,0.184,,,,,0.086,,,,,,,,,,0.022,0.086,,,,,,,,,,,,,,,,,,9.0
RPath,486,sidewalks,301.242,HMAC,1,2,0,0,0,0,0,0,0,0,0,0,1,2,2,1,2,0,1,2,2,0,0,0,0,0,3,0,0,0,0,1,0,0,1,2,0,0,0,0,0,0,0,0,1,0,0,0,1,0,1,2,0,0,0,0,3,1,0,0,0,0,0,0,1,0,0,0,0,0,0,0,0,1,2,0,1,2,2,0,0,0,0,0,1,1,1,0,0,0,0,0,0,0,0,0,5,0,49,3,3,5,301.2,0.951,0.951,,,,,0.951,,,,,,,,,,,,,,,,,,,,,,,,,,,,,15.0
RPath,487,sidewalks,149.66,HMAC,1,2,2,1,2,2,1,2,2,0,0,0,1,2,0,1,2,0,0,0,0,0,0,0,0,5,0,2,0,0,0,0,0,0,1,2,2,0,0,0,0,0,0,0,1,2,0,0,1,0,1,2,2,0,0,0,0,1,0,0,0,0,0,0,1,2,0,0,0,0,0,0,0,1,2,0,0,0,0,0,0,0,5,3,0,0,0,0,0,0,0,0,0,0,0,0,5,0,62,3,3,5,149.5,0.973,0.973,,,,,0.973,,,,,,,,,,,,,,,,,,,,,,,,,,,,,15.0
RPath,488,sidewalks,71.492,HMAC,1,2,2,1,2,0,1,2,0,0,0,0,1,2,0,1,2,0,0,0,0,0,0,0,0,0,0,2,0,0,0,0,0,0,1,2,2,0,0,0,0,0,0,0,1,2,2,0,1,1,1,2,2,0,0,0,0,1,0,0,0,0,0,0,1,0,0,0,0,0,0,0,0,1,2,2,1,0,0,0,0,0,5,3,0,0,0,0,0,0,0,0,0,0,0,0,5,0,57,3,3,5,70.4,1.023,1.023,,,,,1.023,,,,,,,,,,,,,,,,,,,,,,,,,,,,,15.0
RPath,489,sidewalks,59.666,HMAC,1,2,0,1,2,0,1,2,0,0,0,0,1,2,2,1,2,2,0,0,0,0,0,0,0,0,0,2,0,0,0,0,0,0,1,2,2,0,0,0,0,0,0,0,1,2,2,0,1,1,1,2,2,5,5,0,0,1,0,0,0,0,0,0,1,0,0,0,0,0,0,0,0,1,2,2,1,0,0,0,0,0,5,0,0,0,0,0,0,0,0,0,0,0,0,0,5,0,66,4,3,5,59.0,0.992,0.992,,,,,0.992,,,,,,,,,,,,,,,,,,,,,,,,,,,,,15.0
RPath,490,sidewalks,238.997,HMAC,1,2,2,1,2,2,1,2,2,0,0,0,1,2,2,1,0,0,0,0,0,0,0,0,5,5,0,2,0,0,0,1,0,0,1,2,2,0,0,0,0,0,0,0,1,0,0,0,0,0,1,0,0,0,0,0,0,1,0,0,0,0,0,0,1,2,2,0,0,0,1,0,0,1,2,0,1,2,2,0,0,0,5,0,1,0,0,0,0,0,0,0,0,0,0,0,5,0,67,4,4,3,240.5,0.249,0.206,,0.012,,0.031,0.106,,,,0.019,,,0.044,,,,0.019,0.012,0.006,,,,,,,,,,,,,,,,12.0
RPath,491,sidewalks,329.001,HMAC,1,2,2,1,2,2,1,2,2,0,0,0,1,2,2,1,2,0,0,0,0,0,0,0,5,5,0,2,0,0,0,1,2,2,1,2,2,0,0,0,0,0,0,0,1,2,0,0,0,0,1,0,0,0,5,4,0,1,0,0,0,1,2,0,1,2,2,1,0,0,1,0,0,1,2,2,1,2,2,0,0,0,5,3,1,1,1,0,0,0,0,0,0,0,0,0,5,0,95,5,5,4,329.0,0.442,0.350,,,0.009,0.091,0.274,,,,,,0.005,0.009,,,0.032,0.014,0.009,,,,,,,,,,,,,,,,,20.0
RPath,492,sidewalks,113.066,SS,1,2,0,1,0,0,1,0,0,0,0,0,1,2,0,1,2,0,0,0,0,0,0,0,0,0,0,2,0,0,0,1,2,2,1,2,2,0,0,0,0,0,0,0,1,2,0,0,0,0,1,0,0,0,5,4,0,1,0,0,0,1,2,0,1,2,0,1,0,0,1,0,0,1,2,0,1,0,0,0,0,0,5,3,1,1,1,0,0,0,0,0,0,0,0,0,5,0,65,4,3,1,114.5,0.000,0.000,,,,,,,,,,,,,,,,,,,,,,,,,,,,,,,,,,3.0
RPath,493,sidewalks,58.858,PB,1,2,2,1,2,0,0,0,0,0,0,0,1,2,0,0,0,0,0,0,0,0,0,0,5,0,0,0,0,0,0,1,0,0,1,2,2,0,0,0,0,0,0,0,1,2,2,0,0,0,1,2,2,0,5,0,0,1,0,0,0,0,0,0,1,2,2,1,2,0,1,2,0,1,0,0,1,0,0,0,0,0,5,3,1,0,1,1,0,0,0,0,0,0,0,0,5,0,67,4,4,2,58.4,0.051,0.051,,,,,0.051,,,,,,,,,,,,,,,,,,,,,,,,,,,,,8.0
RPath,494,sidewalks,167.638,PB,1,2,2,1,2,2,0,0,0,0,0,0,1,2,0,0,0,0,0,0,0,0,0,0,5,0,0,0,0,0,0,1,2,0,1,2,2,0,0,0,1,0,0,0,1,2,2,0,0,0,1,2,2,0,5,0,0,0,0,0,0,0,0,0,1,2,2,1,2,0,1,2,0,1,2,0,1,0,0,0,0,0,5,0,1,0,1,1,2,2,0,0,0,0,0,0,5,0,74,4,4,1,167.6,0.009,0.004,,,,,,,,,,,,,,,0.009,,,,,,,,,,,,,,,,,,,4.0
RPath,496,sidewalks,83.697,HMAC,1,2,0,1,2,0,0,0,0,1,0,0,1,2,0,1,0,0,0,0,0,0,0,0,0,0,0,2,0,0,0,0,0,0,1,2,2,0,0,0,0,0,0,5,1,2,0,0,0,0,1,2,0,0,0,0,3,1,0,0,0,0,0,0,0,0,0,0,0,0,0,0,0,1,0,0,1,2,0,0,0,0,5,3,1,0,0,0,0,0,0,0,0,0,0,0,5,0,51,3,3,2,85.3,0.211,0.053,,,,0.211,,,,,,,,,,,,,,,,,,,,,,,,,,,,,,6.0
RPath,498,sidewalks,87.913,HMAC,1,2,2,1,2,0,1,0,0,1,2,0,1,2,0,1,2,0,0,0,0,0,0,0,5,0,0,2,0,0,0,0,0,0,1,2,2,0,0,0,0,0,0,5,1,2,0,0,0,0,1,2,2,0,5,0,0,1,0,0,0,0,0,0,1,0,0,0,0,0,1,0,0,1,2,0,1,2,0,0,0,0,5,3,1,0,0,0,0,0,0,0,0,0,0,0,5,0,71,4,4,2,90.6,0.033,0.033,0.033,,,,,,,,,,,,,,,,,,,,,,,,,,,,,,,,,8.0
RPath,499,sidewalks,87.352,HMAC,1,2,2,1,0,0,1,0,0,1,2,0,1,2,0,1,2,0,0,0,0,0,0,0,5,0,0,2,0,0,0,0,0,0,1,2,2,0,0,0,0,0,0,5,1,2,0,0,0,0,1,2,2,0,5,0,0,1,0,0,0,0,0,0,1,0,0,0,0,0,1,0,0,1,2,0,1,0,0,0,0,0,5,3,1,0,0,0,0,0,0,0,0,0,0,0,5,0,67,4,4,2,87.0,0.052,0.043,,,,,,,,,,,,,,,,0.034,0.017,,,,,,,,,,,,,,,,,8.0
RPath,500,sidewalks,79.764,HMAC,1,2,0,0,0,0,0,0,0,1,0,0,1,2,2,0,0,0,0,0,0,1,2,0,0,0,0,2,0,0,0,0,0,0,1,2,2,0,0,0,0,0,0,5,0,0,0,0,1,1,1,2,2,5,0,4,3,1,0,0,0,0,0,0,1,2,0,1,2,0,1,2,0,1,2,0,1,2,0,0,0,0,5,3,0,0,0,0,0,0,0,0,0,0,0,0,5,0,72,4,4,3,79.6,0.320,0.141,0.057,,,0.226,,,,,,,,,,,,,0.019,0.019,,,,,,,,,,,,,,,,12.0
RPath,502,sidewalks,83.529,HMAC,1,2,0,1,2,0,1,0,0,0,0,0,1,2,0,1,2,0,0,0,0,0,0,0,0,0,0,2,0,0,0,0,0,0,1,2,0,0,0,0,0,0,0,5,1,0,0,0,0,0,1,2,0,0,0,0,3,1,0,0,0,0,0,0,0,0,0,0,0,0,0,0,0,1,2,0,1,2,0,0,0,0,5,3,0,0,0,0,0,0,0,0,0,0,0,0,5,0,50,3,3,2,82.2,0.328,0.082,,,,0.328,,,,,,,,,,,,,,,,,,,,,,,,,,,,,,6.0
RPath,504,sidewalks,77.242,HMAC,1,2,0,1,2,0,0,0,0,0,0,0,1,2,0,0,0,0,0,0,0,0,0,0,0,0,0,2,0,0,0,1,0,0,1,0,0,0,0,0,0,0,0,5,1,2,2,0,1,1,1,2,2,5,0,0,3,1,0,0,0,0,0,0,1,0,0,0,0,0,0,0,0,1,2,0,1,2,0,0,0,0,5,3,1,0,0,0,0,0,0,0,0,0,0,0,5,0,60,3,3,2,84.7,0.124,0.044,0.018,,,0.106,,,,,,,,,,,,,,,,,,,,,,,,,,,,,,6.0
RPath,506,sidewalks,105.433,CON,1,0,0,0,0,0,0,0,0,0,0,0,1,2,0,0,0,0,0,0,0,0,0,0,5,0,3,0,1,2,2,0,0,0,0,0,0,0,0,0,0,0,0,0,1,2,0,0,1,0,1,2,0,0,5,0,3,1,1,2,0,1,0,0,1,2,0,0,0,0,0,0,0,1,0,0,1,2,2,1,2,0,0,0,1,1,1,1,2,0,0,0,0,0,0,0,5,0,60,3,3,2,107.6,0.237,0.066,,,,0.195,,,,,,,0.014,,,,,,0.028,,,,,,,,,,,,,,,,,6.0
RPath,508,sidewalks,387.398,HMAC,1,2,2,1,2,2,1,2,0,0,0,0,1,2,2,1,2,2,0,0,0,0,0,0,0,5,0,2,0,0,0,0,0,0,1,2,2,0,0,0,0,0,0,0,1,2,2,0,1,1,1,2,2,5,5,0,3,1,0,0,0,0,0,0,1,0,0,0,0,0,0,0,0,1,2,2,1,2,2,0,0,0,5,3,0,0,0,0,0,0,0,0,0,0,0,0,5,0,85,5,4,5,391.0,0.821,0.815,,,,,0.806,,,,,,0.008,0.008,,,,,,,,,,,,,,,,,,,,,,20.0
RPath,509,sidewalks,303.989,HMAC,1,2,2,1,2,2,1,2,0,0,0,0,1,2,2,1,2,0,0,0,0,0,0,0,0,5,0,2,0,0,0,0,0,0,1,2,2,0,0,0,1,0,0,0,1,0,0,0,0,0,1,0,0,0,0,0,0,1,0,0,0,0,0,0,0,0,0,0,0,0,0,0,0,1,2,2,1,2,2,0,0,0,5,3,0,0,0,0,0,0,0,0,0,0,0,0,5,0,60,3,3,5,304.0,0.676,0.674,,,,,0.671,,,,,,,,,,,,0.005,,,,,,,,,,,,,,,,,15.0
RPath,510,sidewalks,257.802,HMAC,1,2,2,1,2,0,1,2,0,0,0,0,1,2,2,1,2,2,0,0,0,0,0,0,0,5,0,2,0,0,0,0,0,0,1,2,2,0,0,0,1,0,0,0,1,2,2,0,1,1,1,2,2,5,5,0,0,1,0,0,0,0,0,0,0,0,0,0,0,0,0,0,0,1,2,2,1,2,2,0,0,0,5,3,0,0,0,0,0,0,0,0,0,0,0,0,5,0,80,4,4,5,257.8,0.785,0.781,,,,,0.774,,,,,,0.006,,,,,0.006,,,,,,,,,,,,,,,,,,20.0
RPath,512,sidewalks,61.646,HMAC,1,2,2,1,2,0,1,2,0,0,0,0,1,0,0,0,0,0,0,0,0,0,0,0,0,5,0,2,0,0,0,0,0,0,1,2,2,0,0,0,0,0,0,0,0,0,0,0,1,1,1,2,2,0,5,0,0,1,0,0,0,0,0,0,1,2,0,0,0,0,1,2,0,1,2,2,1,2,2,0,0,0,5,0,0,0,1,0,0,0,0,0,0,0,0,0,5,0,64,4,3,5,79.3,0.568,0.539,,,,0.019,0.530,,,,,,0.019,,,,,,,,,,,,,,,,,,,,,,,15.0
RPath,513,sidewalks,156.749,CON,1,2,2,1,2,0,1,2,0,0,0,0,1,2,2,0,0,0,0,0,0,0,0,0,5,5,0,2,0,0,0,1,2,0,1,2,2,1,2,0,0,0,0,0,0,0,0,0,1,1,1,2,2,5,5,4,0,1,0,0,0,0,0,0,0,0,0,0,0,0,1,0,0,1,2,0,1,0,0,0,0,0,5,0,1,1,1,0,0,0,0,0,0,0,0,0,5,0,79,4,4,3,158.3,0.246,0.232,,,,0.009,0.227,,,,,,0.009,,,,,,,,,,,,,,,,,,,,,,,12.0
RPath,514,sidewalks,60.25,CON,1,2,2,1,2,0,1,2,0,0,0,0,1,2,2,1,0,0,0,0,0,0,0,0,0,5,0,2,0,0,0,1,2,0,1,2,2,1,2,0,0,0,0,0,0,0,0,0,1,1,1,2,2,5,5,4,3,0,0,0,0,0,0,0,0,0,0,0,0,0,1,0,0,1,2,0,1,2,0,0,0,0,5,0,1,1,1,0,0,0,0,0,0,0,0,0,5,0,79,4,4,2,62.5,0.072,0.054,,,,0.024,0.048,,,,,,,,,,,,,,,,,,,,,,,,,,,,,8.0
RPath,515,sidewalks,318.912,HMAC,1,2,2,1,2,2,1,2,0,0,0,0,1,2,0,1,2,0,0,0,0,0,0,0,0,0,3,2,0,0,0,1,2,2,0,0,0,0,0,0,0,0,0,0,0,0,0,0,1,0,1,2,0,0,0,0,3,1,0,0,0,0,0,0,0,0,0,0,0,0,0,0,0,1,2,0,0,0,0,0,0,0,0,0,1,1,1,0,0,0,0,0,0,0,0,0,5,0,48,3,2,1,320.7,0.000,0.000,,,,,,,,,,,,,,,,,,,,,,,,,,,,,,,,,,2.0
RPath,516,sidewalks,132.453,HMAC,1,2,0,0,0,0,0,0,0,0,0,0,1,2,0,0,0,0,0,0,0,0,0,0,5,0,0,2,0,0,0,1,2,2,0,0,0,0,0,0,0,0,0,0,0,0,0,0,1,1,1,2,2,0,5,0,0,1,0,0,0,0,0,0,0,0,0,0,0,0,0,0,0,0,0,0,0,0,0,0,0,0,0,0,1,1,1,1,2,0,0,0,0,1,0,0,5,0,43,2,2,2,123.2,0.158,0.040,,,,0.146,,,,,0.012,,,,,,,,,,,,,,,,,,,,,,,,,4.0
RPath,517,sidewalks,396.121,HMAC,1,2,0,0,0,0,0,0,0,0,0,0,1,2,2,0,0,0,0,0,0,0,0,0,0,0,3,2,0,0,0,1,2,2,0,0,0,0,0,0,0,0,0,0,0,0,0,0,1,1,1,2,2,0,5,0,0,1,0,0,0,0,0,0,0,0,0,0,0,0,0,0,0,0,0,0,0,0,0,0,0,0,0,0,1,1,1,1,2,2,0,0,0,0,0,0,5,0,44,2,2,3,362.1,0.381,0.179,,,,0.244,0.046,0.004,,0.012,0.017,,0.017,0.033,0.008,,,,,,,,,,,,,,,,,,,,,6.0
RPath,518,sidewalks,154.887,SS,1,2,0,0,0,0,0,0,0,0,0,0,1,2,2,0,0,0,0,0,0,0,0,0,0,5,0,2,0,0,0,1,2,0,0,0,0,0,0,0,0,0,0,0,0,0,0,0,1,0,1,2,2,0,5,0,0,1,0,0,0,0,0,0,0,0,0,0,0,0,0,0,0,0,0,0,0,0,0,0,0,0,0,0,1,1,1,1,2,2,0,0,0,0,0,0,5,0,43,2,2,1,154.9,0.000,0.000,,,,,,,,,,,,,,,,,,,,,,,,,,,,,,,,,,2.0
RPath,525,sidewalks,93.547,CON,1,2,0,1,0,0,1,0,0,1,2,0,1,2,0,1,2,0,0,0,0,0,0,0,5,0,0,0,0,0,0,1,2,2,1,2,2,0,0,0,1,2,2,0,1,2,2,0,1,1,1,2,2,0,5,0,0,1,0,0,0,0,0,0,0,0,0,0,0,0,0,0,0,1,2,0,1,2,0,0,0,0,0,0,1,1,1,1,2,0,0,0,0,0,0,0,5,0,69,4,4,3,95.3,0.488,0.197,,,,0.031,0.063,,,,,,,,0.283,,,,0.110,,,,,,,,,,,,,,,,,12.0
RPath,526,sidewalks,139.258,CON,1,2,0,1,0,0,1,0,0,1,0,0,1,0,0,1,2,0,0,0,0,0,0,0,5,0,0,0,0,0,0,1,2,2,1,2,2,0,0,0,1,2,2,0,1,2,0,0,1,1,1,2,2,0,5,0,0,1,0,0,0,0,0,0,0,0,0,0,0,0,0,0,0,1,2,0,1,2,2,0,0,0,0,0,1,1,1,1,0,0,0,0,0,0,0,0,5,0,63,3,3,3,141.9,0.402,0.103,,,,0.074,,,,,,,,,0.317,,,,0.011,,,,,,,,,,,,,,,,,9.0
RPath,527,sidewalks,240.435,HMAC,1,2,0,1,0,0,0,0,0,0,0,0,1,2,0,1,2,0,0,0,0,0,0,0,5,0,0,2,0,0,0,1,2,2,1,2,2,0,0,0,1,2,2,0,1,0,0,0,1,0,1,2,2,0,5,0,0,1,0,0,0,0,0,0,0,0,0,0,0,0,0,0,0,1,0,0,1,2,0,0,0,0,0,0,1,1,1,0,0,0,0,0,0,1,0,0,5,0,58,3,3,3,243.9,0.357,0.103,,,,0.338,,,,,,,,,,0.018,,,,,,,,,,,,,,,,,,,,9.0
RPath,529,sidewalks,85.041,HMAC,1,2,2,1,2,0,0,0,0,0,0,0,1,2,2,1,2,0,0,0,0,1,0,0,0,0,0,2,0,0,0,0,0,0,1,2,2,0,0,0,0,0,0,5,1,2,0,0,1,1,1,2,2,5,5,0,0,1,0,0,0,0,0,0,0,0,0,0,0,0,0,0,0,1,2,2,1,2,2,0,0,0,5,0,1,0,0,1,2,0,0,0,0,1,2,0,5,0,77,4,4,2,85.0,0.071,0.018,,,,0.071,,,,,,,,,,,,,,,,,,,,,,,,,,,,,,8.0
RPath,530,sidewalks,83.683,HMAC,1,2,2,1,2,0,1,0,0,0,0,0,1,2,0,1,2,0,0,0,0,0,0,0,5,0,0,2,0,0,0,1,2,2,1,2,2,0,0,0,0,0,0,5,1,2,2,0,1,0,1,2,2,0,5,0,3,1,0,0,0,0,0,0,1,0,0,0,0,0,0,0,0,1,0,0,1,0,0,0,0,0,5,3,1,0,0,0,0,0,0,0,0,0,0,0,5,0,74,4,4,1,85.6,0.000,0.000,,,,,,,,,,,,,,,,,,,,,,,,,,,,,,,,,,4.0
RPath,531,sidewalks,109.362,CON,1,2,2,1,2,0,1,2,0,1,2,2,1,2,2,1,2,2,0,0,0,0,0,0,5,0,0,0,0,0,0,1,2,2,1,2,2,0,0,0,1,2,2,0,1,2,2,0,1,1,1,2,2,5,5,0,3,1,0,0,0,0,0,0,0,0,0,0,0,0,0,0,0,1,2,0,1,0,0,0,0,0,5,0,1,1,1,1,2,0,0,0,0,0,0,0,5,0,92,5,5,3,120.5,0.274,0.162,,,,0.124,0.062,,,,,,,,,0.050,,,0.037,,,,,,,,,,,,,,,,,15.0
RPath,532,sidewalks,78.303,HMAC,1,2,0,1,0,0,0,0,0,1,0,0,1,0,0,0,0,0,0,0,0,1,0,0,5,0,0,0,1,2,2,1,2,2,1,2,2,0,0,0,1,2,2,0,1,2,2,0,1,1,1,2,2,5,5,0,0,1,1,0,0,1,0,0,1,2,0,0,0,0,1,0,0,1,0,0,1,0,0,0,0,0,0,0,1,1,1,1,2,0,0,0,0,0,0,0,5,0,74,4,4,5,78.3,0.958,0.949,,,,,0.920,,,,,,,,,,0.019,,,0.019,,,,,,,,,,,,,,,,20.0
RPath,533,sidewalks,110.828,CON,1,2,0,0,0,0,0,0,0,1,2,0,1,0,0,0,0,0,0,0,0,1,0,0,5,0,0,0,1,2,2,1,2,2,1,2,2,0,0,0,1,2,2,0,1,2,2,0,1,1,1,2,2,0,5,0,0,1,1,2,0,0,0,0,1,2,0,0,0,0,0,0,0,1,0,0,1,0,0,0,0,0,0,0,1,1,1,1,2,0,0,0,0,0,0,0,5,0,70,4,4,3,110.2,0.272,0.163,,,,0.136,0.123,,,,,,,,,,,,0.014,,,,,,,,,,,,,,,,,12.0
RPath,534,sidewalks,74.752,CON,1,2,0,0,0,0,0,0,0,1,2,0,1,0,0,0,0,0,0,0,0,0,0,0,5,0,0,0,1,2,2,1,2,2,1,2,2,0,0,0,1,2,2,0,1,2,2,0,1,1,1,2,2,0,5,0,0,1,1,0,0,0,0,0,1,2,0,0,0,0,0,0,0,1,0,0,1,0,0,0,0,0,0,0,1,1,1,1,0,0,0,0,0,0,0,0,5,0,65,4,3,3,75.5,0.417,0.109,,,,0.397,,,,,,,,,,,0.020,,,,,,,,,,,,,,,,,,,9.0
RPath,535,sidewalks,110.268,HMAC,1,2,0,0,0,0,0,0,0,1,2,0,1,0,0,0,0,0,0,0,0,1,0,0,5,0,0,2,1,2,2,1,2,0,1,2,0,0,0,0,1,2,2,5,1,2,0,0,1,1,1,2,2,0,5,0,0,1,1,0,0,0,0,0,1,2,0,0,0,0,0,0,0,1,0,0,1,0,0,0,0,0,0,3,1,1,1,1,2,0,0,0,0,0,0,0,5,0,72,4,4,3,109.5,0.575,0.205,,,,0.493,0.082,,,,,,,,,,,,,,,,,,,,,,,,,,,,,12.0
RPath,538,sidewalks,78.059,CON,1,2,0,0,0,0,0,0,0,1,2,0,1,0,0,1,0,0,0,0,0,0,0,0,5,0,0,0,1,2,2,1,2,0,1,2,0,0,0,0,1,2,0,0,1,2,0,0,1,1,1,2,2,0,5,0,3,1,1,2,0,0,0,0,1,2,0,0,0,0,1,0,0,1,0,0,1,2,0,0,0,0,0,0,1,1,1,1,2,0,1,0,0,0,0,0,5,0,69,4,4,4,76.7,0.665,0.323,,,0.020,0.430,0.176,,,,,,,,,,0.020,,0.020,,,,,,,,,,,,,,,,,16.0
RPath,539,sidewalks,28.313,CON,1,2,0,0,0,0,0,0,0,1,2,0,1,0,0,1,0,0,0,0,0,0,0,0,5,0,0,0,1,2,2,1,0,0,1,0,0,0,0,0,1,0,0,0,1,2,0,0,1,1,1,2,2,0,5,0,0,1,1,2,0,0,0,0,1,2,0,0,0,0,1,0,0,1,0,0,1,2,0,0,0,0,0,0,1,1,1,1,2,0,1,0,0,0,0,0,5,0,60,3,3,5,32.1,0.748,0.607,,,,0.187,0.561,,,,,,,,,,,,,,,,,,,,,,,,,,,,,15.0
RPath,540,sidewalks,102.601,CON,1,2,2,0,0,0,0,0,0,1,2,0,0,0,0,1,0,0,0,0,0,0,0,0,5,0,0,0,1,2,2,0,0,0,1,0,0,0,0,0,0,0,0,0,1,2,2,0,1,1,1,2,2,0,5,0,3,0,1,2,0,0,0,0,1,2,0,0,0,0,1,2,0,1,2,2,1,2,0,1,0,0,0,0,1,1,1,1,2,2,1,2,2,1,2,0,5,0,79,4,4,2,102.6,0.366,0.091,,,,0.366,,,,,,,,,,,,,,,,,,,,,,,,,,,,,,8.0
RPath,541,sidewalks,203.284,CON,1,2,2,0,0,0,0,0,0,1,2,2,0,0,0,1,2,0,0,0,0,0,0,0,5,0,0,0,1,2,2,0,0,0,1,0,0,0,0,0,0,0,0,0,1,2,2,0,1,1,1,2,2,0,5,0,3,1,1,2,2,0,0,0,1,2,2,0,0,0,1,2,2,1,2,0,1,2,2,1,0,0,5,0,1,1,1,1,2,2,1,2,2,1,2,0,5,0,95,5,5,1,202.7,0.015,0.006,,,,0.007,,,,,,,,,,,0.007,,,,,,,,,,,,,,,,,,,5.0
RPath,542,sidewalks,171.035,CON,1,2,2,0,0,0,0,0,0,1,2,2,0,0,0,1,2,0,0,0,0,0,0,0,5,0,0,0,1,2,2,1,0,0,1,0,0,0,0,0,1,0,0,0,1,2,0,0,1,0,1,2,2,0,0,0,3,1,1,2,2,0,0,0,1,2,2,0,0,0,1,2,2,1,2,0,1,2,2,1,0,0,5,0,1,1,1,1,2,2,1,2,0,1,0,0,5,0,85,5,4,1,171.5,0.000,0.000,,,,,,,,,,,,,,,,,,,,,,,,,,,,,,,,,,4.0
RPath,543,sidewalks,74.052,CON,1,2,0,0,0,0,0,0,0,1,2,0,1,0,0,1,2,2,0,0,0,0,0,0,5,0,0,0,1,2,2,0,0,0,1,0,0,0,0,0,0,0,0,0,1,2,0,0,1,0,1,2,0,0,0,0,0,1,1,2,0,1,0,0,1,2,2,0,0,0,1,2,2,1,2,2,1,2,2,1,0,0,5,0,1,1,1,1,2,2,1,2,0,1,2,0,5,0,80,4,4,2,74.1,0.263,0.081,,,,0.203,,,,,,,,,,,0.061,,,,,,,,,,,,,,,,,,,8.0
RPath,544,sidewalks,74.322,CON,1,2,0,0,0,0,0,0,0,1,2,0,0,0,0,1,2,0,0,0,0,0,0,0,5,0,0,0,1,2,2,0,0,0,0,0,0,0,0,0,0,0,0,0,1,2,0,0,1,0,1,2,0,0,0,0,0,1,1,2,0,0,0,0,1,2,2,0,0,0,1,2,2,1,2,2,1,2,2,1,2,0,5,0,1,1,1,1,2,0,1,2,2,1,2,0,5,0,77,4,4,2,74.3,0.040,0.010,,,,0.040,,,,,,,,,,,,,,,,,,,,,,,,,,,,,,8.0
RPath,545,sidewalks,91.935,CON,1,2,0,0,0,0,0,0,0,1,2,0,1,0,0,1,2,2,0,0,0,0,0,0,5,0,0,0,1,2,2,0,0,0,1,0,0,0,0,0,0,0,0,0,1,2,0,0,1,0,1,2,0,0,0,0,0,1,1,0,0,1,0,0,1,2,0,0,0,0,1,2,2,1,2,2,1,2,2,1,2,0,0,0,1,1,1,1,2,2,1,2,0,1,2,0,5,0,73,4,4,2,91.9,0.147,0.057,,,,0.065,,,,,,,,,,,0.065,,0.016,,,,,,,,,,,,,,,,,8.0
RPath,546,sidewalks,92.123,CON,1,2,0,0,0,0,0,0,0,1,2,0,0,0,0,1,2,0,0,0,0,0,0,0,5,0,0,0,1,2,2,0,0,0,0,0,0,0,0,0,0,0,0,0,1,2,0,0,1,0,1,2,0,0,0,0,0,1,1,2,0,0,0,0,1,2,2,0,0,0,1,2,2,1,2,0,1,2,2,1,2,0,5,0,1,1,1,1,2,0,1,2,2,1,2,0,5,0,75,4,4,3,92.1,0.456,0.138,,,0.016,0.391,,,,,,,,,,,0.016,,0.033,,,,,,,,,,,,,,,,,12.0
RPath,547,sidewalks,73.518,CON,1,2,0,0,0,0,0,0,0,1,2,0,1,0,0,1,2,2,0,0,0,0,0,0,5,5,0,0,1,2,2,0,0,0,1,0,0,0,0,0,0,0,0,0,1,2,2,0,1,1,1,2,2,0,0,0,3,1,1,0,0,1,0,0,1,2,0,0,0,0,1,2,2,1,2,2,1,2,2,1,2,0,0,0,1,1,1,1,2,2,1,2,0,1,2,0,5,0,86,5,5,3,73.5,0.612,0.158,,,,0.592,,,,,,,,,,,0.020,,,,,,,,,,,,,,,,,,,15.0
RPath,548,sidewalks,91.754,CON,1,2,0,0,0,0,0,0,0,1,2,0,1,0,0,1,2,2,0,0,0,0,0,0,5,5,0,0,1,2,2,0,0,0,1,0,0,0,0,0,0,0,0,0,1,2,2,0,1,1,1,2,2,0,0,0,0,1,1,0,0,1,0,0,1,2,0,0,0,0,1,2,2,1,2,2,1,2,2,1,2,0,0,0,1,1,1,1,2,2,1,2,0,1,2,0,5,0,83,5,4,2,91.8,0.131,0.057,,,,0.033,,,,,,,,,,,0.016,,0.082,,,,,,,,,,,,,,,,,8.0
RPath,549,sidewalks,74.025,CON,1,2,0,0,0,0,0,0,0,1,2,0,0,0,0,1,2,0,0,0,0,0,0,0,5,0,0,0,1,2,2,0,0,0,1,0,0,0,0,0,0,0,0,0,1,2,0,0,1,0,1,2,2,0,0,0,3,1,1,0,0,1,0,0,1,2,0,0,0,0,1,2,2,1,2,2,1,2,2,1,2,0,0,0,1,1,1,1,2,0,1,2,0,1,2,0,5,0,73,4,4,2,74.0,0.243,0.061,,,,0.243,,,,,,,,,,,,,,,,,,,,,,,,,,,,,,8.0
RPath,550,sidewalks,92.087,CON,1,2,0,0,0,0,0,0,0,1,0,0,1,0,0,1,2,2,0,0,0,0,0,0,5,0,0,0,1,2,2,0,0,0,1,0,0,0,0,0,0,0,0,0,1,2,2,0,1,1,1,2,2,0,0,0,3,1,1,0,0,1,0,0,1,2,0,0,0,0,1,2,2,1,2,2,1,2,2,1,2,0,0,0,1,1,1,1,2,2,1,2,0,1,2,0,5,0,79,4,4,2,92.1,0.130,0.053,,,,0.049,,,,,,,,,,,,,0.081,,,,,,,,,,,,,,,,,8.0
RPath,551,sidewalks,72.722,CON,1,0,0,0,0,0,0,0,0,1,0,0,1,0,0,1,2,2,0,0,0,0,0,0,5,0,0,0,1,2,2,0,0,0,1,0,0,0,0,0,0,0,0,0,1,2,2,0,1,1,1,2,2,0,0,0,3,1,1,0,0,1,2,0,1,2,0,0,0,0,1,2,0,1,2,2,1,2,0,1,2,0,0,0,1,1,1,1,2,2,1,0,0,1,2,0,5,0,73,4,4,3,72.7,0.144,0.134,,,,,0.124,,,,,,,,,,,,0.021,,,,,,,,,,,,,,,,,12.0
RPath,552,sidewalks,92.82,CON,1,2,0,0,0,0,0,0,0,1,0,0,1,0,0,1,2,0,0,0,0,0,0,0,5,0,0,0,1,2,2,0,0,0,1,0,0,0,0,0,0,0,0,0,1,2,2,0,1,1,1,2,2,0,0,0,0,1,1,0,0,1,2,0,1,0,0,0,0,0,1,2,0,1,2,2,1,2,2,1,2,0,0,0,1,1,1,1,2,2,1,0,0,1,2,0,5,0,70,4,4,1,92.8,0.016,0.008,,,,,,,,,,,,,,,,,0.016,,,,,,,,,,,,,,,,,4.0
RPath,553,sidewalks,91.391,CON,1,2,0,0,0,0,0,0,0,1,0,0,1,0,0,1,2,2,0,0,0,0,0,0,5,0,0,0,1,2,2,0,0,0,1,0,0,0,0,0,0,0,0,0,1,2,2,0,1,1,1,2,2,0,0,0,3,1,1,0,0,1,0,0,1,2,0,0,0,0,1,2,2,1,2,2,1,2,2,1,2,0,0,0,1,1,1,1,2,2,1,2,0,1,2,0,5,0,79,4,4,3,91.4,0.361,0.103,,,,0.312,,,,,,,,,,,0.016,,0.033,,,,,,,,,,,,,,,,,12.0
RPath,554,sidewalks,72.616,CON,1,2,0,0,0,0,0,0,0,1,0,0,1,0,0,1,2,0,0,0,0,0,0,0,5,0,0,0,1,2,2,0,0,0,1,0,0,0,0,0,0,0,0,0,1,2,0,0,1,0,1,2,2,0,0,0,3,1,1,0,0,1,2,0,1,2,0,0,0,0,1,2,2,1,2,2,1,2,2,1,2,0,0,0,1,1,1,1,2,2,1,2,0,1,2,0,5,0,76,4,4,2,72.6,0.248,0.062,,,,0.248,,,,,,,,,,,,,,,,,,,,,,,,,,,,,,8.0
RPath,555,sidewalks,92.135,CON,1,0,0,0,0,0,0,0,0,1,2,0,1,0,0,1,2,0,0,0,0,0,0,0,5,0,0,0,1,2,2,0,0,0,1,2,0,0,0,0,0,0,0,0,1,2,2,0,1,0,1,2,2,0,0,0,3,1,1,0,0,1,2,0,1,0,0,0,0,0,1,0,0,1,2,0,1,2,2,1,2,0,0,3,1,1,1,1,2,2,0,0,0,1,2,0,5,0,72,4,4,3,91.9,0.147,0.126,0.016,,,0.016,0.098,,,,,,,,,,,,0.016,,,,,,,,,,,,,,,,,12.0
RPath,556,sidewalks,73.573,CON,1,0,0,0,0,0,0,0,0,1,2,0,1,0,0,1,2,0,0,0,0,0,0,0,5,0,0,0,1,2,2,0,0,0,1,2,0,0,0,0,0,0,0,0,1,2,2,0,1,0,1,2,2,0,0,0,3,1,1,0,0,1,2,0,1,0,0,0,0,0,1,2,0,1,2,0,1,2,0,1,2,0,0,0,1,1,1,1,2,2,1,0,0,1,2,0,5,0,70,4,4,3,73.5,0.327,0.179,,,,0.184,0.122,,,,,,,,,,,,0.020,,,,,,,,,,,,,,,,,12.0
RPath,557,sidewalks,91.375,CON,1,2,0,0,0,0,0,0,0,1,2,0,1,0,0,1,2,0,0,0,0,0,0,0,5,0,0,0,1,2,2,0,0,0,1,2,0,0,0,0,0,0,0,0,1,2,2,0,1,0,1,2,2,0,0,0,0,1,1,0,0,1,2,0,1,0,0,0,0,0,1,2,0,1,2,0,1,2,2,1,2,0,0,0,1,1,1,1,2,2,1,0,0,1,2,0,5,0,71,4,4,2,91.4,0.115,0.057,,,0.016,0.033,,,,,,,,,,,,,0.066,,,,,,,,,,,,,,,,,8.0
RPath,558,sidewalks,73.78,CON,1,2,0,0,0,0,0,0,0,1,0,0,1,0,0,1,2,0,0,0,0,0,0,0,5,0,0,0,1,2,2,0,0,0,1,0,0,0,0,0,0,0,0,0,1,2,0,0,1,0,1,2,2,0,0,0,3,1,1,0,0,1,2,0,1,0,0,0,0,0,1,2,0,1,2,0,1,2,2,1,2,0,0,3,1,1,1,1,2,2,1,0,0,1,0,0,5,0,69,4,4,3,75.1,0.280,0.120,,,,0.200,0.060,,,,,,,,,,,,0.020,,,,,,,,,,,,,,,,,12.0
RPath,559,sidewalks,91.805,CON,1,0,0,0,0,0,0,0,0,1,2,0,1,0,0,1,0,0,0,0,0,0,0,0,5,0,0,0,1,2,2,0,0,0,1,2,0,0,0,0,0,0,0,0,1,2,2,0,1,0,1,2,2,0,0,0,3,1,1,0,0,1,2,2,1,0,0,0,0,0,1,0,0,1,2,0,1,2,2,1,2,0,0,3,1,1,1,1,2,2,0,0,0,1,0,0,5,0,70,4,4,2,94.9,0.237,0.067,,,,0.206,,,,,,,,,,,,,0.032,,,,,,,,,,,,,,,,,8.0
RPath,560,sidewalks,126.397,CON,1,0,0,0,0,0,0,0,0,1,0,0,1,0,0,1,0,0,0,0,0,0,0,0,5,0,0,0,1,2,2,0,0,0,1,0,0,0,0,0,0,0,0,0,1,2,0,0,1,1,1,2,2,0,5,0,3,1,1,2,0,1,2,2,1,0,0,0,0,0,1,0,0,1,2,0,1,2,2,1,2,2,0,3,1,1,1,1,2,2,0,0,0,1,0,0,5,0,74,4,4,4,128.7,0.431,0.329,,,,0.105,0.280,,,,,,,,,,,,0.047,,,,,,,,,,,,,,,,,16.0
RPath,561,sidewalks,90.8,CON,0,0,0,0,0,0,0,0,0,1,0,0,1,0,0,1,0,0,0,0,0,0,0,0,5,0,0,0,1,2,2,0,0,0,1,0,0,0,0,0,0,0,0,0,1,2,0,0,1,1,1,2,2,0,5,0,0,1,1,2,0,1,2,2,0,0,0,0,0,0,0,0,0,1,0,0,1,2,0,1,2,2,0,3,1,1,1,1,2,0,0,0,0,1,0,0,5,0,62,3,3,3,91.9,0.424,0.114,,,,0.392,,,,,,,,,,,,,0.033,,,,,,,,,,,,,,,,,9.0
RPath,562,sidewalks,126.267,CON,1,0,0,0,0,0,0,0,0,1,2,0,1,0,0,1,0,0,0,0,0,0,0,0,5,0,3,0,1,2,2,0,0,0,1,2,0,0,0,0,0,0,0,0,1,2,2,0,1,0,1,2,2,0,5,0,3,1,1,0,0,1,2,0,0,0,0,0,0,0,1,0,0,1,2,0,1,2,0,1,2,0,0,0,1,1,1,1,2,2,0,0,0,1,0,0,5,0,70,4,4,2,126.4,0.142,0.039,,,,0.131,,,,,,,,,,,,,0.012,,,,,,,,,,,,,,,,,8.0
RPath,563,sidewalks,91.844,CON,1,0,0,0,0,0,0,0,0,1,0,0,1,0,0,0,0,0,0,0,0,0,0,0,5,0,0,0,1,2,2,0,0,0,1,0,0,0,0,0,0,0,0,0,1,2,0,0,1,1,1,2,2,0,5,0,0,1,1,2,0,1,2,2,1,0,0,0,0,0,0,0,0,1,0,0,1,2,0,1,2,2,0,3,1,1,1,1,2,0,0,0,0,0,0,0,5,0,62,3,3,2,91.3,0.263,0.074,,,,0.131,,,,,,,,,0.099,,,,0.033,,,,,,,,,,,,,,,,,6.0
RPath,564,sidewalks,125.283,CON,1,0,0,0,0,0,0,0,0,0,0,0,1,0,0,1,0,0,0,0,0,0,0,0,5,0,0,0,1,2,2,0,0,0,0,0,0,0,0,0,0,0,0,0,1,2,2,0,1,1,1,2,2,0,5,0,3,0,1,2,0,1,2,2,1,0,0,0,0,0,1,0,0,1,2,0,1,2,0,1,2,2,0,3,1,1,1,1,2,0,0,0,0,0,0,0,5,0,68,4,4,2,124.6,0.253,0.081,,,,0.181,,,,,,,,,,,0.012,,0.060,,,,,,,,,,,,,,,,,8.0
RPath,565,sidewalks,124.561,CON,1,0,0,0,0,0,0,0,0,1,0,0,1,0,0,1,0,0,0,0,0,0,0,0,5,0,0,0,1,2,2,0,0,0,1,0,0,0,0,0,0,0,0,0,1,2,0,0,1,1,1,2,2,0,5,0,3,1,1,2,0,1,2,2,1,0,0,0,0,0,1,0,0,1,2,0,1,2,2,1,2,2,0,3,1,1,1,1,2,2,0,0,0,1,0,0,5,0,74,4,4,2,125.0,0.144,0.042,,,,0.120,,,,,,,,,,,,,0.024,,,,,,,,,,,,,,,,,8.0
RPath,566,sidewalks,93.535,CON,1,0,0,0,0,0,0,0,0,1,0,0,1,0,0,1,0,0,0,0,0,0,0,0,5,0,0,0,1,2,2,0,0,0,1,0,0,0,0,0,0,0,0,0,1,2,2,0,1,1,1,2,2,0,5,0,3,1,1,2,0,1,2,2,1,0,0,0,0,0,1,0,0,1,2,0,1,2,2,1,2,0,0,3,1,1,1,1,2,2,0,0,0,1,0,0,5,0,74,4,4,2,93.2,0.370,0.097,,,,0.354,,,,,,,,,,,,,0.016,,,,,,,,,,,,,,,,,8.0
RPath,567,sidewalks,91.99,CON,1,2,0,0,0,0,0,0,0,1,0,0,1,0,0,1,0,0,0,0,0,0,0,0,5,0,0,0,1,2,2,0,0,0,1,0,0,0,0,0,0,0,0,0,1,2,2,0,1,1,1,2,2,0,5,0,3,1,1,2,0,1,2,0,1,2,0,0,0,0,1,0,0,1,2,0,1,2,2,1,2,0,0,3,1,1,1,1,2,2,1,0,0,1,0,0,5,0,77,4,4,2,92.2,0.098,0.028,,,,0.081,,,,,,,,,,,,,0.016,,,,,,,,,,,,,,,,,8.0
RPath,568,sidewalks,73.296,CON,1,2,0,0,0,0,0,0,0,0,0,0,1,0,0,1,0,0,0,0,0,0,0,0,5,0,0,0,1,2,2,0,0,0,0,0,0,0,0,0,0,0,0,0,1,2,2,0,1,1,1,2,2,0,5,0,3,1,1,2,0,1,2,0,1,2,0,0,0,0,1,2,0,1,2,0,1,2,0,1,2,0,0,3,1,1,1,1,2,0,1,0,0,1,0,0,5,0,73,4,4,2,74.0,0.203,0.056,,,,0.182,,,,,,,,,,,,,0.020,,,,,,,,,,,,,,,,,8.0
RPath,569,sidewalks,92.854,CON,1,2,0,0,0,0,0,0,0,1,0,0,1,0,0,1,2,0,0,0,0,0,0,0,5,0,0,0,1,2,2,0,0,0,1,0,0,0,0,0,0,0,0,0,1,2,2,0,1,1,1,2,2,0,5,0,0,1,1,0,0,1,2,0,1,2,0,0,0,0,1,2,0,1,2,2,1,2,2,1,2,0,0,0,1,1,1,1,2,2,1,0,0,1,0,0,5,0,75,4,4,1,92.9,0.016,0.004,,,,0.016,,,,,,,,,,,,,,,,,,,,,,,,,,,,,,4.0
RPath,570,sidewalks,73.929,CON,1,2,0,0,0,0,0,0,0,1,0,0,1,0,0,1,2,0,0,0,0,0,0,0,5,0,0,0,1,2,2,0,0,0,1,0,0,0,0,0,0,0,0,0,1,2,0,0,1,1,1,2,2,0,0,0,3,1,1,0,0,1,2,0,1,0,0,0,0,0,1,2,0,1,2,0,1,2,2,1,2,0,0,3,1,1,1,1,2,2,1,0,0,1,0,0,5,0,70,4,4,2,74.3,0.121,0.030,,,,0.121,,,,,,,,,,,,,,,,,,,,,,,,,,,,,,8.0
RPath,571,sidewalks,73.989,CON,1,2,2,0,0,0,0,0,0,1,0,0,0,0,0,1,0,0,0,0,0,0,0,0,5,0,0,0,1,2,2,0,0,0,0,0,0,0,0,0,0,0,0,0,1,2,2,0,1,1,1,2,2,0,5,0,3,1,1,0,0,1,2,0,1,2,0,0,0,0,1,2,0,1,2,2,1,2,0,1,2,2,0,0,1,1,1,1,2,0,1,2,0,1,0,0,5,0,76,4,4,2,74.0,0.203,0.051,,,,0.203,,,,,,,,,,,,,,,,,,,,,,,,,,,,,,8.0
RPath,572,sidewalks,92.141,CON,1,2,0,0,0,0,0,0,0,1,0,0,1,0,0,1,2,0,0,0,0,0,0,0,5,0,0,0,1,2,2,0,0,0,1,0,0,0,0,0,0,0,0,0,1,2,2,0,1,1,1,2,2,0,5,0,0,1,1,0,0,1,2,0,1,2,0,0,0,0,1,2,0,1,2,2,1,2,2,1,2,2,0,0,1,1,1,1,2,2,1,0,0,1,0,0,5,0,77,4,4,2,92.1,0.049,0.012,,,,0.049,,,,,,,,,,,,,,,,,,,,,,,,,,,,,,8.0
RPath,573,sidewalks,73.371,CON,1,2,0,0,0,0,0,0,0,1,0,0,1,0,0,1,2,0,0,0,0,0,0,0,5,0,0,0,1,2,2,0,0,0,1,0,0,0,0,0,0,0,0,0,1,2,0,0,1,1,1,2,2,0,0,0,3,1,1,0,0,1,2,0,1,2,0,0,0,0,1,2,2,1,2,2,1,2,2,1,2,0,0,0,1,1,1,1,2,2,1,2,0,1,0,0,5,0,75,4,4,2,73.4,0.041,0.010,,,,0.041,,,,,,,,,,,,,,,,,,,,,,,,,,,,,,8.0
RPath,574,sidewalks,91.7,CON,1,2,2,0,0,0,0,0,0,1,0,0,0,0,0,1,2,0,0,0,0,0,0,0,5,0,0,0,1,2,2,0,0,0,1,0,0,0,0,0,0,0,0,0,1,2,2,0,1,1,1,2,2,0,5,0,3,1,1,0,0,1,0,0,1,2,0,0,0,0,1,2,2,1,2,2,1,2,2,1,2,2,0,0,1,1,1,1,2,0,1,2,0,1,0,0,5,0,81,4,4,2,91.7,0.065,0.016,,,,0.065,,,,,,,,,,,,,,,,,,,,,,,,,,,,,,8.0
RPath,575,sidewalks,74.275,CON,1,2,2,0,0,0,0,0,0,1,2,0,0,0,0,1,0,0,0,0,0,0,0,0,5,0,0,0,1,2,2,0,0,0,0,0,0,0,0,0,0,0,0,0,1,2,2,0,1,1,1,2,2,0,5,0,3,1,1,0,0,1,0,0,1,2,0,0,0,0,1,2,0,1,2,2,1,2,0,1,2,2,5,0,1,1,1,1,2,0,1,2,0,1,2,0,5,0,83,5,4,2,74.3,0.061,0.015,,,,0.061,,,,,,,,,,,,,,,,,,,,,,,,,,,,,,8.0
RPath,576,sidewalks,92.374,CON,1,2,2,0,0,0,0,0,0,1,0,0,0,0,0,1,2,0,0,0,0,0,0,0,5,0,0,0,1,2,2,0,0,0,0,0,0,0,0,0,0,0,0,0,1,2,2,0,1,1,1,2,2,0,5,0,3,1,1,0,0,1,0,0,1,2,0,0,0,0,1,2,2,1,2,2,1,2,2,1,2,2,0,0,1,1,1,1,2,0,1,2,0,1,0,0,5,0,80,4,4,2,92.4,0.065,0.020,,,,0.049,,,,,,,,,,,,,0.016,,,,,,,,,,,,,,,,,8.0
RPath,577,sidewalks,128.879,CON,1,2,2,1,0,0,0,0,0,0,0,0,0,0,0,1,2,0,0,0,0,0,0,0,0,5,0,2,0,0,0,0,0,0,1,2,2,0,0,0,0,0,0,0,1,2,0,0,1,0,1,2,2,5,5,0,0,1,0,0,0,0,0,0,1,2,2,0,0,0,0,0,0,1,0,0,0,0,0,0,0,0,0,0,1,1,1,0,0,0,0,0,0,0,0,0,5,0,55,3,3,2,203.2,0.030,0.018,,,,0.015,,,,,,,,,,,,,,0.015,,,,,,,,,,,,,,,,6.0
RPath,578,sidewalks,98.565,HMAC,1,2,2,0,0,0,0,0,0,0,0,0,1,2,2,1,0,0,0,0,0,0,0,0,0,0,3,0,1,2,0,0,0,0,0,0,0,0,0,0,0,0,0,0,1,0,0,0,0,0,1,2,0,0,0,0,0,1,1,0,0,0,0,0,1,2,0,0,0,0,0,0,0,0,0,0,1,2,0,0,0,0,0,0,1,1,1,1,2,2,0,0,0,0,0,0,5,0,42,2,2,3,98.6,0.259,0.145,,,,0.122,0.107,,,,,,0.030,,,,,,,,,,,,,,,,,,,,,,,6.0
RPath,579,sidewalks,114.263,CON,1,2,2,1,0,0,1,0,0,1,2,0,1,2,0,0,0,0,0,0,0,0,0,0,0,5,0,2,0,0,0,0,0,0,1,2,2,0,0,0,0,0,0,0,0,0,0,0,0,0,1,2,2,5,5,0,0,0,0,0,0,0,0,0,0,0,0,0,0,0,1,2,2,0,0,0,1,2,0,0,0,0,0,3,1,0,1,0,0,0,0,0,0,0,0,0,5,0,58,3,3,1,118.7,0.000,0.000,,,,,,,,,,,,,,,,,,,,,,,,,,,,,,,,,,3.0
RPath,580,sidewalks,283.614,HMAC,1,2,2,1,2,0,1,2,0,0,0,0,1,2,0,0,0,0,0,0,0,0,0,0,0,0,0,2,0,0,0,0,0,0,0,0,0,0,0,0,0,0,0,0,0,0,0,0,0,0,1,2,0,0,0,0,3,1,0,0,0,0,0,0,0,0,0,0,0,0,0,0,0,1,2,2,1,2,0,0,0,0,5,3,0,1,1,0,0,0,0,0,0,0,0,0,5,0,46,3,2,2,283.0,0.302,0.078,,,,0.292,,,,,,,,,,,,,0.011,,,,,,,,,,,,,,,,,4.0
RPath,581,sidewalks,189.083,CON,1,2,2,1,2,2,1,0,0,0,0,0,1,2,2,0,0,0,0,0,0,0,0,0,0,5,0,2,0,0,0,0,0,0,0,0,0,0,0,0,0,0,0,0,0,0,0,0,0,0,1,0,0,0,0,0,0,1,0,0,0,0,0,0,0,0,0,0,0,0,0,0,0,1,0,0,1,0,0,0,0,0,5,0,1,1,1,0,0,0,0,0,0,0,0,0,5,0,40,2,2,2,190.9,0.024,0.012,,,,,,,,,,,,,,,,,0.024,,,,,,,,,,,,,,,,,4.0
RPath,582,sidewalks,101.056,CON,1,2,2,1,2,0,1,0,0,0,0,0,1,2,0,0,0,0,0,0,0,0,0,0,0,0,0,2,0,0,0,0,0,0,0,0,0,0,0,0,0,0,0,0,0,0,0,0,0,0,1,0,0,0,0,0,0,1,0,0,0,0,0,0,0,0,0,0,0,0,0,0,0,1,2,0,1,0,0,0,0,0,5,0,1,1,1,0,0,0,0,0,0,0,0,0,5,0,33,2,2,2,107.9,0.111,0.028,,,,0.056,,,,,,,,,0.056,,,,,,,,,,,,,,,,,,,,,4.0
RPath,583,sidewalks,48.385,CON,1,2,0,1,0,0,1,0,0,1,2,0,1,2,0,1,2,0,0,0,0,0,0,0,0,0,0,2,0,0,0,0,0,0,1,2,0,0,0,0,0,0,0,0,0,0,0,0,0,0,1,0,0,5,5,0,0,1,0,0,0,0,0,0,0,0,0,0,0,0,0,0,0,1,0,0,1,2,0,0,0,0,0,0,1,1,1,0,0,0,0,0,0,1,0,0,5,0,44,2,2,1,49.9,0.000,0.000,,,,,,,,,,,,,,,,,,,,,,,,,,,,,,,,,,2.0
RPath,584,sidewalks,81.787,CON,1,2,0,1,0,0,1,0,0,1,2,0,1,2,2,1,2,0,0,0,0,0,0,0,0,0,0,2,0,0,0,0,0,0,1,2,0,0,0,0,0,0,0,0,0,0,0,0,0,0,1,0,0,5,5,0,0,1,0,0,0,0,0,0,0,0,0,0,0,0,0,0,0,1,0,0,1,2,0,0,0,0,0,0,1,1,1,0,0,0,0,0,0,1,2,0,5,0,48,3,2,3,85.4,0.176,0.163,,,,0.018,0.158,,,,,,,,,,,,,,,,,,,,,,,,,,,,,6.0
RPath,585,sidewalks,216.926,HMAC,1,2,0,1,0,0,1,0,0,1,2,0,1,2,2,1,2,2,0,0,0,0,0,0,0,5,0,2,0,0,0,0,0,0,1,2,2,0,0,0,0,0,0,0,0,0,0,0,1,0,1,2,2,5,5,0,0,1,0,0,0,0,0,0,0,0,0,0,0,0,0,0,0,1,0,0,1,2,2,0,0,0,0,0,1,1,1,0,0,0,0,0,0,1,2,2,5,0,66,4,3,3,261.4,0.402,0.112,0.006,,,0.367,,,,,,,,,,,,,0.029,,,,,,,,,,,,,,,,,9.0
RPath,587,sidewalks,240.685,CON,1,2,2,1,2,0,1,2,0,0,0,0,1,0,0,1,2,0,0,0,0,0,0,0,5,0,0,2,0,0,0,1,2,2,1,2,2,0,0,0,0,0,0,0,1,2,2,0,1,1,1,2,2,0,5,0,3,1,0,0,0,0,0,0,1,2,2,0,0,0,0,0,0,1,0,0,0,0,0,0,0,0,5,0,1,0,0,0,0,0,0,0,0,0,0,0,5,0,70,4,4,1,312.2,0.000,0.000,,,,,,,,,,,,,,,,,,,,,,,,,,,,,,,,,,4.0
RPath,588,sidewalks,82.238,HMAC,1,2,0,1,2,0,1,0,0,0,0,0,1,2,0,1,2,0,0,0,0,0,0,0,0,0,0,2,0,0,0,1,2,0,1,2,0,0,0,0,0,0,0,5,1,2,0,0,0,0,1,2,2,0,0,0,3,1,0,0,0,0,0,0,0,0,0,0,0,0,0,0,0,1,0,0,1,2,0,0,0,0,5,3,1,0,0,0,0,0,0,0,0,0,0,0,5,0,56,3,3,1,82.6,0.000,0.000,,,,,,,,,,,,,,,,,,,,,,,,,,,,,,,,,,3.0
RPath,589,sidewalks,200.519,HMAC,1,2,2,1,0,0,1,0,0,0,0,0,1,2,0,1,2,0,0,0,0,0,0,0,5,0,0,2,0,0,0,1,2,2,1,2,2,0,0,0,0,0,0,0,1,2,2,0,1,0,1,2,2,0,5,0,3,1,0,0,0,0,0,0,1,0,0,0,0,0,0,0,0,1,0,0,1,0,0,0,0,0,5,3,1,0,0,0,0,0,0,0,0,0,0,0,5,0,67,4,4,3,200.5,0.209,0.120,,,,0.120,0.090,,,,,,,,,,,,,,,,,,,,,,,,,,,,,12.0
RPath,590,sidewalks,181.68,HMAC,1,2,0,1,2,2,1,0,0,0,0,0,1,2,2,1,2,0,0,0,0,0,0,0,0,5,0,2,0,0,0,1,2,0,1,2,0,0,0,0,0,0,0,5,1,0,0,0,0,0,1,2,0,0,0,0,3,1,0,0,0,0,0,0,0,0,0,0,0,0,0,0,0,1,2,0,1,2,2,0,0,0,5,3,1,0,0,0,0,0,0,0,0,0,0,0,5,0,65,4,3,2,182.1,0.247,0.062,,,,0.247,,,,,,,,,,,,,,,,,,,,,,,,,,,,,,6.0
RPath,591,sidewalks,85.837,HMAC,1,2,2,1,2,0,1,2,0,1,0,0,1,2,2,1,2,2,0,0,0,0,0,0,5,5,0,2,0,0,0,1,2,0,1,2,2,0,0,0,0,0,0,5,1,0,0,0,0,0,1,2,2,0,5,0,0,1,0,0,0,0,0,0,0,0,0,0,0,0,0,0,0,1,2,2,1,2,0,0,0,0,0,3,1,0,0,0,0,0,0,0,0,0,0,0,5,0,76,4,4,2,85.5,0.018,0.018,,,0.018,,,,,,,,,,,,,,,,,,,,,,,,,,,,,,,8.0
RPath,593,sidewalks,79.775,HMAC,1,2,2,1,2,0,1,2,0,1,0,0,1,2,2,1,2,2,0,0,0,0,0,0,0,0,0,2,0,0,0,1,2,0,1,2,2,0,0,0,0,0,0,5,1,2,0,0,0,0,1,2,2,0,5,0,0,1,0,0,0,0,0,0,1,0,0,0,0,0,0,0,0,1,2,0,1,2,0,0,0,0,5,3,1,0,0,0,0,0,0,0,0,0,0,0,5,0,72,4,4,2,83.2,0.018,0.018,,,,,0.018,,,,,,,,,,,,,,,,,,,,,,,,,,,,,8.0
RPath,595,sidewalks,200.575,HMAC,1,2,2,1,2,2,0,0,0,0,0,0,1,2,2,1,0,0,0,0,0,0,0,0,0,5,0,2,0,0,0,1,0,0,1,2,0,0,0,0,0,0,0,5,1,2,2,0,1,1,1,2,2,5,0,0,3,1,0,0,0,0,0,0,1,2,0,0,0,0,1,0,0,1,2,0,1,2,0,0,0,0,5,3,1,0,0,1,0,0,0,0,0,0,0,0,5,0,78,4,4,1,202.5,0.000,0.000,,,,,,,,,,,,,,,,,,,,,,,,,,,,,,,,,,4.0
RPath,596,sidewalks,82.835,HMAC,1,2,0,1,2,0,0,0,0,0,0,0,1,2,0,0,0,0,0,0,0,0,0,0,0,0,0,2,0,0,0,1,2,0,1,2,0,0,0,0,0,0,0,5,1,2,2,0,1,1,1,2,2,5,0,0,3,1,0,0,0,0,0,0,1,2,0,0,0,0,0,0,0,1,2,0,1,2,0,0,0,0,5,3,0,0,0,0,0,0,0,0,0,0,0,0,5,0,65,4,3,2,81.5,0.166,0.083,0.037,,,0.110,0.018,,,,,,,,,,,,,,,,,,,,,,,,,,,,,6.0
RPath,597,sidewalks,228.247,HMAC,1,2,0,1,2,0,1,0,0,0,0,0,1,2,0,1,0,0,0,0,0,0,0,0,5,0,0,2,0,0,0,1,2,2,1,2,2,0,0,0,0,0,0,0,1,2,2,0,1,1,1,2,2,0,5,0,3,1,0,0,0,0,0,0,1,2,2,0,0,0,0,0,0,1,0,0,1,0,0,0,0,0,5,0,1,0,0,0,0,0,0,0,0,0,0,0,5,0,67,4,4,1,232.2,0.000,0.000,,,,,,,,,,,,,,,,,,,,,,,,,,,,,,,,,,4.0
RPath,599,sidewalks,85.49,HMAC,1,2,0,1,2,0,0,0,0,0,0,0,1,2,0,0,0,0,0,0,0,0,0,0,0,0,0,2,0,0,0,1,2,2,1,2,2,0,0,0,0,0,0,5,1,2,2,0,1,1,1,2,2,5,5,0,3,1,0,0,0,0,0,0,1,2,0,0,0,0,0,0,0,1,0,0,1,0,0,0,0,0,5,0,1,0,0,0,0,0,0,0,0,0,0,0,5,0,68,4,4,2,85.7,0.227,0.070,0.017,,,0.210,,,,,,,,,,,,,,,,,,,,,,,,,,,,,,8.0
RPath,600,sidewalks,318.24,HMAC,1,2,0,1,2,0,0,0,0,0,0,0,1,2,0,1,0,0,0,0,0,0,0,0,5,0,0,2,0,0,0,1,2,2,1,2,2,0,0,0,0,0,0,0,1,2,2,0,1,1,1,2,2,0,5,0,3,1,0,0,0,0,0,0,1,2,0,0,0,0,1,0,0,1,0,0,1,0,0,0,0,0,5,3,1,0,0,1,0,0,0,0,0,0,0,0,5,0,69,4,4,2,318.5,0.174,0.045,,,,0.170,,,,,,,,,,,,,0.005,,,,,,,,,,,,,,,,,8.0
RPath,601,sidewalks,80.6,HMAC,1,0,0,1,2,0,0,0,0,0,0,0,1,2,0,0,0,0,0,0,0,0,0,0,0,0,0,2,0,0,0,1,2,0,1,2,2,0,0,0,0,0,0,5,1,2,0,0,1,1,1,2,2,5,0,0,3,1,0,0,0,0,0,0,1,2,0,0,0,0,0,0,0,1,0,0,1,0,0,0,0,0,5,0,0,0,0,0,0,0,0,0,0,0,0,0,5,0,56,3,3,2,77.5,0.251,0.077,,,0.019,0.232,,,,,,,,,,,,,,,,,,,,,,,,,,,,,,6.0
RPath,602,sidewalks,115.461,HMAC,1,2,0,1,2,0,0,0,0,0,0,0,1,2,0,1,0,0,0,0,0,0,0,0,5,0,0,0,0,0,0,1,2,2,1,2,0,0,0,0,0,0,0,0,1,2,0,0,1,0,1,2,2,0,5,0,3,1,0,0,0,0,0,0,1,0,0,0,0,0,1,0,0,1,0,0,1,0,0,0,0,0,0,0,1,0,0,0,0,0,0,0,0,0,0,0,5,0,51,3,3,2,174.0,0.052,0.015,,,,0.043,,,,,,,,,,,0.009,,,,,,,,,,,,,,,,,,,6.0
RPath,604,sidewalks,116.495,HMAC,1,2,2,1,2,0,0,0,0,0,0,0,1,0,0,0,0,0,0,0,0,1,0,0,5,5,0,2,0,0,0,1,2,2,1,2,2,0,0,0,0,0,0,0,1,2,2,0,1,1,1,2,2,5,0,0,3,1,0,0,0,0,0,0,1,2,0,0,0,0,1,0,0,1,2,0,1,2,0,0,0,0,5,3,1,0,0,0,0,0,0,0,0,0,0,0,5,0,77,4,4,2,116.5,0.193,0.048,,,,0.193,,,,,,,,,,,,,,,,,,,,,,,,,,,,,,8.0
RPath,605,sidewalks,73.515,HMAC,1,2,2,1,2,0,0,0,0,0,0,0,1,0,0,0,0,0,0,0,0,1,0,0,5,5,0,2,0,0,0,1,2,2,1,2,2,0,0,0,0,0,0,0,1,2,0,0,1,1,1,2,2,5,0,0,3,1,0,0,0,0,0,0,1,2,0,0,0,0,1,0,0,1,2,0,1,2,0,0,0,0,5,3,1,0,0,0,0,0,0,0,0,0,0,0,5,0,75,4,4,2,73.5,0.163,0.041,,,,0.163,,,,,,,,,,,,,,,,,,,,,,,,,,,,,,8.0
RPath,606,sidewalks,90.874,HMAC,1,2,2,1,2,0,0,0,0,0,0,0,1,2,0,1,0,0,0,0,0,1,2,0,0,5,0,2,0,0,0,1,2,2,1,2,2,0,0,0,0,0,0,0,1,2,0,0,1,1,1,2,2,5,0,0,3,1,0,0,0,0,0,0,1,2,2,0,0,0,1,0,0,1,2,0,1,2,0,0,0,0,5,3,0,0,0,0,0,0,0,0,0,0,0,0,5,0,76,4,4,2,90.9,0.083,0.021,,,,0.083,,,,,,,,,,,,,,,,,,,,,,,,,,,,,,8.0
RPath,607,sidewalks,172.803,HMAC,1,2,2,1,2,0,0,0,0,0,0,0,1,2,0,1,2,0,0,0,0,1,2,0,5,0,0,2,0,0,0,1,2,2,1,2,2,0,0,0,0,0,0,0,1,2,0,0,1,1,1,2,2,5,0,0,3,1,0,0,0,0,0,0,1,2,2,0,0,0,1,0,0,1,2,0,1,2,0,0,0,0,5,3,1,0,0,0,0,0,0,0,0,0,0,0,5,0,79,4,4,1,176.8,0.034,0.008,,,,0.034,,,,,,,,,,,,,,,,,,,,,,,,,,,,,,4.0
RPath,610,sidewalks,266.531,HMAC,1,2,2,1,2,2,1,2,0,0,0,0,1,2,2,0,0,0,0,0,0,1,2,2,0,5,0,2,0,0,0,1,0,0,1,2,2,0,0,0,0,0,0,0,1,0,0,0,0,0,1,2,2,5,0,0,3,1,0,0,0,0,0,0,1,0,0,0,0,0,1,2,2,1,2,0,1,2,2,0,0,0,0,3,1,0,0,0,0,0,0,0,0,0,0,0,5,0,74,4,4,2,265.5,0.068,0.025,,,,0.056,0.011,,,,,,,,,,,,,,,,,,,,,,,,,,,,,8.0
RPath,611,sidewalks,275.572,HMAC,1,2,0,1,2,2,1,2,0,0,0,0,1,2,2,1,2,2,0,0,0,1,2,0,0,5,0,2,0,0,0,0,0,0,1,2,2,0,0,0,0,0,0,0,1,2,2,0,0,0,1,2,2,5,5,0,3,1,0,0,0,0,0,0,0,0,0,0,0,0,1,2,2,1,2,2,1,2,0,0,0,0,0,0,1,0,1,0,0,0,0,0,0,0,0,0,5,0,80,4,4,2,275.3,0.071,0.030,,,,0.054,0.016,,,,,,,,,,,,,,,,,,,,,,,,,,,,,8.0
RPath,612,sidewalks,76.07,HMAC,1,2,0,1,2,0,1,2,0,0,0,0,1,2,2,1,2,0,0,0,0,1,2,2,0,5,0,2,0,0,0,0,0,0,1,2,2,0,0,0,0,0,0,0,1,2,2,0,0,0,1,2,2,5,5,0,3,1,0,0,0,0,0,0,0,0,0,0,0,0,1,2,2,1,2,0,1,0,0,0,0,0,0,3,1,0,1,1,0,0,0,0,0,1,0,0,5,0,79,4,4,2,76.6,0.059,0.029,,,,0.039,0.020,,,,,,,,,,,,,,,,,,,,,,,,,,,,,8.0
RPath,613,sidewalks,64.069,HMAC,1,2,2,1,2,0,1,0,0,0,0,0,1,2,0,1,2,0,0,0,0,0,0,0,0,5,0,2,0,0,0,0,0,0,0,0,0,0,0,0,0,0,0,0,0,0,0,0,1,1,1,2,2,5,5,0,3,1,0,0,0,0,0,0,0,0,0,0,0,0,0,0,0,0,0,0,1,2,2,0,0,0,5,3,1,1,1,0,0,0,0,0,0,0,0,0,5,0,64,4,3,5,61.7,0.680,0.680,,,,,0.656,,,,,,,,,,,0.024,,,,,,,,,,,,,,,,,,15.0
RPath,616,sidewalks,182.995,HMAC,1,2,2,1,0,0,0,0,0,0,0,0,0,0,0,1,2,2,0,0,0,0,0,0,0,5,0,2,0,0,0,0,0,0,1,2,2,0,0,0,1,2,0,0,1,2,2,0,1,1,1,2,2,5,5,0,3,1,0,0,0,0,0,0,1,2,0,0,0,0,0,0,0,0,0,0,1,2,2,0,0,0,0,0,1,1,1,0,0,0,0,0,0,0,0,0,5,0,68,4,4,4,190.1,0.450,0.450,,,,,0.402,,,,,,,0.039,,,,0.008,,,,,,,,,,,,,,,,,,16.0
RPath,617,sidewalks,38.031,HMAC,1,2,2,1,2,0,1,0,0,1,2,0,1,2,2,0,0,0,0,0,0,0,0,0,0,5,0,2,0,0,0,0,0,0,1,2,2,0,0,0,0,0,0,0,1,2,2,0,1,0,1,2,2,5,5,0,3,1,0,0,0,0,0,0,0,0,0,0,0,0,0,0,0,1,2,2,1,2,0,0,0,0,0,3,1,1,0,0,0,0,0,0,0,0,0,0,5,0,72,4,4,3,37.9,0.119,0.119,,,,,0.119,,,,,,,,,,,,,,,,,,,,,,,,,,,,,12.0
RPath,620,sidewalks,70.346,HMAC,1,0,0,1,0,0,1,0,0,0,0,0,1,0,0,0,0,0,0,0,0,0,0,0,0,5,0,2,0,0,0,1,0,0,1,2,2,0,0,0,1,2,0,0,0,0,0,0,1,1,1,2,2,5,0,4,3,1,0,0,0,0,0,0,0,0,0,0,0,0,0,0,0,1,2,0,1,0,0,0,0,0,0,3,1,1,1,0,0,0,0,0,0,0,0,0,5,0,55,3,3,5,73.0,0.781,0.781,,,,,0.761,,,,,,,,,,,0.021,,,,,,,,,,,,,,,,,,15.0
RPath,621,sidewalks,72.462,HMAC,1,2,0,1,2,2,1,2,0,0,0,0,1,2,2,1,2,2,0,0,0,1,2,0,0,0,0,2,0,0,0,0,0,0,1,2,2,0,0,0,0,0,0,0,1,2,2,0,0,0,1,2,2,5,5,0,3,1,0,0,0,0,0,0,0,0,0,0,0,0,1,2,2,1,2,0,1,0,0,0,0,0,0,3,1,0,1,0,0,0,0,0,0,0,0,0,5,0,74,4,4,2,70.6,0.064,0.016,,,,0.064,,,,,,,,,,,,,,,,,,,,,,,,,,,,,,8.0
RPath,622,sidewalks,350.64,HMAC,1,2,0,1,2,0,1,2,0,0,0,0,1,2,2,1,2,0,0,0,0,1,2,0,0,5,0,2,0,0,0,0,0,0,1,2,2,0,0,0,0,0,0,0,1,2,2,0,0,0,1,2,2,5,5,0,3,1,0,0,0,0,0,0,0,0,0,0,0,0,1,2,2,1,2,2,1,2,2,0,0,0,0,3,1,0,1,0,0,0,0,0,0,0,0,0,5,0,81,4,4,2,350.8,0.073,0.025,,,,0.064,0.009,,,,,,,,,,,,,,,,,,,,,,,,,,,,,8.0
RPath,626,sidewalks,107.859,HMAC,1,2,2,1,2,2,0,0,0,0,0,0,0,0,0,1,2,2,0,0,0,0,0,0,0,5,0,2,0,0,0,0,0,0,1,2,2,0,0,0,0,0,0,0,1,0,0,0,1,1,1,2,2,5,5,4,0,1,0,0,0,0,0,0,1,0,0,0,0,0,0,0,0,0,0,0,1,2,0,0,0,0,0,3,0,0,0,0,0,0,1,0,0,0,0,0,5,0,63,3,3,4,107.9,0.264,0.254,0.083,,,0.014,0.167,,,,,,,,,,,,,,,,,,,,,,,,,,,,,12.0
RPath,627,sidewalks,108.115,HMAC,1,2,2,1,2,2,0,0,0,0,0,0,0,0,0,1,2,2,0,0,0,0,0,0,0,5,0,2,0,0,0,0,0,0,1,2,2,0,0,0,0,0,0,0,1,0,0,0,1,1,1,2,2,5,5,4,0,1,0,0,0,0,0,0,1,0,0,0,0,0,0,0,0,0,0,0,1,2,0,0,0,0,5,3,1,0,0,0,0,0,1,0,0,0,0,0,5,0,69,4,4,2,108.1,0.069,0.021,,,,0.055,,,,,,,,,,,,,0.014,,,,,,,,,,,,,,,,,8.0
RPath,628,sidewalks,84.464,HMAC,1,2,2,0,0,0,0,0,0,0,0,0,1,2,2,1,2,2,0,0,0,0,0,0,0,5,0,2,0,0,0,0,0,0,1,2,2,0,0,0,0,0,0,0,0,0,0,0,0,0,1,0,0,5,5,0,0,1,0,0,0,0,0,0,0,0,0,0,0,0,0,0,0,1,2,0,1,2,0,0,0,0,0,3,1,1,0,0,0,0,0,0,0,0,0,0,5,0,55,3,3,3,83.1,0.235,0.113,,,,0.108,0.054,0.018,0.054,,,,,,,,,,,,,,,,,,,,,,,,,,,9.0
RPath,629,sidewalks,178.439,HMAC,1,2,2,1,2,0,1,0,0,0,0,0,1,2,2,1,2,0,0,0,0,0,0,0,0,5,0,2,0,0,0,0,0,0,1,2,0,0,0,0,0,0,0,0,1,0,0,0,0,0,1,2,2,0,0,0,0,1,0,0,0,0,0,0,0,0,0,0,0,0,1,2,2,1,0,0,1,2,2,0,0,0,5,3,1,0,0,0,0,0,0,0,0,0,0,0,5,0,59,3,3,3,178.4,0.336,0.109,0.025,,,0.303,0.008,,,,,,,,,,,,,,,,,,,,,,,,,,,,,9.0
RPath,631,sidewalks,134.993,HMAC,1,2,2,1,0,0,1,0,0,0,0,0,1,2,0,0,0,0,0,0,0,0,0,0,0,0,0,2,0,0,0,0,0,0,1,2,2,0,0,0,0,0,0,0,0,0,0,0,0,0,1,2,2,0,0,4,0,1,0,0,0,0,0,0,0,0,0,0,0,0,0,0,0,1,2,2,1,2,2,0,0,0,5,3,1,1,1,0,0,0,0,0,0,0,0,0,5,0,53,3,3,2,136.8,0.274,0.077,0.011,,,0.263,,,,,,,,,,,,,,,,,,,,,,,,,,,,,,6.0
RPath,632,sidewalks,208.708,HMAC,1,2,2,1,2,2,1,2,0,0,0,0,1,2,2,1,2,2,0,0,0,1,0,0,0,5,0,2,0,0,0,1,0,0,1,2,2,0,0,0,0,0,0,5,1,2,2,0,0,0,1,2,2,5,5,4,0,1,0,0,0,1,0,0,1,2,0,1,2,0,0,0,0,1,2,0,1,2,2,0,0,0,5,3,1,0,1,0,0,0,0,0,0,1,2,0,5,0,100,5,5,5,208.6,0.892,0.892,,,,,0.892,,,,,,,,,,,,,,,,,,,,,,,,,,,,,25.0
RPath,634,sidewalks,333.807,HMAC,1,2,2,1,2,0,0,0,0,0,0,0,1,2,2,1,2,2,0,0,0,0,0,0,5,5,0,2,0,0,0,1,2,2,1,2,2,0,0,0,0,0,0,0,1,2,2,0,0,0,1,2,2,5,5,4,0,1,0,0,0,1,2,0,1,2,2,1,2,0,1,0,0,1,2,0,1,0,0,0,0,0,5,0,1,1,1,0,0,0,0,0,0,1,2,0,5,0,97,5,5,3,335.4,0.241,0.208,,,,0.004,0.161,,,,,,,0.018,0.040,,,0.013,,0.004,,,,,,,,,,,,,,,,15.0
RPath,636,sidewalks,167.289,HMAC,1,2,2,1,2,0,0,0,0,0,0,0,1,2,2,1,2,2,0,0,0,1,0,0,0,5,0,2,0,0,0,1,2,0,1,2,2,0,0,0,1,0,0,0,1,2,2,0,0,0,1,2,2,5,5,0,0,1,0,0,0,1,2,0,1,2,0,1,2,2,0,0,0,1,0,0,1,2,0,0,0,0,5,3,1,0,1,0,0,0,0,0,0,1,2,0,5,0,89,5,5,5,201.5,0.781,0.781,,,,,0.781,,,,,,,,,,,,,,,,,,,,,,,,,,,,,25.0
RPath,637,sidewalks,319.562,CON,1,2,2,1,2,2,1,2,0,0,0,0,1,2,2,1,0,0,0,0,0,0,0,0,0,5,0,2,0,0,0,0,0,0,1,2,2,0,0,0,0,0,0,5,1,0,0,0,1,1,1,2,2,5,5,0,0,1,0,0,0,0,0,0,1,0,0,0,0,0,1,0,0,1,2,2,1,2,2,0,0,0,5,3,1,0,1,1,2,0,0,0,0,0,0,0,5,0,85,5,4,2,319.8,0.188,0.077,,,0.019,0.122,0.009,,,,,,,,,,,,0.038,,,,,,,,,,,,,,,,,8.0
RPath,638,sidewalks,83.334,HMAC,1,2,0,1,2,0,1,2,0,0,0,0,1,0,0,1,0,0,0,0,0,1,0,0,0,0,0,2,0,0,0,0,0,0,1,2,2,0,0,0,0,0,0,5,1,2,0,0,1,1,1,2,2,5,5,0,0,1,0,0,0,0,0,0,1,0,0,0,0,0,1,0,0,1,2,0,1,2,2,0,0,0,5,3,0,0,1,1,2,0,0,0,0,0,0,0,5,0,72,4,4,2,83.3,0.360,0.099,,,,0.324,,,,,,,,,,,,,0.036,,,,,,,,,,,,,,,,,8.0
RPath,640,sidewalks,103.122,HMAC,1,2,0,1,2,0,0,0,0,0,0,0,1,2,0,1,2,0,0,0,0,0,0,0,5,0,0,2,0,0,0,1,2,2,1,2,2,0,0,0,0,0,0,0,1,2,0,0,1,0,1,2,2,0,5,0,3,0,0,0,0,0,0,0,1,0,0,0,0,0,1,2,0,1,2,0,1,2,0,0,0,0,0,3,1,0,0,1,0,0,0,0,0,0,0,0,5,0,66,4,3,2,180.2,0.108,0.027,,,,0.108,,,,,,,,,,,,,,,,,,,,,,,,,,,,,,6.0
RPath,641,sidewalks,82.649,HMAC,1,2,0,1,0,0,0,0,0,0,0,0,1,2,2,1,2,2,1,0,0,0,0,0,5,0,0,2,0,0,0,1,2,2,1,2,2,0,0,0,0,0,0,5,1,2,2,0,1,1,1,2,2,5,5,0,3,1,0,0,0,0,0,0,1,2,0,0,0,0,1,2,0,1,2,2,1,2,0,0,0,0,5,3,1,0,0,1,2,0,0,0,0,0,0,0,5,0,94,5,5,2,82.7,0.345,0.086,,,,0.345,,,,,,,,,,,,,,,,,,,,,,,,,,,,,,10.0
RPath,642,sidewalks,255.732,HMAC,1,2,0,0,0,0,0,0,0,0,0,0,1,2,2,1,2,0,1,2,2,0,0,0,5,5,0,0,0,0,0,1,2,2,1,2,2,0,0,0,0,0,0,0,1,2,2,0,1,1,1,2,2,0,5,0,3,0,0,0,0,0,0,0,1,2,0,0,0,0,1,0,0,1,2,0,1,0,0,0,0,0,0,0,1,1,1,1,0,0,0,0,0,0,0,0,5,0,73,4,4,5,255.6,0.828,0.813,,,,,0.798,,,,,,,,,,,,0.029,,,,,,,,,,,,,,,,,20.0
RPath,643,sidewalks,143.182,HMAC,1,2,2,0,0,0,0,0,0,0,0,0,1,2,0,1,2,0,1,0,0,0,0,0,5,0,3,0,0,0,0,1,2,2,1,2,2,0,0,0,0,0,0,0,1,2,2,0,1,1,1,2,2,5,5,0,3,1,0,0,0,0,0,0,1,0,0,0,0,0,1,0,0,1,2,0,1,2,0,0,0,0,0,3,1,1,1,1,0,0,0,0,0,0,0,0,5,0,76,4,4,5,144.1,0.708,0.708,,,,,0.698,,,,,,,0.010,,,,,,,,,,,,,,,,,,,,,,20.0
RPath,644,sidewalks,79.308,CON,1,2,0,1,0,0,0,0,0,0,0,0,1,2,2,1,2,2,1,0,0,0,0,0,5,5,0,0,0,0,0,1,2,2,1,2,2,0,0,0,0,0,0,5,1,2,2,0,1,1,1,2,2,5,5,0,3,1,0,0,0,0,0,0,1,2,0,0,0,0,1,2,0,1,2,2,1,2,0,0,0,0,0,3,0,0,0,1,2,0,0,0,0,0,0,0,5,0,91,5,5,2,79.6,0.188,0.075,,,,0.151,0.038,,,,,,,,,,,,,,,,,,,,,,,,,,,,,10.0
RPath,645,sidewalks,298.144,HMAC,1,2,0,1,0,0,0,0,0,0,0,0,1,2,2,1,2,2,1,2,2,0,0,0,5,0,0,2,0,0,0,1,2,2,1,2,2,0,0,0,0,0,0,0,1,2,2,0,1,1,1,2,2,5,5,0,3,1,0,0,0,0,0,0,1,2,2,0,0,0,1,2,0,1,2,0,1,2,0,0,0,0,0,3,1,0,0,1,0,0,0,0,0,0,0,0,5,0,86,5,5,5,297.8,0.564,0.546,,,,0.005,0.529,,,,,,0.015,,,,0.005,,,0.010,,,,,,,,,,,,,,,,25.0
RPath,646,sidewalks,81.026,HMAC,1,2,0,1,2,0,0,0,0,0,0,0,1,2,2,1,2,2,0,0,0,0,0,0,5,0,0,2,0,0,0,1,2,2,1,2,2,0,0,0,0,0,0,5,1,2,0,0,1,1,1,2,2,5,5,0,0,1,0,0,0,0,0,0,1,2,2,0,0,0,1,2,2,1,2,2,1,2,2,0,0,0,5,3,0,0,0,1,2,0,0,0,0,0,0,0,5,0,95,5,5,2,84.5,0.319,0.080,,,,0.319,,,,,,,,,,,,,,,,,,,,,,,,,,,,,,10.0
RPath,647,sidewalks,198.175,HMAC,1,2,0,1,2,0,1,0,0,0,0,0,1,2,2,1,2,2,0,0,0,0,0,0,0,5,0,2,0,0,0,1,2,0,1,2,2,0,0,0,0,0,0,5,1,2,0,0,1,1,1,2,2,5,5,0,0,1,0,0,0,0,0,0,1,2,2,0,0,0,1,2,2,1,2,0,1,2,2,0,0,0,5,3,0,0,1,1,2,2,0,0,0,0,0,0,5,0,95,5,5,2,279.9,0.241,0.066,,,,0.230,0.005,,,,,,,,,,,,0.005,,,,,,,,,,,,,,,,,10.0
RPath,649,sidewalks,82.268,HMAC,1,2,0,1,2,0,0,0,0,1,0,0,1,2,2,0,0,0,0,0,0,0,0,0,0,0,0,2,0,0,0,0,0,0,1,2,0,0,0,0,0,0,0,5,1,2,0,0,1,1,1,2,2,5,0,0,3,1,0,0,0,0,0,0,1,0,0,0,0,0,0,0,0,1,2,0,1,2,2,0,0,0,5,3,1,0,0,0,0,0,0,0,0,0,0,0,5,0,64,4,3,2,81.6,0.074,0.074,0.055,,,,0.018,,,,,,,,,,,,,,,,,,,,,,,,,,,,,6.0
RPath,650,sidewalks,81.146,HMAC,1,0,0,1,0,0,0,0,0,1,0,0,1,2,2,0,0,0,0,0,0,1,0,0,0,5,0,2,0,0,0,0,0,0,1,2,2,0,0,0,0,0,0,5,1,0,0,0,1,1,1,2,2,5,0,0,3,1,0,0,0,0,0,0,1,2,0,1,0,0,1,0,0,1,2,0,1,2,0,0,0,0,5,3,0,0,0,0,0,0,0,0,0,0,0,0,5,0,67,4,4,3,81.3,0.277,0.111,,,,0.221,0.018,,,0.037,,,,,,,,,,,,,,,,,,,,,,,,,,12.0
RPath,651,sidewalks,81.501,CON,1,2,0,1,2,0,1,2,0,0,0,0,0,0,0,0,0,0,0,0,0,0,0,0,0,0,0,2,0,0,0,0,0,0,1,2,2,0,0,0,0,0,0,5,1,2,0,0,0,0,1,2,0,5,0,4,3,1,0,0,0,0,0,0,0,0,0,0,0,0,1,0,0,0,0,0,1,2,2,0,0,0,0,3,1,0,0,0,0,0,0,0,0,0,0,0,5,0,55,3,3,2,80.6,0.279,0.070,,,,0.279,,,,,,,,,,,,,,,,,,,,,,,,,,,,,,6.0
RPath,652,sidewalks,83.99,CON,1,2,0,1,2,0,1,2,0,0,0,0,0,0,0,0,0,0,0,0,0,0,0,0,0,0,0,2,0,0,0,0,0,0,1,2,2,0,0,0,0,0,0,5,1,2,0,0,0,0,1,2,0,0,0,0,3,1,0,0,0,0,0,0,0,0,0,0,0,0,1,0,0,0,0,0,1,2,2,0,0,0,0,3,0,0,1,0,0,0,0,0,0,0,0,0,5,0,46,3,2,3,81.7,0.275,0.151,,,,0.165,0.110,,,,,,,,,,,,,,,,,,,,,,,,,,,,,6.0
RPath,653,sidewalks,316.872,HMAC,1,2,2,1,0,0,1,0,0,1,2,2,1,2,2,0,0,0,0,0,0,1,2,0,0,0,0,2,0,0,0,0,0,0,1,2,2,0,0,0,0,0,0,5,1,2,2,0,0,0,1,2,2,0,5,0,0,1,0,0,0,0,0,0,1,2,0,1,2,0,1,2,0,1,2,0,1,2,0,0,0,0,0,3,0,0,0,0,0,0,0,0,0,0,0,0,5,0,71,4,4,3,317.1,0.227,0.177,,,0.005,0.057,0.005,,,0.147,,,,,,,,,0.014,,,,,,,,,,,,,,,,,12.0
RPath,656,sidewalks,208.123,HMAC,1,2,2,0,0,0,0,0,0,0,0,0,1,2,2,1,2,2,0,0,0,0,0,0,0,5,0,2,0,0,0,0,0,0,1,2,2,0,0,0,0,0,0,0,1,0,0,0,0,0,1,0,0,5,5,0,3,1,0,0,0,0,0,0,0,0,0,0,0,0,0,0,0,1,0,0,1,2,2,0,0,0,0,3,1,1,0,0,0,0,0,0,0,0,0,0,5,0,59,3,3,2,208.1,0.086,0.022,,,,0.086,,,,,,,,,,,,,,,,,,,,,,,,,,,,,,6.0
RPath,657,sidewalks,233.677,HMAC,1,2,2,1,0,0,1,0,0,0,0,0,1,2,2,1,2,0,0,0,0,0,0,0,0,5,0,2,0,0,0,0,0,0,1,2,2,0,0,0,0,0,0,0,1,0,0,0,0,0,1,0,0,0,0,0,0,1,0,0,0,0,0,0,0,0,0,0,0,0,0,0,0,1,0,0,1,2,2,0,0,0,0,3,1,1,0,0,0,0,0,0,0,0,0,0,5,0,46,3,2,2,233.7,0.064,0.026,,,,0.045,0.013,,,,,,,,0.006,,,,,,,,,,,,,,,,,,,,,4.0
RPath,658,sidewalks,300.15,HMAC,1,2,0,1,0,0,1,0,0,0,0,0,1,2,2,1,2,2,0,0,0,0,0,0,0,5,0,2,0,0,0,0,0,0,1,2,2,0,0,0,0,0,0,0,1,0,0,0,0,0,1,0,0,0,0,0,0,1,0,0,0,0,0,0,0,0,0,0,0,0,0,0,0,1,2,0,1,2,0,0,0,0,0,3,0,1,0,0,0,0,0,0,0,0,0,0,5,0,45,2,2,2,300.1,0.070,0.029,,,,0.055,0.015,,,,,,,,,,,,,,,,,,,,,,,,,,,,,4.0
RPath,659,sidewalks,118.772,HMAC,1,2,2,0,0,0,0,0,0,0,0,0,1,2,2,1,2,2,0,0,0,0,0,0,0,5,0,2,0,0,0,0,0,0,1,2,2,0,0,0,0,0,0,0,1,0,0,0,0,0,1,0,0,5,5,0,0,1,0,0,0,0,0,0,0,0,0,0,0,0,0,0,0,1,2,0,1,2,2,0,0,0,5,3,0,1,0,0,0,0,0,0,0,0,0,0,5,0,62,3,3,2,118.2,0.089,0.032,,,,0.076,0.013,,,,,,,,,,,,,,,,,,,,,,,,,,,,,6.0
RPath,660,sidewalks,208.555,HMAC,1,0,0,1,0,0,0,0,0,1,0,0,1,2,2,0,0,0,0,0,0,1,2,0,0,0,0,2,0,0,0,0,0,0,1,2,2,0,0,0,0,0,0,5,1,0,0,0,1,1,1,2,2,5,0,4,3,1,0,0,0,0,0,0,1,2,0,1,0,0,1,2,0,1,2,2,1,2,0,0,0,0,5,3,0,0,0,0,0,0,0,0,0,0,0,0,5,0,72,4,4,3,208.8,0.273,0.102,,,,0.215,0.014,0.029,,,,,0.007,,,,,,0.007,,,,,,,,,,,,,,,,,12.0
RPath,661,sidewalks,83.433,HMAC,1,0,0,1,0,0,0,0,0,1,0,0,1,2,2,0,0,0,0,0,0,1,2,0,0,5,0,2,0,0,0,0,0,0,1,2,2,0,0,0,0,0,0,5,1,0,0,0,1,1,1,2,2,5,0,4,3,1,0,0,0,0,0,0,1,2,0,1,0,0,1,2,0,1,2,0,1,2,0,0,0,0,5,3,0,0,0,0,0,0,0,0,0,0,0,0,5,0,75,4,4,2,83.1,0.126,0.032,,,,0.108,,,,,,,0.018,,,,,,,,,,,,,,,,,,,,,,,8.0
RPath,662,sidewalks,208.31,CON,1,2,0,1,0,0,1,0,0,1,0,0,1,2,2,0,0,0,0,0,0,1,2,2,0,5,0,2,0,0,0,0,0,0,1,2,0,0,0,0,0,0,0,5,1,0,0,0,1,1,1,2,2,5,0,0,3,1,0,0,0,0,0,0,1,0,0,1,2,0,1,2,0,1,2,0,1,2,2,0,0,0,5,3,1,0,1,0,0,0,0,0,0,0,0,0,5,0,78,4,4,2,208.9,0.136,0.034,,,,0.136,,,,,,,,,,,,,,,,,,,,,,,,,,,,,,8.0
RPath,663,sidewalks,80.03,HMAC,1,2,0,1,0,0,1,0,0,1,0,0,1,2,2,0,0,0,0,0,0,1,2,2,0,5,0,2,0,0,0,0,0,0,1,2,2,0,0,0,0,0,0,5,0,0,0,0,1,1,1,2,2,5,0,0,3,1,0,0,0,0,0,0,1,0,0,1,2,0,1,2,0,1,2,0,1,2,2,0,0,0,5,3,1,0,1,0,0,0,0,0,0,0,0,0,5,0,79,4,4,2,78.7,0.229,0.057,,,,0.229,,,,,,,,,,,,,,,,,,,,,,,,,,,,,,8.0
RPath,664,sidewalks,94.679,CON,1,2,2,1,0,0,1,0,0,1,2,0,1,2,2,0,0,0,0,0,0,1,2,2,0,5,0,2,0,0,0,0,0,0,1,2,0,0,0,0,0,0,0,5,0,0,0,0,1,1,1,2,2,5,0,0,3,1,0,0,0,0,0,0,1,2,0,1,2,2,1,2,2,1,2,0,1,2,2,0,0,0,5,3,1,0,1,0,0,0,0,0,0,0,0,0,5,0,87,5,5,2,95.2,0.126,0.091,,,,0.047,0.079,,,,,,,,,,,,,,,,,,,,,,,,,,,,,10.0
RPath,665,sidewalks,85.347,HMAC,1,2,2,1,2,2,1,2,2,1,0,0,1,2,2,0,0,0,0,0,0,1,2,0,0,5,0,2,0,0,0,0,0,0,1,0,0,0,0,0,0,0,0,5,1,0,0,0,1,0,1,2,0,5,0,0,3,1,0,0,0,0,0,0,1,2,0,1,2,0,1,2,0,1,0,0,1,2,0,0,0,0,0,3,1,0,1,0,0,0,0,0,0,0,0,0,5,0,74,4,4,2,78.7,0.248,0.062,,,,0.248,,,,,,,,,,,,,,,,,,,,,,,,,,,,,,8.0
RPath,666,sidewalks,79.658,CON,1,2,2,1,2,2,1,2,2,1,0,0,1,2,2,0,0,0,0,0,0,1,2,0,0,0,0,2,0,0,0,0,0,0,1,0,0,0,0,0,0,0,0,5,1,0,0,0,1,1,1,2,2,5,0,0,3,1,0,0,0,0,0,0,1,2,0,1,2,0,1,2,0,1,0,0,1,2,0,0,0,0,0,3,1,0,1,1,0,0,0,0,0,0,0,0,5,0,73,4,4,1,75.1,0.020,0.005,,,,0.020,,,,,,,,,,,,,,,,,,,,,,,,,,,,,,4.0
RPath,668,sidewalks,75.467,HMAC,1,2,2,1,2,2,1,2,0,1,0,0,1,2,2,0,0,0,0,0,0,0,0,0,0,0,0,2,1,2,0,0,0,0,1,2,2,0,0,0,0,0,0,5,1,2,0,0,0,0,1,2,0,0,0,0,0,1,0,0,0,0,0,0,1,2,2,0,0,0,0,0,0,1,2,0,1,2,0,0,0,0,5,3,1,0,0,0,0,0,0,0,0,0,0,0,5,0,66,4,3,3,78.8,0.324,0.152,,,,0.228,0.095,,,,,,,,,,,,,,,,,,,,,,,,,,,,,9.0
RPath,669,sidewalks,107.474,CON,1,2,2,1,2,0,1,0,0,1,2,0,1,2,2,1,0,0,0,0,0,0,0,0,0,0,0,2,1,2,2,0,0,0,1,2,2,0,0,0,0,0,0,5,1,2,0,0,0,0,1,2,0,5,5,0,0,1,0,0,0,1,0,0,1,2,2,0,0,0,0,0,0,1,2,0,1,2,2,0,0,0,5,3,0,0,0,0,0,0,0,0,0,1,0,0,5,0,80,4,4,4,107.3,0.377,0.370,,,,,0.363,,,,,,,,,,,,0.014,,,,,,,,,,,,,,,,,16.0
RPath,670,sidewalks,107.088,HMAC,1,2,2,1,2,2,1,2,0,1,0,0,1,2,2,1,0,0,0,0,0,0,0,0,0,5,0,2,1,2,0,0,0,0,1,2,0,0,0,0,0,0,0,5,1,2,0,0,0,0,1,2,0,5,5,0,0,1,0,0,0,1,0,0,1,2,2,0,0,0,0,0,0,1,0,0,1,2,2,0,0,0,5,3,1,0,0,1,0,0,0,0,0,1,0,0,5,0,83,5,4,2,105.0,0.357,0.089,,,,0.357,,,,,,,,,,,,,,,,,,,,,,,,,,,,,,8.0
RPath,671,sidewalks,76.396,HMAC,1,2,0,1,2,0,1,0,0,1,2,0,1,2,2,1,0,0,0,0,0,0,0,0,0,5,0,2,1,2,2,0,0,0,1,2,2,0,0,0,0,0,0,5,1,2,0,0,0,0,1,2,0,5,5,0,0,1,0,0,0,1,0,0,1,2,2,0,0,0,0,0,0,1,0,0,1,2,2,0,0,0,5,3,1,0,0,1,0,0,0,0,0,1,0,0,5,0,83,5,4,4,76.4,0.255,0.255,,,,,0.236,,,,,,,,,,,0.020,,,,,,,,,,,,,,,,,,16.0
RPath,672,sidewalks,108.1,HMAC,1,2,0,1,2,0,1,0,0,1,2,0,1,2,0,1,0,0,0,0,0,0,0,0,0,0,0,2,1,2,2,0,0,0,1,2,2,0,0,0,0,0,0,5,1,2,2,0,0,0,1,2,2,5,5,0,0,1,0,0,0,1,0,0,1,2,2,0,0,0,0,0,0,1,2,0,1,2,2,0,0,0,5,3,0,0,0,0,0,0,0,0,0,1,0,0,5,0,80,4,4,3,107.9,0.362,0.101,,,,0.348,0.014,,,,,,,,,,,,,,,,,,,,,,,,,,,,,12.0
RPath,673,sidewalks,75.209,HMAC,1,2,0,1,2,0,1,0,0,1,2,0,1,2,2,1,0,0,0,0,0,0,0,0,0,0,0,2,1,2,2,0,0,0,1,2,2,0,0,0,0,0,0,5,1,2,0,0,0,0,1,2,0,5,5,0,0,1,0,0,0,1,0,0,1,2,2,0,0,0,0,0,0,1,0,0,1,2,2,0,0,0,5,3,1,0,0,1,0,0,0,0,0,1,0,0,5,0,78,4,4,3,75.2,0.758,0.220,0.040,,,0.718,,,,,,,,,,,,,,,,,,,,,,,,,,,,,,12.0
RPath,674,sidewalks,75.671,HMAC,1,2,0,1,2,0,1,0,0,1,2,0,1,2,0,1,0,0,0,0,0,0,0,0,0,5,0,2,1,2,2,0,0,0,1,2,2,0,0,0,0,0,0,5,1,2,2,0,0,0,1,2,2,5,5,0,0,1,0,0,0,1,2,0,1,2,2,0,0,0,0,0,0,1,2,0,1,2,2,0,0,0,5,3,1,0,0,0,0,0,0,0,0,1,0,0,5,0,88,5,5,4,74.5,0.685,0.332,,,,0.443,0.201,,,,,,,,,,,,0.040,,,,,,,,,,,,,,,,,20.0
RPath,675,sidewalks,77.713,HMAC,1,2,0,1,2,0,1,0,0,1,0,0,1,2,2,1,0,0,0,0,0,0,0,0,0,5,0,2,1,2,0,0,0,0,1,2,0,0,0,0,0,0,0,5,1,2,0,0,0,0,1,2,0,5,5,0,3,1,0,0,0,1,0,0,1,2,2,0,0,0,0,0,0,1,2,0,1,2,2,0,0,0,5,3,1,0,0,1,0,0,0,0,0,1,0,0,5,0,82,4,4,3,78.9,0.704,0.176,,,,0.704,,,,,,,,,,,,,,,,,,,,,,,,,,,,,,12.0
RPath,676,sidewalks,75.478,HMAC,1,2,0,1,2,0,1,2,0,1,2,0,1,2,2,1,0,0,0,0,0,0,0,0,0,5,0,2,1,2,0,0,0,0,1,0,0,0,0,0,1,0,0,5,1,2,0,0,0,0,1,2,0,5,5,0,3,1,0,0,0,0,0,0,1,2,2,0,0,0,0,0,0,1,2,2,1,2,2,0,0,0,5,3,1,0,0,1,2,0,0,0,0,1,0,0,5,0,88,5,5,2,75.1,0.260,0.080,0.020,,,0.240,,,,,,,,,,,,,,,,,,,,,,,,,,,,,,10.0
RPath,677,sidewalks,80.787,HMAC,1,2,0,1,2,0,1,2,0,1,2,0,1,2,2,0,0,0,0,0,0,1,0,0,5,5,0,2,1,2,0,0,0,0,1,2,0,0,0,0,1,2,0,5,1,2,2,0,1,0,1,2,0,5,5,0,0,1,1,0,0,0,0,0,1,2,0,0,0,0,0,0,0,1,2,2,1,2,0,0,0,0,5,3,1,0,0,1,2,0,0,0,0,0,0,0,5,0,93,5,5,3,76.3,0.256,0.157,,,,0.118,0.118,,,,,,,,,,,,0.020,,,,,,,,,,,,,,,,,15.0
RPath,679,sidewalks,79.603,HMAC,1,2,0,1,2,0,1,2,0,1,2,0,1,2,2,0,0,0,0,0,0,1,0,0,0,5,0,2,1,2,0,0,0,0,1,2,0,0,0,0,1,2,0,5,1,2,2,0,1,0,1,2,2,5,5,0,3,1,1,0,0,0,0,0,1,0,0,0,0,0,0,0,0,1,2,2,1,2,0,0,0,0,5,3,1,0,1,1,2,0,0,0,0,0,0,0,5,0,92,5,5,3,78.1,0.326,0.125,,,0.019,0.269,0.038,,,,,,,,,,,,,,,,,,,,,,,,,,,,,15.0
RPath,680,sidewalks,78.724,HMAC,1,2,2,1,2,0,1,0,0,1,2,2,1,2,2,0,0,0,0,0,0,1,0,0,5,0,0,2,1,2,0,0,0,0,1,2,0,0,0,0,1,2,0,5,1,2,2,0,1,0,1,2,2,5,5,0,3,1,1,0,0,0,0,0,1,0,0,0,0,0,0,0,0,1,2,2,1,2,0,0,0,0,5,3,1,0,1,1,2,0,0,0,0,0,0,0,5,0,94,5,5,3,77.0,0.507,0.200,0.058,,,0.409,,0.039,,,,,,,,,,,,,,,,,,,,,,,,,,,,15.0
RPath,681,sidewalks,278.305,HMAC,1,2,2,1,0,0,0,0,0,0,0,0,1,2,2,1,2,2,0,0,0,1,2,0,5,0,0,2,1,0,0,1,2,2,1,2,2,0,0,0,1,2,0,5,1,2,0,0,1,0,1,2,2,5,5,0,3,1,1,0,0,1,2,2,1,2,2,1,2,0,1,2,0,1,0,0,1,0,0,0,0,0,5,3,1,0,1,1,0,0,0,0,0,0,0,0,5,0,103,5,5,4,278.4,0.523,0.455,,,,0.086,0.426,,,,,,,0.005,,,0.005,,,,,,,,,,,,,,,,,,,20.0
RPath,682,sidewalks,116.762,HMAC,1,2,2,1,0,0,0,0,0,0,0,0,1,2,2,1,2,2,0,0,0,1,0,0,0,5,0,2,0,0,0,1,2,2,1,2,2,0,0,0,1,0,0,0,1,2,0,0,0,0,1,2,2,5,5,0,0,1,0,0,0,1,2,0,1,2,0,1,2,2,0,0,0,1,0,0,1,0,0,0,0,0,5,3,1,0,1,0,0,0,0,0,0,1,0,0,5,0,83,5,4,5,116.9,0.899,0.899,,,,,0.899,,,,,,,,,,,,,,,,,,,,,,,,,,,,,20.0
RPath,683,sidewalks,72.871,HMAC,1,2,0,1,2,0,1,0,0,1,2,0,1,2,0,1,0,0,0,0,0,0,0,0,0,0,0,2,1,2,2,0,0,0,1,2,2,0,0,0,0,0,0,5,1,2,2,0,0,0,1,2,2,5,5,0,0,1,0,0,0,1,0,0,1,2,2,0,0,0,0,0,0,1,2,0,1,2,2,0,0,0,5,3,1,0,0,0,0,0,0,0,0,1,0,0,5,0,81,4,4,3,73.3,0.389,0.148,,,,0.307,0.061,,,,,,,,,,,,0.020,,,,,,,,,,,,,,,,,12.0
RPath,684,sidewalks,107.108,CON,1,2,0,1,2,0,1,0,0,1,2,0,1,2,0,1,0,0,0,0,0,0,0,0,5,0,0,2,1,2,2,0,0,0,1,2,2,0,0,0,0,0,0,5,1,2,2,0,0,0,1,2,2,5,5,0,0,1,0,0,0,1,0,0,1,2,2,0,0,0,0,0,0,1,2,0,1,2,2,0,0,0,5,3,1,0,0,0,0,0,0,0,0,1,0,0,5,0,86,5,5,2,108.5,0.138,0.052,,,,0.069,,,,,,,,,,,,,0.069,,,,,,,,,,,,,,,,,10.0
RPath,685,sidewalks,97.498,HMAC,1,2,0,1,2,0,1,0,0,1,2,2,1,2,0,1,0,0,0,0,0,0,0,0,5,5,0,2,1,2,2,0,0,0,1,2,2,0,0,0,0,0,0,5,1,2,2,0,0,0,1,2,2,5,5,0,0,1,0,0,0,1,0,0,1,2,2,0,0,0,0,0,0,1,2,0,1,2,2,0,0,0,5,3,1,0,0,0,0,0,0,0,0,1,0,0,5,0,93,5,5,4,98.7,0.334,0.334,0.046,,,,0.289,,,,,,,,,,,,,,,,,,,,,,,,,,,,,20.0
RPath,686,sidewalks,72.327,HMAC,1,2,2,1,0,0,0,0,0,1,2,2,1,2,2,1,0,0,0,0,0,0,0,0,5,5,0,2,1,2,2,0,0,0,1,2,2,0,0,0,0,0,0,5,1,2,2,0,0,0,1,2,2,5,5,0,0,0,0,0,0,1,2,0,1,2,2,0,0,0,0,0,0,1,2,0,1,2,2,0,0,0,5,3,1,1,1,0,0,0,0,0,0,1,0,0,5,0,97,5,5,4,72.1,0.416,0.406,0.021,,,,0.375,,,,,,,,,,,,0.021,,,,,,,,,,,,,,,,,20.0
RPath,687,sidewalks,114.162,CON,1,2,2,1,0,0,0,0,0,1,2,2,1,2,2,1,0,0,0,0,0,0,0,0,5,0,0,2,1,2,2,0,0,0,1,2,2,0,0,0,0,0,0,5,1,2,2,0,1,0,1,2,2,5,5,0,0,1,0,0,0,1,2,0,1,2,0,0,0,0,0,0,0,1,2,0,1,2,2,0,0,0,5,0,1,1,1,1,0,0,0,0,0,1,2,0,5,0,92,5,5,2,114.8,0.248,0.065,,,,0.235,,,,,,,,,,,0.013,,,,,,,,,,,,,,,,,,,10.0
RPath,688,sidewalks,70.269,CON,1,2,2,1,0,0,0,0,0,1,2,2,1,2,2,1,0,0,0,0,0,0,0,0,5,5,0,2,1,2,2,0,0,0,1,2,2,0,0,0,0,0,0,5,1,2,2,0,0,0,1,2,2,5,5,0,0,0,0,0,0,1,2,0,1,2,2,0,0,0,0,0,0,1,2,0,1,2,2,0,0,0,5,3,1,1,1,0,0,0,0,0,0,1,0,0,5,0,97,5,5,2,70.4,0.277,0.069,,,,0.277,,,,,,,,,,,,,,,,,,,,,,,,,,,,,,10.0
RPath,689,sidewalks,85.747,HMAC,1,2,2,1,2,0,1,0,0,1,2,0,1,2,0,0,0,0,0,0,0,0,0,0,0,0,0,2,1,2,0,0,0,0,1,2,2,0,0,0,0,0,0,5,1,2,0,0,0,0,1,2,2,0,5,0,0,1,0,0,0,1,0,0,1,2,2,0,0,0,0,0,0,1,2,2,1,2,2,0,0,0,5,3,1,0,0,0,0,0,0,0,0,0,0,0,5,0,74,4,4,4,85.4,0.386,0.386,0.053,,,,0.316,,,,,,,,,,,0.018,,,,,,,,,,,,,,,,,,16.0
RPath,690,sidewalks,34.214,HMAC,1,2,2,1,2,0,1,0,0,1,2,0,1,2,0,0,0,0,0,0,0,0,0,0,0,0,0,2,1,2,0,0,0,0,1,2,2,0,0,0,0,0,0,5,1,2,0,0,0,0,1,2,2,0,5,0,0,1,0,0,0,1,0,0,1,2,2,0,0,0,0,0,0,1,2,2,1,2,2,0,0,0,5,3,1,0,0,0,0,0,0,0,0,0,0,0,5,0,74,4,4,5,36.8,0.530,0.530,,,,,0.530,,,,,,,,,,,,,,,,,,,,,,,,,,,,,20.0
RPath,691,sidewalks,26.713,HMAC,1,2,2,1,0,0,0,0,0,1,2,0,1,2,0,0,0,0,0,0,0,0,0,0,0,0,0,2,1,2,0,0,0,0,1,2,2,0,0,0,0,0,0,5,1,2,0,0,0,0,1,2,2,5,5,0,3,1,0,0,0,1,0,0,1,2,0,0,0,0,0,0,0,1,2,2,1,2,2,0,0,0,5,0,1,1,1,0,0,0,0,0,0,0,0,0,5,0,76,4,4,4,28.6,0.367,0.367,,,,,0.367,,,,,,,,,,,,,,,,,,,,,,,,,,,,,16.0
RPath,692,sidewalks,159.204,HMAC,1,2,2,1,0,0,0,0,0,1,2,0,1,2,0,0,0,0,0,0,0,0,0,0,5,0,0,2,1,2,0,0,0,0,1,2,2,0,0,0,0,0,0,5,1,2,0,0,0,0,1,2,2,5,5,0,3,1,0,0,0,1,0,0,1,2,0,0,0,0,0,0,0,1,2,2,1,2,2,0,0,0,5,3,1,1,1,0,0,0,0,0,0,0,0,0,5,0,84,5,4,3,161.3,0.242,0.216,,,,0.009,0.195,,,,,,,,,,,,0.037,,,,,,,,,,,,,,,,,12.0
RPath,693,sidewalks,72.76,HMAC,1,2,0,1,0,0,0,0,0,1,2,2,1,2,2,1,2,0,0,0,0,0,0,0,5,0,0,2,1,2,2,0,0,0,1,2,2,0,0,0,0,0,0,0,1,2,0,0,1,0,1,2,2,5,5,0,0,1,0,0,0,1,2,2,1,2,0,0,0,0,0,0,0,1,2,2,1,2,2,0,0,0,0,3,1,1,1,1,0,0,0,0,0,1,2,0,5,0,87,5,5,2,72.8,0.392,0.098,,,,0.371,,,,,,,0.021,,,,,,,,,,,,,,,,,,,,,,,10.0
RPath,694,sidewalks,114.014,HMAC,1,2,0,1,0,0,0,0,0,1,2,2,1,2,0,1,0,0,0,0,0,0,0,0,5,5,0,2,1,2,2,0,0,0,1,2,2,0,0,0,0,0,0,5,1,2,2,0,1,0,1,2,2,5,5,0,0,1,0,0,0,1,2,0,1,2,2,0,0,0,0,0,0,1,2,0,1,2,2,0,0,0,5,3,1,1,1,1,0,0,0,0,0,1,2,0,5,0,98,5,5,2,113.4,0.304,0.089,,,,0.251,,,,,,,,,,,0.013,,0.040,,,,,,,,,,,,,,,,,10.0
RPath,695,sidewalks,34.192,HMAC,1,2,0,1,0,0,0,0,0,1,2,2,1,2,2,1,0,0,0,0,0,0,0,0,5,0,0,2,1,2,2,0,0,0,1,2,2,0,0,0,0,0,0,0,1,2,0,0,1,0,1,2,2,0,5,0,0,1,0,0,0,1,2,0,1,2,0,0,0,0,0,0,0,1,2,0,1,2,2,0,0,0,0,3,1,1,1,1,0,0,0,0,0,1,2,0,5,0,76,4,4,4,34.7,0.519,0.325,,,,0.260,0.260,,,,,,,,,,,,,,,,,,,,,,,,,,,,,16.0
RPath,698,sidewalks,72.177,HMAC,1,2,0,1,0,0,0,0,0,1,2,0,1,2,0,1,2,0,0,0,0,0,0,0,0,0,0,2,1,2,2,0,0,0,1,2,0,0,0,0,0,0,0,5,1,2,0,0,1,0,1,2,2,0,5,0,0,1,0,0,0,1,2,0,1,2,0,0,0,0,0,0,0,1,2,0,1,2,0,0,0,0,5,3,1,1,1,1,0,0,0,0,0,1,2,0,5,0,75,4,4,3,72.3,0.373,0.187,,,,0.249,0.124,,,,,,,,,,,,,,,,,,,,,,,,,,,,,12.0
RPath,699,sidewalks,73.998,HMAC,1,2,0,1,0,0,0,0,0,1,2,0,1,2,0,1,2,0,0,0,0,0,0,0,5,0,0,2,1,2,2,0,0,0,1,2,0,0,0,0,0,0,0,5,1,2,0,0,1,0,1,2,2,0,5,0,0,1,0,0,0,1,2,0,1,2,0,0,0,0,0,0,0,1,2,0,1,2,0,0,0,0,5,3,1,1,1,1,0,0,0,0,0,1,2,0,5,0,80,4,4,4,74.1,0.263,0.253,,,,,0.243,,,,,,,,,,0.020,,,,,,,,,,,,,,,,,,,16.0
RPath,700,sidewalks,72.372,HMAC,1,2,0,0,0,0,0,0,0,1,2,0,1,0,0,0,0,0,0,0,0,1,0,0,5,0,0,2,1,2,2,1,2,0,1,2,2,0,0,0,1,2,2,5,1,2,0,0,1,0,1,2,0,0,0,0,0,1,1,2,0,0,0,0,1,0,0,0,0,0,0,0,0,1,0,0,1,0,0,0,0,0,0,3,1,1,1,1,2,0,0,0,0,0,0,0,5,0,66,4,3,3,73.8,0.467,0.193,0.102,,,0.366,,,,,,,,,,,,,,,,,,,,,,,,,,,,,,9.0
RPath,701,sidewalks,56.156,CON,1,2,2,0,0,0,0,0,0,1,2,2,1,0,0,0,0,0,0,0,0,0,0,0,5,0,0,2,1,2,2,1,2,0,1,2,0,0,0,0,1,2,0,5,1,2,0,0,1,0,1,2,2,0,0,0,3,1,1,0,0,0,0,0,1,2,0,0,0,0,0,0,0,1,0,0,1,0,0,0,0,0,0,3,1,1,1,1,2,0,0,0,0,0,0,0,5,0,70,4,4,3,109.3,0.233,0.147,,,0.014,0.014,0.055,,,,,,,,,,,,0.151,,,,,,,,,,,,,,,,,12.0
RPath,702,sidewalks,73.402,CON,1,2,2,0,0,0,0,0,0,1,2,2,1,0,0,0,0,0,0,0,0,1,0,0,5,0,0,2,1,2,2,1,2,0,1,2,0,0,0,0,1,2,2,5,1,2,0,0,1,0,1,2,2,0,0,0,3,1,1,0,0,0,0,0,1,0,0,0,0,0,0,0,0,1,0,0,1,0,0,0,0,0,0,3,1,1,1,1,2,0,0,0,0,0,0,0,5,0,71,4,4,3,72.4,0.435,0.238,,,,,0.041,,,,,,,,0.249,0.124,,,0.021,,,,,,,,,,,,,,,,,12.0
RPath,703,sidewalks,244.676,CON,1,2,2,1,2,0,1,0,0,1,2,2,1,2,2,0,0,0,0,0,0,1,0,0,5,5,0,2,1,2,2,1,0,0,1,2,0,0,0,0,1,2,0,5,1,2,2,0,1,1,1,2,2,5,5,0,3,1,1,0,0,0,0,0,1,0,0,0,0,0,0,0,0,1,2,0,1,2,0,0,0,0,5,3,1,1,1,1,2,2,0,0,0,0,0,0,5,0,104,5,5,1,243.5,0.018,0.005,,,,0.018,,,,,,,,,,,,,,,,,,,,,,,,,,,,,,5.0
RPath,704,sidewalks,79.65,CON,1,2,2,1,0,0,0,0,0,1,2,2,1,0,0,1,0,0,0,0,0,0,0,0,5,0,0,2,1,2,2,1,0,0,1,2,0,0,0,0,1,2,0,5,1,2,0,0,1,1,1,2,2,0,0,0,3,1,1,0,0,0,0,0,1,0,0,0,0,0,1,0,0,1,2,0,1,0,0,0,0,0,0,3,1,1,1,1,2,2,0,0,0,0,0,0,5,0,74,4,4,3,77.9,0.481,0.120,,,,0.481,,,,,,,,,,,,,,,,,,,,,,,,,,,,,,12.0
RPath,705,sidewalks,110.023,HMAC,1,2,0,0,0,0,0,0,0,1,2,0,1,0,0,1,0,0,0,0,0,0,0,0,5,0,0,2,1,2,2,1,0,0,1,0,0,0,0,0,1,2,0,5,1,2,0,0,1,1,1,2,2,0,5,0,0,1,1,2,0,0,0,0,1,2,0,0,0,0,1,0,0,1,0,0,1,2,0,0,0,0,0,3,1,1,1,1,2,0,1,0,0,1,0,0,5,0,73,4,4,3,110.7,0.528,0.139,,,,0.501,,,,,,,,,,,,,0.027,,,,,,,,,,,,,,,,,12.0
RPath,707,sidewalks,82.025,CON,1,2,2,1,0,0,0,0,0,1,2,2,1,0,0,1,0,0,0,0,0,0,0,0,5,0,0,2,1,2,2,1,0,0,1,0,0,0,0,0,1,2,0,5,1,2,0,0,1,1,1,2,2,0,0,0,0,1,1,0,0,0,0,0,1,2,0,0,0,0,1,0,0,1,2,0,1,2,0,0,0,0,0,3,1,1,1,1,2,0,0,0,0,1,0,0,5,0,72,4,4,2,77.2,0.117,0.034,,,,0.097,,,,,,,,,,,,,0.019,,,,,,,,,,,,,,,,,8.0
RPath,708,sidewalks,75.51,CON,1,2,0,1,0,0,0,0,0,1,2,0,1,0,0,1,0,0,0,0,0,0,0,0,5,0,0,2,1,2,2,1,0,0,1,0,0,0,0,0,1,2,0,5,1,2,0,0,1,1,1,2,2,0,0,0,0,1,1,0,0,0,0,0,1,2,0,0,0,0,1,0,0,1,0,0,1,2,0,0,0,0,0,3,1,1,1,1,2,0,1,0,0,1,0,0,5,0,67,4,4,2,75.3,0.259,0.065,,,,0.139,,,,,,,,,0.119,,,,,,,,,,,,,,,,,,,,,8.0
RPath,710,sidewalks,40.692,CON,1,2,0,1,0,0,0,0,0,1,2,0,1,0,0,1,2,0,0,0,0,0,0,0,5,0,0,0,1,2,2,0,0,0,1,0,0,0,0,0,1,0,0,5,1,2,0,0,1,1,1,2,2,0,0,0,3,1,1,0,0,0,0,0,1,2,2,0,0,0,1,0,0,1,0,0,1,2,0,0,0,0,5,3,1,1,1,1,2,0,1,0,0,1,2,0,5,0,76,4,4,3,74.6,0.382,0.191,,,0.020,0.241,0.101,,,,,,,,,,,,0.020,,,,,,,,,,,,,,,,,12.0
RPath,711,sidewalks,241.755,HMAC,1,2,0,1,2,0,1,0,0,1,2,0,1,2,2,1,2,0,0,0,0,0,0,0,5,0,0,2,1,2,2,0,0,0,1,0,0,0,0,0,0,0,0,5,1,2,0,0,1,1,1,2,2,5,5,0,3,1,1,0,0,0,0,0,1,2,2,0,0,0,1,0,0,1,2,0,1,2,2,0,0,0,5,3,1,1,1,1,2,0,1,0,0,1,2,0,5,0,98,5,5,2,241.9,0.304,0.081,,,,0.298,0.006,,,,,,,,,,,,,,,,,,,,,,,,,,,,,10.0
RPath,712,sidewalks,73.662,CON,1,2,0,1,0,0,0,0,0,1,2,0,1,0,0,1,2,0,0,0,0,0,0,0,5,0,0,0,1,2,2,0,0,0,1,0,0,0,0,0,1,0,0,5,1,2,0,0,1,1,1,2,2,0,0,0,3,1,1,0,0,0,0,0,1,2,2,0,0,0,1,0,0,1,0,0,1,2,0,0,0,0,5,3,1,1,1,1,2,0,1,0,0,1,2,0,5,0,76,4,4,1,73.5,0.000,0.000,,,,,,,,,,,,,,,,,,,,,,,,,,,,,,,,,,4.0
RPath,713,sidewalks,240.468,CON,1,2,0,1,2,0,1,0,0,1,0,0,1,2,2,1,2,0,0,0,0,0,0,0,5,0,0,2,1,2,2,0,0,0,1,2,0,0,0,0,0,0,0,5,1,2,0,0,1,1,1,2,2,5,5,0,3,1,1,0,0,1,0,0,1,2,2,0,0,0,1,0,0,1,2,0,1,2,2,0,0,0,5,3,1,1,1,1,0,0,1,0,0,1,2,0,5,0,97,5,5,1,240.2,0.012,0.003,,,,0.012,,,,,,,,,,,,,,,,,,,,,,,,,,,,,,5.0
RPath,714,sidewalks,77.875,CON,1,0,0,1,0,0,0,0,0,1,0,0,1,0,0,1,2,0,0,0,0,0,0,0,5,0,0,2,1,2,2,0,0,0,1,0,0,0,0,0,0,0,0,5,1,2,0,0,1,1,1,2,2,0,0,0,3,1,1,0,0,1,0,0,1,2,2,0,0,0,1,0,0,1,0,0,1,2,2,0,0,0,5,3,1,1,1,1,0,0,1,0,0,1,2,0,5,0,74,4,4,2,78.5,0.172,0.043,,,,0.057,,,,,,,,,0.115,,,,,,,,,,,,,,,,,,,,,8.0
RPath,715,sidewalks,241.137,HMAC,1,2,0,1,2,0,1,0,0,1,0,0,1,2,2,1,2,0,0,0,0,0,0,0,5,0,0,2,1,2,2,0,0,0,1,2,0,0,0,0,0,0,0,5,1,2,0,0,1,1,1,2,2,5,5,0,0,1,1,0,0,1,0,0,1,2,2,0,0,0,1,0,0,1,0,0,1,2,2,0,0,0,5,3,1,1,1,1,0,0,1,0,0,1,2,0,5,0,92,5,5,2,240.7,0.280,0.072,,,,0.274,,,,,,,,,,,,,0.006,,,,,,,,,,,,,,,,,10.0
RPath,716,sidewalks,76.899,CON,1,0,0,1,0,0,0,0,0,1,2,0,1,0,0,1,2,2,0,0,0,0,0,0,5,0,0,2,1,2,2,0,0,0,1,2,0,0,0,0,0,0,0,5,1,2,0,0,1,1,1,2,2,0,0,0,0,1,1,0,0,1,2,0,1,2,2,0,0,0,1,0,0,1,2,0,1,2,2,0,0,0,5,3,1,1,1,1,2,0,1,0,0,1,2,2,5,0,85,5,4,2,76.7,0.117,0.093,,,,0.020,0.078,,,,,,,,,,,,0.020,,,,,,,,,,,,,,,,,8.0
RPath,717,sidewalks,243.33,CON,1,2,0,1,2,0,1,0,0,1,2,0,1,2,2,1,2,2,0,0,0,0,0,0,5,0,0,2,1,2,2,0,0,0,1,2,2,0,0,0,0,0,0,5,1,2,0,0,1,0,1,2,2,5,5,0,0,1,0,0,0,1,2,0,1,2,2,0,0,0,1,0,0,1,2,0,1,2,2,0,0,0,5,3,1,1,1,1,2,0,0,0,0,1,2,2,5,0,103,5,5,4,242.7,0.371,0.297,0.019,,0.006,0.074,0.222,,,0.012,,,,,,,,,0.037,,,,,,,,,,,,,,,,,20.0
RPath,718,sidewalks,73.471,CON,1,0,0,1,0,0,0,0,0,1,2,0,1,0,0,1,2,2,0,0,0,0,0,0,5,0,0,2,1,2,2,0,0,0,1,2,0,0,0,0,0,0,0,5,1,2,0,0,1,1,1,2,2,0,0,0,0,1,1,0,0,1,2,0,1,2,2,0,0,0,1,0,0,1,2,0,1,2,2,0,0,0,5,3,1,1,1,1,2,0,1,0,0,1,2,2,5,0,85,5,4,2,73.5,0.184,0.046,,,,0.184,,,,,,,,,,,,,,,,,,,,,,,,,,,,,,8.0
RPath,720,sidewalks,72.853,CON,1,0,0,0,0,0,0,0,0,1,2,0,1,2,0,1,2,2,0,0,0,0,0,0,5,0,0,2,1,2,2,0,0,0,1,2,0,0,0,0,0,0,0,5,1,2,0,0,1,1,1,2,2,0,5,0,0,1,0,0,0,1,2,0,1,2,2,0,0,0,1,0,0,1,2,0,1,2,2,0,0,0,5,3,1,1,1,1,2,0,0,0,0,1,2,2,5,0,89,5,5,2,74.1,0.263,0.081,,,0.020,0.243,,,,,,,,,,,,,,,,,,,,,,,,,,,,,,10.0
RPath,721,sidewalks,110.454,CON,1,0,0,0,0,0,0,0,0,1,2,0,1,2,0,1,2,2,0,0,0,0,0,0,5,0,0,0,1,2,2,0,0,0,1,2,0,0,0,0,0,0,0,0,1,2,2,0,1,1,1,2,2,0,5,0,3,1,0,0,0,1,2,0,1,2,0,0,0,0,1,2,0,1,2,0,1,2,2,1,0,0,0,3,1,1,1,1,2,2,1,0,0,1,2,2,5,0,86,5,5,1,112.3,0.000,0.000,,,,,,,,,,,,,,,,,,,,,,,,,,,,,,,,,,5.0
RPath,722,sidewalks,73.533,CON,1,0,0,0,0,0,0,0,0,1,2,0,1,2,0,1,2,2,0,0,0,0,0,0,5,0,0,0,1,2,2,0,0,0,1,2,0,0,0,0,0,0,0,5,1,2,0,0,1,1,1,2,2,0,5,0,0,1,0,0,0,1,2,0,1,2,2,0,0,0,1,0,0,1,2,0,1,2,2,0,0,0,5,3,1,1,1,1,2,0,1,0,0,1,2,2,5,0,88,5,5,2,73.9,0.041,0.015,,,,0.020,,,,,,,,,,,,,0.020,,,,,,,,,,,,,,,,,10.0
RPath,723,sidewalks,111.062,HMAC,1,2,0,1,0,0,0,0,0,1,2,2,1,2,0,1,2,0,0,0,0,0,0,0,5,0,0,2,1,2,2,0,0,0,1,2,2,0,0,0,0,0,0,0,1,2,0,0,1,1,1,2,2,0,5,0,0,1,0,0,0,1,2,0,1,2,0,0,0,0,1,0,0,1,2,0,1,2,2,0,0,0,0,3,1,1,1,1,2,0,0,0,0,1,2,2,5,0,82,4,4,2,111.1,0.365,0.095,,,,0.351,,,,,,,,,,,0.014,,,,,,,,,,,,,,,,,,,8.0
RPath,725,sidewalks,110.631,CON,1,2,0,0,0,0,0,0,0,1,2,2,1,2,2,1,2,0,0,0,0,0,0,0,5,0,0,0,1,2,2,0,0,0,1,2,2,0,0,0,0,0,0,0,1,2,0,0,1,0,1,2,2,5,5,0,3,1,0,0,0,1,2,2,1,2,0,0,0,0,1,0,0,1,2,2,1,2,2,0,0,0,0,0,1,1,1,1,2,0,0,0,0,1,2,0,5,0,87,5,5,3,110.6,0.217,0.108,,,,0.136,0.068,,,,,,,,,,,,0.014,,,,,,,,,,,,,,,,,15.0
RPath,726,sidewalks,73.061,CON,1,0,0,0,0,0,0,0,0,1,2,2,1,2,2,1,2,0,0,0,0,0,0,0,5,0,0,0,1,2,2,0,0,0,1,2,2,0,0,0,0,0,0,0,1,2,0,0,1,1,1,2,2,0,5,0,0,1,0,0,0,1,2,2,1,2,0,0,0,0,1,0,0,1,2,2,1,2,2,0,0,0,0,3,1,1,1,1,2,0,0,0,0,1,2,2,5,0,83,5,4,2,73.0,0.247,0.062,,,,0.247,,,,,,,,,,,,,,,,,,,,,,,,,,,,,,8.0
RPath,727,sidewalks,109.696,CON,1,0,0,0,0,0,0,0,0,1,2,2,1,2,2,1,2,0,0,0,0,0,0,0,5,0,0,0,1,2,2,0,0,0,1,2,2,0,0,0,0,0,0,0,1,2,2,0,1,1,1,2,2,0,5,0,0,1,0,0,0,1,2,2,1,0,0,0,0,0,1,0,0,1,2,2,1,2,2,1,0,0,0,0,1,1,1,1,2,0,0,0,0,1,2,0,5,0,79,4,4,3,112.7,0.333,0.176,0.067,,,0.200,,,,,,,,,,0.053,,,0.013,,,,,,,,,,,,,,,,,12.0
RPath,728,sidewalks,73.714,CON,1,0,0,0,0,0,0,0,0,1,2,2,1,2,0,1,2,0,0,0,0,0,0,0,5,0,0,0,1,2,2,0,0,0,1,2,2,0,0,0,0,0,0,0,1,2,2,0,1,1,1,2,2,5,5,0,3,1,0,0,0,1,2,0,1,0,0,0,0,0,1,0,0,1,2,0,1,2,0,1,0,0,0,0,1,1,1,1,2,0,0,0,0,1,2,0,5,0,79,4,4,2,74.7,0.141,0.040,,,,0.121,,,,,,,,,,,,,0.020,,,,,,,,,,,,,,,,,8.0
RPath,729,sidewalks,165.724,CON,1,0,0,0,0,0,0,0,0,1,2,2,1,2,2,1,2,0,0,0,0,0,0,0,5,5,0,0,1,2,2,0,0,0,1,2,2,0,0,0,0,0,0,0,1,2,2,0,1,0,1,2,2,5,5,0,3,1,0,0,0,1,2,2,1,0,0,0,0,0,1,0,0,1,2,2,1,2,2,1,0,0,0,0,1,1,1,1,2,0,0,0,0,1,2,0,5,0,91,5,5,3,137.3,0.328,0.153,0.055,,0.011,0.197,,,,,,,,,,,,,0.055,0.011,,,,,,,,,,,,,,,,15.0
RPath,730,sidewalks,110.65,CON,1,0,0,0,0,0,0,0,0,1,2,2,1,2,2,1,2,0,0,0,0,0,0,0,5,0,0,0,1,2,2,0,0,0,1,2,2,0,0,0,0,0,0,0,1,2,2,0,1,1,1,2,2,0,5,0,0,1,0,0,0,1,2,2,1,0,0,0,0,0,1,0,0,1,2,2,1,2,2,1,0,0,0,0,1,1,1,1,2,0,1,0,0,1,2,2,5,0,82,4,4,2,110.7,0.217,0.085,0.014,,,0.122,,,,,,,,,,,,,0.081,,,,,,,,,,,,,,,,,8.0
RPath,731,sidewalks,110.705,CON,1,0,0,0,0,0,0,0,0,1,2,0,1,2,0,1,2,2,0,0,0,0,0,0,5,0,0,0,1,2,2,0,0,0,1,2,0,0,0,0,0,0,0,0,1,2,2,0,1,1,1,2,2,0,5,0,3,1,0,0,0,1,2,0,1,2,0,0,0,0,1,2,0,1,2,0,1,2,2,1,0,0,0,3,1,1,1,1,2,2,1,0,0,1,2,2,5,0,86,5,5,2,109.7,0.301,0.082,,,,0.273,,,,,,,,,,,,,0.027,,,,,,,,,,,,,,,,,10.0
RPath,732,sidewalks,72.028,CON,1,0,0,0,0,0,0,0,0,1,2,0,1,2,0,1,2,2,0,0,0,0,0,0,5,0,0,0,1,2,2,0,0,0,1,2,0,0,0,0,0,0,0,0,1,2,2,0,1,1,1,2,2,0,5,0,3,1,0,0,0,1,2,0,1,2,0,0,0,0,1,2,0,1,2,0,1,2,0,1,0,0,0,0,1,1,1,1,2,2,1,0,0,1,2,2,5,0,81,4,4,1,73.1,0.021,0.005,,,,0.021,,,,,,,,,,,,,,,,,,,,,,,,,,,,,,4.0
RPath,733,sidewalks,120.756,CON,1,0,0,0,0,0,0,0,0,1,2,0,1,2,0,1,0,0,0,0,0,0,0,0,5,0,0,0,1,2,2,0,0,0,1,2,0,0,0,0,0,0,0,0,1,2,2,0,1,0,1,2,2,5,5,0,3,1,0,0,0,1,2,0,0,0,0,0,0,0,1,0,0,1,2,0,1,2,0,1,0,0,0,0,1,1,1,1,2,0,0,0,0,1,2,0,5,0,71,4,4,3,119.9,0.225,0.194,,,,0.025,0.175,,,,,,,,,,0.013,,0.013,,,,,,,,,,,,,,,,,12.0
RPath,734,sidewalks,92.442,CON,1,0,0,0,0,0,0,0,0,1,2,0,1,2,0,1,0,0,0,0,0,0,0,0,5,0,0,0,1,2,2,0,0,0,1,2,0,0,0,0,0,0,0,0,1,2,2,0,1,0,1,2,2,5,5,0,3,1,1,0,0,1,2,0,0,0,0,0,0,0,1,0,0,1,2,0,1,2,0,1,2,0,0,0,1,1,1,1,2,0,0,0,0,1,2,0,5,0,74,4,4,3,95.1,0.331,0.102,0.016,,,0.284,,,,,,,,,,,,,0.032,,,,,,,,,,,,,,,,,12.0
RPath,735,sidewalks,125.498,CON,1,0,0,0,0,0,0,0,0,1,2,0,1,2,0,1,0,0,0,0,0,0,0,0,5,0,3,0,1,2,2,0,0,0,1,2,0,0,0,0,0,0,0,0,1,2,2,0,1,0,1,2,2,0,5,0,3,1,1,0,0,1,2,0,0,0,0,0,0,0,1,0,0,1,2,0,1,2,0,1,2,0,0,0,1,1,1,1,2,0,0,0,0,1,0,0,5,0,70,4,4,2,125.6,0.310,0.087,,,,0.275,,,,,,,,,,,0.024,,0.012,,,,,,,,,,,,,,,,,8.0
RPath,736,sidewalks,85.925,CON,0,0,0,0,0,0,0,0,0,1,2,0,1,2,0,1,0,0,0,0,0,0,0,0,5,0,0,0,1,2,2,0,0,0,1,2,0,0,0,0,0,0,0,0,1,2,2,0,1,0,1,2,2,0,5,0,0,1,1,0,0,1,2,0,0,0,0,0,0,0,0,0,0,1,0,0,1,2,0,1,2,0,0,0,1,1,1,1,2,0,0,0,0,1,0,0,5,0,60,3,3,2,86.1,0.139,0.039,,,,0.122,,,,,,,,,,,,,0.017,,,,,,,,,,,,,,,,,6.0
RPath,737,sidewalks,74.122,CON,1,0,0,0,0,0,0,0,0,1,2,0,1,2,0,1,2,0,0,0,0,0,0,0,5,0,0,0,1,2,2,0,0,0,1,2,0,0,0,0,0,0,0,0,1,2,2,0,1,1,1,2,2,5,5,0,3,1,0,0,0,1,2,0,1,0,0,0,0,0,1,0,0,1,2,0,1,2,0,1,0,0,0,0,1,1,1,1,2,0,0,0,0,1,2,0,5,0,75,4,4,2,72.4,0.083,0.021,,,,0.083,,,,,,,,,,,,,,,,,,,,,,,,,,,,,,8.0
RPath,738,sidewalks,89.266,PB,1,0,0,0,0,0,0,0,0,1,2,0,1,2,0,1,2,0,0,0,0,0,0,0,5,0,0,0,1,2,2,0,0,0,1,2,0,0,0,0,0,0,0,0,1,2,2,0,1,1,1,2,2,0,5,0,0,1,0,0,0,1,2,0,1,0,0,0,0,0,1,2,0,1,2,0,1,2,0,1,0,0,0,0,1,1,1,1,2,2,1,0,0,1,2,0,5,0,72,4,4,2,91.4,0.066,0.025,,,,0.033,,,,,,,,,,,,,0.033,,,,,,,,,,,,,,,,,8.0
RPath,739,sidewalks,72.991,CON,1,0,0,0,0,0,0,0,0,1,2,0,1,2,0,1,2,0,0,0,0,0,0,0,5,0,0,0,1,2,2,0,0,0,1,2,0,0,0,0,0,0,0,0,1,2,2,0,1,0,1,2,2,0,0,0,3,1,1,0,0,1,2,0,1,0,0,0,0,0,1,2,0,1,2,0,1,2,0,1,2,0,0,0,1,1,1,1,2,2,1,0,0,1,2,0,5,0,72,4,4,2,72.9,0.226,0.067,,,,0.185,,,,,,,,,,,0.021,,0.021,,,,,,,,,,,,,,,,,8.0
RPath,740,sidewalks,92.659,CON,1,0,0,0,0,0,0,0,0,1,2,0,1,2,0,1,2,0,0,0,0,0,0,0,5,0,0,0,1,2,2,0,0,0,1,2,0,0,0,0,0,0,0,0,1,2,2,0,1,0,1,2,2,5,5,0,3,1,1,0,0,1,2,0,1,0,0,0,0,0,1,0,0,1,2,0,1,2,0,1,2,0,0,0,1,1,1,1,2,2,0,0,0,1,2,0,5,0,79,4,4,3,92.3,0.390,0.106,,,,0.260,,,,,,,,,0.098,,,,0.033,,,,,,,,,,,,,,,,,12.0
RPath,741,sidewalks,71.28,CON,1,0,0,0,0,0,0,0,0,1,2,0,1,2,0,1,2,2,0,0,0,0,0,0,5,0,0,0,1,2,2,0,0,0,1,2,0,0,0,0,0,0,0,0,1,2,2,0,1,1,1,2,2,0,5,0,3,1,0,0,0,1,2,0,1,2,0,0,0,0,1,2,0,1,2,0,1,2,0,1,0,0,0,0,1,1,1,1,2,2,1,0,0,1,2,2,5,0,81,4,4,3,71.3,0.442,0.126,,,,0.379,,,,,,,,,,,,,0.063,,,,,,,,,,,,,,,,,12.0
RPath,742,sidewalks,91.829,CON,1,0,0,0,0,0,0,0,0,1,2,0,1,2,0,1,2,2,0,0,0,0,0,0,5,0,0,0,1,2,2,0,0,0,1,2,0,0,0,0,0,0,0,0,1,2,2,0,1,1,1,2,2,0,5,0,3,1,1,0,0,1,2,0,1,2,0,0,0,0,1,2,0,1,2,2,1,2,0,1,0,0,0,0,1,1,1,1,2,2,1,0,0,1,2,2,5,0,84,5,4,2,91.8,0.376,0.098,,,,0.359,,,,,,,,,,,,,0.016,,,,,,,,,,,,,,,,,8.0
RPath,744,sidewalks,91.533,CON,1,0,0,0,0,0,0,0,0,1,2,0,1,2,0,1,2,0,0,0,0,0,0,0,5,0,0,0,1,2,2,0,0,0,1,2,0,0,0,0,0,0,0,0,1,2,2,0,1,1,1,2,2,0,5,0,0,1,0,0,0,1,2,0,1,0,0,0,0,0,1,2,0,1,2,0,1,2,0,1,0,0,0,0,1,1,1,1,2,2,1,0,0,1,2,0,5,0,72,4,4,2,91.5,0.180,0.078,,,,0.049,,,,,,,,,,,,,0.131,,,,,,,,,,,,,,,,,8.0
RPath,745,sidewalks,55.504,CON,1,0,0,0,0,0,0,0,0,1,2,0,1,2,0,1,2,2,0,0,0,0,0,0,5,0,0,0,1,2,2,0,0,0,1,2,0,0,0,0,0,0,0,0,1,2,2,0,1,1,1,2,2,0,5,0,3,0,1,0,0,1,2,0,1,2,0,0,0,0,1,2,0,1,2,2,1,2,0,1,0,0,0,0,1,1,1,1,2,2,1,0,0,1,2,2,5,0,83,5,4,3,73.5,0.184,0.184,0.041,,,,0.143,,,,,,,,,,,,,,,,,,,,,,,,,,,,,12.0
RPath,746,sidewalks,70.915,CON,1,0,0,0,0,0,0,0,0,1,2,0,1,0,0,1,2,2,0,0,0,0,0,0,5,5,0,0,1,2,2,0,0,0,1,0,0,0,0,0,0,0,0,0,1,2,2,0,1,1,1,2,2,0,0,0,0,1,1,0,0,1,0,0,1,2,0,0,0,0,1,2,2,1,2,2,1,2,2,1,0,0,0,0,1,1,1,1,2,2,1,2,0,1,2,2,5,0,81,4,4,2,91.8,0.114,0.049,,,,0.065,0.016,,,,,,,,,,,,0.033,,,,,,,,,,,,,,,,,8.0
RPath,747,sidewalks,73.522,CON,1,0,0,0,0,0,0,0,0,1,2,0,1,0,0,1,2,2,0,0,0,0,0,0,5,5,0,0,1,2,2,0,0,0,1,0,0,0,0,0,0,0,0,0,1,2,2,0,1,1,1,2,2,0,0,0,3,1,1,0,0,1,0,0,1,2,0,0,0,0,1,2,2,1,2,2,1,2,2,1,0,0,0,0,1,1,1,1,2,2,1,2,0,1,2,0,5,0,82,4,4,3,73.0,0.164,0.123,,,,0.041,0.103,,,,,,,,,,,,0.021,,,,,,,,,,,,,,,,,12.0
RPath,748,sidewalks,92.165,CON,1,0,0,0,0,0,0,0,0,1,2,0,1,2,0,1,2,2,0,0,0,0,0,0,5,0,0,0,1,2,2,0,0,0,1,2,0,0,0,0,0,0,0,0,1,2,2,0,1,1,1,2,2,0,5,0,3,1,1,0,0,1,2,0,1,2,0,0,0,0,1,2,0,1,2,2,1,2,2,1,0,0,0,0,1,1,1,1,2,2,1,0,0,1,2,2,5,0,86,5,5,2,92.2,0.195,0.094,,,,0.081,0.033,,,,,,,,,,,,0.081,,,,,,,,,,,,,,,,,10.0
RPath,749,sidewalks,73.868,CON,1,2,0,0,0,0,0,0,0,1,2,0,1,0,0,1,2,2,0,0,0,0,0,0,5,0,0,0,1,2,2,0,0,0,1,0,0,0,0,0,0,0,0,0,1,2,2,0,1,1,1,2,2,0,5,0,0,1,1,0,0,1,0,0,1,2,2,0,0,0,1,2,0,1,2,2,1,2,0,1,0,0,0,0,1,1,1,1,2,2,1,2,0,1,2,2,5,0,81,4,4,2,73.9,0.142,0.036,,,,0.142,,,,,,,,,,,,,,,,,,,,,,,,,,,,,,8.0
RPath,750,sidewalks,91.391,CON,1,2,0,0,0,0,0,0,0,1,2,0,1,0,0,1,2,2,0,0,0,0,0,0,5,0,0,0,1,2,2,0,0,0,1,0,0,0,0,0,0,0,0,0,1,2,2,0,1,1,1,2,2,0,5,0,0,1,1,2,0,1,0,0,1,2,2,0,0,0,1,2,2,1,2,0,1,2,2,1,0,0,5,0,1,1,1,1,2,0,1,2,0,1,2,0,5,0,86,5,5,4,92.2,0.504,0.281,,,,0.179,0.195,,,,,,,,0.098,,0.016,,0.016,,,,,,,,,,,,,,,,,20.0
RPath,751,sidewalks,73.13,CON,1,2,0,0,0,0,0,0,0,1,2,0,1,0,0,1,2,2,0,0,0,0,0,0,5,0,0,0,1,2,2,0,0,0,1,0,0,0,0,0,0,0,0,0,1,2,0,0,1,0,1,2,0,0,0,0,0,1,1,2,0,1,0,0,1,2,2,0,0,0,1,2,2,1,2,2,1,2,2,1,0,0,5,0,1,1,1,1,2,2,1,2,0,1,2,0,5,0,80,4,4,3,73.8,0.285,0.244,,,,0.041,0.224,,,,,,,,,,,,0.020,,,,,,,,,,,,,,,,,12.0
RPath,752,sidewalks,92.192,CON,1,2,0,0,0,0,0,0,0,1,2,0,1,0,0,1,2,2,0,0,0,0,0,0,5,0,0,0,1,2,2,0,0,0,1,0,0,0,0,0,0,0,0,0,1,2,2,0,1,1,1,2,2,0,5,0,0,1,1,0,0,1,0,0,1,2,0,0,0,0,1,2,2,1,2,2,1,2,2,1,0,0,0,0,1,1,1,1,2,2,1,2,0,1,2,2,5,0,83,5,4,2,92.8,0.097,0.036,,,,0.081,0.016,,,,,,,,,,,,,,,,,,,,,,,,,,,,,8.0
RPath,753,sidewalks,76.223,HMAC,1,2,2,1,2,0,0,0,0,0,0,0,1,2,2,0,0,0,0,0,0,0,0,0,5,5,0,2,1,0,0,1,2,2,1,2,2,0,0,0,1,0,0,5,1,2,2,0,1,0,1,2,2,5,5,0,3,1,0,0,0,0,0,0,1,2,0,1,0,0,1,2,0,1,2,2,1,2,0,0,0,0,5,3,1,1,1,1,2,2,0,0,0,0,0,0,5,0,103,5,5,1,75.8,0.000,0.000,,,,,,,,,,,,,,,,,,,,,,,,,,,,,,,,,,5.0
RPath,754,sidewalks,74.803,HMAC,1,2,2,1,2,0,0,0,0,0,0,0,1,2,0,0,0,0,0,0,0,0,0,0,5,0,0,2,1,0,0,1,2,2,1,2,2,0,0,0,1,2,0,5,1,2,2,0,1,0,1,2,2,5,5,0,3,1,0,0,0,1,0,0,1,2,2,1,0,0,1,2,0,1,2,0,1,0,0,0,0,0,5,0,1,1,1,1,2,2,0,0,0,0,0,0,5,0,94,5,5,3,75.8,0.198,0.198,,,,,0.178,,,,,,,,,,,,,0.020,,,,,,,,,,,,,,,,15.0
RPath,755,sidewalks,189.792,CON,1,2,2,1,2,0,0,0,0,1,0,0,1,2,0,0,0,0,0,0,0,0,0,0,5,0,0,0,1,2,2,1,2,2,1,2,2,0,0,0,1,2,2,0,1,2,2,0,1,1,1,2,2,5,5,0,3,0,1,0,0,0,0,0,1,2,0,1,0,0,1,2,0,1,2,0,1,0,0,0,0,0,5,0,1,1,1,1,2,2,0,0,0,0,0,0,5,0,92,5,5,3,189.8,0.166,0.166,,,,,0.166,,,,,,,,,,,,,,,,,,,,,,,,,,,,,15.0
RPath,756,sidewalks,122.741,PB,1,2,2,1,2,2,0,0,0,0,0,0,1,2,0,0,0,0,0,0,0,0,0,0,5,0,0,0,1,0,0,1,2,2,1,2,2,0,0,0,1,0,0,0,1,2,2,0,1,0,1,2,2,5,5,0,3,0,0,0,0,0,0,0,1,2,0,1,2,0,1,2,0,1,2,0,1,0,0,0,0,0,5,0,1,1,1,1,2,2,0,0,0,0,0,0,5,0,85,5,4,2,122.6,0.086,0.040,,,,0.037,,,,,,,,,,,0.037,,,0.012,,,,,,,,,,,,,,,,8.0
RPath,757,sidewalks,162.335,HMAC,1,2,0,1,2,0,0,0,0,1,0,0,1,2,0,0,0,0,0,0,0,1,0,0,5,0,0,2,1,2,0,1,2,2,1,2,2,0,0,0,1,2,2,5,1,2,2,0,1,1,1,2,2,5,5,0,3,1,1,0,0,1,0,0,1,2,2,0,0,0,1,2,0,1,0,0,1,0,0,0,0,0,5,0,1,1,1,1,2,0,0,0,0,0,0,0,5,0,95,5,5,5,162.3,0.758,0.753,,,0.018,,0.721,,,0.009,,,,,,,0.009,,,,,,,,,,,,,,,,,,,25.0
RPath,758,sidewalks,77.639,HMAC,1,2,0,1,0,0,0,0,0,1,0,0,1,0,0,1,0,0,0,0,0,1,0,0,5,0,0,0,1,2,0,1,2,2,1,2,2,0,0,0,1,2,2,0,1,2,2,0,1,1,1,2,2,5,5,0,3,1,1,0,0,1,0,0,1,2,0,0,0,0,1,0,0,1,0,0,0,0,0,0,0,0,0,3,1,1,1,1,2,0,0,0,0,0,0,0,5,0,78,4,4,5,77.6,0.599,0.575,,,,,0.541,,,,,,0.019,0.019,,,0.019,,,,,,,,,,,,,,,,,,,20.0
RPath,759,sidewalks,139.152,HMAC,1,2,0,1,0,0,0,0,0,0,0,0,1,0,0,1,0,0,0,0,0,1,0,0,5,0,0,2,1,2,0,1,2,2,1,2,2,0,0,0,1,2,2,5,1,2,2,0,1,1,1,2,2,5,5,0,3,0,1,0,0,1,2,0,1,2,2,0,0,0,1,2,0,1,0,0,0,0,0,0,0,0,5,3,1,1,1,1,2,0,0,0,0,0,0,0,5,0,94,5,5,5,139.2,0.765,0.760,,,,,0.755,,,,,,,,,,,,0.011,,,,,,,,,,,,,,,,,25.0
RPath,760,sidewalks,71.681,HMAC,1,2,0,1,2,0,0,0,0,0,0,0,1,2,0,0,0,0,0,0,0,1,0,0,5,0,0,2,1,0,0,1,2,2,1,2,2,0,0,0,1,2,0,5,1,2,0,0,1,0,1,2,2,0,0,0,3,1,1,0,0,1,0,0,1,2,2,0,0,0,1,2,0,1,0,0,1,0,0,0,0,0,5,3,1,1,1,1,2,0,0,0,0,0,0,0,5,0,80,4,4,4,71.7,0.272,0.272,,,,,0.272,,,,,,,,,,,,,,,,,,,,,,,,,,,,,16.0
RPath,761,sidewalks,50.619,CON,1,2,2,1,2,0,0,0,0,0,0,0,1,2,0,0,0,0,0,0,0,0,0,0,5,0,0,2,1,0,0,1,2,2,1,2,2,0,0,0,1,2,0,5,1,2,2,0,1,0,1,2,2,0,0,0,3,1,0,0,0,1,0,0,1,2,2,1,0,0,1,2,0,1,2,0,1,0,0,0,0,0,5,0,1,1,1,1,2,2,0,0,0,0,0,0,5,0,84,5,4,2,74.3,0.061,0.061,,,,,0.040,,,,,,,,,,,,,0.020,,,,,,,,,,,,,,,,8.0
RPath,762,sidewalks,316.767,CON,1,2,0,1,0,0,0,0,0,0,0,0,1,0,0,1,0,0,0,0,0,1,0,0,5,0,0,2,1,0,0,1,2,2,1,2,2,0,0,0,1,2,0,5,1,2,2,0,1,0,1,2,2,0,5,0,3,0,0,0,0,1,2,0,1,2,2,1,0,0,1,2,2,1,0,0,1,0,0,0,0,0,5,3,1,1,1,1,2,0,0,0,0,0,0,0,5,0,87,5,5,1,318.0,0.000,0.000,,,,,,,,,,,,,,,,,,,,,,,,,,,,,,,,,,5.0
RPath,763,sidewalks,71.783,HMAC,1,2,0,1,0,0,0,0,0,0,0,0,1,0,0,1,0,0,0,0,0,1,0,0,5,0,0,2,1,0,0,1,2,2,1,2,2,0,0,0,1,2,0,5,1,2,0,0,1,0,1,2,2,0,0,0,3,1,1,0,0,1,2,0,1,2,2,1,0,0,1,2,2,1,0,0,0,0,0,0,0,0,5,3,1,1,1,1,2,0,0,0,0,0,0,0,5,0,81,4,4,5,73.0,0.657,0.657,,,0.021,,0.637,,,,,,,,,,,,,,,,,,,,,,,,,,,,,20.0
RPath,764,sidewalks,74.719,HMAC,1,2,0,1,0,0,0,0,0,0,0,0,1,0,0,1,0,0,0,0,0,1,0,0,5,0,0,2,1,0,0,1,2,2,1,2,2,0,0,0,1,2,0,5,1,2,0,0,1,0,1,2,2,0,0,0,3,1,1,0,0,1,2,0,1,2,2,1,0,0,1,2,0,1,0,0,0,0,0,0,0,0,5,3,1,1,1,1,2,0,0,0,0,0,0,0,5,0,79,4,4,3,74.7,0.442,0.110,,,,0.442,,,,,,,,,,,,,,,,,,,,,,,,,,,,,,12.0
RPath,765,sidewalks,133.108,CON,1,2,0,1,0,0,0,0,0,0,0,0,1,0,0,1,0,0,0,0,0,1,0,0,5,0,0,2,1,2,0,1,2,2,1,2,2,0,0,0,1,2,2,5,1,2,2,0,1,1,1,2,2,5,5,0,3,0,1,0,0,1,2,0,1,2,2,0,0,0,1,2,0,1,0,0,0,0,0,0,0,0,5,3,1,1,1,1,2,0,0,0,0,0,0,0,5,0,94,5,5,1,133.1,0.023,0.006,,,,0.023,,,,,,,,,,,,,,,,,,,,,,,,,,,,,,5.0
RPath,766,sidewalks,312.884,HMAC,1,2,2,1,2,0,0,0,0,0,0,0,1,2,0,0,0,0,0,0,0,0,0,0,5,0,0,2,1,0,0,1,2,2,1,2,2,0,0,0,1,2,0,5,1,2,2,0,1,0,1,2,2,0,5,0,3,1,0,0,0,1,0,0,1,2,2,1,2,0,1,2,0,1,0,0,1,0,0,0,0,0,5,3,1,1,1,1,2,0,0,0,0,0,0,0,5,0,90,5,5,5,314.6,0.615,0.613,,,,,0.606,,,,,,,0.005,,,0.005,,,,,,,,,,,,,,,,,,,25.0
RPath,767,sidewalks,37.973,SS,1,2,0,1,2,0,0,0,0,0,0,0,1,2,0,0,0,0,0,0,0,0,0,0,5,0,0,0,0,0,0,1,0,0,1,2,2,0,0,0,0,0,0,0,1,2,2,0,0,0,1,2,2,5,5,4,3,0,0,0,0,0,0,0,1,2,2,1,2,0,1,0,0,1,0,0,1,0,0,0,0,0,5,3,1,0,1,1,0,0,0,0,0,0,0,0,5,0,74,4,4,1,38.0,0.000,0.000,,,,,,,,,,,,,,,,,,,,,,,,,,,,,,,,,,4.0
RPath,768,sidewalks,36.194,SS,1,2,2,1,2,0,0,0,0,0,0,0,1,2,0,0,0,0,0,0,0,0,0,0,5,0,0,0,0,0,0,1,0,0,1,2,2,0,0,0,0,0,0,0,1,2,2,0,0,0,1,2,2,5,5,4,3,0,0,0,0,0,0,0,1,2,0,1,2,0,1,0,0,1,0,0,1,0,0,0,0,0,5,3,1,0,1,1,2,0,0,0,0,0,0,0,5,0,76,4,4,1,36.2,0.000,0.000,,,,,,,,,,,,,,,,,,,,,,,,,,,,,,,,,,4.0
RPath,769,sidewalks,72.04,PB,1,2,0,1,2,0,0,0,0,0,0,0,1,0,0,0,0,0,0,0,0,0,0,0,5,0,0,0,0,0,0,1,0,0,1,2,2,0,0,0,0,0,0,0,1,2,2,0,0,0,1,2,2,5,5,4,3,1,0,0,0,0,0,0,1,2,2,1,2,0,1,0,0,1,0,0,1,0,0,0,0,0,5,3,1,0,1,1,0,0,0,0,0,0,0,0,5,0,73,4,4,1,75.4,0.000,0.000,,,,,,,,,,,,,,,,,,,,,,,,,,,,,,,,,,4.0
RPath,770,sidewalks,81.19,PB,1,2,0,1,2,0,0,0,0,0,0,0,1,2,0,0,0,0,0,0,0,0,0,0,5,0,0,2,0,0,0,1,0,0,1,2,2,0,0,0,0,0,0,5,1,2,2,0,0,0,1,2,2,5,5,4,3,1,0,0,0,0,0,0,1,2,0,1,2,2,1,2,0,1,0,0,1,2,0,0,0,0,5,3,1,0,1,1,0,0,0,0,0,0,0,0,5,0,86,5,5,2,91.5,0.098,0.098,,,,,0.049,,,,,,,,,,,0.049,,,,,,,,,,,,,,,,,,10.0
RPath,771,sidewalks,147.58,PB,1,2,0,1,2,0,0,0,0,0,0,0,1,0,0,0,0,0,0,0,0,0,0,0,5,0,0,2,0,0,0,1,0,0,1,2,2,0,0,0,0,0,0,5,1,2,2,0,0,0,1,2,2,5,5,4,3,1,0,0,0,0,0,0,1,2,0,1,2,0,1,2,0,1,0,0,1,0,0,0,0,0,5,3,1,0,1,1,0,0,0,0,0,0,0,0,5,0,80,4,4,2,150.8,0.109,0.095,,,,,0.030,,,,,,,0.030,,,0.030,0.020,,,,,,,,,,,,,,,,,,8.0
RPath,772,sidewalks,79.788,HMAC,1,2,0,1,2,0,0,0,0,0,0,0,0,0,0,0,0,0,0,0,0,0,0,0,5,0,0,2,0,0,0,0,0,0,1,2,2,0,0,0,0,0,0,5,1,2,2,0,0,0,1,2,2,5,5,4,0,1,0,0,0,0,0,0,0,0,0,0,0,0,1,0,0,1,0,0,1,0,0,0,0,0,5,3,1,0,1,1,0,0,0,0,0,0,0,0,5,0,67,4,4,4,79.8,0.338,0.282,,,,0.056,0.263,,,,0.019,,,,,,,,,,,,,,,,,,,,,,,,,16.0
RPath,774,sidewalks,66.984,CON,1,2,0,1,2,0,0,0,0,0,0,0,1,0,0,1,0,0,0,0,0,0,0,0,5,0,0,0,0,0,0,0,0,0,1,2,2,0,0,0,0,0,0,0,1,2,2,0,0,0,1,2,2,0,5,0,0,1,0,0,0,0,0,0,0,0,0,0,0,0,1,0,0,1,0,0,0,0,0,0,0,0,0,0,1,0,0,1,0,0,0,0,0,0,0,0,5,0,43,2,2,3,97.1,0.232,0.116,,,,0.154,0.062,,,,,,,0.015,,,,,,,,,,,,,,,,,,,,,,6.0
RPath,775,sidewalks,232.32,HMAC,1,2,2,1,2,0,0,0,0,0,0,0,0,0,0,0,0,0,0,0,0,0,0,0,0,5,3,2,0,0,0,0,0,0,1,2,2,0,0,0,0,0,0,0,1,2,0,0,0,0,1,2,2,0,5,0,0,1,0,0,0,0,0,0,0,0,0,0,0,0,0,0,0,1,0,0,1,2,2,0,0,0,5,0,1,1,1,1,0,0,0,0,0,0,0,0,5,0,57,3,3,2,358.0,0.180,0.092,,,,0.092,0.050,,,,,,0.017,0.004,,0.004,0.013,,,,,,,,,,,,,,,,,,,6.0
RPath,777,sidewalks,57.253,HMAC,1,2,2,0,0,0,0,0,0,0,0,0,1,2,2,0,0,0,0,0,0,1,2,0,0,5,0,2,0,0,0,0,0,0,1,2,2,0,0,0,0,0,0,0,1,2,0,0,1,1,1,2,2,5,5,0,3,1,0,0,0,0,0,0,0,0,0,0,0,0,0,0,0,1,2,0,1,2,2,0,0,0,5,3,1,1,1,0,0,0,0,0,0,0,0,0,5,0,73,4,4,3,56.1,0.268,0.147,,,,0.161,0.107,,,,,,,,,,,,,,,,,,,,,,,,,,,,,12.0
RPath,779,sidewalks,227.027,HMAC,1,2,2,1,2,0,1,2,0,0,0,0,1,2,2,1,0,0,0,0,0,1,2,2,0,0,0,2,0,0,0,0,0,0,1,2,2,0,0,0,0,0,0,0,1,0,0,0,1,0,1,2,2,5,5,0,0,1,0,0,0,0,0,0,0,0,0,0,0,0,0,0,0,1,0,0,1,2,2,0,0,0,5,3,1,1,1,0,0,0,0,0,0,0,0,0,5,0,69,4,4,4,227.5,0.336,0.336,,,,,0.310,,,,,,,0.013,,,,0.013,,,,,,,,,,,,,,,,,,16.0
RPath,780,sidewalks,245.786,CON,1,2,2,1,2,0,1,0,0,0,0,0,1,2,2,0,0,0,0,0,0,0,0,0,0,0,0,2,0,0,0,0,0,0,1,2,0,0,0,0,0,0,0,0,0,0,0,0,1,1,1,2,2,5,0,0,3,1,0,0,0,0,0,0,0,0,0,0,0,0,0,0,0,1,2,0,1,2,0,0,0,0,0,3,1,1,1,0,0,0,0,0,0,0,0,0,5,0,52,3,3,3,245.9,0.195,0.181,0.018,,,0.018,0.159,,,,,,,,,,,,,,,,,,,,,,,,,,,,,9.0
RPath,781,sidewalks,187.541,HMAC,1,2,2,1,2,0,1,2,0,0,0,0,1,2,2,0,0,0,0,0,0,0,0,0,0,5,0,2,0,0,0,0,0,0,0,0,0,0,0,0,0,0,0,0,0,0,0,0,1,1,1,2,2,5,0,4,3,1,0,0,0,0,0,0,0,0,0,0,0,0,0,0,0,1,2,2,1,2,2,0,0,0,0,3,1,1,0,1,2,2,0,0,0,0,0,0,5,0,68,4,4,3,326.2,0.175,0.171,,,0.005,0.005,0.166,,,,,,,,,,,,,,,,,,,,,,,,,,,,,12.0
RPath,782,sidewalks,190.772,HMAC,1,2,2,1,2,0,1,2,0,0,0,0,1,2,2,0,0,0,0,0,0,0,0,0,0,5,0,2,0,0,0,0,0,0,0,0,0,0,0,0,0,0,0,0,0,0,0,0,1,1,1,2,2,5,0,4,3,1,0,0,0,0,0,0,0,0,0,0,0,0,0,0,0,1,2,2,1,2,2,0,0,0,0,3,1,1,0,1,2,0,0,0,0,0,0,0,5,0,66,4,3,4,190.7,0.322,0.311,,,0.008,,0.283,,,0.016,,,0.016,,,,,,,,,,,,,,,,,,,,,,,12.0
RPath,783,sidewalks,133.145,HMAC,1,2,2,1,2,0,1,2,0,0,0,0,1,2,0,0,0,0,0,0,0,0,0,0,0,5,0,2,0,0,0,0,0,0,0,0,0,0,0,0,0,0,0,0,0,0,0,0,1,1,1,2,2,5,0,0,3,1,0,0,0,0,0,0,1,0,0,0,0,0,0,0,0,1,2,0,1,0,0,0,0,0,0,3,0,1,0,0,0,0,0,0,0,0,0,0,5,0,51,3,3,3,132.6,0.226,0.226,,,,,0.170,,,,,,,,,0.045,,,,0.011,,,,,,,,,,,,,,,,9.0
RPath,784,sidewalks,80.176,HMAC,1,2,2,1,2,0,1,2,0,0,0,0,1,2,0,0,0,0,0,0,0,0,0,0,0,5,0,2,0,0,0,0,0,0,0,0,0,0,0,0,0,0,0,0,0,0,0,0,1,1,1,2,2,5,0,0,3,1,0,0,0,0,0,0,1,0,0,0,0,0,0,0,0,1,0,0,1,0,0,0,0,0,0,3,1,1,1,0,0,0,0,0,0,0,0,0,5,0,51,3,3,4,82.0,0.384,0.366,0.018,,,,0.329,,,,,,,,,,,,0.037,,,,,,,,,,,,,,,,,12.0
RPath,785,sidewalks,313.652,HMAC,1,2,2,1,0,0,1,0,0,0,0,0,1,0,0,1,2,2,0,0,0,0,0,0,5,0,0,0,0,0,0,1,2,2,1,2,2,0,0,0,0,0,0,0,1,2,2,0,1,1,1,2,2,5,5,0,3,1,0,0,0,0,0,0,1,2,0,0,0,0,0,0,0,1,0,0,1,0,0,0,0,0,0,3,1,0,0,0,0,0,0,0,0,0,0,0,5,0,68,4,4,2,313.7,0.086,0.025,,,0.005,0.081,,,,,,,,,,,,,,,,,,,,,,,,,,,,,,8.0
RPath,786,sidewalks,120.162,HMAC,1,2,0,1,0,0,1,0,0,0,0,0,1,0,0,1,2,0,0,0,0,1,0,0,5,0,0,2,0,0,0,1,2,2,1,2,2,0,0,0,0,0,0,0,1,0,0,0,1,1,1,2,2,0,0,0,3,1,0,0,0,0,0,0,1,2,0,0,0,0,0,0,0,1,2,0,1,0,0,0,0,0,5,3,1,0,0,0,0,0,0,0,0,0,0,0,5,0,60,3,3,1,119.8,0.000,0.000,,,,,,,,,,,,,,,,,,,,,,,,,,,,,,,,,,3.0
RPath,787,sidewalks,42.953,HMAC,1,2,2,1,0,0,0,0,0,0,0,0,1,2,0,1,2,0,0,0,0,0,0,0,5,0,0,0,0,0,0,1,2,2,1,2,0,0,0,0,0,0,0,0,1,2,0,0,1,0,1,2,2,0,0,0,3,1,0,0,0,0,0,0,1,0,0,0,0,0,1,0,0,1,0,0,1,0,0,0,0,0,0,3,1,0,0,1,0,0,0,0,0,0,0,0,5,0,52,3,3,1,44.9,0.000,0.000,,,,,,,,,,,,,,,,,,,,,,,,,,,,,,,,,,3.0
RPath,788,sidewalks,170.734,HMAC,1,2,0,1,2,0,0,0,0,0,0,0,1,2,0,1,2,0,0,0,0,0,0,0,5,0,0,0,0,0,0,1,2,2,1,2,0,0,0,0,0,0,0,0,1,2,0,0,1,0,1,2,2,0,5,0,3,1,0,0,0,0,0,0,1,0,0,0,0,0,1,0,0,1,0,0,1,0,0,0,0,0,0,3,1,0,0,1,0,0,0,0,0,0,0,0,5,0,57,3,3,2,170.9,0.035,0.022,,,,0.018,0.018,,,,,,,,,,,,,,,,,,,,,,,,,,,,,6.0
RPath,790,sidewalks,81.819,HMAC,1,0,0,1,2,0,0,0,0,0,0,0,1,2,2,1,0,0,0,0,0,0,0,0,0,5,0,2,0,0,0,0,0,0,1,0,0,0,0,0,0,0,0,5,1,0,0,0,0,0,1,0,0,0,0,0,3,1,0,0,0,0,0,0,0,0,0,0,0,0,0,0,0,1,2,2,1,2,2,0,0,0,5,3,1,0,0,0,0,0,0,0,0,0,0,0,5,0,53,3,3,2,83.1,0.054,0.027,,,,0.036,0.018,,,,,,,,,,,,,,,,,,,,,,,,,,,,,6.0
RPath,791,sidewalks,82.916,HMAC,1,0,0,1,2,0,0,0,0,0,0,0,1,2,0,1,0,0,0,0,0,0,0,0,0,0,0,2,0,0,0,0,0,0,1,0,0,0,0,0,0,0,0,5,1,0,0,0,0,0,1,0,0,0,0,0,3,1,0,0,0,0,0,0,0,0,0,0,0,0,0,0,0,1,2,0,1,2,0,0,0,0,5,3,0,0,0,0,0,0,0,0,0,0,0,0,5,0,41,2,2,2,82.9,0.054,0.027,,,0.018,0.036,,,,,,,,,,,,,,,,,,,,,,,,,,,,,,4.0
RPath,792,sidewalks,72.824,CON,1,2,2,1,2,2,1,0,0,1,2,0,1,2,2,0,0,0,0,0,0,0,0,0,0,0,0,2,0,0,0,0,0,0,1,2,2,0,0,0,0,0,0,0,1,2,0,0,1,1,1,2,2,5,5,0,0,1,0,0,0,0,0,0,0,0,0,0,0,0,0,0,0,1,2,2,1,0,0,0,0,0,0,0,1,0,0,0,0,0,0,0,0,0,0,0,5,0,59,3,3,3,72.8,0.165,0.149,,,,0.021,0.144,,,,,,,,,,,,,,,,,,,,,,,,,,,,,9.0
RPath,793,sidewalks,25.395,CON,1,2,2,1,0,0,1,2,0,1,2,2,1,2,2,0,0,0,0,0,0,0,0,0,5,0,3,0,0,0,0,0,0,0,1,2,2,0,0,0,0,0,0,0,1,2,0,0,0,0,1,2,2,0,5,0,0,1,0,0,0,0,0,0,0,0,0,0,0,0,0,0,0,1,2,2,1,2,0,0,0,0,0,3,1,1,1,0,0,0,0,0,0,0,0,0,5,0,65,4,3,1,29.5,0.000,0.000,,,,,,,,,,,,,,,,,,,,,,,,,,,,,,,,,,3.0
RPath,794,sidewalks,341.776,CON,1,2,2,1,2,0,1,0,0,0,0,0,0,0,0,0,0,0,0,0,0,0,0,0,0,5,3,2,0,0,0,0,0,0,1,2,2,0,0,0,0,0,0,5,1,0,0,0,0,0,0,0,0,5,5,4,0,0,0,0,0,0,0,0,0,0,0,0,0,0,0,0,0,0,0,0,1,2,2,0,0,0,0,0,1,1,1,0,0,0,0,0,0,0,0,0,5,0,57,3,3,2,341.1,0.097,0.038,,,,0.075,0.004,0.013,,,,,,,,,,,0.004,,,,,,,,,,,,,,,,,6.0
RPath,795,sidewalks,80.388,CON,1,2,0,1,2,0,1,0,0,0,0,0,1,2,2,0,0,0,0,0,0,0,0,0,0,0,0,2,0,0,0,0,0,0,1,2,2,0,0,0,0,0,0,0,1,2,2,0,1,1,1,2,2,5,5,0,0,1,0,0,0,0,0,0,0,0,0,0,0,0,0,0,0,1,0,0,0,0,0,0,0,0,5,3,1,1,1,0,0,0,0,0,0,1,2,0,5,0,62,3,3,1,78.2,0.019,0.005,,,,0.019,,,,,,,,,,,,,,,,,,,,,,,,,,,,,,3.0
RPath,796,sidewalks,81.61,CON,1,2,0,1,2,0,0,0,0,0,0,0,1,2,2,0,0,0,0,0,0,0,0,0,0,5,0,2,0,0,0,0,0,0,1,2,2,0,0,0,0,0,0,0,1,2,0,0,1,1,1,2,2,5,0,0,0,1,0,0,0,0,0,0,0,0,0,0,0,0,0,0,0,1,2,0,0,0,0,0,0,0,5,3,1,1,1,0,0,0,0,0,0,1,2,0,5,0,61,3,3,1,79.5,0.000,0.000,,,,,,,,,,,,,,,,,,,,,,,,,,,,,,,,,,3.0
RPath,803,sidewalks,101.162,HMAC,1,2,0,0,0,0,0,0,0,0,0,0,1,2,0,0,0,0,1,2,0,0,0,0,0,0,3,0,0,0,0,1,2,0,1,2,2,0,0,0,0,0,0,0,1,2,2,0,1,1,1,2,2,5,5,0,0,1,0,0,0,0,0,0,0,0,0,0,0,0,0,0,0,0,0,0,1,2,2,0,0,0,0,0,1,1,1,0,0,0,0,0,0,1,0,0,5,0,57,3,3,3,101.2,0.222,0.222,,,,,0.222,,,,,,,,,,,,,,,,,,,,,,,,,,,,,9.0
RPath,804,sidewalks,154.065,HMAC,1,2,2,1,2,0,1,2,0,0,0,0,1,0,0,1,0,0,0,0,0,0,0,0,0,0,3,0,0,0,0,0,0,0,1,2,2,0,0,0,0,0,0,0,1,2,2,0,1,0,1,2,2,5,5,0,0,1,0,0,0,0,0,0,1,2,2,0,0,0,0,0,0,1,2,0,1,0,0,1,0,0,5,3,1,1,1,0,0,0,0,0,0,0,0,0,5,0,69,4,4,5,154.1,0.652,0.652,,,,,0.652,,,,,,,,,,,,,,,,,,,,,,,,,,,,,20.0
RPath,809,sidewalks,70.547,PB,1,2,0,1,0,0,0,0,0,0,0,0,1,0,0,1,0,0,0,0,0,0,0,0,5,0,0,0,0,0,0,1,2,0,1,2,2,0,0,0,0,0,0,0,1,2,2,0,0,0,1,2,0,0,5,0,3,1,0,0,0,1,0,0,1,2,2,1,0,0,1,2,0,1,2,0,1,0,0,0,0,0,5,3,1,0,1,1,0,0,0,0,0,0,0,0,5,0,66,4,3,2,70.8,0.021,0.011,,,,,,,,,,,,,,,0.021,,,,,,,,,,,,,,,,,,,6.0
RPath,810,sidewalks,167.684,HMAC,1,2,0,1,2,0,0,0,0,1,0,0,1,2,0,0,0,0,0,0,0,1,0,0,5,0,0,2,1,2,0,1,2,2,1,2,2,0,0,0,1,2,2,5,1,2,2,0,1,1,1,2,2,5,5,0,3,1,1,0,0,1,0,0,1,2,2,0,0,0,1,2,0,1,0,0,1,0,0,0,0,0,5,0,1,1,1,1,2,0,0,0,0,0,0,0,5,0,95,5,5,5,168.4,0.552,0.552,,,,,0.552,,,,,,,,,,,,,,,,,,,,,,,,,,,,,25.0
RPath,811,sidewalks,40.72,CON,1,2,0,0,0,0,0,0,0,1,0,0,1,2,2,1,2,0,0,0,0,1,2,2,5,0,0,0,1,2,0,1,0,0,1,2,2,0,0,0,1,2,2,5,1,2,2,0,1,1,1,2,2,5,5,0,0,1,1,2,2,1,0,0,1,0,0,0,0,0,0,0,0,0,0,0,1,2,0,0,0,0,0,3,1,1,1,1,0,0,0,0,0,0,0,0,5,0,86,5,5,1,40.7,0.000,0.000,,,,,,,,,,,,,,,,,,,,,,,,,,,,,,,,,,5.0
RPath,812,sidewalks,55.012,CON,1,2,0,1,0,0,0,0,0,1,0,0,1,2,0,1,2,0,0,0,0,0,0,0,0,0,0,2,1,2,2,0,0,0,1,2,0,0,0,0,0,0,0,5,1,2,0,0,1,1,1,2,2,0,0,0,0,1,0,0,0,1,0,0,1,2,2,0,0,0,1,0,0,1,0,0,1,2,2,0,0,0,5,0,0,0,0,1,0,0,0,0,0,1,2,0,5,0,64,4,3,4,55.0,0.382,0.279,,,,0.136,0.245,,,,,,,,,,,,,,,,,,,,,,,,,,,,,12.0
RPath,813,sidewalks,147.299,CON,1,2,2,1,0,0,0,0,0,1,2,2,1,2,2,1,0,0,0,0,0,0,0,0,5,5,0,0,1,2,2,0,0,0,1,2,2,0,0,0,0,0,0,5,1,2,0,0,0,0,1,2,2,5,5,0,3,1,0,0,0,1,2,0,1,2,0,0,0,0,0,0,0,1,2,2,1,2,2,0,0,0,5,0,1,1,1,0,0,0,0,0,0,1,0,0,5,0,94,5,5,2,147.3,0.183,0.074,,,,0.132,0.031,,,,,,,,,,,,0.020,,,,,,,,,,,,,,,,,10.0
RPath,814,sidewalks,117.063,CON,1,0,0,0,0,0,0,0,0,1,2,2,1,2,0,1,0,0,0,0,0,0,0,0,5,0,3,0,1,2,2,0,0,0,1,2,2,0,0,0,0,0,0,0,1,2,2,0,1,0,1,2,2,5,5,0,3,1,0,0,0,1,2,0,0,0,0,0,0,0,1,0,0,1,2,0,1,2,0,1,0,0,0,0,1,1,1,1,2,0,0,0,0,1,2,0,5,0,78,4,4,2,117.9,0.280,0.092,,,,0.191,,,,,,,,,,,,,0.089,,,,,,,,,,,,,,,,,8.0
RPath,815,sidewalks,130.476,HMAC,1,0,0,0,0,0,0,0,0,0,0,0,1,2,0,0,0,0,0,0,0,0,0,0,5,0,3,0,1,2,2,0,0,0,0,0,0,0,0,0,0,0,0,0,1,2,0,0,0,0,1,2,2,0,5,0,3,1,1,2,0,1,0,0,1,2,0,0,0,0,0,0,0,1,0,0,1,2,2,1,0,0,0,0,1,1,1,1,2,0,0,0,0,0,0,0,5,0,59,3,3,2,130.5,0.069,0.043,,,,0.023,0.034,,,,,,0.011,,,,,,,,,,,,,,,,,,,,,,,6.0
RPath,816,sidewalks,197.729,CON,1,2,2,0,0,0,0,0,0,1,2,0,1,0,0,0,0,0,0,0,0,0,0,0,5,5,0,0,1,2,2,1,2,0,1,0,0,0,0,0,1,0,0,0,1,2,0,0,1,1,1,2,2,5,5,0,3,0,1,2,0,0,0,0,1,2,2,0,0,0,1,2,0,1,2,2,1,2,0,0,0,0,0,0,1,1,1,1,2,2,1,2,2,1,2,0,5,0,92,5,5,2,202.8,0.170,0.050,,,,0.118,,,,,,,,,0.022,,,,0.030,,,,,,,,,,,,,,,,,10.0
RPath,817,sidewalks,11.774,CON,1,2,2,0,0,0,0,0,0,1,2,0,0,0,0,0,0,0,0,0,0,0,0,0,0,5,0,0,1,2,2,1,0,0,1,0,0,0,0,0,0,0,0,0,1,2,0,0,1,0,1,2,2,5,5,0,3,0,1,2,0,0,0,0,1,2,0,0,0,0,1,0,0,1,2,2,1,2,0,0,0,0,0,0,1,1,1,1,2,2,1,2,2,1,2,0,5,0,78,4,4,1,11.8,0.000,0.000,,,,,,,,,,,,,,,,,,,,,,,,,,,,,,,,,,4.0
RPath,818,sidewalks,24.001,CON,1,2,2,0,0,0,0,0,0,1,2,0,0,0,0,0,0,0,0,0,0,0,0,0,0,5,0,0,1,2,2,1,0,0,1,0,0,0,0,0,0,0,0,0,1,2,0,0,1,0,1,2,2,5,5,0,3,0,1,2,0,0,0,0,1,2,0,0,0,0,1,0,0,1,2,0,1,2,0,0,0,0,0,0,1,1,1,1,2,2,1,2,2,1,2,0,5,0,76,4,4,2,22.1,0.136,0.034,,,,0.136,,,,,,,,,,,,,,,,,,,,,,,,,,,,,,8.0
RPath,819,sidewalks,63.961,PB,1,2,2,0,0,0,0,0,0,1,2,0,0,0,0,1,0,0,0,0,0,0,0,0,5,0,0,0,1,2,2,1,0,0,1,0,0,0,0,0,1,0,0,0,1,2,0,0,1,0,1,2,0,0,0,0,0,1,1,2,0,0,0,0,1,2,0,0,0,0,1,0,0,1,2,0,1,2,0,0,0,0,0,0,1,1,1,1,2,2,1,2,0,1,0,0,5,0,60,3,3,1,67.3,0.000,0.000,,,,,,,,,,,,,,,,,,,,,,,,,,,,,,,,,,3.0
RPath,821,sidewalks,93.033,CON,1,2,2,0,0,0,0,0,0,1,2,2,0,0,0,1,2,0,0,0,0,0,0,0,5,0,0,0,1,2,2,1,0,0,0,0,0,0,0,0,1,0,0,0,1,2,2,0,1,1,1,2,2,0,5,0,0,1,1,2,2,0,0,0,1,2,0,0,0,0,1,2,0,1,2,0,1,2,2,0,0,0,0,0,1,1,1,1,2,2,1,2,0,1,0,0,5,0,79,4,4,2,91.1,0.132,0.037,,,,0.115,,,,,,,,,,,,,0.016,,,,,,,,,,,,,,,,,8.0
RPath,822,sidewalks,96.001,HMAC,1,2,2,0,0,0,0,0,0,0,0,0,1,2,0,1,2,0,0,0,0,0,0,0,0,0,3,0,1,2,0,0,0,0,1,0,0,0,0,0,0,0,0,0,1,2,0,0,0,0,1,0,0,0,0,0,0,1,0,0,0,0,0,0,1,2,2,0,0,0,0,0,0,1,0,0,1,2,0,1,0,0,0,3,1,1,1,1,2,0,0,0,0,1,0,0,5,0,48,3,2,3,96.0,0.437,0.137,,,,0.156,,,,,,,,,0.234,,,0.031,0.016,,,,,,,,,,,,,,,,,6.0
RPath,823,sidewalks,98.625,HMAC,1,2,2,0,0,0,0,0,0,0,0,0,1,2,0,1,2,0,0,0,0,0,0,0,0,0,3,0,1,2,0,0,0,0,1,0,0,0,0,0,0,0,0,0,1,2,0,0,0,0,1,0,0,0,0,0,0,1,0,0,0,0,0,0,1,2,2,0,0,0,0,0,0,1,0,0,1,0,0,0,0,0,0,0,1,1,1,1,2,0,0,0,0,0,0,0,5,0,41,2,2,3,98.6,0.487,0.179,,,,0.411,0.061,,,,,,,,,,,0.015,,,,,,,,,,,,,,,,,,6.0
RPath,824,sidewalks,74.215,CON,1,2,2,0,0,0,0,0,0,1,2,0,0,0,0,1,0,0,0,0,0,0,0,0,5,0,0,0,1,2,2,0,0,0,1,0,0,0,0,0,0,0,0,0,1,2,0,0,1,1,1,2,2,0,5,0,0,1,1,2,0,0,0,0,1,2,0,0,0,0,1,2,0,1,2,0,1,2,2,1,2,0,5,0,1,1,1,1,2,0,1,2,2,1,2,0,5,0,80,4,4,2,74.2,0.101,0.025,,,,0.101,,,,,,,,,,,,,,,,,,,,,,,,,,,,,,8.0
RPath,825,sidewalks,93.772,CON,1,2,2,0,0,0,0,0,0,1,2,0,1,0,0,1,0,0,0,0,0,0,0,0,5,0,0,0,1,2,2,0,0,0,1,0,0,0,0,0,0,0,0,0,1,2,0,0,1,1,1,2,2,0,5,0,0,1,1,2,0,0,0,0,1,2,0,0,0,0,1,2,0,1,2,0,1,2,2,1,2,0,5,0,1,1,1,1,2,2,1,2,2,1,2,0,5,0,83,5,4,3,101.0,0.490,0.123,,,,0.490,,,,,,,,,,,,,,,,,,,,,,,,,,,,,,12.0
RPath,826,sidewalks,74.208,CON,1,2,2,0,0,0,0,0,0,1,0,0,1,0,0,1,0,0,0,0,0,0,0,0,5,0,0,0,1,2,2,0,0,0,1,0,0,0,0,0,0,0,0,0,1,2,0,0,1,0,1,2,2,0,0,0,0,1,1,0,0,0,0,0,1,2,0,0,0,0,1,2,0,1,2,0,1,2,2,1,2,0,5,0,1,1,1,1,2,2,1,2,0,1,2,0,5,0,71,4,4,2,73.1,0.062,0.015,,,,0.062,,,,,,,,,,,,,,,,,,,,,,,,,,,,,,8.0
RPath,827,sidewalks,101.957,CON,1,2,2,0,0,0,0,0,0,1,2,0,1,0,0,1,0,0,0,0,0,0,0,0,5,0,0,0,1,2,2,0,0,0,1,0,0,0,0,0,0,0,0,0,1,2,0,0,1,1,1,2,2,0,5,0,0,1,1,0,0,0,0,0,1,2,0,0,0,0,1,2,0,1,2,0,1,2,2,1,2,0,5,0,1,1,1,1,2,0,1,2,0,1,2,0,5,0,77,4,4,2,102.0,0.206,0.063,,,,0.162,,,,,,,,,,,,,0.044,,,,,,,,,,,,,,,,,8.0
RPath,828,sidewalks,73.723,CON,1,2,2,0,0,0,0,0,0,1,0,0,0,0,0,1,0,0,0,0,0,0,0,0,5,0,0,0,1,2,2,0,0,0,0,0,0,0,0,0,0,0,0,0,1,2,2,0,1,1,1,2,2,0,5,0,3,1,1,0,0,1,0,0,1,2,0,0,0,0,1,2,0,1,2,2,1,2,0,1,2,2,5,0,1,1,1,1,2,0,1,2,0,1,2,0,5,0,81,4,4,2,73.7,0.265,0.071,,,,0.244,,,,,,,,,,,,,0.020,,,,,,,,,,,,,,,,,8.0
RPath,829,sidewalks,101.492,CON,1,2,2,0,0,0,0,0,0,1,0,0,1,0,0,1,0,0,0,0,0,0,0,0,5,0,0,0,1,2,2,0,0,0,1,0,0,0,0,0,0,0,0,0,1,2,2,0,1,1,1,2,2,0,5,0,0,1,1,0,0,1,0,0,1,2,0,0,0,0,1,2,0,1,2,0,1,2,2,1,2,2,5,0,1,1,1,1,2,0,1,2,0,1,2,0,5,0,80,4,4,2,101.5,0.177,0.048,,,,0.148,,,,,0.015,,,,,,,,0.015,,,,,,,,,,,,,,,,,8.0
RPath,830,sidewalks,73.867,CON,1,2,2,0,0,0,0,0,0,1,0,0,1,0,0,1,0,0,0,0,0,0,0,0,5,0,0,0,1,2,2,0,0,0,1,0,0,0,0,0,0,0,0,0,1,2,0,0,1,0,1,2,0,0,0,0,3,1,1,0,0,1,0,0,1,2,0,0,0,0,1,0,0,1,2,0,1,2,2,1,2,2,5,0,1,1,1,1,2,0,1,2,0,1,2,0,5,0,71,4,4,2,73.9,0.264,0.071,,,,0.203,,,0.020,,,,,,0.020,,,,0.020,,,,,,,,,,,,,,,,,8.0
RPath,831,sidewalks,40.223,CON,1,2,2,0,0,0,0,0,0,1,0,0,1,0,0,1,0,0,0,0,0,0,0,0,5,0,0,0,1,2,2,0,0,0,1,0,0,0,0,0,0,0,0,0,1,2,2,0,1,1,1,2,2,0,0,0,3,1,1,0,0,1,0,0,1,2,0,0,0,0,1,2,0,1,2,0,1,2,2,1,2,2,0,0,1,1,1,1,2,0,1,2,0,1,0,0,5,0,71,4,4,2,101.2,0.193,0.052,,,,0.178,,,,,,,,,,,,,0.015,,,,,,,,,,,,,,,,,8.0
RPath,832,sidewalks,100.688,CON,1,2,0,0,0,0,0,0,0,0,0,0,1,0,0,1,0,0,0,0,0,0,0,0,5,0,0,0,1,2,2,0,0,0,0,0,0,0,0,0,0,0,0,0,1,2,2,0,1,1,1,2,2,0,5,0,0,1,1,2,0,1,2,0,1,2,2,0,0,0,1,2,0,1,2,2,1,2,2,1,2,2,0,0,1,1,1,1,2,0,1,0,0,1,0,0,5,0,75,4,4,2,101.2,0.119,0.037,,,,0.089,,,,,,,,,,,0.015,,0.015,,,,,,,,,,,,,,,,,8.0
RPath,833,sidewalks,72.483,CON,1,2,2,0,0,0,0,0,0,1,0,0,1,0,0,1,0,0,0,0,0,0,0,0,5,0,0,0,1,2,2,0,0,0,0,0,0,0,0,0,0,0,0,0,1,2,0,0,1,0,1,2,0,0,0,0,3,1,1,2,0,1,0,0,1,2,2,0,0,0,1,0,0,1,2,0,1,2,2,1,2,2,0,0,1,1,1,1,2,0,1,0,0,1,0,0,5,0,65,4,3,3,73.3,0.409,0.133,,,0.041,0.368,,,,,,,,,,,,,,,,,,,,,,,,,,,,,,9.0
RPath,834,sidewalks,73.742,CON,1,2,2,0,0,0,0,0,0,1,0,0,1,0,0,1,0,0,0,0,0,0,0,0,5,0,0,0,1,2,2,0,0,0,0,0,0,0,0,0,0,0,0,0,1,2,2,0,1,1,1,2,2,0,5,0,3,1,1,0,0,1,2,0,1,2,0,0,0,0,1,2,0,1,2,2,1,2,0,1,2,2,0,0,1,1,1,1,2,0,1,2,0,1,0,0,5,0,77,4,4,2,72.4,0.186,0.052,,,,0.166,,,,,,,,,,,,,0.021,,,,,,,,,,,,,,,,,8.0
RPath,835,sidewalks,100.488,CON,1,2,2,0,0,0,0,0,0,1,0,0,1,0,0,1,0,0,0,0,0,0,0,0,5,0,0,0,1,2,2,0,0,0,0,0,0,0,0,0,0,0,0,0,1,2,2,0,1,1,1,2,2,0,5,0,3,1,1,0,0,1,0,0,1,2,0,0,0,0,1,2,0,1,2,2,1,2,2,1,2,2,0,0,1,1,1,1,2,0,1,2,0,1,0,0,5,0,77,4,4,2,100.5,0.119,0.034,,,,0.104,,,,,,,,,,,,,0.015,,,,,,,,,,,,,,,,,8.0
RPath,836,sidewalks,74.533,CON,1,2,0,0,0,0,0,0,0,0,0,0,1,0,0,1,0,0,0,0,0,0,0,0,5,0,0,0,1,2,2,0,0,0,0,0,0,0,0,0,0,0,0,0,1,2,2,0,1,1,1,2,2,0,5,0,3,1,1,2,0,1,2,0,1,2,0,0,0,0,1,2,0,1,2,0,1,2,0,1,2,0,0,3,1,1,1,1,2,0,1,0,0,1,0,0,5,0,73,4,4,2,74.5,0.221,0.060,,,,0.201,,,,,,,,,,,,,0.020,,,,,,,,,,,,,,,,,8.0
RPath,837,sidewalks,99.889,CON,1,2,0,0,0,0,0,0,0,0,0,0,1,0,0,1,0,0,0,0,0,0,0,0,5,0,0,0,1,2,2,0,0,0,0,0,0,0,0,0,0,0,0,0,1,2,2,0,1,1,1,2,2,0,5,0,3,1,1,2,0,1,2,0,1,2,0,0,0,0,1,0,0,1,2,0,1,2,2,1,2,0,0,3,1,1,1,1,2,0,1,0,0,0,0,0,5,0,72,4,4,2,99.9,0.165,0.041,,,,0.165,,,,,,,,,,,,,,,,,,,,,,,,,,,,,,8.0
RPath,838,sidewalks,74.214,CON,1,2,0,0,0,0,0,0,0,0,0,0,1,0,0,0,0,0,0,0,0,0,0,0,5,0,0,0,1,2,2,0,0,0,0,0,0,0,0,0,0,0,0,0,1,2,0,0,1,0,1,2,0,0,0,0,3,1,1,2,0,1,2,0,1,2,2,0,0,0,1,0,0,1,2,0,1,2,2,1,2,0,0,0,1,1,1,1,2,0,1,0,0,1,0,0,5,0,61,3,3,3,74.2,0.384,0.116,,,,0.303,,,,,,,,,,,,,0.081,,,,,,,,,,,,,,,,,9.0
RPath,839,sidewalks,101.483,CON,1,2,0,0,0,0,0,0,0,0,0,0,1,0,0,1,0,0,0,0,0,0,0,0,5,0,0,0,1,2,2,0,0,0,0,0,0,0,0,0,0,0,0,0,1,2,2,0,1,1,1,2,2,0,5,0,0,1,1,2,0,1,2,0,1,2,2,0,0,0,1,2,0,1,2,0,1,2,2,1,2,0,0,0,1,1,1,1,2,0,1,0,0,1,0,0,5,0,71,4,4,2,101.5,0.163,0.048,,,,0.133,,,,,,,,,,,0.015,,0.015,,,,,,,,,,,,,,,,,8.0
RPath,840,sidewalks,129.244,CON,1,0,0,0,0,0,0,0,0,0,0,0,1,0,0,1,0,0,0,0,0,0,0,0,5,0,0,0,1,2,2,0,0,0,0,0,0,0,0,0,0,0,0,0,1,2,2,0,1,1,1,2,2,0,5,0,3,0,1,2,0,1,2,0,1,2,0,0,0,0,1,0,0,1,2,0,1,2,0,1,2,2,0,3,1,1,1,1,2,0,0,0,0,0,0,0,5,0,68,4,4,3,133.8,0.594,0.177,,,0.011,0.381,0.011,,,,,,,,0.146,,0.034,,0.011,,,,,,,,,,,,,,,,,12.0
RPath,841,sidewalks,104.466,CON,1,0,0,0,0,0,0,0,0,0,0,0,1,2,0,1,0,0,0,0,0,0,0,0,5,0,0,0,1,2,2,0,0,0,0,0,0,0,0,0,0,0,0,0,1,2,2,0,1,1,1,2,2,0,5,0,3,1,1,2,0,1,2,0,1,2,0,0,0,0,1,0,0,1,2,0,1,2,2,1,2,0,0,3,1,1,1,1,2,0,0,0,0,0,0,0,5,0,71,4,4,3,104.2,0.403,0.112,,,,0.389,0.014,,,,,,,,,,,,,,,,,,,,,,,,,,,,,12.0
RPath,842,sidewalks,130.256,CON,1,0,0,0,0,0,0,0,0,0,0,0,1,2,0,0,0,0,0,0,0,0,0,0,5,0,0,0,1,2,2,0,0,0,0,0,0,0,0,0,0,0,0,0,1,2,0,0,1,0,1,2,2,0,5,0,3,1,1,2,2,1,2,0,1,2,0,0,0,0,1,0,0,1,2,0,1,2,2,1,2,0,0,0,1,1,1,1,2,0,0,0,0,0,0,0,5,0,66,4,3,2,132.8,0.192,0.048,,,,0.192,,,,,,,,,,,,,,,,,,,,,,,,,,,,,,6.0
RPath,843,sidewalks,105.254,CON,1,0,0,0,0,0,0,0,0,0,0,0,1,2,0,0,0,0,0,0,0,0,0,0,5,0,3,0,1,2,2,0,0,0,0,0,0,0,0,0,0,0,0,0,1,2,0,0,1,0,1,2,2,0,5,0,0,1,1,2,2,1,2,0,1,0,0,0,0,0,0,0,0,1,0,0,1,2,0,1,2,0,0,0,1,1,1,1,2,0,0,0,0,0,0,0,5,0,59,3,3,2,104.8,0.129,0.032,,,,0.129,,,,,,,,,,,,,,,,,,,,,,,,,,,,,,6.0
RPath,844,sidewalks,129.487,CON,1,0,0,0,0,0,0,0,0,0,0,0,1,2,0,0,0,0,0,0,0,0,0,0,5,0,0,0,1,2,2,0,0,0,0,0,0,0,0,0,0,0,0,0,1,2,0,0,1,0,1,2,2,0,5,0,3,1,1,2,2,1,2,0,1,2,0,0,0,0,0,0,0,1,0,0,1,2,2,1,2,0,0,0,1,1,1,1,0,0,0,0,0,0,0,0,5,0,61,3,3,3,129.7,0.335,0.113,,,,0.266,0.035,,,,,,,,0.023,,,,0.012,,,,,,,,,,,,,,,,,9.0
RPath,1980,sidewalks,161.097,HMAC,1,2,2,0,0,0,0,0,0,0,0,0,1,2,2,0,0,0,0,0,0,0,0,0,0,0,3,0,1,2,0,0,0,0,0,0,0,0,0,0,0,0,0,0,1,0,0,0,0,0,1,2,2,0,5,0,0,1,1,0,0,0,0,0,1,0,0,0,0,0,0,0,0,0,0,0,1,2,0,0,0,0,0,0,1,1,1,1,2,2,0,0,0,0,0,0,5,0,46,3,2,,,,,,,,,,,,,,,,,,,,,,,,,,,,,,,,,,,,,,
RPath,847,sidewalks,102.607,CON,1,2,0,0,0,0,0,0,0,0,0,0,1,2,0,0,0,0,0,0,0,0,0,0,5,0,3,0,1,2,2,0,0,0,0,0,0,0,0,0,0,0,0,0,1,2,0,0,1,0,1,2,0,0,5,0,3,1,1,2,0,1,0,0,1,2,0,0,0,0,1,0,0,1,2,0,1,2,2,1,2,0,0,0,1,1,1,1,2,0,0,0,0,0,0,0,5,0,65,4,3,2,103.8,0.361,0.094,,,,0.347,,,,,,,,,,,0.014,,,,,,,,,,,,,,,,,,,6.0
RPath,848,sidewalks,76.413,CON,1,2,0,0,0,0,0,0,0,0,0,0,1,2,0,1,0,0,0,0,0,0,0,0,5,0,3,0,1,2,2,0,0,0,0,0,0,0,0,0,0,0,0,0,1,2,0,0,0,0,1,2,0,0,5,0,3,1,1,2,0,1,0,0,1,2,2,0,0,0,0,0,0,1,0,0,1,2,2,1,2,0,0,0,1,1,1,1,2,0,0,0,0,0,0,0,5,0,64,4,3,2,76.4,0.216,0.059,,,,0.196,,,,,,,,,,,0.020,,,,,,,,,,,,,,,,,,,6.0
RPath,849,sidewalks,100.761,CON,1,2,0,0,0,0,0,0,0,0,0,0,1,2,0,1,0,0,0,0,0,0,0,0,5,0,3,0,1,2,2,0,0,0,0,0,0,0,0,0,0,0,0,0,1,2,0,0,1,0,1,2,0,0,5,0,0,1,1,2,0,1,0,0,1,2,2,0,0,0,1,0,0,1,2,0,1,2,2,1,2,0,0,0,1,1,1,1,2,0,1,0,0,1,0,0,5,0,67,4,4,3,100.7,0.596,0.149,,,,0.596,,,,,,,,,,,,,,,,,,,,,,,,,,,,,,12.0
RPath,850,sidewalks,76.373,CON,1,2,0,0,0,0,0,0,0,0,0,0,1,2,0,0,0,0,0,0,0,0,0,0,5,0,0,0,1,2,2,0,0,0,0,0,0,0,0,0,0,0,0,0,1,2,0,0,1,0,1,2,0,0,0,0,3,1,1,2,0,1,0,0,1,2,2,0,0,0,1,0,0,1,2,0,1,2,2,1,2,0,0,0,1,1,1,1,0,0,1,0,0,1,0,0,5,0,59,3,3,2,77.8,0.212,0.072,,,,0.174,0.019,,,,,,,,,,,,0.019,,,,,,,,,,,,,,,,,6.0
RPath,851,sidewalks,99.71,CON,1,2,2,0,0,0,0,0,0,0,0,0,1,0,0,1,0,0,0,0,0,0,0,0,5,0,0,0,1,2,2,0,0,0,1,0,0,0,0,0,0,0,0,0,1,2,2,0,1,0,1,2,0,0,5,0,3,1,1,0,0,1,0,0,1,2,2,0,0,0,1,0,0,1,2,0,1,2,2,1,2,0,0,3,1,1,1,1,2,0,1,0,0,1,0,0,5,0,71,4,4,3,100.9,0.387,0.152,,,0.015,0.193,,,,,,,,,,,,,0.178,,,,,,,,,,,,,,,,,12.0
RPath,852,sidewalks,73.904,CON,1,2,0,0,0,0,0,0,0,0,0,0,1,2,0,1,0,0,0,0,0,0,0,0,5,0,3,0,1,2,2,0,0,0,1,0,0,0,0,0,0,0,0,0,1,2,2,0,1,0,1,2,0,0,5,0,3,1,1,0,0,1,0,0,1,2,2,0,0,0,0,0,0,1,0,0,1,2,2,1,2,0,0,3,1,1,1,1,2,0,1,0,0,1,0,0,5,0,71,4,4,2,73.3,0.266,0.067,,,,0.266,,,,,,,,,,,,,,,,,,,,,,,,,,,,,,8.0
RPath,853,sidewalks,98.958,CON,1,2,2,0,0,0,0,0,0,1,0,0,1,0,0,1,0,0,0,0,0,0,0,0,5,0,0,0,1,2,2,0,0,0,1,0,0,0,0,0,0,0,0,0,1,2,2,0,1,0,1,2,0,0,5,0,3,1,1,0,0,1,0,0,1,2,2,0,0,0,1,0,0,1,2,0,1,2,2,1,2,0,0,3,1,1,1,1,2,0,1,0,0,1,0,0,5,0,72,4,4,2,99.0,0.318,0.091,,,,0.303,0.015,,,,,,,,,,,,,,,,,,,,,,,,,,,,,8.0
RPath,854,sidewalks,73.59,CON,1,2,2,0,0,0,0,0,0,1,0,0,1,0,0,1,0,0,0,0,0,0,0,0,5,0,0,0,1,2,2,0,0,0,1,0,0,0,0,0,0,0,0,0,1,2,0,0,1,0,1,2,0,0,0,0,3,1,1,0,0,1,0,0,1,2,0,0,0,0,1,0,0,1,2,0,1,2,2,1,2,0,5,0,1,1,1,1,2,0,1,2,0,1,2,0,5,0,69,4,4,2,73.6,0.285,0.087,,,,0.265,0.020,,,,,,,,,,,,,,,,,,,,,,,,,,,,,8.0
RPath,855,sidewalks,100.646,CON,1,2,2,0,0,0,0,0,0,1,0,0,1,2,0,1,2,0,0,0,0,0,0,0,5,0,3,0,1,2,2,0,0,0,1,0,0,0,0,0,0,0,0,0,1,2,2,0,1,0,1,2,0,0,5,0,0,1,0,0,0,0,0,0,1,2,0,0,0,0,1,0,0,1,2,0,1,2,2,1,2,0,5,3,1,1,1,1,2,0,1,2,0,1,2,0,5,0,81,4,4,2,100.6,0.194,0.052,,,,0.179,,,,,,,,,,,,,0.015,,,,,,,,,,,,,,,,,8.0
RPath,856,sidewalks,73.583,CON,1,2,0,0,0,0,0,0,0,0,0,0,1,2,0,1,2,0,0,0,0,0,0,0,5,0,3,0,1,2,2,0,0,0,1,0,0,0,0,0,0,0,0,0,1,2,2,0,1,0,1,2,0,0,5,0,3,1,1,0,0,0,0,0,1,2,2,0,0,0,1,0,0,1,2,0,1,2,0,1,2,0,0,3,1,1,1,1,2,0,1,0,0,1,2,0,5,0,75,4,4,3,73.6,0.408,0.117,,,,0.387,0.020,,,,,,,,,,,,,,,,,,,,,,,,,,,,,12.0
RPath,857,sidewalks,89.528,CON,1,2,2,0,0,0,0,0,0,1,0,0,1,2,0,1,2,0,0,0,0,0,0,0,5,0,0,0,1,2,2,0,0,0,1,2,0,0,0,0,0,0,0,0,1,2,2,0,1,0,1,2,0,0,5,0,0,1,1,0,0,0,0,0,1,2,0,0,0,0,1,0,0,1,2,0,1,2,2,1,2,0,0,3,1,1,1,1,2,2,1,2,0,1,2,0,5,0,78,4,4,2,96.6,0.140,0.035,,,,0.140,,,,,,,,,,,,,,,,,,,,,,,,,,,,,,8.0
RPath,866,sidewalks,296.887,CON,1,2,0,0,0,0,0,0,0,0,0,0,1,2,2,0,0,0,1,2,2,0,0,0,0,0,0,0,0,0,0,0,0,0,1,0,0,0,0,0,0,0,0,0,0,0,0,0,0,0,1,2,2,5,5,0,0,0,0,0,0,0,0,0,0,0,0,0,0,0,0,0,0,0,0,0,0,0,0,0,0,0,0,0,1,1,1,0,0,0,0,0,0,0,0,0,0,0,32,2,2,3,296.9,0.141,0.126,,,,0.020,0.081,,,,,,,,,,,0.005,,0.035,,,,,,,,,,,,,,,,6.0
RPath,867,sidewalks,300.0,CON,1,0,0,0,0,0,0,0,0,0,0,0,1,2,2,0,0,0,1,2,2,0,0,0,0,0,0,0,0,0,0,0,0,0,1,0,0,0,0,0,0,0,0,0,0,0,0,0,0,0,1,2,2,5,5,0,0,0,0,0,0,0,0,0,0,0,0,0,0,0,0,0,0,0,0,0,0,0,0,0,0,0,0,0,1,1,1,0,0,0,0,0,0,0,0,0,0,0,30,2,2,1,300.0,0.000,0.000,,,,,,,,,,,,,,,,,,,,,,,,,,,,,,,,,,2.0
RPath,868,sidewalks,305.95,CON,1,0,0,0,0,0,0,0,0,0,0,0,1,2,2,0,0,0,1,2,2,0,0,0,0,0,0,0,0,0,0,0,0,0,1,0,0,0,0,0,0,0,0,0,0,0,0,0,0,0,1,2,2,5,5,0,0,0,0,0,0,0,0,0,0,0,0,0,0,0,0,0,0,0,0,0,0,0,0,0,0,0,0,0,1,1,1,0,0,0,0,0,0,0,0,0,0,0,30,2,2,3,306.0,0.162,0.145,,,,0.020,0.078,,,,,,,,,,0.005,0.010,,0.049,,,,,,,,,,,,,,,,6.0
RPath,869,sidewalks,300.0,CON,1,2,0,0,0,0,0,0,0,0,0,0,1,2,2,0,0,0,1,2,2,0,0,0,0,0,0,0,0,0,0,0,0,0,1,0,0,0,0,0,0,0,0,0,0,0,0,0,0,0,1,2,2,5,5,0,0,0,0,0,0,0,0,0,0,0,0,0,0,0,0,0,0,0,0,0,0,0,0,0,0,0,0,0,1,1,1,0,0,0,0,0,0,0,0,0,0,0,32,2,2,1,300.0,0.000,0.000,,,,,,,,,,,,,,,,,,,,,,,,,,,,,,,,,,2.0
RPath,870,sidewalks,302.261,CON,1,2,0,0,0,0,0,0,0,0,0,0,1,2,2,0,0,0,1,2,2,0,0,0,0,0,0,0,0,0,0,0,0,0,1,0,0,0,0,0,0,0,0,0,0,0,0,0,0,0,1,2,2,5,5,0,0,0,0,0,0,0,0,0,0,0,0,0,0,0,0,0,0,0,0,0,0,0,0,0,0,0,0,0,1,1,1,0,0,0,0,0,0,0,0,0,0,0,32,2,2,3,302.3,0.134,0.134,0.020,,,,0.069,,,,,,,,,,,0.010,,0.035,,,,,,,,,,,,,,,,6.0
RPath,871,sidewalks,300.0,CON,1,2,0,0,0,0,0,0,0,0,0,0,1,2,0,0,0,0,1,2,0,0,0,0,0,0,0,0,0,0,0,0,0,0,1,2,0,0,0,0,0,0,0,0,0,0,0,0,0,0,1,2,2,5,5,0,0,0,0,0,0,0,0,0,1,2,0,0,0,0,0,0,0,0,0,0,0,0,0,0,0,0,0,0,1,1,1,0,0,0,0,0,0,0,0,0,0,0,33,2,2,2,300.0,0.035,0.032,,,,,0.020,,,,,,,,,,0.005,0.010,,,,,,,,,,,,,,,,,,4.0
RPath,872,sidewalks,295.998,CON,1,2,0,0,0,0,0,0,0,0,0,0,1,2,0,0,0,0,1,2,0,0,0,0,0,0,0,0,0,0,0,0,0,0,1,2,0,0,0,0,0,0,0,0,0,0,0,0,0,0,1,2,2,5,5,0,0,0,0,0,0,0,0,0,1,2,0,0,0,0,0,0,0,0,0,0,0,0,0,0,0,0,0,0,1,1,1,0,0,0,0,0,0,0,0,0,0,0,33,2,2,3,296.0,0.188,0.184,0.061,,,0.005,0.081,,,,,,,,,,,,,0.041,,,,,,,,,,,,,,,,6.0
RPath,873,sidewalks,280.318,CON,1,2,2,0,0,0,0,0,0,0,0,0,0,0,0,1,0,0,0,0,0,0,0,0,0,0,0,0,0,0,0,0,0,0,1,2,2,0,0,0,0,0,0,0,1,0,0,0,1,0,1,2,2,5,5,0,0,0,0,0,0,0,0,0,1,2,0,0,0,0,0,0,0,1,0,0,0,0,0,0,0,0,0,0,1,1,1,0,0,0,0,0,0,0,0,0,0,0,35,2,2,2,280.3,0.016,0.012,,,0.011,0.005,,,,,,,,,,,,,,,,,,,,,,,,,,,,,,4.0
RPath,874,sidewalks,289.248,CON,1,2,2,0,0,0,0,0,0,0,0,0,1,0,0,1,0,0,1,0,0,0,0,0,0,0,0,0,0,0,0,0,0,0,1,2,2,0,0,0,0,0,0,0,1,0,0,0,0,0,1,2,2,5,5,0,0,0,0,0,0,0,0,0,1,2,0,0,0,0,0,0,0,1,0,0,0,0,0,0,0,0,0,0,1,1,1,0,0,0,0,0,0,0,0,0,0,0,36,2,2,3,289.2,0.218,0.163,0.062,,,0.073,0.047,,,,,,,,,,,0.005,,0.031,,,,,,,,,,,,,,,,6.0
RPath,1732,sidewalks,78.671,CON,1,2,2,1,2,0,0,0,0,0,0,0,1,0,0,0,0,0,0,0,0,0,0,0,5,5,0,2,0,0,0,0,0,0,1,2,2,0,0,0,0,0,0,5,1,2,2,0,0,0,1,2,2,5,5,4,0,1,1,0,0,0,0,0,0,0,0,0,0,0,0,0,0,1,2,0,1,0,0,0,0,0,5,3,1,1,1,1,2,0,0,0,0,0,0,0,5,0,80,4,4,,,,,,,,,,,,,,,,,,,,,,,,,,,,,,,,,,,,,,
RPath,878,sidewalks,258.932,HMAC,1,2,2,1,2,2,1,2,2,0,0,0,1,2,2,1,0,0,0,0,0,0,0,0,0,5,0,2,0,0,0,0,0,0,1,2,0,0,0,0,0,0,0,0,1,0,0,0,0,0,1,2,2,0,0,0,3,0,0,0,0,0,0,0,0,0,0,0,0,0,0,0,0,1,2,2,1,2,2,0,0,0,0,3,0,0,0,0,0,0,0,0,0,0,0,0,5,0,58,3,3,3,258.9,0.313,0.104,,,,0.278,0.035,,,,,,,,,,,,,,,,,,,,,,,,,,,,,9.0
RPath,879,sidewalks,187.014,CON,1,2,2,1,2,2,1,2,2,0,0,0,1,2,2,1,2,0,0,0,0,1,2,2,0,5,0,2,0,0,0,0,0,0,1,2,2,0,0,0,0,0,0,0,1,2,2,0,0,0,1,2,2,5,5,0,3,0,0,0,0,0,0,0,0,0,0,0,0,0,1,2,2,1,2,2,1,2,0,0,0,0,0,3,1,0,1,1,0,0,0,0,0,0,0,0,5,0,87,5,5,2,187.0,0.056,0.014,,,,0.056,,,,,,,,,,,,,,,,,,,,,,,,,,,,,,10.0
RPath,880,sidewalks,190.26,CON,1,2,2,1,2,2,1,2,2,0,0,0,1,2,2,1,0,0,0,0,0,1,2,2,0,5,0,0,0,0,0,1,0,0,1,2,2,0,0,0,0,0,0,0,1,2,0,0,0,0,1,2,2,5,0,0,3,1,0,0,0,0,0,0,1,0,0,0,0,0,1,2,0,1,2,2,1,2,2,0,0,0,0,3,1,0,0,1,0,0,0,0,0,0,0,0,5,0,78,4,4,2,190.3,0.126,0.032,,,,0.126,,,,,,,,,,,,,,,,,,,,,,,,,,,,,,8.0
RPath,881,sidewalks,62.614,CON,1,2,2,1,2,2,1,2,0,0,0,0,1,2,2,1,0,0,0,0,0,1,2,2,0,5,0,2,0,0,0,1,0,0,1,2,2,0,0,0,0,0,0,0,1,0,0,0,0,0,1,2,2,5,0,0,3,1,0,0,0,0,0,0,1,0,0,0,0,0,1,2,0,1,2,0,1,2,2,0,0,0,0,3,1,0,0,0,0,0,0,0,0,0,0,0,5,0,73,4,4,1,64.1,0.023,0.006,,,,0.023,,,,,,,,,,,,,,,,,,,,,,,,,,,,,,4.0
RPath,882,sidewalks,222.697,HMAC,1,2,2,1,2,0,0,0,0,0,0,0,1,0,0,0,0,0,0,0,0,1,0,0,5,5,0,2,0,0,0,1,2,2,1,2,2,0,0,0,0,0,0,0,1,2,0,0,1,1,1,2,2,5,0,0,3,1,0,0,0,0,0,0,1,2,0,0,0,0,1,0,0,1,2,0,1,2,0,0,0,0,5,3,0,0,0,0,0,0,0,0,0,0,0,0,5,0,74,4,4,2,222.7,0.054,0.013,,,,0.054,,,,,,,,,,,,,,,,,,,,,,,,,,,,,,8.0
RPath,883,sidewalks,89.433,HMAC,1,2,2,1,0,0,0,0,0,0,0,0,1,0,0,0,0,0,0,0,0,1,0,0,5,5,0,2,0,0,0,1,2,2,1,2,2,0,0,0,0,0,0,0,1,0,0,0,1,1,1,2,2,0,0,0,3,1,0,0,0,0,0,0,1,0,0,0,0,0,1,0,0,1,2,0,1,2,0,0,0,0,5,3,0,0,0,0,0,0,0,0,0,0,0,0,5,0,63,3,3,1,89.4,0.034,0.008,,,,0.034,,,,,,,,,,,,,,,,,,,,,,,,,,,,,,3.0
RPath,884,sidewalks,88.619,HMAC,1,2,2,1,0,0,0,0,0,0,0,0,1,0,0,0,0,0,0,0,0,0,0,0,0,0,0,2,0,0,0,1,2,2,1,2,2,0,0,0,0,0,0,0,1,2,0,0,1,1,1,2,2,0,0,0,3,1,0,0,0,0,0,0,0,0,0,0,0,0,0,0,0,1,0,0,1,2,0,0,0,0,5,3,0,0,0,0,0,0,0,0,0,0,0,0,5,0,50,3,3,2,88.6,0.118,0.030,,,,0.102,,,,,,,0.017,,,,,,,,,,,,,,,,,,,,,,,6.0
RPath,885,sidewalks,55.595,HMAC,1,2,2,0,0,0,0,0,0,0,0,0,1,0,0,1,0,0,0,0,0,0,0,0,0,0,0,2,0,0,0,1,2,2,1,2,2,0,0,0,0,0,0,0,1,2,0,0,1,1,1,2,2,0,0,0,3,1,0,0,0,0,0,0,0,0,0,0,0,0,0,0,0,1,0,0,1,2,0,0,0,0,5,3,0,0,0,0,0,0,0,0,0,0,0,0,5,0,50,3,3,2,57.2,0.079,0.020,,,,0.079,,,,,,,,,,,,,,,,,,,,,,,,,,,,,,6.0
RPath,889,sidewalks,212.344,CON,1,2,2,0,0,0,0,0,0,1,2,0,1,0,0,0,0,0,0,0,0,0,0,0,0,5,0,0,1,2,2,1,2,2,1,2,0,0,0,0,1,2,0,0,1,2,0,0,1,1,1,2,2,5,5,0,0,0,1,2,0,0,0,0,1,2,2,0,0,0,1,0,0,1,2,0,1,0,0,0,0,0,0,0,1,1,1,1,2,2,1,2,2,1,2,0,5,0,84,5,4,1,207.8,0.022,0.005,,,,0.022,,,,,,,,,,,,,,,,,,,,,,,,,,,,,,4.0
RPath,890,sidewalks,208.267,CON,1,2,2,1,0,0,0,0,0,1,0,0,1,0,0,0,0,0,0,0,0,0,0,0,5,5,0,0,1,2,2,1,2,2,1,2,2,0,0,0,1,2,2,0,1,2,2,0,1,1,1,2,2,5,5,0,0,0,1,0,0,0,0,0,1,2,2,0,0,0,1,0,0,1,0,0,1,0,0,0,0,0,0,0,1,1,1,1,2,0,1,0,0,0,0,0,5,0,81,4,4,1,207.8,0.014,0.009,0.007,,,0.007,,,,,,,,,,,,,,,,,,,,,,,,,,,,,,4.0
RPath,895,sidewalks,94.354,HMAC,1,2,2,1,2,2,0,0,0,0,0,0,1,2,0,0,0,0,0,0,0,0,0,0,0,5,0,2,0,0,0,0,0,0,0,0,0,0,0,0,0,0,0,5,0,0,0,0,0,0,1,2,2,5,0,0,3,1,1,0,0,0,0,0,0,0,0,0,0,0,0,0,0,1,2,0,1,2,0,0,0,0,0,3,1,0,1,1,0,0,0,0,0,0,0,0,5,0,57,3,3,3,94.4,0.334,0.167,,,,0.095,0.095,,,,,,,,0.095,,0.048,,,,,,,,,,,,,,,,,,,9.0
RPath,896,sidewalks,94.845,HMAC,1,2,2,1,2,2,0,0,0,0,0,0,1,2,2,0,0,0,0,0,0,0,0,0,0,5,0,2,0,0,0,0,0,0,0,0,0,0,0,0,0,0,0,5,0,0,0,0,0,0,1,2,2,5,0,0,3,1,1,0,0,0,0,0,0,0,0,0,0,0,0,0,0,1,2,0,1,2,2,0,0,0,0,3,1,0,1,1,0,0,0,0,0,0,0,0,5,0,61,3,3,2,95.3,0.142,0.035,,,,0.142,,,,,,,,,,,,,,,,,,,,,,,,,,,,,,6.0
RPath,897,sidewalks,93.918,CON,1,2,2,1,2,2,0,0,0,0,0,0,1,2,2,1,0,0,0,0,0,0,0,0,0,5,0,2,0,0,0,0,0,0,1,0,0,0,0,0,0,0,0,5,1,0,0,0,0,0,1,2,2,5,0,0,3,1,1,0,0,0,0,0,0,0,0,0,0,0,0,0,0,1,2,2,1,2,2,0,0,0,0,3,1,0,1,1,2,0,0,0,0,0,0,0,5,0,68,4,4,2,93.9,0.048,0.036,,,,0.016,0.032,,,,,,,,,,,,,,,,,,,,,,,,,,,,,8.0
RPath,898,sidewalks,86.016,CON,1,2,2,1,2,0,0,0,0,0,0,0,1,2,2,1,0,0,0,0,0,0,0,0,0,0,0,2,0,0,0,0,0,0,1,2,0,0,0,0,0,0,0,5,1,0,0,0,0,0,1,2,2,5,0,0,3,1,1,0,0,0,0,0,0,0,0,0,0,0,0,0,0,1,2,2,1,2,2,0,0,0,5,3,1,0,1,1,2,0,0,0,0,0,0,0,5,0,68,4,4,3,86.0,0.209,0.196,,,,0.017,0.192,,,,,,,,,,,,,,,,,,,,,,,,,,,,,12.0
RPath,899,sidewalks,64.142,HMAC,1,2,2,1,2,0,0,0,0,0,0,0,1,2,0,0,0,0,0,0,0,0,0,0,0,5,0,2,0,0,0,0,0,0,0,0,0,0,0,0,0,0,0,5,0,0,0,0,0,0,1,0,0,5,0,0,3,1,0,0,0,0,0,0,0,0,0,0,0,0,0,0,0,1,0,0,1,0,0,0,0,0,0,3,1,0,1,0,0,0,0,0,0,0,0,0,5,0,45,2,2,2,64.2,0.047,0.018,,,,0.023,,,,,,,,,,,0.023,,,,,,,,,,,,,,,,,,,4.0
RPath,900,sidewalks,89.896,HMAC,1,2,2,1,2,0,0,0,0,0,0,0,1,2,0,0,0,0,0,0,0,0,0,0,0,5,0,2,0,0,0,0,0,0,0,0,0,0,0,0,0,0,0,5,0,0,0,0,0,0,1,2,0,5,0,0,3,1,1,0,0,0,0,0,0,0,0,0,0,0,0,0,0,1,0,0,1,0,0,0,0,0,0,3,1,0,1,0,0,0,0,0,0,0,0,0,5,0,48,3,2,2,89.9,0.250,0.088,,,,0.217,,,,,,,,0.033,,,,,,,,,,,,,,,,,,,,,,4.0
RPath,901,sidewalks,185.81,HMAC,1,2,2,1,0,0,1,0,0,0,0,0,1,2,2,0,0,0,0,0,0,0,0,0,0,5,0,2,0,0,0,0,0,0,1,2,0,0,0,0,0,0,0,0,1,0,0,0,0,0,1,0,0,0,0,0,0,1,0,0,0,0,0,0,1,0,0,0,0,0,0,0,0,1,2,2,1,2,2,1,0,0,5,3,1,1,1,0,0,0,0,0,0,0,0,0,5,0,53,3,3,5,185.8,0.702,0.696,,,,,0.694,,,,,,0.008,,,,,,,,,,,,,,,,,,,,,,,15.0
RPath,902,sidewalks,253.214,HMAC,1,2,2,1,0,0,1,0,0,0,0,0,1,2,2,0,0,0,0,0,0,0,0,0,0,5,0,2,0,0,0,0,0,0,1,2,2,0,0,0,0,0,0,0,1,2,2,0,0,0,1,2,2,5,5,0,0,1,0,0,0,0,0,0,1,0,0,0,0,0,0,0,0,1,2,2,1,2,2,1,2,0,5,3,1,1,1,0,0,0,0,0,0,0,0,0,5,0,75,4,4,5,253.2,0.640,0.631,,,,0.012,0.622,,,,,,,0.006,,,,,,,,,,,,,,,,,,,,,,20.0
RPath,903,sidewalks,50.275,HMAC,1,2,2,1,0,0,1,0,0,0,0,0,1,0,0,0,0,0,0,0,0,0,0,0,0,5,0,2,0,0,0,1,2,2,1,2,0,0,0,0,0,0,0,0,0,0,0,0,0,0,1,2,2,5,0,0,3,1,1,0,0,0,0,0,1,2,2,0,0,0,0,0,0,1,2,2,1,2,0,0,0,0,0,3,1,1,1,0,0,0,0,0,0,0,0,0,5,0,62,3,3,4,51.9,0.434,0.434,,,,,0.434,,,,,,,,,,,,,,,,,,,,,,,,,,,,,12.0
RPath,904,sidewalks,121.068,HMAC,1,2,2,1,0,0,1,0,0,0,0,0,1,2,0,1,0,0,0,0,0,0,0,0,0,5,0,2,0,0,0,1,2,0,1,2,2,0,0,0,0,0,0,0,0,0,0,0,0,0,1,2,2,5,0,0,3,1,1,2,0,0,0,0,1,0,0,0,0,0,0,0,0,1,2,0,1,2,0,0,0,0,5,3,1,1,1,0,0,0,0,0,0,0,0,0,5,0,66,4,3,4,121.6,0.432,0.321,,,,0.062,0.259,,,,,,0.086,0.025,,,,,,,,,,,,,,,,,,,,,,12.0
RPath,905,sidewalks,245.857,HMAC,1,2,2,1,0,0,1,0,0,0,0,0,1,0,0,1,0,0,0,0,0,0,0,0,5,5,0,2,0,0,0,1,2,2,1,2,2,0,0,0,0,0,0,0,0,0,0,0,0,0,1,2,2,5,5,0,3,1,1,2,0,0,0,0,1,2,2,0,0,0,0,0,0,1,2,2,1,0,0,0,0,0,5,3,1,1,1,0,0,0,0,0,0,0,0,0,5,0,80,4,4,4,245.9,0.287,0.253,,,,0.037,0.201,,,,,,,,,0.024,0.012,0.012,,,,,,,,,,,,,,,,,,16.0
RPath,906,sidewalks,286.439,CON,1,2,2,1,2,0,1,2,0,0,0,0,1,2,2,0,0,0,0,0,0,0,0,0,0,5,0,2,0,0,0,1,2,2,1,2,2,1,2,2,1,0,0,0,0,0,0,0,1,1,1,2,2,5,5,4,0,0,0,0,0,0,0,0,0,0,0,0,0,0,1,0,0,1,2,0,1,0,0,0,0,0,5,0,1,1,1,0,0,0,0,0,0,0,0,0,5,0,78,4,4,1,290.4,0.000,0.000,,,,,,,,,,,,,,,,,,,,,,,,,,,,,,,,,,4.0
RPath,913,sidewalks,224.319,HMAC,1,2,2,0,0,0,0,0,0,0,0,0,1,0,0,1,0,0,0,0,0,0,0,0,0,5,0,2,0,0,0,0,0,0,1,2,2,0,0,0,0,0,0,0,0,0,0,0,0,0,1,2,2,5,5,0,0,1,0,0,0,0,0,0,0,0,0,0,0,0,0,0,0,0,0,0,1,0,0,0,0,0,0,0,1,0,0,0,0,0,0,0,0,0,0,0,5,0,42,2,2,4,223.7,0.362,0.352,,,,,0.322,,,,,,,,,,0.013,0.020,0.007,,,,,,,,,,,,,,,,,8.0
RPath,914,sidewalks,220.379,HMAC,1,2,2,1,2,0,0,0,0,0,0,0,1,2,0,0,0,0,0,0,0,0,0,0,0,5,0,2,0,0,0,0,0,0,1,2,2,0,0,0,0,0,0,0,0,0,0,0,1,0,1,2,2,5,5,0,3,0,0,0,0,0,0,0,0,0,0,0,0,0,0,0,0,1,0,0,1,0,0,0,0,0,0,0,1,1,0,0,0,0,0,0,0,0,0,0,5,0,51,3,3,4,223.7,0.369,0.365,0.027,,0.013,,0.322,,,,,,,,,,0.007,,,,,,,,,,,,,,,,,,,12.0
RPath,915,sidewalks,266.308,CON,1,2,2,1,0,0,0,0,0,0,0,0,1,0,0,1,0,0,0,0,0,0,0,0,0,5,0,2,0,0,0,0,0,0,1,2,2,0,0,0,0,0,0,0,0,0,0,0,0,0,1,2,2,5,5,0,0,1,0,0,0,0,0,0,0,0,0,0,0,0,0,0,0,0,0,0,1,2,0,0,0,0,0,0,1,0,0,0,0,0,0,0,0,0,0,0,5,0,45,2,2,2,267.6,0.101,0.076,,,0.011,,0.056,,,,,,,,0.034,,,,,,,,,,,,,,,,,,,,,4.0
RPath,916,sidewalks,262.661,CON,1,2,2,1,2,0,0,0,0,0,0,0,1,2,2,0,0,0,0,0,0,0,0,0,0,5,0,2,0,0,0,0,0,0,1,2,2,0,0,0,0,0,0,0,0,0,0,0,1,1,1,2,2,5,5,0,3,0,0,0,0,0,0,0,0,0,0,0,0,0,0,0,0,1,0,0,1,0,0,0,0,0,0,0,1,0,0,0,0,0,0,0,0,0,0,0,5,0,53,3,3,3,267.6,0.213,0.188,,,0.028,,0.146,,,,,,,,0.034,,,0.006,,,,,,,,,,,,,,,,,,9.0
RPath,917,sidewalks,152.22,CON,1,2,2,1,2,0,1,2,0,0,0,0,1,2,0,0,0,0,0,0,0,0,0,0,5,0,0,2,0,0,0,1,2,2,0,0,0,0,0,0,0,0,0,0,1,2,2,0,1,1,1,2,2,5,0,4,3,1,0,0,0,0,0,0,0,0,0,0,0,0,0,0,0,1,0,0,0,0,0,0,0,0,0,3,1,1,1,0,0,0,0,0,0,1,2,0,5,0,66,4,3,3,164.6,0.128,0.128,,,,,0.128,,,,,,,,,,,,,,,,,,,,,,,,,,,,,9.0
RPath,919,sidewalks,290.948,HMAC,1,2,2,1,2,0,1,2,0,1,0,0,1,0,0,0,0,0,0,0,0,0,0,0,0,5,0,2,0,0,0,0,0,0,0,0,0,0,0,0,0,0,0,0,0,0,0,0,1,1,1,2,2,5,5,0,3,0,0,0,0,0,0,0,0,0,0,0,0,0,0,0,0,1,2,0,0,0,0,0,0,0,0,3,1,1,0,0,0,0,0,0,0,0,0,0,5,0,53,3,3,3,292.8,0.113,0.113,,,0.010,,0.102,,,,,,,,,,,,,,,,,,,,,,,,,,,,,9.0
RPath,920,sidewalks,293.047,HMAC,1,2,2,1,2,0,1,2,0,0,0,0,1,0,0,0,0,0,0,0,0,0,0,0,0,5,0,2,0,0,0,0,0,0,0,0,0,0,0,0,0,0,0,0,0,0,0,0,1,1,1,2,2,5,5,4,0,1,0,0,0,0,0,0,0,0,0,0,0,0,0,0,0,1,2,0,0,0,0,0,0,0,0,3,1,1,1,1,0,0,0,0,0,0,0,0,5,0,56,3,3,3,292.8,0.200,0.193,,,,,0.174,,,,,,0.005,0.005,,,0.005,0.010,,,,,,,,,,,,,,,,,,9.0
RPath,921,sidewalks,299.338,HMAC,1,2,2,1,2,0,1,0,0,1,2,2,1,2,2,0,0,0,0,0,0,0,0,0,0,5,0,2,0,0,0,0,0,0,1,2,2,0,0,0,0,0,0,0,1,2,2,0,1,1,1,2,2,5,5,0,3,0,0,0,0,0,0,0,0,0,0,0,0,0,0,0,0,1,2,2,1,2,0,0,0,0,0,3,1,1,0,0,0,0,0,0,0,0,0,0,5,0,74,4,4,3,300.0,0.205,0.198,,,,,0.195,,,,0.010,,,,,,,,,,,,,,,,,,,,,,,,,12.0
RPath,922,sidewalks,303.522,HMAC,1,2,2,1,2,0,1,2,0,1,2,2,1,2,2,0,0,0,0,0,0,0,0,0,0,5,0,2,0,0,0,0,0,0,1,0,0,0,0,0,0,0,0,0,1,0,0,0,1,1,1,2,2,5,5,0,3,0,0,0,0,0,0,0,0,0,0,0,0,0,0,0,0,1,2,0,0,0,0,0,0,0,0,3,1,1,0,0,0,0,0,0,0,0,0,0,5,0,63,3,3,3,309.8,0.121,0.117,,,,0.005,0.102,,,,,,,0.010,,0.005,,,,,,,,,,,,,,,,,,,,9.0
RPath,923,sidewalks,308.772,HMAC,1,2,2,1,2,2,1,0,0,0,0,0,1,2,2,1,0,0,0,0,0,0,0,0,0,5,0,0,0,0,0,0,0,0,1,2,0,0,0,0,0,0,0,0,1,0,0,0,1,1,1,2,2,5,5,0,3,1,0,0,0,0,0,0,1,0,0,0,0,0,0,0,0,1,2,0,1,2,2,0,0,0,0,3,1,1,1,0,0,0,1,2,0,1,2,2,5,0,75,4,4,2,361.3,0.054,0.017,,,,0.050,0.004,,,,,,,,,,,,,,,,,,,,,,,,,,,,,8.0
RPath,924,sidewalks,134.378,HMAC,1,2,2,1,2,2,0,0,0,0,0,0,1,2,2,0,0,0,0,0,0,0,0,0,0,5,0,0,0,0,0,0,0,0,0,0,0,0,0,0,1,0,0,0,0,0,0,0,1,0,1,2,2,5,5,0,0,0,1,0,0,0,0,0,0,0,0,0,0,0,0,0,0,0,0,0,1,2,0,0,0,0,0,0,1,1,1,0,0,0,1,2,0,1,0,0,5,0,53,3,3,2,188.0,0.040,0.012,,,,0.032,,,,,,,,,,,,,0.008,,,,,,,,,,,,,,,,,6.0
RPath,925,sidewalks,391.232,HMAC,1,2,2,1,2,2,0,0,0,0,0,0,1,2,2,0,0,0,0,0,0,0,0,0,0,5,0,0,0,0,0,1,2,2,1,2,0,0,0,0,1,2,2,0,1,2,0,0,1,0,1,2,2,5,5,0,0,1,1,2,0,0,0,0,0,0,0,0,0,0,0,0,0,0,0,0,1,2,2,0,0,0,0,0,1,1,1,0,0,0,1,2,0,0,0,0,5,0,72,4,4,5,391.2,0.913,0.913,,,,,0.913,,,,,,,,,,,,,,,,,,,,,,,,,,,,,20.0
RPath,927,sidewalks,381.301,HMAC,1,2,2,1,2,0,1,2,0,0,0,0,1,2,2,1,2,2,0,0,0,0,0,0,0,5,0,2,0,0,0,0,0,0,1,2,2,1,2,2,1,2,2,0,0,0,0,0,0,0,1,2,2,0,0,4,3,0,0,0,0,0,0,0,0,0,0,0,0,0,0,0,0,1,0,0,1,2,0,0,0,0,5,3,1,1,1,1,2,0,0,0,0,0,0,0,5,0,78,4,4,4,384.4,0.336,0.297,,,,0.047,0.242,0.016,,,,,,,,0.016,0.008,0.008,,,,,,,,,,,,,,,,,,16.0
RPath,930,sidewalks,64.44,CON,1,2,2,0,0,0,0,0,0,0,0,0,0,0,0,0,0,0,0,0,0,0,0,0,0,0,3,0,0,0,0,0,0,0,0,0,0,0,0,0,0,0,0,0,0,0,0,0,0,0,1,2,0,5,5,4,0,0,0,0,0,0,0,0,0,0,0,0,0,0,0,0,0,0,0,0,0,0,0,0,0,0,0,0,1,1,1,0,0,0,0,0,0,0,0,0,5,0,33,2,2,1,65.4,0.023,0.006,,,,0.023,,,,,,,,,,,,,,,,,,,,,,,,,,,,,,2.0
RPath,931,sidewalks,242.598,HMAC,1,2,2,0,0,0,0,0,0,1,2,2,1,2,2,0,0,0,0,0,0,0,0,0,0,0,0,2,0,0,0,0,0,0,1,2,0,0,0,0,0,0,0,0,0,0,0,0,0,0,1,2,0,0,0,0,0,1,0,0,0,0,0,0,0,0,0,0,0,0,1,2,0,0,0,0,1,2,2,0,0,0,0,3,0,1,0,0,0,0,0,0,0,0,0,0,5,0,41,2,2,2,239.6,0.075,0.033,,,,0.056,0.019,,,,,,,,,,,,,,,,,,,,,,,,,,,,,4.0
RPath,932,sidewalks,252.423,HMAC,1,2,2,1,2,0,1,2,0,1,0,0,1,2,2,0,0,0,0,0,0,0,0,0,5,5,0,2,0,0,0,0,0,0,1,2,2,0,0,0,0,0,0,0,0,0,0,0,0,0,1,2,0,0,0,4,0,0,0,0,0,0,0,0,0,0,0,0,0,0,0,0,0,0,0,0,1,2,0,0,0,0,0,3,0,1,0,0,0,0,0,0,0,0,0,0,5,0,53,3,3,2,254.2,0.089,0.022,,,,0.077,,,,,,,,,0.012,,,,,,,,,,,,,,,,,,,,,6.0
RPath,933,sidewalks,79.636,HMAC,1,2,0,0,0,0,0,0,0,1,2,0,1,2,0,0,0,0,0,0,0,0,0,0,0,0,0,2,0,0,0,0,0,0,1,2,2,0,0,0,0,0,0,0,0,0,0,0,0,0,1,2,2,5,0,4,0,1,0,0,0,0,0,0,0,0,0,0,0,0,0,0,0,0,0,0,1,2,2,0,0,0,5,3,1,1,1,0,0,0,0,0,0,0,0,0,5,0,52,3,3,2,77.3,0.078,0.019,,,,0.078,,,,,,,,,,,,,,,,,,,,,,,,,,,,,,6.0
RPath,934,sidewalks,80.646,HMAC,1,2,0,0,0,0,0,0,0,1,2,0,1,2,0,0,0,0,0,0,0,0,0,0,0,0,0,2,0,0,0,0,0,0,1,2,2,0,0,0,0,0,0,0,0,0,0,0,0,0,1,2,2,5,0,4,0,1,0,0,0,0,0,0,0,0,0,0,0,0,0,0,0,0,0,0,1,2,2,0,0,0,5,3,1,1,1,0,0,0,0,0,0,0,0,0,5,0,52,3,3,2,76.4,0.275,0.083,,,,0.255,0.020,,,,,,,,,,,,,,,,,,,,,,,,,,,,,6.0
RPath,935,sidewalks,98.231,HMAC,1,2,2,1,0,0,1,0,0,1,2,0,1,2,0,0,0,0,0,0,0,0,0,0,0,0,0,2,0,0,0,0,0,0,1,2,2,0,0,0,0,0,0,0,0,0,0,0,0,0,1,2,2,5,0,4,0,1,0,0,0,0,0,0,0,0,0,0,0,0,0,0,0,0,0,0,1,2,0,0,0,0,5,3,0,1,1,0,0,0,0,0,0,0,0,0,5,0,53,3,3,2,94.5,0.095,0.036,,,,0.079,0.016,,,,,,,,,,,,,,,,,,,,,,,,,,,,,6.0
RPath,936,sidewalks,105.355,HMAC,1,2,2,1,0,0,1,0,0,1,2,0,1,2,0,0,0,0,0,0,0,0,0,0,0,0,0,2,0,0,0,0,0,0,1,2,2,0,0,0,0,0,0,0,0,0,0,0,0,0,1,2,2,5,0,4,0,1,0,0,0,0,0,0,0,0,0,0,0,0,0,0,0,1,0,0,1,2,0,0,0,0,5,3,0,1,1,0,0,0,0,0,0,0,0,0,5,0,54,3,3,3,102.0,0.382,0.107,,,,0.368,0.015,,,,,,,,,,,,,,,,,,,,,,,,,,,,,9.0
RPath,937,sidewalks,70.182,HMAC,1,2,2,1,0,0,1,0,0,1,2,0,1,2,0,0,0,0,0,0,0,0,0,0,0,0,0,2,0,0,0,0,0,0,1,2,2,0,0,0,0,0,0,0,0,0,0,0,0,0,1,2,2,5,0,4,0,1,0,0,0,0,0,0,0,0,0,0,0,0,0,0,0,1,0,0,1,0,0,0,0,0,5,3,0,1,1,0,0,0,0,0,0,0,0,0,5,0,52,3,3,2,64.2,0.047,0.012,,,,0.047,,,,,,,,,,,,,,,,,,,,,,,,,,,,,,6.0
RPath,938,sidewalks,181.109,HMAC,1,2,2,1,0,0,1,0,0,1,0,0,1,2,0,0,0,0,0,0,0,0,0,0,0,0,0,2,0,0,0,0,0,0,1,2,2,0,0,0,0,0,0,0,0,0,0,0,0,0,1,2,2,5,0,4,0,1,0,0,0,0,0,0,0,0,0,0,0,0,0,0,0,1,0,0,1,0,0,0,0,0,5,3,0,1,1,0,0,0,0,0,0,0,0,0,5,0,50,3,3,3,176.3,0.315,0.123,,,,0.255,0.043,,,0.017,,,,,,,,,,,,,,,,,,,,,,,,,,9.0
RPath,939,sidewalks,62.888,HMAC,1,2,2,1,0,0,1,0,0,1,0,0,1,2,0,0,0,0,0,0,0,0,0,0,0,0,0,2,0,0,0,0,0,0,1,2,2,0,0,0,0,0,0,0,0,0,0,0,0,0,1,2,2,5,0,4,0,1,0,0,0,0,0,0,0,0,0,0,0,0,0,0,0,1,0,0,1,0,0,0,0,0,5,3,0,0,0,0,0,0,0,0,0,0,0,0,5,0,48,3,2,2,55.8,0.081,0.020,,,,0.081,,,,,,,,,,,,,,,,,,,,,,,,,,,,,,4.0
RPath,940,sidewalks,50.345,HMAC,1,2,2,1,0,0,1,0,0,1,0,0,1,2,0,0,0,0,0,0,0,0,0,0,5,0,0,2,0,0,0,0,0,0,1,2,2,0,0,0,0,0,0,0,0,0,0,0,0,0,1,2,2,5,0,4,0,1,0,0,0,0,0,0,0,0,0,0,0,0,0,0,0,1,0,0,0,0,0,0,0,0,5,3,0,0,0,0,0,0,0,0,0,0,0,0,5,0,52,3,3,2,46.2,0.162,0.065,,,,0.130,0.032,,,,,,,,,,,,,,,,,,,,,,,,,,,,,6.0
RPath,941,sidewalks,177.229,HMAC,1,2,2,1,0,0,1,0,0,1,0,0,1,2,0,0,0,0,0,0,0,0,0,0,0,0,0,2,0,0,0,0,0,0,1,2,2,0,0,0,0,0,0,0,0,0,0,0,0,0,1,2,2,5,0,4,0,1,0,0,0,0,0,0,0,0,0,0,0,0,0,0,0,1,2,0,1,0,0,0,0,0,5,3,1,1,1,0,0,0,0,0,0,0,0,0,5,0,53,3,3,2,177.9,0.278,0.089,,,,0.253,0.017,,,,,,,,,,,,,0.008,,,,,,,,,,,,,,,,6.0
RPath,942,sidewalks,234.326,HMAC,1,2,0,1,0,0,0,0,0,0,0,0,1,2,0,0,0,0,0,0,0,0,0,0,0,0,0,2,0,0,0,0,0,0,1,2,2,0,0,0,0,0,0,0,0,0,0,0,0,0,1,2,2,0,0,4,0,1,0,0,0,0,0,0,0,0,0,0,0,0,0,0,0,1,2,2,1,2,2,0,0,0,5,3,1,1,1,0,0,0,0,0,0,0,0,0,5,0,50,3,3,2,235.9,0.210,0.052,,,,0.210,,,,,,,,,,,,,,,,,,,,,,,,,,,,,,6.0
RPath,943,sidewalks,118.075,HMAC,1,2,2,1,2,0,1,2,0,0,0,0,1,0,0,0,0,0,0,0,0,0,0,0,0,5,0,2,0,0,0,0,0,0,1,2,2,0,0,0,0,0,0,0,0,0,0,0,0,0,1,2,2,0,0,4,0,1,0,0,0,0,0,0,0,0,0,0,0,0,0,0,0,1,2,0,1,2,2,0,0,0,5,3,1,1,1,0,0,0,0,0,0,0,0,0,5,0,58,3,3,2,119.8,0.238,0.059,,,,0.238,,,,,,,,,,,,,,,,,,,,,,,,,,,,,,6.0
RPath,944,sidewalks,287.663,HMAC,1,2,2,1,2,2,1,2,2,0,0,0,1,0,0,0,0,0,0,0,0,0,0,0,0,5,0,2,0,0,0,0,0,0,1,2,2,0,0,0,0,0,0,0,0,0,0,0,0,0,1,2,2,0,0,4,0,1,0,0,0,0,0,0,0,0,0,0,0,0,0,0,0,1,2,0,1,2,2,0,0,0,5,3,1,1,1,0,0,0,0,0,0,0,0,0,5,0,62,3,3,2,291.9,0.221,0.059,,,,0.216,0.005,,,,,,,,,,,,,,,,,,,,,,,,,,,,,6.0
RPath,945,sidewalks,80.545,HMAC,1,2,0,1,0,0,0,0,0,0,0,0,1,2,2,1,0,0,0,0,0,0,0,0,0,0,0,2,0,0,0,0,0,0,1,2,2,0,0,0,0,0,0,0,1,0,0,0,0,0,1,2,0,5,0,4,0,1,0,0,0,0,0,0,0,0,0,0,0,0,1,0,0,1,2,0,1,2,2,0,0,0,5,3,0,0,0,0,0,0,0,0,0,0,0,0,5,0,53,3,3,2,75.9,0.079,0.020,,,,0.079,,,,,,,,,,,,,,,,,,,,,,,,,,,,,,6.0
RPath,946,sidewalks,89.354,HMAC,1,2,0,1,0,0,0,0,0,0,0,0,1,2,2,1,0,0,0,0,0,0,0,0,0,0,0,2,0,0,0,0,0,0,1,2,2,0,0,0,0,0,0,0,0,0,0,0,0,0,1,2,0,5,0,4,0,1,0,0,0,0,0,0,0,0,0,0,0,0,1,0,0,1,2,0,1,2,2,0,0,0,5,3,0,0,0,0,0,0,0,0,0,0,0,0,5,0,52,3,3,2,86.9,0.276,0.099,0.017,,,0.224,0.017,,,,,,,,,,,,0.017,,,,,,,,,,,,,,,,,6.0
RPath,947,sidewalks,48.92,CON,1,2,0,1,0,0,1,0,0,0,0,0,1,0,0,0,0,0,0,0,0,0,0,0,0,0,0,2,0,0,0,0,0,0,1,2,2,0,0,0,0,0,0,5,1,0,0,0,0,0,1,0,0,5,0,4,0,1,0,0,0,0,0,0,0,0,0,0,0,0,0,0,0,0,0,0,1,2,2,0,0,0,0,3,1,0,0,0,0,0,0,0,0,0,0,0,5,0,44,2,2,2,48.3,0.093,0.093,,,,,0.031,,,,,,,,,0.062,,,,,,,,,,,,,,,,,,,,4.0
RPath,948,sidewalks,83.154,HMAC,1,2,2,1,2,0,1,2,0,0,0,0,0,0,0,0,0,0,0,0,0,0,0,0,0,0,3,2,0,0,0,0,0,0,0,0,0,0,0,0,0,0,0,0,0,0,0,0,0,0,1,2,0,5,5,0,0,1,0,0,0,0,0,0,0,0,0,0,0,0,0,0,0,0,0,0,1,0,0,0,0,0,0,3,1,1,1,0,0,0,0,0,0,0,0,0,5,0,42,2,2,2,82.7,0.181,0.045,,,,0.181,,,,,,,,,,,,,,,,,,,,,,,,,,,,,,4.0
RPath,949,sidewalks,73.386,HMAC,1,2,2,0,0,0,0,0,0,1,0,0,1,0,0,0,0,0,0,0,0,0,0,0,0,0,3,2,0,0,0,0,0,0,1,0,0,0,0,0,0,0,0,0,0,0,0,0,0,0,1,2,2,5,5,0,0,1,0,0,0,0,0,0,0,0,0,0,0,0,0,0,0,0,0,0,1,0,0,0,0,0,5,3,1,0,1,0,0,0,0,0,0,0,0,0,5,0,45,2,2,2,73.4,0.143,0.051,,,,0.123,0.020,,,,,,,,,,,,,,,,,,,,,,,,,,,,,4.0
RPath,950,sidewalks,79.978,HMAC,1,2,2,1,0,0,1,0,0,0,0,0,0,0,0,0,0,0,0,0,0,0,0,0,0,5,3,2,0,0,0,0,0,0,0,0,0,0,0,0,0,0,0,0,0,0,0,0,0,0,0,0,0,5,5,0,0,1,0,0,0,0,0,0,0,0,0,0,0,0,0,0,0,1,0,0,0,0,0,0,0,0,0,3,1,1,1,0,0,0,0,0,0,0,0,0,5,0,40,2,2,2,78.3,0.153,0.053,,,,0.134,0.019,,,,,,,,,,,,,,,,,,,,,,,,,,,,,4.0
RPath,951,sidewalks,77.453,HMAC,1,2,2,1,2,0,1,2,0,1,0,0,1,2,0,0,0,0,0,0,0,0,0,0,0,0,0,2,0,0,0,0,0,0,0,0,0,0,0,0,0,0,0,0,0,0,0,0,0,0,1,2,2,5,0,4,3,1,0,0,0,0,0,0,0,0,0,0,0,0,0,0,0,1,0,0,1,2,2,0,0,0,0,3,0,0,0,0,0,0,0,0,0,0,0,0,5,0,49,3,3,3,74.1,0.405,0.121,,,,0.364,0.020,,,,,,,,,,,,0.020,,,,,,,,,,,,,,,,,9.0
RPath,952,sidewalks,77.801,HMAC,1,2,0,1,0,0,1,0,0,1,0,0,1,2,0,0,0,0,0,0,0,0,0,0,0,0,0,2,0,0,0,0,0,0,1,0,0,0,0,0,0,0,0,0,0,0,0,0,0,0,1,2,2,5,0,4,0,1,0,0,0,0,0,0,0,0,0,0,0,0,0,0,0,1,0,0,1,2,2,0,0,0,5,3,0,1,1,0,0,0,0,0,0,0,0,0,5,0,48,3,2,3,74.2,0.384,0.111,,,,0.364,0.020,,,,,,,,,,,,,,,,,,,,,,,,,,,,,6.0
RPath,953,sidewalks,74.036,CON,1,2,0,0,0,0,0,0,0,1,2,0,1,0,0,1,2,2,0,0,0,0,0,0,5,0,0,0,1,2,2,0,0,0,1,0,0,0,0,0,0,0,0,0,1,2,2,0,1,1,1,2,2,0,5,0,3,1,1,2,0,1,0,0,1,2,2,0,0,0,1,2,0,1,2,0,1,2,0,1,0,0,0,0,1,1,1,1,2,0,1,2,0,1,2,0,5,0,80,4,4,2,74.0,0.264,0.066,,,,0.264,,,,,,,,,,,,,,,,,,,,,,,,,,,,,,8.0
RPath,954,sidewalks,91.48,CON,1,2,2,0,0,0,0,0,0,1,2,2,0,0,0,1,2,0,0,0,0,0,0,0,5,0,0,0,1,2,2,0,0,0,0,0,0,0,0,0,0,0,0,0,1,2,2,0,1,1,1,2,2,0,5,0,3,1,1,2,0,0,0,0,1,2,2,0,0,0,1,2,2,1,2,0,1,2,2,1,0,0,5,0,1,1,1,1,2,0,1,2,0,1,2,0,5,0,88,5,5,3,90.9,0.528,0.210,,,,0.413,0.099,,,,,,,,,,,,0.017,,,,,,,,,,,,,,,,,15.0
RPath,955,sidewalks,73.895,CON,1,2,2,0,0,0,0,0,0,1,2,2,0,0,0,1,2,0,0,0,0,0,0,0,5,0,0,0,1,2,2,0,0,0,0,0,0,0,0,0,0,0,0,0,1,2,0,0,1,1,1,2,2,0,0,0,3,1,1,2,0,0,0,0,1,2,2,0,0,0,1,2,2,1,2,0,1,2,2,1,0,0,5,0,1,1,1,1,2,0,1,2,0,1,2,0,5,0,81,4,4,2,74.1,0.101,0.030,,,,0.081,,,,,,,,,,,,,0.020,,,,,,,,,,,,,,,,,8.0
RPath,956,sidewalks,92.089,CON,1,2,0,0,0,0,0,0,0,1,2,0,1,0,0,1,2,2,0,0,0,0,0,0,5,0,0,0,1,2,2,0,0,0,1,0,0,0,0,0,0,0,0,0,1,2,2,0,1,1,1,2,2,0,5,0,0,1,1,2,0,1,0,0,1,2,2,0,0,0,1,2,2,1,2,0,1,2,2,1,0,0,5,0,1,1,1,1,2,0,1,2,0,1,2,0,5,0,86,5,5,3,92.1,0.456,0.134,,,,0.375,,,,,,,,,,,,,0.081,,,,,,,,,,,,,,,,,15.0
RPath,957,sidewalks,73.824,CON,1,2,0,0,0,0,0,0,0,1,2,0,0,0,0,1,2,0,0,0,0,0,0,0,5,0,0,0,1,2,2,1,0,0,0,0,0,0,0,0,1,0,0,0,1,2,2,0,1,1,1,2,2,0,5,0,3,1,1,2,0,0,0,0,1,2,2,0,0,0,1,2,0,1,2,0,1,2,0,0,0,0,0,0,1,1,1,1,2,0,1,2,0,1,2,0,5,0,76,4,4,2,76.6,0.215,0.059,,,,0.196,,,,,,,,,,,,,0.020,,,,,,,,,,,,,,,,,8.0
RPath,958,sidewalks,73.423,CON,1,2,2,0,0,0,0,0,0,1,2,2,0,0,0,1,2,0,0,0,0,0,0,0,5,0,0,0,1,2,2,1,0,0,0,0,0,0,0,0,0,0,0,0,1,2,0,0,1,0,1,2,2,0,0,0,3,1,1,2,2,0,0,0,1,2,0,0,0,0,1,2,2,1,2,0,1,2,2,1,0,0,5,0,1,1,1,1,2,2,1,2,0,1,2,0,5,0,83,5,4,2,77.2,0.214,0.063,,,,0.155,,,,,,,,,0.019,,,,0.039,,,,,,,,,,,,,,,,,8.0
RPath,959,sidewalks,91.836,CON,1,2,2,0,0,0,0,0,0,1,2,2,0,0,0,1,2,0,0,0,0,0,0,0,5,0,0,0,1,2,2,0,0,0,0,0,0,0,0,0,0,0,0,0,1,2,2,0,1,1,1,2,2,0,5,0,3,1,1,2,0,0,0,0,1,2,2,0,0,0,1,2,2,1,2,0,1,2,2,1,0,0,5,0,1,1,1,1,2,2,1,2,0,1,2,0,5,0,90,5,5,2,91.4,0.213,0.070,,,,0.148,,,,,,,,,,,0.016,,0.049,,,,,,,,,,,,,,,,,10.0
RPath,960,sidewalks,91.943,CON,1,2,2,0,0,0,0,0,0,1,2,2,0,0,0,1,0,0,0,0,0,0,0,0,5,0,0,0,1,2,2,1,0,0,1,0,0,0,0,0,1,0,0,0,1,2,0,0,1,1,1,2,2,0,5,0,0,1,1,2,2,0,0,0,1,2,0,0,0,0,1,2,0,1,2,0,1,2,0,0,0,0,0,0,1,1,1,1,2,2,1,2,0,1,0,0,5,0,74,4,4,1,91.9,0.016,0.004,,,,0.016,,,,,,,,,,,,,,,,,,,,,,,,,,,,,,4.0
RPath,961,sidewalks,75.577,CON,1,2,0,0,0,0,0,0,0,1,2,0,0,0,0,1,0,0,0,0,0,0,0,0,5,0,0,0,1,2,2,1,0,0,1,0,0,0,0,0,1,0,0,0,1,2,0,0,1,1,1,2,2,0,5,0,0,1,1,2,0,0,0,0,1,2,0,0,0,0,1,2,0,1,0,0,1,2,0,0,0,0,0,0,1,1,1,1,2,0,1,0,0,1,0,0,5,0,62,3,3,2,75.5,0.338,0.099,,,,0.199,,,,,,,,,0.079,,0.020,,0.040,,,,,,,,,,,,,,,,,6.0
RPath,962,sidewalks,90.904,CON,1,2,2,0,0,0,0,0,0,1,2,0,0,0,0,1,0,0,0,0,0,0,0,0,5,0,0,0,1,2,2,1,0,0,1,0,0,0,0,0,1,0,0,0,1,2,0,0,1,1,1,2,2,0,5,0,0,1,1,2,0,0,0,0,1,2,0,0,0,0,1,0,0,1,2,0,1,2,0,0,0,0,0,0,1,1,1,1,2,2,1,0,0,1,0,0,5,0,66,4,3,2,91.0,0.099,0.025,,,,0.033,,,,,,,,,0.066,,,,,,,,,,,,,,,,,,,,,6.0
RPath,963,sidewalks,73.961,CON,1,2,0,0,0,0,0,0,0,1,2,0,0,0,0,1,2,0,0,0,0,0,0,0,5,0,0,0,1,2,2,0,0,0,0,0,0,0,0,0,0,0,0,0,1,2,0,0,1,1,1,2,2,0,0,0,3,1,1,0,0,1,0,0,1,2,0,0,0,0,1,2,2,1,2,2,1,2,2,1,2,0,0,0,1,1,1,1,2,0,1,2,0,1,0,0,5,0,71,4,4,2,74.0,0.385,0.096,,,,0.385,,,,,,,,,,,,,,,,,,,,,,,,,,,,,,8.0
RPath,964,sidewalks,91.856,CON,1,2,2,0,0,0,0,0,0,1,2,0,0,0,0,1,2,0,0,0,0,0,0,0,5,0,0,0,1,2,2,0,0,0,0,0,0,0,0,0,0,0,0,0,1,2,2,0,1,1,1,2,2,0,5,0,0,1,1,0,0,1,0,0,1,2,0,0,0,0,1,2,2,1,2,2,1,2,2,1,2,2,5,0,1,1,1,1,2,0,1,2,0,1,2,0,5,0,86,5,5,2,91.9,0.196,0.057,,,,0.163,,,,,,,,,,,,,0.033,,,,,,,,,,,,,,,,,10.0
RPath,969,sidewalks,73.82,CON,1,2,2,0,0,0,0,0,0,1,2,0,0,0,0,1,0,0,0,0,0,0,0,0,5,0,0,0,1,2,2,0,0,0,1,0,0,0,0,0,0,0,0,0,1,2,2,0,1,1,1,2,2,0,5,0,3,1,1,2,0,0,0,0,1,2,0,0,0,0,1,2,0,1,2,0,1,2,2,1,2,0,5,0,1,1,1,1,2,0,1,2,2,1,2,2,5,0,87,5,5,2,73.8,0.244,0.061,,,,0.244,,,,,,,,,,,,,,,,,,,,,,,,,,,,,,10.0
RPath,970,sidewalks,95.944,CON,1,2,2,0,0,0,0,0,0,1,2,0,1,0,0,1,0,0,0,0,0,0,0,0,5,0,0,0,1,2,2,0,0,0,1,0,0,0,0,0,0,0,0,0,1,2,2,0,1,1,1,2,2,0,5,0,0,1,1,2,0,0,0,0,1,2,0,0,0,0,1,2,0,1,2,0,1,2,2,1,2,0,5,0,1,1,1,1,2,2,1,2,2,1,2,2,5,0,87,5,5,1,101.6,0.015,0.004,,,,0.015,,,,,,,,,,,,,,,,,,,,,,,,,,,,,,5.0
RPath,971,sidewalks,34.18,CON,1,2,2,0,0,0,0,0,0,1,2,0,1,0,0,1,0,0,0,0,0,0,0,0,5,0,0,0,1,2,2,0,0,0,1,0,0,0,0,0,0,0,0,0,1,2,2,0,1,1,1,2,2,0,5,0,3,0,1,2,0,0,0,0,1,2,0,0,0,0,1,2,0,1,2,0,1,2,2,1,0,0,0,0,1,1,1,1,2,0,1,2,2,1,2,2,5,0,80,4,4,2,40.9,0.073,0.037,,,,,,,,,,,,,,,,,0.073,,,,,,,,,,,,,,,,,8.0
RPath,973,sidewalks,72.786,HMAC,1,2,0,0,0,0,0,0,0,0,0,0,1,2,0,1,2,0,0,0,0,0,0,0,0,0,3,0,1,2,2,0,0,0,1,2,0,0,0,0,0,0,0,0,1,2,2,0,0,0,1,2,0,0,5,0,3,1,1,0,0,0,0,0,1,2,2,0,0,0,0,0,0,1,2,0,1,2,0,1,2,0,0,3,1,1,1,1,2,0,1,0,0,1,2,0,5,0,70,4,4,3,73.2,0.246,0.246,,,,,0.246,,,,,,,,,,,,,,,,,,,,,,,,,,,,,12.0
RPath,974,sidewalks,72.764,HMAC,1,2,2,0,0,0,0,0,0,0,0,0,1,2,0,1,2,0,0,0,0,0,0,0,0,0,3,0,1,2,0,0,0,0,1,2,0,0,0,0,0,0,0,0,1,2,0,0,0,0,1,2,0,0,0,0,0,1,0,0,0,0,0,0,1,2,0,0,0,0,0,0,0,1,2,0,1,2,0,1,0,0,0,3,1,1,1,1,2,0,1,0,0,1,0,0,5,0,53,3,3,3,73.5,0.408,0.102,,,,0.408,,,,,,,,,,,,,,,,,,,,,,,,,,,,,,9.0
RPath,975,sidewalks,90.803,HMAC,1,2,0,0,0,0,0,0,0,0,0,0,1,2,0,1,2,0,0,0,0,0,0,0,0,0,3,0,1,2,2,0,0,0,1,0,0,0,0,0,0,0,0,0,1,2,2,0,0,0,1,2,0,0,5,0,3,1,1,0,0,0,0,0,1,2,2,0,0,0,0,0,0,1,0,0,1,2,0,1,2,0,0,3,1,1,1,1,2,0,1,0,0,1,0,0,5,0,64,4,3,3,90.8,0.479,0.190,,,0.033,0.297,0.050,,,,,,,,0.066,,0.033,,,,,,,,,,,,,,,,,,,9.0
RPath,976,sidewalks,91.535,HMAC,1,2,2,0,0,0,0,0,0,0,0,0,1,2,0,1,2,0,0,0,0,0,0,0,0,0,3,0,1,2,2,0,0,0,1,2,0,0,0,0,0,0,0,0,1,2,2,0,0,0,1,2,0,0,5,0,0,1,0,0,0,0,0,0,1,2,0,0,0,0,0,0,0,1,2,0,1,2,0,1,0,0,0,3,1,1,1,1,2,0,1,0,0,1,2,0,5,0,64,4,3,4,91.5,0.377,0.315,,,,0.049,0.295,,,,,,0.033,,,,,,,,,,,,,,,,,,,,,,,12.0
RPath,977,sidewalks,94.931,HMAC,1,2,0,0,0,0,0,0,0,0,0,0,1,2,0,1,2,0,0,0,0,0,0,0,0,0,3,0,1,2,2,0,0,0,1,0,0,0,0,0,0,0,0,0,1,2,2,0,0,0,1,0,0,0,5,0,3,1,1,0,0,0,0,0,1,2,2,0,0,0,0,0,0,1,0,0,1,2,2,1,2,0,0,3,1,1,1,1,2,0,1,0,0,1,0,0,5,0,64,4,3,3,94.9,0.332,0.134,,,,0.253,0.032,,,,,,,,,,0.016,,,0.032,,,,,,,,,,,,,,,,9.0
RPath,978,sidewalks,95.84,HMAC,1,2,0,0,0,0,0,0,0,0,0,0,1,2,0,1,0,0,0,0,0,0,0,0,0,0,3,0,1,2,2,0,0,0,1,0,0,0,0,0,0,0,0,0,1,2,2,0,0,0,1,0,0,0,5,0,0,1,1,0,0,0,0,0,1,2,2,0,0,0,0,0,0,1,0,0,1,2,2,1,0,0,0,0,1,1,1,1,2,0,0,0,0,1,0,0,5,0,53,3,3,4,95.8,0.548,0.290,,,,0.125,0.157,,,,,,,,0.219,,,0.031,,0.016,,,,,,,,,,,,,,,,12.0
RPath,979,sidewalks,73.579,HMAC,1,2,0,0,0,0,0,0,0,0,0,0,1,2,0,1,0,0,0,0,0,0,0,0,0,0,3,0,1,2,2,0,0,0,1,0,0,0,0,0,0,0,0,0,1,2,2,0,0,0,1,0,0,0,5,0,3,1,1,0,0,0,0,0,1,2,2,0,0,0,0,0,0,1,0,0,1,2,2,1,2,0,0,3,1,1,1,1,2,0,1,0,0,1,0,0,5,0,62,3,3,2,73.6,0.183,0.051,,,,0.163,,,,,,,,,,,0.020,,,,,,,,,,,,,,,,,,,6.0
RPath,980,sidewalks,205.964,CON,1,2,2,1,2,0,0,0,0,1,0,0,1,2,0,0,0,0,0,0,0,0,0,0,5,5,0,0,1,2,2,1,2,2,1,2,2,0,0,0,1,2,2,0,1,2,2,0,1,0,1,2,2,5,5,0,3,0,1,0,0,0,0,0,1,2,0,1,0,0,1,2,0,1,2,0,1,0,0,0,0,0,5,0,1,1,1,1,2,2,0,0,0,0,0,0,5,0,96,5,5,1,205.6,0.000,0.000,,,,,,,,,,,,,,,,,,,,,,,,,,,,,,,,,,5.0
RPath,984,sidewalks,95.646,HMAC,1,2,2,0,0,0,0,0,0,0,0,0,1,2,0,1,2,0,0,0,0,0,0,0,0,0,3,0,1,2,2,0,0,0,1,2,0,0,0,0,0,0,0,0,1,2,2,0,0,0,1,2,0,0,5,0,0,1,0,0,0,0,0,0,1,2,0,0,0,0,0,0,0,1,2,0,1,2,0,1,0,0,0,3,1,1,1,1,2,2,1,0,0,1,2,0,5,0,66,4,3,3,95.6,0.439,0.153,,,,0.361,,,,,,,,,,,0.031,,,0.047,,,,,,,,,,,,,,,,9.0
RPath,985,sidewalks,102.36,HMAC,1,2,2,0,0,0,0,0,0,1,0,0,1,2,0,1,2,0,0,0,0,0,0,0,0,0,3,0,1,2,2,0,0,0,1,2,0,0,0,0,0,0,0,0,1,2,2,0,0,0,1,2,2,0,5,0,0,1,0,0,0,0,0,0,1,2,0,0,0,0,1,0,0,1,2,0,1,2,0,1,0,0,0,3,1,1,1,1,2,2,1,2,0,1,2,0,5,0,72,4,4,4,128.2,0.386,0.275,,,,0.094,0.129,,,,,,,,0.047,0.070,0.012,0.012,,0.023,,,,,,,,,,,,,,,,16.0
RPath,986,sidewalks,101.435,CON,1,2,0,1,2,0,1,2,0,1,2,0,1,2,2,0,0,0,0,0,0,0,0,0,0,5,0,2,0,0,0,0,0,0,1,0,0,0,0,0,0,0,0,0,0,0,0,0,0,0,0,0,0,0,0,4,3,0,0,0,0,0,0,0,0,0,0,0,0,0,0,0,0,1,2,0,1,2,0,0,0,0,0,0,1,1,1,0,0,0,1,0,0,0,0,0,5,3,50,3,3,2,101.4,0.044,0.011,,,,0.044,,,,,,,,,,,,,,,,,,,,,,,,,,,,,,6.0
RPath,987,sidewalks,92.68,CON,1,2,2,1,2,2,1,2,0,1,2,2,1,2,2,0,0,0,0,0,0,0,0,0,0,5,0,2,0,0,0,0,0,0,1,0,0,0,0,0,0,0,0,0,0,0,0,0,0,0,0,0,0,0,0,0,3,1,0,0,0,0,0,0,0,0,0,0,0,0,0,0,0,1,2,2,1,2,2,0,0,0,0,3,1,1,1,0,0,0,1,2,0,0,0,0,5,3,62,3,3,3,92.7,0.405,0.101,,,,0.194,,,,,,,,,0.210,,,,,,,,,,,,,,,,,,,,,9.0
RPath,988,sidewalks,113.36,CON,1,2,2,1,2,2,1,2,2,1,2,2,1,2,2,0,0,0,0,0,0,0,0,0,0,5,0,2,0,0,0,0,0,0,1,0,0,0,0,0,0,0,0,0,0,0,0,0,0,0,0,0,0,0,0,0,3,1,0,0,0,0,0,0,0,0,0,0,0,0,0,0,0,1,2,0,1,2,2,0,0,0,0,3,1,1,1,0,0,0,1,2,0,0,0,0,5,0,59,3,3,2,95.9,0.235,0.086,,,,0.156,,,,,,,,,,,,0.016,0.063,,,,,,,,,,,,,,,,,6.0
RPath,989,sidewalks,183.275,CON,1,2,0,0,0,0,0,0,0,0,0,0,0,0,0,0,0,0,0,0,0,0,0,0,0,0,0,2,0,0,0,1,0,0,1,0,0,0,0,0,0,0,0,0,0,0,0,0,0,0,1,2,0,0,0,0,3,1,0,0,0,0,0,0,0,0,0,0,0,0,0,0,0,1,2,0,0,0,0,0,0,0,0,3,1,1,1,0,0,0,0,0,0,0,0,0,5,3,31,2,2,2,183.3,0.090,0.047,,,,0.057,0.016,,,,,,,,,0.016,,,,,,,,,,,,,,,,,,,,4.0
RPath,990,sidewalks,98.096,CON,1,2,2,0,0,0,0,0,0,0,0,0,1,0,0,1,0,0,0,0,0,0,0,0,0,0,0,2,0,0,0,1,0,0,1,2,2,0,0,0,0,0,0,0,0,0,0,0,0,0,1,2,2,0,0,0,3,1,0,0,0,0,0,0,0,0,0,0,0,0,0,0,0,1,2,2,0,0,0,0,0,0,5,3,1,1,1,0,0,0,0,0,0,0,0,0,5,0,45,2,2,2,95.8,0.172,0.067,,,,0.047,0.031,,,,,,,,0.094,,,,,,,,,,,,,,,,,,,,,4.0
RPath,991,sidewalks,208.602,HMAC,1,2,0,1,2,0,0,0,0,0,0,0,1,2,2,1,2,0,0,0,0,0,0,0,0,5,0,2,0,0,0,0,0,0,1,2,2,0,0,0,0,0,0,5,1,2,0,0,1,0,1,2,0,0,0,0,3,1,0,0,0,0,0,0,0,0,0,0,0,0,0,0,0,1,2,0,1,2,2,0,0,0,5,3,1,0,0,1,2,0,0,0,0,1,2,0,5,0,70,4,4,2,208.6,0.058,0.014,,,,0.050,,,0.007,,,,,,,,,,,,,,,,,,,,,,,,,,,8.0
RPath,992,sidewalks,100.386,HMAC,1,2,2,1,2,0,0,0,0,0,0,0,1,2,2,1,2,0,0,0,0,1,0,0,0,5,0,2,0,0,0,0,0,0,1,2,2,0,0,0,0,0,0,5,1,2,0,0,1,1,1,2,2,5,5,0,0,1,0,0,0,0,0,0,0,0,0,0,0,0,0,0,0,1,2,2,1,2,2,0,0,0,5,0,1,0,0,1,2,0,0,0,0,1,2,0,5,0,82,4,4,1,100.4,0.030,0.007,,,,0.030,,,,,,,,,,,,,,,,,,,,,,,,,,,,,,4.0
RPath,993,sidewalks,204.37,HMAC,1,2,0,1,2,2,0,0,0,0,0,0,1,2,2,1,2,0,0,0,0,0,0,0,0,5,0,2,0,0,0,1,0,0,1,2,2,0,0,0,0,0,0,5,1,0,0,0,1,0,1,2,0,0,0,0,3,1,0,0,0,0,0,0,0,0,0,0,0,0,0,0,0,1,2,2,1,2,2,0,0,0,5,3,1,0,0,1,0,0,0,0,0,1,0,0,5,0,69,4,4,2,204.4,0.037,0.015,,,,0.029,0.007,,,,,,,,,,,,,,,,,,,,,,,,,,,,,8.0
RPath,994,sidewalks,101.531,HMAC,1,2,2,1,2,2,0,0,0,0,0,0,1,2,2,1,2,0,0,0,0,0,0,0,0,5,0,2,0,0,0,1,0,0,1,2,2,0,0,0,0,0,0,5,1,0,0,0,1,1,1,2,2,5,5,0,0,1,0,0,0,0,0,0,0,0,0,0,0,0,0,0,0,1,2,0,1,2,2,0,0,0,5,0,1,0,0,1,2,0,0,0,0,1,0,0,5,0,78,4,4,2,101.5,0.133,0.048,,,,0.074,,,,,,,,,,,,,0.059,,,,,,,,,,,,,,,,,8.0
RPath,995,sidewalks,300.0,HMAC,1,2,2,1,2,0,1,0,0,0,0,0,0,0,0,1,0,0,0,0,0,0,0,0,0,0,0,0,0,0,0,0,0,0,1,0,0,0,0,0,0,0,0,0,0,0,0,0,0,0,1,2,2,5,5,0,0,0,0,0,0,0,0,0,0,0,0,0,0,0,0,0,0,0,0,0,1,0,0,0,0,0,0,3,1,1,1,0,0,0,0,0,0,0,0,0,0,0,33,2,2,5,300.0,0.845,0.845,,,,,0.845,,,,,,,,,,,,,,,,,,,,,,,,,,,,,10.0
RPath,996,sidewalks,373.029,HMAC,1,2,2,1,0,0,1,0,0,0,0,0,1,0,0,1,0,0,0,0,0,0,0,0,0,0,0,2,0,0,0,0,0,0,1,2,2,0,0,0,0,0,0,0,0,0,0,0,1,1,1,2,2,5,5,0,3,1,0,0,0,0,0,0,0,0,0,0,0,0,1,0,0,1,0,0,1,2,0,0,0,0,0,3,1,1,1,0,0,0,0,0,0,0,0,0,5,0,53,3,3,5,375.8,0.519,0.501,,,,0.024,0.491,,,,,,,,,,,0.004,,,,,,,,,,,,,,,,,,15.0
RPath,997,sidewalks,283.717,HMAC,1,2,2,1,2,0,1,0,0,0,0,0,1,0,0,1,0,0,0,0,0,0,0,0,0,5,0,2,0,0,0,0,0,0,1,2,2,0,0,0,0,0,0,0,0,0,0,0,1,1,1,2,2,5,5,0,0,0,0,0,0,0,0,0,0,0,0,0,0,0,1,0,0,1,0,0,1,2,0,0,0,0,0,3,1,1,1,0,0,0,0,0,0,0,0,0,5,0,56,3,3,5,300.0,0.855,0.855,,,,,0.855,,,,,,,,,,,,,,,,,,,,,,,,,,,,,15.0
RPath,998,sidewalks,299.999,HMAC,1,2,2,1,2,0,1,2,0,0,0,0,1,0,0,1,0,0,0,0,0,0,0,0,0,0,0,0,0,0,0,0,0,0,1,2,0,0,0,0,0,0,0,0,0,0,0,0,0,0,1,2,2,5,5,0,0,0,0,0,0,0,0,0,0,0,0,0,0,0,0,0,0,0,0,0,1,0,0,0,0,0,0,3,1,1,1,0,0,0,0,0,0,0,0,0,0,0,38,2,2,5,300.0,0.670,0.665,,,,,0.660,,,,,,,,,,,,0.010,,,,,,,,,,,,,,,,,10.0
RPath,999,sidewalks,382.68,HMAC,1,2,2,1,2,0,1,2,0,0,0,0,1,0,0,1,0,0,0,0,0,0,0,0,0,5,0,2,0,0,0,0,0,0,0,0,0,0,0,0,0,0,0,0,0,0,0,0,1,1,1,2,2,5,5,0,3,0,0,0,0,0,0,0,0,0,0,0,0,0,0,0,0,0,0,0,1,2,2,0,0,0,0,0,1,1,1,0,0,0,0,0,0,0,0,0,5,0,53,3,3,5,384.0,0.969,0.966,,,,,0.965,,,,,,0.004,,,,,,,,,,,,,,,,,,,,,,,15.0
RPath,1001,sidewalks,95.79,HMAC,1,2,2,1,0,0,1,2,0,1,2,2,1,2,2,0,0,0,0,0,0,0,0,0,5,0,3,2,0,0,0,0,0,0,1,2,2,0,0,0,0,0,0,0,1,2,0,0,0,0,1,2,2,0,5,0,0,1,0,0,0,0,0,0,0,0,0,0,0,0,0,0,0,1,2,2,1,2,0,0,0,0,0,3,1,1,1,0,0,0,0,0,0,0,0,0,5,0,67,4,4,3,97.7,0.322,0.246,,,,0.031,0.200,,,,,,,,0.061,,0.015,0.015,,,,,,,,,,,,,,,,,,12.0
RPath,1002,sidewalks,100.34,HMAC,1,2,2,1,0,0,1,0,0,1,2,0,1,2,0,0,0,0,0,0,0,0,0,0,5,0,3,2,0,0,0,0,0,0,1,2,2,0,0,0,0,0,0,0,1,0,0,0,0,0,1,2,2,0,5,0,0,1,0,0,0,0,0,0,0,0,0,0,0,0,0,0,0,1,2,2,1,2,2,0,0,0,0,3,1,1,1,0,0,0,0,0,0,0,0,0,5,0,61,3,3,2,100.3,0.060,0.015,,,,0.060,,,,,,,,,,,,,,,,,,,,,,,,,,,,,,6.0
RPath,1003,sidewalks,103.127,HMAC,1,2,2,1,0,0,1,0,0,1,2,0,1,2,0,0,0,0,0,0,0,0,0,0,0,5,3,2,0,0,0,0,0,0,1,2,2,0,0,0,0,0,0,0,1,0,0,0,0,0,1,2,2,0,5,0,0,1,0,0,0,0,0,0,0,0,0,0,0,0,0,0,0,1,2,2,1,2,2,0,0,0,5,0,1,1,1,0,0,0,0,0,0,0,0,0,5,0,63,3,3,3,103.1,0.335,0.240,,,0.087,0.116,0.087,,,,,,,,,,,0.029,0.015,,,,,,,,,,,,,,,,,9.0
RPath,1004,sidewalks,96.935,HMAC,1,2,2,1,0,0,1,0,0,1,0,0,1,0,0,0,0,0,0,0,0,0,0,0,0,5,3,0,0,0,0,0,0,0,1,2,2,0,0,0,0,0,0,0,1,0,0,0,0,0,1,2,2,0,5,0,0,1,0,0,0,0,0,0,0,0,0,0,0,0,0,0,0,1,2,0,1,2,2,0,0,0,5,0,1,1,1,0,0,0,0,0,0,0,0,0,5,0,55,3,3,3,96.9,0.124,0.116,,,,,0.093,,,,,,,,,,0.015,0.015,,,,,,,,,,,,,,,,,,9.0
RPath,1005,sidewalks,368.824,HMAC,1,2,2,1,2,0,0,0,0,0,0,0,0,0,0,0,0,0,0,0,0,0,0,0,5,5,0,2,0,0,0,0,0,0,1,2,2,0,0,0,0,0,0,0,1,2,2,0,0,0,1,2,2,5,5,4,0,1,0,0,0,0,0,0,0,0,0,0,0,0,1,0,0,1,0,0,1,2,2,0,0,0,5,0,1,1,1,1,0,0,0,0,0,0,0,0,5,0,71,4,4,3,369.0,0.244,0.151,,,,0.106,0.093,,,,,0.016,,0.008,0.012,,0.008,,,,,,,,,,,,,,,,,,,12.0
RPath,1006,sidewalks,247.689,HMAC,1,2,2,1,2,0,0,0,0,0,0,0,1,2,2,0,0,0,0,0,0,0,0,0,0,5,0,2,1,2,2,1,2,2,1,2,2,0,0,0,1,2,0,5,1,2,2,0,1,0,1,2,2,5,0,0,3,1,1,0,0,0,0,0,1,2,0,1,0,0,1,0,0,1,2,2,1,2,0,0,0,0,5,3,1,1,1,1,2,2,1,0,0,0,0,0,5,0,99,5,5,2,247.8,0.327,0.082,,,,0.327,,,,,,,,,,,,,,,,,,,,,,,,,,,,,,10.0
RPath,1007,sidewalks,197.906,HMAC,1,2,2,1,0,0,0,0,0,0,0,0,1,2,0,1,0,0,0,0,0,0,0,0,0,5,0,2,1,2,0,1,0,0,1,2,0,0,0,0,0,0,0,5,1,0,0,0,1,0,1,2,2,0,0,0,0,1,0,0,0,0,0,0,1,0,0,0,0,0,1,2,2,1,0,0,1,2,0,0,0,0,0,3,1,0,1,1,2,0,1,0,0,1,0,0,5,0,62,3,3,2,197.9,0.326,0.083,,,,0.318,,,,,,,,,,,0.008,,,,,,,,,,,,,,,,,,,6.0
RPath,1008,sidewalks,113.972,HMAC,1,2,2,1,0,0,0,0,0,0,0,0,1,0,0,1,2,0,0,0,0,0,0,0,0,5,0,2,1,0,0,0,0,0,1,2,0,0,0,0,0,0,0,5,1,2,0,0,0,0,1,2,2,0,0,0,0,1,0,0,0,0,0,0,0,0,0,0,0,0,1,2,2,1,0,0,1,0,0,0,0,0,0,3,1,0,1,1,0,0,1,0,0,1,0,0,5,0,55,3,3,2,114.0,0.237,0.059,,,,0.237,,,,,,,,,,,,,,,,,,,,,,,,,,,,,,6.0
RPath,1009,sidewalks,124.163,HMAC,1,2,2,1,2,0,0,0,0,0,0,0,1,0,0,1,2,0,0,0,0,0,0,0,0,5,0,2,1,2,0,0,0,0,1,2,2,0,0,0,0,0,0,5,1,2,0,0,0,0,1,2,0,0,0,0,0,1,0,0,0,0,0,0,0,0,0,0,0,0,1,2,0,1,0,0,1,2,0,0,0,0,5,3,1,0,1,1,0,0,1,2,0,1,0,0,5,0,66,4,3,2,123.8,0.254,0.067,,,,0.218,,,,,,,0.024,,,,,,0.012,,,,,,,,,,,,,,,,,6.0
RPath,1010,sidewalks,109.397,HMAC,1,2,2,1,0,0,0,0,0,1,0,0,1,0,0,0,0,0,0,0,0,0,0,0,0,5,0,2,1,2,2,1,2,2,1,2,0,0,0,0,1,2,0,5,1,2,0,0,1,1,1,2,2,0,0,0,0,1,1,0,0,0,0,0,1,2,0,0,0,0,1,0,0,1,2,0,1,2,0,0,0,0,0,3,1,0,1,1,2,0,1,0,0,0,0,0,5,0,72,4,4,3,109.4,0.411,0.103,,,,0.411,,,,,,,,,,,,,,,,,,,,,,,,,,,,,,12.0
RPath,1011,sidewalks,154.376,HMAC,1,2,2,1,0,0,0,0,0,1,0,0,1,2,0,0,0,0,0,0,0,0,0,0,0,5,0,2,1,2,2,1,2,0,1,2,0,0,0,0,1,0,0,5,1,0,0,0,1,1,1,2,2,0,0,0,0,1,1,0,0,0,0,0,1,2,0,0,0,0,1,2,0,1,0,0,1,2,0,0,0,0,0,3,1,0,1,1,2,0,1,0,0,1,0,0,5,0,69,4,4,2,154.4,0.233,0.058,,,,0.233,,,,,,,,,,,,,,,,,,,,,,,,,,,,,,8.0
RPath,1012,sidewalks,298.793,HMAC,1,2,2,1,2,0,1,2,0,0,0,0,1,0,0,1,0,0,0,0,0,0,0,0,0,5,0,2,0,0,0,0,0,0,0,0,0,0,0,0,0,0,0,0,0,0,0,0,1,1,1,2,2,5,5,0,3,0,0,0,0,0,0,0,0,0,0,0,0,0,0,0,0,0,0,0,1,2,2,0,0,0,0,0,1,1,1,0,0,0,0,0,0,0,0,0,5,0,53,3,3,5,300.0,0.995,0.766,,,,0.305,0.685,,,,,,,0.005,,,,,,,,,,,,,,,,,,,,,,15.0
RPath,1013,sidewalks,158.316,CON,1,2,2,0,0,0,0,0,0,0,0,0,1,2,0,0,0,0,0,0,0,0,0,0,0,0,0,2,0,0,0,0,0,0,0,0,0,0,0,0,0,0,0,0,0,0,0,0,0,0,0,0,0,0,0,0,0,1,0,0,0,0,0,0,0,0,0,0,0,0,0,0,0,1,2,0,1,0,0,0,0,0,0,3,1,1,0,0,0,0,0,0,0,0,0,0,5,0,25,1,1,1,157.9,0.019,0.005,,,,0.019,,,,,,,,,,,,,,,,,,,,,,,,,,,,,,1.0
RPath,1014,sidewalks,150.76,CON,1,2,2,0,0,0,0,0,0,0,0,0,1,0,0,0,0,0,0,0,0,0,0,0,0,0,0,2,0,0,0,0,0,0,0,0,0,0,0,0,0,0,0,0,0,0,0,0,0,0,0,0,0,0,0,0,0,1,0,0,0,0,0,0,0,0,0,0,0,0,0,0,0,1,2,2,0,0,0,0,0,0,0,3,1,1,0,0,0,0,0,0,0,0,0,0,5,0,24,1,1,2,149.5,0.030,0.015,,,0.010,0.020,,,,,,,,,,,,,,,,,,,,,,,,,,,,,,2.0
RPath,1015,sidewalks,11.987,CON,1,2,0,0,0,0,0,0,0,0,0,0,1,0,0,0,0,0,0,0,0,0,0,0,0,0,0,2,0,0,0,0,0,0,0,0,0,0,0,0,0,0,0,0,0,0,0,0,0,0,0,0,0,0,0,0,0,1,0,0,0,0,0,0,0,0,0,0,0,0,0,0,0,1,2,0,0,0,0,0,0,0,0,3,1,1,0,0,0,0,0,0,0,0,0,0,5,0,20,1,1,1,15.0,0.000,0.000,,,,,,,,,,,,,,,,,,,,,,,,,,,,,,,,,,1.0
RPath,1016,sidewalks,32.917,CON,1,2,0,0,0,0,0,0,0,0,0,0,1,0,0,0,0,0,0,0,0,0,0,0,0,0,0,2,0,0,0,0,0,0,0,0,0,0,0,0,0,0,0,0,0,0,0,0,0,0,0,0,0,0,0,0,0,1,0,0,0,0,0,0,0,0,0,0,0,0,0,0,0,1,2,2,0,0,0,0,0,0,0,3,1,1,0,0,0,0,0,0,0,0,0,0,5,0,22,1,1,2,39.8,0.301,0.075,,,,0.301,,,,,,,,,,,,,,,,,,,,,,,,,,,,,,2.0
RPath,1017,sidewalks,10.051,CON,1,2,0,0,0,0,0,0,0,0,0,0,1,0,0,0,0,0,0,0,0,0,0,0,0,0,0,2,0,0,0,0,0,0,0,0,0,0,0,0,0,0,0,0,0,0,0,0,0,0,0,0,0,0,0,0,0,1,0,0,0,0,0,0,0,0,0,0,0,0,0,0,0,1,2,2,0,0,0,0,0,0,0,3,1,1,0,0,0,0,0,0,0,0,0,0,5,0,22,1,1,1,11.6,0.000,0.000,,,,,,,,,,,,,,,,,,,,,,,,,,,,,,,,,,1.0
RPath,1018,sidewalks,239.435,CON,1,2,2,1,0,0,0,0,0,0,0,0,1,0,0,0,0,0,0,0,0,0,0,0,0,5,0,2,0,0,0,0,0,0,0,0,0,0,0,0,0,0,0,0,0,0,0,0,0,0,0,0,0,0,0,0,0,1,0,0,0,0,0,0,0,0,0,0,0,0,0,0,0,1,2,0,0,0,0,0,0,0,5,0,1,1,1,0,0,0,0,0,0,0,0,0,5,0,31,2,2,2,239.4,0.157,0.077,,,,0.031,0.050,,,,,,,,0.075,,,,,,,,,,,,,,,,,,,,,4.0
RPath,1019,sidewalks,26.162,CON,1,2,2,1,0,0,0,0,0,0,0,0,1,2,0,0,0,0,0,0,0,0,0,0,0,0,0,2,0,0,0,0,0,0,0,0,0,0,0,0,0,0,0,0,0,0,0,0,0,0,0,0,0,0,0,0,0,1,0,0,0,0,0,0,0,0,0,0,0,0,0,0,0,1,2,0,0,0,0,0,0,0,5,0,1,1,1,0,0,0,0,0,0,0,0,0,5,0,28,2,1,2,26.7,0.225,0.056,,,,,,,,,,,,,0.225,,,,,,,,,,,,,,,,,,,,,2.0
RPath,1020,sidewalks,128.407,CON,1,2,2,1,0,0,0,0,0,0,0,0,0,0,0,0,0,0,0,0,0,0,0,0,0,0,0,2,0,0,0,0,0,0,0,0,0,0,0,0,0,0,0,0,0,0,0,0,0,0,0,0,0,0,0,0,3,1,0,0,0,0,0,0,0,0,0,0,0,0,0,0,0,1,2,2,0,0,0,0,0,0,5,3,1,1,1,0,0,0,0,0,0,0,0,0,5,0,33,2,2,1,128.4,0.000,0.000,,,,,,,,,,,,,,,,,,,,,,,,,,,,,,,,,,2.0
RPath,1021,sidewalks,15.731,CON,1,2,2,1,0,0,0,0,0,0,0,0,0,0,0,0,0,0,0,0,0,0,0,0,0,0,0,2,0,0,0,0,0,0,0,0,0,0,0,0,0,0,0,0,0,0,0,0,0,0,0,0,0,0,0,0,0,1,0,0,0,0,0,0,0,0,0,0,0,0,0,0,0,1,2,0,0,0,0,0,0,0,5,0,1,1,1,0,0,0,0,0,0,0,0,0,5,0,25,1,1,1,15.7,0.000,0.000,,,,,,,,,,,,,,,,,,,,,,,,,,,,,,,,,,1.0
RPath,1022,sidewalks,52.623,HMAC,1,2,2,0,0,0,0,0,0,0,0,0,1,2,2,0,0,0,0,0,0,1,0,0,0,5,0,2,0,0,0,0,0,0,1,2,2,0,0,0,1,0,0,0,1,2,2,0,1,1,1,2,2,5,5,4,0,1,0,0,0,0,0,0,0,0,0,0,0,0,0,0,0,1,2,0,1,2,0,0,0,0,0,3,1,1,1,0,0,0,0,0,0,0,0,0,5,0,68,4,4,4,52.6,0.684,0.314,,,,0.456,0.171,,,,,,,,,,0.057,,,,,,,,,,,,,,,,,,,16.0
RPath,1023,sidewalks,23.14,CON,1,2,2,0,0,0,0,0,0,0,0,0,1,2,2,0,0,0,0,0,0,1,0,0,0,5,0,2,0,0,0,0,0,0,1,2,2,0,0,0,1,0,0,0,1,2,2,0,1,1,1,2,2,5,5,4,0,0,0,0,0,0,0,0,0,0,0,0,0,0,0,0,0,1,2,0,1,2,0,0,0,0,0,0,1,1,1,0,0,0,0,0,0,0,0,0,5,0,64,4,3,2,35.6,0.084,0.084,,,,,0.084,,,,,,,,,,,,,,,,,,,,,,,,,,,,,6.0
RPath,1024,sidewalks,65.008,CON,1,2,2,1,2,2,1,2,2,0,0,0,1,2,0,1,2,0,0,0,0,0,0,0,0,5,0,2,0,0,0,0,0,0,0,0,0,0,0,0,0,0,0,0,0,0,0,0,1,0,1,2,0,0,0,0,0,1,0,0,0,0,0,0,0,0,0,0,0,0,0,0,0,0,0,0,1,2,0,0,0,0,5,0,1,0,0,0,0,0,0,0,0,0,0,0,5,0,47,3,2,2,64.8,0.093,0.093,,,,,0.093,,,,,,,,,,,,,,,,,,,,,,,,,,,,,4.0
RPath,1585,sidewalks,95.998,CON,1,2,2,1,0,0,1,0,0,0,0,0,1,2,2,1,2,2,0,0,0,0,0,0,0,5,0,0,0,0,0,0,0,0,1,2,0,0,0,0,0,0,0,0,0,0,0,0,1,1,1,2,2,0,5,0,3,1,0,0,0,0,0,0,0,0,0,0,0,0,0,0,0,1,2,0,1,0,0,0,0,0,0,3,1,0,0,0,0,0,0,0,0,0,0,0,5,0,54,3,3,4,89.5,0.453,0.428,,,,,0.402,,,,,,,,,,0.034,,0.017,,,,,,,,,,,,,,,,,12.0
RPath,1026,sidewalks,136.25,CON,1,2,2,1,2,2,1,2,0,0,0,0,1,2,2,1,2,2,0,0,0,0,0,0,0,0,0,2,0,0,0,0,0,0,0,0,0,0,0,0,0,0,0,0,0,0,0,0,1,1,1,2,2,0,0,0,3,1,0,0,0,0,0,0,0,0,0,0,0,0,0,0,0,1,0,0,1,2,0,0,0,0,5,3,1,0,0,0,0,0,0,0,0,0,0,0,5,0,54,3,3,2,138.9,0.043,0.019,,,,0.032,0.011,,,,,,,,,,,,,,,,,,,,,,,,,,,,,6.0
RPath,1027,sidewalks,44.381,CON,1,0,0,0,0,0,0,0,0,0,0,0,1,2,0,0,0,0,0,0,0,0,0,0,0,0,0,2,0,0,0,0,0,0,0,0,0,0,0,0,0,0,0,0,0,0,0,0,0,0,0,0,0,0,0,0,0,1,0,0,0,0,0,0,0,0,0,0,0,0,0,0,0,0,0,0,1,2,0,0,0,0,5,0,1,1,1,0,0,0,0,0,0,0,0,0,5,0,23,1,1,1,40.9,0.000,0.000,,,,,,,,,,,,,,,,,,,,,,,,,,,,,,,,,,1.0
RPath,1028,sidewalks,423.947,CON,1,2,0,0,0,0,0,0,0,0,0,0,1,2,2,0,0,0,0,0,0,0,0,0,0,0,0,2,0,0,0,0,0,0,0,0,0,0,0,0,0,0,0,0,0,0,0,0,0,0,1,0,0,0,0,0,0,1,0,0,0,0,0,0,0,0,0,0,0,0,0,0,0,0,0,0,1,2,0,0,0,0,5,0,1,1,1,0,0,0,0,0,0,0,0,0,5,0,28,2,1,1,421.9,0.000,0.000,,,,,,,,,,,,,,,,,,,,,,,,,,,,,,,,,,1.0
RPath,1029,sidewalks,9.601,CON,1,2,2,1,2,0,1,2,0,0,0,0,0,0,0,0,0,0,0,0,0,0,0,0,0,0,0,2,0,0,0,0,0,0,1,2,0,0,0,0,1,0,0,0,1,0,0,0,1,1,1,2,2,5,5,0,0,1,0,0,0,0,0,0,0,0,0,0,0,0,0,0,0,1,2,0,0,0,0,0,0,0,0,0,1,1,1,0,0,0,0,0,0,0,0,0,5,0,47,3,2,4,11.3,0.398,0.398,,,,,0.398,,,,,,,,,,,,,,,,,,,,,,,,,,,,,8.0
RPath,1030,sidewalks,201.285,CON,1,2,2,1,0,0,1,0,0,0,0,0,0,0,0,0,0,0,0,0,0,0,0,0,0,0,0,0,0,0,0,0,0,0,1,2,2,0,0,0,0,0,0,0,1,2,2,0,1,0,1,2,2,5,5,0,0,0,0,0,0,0,0,0,0,0,0,0,0,0,0,0,0,1,0,0,0,0,0,0,0,0,0,0,1,1,1,0,0,0,0,0,0,0,0,0,0,0,37,2,2,2,201.3,0.030,0.013,,,,0.022,0.007,,,,,,,,,,,,,,,,,,,,,,,,,,,,,4.0
RPath,1031,sidewalks,6.606,CON,1,2,2,0,0,0,0,0,0,0,0,0,0,0,0,0,0,0,0,0,0,0,0,0,0,0,0,2,0,0,0,0,0,0,1,2,2,0,0,0,0,0,0,0,1,2,2,0,0,0,1,2,2,5,5,0,0,0,0,0,0,0,0,0,0,0,0,0,0,0,0,0,0,0,0,0,0,0,0,0,0,0,0,0,1,1,1,0,0,0,0,0,0,0,0,0,5,0,40,2,2,5,8.8,0.512,0.512,,,,,0.341,,,,,,,,,,,0.171,,,,,,,,,,,,,,,,,,10.0
RPath,1032,sidewalks,103.292,CON,1,2,2,0,0,0,0,0,0,0,0,0,0,0,0,0,0,0,0,0,0,0,0,0,0,0,0,2,0,0,0,0,0,0,1,2,2,0,0,0,0,0,0,0,1,2,2,0,0,0,1,2,2,5,5,0,0,0,0,0,0,0,0,0,0,0,0,0,0,0,0,0,0,0,0,0,0,0,0,0,0,0,0,0,1,1,1,0,0,0,0,0,0,0,0,0,5,0,40,2,2,3,103.2,0.116,0.105,,,,0.015,0.102,,,,,,,,,,,,,,,,,,,,,,,,,,,,,6.0
RPath,1033,sidewalks,312.396,CON,1,2,2,1,2,0,1,0,0,0,0,0,0,0,0,0,0,0,0,0,0,0,0,0,0,5,0,2,0,0,0,0,0,0,1,2,2,0,0,0,0,0,0,0,1,2,0,0,0,0,1,2,0,5,5,0,0,0,0,0,0,0,0,0,0,0,0,0,0,0,0,0,0,1,0,0,0,0,0,0,0,0,0,0,1,1,1,0,0,0,0,0,0,0,0,0,5,0,46,3,2,1,312.4,0.005,0.001,,,,0.005,,,,,,,,,,,,,,,,,,,,,,,,,,,,,,2.0
RPath,1034,sidewalks,264.581,CON,1,2,2,1,2,0,1,0,0,0,0,0,1,0,0,1,0,0,0,0,0,0,0,0,0,5,0,2,0,0,0,0,0,0,1,2,0,0,0,0,0,0,0,0,0,0,0,0,0,0,1,2,0,5,5,0,0,0,0,0,0,0,0,0,0,0,0,0,0,0,0,0,0,1,0,0,1,0,0,0,0,0,0,0,1,1,1,0,0,0,0,0,0,0,0,0,5,0,44,2,2,2,264.6,0.028,0.024,,,,0.006,0.023,,,,,,,,,,,,,,,,,,,,,,,,,,,,,4.0
RPath,1035,sidewalks,285.287,CON,1,2,2,1,0,0,1,0,0,0,0,0,1,0,0,1,0,0,0,0,0,0,0,0,0,5,0,2,0,0,0,0,0,0,0,0,0,0,0,0,0,0,0,0,0,0,0,0,1,1,1,2,2,5,5,0,3,0,0,0,0,0,0,0,0,0,0,0,0,0,0,0,0,0,0,0,1,2,2,0,0,0,0,0,1,1,1,0,0,0,0,0,0,0,0,0,5,0,49,3,3,2,289.0,0.073,0.073,,,,,0.062,,,0.005,,,,,,,,0.005,,,,,,,,,,,,,,,,,,6.0
RPath,1036,sidewalks,39.411,CON,1,2,2,1,0,0,1,0,0,1,0,0,0,0,0,0,0,0,0,0,0,0,0,0,0,0,0,2,0,0,0,0,0,0,1,0,0,0,0,0,1,2,0,0,1,0,0,0,1,0,1,2,0,0,0,0,0,1,0,0,0,0,0,0,0,0,0,0,0,0,0,0,0,1,0,0,0,0,0,0,0,0,0,0,1,1,1,0,0,0,0,0,0,0,0,0,5,0,29,2,1,1,39.4,0.000,0.000,,,,,,,,,,,,,,,,,,,,,,,,,,,,,,,,,,1.0
RPath,1037,sidewalks,113.156,CON,1,2,2,1,2,0,1,2,0,0,0,0,0,0,0,0,0,0,0,0,0,0,0,0,0,0,0,2,0,0,0,0,0,0,1,2,0,0,0,0,1,0,0,0,1,0,0,0,1,1,1,2,2,5,5,0,3,1,0,0,0,0,0,0,0,0,0,0,0,0,0,0,0,1,2,0,0,0,0,0,0,0,0,0,1,1,1,0,0,0,0,0,0,0,0,0,5,0,50,3,3,2,114.6,0.079,0.079,,,,,0.079,,,,,,,,,,,,,,,,,,,,,,,,,,,,,6.0
RPath,1038,sidewalks,85.543,CON,1,2,2,1,0,0,1,0,0,0,0,0,0,0,0,0,0,0,0,0,0,0,0,0,0,0,0,2,0,0,0,0,0,0,1,2,0,0,0,0,1,2,0,0,1,0,0,0,1,0,1,2,0,0,0,0,0,1,0,0,0,0,0,0,0,0,0,0,0,0,0,0,0,1,2,0,0,0,0,0,0,0,0,0,1,1,1,0,0,0,0,0,0,0,0,0,5,0,32,2,2,3,85.5,0.105,0.105,,,,,0.105,,,,,,,,,,,,,,,,,,,,,,,,,,,,,6.0
RPath,1039,sidewalks,208.261,CON,1,2,2,1,2,0,1,2,0,0,0,0,0,0,0,0,0,0,0,0,0,0,0,0,0,5,0,2,0,0,0,0,0,0,1,2,2,0,0,0,1,0,0,0,1,2,0,0,1,1,1,2,2,5,5,0,3,1,0,0,0,0,0,0,0,0,0,0,0,0,0,0,0,1,2,0,0,0,0,0,0,0,0,0,1,1,1,0,0,0,0,0,0,0,0,0,5,0,59,3,3,2,208.3,0.065,0.065,,,,,0.065,,,,,,,,,,,,,,,,,,,,,,,,,,,,,6.0
RPath,1040,sidewalks,209.781,CON,1,2,2,1,0,0,1,0,0,0,0,0,0,0,0,0,0,0,0,0,0,0,0,0,0,0,0,2,0,0,0,0,0,0,1,2,2,0,0,0,0,0,0,0,1,2,2,0,1,0,1,2,2,5,5,0,0,0,0,0,0,0,0,0,0,0,0,0,0,0,0,0,0,1,0,0,0,0,0,0,0,0,0,0,1,1,1,0,0,0,0,0,0,0,0,0,5,0,44,2,2,2,209.8,0.050,0.050,,,,,0.050,,,,,,,,,,,,,,,,,,,,,,,,,,,,,4.0
RPath,1041,sidewalks,192.371,CON,1,2,2,1,2,0,1,2,0,0,0,0,0,0,0,0,0,0,0,0,0,0,0,0,0,0,0,2,0,0,0,0,0,0,1,2,2,0,0,0,1,0,0,0,1,2,0,0,1,1,1,2,2,5,5,0,0,1,0,0,0,0,0,0,0,0,0,0,0,0,0,0,0,1,2,0,0,0,0,0,0,0,0,0,1,1,1,0,0,0,0,0,0,0,0,0,5,0,51,3,3,2,192.6,0.031,0.019,,,,0.016,0.008,,,,,,,,,,,0.008,,,,,,,,,,,,,,,,,,6.0
RPath,1042,sidewalks,146.751,CON,1,2,2,0,0,0,0,0,0,0,0,0,0,0,0,0,0,0,0,0,0,0,0,0,0,0,0,2,0,0,0,0,0,0,1,2,2,0,0,0,0,0,0,0,1,2,2,0,0,0,1,2,2,5,5,0,0,0,0,0,0,0,0,0,0,0,0,0,0,0,0,0,0,0,0,0,0,0,0,0,0,0,0,0,1,1,1,0,0,0,0,0,0,0,0,0,0,3,38,2,2,3,147.7,0.244,0.228,,,,,0.193,,,,,,,,,,0.030,,,0.020,,,,,,,,,,,,,,,,6.0
RPath,1043,sidewalks,314.887,CON,1,2,2,1,0,0,1,0,0,0,0,0,0,0,0,0,0,0,0,0,0,0,0,0,0,0,0,0,0,0,0,0,0,0,1,2,2,0,0,0,0,0,0,0,1,2,0,0,0,0,1,2,0,5,5,0,0,0,0,0,0,0,0,0,0,0,0,0,0,0,0,0,0,1,0,0,0,0,0,0,0,0,0,0,1,1,1,0,0,0,0,0,0,0,0,0,0,0,32,2,2,2,314.8,0.105,0.080,,,,0.033,0.052,,,,,,,,,,,0.019,,,,,,,,,,,,,,,,,,4.0
RPath,1044,sidewalks,247.373,CON,1,2,2,1,0,0,1,0,0,0,0,0,0,0,0,0,0,0,0,0,0,0,0,0,0,0,0,0,0,0,0,0,0,0,1,2,0,0,0,0,0,0,0,0,0,0,0,0,0,0,1,2,0,5,5,0,0,0,0,0,0,0,0,0,0,0,0,0,0,0,0,0,0,1,0,0,1,0,0,0,0,0,0,0,1,1,1,0,0,0,0,0,0,0,0,0,0,3,31,2,2,2,247.4,0.042,0.042,,,0.006,,0.012,,,,,,,,,,,0.024,,,,,,,,,,,,,,,,,,4.0
RPath,1045,sidewalks,302.333,CON,1,2,2,1,0,0,1,0,0,0,0,0,1,0,0,1,0,0,0,0,0,0,0,0,0,5,0,2,0,0,0,0,0,0,0,0,0,0,0,0,0,0,0,0,0,0,0,0,1,1,1,2,2,5,5,0,3,0,0,0,0,0,0,0,0,0,0,0,0,0,0,0,0,0,0,0,1,2,2,0,0,0,0,0,1,1,1,0,0,0,0,0,0,0,0,0,5,3,52,3,3,2,303.3,0.089,0.074,,,0.020,0.020,0.049,,,,,,,,,,,,,,,,,,,,,,,,,,,,,6.0
RPath,1046,sidewalks,75.685,CON,1,2,0,0,0,0,0,0,0,0,0,0,0,0,0,0,0,0,0,0,0,0,0,0,0,0,0,2,0,0,0,0,0,0,0,0,0,0,0,0,0,0,0,0,0,0,0,0,0,0,1,2,2,0,0,0,0,1,0,0,0,0,0,0,0,0,0,0,0,0,0,0,0,1,2,0,0,0,0,0,0,0,5,0,1,1,1,0,0,0,0,0,0,0,0,0,5,0,27,1,1,2,75.6,0.059,0.015,,,,0.059,,,,,,,,,,,,,,,,,,,,,,,,,,,,,,2.0
RPath,1047,sidewalks,226.544,CON,1,2,2,1,0,0,0,0,0,0,0,0,0,0,0,0,0,0,0,0,0,0,0,0,0,0,0,2,0,0,0,0,0,0,1,0,0,0,0,0,0,0,0,0,0,0,0,0,0,0,1,2,2,0,0,0,0,1,0,0,0,0,0,0,0,0,0,0,0,0,0,0,0,1,0,0,0,0,0,0,0,0,5,0,1,1,1,0,0,0,0,0,0,0,0,0,5,0,29,2,1,2,227.0,0.073,0.048,0.020,,,0.033,0.020,,,,,,,,,,,,,,,,,,,,,,,,,,,,,2.0
RPath,1048,sidewalks,51.257,CON,1,2,2,1,0,0,0,0,0,0,0,0,0,0,0,0,0,0,0,0,0,0,0,0,0,5,0,2,0,0,0,0,0,0,1,0,0,0,0,0,0,0,0,0,0,0,0,0,0,0,1,2,2,0,0,0,0,1,0,0,0,0,0,0,0,0,0,0,0,0,0,0,0,1,0,0,0,0,0,0,0,0,5,0,1,1,1,0,0,0,0,0,0,0,0,0,5,0,34,2,2,2,52.7,0.057,0.014,,,,0.057,,,,,,,,,,,,,,,,,,,,,,,,,,,,,,4.0
RPath,1049,sidewalks,39.601,CON,1,2,2,0,0,0,0,0,0,0,0,0,0,0,0,0,0,0,0,0,0,0,0,0,0,0,0,2,0,0,0,0,0,0,0,0,0,0,0,0,0,0,0,0,0,0,0,0,0,0,1,2,2,0,0,0,0,1,0,0,0,0,0,0,0,0,0,0,0,0,0,0,0,1,0,0,0,0,0,0,0,0,5,0,1,1,1,0,0,0,0,0,0,0,0,0,5,0,27,1,1,1,39.4,0.000,0.000,,,,,,,,,,,,,,,,,,,,,,,,,,,,,,,,,,1.0
RPath,1050,sidewalks,79.59,HMAC,1,2,0,1,0,0,0,0,0,0,0,0,1,2,0,1,2,0,0,0,0,0,0,0,0,0,0,2,0,0,0,0,0,0,1,2,2,0,0,0,0,0,0,0,1,0,0,0,0,0,1,2,2,5,5,0,3,1,0,0,0,0,0,0,0,0,0,0,0,0,0,0,0,1,2,0,1,2,2,0,0,0,5,3,0,1,0,0,0,0,0,0,0,1,0,0,5,0,60,3,3,2,79.6,0.094,0.066,0.057,,,0.038,,,,,,,,,,,,,,,,,,,,,,,,,,,,,,6.0
RPath,1051,sidewalks,79.353,CON,1,2,2,1,0,0,0,0,0,0,0,0,1,0,0,1,2,0,0,0,0,0,0,0,5,0,0,2,0,0,0,0,0,0,1,2,0,0,0,0,0,0,0,5,1,2,0,0,0,0,1,2,2,5,0,0,3,1,0,0,0,0,0,0,0,0,0,0,0,0,1,2,2,1,0,0,1,0,0,0,0,0,0,3,1,0,1,0,0,0,0,0,0,0,0,0,5,0,59,3,3,2,82.9,0.054,0.054,,,,,0.054,,,,,,,,,,,,,,,,,,,,,,,,,,,,,6.0
RPath,1052,sidewalks,78.555,CON,1,2,2,1,0,0,0,0,0,0,0,0,1,2,0,1,0,0,0,0,0,0,0,0,5,0,0,2,1,0,0,0,0,0,1,2,0,0,0,0,0,0,0,5,1,0,0,0,0,0,1,2,2,5,0,0,3,1,0,0,0,0,0,0,1,0,0,0,0,0,1,2,2,1,0,0,1,2,0,0,0,0,0,3,1,0,1,1,0,0,0,0,0,0,0,0,5,0,62,3,3,1,82.5,0.018,0.005,,,,0.018,,,,,,,,,,,,,,,,,,,,,,,,,,,,,,3.0
RPath,1053,sidewalks,78.859,CON,1,2,0,1,2,0,0,0,0,0,0,0,1,0,0,1,2,0,0,0,0,0,0,0,0,0,0,2,0,0,0,0,0,0,1,2,2,0,0,0,0,0,0,5,1,2,0,0,0,0,1,2,2,5,0,0,3,1,0,0,0,0,0,0,0,0,0,0,0,0,1,2,0,0,0,0,1,0,0,0,0,0,5,3,1,0,0,0,0,0,0,0,0,0,0,0,5,0,57,3,3,2,82.9,0.018,0.018,,,,,0.018,,,,,,,,,,,,,,,,,,,,,,,,,,,,,6.0
RPath,1054,sidewalks,2.558,CON,1,2,0,1,2,0,1,0,0,0,0,0,1,2,0,0,0,0,0,0,0,0,0,0,0,0,0,2,0,0,0,0,0,0,1,2,2,0,0,0,0,0,0,0,0,0,0,0,1,0,1,2,2,5,0,4,3,0,0,0,0,0,0,0,0,0,0,0,0,0,0,0,0,1,2,0,1,2,0,0,0,0,5,3,0,0,0,0,0,0,0,0,0,0,0,0,5,0,54,3,3,1,2.0,0.000,0.000,,,,,,,,,,,,,,,,,,,,,,,,,,,,,,,,,,3.0
RPath,1055,sidewalks,73.802,HMAC,1,2,2,1,2,0,1,0,0,0,0,0,1,2,0,0,0,0,0,0,0,0,0,0,0,0,0,2,0,0,0,0,0,0,1,2,2,0,0,0,0,0,0,0,0,0,0,0,1,0,1,2,2,5,0,4,3,1,0,0,0,0,0,0,0,0,0,0,0,0,0,0,0,1,2,0,1,2,0,0,0,0,5,3,0,0,0,0,0,0,0,0,0,0,0,0,5,0,57,3,3,2,72.1,0.374,0.094,,,,0.374,,,,,,,,,,,,,,,,,,,,,,,,,,,,,,6.0
RPath,1056,sidewalks,111.952,HMAC,1,2,2,1,2,0,1,0,0,0,0,0,1,2,0,0,0,0,0,0,0,0,0,0,0,0,0,2,0,0,0,0,0,0,1,2,2,0,0,0,0,0,0,0,0,0,0,0,1,0,1,2,2,5,0,4,3,1,0,0,0,0,0,0,0,0,0,0,0,0,0,0,0,1,2,0,1,2,2,0,0,0,5,3,0,0,1,0,0,0,0,0,0,0,0,0,5,0,60,3,3,3,112.5,0.627,0.157,,,,0.627,,,,,,,,,,,,,,,,,,,,,,,,,,,,,,9.0
RPath,1057,sidewalks,223.555,CON,0,0,0,0,0,0,0,0,0,0,0,0,0,0,0,0,0,0,0,0,0,0,0,0,5,0,0,2,0,0,0,0,0,0,0,0,0,1,2,2,0,0,0,0,0,0,0,0,0,0,0,0,0,0,0,0,0,1,0,0,0,0,0,0,0,0,0,0,0,0,0,0,0,1,0,0,0,0,0,0,0,0,0,0,1,1,1,0,0,0,0,0,0,0,0,0,5,0,22,1,1,1,222.3,0.027,0.007,,,,0.027,,,,,,,,,,,,,,,,,,,,,,,,,,,,,,1.0
RPath,1058,sidewalks,44.641,CON,1,2,2,1,2,2,1,2,2,0,0,0,1,2,2,1,2,2,0,0,0,0,0,0,0,0,0,2,0,0,0,0,0,0,0,0,0,0,0,0,0,0,0,0,0,0,0,0,1,0,1,2,0,0,0,0,0,1,0,0,0,0,0,0,0,0,0,0,0,0,0,0,0,0,0,0,1,2,0,0,0,0,0,0,1,0,0,0,0,0,0,0,0,0,0,0,5,0,41,2,2,2,46.9,0.032,0.032,,,,,0.032,,,,,,,,,,,,,,,,,,,,,,,,,,,,,4.0
RPath,1059,sidewalks,136.58,CON,1,2,0,1,2,0,1,2,0,0,0,0,1,0,0,0,0,0,0,0,0,0,0,0,0,0,0,2,0,0,0,0,0,0,0,0,0,0,0,0,0,0,0,0,0,0,0,0,0,0,1,2,2,5,0,4,0,1,0,0,0,0,0,0,0,0,0,0,0,0,0,0,0,0,0,0,1,0,0,0,0,0,0,3,1,1,0,0,0,0,0,0,0,0,0,0,5,0,38,2,2,2,140.1,0.118,0.062,,,,0.075,0.021,,,,,,,,,0.021,,,,,,,,,,,,,,,,,,,,4.0
RPath,1060,sidewalks,75.43,CON,1,2,0,1,2,0,1,2,0,0,0,0,0,0,0,0,0,0,0,0,0,0,0,0,0,0,0,2,0,0,0,0,0,0,0,0,0,0,0,0,0,0,0,0,0,0,0,0,0,0,1,2,2,0,0,0,0,1,0,0,0,0,0,0,0,0,0,0,0,0,0,0,0,0,0,0,0,0,0,0,0,0,0,3,1,1,0,0,0,0,0,0,0,0,0,0,5,0,27,1,1,2,81.2,0.111,0.028,,,,,,,,,,,,,0.111,,,,,,,,,,,,,,,,,,,,,2.0
RPath,1061,sidewalks,112.744,CON,1,2,2,1,2,0,1,2,0,0,0,0,0,0,0,0,0,0,0,0,0,0,0,0,0,0,0,2,0,0,0,0,0,0,0,0,0,0,0,0,0,0,0,0,0,0,0,0,0,0,1,2,0,0,0,0,0,1,0,0,0,0,0,0,0,0,0,0,0,0,0,0,0,0,0,0,0,0,0,0,0,0,0,3,1,1,0,0,0,0,0,0,0,0,0,0,5,0,27,1,1,1,114.0,0.026,0.007,,,,0.026,,,,,,,,,,,,,,,,,,,,,,,,,,,,,,1.0
RPath,1062,sidewalks,401.364,CON,1,2,2,1,2,0,1,2,0,0,0,0,1,0,0,0,0,0,0,0,0,0,0,0,0,0,0,2,0,0,0,0,0,0,0,0,0,0,0,0,0,0,0,0,0,0,0,0,0,0,1,2,2,5,0,4,0,1,0,0,0,0,0,0,0,0,0,0,0,0,0,0,0,0,0,0,1,0,0,0,0,0,0,3,1,1,0,0,0,0,0,0,0,0,0,0,5,0,40,2,2,1,407.2,0.018,0.005,,,,0.018,,,,,,,,,,,,,,,,,,,,,,,,,,,,,,2.0
RPath,1063,sidewalks,104.15,CON,1,2,0,1,2,0,1,2,0,0,0,0,1,0,0,0,0,0,0,0,0,0,0,0,0,0,0,2,0,0,0,0,0,0,0,0,0,0,0,0,0,0,0,0,0,0,0,0,0,0,1,2,2,5,0,4,0,1,0,0,0,0,0,0,0,0,0,0,0,0,0,0,0,0,0,0,1,0,0,0,0,0,0,3,1,1,0,0,0,0,0,0,0,0,0,0,5,0,38,2,2,2,105.6,0.028,0.028,,,,,0.014,,,,,,,,,0.014,,,,,,,,,,,,,,,,,,,,4.0
RPath,1064,sidewalks,165.358,HMAC,1,2,0,1,2,0,1,0,0,0,0,0,1,2,0,1,0,0,0,0,0,0,0,0,0,0,0,2,0,0,0,0,0,0,1,2,2,0,0,0,0,0,0,0,0,0,0,0,0,0,1,2,2,5,5,4,0,1,0,0,0,0,0,0,0,0,0,0,0,0,0,0,0,1,2,0,1,2,2,0,0,0,5,3,1,0,1,0,0,0,0,0,0,0,0,0,5,0,61,3,3,2,167.7,0.107,0.060,,,,0.054,0.045,,,,,,0.009,,,,,,,,,,,,,,,,,,,,,,,6.0
RPath,1065,sidewalks,1.489,CON,1,2,0,1,0,0,1,0,0,0,0,0,1,2,0,1,0,0,0,0,0,0,0,0,0,0,0,2,0,0,0,0,0,0,1,2,2,0,0,0,0,0,0,0,0,0,0,0,0,0,1,2,2,5,5,4,0,1,0,0,0,0,0,0,0,0,0,0,0,0,0,0,0,1,2,0,1,2,2,0,0,0,5,3,1,0,1,0,0,0,0,0,0,0,0,0,5,0,59,3,3,3,3.6,0.831,0.208,,,,0.831,,,,,,,,,,,,,,,,,,,,,,,,,,,,,,9.0
RPath,1066,sidewalks,115.357,HMAC,1,2,0,1,0,0,1,0,0,0,0,0,1,2,0,1,2,0,0,0,0,0,0,0,0,0,0,2,0,0,0,0,0,0,1,2,2,0,0,0,0,0,0,0,1,0,0,0,0,0,1,2,2,5,5,4,3,1,0,0,0,0,0,0,0,0,0,0,0,0,0,0,0,1,2,0,1,2,2,0,0,0,5,3,1,1,1,0,0,0,0,0,0,1,0,0,5,0,67,4,4,2,115.0,0.091,0.052,,,,0.052,0.039,,,,,,,,,,,,,,,,,,,,,,,,,,,,,8.0
RPath,1067,sidewalks,1.693,CON,1,2,0,1,0,0,1,0,0,0,0,0,1,2,0,1,0,0,0,0,0,0,0,0,0,0,0,2,0,0,0,0,0,0,1,2,2,0,0,0,0,0,0,0,0,0,0,0,0,0,1,2,2,5,5,4,0,1,0,0,0,0,0,0,0,0,0,0,0,0,0,0,0,1,2,0,1,2,2,0,0,0,5,3,1,0,1,0,0,0,0,0,0,0,0,0,5,0,59,3,3,3,2.4,0.630,0.158,,,,0.630,,,,,,,,,,,,,,,,,,,,,,,,,,,,,,9.0
RPath,1068,sidewalks,39.238,HMAC,1,2,0,1,0,0,1,0,0,0,0,0,1,2,0,1,0,0,0,0,0,0,0,0,0,0,0,2,0,0,0,0,0,0,1,2,2,0,0,0,0,0,0,0,0,0,0,0,0,0,1,2,2,5,5,4,0,1,0,0,0,0,0,0,0,0,0,0,0,0,0,0,0,1,2,0,1,2,2,0,0,0,5,3,1,0,1,0,0,0,0,0,0,0,0,0,5,0,59,3,3,1,39.2,0.038,0.010,,,,0.038,,,,,,,,,,,,,,,,,,,,,,,,,,,,,,3.0
RPath,1069,sidewalks,4.212,CON,1,2,0,1,0,0,1,0,0,0,0,0,1,2,0,1,0,0,0,0,0,0,0,0,0,0,0,2,0,0,0,0,0,0,1,2,2,0,0,0,0,0,0,0,0,0,0,0,0,0,1,2,2,5,5,4,0,1,0,0,0,0,0,0,0,0,0,0,0,0,0,0,0,1,2,0,1,2,2,0,0,0,5,3,1,0,1,0,0,0,0,0,0,0,0,0,5,0,59,3,3,1,5.3,0.000,0.000,,,,,,,,,,,,,,,,,,,,,,,,,,,,,,,,,,3.0
RPath,1070,sidewalks,36.612,HMAC,1,2,0,1,0,0,1,0,0,0,0,0,1,2,0,1,0,0,0,0,0,0,0,0,0,0,0,2,0,0,0,0,0,0,1,2,2,0,0,0,0,0,0,0,0,0,0,0,0,0,1,2,2,5,5,4,0,1,0,0,0,0,0,0,0,0,0,0,0,0,0,0,0,1,2,0,1,2,2,0,0,0,5,3,1,0,1,0,0,0,0,0,0,0,0,0,5,0,59,3,3,3,36.7,0.286,0.102,,,,0.245,0.041,,,,,,,,,,,,,,,,,,,,,,,,,,,,,9.0
RPath,1071,sidewalks,1.636,CON,1,2,0,1,0,0,1,0,0,0,0,0,1,0,0,1,0,0,0,0,0,0,0,0,0,0,0,2,0,0,0,0,0,0,1,2,2,0,0,0,0,0,0,0,0,0,0,0,0,0,1,2,2,0,0,4,0,1,0,0,0,0,0,0,0,0,0,0,0,0,0,0,0,1,2,0,1,2,2,0,0,0,5,3,0,0,0,0,0,0,0,0,0,0,0,0,5,0,45,2,2,1,3.2,0.000,0.000,,,,,,,,,,,,,,,,,,,,,,,,,,,,,,,,,,2.0
RPath,1072,sidewalks,100.698,CON,1,2,0,0,0,0,0,0,0,1,2,0,1,0,0,0,0,0,0,0,0,1,0,0,5,0,0,2,1,2,2,1,2,0,1,2,2,0,0,0,1,2,2,5,1,2,0,0,1,0,1,2,2,0,0,0,0,1,1,2,0,0,0,0,1,0,0,0,0,0,0,0,0,1,0,0,1,0,0,0,0,0,0,3,1,1,1,1,2,0,0,0,0,0,0,0,5,0,68,4,4,1,101.2,0.030,0.007,,,,0.030,,,,,,,,,,,,,,,,,,,,,,,,,,,,,,4.0
RPath,1073,sidewalks,394.972,CON,1,2,0,0,0,0,0,0,0,0,0,0,1,2,0,1,0,0,0,0,0,0,0,0,0,0,3,0,0,0,0,0,0,0,1,2,2,0,0,0,0,0,0,0,0,0,0,0,0,0,1,2,2,0,5,0,0,0,0,0,0,0,0,0,0,0,0,0,0,0,0,0,0,0,0,0,0,0,0,0,0,0,0,0,1,1,1,0,0,0,0,0,0,0,0,0,0,0,28,2,1,1,400.0,0.000,0.000,,,,,,,,,,,,,,,,,,,,,,,,,,,,,,,,,,1.0
RPath,1074,sidewalks,13.419,CON,1,2,2,0,0,0,0,0,0,0,0,0,0,0,0,0,0,0,0,0,0,0,0,0,0,0,3,0,0,0,0,0,0,0,1,0,0,0,0,0,0,0,0,0,1,0,0,0,0,0,0,0,0,5,0,4,0,0,0,0,0,0,0,0,0,0,0,0,0,0,0,0,0,0,0,0,1,0,0,0,0,0,0,0,1,1,1,0,0,0,0,0,0,0,0,0,5,0,28,2,1,1,13.7,0.000,0.000,,,,,,,,,,,,,,,,,,,,,,,,,,,,,,,,,,1.0
RPath,1075,sidewalks,35.459,CON,1,2,0,1,2,0,1,2,0,1,0,0,1,2,2,0,0,0,0,0,0,1,2,2,0,5,0,2,0,0,0,0,0,0,1,0,0,0,0,0,1,0,0,5,1,0,0,0,1,1,1,2,2,0,0,0,0,1,0,0,0,0,0,0,1,0,0,1,2,0,1,2,0,1,0,0,1,2,2,0,0,0,0,3,1,0,1,0,0,0,0,0,0,0,0,0,5,0,66,4,3,1,39.1,0.038,0.010,,,,0.038,,,,,,,,,,,,,,,,,,,,,,,,,,,,,,3.0
RPath,1076,sidewalks,38.136,CON,1,2,0,1,2,0,1,2,0,1,0,0,1,2,2,0,0,0,0,0,0,1,2,2,0,5,0,2,0,0,0,0,0,0,1,0,0,0,0,0,0,0,0,5,1,0,0,0,1,1,1,2,2,5,0,0,3,1,0,0,0,0,0,0,1,0,0,1,2,0,1,2,0,1,0,0,1,2,2,0,0,0,5,3,1,0,1,0,0,0,0,0,0,0,0,0,5,0,78,4,4,2,39.9,0.113,0.028,,,,0.113,,,,,,,,,,,,,,,,,,,,,,,,,,,,,,8.0
RPath,1077,sidewalks,106.428,CON,1,2,0,0,0,0,0,0,0,1,0,0,1,2,2,1,2,0,0,0,0,1,2,2,5,5,0,2,0,0,0,1,0,0,1,2,0,0,0,0,1,2,0,5,1,2,0,0,1,1,1,2,2,0,0,0,3,1,1,2,0,0,0,0,0,0,0,0,0,0,0,0,0,1,0,0,1,2,0,0,0,0,0,3,1,0,1,1,0,0,0,0,0,0,0,0,5,0,73,4,4,2,106.9,0.112,0.032,,,,0.098,,,,,,,,,,,,,0.014,,,,,,,,,,,,,,,,,8.0
RPath,1078,sidewalks,26.211,CON,1,2,0,0,0,0,0,0,0,1,0,0,1,2,2,1,2,0,0,0,0,1,2,2,0,5,0,0,0,0,0,1,0,0,1,2,0,0,0,0,1,2,0,5,1,2,0,0,1,1,1,2,2,0,0,0,0,1,1,2,0,0,0,0,0,0,0,0,0,0,0,0,0,1,0,0,1,2,0,0,0,0,0,3,1,0,1,1,0,0,0,0,0,0,0,0,5,0,63,3,3,2,26.2,0.114,0.029,,,,0.114,,,,,,,,,,,,,,,,,,,,,,,,,,,,,,6.0
RPath,1079,sidewalks,158.037,PB,1,2,2,1,2,0,0,0,0,0,0,0,1,2,2,0,0,0,0,0,0,0,0,0,5,5,0,2,1,0,0,1,2,2,1,2,2,0,0,0,1,0,0,5,1,2,2,0,0,0,1,2,2,5,0,0,3,1,0,0,0,0,0,0,1,2,0,1,0,0,1,0,0,1,2,2,1,2,2,0,0,0,5,3,1,1,1,1,2,2,0,0,0,0,0,0,5,0,97,5,5,2,194.2,0.015,0.012,,,,,,,,,,,,,,,,,0.008,0.008,,,,,,,,,,,,,,,,10.0
RPath,1080,sidewalks,68.821,CON,1,2,2,1,2,0,0,0,0,0,0,0,1,2,2,0,0,0,0,0,0,0,0,0,0,5,0,2,1,0,0,1,2,0,1,2,0,0,0,0,1,0,0,5,1,2,0,0,0,0,1,2,0,5,0,0,3,1,0,0,0,0,0,0,1,2,0,1,0,0,1,2,0,1,2,2,1,2,2,0,0,0,5,3,1,0,1,1,2,2,0,0,0,0,0,0,5,0,85,5,4,1,73.0,0.021,0.005,,,,0.021,,,,,,,,,,,,,,,,,,,,,,,,,,,,,,4.0
RPath,1081,sidewalks,80.307,CON,1,2,2,1,0,0,0,0,0,0,0,0,1,2,0,0,0,0,0,0,0,0,0,0,0,0,0,2,1,0,0,1,0,0,1,2,0,0,0,0,0,0,0,5,1,0,0,0,0,0,1,2,2,5,0,0,3,1,0,0,0,0,0,0,1,0,0,1,0,0,1,2,2,1,2,0,1,2,0,0,0,0,0,3,1,0,1,1,0,0,0,0,0,0,0,0,5,0,60,3,3,1,84.0,0.018,0.004,,,,0.018,,,,,,,,,,,,,,,,,,,,,,,,,,,,,,3.0
RPath,1082,sidewalks,79.379,CON,1,2,0,1,2,0,0,0,0,0,0,0,1,2,2,0,0,0,0,0,0,0,0,0,0,5,0,2,1,0,0,1,2,0,1,2,0,0,0,0,0,0,0,5,1,0,0,0,0,0,1,2,0,5,0,0,3,1,0,0,0,0,0,0,1,2,0,1,0,0,1,2,0,1,2,0,1,2,2,0,0,0,5,3,1,0,1,1,2,0,0,0,0,0,0,0,5,0,76,4,4,2,83.8,0.107,0.045,,,,0.072,0.018,,,,,,,,,,0.018,,,,,,,,,,,,,,,,,,,8.0
RPath,1083,sidewalks,102.236,HMAC,1,2,0,0,0,0,0,0,0,0,0,0,1,2,0,1,0,0,0,0,0,0,0,0,0,0,3,0,1,0,0,0,0,0,0,0,0,0,0,0,0,0,0,0,1,0,0,0,0,0,1,0,0,0,0,0,0,1,0,0,0,0,0,0,1,2,0,0,0,0,0,0,0,1,0,0,1,0,0,0,0,0,0,0,1,1,1,1,2,2,0,0,0,0,0,0,5,0,32,2,2,2,102.2,0.308,0.099,,,,0.191,0.029,,,,,,,,0.088,,,,,,,,,,,,,,,,,,,,,4.0
RPath,1084,sidewalks,103.219,CON,1,2,0,0,0,0,0,0,0,0,0,0,1,2,0,1,0,0,0,0,0,0,0,0,0,5,3,0,1,2,0,0,0,0,1,0,0,0,0,0,0,0,0,0,1,2,0,0,0,0,1,0,0,0,0,0,0,1,0,0,0,0,0,0,1,2,2,0,0,0,0,0,0,1,0,0,1,2,0,0,0,0,0,0,1,1,1,1,2,0,0,0,0,0,0,0,5,0,44,2,2,1,103.2,0.000,0.000,,,,,,,,,,,,,,,,,,,,,,,,,,,,,,,,,,2.0
RPath,1085,sidewalks,102.354,CON,1,2,0,0,0,0,0,0,0,0,0,0,1,2,0,1,0,0,0,0,0,0,0,0,0,5,3,0,1,2,0,0,0,0,1,0,0,0,0,0,0,0,0,0,1,2,0,0,0,0,1,0,0,0,0,0,0,1,1,0,0,0,0,0,1,2,2,0,0,0,0,0,0,1,0,0,1,2,0,1,0,0,0,0,1,1,1,1,2,0,0,0,0,0,0,0,5,0,46,3,2,2,103.0,0.160,0.040,,,,0.160,,,,,,,,,,,,,,,,,,,,,,,,,,,,,,4.0
RPath,1086,sidewalks,335.682,CON,1,2,2,1,0,0,1,0,0,1,2,2,1,2,2,1,0,0,0,0,0,1,0,0,5,0,0,2,0,0,0,0,0,0,1,2,2,0,0,0,0,0,0,5,1,2,2,0,0,0,1,2,2,5,5,4,0,1,0,0,0,0,0,0,1,2,2,1,0,0,1,0,0,1,2,0,1,2,0,0,0,0,0,3,1,0,0,0,0,0,0,0,0,0,0,0,5,0,83,5,4,2,337.2,0.049,0.014,,,,0.040,,,,,,,,,,,,,0.009,,,,,,,,,,,,,,,,,8.0
RPath,1088,sidewalks,97.313,CON,1,2,0,1,0,0,1,0,0,1,2,2,1,2,2,0,0,0,0,0,0,1,0,0,0,5,0,2,0,0,0,0,0,0,1,2,2,0,0,0,0,0,0,5,1,2,0,0,0,0,1,2,2,0,0,0,0,1,0,0,0,0,0,0,1,2,0,1,0,0,1,2,2,1,0,0,1,2,0,0,0,0,5,3,1,0,1,0,0,0,0,0,0,0,0,0,5,0,70,4,4,2,101.3,0.044,0.033,,,,0.015,0.030,,,,,,,,,,,,,,,,,,,,,,,,,,,,,8.0
RPath,1089,sidewalks,101.791,CON,1,2,2,1,0,0,1,0,0,1,2,2,1,2,2,0,0,0,0,0,0,1,2,0,0,5,0,2,0,0,0,0,0,0,1,2,0,0,0,0,0,0,0,5,1,0,0,0,0,0,1,2,0,0,0,0,0,1,0,0,0,0,0,0,1,2,0,1,2,0,1,2,0,1,0,0,1,2,0,0,0,0,5,3,1,0,1,0,0,0,0,0,0,0,0,0,5,0,68,4,4,2,100.3,0.045,0.011,,,,0.045,,,,,,,,,,,,,,,,,,,,,,,,,,,,,,8.0
RPath,1090,sidewalks,125.547,CON,1,2,2,1,0,0,1,0,0,1,2,2,1,2,2,0,0,0,0,0,0,1,2,2,0,0,0,2,0,0,0,0,0,0,1,2,0,0,0,0,0,0,0,5,1,0,0,0,1,0,1,2,0,0,0,0,0,1,0,0,0,0,0,0,1,2,0,1,2,2,1,2,2,1,2,0,1,2,0,0,0,0,5,3,1,0,1,0,0,0,0,0,0,0,0,0,5,0,72,4,4,1,125.1,0.036,0.009,,,,0.036,,,,,,,,,,,,,,,,,,,,,,,,,,,,,,4.0
RPath,1091,sidewalks,231.238,HMAC,1,2,2,1,0,0,1,0,0,0,0,0,1,2,0,0,0,0,0,0,0,0,0,0,0,5,0,2,0,0,0,0,0,0,1,2,2,0,0,0,0,0,0,0,1,0,0,0,0,0,1,2,2,5,5,0,3,0,0,0,0,0,0,0,0,0,0,0,0,0,0,0,0,1,2,0,1,2,0,0,0,0,0,3,1,1,1,0,0,0,0,0,0,0,0,0,5,0,58,3,3,5,229.6,0.934,0.931,,,,,0.928,,,,,,,,,,0.007,,,,,,,,,,,,,,,,,,,15.0
RPath,1092,sidewalks,243.175,HMAC,1,2,2,0,0,0,0,0,0,0,0,0,1,2,2,1,2,2,0,0,0,0,0,0,0,5,0,2,0,0,0,0,0,0,1,2,2,0,0,0,0,0,0,0,0,0,0,0,0,0,1,0,0,5,5,0,0,1,0,0,0,0,0,0,0,0,0,0,0,0,0,0,0,1,2,0,1,2,2,0,0,0,0,3,1,1,0,0,0,0,0,0,0,0,0,0,5,0,57,3,3,5,241.8,0.980,0.980,,,,,0.974,,,,,,,,,,,0.006,,,,,,,,,,,,,,,,,,15.0
RPath,1093,sidewalks,232.802,HMAC,1,2,2,1,0,0,0,0,0,0,0,0,1,2,2,1,2,2,0,0,0,0,0,0,0,5,0,2,0,0,0,0,0,0,1,2,0,0,0,0,0,0,0,0,0,0,0,0,0,0,1,2,2,5,5,0,0,1,0,0,0,0,0,0,0,0,0,0,0,0,0,0,0,1,0,0,0,0,0,0,0,0,0,3,1,1,0,0,0,0,0,0,0,0,0,0,5,0,53,3,3,5,235.1,0.721,0.716,,,,,0.683,,0.006,,,0.019,,,,,,0.013,,,,,,,,,,,,,,,,,,15.0
RPath,1094,sidewalks,168.585,HMAC,1,2,2,1,0,0,1,0,0,0,0,0,0,0,0,0,0,0,0,0,0,0,0,0,0,5,0,2,0,0,0,0,0,0,1,2,2,0,0,0,0,0,0,0,0,0,0,0,0,0,1,2,2,5,5,4,0,0,0,0,0,0,0,0,0,0,0,0,0,0,0,0,0,1,2,2,0,0,0,0,0,0,0,3,1,1,1,0,0,0,0,0,0,0,0,0,5,0,54,3,3,5,173.1,0.745,0.719,,,,0.035,0.711,,,,,,,,,,,,,,,,,,,,,,,,,,,,,15.0
RPath,1096,sidewalks,387.668,HMAC,1,2,2,1,0,0,1,0,0,0,0,0,0,0,0,0,0,0,0,0,0,0,0,0,0,5,0,2,0,0,0,0,0,0,1,2,2,0,0,0,0,0,0,0,0,0,0,0,0,0,1,2,2,5,5,4,0,1,0,0,0,0,0,0,0,0,0,0,0,0,0,0,0,1,0,0,0,0,0,0,0,0,0,3,1,1,1,0,0,0,0,0,0,0,0,0,5,0,51,3,3,5,392.0,0.907,0.907,,,,,0.907,,,,,,,,,,,,,,,,,,,,,,,,,,,,,15.0
RPath,1097,sidewalks,265.777,HMAC,1,2,2,1,2,0,1,2,0,0,0,0,1,2,0,1,0,0,0,0,0,0,0,0,0,5,0,2,0,0,0,0,0,0,1,2,2,0,0,0,0,0,0,0,1,2,2,0,0,0,1,2,2,5,5,0,3,1,0,0,0,0,0,0,1,0,0,0,0,0,0,0,0,1,2,0,1,0,0,0,0,0,0,3,1,1,1,0,0,0,0,0,0,0,0,0,5,0,67,4,4,5,265.6,0.937,0.937,,,,,0.926,,,,,,,,,,,0.011,,,,,,,,,,,,,,,,,,20.0
RPath,1098,sidewalks,9.664,HMAC,1,2,2,1,2,0,1,2,0,0,0,0,1,2,0,1,0,0,0,0,0,0,0,0,0,5,0,0,0,0,0,0,0,0,1,2,2,0,0,0,0,0,0,0,1,2,2,0,0,0,1,2,2,5,5,0,0,1,0,0,0,0,0,0,1,0,0,0,0,0,0,0,0,1,2,0,0,0,0,0,0,0,0,3,1,0,1,0,0,0,0,0,0,0,0,0,5,0,60,3,3,1,13.9,0.000,0.000,,,,,,,,,,,,,,,,,,,,,,,,,,,,,,,,,,3.0
RPath,1099,sidewalks,189.223,CON,1,2,2,1,2,0,1,2,0,0,0,0,1,2,0,1,2,2,0,0,0,0,0,0,0,5,0,2,0,0,0,0,0,0,1,2,2,0,0,0,0,0,0,0,1,2,2,0,1,0,1,2,2,5,5,0,0,1,0,0,0,0,0,0,1,2,0,0,0,0,0,0,0,1,2,0,0,0,0,0,0,0,0,3,1,0,1,0,0,0,0,0,0,0,0,0,5,0,69,4,4,5,191.4,0.713,0.697,,0.008,,,0.682,,,,,,0.016,,,,0.008,,,,,,,,,,,,,,,,,,,20.0
RPath,1100,sidewalks,236.286,HMAC,1,2,2,1,0,0,1,0,0,0,0,0,1,2,0,1,0,0,0,0,0,0,0,0,0,5,0,2,0,0,0,0,0,0,1,2,2,0,0,0,0,0,0,0,1,2,2,0,0,0,1,2,2,5,5,0,0,1,0,0,0,0,0,0,1,0,0,0,0,0,0,0,0,1,2,0,1,0,0,0,0,0,0,0,1,0,1,0,0,0,0,0,0,0,0,0,5,0,56,3,3,5,238.9,0.986,0.986,,,,,0.986,,,,,,,,,,,,,,,,,,,,,,,,,,,,,15.0
RPath,1101,sidewalks,166.297,HMAC,1,2,2,1,0,0,1,0,0,0,0,0,1,0,0,1,2,0,0,0,0,0,0,0,0,5,0,2,0,0,0,0,0,0,1,2,2,0,0,0,0,0,0,0,1,2,2,0,1,0,1,2,2,5,5,0,0,1,0,0,0,0,0,0,1,2,0,0,0,0,0,0,0,1,2,0,0,0,0,0,0,0,0,3,1,0,1,0,0,0,0,0,0,0,0,0,5,0,61,3,3,5,168.8,0.791,0.780,,,,,0.756,,0.009,,,,,0.009,,,0.009,0.009,,,,,,,,,,,,,,,,,,15.0
RPath,1102,sidewalks,317.622,CON,1,2,2,1,0,0,0,0,0,0,0,0,0,0,0,1,2,2,0,0,0,0,0,0,0,5,0,2,0,0,0,0,0,0,1,2,2,0,0,0,0,0,0,0,1,2,2,0,1,1,1,2,2,5,5,0,0,0,0,0,0,0,0,0,1,2,2,0,0,0,0,0,0,1,2,0,0,0,0,0,0,0,0,3,1,1,1,0,0,0,0,0,0,0,0,0,5,0,64,4,3,3,317.8,0.227,0.166,0.052,,,0.071,0.057,,,,,,,,,,0.014,0.014,,0.019,,,,,,,,,,,,,,,,9.0
RPath,1103,sidewalks,103.905,HMAC,1,2,2,1,0,0,1,0,0,0,0,0,1,0,0,1,2,2,0,0,0,0,0,0,0,5,0,2,0,0,0,0,0,0,1,2,2,0,0,0,0,0,0,0,1,2,2,0,1,1,1,2,2,5,5,0,0,1,0,0,0,0,0,0,1,2,2,0,0,0,0,0,0,1,2,0,0,0,0,0,0,0,0,3,1,1,1,0,0,0,0,0,0,0,0,0,5,0,67,4,4,5,104.2,0.950,0.950,,,,,0.907,,,,,,,0.014,,,,0.029,,,,,,,,,,,,,,,,,,20.0
RPath,1104,sidewalks,101.816,HMAC,1,2,2,1,2,0,1,0,0,0,0,0,1,0,0,1,2,2,0,0,0,0,0,0,5,0,0,2,0,0,0,0,0,0,1,2,2,0,0,0,0,0,0,0,1,2,2,0,1,1,1,2,2,5,5,0,0,1,0,0,0,0,0,0,1,2,0,0,0,0,0,0,0,1,2,0,0,0,0,0,0,0,0,3,1,0,1,0,0,0,0,0,0,0,0,0,5,0,66,4,3,5,104.8,0.759,0.759,,,,,0.744,,,,,,,0.014,,,,,,,,,,,,,,,,,,,,,,15.0
RPath,1106,sidewalks,275.079,CON,1,2,2,1,2,0,0,0,0,0,0,0,0,0,0,1,2,2,0,0,0,0,0,0,5,5,0,0,0,0,0,0,0,0,1,2,2,0,0,0,0,0,0,0,1,2,2,0,1,1,1,2,2,5,5,0,0,1,0,0,0,0,0,0,1,2,2,0,0,0,0,0,0,1,0,0,1,0,0,0,0,0,0,3,1,1,1,0,0,0,0,0,0,0,0,0,5,0,69,4,4,2,388.6,0.073,0.065,,,,0.012,0.062,,,,,,,,,,,,,,,,,,,,,,,,,,,,,8.0
RPath,1107,sidewalks,280.014,CON,1,2,2,1,0,0,0,0,0,0,0,0,0,0,0,1,2,2,0,0,0,0,0,0,0,5,0,2,0,0,0,0,0,0,1,2,2,0,0,0,0,0,0,0,1,2,2,0,1,1,1,2,2,5,5,0,0,0,0,0,0,0,0,0,1,2,2,0,0,0,0,0,0,1,2,0,0,0,0,0,0,0,0,0,1,1,1,0,0,0,0,0,0,0,0,0,5,0,61,3,3,2,280.0,0.059,0.044,,,,0.016,0.021,,,,,,,,,,0.005,,,0.016,,,,,,,,,,,,,,,,6.0
RPath,1108,sidewalks,81.34,CON,1,2,2,1,0,0,0,0,0,0,0,0,0,0,0,1,2,2,0,0,0,0,0,0,0,5,0,2,0,0,0,0,0,0,1,2,2,0,0,0,0,0,0,0,1,2,2,0,1,1,1,2,2,5,5,0,0,1,0,0,0,0,0,0,1,2,2,0,0,0,0,0,0,1,0,0,0,0,0,0,0,0,0,0,1,1,1,0,0,0,0,0,0,0,0,0,5,0,60,3,3,3,82.8,0.254,0.199,,,0.036,0.072,0.091,,,,,,,,,,,0.054,,,,,,,,,,,,,,,,,,9.0
RPath,1109,sidewalks,142.761,CON,1,2,2,0,0,0,0,0,0,0,0,0,0,0,0,0,0,0,0,0,0,0,0,0,0,0,0,2,0,0,0,1,2,2,0,0,0,0,0,0,0,0,0,0,0,0,0,0,1,0,1,2,0,0,0,4,3,1,0,0,0,0,0,0,0,0,0,0,0,0,0,0,0,1,2,2,0,0,0,0,0,0,0,3,1,1,1,0,0,0,0,0,0,0,0,0,5,0,40,2,2,2,144.3,0.094,0.078,,,,0.021,0.073,,,,,,,,,,,,,,,,,,,,,,,,,,,,,4.0
RPath,1110,sidewalks,17.512,CON,1,2,2,0,0,0,0,0,0,0,0,0,0,0,0,0,0,0,0,0,0,0,0,0,0,0,0,2,0,0,0,1,2,0,0,0,0,0,0,0,0,0,0,0,0,0,0,0,0,0,1,0,0,0,0,4,0,1,0,0,0,0,0,0,0,0,0,0,0,0,0,0,0,1,2,0,0,0,0,0,0,0,0,3,1,1,1,0,0,0,0,0,0,0,0,0,5,0,30,2,2,1,20.5,0.000,0.000,,,,,,,,,,,,,,,,,,,,,,,,,,,,,,,,,,2.0
RPath,1111,sidewalks,160.594,CON,1,2,2,0,0,0,0,0,0,0,0,0,0,0,0,0,0,0,0,0,0,0,0,0,0,0,0,2,0,0,0,1,2,2,0,0,0,0,0,0,0,0,0,0,0,0,0,0,1,0,1,2,0,0,0,4,3,1,0,0,0,0,0,0,0,0,0,0,0,0,0,0,0,1,2,0,0,0,0,0,0,0,0,3,1,1,1,0,0,0,0,0,0,0,0,0,5,0,38,2,2,3,163.8,0.220,0.158,,,,0.082,0.137,,,,,,,,,,,,,,,,,,,,,,,,,,,,,6.0
RPath,1112,sidewalks,83.677,CON,1,2,2,0,0,0,0,0,0,0,0,0,0,0,0,0,0,0,0,0,0,0,0,0,0,0,0,2,0,0,0,1,2,2,0,0,0,0,0,0,0,0,0,0,0,0,0,0,1,0,1,2,0,0,0,4,3,1,0,0,0,0,0,0,0,0,0,0,0,0,0,0,0,1,2,0,0,0,0,0,0,0,0,3,1,1,1,0,0,0,0,0,0,0,0,0,5,0,38,2,2,2,85.2,0.053,0.013,,,,0.053,,,,,,,,,,,,,,,,,,,,,,,,,,,,,,4.0
RPath,1113,sidewalks,55.428,CON,1,2,2,0,0,0,0,0,0,0,0,0,0,0,0,0,0,0,0,0,0,0,0,0,0,0,0,0,0,0,0,1,2,2,0,0,0,0,0,0,0,0,0,0,0,0,0,0,1,1,1,2,2,0,0,4,0,0,0,0,0,0,0,0,0,0,0,0,0,0,0,0,0,1,2,0,0,0,0,0,0,0,0,0,1,1,1,0,0,0,0,0,0,0,0,0,5,0,32,2,2,1,56.8,0.000,0.000,,,,,,,,,,,,,,,,,,,,,,,,,,,,,,,,,,2.0
RPath,1114,sidewalks,62.166,HMAC,1,2,2,1,2,2,1,0,0,1,2,0,1,2,2,0,0,0,0,0,0,0,0,0,5,5,0,2,0,0,0,0,0,0,1,2,2,0,0,0,0,0,0,0,1,2,2,0,1,1,1,2,2,5,5,0,3,0,0,0,0,0,0,0,0,0,0,0,0,0,0,0,0,1,2,2,1,2,0,0,0,0,0,3,1,1,0,0,0,0,0,0,0,0,0,0,5,0,79,4,4,5,66.3,0.905,0.905,,,,,0.905,,,,,,,,,,,,,,,,,,,,,,,,,,,,,20.0
RPath,1115,sidewalks,354.365,HMAC,1,2,2,1,2,2,1,0,0,1,2,0,1,2,2,0,0,0,0,0,0,0,0,0,5,5,0,0,0,0,0,0,0,0,1,2,2,0,0,0,0,0,0,0,1,2,2,0,1,1,1,2,2,5,5,0,0,1,0,0,0,0,0,0,0,0,0,0,0,0,0,0,0,1,2,2,1,0,0,0,0,0,0,0,1,1,0,0,0,0,0,0,0,0,0,0,5,0,70,4,4,5,358.8,0.748,0.748,,,0.008,,0.723,,,,,,,,,,,0.017,,,,,,,,,,,,,,,,,,20.0
RPath,1116,sidewalks,100.56,CON,1,2,2,1,2,0,1,0,0,1,2,2,1,2,2,0,0,0,0,0,0,0,0,0,0,0,0,2,0,0,0,0,0,0,1,2,2,0,0,0,0,0,0,0,1,2,2,0,1,1,1,2,2,5,5,0,3,0,0,0,0,0,0,0,0,0,0,0,0,0,0,0,0,1,2,2,1,0,0,0,0,0,0,0,1,0,0,0,0,0,0,0,0,0,0,0,5,0,63,3,3,2,100.4,0.030,0.030,,,,,0.030,,,,,,,,,,,,,,,,,,,,,,,,,,,,,6.0
RPath,1117,sidewalks,36.603,CON,1,2,2,1,0,0,1,0,0,0,0,0,0,0,0,0,0,0,0,0,0,0,0,0,0,0,0,2,0,0,0,0,0,0,1,2,0,0,0,0,1,0,0,0,1,0,0,0,1,0,1,2,0,0,0,0,0,1,0,0,0,0,0,0,0,0,0,0,0,0,0,0,0,1,0,0,0,0,0,0,0,0,0,0,1,1,1,0,0,0,0,0,0,0,0,0,5,0,28,2,1,3,39.3,0.305,0.248,,,,0.076,0.229,,,,,,,,,,,,,,,,,,,,,,,,,,,,,3.0
RPath,1118,sidewalks,47.902,CON,1,2,2,1,0,0,1,0,0,0,0,0,0,0,0,0,0,0,0,0,0,0,0,0,0,0,0,2,0,0,0,0,0,0,1,2,0,0,0,0,1,0,0,0,1,0,0,0,1,0,1,2,2,0,0,0,0,1,0,0,0,0,0,0,0,0,0,0,0,0,0,0,0,1,0,0,0,0,0,0,0,0,0,0,1,1,1,0,0,0,0,0,0,0,0,0,5,0,30,2,2,2,50.7,0.059,0.015,,,,0.059,,,,,,,,,,,,,,,,,,,,,,,,,,,,,,4.0
RPath,1119,sidewalks,42.558,CON,1,2,2,1,2,0,1,2,0,0,0,0,0,0,0,0,0,0,0,0,0,0,0,0,0,0,0,2,0,0,0,0,0,0,1,2,0,0,0,0,1,2,0,0,1,0,0,0,1,1,1,2,0,0,0,0,0,1,0,0,0,0,0,0,0,0,0,0,0,0,0,0,0,1,2,0,0,0,0,0,0,0,0,0,1,1,1,0,0,0,0,0,0,0,0,0,5,0,37,2,2,1,44.7,0.000,0.000,,,,,,,,,,,,,,,,,,,,,,,,,,,,,,,,,,2.0
RPath,1120,sidewalks,59.596,CON,1,2,2,1,0,0,1,0,0,1,0,0,0,0,0,0,0,0,0,0,0,0,0,0,0,0,0,2,0,0,0,0,0,0,1,0,0,0,0,0,1,2,0,0,1,0,0,0,1,0,1,2,0,0,0,0,0,1,0,0,0,0,0,0,0,0,0,0,0,0,0,0,0,1,2,0,0,0,0,0,0,0,0,0,1,1,1,0,0,0,0,0,0,0,0,0,5,0,31,2,2,2,61.9,0.097,0.097,,,,,0.097,,,,,,,,,,,,,,,,,,,,,,,,,,,,,4.0
RPath,1121,sidewalks,45.831,CON,1,2,2,1,0,0,1,0,0,1,0,0,0,0,0,0,0,0,0,0,0,0,0,0,0,0,0,2,0,0,0,0,0,0,1,2,0,0,0,0,1,2,0,0,1,0,0,0,1,0,1,2,0,0,0,0,0,1,0,0,0,0,0,0,0,0,0,0,0,0,0,0,0,1,0,0,0,0,0,0,0,0,0,0,1,1,1,0,0,0,0,0,0,0,0,0,5,0,31,2,2,2,49.9,0.090,0.090,,,,,0.090,,,,,,,,,,,,,,,,,,,,,,,,,,,,,4.0
RPath,1122,sidewalks,91.43,CON,1,2,0,0,0,0,0,0,0,0,0,0,0,0,0,0,0,0,0,0,0,0,0,0,0,0,0,2,0,0,0,0,0,0,0,0,0,0,0,0,0,0,0,0,0,0,0,0,0,0,1,2,2,0,0,0,3,1,0,0,0,0,0,0,0,0,0,0,0,0,0,0,0,1,2,0,0,0,0,0,0,0,5,0,1,1,1,0,0,0,0,0,0,0,0,0,5,0,30,2,2,1,91.5,0.016,0.004,,,,0.016,,,,,,,,,,,,,,,,,,,,,,,,,,,,,,2.0
RPath,1123,sidewalks,42.609,CON,1,2,2,0,0,0,0,0,0,0,0,0,0,0,0,0,0,0,0,0,0,0,0,0,0,0,0,2,0,0,0,0,0,0,0,0,0,0,0,0,0,0,0,0,0,0,0,0,0,0,1,2,2,0,0,0,3,1,0,0,0,0,0,0,0,0,0,0,0,0,0,0,0,1,2,2,1,0,0,0,0,0,5,0,1,1,1,0,0,0,0,0,0,0,0,0,5,0,35,2,2,2,44.5,0.067,0.067,,,,,0.067,,,,,,,,,,,,,,,,,,,,,,,,,,,,,4.0
RPath,1124,sidewalks,14.375,CON,1,2,0,1,2,0,1,2,0,0,0,0,1,2,0,0,0,0,0,0,0,0,0,0,0,0,0,2,0,0,0,1,0,0,0,0,0,0,0,0,0,0,0,0,0,0,0,0,0,0,1,0,0,5,0,4,0,1,0,0,0,0,0,0,0,0,0,0,0,0,0,0,0,1,2,0,0,0,0,0,0,0,0,3,1,1,1,0,0,0,0,0,0,0,0,0,5,0,40,2,2,3,14.4,0.209,0.209,,,,,0.209,,,,,,,,,,,,,,,,,,,,,,,,,,,,,6.0
RPath,1125,sidewalks,254.386,CON,1,2,0,1,2,0,1,0,0,0,0,0,1,2,0,0,0,0,0,0,0,0,0,0,0,5,0,2,0,0,0,1,0,0,0,0,0,0,0,0,0,0,0,0,0,0,0,0,0,0,1,0,0,5,0,4,0,1,0,0,0,0,0,0,0,0,0,0,0,0,0,0,0,1,2,2,0,0,0,0,0,0,0,3,1,1,1,0,0,0,0,0,0,0,0,0,5,3,48,3,2,2,254.7,0.071,0.057,,,,0.018,0.053,,,,,,,,,,,,,,,,,,,,,,,,,,,,,4.0
RPath,1126,sidewalks,270.586,CON,1,2,0,1,2,0,1,2,0,0,0,0,1,2,0,0,0,0,0,0,0,0,0,0,5,0,0,2,0,0,0,1,2,2,0,0,0,0,0,0,0,0,0,0,1,2,0,0,1,0,1,2,0,5,0,4,0,1,0,0,0,0,0,0,0,0,0,0,0,0,0,0,0,1,2,0,0,0,0,0,0,0,0,3,1,1,1,0,0,0,0,0,0,1,0,0,5,0,56,3,3,4,274.0,0.389,0.385,0.077,,0.033,0.005,0.268,,,,,,,,,,,0.005,,,,,,,,,,,,,,,,,,12.0
RPath,1127,sidewalks,66.595,CON,1,0,0,1,0,0,1,0,0,0,0,0,1,2,2,0,0,0,0,0,0,0,0,0,0,0,0,2,0,0,0,1,0,0,0,0,0,0,0,0,0,0,0,0,0,0,0,0,0,0,0,0,0,0,0,0,0,1,0,0,0,0,0,0,0,0,0,0,0,0,0,0,0,1,2,0,0,0,0,0,0,0,0,3,1,1,1,0,0,0,0,0,0,0,0,0,5,0,26,1,1,2,66.8,0.045,0.011,,,,0.045,,,,,,,,,,,,,,,,,,,,,,,,,,,,,,2.0
RPath,1128,sidewalks,57.957,CON,1,0,0,1,0,0,1,0,0,0,0,0,1,2,0,0,0,0,0,0,0,0,0,0,0,0,0,2,0,0,0,0,0,0,0,0,0,0,0,0,0,0,0,0,0,0,0,0,0,0,1,0,0,5,0,4,0,1,0,0,0,0,0,0,0,0,0,0,0,0,0,0,0,1,2,2,0,0,0,0,0,0,0,0,1,1,1,0,0,0,0,0,0,0,0,0,5,0,32,2,2,1,58.2,0.026,0.006,,,,0.026,,,,,,,,,,,,,,,,,,,,,,,,,,,,,,2.0
RPath,1129,sidewalks,156.744,CON,1,0,0,1,0,0,1,0,0,0,0,0,1,2,2,0,0,0,0,0,0,0,0,0,0,0,0,2,0,0,0,1,0,0,0,0,0,0,0,0,0,0,0,0,0,0,0,0,0,0,0,0,0,0,0,0,0,1,0,0,0,0,0,0,0,0,0,0,0,0,0,0,0,1,2,0,0,0,0,0,0,0,0,3,1,1,1,0,0,0,0,0,0,0,0,0,5,0,26,1,1,1,156.9,0.010,0.002,,,,0.010,,,,,,,,,,,,,,,,,,,,,,,,,,,,,,1.0
RPath,1130,sidewalks,75.09,CON,1,0,0,0,0,0,0,0,0,0,0,0,1,2,2,0,0,0,0,0,0,0,0,0,0,0,0,2,0,0,0,1,0,0,0,0,0,0,0,0,0,0,0,0,0,0,0,0,0,0,0,0,0,0,0,0,0,1,0,0,0,0,0,0,0,0,0,0,0,0,0,0,0,1,2,0,0,0,0,0,0,0,0,3,1,1,1,0,0,0,0,0,0,0,0,0,5,0,24,1,1,1,77.4,0.039,0.010,,,,0.039,,,,,,,,,,,,,,,,,,,,,,,,,,,,,,1.0
RPath,1131,sidewalks,206.505,CON,1,2,0,0,0,0,0,0,0,0,0,0,1,2,2,0,0,0,0,0,0,0,0,0,0,0,0,2,0,0,0,0,0,0,0,0,0,0,0,0,0,0,0,0,0,0,0,0,0,0,0,0,0,0,0,0,0,1,0,0,0,0,0,0,0,0,0,1,0,0,0,0,0,1,2,0,0,0,0,0,0,0,0,3,1,1,1,0,0,0,0,0,0,0,0,0,5,3,29,2,1,2,206.8,0.051,0.045,,,,0.007,0.044,,,,,,,,,,,,,,,,,,,,,,,,,,,,,2.0
RPath,1132,sidewalks,206.993,CON,1,2,0,1,0,0,0,0,0,1,2,2,0,0,0,0,0,0,0,0,0,0,0,0,0,5,0,2,0,0,0,0,0,0,1,2,2,0,0,0,1,2,2,0,1,2,0,0,1,0,1,2,2,5,0,0,3,0,0,0,0,0,0,0,0,0,0,0,0,0,0,0,0,0,0,0,0,0,0,0,0,0,5,3,1,1,1,0,0,0,0,0,0,0,0,0,5,0,59,3,3,3,215.5,0.125,0.125,0.007,,0.014,,0.084,,,,,,,,,,,0.021,,,,,,,,,,,,,,,,,,9.0
RPath,1134,sidewalks,80.677,CON,1,2,0,0,0,0,0,0,0,1,2,2,0,0,0,0,0,0,0,0,0,0,0,0,0,0,0,0,0,0,0,0,0,0,1,2,2,0,0,0,1,2,2,0,1,2,2,0,1,0,1,2,2,5,0,0,3,0,0,0,0,0,0,0,0,0,0,0,0,0,0,0,0,0,0,0,0,0,0,0,0,0,0,0,1,1,1,0,0,0,0,0,0,0,0,0,5,0,45,2,2,3,84.0,0.214,0.174,,,,,0.071,,,,,,,,0.054,,,0.089,,,,,,,,,,,,,,,,,,6.0
RPath,1135,sidewalks,65.655,HMAC,1,2,0,1,0,0,1,0,0,0,0,0,1,2,2,1,2,2,0,0,0,0,0,0,0,5,0,2,0,0,0,0,0,0,1,2,2,0,0,0,0,0,0,0,0,0,0,0,0,0,1,2,2,0,5,0,0,1,0,0,0,0,0,0,0,0,0,0,0,0,1,0,0,1,2,0,1,0,0,0,0,0,5,3,1,0,0,0,0,0,0,0,0,0,0,0,5,0,57,3,3,2,65.9,0.296,0.091,,,,0.273,,0.023,,,,,,,,,,,,,,,,,,,,,,,,,,,,6.0
RPath,1136,sidewalks,171.861,CON,1,2,2,1,0,0,1,0,0,0,0,0,1,2,2,1,2,2,0,0,0,0,0,0,0,5,0,0,0,0,0,0,0,0,1,2,2,0,0,0,0,0,0,0,0,0,0,0,0,0,1,2,0,5,5,0,0,1,0,0,0,0,0,0,0,0,0,0,0,0,1,0,0,1,2,2,1,0,0,0,0,0,5,3,1,1,0,0,0,0,0,0,0,0,0,0,5,0,63,3,3,2,170.7,0.018,0.011,,,,0.009,0.009,,,,,,,,,,,,,,,,,,,,,,,,,,,,,6.0
RPath,1137,sidewalks,224.666,HMAC,1,2,2,0,0,0,0,0,0,0,0,0,1,2,2,1,2,2,0,0,0,0,0,0,0,5,0,2,0,0,0,0,0,0,1,2,2,0,0,0,0,0,0,0,0,0,0,0,0,0,1,2,0,5,5,0,0,0,0,0,0,0,0,0,0,0,0,0,0,0,0,0,0,1,2,0,1,0,0,0,0,0,0,3,1,1,0,0,0,0,0,0,0,0,0,0,5,0,54,3,3,5,223.6,0.919,0.919,,,,,0.919,,,,,,,,,,,,,,,,,,,,,,,,,,,,,15.0
RPath,1138,sidewalks,178.591,CON,1,2,2,0,0,0,0,0,0,0,0,0,1,2,2,1,2,2,0,0,0,0,0,0,0,5,0,0,0,0,0,0,0,0,1,2,2,0,0,0,0,0,0,0,0,0,0,0,0,0,1,2,0,5,5,0,0,1,0,0,0,0,0,0,0,0,0,0,0,0,0,0,0,1,2,2,1,0,0,0,0,0,0,3,1,1,0,0,0,0,0,0,0,0,0,0,5,0,55,3,3,2,177.6,0.169,0.087,,,,0.110,0.051,,,,,,,,,,,0.008,,,,,,,,,,,,,,,,,,6.0
RPath,1139,sidewalks,373.855,CON,1,2,2,1,2,0,1,2,0,0,0,0,1,2,2,1,2,2,0,0,0,0,0,0,0,5,0,0,0,0,0,0,0,0,1,2,2,0,0,0,0,0,0,0,1,2,2,0,0,0,1,2,2,5,5,4,3,1,0,0,0,0,0,0,0,0,0,0,0,0,1,2,0,1,2,2,1,2,0,0,0,0,5,3,1,0,0,0,0,0,0,0,0,0,0,0,5,0,84,5,4,2,371.8,0.069,0.039,0.004,,,0.036,0.024,,,,,,,,,,,,0.004,,,,,,,,,,,,,,,,,8.0
RPath,1140,sidewalks,196.943,CON,1,2,0,1,2,0,1,2,0,0,0,0,1,2,0,1,2,2,0,0,0,0,0,0,0,0,0,2,0,0,0,0,0,0,1,2,2,0,0,0,0,0,0,0,1,2,2,0,0,0,1,2,2,5,5,4,0,1,0,0,0,0,0,0,0,0,0,0,0,0,1,2,0,1,2,2,1,2,0,0,0,0,5,3,0,0,0,0,0,0,0,0,0,0,0,0,5,0,73,4,4,2,199.1,0.090,0.030,,,,0.038,,,,,,,,,0.023,,0.008,,0.023,,,,,,,,,,,,,,,,,8.0
RPath,1143,sidewalks,36.77,CON,1,2,2,1,2,0,1,2,0,1,2,0,1,2,0,0,0,0,0,0,0,0,0,0,5,0,0,2,0,0,0,0,0,0,1,2,2,0,0,0,0,0,0,5,1,2,0,0,0,0,1,2,2,0,5,0,0,1,0,0,0,0,0,0,1,0,0,0,0,0,1,2,0,0,0,0,1,2,2,0,0,0,5,3,0,0,1,0,0,0,0,0,0,0,0,0,5,0,71,4,4,2,40.0,0.075,0.028,,,,0.038,,,,,,,,,,,,,0.038,,,,,,,,,,,,,,,,,8.0
RPath,1145,sidewalks,99.708,CON,1,2,2,1,2,0,1,2,0,1,2,0,1,2,2,0,0,0,0,0,0,1,0,0,5,0,0,2,0,0,0,0,0,0,1,2,2,0,0,0,0,0,0,5,1,2,0,0,0,0,1,2,2,0,5,0,0,1,0,0,0,0,0,0,1,0,0,1,0,0,1,2,2,0,0,0,1,2,2,0,0,0,5,3,0,0,1,0,0,0,0,0,0,0,0,0,5,0,77,4,4,2,101.6,0.089,0.055,,,,0.044,0.044,,,,,,,,,,,,,,,,,,,,,,,,,,,,,8.0
RPath,1150,sidewalks,276.988,HMAC,1,2,2,1,0,0,0,0,0,0,0,0,1,0,0,1,0,0,0,0,0,0,0,0,0,5,0,2,0,0,0,0,0,0,1,0,0,0,0,0,0,0,0,0,0,0,0,0,0,0,1,2,2,5,5,0,0,1,0,0,0,0,0,0,0,0,0,0,0,0,0,0,0,0,0,0,0,0,0,0,0,0,0,3,1,1,1,0,0,0,0,0,0,0,0,0,5,0,43,2,2,5,281.3,0.832,0.832,,,0.005,,0.810,,,,,0.016,,,,,,,,,,,,,,,,,,,,,,,,10.0
RPath,1151,sidewalks,225.92,HMAC,1,2,2,0,0,0,0,0,0,0,0,0,1,0,0,1,0,0,0,0,0,0,0,0,0,5,0,2,0,0,0,0,0,0,1,2,0,0,0,0,0,0,0,0,0,0,0,0,0,0,1,2,0,5,5,0,3,1,0,0,0,0,0,0,0,0,0,0,0,0,0,0,0,1,2,0,1,2,2,0,0,0,0,3,1,1,1,0,0,0,0,0,0,0,0,0,5,0,53,3,3,5,227.4,0.877,0.874,,,,,0.864,,,,,,,,,,0.007,0.007,,,,,,,,,,,,,,,,,,15.0
RPath,1152,sidewalks,123.444,HMAC,1,2,0,1,0,0,0,0,0,0,0,0,1,2,0,1,2,0,0,0,0,1,2,0,5,0,0,2,1,2,0,1,2,2,1,2,2,0,0,0,1,2,2,0,1,2,2,0,1,1,1,2,2,5,5,0,3,0,1,0,0,1,2,0,1,2,0,1,0,0,1,2,0,0,0,0,0,0,0,0,0,0,0,3,1,1,1,1,0,0,0,0,0,0,0,0,5,0,86,5,5,5,123.4,0.802,0.775,,,,0.024,0.766,,,,,,0.012,,,,,,,,,,,,,,,,,,,,,,,25.0
RPath,1153,sidewalks,86.572,CON,1,2,2,0,0,0,0,0,0,0,0,0,1,2,2,1,2,2,0,0,0,1,2,0,0,0,0,0,0,0,0,1,2,0,1,2,2,0,0,0,1,2,0,0,1,0,0,0,1,0,1,2,2,5,5,0,3,0,1,0,0,1,2,0,1,0,0,1,2,0,1,0,0,1,0,0,1,0,0,0,0,0,0,3,1,0,1,0,0,0,0,0,0,0,0,0,0,0,65,4,3,4,86.6,0.433,0.355,,,,0.104,0.329,,,,,,,,,,,,,,,,,,,,,,,,,,,,,12.0
RPath,1154,sidewalks,54.948,CON,1,2,2,0,0,0,0,0,0,0,0,0,1,2,2,1,2,2,0,0,0,1,2,2,5,0,0,0,1,0,0,1,2,0,1,2,2,0,0,0,1,2,2,0,1,2,0,0,1,0,1,2,2,5,5,0,0,0,1,2,0,1,2,0,1,0,0,1,0,0,1,0,0,1,0,0,1,0,0,0,0,0,0,3,1,1,1,0,0,0,0,0,0,0,0,0,5,0,80,4,4,4,54.9,0.300,0.280,,,,0.027,0.273,,,,,,,,,,,,,,,,,,,,,,,,,,,,,16.0
RPath,1155,sidewalks,205.737,CON,1,2,2,0,0,0,0,0,0,0,0,0,1,2,2,1,2,2,0,0,0,1,2,0,5,0,0,2,1,0,0,1,2,2,1,2,2,0,0,0,1,2,2,0,1,2,0,0,1,1,1,2,2,5,5,0,0,0,1,0,0,1,2,2,1,2,0,1,2,0,1,2,0,1,0,0,1,0,0,0,0,0,0,3,1,1,1,1,0,0,0,0,0,0,0,0,5,0,90,5,5,1,206.9,0.007,0.007,,,,,0.007,,,,,,,,,,,,,,,,,,,,,,,,,,,,,5.0
RPath,1156,sidewalks,24.959,CON,1,2,2,0,0,0,0,0,0,0,0,0,1,2,2,1,2,2,0,0,0,1,2,0,0,0,0,0,0,0,0,1,2,0,1,2,2,0,0,0,1,2,2,0,1,2,0,0,1,0,1,2,2,5,5,0,0,0,1,0,0,1,2,0,1,0,0,1,0,0,1,0,0,1,0,0,1,0,0,0,0,0,0,3,1,0,1,0,0,0,0,0,0,0,0,0,0,0,64,4,3,4,24.3,0.370,0.370,,,,,0.370,,,,,,,,,,,,,,,,,,,,,,,,,,,,,12.0
RPath,1157,sidewalks,91.273,CON,1,2,2,0,0,0,0,0,0,0,0,0,1,2,2,1,2,0,0,0,0,1,2,2,0,0,0,0,1,0,0,1,2,2,1,2,2,0,0,0,1,2,2,0,1,2,0,0,1,0,1,2,2,5,5,0,0,0,1,2,0,1,2,0,1,2,0,1,0,0,1,0,0,1,0,0,1,0,0,0,0,0,0,3,1,1,1,0,0,0,0,0,0,0,0,0,0,0,72,4,4,1,90.8,0.017,0.008,,,,,,,,,,,,,,,,,0.017,,,,,,,,,,,,,,,,,4.0
RPath,1158,sidewalks,39.208,CON,1,2,2,0,0,0,0,0,0,0,0,0,1,2,2,1,2,2,0,0,0,1,2,2,0,5,0,0,1,0,0,1,2,0,1,2,2,0,0,0,1,2,2,0,1,2,0,0,1,0,1,2,2,5,5,0,0,0,1,2,0,1,2,0,1,0,0,1,0,0,1,0,0,1,0,0,1,0,0,0,0,0,0,3,1,1,1,0,0,0,0,0,0,0,0,0,5,0,80,4,4,4,39.2,0.574,0.402,,,,0.230,0.344,,,,,,,,,,,,,,,,,,,,,,,,,,,,,16.0
RPath,1159,sidewalks,190.047,CON,1,2,0,1,0,0,0,0,0,1,0,0,1,0,0,1,0,0,0,0,0,1,0,0,5,0,0,0,1,2,2,1,2,2,1,2,2,0,0,0,1,2,2,0,1,2,2,0,1,1,1,2,2,5,5,0,3,0,1,2,0,1,0,0,1,2,0,0,0,0,1,0,0,1,0,0,1,0,0,0,0,0,0,3,1,1,1,1,0,0,0,0,0,0,0,0,5,0,80,4,4,2,196.7,0.084,0.027,,,,0.061,,,,,,,,,,,,,0.023,,,,,,,,,,,,,,,,,8.0
RPath,1161,sidewalks,102.072,CON,1,2,2,1,2,0,0,0,0,0,0,0,1,0,0,0,0,0,0,0,0,0,0,0,0,0,3,0,0,0,0,0,0,0,1,2,2,0,0,0,0,0,0,0,1,2,2,0,0,0,1,2,2,0,0,0,3,1,0,0,0,0,0,0,0,0,0,0,0,0,0,0,0,0,0,0,0,0,0,0,0,0,0,0,1,1,1,1,0,0,1,0,0,1,2,2,5,0,46,3,2,2,106.1,0.042,0.011,,,,0.042,,,,,,,,,,,,,,,,,,,,,,,,,,,,,,4.0
RPath,1162,sidewalks,193.31,CON,1,2,0,1,2,0,0,0,0,0,0,0,1,0,0,0,0,0,1,0,0,0,0,0,0,0,3,0,0,0,0,0,0,0,1,2,0,0,0,0,0,0,0,0,1,2,0,0,0,0,1,2,0,0,0,0,3,1,0,0,0,0,0,0,0,0,0,0,0,0,0,0,0,0,0,0,1,0,0,0,0,0,0,0,1,1,1,0,0,0,0,0,0,1,2,2,5,0,38,2,2,2,197.0,0.030,0.025,,,,0.008,,,,,,0.023,,,,,,,,,,,,,,,,,,,,,,,,4.0
RPath,1163,sidewalks,8.119,CON,1,2,2,1,2,2,0,0,0,0,0,0,0,0,0,0,0,0,0,0,0,0,0,0,0,0,0,0,0,0,0,0,0,0,1,2,2,0,0,0,0,0,0,0,1,2,2,0,0,0,1,2,2,5,5,0,3,0,0,0,0,0,0,0,0,0,0,0,0,0,0,0,0,0,0,0,1,0,0,0,0,0,0,0,1,1,1,1,2,0,1,0,0,1,2,0,5,0,54,3,3,5,10.3,0.585,0.585,,,,,0.585,,,,,,,,,,,,,,,,,,,,,,,,,,,,,15.0
RPath,1164,sidewalks,41.414,CON,1,2,2,1,2,2,0,0,0,0,0,0,0,0,0,0,0,0,0,0,0,0,0,0,0,0,3,0,0,0,0,0,0,0,1,2,2,0,0,0,0,0,0,0,1,2,2,0,0,0,1,2,2,5,5,0,3,0,0,0,0,0,0,0,0,0,0,0,0,0,0,0,0,0,0,0,1,0,0,0,0,0,0,0,1,1,1,1,0,0,1,0,0,1,2,2,5,0,57,3,3,2,41.9,0.072,0.054,,,,,0.036,,,,,,,,,,,,0.036,,,,,,,,,,,,,,,,,6.0
RPath,1167,sidewalks,64.344,HMAC,1,2,2,1,0,0,1,0,0,1,2,0,1,2,0,1,0,0,0,0,0,0,0,0,5,0,0,2,0,0,0,0,0,0,1,2,2,0,0,0,0,0,0,5,1,2,2,0,0,0,1,2,2,0,5,0,0,1,0,0,0,0,0,0,1,0,0,0,0,0,1,0,0,1,0,0,1,2,0,0,0,0,5,3,1,0,0,0,0,0,0,0,0,0,0,0,5,0,67,4,4,1,59.2,0.000,0.000,,,,,,,,,,,,,,,,,,,,,,,,,,,,,,,,,,4.0
RPath,1168,sidewalks,208.375,CON,1,2,2,1,2,0,0,0,0,1,0,0,1,2,2,0,0,0,0,0,0,0,0,0,0,0,0,2,0,0,0,0,0,0,1,2,0,0,0,0,0,0,0,5,1,0,0,0,1,1,1,2,2,5,0,0,3,1,0,0,0,0,0,0,1,0,0,0,0,0,0,0,0,1,2,2,1,2,2,0,0,0,5,3,0,0,0,1,0,0,0,0,0,0,0,0,5,0,66,4,3,2,418.5,0.079,0.040,,,,0.036,0.018,,,,,,0.004,,,,,0.004,0.018,,,,,,,,,,,,,,,,,6.0
RPath,1169,sidewalks,208.549,CON,1,2,0,1,2,0,0,0,0,1,0,0,1,2,2,0,0,0,0,0,0,1,0,0,0,0,0,2,0,0,0,0,0,0,1,2,0,0,0,0,0,0,0,5,1,0,0,0,1,1,1,2,2,5,0,0,3,1,0,0,0,0,0,0,1,0,0,0,0,0,0,0,0,1,2,2,1,2,0,0,0,0,5,3,0,0,0,1,0,0,0,0,0,0,0,0,5,0,63,3,3,2,419.0,0.086,0.051,,,0.007,0.032,0.014,,,,,,,,,,,0.011,0.021,,,,,,,,,,,,,,,,,6.0
RPath,1170,sidewalks,232.1,HMAC,1,2,0,1,2,0,1,2,0,1,0,0,1,2,0,1,0,0,0,0,0,0,0,0,0,0,0,2,0,0,0,1,2,0,1,2,0,0,0,0,0,0,0,5,1,2,2,0,1,1,1,2,2,5,0,0,3,1,0,0,0,0,0,0,1,2,0,0,0,0,0,0,0,1,0,0,1,2,0,0,0,0,5,3,0,0,0,0,0,0,0,0,0,0,0,0,5,0,68,4,4,2,470.4,0.045,0.040,,,0.006,,,,,0.026,,,,,,,,0.003,0.010,,,,,,,,,,,,,,,,,8.0
RPath,1171,sidewalks,314.447,HMAC,1,2,2,1,2,2,1,2,2,1,0,0,1,2,2,1,2,2,0,0,0,0,0,0,0,5,0,2,0,0,0,1,2,0,1,2,2,0,0,0,0,0,0,5,1,0,0,0,0,0,1,2,2,0,5,0,0,1,0,0,0,0,0,0,1,2,0,0,0,0,0,0,0,1,2,0,1,2,0,0,0,0,5,3,1,0,0,0,0,0,0,0,0,0,0,0,5,0,81,4,4,2,628.5,0.024,0.017,,,0.002,,,,,,,,,,,,,0.005,0.014,0.002,,,,,,,,,,,,,,,,8.0
RPath,1172,sidewalks,76.973,CON,1,2,2,1,2,2,1,2,0,1,2,0,1,2,2,0,0,0,0,0,0,1,2,0,0,0,0,2,1,0,0,0,0,0,1,2,0,0,0,0,1,2,0,5,1,2,0,0,1,0,1,2,0,5,0,0,3,1,1,0,0,0,0,0,1,0,0,1,0,0,0,0,0,1,2,0,1,2,2,0,0,0,5,3,1,0,1,1,2,0,0,0,0,0,0,0,5,0,83,5,4,2,163.3,0.055,0.014,,,,,,,,,,,,,0.055,,,,,,,,,,,,,,,,,,,,,8.0
RPath,1173,sidewalks,149.607,HMAC,1,2,2,1,2,2,1,2,2,1,0,0,1,2,2,0,0,0,0,0,0,1,2,0,0,0,0,2,0,0,0,0,0,0,1,0,0,0,0,0,0,0,0,5,1,0,0,0,1,0,1,2,0,5,0,0,0,1,0,0,0,0,0,0,1,2,2,1,0,0,1,0,0,1,0,0,1,2,2,0,0,0,0,3,1,0,0,0,0,0,0,0,0,0,0,0,5,0,65,4,3,3,305.1,0.177,0.177,0.177,,,,,,,,,,,,,,,,,,,,,,,,,,,,,,,,,9.0
RPath,1174,sidewalks,84.87,CON,1,2,0,1,2,0,1,2,0,1,0,0,1,2,2,0,0,0,0,0,0,1,2,2,0,0,0,2,0,0,0,0,0,0,1,0,0,0,0,0,0,0,0,5,1,0,0,0,1,1,1,2,2,5,0,0,3,1,0,0,0,0,0,0,1,2,0,1,2,0,1,2,0,1,0,0,1,2,2,0,0,0,5,3,1,0,1,0,0,0,0,0,0,0,0,0,5,0,75,4,4,2,84.5,0.053,0.013,,,,0.053,,,,,,,,,,,,,,,,,,,,,,,,,,,,,,8.0
RPath,1175,sidewalks,135.287,CON,1,2,0,1,2,0,1,2,0,1,0,0,1,2,2,0,0,0,0,0,0,1,2,2,0,5,0,2,0,0,0,0,0,0,1,2,0,0,0,0,0,0,0,5,0,0,0,0,1,1,1,2,2,5,0,0,3,1,0,0,0,0,0,0,1,0,0,1,2,2,1,2,2,1,0,0,1,2,2,0,0,0,5,3,1,0,1,0,0,0,0,0,0,0,0,0,5,0,83,5,4,2,135.5,0.055,0.036,,,,0.011,0.022,,,,,,,,,,,,0.022,,,,,,,,,,,,,,,,,8.0
RPath,1176,sidewalks,135.618,CON,1,2,0,1,2,0,1,2,0,1,0,0,1,2,2,0,0,0,0,0,0,1,2,2,0,5,0,2,0,0,0,0,0,0,1,2,0,0,0,0,0,0,0,5,0,0,0,0,1,1,1,2,2,5,0,0,3,1,0,0,0,0,0,0,1,0,0,1,2,0,1,2,0,1,0,0,1,2,2,0,0,0,5,3,1,0,1,0,0,0,0,0,0,0,0,0,5,0,79,4,4,2,136.9,0.044,0.036,0.033,,,0.011,,,,,,,,,,,,,,,,,,,,,,,,,,,,,,8.0
RPath,1177,sidewalks,84.706,CON,1,2,0,1,0,0,1,0,0,1,0,0,1,2,2,0,0,0,0,0,0,1,2,2,0,0,0,2,0,0,0,0,0,0,1,2,2,0,0,0,0,0,0,5,0,0,0,0,1,1,1,2,2,5,0,0,3,1,0,0,0,0,0,0,1,2,0,1,2,2,1,2,2,1,2,0,1,2,2,0,0,0,5,3,1,0,1,0,0,0,0,0,0,0,0,0,5,0,80,4,4,3,83.8,0.233,0.112,,,,0.161,0.072,,,,,,,,,,,,,,,,,,,,,,,,,,,,,12.0
RPath,1179,sidewalks,83.169,CON,1,2,0,0,0,0,0,0,0,1,0,0,1,2,2,0,0,0,0,0,0,1,2,0,0,0,0,2,0,0,0,0,0,0,1,2,2,0,0,0,0,0,0,5,0,0,0,0,1,1,1,2,2,5,0,4,3,1,0,0,0,0,0,0,1,2,0,1,2,0,1,2,0,1,2,0,1,2,2,0,0,0,5,3,0,0,0,0,0,0,0,0,0,0,0,0,5,0,74,4,4,2,82.7,0.054,0.027,,,,0.036,,,,,,,,,,,,,,0.018,,,,,,,,,,,,,,,,8.0
RPath,1180,sidewalks,33.483,CON,1,0,0,0,0,0,0,0,0,1,2,0,1,2,0,0,0,0,0,0,0,1,0,0,0,0,0,2,0,0,0,0,0,0,1,2,2,0,0,0,0,0,0,5,1,0,0,0,1,0,1,2,0,5,0,4,0,1,0,0,0,0,0,0,1,2,2,1,0,0,1,0,0,1,2,0,1,0,0,0,0,0,0,3,0,0,0,0,0,0,0,0,0,0,0,0,5,0,54,3,3,2,34.4,0.262,0.065,,,,0.262,,,,,,,,,,,,,,,,,,,,,,,,,,,,,,6.0
RPath,1181,sidewalks,236.963,CON,1,2,0,1,0,0,0,0,0,1,2,0,1,2,2,0,0,0,0,0,0,1,2,0,0,5,0,2,0,0,0,0,0,0,1,2,2,0,0,0,0,0,0,5,1,0,0,0,1,1,1,2,2,5,0,4,3,1,0,0,0,0,0,0,1,2,2,1,2,0,1,2,0,1,2,2,1,2,0,0,0,0,5,3,0,0,0,0,0,0,0,0,0,0,0,0,5,0,85,5,4,2,238.4,0.025,0.013,,,0.006,0.013,,,,,,,,,,,,,0.006,,,,,,,,,,,,,,,,,8.0
RPath,1182,sidewalks,237.323,HMAC,1,2,2,1,0,0,1,0,0,0,0,0,1,2,2,1,2,2,0,0,0,0,0,0,5,0,3,0,0,0,0,1,2,2,0,0,0,0,0,0,0,0,0,0,0,0,0,0,1,1,1,2,2,0,5,0,3,1,0,0,0,0,0,0,0,0,0,0,0,0,0,0,0,1,2,0,0,0,0,0,0,0,0,0,1,1,0,0,0,0,0,0,0,0,0,0,5,0,56,3,3,1,237.3,0.006,0.006,0.006,,,,,,,,,,,,,,,,,,,,,,,,,,,,,,,,,3.0
RPath,1183,sidewalks,182.638,CON,1,2,2,1,0,0,1,0,0,0,0,0,1,2,0,1,2,0,0,0,0,0,0,0,5,0,3,2,0,0,0,1,2,2,0,0,0,0,0,0,0,0,0,0,0,0,0,0,1,1,1,2,2,0,5,0,3,1,0,0,0,0,0,0,0,0,0,0,0,0,0,0,0,1,2,0,0,0,0,0,0,0,0,0,1,1,1,0,0,0,0,0,0,0,0,0,5,0,55,3,3,2,184.8,0.073,0.018,,,,0.041,,,,,,,,,0.032,,,,,,,,,,,,,,,,,,,,,6.0
RPath,1184,sidewalks,19.626,CON,1,2,0,1,2,0,1,2,0,0,0,0,1,2,2,0,0,0,0,0,0,1,2,2,0,5,0,2,0,0,0,0,0,0,1,0,0,0,0,0,1,0,0,5,1,0,0,0,1,1,1,2,2,0,0,0,3,1,1,0,0,0,0,0,1,0,0,1,2,0,1,2,0,1,0,0,1,2,2,0,0,0,0,3,1,0,1,0,0,0,0,0,0,0,0,0,5,0,69,4,4,2,21.4,0.351,0.088,,,,0.351,,,,,,,,,,,,,,,,,,,,,,,,,,,,,,8.0
RPath,1186,sidewalks,527.046,CON,1,2,2,0,0,0,0,0,0,0,0,0,1,2,0,0,0,0,0,0,0,0,0,0,0,5,0,0,0,0,0,1,2,2,1,2,0,1,2,2,1,2,2,0,1,2,0,0,0,0,1,2,2,5,5,4,0,0,1,0,0,0,0,0,0,0,0,0,0,0,0,0,0,1,2,0,1,0,0,0,0,0,0,0,1,1,1,1,0,0,0,0,0,0,0,0,5,0,67,4,4,2,546.3,0.044,0.042,,,,0.003,0.041,,,,,,,,,,,,,,,,,,,,,,,,,,,,,8.0
RPath,1187,sidewalks,12.43,CON,1,2,0,0,0,0,0,0,0,0,0,0,1,2,0,0,0,0,0,0,0,0,0,0,0,0,0,0,0,0,0,1,2,0,1,0,0,1,2,0,1,2,2,0,1,2,0,0,0,0,1,2,2,5,5,0,0,0,0,0,0,0,0,0,0,0,0,0,0,0,0,0,0,0,0,0,1,0,0,0,0,0,0,0,1,1,1,0,0,0,0,0,0,0,0,0,5,0,45,2,2,2,13.3,0.337,0.084,,,,0.337,,,,,,,,,,,,,,,,,,,,,,,,,,,,,,4.0
RPath,1188,sidewalks,85.567,CON,1,2,2,0,0,0,0,0,0,0,0,0,1,2,0,0,0,0,0,0,0,0,0,0,0,5,0,0,0,0,0,1,2,2,1,2,0,1,2,2,1,2,2,0,1,2,0,0,0,0,1,2,2,5,5,4,0,1,0,0,0,0,0,0,0,0,0,0,0,0,0,0,0,0,0,0,0,0,0,0,0,0,0,0,1,1,1,1,0,0,0,0,0,0,0,0,5,0,63,3,3,3,90.6,0.149,0.137,,,,0.017,0.132,,,,,,,,,,,,,,,,,,,,,,,,,,,,,9.0
RPath,1189,sidewalks,27.589,CON,1,2,2,0,0,0,0,0,0,0,0,0,1,2,0,0,0,0,0,0,0,0,0,0,0,0,0,0,0,0,0,1,2,2,1,2,0,1,2,2,1,2,2,0,1,2,0,0,0,0,1,2,2,5,5,0,0,0,0,0,0,0,0,0,0,0,0,0,0,0,0,0,0,0,0,0,0,0,0,0,0,0,0,0,1,1,1,0,0,0,0,0,0,0,0,0,5,0,52,3,3,1,30.7,0.000,0.000,,,,,,,,,,,,,,,,,,,,,,,,,,,,,,,,,,3.0
RPath,1190,sidewalks,380.04,HMAC,1,2,0,1,2,2,1,0,0,0,0,0,1,2,2,1,2,2,0,0,0,0,0,0,5,5,0,2,0,0,0,1,2,0,1,2,2,1,2,0,0,0,0,0,0,0,0,0,1,1,1,2,2,5,5,4,3,1,0,0,0,0,0,0,0,0,0,0,0,0,1,0,0,1,2,0,1,2,2,0,0,0,5,3,1,1,1,0,0,0,0,0,0,0,0,0,5,0,92,5,5,4,380.8,0.398,0.356,,,,0.047,0.327,,,,,,,,,,,0.012,0.012,,,,,,,,,,,,,,,,,20.0
RPath,1191,sidewalks,342.878,CON,1,2,2,1,2,0,1,0,0,0,0,0,1,2,2,1,0,0,0,0,0,0,0,0,0,5,0,0,0,0,0,1,2,2,1,2,2,1,2,2,1,2,0,0,0,0,0,0,1,1,1,2,2,5,5,4,3,0,0,0,0,0,0,0,0,0,0,0,0,0,1,0,0,1,2,0,1,0,0,0,0,0,5,0,1,1,1,0,0,0,0,0,0,0,0,0,5,0,80,4,4,1,342.9,0.013,0.008,,,,0.004,,,,,,,,,,,,0.004,0.004,,,,,,,,,,,,,,,,,4.0
RPath,1192,sidewalks,228.419,CON,1,2,2,1,0,0,0,0,0,0,0,0,1,2,0,0,0,0,0,0,0,0,0,0,0,5,0,0,0,0,0,1,2,2,1,2,2,1,2,2,1,2,2,0,1,2,0,0,0,0,1,2,2,5,5,4,0,1,0,0,0,0,0,0,0,0,0,0,0,0,0,0,0,0,0,0,0,0,0,0,0,0,0,0,1,1,1,1,0,0,0,0,0,0,0,0,5,0,66,4,3,2,233.0,0.026,0.016,,,,0.013,,,,,,,,,,,,0.013,,,,,,,,,,,,,,,,,,6.0
RPath,1193,sidewalks,284.963,CON,1,2,2,1,0,0,0,0,0,0,0,0,1,2,0,0,0,0,0,0,0,0,0,0,0,5,0,0,0,0,0,1,2,2,1,2,2,1,2,2,1,2,2,0,1,2,0,0,0,0,1,2,2,5,5,4,0,0,0,0,0,0,0,0,0,0,0,0,0,0,0,0,0,0,0,0,0,0,0,0,0,0,0,0,1,1,1,1,0,0,0,0,0,0,0,0,5,0,65,4,3,1,284.8,0.005,0.003,,,,,,,,,,,,,,,0.005,,,,,,,,,,,,,,,,,,,3.0
RPath,1194,sidewalks,373.888,CON,1,2,2,1,2,2,1,0,0,0,0,0,1,2,0,1,0,0,0,0,0,0,0,0,0,5,0,0,0,0,0,0,0,0,1,2,2,0,0,0,0,0,0,0,1,2,2,0,1,1,1,2,2,5,5,0,0,1,0,0,0,0,0,0,0,0,0,0,0,0,0,0,0,0,0,0,1,2,2,0,0,0,0,3,1,1,1,1,0,0,1,2,0,1,2,0,5,0,71,4,4,1,369.6,0.008,0.005,,,,0.004,,,,,,,,,,,,,,0.004,,,,,,,,,,,,,,,,4.0
RPath,1195,sidewalks,45.516,HMAC,1,2,2,1,0,0,1,0,0,0,0,0,1,0,0,1,2,2,0,0,0,0,0,0,5,5,0,2,0,0,0,1,2,2,1,2,2,0,0,0,0,0,0,5,1,2,2,0,1,0,1,2,2,5,5,0,0,1,0,0,0,0,0,0,0,0,0,0,0,0,0,0,0,1,2,0,0,0,0,0,0,0,0,3,1,0,0,0,0,0,0,0,0,0,0,0,5,0,74,4,4,2,48.8,0.154,0.046,,,,0.123,,,,,,,,,,,,,0.031,,,,,,,,,,,,,,,,,8.0
RPath,1196,sidewalks,26.734,CON,1,0,0,0,0,0,0,0,0,0,0,0,1,2,2,0,0,0,0,0,0,0,0,0,5,0,3,0,0,0,0,1,2,2,0,0,0,0,0,0,0,0,0,0,0,0,0,0,0,0,1,2,2,5,5,0,0,0,0,0,0,0,0,0,0,0,0,0,0,0,0,0,0,1,2,0,1,0,0,0,0,0,0,0,1,1,1,0,0,0,0,0,0,0,0,0,5,0,46,3,2,2,26.7,0.056,0.014,,,,0.056,,,,,,,,,,,,,,,,,,,,,,,,,,,,,,4.0
RPath,1197,sidewalks,120.489,HMAC,1,0,0,0,0,0,0,0,0,0,0,0,1,2,2,0,0,0,0,0,0,0,0,0,0,0,0,2,0,0,0,1,2,0,0,0,0,0,0,0,0,0,0,0,0,0,0,0,0,0,1,2,2,5,5,0,0,1,0,0,0,0,0,0,0,0,0,0,0,0,0,0,0,1,2,0,0,0,0,0,0,0,0,0,1,1,1,0,0,0,0,0,0,0,0,0,5,0,38,2,2,3,108.5,0.415,0.166,,,,,0.069,,,,,,,0.014,0.332,,,,,,,,,,,,,,,,,,,,,6.0
RPath,1198,sidewalks,230.459,CON,1,2,2,0,0,0,0,0,0,0,0,0,1,2,2,0,0,0,0,0,0,0,0,0,0,0,0,0,0,0,0,1,2,2,0,0,0,0,0,0,0,0,0,0,0,0,0,0,0,0,1,2,2,5,5,0,0,0,0,0,0,0,0,0,0,0,0,0,0,0,0,0,0,1,0,0,1,2,0,0,0,0,0,0,1,1,1,0,0,0,0,0,0,0,0,0,0,0,37,2,2,2,230.4,0.033,0.013,,,,0.020,0.007,,,,,,,,0.007,,,,,,,,,,,,,,,,,,,,,4.0
RPath,1199,sidewalks,77.815,CON,1,2,2,0,0,0,0,0,0,0,0,0,1,0,0,0,0,0,0,0,0,0,0,0,0,0,3,0,0,0,0,1,2,0,0,0,0,0,0,0,0,0,0,0,0,0,0,0,0,0,1,2,2,5,5,0,0,1,0,0,0,0,0,0,0,0,0,0,0,0,0,0,0,0,0,0,1,2,2,0,0,0,0,0,1,1,1,0,0,0,0,0,0,0,0,0,5,0,41,2,2,2,78.3,0.077,0.019,,,,,,,,,,,,,0.077,,,,,,,,,,,,,,,,,,,,,4.0
RPath,1200,sidewalks,135.235,CON,1,2,2,0,0,0,0,0,0,0,0,0,1,0,0,0,0,0,0,0,0,0,0,0,0,0,3,0,0,0,0,1,2,0,0,0,0,0,0,0,0,0,0,0,0,0,0,0,0,0,1,2,2,5,5,0,0,1,0,0,0,0,0,0,0,0,0,0,0,0,0,0,0,0,0,0,1,2,2,0,0,0,0,0,1,1,1,0,0,0,0,0,0,0,0,0,5,0,41,2,2,1,134.8,0.022,0.006,,,,0.022,,,,,,,,,,,,,,,,,,,,,,,,,,,,,,2.0
RPath,1201,sidewalks,295.85,CON,1,2,2,1,0,0,1,0,0,0,0,0,0,0,0,0,0,0,0,0,0,0,0,0,0,5,3,2,0,0,0,0,0,0,1,2,2,0,0,0,0,0,0,5,1,0,0,0,0,0,1,0,0,5,5,4,0,1,0,0,0,0,0,0,0,0,0,0,0,0,0,0,0,0,0,0,1,2,2,0,0,0,0,3,1,1,1,0,0,0,0,0,0,0,0,0,5,0,60,3,3,2,295.8,0.025,0.025,0.015,,,,0.010,,,,,,,,,,,,,,,,,,,,,,,,,,,,,6.0
RPath,1202,sidewalks,3.251,CON,1,2,2,0,0,0,0,0,0,0,0,0,0,0,0,0,0,0,0,0,0,0,0,0,0,0,3,0,0,0,0,0,0,0,1,2,0,0,0,0,0,0,0,0,1,2,0,0,0,0,0,0,0,0,5,0,0,0,0,0,0,0,0,0,0,0,0,0,0,0,0,0,0,0,0,0,1,2,0,0,0,0,0,0,1,1,1,0,0,0,0,0,0,0,0,0,5,0,30,2,2,1,6.0,0.000,0.000,,,,,,,,,,,,,,,,,,,,,,,,,,,,,,,,,,2.0
RPath,1203,sidewalks,217.93,CON,1,2,2,0,0,0,0,0,0,0,0,0,0,0,0,0,0,0,0,0,0,0,0,0,0,0,3,0,0,0,0,0,0,0,1,2,0,0,0,0,0,0,0,0,1,2,2,0,0,0,1,2,0,0,5,4,0,0,0,0,0,0,0,0,0,0,0,0,0,0,0,0,0,0,0,0,1,2,2,0,0,0,0,0,1,1,1,0,0,0,0,0,0,0,0,0,5,0,41,2,2,2,217.9,0.048,0.012,,,,0.048,,,,,,,,,,,,,,,,,,,,,,,,,,,,,,4.0
RPath,1204,sidewalks,51.868,CON,1,2,2,0,0,0,0,0,0,0,0,0,0,0,0,0,0,0,0,0,0,0,0,0,0,0,3,0,0,0,0,0,0,0,0,0,0,0,0,0,0,0,0,0,1,2,2,0,0,0,1,2,0,5,5,0,0,0,0,0,0,0,0,0,0,0,0,0,0,0,0,0,0,0,0,0,1,2,2,0,0,0,0,0,1,1,1,0,0,0,0,0,0,0,0,0,5,0,39,2,2,3,54.1,0.249,0.104,,,,0.194,,,,,,,,,,,,0.055,,,,,,,,,,,,,,,,,,6.0
RPath,1205,sidewalks,92.325,CON,1,2,0,0,0,0,0,0,0,1,2,2,0,0,0,1,2,0,0,0,0,0,0,0,5,0,0,0,1,2,2,0,0,0,0,0,0,0,0,0,0,0,0,0,1,2,0,0,1,0,1,2,2,0,0,0,0,1,1,2,0,0,0,0,1,2,2,0,0,0,1,2,2,1,2,0,1,2,2,1,2,0,5,0,1,1,1,1,2,0,1,2,2,1,2,0,5,0,79,4,4,2,92.1,0.244,0.085,,,,0.147,,,,,,,,,,,,,0.098,,,,,,,,,,,,,,,,,8.0
RPath,1206,sidewalks,73.991,CON,1,2,2,0,0,0,0,0,0,1,2,2,0,0,0,1,2,0,0,0,0,0,0,0,5,0,0,0,1,2,2,0,0,0,0,0,0,0,0,0,0,0,0,0,1,2,0,0,1,0,1,2,2,0,0,0,3,1,1,2,0,0,0,0,1,2,2,0,0,0,1,2,2,1,2,0,1,2,2,1,0,0,5,0,1,1,1,1,2,2,1,2,0,1,2,0,5,0,82,4,4,2,74.0,0.122,0.051,,,,0.041,,,,,,,,,,,,,0.081,,,,,,,,,,,,,,,,,8.0
RPath,1207,sidewalks,89.668,CON,1,2,2,0,0,0,0,0,0,1,2,2,0,0,0,1,2,0,0,0,0,0,0,0,5,0,0,0,1,2,2,0,0,0,0,0,0,0,0,0,0,0,0,0,1,2,0,0,1,1,1,2,2,0,0,0,3,1,1,2,2,0,0,0,1,2,2,0,0,0,1,2,2,1,2,0,1,2,2,1,0,0,5,0,1,1,1,1,2,2,1,2,2,1,2,0,5,0,87,5,5,2,89.7,0.251,0.079,,,,0.184,,,,,,,,,,,,,0.067,,,,,,,,,,,,,,,,,10.0
RPath,1208,sidewalks,71.597,CON,1,2,2,0,0,0,0,0,0,1,2,2,0,0,0,1,2,0,0,0,0,0,0,0,5,0,0,0,1,2,2,0,0,0,0,0,0,0,0,0,0,0,0,0,1,2,0,0,1,1,1,2,2,0,0,0,3,1,1,2,0,0,0,0,1,2,2,0,0,0,1,2,2,1,2,0,1,2,2,1,2,0,5,0,1,1,1,1,2,2,1,2,2,1,2,0,5,0,87,5,5,2,71.6,0.188,0.052,,,,0.167,,,,,,,,,,,,,0.021,,,,,,,,,,,,,,,,,10.0
RPath,1209,sidewalks,183.027,CON,1,0,0,0,0,0,0,0,0,0,0,0,1,2,2,0,0,0,0,0,0,0,0,0,0,5,3,2,0,0,0,1,2,2,0,0,0,0,0,0,0,0,0,0,0,0,0,0,0,0,1,2,2,5,5,0,0,0,0,0,0,0,0,0,0,0,0,0,0,0,0,0,0,1,2,0,1,0,0,0,0,0,0,0,1,1,1,0,0,0,0,0,0,0,0,0,5,0,48,3,2,2,183.2,0.106,0.043,,,,0.008,0.008,,,,,,,,0.065,,,0.008,0.016,,,,,,,,,,,,,,,,,4.0
RPath,1210,sidewalks,82.968,CON,1,2,2,0,0,0,0,0,0,0,0,0,0,0,0,0,0,0,0,0,0,0,0,0,0,0,3,0,0,0,0,0,0,0,0,0,0,0,0,0,0,0,0,0,1,2,2,0,0,0,1,2,0,5,5,0,0,1,0,0,0,0,0,0,0,0,0,0,0,0,0,0,0,0,0,0,1,2,2,0,0,0,0,0,1,1,1,0,0,0,0,0,0,0,0,0,5,0,40,2,2,2,79.5,0.151,0.038,,,,0.151,,,,,,,,,,,,,,,,,,,,,,,,,,,,,,4.0
RPath,1211,sidewalks,88.132,CON,1,2,2,0,0,0,0,0,0,0,0,0,0,0,0,0,0,0,0,0,0,0,0,0,0,0,3,0,0,0,0,0,0,0,0,0,0,0,0,0,0,0,0,0,1,2,2,0,0,0,1,2,0,5,5,4,0,0,0,0,0,0,0,0,0,0,0,0,0,0,0,0,0,0,0,0,1,2,2,0,0,0,0,0,1,1,1,0,0,0,0,0,0,0,0,0,5,0,43,2,2,2,91.7,0.098,0.053,,,,0.033,,,,,,,,,0.016,,,0.033,0.016,,,,,,,,,,,,,,,,,4.0
RPath,1212,sidewalks,61.323,HMAC,1,2,2,0,0,0,0,0,0,0,0,0,0,0,0,0,0,0,0,0,0,0,0,0,0,5,3,0,0,0,0,0,0,0,1,2,2,0,0,0,0,0,0,0,1,0,0,0,0,0,0,0,0,0,5,0,0,0,0,0,0,0,0,0,0,0,0,0,0,0,0,0,0,0,0,0,1,2,2,0,0,0,0,0,1,1,1,0,0,0,0,0,0,0,0,0,5,0,37,2,2,2,62.7,0.215,0.090,,,0.024,0.168,0.024,,,,,,,,,,,,,,,,,,,,,,,,,,,,,4.0
RPath,1213,sidewalks,82.469,CON,1,2,2,0,0,0,0,0,0,0,0,0,0,0,0,0,0,0,0,0,0,0,0,0,0,5,3,0,0,0,0,0,0,0,1,2,0,0,0,0,0,0,0,0,1,0,0,0,0,0,0,0,0,0,5,0,0,0,0,0,0,0,0,0,0,0,0,0,0,0,0,0,0,0,0,0,1,2,2,0,0,0,0,0,1,1,1,0,0,0,0,0,0,0,0,0,5,0,35,2,2,2,82.5,0.018,0.018,,,,,,,,,,,,,,,,0.018,,,,,,,,,,,,,,,,,,4.0
RPath,1214,sidewalks,74.62,CON,1,2,2,0,0,0,0,0,0,0,0,0,0,0,0,0,0,0,0,0,0,0,0,0,0,5,3,0,0,0,0,0,0,0,1,2,0,0,0,0,0,0,0,0,1,0,0,0,0,0,0,0,0,0,5,0,0,0,0,0,0,0,0,0,0,0,0,0,0,0,0,0,0,0,0,0,1,2,2,0,0,0,0,0,1,1,1,0,0,0,0,0,0,0,0,0,5,0,35,2,2,2,74.6,0.100,0.050,,,0.020,0.040,,,,,,,,,,,0.040,,,,,,,,,,,,,,,,,,,4.0
RPath,1215,sidewalks,65.262,CON,1,2,2,1,0,0,0,0,0,0,0,0,0,0,0,0,0,0,0,0,0,0,0,0,0,0,0,0,0,0,0,0,0,0,1,2,0,0,0,0,0,0,0,0,1,0,0,0,0,0,0,0,0,0,5,0,0,0,0,0,0,0,0,0,0,0,0,0,0,0,0,0,0,0,0,0,1,2,0,0,0,0,0,0,1,1,1,0,0,0,0,0,0,0,0,0,0,0,21,1,1,1,65.3,0.000,0.000,,,,,,,,,,,,,,,,,,,,,,,,,,,,,,,,,,1.0
RPath,1216,sidewalks,16.294,HMAC,1,2,2,0,0,0,0,0,0,0,0,0,0,0,0,0,0,0,0,0,0,0,0,0,0,0,0,0,0,0,0,0,0,0,1,2,0,0,0,0,0,0,0,0,1,0,0,0,0,0,0,0,0,0,5,0,0,0,0,0,0,0,0,0,0,0,0,0,0,0,0,0,0,0,0,0,1,2,0,0,0,0,0,0,1,1,1,0,0,0,0,0,0,0,0,0,0,0,20,1,1,1,16.2,0.000,0.000,,,,,,,,,,,,,,,,,,,,,,,,,,,,,,,,,,1.0
RPath,1217,sidewalks,40.317,HMAC,1,2,2,0,0,0,0,0,0,0,0,0,0,0,0,0,0,0,0,0,0,0,0,0,0,0,0,0,0,0,0,0,0,0,1,2,0,0,0,0,0,0,0,0,1,0,0,0,0,0,0,0,0,0,5,0,0,0,0,0,0,0,0,0,0,0,0,0,0,0,0,0,0,0,0,0,1,2,0,0,0,0,0,0,1,1,1,0,0,0,0,0,0,0,0,0,5,0,25,1,1,2,40.3,0.037,0.037,0.037,,,,,,,,,,,,,,,,,,,,,,,,,,,,,,,,,2.0
RPath,1218,sidewalks,302.461,CON,1,2,0,1,0,0,1,0,0,0,0,0,1,2,2,0,0,0,0,0,0,0,0,0,0,0,3,0,0,0,0,1,0,0,0,0,0,0,0,0,0,0,0,0,0,0,0,0,0,0,1,2,2,0,5,0,0,0,0,0,0,0,0,0,0,0,0,0,0,0,0,0,0,1,0,0,1,0,0,0,0,0,0,0,1,1,1,0,0,0,0,0,0,0,0,0,5,0,34,2,2,1,310.9,0.034,0.008,,,,0.034,,,,,,,,,,,,,,,,,,,,,,,,,,,,,,2.0
RPath,1219,sidewalks,303.556,CON,1,2,0,1,2,0,1,2,0,0,0,0,1,2,0,0,0,0,0,0,0,0,0,0,0,0,0,0,0,0,0,1,0,0,0,0,0,0,0,0,0,0,0,0,0,0,0,0,0,0,1,2,2,0,5,0,0,0,0,0,0,0,0,0,0,0,0,0,0,0,0,0,0,1,0,0,1,0,0,0,0,0,0,0,1,1,1,0,0,0,0,0,0,0,0,0,0,0,28,2,1,1,303.6,0.015,0.004,,,,0.015,,,,,,,,,,,,,,,,,,,,,,,,,,,,,,1.0
RPath,1220,sidewalks,33.64,CON,1,2,2,1,2,2,0,0,0,0,0,0,1,2,2,0,0,0,0,0,0,0,0,0,0,0,0,2,0,0,0,0,0,0,1,2,2,0,0,0,0,0,0,0,0,0,0,0,1,0,1,2,2,5,0,0,3,0,0,0,0,0,0,0,0,0,0,0,0,0,0,0,0,1,2,2,1,0,0,0,0,0,5,3,1,1,1,0,0,0,0,0,0,0,0,0,5,0,58,3,3,3,35.5,0.211,0.116,,,,0.127,,,,,,,,,,,,,,0.085,,,,,,,,,,,,,,,,9.0
RPath,1221,sidewalks,172.84,CON,1,2,2,1,2,2,0,0,0,1,0,0,1,2,2,0,0,0,0,0,0,0,0,0,0,0,0,2,0,0,0,0,0,0,1,2,2,0,0,0,1,0,0,0,0,0,0,0,1,0,1,2,2,5,0,0,3,1,0,0,0,0,0,0,0,0,0,0,0,0,0,0,0,1,2,2,0,0,0,0,0,0,5,3,1,1,1,0,0,0,0,0,0,0,0,0,5,0,60,3,3,2,174.5,0.052,0.034,,,,0.017,0.026,,,,,,,,,,0.009,,,,,,,,,,,,,,,,,,,6.0
RPath,1222,sidewalks,44.535,CON,1,2,0,1,2,0,0,0,0,1,0,0,1,2,2,0,0,0,0,0,0,0,0,0,0,0,0,2,0,0,0,0,0,0,1,2,2,0,0,0,1,0,0,0,0,0,0,0,1,0,1,2,0,5,0,0,3,1,0,0,0,0,0,0,0,0,0,0,0,0,0,0,0,1,2,0,0,0,0,0,0,0,5,3,1,1,1,0,0,0,0,0,0,0,0,0,5,0,52,3,3,3,46.5,0.161,0.113,,,,0.064,0.097,,,,,,,,,,,,,,,,,,,,,,,,,,,,,9.0
RPath,1223,sidewalks,111.102,CON,1,2,0,1,2,0,0,0,0,1,0,0,1,2,2,0,0,0,0,0,0,0,0,0,0,0,0,2,0,0,0,0,0,0,1,2,2,0,0,0,1,2,0,0,0,0,0,0,1,0,1,2,0,5,0,0,3,1,0,0,0,0,0,0,0,0,0,0,0,0,0,0,0,1,2,2,0,0,0,0,0,0,5,3,1,1,1,0,0,0,0,0,0,0,0,0,5,0,56,3,3,2,113.5,0.066,0.059,,,,,0.053,,,,,,,,,,0.013,,,,,,,,,,,,,,,,,,,6.0
RPath,1224,sidewalks,163.621,CON,1,2,2,1,2,2,0,0,0,1,0,0,1,2,2,0,0,0,0,0,0,0,0,0,0,5,0,2,0,0,0,0,0,0,1,2,2,0,0,0,1,0,0,0,0,0,0,0,1,1,1,2,2,5,0,0,3,1,0,0,0,0,0,0,0,0,0,0,0,0,0,0,0,1,2,0,0,0,0,0,0,0,5,3,1,1,1,0,0,0,0,0,0,0,0,0,5,0,64,4,3,3,164.8,0.127,0.100,,,,0.036,0.082,,,,,,,,,,,0.009,,,,,,,,,,,,,,,,,,9.0
RPath,1226,sidewalks,118.396,CON,1,0,0,1,0,0,0,0,0,1,2,0,1,2,0,0,0,0,0,0,0,0,0,0,0,0,0,2,0,0,0,0,0,0,1,2,2,0,0,0,1,2,2,0,0,0,0,0,0,0,1,0,0,5,0,0,3,1,0,0,0,0,0,0,0,0,0,0,0,0,0,0,0,1,2,2,0,0,0,0,0,0,5,3,1,1,1,0,0,0,0,0,0,0,0,0,5,0,51,3,3,2,121.5,0.086,0.086,0.025,,,,0.049,,,,,,,,,,,,,0.012,,,,,,,,,,,,,,,,6.0
RPath,1227,sidewalks,112.457,CON,1,0,0,0,0,0,0,0,0,1,2,2,1,0,0,0,0,0,0,0,0,0,0,0,0,5,0,2,0,0,0,0,0,0,1,2,2,0,0,0,1,2,2,0,0,0,0,0,0,0,1,0,0,5,0,0,3,1,0,0,0,0,0,0,0,0,0,0,0,0,0,0,0,1,2,0,0,0,0,0,0,0,5,3,1,1,1,0,0,0,0,0,0,0,0,0,5,0,53,3,3,2,116.6,0.064,0.064,,0.026,,,0.039,,,,,,,,,,,,,,,,,,,,,,,,,,,,,6.0
RPath,1228,sidewalks,360.829,CON,1,0,0,0,0,0,0,0,0,1,2,2,0,0,0,1,0,0,0,0,0,0,0,0,5,5,0,2,0,0,0,0,0,0,1,2,2,0,0,0,1,2,2,0,1,0,0,0,1,0,1,2,2,5,0,0,3,1,0,0,0,0,0,0,1,2,2,0,0,0,0,0,0,1,0,0,1,0,0,0,0,0,0,0,1,1,1,0,0,0,0,0,0,0,0,0,5,0,60,3,3,2,363.0,0.070,0.065,,,,0.004,0.050,,,,,,,,,,0.004,0.012,,,,,,,,,,,,,,,,,,6.0
RPath,1229,sidewalks,312.864,PB,1,2,2,1,2,2,0,0,0,0,0,0,1,2,0,0,0,0,0,0,0,0,0,0,0,5,0,2,1,0,0,1,2,2,1,2,2,0,0,0,1,0,0,0,1,2,2,0,1,0,1,2,2,5,5,4,3,0,0,0,0,0,0,0,1,2,0,1,2,0,1,2,0,1,2,0,1,0,0,0,0,0,5,0,1,1,1,1,2,2,0,0,0,0,0,0,5,0,91,5,5,2,313.8,0.014,0.014,,,,,,,,,,,,0.005,,,,,,0.010,,,,,,,,,,,,,,,,10.0
RPath,1230,sidewalks,13.784,PB,1,2,0,1,2,0,0,0,0,0,0,0,1,2,0,0,0,0,0,0,0,0,0,0,5,0,0,2,0,0,0,1,0,0,1,2,2,0,0,0,0,0,0,0,1,2,2,0,0,0,1,2,2,5,5,4,0,0,0,0,0,0,0,0,1,2,0,1,2,0,1,2,0,1,0,0,1,0,0,0,0,0,5,0,1,0,1,1,0,0,0,0,0,0,0,0,5,0,70,4,4,1,13.8,0.000,0.000,,,,,,,,,,,,,,,,,,,,,,,,,,,,,,,,,,4.0
RPath,1231,sidewalks,285.168,CON,1,2,0,1,2,0,0,0,0,0,0,0,1,2,2,0,0,0,0,0,0,0,0,0,5,0,0,2,0,0,0,1,0,0,1,2,2,0,0,0,0,0,0,5,1,2,2,0,0,0,1,2,2,5,0,4,0,1,0,0,0,0,0,0,1,2,2,1,2,2,1,2,2,1,0,0,1,2,2,0,0,0,5,3,1,0,1,1,0,0,0,0,0,0,0,0,5,0,86,5,5,2,285.2,0.021,0.017,,,,0.005,0.016,,,,,,,,,,,,,,,,,,,,,,,,,,,,,10.0
RPath,1233,sidewalks,46.795,CON,1,2,0,1,2,0,0,0,0,0,0,0,1,2,0,0,0,0,0,0,0,0,0,0,0,0,0,2,0,0,0,0,0,0,1,2,2,0,0,0,0,0,0,5,1,0,0,0,0,0,1,2,0,5,0,4,0,1,0,0,0,0,0,0,1,2,0,1,2,0,1,2,2,1,0,0,1,2,2,0,0,0,5,3,0,0,1,1,0,0,0,0,0,0,0,0,5,0,67,4,4,1,49.6,0.000,0.000,,,,,,,,,,,,,,,,,,,,,,,,,,,,,,,,,,4.0
RPath,1234,sidewalks,276.854,CON,1,2,0,1,2,0,0,0,0,0,0,0,1,2,2,0,0,0,0,0,0,0,0,0,0,5,0,2,1,0,0,1,2,0,1,2,2,0,0,0,1,0,0,5,1,0,0,0,0,0,1,2,0,5,0,0,3,1,0,0,0,0,0,0,1,2,2,1,2,0,1,2,2,1,2,2,1,2,2,0,0,0,5,3,1,0,1,1,2,0,0,0,0,0,0,0,5,0,87,5,5,3,276.7,0.510,0.127,,,,0.510,,,,,,,,,,,,,,,,,,,,,,,,,,,,,,15.0
RPath,1235,sidewalks,84.796,HMAC,1,2,0,1,2,0,0,0,0,0,0,0,1,2,0,0,0,0,0,0,0,0,0,0,5,0,0,2,0,0,0,1,0,0,1,2,2,0,0,0,0,0,0,5,1,2,0,0,0,0,1,2,0,5,0,4,0,1,0,0,0,0,0,0,1,2,0,1,2,2,1,2,2,1,0,0,1,2,2,0,0,0,5,0,1,0,1,1,0,0,0,0,0,0,0,0,5,0,75,4,4,3,84.8,0.425,0.199,,,,0.106,0.053,,,,,,,0.035,0.195,0.018,,0.018,,,,,,,,,,,,,,,,,,12.0
RPath,1236,sidewalks,149.813,HMAC,1,2,0,1,2,0,0,0,0,0,0,0,1,2,0,0,0,0,0,0,0,0,0,0,0,0,0,2,0,0,0,0,0,0,1,2,2,0,0,0,0,0,0,5,1,2,0,0,0,0,1,2,0,5,0,4,0,1,0,0,0,0,0,0,1,2,0,1,2,2,1,2,2,1,0,0,1,2,2,0,0,0,5,3,0,0,1,1,0,0,0,0,0,0,0,0,5,0,71,4,4,4,149.8,0.370,0.293,,,,0.090,0.250,,,,,,,,,,0.020,,,0.010,,,,,,,,,,,,,,,,16.0
RPath,1237,sidewalks,173.316,CON,1,2,2,0,0,0,0,0,0,1,0,0,1,2,2,1,2,2,0,0,0,1,2,2,0,5,0,0,0,0,0,1,0,0,1,2,2,0,0,0,1,2,0,5,1,2,0,0,1,1,1,2,2,5,5,0,3,0,1,2,0,1,0,0,0,0,0,1,0,0,0,0,0,1,2,0,1,2,0,0,0,0,0,0,1,0,1,0,0,0,0,0,0,0,0,0,5,0,81,4,4,2,173.3,0.087,0.024,,,,0.078,,,,,,,,,,,,,0.009,,,,,,,,,,,,,,,,,8.0
RPath,1238,sidewalks,93.448,CON,1,2,2,0,0,0,0,0,0,0,0,0,1,2,2,1,2,2,0,0,0,1,2,2,0,5,0,0,0,0,0,1,0,0,1,2,2,0,0,0,1,2,0,5,1,0,0,0,1,1,1,2,2,5,5,0,3,0,1,0,0,1,0,0,0,0,0,1,0,0,0,0,0,1,2,2,1,2,2,0,0,0,0,0,1,0,1,0,0,0,0,0,0,0,0,0,5,0,80,4,4,2,174.7,0.034,0.015,,,,0.026,0.009,,,,,,,,,,,,,,,,,,,,,,,,,,,,,8.0
RPath,1240,sidewalks,135.221,CON,1,2,0,1,0,0,1,0,0,0,0,0,1,2,2,1,2,0,0,0,0,1,2,2,0,5,0,2,0,0,0,0,0,0,1,2,0,0,0,0,1,0,0,5,1,2,0,0,1,1,1,2,2,0,0,0,3,1,1,0,0,0,0,0,0,0,0,1,0,0,1,0,0,1,0,0,1,2,0,0,0,0,0,0,1,0,1,0,0,0,0,0,0,0,0,0,5,0,62,3,3,2,138.8,0.130,0.057,,,,0.076,0.032,,,,,,,,0.022,,,,,,,,,,,,,,,,,,,,,6.0
RPath,1241,sidewalks,139.809,CON,1,2,0,1,2,0,1,2,0,0,0,0,1,2,2,1,0,0,0,0,0,1,2,2,0,5,0,2,0,0,0,0,0,0,1,0,0,0,0,0,1,0,0,5,1,0,0,0,1,1,1,2,2,0,0,0,3,1,1,0,0,0,0,0,1,0,0,1,2,0,1,0,0,1,0,0,1,2,0,0,0,0,0,3,1,0,1,0,0,0,0,0,0,0,0,0,5,0,66,4,3,2,142.4,0.095,0.032,,,,0.084,0.011,,,,,,,,,,,,,,,,,,,,,,,,,,,,,6.0
RPath,1242,sidewalks,68.139,CON,1,2,0,0,0,0,0,0,0,0,0,0,1,2,0,1,0,0,0,0,0,0,0,0,5,0,3,0,1,2,2,0,0,0,0,0,0,0,0,0,0,0,0,0,1,2,2,0,1,0,1,2,0,0,5,0,0,1,1,0,0,1,0,0,1,2,2,0,0,0,1,0,0,1,2,0,1,2,2,1,2,0,0,0,1,1,1,1,2,0,1,0,0,1,0,0,5,0,67,4,4,2,68.1,0.088,0.022,,,,0.088,,,,,,,,,,,,,,,,,,,,,,,,,,,,,,8.0
RPath,1243,sidewalks,32.613,CON,1,2,0,0,0,0,0,0,0,0,0,0,1,2,0,0,0,0,0,0,0,0,0,0,5,0,0,0,1,2,2,0,0,0,0,0,0,0,0,0,0,0,0,0,1,2,0,0,1,0,1,2,0,0,0,0,0,1,1,2,0,1,0,0,1,2,2,0,0,0,1,0,0,1,2,0,1,2,2,1,2,0,0,0,1,1,1,1,0,0,1,0,0,1,0,0,5,0,56,3,3,2,32.6,0.322,0.092,,,,0.276,,,,,,,,,,,,,0.046,,,,,,,,,,,,,,,,,6.0
RPath,1244,sidewalks,73.636,CON,1,2,2,0,0,0,0,0,0,0,0,0,1,0,0,1,0,0,0,0,0,0,0,0,5,0,0,0,1,2,2,0,0,0,1,0,0,0,0,0,0,0,0,0,1,2,0,0,1,0,1,2,0,0,0,0,3,1,1,2,0,1,0,0,1,2,2,0,0,0,1,0,0,1,2,0,1,2,2,1,2,0,0,0,1,1,1,1,2,0,1,0,0,1,0,0,5,0,63,3,3,2,73.6,0.306,0.087,,,,0.265,,,,,,,,,,,,,0.041,,,,,,,,,,,,,,,,,6.0
RPath,1245,sidewalks,113.681,CON,1,2,0,0,0,0,0,0,0,0,0,0,1,2,0,0,0,0,0,0,0,0,0,0,5,0,3,0,0,0,0,1,2,2,0,0,0,0,0,0,1,2,0,0,1,2,0,0,0,0,1,2,0,5,0,4,0,0,0,0,0,0,0,0,0,0,0,0,0,0,0,0,0,0,0,0,0,0,0,0,0,0,0,0,1,1,1,1,2,0,0,0,0,0,0,0,5,0,48,3,2,2,118.4,0.051,0.044,,,,,0.038,,,,,,,,,,,,0.013,,,,,,,,,,,,,,,,,4.0
RPath,1246,sidewalks,175.757,CON,0,0,0,0,0,0,0,0,0,0,0,0,0,0,0,0,0,0,0,0,0,0,0,0,5,0,0,2,0,0,0,0,0,0,0,0,0,1,2,2,0,0,0,0,0,0,0,0,0,0,0,0,0,0,0,0,0,1,0,0,0,0,0,0,0,0,0,0,0,0,0,0,0,0,0,0,0,0,0,0,0,0,0,0,1,1,1,0,0,0,0,0,0,0,0,0,5,0,21,1,1,1,176.4,0.000,0.000,,,,,,,,,,,,,,,,,,,,,,,,,,,,,,,,,,1.0
RPath,1247,sidewalks,134.754,CON,0,0,0,0,0,0,0,0,0,0,0,0,0,0,0,0,0,0,0,0,0,0,0,0,5,0,0,2,0,0,0,0,0,0,0,0,0,1,2,2,0,0,0,0,0,0,0,0,0,0,0,0,0,0,0,0,0,1,0,0,0,0,0,0,0,0,0,0,0,0,0,0,0,0,0,0,0,0,0,0,0,0,0,0,1,1,1,0,0,0,0,0,0,0,0,0,5,0,21,1,1,1,138.8,0.000,0.000,,,,,,,,,,,,,,,,,,,,,,,,,,,,,,,,,,1.0
RPath,1248,sidewalks,357.232,CON,1,2,0,0,0,0,0,0,0,0,0,0,0,0,0,0,0,0,0,0,0,0,0,0,0,0,0,2,0,0,0,0,0,0,0,0,0,1,2,2,0,0,0,0,0,0,0,0,0,0,0,0,0,0,0,0,0,1,0,0,0,0,0,0,0,0,0,0,0,0,0,0,0,0,0,0,0,0,0,0,0,0,0,0,1,1,1,0,0,0,0,0,0,0,0,0,5,0,19,1,1,2,357.7,0.034,0.015,,,,0.025,0.008,,,,,,,,,,,,,,,,,,,,,,,,,,,,,2.0
RPath,1249,sidewalks,67.627,CON,1,0,0,0,0,0,0,0,0,0,0,0,1,0,0,0,0,0,1,0,0,0,0,0,0,0,3,0,0,0,0,0,0,0,1,0,0,0,0,0,0,0,0,0,1,0,0,0,0,0,1,0,0,0,0,0,3,1,0,0,0,0,0,0,0,0,0,0,0,0,0,0,0,0,0,0,1,0,0,1,2,0,0,0,1,1,1,0,0,0,0,0,0,0,0,0,5,0,25,1,1,1,70.3,0.000,0.000,,,,,,,,,,,,,,,,,,,,,,,,,,,,,,,,,,1.0
RPath,1250,sidewalks,52.433,CON,1,0,0,0,0,0,0,0,0,0,0,0,1,0,0,0,0,0,1,0,0,0,0,0,0,0,3,0,0,0,0,0,0,0,1,0,0,0,0,0,0,0,0,0,1,0,0,0,0,0,1,0,0,0,0,0,3,1,0,0,0,0,0,0,0,0,0,0,0,0,0,0,0,0,0,0,1,0,0,1,0,0,0,0,1,1,1,0,0,0,0,0,0,1,0,0,5,0,24,1,1,2,55.0,0.027,0.027,,,,,0.027,,,,,,,,,,,,,,,,,,,,,,,,,,,,,2.0
RPath,1251,sidewalks,75.328,HMAC,0,0,0,0,0,0,0,0,0,0,0,0,1,2,0,0,0,0,1,2,0,0,0,0,0,0,3,0,0,0,0,0,0,0,0,0,0,0,0,0,0,0,0,0,0,0,0,0,0,0,1,0,0,0,0,0,3,1,0,0,0,0,0,0,0,0,0,0,0,0,0,0,0,1,0,0,1,2,0,1,0,0,0,0,1,1,1,0,0,0,0,0,0,0,0,0,5,0,27,1,1,5,77.4,1.008,1.008,,,,,1.008,,,,,,,,,,,,,,,,,,,,,,,,,,,,,5.0
RPath,1255,sidewalks,127.168,CON,1,2,2,1,2,2,1,2,0,1,2,0,1,2,2,0,0,0,0,0,0,1,2,0,5,5,0,2,1,2,0,0,0,0,1,2,0,0,0,0,1,0,0,5,1,2,2,0,1,0,1,2,0,5,5,0,0,1,1,0,0,0,0,0,1,0,0,0,0,0,0,0,0,1,2,2,1,2,2,0,0,0,5,3,1,0,0,1,2,0,0,0,0,0,0,0,5,0,97,5,5,2,127.2,0.083,0.024,,,,0.071,,,,,,,,,,,,,0.012,,,,,,,,,,,,,,,,,10.0
RPath,1256,sidewalks,265.912,CON,1,2,0,1,2,0,1,2,0,1,2,0,1,2,2,1,0,0,0,0,0,1,0,0,5,5,0,2,1,2,0,0,0,0,1,2,0,0,0,0,1,0,0,5,1,2,2,0,1,0,1,2,0,5,5,0,3,1,1,0,0,1,0,0,1,2,2,0,0,0,0,0,0,1,2,2,1,2,2,0,0,0,5,3,1,0,0,1,2,0,0,0,0,1,0,0,5,0,101,5,5,2,265.9,0.073,0.028,,,,0.034,,,,,,,,,,,,,0.039,,,,,,,,,,,,,,,,,10.0
RPath,1258,sidewalks,98.781,HMAC,1,2,2,1,2,2,1,2,0,1,0,0,1,2,2,0,0,0,0,0,0,1,0,0,0,5,0,2,1,2,0,0,0,0,1,2,0,0,0,0,0,0,0,5,1,2,0,0,0,0,1,2,0,0,0,0,0,1,0,0,0,0,0,0,1,2,2,0,0,0,0,0,0,1,0,0,1,2,0,0,0,0,5,3,1,0,0,0,0,0,0,0,0,0,0,0,5,0,68,4,4,2,101.0,0.371,0.093,,,,0.371,,,,,,,,,,,,,,,,,,,,,,,,,,,,,,8.0
RPath,1259,sidewalks,150.132,HMAC,1,2,2,1,2,2,1,2,2,1,2,0,1,2,2,0,0,0,0,0,0,1,2,0,0,0,0,2,1,0,0,0,0,0,1,2,0,0,0,0,1,0,0,5,1,2,0,0,1,0,1,2,0,5,0,0,0,1,1,0,0,0,0,0,1,2,0,1,0,0,1,0,0,1,2,0,1,2,2,0,0,0,5,3,1,0,0,1,2,0,0,0,0,0,0,0,5,0,82,4,4,2,308.6,0.083,0.053,,,0.005,0.029,0.029,,,,,,,,,,,0.005,0.015,,,,,,,,,,,,,,,,,8.0
RPath,1260,sidewalks,279.235,HMAC,1,2,2,1,2,2,1,0,0,0,0,0,1,0,0,1,0,0,0,0,0,0,0,0,5,5,0,2,0,0,0,0,0,0,1,2,2,0,0,0,0,0,0,0,1,2,2,0,1,1,1,2,2,5,5,0,0,1,0,0,0,0,0,0,0,0,0,0,0,0,0,0,0,0,0,0,1,2,0,0,0,0,5,3,1,1,1,0,0,0,1,2,0,1,2,0,5,0,78,4,4,2,332.2,0.059,0.028,,,,0.032,0.014,,,,,,,,,,,,0.014,,,,,,,,,,,,,,,,,8.0
RPath,1261,sidewalks,107.053,HMAC,1,2,2,1,2,2,1,2,0,0,0,0,1,2,0,1,0,0,0,0,0,0,0,0,5,0,0,2,0,0,0,0,0,0,1,2,2,0,0,0,0,0,0,0,1,2,2,0,1,1,1,2,2,5,5,0,0,1,0,0,0,0,0,0,0,0,0,0,0,0,0,0,0,1,0,0,0,0,0,0,0,0,0,3,0,0,1,0,0,0,0,0,0,1,2,0,5,0,65,4,3,2,108.8,0.069,0.024,,,,0.041,,,,,,,,,,,,,0.028,,,,,,,,,,,,,,,,,6.0
RPath,1264,sidewalks,203.385,HMAC,1,2,2,1,2,2,1,2,0,0,0,0,1,2,0,1,0,0,0,0,0,0,0,0,0,0,0,2,0,0,0,0,0,0,1,2,2,0,0,0,0,0,0,0,1,2,2,0,1,1,1,2,2,5,5,0,0,1,0,0,0,0,0,0,0,0,0,0,0,0,0,0,0,1,2,0,1,0,0,0,0,0,0,3,0,0,1,0,0,0,0,0,0,1,2,0,5,0,63,3,3,2,218.1,0.103,0.031,,,,0.096,0.007,,,,,,,,,,,,,,,,,,,,,,,,,,,,,6.0
RPath,1265,sidewalks,40.577,CON,1,2,2,1,2,0,1,2,0,0,0,0,1,0,0,0,0,0,0,0,0,0,0,0,0,0,0,2,0,0,0,0,0,0,0,0,0,0,0,0,0,0,0,0,0,0,0,0,1,0,1,2,0,0,0,0,3,1,0,0,0,0,0,0,0,0,0,0,0,0,0,0,0,1,2,2,1,2,0,0,0,0,0,3,1,1,1,0,0,0,0,0,0,0,0,0,5,0,41,2,2,1,42.2,0.000,0.000,,,,,,,,,,,,,,,,,,,,,,,,,,,,,,,,,,2.0
RPath,1266,sidewalks,140.305,CON,1,2,2,1,2,2,1,2,2,1,0,0,1,0,0,0,0,0,0,0,0,0,0,0,0,5,0,2,0,0,0,0,0,0,0,0,0,0,0,0,0,0,0,0,0,0,0,0,1,1,1,2,2,0,0,0,3,1,0,0,0,0,0,0,0,0,0,0,0,0,0,0,0,1,2,2,1,2,0,0,0,0,5,3,1,1,1,0,0,0,0,0,0,0,0,0,5,0,59,3,3,2,143.4,0.042,0.034,,,0.010,0.010,0.010,,,,,,,,,,,,,0.010,,,,,,,,,,,,,,,,6.0
RPath,1267,sidewalks,599.508,CON,1,2,2,1,2,0,1,2,0,1,2,2,1,2,2,0,0,0,0,0,0,0,0,0,0,5,0,2,0,0,0,0,0,0,1,2,2,0,0,0,0,0,0,0,1,2,2,0,1,1,1,2,2,0,5,0,3,1,0,0,0,0,0,0,0,0,0,0,0,0,0,0,0,1,2,2,1,0,0,0,0,0,0,0,1,1,1,0,0,0,0,0,0,0,0,0,5,0,68,4,4,2,605.1,0.032,0.032,,,,,0.025,,,,,,,,,,,0.007,,,,,,,,,,,,,,,,,,8.0
RPath,1268,sidewalks,48.731,CON,1,2,2,0,0,0,0,0,0,0,0,0,0,0,0,1,2,2,0,0,0,0,0,0,5,0,0,0,0,0,0,0,0,0,1,2,2,0,0,0,1,2,0,0,1,2,2,0,1,1,1,2,2,5,5,0,3,0,0,0,0,0,0,0,1,2,0,0,0,0,0,0,0,0,0,0,1,2,0,0,0,0,0,0,1,1,1,0,0,0,0,0,0,0,0,0,5,0,62,3,3,3,48.2,0.187,0.140,,0.062,,0.062,,,,,,,,,,,,0.062,,,,,,,,,,,,,,,,,,9.0
RPath,1269,sidewalks,67.178,CON,1,2,2,0,0,0,0,0,0,1,0,0,0,0,0,1,2,0,0,0,0,0,0,0,5,0,0,0,0,0,0,0,0,0,1,2,2,0,0,0,1,2,0,0,1,2,2,0,1,0,1,2,2,5,5,0,3,0,0,0,0,0,0,0,1,2,0,0,0,0,0,0,0,0,0,0,1,2,0,0,0,0,0,0,1,1,1,0,0,0,0,0,0,0,0,0,5,0,60,3,3,3,67.4,0.200,0.200,,,,,0.178,,,,,,,,,,,0.022,,,,,,,,,,,,,,,,,,9.0
RPath,1270,sidewalks,36.298,CON,1,2,2,0,0,0,0,0,0,0,0,0,0,0,0,1,2,0,0,0,0,0,0,0,5,0,0,0,0,0,0,0,0,0,1,2,2,0,0,0,1,2,2,0,1,2,2,0,1,1,1,2,2,5,5,0,0,0,0,0,0,0,0,0,1,2,0,0,0,0,0,0,0,0,0,0,1,0,0,0,0,0,0,0,1,1,1,0,0,0,0,0,0,0,0,0,5,0,57,3,3,2,36.3,0.041,0.041,,,,,,,,,,,,,,,,0.041,,,,,,,,,,,,,,,,,,6.0
RPath,1271,sidewalks,28.25,CON,1,2,2,0,0,0,0,0,0,0,0,0,0,0,0,1,2,0,0,0,0,0,0,0,5,0,0,0,0,0,0,0,0,0,1,2,2,0,0,0,1,2,2,0,1,2,0,0,1,1,1,2,2,5,5,0,0,0,0,0,0,0,0,0,1,2,0,0,0,0,0,0,0,1,0,0,1,0,0,0,0,0,0,0,1,1,1,0,0,0,0,0,0,0,0,0,5,0,56,3,3,2,30.1,0.100,0.075,,,,,0.050,,,,,,,,,,0.050,,,,,,,,,,,,,,,,,,,6.0
RPath,1272,sidewalks,11.388,CON,1,2,2,0,0,0,0,0,0,0,0,0,0,0,0,1,0,0,0,0,0,0,0,0,5,0,0,0,0,0,0,0,0,0,1,2,2,0,0,0,1,2,2,0,1,2,0,0,1,1,1,2,2,5,5,0,0,0,0,0,0,0,0,0,1,2,0,0,0,0,0,0,0,1,0,0,1,0,0,0,0,0,0,0,1,1,1,0,0,0,0,0,0,0,0,0,5,0,54,3,3,1,15.1,0.000,0.000,,,,,,,,,,,,,,,,,,,,,,,,,,,,,,,,,,3.0
RPath,1273,sidewalks,73.551,CON,1,2,2,1,0,0,1,0,0,0,0,0,1,0,0,1,0,0,0,0,0,0,0,0,5,0,0,0,0,0,0,0,0,0,1,2,2,0,0,0,1,2,2,0,1,2,2,0,1,1,1,2,2,5,5,0,0,0,0,0,0,0,0,0,1,2,0,0,0,0,0,0,0,1,0,0,1,0,0,0,0,0,0,0,1,1,1,0,0,0,0,0,0,0,0,0,5,0,59,3,3,1,78.7,0.000,0.000,,,,,,,,,,,,,,,,,,,,,,,,,,,,,,,,,,3.0
RPath,1274,sidewalks,168.658,CON,1,2,0,0,0,0,0,0,0,1,2,0,0,0,0,1,2,0,0,0,0,0,0,0,5,0,0,2,0,0,0,0,0,0,1,2,2,0,0,0,1,2,2,0,1,2,0,0,1,0,1,2,2,5,0,0,3,1,0,0,0,0,0,0,1,2,2,0,0,0,0,0,0,0,0,0,1,2,0,0,0,0,0,0,1,1,1,0,0,0,0,0,0,0,0,0,5,0,60,3,3,3,172.5,0.270,0.246,,,0.043,0.026,0.148,,,,,,,,,,0.009,0.043,,,,,,,,,,,,,,,,,,9.0
RPath,1275,sidewalks,336.858,CON,1,2,2,0,0,0,0,0,0,1,2,0,0,0,0,1,2,0,0,0,0,0,0,0,5,0,0,2,0,0,0,0,0,0,1,2,2,0,0,0,1,2,2,0,1,2,2,0,1,1,1,2,2,5,5,0,3,1,0,0,0,0,0,0,1,2,2,0,0,0,0,0,0,0,0,0,1,2,0,0,0,0,0,0,1,1,1,0,0,0,0,0,0,0,0,0,5,0,70,4,4,3,337.5,0.209,0.176,0.004,0.004,,0.040,0.147,,,,0.004,,,,,,,0.009,,,,,,,,,,,,,,,,,,12.0
RPath,1276,sidewalks,69.275,CON,1,2,0,0,0,0,0,0,0,1,2,2,0,0,0,0,0,0,0,0,0,0,0,0,0,0,0,0,0,0,0,0,0,0,1,2,2,0,0,0,1,2,2,0,1,2,2,0,1,0,1,2,2,0,5,0,3,0,0,0,0,0,0,0,0,0,0,0,0,0,0,0,0,0,0,0,0,0,0,0,0,0,0,0,1,1,1,0,0,0,0,0,0,0,0,0,5,0,45,2,2,3,70.5,0.255,0.239,,,,0.021,0.234,,,,,,,,,,,,,,,,,,,,,,,,,,,,,6.0
RPath,1277,sidewalks,88.129,CON,1,2,0,0,0,0,0,0,0,1,2,2,0,0,0,0,0,0,0,0,0,0,0,0,0,0,0,0,0,0,0,1,0,0,1,2,2,0,0,0,1,2,2,0,1,2,2,0,1,1,1,2,2,0,0,0,3,0,0,0,0,0,0,0,0,0,0,0,0,0,0,0,0,0,0,0,0,0,0,0,0,0,0,0,1,1,1,0,0,0,0,0,0,0,0,0,5,0,42,2,2,3,87.9,0.171,0.145,,,,0.034,0.102,,,,,,,,,,,,,0.034,,,,,,,,,,,,,,,,6.0
RPath,1278,sidewalks,136.588,CON,1,2,2,0,0,0,0,0,0,1,2,0,0,0,0,0,0,0,0,0,0,0,0,0,0,0,0,0,0,0,0,1,0,0,1,2,2,0,0,0,1,2,2,0,1,2,0,0,1,1,1,2,2,0,0,0,0,0,0,0,0,0,0,0,0,0,0,0,0,0,0,0,0,0,0,0,0,0,0,0,0,0,0,0,1,1,1,0,0,0,0,0,0,0,0,0,5,0,37,2,2,2,139.8,0.021,0.013,,,,,0.011,,,,,,,,0.011,,,,,,,,,,,,,,,,,,,,,4.0
RPath,1279,sidewalks,48.671,CON,1,2,0,0,0,0,0,0,0,1,2,0,0,0,0,0,0,0,0,0,0,0,0,0,0,0,0,0,0,0,0,1,2,0,1,2,0,0,0,0,1,2,2,0,1,2,0,0,1,1,1,2,2,0,0,0,0,0,0,0,0,0,0,0,0,0,0,0,0,0,0,0,0,0,0,0,0,0,0,0,0,0,0,0,1,1,1,0,0,0,0,0,0,0,0,0,5,0,35,2,2,3,52.2,0.115,0.115,,,,,0.086,,,,,,,,,,,,,0.029,,,,,,,,,,,,,,,,6.0
RPath,1280,sidewalks,77.633,CON,1,2,0,0,0,0,0,0,0,1,0,0,0,0,0,0,0,0,0,0,0,0,0,0,0,0,0,0,0,0,0,1,2,0,1,2,0,0,0,0,1,2,2,0,1,0,0,0,1,0,1,2,2,0,0,0,0,0,0,0,0,0,0,0,0,0,0,0,0,0,0,0,0,0,0,0,0,0,0,0,0,0,0,0,1,1,1,0,0,0,0,0,0,0,0,0,5,0,30,2,2,1,81.2,0.000,0.000,,,,,,,,,,,,,,,,,,,,,,,,,,,,,,,,,,2.0
RPath,1281,sidewalks,45.183,CON,1,2,0,0,0,0,0,0,0,1,2,0,0,0,0,0,0,0,0,0,0,0,0,0,0,0,0,0,0,0,0,1,2,0,1,2,0,0,0,0,1,2,2,0,1,0,0,0,1,0,1,2,2,0,0,0,0,0,0,0,0,0,0,0,0,0,0,0,0,0,0,0,0,0,0,0,0,0,0,0,0,0,0,0,1,1,1,0,0,0,0,0,0,0,0,0,5,0,32,2,2,4,49.8,0.301,0.279,0.121,,,,0.121,,,,,,,,0.030,,,0.030,,,,,,,,,,,,,,,,,,8.0
RPath,1282,sidewalks,141.741,CON,1,2,0,0,0,0,0,0,0,1,0,0,1,0,0,0,0,0,0,0,0,0,0,0,0,5,0,0,0,0,0,1,2,2,1,2,0,0,0,0,1,2,2,0,1,0,0,0,1,1,1,2,2,0,0,0,3,0,0,0,0,0,0,0,0,0,0,1,0,0,0,0,0,0,0,0,0,0,0,0,0,0,0,0,1,1,1,0,0,0,0,0,0,0,0,0,5,0,43,2,2,1,144.4,0.031,0.008,,,,0.031,,,,,,,,,,,,,,,,,,,,,,,,,,,,,,2.0
RPath,1283,sidewalks,108.136,CON,1,2,2,1,0,0,1,0,0,0,0,0,1,0,0,1,0,0,0,0,0,0,0,0,5,5,0,0,0,0,0,0,0,0,1,2,2,0,0,0,1,2,2,0,1,2,2,0,1,1,1,2,2,5,5,0,0,0,0,0,0,0,0,0,1,2,0,0,0,0,0,0,0,1,0,0,1,0,0,0,0,0,0,0,1,1,1,0,0,0,0,0,0,0,0,0,5,0,64,4,3,2,110.6,0.027,0.027,,,,,,,,,,,,,,,,,,0.027,,,,,,,,,,,,,,,,6.0
RPath,1284,sidewalks,63.082,CON,1,2,2,0,0,0,0,0,0,0,0,0,1,0,0,1,2,0,0,0,0,0,0,0,5,5,0,0,0,0,0,0,0,0,1,2,2,0,0,0,1,2,2,0,1,2,2,0,1,1,1,2,2,5,5,0,0,0,0,0,0,0,0,0,1,2,0,0,0,0,0,0,0,1,0,0,1,0,0,0,0,0,0,0,1,1,1,0,0,0,0,0,0,0,0,0,5,0,64,4,3,3,63.1,0.143,0.143,,,,,0.143,,,,,,,,,,,,,,,,,,,,,,,,,,,,,9.0
RPath,1285,sidewalks,14.416,CON,1,2,2,0,0,0,0,0,0,0,0,0,0,0,0,1,2,0,0,0,0,0,0,0,5,0,0,0,0,0,0,0,0,0,1,2,2,0,0,0,1,2,0,0,1,2,2,0,1,1,1,2,2,5,5,0,0,0,0,0,0,0,0,0,1,2,0,0,0,0,0,0,0,0,0,0,1,0,0,0,0,0,0,0,1,1,1,0,0,0,0,0,0,0,0,0,5,0,55,3,3,1,14.4,0.000,0.000,,,,,,,,,,,,,,,,,,,,,,,,,,,,,,,,,,3.0
RPath,1286,sidewalks,51.127,CON,1,2,2,1,0,0,0,0,0,0,0,0,0,0,0,1,2,0,0,0,0,0,0,0,5,5,0,2,0,0,0,0,0,0,1,2,2,0,0,0,1,2,0,0,1,2,2,0,1,1,1,2,2,5,5,0,3,1,0,0,0,0,0,0,1,2,0,0,0,0,0,0,0,0,0,0,1,2,0,0,0,0,0,3,1,1,1,0,0,0,0,0,0,0,0,0,5,0,72,4,4,5,50.7,0.650,0.650,,,,,0.650,,,,,,,,,,,,,,,,,,,,,,,,,,,,,20.0
RPath,1287,sidewalks,169.865,CON,1,2,2,1,2,0,1,0,0,0,0,0,1,0,0,1,2,0,0,0,0,0,0,0,5,5,0,2,0,0,0,0,0,0,1,2,2,0,0,0,1,2,0,0,1,2,2,0,1,1,1,2,2,5,0,0,3,1,0,0,0,0,0,0,1,0,0,0,0,0,0,0,0,1,0,0,1,2,0,0,0,0,0,3,1,0,0,0,0,0,0,0,0,0,0,0,5,0,68,4,4,3,171.6,0.140,0.133,,,,0.009,0.122,,,,,,,,,,,0.009,,,,,,,,,,,,,,,,,,12.0
RPath,1288,sidewalks,308.646,CON,1,2,2,1,2,0,1,2,0,0,0,0,1,0,0,1,0,0,0,0,0,0,0,0,0,0,0,0,0,0,0,0,0,0,1,2,2,0,0,0,1,2,2,0,1,2,2,0,1,1,1,2,2,5,5,0,3,1,0,0,0,0,0,0,1,0,0,0,0,0,0,0,0,1,2,0,0,0,0,0,0,0,0,0,1,1,1,0,0,0,0,0,0,0,0,0,0,0,56,3,3,2,310.5,0.043,0.036,,,,0.010,0.034,,,,,,,,,,,,,,,,,,,,,,,,,,,,,6.0
RPath,1289,sidewalks,313.909,CON,1,2,2,1,2,0,1,2,0,0,0,0,1,0,0,1,0,0,0,0,0,0,0,0,0,5,0,0,0,0,0,0,0,0,1,2,2,0,0,0,1,2,2,0,1,2,2,0,1,1,1,2,2,5,5,0,3,0,0,0,0,0,0,0,1,0,0,0,0,0,0,0,0,1,2,2,0,0,0,0,0,0,0,0,1,1,1,0,0,0,0,0,0,0,0,0,5,0,67,4,4,3,317.1,0.104,0.104,,,,,0.104,,,,,,,,,,,,,,,,,,,,,,,,,,,,,12.0
RPath,1290,sidewalks,171.112,CON,1,2,2,1,2,0,1,0,0,0,0,0,1,2,2,0,0,0,0,0,0,0,0,0,0,5,0,2,0,0,0,0,0,0,1,2,0,0,0,0,0,0,0,0,0,0,0,0,1,1,1,2,2,5,0,0,3,1,0,0,0,0,0,0,0,0,0,0,0,0,0,0,0,1,2,0,1,2,2,0,0,0,0,3,1,1,1,0,0,0,0,0,0,0,0,0,5,0,59,3,3,4,174.1,0.327,0.295,0.052,,,0.026,0.164,0.069,,,,,0.017,,,,,,,,,,,,,,,,,,,,,,,12.0
RPath,1291,sidewalks,144.331,CON,1,2,2,1,0,0,1,0,0,0,0,0,1,2,0,0,0,0,0,0,0,0,0,0,0,0,0,2,0,0,0,0,0,0,1,0,0,0,0,0,0,0,0,0,0,0,0,0,1,1,1,2,2,5,0,0,3,1,0,0,0,0,0,0,0,0,0,0,0,0,0,0,0,1,2,0,1,2,2,0,0,0,0,3,1,1,1,0,0,0,0,0,0,0,0,0,5,0,48,3,2,3,147.6,0.224,0.218,0.061,,,,0.152,,,,,,,,,,,,0.010,,,,,,,,,,,,,,,,,6.0
RPath,1292,sidewalks,186.858,CON,1,2,2,1,2,0,1,2,0,0,0,0,1,2,0,0,0,0,0,0,0,0,0,0,0,0,0,2,0,0,0,0,0,0,1,0,0,0,0,0,0,0,0,0,0,0,0,0,1,1,1,2,2,5,0,0,3,1,0,0,0,0,0,0,0,0,0,0,0,0,0,0,0,1,2,2,1,2,2,0,0,0,0,3,1,1,1,0,0,0,0,0,0,0,0,0,5,0,54,3,3,3,190.5,0.213,0.189,0.047,,,0.031,0.134,,,,,,,,,,,,,,,,,,,,,,,,,,,,,9.0
RPath,1293,sidewalks,37.409,CON,1,2,2,1,2,0,1,0,0,0,0,0,1,2,2,0,0,0,0,0,0,0,0,0,0,5,0,2,0,0,0,0,0,0,1,2,0,0,0,0,0,0,0,0,0,0,0,0,1,1,1,2,2,5,0,0,3,1,0,0,0,0,0,0,0,0,0,0,0,0,0,0,0,1,2,0,1,2,0,0,0,0,0,3,1,1,1,0,0,0,0,0,0,0,0,0,5,0,57,3,3,3,40.5,0.185,0.185,,,,,0.074,,,,,,,,,,,,,0.111,,,,,,,,,,,,,,,,9.0
RPath,1294,sidewalks,183.556,CON,1,2,2,1,0,0,1,0,0,0,0,0,1,0,0,0,0,0,0,0,0,0,0,0,0,0,0,2,0,0,0,0,0,0,0,0,0,0,0,0,0,0,0,0,0,0,0,0,1,0,1,2,0,0,0,0,0,1,0,0,0,0,0,0,0,0,0,0,0,0,0,0,0,1,2,2,1,2,0,0,0,0,0,0,1,1,1,0,0,0,0,0,0,0,0,0,5,0,31,2,2,2,186.1,0.161,0.083,0.040,,,0.105,0.016,,,,,,,,,,,,,,,,,,,,,,,,,,,,,4.0
RPath,1295,sidewalks,76.424,CON,1,2,2,0,0,0,0,0,0,0,0,0,1,2,2,0,0,0,0,0,0,0,0,0,0,0,0,0,0,0,0,1,2,0,1,2,0,1,2,0,1,2,2,0,1,2,2,0,0,0,1,2,2,5,5,0,0,0,0,0,0,0,0,0,0,0,0,0,0,0,0,0,0,0,0,0,1,0,0,0,0,0,0,0,1,1,1,0,0,0,0,0,0,0,0,0,5,0,53,3,3,2,80.6,0.019,0.019,,,,,0.019,,,,,,,,,,,,,,,,,,,,,,,,,,,,,6.0
RPath,1296,sidewalks,22.999,CON,1,2,0,0,0,0,0,0,0,0,0,0,0,0,0,0,0,0,0,0,0,0,0,0,0,0,0,2,0,0,0,0,0,0,0,0,0,0,0,0,0,0,0,0,0,0,0,0,1,0,1,2,0,0,0,0,3,1,0,0,0,0,0,0,0,0,0,0,0,0,0,0,0,1,2,0,0,0,0,0,0,0,0,3,1,1,1,0,0,0,0,0,0,0,0,0,5,3,30,2,2,2,28.2,0.159,0.040,,,,0.159,,,,,,,,,,,,,,,,,,,,,,,,,,,,,,4.0
RPath,1297,sidewalks,44.755,CON,1,2,0,0,0,0,0,0,0,0,0,0,0,0,0,0,0,0,0,0,0,0,0,0,0,0,0,2,0,0,0,0,0,0,0,0,0,0,0,0,0,0,0,0,0,0,0,0,1,0,1,2,0,0,0,0,3,1,0,0,0,0,0,0,0,0,0,0,0,0,0,0,0,1,0,0,0,0,0,0,0,0,0,0,1,1,1,0,0,0,0,0,0,0,0,0,5,3,25,1,1,2,50.7,0.030,0.015,,,,,,,,,,,,,,,0.030,,,,,,,,,,,,,,,,,,,2.0
RPath,1298,sidewalks,108.062,CON,1,2,0,0,0,0,0,0,0,0,0,0,0,0,0,0,0,0,0,0,0,0,0,0,0,0,0,2,0,0,0,0,0,0,0,0,0,0,0,0,0,0,0,0,0,0,0,0,1,1,1,2,2,5,5,0,3,1,0,0,0,0,0,0,0,0,0,0,0,0,0,0,0,1,0,0,0,0,0,0,0,0,0,0,1,1,1,0,0,0,0,0,0,0,0,0,5,0,35,2,2,2,117.3,0.051,0.016,,,,0.038,,,,,,,,,,,0.013,,,,,,,,,,,,,,,,,,,4.0
RPath,1299,sidewalks,57.567,CON,1,2,2,0,0,0,0,0,0,0,0,0,0,0,0,0,0,0,0,0,0,0,0,0,0,0,0,2,0,0,0,0,0,0,1,0,0,0,0,0,0,0,0,0,1,0,0,0,0,0,1,2,0,0,0,0,0,1,0,0,0,0,0,0,0,0,0,0,0,0,0,0,0,1,0,0,0,0,0,0,0,0,0,3,1,1,1,0,0,0,0,0,0,0,0,0,5,3,28,2,1,3,61.5,0.146,0.128,,,,0.024,0.122,,,,,,,,,,,,,,,,,,,,,,,,,,,,,3.0
RPath,1300,sidewalks,86.226,CON,1,2,0,0,0,0,0,0,0,0,0,0,0,0,0,0,0,0,0,0,0,0,0,0,0,0,0,2,0,0,0,0,0,0,0,0,0,0,0,0,0,0,0,0,0,0,0,0,1,0,1,2,0,0,0,0,3,1,0,0,0,0,0,0,0,0,0,0,0,0,0,0,0,1,2,0,0,0,0,0,0,0,0,3,1,1,1,0,0,0,0,0,0,0,0,0,5,0,27,1,1,2,89.4,0.050,0.013,,,,0.050,,,,,,,,,,,,,,,,,,,,,,,,,,,,,,2.0
RPath,1301,sidewalks,80.294,CON,1,2,0,0,0,0,0,0,0,0,0,0,0,0,0,0,0,0,0,0,0,0,0,0,0,0,0,2,0,0,0,0,0,0,0,0,0,0,0,0,0,0,0,0,0,0,0,0,1,0,1,2,0,0,0,0,3,1,0,0,0,0,0,0,0,0,0,0,0,0,0,0,0,1,0,0,0,0,0,0,0,0,0,0,1,1,1,0,0,0,0,0,0,0,0,0,5,0,22,1,1,1,82.8,0.036,0.009,,,,0.036,,,,,,,,,,,,,,,,,,,,,,,,,,,,,,1.0
RPath,1302,sidewalks,419.924,CON,1,2,2,0,0,0,0,0,0,0,0,0,0,0,0,0,0,0,0,0,0,0,0,0,0,0,0,2,0,0,0,0,0,0,1,0,0,0,0,0,0,0,0,0,1,0,0,0,1,0,1,2,0,0,0,0,3,1,0,0,0,0,0,0,0,0,0,0,0,0,0,0,0,1,2,0,0,0,0,0,0,0,0,3,1,1,1,0,0,0,0,0,0,0,0,0,5,0,31,2,2,2,424.5,0.035,0.018,,,,0.021,0.011,,,,,,,,,,0.004,,,,,,,,,,,,,,,,,,,4.0
RPath,1303,sidewalks,42.004,CON,1,2,0,0,0,0,0,0,0,0,0,0,0,0,0,0,0,0,0,0,0,0,0,0,0,0,0,2,0,0,0,0,0,0,0,0,0,0,0,0,0,0,0,0,0,0,0,0,1,0,1,2,0,0,0,0,3,1,0,0,0,0,0,0,0,0,0,0,0,0,0,0,0,1,2,0,0,0,0,0,0,0,0,3,1,1,1,0,0,0,0,0,0,0,0,0,5,0,27,1,1,2,42.4,0.106,0.062,,,,0.035,0.035,,,,,,,,,,0.035,,,,,,,,,,,,,,,,,,,2.0
RPath,1304,sidewalks,46.416,CON,1,0,0,0,0,0,0,0,0,0,0,0,0,0,0,0,0,0,0,0,0,0,0,0,0,0,0,2,0,0,0,0,0,0,0,0,0,0,0,0,0,0,0,0,0,0,0,0,0,0,1,2,2,0,0,0,3,1,0,0,0,0,0,0,0,0,0,0,0,0,0,0,0,1,2,2,0,0,0,0,0,0,5,0,1,1,1,0,0,0,0,0,0,0,0,0,5,0,30,2,2,1,50.5,0.000,0.000,,,,,,,,,,,,,,,,,,,,,,,,,,,,,,,,,,2.0
RPath,1305,sidewalks,68.525,CON,1,0,0,0,0,0,0,0,0,0,0,0,0,0,0,0,0,0,0,0,0,0,0,0,0,0,0,2,0,0,0,0,0,0,0,0,0,0,0,0,0,0,0,0,0,0,0,0,0,0,1,2,2,0,0,0,3,1,0,0,0,0,0,0,0,0,0,0,0,0,0,0,0,1,2,0,0,0,0,0,0,0,5,0,1,1,1,0,0,0,0,0,0,0,0,0,5,0,28,2,1,1,74.7,0.000,0.000,,,,,,,,,,,,,,,,,,,,,,,,,,,,,,,,,,1.0
RPath,1306,sidewalks,92.588,CON,1,2,0,0,0,0,0,0,0,0,0,0,0,0,0,0,0,0,0,0,0,0,0,0,0,0,0,2,0,0,0,0,0,0,0,0,0,0,0,0,0,0,0,0,0,0,0,0,0,0,1,2,2,0,0,0,3,1,0,0,0,0,0,0,0,0,0,0,0,0,0,0,0,1,2,0,0,0,0,0,0,0,5,0,1,1,1,0,0,0,0,0,0,0,0,0,5,0,30,2,2,1,96.8,0.016,0.004,,,,0.016,,,,,,,,,,,,,,,,,,,,,,,,,,,,,,2.0
RPath,1307,sidewalks,83.727,CON,1,2,0,0,0,0,0,0,0,0,0,0,0,0,0,0,0,0,0,0,0,0,0,0,0,0,0,2,0,0,0,0,0,0,0,0,0,0,0,0,0,0,0,0,0,0,0,0,0,0,1,2,2,0,0,0,3,1,0,0,0,0,0,0,0,0,0,0,0,0,0,0,0,1,2,0,0,0,0,0,0,0,5,0,1,1,1,0,0,0,0,0,0,0,0,0,5,0,30,2,2,2,91.6,0.082,0.070,0.066,,,0.016,,,,,,,,,,,,,,,,,,,,,,,,,,,,,,4.0
RPath,1308,sidewalks,55.762,CON,1,2,2,0,0,0,0,0,0,0,0,0,0,0,0,0,0,0,0,0,0,0,0,0,0,0,0,2,0,0,0,0,0,0,0,0,0,0,0,0,0,0,0,0,0,0,0,0,0,0,1,2,2,0,0,0,3,1,0,0,0,0,0,0,0,0,0,0,0,0,0,0,0,1,2,2,1,0,0,0,0,0,5,0,1,1,1,0,0,0,0,0,0,0,0,0,5,0,35,2,2,3,59.5,0.202,0.202,,,,,0.202,,,,,,,,,,,,,,,,,,,,,,,,,,,,,6.0
RPath,1309,sidewalks,599.98,CON,1,2,2,0,0,0,0,0,0,0,0,0,1,2,2,0,0,0,1,2,2,0,0,0,0,5,0,0,0,0,0,0,0,0,0,0,0,0,0,0,0,0,0,0,0,0,0,0,0,0,1,2,2,5,5,0,0,1,0,0,0,0,0,0,0,0,0,0,0,0,0,0,0,1,2,2,0,0,0,0,0,0,0,0,1,1,1,0,0,0,0,0,0,0,0,0,5,0,49,3,3,2,600.2,0.042,0.039,,,,,0.027,,,,,,,,,,0.007,0.007,,,,,,,,,,,,,,,,,,6.0
RPath,1310,sidewalks,72.858,HMAC,1,2,0,1,2,0,1,2,0,0,0,0,1,2,0,1,0,0,0,0,0,0,0,0,0,0,0,2,0,0,0,0,0,0,1,2,2,0,0,0,0,0,0,0,0,0,0,0,1,1,1,2,2,5,0,4,3,1,0,0,0,0,0,0,0,0,0,0,0,0,0,0,0,1,2,0,1,2,0,0,0,0,0,3,0,0,0,0,0,0,0,0,0,0,0,0,5,0,54,3,3,3,72.4,0.373,0.233,,,,0.186,0.186,,,,,,,,,,,,,,,,,,,,,,,,,,,,,9.0
RPath,1311,sidewalks,5.322,CON,1,2,0,1,2,0,1,2,0,0,0,0,1,2,0,0,0,0,0,0,0,0,0,0,0,0,0,2,0,0,0,0,0,0,1,2,2,0,0,0,0,0,0,0,0,0,0,0,1,0,1,2,2,5,0,4,3,0,0,0,0,0,0,0,0,0,0,0,0,0,0,0,0,1,2,0,1,2,0,0,0,0,0,3,0,0,0,0,0,0,0,0,0,0,0,0,5,0,51,3,3,1,5.3,0.000,0.000,,,,,,,,,,,,,,,,,,,,,,,,,,,,,,,,,,3.0
RPath,1312,sidewalks,255.045,HMAC,1,2,2,1,2,2,1,2,2,0,0,0,1,2,2,0,0,0,0,0,0,0,0,0,0,5,0,2,0,0,0,0,0,0,1,2,2,0,0,0,0,0,0,0,1,0,0,0,1,0,1,2,2,0,0,4,3,0,0,0,0,0,0,0,0,0,0,0,0,0,0,0,0,1,2,2,1,2,0,0,0,0,0,3,0,0,0,0,0,0,0,0,0,0,0,0,5,0,62,3,3,3,255.7,0.305,0.160,0.006,,,0.194,0.106,,,,,,,,,,,,,,,,,,,,,,,,,,,,,9.0
RPath,1313,sidewalks,5.055,CON,1,2,0,1,2,0,1,2,0,0,0,0,1,2,0,0,0,0,0,0,0,0,0,0,0,0,0,2,0,0,0,0,0,0,1,2,2,0,0,0,0,0,0,0,0,0,0,0,1,0,1,2,2,5,0,4,3,0,0,0,0,0,0,0,0,0,0,0,0,0,0,0,0,1,2,0,1,2,0,0,0,0,0,3,0,0,0,0,0,0,0,0,0,0,0,0,5,0,51,3,3,2,6.2,0.244,0.061,,,,0.244,,,,,,,,,,,,,,,,,,,,,,,,,,,,,,6.0
RPath,1314,sidewalks,73.169,HMAC,1,2,0,1,2,0,1,2,0,0,0,0,1,2,0,0,0,0,0,0,0,0,0,0,0,0,0,2,0,0,0,0,0,0,1,2,2,0,0,0,0,0,0,0,0,0,0,0,1,0,1,2,2,5,0,4,3,1,0,0,0,0,0,0,0,0,0,0,0,0,0,0,0,1,2,0,1,2,0,0,0,0,0,3,0,0,0,0,0,0,0,0,0,0,0,0,5,0,52,3,3,3,70.8,0.403,0.101,,,,0.403,,,,,,,,,,,,,,,,,,,,,,,,,,,,,,9.0
RPath,1315,sidewalks,5.632,CON,1,2,0,1,2,0,1,0,0,0,0,0,1,0,0,0,0,0,0,0,0,0,0,0,0,0,0,2,0,0,0,0,0,0,1,2,2,0,0,0,0,0,0,0,0,0,0,0,1,0,1,2,2,5,0,4,3,0,0,0,0,0,0,0,0,0,0,0,0,0,0,0,0,1,2,0,1,2,0,0,0,0,5,3,0,0,0,0,0,0,0,0,0,0,0,0,5,0,52,3,3,3,5.3,0.282,0.141,,,,,,,,,,,,,,,,,0.282,,,,,,,,,,,,,,,,,9.0
RPath,1316,sidewalks,24.365,HMAC,1,2,0,1,2,0,1,0,0,0,0,0,1,0,0,0,0,0,0,0,0,0,0,0,0,0,0,2,0,0,0,0,0,0,1,2,2,0,0,0,0,0,0,0,0,0,0,0,1,0,1,2,2,5,0,4,3,0,0,0,0,0,0,0,0,0,0,0,0,0,0,0,0,1,2,0,1,2,0,0,0,0,5,3,0,0,0,0,0,0,0,0,0,0,0,0,5,0,52,3,3,2,27.7,0.163,0.081,,,,0.108,0.054,,,,,,,,,,,,,,,,,,,,,,,,,,,,,6.0
RPath,1317,sidewalks,72.833,HMAC,1,2,0,1,2,0,1,0,0,0,0,0,1,0,0,1,0,0,0,0,0,0,0,0,0,0,0,2,0,0,0,0,0,0,1,2,2,0,0,0,0,0,0,0,0,0,0,0,1,1,1,2,2,5,0,4,3,1,0,0,0,0,0,0,0,0,0,0,0,0,0,0,0,1,2,0,1,2,0,0,0,0,5,3,0,0,0,0,0,0,0,0,0,0,0,0,5,0,55,3,3,2,70.2,0.086,0.021,,,,0.086,,,,,,,,,,,,,,,,,,,,,,,,,,,,,,6.0
RPath,1318,sidewalks,90.623,CON,0,0,0,0,0,0,0,0,0,0,0,0,0,0,0,0,0,0,0,0,0,0,0,0,0,0,0,2,0,0,0,0,0,0,0,0,0,1,2,0,0,0,0,0,0,0,0,0,0,0,1,2,2,0,0,0,3,1,0,0,0,0,0,0,0,0,0,0,0,0,0,0,0,0,0,0,0,0,0,0,0,0,0,0,1,1,1,0,0,0,0,0,0,0,0,0,5,0,22,1,1,2,92.1,0.049,0.016,,,,0.033,,,,,,,,,,,0.016,,,,,,,,,,,,,,,,,,,2.0
RPath,1319,sidewalks,82.98,CON,0,0,0,0,0,0,0,0,0,0,0,0,0,0,0,0,0,0,0,0,0,0,0,0,0,0,0,2,0,0,0,1,0,0,0,0,0,1,2,0,0,0,0,0,0,0,0,0,0,0,1,2,2,0,0,0,3,1,0,0,0,0,0,0,0,0,0,0,0,0,0,0,0,0,0,0,0,0,0,0,0,0,0,0,1,1,1,0,0,0,0,0,0,0,0,0,5,0,23,1,1,2,85.1,0.053,0.013,,,,0.053,,,,,,,,,,,,,,,,,,,,,,,,,,,,,,2.0
RPath,1320,sidewalks,216.257,CON,1,2,2,1,2,0,1,2,0,0,0,0,0,0,0,0,0,0,0,0,0,0,0,0,0,5,0,2,0,0,0,0,0,0,0,0,0,0,0,0,0,0,0,0,0,0,0,0,0,0,1,2,2,5,0,4,0,0,0,0,0,0,0,0,1,0,0,0,0,0,0,0,0,0,0,0,0,0,0,0,0,0,0,3,1,1,0,0,0,0,0,0,0,0,0,0,5,0,43,2,2,1,216.3,0.000,0.000,,,,,,,,,,,,,,,,,,,,,,,,,,,,,,,,,,2.0
RPath,1321,sidewalks,343.649,CON,1,2,2,1,2,0,1,2,0,0,0,0,0,0,0,0,0,0,0,0,0,0,0,0,0,0,0,0,0,0,0,0,0,0,0,0,0,0,0,0,0,0,0,0,0,0,0,0,0,0,1,2,2,5,0,4,0,1,0,0,0,0,0,0,1,2,2,0,0,0,0,0,0,0,0,0,0,0,0,0,0,0,5,3,1,1,1,0,0,0,0,0,0,0,0,0,5,0,47,3,2,1,345.6,0.004,0.004,,,,,0.004,,,,,,,,,,,,,,,,,,,,,,,,,,,,,2.0
RPath,1322,sidewalks,142.315,CON,1,2,2,1,2,0,1,2,0,0,0,0,0,0,0,0,0,0,0,0,0,0,0,0,0,0,0,2,0,0,0,0,0,0,0,0,0,0,0,0,0,0,0,0,0,0,0,0,0,0,1,2,2,5,0,4,0,1,0,0,0,0,0,0,1,2,2,0,0,0,0,0,0,0,0,0,0,0,0,0,0,0,5,0,1,1,1,0,0,0,0,0,0,0,0,0,5,0,46,3,2,1,145.0,0.021,0.005,,,,0.021,,,,,,,,,,,,,,,,,,,,,,,,,,,,,,2.0
RPath,1323,sidewalks,261.728,CON,1,2,2,1,2,0,1,2,0,0,0,0,0,0,0,0,0,0,0,0,0,0,0,0,0,0,0,0,0,0,0,0,0,0,0,0,0,0,0,0,0,0,0,0,0,0,0,0,0,0,1,2,0,0,0,0,0,1,0,0,0,0,0,0,1,2,0,0,0,0,0,0,0,0,0,0,0,0,0,0,0,0,5,0,1,1,1,0,0,0,0,0,0,0,0,0,5,0,31,2,2,2,260.7,0.023,0.014,,,,0.012,0.012,,,,,,,,,,,,,,,,,,,,,,,,,,,,,4.0
RPath,1324,sidewalks,58.724,CON,1,2,2,0,0,0,0,0,0,0,0,0,0,0,0,0,0,0,0,0,0,0,0,0,0,5,0,0,0,0,0,0,0,0,0,0,0,0,0,0,0,0,0,0,0,0,0,0,0,0,1,2,0,0,0,0,0,1,0,0,0,0,0,0,1,0,0,0,0,0,0,0,0,0,0,0,0,0,0,0,0,0,5,0,1,1,1,0,0,0,0,0,0,0,0,0,5,0,28,2,1,1,59.0,0.000,0.000,,,,,,,,,,,,,,,,,,,,,,,,,,,,,,,,,,1.0
RPath,1325,sidewalks,369.765,CON,1,2,2,1,2,0,1,2,0,0,0,0,0,0,0,0,0,0,0,0,0,0,0,0,0,0,0,0,0,0,0,0,0,0,0,0,0,0,0,0,0,0,0,0,0,0,0,0,0,0,1,2,2,0,0,0,0,1,0,0,0,0,0,0,1,2,0,0,0,0,0,0,0,0,0,0,0,0,0,0,0,0,5,0,1,1,1,0,0,0,0,0,0,0,0,0,5,0,33,2,2,1,378.3,0.016,0.004,,,,0.016,,,,,,,,,,,,,,,,,,,,,,,,,,,,,,2.0
RPath,1326,sidewalks,212.417,HMAC,1,2,2,1,0,0,0,0,0,1,0,0,1,0,0,0,0,0,0,0,0,0,0,0,5,5,0,0,1,2,2,1,2,2,1,2,2,0,0,0,1,2,2,0,1,2,2,0,1,1,1,2,2,5,5,0,0,0,1,0,0,0,0,0,1,2,2,0,0,0,0,0,0,1,0,0,1,0,0,0,0,0,0,0,1,1,1,1,2,2,1,0,0,0,0,0,5,0,82,4,4,3,278.7,0.388,0.175,,,,0.275,0.102,,,,,,0.005,,,,,,0.005,,,,,,,,,,,,,,,,,12.0
RPath,1327,sidewalks,192.563,CON,1,2,2,1,0,0,0,0,0,1,2,0,1,0,0,0,0,0,0,0,0,0,0,0,5,0,0,0,1,2,2,1,2,2,1,2,2,0,0,0,1,2,2,0,1,2,2,0,1,1,1,2,2,0,5,0,3,1,1,0,0,0,0,0,1,2,0,0,0,0,1,0,0,1,0,0,1,0,0,0,0,0,0,0,1,1,1,1,2,0,1,0,0,0,0,0,5,0,75,4,4,2,197.2,0.205,0.086,,,0.015,0.129,,,,,,,,,,,0.015,,0.030,0.015,,,,,,,,,,,,,,,,8.0
RPath,1328,sidewalks,26.799,CON,1,0,0,0,0,0,0,0,0,0,0,0,0,0,0,0,0,0,0,0,0,0,0,0,0,0,0,2,0,0,0,1,0,0,0,0,0,1,2,2,0,0,0,0,1,0,0,0,0,0,1,2,2,0,0,0,3,1,0,0,0,0,0,0,0,0,0,0,0,0,0,0,0,0,0,0,0,0,0,0,0,0,0,0,1,1,1,0,0,0,0,0,0,0,0,0,5,0,27,1,1,2,39.7,0.038,0.019,,,,,,,,,,,,,,,0.038,,,,,,,,,,,,,,,,,,,2.0
RPath,1329,sidewalks,35.766,CON,1,0,0,0,0,0,0,0,0,0,0,0,0,0,0,0,0,0,0,0,0,0,0,0,0,0,0,2,0,0,0,1,0,0,0,0,0,1,2,0,0,0,0,0,1,0,0,0,0,0,1,2,2,0,0,0,3,1,0,0,0,0,0,0,0,0,0,0,0,0,0,0,0,1,0,0,0,0,0,0,0,0,0,0,1,1,1,0,0,0,0,0,0,0,0,0,5,0,26,1,1,2,38.1,0.079,0.020,,,,0.079,,,,,,,,,,,,,,,,,,,,,,,,,,,,,,2.0
RPath,1330,sidewalks,76.772,CON,1,2,2,1,2,2,0,0,0,0,0,0,1,2,0,1,2,0,0,0,0,0,0,0,5,0,0,2,0,0,0,0,0,0,1,2,2,0,0,0,0,0,0,5,1,2,2,0,0,0,1,2,2,5,5,0,3,1,0,0,0,0,0,0,0,0,0,0,0,0,1,0,0,1,0,0,1,0,0,0,0,0,5,3,1,0,1,1,0,0,0,0,0,0,0,0,5,0,76,4,4,3,78.4,0.287,0.186,,,,0.134,0.153,,,,,,,,,,,,,,,,,,,,,,,,,,,,,12.0
RPath,1331,sidewalks,38.434,CON,1,2,0,1,2,0,0,0,0,0,0,0,1,0,0,1,0,0,0,0,0,0,0,0,5,0,0,2,0,0,0,0,0,0,1,2,2,0,0,0,0,0,0,5,1,2,0,0,0,0,1,2,2,0,5,0,0,1,0,0,0,0,0,0,0,0,0,0,0,0,0,0,0,1,0,0,1,0,0,0,0,0,0,0,1,0,0,1,0,0,0,0,0,0,0,0,5,0,48,3,2,2,38.5,0.117,0.039,,,,0.078,,,,,,,,,,,0.039,,,,,,,,,,,,,,,,,,,4.0
RPath,1332,sidewalks,102.735,CON,1,2,2,1,2,2,0,0,0,0,0,0,1,0,0,1,2,0,0,0,0,0,0,0,5,0,0,0,0,0,0,0,0,0,1,2,2,0,0,0,0,0,0,0,1,2,2,0,0,0,1,2,2,5,5,0,3,0,0,0,0,0,0,0,0,0,0,0,0,0,1,0,0,1,0,0,1,0,0,0,0,0,5,0,1,0,0,1,0,0,0,0,0,0,0,0,5,0,62,3,3,3,208.1,0.288,0.148,,,,0.166,0.101,,,,,,,,0.022,,,,,,,,,,,,,,,,,,,,,9.0
RPath,1333,sidewalks,102.575,CON,1,2,0,1,2,0,0,0,0,0,0,0,1,0,0,1,2,0,0,0,0,0,0,0,5,0,0,0,0,0,0,0,0,0,1,2,2,0,0,0,0,0,0,0,1,2,0,0,0,0,1,2,2,0,5,0,0,1,0,0,0,0,0,0,0,0,0,0,0,0,1,0,0,1,0,0,1,0,0,0,0,0,0,0,1,0,0,1,0,0,0,0,0,0,0,0,5,0,44,2,2,1,208.7,0.014,0.004,,,,0.014,,,,,,,,,,,,,,,,,,,,,,,,,,,,,,2.0
RPath,1334,sidewalks,76.93,CON,1,2,0,1,2,0,0,0,0,0,0,0,1,0,0,1,2,0,0,0,0,0,0,0,5,0,0,2,0,0,0,0,0,0,1,2,2,0,0,0,0,0,0,5,1,2,2,0,0,0,1,2,2,5,5,0,3,1,0,0,0,0,0,0,0,0,0,0,0,0,1,2,0,1,0,0,1,0,0,0,0,0,5,3,1,0,0,1,0,0,0,0,0,0,0,0,5,0,71,4,4,2,83.1,0.036,0.036,,,,,0.036,,,,,,,,,,,,,,,,,,,,,,,,,,,,,8.0
RPath,1335,sidewalks,206.638,HMAC,1,2,0,1,2,0,0,0,0,0,0,0,1,0,0,1,2,0,0,0,0,0,0,0,5,0,0,0,0,0,0,0,0,0,1,2,2,0,0,0,0,0,0,0,1,2,2,0,0,0,1,2,2,5,5,0,3,1,0,0,0,0,0,0,0,0,0,0,0,0,1,0,0,1,0,0,1,0,0,0,0,0,5,0,1,0,0,1,0,0,0,0,0,0,0,0,5,0,59,3,3,4,414.1,0.471,0.469,,,,,0.464,,,,,,,,,,0.004,0.004,,,,,,,,,,,,,,,,,,12.0
RPath,1336,sidewalks,211.804,HMAC,1,2,2,1,2,2,0,0,0,0,0,0,1,2,0,1,2,2,0,0,0,0,0,0,5,5,0,2,1,0,0,0,0,0,1,2,2,0,0,0,0,0,0,0,1,2,2,0,0,0,1,2,2,5,5,0,3,1,0,0,0,0,0,0,0,0,0,0,0,0,1,0,0,1,2,0,1,2,0,0,0,0,5,0,1,0,0,1,0,0,1,0,0,1,0,0,5,0,81,4,4,3,214.2,0.126,0.121,,,,0.007,0.091,,,,,,,,,0.028,,,,,,,,,,,,,,,,,,,,12.0
RPath,1337,sidewalks,54.839,CON,1,2,0,1,0,0,0,0,0,0,0,0,1,2,2,1,2,2,0,0,0,0,0,0,5,5,0,0,0,0,0,1,2,2,1,2,2,0,0,0,0,0,0,5,1,0,0,0,0,0,1,2,0,5,5,4,0,1,0,0,0,1,2,0,1,2,0,1,2,0,1,0,0,1,0,0,0,0,0,0,0,0,5,0,1,1,1,0,0,0,0,0,0,0,0,0,5,0,82,4,4,1,56.7,0.000,0.000,,,,,,,,,,,,,,,,,,,,,,,,,,,,,,,,,,4.0
RPath,1338,sidewalks,53.248,CON,1,2,0,1,0,0,0,0,0,0,0,0,1,2,0,1,2,2,0,0,0,0,0,0,5,0,0,2,0,0,0,1,2,2,1,2,2,0,0,0,0,0,0,5,1,0,0,0,0,0,1,0,0,0,0,4,0,1,0,0,0,1,2,0,1,2,0,1,0,0,1,0,0,1,2,0,1,0,0,0,0,0,0,3,1,1,1,0,0,0,0,0,0,0,0,0,5,0,64,4,3,1,55.0,0.027,0.007,,,,0.027,,,,,,,,,,,,,,,,,,,,,,,,,,,,,,3.0
RPath,1339,sidewalks,74.373,PB,1,2,0,1,0,0,0,0,0,0,0,0,1,2,2,1,2,2,0,0,0,0,0,0,5,5,0,0,0,0,0,1,2,2,1,2,2,0,0,0,0,0,0,0,1,0,0,0,0,0,1,0,0,5,5,4,0,1,0,0,0,1,2,0,1,2,0,1,0,0,1,0,0,1,2,0,1,0,0,0,0,0,5,3,1,1,1,0,0,0,0,0,0,0,0,0,5,0,79,4,4,2,74.7,0.080,0.080,,,,,0.060,,,,,,,,,,,0.020,,,,,,,,,,,,,,,,,,8.0
RPath,1340,sidewalks,184.462,HMAC,1,2,2,1,2,0,0,0,0,0,0,0,1,2,2,1,2,2,0,0,0,0,0,0,5,5,0,2,0,0,0,1,2,2,1,2,2,0,0,0,0,0,0,0,1,2,2,0,0,0,1,2,2,5,5,4,0,1,0,0,0,1,2,0,1,2,2,1,2,0,0,0,0,1,0,0,1,0,0,0,0,0,5,0,1,1,1,0,0,0,0,0,0,1,2,0,5,0,94,5,5,5,269.5,0.768,0.765,,,,,0.746,,,,,,,0.011,,,0.006,0.006,,,,,,,,,,,,,,,,,,25.0
RPath,1341,sidewalks,76.544,PB,1,0,0,1,0,0,0,0,0,0,0,0,1,2,0,1,2,0,0,0,0,0,0,0,5,0,0,0,0,0,0,1,2,2,1,2,2,0,0,0,0,0,0,0,1,2,0,0,0,0,1,0,0,0,5,4,0,1,0,0,0,1,2,0,1,2,0,1,0,0,1,0,0,1,2,0,1,0,0,0,0,0,5,3,1,1,1,0,0,0,0,0,0,0,0,0,5,0,65,4,3,3,77.9,0.135,0.116,,,,,0.077,,,,,,,,,,0.039,0.019,,,,,,,,,,,,,,,,,,9.0
RPath,1343,sidewalks,304.312,HMAC,1,2,2,1,2,2,1,2,0,0,0,0,1,2,2,1,0,0,0,0,0,1,2,2,0,5,0,2,0,0,0,1,2,2,1,2,2,0,0,0,0,0,0,0,1,0,0,0,1,1,1,2,2,5,0,0,3,1,0,0,0,0,0,0,1,2,0,0,0,0,1,2,0,1,2,0,1,2,2,0,0,0,5,3,1,0,0,0,0,0,0,0,0,0,0,0,5,0,86,5,5,2,609.4,0.062,0.015,,,,0.062,,,,,,,,,,,,,,,,,,,,,,,,,,,,,,10.0
RPath,1344,sidewalks,200.699,CON,1,2,2,1,2,0,1,2,0,1,2,0,1,2,0,0,0,0,0,0,0,0,0,0,0,0,0,2,0,0,0,0,0,0,1,2,2,0,0,0,0,0,0,5,1,2,0,0,0,0,1,2,2,0,5,0,3,1,0,0,0,0,0,0,1,0,0,0,0,0,1,2,0,0,0,0,1,2,2,0,0,0,5,3,0,0,1,0,0,0,0,0,0,0,0,0,5,0,69,4,4,2,399.4,0.090,0.064,,,,0.030,0.049,,,,,,,,,,,0.004,0.008,,,,,,,,,,,,,,,,,8.0
RPath,1345,sidewalks,80.132,CON,1,2,2,1,2,2,1,2,2,0,0,0,0,0,0,0,0,0,0,0,0,0,0,0,0,5,0,2,0,0,0,0,0,0,1,2,0,0,0,0,0,0,0,5,1,0,0,0,0,0,1,2,0,0,0,0,3,1,0,0,0,0,0,0,0,0,0,0,0,0,1,0,0,0,0,0,1,2,0,0,0,0,0,3,1,0,1,0,0,0,0,0,0,0,0,0,5,0,52,3,3,4,78.4,0.287,0.273,,,,0.019,0.268,,,,,,,,,,,,,,,,,,,,,,,,,,,,,12.0
RPath,1346,sidewalks,85.667,CON,1,2,2,1,2,0,1,2,0,0,0,0,0,0,0,0,0,0,0,0,0,0,0,0,0,0,0,2,0,0,0,0,0,0,1,2,0,0,0,0,0,0,0,5,1,0,0,0,0,0,1,2,0,0,0,0,3,1,0,0,0,0,0,0,0,0,0,0,0,0,1,0,0,0,0,0,1,2,0,0,0,0,0,3,0,0,1,0,0,0,0,0,0,0,0,0,5,0,42,2,2,3,195.0,0.215,0.215,0.169,,0.046,,,,,,,,,,,,,,,,,,,,,,,,,,,,,,,6.0
RPath,1347,sidewalks,116.439,CON,1,2,2,1,2,0,1,0,0,1,0,0,1,2,0,0,0,0,0,0,0,0,0,0,0,0,0,2,1,0,0,0,0,0,1,2,2,0,0,0,0,0,0,5,1,0,0,0,0,0,1,2,2,0,0,0,0,1,0,0,0,0,0,0,1,2,0,0,0,0,1,0,0,1,2,0,1,2,2,0,0,0,0,3,1,0,1,0,0,0,0,0,0,0,0,0,5,0,55,3,3,3,229.9,0.183,0.147,0.117,,,0.039,,,,,,,,,,,,0.013,0.013,,,,,,,,,,,,,,,,,9.0
RPath,1348,sidewalks,222.468,HMAC,1,2,2,1,2,0,1,0,0,1,2,0,1,2,0,0,0,0,0,0,0,1,2,0,0,0,0,2,0,0,0,0,0,0,1,2,2,0,0,0,0,0,0,5,0,0,0,0,0,0,1,2,2,0,0,0,0,1,0,0,0,0,0,0,1,2,2,1,0,0,1,2,0,1,0,0,1,2,2,0,0,0,0,3,1,0,1,0,0,0,0,0,0,0,0,0,5,0,61,3,3,3,443.7,0.139,0.137,0.007,,0.007,,0.115,,,,,,,,,,,,0.003,0.007,,,,,,,,,,,,,,,,9.0
RPath,1349,sidewalks,289.987,HMAC,1,2,2,1,2,0,1,2,0,1,2,0,1,2,2,0,0,0,0,0,0,1,2,2,0,0,0,2,0,0,0,0,0,0,1,2,0,0,0,0,0,0,0,5,0,0,0,0,1,1,1,2,2,5,0,0,3,1,0,0,0,0,0,0,1,2,2,1,2,2,1,2,0,1,0,0,1,2,2,0,0,0,5,3,1,0,1,0,0,0,0,0,0,0,0,0,5,0,84,5,4,3,580.6,0.233,0.227,,,,,0.222,,,,,,,,,,,,0.010,,,,,,,,,,,,,,,,,12.0
RPath,1531,sidewalks,8.374,CON,1,2,2,1,0,0,1,0,0,0,0,0,1,0,0,1,2,2,0,0,0,0,0,0,0,0,0,2,0,0,0,1,2,2,1,2,2,0,0,0,0,0,0,0,1,2,2,0,1,0,1,2,2,5,5,0,0,0,0,0,0,0,0,0,0,0,0,0,0,0,0,0,0,1,0,0,1,0,0,0,0,0,0,3,1,0,0,0,0,0,0,0,0,0,0,0,5,0,57,3,3,1,10.4,0.000,0.000,,,,,,,,,,,,,,,,,,,,,,,,,,,,,,,,,,3.0
RPath,1545,sidewalks,8.187,CON,1,2,2,1,2,0,1,0,0,0,0,0,0,0,0,0,0,0,0,0,0,0,0,0,5,5,0,0,0,0,0,0,0,0,1,2,2,0,0,0,0,0,0,0,0,0,0,0,1,1,1,2,2,5,5,0,0,0,0,0,0,0,0,0,1,2,0,0,0,0,1,2,0,1,2,0,1,2,2,0,0,0,5,3,1,0,1,0,0,0,0,0,0,0,0,0,5,0,70,4,4,4,10.5,0.285,0.285,,,,,,,,,,,,,,,,,,0.285,,,,,,,,,,,,,,,,16.0
RPath,1609,sidewalks,267.157,CON,1,2,2,1,2,2,1,2,0,0,0,0,0,0,0,0,0,0,0,0,0,0,0,0,0,0,0,2,0,0,0,0,0,0,1,2,0,0,0,0,0,0,0,0,0,0,0,0,0,0,1,2,0,0,0,0,0,1,0,0,0,0,0,0,0,0,0,0,0,0,0,0,0,0,0,0,0,0,0,0,0,0,0,3,1,1,1,0,0,0,0,0,0,0,0,0,5,0,33,2,2,2,267.6,0.078,0.028,,,,0.067,0.011,,,,,,,,,,,,,,,,,,,,,,,,,,,,,4.0
RPath,1558,sidewalks,159.505,CON,1,2,2,1,0,0,1,0,0,0,0,0,0,0,0,0,0,0,0,0,0,0,0,0,0,0,0,2,0,0,0,0,0,0,1,2,0,0,0,0,0,0,0,0,0,0,0,0,1,0,1,2,0,0,0,0,0,1,0,0,0,0,0,0,0,0,0,0,0,0,0,0,0,0,0,0,1,0,0,0,0,0,0,3,1,1,1,0,0,0,0,0,0,0,0,0,5,0,29,2,1,2,161.4,0.093,0.023,,,,0.093,,,,,,,,,,,,,,,,,,,,,,,,,,,,,,2.0
RPath,1559,sidewalks,77.035,CON,1,2,2,1,0,0,1,0,0,0,0,0,0,0,0,0,0,0,0,0,0,0,0,0,0,0,0,2,0,0,0,0,0,0,1,2,0,0,0,0,0,0,0,0,0,0,0,0,1,0,1,2,0,0,0,0,0,1,0,0,0,0,0,0,0,0,0,0,0,0,0,0,0,0,0,0,0,0,0,0,0,0,0,3,1,1,1,0,0,0,0,0,0,0,0,0,5,0,28,2,1,2,79.3,0.113,0.028,,,,0.113,,,,,,,,,,,,,,,,,,,,,,,,,,,,,,2.0
RPath,1560,sidewalks,40.595,CON,1,2,2,1,0,0,1,0,0,0,0,0,0,0,0,0,0,0,0,0,0,0,0,0,0,0,0,2,0,0,0,0,0,0,1,0,0,0,0,0,0,0,0,0,0,0,0,0,1,0,1,2,0,0,0,0,0,1,0,0,0,0,0,0,0,0,0,0,0,0,0,0,0,0,0,0,0,0,0,0,0,0,0,3,1,1,1,0,0,0,0,0,0,0,0,0,5,0,26,1,1,1,45.1,0.000,0.000,,,,,,,,,,,,,,,,,,,,,,,,,,,,,,,,,,1.0
RPath,1561,sidewalks,75.987,CON,1,2,0,1,0,0,1,0,0,0,0,0,0,0,0,0,0,0,0,0,0,0,0,0,0,0,0,2,0,0,0,0,0,0,1,2,0,0,0,0,1,0,0,0,1,0,0,0,1,0,1,2,0,0,0,0,0,1,0,0,0,0,0,0,0,0,0,0,0,0,0,0,0,1,0,0,0,0,0,0,0,0,0,0,1,1,1,0,0,0,0,0,0,0,0,0,5,0,26,1,1,1,76.0,0.020,0.005,,,,0.020,,,,,,,,,,,,,,,,,,,,,,,,,,,,,,1.0
RPath,1563,sidewalks,8.44,CON,1,0,0,0,0,0,0,0,0,1,2,0,0,0,0,1,0,0,0,0,0,0,0,0,5,0,0,2,0,0,0,0,0,0,1,2,2,0,0,0,1,2,2,0,1,0,0,0,1,0,1,2,2,5,0,0,3,1,0,0,0,0,0,0,1,2,2,0,0,0,0,0,0,0,0,0,1,0,0,0,0,0,0,0,1,1,1,0,0,0,0,0,0,0,0,0,5,0,52,3,3,4,12.4,0.361,0.361,,,,,0.361,,,,,,,,,,,,,,,,,,,,,,,,,,,,,12.0
RPath,1564,sidewalks,49.093,CON,1,2,0,0,0,0,0,0,0,0,0,0,0,0,0,0,0,0,0,0,0,0,0,0,0,0,0,2,0,0,0,0,0,0,0,0,0,0,0,0,0,0,0,0,0,0,0,0,0,0,0,0,0,0,0,0,3,0,0,0,0,0,0,0,0,0,0,0,0,0,0,0,0,1,2,2,0,0,0,0,0,0,0,3,1,1,1,0,0,0,0,0,0,0,0,0,0,3,22,1,1,1,47.7,0.000,0.000,,,,,,,,,,,,,,,,,,,,,,,,,,,,,,,,,,1.0
RPath,1565,sidewalks,42.055,CON,1,2,0,0,0,0,0,0,0,0,0,0,0,0,0,0,0,0,0,0,0,0,0,0,0,0,0,2,0,0,0,0,0,0,0,0,0,0,0,0,0,0,0,0,0,0,0,0,0,0,1,0,0,0,0,0,3,1,0,0,0,0,0,0,0,0,0,0,0,0,0,0,0,1,2,2,0,0,0,0,0,0,0,3,1,1,1,0,0,0,0,0,0,0,0,0,0,3,24,1,1,2,41.4,0.036,0.018,,,,,,,,,,,,,,,0.036,,,,,,,,,,,,,,,,,,,2.0
RPath,1566,sidewalks,166.297,CON,1,2,0,0,0,0,0,0,0,0,0,0,0,0,0,0,0,0,0,0,0,0,0,0,0,0,0,2,0,0,0,0,0,0,0,0,0,0,0,0,0,0,0,0,0,0,0,0,0,0,1,0,0,0,0,0,3,1,0,0,0,0,0,0,0,0,0,0,0,0,0,0,0,1,2,2,0,0,0,0,0,0,0,3,1,1,1,0,0,0,0,0,0,0,0,0,5,3,29,2,1,1,167.7,0.000,0.000,,,,,,,,,,,,,,,,,,,,,,,,,,,,,,,,,,1.0
RPath,1567,sidewalks,35.044,CON,1,2,0,0,0,0,0,0,0,0,0,0,0,0,0,0,0,0,0,0,0,0,0,0,0,0,0,2,0,0,0,0,0,0,0,0,0,0,0,0,0,0,0,0,0,0,0,0,0,0,0,0,0,0,0,0,3,0,0,0,0,0,0,0,0,0,0,0,0,0,0,0,0,1,2,2,0,0,0,0,0,0,0,3,1,1,1,0,0,0,0,0,0,0,0,0,0,3,22,1,1,1,40.1,0.000,0.000,,,,,,,,,,,,,,,,,,,,,,,,,,,,,,,,,,1.0
RPath,1568,sidewalks,251.877,CON,1,2,2,0,0,0,0,0,0,0,0,0,0,0,0,0,0,0,0,0,0,0,0,0,0,0,0,2,0,0,0,0,0,0,0,0,0,0,0,0,0,0,0,0,0,0,0,0,0,0,1,0,0,0,0,0,3,1,0,0,0,0,0,0,0,0,0,0,0,0,0,0,0,1,2,2,0,0,0,0,0,0,0,3,1,1,1,0,0,0,0,0,0,0,0,0,0,3,26,1,1,1,254.1,0.018,0.004,,,,0.018,,,,,,,,,,,,,,,,,,,,,,,,,,,,,,1.0
RPath,1569,sidewalks,190.739,CON,1,2,2,0,0,0,0,0,0,0,0,0,0,0,0,0,0,0,0,0,0,0,0,0,0,0,0,2,0,0,0,0,0,0,1,0,0,0,0,0,0,0,0,0,1,0,0,0,0,0,1,0,0,0,0,0,3,1,0,0,0,0,0,0,0,0,0,0,0,0,0,0,0,1,2,0,0,0,0,0,0,0,0,3,1,1,1,0,0,0,0,0,0,0,0,0,5,3,31,2,2,1,189.5,0.016,0.010,,,,0.008,0.008,,,,,,,,,,,,,,,,,,,,,,,,,,,,,2.0
RPath,1570,sidewalks,100.027,CON,1,2,2,1,0,0,0,0,0,0,0,0,0,0,0,0,0,0,0,0,0,0,0,0,0,0,0,2,0,0,0,0,0,0,0,0,0,0,0,0,0,0,0,0,0,0,0,0,0,0,1,2,2,5,5,0,0,1,0,0,0,0,0,0,0,0,0,0,0,0,0,0,0,0,0,0,0,0,0,0,0,0,0,0,1,1,1,0,0,0,0,0,0,0,0,0,5,0,32,2,2,1,103.7,0.014,0.004,,,,0.014,,,,,,,,,,,,,,,,,,,,,,,,,,,,,,2.0
RPath,1571,sidewalks,120.382,CON,1,2,2,1,0,0,0,0,0,0,0,0,0,0,0,0,0,0,0,0,0,0,0,0,0,0,0,2,0,0,0,0,0,0,0,0,0,0,0,0,0,0,0,0,0,0,0,0,0,0,1,2,0,0,0,0,0,1,0,0,0,0,0,0,0,0,0,0,0,0,0,0,0,0,0,0,0,0,0,0,0,0,0,0,1,1,1,0,0,0,0,0,0,0,0,0,5,0,20,1,1,1,124.1,0.000,0.000,,,,,,,,,,,,,,,,,,,,,,,,,,,,,,,,,,1.0
RPath,1573,sidewalks,56.906,CON,1,2,0,1,2,0,0,0,0,0,0,0,1,2,0,0,0,0,0,0,0,0,0,0,5,0,0,0,0,0,0,1,2,2,1,2,0,0,0,0,0,0,0,0,1,2,2,0,1,0,1,2,2,5,5,0,3,0,0,0,0,0,0,0,1,2,0,0,0,0,0,0,0,1,0,0,1,0,0,0,0,0,0,3,1,0,0,0,0,0,0,0,0,0,0,0,5,0,60,3,3,1,57.6,0.000,0.000,,,,,,,,,,,,,,,,,,,,,,,,,,,,,,,,,,3.0
RPath,1574,sidewalks,78.333,CON,1,2,2,1,0,0,0,0,0,0,0,0,1,2,0,0,0,0,0,0,0,1,0,0,5,0,0,0,0,0,0,1,2,2,1,2,2,0,0,0,0,0,0,0,1,2,2,0,1,0,1,2,2,5,5,0,3,1,0,0,0,0,0,0,1,2,0,0,0,0,0,0,0,1,2,0,1,0,0,0,0,0,0,3,1,0,0,0,0,0,0,0,0,0,0,0,5,0,66,4,3,1,76.5,0.000,0.000,,,,,,,,,,,,,,,,,,,,,,,,,,,,,,,,,,3.0
RPath,1575,sidewalks,59.248,CON,1,2,2,1,0,0,0,0,0,0,0,0,1,0,0,0,0,0,0,0,0,1,0,0,5,0,0,0,0,0,0,1,2,2,1,2,2,0,0,0,0,0,0,0,1,2,0,0,1,1,1,2,2,5,0,0,3,1,0,0,0,0,0,0,1,2,0,0,0,0,0,0,0,1,2,0,1,2,0,0,0,0,0,3,1,0,0,0,0,0,0,0,0,0,0,0,5,0,60,3,3,1,61.1,0.025,0.006,,,,0.025,,,,,,,,,,,,,,,,,,,,,,,,,,,,,,3.0
RPath,1577,sidewalks,50.058,CON,1,2,2,0,0,0,0,0,0,0,0,0,0,0,0,1,2,2,0,0,0,0,0,0,5,5,0,0,0,0,0,0,0,0,1,2,2,0,0,0,1,0,0,0,1,2,0,0,1,1,1,2,2,5,5,0,0,1,0,0,0,0,0,0,1,0,0,0,0,0,0,0,0,0,0,0,1,2,2,0,0,0,0,0,1,0,0,0,0,0,0,0,0,0,0,0,5,0,59,3,3,2,48.8,0.123,0.031,,,,0.123,,,,,,,,,,,,,,,,,,,,,,,,,,,,,,6.0
RPath,1578,sidewalks,25.887,CON,1,2,0,1,2,0,0,0,0,0,0,0,1,2,0,1,2,0,0,0,0,0,0,0,5,0,0,2,0,0,0,1,2,2,1,2,0,0,0,0,0,0,0,0,1,2,0,0,1,0,1,2,2,0,0,0,3,1,0,0,0,0,0,0,1,0,0,0,0,0,1,2,0,1,0,0,1,0,0,0,0,0,5,3,1,0,0,1,0,0,0,0,0,0,0,0,5,0,61,3,3,1,27.1,0.000,0.000,,,,,,,,,,,,,,,,,,,,,,,,,,,,,,,,,,3.0
RPath,1579,sidewalks,71.703,CON,1,2,2,0,0,0,0,0,0,1,0,0,1,2,2,1,2,2,0,0,0,0,0,0,5,0,0,0,0,0,0,1,2,2,1,2,0,0,0,0,1,2,2,0,1,0,0,0,1,1,1,2,2,0,5,0,3,0,0,0,0,0,0,0,0,0,0,0,0,0,0,0,0,1,2,0,0,0,0,0,0,0,0,0,1,1,1,1,0,0,0,0,0,0,0,0,5,0,62,3,3,2,63.5,0.071,0.024,,,,0.024,,,,,,,0.024,,,,,,0.024,,,,,,,,,,,,,,,,,6.0
RPath,1580,sidewalks,44.781,CON,1,2,2,0,0,0,0,0,0,0,0,0,0,0,0,0,0,0,0,0,0,0,0,0,0,0,0,0,0,0,0,1,2,0,0,0,0,0,0,0,0,0,0,0,0,0,0,0,1,1,1,2,2,0,5,4,0,1,0,0,0,0,0,0,0,0,0,0,0,0,0,0,0,1,0,0,0,0,0,0,0,0,0,0,1,1,1,0,0,0,0,0,0,0,0,0,5,0,34,2,2,2,48.2,0.031,0.016,,,,,,,,,,,,,,,,,0.031,,,,,,,,,,,,,,,,,4.0
RPath,1581,sidewalks,80.868,CON,1,2,2,0,0,0,0,0,0,0,0,0,0,0,0,0,0,0,0,0,0,0,0,0,5,0,3,0,0,0,0,1,2,2,0,0,0,0,0,0,0,0,0,0,0,0,0,0,1,1,1,2,2,0,5,4,0,0,0,0,0,0,0,0,0,0,0,0,0,0,0,0,0,1,0,0,0,0,0,0,0,0,0,0,1,1,1,0,0,0,0,0,0,0,0,0,5,0,43,2,2,2,82.1,0.037,0.018,,,,,,,,,,,,,,,,,0.037,,,,,,,,,,,,,,,,,4.0
RPath,1582,sidewalks,77.89,CON,1,2,0,0,0,0,0,0,0,0,0,0,1,0,0,0,0,0,0,0,0,0,0,0,5,0,0,0,0,0,0,1,2,2,0,0,0,0,0,0,0,0,0,0,0,0,0,0,1,1,1,2,2,0,5,4,0,0,0,0,0,0,0,0,0,0,0,0,0,0,0,0,0,0,0,0,0,0,0,0,0,0,0,0,1,1,1,1,0,0,0,0,0,1,2,0,5,0,42,2,2,2,78.1,0.038,0.024,,,,0.019,0.019,,,,,,,,,,,,,,,,,,,,,,,,,,,,,4.0
RPath,1583,sidewalks,21.484,CON,1,0,0,0,0,0,0,0,0,0,0,0,1,2,0,0,0,0,0,0,0,0,0,0,5,0,0,0,0,0,0,1,2,2,0,0,0,1,0,0,0,0,0,0,1,2,2,0,1,1,1,2,2,0,5,0,0,1,0,0,0,0,0,0,0,0,0,0,0,0,0,0,0,1,0,0,1,2,2,0,0,0,0,0,1,1,1,0,0,0,0,0,0,0,0,0,5,0,47,3,2,1,43.8,0.000,0.000,,,,,,,,,,,,,,,,,,,,,,,,,,,,,,,,,,2.0
RPath,1584,sidewalks,42.959,CON,1,0,0,0,0,0,0,0,0,0,0,0,1,2,0,0,0,0,0,0,0,0,0,0,5,0,0,0,0,0,0,1,2,2,0,0,0,1,0,0,0,0,0,0,1,2,2,0,1,1,1,2,2,0,5,0,0,0,0,0,0,0,0,0,0,0,0,0,0,0,0,0,0,1,0,0,1,2,2,0,0,0,0,0,1,1,1,0,0,0,0,0,0,0,0,0,5,0,46,3,2,1,93.5,0.032,0.008,,,,0.032,,,,,,,,,,,,,,,,,,,,,,,,,,,,,,2.0
RPath,1586,sidewalks,187.074,CON,1,2,2,1,2,2,0,0,0,0,0,0,1,2,2,0,0,0,0,0,0,0,0,0,0,5,0,0,0,0,0,1,0,0,0,0,0,1,0,0,1,2,0,0,0,0,0,0,1,0,1,2,2,5,5,0,0,1,1,2,0,0,0,0,0,0,0,0,0,0,0,0,0,0,0,0,1,2,2,0,0,0,0,0,1,1,1,0,0,0,1,2,0,0,0,0,5,0,61,3,3,1,191.0,0.016,0.010,,,,0.008,,,,,,,,,,,,0.008,,,,,,,,,,,,,,,,,,3.0
RPath,1587,sidewalks,7.27,CON,1,2,2,1,2,2,0,0,0,0,0,0,1,2,2,0,0,0,0,0,0,0,0,0,0,5,0,0,0,0,0,1,0,0,0,0,0,0,0,0,1,2,0,0,0,0,0,0,0,0,1,2,2,5,5,0,0,1,1,2,0,0,0,0,0,0,0,0,0,0,0,0,0,0,0,0,1,2,2,0,0,0,0,0,1,1,1,0,0,0,1,0,0,0,0,0,5,0,57,3,3,1,8.6,0.000,0.000,,,,,,,,,,,,,,,,,,,,,,,,,,,,,,,,,,3.0
RPath,1588,sidewalks,7.805,CON,1,2,2,1,2,2,0,0,0,0,0,0,1,2,2,0,0,0,0,0,0,0,0,0,0,5,0,0,0,0,0,1,0,0,0,0,0,1,0,0,1,2,0,0,1,0,0,0,0,0,1,2,2,5,5,0,0,1,1,2,0,0,0,0,0,0,0,0,0,0,0,0,0,0,0,0,1,2,2,0,0,0,0,0,1,1,1,0,0,0,1,0,0,0,0,0,5,0,59,3,3,1,8.4,0.000,0.000,,,,,,,,,,,,,,,,,,,,,,,,,,,,,,,,,,3.0
RPath,1589,sidewalks,4.804,CON,1,2,2,1,2,2,0,0,0,0,0,0,1,2,2,0,0,0,0,0,0,0,0,0,0,5,0,0,0,0,0,1,2,0,0,0,0,0,0,0,1,2,0,0,1,0,0,0,0,0,1,2,2,5,5,0,0,1,1,2,0,0,0,0,0,0,0,0,0,0,0,0,0,0,0,0,1,2,2,0,0,0,0,0,1,1,1,0,0,0,1,0,0,0,0,0,5,0,60,3,3,1,4.7,0.000,0.000,,,,,,,,,,,,,,,,,,,,,,,,,,,,,,,,,,3.0
RPath,1590,sidewalks,1.352,CON,1,2,2,1,2,2,0,0,0,0,0,0,1,2,2,0,0,0,0,0,0,0,0,0,0,5,0,0,0,0,0,1,0,0,0,0,0,0,0,0,1,2,0,0,1,0,0,0,0,0,1,2,2,5,5,0,0,1,1,2,0,0,0,0,0,0,0,0,0,0,0,0,0,0,0,0,1,2,2,0,0,0,0,0,1,1,1,0,0,0,1,0,0,0,0,0,5,0,58,3,3,1,1.4,0.000,0.000,,,,,,,,,,,,,,,,,,,,,,,,,,,,,,,,,,3.0
RPath,1591,sidewalks,172.16,CON,1,2,2,1,2,2,0,0,0,0,0,0,1,2,2,0,0,0,0,0,0,0,0,0,5,5,0,0,0,0,0,1,2,0,1,0,0,0,0,0,1,2,2,0,1,2,0,0,1,0,1,2,2,5,5,0,0,1,1,2,0,0,0,0,0,0,0,0,0,0,0,0,0,0,0,0,1,2,2,0,0,0,0,0,1,1,1,0,0,0,1,0,0,0,0,0,5,0,71,4,4,1,171.0,0.018,0.009,,,,,,,,,,,,,,,,,0.018,,,,,,,,,,,,,,,,,4.0
RPath,1592,sidewalks,4.77,CON,1,2,2,1,2,0,0,0,0,0,0,0,1,2,2,0,0,0,0,0,0,0,0,0,0,0,0,0,0,0,0,1,2,2,1,2,0,0,0,0,1,2,2,0,1,2,0,0,1,0,1,2,2,5,5,0,0,0,1,2,0,0,0,0,0,0,0,0,0,0,0,0,0,0,0,0,1,2,0,0,0,0,0,0,1,1,1,0,0,0,0,0,0,0,0,0,0,0,54,3,3,1,3.9,0.000,0.000,,,,,,,,,,,,,,,,,,,,,,,,,,,,,,,,,,3.0
RPath,1593,sidewalks,3.039,CON,1,2,2,1,2,0,0,0,0,0,0,0,1,2,2,0,0,0,0,0,0,0,0,0,0,0,0,0,0,0,0,1,2,2,1,0,0,0,0,0,1,2,2,0,1,2,0,0,1,0,1,2,2,0,5,0,0,0,1,2,0,0,0,0,0,0,0,0,0,0,0,0,0,0,0,0,1,2,0,0,0,0,0,0,1,1,1,0,0,0,0,0,0,0,0,0,0,0,47,3,2,1,2.7,0.000,0.000,,,,,,,,,,,,,,,,,,,,,,,,,,,,,,,,,,2.0
RPath,1594,sidewalks,7.831,CON,1,2,2,1,0,0,0,0,0,0,0,0,1,2,2,0,0,0,0,0,0,0,0,0,0,0,0,0,0,0,0,1,2,2,1,2,0,0,0,0,1,2,2,0,1,2,0,0,1,0,1,2,2,5,5,0,0,0,1,2,0,0,0,0,0,0,0,0,0,0,0,0,0,0,0,0,1,2,0,0,0,0,0,0,1,1,1,0,0,0,0,0,0,0,0,0,0,0,52,3,3,1,7.8,0.000,0.000,,,,,,,,,,,,,,,,,,,,,,,,,,,,,,,,,,3.0
RPath,1595,sidewalks,20.485,CON,1,2,2,1,0,0,0,0,0,0,0,0,1,2,0,0,0,0,0,0,0,0,0,0,5,0,0,0,0,0,0,1,2,2,1,2,0,0,0,0,1,2,2,0,1,2,0,0,1,1,1,2,2,0,5,0,0,0,1,0,0,0,0,0,0,0,0,0,0,0,0,0,0,1,0,0,1,2,0,0,0,0,0,0,1,1,1,0,0,0,0,0,0,0,0,0,5,0,55,3,3,1,20.5,0.000,0.000,,,,,,,,,,,,,,,,,,,,,,,,,,,,,,,,,,3.0
RPath,1596,sidewalks,6.256,CON,1,2,2,1,0,0,0,0,0,0,0,0,1,2,0,0,0,0,0,0,0,0,0,0,5,0,0,0,0,0,0,1,2,2,1,2,0,0,0,0,1,2,2,0,1,2,0,0,1,1,1,2,2,0,5,0,0,0,1,0,0,0,0,0,0,0,0,0,0,0,0,0,0,0,0,0,1,2,0,0,0,0,0,0,1,1,1,0,0,0,0,0,0,0,0,0,5,0,54,3,3,1,11.1,0.000,0.000,,,,,,,,,,,,,,,,,,,,,,,,,,,,,,,,,,3.0
RPath,1597,sidewalks,7.842,CON,1,2,2,1,0,0,0,0,0,0,0,0,1,2,0,1,0,0,0,0,0,0,0,0,5,0,0,0,0,0,0,1,2,2,1,2,0,0,0,0,1,2,2,0,1,2,0,0,1,1,1,2,2,0,5,0,0,0,1,0,0,0,0,0,0,0,0,0,0,0,0,0,0,1,0,0,1,2,0,0,0,0,0,0,1,1,1,0,0,0,0,0,0,0,0,0,5,0,56,3,3,1,12.3,0.000,0.000,,,,,,,,,,,,,,,,,,,,,,,,,,,,,,,,,,3.0
RPath,1598,sidewalks,2.318,CON,1,2,2,1,0,0,0,0,0,0,0,0,1,2,0,1,0,0,0,0,0,0,0,0,5,0,0,0,0,0,0,1,2,2,1,2,0,0,0,0,1,2,2,0,1,2,0,0,1,1,1,2,2,0,5,0,0,0,1,0,0,0,0,0,0,0,0,0,0,0,0,0,0,0,0,0,1,2,0,0,0,0,0,0,1,1,1,0,0,0,0,0,0,0,0,0,5,0,55,3,3,1,3.4,0.000,0.000,,,,,,,,,,,,,,,,,,,,,,,,,,,,,,,,,,3.0
RPath,1599,sidewalks,1.576,CON,1,2,2,1,0,0,0,0,0,0,0,0,1,2,0,1,0,0,0,0,0,0,0,0,5,0,0,0,0,0,0,1,2,2,1,2,0,0,0,0,1,2,2,0,1,2,0,0,1,1,1,2,2,0,5,0,0,0,1,0,0,0,0,0,0,0,0,0,0,0,0,0,0,0,0,0,1,2,0,0,0,0,0,0,1,1,1,0,0,0,0,0,0,0,0,0,5,0,55,3,3,1,2.0,0.000,0.000,,,,,,,,,,,,,,,,,,,,,,,,,,,,,,,,,,3.0
RPath,1025,sidewalks,86.49,CON,1,2,0,1,2,0,1,2,0,0,0,0,1,2,2,1,2,2,0,0,0,0,0,0,0,5,0,2,0,0,0,0,0,0,1,0,0,0,0,0,0,0,0,0,0,0,0,0,1,1,1,2,2,0,0,0,3,1,0,0,0,0,0,0,0,0,0,0,0,0,0,0,0,1,0,0,1,2,0,0,0,0,5,3,1,0,0,0,0,0,0,0,0,0,0,0,5,0,56,3,3,2,86.5,0.017,0.017,,,,,0.017,,,,,,,,,,,,,,,,,,,,,,,,,,,,,6.0
RPath,1600,sidewalks,82.847,CON,1,2,2,1,2,0,1,0,0,0,0,0,1,2,2,1,2,2,0,0,0,0,0,0,0,5,0,2,0,0,0,0,0,0,1,0,0,0,0,0,0,0,0,0,0,0,0,0,1,1,1,2,2,0,0,0,3,1,0,0,0,0,0,0,0,0,0,0,0,0,0,0,0,1,2,0,1,2,0,0,0,0,0,3,1,0,0,0,0,0,0,0,0,0,0,0,5,0,53,3,3,1,82.8,0.000,0.000,,,,,,,,,,,,,,,,,,,,,,,,,,,,,,,,,,3.0
RPath,1610,sidewalks,116.675,CON,1,2,2,1,2,2,1,2,2,0,0,0,0,0,0,0,0,0,0,0,0,0,0,0,0,5,0,2,0,0,0,0,0,0,1,0,0,0,0,0,0,0,0,0,0,0,0,0,0,0,1,0,0,0,0,0,3,1,0,0,0,0,0,0,0,0,0,0,0,0,0,0,0,0,0,0,0,0,0,0,0,0,0,3,1,1,1,0,0,0,0,0,0,0,0,0,5,0,39,2,2,2,121.3,0.012,0.012,,,,,0.012,,,,,,,,,,,,,,,,,,,,,,,,,,,,,4.0
RPath,1611,sidewalks,81.707,CON,1,2,2,1,2,0,1,2,0,0,0,0,0,0,0,0,0,0,0,0,0,0,0,0,0,5,0,2,0,0,0,0,0,0,1,0,0,0,0,0,0,0,0,0,0,0,0,0,0,0,1,0,0,0,0,0,0,1,0,0,0,0,0,0,0,0,0,0,0,0,0,0,0,0,0,0,0,0,0,0,0,0,0,3,1,1,1,0,0,0,0,0,0,0,0,0,5,0,32,2,2,1,86.4,0.017,0.004,,,,0.017,,,,,,,,,,,,,,,,,,,,,,,,,,,,,,2.0
RPath,1557,sidewalks,59.933,CON,1,2,2,1,2,0,1,0,0,0,0,0,0,0,0,0,0,0,0,0,0,0,0,0,0,0,0,2,0,0,0,0,0,0,1,2,0,0,0,0,0,0,0,0,0,0,0,0,1,0,1,0,0,0,0,0,0,1,0,0,0,0,0,0,0,0,0,0,0,0,0,0,0,0,0,0,1,0,0,0,0,0,0,3,1,1,1,0,0,0,0,0,0,0,0,0,5,0,29,2,1,1,62.3,0.024,0.006,,,,0.024,,,,,,,,,,,,,,,,,,,,,,,,,,,,,,1.0
RPath,1612,sidewalks,147.288,CON,1,0,0,1,0,0,1,0,0,1,2,0,1,0,0,1,2,0,0,0,0,0,0,0,5,0,0,0,0,0,0,1,2,2,1,2,2,0,0,0,1,2,2,0,1,2,0,0,1,0,1,2,0,0,5,0,0,1,0,0,0,0,0,0,0,0,0,0,0,0,1,0,0,1,2,0,1,2,0,0,0,0,0,0,1,1,1,1,2,0,0,0,0,0,0,0,5,0,61,3,3,2,147.3,0.275,0.071,,,,0.102,,,,,,,,,0.163,,,,0.010,,,,,,,,,,,,,,,,,6.0
RPath,1613,sidewalks,72.351,CON,1,2,2,0,0,0,0,0,0,0,0,0,1,2,0,0,0,0,0,0,0,0,0,0,5,0,0,2,0,0,0,1,2,2,1,0,0,0,0,0,1,2,2,0,1,2,0,0,0,0,1,2,2,0,0,4,0,1,0,0,0,0,0,0,0,0,0,0,0,0,0,0,0,0,0,0,0,0,0,0,0,0,0,3,1,1,1,1,0,0,0,0,0,0,0,0,5,0,51,3,3,2,74.3,0.121,0.076,,,,0.061,0.061,,,,,,,,,,,,,,,,,,,,,,,,,,,,,6.0
RPath,1614,sidewalks,75.136,CON,1,2,0,1,0,0,0,0,0,0,0,0,1,2,0,0,0,0,0,0,0,0,0,0,5,0,0,0,0,0,0,1,2,2,1,2,2,0,0,0,0,0,0,0,1,2,2,0,1,0,1,2,2,5,5,0,3,0,0,0,0,0,0,0,1,2,0,0,0,0,0,0,0,1,0,0,1,0,0,0,0,0,0,3,1,0,0,0,0,0,0,0,0,0,0,0,5,0,60,3,3,1,54.4,0.000,0.000,,,,,,,,,,,,,,,,,,,,,,,,,,,,,,,,,,3.0
RPath,1615,sidewalks,49.654,CON,1,2,2,1,0,0,0,0,0,0,0,0,1,2,0,0,0,0,0,0,0,1,0,0,5,0,0,0,0,0,0,1,2,2,1,2,2,0,0,0,0,0,0,0,1,2,2,0,1,0,1,2,2,5,5,0,3,0,0,0,0,0,0,0,1,2,0,0,0,0,0,0,0,1,2,0,1,0,0,0,0,0,0,3,1,0,0,0,0,0,0,0,0,0,0,0,5,0,65,4,3,1,49.7,0.000,0.000,,,,,,,,,,,,,,,,,,,,,,,,,,,,,,,,,,3.0
RPath,1616,sidewalks,172.379,CON,1,2,2,1,0,0,1,0,0,0,0,0,0,0,0,0,0,0,0,0,0,0,0,0,0,5,0,2,0,0,0,0,0,0,0,0,0,0,0,0,0,0,0,0,0,0,0,0,1,0,1,2,0,0,0,0,3,0,0,0,0,0,0,0,0,0,0,0,0,0,0,0,0,1,2,2,1,2,0,0,0,0,0,0,1,1,1,0,0,0,0,0,0,0,0,0,5,0,37,2,2,3,174.5,0.120,0.120,,,0.009,,0.009,,,,,,,,,0.103,,,,,,,,,,,,,,,,,,,,6.0
RPath,1617,sidewalks,271.536,CON,1,2,2,0,0,0,0,0,0,0,0,0,0,0,0,0,0,0,0,0,0,0,0,0,0,0,0,2,0,0,0,0,0,0,0,0,0,0,0,0,0,0,0,0,0,0,0,0,0,0,1,2,2,0,0,0,0,1,0,0,0,0,0,0,0,0,0,0,0,0,0,0,0,1,2,2,1,0,0,0,0,0,0,0,1,1,1,0,0,0,0,0,0,0,0,0,5,0,27,1,1,1,276.3,0.000,0.000,,,,,,,,,,,,,,,,,,,,,,,,,,,,,,,,,,1.0
RPath,1618,sidewalks,41.141,CON,1,2,0,0,0,0,0,0,0,0,0,0,0,0,0,0,0,0,0,0,0,0,0,0,0,0,0,2,0,0,0,0,0,0,0,0,0,0,0,0,0,0,0,0,0,0,0,0,0,0,1,2,0,0,0,0,0,1,0,0,0,0,0,0,0,0,0,0,0,0,0,0,0,1,2,2,0,0,0,0,0,0,0,0,1,1,1,0,0,0,0,0,0,0,0,0,5,0,22,1,1,1,48.2,0.000,0.000,,,,,,,,,,,,,,,,,,,,,,,,,,,,,,,,,,1.0
RPath,1619,sidewalks,99.792,CON,1,2,0,0,0,0,0,0,0,0,0,0,0,0,0,0,0,0,0,0,0,0,0,0,0,0,0,2,0,0,0,0,0,0,0,0,0,0,0,0,0,0,0,0,0,0,0,0,0,0,1,0,0,0,0,0,0,1,0,0,0,0,0,0,0,0,0,0,0,0,0,0,0,1,2,0,0,0,0,0,0,0,0,0,1,1,1,0,0,0,0,0,0,0,0,0,0,3,16,1,1,2,101.4,0.074,0.018,,,,0.074,,,,,,,,,,,,,,,,,,,,,,,,,,,,,,2.0
RPath,1620,sidewalks,89.946,CON,1,2,0,0,0,0,0,0,0,0,0,0,0,0,0,0,0,0,0,0,0,0,0,0,0,0,0,2,0,0,0,0,0,0,0,0,0,0,0,0,0,0,0,0,0,0,0,0,0,0,0,0,0,0,0,0,3,0,0,0,0,0,0,0,0,0,0,0,0,0,0,0,0,1,2,2,0,0,0,0,0,0,0,0,1,1,1,0,0,0,0,0,0,0,0,0,0,3,19,1,1,2,92.1,0.081,0.045,,,,0.049,0.033,,,,,,,,,,,,,,,,,,,,,,,,,,,,,2.0
RPath,1621,sidewalks,70.659,CON,0,0,0,0,0,0,0,0,0,0,0,0,1,2,2,0,0,0,1,2,2,0,0,0,0,0,3,0,0,0,0,1,0,0,0,0,0,0,0,0,0,0,0,0,0,0,0,0,1,0,1,2,0,0,0,0,3,1,0,0,0,0,0,0,0,0,0,0,0,0,0,0,0,1,0,0,1,2,2,0,0,0,0,0,1,1,1,0,0,0,0,0,0,0,0,0,5,0,36,2,2,,,,,,,,,,,,,,,,,,,,,,,,,,,,,,,,,,,,,,
RPath,1622,sidewalks,41.092,CON,1,2,0,1,0,0,0,0,0,0,0,0,1,2,0,1,2,0,0,0,0,0,0,0,5,0,0,2,0,0,0,1,2,2,1,2,2,0,0,0,0,0,0,0,1,2,2,0,1,1,1,2,2,0,0,0,3,0,0,0,0,0,0,0,1,0,0,0,0,0,1,2,0,1,2,0,1,2,0,0,0,0,0,3,1,0,0,1,0,0,0,0,0,0,0,0,5,0,62,3,3,,,,,,,,,,,,,,,,,,,,,,,,,,,,,,,,,,,,,,
RPath,1623,sidewalks,74.203,CON,1,2,0,1,2,0,1,2,0,0,0,0,0,0,0,0,0,0,0,0,0,0,0,0,0,0,0,2,0,0,0,0,0,0,1,0,0,0,0,0,0,0,0,0,0,0,0,0,0,0,1,2,0,0,0,0,0,1,0,0,0,0,0,0,0,0,0,0,0,0,0,0,0,0,0,0,0,0,0,0,0,0,0,3,1,1,1,0,0,0,0,0,0,0,0,0,5,0,27,1,1,,,,,,,,,,,,,,,,,,,,,,,,,,,,,,,,,,,,,,
RPath,1624,sidewalks,110.282,CON,1,2,2,1,2,0,1,2,0,0,0,0,0,0,0,0,0,0,0,0,0,0,0,0,0,0,0,2,0,0,0,0,0,0,1,0,0,0,0,0,0,0,0,0,0,0,0,0,0,0,1,0,0,0,0,0,0,1,0,0,0,0,0,0,0,0,0,0,0,0,0,0,0,0,0,0,0,0,0,0,0,0,0,3,1,1,1,0,0,0,0,0,0,0,0,0,5,0,27,1,1,,,,,,,,,,,,,,,,,,,,,,,,,,,,,,,,,,,,,,
RPath,1625,sidewalks,38.336,CON,0,0,0,0,0,0,0,0,0,0,0,0,0,0,0,0,0,0,0,0,0,0,0,0,0,0,3,0,0,0,0,0,0,0,0,0,0,0,0,0,0,0,0,0,1,2,0,0,0,0,1,2,2,0,0,4,0,0,0,0,0,0,0,0,0,0,0,0,0,0,0,0,0,0,0,0,0,0,0,0,0,0,0,0,1,1,1,0,0,0,0,0,0,0,0,0,5,0,23,1,1,,,,,,,,,,,,,,,,,,,,,,,,,,,,,,,,,,,,,,
RPath,1633,sidewalks,63.837,CON,1,2,2,0,0,0,0,0,0,0,0,0,1,2,2,1,2,2,0,0,0,1,2,2,0,5,0,0,0,0,0,1,0,0,1,2,2,0,0,0,1,0,0,5,1,2,0,0,1,1,1,2,2,5,5,0,0,1,1,0,0,1,0,0,0,0,0,1,0,0,0,0,0,1,2,2,1,2,2,0,0,0,0,3,1,0,1,0,0,0,0,0,0,0,0,0,5,0,81,4,4,,,,,,,,,,,,,,,,,,,,,,,,,,,,,,,,,,,,,,
RPath,1634,sidewalks,39.777,CON,1,2,0,0,0,0,0,0,0,0,0,0,1,2,2,1,2,0,0,0,0,1,2,2,0,5,0,2,0,0,0,0,0,0,1,2,2,0,0,0,1,0,0,5,1,2,0,0,1,1,1,2,2,5,5,0,0,1,0,0,0,1,0,0,0,0,0,1,0,0,0,0,0,1,2,2,1,2,2,0,0,0,0,3,1,0,1,0,0,0,0,0,0,0,0,0,5,0,77,4,4,,,,,,,,,,,,,,,,,,,,,,,,,,,,,,,,,,,,,,
RPath,1635,sidewalks,29.927,CON,1,2,0,0,0,0,0,0,0,0,0,0,1,2,2,1,2,0,0,0,0,1,2,2,0,5,0,2,0,0,0,0,0,0,1,2,2,0,0,0,1,0,0,5,1,2,0,0,1,1,1,2,2,0,0,0,0,1,0,0,0,0,0,0,0,0,0,1,0,0,0,0,0,1,2,2,1,2,2,0,0,0,0,3,1,0,1,0,0,0,0,0,0,0,0,0,5,0,66,4,3,,,,,,,,,,,,,,,,,,,,,,,,,,,,,,,,,,,,,,
RPath,1636,sidewalks,175.276,CON,1,2,2,1,0,0,1,0,0,1,0,0,0,0,0,0,0,0,0,0,0,0,0,0,0,0,0,2,0,0,0,0,0,0,1,0,0,0,0,0,1,2,0,0,1,0,0,0,1,0,1,2,0,0,0,0,0,1,0,0,0,0,0,0,0,0,0,0,0,0,0,0,0,1,0,0,0,0,0,0,0,0,0,0,1,1,1,0,0,0,0,0,0,0,0,0,5,0,29,2,1,,,,,,,,,,,,,,,,,,,,,,,,,,,,,,,,,,,,,,
RPath,1637,sidewalks,42.948,CON,1,2,2,0,0,0,0,0,0,1,0,0,0,0,0,0,0,0,0,0,0,0,0,0,0,0,0,2,0,0,0,0,0,0,1,0,0,0,0,0,1,2,0,0,1,0,0,0,1,0,1,2,0,0,0,0,0,1,0,0,0,0,0,0,0,0,0,0,0,0,0,0,0,0,0,0,0,0,0,0,0,0,0,0,1,1,1,0,0,0,0,0,0,0,0,0,5,0,26,1,1,,,,,,,,,,,,,,,,,,,,,,,,,,,,,,,,,,,,,,
RPath,1638,sidewalks,41.398,CON,1,2,2,1,0,0,1,0,0,1,0,0,0,0,0,0,0,0,0,0,0,0,0,0,0,0,0,2,0,0,0,0,0,0,1,0,0,0,0,0,1,2,0,0,1,2,0,0,1,0,1,2,0,0,0,0,0,1,0,0,0,0,0,0,0,0,0,0,0,0,0,0,0,1,0,0,0,0,0,0,0,0,0,0,1,1,1,0,0,0,0,0,0,0,0,0,5,0,31,2,2,,,,,,,,,,,,,,,,,,,,,,,,,,,,,,,,,,,,,,
RPath,1639,sidewalks,11.933,CON,1,2,0,0,0,0,0,0,0,0,0,0,1,0,0,0,0,0,0,0,0,0,0,0,0,5,0,0,0,0,0,1,2,2,1,0,0,1,2,0,1,2,2,0,1,0,0,0,0,0,1,2,0,0,0,4,0,0,0,0,0,0,0,0,0,0,0,0,0,0,0,0,0,0,0,0,0,0,0,0,0,0,0,0,1,1,1,0,0,0,0,0,0,0,0,0,5,0,39,2,2,,,,,,,,,,,,,,,,,,,,,,,,,,,,,,,,,,,,,,
RPath,1640,sidewalks,5.027,CON,1,2,0,0,0,0,0,0,0,0,0,0,1,0,0,0,0,0,0,0,0,0,0,0,0,5,0,0,0,0,0,1,2,2,1,2,0,1,2,0,1,2,2,0,1,0,0,0,0,0,1,2,0,0,0,4,0,0,0,0,0,0,0,0,0,0,0,0,0,0,0,0,0,0,0,0,0,0,0,0,0,0,0,0,1,1,1,0,0,0,0,0,0,0,0,0,5,0,41,2,2,,,,,,,,,,,,,,,,,,,,,,,,,,,,,,,,,,,,,,
RPath,536,sidewalks,55.674,CON,1,2,0,0,0,0,0,0,0,1,2,0,1,0,0,0,0,0,0,0,0,1,0,0,5,0,0,0,1,2,2,1,2,0,1,2,0,0,0,0,1,2,2,5,1,2,0,0,1,1,1,2,2,0,0,0,0,1,1,0,0,0,0,0,1,2,0,0,0,0,0,0,0,1,0,0,1,0,0,0,0,0,0,3,1,1,1,1,2,0,0,0,0,0,0,0,5,0,65,4,3,4,110.0,0.314,0.300,0.123,,,,0.164,,,,,,,,,,0.014,,0.014,,,,,,,,,,,,,,,,,12.0
RPath,1642,sidewalks,50.774,CON,1,2,0,0,0,0,0,0,0,1,2,0,1,0,0,0,0,0,0,0,0,0,0,0,5,0,0,0,1,2,2,1,2,0,1,2,0,0,0,0,1,2,0,0,1,2,0,0,1,1,1,2,2,0,5,0,3,0,1,0,0,0,0,0,1,2,0,0,0,0,0,0,0,1,0,0,1,0,0,0,0,0,0,0,1,1,1,1,2,0,0,0,0,0,0,0,5,0,61,3,3,,,,,,,,,,,,,,,,,,,,,,,,,,,,,,,,,,,,,,
RPath,1643,sidewalks,71.089,CON,1,2,0,0,0,0,0,0,0,1,2,0,0,0,0,0,0,0,0,0,0,0,0,0,5,0,0,0,1,2,2,1,2,0,1,2,0,0,0,0,1,2,0,0,1,2,0,0,1,1,1,2,2,0,5,0,3,1,1,0,0,0,0,0,1,2,0,0,0,0,0,0,0,1,0,0,1,0,0,0,0,0,0,0,1,1,1,1,2,0,0,0,0,0,0,0,5,0,61,3,3,,,,,,,,,,,,,,,,,,,,,,,,,,,,,,,,,,,,,,
RPath,1644,sidewalks,51.597,CON,1,2,0,0,0,0,0,0,0,1,2,0,1,0,0,0,0,0,0,0,0,0,0,0,5,0,0,0,1,2,2,1,2,0,1,2,0,0,0,0,1,2,2,0,1,2,0,0,1,1,1,2,2,0,5,0,0,1,1,0,0,0,0,0,1,2,0,0,0,0,0,0,0,1,0,0,1,0,0,0,0,0,0,0,1,1,1,1,2,0,0,0,0,0,0,0,5,0,61,3,3,,,,,,,,,,,,,,,,,,,,,,,,,,,,,,,,,,,,,,
RPath,1853,sidewalks,41.19,HMAC,1,2,2,1,2,0,1,2,0,0,0,0,1,2,0,1,2,0,0,0,0,0,0,0,5,0,0,2,0,0,0,1,2,2,1,2,2,0,0,0,0,0,0,5,1,2,2,0,0,0,1,2,2,0,5,0,0,1,0,0,0,0,0,0,1,0,0,0,0,0,0,0,0,1,0,0,1,0,0,0,0,0,5,3,1,0,0,0,0,0,0,0,0,0,0,0,5,0,72,4,4,,,,,,,,,,,,,,,,,,,,,,,,,,,,,,,,,,,,,,
RPath,1645,sidewalks,71.343,CON,1,2,2,1,2,0,1,0,0,0,0,0,1,2,0,1,2,0,0,0,0,0,0,0,5,0,0,2,0,0,0,1,2,2,1,2,2,0,0,0,0,0,0,0,1,2,2,0,1,0,1,2,2,0,5,0,3,0,0,0,0,0,0,0,1,0,0,0,0,0,0,0,0,1,0,0,1,0,0,0,0,0,0,3,1,0,0,0,0,0,0,0,0,0,0,0,5,0,63,3,3,,,,,,,,,,,,,,,,,,,,,,,,,,,,,,,,,,,,,,
RPath,586,sidewalks,43.002,CON,1,2,2,1,2,0,1,0,0,0,0,0,1,2,0,1,2,0,0,0,0,0,0,0,5,0,0,2,0,0,0,1,2,2,1,2,2,0,0,0,0,0,0,5,1,2,2,0,1,0,1,2,2,0,5,0,3,0,0,0,0,0,0,0,1,0,0,0,0,0,0,0,0,1,0,0,1,0,0,0,0,0,0,3,1,0,0,0,0,0,0,0,0,0,0,0,5,0,68,4,4,2,83.2,0.036,0.027,,,,,0.018,,,,,,,,,,,,0.018,,,,,,,,,,,,,,,,,8.0
RPath,1648,sidewalks,76.983,CON,1,2,2,1,2,0,0,0,0,0,0,0,1,2,0,0,0,0,0,0,0,0,0,0,0,5,0,2,0,0,0,0,0,0,1,2,2,1,2,2,1,2,2,0,1,2,0,0,0,0,0,0,0,0,0,4,0,0,1,2,2,0,0,0,0,0,0,0,0,0,0,0,0,0,0,0,0,0,0,0,0,0,0,0,1,1,1,1,2,2,0,0,0,0,0,0,5,0,58,3,3,,,,,,,,,,,,,,,,,,,,,,,,,,,,,,,,,,,,,,
RPath,1649,sidewalks,75.632,CON,1,2,2,1,2,0,0,0,0,0,0,0,1,2,0,0,0,0,0,0,0,0,0,0,0,5,0,2,0,0,0,0,0,0,1,2,2,1,2,2,1,2,2,0,1,2,0,0,0,0,0,0,0,0,0,4,0,0,1,2,0,0,0,0,0,0,0,0,0,0,0,0,0,0,0,0,0,0,0,0,0,0,0,0,1,1,1,1,2,0,0,0,0,0,0,0,5,0,54,3,3,,,,,,,,,,,,,,,,,,,,,,,,,,,,,,,,,,,,,,
RPath,1650,sidewalks,177.156,CON,1,2,2,1,2,0,0,0,0,0,0,0,1,2,0,0,0,0,0,0,0,0,0,0,0,5,0,2,0,0,0,0,0,0,1,2,2,1,2,2,1,2,2,0,1,2,0,0,0,0,0,0,0,0,0,4,0,0,1,2,0,0,0,0,0,0,0,0,0,0,0,0,0,0,0,0,0,0,0,0,0,0,0,0,1,1,1,1,2,0,0,0,0,0,0,0,5,0,54,3,3,,,,,,,,,,,,,,,,,,,,,,,,,,,,,,,,,,,,,,
RPath,1651,sidewalks,238.777,CON,1,2,0,1,0,0,0,0,0,0,0,0,1,0,0,0,0,0,0,0,0,0,0,0,0,5,0,0,0,0,0,1,2,0,1,2,2,1,2,0,1,2,2,0,1,0,0,0,0,0,1,0,0,0,0,4,0,0,1,2,0,0,0,0,0,0,0,0,0,0,0,0,0,0,0,0,0,0,0,0,0,0,0,0,1,1,1,1,2,0,0,0,0,0,0,0,5,0,46,3,2,,,,,,,,,,,,,,,,,,,,,,,,,,,,,,,,,,,,,,
RPath,1652,sidewalks,171.742,CON,0,0,0,0,0,0,0,0,0,0,0,0,0,0,0,0,0,0,0,0,0,0,0,0,0,0,3,0,0,0,0,1,2,2,0,0,0,0,0,0,0,0,0,0,1,2,2,0,0,0,1,2,2,5,5,0,0,1,0,0,0,0,0,0,0,0,0,0,0,0,0,0,0,0,0,0,0,0,0,0,0,0,0,0,1,1,1,0,0,0,0,0,0,0,0,0,0,3,35,2,2,,,,,,,,,,,,,,,,,,,,,,,,,,,,,,,,,,,,,,
RPath,1653,sidewalks,162.596,CON,0,0,0,0,0,0,0,0,0,0,0,0,0,0,0,0,0,0,0,0,0,0,0,0,0,0,3,0,0,0,0,1,2,2,0,0,0,0,0,0,0,0,0,0,1,2,0,0,0,0,1,2,2,5,5,0,0,1,0,0,0,0,0,0,0,0,0,0,0,0,0,0,0,0,0,0,0,0,0,0,0,0,0,0,1,1,1,0,0,0,0,0,0,0,0,0,0,3,33,2,2,,,,,,,,,,,,,,,,,,,,,,,,,,,,,,,,,,,,,,
RPath,1654,sidewalks,13.901,CON,0,0,0,0,0,0,0,0,0,0,0,0,0,0,0,0,0,0,0,0,0,0,0,0,0,0,3,0,0,0,0,1,2,2,0,0,0,0,0,0,0,0,0,0,1,0,0,0,0,0,1,2,2,5,5,0,0,1,0,0,0,0,0,0,0,0,0,0,0,0,0,0,0,0,0,0,0,0,0,0,0,0,0,0,1,1,1,0,0,0,0,0,0,0,0,0,0,3,31,2,2,,,,,,,,,,,,,,,,,,,,,,,,,,,,,,,,,,,,,,
RPath,1657,sidewalks,58.97,CON,1,2,0,1,2,0,1,0,0,0,0,0,1,2,2,1,0,0,0,0,0,0,0,0,0,5,0,2,0,0,0,1,2,0,1,2,2,1,2,0,0,0,0,0,0,0,0,0,1,1,1,2,2,0,0,0,3,0,0,0,0,0,0,0,0,0,0,0,0,0,1,0,0,1,2,0,1,2,0,0,0,0,5,0,1,1,1,0,0,0,0,0,0,0,0,0,5,0,61,3,3,,,,,,,,,,,,,,,,,,,,,,,,,,,,,,,,,,,,,,
RPath,1658,sidewalks,176.615,CON,1,2,2,1,2,0,1,2,0,0,0,0,1,2,0,0,0,0,0,0,0,0,0,0,0,5,0,2,0,0,0,1,0,0,1,2,2,0,0,0,0,0,0,0,0,0,0,0,1,1,1,2,2,0,5,0,0,1,0,0,0,0,0,0,1,2,0,0,0,0,1,2,0,1,2,0,1,2,0,0,0,0,5,0,0,0,1,0,0,0,0,0,0,0,0,0,5,0,63,3,3,,,,,,,,,,,,,,,,,,,,,,,,,,,,,,,,,,,,,,
RPath,1660,sidewalks,89.97,HMAC,1,2,0,1,0,0,1,2,0,1,2,0,1,2,0,0,0,0,0,0,0,0,0,0,5,0,0,0,0,0,0,0,0,0,1,2,2,0,0,0,0,0,0,0,1,2,2,0,0,0,1,2,2,0,5,0,0,1,0,0,0,0,0,0,0,0,0,0,0,0,0,0,0,1,2,0,1,0,0,0,0,0,0,3,1,1,1,1,0,0,0,0,0,0,0,0,5,0,55,3,3,,,,,,,,,,,,,,,,,,,,,,,,,,,,,,,,,,,,,,
RPath,1661,sidewalks,49.769,HMAC,1,0,0,1,0,0,0,0,0,0,0,0,1,2,2,0,0,0,1,2,2,0,0,0,0,0,0,2,0,0,0,1,2,0,0,0,0,0,0,0,0,0,0,0,1,2,2,0,1,0,1,2,2,0,5,0,3,0,1,0,0,0,0,0,0,0,0,0,0,0,0,0,0,1,2,0,1,2,0,0,0,0,0,3,1,1,1,0,0,0,1,0,0,0,0,0,5,0,55,3,3,,,,,,,,,,,,,,,,,,,,,,,,,,,,,,,,,,,,,,
RPath,1662,sidewalks,184.225,CON,1,2,2,1,2,0,0,0,0,0,0,0,1,2,2,0,0,0,1,2,2,0,0,0,0,5,0,2,0,0,0,1,2,0,0,0,0,0,0,0,0,0,0,0,1,2,0,0,1,0,1,2,2,0,0,0,3,1,1,0,0,0,0,0,1,0,0,0,0,0,0,0,0,1,2,0,1,2,2,0,0,0,0,3,1,0,0,0,0,0,1,2,0,0,0,0,5,0,63,3,3,,,,,,,,,,,,,,,,,,,,,,,,,,,,,,,,,,,,,,
RPath,1663,sidewalks,37.679,CON,1,2,0,0,0,0,0,0,0,0,0,0,1,2,2,1,2,0,1,2,2,0,0,0,5,0,0,2,0,0,0,1,2,2,1,0,0,0,0,0,0,0,0,0,1,0,0,0,0,0,1,0,0,0,5,0,3,1,0,0,0,0,0,0,1,2,2,0,0,0,0,0,0,1,0,0,1,0,0,0,0,0,0,3,1,0,0,0,0,0,0,0,0,0,0,0,5,0,56,3,3,,,,,,,,,,,,,,,,,,,,,,,,,,,,,,,,,,,,,,
RPath,1664,sidewalks,36.935,CON,1,2,0,0,0,0,0,0,0,0,0,0,1,2,2,1,0,0,1,2,2,0,0,0,5,0,0,2,0,0,0,1,2,2,1,0,0,0,0,0,0,0,0,0,1,0,0,0,0,0,1,2,0,0,0,0,3,1,0,0,0,0,0,0,1,2,0,0,0,0,0,0,0,1,0,0,1,2,0,0,0,0,0,3,1,0,0,0,0,0,0,0,0,0,0,0,5,0,51,3,3,,,,,,,,,,,,,,,,,,,,,,,,,,,,,,,,,,,,,,
RPath,1665,sidewalks,43.582,HMAC,1,0,0,0,0,0,0,0,0,0,0,0,1,2,2,1,2,0,1,2,2,0,0,0,0,5,0,0,0,0,0,1,2,2,1,2,0,0,0,0,0,0,0,0,1,0,0,0,1,0,1,2,0,0,5,0,3,0,0,0,0,0,0,0,1,2,0,0,0,0,0,0,0,1,0,0,1,0,0,0,0,0,0,0,1,1,1,0,0,0,0,0,0,0,0,0,5,0,53,3,3,,,,,,,,,,,,,,,,,,,,,,,,,,,,,,,,,,,,,,
RPath,1666,sidewalks,79.197,CON,1,2,0,0,0,0,0,0,0,0,0,0,1,2,0,0,0,0,0,0,0,0,0,0,0,0,0,2,0,0,0,1,0,0,1,2,2,0,0,0,0,0,0,0,1,2,0,0,1,1,1,2,2,5,0,0,0,1,0,0,0,0,0,0,0,0,0,0,0,0,0,0,0,1,2,0,1,0,0,0,0,0,5,0,1,1,1,0,0,0,0,0,0,1,2,0,5,0,50,3,3,,,,,,,,,,,,,,,,,,,,,,,,,,,,,,,,,,,,,,
RPath,1667,sidewalks,75.512,CON,1,2,0,0,0,0,0,0,0,0,0,0,1,2,0,0,0,0,0,0,0,0,0,0,0,0,0,2,0,0,0,1,0,0,1,2,2,0,0,0,0,0,0,0,1,2,0,0,1,1,1,2,2,5,0,0,0,1,0,0,0,0,0,0,0,0,0,0,0,0,0,0,0,1,2,0,1,2,0,0,0,0,5,3,1,1,1,0,0,0,0,0,0,1,2,0,5,0,55,3,3,,,,,,,,,,,,,,,,,,,,,,,,,,,,,,,,,,,,,,
RPath,1668,sidewalks,81.034,CON,1,2,0,0,0,0,0,0,0,0,0,0,1,0,0,0,0,0,0,0,0,0,0,0,0,0,0,2,0,0,0,1,0,0,1,2,2,0,0,0,0,0,0,0,1,2,0,0,1,0,1,2,2,5,0,0,0,1,0,0,0,0,0,0,0,0,0,0,0,0,0,0,0,1,2,0,1,2,0,0,0,0,5,3,1,1,1,0,0,0,0,0,0,1,2,0,5,0,52,3,3,,,,,,,,,,,,,,,,,,,,,,,,,,,,,,,,,,,,,,
RPath,1669,sidewalks,24.946,CON,1,2,0,1,0,0,1,0,0,1,2,0,1,2,0,1,2,0,0,0,0,0,0,0,5,0,0,0,0,0,0,1,2,2,1,2,2,0,0,0,1,2,2,0,1,2,2,0,1,1,1,2,2,0,5,0,0,1,0,0,0,0,0,0,0,0,0,0,0,0,0,0,0,1,2,0,1,2,0,0,0,0,0,0,1,1,1,1,2,0,0,0,0,0,0,0,5,0,69,4,4,,,,,,,,,,,,,,,,,,,,,,,,,,,,,,,,,,,,,,
RPath,1670,sidewalks,70.584,CON,1,2,2,1,2,0,1,2,0,1,2,2,1,2,2,1,2,2,0,0,0,0,0,0,5,5,0,0,0,0,0,1,2,0,1,2,2,0,0,0,1,2,2,0,1,2,0,0,1,0,1,2,2,5,5,0,3,1,0,0,0,0,0,0,0,0,0,0,0,0,0,0,0,1,2,2,1,0,0,0,0,0,0,0,1,1,1,1,2,2,0,0,0,0,0,0,5,0,91,5,5,,,,,,,,,,,,,,,,,,,,,,,,,,,,,,,,,,,,,,
RPath,1671,sidewalks,15.986,CON,1,2,0,1,2,0,1,2,0,1,2,2,1,2,2,1,2,2,0,0,0,0,0,0,5,0,0,0,0,0,0,1,2,0,1,2,2,0,0,0,1,2,2,0,1,2,0,0,1,0,1,2,2,0,0,0,0,0,0,0,0,0,0,0,0,0,0,0,0,0,0,0,0,1,2,2,1,0,0,0,0,0,0,0,1,1,1,1,2,2,0,0,0,0,0,0,5,0,70,4,4,,,,,,,,,,,,,,,,,,,,,,,,,,,,,,,,,,,,,,
RPath,1672,sidewalks,98.784,CON,1,2,2,1,2,2,1,2,0,1,2,2,1,2,2,1,2,2,0,0,0,0,0,0,5,5,0,2,0,0,0,1,2,0,1,2,2,0,0,0,1,2,2,0,1,2,0,0,1,0,1,2,2,0,0,0,3,1,0,0,0,0,0,0,0,0,0,0,0,0,0,0,0,1,2,2,1,0,0,0,0,0,0,0,1,1,1,1,2,2,0,0,0,0,0,0,5,0,85,5,4,,,,,,,,,,,,,,,,,,,,,,,,,,,,,,,,,,,,,,
RPath,1673,sidewalks,64.459,CON,1,2,2,0,0,0,0,0,0,0,0,0,1,0,0,1,0,0,0,0,0,0,0,0,0,0,0,2,0,0,0,0,0,0,1,2,2,0,0,0,0,0,0,0,0,0,0,0,0,0,1,2,2,5,5,0,3,0,0,0,0,0,0,0,0,0,0,0,0,0,0,0,0,1,2,0,0,0,0,0,0,0,0,3,1,1,1,0,0,0,0,0,0,0,0,0,5,0,46,3,2,,,,,,,,,,,,,,,,,,,,,,,,,,,,,,,,,,,,,,
RPath,1674,sidewalks,61.372,CON,1,2,2,0,0,0,0,0,0,0,0,0,0,0,0,0,0,0,0,0,0,0,0,0,0,0,0,0,0,0,0,1,2,2,0,0,0,0,0,0,0,0,0,0,0,0,0,0,1,1,1,2,2,0,5,4,0,0,0,0,0,0,0,0,0,0,0,0,0,0,0,0,0,1,2,0,0,0,0,0,0,0,0,0,1,1,1,0,0,0,0,0,0,0,0,0,5,0,37,2,2,,,,,,,,,,,,,,,,,,,,,,,,,,,,,,,,,,,,,,
RPath,1675,sidewalks,152.747,CON,1,2,2,1,0,0,0,0,0,0,0,0,0,0,0,0,0,0,0,0,0,0,0,0,0,0,0,2,0,0,0,0,0,0,0,0,0,0,0,0,0,0,0,0,0,0,0,0,0,0,0,0,0,0,0,0,3,1,0,0,0,0,0,0,0,0,0,0,0,0,0,0,0,1,2,2,0,0,0,0,0,0,5,3,1,1,1,0,0,0,0,0,0,0,0,0,5,0,33,2,2,,,,,,,,,,,,,,,,,,,,,,,,,,,,,,,,,,,,,,
RPath,1676,sidewalks,27.229,HMAC,1,2,0,1,0,0,1,0,0,0,0,0,1,2,2,0,0,0,0,0,0,0,0,0,0,0,0,2,0,0,0,0,0,0,0,0,0,0,0,0,0,0,0,0,0,0,0,0,0,0,1,2,0,0,0,0,0,1,0,0,0,0,0,0,0,0,0,0,0,0,0,0,0,1,2,0,1,2,0,0,0,0,0,3,1,1,1,0,0,0,0,0,0,0,0,0,5,0,33,2,2,,,,,,,,,,,,,,,,,,,,,,,,,,,,,,,,,,,,,,
RPath,1677,sidewalks,5.118,HMAC,1,2,2,1,0,0,1,0,0,1,0,0,1,2,0,0,0,0,0,0,0,0,0,0,0,0,0,2,0,0,0,0,0,0,0,0,0,0,0,0,0,0,0,0,0,0,0,0,0,0,1,2,2,5,0,4,0,1,0,0,0,0,0,0,0,0,0,0,0,0,0,0,0,1,0,0,1,2,2,0,0,0,0,3,0,0,0,0,0,0,0,0,0,0,0,0,5,0,42,2,2,,,,,,,,,,,,,,,,,,,,,,,,,,,,,,,,,,,,,,
RPath,1680,sidewalks,85.726,HMAC,1,2,0,1,2,0,1,2,0,0,0,0,1,2,2,1,2,0,0,0,0,1,2,2,0,5,0,2,0,0,0,0,0,0,1,2,2,0,0,0,0,0,0,0,1,2,2,0,0,0,1,2,2,5,5,0,3,1,0,0,0,0,0,0,0,0,0,0,0,0,1,2,2,1,2,0,1,0,0,0,0,0,0,0,1,0,1,1,0,0,0,0,0,1,0,0,5,0,76,4,4,,,,,,,,,,,,,,,,,,,,,,,,,,,,,,,,,,,,,,
RPath,1681,sidewalks,33.1,CON,1,2,2,1,0,0,1,0,0,0,0,0,1,2,0,1,2,0,0,0,0,0,0,0,5,0,0,0,0,0,0,1,2,2,1,2,2,0,0,0,0,0,0,0,1,2,2,0,1,0,1,2,2,0,5,0,3,0,0,0,0,0,0,0,1,0,0,0,0,0,0,0,0,1,0,0,1,0,0,0,0,0,0,3,1,0,0,0,0,0,0,0,0,0,0,0,5,0,59,3,3,,,,,,,,,,,,,,,,,,,,,,,,,,,,,,,,,,,,,,
RPath,1682,sidewalks,88.538,CON,1,2,2,1,0,0,0,0,0,1,2,0,1,2,0,0,0,0,0,0,0,0,0,0,5,5,0,0,1,2,0,0,0,0,1,2,2,0,0,0,0,0,0,5,1,2,0,0,0,0,1,2,2,5,5,0,3,1,0,0,0,1,0,0,1,2,0,0,0,0,0,0,0,1,2,2,1,2,2,0,0,0,5,3,1,1,1,0,0,0,0,0,0,0,0,0,5,0,87,5,5,,,,,,,,,,,,,,,,,,,,,,,,,,,,,,,,,,,,,,
RPath,1683,sidewalks,34.583,CON,1,2,0,1,0,0,0,0,0,1,0,0,1,0,0,0,0,0,0,0,0,0,0,0,5,0,0,0,1,2,2,1,2,2,1,2,2,0,0,0,1,2,2,0,1,2,2,0,1,1,1,2,2,0,5,0,0,1,1,0,0,0,0,0,1,0,0,0,0,0,0,0,0,1,0,0,1,0,0,0,0,0,0,0,1,1,1,1,0,0,0,0,0,0,0,0,5,0,62,3,3,,,,,,,,,,,,,,,,,,,,,,,,,,,,,,,,,,,,,,
RPath,1684,sidewalks,111.641,CON,1,2,0,0,0,0,0,0,0,1,2,0,1,0,0,0,0,0,0,0,0,1,0,0,5,0,0,0,1,2,2,1,2,2,1,2,2,0,0,0,1,2,2,0,1,2,2,0,1,0,1,2,2,0,5,0,0,1,1,2,0,0,0,0,1,0,0,0,0,0,0,0,0,1,0,0,1,0,0,0,0,0,0,0,1,1,1,1,2,0,0,0,0,0,0,0,5,0,67,4,4,,,,,,,,,,,,,,,,,,,,,,,,,,,,,,,,,,,,,,
RPath,1685,sidewalks,73.719,HMAC,1,2,0,0,0,0,0,0,0,0,0,0,1,2,0,1,0,0,0,0,0,0,0,0,0,0,3,0,1,2,2,0,0,0,0,0,0,0,0,0,0,0,0,0,1,2,0,0,0,0,1,2,0,0,5,0,3,1,1,2,0,1,0,0,1,2,2,0,0,0,0,0,0,1,0,0,1,2,2,1,0,0,0,0,1,1,1,1,2,0,0,0,0,0,0,0,5,0,57,3,3,,,,,,,,,,,,,,,,,,,,,,,,,,,,,,,,,,,,,,
RPath,1686,sidewalks,98.614,HMAC,1,2,2,0,0,0,0,0,0,0,0,0,1,2,0,0,0,0,0,0,0,0,0,0,0,0,3,0,0,0,0,0,0,0,0,0,0,0,0,0,0,0,0,0,0,0,0,0,0,0,1,2,0,0,0,0,0,1,0,0,0,0,0,0,1,0,0,0,0,0,0,0,0,0,0,0,0,0,0,0,0,0,0,0,1,1,1,1,2,0,0,0,0,0,0,0,5,0,27,1,1,,,,,,,,,,,,,,,,,,,,,,,,,,,,,,,,,,,,,,
RPath,1687,sidewalks,42.029,CON,1,0,0,0,0,0,0,0,0,0,0,0,0,0,0,0,0,0,0,0,0,0,0,0,0,0,0,2,0,0,0,0,0,0,0,0,0,0,0,0,0,0,0,0,0,0,0,0,0,0,1,2,0,0,0,0,0,1,0,0,0,0,0,0,0,0,0,0,0,0,0,0,0,1,0,0,0,0,0,0,0,0,0,3,1,1,1,0,0,0,0,0,0,0,0,0,5,0,19,1,1,,,,,,,,,,,,,,,,,,,,,,,,,,,,,,,,,,,,,,
RPath,1688,sidewalks,71.664,CON,1,2,0,0,0,0,0,0,0,0,0,0,0,0,0,0,0,0,0,0,0,0,0,0,0,0,3,0,0,0,0,1,2,2,0,0,0,0,0,0,0,0,0,0,0,0,0,0,1,0,1,2,0,0,0,4,0,0,0,0,0,0,0,0,0,0,0,0,0,0,0,0,0,1,0,0,0,0,0,0,0,0,0,0,1,1,1,0,0,0,0,0,0,0,0,0,5,0,28,2,1,,,,,,,,,,,,,,,,,,,,,,,,,,,,,,,,,,,,,,
RPath,1690,sidewalks,91.906,CON,1,2,2,1,0,0,1,0,0,0,0,0,1,0,0,1,0,0,0,0,0,0,0,0,0,0,0,2,0,0,0,0,0,0,1,2,2,0,0,0,0,0,0,0,0,0,0,0,1,1,1,2,2,5,5,0,3,1,0,0,0,0,0,0,0,0,0,0,0,0,1,0,0,1,0,0,1,2,0,0,0,0,0,3,1,0,1,0,0,0,0,0,0,0,0,0,5,0,52,3,3,,,,,,,,,,,,,,,,,,,,,,,,,,,,,,,,,,,,,,
RPath,1691,sidewalks,128.203,CON,1,2,2,1,2,0,1,0,0,0,0,0,1,2,0,1,2,0,0,0,0,0,0,0,0,0,0,2,0,0,0,0,0,0,1,2,2,1,0,0,0,0,0,0,0,0,0,0,1,0,1,2,2,0,0,0,3,1,0,0,0,0,0,0,0,0,0,0,0,0,1,0,0,1,0,0,1,2,0,0,0,0,0,3,0,0,1,0,0,0,0,0,0,0,0,0,5,0,47,3,2,,,,,,,,,,,,,,,,,,,,,,,,,,,,,,,,,,,,,,
RPath,1692,sidewalks,78.842,CON,1,2,0,1,2,0,1,2,0,0,0,0,1,2,2,1,2,2,0,0,0,0,0,0,0,0,0,2,0,0,0,0,0,0,1,2,2,1,2,0,0,0,0,0,0,0,0,0,0,0,1,2,2,0,0,0,3,1,0,0,0,0,0,0,0,0,0,0,0,0,1,0,0,1,0,0,1,2,0,0,0,0,5,3,1,1,1,0,0,0,0,0,0,0,0,0,5,0,59,3,3,,,,,,,,,,,,,,,,,,,,,,,,,,,,,,,,,,,,,,
RPath,1693,sidewalks,106.597,CON,1,2,2,1,2,2,1,2,0,1,0,0,1,2,2,0,0,0,0,0,0,1,0,0,0,5,0,2,1,2,0,0,0,0,1,2,0,0,0,0,0,0,0,5,1,2,0,0,0,0,1,2,0,0,0,0,0,1,0,0,0,0,0,0,1,2,2,0,0,0,0,0,0,1,0,0,1,2,2,0,0,0,5,3,1,0,0,0,0,0,0,0,0,0,0,0,5,0,70,4,4,,,,,,,,,,,,,,,,,,,,,,,,,,,,,,,,,,,,,,
RPath,1694,sidewalks,89.341,CON,1,2,0,0,0,0,0,0,0,0,0,0,1,0,0,1,0,0,0,0,0,0,0,0,0,0,0,2,0,0,0,1,0,0,1,2,0,0,0,0,0,0,0,0,0,0,0,0,0,0,1,2,0,0,0,0,3,1,0,0,0,0,0,0,0,0,0,0,0,0,0,0,0,1,2,2,0,0,0,0,0,0,0,3,1,1,1,0,0,0,0,0,0,0,0,0,5,3,37,2,2,,,,,,,,,,,,,,,,,,,,,,,,,,,,,,,,,,,,,,
RPath,1695,sidewalks,110.294,CON,1,2,0,0,0,0,0,0,0,0,0,0,0,0,0,0,0,0,0,0,0,0,0,0,0,0,0,2,0,0,0,0,0,0,1,2,0,0,0,0,0,0,0,0,0,0,0,0,0,0,1,2,0,0,0,0,0,1,0,0,0,0,0,0,0,0,0,0,0,0,0,0,0,1,2,2,0,0,0,0,0,0,0,0,1,1,1,0,0,0,0,0,0,0,0,0,0,3,23,1,1,,,,,,,,,,,,,,,,,,,,,,,,,,,,,,,,,,,,,,
RPath,1696,sidewalks,61.691,CON,1,2,0,0,0,0,0,0,0,0,0,0,0,0,0,0,0,0,0,0,0,0,0,0,0,0,0,2,0,0,0,0,0,0,1,0,0,0,0,0,0,0,0,0,0,0,0,0,0,0,1,0,0,0,0,0,0,1,0,0,0,0,0,0,0,0,0,0,0,0,0,0,0,1,2,0,0,0,0,0,0,0,0,0,1,1,1,0,0,0,0,0,0,0,0,0,0,3,17,1,1,,,,,,,,,,,,,,,,,,,,,,,,,,,,,,,,,,,,,,
RPath,1697,sidewalks,40.265,CON,1,2,0,0,0,0,0,0,0,0,0,0,0,0,0,0,0,0,0,0,0,0,0,0,5,0,3,0,0,0,0,1,2,2,0,0,0,0,0,0,0,0,0,0,0,0,0,0,1,0,1,2,0,0,0,4,0,1,0,0,0,0,0,0,0,0,0,0,0,0,0,0,0,1,0,0,0,0,0,0,0,0,0,0,1,1,1,0,0,0,0,0,0,0,0,0,5,0,34,2,2,,,,,,,,,,,,,,,,,,,,,,,,,,,,,,,,,,,,,,
RPath,1698,sidewalks,59.05,CON,1,2,0,0,0,0,0,0,0,0,0,0,0,0,0,0,0,0,0,0,0,0,0,0,5,0,3,0,0,0,0,1,2,2,0,0,0,0,0,0,0,0,0,0,0,0,0,0,1,1,1,2,2,0,0,4,0,1,0,0,0,0,0,0,0,0,0,0,0,0,0,0,0,1,0,0,0,0,0,0,0,0,0,0,1,1,1,0,0,0,0,0,0,0,0,0,5,0,37,2,2,,,,,,,,,,,,,,,,,,,,,,,,,,,,,,,,,,,,,,
RPath,1699,sidewalks,63.947,CON,1,0,0,0,0,0,0,0,0,0,0,0,0,0,0,0,0,0,0,0,0,0,0,0,0,0,0,2,0,0,0,0,0,0,0,0,0,0,0,0,0,0,0,0,0,0,0,0,1,0,1,2,0,0,0,0,0,1,0,0,0,0,0,0,0,0,0,0,0,0,0,0,0,1,0,0,0,0,0,0,0,0,0,0,1,1,1,0,0,0,0,0,0,0,0,0,5,3,20,1,1,,,,,,,,,,,,,,,,,,,,,,,,,,,,,,,,,,,,,,
RPath,1700,sidewalks,246.598,CON,1,2,0,0,0,0,0,0,0,0,0,0,0,0,0,0,0,0,0,0,0,0,0,0,0,0,0,2,0,0,0,0,0,0,0,0,0,0,0,0,0,0,0,0,0,0,0,0,1,0,1,2,0,0,0,0,0,1,0,0,0,0,0,0,0,0,0,0,0,0,0,0,0,1,2,0,0,0,0,0,0,0,0,0,1,1,1,0,0,0,0,0,0,0,0,0,5,3,24,1,1,,,,,,,,,,,,,,,,,,,,,,,,,,,,,,,,,,,,,,
RPath,1701,sidewalks,160.432,CON,0,0,0,0,0,0,0,0,0,0,0,0,0,0,0,0,0,0,0,0,0,0,0,0,0,0,0,2,0,0,0,0,0,0,0,0,0,1,2,2,0,0,0,0,0,0,0,0,0,0,0,0,0,0,0,0,0,1,0,0,0,0,0,0,0,0,0,0,0,0,0,0,0,0,0,0,0,0,0,0,0,0,0,0,1,1,1,0,0,0,0,0,0,0,0,0,5,3,19,1,1,,,,,,,,,,,,,,,,,,,,,,,,,,,,,,,,,,,,,,
RPath,1702,sidewalks,81.329,CON,0,0,0,0,0,0,0,0,0,0,0,0,1,2,2,0,0,0,0,0,0,0,0,0,0,0,3,0,0,0,0,0,0,0,0,0,0,0,0,0,0,0,0,0,0,0,0,0,0,0,1,2,2,5,5,0,3,0,0,0,0,0,0,0,0,0,0,0,0,0,0,0,0,0,0,0,0,0,0,0,0,0,0,0,1,1,1,0,0,0,0,0,0,0,0,0,5,0,34,2,2,,,,,,,,,,,,,,,,,,,,,,,,,,,,,,,,,,,,,,
RPath,1703,sidewalks,74.701,CON,0,0,0,0,0,0,0,0,0,0,0,0,1,2,2,0,0,0,0,0,0,0,0,0,5,0,0,0,0,0,0,0,0,0,0,0,0,0,0,0,0,0,0,0,0,0,0,0,0,0,1,2,2,5,5,0,3,0,0,0,0,0,0,0,0,0,0,0,0,0,0,0,0,0,0,0,0,0,0,0,0,0,0,0,1,1,1,0,0,0,0,0,0,0,0,0,5,0,36,2,2,,,,,,,,,,,,,,,,,,,,,,,,,,,,,,,,,,,,,,
RPath,1704,sidewalks,26.583,CON,0,0,0,0,0,0,0,0,0,0,0,0,1,2,2,0,0,0,0,0,0,0,0,0,0,0,3,0,0,0,0,0,0,0,0,0,0,0,0,0,0,0,0,0,0,0,0,0,0,0,1,2,2,0,5,0,3,0,0,0,0,0,0,0,0,0,0,0,0,0,0,0,0,0,0,0,0,0,0,0,0,0,0,0,1,1,1,0,0,0,0,0,0,0,0,0,5,0,29,2,1,,,,,,,,,,,,,,,,,,,,,,,,,,,,,,,,,,,,,,
RPath,1705,sidewalks,49.134,CON,0,0,0,0,0,0,0,0,0,0,0,0,1,2,2,0,0,0,0,0,0,0,0,0,0,0,3,0,0,0,0,0,0,0,0,0,0,0,0,0,0,0,0,0,0,0,0,0,0,0,1,2,2,5,5,0,3,0,0,0,0,0,0,0,0,0,0,0,0,0,0,0,0,0,0,0,0,0,0,0,0,0,0,0,1,1,1,0,0,0,0,0,0,0,0,0,5,0,34,2,2,,,,,,,,,,,,,,,,,,,,,,,,,,,,,,,,,,,,,,
RPath,1706,sidewalks,368.829,CON,0,0,0,0,0,0,0,0,0,0,0,0,1,2,2,0,0,0,0,0,0,0,0,0,0,0,3,0,0,0,0,0,0,0,0,0,0,0,0,0,0,0,0,0,0,0,0,0,0,0,1,2,2,5,5,0,0,0,0,0,0,0,0,0,0,0,0,0,0,0,0,0,0,0,0,0,0,0,0,0,0,0,0,0,1,1,1,0,0,0,0,0,0,0,0,0,5,0,31,2,2,,,,,,,,,,,,,,,,,,,,,,,,,,,,,,,,,,,,,,
RPath,1707,sidewalks,82.807,CON,0,0,0,0,0,0,0,0,0,0,0,0,1,2,2,0,0,0,0,0,0,0,0,0,0,0,3,0,0,0,0,0,0,0,0,0,0,0,0,0,0,0,0,0,0,0,0,0,0,0,1,2,2,5,5,0,3,0,0,0,0,0,0,0,0,0,0,0,0,0,0,0,0,0,0,0,0,0,0,0,0,0,0,0,1,1,1,0,0,0,0,0,0,0,0,0,5,0,34,2,2,,,,,,,,,,,,,,,,,,,,,,,,,,,,,,,,,,,,,,
RPath,1710,sidewalks,21.243,CON,1,0,0,0,0,0,0,0,0,1,2,0,1,0,0,1,2,2,0,0,0,0,0,0,5,5,0,0,1,2,2,0,0,0,1,0,0,0,0,0,0,0,0,0,1,2,2,0,1,1,1,2,2,0,5,0,0,1,1,0,0,1,0,0,1,2,0,0,0,0,1,2,0,1,2,2,1,2,2,1,0,0,0,0,1,1,1,1,2,2,1,0,0,1,2,2,5,0,82,4,4,,,,,,,,,,,,,,,,,,,,,,,,,,,,,,,,,,,,,,
RPath,1711,sidewalks,18.497,CON,1,0,0,0,0,0,0,0,0,1,2,0,1,0,0,1,2,2,0,0,0,0,0,0,5,0,0,0,1,2,2,0,0,0,1,2,0,0,0,0,0,0,0,0,1,2,2,0,1,1,1,2,2,0,5,0,0,1,1,0,0,1,0,0,1,2,0,0,0,0,1,2,0,1,2,2,1,2,0,1,0,0,0,0,1,1,1,1,2,2,1,0,0,1,2,2,5,0,77,4,4,,,,,,,,,,,,,,,,,,,,,,,,,,,,,,,,,,,,,,
RPath,1712,sidewalks,83.808,CON,1,2,0,1,2,0,1,2,0,0,0,0,1,2,2,1,2,2,0,0,0,0,0,0,0,5,0,2,0,0,0,0,0,0,1,2,2,1,2,0,0,0,0,0,0,0,0,0,0,0,1,2,2,0,0,0,3,1,0,0,0,0,0,0,0,0,0,0,0,0,0,0,0,1,0,0,1,2,0,0,0,0,5,3,1,1,1,0,0,0,0,0,0,0,0,0,5,0,63,3,3,,,,,,,,,,,,,,,,,,,,,,,,,,,,,,,,,,,,,,
RPath,1713,sidewalks,82.474,CON,1,2,2,1,2,2,1,2,2,0,0,0,1,2,0,1,2,2,0,0,0,0,0,0,0,5,0,2,0,0,0,0,0,0,1,2,2,1,2,0,0,0,0,0,0,0,0,0,0,0,1,2,2,0,0,0,3,1,0,0,0,0,0,0,0,0,0,0,0,0,0,0,0,0,0,0,1,2,0,0,0,0,5,3,0,0,0,0,0,0,0,0,0,0,0,0,5,0,63,3,3,,,,,,,,,,,,,,,,,,,,,,,,,,,,,,,,,,,,,,
RPath,1714,sidewalks,81.824,CON,1,2,2,1,2,2,1,2,2,0,0,0,1,0,0,1,2,0,0,0,0,0,0,0,0,0,0,2,0,0,0,0,0,0,1,2,0,1,0,0,0,0,0,0,0,0,0,0,0,0,1,2,2,0,0,0,3,1,0,0,0,0,0,0,0,0,0,0,0,0,0,0,0,0,0,0,1,0,0,0,0,0,5,3,0,1,0,0,0,0,0,0,0,0,0,0,5,0,49,3,3,,,,,,,,,,,,,,,,,,,,,,,,,,,,,,,,,,,,,,
RPath,1715,sidewalks,86.189,CON,1,2,2,1,2,2,1,2,2,0,0,0,1,0,0,1,2,0,0,0,0,0,0,0,0,0,0,2,0,0,0,0,0,0,1,0,0,1,0,0,0,0,0,0,0,0,0,0,0,0,1,2,2,0,0,0,3,1,0,0,0,0,0,0,0,0,0,0,0,0,0,0,0,0,0,0,0,0,0,0,0,0,5,3,1,1,0,0,0,0,0,0,0,0,0,0,5,0,47,3,2,,,,,,,,,,,,,,,,,,,,,,,,,,,,,,,,,,,,,,
RPath,1716,sidewalks,84.398,CON,1,2,2,1,2,0,0,0,0,1,2,0,1,2,0,0,0,0,0,0,0,0,0,0,0,0,0,2,0,0,0,0,0,0,1,2,0,0,0,0,1,2,0,0,0,0,0,0,1,1,1,2,2,5,0,0,3,1,0,0,0,0,0,0,0,0,0,0,0,0,0,0,0,1,0,0,0,0,0,0,0,0,5,3,0,1,1,0,0,0,0,0,0,0,0,0,5,0,54,3,3,,,,,,,,,,,,,,,,,,,,,,,,,,,,,,,,,,,,,,
RPath,1717,sidewalks,128.645,CON,1,2,0,1,2,0,0,0,0,1,2,0,1,0,0,0,0,0,0,0,0,0,0,0,0,0,0,2,0,0,0,0,0,0,1,2,2,0,0,0,1,2,2,0,1,0,0,0,1,1,1,2,2,5,0,0,3,1,0,0,0,0,0,0,0,0,0,0,0,0,0,0,0,1,0,0,0,0,0,0,0,0,5,3,1,1,1,0,0,0,0,0,0,0,0,0,5,0,56,3,3,,,,,,,,,,,,,,,,,,,,,,,,,,,,,,,,,,,,,,
RPath,1718,sidewalks,101.48,CON,1,2,0,1,0,0,1,0,0,0,0,0,1,0,0,0,0,0,0,0,0,0,0,0,0,0,0,2,0,0,0,0,0,0,1,2,2,0,0,0,0,0,0,5,1,2,0,0,0,0,1,2,0,5,0,4,3,1,0,0,0,0,0,0,0,0,0,0,0,0,0,0,0,0,0,0,1,2,2,0,0,0,0,3,1,0,0,0,0,0,0,0,0,0,0,0,5,0,51,3,3,,,,,,,,,,,,,,,,,,,,,,,,,,,,,,,,,,,,,,
RPath,1719,sidewalks,243.913,CON,1,2,2,1,2,2,1,0,0,0,0,0,1,2,2,0,0,0,0,0,0,0,0,0,0,5,0,2,0,0,0,0,0,0,1,2,2,0,0,0,0,0,0,0,0,0,0,0,1,1,1,2,2,5,0,0,3,1,0,0,0,0,0,0,0,0,0,0,0,0,0,0,0,1,2,2,1,2,0,0,0,0,5,3,1,1,1,0,0,0,0,0,0,0,0,0,5,0,68,4,4,,,,,,,,,,,,,,,,,,,,,,,,,,,,,,,,,,,,,,
RPath,1720,sidewalks,201.878,CON,1,2,2,1,0,0,1,0,0,1,2,0,1,2,0,1,0,0,0,0,0,0,0,0,5,0,0,2,0,0,0,0,0,0,1,2,2,0,0,0,0,0,0,5,1,2,2,0,0,0,1,2,2,5,5,4,3,0,0,0,0,0,0,0,1,0,0,0,0,0,1,0,0,1,0,0,1,2,2,0,0,0,0,3,1,0,0,0,0,0,0,0,0,0,0,0,5,0,75,4,4,,,,,,,,,,,,,,,,,,,,,,,,,,,,,,,,,,,,,,
RPath,1721,sidewalks,78.393,CON,1,2,2,0,0,0,0,0,0,0,0,0,1,0,0,1,0,0,1,0,0,0,0,0,0,0,0,2,0,0,0,1,2,2,1,2,2,0,0,0,0,0,0,0,1,2,2,0,1,1,1,2,2,5,5,0,3,1,0,0,0,0,0,0,0,0,0,0,0,0,0,0,0,0,0,0,1,2,2,0,0,0,5,3,1,1,1,0,0,0,0,0,0,1,0,0,5,0,68,4,4,,,,,,,,,,,,,,,,,,,,,,,,,,,,,,,,,,,,,,
RPath,1722,sidewalks,74.397,CON,1,2,0,0,0,0,0,0,0,0,0,0,1,0,0,0,0,0,1,0,0,0,0,0,0,0,0,2,0,0,0,1,2,0,1,2,2,0,0,0,0,0,0,0,1,2,2,0,1,1,1,2,2,5,5,0,0,1,0,0,0,0,0,0,0,0,0,0,0,0,0,0,0,1,0,0,1,2,2,0,0,0,5,3,1,1,1,0,0,0,0,0,0,1,0,0,5,0,61,3,3,,,,,,,,,,,,,,,,,,,,,,,,,,,,,,,,,,,,,,
RPath,1723,sidewalks,61.006,CON,1,2,2,0,0,0,0,0,0,0,0,0,1,0,0,1,0,0,1,0,0,0,0,0,5,5,0,2,0,0,0,1,2,2,1,2,2,0,0,0,0,0,0,0,1,2,0,0,1,1,1,2,2,5,5,0,3,1,0,0,0,0,0,0,1,0,0,0,0,0,0,0,0,1,0,0,1,2,2,0,0,0,5,3,1,1,1,0,0,0,0,0,0,0,0,0,5,0,77,4,4,,,,,,,,,,,,,,,,,,,,,,,,,,,,,,,,,,,,,,
RPath,1724,sidewalks,78.377,CON,1,2,0,1,2,0,1,0,0,0,0,0,1,2,2,1,2,2,0,0,0,0,0,0,0,0,0,2,0,0,0,1,2,0,1,2,2,0,0,0,0,0,0,5,1,2,0,0,1,1,1,2,2,5,5,0,0,1,0,0,0,0,0,0,1,2,2,0,0,0,1,2,2,1,2,2,1,2,2,0,0,0,5,3,0,0,0,1,2,2,0,0,0,0,0,0,5,0,91,5,5,,,,,,,,,,,,,,,,,,,,,,,,,,,,,,,,,,,,,,
RPath,1725,sidewalks,83.168,CON,1,2,0,1,0,0,1,0,0,0,0,0,1,2,2,1,2,0,0,0,0,1,2,2,0,5,0,2,0,0,0,0,0,0,1,2,2,0,0,0,1,0,0,5,1,2,2,0,1,1,1,2,2,5,5,0,0,1,0,0,0,0,0,0,0,0,0,1,0,0,0,0,0,1,2,2,1,2,2,0,0,0,0,3,1,0,1,0,0,0,0,0,0,0,0,0,5,0,80,4,4,,,,,,,,,,,,,,,,,,,,,,,,,,,,,,,,,,,,,,
RPath,1726,sidewalks,86.323,CON,1,2,2,0,0,0,0,0,0,0,0,0,1,2,2,1,2,2,0,0,0,1,2,2,0,5,0,0,0,0,0,1,2,0,1,2,2,0,0,0,1,2,2,0,1,2,0,0,1,1,1,2,2,5,5,0,0,0,1,2,0,1,2,0,1,0,0,1,0,0,0,0,0,1,2,0,1,2,0,0,0,0,0,0,1,0,1,0,0,0,0,0,0,0,0,0,5,0,79,4,4,,,,,,,,,,,,,,,,,,,,,,,,,,,,,,,,,,,,,,
RPath,1727,sidewalks,242.302,CON,1,2,2,1,2,0,1,0,0,1,2,2,1,2,2,1,0,0,0,0,0,1,0,0,5,5,0,2,1,2,2,1,0,0,1,2,0,0,0,0,1,2,0,5,1,2,2,0,1,1,1,2,2,5,5,0,0,1,1,0,0,0,0,0,1,0,0,0,0,0,1,0,0,1,2,2,1,2,0,0,0,0,5,3,1,1,1,1,2,2,0,0,0,1,0,0,5,0,106,5,5,,,,,,,,,,,,,,,,,,,,,,,,,,,,,,,,,,,,,,
RPath,1728,sidewalks,77.922,CON,1,2,0,1,2,0,0,0,0,0,0,0,1,0,0,0,0,0,0,0,0,0,0,0,5,0,0,2,0,0,0,0,0,0,1,2,2,0,0,0,0,0,0,5,1,2,2,0,0,0,1,2,2,5,5,4,0,1,0,0,0,0,0,0,0,0,0,0,0,0,1,0,0,1,0,0,1,0,0,0,0,0,5,0,1,0,1,1,0,0,0,0,0,0,0,0,5,0,65,4,3,,,,,,,,,,,,,,,,,,,,,,,,,,,,,,,,,,,,,,
RPath,1733,sidewalks,61.794,CON,1,2,2,1,2,0,0,0,0,0,0,0,1,0,0,0,0,0,0,0,0,0,0,0,0,5,0,2,0,0,0,0,0,0,1,2,2,0,0,0,0,0,0,0,1,2,0,0,0,0,1,2,2,0,0,0,0,1,1,0,0,0,0,0,0,0,0,0,0,0,0,0,0,1,2,0,1,2,0,0,0,0,5,0,1,1,1,1,0,0,0,0,0,0,0,0,5,0,51,3,3,,,,,,,,,,,,,,,,,,,,,,,,,,,,,,,,,,,,,,
RPath,1734,sidewalks,58.098,CON,1,2,2,1,2,0,0,0,0,0,0,0,1,0,0,0,0,0,0,0,0,0,0,0,0,0,0,2,0,0,0,0,0,0,1,2,2,0,0,0,0,0,0,0,1,2,2,0,0,0,1,2,2,5,5,4,0,1,0,0,0,0,0,0,0,0,0,0,0,0,0,0,0,1,0,0,1,0,0,0,0,0,5,0,1,0,1,1,0,0,0,0,0,0,0,0,5,0,56,3,3,,,,,,,,,,,,,,,,,,,,,,,,,,,,,,,,,,,,,,
RPath,1735,sidewalks,67.664,CON,1,2,2,1,2,0,0,0,0,0,0,0,1,0,0,0,0,0,0,0,0,0,0,0,0,0,0,2,0,0,0,0,0,0,1,2,2,0,0,0,0,0,0,0,1,2,2,0,0,0,1,2,2,0,5,0,0,0,0,0,0,0,0,0,0,0,0,0,0,0,0,0,0,1,0,0,1,2,0,0,0,0,5,0,1,0,1,1,0,0,0,0,0,0,0,0,5,0,48,3,2,,,,,,,,,,,,,,,,,,,,,,,,,,,,,,,,,,,,,,
RPath,1736,sidewalks,82.202,CON,1,2,2,1,0,0,1,0,0,1,2,0,1,2,0,0,0,0,0,0,0,0,0,0,5,0,0,2,0,0,0,0,0,0,1,2,2,0,0,0,0,0,0,5,1,2,2,0,0,0,1,2,2,5,5,4,0,0,0,0,0,0,0,0,1,0,0,0,0,0,1,2,0,0,0,0,1,2,0,0,0,0,0,3,1,0,0,0,0,0,0,0,0,0,0,0,5,0,70,4,4,,,,,,,,,,,,,,,,,,,,,,,,,,,,,,,,,,,,,,
RPath,1737,sidewalks,41.985,CON,1,0,0,0,0,0,0,0,0,0,0,0,0,0,0,0,0,0,0,0,0,0,0,0,0,0,0,2,0,0,0,0,0,0,0,0,0,0,0,0,0,0,0,0,0,0,0,0,0,0,1,2,0,0,0,0,0,1,0,0,0,0,0,0,0,0,0,0,0,0,0,0,0,1,0,0,0,0,0,0,0,0,0,3,1,1,1,0,0,0,0,0,0,0,0,0,5,0,19,1,1,,,,,,,,,,,,,,,,,,,,,,,,,,,,,,,,,,,,,,
RPath,1738,sidewalks,65.824,CON,1,0,0,0,0,0,0,0,0,0,0,0,0,0,0,0,0,0,0,0,0,0,0,0,0,0,0,2,0,0,0,0,0,0,0,0,0,0,0,0,0,0,0,0,0,0,0,0,0,0,1,2,2,0,0,0,0,1,0,0,0,0,0,0,0,0,0,0,0,0,0,0,0,1,0,0,0,0,0,0,0,0,0,3,0,1,1,0,0,0,0,0,0,0,0,0,5,0,20,1,1,,,,,,,,,,,,,,,,,,,,,,,,,,,,,,,,,,,,,,
RPath,1739,sidewalks,60.366,CON,1,0,0,0,0,0,0,0,0,0,0,0,0,0,0,0,0,0,0,0,0,0,0,0,0,0,0,2,0,0,0,0,0,0,0,0,0,0,0,0,0,0,0,0,0,0,0,0,0,0,1,2,2,0,0,0,0,1,0,0,0,0,0,0,0,0,0,0,0,0,0,0,0,1,0,0,0,0,0,0,0,0,0,3,1,1,1,0,0,0,0,0,0,0,0,0,5,0,21,1,1,,,,,,,,,,,,,,,,,,,,,,,,,,,,,,,,,,,,,,
RPath,1740,sidewalks,85.041,CON,1,2,0,0,0,0,0,0,0,0,0,0,0,0,0,0,0,0,0,0,0,0,0,0,0,0,0,2,0,0,0,0,0,0,0,0,0,0,0,0,0,0,0,0,0,0,0,0,0,0,1,2,0,0,0,0,0,1,0,0,0,0,0,0,0,0,0,0,0,0,0,0,0,1,0,0,0,0,0,0,0,0,0,3,1,1,1,0,0,0,0,0,0,0,0,0,5,0,21,1,1,,,,,,,,,,,,,,,,,,,,,,,,,,,,,,,,,,,,,,
RPath,1741,sidewalks,67.963,CON,1,2,0,0,0,0,0,0,0,0,0,0,0,0,0,0,0,0,0,0,0,0,0,0,0,0,0,2,0,0,0,0,0,0,0,0,0,0,0,0,0,0,0,0,0,0,0,0,0,0,1,2,2,0,0,0,0,1,0,0,0,0,0,0,0,0,0,0,0,0,0,0,0,0,0,0,0,0,0,0,0,0,0,3,1,1,1,0,0,0,0,0,0,0,0,0,5,0,22,1,1,,,,,,,,,,,,,,,,,,,,,,,,,,,,,,,,,,,,,,
RPath,1742,sidewalks,51.226,CON,1,0,0,0,0,0,0,0,0,0,0,0,0,0,0,0,0,0,0,0,0,0,0,0,0,0,0,2,0,0,0,0,0,0,0,0,0,0,0,0,0,0,0,0,0,0,0,0,0,0,1,2,2,5,5,0,0,1,0,0,0,0,0,0,0,0,0,0,0,0,0,0,0,0,0,0,0,0,0,0,0,0,0,3,1,1,1,0,0,0,0,0,0,0,0,0,5,0,30,2,2,,,,,,,,,,,,,,,,,,,,,,,,,,,,,,,,,,,,,,
RPath,1743,sidewalks,83.941,CON,1,2,0,0,0,0,0,0,0,0,0,0,0,0,0,0,0,0,0,0,0,0,0,0,0,0,0,2,0,0,0,0,0,0,0,0,0,0,0,0,0,0,0,0,0,0,0,0,0,0,1,2,2,0,0,0,0,1,0,0,0,0,0,0,0,0,0,0,0,0,0,0,0,0,0,0,0,0,0,0,0,0,0,3,1,1,1,0,0,0,0,0,0,0,0,0,5,0,22,1,1,,,,,,,,,,,,,,,,,,,,,,,,,,,,,,,,,,,,,,
RPath,1744,sidewalks,41.627,CON,1,2,0,0,0,0,0,0,0,0,0,0,0,0,0,0,0,0,0,0,0,0,0,0,0,0,0,2,0,0,0,0,0,0,0,0,0,0,0,0,0,0,0,0,0,0,0,0,0,0,1,2,2,0,0,0,0,1,0,0,0,0,0,0,0,0,0,0,0,0,0,0,0,0,0,0,0,0,0,0,0,0,0,0,1,1,1,0,0,0,0,0,0,0,0,0,5,0,19,1,1,,,,,,,,,,,,,,,,,,,,,,,,,,,,,,,,,,,,,,
RPath,1745,sidewalks,21.019,CON,1,2,2,0,0,0,0,0,0,1,0,0,0,0,0,1,0,0,0,0,0,0,0,0,5,0,0,0,1,2,2,0,0,0,0,0,0,0,0,0,0,0,0,0,1,2,2,0,1,1,1,2,2,0,5,0,3,0,1,0,0,1,0,0,1,2,0,0,0,0,1,2,0,1,2,2,1,2,2,1,2,2,0,0,1,1,1,1,2,0,1,2,0,1,0,0,5,0,75,4,4,,,,,,,,,,,,,,,,,,,,,,,,,,,,,,,,,,,,,,
RPath,1746,sidewalks,39.945,CON,1,2,2,0,0,0,0,0,0,1,0,0,1,0,0,1,0,0,0,0,0,0,0,0,5,0,0,0,1,2,2,0,0,0,0,0,0,0,0,0,0,0,0,0,1,2,2,0,1,1,1,2,2,0,0,0,3,0,1,0,0,1,0,0,1,2,0,0,0,0,1,2,0,1,2,2,1,2,2,1,2,2,0,0,1,1,1,1,2,0,1,2,0,1,0,0,5,0,71,4,4,,,,,,,,,,,,,,,,,,,,,,,,,,,,,,,,,,,,,,
RPath,1747,sidewalks,347.881,CON,1,0,0,0,0,0,0,0,0,0,0,0,1,2,0,1,2,0,0,0,0,0,0,0,0,0,3,0,0,0,0,1,2,0,0,0,0,1,2,0,0,0,0,0,0,0,0,0,1,0,1,2,0,5,5,0,0,1,0,0,0,0,0,0,0,0,0,0,0,0,0,0,0,1,2,0,1,0,0,0,0,0,0,0,1,1,1,0,0,0,0,0,0,0,0,0,5,0,43,2,2,,,,,,,,,,,,,,,,,,,,,,,,,,,,,,,,,,,,,,
RPath,1748,sidewalks,35.562,CON,1,2,0,1,0,0,0,0,0,1,2,0,1,0,0,1,2,0,0,0,0,0,0,0,5,0,0,2,1,2,2,0,0,0,1,0,0,0,0,0,1,0,0,5,1,2,0,0,1,1,1,2,2,0,0,0,0,1,1,0,0,0,0,0,1,2,0,0,0,0,1,0,0,1,2,0,1,2,0,0,0,0,0,3,1,1,1,1,2,0,1,0,0,1,0,0,5,0,68,4,4,,,,,,,,,,,,,,,,,,,,,,,,,,,,,,,,,,,,,,
RPath,1749,sidewalks,180.131,CON,0,0,0,0,0,0,0,0,0,0,0,0,0,0,0,0,0,0,0,0,0,0,0,0,0,0,3,0,0,0,0,1,2,2,0,0,0,0,0,0,0,0,0,0,1,2,0,0,0,0,1,2,2,0,0,0,0,1,0,0,0,0,0,0,0,0,0,0,0,0,0,0,0,0,0,0,0,0,0,0,0,0,0,0,1,1,1,0,0,0,0,0,0,0,0,0,0,3,23,1,1,,,,,,,,,,,,,,,,,,,,,,,,,,,,,,,,,,,,,,
RPath,1750,sidewalks,170.415,CON,0,0,0,0,0,0,0,0,0,0,0,0,0,0,0,0,0,0,0,0,0,0,0,0,0,0,3,0,0,0,0,1,2,0,0,0,0,0,0,0,0,0,0,0,1,0,0,0,0,0,1,2,0,0,0,0,0,1,0,0,0,0,0,0,0,0,0,0,0,0,0,0,0,0,0,0,0,0,0,0,0,0,0,0,1,1,1,0,0,0,0,0,0,0,0,0,0,3,17,1,1,,,,,,,,,,,,,,,,,,,,,,,,,,,,,,,,,,,,,,
RPath,1751,sidewalks,189.868,CON,0,0,0,0,0,0,0,0,0,0,0,0,0,0,0,0,0,0,0,0,0,0,0,0,0,0,3,0,0,0,0,1,2,2,0,0,0,0,0,0,0,0,0,0,1,0,0,0,0,0,1,2,2,5,5,0,0,1,0,0,0,0,0,0,0,0,0,0,0,0,0,0,0,0,0,0,0,0,0,0,0,0,0,0,1,1,1,0,0,0,0,0,0,0,0,0,0,3,31,2,2,,,,,,,,,,,,,,,,,,,,,,,,,,,,,,,,,,,,,,
RPath,1752,sidewalks,120.414,CON,1,2,2,1,2,0,1,2,0,0,0,0,1,2,2,0,0,0,0,0,0,0,0,0,5,0,0,2,0,0,0,1,2,2,0,0,0,0,0,0,0,0,0,0,1,2,2,0,1,1,1,2,2,5,0,4,3,0,0,0,0,0,0,0,0,0,0,0,0,0,0,0,0,1,0,0,0,0,0,0,0,0,0,0,1,1,1,0,0,0,0,0,0,1,2,2,5,0,66,4,3,,,,,,,,,,,,,,,,,,,,,,,,,,,,,,,,,,,,,,
RPath,1753,sidewalks,292.249,CON,1,2,2,1,2,0,1,2,0,0,0,0,0,0,0,0,0,0,0,0,0,0,0,0,0,0,0,2,0,0,0,0,0,0,0,0,0,0,0,0,0,0,0,0,0,0,0,0,0,0,1,2,2,5,0,4,0,1,0,0,0,0,0,0,1,2,2,0,0,0,0,0,0,0,0,0,0,0,0,0,0,0,5,0,1,1,1,0,0,0,0,0,0,0,0,0,5,0,46,3,2,,,,,,,,,,,,,,,,,,,,,,,,,,,,,,,,,,,,,,
RPath,1754,sidewalks,43.729,CON,1,2,0,1,2,0,1,2,0,0,0,0,0,0,0,0,0,0,0,0,0,0,0,0,0,0,0,2,0,0,0,0,0,0,0,0,0,0,0,0,0,0,0,0,0,0,0,0,0,0,1,2,2,0,0,0,0,1,0,0,0,0,0,0,1,2,0,0,0,0,0,0,0,0,0,0,0,0,0,0,0,0,0,0,1,1,1,0,0,0,0,0,0,0,0,0,5,0,28,2,1,,,,,,,,,,,,,,,,,,,,,,,,,,,,,,,,,,,,,,
RPath,1755,sidewalks,58.12,CON,1,2,0,1,2,0,1,0,0,0,0,0,0,0,0,0,0,0,0,0,0,0,0,0,0,0,0,2,0,0,0,0,0,0,0,0,0,0,0,0,0,0,0,0,0,0,0,0,0,0,1,2,2,5,0,4,0,1,0,0,0,0,0,0,1,2,0,0,0,0,0,0,0,0,0,0,0,0,0,0,0,0,0,0,1,1,1,0,0,0,0,0,0,0,0,0,5,0,35,2,2,,,,,,,,,,,,,,,,,,,,,,,,,,,,,,,,,,,,,,
RPath,1756,sidewalks,89.867,CON,1,2,0,1,0,0,1,0,0,0,0,0,0,0,0,0,0,0,0,0,0,0,0,0,0,0,0,2,0,0,0,0,0,0,0,0,0,0,0,0,0,0,0,0,0,0,0,0,0,0,1,2,2,5,0,4,0,1,0,0,0,0,0,0,1,2,0,0,0,0,0,0,0,0,0,0,0,0,0,0,0,0,0,0,1,1,1,0,0,0,0,0,0,0,0,0,5,0,33,2,2,,,,,,,,,,,,,,,,,,,,,,,,,,,,,,,,,,,,,,
RPath,1757,sidewalks,89.792,CON,1,2,0,1,0,0,1,0,0,0,0,0,0,0,0,0,0,0,0,0,0,0,0,0,0,0,0,2,0,0,0,0,0,0,0,0,0,0,0,0,0,0,0,0,0,0,0,0,0,0,1,2,2,5,0,4,0,1,0,0,0,0,0,0,1,2,0,0,0,0,0,0,0,0,0,0,0,0,0,0,0,0,0,0,1,1,1,0,0,0,0,0,0,0,0,0,5,0,33,2,2,,,,,,,,,,,,,,,,,,,,,,,,,,,,,,,,,,,,,,
RPath,1758,sidewalks,48.786,CON,1,2,0,0,0,0,0,0,0,0,0,0,0,0,0,0,0,0,0,0,0,0,0,0,0,0,0,2,0,0,0,0,0,0,0,0,0,0,0,0,0,0,0,0,0,0,0,0,0,0,1,2,2,5,0,4,0,1,0,0,0,0,0,0,1,2,0,0,0,0,0,0,0,0,0,0,0,0,0,0,0,0,0,0,1,1,1,0,0,0,0,0,0,0,0,0,5,0,31,2,2,,,,,,,,,,,,,,,,,,,,,,,,,,,,,,,,,,,,,,
RPath,1759,sidewalks,110.084,CON,1,2,2,1,2,0,1,2,0,0,0,0,1,2,0,0,0,0,0,0,0,0,0,0,0,5,0,2,0,0,0,1,2,2,0,0,0,0,0,0,0,0,0,0,1,2,2,0,1,1,1,2,2,5,0,4,3,0,0,0,0,0,0,0,0,0,0,0,0,0,0,0,0,1,0,0,0,0,0,0,0,0,0,0,1,1,1,0,0,0,0,0,0,1,2,0,5,0,62,3,3,,,,,,,,,,,,,,,,,,,,,,,,,,,,,,,,,,,,,,
RPath,1765,sidewalks,50.076,CON,1,2,0,0,0,0,0,0,0,0,0,0,0,0,0,0,0,0,0,0,0,0,0,0,0,0,0,2,0,0,0,0,0,0,1,0,0,0,0,0,0,0,0,0,1,0,0,0,0,0,1,2,2,5,5,0,0,1,0,0,0,0,0,0,0,0,0,0,0,0,0,0,0,0,0,0,0,0,0,0,0,0,5,0,1,1,1,0,0,0,0,0,0,0,0,0,0,3,34,2,2,,,,,,,,,,,,,,,,,,,,,,,,,,,,,,,,,,,,,,
RPath,1760,sidewalks,94.551,CON,1,2,0,0,0,0,0,0,0,0,0,0,0,0,0,0,0,0,0,0,0,0,0,0,0,0,0,2,0,0,0,0,0,0,1,0,0,0,0,0,0,0,0,0,1,2,0,0,0,0,1,2,2,0,0,0,0,1,0,0,0,0,0,0,0,0,0,0,0,0,0,0,0,0,0,0,0,0,0,0,0,0,5,0,1,1,1,0,0,0,0,0,0,0,0,0,0,3,26,1,1,,,,,,,,,,,,,,,,,,,,,,,,,,,,,,,,,,,,,,
RPath,1761,sidewalks,172.463,CON,1,2,0,0,0,0,0,0,0,0,0,0,0,0,0,0,0,0,0,0,0,0,0,0,0,0,0,2,0,0,0,1,0,0,1,0,0,0,0,0,0,0,0,0,1,2,0,0,0,0,1,2,2,0,0,0,0,1,0,0,0,0,0,0,0,0,0,0,0,0,0,0,0,0,0,0,0,0,0,0,0,0,5,0,1,1,1,0,0,0,0,0,0,0,0,0,0,3,27,1,1,,,,,,,,,,,,,,,,,,,,,,,,,,,,,,,,,,,,,,
RPath,1762,sidewalks,83.517,CON,1,0,0,0,0,0,0,0,0,0,0,0,0,0,0,0,0,0,0,0,0,0,0,0,0,0,0,2,0,0,0,1,0,0,1,0,0,0,0,0,0,0,0,0,1,0,0,0,0,0,1,2,0,0,0,0,0,1,0,0,0,0,0,0,0,0,0,0,0,0,0,0,0,0,0,0,0,0,0,0,0,0,5,0,1,1,1,0,0,0,0,0,0,0,0,0,0,3,21,1,1,,,,,,,,,,,,,,,,,,,,,,,,,,,,,,,,,,,,,,
RPath,1763,sidewalks,37.414,CON,1,0,0,0,0,0,0,0,0,0,0,0,0,0,0,0,0,0,0,0,0,0,0,0,0,0,0,2,0,0,0,1,0,0,0,0,0,0,0,0,0,0,0,0,1,0,0,0,0,0,1,0,0,0,0,0,0,1,0,0,0,0,0,0,0,0,0,0,0,0,0,0,0,0,0,0,0,0,0,0,0,0,5,0,1,1,1,0,0,0,0,0,0,0,0,0,0,3,18,1,1,,,,,,,,,,,,,,,,,,,,,,,,,,,,,,,,,,,,,,
RPath,1764,sidewalks,192.523,CON,1,2,0,0,0,0,0,0,0,0,0,0,0,0,0,0,0,0,0,0,0,0,0,0,0,0,0,2,0,0,0,1,0,0,1,0,0,0,0,0,0,0,0,0,1,0,0,0,0,0,1,2,2,0,0,0,0,1,0,0,0,0,0,0,0,0,0,0,0,0,0,0,0,0,0,0,0,0,0,0,0,0,5,0,1,1,1,0,0,0,0,0,0,0,0,0,0,3,25,1,1,,,,,,,,,,,,,,,,,,,,,,,,,,,,,,,,,,,,,,
RPath,1766,sidewalks,217.048,CON,1,2,2,1,2,2,0,0,0,0,0,0,1,0,0,0,0,0,0,0,0,0,0,0,5,5,0,2,0,0,0,0,0,0,1,2,2,1,2,2,1,2,2,0,1,2,0,0,0,0,1,0,0,0,0,4,0,0,1,2,0,0,0,0,0,0,0,0,0,0,0,0,0,0,0,0,1,0,0,0,0,0,0,0,1,1,1,1,2,0,1,0,0,0,0,0,5,0,62,3,3,,,,,,,,,,,,,,,,,,,,,,,,,,,,,,,,,,,,,,
RPath,1768,sidewalks,67.976,CON,1,2,0,0,0,0,0,0,0,0,0,0,1,0,0,0,0,0,0,0,0,0,0,0,5,0,0,0,0,0,0,1,2,2,0,0,0,0,0,0,0,0,0,0,0,0,0,0,1,1,1,2,2,0,5,4,0,0,0,0,0,0,0,0,0,0,0,0,0,0,0,0,0,0,0,0,0,0,0,0,0,0,0,0,1,1,1,1,0,0,0,0,0,1,2,0,5,0,42,2,2,,,,,,,,,,,,,,,,,,,,,,,,,,,,,,,,,,,,,,
RPath,1769,sidewalks,33.781,CON,1,2,0,0,0,0,0,0,0,0,0,0,0,0,0,0,0,0,0,0,0,0,0,0,0,0,3,0,0,0,0,0,0,0,0,0,0,0,0,0,0,0,0,0,0,0,0,0,1,1,1,2,2,0,5,0,0,1,0,0,0,0,0,0,0,0,0,0,0,0,0,0,0,1,2,0,0,0,0,0,0,0,0,0,1,1,1,0,0,0,0,0,0,0,0,0,5,0,30,2,2,,,,,,,,,,,,,,,,,,,,,,,,,,,,,,,,,,,,,,
RPath,1770,sidewalks,83.859,CON,1,2,2,0,0,0,0,0,0,0,0,0,0,0,0,0,0,0,0,0,0,0,0,0,5,0,0,0,0,0,0,1,2,2,0,0,0,0,0,0,0,0,0,0,0,0,0,0,1,1,1,2,2,0,5,4,0,0,0,0,0,0,0,0,0,0,0,0,0,0,0,0,0,1,0,0,0,0,0,0,0,0,0,0,1,1,1,0,0,0,0,0,0,0,0,0,5,0,40,2,2,,,,,,,,,,,,,,,,,,,,,,,,,,,,,,,,,,,,,,
RPath,1771,sidewalks,14.387,CON,1,2,0,1,2,0,0,0,0,0,0,0,1,2,0,0,0,0,0,0,0,0,0,0,0,0,0,2,0,0,0,1,2,2,1,2,2,0,0,0,0,0,0,0,1,2,2,0,1,1,1,2,2,0,5,0,3,0,0,0,0,0,0,0,1,2,0,0,0,0,0,0,0,1,0,0,1,0,0,0,0,0,5,0,1,0,0,0,0,0,0,0,0,0,0,0,5,0,57,3,3,,,,,,,,,,,,,,,,,,,,,,,,,,,,,,,,,,,,,,
RPath,1772,sidewalks,12.702,CON,1,2,0,1,2,0,0,0,0,0,0,0,1,2,0,0,0,0,0,0,0,0,0,0,0,0,0,2,0,0,0,1,2,2,1,2,2,0,0,0,0,0,0,0,1,2,2,0,1,1,1,2,2,0,5,0,3,0,0,0,0,0,0,0,1,2,0,0,0,0,0,0,0,1,0,0,1,0,0,0,0,0,5,0,1,0,0,0,0,0,0,0,0,0,0,0,5,0,57,3,3,,,,,,,,,,,,,,,,,,,,,,,,,,,,,,,,,,,,,,
RPath,1773,sidewalks,12.31,CON,1,2,0,1,2,0,0,0,0,0,0,0,1,2,0,0,0,0,0,0,0,0,0,0,5,0,0,0,0,0,0,1,2,2,1,2,2,0,0,0,0,0,0,0,1,2,2,0,1,0,1,2,2,0,5,0,3,0,0,0,0,0,0,0,1,2,0,0,0,0,0,0,0,1,0,0,1,0,0,0,0,0,0,3,1,0,0,0,0,0,0,0,0,0,0,0,5,0,57,3,3,,,,,,,,,,,,,,,,,,,,,,,,,,,,,,,,,,,,,,
RPath,1774,sidewalks,12.38,CON,1,2,0,1,2,0,0,0,0,0,0,0,1,2,0,0,0,0,0,0,0,0,0,0,0,0,0,0,0,0,0,1,2,2,1,2,2,0,0,0,0,0,0,0,1,2,2,0,1,0,1,2,2,0,5,0,3,0,0,0,0,0,0,0,1,2,0,0,0,0,0,0,0,1,0,0,1,0,0,0,0,0,0,0,1,0,0,0,0,0,0,0,0,0,0,0,0,0,44,2,2,,,,,,,,,,,,,,,,,,,,,,,,,,,,,,,,,,,,,,
RPath,1775,sidewalks,71.934,CON,1,0,0,0,0,0,0,0,0,0,0,0,1,2,0,0,0,0,0,0,0,0,0,0,0,0,0,2,0,0,0,0,0,0,1,2,2,0,0,0,0,0,0,0,1,0,0,0,1,1,1,2,2,5,0,0,0,1,0,0,0,0,0,0,0,0,0,0,0,0,0,0,0,1,2,0,1,0,0,0,0,0,5,0,1,1,1,0,0,0,0,0,0,1,2,0,5,0,45,2,2,,,,,,,,,,,,,,,,,,,,,,,,,,,,,,,,,,,,,,
RPath,1776,sidewalks,87.592,CON,1,0,0,1,0,0,0,0,0,0,0,0,1,2,2,0,0,0,0,0,0,0,0,0,0,0,0,2,0,0,0,0,0,0,1,2,2,0,0,0,0,0,0,0,1,0,0,0,1,1,1,2,2,5,0,0,0,1,0,0,0,0,0,0,0,0,0,0,0,0,0,0,0,1,2,0,1,0,0,0,0,0,5,3,1,1,1,0,0,0,0,0,0,1,2,0,5,0,51,3,3,,,,,,,,,,,,,,,,,,,,,,,,,,,,,,,,,,,,,,
RPath,485,sidewalks,78.03,HMAC,0,0,0,0,0,0,0,0,0,0,0,0,1,2,2,0,0,0,1,2,2,0,0,0,0,0,3,0,0,0,0,1,0,0,0,0,0,0,0,0,0,0,0,0,1,0,0,0,1,1,1,2,2,0,0,0,3,1,0,0,0,0,0,0,0,0,0,0,0,0,0,0,0,1,2,0,1,2,2,0,0,0,0,0,1,1,1,0,0,0,0,0,0,0,0,0,5,0,42,2,2,4,184.3,0.285,0.285,,,,,0.285,,,,,,,,,,,,,,,,,,,,,,,,,,,,,8.0
RPath,1779,sidewalks,213.887,CON,1,0,0,1,0,0,0,0,0,0,0,0,1,2,2,0,0,0,1,2,2,0,0,0,0,0,3,0,0,0,0,1,2,0,0,0,0,0,0,0,0,0,0,0,1,2,2,0,1,1,1,2,2,0,5,4,3,0,1,0,0,0,0,0,0,0,0,0,0,0,0,0,0,1,2,2,1,2,2,0,0,0,0,0,1,1,1,0,0,0,0,0,0,0,0,0,5,0,61,3,3,,,,,,,,,,,,,,,,,,,,,,,,,,,,,,,,,,,,,,
RPath,1780,sidewalks,112.975,CON,1,0,0,1,0,0,0,0,0,0,0,0,1,2,2,0,0,0,1,2,2,0,0,0,0,0,0,0,0,0,0,1,2,2,1,0,0,0,0,0,1,0,0,0,1,2,2,0,1,0,1,2,2,0,5,4,3,0,1,2,0,0,0,0,0,0,0,0,0,0,0,0,0,1,2,2,1,0,0,0,0,0,0,0,1,1,1,0,0,0,0,0,0,0,0,0,5,0,59,3,3,,,,,,,,,,,,,,,,,,,,,,,,,,,,,,,,,,,,,,
RPath,1781,sidewalks,106.025,CON,1,2,2,1,2,0,0,0,0,0,0,0,1,2,2,0,0,0,0,0,0,0,0,0,0,0,0,2,0,0,0,0,0,0,1,2,2,0,0,0,0,0,0,0,1,0,0,0,1,1,1,2,2,5,5,0,0,0,0,0,0,0,0,0,0,0,0,0,0,0,0,0,0,1,2,0,0,0,0,0,0,0,0,0,1,0,0,0,0,0,0,0,0,0,0,0,5,0,47,3,2,,,,,,,,,,,,,,,,,,,,,,,,,,,,,,,,,,,,,,
RPath,1782,sidewalks,134.755,CON,1,2,0,1,2,2,1,0,0,1,0,0,1,2,2,0,0,0,0,0,0,0,0,0,0,0,0,2,0,0,0,0,0,0,1,2,2,0,0,0,0,0,0,0,1,2,0,0,1,1,1,2,2,5,5,0,0,0,0,0,0,0,0,0,0,0,0,0,0,0,0,0,0,1,2,2,1,0,0,0,0,0,0,0,1,0,0,0,0,0,0,0,0,0,0,0,5,0,54,3,3,,,,,,,,,,,,,,,,,,,,,,,,,,,,,,,,,,,,,,
RPath,1783,sidewalks,110.84,CON,1,2,2,0,0,0,0,0,0,0,0,0,1,0,0,1,0,0,0,0,0,0,0,0,0,0,0,2,0,0,0,0,0,0,1,2,2,0,0,0,0,0,0,0,0,0,0,0,0,0,1,2,2,5,5,0,3,0,0,0,0,0,0,0,0,0,0,0,0,0,0,0,0,1,2,0,0,0,0,0,0,0,0,3,1,1,1,0,0,0,0,0,0,0,0,0,5,0,46,3,2,,,,,,,,,,,,,,,,,,,,,,,,,,,,,,,,,,,,,,
RPath,1784,sidewalks,91.39,CON,1,2,2,1,2,0,1,0,0,0,0,0,1,2,0,1,2,0,0,0,0,0,0,0,0,0,0,2,0,0,0,0,0,0,0,0,0,0,0,0,0,0,0,0,0,0,0,0,1,1,1,2,2,0,0,0,3,1,0,0,0,0,0,0,0,0,0,0,0,0,0,0,0,0,0,0,1,2,2,0,0,0,5,3,1,0,0,0,0,0,0,0,0,0,0,0,5,0,47,3,2,,,,,,,,,,,,,,,,,,,,,,,,,,,,,,,,,,,,,,
RPath,1785,sidewalks,187.557,CON,1,2,2,1,0,0,1,0,0,0,0,0,1,2,0,1,2,0,0,0,0,0,0,0,0,0,0,2,0,0,0,0,0,0,0,0,0,0,0,0,0,0,0,0,0,0,0,0,1,0,1,2,2,0,0,0,3,1,0,0,0,0,0,0,0,0,0,0,0,0,0,0,0,1,0,0,1,2,0,0,0,0,0,3,1,0,0,0,0,0,0,0,0,0,0,0,5,0,38,2,2,,,,,,,,,,,,,,,,,,,,,,,,,,,,,,,,,,,,,,
RPath,1786,sidewalks,85.175,CON,1,2,2,1,2,0,1,2,0,1,2,0,1,2,0,0,0,0,0,0,0,0,0,0,0,0,0,2,0,0,0,0,0,0,1,2,2,0,0,0,0,0,0,5,1,2,2,0,0,0,1,2,2,0,5,0,0,1,0,0,0,0,0,0,1,0,0,0,0,0,1,2,0,0,0,0,1,2,2,0,0,0,5,3,0,0,1,0,0,0,0,0,0,0,0,0,5,0,68,4,4,,,,,,,,,,,,,,,,,,,,,,,,,,,,,,,,,,,,,,
RPath,1787,sidewalks,47.599,CON,1,2,2,1,2,0,1,0,0,1,2,0,1,2,0,0,0,0,0,0,0,0,0,0,5,0,0,2,0,0,0,0,0,0,1,2,2,0,0,0,0,0,0,5,1,2,2,0,0,0,1,2,2,0,5,0,0,1,0,0,0,0,0,0,1,0,0,0,0,0,1,2,0,0,0,0,1,2,0,0,0,0,0,3,0,0,0,0,0,0,0,0,0,0,0,0,5,0,63,3,3,,,,,,,,,,,,,,,,,,,,,,,,,,,,,,,,,,,,,,
RPath,1788,sidewalks,392.375,CON,1,2,2,1,2,2,1,2,0,1,0,0,1,0,0,0,0,0,0,0,0,0,0,0,5,5,0,2,1,0,0,0,0,0,1,2,2,0,0,0,0,0,0,5,1,0,0,0,0,0,1,2,2,0,0,0,3,1,0,0,0,0,0,0,1,0,0,0,0,0,1,0,0,1,2,0,1,2,0,0,0,0,0,3,1,1,1,0,0,0,0,0,0,0,0,0,5,0,67,4,4,,,,,,,,,,,,,,,,,,,,,,,,,,,,,,,,,,,,,,
RPath,1789,sidewalks,50.818,CON,1,2,2,1,2,0,1,2,0,0,0,0,1,2,0,0,0,0,0,0,0,0,0,0,0,0,0,2,0,0,0,1,2,2,0,0,0,0,0,0,0,0,0,0,1,2,0,0,1,0,1,2,0,5,0,4,0,1,0,0,0,0,0,0,0,0,0,0,0,0,0,0,0,1,2,0,0,0,0,0,0,0,0,3,1,1,1,0,0,0,0,0,0,1,0,0,5,0,53,3,3,,,,,,,,,,,,,,,,,,,,,,,,,,,,,,,,,,,,,,
RPath,1790,sidewalks,143.896,CON,1,2,2,1,2,2,1,2,2,1,0,0,1,2,2,0,0,0,0,0,0,1,2,0,0,5,0,2,0,0,0,0,0,0,1,0,0,0,0,0,0,0,0,5,1,0,0,0,1,0,1,2,0,5,0,0,0,1,0,0,0,0,0,0,1,2,2,1,0,0,1,0,0,1,0,0,1,2,0,0,0,0,0,3,1,0,0,1,0,0,0,0,0,0,0,0,5,0,69,4,4,,,,,,,,,,,,,,,,,,,,,,,,,,,,,,,,,,,,,,
RPath,1791,sidewalks,140.639,CON,1,2,2,1,2,2,1,2,2,1,2,0,1,2,2,0,0,0,0,0,0,1,2,0,0,5,0,2,1,0,0,0,0,0,1,0,0,0,0,0,1,0,0,5,1,2,0,0,1,0,1,2,0,5,0,0,0,1,1,0,0,0,0,0,1,2,0,1,0,0,1,0,0,1,2,0,1,2,2,0,0,0,5,3,1,0,0,1,0,0,0,0,0,0,0,0,5,0,83,5,4,,,,,,,,,,,,,,,,,,,,,,,,,,,,,,,,,,,,,,
RPath,1793,sidewalks,411.082,CON,1,2,2,1,2,2,1,2,0,1,2,2,1,2,2,0,0,0,0,0,0,0,0,0,0,5,0,2,0,0,0,1,2,0,1,2,2,0,0,0,0,0,0,0,1,0,0,0,0,0,1,2,2,5,0,4,3,0,0,0,0,0,0,0,0,0,0,0,0,0,0,0,0,1,2,2,1,2,2,0,0,0,0,3,1,1,1,0,0,0,1,2,0,0,0,0,5,0,80,4,4,,,,,,,,,,,,,,,,,,,,,,,,,,,,,,,,,,,,,,
RPath,1794,sidewalks,438.592,CON,1,2,2,1,2,2,1,2,2,0,0,0,1,2,0,1,2,0,0,0,0,0,0,0,0,5,0,2,0,0,0,0,0,0,1,2,2,0,0,0,1,0,0,0,1,0,0,0,1,1,1,2,2,5,0,0,3,1,0,0,0,0,0,0,0,0,0,0,0,0,0,0,0,1,2,0,1,2,0,0,0,0,0,3,1,1,1,0,0,0,0,0,0,0,0,0,5,0,68,4,4,,,,,,,,,,,,,,,,,,,,,,,,,,,,,,,,,,,,,,
RPath,1795,sidewalks,81.153,CON,1,2,2,1,2,0,1,2,0,0,0,0,1,2,0,0,0,0,0,0,0,0,0,0,0,0,0,2,0,0,0,0,0,0,1,0,0,0,0,0,0,0,0,0,0,0,0,0,1,1,1,2,2,0,0,0,0,1,0,0,0,0,0,0,0,0,0,0,0,0,0,0,0,0,0,0,1,2,0,0,0,0,0,3,1,1,1,0,0,0,0,0,0,0,0,0,5,0,39,2,2,,,,,,,,,,,,,,,,,,,,,,,,,,,,,,,,,,,,,,
RPath,1796,sidewalks,81.972,CON,1,2,2,1,2,0,1,2,0,0,0,0,1,2,2,0,0,0,0,0,0,0,0,0,0,0,0,2,0,0,0,0,0,0,0,0,0,0,0,0,0,0,0,0,0,0,0,0,1,1,1,2,2,5,0,0,3,1,0,0,0,0,0,0,0,0,0,0,0,0,0,0,0,0,0,0,1,2,2,0,0,0,0,3,1,1,1,0,0,0,0,0,0,0,0,0,5,0,50,3,3,,,,,,,,,,,,,,,,,,,,,,,,,,,,,,,,,,,,,,
RPath,1797,sidewalks,82.399,CON,1,2,2,1,2,0,1,0,0,1,2,0,1,2,0,0,0,0,0,0,0,0,0,0,0,0,0,2,1,2,0,0,0,0,1,2,2,0,0,0,0,0,0,5,1,2,0,0,0,0,1,2,2,0,5,0,0,1,0,0,0,1,0,0,1,2,2,0,0,0,0,0,0,1,2,0,1,2,2,0,0,0,5,3,1,0,0,0,0,0,0,0,0,0,0,0,5,0,72,4,4,,,,,,,,,,,,,,,,,,,,,,,,,,,,,,,,,,,,,,
RPath,1798,sidewalks,172.268,CON,1,0,0,0,0,0,0,0,0,0,0,0,0,0,0,0,0,0,0,0,0,0,0,0,0,0,0,2,0,0,0,0,0,0,0,0,0,0,0,0,0,0,0,0,0,0,0,0,0,0,0,0,0,0,0,0,0,1,0,0,0,0,0,0,0,0,0,0,0,0,0,0,0,0,0,0,0,0,0,0,0,0,0,0,1,1,1,0,0,0,0,0,0,0,0,0,5,3,15,1,1,,,,,,,,,,,,,,,,,,,,,,,,,,,,,,,,,,,,,,
RPath,1799,sidewalks,139.882,CON,1,2,0,0,0,0,0,0,0,0,0,0,0,0,0,0,0,0,0,0,0,0,0,0,0,0,0,2,0,0,0,0,0,0,0,0,0,0,0,0,0,0,0,0,0,0,0,0,0,0,0,0,0,0,0,0,0,1,0,0,0,0,0,0,0,0,0,0,0,0,0,0,0,0,0,0,0,0,0,0,0,0,0,3,1,1,1,0,0,0,0,0,0,0,0,0,0,3,15,1,1,,,,,,,,,,,,,,,,,,,,,,,,,,,,,,,,,,,,,,
RPath,1800,sidewalks,34.668,CON,1,2,0,0,0,0,0,0,0,0,0,0,0,0,0,0,0,0,0,0,0,0,0,0,0,0,0,2,0,0,0,0,0,0,0,0,0,0,0,0,0,0,0,0,0,0,0,0,0,0,0,0,0,0,0,0,0,1,0,0,0,0,0,0,0,0,0,0,0,0,0,0,0,0,0,0,0,0,0,0,0,0,0,3,1,1,1,0,0,0,0,0,0,0,0,0,0,3,15,1,1,,,,,,,,,,,,,,,,,,,,,,,,,,,,,,,,,,,,,,
RPath,1801,sidewalks,112.97,CON,1,2,2,0,0,0,0,0,0,0,0,0,0,0,0,0,0,0,0,0,0,0,0,0,0,0,0,2,0,0,0,0,0,0,0,0,0,0,0,0,0,0,0,0,0,0,0,0,0,0,0,0,0,0,0,0,0,1,0,0,0,0,0,0,0,0,0,0,0,0,0,0,0,0,0,0,0,0,0,0,0,0,0,3,1,1,1,0,0,0,0,0,0,0,0,0,0,3,17,1,1,,,,,,,,,,,,,,,,,,,,,,,,,,,,,,,,,,,,,,
RPath,1802,sidewalks,21.16,CON,1,0,0,0,0,0,0,0,0,0,0,0,0,0,0,0,0,0,0,0,0,0,0,0,0,0,0,2,0,0,0,0,0,0,0,0,0,0,0,0,0,0,0,0,0,0,0,0,0,0,0,0,0,0,0,0,0,1,0,0,0,0,0,0,0,0,0,0,0,0,0,0,0,0,0,0,0,0,0,0,0,0,0,0,1,1,1,0,0,0,0,0,0,0,0,0,0,3,10,1,1,,,,,,,,,,,,,,,,,,,,,,,,,,,,,,,,,,,,,,
RPath,1803,sidewalks,79.054,CON,1,2,0,0,0,0,0,0,0,0,0,0,0,0,0,0,0,0,0,0,0,0,0,0,0,0,0,2,0,0,0,0,0,0,0,0,0,0,0,0,0,0,0,0,0,0,0,0,0,0,0,0,0,0,0,0,0,1,0,0,0,0,0,0,0,0,0,0,0,0,0,0,0,0,0,0,0,0,0,0,0,0,0,3,1,1,1,0,0,0,0,0,0,0,0,0,5,3,20,1,1,,,,,,,,,,,,,,,,,,,,,,,,,,,,,,,,,,,,,,
RPath,1804,sidewalks,51.57,CON,1,2,0,0,0,0,0,0,0,0,0,0,0,0,0,0,0,0,0,0,0,0,0,0,0,0,0,2,0,0,0,0,0,0,0,0,0,0,0,0,0,0,0,0,0,0,0,0,0,0,0,0,0,0,0,0,0,1,0,0,0,0,0,0,0,0,0,0,0,0,0,0,0,0,0,0,0,0,0,0,0,0,0,3,1,1,1,0,0,0,0,0,0,0,0,0,5,0,17,1,1,,,,,,,,,,,,,,,,,,,,,,,,,,,,,,,,,,,,,,
RPath,1805,sidewalks,266.935,CON,0,0,0,0,0,0,0,0,0,0,0,0,0,0,0,0,0,0,0,0,0,0,0,0,0,0,3,0,0,0,0,1,2,0,0,0,0,0,0,0,0,0,0,0,0,0,0,0,0,0,1,2,0,0,0,0,0,1,0,0,0,0,0,0,0,0,0,0,0,0,0,0,0,0,0,0,0,0,0,0,0,0,0,0,1,1,1,0,0,0,0,0,0,0,0,0,0,3,16,1,1,,,,,,,,,,,,,,,,,,,,,,,,,,,,,,,,,,,,,,
RPath,1806,sidewalks,100.625,CON,1,2,0,1,0,0,0,0,0,0,0,0,1,2,2,1,0,0,1,2,2,0,0,0,0,0,0,2,0,0,0,1,2,2,1,0,0,0,0,0,0,0,0,0,1,2,0,0,1,0,1,2,0,0,0,0,3,1,0,0,0,0,0,0,1,2,0,0,0,0,0,0,0,1,0,0,1,2,0,0,0,0,0,3,1,0,0,0,0,0,1,0,0,0,0,0,5,0,51,3,3,,,,,,,,,,,,,,,,,,,,,,,,,,,,,,,,,,,,,,
RPath,1807,sidewalks,123.835,CON,1,0,0,1,0,0,0,0,0,0,0,0,1,2,2,0,0,0,1,2,2,0,0,0,0,5,0,0,0,0,0,1,2,0,0,0,0,0,0,0,0,0,0,0,1,2,2,0,1,1,1,2,2,0,5,0,3,0,1,0,0,0,0,0,0,0,0,0,0,0,0,0,0,1,2,2,1,2,0,0,0,0,0,0,1,1,1,0,0,0,1,0,0,0,0,0,5,0,58,3,3,,,,,,,,,,,,,,,,,,,,,,,,,,,,,,,,,,,,,,
RPath,1808,sidewalks,80.501,CON,0,0,0,0,0,0,0,0,0,0,0,0,1,2,2,0,0,0,1,2,2,0,0,0,0,5,0,0,0,0,0,1,2,0,0,0,0,0,0,0,0,0,0,0,1,2,0,0,1,1,1,2,2,0,0,0,3,0,0,0,0,0,0,0,0,0,0,0,0,0,0,0,0,1,2,2,1,2,0,0,0,0,0,0,1,1,1,0,0,0,0,0,0,0,0,0,5,0,47,3,2,,,,,,,,,,,,,,,,,,,,,,,,,,,,,,,,,,,,,,
RPath,1813,sidewalks,44.76,CON,1,0,0,1,0,0,0,0,0,0,0,0,1,2,0,1,2,0,0,0,0,0,0,0,0,0,0,2,0,0,0,0,0,0,1,2,2,0,0,0,0,0,0,5,1,0,0,0,0,0,1,2,2,5,5,0,3,1,0,0,0,0,0,0,0,0,0,0,0,0,0,0,0,1,2,0,1,2,0,0,0,0,5,3,0,1,0,0,0,0,0,0,0,1,0,0,5,0,61,3,3,,,,,,,,,,,,,,,,,,,,,,,,,,,,,,,,,,,,,,
RPath,1814,sidewalks,87.649,CON,1,0,0,1,2,0,0,0,0,0,0,0,1,2,2,1,2,0,0,0,0,0,0,0,0,5,0,2,0,0,0,0,0,0,1,2,2,0,0,0,0,0,0,5,1,0,0,0,0,0,1,2,2,0,0,0,3,1,0,0,0,0,0,0,0,0,0,0,0,0,0,0,0,1,2,0,1,2,2,0,0,0,5,3,1,1,0,0,0,0,0,0,0,1,0,0,5,0,63,3,3,,,,,,,,,,,,,,,,,,,,,,,,,,,,,,,,,,,,,,
RPath,1815,sidewalks,18.678,CON,1,2,0,0,0,0,0,0,0,1,0,0,1,0,0,0,0,0,0,0,0,0,0,0,0,5,0,0,0,0,0,1,2,2,1,2,0,0,0,0,1,2,2,0,0,0,0,0,1,1,1,2,2,0,0,0,3,0,0,0,0,0,0,0,0,0,0,1,0,0,0,0,0,0,0,0,0,0,0,0,0,0,0,0,1,1,1,0,0,0,0,0,0,0,0,0,5,0,42,2,2,,,,,,,,,,,,,,,,,,,,,,,,,,,,,,,,,,,,,,
RPath,1816,sidewalks,35.883,CON,1,2,0,0,0,0,0,0,0,1,0,0,1,0,0,0,0,0,0,0,0,0,0,0,0,5,0,2,0,0,0,1,2,0,1,2,2,0,0,0,1,2,2,0,0,0,0,0,1,1,1,2,2,0,0,0,3,1,0,0,0,0,0,0,0,0,0,1,0,0,0,0,0,0,0,0,0,0,0,0,0,0,0,0,1,1,1,0,0,0,0,0,0,0,0,0,5,0,45,2,2,,,,,,,,,,,,,,,,,,,,,,,,,,,,,,,,,,,,,,
RPath,1817,sidewalks,98.663,CON,1,2,0,1,2,0,1,2,0,0,0,0,0,0,0,0,0,0,0,0,0,0,0,0,0,0,0,2,0,0,0,0,0,0,0,0,0,0,0,0,0,0,0,0,0,0,0,0,0,0,1,2,2,5,0,4,3,1,0,0,0,0,0,0,0,0,0,0,0,0,0,0,0,1,2,0,1,2,0,0,0,0,0,3,1,1,1,0,0,0,0,0,0,0,0,0,5,0,46,3,2,,,,,,,,,,,,,,,,,,,,,,,,,,,,,,,,,,,,,,
RPath,1818,sidewalks,96.123,CON,1,2,0,1,2,0,1,0,0,0,0,0,0,0,0,0,0,0,0,0,0,0,0,0,0,0,0,2,0,0,0,0,0,0,0,0,0,0,0,0,0,0,0,0,0,0,0,0,0,0,1,2,2,5,0,4,0,1,0,0,0,0,0,0,0,0,0,0,0,0,0,0,0,1,2,2,1,2,0,0,0,0,0,3,1,0,0,0,0,0,0,0,0,0,0,0,5,0,41,2,2,,,,,,,,,,,,,,,,,,,,,,,,,,,,,,,,,,,,,,
RPath,1819,sidewalks,76.259,CON,1,2,0,1,2,0,1,2,0,0,0,0,0,0,0,0,0,0,0,0,0,0,0,0,0,0,0,2,0,0,0,0,0,0,0,0,0,0,0,0,0,0,0,0,0,0,0,0,1,0,1,2,2,5,0,4,0,1,0,0,0,0,0,0,0,0,0,0,0,0,0,0,0,1,2,2,1,0,0,0,0,0,0,3,1,0,0,0,0,0,0,0,0,0,0,0,5,0,42,2,2,,,,,,,,,,,,,,,,,,,,,,,,,,,,,,,,,,,,,,
RPath,1820,sidewalks,76.993,CON,1,2,0,1,2,0,1,2,0,0,0,0,0,0,0,0,0,0,0,0,0,0,0,0,0,0,0,2,0,0,0,0,0,0,0,0,0,0,0,0,0,0,0,0,0,0,0,0,1,0,1,2,2,5,0,4,0,1,0,0,0,0,0,0,0,0,0,0,0,0,0,0,0,1,2,0,1,0,0,0,0,0,0,3,1,0,0,0,0,0,0,0,0,0,0,0,5,0,40,2,2,,,,,,,,,,,,,,,,,,,,,,,,,,,,,,,,,,,,,,
RPath,1821,sidewalks,67.488,CON,1,2,2,1,2,0,1,2,0,0,0,0,0,0,0,0,0,0,0,0,0,0,0,0,0,0,0,2,0,0,0,0,0,0,0,0,0,0,0,0,0,0,0,0,0,0,0,0,1,1,1,2,2,5,0,4,3,1,0,0,0,0,0,0,0,0,0,0,0,0,0,0,0,1,2,0,0,0,0,0,0,0,0,3,1,1,1,0,0,0,0,0,0,0,0,0,5,0,47,3,2,,,,,,,,,,,,,,,,,,,,,,,,,,,,,,,,,,,,,,
RPath,1822,sidewalks,36.958,CON,1,2,2,0,0,0,0,0,0,0,0,0,1,2,2,0,0,0,0,0,0,1,0,0,0,5,0,2,0,0,0,0,0,0,1,2,2,0,0,0,1,0,0,0,1,2,0,0,1,0,1,2,2,0,0,0,0,1,0,0,0,0,0,0,0,0,0,0,0,0,0,0,0,1,2,0,1,2,2,0,0,0,5,3,1,1,1,0,0,0,0,0,0,0,0,0,5,0,58,3,3,,,,,,,,,,,,,,,,,,,,,,,,,,,,,,,,,,,,,,
RPath,1823,sidewalks,108.53,CON,1,2,0,0,0,0,0,0,0,1,2,0,0,0,0,1,0,0,0,0,0,0,0,0,5,0,0,2,0,0,0,0,0,0,1,2,2,0,0,0,1,2,2,0,1,2,0,0,1,0,1,2,2,5,0,0,3,1,0,0,0,0,0,0,1,2,2,0,0,0,0,0,0,0,0,0,1,0,0,0,0,0,0,0,1,1,1,0,0,0,0,0,0,0,0,0,5,0,56,3,3,,,,,,,,,,,,,,,,,,,,,,,,,,,,,,,,,,,,,,
RPath,1824,sidewalks,19.066,CON,1,2,0,1,2,0,1,0,0,0,0,0,1,2,2,0,0,0,0,0,0,0,0,0,0,5,0,2,0,0,0,0,0,0,1,2,0,0,0,0,0,0,0,0,0,0,0,0,1,1,1,2,2,5,0,0,3,0,0,0,0,0,0,0,0,0,0,0,0,0,0,0,0,1,2,2,1,2,0,0,0,0,0,3,1,1,1,0,0,0,0,0,0,0,0,0,5,0,56,3,3,,,,,,,,,,,,,,,,,,,,,,,,,,,,,,,,,,,,,,
RPath,1827,sidewalks,50.774,CON,1,2,2,1,2,0,0,0,0,0,0,0,1,2,2,1,2,2,0,0,0,0,0,0,0,5,0,2,0,0,0,1,2,0,1,2,2,0,0,0,0,0,0,0,1,2,2,0,0,0,1,2,2,5,5,4,0,0,0,0,0,1,0,0,1,2,0,1,2,0,0,0,0,1,0,0,1,2,0,0,0,0,5,0,1,1,1,0,0,0,0,0,0,1,2,0,5,0,84,5,4,,,,,,,,,,,,,,,,,,,,,,,,,,,,,,,,,,,,,,
RPath,1828,sidewalks,6.818,CON,0,0,0,0,0,0,0,0,0,0,0,0,1,0,0,0,0,0,1,0,0,0,0,0,0,0,3,0,0,0,0,0,0,0,0,0,0,0,0,0,0,0,0,0,0,0,0,0,0,0,1,0,0,0,0,0,0,1,0,0,0,0,0,0,0,0,0,0,0,0,0,0,0,0,0,0,1,0,0,1,0,0,0,0,1,1,1,0,0,0,0,0,0,1,0,0,5,0,18,1,1,,,,,,,,,,,,,,,,,,,,,,,,,,,,,,,,,,,,,,
RPath,1829,sidewalks,4.974,CON,0,0,0,0,0,0,0,0,0,0,0,0,1,0,0,0,0,0,1,0,0,0,0,0,0,0,3,0,0,0,0,0,0,0,0,0,0,0,0,0,0,0,0,0,0,0,0,0,0,0,1,0,0,0,0,0,0,1,0,0,0,0,0,0,0,0,0,0,0,0,0,0,0,0,0,0,1,0,0,1,0,0,0,0,1,1,1,0,0,0,0,0,0,1,0,0,5,0,18,1,1,,,,,,,,,,,,,,,,,,,,,,,,,,,,,,,,,,,,,,
RPath,1830,sidewalks,10.488,CON,0,0,0,0,0,0,0,0,0,0,0,0,1,0,0,0,0,0,1,0,0,0,0,0,0,0,3,0,0,0,0,0,0,0,1,0,0,0,0,0,0,0,0,0,1,0,0,0,0,0,1,0,0,0,0,0,0,1,0,0,0,0,0,0,0,0,0,0,0,0,0,0,0,0,0,0,1,0,0,1,0,0,0,0,1,1,1,0,0,0,0,0,0,1,0,0,5,0,20,1,1,,,,,,,,,,,,,,,,,,,,,,,,,,,,,,,,,,,,,,
RPath,1831,sidewalks,11.512,CON,1,0,0,0,0,0,0,0,0,0,0,0,1,0,0,0,0,0,1,0,0,0,0,0,0,0,3,0,0,0,0,0,0,0,1,0,0,0,0,0,0,0,0,0,1,0,0,0,0,0,1,0,0,0,0,0,0,1,0,0,0,0,0,0,0,0,0,0,0,0,0,0,0,0,0,0,1,0,0,1,0,0,0,0,1,1,1,0,0,0,0,0,0,0,0,0,5,0,20,1,1,,,,,,,,,,,,,,,,,,,,,,,,,,,,,,,,,,,,,,
RPath,1832,sidewalks,15.012,CON,0,0,0,0,0,0,0,0,0,0,0,0,1,0,0,0,0,0,1,0,0,0,0,0,0,0,3,0,0,0,0,0,0,0,0,0,0,0,0,0,0,0,0,0,0,0,0,0,0,0,1,0,0,0,0,0,0,1,0,0,0,0,0,0,0,0,0,0,0,0,0,0,0,0,0,0,1,0,0,1,0,0,0,0,1,1,1,0,0,0,0,0,0,1,0,0,5,0,18,1,1,,,,,,,,,,,,,,,,,,,,,,,,,,,,,,,,,,,,,,
RPath,983,sidewalks,40.092,CON,1,2,2,0,0,0,0,0,0,1,0,0,1,2,0,1,2,0,0,0,0,0,0,0,5,0,0,0,1,2,2,0,0,0,1,2,0,0,0,0,0,0,0,0,1,2,2,0,1,0,1,2,0,0,5,0,0,1,0,0,0,0,0,0,1,2,0,0,0,0,1,0,0,1,2,0,1,2,0,1,0,0,0,3,1,1,1,1,2,2,1,0,0,1,2,0,5,0,71,4,4,2,128.4,0.140,0.035,,,,0.140,,,,,,,,,,,,,,,,,,,,,,,,,,,,,,8.0
RPath,1834,sidewalks,168.422,HMAC,1,2,2,1,0,0,0,0,0,1,0,0,1,2,0,1,2,2,0,0,0,0,0,0,0,5,0,0,1,2,2,0,0,0,1,2,2,0,0,0,0,0,0,0,1,2,0,0,1,0,1,2,2,5,5,0,3,1,1,0,0,0,0,0,1,0,0,0,0,0,1,0,0,1,2,0,1,2,2,1,0,0,5,0,1,1,1,1,2,2,1,2,0,1,2,2,5,0,91,5,5,,,,,,,,,,,,,,,,,,,,,,,,,,,,,,,,,,,,,,
RPath,1835,sidewalks,104.18,CON,1,2,2,0,0,0,0,0,0,1,0,0,1,2,0,1,2,0,0,0,0,0,0,0,5,5,3,0,1,2,2,0,0,0,1,2,0,0,0,0,0,0,0,0,1,2,0,0,1,0,1,2,2,5,5,0,3,0,1,0,0,0,0,0,1,0,0,0,0,0,1,0,0,1,2,0,1,2,2,1,0,0,0,0,1,1,1,1,2,2,1,2,0,1,2,2,5,0,88,5,5,,,,,,,,,,,,,,,,,,,,,,,,,,,,,,,,,,,,,,
RPath,1836,sidewalks,103.32,CON,1,2,2,0,0,0,0,0,0,1,2,0,1,0,0,1,2,0,0,0,0,0,0,0,5,5,0,0,1,2,2,0,0,0,1,2,0,0,0,0,0,0,0,0,1,2,0,0,1,0,1,2,2,5,0,0,3,0,1,0,0,0,0,0,1,0,0,0,0,0,1,0,0,1,2,0,1,2,2,1,0,0,0,0,1,1,1,1,2,2,1,2,2,1,2,2,5,0,82,4,4,,,,,,,,,,,,,,,,,,,,,,,,,,,,,,,,,,,,,,
RPath,1838,sidewalks,5.46,CON,1,2,0,1,0,0,1,0,0,0,0,0,1,2,0,1,2,0,0,0,0,1,2,0,0,0,0,2,0,0,0,0,0,0,1,2,2,0,0,0,0,0,0,5,1,2,2,0,1,1,1,2,2,5,5,0,0,1,0,0,0,0,0,0,0,0,0,1,0,0,0,0,0,1,2,2,1,2,0,0,0,0,0,3,1,0,1,0,0,0,0,0,0,0,0,0,5,0,68,4,4,,,,,,,,,,,,,,,,,,,,,,,,,,,,,,,,,,,,,,
RPath,1839,sidewalks,69.232,CON,1,0,0,1,0,0,0,0,0,1,0,0,1,0,0,1,2,0,0,0,0,0,0,0,5,0,0,2,0,0,0,1,2,2,1,2,2,0,0,0,1,2,2,0,1,2,0,0,1,1,1,2,2,0,5,0,0,1,0,0,0,0,0,0,0,0,0,0,0,0,0,0,0,1,0,0,1,2,2,0,0,0,0,0,1,1,1,1,0,0,0,0,0,0,0,0,5,0,60,3,3,,,,,,,,,,,,,,,,,,,,,,,,,,,,,,,,,,,,,,
RPath,743,sidewalks,5.57,PB,1,0,0,0,0,0,0,0,0,1,2,0,1,0,0,1,2,0,0,0,0,0,0,0,5,0,0,0,1,2,2,0,0,0,1,2,0,0,0,0,0,0,0,0,1,2,2,0,1,1,1,2,2,0,0,0,0,1,0,0,0,1,0,0,1,0,0,0,0,0,1,2,0,1,2,0,1,2,0,1,0,0,0,0,1,1,1,1,2,2,1,0,0,1,2,0,5,0,63,3,3,1,71.9,0.000,0.000,,,,,,,,,,,,,,,,,,,,,,,,,,,,,,,,,,3.0
RPath,1841,sidewalks,66.311,CON,1,0,0,0,0,0,0,0,0,1,2,0,1,0,0,1,2,2,0,0,0,0,0,0,5,0,0,0,1,2,2,0,0,0,1,2,0,0,0,0,0,0,0,0,1,2,2,0,1,1,1,2,2,0,0,0,3,1,1,0,0,1,0,0,1,2,0,0,0,0,1,2,0,1,2,2,1,2,0,1,0,0,0,0,1,1,1,1,2,2,1,0,0,1,2,0,5,0,73,4,4,,,,,,,,,,,,,,,,,,,,,,,,,,,,,,,,,,,,,,
RPath,1842,sidewalks,383.43,CON,1,2,2,1,2,0,1,2,0,0,0,0,1,2,2,0,0,0,0,0,0,0,0,0,0,5,0,2,0,0,0,1,2,2,0,0,0,0,0,0,0,0,0,0,1,2,0,0,1,0,1,2,0,5,0,4,0,1,0,0,0,0,0,0,0,0,0,1,0,0,0,0,0,1,2,2,0,0,0,0,0,0,0,3,1,1,1,0,0,0,0,0,0,1,0,0,5,0,63,3,3,,,,,,,,,,,,,,,,,,,,,,,,,,,,,,,,,,,,,,
RPath,1843,sidewalks,35.486,CON,1,2,2,1,2,2,1,2,2,1,2,2,1,2,2,0,0,0,0,0,0,0,0,0,0,5,0,0,0,0,0,0,0,0,0,0,0,0,0,0,1,0,0,0,0,0,0,0,0,0,0,0,0,0,0,0,3,0,0,0,0,0,0,0,0,0,0,0,0,0,0,0,0,1,2,0,1,2,2,0,0,0,0,0,1,1,1,0,0,0,1,2,2,0,0,0,5,0,55,3,3,,,,,,,,,,,,,,,,,,,,,,,,,,,,,,,,,,,,,,
RPath,1844,sidewalks,12.309,CON,1,2,2,1,2,2,1,2,2,1,2,2,1,2,2,0,0,0,0,0,0,0,0,0,0,5,0,0,0,0,0,0,0,0,0,0,0,0,0,0,0,0,0,0,0,0,0,0,0,0,0,0,0,0,0,0,3,0,0,0,0,0,0,0,0,0,0,0,0,0,0,0,0,1,2,0,1,2,2,0,0,0,0,0,1,1,1,0,0,0,1,2,2,0,0,0,5,0,54,3,3,,,,,,,,,,,,,,,,,,,,,,,,,,,,,,,,,,,,,,
RPath,1845,sidewalks,58.274,CON,1,2,2,1,2,2,1,2,2,1,2,2,1,2,2,0,0,0,0,0,0,0,0,0,0,5,0,0,0,0,0,0,0,0,0,0,0,0,0,0,0,0,0,0,0,0,0,0,0,0,0,0,0,0,0,0,3,0,0,0,0,0,0,0,0,0,0,0,0,0,0,0,0,1,2,0,1,2,2,0,0,0,0,0,1,1,1,0,0,0,1,2,2,0,0,0,5,0,54,3,3,,,,,,,,,,,,,,,,,,,,,,,,,,,,,,,,,,,,,,
RPath,1846,sidewalks,70.792,CON,1,2,2,1,2,2,1,2,2,1,2,2,1,2,2,0,0,0,0,0,0,0,0,0,0,5,0,2,0,0,0,0,0,0,1,0,0,0,0,0,0,0,0,0,0,0,0,0,0,0,0,0,0,0,0,0,3,0,0,0,0,0,0,0,0,0,0,0,0,0,0,0,0,1,2,0,1,2,2,0,0,0,0,3,1,1,1,0,0,0,1,2,2,0,0,0,5,0,60,3,3,,,,,,,,,,,,,,,,,,,,,,,,,,,,,,,,,,,,,,
RPath,1847,sidewalks,86.034,CON,1,2,2,1,2,0,1,2,0,0,0,0,1,2,2,0,0,0,0,0,0,0,0,0,0,0,0,2,0,0,0,0,0,0,0,0,0,0,0,0,0,0,0,0,0,0,0,0,1,1,1,2,2,5,0,4,3,1,0,0,0,0,0,0,0,0,0,0,0,0,0,0,0,1,2,0,1,2,2,0,0,0,0,3,1,1,0,1,2,0,0,0,0,0,0,0,5,0,59,3,3,,,,,,,,,,,,,,,,,,,,,,,,,,,,,,,,,,,,,,
RPath,1848,sidewalks,160.57,CON,1,2,2,1,2,0,1,2,0,0,0,0,1,2,0,0,0,0,0,0,0,0,0,0,0,5,0,2,0,0,0,0,0,0,0,0,0,0,0,0,0,0,0,0,0,0,0,0,1,0,1,2,2,5,0,4,0,1,0,0,0,0,0,0,0,0,0,0,0,0,0,0,0,1,2,0,1,2,0,0,0,0,0,3,1,1,0,1,0,0,0,0,0,0,0,0,5,0,54,3,3,,,,,,,,,,,,,,,,,,,,,,,,,,,,,,,,,,,,,,
RPath,1849,sidewalks,50.606,CON,1,2,2,1,2,0,1,2,0,0,0,0,1,0,0,0,0,0,0,0,0,0,0,0,0,0,0,2,0,0,0,0,0,0,0,0,0,0,0,0,0,0,0,0,0,0,0,0,0,0,1,2,2,5,0,4,0,1,0,0,0,0,0,0,0,0,0,0,0,0,0,0,0,1,0,0,1,0,0,0,0,0,0,3,1,1,0,0,0,0,0,0,0,0,0,0,5,0,41,2,2,,,,,,,,,,,,,,,,,,,,,,,,,,,,,,,,,,,,,,
RPath,1850,sidewalks,174.82,CON,1,2,2,1,2,0,1,2,0,0,0,0,1,2,2,1,0,0,0,0,0,1,2,2,0,5,0,0,0,0,0,1,0,0,1,2,2,0,0,0,0,0,0,0,1,2,0,0,0,0,1,2,2,5,0,0,3,1,0,0,0,0,0,0,1,0,0,0,0,0,1,2,0,1,2,2,1,2,2,0,0,0,0,3,1,0,0,1,0,0,0,0,0,0,0,0,5,0,74,4,4,,,,,,,,,,,,,,,,,,,,,,,,,,,,,,,,,,,,,,
RPath,1855,sidewalks,84.947,CON,1,2,2,1,2,0,1,2,0,1,2,0,1,2,0,0,0,0,0,0,0,0,0,0,0,0,0,2,0,0,0,0,0,0,1,2,2,0,0,0,0,0,0,5,1,2,0,0,0,0,1,2,2,0,5,0,0,1,0,0,0,0,0,0,1,0,0,0,0,0,1,2,0,0,0,0,1,2,2,0,0,0,5,3,1,0,1,0,0,0,0,0,0,0,0,0,5,0,67,4,4,,,,,,,,,,,,,,,,,,,,,,,,,,,,,,,,,,,,,,
RPath,1856,sidewalks,84.398,CON,1,2,2,1,2,0,1,2,0,1,0,0,1,2,0,0,0,0,0,0,0,0,0,0,5,0,0,2,0,0,0,0,0,0,1,2,2,0,0,0,0,0,0,5,1,0,0,0,0,0,1,2,2,0,5,0,0,1,0,0,0,0,0,0,1,0,0,0,0,0,1,2,0,0,0,0,1,2,2,0,0,0,5,3,1,0,1,0,0,0,0,0,0,0,0,0,5,0,68,4,4,,,,,,,,,,,,,,,,,,,,,,,,,,,,,,,,,,,,,,
RPath,1858,sidewalks,45.605,CON,1,2,2,1,2,0,1,2,0,1,0,0,1,0,0,0,0,0,0,0,0,0,0,0,5,0,0,2,0,0,0,0,0,0,1,2,2,0,0,0,0,0,0,5,1,0,0,0,0,0,1,2,2,0,5,0,0,1,0,0,0,0,0,0,1,0,0,0,0,0,1,2,0,1,0,0,1,2,2,0,0,0,0,3,1,0,1,0,0,0,0,0,0,0,0,0,5,0,62,3,3,,,,,,,,,,,,,,,,,,,,,,,,,,,,,,,,,,,,,,
RPath,1859,sidewalks,126.805,CON,1,2,0,1,2,0,1,0,0,1,2,0,1,2,0,1,2,0,0,0,0,0,0,0,0,0,0,2,1,2,2,0,0,0,1,2,2,0,0,0,0,0,0,5,1,2,2,0,1,0,1,2,2,5,5,0,0,1,0,0,0,1,2,0,1,2,2,0,0,0,0,0,0,1,2,0,1,2,2,0,0,0,5,3,0,0,0,1,0,0,0,0,0,1,2,0,5,0,88,5,5,,,,,,,,,,,,,,,,,,,,,,,,,,,,,,,,,,,,,,
RPath,1860,sidewalks,117.379,CON,1,0,0,1,0,0,0,0,0,1,2,0,1,2,0,1,2,2,0,0,0,0,0,0,5,0,0,2,1,2,2,0,0,0,1,2,0,0,0,0,0,0,0,5,1,2,0,0,1,1,1,2,2,0,0,0,0,1,0,0,0,1,2,0,1,2,2,0,0,0,1,0,0,1,2,0,1,2,2,0,0,0,5,3,1,1,1,1,2,0,0,0,0,1,2,2,5,0,85,5,4,,,,,,,,,,,,,,,,,,,,,,,,,,,,,,,,,,,,,,
RPath,1861,sidewalks,108.854,CON,1,2,2,1,2,0,1,2,0,1,2,0,1,2,2,0,0,0,0,0,0,1,2,0,0,0,0,2,1,2,0,0,0,0,1,2,0,0,0,0,1,2,0,5,1,2,2,0,1,0,1,2,2,5,5,0,3,1,1,0,0,0,0,0,1,0,0,0,0,0,0,0,0,1,2,0,1,2,2,0,0,0,5,3,1,0,1,1,2,0,0,0,0,0,0,0,5,0,91,5,5,,,,,,,,,,,,,,,,,,,,,,,,,,,,,,,,,,,,,,
RPath,1862,sidewalks,73.662,CON,1,2,0,0,0,0,0,0,0,0,0,0,1,0,0,0,0,0,1,0,0,0,0,0,0,0,0,2,0,0,0,1,2,0,1,2,2,0,0,0,0,0,0,0,1,2,2,0,1,1,1,2,2,5,0,0,0,1,0,0,0,0,0,0,0,0,0,0,0,0,0,0,0,1,0,0,1,2,2,0,0,0,5,3,1,1,1,0,0,0,0,0,0,1,2,0,5,0,58,3,3,,,,,,,,,,,,,,,,,,,,,,,,,,,,,,,,,,,,,,
RPath,1896,sidewalks,108.488,CON,1,2,2,1,2,0,1,2,0,0,0,0,1,2,2,1,2,0,0,0,0,1,2,0,0,5,0,2,0,0,0,0,0,0,1,2,2,0,0,0,0,0,0,0,1,2,2,0,0,0,1,2,2,5,5,0,3,0,0,0,0,0,0,0,0,0,0,0,0,0,1,2,2,1,2,0,1,0,0,0,0,0,0,3,1,0,1,1,0,0,0,0,0,0,0,0,5,0,77,4,4,,,,,,,,,,,,,,,,,,,,,,,,,,,,,,,,,,,,,,
RPath,1867,sidewalks,87.215,CON,1,2,2,1,2,0,1,2,0,0,0,0,1,2,2,1,2,0,0,0,0,1,2,0,0,5,0,2,0,0,0,0,0,0,1,2,2,0,0,0,0,0,0,0,1,2,0,0,0,0,1,2,2,5,0,0,3,0,0,0,0,0,0,0,0,0,0,0,0,0,1,2,2,1,2,2,1,2,0,0,0,0,0,3,1,0,0,1,0,0,0,0,0,0,0,0,5,0,73,4,4,,,,,,,,,,,,,,,,,,,,,,,,,,,,,,,,,,,,,,
RPath,1870,sidewalks,104.851,CON,1,2,2,0,0,0,0,0,0,1,2,0,1,0,0,1,0,0,0,0,0,0,0,0,5,5,0,0,1,2,2,0,0,0,1,0,0,0,0,0,0,0,0,0,1,2,2,0,1,1,1,2,2,0,0,0,3,1,1,2,0,0,0,0,1,2,0,0,0,0,1,2,0,1,2,0,1,2,2,1,2,0,5,0,1,1,1,1,2,2,1,2,2,1,2,2,5,0,90,5,5,,,,,,,,,,,,,,,,,,,,,,,,,,,,,,,,,,,,,,
RPath,1871,sidewalks,73.115,CON,1,2,2,0,0,0,0,0,0,1,2,0,1,0,0,1,0,0,0,0,0,0,0,0,5,5,0,0,1,2,2,0,0,0,1,0,0,0,0,0,0,0,0,0,1,2,2,0,1,1,1,2,2,0,0,0,3,0,1,2,0,0,0,0,1,2,0,0,0,0,1,2,0,1,2,0,1,2,2,1,0,0,0,0,1,1,1,1,2,2,1,2,2,1,2,2,5,0,82,4,4,,,,,,,,,,,,,,,,,,,,,,,,,,,,,,,,,,,,,,
RPath,1872,sidewalks,30.169,CON,1,2,2,0,0,0,0,0,0,1,0,0,1,0,0,1,2,0,0,0,0,0,0,0,5,0,0,0,1,2,2,0,0,0,1,2,0,0,0,0,0,0,0,0,1,2,0,0,1,0,1,2,2,0,0,0,3,1,1,0,0,0,0,0,1,0,0,0,0,0,1,0,0,1,2,0,1,2,2,1,2,0,5,0,1,1,1,1,2,2,1,2,0,1,2,2,5,0,76,4,4,,,,,,,,,,,,,,,,,,,,,,,,,,,,,,,,,,,,,,
RPath,1873,sidewalks,28.561,CON,1,2,2,0,0,0,0,0,0,1,0,0,1,0,0,1,2,0,0,0,0,0,0,0,5,0,0,0,1,2,2,0,0,0,1,2,0,0,0,0,0,0,0,0,1,2,0,0,1,0,1,2,2,0,0,0,0,1,1,0,0,0,0,0,1,0,0,0,0,0,1,0,0,1,2,0,1,2,2,1,2,0,5,0,1,1,1,1,2,2,1,2,0,1,2,0,5,0,71,4,4,,,,,,,,,,,,,,,,,,,,,,,,,,,,,,,,,,,,,,
RPath,1875,sidewalks,5.638,CON,1,2,2,0,0,0,0,0,0,1,0,0,1,0,0,1,0,0,0,0,0,0,0,0,5,0,0,0,1,2,2,0,0,0,1,0,0,0,0,0,0,0,0,0,1,2,0,0,1,0,1,2,2,0,0,0,3,1,1,0,0,0,0,0,1,0,0,0,0,0,1,2,0,1,2,0,1,2,2,1,2,0,5,0,1,1,1,1,2,2,1,2,0,1,2,2,5,0,74,4,4,,,,,,,,,,,,,,,,,,,,,,,,,,,,,,,,,,,,,,
RPath,1877,sidewalks,8.025,CON,1,2,2,0,0,0,0,0,0,1,0,0,1,0,0,1,0,0,0,0,0,0,0,0,5,0,0,0,1,2,2,0,0,0,1,0,0,0,0,0,0,0,0,0,1,2,0,0,1,0,1,2,2,0,0,0,0,1,1,0,0,0,0,0,1,0,0,0,0,0,1,2,0,1,2,0,1,2,2,1,2,0,5,0,1,1,1,1,2,2,1,2,0,1,2,0,5,0,69,4,4,,,,,,,,,,,,,,,,,,,,,,,,,,,,,,,,,,,,,,
RPath,1888,sidewalks,95.478,CON,1,2,2,1,2,0,0,0,0,0,0,0,1,2,2,1,2,2,0,0,0,0,0,0,0,0,0,2,0,0,0,1,2,0,1,2,2,0,0,0,0,0,0,5,1,2,0,0,1,1,1,2,2,5,5,0,0,1,0,0,0,0,0,0,1,2,2,0,0,0,1,2,2,1,2,0,1,2,2,0,0,0,5,3,1,0,0,1,2,0,0,0,0,0,0,0,5,0,89,5,5,,,,,,,,,,,,,,,,,,,,,,,,,,,,,,,,,,,,,,
RPath,1889,sidewalks,287.852,CON,1,2,2,1,2,2,1,0,0,0,0,0,1,2,0,1,2,0,0,0,0,0,0,0,0,5,0,2,0,0,0,1,2,0,1,2,2,0,0,0,0,0,0,5,1,0,0,0,1,0,1,2,0,0,0,0,0,1,0,0,0,0,0,0,1,2,0,0,0,0,1,2,2,1,2,0,1,2,0,0,0,0,5,3,1,0,0,1,2,2,0,0,0,0,0,0,5,0,76,4,4,,,,,,,,,,,,,,,,,,,,,,,,,,,,,,,,,,,,,,
RPath,1891,sidewalks,114.775,CON,1,2,2,0,0,0,0,0,0,1,2,0,1,0,0,1,0,0,0,0,0,0,0,0,5,5,0,0,1,2,2,1,2,0,1,0,0,0,0,0,1,0,0,0,1,0,0,0,1,1,1,2,2,5,5,0,0,1,1,2,0,0,0,0,1,2,2,0,0,0,1,0,0,1,2,0,1,2,0,0,0,0,0,0,1,1,1,1,2,2,1,2,0,1,0,0,5,0,81,4,4,,,,,,,,,,,,,,,,,,,,,,,,,,,,,,,,,,,,,,
RPath,1892,sidewalks,4.17,CON,1,2,2,0,0,0,0,0,0,1,0,0,1,0,0,0,0,0,0,0,0,0,0,0,5,0,0,0,1,2,2,1,2,0,1,0,0,0,0,0,1,0,0,0,1,0,0,0,1,1,1,2,2,5,5,0,0,0,1,2,0,0,0,0,1,2,2,0,0,0,1,0,0,1,2,0,1,0,0,0,0,0,0,0,1,1,1,1,2,2,1,2,0,1,0,0,5,0,70,4,4,,,,,,,,,,,,,,,,,,,,,,,,,,,,,,,,,,,,,,
RPath,1893,sidewalks,89.996,CON,1,2,2,0,0,0,0,0,0,1,2,0,0,0,0,1,0,0,0,0,0,0,0,0,5,5,0,0,1,2,2,1,2,0,1,2,0,0,0,0,1,0,0,0,1,2,0,0,1,1,1,2,2,0,0,0,3,1,1,2,0,0,0,0,1,2,2,0,0,0,1,0,0,1,2,0,1,2,0,0,0,0,0,0,1,1,1,1,2,2,1,2,0,1,0,0,5,0,77,4,4,,,,,,,,,,,,,,,,,,,,,,,,,,,,,,,,,,,,,,
RPath,1894,sidewalks,59.062,PB,1,2,2,0,0,0,0,0,0,1,2,0,0,0,0,1,0,0,0,0,0,0,0,0,5,0,0,0,1,2,2,1,0,0,1,0,0,0,0,0,1,0,0,0,1,2,0,0,1,0,1,2,0,0,0,0,0,1,1,2,0,0,0,0,1,2,0,0,0,0,1,0,0,1,2,0,1,2,0,0,0,0,0,0,1,1,1,1,2,2,1,2,0,1,0,0,5,0,60,3,3,,,,,,,,,,,,,,,,,,,,,,,,,,,,,,,,,,,,,,
RPath,1897,sidewalks,150.151,CON,1,2,2,0,0,0,0,0,0,0,0,0,0,0,0,0,0,0,0,0,0,0,0,0,0,0,0,2,0,0,0,0,0,0,0,0,0,0,0,0,0,0,0,0,0,0,0,0,0,0,0,0,0,0,0,0,0,1,0,0,0,0,0,0,0,0,0,0,0,0,0,0,0,0,0,0,0,0,0,0,0,0,0,0,1,1,1,0,0,0,0,0,0,0,0,0,5,3,19,1,1,,,,,,,,,,,,,,,,,,,,,,,,,,,,,,,,,,,,,,
RPath,1898,sidewalks,104.308,CON,1,2,0,1,0,0,0,0,0,0,0,0,0,0,0,0,0,0,0,0,0,0,0,0,0,0,0,2,0,0,0,0,0,0,1,0,0,0,0,0,0,0,0,0,0,0,0,0,0,0,1,2,0,0,0,0,0,1,0,0,0,0,0,0,0,0,0,0,0,0,0,0,0,0,0,0,0,0,0,0,0,0,0,0,1,1,1,0,0,0,0,0,0,0,0,0,5,0,19,1,1,,,,,,,,,,,,,,,,,,,,,,,,,,,,,,,,,,,,,,
RPath,1899,sidewalks,87.584,CON,1,2,2,1,0,0,0,0,0,0,0,0,0,0,0,0,0,0,0,0,0,0,0,0,0,0,0,2,0,0,0,0,0,0,0,0,0,0,0,0,0,0,0,0,0,0,0,0,0,0,1,2,2,0,0,0,0,1,0,0,0,0,0,0,0,0,0,0,0,0,0,0,0,0,0,0,0,0,0,0,0,0,0,0,1,1,1,0,0,0,0,0,0,0,0,0,5,0,22,1,1,,,,,,,,,,,,,,,,,,,,,,,,,,,,,,,,,,,,,,
RPath,1900,sidewalks,62.946,CON,1,2,0,1,0,0,0,0,0,0,0,0,0,0,0,0,0,0,0,0,0,0,0,0,0,0,0,2,0,0,0,0,0,0,0,0,0,0,0,0,0,0,0,0,0,0,0,0,0,0,1,2,0,0,0,0,0,1,0,0,0,0,0,0,0,0,0,0,0,0,0,0,0,0,0,0,0,0,0,0,0,0,0,0,1,1,1,0,0,0,0,0,0,0,0,0,5,0,18,1,1,,,,,,,,,,,,,,,,,,,,,,,,,,,,,,,,,,,,,,
RPath,1901,sidewalks,144.535,CON,1,2,2,1,0,0,0,0,0,0,0,0,0,0,0,0,0,0,0,0,0,0,0,0,0,0,0,2,0,0,0,0,0,0,0,0,0,0,0,0,0,0,0,0,0,0,0,0,0,0,1,2,2,5,5,0,0,1,0,0,0,0,0,0,0,0,0,0,0,0,0,0,0,0,0,0,0,0,0,0,0,0,0,0,1,1,1,0,0,0,0,0,0,0,0,0,5,0,32,2,2,,,,,,,,,,,,,,,,,,,,,,,,,,,,,,,,,,,,,,
RPath,1902,sidewalks,112.083,CON,1,2,2,1,2,2,1,2,2,1,0,0,1,2,2,0,0,0,0,0,0,1,0,0,0,5,0,2,1,0,0,0,0,0,1,2,0,0,0,0,0,0,0,5,1,0,0,0,0,0,1,2,0,0,0,0,0,1,0,0,0,0,0,0,1,2,2,1,0,0,1,0,0,1,0,0,1,2,2,0,0,0,5,3,1,0,0,0,0,0,0,0,0,0,0,0,5,0,70,4,4,,,,,,,,,,,,,,,,,,,,,,,,,,,,,,,,,,,,,,
RPath,1903,sidewalks,149.829,CON,1,2,2,1,2,2,1,2,2,0,0,0,1,0,0,1,0,0,0,0,0,0,0,0,0,5,0,2,0,0,0,0,0,0,1,2,0,0,0,0,1,0,0,0,1,0,0,0,1,1,1,2,2,0,0,0,3,1,0,0,0,0,0,0,0,0,0,0,0,0,0,0,0,1,2,2,0,0,0,0,0,0,0,3,1,0,0,0,0,0,0,0,0,0,0,0,5,0,54,3,3,,,,,,,,,,,,,,,,,,,,,,,,,,,,,,,,,,,,,,
RPath,1904,sidewalks,56.261,CON,1,2,2,1,2,2,1,2,2,0,0,0,1,0,0,1,0,0,0,0,0,0,0,0,0,5,0,2,0,0,0,0,0,0,1,2,0,0,0,0,1,0,0,0,1,0,0,0,1,1,1,2,2,0,5,0,3,1,0,0,0,0,0,0,0,0,0,0,0,0,0,0,0,1,2,2,0,0,0,0,0,0,0,3,1,1,1,0,0,0,0,0,0,0,0,0,5,0,61,3,3,,,,,,,,,,,,,,,,,,,,,,,,,,,,,,,,,,,,,,
RPath,1105,sidewalks,113.328,HMAC,1,2,2,1,2,0,0,0,0,0,0,0,0,0,0,1,2,2,0,0,0,0,0,0,5,5,0,0,0,0,0,0,0,0,1,2,2,0,0,0,0,0,0,0,1,2,2,0,1,1,1,2,2,5,5,0,0,0,0,0,0,0,0,0,1,2,0,0,0,0,0,0,0,1,0,0,1,0,0,0,0,0,0,3,1,0,1,0,0,0,0,0,0,0,0,0,5,0,65,4,3,2,267.1,0.241,0.079,0.011,,,0.213,0.006,,,,,,,,,,,0.006,0.006,,,,,,,,,,,,,,,,,6.0
RPath,1906,sidewalks,63.705,HMAC,1,2,2,1,2,2,0,0,0,0,0,0,0,0,0,1,2,2,0,0,0,0,0,0,0,5,0,2,0,0,0,0,0,0,1,2,2,0,0,0,0,0,0,0,1,2,0,0,1,1,1,2,2,5,5,4,0,0,0,0,0,0,0,0,1,0,0,0,0,0,0,0,0,0,0,0,1,2,0,0,0,0,0,3,0,0,0,0,0,0,1,0,0,0,0,0,5,0,64,4,3,,,,,,,,,,,,,,,,,,,,,,,,,,,,,,,,,,,,,,
RPath,1907,sidewalks,90.845,CON,1,2,2,1,2,2,0,0,0,0,0,0,0,0,0,1,2,2,0,0,0,0,0,0,0,5,0,2,0,0,0,0,0,0,1,2,2,0,0,0,0,0,0,0,1,2,0,0,1,1,1,2,2,5,5,0,0,0,0,0,0,0,0,0,1,2,0,0,0,0,0,0,0,1,0,0,1,2,0,0,0,0,0,3,0,0,0,0,0,0,1,0,0,0,0,0,5,0,63,3,3,,,,,,,,,,,,,,,,,,,,,,,,,,,,,,,,,,,,,,
RPath,926,sidewalks,92.926,HMAC,1,2,2,1,2,2,0,0,0,0,0,0,1,2,2,0,0,0,0,0,0,0,0,0,0,5,0,0,0,0,0,0,0,0,0,0,0,0,0,0,1,0,0,0,0,0,0,0,1,0,1,2,2,5,5,0,0,0,1,0,0,0,0,0,0,0,0,0,0,0,0,0,0,0,0,0,1,2,0,0,0,0,0,0,1,1,1,0,0,0,1,2,0,1,0,0,5,0,53,3,3,5,315.5,0.832,0.832,,,,,0.832,,,,,,,,,,,,,,,,,,,,,,,,,,,,,15.0
RPath,1909,sidewalks,217.636,CON,1,2,2,1,2,2,0,0,0,0,0,0,1,2,2,0,0,0,0,0,0,0,0,0,0,5,0,0,0,0,0,0,0,0,1,0,0,0,0,0,0,0,0,0,0,0,0,0,1,1,1,2,2,5,5,0,3,1,1,0,0,0,0,0,0,0,0,0,0,0,0,0,0,1,0,0,1,2,2,0,0,0,0,0,1,1,1,0,0,0,1,2,0,1,2,0,5,0,63,3,3,,,,,,,,,,,,,,,,,,,,,,,,,,,,,,,,,,,,,,
RPath,1911,sidewalks,16.139,CON,1,2,2,1,2,2,0,0,0,0,0,0,1,2,2,0,0,0,0,0,0,0,0,0,0,5,0,0,0,0,0,0,0,0,0,0,0,0,0,0,0,0,0,0,0,0,0,0,1,1,1,2,2,0,5,0,0,1,0,0,0,0,0,0,0,0,0,0,0,0,0,0,0,1,0,0,1,2,0,0,0,0,0,0,1,1,1,0,0,0,1,2,0,1,2,0,5,0,51,3,3,,,,,,,,,,,,,,,,,,,,,,,,,,,,,,,,,,,,,,
RPath,1914,sidewalks,93.151,CON,1,2,2,1,2,2,0,0,0,0,0,0,1,2,2,0,0,0,0,0,0,0,0,0,0,5,0,0,0,0,0,0,0,0,0,0,0,0,0,0,0,0,0,0,0,0,0,0,1,1,1,2,2,5,5,0,0,1,1,0,0,0,0,0,0,0,0,0,0,0,0,0,0,1,0,0,1,2,0,0,0,0,0,0,1,1,1,0,0,0,1,2,0,1,0,0,5,0,55,3,3,,,,,,,,,,,,,,,,,,,,,,,,,,,,,,,,,,,,,,
RPath,635,sidewalks,98.439,HMAC,1,2,2,1,2,2,0,0,0,0,0,0,1,2,2,1,2,2,0,0,0,0,0,0,0,5,0,0,0,0,0,1,0,0,1,2,2,0,0,0,0,0,0,0,1,2,2,0,0,0,1,2,2,5,5,4,0,0,0,0,0,1,0,0,1,2,0,1,2,0,0,0,0,1,0,0,1,0,0,0,0,0,5,3,1,1,1,0,0,0,0,0,0,1,2,2,5,0,85,5,4,2,250.5,0.210,0.088,,,,0.150,0.030,,,,,,,,,,,0.006,0.018,0.006,,,,,,,,,,,,,,,,8.0
RPath,1915,sidewalks,56.731,CON,1,2,2,1,2,2,1,0,0,0,0,0,1,2,2,1,2,0,0,0,0,0,0,0,0,5,0,0,0,0,0,0,0,0,1,2,0,0,0,0,0,0,0,0,1,2,0,0,1,0,1,2,2,5,5,0,0,0,0,0,0,0,0,0,1,0,0,0,0,0,0,0,0,1,2,0,1,2,0,0,0,0,0,3,1,1,1,0,0,0,1,0,0,1,2,2,5,0,70,4,4,,,,,,,,,,,,,,,,,,,,,,,,,,,,,,,,,,,,,,
RPath,1916,sidewalks,95.373,CON,1,2,2,1,2,2,0,0,0,0,0,0,1,2,2,1,2,0,0,0,0,0,0,0,0,5,0,0,0,0,0,1,0,0,1,2,2,0,0,0,0,0,0,0,1,2,0,0,0,0,1,2,2,5,5,0,0,0,0,0,0,0,0,0,1,2,0,1,0,0,0,0,0,1,2,0,1,2,0,0,0,0,0,3,1,1,1,0,0,0,1,0,0,1,2,2,5,0,74,4,4,,,,,,,,,,,,,,,,,,,,,,,,,,,,,,,,,,,,,,
RPath,1917,sidewalks,173.32,CON,1,2,2,0,0,0,0,0,0,0,0,0,1,2,2,0,0,0,0,0,0,0,0,0,0,5,0,2,0,0,0,0,0,0,0,0,0,0,0,0,0,0,0,0,0,0,0,0,0,0,1,0,0,0,0,0,0,1,0,0,0,0,0,0,0,0,0,0,0,0,0,0,0,1,2,0,1,2,2,0,0,0,0,3,1,1,1,0,0,0,0,0,0,0,0,0,5,0,38,2,2,,,,,,,,,,,,,,,,,,,,,,,,,,,,,,,,,,,,,,
RPath,1918,sidewalks,240.652,CON,1,2,0,1,2,0,1,2,0,1,2,0,1,2,2,1,2,0,0,0,0,0,0,0,5,0,0,2,1,2,2,0,0,0,1,0,0,0,0,0,1,0,0,5,1,2,0,0,1,1,1,2,2,5,5,0,0,1,1,0,0,0,0,0,1,2,0,0,0,0,1,0,0,1,2,2,1,2,2,0,0,0,0,3,1,1,1,1,2,0,0,0,0,1,0,0,5,0,90,5,5,,,,,,,,,,,,,,,,,,,,,,,,,,,,,,,,,,,,,,
RPath,84,sidewalks,11.215,CON,1,0,0,1,0,0,0,0,0,0,0,0,1,2,2,1,2,2,0,0,0,0,0,0,0,5,0,2,0,0,0,0,0,0,1,2,2,0,0,0,0,0,0,0,0,0,0,0,1,1,1,2,2,5,0,4,0,0,0,0,0,0,0,0,0,0,0,0,0,0,0,0,0,1,0,0,1,2,0,0,0,0,0,0,1,1,0,0,0,0,0,0,0,1,2,2,5,0,56,3,3,3,88.6,0.813,0.224,,,,0.728,,,,,,,,,,,,,0.085,,,,,,,,,,,,,,,,,9.0
RPath,1922,sidewalks,120.202,CON,1,0,0,1,0,0,0,0,0,0,0,0,1,2,2,1,2,2,0,0,0,0,0,0,0,5,0,2,0,0,0,0,0,0,1,2,2,0,0,0,0,0,0,0,0,0,0,0,1,1,1,2,2,5,5,4,0,0,0,0,0,0,0,0,0,0,0,0,0,0,0,0,0,1,0,0,1,2,0,0,0,0,0,0,1,1,1,0,0,0,0,0,0,1,2,2,5,0,62,3,3,,,,,,,,,,,,,,,,,,,,,,,,,,,,,,,,,,,,,,
RPath,1923,sidewalks,288.036,CON,1,2,0,1,0,0,0,0,0,0,0,0,1,2,2,1,2,0,0,0,0,0,0,0,0,5,0,2,0,0,0,0,0,0,1,2,2,0,0,0,0,0,0,0,0,0,0,0,1,1,1,2,2,5,0,4,0,1,0,0,0,0,0,0,0,0,0,0,0,0,0,0,0,1,2,0,1,2,0,0,0,0,0,3,1,1,0,0,0,0,0,0,0,1,2,2,5,0,62,3,3,,,,,,,,,,,,,,,,,,,,,,,,,,,,,,,,,,,,,,
RPath,340,sidewalks,71.996,SS,1,2,2,1,0,0,1,0,0,0,0,0,1,2,2,0,0,0,0,0,0,0,0,0,0,0,0,2,0,0,0,0,0,0,0,0,0,0,0,0,0,0,0,0,0,0,0,0,1,1,1,2,2,5,0,0,3,1,0,0,0,0,0,0,0,0,0,0,0,0,0,0,0,0,0,0,1,2,2,0,0,0,0,3,1,1,1,0,0,0,0,0,0,0,0,0,5,0,46,3,2,3,380.3,0.320,0.178,,,,0.185,0.130,,,,,,,,,,0.004,,,,,,,,,,,,,,,,,,,6.0
RPath,1924,sidewalks,301.486,CON,1,2,2,1,0,0,1,0,0,0,0,0,1,2,2,0,0,0,0,0,0,0,0,0,0,5,0,2,0,0,0,0,0,0,0,0,0,0,0,0,0,0,0,0,0,0,0,0,1,1,1,2,2,5,0,4,3,1,0,0,0,0,0,0,0,0,0,0,0,0,0,0,0,0,0,0,1,2,2,0,0,0,0,3,1,1,1,0,0,0,0,0,0,0,0,0,5,0,55,3,3,,,,,,,,,,,,,,,,,,,,,,,,,,,,,,,,,,,,,,
RPath,1925,sidewalks,78.487,CON,1,0,0,1,0,0,0,0,0,0,0,0,1,2,0,0,0,0,0,0,0,0,0,0,0,0,0,2,0,0,0,0,0,0,1,2,2,0,0,0,0,0,0,5,1,0,0,0,0,0,1,2,2,5,0,4,0,1,0,0,0,0,0,0,1,2,0,1,2,0,1,2,2,1,0,0,1,2,0,0,0,0,5,3,0,0,1,1,0,0,0,0,0,0,0,0,5,0,63,3,3,,,,,,,,,,,,,,,,,,,,,,,,,,,,,,,,,,,,,,
RPath,1926,sidewalks,78.079,CON,1,0,0,0,0,0,0,0,0,0,0,0,1,2,0,0,0,0,0,0,0,0,0,0,0,0,0,2,0,0,0,0,0,0,1,2,2,0,0,0,0,0,0,5,1,0,0,0,0,0,1,2,2,5,0,4,0,1,0,0,0,0,0,0,1,0,0,1,0,0,1,2,2,0,0,0,1,2,0,0,0,0,5,3,0,0,1,0,0,0,0,0,0,0,0,0,5,0,56,3,3,,,,,,,,,,,,,,,,,,,,,,,,,,,,,,,,,,,,,,
RPath,1927,sidewalks,79.367,CON,1,2,0,0,0,0,0,0,0,0,0,0,1,0,0,0,0,0,0,0,0,0,0,0,0,0,0,2,0,0,0,0,0,0,1,2,2,0,0,0,0,0,0,5,1,2,0,0,0,0,1,2,2,5,0,4,0,1,0,0,0,0,0,0,0,0,0,0,0,0,1,2,0,0,0,0,1,0,0,0,0,0,0,3,0,0,1,0,0,0,0,0,0,0,0,0,5,0,47,3,2,,,,,,,,,,,,,,,,,,,,,,,,,,,,,,,,,,,,,,
RPath,1928,sidewalks,77.776,CON,1,2,0,1,0,0,0,0,0,0,0,0,0,0,0,0,0,0,0,0,0,0,0,0,0,0,0,2,0,0,0,0,0,0,1,2,2,0,0,0,0,0,0,5,1,2,0,0,0,0,1,2,2,5,0,4,0,1,0,0,0,0,0,0,0,0,0,0,0,0,1,2,0,0,0,0,1,0,0,0,0,0,0,3,1,0,1,0,0,0,0,0,0,0,0,0,5,0,48,3,2,,,,,,,,,,,,,,,,,,,,,,,,,,,,,,,,,,,,,,
RPath,1929,sidewalks,27.226,CON,1,2,0,1,0,0,0,0,0,0,0,0,0,0,0,0,0,0,0,0,0,0,0,0,5,0,0,2,0,0,0,0,0,0,1,2,2,0,0,0,0,0,0,5,1,2,2,0,0,0,1,2,2,5,0,4,0,1,0,0,0,0,0,0,0,0,0,0,0,0,1,0,0,1,0,0,1,0,0,0,0,0,0,3,1,0,1,1,0,0,0,0,0,0,0,0,5,0,55,3,3,,,,,,,,,,,,,,,,,,,,,,,,,,,,,,,,,,,,,,
RPath,1930,sidewalks,95.7,CON,1,2,2,0,0,0,0,0,0,1,0,0,1,0,0,1,0,0,0,0,0,0,0,0,5,0,0,0,1,2,2,0,0,0,1,0,0,0,0,0,0,0,0,0,1,2,0,0,1,0,1,2,2,0,0,0,0,1,1,0,0,0,0,0,1,2,0,0,0,0,1,0,0,1,2,0,1,2,2,1,2,0,5,0,1,1,1,1,2,2,1,2,0,1,2,0,5,0,69,4,4,,,,,,,,,,,,,,,,,,,,,,,,,,,,,,,,,,,,,,
RPath,1933,sidewalks,84.648,CON,1,2,2,1,0,0,1,0,0,0,0,0,0,0,0,0,0,0,0,0,0,0,0,0,0,0,0,2,0,0,0,0,0,0,0,0,0,1,0,0,0,0,0,0,0,0,0,0,0,0,1,2,0,0,0,0,0,1,0,0,0,0,0,0,0,0,0,0,0,0,0,0,0,1,2,0,0,0,0,0,0,0,0,0,1,1,1,0,0,0,0,0,0,0,0,0,5,0,25,1,1,,,,,,,,,,,,,,,,,,,,,,,,,,,,,,,,,,,,,,
RPath,1934,sidewalks,214.493,CON,1,2,0,0,0,0,0,0,0,0,0,0,0,0,0,0,0,0,0,0,0,0,0,0,0,0,0,2,0,0,0,1,0,0,0,0,0,1,2,0,0,0,0,0,1,0,0,0,0,0,1,2,0,0,0,0,0,1,0,0,0,0,0,0,0,0,0,0,0,0,0,0,0,1,2,0,0,0,0,0,0,0,0,0,1,1,1,0,0,0,0,0,0,0,0,0,5,0,25,1,1,,,,,,,,,,,,,,,,,,,,,,,,,,,,,,,,,,,,,,
RPath,1936,sidewalks,237.064,CON,1,2,2,1,2,0,0,0,0,0,0,0,1,2,0,1,2,2,0,0,0,1,0,0,5,5,0,2,0,0,0,1,2,0,1,2,2,0,0,0,0,0,0,5,1,2,0,0,1,1,1,2,2,5,5,0,0,1,0,0,0,0,0,0,0,0,0,0,0,0,0,0,0,1,2,2,1,2,2,0,0,0,5,0,1,0,0,1,2,0,0,0,0,1,0,0,5,0,88,5,5,,,,,,,,,,,,,,,,,,,,,,,,,,,,,,,,,,,,,,
RPath,1937,sidewalks,84.644,HMAC,1,2,0,1,0,0,0,0,0,0,0,0,1,0,0,1,2,2,0,0,0,0,0,0,5,5,0,0,0,0,0,1,2,2,1,2,2,0,0,0,0,0,0,5,1,2,2,0,1,1,1,2,2,5,5,0,3,1,0,0,0,0,0,0,0,0,0,0,0,0,0,0,0,1,2,2,1,0,0,0,0,0,5,0,1,0,0,0,0,0,0,0,0,0,0,0,5,0,78,4,4,,,,,,,,,,,,,,,,,,,,,,,,,,,,,,,,,,,,,,
RPath,1939,sidewalks,86.251,CON,1,2,0,1,2,0,0,0,0,0,0,0,1,2,0,0,0,0,0,0,0,0,0,0,0,0,0,2,0,0,0,1,2,2,1,2,2,0,0,0,0,0,0,5,1,2,2,0,1,1,1,2,2,5,5,0,3,1,0,0,0,0,0,0,1,2,0,0,0,0,0,0,0,1,0,0,1,0,0,0,0,0,5,0,1,0,0,0,0,0,0,0,0,0,0,0,5,0,68,4,4,,,,,,,,,,,,,,,,,,,,,,,,,,,,,,,,,,,,,,
RPath,1940,sidewalks,84.459,CON,1,0,0,1,2,0,1,0,0,0,0,0,1,2,0,0,0,0,0,0,0,0,0,0,0,0,0,2,0,0,0,1,2,0,1,2,2,0,0,0,0,0,0,5,1,2,0,0,1,1,1,2,2,5,0,0,3,1,0,0,0,0,0,0,1,2,0,0,0,0,0,0,0,1,0,0,1,0,0,0,0,0,5,0,0,0,0,0,0,0,0,0,0,0,0,0,5,0,57,3,3,,,,,,,,,,,,,,,,,,,,,,,,,,,,,,,,,,,,,,
RPath,1942,sidewalks,86.254,CON,1,2,0,1,2,0,1,0,0,0,0,0,1,2,0,0,0,0,0,0,0,0,0,0,0,0,0,2,0,0,0,1,2,0,1,2,0,0,0,0,0,0,0,5,1,2,2,0,1,1,1,2,2,5,0,0,3,1,0,0,0,0,0,0,1,2,0,0,0,0,0,0,0,1,0,0,1,2,0,0,0,0,5,3,0,0,0,0,0,0,0,0,0,0,0,0,5,0,64,4,3,,,,,,,,,,,,,,,,,,,,,,,,,,,,,,,,,,,,,,
RPath,1943,sidewalks,89.333,CON,1,2,0,1,2,0,1,0,0,0,0,0,1,2,0,0,0,0,0,0,0,0,0,0,0,0,0,2,0,0,0,1,0,0,1,0,0,0,0,0,0,0,0,5,1,2,2,0,1,1,1,2,2,5,0,0,3,1,0,0,0,0,0,0,1,2,0,0,0,0,0,0,0,1,2,0,1,2,0,0,0,0,5,3,1,0,0,0,0,0,0,0,0,0,0,0,5,0,63,3,3,,,,,,,,,,,,,,,,,,,,,,,,,,,,,,,,,,,,,,
RPath,1944,sidewalks,89.843,CON,1,2,0,1,0,0,0,0,0,1,0,0,1,2,0,0,0,0,0,0,0,0,0,0,0,0,0,2,0,0,0,1,0,0,1,0,0,0,0,0,0,0,0,5,1,2,0,0,1,1,1,2,2,5,0,0,3,1,0,0,0,0,0,0,1,0,0,0,0,0,0,0,0,1,2,0,1,2,2,0,0,0,5,3,1,0,0,0,0,0,0,0,0,0,0,0,5,0,59,3,3,,,,,,,,,,,,,,,,,,,,,,,,,,,,,,,,,,,,,,
RPath,1945,sidewalks,88.603,CON,1,2,0,1,0,0,0,0,0,1,0,0,1,2,0,0,0,0,0,0,0,1,0,0,0,0,0,2,0,0,0,0,0,0,1,2,0,0,0,0,0,0,0,5,1,2,0,0,1,1,1,2,2,5,0,0,3,1,0,0,0,0,0,0,1,0,0,0,0,0,0,0,0,1,2,0,1,2,2,0,0,0,5,3,1,0,0,0,0,0,0,0,0,0,0,0,5,0,61,3,3,,,,,,,,,,,,,,,,,,,,,,,,,,,,,,,,,,,,,,
RPath,1946,sidewalks,89.518,CON,1,0,0,1,0,0,0,0,0,1,0,0,1,2,2,0,0,0,0,0,0,1,0,0,0,0,0,2,0,0,0,0,0,0,1,2,2,0,0,0,0,0,0,5,1,0,0,0,1,1,1,2,2,5,0,0,3,1,0,0,0,0,0,0,1,2,0,1,0,0,1,0,0,1,2,0,1,2,0,0,0,0,5,3,0,0,0,0,0,0,0,0,0,0,0,0,5,0,62,3,3,,,,,,,,,,,,,,,,,,,,,,,,,,,,,,,,,,,,,,
RPath,1948,sidewalks,81.617,CON,1,0,0,1,0,0,0,0,0,1,0,0,1,2,2,0,0,0,0,0,0,1,2,0,0,5,0,2,0,0,0,0,0,0,1,2,2,0,0,0,0,0,0,5,1,0,0,0,1,1,1,2,2,5,0,4,3,1,0,0,0,0,0,0,1,2,0,1,2,0,1,2,0,1,2,0,1,2,0,0,0,0,5,3,0,0,0,0,0,0,0,0,0,0,0,0,5,0,77,4,4,,,,,,,,,,,,,,,,,,,,,,,,,,,,,,,,,,,,,,
RPath,1949,sidewalks,197.307,CON,1,2,2,1,2,0,1,2,0,0,0,0,1,0,0,1,0,0,0,0,0,0,0,0,0,5,0,2,0,0,0,0,0,0,1,0,0,0,0,0,0,0,0,0,0,0,0,0,1,0,1,2,2,0,0,0,3,1,0,0,0,0,0,0,0,0,0,0,0,0,0,0,0,1,2,0,1,0,0,0,0,0,0,3,1,0,0,0,0,0,0,0,0,0,0,0,5,0,44,2,2,,,,,,,,,,,,,,,,,,,,,,,,,,,,,,,,,,,,,,
RPath,1951,sidewalks,43.328,CON,0,0,0,1,2,0,0,0,0,0,0,0,1,2,2,0,0,0,0,0,0,0,0,0,0,5,0,2,0,0,0,1,2,2,1,2,2,0,0,0,0,0,0,0,1,2,0,0,0,0,1,2,2,5,0,4,0,1,0,0,0,0,0,0,0,0,0,0,0,0,1,2,0,1,2,0,0,0,0,0,0,0,0,0,1,1,1,0,0,0,0,0,0,0,0,0,5,0,57,3,3,,,,,,,,,,,,,,,,,,,,,,,,,,,,,,,,,,,,,,
RPath,1953,sidewalks,146.891,CON,1,0,0,1,2,0,1,0,0,0,0,0,1,2,2,0,0,0,0,0,0,0,0,0,5,0,0,2,0,0,0,1,2,2,1,2,2,0,0,0,0,0,0,0,1,2,0,0,0,0,1,2,2,5,0,4,0,1,0,0,0,0,0,0,0,0,0,0,0,0,1,2,0,1,2,2,1,0,0,0,0,0,0,3,1,1,1,0,0,0,0,0,0,0,0,0,5,0,65,4,3,,,,,,,,,,,,,,,,,,,,,,,,,,,,,,,,,,,,,,
RPath,1954,sidewalks,76.611,CON,1,0,0,1,0,0,1,0,0,1,0,0,1,2,0,0,0,0,0,0,0,0,0,0,0,0,0,2,0,0,0,1,2,2,1,2,2,0,0,0,0,0,0,0,1,0,0,0,0,0,1,2,2,5,0,4,3,1,0,0,0,0,0,0,0,0,0,0,0,0,1,0,0,1,2,2,0,0,0,0,0,0,0,3,1,1,1,0,0,0,0,0,0,0,0,0,5,0,55,3,3,,,,,,,,,,,,,,,,,,,,,,,,,,,,,,,,,,,,,,
RPath,1955,sidewalks,220.67,CON,1,2,0,1,2,0,1,2,0,1,0,0,1,2,0,1,2,0,0,0,0,0,0,0,0,0,0,2,0,0,0,1,2,0,1,2,2,0,0,0,0,0,0,0,1,0,0,0,0,0,1,2,2,5,0,4,3,1,0,0,0,0,0,0,0,0,0,0,0,0,0,0,0,1,2,2,1,0,0,0,0,0,0,3,1,1,1,0,0,0,0,0,0,1,0,0,5,0,63,3,3,,,,,,,,,,,,,,,,,,,,,,,,,,,,,,,,,,,,,,
RPath,1956,sidewalks,276.582,CON,1,2,0,1,2,0,1,2,0,1,0,0,1,2,2,1,2,2,0,0,0,0,0,0,0,5,0,2,0,0,0,1,0,0,1,2,2,0,0,0,0,0,0,0,0,0,0,0,1,0,1,2,2,5,5,4,0,1,0,0,0,0,0,0,0,0,0,0,0,0,0,0,0,1,0,0,1,2,0,0,0,0,0,0,1,1,1,0,0,0,0,0,0,1,2,2,5,0,71,4,4,,,,,,,,,,,,,,,,,,,,,,,,,,,,,,,,,,,,,,
RPath,1958,sidewalks,341.192,CON,1,2,2,1,0,0,0,0,0,0,0,0,1,2,2,1,2,2,0,0,0,1,0,0,0,5,0,2,0,0,0,0,0,0,1,2,2,0,0,0,0,0,0,0,1,0,0,0,0,0,1,2,2,5,5,0,3,1,0,0,0,0,0,0,0,0,0,0,0,0,1,0,0,1,2,2,1,2,2,0,0,0,0,3,1,1,1,0,0,0,0,0,0,1,0,0,5,0,72,4,4,,,,,,,,,,,,,,,,,,,,,,,,,,,,,,,,,,,,,,
RPath,1959,sidewalks,88.241,CON,1,2,2,1,0,0,1,0,0,0,0,0,1,2,2,0,0,0,0,0,0,1,0,0,0,5,0,2,0,0,0,0,0,0,1,2,2,0,0,0,1,0,0,0,1,2,0,0,1,0,1,2,2,5,0,0,3,1,0,0,0,0,0,0,0,0,0,0,0,0,0,0,0,1,2,0,1,2,2,0,0,0,5,3,1,1,1,0,0,0,0,0,0,0,0,0,5,0,68,4,4,,,,,,,,,,,,,,,,,,,,,,,,,,,,,,,,,,,,,,
RPath,1960,sidewalks,488.256,HMAC,1,2,2,1,2,2,1,0,0,0,0,0,1,2,2,1,2,2,0,0,0,0,0,0,0,5,0,0,0,0,0,1,0,0,1,2,2,0,0,0,0,0,0,0,1,2,2,0,1,1,1,2,2,5,5,4,3,0,0,0,0,1,0,0,1,2,0,1,2,0,0,0,0,1,2,0,1,2,2,0,0,0,0,3,1,1,1,0,0,0,1,2,0,1,2,2,5,0,95,5,5,,,,,,,,,,,,,,,,,,,,,,,,,,,,,,,,,,,,,,
RPath,1962,sidewalks,108.631,HMAC,1,2,2,1,2,2,1,0,0,0,0,0,1,2,2,1,2,2,0,0,0,0,0,0,0,5,0,0,0,0,0,1,0,0,1,2,2,0,0,0,0,0,0,0,1,2,2,0,0,0,1,2,2,0,5,4,0,0,0,0,0,1,0,0,1,2,0,1,2,0,0,0,0,1,2,0,1,2,0,0,0,0,0,3,1,1,1,0,0,0,0,0,0,1,2,0,5,0,78,4,4,,,,,,,,,,,,,,,,,,,,,,,,,,,,,,,,,,,,,,
RPath,1963,sidewalks,122.401,CON,1,2,2,1,2,2,1,2,0,0,0,0,1,2,2,1,2,0,0,0,0,1,0,0,0,5,0,2,0,0,0,1,0,0,1,2,2,0,0,0,0,0,0,5,1,2,0,0,1,0,1,2,2,0,0,4,0,1,0,0,0,1,0,0,1,0,0,1,0,0,0,0,0,1,2,0,1,2,2,0,0,0,0,3,1,0,1,0,0,0,0,0,0,1,2,0,5,0,78,4,4,,,,,,,,,,,,,,,,,,,,,,,,,,,,,,,,,,,,,,
RPath,891,sidewalks,51.17,HMAC,1,2,2,1,2,2,0,0,0,0,0,0,1,2,2,0,0,0,0,0,0,0,0,0,0,5,0,0,0,0,0,0,0,0,1,0,0,0,0,0,0,0,0,0,0,0,0,0,1,1,1,2,2,5,5,0,3,0,0,0,0,0,0,0,0,0,0,0,0,0,0,0,0,1,0,0,1,2,2,0,0,0,0,3,1,1,1,0,0,0,1,2,0,1,2,0,5,0,64,4,3,3,235.4,0.191,0.191,,,,,0.185,,,,,,,,,,,0.006,,,,,,,,,,,,,,,,,,9.0
RPath,1964,sidewalks,437.598,HMAC,1,2,2,1,2,2,0,0,0,0,0,0,1,2,2,0,0,0,1,2,0,0,0,0,0,5,0,0,0,0,0,1,2,0,0,0,0,0,0,0,0,0,0,0,1,2,0,0,1,1,1,2,2,0,5,0,3,0,1,2,0,0,0,0,1,0,0,0,0,0,0,0,0,1,0,0,1,2,2,0,0,0,0,3,1,1,1,0,0,0,1,2,2,1,0,0,5,0,71,4,4,,,,,,,,,,,,,,,,,,,,,,,,,,,,,,,,,,,,,,
RPath,1965,sidewalks,138.296,HMAC,1,2,0,1,2,0,0,0,0,0,0,0,1,2,2,0,0,0,1,2,0,0,0,0,0,5,0,2,0,0,0,1,2,0,0,0,0,0,0,0,1,0,0,0,1,2,2,0,1,0,1,2,2,0,5,0,3,0,1,2,0,0,0,0,0,0,0,0,0,0,0,0,0,1,2,0,1,2,0,0,0,0,0,3,1,1,1,0,0,0,1,2,0,0,0,0,5,0,67,4,4,,,,,,,,,,,,,,,,,,,,,,,,,,,,,,,,,,,,,,
RPath,1966,sidewalks,53.01,HMAC,1,0,0,1,0,0,0,0,0,0,0,0,1,2,2,0,0,0,1,2,2,0,0,0,0,5,0,2,0,0,0,1,2,0,0,0,0,0,0,0,0,0,0,0,1,2,2,0,1,0,1,2,2,0,5,0,3,0,1,2,0,0,0,0,0,0,0,0,0,0,0,0,0,1,2,0,1,0,0,0,0,0,0,3,1,1,1,0,0,0,1,0,0,0,0,0,5,0,60,3,3,,,,,,,,,,,,,,,,,,,,,,,,,,,,,,,,,,,,,,
RPath,1967,sidewalks,46.266,CON,1,0,0,1,0,0,0,0,0,0,0,0,1,2,2,0,0,0,1,2,2,0,0,0,0,5,0,2,0,0,0,1,2,0,0,0,0,0,0,0,0,0,0,0,1,2,2,0,1,0,1,2,2,0,5,0,3,0,1,2,0,0,0,0,0,0,0,0,0,0,0,0,0,1,2,0,1,2,0,0,0,0,0,3,1,1,1,0,0,0,1,0,0,0,0,0,5,0,62,3,3,,,,,,,,,,,,,,,,,,,,,,,,,,,,,,,,,,,,,,
RPath,1969,sidewalks,83.833,CON,1,2,0,1,2,0,1,2,0,0,0,0,1,2,2,1,2,0,0,0,0,0,0,0,0,5,0,2,0,0,0,0,0,0,1,2,0,0,0,0,0,0,0,0,1,0,0,0,0,0,1,2,0,0,0,0,0,1,0,0,0,0,0,0,0,0,0,0,0,0,1,0,0,1,2,2,1,2,2,0,0,0,0,3,1,0,1,0,0,0,0,0,0,0,0,0,5,0,53,3,3,,,,,,,,,,,,,,,,,,,,,,,,,,,,,,,,,,,,,,
RPath,201,sidewalks,101.196,HMAC,1,2,2,1,0,0,1,0,0,0,0,0,1,0,0,0,0,0,0,0,0,0,0,0,0,0,3,0,0,0,0,0,0,0,1,2,2,0,0,0,0,0,0,0,1,2,2,0,0,0,1,2,2,5,5,0,3,1,0,0,0,0,0,0,1,0,0,0,0,0,0,0,0,1,2,0,1,0,0,1,2,2,5,3,1,1,1,0,0,0,1,0,0,0,0,0,5,0,67,4,4,5,250.1,0.984,0.984,,,,,0.984,,,,,,,,,,,,,,,,,,,,,,,,,,,,,20.0
RPath,1971,sidewalks,147.559,CON,1,2,0,1,2,0,1,2,0,0,0,0,1,0,0,0,0,0,0,0,0,0,0,0,0,0,3,0,0,0,0,0,0,0,1,2,2,0,0,0,0,0,0,0,1,2,0,0,0,0,1,2,2,5,5,0,0,1,0,0,0,0,0,0,1,2,0,0,0,0,0,0,0,1,2,0,1,0,0,1,2,0,5,3,1,1,1,0,0,0,0,0,0,0,0,0,5,0,63,3,3,,,,,,,,,,,,,,,,,,,,,,,,,,,,,,,,,,,,,,
RPath,1972,sidewalks,123.179,CON,1,2,2,0,0,0,0,0,0,0,0,0,1,2,0,0,0,0,0,0,0,0,0,0,0,0,0,2,0,0,0,1,2,2,0,0,0,1,2,2,0,0,0,0,1,2,2,0,0,0,1,2,2,0,5,4,3,0,0,0,0,0,0,0,0,0,0,0,0,0,0,0,0,1,2,0,0,0,0,0,0,0,0,0,1,1,1,0,0,0,0,0,0,0,0,0,5,0,53,3,3,,,,,,,,,,,,,,,,,,,,,,,,,,,,,,,,,,,,,,
RPath,1973,sidewalks,41.41,CON,1,2,2,0,0,0,0,0,0,0,0,0,1,2,2,0,0,0,0,0,0,0,0,0,0,0,0,2,0,0,0,1,2,2,0,0,0,1,2,0,0,0,0,0,1,2,2,0,0,0,1,2,2,0,0,0,3,1,0,0,0,0,0,0,0,0,0,0,0,0,0,0,0,1,2,0,0,0,0,0,0,0,0,0,1,1,1,0,0,0,0,0,0,0,0,0,5,0,45,2,2,,,,,,,,,,,,,,,,,,,,,,,,,,,,,,,,,,,,,,
RPath,1974,sidewalks,210.263,CON,1,2,2,0,0,0,0,0,0,0,0,0,1,2,2,0,0,0,0,0,0,0,0,0,5,5,0,2,0,0,0,1,2,2,0,0,0,1,2,0,0,0,0,0,1,2,0,0,0,0,1,2,2,0,0,0,3,1,0,0,0,0,0,0,0,0,0,0,0,0,0,0,0,1,2,2,0,0,0,0,0,0,0,0,1,1,1,0,0,0,0,0,0,0,0,0,5,0,55,3,3,,,,,,,,,,,,,,,,,,,,,,,,,,,,,,,,,,,,,,
RPath,1978,sidewalks,21.691,CON,1,2,2,0,0,0,0,0,0,1,0,0,1,0,0,0,0,0,0,0,0,0,0,0,5,5,0,0,1,2,2,1,2,0,1,2,0,0,0,0,1,0,0,0,1,0,0,0,1,1,1,2,2,5,5,0,0,0,1,2,0,0,0,0,1,2,2,0,0,0,1,0,0,1,2,0,1,0,0,0,0,0,0,0,1,1,1,1,2,2,1,2,0,1,0,0,5,0,77,4,4,,,,,,,,,,,,,,,,,,,,,,,,,,,,,,,,,,,,,,
RPath,1976,sidewalks,45.297,CON,1,2,2,0,0,0,0,0,0,1,0,0,1,0,0,0,0,0,0,0,0,0,0,0,5,5,0,0,1,2,2,1,2,0,1,2,0,0,0,0,1,2,0,0,1,2,0,0,1,1,1,2,2,5,5,0,0,0,1,2,0,0,0,0,1,2,2,0,0,0,1,0,0,1,2,0,1,0,0,0,0,0,0,0,1,1,1,1,2,2,1,2,0,1,0,0,5,0,81,4,4,,,,,,,,,,,,,,,,,,,,,,,,,,,,,,,,,,,,,,
RPath,1977,sidewalks,106.072,CON,1,2,2,0,0,0,0,0,0,1,2,0,1,0,0,0,0,0,0,0,0,0,0,0,5,0,0,0,1,2,2,1,2,0,1,2,0,0,0,0,1,2,0,0,1,0,0,0,1,1,1,2,2,5,5,0,3,1,1,2,0,0,0,0,1,2,2,0,0,0,1,0,0,1,2,0,1,0,0,0,0,0,0,0,1,1,1,1,2,2,1,2,0,1,0,0,5,0,80,4,4,,,,,,,,,,,,,,,,,,,,,,,,,,,,,,,,,,,,,,
RPath,845,sidewalks,80.642,HMAC,1,2,0,0,0,0,0,0,0,0,0,0,1,2,2,0,0,0,0,0,0,0,0,0,0,0,3,0,1,2,2,0,0,0,0,0,0,0,0,0,0,0,0,0,1,0,0,0,0,0,1,2,2,0,5,0,0,0,1,2,0,1,0,0,1,0,0,0,0,0,0,0,0,0,0,0,1,2,0,1,0,0,0,0,1,1,1,1,2,2,0,0,0,0,0,0,5,0,49,3,3,3,317.2,0.298,0.174,,,,0.128,0.128,,,,,,,0.005,0.038,,,,,,,,,,,,,,,,,,,,,9.0
RPath,1982,sidewalks,47.166,CON,1,2,0,0,0,0,0,0,0,0,0,0,1,2,2,0,0,0,0,0,0,0,0,0,0,0,3,0,1,2,0,0,0,0,0,0,0,0,0,0,0,0,0,0,1,0,0,0,0,0,1,2,2,0,5,0,0,0,1,0,0,0,0,0,1,0,0,0,0,0,0,0,0,0,0,0,1,2,0,0,0,0,0,0,1,1,1,1,2,2,0,0,0,0,0,0,5,0,43,2,2,,,,,,,,,,,,,,,,,,,,,,,,,,,,,,,,,,,,,,
RPath,270,sidewalks,87.0,HMAC,1,2,0,0,0,0,0,0,0,0,0,0,1,2,2,0,0,0,0,0,0,0,0,0,0,0,3,0,1,2,2,0,0,0,0,0,0,0,0,0,0,0,0,0,1,2,0,0,0,0,1,2,0,0,5,0,0,1,1,2,0,1,0,0,1,2,0,0,0,0,0,0,0,1,0,0,1,2,2,1,0,0,0,0,1,1,1,1,2,2,0,0,0,0,0,0,5,0,55,3,3,4,209.4,0.416,0.308,,0.014,,0.143,0.215,,,,,,,0.029,,,,0.007,,0.007,,,,,,,,,,,,,,,,12.0
RPath,1986,sidewalks,31.311,CON,1,0,0,0,0,0,0,0,0,0,0,0,1,2,2,0,0,0,0,0,0,0,0,0,0,0,3,0,1,2,2,0,0,0,0,0,0,0,0,0,0,0,0,0,1,0,0,0,0,0,1,2,2,0,5,0,0,0,1,2,0,1,0,0,1,0,0,0,0,0,0,0,0,0,0,0,1,2,0,1,0,0,0,0,1,1,1,1,2,0,0,0,0,0,0,0,5,0,45,2,2,,,,,,,,,,,,,,,,,,,,,,,,,,,,,,,,,,,,,,
RPath,1987,sidewalks,128.674,CON,1,0,0,0,0,0,0,0,0,0,0,0,1,2,2,0,0,0,0,0,0,0,0,0,0,0,3,0,1,2,2,0,0,0,0,0,0,0,0,0,0,0,0,0,1,2,0,0,0,0,1,2,2,0,5,0,3,1,1,2,0,1,0,0,1,2,0,0,0,0,0,0,0,1,0,0,1,2,2,1,0,0,0,0,1,1,1,1,2,0,0,0,0,0,0,0,5,0,56,3,3,,,,,,,,,,,,,,,,,,,,,,,,,,,,,,,,,,,,,,
RPath,1988,sidewalks,48.813,CON,1,2,0,0,0,0,0,0,0,0,0,0,1,2,2,0,0,0,0,0,0,0,0,0,0,0,3,0,1,2,0,0,0,0,0,0,0,0,0,0,0,0,0,0,1,2,0,0,0,0,1,2,2,0,0,0,0,1,1,0,0,0,0,0,1,2,0,0,0,0,0,0,0,0,0,0,1,2,0,1,0,0,0,0,1,1,1,1,2,2,0,0,0,0,0,0,5,0,44,2,2,,,,,,,,,,,,,,,,,,,,,,,,,,,,,,,,,,,,,,
RPath,1989,sidewalks,14.118,CON,1,2,0,0,0,0,0,0,0,0,0,0,1,2,2,0,0,0,0,0,0,0,0,0,0,0,3,0,1,2,0,0,0,0,0,0,0,0,0,0,0,0,0,0,1,2,0,0,0,0,1,2,0,0,0,0,0,1,1,0,0,0,0,0,1,2,0,0,0,0,0,0,0,0,0,0,1,2,0,0,0,0,0,0,1,1,1,1,2,2,0,0,0,0,0,0,5,0,41,2,2,,,,,,,,,,,,,,,,,,,,,,,,,,,,,,,,,,,,,,
RPath,1990,sidewalks,52.07,CON,1,2,0,1,0,0,0,0,0,0,0,0,1,0,0,1,0,0,0,0,0,0,0,0,5,0,0,0,0,0,0,1,2,2,1,2,2,0,0,0,0,0,0,0,1,2,0,0,1,1,1,2,2,0,0,0,3,0,0,0,0,0,0,0,1,2,0,0,0,0,0,0,0,1,0,0,1,0,0,0,0,0,0,3,1,0,0,0,0,0,0,0,0,0,0,0,5,0,48,3,2,,,,,,,,,,,,,,,,,,,,,,,,,,,,,,,,,,,,,,
RPath,1991,sidewalks,122.828,CON,1,2,0,1,0,0,1,0,0,0,0,0,1,0,0,1,2,0,0,0,0,1,0,0,5,0,0,0,0,0,0,1,2,2,1,2,2,0,0,0,0,0,0,0,1,2,0,0,1,1,1,2,2,0,0,0,3,1,0,0,0,0,0,0,1,2,2,0,0,0,0,0,0,1,2,0,1,2,0,0,0,0,5,3,1,0,0,0,0,0,0,0,0,0,0,0,5,0,64,4,3,,,,,,,,,,,,,,,,,,,,,,,,,,,,,,,,,,,,,,
RPath,1992,sidewalks,41.226,CON,1,2,2,0,0,0,0,0,0,0,0,0,1,2,2,0,0,0,0,0,0,0,0,0,5,0,0,0,0,0,0,1,2,2,1,0,0,0,0,0,1,2,2,0,1,2,2,0,0,0,1,2,2,0,0,4,0,1,0,0,0,0,0,0,0,0,0,0,0,0,0,0,0,0,0,0,0,0,0,0,0,0,0,3,1,1,1,1,2,0,0,0,0,0,0,0,5,0,55,3,3,,,,,,,,,,,,,,,,,,,,,,,,,,,,,,,,,,,,,,
RPath,1993,sidewalks,48.213,CON,1,2,2,0,0,0,0,0,0,0,0,0,1,2,2,0,0,0,0,0,0,0,0,0,5,0,0,0,0,0,0,1,2,2,0,0,0,0,0,0,1,2,2,0,1,2,2,0,0,0,1,2,2,5,5,4,0,0,0,0,0,0,0,0,0,0,0,0,0,0,0,0,0,0,0,0,0,0,0,0,0,0,0,0,1,1,1,1,2,0,0,0,0,0,0,0,5,0,60,3,3,,,,,,,,,,,,,,,,,,,,,,,,,,,,,,,,,,,,,,
RPath,1995,sidewalks,110.532,CON,1,2,0,1,0,0,0,0,0,1,2,0,1,2,0,1,2,0,0,0,0,0,0,0,5,5,0,2,1,2,2,0,0,0,1,2,2,0,0,0,0,0,0,5,1,2,2,0,1,0,1,2,2,5,5,0,0,1,0,0,0,1,2,0,1,2,2,0,0,0,0,0,0,1,2,0,1,2,2,0,0,0,5,3,1,1,1,1,0,0,0,0,0,1,2,0,5,0,98,5,5,,,,,,,,,,,,,,,,,,,,,,,,,,,,,,,,,,,,,,
RPath,1996,sidewalks,113.112,CON,1,2,0,1,0,0,0,0,0,1,2,0,1,2,0,1,2,0,0,0,0,0,0,0,5,0,0,2,1,2,2,0,0,0,1,2,0,0,0,0,0,0,0,0,1,2,0,0,1,1,1,2,2,0,5,0,0,1,0,0,0,1,2,0,1,2,0,0,0,0,1,0,0,1,2,0,1,2,2,0,0,0,0,3,1,1,1,1,2,0,0,0,0,1,2,2,5,0,78,4,4,,,,,,,,,,,,,,,,,,,,,,,,,,,,,,,,,,,,,,
RPath,724,sidewalks,32.857,CON,1,2,0,0,0,0,0,0,0,1,2,2,1,2,2,1,2,0,0,0,0,0,0,0,5,0,0,0,1,2,2,0,0,0,1,2,2,0,0,0,0,0,0,0,1,2,0,0,1,1,1,2,2,0,5,0,0,1,0,0,0,1,2,2,1,2,0,0,0,0,1,0,0,1,2,2,1,2,2,0,0,0,0,0,1,1,1,1,2,0,0,0,0,1,2,2,5,0,82,4,4,2,72.6,0.041,0.041,,,,,0.041,,,,,,,,,,,,,,,,,,,,,,,,,,,,,8.0
RPath,1997,sidewalks,39.768,CON,1,0,0,0,0,0,0,0,0,1,2,2,1,2,0,1,2,0,0,0,0,0,0,0,5,0,0,0,1,2,2,0,0,0,1,2,2,0,0,0,0,0,0,0,1,2,0,0,1,1,1,2,2,0,5,0,0,1,0,0,0,1,2,2,1,2,0,0,0,0,1,0,0,1,2,2,1,2,2,0,0,0,0,3,1,1,1,1,2,0,0,0,0,1,2,2,5,0,81,4,4,,,,,,,,,,,,,,,,,,,,,,,,,,,,,,,,,,,,,,
RPath,1998,sidewalks,170.481,CON,1,0,0,0,0,0,0,0,0,0,0,0,1,2,0,0,0,0,0,0,0,0,0,0,5,0,0,2,0,0,0,1,2,2,0,0,0,1,2,0,0,0,0,0,1,2,2,0,1,1,1,2,2,5,5,0,0,1,0,0,0,0,0,0,0,0,0,0,0,0,0,0,0,1,2,0,1,2,2,0,0,0,0,0,1,1,1,0,0,0,0,0,0,0,0,0,5,0,58,3,3,,,,,,,,,,,,,,,,,,,,,,,,,,,,,,,,,,,,,,
RPath,2000,sidewalks,89.294,CON,1,2,2,1,0,0,0,0,0,0,0,0,1,2,2,1,2,2,0,0,0,0,0,0,0,5,0,0,1,2,0,0,0,0,1,2,2,0,0,0,0,0,0,0,1,2,0,0,0,0,1,2,2,0,5,0,0,1,0,0,0,0,0,0,1,0,0,0,0,0,0,0,0,1,2,2,1,2,2,0,0,0,5,0,1,1,1,1,2,0,1,0,0,1,2,0,5,0,74,4,4,,,,,,,,,,,,,,,,,,,,,,,,,,,,,,,,,,,,,,
RPath,122,sidewalks,120.103,HMAC,1,2,2,1,2,0,0,0,0,0,0,0,1,2,0,1,2,2,0,0,0,0,0,0,5,0,0,2,1,2,0,0,0,0,1,2,2,0,0,0,0,0,0,0,1,2,0,0,0,0,1,2,2,0,5,0,0,1,0,0,0,0,0,0,0,0,0,0,0,0,0,0,0,1,2,2,1,2,2,0,0,0,5,0,1,1,1,1,2,0,1,0,0,1,2,0,5,0,75,4,4,2,235.9,0.210,0.087,,,,0.159,0.038,,,,,,,,,,0.006,0.006,,,,,,,,,,,,,,,,,,8.0
RPath,2001,sidewalks,141.593,CON,1,2,2,1,0,0,0,0,0,1,0,0,1,2,0,1,2,2,0,0,0,0,0,0,0,5,0,0,1,2,2,0,0,0,1,2,2,0,0,0,0,0,0,0,1,2,0,0,0,0,1,2,2,5,5,0,3,1,0,0,0,0,0,0,1,0,0,0,0,0,0,0,0,1,2,2,1,2,2,1,0,0,5,0,1,1,1,1,2,2,1,2,0,1,2,0,5,0,88,5,5,,,,,,,,,,,,,,,,,,,,,,,,,,,,,,,,,,,,,,
RPath,2002,sidewalks,120.479,CON,1,2,2,1,0,0,0,0,0,0,0,0,1,2,2,1,2,2,0,0,0,0,0,0,0,5,0,2,1,2,0,0,0,0,1,2,2,0,0,0,0,0,0,0,1,2,0,0,0,0,1,2,2,0,5,0,0,1,0,0,0,0,0,0,1,0,0,0,0,0,0,0,0,1,2,2,1,2,2,0,0,0,5,0,1,1,1,1,2,0,1,0,0,1,2,0,5,0,76,4,4,,,,,,,,,,,,,,,,,,,,,,,,,,,,,,,,,,,,,,
RPath,2003,sidewalks,43.74,HMAC,1,2,2,1,0,0,0,0,0,0,0,0,1,2,0,1,2,2,0,0,0,0,0,0,0,5,0,0,1,2,0,0,0,0,1,2,2,0,0,0,0,0,0,0,1,2,0,0,0,0,1,2,2,0,5,0,0,1,0,0,0,0,0,0,0,0,0,0,0,0,0,0,0,1,2,2,1,2,2,0,0,0,5,0,1,1,1,1,2,0,1,2,0,1,2,0,5,0,73,4,4,,,,,,,,,,,,,,,,,,,,,,,,,,,,,,,,,,,,,,
RPath,2006,sidewalks,56.412,CON,1,2,2,1,0,0,0,0,0,1,0,0,1,2,0,1,2,2,0,0,0,0,0,0,0,5,3,0,1,2,2,0,0,0,1,2,2,0,0,0,0,0,0,0,1,2,0,0,0,0,1,2,2,5,5,0,3,1,0,0,0,0,0,0,1,0,0,0,0,0,1,0,0,1,2,0,1,2,2,1,0,0,0,0,1,1,1,1,2,2,1,2,0,1,2,0,5,0,85,5,4,,,,,,,,,,,,,,,,,,,,,,,,,,,,,,,,,,,,,,
RPath,2007,sidewalks,108.997,HMAC,1,2,2,1,0,0,0,0,0,0,0,0,1,2,2,1,2,2,0,0,0,0,0,0,0,5,0,0,1,2,2,0,0,0,1,2,2,0,0,0,0,0,0,0,1,2,0,0,0,0,1,2,2,5,5,0,3,1,0,0,0,0,0,0,1,0,0,0,0,0,0,0,0,1,2,2,1,2,2,1,0,0,5,0,1,1,1,1,2,2,1,2,0,1,2,0,5,0,89,5,5,,,,,,,,,,,,,,,,,,,,,,,,,,,,,,,,,,,,,,
RPath,2008,sidewalks,251.755,CON,0,0,0,0,0,0,0,0,0,0,0,0,0,0,0,0,0,0,0,0,0,0,0,0,0,0,0,2,0,0,0,0,0,0,0,0,0,1,2,2,0,0,0,0,0,0,0,0,0,0,0,0,0,0,0,0,0,1,0,0,0,0,0,0,0,0,0,0,0,0,0,0,0,0,0,0,0,0,0,0,0,0,0,0,1,1,1,0,0,0,0,0,0,0,0,0,0,3,14,1,1,,,,,,,,,,,,,,,,,,,,,,,,,,,,,,,,,,,,,,
RPath,2009,sidewalks,47.907,CON,1,2,2,1,0,0,1,0,0,0,0,0,0,0,0,0,0,0,0,0,0,0,0,0,0,5,0,2,0,0,0,0,0,0,1,2,2,0,0,0,0,0,0,0,0,0,0,0,0,0,1,2,2,5,5,4,0,1,0,0,0,0,0,0,0,0,0,0,0,0,0,0,0,1,0,0,0,0,0,0,0,0,0,3,1,1,1,0,0,0,0,0,0,0,0,0,5,0,51,3,3,,,,,,,,,,,,,,,,,,,,,,,,,,,,,,,,,,,,,,
RPath,2010,sidewalks,70.46,CON,1,2,2,1,2,0,1,2,0,0,0,0,0,0,0,0,0,0,0,0,0,0,0,0,0,0,0,2,0,0,0,0,0,0,1,2,2,0,0,0,0,0,0,0,0,0,0,0,0,0,1,2,2,0,0,4,0,1,0,0,0,0,0,0,0,0,0,0,0,0,0,0,0,1,0,0,0,0,0,0,0,0,0,3,1,1,1,0,0,0,0,0,0,0,0,0,5,0,40,2,2,,,,,,,,,,,,,,,,,,,,,,,,,,,,,,,,,,,,,,
RPath,2011,sidewalks,69.606,CON,1,2,0,1,2,0,1,2,0,0,0,0,0,0,0,0,0,0,0,0,0,0,0,0,0,0,0,2,0,0,0,0,0,0,1,2,2,0,0,0,0,0,0,0,0,0,0,0,0,0,1,2,2,0,0,4,0,1,0,0,0,0,0,0,0,0,0,0,0,0,0,0,0,1,0,0,1,0,0,0,0,0,0,3,0,0,0,0,0,0,0,0,0,0,0,0,5,0,36,2,2,,,,,,,,,,,,,,,,,,,,,,,,,,,,,,,,,,,,,,
RPath,2012,sidewalks,128.491,CON,1,2,2,1,2,2,1,2,2,0,0,0,1,0,0,0,0,0,0,0,0,0,0,0,0,0,0,2,0,0,0,0,0,0,1,2,2,0,0,0,0,0,0,0,0,0,0,0,0,0,1,2,2,0,0,4,0,1,0,0,0,0,0,0,0,0,0,0,0,0,0,0,0,1,0,0,1,2,0,0,0,0,5,3,1,1,1,0,0,0,0,0,0,0,0,0,5,0,53,3,3,,,,,,,,,,,,,,,,,,,,,,,,,,,,,,,,,,,,,,
RPath,2013,sidewalks,113.941,CON,1,2,2,0,0,0,0,0,0,1,2,0,0,0,0,1,0,0,0,0,0,0,0,0,0,5,0,0,1,2,2,0,0,0,1,0,0,0,0,0,0,0,0,0,1,2,2,0,1,1,1,2,2,0,5,0,3,0,1,2,0,0,0,0,1,2,0,0,0,0,1,2,0,1,2,2,1,2,0,1,0,0,0,0,1,1,1,1,2,2,1,2,2,1,2,2,5,0,81,4,4,,,,,,,,,,,,,,,,,,,,,,,,,,,,,,,,,,,,,,
RPath,2014,sidewalks,41.417,CON,1,2,2,0,0,0,0,0,0,1,2,0,1,0,0,1,0,0,0,0,0,0,0,0,0,5,0,0,1,2,2,0,0,0,1,0,0,0,0,0,0,0,0,0,1,2,2,0,1,1,1,2,2,0,5,0,3,0,1,2,0,0,0,0,1,2,0,0,0,0,1,2,0,1,2,0,1,2,2,1,0,0,0,0,1,1,1,1,2,0,1,2,2,1,2,2,5,0,80,4,4,,,,,,,,,,,,,,,,,,,,,,,,,,,,,,,,,,,,,,
RPath,123,sidewalks,60.655,CON,1,2,2,0,0,0,0,0,0,1,2,0,0,0,0,0,0,0,0,0,0,0,0,0,0,5,0,0,1,2,2,1,0,0,1,0,0,0,0,0,0,0,0,0,1,2,0,0,1,1,1,2,2,0,5,0,0,0,1,2,0,0,0,0,1,2,0,0,0,0,1,2,0,1,2,2,1,2,0,0,0,0,0,0,1,1,1,1,2,2,1,2,2,1,2,0,5,0,73,4,4,1,174.1,0.000,0.000,,,,,,,,,,,,,,,,,,,,,,,,,,,,,,,,,,4.0
RPath,2015,sidewalks,55.649,CON,1,2,2,1,0,0,1,0,0,0,0,0,0,0,0,1,2,2,0,0,0,0,0,0,5,5,0,2,0,0,0,0,0,0,1,2,2,0,0,0,1,2,0,0,1,2,2,0,1,0,1,2,2,5,5,0,3,1,0,0,0,0,0,0,1,2,0,0,0,0,0,0,0,0,0,0,1,2,0,0,0,0,0,3,1,1,1,0,0,0,0,0,0,0,0,0,5,0,74,4,4,,,,,,,,,,,,,,,,,,,,,,,,,,,,,,,,,,,,,,
RPath,2017,sidewalks,135.154,CON,1,2,2,1,2,0,1,0,0,0,0,0,1,0,0,1,2,0,0,0,0,0,0,0,0,0,0,2,0,0,0,0,0,0,1,2,2,0,0,0,1,2,0,0,1,2,2,0,1,1,1,2,2,5,0,0,3,1,0,0,0,0,0,0,1,0,0,0,0,0,0,0,0,1,0,0,1,2,0,0,0,0,0,3,1,0,0,0,0,0,0,0,0,0,0,0,5,0,58,3,3,,,,,,,,,,,,,,,,,,,,,,,,,,,,,,,,,,,,,,
RPath,2019,sidewalks,188.016,CON,1,2,2,1,2,0,1,0,0,0,0,0,1,2,0,1,2,0,0,0,0,0,0,0,5,5,0,2,0,0,0,0,0,0,1,2,2,0,0,0,1,0,0,0,1,2,0,0,1,1,1,2,2,5,0,0,3,1,0,0,0,0,0,0,0,0,0,0,0,0,0,0,0,1,2,0,1,0,0,0,0,0,0,3,1,1,1,0,0,0,0,0,0,0,0,0,5,0,67,4,4,,,,,,,,,,,,,,,,,,,,,,,,,,,,,,,,,,,,,,
RPath,2020,sidewalks,537.192,CON,1,2,0,1,2,2,0,0,0,0,0,0,1,2,2,1,2,2,0,0,0,0,0,0,5,5,0,2,0,0,0,1,2,2,1,2,2,0,0,0,0,0,0,5,1,2,0,0,1,1,1,2,2,5,5,0,3,1,0,0,0,0,0,0,1,2,0,0,0,0,1,2,0,1,2,2,1,2,2,0,0,0,5,3,0,0,0,1,2,0,0,0,0,0,0,0,5,0,101,5,5,,,,,,,,,,,,,,,,,,,,,,,,,,,,,,,,,,,,,,
RPath,2021,sidewalks,73.202,CON,1,2,2,1,2,0,1,2,0,0,0,0,1,2,0,0,0,0,0,0,0,0,0,0,0,0,0,2,0,0,0,0,0,0,1,2,2,0,0,0,0,0,0,5,1,0,0,0,0,0,1,2,2,0,0,0,3,1,0,0,0,0,0,0,1,2,0,0,0,0,1,2,2,1,2,0,1,2,0,0,0,0,5,3,1,0,0,0,0,0,0,0,0,0,0,0,5,0,64,4,3,,,,,,,,,,,,,,,,,,,,,,,,,,,,,,,,,,,,,,
RPath,2023,sidewalks,289.855,CON,1,2,0,1,2,0,1,0,0,0,0,0,1,2,0,0,0,0,0,0,0,0,0,0,5,0,0,2,0,0,0,0,0,0,1,2,2,0,0,0,0,0,0,5,1,2,2,0,0,0,1,2,2,0,0,0,3,1,0,0,0,0,0,0,1,2,2,1,2,0,1,2,0,1,2,0,1,2,0,0,0,0,5,3,1,0,0,1,0,0,0,0,0,0,0,0,5,0,73,4,4,,,,,,,,,,,,,,,,,,,,,,,,,,,,,,,,,,,,,,
RPath,451,sidewalks,45.337,PB,1,2,0,1,2,0,0,0,0,0,0,0,1,0,0,0,0,0,0,0,0,0,0,0,5,0,0,0,0,0,0,1,0,0,1,2,2,0,0,0,0,0,0,0,1,2,2,0,0,0,1,2,2,5,5,4,3,0,0,0,0,0,0,0,1,2,0,1,2,0,1,0,0,1,0,0,1,0,0,0,0,0,5,3,1,0,1,1,0,0,0,0,0,0,0,0,5,0,70,4,4,4,332.9,0.383,0.335,,,0.009,0.041,0.257,,,,,,,0.018,0.018,,0.005,0.027,0.005,0.005,,,,,,,,,,,,,,,,16.0
RPath,2024,sidewalks,166.42,CON,1,2,0,1,0,0,0,0,0,0,0,0,1,2,0,1,2,0,0,0,0,0,0,0,0,0,0,2,0,0,0,1,0,0,1,2,2,0,0,0,1,2,0,0,0,0,0,0,1,1,1,2,2,0,5,0,0,1,0,0,0,0,0,0,0,0,0,0,0,0,0,0,0,0,0,0,1,0,0,0,0,0,0,0,1,1,1,0,0,0,0,0,0,1,2,0,5,0,46,3,2,,,,,,,,,,,,,,,,,,,,,,,,,,,,,,,,,,,,,,
RPath,2025,sidewalks,39.083,CON,1,2,2,1,0,0,1,0,0,0,0,0,1,0,0,1,0,0,0,0,0,0,0,0,0,5,0,2,0,0,0,0,0,0,0,0,0,0,0,0,0,0,0,0,0,0,0,0,1,1,1,2,2,5,5,0,3,0,0,0,0,0,0,0,0,0,0,0,0,0,0,0,0,0,0,0,1,2,2,0,0,0,0,0,1,1,1,0,0,0,0,0,0,0,0,0,5,0,49,3,3,,,,,,,,,,,,,,,,,,,,,,,,,,,,,,,,,,,,,,
RPath,2026,sidewalks,120.431,CON,1,2,2,1,0,0,1,0,0,0,0,0,1,0,0,1,0,0,0,0,0,0,0,0,0,0,0,2,0,0,0,0,0,0,0,0,0,0,0,0,0,0,0,0,0,0,0,0,1,1,1,2,2,0,0,0,3,1,0,0,0,0,0,0,0,0,0,0,0,0,0,0,0,0,0,0,1,2,2,0,0,0,0,0,1,1,1,0,0,0,0,0,0,0,0,0,5,0,35,2,2,,,,,,,,,,,,,,,,,,,,,,,,,,,,,,,,,,,,,,
RPath,2027,sidewalks,199.066,CON,1,2,2,1,2,0,1,2,0,0,0,0,0,0,0,0,0,0,0,0,0,0,0,0,0,0,0,2,0,0,0,0,0,0,0,0,0,0,0,0,0,0,0,0,0,0,0,0,1,0,1,2,0,0,0,0,3,1,0,0,0,0,0,0,0,0,0,0,0,0,0,0,0,0,0,0,1,2,0,0,0,0,0,0,1,1,1,0,0,0,0,0,0,0,0,0,5,0,32,2,2,,,,,,,,,,,,,,,,,,,,,,,,,,,,,,,,,,,,,,
RPath,2028,sidewalks,163.768,CON,1,2,2,1,2,2,1,2,2,0,0,0,0,0,0,0,0,0,0,0,0,0,0,0,0,0,0,2,0,0,0,0,0,0,0,0,0,0,0,0,0,0,0,0,0,0,0,0,0,0,1,0,0,0,0,0,3,1,0,0,0,0,0,0,0,0,0,0,0,0,0,0,0,0,0,0,1,0,0,0,0,0,0,0,1,1,1,0,0,0,0,0,0,0,0,0,5,0,31,2,2,,,,,,,,,,,,,,,,,,,,,,,,,,,,,,,,,,,,,,
RPath,2030,sidewalks,38.992,HMAC,1,2,0,1,2,0,1,2,0,0,0,0,1,0,0,1,0,0,0,0,0,0,0,0,0,0,0,2,0,0,0,1,0,0,1,2,2,0,0,0,0,0,0,5,1,0,0,0,1,1,1,2,2,5,5,0,0,1,0,0,0,0,0,0,1,2,0,0,0,0,1,2,0,1,2,0,1,2,0,0,0,0,5,3,0,0,1,1,2,2,0,0,0,0,0,0,5,0,74,4,4,,,,,,,,,,,,,,,,,,,,,,,,,,,,,,,,,,,,,,
RPath,2031,sidewalks,42.381,CON,1,2,0,1,2,0,1,2,0,0,0,0,1,0,0,1,0,0,0,0,0,0,0,0,0,5,0,2,0,0,0,1,0,0,1,2,2,0,0,0,0,0,0,5,1,0,0,0,1,1,1,2,2,5,5,0,0,1,0,0,0,0,0,0,1,2,0,0,0,0,1,2,0,1,2,0,1,2,0,0,0,0,5,3,0,0,1,1,2,2,0,0,0,0,0,0,5,0,79,4,4,,,,,,,,,,,,,,,,,,,,,,,,,,,,,,,,,,,,,,
RPath,2032,sidewalks,55.041,HMAC,1,2,0,1,2,0,0,0,0,0,0,0,1,2,0,0,0,0,0,0,0,0,0,0,5,0,0,0,0,0,0,1,2,2,1,2,0,0,0,0,0,0,0,0,1,2,2,0,1,0,1,2,2,0,0,0,3,0,0,0,0,0,0,0,1,2,0,0,0,0,0,0,0,1,0,0,1,0,0,0,0,0,0,0,1,0,0,0,0,0,0,0,0,0,0,0,5,0,47,3,2,,,,,,,,,,,,,,,,,,,,,,,,,,,,,,,,,,,,,,
RPath,2033,sidewalks,7.226,CON,1,2,0,0,0,0,0,0,0,0,0,0,1,2,0,1,2,0,1,0,0,0,0,0,5,0,0,0,0,0,0,1,2,2,1,2,2,0,0,0,0,0,0,0,1,2,2,0,1,1,1,2,2,0,5,0,3,0,0,0,0,0,0,0,1,0,0,0,0,0,1,0,0,1,2,0,1,0,0,0,0,0,0,3,1,1,1,1,0,0,0,0,0,0,0,0,5,0,63,3,3,,,,,,,,,,,,,,,,,,,,,,,,,,,,,,,,,,,,,,
RPath,2034,sidewalks,19.121,CON,1,2,0,1,0,0,0,0,0,0,0,0,1,2,0,1,2,0,1,0,0,0,0,0,5,0,0,0,0,0,0,1,2,2,1,2,2,0,0,0,0,0,0,0,1,2,2,0,1,1,1,2,2,5,5,0,3,0,0,0,0,0,0,0,1,0,0,0,0,0,1,2,0,1,2,0,1,2,0,0,0,0,0,3,1,1,1,1,0,0,0,0,0,0,0,0,5,0,73,4,4,,,,,,,,,,,,,,,,,,,,,,,,,,,,,,,,,,,,,,
RPath,2035,sidewalks,108.405,CON,1,2,2,1,0,0,0,0,0,0,0,0,1,2,0,1,2,0,0,0,0,0,0,0,5,5,0,0,0,0,0,1,2,2,1,2,2,0,0,0,0,0,0,0,1,2,0,0,1,0,1,2,2,0,0,0,3,1,0,0,0,0,0,0,1,0,0,0,0,0,1,0,0,1,0,0,1,2,0,0,0,0,0,3,1,0,0,1,0,0,0,0,0,0,0,0,5,0,61,3,3,,,,,,,,,,,,,,,,,,,,,,,,,,,,,,,,,,,,,,
RPath,2036,sidewalks,101.534,CON,1,2,0,1,0,0,0,0,0,0,0,0,1,2,0,1,2,0,1,0,0,0,0,0,5,0,0,0,0,0,0,1,2,2,1,2,2,0,0,0,0,0,0,0,1,2,2,0,1,1,1,2,2,5,5,0,3,1,0,0,0,0,0,0,1,0,0,0,0,0,1,0,0,1,2,0,1,0,0,0,0,0,0,3,1,1,1,1,0,0,0,0,0,0,0,0,5,0,70,4,4,,,,,,,,,,,,,,,,,,,,,,,,,,,,,,,,,,,,,,
RPath,2037,sidewalks,116.358,CON,1,2,0,0,0,0,0,0,0,0,0,0,0,0,0,0,0,0,0,0,0,0,0,0,0,0,0,2,0,0,0,0,0,0,0,0,0,0,0,0,0,0,0,0,0,0,0,0,0,0,0,0,0,0,0,0,0,1,0,0,0,0,0,0,0,0,0,0,0,0,0,0,0,0,0,0,0,0,0,0,0,0,0,0,1,1,1,0,0,0,0,0,0,0,0,0,0,3,12,1,1,,,,,,,,,,,,,,,,,,,,,,,,,,,,,,,,,,,,,,
RPath,2038,sidewalks,222.298,CON,1,2,2,1,2,2,1,2,0,0,0,0,0,0,0,0,0,0,0,0,0,0,0,0,0,0,0,2,0,0,0,0,0,0,0,0,0,0,0,0,0,0,0,0,0,0,0,0,0,0,1,2,2,0,0,0,0,1,0,0,0,0,0,0,1,2,0,0,0,0,0,0,0,0,0,0,0,0,0,0,0,0,0,0,1,1,1,0,0,0,0,0,0,0,0,0,5,0,32,2,2,,,,,,,,,,,,,,,,,,,,,,,,,,,,,,,,,,,,,,
RPath,2039,sidewalks,66.963,CON,1,2,2,1,2,0,1,2,0,0,0,0,0,0,0,0,0,0,0,0,0,0,0,0,0,0,0,2,0,0,0,0,0,0,0,0,0,0,0,0,0,0,0,0,0,0,0,0,0,0,1,2,0,0,0,0,0,1,0,0,0,0,0,0,1,2,0,0,0,0,0,0,0,0,0,0,0,0,0,0,0,0,0,0,1,1,1,0,0,0,0,0,0,0,0,0,5,0,28,2,1,,,,,,,,,,,,,,,,,,,,,,,,,,,,,,,,,,,,,,
RPath,2040,sidewalks,308.25,CON,1,2,2,1,2,2,1,2,2,0,0,0,0,0,0,0,0,0,0,0,0,0,0,0,0,5,0,2,0,0,0,0,0,0,0,0,0,0,0,0,0,0,0,0,0,0,0,0,0,0,1,2,0,0,0,0,0,1,0,0,0,0,0,0,1,2,2,0,0,0,0,0,0,0,0,0,0,0,0,0,0,0,0,0,1,1,1,0,0,0,0,0,0,0,0,0,5,0,39,2,2,,,,,,,,,,,,,,,,,,,,,,,,,,,,,,,,,,,,,,
RPath,2041,sidewalks,47.666,CON,1,0,0,0,0,0,0,0,0,0,0,0,0,0,0,0,0,0,0,0,0,0,0,0,0,0,0,2,0,0,0,0,0,0,0,0,0,0,0,0,0,0,0,0,0,0,0,0,0,0,1,0,0,0,0,0,0,1,0,0,0,0,0,0,0,0,0,0,0,0,0,0,0,1,0,0,0,0,0,0,0,0,0,0,1,1,1,0,0,0,0,0,0,0,0,0,0,3,12,1,1,,,,,,,,,,,,,,,,,,,,,,,,,,,,,,,,,,,,,,
RPath,2045,sidewalks,56.121,CON,1,0,0,0,0,0,0,0,0,0,0,0,1,2,0,0,0,0,0,0,0,0,0,0,0,0,0,0,0,0,0,1,2,2,0,0,0,0,0,0,0,0,0,0,1,2,2,0,1,1,1,2,2,0,5,0,0,1,0,0,0,0,0,0,0,0,0,0,0,0,0,0,0,1,0,0,1,2,0,0,0,0,0,0,1,1,1,0,0,0,0,0,0,0,0,0,0,0,34,2,2,,,,,,,,,,,,,,,,,,,,,,,,,,,,,,,,,,,,,,
RPath,3717,sidewalks,36.788,PB,1,2,2,1,2,0,0,0,0,0,0,0,1,2,2,0,0,0,0,0,0,0,0,0,5,5,0,0,1,0,0,1,2,2,1,2,2,0,0,0,1,0,0,0,1,2,2,0,1,0,1,2,2,5,5,0,3,0,0,0,0,0,0,0,1,2,0,1,0,0,1,2,0,1,2,0,1,2,0,0,0,0,5,0,1,1,1,1,2,2,0,0,0,0,0,0,5,0,90,5,5,,,,,,,,,,,,,,,,,,,,,,,,,,,,,,,,,,,,,,
RPath,3728,sidewalks,24.865,PB,1,2,2,1,2,0,0,0,0,0,0,0,1,2,0,0,0,0,0,0,0,0,0,0,5,0,0,2,1,0,0,1,2,2,1,2,2,0,0,0,1,0,0,5,1,2,2,0,1,0,1,2,2,5,5,0,3,0,0,0,0,1,0,0,1,2,0,1,0,0,1,2,0,1,2,0,1,0,0,0,0,0,5,0,1,1,1,1,2,2,0,0,0,0,0,0,5,0,89,5,5,,,,,,,,,,,,,,,,,,,,,,,,,,,,,,,,,,,,,,
RPath,3946,sidewalks,83.539,CON,1,2,2,1,2,0,1,0,0,1,2,0,1,2,0,0,0,0,0,0,0,1,0,0,0,0,0,2,0,0,0,0,0,0,1,2,2,0,0,0,0,0,0,5,1,0,0,0,0,0,1,2,2,0,0,0,0,1,0,0,0,0,0,0,1,2,0,1,0,0,1,2,2,0,0,0,1,2,0,0,0,0,5,3,1,0,1,0,0,0,0,0,0,0,0,0,5,0,62,3,3,,,,,,,,,,,,,,,,,,,,,,,,,,,,,,,,,,,,,,
RPath,3971,sidewalks,45.335,CON,1,2,2,1,2,0,1,2,0,1,0,0,1,0,0,0,0,0,0,0,0,0,0,0,0,5,0,2,0,0,0,0,0,0,0,0,0,0,0,0,0,0,0,0,0,0,0,0,1,1,1,2,2,5,5,0,3,1,0,0,0,0,0,0,0,0,0,0,0,0,0,0,0,1,0,0,0,0,0,0,0,0,5,3,1,1,0,0,0,0,0,0,0,0,0,0,5,0,57,3,3,,,,,,,,,,,,,,,,,,,,,,,,,,,,,,,,,,,,,,
RPath,3980,sidewalks,71.445,CON,1,2,2,1,2,0,1,2,0,1,0,0,1,0,0,0,0,0,0,0,0,0,0,0,0,0,0,2,0,0,0,0,0,0,0,0,0,0,0,0,0,0,0,0,0,0,0,0,1,1,1,2,2,5,0,0,3,1,0,0,0,0,0,0,0,0,0,0,0,0,0,0,0,1,2,0,0,0,0,0,0,0,5,3,0,1,0,0,0,0,0,0,0,0,0,0,5,0,48,3,2,,,,,,,,,,,,,,,,,,,,,,,,,,,,,,,,,,,,,,
RPath,3987,sidewalks,69.122,CON,1,2,2,1,2,0,1,2,0,1,0,0,1,0,0,0,0,0,0,0,0,0,0,0,0,0,0,2,0,0,0,0,0,0,0,0,0,0,0,0,0,0,0,0,0,0,0,0,1,0,1,2,0,5,0,0,3,1,0,0,0,0,0,0,0,0,0,0,0,0,0,0,0,1,2,0,0,0,0,0,0,0,5,3,0,1,0,0,0,0,0,0,0,0,0,0,5,0,45,2,2,,,,,,,,,,,,,,,,,,,,,,,,,,,,,,,,,,,,,,
RPath,3996,sidewalks,145.312,CON,1,2,2,1,2,0,1,2,0,1,0,0,1,0,0,0,0,0,0,0,0,0,0,0,0,5,0,2,0,0,0,0,0,0,0,0,0,0,0,0,0,0,0,0,0,0,0,0,1,0,1,2,0,5,0,0,3,1,0,0,0,0,0,0,0,0,0,0,0,0,0,0,0,1,2,0,0,0,0,0,0,0,5,3,0,1,0,0,0,0,0,0,0,0,0,0,5,0,50,3,3,,,,,,,,,,,,,,,,,,,,,,,,,,,,,,,,,,,,,,
RPath,4004,sidewalks,75.366,CON,1,2,2,1,0,0,1,0,0,0,0,0,1,0,0,0,0,0,0,0,0,0,0,0,0,0,0,2,0,0,0,0,0,0,0,0,0,0,0,0,0,0,0,0,0,0,0,0,1,0,1,2,0,5,0,0,3,1,0,0,0,0,0,0,0,0,0,0,0,0,0,0,0,1,2,0,0,0,0,0,0,0,5,3,0,1,0,0,0,0,0,0,0,0,0,0,5,0,40,2,2,,,,,,,,,,,,,,,,,,,,,,,,,,,,,,,,,,,,,,
RPath,4015,sidewalks,76.215,CON,1,2,0,0,0,0,0,0,0,0,0,0,1,2,0,0,0,0,0,0,0,0,0,0,0,0,0,2,0,0,0,0,0,0,0,0,0,0,0,0,0,0,0,0,0,0,0,0,1,0,1,2,0,5,0,0,3,1,0,0,0,0,0,0,0,0,0,0,0,0,0,0,0,1,2,0,0,0,0,0,0,0,5,3,0,1,0,0,0,0,0,0,0,0,0,0,5,0,38,2,2,,,,,,,,,,,,,,,,,,,,,,,,,,,,,,,,,,,,,,
RPath,4023,sidewalks,84.969,CON,1,2,2,1,0,0,1,0,0,0,0,0,1,2,0,0,0,0,0,0,0,0,0,0,0,0,0,2,0,0,0,0,0,0,0,0,0,0,0,0,0,0,0,0,0,0,0,0,1,1,1,2,2,5,0,0,3,1,0,0,0,0,0,0,0,0,0,0,0,0,0,0,0,1,2,0,1,0,0,0,0,0,5,3,0,1,0,0,0,0,0,0,0,0,0,0,5,0,46,3,2,,,,,,,,,,,,,,,,,,,,,,,,,,,,,,,,,,,,,,
RPath,4030,sidewalks,70.857,CON,1,2,2,1,0,0,1,0,0,0,0,0,1,0,0,0,0,0,0,0,0,0,0,0,0,0,0,2,0,0,0,0,0,0,1,2,2,0,0,0,0,0,0,0,0,0,0,0,1,1,1,2,0,0,0,0,0,1,0,0,0,0,0,0,1,0,0,0,0,0,1,2,2,1,2,0,1,2,0,0,0,0,5,3,0,0,1,0,0,0,0,0,0,0,0,0,5,0,47,3,2,,,,,,,,,,,,,,,,,,,,,,,,,,,,,,,,,,,,,,
RPath,4031,sidewalks,57.855,CON,1,2,2,1,0,0,1,0,0,0,0,0,1,0,0,0,0,0,0,0,0,0,0,0,0,0,0,2,0,0,0,0,0,0,1,2,2,0,0,0,0,0,0,0,0,0,0,0,1,1,1,2,0,5,5,0,0,1,0,0,0,0,0,0,1,0,0,0,0,0,1,2,2,1,2,0,1,2,0,0,0,0,5,3,1,0,1,0,0,0,0,0,0,0,0,0,5,0,58,3,3,,,,,,,,,,,,,,,,,,,,,,,,,,,,,,,,,,,,,,
RPath,4046,sidewalks,29.375,CON,0,0,0,0,0,0,0,0,0,0,0,0,0,0,0,0,0,0,0,0,0,0,0,0,5,0,0,0,0,0,0,1,2,2,0,0,0,1,2,0,0,0,0,0,0,0,0,0,1,1,1,2,2,0,0,0,3,0,0,0,0,0,0,0,0,0,0,0,0,0,0,0,0,1,2,0,0,0,0,0,0,0,0,0,1,1,1,0,0,0,0,0,0,0,0,0,5,0,34,2,2,,,,,,,,,,,,,,,,,,,,,,,,,,,,,,,,,,,,,,
RPath,4054,sidewalks,51.623,CON,0,0,0,0,0,0,0,0,0,0,0,0,0,0,0,0,0,0,0,0,0,0,0,0,5,0,3,0,0,0,0,1,2,2,0,0,0,1,2,0,0,0,0,0,0,0,0,0,1,0,1,2,2,0,5,0,0,1,0,0,0,0,0,0,0,0,0,0,0,0,0,0,0,1,2,2,0,0,0,0,0,0,0,0,1,1,1,0,0,0,0,0,0,0,0,0,5,0,41,2,2,,,,,,,,,,,,,,,,,,,,,,,,,,,,,,,,,,,,,,
RPath,4069,sidewalks,257.517,CON,1,2,2,1,2,2,1,2,0,0,0,0,1,2,0,1,2,0,0,0,0,0,0,0,0,5,0,2,0,0,0,0,0,0,1,2,2,0,0,0,0,0,0,0,1,0,0,0,1,1,1,2,2,5,5,0,3,1,0,0,0,0,0,0,1,0,0,0,0,0,0,0,0,1,2,0,1,2,2,0,0,0,5,3,0,0,0,0,0,0,0,0,0,0,0,0,5,0,75,4,4,,,,,,,,,,,,,,,,,,,,,,,,,,,,,,,,,,,,,,
RPath,4076,sidewalks,21.644,CON,1,2,0,1,2,0,1,2,0,0,0,0,1,2,0,1,2,0,0,0,0,0,0,0,0,0,0,2,0,0,0,0,0,0,1,2,2,0,0,0,0,0,0,0,0,0,0,0,0,0,1,0,0,0,0,0,3,1,0,0,0,0,0,0,0,0,0,0,0,0,0,0,0,1,2,0,1,2,2,0,0,0,5,3,0,0,0,0,0,0,0,0,0,0,0,0,5,0,48,3,2,,,,,,,,,,,,,,,,,,,,,,,,,,,,,,,,,,,,,,
RPath,4083,sidewalks,321.56,CON,1,2,0,1,2,0,1,2,0,0,0,0,1,2,0,1,0,0,0,0,0,0,0,0,0,5,0,2,0,0,0,1,0,0,1,2,2,0,0,0,1,0,0,0,0,0,0,0,1,1,1,2,2,5,0,4,3,1,0,0,0,0,0,0,0,0,0,0,0,0,0,0,0,1,2,0,1,2,2,0,0,0,5,3,1,1,1,0,0,0,0,0,0,0,0,0,5,0,71,4,4,,,,,,,,,,,,,,,,,,,,,,,,,,,,,,,,,,,,,,
RPath,4085,sidewalks,131.271,CON,1,2,0,1,2,0,1,0,0,0,0,0,1,2,2,1,2,0,0,0,0,0,0,0,5,5,0,2,0,0,0,1,2,0,1,2,2,1,2,0,0,0,0,0,0,0,0,0,1,0,1,2,2,0,0,0,3,1,0,0,0,0,0,0,0,0,0,0,0,0,1,0,0,1,2,0,1,2,2,0,0,0,5,3,1,1,1,0,0,0,0,0,0,0,0,0,5,0,73,4,4,,,,,,,,,,,,,,,,,,,,,,,,,,,,,,,,,,,,,,
RPath,3951,sidewalks,52.489,CON,1,2,2,1,2,0,1,0,0,1,2,0,1,2,0,0,0,0,0,0,0,1,0,0,0,0,0,2,0,0,0,0,0,0,1,2,2,0,0,0,0,0,0,5,1,0,0,0,0,0,1,2,2,0,0,0,0,1,0,0,0,0,0,0,1,2,2,1,0,0,1,2,0,1,0,0,1,2,0,0,0,0,0,3,1,0,1,0,0,0,0,0,0,0,0,0,5,0,58,3,3,,,,,,,,,,,,,,,,,,,,,,,,,,,,,,,,,,,,,,
RPath,4365,sidewalks,28.688,CON,1,2,2,1,2,2,0,0,0,0,0,0,1,0,0,1,2,0,0,0,0,0,0,0,5,0,0,2,0,0,0,0,0,0,1,2,2,0,0,0,0,0,0,5,1,2,2,0,0,0,1,2,2,5,5,0,3,0,0,0,0,0,0,0,0,0,0,0,0,0,1,0,0,1,0,0,1,0,0,0,0,0,5,0,1,0,0,1,0,0,0,0,0,0,0,0,5,0,69,4,4,,,,,,,,,,,,,,,,,,,,,,,,,,,,,,,,,,,,,,
RPath,4457,sidewalks,46.972,CON,1,2,2,1,2,2,0,0,0,0,0,0,0,0,0,1,0,0,0,0,0,0,0,0,0,0,0,0,0,0,0,0,0,0,1,2,0,0,0,0,0,0,0,0,1,0,0,0,1,0,1,2,0,0,0,0,0,1,0,0,0,0,0,0,0,0,0,0,0,0,0,0,0,0,0,0,1,2,2,0,0,0,0,0,1,1,1,1,2,0,1,2,2,0,0,0,5,0,41,2,2,,,,,,,,,,,,,,,,,,,,,,,,,,,,,,,,,,,,,,
RPath,4462,sidewalks,109.968,CON,1,2,2,1,2,2,0,0,0,0,0,0,0,0,0,1,0,0,0,0,0,0,0,0,0,0,0,0,0,0,0,0,0,0,1,2,0,0,0,0,0,0,0,0,0,0,0,0,1,0,1,2,2,0,0,0,3,1,0,0,0,0,0,0,0,0,0,0,0,0,0,0,0,0,0,0,1,2,2,0,0,0,0,0,1,1,1,1,2,2,1,2,2,0,0,0,5,0,47,3,2,,,,,,,,,,,,,,,,,,,,,,,,,,,,,,,,,,,,,,
RPath,13291,sidewalks,35.045,CON,1,2,2,1,2,2,0,0,0,0,0,0,0,0,0,0,0,0,0,0,0,0,0,0,0,0,0,0,0,0,0,0,0,0,1,2,0,0,0,0,0,0,0,0,1,0,0,0,1,0,1,2,0,0,0,0,0,0,0,0,0,0,0,0,0,0,0,0,0,0,0,0,0,0,0,0,1,2,2,0,0,0,0,0,1,1,1,1,2,0,1,2,2,1,0,0,5,0,40,2,2,,,,,,,,,,,,,,,,,,,,,,,,,,,,,,,,,,,,,,
RPath,5460,sidewalks,34.858,CON,1,2,2,1,2,0,0,0,0,0,0,0,1,2,0,0,0,0,0,0,0,0,0,0,0,5,0,2,0,0,0,0,0,0,0,0,0,0,0,0,0,0,0,0,0,0,0,0,0,0,1,2,2,5,5,0,3,1,0,0,0,0,0,0,0,0,0,0,0,0,0,0,0,1,2,0,1,0,0,0,0,0,0,0,1,1,1,0,0,0,0,0,0,0,0,0,5,3,52,3,3,,,,,,,,,,,,,,,,,,,,,,,,,,,,,,,,,,,,,,
RPath,5462,sidewalks,387.009,CON,1,2,2,1,2,2,0,0,0,0,0,0,1,2,2,0,0,0,0,0,0,0,0,0,0,5,0,2,0,0,0,0,0,0,0,0,0,0,0,0,0,0,0,0,0,0,0,0,0,0,1,2,2,5,5,0,3,1,0,0,0,0,0,0,0,0,0,0,0,0,0,0,0,1,2,0,1,0,0,0,0,0,0,0,1,1,1,0,0,0,0,0,0,0,0,0,5,3,56,3,3,,,,,,,,,,,,,,,,,,,,,,,,,,,,,,,,,,,,,,
RPath,5476,sidewalks,272.748,CON,1,2,2,1,2,2,0,0,0,0,0,0,1,2,0,0,0,0,0,0,0,0,0,0,0,5,0,2,0,0,0,0,0,0,0,0,0,0,0,0,0,0,0,0,0,0,0,0,0,0,1,2,2,5,5,0,3,1,0,0,0,0,0,0,0,0,0,0,0,0,0,0,0,1,2,0,1,0,0,0,0,0,0,0,1,1,1,0,0,0,0,0,0,0,0,0,5,3,54,3,3,,,,,,,,,,,,,,,,,,,,,,,,,,,,,,,,,,,,,,
RPath,5480,sidewalks,33.381,CON,1,2,2,1,2,2,0,0,0,0,0,0,1,2,0,0,0,0,0,0,0,0,0,0,0,0,0,2,0,0,0,0,0,0,0,0,0,0,0,0,0,0,0,0,0,0,0,0,0,0,1,0,0,0,0,0,3,1,0,0,0,0,0,0,0,0,0,0,0,0,0,0,0,1,0,0,1,0,0,0,0,0,0,0,1,1,1,0,0,0,0,0,0,0,0,0,5,0,30,2,2,,,,,,,,,,,,,,,,,,,,,,,,,,,,,,,,,,,,,,
RPath,5482,sidewalks,95.611,CON,1,2,2,1,2,0,0,0,0,0,0,0,1,2,2,0,0,0,0,0,0,0,0,0,0,0,0,2,0,0,0,0,0,0,0,0,0,0,0,0,0,0,0,0,0,0,0,0,0,0,1,0,0,0,0,0,3,1,0,0,0,0,0,0,0,0,0,0,0,0,0,0,0,1,0,0,1,0,0,0,0,0,0,0,1,1,1,0,0,0,0,0,0,0,0,0,5,0,30,2,2,,,,,,,,,,,,,,,,,,,,,,,,,,,,,,,,,,,,,,
RPath,5486,sidewalks,24.398,CON,1,2,2,1,2,0,0,0,0,0,0,0,1,2,0,0,0,0,0,0,0,0,0,0,0,0,0,2,0,0,0,0,0,0,0,0,0,0,0,0,0,0,0,0,0,0,0,0,0,0,1,0,0,0,0,0,3,1,0,0,0,0,0,0,0,0,0,0,0,0,0,0,0,0,0,0,0,0,0,0,0,0,0,0,1,1,1,0,0,0,0,0,0,0,0,0,5,0,26,1,1,,,,,,,,,,,,,,,,,,,,,,,,,,,,,,,,,,,,,,
RPath,5488,sidewalks,48.752,CON,1,2,2,1,2,0,0,0,0,0,0,0,1,2,0,0,0,0,0,0,0,0,0,0,0,0,0,2,0,0,0,0,0,0,0,0,0,0,0,0,0,0,0,0,0,0,0,0,0,0,1,0,0,0,0,0,3,1,0,0,0,0,0,0,0,0,0,0,0,0,0,0,0,0,0,0,0,0,0,0,0,0,0,0,1,1,1,0,0,0,0,0,0,0,0,0,5,0,26,1,1,,,,,,,,,,,,,,,,,,,,,,,,,,,,,,,,,,,,,,
RPath,5492,sidewalks,209.913,CON,1,2,2,1,2,0,0,0,0,0,0,0,1,2,2,0,0,0,0,0,0,0,0,0,0,5,0,2,0,0,0,0,0,0,0,0,0,0,0,0,0,0,0,0,0,0,0,0,0,0,1,0,0,0,0,0,3,1,0,0,0,0,0,0,0,0,0,0,0,0,0,0,0,0,0,0,1,0,0,0,0,0,0,0,1,1,1,0,0,0,0,0,0,0,0,0,5,0,34,2,2,,,,,,,,,,,,,,,,,,,,,,,,,,,,,,,,,,,,,,
RPath,5497,sidewalks,41.335,CON,1,2,2,1,0,0,0,0,0,0,0,0,1,2,0,0,0,0,0,0,0,0,0,0,0,5,0,2,0,0,0,0,0,0,0,0,0,0,0,0,0,0,0,0,0,0,0,0,0,0,0,0,0,0,0,0,0,1,0,0,0,0,0,0,0,0,0,0,0,0,0,0,0,0,0,0,1,0,0,0,0,0,0,0,1,1,1,0,0,0,0,0,0,0,0,0,5,0,26,1,1,,,,,,,,,,,,,,,,,,,,,,,,,,,,,,,,,,,,,,
RPath,5504,sidewalks,191.624,CON,1,2,2,1,0,0,0,0,0,0,0,0,1,2,2,0,0,0,0,0,0,0,0,0,0,5,0,2,0,0,0,0,0,0,0,0,0,0,0,0,0,0,0,0,0,0,0,0,0,0,0,0,0,0,0,0,0,1,0,0,0,0,0,0,0,0,0,0,0,0,0,0,0,1,0,0,1,2,0,0,0,0,0,0,1,1,1,0,0,0,0,0,0,0,0,0,5,0,31,2,2,,,,,,,,,,,,,,,,,,,,,,,,,,,,,,,,,,,,,,
RPath,6288,sidewalks,10.075,HMAC,1,2,0,1,2,0,0,0,0,0,0,0,1,2,2,0,0,0,0,0,0,0,0,0,0,0,0,2,0,0,0,1,0,0,1,0,0,0,0,0,0,0,0,5,1,2,2,0,1,1,1,2,2,5,0,0,3,1,0,0,0,0,0,0,1,0,0,0,0,0,0,0,0,1,2,0,1,2,0,0,0,0,5,3,1,0,0,0,0,0,0,0,0,0,0,0,5,0,62,3,3,,,,,,,,,,,,,,,,,,,,,,,,,,,,,,,,,,,,,,
RPath,6402,sidewalks,3.961,HMAC,1,2,2,1,2,0,1,2,0,0,0,0,1,2,0,1,2,0,0,0,0,0,0,0,0,0,0,2,0,0,0,1,2,0,1,2,2,0,0,0,0,0,0,5,1,2,0,0,0,0,1,2,2,0,5,0,0,1,0,0,0,0,0,0,1,0,0,0,0,0,0,0,0,1,2,0,1,0,0,0,0,0,5,3,1,0,0,0,0,0,0,0,0,0,0,0,5,0,65,4,3,,,,,,,,,,,,,,,,,,,,,,,,,,,,,,,,,,,,,,
RPath,592,sidewalks,203.386,HMAC,1,2,2,1,2,2,1,2,0,1,0,0,1,2,2,1,2,2,0,0,0,0,0,0,0,5,0,2,0,0,0,1,0,0,1,2,2,0,0,0,0,0,0,5,1,0,0,0,0,0,1,2,2,0,5,0,3,1,0,0,0,0,0,0,0,0,0,0,0,0,0,0,0,1,2,2,1,2,2,0,0,0,5,3,1,0,0,0,0,0,0,0,0,0,0,0,5,0,81,4,4,3,203.6,0.302,0.153,0.088,,,0.192,0.015,,,,,,0.007,,,,,,,,,,,,,,,,,,,,,,,12.0
RPath,8294,sidewalks,138.909,CON,1,2,2,0,0,0,0,0,0,0,0,0,0,0,0,0,0,0,0,0,0,0,0,0,0,0,0,2,0,0,0,0,0,0,1,0,0,0,0,0,0,0,0,0,0,0,0,0,0,0,1,2,2,0,0,0,0,1,0,0,0,0,0,0,0,0,0,0,0,0,0,0,0,0,0,0,0,0,0,0,0,0,0,0,1,1,1,0,0,0,0,0,0,0,0,0,5,0,22,1,1,,,,,,,,,,,,,,,,,,,,,,,,,,,,,,,,,,,,,,
RPath,8302,sidewalks,54.29,CON,1,2,0,0,0,0,0,0,0,0,0,0,0,0,0,0,0,0,0,0,0,0,0,0,0,0,0,2,0,0,0,0,0,0,1,0,0,0,0,0,0,0,0,0,0,0,0,0,0,0,1,2,2,0,0,0,0,1,0,0,0,0,0,0,0,0,0,0,0,0,0,0,0,0,0,0,0,0,0,0,0,0,0,0,1,1,1,0,0,0,0,0,0,0,0,0,5,0,20,1,1,,,,,,,,,,,,,,,,,,,,,,,,,,,,,,,,,,,,,,
RPath,8305,sidewalks,39.105,CON,1,2,0,1,0,0,0,0,0,0,0,0,0,0,0,0,0,0,0,0,0,0,0,0,0,0,0,2,0,0,0,0,0,0,1,0,0,0,0,0,0,0,0,0,0,0,0,0,0,0,1,2,0,0,0,0,0,1,0,0,0,0,0,0,0,0,0,0,0,0,0,0,0,0,0,0,0,0,0,0,0,0,0,0,1,1,1,0,0,0,0,0,0,0,0,0,5,0,19,1,1,,,,,,,,,,,,,,,,,,,,,,,,,,,,,,,,,,,,,,
RPath,8306,sidewalks,86.262,CON,1,2,0,0,0,0,0,0,0,0,0,0,0,0,0,0,0,0,0,0,0,0,0,0,0,0,0,2,0,0,0,0,0,0,1,0,0,0,0,0,0,0,0,0,0,0,0,0,0,0,1,2,0,0,0,0,0,1,0,0,0,0,0,0,0,0,0,0,0,0,0,0,0,0,0,0,0,0,0,0,0,0,0,0,1,1,1,0,0,0,0,0,0,0,0,0,5,0,18,1,1,,,,,,,,,,,,,,,,,,,,,,,,,,,,,,,,,,,,,,
RPath,8307,sidewalks,43.754,CON,1,2,0,0,0,0,0,0,0,0,0,0,0,0,0,0,0,0,0,0,0,0,0,0,0,0,0,2,0,0,0,0,0,0,1,2,0,0,0,0,0,0,0,0,0,0,0,0,0,0,1,2,0,0,0,0,0,1,0,0,0,0,0,0,0,0,0,0,0,0,0,0,0,0,0,0,0,0,0,0,0,0,0,0,1,1,1,0,0,0,0,0,0,0,0,0,5,0,20,1,1,,,,,,,,,,,,,,,,,,,,,,,,,,,,,,,,,,,,,,
RPath,8308,sidewalks,96.692,CON,1,2,0,1,0,0,0,0,0,0,0,0,0,0,0,0,0,0,0,0,0,0,0,0,0,0,0,2,0,0,0,0,0,0,1,0,0,0,0,0,0,0,0,0,0,0,0,0,0,0,1,2,0,0,0,0,0,1,0,0,0,0,0,0,0,0,0,0,0,0,0,0,0,0,0,0,0,0,0,0,0,0,0,0,1,1,1,0,0,0,0,0,0,0,0,0,5,0,19,1,1,,,,,,,,,,,,,,,,,,,,,,,,,,,,,,,,,,,,,,
RPath,8311,sidewalks,143.743,CON,1,2,0,1,0,0,0,0,0,0,0,0,0,0,0,0,0,0,0,0,0,0,0,0,0,0,0,2,0,0,0,0,0,0,1,0,0,0,0,0,0,0,0,0,0,0,0,0,0,0,1,2,0,0,0,0,0,1,0,0,0,0,0,0,0,0,0,0,0,0,0,0,0,0,0,0,0,0,0,0,0,0,0,0,1,1,1,0,0,0,0,0,0,0,0,0,5,0,19,1,1,,,,,,,,,,,,,,,,,,,,,,,,,,,,,,,,,,,,,,
RPath,8314,sidewalks,32.413,CON,1,2,0,1,0,0,0,0,0,0,0,0,0,0,0,0,0,0,0,0,0,0,0,0,0,0,0,2,0,0,0,0,0,0,0,0,0,0,0,0,0,0,0,0,0,0,0,0,0,0,1,2,0,0,0,0,0,1,0,0,0,0,0,0,0,0,0,0,0,0,0,0,0,0,0,0,0,0,0,0,0,0,0,0,1,1,1,0,0,0,0,0,0,0,0,0,5,0,18,1,1,,,,,,,,,,,,,,,,,,,,,,,,,,,,,,,,,,,,,,
RPath,8315,sidewalks,37.513,CON,1,2,0,1,0,0,0,0,0,0,0,0,0,0,0,0,0,0,0,0,0,0,0,0,0,0,0,2,0,0,0,0,0,0,0,0,0,0,0,0,0,0,0,0,0,0,0,0,0,0,1,2,0,0,0,0,0,1,0,0,0,0,0,0,0,0,0,0,0,0,0,0,0,0,0,0,0,0,0,0,0,0,0,0,1,1,1,0,0,0,0,0,0,0,0,0,5,0,18,1,1,,,,,,,,,,,,,,,,,,,,,,,,,,,,,,,,,,,,,,
RPath,8436,sidewalks,51.534,PB,1,2,2,1,2,0,0,0,0,0,0,0,1,0,0,0,0,0,0,0,0,0,0,0,0,5,0,2,0,0,0,0,0,0,1,2,2,0,0,0,0,0,0,5,1,2,2,0,0,0,1,2,2,5,0,0,0,1,1,0,0,0,0,0,0,0,0,0,0,0,0,0,0,1,2,0,1,0,0,0,0,0,5,3,1,1,1,1,2,0,0,0,0,0,0,0,5,0,66,4,3,,,,,,,,,,,,,,,,,,,,,,,,,,,,,,,,,,,,,,
RPath,8612,sidewalks,128.558,CON,1,2,2,1,2,0,0,0,0,0,0,0,1,2,2,0,0,0,0,0,0,0,0,0,0,5,0,2,0,0,0,0,0,0,1,2,2,0,0,0,0,0,0,0,0,0,0,0,1,0,1,2,2,5,5,0,3,1,0,0,0,0,0,0,0,0,0,0,0,0,0,0,0,1,0,0,1,0,0,0,0,0,0,3,1,1,0,0,0,0,0,0,0,0,0,0,5,0,57,3,3,,,,,,,,,,,,,,,,,,,,,,,,,,,,,,,,,,,,,,
RPath,8620,sidewalks,129.128,CON,1,2,2,1,2,0,0,0,0,0,0,0,1,2,2,0,0,0,0,0,0,0,0,0,0,0,0,2,0,0,0,0,0,0,1,2,0,0,0,0,0,0,0,0,0,0,0,0,1,1,1,2,2,5,0,0,3,1,0,0,0,0,0,0,0,0,0,0,0,0,0,0,0,0,0,0,1,2,0,0,0,0,5,3,1,1,1,0,0,0,0,0,0,0,0,0,5,0,53,3,3,,,,,,,,,,,,,,,,,,,,,,,,,,,,,,,,,,,,,,
RPath,8624,sidewalks,83.26,CON,1,2,2,1,2,0,1,2,0,0,0,0,1,0,0,0,0,0,0,0,0,0,0,0,0,5,0,2,0,0,0,0,0,0,1,2,2,0,0,0,0,0,0,0,0,0,0,0,1,1,1,2,2,5,5,0,0,1,0,0,0,0,0,0,1,2,0,0,0,0,1,2,0,1,2,0,1,2,2,0,0,0,5,0,1,0,1,0,0,0,0,0,0,0,0,0,5,0,68,4,4,,,,,,,,,,,,,,,,,,,,,,,,,,,,,,,,,,,,,,
RPath,8639,sidewalks,120.556,CON,1,2,2,1,2,0,1,2,0,0,0,0,0,0,0,0,0,0,0,0,0,0,0,0,0,5,0,2,0,0,0,0,0,0,1,2,2,0,0,0,0,0,0,0,0,0,0,0,1,1,1,2,2,0,5,0,0,1,0,0,0,0,0,0,1,2,2,0,0,0,1,2,0,1,2,2,1,2,2,0,0,0,5,3,1,0,1,0,0,0,0,0,0,0,0,0,5,0,69,4,4,,,,,,,,,,,,,,,,,,,,,,,,,,,,,,,,,,,,,,
RPath,8644,sidewalks,117.214,CON,1,2,2,1,0,0,1,0,0,0,0,0,1,0,0,0,0,0,0,0,0,0,0,0,0,0,0,2,0,0,0,0,0,0,0,0,0,0,0,0,0,0,0,0,0,0,0,0,1,0,1,2,2,0,0,0,3,1,0,0,0,0,0,0,0,0,0,0,0,0,0,0,0,1,2,0,1,2,0,0,0,0,0,3,1,1,1,0,0,0,0,0,0,0,0,0,5,0,37,2,2,,,,,,,,,,,,,,,,,,,,,,,,,,,,,,,,,,,,,,
RPath,8652,sidewalks,65.961,CON,0,0,0,0,0,0,0,0,0,0,0,0,1,2,2,0,0,0,1,2,2,0,0,0,0,5,3,0,0,0,0,1,0,0,0,0,0,0,0,0,0,0,0,0,1,0,0,0,1,0,1,2,0,0,0,0,3,1,0,0,0,0,0,0,0,0,0,0,0,0,0,0,0,1,2,0,1,2,2,0,0,0,0,0,1,1,1,0,0,0,0,0,0,0,0,0,5,0,44,2,2,,,,,,,,,,,,,,,,,,,,,,,,,,,,,,,,,,,,,,
RPath,8668,sidewalks,8.872,CON,0,0,0,0,0,0,0,0,0,0,0,0,1,2,2,0,0,0,1,2,2,0,0,0,0,5,3,0,0,0,0,1,0,0,0,0,0,0,0,0,0,0,0,0,1,0,0,0,1,0,1,2,2,0,0,0,3,1,0,0,0,0,0,0,0,0,0,0,0,0,0,0,0,1,2,0,1,2,2,0,0,0,0,0,1,1,1,0,0,0,0,0,0,0,0,0,5,0,46,3,2,,,,,,,,,,,,,,,,,,,,,,,,,,,,,,,,,,,,,,
RPath,8673,sidewalks,165.885,CON,1,2,2,1,2,2,1,2,0,1,0,0,1,2,2,0,0,0,0,0,0,1,0,0,0,0,0,2,1,2,0,0,0,0,1,2,2,0,0,0,0,0,0,5,1,2,0,0,0,0,1,2,0,0,0,0,0,1,0,0,0,0,0,0,1,2,2,0,0,0,1,0,0,1,2,0,1,2,2,0,0,0,5,3,1,0,0,0,0,0,0,0,0,0,0,0,5,0,70,4,4,,,,,,,,,,,,,,,,,,,,,,,,,,,,,,,,,,,,,,
RPath,8683,sidewalks,76.994,CON,1,2,2,1,2,0,0,0,0,0,0,0,1,2,0,0,0,0,0,0,0,0,0,0,0,0,0,2,0,0,0,0,0,0,1,2,2,0,0,0,0,0,0,0,0,0,0,0,0,0,1,2,2,0,0,4,0,1,0,0,0,0,0,0,0,0,0,0,0,0,0,0,0,1,2,2,1,2,2,0,0,0,5,3,1,0,0,0,0,0,0,0,0,0,0,0,5,0,52,3,3,,,,,,,,,,,,,,,,,,,,,,,,,,,,,,,,,,,,,,
RPath,8694,sidewalks,123.201,CON,1,2,2,1,2,2,1,0,0,0,0,0,1,2,2,1,0,0,0,0,0,0,0,0,0,5,0,2,0,0,0,0,0,0,1,2,0,0,0,0,0,0,0,0,1,0,0,0,0,0,1,2,2,0,0,0,0,1,0,0,0,0,0,0,0,0,0,0,0,0,1,2,2,1,0,0,1,2,2,0,0,0,5,3,1,0,0,0,0,0,0,0,0,0,0,0,5,0,59,3,3,,,,,,,,,,,,,,,,,,,,,,,,,,,,,,,,,,,,,,
RPath,8695,sidewalks,392.897,CON,1,2,2,1,2,2,0,0,0,0,0,0,1,2,2,0,0,0,0,0,0,0,0,0,0,5,0,2,0,0,0,0,0,0,1,2,2,0,0,0,0,0,0,0,0,0,0,0,0,0,1,2,2,0,0,0,0,1,0,0,0,0,0,0,0,0,0,0,0,0,1,2,0,1,2,2,1,2,2,0,0,0,0,3,1,0,0,0,0,0,0,0,0,0,0,0,5,0,55,3,3,,,,,,,,,,,,,,,,,,,,,,,,,,,,,,,,,,,,,,
RPath,8719,sidewalks,42.937,CON,1,2,0,1,0,0,1,0,0,0,0,0,1,2,0,1,2,0,0,0,0,0,0,0,0,0,0,2,0,0,0,0,0,0,1,2,2,0,0,0,0,0,0,0,1,2,0,0,0,0,1,2,2,5,0,4,0,1,0,0,0,0,0,0,0,0,0,0,0,0,1,2,0,1,2,0,1,2,0,0,0,0,5,3,0,0,0,0,0,0,0,0,0,0,0,0,5,0,58,3,3,,,,,,,,,,,,,,,,,,,,,,,,,,,,,,,,,,,,,,
RPath,8724,sidewalks,60.127,CON,1,2,0,1,2,0,1,0,0,0,0,0,1,2,0,1,0,0,0,0,0,0,0,0,0,0,0,2,0,0,0,0,0,0,1,2,2,0,0,0,0,0,0,0,1,0,0,0,0,0,1,2,2,0,0,0,0,1,0,0,0,0,0,0,0,0,0,0,0,0,1,2,2,1,2,0,1,2,0,0,0,0,5,3,0,0,0,0,0,0,0,0,0,0,0,0,5,0,49,3,3,,,,,,,,,,,,,,,,,,,,,,,,,,,,,,,,,,,,,,
RPath,8727,sidewalks,76.939,CON,1,2,2,1,2,0,1,0,0,0,0,0,1,2,2,1,0,0,0,0,0,0,0,0,0,5,0,2,0,0,0,0,0,0,1,2,0,0,0,0,0,0,0,0,1,0,0,0,0,0,1,2,2,0,0,0,0,1,0,0,0,0,0,0,0,0,0,0,0,0,1,2,2,1,0,0,1,2,2,0,0,0,5,3,1,0,0,0,0,0,0,0,0,0,0,0,5,0,57,3,3,,,,,,,,,,,,,,,,,,,,,,,,,,,,,,,,,,,,,,
RPath,8733,sidewalks,99.885,CON,1,2,0,0,0,0,0,0,0,0,0,0,1,0,0,0,0,0,0,0,0,0,0,0,0,0,3,0,0,0,0,0,0,0,0,0,0,0,0,0,0,0,0,0,0,0,0,0,0,0,1,2,0,0,0,0,0,1,0,0,0,0,0,0,1,0,0,0,0,0,0,0,0,0,0,0,0,0,0,0,0,0,0,0,1,1,1,1,2,0,0,0,0,0,0,0,5,0,23,1,1,,,,,,,,,,,,,,,,,,,,,,,,,,,,,,,,,,,,,,
RPath,8739,sidewalks,98.067,CON,1,2,0,0,0,0,0,0,0,0,0,0,1,2,0,1,0,0,0,0,0,0,0,0,0,0,3,0,1,0,0,0,0,0,0,0,0,0,0,0,0,0,0,0,1,0,0,0,0,0,1,2,0,0,0,0,0,1,0,0,0,0,0,0,1,2,0,0,0,0,0,0,0,0,0,0,1,0,0,0,0,0,0,0,1,1,1,1,2,0,0,0,0,0,0,0,5,0,31,2,2,,,,,,,,,,,,,,,,,,,,,,,,,,,,,,,,,,,,,,
RPath,8751,sidewalks,291.108,CON,1,2,2,0,0,0,0,0,0,0,0,0,1,2,0,0,0,0,0,0,0,0,0,0,0,0,0,2,0,0,0,0,0,0,1,0,0,0,0,0,0,0,0,0,0,0,0,0,1,1,1,2,2,5,0,0,3,1,0,0,0,0,0,0,0,0,0,0,0,0,0,0,0,0,0,0,1,2,2,0,0,0,5,3,1,1,1,0,0,0,0,0,0,0,0,0,5,0,48,3,2,,,,,,,,,,,,,,,,,,,,,,,,,,,,,,,,,,,,,,
RPath,8755,sidewalks,165.14,CON,1,2,2,0,0,0,0,0,0,0,0,0,1,2,2,0,0,0,0,0,0,0,0,0,0,5,0,2,0,0,0,0,0,0,0,0,0,0,0,0,0,0,0,0,0,0,0,0,1,1,1,2,2,5,0,4,3,1,0,0,0,0,0,0,0,0,0,0,0,0,0,0,0,0,0,0,1,2,2,0,0,0,5,3,1,1,1,0,0,0,0,0,0,0,0,0,5,3,61,3,3,,,,,,,,,,,,,,,,,,,,,,,,,,,,,,,,,,,,,,
RPath,8763,sidewalks,45.631,CON,1,2,2,1,2,0,1,2,0,1,2,0,1,2,0,0,0,0,0,0,0,0,0,0,5,0,0,2,0,0,0,0,0,0,1,2,2,0,0,0,0,0,0,5,1,2,2,0,0,0,1,2,2,0,5,0,0,1,0,0,0,0,0,0,1,0,0,0,0,0,1,2,0,0,0,0,1,2,2,0,0,0,0,3,0,0,0,0,0,0,0,0,0,0,0,0,5,0,67,4,4,,,,,,,,,,,,,,,,,,,,,,,,,,,,,,,,,,,,,,
RPath,8768,sidewalks,78.979,CON,1,2,2,1,0,0,1,0,0,1,2,0,1,2,0,0,0,0,0,0,0,0,0,0,5,0,0,2,0,0,0,0,0,0,1,2,2,0,0,0,0,0,0,5,1,2,2,0,0,0,1,2,2,5,5,4,0,1,0,0,0,0,0,0,1,0,0,0,0,0,1,2,0,0,0,0,1,2,2,0,0,0,0,3,0,0,0,0,0,0,0,0,0,0,0,0,5,0,72,4,4,,,,,,,,,,,,,,,,,,,,,,,,,,,,,,,,,,,,,,
RPath,8772,sidewalks,85.035,CON,1,2,2,1,2,0,1,2,0,1,2,0,1,2,0,0,0,0,0,0,0,0,0,0,5,0,0,2,0,0,0,0,0,0,1,2,2,0,0,0,0,0,0,5,1,0,0,0,0,0,1,2,2,0,5,0,0,1,0,0,0,0,0,0,1,0,0,0,0,0,1,2,0,0,0,0,1,2,2,0,0,0,5,3,1,0,1,0,0,0,0,0,0,0,0,0,5,0,70,4,4,,,,,,,,,,,,,,,,,,,,,,,,,,,,,,,,,,,,,,
RPath,8780,sidewalks,77.422,CON,1,2,2,1,2,0,1,2,0,1,2,0,1,2,0,0,0,0,0,0,0,0,0,0,5,0,0,2,0,0,0,0,0,0,1,2,2,0,0,0,0,0,0,5,1,2,0,0,0,0,1,2,2,0,5,0,0,1,0,0,0,0,0,0,1,0,0,0,0,0,1,2,0,0,0,0,1,2,2,0,0,0,5,3,1,0,1,0,0,0,0,0,0,0,0,0,5,0,72,4,4,,,,,,,,,,,,,,,,,,,,,,,,,,,,,,,,,,,,,,
RPath,8784,sidewalks,85.315,CON,1,2,2,0,0,0,0,0,0,0,0,0,1,2,0,0,0,0,0,0,0,0,0,0,0,0,0,2,0,0,0,0,0,0,0,0,0,0,0,0,0,0,0,0,0,0,0,0,1,1,1,2,2,5,0,4,0,1,0,0,0,0,0,0,0,0,0,0,0,0,0,0,0,1,2,2,1,0,0,0,0,0,0,3,1,1,0,1,2,2,0,0,0,0,0,0,5,0,48,3,2,,,,,,,,,,,,,,,,,,,,,,,,,,,,,,,,,,,,,,
RPath,8787,sidewalks,93.87,CON,1,2,2,0,0,0,0,0,0,0,0,0,1,2,0,0,0,0,0,0,0,0,0,0,0,0,0,2,0,0,0,0,0,0,0,0,0,0,0,0,0,0,0,0,0,0,0,0,1,1,1,2,2,5,0,4,0,1,0,0,0,0,0,0,0,0,0,0,0,0,0,0,0,1,2,0,0,0,0,0,0,0,0,3,1,1,0,1,2,0,0,0,0,0,0,0,5,0,43,2,2,,,,,,,,,,,,,,,,,,,,,,,,,,,,,,,,,,,,,,
RPath,8791,sidewalks,55.6,CON,1,2,2,0,0,0,0,0,0,0,0,0,1,0,0,0,0,0,0,0,0,0,0,0,0,5,0,2,0,0,0,0,0,0,0,0,0,0,0,0,0,0,0,0,0,0,0,0,1,1,1,2,2,5,5,4,0,1,0,0,0,0,0,0,0,0,0,0,0,0,0,0,0,1,0,0,0,0,0,0,0,0,0,3,1,1,1,1,0,0,0,0,0,0,0,0,5,0,48,3,2,,,,,,,,,,,,,,,,,,,,,,,,,,,,,,,,,,,,,,
RPath,8796,sidewalks,41.67,CON,1,2,2,0,0,0,0,0,0,0,0,0,1,2,2,0,0,0,0,0,0,0,0,0,0,5,0,2,0,0,0,0,0,0,0,0,0,0,0,0,0,0,0,0,0,0,0,0,1,1,1,2,2,5,0,4,0,1,0,0,0,0,0,0,0,0,0,0,0,0,0,0,0,1,2,2,1,0,0,0,0,0,0,3,1,1,0,1,2,2,0,0,0,0,0,0,5,0,55,3,3,,,,,,,,,,,,,,,,,,,,,,,,,,,,,,,,,,,,,,
RPath,8801,sidewalks,75.68,HMAC,1,2,0,1,2,0,1,2,0,0,0,0,1,2,2,1,2,2,0,0,0,0,0,0,0,0,0,2,0,0,0,0,0,0,1,2,2,0,0,0,0,0,0,0,1,2,2,0,1,1,1,2,2,5,5,0,0,1,0,0,0,0,0,0,1,0,0,0,0,0,0,0,0,1,2,2,1,0,0,0,0,0,5,0,0,0,0,0,0,0,0,0,0,0,0,0,5,0,66,4,3,,,,,,,,,,,,,,,,,,,,,,,,,,,,,,,,,,,,,,
RPath,8804,sidewalks,77.714,HMAC,1,2,0,1,2,0,1,0,0,0,0,0,1,2,2,1,2,2,0,0,0,0,0,0,0,0,0,2,0,0,0,0,0,0,1,2,2,0,0,0,0,0,0,0,1,2,2,0,1,1,1,2,2,5,5,0,0,1,0,0,0,0,0,0,0,0,0,0,0,0,0,0,0,1,2,0,1,2,0,0,0,0,5,0,0,0,0,0,0,0,0,0,0,0,0,0,5,0,63,3,3,,,,,,,,,,,,,,,,,,,,,,,,,,,,,,,,,,,,,,
RPath,8808,sidewalks,72.912,HMAC,1,2,0,1,2,0,1,0,0,0,0,0,1,2,2,1,2,2,0,0,0,0,0,0,0,0,0,2,0,0,0,0,0,0,1,2,2,0,0,0,0,0,0,0,1,2,0,0,1,1,1,2,2,5,5,0,0,1,0,0,0,0,0,0,0,0,0,0,0,0,0,0,0,1,2,0,1,2,0,0,0,0,5,0,0,0,0,0,0,0,0,0,0,0,0,0,5,0,61,3,3,,,,,,,,,,,,,,,,,,,,,,,,,,,,,,,,,,,,,,
RPath,8826,sidewalks,79.891,HMAC,1,2,2,1,2,0,1,0,0,0,0,0,1,2,0,1,2,0,0,0,0,0,0,0,0,0,0,2,0,0,0,0,0,0,1,2,2,0,0,0,0,0,0,0,0,0,0,0,1,1,1,2,2,5,5,0,3,1,0,0,0,0,0,0,1,0,0,0,0,0,0,0,0,1,2,2,1,2,2,0,0,0,5,3,0,0,0,0,0,0,0,0,0,0,0,0,5,0,67,4,4,,,,,,,,,,,,,,,,,,,,,,,,,,,,,,,,,,,,,,
RPath,8833,sidewalks,125.28,HMAC,1,2,2,1,2,0,1,0,0,0,0,0,1,2,2,1,2,2,0,0,0,0,0,0,0,0,0,2,0,0,0,0,0,0,1,2,2,0,0,0,0,0,0,0,1,0,0,0,1,1,1,2,2,5,5,0,3,1,0,0,0,0,0,0,1,0,0,0,0,0,0,0,0,1,2,0,1,2,2,0,0,0,5,3,0,0,0,0,0,0,0,0,0,0,0,0,5,0,70,4,4,,,,,,,,,,,,,,,,,,,,,,,,,,,,,,,,,,,,,,
RPath,8838,sidewalks,128.263,HMAC,1,2,2,1,2,0,1,2,0,0,0,0,1,0,0,1,0,0,0,0,0,0,0,0,0,5,0,2,0,0,0,0,0,0,1,2,2,0,0,0,0,0,0,0,0,0,0,0,1,1,1,2,2,5,5,0,0,1,0,0,0,0,0,0,1,2,0,0,0,0,0,0,0,1,2,2,1,2,0,0,0,0,0,3,0,0,0,0,0,0,0,0,0,0,0,0,5,0,62,3,3,,,,,,,,,,,,,,,,,,,,,,,,,,,,,,,,,,,,,,
RPath,8858,sidewalks,79.188,HMAC,1,2,2,1,0,0,1,0,0,0,0,0,1,0,0,0,0,0,0,0,0,0,0,0,0,0,0,2,0,0,0,0,0,0,1,2,2,0,0,0,0,0,0,0,1,2,2,0,0,0,1,2,2,5,5,0,3,1,0,0,0,0,0,0,1,0,0,0,0,0,0,0,0,1,2,0,1,0,0,1,2,2,5,3,1,1,1,0,0,0,1,0,0,0,0,0,5,0,66,4,3,,,,,,,,,,,,,,,,,,,,,,,,,,,,,,,,,,,,,,
RPath,8868,sidewalks,130.071,HMAC,1,2,2,1,2,0,1,2,0,0,0,0,1,0,0,0,0,0,0,0,0,0,0,0,0,0,0,2,0,0,0,0,0,0,1,2,2,0,0,0,0,0,0,0,0,0,0,0,1,1,1,2,2,5,5,0,0,1,0,0,0,0,0,0,1,2,2,0,0,0,1,0,0,1,2,2,1,2,2,0,0,0,0,3,0,0,0,0,0,0,0,0,0,0,0,0,5,0,61,3,3,,,,,,,,,,,,,,,,,,,,,,,,,,,,,,,,,,,,,,
RPath,8881,sidewalks,135.131,HMAC,1,2,2,1,2,0,1,2,0,0,0,0,1,0,0,1,0,0,0,0,0,0,0,0,0,5,0,2,0,0,0,0,0,0,1,2,2,0,0,0,0,0,0,0,1,2,2,0,1,0,1,2,2,5,5,0,0,1,0,0,0,0,0,0,1,2,2,0,0,0,0,0,0,1,2,0,1,0,0,1,0,0,5,3,0,0,0,0,0,0,0,0,0,0,0,0,5,0,70,4,4,,,,,,,,,,,,,,,,,,,,,,,,,,,,,,,,,,,,,,
RPath,8890,sidewalks,271.825,HMAC,1,2,2,1,2,2,1,2,2,0,0,0,1,2,2,1,2,2,0,0,0,0,0,0,0,5,0,2,0,0,0,1,0,0,1,2,2,0,0,0,0,0,0,0,1,2,2,0,1,1,1,2,2,5,5,0,0,1,0,0,0,0,0,0,1,2,2,0,0,0,0,0,0,1,2,2,1,0,0,0,0,0,5,0,0,0,0,0,0,0,0,0,0,0,0,0,5,0,82,4,4,,,,,,,,,,,,,,,,,,,,,,,,,,,,,,,,,,,,,,
RPath,8896,sidewalks,71.555,HMAC,1,2,0,1,2,0,1,2,0,0,0,0,1,2,2,1,2,2,0,0,0,0,0,0,0,0,0,2,0,0,0,0,0,0,1,2,2,0,0,0,0,0,0,0,1,2,2,0,1,1,1,2,2,5,5,0,0,1,0,0,0,0,0,0,1,0,0,0,0,0,0,0,0,1,2,2,1,0,0,0,0,0,5,0,0,0,0,0,0,0,0,0,0,0,0,0,5,0,66,4,3,,,,,,,,,,,,,,,,,,,,,,,,,,,,,,,,,,,,,,
RPath,8902,sidewalks,74.152,HMAC,1,2,2,1,2,0,1,2,0,0,0,0,1,0,0,0,0,0,0,0,0,0,0,0,0,0,0,2,0,0,0,0,0,0,1,2,2,0,0,0,0,0,0,0,1,2,0,0,1,0,1,2,2,5,5,0,0,1,0,0,0,0,0,0,1,2,2,0,0,0,0,0,0,1,2,0,1,0,0,1,0,0,5,3,0,0,0,0,0,0,0,0,0,0,0,0,5,0,62,3,3,,,,,,,,,,,,,,,,,,,,,,,,,,,,,,,,,,,,,,
RPath,8908,sidewalks,73.647,HMAC,1,2,0,1,2,0,1,2,0,0,0,0,1,0,0,0,0,0,0,0,0,0,0,0,0,0,0,2,0,0,0,0,0,0,1,2,2,0,0,0,0,0,0,0,1,2,0,0,0,0,1,2,2,5,5,0,0,1,0,0,0,0,0,0,1,2,0,0,0,0,0,0,0,1,2,0,1,0,0,1,2,0,5,3,0,0,0,0,0,0,0,0,0,0,0,0,5,0,59,3,3,,,,,,,,,,,,,,,,,,,,,,,,,,,,,,,,,,,,,,
RPath,8915,sidewalks,74.014,HMAC,1,2,0,1,0,0,1,0,0,0,0,0,1,0,0,0,0,0,0,0,0,0,0,0,0,0,0,2,0,0,0,0,0,0,1,2,2,0,0,0,0,0,0,0,1,2,0,0,0,0,1,2,2,5,5,0,0,1,0,0,0,0,0,0,1,2,0,0,0,0,0,0,0,1,2,0,1,0,0,1,2,0,5,3,0,0,0,0,0,0,0,0,0,0,0,0,5,0,55,3,3,,,,,,,,,,,,,,,,,,,,,,,,,,,,,,,,,,,,,,
RPath,8923,sidewalks,309.84,HMAC,1,2,2,1,2,2,1,0,0,0,0,0,1,2,0,0,0,0,0,0,0,0,0,0,0,5,0,0,0,0,0,0,0,0,1,2,2,0,0,0,0,0,0,0,1,2,2,0,1,1,1,2,2,5,5,0,3,0,0,0,0,0,0,0,0,0,0,0,0,0,0,0,0,0,0,0,1,0,0,0,0,0,0,3,1,1,1,1,0,0,1,0,0,1,2,2,5,0,68,4,4,,,,,,,,,,,,,,,,,,,,,,,,,,,,,,,,,,,,,,
RPath,8931,sidewalks,257.342,HMAC,1,2,2,1,2,2,0,0,0,0,0,0,0,0,0,0,0,0,0,0,0,0,0,0,0,0,0,0,0,0,0,0,0,0,1,2,2,0,0,0,0,0,0,0,1,2,2,0,0,0,1,2,2,5,5,0,3,0,0,0,0,0,0,0,0,0,0,0,0,0,0,0,0,0,0,0,1,0,0,1,0,0,0,0,1,1,1,1,2,0,1,2,0,1,2,0,5,0,57,3,3,,,,,,,,,,,,,,,,,,,,,,,,,,,,,,,,,,,,,,
RPath,8939,sidewalks,303.503,HMAC,1,2,2,1,0,0,0,0,0,0,0,0,1,0,0,0,0,0,0,0,0,0,0,0,0,5,0,0,0,0,0,0,0,0,1,2,2,0,0,0,0,0,0,0,1,2,2,0,0,0,1,2,2,5,5,0,3,0,0,0,0,0,0,0,0,0,0,0,0,0,0,0,0,1,2,0,1,0,0,1,2,2,0,3,1,1,1,1,2,0,1,2,0,1,0,0,5,0,67,4,4,,,,,,,,,,,,,,,,,,,,,,,,,,,,,,,,,,,,,,
RPath,358,sidewalks,74.328,HMAC,1,2,2,1,2,0,1,2,0,0,0,0,0,0,0,0,0,0,0,0,0,0,0,0,0,5,0,2,0,0,0,0,0,0,1,2,2,0,0,0,0,0,0,0,0,0,0,0,1,1,1,2,2,5,5,0,0,0,0,0,0,0,0,0,1,2,2,0,0,0,1,2,0,1,2,2,1,2,2,0,0,0,5,3,1,0,1,0,0,0,0,0,0,0,0,0,5,0,73,4,4,4,208.0,0.490,0.483,,,,,0.476,,,,,,,,,,0.014,,,,,,,,,,,,,,,,,,,16.0
RPath,8949,sidewalks,94.224,CON,1,2,0,1,2,0,1,2,0,0,0,0,1,2,2,1,2,0,0,0,0,0,0,0,0,5,0,2,0,0,0,0,0,0,1,2,0,0,0,0,0,0,0,0,1,0,0,0,0,0,1,2,2,0,0,0,3,1,0,0,0,0,0,0,0,0,0,0,0,0,0,0,0,1,2,2,1,2,2,0,0,0,0,3,1,0,1,0,0,0,0,0,0,0,0,0,5,0,57,3,3,,,,,,,,,,,,,,,,,,,,,,,,,,,,,,,,,,,,,,
RPath,8960,sidewalks,144.312,CON,1,2,0,1,0,0,1,0,0,0,0,0,1,2,2,1,0,0,0,0,0,0,0,0,0,5,0,2,0,0,0,0,0,0,1,0,0,0,0,0,0,0,0,0,0,0,0,0,0,0,1,2,2,0,0,0,3,1,0,0,0,0,0,0,0,0,0,0,0,0,0,0,0,1,2,2,1,2,2,0,0,0,0,3,1,0,1,0,0,0,0,0,0,0,0,0,5,0,48,3,2,,,,,,,,,,,,,,,,,,,,,,,,,,,,,,,,,,,,,,
RPath,8972,sidewalks,65.916,HMAC,1,2,0,1,0,0,1,0,0,0,0,0,1,2,2,1,0,0,0,0,0,0,0,0,0,5,0,2,0,0,0,0,0,0,1,0,0,0,0,0,0,0,0,0,0,0,0,0,0,0,1,2,2,0,0,0,3,1,0,0,0,0,0,0,0,0,0,0,0,0,0,0,0,1,2,2,1,2,2,0,0,0,0,3,1,0,1,0,0,0,0,0,0,0,0,0,5,0,48,3,2,,,,,,,,,,,,,,,,,,,,,,,,,,,,,,,,,,,,,,
RPath,8979,sidewalks,97.415,HMAC,1,2,0,1,0,0,0,0,0,0,0,0,1,2,2,1,0,0,0,0,0,1,0,0,0,5,0,2,0,0,0,0,0,0,1,0,0,0,0,0,0,0,0,0,1,0,0,0,0,0,1,2,2,0,0,0,3,1,0,0,0,0,0,0,0,0,0,0,0,0,0,0,0,1,2,2,1,2,2,0,0,0,0,3,1,0,1,0,0,0,0,0,0,0,0,0,5,0,49,3,3,,,,,,,,,,,,,,,,,,,,,,,,,,,,,,,,,,,,,,
RPath,8992,sidewalks,203.629,HMAC,1,2,2,1,0,0,1,0,0,0,0,0,1,2,2,0,0,0,0,0,0,1,2,0,0,5,0,2,0,0,0,0,0,0,1,2,2,0,0,0,0,0,0,0,1,2,2,0,1,1,1,2,2,5,5,0,3,1,0,0,0,0,0,0,0,0,0,0,0,0,0,0,0,1,2,0,1,2,2,0,0,0,5,3,1,1,1,0,0,0,0,0,0,0,0,0,5,0,77,4,4,,,,,,,,,,,,,,,,,,,,,,,,,,,,,,,,,,,,,,
RPath,8998,sidewalks,16.746,CON,1,2,0,1,0,0,1,0,0,0,0,0,1,2,2,0,0,0,0,0,0,1,0,0,0,5,0,2,0,0,0,0,0,0,1,2,2,0,0,0,0,0,0,0,1,2,0,0,1,0,1,2,2,5,0,0,3,1,0,0,0,0,0,0,0,0,0,0,0,0,0,0,0,1,0,0,1,2,2,0,0,0,5,3,1,1,1,0,0,0,0,0,0,0,0,0,5,0,63,3,3,,,,,,,,,,,,,,,,,,,,,,,,,,,,,,,,,,,,,,
RPath,9009,sidewalks,162.964,HMAC,1,2,2,0,0,0,0,0,0,0,0,0,1,2,2,0,0,0,0,0,0,1,2,2,0,5,0,2,0,0,0,0,0,0,1,2,2,0,0,0,0,0,0,0,1,2,0,0,1,1,1,2,2,5,5,0,3,1,0,0,0,0,0,0,0,0,0,0,0,0,0,0,0,1,2,0,1,2,2,0,0,0,0,3,1,1,1,0,0,0,0,0,0,0,0,0,5,0,70,4,4,,,,,,,,,,,,,,,,,,,,,,,,,,,,,,,,,,,,,,
RPath,9027,sidewalks,141.248,CON,1,2,2,0,0,0,0,0,0,0,0,0,1,2,2,0,0,0,0,0,0,0,0,0,0,5,0,0,0,0,0,1,0,0,1,2,2,1,0,0,1,2,2,0,1,2,2,0,1,0,1,2,2,5,5,0,0,1,0,0,0,0,0,0,0,0,0,0,0,0,0,0,0,1,0,0,1,2,0,0,0,0,0,0,1,1,1,0,0,0,0,0,0,0,0,0,5,0,61,3,3,,,,,,,,,,,,,,,,,,,,,,,,,,,,,,,,,,,,,,
RPath,9028,sidewalks,69.929,CON,1,2,2,0,0,0,0,0,0,0,0,0,1,2,2,0,0,0,0,0,0,0,0,0,0,5,0,0,0,0,0,0,0,0,1,2,2,1,0,0,1,2,0,0,1,2,0,0,1,0,1,2,2,5,5,0,0,1,0,0,0,0,0,0,0,0,0,0,0,0,0,0,0,1,2,0,1,2,0,0,0,0,0,0,1,1,1,0,0,0,0,0,0,0,0,0,5,0,58,3,3,,,,,,,,,,,,,,,,,,,,,,,,,,,,,,,,,,,,,,
RPath,9061,sidewalks,103.506,HMAC,1,2,2,0,0,0,0,0,0,0,0,0,1,2,2,0,0,0,0,0,0,1,0,0,0,5,0,0,0,0,0,0,0,0,1,2,2,0,0,0,1,0,0,0,1,2,2,0,1,1,1,2,2,5,5,4,0,0,0,0,0,0,0,0,0,0,0,0,0,0,0,0,0,1,2,0,1,2,0,0,0,0,0,0,1,1,1,0,0,0,0,0,0,0,0,0,5,0,62,3,3,,,,,,,,,,,,,,,,,,,,,,,,,,,,,,,,,,,,,,
RPath,9071,sidewalks,94.791,HMAC,1,2,2,0,0,0,0,0,0,0,0,0,1,2,2,0,0,0,0,0,0,1,2,0,0,5,0,0,0,0,0,0,0,0,1,2,2,0,0,0,1,0,0,0,1,2,2,0,1,1,1,2,2,5,5,4,3,0,0,0,0,0,0,0,0,0,0,0,0,0,0,0,0,1,2,0,1,2,2,0,0,0,0,3,1,1,1,0,0,0,0,0,0,0,0,0,5,0,72,4,4,,,,,,,,,,,,,,,,,,,,,,,,,,,,,,,,,,,,,,
RPath,9273,sidewalks,37.87,CON,1,2,0,0,0,0,0,0,0,1,2,0,0,0,0,1,2,0,0,0,0,0,0,0,5,0,0,0,1,2,2,0,0,0,0,0,0,0,0,0,0,0,0,0,1,2,0,0,1,1,1,2,0,0,0,0,0,1,1,2,0,0,0,0,1,2,2,0,0,0,1,2,2,1,2,2,1,2,2,1,2,0,0,0,1,1,1,1,2,0,1,2,2,1,2,0,5,0,73,4,4,,,,,,,,,,,,,,,,,,,,,,,,,,,,,,,,,,,,,,
RPath,9303,sidewalks,88.397,CON,1,2,2,0,0,0,0,0,0,1,2,2,0,0,0,1,2,0,0,0,0,0,0,0,5,0,0,0,1,2,2,0,0,0,0,0,0,0,0,0,0,0,0,0,1,2,0,0,1,1,1,2,2,0,0,0,3,1,1,2,0,0,0,0,1,2,2,0,0,0,1,2,2,1,2,0,1,2,2,1,2,0,5,0,1,1,1,1,2,2,1,2,2,1,2,0,5,0,87,5,5,,,,,,,,,,,,,,,,,,,,,,,,,,,,,,,,,,,,,,
RPath,9306,sidewalks,68.624,CON,1,2,2,0,0,0,0,0,0,1,2,2,0,0,0,1,0,0,0,0,0,0,0,0,5,0,0,0,1,2,2,0,0,0,1,0,0,0,0,0,0,0,0,0,1,2,2,0,1,1,1,2,2,0,5,0,3,0,1,2,0,0,0,0,1,2,0,0,0,0,1,2,2,1,2,0,1,2,2,1,0,0,0,0,1,1,1,1,2,2,1,2,2,1,2,0,5,0,83,5,4,,,,,,,,,,,,,,,,,,,,,,,,,,,,,,,,,,,,,,
RPath,9307,sidewalks,78.637,CON,1,2,2,0,0,0,0,0,0,1,2,0,0,0,0,1,0,0,0,0,0,0,0,0,5,0,0,0,1,2,2,0,0,0,1,0,0,0,0,0,0,0,0,0,1,2,2,0,1,1,1,2,2,0,5,0,3,1,1,2,0,0,0,0,1,2,0,0,0,0,1,2,0,1,2,0,1,2,2,1,2,0,5,0,1,1,1,1,2,0,1,2,2,1,2,0,5,0,85,5,4,,,,,,,,,,,,,,,,,,,,,,,,,,,,,,,,,,,,,,
RPath,9309,sidewalks,51.435,CON,1,2,2,0,0,0,0,0,0,1,2,0,0,0,0,1,0,0,0,0,0,0,0,0,5,0,0,0,1,2,2,0,0,0,0,0,0,0,0,0,0,0,0,0,1,2,2,0,1,1,1,2,2,0,5,0,0,1,1,2,0,0,0,0,1,2,0,0,0,0,1,2,0,1,2,0,1,2,2,1,2,0,5,0,1,1,1,1,2,0,1,2,2,1,2,0,5,0,81,4,4,,,,,,,,,,,,,,,,,,,,,,,,,,,,,,,,,,,,,,
RPath,9310,sidewalks,32.951,,1,2,2,0,0,0,0,0,0,1,2,0,0,0,0,1,0,0,0,0,0,0,0,0,5,0,0,0,1,2,2,0,0,0,0,0,0,0,0,0,0,0,0,0,1,2,0,0,1,1,1,2,2,0,5,0,0,1,1,0,0,0,0,0,1,2,0,0,0,0,1,2,0,1,2,0,1,2,2,1,2,0,5,0,1,1,1,1,2,0,1,2,2,1,2,0,5,0,77,4,4,,,,,,,,,,,,,,,,,,,,,,,,,,,,,,,,,,,,,,
RPath,13295,sidewalks,31.301,CON,1,2,0,0,0,0,0,0,0,1,2,0,0,0,0,1,2,0,0,0,0,0,0,0,5,0,0,0,1,2,2,0,0,0,0,0,0,0,0,0,0,0,0,0,1,2,0,0,1,1,1,2,0,0,0,0,0,1,1,2,0,0,0,0,1,2,2,0,0,0,1,2,2,1,2,0,1,2,2,1,2,0,5,0,1,1,1,1,2,0,1,2,2,1,2,0,5,0,76,4,4,,,,,,,,,,,,,,,,,,,,,,,,,,,,,,,,,,,,,,
RPath,9328,sidewalks,303.36,HMAC,1,2,2,1,2,2,1,0,0,0,0,0,1,2,0,0,0,0,0,0,0,0,0,0,0,5,3,0,0,0,0,0,0,0,1,2,2,0,0,0,0,0,0,0,1,2,2,0,1,1,1,2,2,5,5,0,3,0,0,0,0,0,0,0,0,0,0,0,0,0,0,0,0,0,0,0,1,0,0,0,0,0,0,3,1,1,1,1,0,0,1,0,0,1,2,2,5,0,71,4,4,,,,,,,,,,,,,,,,,,,,,,,,,,,,,,,,,,,,,,
RPath,9335,sidewalks,252.672,HMAC,1,2,2,1,2,2,0,0,0,0,0,0,0,0,0,0,0,0,0,0,0,0,0,0,5,0,0,0,0,0,0,0,0,0,1,2,2,0,0,0,0,0,0,0,1,2,2,0,0,0,1,2,2,5,5,0,3,0,0,0,0,0,0,0,0,0,0,0,0,0,0,0,0,0,0,0,1,0,0,1,0,0,0,0,1,1,1,1,2,0,1,0,0,1,2,2,5,0,62,3,3,,,,,,,,,,,,,,,,,,,,,,,,,,,,,,,,,,,,,,
RPath,9343,sidewalks,281.678,HMAC,1,2,2,1,0,0,0,0,0,0,0,0,1,0,0,0,0,0,0,0,0,0,0,0,0,0,0,0,0,0,0,0,0,0,1,2,2,0,0,0,0,0,0,0,1,2,2,0,0,0,1,2,2,5,5,0,3,0,0,0,0,0,0,0,0,0,0,0,0,0,0,0,0,1,2,0,1,0,0,1,2,2,0,3,1,1,1,1,0,0,1,0,0,1,0,0,5,0,58,3,3,,,,,,,,,,,,,,,,,,,,,,,,,,,,,,,,,,,,,,
RPath,9353,sidewalks,15.794,CON,1,0,0,1,0,0,0,0,0,1,0,0,1,2,2,1,2,2,0,0,0,0,0,0,0,5,0,0,0,0,0,0,0,0,1,2,2,0,0,0,0,0,0,0,0,0,0,0,1,0,1,2,2,5,5,0,0,0,0,0,0,0,0,0,0,0,0,0,0,0,0,0,0,1,0,0,1,2,0,0,0,0,0,0,1,1,1,0,0,0,0,0,0,1,2,2,5,0,56,3,3,,,,,,,,,,,,,,,,,,,,,,,,,,,,,,,,,,,,,,
RPath,9354,sidewalks,29.346,CON,1,0,0,0,0,0,0,0,0,1,0,0,1,2,2,1,2,2,0,0,0,0,0,0,0,5,0,0,0,0,0,0,0,0,1,2,2,0,0,0,0,0,0,0,0,0,0,0,1,0,1,2,2,5,5,4,0,0,0,0,0,0,0,0,0,0,0,0,0,0,0,0,0,1,0,0,1,2,0,0,0,0,0,0,1,1,1,0,0,0,0,0,0,1,2,2,5,0,59,3,3,,,,,,,,,,,,,,,,,,,,,,,,,,,,,,,,,,,,,,
RPath,9361,sidewalks,66.157,CON,1,2,2,0,0,0,0,0,0,0,0,0,0,0,0,0,0,0,0,0,0,0,0,0,5,0,0,0,0,0,0,1,2,2,0,0,0,0,0,0,0,0,0,0,0,0,0,0,1,1,1,2,2,0,5,4,0,1,0,0,0,0,0,0,0,0,0,0,0,0,0,0,0,1,0,0,0,0,0,0,0,0,0,0,1,1,1,0,0,0,0,0,0,0,0,0,5,0,41,2,2,,,,,,,,,,,,,,,,,,,,,,,,,,,,,,,,,,,,,,
RPath,9401,sidewalks,283.089,CON,1,2,2,1,2,0,1,0,0,0,0,0,1,2,2,1,2,2,0,0,0,1,2,0,5,5,0,2,0,0,0,0,0,0,1,2,2,0,0,0,0,0,0,5,1,2,2,0,1,1,1,2,2,5,5,0,0,1,0,0,0,0,0,0,0,0,0,0,0,0,0,0,0,1,2,2,1,2,2,0,0,0,5,0,1,1,0,1,2,2,0,0,0,1,2,2,5,0,99,5,5,,,,,,,,,,,,,,,,,,,,,,,,,,,,,,,,,,,,,,
RPath,9412,sidewalks,65.01,CON,1,2,2,1,2,0,1,0,0,0,0,0,1,2,0,1,2,0,0,0,0,1,0,0,5,5,0,2,0,0,0,1,0,0,1,2,2,0,0,0,0,0,0,5,1,0,0,0,1,1,1,2,2,5,5,0,0,1,0,0,0,0,0,0,0,0,0,0,0,0,0,0,0,1,2,0,1,2,2,0,0,0,5,0,1,0,0,1,2,0,0,0,0,1,2,0,5,0,83,5,4,,,,,,,,,,,,,,,,,,,,,,,,,,,,,,,,,,,,,,
RPath,9413,sidewalks,97.841,CON,1,2,2,1,2,0,1,0,0,0,0,0,1,2,2,1,2,0,0,0,0,1,0,0,5,5,0,2,0,0,0,0,0,0,1,2,2,0,0,0,0,0,0,0,1,2,0,0,1,1,1,2,2,0,0,0,0,1,0,0,0,0,0,0,0,0,0,0,0,0,0,0,0,1,2,2,1,2,2,0,0,0,5,0,1,0,0,1,2,2,0,0,0,1,2,0,5,0,75,4,4,,,,,,,,,,,,,,,,,,,,,,,,,,,,,,,,,,,,,,
RPath,9630,sidewalks,121.476,HMAC,1,2,2,1,0,0,0,0,0,0,0,0,1,2,2,1,2,2,0,0,0,0,0,0,0,5,0,0,1,2,0,0,0,0,1,2,2,0,0,0,0,0,0,5,1,2,0,0,0,0,1,2,2,0,0,0,0,1,0,0,0,0,0,0,1,2,0,0,0,0,0,0,0,1,2,2,1,2,0,0,0,0,5,3,1,1,1,1,2,0,1,0,0,1,2,0,5,0,77,4,4,,,,,,,,,,,,,,,,,,,,,,,,,,,,,,,,,,,,,,
RPath,9631,sidewalks,96.684,HMAC,1,2,2,1,0,0,0,0,0,0,0,0,1,2,2,1,2,2,0,0,0,0,0,0,0,5,0,0,1,0,0,0,0,0,1,2,0,0,0,0,0,0,0,5,1,0,0,0,0,0,1,2,0,0,0,0,0,1,0,0,0,0,0,0,1,2,0,0,0,0,0,0,0,1,2,0,1,2,0,0,0,0,0,3,1,1,1,1,2,0,0,0,0,1,0,0,5,0,59,3,3,,,,,,,,,,,,,,,,,,,,,,,,,,,,,,,,,,,,,,
RPath,9632,sidewalks,98.056,HMAC,1,2,2,1,0,0,0,0,0,0,0,0,1,2,0,1,2,0,0,0,0,0,0,0,0,5,0,2,1,0,0,0,0,0,1,2,0,0,0,0,0,0,0,5,1,0,0,0,0,0,1,2,0,0,0,0,0,1,0,0,0,0,0,0,1,0,0,0,0,0,0,0,0,1,2,0,1,0,0,0,0,0,0,3,1,1,1,1,2,2,0,0,0,0,0,0,5,0,54,3,3,,,,,,,,,,,,,,,,,,,,,,,,,,,,,,,,,,,,,,
RPath,9633,sidewalks,103.205,HMAC,1,2,2,1,0,0,0,0,0,0,0,0,1,2,0,1,2,0,0,0,0,0,0,0,0,5,0,2,0,0,0,0,0,0,1,0,0,0,0,0,0,0,0,5,0,0,0,0,0,0,1,2,0,0,0,0,0,1,0,0,0,0,0,0,1,0,0,0,0,0,0,0,0,1,0,0,1,0,0,0,0,0,0,3,1,1,1,1,2,2,0,0,0,0,0,0,5,0,48,3,2,,,,,,,,,,,,,,,,,,,,,,,,,,,,,,,,,,,,,,
RPath,9634,sidewalks,93.874,HMAC,1,2,2,1,0,0,0,0,0,0,0,0,1,0,0,1,0,0,0,0,0,0,0,0,0,5,0,2,0,0,0,0,0,0,0,0,0,0,0,0,0,0,0,5,0,0,0,0,0,0,1,2,0,0,0,0,0,1,0,0,0,0,0,0,1,0,0,0,0,0,0,0,0,0,0,0,1,0,0,0,0,0,0,3,1,1,1,1,2,2,0,0,0,0,0,0,5,0,42,2,2,,,,,,,,,,,,,,,,,,,,,,,,,,,,,,,,,,,,,,
RPath,9635,sidewalks,91.522,HMAC,1,2,2,1,0,0,0,0,0,0,0,0,1,0,0,1,0,0,0,0,0,0,0,0,0,5,0,2,0,0,0,0,0,0,0,0,0,0,0,0,0,0,0,5,0,0,0,0,0,0,1,2,0,0,0,0,0,1,0,0,0,0,0,0,0,0,0,0,0,0,0,0,0,0,0,0,1,0,0,0,0,0,0,3,1,1,1,1,2,2,0,0,0,0,0,0,5,0,41,2,2,,,,,,,,,,,,,,,,,,,,,,,,,,,,,,,,,,,,,,
RPath,9636,sidewalks,96.383,HMAC,1,2,2,0,0,0,0,0,0,0,0,0,0,0,0,0,0,0,0,0,0,0,0,0,0,5,0,2,0,0,0,0,0,0,0,0,0,0,0,0,0,0,0,5,0,0,0,0,0,0,1,2,0,0,0,0,0,1,0,0,0,0,0,0,0,0,0,0,0,0,0,0,0,0,0,0,0,0,0,0,0,0,0,3,1,1,1,1,2,0,0,0,0,0,0,0,5,0,35,2,2,,,,,,,,,,,,,,,,,,,,,,,,,,,,,,,,,,,,,,
RPath,9637,sidewalks,97.44,HMAC,1,2,2,0,0,0,0,0,0,0,0,0,0,0,0,0,0,0,0,0,0,0,0,0,0,5,0,2,0,0,0,0,0,0,0,0,0,0,0,0,0,0,0,5,0,0,0,0,0,0,1,0,0,0,0,0,0,1,0,0,0,0,0,0,0,0,0,0,0,0,0,0,0,0,0,0,0,0,0,0,0,0,0,3,1,1,1,1,2,0,0,0,0,0,0,0,5,0,33,2,2,,,,,,,,,,,,,,,,,,,,,,,,,,,,,,,,,,,,,,
RPath,9638,sidewalks,57.597,HMAC,1,2,2,0,0,0,0,0,0,0,0,0,0,0,0,0,0,0,0,0,0,0,0,0,0,5,0,0,0,0,0,0,0,0,0,0,0,0,0,0,0,0,0,5,0,0,0,0,0,0,1,2,0,0,0,0,0,1,0,0,0,0,0,0,0,0,0,0,0,0,0,0,0,0,0,0,0,0,0,0,0,0,0,3,1,1,1,1,0,0,0,0,0,0,0,0,5,0,31,2,2,,,,,,,,,,,,,,,,,,,,,,,,,,,,,,,,,,,,,,
RPath,9640,sidewalks,148.887,HMAC,1,2,2,0,0,0,0,0,0,0,0,0,0,0,0,0,0,0,0,0,0,0,0,0,0,5,0,2,0,0,0,0,0,0,0,0,0,0,0,0,0,0,0,5,0,0,0,0,0,0,1,2,2,0,0,0,0,1,0,0,0,0,0,0,0,0,0,0,0,0,0,0,0,0,0,0,0,0,0,0,0,0,0,0,1,1,1,1,0,0,0,0,0,0,0,0,5,0,32,2,2,,,,,,,,,,,,,,,,,,,,,,,,,,,,,,,,,,,,,,
RPath,9596,sidewalks,55.548,CON,1,2,2,1,2,2,1,0,0,0,0,0,1,2,0,0,0,0,0,0,0,0,0,0,5,0,0,0,0,0,0,0,0,0,1,2,2,0,0,0,0,0,0,0,1,2,2,0,1,1,1,2,2,5,5,0,0,1,0,0,0,0,0,0,0,0,0,0,0,0,0,0,0,0,0,0,1,0,0,0,0,0,0,3,1,1,1,0,0,0,1,0,0,1,2,0,5,0,63,3,3,,,,,,,,,,,,,,,,,,,,,,,,,,,,,,,,,,,,,,
RPath,9597,sidewalks,33.334,CON,1,2,2,1,2,2,1,0,0,0,0,0,1,2,0,0,0,0,0,0,0,0,0,0,5,0,0,0,0,0,0,0,0,0,1,2,2,0,0,0,0,0,0,0,1,2,2,0,1,1,1,2,2,5,5,0,0,1,0,0,0,0,0,0,0,0,0,0,0,0,0,0,0,0,0,0,0,0,0,0,0,0,0,3,1,1,1,0,0,0,1,0,0,1,2,0,5,0,62,3,3,,,,,,,,,,,,,,,,,,,,,,,,,,,,,,,,,,,,,,
RPath,9601,sidewalks,42.253,CON,1,2,2,1,2,2,1,0,0,0,0,0,1,2,0,0,0,0,0,0,0,0,0,0,5,0,0,0,0,0,0,0,0,0,1,2,2,0,0,0,0,0,0,0,1,2,2,0,1,1,1,2,2,5,5,0,0,1,0,0,0,0,0,0,0,0,0,0,0,0,0,0,0,0,0,0,0,0,0,0,0,0,0,3,1,1,1,0,0,0,1,0,0,1,2,0,5,0,62,3,3,,,,,,,,,,,,,,,,,,,,,,,,,,,,,,,,,,,,,,
RPath,9618,sidewalks,46.727,CON,1,2,2,1,2,2,1,0,0,0,0,0,1,2,0,0,0,0,0,0,0,0,0,0,0,0,0,2,0,0,0,0,0,0,1,2,2,0,0,0,0,0,0,0,1,2,2,0,1,1,1,2,2,5,5,0,0,1,0,0,0,0,0,0,0,0,0,0,0,0,0,0,0,1,0,0,0,0,0,0,0,0,5,3,1,1,1,0,0,0,0,0,0,1,2,0,5,0,64,4,3,,,,,,,,,,,,,,,,,,,,,,,,,,,,,,,,,,,,,,
RPath,9619,sidewalks,46.442,CON,1,2,2,1,2,2,1,0,0,0,0,0,1,2,0,0,0,0,0,0,0,0,0,0,0,0,0,2,0,0,0,0,0,0,1,2,2,0,0,0,0,0,0,0,1,2,2,0,1,1,1,2,2,5,5,0,0,1,0,0,0,0,0,0,0,0,0,0,0,0,0,0,0,1,0,0,0,0,0,0,0,0,5,3,1,1,1,0,0,0,0,0,0,1,2,0,5,0,64,4,3,,,,,,,,,,,,,,,,,,,,,,,,,,,,,,,,,,,,,,
RPath,9620,sidewalks,46.708,CON,1,2,2,1,2,2,1,0,0,0,0,0,1,2,0,0,0,0,0,0,0,0,0,0,0,0,0,2,0,0,0,0,0,0,1,2,2,0,0,0,0,0,0,0,1,2,2,0,1,1,1,2,2,5,5,0,0,0,0,0,0,0,0,0,0,0,0,0,0,0,0,0,0,1,0,0,0,0,0,0,0,0,0,3,1,1,1,0,0,0,0,0,0,1,2,0,5,0,58,3,3,,,,,,,,,,,,,,,,,,,,,,,,,,,,,,,,,,,,,,
RPath,9694,sidewalks,81.033,HMAC,1,2,2,1,2,0,0,0,0,0,0,0,1,2,2,1,2,2,0,0,0,0,0,0,0,5,0,0,0,0,0,1,2,0,1,2,2,0,0,0,0,0,0,0,1,2,2,0,0,0,1,2,2,5,5,4,0,0,0,0,0,1,0,0,1,2,2,1,2,0,0,0,0,1,0,0,1,0,0,0,0,0,5,0,1,1,1,0,0,0,0,0,0,1,2,0,5,0,82,4,4,,,,,,,,,,,,,,,,,,,,,,,,,,,,,,,,,,,,,,
RPath,9702,sidewalks,23.644,CON,1,2,0,1,2,0,1,2,0,0,0,0,0,0,0,0,0,0,0,0,0,0,0,0,0,0,0,2,0,0,0,0,0,0,0,0,0,0,0,0,0,0,0,0,0,0,0,0,0,0,1,2,2,5,0,4,3,1,0,0,0,0,0,0,0,0,0,0,0,0,0,0,0,1,2,0,1,2,0,0,0,0,0,3,1,1,1,0,0,0,0,0,0,0,0,0,5,0,46,3,2,,,,,,,,,,,,,,,,,,,,,,,,,,,,,,,,,,,,,,
RPath,9712,sidewalks,146.195,CON,1,2,2,1,2,0,1,2,0,0,0,0,0,0,0,0,0,0,0,0,0,0,0,0,0,5,0,2,0,0,0,0,0,0,0,0,0,0,0,0,0,0,0,0,0,0,0,0,1,1,1,2,2,5,0,4,3,1,0,0,0,0,0,0,0,0,0,0,0,0,0,0,0,1,2,2,0,0,0,0,0,0,0,3,1,1,1,0,0,0,0,0,0,0,0,0,5,0,54,3,3,,,,,,,,,,,,,,,,,,,,,,,,,,,,,,,,,,,,,,
RPath,9717,sidewalks,264.534,CON,1,2,2,1,2,0,1,2,0,0,0,0,0,0,0,0,0,0,0,0,0,0,0,0,0,0,0,2,0,0,0,0,0,0,0,0,0,0,0,0,0,0,0,0,0,0,0,0,1,1,1,2,2,5,0,4,0,1,0,0,0,0,0,0,0,0,0,0,0,0,0,0,0,1,2,2,0,0,0,0,0,0,0,3,1,1,1,0,0,0,0,0,0,0,0,0,5,0,46,3,2,,,,,,,,,,,,,,,,,,,,,,,,,,,,,,,,,,,,,,
RPath,9728,sidewalks,199.017,CON,1,2,2,1,0,0,1,0,0,0,0,0,1,2,0,0,0,0,0,0,0,0,0,0,5,0,0,2,0,0,0,0,0,0,1,0,0,0,0,0,0,0,0,0,0,0,0,0,1,1,1,2,2,5,0,4,0,1,0,0,0,0,0,0,0,0,0,0,0,0,0,0,0,1,2,0,0,0,0,0,0,0,0,3,1,1,0,0,0,0,0,0,0,1,0,0,5,0,49,3,3,,,,,,,,,,,,,,,,,,,,,,,,,,,,,,,,,,,,,,
RPath,9746,sidewalks,32.693,CON,1,2,0,1,0,0,0,0,0,0,0,0,1,2,0,0,0,0,0,0,0,0,0,0,0,0,0,2,0,0,0,0,0,0,1,2,2,0,0,0,0,0,0,5,1,0,0,0,0,0,1,2,0,5,0,4,0,1,0,0,0,0,0,0,1,2,0,1,2,0,1,2,2,1,0,0,1,2,2,0,0,0,5,3,0,0,1,1,0,0,0,0,0,0,0,0,5,0,65,4,3,,,,,,,,,,,,,,,,,,,,,,,,,,,,,,,,,,,,,,
RPath,9767,sidewalks,73.088,HMAC,1,2,2,1,2,0,1,0,0,0,0,0,1,2,0,1,2,0,0,0,0,0,0,0,0,0,0,2,0,0,0,0,0,0,1,2,2,0,0,0,0,0,0,0,0,0,0,0,1,1,1,2,2,5,5,0,3,1,0,0,0,0,0,0,1,0,0,0,0,0,0,0,0,1,2,0,1,2,2,0,0,0,5,3,0,0,0,0,0,0,0,0,0,0,0,0,5,0,65,4,3,,,,,,,,,,,,,,,,,,,,,,,,,,,,,,,,,,,,,,
RPath,9774,sidewalks,104.811,HMAC,1,2,2,1,2,0,1,2,0,0,0,0,1,0,0,1,0,0,0,0,0,0,0,0,0,0,0,2,0,0,0,0,0,0,1,2,2,0,0,0,0,0,0,0,0,0,0,0,1,1,1,2,2,5,5,0,0,1,0,0,0,0,0,0,1,2,0,0,0,0,0,0,0,1,2,0,1,2,0,0,0,0,5,3,0,0,0,0,0,0,0,0,0,0,0,0,5,0,60,3,3,,,,,,,,,,,,,,,,,,,,,,,,,,,,,,,,,,,,,,
RPath,9782,sidewalks,78.45,HMAC,1,2,2,1,2,0,1,2,0,0,0,0,1,0,0,0,0,0,0,0,0,0,0,0,0,0,0,2,0,0,0,0,0,0,1,2,2,0,0,0,0,0,0,0,0,0,0,0,1,1,1,2,2,5,5,0,0,1,0,0,0,0,0,0,1,2,0,0,0,0,1,0,0,1,2,2,1,2,0,0,0,0,5,3,0,0,0,0,0,0,0,0,0,0,0,0,5,0,62,3,3,,,,,,,,,,,,,,,,,,,,,,,,,,,,,,,,,,,,,,
RPath,9801,sidewalks,63.791,HMAC,1,2,2,1,2,0,1,2,0,0,0,0,0,0,0,0,0,0,0,0,0,0,0,0,0,0,0,2,0,0,0,0,0,0,1,2,2,0,0,0,0,0,0,0,0,0,0,0,1,1,1,2,2,5,5,0,0,1,0,0,0,0,0,0,1,2,2,0,0,0,1,0,0,1,2,2,1,2,2,0,0,0,5,3,0,0,0,0,0,0,0,0,0,0,0,0,5,0,65,4,3,,,,,,,,,,,,,,,,,,,,,,,,,,,,,,,,,,,,,,
RPath,9839,sidewalks,31.255,HMAC,1,2,2,1,2,0,1,2,0,0,0,0,0,0,0,0,0,0,0,0,0,0,0,0,0,5,0,2,0,0,0,0,0,0,1,2,2,0,0,0,0,0,0,0,0,0,0,0,1,1,1,2,2,5,5,0,0,1,0,0,0,0,0,0,1,2,2,0,0,0,1,2,0,1,2,2,1,2,2,0,0,0,5,3,0,0,1,0,0,0,0,0,0,0,0,0,5,0,73,4,4,,,,,,,,,,,,,,,,,,,,,,,,,,,,,,,,,,,,,,
RPath,9840,sidewalks,22.649,CON,1,2,2,1,2,0,1,2,0,0,0,0,0,0,0,0,0,0,0,0,0,0,0,0,0,5,0,2,0,0,0,0,0,0,1,2,2,0,0,0,0,0,0,0,0,0,0,0,1,1,1,2,2,5,5,0,0,0,0,0,0,0,0,0,1,2,0,0,0,0,1,2,0,1,2,2,1,2,2,0,0,0,5,3,0,0,1,0,0,0,0,0,0,0,0,0,5,0,70,4,4,,,,,,,,,,,,,,,,,,,,,,,,,,,,,,,,,,,,,,
RPath,9869,sidewalks,198.559,HMAC,1,2,2,1,2,2,0,0,0,0,0,0,1,2,0,0,0,0,0,0,0,0,0,0,0,5,0,2,0,0,0,0,0,0,1,2,2,0,0,0,0,0,0,5,1,2,0,0,0,0,1,2,2,5,0,0,0,1,1,2,0,0,0,0,0,0,0,0,0,0,0,0,0,1,2,2,1,0,0,0,0,0,5,3,1,1,1,1,2,2,0,0,0,0,0,0,5,0,74,4,4,,,,,,,,,,,,,,,,,,,,,,,,,,,,,,,,,,,,,,
RPath,10407,sidewalks,150.977,CON,1,2,2,0,0,0,0,0,0,0,0,0,1,2,0,0,0,0,0,0,0,0,0,0,0,0,0,0,0,0,0,1,2,0,1,0,0,1,0,0,1,2,2,0,1,0,0,0,0,0,1,0,0,0,0,4,0,0,1,0,0,0,0,0,0,0,0,0,0,0,0,0,0,1,0,0,1,0,0,0,0,0,0,0,1,1,1,1,0,0,0,0,0,0,0,0,5,0,36,2,2,,,,,,,,,,,,,,,,,,,,,,,,,,,,,,,,,,,,,,
RPath,10452,sidewalks,39.616,CON,1,2,0,0,0,0,0,0,0,0,0,0,0,0,0,0,0,0,0,0,0,0,0,0,0,5,0,0,0,0,0,0,0,0,0,0,0,0,0,0,0,0,0,0,0,0,0,0,0,0,1,2,2,5,5,0,0,1,0,0,0,0,0,0,0,0,0,0,0,0,0,0,0,0,0,0,0,0,0,0,0,0,0,0,1,1,1,0,0,0,0,0,0,0,0,0,0,3,30,2,2,,,,,,,,,,,,,,,,,,,,,,,,,,,,,,,,,,,,,,
RPath,10453,sidewalks,428.203,CON,1,2,2,0,0,0,0,0,0,0,0,0,0,0,0,0,0,0,0,0,0,0,0,0,0,5,0,2,0,0,0,0,0,0,0,0,0,0,0,0,0,0,0,0,0,0,0,0,0,0,1,2,2,5,5,0,0,1,0,0,0,0,0,0,0,0,0,0,0,0,0,0,0,0,0,0,0,0,0,0,0,0,0,0,1,1,1,0,0,0,0,0,0,0,0,0,0,3,34,2,2,,,,,,,,,,,,,,,,,,,,,,,,,,,,,,,,,,,,,,
RPath,10455,sidewalks,67.174,CON,1,2,0,0,0,0,0,0,0,0,0,0,0,0,0,0,0,0,0,0,0,0,0,0,0,0,0,2,0,0,0,0,0,0,0,0,0,0,0,0,0,0,0,0,0,0,0,0,0,0,1,0,0,0,0,0,0,1,0,0,0,0,0,0,0,0,0,0,0,0,0,0,0,0,0,0,0,0,0,0,0,0,0,0,1,1,1,0,0,0,0,0,0,0,0,0,0,3,13,1,1,,,,,,,,,,,,,,,,,,,,,,,,,,,,,,,,,,,,,,
RPath,10458,sidewalks,65.593,CON,1,2,0,0,0,0,0,0,0,0,0,0,0,0,0,0,0,0,0,0,0,0,0,0,0,0,0,2,0,0,0,0,0,0,0,0,0,0,0,0,0,0,0,0,0,0,0,0,0,0,1,2,0,0,0,0,0,1,0,0,0,0,0,0,0,0,0,0,0,0,0,0,0,0,0,0,0,0,0,0,0,0,0,0,1,1,1,0,0,0,0,0,0,0,0,0,0,3,15,1,1,,,,,,,,,,,,,,,,,,,,,,,,,,,,,,,,,,,,,,
RPath,10460,sidewalks,169.82,CON,1,2,0,0,0,0,0,0,0,0,0,0,0,0,0,0,0,0,0,0,0,0,0,0,0,0,0,2,0,0,0,0,0,0,0,0,0,0,0,0,0,0,0,0,0,0,0,0,0,0,1,0,0,0,0,0,0,1,0,0,0,0,0,0,0,0,0,0,0,0,0,0,0,0,0,0,0,0,0,0,0,0,0,0,1,1,1,0,0,0,0,0,0,0,0,0,0,3,13,1,1,,,,,,,,,,,,,,,,,,,,,,,,,,,,,,,,,,,,,,
RPath,11060,sidewalks,138.963,CON,1,2,2,1,2,0,0,0,0,0,0,0,0,0,0,1,0,0,0,0,0,0,0,0,5,0,0,2,0,0,0,0,0,0,1,2,2,0,0,0,0,0,0,0,1,2,0,0,1,0,1,2,2,5,5,0,0,0,0,0,0,0,0,0,1,2,2,0,0,0,0,0,0,0,0,0,0,0,0,0,0,0,0,0,1,1,1,0,0,0,0,0,0,0,0,0,5,0,53,3,3,,,,,,,,,,,,,,,,,,,,,,,,,,,,,,,,,,,,,,
RPath,11065,sidewalks,6.7,CON,1,2,2,1,2,0,0,0,0,0,0,0,0,0,0,1,0,0,0,0,0,0,0,0,0,0,0,0,0,0,0,0,0,0,1,2,2,0,0,0,0,0,0,0,1,0,0,0,0,0,1,2,2,0,5,0,3,0,0,0,0,0,0,0,1,2,0,0,0,0,0,0,0,0,0,0,0,0,0,0,0,0,0,0,1,1,1,0,0,0,0,0,0,0,0,0,0,0,34,2,2,,,,,,,,,,,,,,,,,,,,,,,,,,,,,,,,,,,,,,
RPath,11068,sidewalks,58.675,CON,1,2,2,1,2,0,0,0,0,0,0,0,0,0,0,1,0,0,0,0,0,0,0,0,5,0,0,0,0,0,0,0,0,0,1,2,2,0,0,0,0,0,0,0,1,0,0,0,0,0,1,2,2,5,5,0,3,0,0,0,0,0,0,0,1,2,0,0,0,0,0,0,0,0,0,0,0,0,0,0,0,0,0,0,1,1,1,0,0,0,0,0,0,0,0,0,5,0,49,3,3,,,,,,,,,,,,,,,,,,,,,,,,,,,,,,,,,,,,,,
RPath,11070,sidewalks,135.655,CON,1,2,2,1,2,0,0,0,0,0,0,0,0,0,0,1,0,0,0,0,0,0,0,0,5,0,0,0,0,0,0,0,0,0,1,2,2,0,0,0,0,0,0,0,1,2,0,0,1,0,1,2,2,5,5,0,3,0,0,0,0,0,0,0,1,2,0,0,0,0,0,0,0,0,0,0,0,0,0,0,0,0,0,0,1,1,1,0,0,0,0,0,0,0,0,0,5,0,52,3,3,,,,,,,,,,,,,,,,,,,,,,,,,,,,,,,,,,,,,,
RPath,13465,sidewalks,71.457,CON,1,2,0,1,2,0,1,2,0,0,0,0,1,0,0,1,2,2,0,0,0,0,0,0,5,0,0,2,0,0,0,0,0,0,1,2,2,0,0,0,0,0,0,0,1,2,2,0,0,0,1,2,2,5,5,4,0,0,0,0,0,0,0,0,0,0,0,0,0,0,1,2,0,1,2,2,1,2,0,0,0,0,5,3,0,0,0,0,0,0,0,0,0,0,0,0,5,0,75,4,4,,,,,,,,,,,,,,,,,,,,,,,,,,,,,,,,,,,,,,
RPath,13469,sidewalks,72.117,CON,1,2,2,1,2,0,1,2,0,0,0,0,1,2,0,1,2,2,0,0,0,0,0,0,5,0,0,2,0,0,0,0,0,0,1,2,2,0,0,0,0,0,0,0,1,2,2,0,0,0,1,2,2,5,5,4,0,0,0,0,0,0,0,0,0,0,0,0,0,0,1,0,0,1,2,2,1,2,0,0,0,0,5,3,0,0,0,0,0,0,0,0,0,0,0,0,5,0,77,4,4,,,,,,,,,,,,,,,,,,,,,,,,,,,,,,,,,,,,,,
RPath,346,sidewalks,55.437,HMAC,1,2,2,1,2,0,1,2,0,0,0,0,0,0,0,0,0,0,0,0,0,0,0,0,0,5,0,2,0,0,0,0,0,0,1,2,2,0,0,0,0,0,0,0,0,0,0,0,1,1,1,2,2,5,5,0,0,0,0,0,0,0,0,0,1,2,0,0,0,0,1,2,0,1,2,0,1,2,2,0,0,0,5,0,1,0,1,0,0,0,0,0,0,0,0,0,5,0,66,4,3,5,136.0,0.949,0.926,,,,,0.893,,,,,,0.022,0.011,,,0.011,0.011,,,,,,,,,,,,,,,,,,15.0
RPath,14098,sidewalks,79.544,CON,1,2,2,1,0,0,1,0,0,0,0,0,1,0,0,0,0,0,0,0,0,0,0,0,0,0,0,2,0,0,0,0,0,0,1,2,2,0,0,0,0,0,0,0,0,0,0,0,1,1,1,2,2,5,5,0,0,1,0,0,0,0,0,0,1,2,0,0,0,0,1,2,0,1,2,0,1,2,2,0,0,0,5,3,1,0,1,0,0,0,0,0,0,0,0,0,5,0,62,3,3,,,,,,,,,,,,,,,,,,,,,,,,,,,,,,,,,,,,,,
RPath,1350,walkways,95.185,HMAC,1,2,2,1,2,0,1,2,0,1,2,2,1,2,0,1,2,0,0,0,0,0,0,0,0,0,0,2,0,0,0,0,0,0,1,2,0,0,0,0,0,0,0,0,0,0,0,0,0,0,1,0,0,0,0,0,0,1,0,0,0,0,0,0,0,0,0,0,0,0,0,0,0,0,0,0,1,2,0,0,0,0,0,3,1,1,1,0,0,0,1,0,0,1,0,0,5,0,45,2,2,2,95.2,0.110,0.028,,,,0.110,,,,,,,,,,,,,,,,,,,,,,,,,,,,,,4.0
RPath,1351,walkways,122.419,HMAC,1,2,2,1,2,2,1,2,0,1,2,2,1,2,2,1,0,0,0,0,0,0,0,0,0,5,0,2,0,0,0,0,0,0,1,0,0,0,0,0,0,0,0,0,0,0,0,0,0,0,1,0,0,0,0,0,3,1,0,0,0,0,0,0,0,0,0,0,0,0,0,0,0,1,2,0,1,2,2,0,0,0,0,3,1,1,1,0,0,0,1,2,0,0,0,0,5,0,59,3,3,2,122.4,0.196,0.049,,,,0.196,,,,,,,,,,,,,,,,,,,,,,,,,,,,,,6.0
RPath,1352,walkways,69.609,HMAC,1,2,2,1,2,2,0,0,0,0,0,0,1,2,2,1,0,0,0,0,0,0,0,0,0,0,0,2,0,0,0,0,0,0,1,0,0,0,0,0,0,0,0,0,0,0,0,0,0,0,1,2,2,0,0,0,0,1,0,0,0,0,0,0,0,0,0,0,0,0,0,0,0,0,0,0,0,0,0,0,0,0,0,3,1,1,0,0,0,0,0,0,0,0,0,0,5,0,35,2,2,2,69.6,0.172,0.065,0.022,,,0.129,,,,,,,,,,,,,0.022,,,,,,,,,,,,,,,,,4.0
RPath,1353,walkways,77.452,HMAC,1,2,2,1,0,0,0,0,0,0,0,0,1,2,0,1,2,0,0,0,0,0,0,0,0,0,0,2,0,0,0,0,0,0,1,0,0,0,0,0,0,0,0,0,0,0,0,0,0,0,1,2,2,0,0,0,0,1,0,0,0,0,0,0,0,0,0,0,0,0,0,0,0,0,0,0,0,0,0,0,0,0,5,3,1,1,0,0,0,0,0,0,0,0,0,0,5,0,36,2,2,3,77.5,0.232,0.203,,,,0.039,,,,0.194,,,,,,,,,,,,,,,,,,,,,,,,,,6.0
RPath,1354,walkways,80.136,HMAC,1,2,2,1,0,0,0,0,0,0,0,0,1,0,0,1,0,0,0,0,0,0,0,0,0,0,0,2,0,0,0,0,0,0,0,0,0,0,0,0,0,0,0,0,0,0,0,0,0,0,1,2,2,0,0,0,0,1,0,0,0,0,0,0,0,0,0,0,0,0,0,0,0,0,0,0,0,0,0,0,0,0,5,3,1,1,0,0,0,0,0,0,0,0,0,0,5,0,31,2,2,3,80.1,0.150,0.126,,,,0.019,,,,0.112,,,,,,,0.019,,,,,,,,,,,,,,,,,,,6.0
RPath,1355,walkways,80.014,HMAC,1,2,0,1,2,2,0,0,0,0,0,0,1,2,2,0,0,0,0,0,0,0,0,0,0,5,0,2,0,0,0,0,0,0,1,2,0,0,0,0,0,0,0,0,0,0,0,0,0,0,1,2,0,0,0,0,0,1,0,0,0,0,0,0,0,0,0,0,0,0,1,0,0,1,2,0,1,2,0,0,0,0,0,3,1,0,0,0,0,0,0,0,0,0,0,0,5,0,43,2,2,3,80.0,0.281,0.112,,,0.056,0.225,,,,,,,,,,,,,,,,,,,,,,,,,,,,,,6.0
RPath,1356,walkways,252.09,SS,1,2,0,1,2,0,1,0,0,0,0,0,1,2,0,1,0,0,0,0,0,0,0,0,0,0,0,2,0,0,0,0,0,0,1,2,2,0,0,0,1,2,0,0,0,0,0,0,1,0,1,2,0,0,0,0,3,1,0,0,0,0,0,0,0,0,0,0,0,0,0,0,0,1,2,2,1,2,0,0,0,0,5,3,0,0,0,0,0,0,0,0,0,0,0,0,5,0,50,3,3,2,252.1,0.012,0.012,,,,,,,,,,,,,,,,,,,,,0.012,,,,,,,,,,,,,6.0
RPath,1357,walkways,54.869,HMAC,1,2,0,1,2,0,0,0,0,0,0,0,1,2,0,1,0,0,0,0,0,0,0,0,0,0,0,2,0,0,0,0,0,0,1,2,0,0,0,0,1,2,0,0,0,0,0,0,1,0,1,2,0,0,0,0,0,1,0,0,0,0,0,0,0,0,0,0,0,0,0,0,0,1,2,2,1,2,0,0,0,0,5,3,0,0,0,0,0,0,0,0,0,0,0,0,5,0,44,2,2,5,54.9,1.039,1.039,,,,,1.039,,,,,,,,,,,,,,,,,,,,,,,,,,,,,10.0
RPath,1358,walkways,84.021,SS,1,2,2,1,2,0,1,2,0,0,0,0,1,2,0,1,2,0,0,0,0,0,0,0,0,5,0,2,0,0,0,1,0,0,1,2,2,0,0,0,0,0,0,0,1,2,0,0,1,1,1,2,2,5,5,0,0,1,0,0,0,0,0,0,1,2,0,0,0,0,0,0,0,1,2,2,1,0,0,0,0,0,5,3,0,0,0,0,0,0,0,0,0,0,0,0,5,0,73,4,4,1,86.4,0.017,0.009,,,,,,,,,,,,,,,,,,,,,,,0.017,,,,,,,,,,,4.0
RPath,1359,walkways,57.644,SS,1,2,2,1,2,0,1,2,0,0,0,0,1,2,0,1,2,0,0,0,0,0,0,0,0,5,0,2,0,0,0,1,0,0,1,2,2,0,0,0,1,0,0,0,1,2,0,0,1,1,1,2,2,0,0,0,0,1,0,0,0,0,0,0,1,2,0,0,0,0,0,0,0,1,2,2,1,0,0,0,0,0,5,3,0,0,0,0,0,0,0,0,0,0,0,0,5,0,64,4,3,1,57.6,0.000,0.000,,,,,,,,,,,,,,,,,,,,,,,,,,,,,,,,,,3.0
RPath,1360,walkways,82.269,HMAC,1,2,0,0,0,0,0,0,0,0,0,0,1,2,0,0,0,0,0,0,0,0,0,0,0,0,0,2,0,0,0,1,0,0,1,2,2,0,0,0,1,0,0,0,1,0,0,0,0,0,1,2,0,0,0,0,0,1,1,2,0,0,0,0,0,0,0,0,0,0,0,0,0,1,2,0,1,2,0,0,0,0,5,3,1,1,1,0,0,0,0,0,0,0,0,0,5,0,45,2,2,5,82.3,0.547,0.511,,,,0.036,0.419,,,,,,,,,0.073,0.018,,,,,,,,,,,,,,,,,,,10.0
RPath,1361,walkways,87.609,HMAC,1,2,0,1,2,0,1,2,0,0,0,0,1,2,0,1,2,0,0,0,0,1,2,0,0,0,0,2,0,0,0,1,0,0,1,2,0,0,0,0,0,0,0,0,1,0,0,0,0,0,1,2,0,0,0,0,0,1,0,0,0,0,0,0,0,0,0,0,0,0,0,0,0,1,2,0,1,2,0,0,0,0,5,0,1,1,1,0,0,0,0,0,0,0,0,0,5,0,48,3,2,3,87.6,0.342,0.180,,,,0.205,0.120,,,,,,,,,,,,0.017,,,,,,,,,,,,,,,,,6.0
RPath,1362,walkways,71.674,HMAC,1,2,2,1,2,0,1,2,0,0,0,0,1,2,0,1,2,0,0,0,0,1,2,0,0,0,0,2,0,0,0,1,0,0,1,2,2,0,0,0,0,0,0,0,0,0,0,0,0,0,1,2,0,0,0,0,0,1,0,0,0,0,0,0,0,0,0,0,0,0,0,0,0,1,0,0,1,2,0,0,0,0,0,0,1,1,1,0,0,0,0,0,0,0,0,0,5,0,44,2,2,4,71.7,0.251,0.251,,,,,0.230,,,,,,,,,,,,,0.021,,,,,,,,,,,,,,,,8.0
RPath,1363,walkways,78.046,HMAC,1,2,2,1,2,0,1,2,0,0,0,0,1,2,0,1,2,0,0,0,0,1,2,0,0,0,0,2,0,0,0,1,0,0,1,2,2,0,0,0,0,0,0,0,0,0,0,0,0,0,1,2,2,0,0,0,0,1,0,0,0,0,0,0,0,0,0,0,0,0,0,0,0,0,0,0,1,2,0,0,0,0,0,0,1,1,1,0,0,0,0,0,0,0,0,0,5,0,45,2,2,3,78.0,0.211,0.168,,,,0.058,0.077,,,,,,,0.077,,,,,,,,,,,,,,,,,,,,,,6.0
RPath,1364,walkways,94.491,HMAC,1,2,2,1,2,0,1,2,0,0,0,0,1,2,0,0,0,0,0,0,0,0,0,0,0,0,0,2,0,0,0,1,0,0,1,0,0,0,0,0,0,0,0,0,0,0,0,0,0,0,1,2,2,5,0,0,3,1,0,0,0,0,0,0,1,2,0,1,0,0,0,0,0,1,2,0,1,2,2,0,0,0,0,3,1,1,1,0,0,0,0,0,0,0,0,0,5,0,55,3,3,2,94.5,0.111,0.099,,,,0.016,0.063,,,,,,,,,,,,,0.032,,,,,,,,,,,,,,,,6.0
RPath,1365,walkways,83.275,HMAC,1,2,2,1,2,2,1,2,0,0,0,0,1,2,0,0,0,0,0,0,0,0,0,0,0,0,0,2,0,0,0,1,0,0,1,0,0,0,0,0,0,0,0,0,1,0,0,0,0,0,1,2,0,0,0,0,0,1,0,0,0,0,0,0,1,0,0,0,0,0,0,0,0,1,2,0,1,2,0,0,0,0,0,3,1,1,1,0,0,0,0,0,0,0,0,0,5,0,43,2,2,4,83.3,0.432,0.432,,,,,0.396,,,,,,,0.018,,,,,,0.018,,,,,,,,,,,,,,,,8.0
RPath,1366,walkways,86.362,HMAC,1,2,2,1,0,0,1,0,0,0,0,0,1,2,2,0,0,0,0,0,0,0,0,0,0,5,0,2,0,0,0,1,2,0,1,2,0,0,0,0,0,0,0,0,0,0,0,0,0,0,1,2,2,0,0,0,0,1,0,0,0,0,0,0,1,2,0,1,2,0,1,0,0,1,2,2,1,2,2,0,0,0,0,3,1,0,1,0,0,0,0,0,0,0,0,0,5,0,58,3,3,3,86.4,0.243,0.204,,,,0.052,0.174,,,,,,,0.017,,,,,,,,,,,,,,,,,,,,,,9.0
RPath,1367,walkways,118.416,SS,1,2,2,0,0,0,0,0,0,0,0,0,1,2,2,1,0,0,0,0,0,0,0,0,0,5,0,2,0,0,0,1,2,0,1,2,0,0,0,0,0,0,0,0,0,0,0,0,0,0,1,2,2,0,0,0,0,1,0,0,0,0,0,0,1,2,0,1,2,0,0,0,0,1,2,2,1,2,2,0,0,0,0,3,1,0,1,0,0,0,0,0,0,0,0,0,5,0,56,3,3,1,118.4,0.000,0.000,,,,,,,,,,,,,,,,,,,,,,,,,,,,,,,,,,3.0
RPath,1368,walkways,84.544,SS,1,2,0,1,2,0,0,0,0,0,0,0,1,2,2,0,0,0,1,2,0,0,0,0,0,5,0,0,0,0,0,1,2,0,1,0,0,0,0,0,1,0,0,0,1,2,0,0,1,0,1,2,2,0,0,0,0,0,1,2,2,0,0,0,0,0,0,0,0,0,0,0,0,1,2,0,1,0,0,0,0,0,0,0,1,1,1,0,0,0,1,0,0,0,0,0,5,0,51,3,3,1,84.5,0.000,0.000,,,,,,,,,,,,,,,,,,,,,,,,,,,,,,,,,,3.0
RPath,1369,walkways,154.315,HMAC,1,2,2,1,2,2,0,0,0,0,0,0,1,2,2,0,0,0,1,0,0,0,0,0,0,5,0,0,0,0,0,1,2,0,1,0,0,0,0,0,1,2,2,0,1,0,0,0,1,0,1,2,2,5,5,0,0,0,1,2,2,0,0,0,0,0,0,0,0,0,0,0,0,0,0,0,1,2,2,0,0,0,0,0,1,1,1,0,0,0,1,0,0,0,0,0,5,0,66,4,3,3,154.3,0.612,0.153,,,,0.612,,,,,,,,,,,,,,,,,,,,,,,,,,,,,,9.0
RPath,1370,walkways,21.92,HMAC,1,2,0,1,2,2,0,0,0,0,0,0,1,2,2,0,0,0,1,0,0,0,0,0,0,5,0,0,0,0,0,1,2,0,1,0,0,0,0,0,1,2,0,0,1,0,0,0,0,0,1,2,2,0,0,0,0,0,1,2,2,0,0,0,0,0,0,0,0,0,0,0,0,0,0,0,1,2,2,0,0,0,0,0,1,1,1,0,0,0,1,0,0,0,0,0,5,0,51,3,3,1,21.9,0.000,0.000,,,,,,,,,,,,,,,,,,,,,,,,,,,,,,,,,,3.0
RPath,1371,walkways,38.085,HMAC,1,2,0,1,0,0,0,0,0,0,0,0,1,2,0,0,0,0,0,0,0,0,0,0,0,0,0,2,0,0,0,0,0,0,1,2,2,0,0,0,0,0,0,0,0,0,0,0,0,0,1,2,2,0,0,4,0,1,0,0,0,0,0,0,0,0,0,0,0,0,0,0,0,1,2,2,1,2,2,0,0,0,5,3,0,0,0,0,0,0,0,0,0,0,0,0,5,0,47,3,2,4,38.6,0.621,0.272,,,0.155,0.466,,,,,,,,,,,,,,,,,,,,,,,,,,,,,,8.0
RPath,1372,walkways,38.48,HMAC,1,2,0,1,0,0,0,0,0,0,0,0,1,0,0,0,0,0,0,0,0,0,0,0,0,0,0,2,0,0,0,0,0,0,1,2,2,0,0,0,0,0,0,0,0,0,0,0,0,0,1,2,2,0,0,0,0,1,0,0,0,0,0,0,0,0,0,0,0,0,0,0,0,1,2,2,1,2,2,0,0,0,5,3,0,0,0,0,0,0,0,0,0,0,0,0,5,0,41,2,2,2,38.5,0.234,0.058,,,,0.234,,,,,,,,,,,,,,,,,,,,,,,,,,,,,,4.0
RPath,1373,walkways,79.237,HMAC,1,2,2,1,0,0,0,0,0,0,0,0,1,0,0,0,0,0,0,0,0,0,0,0,0,0,0,2,0,0,0,0,0,0,1,2,2,0,0,0,0,0,0,0,0,0,0,0,0,0,1,2,2,0,0,0,0,1,0,0,0,0,0,0,0,0,0,0,0,0,0,0,0,1,2,0,1,2,0,0,0,0,5,3,1,1,1,0,0,0,0,0,0,0,0,0,5,0,42,2,2,1,79.2,0.000,0.000,,,,,,,,,,,,,,,,,,,,,,,,,,,,,,,,,,2.0
RPath,1374,walkways,86.767,HMAC,1,2,2,0,0,0,0,0,0,1,0,0,1,0,0,0,0,0,0,0,0,0,0,0,0,5,0,2,0,0,0,0,0,0,1,2,0,0,0,0,0,0,0,0,0,0,0,0,0,0,1,2,0,0,0,0,0,1,0,0,0,0,0,0,0,0,0,0,0,0,0,0,0,1,2,0,1,2,0,0,0,0,0,3,1,1,1,0,0,0,0,0,0,0,0,0,5,0,38,2,2,1,86.8,0.000,0.000,,,,,,,,,,,,,,,,,,,,,,,,,,,,,,,,,,2.0
RPath,1375,walkways,85.302,HMAC,1,2,2,1,0,0,0,0,0,1,0,0,1,2,0,0,0,0,0,0,0,0,0,0,0,5,0,2,0,0,0,0,0,0,1,2,0,0,0,0,0,0,0,0,0,0,0,0,0,0,1,2,0,0,0,0,0,1,0,0,0,0,0,0,0,0,0,0,0,0,0,0,0,1,0,0,1,2,0,0,0,0,5,3,1,1,1,0,0,0,0,0,0,0,0,0,5,0,44,2,2,3,85.0,0.459,0.119,,,,0.441,,,,,,,,,,,,,0.018,,,,,,,,,,,,,,,,,6.0
RPath,1376,walkways,85.756,HMAC,1,2,0,1,2,0,1,0,0,0,0,0,1,2,2,0,0,0,0,0,0,0,0,0,0,0,0,2,0,0,0,0,0,0,0,0,0,0,0,0,0,0,0,0,0,0,0,0,0,0,1,0,0,0,0,0,0,1,0,0,0,0,0,0,0,0,0,0,0,0,0,0,0,1,2,0,1,0,0,0,0,0,5,0,1,1,1,0,0,0,0,0,0,0,0,0,5,0,33,2,2,3,85.8,0.297,0.101,,,,0.262,0.035,,,,,,,,,,,,,,,,,,,,,,,,,,,,,6.0
RPath,1377,walkways,42.571,HMAC,1,2,0,1,2,0,1,0,0,0,0,0,1,2,2,0,0,0,0,0,0,0,0,0,0,5,0,2,0,0,0,0,0,0,0,0,0,0,0,0,0,0,0,0,0,0,0,0,0,0,1,0,0,0,0,0,0,1,0,0,0,0,0,0,0,0,0,0,0,0,0,0,0,1,2,0,1,0,0,0,0,0,5,0,1,1,1,0,0,0,0,0,0,0,0,0,5,0,38,2,2,2,42.6,0.141,0.035,,,,0.141,,,,,,,,,,,,,,,,,,,,,,,,,,,,,,4.0
RPath,1378,walkways,31.503,HMAC,1,2,0,0,0,0,0,0,0,1,2,2,1,2,2,0,0,0,0,0,0,0,0,0,0,0,0,2,0,0,0,0,0,0,1,2,0,0,0,0,0,0,0,0,0,0,0,0,0,0,1,2,0,0,0,0,0,1,0,0,0,0,0,0,0,0,0,0,0,0,0,0,0,0,0,0,1,2,0,0,0,0,0,3,0,0,0,0,0,0,0,0,0,0,0,0,5,0,33,2,2,2,31.8,0.094,0.059,,,,0.047,,,,,,,,0.047,,,,,,,,,,,,,,,,,,,,,,4.0
RPath,1379,walkways,47.994,HMAC,1,2,0,1,0,0,1,0,0,1,2,2,1,2,2,0,0,0,0,0,0,0,0,0,0,0,0,2,0,0,0,0,0,0,1,2,0,0,0,0,0,0,0,0,0,0,0,0,0,0,1,0,0,0,0,0,0,1,0,0,0,0,0,0,0,0,0,0,0,0,0,0,0,0,0,0,1,2,0,0,0,0,5,3,0,0,0,0,0,0,0,0,0,0,0,0,5,0,38,2,2,2,48.0,0.063,0.016,,,,0.063,,,,,,,,,,,,,,,,,,,,,,,,,,,,,,4.0
RPath,1380,walkways,55.696,HMAC,1,2,0,1,0,0,1,0,0,1,2,2,1,2,2,0,0,0,0,0,0,0,0,0,0,0,0,2,0,0,0,0,0,0,1,2,0,0,0,0,0,0,0,0,0,0,0,0,0,0,1,2,0,0,0,0,0,1,0,0,0,0,0,0,0,0,0,0,0,0,0,0,0,0,0,0,1,2,0,0,0,0,0,3,0,0,0,0,0,0,0,0,0,0,0,0,5,0,35,2,2,2,55.7,0.081,0.020,,,,0.054,,,0.027,,,,,,,,,,,,,,,,,,,,,,,,,,,4.0
RPath,1381,walkways,69.36,HMAC,1,2,2,1,2,0,1,2,0,1,2,0,1,2,0,0,0,0,0,0,0,0,0,0,0,0,0,2,0,0,0,0,0,0,1,2,2,0,0,0,0,0,0,0,0,0,0,0,0,0,1,2,2,5,0,4,0,1,0,0,0,0,0,0,0,0,0,0,0,0,0,0,0,1,0,0,1,0,0,0,0,0,5,3,0,0,0,0,0,0,0,0,0,0,0,0,5,0,54,3,3,2,69.7,0.129,0.065,,,,0.086,0.043,,,,,,,,,,,,,,,,,,,,,,,,,,,,,6.0
RPath,1382,walkways,58.719,HMAC,1,2,2,1,2,0,1,2,0,1,2,0,1,2,0,0,0,0,0,0,0,0,0,0,0,5,0,2,0,0,0,0,0,0,1,2,2,0,0,0,0,0,0,0,0,0,0,0,0,0,1,2,2,0,0,0,0,1,0,0,0,0,0,0,0,0,0,0,0,0,0,0,0,0,0,0,1,0,0,0,0,0,5,3,0,0,0,0,0,0,0,0,0,0,0,0,5,0,49,3,3,1,59.1,0.025,0.006,,,,0.025,,,,,,,,,,,,,,,,,,,,,,,,,,,,,,3.0
RPath,1383,walkways,41.589,HMAC,1,2,2,1,2,0,1,2,0,1,0,0,1,2,0,0,0,0,0,0,0,0,0,0,0,5,0,2,0,0,0,0,0,0,1,2,2,0,0,0,0,0,0,0,0,0,0,0,0,0,1,2,2,5,0,4,0,1,0,0,0,0,0,0,0,0,0,0,0,0,0,0,0,1,0,0,0,0,0,0,0,0,5,0,0,0,0,0,0,0,0,0,0,0,0,0,5,0,53,3,3,2,41.6,0.108,0.027,,,,0.072,,,0.036,,,,,,,,,,,,,,,,,,,,,,,,,,,6.0
RPath,1384,walkways,40.89,HMAC,1,2,2,1,2,0,1,2,0,1,2,0,1,2,0,0,0,0,0,0,0,0,0,0,0,5,0,2,0,0,0,0,0,0,1,2,2,0,0,0,0,0,0,0,0,0,0,0,0,0,1,2,2,0,0,0,0,1,0,0,0,0,0,0,0,0,0,0,0,0,0,0,0,0,0,0,0,0,0,0,0,0,5,0,0,0,0,0,0,0,0,0,0,0,0,0,5,0,45,2,2,2,40.9,0.147,0.064,,,,0.073,0.037,,0.037,,,,,,,,,,,,,,,,,,,,,,,,,,,4.0
RPath,1385,walkways,51.348,HMAC,1,2,2,1,2,0,1,2,0,0,0,0,1,2,2,1,0,0,0,0,0,0,0,0,0,0,0,2,0,0,0,0,0,0,1,2,2,0,0,0,0,0,0,0,0,0,0,0,0,0,1,0,0,0,0,4,0,1,0,0,0,0,0,0,0,0,0,0,0,0,0,0,0,0,0,0,1,2,0,0,0,0,0,3,0,1,0,0,0,0,0,0,0,0,0,0,5,0,42,2,2,2,51.3,0.088,0.022,,,,0.058,,,,,,,,,0.029,,,,,,,,,,,,,,,,,,,,,4.0
RPath,1386,walkways,76.201,HMAC,1,2,0,1,0,0,1,0,0,0,0,0,1,2,2,1,0,0,0,0,0,0,0,0,0,0,0,2,0,0,0,0,0,0,1,2,2,0,0,0,0,0,0,0,0,0,0,0,0,0,1,0,0,0,0,0,0,1,0,0,0,0,0,0,0,0,0,0,0,0,0,0,0,1,0,0,1,2,0,0,0,0,0,3,0,1,0,0,0,0,0,0,0,0,0,0,5,0,33,2,2,2,76.2,0.098,0.039,,,,0.059,0.020,,,,,,,,0.020,,,,,,,,,,,,,,,,,,,,,4.0
RPath,1387,walkways,39.717,HMAC,1,2,2,1,0,0,1,0,0,0,0,0,1,2,0,1,0,0,0,0,0,0,0,0,0,0,0,2,0,0,0,0,0,0,1,2,2,0,0,0,0,0,0,0,0,0,0,0,0,0,1,2,0,0,0,0,0,1,0,0,0,0,0,0,0,0,0,0,0,0,0,0,0,1,0,0,1,2,2,0,0,0,0,3,0,1,0,0,0,0,0,0,0,0,0,0,5,0,37,2,2,2,39.7,0.076,0.019,,,,0.076,,,,,,,,,,,,,,,,,,,,,,,,,,,,,,4.0
RPath,1388,walkways,79.508,HMAC,1,2,0,1,2,0,0,0,0,0,0,0,1,2,0,1,0,0,0,0,0,0,0,0,0,0,0,2,0,0,0,0,0,0,1,2,2,0,0,0,0,0,0,0,1,0,0,0,0,0,1,2,0,0,0,0,0,1,0,0,0,0,0,0,0,0,0,0,0,0,1,2,0,1,2,0,1,2,2,0,0,0,5,3,0,0,0,0,0,0,0,0,0,0,0,0,5,0,46,3,2,1,79.5,0.000,0.000,,,,,,,,,,,,,,,,,,,,,,,,,,,,,,,,,,2.0
RPath,1389,walkways,86.312,HMAC,1,2,2,1,0,0,1,0,0,0,0,0,1,2,0,1,2,0,0,0,0,0,0,0,0,5,0,2,0,0,0,0,0,0,1,2,0,0,0,0,0,0,0,0,0,0,0,0,0,0,1,2,0,0,0,0,0,1,0,0,0,0,0,0,0,0,0,0,0,0,0,0,0,1,2,0,1,2,0,0,0,0,0,3,0,1,0,0,0,0,0,0,0,0,0,0,5,0,42,2,2,1,86.3,0.000,0.000,,,,,,,,,,,,,,,,,,,,,,,,,,,,,,,,,,2.0
RPath,1390,walkways,109.326,HMAC,1,2,2,1,2,0,1,2,0,0,0,0,1,2,0,1,2,0,0,0,0,0,0,0,0,5,0,2,0,0,0,0,0,0,1,2,0,0,0,0,0,0,0,0,0,0,0,0,0,0,1,2,2,0,0,0,0,1,0,0,0,0,0,0,0,0,0,0,0,0,0,0,0,1,2,2,1,2,0,0,0,0,0,3,0,0,0,0,0,0,0,0,0,0,0,0,5,0,49,3,3,2,109.3,0.220,0.096,,,0.041,0.165,,,,,,,,,,,,,,0.014,,,,,,,,,,,,,,,,6.0
RPath,1391,walkways,62.491,HMAC,1,2,2,0,0,0,0,0,0,0,0,0,1,0,0,1,0,0,0,0,0,0,0,0,0,0,0,2,0,0,0,0,0,0,1,2,0,0,0,0,0,0,0,0,0,0,0,0,0,0,1,2,0,0,0,0,0,1,0,0,0,0,0,0,0,0,0,0,0,0,0,0,0,1,2,0,1,2,0,0,0,0,0,3,0,1,0,0,0,0,0,0,0,0,0,0,5,0,31,2,2,3,62.5,0.336,0.120,,,0.048,0.288,,,,,,,,,,,,,,,,,,,,,,,,,,,,,,6.0
RPath,1392,walkways,78.508,HMAC,1,2,2,1,0,0,1,0,0,0,0,0,1,2,0,0,0,0,0,0,0,0,0,0,0,0,0,2,0,0,0,0,0,0,1,2,0,0,0,0,0,0,0,0,0,0,0,0,0,0,1,2,2,0,0,0,3,1,0,0,0,0,0,0,0,0,0,0,0,0,0,0,0,1,2,2,1,2,0,0,0,0,0,3,0,1,1,0,0,0,0,0,0,0,0,0,5,0,42,2,2,3,78.5,0.287,0.158,,,,0.172,,,,0.115,,,,,,,,,,,,,,,,,,,,,,,,,,6.0
RPath,1393,walkways,77.271,HMAC,1,2,2,1,2,2,1,2,2,0,0,0,1,2,0,1,2,0,0,0,0,0,0,0,0,0,0,2,0,0,0,0,0,0,1,2,0,0,0,0,0,0,0,0,1,0,0,0,0,0,1,2,2,0,0,0,3,1,0,0,0,0,0,0,0,0,0,0,0,0,0,0,0,1,2,2,1,2,2,0,0,0,0,3,0,0,0,0,0,0,0,0,0,0,0,0,5,0,54,3,3,2,77.3,0.252,0.063,,,,0.136,,,0.116,,,,,,,,,,,,,,,,,,,,,,,,,,,6.0
RPath,1394,walkways,92.967,HMAC,1,2,0,1,2,0,1,2,0,0,0,0,1,2,2,1,0,0,0,0,0,0,0,0,0,5,0,2,0,0,0,0,0,0,1,2,0,0,0,0,0,0,0,0,1,0,0,0,0,0,1,2,2,0,0,0,3,1,0,0,0,0,0,0,0,0,0,0,0,0,0,0,0,1,2,0,1,2,2,0,0,0,0,3,0,0,0,0,0,0,0,0,0,0,0,0,5,0,51,3,3,2,93.4,0.321,0.092,,,0.016,0.305,,,,,,,,,,,,,,,,,,,,,,,,,,,,,,6.0
RPath,1395,walkways,35.014,HMAC,1,2,0,1,2,0,1,2,0,0,0,0,1,2,2,0,0,0,0,0,0,0,0,0,0,5,0,2,0,0,0,0,0,0,1,2,0,0,0,0,0,0,0,0,1,0,0,0,0,0,1,2,2,0,0,0,0,1,0,0,0,0,0,0,0,0,0,0,0,0,0,0,0,1,2,0,1,2,0,0,0,0,0,3,0,0,1,0,0,0,0,0,0,0,0,0,5,0,46,3,2,5,35.0,0.771,0.578,,,,0.257,,,,0.514,,,,,,,,,,,,,,,,,,,,,,,,,,10.0
RPath,1396,walkways,37.78,HMAC,1,2,0,1,2,0,1,2,0,0,0,0,1,2,2,0,0,0,0,0,0,0,0,0,0,5,0,2,0,0,0,0,0,0,1,0,0,0,0,0,0,0,0,0,0,0,0,0,0,0,1,2,2,0,0,0,3,1,0,0,0,0,0,0,0,0,0,0,0,0,0,0,0,1,2,0,1,2,2,0,0,0,0,3,0,0,0,0,0,0,0,0,0,0,0,0,5,0,47,3,2,3,37.8,0.278,0.159,,,0.119,0.159,,,,,,,,,,,,,,,,,,,,,,,,,,,,,,6.0
RPath,1397,walkways,82.299,HMAC,1,2,2,1,2,0,1,2,0,0,0,0,1,2,0,1,0,0,0,0,0,0,0,0,0,0,0,2,0,0,0,0,0,0,1,2,2,0,0,0,0,0,0,0,1,0,0,0,0,0,1,2,2,0,0,0,0,1,0,0,0,0,0,0,0,0,0,0,0,0,0,0,0,1,2,0,1,2,2,0,0,0,0,3,0,0,0,0,0,0,0,0,0,0,0,0,5,0,45,2,2,3,82.3,0.437,0.109,,,,0.437,,,,,,,,,,,,,,,,,,,,,,,,,,,,,,6.0
RPath,1398,walkways,57.421,HMAC,1,2,2,1,2,0,1,0,0,0,0,0,1,2,2,1,0,0,0,0,0,1,2,0,0,5,0,2,0,0,0,0,0,0,1,2,0,0,0,0,0,0,0,0,1,0,0,0,0,0,1,2,0,0,0,0,0,1,0,0,0,0,0,0,0,0,0,0,0,0,1,2,0,1,2,0,1,2,0,0,0,0,0,3,0,0,0,0,0,0,0,0,0,0,0,0,5,0,50,3,3,2,57.4,0.131,0.033,,,,0.131,,,,,,,,,,,,,,,,,,,,,,,,,,,,,,6.0
RPath,1399,walkways,133.955,HMAC,1,2,0,1,2,0,1,0,0,0,0,0,1,2,2,1,2,0,0,0,0,1,0,0,0,5,0,2,0,0,0,0,0,0,1,2,0,0,0,0,0,0,0,0,1,0,0,0,0,0,1,2,0,0,0,0,0,1,0,0,0,0,0,0,0,0,0,0,0,0,1,0,0,1,2,0,1,0,0,0,0,0,0,3,1,0,0,0,0,0,0,0,0,0,0,0,5,0,45,2,2,2,134.0,0.190,0.064,,,,0.134,0.022,,0.034,,,,,,,,,,,,,,,,,,,,,,,,,,,4.0
RPath,1400,walkways,126.076,HMAC,1,2,0,1,2,0,1,2,0,0,0,0,0,0,0,0,0,0,0,0,0,0,0,0,0,0,0,2,0,0,0,0,0,0,0,0,0,0,0,0,0,0,0,0,0,0,0,0,0,0,1,2,0,0,0,0,0,1,0,0,0,0,0,0,0,0,0,0,0,0,0,0,0,0,0,0,1,0,0,0,0,0,0,3,1,1,1,0,0,0,0,0,0,0,0,0,5,0,27,1,1,1,126.1,0.000,0.000,,,,,,,,,,,,,,,,,,,,,,,,,,,,,,,,,,1.0
RPath,1401,walkways,76.534,SS,1,2,0,0,0,0,0,0,0,0,0,0,1,0,0,0,0,0,0,0,0,0,0,0,0,0,0,2,0,0,0,0,0,0,1,2,2,0,0,0,0,0,0,5,1,0,0,0,0,0,1,2,0,0,0,0,0,1,0,0,0,0,0,0,1,0,0,1,0,0,1,2,2,0,0,0,1,2,0,0,0,0,5,3,1,0,1,0,0,0,0,0,0,0,0,0,5,0,46,3,2,3,76.5,0.137,0.137,,,,,,,,,,,,,,,,,,,,,,,,,,,,0.137,,,,,,6.0
RPath,1402,walkways,104.732,SS,1,2,2,1,2,2,1,2,0,0,0,0,0,0,0,0,0,0,0,0,0,0,0,0,0,5,0,0,0,0,0,0,0,0,1,2,0,0,0,0,0,0,0,5,0,0,0,0,0,0,1,2,0,0,0,0,3,1,0,0,0,0,0,0,0,0,0,0,0,0,1,0,0,0,0,0,1,2,0,0,0,0,0,3,1,1,1,0,0,0,0,0,0,0,0,0,5,0,48,3,2,1,106.0,0.000,0.000,,,,,,,,,,,,,,,,,,,,,,,,,,,,,,,,,,2.0
RPath,1403,walkways,43.865,HMAC,1,2,0,1,2,0,0,0,0,0,0,0,1,2,2,1,0,0,0,0,0,0,0,0,0,5,0,2,0,0,0,0,0,0,1,0,0,0,0,0,0,0,0,0,0,0,0,0,0,0,1,2,2,0,0,0,0,1,0,0,0,0,0,0,0,0,0,0,0,0,1,0,0,1,0,0,1,0,0,0,0,0,5,3,1,1,0,0,0,0,0,0,0,0,0,0,5,0,44,2,2,2,43.9,0.239,0.085,,,0.034,0.205,,,,,,,,,,,,,,,,,,,,,,,,,,,,,,4.0
RPath,1404,walkways,106.66,HMAC,1,2,0,1,2,0,1,0,0,0,0,0,1,2,2,0,0,0,0,0,0,0,0,0,0,0,0,2,0,0,0,0,0,0,0,0,0,0,0,0,0,0,0,0,0,0,0,0,0,0,1,2,0,0,0,0,0,1,0,0,0,0,0,0,0,0,0,0,0,0,0,0,0,1,2,2,1,2,2,0,0,0,0,3,1,0,0,0,0,0,0,0,0,0,0,0,5,0,37,2,2,3,108.0,0.278,0.194,,,,0.111,,,,0.153,,,,0.014,,,,,,,,,,,,,,,,,,,,,,6.0
RPath,1405,walkways,102.245,HMAC,1,2,0,1,2,0,1,2,0,0,0,0,1,2,0,0,0,0,0,0,0,0,0,0,0,0,0,2,0,0,0,0,0,0,0,0,0,0,0,0,0,0,0,0,0,0,0,0,0,0,1,2,0,0,0,0,0,1,0,0,0,0,0,0,0,0,0,0,0,0,0,0,0,1,2,2,1,2,2,0,0,0,0,3,1,0,0,0,0,0,0,0,0,0,0,0,5,0,37,2,2,2,102.2,0.103,0.048,,,,0.073,,,,0.029,,,,,,,,,,,,,,,,,,,,,,,,,,4.0
RPath,1406,walkways,48.754,HMAC,1,2,0,1,0,0,1,0,0,0,0,0,1,2,2,0,0,0,0,0,0,0,0,0,0,5,0,2,0,0,0,0,0,0,0,0,0,0,0,0,0,0,0,0,0,0,0,0,0,0,1,2,0,0,0,0,0,1,0,0,0,0,0,0,0,0,0,0,0,0,0,0,0,1,2,0,1,2,0,0,0,0,0,3,1,0,0,0,0,0,0,0,0,0,0,0,5,0,36,2,2,1,48.8,0.031,0.008,,,,0.031,,,,,,,,,,,,,,,,,,,,,,,,,,,,,,2.0
RPath,1407,walkways,29.274,HMAC,1,2,2,1,2,0,1,2,0,0,0,0,1,2,0,1,0,0,0,0,0,0,0,0,0,0,0,2,0,0,0,0,0,0,1,2,2,0,0,0,0,0,0,0,1,0,0,0,0,0,1,2,2,0,0,0,0,0,0,0,0,0,0,0,0,0,0,0,0,0,0,0,0,1,2,0,1,2,0,0,0,0,0,3,0,0,0,0,0,0,0,0,0,0,0,0,5,0,42,2,2,3,29.3,0.359,0.128,,,,0.307,0.051,,,,,,,,,,,,,,,,,,,,,,,,,,,,,6.0
RPath,1408,walkways,199.177,SS,1,2,2,1,0,0,1,0,0,0,0,0,1,2,0,1,0,0,0,0,0,0,0,0,0,5,0,2,0,0,0,0,0,0,1,2,2,0,0,0,0,0,0,0,1,0,0,0,0,0,1,2,2,5,0,4,0,1,0,0,0,0,0,0,0,0,0,0,0,0,0,0,0,1,2,2,1,2,2,0,0,0,5,3,0,0,0,0,0,0,0,0,0,0,0,0,5,0,62,3,3,1,197.8,0.000,0.000,,,,,,,,,,,,,,,,,,,,,,,,,,,,,,,,,,3.0
RPath,1409,walkways,81.426,HMAC,1,2,0,0,0,0,0,0,0,0,0,0,1,2,0,1,0,0,0,0,0,0,0,0,0,0,0,2,0,0,0,0,0,0,1,2,0,0,0,0,0,0,0,0,0,0,0,0,0,0,1,2,0,0,0,0,0,1,0,0,0,0,0,0,0,0,0,0,0,0,0,0,0,1,2,2,1,2,0,0,0,0,0,3,0,0,0,0,0,0,0,0,0,0,0,0,5,0,32,2,2,2,81.4,0.055,0.014,,,,0.055,,,,,,,,,,,,,,,,,,,,,,,,,,,,,,4.0
RPath,1410,walkways,77.108,HMAC,1,2,0,1,2,0,1,2,0,0,0,0,1,2,2,1,0,0,0,0,0,0,0,0,0,5,0,2,0,0,0,0,0,0,1,2,2,0,0,0,0,0,0,0,0,0,0,0,0,0,1,2,0,0,0,0,3,1,0,0,0,0,0,0,0,0,0,0,0,0,0,0,0,1,2,0,1,2,0,0,0,0,0,3,0,0,0,0,0,0,0,0,0,0,0,0,5,0,48,3,2,3,77.1,0.370,0.107,,,,0.350,,,,,,,,,,,,,,0.019,,,,,,,,,,,,,,,,6.0
RPath,1411,walkways,74.924,HMAC,1,2,2,1,2,2,1,2,0,0,0,0,1,2,2,0,0,0,0,0,0,0,0,0,0,0,0,2,0,0,0,0,0,0,1,2,2,0,0,0,0,0,0,0,1,0,0,0,1,0,1,2,0,0,0,0,3,1,0,0,0,0,0,0,0,0,0,0,0,0,0,0,0,1,2,2,1,0,0,0,0,0,0,3,0,0,0,0,0,0,0,0,0,0,0,0,5,0,48,3,2,2,74.9,0.220,0.085,,,,0.180,,,,0.020,,,,,,,,,,0.020,,,,,,,,,,,,,,,,4.0
RPath,1412,walkways,79.41,HMAC,1,2,2,1,2,2,1,2,0,0,0,0,1,2,0,1,0,0,0,0,0,0,0,0,0,0,0,2,0,0,0,0,0,0,1,2,2,0,0,0,0,0,0,0,1,0,0,0,1,0,1,2,0,0,0,0,3,1,0,0,0,0,0,0,0,0,0,0,0,0,0,0,0,1,2,2,1,0,0,0,0,0,0,3,0,0,0,0,0,0,0,0,0,0,0,0,5,0,47,3,2,2,79.4,0.208,0.080,,,0.019,0.170,0.019,,,,,,,,,,,,,,,,,,,,,,,,,,,,,4.0
RPath,1413,walkways,77.38,HMAC,1,2,2,1,2,0,1,0,0,0,0,0,0,0,0,1,2,0,0,0,0,0,0,0,0,0,0,2,0,0,0,0,0,0,1,2,2,0,0,0,0,0,0,0,0,0,0,0,1,1,1,2,2,0,0,0,0,1,0,0,0,0,0,0,0,0,0,0,0,0,0,0,0,1,0,0,1,2,0,0,0,0,5,3,0,0,0,0,0,0,1,0,0,0,0,0,5,0,45,2,2,2,77.4,0.078,0.019,,,,0.078,,,,,,,,,,,,,,,,,,,,,,,,,,,,,,4.0
RPath,1414,walkways,76.338,HMAC,1,2,0,1,0,0,1,0,0,0,0,0,1,0,0,1,2,0,0,0,0,0,0,0,0,0,0,2,0,0,0,0,0,0,1,2,2,0,0,0,0,0,0,0,0,0,0,0,1,0,1,2,0,0,0,0,0,1,0,0,0,0,0,0,0,0,0,0,0,0,0,0,0,1,0,0,1,2,0,0,0,0,5,3,0,0,0,0,0,0,0,0,0,0,0,0,5,0,38,2,2,2,76.5,0.196,0.054,,,,0.157,,,0.020,,,,,,,,,,0.020,,,,,,,,,,,,,,,,,4.0
RPath,1415,walkways,75.988,HMAC,1,2,0,1,2,0,1,2,0,0,0,0,1,2,0,1,0,0,0,0,0,0,0,0,0,0,0,2,0,0,0,0,0,0,1,2,2,0,0,0,0,0,0,0,0,0,0,0,1,0,1,2,0,0,0,0,0,1,0,0,0,0,0,0,0,0,0,0,0,0,0,0,0,1,2,0,1,2,0,0,0,0,5,3,0,0,1,0,0,0,0,0,0,0,0,0,5,0,45,2,2,2,76.0,0.118,0.030,,,,0.118,,,,,,,,,,,,,,,,,,,,,,,,,,,,,,4.0
RPath,1416,walkways,83.551,HMAC,1,2,0,1,0,0,1,0,0,0,0,0,1,2,0,1,0,0,0,0,0,0,0,0,0,0,0,2,0,0,0,0,0,0,1,2,2,0,0,0,0,0,0,0,0,0,0,0,1,0,1,2,2,0,0,0,3,1,0,0,0,0,0,0,0,0,0,0,0,0,0,0,0,1,2,0,1,2,2,0,0,0,5,3,0,0,1,0,0,0,0,0,0,0,0,0,5,0,48,3,2,2,83.6,0.072,0.018,,,,0.072,,,,,,,,,,,,,,,,,,,,,,,,,,,,,,4.0
RPath,1417,walkways,101.375,HMAC,1,2,0,1,2,0,1,2,0,0,0,0,1,2,2,1,0,0,0,0,0,0,0,0,0,0,0,2,0,0,0,0,0,0,1,0,0,0,0,0,0,0,0,0,0,0,0,0,0,0,1,2,2,0,0,0,3,1,0,0,0,0,0,0,0,0,0,0,0,0,0,0,0,1,2,2,1,2,2,0,0,0,0,3,1,0,1,0,0,0,0,0,0,0,0,0,5,0,47,3,2,2,101.4,0.104,0.037,,,,0.059,0.015,,0.030,,,,,,,,,,,,,,,,,,,,,,,,,,,4.0
RPath,1418,walkways,85.752,HMAC,1,2,2,1,2,2,1,2,2,0,0,0,1,2,0,1,2,0,0,0,0,0,0,0,0,5,0,2,0,0,0,0,0,0,1,2,0,0,0,0,0,0,0,0,1,0,0,0,1,0,1,2,0,0,0,0,0,1,0,0,0,0,0,0,0,0,0,0,0,0,0,0,0,1,2,0,1,2,0,0,0,0,0,3,1,0,1,0,0,0,0,0,0,0,0,0,5,0,53,3,3,2,85.8,0.105,0.039,,,,0.087,0.017,,,,,,,,,,,,,,,,,,,,,,,,,,,,,6.0
RPath,1419,walkways,36.942,HMAC,1,2,2,1,2,2,1,2,2,0,0,0,1,2,0,1,0,0,0,0,0,0,0,0,0,5,0,2,0,0,0,0,0,0,1,2,0,0,0,0,0,0,0,0,1,0,0,0,1,0,1,2,0,0,0,0,0,1,0,0,0,0,0,0,0,0,0,0,0,0,0,0,0,1,2,0,1,2,0,0,0,0,0,3,0,0,1,0,0,0,0,0,0,0,0,0,5,0,50,3,3,2,65.0,0.092,0.023,,,,0.069,,,0.023,,,,,,,,,,,,,,,,,,,,,,,,,,,6.0
RPath,1420,walkways,110.567,HMAC,1,2,2,1,2,2,1,2,0,0,0,0,1,0,0,1,0,0,0,0,0,0,0,0,5,0,0,2,0,0,0,0,0,0,1,2,2,0,0,0,0,0,0,0,1,2,0,0,1,1,1,2,2,5,0,0,0,1,0,0,0,0,0,0,0,0,0,0,0,0,0,0,0,1,0,0,1,0,0,0,0,0,0,3,1,1,1,0,0,0,1,0,0,1,0,0,5,0,58,3,3,2,110.6,0.136,0.041,,,,0.054,,,0.027,,,,0.027,,,,,,0.027,,,,,,,,,,,,,,,,,6.0
RPath,1421,walkways,62.169,HMAC,1,2,2,1,2,0,1,2,0,0,0,0,1,2,0,0,0,0,0,0,0,0,0,0,0,5,0,2,0,0,0,0,0,0,1,2,2,0,0,0,0,0,0,0,1,2,0,0,0,0,1,2,2,5,5,0,0,1,0,0,0,0,0,0,0,0,0,0,0,0,0,0,0,1,2,0,1,0,0,0,0,0,0,3,1,0,1,0,0,0,0,0,0,0,0,0,5,0,59,3,3,1,61.7,0.000,0.000,,,,,,,,,,,,,,,,,,,,,,,,,,,,,,,,,,3.0
RPath,1422,walkways,9.946,CON,1,2,2,1,0,0,1,0,0,0,0,0,1,2,0,0,0,0,0,0,0,0,0,0,0,5,0,0,0,0,0,0,0,0,1,2,2,0,0,0,0,0,0,0,1,2,0,0,0,0,1,2,2,5,5,0,0,0,0,0,0,0,0,0,0,0,0,0,0,0,0,0,0,1,2,0,1,0,0,0,0,0,0,3,1,0,1,0,0,0,0,0,0,0,0,0,5,0,52,3,3,1,9.9,0.000,0.000,,,,,,,,,,,,,,,,,,,,,,,,,,,,,,,,,,3.0
RPath,1423,walkways,72.258,HMAC,1,2,2,1,0,0,1,0,0,0,0,0,1,2,0,0,0,0,0,0,0,0,0,0,0,5,0,2,0,0,0,0,0,0,1,2,2,0,0,0,0,0,0,0,1,2,0,0,0,0,1,2,2,5,5,0,0,1,0,0,0,0,0,0,0,0,0,0,0,0,0,0,0,1,2,0,1,0,0,0,0,0,0,3,1,0,1,0,0,0,0,0,0,0,0,0,5,0,55,3,3,1,71.6,0.000,0.000,,,,,,,,,,,,,,,,,,,,,,,,,,,,,,,,,,3.0
RPath,1424,walkways,83.706,SS,1,2,2,1,2,0,1,0,0,0,0,0,1,0,0,1,2,2,0,0,0,0,0,0,0,5,0,2,0,0,0,0,0,0,1,2,2,0,0,0,0,0,0,0,1,2,0,0,1,0,1,2,0,0,0,0,0,1,0,0,0,0,0,0,1,0,0,0,0,0,0,0,0,1,2,0,1,0,0,0,0,0,0,3,0,0,0,0,0,0,0,0,0,0,0,0,5,0,48,3,2,1,84.4,0.000,0.000,,,,,,,,,,,,,,,,,,,,,,,,,,,,,,,,,,2.0
RPath,1425,walkways,42.641,HMAC,1,2,0,0,0,0,0,0,0,0,0,0,1,2,2,1,2,0,0,0,0,0,0,0,0,5,0,2,0,0,0,0,0,0,1,2,0,0,0,0,0,0,0,0,0,0,0,0,1,0,1,2,0,0,0,0,0,1,0,0,0,0,0,0,0,0,0,0,0,0,0,0,0,1,2,0,1,2,0,0,0,0,0,3,1,1,0,0,0,0,0,0,0,1,2,0,5,0,45,2,2,2,42.6,0.352,0.088,,,,0.211,,,0.141,,,,,,,,,,,,,,,,,,,,,,,,,,,4.0
RPath,1426,walkways,84.724,HMAC,1,2,2,0,0,0,0,0,0,0,0,0,1,2,2,1,2,0,0,0,0,0,0,0,0,0,0,2,0,0,0,0,0,0,1,2,0,0,0,0,0,0,0,0,0,0,0,0,1,0,1,2,0,0,0,0,0,1,0,0,0,0,0,0,0,0,0,0,0,0,0,0,0,1,2,2,1,2,0,0,0,0,0,3,1,1,0,0,0,0,0,0,0,1,2,0,5,0,44,2,2,3,84.7,0.372,0.146,,,,0.018,0.053,,0.283,,,,,,,,,0.018,,,,,,,,,,,,,,,,,,6.0
RPath,1427,walkways,59.316,HMAC,1,2,2,0,0,0,0,0,0,0,0,0,1,0,0,0,0,0,0,0,0,0,0,0,0,0,0,2,0,0,0,0,0,0,0,0,0,0,0,0,0,0,0,0,0,0,0,0,1,0,1,2,2,0,0,0,0,1,0,0,0,0,0,0,0,0,0,0,0,0,0,0,0,1,2,0,0,0,0,0,0,0,0,3,0,1,0,0,0,0,0,0,0,0,0,0,5,0,27,1,1,2,59.3,0.177,0.063,,,,0.152,,,,,,,,0.025,,,,,,,,,,,,,,,,,,,,,,2.0
RPath,1428,walkways,49.413,HMAC,1,2,2,1,0,0,0,0,0,0,0,0,1,0,0,0,0,0,0,0,0,0,0,0,0,0,0,2,0,0,0,0,0,0,0,0,0,0,0,0,0,0,0,0,0,0,0,0,1,0,1,2,2,0,0,0,0,1,0,0,0,0,0,0,0,0,0,0,0,0,0,0,0,1,2,0,0,0,0,0,0,0,5,3,0,1,0,0,0,0,0,0,0,0,0,0,5,0,33,2,2,2,49.4,0.061,0.015,,,,0.061,,,,,,,,,,,,,,,,,,,,,,,,,,,,,,4.0
RPath,1429,walkways,61.444,SS,1,2,0,1,2,0,1,2,0,0,0,0,0,0,0,0,0,0,0,0,0,0,0,0,0,0,0,2,0,0,0,0,0,0,0,0,0,0,0,0,0,0,0,0,0,0,0,0,1,0,1,2,0,0,0,0,0,1,0,0,0,0,0,0,0,0,0,0,0,0,0,0,0,1,2,2,0,0,0,0,0,0,0,3,0,1,0,0,0,0,0,0,0,0,0,0,5,0,30,2,2,3,61.4,0.317,0.220,,,,,,,,,,,,,,,,,,,,,0.073,,,0.195,,,,0.049,,,,,,6.0
RPath,1430,walkways,79.553,SS,1,2,2,0,0,0,0,0,0,0,0,0,1,0,0,0,0,0,0,0,0,0,0,0,0,0,0,2,0,0,0,0,0,0,0,0,0,0,0,0,0,0,0,0,0,0,0,0,0,0,0,0,0,0,0,0,0,1,0,0,0,0,0,0,0,0,0,0,0,0,0,0,0,1,2,0,0,0,0,0,0,0,0,3,1,1,0,0,0,0,0,0,0,0,0,0,5,0,22,1,1,3,79.6,0.132,0.132,,,,,,,,,,,,,,,,,,,,,0.075,0.057,,,,,,,,,,,,3.0
RPath,1431,walkways,58.514,SS,1,2,2,1,2,0,1,2,0,1,2,0,1,2,0,0,0,0,0,0,0,0,0,0,0,0,0,2,0,0,0,0,0,0,1,2,2,0,0,0,0,0,0,0,0,0,0,0,0,0,1,2,2,5,5,0,0,1,0,0,0,0,0,0,0,0,0,0,0,0,1,2,2,0,0,0,1,2,0,0,0,0,0,3,1,0,1,0,0,0,0,0,0,0,0,0,5,0,58,3,3,2,58.5,0.051,0.013,,,,0.026,,,0.026,,,,,,,,,,,,,,,,,,,,,,,,,,,6.0
RPath,1432,walkways,78.939,HMAC,1,2,2,1,0,0,0,0,0,1,2,0,1,2,0,0,0,0,0,0,0,0,0,0,0,0,0,2,0,0,0,0,0,0,1,0,0,0,0,0,0,0,0,0,0,0,0,0,0,0,1,2,2,0,0,0,0,1,0,0,0,0,0,0,0,0,0,0,0,0,0,0,0,0,0,0,1,2,0,0,0,0,0,3,0,0,0,0,0,0,0,0,0,0,0,0,5,0,32,2,2,2,79.4,0.057,0.014,,,,0.038,,,0.019,,,,,,,,,,,,,,,,,,,,,,,,,,,4.0
RPath,1433,walkways,54.169,HMAC,1,2,0,1,2,0,1,0,0,0,0,0,1,2,2,0,0,0,0,0,0,0,0,0,0,0,0,2,0,0,0,0,0,0,0,0,0,0,0,0,0,0,0,0,0,0,0,0,0,0,1,2,0,0,0,0,3,1,0,0,0,0,0,0,0,0,0,0,0,0,0,0,0,1,2,0,1,2,0,0,0,0,0,3,0,0,0,0,0,0,0,0,0,0,0,0,5,0,35,2,2,3,54.2,0.360,0.111,,,,0.332,0.028,,,,,,,,,,,,,,,,,,,,,,,,,,,,,6.0
RPath,1434,walkways,94.784,HMAC,1,2,2,1,2,0,1,2,0,0,0,0,1,2,2,1,2,0,0,0,0,1,2,0,0,5,0,2,0,0,0,0,0,0,1,2,2,0,0,0,0,0,0,0,1,2,0,0,0,0,1,2,2,5,0,0,3,1,0,0,0,0,0,0,0,0,0,0,0,0,1,2,2,1,2,0,1,0,0,0,0,0,0,3,1,0,0,0,0,0,0,0,0,0,0,0,5,0,69,4,4,2,94.8,0.206,0.059,,,,0.127,,,0.047,,,,,,,,,,0.032,,,,,,,,,,,,,,,,,8.0
RPath,1435,walkways,84.2,HMAC,1,2,0,1,2,0,1,0,0,0,0,0,1,2,2,1,2,2,0,0,0,0,0,0,0,0,0,2,0,0,0,0,0,0,1,0,0,0,0,0,0,0,0,0,0,0,0,0,1,1,1,2,2,0,0,0,3,1,0,0,0,0,0,0,0,0,0,0,0,0,0,0,0,1,0,0,1,2,0,0,0,0,0,3,1,0,0,0,0,0,0,0,0,0,0,0,5,0,44,2,2,5,84.2,0.855,0.855,,,,,0.802,,,0.036,,,,0.018,,,,,,,,,,,,,,,,,,,,,,10.0
RPath,1436,walkways,89.798,HMAC,1,2,0,1,2,0,1,2,0,0,0,0,1,2,2,1,2,2,0,0,0,0,0,0,0,0,0,2,0,0,0,0,0,0,1,2,0,0,0,0,0,0,0,0,1,0,0,0,1,1,1,2,2,0,0,0,0,1,0,0,0,0,0,0,0,0,0,0,0,0,0,0,0,1,2,2,1,0,0,0,0,0,0,3,1,0,0,0,0,0,0,0,0,0,0,0,5,0,48,3,2,1,89.8,0.000,0.000,,,,,,,,,,,,,,,,,,,,,,,,,,,,,,,,,,2.0
RPath,1437,walkways,79.924,HMAC,1,2,2,1,2,0,0,0,0,0,0,0,1,2,2,0,0,0,0,0,0,0,0,0,0,0,0,2,0,0,0,0,0,0,1,2,2,0,0,0,0,0,0,0,0,0,0,0,0,0,1,2,0,0,0,0,0,1,0,0,0,0,0,0,0,0,0,0,0,0,0,0,0,1,2,0,1,2,0,0,0,0,0,3,1,0,0,0,0,0,0,0,0,0,0,0,5,0,39,2,2,2,79.9,0.357,0.089,,,,0.338,,,,,,,0.019,,,,,,,,,,,,,,,,,,,,,,,4.0
RPath,1438,walkways,92.761,HMAC,1,2,2,0,0,0,0,0,0,0,0,0,1,2,0,1,2,0,0,0,0,1,0,0,0,0,0,2,0,0,0,0,0,0,1,2,0,0,0,0,0,0,0,0,1,0,0,0,0,0,1,2,0,0,0,0,3,1,0,0,0,0,0,0,0,0,0,0,0,0,0,0,0,1,2,0,1,2,0,0,0,0,0,3,1,0,0,0,0,0,0,0,0,0,0,0,5,0,40,2,2,2,92.8,0.065,0.016,,,,0.032,,,0.032,,,,,,,,,,,,,,,,,,,,,,,,,,,4.0
RPath,1439,walkways,41.331,SS,1,2,0,1,2,0,0,0,0,0,0,0,1,2,0,1,2,0,0,0,0,0,0,0,0,0,0,2,0,0,0,1,0,0,1,2,0,0,0,0,0,0,0,5,1,2,0,0,1,0,1,2,0,0,0,0,0,1,0,0,0,0,0,0,0,0,0,0,0,0,0,0,0,1,2,0,1,2,0,0,0,0,5,0,0,0,0,0,0,0,0,0,0,0,0,0,5,0,47,3,2,1,40.5,0.000,0.000,,,,,,,,,,,,,,,,,,,,,,,,,,,,,,,,,,2.0
RPath,1440,walkways,41.289,SS,1,0,0,1,2,0,0,0,0,0,0,0,1,2,0,1,2,0,0,0,0,0,0,0,0,0,0,2,0,0,0,1,0,0,1,2,0,0,0,0,0,0,0,5,1,0,0,0,1,0,1,2,0,0,0,0,0,1,0,0,0,0,0,0,0,0,0,0,0,0,0,0,0,1,2,0,1,2,0,0,0,0,5,0,0,0,0,0,0,0,0,0,0,0,0,0,5,0,43,2,2,1,41.4,0.000,0.000,,,,,,,,,,,,,,,,,,,,,,,,,,,,,,,,,,2.0
RPath,1441,walkways,41.999,HMAC,1,0,0,1,2,2,0,0,0,0,0,0,1,2,2,1,2,0,0,0,0,0,0,0,0,0,0,2,0,0,0,1,0,0,1,2,0,0,0,0,0,0,0,5,1,0,0,0,1,0,1,2,0,0,0,0,0,1,0,0,0,0,0,0,0,0,0,0,0,0,0,0,0,1,2,2,1,2,0,0,0,0,5,0,0,0,0,0,0,0,0,0,0,0,0,0,5,0,49,3,3,2,42.0,0.071,0.018,,,,0.071,,,,,,,,,,,,,,,,,,,,,,,,,,,,,,6.0
RPath,1442,walkways,41.861,HMAC,1,0,0,1,2,2,0,0,0,0,0,0,1,2,2,1,0,0,0,0,0,0,0,0,0,5,0,2,0,0,0,1,0,0,1,2,0,0,0,0,0,0,0,5,1,0,0,0,1,0,1,2,0,0,0,0,0,1,0,0,0,0,0,0,0,0,0,0,0,0,0,0,0,1,2,2,1,2,0,0,0,0,5,0,1,0,0,1,0,0,0,0,0,0,0,0,5,0,54,3,3,2,41.9,0.072,0.018,,,,0.072,,,,,,,,,,,,,,,,,,,,,,,,,,,,,,6.0
RPath,1443,walkways,73.999,HMAC,1,2,2,1,0,0,0,0,0,0,0,0,1,2,0,0,0,0,1,0,0,0,0,0,0,0,0,2,0,0,0,0,0,0,1,0,0,0,0,0,0,0,0,0,0,0,0,0,0,0,0,0,0,0,0,0,0,1,0,0,0,0,0,0,0,0,0,0,0,0,0,0,0,1,2,2,1,0,0,0,0,0,0,3,1,1,1,0,0,0,0,0,0,0,0,0,5,0,31,2,2,5,74.0,0.993,0.993,,,,,0.993,,,,,,,,,,,,,,,,,,,,,,,,,,,,,10.0
RPath,1444,walkways,43.992,HMAC,1,2,2,0,0,0,0,0,0,0,0,0,1,2,2,0,0,0,0,0,0,0,0,0,0,5,0,2,0,0,0,0,0,0,1,2,2,0,0,0,0,0,0,0,1,0,0,0,0,0,1,0,0,0,0,0,0,1,0,0,0,0,0,0,0,0,0,0,0,0,0,0,0,1,2,0,1,2,0,1,0,0,5,3,0,0,0,0,0,0,0,0,0,0,0,0,5,0,45,2,2,5,44.0,1.057,1.057,,,,,1.057,,,,,,,,,,,,,,,,,,,,,,,,,,,,,10.0
RPath,1445,walkways,33.949,HMAC,1,2,0,1,0,0,0,0,0,0,0,0,1,2,2,0,0,0,0,0,0,0,0,0,0,5,0,2,0,0,0,0,0,0,1,2,2,0,0,0,0,0,0,0,0,0,0,0,0,0,0,0,0,0,0,0,0,1,0,0,0,0,0,0,0,0,0,0,0,0,0,0,0,1,2,0,1,2,0,0,0,0,0,3,0,0,0,0,0,0,0,0,0,0,0,0,5,0,36,2,2,1,33.9,0.000,0.000,,,,,,,,,,,,,,,,,,,,,,,,,,,,,,,,,,2.0
RPath,1446,walkways,78.637,HMAC,1,2,2,1,2,0,0,0,0,0,0,0,1,2,0,1,0,0,1,0,0,0,0,0,0,0,0,2,0,0,0,0,0,0,1,2,0,0,0,0,0,0,0,0,0,0,0,0,0,0,1,2,0,0,0,0,0,1,0,0,0,0,0,0,1,0,0,0,0,0,0,0,0,1,2,0,1,0,0,0,0,0,0,3,1,1,1,0,0,0,0,0,0,0,0,0,5,0,38,2,2,5,78.6,0.725,0.711,,,,,0.706,,0.019,,,,,,,,,,,,,,,,,,,,,,,,,,,10.0
RPath,1447,walkways,78.681,HMAC,1,2,0,1,0,0,1,0,0,0,0,0,1,2,2,0,0,0,0,0,0,0,0,0,0,0,0,2,0,0,0,0,0,0,1,2,0,0,0,0,0,0,0,0,0,0,0,0,0,0,1,0,0,0,0,0,0,1,0,0,0,0,0,0,1,2,0,0,0,0,0,0,0,1,2,2,1,2,0,0,0,0,0,3,1,1,1,0,0,0,0,0,0,0,0,0,5,0,39,2,2,5,78.7,1.029,1.029,,,,,1.029,,,,,,,,,,,,,,,,,,,,,,,,,,,,,10.0
RPath,1448,walkways,65.988,HMAC,1,2,0,1,2,0,1,2,0,0,0,0,1,2,0,1,0,0,0,0,0,0,0,0,0,0,0,2,0,0,0,0,0,0,1,2,2,0,0,0,0,0,0,0,1,0,0,0,0,0,1,2,0,0,0,0,0,1,0,0,0,0,0,0,1,2,2,0,0,0,0,0,0,1,2,2,1,2,0,0,0,0,0,3,0,0,0,0,0,0,0,0,0,0,0,0,5,0,46,3,2,5,66.0,1.000,1.000,,,,,1.000,,,,,,,,,,,,,,,,,,,,,,,,,,,,,10.0
RPath,1449,walkways,67.758,HMAC,1,2,2,1,2,0,1,0,0,0,0,0,1,2,0,1,0,0,0,0,0,0,0,0,0,0,0,2,0,0,0,0,0,0,1,2,2,0,0,0,0,0,0,0,0,0,0,0,0,0,1,2,0,0,0,0,0,1,0,0,0,0,0,0,1,2,2,0,0,0,0,0,0,1,2,0,1,2,0,0,0,0,0,3,0,0,0,0,0,0,0,0,0,0,0,0,5,0,43,2,2,5,67.8,0.996,0.996,,,,,0.996,,,,,,,,,,,,,,,,,,,,,,,,,,,,,10.0
RPath,1450,walkways,78.429,HMAC,1,2,0,1,2,0,1,2,0,0,0,0,1,2,2,0,0,0,0,0,0,0,0,0,0,0,0,2,0,0,0,0,0,0,1,2,0,0,0,0,0,0,0,0,1,0,0,0,0,0,1,2,0,0,0,0,0,1,0,0,0,0,0,0,1,0,0,0,0,0,0,0,0,1,2,0,1,2,2,1,0,0,5,0,1,1,1,0,0,0,0,0,0,0,0,0,5,0,47,3,2,5,78.4,0.784,0.784,,,,,0.765,,,,,,,,,,,0.019,,,,,,,,,,,,,,,,,,10.0
RPath,1451,walkways,48.778,HMAC,1,2,2,1,2,0,1,2,0,0,0,0,1,2,2,1,2,2,0,0,0,0,0,0,0,5,0,2,0,0,0,0,0,0,1,2,2,0,0,0,0,0,0,0,1,2,0,0,1,0,1,2,0,0,0,0,0,1,0,0,0,0,0,0,1,0,0,0,0,0,0,0,0,1,2,0,1,0,0,0,0,0,5,0,0,0,0,0,0,0,0,0,0,0,0,0,5,0,56,3,3,1,48.8,0.000,0.000,,,,,,,,,,,,,,,,,,,,,,,,,,,,,,,,,,3.0
RPath,1452,walkways,124.798,HMAC,1,2,2,1,2,0,1,2,0,0,0,0,1,2,2,1,2,2,0,0,0,0,0,0,0,5,0,2,0,0,0,0,0,0,1,2,0,0,0,0,0,0,0,0,1,2,0,0,1,0,1,2,0,0,0,0,0,1,0,0,0,0,0,0,1,0,0,0,0,0,0,0,0,1,2,0,1,0,0,0,0,0,5,3,0,0,0,0,0,0,0,0,0,0,0,0,5,0,57,3,3,3,124.8,0.108,0.108,,,,,0.108,,,,,,,,,,,,,,,,,,,,,,,,,,,,,9.0
RPath,1453,walkways,80.561,HMAC,1,2,2,1,0,0,1,0,0,0,0,0,1,2,2,1,2,2,0,0,0,0,0,0,0,0,0,2,0,0,0,0,0,0,1,2,0,0,0,0,0,0,0,0,1,0,0,0,1,0,1,2,0,0,0,0,0,1,0,0,0,0,0,0,1,0,0,0,0,0,0,0,0,1,2,2,1,0,0,0,0,0,5,0,0,0,0,0,0,0,0,0,0,0,0,0,5,0,45,2,2,3,80.6,0.205,0.205,,,,,0.205,,,,,,,,,,,,,,,,,,,,,,,,,,,,,6.0
RPath,1454,walkways,80.26,HMAC,1,2,2,1,2,0,1,0,0,0,0,0,1,2,0,1,2,0,0,0,0,0,0,0,0,0,0,2,0,0,0,0,0,0,1,2,2,0,0,0,0,0,0,0,1,2,0,0,1,0,1,2,0,0,0,0,0,1,0,0,0,0,0,0,0,0,0,0,0,0,0,0,0,1,2,0,1,0,0,0,0,0,5,0,0,0,0,0,0,0,0,0,0,0,0,0,5,0,44,2,2,5,80.3,0.654,0.654,,,,,0.654,,,,,,,,,,,,,,,,,,,,,,,,,,,,,10.0
RPath,1455,walkways,89.404,HMAC,1,2,2,1,2,0,0,0,0,0,0,0,1,2,0,1,2,0,0,0,0,0,0,0,0,5,0,2,0,0,0,0,0,0,1,2,2,0,0,0,0,0,0,0,1,0,0,0,1,0,1,2,0,0,0,0,0,1,0,0,0,0,0,0,0,0,0,0,0,0,0,0,0,1,2,2,1,2,0,0,0,0,5,0,0,0,0,0,0,0,0,0,0,0,0,0,5,0,50,3,3,5,89.4,0.520,0.508,,,,,0.503,,0.017,,,,,,,,,,,,,,,,,,,,,,,,,,,15.0
RPath,1456,walkways,81.714,HMAC,1,2,2,1,2,0,1,0,0,0,0,0,1,2,0,1,2,0,0,0,0,0,0,0,0,5,0,2,0,0,0,0,0,0,1,2,2,0,0,0,0,0,0,0,0,0,0,0,1,0,1,2,0,0,0,0,3,1,0,0,0,0,0,0,1,0,0,0,0,0,0,0,0,1,2,2,1,2,0,0,0,0,5,3,0,0,0,0,0,0,0,0,0,0,0,0,5,0,57,3,3,2,81.8,0.055,0.055,,,,,0.055,,,,,,,,,,,,,,,,,,,,,,,,,,,,,6.0
RPath,1457,walkways,74.768,HMAC,1,2,2,1,0,0,1,0,0,0,0,0,1,0,0,0,0,0,0,0,0,0,0,0,0,0,0,2,0,0,0,1,2,0,0,0,0,0,0,0,1,2,0,0,1,0,0,0,0,0,1,2,2,0,0,0,0,1,0,0,0,0,0,0,0,0,0,0,0,0,0,0,0,0,0,0,0,0,0,0,0,0,0,3,1,1,0,0,0,0,0,0,0,0,0,0,5,0,33,2,2,3,74.8,0.120,0.120,,,,,0.120,,,,,,,,,,,,,,,,,,,,,,,,,,,,,6.0
RPath,1458,walkways,70.315,HMAC,1,2,2,1,2,2,1,2,2,0,0,0,1,0,0,0,0,0,0,0,0,0,0,0,0,5,0,2,0,0,0,0,0,0,1,2,2,0,0,0,0,0,0,0,0,0,0,0,1,0,1,2,0,0,0,0,0,1,0,0,0,0,0,0,1,2,0,0,0,0,1,0,0,1,2,0,1,2,0,0,0,0,5,0,0,0,0,0,0,0,0,0,0,0,0,0,5,0,53,3,3,5,70.3,1.024,1.024,,,,,1.024,,,,,,,,,,,,,,,,,,,,,,,,,,,,,15.0
RPath,1459,walkways,74.595,HMAC,1,2,2,1,2,0,1,2,0,0,0,0,1,0,0,0,0,0,0,0,0,0,0,0,0,0,0,2,0,0,0,0,0,0,1,2,2,0,0,0,0,0,0,0,0,0,0,0,1,0,1,2,0,0,0,0,0,1,0,0,0,0,0,0,0,0,0,0,0,0,0,0,0,1,2,0,1,2,0,0,0,0,5,3,0,0,0,0,0,0,0,0,0,0,0,0,5,0,43,2,2,2,74.6,0.020,0.020,,,,,,,,0.020,,,,,,,,,,,,,,,,,,,,,,,,,,4.0
RPath,1461,walkways,121.638,HMAC,1,2,2,1,2,0,0,0,0,1,2,0,1,2,0,0,0,0,0,0,0,0,0,0,0,0,0,2,0,0,0,0,0,0,1,2,0,0,0,0,0,0,0,0,1,2,0,0,1,0,1,2,0,0,0,0,0,1,0,0,0,0,0,0,0,0,0,0,0,0,0,0,0,1,2,2,0,0,0,0,0,0,0,3,1,0,0,0,0,0,0,0,0,0,0,0,5,0,41,2,2,3,121.6,0.222,0.222,,,0.025,,,,,0.049,,,,,,0.148,,,,,,,,,,,,,,,,,,,,6.0
RPath,1462,walkways,87.923,HMAC,1,2,0,1,2,0,0,0,0,1,0,0,1,2,2,0,0,0,0,0,0,0,0,0,0,5,0,2,0,0,0,0,0,0,1,2,2,0,0,0,1,2,0,0,0,0,0,0,1,0,1,2,0,5,0,0,3,1,0,0,0,0,0,0,0,0,0,0,0,0,0,0,0,1,2,0,0,0,0,0,0,0,5,3,1,1,1,0,0,0,0,0,0,0,0,0,5,0,59,3,3,4,87.9,0.341,0.341,,,,,0.017,,,0.222,,,,0.102,,,,,,,,,,,,,,,,,,,,,,12.0
RPath,1463,walkways,57.163,HMAC,1,2,0,1,2,0,0,0,0,1,0,0,1,2,2,0,0,0,0,0,0,0,0,0,0,5,0,2,0,0,0,0,0,0,1,2,2,0,0,0,1,0,0,0,0,0,0,0,1,0,1,2,0,0,0,0,0,1,0,0,0,0,0,0,0,0,0,0,0,0,0,0,0,1,2,0,1,0,0,0,0,0,0,3,1,0,0,0,0,0,0,0,0,0,0,0,5,0,43,2,2,2,57.2,0.105,0.046,,,,0.079,,,,,,,,0.026,,,,,,,,,,,,,,,,,,,,,,4.0
RPath,1464,walkways,36.729,HMAC,1,2,2,1,2,2,0,0,0,0,0,0,1,2,2,0,0,0,0,0,0,0,0,0,0,5,0,2,0,0,0,0,0,0,1,2,2,0,0,0,0,0,0,0,0,0,0,0,1,0,1,2,2,5,0,0,3,0,0,0,0,0,0,0,0,0,0,0,0,0,0,0,0,1,2,2,1,0,0,0,0,0,0,3,1,1,1,0,0,0,0,0,0,0,0,0,5,0,58,3,3,1,36.7,0.000,0.000,,,,,,,,,,,,,,,,,,,,,,,,,,,,,,,,,,3.0
RPath,1465,walkways,148.214,HMAC,1,2,2,1,2,0,1,2,0,0,0,0,1,2,2,0,0,0,0,0,0,0,0,0,0,5,0,2,0,0,0,0,0,0,1,2,0,0,0,0,0,0,0,0,0,0,0,0,1,0,1,2,2,0,0,0,0,1,0,0,0,0,0,0,0,0,0,0,0,0,0,0,0,1,2,0,1,2,0,0,0,0,5,3,1,0,0,0,0,0,0,0,0,0,0,0,5,0,53,3,3,2,148.2,0.030,0.030,,,,,0.030,,,,,,,,,,,,,,,,,,,,,,,,,,,,,6.0
RPath,1466,walkways,96.26,HMAC,1,2,2,1,2,2,1,2,0,0,0,0,0,0,0,0,0,0,0,0,0,0,0,0,0,0,0,2,0,0,0,0,0,0,0,0,0,0,0,0,0,0,0,0,0,0,0,0,1,0,1,2,0,0,0,0,0,1,0,0,0,0,0,0,0,0,0,0,0,0,0,0,0,1,2,0,1,0,0,0,0,0,5,3,1,1,1,0,0,0,0,0,0,0,0,0,5,0,40,2,2,3,96.3,0.125,0.125,,,,,0.093,,,0.016,,,,,,,,,,0.016,,,,,,,,,,,,,,,,6.0
RPath,1467,walkways,83.159,HMAC,1,2,2,1,2,0,1,2,0,0,0,0,1,0,0,0,0,0,0,0,0,0,0,0,0,0,0,2,0,0,0,0,0,0,0,0,0,0,0,0,0,0,0,0,0,0,0,0,1,0,1,2,0,0,0,0,0,1,0,0,0,0,0,0,0,0,0,0,0,0,0,0,0,1,2,2,1,2,0,0,0,0,0,3,1,1,1,0,0,0,0,0,0,0,0,0,5,0,38,2,2,4,83.2,0.289,0.289,0.108,0.126,,,0.018,,,,,,,0.018,,,,,,0.018,,,,,,,,,,,,,,,,8.0
RPath,1468,walkways,37.558,HMAC,1,2,2,1,2,2,1,2,2,1,0,0,1,0,0,0,0,0,0,0,0,0,0,0,0,5,0,2,0,0,0,0,0,0,0,0,0,0,0,0,0,0,0,0,0,0,0,0,1,1,1,2,2,0,0,0,0,1,0,0,0,0,0,0,0,0,0,0,0,0,0,0,0,1,2,0,1,0,0,0,0,0,0,0,1,1,1,0,0,0,0,0,0,0,0,0,5,0,44,2,2,1,37.6,0.000,0.000,,,,,,,,,,,,,,,,,,,,,,,,,,,,,,,,,,2.0
RPath,1469,walkways,62.291,SS,1,2,2,1,2,2,1,2,2,1,0,0,1,0,0,0,0,0,0,0,0,0,0,0,0,5,0,2,0,0,0,0,0,0,0,0,0,0,0,0,0,0,0,0,0,0,0,0,1,0,1,2,2,0,0,0,0,1,0,0,0,0,0,0,0,0,0,0,0,0,0,0,0,1,2,0,1,2,0,0,0,0,0,3,1,1,1,0,0,0,0,0,0,0,0,0,5,0,48,3,2,1,62.3,0.000,0.000,,,,,,,,,,,,,,,,,,,,,,,,,,,,,,,,,,2.0
RPath,1470,walkways,74.694,HMAC,1,2,2,1,0,0,1,0,0,0,0,0,0,0,0,0,0,0,0,0,0,0,0,0,0,5,0,2,0,0,0,0,0,0,0,0,0,0,0,0,0,0,0,0,0,0,0,0,1,0,1,2,0,0,0,0,0,1,0,0,0,0,0,0,0,0,0,0,0,0,0,0,0,1,2,2,0,0,0,0,0,0,5,0,1,0,0,0,0,0,0,0,0,0,0,0,5,0,35,2,2,4,74.7,0.301,0.301,,,0.241,,0.060,,,,,,,,,,,,,,,,,,,,,,,,,,,,,8.0
RPath,1471,walkways,85.722,HMAC,1,2,2,1,2,0,1,2,0,0,0,0,0,0,0,0,0,0,0,0,0,0,0,0,0,5,0,2,0,0,0,0,0,0,0,0,0,0,0,0,0,0,0,0,0,0,0,0,1,0,1,2,0,0,0,0,0,1,0,0,0,0,0,0,0,0,0,0,0,0,0,0,0,1,2,0,0,0,0,0,0,0,5,0,1,1,1,0,0,0,0,0,0,0,0,0,5,0,39,2,2,2,85.7,0.087,0.087,,0.017,,,0.070,,,,,,,,,,,,,,,,,,,,,,,,,,,,,4.0
RPath,1472,walkways,115.88,SS,1,2,2,1,2,0,1,2,0,0,0,0,1,2,2,0,0,0,0,0,0,0,0,0,0,5,0,2,0,0,0,0,0,0,0,0,0,0,0,0,0,0,0,0,0,0,0,0,1,1,1,2,2,0,0,0,3,1,0,0,0,0,0,0,0,0,0,0,0,0,0,0,0,1,2,0,1,2,0,0,0,0,0,3,0,0,0,1,0,0,0,0,0,0,0,0,5,0,49,3,3,3,115.9,0.220,0.155,,,,,,,,,,,,,,,,,,,,,,,,,,0.129,,0.091,,,,,,9.0
RPath,1473,walkways,81.345,HMAC,1,2,2,1,2,0,1,0,0,0,0,0,1,2,0,0,0,0,0,0,0,0,0,0,0,0,0,2,0,0,0,0,0,0,0,0,0,0,0,0,0,0,0,0,0,0,0,0,1,1,1,2,2,0,0,0,0,1,0,0,0,0,0,0,0,0,0,0,0,0,0,0,0,1,2,0,0,0,0,0,0,0,0,3,1,1,0,1,2,0,0,0,0,0,0,0,5,0,38,2,2,3,81.3,0.240,0.240,,,,,0.240,,,,,,,,,,,,,,,,,,,,,,,,,,,,,6.0
RPath,1474,walkways,52.433,HMAC,1,2,2,1,0,0,1,0,0,0,0,0,1,0,0,0,0,0,0,0,0,0,0,0,0,5,0,2,0,0,0,0,0,0,0,0,0,0,0,0,0,0,0,0,0,0,0,0,1,1,1,2,2,0,5,0,0,1,0,0,0,0,0,0,0,0,0,0,0,0,0,0,0,1,2,0,0,0,0,0,0,0,0,3,1,1,0,1,0,0,0,0,0,0,0,0,5,0,42,2,2,5,52.4,0.572,0.572,,,,,0.515,,,,,,,,,,,,,0.057,,,,,,,,,,,,,,,,10.0
RPath,1475,walkways,60.01,HMAC,1,2,2,1,2,2,1,2,2,0,0,0,1,0,0,0,0,0,0,0,0,0,0,0,0,5,0,2,0,0,0,0,0,0,0,0,0,0,0,0,0,0,0,0,0,0,0,0,1,1,1,2,2,0,5,0,0,1,0,0,0,0,0,0,0,0,0,0,0,0,0,0,0,1,2,0,0,0,0,0,0,0,0,3,1,0,0,0,0,0,0,0,0,0,0,0,5,0,48,3,2,3,60.0,0.225,0.225,,,,,0.175,,,,,,,0.025,,,,0.025,,,,,,,,,,,,,,,,,,6.0
RPath,1476,walkways,94.398,HMAC,1,2,2,1,2,0,1,2,0,0,0,0,1,2,0,0,0,0,0,0,0,0,0,0,0,0,0,2,0,0,0,0,0,0,0,0,0,0,0,0,0,0,0,0,0,0,0,0,1,0,1,2,0,0,0,0,0,1,0,0,0,0,0,0,0,0,0,0,0,0,0,0,0,1,2,0,0,0,0,0,0,0,0,3,1,1,0,1,2,0,0,0,0,0,0,0,5,0,37,2,2,2,94.4,0.095,0.095,,,,,0.095,,,,,,,,,,,,,,,,,,,,,,,,,,,,,4.0
RPath,1477,walkways,87.931,SS,1,2,0,1,2,0,1,2,0,0,0,0,1,2,0,0,0,0,0,0,0,0,0,0,0,0,0,2,0,0,0,0,0,0,0,0,0,0,0,0,0,0,0,0,0,0,0,0,1,0,1,2,0,0,0,0,0,1,0,0,0,0,0,0,0,0,0,0,0,0,0,0,0,1,2,0,0,0,0,0,0,0,0,3,0,0,0,1,0,0,0,0,0,0,0,0,5,0,31,2,2,2,87.9,0.017,0.017,,,,,,,,,,,,,,,,,,,,,,,,,,,,0.017,,,,,,4.0
RPath,1478,walkways,77.581,SS,1,2,2,1,0,0,1,0,0,0,0,0,1,2,0,0,0,0,0,0,0,0,0,0,0,0,0,2,0,0,0,0,0,0,0,0,0,0,0,0,0,0,0,0,0,0,0,0,1,0,1,2,2,0,0,0,3,1,0,0,0,0,0,0,0,0,0,0,0,0,0,0,0,1,0,0,1,0,0,0,0,0,0,3,0,0,0,0,0,0,0,0,0,0,0,0,5,0,32,2,2,1,77.6,0.000,0.000,,,,,,,,,,,,,,,,,,,,,,,,,,,,,,,,,,2.0
RPath,1479,walkways,72.193,SS,1,2,2,1,0,0,1,0,0,0,0,0,1,2,0,0,0,0,0,0,0,0,0,0,0,5,0,2,0,0,0,0,0,0,0,0,0,0,0,0,0,0,0,0,0,0,0,0,1,0,1,2,2,0,0,0,0,1,0,0,0,0,0,0,0,0,0,0,0,0,0,0,0,1,0,0,1,0,0,0,0,0,0,3,0,0,0,1,0,0,0,0,0,0,0,0,5,0,35,2,2,4,72.2,0.312,0.312,,,,,,,,,,,,,,,,,,,,,,,,,0.042,,,0.270,,,,,,8.0
RPath,1480,walkways,71.246,HMAC,1,2,2,1,0,0,1,0,0,1,2,0,1,2,0,0,0,0,0,0,0,0,0,0,0,0,0,2,0,0,0,0,0,0,0,0,0,0,0,0,0,0,0,0,0,0,0,0,1,0,1,2,0,0,0,0,0,1,0,0,0,0,0,0,0,0,0,0,0,0,0,0,0,1,2,2,0,0,0,0,0,0,5,3,0,1,0,0,0,0,0,0,0,0,0,0,5,0,39,2,2,3,71.2,0.232,0.232,,,,,0.211,,,0.021,,,,,,,,,,,,,,,,,,,,,,,,,,6.0
RPath,1481,walkways,72.3,HMAC,1,2,2,1,0,0,1,0,0,1,0,0,1,2,0,0,0,0,0,0,0,0,0,0,0,5,0,2,0,0,0,0,0,0,0,0,0,0,0,0,0,0,0,0,0,0,0,0,0,0,1,2,0,0,0,0,0,1,0,0,0,0,0,0,0,0,0,0,0,0,0,0,0,1,2,0,1,0,0,0,0,0,5,3,0,1,0,0,0,0,0,0,0,0,0,0,5,0,40,2,2,3,72.3,0.124,0.124,,,,,0.104,,,,,,,0.021,,,,,,,,,,,,,,,,,,,,,,6.0
RPath,1482,walkways,61.353,HMAC,1,2,2,1,0,0,1,0,0,1,0,0,1,2,2,0,0,0,0,0,0,0,0,0,0,0,0,2,0,0,0,0,0,0,0,0,0,0,0,0,0,0,0,0,1,0,0,0,0,0,1,2,0,0,0,0,0,1,0,0,0,0,0,0,0,0,0,0,0,0,0,0,0,1,2,2,1,0,0,0,0,0,5,3,0,1,0,0,0,0,0,0,0,0,0,0,5,0,40,2,2,3,61.4,0.220,0.183,,,,0.049,0.073,,,,,,,,,0.073,,,,0.024,,,,,,,,,,,,,,,,6.0
RPath,1483,walkways,32.754,HMAC,0,0,0,0,0,0,0,0,0,0,0,0,1,2,0,0,0,0,0,0,0,0,0,0,0,0,0,2,0,0,0,0,0,0,0,0,0,0,0,0,0,0,0,0,0,0,0,0,0,0,0,0,0,0,0,0,0,1,0,0,0,0,0,0,0,0,0,0,0,0,0,0,0,0,0,0,1,0,0,0,0,0,0,0,1,1,1,0,0,0,0,0,0,0,0,0,5,0,15,1,1,1,32.8,0.000,0.000,,,,,,,,,,,,,,,,,,,,,,,,,,,,,,,,,,1.0
RPath,1484,walkways,35.094,HMAC,1,2,0,0,0,0,0,0,0,0,0,0,1,2,2,0,0,0,0,0,0,0,0,0,0,5,0,2,0,0,0,0,0,0,0,0,0,0,0,0,0,0,0,0,0,0,0,0,0,0,1,0,0,0,0,0,0,1,0,0,0,0,0,0,0,0,0,0,0,0,0,0,0,0,0,0,1,2,0,0,0,0,5,0,1,1,1,0,0,0,0,0,0,0,0,0,5,0,33,2,2,2,35.1,0.171,0.043,,,,0.171,,,,,,,,,,,,,,,,,,,,,,,,,,,,,,4.0
RPath,1486,walkways,43.812,HMAC,1,2,2,1,0,0,0,0,0,0,0,0,0,0,0,0,0,0,0,0,0,0,0,0,0,0,0,2,0,0,0,0,0,0,1,0,0,0,0,0,0,0,0,0,0,0,0,0,0,0,1,2,2,0,0,0,0,1,0,0,0,0,0,0,0,0,0,0,0,0,0,0,0,0,0,0,0,0,0,0,0,0,5,0,1,1,1,0,0,0,0,0,0,0,0,0,5,0,28,2,1,1,43.8,0.000,0.000,,,,,,,,,,,,,,,,,,,,,,,,,,,,,,,,,,1.0
RPath,1487,walkways,40.214,HMAC,1,2,2,1,2,2,1,2,2,0,0,0,1,2,0,1,2,0,0,0,0,0,0,0,0,5,0,2,0,0,0,0,0,0,1,2,0,0,0,0,0,0,0,0,1,2,0,0,0,0,1,2,2,0,0,0,3,0,0,0,0,0,0,0,0,0,0,0,0,0,1,0,0,1,2,2,1,2,2,0,0,0,0,3,0,0,0,0,0,0,0,0,0,0,0,0,5,0,61,3,3,3,40.2,0.485,0.121,,,,0.485,,,,,,,,,,,,,,,,,,,,,,,,,,,,,,9.0
RPath,1488,walkways,29.65,HMAC,1,2,2,1,2,2,0,0,0,0,0,0,0,0,0,0,0,0,0,0,0,0,0,0,0,0,0,0,0,0,0,0,0,0,1,2,2,0,0,0,0,0,0,0,1,2,2,0,0,0,1,2,2,5,5,0,3,0,0,0,0,0,0,0,0,0,0,0,0,0,0,0,0,0,0,0,1,0,0,0,0,0,0,0,1,1,1,1,2,0,1,0,0,1,2,0,5,0,54,3,3,1,29.7,0.000,0.000,,,,,,,,,,,,,,,,,,,,,,,,,,,,,,,,,,3.0
RPath,1489,walkways,147.643,HMAC,1,2,2,1,2,0,1,2,0,0,0,0,0,0,0,0,0,0,0,0,0,0,0,0,0,5,0,2,0,0,0,0,0,0,0,0,0,0,0,0,0,0,0,0,0,0,0,0,0,0,1,0,0,0,0,0,0,1,0,0,0,0,0,0,0,0,0,0,0,0,0,0,0,1,2,0,1,0,0,0,0,0,5,0,1,1,1,0,0,0,0,0,0,0,0,0,5,0,37,2,2,1,147.6,0.000,0.000,,,,,,,,,,,,,,,,,,,,,,,,,,,,,,,,,,2.0
RPath,1490,walkways,75.723,SS,1,2,2,1,0,0,1,0,0,1,2,0,1,2,0,0,0,0,0,0,0,0,0,0,0,0,0,2,0,0,0,0,0,0,1,0,0,0,0,0,0,0,0,0,1,0,0,0,1,0,1,2,0,0,0,0,0,1,0,0,0,0,0,0,0,0,0,0,0,0,0,0,0,1,2,2,0,0,0,0,0,0,5,3,0,1,0,0,0,0,0,0,0,0,0,0,5,0,41,2,2,4,75.7,0.277,0.277,,,,,,,,,,,,,,,,,,,,,,,,,,,,0.277,,,,,,8.0
RPath,1491,walkways,72.9,CON,1,2,2,1,2,0,0,0,0,1,2,0,1,2,0,0,0,0,0,0,0,0,0,0,0,0,0,2,0,0,0,0,0,0,1,2,2,0,0,0,0,0,0,0,1,2,0,0,1,0,1,2,2,0,0,0,0,1,0,0,0,0,0,0,0,0,0,0,0,0,0,0,0,1,2,0,1,0,0,0,0,0,0,0,1,0,0,0,0,0,0,0,0,0,0,0,5,0,41,2,2,2,72.9,0.021,0.021,,,,,0.021,,,,,,,,,,,,,,,,,,,,,,,,,,,,,4.0
RPath,1492,walkways,45.865,SS,1,2,2,1,2,2,1,2,2,0,0,0,1,2,2,0,0,0,0,0,0,0,0,0,0,5,0,2,0,0,0,0,0,0,1,2,0,0,0,0,0,0,0,0,1,0,0,0,1,1,1,2,2,5,0,0,3,1,0,0,0,0,0,0,0,0,0,0,0,0,0,0,0,1,2,0,1,2,0,0,0,0,0,3,1,1,1,0,0,0,0,0,0,0,0,0,5,0,64,4,3,2,45.9,0.098,0.098,,,,,,,,,,,,,,,,,,,,,,,,,0.033,,,0.065,,,,,,6.0
RPath,1493,walkways,43.594,SS,1,2,0,1,2,2,1,0,0,0,0,0,1,2,2,0,0,0,0,0,0,0,0,0,0,5,0,2,0,0,0,0,0,0,1,2,0,0,0,0,0,0,0,0,0,0,0,0,1,1,1,2,2,5,0,0,3,1,0,0,0,0,0,0,0,0,0,0,0,0,0,0,0,1,0,0,0,0,0,0,0,0,0,0,1,1,1,0,0,0,0,0,0,0,0,0,5,0,49,3,3,4,43.6,0.413,0.413,,,,,,,,,,,,,,,,,,,,,,,,,,,,0.413,,,,,,12.0
RPath,1494,walkways,46.211,HMAC,1,2,2,1,0,0,1,0,0,0,0,0,1,2,0,0,0,0,0,0,0,0,0,0,0,5,0,2,0,0,0,0,0,0,0,0,0,0,0,0,0,0,0,0,0,0,0,0,1,0,1,2,0,0,0,0,0,1,0,0,0,0,0,0,1,0,0,0,0,0,0,0,0,1,0,0,1,0,0,0,0,0,0,0,1,1,1,0,0,0,0,0,0,0,0,0,5,0,33,2,2,1,46.2,0.000,0.000,,,,,,,,,,,,,,,,,,,,,,,,,,,,,,,,,,2.0
RPath,1497,walkways,39.168,HMAC,1,2,2,1,2,2,0,0,0,0,0,0,1,0,0,1,0,0,0,0,0,0,0,0,0,5,0,2,0,0,0,0,0,0,1,0,0,0,0,0,0,0,0,0,0,0,0,0,0,0,1,2,0,0,0,0,0,1,0,0,0,0,0,0,0,0,0,0,0,0,0,0,0,1,2,2,0,0,0,0,0,0,5,3,1,0,1,0,0,0,0,0,0,0,0,0,5,0,44,2,2,5,39.2,0.919,0.890,,,,,0.843,,0.038,,,,,,,,,,,0.038,,,,,,,,,,,,,,,,10.0
RPath,1498,walkways,68.429,SS,1,2,2,1,2,2,0,0,0,0,0,0,1,2,0,1,2,0,0,0,0,0,0,0,0,5,0,2,0,0,0,0,0,0,1,2,2,0,0,0,0,0,0,0,0,0,0,0,0,0,1,2,2,0,0,0,0,1,0,0,0,0,0,0,1,2,0,0,0,0,0,0,0,1,2,0,0,0,0,0,0,0,5,3,0,0,0,0,0,0,0,0,0,0,0,0,5,0,53,3,3,1,54.5,0.000,0.000,,,,,,,,,,,,,,,,,,,,,,,,,,,,,,,,,,3.0
RPath,1499,walkways,57.036,HMAC,1,2,2,1,0,0,0,0,0,0,0,0,1,2,0,0,0,0,1,0,0,0,0,0,0,5,0,2,0,0,0,0,0,0,1,0,0,0,0,0,0,0,0,0,0,0,0,0,0,0,1,0,0,0,0,0,0,1,0,0,0,0,0,0,0,0,0,0,0,0,0,0,0,1,2,0,1,0,0,0,0,0,0,3,1,1,1,0,0,0,0,0,0,0,0,0,5,0,35,2,2,5,35.9,0.543,0.511,,,,,0.459,,0.042,,,,,0.042,,,,,,,,,,,,,,,,,,,,,,10.0
RPath,1500,walkways,75.962,HMAC,1,2,0,1,0,0,0,0,0,0,0,0,1,2,2,0,0,0,0,0,0,0,0,0,0,0,0,2,0,0,0,0,0,0,1,2,2,0,0,0,0,0,0,0,0,0,0,0,0,0,0,0,0,0,0,0,0,1,0,0,0,0,0,0,0,0,0,0,0,0,0,0,0,1,2,2,1,0,0,0,0,0,0,3,1,1,1,0,0,0,0,0,0,0,0,0,5,0,34,2,2,4,76.0,0.415,0.415,,,,,0.395,,,,,,,,,,,0.020,,,,,,,,,,,,,,,,,,8.0
RPath,1501,walkways,37.961,HMAC,1,2,2,1,2,2,1,2,0,0,0,0,1,2,0,1,2,0,0,0,0,0,0,0,0,5,0,2,0,0,0,0,0,0,1,2,2,0,0,0,0,0,0,0,1,0,0,0,1,0,1,2,0,0,0,0,3,0,0,0,0,0,0,0,1,0,0,0,0,0,0,0,0,1,0,0,1,2,0,0,0,0,0,3,0,0,0,0,0,0,0,0,0,0,0,0,5,0,52,3,3,5,37.8,0.714,0.714,,,,,0.714,,,,,,,,,,,,,,,,,,,,,,,,,,,,,15.0
RPath,1502,walkways,40.187,HMAC,1,2,2,1,2,2,1,0,0,0,0,0,1,2,2,1,2,0,0,0,0,0,0,0,0,5,0,2,0,0,0,0,0,0,1,2,2,0,0,0,0,0,0,0,1,0,0,0,1,0,1,2,0,0,0,0,0,1,0,0,0,0,0,0,0,0,0,0,0,0,0,0,0,1,2,0,1,2,0,0,0,0,0,3,0,0,0,0,0,0,0,0,0,0,0,0,5,0,51,3,3,5,40.2,0.672,0.616,,,,,0.597,,0.075,,,,,,,,,,,,,,,,,,,,,,,,,,,15.0
RPath,1503,walkways,97.481,HMAC,1,2,2,1,0,0,1,0,0,0,0,0,1,2,0,1,0,0,0,0,0,0,0,0,0,0,0,2,0,0,0,0,0,0,1,2,2,0,0,0,1,2,2,0,0,0,0,0,1,1,1,2,2,0,0,0,0,1,0,0,0,0,0,0,0,0,0,0,0,0,0,0,0,1,2,2,1,2,0,0,0,0,5,3,0,0,0,0,0,0,0,0,0,0,0,0,5,0,52,3,3,1,97.5,0.000,0.000,,,,,,,,,,,,,,,,,,,,,,,,,,,,,,,,,,3.0
RPath,1504,walkways,42.665,HMAC,1,2,2,1,2,0,1,2,0,0,0,0,1,0,0,0,0,0,0,0,0,0,0,0,5,5,0,2,0,0,0,0,0,0,1,2,2,0,0,0,0,0,0,0,1,0,0,0,1,1,1,2,2,0,0,0,0,1,0,0,0,0,0,0,0,0,0,0,0,0,0,0,0,1,0,0,1,2,0,0,0,0,0,3,0,0,1,0,0,0,1,0,0,0,0,0,5,0,52,3,3,2,42.7,0.105,0.026,,,,0.070,,,0.035,,,,,,,,,,,,,,,,,,,,,,,,,,,6.0
RPath,1505,walkways,47.528,HMAC,1,2,2,1,2,2,1,2,2,0,0,0,1,2,2,1,0,0,0,0,0,0,0,0,0,5,0,2,0,0,0,0,0,0,1,2,0,0,0,0,0,0,0,0,1,2,0,0,1,0,1,2,0,0,0,0,0,1,0,0,0,0,0,0,0,0,0,0,0,0,0,0,0,1,2,0,1,0,0,0,0,0,0,3,0,0,0,0,0,0,0,0,0,0,0,0,5,0,51,3,3,1,47.5,0.000,0.000,,,,,,,,,,,,,,,,,,,,,,,,,,,,,,,,,,3.0
RPath,1506,walkways,42.378,HMAC,1,2,2,1,2,2,1,2,2,0,0,0,1,2,2,1,0,0,0,0,0,0,0,0,0,5,0,2,0,0,0,0,0,0,1,2,0,0,0,0,0,0,0,0,1,2,0,0,0,0,1,2,0,0,0,0,0,1,0,0,0,0,0,0,0,0,0,0,0,0,0,0,0,1,2,2,1,0,0,0,0,0,0,3,0,0,1,0,0,0,0,0,0,0,0,0,5,0,53,3,3,2,42.4,0.283,0.097,,,0.035,0.248,,,,,,,,,,,,,,,,,,,,,,,,,,,,,,6.0
RPath,1507,walkways,39.853,HMAC,1,2,2,1,2,2,1,2,2,0,0,0,1,2,0,1,2,0,0,0,0,0,0,0,0,5,0,2,0,0,0,0,0,0,1,2,2,0,0,0,0,0,0,0,1,2,0,0,0,0,1,2,2,0,0,0,0,1,0,0,0,0,0,0,0,0,0,0,0,0,0,0,0,1,2,2,1,2,2,0,0,0,0,3,0,0,0,0,0,0,0,0,0,0,0,0,5,0,60,3,3,3,39.9,0.489,0.122,,,,0.489,,,,,,,,,,,,,,,,,,,,,,,,,,,,,,9.0
RPath,1508,walkways,35.499,HMAC,1,2,2,1,0,0,0,0,0,0,0,0,1,2,0,1,2,0,0,0,0,0,0,0,0,5,0,2,0,0,0,0,0,0,1,0,0,0,0,0,0,0,0,0,0,0,0,0,0,0,1,2,0,0,0,0,0,1,0,0,0,0,0,0,0,0,0,0,0,0,0,0,0,1,0,0,0,0,0,0,0,0,5,3,0,1,0,0,0,0,0,0,0,0,0,0,5,0,39,2,2,3,35.5,0.507,0.127,,,,0.507,,,,,,,,,,,,,,,,,,,,,,,,,,,,,,6.0
RPath,1509,walkways,39.122,HMAC,1,2,2,1,2,2,0,0,0,0,0,0,1,2,2,0,0,0,0,0,0,0,0,0,0,5,0,2,0,0,0,0,0,0,1,0,0,0,0,0,0,0,0,0,0,0,0,0,0,0,1,2,0,0,0,0,0,1,0,0,0,0,0,0,0,0,0,0,0,0,0,0,0,1,0,0,1,0,0,0,0,0,0,3,1,0,0,0,0,0,0,0,0,0,0,0,5,0,38,2,2,4,39.1,0.307,0.307,,,0.077,,,,,0.230,,,,,,,,,,,,,,,,,,,,,,,,,,8.0
RPath,1510,walkways,40.342,SS,1,2,2,0,0,0,0,0,0,0,0,0,1,2,2,1,2,0,0,0,0,0,0,0,0,5,0,2,0,0,0,0,0,0,1,2,2,0,0,0,0,0,0,0,1,0,0,0,0,0,1,2,0,0,0,0,0,1,0,0,0,0,0,0,0,0,0,0,0,0,0,0,0,0,0,0,1,2,0,0,0,0,0,3,1,1,0,1,0,0,0,0,0,1,0,0,5,0,45,2,2,1,40.3,0.000,0.000,,,,,,,,,,,,,,,,,,,,,,,,,,,,,,,,,,2.0
RPath,1511,walkways,81.916,HMAC,1,2,0,1,0,0,1,0,0,0,0,0,1,2,0,1,2,0,0,0,0,0,0,0,0,0,0,2,0,0,0,0,0,0,1,2,0,0,0,0,0,0,0,0,1,0,0,0,0,0,1,2,0,0,0,0,0,1,0,0,0,0,0,0,0,0,0,0,0,0,0,0,0,1,0,0,1,2,0,0,0,0,0,3,0,1,0,0,0,0,0,0,0,0,0,0,5,0,34,2,2,2,81.9,0.073,0.018,,,,0.073,,,,,,,,,,,,,,,,,,,,,,,,,,,,,,4.0
RPath,1513,walkways,138.436,HMAC,1,2,2,0,0,0,0,0,0,1,2,0,1,2,0,0,0,0,0,0,0,0,0,0,0,5,0,2,0,0,0,0,0,0,1,0,0,0,0,0,0,0,0,0,0,0,0,0,0,0,1,2,0,0,0,0,0,1,0,0,0,0,0,0,0,0,0,0,0,0,0,0,0,0,0,0,1,2,2,0,0,0,0,3,0,0,0,0,0,0,0,0,0,0,0,0,5,0,36,2,2,2,40.2,0.149,0.037,,,,0.112,,,0.037,,,,,,,,,,,,,,,,,,,,,,,,,,,4.0
RPath,1514,walkways,42.107,HMAC,1,2,2,1,0,0,0,0,0,0,0,0,0,0,0,0,0,0,0,0,0,0,0,0,0,0,0,2,0,0,0,0,0,0,0,0,0,0,0,0,0,0,0,0,0,0,0,0,0,0,0,0,0,0,0,0,0,1,0,0,0,0,0,0,0,0,0,0,0,0,0,0,0,1,2,0,0,0,0,0,0,0,0,0,1,1,1,0,0,0,0,0,0,0,0,0,5,0,20,1,1,1,42.1,0.000,0.000,,,,,,,,,,,,,,,,,,,,,,,,,,,,,,,,,,1.0
RPath,1515,walkways,47.646,HMAC,1,2,2,0,0,0,0,0,0,0,0,0,0,0,0,0,0,0,0,0,0,0,0,0,0,5,0,2,0,0,0,0,0,0,0,0,0,0,0,0,0,0,0,0,0,0,0,0,0,0,0,0,0,0,0,0,3,0,0,0,0,0,0,0,0,0,0,0,0,0,0,0,0,0,0,0,0,0,0,0,0,0,0,3,0,0,0,0,0,0,0,0,0,0,0,0,5,0,23,1,1,1,47.6,0.000,0.000,,,,,,,,,,,,,,,,,,,,,,,,,,,,,,,,,,1.0
RPath,1516,walkways,50.612,SS,1,2,2,0,0,0,0,0,0,0,0,0,1,2,2,0,0,0,0,0,0,0,0,0,0,5,0,2,0,0,0,0,0,0,0,0,0,0,0,0,0,0,0,0,0,0,0,0,0,0,1,2,2,0,0,0,0,1,0,0,0,0,0,0,0,0,0,0,0,0,0,0,0,1,0,0,1,2,0,0,0,0,0,0,1,1,1,0,0,0,0,0,0,0,0,0,5,0,35,2,2,2,50.6,0.089,0.089,,,,,,,,,,,,,,,,,,,,0.030,,,,,,,0.059,,,,,,,4.0
RPath,1517,walkways,117.142,SS,1,2,2,1,2,2,1,2,2,0,0,0,1,0,0,0,0,0,0,0,0,0,0,0,0,5,0,2,0,0,0,0,0,0,0,0,0,0,0,0,0,0,0,0,0,0,0,0,0,0,1,2,2,0,0,0,3,1,0,0,0,0,0,0,0,0,0,0,0,0,0,0,0,1,2,0,1,2,0,0,0,0,0,3,1,1,1,0,0,0,0,0,0,0,0,0,5,0,49,3,3,3,117.1,0.166,0.166,,,,,,,,,,,,,,,,,,,0.026,,,,,,0.013,,,0.128,,,,,,9.0
RPath,1518,walkways,98.987,SS,1,2,0,1,0,0,1,0,0,0,0,0,1,0,0,0,0,0,0,0,0,0,0,0,0,0,0,2,0,0,0,0,0,0,0,0,0,0,0,0,0,0,0,0,0,0,0,0,0,0,1,2,0,0,0,0,0,1,0,0,0,0,0,0,0,0,0,0,0,0,0,0,0,1,2,2,1,2,0,0,0,0,0,3,1,0,0,0,0,0,0,0,0,0,0,0,5,0,29,2,1,3,99.0,0.152,0.144,,,,,,,,,,,,,,,,,,,,,0.015,,0.015,,,,,0.121,,,,,,3.0
RPath,1519,walkways,48.949,HMAC,1,2,2,1,2,2,1,2,2,0,0,0,0,0,0,0,0,0,0,0,0,0,0,0,0,5,0,2,0,0,0,0,0,0,0,0,0,0,0,0,0,0,0,0,0,0,0,0,1,0,1,2,0,0,0,0,0,1,0,0,0,0,0,0,0,0,0,0,0,0,0,0,0,1,2,0,0,0,0,0,0,0,0,3,0,0,0,0,0,0,0,0,0,0,0,0,5,0,38,2,2,3,48.9,0.276,0.138,,,,0.184,,,,,,,,0.092,,,,,,,,,,,,,,,,,,,,,,6.0
RPath,1520,walkways,48.476,SS,1,2,0,1,0,0,0,0,0,0,0,0,1,2,2,1,2,0,0,0,0,0,0,0,0,5,0,2,0,0,0,0,0,0,1,2,0,0,0,0,0,0,0,0,0,0,0,0,1,1,1,2,2,5,0,4,0,0,0,0,0,0,0,0,0,0,0,0,0,0,0,0,0,1,2,0,1,2,0,0,0,0,0,0,1,1,0,0,0,0,0,0,0,1,2,0,5,0,54,3,3,1,48.6,0.000,0.000,,,,,,,,,,,,,,,,,,,,,,,,,,,,,,,,,,3.0
RPath,1521,walkways,39.864,HMAC,1,2,2,0,0,0,0,0,0,1,0,0,1,2,2,1,2,0,0,0,0,0,0,0,0,5,0,2,0,0,0,0,0,0,1,2,0,0,0,0,0,0,0,0,0,0,0,0,1,0,1,2,0,0,0,0,0,1,0,0,0,0,0,0,0,0,0,0,0,0,0,0,0,1,0,0,1,2,0,0,0,0,0,0,1,1,0,0,0,0,0,0,0,1,2,0,5,0,43,2,2,2,39.6,0.189,0.047,,,,0.189,,,,,,,,,,,,,,,,,,,,,,,,,,,,,,4.0
RPath,1522,walkways,36.136,HMAC,1,2,2,0,0,0,0,0,0,1,2,0,1,2,0,1,2,0,0,0,0,0,0,0,0,0,0,2,0,0,0,0,0,0,1,2,0,0,0,0,0,0,0,0,0,0,0,0,0,0,1,0,0,0,0,0,0,1,0,0,0,0,0,0,0,0,0,0,0,0,0,0,0,1,0,0,1,2,0,0,0,0,0,0,1,1,0,0,0,0,0,0,0,1,0,0,5,0,33,2,2,2,36.1,0.042,0.010,,,,0.042,,,,,,,,,,,,,,,,,,,,,,,,,,,,,,4.0
RPath,1523,walkways,119.089,SS,1,2,0,1,2,0,1,2,0,0,0,0,0,0,0,0,0,0,0,0,0,0,0,0,0,0,0,2,0,0,0,0,0,0,1,0,0,0,0,0,0,0,0,0,0,0,0,0,0,0,0,0,0,0,0,0,0,1,0,0,0,0,0,0,0,0,0,0,0,0,0,0,0,0,0,0,0,0,0,0,0,0,0,0,1,1,1,0,0,0,0,0,0,0,0,0,5,0,21,1,1,2,119.1,0.063,0.063,,,,,,,,,,,,,,,,,,,0.013,,,,,,0.038,,,0.013,,,,,,2.0
RPath,1524,walkways,113.909,SS,1,2,2,1,2,0,1,2,0,0,0,0,0,0,0,0,0,0,0,0,0,0,0,0,0,0,0,2,0,0,0,0,0,0,1,0,0,0,0,0,0,0,0,0,0,0,0,0,0,0,0,0,0,0,0,0,3,1,0,0,0,0,0,0,0,0,0,0,0,0,0,0,0,0,0,0,0,0,0,0,0,0,0,3,1,1,1,0,0,0,0,0,0,0,0,0,5,0,29,2,1,3,113.9,0.145,0.145,,,,,,,,,,,,,,,,,,,0.026,,,,,,,,0.105,0.013,,,,,,3.0
RPath,1525,walkways,48.098,SS,1,2,2,1,2,0,1,2,0,0,0,0,0,0,0,0,0,0,0,0,0,0,0,0,0,0,0,2,0,0,0,0,0,0,0,0,0,0,0,0,0,0,0,0,0,0,0,0,0,0,0,0,0,0,0,0,0,1,0,0,0,0,0,0,0,0,0,0,0,0,0,0,0,0,0,0,0,0,0,0,0,0,0,0,1,1,1,0,0,0,0,0,0,0,0,0,5,0,22,1,1,1,48.1,0.000,0.000,,,,,,,,,,,,,,,,,,,,,,,,,,,,,,,,,,1.0
RPath,1526,walkways,86.63,HMAC,1,2,2,1,0,0,1,0,0,1,0,0,1,2,2,1,2,2,0,0,0,0,0,0,0,5,0,2,0,0,0,1,2,0,1,2,2,0,0,0,1,2,0,0,1,0,0,0,1,0,1,2,0,0,0,0,0,1,0,0,0,0,0,0,0,0,0,0,0,0,0,0,0,1,2,2,0,0,0,0,0,0,0,3,1,1,0,1,0,0,0,0,0,0,0,0,5,0,58,3,3,2,86.6,0.346,0.091,,,,,,,0.312,,,,0.017,,,,,,0.017,,,,,,,,,,,,,,,,,6.0
RPath,1527,walkways,80.708,HMAC,1,2,2,0,0,0,0,0,0,0,0,0,1,0,0,1,0,0,0,0,0,0,0,0,0,0,0,2,0,0,0,1,0,0,1,2,0,0,0,0,0,0,0,0,0,0,0,0,0,0,1,2,0,0,0,0,3,1,0,0,0,0,0,0,0,0,0,0,0,0,0,0,0,1,2,0,0,0,0,0,0,0,0,3,1,1,1,0,0,0,0,0,0,0,0,0,5,0,34,2,2,2,80.7,0.223,0.060,,,,0.074,,,0.112,,,,0.019,,,,,,0.019,,,,,,,,,,,,,,,,,4.0
RPath,1528,walkways,78.918,HMAC,1,2,2,0,0,0,0,0,0,0,0,0,1,0,0,1,0,0,0,0,0,0,0,0,0,0,0,2,0,0,0,1,0,0,1,0,0,0,0,0,0,0,0,0,0,0,0,0,0,0,1,2,0,0,0,0,3,1,0,0,0,0,0,0,0,0,0,0,0,0,0,0,0,1,2,0,0,0,0,0,0,0,0,3,1,1,1,0,0,0,0,0,0,0,0,0,5,0,32,2,2,2,78.9,0.057,0.014,,,,0.038,,,,,,,0.019,,,,,,,,,,,,,,,,,,,,,,,4.0
RPath,1529,walkways,42.299,HMAC,1,2,0,0,0,0,0,0,0,0,0,0,0,0,0,0,0,0,0,0,0,0,0,0,0,0,0,2,0,0,0,0,0,0,1,0,0,0,0,0,0,0,0,0,0,0,0,0,0,0,1,0,0,0,0,0,3,1,0,0,0,0,0,0,0,0,0,0,0,0,0,0,0,1,2,0,0,0,0,0,0,0,0,3,1,1,1,0,0,0,0,0,0,0,0,0,5,3,28,2,1,1,42.3,0.000,0.000,,,,,,,,,,,,,,,,,,,,,,,,,,,,,,,,,,1.0
RPath,1530,walkways,143.034,HMAC,1,2,2,0,0,0,0,0,0,0,0,0,0,0,0,0,0,0,0,0,0,0,0,0,0,0,0,2,0,0,0,0,0,0,0,0,0,0,0,0,0,0,0,0,0,0,0,0,0,0,1,2,0,0,0,0,0,1,0,0,0,0,0,0,0,0,0,0,0,0,0,0,0,1,0,0,0,0,0,0,0,0,0,3,1,1,1,0,0,0,0,0,0,0,0,0,5,3,26,1,1,4,143.0,0.440,0.440,,,,,,,,,,,,,,,,,,,,,,0.021,,,,,,0.419,,,,,,4.0
RPath,1532,walkways,101.464,SS,1,2,2,1,0,0,1,0,0,0,0,0,1,2,0,0,0,0,0,0,0,0,0,0,0,5,0,2,0,0,0,1,0,0,0,0,0,0,0,0,0,0,0,0,0,0,0,0,0,0,1,0,0,0,0,0,0,1,0,0,0,0,0,0,0,0,0,0,0,0,0,0,0,0,0,0,0,0,0,0,0,0,0,3,1,0,0,0,0,0,0,0,0,0,0,0,5,0,29,2,1,3,101.5,0.177,0.177,,,,,,,,,,,,,,,,,,,,,,,,,,,0.089,0.089,,,,,,3.0
RPath,1533,walkways,41.539,HMAC,1,2,2,0,0,0,0,0,0,0,0,0,0,0,0,0,0,0,0,0,0,0,0,0,0,0,0,2,0,0,0,0,0,0,0,0,0,0,0,0,0,0,0,0,0,0,0,0,0,0,1,2,0,0,0,0,0,1,0,0,0,0,0,0,0,0,0,0,0,0,0,0,0,1,2,0,0,0,0,0,0,0,0,3,1,1,1,0,0,0,0,0,0,0,0,0,5,0,25,1,1,2,41.5,0.072,0.072,,,,,,,,,,,,,,,,,,,,,0.072,,,,,,,,,,,,,2.0
RPath,1534,walkways,108.999,HMAC,1,2,2,0,0,0,0,0,0,0,0,0,0,0,0,0,0,0,0,0,0,0,0,0,0,0,0,2,0,0,0,0,0,0,0,0,0,0,0,0,0,0,0,0,0,0,0,0,1,0,1,2,0,0,0,0,0,1,0,0,0,0,0,0,0,0,0,0,0,0,0,0,0,1,2,0,0,0,0,0,0,0,0,3,1,1,1,0,0,0,0,0,0,0,0,0,5,3,29,2,1,2,109.0,0.110,0.100,,,0.014,0.014,,,,,,,,0.014,,,,,,0.014,,,0.055,,,,,,,,,,,,,2.0
RPath,1535,walkways,41.402,HMAC,1,2,2,0,0,0,0,0,0,0,0,0,0,0,0,0,0,0,0,0,0,0,0,0,0,5,0,2,0,0,0,0,0,0,1,0,0,0,0,0,0,0,0,0,1,0,0,0,0,0,1,2,0,0,0,0,0,1,0,0,0,0,0,0,0,0,0,0,0,0,0,0,0,1,0,0,0,0,0,0,0,0,0,3,1,1,1,0,0,0,0,0,0,0,0,0,5,3,33,2,2,1,41.4,0.000,0.000,,,,,,,,,,,,,,,,,,,,,,,,,,,,,,,,,,2.0
RPath,1544,walkways,78.929,SS,1,2,2,1,2,2,1,0,0,0,0,0,1,2,2,1,2,2,0,0,0,0,0,0,0,5,0,0,0,0,0,0,0,0,1,2,2,0,0,0,0,0,0,0,1,2,0,0,1,1,1,2,2,5,5,0,0,0,0,0,0,0,0,0,0,0,0,0,0,0,0,0,0,1,2,0,1,2,0,0,0,0,5,3,0,0,0,0,0,0,0,0,0,0,0,0,5,0,70,4,4,1,78.9,0.000,0.000,,,,,,,,,,,,,,,,,,,,,,,,,,,,,,,,,,4.0
RPath,1546,walkways,46.13,HMAC,1,2,2,1,0,0,1,0,0,0,0,0,1,2,0,1,0,0,0,0,0,0,0,0,0,5,0,2,0,0,0,1,0,0,1,2,2,0,0,0,1,2,0,0,1,0,0,0,1,0,1,2,0,0,0,0,0,1,0,0,0,0,0,0,0,0,0,0,0,0,0,0,0,1,2,2,1,2,0,0,0,0,0,3,0,0,0,0,0,0,0,0,0,0,0,0,5,0,49,3,3,1,46.5,0.000,0.000,,,,,,,,,,,,,,,,,,,,,,,,,,,,,,,,,,3.0
RPath,1548,walkways,49.488,HMAC,1,2,2,1,2,0,1,2,0,0,0,0,1,2,2,1,2,0,0,0,0,0,0,0,0,5,0,2,0,0,0,0,0,0,1,2,0,0,0,0,1,0,0,0,1,0,0,0,0,0,1,0,0,0,0,0,0,1,0,0,0,0,0,0,0,0,0,0,0,0,0,0,0,1,2,2,1,2,2,0,0,0,0,3,0,0,0,0,0,0,0,0,0,0,0,0,5,0,51,3,3,5,49.5,0.515,0.515,,,,,0.303,,,0.030,,,,0.182,,,,,,,,,,,,,,,,,,,,,,15.0
RPath,1550,walkways,52.476,HMAC,1,2,2,1,2,0,1,2,0,0,0,0,1,2,2,1,2,0,0,0,0,0,0,0,0,5,0,2,0,0,0,0,0,0,1,2,0,0,0,0,1,0,0,0,1,0,0,0,0,0,1,2,0,0,0,0,0,1,0,0,0,0,0,0,0,0,0,0,0,0,0,0,0,1,2,0,1,2,2,0,0,0,5,3,0,0,0,0,0,0,0,0,0,0,0,0,5,0,56,3,3,4,52.5,0.286,0.286,,,,,0.257,,,0.029,,,,,,,,,,,,,,,,,,,,,,,,,,12.0
RPath,1552,walkways,33.093,HMAC,1,2,2,1,0,0,0,0,0,0,0,0,1,0,0,0,0,0,0,0,0,0,0,0,0,5,0,2,0,0,0,1,0,0,1,2,2,1,0,0,1,2,2,0,1,0,0,0,1,0,1,2,2,5,0,4,0,0,0,0,0,0,0,0,0,0,0,0,0,0,0,0,0,1,2,2,1,2,0,0,0,0,0,3,1,1,1,0,0,0,0,0,0,0,0,0,5,0,61,3,3,4,33.1,0.363,0.363,,,,,0.317,,,0.045,,,,,,,,,,,,,,,,,,,,,,,,,,12.0
RPath,1553,walkways,42.59,HMAC,1,2,2,1,2,0,1,2,0,0,0,0,1,0,0,1,2,0,0,0,0,0,0,0,0,5,0,2,0,0,0,1,2,0,1,2,2,0,0,0,1,2,0,0,1,2,0,0,1,0,1,2,2,0,0,0,0,1,0,0,0,0,0,0,0,0,0,0,0,0,0,0,0,1,0,0,1,2,0,0,0,0,0,3,0,0,0,0,0,0,0,0,0,0,0,0,5,0,55,3,3,5,42.1,0.997,0.997,,,,,0.961,,,,,,,,,,,,,0.036,,,,,,,,,,,,,,,,15.0
RPath,1555,walkways,42.23,HMAC,1,2,2,1,2,2,1,2,2,0,0,0,1,2,2,1,2,2,0,0,0,0,0,0,0,5,0,2,0,0,0,1,0,0,1,2,2,0,0,0,0,0,0,0,1,2,0,0,1,1,1,2,2,0,0,0,0,1,0,0,0,0,0,0,0,0,0,0,0,0,0,0,0,1,2,0,1,2,0,0,0,0,0,3,0,0,0,0,0,0,0,0,0,0,0,0,5,0,63,3,3,1,42.2,0.000,0.000,,,,,,,,,,,,,,,,,,,,,,,,,,,,,,,,,,3.0
RPath,1556,walkways,41.222,SS,1,2,2,1,2,2,1,2,2,0,0,0,1,2,2,1,2,2,0,0,0,0,0,0,0,5,0,2,0,0,0,1,0,0,1,2,2,0,0,0,1,0,0,0,1,2,0,0,1,0,1,2,0,0,0,0,0,1,0,0,0,0,0,0,1,0,0,0,0,0,0,0,0,1,2,0,1,0,0,0,0,0,5,3,0,0,0,0,0,0,0,0,0,0,0,0,5,0,65,4,3,1,41.2,0.000,0.000,,,,,,,,,,,,,,,,,,,,,,,,,,,,,,,,,,3.0
RPath,1542,walkways,38.799,SS,1,2,2,1,2,2,1,2,2,0,0,0,1,0,0,1,0,0,0,0,0,0,0,0,0,5,0,2,0,0,0,0,0,0,1,2,2,0,0,0,0,0,0,0,1,2,0,0,0,0,1,2,2,0,0,0,0,1,0,0,0,0,0,0,1,2,0,0,0,0,0,0,0,1,2,2,1,0,0,0,0,0,5,3,1,0,1,0,0,0,0,0,0,0,0,0,5,0,62,3,3,1,55.8,0.000,0.000,,,,,,,,,,,,,,,,,,,,,,,,,,,,,,,,,,3.0
RPath,1543,walkways,74.071,HMAC,1,2,2,1,2,0,0,0,0,0,0,0,1,2,0,0,0,0,1,0,0,0,0,0,0,5,0,2,0,0,0,0,0,0,1,2,0,0,0,0,0,0,0,0,0,0,0,0,0,0,1,0,0,0,0,0,0,1,0,0,0,0,0,0,1,0,0,0,0,0,0,0,0,1,2,0,1,0,0,0,0,0,0,3,1,1,1,0,0,0,0,0,0,0,0,0,5,0,40,2,2,3,74.1,0.203,0.203,,,,,0.162,,,,,,,,,,,0.041,,,,,,,,,,,,,,,,,,6.0
RPath,1601,walkways,40.417,HMAC,1,2,2,1,0,0,1,0,0,0,0,0,1,2,2,0,0,0,0,0,0,0,0,0,0,5,0,2,0,0,0,0,0,0,0,0,0,0,0,0,0,0,0,0,0,0,0,0,1,0,1,2,0,0,0,0,0,1,0,0,0,0,0,0,0,0,0,0,0,0,0,0,0,1,2,0,1,0,0,0,0,0,0,3,1,1,0,1,2,0,0,0,0,0,0,0,5,0,41,2,2,3,40.4,0.148,0.148,,,,,0.148,,,,,,,,,,,,,,,,,,,,,,,,,,,,,6.0
RPath,1602,walkways,44.894,SS,1,2,2,1,2,0,1,2,0,1,0,0,1,2,0,0,0,0,0,0,0,0,0,0,5,5,0,2,0,0,0,0,0,0,1,2,2,0,0,0,0,0,0,0,0,0,0,0,0,0,1,2,0,0,0,4,0,0,0,0,0,0,0,0,0,0,0,0,0,0,0,0,0,0,0,0,1,0,0,0,0,0,0,3,0,1,0,0,0,0,0,0,0,0,0,0,5,0,49,3,3,1,44.9,0.000,0.000,,,,,,,,,,,,,,,,,,,,,,,,,,,,,,,,,,3.0
RPath,1603,walkways,37.644,SS,1,2,2,1,2,0,1,2,0,1,0,0,1,2,0,0,0,0,0,0,0,0,0,0,0,5,0,2,0,0,0,0,0,0,1,2,2,0,0,0,0,0,0,0,0,0,0,0,0,0,1,2,0,0,0,0,0,1,0,0,0,0,0,0,0,0,0,0,0,0,0,0,0,0,0,0,1,0,0,0,0,0,5,3,0,1,0,0,0,0,0,0,0,0,0,0,5,0,46,3,2,1,37.6,0.000,0.000,,,,,,,,,,,,,,,,,,,,,,,,,,,,,,,,,,2.0
RPath,1604,walkways,53.349,HMAC,1,2,2,1,2,2,1,2,2,1,2,0,1,2,0,0,0,0,0,0,0,0,0,0,0,5,0,2,0,0,0,0,0,0,1,2,0,0,0,0,0,0,0,0,0,0,0,0,0,0,1,2,0,0,0,0,0,1,0,0,0,0,0,0,0,0,0,0,0,0,0,0,0,0,0,0,1,0,0,0,0,0,0,3,0,1,0,0,0,0,0,0,0,0,0,0,5,0,45,2,2,2,53.3,0.084,0.042,,,,0.056,,,,,,,,,,,,,,0.028,,,,,,,,,,,,,,,,4.0
RPath,1605,walkways,48.032,HMAC,1,2,2,1,2,2,1,2,0,1,0,0,1,0,0,0,0,0,0,0,0,0,0,0,0,5,0,2,0,0,0,0,0,0,1,2,0,0,0,0,0,0,0,0,0,0,0,0,0,0,1,2,0,0,0,0,0,1,0,0,0,0,0,0,0,0,0,0,0,0,1,0,0,1,0,0,1,0,0,0,0,0,5,3,0,1,0,0,0,0,0,0,0,0,0,0,5,0,46,3,2,2,48.0,0.187,0.047,,,,0.062,,,0.125,,,,,,,,,,,,,,,,,,,,,,,,,,,4.0
RPath,1606,walkways,42.89,SS,1,2,2,1,0,0,1,0,0,1,2,0,1,2,0,0,0,0,0,0,0,0,0,0,0,5,0,2,0,0,0,0,0,0,1,2,2,0,0,0,0,0,0,0,0,0,0,0,0,0,1,2,2,0,0,0,0,0,0,0,0,0,0,0,0,0,0,0,0,0,1,2,0,0,0,0,1,2,0,0,0,0,5,3,0,1,0,0,0,0,0,0,0,0,0,0,5,0,50,3,3,1,34.6,0.000,0.000,,,,,,,,,,,,,,,,,,,,,,,,,,,,,,,,,,3.0
RPath,1607,walkways,39.986,HMAC,1,2,2,1,0,0,1,0,0,1,2,0,1,2,0,0,0,0,0,0,0,0,0,0,0,5,0,2,0,0,0,0,0,0,1,2,2,0,0,0,0,0,0,0,0,0,0,0,0,0,1,2,0,0,0,0,0,1,0,0,0,0,0,0,0,0,0,0,0,0,1,2,0,0,0,0,1,2,0,0,0,0,0,3,0,1,0,0,0,0,0,0,0,0,0,0,5,0,44,2,2,2,38.1,0.157,0.039,,,,0.079,,,0.079,,,,,,,,,,,,,,,,,,,,,,,,,,,4.0
RPath,1608,walkways,13.996,HMAC,1,2,2,1,0,0,1,0,0,1,2,0,1,2,0,0,0,0,0,0,0,0,0,0,0,0,0,2,0,0,0,0,0,0,1,2,2,0,0,0,0,0,0,0,0,0,0,0,0,0,1,2,2,0,0,0,0,1,0,0,0,0,0,0,0,0,0,0,0,0,1,2,0,0,0,0,1,2,0,0,0,0,5,3,0,1,0,0,0,0,0,0,0,0,0,0,5,0,46,3,2,2,14.0,0.107,0.027,,,,0.107,,,,,,,,,,,,,,,,,,,,,,,,,,,,,,4.0
RPath,1647,walkways,40.483,HMAC,1,2,2,1,2,0,1,2,0,0,0,0,0,0,0,0,0,0,0,0,0,0,0,0,0,5,0,2,0,0,0,0,0,0,1,2,0,0,0,0,0,0,0,0,0,0,0,0,0,0,1,2,0,0,0,0,0,1,0,0,0,0,0,0,0,0,0,0,0,0,0,0,0,1,2,0,0,0,0,0,0,0,0,3,1,1,1,0,0,0,0,0,0,0,0,0,5,0,39,2,2,,,,,,,,,,,,,,,,,,,,,,,,,,,,,,,,,,,,,,
RPath,1678,walkways,31.108,HMAC,1,2,2,1,0,0,1,0,0,1,2,0,1,2,0,0,0,0,0,0,0,0,0,0,0,5,0,2,0,0,0,0,0,0,1,2,2,0,0,0,0,0,0,0,0,0,0,0,0,0,1,2,0,0,0,0,0,0,0,0,0,0,0,0,0,0,0,0,0,0,1,2,0,0,0,0,1,2,0,0,0,0,0,3,0,1,0,0,0,0,0,0,0,0,0,0,5,0,43,2,2,,,,,,,,,,,,,,,,,,,,,,,,,,,,,,,,,,,,,,
RPath,1679,walkways,46.594,HMAC,1,2,2,1,0,0,1,0,0,1,2,0,1,2,0,0,0,0,0,0,0,0,0,0,0,5,0,2,0,0,0,0,0,0,1,2,2,0,0,0,0,0,0,0,0,0,0,0,0,0,1,2,2,0,0,0,0,1,0,0,0,0,0,0,0,0,0,0,0,0,1,2,0,0,0,0,1,2,0,0,0,0,0,3,0,1,0,0,0,0,0,0,0,0,0,0,5,0,46,3,2,,,,,,,,,,,,,,,,,,,,,,,,,,,,,,,,,,,,,,
RPath,1554,walkways,37.139,HMAC,1,2,2,1,2,0,1,0,0,0,0,0,1,2,0,1,0,0,0,0,0,0,0,0,0,5,0,2,0,0,0,1,0,0,1,2,2,0,0,0,1,2,0,0,1,0,0,0,1,0,1,2,0,0,0,0,0,1,0,0,0,0,0,0,0,0,0,0,0,0,0,0,0,1,2,0,1,2,0,0,0,0,0,3,0,0,0,0,0,0,0,0,0,0,0,0,5,0,49,3,3,5,77.5,1.084,1.084,,,,,1.084,,,,,,,,,,,,,,,,,,,,,,,,,,,,,15.0
RPath,1865,walkways,76.205,HMAC,1,2,2,0,0,0,0,0,0,0,0,0,0,0,0,0,0,0,0,0,0,0,0,0,0,0,0,2,0,0,0,0,0,0,1,0,0,0,0,0,0,0,0,0,1,0,0,0,0,0,1,2,0,0,0,0,0,1,0,0,0,0,0,0,0,0,0,0,0,0,0,0,0,1,0,0,0,0,0,0,0,0,0,3,1,1,1,0,0,0,0,0,0,0,0,0,5,3,28,2,1,,,,,,,,,,,,,,,,,,,,,,,,,,,,,,,,,,,,,,
RPath,1878,walkways,68.888,SS,1,2,2,0,0,0,0,0,0,0,0,0,0,0,0,0,0,0,0,0,0,0,0,0,0,0,0,2,0,0,0,0,0,0,0,0,0,0,0,0,0,0,0,0,0,0,0,0,0,0,0,0,0,0,0,0,0,1,0,0,0,0,0,0,0,0,0,0,0,0,0,0,0,0,0,0,0,0,0,0,0,0,0,3,1,1,1,0,0,0,0,0,0,0,0,0,5,0,19,1,1,,,,,,,,,,,,,,,,,,,,,,,,,,,,,,,,,,,,,,
RPath,1879,walkways,72.061,SS,1,2,0,1,0,0,1,0,0,1,2,0,1,2,0,1,2,0,0,0,0,0,0,0,0,5,0,2,0,0,0,0,0,0,1,2,0,0,0,0,0,0,0,0,0,0,0,0,0,0,1,0,0,5,5,0,0,1,0,0,0,0,0,0,0,0,0,0,0,0,0,0,0,0,0,0,1,2,0,0,0,0,0,3,1,1,1,0,0,0,0,0,0,1,0,0,5,0,51,3,3,,,,,,,,,,,,,,,,,,,,,,,,,,,,,,,,,,,,,,
RPath,1880,walkways,50.577,SS,1,2,2,1,0,0,0,0,0,0,0,0,1,0,0,1,0,0,0,0,0,0,0,0,0,5,0,2,0,0,0,0,0,0,1,0,0,0,0,0,1,0,0,0,0,0,0,0,0,0,1,0,0,0,0,0,3,0,0,0,0,0,0,0,0,0,0,0,0,0,0,0,0,1,2,0,0,0,0,0,0,0,0,0,1,1,1,0,0,0,0,0,0,0,0,0,5,0,32,2,2,,,,,,,,,,,,,,,,,,,,,,,,,,,,,,,,,,,,,,
RPath,1881,walkways,39.766,SS,1,2,2,0,0,0,0,0,0,0,0,0,0,0,0,0,0,0,0,0,0,0,0,0,0,5,0,2,0,0,0,0,0,0,0,0,0,0,0,0,0,0,0,0,0,0,0,0,1,0,1,2,0,0,0,0,0,1,0,0,0,0,0,0,0,0,0,0,0,0,0,0,0,1,0,0,0,0,0,0,0,0,0,0,1,1,1,0,0,0,0,0,0,0,0,0,5,0,26,1,1,,,,,,,,,,,,,,,,,,,,,,,,,,,,,,,,,,,,,,
RPath,1882,walkways,49.858,SS,1,2,2,1,2,2,1,2,2,0,0,0,1,0,0,1,0,0,0,0,0,0,0,0,0,5,0,2,0,0,0,1,0,0,0,0,0,0,0,0,0,0,0,0,0,0,0,0,0,0,0,0,0,0,0,0,3,0,0,0,0,0,0,0,0,0,0,0,0,0,0,0,0,1,0,0,0,0,0,0,0,0,0,0,1,1,1,0,0,0,0,0,0,0,0,0,5,0,37,2,2,,,,,,,,,,,,,,,,,,,,,,,,,,,,,,,,,,,,,,
RPath,1883,walkways,55.867,SS,1,2,2,1,2,0,1,2,0,0,0,0,1,0,0,1,0,0,0,0,0,0,0,0,0,0,0,2,0,0,0,1,0,0,0,0,0,0,0,0,0,0,0,0,0,0,0,0,0,0,1,0,0,0,0,0,3,0,0,0,0,0,0,0,0,0,0,0,0,0,0,0,0,1,0,0,0,0,0,0,0,0,0,0,1,1,1,0,0,0,0,0,0,0,0,0,5,0,29,2,1,,,,,,,,,,,,,,,,,,,,,,,,,,,,,,,,,,,,,,
RPath,1884,walkways,168.968,SS,1,2,0,1,0,0,1,0,0,0,0,0,0,0,0,0,0,0,0,0,0,0,0,0,0,0,0,2,0,0,0,1,0,0,0,0,0,0,0,0,0,0,0,0,0,0,0,0,0,0,0,0,0,0,0,0,3,1,0,0,0,0,0,0,0,0,0,0,0,0,0,0,0,0,0,0,0,0,0,0,0,0,0,0,1,1,1,0,0,0,0,0,0,0,0,0,5,0,20,1,1,,,,,,,,,,,,,,,,,,,,,,,,,,,,,,,,,,,,,,
RPath,1885,walkways,41.287,HMAC,1,2,2,1,0,0,1,0,0,0,0,0,1,2,2,0,0,0,0,0,0,0,0,0,0,5,0,2,0,0,0,0,0,0,0,0,0,0,0,0,0,0,0,0,0,0,0,0,1,0,1,2,0,0,0,0,0,1,0,0,0,0,0,0,0,0,0,0,0,0,0,0,0,1,2,2,1,0,0,0,0,0,0,3,1,1,0,1,2,0,0,0,0,0,0,0,5,0,43,2,2,,,,,,,,,,,,,,,,,,,,,,,,,,,,,,,,,,,,,,
RPath,1886,walkways,41.673,SS,1,2,2,1,2,2,1,2,2,1,2,0,1,2,0,0,0,0,0,0,0,0,0,0,0,5,0,2,0,0,0,0,0,0,1,2,0,0,0,0,0,0,0,0,0,0,0,0,0,0,1,0,0,0,0,0,0,1,0,0,0,0,0,0,0,0,0,0,0,0,0,0,0,0,0,0,1,0,0,0,0,0,5,3,0,1,0,0,0,0,0,0,0,0,0,0,5,0,48,3,2,,,,,,,,,,,,,,,,,,,,,,,,,,,,,,,,,,,,,,
RPath,1887,walkways,36.652,SS,1,2,2,1,0,0,1,0,0,0,0,0,0,0,0,0,0,0,0,0,0,0,0,0,0,5,0,2,0,0,0,0,0,0,1,2,0,0,0,0,0,0,0,0,0,0,0,0,0,0,1,2,0,0,0,0,0,1,0,0,0,0,0,0,0,0,0,0,0,0,0,0,0,1,2,2,0,0,0,0,0,0,0,3,1,1,1,0,0,0,0,0,0,0,0,0,5,0,37,2,2,,,,,,,,,,,,,,,,,,,,,,,,,,,,,,,,,,,,,,
RPath,1460,walkways,29.567,CON,1,2,2,1,2,2,1,2,2,0,0,0,1,0,0,0,0,0,0,0,0,0,0,0,0,5,0,2,0,0,0,0,0,0,1,2,0,0,0,0,0,0,0,0,0,0,0,0,1,0,1,2,0,0,0,0,0,1,0,0,0,0,0,0,1,0,0,0,0,0,1,0,0,1,2,0,1,0,0,0,0,0,5,3,0,0,0,0,0,0,0,0,0,0,0,0,5,0,50,3,3,1,113.4,0.000,0.000,,,,,,,,,,,,,,,,,,,,,,,,,,,,,,,,,,3.0
RPath,2042,walkways,217.172,HMAC,1,2,0,0,0,0,0,0,0,0,0,0,0,0,0,0,0,0,0,0,0,0,0,0,0,0,0,2,0,0,0,0,0,0,0,0,0,0,0,0,0,0,0,0,0,0,0,0,0,0,1,2,2,0,5,0,0,1,0,0,0,0,0,0,0,0,0,0,0,0,0,0,0,1,0,0,0,0,0,0,0,0,0,0,1,1,1,0,0,0,0,0,0,0,0,0,0,3,23,1,1,,,,,,,,,,,,,,,,,,,,,,,,,,,,,,,,,,,,,,
PTrail,723,trails,47.984,Asphalt,1,2,2,0,0,0,0,0,0,0,0,0,0,0,0,0,0,0,0,0,0,0,0,0,0,5,0,0,0,0,0,0,0,0,0,0,0,0,0,0,0,0,0,0,0,0,0,0,0,0,0,0,0,0,0,0,0,0,1,2,0,0,0,0,0,0,0,0,0,0,0,0,0,0,0,0,0,0,0,0,0,0,0,0,1,1,1,0,0,0,0,0,0,0,0,0,5,0,21,1,1,,,,,,,,,,,,,,,,,,,,,,,,,,,,,,,,,,,,,,
PTrail,724,trails,216.818,Asphalt,1,2,2,0,0,0,0,0,0,0,0,0,0,0,0,0,0,0,0,0,0,0,0,0,0,5,0,0,0,0,0,0,0,0,0,0,0,0,0,0,0,0,0,0,0,0,0,0,0,0,0,0,0,0,0,0,0,0,1,2,2,0,0,0,0,0,0,0,0,0,0,0,0,0,0,0,0,0,0,0,0,0,0,0,1,1,1,0,0,0,0,0,0,0,0,0,5,0,23,1,1,,,,,,,,,,,,,,,,,,,,,,,,,,,,,,,,,,,,,,
PTrail,725,trails,60.956,Asphalt,1,2,2,1,2,0,1,2,0,0,0,0,1,2,2,1,2,2,0,0,0,1,2,0,5,5,0,0,0,0,0,0,0,0,1,2,2,0,0,0,0,0,0,0,1,2,0,0,1,1,1,2,2,0,0,0,0,0,0,0,0,0,0,0,0,0,0,0,0,0,1,0,0,1,2,2,1,2,0,0,0,0,0,0,1,0,0,1,2,2,0,0,0,1,2,2,5,0,74,4,4,,,,,,,,,,,,,,,,,,,,,,,,,,,,,,,,,,,,,,
PTrail,726,trails,68.613,Asphalt,1,2,2,1,2,0,1,2,0,0,0,0,1,2,2,1,2,0,0,0,0,1,2,2,0,5,0,0,0,0,0,0,0,0,1,2,2,0,0,0,0,0,0,0,1,2,0,0,1,0,1,2,0,0,0,0,0,0,0,0,0,0,0,0,0,0,0,0,0,0,1,0,0,1,2,2,1,0,0,0,0,0,0,0,1,0,0,1,2,2,0,0,0,1,2,2,5,0,64,4,3,,,,,,,,,,,,,,,,,,,,,,,,,,,,,,,,,,,,,,
PTrail,727,trails,94.787,Asphalt,1,2,2,1,2,0,1,2,0,0,0,0,1,2,2,1,2,0,0,0,0,1,2,2,0,5,0,0,0,0,0,0,0,0,1,2,2,0,0,0,0,0,0,0,1,2,0,0,1,0,1,2,0,5,5,0,0,0,0,0,0,0,0,0,0,0,0,0,0,0,1,2,0,1,2,0,1,0,0,0,0,0,0,0,1,0,0,1,2,0,0,0,0,1,2,0,5,0,70,4,4,,,,,,,,,,,,,,,,,,,,,,,,,,,,,,,,,,,,,,
PTrail,728,trails,10.564,Asphalt,1,2,2,1,2,0,1,2,0,0,0,0,1,2,2,1,2,0,0,0,0,1,2,2,0,5,0,0,0,0,0,0,0,0,1,2,2,0,0,0,0,0,0,0,1,2,0,0,1,0,1,2,0,0,0,0,0,0,0,0,0,0,0,0,0,0,0,0,0,0,1,0,0,1,2,0,1,0,0,0,0,0,0,0,1,0,0,1,2,0,0,0,0,1,2,0,5,0,58,3,3,,,,,,,,,,,,,,,,,,,,,,,,,,,,,,,,,,,,,,
PTrail,729,trails,47.873,Asphalt,1,2,2,1,2,0,1,2,0,0,0,0,1,2,2,1,2,0,0,0,0,1,2,2,0,5,0,0,0,0,0,0,0,0,1,2,2,0,0,0,0,0,0,0,1,2,0,0,1,0,1,2,0,0,0,0,0,0,0,0,0,0,0,0,0,0,0,0,0,0,1,2,0,1,2,0,1,0,0,0,0,0,0,0,1,0,0,1,2,0,0,0,0,1,2,0,5,0,60,3,3,,,,,,,,,,,,,,,,,,,,,,,,,,,,,,,,,,,,,,
PTrail,730,trails,79.697,Asphalt,1,2,2,1,2,0,1,2,0,0,0,0,1,2,2,1,2,0,0,0,0,1,2,2,0,5,0,0,0,0,0,0,0,0,1,2,2,0,0,0,0,0,0,0,1,2,0,0,1,0,1,2,0,0,0,0,0,0,0,0,0,0,0,0,0,0,0,0,0,0,1,2,0,1,2,0,1,0,0,0,0,0,0,0,1,0,0,1,2,0,0,0,0,1,2,0,5,0,60,3,3,,,,,,,,,,,,,,,,,,,,,,,,,,,,,,,,,,,,,,
PTrail,731,trails,57.971,Asphalt,1,2,2,1,2,2,1,2,2,0,0,0,1,2,2,1,2,0,0,0,0,1,2,2,0,5,0,0,0,0,0,0,0,0,1,2,2,0,0,0,0,0,0,0,1,2,0,0,0,0,1,2,0,0,0,0,0,0,0,0,0,0,0,0,0,0,0,0,0,0,1,2,0,1,2,0,1,0,0,0,0,0,0,0,1,0,0,1,2,0,0,0,0,1,2,0,5,0,63,3,3,,,,,,,,,,,,,,,,,,,,,,,,,,,,,,,,,,,,,,
PTrail,732,trails,115.255,Asphalt,1,2,2,1,2,2,1,2,2,0,0,0,1,2,2,1,2,0,0,0,0,1,2,2,0,5,0,0,0,0,0,0,0,0,1,2,2,0,0,0,0,0,0,0,1,2,0,0,1,0,1,2,0,0,0,0,0,0,0,0,0,0,0,0,0,0,0,0,0,0,1,2,0,1,2,0,1,2,0,0,0,0,0,0,1,0,0,1,2,0,0,0,0,1,2,0,5,0,66,4,3,,,,,,,,,,,,,,,,,,,,,,,,,,,,,,,,,,,,,,
PTrail,733,trails,12.249,Asphalt,1,2,2,1,2,2,1,2,2,0,0,0,1,2,0,1,0,0,0,0,0,1,2,0,0,5,0,0,0,0,0,0,0,0,1,2,0,0,0,0,0,0,0,0,1,0,0,0,0,0,1,2,0,0,0,0,0,0,0,0,0,0,0,0,0,0,0,0,0,0,1,2,0,1,2,0,1,2,0,0,0,0,0,0,1,0,0,1,2,0,0,0,0,1,0,0,5,0,53,3,3,,,,,,,,,,,,,,,,,,,,,,,,,,,,,,,,,,,,,,
PTrail,734,trails,142.263,Asphalt,1,2,2,1,2,2,1,2,2,0,0,0,1,2,2,1,0,0,0,0,0,1,2,2,0,5,0,0,0,0,0,0,0,0,1,2,2,0,0,0,0,0,0,0,1,0,0,0,0,0,1,2,2,0,0,0,0,0,0,0,0,0,0,0,0,0,0,0,0,0,1,2,0,1,2,0,1,2,2,0,0,0,0,0,1,0,0,1,2,0,0,0,0,1,0,0,5,0,63,3,3,,,,,,,,,,,,,,,,,,,,,,,,,,,,,,,,,,,,,,
PTrail,735,trails,8.911,Asphalt,1,2,2,1,2,0,1,2,0,0,0,0,1,2,2,1,2,0,0,0,0,1,2,2,0,5,0,0,0,0,0,0,0,0,1,2,2,0,0,0,0,0,0,0,1,2,0,0,1,0,1,2,0,0,0,0,0,0,0,0,0,0,0,0,0,0,0,0,0,0,1,2,0,1,2,0,1,0,0,0,0,0,0,0,1,0,0,1,2,0,0,0,0,1,2,0,5,0,60,3,3,,,,,,,,,,,,,,,,,,,,,,,,,,,,,,,,,,,,,,
PTrail,736,trails,19.188,Asphalt,1,2,2,1,2,0,1,2,0,0,0,0,1,2,2,0,0,0,0,0,0,1,2,2,0,5,0,0,0,0,0,0,0,0,1,2,2,0,0,0,0,0,0,0,1,0,0,0,0,0,1,2,2,0,0,0,0,0,0,0,0,0,0,0,0,0,0,0,0,0,1,2,0,1,2,0,1,2,2,0,0,0,0,0,1,0,0,1,0,0,0,0,0,0,0,0,5,0,55,3,3,,,,,,,,,,,,,,,,,,,,,,,,,,,,,,,,,,,,,,
PTrail,737,trails,37.068,Asphalt,1,2,2,1,2,0,1,2,0,0,0,0,1,2,2,0,0,0,0,0,0,1,2,2,0,5,0,0,0,0,0,1,0,0,1,2,2,0,0,0,0,0,0,0,1,0,0,0,0,0,1,2,2,0,0,0,0,0,0,0,0,0,0,0,1,0,0,0,0,0,1,2,0,1,2,0,1,2,2,0,0,0,0,0,1,0,0,1,0,0,0,0,0,0,0,0,5,0,57,3,3,,,,,,,,,,,,,,,,,,,,,,,,,,,,,,,,,,,,,,
PTrail,738,trails,21.035,Asphalt,1,2,2,1,2,2,1,2,0,0,0,0,1,2,2,0,0,0,0,0,0,1,2,2,0,5,0,0,0,0,0,1,0,0,1,2,2,0,0,0,0,0,0,0,1,0,0,0,0,0,1,2,2,0,0,0,0,0,0,0,0,0,0,0,1,0,0,0,0,0,1,2,0,1,2,0,1,2,2,0,0,0,0,0,1,0,0,1,0,0,0,0,0,0,0,0,5,0,59,3,3,,,,,,,,,,,,,,,,,,,,,,,,,,,,,,,,,,,,,,
PTrail,739,trails,5.89,Asphalt,1,2,2,1,2,2,1,2,2,0,0,0,1,2,0,1,0,0,0,0,0,1,2,0,0,5,0,0,0,0,0,0,0,0,1,2,0,0,0,0,0,0,0,0,1,0,0,0,0,0,1,2,0,0,0,0,0,0,0,0,0,0,0,0,0,0,0,0,0,0,1,2,0,1,2,0,1,2,0,0,0,0,0,0,1,0,0,1,2,0,0,0,0,1,0,0,5,0,53,3,3,,,,,,,,,,,,,,,,,,,,,,,,,,,,,,,,,,,,,,
PTrail,740,trails,18.51,Asphalt,1,2,2,1,2,2,1,2,0,0,0,0,1,2,2,0,0,0,0,0,0,1,2,2,0,5,0,0,0,0,0,1,0,0,1,2,2,0,0,0,0,0,0,0,1,0,0,0,0,0,1,2,2,5,0,0,3,1,0,0,0,0,0,0,1,0,0,0,0,0,1,2,0,1,2,0,1,2,2,0,0,0,0,3,1,0,0,1,0,0,0,0,0,0,0,0,5,0,71,4,4,,,,,,,,,,,,,,,,,,,,,,,,,,,,,,,,,,,,,,
PTrail,741,trails,29.178,Asphalt,1,2,2,1,2,2,1,2,0,0,0,0,1,2,2,1,0,0,0,0,0,1,2,2,0,5,0,0,0,0,0,1,0,0,1,2,2,0,0,0,0,0,0,0,1,0,0,0,0,0,1,2,2,5,0,0,3,0,0,0,0,0,0,0,1,0,0,0,0,0,1,2,0,1,2,0,1,2,2,0,0,0,0,3,1,0,0,1,0,0,0,0,0,0,0,0,5,0,71,4,4,,,,,,,,,,,,,,,,,,,,,,,,,,,,,,,,,,,,,,
PTrail,742,trails,43.792,Asphalt,1,2,2,1,2,2,1,2,2,0,0,0,1,2,0,1,0,0,0,0,0,1,2,0,0,5,0,0,0,0,0,0,0,0,1,2,0,0,0,0,0,0,0,0,1,0,0,0,0,0,1,2,0,0,0,0,0,0,0,0,0,0,0,0,0,0,0,0,0,0,1,0,0,1,2,0,1,2,0,0,0,0,0,0,1,0,0,1,2,0,0,0,0,1,0,0,5,0,51,3,3,,,,,,,,,,,,,,,,,,,,,,,,,,,,,,,,,,,,,,
PTrail,743,trails,50.083,Asphalt,1,2,2,1,2,0,1,2,0,0,0,0,1,2,0,1,0,0,0,0,0,1,2,0,0,5,0,2,0,0,0,0,0,0,1,2,0,0,0,0,0,0,0,0,1,0,0,0,0,0,1,2,0,0,0,0,0,1,0,0,0,0,0,0,0,0,0,0,0,0,1,0,0,1,2,0,1,2,0,0,0,0,0,0,1,0,0,1,2,0,0,0,0,1,0,0,5,0,50,3,3,,,,,,,,,,,,,,,,,,,,,,,,,,,,,,,,,,,,,,
PTrail,744,trails,45.123,Asphalt,1,2,2,1,2,0,1,2,0,0,0,0,1,2,2,0,0,0,0,0,0,1,2,2,0,5,0,0,0,0,0,0,0,0,1,2,2,0,0,0,0,0,0,0,1,0,0,0,0,0,1,2,2,5,0,0,3,0,0,0,0,0,0,0,0,0,0,0,0,0,1,2,0,1,2,2,1,2,2,0,0,0,0,3,1,0,0,1,0,0,0,0,0,0,0,0,5,0,68,4,4,,,,,,,,,,,,,,,,,,,,,,,,,,,,,,,,,,,,,,
PTrail,745,trails,143.169,Asphalt,1,2,2,1,2,0,1,2,0,0,0,0,1,0,0,1,2,0,0,0,0,0,0,0,0,5,0,2,0,0,0,0,0,0,1,2,2,0,0,0,1,0,0,0,1,0,0,0,1,0,1,2,2,0,0,0,0,1,0,0,0,0,0,0,0,0,0,0,0,0,0,0,0,1,0,0,1,0,0,0,0,0,0,3,1,1,1,0,0,0,0,0,0,0,0,0,5,0,49,3,3,,,,,,,,,,,,,,,,,,,,,,,,,,,,,,,,,,,,,,
PTrail,746,trails,57.279,Asphalt,1,2,2,1,0,0,1,0,0,1,2,0,1,2,2,0,0,0,0,0,0,0,0,0,0,5,0,2,0,0,0,0,0,0,1,2,0,0,0,0,0,0,0,0,1,2,0,0,1,0,1,2,0,0,0,0,0,1,0,0,0,0,0,0,0,0,0,0,0,0,0,0,0,1,2,0,1,2,0,0,0,0,0,3,1,1,0,0,0,0,0,0,0,0,0,0,5,0,49,3,3,,,,,,,,,,,,,,,,,,,,,,,,,,,,,,,,,,,,,,
PTrail,747,trails,25.524,Asphalt,1,2,2,1,0,0,1,0,0,1,0,0,1,2,2,0,0,0,0,0,0,0,0,0,0,5,0,2,0,0,0,0,0,0,1,0,0,0,0,0,0,0,0,0,1,0,0,0,1,0,1,2,0,0,0,0,0,0,0,0,0,0,0,0,0,0,0,0,0,0,0,0,0,1,2,2,1,2,0,0,0,0,0,3,0,1,0,0,0,0,0,0,0,0,0,0,5,0,43,2,2,,,,,,,,,,,,,,,,,,,,,,,,,,,,,,,,,,,,,,
PTrail,748,trails,38.545,Asphalt,1,2,2,1,0,0,1,0,0,0,0,0,1,2,2,0,0,0,0,0,0,0,0,0,0,5,0,2,0,0,0,0,0,0,0,0,0,0,0,0,0,0,0,0,0,0,0,0,1,0,1,2,0,0,0,0,0,1,0,0,0,0,0,0,0,0,0,0,0,0,0,0,0,1,2,0,1,2,0,0,0,0,0,3,0,1,0,0,0,0,0,0,0,0,0,0,5,0,39,2,2,,,,,,,,,,,,,,,,,,,,,,,,,,,,,,,,,,,,,,
PTrail,749,trails,189.403,Asphalt,1,2,2,1,2,0,1,2,0,0,0,0,1,2,2,0,0,0,0,0,0,0,0,0,0,5,0,2,0,0,0,0,0,0,0,0,0,0,0,0,0,0,0,0,0,0,0,0,1,1,1,2,2,5,0,0,3,0,0,0,0,0,0,0,0,0,0,0,0,0,0,0,0,1,2,2,1,2,2,0,0,0,0,3,1,1,1,0,0,0,0,0,0,0,0,0,5,0,59,3,3,,,,,,,,,,,,,,,,,,,,,,,,,,,,,,,,,,,,,,
PTrail,750,trails,63.513,Asphalt,1,2,2,1,0,0,1,0,0,1,2,0,1,2,2,0,0,0,0,0,0,0,0,0,0,5,0,2,0,0,0,0,0,0,1,2,0,0,0,0,0,0,0,0,1,2,0,0,1,0,1,2,0,0,0,0,0,1,0,0,0,0,0,0,0,0,0,0,0,0,0,0,0,1,2,0,1,2,0,0,0,0,0,3,1,1,0,0,0,0,0,0,0,0,0,0,5,0,49,3,3,,,,,,,,,,,,,,,,,,,,,,,,,,,,,,,,,,,,,,
PTrail,751,trails,24.452,Asphalt,1,2,2,1,0,0,1,0,0,0,0,0,1,2,2,0,0,0,0,0,0,0,0,0,0,5,0,2,0,0,0,0,0,0,0,0,0,0,0,0,0,0,0,0,0,0,0,0,1,0,1,2,0,0,0,0,0,0,0,0,0,0,0,0,0,0,0,0,0,0,0,0,0,1,2,2,1,2,0,0,0,0,0,3,0,1,0,0,0,0,0,0,0,0,0,0,5,0,40,2,2,,,,,,,,,,,,,,,,,,,,,,,,,,,,,,,,,,,,,,
PTrail,752,trails,47.349,Asphalt,1,2,2,1,0,0,1,0,0,0,0,0,1,2,0,0,0,0,0,0,0,0,0,0,0,5,0,2,0,0,0,0,0,0,0,0,0,0,0,0,0,0,0,0,0,0,0,0,1,1,1,2,2,0,0,0,0,1,0,0,0,0,0,0,1,0,0,0,0,0,0,0,0,1,2,0,1,0,0,0,0,0,0,3,0,1,0,0,0,0,0,0,0,0,0,0,5,0,39,2,2,,,,,,,,,,,,,,,,,,,,,,,,,,,,,,,,,,,,,,
PTrail,753,trails,37.857,Asphalt,1,2,2,1,2,0,1,2,0,0,0,0,1,0,0,1,2,0,0,0,0,0,0,0,0,5,0,2,0,0,0,0,0,0,1,2,2,0,0,0,1,0,0,0,1,2,0,0,1,0,1,2,0,0,0,0,0,1,0,0,0,0,0,0,0,0,0,0,0,0,0,0,0,0,0,0,1,0,0,0,0,0,0,3,1,0,0,0,0,0,0,0,0,0,0,0,5,0,46,3,2,,,,,,,,,,,,,,,,,,,,,,,,,,,,,,,,,,,,,,
PTrail,754,trails,39.913,Asphalt,1,2,2,1,2,0,1,2,0,0,0,0,1,0,0,1,2,0,0,0,0,0,0,0,0,5,0,2,0,0,0,0,0,0,1,2,2,0,0,0,1,0,0,0,1,0,0,0,1,0,1,2,2,0,0,0,0,0,0,0,0,0,0,0,0,0,0,0,0,0,0,0,0,0,0,0,1,0,0,0,0,0,0,0,1,0,0,0,0,0,0,0,0,0,0,0,5,0,42,2,2,,,,,,,,,,,,,,,,,,,,,,,,,,,,,,,,,,,,,,
PTrail,755,trails,136.063,Asphalt,1,2,2,1,2,0,1,2,0,0,0,0,1,0,0,1,2,0,0,0,0,0,0,0,0,5,0,2,0,0,0,0,0,0,1,2,2,0,0,0,1,0,0,0,1,0,0,0,1,0,1,2,0,0,0,0,0,1,0,0,0,0,0,0,0,0,0,0,0,0,0,0,0,0,0,0,1,0,0,0,0,0,0,0,1,0,0,0,0,0,0,0,0,0,0,0,5,0,41,2,2,,,,,,,,,,,,,,,,,,,,,,,,,,,,,,,,,,,,,,
PTrail,756,trails,315.818,Asphalt,1,2,2,1,2,2,0,0,0,0,0,0,1,2,0,0,0,0,0,0,0,0,0,0,5,5,0,0,0,0,0,0,0,0,1,2,2,0,0,0,0,0,0,0,1,2,0,0,0,0,1,2,0,0,0,0,0,1,1,2,0,0,0,0,0,0,0,0,0,0,0,0,0,1,2,0,1,2,0,0,0,0,5,0,1,1,1,1,2,0,0,0,0,0,0,0,5,0,60,3,3,,,,,,,,,,,,,,,,,,,,,,,,,,,,,,,,,,,,,,
PTrail,757,trails,80.925,Asphalt,1,2,2,1,2,2,0,0,0,0,0,0,1,2,0,0,0,0,0,0,0,0,0,0,0,5,0,0,0,0,0,0,0,0,1,2,2,0,0,0,0,0,0,0,1,2,0,0,0,0,1,2,2,0,0,0,0,1,1,0,0,0,0,0,0,0,0,0,0,0,0,0,0,1,2,0,1,0,0,0,0,0,5,0,1,1,1,1,2,0,0,0,0,0,0,0,5,0,53,3,3,,,,,,,,,,,,,,,,,,,,,,,,,,,,,,,,,,,,,,
PTrail,758,trails,136.063,Asphalt,1,2,2,1,2,2,0,0,0,0,0,0,1,2,0,0,0,0,0,0,0,0,0,0,0,5,0,0,0,0,0,0,0,0,1,2,2,0,0,0,0,0,0,0,1,2,0,0,0,0,1,2,2,0,0,0,0,1,1,0,0,0,0,0,0,0,0,0,0,0,0,0,0,1,2,0,1,0,0,0,0,0,5,0,1,1,1,1,2,0,0,0,0,0,0,0,5,0,53,3,3,,,,,,,,,,,,,,,,,,,,,,,,,,,,,,,,,,,,,,
PTrail,759,trails,10.508,Asphalt,1,2,2,1,2,2,0,0,0,0,0,0,1,0,0,0,0,0,0,0,0,0,0,0,0,5,0,2,0,0,0,0,0,0,1,2,2,0,0,0,0,0,0,5,1,2,0,0,0,0,1,2,2,5,0,0,0,1,1,0,0,0,0,0,0,0,0,0,0,0,0,0,0,1,2,0,1,0,0,0,0,0,0,3,1,1,1,1,2,0,0,0,0,0,0,0,5,0,61,3,3,,,,,,,,,,,,,,,,,,,,,,,,,,,,,,,,,,,,,,
PTrail,760,trails,107.471,Asphalt,1,2,2,1,2,2,0,0,0,0,0,0,1,2,0,0,0,0,0,0,0,0,0,0,0,5,0,0,0,0,0,0,0,0,1,2,2,0,0,0,0,0,0,5,1,2,0,0,0,0,1,2,2,5,0,0,0,1,1,0,0,0,0,0,0,0,0,0,0,0,0,0,0,1,2,0,1,0,0,0,0,0,0,3,1,1,1,1,2,0,0,0,0,0,0,0,5,0,61,3,3,,,,,,,,,,,,,,,,,,,,,,,,,,,,,,,,,,,,,,
PTrail,761,trails,36.754,Asphalt,1,2,2,1,2,2,0,0,0,0,0,0,1,0,0,0,0,0,0,0,0,0,0,0,0,5,0,0,0,0,0,0,0,0,1,2,2,0,0,0,0,0,0,5,1,2,0,0,0,0,1,2,2,5,0,0,0,1,1,0,0,0,0,0,0,0,0,0,0,0,0,0,0,1,2,0,1,0,0,0,0,0,5,3,1,1,1,1,2,0,0,0,0,0,0,0,5,0,64,4,3,,,,,,,,,,,,,,,,,,,,,,,,,,,,,,,,,,,,,,
PTrail,762,trails,95.876,Asphalt,1,2,2,0,0,0,0,0,0,0,0,0,0,0,0,0,0,0,0,0,0,0,0,0,0,5,0,0,0,0,0,0,0,0,0,0,0,0,0,0,0,0,0,0,0,0,0,0,0,0,0,0,0,0,0,0,0,0,1,2,0,0,0,0,0,0,0,0,0,0,0,0,0,0,0,0,0,0,0,0,0,0,0,0,1,1,1,0,0,0,0,0,0,0,0,0,5,0,21,1,1,,,,,,,,,,,,,,,,,,,,,,,,,,,,,,,,,,,,,,
PTrail,763,trails,1815.092,Asphalt,1,2,2,0,0,0,0,0,0,0,0,0,1,2,0,0,0,0,0,0,0,0,0,0,0,5,3,0,0,0,0,0,0,0,1,2,0,0,0,0,0,0,0,0,1,2,0,0,0,0,0,0,0,0,5,0,0,0,0,0,0,0,0,0,0,0,0,0,0,0,0,0,0,0,0,0,1,2,0,0,0,0,0,0,1,1,1,0,0,0,0,0,0,0,0,0,5,0,38,2,2,,,,,,,,,,,,,,,,,,,,,,,,,,,,,,,,,,,,,,
PTrail,764,trails,420.843,Asphalt,1,2,2,0,0,0,0,0,0,0,0,0,0,0,0,0,0,0,0,0,0,0,0,0,0,5,0,0,0,0,0,0,0,0,0,0,0,0,0,0,0,0,0,0,0,0,0,0,0,0,0,0,0,0,0,0,0,0,1,2,0,0,0,0,0,0,0,0,0,0,0,0,0,0,0,0,0,0,0,0,0,0,0,0,1,1,1,0,0,0,0,0,0,0,0,0,5,0,21,1,1,,,,,,,,,,,,,,,,,,,,,,,,,,,,,,,,,,,,,,
PTrail,765,trails,17.89,Asphalt,1,2,2,1,2,0,1,2,0,0,0,0,1,2,2,1,2,0,0,0,0,1,2,2,0,5,0,0,0,0,0,0,0,0,1,2,2,0,0,0,0,0,0,0,1,2,0,0,1,0,1,2,0,0,0,0,0,0,0,0,0,0,0,0,0,0,0,0,0,0,1,2,0,1,2,0,1,0,0,0,0,0,0,0,1,0,0,1,2,0,0,0,0,1,2,0,5,0,60,3,3,,,,,,,,,,,,,,,,,,,,,,,,,,,,,,,,,,,,,,
PTrail,766,trails,8.166,Dirt,1,2,2,1,2,2,1,2,2,0,0,0,1,2,2,1,0,0,0,0,0,1,2,2,0,5,0,0,0,0,0,0,0,0,1,2,0,0,0,0,0,0,0,0,1,0,0,0,0,0,1,2,0,0,0,0,0,0,0,0,0,0,0,0,0,0,0,0,0,0,1,2,0,1,2,0,1,2,0,0,0,0,0,0,1,0,0,1,2,0,0,0,0,1,0,0,5,0,57,3,3,,,,,,,,,,,,,,,,,,,,,,,,,,,,,,,,,,,,,,
PTrail,767,trails,342.604,Asphalt,1,2,2,1,2,2,1,2,0,0,0,0,1,2,2,1,0,0,0,0,0,0,0,0,0,5,0,0,0,0,0,0,0,0,1,2,2,0,0,0,0,0,0,0,0,0,0,0,0,0,1,0,0,0,0,0,3,1,0,0,0,0,0,0,1,2,2,0,0,0,1,0,0,1,2,0,1,2,2,0,0,0,0,0,1,1,1,0,0,0,0,0,0,0,0,0,5,0,56,3,3,,,,,,,,,,,,,,,,,,,,,,,,,,,,,,,,,,,,,,
PTrail,768,trails,296.499,Asphalt,1,2,2,1,2,0,0,0,0,0,0,0,1,2,0,0,0,0,0,0,0,0,0,0,5,5,0,0,0,0,0,0,0,0,1,2,2,0,0,0,0,0,0,0,1,0,0,0,0,0,1,2,0,0,0,0,0,0,1,2,0,0,0,0,0,0,0,0,0,0,0,0,0,1,2,0,1,2,0,0,0,0,0,0,1,1,1,1,0,0,0,0,0,0,0,0,5,0,48,3,2,,,,,,,,,,,,,,,,,,,,,,,,,,,,,,,,,,,,,,
PTrail,769,trails,25.551,Asphalt,1,2,2,1,2,0,0,0,0,0,0,0,1,2,2,0,0,0,0,0,0,0,0,0,0,5,0,0,0,0,0,0,0,0,1,0,0,0,0,0,0,0,0,0,0,0,0,0,0,0,1,2,0,0,0,0,0,0,1,2,2,0,0,0,0,0,0,0,0,0,0,0,0,1,2,2,1,0,0,0,0,0,0,0,1,0,1,1,2,0,0,0,0,0,0,0,5,0,43,2,2,,,,,,,,,,,,,,,,,,,,,,,,,,,,,,,,,,,,,,
PTrail,770,trails,20.755,Asphalt,1,2,2,1,2,0,0,0,0,0,0,0,1,2,2,0,0,0,0,0,0,0,0,0,0,5,0,0,0,0,0,0,0,0,1,0,0,0,0,0,0,0,0,0,1,0,0,0,0,0,1,2,2,0,0,0,0,0,1,2,2,0,0,0,0,0,0,0,0,0,0,0,0,1,2,2,1,0,0,0,0,0,0,0,1,0,1,1,2,2,0,0,0,0,0,0,5,0,48,3,2,,,,,,,,,,,,,,,,,,,,,,,,,,,,,,,,,,,,,,
PTrail,771,trails,108.876,Asphalt,1,2,2,1,2,2,0,0,0,0,0,0,1,2,2,0,0,0,0,0,0,0,0,0,0,5,0,0,0,0,0,0,0,0,0,0,0,0,0,0,0,0,0,0,0,0,0,0,0,0,1,2,0,0,0,0,0,0,1,2,2,0,0,0,0,0,0,0,0,0,0,0,0,1,2,2,1,0,0,0,0,0,0,0,1,0,1,1,2,0,0,0,0,0,0,0,5,0,44,2,2,,,,,,,,,,,,,,,,,,,,,,,,,,,,,,,,,,,,,,
PTrail,772,trails,62.088,Asphalt,1,2,2,1,2,2,0,0,0,0,0,0,1,2,2,0,0,0,0,0,0,0,0,0,0,5,0,0,0,0,0,0,0,0,0,0,0,0,0,0,0,0,0,0,0,0,0,0,0,0,1,2,0,0,0,0,0,0,1,2,0,0,0,0,0,0,0,0,0,0,0,0,0,1,2,0,1,0,0,0,0,0,0,0,1,0,1,1,2,0,0,0,0,0,0,0,5,0,40,2,2,,,,,,,,,,,,,,,,,,,,,,,,,,,,,,,,,,,,,,
PTrail,773,trails,153.349,Asphalt,1,2,2,1,2,2,0,0,0,0,0,0,1,2,2,0,0,0,0,0,0,0,0,0,0,5,0,0,0,0,0,0,0,0,0,0,0,0,0,0,0,0,0,0,0,0,0,0,0,0,1,2,0,0,0,0,0,0,1,2,0,0,0,0,0,0,0,0,0,0,0,0,0,1,2,0,1,0,0,0,0,0,0,0,1,0,1,1,2,0,0,0,0,0,0,0,5,0,40,2,2,,,,,,,,,,,,,,,,,,,,,,,,,,,,,,,,,,,,,,
PTrail,774,trails,82.458,Asphalt,1,2,2,1,2,2,0,0,0,0,0,0,1,2,2,0,0,0,0,0,0,0,0,0,0,5,0,0,0,0,0,0,0,0,0,0,0,0,0,0,0,0,0,0,0,0,0,0,0,0,1,2,0,0,0,0,0,0,1,2,0,0,0,0,0,0,0,0,0,0,0,0,0,1,2,0,1,2,0,0,0,0,0,0,1,0,1,1,2,0,0,0,0,0,0,0,5,0,42,2,2,,,,,,,,,,,,,,,,,,,,,,,,,,,,,,,,,,,,,,
PTrail,775,trails,30.163,Asphalt,1,2,2,1,2,2,0,0,0,0,0,0,1,2,2,0,0,0,0,0,0,0,0,0,0,5,0,0,0,0,0,0,0,0,0,0,0,0,0,0,0,0,0,0,0,0,0,0,0,0,1,2,0,0,0,0,0,0,1,2,0,0,0,0,0,0,0,0,0,0,0,0,0,1,2,0,1,2,0,0,0,0,0,0,1,0,1,1,0,0,0,0,0,0,0,0,5,0,40,2,2,,,,,,,,,,,,,,,,,,,,,,,,,,,,,,,,,,,,,,
PTrail,776,trails,76.649,Asphalt,1,2,2,1,2,2,0,0,0,0,0,0,1,2,2,0,0,0,0,0,0,0,0,0,0,5,0,0,0,0,0,0,0,0,0,0,0,0,0,0,0,0,0,0,0,0,0,0,0,0,1,2,0,0,0,0,0,0,1,2,0,0,0,0,0,0,0,0,0,0,0,0,0,1,2,0,1,2,0,0,0,0,0,0,1,0,1,1,0,0,0,0,0,0,0,0,5,0,40,2,2,,,,,,,,,,,,,,,,,,,,,,,,,,,,,,,,,,,,,,
PTrail,777,trails,15.233,Asphalt,1,2,2,1,2,2,0,0,0,0,0,0,1,2,0,0,0,0,0,0,0,0,0,0,0,5,0,0,0,0,0,0,0,0,0,0,0,0,0,0,0,0,0,0,0,0,0,0,0,0,1,2,0,0,0,0,0,0,1,0,0,0,0,0,0,0,0,0,0,0,0,0,0,1,2,0,1,2,0,0,0,0,0,0,1,0,1,1,0,0,0,0,0,0,0,0,5,0,36,2,2,,,,,,,,,,,,,,,,,,,,,,,,,,,,,,,,,,,,,,
PTrail,778,trails,176.643,Asphalt,1,2,2,1,0,0,0,0,0,0,0,0,1,2,0,0,0,0,0,0,0,0,0,0,0,5,0,2,0,0,0,0,0,0,0,0,0,0,0,0,0,0,0,5,0,0,0,0,0,0,1,0,0,5,0,0,3,1,0,0,0,0,0,0,0,0,0,0,0,0,0,0,0,0,0,0,0,0,0,0,0,0,0,0,1,0,1,0,0,0,0,0,0,0,0,0,5,0,38,2,2,,,,,,,,,,,,,,,,,,,,,,,,,,,,,,,,,,,,,,
PTrail,779,trails,731.61,Asphalt,1,2,2,1,2,2,0,0,0,0,0,0,1,2,2,0,0,0,0,0,0,0,0,0,5,5,0,0,0,0,0,0,0,0,1,0,0,0,0,0,0,0,0,0,0,0,0,0,0,0,1,2,0,0,0,0,0,0,1,2,2,0,0,0,0,0,0,0,0,0,0,0,0,1,2,0,1,0,0,0,0,0,0,0,1,1,1,1,0,0,0,0,0,0,0,0,5,0,47,3,2,,,,,,,,,,,,,,,,,,,,,,,,,,,,,,,,,,,,,,
PTrail,780,trails,18.696,Asphalt,1,2,2,1,2,2,0,0,0,0,0,0,1,2,2,0,0,0,0,0,0,0,0,0,0,5,0,0,0,0,0,0,0,0,0,0,0,0,0,0,0,0,0,0,0,0,0,0,0,0,1,2,0,0,0,0,0,0,1,2,0,0,0,0,0,0,0,0,0,0,0,0,0,1,2,0,1,2,0,0,0,0,0,0,1,0,1,1,2,0,0,0,0,0,0,0,5,0,42,2,2,,,,,,,,,,,,,,,,,,,,,,,,,,,,,,,,,,,,,,
PTrail,781,trails,60.311,Asphalt,1,2,2,1,2,2,0,0,0,0,0,0,1,2,2,0,0,0,0,0,0,0,0,0,0,5,0,0,0,0,0,0,0,0,0,0,0,0,0,0,0,0,0,0,0,0,0,0,0,0,1,2,0,0,0,0,0,0,1,2,0,0,0,0,0,0,0,0,0,0,0,0,0,1,2,0,1,0,0,0,0,0,0,0,1,0,1,1,2,0,0,0,0,0,0,0,5,0,40,2,2,,,,,,,,,,,,,,,,,,,,,,,,,,,,,,,,,,,,,,
PTrail,782,trails,59.606,Asphalt,1,2,2,1,2,2,0,0,0,0,0,0,1,2,2,0,0,0,0,0,0,0,0,0,0,5,0,0,0,0,0,0,0,0,0,0,0,0,0,0,0,0,0,0,0,0,0,0,0,0,1,2,0,0,0,0,0,0,1,2,0,0,0,0,0,0,0,0,0,0,0,0,0,1,2,0,1,2,0,0,0,0,0,0,1,0,1,1,2,0,0,0,0,0,0,0,5,0,42,2,2,,,,,,,,,,,,,,,,,,,,,,,,,,,,,,,,,,,,,,
PTrail,783,trails,137.74,Asphalt,1,2,2,1,2,2,0,0,0,0,0,0,1,2,2,0,0,0,0,0,0,0,0,0,0,5,0,0,0,0,0,0,0,0,1,0,0,0,0,0,0,0,0,0,0,0,0,0,0,0,1,2,0,0,0,0,0,0,1,2,0,0,0,0,0,0,0,0,0,0,0,0,0,1,2,0,1,2,0,0,0,0,0,0,1,0,1,1,2,0,0,0,0,0,0,0,5,0,43,2,2,,,,,,,,,,,,,,,,,,,,,,,,,,,,,,,,,,,,,,
PTrail,784,trails,952.621,Asphalt,1,2,2,0,0,0,0,0,0,0,0,0,0,0,0,0,0,0,0,0,0,0,0,0,0,5,3,0,0,0,0,0,0,0,0,0,0,0,0,0,0,0,0,0,0,0,0,0,0,0,1,2,2,5,5,0,0,0,0,0,0,0,0,0,0,0,0,0,0,0,0,0,0,0,0,0,0,0,0,0,0,0,0,0,1,1,1,0,0,0,0,0,0,0,0,0,5,0,36,2,2,,,,,,,,,,,,,,,,,,,,,,,,,,,,,,,,,,,,,,
PTrail,785,trails,248.313,Asphalt,1,2,2,1,2,2,0,0,0,0,0,0,1,2,0,1,2,2,0,0,0,0,0,0,0,5,0,0,0,0,0,1,0,0,1,2,2,0,0,0,0,0,0,0,1,2,2,0,0,0,1,2,2,0,0,0,0,0,0,0,0,1,0,0,1,2,0,1,0,0,0,0,0,1,0,0,1,0,0,0,0,0,0,0,1,1,1,0,0,0,1,0,0,1,2,0,5,0,58,3,3,,,,,,,,,,,,,,,,,,,,,,,,,,,,,,,,,,,,,,
PTrail,786,trails,386.194,Asphalt,1,2,2,1,2,2,1,2,0,1,0,0,1,2,2,0,0,0,0,0,0,0,0,0,5,5,0,2,0,0,0,0,0,0,1,2,2,0,0,0,0,0,0,0,1,2,0,0,1,1,1,2,2,0,0,0,0,0,0,0,0,0,0,0,0,0,0,0,0,0,0,0,0,1,2,2,1,2,0,0,0,0,0,0,1,1,0,0,0,0,0,0,0,0,0,0,5,0,61,3,3,,,,,,,,,,,,,,,,,,,,,,,,,,,,,,,,,,,,,,
PTrail,787,trails,555.796,Asphalt,1,2,2,1,2,2,1,2,0,1,2,0,1,2,2,0,0,0,0,0,0,0,0,0,5,5,0,2,0,0,0,0,0,0,1,2,2,0,0,0,0,0,0,0,1,2,2,0,1,1,1,2,2,5,5,0,0,1,0,0,0,0,0,0,0,0,0,0,0,0,0,0,0,1,2,2,1,2,0,0,0,0,0,0,1,1,0,0,0,0,0,0,0,0,0,0,5,0,76,4,4,,,,,,,,,,,,,,,,,,,,,,,,,,,,,,,,,,,,,,
PTrail,788,trails,307.099,Asphalt,1,2,2,1,2,2,1,0,0,0,0,0,1,2,2,0,0,0,0,0,0,0,0,0,0,5,0,2,0,0,0,0,0,0,1,2,0,0,0,0,0,0,0,0,0,0,0,0,1,1,1,2,2,5,0,0,3,0,0,0,0,0,0,0,0,0,0,0,0,0,0,0,0,1,0,0,1,0,0,0,0,0,0,0,1,1,1,0,0,0,0,0,0,0,0,0,5,0,51,3,3,,,,,,,,,,,,,,,,,,,,,,,,,,,,,,,,,,,,,,
PTrail,789,trails,76.847,Asphalt,1,2,2,1,2,2,1,2,0,1,2,0,1,2,2,0,0,0,0,0,0,0,0,0,5,5,0,2,0,0,0,0,0,0,1,2,2,0,0,0,0,0,0,0,1,2,0,0,1,0,1,2,0,5,0,0,3,0,0,0,0,0,0,0,0,0,0,0,0,0,0,0,0,1,2,2,1,2,0,0,0,0,0,0,1,1,0,0,0,0,0,0,0,0,0,0,5,0,68,4,4,,,,,,,,,,,,,,,,,,,,,,,,,,,,,,,,,,,,,,
PTrail,790,trails,125.79,Asphalt,1,2,2,1,2,0,1,2,0,1,2,0,1,2,2,0,0,0,0,0,0,0,0,0,5,5,0,2,0,0,0,0,0,0,1,2,0,0,0,0,0,0,0,0,1,2,0,0,1,0,1,2,0,5,0,0,3,1,0,0,0,0,0,0,0,0,0,0,0,0,0,0,0,1,2,0,1,2,0,0,0,0,0,3,1,1,0,0,0,0,0,0,0,0,0,0,5,0,66,4,3,,,,,,,,,,,,,,,,,,,,,,,,,,,,,,,,,,,,,,
PTrail,791,trails,67.315,Asphalt,1,2,2,1,0,0,0,0,0,1,2,0,1,2,0,0,0,0,0,0,0,0,0,0,0,5,0,2,0,0,0,0,0,0,1,0,0,0,0,0,0,0,0,0,1,0,0,0,1,0,1,2,0,0,0,0,0,0,0,0,0,0,0,0,0,0,0,0,0,0,0,0,0,1,2,2,1,0,0,0,0,0,0,3,0,1,0,0,0,0,0,0,0,0,0,0,5,0,40,2,2,,,,,,,,,,,,,,,,,,,,,,,,,,,,,,,,,,,,,,
PTrail,792,trails,7.569,Asphalt,1,2,2,1,0,0,1,0,0,1,2,0,1,2,2,0,0,0,0,0,0,0,0,0,0,5,0,2,0,0,0,0,0,0,1,2,0,0,0,0,0,0,0,0,1,2,0,0,1,0,1,2,0,0,0,0,0,1,0,0,0,0,0,0,0,0,0,0,0,0,0,0,0,1,2,0,1,2,0,0,0,0,0,3,1,1,0,0,0,0,0,0,0,0,0,0,5,0,49,3,3,,,,,,,,,,,,,,,,,,,,,,,,,,,,,,,,,,,,,,
PTrail,793,trails,87.688,Asphalt,1,2,2,1,0,0,1,0,0,1,2,0,1,2,2,0,0,0,0,0,0,0,0,0,0,5,0,2,0,0,0,0,0,0,1,0,0,0,0,0,0,0,0,0,1,2,0,0,1,0,1,2,0,0,0,0,0,0,0,0,0,0,0,0,0,0,0,0,0,0,0,0,0,1,2,2,1,2,0,0,0,0,0,3,0,1,0,0,0,0,0,0,0,0,0,0,5,0,47,3,2,,,,,,,,,,,,,,,,,,,,,,,,,,,,,,,,,,,,,,
PTrail,794,trails,116.008,Asphalt,1,2,2,1,0,0,1,0,0,0,0,0,1,2,2,0,0,0,0,0,0,0,0,0,0,5,0,2,0,0,0,0,0,0,0,0,0,0,0,0,0,0,0,0,0,0,0,0,1,1,1,2,2,0,0,0,0,0,0,0,0,0,0,0,0,0,0,0,0,0,0,0,0,1,2,0,1,2,0,0,0,0,0,3,0,1,0,0,0,0,0,0,0,0,0,0,5,0,41,2,2,,,,,,,,,,,,,,,,,,,,,,,,,,,,,,,,,,,,,,
PTrail,795,trails,54.655,Asphalt,1,2,2,1,0,0,1,0,0,1,0,0,1,0,0,0,0,0,0,0,0,0,0,0,0,5,0,2,0,0,0,0,0,0,0,0,0,0,0,0,0,0,0,0,0,0,0,0,0,0,1,2,0,0,0,0,0,1,0,0,0,0,0,0,0,0,0,0,0,0,0,0,0,1,2,2,0,0,0,0,0,0,5,3,0,1,0,0,0,0,0,0,0,0,0,0,5,0,39,2,2,,,,,,,,,,,,,,,,,,,,,,,,,,,,,,,,,,,,,,
PTrail,796,trails,125.276,Asphalt,1,2,2,1,0,0,1,0,0,1,2,0,1,2,0,0,0,0,0,0,0,0,0,0,0,5,0,2,0,0,0,0,0,0,1,0,0,0,0,0,0,0,0,0,1,0,0,0,1,0,1,2,0,0,0,0,0,0,0,0,0,0,0,0,0,0,0,0,0,0,0,0,0,1,2,2,1,0,0,0,0,0,0,3,0,1,0,0,0,0,0,0,0,0,0,0,5,0,41,2,2,,,,,,,,,,,,,,,,,,,,,,,,,,,,,,,,,,,,,,
PTrail,797,trails,46.085,Asphalt,1,2,2,1,0,0,1,0,0,0,0,0,1,2,2,0,0,0,0,0,0,0,0,0,0,5,0,2,0,0,0,0,0,0,0,0,0,0,0,0,0,0,0,0,0,0,0,0,1,0,1,2,0,0,0,0,0,0,0,0,0,0,0,0,0,0,0,0,0,0,0,0,0,1,2,2,1,2,0,0,0,0,0,3,0,1,0,0,0,0,0,0,0,0,0,0,5,0,40,2,2,,,,,,,,,,,,,,,,,,,,,,,,,,,,,,,,,,,,,,
PTrail,798,trails,51.668,Asphalt,1,2,2,1,0,0,1,0,0,0,0,0,1,2,2,0,0,0,0,0,0,0,0,0,0,5,0,2,0,0,0,0,0,0,0,0,0,0,0,0,0,0,0,0,0,0,0,0,1,0,1,2,0,0,0,0,0,1,0,0,0,0,0,0,0,0,0,0,0,0,0,0,0,1,2,2,1,2,0,0,0,0,0,3,0,1,0,0,0,0,0,0,0,0,0,0,5,0,41,2,2,,,,,,,,,,,,,,,,,,,,,,,,,,,,,,,,,,,,,,
PTrail,799,trails,825.601,Asphalt,1,2,2,1,2,2,1,2,2,0,0,0,1,2,2,0,0,0,0,0,0,0,0,0,0,5,0,2,0,0,0,0,0,0,0,0,0,0,0,0,0,0,0,0,0,0,0,0,1,1,1,2,2,5,0,0,3,1,0,0,0,0,0,0,1,2,0,0,0,0,0,0,0,1,2,0,1,2,2,0,0,0,0,3,1,1,1,0,0,0,0,0,0,0,0,0,5,3,68,4,4,,,,,,,,,,,,,,,,,,,,,,,,,,,,,,,,,,,,,,
PTrail,800,trails,719.099,Asphalt,1,2,2,1,2,0,0,0,0,0,0,0,1,0,0,1,0,0,1,0,0,0,0,0,0,0,0,2,0,0,0,0,0,0,1,2,2,0,0,0,0,0,0,0,1,0,0,0,0,0,1,2,2,5,5,0,3,1,0,0,0,0,0,0,1,2,0,0,0,0,0,0,0,1,0,0,0,0,0,0,0,0,0,3,1,1,1,0,0,0,1,0,0,0,0,0,5,0,54,3,3,,,,,,,,,,,,,,,,,,,,,,,,,,,,,,,,,,,,,,
PTrail,801,trails,942.759,Asphalt,1,2,2,1,2,2,0,0,0,0,0,0,1,0,0,1,0,0,1,0,0,0,0,0,0,5,0,2,0,0,0,0,0,0,1,2,2,0,0,0,0,0,0,0,0,0,0,0,0,0,1,2,2,0,5,0,0,0,0,0,0,0,0,0,1,2,0,0,0,0,0,0,0,1,2,0,1,0,0,0,0,0,0,3,1,1,1,0,0,0,0,0,0,0,0,0,5,0,53,3,3,,,,,,,,,,,,,,,,,,,,,,,,,,,,,,,,,,,,,,
PTrail,802,trails,177.832,Asphalt,1,2,0,0,0,0,0,0,0,0,0,0,1,2,2,0,0,0,1,2,2,0,0,0,0,5,0,0,0,0,0,0,0,0,0,0,0,0,0,0,0,0,0,0,0,0,0,0,0,0,1,2,2,5,5,0,0,0,0,0,0,0,0,0,0,0,0,0,0,0,0,0,0,0,0,0,0,0,0,0,0,0,0,0,1,1,1,0,0,0,0,0,0,0,0,0,5,0,41,2,2,,,,,,,,,,,,,,,,,,,,,,,,,,,,,,,,,,,,,,
PTrail,803,trails,50.605,Asphalt,1,2,2,0,0,0,0,0,0,0,0,0,0,0,0,0,0,0,0,0,0,0,0,0,0,5,0,0,0,0,0,0,0,0,0,0,0,0,0,0,0,0,0,0,0,0,0,0,0,0,0,0,0,0,0,0,0,0,0,0,0,0,0,0,0,0,0,0,0,0,0,0,0,0,0,0,0,0,0,0,0,0,0,0,1,1,1,0,0,0,0,0,0,0,0,0,5,0,18,1,1,,,,,,,,,,,,,,,,,,,,,,,,,,,,,,,,,,,,,,
PTrail,804,trails,173.298,Asphalt,1,2,2,0,0,0,0,0,0,0,0,0,0,0,0,0,0,0,0,0,0,0,0,0,0,5,0,0,0,0,0,0,0,0,0,0,0,0,0,0,0,0,0,0,0,0,0,0,0,0,0,0,0,0,0,0,0,0,1,0,0,0,0,0,0,0,0,0,0,0,0,0,0,0,0,0,0,0,0,0,0,0,0,0,1,1,1,0,0,0,0,0,0,0,0,0,5,0,19,1,1,,,,,,,,,,,,,,,,,,,,,,,,,,,,,,,,,,,,,,
PTrail,805,trails,10.076,Asphalt,1,2,2,0,0,0,0,0,0,0,0,0,0,0,0,0,0,0,0,0,0,0,0,0,0,5,0,0,0,0,0,0,0,0,0,0,0,0,0,0,0,0,0,0,0,0,0,0,0,0,0,0,0,0,0,0,0,0,0,0,0,0,0,0,0,0,0,0,0,0,0,0,0,0,0,0,0,0,0,0,0,0,0,0,1,1,1,0,0,0,0,0,0,0,0,0,5,0,18,1,1,,,,,,,,,,,,,,,,,,,,,,,,,,,,,,,,,,,,,,
PTrail,806,trails,581.763,Asphalt,1,2,2,0,0,0,0,0,0,0,0,0,1,2,2,0,0,0,0,0,0,0,0,0,0,5,0,2,0,0,0,1,0,0,1,2,0,1,0,0,1,2,2,0,1,2,2,0,0,0,1,2,2,0,5,0,0,0,1,2,0,0,0,0,0,0,0,0,0,0,0,0,0,1,2,0,1,2,0,0,0,0,0,0,1,1,1,1,2,0,0,0,0,0,0,0,5,0,62,3,3,,,,,,,,,,,,,,,,,,,,,,,,,,,,,,,,,,,,,,
PTrail,807,trails,283.574,Asphalt,1,2,2,1,0,0,1,0,0,0,0,0,1,2,2,0,0,0,0,0,0,0,0,0,0,5,0,0,0,0,0,0,0,0,1,2,2,1,2,0,1,2,2,0,1,2,2,0,0,0,0,0,0,0,5,0,0,0,1,2,2,0,0,0,0,0,0,0,0,0,0,0,0,1,2,0,0,0,0,0,0,0,0,0,1,1,1,1,2,2,0,0,0,0,0,0,5,0,61,3,3,,,,,,,,,,,,,,,,,,,,,,,,,,,,,,,,,,,,,,
PTrail,808,trails,222.16,Asphalt,1,2,2,1,0,0,1,0,0,0,0,0,1,2,2,0,0,0,0,0,0,0,0,0,0,0,0,0,0,0,0,1,0,0,1,2,2,1,0,0,1,2,0,0,1,2,2,0,0,0,1,2,0,0,5,0,0,0,1,2,0,0,0,0,1,0,0,0,0,0,0,0,0,1,2,0,1,0,0,0,0,0,0,0,1,1,1,1,2,0,0,0,0,0,0,0,5,0,54,3,3,,,,,,,,,,,,,,,,,,,,,,,,,,,,,,,,,,,,,,
PTrail,809,trails,310.7,Asphalt,1,2,2,1,0,0,1,0,0,0,0,0,1,2,0,1,0,0,0,0,0,0,0,0,0,5,0,0,0,0,0,1,2,2,1,2,2,0,0,0,1,0,0,0,1,0,0,0,0,0,1,2,2,5,5,0,3,0,1,2,0,0,0,0,1,2,0,0,0,0,0,0,0,1,2,0,1,0,0,0,0,0,0,0,1,1,1,1,0,0,0,0,0,0,0,0,5,0,65,4,3,,,,,,,,,,,,,,,,,,,,,,,,,,,,,,,,,,,,,,
PTrail,810,trails,198.47,Asphalt,1,2,2,1,2,0,1,0,0,0,0,0,1,2,0,0,0,0,0,0,0,0,0,0,0,5,0,2,0,0,0,0,0,0,1,2,2,1,2,2,1,2,2,0,1,2,2,0,0,0,0,0,0,0,5,0,0,0,1,2,0,0,0,0,0,0,0,0,0,0,0,0,0,0,0,0,0,0,0,0,0,0,0,0,1,1,1,1,2,0,1,0,0,0,0,0,5,0,59,3,3,,,,,,,,,,,,,,,,,,,,,,,,,,,,,,,,,,,,,,
PTrail,811,trails,1162.004,Asphalt,1,2,2,1,2,0,1,2,0,0,0,0,1,2,2,0,0,0,0,0,0,1,0,0,0,5,3,0,0,0,0,1,2,2,1,2,2,1,2,0,1,2,2,0,1,2,2,0,1,1,1,2,2,5,5,4,0,1,0,0,0,0,0,0,0,0,0,0,0,0,0,0,0,1,2,2,1,2,0,0,0,0,5,3,1,1,1,1,2,0,0,0,0,0,0,0,5,0,97,5,5,,,,,,,,,,,,,,,,,,,,,,,,,,,,,,,,,,,,,,
PTrail,812,trails,565.097,Asphalt,1,2,0,1,2,0,0,0,0,1,2,2,1,2,2,1,2,2,0,0,0,0,0,0,5,0,0,2,0,0,0,1,2,2,1,2,2,0,0,0,1,0,0,0,1,2,2,0,0,0,1,2,2,0,5,0,0,1,0,0,0,0,0,0,0,0,0,0,0,0,1,2,0,1,2,0,0,0,0,0,0,0,0,0,1,1,1,0,0,0,0,0,0,0,0,0,5,0,69,4,4,,,,,,,,,,,,,,,,,,,,,,,,,,,,,,,,,,,,,,
PTrail,813,trails,149.387,Asphalt,1,2,2,1,2,2,1,0,0,0,0,0,0,0,0,1,0,0,0,0,0,0,0,0,0,5,0,0,0,0,0,0,0,0,1,2,2,0,0,0,0,0,0,0,0,0,0,0,1,1,1,2,2,5,5,0,0,1,0,0,0,0,0,0,0,0,0,0,0,0,0,0,0,0,0,0,1,2,2,0,0,0,0,0,1,1,1,1,2,0,1,2,2,0,0,0,5,0,61,3,3,,,,,,,,,,,,,,,,,,,,,,,,,,,,,,,,,,,,,,
PTrail,814,trails,118.39,Asphalt,1,2,2,1,2,0,0,0,0,0,0,0,1,0,0,0,0,0,0,0,0,0,0,0,0,5,3,0,0,0,0,0,0,0,1,2,2,0,0,0,0,0,0,0,1,0,0,0,0,0,1,2,2,0,5,0,0,1,0,0,0,0,0,0,0,0,0,0,0,0,0,0,0,1,0,0,1,2,2,0,0,0,5,0,1,1,1,0,0,0,0,0,0,0,0,0,5,0,53,3,3,,,,,,,,,,,,,,,,,,,,,,,,,,,,,,,,,,,,,,
PTrail,815,trails,8.169,Asphalt,1,2,2,1,2,0,1,2,0,0,0,0,1,2,2,0,0,0,0,0,0,1,2,2,0,5,0,0,0,0,0,0,0,0,1,2,2,0,0,0,0,0,0,0,1,0,0,0,0,0,1,2,2,0,0,0,0,0,0,0,0,0,0,0,0,0,0,0,0,0,1,2,0,1,2,0,1,2,2,0,0,0,0,0,1,0,0,1,0,0,0,0,0,0,0,0,5,0,55,3,3,,,,,,,,,,,,,,,,,,,,,,,,,,,,,,,,,,,,,,
PTrail,816,trails,124.832,Asphalt,1,2,2,0,0,0,0,0,0,0,0,0,0,0,0,0,0,0,0,0,0,0,0,0,0,5,0,0,0,0,0,0,0,0,0,0,0,0,0,0,0,0,0,0,0,0,0,0,0,0,0,0,0,0,0,0,0,0,0,0,0,0,0,0,0,0,0,0,0,0,0,0,0,0,0,0,0,0,0,0,0,0,0,0,1,1,1,0,0,0,0,0,0,0,0,0,5,0,18,1,1,,,,,,,,,,,,,,,,,,,,,,,,,,,,,,,,,,,,,,
PTrail,817,trails,18.089,Asphalt,1,2,2,0,0,0,0,0,0,0,0,0,0,0,0,0,0,0,0,0,0,0,0,0,0,5,0,0,0,0,0,0,0,0,0,0,0,0,0,0,0,0,0,0,0,0,0,0,0,0,0,0,0,0,0,0,0,0,0,0,0,0,0,0,0,0,0,0,0,0,0,0,0,0,0,0,0,0,0,0,0,0,0,0,1,1,1,0,0,0,0,0,0,0,0,0,5,0,18,1,1,,,,,,,,,,,,,,,,,,,,,,,,,,,,,,,,,,,,,,
PTrail,818,trails,71.963,Asphalt,1,2,2,0,0,0,0,0,0,0,0,0,0,0,0,0,0,0,0,0,0,0,0,0,0,0,0,2,0,0,0,0,0,0,0,0,0,0,0,0,0,0,0,0,0,0,0,0,0,0,0,0,0,0,0,0,0,1,0,0,0,0,0,0,0,0,0,0,0,0,0,0,0,0,0,0,0,0,0,0,0,0,0,3,1,1,1,0,0,0,0,0,0,0,0,0,5,0,19,1,1,,,,,,,,,,,,,,,,,,,,,,,,,,,,,,,,,,,,,,
PTrail,819,trails,9.498,Asphalt,1,2,0,0,0,0,0,0,0,0,0,0,0,0,0,0,0,0,0,0,0,0,0,0,0,0,0,0,0,0,0,0,0,0,1,0,0,0,0,0,0,0,0,0,1,0,0,0,0,0,1,2,2,5,5,0,0,0,0,0,0,0,0,0,0,0,0,0,0,0,0,0,0,0,0,0,0,0,0,0,0,0,0,0,1,1,1,0,0,0,0,0,0,0,0,0,0,3,26,1,1,,,,,,,,,,,,,,,,,,,,,,,,,,,,,,,,,,,,,,
PTrail,820,trails,75.527,Asphalt,1,2,0,0,0,0,0,0,0,0,0,0,0,0,0,0,0,0,0,0,0,0,0,0,0,0,0,0,0,0,0,0,0,0,1,0,0,0,0,0,0,0,0,0,1,0,0,0,0,0,1,2,2,5,5,0,0,0,0,0,0,0,0,0,0,0,0,0,0,0,0,0,0,0,0,0,0,0,0,0,0,0,0,0,1,1,1,0,0,0,0,0,0,0,0,0,0,3,26,1,1,,,,,,,,,,,,,,,,,,,,,,,,,,,,,,,,,,,,,,
PTrail,821,trails,58.926,Asphalt,1,2,2,0,0,0,0,0,0,0,0,0,0,0,0,0,0,0,0,0,0,0,0,0,0,0,0,0,0,0,0,0,0,0,1,2,0,0,0,0,0,0,0,0,1,2,0,0,0,0,1,2,2,0,0,0,0,0,0,0,0,0,0,0,0,0,0,0,0,0,0,0,0,0,0,0,0,0,0,0,0,0,0,0,1,1,1,0,0,0,0,0,0,0,0,0,0,3,22,1,1,,,,,,,,,,,,,,,,,,,,,,,,,,,,,,,,,,,,,,
PTrail,822,trails,226.68,Asphalt,1,2,2,0,0,0,0,0,0,0,0,0,0,0,0,0,0,0,0,0,0,0,0,0,0,0,0,0,0,0,0,0,0,0,1,2,2,0,0,0,0,0,0,0,1,2,2,0,0,0,1,2,2,5,5,0,0,0,0,0,0,0,0,0,0,0,0,0,0,0,0,0,0,0,0,0,0,0,0,0,0,0,0,0,1,1,1,0,0,0,0,0,0,0,0,0,0,3,36,2,2,,,,,,,,,,,,,,,,,,,,,,,,,,,,,,,,,,,,,,
PTrail,823,trails,73.017,Asphalt,1,2,0,0,0,0,0,0,0,0,0,0,0,0,0,0,0,0,0,0,0,0,0,0,0,0,0,2,0,0,0,0,0,0,1,0,0,0,0,0,0,0,0,0,1,0,0,0,0,0,1,2,2,0,0,0,0,0,0,0,0,0,0,0,0,0,0,0,0,0,0,0,0,0,0,0,0,0,0,0,0,0,0,0,1,1,1,0,0,0,0,0,0,0,0,0,5,3,23,1,1,,,,,,,,,,,,,,,,,,,,,,,,,,,,,,,,,,,,,,
PTrail,824,trails,289.94,Asphalt,1,2,2,0,0,0,0,0,0,0,0,0,0,0,0,0,0,0,0,0,0,0,0,0,0,0,0,2,0,0,0,0,0,0,1,2,0,0,0,0,0,0,0,0,1,2,0,0,0,0,1,2,2,0,0,0,0,0,0,0,0,0,0,0,0,0,0,0,0,0,0,0,0,0,0,0,0,0,0,0,0,0,0,0,1,1,1,0,0,0,0,0,0,0,0,0,5,3,29,2,1,,,,,,,,,,,,,,,,,,,,,,,,,,,,,,,,,,,,,,
PTrail,825,trails,2377.378,Asphalt,1,2,2,0,0,0,0,0,0,0,0,0,1,2,2,0,0,0,1,2,2,0,0,0,0,5,0,2,0,0,0,0,0,0,1,0,0,0,0,0,0,0,0,0,1,0,0,0,1,1,1,2,2,5,5,0,3,1,0,0,0,0,0,0,0,0,0,0,0,0,0,0,0,1,0,0,0,0,0,0,0,0,0,0,1,1,1,0,0,0,0,0,0,0,0,0,5,3,57,3,3,,,,,,,,,,,,,,,,,,,,,,,,,,,,,,,,,,,,,,
PTrail,826,trails,202.311,Asphalt,1,2,2,0,0,0,0,0,0,0,0,0,0,0,0,0,0,0,0,0,0,0,0,0,0,5,0,0,0,0,0,0,0,0,0,0,0,0,0,0,0,0,0,0,0,0,0,0,0,0,0,0,0,0,0,0,0,0,0,0,0,0,0,0,0,0,0,0,0,0,0,0,0,0,0,0,0,0,0,0,0,0,0,0,1,1,1,0,0,0,0,0,0,0,0,0,5,0,18,1,1,,,,,,,,,,,,,,,,,,,,,,,,,,,,,,,,,,,,,,
PTrail,827,trails,309.45,Asphalt,0,0,0,0,0,0,0,0,0,0,0,0,1,2,2,0,0,0,1,2,2,0,0,0,0,5,0,0,0,0,0,0,0,0,0,0,0,0,0,0,0,0,0,0,0,0,0,0,0,0,1,2,2,5,5,0,0,1,0,0,0,0,0,0,0,0,0,0,0,0,0,0,0,1,2,2,0,0,0,0,0,0,0,0,1,1,1,0,0,0,0,0,0,0,0,0,5,0,44,2,2,,,,,,,,,,,,,,,,,,,,,,,,,,,,,,,,,,,,,,
PTrail,828,trails,10.972,Asphalt,1,2,2,0,0,0,0,0,0,0,0,0,0,0,0,0,0,0,0,0,0,0,0,0,0,5,0,0,0,0,0,0,0,0,0,0,0,0,0,0,0,0,0,0,0,0,0,0,0,0,0,0,0,0,0,0,0,0,0,0,0,0,0,0,0,0,0,0,0,0,0,0,0,0,0,0,0,0,0,0,0,0,0,0,1,1,1,0,0,0,0,0,0,0,0,0,5,0,18,1,1,,,,,,,,,,,,,,,,,,,,,,,,,,,,,,,,,,,,,,
PTrail,829,trails,7.628,Asphalt,1,2,2,0,0,0,0,0,0,0,0,0,0,0,0,0,0,0,0,0,0,0,0,0,0,5,0,0,0,0,0,0,0,0,0,0,0,0,0,0,0,0,0,0,0,0,0,0,0,0,0,0,0,0,0,0,0,0,0,0,0,0,0,0,0,0,0,0,0,0,0,0,0,0,0,0,0,0,0,0,0,0,0,0,1,1,1,0,0,0,0,0,0,0,0,0,5,0,18,1,1,,,,,,,,,,,,,,,,,,,,,,,,,,,,,,,,,,,,,,
PTrail,830,trails,13.664,Asphalt,1,2,2,0,0,0,0,0,0,0,0,0,0,0,0,0,0,0,0,0,0,0,0,0,0,5,0,0,0,0,0,0,0,0,0,0,0,0,0,0,0,0,0,0,0,0,0,0,0,0,0,0,0,0,0,0,0,0,0,0,0,0,0,0,0,0,0,0,0,0,0,0,0,0,0,0,0,0,0,0,0,0,0,0,1,1,1,0,0,0,0,0,0,0,0,0,5,0,18,1,1,,,,,,,,,,,,,,,,,,,,,,,,,,,,,,,,,,,,,,
PTrail,831,trails,639.86,Asphalt,1,2,2,1,2,2,0,0,0,0,0,0,1,2,0,1,0,0,1,0,0,0,0,0,0,5,0,2,0,0,0,0,0,0,1,2,2,0,0,0,0,0,0,0,0,0,0,0,0,0,1,2,2,0,0,0,0,1,0,0,0,0,0,0,1,0,0,0,0,0,0,0,0,1,2,2,0,0,0,0,0,0,0,3,1,1,1,0,0,0,0,0,0,0,0,0,5,0,50,3,3,,,,,,,,,,,,,,,,,,,,,,,,,,,,,,,,,,,,,,
PTrail,832,trails,133.548,Asphalt,1,2,2,1,2,2,0,0,0,0,0,0,1,2,0,1,2,0,1,0,0,0,0,0,0,5,0,0,0,0,0,0,0,0,1,2,2,0,0,0,0,0,0,0,0,0,0,0,0,0,1,2,2,0,5,0,0,0,0,0,0,0,0,0,1,2,0,0,0,0,0,0,0,1,2,0,0,0,0,0,0,0,0,3,1,1,1,0,0,0,0,0,0,0,0,0,5,0,54,3,3,,,,,,,,,,,,,,,,,,,,,,,,,,,,,,,,,,,,,,
PTrail,833,trails,99.897,Asphalt,1,2,2,1,2,2,0,0,0,0,0,0,1,2,0,1,0,0,1,2,0,0,0,0,0,0,0,0,0,0,0,0,0,0,1,2,2,0,0,0,0,0,0,0,0,0,0,0,0,0,1,2,2,0,0,0,0,0,0,0,0,0,0,0,1,0,0,0,0,0,0,0,0,1,0,0,0,0,0,0,0,0,0,0,1,1,1,0,0,0,0,0,0,0,0,0,0,0,32,2,2,,,,,,,,,,,,,,,,,,,,,,,,,,,,,,,,,,,,,,
PTrail,834,trails,122.728,Asphalt,1,2,2,1,2,2,0,0,0,0,0,0,1,2,0,0,0,0,1,2,0,0,0,0,0,0,0,0,0,0,0,0,0,0,1,2,0,0,0,0,0,0,0,0,0,0,0,0,0,0,1,2,0,0,0,0,0,0,0,0,0,0,0,0,0,0,0,0,0,0,0,0,0,1,0,0,0,0,0,0,0,0,0,0,1,1,1,0,0,0,0,0,0,0,0,0,0,0,26,1,1,,,,,,,,,,,,,,,,,,,,,,,,,,,,,,,,,,,,,,
PTrail,835,trails,32.855,Asphalt,1,2,2,0,0,0,0,0,0,0,0,0,0,0,0,0,0,0,0,0,0,0,0,0,0,5,0,0,0,0,0,0,0,0,0,0,0,0,0,0,0,0,0,0,0,0,0,0,0,0,0,0,0,0,0,0,0,0,1,2,2,0,0,0,0,0,0,0,0,0,0,0,0,0,0,0,0,0,0,0,0,0,0,0,1,1,1,0,0,0,0,0,0,0,0,0,5,0,23,1,1,,,,,,,,,,,,,,,,,,,,,,,,,,,,,,,,,,,,,,
PTrail,836,trails,56.423,Asphalt,1,2,2,1,2,2,1,0,0,0,0,0,1,2,2,0,0,0,0,0,0,1,2,2,0,5,0,2,0,0,0,1,2,0,1,2,0,0,0,0,0,0,0,0,0,0,0,0,1,0,1,2,0,0,0,0,0,1,0,0,0,0,0,0,1,0,0,0,0,0,1,2,2,1,2,0,1,2,0,0,0,0,5,3,0,0,0,0,0,0,0,0,0,0,0,0,5,0,64,4,3,,,,,,,,,,,,,,,,,,,,,,,,,,,,,,,,,,,,,,
PTrail,837,trails,374.176,Asphalt,1,2,2,1,2,2,1,0,0,0,0,0,1,2,2,1,0,0,0,0,0,1,2,2,0,5,0,2,0,0,0,1,2,0,1,2,2,0,0,0,0,0,0,0,1,0,0,0,1,0,1,2,2,5,0,0,3,1,0,0,0,0,0,0,1,2,0,0,0,0,1,2,2,1,2,2,1,2,2,0,0,0,5,3,0,0,0,0,0,0,0,0,0,0,0,0,5,0,84,5,4,,,,,,,,,,,,,,,,,,,,,,,,,,,,,,,,,,,,,,
PTrail,838,trails,10.568,Asphalt,1,2,2,1,2,2,1,0,0,0,0,0,1,2,2,0,0,0,0,0,0,1,2,2,0,5,0,2,0,0,0,1,2,0,1,2,0,0,0,0,0,0,0,0,0,0,0,0,1,0,1,2,0,0,0,0,0,0,0,0,0,0,0,0,1,0,0,0,0,0,1,2,0,1,2,0,1,2,0,0,0,0,0,3,0,0,0,0,0,0,0,0,0,0,0,0,5,0,56,3,3,,,,,,,,,,,,,,,,,,,,,,,,,,,,,,,,,,,,,,
PTrail,839,trails,122.38,Asphalt,1,2,2,1,2,0,1,0,0,0,0,0,1,2,2,1,2,0,0,0,0,0,0,0,0,5,0,2,0,0,0,0,0,0,1,2,2,0,0,0,0,0,0,0,1,2,0,0,0,0,1,2,2,0,0,0,0,1,0,0,0,0,0,0,0,0,0,0,0,0,1,2,2,1,2,0,1,2,2,0,0,0,5,3,1,0,0,0,0,0,0,0,0,0,0,0,5,0,65,4,3,,,,,,,,,,,,,,,,,,,,,,,,,,,,,,,,,,,,,,
PTrail,840,trails,30.377,Asphalt,1,2,2,1,0,0,1,0,0,0,0,0,1,2,2,1,2,0,0,0,0,0,0,0,0,0,0,2,0,0,0,0,0,0,1,2,0,0,0,0,0,0,0,0,1,2,0,0,0,0,1,2,2,0,0,0,0,1,0,0,0,0,0,0,0,0,0,0,0,0,1,2,2,1,0,0,1,2,2,0,0,0,5,0,0,0,0,0,0,0,0,0,0,0,0,0,5,0,50,3,3,,,,,,,,,,,,,,,,,,,,,,,,,,,,,,,,,,,,,,
PTrail,841,trails,45.832,Asphalt,1,2,2,1,2,0,0,0,0,0,0,0,1,2,0,0,0,0,0,0,0,1,2,0,0,5,0,2,0,0,0,1,2,2,1,2,2,0,0,0,0,0,0,0,1,0,0,0,1,1,1,2,2,0,0,0,0,1,0,0,0,0,0,0,1,2,0,0,0,0,1,0,0,1,2,2,1,2,0,0,0,0,5,3,0,0,0,0,0,0,0,0,0,0,0,0,5,0,65,4,3,,,,,,,,,,,,,,,,,,,,,,,,,,,,,,,,,,,,,,
PTrail,842,trails,85.787,Asphalt,1,2,2,1,0,0,1,0,0,0,0,0,1,2,0,1,2,0,0,0,0,0,0,0,0,5,0,2,0,0,0,0,0,0,1,2,0,0,0,0,0,0,0,0,0,0,0,0,0,0,1,2,0,0,0,0,0,1,0,0,0,0,0,0,0,0,0,0,0,0,0,0,0,1,2,0,1,2,0,0,0,0,0,3,0,1,0,0,0,0,0,0,0,0,0,0,5,0,42,2,2,,,,,,,,,,,,,,,,,,,,,,,,,,,,,,,,,,,,,,
PTrail,843,trails,40.813,Asphalt,1,2,2,1,2,0,1,2,0,0,0,0,1,2,0,1,0,0,0,0,0,0,0,0,0,5,0,2,0,0,0,1,2,0,1,2,2,0,0,0,1,2,0,0,1,2,0,0,1,0,1,2,0,0,0,0,0,0,0,0,0,0,0,0,0,0,0,0,0,0,0,0,0,1,2,0,1,2,0,0,0,0,0,3,0,0,0,0,0,0,0,0,0,0,0,0,5,0,54,3,3,,,,,,,,,,,,,,,,,,,,,,,,,,,,,,,,,,,,,,
PTrail,844,trails,23.072,Asphalt,1,2,2,1,0,0,1,0,0,1,0,0,1,2,2,0,0,0,0,0,0,0,0,0,0,5,0,2,0,0,0,0,0,0,1,0,0,0,0,0,0,0,0,0,1,0,0,0,1,0,1,2,0,0,0,0,0,0,0,0,0,0,0,0,0,0,0,0,0,0,0,0,0,1,2,2,1,2,0,0,0,0,0,3,0,1,0,0,0,0,0,0,0,0,0,0,5,0,43,2,2,,,,,,,,,,,,,,,,,,,,,,,,,,,,,,,,,,,,,,
PTrail,845,trails,54.561,Asphalt,1,2,2,1,0,0,1,0,0,1,0,0,1,2,2,0,0,0,0,0,0,0,0,0,0,5,0,2,0,0,0,0,0,0,1,0,0,0,0,0,0,0,0,0,1,0,0,0,1,0,1,2,0,0,0,0,0,1,0,0,0,0,0,0,0,0,0,0,0,0,0,0,0,1,2,2,1,2,0,0,0,0,5,3,0,1,0,0,0,0,0,0,0,0,0,0,5,0,49,3,3,,,,,,,,,,,,,,,,,,,,,,,,,,,,,,,,,,,,,,
PTrail,846,trails,62.099,Asphalt,1,2,2,1,0,0,1,0,0,1,0,0,1,2,0,0,0,0,0,0,0,0,0,0,0,5,0,2,0,0,0,0,0,0,0,0,0,0,0,0,0,0,0,0,0,0,0,0,0,0,1,0,0,0,0,0,0,1,0,0,0,0,0,0,0,0,0,0,0,0,0,0,0,1,2,0,1,0,0,0,0,0,5,3,0,1,0,0,0,0,0,0,0,0,0,0,5,0,38,2,2,,,,,,,,,,,,,,,,,,,,,,,,,,,,,,,,,,,,,,
PTrail,847,trails,49.907,Asphalt,1,2,2,1,0,0,1,0,0,1,2,0,1,2,0,0,0,0,0,0,0,0,0,0,0,5,0,2,0,0,0,0,0,0,1,0,0,0,0,0,0,0,0,0,1,0,0,0,1,0,1,2,2,0,0,0,0,1,0,0,0,0,0,0,0,0,0,0,0,0,0,0,0,1,2,2,1,0,0,0,0,0,5,3,0,1,0,0,0,0,0,0,0,0,0,0,5,0,49,3,3,,,,,,,,,,,,,,,,,,,,,,,,,,,,,,,,,,,,,,
PTrail,848,trails,133.283,Asphalt,1,2,2,1,2,2,1,2,2,1,0,0,1,2,2,0,0,0,0,0,0,1,2,0,0,5,0,2,1,0,0,0,0,0,1,0,0,0,0,0,1,0,0,5,1,2,0,0,1,0,1,2,0,5,0,0,0,1,0,0,0,0,0,0,1,2,0,1,0,0,1,0,0,1,2,0,1,2,2,0,0,0,0,3,1,0,0,1,0,0,0,0,0,0,0,0,5,0,75,4,4,,,,,,,,,,,,,,,,,,,,,,,,,,,,,,,,,,,,,,
PTrail,849,trails,123.923,Asphalt,1,2,2,1,2,2,1,2,2,1,0,0,1,2,2,0,0,0,0,0,0,1,0,0,0,5,0,0,1,0,0,0,0,0,1,2,0,0,0,0,0,0,0,5,1,2,0,0,1,0,1,2,0,0,0,0,0,0,0,0,0,0,0,0,1,2,2,1,0,0,1,0,0,1,2,0,1,2,0,0,0,0,0,0,1,0,0,1,0,0,0,0,0,0,0,0,5,0,63,3,3,,,,,,,,,,,,,,,,,,,,,,,,,,,,,,,,,,,,,,
PTrail,850,trails,130.124,Asphalt,1,2,2,1,2,2,1,2,2,1,0,0,1,2,2,0,0,0,0,0,0,1,0,0,0,5,0,2,1,0,0,0,0,0,1,2,0,0,0,0,0,0,0,5,1,0,0,0,0,0,1,2,0,0,0,0,0,1,0,0,0,0,0,0,1,2,2,1,0,0,1,0,0,1,0,0,1,2,0,0,0,0,5,3,1,0,0,0,0,0,0,0,0,0,0,0,5,0,68,4,4,,,,,,,,,,,,,,,,,,,,,,,,,,,,,,,,,,,,,,
PTrail,851,trails,33.998,Asphalt,1,2,2,1,2,2,1,2,2,0,0,0,1,2,2,0,0,0,0,0,0,1,0,0,0,5,0,0,1,0,0,0,0,0,1,2,0,0,0,0,0,0,0,5,1,0,0,0,0,0,1,0,0,0,0,0,0,0,0,0,0,0,0,0,1,2,0,1,0,0,1,0,0,1,0,0,1,2,0,0,0,0,0,0,1,0,0,0,0,0,0,0,0,0,0,0,5,0,52,3,3,,,,,,,,,,,,,,,,,,,,,,,,,,,,,,,,,,,,,,
PTrail,852,trails,26.641,Concrete,1,2,2,1,2,2,1,2,2,1,0,0,1,2,2,0,0,0,0,0,0,1,2,0,0,5,0,0,0,0,0,0,0,0,1,0,0,0,0,0,0,0,0,5,1,0,0,0,1,0,1,2,0,0,0,0,0,0,0,0,0,0,0,0,1,2,0,1,0,0,1,0,0,1,0,0,1,2,0,0,0,0,0,0,1,0,0,1,0,0,0,0,0,0,0,0,5,0,56,3,3,,,,,,,,,,,,,,,,,,,,,,,,,,,,,,,,,,,,,,
PTrail,853,trails,26.851,Paver,1,2,2,1,2,2,1,2,2,1,0,0,1,2,2,0,0,0,0,0,0,1,2,0,0,5,0,0,0,0,0,0,0,0,1,0,0,0,0,0,0,0,0,5,1,0,0,0,1,0,1,2,0,0,0,0,0,0,0,0,0,0,0,0,1,2,0,1,0,0,1,0,0,1,0,0,1,2,0,0,0,0,0,0,1,0,0,1,0,0,0,0,0,0,0,0,5,0,56,3,3,,,,,,,,,,,,,,,,,,,,,,,,,,,,,,,,,,,,,,
PTrail,854,trails,28.307,Asphalt,1,2,2,1,2,2,1,2,2,1,0,0,1,2,2,0,0,0,0,0,0,1,2,0,0,5,0,2,0,0,0,0,0,0,1,0,0,0,0,0,0,0,0,5,1,0,0,0,1,0,1,2,0,0,0,0,0,1,0,0,0,0,0,0,1,2,0,1,0,0,1,0,0,1,0,0,1,2,0,0,0,0,0,3,1,0,0,1,0,0,0,0,0,0,0,0,5,0,62,3,3,,,,,,,,,,,,,,,,,,,,,,,,,,,,,,,,,,,,,,
PTrail,855,trails,19.295,Asphalt,1,2,2,1,2,2,1,2,2,1,0,0,1,2,2,0,0,0,0,0,0,1,0,0,0,5,0,0,1,0,0,0,0,0,1,0,0,0,0,0,0,0,0,5,1,2,0,0,1,0,1,2,0,0,0,0,0,0,0,0,0,0,0,0,1,2,0,1,0,0,1,0,0,1,2,0,1,2,0,0,0,0,0,0,1,0,0,1,0,0,0,0,0,0,0,0,5,0,59,3,3,,,,,,,,,,,,,,,,,,,,,,,,,,,,,,,,,,,,,,
PTrail,856,trails,41.604,Concrete,1,2,2,1,2,2,1,2,2,1,0,0,1,2,2,0,0,0,0,0,0,1,0,0,0,5,0,0,1,0,0,0,0,0,1,0,0,0,0,0,1,0,0,5,1,2,0,0,0,0,1,0,0,0,0,0,0,0,0,0,0,0,0,0,1,2,0,1,0,0,1,0,0,1,2,0,1,2,0,0,0,0,0,0,1,0,0,1,0,0,0,0,0,0,0,0,5,0,57,3,3,,,,,,,,,,,,,,,,,,,,,,,,,,,,,,,,,,,,,,
PTrail,857,trails,2.6,Concrete,1,2,2,1,2,2,1,2,2,1,0,0,1,2,2,0,0,0,0,0,0,1,0,0,0,5,0,0,1,0,0,0,0,0,1,0,0,0,0,0,0,0,0,5,1,2,0,0,0,0,1,0,0,0,0,0,0,0,0,0,0,0,0,0,1,2,0,1,0,0,1,0,0,1,2,0,1,2,0,0,0,0,0,0,1,0,0,1,0,0,0,0,0,0,0,0,5,0,56,3,3,,,,,,,,,,,,,,,,,,,,,,,,,,,,,,,,,,,,,,
PTrail,858,trails,11.697,Concrete,1,2,2,1,2,2,1,2,2,1,0,0,1,2,2,0,0,0,0,0,0,1,0,0,0,5,0,0,1,0,0,0,0,0,1,0,0,0,0,0,0,0,0,5,1,2,0,0,0,0,1,0,0,0,0,0,0,0,0,0,0,0,0,0,1,2,0,1,0,0,1,0,0,1,2,0,1,2,0,0,0,0,0,0,1,0,0,1,0,0,0,0,0,0,0,0,5,0,56,3,3,,,,,,,,,,,,,,,,,,,,,,,,,,,,,,,,,,,,,,
PTrail,859,trails,14.628,Asphalt,1,2,2,1,2,2,1,2,2,1,0,0,1,2,2,0,0,0,0,0,0,1,0,0,0,5,0,0,1,0,0,0,0,0,1,0,0,0,0,0,1,0,0,5,1,2,0,0,0,0,1,2,0,0,0,0,0,0,0,0,0,0,0,0,1,2,0,1,0,0,1,0,0,1,2,0,1,2,2,0,0,0,0,0,1,0,0,1,0,0,0,0,0,0,0,0,5,0,61,3,3,,,,,,,,,,,,,,,,,,,,,,,,,,,,,,,,,,,,,,
PTrail,860,trails,14.124,Asphalt,1,2,2,1,2,2,1,2,2,1,0,0,1,2,2,0,0,0,0,0,0,1,0,0,0,5,0,0,1,0,0,0,0,0,1,0,0,0,0,0,1,0,0,5,1,2,0,0,0,0,1,2,0,0,0,0,0,0,0,0,0,0,0,0,1,2,0,0,0,0,0,0,0,1,2,0,1,2,2,0,0,0,0,0,1,0,0,1,0,0,0,0,0,0,0,0,5,0,59,3,3,,,,,,,,,,,,,,,,,,,,,,,,,,,,,,,,,,,,,,
PTrail,861,trails,122.688,Asphalt,1,2,2,1,2,2,0,0,0,0,0,0,1,2,2,0,0,0,0,0,0,0,0,0,0,5,0,0,0,0,0,0,0,0,0,0,0,0,0,0,0,0,0,5,0,0,0,0,0,0,1,2,0,5,0,0,3,1,1,0,0,0,0,0,0,0,0,0,0,0,0,0,0,1,0,0,1,0,0,0,0,0,0,3,1,0,1,1,0,0,0,0,0,0,0,0,5,0,51,3,3,,,,,,,,,,,,,,,,,,,,,,,,,,,,,,,,,,,,,,
PTrail,862,trails,34.411,Asphalt,1,2,2,1,2,2,0,0,0,0,0,0,1,2,2,0,0,0,0,0,0,0,0,0,0,5,0,0,0,0,0,0,0,0,0,0,0,0,0,0,0,0,0,0,0,0,0,0,0,0,1,2,0,0,0,0,0,0,1,2,2,0,0,0,0,0,0,0,0,0,0,0,0,1,2,2,1,0,0,0,0,0,0,0,1,0,1,1,2,0,0,0,0,0,0,0,5,0,44,2,2,,,,,,,,,,,,,,,,,,,,,,,,,,,,,,,,,,,,,,
PTrail,863,trails,65.575,Asphalt,1,2,2,1,2,2,0,0,0,0,0,0,1,2,2,0,0,0,0,0,0,0,0,0,0,5,0,0,0,0,0,0,0,0,0,0,0,0,0,0,0,0,0,0,0,0,0,0,0,0,1,2,0,0,0,0,0,0,1,2,2,0,0,0,0,0,0,0,0,0,0,0,0,1,2,2,1,0,0,0,0,0,0,0,1,0,1,1,2,0,0,0,0,0,0,0,5,0,44,2,2,,,,,,,,,,,,,,,,,,,,,,,,,,,,,,,,,,,,,,
PTrail,864,trails,26.111,Asphalt,1,2,2,1,2,2,0,0,0,0,0,0,1,2,2,0,0,0,0,0,0,0,0,0,0,5,0,0,0,0,0,0,0,0,0,0,0,0,0,0,0,0,0,0,0,0,0,0,0,0,1,2,0,0,0,0,0,0,1,2,2,0,0,0,0,0,0,0,0,0,0,0,0,1,2,2,1,0,0,0,0,0,0,0,1,0,1,1,2,0,0,0,0,0,0,0,5,0,44,2,2,,,,,,,,,,,,,,,,,,,,,,,,,,,,,,,,,,,,,,
PTrail,865,trails,81.342,Asphalt,1,2,2,1,2,0,0,0,0,0,0,0,1,2,2,1,2,2,0,0,0,0,0,0,0,5,0,0,0,0,0,1,2,0,1,2,2,0,0,0,0,0,0,0,1,2,2,0,0,0,1,2,2,5,0,4,0,0,0,0,0,1,0,0,1,2,2,1,2,0,0,0,0,1,0,0,1,0,0,0,0,0,5,0,1,1,1,0,0,0,0,0,0,1,2,0,5,0,77,4,4,,,,,,,,,,,,,,,,,,,,,,,,,,,,,,,,,,,,,,
PTrail,866,trails,145.831,Asphalt,1,2,2,1,2,2,0,0,0,0,0,0,1,2,0,1,0,0,0,0,0,0,0,0,0,5,0,0,0,0,0,1,0,0,1,2,2,0,0,0,0,0,0,0,1,0,0,0,0,0,1,2,0,0,0,0,0,0,0,0,0,0,0,0,1,2,0,0,0,0,0,0,0,1,0,0,1,0,0,0,0,0,0,0,1,1,1,0,0,0,1,0,0,1,2,0,5,0,46,3,2,,,,,,,,,,,,,,,,,,,,,,,,,,,,,,,,,,,,,,
PTrail,867,trails,92.572,Asphalt,1,2,2,0,0,0,0,0,0,0,0,0,0,0,0,0,0,0,0,0,0,0,0,0,0,0,3,0,0,0,0,0,0,0,1,2,0,0,0,0,0,0,0,0,1,0,0,0,0,0,0,0,0,0,5,0,0,0,0,0,0,0,0,0,0,0,0,0,0,0,0,0,0,0,0,0,1,2,0,0,0,0,0,0,1,1,1,0,0,0,0,0,0,0,0,0,5,0,28,2,1,,,,,,,,,,,,,,,,,,,,,,,,,,,,,,,,,,,,,,
PTrail,868,trails,125.821,Asphalt,1,2,2,0,0,0,0,0,0,0,0,0,0,0,0,0,0,0,0,0,0,0,0,0,0,0,0,2,0,0,0,0,0,0,0,0,0,0,0,0,0,0,0,0,0,0,0,0,0,0,1,2,2,0,0,0,0,0,0,0,0,0,0,0,0,0,0,0,0,0,0,0,0,0,0,0,0,0,0,0,0,0,0,0,1,1,1,0,0,0,0,0,0,0,0,0,5,0,20,1,1,,,,,,,,,,,,,,,,,,,,,,,,,,,,,,,,,,,,,,
PTrail,869,trails,67.889,Asphalt,1,2,2,0,0,0,0,0,0,0,0,0,0,0,0,0,0,0,0,0,0,0,0,0,0,0,0,2,0,0,0,0,0,0,0,0,0,0,0,0,0,0,0,0,0,0,0,0,0,0,1,2,2,0,5,0,0,0,0,0,0,0,0,0,0,0,0,0,0,0,0,0,0,0,0,0,0,0,0,0,0,0,0,0,1,1,1,0,0,0,0,0,0,0,0,0,5,0,25,1,1,,,,,,,,,,,,,,,,,,,,,,,,,,,,,,,,,,,,,,
PTrail,870,trails,55.943,Asphalt,1,2,2,0,0,0,0,0,0,0,0,0,0,0,0,0,0,0,0,0,0,0,0,0,0,5,0,2,0,0,0,0,0,0,0,0,0,0,0,0,0,0,0,0,0,0,0,0,0,0,1,2,2,0,0,0,0,1,0,0,0,0,0,0,0,0,0,0,0,0,0,0,0,0,0,0,0,0,0,0,0,0,0,0,1,1,1,0,0,0,0,0,0,0,0,0,5,0,26,1,1,,,,,,,,,,,,,,,,,,,,,,,,,,,,,,,,,,,,,,
PTrail,871,trails,159.314,Asphalt,1,2,2,1,2,0,1,0,0,0,0,0,1,0,0,0,0,0,0,0,0,0,0,0,5,5,0,0,0,0,0,0,0,0,1,2,2,0,0,0,0,0,0,0,0,0,0,0,0,0,1,2,0,0,0,0,0,1,1,0,0,0,0,0,0,0,0,0,0,0,0,0,0,1,0,0,1,0,0,0,0,0,5,3,1,1,1,1,0,0,0,0,0,0,0,0,5,0,49,3,3,,,,,,,,,,,,,,,,,,,,,,,,,,,,,,,,,,,,,,
PTrail,872,trails,12.93,Asphalt,1,2,2,1,2,0,0,0,0,0,0,0,1,0,0,0,0,0,0,0,0,0,0,0,5,5,0,0,0,0,0,0,0,0,1,2,0,0,0,0,0,0,0,0,0,0,0,0,0,0,1,0,0,0,0,0,0,0,1,0,0,0,0,0,0,0,0,0,0,0,0,0,0,1,0,0,1,0,0,0,0,0,0,0,1,1,1,1,0,0,0,0,0,0,0,0,5,0,35,2,2,,,,,,,,,,,,,,,,,,,,,,,,,,,,,,,,,,,,,,
PTrail,873,trails,225.466,Asphalt,1,2,2,1,2,2,1,2,2,1,2,2,1,2,2,1,2,2,0,0,0,0,0,0,5,5,0,2,0,0,0,1,2,0,1,2,2,0,0,0,1,2,2,0,1,2,0,0,1,0,1,2,2,0,0,0,3,1,0,0,0,0,0,0,0,0,0,0,0,0,0,0,0,1,2,2,1,0,0,0,0,0,0,0,1,1,1,1,2,2,0,0,0,0,0,0,5,0,87,5,5,,,,,,,,,,,,,,,,,,,,,,,,,,,,,,,,,,,,,,
PTrail,874,trails,57.338,Asphalt,1,2,2,1,2,2,1,2,2,1,2,2,1,2,2,1,2,2,0,0,0,0,0,0,0,5,0,0,0,0,0,1,0,0,1,2,2,0,0,0,1,2,0,0,1,2,0,0,1,0,1,2,0,0,0,0,0,1,0,0,0,0,0,0,0,0,0,0,0,0,0,0,0,1,2,2,0,0,0,0,0,0,0,0,1,1,1,1,2,2,0,0,0,0,0,0,5,0,70,4,4,,,,,,,,,,,,,,,,,,,,,,,,,,,,,,,,,,,,,,
PTrail,875,trails,65.829,Asphalt,1,2,2,1,2,2,1,2,2,1,2,2,1,2,2,1,2,2,0,0,0,0,0,0,5,5,0,0,0,0,0,1,2,0,1,2,2,0,0,0,1,2,2,0,1,2,0,0,1,0,1,2,0,0,0,0,3,0,0,0,0,0,0,0,0,0,0,0,0,0,0,0,0,1,2,2,1,0,0,0,0,0,0,0,1,1,1,1,2,2,0,0,0,0,0,0,5,0,82,4,4,,,,,,,,,,,,,,,,,,,,,,,,,,,,,,,,,,,,,,
PTrail,876,trails,124.134,Asphalt,1,2,2,1,2,2,1,2,2,1,2,2,1,2,2,1,2,2,0,0,0,0,0,0,0,5,0,2,0,0,0,1,0,0,1,2,2,0,0,0,1,2,0,0,1,2,0,0,0,0,1,2,2,0,0,0,0,1,0,0,0,0,0,0,0,0,0,0,0,0,0,0,0,1,2,2,0,0,0,0,0,0,0,0,1,1,1,1,2,2,0,0,0,0,0,0,5,0,73,4,4,,,,,,,,,,,,,,,,,,,,,,,,,,,,,,,,,,,,,,
PTrail,877,trails,6.605,Asphalt,1,2,2,1,2,2,1,2,2,1,2,2,1,2,2,1,2,2,0,0,0,0,0,0,0,5,0,0,0,0,0,1,0,0,1,2,2,0,0,0,1,2,0,0,1,2,0,0,0,0,1,2,0,0,0,0,0,0,0,0,0,0,0,0,0,0,0,0,0,0,0,0,0,1,2,2,0,0,0,0,0,0,0,0,1,1,1,1,2,2,0,0,0,0,0,0,5,0,68,4,4,,,,,,,,,,,,,,,,,,,,,,,,,,,,,,,,,,,,,,
PTrail,878,trails,1.292,Asphalt,1,2,2,1,2,2,1,2,2,1,2,2,1,2,2,1,2,2,0,0,0,0,0,0,0,5,0,0,0,0,0,1,0,0,1,2,2,0,0,0,1,2,0,0,1,2,0,0,0,0,1,2,0,0,0,0,0,0,0,0,0,0,0,0,0,0,0,0,0,0,0,0,0,1,2,2,0,0,0,0,0,0,0,0,1,1,1,1,2,2,0,0,0,0,0,0,5,0,68,4,4,,,,,,,,,,,,,,,,,,,,,,,,,,,,,,,,,,,,,,
PTrail,879,trails,28.126,Asphalt,1,2,2,1,2,0,0,0,0,0,0,0,1,2,0,0,0,0,0,0,0,0,0,0,5,5,0,0,0,0,0,0,0,0,1,2,0,0,0,0,0,0,0,0,0,0,0,0,0,0,1,0,0,0,0,0,0,0,1,0,0,0,0,0,0,0,0,0,0,0,0,0,0,1,0,0,1,0,0,0,0,0,0,0,1,1,1,1,0,0,0,0,0,0,0,0,5,0,37,2,2,,,,,,,,,,,,,,,,,,,,,,,,,,,,,,,,,,,,,,
PTrail,880,trails,126.37,Asphalt,1,2,2,1,0,0,1,0,0,0,0,0,1,2,0,1,2,0,0,0,0,0,0,0,0,5,0,2,0,0,0,0,0,0,1,2,2,0,0,0,1,2,0,0,1,2,0,0,1,0,1,2,2,5,0,0,3,0,0,0,0,0,0,0,1,0,0,0,0,0,0,0,0,1,2,0,1,0,0,0,0,0,0,0,1,0,0,0,0,0,0,0,0,0,0,0,5,0,56,3,3,,,,,,,,,,,,,,,,,,,,,,,,,,,,,,,,,,,,,,
PTrail,881,trails,17.583,Asphalt,1,2,2,1,0,0,1,0,0,0,0,0,1,2,0,1,2,0,0,0,0,0,0,0,0,5,0,2,0,0,0,0,0,0,1,2,2,0,0,0,1,2,0,0,1,2,0,0,1,0,1,2,0,0,0,0,0,0,0,0,0,0,0,0,1,0,0,0,0,0,0,0,0,1,2,0,0,0,0,0,0,0,0,0,1,0,0,0,0,0,0,0,0,0,0,0,5,0,45,2,2,,,,,,,,,,,,,,,,,,,,,,,,,,,,,,,,,,,,,,
PTrail,882,trails,166.009,Asphalt,1,2,2,1,0,0,1,0,0,0,0,0,1,2,0,1,2,0,0,0,0,0,0,0,0,5,0,2,0,0,0,0,0,0,1,2,2,0,0,0,1,2,2,0,1,2,2,0,1,0,1,2,2,0,0,0,0,0,0,0,0,0,0,0,1,0,0,0,0,0,0,0,0,1,2,0,0,0,0,0,0,0,0,0,1,0,0,0,0,0,0,0,0,0,0,0,5,0,51,3,3,,,,,,,,,,,,,,,,,,,,,,,,,,,,,,,,,,,,,,
PTrail,883,trails,24.147,Asphalt,1,2,2,1,0,0,1,0,0,0,0,0,1,0,0,1,0,0,0,0,0,0,0,0,0,5,0,0,0,0,0,0,0,0,1,2,2,0,0,0,1,2,2,0,1,2,2,0,1,0,1,2,2,0,5,0,0,0,0,0,0,0,0,0,1,0,0,0,0,0,0,0,0,1,0,0,0,0,0,0,0,0,0,0,1,1,1,0,0,0,0,0,0,0,0,0,5,0,50,3,3,,,,,,,,,,,,,,,,,,,,,,,,,,,,,,,,,,,,,,
PTrail,884,trails,78.674,Asphalt,1,2,2,1,0,0,1,0,0,0,0,0,1,0,0,1,0,0,0,0,0,0,0,0,5,5,0,0,0,0,0,0,0,0,1,2,2,0,0,0,1,2,2,0,1,2,2,0,1,1,1,2,2,0,5,0,0,0,0,0,0,0,0,0,1,0,0,0,0,0,0,0,0,1,0,0,1,0,0,0,0,0,0,0,1,1,1,0,0,0,0,0,0,0,0,0,5,0,57,3,3,,,,,,,,,,,,,,,,,,,,,,,,,,,,,,,,,,,,,,
PTrail,885,trails,26.975,Asphalt,1,2,2,0,0,0,0,0,0,0,0,0,1,0,0,1,0,0,0,0,0,0,0,0,5,5,0,0,0,0,0,0,0,0,1,2,2,0,0,0,1,2,2,0,1,2,0,0,1,1,1,2,2,5,5,0,0,0,0,0,0,0,0,0,1,2,0,0,0,0,0,0,0,1,0,0,1,0,0,0,0,0,0,0,1,1,1,0,0,0,0,0,0,0,0,0,5,0,60,3,3,,,,,,,,,,,,,,,,,,,,,,,,,,,,,,,,,,,,,,
PTrail,886,trails,105.062,Asphalt,1,2,2,1,0,0,0,0,0,0,0,0,1,0,0,1,0,0,0,0,0,0,0,0,5,5,0,2,0,0,0,0,0,0,1,2,2,0,0,0,1,2,2,0,1,2,0,0,1,1,1,2,2,0,0,0,0,0,0,0,0,0,0,0,1,0,0,0,0,0,0,0,0,1,0,0,1,0,0,0,0,0,0,0,1,0,0,0,0,0,0,0,0,0,0,0,5,0,49,3,3,,,,,,,,,,,,,,,,,,,,,,,,,,,,,,,,,,,,,,
PTrail,887,trails,29.553,Asphalt,1,2,2,1,0,0,1,0,0,0,0,0,1,2,0,1,2,0,0,0,0,0,0,0,0,5,0,2,0,0,0,0,0,0,1,2,2,0,0,0,1,2,0,0,1,2,0,0,1,0,1,2,0,0,0,0,0,0,0,0,0,0,0,0,1,0,0,0,0,0,0,0,0,1,2,0,1,0,0,0,0,0,0,0,1,0,0,0,0,0,0,0,0,0,0,0,5,0,46,3,2,,,,,,,,,,,,,,,,,,,,,,,,,,,,,,,,,,,,,,
PTrail,888,trails,30.337,Asphalt,1,2,2,1,0,0,0,0,0,0,0,0,1,2,0,1,2,0,0,0,0,0,0,0,0,5,0,2,0,0,0,0,0,0,1,2,2,0,0,0,1,2,0,0,1,2,0,0,1,0,1,2,0,0,0,0,0,0,0,0,0,0,0,0,1,0,0,0,0,0,0,0,0,1,2,0,1,0,0,0,0,0,0,0,1,0,0,0,0,0,0,0,0,0,0,0,5,0,45,2,2,,,,,,,,,,,,,,,,,,,,,,,,,,,,,,,,,,,,,,
PTrail,889,trails,250.818,Asphalt,1,2,2,0,0,0,0,0,0,0,0,0,0,0,0,0,0,0,0,0,0,0,0,0,0,0,0,2,0,0,0,0,0,0,1,2,2,0,0,0,0,0,0,0,1,2,2,0,0,0,1,2,2,5,5,0,0,1,0,0,0,0,0,0,0,0,0,0,0,0,0,0,0,0,0,0,0,0,0,0,0,0,0,0,1,1,1,0,0,0,0,0,0,0,0,0,5,3,44,2,2,,,,,,,,,,,,,,,,,,,,,,,,,,,,,,,,,,,,,,
PTrail,890,trails,90.034,Asphalt,1,2,2,1,0,0,1,0,0,1,2,2,1,2,2,0,0,0,0,0,0,0,0,0,0,5,0,2,0,0,0,0,0,0,1,0,0,0,0,0,0,0,0,0,1,0,0,0,1,0,1,2,2,0,5,0,0,0,0,0,0,0,0,0,0,0,0,0,0,0,0,0,0,1,2,0,0,0,0,0,0,0,0,3,1,1,0,0,0,0,0,0,0,0,0,0,5,0,50,3,3,,,,,,,,,,,,,,,,,,,,,,,,,,,,,,,,,,,,,,
PTrail,891,trails,74.917,Asphalt,1,2,2,1,0,0,1,0,0,1,2,0,1,2,0,0,0,0,0,0,0,0,0,0,0,5,0,2,0,0,0,0,0,0,1,0,0,0,0,0,0,0,0,0,1,0,0,0,1,0,1,2,2,0,0,0,0,0,0,0,0,0,0,0,0,0,0,0,0,0,0,0,0,1,2,2,1,0,0,0,0,0,0,3,0,1,0,0,0,0,0,0,0,0,0,0,5,0,43,2,2,,,,,,,,,,,,,,,,,,,,,,,,,,,,,,,,,,,,,,
PTrail,892,trails,43.777,Asphalt,1,2,2,1,0,0,1,0,0,1,2,0,1,2,2,0,0,0,0,0,0,0,0,0,0,5,0,2,0,0,0,0,0,0,1,0,0,0,0,0,0,0,0,0,1,2,0,0,1,0,1,2,0,0,0,0,0,0,0,0,0,0,0,0,0,0,0,0,0,0,0,0,0,1,2,0,1,2,0,0,0,0,0,3,0,1,0,0,0,0,0,0,0,0,0,0,5,0,45,2,2,,,,,,,,,,,,,,,,,,,,,,,,,,,,,,,,,,,,,,
PTrail,893,trails,100.342,Asphalt,1,2,2,1,0,0,1,0,0,1,2,0,1,2,2,0,0,0,0,0,0,0,0,0,0,5,0,2,0,0,0,0,0,0,1,0,0,0,0,0,0,0,0,0,1,0,0,0,1,0,1,2,0,0,0,0,0,0,0,0,0,0,0,0,0,0,0,0,0,0,0,0,0,1,2,2,1,2,0,0,0,0,0,3,0,1,0,0,0,0,0,0,0,0,0,0,5,0,45,2,2,,,,,,,,,,,,,,,,,,,,,,,,,,,,,,,,,,,,,,
PTrail,894,trails,28.984,Asphalt,1,2,2,1,0,0,1,0,0,1,0,0,1,2,2,0,0,0,0,0,0,0,0,0,0,5,0,0,0,0,0,0,0,0,1,0,0,0,0,0,0,0,0,0,1,0,0,0,1,0,1,2,0,0,0,0,0,0,0,0,0,0,0,0,0,0,0,0,0,0,0,0,0,1,2,2,1,2,0,0,0,0,0,3,0,1,0,0,0,0,0,0,0,0,0,0,5,0,41,2,2,,,,,,,,,,,,,,,,,,,,,,,,,,,,,,,,,,,,,,
PTrail,895,trails,86.309,Asphalt,1,2,2,1,0,0,1,0,0,1,0,0,1,2,2,0,0,0,0,0,0,0,0,0,0,5,0,2,0,0,0,0,0,0,1,0,0,0,0,0,0,0,0,0,1,0,0,0,1,0,1,2,0,0,0,0,0,0,0,0,0,0,0,0,0,0,0,0,0,0,0,0,0,1,2,2,1,2,0,0,0,0,0,3,0,1,0,0,0,0,0,0,0,0,0,0,5,0,43,2,2,,,,,,,,,,,,,,,,,,,,,,,,,,,,,,,,,,,,,,
PTrail,896,trails,37.912,Asphalt,1,2,2,1,0,0,1,0,0,0,0,0,1,2,2,0,0,0,0,0,0,0,0,0,0,5,0,2,0,0,0,0,0,0,0,0,0,0,0,0,0,0,0,0,0,0,0,0,1,0,1,2,0,0,0,0,0,0,0,0,0,0,0,0,0,0,0,0,0,0,0,0,0,1,2,2,1,2,0,0,0,0,0,3,0,1,0,0,0,0,0,0,0,0,0,0,5,0,40,2,2,,,,,,,,,,,,,,,,,,,,,,,,,,,,,,,,,,,,,,
PTrail,897,trails,80.929,Asphalt,1,2,2,1,0,0,1,0,0,0,0,0,1,2,0,0,0,0,0,0,0,0,0,0,0,5,0,2,0,0,0,0,0,0,0,0,0,0,0,0,0,0,0,0,0,0,0,0,1,1,1,2,2,5,0,0,3,0,0,0,0,0,0,0,0,0,0,0,0,0,0,0,0,1,2,0,1,0,0,0,0,0,0,3,0,1,0,0,0,0,0,0,0,0,0,0,5,0,45,2,2,,,,,,,,,,,,,,,,,,,,,,,,,,,,,,,,,,,,,,
PTrail,898,trails,41.316,Asphalt,1,2,2,1,0,0,1,0,0,0,0,0,1,2,2,0,0,0,0,0,0,0,0,0,0,5,0,2,0,0,0,0,0,0,0,0,0,0,0,0,0,0,0,0,0,0,0,0,1,0,1,2,0,0,0,0,0,1,0,0,0,0,0,0,0,0,0,0,0,0,0,0,0,1,2,2,1,0,0,0,0,0,0,3,0,1,0,0,0,0,0,0,0,0,0,0,5,0,39,2,2,,,,,,,,,,,,,,,,,,,,,,,,,,,,,,,,,,,,,,
PTrail,899,trails,121.703,Asphalt,1,2,2,1,2,0,1,2,0,1,0,0,1,0,0,0,0,0,0,0,0,0,0,0,0,5,0,2,0,0,0,0,0,0,0,0,0,0,0,0,0,0,0,0,0,0,0,0,0,0,1,0,0,5,0,0,3,1,0,0,0,0,0,0,0,0,0,0,0,0,0,0,0,1,2,0,0,0,0,0,0,0,0,3,0,1,0,0,0,0,0,0,0,0,0,0,5,0,42,2,2,,,,,,,,,,,,,,,,,,,,,,,,,,,,,,,,,,,,,,
PTrail,900,trails,98.765,Asphalt,1,2,2,1,0,0,1,0,0,1,2,0,1,2,2,0,0,0,0,0,0,0,0,0,0,5,0,2,0,0,0,0,0,0,1,0,0,0,0,0,0,0,0,0,1,2,0,0,1,0,1,2,0,0,0,0,0,0,0,0,0,0,0,0,0,0,0,0,0,0,0,0,0,1,2,2,1,2,0,0,0,0,0,3,0,1,0,0,0,0,0,0,0,0,0,0,5,0,47,3,2,,,,,,,,,,,,,,,,,,,,,,,,,,,,,,,,,,,,,,
PTrail,901,trails,11.587,Asphalt,1,2,2,1,0,0,1,0,0,1,2,2,1,2,2,0,0,0,0,0,0,0,0,0,0,5,0,2,0,0,0,0,0,0,1,0,0,0,0,0,0,0,0,0,1,0,0,0,1,0,1,2,2,0,0,0,0,0,0,0,0,0,0,0,0,0,0,0,0,0,0,0,0,1,2,2,1,0,0,0,0,0,0,3,0,1,0,0,0,0,0,0,0,0,0,0,5,0,47,3,2,,,,,,,,,,,,,,,,,,,,,,,,,,,,,,,,,,,,,,
PTrail,902,trails,80.962,Asphalt,1,2,2,1,0,0,1,0,0,1,2,2,1,2,2,0,0,0,0,0,0,0,0,0,0,5,0,2,0,0,0,0,0,0,1,0,0,0,0,0,0,0,0,0,1,2,0,0,1,0,1,2,2,0,5,0,0,0,0,0,0,0,0,0,0,0,0,0,0,0,0,0,0,1,2,0,0,0,0,0,0,0,0,3,1,1,0,0,0,0,0,0,0,0,0,0,5,0,52,3,3,,,,,,,,,,,,,,,,,,,,,,,,,,,,,,,,,,,,,,
PTrail,903,trails,11.059,Asphalt,1,2,2,1,0,0,1,0,0,0,0,0,1,2,2,0,0,0,0,0,0,0,0,0,0,5,0,2,0,0,0,0,0,0,0,0,0,0,0,0,0,0,0,0,0,0,0,0,1,0,1,2,0,0,0,0,0,0,0,0,0,0,0,0,0,0,0,0,0,0,0,0,0,1,2,2,1,2,0,0,0,0,0,3,0,1,0,0,0,0,0,0,0,0,0,0,5,0,40,2,2,,,,,,,,,,,,,,,,,,,,,,,,,,,,,,,,,,,,,,
PTrail,904,trails,10.571,Asphalt,1,2,2,1,0,0,1,0,0,0,0,0,1,2,2,0,0,0,0,0,0,0,0,0,0,5,0,2,0,0,0,0,0,0,0,0,0,0,0,0,0,0,0,0,0,0,0,0,1,0,1,2,0,0,0,0,0,1,0,0,0,0,0,0,0,0,0,0,0,0,0,0,0,1,2,0,1,2,0,0,0,0,0,3,0,1,0,0,0,0,0,0,0,0,0,0,5,0,39,2,2,,,,,,,,,,,,,,,,,,,,,,,,,,,,,,,,,,,,,,
PTrail,905,trails,98.026,Asphalt,1,2,2,1,2,2,0,0,0,0,0,0,1,2,2,0,0,0,0,0,0,0,0,0,0,5,0,0,0,0,0,0,0,0,1,0,0,0,0,0,0,0,0,0,0,0,0,0,0,0,1,2,0,0,0,0,0,0,1,2,2,0,0,0,0,0,0,0,0,0,0,0,0,1,2,2,1,0,0,0,0,0,0,0,1,0,1,1,2,0,0,0,0,0,0,0,5,0,45,2,2,,,,,,,,,,,,,,,,,,,,,,,,,,,,,,,,,,,,,,
PTrail,906,trails,27.091,Asphalt,1,2,2,1,2,0,0,0,0,0,0,0,1,2,2,0,0,0,0,0,0,0,0,0,0,5,0,0,0,0,0,0,0,0,1,0,0,0,0,0,0,0,0,0,1,0,0,0,0,0,1,2,0,0,0,0,0,0,1,2,2,0,0,0,0,0,0,0,0,0,0,0,0,1,2,2,1,0,0,0,0,0,0,0,1,0,1,1,2,2,0,0,0,0,0,0,5,0,46,3,2,,,,,,,,,,,,,,,,,,,,,,,,,,,,,,,,,,,,,,
PTrail,907,trails,42.2,Asphalt,1,2,2,1,2,2,0,0,0,0,0,0,1,2,2,0,0,0,0,0,0,0,0,0,0,5,0,0,0,0,0,0,0,0,0,0,0,0,0,0,0,0,0,0,0,0,0,0,0,0,1,2,0,0,0,0,0,0,1,2,0,0,0,0,0,0,0,0,0,0,0,0,0,1,2,0,1,2,0,0,0,0,0,0,1,0,1,1,0,0,0,0,0,0,0,0,5,0,40,2,2,,,,,,,,,,,,,,,,,,,,,,,,,,,,,,,,,,,,,,
PTrail,908,trails,45.502,Asphalt,1,2,2,1,2,2,0,0,0,0,0,0,1,2,2,0,0,0,0,0,0,0,0,0,0,5,0,0,0,0,0,0,0,0,1,0,0,0,0,0,0,0,0,0,1,0,0,0,0,0,1,2,2,0,0,0,0,0,1,2,2,0,0,0,0,0,0,0,0,0,0,0,0,1,2,2,1,0,0,0,0,0,0,0,1,0,1,1,2,2,0,0,0,0,0,0,5,0,50,3,3,,,,,,,,,,,,,,,,,,,,,,,,,,,,,,,,,,,,,,
PTrail,909,trails,16.797,Asphalt,1,2,2,1,2,2,0,0,0,0,0,0,1,2,2,0,0,0,0,0,0,0,0,0,0,5,0,0,0,0,0,0,0,0,1,0,0,0,0,0,0,0,0,0,1,0,0,0,0,0,1,2,2,0,0,0,0,0,1,2,2,0,0,0,0,0,0,0,0,0,0,0,0,1,2,2,1,0,0,0,0,0,0,0,1,0,1,1,2,2,0,0,0,0,0,0,5,0,50,3,3,,,,,,,,,,,,,,,,,,,,,,,,,,,,,,,,,,,,,,
PTrail,910,trails,49.535,Asphalt,1,2,2,1,2,2,0,0,0,0,0,0,1,2,2,0,0,0,0,0,0,0,0,0,0,5,0,0,0,0,0,0,0,0,1,2,0,0,0,0,0,0,0,5,1,0,0,0,0,0,1,2,2,5,0,0,0,1,1,2,0,0,0,0,0,0,0,0,0,0,0,0,0,1,2,2,1,0,0,0,0,0,5,0,1,0,1,1,2,2,0,0,0,0,0,0,5,0,66,4,3,,,,,,,,,,,,,,,,,,,,,,,,,,,,,,,,,,,,,,
PTrail,911,trails,48.573,Asphalt,1,2,2,1,2,2,0,0,0,0,0,0,1,2,0,0,0,0,0,0,0,0,0,0,0,5,0,0,0,0,0,0,0,0,0,0,0,0,0,0,0,0,0,5,0,0,0,0,0,0,1,2,2,5,0,0,3,1,1,0,0,0,0,0,0,0,0,0,0,0,0,0,0,1,2,0,1,2,0,0,0,0,0,3,1,0,1,1,0,0,0,0,0,0,0,0,5,0,55,3,3,,,,,,,,,,,,,,,,,,,,,,,,,,,,,,,,,,,,,,
PTrail,912,trails,15.377,Asphalt,1,2,2,1,2,2,0,0,0,0,0,0,1,2,0,0,0,0,0,0,0,0,0,0,0,5,0,0,0,0,0,0,0,0,0,0,0,0,0,0,0,0,0,0,0,0,0,0,0,0,1,2,0,0,0,0,0,0,1,0,0,0,0,0,0,0,0,0,0,0,0,0,0,1,2,0,1,2,0,0,0,0,0,0,1,0,1,1,0,0,0,0,0,0,0,0,5,0,36,2,2,,,,,,,,,,,,,,,,,,,,,,,,,,,,,,,,,,,,,,
PTrail,913,trails,27.251,Asphalt,1,2,2,1,2,2,0,0,0,0,0,0,1,2,0,0,0,0,0,0,0,0,0,0,0,5,0,0,0,0,0,0,0,0,0,0,0,0,0,0,0,0,0,0,0,0,0,0,0,0,1,2,0,0,0,0,0,0,1,0,0,0,0,0,0,0,0,0,0,0,0,0,0,1,2,0,1,2,0,0,0,0,0,0,1,0,1,1,0,0,0,0,0,0,0,0,5,0,36,2,2,,,,,,,,,,,,,,,,,,,,,,,,,,,,,,,,,,,,,,
PTrail,914,trails,40.503,Asphalt,1,2,2,1,2,2,0,0,0,0,0,0,1,2,0,0,0,0,0,0,0,0,0,0,0,5,0,0,0,0,0,0,0,0,0,0,0,0,0,0,0,0,0,0,0,0,0,0,0,0,1,2,0,0,0,0,0,0,1,0,0,0,0,0,0,0,0,0,0,0,0,0,0,1,2,0,1,2,0,0,0,0,0,0,1,0,1,1,0,0,0,0,0,0,0,0,5,0,36,2,2,,,,,,,,,,,,,,,,,,,,,,,,,,,,,,,,,,,,,,
PTrail,915,trails,162.886,Asphalt,1,2,2,1,2,2,1,2,2,0,0,0,1,2,2,0,0,0,0,0,0,0,0,0,0,5,0,2,0,0,0,1,0,0,1,2,0,0,0,0,0,0,0,0,0,0,0,0,0,0,1,0,0,0,0,0,3,1,0,0,0,0,0,0,1,2,2,0,0,0,1,0,0,1,2,0,1,2,2,0,0,0,5,0,1,1,1,0,0,0,0,0,0,0,0,0,5,0,63,3,3,,,,,,,,,,,,,,,,,,,,,,,,,,,,,,,,,,,,,,
PTrail,916,trails,25.912,Asphalt,1,2,2,1,2,2,1,2,0,0,0,0,1,2,2,0,0,0,0,0,0,0,0,0,0,5,0,0,0,0,0,0,0,0,1,0,0,0,0,0,0,0,0,0,0,0,0,0,0,0,1,2,0,0,0,0,3,0,0,0,0,0,0,0,1,2,0,0,0,0,1,0,0,1,2,0,1,2,2,0,0,0,0,0,1,1,1,0,0,0,0,0,0,0,0,0,5,0,50,3,3,,,,,,,,,,,,,,,,,,,,,,,,,,,,,,,,,,,,,,
PTrail,917,trails,16.39,Asphalt,1,2,2,1,2,0,1,2,0,0,0,0,1,0,0,1,0,0,0,0,0,0,0,0,0,5,0,2,0,0,0,1,2,0,1,2,2,0,0,0,1,2,0,0,1,2,0,0,1,0,1,2,0,0,0,0,0,0,0,0,0,0,0,0,0,0,0,0,0,0,0,0,0,1,2,0,1,2,0,0,0,0,0,3,0,0,0,0,0,0,0,0,0,0,0,0,5,0,52,3,3,,,,,,,,,,,,,,,,,,,,,,,,,,,,,,,,,,,,,,
PTrail,918,trails,76.544,Asphalt,1,2,2,1,2,2,0,0,0,0,0,0,1,2,2,1,2,2,0,0,0,0,0,0,0,5,0,0,0,0,0,1,0,0,1,2,2,0,0,0,0,0,0,0,1,2,2,0,0,0,1,2,2,5,5,4,0,0,0,0,0,1,0,0,1,2,0,1,2,0,0,0,0,1,0,0,1,0,0,0,0,0,5,0,1,1,1,0,0,0,0,0,0,1,2,0,5,0,80,4,4,,,,,,,,,,,,,,,,,,,,,,,,,,,,,,,,,,,,,,
PTrail,919,trails,71.306,Asphalt,1,2,2,1,2,2,0,0,0,0,0,0,1,2,0,1,2,2,0,0,0,0,0,0,0,5,0,0,0,0,0,1,0,0,1,2,2,0,0,0,0,0,0,0,1,2,2,0,0,0,1,2,2,5,5,0,0,0,0,0,0,1,0,0,1,2,0,1,0,0,0,0,0,1,0,0,1,0,0,0,0,0,0,0,1,1,1,0,0,0,0,0,0,1,2,2,5,0,69,4,4,,,,,,,,,,,,,,,,,,,,,,,,,,,,,,,,,,,,,,
PTrail,920,trails,74.5,Asphalt,1,2,2,1,2,2,1,0,0,0,0,0,1,0,0,1,0,0,0,0,0,0,0,0,0,5,0,0,0,0,0,1,0,0,1,2,2,0,0,0,0,0,0,0,1,0,0,0,0,0,1,0,0,0,0,0,0,0,0,0,0,0,0,0,1,2,2,0,0,0,0,0,0,1,0,0,1,0,0,0,0,0,0,0,1,1,1,0,0,0,1,0,0,1,0,0,5,0,43,2,2,,,,,,,,,,,,,,,,,,,,,,,,,,,,,,,,,,,,,,
PTrail,921,trails,48.292,Asphalt,1,2,2,1,2,2,1,0,0,0,0,0,1,0,0,1,0,0,0,0,0,0,0,0,5,5,0,0,0,0,0,1,0,0,1,2,2,0,0,0,0,0,0,0,0,0,0,0,0,0,1,0,0,0,5,0,0,0,0,0,0,0,0,0,1,2,2,0,0,0,0,0,0,1,0,0,1,0,0,0,0,0,0,0,1,1,1,0,0,0,1,0,0,1,0,0,5,0,52,3,3,,,,,,,,,,,,,,,,,,,,,,,,,,,,,,,,,,,,,,
PTrail,922,trails,29.005,Asphalt,1,2,2,1,2,2,0,0,0,0,0,0,1,0,0,1,0,0,0,0,0,0,0,0,0,5,0,0,0,0,0,1,0,0,1,2,2,0,0,0,0,0,0,0,1,0,0,0,0,0,1,0,0,0,0,0,0,0,0,0,0,0,0,0,1,2,0,0,0,0,0,0,0,1,0,0,0,0,0,0,0,0,0,0,1,1,1,0,0,0,1,0,0,1,2,0,5,0,41,2,2,,,,,,,,,,,,,,,,,,,,,,,,,,,,,,,,,,,,,,
PTrail,923,trails,60.651,Asphalt,1,2,2,1,2,2,1,0,0,0,0,0,1,0,0,1,0,0,0,0,0,0,0,0,0,5,0,2,0,0,0,1,0,0,1,2,2,0,0,0,0,0,0,0,0,0,0,0,0,0,1,0,0,0,5,0,0,1,0,0,0,0,0,0,1,2,2,0,0,0,0,0,0,1,0,0,1,0,0,0,0,0,0,0,1,1,1,0,0,0,1,0,0,1,0,0,5,0,50,3,3,,,,,,,,,,,,,,,,,,,,,,,,,,,,,,,,,,,,,,
PTrail,924,trails,26.123,Asphalt,1,2,2,1,2,2,1,0,0,0,0,0,1,0,0,1,0,0,0,0,0,0,0,0,0,5,0,2,0,0,0,1,0,0,1,2,2,0,0,0,0,0,0,0,0,0,0,0,0,0,0,0,0,0,0,0,0,1,0,0,0,0,0,0,1,2,2,0,0,0,0,0,0,1,0,0,1,0,0,0,0,0,0,0,1,1,1,0,0,0,0,0,0,0,0,0,5,0,42,2,2,,,,,,,,,,,,,,,,,,,,,,,,,,,,,,,,,,,,,,
PTrail,925,trails,19.931,Asphalt,1,2,2,1,2,2,1,0,0,0,0,0,1,0,0,1,0,0,0,0,0,0,0,0,0,5,0,2,0,0,0,1,0,0,1,2,2,0,0,0,0,0,0,0,0,0,0,0,0,0,0,0,0,0,5,0,0,1,0,0,0,0,0,0,1,2,2,0,0,0,0,0,0,1,0,0,1,0,0,0,0,0,0,0,1,1,1,0,0,0,0,0,0,1,0,0,5,0,48,3,2,,,,,,,,,,,,,,,,,,,,,,,,,,,,,,,,,,,,,,
PTrail,926,trails,65.181,Asphalt,1,2,2,1,2,2,1,0,0,0,0,0,1,0,0,1,0,0,0,0,0,0,0,0,0,5,0,2,0,0,0,1,0,0,1,2,2,0,0,0,0,0,0,0,0,0,0,0,0,0,0,0,0,0,5,0,0,1,0,0,0,0,0,0,1,2,2,0,0,0,0,0,0,1,0,0,1,0,0,0,0,0,0,0,1,1,1,0,0,0,1,0,0,1,0,0,5,0,49,3,3,,,,,,,,,,,,,,,,,,,,,,,,,,,,,,,,,,,,,,
PTrail,927,trails,109.986,Asphalt,1,2,2,1,2,2,0,0,0,0,0,0,0,0,0,0,0,0,0,0,0,0,0,0,0,0,0,0,0,0,0,0,0,0,1,2,0,0,0,0,0,0,0,0,1,0,0,0,1,0,1,2,2,0,0,0,3,0,0,0,0,0,0,0,0,0,0,0,0,0,0,0,0,0,0,0,1,2,2,0,0,0,0,0,1,1,1,1,2,2,1,2,2,1,0,0,5,0,47,3,2,,,,,,,,,,,,,,,,,,,,,,,,,,,,,,,,,,,,,,
PTrail,928,trails,181.934,Asphalt,1,2,2,1,0,0,1,0,0,0,0,0,1,2,2,0,0,0,0,0,0,0,0,0,5,5,0,0,0,0,0,1,2,2,0,0,0,0,0,0,0,0,0,0,1,2,2,0,1,0,1,2,2,5,0,4,3,0,0,0,0,0,0,0,0,0,0,0,0,0,0,0,0,1,0,0,0,0,0,0,0,0,0,0,1,1,1,0,0,0,0,0,0,1,2,0,5,0,62,3,3,,,,,,,,,,,,,,,,,,,,,,,,,,,,,,,,,,,,,,
PTrail,929,trails,769.835,Asphalt,1,2,2,0,0,0,0,0,0,1,0,0,1,2,2,0,0,0,0,0,0,0,0,0,5,0,0,0,0,0,0,1,2,2,1,2,0,0,0,0,1,2,2,0,1,2,0,0,1,1,1,2,2,0,0,0,3,0,0,0,0,0,0,0,0,0,0,1,0,0,0,0,0,1,0,0,0,0,0,0,0,0,0,0,1,1,1,0,0,0,0,0,0,1,0,0,5,0,53,3,3,,,,,,,,,,,,,,,,,,,,,,,,,,,,,,,,,,,,,,
PTrail,930,trails,36.21,Concrete,1,2,2,1,2,0,0,0,0,0,0,0,1,0,0,0,0,0,0,0,0,0,0,0,0,5,0,0,0,0,0,0,0,0,1,2,0,1,2,2,1,2,2,0,1,2,0,0,0,0,0,0,0,0,5,4,0,0,1,0,0,0,0,0,0,0,0,0,0,0,0,0,0,0,0,0,0,0,0,0,0,0,0,0,1,1,1,1,0,0,1,0,0,0,0,0,5,0,50,3,3,,,,,,,,,,,,,,,,,,,,,,,,,,,,,,,,,,,,,,
PTrail,931,trails,24.927,Asphalt,1,2,2,0,0,0,0,0,0,0,0,0,0,0,0,0,0,0,0,0,0,0,0,0,0,0,0,0,0,0,0,0,0,0,0,0,0,0,0,0,0,0,0,0,0,0,0,0,0,0,0,0,0,0,0,0,0,0,0,0,0,0,0,0,0,0,0,0,0,0,0,0,0,0,0,0,0,0,0,0,0,0,0,0,1,1,1,0,0,0,0,0,0,0,0,0,0,0,8,1,1,,,,,,,,,,,,,,,,,,,,,,,,,,,,,,,,,,,,,,
PTrail,932,trails,15.844,Asphalt,1,2,2,0,0,0,0,0,0,0,0,0,0,0,0,0,0,0,0,0,0,0,0,0,0,0,0,0,0,0,0,0,0,0,0,0,0,0,0,0,0,0,0,0,0,0,0,0,0,0,0,0,0,0,0,0,0,0,0,0,0,0,0,0,0,0,0,0,0,0,0,0,0,0,0,0,0,0,0,0,0,0,0,0,1,1,1,0,0,0,0,0,0,0,0,0,0,0,8,1,1,,,,,,,,,,,,,,,,,,,,,,,,,,,,,,,,,,,,,,
PTrail,933,trails,24.002,Asphalt,1,2,2,0,0,0,0,0,0,0,0,0,0,0,0,0,0,0,0,0,0,0,0,0,0,0,0,0,0,0,0,0,0,0,0,0,0,0,0,0,0,0,0,0,0,0,0,0,0,0,0,0,0,0,0,0,0,0,0,0,0,0,0,0,0,0,0,0,0,0,0,0,0,0,0,0,0,0,0,0,0,0,0,0,1,1,1,0,0,0,0,0,0,0,0,0,0,3,11,1,1,,,,,,,,,,,,,,,,,,,,,,,,,,,,,,,,,,,,,,
PTrail,934,trails,42.725,Asphalt,1,2,2,1,0,0,1,0,0,0,0,0,0,0,0,0,0,0,0,0,0,0,0,0,0,0,0,0,0,0,0,0,0,0,0,0,0,0,0,0,0,0,0,0,0,0,0,0,0,0,1,2,0,0,0,0,0,1,0,0,0,0,0,0,1,2,0,0,0,0,0,0,0,0,0,0,0,0,0,0,0,0,5,0,1,1,1,0,0,0,0,0,0,0,0,0,5,0,27,1,1,,,,,,,,,,,,,,,,,,,,,,,,,,,,,,,,,,,,,,
PTrail,935,trails,37.805,Paver,1,2,2,1,2,2,0,0,0,0,0,0,1,2,0,0,0,0,0,0,0,0,0,0,0,5,0,0,1,0,0,1,2,2,1,2,2,0,0,0,1,0,0,0,1,2,2,0,1,0,1,2,2,0,5,0,0,0,0,0,0,0,0,0,1,2,0,1,0,0,1,2,0,1,2,0,1,0,0,0,0,0,5,0,1,0,1,1,2,2,0,0,0,0,0,0,5,0,74,4,4,,,,,,,,,,,,,,,,,,,,,,,,,,,,,,,,,,,,,,
PTrail,936,trails,59.401,Asphalt,1,2,2,1,2,2,0,0,0,0,0,0,1,2,2,0,0,0,0,0,0,0,0,0,0,5,0,0,1,0,0,1,2,0,1,2,2,0,0,0,1,0,0,0,1,2,2,0,0,0,1,2,2,0,0,0,0,0,0,0,0,0,0,0,1,2,0,1,2,0,1,2,0,1,2,0,1,2,0,0,0,0,5,0,0,0,1,1,2,2,0,0,0,0,0,0,5,0,71,4,4,,,,,,,,,,,,,,,,,,,,,,,,,,,,,,,,,,,,,,
PTrail,937,trails,73.545,Asphalt,1,2,2,1,2,2,0,0,0,0,0,0,1,2,2,0,0,0,0,0,0,0,0,0,0,5,0,0,1,0,0,1,2,0,1,2,2,0,0,0,1,0,0,0,1,2,0,0,0,0,1,2,2,0,0,0,0,0,0,0,0,0,0,0,1,2,0,1,2,0,1,0,0,1,2,2,1,2,0,0,0,0,5,0,0,0,1,1,2,2,0,0,0,0,0,0,5,0,69,4,4,,,,,,,,,,,,,,,,,,,,,,,,,,,,,,,,,,,,,,
PTrail,938,trails,32.294,Asphalt,1,2,2,1,2,2,0,0,0,0,0,0,1,2,2,0,0,0,0,0,0,0,0,0,0,5,0,0,1,0,0,1,2,0,1,2,2,0,0,0,1,0,0,0,1,2,0,0,0,0,1,2,2,0,0,0,0,0,0,0,0,0,0,0,1,2,0,1,2,0,1,2,0,1,2,0,1,0,0,0,0,0,5,0,0,0,1,1,2,2,0,0,0,0,0,0,5,0,67,4,4,,,,,,,,,,,,,,,,,,,,,,,,,,,,,,,,,,,,,,
PTrail,939,trails,67.52,Asphalt,1,2,2,1,2,2,0,0,0,0,0,0,1,2,2,0,0,0,0,0,0,0,0,0,0,5,0,0,1,0,0,1,2,0,1,2,2,0,0,0,1,0,0,0,1,2,0,0,0,0,1,2,2,0,0,0,0,0,0,0,0,0,0,0,1,2,0,1,2,0,1,2,0,1,2,0,1,0,0,0,0,0,5,0,0,0,1,1,2,2,0,0,0,0,0,0,5,0,67,4,4,,,,,,,,,,,,,,,,,,,,,,,,,,,,,,,,,,,,,,
PTrail,940,trails,35.541,Asphalt,1,2,2,1,2,2,0,0,0,0,0,0,1,2,0,0,0,0,0,0,0,0,0,0,0,5,0,2,0,0,0,1,2,0,1,2,2,0,0,0,0,0,0,0,1,2,0,0,0,0,1,2,2,0,5,0,0,0,0,0,0,0,0,0,1,2,0,1,2,0,1,2,0,1,2,0,1,0,0,0,0,0,5,0,1,0,1,1,2,0,0,0,0,0,0,0,5,0,69,4,4,,,,,,,,,,,,,,,,,,,,,,,,,,,,,,,,,,,,,,
PTrail,941,trails,114.804,Asphalt,1,2,2,1,2,2,0,0,0,0,0,0,1,2,2,0,0,0,0,0,0,0,0,0,0,5,0,2,1,0,0,1,2,0,1,2,2,0,0,0,1,0,0,0,1,2,0,0,0,0,1,2,2,0,0,0,0,0,0,0,0,0,0,0,1,2,2,1,2,0,1,2,0,1,2,0,1,2,0,0,0,0,5,0,0,0,1,1,2,2,0,0,0,0,0,0,5,0,73,4,4,,,,,,,,,,,,,,,,,,,,,,,,,,,,,,,,,,,,,,
PTrail,942,trails,83.22,Asphalt,1,2,2,1,2,2,0,0,0,0,0,0,1,2,2,0,0,0,0,0,0,0,0,0,0,5,0,2,0,0,0,1,2,0,1,2,2,0,0,0,0,0,0,0,1,2,0,0,0,0,1,2,2,0,0,0,0,0,0,0,0,0,0,0,1,2,2,1,2,0,1,2,0,1,2,0,1,2,0,0,0,0,5,0,0,0,1,1,2,0,0,0,0,0,0,0,5,0,69,4,4,,,,,,,,,,,,,,,,,,,,,,,,,,,,,,,,,,,,,,
PTrail,943,trails,14.673,Asphalt,1,2,2,1,2,2,0,0,0,0,0,0,1,2,2,0,0,0,0,0,0,0,0,0,0,5,0,2,0,0,0,1,2,0,1,2,2,0,0,0,0,0,0,0,1,2,0,0,0,0,1,2,0,0,0,0,0,0,0,0,0,0,0,0,1,2,2,1,2,0,1,2,0,1,2,0,1,2,0,0,0,0,5,0,0,0,1,1,2,0,0,0,0,0,0,0,5,0,67,4,4,,,,,,,,,,,,,,,,,,,,,,,,,,,,,,,,,,,,,,
PTrail,944,trails,51.577,Asphalt,1,2,2,1,2,2,1,0,0,0,0,0,1,2,0,0,0,0,0,0,0,0,0,0,0,5,0,2,0,0,0,0,0,0,0,0,0,0,0,0,0,0,0,0,0,0,0,0,0,0,0,0,0,0,0,0,0,1,0,0,0,0,0,0,0,0,0,0,0,0,0,0,0,1,0,0,0,0,0,0,0,0,5,0,1,1,1,0,0,0,0,0,0,0,0,0,5,0,36,2,2,,,,,,,,,,,,,,,,,,,,,,,,,,,,,,,,,,,,,,
PTrail,945,trails,37.002,Asphalt,1,2,2,1,2,2,1,2,2,0,0,0,1,2,0,1,2,0,0,0,0,0,0,0,0,5,0,2,0,0,0,0,0,0,1,2,2,0,0,0,0,0,0,0,1,2,0,0,1,0,1,2,0,0,0,0,0,1,0,0,0,0,0,0,1,2,0,0,0,0,0,0,0,1,2,0,0,0,0,0,0,0,5,3,0,0,0,0,0,0,0,0,0,0,0,0,5,0,60,3,3,,,,,,,,,,,,,,,,,,,,,,,,,,,,,,,,,,,,,,
PTrail,946,trails,16.417,Asphalt,1,2,2,1,2,2,0,0,0,0,0,0,1,0,0,1,0,0,0,0,0,0,0,0,0,5,0,2,0,0,0,0,0,0,1,0,0,0,0,0,0,0,0,0,0,0,0,0,0,0,1,2,2,0,0,0,0,0,0,0,0,0,0,0,0,0,0,0,0,0,0,0,0,1,2,0,0,0,0,0,0,0,0,3,1,0,1,0,0,0,0,0,0,0,0,0,5,0,38,2,2,,,,,,,,,,,,,,,,,,,,,,,,,,,,,,,,,,,,,,
PTrail,947,trails,276.084,Dirt,1,2,2,0,0,0,0,0,0,0,0,0,0,0,0,0,0,0,0,0,0,0,0,0,0,5,0,0,0,0,0,0,0,0,0,0,0,0,0,0,0,0,0,0,0,0,0,0,0,0,0,0,0,0,0,0,0,0,1,2,0,0,0,0,0,0,0,0,0,0,0,0,0,0,0,0,0,0,0,0,0,0,0,0,1,1,1,0,0,0,0,0,0,0,0,0,5,0,21,1,1,,,,,,,,,,,,,,,,,,,,,,,,,,,,,,,,,,,,,,
PTrail,948,trails,61.942,Dirt,1,2,2,0,0,0,0,0,0,0,0,0,0,0,0,0,0,0,0,0,0,0,0,0,0,5,0,0,0,0,0,0,0,0,0,0,0,0,0,0,0,0,0,0,0,0,0,0,0,0,0,0,0,0,0,0,0,0,1,2,0,0,0,0,0,0,0,0,0,0,0,0,0,0,0,0,0,0,0,0,0,0,0,0,1,1,1,0,0,0,0,0,0,0,0,0,5,0,21,1,1,,,,,,,,,,,,,,,,,,,,,,,,,,,,,,,,,,,,,,
PTrail,949,trails,214.181,Dirt,1,2,2,0,0,0,0,0,0,0,0,0,0,0,0,0,0,0,0,0,0,0,0,0,0,5,0,0,0,0,0,0,0,0,0,0,0,0,0,0,0,0,0,0,0,0,0,0,0,0,0,0,0,0,0,0,0,0,1,2,0,0,0,0,0,0,0,0,0,0,0,0,0,0,0,0,0,0,0,0,0,0,0,0,1,1,1,0,0,0,0,0,0,0,0,0,5,0,21,1,1,,,,,,,,,,,,,,,,,,,,,,,,,,,,,,,,,,,,,,
PTrail,950,trails,20.812,Dirt,1,2,2,0,0,0,0,0,0,0,0,0,0,0,0,0,0,0,0,0,0,0,0,0,0,5,0,0,0,0,0,0,0,0,0,0,0,0,0,0,0,0,0,0,0,0,0,0,0,0,0,0,0,0,0,0,0,0,0,0,0,0,0,0,0,0,0,0,0,0,0,0,0,0,0,0,0,0,0,0,0,0,0,0,1,1,1,0,0,0,0,0,0,0,0,0,5,0,18,1,1,,,,,,,,,,,,,,,,,,,,,,,,,,,,,,,,,,,,,,
PTrail,951,trails,71.7,Dirt,1,2,2,0,0,0,0,0,0,0,0,0,0,0,0,0,0,0,0,0,0,0,0,0,0,5,0,0,0,0,0,0,0,0,0,0,0,0,0,0,0,0,0,0,0,0,0,0,0,0,0,0,0,0,0,0,0,0,1,0,0,0,0,0,0,0,0,0,0,0,0,0,0,0,0,0,0,0,0,0,0,0,0,0,1,1,1,0,0,0,0,0,0,0,0,0,5,0,19,1,1,,,,,,,,,,,,,,,,,,,,,,,,,,,,,,,,,,,,,,
PTrail,952,trails,49.153,Dirt,1,2,2,0,0,0,0,0,0,0,0,0,0,0,0,0,0,0,0,0,0,0,0,0,0,5,0,0,0,0,0,0,0,0,0,0,0,0,0,0,0,0,0,0,0,0,0,0,0,0,0,0,0,0,0,0,0,0,1,0,0,0,0,0,0,0,0,0,0,0,0,0,0,0,0,0,0,0,0,0,0,0,0,0,1,1,1,0,0,0,0,0,0,0,0,0,5,0,19,1,1,,,,,,,,,,,,,,,,,,,,,,,,,,,,,,,,,,,,,,
PTrail,953,trails,83.344,Dirt,1,2,2,0,0,0,0,0,0,0,0,0,0,0,0,0,0,0,0,0,0,0,0,0,0,5,0,0,0,0,0,0,0,0,0,0,0,0,0,0,0,0,0,0,0,0,0,0,0,0,0,0,0,0,0,0,0,0,1,0,0,0,0,0,0,0,0,0,0,0,0,0,0,0,0,0,0,0,0,0,0,0,0,0,1,1,1,0,0,0,0,0,0,0,0,0,5,0,19,1,1,,,,,,,,,,,,,,,,,,,,,,,,,,,,,,,,,,,,,,
PTrail,954,trails,129.141,Dirt,1,2,2,0,0,0,0,0,0,0,0,0,0,0,0,0,0,0,0,0,0,0,0,0,0,5,0,0,0,0,0,0,0,0,0,0,0,0,0,0,0,0,0,0,0,0,0,0,0,0,0,0,0,0,0,0,0,0,0,0,0,0,0,0,0,0,0,0,0,0,0,0,0,0,0,0,0,0,0,0,0,0,0,0,1,1,1,0,0,0,0,0,0,0,0,0,5,0,18,1,1,,,,,,,,,,,,,,,,,,,,,,,,,,,,,,,,,,,,,,
PTrail,955,trails,129.85,Dirt,1,2,2,0,0,0,0,0,0,0,0,0,0,0,0,0,0,0,0,0,0,0,0,0,0,5,0,0,0,0,0,0,0,0,0,0,0,0,0,0,0,0,0,0,0,0,0,0,0,0,0,0,0,0,0,0,0,0,0,0,0,0,0,0,0,0,0,0,0,0,0,0,0,0,0,0,0,0,0,0,0,0,0,0,1,1,1,0,0,0,0,0,0,0,0,0,5,0,18,1,1,,,,,,,,,,,,,,,,,,,,,,,,,,,,,,,,,,,,,,
PTrail,956,trails,25.548,Dirt,1,2,2,0,0,0,0,0,0,0,0,0,0,0,0,0,0,0,0,0,0,0,0,0,0,5,0,0,0,0,0,0,0,0,0,0,0,0,0,0,0,0,0,0,0,0,0,0,0,0,0,0,0,0,0,0,0,0,0,0,0,0,0,0,0,0,0,0,0,0,0,0,0,0,0,0,0,0,0,0,0,0,0,0,1,1,1,0,0,0,0,0,0,0,0,0,5,0,18,1,1,,,,,,,,,,,,,,,,,,,,,,,,,,,,,,,,,,,,,,
PTrail,957,trails,30.432,Dirt,1,2,2,0,0,0,0,0,0,0,0,0,1,0,0,0,0,0,0,0,0,0,0,0,0,0,0,0,0,0,0,0,0,0,0,0,0,0,0,0,0,0,0,0,0,0,0,0,0,0,1,2,2,0,5,0,0,0,0,0,0,0,0,0,0,0,0,0,0,0,0,0,0,0,0,0,0,0,0,0,0,0,0,0,1,1,1,0,0,0,0,0,0,0,0,0,0,0,19,1,1,,,,,,,,,,,,,,,,,,,,,,,,,,,,,,,,,,,,,,
PTrail,958,trails,17.378,Dirt,1,2,2,0,0,0,1,0,0,1,2,0,1,2,0,0,0,0,0,0,0,0,0,0,0,5,0,0,0,0,0,0,0,0,1,2,0,0,0,0,0,0,0,0,0,0,0,0,0,0,1,0,0,0,0,0,0,0,0,0,0,0,0,0,0,0,0,0,0,0,0,0,0,1,2,0,1,2,0,0,0,0,0,0,1,0,1,0,0,0,0,0,0,0,0,0,5,0,34,2,2,,,,,,,,,,,,,,,,,,,,,,,,,,,,,,,,,,,,,,
PTrail,959,trails,114.279,Dirt,1,2,2,0,0,0,0,0,0,0,0,0,0,0,0,0,0,0,0,0,0,0,0,0,0,0,0,0,0,0,0,0,0,0,0,0,0,0,0,0,0,0,0,0,0,0,0,0,0,0,0,0,0,0,0,0,0,0,1,0,0,0,0,0,0,0,0,0,0,0,0,0,0,0,0,0,0,0,0,0,0,0,0,0,1,1,1,0,0,0,0,0,0,0,0,0,0,0,9,1,1,,,,,,,,,,,,,,,,,,,,,,,,,,,,,,,,,,,,,,
PTrail,960,trails,347.773,Dirt,1,2,2,0,0,0,0,0,0,0,0,0,1,0,0,0,0,0,1,0,0,0,0,0,0,0,0,0,0,0,0,0,0,0,0,0,0,0,0,0,0,0,0,0,0,0,0,0,0,0,0,0,0,0,0,0,3,0,1,2,2,0,0,0,0,0,0,0,0,0,0,0,0,0,0,0,0,0,0,0,0,0,0,0,1,1,1,0,0,0,0,0,0,0,0,0,0,0,18,1,1,,,,,,,,,,,,,,,,,,,,,,,,,,,,,,,,,,,,,,
PTrail,961,trails,57.386,Dirt,1,2,2,0,0,0,0,0,0,0,0,0,1,0,0,0,0,0,1,0,0,0,0,0,0,0,0,0,0,0,0,0,0,0,0,0,0,0,0,0,0,0,0,0,0,0,0,0,0,0,0,0,0,0,0,0,3,0,1,2,2,0,0,0,0,0,0,0,0,0,0,0,0,0,0,0,0,0,0,0,0,0,0,0,1,1,1,0,0,0,0,0,0,0,0,0,0,0,18,1,1,,,,,,,,,,,,,,,,,,,,,,,,,,,,,,,,,,,,,,
PTrail,962,trails,20.842,Dirt,1,2,2,0,0,0,0,0,0,0,0,0,1,0,0,0,0,0,1,0,0,0,0,0,0,0,0,0,0,0,0,0,0,0,0,0,0,0,0,0,0,0,0,0,0,0,0,0,0,0,0,0,0,0,0,0,0,0,1,2,2,0,0,0,0,0,0,0,0,0,0,0,0,0,0,0,0,0,0,0,0,0,0,0,1,1,1,0,0,0,0,0,0,0,0,0,0,0,15,1,1,,,,,,,,,,,,,,,,,,,,,,,,,,,,,,,,,,,,,,
PTrail,964,trails,185.825,Dirt,1,2,2,0,0,0,0,0,0,0,0,0,1,2,0,0,0,0,1,2,0,0,0,0,0,0,0,0,0,0,0,0,0,0,0,0,0,0,0,0,0,0,0,0,0,0,0,0,0,0,0,0,0,0,0,0,0,0,1,2,2,0,0,0,0,0,0,0,0,0,0,0,0,0,0,0,0,0,0,0,0,0,0,0,1,1,1,0,0,0,0,0,0,0,0,0,0,0,19,1,1,,,,,,,,,,,,,,,,,,,,,,,,,,,,,,,,,,,,,,
PTrail,965,trails,42.656,Dirt,1,2,2,0,0,0,0,0,0,0,0,0,1,0,0,0,0,0,1,0,0,0,0,0,0,0,0,0,0,0,0,0,0,0,0,0,0,0,0,0,0,0,0,0,0,0,0,0,0,0,0,0,0,0,0,0,0,0,1,2,2,0,0,0,0,0,0,0,0,0,0,0,0,0,0,0,0,0,0,0,0,0,0,0,1,1,1,0,0,0,0,0,0,0,0,0,0,0,15,1,1,,,,,,,,,,,,,,,,,,,,,,,,,,,,,,,,,,,,,,
PTrail,967,trails,40.216,Dirt,1,2,2,0,0,0,0,0,0,0,0,0,1,0,0,0,0,0,1,0,0,0,0,0,0,0,0,0,0,0,0,0,0,0,0,0,0,0,0,0,0,0,0,0,0,0,0,0,0,0,0,0,0,0,0,0,0,0,1,2,2,0,0,0,0,0,0,0,0,0,0,0,0,0,0,0,0,0,0,0,0,0,0,0,1,1,1,0,0,0,0,0,0,0,0,0,0,0,15,1,1,,,,,,,,,,,,,,,,,,,,,,,,,,,,,,,,,,,,,,
PTrail,968,trails,20.095,Dirt,1,2,2,0,0,0,0,0,0,0,0,0,1,0,0,0,0,0,1,0,0,0,0,0,0,0,0,0,0,0,0,0,0,0,0,0,0,0,0,0,0,0,0,0,0,0,0,0,0,0,0,0,0,0,0,0,0,0,1,2,2,0,0,0,0,0,0,0,0,0,0,0,0,0,0,0,0,0,0,0,0,0,0,0,1,1,1,0,0,0,0,0,0,0,0,0,0,0,15,1,1,,,,,,,,,,,,,,,,,,,,,,,,,,,,,,,,,,,,,,
PTrail,970,trails,417.634,Dirt,1,2,2,0,0,0,0,0,0,0,0,0,1,2,2,0,0,0,1,2,2,0,0,0,0,5,0,0,0,0,0,0,0,0,0,0,0,0,0,0,0,0,0,0,0,0,0,0,0,0,0,0,0,0,0,0,3,0,1,2,0,0,0,0,0,0,0,0,0,0,0,0,0,0,0,0,0,0,0,0,0,0,0,0,1,1,1,0,0,0,0,0,0,0,0,0,0,3,32,2,2,,,,,,,,,,,,,,,,,,,,,,,,,,,,,,,,,,,,,,
PTrail,972,trails,67.98,Dirt,1,2,2,0,0,0,0,0,0,0,0,0,1,0,0,0,0,0,1,0,0,0,0,0,0,0,0,0,0,0,0,0,0,0,0,0,0,0,0,0,0,0,0,0,0,0,0,0,0,0,0,0,0,0,0,0,0,0,1,2,2,0,0,0,0,0,0,0,0,0,0,0,0,0,0,0,0,0,0,0,0,0,0,0,1,1,1,0,0,0,0,0,0,0,0,0,0,0,15,1,1,,,,,,,,,,,,,,,,,,,,,,,,,,,,,,,,,,,,,,
PTrail,973,trails,110.3,Dirt,1,2,2,0,0,0,0,0,0,0,0,0,1,2,2,0,0,0,1,2,2,0,0,0,0,5,0,0,0,0,0,0,0,0,0,0,0,0,0,0,0,0,0,0,0,0,0,0,0,0,0,0,0,0,0,0,0,0,1,2,0,0,0,0,0,0,0,0,0,0,0,0,0,0,0,0,0,0,0,0,0,0,0,0,1,1,1,0,0,0,0,0,0,0,0,0,0,3,29,2,1,,,,,,,,,,,,,,,,,,,,,,,,,,,,,,,,,,,,,,
PTrail,974,trails,243.417,Dirt,1,2,2,0,0,0,0,0,0,0,0,0,0,0,0,0,0,0,0,0,0,0,0,0,0,0,0,0,0,0,0,0,0,0,0,0,0,0,0,0,0,0,0,0,0,0,0,0,0,0,0,0,0,0,0,0,0,0,0,0,0,0,0,0,0,0,0,0,0,0,0,0,0,0,0,0,0,0,0,0,0,0,0,0,1,1,1,0,0,0,0,0,0,0,0,0,0,0,8,1,1,,,,,,,,,,,,,,,,,,,,,,,,,,,,,,,,,,,,,,
PTrail,975,trails,249.552,Dirt,1,2,2,0,0,0,0,0,0,0,0,0,1,0,0,0,0,0,1,0,0,0,0,0,0,0,0,0,0,0,0,0,0,0,0,0,0,0,0,0,0,0,0,0,0,0,0,0,0,0,0,0,0,0,0,0,0,0,1,2,2,0,0,0,0,0,0,0,0,0,0,0,0,0,0,0,0,0,0,0,0,0,0,0,1,1,1,0,0,0,0,0,0,0,0,0,0,0,15,1,1,,,,,,,,,,,,,,,,,,,,,,,,,,,,,,,,,,,,,,
PTrail,976,trails,206.785,Dirt,1,2,2,0,0,0,0,0,0,0,0,0,0,0,0,0,0,0,0,0,0,0,0,0,0,0,0,0,0,0,0,0,0,0,0,0,0,0,0,0,0,0,0,0,0,0,0,0,0,0,0,0,0,0,0,0,0,0,1,2,0,0,0,0,0,0,0,0,0,0,0,0,0,0,0,0,0,0,0,0,0,0,0,0,1,1,1,0,0,0,0,0,0,0,0,0,0,0,11,1,1,,,,,,,,,,,,,,,,,,,,,,,,,,,,,,,,,,,,,,
PTrail,977,trails,289.823,Dirt,1,2,2,0,0,0,0,0,0,0,0,0,0,0,0,0,0,0,0,0,0,0,0,0,0,0,0,0,0,0,0,0,0,0,0,0,0,0,0,0,0,0,0,0,0,0,0,0,0,0,0,0,0,0,0,0,0,0,1,0,0,0,0,0,0,0,0,0,0,0,0,0,0,0,0,0,0,0,0,0,0,0,0,0,1,1,1,0,0,0,0,0,0,0,0,0,0,0,9,1,1,,,,,,,,,,,,,,,,,,,,,,,,,,,,,,,,,,,,,,
PTrail,978,trails,164.711,Dirt,1,2,2,0,0,0,0,0,0,0,0,0,1,0,0,0,0,0,1,0,0,0,0,0,0,0,0,0,0,0,0,0,0,0,0,0,0,0,0,0,0,0,0,0,0,0,0,0,0,0,0,0,0,0,0,0,0,0,1,0,0,0,0,0,0,0,0,0,0,0,0,0,0,0,0,0,0,0,0,0,0,0,0,0,1,1,1,0,0,0,0,0,0,0,0,0,0,0,11,1,1,,,,,,,,,,,,,,,,,,,,,,,,,,,,,,,,,,,,,,
PTrail,980,trails,76.163,Dirt,1,2,2,0,0,0,0,0,0,0,0,0,0,0,0,0,0,0,0,0,0,0,0,0,0,0,0,0,0,0,0,0,0,0,0,0,0,0,0,0,0,0,0,0,0,0,0,0,0,0,0,0,0,0,0,0,0,0,0,0,0,0,0,0,0,0,0,0,0,0,0,0,0,0,0,0,0,0,0,0,0,0,0,0,1,1,1,0,0,0,0,0,0,0,0,0,0,0,8,1,1,,,,,,,,,,,,,,,,,,,,,,,,,,,,,,,,,,,,,,
PTrail,981,trails,169.695,Dirt,1,2,2,0,0,0,0,0,0,0,0,0,1,0,0,0,0,0,1,0,0,0,0,0,0,0,0,0,0,0,0,0,0,0,0,0,0,0,0,0,0,0,0,0,0,0,0,0,0,0,0,0,0,0,0,0,0,0,1,2,0,0,0,0,0,0,0,0,0,0,0,0,0,0,0,0,0,0,0,0,0,0,0,0,1,1,1,0,0,0,0,0,0,0,0,0,0,0,13,1,1,,,,,,,,,,,,,,,,,,,,,,,,,,,,,,,,,,,,,,
PTrail,983,trails,121.694,Dirt,1,2,2,0,0,0,0,0,0,0,0,0,1,0,0,0,0,0,1,0,0,0,0,0,0,0,0,0,0,0,0,0,0,0,0,0,0,0,0,0,0,0,0,0,0,0,0,0,0,0,0,0,0,0,0,0,0,0,1,2,0,0,0,0,0,0,0,0,0,0,0,0,0,0,0,0,0,0,0,0,0,0,0,0,1,1,1,0,0,0,0,0,0,0,0,0,0,0,13,1,1,,,,,,,,,,,,,,,,,,,,,,,,,,,,,,,,,,,,,,
PTrail,984,trails,9.72,Dirt,1,2,2,0,0,0,0,0,0,0,0,0,1,0,0,0,0,0,1,0,0,0,0,0,0,0,0,0,0,0,0,0,0,0,0,0,0,0,0,0,0,0,0,0,0,0,0,0,0,0,0,0,0,0,0,0,0,0,1,0,0,0,0,0,0,0,0,0,0,0,0,0,0,0,0,0,0,0,0,0,0,0,0,0,1,1,1,0,0,0,0,0,0,0,0,0,0,0,11,1,1,,,,,,,,,,,,,,,,,,,,,,,,,,,,,,,,,,,,,,
PTrail,986,trails,174.323,Dirt,1,2,2,0,0,0,0,0,0,0,0,0,1,0,0,0,0,0,1,0,0,0,0,0,0,0,0,0,0,0,0,0,0,0,0,0,0,0,0,0,0,0,0,0,0,0,0,0,0,0,0,0,0,0,0,0,0,0,1,0,0,0,0,0,0,0,0,0,0,0,0,0,0,0,0,0,0,0,0,0,0,0,0,0,1,1,1,0,0,0,0,0,0,0,0,0,0,0,11,1,1,,,,,,,,,,,,,,,,,,,,,,,,,,,,,,,,,,,,,,
PTrail,988,trails,40.942,Dirt,1,2,2,0,0,0,0,0,0,0,0,0,0,0,0,0,0,0,0,0,0,0,0,0,0,0,0,0,0,0,0,0,0,0,0,0,0,0,0,0,0,0,0,0,0,0,0,0,0,0,0,0,0,0,0,0,0,0,0,0,0,0,0,0,0,0,0,0,0,0,0,0,0,0,0,0,0,0,0,0,0,0,0,0,1,1,1,0,0,0,0,0,0,0,0,0,0,0,8,1,1,,,,,,,,,,,,,,,,,,,,,,,,,,,,,,,,,,,,,,
PTrail,989,trails,198.994,Dirt,1,2,2,0,0,0,0,0,0,0,0,0,0,0,0,0,0,0,0,0,0,0,0,0,0,0,0,0,0,0,0,0,0,0,0,0,0,0,0,0,0,0,0,0,0,0,0,0,0,0,0,0,0,0,0,0,0,0,0,0,0,0,0,0,0,0,0,0,0,0,0,0,0,0,0,0,0,0,0,0,0,0,0,0,1,1,1,0,0,0,0,0,0,0,0,0,0,0,8,1,1,,,,,,,,,,,,,,,,,,,,,,,,,,,,,,,,,,,,,,
PTrail,990,trails,105.288,Dirt,1,2,2,0,0,0,0,0,0,0,0,0,0,0,0,0,0,0,0,0,0,0,0,0,0,0,0,0,0,0,0,0,0,0,0,0,0,0,0,0,0,0,0,0,0,0,0,0,0,0,0,0,0,0,0,0,0,0,0,0,0,0,0,0,0,0,0,0,0,0,0,0,0,0,0,0,0,0,0,0,0,0,0,0,1,1,1,0,0,0,0,0,0,0,0,0,0,0,8,1,1,,,,,,,,,,,,,,,,,,,,,,,,,,,,,,,,,,,,,,
PTrail,992,trails,180.024,Dirt,1,2,2,0,0,0,0,0,0,0,0,0,0,0,0,0,0,0,0,0,0,0,0,0,0,0,0,0,0,0,0,0,0,0,0,0,0,0,0,0,0,0,0,0,0,0,0,0,0,0,0,0,0,0,0,0,0,0,0,0,0,0,0,0,0,0,0,0,0,0,0,0,0,0,0,0,0,0,0,0,0,0,0,0,1,1,1,0,0,0,0,0,0,0,0,0,0,0,8,1,1,,,,,,,,,,,,,,,,,,,,,,,,,,,,,,,,,,,,,,
PTrail,993,trails,250.399,Dirt,1,2,2,0,0,0,0,0,0,0,0,0,1,0,0,0,0,0,1,0,0,0,0,0,0,0,0,0,0,0,0,0,0,0,0,0,0,0,0,0,0,0,0,0,0,0,0,0,0,0,0,0,0,0,0,0,0,0,1,0,0,0,0,0,0,0,0,0,0,0,0,0,0,0,0,0,0,0,0,0,0,0,0,0,1,1,1,0,0,0,0,0,0,0,0,0,0,0,11,1,1,,,,,,,,,,,,,,,,,,,,,,,,,,,,,,,,,,,,,,
PTrail,994,trails,65.331,Dirt,1,2,2,0,0,0,0,0,0,0,0,0,1,2,0,0,0,0,1,2,0,0,0,0,0,0,0,0,0,0,0,0,0,0,0,0,0,0,0,0,0,0,0,0,0,0,0,0,0,0,0,0,0,0,0,0,0,0,0,0,0,0,0,0,0,0,0,0,0,0,0,0,0,0,0,0,0,0,0,0,0,0,0,0,1,1,1,0,0,0,0,0,0,0,0,0,0,0,14,1,1,,,,,,,,,,,,,,,,,,,,,,,,,,,,,,,,,,,,,,
PTrail,995,trails,262.737,Dirt,1,2,2,0,0,0,0,0,0,0,0,0,1,0,0,0,0,0,1,0,0,0,0,0,0,0,0,0,0,0,0,0,0,0,0,0,0,0,0,0,0,0,0,0,0,0,0,0,0,0,0,0,0,0,0,0,0,0,1,0,0,0,0,0,0,0,0,0,0,0,0,0,0,0,0,0,0,0,0,0,0,0,0,0,1,1,1,0,0,0,0,0,0,0,0,0,0,0,11,1,1,,,,,,,,,,,,,,,,,,,,,,,,,,,,,,,,,,,,,,
PTrail,997,trails,422.763,Dirt,1,2,2,0,0,0,0,0,0,0,0,0,1,2,0,0,0,0,1,2,0,0,0,0,0,0,0,0,0,0,0,0,0,0,0,0,0,0,0,0,0,0,0,0,0,0,0,0,0,0,0,0,0,0,0,0,0,0,1,2,0,0,0,0,0,0,0,0,0,0,0,0,0,0,0,0,0,0,0,0,0,0,0,0,1,1,1,0,0,0,0,0,0,0,0,0,0,0,17,1,1,,,,,,,,,,,,,,,,,,,,,,,,,,,,,,,,,,,,,,
PTrail,998,trails,50.933,Dirt,1,2,2,0,0,0,0,0,0,0,0,0,1,2,0,0,0,0,1,2,0,0,0,0,0,0,0,0,0,0,0,0,0,0,0,0,0,0,0,0,0,0,0,0,0,0,0,0,0,0,0,0,0,0,0,0,0,0,0,0,0,0,0,0,0,0,0,0,0,0,0,0,0,0,0,0,0,0,0,0,0,0,0,0,1,1,1,0,0,0,0,0,0,0,0,0,0,0,14,1,1,,,,,,,,,,,,,,,,,,,,,,,,,,,,,,,,,,,,,,
PTrail,999,trails,60.791,Dirt,1,2,2,0,0,0,0,0,0,0,0,0,1,2,0,0,0,0,1,2,0,0,0,0,0,0,0,0,0,0,0,0,0,0,0,0,0,0,0,0,0,0,0,0,0,0,0,0,0,0,0,0,0,0,0,0,0,0,0,0,0,0,0,0,0,0,0,0,0,0,0,0,0,0,0,0,0,0,0,0,0,0,0,0,1,1,1,0,0,0,0,0,0,0,0,0,0,0,14,1,1,,,,,,,,,,,,,,,,,,,,,,,,,,,,,,,,,,,,,,
PTrail,1000,trails,42.222,Dirt,1,2,2,0,0,0,0,0,0,0,0,0,1,2,0,0,0,0,1,2,0,0,0,0,0,0,0,0,0,0,0,0,0,0,0,0,0,0,0,0,0,0,0,0,0,0,0,0,0,0,0,0,0,0,0,0,0,0,0,0,0,0,0,0,0,0,0,0,0,0,0,0,0,0,0,0,0,0,0,0,0,0,0,0,1,1,1,0,0,0,0,0,0,0,0,0,0,0,14,1,1,,,,,,,,,,,,,,,,,,,,,,,,,,,,,,,,,,,,,,
PTrail,1001,trails,103.085,Dirt,1,2,2,0,0,0,0,0,0,0,0,0,1,2,0,0,0,0,1,2,0,0,0,0,0,0,0,0,0,0,0,0,0,0,0,0,0,0,0,0,0,0,0,0,0,0,0,0,0,0,0,0,0,0,0,0,0,0,0,0,0,0,0,0,0,0,0,0,0,0,0,0,0,0,0,0,0,0,0,0,0,0,0,0,1,1,1,0,0,0,0,0,0,0,0,0,0,0,14,1,1,,,,,,,,,,,,,,,,,,,,,,,,,,,,,,,,,,,,,,
PTrail,1002,trails,263.041,Dirt,1,2,2,0,0,0,0,0,0,0,0,0,1,0,0,0,0,0,1,0,0,0,0,0,0,0,0,0,0,0,0,0,0,0,0,0,0,0,0,0,0,0,0,0,0,0,0,0,0,0,0,0,0,0,0,0,0,0,0,0,0,0,0,0,0,0,0,0,0,0,0,0,0,0,0,0,0,0,0,0,0,0,0,0,1,1,1,0,0,0,0,0,0,0,0,0,0,0,10,1,1,,,,,,,,,,,,,,,,,,,,,,,,,,,,,,,,,,,,,,
PTrail,1003,trails,565.352,Dirt,1,2,2,0,0,0,0,0,0,0,0,0,1,2,2,0,0,0,1,2,2,0,0,0,0,5,0,0,0,0,0,0,0,0,0,0,0,0,0,0,0,0,0,0,0,0,0,0,0,0,1,0,0,0,0,0,0,0,0,0,0,0,0,0,0,0,0,0,0,0,0,0,0,0,0,0,0,0,0,0,0,0,0,0,1,1,1,0,0,0,0,0,0,0,0,0,0,3,27,1,1,,,,,,,,,,,,,,,,,,,,,,,,,,,,,,,,,,,,,,
PTrail,1004,trails,282.25,Dirt,1,2,2,0,0,0,0,0,0,0,0,0,1,0,0,0,0,0,1,0,0,0,0,0,0,0,0,0,0,0,0,0,0,0,0,0,0,0,0,0,0,0,0,0,0,0,0,0,0,0,0,0,0,0,0,0,0,0,0,0,0,0,0,0,0,0,0,0,0,0,0,0,0,0,0,0,0,0,0,0,0,0,0,0,1,1,1,0,0,0,0,0,0,0,0,0,0,0,10,1,1,,,,,,,,,,,,,,,,,,,,,,,,,,,,,,,,,,,,,,
PTrail,1005,trails,146.393,Dirt,1,2,2,0,0,0,0,0,0,0,0,0,1,2,2,0,0,0,1,2,2,0,0,0,0,5,0,0,0,0,0,0,0,0,0,0,0,0,0,0,0,0,0,0,0,0,0,0,0,0,0,0,0,0,0,0,0,0,0,0,0,0,0,0,0,0,0,0,0,0,0,0,0,0,0,0,0,0,0,0,0,0,0,0,1,1,1,0,0,0,0,0,0,0,0,0,0,3,26,1,1,,,,,,,,,,,,,,,,,,,,,,,,,,,,,,,,,,,,,,
PTrail,1006,trails,951.722,Dirt,1,2,0,0,0,0,0,0,0,0,0,0,1,2,2,0,0,0,1,2,2,0,0,0,0,5,0,0,0,0,0,0,0,0,0,0,0,0,0,0,0,0,0,0,0,0,0,0,0,0,1,2,0,0,0,0,0,0,0,0,0,0,0,0,0,0,0,0,0,0,0,0,0,1,0,0,0,0,0,0,0,0,0,0,1,1,1,0,0,0,0,0,0,0,0,0,5,3,33,2,2,,,,,,,,,,,,,,,,,,,,,,,,,,,,,,,,,,,,,,
PTrail,1007,trails,31.876,Dirt,1,2,2,1,2,2,1,2,0,0,0,0,1,0,0,1,2,0,0,0,0,0,0,0,0,5,0,0,0,0,0,0,0,0,1,2,2,0,0,0,1,0,0,0,1,0,0,0,1,0,1,2,2,0,0,0,0,0,0,0,0,0,0,0,0,0,0,0,0,0,0,0,0,0,0,0,1,0,0,0,0,0,0,0,1,0,0,0,0,0,0,0,0,0,0,0,5,0,42,2,2,,,,,,,,,,,,,,,,,,,,,,,,,,,,,,,,,,,,,,
PTrail,1008,trails,89.125,Dirt,1,2,2,1,2,2,1,2,2,0,0,0,1,2,0,0,0,0,0,0,0,0,0,0,0,5,0,2,0,0,0,0,0,0,0,0,0,0,0,0,0,0,0,0,0,0,0,0,1,0,1,2,2,5,0,4,0,1,0,0,0,0,0,0,0,0,0,0,0,0,0,0,0,1,0,0,1,2,0,0,0,0,0,3,1,1,0,0,0,0,0,0,0,0,0,0,5,0,55,3,3,,,,,,,,,,,,,,,,,,,,,,,,,,,,,,,,,,,,,,
PTrail,1009,trails,231.514,Dirt,1,2,2,0,0,0,0,0,0,0,0,0,0,0,0,0,0,0,0,0,0,0,0,0,0,0,0,0,0,0,0,0,0,0,0,0,0,0,0,0,0,0,0,0,0,0,0,0,0,0,0,0,0,0,0,0,0,0,0,0,0,0,0,0,0,0,0,0,0,0,0,0,0,0,0,0,0,0,0,0,0,0,0,0,1,1,1,0,0,0,0,0,0,0,0,0,0,0,8,1,1,,,,,,,,,,,,,,,,,,,,,,,,,,,,,,,,,,,,,,
PTrail,1010,trails,89.713,Dirt,1,2,2,0,0,0,0,0,0,0,0,0,0,0,0,0,0,0,0,0,0,0,0,0,0,0,0,0,0,0,0,0,0,0,0,0,0,0,0,0,0,0,0,0,0,0,0,0,0,0,0,0,0,0,0,0,0,0,0,0,0,0,0,0,0,0,0,0,0,0,0,0,0,0,0,0,0,0,0,0,0,0,0,0,1,1,1,0,0,0,0,0,0,0,0,0,0,0,8,1,1,,,,,,,,,,,,,,,,,,,,,,,,,,,,,,,,,,,,,,
PTrail,1011,trails,86.873,Dirt,1,2,2,0,0,0,0,0,0,0,0,0,0,0,0,0,0,0,0,0,0,0,0,0,0,0,0,0,0,0,0,0,0,0,0,0,0,0,0,0,0,0,0,0,0,0,0,0,0,0,0,0,0,0,0,0,0,0,0,0,0,0,0,0,0,0,0,0,0,0,0,0,0,0,0,0,0,0,0,0,0,0,0,0,1,1,1,0,0,0,0,0,0,0,0,0,0,0,8,1,1,,,,,,,,,,,,,,,,,,,,,,,,,,,,,,,,,,,,,,
PTrail,1012,trails,286.908,Dirt,1,2,2,0,0,0,0,0,0,0,0,0,0,0,0,0,0,0,0,0,0,0,0,0,0,0,0,0,0,0,0,0,0,0,0,0,0,0,0,0,0,0,0,0,0,0,0,0,0,0,0,0,0,0,0,0,0,0,1,0,0,0,0,0,0,0,0,0,0,0,0,0,0,0,0,0,0,0,0,0,0,0,0,0,1,1,1,0,0,0,0,0,0,0,0,0,0,0,9,1,1,,,,,,,,,,,,,,,,,,,,,,,,,,,,,,,,,,,,,,
PTrail,1013,trails,145.419,Dirt,1,2,2,0,0,0,0,0,0,0,0,0,0,0,0,0,0,0,0,0,0,0,0,0,0,0,0,0,0,0,0,0,0,0,0,0,0,0,0,0,0,0,0,0,0,0,0,0,0,0,0,0,0,0,0,0,0,0,0,0,0,0,0,0,0,0,0,0,0,0,0,0,0,0,0,0,0,0,0,0,0,0,0,0,1,1,1,0,0,0,0,0,0,0,0,0,0,0,8,1,1,,,,,,,,,,,,,,,,,,,,,,,,,,,,,,,,,,,,,,
PTrail,1014,trails,304.182,Dirt,1,2,2,0,0,0,0,0,0,0,0,0,0,0,0,0,0,0,0,0,0,0,0,0,0,0,0,0,0,0,0,0,0,0,0,0,0,0,0,0,0,0,0,0,0,0,0,0,0,0,0,0,0,0,0,0,0,0,0,0,0,0,0,0,0,0,0,0,0,0,0,0,0,0,0,0,0,0,0,0,0,0,0,0,1,1,1,0,0,0,0,0,0,0,0,0,0,0,8,1,1,,,,,,,,,,,,,,,,,,,,,,,,,,,,,,,,,,,,,,
PTrail,1015,trails,177.856,Dirt,1,2,2,0,0,0,0,0,0,0,0,0,0,0,0,0,0,0,0,0,0,0,0,0,0,0,0,0,0,0,0,0,0,0,0,0,0,0,0,0,0,0,0,0,0,0,0,0,0,0,0,0,0,0,0,0,0,0,1,0,0,0,0,0,0,0,0,0,0,0,0,0,0,0,0,0,0,0,0,0,0,0,0,0,1,1,1,0,0,0,0,0,0,0,0,0,0,0,9,1,1,,,,,,,,,,,,,,,,,,,,,,,,,,,,,,,,,,,,,,
PTrail,1016,trails,238.842,Dirt,1,2,2,0,0,0,0,0,0,0,0,0,1,0,0,0,0,0,1,0,0,0,0,0,0,0,0,0,0,0,0,0,0,0,0,0,0,0,0,0,0,0,0,0,0,0,0,0,0,0,0,0,0,0,0,0,0,0,0,0,0,0,0,0,0,0,0,0,0,0,0,0,0,0,0,0,0,0,0,0,0,0,0,0,1,1,1,0,0,0,0,0,0,0,0,0,0,0,10,1,1,,,,,,,,,,,,,,,,,,,,,,,,,,,,,,,,,,,,,,
PTrail,1017,trails,80.124,Dirt,1,2,2,0,0,0,0,0,0,0,0,0,1,0,0,0,0,0,1,0,0,0,0,0,0,0,0,0,0,0,0,0,0,0,0,0,0,0,0,0,0,0,0,0,0,0,0,0,0,0,0,0,0,0,0,0,0,0,0,0,0,0,0,0,0,0,0,0,0,0,0,0,0,0,0,0,0,0,0,0,0,0,0,0,1,1,1,0,0,0,0,0,0,0,0,0,0,0,10,1,1,,,,,,,,,,,,,,,,,,,,,,,,,,,,,,,,,,,,,,
PTrail,1018,trails,114.539,Dirt,1,2,2,0,0,0,0,0,0,0,0,0,1,0,0,0,0,0,1,0,0,0,0,0,0,0,0,0,0,0,0,0,0,0,0,0,0,0,0,0,0,0,0,0,0,0,0,0,0,0,0,0,0,0,0,0,0,0,0,0,0,0,0,0,0,0,0,0,0,0,0,0,0,0,0,0,0,0,0,0,0,0,0,0,1,1,1,0,0,0,0,0,0,0,0,0,0,0,10,1,1,,,,,,,,,,,,,,,,,,,,,,,,,,,,,,,,,,,,,,
PTrail,1019,trails,276.793,Dirt,1,2,2,0,0,0,0,0,0,0,0,0,1,0,0,0,0,0,1,0,0,0,0,0,0,0,0,0,0,0,0,0,0,0,0,0,0,0,0,0,0,0,0,0,0,0,0,0,0,0,0,0,0,0,0,0,0,0,1,0,0,0,0,0,0,0,0,0,0,0,0,0,0,0,0,0,0,0,0,0,0,0,0,0,1,1,1,0,0,0,0,0,0,0,0,0,0,0,11,1,1,,,,,,,,,,,,,,,,,,,,,,,,,,,,,,,,,,,,,,
PTrail,1020,trails,179.001,Dirt,1,2,2,0,0,0,0,0,0,0,0,0,1,2,2,0,0,0,1,2,2,0,0,0,0,0,0,0,0,0,0,0,0,0,0,0,0,0,0,0,0,0,0,0,0,0,0,0,0,0,0,0,0,0,0,0,0,0,0,0,0,0,0,0,0,0,0,0,0,0,0,0,0,0,0,0,0,0,0,0,0,0,0,0,1,1,1,0,0,0,0,0,0,0,0,0,0,0,18,1,1,,,,,,,,,,,,,,,,,,,,,,,,,,,,,,,,,,,,,,
PTrail,1021,trails,181.539,Dirt,1,2,2,0,0,0,0,0,0,0,0,0,1,2,2,0,0,0,1,2,2,0,0,0,0,0,0,0,0,0,0,0,0,0,0,0,0,0,0,0,0,0,0,0,0,0,0,0,0,0,0,0,0,0,0,0,0,0,0,0,0,0,0,0,0,0,0,0,0,0,0,0,0,0,0,0,0,0,0,0,0,0,0,0,1,1,1,0,0,0,0,0,0,0,0,0,0,0,18,1,1,,,,,,,,,,,,,,,,,,,,,,,,,,,,,,,,,,,,,,
PTrail,1022,trails,126.158,Dirt,1,2,2,0,0,0,0,0,0,0,0,0,1,2,2,0,0,0,1,2,2,0,0,0,0,5,0,0,0,0,0,0,0,0,0,0,0,0,0,0,0,0,0,0,0,0,0,0,0,0,0,0,0,0,0,0,0,0,0,0,0,0,0,0,0,0,0,0,0,0,0,0,0,0,0,0,0,0,0,0,0,0,0,0,1,1,1,0,0,0,0,0,0,0,0,0,0,3,26,1,1,,,,,,,,,,,,,,,,,,,,,,,,,,,,,,,,,,,,,,
PTrail,1023,trails,501.597,Dirt,1,2,2,0,0,0,0,0,0,0,0,0,1,2,2,0,0,0,1,2,2,0,0,0,0,5,0,0,0,0,0,0,0,0,0,0,0,0,0,0,0,0,0,0,0,0,0,0,0,0,0,0,0,0,0,0,0,0,0,0,0,0,0,0,0,0,0,0,0,0,0,0,0,0,0,0,0,0,0,0,0,0,0,0,1,1,1,0,0,0,0,0,0,0,0,0,0,3,26,1,1,,,,,,,,,,,,,,,,,,,,,,,,,,,,,,,,,,,,,,
PTrail,1024,trails,211.222,Dirt,1,2,2,0,0,0,0,0,0,0,0,0,1,2,2,0,0,0,1,2,2,0,0,0,0,5,0,0,0,0,0,0,0,0,0,0,0,0,0,0,0,0,0,0,0,0,0,0,0,0,0,0,0,0,0,0,0,0,0,0,0,0,0,0,0,0,0,0,0,0,0,0,0,0,0,0,0,0,0,0,0,0,0,0,1,1,1,0,0,0,0,0,0,0,0,0,0,3,26,1,1,,,,,,,,,,,,,,,,,,,,,,,,,,,,,,,,,,,,,,
PTrail,1026,trails,242.922,Dirt,1,2,2,0,0,0,0,0,0,0,0,0,0,0,0,0,0,0,0,0,0,0,0,0,0,0,0,0,0,0,0,0,0,0,0,0,0,0,0,0,0,0,0,0,0,0,0,0,0,0,0,0,0,0,0,0,0,0,0,0,0,0,0,0,0,0,0,0,0,0,0,0,0,0,0,0,0,0,0,0,0,0,0,0,1,1,1,0,0,0,0,0,0,0,0,0,0,0,8,1,1,,,,,,,,,,,,,,,,,,,,,,,,,,,,,,,,,,,,,,
PTrail,1027,trails,28.182,Dirt,1,2,2,0,0,0,0,0,0,0,0,0,0,0,0,0,0,0,0,0,0,0,0,0,0,0,0,0,0,0,0,0,0,0,0,0,0,0,0,0,0,0,0,0,0,0,0,0,0,0,0,0,0,0,0,0,0,0,1,0,0,0,0,0,0,0,0,0,0,0,0,0,0,0,0,0,0,0,0,0,0,0,0,0,1,1,1,0,0,0,0,0,0,0,0,0,0,0,9,1,1,,,,,,,,,,,,,,,,,,,,,,,,,,,,,,,,,,,,,,
PTrail,1028,trails,423.437,Dirt,1,2,2,0,0,0,0,0,0,0,0,0,0,0,0,0,0,0,0,0,0,0,0,0,0,0,0,0,0,0,0,0,0,0,0,0,0,0,0,0,0,0,0,0,0,0,0,0,0,0,0,0,0,0,0,0,0,0,1,0,0,0,0,0,0,0,0,0,0,0,0,0,0,0,0,0,0,0,0,0,0,0,0,0,1,1,1,0,0,0,0,0,0,0,0,0,0,0,9,1,1,,,,,,,,,,,,,,,,,,,,,,,,,,,,,,,,,,,,,,
PTrail,1029,trails,528.379,Dirt,1,2,2,0,0,0,0,0,0,0,0,0,0,0,0,0,0,0,0,0,0,0,0,0,0,0,0,0,0,0,0,0,0,0,0,0,0,0,0,0,0,0,0,0,0,0,0,0,0,0,0,0,0,0,0,0,0,0,1,0,0,0,0,0,0,0,0,0,0,0,0,0,0,0,0,0,0,0,0,0,0,0,0,0,1,1,1,0,0,0,0,0,0,0,0,0,0,0,9,1,1,,,,,,,,,,,,,,,,,,,,,,,,,,,,,,,,,,,,,,
PTrail,1030,trails,264.76,Dirt,1,2,2,0,0,0,0,0,0,0,0,0,1,2,2,0,0,0,1,2,2,0,0,0,0,5,0,0,0,0,0,0,0,0,0,0,0,0,0,0,0,0,0,0,0,0,0,0,0,0,0,0,0,0,0,0,0,0,0,0,0,0,0,0,0,0,0,0,0,0,0,0,0,0,0,0,0,0,0,0,0,0,0,0,1,1,1,0,0,0,0,0,0,0,0,0,0,3,26,1,1,,,,,,,,,,,,,,,,,,,,,,,,,,,,,,,,,,,,,,
PTrail,1031,trails,246.778,Dirt,1,2,2,0,0,0,0,0,0,0,0,0,1,2,2,0,0,0,1,2,2,0,0,0,0,0,0,0,0,0,0,0,0,0,0,0,0,0,0,0,0,0,0,0,0,0,0,0,0,0,0,0,0,0,0,0,0,0,0,0,0,0,0,0,0,0,0,0,0,0,0,0,0,0,0,0,0,0,0,0,0,0,0,0,1,1,1,0,0,0,0,0,0,0,0,0,0,0,18,1,1,,,,,,,,,,,,,,,,,,,,,,,,,,,,,,,,,,,,,,
PTrail,1032,trails,327.918,Dirt,1,2,2,0,0,0,0,0,0,0,0,0,1,2,2,0,0,0,1,2,2,0,0,0,0,5,0,0,0,0,0,0,0,0,0,0,0,0,0,0,0,0,0,0,0,0,0,0,0,0,0,0,0,0,0,0,0,0,1,0,0,0,0,0,0,0,0,0,0,0,0,0,0,0,0,0,0,0,0,0,0,0,0,0,1,1,1,0,0,0,0,0,0,0,0,0,0,3,27,1,1,,,,,,,,,,,,,,,,,,,,,,,,,,,,,,,,,,,,,,
PTrail,1033,trails,9.509,Dirt,1,2,2,0,0,0,0,0,0,0,0,0,1,2,2,0,0,0,1,2,2,0,0,0,0,5,0,0,0,0,0,0,0,0,0,0,0,0,0,0,0,0,0,0,0,0,0,0,0,0,0,0,0,0,0,0,0,0,1,0,0,0,0,0,0,0,0,0,0,0,0,0,0,0,0,0,0,0,0,0,0,0,0,0,1,1,1,0,0,0,0,0,0,0,0,0,0,3,27,1,1,,,,,,,,,,,,,,,,,,,,,,,,,,,,,,,,,,,,,,
PTrail,1034,trails,1013.462,Dirt,1,2,2,0,0,0,0,0,0,0,0,0,1,2,2,0,0,0,1,2,2,0,0,0,0,5,0,0,0,0,0,0,0,0,0,0,0,0,0,0,0,0,0,0,0,0,0,0,0,0,1,0,0,0,0,0,0,0,1,0,0,0,0,0,0,0,0,0,0,0,0,0,0,0,0,0,0,0,0,0,0,0,0,0,1,1,1,0,0,0,0,0,0,0,0,0,5,3,33,2,2,,,,,,,,,,,,,,,,,,,,,,,,,,,,,,,,,,,,,,
PTrail,1035,trails,362.656,Dirt,1,2,2,1,2,2,1,2,2,0,0,0,1,0,0,1,2,0,0,0,0,0,0,0,0,5,0,2,0,0,0,0,0,0,1,2,0,0,0,0,0,0,0,0,1,0,0,0,1,1,1,2,2,0,0,0,0,0,0,0,0,0,0,0,0,0,0,0,0,0,0,0,0,0,0,0,1,0,0,0,0,0,0,0,1,0,0,0,0,0,0,0,0,0,0,0,5,0,44,2,2,,,,,,,,,,,,,,,,,,,,,,,,,,,,,,,,,,,,,,
PTrail,1036,trails,74.405,Dirt,1,2,2,0,0,0,0,0,0,0,0,0,1,0,0,0,0,0,0,0,0,0,0,0,0,0,0,0,0,0,0,0,0,0,0,0,0,0,0,0,0,0,0,0,0,0,0,0,0,0,1,2,2,0,0,0,0,0,0,0,0,0,0,0,0,0,0,0,0,0,0,0,0,0,0,0,0,0,0,0,0,0,0,0,1,1,1,0,0,0,0,0,0,0,0,0,0,0,14,1,1,,,,,,,,,,,,,,,,,,,,,,,,,,,,,,,,,,,,,,
PTrail,1037,trails,81.018,Dirt,1,2,2,0,0,0,0,0,0,0,0,0,1,0,0,0,0,0,0,0,0,0,0,0,0,0,0,0,0,0,0,0,0,0,0,0,0,0,0,0,0,0,0,0,0,0,0,0,0,0,1,2,2,0,0,0,0,0,0,0,0,0,0,0,0,0,0,0,0,0,0,0,0,0,0,0,0,0,0,0,0,0,0,0,1,1,1,0,0,0,0,0,0,0,0,0,0,0,14,1,1,,,,,,,,,,,,,,,,,,,,,,,,,,,,,,,,,,,,,,
PTrail,1038,trails,5.603,Dirt,1,2,2,1,2,0,0,0,0,0,0,0,1,0,0,0,0,0,0,0,0,0,0,0,0,5,0,0,0,0,0,0,0,0,1,2,2,0,0,0,0,0,0,0,1,0,0,0,0,0,1,2,0,0,0,0,0,0,0,0,0,0,0,0,0,0,0,0,0,0,0,0,0,1,0,0,1,2,0,0,0,0,0,0,1,1,1,0,0,0,0,0,0,0,0,0,5,0,35,2,2,,,,,,,,,,,,,,,,,,,,,,,,,,,,,,,,,,,,,,
PTrail,1039,trails,42.296,Dirt,1,2,2,1,2,0,1,0,0,0,0,0,1,0,0,0,0,0,0,0,0,0,0,0,0,5,0,2,0,0,0,0,0,0,1,2,2,0,0,0,0,0,0,0,1,0,0,0,0,0,1,2,0,0,0,0,0,1,0,0,0,0,0,0,0,0,0,0,0,0,0,0,0,1,0,0,1,2,0,0,0,0,5,0,1,1,1,0,0,0,0,0,0,0,0,0,5,0,44,2,2,,,,,,,,,,,,,,,,,,,,,,,,,,,,,,,,,,,,,,
PTrail,1040,trails,372.805,Dirt,1,2,2,0,0,0,0,0,0,0,0,0,0,0,0,0,0,0,0,0,0,0,0,0,0,5,0,0,0,0,0,0,0,0,0,0,0,0,0,0,0,0,0,0,0,0,0,0,0,0,0,0,0,0,0,0,0,0,0,0,0,0,0,0,0,0,0,0,0,0,0,0,0,0,0,0,0,0,0,0,0,0,0,0,1,1,1,0,0,0,0,0,0,0,0,0,5,0,18,1,1,,,,,,,,,,,,,,,,,,,,,,,,,,,,,,,,,,,,,,
PTrail,1041,trails,119.048,Dirt,1,2,2,0,0,0,0,0,0,0,0,0,0,0,0,0,0,0,0,0,0,0,0,0,0,5,0,0,0,0,0,0,0,0,0,0,0,0,0,0,0,0,0,0,0,0,0,0,0,0,0,0,0,0,0,0,0,0,1,0,0,0,0,0,0,0,0,0,0,0,0,0,0,0,0,0,0,0,0,0,0,0,0,0,1,1,1,0,0,0,0,0,0,0,0,0,5,0,19,1,1,,,,,,,,,,,,,,,,,,,,,,,,,,,,,,,,,,,,,,
PTrail,1042,trails,225.705,Dirt,1,2,2,0,0,0,0,0,0,0,0,0,0,0,0,0,0,0,0,0,0,0,0,0,0,5,0,0,0,0,0,0,0,0,0,0,0,0,0,0,0,0,0,0,0,0,0,0,0,0,0,0,0,0,0,0,0,0,1,2,0,0,0,0,0,0,0,0,0,0,0,0,0,0,0,0,0,0,0,0,0,0,0,0,1,1,1,0,0,0,0,0,0,0,0,0,5,0,21,1,1,,,,,,,,,,,,,,,,,,,,,,,,,,,,,,,,,,,,,,
PTrail,1043,trails,57.692,Dirt,1,2,2,0,0,0,0,0,0,0,0,0,0,0,0,0,0,0,0,0,0,0,0,0,0,5,0,0,0,0,0,0,0,0,0,0,0,0,0,0,0,0,0,0,0,0,0,0,0,0,0,0,0,0,0,0,0,0,1,0,0,0,0,0,0,0,0,0,0,0,0,0,0,0,0,0,0,0,0,0,0,0,0,0,1,1,1,0,0,0,0,0,0,0,0,0,5,0,19,1,1,,,,,,,,,,,,,,,,,,,,,,,,,,,,,,,,,,,,,,
PTrail,1044,trails,60.56,Dirt,1,2,2,0,0,0,0,0,0,0,0,0,0,0,0,0,0,0,0,0,0,0,0,0,0,5,0,0,0,0,0,0,0,0,0,0,0,0,0,0,0,0,0,0,0,0,0,0,0,0,0,0,0,0,0,0,0,0,1,0,0,0,0,0,0,0,0,0,0,0,0,0,0,0,0,0,0,0,0,0,0,0,0,0,1,1,1,0,0,0,0,0,0,0,0,0,5,0,19,1,1,,,,,,,,,,,,,,,,,,,,,,,,,,,,,,,,,,,,,,
PTrail,1045,trails,296.592,Dirt,1,2,2,1,2,0,1,2,0,0,0,0,1,0,0,0,0,0,0,0,0,0,0,0,0,5,0,2,0,0,0,0,0,0,0,0,0,0,0,0,0,0,0,0,0,0,0,0,0,0,1,2,0,0,0,0,0,1,0,0,0,0,0,0,0,0,0,0,0,0,0,0,0,0,0,0,1,0,0,0,0,0,0,3,1,1,0,0,0,0,0,0,0,0,0,0,5,0,34,2,2,,,,,,,,,,,,,,,,,,,,,,,,,,,,,,,,,,,,,,
PTrail,1046,trails,355.307,Dirt,1,2,2,1,2,2,1,2,0,0,0,0,1,2,2,0,0,0,0,0,0,0,0,0,0,5,0,2,0,0,0,0,0,0,1,2,2,0,0,0,0,0,0,5,0,0,0,0,0,0,1,2,2,5,0,0,3,1,0,0,0,0,0,0,1,0,0,1,2,0,1,2,0,1,2,0,1,2,2,0,0,0,5,0,1,1,1,0,0,0,0,0,0,0,0,0,5,0,77,4,4,,,,,,,,,,,,,,,,,,,,,,,,,,,,,,,,,,,,,,
PTrail,1047,trails,499.225,Dirt,1,2,2,1,0,0,1,0,0,1,2,0,1,2,2,0,0,0,0,0,0,0,0,0,0,5,0,2,0,0,0,1,0,0,1,2,2,0,0,0,0,0,0,5,0,0,0,0,0,0,1,2,2,0,0,0,3,1,0,0,0,0,0,0,1,0,0,1,2,0,1,2,0,1,2,0,1,2,0,0,0,0,5,3,1,0,1,0,0,0,0,0,0,0,0,0,5,0,70,4,4,,,,,,,,,,,,,,,,,,,,,,,,,,,,,,,,,,,,,,
PTrail,1048,trails,117.973,Dirt,1,2,2,0,0,0,1,0,0,1,2,0,1,2,0,0,0,0,0,0,0,0,0,0,0,5,0,2,0,0,0,0,0,0,1,0,0,0,0,0,0,0,0,5,0,0,0,0,0,0,1,2,0,0,0,0,0,1,0,0,0,0,0,0,0,0,0,1,0,0,0,0,0,1,0,0,1,0,0,0,0,0,5,0,1,0,1,0,0,0,0,0,0,0,0,0,5,0,44,2,2,,,,,,,,,,,,,,,,,,,,,,,,,,,,,,,,,,,,,,
PTrail,1049,trails,212.964,Dirt,1,2,2,0,0,0,1,0,0,1,2,0,1,2,0,0,0,0,0,0,0,0,0,0,0,5,0,2,0,0,0,0,0,0,1,2,0,0,0,0,0,0,0,0,0,0,0,0,0,0,1,2,0,0,0,0,0,0,0,0,0,0,0,0,0,0,0,0,0,0,0,0,0,1,2,0,1,2,0,0,0,0,0,0,1,0,1,0,0,0,0,0,0,0,0,0,5,0,38,2,2,,,,,,,,,,,,,,,,,,,,,,,,,,,,,,,,,,,,,,
PTrail,1050,trails,116.074,Dirt,1,2,2,0,0,0,1,2,0,1,2,2,1,2,2,0,0,0,0,0,0,0,0,0,0,5,0,2,0,0,0,0,0,0,1,2,0,0,0,0,0,0,0,0,1,0,0,0,0,0,1,2,0,0,0,0,0,1,0,0,0,0,0,0,0,0,0,0,0,0,0,0,0,1,2,0,1,2,0,0,0,0,0,0,1,0,1,0,0,0,0,0,0,0,0,0,5,0,46,3,2,,,,,,,,,,,,,,,,,,,,,,,,,,,,,,,,,,,,,,
PTrail,1051,trails,353.111,Dirt,1,2,2,1,0,0,1,0,0,1,2,0,1,2,0,0,0,0,0,0,0,0,0,0,0,5,0,2,0,0,0,0,0,0,1,2,2,0,0,0,0,0,0,0,0,0,0,0,0,0,1,2,2,0,5,0,0,0,0,0,0,0,0,0,0,0,0,0,0,0,0,0,0,1,2,0,1,2,2,0,0,0,5,0,1,1,1,0,0,0,0,0,0,0,0,0,5,0,56,3,3,,,,,,,,,,,,,,,,,,,,,,,,,,,,,,,,,,,,,,
PTrail,1052,trails,73.443,Dirt,1,2,2,0,0,0,0,0,0,0,0,0,0,0,0,0,0,0,0,0,0,0,0,0,0,0,3,2,0,0,0,0,0,0,0,0,0,0,0,0,0,0,0,0,1,2,0,0,0,0,1,0,0,5,0,4,0,0,0,0,0,0,0,0,0,0,0,0,0,0,0,0,0,0,0,0,1,2,0,0,0,0,0,0,1,1,1,0,0,0,0,0,0,0,0,0,5,0,34,2,2,,,,,,,,,,,,,,,,,,,,,,,,,,,,,,,,,,,,,,
PTrail,1053,trails,108.13,Dirt,1,2,2,0,0,0,0,0,0,0,0,0,0,0,0,0,0,0,0,0,0,0,0,0,0,0,0,2,0,0,0,0,0,0,0,0,0,0,0,0,0,0,0,0,1,2,0,0,0,0,1,2,0,0,0,0,0,0,0,0,0,0,0,0,0,0,0,0,0,0,0,0,0,0,0,0,1,2,0,0,0,0,0,0,1,1,1,0,0,0,0,0,0,0,0,0,0,0,19,1,1,,,,,,,,,,,,,,,,,,,,,,,,,,,,,,,,,,,,,,
PTrail,1054,trails,190.658,Dirt,1,2,2,0,0,0,0,0,0,0,0,0,0,0,0,0,0,0,0,0,0,0,0,0,0,0,0,2,0,0,0,0,0,0,0,0,0,0,0,0,0,0,0,5,0,0,0,0,0,0,1,2,2,0,0,0,0,1,0,0,0,0,0,0,0,0,0,0,0,0,0,0,0,0,0,0,0,0,0,0,0,0,0,0,1,0,1,0,0,0,0,0,0,0,0,0,5,0,25,1,1,,,,,,,,,,,,,,,,,,,,,,,,,,,,,,,,,,,,,,
PTrail,1055,trails,293.411,Dirt,1,2,2,0,0,0,0,0,0,0,0,0,0,0,0,0,0,0,0,0,0,0,0,0,0,5,0,0,0,0,0,0,0,0,0,0,0,0,0,0,0,0,0,0,0,0,0,0,0,0,0,0,0,0,0,0,0,0,0,0,0,0,0,0,0,0,0,0,0,0,0,0,0,0,0,0,0,0,0,0,0,0,0,0,1,1,1,0,0,0,0,0,0,0,0,0,5,0,18,1,1,,,,,,,,,,,,,,,,,,,,,,,,,,,,,,,,,,,,,,
PTrail,1056,trails,75.65,Dirt,1,2,2,1,2,2,0,0,0,0,0,0,1,2,2,0,0,0,0,0,0,0,0,0,0,5,0,0,0,0,0,0,0,0,0,0,0,0,0,0,1,0,0,0,0,0,0,0,1,0,1,2,2,5,5,0,0,0,1,0,0,0,0,0,0,0,0,0,0,0,0,0,0,0,0,0,1,2,0,0,0,0,0,0,1,1,1,0,0,0,1,2,2,1,0,0,5,0,55,3,3,,,,,,,,,,,,,,,,,,,,,,,,,,,,,,,,,,,,,,
PTrail,1057,trails,232.691,Dirt,1,2,2,1,2,0,1,2,0,0,0,0,1,0,0,0,0,0,0,0,0,0,0,0,0,5,0,2,0,0,0,0,0,0,0,0,0,0,0,0,0,0,0,0,0,0,0,0,1,1,1,2,2,5,0,0,3,0,0,0,0,0,0,0,1,2,0,0,0,0,0,0,0,1,0,0,0,0,0,0,0,0,0,3,1,1,1,0,0,0,0,0,0,0,0,0,5,0,49,3,3,,,,,,,,,,,,,,,,,,,,,,,,,,,,,,,,,,,,,,
PTrail,1058,trails,225.857,Dirt,1,2,2,0,0,0,0,0,0,0,0,0,1,2,2,0,0,0,1,2,2,0,0,0,0,5,0,0,0,0,0,0,0,0,0,0,0,0,0,0,0,0,0,0,0,0,0,0,0,0,1,2,2,5,5,0,0,0,0,0,0,0,0,0,0,0,0,0,0,0,0,0,0,0,0,0,0,0,0,0,0,0,0,0,1,1,1,0,0,0,0,0,0,0,0,0,5,0,43,2,2,,,,,,,,,,,,,,,,,,,,,,,,,,,,,,,,,,,,,,
PTrail,1059,trails,127.219,Dirt,1,2,0,0,0,0,0,0,0,0,0,0,1,2,2,0,0,0,1,2,2,0,0,0,0,5,0,0,0,0,0,0,0,0,0,0,0,0,0,0,0,0,0,0,0,0,0,0,0,0,1,2,2,0,0,0,0,0,0,0,0,0,0,0,0,0,0,0,0,0,0,0,0,0,0,0,0,0,0,0,0,0,0,0,1,1,1,0,0,0,0,0,0,0,0,0,5,0,31,2,2,,,,,,,,,,,,,,,,,,,,,,,,,,,,,,,,,,,,,,
PTrail,1060,trails,176.722,Dirt,1,2,2,0,0,0,0,0,0,0,0,0,0,0,0,0,0,0,0,0,0,0,0,0,0,5,0,0,0,0,0,0,0,0,0,0,0,0,0,0,0,0,0,0,0,0,0,0,0,0,0,0,0,0,0,0,0,0,0,0,0,0,0,0,0,0,0,0,0,0,0,0,0,0,0,0,0,0,0,0,0,0,0,0,1,1,1,0,0,0,0,0,0,0,0,0,5,0,18,1,1,,,,,,,,,,,,,,,,,,,,,,,,,,,,,,,,,,,,,,
PTrail,1061,trails,21.51,Dirt,1,2,2,1,0,0,0,0,0,0,0,0,0,0,0,0,0,0,0,0,0,0,0,0,0,5,3,2,0,0,0,0,0,0,1,2,2,0,0,0,0,0,0,0,1,0,0,0,0,0,1,2,2,0,0,0,0,1,0,0,0,0,0,0,0,0,0,0,0,0,0,0,0,1,0,0,1,2,2,0,0,0,5,0,1,1,1,0,0,0,0,0,0,0,0,0,5,0,47,3,2,,,,,,,,,,,,,,,,,,,,,,,,,,,,,,,,,,,,,,
PTrail,1062,trails,26.156,Dirt,1,2,2,0,0,0,0,0,0,0,0,0,0,0,0,0,0,0,0,0,0,0,0,0,0,5,0,0,0,0,0,0,0,0,0,0,0,0,0,0,0,0,0,0,0,0,0,0,0,0,0,0,0,0,0,0,0,0,0,0,0,0,0,0,0,0,0,0,0,0,0,0,0,0,0,0,0,0,0,0,0,0,0,0,1,1,1,0,0,0,0,0,0,0,0,0,5,0,18,1,1,,,,,,,,,,,,,,,,,,,,,,,,,,,,,,,,,,,,,,
PTrail,1063,trails,37.199,Other,1,2,2,0,0,0,0,0,0,0,0,0,0,0,0,0,0,0,0,0,0,0,0,0,0,5,0,0,0,0,0,0,0,0,0,0,0,0,0,0,0,0,0,0,0,0,0,0,0,0,0,0,0,0,0,0,0,0,0,0,0,0,0,0,0,0,0,0,0,0,0,0,0,0,0,0,0,0,0,0,0,0,0,0,1,1,1,0,0,0,0,0,0,0,0,0,5,0,18,1,1,,,,,,,,,,,,,,,,,,,,,,,,,,,,,,,,,,,,,,
PTrail,1064,trails,13.5,Dirt,1,2,2,0,0,0,0,0,0,0,0,0,0,0,0,0,0,0,0,0,0,0,0,0,0,5,0,0,0,0,0,0,0,0,0,0,0,0,0,0,0,0,0,0,0,0,0,0,0,0,0,0,0,0,0,0,0,0,0,0,0,0,0,0,0,0,0,0,0,0,0,0,0,0,0,0,0,0,0,0,0,0,0,0,1,1,1,0,0,0,0,0,0,0,0,0,5,0,18,1,1,,,,,,,,,,,,,,,,,,,,,,,,,,,,,,,,,,,,,,
PTrail,1065,trails,16.652,Other,1,2,2,0,0,0,0,0,0,0,0,0,0,0,0,0,0,0,0,0,0,0,0,0,0,5,0,0,0,0,0,0,0,0,0,0,0,0,0,0,0,0,0,0,0,0,0,0,0,0,0,0,0,0,0,0,0,0,0,0,0,0,0,0,0,0,0,0,0,0,0,0,0,0,0,0,0,0,0,0,0,0,0,0,1,1,1,0,0,0,0,0,0,0,0,0,5,0,18,1,1,,,,,,,,,,,,,,,,,,,,,,,,,,,,,,,,,,,,,,
PTrail,1066,trails,38.01,Other,1,2,2,0,0,0,0,0,0,0,0,0,0,0,0,0,0,0,0,0,0,0,0,0,0,5,0,0,0,0,0,0,0,0,0,0,0,0,0,0,0,0,0,0,0,0,0,0,0,0,0,0,0,0,0,0,0,0,1,2,0,0,0,0,0,0,0,0,0,0,0,0,0,0,0,0,0,0,0,0,0,0,0,0,1,1,1,0,0,0,0,0,0,0,0,0,5,0,21,1,1,,,,,,,,,,,,,,,,,,,,,,,,,,,,,,,,,,,,,,
PTrail,1067,trails,25.063,Dirt,1,2,2,0,0,0,0,0,0,0,0,0,0,0,0,0,0,0,0,0,0,0,0,0,0,5,0,0,0,0,0,0,0,0,0,0,0,0,0,0,0,0,0,0,0,0,0,0,0,0,0,0,0,0,0,0,0,0,0,0,0,0,0,0,0,0,0,0,0,0,0,0,0,0,0,0,0,0,0,0,0,0,0,0,1,1,1,0,0,0,0,0,0,0,0,0,5,0,18,1,1,,,,,,,,,,,,,,,,,,,,,,,,,,,,,,,,,,,,,,
PTrail,1068,trails,162.15,Dirt,1,2,2,1,2,2,1,2,2,0,0,0,1,2,0,1,2,0,0,0,0,0,0,0,0,5,0,2,0,0,0,0,0,0,1,2,0,0,0,0,1,0,0,0,1,0,0,0,1,1,1,2,2,0,0,0,3,1,0,0,0,0,0,0,0,0,0,0,0,0,0,0,0,1,2,2,0,0,0,0,0,0,0,3,1,0,0,0,0,0,0,0,0,0,0,0,5,0,58,3,3,,,,,,,,,,,,,,,,,,,,,,,,,,,,,,,,,,,,,,
PTrail,1069,trails,14.352,Dirt,1,2,2,1,2,2,1,2,2,0,0,0,1,0,0,1,0,0,0,0,0,0,0,0,0,5,0,2,0,0,0,0,0,0,1,2,0,0,0,0,1,0,0,0,1,0,0,0,1,1,1,2,2,0,0,0,3,1,0,0,0,0,0,0,0,0,0,0,0,0,0,0,0,1,2,2,0,0,0,0,0,0,0,3,1,0,0,0,0,0,0,0,0,0,0,0,5,0,54,3,3,,,,,,,,,,,,,,,,,,,,,,,,,,,,,,,,,,,,,,
PTrail,1070,trails,31.17,Dirt,1,2,2,1,2,2,1,2,2,0,0,0,1,2,0,1,0,0,0,0,0,0,0,0,0,5,0,2,0,0,0,0,0,0,1,2,0,0,0,0,0,0,0,0,1,0,0,0,0,0,1,2,0,0,0,0,0,0,0,0,0,0,0,0,0,0,0,0,0,0,0,0,0,1,2,0,1,2,0,0,0,0,0,3,0,0,1,0,0,0,0,0,0,0,0,0,5,0,48,3,2,,,,,,,,,,,,,,,,,,,,,,,,,,,,,,,,,,,,,,
PTrail,1071,trails,66.011,Dirt,1,2,2,1,2,2,1,2,2,0,0,0,1,2,0,1,0,0,0,0,0,0,0,0,0,5,0,2,0,0,0,0,0,0,1,2,0,0,0,0,0,0,0,0,1,0,0,0,0,0,1,2,0,0,0,0,0,1,0,0,0,0,0,0,0,0,0,0,0,0,0,0,0,1,2,0,1,2,0,0,0,0,0,3,0,0,1,0,0,0,0,0,0,0,0,0,5,0,49,3,3,,,,,,,,,,,,,,,,,,,,,,,,,,,,,,,,,,,,,,
PTrail,1072,trails,78.559,Dirt,1,2,2,1,2,2,1,2,2,0,0,0,1,2,0,1,0,0,0,0,0,0,0,0,0,5,0,2,0,0,0,0,0,0,1,2,0,0,0,0,0,0,0,0,1,0,0,0,0,0,1,0,0,0,0,0,0,0,0,0,0,0,0,0,0,0,0,0,0,0,0,0,0,1,2,0,1,2,0,0,0,0,0,3,0,0,1,0,0,0,0,0,0,0,0,0,5,0,46,3,2,,,,,,,,,,,,,,,,,,,,,,,,,,,,,,,,,,,,,,
PTrail,1073,trails,283.219,Dirt,1,2,2,1,2,0,1,2,0,0,0,0,1,2,2,1,2,0,0,0,0,0,0,0,0,5,0,2,0,0,0,1,0,0,1,2,2,1,0,0,1,2,2,0,1,0,0,0,1,0,1,2,2,5,0,4,0,0,0,0,0,0,0,0,0,0,0,0,0,0,0,0,0,1,2,2,1,2,2,0,0,0,0,3,1,1,1,0,0,0,0,0,0,0,0,0,5,0,75,4,4,,,,,,,,,,,,,,,,,,,,,,,,,,,,,,,,,,,,,,
PTrail,1074,trails,287.083,Dirt,1,2,2,1,2,0,1,2,0,0,0,0,1,2,0,1,2,0,0,0,0,0,0,0,0,5,0,2,0,0,0,1,2,0,1,2,2,0,0,0,1,2,0,0,1,2,0,0,1,0,1,2,0,0,0,0,0,0,0,0,0,0,0,0,0,0,0,0,0,0,0,0,0,1,2,2,1,2,0,0,0,0,0,3,0,0,0,0,0,0,0,0,0,0,0,0,5,0,58,3,3,,,,,,,,,,,,,,,,,,,,,,,,,,,,,,,,,,,,,,
PTrail,1075,trails,21.734,Dirt,1,2,2,1,0,0,1,0,0,0,0,0,1,2,0,1,0,0,0,0,0,0,0,0,0,5,0,2,0,0,0,0,0,0,1,2,0,0,0,0,1,2,0,0,1,0,0,0,1,0,1,2,0,0,0,0,0,0,0,0,0,0,0,0,0,0,0,0,0,0,0,0,0,1,2,0,1,2,0,0,0,0,0,3,0,0,0,0,0,0,0,0,0,0,0,0,5,0,43,2,2,,,,,,,,,,,,,,,,,,,,,,,,,,,,,,,,,,,,,,
PTrail,1076,trails,154.066,Dirt,1,2,2,1,2,0,0,0,0,0,0,0,1,2,0,0,0,0,0,0,0,0,0,0,5,5,0,0,0,0,0,0,0,0,1,2,0,0,0,0,0,0,0,0,1,0,0,0,0,0,1,2,0,0,0,0,0,0,1,0,0,0,0,0,0,0,0,0,0,0,0,0,0,1,2,0,1,0,0,0,0,0,0,0,1,1,1,1,0,0,0,0,0,0,0,0,5,0,42,2,2,,,,,,,,,,,,,,,,,,,,,,,,,,,,,,,,,,,,,,
PTrail,1077,trails,206.085,Dirt,1,2,2,1,2,2,0,0,0,0,0,0,1,2,0,0,0,0,0,0,0,0,0,0,0,5,0,0,0,0,0,0,0,0,1,2,2,0,0,0,0,0,0,0,1,2,0,0,0,0,1,2,2,0,5,0,0,0,1,0,0,0,0,0,0,0,0,0,0,0,0,0,0,1,2,0,1,2,0,0,0,0,5,0,1,1,1,1,0,0,0,0,0,0,0,0,5,0,57,3,3,,,,,,,,,,,,,,,,,,,,,,,,,,,,,,,,,,,,,,
PTrail,1078,trails,32.201,Other,1,2,2,0,0,0,0,0,0,0,0,0,0,0,0,0,0,0,0,0,0,0,0,0,0,5,0,0,0,0,0,0,0,0,0,0,0,0,0,0,0,0,0,0,0,0,0,0,0,0,0,0,0,0,0,0,0,0,0,0,0,0,0,0,0,0,0,0,0,0,0,0,0,0,0,0,0,0,0,0,0,0,0,0,1,1,1,0,0,0,0,0,0,0,0,0,5,0,18,1,1,,,,,,,,,,,,,,,,,,,,,,,,,,,,,,,,,,,,,,
PTrail,1079,trails,34.387,Dirt,1,2,2,0,0,0,0,0,0,0,0,0,0,0,0,0,0,0,0,0,0,0,0,0,0,0,3,0,0,0,0,0,0,0,0,0,0,0,0,0,0,0,0,0,1,2,0,0,0,0,1,0,0,5,0,4,0,0,0,0,0,0,0,0,0,0,0,0,0,0,0,0,0,0,0,0,1,2,0,0,0,0,0,0,1,1,1,0,0,0,0,0,0,0,0,0,5,0,32,2,2,,,,,,,,,,,,,,,,,,,,,,,,,,,,,,,,,,,,,,
PTrail,1080,trails,2.48,Dirt,1,2,2,1,2,2,1,2,2,0,0,0,1,2,0,1,0,0,0,0,0,0,0,0,0,5,0,2,0,0,0,0,0,0,1,2,0,0,0,0,0,0,0,0,1,0,0,0,0,0,1,0,0,0,0,0,0,0,0,0,0,0,0,0,0,0,0,0,0,0,0,0,0,1,2,0,1,2,0,0,0,0,0,3,0,0,1,0,0,0,0,0,0,0,0,0,5,0,46,3,2,,,,,,,,,,,,,,,,,,,,,,,,,,,,,,,,,,,,,,
PTrail,1081,trails,54.809,Dirt,1,2,2,1,2,2,1,2,2,0,0,0,1,0,0,1,2,0,0,0,0,0,0,0,0,5,0,2,0,0,0,1,0,0,1,2,0,1,0,0,1,0,0,0,0,0,0,0,0,0,1,2,2,0,0,0,0,1,0,0,0,0,0,0,0,0,0,0,0,0,0,0,0,0,0,0,1,0,0,0,0,0,5,3,0,0,0,0,0,0,0,0,0,0,0,0,5,0,52,3,3,,,,,,,,,,,,,,,,,,,,,,,,,,,,,,,,,,,,,,
PTrail,1082,trails,32.179,Dirt,1,2,2,1,2,0,1,2,0,0,0,0,1,0,0,0,0,0,0,0,0,0,0,0,0,5,0,2,0,0,0,0,0,0,0,0,0,0,0,0,0,0,0,0,0,0,0,0,1,1,1,2,2,5,0,0,3,1,0,0,0,0,0,0,1,0,0,0,0,0,0,0,0,1,0,0,0,0,0,0,0,0,0,3,1,1,1,0,0,0,0,0,0,0,0,0,5,0,48,3,2,,,,,,,,,,,,,,,,,,,,,,,,,,,,,,,,,,,,,,
PTrail,1083,trails,7.89,Dirt,1,2,2,1,2,0,1,2,0,0,0,0,1,0,0,0,0,0,0,0,0,0,0,0,0,5,0,2,0,0,0,0,0,0,0,0,0,0,0,0,0,0,0,0,0,0,0,0,1,1,1,2,2,5,0,0,3,0,0,0,0,0,0,0,1,0,0,0,0,0,0,0,0,1,0,0,0,0,0,0,0,0,0,3,1,1,1,0,0,0,0,0,0,0,0,0,5,0,47,3,2,,,,,,,,,,,,,,,,,,,,,,,,,,,,,,,,,,,,,,
PTrail,1084,trails,132.379,Dirt,0,0,0,0,0,0,0,0,0,0,0,0,1,2,2,0,0,0,1,2,2,0,0,0,0,5,0,0,0,0,0,0,0,0,0,0,0,0,0,0,0,0,0,0,0,0,0,0,0,0,1,0,0,0,0,0,0,0,0,0,0,0,0,0,0,0,0,0,0,0,0,0,0,0,0,0,0,0,0,0,0,0,0,0,1,1,1,0,0,0,0,0,0,0,0,0,5,0,24,1,1,,,,,,,,,,,,,,,,,,,,,,,,,,,,,,,,,,,,,,
PTrail,1085,trails,296.001,Dirt,1,2,2,1,0,0,0,0,0,0,0,0,1,2,0,1,2,2,0,0,0,0,0,0,0,5,0,0,1,2,2,0,0,0,1,2,2,0,0,0,0,0,0,0,1,2,0,0,0,0,1,2,2,0,0,0,0,1,0,0,0,0,0,0,1,0,0,0,0,0,1,2,0,1,2,0,1,2,2,0,0,0,5,0,1,0,1,1,2,0,1,2,0,1,2,0,5,0,71,4,4,,,,,,,,,,,,,,,,,,,,,,,,,,,,,,,,,,,,,,
PTrail,1086,trails,553.53,Dirt,1,2,2,0,0,0,0,0,0,0,0,0,0,0,0,0,0,0,0,0,0,0,0,0,0,0,0,0,0,0,0,0,0,0,0,0,0,0,0,0,0,0,0,0,0,0,0,0,0,0,0,0,0,5,5,0,0,0,0,0,0,0,0,0,0,0,0,0,0,0,0,0,0,0,0,0,0,0,0,0,0,0,0,0,1,1,1,0,0,0,0,0,0,0,0,0,0,0,18,1,1,,,,,,,,,,,,,,,,,,,,,,,,,,,,,,,,,,,,,,
PTrail,1087,trails,14.773,Dirt,1,2,2,0,0,0,0,0,0,0,0,0,0,0,0,0,0,0,0,0,0,0,0,0,0,0,0,0,0,0,0,0,0,0,0,0,0,0,0,0,0,0,0,0,0,0,0,0,0,0,0,0,0,0,0,0,0,0,0,0,0,0,0,0,0,0,0,0,0,0,0,0,0,0,0,0,0,0,0,0,0,0,0,0,1,1,1,0,0,0,0,0,0,0,0,0,0,0,8,1,1,,,,,,,,,,,,,,,,,,,,,,,,,,,,,,,,,,,,,,
PTrail,1088,trails,578.547,Dirt,1,2,2,1,2,2,1,2,2,0,0,0,0,0,0,0,0,0,0,0,0,0,0,0,0,5,0,2,0,0,0,0,0,0,0,0,0,0,0,0,0,0,0,0,0,0,0,0,0,0,1,2,0,0,0,0,0,1,0,0,0,0,0,0,1,2,0,0,0,0,0,0,0,0,0,0,0,0,0,0,0,0,0,0,1,1,1,0,0,0,0,0,0,0,0,0,5,0,37,2,2,,,,,,,,,,,,,,,,,,,,,,,,,,,,,,,,,,,,,,
PTrail,1089,trails,39.065,Dirt,1,2,2,1,2,2,1,2,2,0,0,0,0,0,0,0,0,0,0,0,0,0,0,0,0,5,0,2,0,0,0,0,0,0,0,0,0,0,0,0,0,0,0,0,0,0,0,0,0,0,1,0,0,0,0,0,0,1,0,0,0,0,0,0,1,2,0,0,0,0,0,0,0,0,0,0,0,0,0,0,0,0,0,0,1,1,1,0,0,0,0,0,0,0,0,0,5,0,35,2,2,,,,,,,,,,,,,,,,,,,,,,,,,,,,,,,,,,,,,,
PTrail,1090,trails,77.665,Dirt,1,2,2,0,0,0,0,0,0,0,0,0,0,0,0,0,0,0,0,0,0,0,0,0,0,0,0,0,0,0,0,0,0,0,0,0,0,0,0,0,0,0,0,0,0,0,0,0,0,0,0,0,0,0,0,0,0,0,0,0,0,0,0,0,0,0,0,0,0,0,0,0,0,0,0,0,0,0,0,0,0,0,0,0,1,1,1,0,0,0,0,0,0,0,0,0,0,3,11,1,1,,,,,,,,,,,,,,,,,,,,,,,,,,,,,,,,,,,,,,
PTrail,1091,trails,51.577,Dirt,1,2,2,1,0,0,1,0,0,0,0,0,0,0,0,0,0,0,0,0,0,0,0,0,0,5,0,0,0,0,0,0,0,0,0,0,0,0,0,0,0,0,0,0,0,0,0,0,0,0,1,0,0,0,0,0,0,0,0,0,0,0,0,0,1,0,0,0,0,0,0,0,0,0,0,0,0,0,0,0,0,0,0,0,1,1,1,0,0,0,0,0,0,0,0,0,5,0,22,1,1,,,,,,,,,,,,,,,,,,,,,,,,,,,,,,,,,,,,,,
PTrail,1092,trails,42.025,Dirt,1,2,2,1,2,2,1,2,2,0,0,0,1,2,2,1,2,0,0,0,0,1,2,2,0,5,0,0,0,0,0,0,0,0,1,2,2,0,0,0,0,0,0,0,1,2,0,0,0,0,1,2,0,0,0,0,0,0,0,0,0,0,0,0,0,0,0,0,0,0,1,2,0,1,2,0,1,2,0,0,0,0,0,0,1,0,0,1,2,0,0,0,0,1,2,0,5,0,65,4,3,,,,,,,,,,,,,,,,,,,,,,,,,,,,,,,,,,,,,,
PTrail,1093,trails,100.61,Dirt,1,2,2,1,2,0,1,2,0,0,0,0,1,2,0,1,2,0,0,0,0,1,2,0,0,5,0,2,0,0,0,0,0,0,1,2,0,0,0,0,0,0,0,0,1,0,0,0,0,0,1,2,0,0,0,0,0,0,0,0,0,0,0,0,0,0,0,0,0,0,1,0,0,1,2,0,1,2,0,0,0,0,0,0,1,0,0,1,2,0,0,0,0,1,2,0,5,0,53,3,3,,,,,,,,,,,,,,,,,,,,,,,,,,,,,,,,,,,,,,
PTrail,1094,trails,76.324,Dirt,1,2,2,1,2,0,1,2,0,0,0,0,1,2,2,1,2,0,0,0,0,1,2,2,0,5,0,2,0,0,0,0,0,0,1,2,2,0,0,0,0,0,0,0,1,2,0,0,1,0,1,2,0,0,0,0,0,0,0,0,0,0,0,0,0,0,0,0,0,0,1,0,0,1,2,2,1,0,0,0,0,0,0,0,1,0,0,1,2,0,0,0,0,1,2,0,5,0,62,3,3,,,,,,,,,,,,,,,,,,,,,,,,,,,,,,,,,,,,,,
PTrail,1095,trails,13.127,Dirt,1,2,2,1,2,2,1,2,2,0,0,0,1,2,2,1,0,0,0,0,0,1,2,2,0,5,0,0,0,0,0,0,0,0,1,2,0,0,0,0,0,0,0,0,1,2,0,0,0,0,1,2,0,0,0,0,0,0,0,0,0,0,0,0,0,0,0,0,0,0,1,2,0,1,2,0,1,2,0,0,0,0,0,0,1,0,0,1,2,0,0,0,0,1,0,0,5,0,59,3,3,,,,,,,,,,,,,,,,,,,,,,,,,,,,,,,,,,,,,,
PTrail,1096,trails,94.271,Dirt,1,2,2,1,2,0,1,2,0,0,0,0,1,2,2,1,2,0,0,0,0,1,2,0,5,5,0,2,0,0,0,0,0,0,1,2,2,0,0,0,0,0,0,0,1,2,0,0,1,0,1,2,0,0,0,0,0,0,0,0,0,0,0,0,0,0,0,0,0,0,1,0,0,1,2,2,1,2,0,0,0,0,0,0,1,0,0,1,2,2,0,0,0,1,2,0,5,0,69,4,4,,,,,,,,,,,,,,,,,,,,,,,,,,,,,,,,,,,,,,
PTrail,1097,trails,2465.752,Dirt,1,2,2,0,0,0,0,0,0,0,0,0,0,0,0,0,0,0,0,0,0,0,0,0,0,5,0,0,0,0,0,0,0,0,0,0,0,0,0,0,0,0,0,0,0,0,0,0,0,0,0,0,0,0,0,0,3,0,0,0,0,0,0,0,0,0,0,0,0,0,0,0,0,0,0,0,0,0,0,0,0,0,0,0,1,1,1,0,0,0,0,0,0,0,0,0,0,0,16,1,1,,,,,,,,,,,,,,,,,,,,,,,,,,,,,,,,,,,,,,
PTrail,1098,trails,87.702,Dirt,1,2,2,1,2,0,1,2,0,0,0,0,1,2,2,1,2,2,0,0,0,1,2,0,0,5,0,0,0,0,0,0,0,0,1,2,2,0,0,0,0,0,0,0,1,2,0,0,1,0,1,2,0,5,5,0,0,1,0,0,0,0,0,0,0,0,0,0,0,0,1,0,0,1,2,2,1,0,0,0,0,0,0,0,1,0,0,1,2,2,0,0,0,1,2,2,5,0,75,4,4,,,,,,,,,,,,,,,,,,,,,,,,,,,,,,,,,,,,,,
PTrail,1099,trails,200.098,Dirt,1,2,2,1,2,2,1,2,2,0,0,0,1,2,2,1,2,0,0,0,0,1,2,2,0,5,0,2,0,0,0,0,0,0,1,2,2,0,0,0,0,0,0,0,1,2,0,0,1,0,1,2,0,0,0,0,0,0,0,0,0,0,0,0,0,0,0,0,0,0,1,2,0,1,2,2,1,2,0,0,0,0,0,0,1,0,0,1,2,2,0,0,0,1,2,2,5,0,74,4,4,,,,,,,,,,,,,,,,,,,,,,,,,,,,,,,,,,,,,,
PTrail,1100,trails,76.548,Dirt,1,2,2,1,2,2,1,2,2,0,0,0,1,2,2,1,2,0,0,0,0,1,2,2,0,5,0,0,0,0,0,0,0,0,1,2,2,0,0,0,0,0,0,0,1,2,0,0,0,0,1,2,0,0,0,0,0,0,0,0,0,0,0,0,0,0,0,0,0,0,1,2,0,1,2,0,1,2,0,0,0,0,0,0,1,0,0,1,2,0,0,0,0,1,2,0,5,0,65,4,3,,,,,,,,,,,,,,,,,,,,,,,,,,,,,,,,,,,,,,
PTrail,1101,trails,22.503,Dirt,1,2,2,1,2,2,1,2,2,0,0,0,1,2,2,1,0,0,0,0,0,1,2,2,0,5,0,0,0,0,0,0,0,0,1,2,0,0,0,0,0,0,0,0,1,2,0,0,0,0,1,2,0,0,0,0,0,0,0,0,0,0,0,0,0,0,0,0,0,0,1,2,0,1,2,0,1,2,0,0,0,0,0,0,1,0,0,1,2,0,0,0,0,1,0,0,5,0,59,3,3,,,,,,,,,,,,,,,,,,,,,,,,,,,,,,,,,,,,,,
PTrail,1102,trails,67.031,Dirt,1,2,2,1,2,2,1,2,2,0,0,0,1,2,2,1,0,0,0,0,0,1,2,2,0,5,0,0,0,0,0,0,0,0,1,2,2,0,0,0,0,0,0,0,1,2,0,0,0,0,1,2,0,0,0,0,0,0,0,0,0,0,0,0,0,0,0,0,0,0,1,2,0,1,2,0,1,2,0,0,0,0,0,0,1,0,0,1,2,0,0,0,0,1,0,0,5,0,61,3,3,,,,,,,,,,,,,,,,,,,,,,,,,,,,,,,,,,,,,,
PTrail,1103,trails,163.499,Dirt,1,2,2,1,2,2,1,2,2,0,0,0,1,2,2,1,2,0,0,0,0,1,2,2,0,5,0,2,0,0,0,0,0,0,1,2,2,0,0,0,0,0,0,0,1,2,0,0,0,0,1,2,2,5,0,0,3,0,0,0,0,0,0,0,0,0,0,0,0,0,1,2,2,1,2,2,1,2,0,0,0,0,0,3,1,0,0,1,2,0,0,0,0,1,0,0,5,0,82,4,4,,,,,,,,,,,,,,,,,,,,,,,,,,,,,,,,,,,,,,
PTrail,1104,trails,4.841,Dirt,1,2,2,0,0,0,0,0,0,0,0,0,0,0,0,0,0,0,0,0,0,0,0,0,0,0,0,0,0,0,0,0,0,0,0,0,0,0,0,0,0,0,0,0,0,0,0,0,0,0,1,0,0,0,0,0,0,0,0,0,0,0,0,0,0,0,0,0,0,0,0,0,0,0,0,0,0,0,0,0,0,0,0,0,1,1,1,0,0,0,0,0,0,0,0,0,0,0,9,1,1,,,,,,,,,,,,,,,,,,,,,,,,,,,,,,,,,,,,,,
PTrail,1105,trails,313.107,Dirt,1,2,2,0,0,0,0,0,0,0,0,0,1,0,0,0,0,0,0,0,0,0,0,0,0,0,0,0,0,0,0,0,0,0,0,0,0,0,0,0,0,0,0,0,0,0,0,0,0,0,1,2,2,0,0,0,0,1,0,0,0,0,0,0,0,0,0,0,0,0,0,0,0,0,0,0,0,0,0,0,0,0,0,0,1,1,1,0,0,0,0,0,0,0,0,0,0,0,15,1,1,,,,,,,,,,,,,,,,,,,,,,,,,,,,,,,,,,,,,,
PTrail,1106,trails,51.818,Dirt,1,2,2,0,0,0,0,0,0,0,0,0,0,0,0,0,0,0,0,0,0,0,0,0,0,0,0,0,0,0,0,0,0,0,0,0,0,0,0,0,0,0,0,0,0,0,0,0,0,0,0,0,0,0,0,0,0,0,0,0,0,0,0,0,0,0,0,0,0,0,0,0,0,0,0,0,0,0,0,0,0,0,0,0,1,1,1,0,0,0,0,0,0,0,0,0,0,0,8,1,1,,,,,,,,,,,,,,,,,,,,,,,,,,,,,,,,,,,,,,
PTrail,1107,trails,154.373,Dirt,1,2,2,0,0,0,0,0,0,0,0,0,0,0,0,0,0,0,0,0,0,0,0,0,0,0,0,0,0,0,0,0,0,0,0,0,0,0,0,0,0,0,0,0,0,0,0,0,0,0,0,0,0,0,0,0,0,0,0,0,0,0,0,0,0,0,0,0,0,0,0,0,0,0,0,0,0,0,0,0,0,0,0,0,1,1,1,0,0,0,0,0,0,0,0,0,0,0,8,1,1,,,,,,,,,,,,,,,,,,,,,,,,,,,,,,,,,,,,,,
PTrail,1108,trails,79.97,Dirt,1,2,2,0,0,0,0,0,0,0,0,0,0,0,0,0,0,0,0,0,0,0,0,0,0,0,0,0,0,0,0,0,0,0,0,0,0,0,0,0,0,0,0,0,0,0,0,0,0,0,0,0,0,0,0,0,0,0,0,0,0,0,0,0,0,0,0,0,0,0,0,0,0,0,0,0,0,0,0,0,0,0,0,0,1,1,1,0,0,0,0,0,0,0,0,0,0,0,8,1,1,,,,,,,,,,,,,,,,,,,,,,,,,,,,,,,,,,,,,,
PTrail,1109,trails,1986.189,Dirt,1,2,2,0,0,0,0,0,0,0,0,0,0,0,0,0,0,0,0,0,0,0,0,0,0,0,0,0,0,0,0,0,0,0,0,0,0,0,0,0,0,0,0,0,0,0,0,0,0,0,0,0,0,0,0,0,0,0,0,0,0,0,0,0,0,0,0,0,0,0,0,0,0,0,0,0,0,0,0,0,0,0,0,0,1,1,1,0,0,0,0,0,0,0,0,0,0,0,8,1,1,,,,,,,,,,,,,,,,,,,,,,,,,,,,,,,,,,,,,,
PTrail,1110,trails,3243.852,Dirt,1,2,2,0,0,0,0,0,0,0,0,0,1,0,0,0,0,0,0,0,0,0,0,0,0,0,3,0,0,0,0,0,0,0,1,0,0,0,0,0,0,0,0,0,0,0,0,0,0,0,1,2,2,0,5,0,0,0,0,0,0,0,0,0,0,0,0,0,0,0,0,0,0,0,0,0,0,0,0,0,0,0,0,0,1,1,1,0,0,0,0,0,0,0,0,0,0,3,26,1,1,,,,,,,,,,,,,,,,,,,,,,,,,,,,,,,,,,,,,,
PTrail,1111,trails,514.253,Dirt,1,2,2,0,0,0,0,0,0,0,0,0,0,0,0,0,0,0,0,0,0,0,0,0,0,0,0,0,0,0,0,0,0,0,0,0,0,0,0,0,0,0,0,0,0,0,0,0,0,0,0,0,0,0,0,0,0,0,0,0,0,0,0,0,0,0,0,0,0,0,0,0,0,0,0,0,0,0,0,0,0,0,0,0,1,1,1,0,0,0,0,0,0,0,0,0,0,0,8,1,1,,,,,,,,,,,,,,,,,,,,,,,,,,,,,,,,,,,,,,
PTrail,1112,trails,362.113,Dirt,1,2,2,0,0,0,0,0,0,0,0,0,1,2,2,0,0,0,1,2,2,0,0,0,0,5,0,0,0,0,0,0,0,0,0,0,0,0,0,0,0,0,0,0,0,0,0,0,0,0,0,0,0,0,0,0,0,0,0,0,0,0,0,0,0,0,0,0,0,0,0,0,0,0,0,0,0,0,0,0,0,0,0,0,1,1,1,0,0,0,0,0,0,0,0,0,0,3,26,1,1,,,,,,,,,,,,,,,,,,,,,,,,,,,,,,,,,,,,,,
PTrail,1113,trails,125.303,Dirt,1,2,2,0,0,0,0,0,0,0,0,0,1,2,2,0,0,0,1,2,2,0,0,0,0,5,0,0,0,0,0,0,0,0,0,0,0,0,0,0,0,0,0,0,0,0,0,0,0,0,0,0,0,0,0,0,0,0,0,0,0,0,0,0,0,0,0,0,0,0,0,0,0,0,0,0,0,0,0,0,0,0,0,0,1,1,1,0,0,0,0,0,0,0,0,0,0,3,26,1,1,,,,,,,,,,,,,,,,,,,,,,,,,,,,,,,,,,,,,,
PTrail,1114,trails,1008.773,Dirt,1,2,2,0,0,0,0,0,0,0,0,0,1,2,2,0,0,0,1,2,2,0,0,0,0,5,0,0,0,0,0,0,0,0,0,0,0,0,0,0,0,0,0,0,0,0,0,0,0,0,0,0,0,0,0,0,0,0,0,0,0,0,0,0,0,0,0,0,0,0,0,0,0,0,0,0,0,0,0,0,0,0,0,0,1,1,1,0,0,0,0,0,0,0,0,0,0,3,26,1,1,,,,,,,,,,,,,,,,,,,,,,,,,,,,,,,,,,,,,,
PTrail,1115,trails,804.575,Dirt,1,2,2,0,0,0,0,0,0,0,0,0,0,0,0,0,0,0,0,0,0,0,0,0,0,0,0,0,0,0,0,0,0,0,0,0,0,0,0,0,0,0,0,0,0,0,0,0,0,0,0,0,0,0,0,0,0,0,0,0,0,0,0,0,0,0,0,0,0,0,0,0,0,0,0,0,0,0,0,0,0,0,0,0,1,1,1,0,0,0,0,0,0,0,0,0,0,0,8,1,1,,,,,,,,,,,,,,,,,,,,,,,,,,,,,,,,,,,,,,
PTrail,1116,trails,10840.449,Dirt,1,2,2,0,0,0,0,0,0,0,0,0,0,0,0,0,0,0,0,0,0,0,0,0,0,0,0,0,0,0,0,0,0,0,0,0,0,0,0,0,0,0,0,0,0,0,0,0,0,0,0,0,0,0,0,0,0,0,0,0,0,0,0,0,0,0,0,0,0,0,0,0,0,0,0,0,0,0,0,0,0,0,0,0,1,1,1,0,0,0,0,0,0,0,0,0,0,0,8,1,1,,,,,,,,,,,,,,,,,,,,,,,,,,,,,,,,,,,,,,
PTrail,1117,trails,381.276,Dirt,1,2,2,1,2,0,1,2,0,0,0,0,1,2,0,1,0,0,0,0,0,0,0,0,0,5,0,2,0,0,0,0,0,0,1,0,0,0,0,0,0,0,0,0,0,0,0,0,1,1,1,2,2,5,0,0,3,0,0,0,0,0,0,0,0,0,0,0,0,0,0,0,0,0,0,0,1,2,2,0,0,0,0,0,1,1,1,0,0,0,0,0,0,0,0,0,5,3,54,3,3,,,,,,,,,,,,,,,,,,,,,,,,,,,,,,,,,,,,,,
PTrail,1118,trails,1360.96,Dirt,1,2,2,0,0,0,0,0,0,0,0,0,1,2,0,0,0,0,1,2,0,0,0,0,0,0,0,0,0,0,0,0,0,0,0,0,0,0,0,0,0,0,0,0,0,0,0,0,0,0,0,0,0,0,0,0,0,0,0,0,0,0,0,0,0,0,0,0,0,0,0,0,0,0,0,0,0,0,0,0,0,0,0,0,1,1,1,0,0,0,0,0,0,0,0,0,0,0,14,1,1,,,,,,,,,,,,,,,,,,,,,,,,,,,,,,,,,,,,,,
PTrail,1119,trails,1050.393,Dirt,1,2,2,0,0,0,0,0,0,0,0,0,0,0,0,0,0,0,0,0,0,0,0,0,0,0,0,0,0,0,0,0,0,0,0,0,0,0,0,0,0,0,0,0,0,0,0,0,0,0,0,0,0,0,0,0,0,1,0,0,0,0,0,0,0,0,0,0,0,0,0,0,0,0,0,0,0,0,0,0,0,0,0,0,1,1,1,0,0,0,0,0,0,0,0,0,0,0,9,1,1,,,,,,,,,,,,,,,,,,,,,,,,,,,,,,,,,,,,,,
PTrail,1120,trails,1206.434,Dirt,0,0,0,0,0,0,0,0,0,0,0,0,0,0,0,0,0,0,0,0,0,0,0,0,5,0,3,0,0,0,0,1,2,2,0,0,0,1,2,2,0,0,0,0,0,0,0,0,0,0,1,2,0,0,0,0,0,1,0,0,0,0,0,0,0,0,0,0,0,0,0,0,0,1,2,0,0,0,0,0,0,0,0,0,1,1,1,0,0,0,0,0,0,0,0,0,5,3,36,2,2,,,,,,,,,,,,,,,,,,,,,,,,,,,,,,,,,,,,,,
PTrail,1121,trails,1117.753,Dirt,1,2,2,1,2,2,1,2,2,0,0,0,1,2,0,0,0,0,0,0,0,0,0,0,0,5,0,2,0,0,0,0,0,0,0,0,0,0,0,0,0,0,0,0,0,0,0,0,1,0,1,2,0,0,0,0,0,1,0,0,0,0,0,0,0,0,0,0,0,0,0,0,0,1,2,0,1,2,0,0,0,0,0,0,1,1,1,1,2,0,0,0,0,0,0,0,5,0,47,3,2,,,,,,,,,,,,,,,,,,,,,,,,,,,,,,,,,,,,,,
PTrail,1122,trails,226.303,Dirt,1,2,2,0,0,0,0,0,0,0,0,0,0,0,0,0,0,0,0,0,0,0,0,0,0,0,0,0,0,0,0,0,0,0,0,0,0,0,0,0,0,0,0,0,0,0,0,0,0,0,0,0,0,0,0,0,0,0,0,0,0,0,0,0,0,0,0,0,0,0,0,0,0,0,0,0,0,0,0,0,0,0,0,0,1,1,1,0,0,0,0,0,0,0,0,0,0,0,8,1,1,,,,,,,,,,,,,,,,,,,,,,,,,,,,,,,,,,,,,,
PTrail,1123,trails,70.082,Dirt,1,2,2,0,0,0,0,0,0,0,0,0,0,0,0,0,0,0,0,0,0,0,0,0,0,0,0,0,0,0,0,0,0,0,0,0,0,0,0,0,0,0,0,0,0,0,0,0,0,0,0,0,0,0,0,0,0,0,0,0,0,0,0,0,0,0,0,0,0,0,0,0,0,0,0,0,0,0,0,0,0,0,0,0,1,1,1,0,0,0,0,0,0,0,0,0,0,0,8,1,1,,,,,,,,,,,,,,,,,,,,,,,,,,,,,,,,,,,,,,
PTrail,1124,trails,399.618,Dirt,1,2,2,0,0,0,0,0,0,0,0,0,1,2,2,0,0,0,1,2,2,0,0,0,0,5,0,0,0,0,0,0,0,0,0,0,0,0,0,0,0,0,0,0,0,0,0,0,0,0,0,0,0,0,0,0,0,0,0,0,0,0,0,0,0,0,0,0,0,0,0,0,0,0,0,0,0,0,0,0,0,0,0,0,1,1,1,0,0,0,0,0,0,0,0,0,0,3,26,1,1,,,,,,,,,,,,,,,,,,,,,,,,,,,,,,,,,,,,,,
PTrail,1125,trails,1169.042,Dirt,1,2,2,0,0,0,0,0,0,0,0,0,1,2,2,0,0,0,1,2,2,0,0,0,0,5,0,0,0,0,0,0,0,0,0,0,0,0,0,0,0,0,0,0,0,0,0,0,0,0,0,0,0,0,0,0,0,0,0,0,0,0,0,0,0,0,0,0,0,0,0,0,0,0,0,0,0,0,0,0,0,0,0,0,1,1,1,0,0,0,0,0,0,0,0,0,0,3,26,1,1,,,,,,,,,,,,,,,,,,,,,,,,,,,,,,,,,,,,,,
PTrail,1126,trails,438.2,Dirt,1,2,2,0,0,0,0,0,0,0,0,0,0,0,0,0,0,0,0,0,0,0,0,0,0,0,0,0,0,0,0,0,0,0,0,0,0,0,0,0,0,0,0,0,0,0,0,0,0,0,0,0,0,0,0,0,0,0,0,0,0,0,0,0,0,0,0,0,0,0,0,0,0,0,0,0,0,0,0,0,0,0,0,0,1,1,1,0,0,0,0,0,0,0,0,0,0,0,8,1,1,,,,,,,,,,,,,,,,,,,,,,,,,,,,,,,,,,,,,,
PTrail,1127,trails,150.305,Dirt,1,2,2,0,0,0,0,0,0,0,0,0,0,0,0,0,0,0,0,0,0,0,0,0,0,0,0,0,0,0,0,0,0,0,0,0,0,0,0,0,0,0,0,0,0,0,0,0,0,0,1,2,0,0,0,0,0,0,0,0,0,0,0,0,0,0,0,0,0,0,0,0,0,0,0,0,0,0,0,0,0,0,0,0,1,1,1,0,0,0,0,0,0,0,0,0,0,0,11,1,1,,,,,,,,,,,,,,,,,,,,,,,,,,,,,,,,,,,,,,
PTrail,1128,trails,350.508,Dirt,1,2,0,0,0,0,0,0,0,0,0,0,0,0,0,0,0,0,0,0,0,0,0,0,0,0,0,2,0,0,0,0,0,0,1,0,0,0,0,0,0,0,0,0,1,0,0,0,1,0,1,2,2,0,0,0,0,0,0,0,0,0,0,0,0,0,0,0,0,0,0,0,0,1,0,0,0,0,0,0,0,0,0,0,1,1,1,0,0,0,0,0,0,0,0,0,5,3,25,1,1,,,,,,,,,,,,,,,,,,,,,,,,,,,,,,,,,,,,,,
PTrail,1129,trails,275.007,Dirt,0,0,0,0,0,0,0,0,0,0,0,0,1,2,2,0,0,0,1,2,2,0,0,0,0,5,0,0,0,0,0,0,0,0,0,0,0,0,0,0,0,0,0,0,0,0,0,0,0,0,1,0,0,0,0,0,0,0,0,0,0,0,0,0,0,0,0,0,0,0,0,0,0,0,0,0,0,0,0,0,0,0,0,0,1,1,1,0,0,0,0,0,0,0,0,0,5,0,24,1,1,,,,,,,,,,,,,,,,,,,,,,,,,,,,,,,,,,,,,,
PTrail,1130,trails,481.672,Dirt,1,0,0,0,0,0,0,0,0,0,0,0,1,2,2,0,0,0,1,2,2,0,0,0,0,5,0,0,0,0,0,0,0,0,0,0,0,0,0,0,0,0,0,0,0,0,0,0,0,0,1,2,0,0,0,0,0,0,0,0,0,0,0,0,0,0,0,0,0,0,0,0,0,0,0,0,0,0,0,0,0,0,0,0,1,1,1,0,0,0,0,0,0,0,0,0,5,0,27,1,1,,,,,,,,,,,,,,,,,,,,,,,,,,,,,,,,,,,,,,
PTrail,1131,trails,239.917,Dirt,1,2,0,0,0,0,0,0,0,0,0,0,1,2,2,0,0,0,1,2,2,0,0,0,0,5,0,0,0,0,0,0,0,0,0,0,0,0,0,0,0,0,0,0,0,0,0,0,0,0,1,2,2,5,5,0,0,0,0,0,0,0,0,0,0,0,0,0,0,0,0,0,0,0,0,0,0,0,0,0,0,0,0,0,1,1,1,0,0,0,0,0,0,0,0,0,5,0,41,2,2,,,,,,,,,,,,,,,,,,,,,,,,,,,,,,,,,,,,,,
PTrail,1132,trails,159.961,Dirt,1,0,0,0,0,0,0,0,0,0,0,0,1,2,2,0,0,0,1,2,2,0,0,0,0,5,0,0,0,0,0,0,0,0,0,0,0,0,0,0,0,0,0,0,0,0,0,0,0,0,1,2,2,0,0,0,0,0,0,0,0,0,0,0,0,0,0,0,0,0,0,0,0,0,0,0,0,0,0,0,0,0,0,0,1,1,1,0,0,0,0,0,0,0,0,0,5,0,29,2,1,,,,,,,,,,,,,,,,,,,,,,,,,,,,,,,,,,,,,,
PTrail,1133,trails,1007.556,Dirt,1,2,2,1,2,0,0,0,0,0,0,0,1,2,2,0,0,0,1,2,2,0,0,0,0,5,0,0,0,0,0,0,0,0,1,0,0,0,0,0,0,0,0,0,0,0,0,0,0,0,1,2,2,5,5,0,0,0,0,0,0,0,0,0,0,0,0,0,0,0,0,0,0,1,2,0,0,0,0,0,0,0,0,0,1,1,1,0,0,0,0,0,0,0,0,0,0,0,45,2,2,,,,,,,,,,,,,,,,,,,,,,,,,,,,,,,,,,,,,,
PTrail,1134,trails,3469.469,Dirt,1,2,2,0,0,0,0,0,0,0,0,0,1,2,2,0,0,0,0,0,0,0,0,0,0,5,0,2,0,0,0,0,0,0,0,0,0,0,0,0,0,0,0,0,0,0,0,0,0,0,1,2,2,0,0,0,3,1,0,0,0,0,0,0,0,0,0,0,0,0,0,0,0,1,0,0,1,0,0,0,0,0,0,3,1,1,1,0,0,0,0,0,0,0,0,0,5,0,39,2,2,,,,,,,,,,,,,,,,,,,,,,,,,,,,,,,,,,,,,,
PTrail,1135,trails,1209.762,Dirt,1,2,2,0,0,0,0,0,0,0,0,0,1,2,2,0,0,0,0,0,0,0,0,0,0,0,0,0,0,0,0,0,0,0,0,0,0,0,0,0,0,0,0,0,0,0,0,0,0,0,0,0,0,0,0,0,0,0,0,0,0,0,0,0,0,0,0,0,0,0,0,0,0,0,0,0,0,0,0,0,0,0,0,0,1,1,1,0,0,0,0,0,0,0,0,0,0,0,13,1,1,,,,,,,,,,,,,,,,,,,,,,,,,,,,,,,,,,,,,,
PTrail,1136,trails,51.514,Dirt,1,2,2,0,0,0,0,0,0,0,0,0,1,2,2,0,0,0,0,0,0,0,0,0,0,0,0,0,0,0,0,0,0,0,0,0,0,0,0,0,0,0,0,0,0,0,0,0,0,0,0,0,0,0,0,0,0,0,0,0,0,0,0,0,0,0,0,0,0,0,0,0,0,0,0,0,0,0,0,0,0,0,0,0,1,1,1,0,0,0,0,0,0,0,0,0,0,0,13,1,1,,,,,,,,,,,,,,,,,,,,,,,,,,,,,,,,,,,,,,
PTrail,1137,trails,528.165,Dirt,0,0,0,0,0,0,0,0,0,0,0,0,1,2,2,0,0,0,0,0,0,0,0,0,0,0,0,0,0,0,0,0,0,0,0,0,0,0,0,0,0,0,0,0,0,0,0,0,0,0,0,0,0,0,0,0,0,0,0,0,0,0,0,0,0,0,0,0,0,0,0,0,0,0,0,0,0,0,0,0,0,0,0,0,1,1,1,0,0,0,0,0,0,0,0,0,0,0,8,1,1,,,,,,,,,,,,,,,,,,,,,,,,,,,,,,,,,,,,,,
PTrail,1138,trails,587.779,Dirt,1,2,2,0,0,0,0,0,0,0,0,0,1,2,2,0,0,0,0,0,0,0,0,0,0,0,0,0,0,0,0,0,0,0,0,0,0,0,0,0,0,0,0,0,0,0,0,0,0,0,0,0,0,0,0,0,0,0,1,2,0,0,0,0,0,0,0,0,0,0,0,0,0,0,0,0,0,0,0,0,0,0,0,0,1,1,1,0,0,0,0,0,0,0,0,0,0,0,16,1,1,,,,,,,,,,,,,,,,,,,,,,,,,,,,,,,,,,,,,,
PTrail,1139,trails,441.666,Dirt,1,2,2,0,0,0,0,0,0,0,0,0,1,2,2,0,0,0,0,0,0,0,0,0,0,0,0,0,0,0,0,0,0,0,0,0,0,0,0,0,0,0,0,0,0,0,0,0,0,0,0,0,0,0,0,0,0,0,1,2,0,0,0,0,0,0,0,0,0,0,0,0,0,0,0,0,0,0,0,0,0,0,0,0,1,1,1,0,0,0,0,0,0,0,0,0,0,0,16,1,1,,,,,,,,,,,,,,,,,,,,,,,,,,,,,,,,,,,,,,
PTrail,1140,trails,81.217,Dirt,1,0,0,0,0,0,0,0,0,0,0,0,1,2,2,0,0,0,0,0,0,0,0,0,0,0,0,0,0,0,0,0,0,0,0,0,0,0,0,0,0,0,0,0,0,0,0,0,0,0,0,0,0,0,0,0,0,0,0,0,0,0,0,0,0,0,0,0,0,0,0,0,0,0,0,0,0,0,0,0,0,0,0,0,1,1,1,0,0,0,0,0,0,0,0,0,0,0,9,1,1,,,,,,,,,,,,,,,,,,,,,,,,,,,,,,,,,,,,,,
PTrail,1141,trails,387.778,Dirt,0,0,0,0,0,0,0,0,0,0,0,0,1,2,2,0,0,0,0,0,0,0,0,0,0,0,0,0,0,0,0,0,0,0,0,0,0,0,0,0,0,0,0,0,0,0,0,0,0,0,0,0,0,0,0,0,0,0,0,0,0,0,0,0,0,0,0,0,0,0,0,0,0,0,0,0,0,0,0,0,0,0,0,0,1,1,1,0,0,0,0,0,0,0,0,0,0,0,8,1,1,,,,,,,,,,,,,,,,,,,,,,,,,,,,,,,,,,,,,,
PTrail,1142,trails,366.504,Dirt,1,0,0,0,0,0,0,0,0,0,0,0,1,2,2,0,0,0,0,0,0,0,0,0,0,0,0,0,0,0,0,0,0,0,0,0,0,0,0,0,0,0,0,0,0,0,0,0,0,0,0,0,0,0,0,0,0,0,0,0,0,0,0,0,0,0,0,0,0,0,0,0,0,0,0,0,0,0,0,0,0,0,0,0,1,1,1,0,0,0,0,0,0,0,0,0,0,0,9,1,1,,,,,,,,,,,,,,,,,,,,,,,,,,,,,,,,,,,,,,
PTrail,1143,trails,982.382,Dirt,1,2,2,0,0,0,0,0,0,0,0,0,1,2,2,0,0,0,0,0,0,0,0,0,0,0,0,0,0,0,0,0,0,0,0,0,0,0,0,0,0,0,0,0,0,0,0,0,0,0,0,0,0,0,0,0,0,0,0,0,0,0,0,0,0,0,0,0,0,0,0,0,0,0,0,0,0,0,0,0,0,0,0,0,1,1,1,0,0,0,0,0,0,0,0,0,0,0,13,1,1,,,,,,,,,,,,,,,,,,,,,,,,,,,,,,,,,,,,,,
PTrail,1144,trails,203.658,Dirt,1,2,2,0,0,0,0,0,0,0,0,0,1,2,2,0,0,0,0,0,0,0,0,0,0,0,0,0,0,0,0,0,0,0,0,0,0,0,0,0,0,0,0,0,0,0,0,0,0,0,0,0,0,0,0,0,0,0,0,0,0,0,0,0,0,0,0,0,0,0,0,0,0,0,0,0,0,0,0,0,0,0,0,0,1,1,1,0,0,0,0,0,0,0,0,0,0,0,13,1,1,,,,,,,,,,,,,,,,,,,,,,,,,,,,,,,,,,,,,,
PTrail,1145,trails,1918.587,Dirt,1,2,0,0,0,0,0,0,0,0,0,0,1,2,2,0,0,0,0,0,0,0,0,0,0,0,0,0,0,0,0,0,0,0,0,0,0,0,0,0,0,0,0,0,0,0,0,0,0,0,0,0,0,0,0,0,0,0,0,0,0,0,0,0,0,0,0,0,0,0,0,0,0,0,0,0,0,0,0,0,0,0,0,0,1,1,1,0,0,0,0,0,0,0,0,0,0,0,11,1,1,,,,,,,,,,,,,,,,,,,,,,,,,,,,,,,,,,,,,,
PTrail,1146,trails,1019.546,Dirt,1,2,2,0,0,0,0,0,0,0,0,0,1,2,2,0,0,0,0,0,0,0,0,0,0,0,0,0,0,0,0,0,0,0,0,0,0,0,0,0,0,0,0,0,0,0,0,0,0,0,0,0,0,0,0,0,0,0,0,0,0,0,0,0,0,0,0,0,0,0,0,0,0,0,0,0,0,0,0,0,0,0,0,0,1,1,1,0,0,0,0,0,0,0,0,0,0,0,13,1,1,,,,,,,,,,,,,,,,,,,,,,,,,,,,,,,,,,,,,,
PTrail,1147,trails,2707.994,Dirt,1,2,2,0,0,0,0,0,0,0,0,0,1,2,2,0,0,0,0,0,0,0,0,0,0,0,0,0,0,0,0,0,0,0,0,0,0,0,0,0,0,0,0,0,0,0,0,0,0,0,0,0,0,0,0,0,0,0,1,2,0,0,0,0,0,0,0,0,0,0,0,0,0,0,0,0,0,0,0,0,0,0,0,0,1,1,1,0,0,0,0,0,0,0,0,0,0,0,16,1,1,,,,,,,,,,,,,,,,,,,,,,,,,,,,,,,,,,,,,,
PTrail,1149,trails,1367.96,Dirt,1,2,2,0,0,0,0,0,0,0,0,0,1,2,2,0,0,0,0,0,0,0,0,0,0,0,0,0,0,0,0,0,0,0,0,0,0,0,0,0,0,0,0,0,0,0,0,0,0,0,0,0,0,0,0,0,0,0,1,2,0,0,0,0,0,0,0,0,0,0,0,0,0,0,0,0,0,0,0,0,0,0,0,0,1,1,1,0,0,0,0,0,0,0,0,0,0,0,16,1,1,,,,,,,,,,,,,,,,,,,,,,,,,,,,,,,,,,,,,,
PTrail,1150,trails,933.55,Dirt,0,0,0,0,0,0,0,0,0,0,0,0,1,2,2,0,0,0,0,0,0,0,0,0,0,0,0,0,0,0,0,0,0,0,0,0,0,0,0,0,0,0,0,0,0,0,0,0,0,0,0,0,0,0,0,0,0,0,0,0,0,0,0,0,0,0,0,0,0,0,0,0,0,0,0,0,0,0,0,0,0,0,0,0,1,1,1,0,0,0,0,0,0,0,0,0,0,0,8,1,1,,,,,,,,,,,,,,,,,,,,,,,,,,,,,,,,,,,,,,
PTrail,1151,trails,325.592,Dirt,0,0,0,0,0,0,0,0,0,0,0,0,1,2,2,0,0,0,0,0,0,0,0,0,0,0,0,0,0,0,0,0,0,0,0,0,0,0,0,0,0,0,0,0,0,0,0,0,0,0,0,0,0,0,0,0,0,0,0,0,0,0,0,0,0,0,0,0,0,0,0,0,0,0,0,0,0,0,0,0,0,0,0,0,1,1,1,0,0,0,0,0,0,0,0,0,0,0,8,1,1,,,,,,,,,,,,,,,,,,,,,,,,,,,,,,,,,,,,,,
PTrail,1152,trails,179.321,Dirt,0,0,0,0,0,0,0,0,0,0,0,0,1,2,2,0,0,0,0,0,0,0,0,0,0,0,0,0,0,0,0,0,0,0,0,0,0,0,0,0,0,0,0,0,0,0,0,0,0,0,0,0,0,0,0,0,0,0,0,0,0,0,0,0,0,0,0,0,0,0,0,0,0,0,0,0,0,0,0,0,0,0,0,0,1,1,1,0,0,0,0,0,0,0,0,0,0,0,8,1,1,,,,,,,,,,,,,,,,,,,,,,,,,,,,,,,,,,,,,,
PTrail,1153,trails,136.246,Dirt,1,2,2,0,0,0,0,0,0,0,0,0,1,2,2,0,0,0,0,0,0,0,0,0,0,0,0,0,0,0,0,0,0,0,0,0,0,0,0,0,0,0,0,0,0,0,0,0,0,0,0,0,0,0,0,0,0,0,1,2,0,0,0,0,0,0,0,0,0,0,0,0,0,0,0,0,0,0,0,0,0,0,0,0,1,1,1,0,0,0,0,0,0,0,0,0,0,0,16,1,1,,,,,,,,,,,,,,,,,,,,,,,,,,,,,,,,,,,,,,
PTrail,1154,trails,1361.95,Dirt,1,2,2,0,0,0,0,0,0,0,0,0,1,2,2,0,0,0,0,0,0,0,0,0,0,0,0,0,0,0,0,0,0,0,0,0,0,0,0,0,0,0,0,0,0,0,0,0,0,0,0,0,0,0,0,0,0,0,1,2,2,0,0,0,0,0,0,0,0,0,0,0,0,0,0,0,0,0,0,0,0,0,0,0,1,1,1,0,0,0,0,0,0,0,0,0,0,0,18,1,1,,,,,,,,,,,,,,,,,,,,,,,,,,,,,,,,,,,,,,
PTrail,1155,trails,546.347,Dirt,1,2,2,0,0,0,0,0,0,0,0,0,1,2,2,0,0,0,0,0,0,0,0,0,0,0,0,0,0,0,0,0,0,0,0,0,0,0,0,0,0,0,0,0,0,0,0,0,0,0,0,0,0,0,0,0,0,0,1,0,0,0,0,0,0,0,0,0,0,0,0,0,0,0,0,0,0,0,0,0,0,0,0,0,1,1,1,0,0,0,0,0,0,0,0,0,0,0,14,1,1,,,,,,,,,,,,,,,,,,,,,,,,,,,,,,,,,,,,,,
PTrail,1156,trails,1443.023,Dirt,1,2,2,0,0,0,0,0,0,0,0,0,1,2,2,0,0,0,0,0,0,0,0,0,0,0,0,0,0,0,0,0,0,0,0,0,0,0,0,0,0,0,0,0,0,0,0,0,0,0,0,0,0,0,0,0,0,0,1,2,0,0,0,0,0,0,0,0,0,0,0,0,0,0,0,0,0,0,0,0,0,0,0,0,1,1,1,0,0,0,0,0,0,0,0,0,0,0,16,1,1,,,,,,,,,,,,,,,,,,,,,,,,,,,,,,,,,,,,,,
PTrail,1157,trails,59.32,Dirt,1,2,2,0,0,0,0,0,0,0,0,0,1,2,2,0,0,0,0,0,0,0,0,0,0,0,0,0,0,0,0,0,0,0,0,0,0,0,0,0,0,0,0,0,0,0,0,0,0,0,0,0,0,0,0,0,0,0,1,2,0,0,0,0,0,0,0,0,0,0,0,0,0,0,0,0,0,0,0,0,0,0,0,0,1,1,1,0,0,0,0,0,0,0,0,0,0,0,16,1,1,,,,,,,,,,,,,,,,,,,,,,,,,,,,,,,,,,,,,,
PTrail,1158,trails,136.134,Dirt,1,2,2,0,0,0,0,0,0,0,0,0,1,2,2,0,0,0,0,0,0,0,0,0,0,0,0,0,0,0,0,0,0,0,0,0,0,0,0,0,0,0,0,0,0,0,0,0,0,0,0,0,0,0,0,0,0,0,0,0,0,0,0,0,0,0,0,0,0,0,0,0,0,0,0,0,0,0,0,0,0,0,0,0,1,1,1,0,0,0,0,0,0,0,0,0,0,0,13,1,1,,,,,,,,,,,,,,,,,,,,,,,,,,,,,,,,,,,,,,
PTrail,1159,trails,1822.452,Dirt,1,2,2,0,0,0,0,0,0,0,0,0,1,2,2,0,0,0,0,0,0,0,0,0,0,0,0,0,0,0,0,0,0,0,0,0,0,0,0,0,0,0,0,0,0,0,0,0,0,0,0,0,0,0,0,0,0,0,1,0,0,0,0,0,0,0,0,0,0,0,0,0,0,0,0,0,0,0,0,0,0,0,0,0,1,1,1,0,0,0,0,0,0,0,0,0,0,0,14,1,1,,,,,,,,,,,,,,,,,,,,,,,,,,,,,,,,,,,,,,
PTrail,1160,trails,24.787,Dirt,1,2,2,0,0,0,0,0,0,0,0,0,1,2,2,0,0,0,0,0,0,0,0,0,0,0,0,0,0,0,0,0,0,0,0,0,0,0,0,0,0,0,0,0,0,0,0,0,0,0,0,0,0,0,0,0,0,0,1,0,0,0,0,0,0,0,0,0,0,0,0,0,0,0,0,0,0,0,0,0,0,0,0,0,1,1,1,0,0,0,0,0,0,0,0,0,0,0,14,1,1,,,,,,,,,,,,,,,,,,,,,,,,,,,,,,,,,,,,,,
PTrail,1161,trails,1553.71,Dirt,1,2,2,0,0,0,0,0,0,0,0,0,1,2,2,0,0,0,0,0,0,0,0,0,0,0,0,0,0,0,0,0,0,0,0,0,0,0,0,0,0,0,0,0,0,0,0,0,0,0,0,0,0,0,0,0,0,0,0,0,0,0,0,0,0,0,0,0,0,0,0,0,0,0,0,0,0,0,0,0,0,0,0,0,1,1,1,0,0,0,0,0,0,0,0,0,0,0,13,1,1,,,,,,,,,,,,,,,,,,,,,,,,,,,,,,,,,,,,,,
PTrail,1162,trails,519.985,Dirt,1,2,0,0,0,0,0,0,0,0,0,0,1,2,2,0,0,0,0,0,0,0,0,0,0,0,0,0,0,0,0,0,0,0,0,0,0,0,0,0,0,0,0,0,0,0,0,0,0,0,0,0,0,0,0,0,0,0,0,0,0,0,0,0,0,0,0,0,0,0,0,0,0,0,0,0,0,0,0,0,0,0,0,0,1,1,1,0,0,0,0,0,0,0,0,0,0,0,11,1,1,,,,,,,,,,,,,,,,,,,,,,,,,,,,,,,,,,,,,,
PTrail,1163,trails,892.638,Dirt,1,2,2,0,0,0,0,0,0,0,0,0,1,2,2,0,0,0,0,0,0,0,0,0,0,0,0,0,0,0,0,0,0,0,0,0,0,0,0,0,0,0,0,0,0,0,0,0,0,0,0,0,0,0,0,0,0,0,0,0,0,0,0,0,0,0,0,0,0,0,0,0,0,0,0,0,0,0,0,0,0,0,0,0,1,1,1,0,0,0,0,0,0,0,0,0,0,0,13,1,1,,,,,,,,,,,,,,,,,,,,,,,,,,,,,,,,,,,,,,
PTrail,1164,trails,922.706,Dirt,1,2,2,0,0,0,0,0,0,0,0,0,1,2,2,0,0,0,0,0,0,0,0,0,0,0,0,0,0,0,0,0,0,0,0,0,0,0,0,0,0,0,0,0,0,0,0,0,0,0,0,0,0,0,0,0,0,0,0,0,0,0,0,0,0,0,0,0,0,0,0,0,0,0,0,0,0,0,0,0,0,0,0,0,1,1,1,0,0,0,0,0,0,0,0,0,0,0,13,1,1,,,,,,,,,,,,,,,,,,,,,,,,,,,,,,,,,,,,,,
PTrail,1165,trails,1866.964,Dirt,0,0,0,0,0,0,0,0,0,0,0,0,1,2,2,0,0,0,0,0,0,0,0,0,0,0,0,0,0,0,0,0,0,0,0,0,0,0,0,0,0,0,0,0,0,0,0,0,0,0,0,0,0,0,0,0,0,0,0,0,0,0,0,0,0,0,0,0,0,0,0,0,0,0,0,0,0,0,0,0,0,0,0,0,1,1,1,0,0,0,0,0,0,0,0,0,0,0,8,1,1,,,,,,,,,,,,,,,,,,,,,,,,,,,,,,,,,,,,,,
PTrail,1166,trails,1194.164,Dirt,1,2,2,0,0,0,0,0,0,0,0,0,1,2,2,0,0,0,0,0,0,0,0,0,0,0,0,0,0,0,0,0,0,0,0,0,0,0,0,0,0,0,0,0,0,0,0,0,0,0,0,0,0,0,0,0,0,0,0,0,0,0,0,0,0,0,0,0,0,0,0,0,0,0,0,0,0,0,0,0,0,0,0,0,1,1,1,0,0,0,0,0,0,0,0,0,0,0,13,1,1,,,,,,,,,,,,,,,,,,,,,,,,,,,,,,,,,,,,,,
PTrail,1167,trails,138.365,Dirt,1,2,2,0,0,0,0,0,0,0,0,0,1,2,2,0,0,0,0,0,0,0,0,0,0,0,0,0,0,0,0,0,0,0,0,0,0,0,0,0,0,0,0,0,0,0,0,0,0,0,0,0,0,0,0,0,0,0,1,2,2,0,0,0,0,0,0,0,0,0,0,0,0,0,0,0,0,0,0,0,0,0,0,0,1,1,1,0,0,0,0,0,0,0,0,0,0,0,18,1,1,,,,,,,,,,,,,,,,,,,,,,,,,,,,,,,,,,,,,,
PTrail,1168,trails,592.612,Dirt,1,2,2,0,0,0,0,0,0,0,0,0,1,2,2,0,0,0,0,0,0,0,0,0,0,0,0,0,0,0,0,0,0,0,0,0,0,0,0,0,0,0,0,0,0,0,0,0,0,0,0,0,0,0,0,0,0,0,1,2,0,0,0,0,0,0,0,0,0,0,0,0,0,0,0,0,0,0,0,0,0,0,0,0,1,1,1,0,0,0,0,0,0,0,0,0,0,0,16,1,1,,,,,,,,,,,,,,,,,,,,,,,,,,,,,,,,,,,,,,
PTrail,1169,trails,3276.519,Dirt,1,2,2,0,0,0,0,0,0,0,0,0,1,2,2,0,0,0,0,0,0,0,0,0,0,0,0,0,0,0,0,0,0,0,0,0,0,0,0,0,0,0,0,0,0,0,0,0,0,0,0,0,0,0,0,0,0,0,0,0,0,0,0,0,0,0,0,0,0,0,0,0,0,0,0,0,0,0,0,0,0,0,0,0,1,1,1,0,0,0,0,0,0,0,0,0,0,0,13,1,1,,,,,,,,,,,,,,,,,,,,,,,,,,,,,,,,,,,,,,
PTrail,1170,trails,498.246,Dirt,1,2,2,0,0,0,0,0,0,0,0,0,1,2,2,0,0,0,0,0,0,0,0,0,0,0,0,0,0,0,0,0,0,0,0,0,0,0,0,0,0,0,0,0,0,0,0,0,0,0,0,0,0,0,0,0,0,0,0,0,0,0,0,0,0,0,0,0,0,0,0,0,0,0,0,0,0,0,0,0,0,0,0,0,1,1,1,0,0,0,0,0,0,0,0,0,0,0,13,1,1,,,,,,,,,,,,,,,,,,,,,,,,,,,,,,,,,,,,,,
PTrail,1171,trails,3333.069,Dirt,1,2,2,0,0,0,0,0,0,0,0,0,1,2,2,0,0,0,0,0,0,0,0,0,0,0,0,0,0,0,0,0,0,0,0,0,0,0,0,0,0,0,0,0,0,0,0,0,0,0,0,0,0,0,0,0,0,0,1,2,0,0,0,0,0,0,0,0,0,0,0,0,0,0,0,0,0,0,0,0,0,0,0,0,1,1,1,0,0,0,0,0,0,0,0,0,0,0,16,1,1,,,,,,,,,,,,,,,,,,,,,,,,,,,,,,,,,,,,,,
PTrail,1173,trails,460.869,Dirt,1,2,2,0,0,0,0,0,0,0,0,0,1,2,2,0,0,0,0,0,0,0,0,0,0,0,0,0,0,0,0,0,0,0,0,0,0,0,0,0,0,0,0,0,0,0,0,0,0,0,0,0,0,0,0,0,0,0,0,0,0,0,0,0,0,0,0,0,0,0,0,0,0,0,0,0,0,0,0,0,0,0,0,0,1,1,1,0,0,0,0,0,0,0,0,0,0,0,13,1,1,,,,,,,,,,,,,,,,,,,,,,,,,,,,,,,,,,,,,,
PTrail,1174,trails,953.51,Dirt,1,2,2,0,0,0,0,0,0,0,0,0,1,2,2,0,0,0,0,0,0,0,0,0,0,0,0,0,0,0,0,0,0,0,0,0,0,0,0,0,0,0,0,0,0,0,0,0,0,0,0,0,0,0,0,0,0,0,0,0,0,0,0,0,0,0,0,0,0,0,0,0,0,0,0,0,0,0,0,0,0,0,0,0,1,1,1,0,0,0,0,0,0,0,0,0,0,0,13,1,1,,,,,,,,,,,,,,,,,,,,,,,,,,,,,,,,,,,,,,
PTrail,1175,trails,1888.022,Dirt,1,2,2,0,0,0,0,0,0,0,0,0,1,2,2,0,0,0,0,0,0,0,0,0,0,0,0,0,0,0,0,0,0,0,0,0,0,0,0,0,0,0,0,0,0,0,0,0,0,0,0,0,0,0,0,0,0,0,0,0,0,0,0,0,0,0,0,0,0,0,0,0,0,0,0,0,0,0,0,0,0,0,0,0,1,1,1,0,0,0,0,0,0,0,0,0,0,0,13,1,1,,,,,,,,,,,,,,,,,,,,,,,,,,,,,,,,,,,,,,
PTrail,1176,trails,194.348,Dirt,1,2,2,0,0,0,0,0,0,0,0,0,1,2,2,0,0,0,0,0,0,0,0,0,0,0,0,0,0,0,0,0,0,0,0,0,0,0,0,0,0,0,0,0,0,0,0,0,0,0,0,0,0,0,0,0,0,0,1,2,2,0,0,0,0,0,0,0,0,0,0,0,0,0,0,0,0,0,0,0,0,0,0,0,1,1,1,0,0,0,0,0,0,0,0,0,0,0,18,1,1,,,,,,,,,,,,,,,,,,,,,,,,,,,,,,,,,,,,,,
PTrail,1177,trails,1131.429,Dirt,1,2,2,1,2,2,0,0,0,0,0,0,1,2,2,0,0,0,1,2,2,0,0,0,0,5,0,0,0,0,0,0,0,0,1,2,0,0,0,0,0,0,0,0,0,0,0,0,0,0,1,2,2,0,0,0,0,0,0,0,0,0,0,0,0,0,0,0,0,0,0,0,0,1,0,0,0,0,0,0,0,0,0,0,1,1,1,0,0,0,0,0,0,0,0,0,0,0,37,2,2,,,,,,,,,,,,,,,,,,,,,,,,,,,,,,,,,,,,,,
PTrail,1178,trails,282.111,Dirt,1,2,2,1,2,2,0,0,0,0,0,0,1,2,0,0,0,0,1,2,0,0,0,0,0,5,0,0,0,0,0,0,0,0,1,2,0,0,0,0,0,0,0,0,0,0,0,0,0,0,1,2,0,0,0,0,0,0,0,0,0,0,0,0,0,0,0,0,0,0,0,0,0,1,2,0,0,0,0,0,0,0,0,0,1,1,1,0,0,0,0,0,0,0,0,0,0,0,33,2,2,,,,,,,,,,,,,,,,,,,,,,,,,,,,,,,,,,,,,,
PTrail,1179,trails,131.626,Dirt,1,2,2,0,0,0,0,0,0,0,0,0,1,0,0,0,0,0,1,0,0,0,0,0,0,0,0,0,0,0,0,0,0,0,0,0,0,0,0,0,0,0,0,0,0,0,0,0,0,0,0,0,0,0,0,0,0,0,0,0,0,0,0,0,0,0,0,0,0,0,0,0,0,0,0,0,0,0,0,0,0,0,0,0,1,1,1,0,0,0,0,0,0,0,0,0,0,0,10,1,1,,,,,,,,,,,,,,,,,,,,,,,,,,,,,,,,,,,,,,
PTrail,1180,trails,269.324,Dirt,1,2,2,1,2,2,0,0,0,0,0,0,1,0,0,0,0,0,0,0,0,0,0,0,0,5,0,0,0,0,0,0,0,0,0,0,0,0,0,0,0,0,0,0,0,0,0,0,0,0,0,0,0,0,0,0,0,0,0,0,0,0,0,0,0,0,0,0,0,0,0,0,0,1,0,0,0,0,0,0,0,0,0,0,1,1,1,0,0,0,0,0,0,0,0,0,5,0,25,1,1,,,,,,,,,,,,,,,,,,,,,,,,,,,,,,,,,,,,,,
PTrail,1181,trails,585.196,Dirt,1,2,2,1,2,2,0,0,0,0,0,0,0,0,0,0,0,0,0,0,0,0,0,0,0,5,0,2,0,0,0,0,0,0,0,0,0,0,0,0,0,0,0,0,0,0,0,0,0,0,0,0,0,0,0,0,0,0,0,0,0,0,0,0,0,0,0,0,0,0,0,0,0,1,0,0,0,0,0,0,0,0,0,0,1,1,1,0,0,0,0,0,0,0,0,0,5,0,26,1,1,,,,,,,,,,,,,,,,,,,,,,,,,,,,,,,,,,,,,,
PTrail,1182,trails,373.248,Dirt,1,2,2,1,2,2,1,2,0,0,0,0,1,2,0,0,0,0,0,0,0,0,0,0,0,5,0,0,0,0,0,0,0,0,1,0,0,0,0,0,0,0,0,0,0,0,0,0,0,0,1,0,0,0,0,0,0,0,0,0,0,0,0,0,0,0,0,0,0,0,0,0,0,1,0,0,0,0,0,0,0,0,0,0,1,1,1,0,0,0,0,0,0,0,0,0,5,0,32,2,2,,,,,,,,,,,,,,,,,,,,,,,,,,,,,,,,,,,,,,
PTrail,1183,trails,233.256,Dirt,1,2,2,1,2,2,1,2,0,0,0,0,1,2,2,0,0,0,0,0,0,0,0,0,0,5,0,0,0,0,0,0,0,0,1,0,0,0,0,0,0,0,0,0,0,0,0,0,0,0,1,0,0,0,0,0,0,0,0,0,0,0,0,0,0,0,0,0,0,0,0,0,0,0,0,0,1,0,0,0,0,0,0,0,1,1,1,0,0,0,0,0,0,0,0,0,5,0,34,2,2,,,,,,,,,,,,,,,,,,,,,,,,,,,,,,,,,,,,,,
PTrail,1184,trails,203.991,Dirt,1,2,2,1,2,0,1,0,0,1,0,0,1,2,2,0,0,0,0,0,0,0,0,0,0,5,0,2,0,0,0,0,0,0,1,2,0,0,0,0,0,0,0,0,0,0,0,0,0,0,1,2,0,0,0,0,0,0,0,0,0,0,0,0,0,0,0,0,0,0,0,0,0,1,0,0,1,2,0,0,0,0,0,0,1,1,1,0,0,0,0,0,0,0,0,0,5,0,40,2,2,,,,,,,,,,,,,,,,,,,,,,,,,,,,,,,,,,,,,,
PTrail,1185,trails,218.076,Dirt,1,2,2,1,2,0,1,2,0,0,0,0,1,2,0,0,0,0,0,0,0,0,0,0,0,5,0,0,0,0,0,0,0,0,1,2,2,0,0,0,0,0,0,0,0,0,0,0,0,0,1,2,2,0,0,4,0,0,0,0,0,0,0,0,0,0,0,0,0,0,0,0,0,1,2,0,1,2,2,0,0,0,0,0,1,1,1,0,0,0,0,0,0,0,0,0,5,0,49,3,3,,,,,,,,,,,,,,,,,,,,,,,,,,,,,,,,,,,,,,
PTrail,1186,trails,99.669,Dirt,1,2,2,1,2,0,1,0,0,0,0,0,1,2,2,0,0,0,0,0,0,0,0,0,0,5,0,0,0,0,0,0,0,0,1,2,0,0,0,0,0,0,0,0,0,0,0,0,0,0,1,2,0,0,0,0,0,0,0,0,0,0,0,0,0,0,0,0,0,0,0,0,0,1,0,0,1,2,0,0,0,0,0,0,1,1,1,0,0,0,0,0,0,0,0,0,5,0,37,2,2,,,,,,,,,,,,,,,,,,,,,,,,,,,,,,,,,,,,,,
PTrail,1187,trails,358.131,Dirt,1,2,2,1,2,2,1,2,2,0,0,0,1,2,0,0,0,0,0,0,0,0,0,0,0,5,0,2,0,0,0,0,0,0,1,2,2,0,0,0,0,0,0,0,0,0,0,0,0,0,1,2,2,0,0,0,0,1,0,0,0,0,0,0,0,0,0,0,0,0,0,0,0,1,0,0,1,0,0,0,0,0,0,3,1,1,1,0,0,0,0,0,0,0,0,0,5,0,49,3,3,,,,,,,,,,,,,,,,,,,,,,,,,,,,,,,,,,,,,,
PTrail,1188,trails,61.807,Dirt,1,2,2,1,2,2,0,0,0,0,0,0,0,0,0,0,0,0,0,0,0,0,0,0,0,5,0,0,0,0,0,0,0,0,1,0,0,0,0,0,0,0,0,0,0,0,0,0,0,0,0,0,0,0,0,0,0,0,0,0,0,0,0,0,0,0,0,0,0,0,0,0,0,1,2,0,0,0,0,0,0,0,0,0,1,1,1,0,0,0,0,0,0,0,0,0,5,0,27,1,1,,,,,,,,,,,,,,,,,,,,,,,,,,,,,,,,,,,,,,
PTrail,1189,trails,434.591,Dirt,1,2,2,1,2,2,1,2,0,0,0,0,1,2,0,0,0,0,0,0,0,0,0,0,0,5,0,0,0,0,0,0,0,0,1,2,0,0,0,0,0,0,0,0,0,0,0,0,0,0,1,0,0,0,0,0,0,0,0,0,0,0,0,0,0,0,0,0,0,0,0,0,0,1,2,0,0,0,0,0,0,0,0,0,1,1,1,0,0,0,0,0,0,0,0,0,5,0,36,2,2,,,,,,,,,,,,,,,,,,,,,,,,,,,,,,,,,,,,,,
PTrail,1190,trails,1424.974,Dirt,1,2,2,1,2,2,1,2,2,0,0,0,1,2,0,0,0,0,0,0,0,0,0,0,0,5,0,2,0,0,0,0,0,0,1,2,0,0,0,0,0,0,0,0,0,0,0,0,0,0,1,2,0,0,0,0,0,0,0,0,0,0,0,0,0,0,0,0,0,0,0,0,0,1,2,2,1,0,0,0,0,0,0,0,1,1,1,0,0,0,0,0,0,0,0,0,5,0,45,2,2,,,,,,,,,,,,,,,,,,,,,,,,,,,,,,,,,,,,,,
PTrail,1191,trails,114.701,Dirt,1,2,2,1,2,2,0,0,0,0,0,0,0,0,0,0,0,0,0,0,0,0,0,0,0,5,0,0,0,0,0,0,0,0,0,0,0,0,0,0,0,0,0,0,0,0,0,0,0,0,0,0,0,0,0,0,0,0,0,0,0,0,0,0,0,0,0,0,0,0,0,0,0,0,0,0,0,0,0,0,0,0,0,0,1,1,1,0,0,0,0,0,0,0,0,0,5,0,23,1,1,,,,,,,,,,,,,,,,,,,,,,,,,,,,,,,,,,,,,,
PTrail,1192,trails,20.549,Dirt,1,2,2,1,2,2,0,0,0,0,0,0,0,0,0,0,0,0,0,0,0,0,0,0,0,5,0,0,0,0,0,0,0,0,0,0,0,0,0,0,0,0,0,0,0,0,0,0,0,0,0,0,0,0,0,0,0,0,0,0,0,0,0,0,0,0,0,0,0,0,0,0,0,0,0,0,0,0,0,0,0,0,0,0,1,1,1,0,0,0,0,0,0,0,0,0,5,0,23,1,1,,,,,,,,,,,,,,,,,,,,,,,,,,,,,,,,,,,,,,
PTrail,1193,trails,30.157,Dirt,1,2,2,1,2,0,0,0,0,0,0,0,0,0,0,0,0,0,0,0,0,0,0,0,0,5,0,0,0,0,0,0,0,0,0,0,0,0,0,0,0,0,0,0,0,0,0,0,0,0,0,0,0,0,0,0,0,0,0,0,0,0,0,0,0,0,0,0,0,0,0,0,0,1,0,0,0,0,0,0,0,0,0,0,1,1,1,0,0,0,0,0,0,0,0,0,5,0,22,1,1,,,,,,,,,,,,,,,,,,,,,,,,,,,,,,,,,,,,,,
PTrail,1194,trails,16.128,Dirt,1,2,2,1,2,0,0,0,0,0,0,0,0,0,0,0,0,0,0,0,0,0,0,0,0,5,0,0,0,0,0,0,0,0,0,0,0,0,0,0,0,0,0,0,0,0,0,0,0,0,0,0,0,0,0,0,0,0,0,0,0,0,0,0,0,0,0,0,0,0,0,0,0,1,0,0,0,0,0,0,0,0,0,0,1,1,1,0,0,0,0,0,0,0,0,0,5,0,22,1,1,,,,,,,,,,,,,,,,,,,,,,,,,,,,,,,,,,,,,,
PTrail,1195,trails,11.969,Dirt,1,2,2,1,2,0,0,0,0,0,0,0,0,0,0,0,0,0,0,0,0,0,0,0,0,5,0,0,0,0,0,0,0,0,0,0,0,0,0,0,0,0,0,0,0,0,0,0,0,0,0,0,0,0,0,0,0,0,0,0,0,0,0,0,0,0,0,0,0,0,0,0,0,1,0,0,0,0,0,0,0,0,0,0,1,1,1,0,0,0,0,0,0,0,0,0,5,0,22,1,1,,,,,,,,,,,,,,,,,,,,,,,,,,,,,,,,,,,,,,
PTrail,1196,trails,546.287,Dirt,1,2,2,1,2,2,0,0,0,0,0,0,0,0,0,0,0,0,0,0,0,0,0,0,0,5,0,0,0,0,0,0,0,0,1,0,0,0,0,0,0,0,0,0,0,0,0,0,0,0,0,0,0,0,0,0,0,0,0,0,0,0,0,0,0,0,0,0,0,0,0,0,0,1,2,0,0,0,0,0,0,0,0,0,1,1,1,0,0,0,0,0,0,0,0,0,5,0,27,1,1,,,,,,,,,,,,,,,,,,,,,,,,,,,,,,,,,,,,,,
PTrail,1197,trails,243.599,Dirt,1,2,2,1,2,2,1,2,0,0,0,0,0,0,0,0,0,0,0,0,0,0,0,0,0,5,0,0,0,0,0,0,0,0,1,2,0,0,0,0,0,0,0,0,0,0,0,0,0,0,1,0,0,0,0,0,0,0,0,0,0,0,0,0,0,0,0,0,0,0,0,0,0,1,2,0,0,0,0,0,0,0,0,0,1,1,1,0,0,0,0,0,0,0,0,0,5,0,33,2,2,,,,,,,,,,,,,,,,,,,,,,,,,,,,,,,,,,,,,,
PTrail,1198,trails,743.547,Dirt,1,2,2,1,2,2,1,2,0,0,0,0,1,2,0,0,0,0,0,0,0,0,0,0,0,5,0,0,0,0,0,0,0,0,1,0,0,0,0,0,0,0,0,0,0,0,0,0,0,0,1,0,0,0,0,0,0,0,0,0,0,0,0,0,0,0,0,0,0,0,0,0,0,1,0,0,0,0,0,0,0,0,0,0,1,1,1,0,0,0,0,0,0,0,0,0,5,0,32,2,2,,,,,,,,,,,,,,,,,,,,,,,,,,,,,,,,,,,,,,
PTrail,1199,trails,201.54,Dirt,1,2,2,1,2,2,1,2,2,0,0,0,1,2,2,0,0,0,0,0,0,0,0,0,0,5,0,2,0,0,0,0,0,0,1,2,0,0,0,0,0,0,0,0,0,0,0,0,0,0,1,2,0,0,0,0,0,0,0,0,0,0,0,0,0,0,0,0,0,0,0,0,0,1,0,0,1,0,0,0,0,0,0,0,1,1,1,0,0,0,0,0,0,0,0,0,5,0,43,2,2,,,,,,,,,,,,,,,,,,,,,,,,,,,,,,,,,,,,,,
PTrail,1200,trails,74.431,Dirt,1,2,2,1,2,2,0,0,0,0,0,0,1,0,0,0,0,0,0,0,0,0,0,0,0,5,0,0,0,0,0,0,0,0,0,0,0,0,0,0,0,0,0,0,0,0,0,0,0,0,0,0,0,0,0,0,0,0,0,0,0,0,0,0,0,0,0,0,0,0,0,0,0,1,0,0,0,0,0,0,0,0,0,0,1,1,1,0,0,0,0,0,0,0,0,0,5,0,25,1,1,,,,,,,,,,,,,,,,,,,,,,,,,,,,,,,,,,,,,,
PTrail,1201,trails,107.184,Dirt,1,2,2,1,2,2,0,0,0,0,0,0,1,0,0,0,0,0,0,0,0,0,0,0,0,5,0,2,0,0,0,0,0,0,0,0,0,0,0,0,0,0,0,0,0,0,0,0,0,0,0,0,0,0,0,0,0,0,0,0,0,0,0,0,0,0,0,0,0,0,0,0,0,1,0,0,0,0,0,0,0,0,0,0,1,1,1,0,0,0,0,0,0,0,0,0,5,0,27,1,1,,,,,,,,,,,,,,,,,,,,,,,,,,,,,,,,,,,,,,
PTrail,1202,trails,662.056,Dirt,1,2,2,1,2,2,0,0,0,0,0,0,1,0,0,0,0,0,0,0,0,0,0,0,0,5,0,2,0,0,0,0,0,0,0,0,0,0,0,0,0,0,0,0,0,0,0,0,0,0,0,0,0,0,0,0,0,0,0,0,0,0,0,0,0,0,0,0,0,0,0,0,0,1,0,0,0,0,0,0,0,0,0,0,1,1,1,0,0,0,0,0,0,0,0,0,5,0,27,1,1,,,,,,,,,,,,,,,,,,,,,,,,,,,,,,,,,,,,,,
PTrail,1203,trails,480.639,Dirt,1,2,2,1,2,2,0,0,0,0,0,0,1,0,0,0,0,0,0,0,0,0,0,0,0,5,0,0,0,0,0,0,0,0,0,0,0,0,0,0,0,0,0,0,0,0,0,0,0,0,0,0,0,0,0,0,0,0,0,0,0,0,0,0,0,0,0,0,0,0,0,0,0,1,0,0,0,0,0,0,0,0,0,0,1,1,1,0,0,0,0,0,0,0,0,0,5,0,25,1,1,,,,,,,,,,,,,,,,,,,,,,,,,,,,,,,,,,,,,,
PTrail,1204,trails,21.536,Dirt,1,2,2,1,2,0,1,0,0,0,0,0,1,2,0,0,0,0,0,0,0,0,0,0,0,5,0,0,0,0,0,0,0,0,1,2,0,0,0,0,0,0,0,0,0,0,0,0,0,0,1,2,0,0,0,0,0,0,0,0,0,0,0,0,0,0,0,0,0,0,0,0,0,1,0,0,1,2,0,0,0,0,0,0,1,1,1,0,0,0,0,0,0,0,0,0,5,0,35,2,2,,,,,,,,,,,,,,,,,,,,,,,,,,,,,,,,,,,,,,
PTrail,1205,trails,77.366,Dirt,1,2,2,1,2,0,1,0,0,0,0,0,0,0,0,0,0,0,0,0,0,0,0,0,0,5,0,2,0,0,0,0,0,0,1,2,0,0,0,0,0,0,0,0,0,0,0,0,0,0,1,0,0,0,0,0,0,0,0,0,0,0,0,0,0,0,0,0,0,0,0,0,0,1,2,0,0,0,0,0,0,0,0,0,1,1,1,0,0,0,0,0,0,0,0,0,5,0,31,2,2,,,,,,,,,,,,,,,,,,,,,,,,,,,,,,,,,,,,,,
PTrail,1206,trails,565.804,Dirt,1,2,2,1,2,2,0,0,0,0,0,0,1,0,0,0,0,0,0,0,0,0,0,0,0,5,0,2,0,0,0,0,0,0,0,0,0,0,0,0,0,0,0,0,0,0,0,0,0,0,0,0,0,0,0,0,0,0,0,0,0,0,0,0,0,0,0,0,0,0,0,0,0,1,0,0,0,0,0,0,0,0,0,0,1,1,1,0,0,0,0,0,0,0,0,0,5,0,27,1,1,,,,,,,,,,,,,,,,,,,,,,,,,,,,,,,,,,,,,,
PTrail,1207,trails,82.597,Dirt,1,2,2,1,2,2,0,0,0,0,0,0,0,0,0,0,0,0,0,0,0,0,0,0,0,5,0,0,0,0,0,0,0,0,0,0,0,0,0,0,0,0,0,0,0,0,0,0,0,0,0,0,0,0,0,0,0,0,0,0,0,0,0,0,0,0,0,0,0,0,0,0,0,1,0,0,0,0,0,0,0,0,0,0,1,1,1,0,0,0,0,0,0,0,0,0,5,0,24,1,1,,,,,,,,,,,,,,,,,,,,,,,,,,,,,,,,,,,,,,
PTrail,1208,trails,45.684,Dirt,1,2,2,1,2,2,1,0,0,0,0,0,0,0,0,0,0,0,0,0,0,0,0,0,0,5,0,0,0,0,0,0,0,0,1,0,0,0,0,0,0,0,0,0,0,0,0,0,0,0,1,0,0,0,0,0,0,0,0,0,0,0,0,0,0,0,0,0,0,0,0,0,0,1,2,0,0,0,0,0,0,0,0,0,1,1,1,0,0,0,0,0,0,0,0,0,5,0,29,2,1,,,,,,,,,,,,,,,,,,,,,,,,,,,,,,,,,,,,,,
PTrail,1209,trails,368.503,Dirt,1,2,2,1,2,0,1,0,0,0,0,0,0,0,0,0,0,0,0,0,0,0,0,0,0,5,0,0,0,0,0,0,0,0,1,0,0,0,0,0,0,0,0,0,0,0,0,0,0,0,1,0,0,0,0,0,0,0,0,0,0,0,0,0,0,0,0,0,0,0,0,0,0,1,2,2,0,0,0,0,0,0,0,0,1,1,1,0,0,0,0,0,0,0,0,0,5,0,29,2,1,,,,,,,,,,,,,,,,,,,,,,,,,,,,,,,,,,,,,,
PTrail,1210,trails,158.059,Dirt,1,2,2,1,2,2,0,0,0,0,0,0,0,0,0,0,0,0,0,0,0,0,0,0,0,5,0,0,0,0,0,0,0,0,1,0,0,0,0,0,0,0,0,0,0,0,0,0,0,0,1,0,0,0,0,0,0,0,0,0,0,0,0,0,0,0,0,0,0,0,0,0,0,1,2,0,0,0,0,0,0,0,0,0,1,1,1,0,0,0,0,0,0,0,0,0,5,0,28,2,1,,,,,,,,,,,,,,,,,,,,,,,,,,,,,,,,,,,,,,
PTrail,1211,trails,76.569,Dirt,1,2,2,1,2,0,1,0,0,0,0,0,0,0,0,0,0,0,0,0,0,0,0,0,0,5,0,0,0,0,0,0,0,0,1,0,0,0,0,0,0,0,0,0,0,0,0,0,0,0,1,0,0,0,0,0,0,0,0,0,0,0,0,0,0,0,0,0,0,0,0,0,0,1,2,2,0,0,0,0,0,0,0,0,1,1,1,0,0,0,0,0,0,0,0,0,5,0,29,2,1,,,,,,,,,,,,,,,,,,,,,,,,,,,,,,,,,,,,,,
PTrail,1212,trails,17.751,Dirt,1,2,2,1,2,2,1,0,0,0,0,0,0,0,0,0,0,0,0,0,0,0,0,0,0,5,0,0,0,0,0,0,0,0,1,0,0,0,0,0,0,0,0,0,0,0,0,0,0,0,1,0,0,0,0,0,0,0,0,0,0,0,0,0,0,0,0,0,0,0,0,0,0,1,2,0,0,0,0,0,0,0,0,0,1,1,1,0,0,0,0,0,0,0,0,0,5,0,29,2,1,,,,,,,,,,,,,,,,,,,,,,,,,,,,,,,,,,,,,,
PTrail,1213,trails,32.703,Dirt,1,2,2,1,2,2,1,0,0,0,0,0,0,0,0,0,0,0,0,0,0,0,0,0,0,5,0,0,0,0,0,0,0,0,1,0,0,0,0,0,0,0,0,0,0,0,0,0,0,0,1,0,0,0,0,0,0,0,0,0,0,0,0,0,0,0,0,0,0,0,0,0,0,1,2,0,0,0,0,0,0,0,0,0,1,1,1,0,0,0,0,0,0,0,0,0,5,0,29,2,1,,,,,,,,,,,,,,,,,,,,,,,,,,,,,,,,,,,,,,
PTrail,1214,trails,69.485,Dirt,1,2,2,1,2,2,0,0,0,0,0,0,0,0,0,0,0,0,0,0,0,0,0,0,0,5,0,0,0,0,0,0,0,0,0,0,0,0,0,0,0,0,0,0,0,0,0,0,0,0,0,0,0,0,0,0,0,0,0,0,0,0,0,0,0,0,0,0,0,0,0,0,0,1,0,0,0,0,0,0,0,0,0,0,1,1,1,0,0,0,0,0,0,0,0,0,5,0,24,1,1,,,,,,,,,,,,,,,,,,,,,,,,,,,,,,,,,,,,,,
PTrail,1215,trails,17.926,Dirt,1,2,2,1,2,0,1,0,0,0,0,0,0,0,0,0,0,0,0,0,0,0,0,0,0,5,0,2,0,0,0,0,0,0,1,2,0,0,0,0,0,0,0,0,0,0,0,0,0,0,1,2,0,0,0,0,0,0,0,0,0,0,0,0,0,0,0,0,0,0,0,0,0,1,2,0,0,0,0,0,0,0,0,0,1,1,1,0,0,0,0,0,0,0,0,0,5,0,33,2,2,,,,,,,,,,,,,,,,,,,,,,,,,,,,,,,,,,,,,,
PTrail,1216,trails,49.029,Dirt,1,2,2,1,2,2,0,0,0,0,0,0,1,2,0,1,0,0,0,0,0,1,2,0,0,5,0,2,0,0,0,1,2,2,1,2,2,0,0,0,0,0,0,0,1,0,0,0,1,1,1,2,2,5,0,0,3,0,0,0,0,0,0,0,1,2,0,0,0,0,1,0,0,1,2,2,1,2,2,0,0,0,5,3,0,0,0,0,0,0,0,0,0,0,0,0,5,0,77,4,4,,,,,,,,,,,,,,,,,,,,,,,,,,,,,,,,,,,,,,
PTrail,1217,trails,272.037,Dirt,1,2,2,1,2,2,0,0,0,0,0,0,1,2,2,0,0,0,0,0,0,0,0,0,0,5,0,0,0,0,0,0,0,0,0,0,0,0,0,0,0,0,0,0,0,0,0,0,0,0,0,0,0,0,0,4,0,0,0,0,0,0,0,0,0,0,0,0,0,0,0,0,0,1,2,0,0,0,0,0,0,0,0,0,1,1,1,1,0,0,0,0,0,0,0,0,5,0,36,2,2,,,,,,,,,,,,,,,,,,,,,,,,,,,,,,,,,,,,,,
PTrail,1218,trails,66.483,Dirt,1,2,2,1,2,0,0,0,0,0,0,0,1,2,0,0,0,0,0,0,0,0,0,0,0,0,0,0,0,0,0,0,0,0,0,0,0,0,0,0,0,0,0,0,0,0,0,0,0,0,0,0,0,0,0,0,0,0,0,0,0,0,0,0,0,0,0,0,0,0,0,0,0,1,2,0,0,0,0,0,0,0,0,0,1,1,1,1,0,0,0,0,0,0,0,0,5,0,23,1,1,,,,,,,,,,,,,,,,,,,,,,,,,,,,,,,,,,,,,,
PTrail,1219,trails,39.622,Dirt,1,2,2,1,0,0,1,0,0,0,0,0,0,0,0,0,0,0,0,0,0,0,0,0,0,5,3,0,0,0,0,0,0,0,0,0,0,0,0,0,0,0,0,0,0,0,0,0,0,0,1,2,0,0,0,0,0,0,0,0,0,0,0,0,0,0,0,0,0,0,0,0,0,0,0,0,0,0,0,0,0,0,0,0,1,1,1,0,0,0,0,0,0,0,0,0,0,0,21,1,1,,,,,,,,,,,,,,,,,,,,,,,,,,,,,,,,,,,,,,
PTrail,1220,trails,348.886,Dirt,1,2,2,1,0,0,0,0,0,0,0,0,0,0,0,0,0,0,0,0,0,0,0,0,0,5,0,0,0,0,0,0,0,0,1,0,0,0,0,0,0,0,0,0,0,0,0,0,0,0,1,2,0,0,0,0,0,0,0,0,0,0,0,0,0,0,0,0,0,0,0,0,0,0,0,0,0,0,0,0,0,0,0,0,1,1,1,0,0,0,0,0,0,0,0,0,0,0,18,1,1,,,,,,,,,,,,,,,,,,,,,,,,,,,,,,,,,,,,,,
PTrail,1221,trails,323.516,Dirt,1,2,2,1,2,0,1,2,0,1,0,0,1,0,0,0,0,0,0,0,0,0,0,0,0,5,3,0,0,0,0,0,0,0,1,2,0,0,0,0,0,0,0,0,0,0,0,0,0,0,1,2,0,0,0,0,0,0,0,0,0,0,0,0,0,0,0,0,0,0,1,2,0,1,0,0,1,0,0,0,0,0,0,0,1,0,1,0,0,0,0,0,0,0,0,0,0,0,34,2,2,,,,,,,,,,,,,,,,,,,,,,,,,,,,,,,,,,,,,,
PTrail,1222,trails,100.867,Dirt,1,2,2,1,0,0,1,0,0,0,0,0,0,0,0,0,0,0,0,0,0,0,0,0,0,5,3,0,0,0,0,0,0,0,0,0,0,0,0,0,0,0,0,0,0,0,0,0,0,0,1,2,0,0,0,0,0,0,0,0,0,0,0,0,0,0,0,0,0,0,0,0,0,0,0,0,0,0,0,0,0,0,0,0,1,1,1,0,0,0,0,0,0,0,0,0,0,0,21,1,1,,,,,,,,,,,,,,,,,,,,,,,,,,,,,,,,,,,,,,
PTrail,1223,trails,84.826,Dirt,1,2,2,1,0,0,1,0,0,0,0,0,0,0,0,0,0,0,0,0,0,0,0,0,0,5,0,0,0,0,0,0,0,0,0,0,0,0,0,0,0,0,0,0,0,0,0,0,0,0,1,2,0,0,0,0,0,0,0,0,0,0,0,0,0,0,0,0,0,0,0,0,0,0,0,0,0,0,0,0,0,0,0,0,1,1,1,0,0,0,0,0,0,0,0,0,0,0,18,1,1,,,,,,,,,,,,,,,,,,,,,,,,,,,,,,,,,,,,,,
PTrail,1224,trails,740.034,Dirt,1,2,2,0,0,0,0,0,0,0,0,0,1,0,0,0,0,0,0,0,0,0,0,0,0,5,0,0,0,0,0,0,0,0,0,0,0,0,0,0,0,0,0,0,0,0,0,0,0,0,1,2,0,0,0,0,0,0,0,0,0,0,0,0,0,0,0,0,0,0,0,0,0,0,0,0,0,0,0,0,0,0,0,0,1,1,1,0,0,0,0,0,0,0,0,0,0,0,17,1,1,,,,,,,,,,,,,,,,,,,,,,,,,,,,,,,,,,,,,,
PTrail,1225,trails,704.213,Dirt,1,2,2,0,0,0,0,0,0,0,0,0,0,0,0,0,0,0,0,0,0,0,0,0,0,5,0,0,0,0,0,0,0,0,0,0,0,0,0,0,0,0,0,0,0,0,0,0,0,0,1,2,0,0,0,0,0,0,0,0,0,0,0,0,0,0,0,0,0,0,0,0,0,0,0,0,0,0,0,0,0,0,0,0,1,1,1,0,0,0,0,0,0,0,0,0,0,0,16,1,1,,,,,,,,,,,,,,,,,,,,,,,,,,,,,,,,,,,,,,
PTrail,1226,trails,275.202,Dirt,1,2,2,0,0,0,0,0,0,0,0,0,0,0,0,0,0,0,0,0,0,0,0,0,0,5,0,0,0,0,0,0,0,0,0,0,0,0,0,0,0,0,0,0,0,0,0,0,0,0,1,2,0,0,0,0,0,0,0,0,0,0,0,0,0,0,0,0,0,0,0,0,0,0,0,0,0,0,0,0,0,0,0,0,1,1,1,0,0,0,0,0,0,0,0,0,0,0,16,1,1,,,,,,,,,,,,,,,,,,,,,,,,,,,,,,,,,,,,,,
PTrail,1227,trails,78.332,Dirt,1,2,2,0,0,0,0,0,0,0,0,0,0,0,0,0,0,0,0,0,0,0,0,0,0,5,0,0,0,0,0,0,0,0,0,0,0,0,0,0,0,0,0,0,0,0,0,0,0,0,1,2,0,0,0,0,3,0,0,0,0,0,0,0,0,0,0,0,0,0,0,0,0,0,0,0,0,0,0,0,0,0,0,0,1,1,1,0,0,0,0,0,0,0,0,0,0,0,19,1,1,,,,,,,,,,,,,,,,,,,,,,,,,,,,,,,,,,,,,,
PTrail,1228,trails,265.962,Dirt,1,2,2,0,0,0,0,0,0,0,0,0,0,0,0,0,0,0,0,0,0,0,0,0,0,5,0,0,0,0,0,0,0,0,0,0,0,0,0,0,0,0,0,0,0,0,0,0,0,0,1,2,2,0,0,0,3,0,0,0,0,0,0,0,0,0,0,0,0,0,0,0,0,0,0,0,0,0,0,0,0,0,0,0,1,1,1,0,0,0,0,0,0,0,0,0,0,0,21,1,1,,,,,,,,,,,,,,,,,,,,,,,,,,,,,,,,,,,,,,
PTrail,1229,trails,17.0,Dirt,1,2,2,1,2,2,1,2,2,0,0,0,1,0,0,1,0,0,0,0,0,0,0,0,0,5,0,2,0,0,0,0,0,0,1,2,2,0,0,0,0,0,0,0,1,2,0,0,0,0,1,2,2,0,0,0,0,0,0,0,0,0,0,0,1,2,0,0,0,0,0,0,0,1,2,2,1,0,0,0,0,0,5,0,0,0,0,0,0,0,0,0,0,0,0,0,5,0,56,3,3,,,,,,,,,,,,,,,,,,,,,,,,,,,,,,,,,,,,,,
PTrail,1230,trails,40.266,Asphalt,1,2,2,1,2,0,1,0,0,0,0,0,1,0,0,1,0,0,0,0,0,0,0,0,0,5,0,2,0,0,0,0,0,0,1,2,2,0,0,0,0,0,0,0,0,0,0,0,1,0,1,2,2,0,0,0,0,1,0,0,0,0,0,0,1,2,0,0,0,0,0,0,0,1,2,0,1,2,0,0,0,0,5,3,0,0,0,0,0,0,0,0,0,0,0,0,5,0,52,3,3,,,,,,,,,,,,,,,,,,,,,,,,,,,,,,,,,,,,,,
PTrail,1231,trails,43.031,Asphalt,1,2,2,1,2,0,1,0,0,0,0,0,1,0,0,1,0,0,0,0,0,0,0,0,0,5,0,2,0,0,0,0,0,0,1,2,2,0,0,0,0,0,0,0,0,0,0,0,1,1,1,2,2,0,0,0,0,1,0,0,0,0,0,0,1,2,0,0,0,0,0,0,0,1,2,2,1,2,0,0,0,0,0,3,0,0,0,0,0,0,0,0,0,0,0,0,5,0,50,3,3,,,,,,,,,,,,,,,,,,,,,,,,,,,,,,,,,,,,,,
PTrail,1232,trails,22.2,Other,1,2,2,1,2,2,1,2,2,0,0,0,1,0,0,0,0,0,0,0,0,0,0,0,0,5,0,2,0,0,0,0,0,0,1,2,0,0,0,0,0,0,0,0,0,0,0,0,1,0,1,2,0,0,0,0,0,0,0,0,0,0,0,0,1,0,0,0,0,0,1,0,0,1,2,0,1,2,0,0,0,0,5,0,0,0,0,0,0,0,0,0,0,0,0,0,5,0,48,3,2,,,,,,,,,,,,,,,,,,,,,,,,,,,,,,,,,,,,,,
PTrail,1233,trails,348.13,Dirt,1,2,2,1,0,0,0,0,0,0,0,0,0,0,0,0,0,0,0,0,0,0,0,0,0,0,0,2,0,0,0,0,0,0,1,0,0,0,0,0,0,0,0,0,0,0,0,0,0,0,1,2,2,5,5,0,0,1,0,0,0,0,0,0,0,0,0,0,0,0,0,0,0,0,0,0,0,0,0,0,0,0,0,0,1,1,1,0,0,0,0,0,0,0,0,0,5,0,33,2,2,,,,,,,,,,,,,,,,,,,,,,,,,,,,,,,,,,,,,,
PTrail,1234,trails,189.548,Dirt,1,2,2,1,2,0,0,0,0,0,0,0,0,0,0,0,0,0,0,0,0,0,0,0,0,0,0,2,0,0,0,0,0,0,0,0,0,0,0,0,0,0,0,0,0,0,0,0,0,0,1,2,2,5,5,0,0,1,0,0,0,0,0,0,0,0,0,0,0,0,0,0,0,0,0,0,0,0,0,0,0,0,0,0,1,1,1,0,0,0,0,0,0,0,0,0,5,0,34,2,2,,,,,,,,,,,,,,,,,,,,,,,,,,,,,,,,,,,,,,
PTrail,1235,trails,315.889,Dirt,1,2,2,0,0,0,0,0,0,0,0,0,1,2,2,0,0,0,0,0,0,0,0,0,0,0,0,0,0,0,0,0,0,0,0,0,0,0,0,0,0,0,0,0,0,0,0,0,0,0,0,0,0,0,0,0,0,0,1,2,0,0,0,0,0,0,0,0,0,0,0,0,0,0,0,0,0,0,0,0,0,0,0,0,1,1,1,0,0,0,0,0,0,0,0,0,0,0,16,1,1,,,,,,,,,,,,,,,,,,,,,,,,,,,,,,,,,,,,,,
PTrail,1236,trails,1433.132,Dirt,1,2,0,0,0,0,0,0,0,0,0,0,1,2,2,0,0,0,0,0,0,0,0,0,0,0,0,0,0,0,0,0,0,0,0,0,0,0,0,0,0,0,0,0,0,0,0,0,0,0,0,0,0,0,0,0,0,0,0,0,0,0,0,0,0,0,0,0,0,0,0,0,0,0,0,0,0,0,0,0,0,0,0,0,1,1,1,0,0,0,0,0,0,0,0,0,0,0,11,1,1,,,,,,,,,,,,,,,,,,,,,,,,,,,,,,,,,,,,,,
PTrail,1237,trails,449.573,Dirt,1,2,0,0,0,0,0,0,0,0,0,0,1,2,2,0,0,0,0,0,0,0,0,0,0,0,0,0,0,0,0,0,0,0,0,0,0,0,0,0,0,0,0,0,0,0,0,0,0,0,0,0,0,0,0,0,0,0,0,0,0,0,0,0,0,0,0,0,0,0,0,0,0,0,0,0,0,0,0,0,0,0,0,0,1,1,1,0,0,0,0,0,0,0,0,0,0,0,11,1,1,,,,,,,,,,,,,,,,,,,,,,,,,,,,,,,,,,,,,,
PTrail,1238,trails,199.08,Dirt,1,2,2,0,0,0,0,0,0,0,0,0,1,2,2,0,0,0,0,0,0,0,0,0,0,0,0,0,0,0,0,0,0,0,0,0,0,0,0,0,0,0,0,0,0,0,0,0,0,0,0,0,0,0,0,0,0,0,1,2,2,0,0,0,0,0,0,0,0,0,0,0,0,0,0,0,0,0,0,0,0,0,0,0,1,1,1,0,0,0,0,0,0,0,0,0,0,0,18,1,1,,,,,,,,,,,,,,,,,,,,,,,,,,,,,,,,,,,,,,
PTrail,1239,trails,117.1,Dirt,1,2,2,0,0,0,0,0,0,0,0,0,1,2,2,0,0,0,0,0,0,0,0,0,0,0,0,0,0,0,0,0,0,0,0,0,0,0,0,0,0,0,0,0,0,0,0,0,0,0,0,0,0,0,0,0,0,0,1,0,0,0,0,0,0,0,0,0,0,0,0,0,0,0,0,0,0,0,0,0,0,0,0,0,1,1,1,0,0,0,0,0,0,0,0,0,0,0,14,1,1,,,,,,,,,,,,,,,,,,,,,,,,,,,,,,,,,,,,,,
PTrail,1240,trails,86.158,Dirt,1,2,2,0,0,0,0,0,0,0,0,0,1,2,2,0,0,0,0,0,0,0,0,0,0,0,0,0,0,0,0,0,0,0,0,0,0,0,0,0,0,0,0,0,0,0,0,0,0,0,0,0,0,0,0,0,0,0,0,0,0,0,0,0,0,0,0,0,0,0,0,0,0,0,0,0,0,0,0,0,0,0,0,0,1,1,1,0,0,0,0,0,0,0,0,0,0,0,13,1,1,,,,,,,,,,,,,,,,,,,,,,,,,,,,,,,,,,,,,,
PTrail,1241,trails,75.201,Dirt,1,2,2,0,0,0,0,0,0,0,0,0,1,2,2,0,0,0,0,0,0,0,0,0,0,0,0,0,0,0,0,0,0,0,0,0,0,0,0,0,0,0,0,0,0,0,0,0,0,0,0,0,0,0,0,0,0,0,1,2,0,0,0,0,0,0,0,0,0,0,0,0,0,0,0,0,0,0,0,0,0,0,0,0,1,1,1,0,0,0,0,0,0,0,0,0,0,0,16,1,1,,,,,,,,,,,,,,,,,,,,,,,,,,,,,,,,,,,,,,
PTrail,1242,trails,5097.687,Dirt,1,2,2,0,0,0,0,0,0,0,0,0,1,2,2,0,0,0,0,0,0,0,0,0,0,0,0,0,0,0,0,0,0,0,0,0,0,0,0,0,0,0,0,0,0,0,0,0,0,0,0,0,0,0,0,0,0,0,1,2,2,0,0,0,0,0,0,0,0,0,0,0,0,0,0,0,0,0,0,0,0,0,0,0,1,1,1,0,0,0,0,0,0,0,0,0,0,0,18,1,1,,,,,,,,,,,,,,,,,,,,,,,,,,,,,,,,,,,,,,
PTrail,1243,trails,1717.778,Dirt,0,0,0,0,0,0,0,0,0,0,0,0,1,2,0,0,0,0,0,0,0,0,0,0,0,0,0,0,0,0,0,0,0,0,0,0,0,0,0,0,0,0,0,0,0,0,0,0,0,0,0,0,0,0,0,0,0,0,0,0,0,0,0,0,0,0,0,0,0,0,0,0,0,0,0,0,0,0,0,0,0,0,0,0,1,1,1,0,0,0,0,0,0,0,0,0,0,0,6,1,1,,,,,,,,,,,,,,,,,,,,,,,,,,,,,,,,,,,,,,
PTrail,1244,trails,2646.794,Dirt,0,0,0,0,0,0,0,0,0,0,0,0,0,0,0,0,0,0,0,0,0,0,0,0,0,0,0,0,0,0,0,0,0,0,0,0,0,0,0,0,0,0,0,0,0,0,0,0,0,0,0,0,0,0,0,0,0,0,0,0,0,0,0,0,0,0,0,0,0,0,0,0,0,0,0,0,0,0,0,0,0,0,0,0,1,1,1,0,0,0,0,0,0,0,0,0,0,0,3,1,1,,,,,,,,,,,,,,,,,,,,,,,,,,,,,,,,,,,,,,
PTrail,1245,trails,1059.827,Dirt,0,0,0,0,0,0,0,0,0,0,0,0,0,0,0,0,0,0,0,0,0,0,0,0,0,0,0,0,0,0,0,0,0,0,0,0,0,0,0,0,0,0,0,0,0,0,0,0,0,0,0,0,0,0,0,0,0,0,0,0,0,0,0,0,0,0,0,0,0,0,0,0,0,0,0,0,0,0,0,0,0,0,0,0,1,1,1,0,0,0,0,0,0,0,0,0,0,0,3,1,1,,,,,,,,,,,,,,,,,,,,,,,,,,,,,,,,,,,,,,
PTrail,1246,trails,2578.313,Dirt,1,2,2,0,0,0,0,0,0,0,0,0,1,2,2,0,0,0,0,0,0,0,0,0,0,0,0,0,0,0,0,0,0,0,0,0,0,0,0,0,0,0,0,0,0,0,0,0,0,0,0,0,0,0,0,0,0,0,1,2,2,0,0,0,0,0,0,0,0,0,0,0,0,0,0,0,0,0,0,0,0,0,0,0,1,1,1,0,0,0,0,0,0,0,0,0,0,0,18,1,1,,,,,,,,,,,,,,,,,,,,,,,,,,,,,,,,,,,,,,
PTrail,1247,trails,429.851,Dirt,1,2,2,0,0,0,0,0,0,0,0,0,1,2,2,0,0,0,0,0,0,0,0,0,0,0,0,0,0,0,0,0,0,0,0,0,0,0,0,0,0,0,0,0,0,0,0,0,0,0,0,0,0,0,0,0,0,0,0,0,0,0,0,0,0,0,0,0,0,0,0,0,0,0,0,0,0,0,0,0,0,0,0,0,1,1,1,0,0,0,0,0,0,0,0,0,0,0,13,1,1,,,,,,,,,,,,,,,,,,,,,,,,,,,,,,,,,,,,,,
PTrail,1248,trails,1030.523,Dirt,1,2,2,0,0,0,0,0,0,0,0,0,1,2,2,0,0,0,0,0,0,0,0,0,0,0,0,0,0,0,0,0,0,0,0,0,0,0,0,0,0,0,0,0,0,0,0,0,0,0,0,0,0,0,0,0,0,0,0,0,0,0,0,0,0,0,0,0,0,0,0,0,0,0,0,0,0,0,0,0,0,0,0,0,1,1,1,0,0,0,0,0,0,0,0,0,0,0,13,1,1,,,,,,,,,,,,,,,,,,,,,,,,,,,,,,,,,,,,,,
PTrail,1249,trails,1364.852,Dirt,0,0,0,0,0,0,0,0,0,0,0,0,1,2,2,0,0,0,0,0,0,0,0,0,0,0,0,0,0,0,0,0,0,0,0,0,0,0,0,0,0,0,0,0,0,0,0,0,0,0,0,0,0,0,0,0,0,0,0,0,0,0,0,0,0,0,0,0,0,0,0,0,0,0,0,0,0,0,0,0,0,0,0,0,1,1,1,0,0,0,0,0,0,0,0,0,0,0,8,1,1,,,,,,,,,,,,,,,,,,,,,,,,,,,,,,,,,,,,,,
PTrail,1250,trails,959.1,Dirt,1,2,0,0,0,0,0,0,0,0,0,0,1,2,2,0,0,0,0,0,0,0,0,0,0,0,0,0,0,0,0,0,0,0,0,0,0,0,0,0,0,0,0,0,0,0,0,0,0,0,0,0,0,0,0,0,0,0,0,0,0,0,0,0,0,0,0,0,0,0,0,0,0,0,0,0,0,0,0,0,0,0,0,0,1,1,1,0,0,0,0,0,0,0,0,0,0,0,11,1,1,,,,,,,,,,,,,,,,,,,,,,,,,,,,,,,,,,,,,,
PTrail,1251,trails,1415.527,Dirt,0,0,0,0,0,0,0,0,0,0,0,0,1,2,2,0,0,0,0,0,0,0,0,0,0,0,0,0,0,0,0,0,0,0,0,0,0,0,0,0,0,0,0,0,0,0,0,0,0,0,0,0,0,0,0,0,0,0,0,0,0,0,0,0,0,0,0,0,0,0,0,0,0,0,0,0,0,0,0,0,0,0,0,0,1,1,1,0,0,0,0,0,0,0,0,0,0,0,8,1,1,,,,,,,,,,,,,,,,,,,,,,,,,,,,,,,,,,,,,,
PTrail,1252,trails,2035.687,Dirt,1,2,2,0,0,0,0,0,0,0,0,0,1,2,2,0,0,0,0,0,0,0,0,0,0,0,0,0,0,0,0,0,0,0,0,0,0,0,0,0,0,0,0,0,0,0,0,0,0,0,0,0,0,0,0,0,0,0,0,0,0,0,0,0,0,0,0,0,0,0,0,0,0,0,0,0,0,0,0,0,0,0,0,0,1,1,1,0,0,0,0,0,0,0,0,0,0,0,13,1,1,,,,,,,,,,,,,,,,,,,,,,,,,,,,,,,,,,,,,,
PTrail,1253,trails,179.012,Dirt,1,2,0,0,0,0,0,0,0,0,0,0,1,2,2,0,0,0,0,0,0,0,0,0,0,0,0,0,0,0,0,0,0,0,0,0,0,0,0,0,0,0,0,0,0,0,0,0,0,0,0,0,0,0,0,0,0,0,0,0,0,0,0,0,0,0,0,0,0,0,0,0,0,0,0,0,0,0,0,0,0,0,0,0,1,1,1,0,0,0,0,0,0,0,0,0,0,0,11,1,1,,,,,,,,,,,,,,,,,,,,,,,,,,,,,,,,,,,,,,
PTrail,1254,trails,188.384,Dirt,1,0,0,0,0,0,0,0,0,0,0,0,1,2,2,0,0,0,0,0,0,0,0,0,0,0,0,0,0,0,0,0,0,0,0,0,0,0,0,0,0,0,0,0,0,0,0,0,0,0,0,0,0,0,0,0,0,0,0,0,0,0,0,0,0,0,0,0,0,0,0,0,0,0,0,0,0,0,0,0,0,0,0,0,1,1,1,0,0,0,0,0,0,0,0,0,0,0,9,1,1,,,,,,,,,,,,,,,,,,,,,,,,,,,,,,,,,,,,,,
PTrail,1255,trails,804.566,Dirt,0,0,0,0,0,0,0,0,0,0,0,0,1,2,2,0,0,0,0,0,0,0,0,0,0,0,0,0,0,0,0,0,0,0,0,0,0,0,0,0,0,0,0,0,0,0,0,0,0,0,0,0,0,0,0,0,0,0,0,0,0,0,0,0,0,0,0,0,0,0,0,0,0,0,0,0,0,0,0,0,0,0,0,0,1,1,1,0,0,0,0,0,0,0,0,0,0,0,8,1,1,,,,,,,,,,,,,,,,,,,,,,,,,,,,,,,,,,,,,,
PTrail,1256,trails,1383.181,Dirt,1,2,2,0,0,0,0,0,0,0,0,0,1,2,2,0,0,0,0,0,0,0,0,0,0,0,0,0,0,0,0,0,0,0,0,0,0,0,0,0,0,0,0,0,0,0,0,0,0,0,0,0,0,0,0,0,0,0,1,2,2,0,0,0,0,0,0,0,0,0,0,0,0,0,0,0,0,0,0,0,0,0,0,0,1,1,1,0,0,0,0,0,0,0,0,0,0,0,18,1,1,,,,,,,,,,,,,,,,,,,,,,,,,,,,,,,,,,,,,,
PTrail,1257,trails,43.128,Dirt,1,2,0,0,0,0,0,0,0,0,0,0,1,2,2,0,0,0,0,0,0,0,0,0,0,0,0,0,0,0,0,0,0,0,0,0,0,0,0,0,0,0,0,0,0,0,0,0,0,0,0,0,0,0,0,0,0,0,1,0,0,0,0,0,0,0,0,0,0,0,0,0,0,0,0,0,0,0,0,0,0,0,0,0,1,1,1,0,0,0,0,0,0,0,0,0,0,0,12,1,1,,,,,,,,,,,,,,,,,,,,,,,,,,,,,,,,,,,,,,
PTrail,1259,trails,23.095,Dirt,1,2,0,0,0,0,0,0,0,0,0,0,1,2,2,0,0,0,0,0,0,0,0,0,0,0,0,0,0,0,0,0,0,0,0,0,0,0,0,0,0,0,0,0,0,0,0,0,0,0,0,0,0,0,0,0,0,0,1,0,0,0,0,0,0,0,0,0,0,0,0,0,0,0,0,0,0,0,0,0,0,0,0,0,1,1,1,0,0,0,0,0,0,0,0,0,0,0,12,1,1,,,,,,,,,,,,,,,,,,,,,,,,,,,,,,,,,,,,,,
PTrail,1260,trails,78.476,Dirt,1,2,2,0,0,0,0,0,0,0,0,0,1,2,2,0,0,0,0,0,0,0,0,0,0,0,0,0,0,0,0,0,0,0,0,0,0,0,0,0,0,0,0,0,0,0,0,0,0,0,0,0,0,0,0,0,0,0,1,2,0,0,0,0,0,0,0,0,0,0,0,0,0,0,0,0,0,0,0,0,0,0,0,0,1,1,1,0,0,0,0,0,0,0,0,0,0,0,16,1,1,,,,,,,,,,,,,,,,,,,,,,,,,,,,,,,,,,,,,,
PTrail,1261,trails,161.033,Dirt,1,2,0,0,0,0,0,0,0,0,0,0,1,2,2,0,0,0,0,0,0,0,0,0,0,0,0,0,0,0,0,0,0,0,0,0,0,0,0,0,0,0,0,0,0,0,0,0,0,0,0,0,0,0,0,0,0,0,1,0,0,0,0,0,0,0,0,0,0,0,0,0,0,0,0,0,0,0,0,0,0,0,0,0,1,1,1,0,0,0,0,0,0,0,0,0,0,0,12,1,1,,,,,,,,,,,,,,,,,,,,,,,,,,,,,,,,,,,,,,
PTrail,1262,trails,34.269,Dirt,1,0,0,0,0,0,0,0,0,0,0,0,1,2,2,0,0,0,0,0,0,0,0,0,0,0,0,0,0,0,0,0,0,0,0,0,0,0,0,0,0,0,0,0,0,0,0,0,0,0,0,0,0,0,0,0,0,0,0,0,0,0,0,0,0,0,0,0,0,0,0,0,0,0,0,0,0,0,0,0,0,0,0,0,1,1,1,0,0,0,0,0,0,0,0,0,0,0,9,1,1,,,,,,,,,,,,,,,,,,,,,,,,,,,,,,,,,,,,,,
PTrail,1263,trails,694.319,Dirt,1,2,2,0,0,0,0,0,0,0,0,0,1,2,2,0,0,0,0,0,0,0,0,0,0,0,0,0,0,0,0,0,0,0,0,0,0,0,0,0,0,0,0,0,0,0,0,0,0,0,0,0,0,0,0,0,0,0,1,2,0,0,0,0,0,0,0,0,0,0,0,0,0,0,0,0,0,0,0,0,0,0,0,0,1,1,1,0,0,0,0,0,0,0,0,0,0,0,16,1,1,,,,,,,,,,,,,,,,,,,,,,,,,,,,,,,,,,,,,,
PTrail,1264,trails,136.712,Dirt,0,0,0,0,0,0,0,0,0,0,0,0,1,2,2,0,0,0,0,0,0,0,0,0,0,0,3,0,0,0,0,0,0,0,0,0,0,0,0,0,0,0,0,0,0,0,0,0,0,0,0,0,0,0,0,0,0,0,0,0,0,0,0,0,0,0,0,0,0,0,0,0,0,0,0,0,0,0,0,0,0,0,0,0,1,1,1,0,0,0,0,0,0,0,0,0,0,0,11,1,1,,,,,,,,,,,,,,,,,,,,,,,,,,,,,,,,,,,,,,
PTrail,1265,trails,216.139,Dirt,1,2,2,0,0,0,0,0,0,0,0,0,1,2,2,0,0,0,0,0,0,0,0,0,0,0,0,0,0,0,0,0,0,0,0,0,0,0,0,0,0,0,0,0,0,0,0,0,0,0,0,0,0,0,0,0,0,0,1,2,0,0,0,0,0,0,0,0,0,0,0,0,0,0,0,0,0,0,0,0,0,0,0,0,1,1,1,0,0,0,0,0,0,0,0,0,0,0,16,1,1,,,,,,,,,,,,,,,,,,,,,,,,,,,,,,,,,,,,,,
PTrail,1266,trails,135.135,Dirt,1,2,2,0,0,0,0,0,0,0,0,0,1,2,2,0,0,0,0,0,0,0,0,0,0,0,0,0,0,0,0,0,0,0,0,0,0,0,0,0,0,0,0,0,0,0,0,0,0,0,0,0,0,0,0,0,0,0,1,2,0,0,0,0,0,0,0,0,0,0,0,0,0,0,0,0,0,0,0,0,0,0,0,0,1,1,1,0,0,0,0,0,0,0,0,0,0,0,16,1,1,,,,,,,,,,,,,,,,,,,,,,,,,,,,,,,,,,,,,,
PTrail,1267,trails,2325.048,Dirt,1,2,2,0,0,0,0,0,0,0,0,0,1,2,2,0,0,0,0,0,0,0,0,0,0,0,3,0,0,0,0,0,0,0,0,0,0,0,0,0,0,0,0,0,0,0,0,0,0,0,0,0,0,0,0,0,0,0,1,2,0,0,0,0,0,0,0,0,0,0,0,0,0,0,0,0,0,0,0,0,0,0,0,0,1,1,1,0,0,0,0,0,0,0,0,0,0,0,19,1,1,,,,,,,,,,,,,,,,,,,,,,,,,,,,,,,,,,,,,,
PTrail,1268,trails,668.338,Dirt,1,2,0,0,0,0,0,0,0,0,0,0,1,2,2,0,0,0,0,0,0,0,0,0,0,0,0,0,0,0,0,0,0,0,0,0,0,0,0,0,0,0,0,0,0,0,0,0,0,0,0,0,0,0,0,0,0,0,0,0,0,0,0,0,0,0,0,0,0,0,0,0,0,0,0,0,0,0,0,0,0,0,0,0,1,1,1,0,0,0,0,0,0,0,0,0,0,0,11,1,1,,,,,,,,,,,,,,,,,,,,,,,,,,,,,,,,,,,,,,
PTrail,1269,trails,430.102,Dirt,1,2,2,0,0,0,0,0,0,0,0,0,1,2,2,0,0,0,0,0,0,0,0,0,0,0,0,0,0,0,0,0,0,0,0,0,0,0,0,0,0,0,0,0,0,0,0,0,0,0,0,0,0,0,0,0,0,0,1,2,0,0,0,0,0,0,0,0,0,0,0,0,0,0,0,0,0,0,0,0,0,0,0,0,1,1,1,0,0,0,0,0,0,0,0,0,0,0,16,1,1,,,,,,,,,,,,,,,,,,,,,,,,,,,,,,,,,,,,,,
PTrail,1270,trails,197.648,Dirt,1,2,0,0,0,0,0,0,0,0,0,0,1,2,2,0,0,0,0,0,0,0,0,0,0,0,0,0,0,0,0,0,0,0,0,0,0,0,0,0,0,0,0,0,0,0,0,0,0,0,0,0,0,0,0,0,0,0,1,0,0,0,0,0,0,0,0,0,0,0,0,0,0,0,0,0,0,0,0,0,0,0,0,0,1,1,1,0,0,0,0,0,0,0,0,0,0,0,12,1,1,,,,,,,,,,,,,,,,,,,,,,,,,,,,,,,,,,,,,,
PTrail,1271,trails,1647.872,Dirt,0,0,0,0,0,0,0,0,0,0,0,0,1,2,2,0,0,0,0,0,0,0,0,0,0,0,0,0,0,0,0,0,0,0,0,0,0,0,0,0,0,0,0,0,0,0,0,0,0,0,0,0,0,0,0,0,0,0,0,0,0,0,0,0,0,0,0,0,0,0,0,0,0,0,0,0,0,0,0,0,0,0,0,0,1,1,1,0,0,0,0,0,0,0,0,0,0,0,8,1,1,,,,,,,,,,,,,,,,,,,,,,,,,,,,,,,,,,,,,,
PTrail,1272,trails,159.93,Dirt,1,2,2,0,0,0,0,0,0,0,0,0,1,2,2,0,0,0,0,0,0,0,0,0,0,0,0,0,0,0,0,0,0,0,0,0,0,0,0,0,0,0,0,0,0,0,0,0,0,0,0,0,0,0,0,0,0,0,1,2,0,0,0,0,0,0,0,0,0,0,0,0,0,0,0,0,0,0,0,0,0,0,0,0,1,1,1,0,0,0,0,0,0,0,0,0,0,0,16,1,1,,,,,,,,,,,,,,,,,,,,,,,,,,,,,,,,,,,,,,
PTrail,1273,trails,794.185,Dirt,0,0,0,0,0,0,0,0,0,0,0,0,1,2,2,0,0,0,0,0,0,0,0,0,0,0,0,0,0,0,0,0,0,0,0,0,0,0,0,0,0,0,0,0,0,0,0,0,0,0,0,0,0,0,0,0,0,0,0,0,0,0,0,0,0,0,0,0,0,0,0,0,0,0,0,0,0,0,0,0,0,0,0,0,1,1,1,0,0,0,0,0,0,0,0,0,0,0,8,1,1,,,,,,,,,,,,,,,,,,,,,,,,,,,,,,,,,,,,,,
PTrail,1274,trails,201.325,Dirt,1,2,0,0,0,0,0,0,0,0,0,0,1,2,2,0,0,0,0,0,0,0,0,0,0,0,0,0,0,0,0,0,0,0,0,0,0,0,0,0,0,0,0,0,0,0,0,0,0,0,0,0,0,0,0,0,0,0,0,0,0,0,0,0,0,0,0,0,0,0,0,0,0,0,0,0,0,0,0,0,0,0,0,0,1,1,1,0,0,0,0,0,0,0,0,0,0,0,11,1,1,,,,,,,,,,,,,,,,,,,,,,,,,,,,,,,,,,,,,,
PTrail,1275,trails,1923.734,Dirt,1,2,2,0,0,0,0,0,0,0,0,0,1,2,2,0,0,0,0,0,0,0,0,0,0,0,0,0,0,0,0,0,0,0,0,0,0,0,0,0,0,0,0,0,0,0,0,0,0,0,0,0,0,0,0,0,0,0,1,2,0,0,0,0,0,0,0,0,0,0,0,0,0,0,0,0,0,0,0,0,0,0,0,0,1,1,1,0,0,0,0,0,0,0,0,0,0,0,16,1,1,,,,,,,,,,,,,,,,,,,,,,,,,,,,,,,,,,,,,,
PTrail,1276,trails,58.506,Dirt,0,0,0,0,0,0,0,0,0,0,0,0,1,2,2,0,0,0,0,0,0,0,0,0,0,0,0,0,0,0,0,0,0,0,0,0,0,0,0,0,0,0,0,0,0,0,0,0,0,0,0,0,0,0,0,0,0,0,0,0,0,0,0,0,0,0,0,0,0,0,0,0,0,0,0,0,0,0,0,0,0,0,0,0,1,1,1,0,0,0,0,0,0,0,0,0,0,0,8,1,1,,,,,,,,,,,,,,,,,,,,,,,,,,,,,,,,,,,,,,
PTrail,1277,trails,163.338,Dirt,1,2,0,0,0,0,0,0,0,0,0,0,1,2,2,0,0,0,0,0,0,0,0,0,0,0,3,0,0,0,0,0,0,0,0,0,0,0,0,0,0,0,0,0,0,0,0,0,0,0,0,0,0,0,0,0,0,0,1,2,0,0,0,0,0,0,0,0,0,0,0,0,0,0,0,0,0,0,0,0,0,0,0,0,1,1,1,0,0,0,0,0,0,0,0,0,0,0,17,1,1,,,,,,,,,,,,,,,,,,,,,,,,,,,,,,,,,,,,,,
PTrail,1278,trails,313.399,Dirt,1,2,2,0,0,0,0,0,0,0,0,0,1,2,2,0,0,0,0,0,0,0,0,0,0,0,3,0,0,0,0,0,0,0,0,0,0,0,0,0,0,0,0,0,0,0,0,0,0,0,0,0,0,5,5,0,0,0,1,2,2,0,0,0,0,0,0,0,0,0,0,0,0,0,0,0,0,0,0,0,0,0,0,0,1,1,1,0,0,0,0,0,0,0,0,0,0,0,31,2,2,,,,,,,,,,,,,,,,,,,,,,,,,,,,,,,,,,,,,,
PTrail,1279,trails,205.432,Dirt,1,2,2,0,0,0,0,0,0,0,0,0,1,2,2,0,0,0,0,0,0,0,0,0,0,0,0,0,0,0,0,0,0,0,0,0,0,0,0,0,0,0,0,0,0,0,0,0,0,0,0,0,0,0,0,0,0,0,1,2,2,0,0,0,0,0,0,0,0,0,0,0,0,0,0,0,0,0,0,0,0,0,0,0,1,1,1,0,0,0,0,0,0,0,0,0,0,0,18,1,1,,,,,,,,,,,,,,,,,,,,,,,,,,,,,,,,,,,,,,
PTrail,1280,trails,56.117,Dirt,1,2,2,0,0,0,0,0,0,0,0,0,1,2,2,0,0,0,0,0,0,0,0,0,0,0,0,0,0,0,0,0,0,0,0,0,0,0,0,0,0,0,0,0,0,0,0,0,0,0,0,0,0,0,0,0,0,0,1,2,0,0,0,0,0,0,0,0,0,0,0,0,0,0,0,0,0,0,0,0,0,0,0,0,1,1,1,0,0,0,0,0,0,0,0,0,0,0,16,1,1,,,,,,,,,,,,,,,,,,,,,,,,,,,,,,,,,,,,,,
PTrail,1281,trails,130.477,Dirt,1,2,2,0,0,0,0,0,0,0,0,0,1,2,2,0,0,0,0,0,0,0,0,0,0,0,0,0,0,0,0,0,0,0,0,0,0,0,0,0,0,0,0,0,0,0,0,0,0,0,0,0,0,0,0,0,0,0,1,2,2,0,0,0,0,0,0,0,0,0,0,0,0,0,0,0,0,0,0,0,0,0,0,0,1,1,1,0,0,0,0,0,0,0,0,0,0,0,18,1,1,,,,,,,,,,,,,,,,,,,,,,,,,,,,,,,,,,,,,,
PTrail,1282,trails,131.721,Dirt,1,2,2,0,0,0,0,0,0,0,0,0,1,2,2,0,0,0,0,0,0,0,0,0,0,0,0,0,0,0,0,0,0,0,0,0,0,0,0,0,0,0,0,0,0,0,0,0,0,0,0,0,0,0,0,0,0,0,0,0,0,0,0,0,0,0,0,0,0,0,0,0,0,0,0,0,0,0,0,0,0,0,0,0,1,1,1,0,0,0,0,0,0,0,0,0,0,0,13,1,1,,,,,,,,,,,,,,,,,,,,,,,,,,,,,,,,,,,,,,
PTrail,1283,trails,1767.629,Dirt,0,0,0,0,0,0,0,0,0,0,0,0,1,2,0,0,0,0,0,0,0,0,0,0,0,0,0,0,0,0,0,0,0,0,0,0,0,0,0,0,0,0,0,0,0,0,0,0,0,0,0,0,0,0,0,0,0,0,0,0,0,0,0,0,0,0,0,0,0,0,0,0,0,0,0,0,0,0,0,0,0,0,0,0,1,1,1,0,0,0,0,0,0,0,0,0,0,0,6,1,1,,,,,,,,,,,,,,,,,,,,,,,,,,,,,,,,,,,,,,
PTrail,1284,trails,1066.665,Dirt,1,2,2,0,0,0,0,0,0,0,0,0,1,2,2,0,0,0,0,0,0,0,0,0,0,0,0,0,0,0,0,0,0,0,0,0,0,0,0,0,0,0,0,0,0,0,0,0,0,0,0,0,0,0,0,0,0,0,0,0,0,0,0,0,0,0,0,0,0,0,0,0,0,0,0,0,0,0,0,0,0,0,0,0,1,1,1,0,0,0,0,0,0,0,0,0,0,0,13,1,1,,,,,,,,,,,,,,,,,,,,,,,,,,,,,,,,,,,,,,
PTrail,1285,trails,542.88,Dirt,1,2,0,0,0,0,0,0,0,0,0,0,1,2,2,0,0,0,0,0,0,0,0,0,0,0,0,0,0,0,0,0,0,0,0,0,0,0,0,0,0,0,0,0,0,0,0,0,0,0,0,0,0,0,0,0,0,0,0,0,0,0,0,0,0,0,0,0,0,0,0,0,0,0,0,0,0,0,0,0,0,0,0,0,1,1,1,0,0,0,0,0,0,0,0,0,0,0,11,1,1,,,,,,,,,,,,,,,,,,,,,,,,,,,,,,,,,,,,,,
PTrail,1286,trails,389.151,Dirt,1,2,2,0,0,0,0,0,0,0,0,0,1,2,2,0,0,0,0,0,0,0,0,0,0,0,0,0,0,0,0,0,0,0,0,0,0,0,0,0,0,0,0,0,0,0,0,0,0,0,0,0,0,0,0,0,0,0,1,2,0,0,0,0,0,0,0,0,0,0,0,0,0,0,0,0,0,0,0,0,0,0,0,0,1,1,1,0,0,0,0,0,0,0,0,0,0,0,16,1,1,,,,,,,,,,,,,,,,,,,,,,,,,,,,,,,,,,,,,,
PTrail,1287,trails,937.54,Dirt,0,0,0,0,0,0,0,0,0,0,0,0,1,2,2,0,0,0,0,0,0,0,0,0,0,0,0,0,0,0,0,0,0,0,0,0,0,0,0,0,0,0,0,0,0,0,0,0,0,0,0,0,0,0,0,0,0,0,0,0,0,0,0,0,0,0,0,0,0,0,0,0,0,0,0,0,0,0,0,0,0,0,0,0,1,1,1,0,0,0,0,0,0,0,0,0,0,0,8,1,1,,,,,,,,,,,,,,,,,,,,,,,,,,,,,,,,,,,,,,
PTrail,1288,trails,642.328,Dirt,1,2,2,0,0,0,0,0,0,0,0,0,1,2,2,0,0,0,0,0,0,0,0,0,0,0,0,0,0,0,0,0,0,0,0,0,0,0,0,0,0,0,0,0,0,0,0,0,0,0,0,0,0,0,0,0,0,0,1,2,0,0,0,0,0,0,0,0,0,0,0,0,0,0,0,0,0,0,0,0,0,0,0,0,1,1,1,0,0,0,0,0,0,0,0,0,0,0,16,1,1,,,,,,,,,,,,,,,,,,,,,,,,,,,,,,,,,,,,,,
PTrail,1289,trails,642.328,Dirt,1,2,2,0,0,0,0,0,0,0,0,0,1,2,2,0,0,0,0,0,0,0,0,0,0,0,0,0,0,0,0,0,0,0,0,0,0,0,0,0,0,0,0,0,0,0,0,0,0,0,0,0,0,0,0,0,0,0,1,2,0,0,0,0,0,0,0,0,0,0,0,0,0,0,0,0,0,0,0,0,0,0,0,0,1,1,1,0,0,0,0,0,0,0,0,0,0,0,16,1,1,,,,,,,,,,,,,,,,,,,,,,,,,,,,,,,,,,,,,,
PTrail,1290,trails,519.784,Dirt,1,2,2,0,0,0,0,0,0,0,0,0,1,2,2,0,0,0,0,0,0,0,0,0,0,0,3,0,0,0,0,0,0,0,0,0,0,0,0,0,0,0,0,0,0,0,0,0,0,0,0,0,0,0,0,0,0,0,1,2,2,0,0,0,0,0,0,0,0,0,0,0,0,0,0,0,0,0,0,0,0,0,0,0,1,1,1,0,0,0,0,0,0,0,0,0,0,0,21,1,1,,,,,,,,,,,,,,,,,,,,,,,,,,,,,,,,,,,,,,
PTrail,1295,trails,135.788,Dirt,1,2,2,0,0,0,0,0,0,0,0,0,0,0,0,0,0,0,0,0,0,0,0,0,0,5,0,0,0,0,0,0,0,0,0,0,0,0,0,0,0,0,0,0,0,0,0,0,0,0,0,0,0,0,0,0,0,0,0,0,0,0,0,0,0,0,0,0,0,0,0,0,0,0,0,0,0,0,0,0,0,0,0,0,1,1,1,0,0,0,0,0,0,0,0,0,5,0,18,1,1,,,,,,,,,,,,,,,,,,,,,,,,,,,,,,,,,,,,,,
PTrail,1296,trails,58.862,Dirt,1,2,2,0,0,0,0,0,0,0,0,0,0,0,0,0,0,0,0,0,0,0,0,0,0,5,0,0,0,0,0,0,0,0,0,0,0,0,0,0,0,0,0,0,0,0,0,0,0,0,0,0,0,0,0,0,0,0,0,0,0,0,0,0,0,0,0,0,0,0,0,0,0,0,0,0,0,0,0,0,0,0,0,0,1,1,1,0,0,0,0,0,0,0,0,0,5,0,18,1,1,,,,,,,,,,,,,,,,,,,,,,,,,,,,,,,,,,,,,,
PTrail,1305,trails,246.593,Dirt,1,2,2,1,2,2,0,0,0,0,0,0,0,0,0,0,0,0,0,0,0,0,0,0,0,5,0,0,0,0,0,0,0,0,0,0,0,0,0,0,0,0,0,0,0,0,0,0,0,0,0,0,0,0,0,0,0,0,0,0,0,0,0,0,0,0,0,0,0,0,0,0,0,1,2,0,0,0,0,0,0,0,0,0,1,1,1,0,0,0,0,0,0,0,0,0,5,0,26,1,1,,,,,,,,,,,,,,,,,,,,,,,,,,,,,,,,,,,,,,
PTrail,1306,trails,215.513,Dirt,1,2,2,1,2,0,0,0,0,0,0,0,0,0,0,0,0,0,0,0,0,0,0,0,0,5,0,0,0,0,0,0,0,0,0,0,0,0,0,0,0,0,0,0,0,0,0,0,0,0,0,0,0,0,0,0,0,0,0,0,0,0,0,0,0,0,0,0,0,0,0,0,0,1,0,0,0,0,0,0,0,0,0,0,1,1,1,0,0,0,0,0,0,0,0,0,5,0,22,1,1,,,,,,,,,,,,,,,,,,,,,,,,,,,,,,,,,,,,,,
PTrail,23066,trails,46.369,Gravel,1,2,2,1,2,2,0,0,0,0,0,0,1,2,0,0,0,0,0,0,0,0,0,0,0,5,0,2,0,0,0,0,0,0,0,0,0,0,0,0,0,0,0,0,0,0,0,0,0,0,1,2,0,0,0,0,3,0,0,0,0,0,0,0,0,0,0,0,0,0,0,0,0,1,0,0,1,0,0,0,0,0,0,0,1,1,1,0,0,0,0,0,0,0,0,0,5,3,39,2,2,,,,,,,,,,,,,,,,,,,,,,,,,,,,,,,,,,,,,,
PTrail,23068,trails,32.954,Asphalt,1,2,2,1,2,0,0,0,0,0,0,0,1,2,0,0,0,0,0,0,0,0,0,0,0,5,0,2,0,0,0,0,0,0,0,0,0,0,0,0,0,0,0,0,0,0,0,0,0,0,1,2,2,5,5,0,3,1,0,0,0,0,0,0,0,0,0,0,0,0,0,0,0,1,2,0,1,0,0,0,0,0,0,0,1,1,1,0,0,0,0,0,0,0,0,0,5,3,52,3,3,,,,,,,,,,,,,,,,,,,,,,,,,,,,,,,,,,,,,,
PTrail,23069,trails,500.123,Gravel,1,2,2,1,2,2,0,0,0,0,0,0,1,2,2,0,0,0,0,0,0,0,0,0,0,5,0,2,0,0,0,0,0,0,0,0,0,0,0,0,0,0,0,0,0,0,0,0,0,0,1,2,0,0,0,0,3,1,0,0,0,0,0,0,0,0,0,0,0,0,0,0,0,1,0,0,1,2,0,0,0,0,0,0,1,1,1,0,0,0,0,0,0,0,0,0,5,3,44,2,2,,,,,,,,,,,,,,,,,,,,,,,,,,,,,,,,,,,,,,
PTrail,23070,trails,85.311,Gravel,1,2,2,1,2,0,0,0,0,0,0,0,1,2,2,0,0,0,0,0,0,0,0,0,0,5,0,2,0,0,0,0,0,0,0,0,0,0,0,0,0,0,0,0,0,0,0,0,0,0,1,0,0,0,0,0,0,1,0,0,0,0,0,0,0,0,0,0,0,0,0,0,0,1,0,0,1,0,0,0,0,0,0,0,1,1,1,0,0,0,0,0,0,0,0,0,5,0,32,2,2,,,,,,,,,,,,,,,,,,,,,,,,,,,,,,,,,,,,,,
PTrail,23071,trails,126.35,Gravel,1,2,2,0,0,0,0,0,0,0,0,0,1,2,0,0,0,0,0,0,0,0,0,0,0,5,0,2,0,0,0,0,0,0,0,0,0,0,0,0,0,0,0,0,0,0,0,0,0,0,0,0,0,0,0,0,0,1,0,0,0,0,0,0,0,0,0,0,0,0,0,0,0,0,0,0,1,0,0,0,0,0,0,0,1,1,1,0,0,0,0,0,0,0,0,0,5,0,25,1,1,,,,,,,,,,,,,,,,,,,,,,,,,,,,,,,,,,,,,,
PTrail,23072,trails,24.753,Gravel,1,2,2,0,0,0,0,0,0,0,0,0,1,2,0,0,0,0,0,0,0,0,0,0,0,5,0,2,0,0,0,0,0,0,0,0,0,0,0,0,0,0,0,0,0,0,0,0,0,0,0,0,0,0,0,0,0,0,0,0,0,0,0,0,0,0,0,0,0,0,0,0,0,0,0,0,1,0,0,0,0,0,0,0,1,1,1,0,0,0,0,0,0,0,0,0,5,0,24,1,1,,,,,,,,,,,,,,,,,,,,,,,,,,,,,,,,,,,,,,
PTrail,23073,trails,96.416,Dirt,1,2,2,0,0,0,0,0,0,0,0,0,1,0,0,0,0,0,1,0,0,0,0,0,0,0,0,0,0,0,0,0,0,0,0,0,0,0,0,0,0,0,0,0,0,0,0,0,0,0,0,0,0,0,0,0,0,0,0,0,0,0,0,0,0,0,0,0,0,0,0,0,0,0,0,0,0,0,0,0,0,0,0,0,1,1,1,0,0,0,0,0,0,0,0,0,0,0,10,1,1,,,,,,,,,,,,,,,,,,,,,,,,,,,,,,,,,,,,,,
PTrail,23075,trails,17.756,Dirt,1,2,2,0,0,0,0,0,0,0,0,0,1,2,2,0,0,0,1,2,2,0,0,0,0,0,0,0,0,0,0,0,0,0,0,0,0,0,0,0,0,0,0,0,0,0,0,0,0,0,0,0,0,0,0,0,0,0,0,0,0,0,0,0,0,0,0,0,0,0,0,0,0,0,0,0,0,0,0,0,0,0,0,0,1,1,1,0,0,0,0,0,0,0,0,0,0,0,18,1,1,,,,,,,,,,,,,,,,,,,,,,,,,,,,,,,,,,,,,,
PTrail,23076,trails,309.039,Dirt,1,2,2,0,0,0,0,0,0,0,0,0,1,2,2,0,0,0,1,2,2,0,0,0,0,5,0,0,0,0,0,0,0,0,0,0,0,0,0,0,0,0,0,0,0,0,0,0,0,0,0,0,0,0,0,0,0,0,0,0,0,0,0,0,0,0,0,0,0,0,0,0,0,0,0,0,0,0,0,0,0,0,0,0,1,1,1,0,0,0,0,0,0,0,0,0,0,3,26,1,1,,,,,,,,,,,,,,,,,,,,,,,,,,,,,,,,,,,,,,
PTrail,23078,trails,8.109,Dirt,1,2,2,0,0,0,0,0,0,0,0,0,1,0,0,0,0,0,1,0,0,0,0,0,0,0,0,0,0,0,0,0,0,0,0,0,0,0,0,0,0,0,0,0,0,0,0,0,0,0,0,0,0,0,0,0,3,0,1,2,2,0,0,0,0,0,0,0,0,0,0,0,0,0,0,0,0,0,0,0,0,0,0,0,1,1,1,0,0,0,0,0,0,0,0,0,0,0,18,1,1,,,,,,,,,,,,,,,,,,,,,,,,,,,,,,,,,,,,,,
PTrail,23077,trails,93.467,Dirt,1,2,2,0,0,0,0,0,0,0,0,0,1,0,0,0,0,0,1,0,0,0,0,0,0,0,0,0,0,0,0,0,0,0,0,0,0,0,0,0,0,0,0,0,0,0,0,0,0,0,0,0,0,0,0,0,3,0,1,2,2,0,0,0,0,0,0,0,0,0,0,0,0,0,0,0,0,0,0,0,0,0,0,0,1,1,1,0,0,0,0,0,0,0,0,0,0,0,18,1,1,,,,,,,,,,,,,,,,,,,,,,,,,,,,,,,,,,,,,,
