dataset,datasetTitle,year,location,municipality,crashCount,sourceLocationName,longitude,latitude,geocodeMatchType
all_crashes,All reported crash locations,2020,15TH AVE & CENTRAL ST E & CENTRAL ST W & HWY 97 S & TURNING LANE,PRINCE GEORGE,38,Hwy 97 S & 15th Ave ,-122.78179494195119,53.910312151553725,subset_intersection_name
all_crashes,All reported crash locations,2020,DOMANO BLVD & HWY 16 W & TYNER BLVD & TURNING LANE,PRINCE GEORGE,33,Domano Blvd  & Domano Blvd ,-122.7710521207196,53.84646157118433,subset_intersection_name
all_crashes,All reported crash locations,2020,FERRY AVE & HWY 16 W & TURNING LANE,PRINCE GEORGE,29,Hwy 16 W & Ferry Ave ,-122.76736310375131,53.88887407036401,exact_intersection_name
all_crashes,All reported crash locations,2020,COWART RD & HWY 16 W & VANCE RD & CEMETERY ACCESS ROAD & TURNING LANE,PRINCE GEORGE,26,Hwy 16 W & Vance Rd ,-122.77015009178176,53.88093857899615,subset_intersection_name
all_crashes,All reported crash locations,2020,HWY 16 W & HWY 97 S & INDUSTRIAL ACCESS ROAD & TURNING LANE,PRINCE GEORGE,22,,,,
all_crashes,All reported crash locations,2020,MASSEY DR & WESTWOOD DR & TURNING LANE,PRINCE GEORGE,21,Massey Dr  & Westwood Dr ,-122.78220102448,53.89962927490321,exact_intersection_name
all_crashes,All reported crash locations,2020,15TH AVE & 15TH AVE FRTG & OSPIKA BLVD,PRINCE GEORGE,19,Ospika Blvd  & 15th Ave ,-122.79747485365283,53.91031461599602,subset_intersection_name
all_crashes,All reported crash locations,2020,20TH AVE & CARNEY ST & MASSEY DR & WINNIPEG ST & TURNING LANE,PRINCE GEORGE,19,Massey Dr  & Carney St ,-122.76719262100009,53.9064125236042,subset_intersection_name
all_crashes,All reported crash locations,2020,20TH AVE & REDWOOD ST & VICTORIA ST,PRINCE GEORGE,19,20th Ave  & Redwood St ,-122.75656169384115,53.90543882115238,subset_intersection_name
all_crashes,All reported crash locations,2020,5TH AVE & CENTRAL ST E & HWY 97 S & TURNING LANE,PRINCE GEORGE,19,Hwy 97 S & 5th Ave ,-122.78177854610227,53.9205941555201,subset_intersection_name
all_crashes,All reported crash locations,2020,10TH AVE & CENTRAL ST E & CENTRAL ST W & HWY 97 S & TURNING LANE,PRINCE GEORGE,18,Hwy 97 S & 10th Ave ,-122.78177628409276,53.915447860379075,subset_intersection_name
all_crashes,All reported crash locations,2020,5TH AVE & OSPIKA BLVD & TURNING LANE,PRINCE GEORGE,16,Ospika Blvd  & 5th Ave ,-122.79417553362454,53.92053592860853,exact_intersection_name
all_crashes,All reported crash locations,2020,HART HWY & HART HWY ONRAMP & HWY 97 S & N NECHAKO RD OFFRAMP & N NECHAKO RD ONRAMP & NECHAKO RD OVERPASS & NORTH NECHAKO RD & INDUSTRIAL ACCESS ROAD,PRINCE GEORGE,15,Hart Hwy  & North Nechako Rd ,-122.78062589085935,53.93106085695682,subset_intersection_name
all_crashes,All reported crash locations,2020,MASSEY DR & OSPIKA BLVD & TURNING LANE,PRINCE GEORGE,14,Ospika Blvd  & Massey Dr ,-122.79101461008624,53.89892833157825,exact_intersection_name
all_crashes,All reported crash locations,2020,10TH AVE & CARNEY ST,PRINCE GEORGE,12,Carney St  & 10th Ave ,-122.76929725602113,53.91542380304837,exact_intersection_name
all_crashes,All reported crash locations,2020,15TH AVE & CARNEY ST,PRINCE GEORGE,12,15th Ave  & Carney St ,-122.7692733112798,53.910361039113525,exact_intersection_name
all_crashes,All reported crash locations,2020,FERRY AVE & FERRY AVE OFFRAMP & FERRY AVE ONRAMP & HWY 97 S & MOYIE ST & QUEENSWAY & QUEENSWAY OFFRAMP & QUEENSWAY ONRAMP & SIMON FRASER BRIDGE & TURNING LANE,PRINCE GEORGE,12,Queensway   & Moyie St ,-122.7474780339104,53.893242216093796,subset_intersection_name
all_crashes,All reported crash locations,2020,15TH AVE & PATRICIA BLVD & VICTORIA ST & TURNING LANE,PRINCE GEORGE,11,Victoria St  & 15th Ave ,-122.7548642990933,53.910532795614444,subset_intersection_name
all_crashes,All reported crash locations,2020,DAKELH TI & DOMANO BLVD & MCGILL CRES & TURNING LANE,PRINCE GEORGE,11,Domano Blvd  & Domano Blvd ,-122.7710521207196,53.84646157118433,subset_intersection_name
all_crashes,All reported crash locations,2020,HART HWY & HART HWY FRTG & NORTHWOOD PULPMILL RD & NORTHWOOD PULPMILL RD OFFRAMP,PRINCE GEORGE,11,Hart Hwy  & Northwood Pulpmill Rd ,-122.76126102811199,53.94364981867475,subset_intersection_name
all_crashes,All reported crash locations,2020,HWY 16 W & KONRATH RD & WESTGATE AVE & TURNING LANE,PRINCE GEORGE,11,Hwy 16 W & Westgate Ave ,-122.80187600562118,53.86123492513162,subset_intersection_name
all_crashes,All reported crash locations,2020,15TH AVE & FOOTHILLS BLVD & UNIVERSITY WAY,PRINCE GEORGE,10,Foothills Blvd  & 15th Ave ,-122.81162073426202,53.91037359785447,subset_intersection_name
all_crashes,All reported crash locations,2020,1ST AVE & CARNEY ST & RIVER RD & TURNING LANE,PRINCE GEORGE,10,1st Ave  & River Rd ,-122.76848239866689,53.92548131015521,subset_intersection_name
all_crashes,All reported crash locations,2020,20TH AVE & SPRUCE ST,PRINCE GEORGE,10,20th Ave  & Spruce St ,-122.7579191232894,53.90543509971525,exact_intersection_name
all_crashes,All reported crash locations,2020,AUSTIN RD E & AUSTIN RD W & HART HWY & HART HWY FRTG & TURNING LANE,PRINCE GEORGE,10,Hart Hwy  & Austin Rd W,-122.78698619107912,53.98951914251626,subset_intersection_name
all_crashes,All reported crash locations,2020,HWY 16 W & RANGE RD & CHAINUP & TURNING LANE,PRINCE GEORGE,10,Hwy 16 W & Range Rd ,-122.76905843798687,53.88447169816131,subset_intersection_name
all_crashes,All reported crash locations,2020,HWY 16 W & SOUTHRIDGE AVE & SOUTHRIDGE AVE OFFRAMP & SOUTHRIDGE AVE ONRAMP & TURNING LANE,PRINCE GEORGE,10,Hwy 16 W & Southridge Ave ,-122.78401789678078,53.86549468941883,subset_intersection_name
all_crashes,All reported crash locations,2020,15TH AVE & SPRUCE ST & MALL ACCESS & TURNING LANE,PRINCE GEORGE,9,15th Ave  & Spruce St ,-122.75787971344289,53.90985047665654,subset_intersection_name
all_crashes,All reported crash locations,2020,22ND AVE & CENTRAL ST E & GRIFFITHS AVE & HWY 97 S & WESTWOOD DR & TURNING LANE,PRINCE GEORGE,9,Hwy 97 S & 22nd Ave ,-122.78180081482267,53.90360164570181,subset_intersection_name
all_crashes,All reported crash locations,2020,5TH AVE & AHBAU ST & LYON ST,PRINCE GEORGE,9,5th Ave  & Lyon St ,-122.78432072548367,53.92061615056932,subset_intersection_name
all_crashes,All reported crash locations,2020,HWY 97 S & RAILWAY RD & TURNING LANE,PRINCE GEORGE,9,Hwy 97 S & Railway Rd ,-122.74183225904618,53.884844890120526,exact_intersection_name
all_crashes,All reported crash locations,2020,BOUNDARY RD & HWY 97 S & HWY 97 S FRTG & TURNING LANE,PRINCE GEORGE,8,Hwy 97 S & Boundary Rd,-122.71434293047058,53.85580502666708,subset_intersection_name
all_crashes,All reported crash locations,2020,OSPIKA BLVD & RANGE RD,PRINCE GEORGE,8,Ospika Blvd  & Range Rd ,-122.78494957948514,53.884560801882536,exact_intersection_name
all_crashes,All reported crash locations,2020,15TH AVE & 15TH AVE FRTG & AHBAU ST,PRINCE GEORGE,7,,,,
all_crashes,All reported crash locations,2020,15TH AVE & NICHOLSON ST,PRINCE GEORGE,7,15th Ave  & Nicholson St ,-122.78694258757027,53.91020887071563,exact_intersection_name
all_crashes,All reported crash locations,2020,1ST AVE & N TABOR BLVD & TABOR BLVD,PRINCE GEORGE,7,Tabor Blvd  & 1st Ave ,-122.80312365900102,53.92712440844348,subset_intersection_name
all_crashes,All reported crash locations,2020,1ST AVE & VICTORIA ST & TURNING LANE,PRINCE GEORGE,7,Victoria St  & 1st Ave ,-122.74758500128966,53.91980676674687,exact_intersection_name
all_crashes,All reported crash locations,2020,5TH AVE & CARNEY ST,PRINCE GEORGE,7,5th Ave  & Carney St ,-122.76929406084285,53.92067066923,exact_intersection_name
all_crashes,All reported crash locations,2020,FERRY AVE & RECPLACE DR,PRINCE GEORGE,7,Ferry Ave  & Recplace Dr ,-122.7708357032018,53.888759334056346,exact_intersection_name
all_crashes,All reported crash locations,2020,FERRY AVE & WESTWOOD DR,PRINCE GEORGE,7,Ferry Ave  & Westwood Dr ,-122.77963965521923,53.88818215882621,exact_intersection_name
all_crashes,All reported crash locations,2020,HWY 97 S & MASSEY DR & PINE CENTRE RD & PINE CENTRE RD OFFRAMP & MALL ACCESS & TURNING LANE,PRINCE GEORGE,7,Hwy 97 S & Pine Centre Rd ,-122.77435190570137,53.89909187852446,subset_intersection_name
all_crashes,All reported crash locations,2020,17TH AVE & VICTORIA ST,PRINCE GEORGE,6,Victoria St  & 17th Ave ,-122.75513359039593,53.90845467368114,exact_intersection_name
all_crashes,All reported crash locations,2020,5TH AVE & GEORGE ST,PRINCE GEORGE,6,George St  & 5th Ave ,-122.74399761023611,53.914548932470986,exact_intersection_name
all_crashes,All reported crash locations,2020,FOOTHILLS BLVD & OTWAY RD,PRINCE GEORGE,6,Foothills Blvd  & Otway Rd ,-122.81793770725876,53.94313538722845,exact_intersection_name
all_crashes,All reported crash locations,2020,INDUSTRIAL WAY & PACIFIC ST,PRINCE GEORGE,6,Pacific St  & Industrial Way ,-122.73487553314754,53.86597079738879,exact_intersection_name
all_crashes,All reported crash locations,2020,SPRUCE ST & STRATHCONA AVE,PRINCE GEORGE,6,Spruce St  & Strathcona Ave ,-122.7579259069719,53.90227702965745,exact_intersection_name
all_crashes,All reported crash locations,2020,18TH AVE & OSPIKA BLVD,PRINCE GEORGE,5,Ospika Blvd  & 18th Ave ,-122.7975402414345,53.90731179379243,exact_intersection_name
all_crashes,All reported crash locations,2020,22ND AVE & NICHOLSON ST,PRINCE GEORGE,5,22nd Ave  & Nicholson St ,-122.78698164101696,53.90359302010637,exact_intersection_name
all_crashes,All reported crash locations,2020,2ND AVE & VICTORIA ST,PRINCE GEORGE,5,Victoria St  & 2nd Ave ,-122.74844635195491,53.918682341882864,exact_intersection_name
all_crashes,All reported crash locations,2020,5TH AVE & FOOTHILLS BLVD,PRINCE GEORGE,5,Foothills Blvd  & 5th Ave ,-122.81925121571736,53.92063407345569,exact_intersection_name
all_crashes,All reported crash locations,2020,5TH AVE & QUEENSWAY,PRINCE GEORGE,5,Queensway   & 5th Ave ,-122.74228631032446,53.91406985176876,exact_intersection_name
all_crashes,All reported crash locations,2020,7TH AVE & VICTORIA ST,PRINCE GEORGE,5,Victoria St  & 7th Ave ,-122.75161082477203,53.91479475071995,exact_intersection_name
all_crashes,All reported crash locations,2020,9TH AVE & VICTORIA ST,PRINCE GEORGE,5,Victoria St  & 9th Ave ,-122.75286633413029,53.913255575865634,exact_intersection_name
all_crashes,All reported crash locations,2020,CAMERON ST & RIVER RD,PRINCE GEORGE,5,Cameron St  & River Rd ,-122.76487632814779,53.926038421429304,exact_intersection_name
all_crashes,All reported crash locations,2020,FEHR RD & HART HWY & NORANDA RD E & NORANDA RD E ONRAMP & NORANDA RD W & NORANDA RD W ONRAMP,PRINCE GEORGE,5,,,,
all_crashes,All reported crash locations,2020,FERRY AVE & UPLAND ST,PRINCE GEORGE,5,Ferry Ave  & Upland St ,-122.76072558033358,53.88881653718363,exact_intersection_name
all_crashes,All reported crash locations,2020,GREAT ST & TERMINAL BLVD,PRINCE GEORGE,5,Terminal Blvd  & Great St ,-122.73824984795061,53.87623105382251,exact_intersection_name
all_crashes,All reported crash locations,2020,GRIFFITHS AVE & MASSEY DR,PRINCE GEORGE,5,Massey Dr  & Griffiths Ave ,-122.77334218117504,53.90476971060151,exact_intersection_name
all_crashes,All reported crash locations,2020,MASSEY DR & NICHOLSON ST,PRINCE GEORGE,5,Massey Dr  & Nicholson St ,-122.78890013154833,53.899613928664735,exact_intersection_name
all_crashes,All reported crash locations,2020,10TH AVE & FREEMAN ST,PRINCE GEORGE,4,10th Ave  & Freeman St ,-122.77377145944547,53.91541040550446,exact_intersection_name
all_crashes,All reported crash locations,2020,10TH AVE & VICTORIA ST,PRINCE GEORGE,4,Victoria St  & 10th Ave ,-122.75350286994268,53.91244387339383,exact_intersection_name
all_crashes,All reported crash locations,2020,13TH AVE & WINNIPEG ST & MALL ACCESS,PRINCE GEORGE,4,Winnipeg St  & 13th Ave ,-122.76080205044619,53.91176246775332,subset_intersection_name
all_crashes,All reported crash locations,2020,15TH AVE & EDMONTON ST,PRINCE GEORGE,4,15th Ave  & Edmonton St ,-122.76394479751441,53.9103781471734,exact_intersection_name
all_crashes,All reported crash locations,2020,15TH AVE & EWERT ST,PRINCE GEORGE,4,15th Ave  & Ewert St ,-122.77225810674886,53.9103640746957,exact_intersection_name
all_crashes,All reported crash locations,2020,15TH AVE & JOHNSON ST,PRINCE GEORGE,4,15th Ave  & Johnson St ,-122.779695955024,53.910365631892915,exact_intersection_name
all_crashes,All reported crash locations,2020,15TH AVE & TABOR BLVD,PRINCE GEORGE,4,15th Ave  & Tabor Blvd ,-122.80702669201499,53.91044044434808,exact_intersection_name
all_crashes,All reported crash locations,2020,15TH AVE & WINNIPEG ST,PRINCE GEORGE,4,Winnipeg St  & 15th Ave ,-122.762527691673,53.90945294671683,exact_intersection_name
all_crashes,All reported crash locations,2020,18TH AVE & CENTRAL ST E & CENTRAL ST W & HWY 97 S,PRINCE GEORGE,4,Hwy 97 S & 18th Ave ,-122.7817240248962,53.9072493742058,subset_intersection_name
all_crashes,All reported crash locations,2020,1ST AVE & DOMINION ST,PRINCE GEORGE,4,1st Ave  & Dominion St ,-122.74287944306614,53.91854251143535,exact_intersection_name
all_crashes,All reported crash locations,2020,20TH AVE & TAMARACK ST,PRINCE GEORGE,4,20th Ave  & Tamarack St ,-122.75924862052311,53.9054295712836,exact_intersection_name
all_crashes,All reported crash locations,2020,20TH AVE & UPLAND ST,PRINCE GEORGE,4,20th Ave  & Upland St ,-122.76059629140936,53.905422296840946,exact_intersection_name
all_crashes,All reported crash locations,2020,22ND AVE & OSPIKA BLVD,PRINCE GEORGE,4,Ospika Blvd  & 22nd Ave ,-122.79642354826369,53.90223423001309,exact_intersection_name
all_crashes,All reported crash locations,2020,5TH AVE & DOMINION ST,PRINCE GEORGE,4,Dominion St  & 5th Ave ,-122.74571313800674,53.91503233219792,exact_intersection_name
all_crashes,All reported crash locations,2020,5TH AVE & TABOR BLVD,PRINCE GEORGE,4,5th Ave  & Tabor Blvd ,-122.80762434320357,53.92062910542345,exact_intersection_name
all_crashes,All reported crash locations,2020,5TH AVE & VICTORIA ST,PRINCE GEORGE,4,Victoria St  & 5th Ave ,-122.7503456963153,53.916345551852956,exact_intersection_name
all_crashes,All reported crash locations,2020,BOUNDARY RD & HWY 16 E & SABRE RD & TURNING LANE,PRINCE GEORGE,4,Hwy 16 E & Boundary Rd,-122.67943437646323,53.90701731170521,subset_intersection_name
all_crashes,All reported crash locations,2020,BOUNDARY RD & PENN RD & ACCESS ROAD,PRINCE GEORGE,4,Boundary Rd  & Penn Rd ,-122.73362811532616,53.84194858828079,subset_intersection_name
all_crashes,All reported crash locations,2020,BUNCE RD & GAUTHIER RD & HWY 16 W & HWY 16 W FRTG & TURNING LANE,PRINCE GEORGE,4,Hwy 16 W & Gauthier Rd ,-122.82453561579439,53.84956165993766,subset_intersection_name
all_crashes,All reported crash locations,2020,CHIEF LAKE RD & HART HWY & TURNING LANE,PRINCE GEORGE,4,Hart Hwy  & Chief Lake Rd ,-122.80132140581058,54.00366108905891,exact_intersection_name
all_crashes,All reported crash locations,2020,DAVIS RD & OSPIKA BLVD,PRINCE GEORGE,4,Ospika Blvd  & Davis Rd ,-122.78461387765036,53.8765979093368,exact_intersection_name
all_crashes,All reported crash locations,2020,DOMANO BLVD & TRENT DR,PRINCE GEORGE,4,Domano Blvd  & Trent Dr ,-122.76699672121138,53.86370190114356,exact_intersection_name
all_crashes,All reported crash locations,2020,FERRY AVE & OSPIKA BLVD,PRINCE GEORGE,4,Ospika Blvd  & Ferry Ave ,-122.78723029011171,53.888222873019025,exact_intersection_name
all_crashes,All reported crash locations,2020,HANDLEN RD & HART HWY & HART HWY FRTG & WEISBROD RD & TURNING LANE,PRINCE GEORGE,4,,,,
all_crashes,All reported crash locations,2020,HWY 16 E & OLD CARIBOO HWY & ACCESS ROAD,PRINCE GEORGE,4,Hwy 16 E & Old Cariboo Hwy ,-122.66670235342924,53.908536210376234,subset_intersection_name
all_crashes,All reported crash locations,2020,HWY 97 S & PACIFIC ST & TERMINAL BLVD & TURNING LANE,PRINCE GEORGE,4,Hwy 97 S & Pacific St ,-122.73607787027044,53.8729297934472,subset_intersection_name
all_crashes,All reported crash locations,2020,NORTHWOOD PULPMILL RD & OLD SUMMIT LAKE RD,PRINCE GEORGE,4,Northwood Pulpmill Rd  & Old Summit Lake Rd ,-122.73864641689094,53.96409740498438,exact_intersection_name
all_crashes,All reported crash locations,2020,PATRICIA BLVD & QUEENSWAY & TURNING LANE,PRINCE GEORGE,4,Queensway   & Patricia Blvd ,-122.74238920198624,53.91168899631086,exact_intersection_name
all_crashes,All reported crash locations,2020,15TH AVE & 15TH AVE FRTG & LIARD DR,PRINCE GEORGE,3,Liard Dr  & Liard Dr ,-122.79071779991386,53.913217594223106,subset_intersection_name
all_crashes,All reported crash locations,2020,17TH AVE & SPRUCE ST,PRINCE GEORGE,3,Spruce St  & 17th Ave ,-122.7579380281123,53.908453412529106,exact_intersection_name
all_crashes,All reported crash locations,2020,17TH AVE & UPLAND ST,PRINCE GEORGE,3,17th Ave  & Upland St ,-122.76063153281947,53.90845408832176,exact_intersection_name
all_crashes,All reported crash locations,2020,1ST AVE # 001900 TO 002299,PRINCE GEORGE,3,,,,
all_crashes,All reported crash locations,2020,1ST AVE & FOOTHILLS BLVD,PRINCE GEORGE,3,Foothills Blvd  & 1st Ave ,-122.81946800626679,53.931178551459105,exact_intersection_name
all_crashes,All reported crash locations,2020,1ST AVE & N OSPIKA BLVD & OSPIKA BLVD,PRINCE GEORGE,3,Ospika Blvd  & 1st Ave ,-122.79410008018007,53.92484505980793,subset_intersection_name
all_crashes,All reported crash locations,2020,1ST AVE & QUEENSWAY,PRINCE GEORGE,3,1st Ave  & Queensway  ,-122.73942689740369,53.91756997144434,exact_intersection_name
all_crashes,All reported crash locations,2020,20TH AVE & QUEENSWAY,PRINCE GEORGE,3,,,,
all_crashes,All reported crash locations,2020,3RD AVE & CARNEY ST,PRINCE GEORGE,3,Carney St  & 3rd Ave ,-122.76932051435493,53.92264142525402,exact_intersection_name
all_crashes,All reported crash locations,2020,3RD AVE & GEORGE ST,PRINCE GEORGE,3,3rd Ave  & George St ,-122.74275009367263,53.916082136497934,exact_intersection_name
all_crashes,All reported crash locations,2020,3RD AVE & PRINCE RUPERT ST,PRINCE GEORGE,3,3rd Ave  & Prince Rupert St ,-122.75273096859172,53.91885837379381,exact_intersection_name
all_crashes,All reported crash locations,2020,3RD AVE & VICTORIA ST,PRINCE GEORGE,3,Victoria St  & 3rd Ave ,-122.74910264675336,53.91788475620001,exact_intersection_name
all_crashes,All reported crash locations,2020,4TH AVE & DOMINION ST,PRINCE GEORGE,3,Dominion St  & 4th Ave ,-122.74509519618428,53.91579619569099,exact_intersection_name
all_crashes,All reported crash locations,2020,4TH AVE & EDMONTON ST & MCBRIDE CRES,PRINCE GEORGE,3,4th Ave  & Edmonton St ,-122.75681366650194,53.919106389757566,subset_intersection_name
all_crashes,All reported crash locations,2020,4TH AVE & WINNIPEG ST,PRINCE GEORGE,3,Winnipeg St  & 4th Ave ,-122.7551217301347,53.91862479119827,exact_intersection_name
all_crashes,All reported crash locations,2020,6TH AVE & VICTORIA ST,PRINCE GEORGE,3,Victoria St  & 6th Ave ,-122.75098212086255,53.91556559540203,exact_intersection_name
all_crashes,All reported crash locations,2020,AHBAU ST & RAINBOW DR,PRINCE GEORGE,3,Ahbau St  & Rainbow Dr ,-122.78546472725643,53.91611325384126,exact_intersection_name
all_crashes,All reported crash locations,2020,ANDRES RD & OSPIKA BLVD,PRINCE GEORGE,3,Ospika Blvd  & Andres Rd ,-122.78591373191388,53.88577269778631,exact_intersection_name
all_crashes,All reported crash locations,2020,AVISON PL & BARNES DR & DAVIS RD,PRINCE GEORGE,3,Davis Rd  & Barnes Dr ,-122.78713322195179,53.87713141915688,subset_intersection_name
all_crashes,All reported crash locations,2020,BEAR RD & HWY 16 W & HWY 16 W FRTG & KIMBALL RD & TURNING LANE,PRINCE GEORGE,3,Hwy 16 W & Kimball Rd ,-122.81600682764814,53.85826461271277,subset_intersection_name
all_crashes,All reported crash locations,2020,BIRCHWOOD DR & HART HWY,PRINCE GEORGE,3,Hart Hwy  & Birchwood Dr ,-122.78341698501423,53.98773950471082,exact_intersection_name
all_crashes,All reported crash locations,2020,BLUEBERRY RD & HART HWY & HOFERKAMP RD & SCALE ACCESS & TURNING LANE,PRINCE GEORGE,3,Hart Hwy  & Hoferkamp Rd ,-122.75994634796145,53.93830782107887,subset_intersection_name
all_crashes,All reported crash locations,2020,BOUNDARY RD & INDUSTRIAL WAY & PACIFIC ST & SINTICH RD,PRINCE GEORGE,3,Pacific St  & Industrial Way ,-122.73487553314754,53.86597079738879,subset_intersection_name
all_crashes,All reported crash locations,2020,COLLINS RD & GRANT RD & HART HWY & RANDLE RD,PRINCE GEORGE,3,Grant Rd  & Randle Rd ,-122.76890290888922,53.97125439455562,subset_intersection_name
all_crashes,All reported crash locations,2020,FERRY AVE & LANSDOWNE RD,PRINCE GEORGE,3,Ferry Ave  & Lansdowne Rd ,-122.76237624803967,53.888733814618774,exact_intersection_name
all_crashes,All reported crash locations,2020,HART HWY & KELLY RD N & KELLY RD N OFFRAMP & KELLY RD N ONRAMP,PRINCE GEORGE,3,Hart Hwy  & Kelly Rd N,-122.8003677272629,54.01068068182403,subset_intersection_name
all_crashes,All reported crash locations,2020,HWY 97 S & PACIFIC ST & TURNING LANE & UNSIGNED,PRINCE GEORGE,3,Hwy 97 S & Pacific St ,-122.73607787027044,53.8729297934472,subset_intersection_name
all_crashes,All reported crash locations,2020,MARLEAU RD & SOUTHRIDGE AVE,PRINCE GEORGE,3,Southridge Ave  & Marleau Rd ,-122.78366625655235,53.86216204629931,exact_intersection_name
all_crashes,All reported crash locations,2020,NORANDA RD E & NORTHWOOD PULPMILL RD,PRINCE GEORGE,3,Northwood Pulpmill Rd  & Noranda Rd E,-122.74621630889371,53.961838593862765,exact_intersection_name
all_crashes,All reported crash locations,2020,OSPIKA BLVD & PINEWOOD AVE,PRINCE GEORGE,3,Ospika Blvd  & Pinewood Ave ,-122.7889642366473,53.89207980775484,exact_intersection_name
all_crashes,All reported crash locations,2020,OSPIKA BLVD & TYNER BLVD & TURNING LANE,PRINCE GEORGE,3,Ospika Blvd  & Tyner Blvd ,-122.79190773681847,53.869320651147355,exact_intersection_name
all_crashes,All reported crash locations,2020,RANGE RD & WESTWOOD DR,PRINCE GEORGE,3,Westwood Dr  & Range Rd ,-122.77958789188526,53.88456263041591,exact_intersection_name
all_crashes,All reported crash locations,2020,UNIVERSITY WAY # 003300 TO 003339,PRINCE GEORGE,3,,,,
all_crashes,All reported crash locations,2020,10TH AVE & AHBAU ST & BABINE CRES,PRINCE GEORGE,2,Ahbau St  & 10th Ave ,-122.78496948824444,53.915236990353364,subset_intersection_name
all_crashes,All reported crash locations,2020,10TH AVE & JOHNSON ST,PRINCE GEORGE,2,10th Ave  & Johnson St ,-122.77969206448486,53.91540913918963,exact_intersection_name
all_crashes,All reported crash locations,2020,10TH AVE & LAURIER CRES,PRINCE GEORGE,2,10th Ave  & Laurier Cres ,-122.76421963643598,53.91561757570119,exact_intersection_name
all_crashes,All reported crash locations,2020,10TH AVE & WINNIPEG ST,PRINCE GEORGE,2,Winnipeg St  & 10th Ave ,-122.7588745155268,53.9139977977668,exact_intersection_name
all_crashes,All reported crash locations,2020,12TH AVE # 001900 TO 001999,PRINCE GEORGE,2,,,,
all_crashes,All reported crash locations,2020,15TH AVE # 001600 TO 001708,PRINCE GEORGE,2,,,,
all_crashes,All reported crash locations,2020,15TH AVE & GILLETT ST,PRINCE GEORGE,2,15th Ave  & Gillett St ,-122.77523836021402,53.91033108296399,exact_intersection_name
all_crashes,All reported crash locations,2020,15TH AVE & QUINN ST,PRINCE GEORGE,2,15th Ave  & Quinn St ,-122.79179532834341,53.91021416704673,exact_intersection_name
all_crashes,All reported crash locations,2020,15TH AVE FRTG # 003300 TO 003398,PRINCE GEORGE,2,,,,
all_crashes,All reported crash locations,2020,17TH AVE & QUEENSWAY,PRINCE GEORGE,2,Queensway   & 17th Ave ,-122.74230240093378,53.908467530371524,exact_intersection_name
all_crashes,All reported crash locations,2020,17TH AVE & REDWOOD ST,PRINCE GEORGE,2,17th Ave  & Redwood St ,-122.75658652736206,53.90845332744588,exact_intersection_name
all_crashes,All reported crash locations,2020,18TH AVE & OGILVIE ST,PRINCE GEORGE,2,Ogilvie St  & 18th Ave ,-122.78920460104274,53.907319762379416,exact_intersection_name
all_crashes,All reported crash locations,2020,1ST AVE & GEORGE ST,PRINCE GEORGE,2,1st Ave  & George St ,-122.74113703995239,53.918052251863806,exact_intersection_name
all_crashes,All reported crash locations,2020,1ST AVE & MCINTYRE CRES,PRINCE GEORGE,2,1st Ave  & McIntyre Cres ,-122.79638058589016,53.924883656533396,exact_intersection_name
all_crashes,All reported crash locations,2020,22ND AVE & OGILVIE ST,PRINCE GEORGE,2,22nd Ave  & Ogilvie St ,-122.78924494460465,53.90369461843942,exact_intersection_name
all_crashes,All reported crash locations,2020,22ND AVE & ROBERTSON RD,PRINCE GEORGE,2,22nd Ave  & Robertson Rd ,-122.79477121726096,53.90337693657494,exact_intersection_name
all_crashes,All reported crash locations,2020,2ND AVE & BRUNSWICK ST,PRINCE GEORGE,2,2nd Ave  & Brunswick St ,-122.74689927059084,53.918242728048675,exact_intersection_name
all_crashes,All reported crash locations,2020,2ND AVE & KINGSTON ST,PRINCE GEORGE,2,,,,
all_crashes,All reported crash locations,2020,2ND AVE & QUEENSWAY,PRINCE GEORGE,2,2nd Ave  & Queensway  ,-122.74038132103622,53.91637672776007,exact_intersection_name
all_crashes,All reported crash locations,2020,2ND AVE & QUINN ST,PRINCE GEORGE,2,2nd Ave  & Quinn St ,-122.79176486053348,53.92365832478163,exact_intersection_name
all_crashes,All reported crash locations,2020,3RD AVE & DOMINION ST,PRINCE GEORGE,2,Dominion St  & 3rd Ave ,-122.7444625174748,53.91657191185407,exact_intersection_name
all_crashes,All reported crash locations,2020,3RD AVE & WAINWRIGHT ST,PRINCE GEORGE,2,3rd Ave  & Wainwright St ,-122.76505858540922,53.9226412244136,exact_intersection_name
all_crashes,All reported crash locations,2020,4TH AVE & VICTORIA ST,PRINCE GEORGE,2,Victoria St  & 4th Ave ,-122.74972703343879,53.91710796548883,exact_intersection_name
all_crashes,All reported crash locations,2020,5TH AVE & KILLOREN CRES & WOLVERINE ST,PRINCE GEORGE,2,5th Ave  & Wolverine St ,-122.81635596718446,53.9206383540851,subset_intersection_name
all_crashes,All reported crash locations,2020,5TH AVE & QUINN ST,PRINCE GEORGE,2,5th Ave  & Quinn St ,-122.79175652517856,53.920624846252394,exact_intersection_name
all_crashes,All reported crash locations,2020,7TH AVE & DOMINION ST,PRINCE GEORGE,2,Dominion St  & 7th Ave ,-122.74697050343529,53.91348283827374,exact_intersection_name
all_crashes,All reported crash locations,2020,ALDEEN RD # 007100 TO 007499,PRINCE GEORGE,2,,,,
all_crashes,All reported crash locations,2020,AUSTIN RD W # 003660 TO 003798,PRINCE GEORGE,2,,,,
all_crashes,All reported crash locations,2020,AUSTIN RD W & MADILL RD,PRINCE GEORGE,2,Austin Rd W & Madill Rd ,-122.79023225392432,53.988947273957294,exact_intersection_name
all_crashes,All reported crash locations,2020,BAKER RD & GANNETT RD & TYNER BLVD,PRINCE GEORGE,2,Tyner Blvd  & Baker Rd ,-122.78559180190067,53.86986585776354,subset_intersection_name
all_crashes,All reported crash locations,2020,BELLAMY RD & HART HWY & HART HWY FRTG,PRINCE GEORGE,2,Hart Hwy  & Bellamy Rd ,-122.76404226514991,53.952809513486244,subset_intersection_name
all_crashes,All reported crash locations,2020,BLACKWATER RD & HWY 16 W & HWY 16 W FRTG & SYKES RD E & SYKES RD W & TURNING LANE,PRINCE GEORGE,2,Hwy 16 W & Blackwater Rd ,-122.83893245903275,53.835282142950284,subset_intersection_name
all_crashes,All reported crash locations,2020,BOUNDARY RD & MILWAUKEE WAY,PRINCE GEORGE,2,Boundary Rd  & Milwaukee Way ,-122.74099108835094,53.84180451422931,exact_intersection_name
all_crashes,All reported crash locations,2020,BURKITT RD # 006490 TO 006599,PRINCE GEORGE,2,,,,
all_crashes,All reported crash locations,2020,CARIBOO HWY N & CARIBOO HWY S & HWY 97 S FRTG & SINTICH RD & SINTICH RD E & TURNING LANE,PRINCE GEORGE,2,,,,
all_crashes,All reported crash locations,2020,CARRIER AVE & HILL AVE & TABOR BLVD,PRINCE GEORGE,2,Tabor Blvd  & Hill Ave,-122.80703578190891,53.922499503227684,subset_intersection_name
all_crashes,All reported crash locations,2020,CENTRAL ST E # 001423 TO 001499,PRINCE GEORGE,2,,,,
all_crashes,All reported crash locations,2020,CENTRAL ST W # 000900 TO 000999,PRINCE GEORGE,2,,,,
all_crashes,All reported crash locations,2020,CENTRAL ST W OFFRAMP & HWY 97 S,PRINCE GEORGE,2,,,,
all_crashes,All reported crash locations,2020,CONTINENTAL WAY & TERMINAL BLVD,PRINCE GEORGE,2,Continental Way  & Terminal Blvd ,-122.73482577233247,53.87686448680163,exact_intersection_name
all_crashes,All reported crash locations,2020,CRANBROOK HILL RD & FOOTHILLS BLVD,PRINCE GEORGE,2,Foothills Blvd  & Cranbrook Hill Rd ,-122.81882918892512,53.91612824959986,exact_intersection_name
all_crashes,All reported crash locations,2020,CREEKSIDE WAY & MALASPINA AVE,PRINCE GEORGE,2,Malaspina Ave  & Creekside Way ,-122.75296683711461,53.85549778761967,exact_intersection_name
all_crashes,All reported crash locations,2020,DAVIS RD OFFRAMP & HWY 16 W,PRINCE GEORGE,2,,,,
all_crashes,All reported crash locations,2020,DOMANO BLVD & GLADSTONE DR & ST LAWRENCE AVE,PRINCE GEORGE,2,Domano Blvd  & Domano Blvd ,-122.7710521207196,53.84646157118433,subset_intersection_name
all_crashes,All reported crash locations,2020,DORNBIERER CRES & EWEN AVE,PRINCE GEORGE,2,Dornbierer Cres  & Ewen Ave ,-122.806419388138,53.93225831107464,exact_intersection_name
all_crashes,All reported crash locations,2020,EDMONTON ST # 001500 TO 001600,PRINCE GEORGE,2,,,,
all_crashes,All reported crash locations,2020,FERRY AVE # 002320 TO 002798,PRINCE GEORGE,2,,,,
all_crashes,All reported crash locations,2020,FORD AVE & HWY 97 S & SPRUCE ST & TURNING LANE,PRINCE GEORGE,2,Hwy 97 S & Spruce St ,-122.75784389155183,53.89468226575,subset_intersection_name
all_crashes,All reported crash locations,2020,FORD AVE & PINE ST,PRINCE GEORGE,2,Pine St  & Ford Ave ,-122.75225901842272,53.89438959675719,exact_intersection_name
all_crashes,All reported crash locations,2020,FOREMAN RD & GRAVES RD & HWY 16 E & TURNING LANE,PRINCE GEORGE,2,Hwy 16 E & Graves Rd ,-122.64790116211557,53.92031596922509,subset_intersection_name
all_crashes,All reported crash locations,2020,GISCOME RD & OLD CARIBOO HWY,PRINCE GEORGE,2,Old Cariboo Hwy  & Giscome Rd ,-122.6653861314918,53.89831669252651,exact_intersection_name
all_crashes,All reported crash locations,2020,HART HWY & HART HWY FRTG & HOUGHTALING RD & TURNING LANE,PRINCE GEORGE,2,Hart Hwy  & Houghtaling Rd ,-122.76258669384669,53.95056921732199,subset_intersection_name
all_crashes,All reported crash locations,2020,HART HWY & HART HWY FRTG & PERRIN HTS & SHADY LANE,PRINCE GEORGE,2,Hart Hwy  & Shady Lane ,-122.7656637163083,53.957084070516785,subset_intersection_name
all_crashes,All reported crash locations,2020,HART HWY & KENWORTH RD E & KENWORTH RD W,PRINCE GEORGE,2,,,,
all_crashes,All reported crash locations,2020,HOLLANDIA DR & VANCE RD & WALLS AVE,PRINCE GEORGE,2,Vance Rd  & Hollandia Dr ,-122.77177018789996,53.88098954093291,subset_intersection_name
all_crashes,All reported crash locations,2020,HWY 16 W # 004001 TO 004499,PRINCE GEORGE,2,,,,
all_crashes,All reported crash locations,2020,HWY 16 W & MARLEAU RD & WELLER RD & TURNING LANE,PRINCE GEORGE,2,Hwy 16 W & Marleau Rd ,-122.7915482227612,53.86507997452401,subset_intersection_name
all_crashes,All reported crash locations,2020,HWY 16 W FRTG & MARLEAU RD,PRINCE GEORGE,2,,,,
all_crashes,All reported crash locations,2020,HWY 16 W FRTG & WESTGATE AVE,PRINCE GEORGE,2,,,,
all_crashes,All reported crash locations,2020,KINCHEN DR & PEARL DR,PRINCE GEORGE,2,Kinchen Dr  & Pearl Dr ,-122.79414415835333,53.99913405543072,exact_intersection_name
all_crashes,All reported crash locations,2020,LALONDE RD & MARLEAU RD,PRINCE GEORGE,2,Marleau Rd  & Lalonde Rd ,-122.7889705182858,53.86284038078352,exact_intersection_name
all_crashes,All reported crash locations,2020,LORNE CRES & WESTWOOD DR & MALL ACCESS,PRINCE GEORGE,2,Westwood Dr  & Lorne Cres ,-122.78077899070674,53.89738393057166,subset_intersection_name
all_crashes,All reported crash locations,2020,MCBRIDE CRES & MELVILLE AVE,PRINCE GEORGE,2,Melville Ave  & McBride Cres ,-122.7608539384683,53.91912158123348,exact_intersection_name
all_crashes,All reported crash locations,2020,MCMILLAN DR # 002360 TO 002839,PRINCE GEORGE,2,,,,
all_crashes,All reported crash locations,2020,MOFFAT ST # 000200 TO 000499,PRINCE GEORGE,2,,,,
all_crashes,All reported crash locations,2020,MYTTING RD # 002300 TO 002499,PRINCE GEORGE,2,,,,
all_crashes,All reported crash locations,2020,NORTH NECHAKO RD # 005126 TO 005130,PRINCE GEORGE,2,,,,
all_crashes,All reported crash locations,2020,OGILVIE ST # 001800 TO 002199,PRINCE GEORGE,2,,,,
all_crashes,All reported crash locations,2020,OSPIKA BLVD & REID CRES,PRINCE GEORGE,2,Ospika Blvd  & Reid Cres ,-122.79545059812489,53.91724205492646,exact_intersection_name
all_crashes,All reported crash locations,2020,SOUTHRIDGE AVE & ST ANNE AVE & ST ANNE CRES,PRINCE GEORGE,2,Southridge Ave  & St Anne Ave ,-122.77903682782542,53.85717733437892,subset_intersection_name
all_crashes,All reported crash locations,2020,SOUTHRIDGE AVE & ST LAWRENCE AVE,PRINCE GEORGE,2,Southridge Ave  & St Lawrence Ave ,-122.77856011638508,53.855592923887855,exact_intersection_name
all_crashes,All reported crash locations,2020,VICTORIA ST # 000850 TO 000899,PRINCE GEORGE,2,,,,
all_crashes,All reported crash locations,2020,10TH AVE # 003000 TO 003049,PRINCE GEORGE,1,,,,
all_crashes,All reported crash locations,2020,10TH AVE & ALWARD ST,PRINCE GEORGE,1,10th Ave  & Alward St ,-122.76644178895077,53.9154321660912,exact_intersection_name
all_crashes,All reported crash locations,2020,10TH AVE & MCBRIDE CRES,PRINCE GEORGE,1,10th Ave  & McBride Cres ,-122.76291237510696,53.915915559019716,exact_intersection_name
all_crashes,All reported crash locations,2020,10TH AVE & VANCOUVER ST,PRINCE GEORGE,1,10th Ave  & Vancouver St ,-122.75530225694244,53.91298866011439,exact_intersection_name
all_crashes,All reported crash locations,2020,11TH AVE & EDMONTON ST & LAURIER CRES,PRINCE GEORGE,1,Edmonton St  & 11th Ave ,-122.76118708720618,53.91372476580139,subset_intersection_name
all_crashes,All reported crash locations,2020,11TH AVE & WINNIPEG ST,PRINCE GEORGE,1,Winnipeg St  & 11th Ave ,-122.75948721738919,53.91324681464521,exact_intersection_name
all_crashes,All reported crash locations,2020,12TH AVE & BURDEN ST,PRINCE GEORGE,1,Burden St  & 12th Ave ,-122.76786376719635,53.91342017170247,exact_intersection_name
all_crashes,All reported crash locations,2020,13TH AVE & EDMONTON ST,PRINCE GEORGE,1,Edmonton St  & 13th Ave ,-122.7623933456975,53.91220717196022,exact_intersection_name
all_crashes,All reported crash locations,2020,15TH AVE # 000942 TO 000999,PRINCE GEORGE,1,,,,
all_crashes,All reported crash locations,2020,15TH AVE # 002000 TO 002198,PRINCE GEORGE,1,,,,
all_crashes,All reported crash locations,2020,15TH AVE # 002888 TO 002998,PRINCE GEORGE,1,,,,
all_crashes,All reported crash locations,2020,15TH AVE # 003100 TO 003198,PRINCE GEORGE,1,,,,
all_crashes,All reported crash locations,2020,15TH AVE # 004260 TO 004298,PRINCE GEORGE,1,,,,
all_crashes,All reported crash locations,2020,15TH AVE # 004300 TO 004398,PRINCE GEORGE,1,,,,
all_crashes,All reported crash locations,2020,15TH AVE & 15TH AVE FRTG & NATION CRES,PRINCE GEORGE,1,15th Ave  & Nation Cres ,-122.79646855732203,53.91023982660093,subset_intersection_name
all_crashes,All reported crash locations,2020,15TH AVE & ALWARD ST,PRINCE GEORGE,1,15th Ave  & Alward St ,-122.76638877768924,53.910344784083385,exact_intersection_name
all_crashes,All reported crash locations,2020,15TH AVE & DOUGLAS ST,PRINCE GEORGE,1,15th Ave  & Douglas St ,-122.7707511698145,53.91047077691791,exact_intersection_name
all_crashes,All reported crash locations,2020,15TH AVE & IRWIN ST,PRINCE GEORGE,1,15th Ave  & Irwin St ,-122.77823624459764,53.910375069358345,exact_intersection_name
all_crashes,All reported crash locations,2020,15TH AVE & LYON ST,PRINCE GEORGE,1,15th Ave  & Lyon St ,-122.78471601003106,53.910246170511066,exact_intersection_name
all_crashes,All reported crash locations,2020,15TH AVE CONN & WINNIPEG ST & TURNING LANE,PRINCE GEORGE,1,,,,
all_crashes,All reported crash locations,2020,15TH AVE FRTG # 003600 TO 003698,PRINCE GEORGE,1,,,,
all_crashes,All reported crash locations,2020,15TH AVE FRTG & MANSON CRES,PRINCE GEORGE,1,,,,
all_crashes,All reported crash locations,2020,17TH AVE & GORSE ST,PRINCE GEORGE,1,17th Ave  & Gorse St ,-122.73801204607565,53.908466750304974,exact_intersection_name
all_crashes,All reported crash locations,2020,17TH AVE & HEMLOCK ST,PRINCE GEORGE,1,17th Ave  & Hemlock St ,-122.73943325460073,53.908468788414005,exact_intersection_name
all_crashes,All reported crash locations,2020,17TH AVE & INGLEDEW ST,PRINCE GEORGE,1,17th Ave  & Ingledew St ,-122.74085713053393,53.90846533992111,exact_intersection_name
all_crashes,All reported crash locations,2020,17TH AVE & JUNIPER ST,PRINCE GEORGE,1,17th Ave  & Juniper St ,-122.74375772472416,53.90846552561206,exact_intersection_name
all_crashes,All reported crash locations,2020,17TH AVE & WINNIPEG ST,PRINCE GEORGE,1,Winnipeg St  & 17th Ave ,-122.76347818931562,53.908483772123894,exact_intersection_name
all_crashes,All reported crash locations,2020,18TH AVE & FOOTHILLS BLVD,PRINCE GEORGE,1,Foothills Blvd  & 18th Ave ,-122.81064627952179,53.907328313919955,exact_intersection_name
all_crashes,All reported crash locations,2020,18TH AVE & QUINN ST,PRINCE GEORGE,1,Quinn St  & 18th Ave ,-122.79178929970689,53.907327863637185,exact_intersection_name
all_crashes,All reported crash locations,2020,1ST AVE # 002970 TO 003099,PRINCE GEORGE,1,,,,
all_crashes,All reported crash locations,2020,1ST AVE & BOYD ST,PRINCE GEORGE,1,1st Ave  & Boyd St ,-122.80617254054118,53.92729489131555,exact_intersection_name
all_crashes,All reported crash locations,2020,1ST AVE & BRUNSWICK ST,PRINCE GEORGE,1,1st Ave  & Brunswick St ,-122.74595242189892,53.9194106504274,exact_intersection_name
all_crashes,All reported crash locations,2020,1ST AVE & CONVEYOR ST,PRINCE GEORGE,1,1st Ave  & Conveyor St ,-122.795071898205,53.92481271473752,exact_intersection_name
all_crashes,All reported crash locations,2020,1ST AVE & FORT ST,PRINCE GEORGE,1,1st Ave  & Fort St ,-122.75615811513039,53.922167792950724,exact_intersection_name
all_crashes,All reported crash locations,2020,1ST AVE & ONTARIO ST,PRINCE GEORGE,1,1st Ave  & Ontario St ,-122.73787898932068,53.917129652761105,exact_intersection_name
all_crashes,All reported crash locations,2020,20TH AVE # 001200 TO 001249,PRINCE GEORGE,1,,,,
all_crashes,All reported crash locations,2020,20TH AVE # 001450 TO 001499,PRINCE GEORGE,1,,,,
all_crashes,All reported crash locations,2020,20TH AVE & CUDDIE CRES & JUNIPER ST,PRINCE GEORGE,1,20th Ave  & Juniper St ,-122.74374042804617,53.9054642908929,subset_intersection_name
all_crashes,All reported crash locations,2020,20TH AVE & HEMLOCK ST,PRINCE GEORGE,1,Hemlock St  & 20th Ave ,-122.73942211885479,53.905501512934045,exact_intersection_name
all_crashes,All reported crash locations,2020,20TH AVE & HWY 16 W & WILLOW ST & TURNING LANE,PRINCE GEORGE,1,20th Ave  & Willow St ,-122.76326848930421,53.90546465110875,subset_intersection_name
all_crashes,All reported crash locations,2020,20TH AVE & OAK ST,PRINCE GEORGE,1,20th Ave  & Oak St ,-122.75047043920344,53.90540681269199,exact_intersection_name
all_crashes,All reported crash locations,2020,22ND AVE & QUINN ST,PRINCE GEORGE,1,22nd Ave  & Quinn St ,-122.79179551698878,53.9036425652604,exact_intersection_name
all_crashes,All reported crash locations,2020,2ND AVE # 001100 TO 001199,PRINCE GEORGE,1,,,,
all_crashes,All reported crash locations,2020,2ND AVE & CROSS ST & VANCOUVER ST,PRINCE GEORGE,1,2nd Ave  & Vancouver St ,-122.75056844199007,53.9188087891675,subset_intersection_name
all_crashes,All reported crash locations,2020,2ND AVE & GEORGE ST,PRINCE GEORGE,1,2nd Ave  & George St ,-122.7421151472134,53.916865043930706,exact_intersection_name
all_crashes,All reported crash locations,2020,2ND AVE & MOFFAT ST,PRINCE GEORGE,1,2nd Ave  & Moffat St ,-122.78577997118984,53.92365057136059,exact_intersection_name
all_crashes,All reported crash locations,2020,2ND AVE & RUGGLES ST,PRINCE GEORGE,1,2nd Ave  & Ruggles St,-122.79325382316797,53.92366904081929,exact_intersection_name
all_crashes,All reported crash locations,2020,2ND AVE & SCOTIA ST,PRINCE GEORGE,1,Scotia St  & 2nd Ave ,-122.73732033321483,53.915528673975835,exact_intersection_name
all_crashes,All reported crash locations,2020,3RD AVE # 000400 TO 000499,PRINCE GEORGE,1,,,,
all_crashes,All reported crash locations,2020,3RD AVE # 000500 TO 000599,PRINCE GEORGE,1,,,,
all_crashes,All reported crash locations,2020,3RD AVE # 000800 TO 000899,PRINCE GEORGE,1,,,,
all_crashes,All reported crash locations,2020,3RD AVE # 001300 TO 001399,PRINCE GEORGE,1,,,,
all_crashes,All reported crash locations,2020,3RD AVE # 001600 TO 001699,PRINCE GEORGE,1,,,,
all_crashes,All reported crash locations,2020,3RD AVE & 4TH AVE & TOFIELD ST,PRINCE GEORGE,1,Tofield St  & 4th Ave ,-122.76080478499749,53.921592251863615,subset_intersection_name
all_crashes,All reported crash locations,2020,3RD AVE & 5TH AVE,PRINCE GEORGE,1,,,,
all_crashes,All reported crash locations,2020,3RD AVE & NUGGET AVE & OSPIKA BLVD,PRINCE GEORGE,1,Ospika Blvd  & Nugget Ave ,-122.79419317574805,53.922893333261804,subset_intersection_name
all_crashes,All reported crash locations,2020,3RD AVE & QUEBEC ST,PRINCE GEORGE,1,3rd Ave  & Quebec St ,-122.74601994808063,53.917013029409,exact_intersection_name
all_crashes,All reported crash locations,2020,3RD AVE & QUEENSWAY,PRINCE GEORGE,1,Queensway   & 3rd Ave ,-122.7410487021898,53.91560474374013,exact_intersection_name
all_crashes,All reported crash locations,2020,3RD AVE & VANCOUVER ST,PRINCE GEORGE,1,3rd Ave  & Vancouver St ,-122.75090666894809,53.918398721217144,exact_intersection_name
all_crashes,All reported crash locations,2020,3RD AVE & WINNIPEG ST,PRINCE GEORGE,1,Winnipeg St  & 3rd Ave ,-122.75452021595378,53.91936710897583,exact_intersection_name
all_crashes,All reported crash locations,2020,4TH AVE & 5TH AVE & LOWER PATRICIA BLVD E,PRINCE GEORGE,1,,,,
all_crashes,All reported crash locations,2020,4TH AVE & GEORGE ST,PRINCE GEORGE,1,4th Ave  & George St ,-122.74338122958899,53.915305753250905,exact_intersection_name
all_crashes,All reported crash locations,2020,4TH AVE & KINGSTON ST,PRINCE GEORGE,1,,,,
all_crashes,All reported crash locations,2020,4TH AVE & PRINCE RUPERT ST,PRINCE GEORGE,1,4th Ave  & Prince Rupert St ,-122.75333052888817,53.9181276264779,exact_intersection_name
all_crashes,All reported crash locations,2020,4TH AVE & QUEENSWAY,PRINCE GEORGE,1,Queensway   & 4th Ave ,-122.74167731702815,53.914834595274975,exact_intersection_name
all_crashes,All reported crash locations,2020,4TH AVE & RUGGLES ST,PRINCE GEORGE,1,Ruggles St  & 4th Ave ,-122.79315895863245,53.92166410949613,exact_intersection_name
all_crashes,All reported crash locations,2020,4TH AVE & VANCOUVER ST,PRINCE GEORGE,1,4th Ave  & Vancouver St ,-122.75154338397478,53.917627396230905,exact_intersection_name
all_crashes,All reported crash locations,2020,5TH AVE # 001700 TO 001799,PRINCE GEORGE,1,,,,
all_crashes,All reported crash locations,2020,5TH AVE & BRUNSWICK ST,PRINCE GEORGE,1,Brunswick St  & 5th Ave ,-122.74878802525316,53.91590124396454,exact_intersection_name
all_crashes,All reported crash locations,2020,5TH AVE & EWERT ST,PRINCE GEORGE,1,5th Ave  & Ewert St ,-122.77226817477344,53.92074167146665,exact_intersection_name
all_crashes,All reported crash locations,2020,5TH AVE & FREEMAN ST,PRINCE GEORGE,1,5th Ave  & Freeman St ,-122.77379464931148,53.92065187840538,exact_intersection_name
all_crashes,All reported crash locations,2020,5TH AVE & GILLETT ST,PRINCE GEORGE,1,5th Ave  & Gillett St ,-122.77526836576813,53.92073540891626,exact_intersection_name
all_crashes,All reported crash locations,2020,5TH AVE & HARPER ST,PRINCE GEORGE,1,5th Ave  & Harper St ,-122.77671707651508,53.920625853155975,exact_intersection_name
all_crashes,All reported crash locations,2020,5TH AVE & HILL AVE & URQUHART CRES,PRINCE GEORGE,1,5th Ave  & Urquhart Cres ,-122.81223695255046,53.92050545616595,subset_intersection_name
all_crashes,All reported crash locations,2020,5TH AVE & IRWIN ST,PRINCE GEORGE,1,5th Ave  & Irwin St ,-122.77822407693263,53.920709132533716,exact_intersection_name
all_crashes,All reported crash locations,2020,5TH AVE & JOHNSON ST,PRINCE GEORGE,1,5th Ave  & Johnson St ,-122.77967835544636,53.920634153988544,exact_intersection_name
all_crashes,All reported crash locations,2020,5TH AVE & LACOMA ST & VOYAGEUR DR,PRINCE GEORGE,1,5th Ave  & Voyageur Dr ,-122.80282158157223,53.92063510921243,subset_intersection_name
all_crashes,All reported crash locations,2020,5TH AVE & MOFFAT ST & UNION ST,PRINCE GEORGE,1,5th Ave  & Moffat St ,-122.78579084925752,53.920601010827696,subset_intersection_name
all_crashes,All reported crash locations,2020,5TH AVE & PATTERSON ST,PRINCE GEORGE,1,5th Ave  & Patterson St ,-122.79026534946196,53.92062300453895,exact_intersection_name
all_crashes,All reported crash locations,2020,5TH AVE & QUEBEC ST,PRINCE GEORGE,1,Quebec St  & 5th Ave ,-122.74726319836914,53.91547040813759,exact_intersection_name
all_crashes,All reported crash locations,2020,5TH AVE & STUART DR,PRINCE GEORGE,1,5th Ave  & Stuart Dr ,-122.78953273309845,53.920564155242744,exact_intersection_name
all_crashes,All reported crash locations,2020,5TH AVE & VANCOUVER ST,PRINCE GEORGE,1,Vancouver St  & 5th Ave ,-122.75215352380458,53.91685125816463,exact_intersection_name
all_crashes,All reported crash locations,2020,6TH AVE # 001600 TO 001799,PRINCE GEORGE,1,,,,
all_crashes,All reported crash locations,2020,6TH AVE & BRUNSWICK ST,PRINCE GEORGE,1,Brunswick St  & 6th Ave ,-122.74943499188106,53.915128947886245,exact_intersection_name
all_crashes,All reported crash locations,2020,6TH AVE & QUEBEC ST,PRINCE GEORGE,1,Quebec St  & 6th Ave ,-122.7479124127283,53.91469982305916,exact_intersection_name
all_crashes,All reported crash locations,2020,6TH AVE & WINNIPEG ST,PRINCE GEORGE,1,Winnipeg St  & 6th Ave ,-122.75637660899812,53.917094371967835,exact_intersection_name
all_crashes,All reported crash locations,2020,7TH AVE & BRUNSWICK ST,PRINCE GEORGE,1,7th Ave  & Brunswick St ,-122.75005046164604,53.914358545975176,exact_intersection_name
all_crashes,All reported crash locations,2020,7TH AVE & VANCOUVER ST,PRINCE GEORGE,1,7th Ave  & Vancouver St ,-122.7534248898273,53.91530569396242,exact_intersection_name
all_crashes,All reported crash locations,2020,8TH AVE & AHBAU ST,PRINCE GEORGE,1,Ahbau St  & 8th Ave ,-122.78421238442466,53.91763956628348,exact_intersection_name
all_crashes,All reported crash locations,2020,8TH AVE & BURDEN ST,PRINCE GEORGE,1,Burden St  & 8th Ave ,-122.76787735181907,53.91764166646252,exact_intersection_name
all_crashes,All reported crash locations,2020,8TH AVE & FREEMAN ST,PRINCE GEORGE,1,Freeman St  & 8th Ave ,-122.77377065560468,53.91764595821217,exact_intersection_name
all_crashes,All reported crash locations,2020,8TH AVE & GILLETT ST,PRINCE GEORGE,1,Gillett St  & 8th Ave ,-122.77526416650466,53.91764961072343,exact_intersection_name
all_crashes,All reported crash locations,2020,8TH AVE & VANCOUVER ST,PRINCE GEORGE,1,Vancouver St  & 8th Ave ,-122.75405053594103,53.91453322051916,exact_intersection_name
all_crashes,All reported crash locations,2020,8TH AVE & VICTORIA ST,PRINCE GEORGE,1,Victoria St  & 8th Ave ,-122.7522413647282,53.91402550297164,exact_intersection_name
all_crashes,All reported crash locations,2020,8TH AVE & WINNIPEG ST,PRINCE GEORGE,1,Winnipeg St  & 8th Ave ,-122.75752869900914,53.915525591796424,exact_intersection_name
all_crashes,All reported crash locations,2020,9TH AVE & WINNIPEG ST,PRINCE GEORGE,1,Winnipeg St  & 9th Ave ,-122.75824939815077,53.91477611956704,exact_intersection_name
all_crashes,All reported crash locations,2020,ABBOTT CRES & UPLAND ST,PRINCE GEORGE,1,Upland St  & Abbott Cres ,-122.76073602998005,53.89646889913025,exact_intersection_name
all_crashes,All reported crash locations,2020,ABERDEEN RD & NORTHWOOD PULPMILL RD,PRINCE GEORGE,1,Northwood Pulpmill Rd  & Aberdeen Rd ,-122.76040762371863,53.94427984445898,exact_intersection_name
all_crashes,All reported crash locations,2020,ABERDEEN RD & WALKER RD,PRINCE GEORGE,1,Walker Rd  & Aberdeen Rd ,-122.75603133628628,53.944327638662315,exact_intersection_name
all_crashes,All reported crash locations,2020,AHBAU ST # 000800 TO 000949,PRINCE GEORGE,1,,,,
all_crashes,All reported crash locations,2020,AHBAU ST & BABINE CRES,PRINCE GEORGE,1,Ahbau St  & Babine Cres ,-122.78530157834956,53.91236621441813,exact_intersection_name
all_crashes,All reported crash locations,2020,AIRPORT RD # 004104 TO 004149,PRINCE GEORGE,1,,,,
all_crashes,All reported crash locations,2020,ALEXANDER CRES # 002800 TO 002859,PRINCE GEORGE,1,,,,
all_crashes,All reported crash locations,2020,ALWARD ST # 001000 TO 001199,PRINCE GEORGE,1,,,,
all_crashes,All reported crash locations,2020,ANDRES RD & WESTWOOD DR,PRINCE GEORGE,1,Westwood Dr  & Andres Rd ,-122.77967587017817,53.88577887334151,exact_intersection_name
all_crashes,All reported crash locations,2020,AREND DR & BRINK DR,PRINCE GEORGE,1,,,,
all_crashes,All reported crash locations,2020,ARMSTRONG AVE & CENTRAL ST W & HWY 97 S & TURNING LANE,PRINCE GEORGE,1,Hwy 97 S & Central St W,-122.78204935162483,53.919118472269126,subset_intersection_name
all_crashes,All reported crash locations,2020,ARNETT AVE & OSPIKA BLVD,PRINCE GEORGE,1,Ospika Blvd  & Arnett Ave ,-122.78927924742442,53.8965303763759,exact_intersection_name
all_crashes,All reported crash locations,2020,AUSTIN RD E & DRIFTWOOD RD,PRINCE GEORGE,1,Austin Rd E & Driftwood Rd ,-122.78179205129794,53.98949570533535,exact_intersection_name
all_crashes,All reported crash locations,2020,AUSTIN RD W # 004130 TO 004299,PRINCE GEORGE,1,,,,
all_crashes,All reported crash locations,2020,AUSTIN RD W & HEATHER RD,PRINCE GEORGE,1,Austin Rd W & Heather Rd ,-122.81085098674966,53.990476166219764,exact_intersection_name
all_crashes,All reported crash locations,2020,AUSTIN RD W & KELLY RD S,PRINCE GEORGE,1,Austin Rd W & Kelly Rd S,-122.80116565456706,53.988857268522445,exact_intersection_name
all_crashes,All reported crash locations,2020,BALSUM RD # 003760 TO 003948,PRINCE GEORGE,1,,,,
all_crashes,All reported crash locations,2020,BARNES DR # 003751 TO 003899,PRINCE GEORGE,1,,,,
all_crashes,All reported crash locations,2020,BEAR RD # 007075 TO 007499,PRINCE GEORGE,1,,,,
all_crashes,All reported crash locations,2020,BEDNESTI CRES & OSPIKA BLVD & POWELL AVE,PRINCE GEORGE,1,Ospika Blvd  & Powell Ave ,-122.79736442871591,53.913210317714544,subset_intersection_name
all_crashes,All reported crash locations,2020,BEECH CRES # 000301 TO 000391,PRINCE GEORGE,1,,,,
all_crashes,All reported crash locations,2020,BEECH CRES # 000500 TO 000598,PRINCE GEORGE,1,,,,
all_crashes,All reported crash locations,2020,BERNARD RD # 002466 TO 002649,PRINCE GEORGE,1,,,,
all_crashes,All reported crash locations,2020,BERWICK DR & HIGHLAND DR & WALLACE CRES,PRINCE GEORGE,1,Highland Dr  & Wallace Cres ,-122.79737270232515,53.978599226778876,subset_intersection_name
all_crashes,All reported crash locations,2020,BIRCHILL CRES # 009300 TO 009849,PRINCE GEORGE,1,,,,
all_crashes,All reported crash locations,2020,BLACKBURN RD N & GRAVES RD,PRINCE GEORGE,1,Graves Rd  & Blackburn Rd N,-122.64120537105057,53.92004818286077,exact_intersection_name
all_crashes,All reported crash locations,2020,BLACKBURN RD S # 002200 TO 002367,PRINCE GEORGE,1,,,,
all_crashes,All reported crash locations,2020,BOEING RD & BOUNDARY RD & GUNN RD,PRINCE GEORGE,1,,,,
all_crashes,All reported crash locations,2020,BOND ST # 002570 TO 002599,PRINCE GEORGE,1,,,,
all_crashes,All reported crash locations,2020,BOUNDARY AVE # 007200 TO 007400,PRINCE GEORGE,1,,,,
all_crashes,All reported crash locations,2020,BOUNDARY RD & WILLOW CALE RD,PRINCE GEORGE,1,Willow Cale Rd  & Boundary Rd ,-122.73936754135279,53.841807589887736,exact_intersection_name
all_crashes,All reported crash locations,2020,BURDEN ST # 000300 TO 000499,PRINCE GEORGE,1,,,,
all_crashes,All reported crash locations,2020,CAMERON ST & CAMERON ST BRIDGE,PRINCE GEORGE,1,,,,
all_crashes,All reported crash locations,2020,CAMERON ST & N NECHAKO RD ONRAMP & NORTH NECHAKO RD & PG PULPMILL RD & HIGHWAY RAMP & TURNING LANE,PRINCE GEORGE,1,Cameron St  & North Nechako Rd ,-122.76738169131883,53.9285034886262,subset_intersection_name
all_crashes,All reported crash locations,2020,CATHEDRAL CRT # 006750 TO 006799,PRINCE GEORGE,1,,,,
all_crashes,All reported crash locations,2020,CEDAR ST # 001500 TO 001699,PRINCE GEORGE,1,,,,
all_crashes,All reported crash locations,2020,CENTRAL ST E # 001000 TO 001099,PRINCE GEORGE,1,,,,
all_crashes,All reported crash locations,2020,CENTRAL ST E # 001546 TO 001799,PRINCE GEORGE,1,,,,
all_crashes,All reported crash locations,2020,CENTRAL ST E # 001900 TO 001999,PRINCE GEORGE,1,,,,
all_crashes,All reported crash locations,2020,CENTRAL ST W & HWY 97 S & TURNING LANE,PRINCE GEORGE,1,Hwy 97 S & Central St W,-122.78209530551926,53.91710435503814,exact_intersection_name
all_crashes,All reported crash locations,2020,CESSNA RD # 002700 TO 002773,PRINCE GEORGE,1,,,,
all_crashes,All reported crash locations,2020,CHARTWELL AVE & WESTGATE AVE,PRINCE GEORGE,1,Westgate Ave  & Chartwell Ave ,-122.80060442908957,53.85691688205389,exact_intersection_name
all_crashes,All reported crash locations,2020,CHERRY AVE & WESTWOOD DR,PRINCE GEORGE,1,Westwood Dr  & Cherry Ave ,-122.7796925344691,53.88981419268096,exact_intersection_name
all_crashes,All reported crash locations,2020,CHIEF LAKE RD # 005500 TO 005649,PRINCE GEORGE,1,,,,
all_crashes,All reported crash locations,2020,CHIEF LAKE RD # 005900 TO 005949,PRINCE GEORGE,1,,,,
all_crashes,All reported crash locations,2020,CHIEF LAKE RD & INGLEWOOD RD,PRINCE GEORGE,1,Chief Lake Rd  & Inglewood Rd ,-122.8379566313362,54.01069346832935,exact_intersection_name
all_crashes,All reported crash locations,2020,CHRISTOPHER CRES # 003000 TO 003022,PRINCE GEORGE,1,,,,
all_crashes,All reported crash locations,2020,CHURCHILL RD & NORTH NECHAKO FRTG & NORTH NECHAKO RD & INDUSTRIAL ACCESS ROAD,PRINCE GEORGE,1,,,,
all_crashes,All reported crash locations,2020,CLAPPERTON ST # 003000 TO 003049,PRINCE GEORGE,1,,,,
all_crashes,All reported crash locations,2020,CLAPPERTON ST & FERRY AVE,PRINCE GEORGE,1,Ferry Ave  & Clapperton St ,-122.75456620584889,53.88921614640443,exact_intersection_name
all_crashes,All reported crash locations,2020,CLEARWOOD CRES # 003460 TO 003599,PRINCE GEORGE,1,,,,
all_crashes,All reported crash locations,2020,CONTINENTAL WAY # 004850 TO 005299,PRINCE GEORGE,1,,,,
all_crashes,All reported crash locations,2020,CONTINENTAL WAY & HWY 97 S ONRAMP,PRINCE GEORGE,1,,,,
all_crashes,All reported crash locations,2020,COOK CRT & HART HWY,PRINCE GEORGE,1,,,,
all_crashes,All reported crash locations,2020,CORLESS CRES # 000170 TO 000209,PRINCE GEORGE,1,,,,
all_crashes,All reported crash locations,2020,COWART RD # 003900 TO 004255,PRINCE GEORGE,1,,,,
all_crashes,All reported crash locations,2020,COYLE ST & FOOT ST & MASSEY DR,PRINCE GEORGE,1,Massey Dr  & Foot St ,-122.79351500902362,53.89746193855016,subset_intersection_name
all_crashes,All reported crash locations,2020,COYLE ST & FOREST AVE,PRINCE GEORGE,1,Coyle St  & Forest Ave ,-122.7916359933161,53.895785917230874,exact_intersection_name
all_crashes,All reported crash locations,2020,CROFT RD & OAKRIDGE CRES,PRINCE GEORGE,1,Croft Rd  & Oakridge Cres ,-122.78798281646398,53.9812074085712,exact_intersection_name
all_crashes,All reported crash locations,2020,DAGG RD & WEISBROD RD,PRINCE GEORGE,1,Weisbrod Rd  & Dagg Rd ,-122.79538687097471,53.996141647916225,exact_intersection_name
all_crashes,All reported crash locations,2020,DAKELH TI & SOUTHRIDGE AVE,PRINCE GEORGE,1,Southridge Ave  & Dakelh Ti ,-122.78164825399041,53.85885447588533,exact_intersection_name
all_crashes,All reported crash locations,2020,DAKELH TI & STRINGER CRES & MALL ACCESS,PRINCE GEORGE,1,Dakelh Ti & Stringer Cres,-122.77871730876703,53.86652915536729,subset_intersection_name
all_crashes,All reported crash locations,2020,DAVIE AVE & EAGLENEST CRES & TABOR BLVD,PRINCE GEORGE,1,Tabor Blvd  & Eaglenest Cres ,-122.80708792998212,53.91487170302079,subset_intersection_name
all_crashes,All reported crash locations,2020,DIAMOND DR # 003900 TO 003989,PRINCE GEORGE,1,,,,
all_crashes,All reported crash locations,2020,DIEFENBAKER DR & HERITAGE RIVER TRAIL & UPLAND ST,PRINCE GEORGE,1,Upland St  & Diefenbaker Dr ,-122.76049351145112,53.9003428809704,subset_intersection_name
all_crashes,All reported crash locations,2020,DIEFENBAKER DR & PINE ST,PRINCE GEORGE,1,Pine St  & Diefenbaker Dr ,-122.75226176020279,53.89771092625558,exact_intersection_name
all_crashes,All reported crash locations,2020,DIEFENBAKER DR & QUINCE ST,PRINCE GEORGE,1,Quince St  & Diefenbaker Dr ,-122.75370678642724,53.897666587377195,exact_intersection_name
all_crashes,All reported crash locations,2020,DOCHERTY AVE & OPIE CRES & OSPIKA BLVD,PRINCE GEORGE,1,Ospika Blvd  & Opie Cres ,-122.79366455820914,53.900627475114135,subset_intersection_name
all_crashes,All reported crash locations,2020,DOMANO BLVD # 005100 TO 005198,PRINCE GEORGE,1,,,,
all_crashes,All reported crash locations,2020,DOMANO BLVD # 006287 TO 006853,PRINCE GEORGE,1,,,,
all_crashes,All reported crash locations,2020,DOMANO BLVD & MORIARTY CRES,PRINCE GEORGE,1,Domano Blvd  & Moriarty Cres ,-122.77003152066888,53.867321534117444,exact_intersection_name
all_crashes,All reported crash locations,2020,DOUGLAS ST # 000300 TO 000499,PRINCE GEORGE,1,,,,
all_crashes,All reported crash locations,2020,DUNDEE DR # 002960 TO 003099,PRINCE GEORGE,1,,,,
all_crashes,All reported crash locations,2020,E BEAVERLEY RD & HARTMAN RD & HWY 16 W,PRINCE GEORGE,1,Hwy 16 W & Hartman Rd ,-122.88147597500439,53.82080096892897,subset_intersection_name
all_crashes,All reported crash locations,2020,EAGLENEST CRES # 004368 TO 004385,PRINCE GEORGE,1,,,,
all_crashes,All reported crash locations,2020,EASTERN ST & RAILWAY RD,PRINCE GEORGE,1,Eastern St  & Railway Rd ,-122.74542811967079,53.882904395122196,exact_intersection_name
all_crashes,All reported crash locations,2020,EDELWEISS PL # 006720 TO 006749,PRINCE GEORGE,1,,,,
all_crashes,All reported crash locations,2020,EDELWEISS RD & TULIP RD,PRINCE GEORGE,1,Edelweiss Rd  & Tulip Rd ,-122.80354285662764,53.99084768452979,exact_intersection_name
all_crashes,All reported crash locations,2020,EDMONTON ST # 001300 TO 001499,PRINCE GEORGE,1,,,,
all_crashes,All reported crash locations,2020,EDWARD RD # 005710 TO 005795,PRINCE GEORGE,1,,,,
all_crashes,All reported crash locations,2020,ELK RD # 007080 TO 007499,PRINCE GEORGE,1,,,,
all_crashes,All reported crash locations,2020,ENEMARK CRES & OSPIKA BLVD,PRINCE GEORGE,1,Ospika Blvd  & Enemark Cres ,-122.79286023689306,53.89990418612689,exact_intersection_name
all_crashes,All reported crash locations,2020,ETON AVE & SIMON FRASER AVE,PRINCE GEORGE,1,Simon Fraser Ave  & Eton Ave ,-122.76845385154856,53.87377468556227,exact_intersection_name
all_crashes,All reported crash locations,2020,EUGENE RD # 006850 TO 007099,PRINCE GEORGE,1,,,,
all_crashes,All reported crash locations,2020,FERN CRES # 000190 TO 000229,PRINCE GEORGE,1,,,,
all_crashes,All reported crash locations,2020,FERN CRES # 000230 TO 000299,PRINCE GEORGE,1,,,,
all_crashes,All reported crash locations,2020,FERRY AVE # 002000 TO 002118,PRINCE GEORGE,1,,,,
all_crashes,All reported crash locations,2020,FOLEY CRES & RIVER RD,PRINCE GEORGE,1,River Rd  & Foley Cres ,-122.73887788947127,53.9258642722149,exact_intersection_name
all_crashes,All reported crash locations,2020,FOOTHILLS BLVD & OCHAKWIN CRES,PRINCE GEORGE,1,Foothills Blvd  & Ochakwin Cres ,-122.81927023793749,53.91825961718918,exact_intersection_name
all_crashes,All reported crash locations,2020,FORFAR PL # 000270 TO 000279,PRINCE GEORGE,1,,,,
all_crashes,All reported crash locations,2020,FRASER FLATS RD & OLD SUMMIT LAKE RD,PRINCE GEORGE,1,Old Summit Lake Rd  & Fraser Flats Rd ,-122.73090112585461,53.96698426509426,exact_intersection_name
all_crashes,All reported crash locations,2020,FREIMULLER AVE & MORAN CRES & NEFF CRES,PRINCE GEORGE,1,Neff Cres  & Freimuller Ave ,-122.81914036014014,53.927529070153305,subset_intersection_name
all_crashes,All reported crash locations,2020,GALINIS AVE # 004300 TO 004399,PRINCE GEORGE,1,,,,
all_crashes,All reported crash locations,2020,GANGI CRT & PRUDENTE RD,PRINCE GEORGE,1,Prudente Rd  & Gangi Crt ,-122.78109508770524,53.876511397367786,exact_intersection_name
all_crashes,All reported crash locations,2020,GEORGE ST # 000100 TO 000199,PRINCE GEORGE,1,,,,
all_crashes,All reported crash locations,2020,GEORGE ST # 000300 TO 000399,PRINCE GEORGE,1,,,,
all_crashes,All reported crash locations,2020,GILLETT ST # 000500 TO 000699,PRINCE GEORGE,1,,,,
all_crashes,All reported crash locations,2020,GISCOME RD & MCLAREN RD W,PRINCE GEORGE,1,Giscome Rd  & McLaren Rd W,-122.61383115093217,53.898520122857335,exact_intersection_name
all_crashes,All reported crash locations,2020,GLENVIEW DR # 007000 TO 007149,PRINCE GEORGE,1,,,,
all_crashes,All reported crash locations,2020,GOHEEN PL # 003700 TO 003799,PRINCE GEORGE,1,,,,
all_crashes,All reported crash locations,2020,GOHEEN ST # 002890 TO 003049,PRINCE GEORGE,1,,,,
all_crashes,All reported crash locations,2020,GOOSE COUNTRY RD & OLD SUMMIT LAKE RD,PRINCE GEORGE,1,Old Summit Lake Rd  & Goose Country Rd ,-122.74003926980846,54.01062643418059,exact_intersection_name
all_crashes,All reported crash locations,2020,GRAFTON PL & UNIVERSITY HEIGHTS DR,PRINCE GEORGE,1,,,,
all_crashes,All reported crash locations,2020,GREAT ST # 000880 TO 000999,PRINCE GEORGE,1,,,,
all_crashes,All reported crash locations,2020,GREAT ST # 001000 TO 001089,PRINCE GEORGE,1,,,,
all_crashes,All reported crash locations,2020,GREAT ST & RAILWAY RD,PRINCE GEORGE,1,Great St  & Railway Rd ,-122.7431219711367,53.88439335069734,exact_intersection_name
all_crashes,All reported crash locations,2020,GREEN PL # 000350 TO 000399,PRINCE GEORGE,1,,,,
all_crashes,All reported crash locations,2020,GREENWOOD ST # 004486 TO 005149,PRINCE GEORGE,1,,,,
all_crashes,All reported crash locations,2020,GUAY RD & HWY 16 E & TURNING LANE,PRINCE GEORGE,1,Hwy 16 E & Guay Rd ,-122.71590471546396,53.90480784240421,exact_intersection_name
all_crashes,All reported crash locations,2020,GUEST CRES # 004131 TO 004159,PRINCE GEORGE,1,,,,
all_crashes,All reported crash locations,2020,GUNN RD # 001200 TO 001225,PRINCE GEORGE,1,,,,
all_crashes,All reported crash locations,2020,GUNN RD # 002130 TO 002999,PRINCE GEORGE,1,,,,
all_crashes,All reported crash locations,2020,HALDI RD # 009020 TO 009101,PRINCE GEORGE,1,,,,
all_crashes,All reported crash locations,2020,HALDI RD & HWY 16 W & TURNING LANE,PRINCE GEORGE,1,Hwy 16 W & Haldi Rd ,-122.83362087648663,53.8403468540641,exact_intersection_name
all_crashes,All reported crash locations,2020,HAMILTON AVE & INLANDER ST,PRINCE GEORGE,1,Inlander St  & Hamilton Ave ,-122.73978853337854,53.89855985566148,exact_intersection_name
all_crashes,All reported crash locations,2020,HAMILTON AVE & QUEENSWAY,PRINCE GEORGE,1,Queensway   & Hamilton Ave ,-122.7413360550585,53.89857941922989,exact_intersection_name
all_crashes,All reported crash locations,2020,HARDY RD & OLD SUMMIT LAKE RD,PRINCE GEORGE,1,Old Summit Lake Rd  & Hardy Rd ,-122.72737336614433,53.98908352988344,exact_intersection_name
all_crashes,All reported crash locations,2020,HARPER ST # 000596 TO 000699,PRINCE GEORGE,1,,,,
all_crashes,All reported crash locations,2020,HART HWY # 001500 TO 001568,PRINCE GEORGE,1,,,,
all_crashes,All reported crash locations,2020,HART HWY # 001570 TO 002048,PRINCE GEORGE,1,,,,
all_crashes,All reported crash locations,2020,HART HWY # 003100 TO 003498,PRINCE GEORGE,1,,,,
all_crashes,All reported crash locations,2020,HART HWY # 003900 TO 004198,PRINCE GEORGE,1,,,,
all_crashes,All reported crash locations,2020,HART HWY # 006700 TO 007298,PRINCE GEORGE,1,,,,
all_crashes,All reported crash locations,2020,HART HWY & HART HWY FRTG & NORDIC DR,PRINCE GEORGE,1,Hart Hwy  & Nordic Dr ,-122.80095549920783,53.999154791952165,subset_intersection_name
all_crashes,All reported crash locations,2020,HART HWY & LEHMAN ST,PRINCE GEORGE,1,Hart Hwy  & Lehman St ,-122.77578304825636,53.980963507961064,exact_intersection_name
all_crashes,All reported crash locations,2020,HART HWY & MONTEREY RD & MONTEREY RD W & TURNING LANE,PRINCE GEORGE,1,Hart Hwy & Monterey Rd ,-122.7722739301461,53.97865848147861,subset_intersection_name
all_crashes,All reported crash locations,2020,HART HWY & NIELSON RD,PRINCE GEORGE,1,Nielson Rd  & Nielson Rd ,-122.7947362750361,54.015475661698794,subset_intersection_name
all_crashes,All reported crash locations,2020,HARTMAN RD & SIMPSON RD,PRINCE GEORGE,1,Hartman Rd & Simpson Rd ,-122.8806437019703,53.83622006468359,exact_intersection_name
all_crashes,All reported crash locations,2020,HESSE PL # 003600 TO 003699,PRINCE GEORGE,1,,,,
all_crashes,All reported crash locations,2020,HOFERKAMP RD # 000746 TO 002400,PRINCE GEORGE,1,,,,
all_crashes,All reported crash locations,2020,HOUGH PL # 007530 TO 007573,PRINCE GEORGE,1,,,,
all_crashes,All reported crash locations,2020,HOUSTON LANE & JASPER ST & QUEENSWAY,PRINCE GEORGE,1,Queensway   & Jasper St ,-122.74286335367935,53.89439091903017,subset_intersection_name
all_crashes,All reported crash locations,2020,HWY 16 E # 002940 TO 003269,PRINCE GEORGE,1,,,,
all_crashes,All reported crash locations,2020,HWY 16 E & YELLOWHEAD BRIDGE,PRINCE GEORGE,1,,,,
all_crashes,All reported crash locations,2020,HWY 16 W & RECREATION AVE,PRINCE GEORGE,1,,,,
all_crashes,All reported crash locations,2020,HWY 97 S & UPLAND ST,PRINCE GEORGE,1,,,,
all_crashes,All reported crash locations,2020,IMPERIAL CRES # 007200 TO 007349,PRINCE GEORGE,1,,,,
all_crashes,All reported crash locations,2020,INGALA PL # 002600 TO 002799,PRINCE GEORGE,1,,,,
all_crashes,All reported crash locations,2020,INVERNESS RD # 001000 TO 001019,PRINCE GEORGE,1,,,,
all_crashes,All reported crash locations,2020,IRENE RD # 006850 TO 007099,PRINCE GEORGE,1,,,,
all_crashes,All reported crash locations,2020,JAMES DR & OSPIKA BLVD & SYCAMORE CRES,PRINCE GEORGE,1,Ospika Blvd  & James Dr ,-122.7880433913151,53.89022489944938,subset_intersection_name
all_crashes,All reported crash locations,2020,JASPER ST & MOSS AVE,PRINCE GEORGE,1,Jasper St  & Moss Ave ,-122.74299108590125,53.900340676531265,exact_intersection_name
all_crashes,All reported crash locations,2020,JENSEN RD # 010072 TO 010987,PRINCE GEORGE,1,,,,
all_crashes,All reported crash locations,2020,JUBILEE AVE & MANSON CRES,PRINCE GEORGE,1,Manson Cres  & Jubilee Ave ,-122.79304488155773,53.91161007883969,exact_intersection_name
all_crashes,All reported crash locations,2020,KELLY RD N # 008431 TO 008725,PRINCE GEORGE,1,,,,
all_crashes,All reported crash locations,2020,KELLY RD N & ZRAL RD,PRINCE GEORGE,1,Kelly Rd N & Zral Rd ,-122.80124881159637,54.01516597651771,exact_intersection_name
all_crashes,All reported crash locations,2020,KENWOOD ST # 001600 TO 001699,PRINCE GEORGE,1,,,,
all_crashes,All reported crash locations,2020,KILLOREN CRES # 000450 TO 000455,PRINCE GEORGE,1,,,,
all_crashes,All reported crash locations,2020,KILLOREN CRES & MULLETT CRES,PRINCE GEORGE,1,Killoren Cres  & Mullett Cres ,-122.8154991633337,53.92428474998016,exact_intersection_name
all_crashes,All reported crash locations,2020,KING DR # 000100 TO 000119,PRINCE GEORGE,1,,,,
all_crashes,All reported crash locations,2020,KLUANE RD # 005800 TO 006009,PRINCE GEORGE,1,,,,
all_crashes,All reported crash locations,2020,KNELL RD W & RANDLE RD,PRINCE GEORGE,1,Randle Rd  & Knell Rd W,-122.76875250242453,53.967319833599554,exact_intersection_name
all_crashes,All reported crash locations,2020,KNIGHT CRES # 004080 TO 004179,PRINCE GEORGE,1,,,,
all_crashes,All reported crash locations,2020,LA SALLE AVE & QUEENSWAY,PRINCE GEORGE,1,Queensway   & La Salle Ave ,-122.7413515595774,53.89683300697372,exact_intersection_name
all_crashes,All reported crash locations,2020,LANSDOWNE RD & SINCLAIR RD,PRINCE GEORGE,1,Lansdowne Rd  & Sinclair Rd ,-122.7651694476198,53.883898074716946,exact_intersection_name
all_crashes,All reported crash locations,2020,LELAND RD # 005514 TO 005899,PRINCE GEORGE,1,,,,
all_crashes,All reported crash locations,2020,LESLIE RD # 004680 TO 004959,PRINCE GEORGE,1,,,,
all_crashes,All reported crash locations,2020,LIARD DR # 001000 TO 001199,PRINCE GEORGE,1,,,,
all_crashes,All reported crash locations,2020,LILAC CRES # 006730 TO 006859,PRINCE GEORGE,1,,,,
all_crashes,All reported crash locations,2020,LIMESTONE CRES # 001150 TO 001199,PRINCE GEORGE,1,,,,
all_crashes,All reported crash locations,2020,LONSDALE ST # 002700 TO 002899,PRINCE GEORGE,1,,,,
all_crashes,All reported crash locations,2020,LYON ST # 000300 TO 000499,PRINCE GEORGE,1,,,,
all_crashes,All reported crash locations,2020,MASSEY DR # 002011 TO 002099,PRINCE GEORGE,1,,,,
all_crashes,All reported crash locations,2020,MASSEY DR & OPIE CRES,PRINCE GEORGE,1,Massey Dr  & Opie Cres ,-122.78582548518396,53.899640663219,exact_intersection_name
all_crashes,All reported crash locations,2020,MCBRIDE CRES # 002200 TO 002399,PRINCE GEORGE,1,,,,
all_crashes,All reported crash locations,2020,MCDERMID DR # 000106 TO 000129,PRINCE GEORGE,1,,,,
all_crashes,All reported crash locations,2020,MCDERMID DR # 000120 TO 000139,PRINCE GEORGE,1,,,,
all_crashes,All reported crash locations,2020,MCINTYRE CRES # 000210 TO 000319,PRINCE GEORGE,1,,,,
all_crashes,All reported crash locations,2020,MCINTYRE CRES & MCRAE AVE,PRINCE GEORGE,1,McIntyre Cres  & McRae Ave ,-122.79546347745506,53.92729721752456,exact_intersection_name
all_crashes,All reported crash locations,2020,MCINTYRE CRES & N OSPIKA BLVD,PRINCE GEORGE,1,,,,
all_crashes,All reported crash locations,2020,MCLAREN RD W # 001700 TO 002199,PRINCE GEORGE,1,,,,
all_crashes,All reported crash locations,2020,MCLEAN DR # 000120 TO 000159,PRINCE GEORGE,1,,,,
all_crashes,All reported crash locations,2020,MERRITT RD & WIEBE RD,PRINCE GEORGE,1,Wiebe Rd  & Merritt Rd ,-122.77355910369752,53.883681255445175,exact_intersection_name
all_crashes,All reported crash locations,2020,MERTON CRES # 004200 TO 004229,PRINCE GEORGE,1,,,,
all_crashes,All reported crash locations,2020,MICHAEL RD # 004100 TO 004349,PRINCE GEORGE,1,,,,
all_crashes,All reported crash locations,2020,MICHENER CRES & VANIER DR,PRINCE GEORGE,1,Vanier Dr  & Michener Cres ,-122.78454952668656,53.89364753896991,exact_intersection_name
all_crashes,All reported crash locations,2020,MILBURN AVE & PINE ST,PRINCE GEORGE,1,Pine St  & Milburn Ave ,-122.75211008915304,53.900962939699944,exact_intersection_name
all_crashes,All reported crash locations,2020,MILWAUKEE WAY & PENN RD & WILLOW CALE RD,PRINCE GEORGE,1,Willow Cale Rd  & Penn Rd ,-122.73464857926446,53.83097520068339,subset_intersection_name
all_crashes,All reported crash locations,2020,MIWORTH RD & OTWAY RD,PRINCE GEORGE,1,,,,
all_crashes,All reported crash locations,2020,MOFFAT ST # 000100 TO 000199,PRINCE GEORGE,1,,,,
all_crashes,All reported crash locations,2020,MONAHAN CRES # 003100 TO 003199,PRINCE GEORGE,1,,,,
all_crashes,All reported crash locations,2020,MONCTON CRES # 007664 TO 007699,PRINCE GEORGE,1,,,,
all_crashes,All reported crash locations,2020,MONTGOMERY CRES # 004250 TO 004399,PRINCE GEORGE,1,,,,
all_crashes,All reported crash locations,2020,MOSS AVE # 002400 TO 002699,PRINCE GEORGE,1,,,,
all_crashes,All reported crash locations,2020,MOYIE ST & VILLAGE AVE,PRINCE GEORGE,1,Moyie St  & Village Ave ,-122.74747093839534,53.89503533079736,exact_intersection_name
all_crashes,All reported crash locations,2020,NICHOLSON ST # 000200 TO 000499,PRINCE GEORGE,1,,,,
all_crashes,All reported crash locations,2020,NICHOLSON ST # 002300 TO 002399,PRINCE GEORGE,1,,,,
all_crashes,All reported crash locations,2020,NICHOLSON ST & OPIE CRES,PRINCE GEORGE,1,Nicholson St  & Opie Cres ,-122.78842980112182,53.900872786045554,exact_intersection_name
all_crashes,All reported crash locations,2020,NORDIC DR & RUBY CRES,PRINCE GEORGE,1,Nordic Dr  & Ruby Cres ,-122.79639221563048,53.999280534313904,exact_intersection_name
all_crashes,All reported crash locations,2020,NORTH NECHAKO RD # 000500 TO 000599,PRINCE GEORGE,1,,,,
all_crashes,All reported crash locations,2020,NORTH NECHAKO RD # 005100 TO 005125,PRINCE GEORGE,1,,,,
all_crashes,All reported crash locations,2020,NORTH NECHAKO RD # 008600 TO 009099,PRINCE GEORGE,1,,,,
all_crashes,All reported crash locations,2020,NORTH NECHAKO RD # 009100 TO 009229,PRINCE GEORGE,1,,,,
all_crashes,All reported crash locations,2020,NORTH NECHAKO RD & ONGMAN RD,PRINCE GEORGE,1,,,,
all_crashes,All reported crash locations,2020,NORTH NECHAKO RD & PRESTON RD,PRINCE GEORGE,1,,,,
all_crashes,All reported crash locations,2020,NORTH NECHAKO RD & SUMMERSET PL,PRINCE GEORGE,1,North Nechako Rd  & Summerset Pl ,-122.89232413867744,53.97927665014669,exact_intersection_name
all_crashes,All reported crash locations,2020,NORTH NECHAKO RD & TOMLIN RD,PRINCE GEORGE,1,Tomlin Rd  & Tomlin Rd ,-122.77613275069058,53.93015248194603,subset_intersection_name
all_crashes,All reported crash locations,2020,NORTHWOOD PULPMILL RD & INDUSTRIAL ACCESS ROAD,PRINCE GEORGE,1,,,,
all_crashes,All reported crash locations,2020,OAKRIDGE CRES # 002700 TO 002999,PRINCE GEORGE,1,,,,
all_crashes,All reported crash locations,2020,OSPIKA BLVD # 003001 TO 003103,PRINCE GEORGE,1,,,,
all_crashes,All reported crash locations,2020,OSPIKA BLVD & PARSNIP CRES,PRINCE GEORGE,1,Ospika Blvd  & Parsnip Cres ,-122.79720068118382,53.91240589996924,exact_intersection_name
all_crashes,All reported crash locations,2020,OTWAY RD # 004460 TO 004559,PRINCE GEORGE,1,,,,
all_crashes,All reported crash locations,2020,OTWAY RD # 007130 TO 008141,PRINCE GEORGE,1,,,,
all_crashes,All reported crash locations,2020,PACIFIC ST # 001145 TO 001199,PRINCE GEORGE,1,,,,
all_crashes,All reported crash locations,2020,PACIFIC ST # 006491 TO 008483,PRINCE GEORGE,1,,,,
all_crashes,All reported crash locations,2020,PACIFIC ST & RUTLEY AVE,PRINCE GEORGE,1,,,,
all_crashes,All reported crash locations,2020,PARKSIDE DR & TYNER BLVD,PRINCE GEORGE,1,Tyner Blvd & Parkside Dr,-122.7956335109106,53.86937139166956,exact_intersection_name
all_crashes,All reported crash locations,2020,PARSNIP CRES # 001300 TO 001319,PRINCE GEORGE,1,,,,
all_crashes,All reported crash locations,2020,PEARDON RD # 000200 TO 000525,PRINCE GEORGE,1,,,,
all_crashes,All reported crash locations,2020,PEARSON AVE & PINE ST,PRINCE GEORGE,1,Pine St  & Pearson Ave ,-122.75226064118431,53.89602712534995,exact_intersection_name
all_crashes,All reported crash locations,2020,PERTH RD # 002070 TO 002299,PRINCE GEORGE,1,,,,
all_crashes,All reported crash locations,2020,PETER RD # 008130 TO 008399,PRINCE GEORGE,1,,,,
all_crashes,All reported crash locations,2020,PG PULPMILL RD # 001360 TO 001719,PRINCE GEORGE,1,,,,
all_crashes,All reported crash locations,2020,PILOT ST # 000540 TO 000699,PRINCE GEORGE,1,,,,
all_crashes,All reported crash locations,2020,PINE ST # 002300 TO 002399,PRINCE GEORGE,1,,,,
all_crashes,All reported crash locations,2020,PINEWOOD AVE & WESTWOOD DR,PRINCE GEORGE,1,Westwood Dr  & Pinewood Ave ,-122.7796791963073,53.89208116098949,exact_intersection_name
all_crashes,All reported crash locations,2020,POWELL AVE # 001200 TO 001219,PRINCE GEORGE,1,,,,
all_crashes,All reported crash locations,2020,PRINCE EDWARD CRES # 008190 TO 008219,PRINCE GEORGE,1,,,,
all_crashes,All reported crash locations,2020,PURDUE RD W & REYNOLDS RD,PRINCE GEORGE,1,Reynolds Rd  & Purdue Rd W,-122.84864818626585,53.83774476715881,exact_intersection_name
all_crashes,All reported crash locations,2020,QUEENSWAY # 001500 TO 001597,PRINCE GEORGE,1,,,,
all_crashes,All reported crash locations,2020,QUEENSWAY # 002252 TO 002339,PRINCE GEORGE,1,,,,
all_crashes,All reported crash locations,2020,QUINN ST # 002200 TO 002299,PRINCE GEORGE,1,,,,
all_crashes,All reported crash locations,2020,RAINBOW DR & UNION ST,PRINCE GEORGE,1,Rainbow Dr  & Union St ,-122.78707330288914,53.91617044702286,exact_intersection_name
all_crashes,All reported crash locations,2020,RANGE RD # 002460 TO 002599,PRINCE GEORGE,1,,,,
all_crashes,All reported crash locations,2020,RANGE RD # 002600 TO 002809,PRINCE GEORGE,1,,,,
all_crashes,All reported crash locations,2020,RANGE RD & WIEBE RD,PRINCE GEORGE,1,Wiebe Rd  & Range Rd ,-122.77345619416197,53.88454025982472,exact_intersection_name
all_crashes,All reported crash locations,2020,RECPLACE DR & RECREATION AVE,PRINCE GEORGE,1,Recplace Dr & Recreation Ave,-122.77105308953725,53.89219211802886,exact_intersection_name
all_crashes,All reported crash locations,2020,REDWOOD ST # 001700 TO 001879,PRINCE GEORGE,1,,,,
all_crashes,All reported crash locations,2020,REGENTS CRES # 002300 TO 002399,PRINCE GEORGE,1,,,,
all_crashes,All reported crash locations,2020,RICHET ST # 003800 TO 004399,PRINCE GEORGE,1,,,,
all_crashes,All reported crash locations,2020,RIDGEVIEW DR # 002600 TO 002680,PRINCE GEORGE,1,,,,
all_crashes,All reported crash locations,2020,RIDGEVIEW DR & WILDWOOD CRES,PRINCE GEORGE,1,Ridgeview Dr  & Wildwood Cres ,-122.79333646265582,53.97136687837048,exact_intersection_name
all_crashes,All reported crash locations,2020,RIVER RD # 000749 TO 000980,PRINCE GEORGE,1,,,,
all_crashes,All reported crash locations,2020,RIVERVIEW RD # 003100 TO 003409,PRINCE GEORGE,1,,,,
all_crashes,All reported crash locations,2020,ROCK ISLAND RD # 009170 TO 009599,PRINCE GEORGE,1,,,,
all_crashes,All reported crash locations,2020,ROMANIN CRES # 003600 TO 003799,PRINCE GEORGE,1,,,,
all_crashes,All reported crash locations,2020,RUBY CRES # 007600 TO 007699,PRINCE GEORGE,1,,,,
all_crashes,All reported crash locations,2020,SANDERSON RD & WIEBE RD,PRINCE GEORGE,1,Wiebe Rd  & Sanderson Rd ,-122.77356883340921,53.88277646468507,exact_intersection_name
all_crashes,All reported crash locations,2020,SIMON FRASER AVE # 006500 TO 006599,PRINCE GEORGE,1,,,,
all_crashes,All reported crash locations,2020,SKYLINE DR # 001900 TO 002099,PRINCE GEORGE,1,,,,
all_crashes,All reported crash locations,2020,SOOKE RD # 004750 TO 005149,PRINCE GEORGE,1,,,,
all_crashes,All reported crash locations,2020,SOUTHRIDGE AVE,PRINCE GEORGE,1,,,,
all_crashes,All reported crash locations,2020,SOUTHRIDGE AVE # 005750 TO 005848,PRINCE GEORGE,1,,,,
all_crashes,All reported crash locations,2020,SOUTHRIDGE AVE # 006502 TO 006899,PRINCE GEORGE,1,,,,
all_crashes,All reported crash locations,2020,SPRINGALL CRES # 005990 TO 006249,PRINCE GEORGE,1,,,,
all_crashes,All reported crash locations,2020,SPRUCE ST # 001700 TO 001963,PRINCE GEORGE,1,,,,
all_crashes,All reported crash locations,2020,SPRUCE ST # 002300 TO 002399,PRINCE GEORGE,1,,,,
all_crashes,All reported crash locations,2020,SPRUCE ST # 002700 TO 002799,PRINCE GEORGE,1,,,,
all_crashes,All reported crash locations,2020,SPRUCE ST # 002800 TO 002969,PRINCE GEORGE,1,,,,
all_crashes,All reported crash locations,2020,SPRUCE ST & ST LAURENT AVE,PRINCE GEORGE,1,Spruce St  & St Laurent Ave ,-122.75793699107237,53.89595253538743,exact_intersection_name
all_crashes,All reported crash locations,2020,ST CLARE ST # 007100 TO 007199,PRINCE GEORGE,1,,,,
all_crashes,All reported crash locations,2020,ST JOHN CRES # 007900 TO 007999,PRINCE GEORGE,1,,,,
all_crashes,All reported crash locations,2020,ST JOHN CRES # 008100 TO 008319,PRINCE GEORGE,1,,,,
all_crashes,All reported crash locations,2020,ST LAWRENCE AVE # 007180 TO 007189,PRINCE GEORGE,1,,,,
all_crashes,All reported crash locations,2020,ST MARY CRES # 007600 TO 007649,PRINCE GEORGE,1,,,,
all_crashes,All reported crash locations,2020,STILLWATER CRES # 007500 TO 007546,PRINCE GEORGE,1,,,,
all_crashes,All reported crash locations,2020,STRATHCONA AVE & VICTORIA ST,PRINCE GEORGE,1,Victoria St  & Strathcona Ave ,-122.75527011029236,53.90222988947146,exact_intersection_name
all_crashes,All reported crash locations,2020,STRINGER CRES # 005940 TO 005960,PRINCE GEORGE,1,,,,
all_crashes,All reported crash locations,2020,SYCAMORE CRES # 002931 TO 002999,PRINCE GEORGE,1,,,,
all_crashes,All reported crash locations,2020,TAY CRES # 000600 TO 000669,PRINCE GEORGE,1,,,,
all_crashes,All reported crash locations,2020,TAYLOR DR # 001300 TO 001369,PRINCE GEORGE,1,,,,
all_crashes,All reported crash locations,2020,THACKER CRES # 000141 TO 000199,PRINCE GEORGE,1,,,,
all_crashes,All reported crash locations,2020,THEE PL # 002960 TO 003020,PRINCE GEORGE,1,,,,
all_crashes,All reported crash locations,2020,TYNER BLVD & UNIVERSITY WAY & INSTITUTIONAL ACCESS ROAD,PRINCE GEORGE,1,,,,
all_crashes,All reported crash locations,2020,UPLAND ST # 002050 TO 002104,PRINCE GEORGE,1,,,,
all_crashes,All reported crash locations,2020,UPLAND ST # 002800 TO 002849,PRINCE GEORGE,1,,,,
all_crashes,All reported crash locations,2020,VANCE PL & VANCE RD & WESTWOOD DR,PRINCE GEORGE,1,Vance Rd  & Westwood Dr ,-122.77958299151511,53.880945385666415,subset_intersection_name
all_crashes,All reported crash locations,2020,VANIER DR # 002400 TO 002449,PRINCE GEORGE,1,,,,
all_crashes,All reported crash locations,2020,VELLENCHER RD # 004300 TO 004399,PRINCE GEORGE,1,,,,
all_crashes,All reported crash locations,2020,VICTORIA ST # 000450 TO 000499,PRINCE GEORGE,1,,,,
all_crashes,All reported crash locations,2020,VICTORIA ST # 000500 TO 000551,PRINCE GEORGE,1,,,,
all_crashes,All reported crash locations,2020,VICTORIA ST # 000754 TO 000799,PRINCE GEORGE,1,,,,
all_crashes,All reported crash locations,2020,VICTORIA ST # 000800 TO 000849,PRINCE GEORGE,1,,,,
all_crashes,All reported crash locations,2020,VICTORIA ST # 002000 TO 002099,PRINCE GEORGE,1,,,,
all_crashes,All reported crash locations,2020,VICTORIA ST # 002100 TO 002299,PRINCE GEORGE,1,,,,
all_crashes,All reported crash locations,2020,VISTA RIDGE DR # 002820 TO 003099,PRINCE GEORGE,1,,,,
all_crashes,All reported crash locations,2020,WAINWRIGHT ST # 000408 TO 000499,PRINCE GEORGE,1,,,,
all_crashes,All reported crash locations,2020,WALLACE CRES # 003150 TO 003199,PRINCE GEORGE,1,,,,
all_crashes,All reported crash locations,2020,WESTCREST DR & WESTVIEW RD,PRINCE GEORGE,1,,,,
all_crashes,All reported crash locations,2020,WESTMOUNT DR # 006692 TO 006739,PRINCE GEORGE,1,,,,
all_crashes,All reported crash locations,2020,WESTWOOD DR # 003300 TO 003339,PRINCE GEORGE,1,,,,
all_crashes,All reported crash locations,2020,WILDWOOD CRES # 002700 TO 002729,PRINCE GEORGE,1,,,,
all_crashes,All reported crash locations,2020,WILLOW CALE RD # 002000 TO 008899,PRINCE GEORGE,1,,,,
all_crashes,All reported crash locations,2020,WINSLOW PL # 003700 TO 003749,PRINCE GEORGE,1,,,,
all_crashes,All reported crash locations,2021,15TH AVE & CENTRAL ST E & CENTRAL ST W & HWY 97 S & TURNING LANE,PRINCE GEORGE,44,Hwy 97 S & 15th Ave ,-122.78179494195119,53.910312151553725,subset_intersection_name
all_crashes,All reported crash locations,2021,DOMANO BLVD & HWY 16 W & TYNER BLVD & TURNING LANE,PRINCE GEORGE,44,Domano Blvd  & Domano Blvd ,-122.7710521207196,53.84646157118433,subset_intersection_name
all_crashes,All reported crash locations,2021,HWY 16 W & HWY 97 S & INDUSTRIAL ACCESS ROAD & TURNING LANE,PRINCE GEORGE,38,,,,
all_crashes,All reported crash locations,2021,5TH AVE & CENTRAL ST E & HWY 97 S & TURNING LANE,PRINCE GEORGE,30,Hwy 97 S & 5th Ave ,-122.78177854610227,53.9205941555201,subset_intersection_name
all_crashes,All reported crash locations,2021,FERRY AVE & HWY 16 W & TURNING LANE,PRINCE GEORGE,30,Hwy 16 W & Ferry Ave ,-122.76736310375131,53.88887407036401,exact_intersection_name
all_crashes,All reported crash locations,2021,10TH AVE & CENTRAL ST E & CENTRAL ST W & HWY 97 S & TURNING LANE,PRINCE GEORGE,25,Hwy 97 S & 10th Ave ,-122.78177628409276,53.915447860379075,subset_intersection_name
all_crashes,All reported crash locations,2021,COWART RD & HWY 16 W & VANCE RD & CEMETERY ACCESS ROAD & TURNING LANE,PRINCE GEORGE,24,Hwy 16 W & Vance Rd ,-122.77015009178176,53.88093857899615,subset_intersection_name
all_crashes,All reported crash locations,2021,20TH AVE & REDWOOD ST & VICTORIA ST,PRINCE GEORGE,22,20th Ave  & Redwood St ,-122.75656169384115,53.90543882115238,subset_intersection_name
all_crashes,All reported crash locations,2021,MASSEY DR & WESTWOOD DR & TURNING LANE,PRINCE GEORGE,21,Massey Dr  & Westwood Dr ,-122.78220102448,53.89962927490321,exact_intersection_name
all_crashes,All reported crash locations,2021,15TH AVE & PATRICIA BLVD & VICTORIA ST & TURNING LANE,PRINCE GEORGE,17,Victoria St  & 15th Ave ,-122.7548642990933,53.910532795614444,subset_intersection_name
all_crashes,All reported crash locations,2021,AUSTIN RD E & AUSTIN RD W & HART HWY & HART HWY FRTG & TURNING LANE,PRINCE GEORGE,16,Hart Hwy  & Austin Rd W,-122.78698619107912,53.98951914251626,subset_intersection_name
all_crashes,All reported crash locations,2021,22ND AVE & CENTRAL ST E & GRIFFITHS AVE & HWY 97 S & WESTWOOD DR & TURNING LANE,PRINCE GEORGE,15,Hwy 97 S & 22nd Ave ,-122.78180081482267,53.90360164570181,subset_intersection_name
all_crashes,All reported crash locations,2021,15TH AVE & 15TH AVE FRTG & OSPIKA BLVD,PRINCE GEORGE,14,Ospika Blvd  & 15th Ave ,-122.79747485365283,53.91031461599602,subset_intersection_name
all_crashes,All reported crash locations,2021,FERRY AVE & FERRY AVE OFFRAMP & FERRY AVE ONRAMP & HWY 97 S & MOYIE ST & QUEENSWAY & QUEENSWAY OFFRAMP & QUEENSWAY ONRAMP & SIMON FRASER BRIDGE & TURNING LANE,PRINCE GEORGE,14,Queensway   & Moyie St ,-122.7474780339104,53.893242216093796,subset_intersection_name
all_crashes,All reported crash locations,2021,HWY 16 W & KONRATH RD & WESTGATE AVE & TURNING LANE,PRINCE GEORGE,13,Hwy 16 W & Westgate Ave ,-122.80187600562118,53.86123492513162,subset_intersection_name
all_crashes,All reported crash locations,2021,3RD AVE & VICTORIA ST,PRINCE GEORGE,12,Victoria St  & 3rd Ave ,-122.74910264675336,53.91788475620001,exact_intersection_name
all_crashes,All reported crash locations,2021,HART HWY & HART HWY FRTG & NORTHWOOD PULPMILL RD & NORTHWOOD PULPMILL RD OFFRAMP,PRINCE GEORGE,12,Hart Hwy  & Northwood Pulpmill Rd ,-122.76126102811199,53.94364981867475,subset_intersection_name
all_crashes,All reported crash locations,2021,HART HWY & HART HWY ONRAMP & HWY 97 S & N NECHAKO RD OFFRAMP & N NECHAKO RD ONRAMP & NECHAKO RD OVERPASS & NORTH NECHAKO RD & INDUSTRIAL ACCESS ROAD,PRINCE GEORGE,12,Hart Hwy  & North Nechako Rd ,-122.78062589085935,53.93106085695682,subset_intersection_name
all_crashes,All reported crash locations,2021,HWY 16 W & RANGE RD & CHAINUP & TURNING LANE,PRINCE GEORGE,12,Hwy 16 W & Range Rd ,-122.76905843798687,53.88447169816131,subset_intersection_name
all_crashes,All reported crash locations,2021,HWY 97 S & PACIFIC ST & TERMINAL BLVD & TURNING LANE,PRINCE GEORGE,12,Hwy 97 S & Pacific St ,-122.73607787027044,53.8729297934472,subset_intersection_name
all_crashes,All reported crash locations,2021,MASSEY DR & OSPIKA BLVD & TURNING LANE,PRINCE GEORGE,12,Ospika Blvd  & Massey Dr ,-122.79101461008624,53.89892833157825,exact_intersection_name
all_crashes,All reported crash locations,2021,15TH AVE & CARNEY ST,PRINCE GEORGE,10,15th Ave  & Carney St ,-122.7692733112798,53.910361039113525,exact_intersection_name
all_crashes,All reported crash locations,2021,15TH AVE & FOOTHILLS BLVD & UNIVERSITY WAY,PRINCE GEORGE,10,Foothills Blvd  & 15th Ave ,-122.81162073426202,53.91037359785447,subset_intersection_name
all_crashes,All reported crash locations,2021,20TH AVE & CARNEY ST & MASSEY DR & WINNIPEG ST & TURNING LANE,PRINCE GEORGE,10,Massey Dr  & Carney St ,-122.76719262100009,53.9064125236042,subset_intersection_name
all_crashes,All reported crash locations,2021,2ND AVE & VICTORIA ST,PRINCE GEORGE,10,Victoria St  & 2nd Ave ,-122.74844635195491,53.918682341882864,exact_intersection_name
all_crashes,All reported crash locations,2021,5TH AVE & OSPIKA BLVD & TURNING LANE,PRINCE GEORGE,10,Ospika Blvd  & 5th Ave ,-122.79417553362454,53.92053592860853,exact_intersection_name
all_crashes,All reported crash locations,2021,OSPIKA BLVD & TYNER BLVD & TURNING LANE,PRINCE GEORGE,10,Ospika Blvd  & Tyner Blvd ,-122.79190773681847,53.869320651147355,exact_intersection_name
all_crashes,All reported crash locations,2021,5TH AVE & AHBAU ST & LYON ST,PRINCE GEORGE,9,5th Ave  & Lyon St ,-122.78432072548367,53.92061615056932,subset_intersection_name
all_crashes,All reported crash locations,2021,FERRY AVE & OSPIKA BLVD,PRINCE GEORGE,9,Ospika Blvd  & Ferry Ave ,-122.78723029011171,53.888222873019025,exact_intersection_name
all_crashes,All reported crash locations,2021,13TH AVE & WINNIPEG ST & MALL ACCESS,PRINCE GEORGE,8,Winnipeg St  & 13th Ave ,-122.76080205044619,53.91176246775332,subset_intersection_name
all_crashes,All reported crash locations,2021,15TH AVE & SPRUCE ST & MALL ACCESS & TURNING LANE,PRINCE GEORGE,8,15th Ave  & Spruce St ,-122.75787971344289,53.90985047665654,subset_intersection_name
all_crashes,All reported crash locations,2021,18TH AVE & OSPIKA BLVD,PRINCE GEORGE,8,Ospika Blvd  & 18th Ave ,-122.7975402414345,53.90731179379243,exact_intersection_name
all_crashes,All reported crash locations,2021,1ST AVE & QUEENSWAY,PRINCE GEORGE,8,1st Ave  & Queensway  ,-122.73942689740369,53.91756997144434,exact_intersection_name
all_crashes,All reported crash locations,2021,20TH AVE & SPRUCE ST,PRINCE GEORGE,8,20th Ave  & Spruce St ,-122.7579191232894,53.90543509971525,exact_intersection_name
all_crashes,All reported crash locations,2021,BUNCE RD & GAUTHIER RD & HWY 16 W & HWY 16 W FRTG & TURNING LANE,PRINCE GEORGE,8,Hwy 16 W & Gauthier Rd ,-122.82453561579439,53.84956165993766,subset_intersection_name
all_crashes,All reported crash locations,2021,CARIBOO HWY N & CARIBOO HWY S & HWY 97 S FRTG & SINTICH RD & SINTICH RD E & TURNING LANE,PRINCE GEORGE,8,,,,
all_crashes,All reported crash locations,2021,FERRY AVE & RECPLACE DR,PRINCE GEORGE,8,Ferry Ave  & Recplace Dr ,-122.7708357032018,53.888759334056346,exact_intersection_name
all_crashes,All reported crash locations,2021,FERRY AVE & WESTWOOD DR,PRINCE GEORGE,8,Ferry Ave  & Westwood Dr ,-122.77963965521923,53.88818215882621,exact_intersection_name
all_crashes,All reported crash locations,2021,MASSEY DR & NICHOLSON ST,PRINCE GEORGE,8,Massey Dr  & Nicholson St ,-122.78890013154833,53.899613928664735,exact_intersection_name
all_crashes,All reported crash locations,2021,10TH AVE & CARNEY ST,PRINCE GEORGE,7,Carney St  & 10th Ave ,-122.76929725602113,53.91542380304837,exact_intersection_name
all_crashes,All reported crash locations,2021,15TH AVE & NICHOLSON ST,PRINCE GEORGE,7,15th Ave  & Nicholson St ,-122.78694258757027,53.91020887071563,exact_intersection_name
all_crashes,All reported crash locations,2021,17TH AVE & VICTORIA ST,PRINCE GEORGE,7,Victoria St  & 17th Ave ,-122.75513359039593,53.90845467368114,exact_intersection_name
all_crashes,All reported crash locations,2021,20TH AVE & QUEENSWAY,PRINCE GEORGE,7,,,,
all_crashes,All reported crash locations,2021,DAKELH TI & DOMANO BLVD & MCGILL CRES & TURNING LANE,PRINCE GEORGE,7,Domano Blvd  & Domano Blvd ,-122.7710521207196,53.84646157118433,subset_intersection_name
all_crashes,All reported crash locations,2021,HWY 16 W & MARLEAU RD & WELLER RD & TURNING LANE,PRINCE GEORGE,7,Hwy 16 W & Marleau Rd ,-122.7915482227612,53.86507997452401,subset_intersection_name
all_crashes,All reported crash locations,2021,15TH AVE & TABOR BLVD,PRINCE GEORGE,6,15th Ave  & Tabor Blvd ,-122.80702669201499,53.91044044434808,exact_intersection_name
all_crashes,All reported crash locations,2021,1ST AVE & CARNEY ST & RIVER RD & TURNING LANE,PRINCE GEORGE,6,1st Ave  & River Rd ,-122.76848239866689,53.92548131015521,subset_intersection_name
all_crashes,All reported crash locations,2021,4TH AVE & GEORGE ST,PRINCE GEORGE,6,4th Ave  & George St ,-122.74338122958899,53.915305753250905,exact_intersection_name
all_crashes,All reported crash locations,2021,4TH AVE & VICTORIA ST,PRINCE GEORGE,6,Victoria St  & 4th Ave ,-122.74972703343879,53.91710796548883,exact_intersection_name
all_crashes,All reported crash locations,2021,5TH AVE & CARNEY ST,PRINCE GEORGE,6,5th Ave  & Carney St ,-122.76929406084285,53.92067066923,exact_intersection_name
all_crashes,All reported crash locations,2021,5TH AVE & TABOR BLVD,PRINCE GEORGE,6,5th Ave  & Tabor Blvd ,-122.80762434320357,53.92062910542345,exact_intersection_name
all_crashes,All reported crash locations,2021,5TH AVE & VICTORIA ST,PRINCE GEORGE,6,Victoria St  & 5th Ave ,-122.7503456963153,53.916345551852956,exact_intersection_name
all_crashes,All reported crash locations,2021,BOUNDARY RD & HWY 97 S & HWY 97 S FRTG & TURNING LANE,PRINCE GEORGE,6,Hwy 97 S & Boundary Rd,-122.71434293047058,53.85580502666708,subset_intersection_name
all_crashes,All reported crash locations,2021,FEHR RD & HART HWY & NORANDA RD E & NORANDA RD E ONRAMP & NORANDA RD W & NORANDA RD W ONRAMP,PRINCE GEORGE,6,,,,
all_crashes,All reported crash locations,2021,HANDLEN RD & HART HWY & HART HWY FRTG & WEISBROD RD & TURNING LANE,PRINCE GEORGE,6,,,,
all_crashes,All reported crash locations,2021,HWY 97 S & MASSEY DR & PINE CENTRE RD & PINE CENTRE RD OFFRAMP & MALL ACCESS & TURNING LANE,PRINCE GEORGE,6,Hwy 97 S & Pine Centre Rd ,-122.77435190570137,53.89909187852446,subset_intersection_name
all_crashes,All reported crash locations,2021,OSPIKA BLVD & RAINBOW DR,PRINCE GEORGE,6,Ospika Blvd  & Rainbow Dr ,-122.79585095028654,53.91651845108733,exact_intersection_name
all_crashes,All reported crash locations,2021,17TH AVE & SPRUCE ST,PRINCE GEORGE,5,Spruce St  & 17th Ave ,-122.7579380281123,53.908453412529106,exact_intersection_name
all_crashes,All reported crash locations,2021,HWY 16 W & HWY 16 W FRTG & JUTLAND RD,PRINCE GEORGE,5,Hwy 16 W & Jutland Rd ,-122.85766180675823,53.82754168821828,subset_intersection_name
all_crashes,All reported crash locations,2021,HWY 97 S & RAILWAY RD & TURNING LANE,PRINCE GEORGE,5,Hwy 97 S & Railway Rd ,-122.74183225904618,53.884844890120526,exact_intersection_name
all_crashes,All reported crash locations,2021,PATRICIA BLVD & QUEENSWAY & TURNING LANE,PRINCE GEORGE,5,Queensway   & Patricia Blvd ,-122.74238920198624,53.91168899631086,exact_intersection_name
all_crashes,All reported crash locations,2021,RANGE RD & WESTWOOD DR,PRINCE GEORGE,5,Westwood Dr  & Range Rd ,-122.77958789188526,53.88456263041591,exact_intersection_name
all_crashes,All reported crash locations,2021,RANGE RD & WIEBE RD,PRINCE GEORGE,5,Wiebe Rd  & Range Rd ,-122.77345619416197,53.88454025982472,exact_intersection_name
all_crashes,All reported crash locations,2021,15TH AVE & 15TH AVE FRTG & AHBAU ST,PRINCE GEORGE,4,,,,
all_crashes,All reported crash locations,2021,15TH AVE & JOHNSON ST,PRINCE GEORGE,4,15th Ave  & Johnson St ,-122.779695955024,53.910365631892915,exact_intersection_name
all_crashes,All reported crash locations,2021,15TH AVE & WINNIPEG ST,PRINCE GEORGE,4,Winnipeg St  & 15th Ave ,-122.762527691673,53.90945294671683,exact_intersection_name
all_crashes,All reported crash locations,2021,17TH AVE & QUEENSWAY,PRINCE GEORGE,4,Queensway   & 17th Ave ,-122.74230240093378,53.908467530371524,exact_intersection_name
all_crashes,All reported crash locations,2021,1ST AVE & VICTORIA ST & TURNING LANE,PRINCE GEORGE,4,Victoria St  & 1st Ave ,-122.74758500128966,53.91980676674687,exact_intersection_name
all_crashes,All reported crash locations,2021,5TH AVE & QUEBEC ST,PRINCE GEORGE,4,Quebec St  & 5th Ave ,-122.74726319836914,53.91547040813759,exact_intersection_name
all_crashes,All reported crash locations,2021,5TH AVE & QUEENSWAY,PRINCE GEORGE,4,Queensway   & 5th Ave ,-122.74228631032446,53.91406985176876,exact_intersection_name
all_crashes,All reported crash locations,2021,BLUEBERRY RD & HART HWY & HOFERKAMP RD & SCALE ACCESS & TURNING LANE,PRINCE GEORGE,4,Hart Hwy  & Hoferkamp Rd ,-122.75994634796145,53.93830782107887,subset_intersection_name
all_crashes,All reported crash locations,2021,BOUNDARY RD & PENN RD & ACCESS ROAD,PRINCE GEORGE,4,Boundary Rd  & Penn Rd ,-122.73362811532616,53.84194858828079,subset_intersection_name
all_crashes,All reported crash locations,2021,DOMANO BLVD & GLADSTONE DR & ST LAWRENCE AVE,PRINCE GEORGE,4,Domano Blvd  & Domano Blvd ,-122.7710521207196,53.84646157118433,subset_intersection_name
all_crashes,All reported crash locations,2021,HWY 16 W & RECREATION AVE,PRINCE GEORGE,4,,,,
all_crashes,All reported crash locations,2021,HWY 16 W & WESTERN RD,PRINCE GEORGE,4,Hwy 16 W & Western Rd ,-122.87116423544775,53.82363934227935,exact_intersection_name
all_crashes,All reported crash locations,2021,SPRUCE ST & STRATHCONA AVE,PRINCE GEORGE,4,Spruce St  & Strathcona Ave ,-122.7579259069719,53.90227702965745,exact_intersection_name
all_crashes,All reported crash locations,2021,TYNER BLVD & UNIVERSITY WAY & INSTITUTIONAL ACCESS ROAD,PRINCE GEORGE,4,,,,
all_crashes,All reported crash locations,2021,15TH AVE & ALWARD ST,PRINCE GEORGE,3,15th Ave  & Alward St ,-122.76638877768924,53.910344784083385,exact_intersection_name
all_crashes,All reported crash locations,2021,1ST AVE & FOOTHILLS BLVD,PRINCE GEORGE,3,Foothills Blvd  & 1st Ave ,-122.81946800626679,53.931178551459105,exact_intersection_name
all_crashes,All reported crash locations,2021,1ST AVE & N OSPIKA BLVD & OSPIKA BLVD,PRINCE GEORGE,3,Ospika Blvd  & 1st Ave ,-122.79410008018007,53.92484505980793,subset_intersection_name
all_crashes,All reported crash locations,2021,1ST AVE & N TABOR BLVD & TABOR BLVD,PRINCE GEORGE,3,Tabor Blvd  & 1st Ave ,-122.80312365900102,53.92712440844348,subset_intersection_name
all_crashes,All reported crash locations,2021,2ND AVE & BRUNSWICK ST,PRINCE GEORGE,3,2nd Ave  & Brunswick St ,-122.74689927059084,53.918242728048675,exact_intersection_name
all_crashes,All reported crash locations,2021,3RD AVE & CARNEY ST,PRINCE GEORGE,3,Carney St  & 3rd Ave ,-122.76932051435493,53.92264142525402,exact_intersection_name
all_crashes,All reported crash locations,2021,4TH AVE & QUEBEC ST,PRINCE GEORGE,3,4th Ave  & Quebec St ,-122.74664790186657,53.91623581218647,exact_intersection_name
all_crashes,All reported crash locations,2021,4TH AVE & QUEENSWAY,PRINCE GEORGE,3,Queensway   & 4th Ave ,-122.74167731702815,53.914834595274975,exact_intersection_name
all_crashes,All reported crash locations,2021,5TH AVE & DOMINION ST,PRINCE GEORGE,3,Dominion St  & 5th Ave ,-122.74571313800674,53.91503233219792,exact_intersection_name
all_crashes,All reported crash locations,2021,5TH AVE & FOOTHILLS BLVD,PRINCE GEORGE,3,Foothills Blvd  & 5th Ave ,-122.81925121571736,53.92063407345569,exact_intersection_name
all_crashes,All reported crash locations,2021,7TH AVE & VICTORIA ST,PRINCE GEORGE,3,Victoria St  & 7th Ave ,-122.75161082477203,53.91479475071995,exact_intersection_name
all_crashes,All reported crash locations,2021,8TH AVE & VICTORIA ST,PRINCE GEORGE,3,Victoria St  & 8th Ave ,-122.7522413647282,53.91402550297164,exact_intersection_name
all_crashes,All reported crash locations,2021,9TH AVE & VICTORIA ST,PRINCE GEORGE,3,Victoria St  & 9th Ave ,-122.75286633413029,53.913255575865634,exact_intersection_name
all_crashes,All reported crash locations,2021,AUSTIN RD W & KELLY RD S,PRINCE GEORGE,3,Austin Rd W & Kelly Rd S,-122.80116565456706,53.988857268522445,exact_intersection_name
all_crashes,All reported crash locations,2021,BAKER RD & GANNETT RD & TYNER BLVD,PRINCE GEORGE,3,Tyner Blvd  & Baker Rd ,-122.78559180190067,53.86986585776354,subset_intersection_name
all_crashes,All reported crash locations,2021,BEAR RD & HWY 16 W & HWY 16 W FRTG & KIMBALL RD & TURNING LANE,PRINCE GEORGE,3,Hwy 16 W & Kimball Rd ,-122.81600682764814,53.85826461271277,subset_intersection_name
all_crashes,All reported crash locations,2021,BLACKBURN RD N & BLACKBURN RD S & GISCOME RD,PRINCE GEORGE,3,Blackburn Rd N & Giscome Rd ,-122.6410223234568,53.89836832918449,subset_intersection_name
all_crashes,All reported crash locations,2021,CENTRAL ST W & HWY 97 S & TURNING LANE,PRINCE GEORGE,3,Hwy 97 S & Central St W,-122.78209530551926,53.91710435503814,exact_intersection_name
all_crashes,All reported crash locations,2021,DAVIS RD & OSPIKA BLVD,PRINCE GEORGE,3,Ospika Blvd  & Davis Rd ,-122.78461387765036,53.8765979093368,exact_intersection_name
all_crashes,All reported crash locations,2021,DUFFERIN AVE & FOREST AVE & OSPIKA BLVD,PRINCE GEORGE,3,Ospika Blvd  & Forest Ave ,-122.78902474421145,53.89575059327287,subset_intersection_name
all_crashes,All reported crash locations,2021,E BEAVERLEY RD & HARTMAN RD & HWY 16 W,PRINCE GEORGE,3,Hwy 16 W & Hartman Rd ,-122.88147597500439,53.82080096892897,subset_intersection_name
all_crashes,All reported crash locations,2021,GRIFFITHS AVE & MASSEY DR,PRINCE GEORGE,3,Massey Dr  & Griffiths Ave ,-122.77334218117504,53.90476971060151,exact_intersection_name
all_crashes,All reported crash locations,2021,HART HWY # 001570 TO 002048,PRINCE GEORGE,3,,,,
all_crashes,All reported crash locations,2021,HART HWY & SHAMROCK RD,PRINCE GEORGE,3,Hart Hwy  & Shamrock Rd ,-122.76778430075736,53.9636636974175,exact_intersection_name
all_crashes,All reported crash locations,2021,HWY 16 E & OLD CARIBOO HWY & ACCESS ROAD,PRINCE GEORGE,3,Hwy 16 E & Old Cariboo Hwy ,-122.66670235342924,53.908536210376234,subset_intersection_name
all_crashes,All reported crash locations,2021,HWY 16 W & SOUTHRIDGE AVE & SOUTHRIDGE AVE OFFRAMP & SOUTHRIDGE AVE ONRAMP & TURNING LANE,PRINCE GEORGE,3,Hwy 16 W & Southridge Ave ,-122.78401789678078,53.86549468941883,subset_intersection_name
all_crashes,All reported crash locations,2021,HWY 97 S & JOHN HART BRIDGE,PRINCE GEORGE,3,,,,
all_crashes,All reported crash locations,2021,LANDOOZ RD & NORTHWOOD PULPMILL RD,PRINCE GEORGE,3,Northwood Pulpmill Rd  & Landooz Rd ,-122.7036852775143,53.97705690960349,exact_intersection_name
all_crashes,All reported crash locations,2021,LORNE CRES & WESTWOOD DR & MALL ACCESS,PRINCE GEORGE,3,Westwood Dr  & Lorne Cres ,-122.78077899070674,53.89738393057166,subset_intersection_name
all_crashes,All reported crash locations,2021,MILBURN AVE & SPRUCE ST,PRINCE GEORGE,3,Spruce St  & Milburn Ave ,-122.7578982804465,53.90111785613685,exact_intersection_name
all_crashes,All reported crash locations,2021,OSPIKA BLVD & RANGE RD,PRINCE GEORGE,3,Ospika Blvd  & Range Rd ,-122.78494957948514,53.884560801882536,exact_intersection_name
all_crashes,All reported crash locations,2021,PACIFIC ST # 006491 TO 008483,PRINCE GEORGE,3,,,,
all_crashes,All reported crash locations,2021,TYNER BLVD & UNIVERSITY HEIGHTS DR,PRINCE GEORGE,3,,,,
all_crashes,All reported crash locations,2021,10TH AVE & ALWARD ST,PRINCE GEORGE,2,10th Ave  & Alward St ,-122.76644178895077,53.9154321660912,exact_intersection_name
all_crashes,All reported crash locations,2021,10TH AVE & EDMONTON ST & MCBRIDE CRES,PRINCE GEORGE,2,10th Ave  & McBride Cres ,-122.76291237510696,53.915915559019716,subset_intersection_name
all_crashes,All reported crash locations,2021,10TH AVE & LAURIER CRES,PRINCE GEORGE,2,10th Ave  & Laurier Cres ,-122.76421963643598,53.91561757570119,exact_intersection_name
all_crashes,All reported crash locations,2021,15TH AVE # 001600 TO 001708,PRINCE GEORGE,2,,,,
all_crashes,All reported crash locations,2021,15TH AVE # 004260 TO 004298,PRINCE GEORGE,2,,,,
all_crashes,All reported crash locations,2021,15TH AVE & 15TH AVE FRTG & GEORGE PAUL LANE & JARVIS ST,PRINCE GEORGE,2,15th Ave  & Jarvis St ,-122.80451154415744,53.91022660928131,subset_intersection_name
all_crashes,All reported crash locations,2021,15TH AVE & GILLETT ST,PRINCE GEORGE,2,15th Ave  & Gillett St ,-122.77523836021402,53.91033108296399,exact_intersection_name
all_crashes,All reported crash locations,2021,15TH AVE & IRWIN ST,PRINCE GEORGE,2,15th Ave  & Irwin St ,-122.77823624459764,53.910375069358345,exact_intersection_name
all_crashes,All reported crash locations,2021,15TH AVE & QUEENSWAY,PRINCE GEORGE,2,Queensway   & 15th Ave ,-122.7421969063232,53.91048273842842,exact_intersection_name
all_crashes,All reported crash locations,2021,15TH AVE & QUINN ST,PRINCE GEORGE,2,15th Ave  & Quinn St ,-122.79179532834341,53.91021416704673,exact_intersection_name
all_crashes,All reported crash locations,2021,15TH AVE FRTG # 003300 TO 003398,PRINCE GEORGE,2,,,,
all_crashes,All reported crash locations,2021,15TH AVE FRTG # 003600 TO 003698,PRINCE GEORGE,2,,,,
all_crashes,All reported crash locations,2021,18TH AVE & CENTRAL ST E & CENTRAL ST W & HWY 97 S,PRINCE GEORGE,2,Hwy 97 S & 18th Ave ,-122.7817240248962,53.9072493742058,subset_intersection_name
all_crashes,All reported crash locations,2021,18TH AVE & NICHOLSON ST & INSTITUTIONAL ACCESS ROAD,PRINCE GEORGE,2,18th Ave  & Nicholson St ,-122.78593329878412,53.907359161967676,subset_intersection_name
all_crashes,All reported crash locations,2021,18TH AVE & QUINN ST,PRINCE GEORGE,2,Quinn St  & 18th Ave ,-122.79178929970689,53.907327863637185,exact_intersection_name
all_crashes,All reported crash locations,2021,1ST AVE & RIVER RD,PRINCE GEORGE,2,1st Ave & River Rd ,-122.72764541504804,53.91427956702975,exact_intersection_name
all_crashes,All reported crash locations,2021,20TH AVE # 001700 TO 001799,PRINCE GEORGE,2,,,,
all_crashes,All reported crash locations,2021,20TH AVE & TAMARACK ST,PRINCE GEORGE,2,20th Ave  & Tamarack St ,-122.75924862052311,53.9054295712836,exact_intersection_name
all_crashes,All reported crash locations,2021,20TH AVE & UPLAND ST,PRINCE GEORGE,2,20th Ave  & Upland St ,-122.76059629140936,53.905422296840946,exact_intersection_name
all_crashes,All reported crash locations,2021,2ND AVE & DOMINION ST,PRINCE GEORGE,2,2nd Ave  & Dominion St ,-122.74385069353978,53.91736537416934,exact_intersection_name
all_crashes,All reported crash locations,2021,2ND AVE & GEORGE ST,PRINCE GEORGE,2,2nd Ave  & George St ,-122.7421151472134,53.916865043930706,exact_intersection_name
all_crashes,All reported crash locations,2021,2ND AVE & QUEENSWAY,PRINCE GEORGE,2,2nd Ave  & Queensway  ,-122.74038132103622,53.91637672776007,exact_intersection_name
all_crashes,All reported crash locations,2021,3RD AVE # 001200 TO 001299,PRINCE GEORGE,2,,,,
all_crashes,All reported crash locations,2021,4TH AVE & OTTAWA ST,PRINCE GEORGE,2,Ottawa St  & 4th Ave ,-122.73706579383368,53.913528272764324,exact_intersection_name
all_crashes,All reported crash locations,2021,4TH AVE & WINNIPEG ST,PRINCE GEORGE,2,Winnipeg St  & 4th Ave ,-122.7551217301347,53.91862479119827,exact_intersection_name
all_crashes,All reported crash locations,2021,5TH AVE & BRUNSWICK ST,PRINCE GEORGE,2,Brunswick St  & 5th Ave ,-122.74878802525316,53.91590124396454,exact_intersection_name
all_crashes,All reported crash locations,2021,5TH AVE & DOUGLAS ST,PRINCE GEORGE,2,5th Ave  & Douglas St ,-122.77075632693793,53.920654905906204,exact_intersection_name
all_crashes,All reported crash locations,2021,5TH AVE & HARPER ST,PRINCE GEORGE,2,5th Ave  & Harper St ,-122.77671707651508,53.920625853155975,exact_intersection_name
all_crashes,All reported crash locations,2021,5TH AVE & WINNIPEG ST,PRINCE GEORGE,2,Winnipeg St  & 5th Ave ,-122.75573927443585,53.91786500531382,exact_intersection_name
all_crashes,All reported crash locations,2021,8TH AVE & CARNEY ST,PRINCE GEORGE,2,Carney St  & 8th Ave ,-122.7692973995918,53.917645464343316,exact_intersection_name
all_crashes,All reported crash locations,2021,9TH AVE & WINNIPEG ST,PRINCE GEORGE,2,Winnipeg St  & 9th Ave ,-122.75824939815077,53.91477611956704,exact_intersection_name
all_crashes,All reported crash locations,2021,AUSTIN RD E & DAWSON RD,PRINCE GEORGE,2,Austin Rd E & Dawson Rd ,-122.77684262042996,53.98956251661567,exact_intersection_name
all_crashes,All reported crash locations,2021,AUSTIN RD W & MADILL RD,PRINCE GEORGE,2,Austin Rd W & Madill Rd ,-122.79023225392432,53.988947273957294,exact_intersection_name
all_crashes,All reported crash locations,2021,BELLAMY RD & HART HWY & HART HWY FRTG,PRINCE GEORGE,2,Hart Hwy  & Bellamy Rd ,-122.76404226514991,53.952809513486244,subset_intersection_name
all_crashes,All reported crash locations,2021,BERWICK DR & KILLARNEY DR & NIXON CRES,PRINCE GEORGE,2,Berwick Dr  & Nixon Cres ,-122.79582203373515,53.975445720000415,subset_intersection_name
all_crashes,All reported crash locations,2021,BLACKWATER RD & HWY 16 W & HWY 16 W FRTG & SYKES RD E & SYKES RD W & TURNING LANE,PRINCE GEORGE,2,Hwy 16 W & Blackwater Rd ,-122.83893245903275,53.835282142950284,subset_intersection_name
all_crashes,All reported crash locations,2021,BOUNDARY RD & HWY 16 E & SABRE RD & TURNING LANE,PRINCE GEORGE,2,Hwy 16 E & Boundary Rd,-122.67943437646323,53.90701731170521,subset_intersection_name
all_crashes,All reported crash locations,2021,BOUNDARY RD & INDUSTRIAL WAY & PACIFIC ST & SINTICH RD,PRINCE GEORGE,2,Pacific St  & Industrial Way ,-122.73487553314754,53.86597079738879,subset_intersection_name
all_crashes,All reported crash locations,2021,BROCK DR & SIMON FRASER AVE & TRENT DR,PRINCE GEORGE,2,Simon Fraser Ave  & Brock Dr ,-122.76433585861899,53.87028536392749,subset_intersection_name
all_crashes,All reported crash locations,2021,CAMERON ST & CAMERON ST BRIDGE,PRINCE GEORGE,2,,,,
all_crashes,All reported crash locations,2021,CAMERON ST & RIVER RD,PRINCE GEORGE,2,Cameron St  & River Rd ,-122.76487632814779,53.926038421429304,exact_intersection_name
all_crashes,All reported crash locations,2021,CENTRAL ST E # 000500 TO 000735,PRINCE GEORGE,2,,,,
all_crashes,All reported crash locations,2021,CENTRAL ST E & HWY 97 S & TURNING LANE,PRINCE GEORGE,2,Hwy 97 S & Central St E,-122.78105266199758,53.915407495193456,exact_intersection_name
all_crashes,All reported crash locations,2021,CHIEF LAKE RD & HART HWY & TURNING LANE,PRINCE GEORGE,2,Hart Hwy  & Chief Lake Rd ,-122.80132140581058,54.00366108905891,exact_intersection_name
all_crashes,All reported crash locations,2021,CHIEF LAKE RD & SABYAM RD,PRINCE GEORGE,2,Chief Lake Rd  & Sabyam Rd ,-122.80532963833483,54.00550673075046,exact_intersection_name
all_crashes,All reported crash locations,2021,COLLINS RD & GRANT RD & HART HWY & RANDLE RD,PRINCE GEORGE,2,Grant Rd  & Randle Rd ,-122.76890290888922,53.97125439455562,subset_intersection_name
all_crashes,All reported crash locations,2021,DALHOUSIE DR # 005300 TO 005499,PRINCE GEORGE,2,,,,
all_crashes,All reported crash locations,2021,ENEMARK CRES & OSPIKA BLVD,PRINCE GEORGE,2,Ospika Blvd  & Enemark Cres ,-122.79286023689306,53.89990418612689,exact_intersection_name
all_crashes,All reported crash locations,2021,FERRY AVE & LANSDOWNE RD,PRINCE GEORGE,2,Ferry Ave  & Lansdowne Rd ,-122.76237624803967,53.888733814618774,exact_intersection_name
all_crashes,All reported crash locations,2021,FERRY AVE & UPLAND ST,PRINCE GEORGE,2,Ferry Ave  & Upland St ,-122.76072558033358,53.88881653718363,exact_intersection_name
all_crashes,All reported crash locations,2021,FOOTHILLS BLVD & OTWAY RD,PRINCE GEORGE,2,Foothills Blvd  & Otway Rd ,-122.81793770725876,53.94313538722845,exact_intersection_name
all_crashes,All reported crash locations,2021,FORD AVE & HWY 97 S & SPRUCE ST & TURNING LANE,PRINCE GEORGE,2,Hwy 97 S & Spruce St ,-122.75784389155183,53.89468226575,subset_intersection_name
all_crashes,All reported crash locations,2021,GEORGE ST # 000300 TO 000399,PRINCE GEORGE,2,,,,
all_crashes,All reported crash locations,2021,HART HWY # 008000 TO 008168,PRINCE GEORGE,2,,,,
all_crashes,All reported crash locations,2021,HART HWY & HART HWY FRTG & PERRIN HTS & SHADY LANE,PRINCE GEORGE,2,Hart Hwy  & Shady Lane ,-122.7656637163083,53.957084070516785,subset_intersection_name
all_crashes,All reported crash locations,2021,HART HWY & KELLY RD N & KELLY RD N OFFRAMP & KELLY RD N ONRAMP,PRINCE GEORGE,2,Hart Hwy  & Kelly Rd N,-122.8003677272629,54.01068068182403,subset_intersection_name
all_crashes,All reported crash locations,2021,HART HWY & KENWORTH RD E & KENWORTH RD W,PRINCE GEORGE,2,,,,
all_crashes,All reported crash locations,2021,HART HWY & LEHMAN ST,PRINCE GEORGE,2,Hart Hwy  & Lehman St ,-122.77578304825636,53.980963507961064,exact_intersection_name
all_crashes,All reported crash locations,2021,HOLLANDIA DR & VANCE RD & WALLS AVE,PRINCE GEORGE,2,Vance Rd  & Hollandia Dr ,-122.77177018789996,53.88098954093291,subset_intersection_name
all_crashes,All reported crash locations,2021,HOUSTON LANE & JASPER ST & QUEENSWAY,PRINCE GEORGE,2,Queensway   & Jasper St ,-122.74286335367935,53.89439091903017,subset_intersection_name
all_crashes,All reported crash locations,2021,HWY 16 W # 006300 TO 006458,PRINCE GEORGE,2,,,,
all_crashes,All reported crash locations,2021,HWY 16 W FRTG & WESTERN RD,PRINCE GEORGE,2,,,,
all_crashes,All reported crash locations,2021,MASSEY DR # 003050 TO 003298,PRINCE GEORGE,2,,,,
all_crashes,All reported crash locations,2021,MELODY CRES # 002920 TO 002999,PRINCE GEORGE,2,,,,
all_crashes,All reported crash locations,2021,MERRITT RD & WESTWOOD DR,PRINCE GEORGE,2,Westwood Dr  & Merritt Rd ,-122.77945390567491,53.88367812637021,exact_intersection_name
all_crashes,All reported crash locations,2021,MILBURN AVE & VICTORIA ST,PRINCE GEORGE,2,Victoria St  & Milburn Ave ,-122.75513945992688,53.900941525982006,exact_intersection_name
all_crashes,All reported crash locations,2021,NORTHWOOD PULPMILL RD & OLD SUMMIT LAKE RD,PRINCE GEORGE,2,Northwood Pulpmill Rd  & Old Summit Lake Rd ,-122.73864641689094,53.96409740498438,exact_intersection_name
all_crashes,All reported crash locations,2021,OSPIKA BLVD & PINEWOOD AVE,PRINCE GEORGE,2,Ospika Blvd  & Pinewood Ave ,-122.7889642366473,53.89207980775484,exact_intersection_name
all_crashes,All reported crash locations,2021,RANGE RD # 002460 TO 002599,PRINCE GEORGE,2,,,,
all_crashes,All reported crash locations,2021,SIMON FRASER AVE # 006051 TO 006099,PRINCE GEORGE,2,,,,
all_crashes,All reported crash locations,2021,ST LAWRENCE AVE & VISTA RIDGE DR,PRINCE GEORGE,2,St Lawrence Ave  & Vista Ridge Dr ,-122.78056370739138,53.85501896413618,exact_intersection_name
all_crashes,All reported crash locations,2021,ST PATRICK AVE # 007640 TO 007759,PRINCE GEORGE,2,,,,
all_crashes,All reported crash locations,2021,SUNSET PL # 009140 TO 009269,PRINCE GEORGE,2,,,,
all_crashes,All reported crash locations,2021,VANCE RD # 002680 TO 002799,PRINCE GEORGE,2,,,,
all_crashes,All reported crash locations,2021,VICTORIA ST # 000400 TO 000449,PRINCE GEORGE,2,,,,
all_crashes,All reported crash locations,2021,VICTORIA ST # 001000 TO 001099,PRINCE GEORGE,2,,,,
all_crashes,All reported crash locations,2021,VICTORIA ST # 001501 TO 001699,PRINCE GEORGE,2,,,,
all_crashes,All reported crash locations,2021,VICTORIA ST # 001900 TO 001999,PRINCE GEORGE,2,,,,
all_crashes,All reported crash locations,2021,WESTWOOD DR # 002240 TO 002399,PRINCE GEORGE,2,,,,
all_crashes,All reported crash locations,2021,10TH AVE # 002100 TO 002199,PRINCE GEORGE,1,,,,
all_crashes,All reported crash locations,2021,10TH AVE & AHBAU ST & BABINE CRES,PRINCE GEORGE,1,Ahbau St  & 10th Ave ,-122.78496948824444,53.915236990353364,subset_intersection_name
all_crashes,All reported crash locations,2021,10TH AVE & COMMERCIAL CRES,PRINCE GEORGE,1,Commercial Cres  & 10th Ave ,-122.78365958685755,53.91536595666098,exact_intersection_name
all_crashes,All reported crash locations,2021,10TH AVE & DOUGLAS ST,PRINCE GEORGE,1,10th Ave  & Douglas St ,-122.77078295105349,53.91541833131177,exact_intersection_name
all_crashes,All reported crash locations,2021,10TH AVE & EWERT ST,PRINCE GEORGE,1,10th Ave  & Ewert St ,-122.77228446980543,53.915415739374914,exact_intersection_name
all_crashes,All reported crash locations,2021,10TH AVE & FREEMAN ST,PRINCE GEORGE,1,10th Ave  & Freeman St ,-122.77377145944547,53.91541040550446,exact_intersection_name
all_crashes,All reported crash locations,2021,10TH AVE & IRWIN ST,PRINCE GEORGE,1,10th Ave  & Irwin St ,-122.77824800077009,53.915412695085884,exact_intersection_name
all_crashes,All reported crash locations,2021,10TH AVE & JOHNSON ST,PRINCE GEORGE,1,10th Ave  & Johnson St ,-122.77969206448486,53.91540913918963,exact_intersection_name
all_crashes,All reported crash locations,2021,10TH AVE & VANCOUVER ST,PRINCE GEORGE,1,10th Ave  & Vancouver St ,-122.75530225694244,53.91298866011439,exact_intersection_name
all_crashes,All reported crash locations,2021,10TH AVE & VICTORIA ST,PRINCE GEORGE,1,Victoria St  & 10th Ave ,-122.75350286994268,53.91244387339383,exact_intersection_name
all_crashes,All reported crash locations,2021,10TH AVE & WINNIPEG ST,PRINCE GEORGE,1,Winnipeg St  & 10th Ave ,-122.7588745155268,53.9139977977668,exact_intersection_name
all_crashes,All reported crash locations,2021,11TH AVE & WINNIPEG ST,PRINCE GEORGE,1,Winnipeg St  & 11th Ave ,-122.75948721738919,53.91324681464521,exact_intersection_name
all_crashes,All reported crash locations,2021,12TH AVE & BURDEN ST,PRINCE GEORGE,1,Burden St  & 12th Ave ,-122.76786376719635,53.91342017170247,exact_intersection_name
all_crashes,All reported crash locations,2021,12TH AVE & LETHBRIDGE ST,PRINCE GEORGE,1,Lethbridge St  & 12th Ave ,-122.76347728875528,53.91343573005777,exact_intersection_name
all_crashes,All reported crash locations,2021,12TH AVE & VANCOUVER ST & MALL ACCESS,PRINCE GEORGE,1,Vancouver St  & 12th Ave ,-122.75638895446338,53.91150164509954,subset_intersection_name
all_crashes,All reported crash locations,2021,13TH AVE & CARNEY ST,PRINCE GEORGE,1,Carney St  & 13th Ave ,-122.76919581498045,53.91242890886219,exact_intersection_name
all_crashes,All reported crash locations,2021,15TH AVE # 003100 TO 003198,PRINCE GEORGE,1,,,,
all_crashes,All reported crash locations,2021,15TH AVE # 004108 TO 004149,PRINCE GEORGE,1,,,,
all_crashes,All reported crash locations,2021,15TH AVE # 004300 TO 004398,PRINCE GEORGE,1,,,,
all_crashes,All reported crash locations,2021,15TH AVE & 15TH AVE FRTG & LIARD DR,PRINCE GEORGE,1,Liard Dr  & Liard Dr ,-122.79071779991386,53.913217594223106,subset_intersection_name
all_crashes,All reported crash locations,2021,15TH AVE & CEDAR ST,PRINCE GEORGE,1,Cedar St  & 15th Ave ,-122.73234502037914,53.91049058040614,exact_intersection_name
all_crashes,All reported crash locations,2021,15TH AVE & EDMONTON ST,PRINCE GEORGE,1,15th Ave  & Edmonton St ,-122.76394479751441,53.9103781471734,exact_intersection_name
all_crashes,All reported crash locations,2021,15TH AVE & EWERT ST,PRINCE GEORGE,1,15th Ave  & Ewert St ,-122.77225810674886,53.9103640746957,exact_intersection_name
all_crashes,All reported crash locations,2021,15TH AVE & FREEMAN ST,PRINCE GEORGE,1,15th Ave  & Freeman St ,-122.77378459083585,53.91046991081696,exact_intersection_name
all_crashes,All reported crash locations,2021,15TH AVE & LYON ST,PRINCE GEORGE,1,15th Ave  & Lyon St ,-122.78471601003106,53.910246170511066,exact_intersection_name
all_crashes,All reported crash locations,2021,15TH AVE CONN & WINNIPEG ST & TURNING LANE,PRINCE GEORGE,1,,,,
all_crashes,All reported crash locations,2021,15TH AVE FRTG & GARVIN ST,PRINCE GEORGE,1,,,,
all_crashes,All reported crash locations,2021,17TH AVE & FIR ST,PRINCE GEORGE,1,17th Ave  & Fir St ,-122.73659048813379,53.90846877007507,exact_intersection_name
all_crashes,All reported crash locations,2021,17TH AVE & INGLEDEW ST,PRINCE GEORGE,1,17th Ave  & Ingledew St ,-122.74085713053393,53.90846533992111,exact_intersection_name
all_crashes,All reported crash locations,2021,17TH AVE & REDWOOD ST,PRINCE GEORGE,1,17th Ave  & Redwood St ,-122.75658652736206,53.90845332744588,exact_intersection_name
all_crashes,All reported crash locations,2021,17TH AVE & UPLAND ST,PRINCE GEORGE,1,17th Ave  & Upland St ,-122.76063153281947,53.90845408832176,exact_intersection_name
all_crashes,All reported crash locations,2021,17TH AVE & WINNIPEG ST,PRINCE GEORGE,1,Winnipeg St  & 17th Ave ,-122.76347818931562,53.908483772123894,exact_intersection_name
all_crashes,All reported crash locations,2021,1ST AVE # 000700 TO 000899,PRINCE GEORGE,1,,,,
all_crashes,All reported crash locations,2021,1ST AVE # 000900 TO 000999,PRINCE GEORGE,1,,,,
all_crashes,All reported crash locations,2021,1ST AVE # 001500 TO 001799,PRINCE GEORGE,1,,,,
all_crashes,All reported crash locations,2021,1ST AVE # 004010 TO 004029,PRINCE GEORGE,1,,,,
all_crashes,All reported crash locations,2021,1ST AVE # 004030 TO 004059,PRINCE GEORGE,1,,,,
all_crashes,All reported crash locations,2021,1ST AVE & DOMINION ST,PRINCE GEORGE,1,1st Ave  & Dominion St ,-122.74287944306614,53.91854251143535,exact_intersection_name
all_crashes,All reported crash locations,2021,1ST AVE & FREIMULLER AVE,PRINCE GEORGE,1,1st Ave  & Freimuller Ave ,-122.8128201023635,53.929938259176396,exact_intersection_name
all_crashes,All reported crash locations,2021,1ST AVE & GEORGE ST,PRINCE GEORGE,1,1st Ave  & George St ,-122.74113703995239,53.918052251863806,exact_intersection_name
all_crashes,All reported crash locations,2021,1ST AVE & KINGSTON ST,PRINCE GEORGE,1,1st Ave  & Kingston St ,-122.73174050369401,53.915391508459884,exact_intersection_name
all_crashes,All reported crash locations,2021,1ST AVE & MCLEAN DR,PRINCE GEORGE,1,1st Ave  & McLean Dr ,-122.80196815565053,53.92697623755192,exact_intersection_name
all_crashes,All reported crash locations,2021,1ST AVE & QUEBEC ST,PRINCE GEORGE,1,1st Ave  & Quebec St ,-122.74441177854672,53.91897827952145,exact_intersection_name
all_crashes,All reported crash locations,2021,20TH AVE # 001400 TO 001449,PRINCE GEORGE,1,,,,
all_crashes,All reported crash locations,2021,20TH AVE # 001600 TO 001609,PRINCE GEORGE,1,,,,
all_crashes,All reported crash locations,2021,20TH AVE # 001610 TO 001699,PRINCE GEORGE,1,,,,
all_crashes,All reported crash locations,2021,20TH AVE # 001800 TO 001898,PRINCE GEORGE,1,,,,
all_crashes,All reported crash locations,2021,20TH AVE # 001900 TO 001999,PRINCE GEORGE,1,,,,
all_crashes,All reported crash locations,2021,20TH AVE & QUINCE ST,PRINCE GEORGE,1,20th Ave  & Quince St ,-122.75362999211765,53.905420207029074,exact_intersection_name
all_crashes,All reported crash locations,2021,22ND AVE & OSPIKA BLVD,PRINCE GEORGE,1,Ospika Blvd  & 22nd Ave ,-122.79642354826369,53.90223423001309,exact_intersection_name
all_crashes,All reported crash locations,2021,22ND AVE & QUINN ST,PRINCE GEORGE,1,22nd Ave  & Quinn St ,-122.79179551698878,53.9036425652604,exact_intersection_name
all_crashes,All reported crash locations,2021,22ND AVE & ROBERTSON RD,PRINCE GEORGE,1,22nd Ave  & Robertson Rd ,-122.79477121726096,53.90337693657494,exact_intersection_name
all_crashes,All reported crash locations,2021,2ND AVE # 001000 TO 001099,PRINCE GEORGE,1,,,,
all_crashes,All reported crash locations,2021,2ND AVE & OSPIKA BLVD & TRADER CRES,PRINCE GEORGE,1,Ospika Blvd  & Trader Cres ,-122.7941423880946,53.92361003619289,subset_intersection_name
all_crashes,All reported crash locations,2021,3RD AVE # 001700 TO 001799,PRINCE GEORGE,1,,,,
all_crashes,All reported crash locations,2021,3RD AVE # 001950 TO 001979,PRINCE GEORGE,1,,,,
all_crashes,All reported crash locations,2021,3RD AVE & BRUNSWICK ST,PRINCE GEORGE,1,3rd Ave  & Brunswick St ,-122.74754469656004,53.9174450655935,exact_intersection_name
all_crashes,All reported crash locations,2021,3RD AVE & BURDEN ST,PRINCE GEORGE,1,3rd Ave  & Burden St ,-122.76789910650143,53.922638541979424,exact_intersection_name
all_crashes,All reported crash locations,2021,3RD AVE & DOMINION ST,PRINCE GEORGE,1,Dominion St  & 3rd Ave ,-122.7444625174748,53.91657191185407,exact_intersection_name
all_crashes,All reported crash locations,2021,3RD AVE & EDMONTON ST,PRINCE GEORGE,1,3rd Ave  & Edmonton St ,-122.75620437994289,53.919863603293734,exact_intersection_name
all_crashes,All reported crash locations,2021,3RD AVE & FREEMAN ST,PRINCE GEORGE,1,3rd Ave  & Freeman St ,-122.77376267593753,53.922639896669985,exact_intersection_name
all_crashes,All reported crash locations,2021,3RD AVE & GEORGE ST,PRINCE GEORGE,1,3rd Ave  & George St ,-122.74275009367263,53.916082136497934,exact_intersection_name
all_crashes,All reported crash locations,2021,3RD AVE & QUEBEC ST,PRINCE GEORGE,1,3rd Ave  & Quebec St ,-122.74601994808063,53.917013029409,exact_intersection_name
all_crashes,All reported crash locations,2021,3RD AVE & QUEENSWAY,PRINCE GEORGE,1,Queensway   & 3rd Ave ,-122.7410487021898,53.91560474374013,exact_intersection_name
all_crashes,All reported crash locations,2021,3RD AVE & TORONTO ST,PRINCE GEORGE,1,Toronto St  & 3rd Ave ,-122.7348928153252,53.91385797030544,exact_intersection_name
all_crashes,All reported crash locations,2021,3RD AVE & WINNIPEG ST,PRINCE GEORGE,1,Winnipeg St  & 3rd Ave ,-122.75452021595378,53.91936710897583,exact_intersection_name
all_crashes,All reported crash locations,2021,4TH AVE # 001000 TO 001099,PRINCE GEORGE,1,,,,
all_crashes,All reported crash locations,2021,4TH AVE # 001200 TO 001299,PRINCE GEORGE,1,,,,
all_crashes,All reported crash locations,2021,4TH AVE & ONTARIO ST,PRINCE GEORGE,1,Ontario St  & 4th Ave ,-122.74012988917454,53.914390134744096,exact_intersection_name
all_crashes,All reported crash locations,2021,4TH AVE & SCOTIA ST,PRINCE GEORGE,1,Scotia St  & 4th Ave ,-122.73858182025376,53.91394502689556,exact_intersection_name
all_crashes,All reported crash locations,2021,5TH AVE # 003600 TO 003646,PRINCE GEORGE,1,,,,
all_crashes,All reported crash locations,2021,5TH AVE & BURDEN ST,PRINCE GEORGE,1,5th Ave  & Burden St ,-122.76789610038556,53.92065369877377,exact_intersection_name
all_crashes,All reported crash locations,2021,5TH AVE & EWERT ST,PRINCE GEORGE,1,5th Ave  & Ewert St ,-122.77226817477344,53.92074167146665,exact_intersection_name
all_crashes,All reported crash locations,2021,5TH AVE & GEORGE ST,PRINCE GEORGE,1,George St  & 5th Ave ,-122.74399761023611,53.914548932470986,exact_intersection_name
all_crashes,All reported crash locations,2021,5TH AVE & HILL AVE & URQUHART CRES,PRINCE GEORGE,1,5th Ave  & Urquhart Cres ,-122.81223695255046,53.92050545616595,subset_intersection_name
all_crashes,All reported crash locations,2021,5TH AVE & LACOMA ST & VOYAGEUR DR,PRINCE GEORGE,1,5th Ave  & Voyageur Dr ,-122.80282158157223,53.92063510921243,subset_intersection_name
all_crashes,All reported crash locations,2021,5TH AVE & MOFFAT ST & UNION ST,PRINCE GEORGE,1,5th Ave  & Moffat St ,-122.78579084925752,53.920601010827696,subset_intersection_name
all_crashes,All reported crash locations,2021,5TH AVE & QUINN ST,PRINCE GEORGE,1,5th Ave  & Quinn St ,-122.79175652517856,53.920624846252394,exact_intersection_name
all_crashes,All reported crash locations,2021,5TH AVE & VANCOUVER ST,PRINCE GEORGE,1,Vancouver St  & 5th Ave ,-122.75215352380458,53.91685125816463,exact_intersection_name
all_crashes,All reported crash locations,2021,6TH AVE & WINNIPEG ST,PRINCE GEORGE,1,Winnipeg St  & 6th Ave ,-122.75637660899812,53.917094371967835,exact_intersection_name
all_crashes,All reported crash locations,2021,7TH AVE # 001300 TO 001399,PRINCE GEORGE,1,,,,
all_crashes,All reported crash locations,2021,7TH AVE & BRUNSWICK ST,PRINCE GEORGE,1,7th Ave  & Brunswick St ,-122.75005046164604,53.914358545975176,exact_intersection_name
all_crashes,All reported crash locations,2021,8TH AVE & AHBAU ST,PRINCE GEORGE,1,Ahbau St  & 8th Ave ,-122.78421238442466,53.91763956628348,exact_intersection_name
all_crashes,All reported crash locations,2021,8TH AVE & CENTRAL ST W,PRINCE GEORGE,1,Central St W & 8th Ave ,-122.78235595670778,53.917630084074865,exact_intersection_name
all_crashes,All reported crash locations,2021,8TH AVE & JOHNSON ST,PRINCE GEORGE,1,Johnson St  & 8th Ave ,-122.77968753716536,53.91764647556499,exact_intersection_name
all_crashes,All reported crash locations,2021,ABBOTT CRES & UPLAND ST,PRINCE GEORGE,1,Upland St  & Abbott Cres ,-122.76073602998005,53.89646889913025,exact_intersection_name
all_crashes,All reported crash locations,2021,AHBAU ST & BABINE CRES,PRINCE GEORGE,1,Ahbau St  & Babine Cres ,-122.78530157834956,53.91236621441813,exact_intersection_name
all_crashes,All reported crash locations,2021,AMAR CRT & BURKITT RD & GURMIT RD,PRINCE GEORGE,1,Gurmit Rd  & Burkitt Rd ,-122.80903484265276,53.986061516003524,subset_intersection_name
all_crashes,All reported crash locations,2021,ANDRES RD & OSPIKA BLVD,PRINCE GEORGE,1,Ospika Blvd  & Andres Rd ,-122.78591373191388,53.88577269778631,exact_intersection_name
all_crashes,All reported crash locations,2021,ANZAC CRES & MILWAUKEE WAY,PRINCE GEORGE,1,Milwaukee Way  & Anzac Cres ,-122.74095718837744,53.83352236665949,exact_intersection_name
all_crashes,All reported crash locations,2021,ARABIAN RD # 004050 TO 004399,PRINCE GEORGE,1,,,,
all_crashes,All reported crash locations,2021,AREND DR & NORTH NECHAKO RD,PRINCE GEORGE,1,,,,
all_crashes,All reported crash locations,2021,AUSTIN RD E # 002700 TO 002719,PRINCE GEORGE,1,,,,
all_crashes,All reported crash locations,2021,AUSTIN RD E & DAGG RD,PRINCE GEORGE,1,Austin Rd E & Dagg Rd ,-122.78455798055163,53.98964492885922,exact_intersection_name
all_crashes,All reported crash locations,2021,AUSTIN RD E & DRIFTWOOD RD,PRINCE GEORGE,1,Austin Rd E & Driftwood Rd ,-122.78179205129794,53.98949570533535,exact_intersection_name
all_crashes,All reported crash locations,2021,AUSTIN RD W # 003660 TO 003798,PRINCE GEORGE,1,,,,
all_crashes,All reported crash locations,2021,AUSTIN RD W # 003850 TO 003899,PRINCE GEORGE,1,,,,
all_crashes,All reported crash locations,2021,BAKER RD & FOSTER RD & SULLIVAN CRES,PRINCE GEORGE,1,Baker Rd  & Sullivan Cres ,-122.78496227997023,53.87106555731794,subset_intersection_name
all_crashes,All reported crash locations,2021,BANZER DR & STEEL RD,PRINCE GEORGE,1,Banzer Dr  & Steel Rd ,-122.76521652363762,53.97210197055213,exact_intersection_name
all_crashes,All reported crash locations,2021,BARNES DR # 003751 TO 003899,PRINCE GEORGE,1,,,,
all_crashes,All reported crash locations,2021,BARNES DR # 004008 TO 004085,PRINCE GEORGE,1,,,,
all_crashes,All reported crash locations,2021,BARR RD & DAWSON RD,PRINCE GEORGE,1,Dawson Rd  & Barr Rd ,-122.7773565214081,53.99215121156795,exact_intersection_name
all_crashes,All reported crash locations,2021,BEECH CRES & CHERRY AVE,PRINCE GEORGE,1,Beech Cres  & Cherry Ave ,-122.7816964331481,53.8897516170214,exact_intersection_name
all_crashes,All reported crash locations,2021,BELLAMY RD # 004100 TO 004199,PRINCE GEORGE,1,,,,
all_crashes,All reported crash locations,2021,BELLAMY RD & MEYER RD,PRINCE GEORGE,1,Bellamy Rd  & Meyer Rd ,-122.76325204510245,53.95306271181977,exact_intersection_name
all_crashes,All reported crash locations,2021,BENCH DR # 006000 TO 006249,PRINCE GEORGE,1,,,,
all_crashes,All reported crash locations,2021,BENCH DR # 006500 TO 007239,PRINCE GEORGE,1,,,,
all_crashes,All reported crash locations,2021,BERNARD RD # 002830 TO 003099,PRINCE GEORGE,1,,,,
all_crashes,All reported crash locations,2021,BIRCHWOOD DR # 006300 TO 006369,PRINCE GEORGE,1,,,,
all_crashes,All reported crash locations,2021,BLACKBURN RD N # 000300 TO 000499,PRINCE GEORGE,1,,,,
all_crashes,All reported crash locations,2021,BLACKBURN RD N # 001376 TO 001639,PRINCE GEORGE,1,,,,
all_crashes,All reported crash locations,2021,BOUNDARY RD # 000750 TO 001099,PRINCE GEORGE,1,,,,
all_crashes,All reported crash locations,2021,BOUNDARY RD & WILLOW CALE RD,PRINCE GEORGE,1,Willow Cale Rd  & Boundary Rd ,-122.73936754135279,53.841807589887736,exact_intersection_name
all_crashes,All reported crash locations,2021,BRUNSWICK ST # 000700 TO 000799,PRINCE GEORGE,1,,,,
all_crashes,All reported crash locations,2021,BUNCE RD & LELAND RD,PRINCE GEORGE,1,Bunce Rd  & Leland Rd ,-122.82429542085403,53.84495402538506,exact_intersection_name
all_crashes,All reported crash locations,2021,BURDEN ST # 001000 TO 001199,PRINCE GEORGE,1,,,,
all_crashes,All reported crash locations,2021,CAMERON ST & N NECHAKO RD ONRAMP & NORTH NECHAKO RD & PG PULPMILL RD & HIGHWAY RAMP & TURNING LANE,PRINCE GEORGE,1,Cameron St  & North Nechako Rd ,-122.76738169131883,53.9285034886262,subset_intersection_name
all_crashes,All reported crash locations,2021,CAMPBELL AVE & OSPIKA BLVD,PRINCE GEORGE,1,Ospika Blvd  & Campbell Ave ,-122.79567671765896,53.901559742310056,exact_intersection_name
all_crashes,All reported crash locations,2021,CARIBOU RD & DEER RD & ELK RD,PRINCE GEORGE,1,Deer Rd  & Elk Rd ,-122.81477397106747,53.85657197114183,subset_intersection_name
all_crashes,All reported crash locations,2021,CARLE DR & NORTH NECHAKO RD & TOOMBS DR,PRINCE GEORGE,1,North Nechako Rd  & Toombs Dr ,-122.84944231861391,53.96746363264754,subset_intersection_name
all_crashes,All reported crash locations,2021,CARLETON LANE & CARLETON PL & HIGHLAND DR,PRINCE GEORGE,1,Highland Dr  & Carleton Pl ,-122.79507530161418,53.98042737590186,subset_intersection_name
all_crashes,All reported crash locations,2021,CARNEY ST # 000500 TO 000799,PRINCE GEORGE,1,,,,
all_crashes,All reported crash locations,2021,CARRIER AVE & HILL AVE & TABOR BLVD,PRINCE GEORGE,1,Tabor Blvd  & Hill Ave,-122.80703578190891,53.922499503227684,subset_intersection_name
all_crashes,All reported crash locations,2021,CARSON ST # 004100 TO 004199,PRINCE GEORGE,1,,,,
all_crashes,All reported crash locations,2021,CASCADE AVE # 004500 TO 004509,PRINCE GEORGE,1,,,,
all_crashes,All reported crash locations,2021,CASCADE AVE & FOOTHILLS BLVD & LIMESTONE CRES,PRINCE GEORGE,1,Foothills Blvd  & Limestone Cres ,-122.81324214774736,53.91289176982637,subset_intersection_name
all_crashes,All reported crash locations,2021,CENTRAL ST E # 001546 TO 001799,PRINCE GEORGE,1,,,,
all_crashes,All reported crash locations,2021,CENTRAL ST E # 002000 TO 002199,PRINCE GEORGE,1,,,,
all_crashes,All reported crash locations,2021,CENTRAL ST W # 000500 TO 000645,PRINCE GEORGE,1,,,,
all_crashes,All reported crash locations,2021,CENTRAL ST W # 000800 TO 000838,PRINCE GEORGE,1,,,,
all_crashes,All reported crash locations,2021,CENTRAL ST W & COMMERCIAL CRES,PRINCE GEORGE,1,Central St W & Commercial Cres ,-122.7823933346945,53.91150036073327,exact_intersection_name
all_crashes,All reported crash locations,2021,CEREMONIAL RD & UNIVERSITY WAY,PRINCE GEORGE,1,University Way  & Ceremonial Rd ,-122.81361840156315,53.887305973117016,exact_intersection_name
all_crashes,All reported crash locations,2021,CHARTWELL AVE # 003500 TO 003549,PRINCE GEORGE,1,,,,
all_crashes,All reported crash locations,2021,CHERRY AVE & WESTWOOD DR,PRINCE GEORGE,1,Westwood Dr  & Cherry Ave ,-122.7796925344691,53.88981419268096,exact_intersection_name
all_crashes,All reported crash locations,2021,CHIEF LAKE RD # 004764 TO 005149,PRINCE GEORGE,1,,,,
all_crashes,All reported crash locations,2021,CHIEF LAKE RD # 005900 TO 005949,PRINCE GEORGE,1,,,,
all_crashes,All reported crash locations,2021,CHIEF LAKE RD & FOX DR,PRINCE GEORGE,1,Chief Lake Rd  & Fox Dr ,-122.83311958370965,54.01167397849571,exact_intersection_name
all_crashes,All reported crash locations,2021,CHRISTOPHER CRES & NICOLE AVE & OSPIKA BLVD,PRINCE GEORGE,1,Ospika Blvd  & Christopher Cres ,-122.78927092855623,53.89123858048195,subset_intersection_name
all_crashes,All reported crash locations,2021,CHURCHILL RD # 004000 TO 004199,PRINCE GEORGE,1,,,,
all_crashes,All reported crash locations,2021,CLAPPERTON ST & FERRY AVE,PRINCE GEORGE,1,Ferry Ave  & Clapperton St ,-122.75456620584889,53.88921614640443,exact_intersection_name
all_crashes,All reported crash locations,2021,CLAXTON CRES # 000418 TO 000499,PRINCE GEORGE,1,,,,
all_crashes,All reported crash locations,2021,COWART RD & SIMON FRASER AVE,PRINCE GEORGE,1,Simon Fraser Ave  & Cowart Rd ,-122.76522481983787,53.87174220545284,exact_intersection_name
all_crashes,All reported crash locations,2021,COYLE ST & FOOT ST & MASSEY DR,PRINCE GEORGE,1,Massey Dr  & Foot St ,-122.79351500902362,53.89746193855016,subset_intersection_name
all_crashes,All reported crash locations,2021,CRANBROOK HILL RD # 005300 TO 005699,PRINCE GEORGE,1,,,,
all_crashes,All reported crash locations,2021,CRANBROOK HILL RD # 005700 TO 006199,PRINCE GEORGE,1,,,,
all_crashes,All reported crash locations,2021,CRANBROOK HILL RD & FOOTHILLS BLVD,PRINCE GEORGE,1,Foothills Blvd  & Cranbrook Hill Rd ,-122.81882918892512,53.91612824959986,exact_intersection_name
all_crashes,All reported crash locations,2021,CRANBROOK HILL RD & OTWAY RD,PRINCE GEORGE,1,Otway Rd  & Cranbrook Hill Rd ,-122.83646690330069,53.95481438679682,exact_intersection_name
all_crashes,All reported crash locations,2021,CREEKSIDE WAY # 007700 TO 007749,PRINCE GEORGE,1,,,,
all_crashes,All reported crash locations,2021,CREST RD & KUENG RD,PRINCE GEORGE,1,Kueng Rd  & Crest Rd ,-122.83136661323441,53.90777460687952,exact_intersection_name
all_crashes,All reported crash locations,2021,CUDDIE CRES # 001100 TO 001275,PRINCE GEORGE,1,,,,
all_crashes,All reported crash locations,2021,DAGG RD & EDEN DR,PRINCE GEORGE,1,Dagg Rd  & Eden Dr ,-122.78826399688216,53.992253307220935,exact_intersection_name
all_crashes,All reported crash locations,2021,DAGG RD & GLENVIEW DR & MALL ACCESS,PRINCE GEORGE,1,Dagg Rd  & Glenview Dr ,-122.78490027686294,53.99038357942623,subset_intersection_name
all_crashes,All reported crash locations,2021,DAGG RD & WEISBROD RD,PRINCE GEORGE,1,Weisbrod Rd  & Dagg Rd ,-122.79538687097471,53.996141647916225,exact_intersection_name
all_crashes,All reported crash locations,2021,DAKELH TI # 006000 TO 006299,PRINCE GEORGE,1,,,,
all_crashes,All reported crash locations,2021,DAKELH TI & STRINGER CRES & MALL ACCESS,PRINCE GEORGE,1,Dakelh Ti & Stringer Cres,-122.77871730876703,53.86652915536729,subset_intersection_name
all_crashes,All reported crash locations,2021,DAVIS RD OFFRAMP & HWY 16 W,PRINCE GEORGE,1,,,,
all_crashes,All reported crash locations,2021,DOMANO BLVD # 005100 TO 005198,PRINCE GEORGE,1,,,,
all_crashes,All reported crash locations,2021,DOMANO BLVD & TRENT DR,PRINCE GEORGE,1,Domano Blvd  & Trent Dr ,-122.76699672121138,53.86370190114356,exact_intersection_name
all_crashes,All reported crash locations,2021,DOUGLAS ST # 000300 TO 000499,PRINCE GEORGE,1,,,,
all_crashes,All reported crash locations,2021,EASTERN ST # 001000 TO 001099,PRINCE GEORGE,1,,,,
all_crashes,All reported crash locations,2021,EASTERN ST & RAILWAY RD,PRINCE GEORGE,1,Eastern St  & Railway Rd ,-122.74542811967079,53.882904395122196,exact_intersection_name
all_crashes,All reported crash locations,2021,EDWARD RD & FERGUSON LAKE RD,PRINCE GEORGE,1,Ferguson Lake Rd  & Edward Rd ,-122.814704109049,54.025100829691674,exact_intersection_name
all_crashes,All reported crash locations,2021,ELGIN PL & N OSPIKA BLVD,PRINCE GEORGE,1,,,,
all_crashes,All reported crash locations,2021,ESTAVILLA DR & HART HWY,PRINCE GEORGE,1,Hart Hwy  & Estavilla Dr ,-122.80112676104132,54.00716787553867,exact_intersection_name
all_crashes,All reported crash locations,2021,EUGENE RD # 006850 TO 007099,PRINCE GEORGE,1,,,,
all_crashes,All reported crash locations,2021,EVA PL # 003985 TO 004119,PRINCE GEORGE,1,,,,
all_crashes,All reported crash locations,2021,EWERT CRES # 002400 TO 002599,PRINCE GEORGE,1,,,,
all_crashes,All reported crash locations,2021,EWERT CRES # 002600 TO 002768,PRINCE GEORGE,1,,,,
all_crashes,All reported crash locations,2021,FAIRBURN CRT # 003750 TO 003799,PRINCE GEORGE,1,,,,
all_crashes,All reported crash locations,2021,FAIRVIEW CRES # 002700 TO 002748,PRINCE GEORGE,1,,,,
all_crashes,All reported crash locations,2021,FAIRVIEW CRES # 002741 TO 002799,PRINCE GEORGE,1,,,,
all_crashes,All reported crash locations,2021,FERN CRES & WESTWOOD DR,PRINCE GEORGE,1,Westwood Dr  & Fern Cres ,-122.77969418375515,53.89132642455803,exact_intersection_name
all_crashes,All reported crash locations,2021,FERRY AVE # 002320 TO 002798,PRINCE GEORGE,1,,,,
all_crashes,All reported crash locations,2021,FERRY AVE & MEMORIAL PARK LANE,PRINCE GEORGE,1,Ferry Ave  & Memorial Park Lane ,-122.76499483244454,53.88873729334893,exact_intersection_name
all_crashes,All reported crash locations,2021,FIR ST # 001500 TO 001699,PRINCE GEORGE,1,,,,
all_crashes,All reported crash locations,2021,FISK AVE # 004360 TO 004399,PRINCE GEORGE,1,,,,
all_crashes,All reported crash locations,2021,FOOTHILLS BLVD & GLEN SHEE RD,PRINCE GEORGE,1,Foothills Blvd  & Glen Shee Rd ,-122.81164811368103,53.90933105043924,exact_intersection_name
all_crashes,All reported crash locations,2021,FORD AVE & PINE ST,PRINCE GEORGE,1,Pine St  & Ford Ave ,-122.75225901842272,53.89438959675719,exact_intersection_name
all_crashes,All reported crash locations,2021,FOREMAN RD & GRAVES RD & HWY 16 E & TURNING LANE,PRINCE GEORGE,1,Hwy 16 E & Graves Rd ,-122.64790116211557,53.92031596922509,subset_intersection_name
all_crashes,All reported crash locations,2021,FORT ST # 000190 TO 000279,PRINCE GEORGE,1,,,,
all_crashes,All reported crash locations,2021,FOX DR # 009000 TO 009269,PRINCE GEORGE,1,,,,
all_crashes,All reported crash locations,2021,FREEMAN ST # 000800 TO 000999,PRINCE GEORGE,1,,,,
all_crashes,All reported crash locations,2021,GEORGE ST # 000400 TO 000499,PRINCE GEORGE,1,,,,
all_crashes,All reported crash locations,2021,GILLETT ST # 001700 TO 001799,PRINCE GEORGE,1,,,,
all_crashes,All reported crash locations,2021,GISCOME RD & OLD CARIBOO HWY,PRINCE GEORGE,1,Old Cariboo Hwy  & Giscome Rd ,-122.6653861314918,53.89831669252651,exact_intersection_name
all_crashes,All reported crash locations,2021,GISCOME RD & SOMMERVILLE RD,PRINCE GEORGE,1,Giscome Rd  & Sommerville Rd ,-122.62219104024585,53.898497556354684,exact_intersection_name
all_crashes,All reported crash locations,2021,GLADSTONE DR & SIMON FRASER AVE,PRINCE GEORGE,1,Simon Fraser Ave  & Gladstone Dr,-122.76244808048371,53.85858017723842,exact_intersection_name
all_crashes,All reported crash locations,2021,GLENDALE DR # 003760 TO 004059,PRINCE GEORGE,1,,,,
all_crashes,All reported crash locations,2021,GLENNGARRY RD # 002260 TO 002319,PRINCE GEORGE,1,,,,
all_crashes,All reported crash locations,2021,GOHEEN ST & PINEWOOD AVE,PRINCE GEORGE,1,Pinewood Ave  & Goheen St ,-122.79432819316787,53.892124096401936,exact_intersection_name
all_crashes,All reported crash locations,2021,GOOSE COUNTRY RD & OLD SUMMIT LAKE RD,PRINCE GEORGE,1,Old Summit Lake Rd  & Goose Country Rd ,-122.74003926980846,54.01062643418059,exact_intersection_name
all_crashes,All reported crash locations,2021,GRAVES RD # 005000 TO 005549,PRINCE GEORGE,1,,,,
all_crashes,All reported crash locations,2021,GRAY DR & HEATHER PARK MIDDLE SCHOOL ACCESS & HEATHER PARK RD,PRINCE GEORGE,1,Heather Park Rd  & Gray Dr ,-122.80733793262905,53.99439306011091,subset_intersection_name
all_crashes,All reported crash locations,2021,GRAYSHELL RD # 007640 TO 007699,PRINCE GEORGE,1,,,,
all_crashes,All reported crash locations,2021,GREAT ST & RAILWAY RD,PRINCE GEORGE,1,Great St  & Railway Rd ,-122.7431219711367,53.88439335069734,exact_intersection_name
all_crashes,All reported crash locations,2021,GREAT ST & TERMINAL BLVD,PRINCE GEORGE,1,Terminal Blvd  & Great St ,-122.73824984795061,53.87623105382251,exact_intersection_name
all_crashes,All reported crash locations,2021,GRIFFITHS AVE # 002900 TO 002999,PRINCE GEORGE,1,,,,
all_crashes,All reported crash locations,2021,GROUSE RD # 004300 TO 004399,PRINCE GEORGE,1,,,,
all_crashes,All reported crash locations,2021,HALDI RD & HWY 16 W & TURNING LANE,PRINCE GEORGE,1,Hwy 16 W & Haldi Rd ,-122.83362087648663,53.8403468540641,exact_intersection_name
all_crashes,All reported crash locations,2021,HAMILTON AVE & QUEENSWAY,PRINCE GEORGE,1,Queensway   & Hamilton Ave ,-122.7413360550585,53.89857941922989,exact_intersection_name
all_crashes,All reported crash locations,2021,HAMMOND AVE & N NICHOLSON ST,PRINCE GEORGE,1,,,,
all_crashes,All reported crash locations,2021,HANET RD & LANDOOZ RD,PRINCE GEORGE,1,Hanet Rd & Landooz Rd ,-122.6473083234229,54.00775216278576,exact_intersection_name
all_crashes,All reported crash locations,2021,HART HWY # 001026 TO 001499,PRINCE GEORGE,1,,,,
all_crashes,All reported crash locations,2021,HART HWY # 002100 TO 002798,PRINCE GEORGE,1,,,,
all_crashes,All reported crash locations,2021,HART HWY # 003900 TO 004198,PRINCE GEORGE,1,,,,
all_crashes,All reported crash locations,2021,HART HWY # 006400 TO 006698,PRINCE GEORGE,1,,,,
all_crashes,All reported crash locations,2021,HART HWY & HART HWY FRTG & NORDIC DR,PRINCE GEORGE,1,Hart Hwy  & Nordic Dr ,-122.80095549920783,53.999154791952165,subset_intersection_name
all_crashes,All reported crash locations,2021,HART HWY & HARTWAY DR,PRINCE GEORGE,1,Hart Hwy & Hartway Dr ,-122.76789182812855,53.97448311054622,exact_intersection_name
all_crashes,All reported crash locations,2021,HART HWY & MONTEREY RD & MONTEREY RD W & TURNING LANE,PRINCE GEORGE,1,Hart Hwy & Monterey Rd ,-122.7722739301461,53.97865848147861,subset_intersection_name
all_crashes,All reported crash locations,2021,HART HWY FRTG & MADILL RD & RICHET ST,PRINCE GEORGE,1,,,,
all_crashes,All reported crash locations,2021,HARTWAY DR # 005330 TO 005529,PRINCE GEORGE,1,,,,
all_crashes,All reported crash locations,2021,HAZEL DR # 003450 TO 003669,PRINCE GEORGE,1,,,,
all_crashes,All reported crash locations,2021,HELM DR # 006840 TO 006999,PRINCE GEORGE,1,,,,
all_crashes,All reported crash locations,2021,HILLSIDE DR # 003300 TO 003549,PRINCE GEORGE,1,,,,
all_crashes,All reported crash locations,2021,HOFERKAMP RD # 000626 TO 000745,PRINCE GEORGE,1,,,,
all_crashes,All reported crash locations,2021,HOFERKAMP RD # 000746 TO 002400,PRINCE GEORGE,1,,,,
all_crashes,All reported crash locations,2021,HOPKINS RD # 002800 TO 002919,PRINCE GEORGE,1,,,,
all_crashes,All reported crash locations,2021,HORSEFLY PL & NESS AVE & TABOR BLVD,PRINCE GEORGE,1,Tabor Blvd  & Ness Ave ,-122.80710892418689,53.91773337269531,subset_intersection_name
all_crashes,All reported crash locations,2021,HWY 16 E # 001000 TO 002939,PRINCE GEORGE,1,,,,
all_crashes,All reported crash locations,2021,HWY 16 E # 002940 TO 003269,PRINCE GEORGE,1,,,,
all_crashes,All reported crash locations,2021,HWY 16 E & PICKERING RD & TURNING LANE,PRINCE GEORGE,1,Hwy 16 E & Pickering Rd ,-122.70053021537427,53.90793782786571,exact_intersection_name
all_crashes,All reported crash locations,2021,HWY 16 E & YELLOWHEAD BRIDGE,PRINCE GEORGE,1,,,,
all_crashes,All reported crash locations,2021,HWY 16 W & SOUTHRIDGE AVE,PRINCE GEORGE,1,Hwy 16 W & Southridge Ave ,-122.78191621328742,53.86780723576602,exact_intersection_name
all_crashes,All reported crash locations,2021,HWY 97 S & WESTWOOD DR & TURNING LANE,PRINCE GEORGE,1,Hwy 97 S & Westwood Dr ,-122.78206895141767,53.90255094849681,exact_intersection_name
all_crashes,All reported crash locations,2021,IMPERIAL CRES # 007200 TO 007349,PRINCE GEORGE,1,,,,
all_crashes,All reported crash locations,2021,INDUSTRIAL WAY & PACIFIC ST,PRINCE GEORGE,1,Pacific St  & Industrial Way ,-122.73487553314754,53.86597079738879,exact_intersection_name
all_crashes,All reported crash locations,2021,INEZ CRES & KERRY ST,PRINCE GEORGE,1,Kerry St  & Inez Cres ,-122.80240894370476,53.91671371854104,exact_intersection_name
all_crashes,All reported crash locations,2021,INGLEDEW ST # 002000 TO 002099,PRINCE GEORGE,1,,,,
all_crashes,All reported crash locations,2021,JOHNSON ST # 000500 TO 000799,PRINCE GEORGE,1,,,,
all_crashes,All reported crash locations,2021,KELLY RD S # 006200 TO 006599,PRINCE GEORGE,1,,,,
all_crashes,All reported crash locations,2021,KELLY RD S & VELLENCHER RD,PRINCE GEORGE,1,Kelly Rd S & Vellencher Rd ,-122.80115368605615,53.9852673412325,exact_intersection_name
all_crashes,All reported crash locations,2021,KIMBALL RD # 004400 TO 004422,PRINCE GEORGE,1,,,,
all_crashes,All reported crash locations,2021,KING DR # 000150 TO 000179,PRINCE GEORGE,1,,,,
all_crashes,All reported crash locations,2021,KING DR # 000180 TO 000249,PRINCE GEORGE,1,,,,
all_crashes,All reported crash locations,2021,KING DR # 000250 TO 000299,PRINCE GEORGE,1,,,,
all_crashes,All reported crash locations,2021,KLUSS RD # 001100 TO 001299,PRINCE GEORGE,1,,,,
all_crashes,All reported crash locations,2021,LACOMA ST & PUNCHAW CRES,PRINCE GEORGE,1,Lacoma St  & Punchaw Cres ,-122.80292517444117,53.919105924715616,exact_intersection_name
all_crashes,All reported crash locations,2021,LALONDE RD # 006101 TO 006349,PRINCE GEORGE,1,,,,
all_crashes,All reported crash locations,2021,LANGER CRES # 006920 TO 007009,PRINCE GEORGE,1,,,,
all_crashes,All reported crash locations,2021,LANSDOWNE RD & WILLIAMS CRES,PRINCE GEORGE,1,Lansdowne Rd & Williams Cres ,-122.7626694312021,53.88633857143981,exact_intersection_name
all_crashes,All reported crash locations,2021,LARCH ST # 001962 TO 001999,PRINCE GEORGE,1,,,,
all_crashes,All reported crash locations,2021,LATTMAN RD # 008800 TO 009229,PRINCE GEORGE,1,,,,
all_crashes,All reported crash locations,2021,LAUREL CRES & WESTWOOD DR,PRINCE GEORGE,1,Westwood Dr  & Laurel Cres ,-122.77969295616822,53.8905723382366,exact_intersection_name
all_crashes,All reported crash locations,2021,LAURIER CRES # 002200 TO 002249,PRINCE GEORGE,1,,,,
all_crashes,All reported crash locations,2021,LILAC CRES & SNOWDROP DR,PRINCE GEORGE,1,Lilac Cres  & Snowdrop Dr ,-122.80654351785583,53.99132220656005,exact_intersection_name
all_crashes,All reported crash locations,2021,LOYOLA CRES & LOYOLA DR & MALASPINA AVE,PRINCE GEORGE,1,Malaspina Ave  & Loyola Cres ,-122.7636787685418,53.849340459420446,subset_intersection_name
all_crashes,All reported crash locations,2021,LOYOLA DR # 007600 TO 007729,PRINCE GEORGE,1,,,,
all_crashes,All reported crash locations,2021,LYNDRIDGE PL # 002600 TO 002699,PRINCE GEORGE,1,,,,
all_crashes,All reported crash locations,2021,MALASPINA AVE & PRINCE EDWARD CRES & ROCHESTER CRES,PRINCE GEORGE,1,Malaspina Ave  & Rochester Cres ,-122.76942142881634,53.84892597338895,subset_intersection_name
all_crashes,All reported crash locations,2021,MARLEAU RD & SOUTHRIDGE AVE,PRINCE GEORGE,1,Southridge Ave  & Marleau Rd ,-122.78366625655235,53.86216204629931,exact_intersection_name
all_crashes,All reported crash locations,2021,MASSEY DR # 002101 TO 002149,PRINCE GEORGE,1,,,,
all_crashes,All reported crash locations,2021,MASSEY DR # 003300 TO 003498,PRINCE GEORGE,1,,,,
all_crashes,All reported crash locations,2021,MAURICE DR # 002500 TO 003299,PRINCE GEORGE,1,,,,
all_crashes,All reported crash locations,2021,MCBRIDE CRES # 002200 TO 002399,PRINCE GEORGE,1,,,,
all_crashes,All reported crash locations,2021,MCCULLAGH AVE & VICTORIA ST,PRINCE GEORGE,1,Victoria St  & McCullagh Ave ,-122.7551014523512,53.898576591611786,exact_intersection_name
all_crashes,All reported crash locations,2021,MCGILL CRES # 002800 TO 002919,PRINCE GEORGE,1,,,,
all_crashes,All reported crash locations,2021,MCGILL CRES # 003020 TO 003099,PRINCE GEORGE,1,,,,
all_crashes,All reported crash locations,2021,MCKENZIE AVE # 000110 TO 000199,PRINCE GEORGE,1,,,,
all_crashes,All reported crash locations,2021,MCLARTY CRES & NORTH NECHAKO RD & RIVERSIDE RD,PRINCE GEORGE,1,North Nechako Rd  & McLarty Cres ,-122.837971472225,53.96458379470111,subset_intersection_name
all_crashes,All reported crash locations,2021,MCQUEEN CRES # 000100 TO 000199,PRINCE GEORGE,1,,,,
all_crashes,All reported crash locations,2021,MEADOWBROOK RD & NORTH NECHAKO RD,PRINCE GEORGE,1,North Nechako Rd  & Meadowbrook Rd ,-122.81767001664072,53.95974491296565,exact_intersection_name
all_crashes,All reported crash locations,2021,MELODY CRES & OSPIKA BLVD,PRINCE GEORGE,1,Ospika Blvd  & Melody Cres ,-122.78726188280066,53.88956575296803,exact_intersection_name
all_crashes,All reported crash locations,2021,MEMORIAL PARK LANE # 003200 TO 003303,PRINCE GEORGE,1,,,,
all_crashes,All reported crash locations,2021,MERRITT RD & WIEBE RD,PRINCE GEORGE,1,Wiebe Rd  & Merritt Rd ,-122.77355910369752,53.883681255445175,exact_intersection_name
all_crashes,All reported crash locations,2021,MICHAEL RD & NORTH NECHAKO FRTG,PRINCE GEORGE,1,,,,
all_crashes,All reported crash locations,2021,MILWAUKEE WAY & PENN RD & WILLOW CALE RD,PRINCE GEORGE,1,Willow Cale Rd  & Penn Rd ,-122.73464857926446,53.83097520068339,subset_intersection_name
all_crashes,All reported crash locations,2021,MONCTON CRES # 007600 TO 007663,PRINCE GEORGE,1,,,,
all_crashes,All reported crash locations,2021,MONTEITH CRT # 001111 TO 001149,PRINCE GEORGE,1,,,,
all_crashes,All reported crash locations,2021,MORNING PL & NORTH NECHAKO RD,PRINCE GEORGE,1,North Nechako Rd  & Morning Pl ,-122.88751419010343,53.97928475380646,exact_intersection_name
all_crashes,All reported crash locations,2021,NICHOLSON ST # 002200 TO 002299,PRINCE GEORGE,1,,,,
all_crashes,All reported crash locations,2021,NORANDA RD E & NORTHWOOD PULPMILL RD,PRINCE GEORGE,1,Northwood Pulpmill Rd  & Noranda Rd E,-122.74621630889371,53.961838593862765,exact_intersection_name
all_crashes,All reported crash locations,2021,NORTH NECHAKO RD # 001200 TO 001479,PRINCE GEORGE,1,,,,
all_crashes,All reported crash locations,2021,NORTH NECHAKO RD # 005126 TO 005130,PRINCE GEORGE,1,,,,
all_crashes,All reported crash locations,2021,NORTH NECHAKO RD # 008600 TO 009099,PRINCE GEORGE,1,,,,
all_crashes,All reported crash locations,2021,NORTH NECHAKO RD & ONGMAN RD,PRINCE GEORGE,1,,,,
all_crashes,All reported crash locations,2021,NORTH NECHAKO RD & PRESTON RD,PRINCE GEORGE,1,,,,
all_crashes,All reported crash locations,2021,NORTH NECHAKO RD & RIVERVIEW RD,PRINCE GEORGE,1,North Nechako Rd  & Riverview Rd ,-122.83056392977731,53.96240035196523,exact_intersection_name
all_crashes,All reported crash locations,2021,NORTH NECHAKO RD & TOOMBS DR,PRINCE GEORGE,1,North Nechako Rd  & Toombs Dr ,-122.867257005142,53.975066610321335,exact_intersection_name
all_crashes,All reported crash locations,2021,NORTHERN CRES & SINTICH RD,PRINCE GEORGE,1,Sintich Rd  & Northern Cres ,-122.72646961483315,53.84036792655321,exact_intersection_name
all_crashes,All reported crash locations,2021,NORTHWOOD PULPMILL RD # 005300 TO 005399,PRINCE GEORGE,1,,,,
all_crashes,All reported crash locations,2021,NORWOOD ST # 002000 TO 002049,PRINCE GEORGE,1,,,,
all_crashes,All reported crash locations,2021,NORWOOD ST # 002100 TO 002189,PRINCE GEORGE,1,,,,
all_crashes,All reported crash locations,2021,NORWOOD ST # 002700 TO 002749,PRINCE GEORGE,1,,,,
all_crashes,All reported crash locations,2021,NORWOOD ST # 002800 TO 002899,PRINCE GEORGE,1,,,,
all_crashes,All reported crash locations,2021,NOTRE DAME DR # 002800 TO 002999,PRINCE GEORGE,1,,,,
all_crashes,All reported crash locations,2021,OGILVIE ST # 001800 TO 002199,PRINCE GEORGE,1,,,,
all_crashes,All reported crash locations,2021,OLIVER AVE # 004730 TO 004799,PRINCE GEORGE,1,,,,
all_crashes,All reported crash locations,2021,ONGMAN RD # 000100 TO 000359,PRINCE GEORGE,1,,,,
all_crashes,All reported crash locations,2021,OPIE CRES # 003400 TO 003599,PRINCE GEORGE,1,,,,
all_crashes,All reported crash locations,2021,OPIE CRES & QUINN ST,PRINCE GEORGE,1,Quinn St  & Opie Cres ,-122.79191572093586,53.900972596755444,exact_intersection_name
all_crashes,All reported crash locations,2021,OSPIKA BLVD # 000200 TO 000299,PRINCE GEORGE,1,,,,
all_crashes,All reported crash locations,2021,OSPIKA BLVD # 000400 TO 000489,PRINCE GEORGE,1,,,,
all_crashes,All reported crash locations,2021,OSPIKA BLVD & PIONEER AVE,PRINCE GEORGE,1,Ospika Blvd  & Pioneer Ave ,-122.79420588216988,53.92191905775345,exact_intersection_name
all_crashes,All reported crash locations,2021,OSPIKA BLVD & QUAW AVE,PRINCE GEORGE,1,Ospika Blvd  & Quaw Ave ,-122.7968754123187,53.91403280756822,exact_intersection_name
all_crashes,All reported crash locations,2021,OSPIKA BLVD & REID CRES,PRINCE GEORGE,1,Ospika Blvd  & Reid Cres ,-122.79545059812489,53.91724205492646,exact_intersection_name
all_crashes,All reported crash locations,2021,OTWAY RD # 006222 TO 007120,PRINCE GEORGE,1,,,,
all_crashes,All reported crash locations,2021,PANORAMA CRES # 002472 TO 002489,PRINCE GEORGE,1,,,,
all_crashes,All reported crash locations,2021,PEARDON RD # 000526 TO 000799,PRINCE GEORGE,1,,,,
all_crashes,All reported crash locations,2021,PG PULPMILL RD # 001720 TO 002099,PRINCE GEORGE,1,,,,
all_crashes,All reported crash locations,2021,PINE ST # 002000 TO 002099,PRINCE GEORGE,1,,,,
all_crashes,All reported crash locations,2021,PINE ST & PORTER AVE,PRINCE GEORGE,1,Pine St  & Porter Ave ,-122.75210816953546,53.90396681867819,exact_intersection_name
all_crashes,All reported crash locations,2021,PINE ST & STRATHCONA AVE,PRINCE GEORGE,1,Pine St  & Strathcona Ave ,-122.75211274293017,53.902462723686206,exact_intersection_name
all_crashes,All reported crash locations,2021,PIONEER AVE # 000300 TO 000399,PRINCE GEORGE,1,,,,
all_crashes,All reported crash locations,2021,POYNER CRES # 003000 TO 003199,PRINCE GEORGE,1,,,,
all_crashes,All reported crash locations,2021,PRINCE EDWARD CRES # 008160 TO 008179,PRINCE GEORGE,1,,,,
all_crashes,All reported crash locations,2021,QUEENSWAY # 002340 TO 002399,PRINCE GEORGE,1,,,,
all_crashes,All reported crash locations,2021,QUENTIN AVE # 004200 TO 004299,PRINCE GEORGE,1,,,,
all_crashes,All reported crash locations,2021,QUINCE ST # 002100 TO 002199,PRINCE GEORGE,1,,,,
all_crashes,All reported crash locations,2021,QUINCE ST & STRATHCONA AVE,PRINCE GEORGE,1,Quince St  & Strathcona Ave ,-122.75364378389305,53.90246046077792,exact_intersection_name
all_crashes,All reported crash locations,2021,QUINN ST # 000400 TO 000499,PRINCE GEORGE,1,,,,
all_crashes,All reported crash locations,2021,RADCLIFFE DR # 000400 TO 000599,PRINCE GEORGE,1,,,,
all_crashes,All reported crash locations,2021,RAINBOW DR # 004010 TO 004099,PRINCE GEORGE,1,,,,
all_crashes,All reported crash locations,2021,RAINBOW DR & UNION ST,PRINCE GEORGE,1,Rainbow Dr  & Union St ,-122.78707330288914,53.91617044702286,exact_intersection_name
all_crashes,All reported crash locations,2021,RANGE RD # 002600 TO 002809,PRINCE GEORGE,1,,,,
all_crashes,All reported crash locations,2021,RANGE RD # 002900 TO 002999,PRINCE GEORGE,1,,,,
all_crashes,All reported crash locations,2021,RANGE RD & ROMANIN CRES,PRINCE GEORGE,1,Range Rd  & Romanin Cres ,-122.78096581657405,53.88452687014974,exact_intersection_name
all_crashes,All reported crash locations,2021,RECPLACE DR # 002500 TO 002601,PRINCE GEORGE,1,,,,
all_crashes,All reported crash locations,2021,RECPLACE DR & RECREATION AVE,PRINCE GEORGE,1,Recplace Dr & Recreation Ave,-122.77105308953725,53.89219211802886,exact_intersection_name
all_crashes,All reported crash locations,2021,RECPLACE DR & RECREATION PL,PRINCE GEORGE,1,,,,
all_crashes,All reported crash locations,2021,REDWOOD ST & STRATHCONA AVE,PRINCE GEORGE,1,Redwood St  & Strathcona Ave ,-122.75656737040376,53.902287691348775,exact_intersection_name
all_crashes,All reported crash locations,2021,RIDGEVIEW DR # 002685 TO 002699,PRINCE GEORGE,1,,,,
all_crashes,All reported crash locations,2021,RIVERVIEW RD # 003600 TO 003849,PRINCE GEORGE,1,,,,
all_crashes,All reported crash locations,2021,RUTLEY AVE # 002111 TO 002119,PRINCE GEORGE,1,,,,
all_crashes,All reported crash locations,2021,SABYAM RD # 007990 TO 008199,PRINCE GEORGE,1,,,,
all_crashes,All reported crash locations,2021,SHADY LANE # 002100 TO 002209,PRINCE GEORGE,1,,,,
all_crashes,All reported crash locations,2021,SIMON FRASER AVE # 006600 TO 006699,PRINCE GEORGE,1,,,,
all_crashes,All reported crash locations,2021,SOUTHRIDGE AVE # 006502 TO 006899,PRINCE GEORGE,1,,,,
all_crashes,All reported crash locations,2021,SOUTHRIDGE AVE # 007122 TO 007258,PRINCE GEORGE,1,,,,
all_crashes,All reported crash locations,2021,SOUTHRIDGE AVE & ST ANNE AVE & ST ANNE CRES,PRINCE GEORGE,1,Southridge Ave  & St Anne Ave ,-122.77903682782542,53.85717733437892,subset_intersection_name
all_crashes,All reported crash locations,2021,SPECA ST # 004140 TO 004199,PRINCE GEORGE,1,,,,
all_crashes,All reported crash locations,2021,SPRUCE ST # 003000 TO 003009,PRINCE GEORGE,1,,,,
all_crashes,All reported crash locations,2021,ST ANNE AVE # 002986 TO 002999,PRINCE GEORGE,1,,,,
all_crashes,All reported crash locations,2021,ST JOHN CRES & ST KEVIN PL & ST LAWRENCE AVE,PRINCE GEORGE,1,St Lawrence Ave  & St John Cres ,-122.77727909341321,53.85561536688953,subset_intersection_name
all_crashes,All reported crash locations,2021,ST LAWRENCE AVE # 008100 TO 008199,PRINCE GEORGE,1,,,,
all_crashes,All reported crash locations,2021,STILLWATER CRES # 007565 TO 007616,PRINCE GEORGE,1,,,,
all_crashes,All reported crash locations,2021,TABOR BLVD # 000111 TO 000199,PRINCE GEORGE,1,,,,
all_crashes,All reported crash locations,2021,TABOR BLVD # 000401 TO 000499,PRINCE GEORGE,1,,,,
all_crashes,All reported crash locations,2021,TAMARACK ST # 001700 TO 001963,PRINCE GEORGE,1,,,,
all_crashes,All reported crash locations,2021,TRENT DR # 005720 TO 005899,PRINCE GEORGE,1,,,,
all_crashes,All reported crash locations,2021,TWINBERRY DR # 009206 TO 009299,PRINCE GEORGE,1,,,,
all_crashes,All reported crash locations,2021,UNIVERSITY HEIGHTS DR # 004300 TO 004399,PRINCE GEORGE,1,,,,
all_crashes,All reported crash locations,2021,UNIVERSITY WAY # 003300 TO 003339,PRINCE GEORGE,1,,,,
all_crashes,All reported crash locations,2021,UPLAND ST # 002850 TO 002899,PRINCE GEORGE,1,,,,
all_crashes,All reported crash locations,2021,UPLAND ST & VAN BIEN ELEMENTARY SCHOOL ACCESS & WILSON CRES,PRINCE GEORGE,1,Upland St  & Wilson Cres ,-122.76080980930553,53.89092618638546,subset_intersection_name
all_crashes,All reported crash locations,2021,VALLEYVIEW DR # 006980 TO 007199,PRINCE GEORGE,1,,,,
all_crashes,All reported crash locations,2021,VAN SOMER ST # 000100 TO 000159,PRINCE GEORGE,1,,,,
all_crashes,All reported crash locations,2021,VANCE RD & WIEBE RD,PRINCE GEORGE,1,Wiebe Rd  & Vance Rd ,-122.77345590858994,53.88100074036664,exact_intersection_name
all_crashes,All reported crash locations,2021,VICTORIA ST # 000500 TO 000551,PRINCE GEORGE,1,,,,
all_crashes,All reported crash locations,2021,VICTORIA ST # 000800 TO 000849,PRINCE GEORGE,1,,,,
all_crashes,All reported crash locations,2021,VICTORIA ST # 000900 TO 000951,PRINCE GEORGE,1,,,,
all_crashes,All reported crash locations,2021,VICTORIA ST # 001100 TO 001199,PRINCE GEORGE,1,,,,
all_crashes,All reported crash locations,2021,VICTORIA ST # 002100 TO 002299,PRINCE GEORGE,1,,,,
all_crashes,All reported crash locations,2021,VOYAGEUR DR # 000100 TO 000139,PRINCE GEORGE,1,,,,
all_crashes,All reported crash locations,2021,WAINWRIGHT ST # 000500 TO 000599,PRINCE GEORGE,1,,,,
all_crashes,All reported crash locations,2021,WESTGATE AVE # 006700 TO 006799,PRINCE GEORGE,1,,,,
all_crashes,All reported crash locations,2021,WESTGATE AVE # 006800 TO 006808,PRINCE GEORGE,1,,,,
all_crashes,All reported crash locations,2021,WESTMOUNT DR # 006692 TO 006739,PRINCE GEORGE,1,,,,
all_crashes,All reported crash locations,2021,WILLIAMS CRES # 000500 TO 000580,PRINCE GEORGE,1,,,,
all_crashes,All reported crash locations,2021,WILLOW CALE RD # 002000 TO 008899,PRINCE GEORGE,1,,,,
all_crashes,All reported crash locations,2021,WINNIPEG ST & YEW ST,PRINCE GEORGE,1,Winnipeg St  & Yew St ,-122.76498855534012,53.90782580112873,exact_intersection_name
all_crashes,All reported crash locations,2022,HWY 16 W & HWY 97 S & INDUSTRIAL ACCESS ROAD & TURNING LANE,PRINCE GEORGE,68,,,,
all_crashes,All reported crash locations,2022,DOMANO BLVD & HWY 16 W & TYNER BLVD & TURNING LANE,PRINCE GEORGE,57,Domano Blvd  & Domano Blvd ,-122.7710521207196,53.84646157118433,subset_intersection_name
all_crashes,All reported crash locations,2022,15TH AVE & CENTRAL ST E & CENTRAL ST W & HWY 97 S & TURNING LANE,PRINCE GEORGE,37,Hwy 97 S & 15th Ave ,-122.78179494195119,53.910312151553725,subset_intersection_name
all_crashes,All reported crash locations,2022,10TH AVE & CENTRAL ST E & CENTRAL ST W & HWY 97 S & TURNING LANE,PRINCE GEORGE,35,Hwy 97 S & 10th Ave ,-122.78177628409276,53.915447860379075,subset_intersection_name
all_crashes,All reported crash locations,2022,FERRY AVE & HWY 16 W & TURNING LANE,PRINCE GEORGE,35,Hwy 16 W & Ferry Ave ,-122.76736310375131,53.88887407036401,exact_intersection_name
all_crashes,All reported crash locations,2022,5TH AVE & CENTRAL ST E & HWY 97 S & TURNING LANE,PRINCE GEORGE,26,Hwy 97 S & 5th Ave ,-122.78177854610227,53.9205941555201,subset_intersection_name
all_crashes,All reported crash locations,2022,20TH AVE & REDWOOD ST & VICTORIA ST,PRINCE GEORGE,23,20th Ave  & Redwood St ,-122.75656169384115,53.90543882115238,subset_intersection_name
all_crashes,All reported crash locations,2022,MASSEY DR & OSPIKA BLVD & TURNING LANE,PRINCE GEORGE,23,Ospika Blvd  & Massey Dr ,-122.79101461008624,53.89892833157825,exact_intersection_name
all_crashes,All reported crash locations,2022,15TH AVE & CARNEY ST,PRINCE GEORGE,19,15th Ave  & Carney St ,-122.7692733112798,53.910361039113525,exact_intersection_name
all_crashes,All reported crash locations,2022,22ND AVE & CENTRAL ST E & GRIFFITHS AVE & HWY 97 S & WESTWOOD DR & TURNING LANE,PRINCE GEORGE,19,Hwy 97 S & 22nd Ave ,-122.78180081482267,53.90360164570181,subset_intersection_name
all_crashes,All reported crash locations,2022,COWART RD & HWY 16 W & VANCE RD & CEMETERY ACCESS ROAD & TURNING LANE,PRINCE GEORGE,19,Hwy 16 W & Vance Rd ,-122.77015009178176,53.88093857899615,subset_intersection_name
all_crashes,All reported crash locations,2022,FERRY AVE & RECPLACE DR,PRINCE GEORGE,19,Ferry Ave  & Recplace Dr ,-122.7708357032018,53.888759334056346,exact_intersection_name
all_crashes,All reported crash locations,2022,5TH AVE & OSPIKA BLVD & TURNING LANE,PRINCE GEORGE,18,Ospika Blvd  & 5th Ave ,-122.79417553362454,53.92053592860853,exact_intersection_name
all_crashes,All reported crash locations,2022,MASSEY DR & WESTWOOD DR & TURNING LANE,PRINCE GEORGE,18,Massey Dr  & Westwood Dr ,-122.78220102448,53.89962927490321,exact_intersection_name
all_crashes,All reported crash locations,2022,HART HWY & HART HWY ONRAMP & HWY 97 S & N NECHAKO RD OFFRAMP & N NECHAKO RD ONRAMP & NECHAKO RD OVERPASS & NORTH NECHAKO RD & INDUSTRIAL ACCESS ROAD,PRINCE GEORGE,15,Hart Hwy  & North Nechako Rd ,-122.78062589085935,53.93106085695682,subset_intersection_name
all_crashes,All reported crash locations,2022,15TH AVE & 15TH AVE FRTG & OSPIKA BLVD,PRINCE GEORGE,14,Ospika Blvd  & 15th Ave ,-122.79747485365283,53.91031461599602,subset_intersection_name
all_crashes,All reported crash locations,2022,15TH AVE & FOOTHILLS BLVD & UNIVERSITY WAY,PRINCE GEORGE,14,Foothills Blvd  & 15th Ave ,-122.81162073426202,53.91037359785447,subset_intersection_name
all_crashes,All reported crash locations,2022,18TH AVE & OSPIKA BLVD,PRINCE GEORGE,14,Ospika Blvd  & 18th Ave ,-122.7975402414345,53.90731179379243,exact_intersection_name
all_crashes,All reported crash locations,2022,FERRY AVE & FERRY AVE OFFRAMP & FERRY AVE ONRAMP & HWY 97 S & MOYIE ST & QUEENSWAY & QUEENSWAY OFFRAMP & QUEENSWAY ONRAMP & SIMON FRASER BRIDGE & TURNING LANE,PRINCE GEORGE,14,Queensway   & Moyie St ,-122.7474780339104,53.893242216093796,subset_intersection_name
all_crashes,All reported crash locations,2022,20TH AVE & CARNEY ST & MASSEY DR & WINNIPEG ST & TURNING LANE,PRINCE GEORGE,12,Massey Dr  & Carney St ,-122.76719262100009,53.9064125236042,subset_intersection_name
all_crashes,All reported crash locations,2022,5TH AVE & TABOR BLVD,PRINCE GEORGE,12,5th Ave  & Tabor Blvd ,-122.80762434320357,53.92062910542345,exact_intersection_name
all_crashes,All reported crash locations,2022,AUSTIN RD E & AUSTIN RD W & HART HWY & HART HWY FRTG & TURNING LANE,PRINCE GEORGE,12,Hart Hwy  & Austin Rd W,-122.78698619107912,53.98951914251626,subset_intersection_name
all_crashes,All reported crash locations,2022,HWY 16 W & KONRATH RD & WESTGATE AVE & TURNING LANE,PRINCE GEORGE,12,Hwy 16 W & Westgate Ave ,-122.80187600562118,53.86123492513162,subset_intersection_name
all_crashes,All reported crash locations,2022,15TH AVE & PATRICIA BLVD & VICTORIA ST & TURNING LANE,PRINCE GEORGE,11,Victoria St  & 15th Ave ,-122.7548642990933,53.910532795614444,subset_intersection_name
all_crashes,All reported crash locations,2022,15TH AVE & SPRUCE ST & MALL ACCESS & TURNING LANE,PRINCE GEORGE,11,15th Ave  & Spruce St ,-122.75787971344289,53.90985047665654,subset_intersection_name
all_crashes,All reported crash locations,2022,5TH AVE & AHBAU ST & LYON ST,PRINCE GEORGE,11,5th Ave  & Lyon St ,-122.78432072548367,53.92061615056932,subset_intersection_name
all_crashes,All reported crash locations,2022,HWY 16 W & SOUTHRIDGE AVE & SOUTHRIDGE AVE OFFRAMP & SOUTHRIDGE AVE ONRAMP & TURNING LANE,PRINCE GEORGE,11,Hwy 16 W & Southridge Ave ,-122.78401789678078,53.86549468941883,subset_intersection_name
all_crashes,All reported crash locations,2022,20TH AVE & SPRUCE ST,PRINCE GEORGE,10,20th Ave  & Spruce St ,-122.7579191232894,53.90543509971525,exact_intersection_name
all_crashes,All reported crash locations,2022,FERRY AVE & WESTWOOD DR,PRINCE GEORGE,10,Ferry Ave  & Westwood Dr ,-122.77963965521923,53.88818215882621,exact_intersection_name
all_crashes,All reported crash locations,2022,HART HWY & HART HWY FRTG & NORTHWOOD PULPMILL RD & NORTHWOOD PULPMILL RD OFFRAMP,PRINCE GEORGE,10,Hart Hwy  & Northwood Pulpmill Rd ,-122.76126102811199,53.94364981867475,subset_intersection_name
all_crashes,All reported crash locations,2022,HWY 16 W & RANGE RD & CHAINUP & TURNING LANE,PRINCE GEORGE,10,Hwy 16 W & Range Rd ,-122.76905843798687,53.88447169816131,subset_intersection_name
all_crashes,All reported crash locations,2022,HWY 97 S & MASSEY DR & PINE CENTRE RD & PINE CENTRE RD OFFRAMP & MALL ACCESS & TURNING LANE,PRINCE GEORGE,10,Hwy 97 S & Pine Centre Rd ,-122.77435190570137,53.89909187852446,subset_intersection_name
all_crashes,All reported crash locations,2022,HWY 97 S & RAILWAY RD & TURNING LANE,PRINCE GEORGE,10,Hwy 97 S & Railway Rd ,-122.74183225904618,53.884844890120526,exact_intersection_name
all_crashes,All reported crash locations,2022,1ST AVE & CARNEY ST & RIVER RD & TURNING LANE,PRINCE GEORGE,9,1st Ave  & River Rd ,-122.76848239866689,53.92548131015521,subset_intersection_name
all_crashes,All reported crash locations,2022,1ST AVE & VICTORIA ST & TURNING LANE,PRINCE GEORGE,9,Victoria St  & 1st Ave ,-122.74758500128966,53.91980676674687,exact_intersection_name
all_crashes,All reported crash locations,2022,15TH AVE & NICHOLSON ST,PRINCE GEORGE,8,15th Ave  & Nicholson St ,-122.78694258757027,53.91020887071563,exact_intersection_name
all_crashes,All reported crash locations,2022,20TH AVE & QUEENSWAY,PRINCE GEORGE,8,,,,
all_crashes,All reported crash locations,2022,5TH AVE & VICTORIA ST,PRINCE GEORGE,8,Victoria St  & 5th Ave ,-122.7503456963153,53.916345551852956,exact_intersection_name
all_crashes,All reported crash locations,2022,HWY 97 S & PACIFIC ST & TERMINAL BLVD & TURNING LANE,PRINCE GEORGE,8,Hwy 97 S & Pacific St ,-122.73607787027044,53.8729297934472,subset_intersection_name
all_crashes,All reported crash locations,2022,MASSEY DR & NICHOLSON ST,PRINCE GEORGE,8,Massey Dr  & Nicholson St ,-122.78890013154833,53.899613928664735,exact_intersection_name
all_crashes,All reported crash locations,2022,13TH AVE & WINNIPEG ST & MALL ACCESS,PRINCE GEORGE,7,Winnipeg St  & 13th Ave ,-122.76080205044619,53.91176246775332,subset_intersection_name
all_crashes,All reported crash locations,2022,22ND AVE & OSPIKA BLVD,PRINCE GEORGE,7,Ospika Blvd  & 22nd Ave ,-122.79642354826369,53.90223423001309,exact_intersection_name
all_crashes,All reported crash locations,2022,5TH AVE & CARNEY ST,PRINCE GEORGE,7,5th Ave  & Carney St ,-122.76929406084285,53.92067066923,exact_intersection_name
all_crashes,All reported crash locations,2022,CAMERON ST & N NECHAKO RD ONRAMP & NORTH NECHAKO RD & PG PULPMILL RD & HIGHWAY RAMP & TURNING LANE,PRINCE GEORGE,7,Cameron St  & North Nechako Rd ,-122.76738169131883,53.9285034886262,subset_intersection_name
all_crashes,All reported crash locations,2022,RANGE RD & WIEBE RD,PRINCE GEORGE,7,Wiebe Rd  & Range Rd ,-122.77345619416197,53.88454025982472,exact_intersection_name
all_crashes,All reported crash locations,2022,10TH AVE & CARNEY ST,PRINCE GEORGE,6,Carney St  & 10th Ave ,-122.76929725602113,53.91542380304837,exact_intersection_name
all_crashes,All reported crash locations,2022,15TH AVE & EDMONTON ST,PRINCE GEORGE,6,15th Ave  & Edmonton St ,-122.76394479751441,53.9103781471734,exact_intersection_name
all_crashes,All reported crash locations,2022,17TH AVE & SPRUCE ST,PRINCE GEORGE,6,Spruce St  & 17th Ave ,-122.7579380281123,53.908453412529106,exact_intersection_name
all_crashes,All reported crash locations,2022,17TH AVE & VICTORIA ST,PRINCE GEORGE,6,Victoria St  & 17th Ave ,-122.75513359039593,53.90845467368114,exact_intersection_name
all_crashes,All reported crash locations,2022,7TH AVE & VICTORIA ST,PRINCE GEORGE,6,Victoria St  & 7th Ave ,-122.75161082477203,53.91479475071995,exact_intersection_name
all_crashes,All reported crash locations,2022,BAKER RD & GANNETT RD & TYNER BLVD,PRINCE GEORGE,6,Tyner Blvd  & Baker Rd ,-122.78559180190067,53.86986585776354,subset_intersection_name
all_crashes,All reported crash locations,2022,HOLLANDIA DR & VANCE RD & WALLS AVE,PRINCE GEORGE,6,Vance Rd  & Hollandia Dr ,-122.77177018789996,53.88098954093291,subset_intersection_name
all_crashes,All reported crash locations,2022,15TH AVE & TABOR BLVD,PRINCE GEORGE,5,15th Ave  & Tabor Blvd ,-122.80702669201499,53.91044044434808,exact_intersection_name
all_crashes,All reported crash locations,2022,15TH AVE & WINNIPEG ST,PRINCE GEORGE,5,Winnipeg St  & 15th Ave ,-122.762527691673,53.90945294671683,exact_intersection_name
all_crashes,All reported crash locations,2022,17TH AVE & QUEENSWAY,PRINCE GEORGE,5,Queensway   & 17th Ave ,-122.74230240093378,53.908467530371524,exact_intersection_name
all_crashes,All reported crash locations,2022,4TH AVE & VICTORIA ST,PRINCE GEORGE,5,Victoria St  & 4th Ave ,-122.74972703343879,53.91710796548883,exact_intersection_name
all_crashes,All reported crash locations,2022,5TH AVE & QUEENSWAY,PRINCE GEORGE,5,Queensway   & 5th Ave ,-122.74228631032446,53.91406985176876,exact_intersection_name
all_crashes,All reported crash locations,2022,BEAR RD & HWY 16 W & HWY 16 W FRTG & KIMBALL RD & TURNING LANE,PRINCE GEORGE,5,Hwy 16 W & Kimball Rd ,-122.81600682764814,53.85826461271277,subset_intersection_name
all_crashes,All reported crash locations,2022,BLACKWATER RD & HWY 16 W & HWY 16 W FRTG & SYKES RD E & SYKES RD W & TURNING LANE,PRINCE GEORGE,5,Hwy 16 W & Blackwater Rd ,-122.83893245903275,53.835282142950284,subset_intersection_name
all_crashes,All reported crash locations,2022,BUNCE RD & GAUTHIER RD & HWY 16 W & HWY 16 W FRTG & TURNING LANE,PRINCE GEORGE,5,Hwy 16 W & Gauthier Rd ,-122.82453561579439,53.84956165993766,subset_intersection_name
all_crashes,All reported crash locations,2022,CHIEF LAKE RD & HART HWY & TURNING LANE,PRINCE GEORGE,5,Hart Hwy  & Chief Lake Rd ,-122.80132140581058,54.00366108905891,exact_intersection_name
all_crashes,All reported crash locations,2022,COLLINS RD & GRANT RD & HART HWY & RANDLE RD,PRINCE GEORGE,5,Grant Rd  & Randle Rd ,-122.76890290888922,53.97125439455562,subset_intersection_name
all_crashes,All reported crash locations,2022,DAVIS RD & OSPIKA BLVD,PRINCE GEORGE,5,Ospika Blvd  & Davis Rd ,-122.78461387765036,53.8765979093368,exact_intersection_name
all_crashes,All reported crash locations,2022,DOMANO BLVD & GLADSTONE DR & ST LAWRENCE AVE,PRINCE GEORGE,5,Domano Blvd  & Domano Blvd ,-122.7710521207196,53.84646157118433,subset_intersection_name
all_crashes,All reported crash locations,2022,FERRY AVE & OSPIKA BLVD,PRINCE GEORGE,5,Ospika Blvd  & Ferry Ave ,-122.78723029011171,53.888222873019025,exact_intersection_name
all_crashes,All reported crash locations,2022,GRIFFITHS AVE & MASSEY DR,PRINCE GEORGE,5,Massey Dr  & Griffiths Ave ,-122.77334218117504,53.90476971060151,exact_intersection_name
all_crashes,All reported crash locations,2022,HANDLEN RD & HART HWY & HART HWY FRTG & WEISBROD RD & TURNING LANE,PRINCE GEORGE,5,,,,
all_crashes,All reported crash locations,2022,HART HWY & KELLY RD N & KELLY RD N OFFRAMP & KELLY RD N ONRAMP,PRINCE GEORGE,5,Hart Hwy  & Kelly Rd N,-122.8003677272629,54.01068068182403,subset_intersection_name
all_crashes,All reported crash locations,2022,HART HWY & MONTEREY RD & MONTEREY RD W & TURNING LANE,PRINCE GEORGE,5,Hart Hwy & Monterey Rd ,-122.7722739301461,53.97865848147861,subset_intersection_name
all_crashes,All reported crash locations,2022,HWY 16 E & OLD CARIBOO HWY & ACCESS ROAD,PRINCE GEORGE,5,Hwy 16 E & Old Cariboo Hwy ,-122.66670235342924,53.908536210376234,subset_intersection_name
all_crashes,All reported crash locations,2022,JAMES DR & OSPIKA BLVD & SYCAMORE CRES,PRINCE GEORGE,5,Ospika Blvd  & James Dr ,-122.7880433913151,53.89022489944938,subset_intersection_name
all_crashes,All reported crash locations,2022,OSPIKA BLVD & RAINBOW DR,PRINCE GEORGE,5,Ospika Blvd  & Rainbow Dr ,-122.79585095028654,53.91651845108733,exact_intersection_name
all_crashes,All reported crash locations,2022,OSPIKA BLVD & TYNER BLVD & TURNING LANE,PRINCE GEORGE,5,Ospika Blvd  & Tyner Blvd ,-122.79190773681847,53.869320651147355,exact_intersection_name
all_crashes,All reported crash locations,2022,10TH AVE & COMMERCIAL CRES,PRINCE GEORGE,4,Commercial Cres  & 10th Ave ,-122.78365958685755,53.91536595666098,exact_intersection_name
all_crashes,All reported crash locations,2022,15TH AVE & 15TH AVE FRTG & AHBAU ST,PRINCE GEORGE,4,,,,
all_crashes,All reported crash locations,2022,18TH AVE & CENTRAL ST E & CENTRAL ST W & HWY 97 S,PRINCE GEORGE,4,Hwy 97 S & 18th Ave ,-122.7817240248962,53.9072493742058,subset_intersection_name
all_crashes,All reported crash locations,2022,1ST AVE & FOOTHILLS BLVD,PRINCE GEORGE,4,Foothills Blvd  & 1st Ave ,-122.81946800626679,53.931178551459105,exact_intersection_name
all_crashes,All reported crash locations,2022,1ST AVE & N OSPIKA BLVD & OSPIKA BLVD,PRINCE GEORGE,4,Ospika Blvd  & 1st Ave ,-122.79410008018007,53.92484505980793,subset_intersection_name
all_crashes,All reported crash locations,2022,1ST AVE & QUEENSWAY,PRINCE GEORGE,4,1st Ave  & Queensway  ,-122.73942689740369,53.91756997144434,exact_intersection_name
all_crashes,All reported crash locations,2022,20TH AVE & UPLAND ST,PRINCE GEORGE,4,20th Ave  & Upland St ,-122.76059629140936,53.905422296840946,exact_intersection_name
all_crashes,All reported crash locations,2022,3RD AVE & VICTORIA ST,PRINCE GEORGE,4,Victoria St  & 3rd Ave ,-122.74910264675336,53.91788475620001,exact_intersection_name
all_crashes,All reported crash locations,2022,5TH AVE & QUINN ST,PRINCE GEORGE,4,5th Ave  & Quinn St ,-122.79175652517856,53.920624846252394,exact_intersection_name
all_crashes,All reported crash locations,2022,8TH AVE & CARNEY ST,PRINCE GEORGE,4,Carney St  & 8th Ave ,-122.7692973995918,53.917645464343316,exact_intersection_name
all_crashes,All reported crash locations,2022,AUSTIN RD W & MADILL RD,PRINCE GEORGE,4,Austin Rd W & Madill Rd ,-122.79023225392432,53.988947273957294,exact_intersection_name
all_crashes,All reported crash locations,2022,CAMERON ST & RIVER RD,PRINCE GEORGE,4,Cameron St  & River Rd ,-122.76487632814779,53.926038421429304,exact_intersection_name
all_crashes,All reported crash locations,2022,CRANBROOK HILL RD & FOOTHILLS BLVD,PRINCE GEORGE,4,Foothills Blvd  & Cranbrook Hill Rd ,-122.81882918892512,53.91612824959986,exact_intersection_name
all_crashes,All reported crash locations,2022,FEHR RD & HART HWY & NORANDA RD E & NORANDA RD E ONRAMP & NORANDA RD W & NORANDA RD W ONRAMP,PRINCE GEORGE,4,,,,
all_crashes,All reported crash locations,2022,FERRY AVE & UPLAND ST,PRINCE GEORGE,4,Ferry Ave  & Upland St ,-122.76072558033358,53.88881653718363,exact_intersection_name
all_crashes,All reported crash locations,2022,HART HWY # 001570 TO 002048,PRINCE GEORGE,4,,,,
all_crashes,All reported crash locations,2022,PATRICIA BLVD & QUEENSWAY & TURNING LANE,PRINCE GEORGE,4,Queensway   & Patricia Blvd ,-122.74238920198624,53.91168899631086,exact_intersection_name
all_crashes,All reported crash locations,2022,10TH AVE & HARPER ST,PRINCE GEORGE,3,10th Ave  & Harper St ,-122.77674421647363,53.915412635233544,exact_intersection_name
all_crashes,All reported crash locations,2022,13TH AVE & EDMONTON ST,PRINCE GEORGE,3,Edmonton St  & 13th Ave ,-122.7623933456975,53.91220717196022,exact_intersection_name
all_crashes,All reported crash locations,2022,1ST AVE & RIVER RD,PRINCE GEORGE,3,1st Ave & River Rd ,-122.72764541504804,53.91427956702975,exact_intersection_name
all_crashes,All reported crash locations,2022,20TH AVE # 001900 TO 001999,PRINCE GEORGE,3,,,,
all_crashes,All reported crash locations,2022,20TH AVE & TAMARACK ST,PRINCE GEORGE,3,20th Ave  & Tamarack St ,-122.75924862052311,53.9054295712836,exact_intersection_name
all_crashes,All reported crash locations,2022,2ND AVE & BRUNSWICK ST,PRINCE GEORGE,3,2nd Ave  & Brunswick St ,-122.74689927059084,53.918242728048675,exact_intersection_name
all_crashes,All reported crash locations,2022,2ND AVE & QUEENSWAY,PRINCE GEORGE,3,2nd Ave  & Queensway  ,-122.74038132103622,53.91637672776007,exact_intersection_name
all_crashes,All reported crash locations,2022,3RD AVE & QUEENSWAY,PRINCE GEORGE,3,Queensway   & 3rd Ave ,-122.7410487021898,53.91560474374013,exact_intersection_name
all_crashes,All reported crash locations,2022,4TH AVE & EDMONTON ST & MCBRIDE CRES,PRINCE GEORGE,3,4th Ave  & Edmonton St ,-122.75681366650194,53.919106389757566,subset_intersection_name
all_crashes,All reported crash locations,2022,4TH AVE & WINNIPEG ST,PRINCE GEORGE,3,Winnipeg St  & 4th Ave ,-122.7551217301347,53.91862479119827,exact_intersection_name
all_crashes,All reported crash locations,2022,5TH AVE & DOUGLAS ST,PRINCE GEORGE,3,5th Ave  & Douglas St ,-122.77075632693793,53.920654905906204,exact_intersection_name
all_crashes,All reported crash locations,2022,5TH AVE & MOFFAT ST & UNION ST,PRINCE GEORGE,3,5th Ave  & Moffat St ,-122.78579084925752,53.920601010827696,subset_intersection_name
all_crashes,All reported crash locations,2022,8TH AVE & CENTRAL ST W,PRINCE GEORGE,3,Central St W & 8th Ave ,-122.78235595670778,53.917630084074865,exact_intersection_name
all_crashes,All reported crash locations,2022,9TH AVE & VICTORIA ST,PRINCE GEORGE,3,Victoria St  & 9th Ave ,-122.75286633413029,53.913255575865634,exact_intersection_name
all_crashes,All reported crash locations,2022,BLACKBURN RD N & BLACKBURN RD S & GISCOME RD,PRINCE GEORGE,3,Blackburn Rd N & Giscome Rd ,-122.6410223234568,53.89836832918449,subset_intersection_name
all_crashes,All reported crash locations,2022,BLUEBERRY RD & HART HWY & HOFERKAMP RD & SCALE ACCESS & TURNING LANE,PRINCE GEORGE,3,Hart Hwy  & Hoferkamp Rd ,-122.75994634796145,53.93830782107887,subset_intersection_name
all_crashes,All reported crash locations,2022,BOUNDARY RD & HWY 16 E & SABRE RD & TURNING LANE,PRINCE GEORGE,3,Hwy 16 E & Boundary Rd,-122.67943437646323,53.90701731170521,subset_intersection_name
all_crashes,All reported crash locations,2022,BOUNDARY RD & HWY 97 S & HWY 97 S FRTG & TURNING LANE,PRINCE GEORGE,3,Hwy 97 S & Boundary Rd,-122.71434293047058,53.85580502666708,subset_intersection_name
all_crashes,All reported crash locations,2022,CENTRAL ST W & COMMERCIAL CRES,PRINCE GEORGE,3,Central St W & Commercial Cres ,-122.7823933346945,53.91150036073327,exact_intersection_name
all_crashes,All reported crash locations,2022,CEREMONIAL RD & UNIVERSITY WAY,PRINCE GEORGE,3,University Way  & Ceremonial Rd ,-122.81361840156315,53.887305973117016,exact_intersection_name
all_crashes,All reported crash locations,2022,DAKELH TI & STRINGER CRES & MALL ACCESS,PRINCE GEORGE,3,Dakelh Ti & Stringer Cres,-122.77871730876703,53.86652915536729,subset_intersection_name
all_crashes,All reported crash locations,2022,DOMANO BLVD # 005100 TO 005198,PRINCE GEORGE,3,,,,
all_crashes,All reported crash locations,2022,E BEAVERLEY RD & HARTMAN RD & HWY 16 W,PRINCE GEORGE,3,Hwy 16 W & Hartman Rd ,-122.88147597500439,53.82080096892897,subset_intersection_name
all_crashes,All reported crash locations,2022,FERRY AVE & LANSDOWNE RD,PRINCE GEORGE,3,Ferry Ave  & Lansdowne Rd ,-122.76237624803967,53.888733814618774,exact_intersection_name
all_crashes,All reported crash locations,2022,FOREMAN RD & GRAVES RD & HWY 16 E & TURNING LANE,PRINCE GEORGE,3,Hwy 16 E & Graves Rd ,-122.64790116211557,53.92031596922509,subset_intersection_name
all_crashes,All reported crash locations,2022,GREAT ST # 001000 TO 001089,PRINCE GEORGE,3,,,,
all_crashes,All reported crash locations,2022,HART HWY & HART HWY FRTG & PERRIN HTS & SHADY LANE,PRINCE GEORGE,3,Hart Hwy  & Shady Lane ,-122.7656637163083,53.957084070516785,subset_intersection_name
all_crashes,All reported crash locations,2022,HWY 16 W & MARLEAU RD & WELLER RD & TURNING LANE,PRINCE GEORGE,3,Hwy 16 W & Marleau Rd ,-122.7915482227612,53.86507997452401,subset_intersection_name
all_crashes,All reported crash locations,2022,HWY 16 W & RECREATION AVE,PRINCE GEORGE,3,,,,
all_crashes,All reported crash locations,2022,HWY 16 W FRTG & MARLEAU RD,PRINCE GEORGE,3,,,,
all_crashes,All reported crash locations,2022,NORANDA RD E & NORTHWOOD PULPMILL RD,PRINCE GEORGE,3,Northwood Pulpmill Rd  & Noranda Rd E,-122.74621630889371,53.961838593862765,exact_intersection_name
all_crashes,All reported crash locations,2022,OSPIKA BLVD & PINEWOOD AVE,PRINCE GEORGE,3,Ospika Blvd  & Pinewood Ave ,-122.7889642366473,53.89207980775484,exact_intersection_name
all_crashes,All reported crash locations,2022,OSPIKA BLVD & RANGE RD,PRINCE GEORGE,3,Ospika Blvd  & Range Rd ,-122.78494957948514,53.884560801882536,exact_intersection_name
all_crashes,All reported crash locations,2022,RIVER RD # 001400 TO 002099,PRINCE GEORGE,3,,,,
all_crashes,All reported crash locations,2022,SPRUCE ST & STRATHCONA AVE,PRINCE GEORGE,3,Spruce St  & Strathcona Ave ,-122.7579259069719,53.90227702965745,exact_intersection_name
all_crashes,All reported crash locations,2022,10TH AVE & JOHNSON ST,PRINCE GEORGE,2,10th Ave  & Johnson St ,-122.77969206448486,53.91540913918963,exact_intersection_name
all_crashes,All reported crash locations,2022,10TH AVE & LAURIER CRES,PRINCE GEORGE,2,10th Ave  & Laurier Cres ,-122.76421963643598,53.91561757570119,exact_intersection_name
all_crashes,All reported crash locations,2022,11TH AVE & WINNIPEG ST,PRINCE GEORGE,2,Winnipeg St  & 11th Ave ,-122.75948721738919,53.91324681464521,exact_intersection_name
all_crashes,All reported crash locations,2022,15TH AVE # 002350 TO 002398,PRINCE GEORGE,2,,,,
all_crashes,All reported crash locations,2022,15TH AVE & 15TH AVE FRTG & GEORGE PAUL LANE & JARVIS ST,PRINCE GEORGE,2,15th Ave  & Jarvis St ,-122.80451154415744,53.91022660928131,subset_intersection_name
all_crashes,All reported crash locations,2022,15TH AVE & EWERT ST,PRINCE GEORGE,2,15th Ave  & Ewert St ,-122.77225810674886,53.9103640746957,exact_intersection_name
all_crashes,All reported crash locations,2022,15TH AVE & JOHNSON ST,PRINCE GEORGE,2,15th Ave  & Johnson St ,-122.779695955024,53.910365631892915,exact_intersection_name
all_crashes,All reported crash locations,2022,15TH AVE & REDWOOD ST,PRINCE GEORGE,2,15th Ave  & Redwood St ,-122.75660412441381,53.91005482771855,exact_intersection_name
all_crashes,All reported crash locations,2022,18TH AVE & FOOTHILLS BLVD,PRINCE GEORGE,2,Foothills Blvd  & 18th Ave ,-122.81064627952179,53.907328313919955,exact_intersection_name
all_crashes,All reported crash locations,2022,18TH AVE & NICHOLSON ST & INSTITUTIONAL ACCESS ROAD,PRINCE GEORGE,2,18th Ave  & Nicholson St ,-122.78593329878412,53.907359161967676,subset_intersection_name
all_crashes,All reported crash locations,2022,18TH AVE & QUINN ST,PRINCE GEORGE,2,Quinn St  & 18th Ave ,-122.79178929970689,53.907327863637185,exact_intersection_name
all_crashes,All reported crash locations,2022,1ST AVE # 001900 TO 002299,PRINCE GEORGE,2,,,,
all_crashes,All reported crash locations,2022,1ST AVE & DOMINION ST,PRINCE GEORGE,2,1st Ave  & Dominion St ,-122.74287944306614,53.91854251143535,exact_intersection_name
all_crashes,All reported crash locations,2022,1ST AVE & KINGSTON ST,PRINCE GEORGE,2,1st Ave  & Kingston St ,-122.73174050369401,53.915391508459884,exact_intersection_name
all_crashes,All reported crash locations,2022,1ST AVE & MCINTYRE CRES,PRINCE GEORGE,2,1st Ave  & McIntyre Cres ,-122.79638058589016,53.924883656533396,exact_intersection_name
all_crashes,All reported crash locations,2022,22ND AVE # 004036 TO 004045,PRINCE GEORGE,2,,,,
all_crashes,All reported crash locations,2022,22ND AVE & QUINN ST,PRINCE GEORGE,2,22nd Ave  & Quinn St ,-122.79179551698878,53.9036425652604,exact_intersection_name
all_crashes,All reported crash locations,2022,2ND AVE & VICTORIA ST,PRINCE GEORGE,2,Victoria St  & 2nd Ave ,-122.74844635195491,53.918682341882864,exact_intersection_name
all_crashes,All reported crash locations,2022,3RD AVE # 000400 TO 000499,PRINCE GEORGE,2,,,,
all_crashes,All reported crash locations,2022,3RD AVE & CARNEY ST,PRINCE GEORGE,2,Carney St  & 3rd Ave ,-122.76932051435493,53.92264142525402,exact_intersection_name
all_crashes,All reported crash locations,2022,3RD AVE & WINNIPEG ST,PRINCE GEORGE,2,Winnipeg St  & 3rd Ave ,-122.75452021595378,53.91936710897583,exact_intersection_name
all_crashes,All reported crash locations,2022,4TH AVE & DOMINION ST,PRINCE GEORGE,2,Dominion St  & 4th Ave ,-122.74509519618428,53.91579619569099,exact_intersection_name
all_crashes,All reported crash locations,2022,4TH AVE & QUEBEC ST,PRINCE GEORGE,2,4th Ave  & Quebec St ,-122.74664790186657,53.91623581218647,exact_intersection_name
all_crashes,All reported crash locations,2022,4TH AVE & QUEENSWAY,PRINCE GEORGE,2,Queensway   & 4th Ave ,-122.74167731702815,53.914834595274975,exact_intersection_name
all_crashes,All reported crash locations,2022,5TH AVE # 001000 TO 001099,PRINCE GEORGE,2,,,,
all_crashes,All reported crash locations,2022,5TH AVE & DOMINION ST,PRINCE GEORGE,2,Dominion St  & 5th Ave ,-122.74571313800674,53.91503233219792,exact_intersection_name
all_crashes,All reported crash locations,2022,5TH AVE & EDMONTON ST & ROSS CRES,PRINCE GEORGE,2,Edmonton St  & 5th Ave ,-122.75743931408265,53.91833589473912,subset_intersection_name
all_crashes,All reported crash locations,2022,5TH AVE & FOOTHILLS BLVD,PRINCE GEORGE,2,Foothills Blvd  & 5th Ave ,-122.81925121571736,53.92063407345569,exact_intersection_name
all_crashes,All reported crash locations,2022,5TH AVE & KILLOREN CRES & WOLVERINE ST,PRINCE GEORGE,2,5th Ave  & Wolverine St ,-122.81635596718446,53.9206383540851,subset_intersection_name
all_crashes,All reported crash locations,2022,5TH AVE & OGILVIE ST,PRINCE GEORGE,2,5th Ave  & Ogilvie St ,-122.78876938244193,53.920638880894835,exact_intersection_name
all_crashes,All reported crash locations,2022,5TH AVE & RUGGLES ST & PARK ACCESS ROAD,PRINCE GEORGE,2,5th Ave  & Ruggles St ,-122.79326321494902,53.920647899303766,subset_intersection_name
all_crashes,All reported crash locations,2022,5TH AVE & WAINWRIGHT ST,PRINCE GEORGE,2,5th Ave  & Wainwright St ,-122.76504512229376,53.92065591185311,exact_intersection_name
all_crashes,All reported crash locations,2022,5TH AVE & WINNIPEG ST,PRINCE GEORGE,2,Winnipeg St  & 5th Ave ,-122.75573927443585,53.91786500531382,exact_intersection_name
all_crashes,All reported crash locations,2022,6TH AVE & VICTORIA ST,PRINCE GEORGE,2,Victoria St  & 6th Ave ,-122.75098212086255,53.91556559540203,exact_intersection_name
all_crashes,All reported crash locations,2022,7TH AVE & BRUNSWICK ST,PRINCE GEORGE,2,7th Ave  & Brunswick St ,-122.75005046164604,53.914358545975176,exact_intersection_name
all_crashes,All reported crash locations,2022,8TH AVE & EWERT ST,PRINCE GEORGE,2,Ewert St  & 8th Ave ,-122.77228484471107,53.917647680815755,exact_intersection_name
all_crashes,All reported crash locations,2022,8TH AVE & IRWIN ST,PRINCE GEORGE,2,Irwin St  & 8th Ave ,-122.77826253920011,53.9176467074915,exact_intersection_name
all_crashes,All reported crash locations,2022,8TH AVE & VICTORIA ST,PRINCE GEORGE,2,Victoria St  & 8th Ave ,-122.7522413647282,53.91402550297164,exact_intersection_name
all_crashes,All reported crash locations,2022,9TH AVE & VANCOUVER ST,PRINCE GEORGE,2,Vancouver St  & 9th Ave ,-122.75467438109416,53.91376168850156,exact_intersection_name
all_crashes,All reported crash locations,2022,9TH AVE & WINNIPEG ST,PRINCE GEORGE,2,Winnipeg St  & 9th Ave ,-122.75824939815077,53.91477611956704,exact_intersection_name
all_crashes,All reported crash locations,2022,ARMSTRONG AVE & CENTRAL ST W & HWY 97 S & TURNING LANE,PRINCE GEORGE,2,Hwy 97 S & Central St W,-122.78204935162483,53.919118472269126,subset_intersection_name
all_crashes,All reported crash locations,2022,ATHLONE AVE # 002850 TO 002889,PRINCE GEORGE,2,,,,
all_crashes,All reported crash locations,2022,ATHLONE AVE & WESTWOOD DR,PRINCE GEORGE,2,Westwood Dr  & Athlone Ave ,-122.77973208745323,53.89447614119246,exact_intersection_name
all_crashes,All reported crash locations,2022,AUSTIN RD E # 003300 TO 003399,PRINCE GEORGE,2,,,,
all_crashes,All reported crash locations,2022,BOUNDARY RD # 001500 TO 001899,PRINCE GEORGE,2,,,,
all_crashes,All reported crash locations,2022,CAMERON ST & CAMERON ST BRIDGE,PRINCE GEORGE,2,,,,
all_crashes,All reported crash locations,2022,CARIBOO HWY N & CARIBOO HWY S & HWY 97 S FRTG & SINTICH RD & SINTICH RD E & TURNING LANE,PRINCE GEORGE,2,,,,
all_crashes,All reported crash locations,2022,CARLISLE WAY # 002600 TO 002699,PRINCE GEORGE,2,,,,
all_crashes,All reported crash locations,2022,CARRIER AVE & HILL AVE & TABOR BLVD,PRINCE GEORGE,2,Tabor Blvd  & Hill Ave,-122.80703578190891,53.922499503227684,subset_intersection_name
all_crashes,All reported crash locations,2022,CORMACK CRES # 004000 TO 004099,PRINCE GEORGE,2,,,,
all_crashes,All reported crash locations,2022,CRANBROOK HILL RD & OTWAY RD,PRINCE GEORGE,2,Otway Rd  & Cranbrook Hill Rd ,-122.83646690330069,53.95481438679682,exact_intersection_name
all_crashes,All reported crash locations,2022,DAKELH TI & DOMANO BLVD & MCGILL CRES & TURNING LANE,PRINCE GEORGE,2,Domano Blvd  & Domano Blvd ,-122.7710521207196,53.84646157118433,subset_intersection_name
all_crashes,All reported crash locations,2022,DAVIS RD OFFRAMP & HWY 16 W,PRINCE GEORGE,2,,,,
all_crashes,All reported crash locations,2022,DOCHERTY AVE & OPIE CRES & OSPIKA BLVD,PRINCE GEORGE,2,Ospika Blvd  & Opie Cres ,-122.79366455820914,53.900627475114135,subset_intersection_name
all_crashes,All reported crash locations,2022,DRIFTWOOD RD # 006460 TO 006699,PRINCE GEORGE,2,,,,
all_crashes,All reported crash locations,2022,FOOTHILLS BLVD & OTWAY RD,PRINCE GEORGE,2,Foothills Blvd  & Otway Rd ,-122.81793770725876,53.94313538722845,exact_intersection_name
all_crashes,All reported crash locations,2022,FORD AVE & HWY 97 S & SPRUCE ST & TURNING LANE,PRINCE GEORGE,2,Hwy 97 S & Spruce St ,-122.75784389155183,53.89468226575,subset_intersection_name
all_crashes,All reported crash locations,2022,GISCOME RD & OLD CARIBOO HWY,PRINCE GEORGE,2,Old Cariboo Hwy  & Giscome Rd ,-122.6653861314918,53.89831669252651,exact_intersection_name
all_crashes,All reported crash locations,2022,HALDI RD & HWY 16 W & TURNING LANE,PRINCE GEORGE,2,Hwy 16 W & Haldi Rd ,-122.83362087648663,53.8403468540641,exact_intersection_name
all_crashes,All reported crash locations,2022,HART HWY # 003100 TO 003498,PRINCE GEORGE,2,,,,
all_crashes,All reported crash locations,2022,HART HWY # 006700 TO 007298,PRINCE GEORGE,2,,,,
all_crashes,All reported crash locations,2022,HART HWY & HART HWY FRTG & HOUGHTALING RD & TURNING LANE,PRINCE GEORGE,2,Hart Hwy  & Houghtaling Rd ,-122.76258669384669,53.95056921732199,subset_intersection_name
all_crashes,All reported crash locations,2022,HART HWY & KENWORTH RD E & KENWORTH RD W,PRINCE GEORGE,2,,,,
all_crashes,All reported crash locations,2022,HART HWY & SHAMROCK RD,PRINCE GEORGE,2,Hart Hwy  & Shamrock Rd ,-122.76778430075736,53.9636636974175,exact_intersection_name
all_crashes,All reported crash locations,2022,HART HWY FRTG & MADILL RD & RICHET ST,PRINCE GEORGE,2,,,,
all_crashes,All reported crash locations,2022,HWY 16 E # 001000 TO 002939,PRINCE GEORGE,2,,,,
all_crashes,All reported crash locations,2022,HWY 16 W FRTG & WESTGATE AVE,PRINCE GEORGE,2,,,,
all_crashes,All reported crash locations,2022,HWY 97 S & JOHN HART BRIDGE,PRINCE GEORGE,2,,,,
all_crashes,All reported crash locations,2022,JACKPINE AVE & QUENTIN AVE & TABOR BLVD,PRINCE GEORGE,2,Tabor Blvd  & Quentin Ave ,-122.80762885138665,53.91989221111129,subset_intersection_name
all_crashes,All reported crash locations,2022,KELLAR ST & OSPIKA BLVD,PRINCE GEORGE,2,,,,
all_crashes,All reported crash locations,2022,KELLY RD N & KILLY RD,PRINCE GEORGE,2,,,,
all_crashes,All reported crash locations,2022,KELLY RD S & RICHET ST,PRINCE GEORGE,2,Kelly Rd S & Richet St ,-122.80116116789577,53.99144692908111,exact_intersection_name
all_crashes,All reported crash locations,2022,LORNE CRES & WESTWOOD DR & MALL ACCESS,PRINCE GEORGE,2,Westwood Dr  & Lorne Cres ,-122.78077899070674,53.89738393057166,subset_intersection_name
all_crashes,All reported crash locations,2022,MARLEAU RD & SOUTHRIDGE AVE,PRINCE GEORGE,2,Southridge Ave  & Marleau Rd ,-122.78366625655235,53.86216204629931,exact_intersection_name
all_crashes,All reported crash locations,2022,MASSEY DR # 003050 TO 003298,PRINCE GEORGE,2,,,,
all_crashes,All reported crash locations,2022,MAURICE DR & ROWE ST & UNIVERSITY HEIGHTS DR,PRINCE GEORGE,2,,,,
all_crashes,All reported crash locations,2022,MCLARTY CRES # 003600 TO 003669,PRINCE GEORGE,2,,,,
all_crashes,All reported crash locations,2022,MILBURN AVE & PINE ST,PRINCE GEORGE,2,Pine St  & Milburn Ave ,-122.75211008915304,53.900962939699944,exact_intersection_name
all_crashes,All reported crash locations,2022,MILWAUKEE WAY & PENN RD & WILLOW CALE RD,PRINCE GEORGE,2,Willow Cale Rd  & Penn Rd ,-122.73464857926446,53.83097520068339,subset_intersection_name
all_crashes,All reported crash locations,2022,MOFFAT ST # 000200 TO 000499,PRINCE GEORGE,2,,,,
all_crashes,All reported crash locations,2022,NEWCASTLE CRES # 008010 TO 008099,PRINCE GEORGE,2,,,,
all_crashes,All reported crash locations,2022,NORTH NECHAKO RD & TOOMBS DR,PRINCE GEORGE,2,North Nechako Rd  & Toombs Dr ,-122.867257005142,53.975066610321335,exact_intersection_name
all_crashes,All reported crash locations,2022,NORTHWOOD PULPMILL RD & OLD SUMMIT LAKE RD,PRINCE GEORGE,2,Northwood Pulpmill Rd  & Old Summit Lake Rd ,-122.73864641689094,53.96409740498438,exact_intersection_name
all_crashes,All reported crash locations,2022,QUADRANT CRES & QUADRANT PL & QUEENSWAY,PRINCE GEORGE,2,Queensway   & Quadrant Cres ,-122.74136892360059,53.900344419516934,subset_intersection_name
all_crashes,All reported crash locations,2022,RANGE RD # 002600 TO 002809,PRINCE GEORGE,2,,,,
all_crashes,All reported crash locations,2022,RANGE RD & WESTWOOD DR,PRINCE GEORGE,2,Westwood Dr  & Range Rd ,-122.77958789188526,53.88456263041591,exact_intersection_name
all_crashes,All reported crash locations,2022,RECPLACE DR # 002634 TO 002849,PRINCE GEORGE,2,,,,
all_crashes,All reported crash locations,2022,RICHET ST # 003800 TO 004399,PRINCE GEORGE,2,,,,
all_crashes,All reported crash locations,2022,RIDGEVIEW DR # 002900 TO 003049,PRINCE GEORGE,2,,,,
all_crashes,All reported crash locations,2022,SOUTHRIDGE AVE & ST ANNE AVE & ST ANNE CRES,PRINCE GEORGE,2,Southridge Ave  & St Anne Ave ,-122.77903682782542,53.85717733437892,subset_intersection_name
all_crashes,All reported crash locations,2022,TAFT DR # 006950 TO 007199,PRINCE GEORGE,2,,,,
all_crashes,All reported crash locations,2022,TYNER BLVD & UNIVERSITY HEIGHTS DR,PRINCE GEORGE,2,,,,
all_crashes,All reported crash locations,2022,TYNER BLVD & UNIVERSITY WAY & INSTITUTIONAL ACCESS ROAD,PRINCE GEORGE,2,,,,
all_crashes,All reported crash locations,2022,VANCE RD & WIEBE RD,PRINCE GEORGE,2,Wiebe Rd  & Vance Rd ,-122.77345590858994,53.88100074036664,exact_intersection_name
all_crashes,All reported crash locations,2022,VICTORIA ST # 002000 TO 002099,PRINCE GEORGE,2,,,,
all_crashes,All reported crash locations,2022,WESTWOOD DR # 002240 TO 002399,PRINCE GEORGE,2,,,,
all_crashes,All reported crash locations,2022,10TH AVE & BURDEN ST,PRINCE GEORGE,1,10th Ave  & Burden St ,-122.76787013086225,53.91542233976414,exact_intersection_name
all_crashes,All reported crash locations,2022,10TH AVE & FREEMAN ST,PRINCE GEORGE,1,10th Ave  & Freeman St ,-122.77377145944547,53.91541040550446,exact_intersection_name
all_crashes,All reported crash locations,2022,10TH AVE & VICTORIA ST,PRINCE GEORGE,1,Victoria St  & 10th Ave ,-122.75350286994268,53.91244387339383,exact_intersection_name
all_crashes,All reported crash locations,2022,10TH AVE & WINNIPEG ST,PRINCE GEORGE,1,Winnipeg St  & 10th Ave ,-122.7588745155268,53.9139977977668,exact_intersection_name
all_crashes,All reported crash locations,2022,11TH AVE & EDMONTON ST & LAURIER CRES,PRINCE GEORGE,1,Edmonton St  & 11th Ave ,-122.76118708720618,53.91372476580139,subset_intersection_name
all_crashes,All reported crash locations,2022,12TH AVE & ALWARD ST,PRINCE GEORGE,1,Alward St  & 12th Ave ,-122.76656394007101,53.91341510403193,exact_intersection_name
all_crashes,All reported crash locations,2022,12TH AVE & BURDEN ST,PRINCE GEORGE,1,Burden St  & 12th Ave ,-122.76786376719635,53.91342017170247,exact_intersection_name
all_crashes,All reported crash locations,2022,12TH AVE & CARNEY ST,PRINCE GEORGE,1,Carney St  & 12th Ave ,-122.76928172175481,53.91341598893185,exact_intersection_name
all_crashes,All reported crash locations,2022,13TH AVE & CENTRAL ST E,PRINCE GEORGE,1,Central St E & 13th Ave ,-122.78104348112592,53.91239908208207,exact_intersection_name
all_crashes,All reported crash locations,2022,14TH AVE & FREEMAN ST,PRINCE GEORGE,1,Freeman St  & 14th Ave ,-122.77384753540566,53.911419056443485,exact_intersection_name
all_crashes,All reported crash locations,2022,15TH AVE # 001600 TO 001708,PRINCE GEORGE,1,,,,
all_crashes,All reported crash locations,2022,15TH AVE # 004260 TO 004298,PRINCE GEORGE,1,,,,
all_crashes,All reported crash locations,2022,15TH AVE & 15TH AVE FRTG & LIARD DR,PRINCE GEORGE,1,Liard Dr  & Liard Dr ,-122.79071779991386,53.913217594223106,subset_intersection_name
all_crashes,All reported crash locations,2022,15TH AVE & FREEMAN ST,PRINCE GEORGE,1,15th Ave  & Freeman St ,-122.77378459083585,53.91046991081696,exact_intersection_name
all_crashes,All reported crash locations,2022,15TH AVE & GILLETT ST,PRINCE GEORGE,1,15th Ave  & Gillett St ,-122.77523836021402,53.91033108296399,exact_intersection_name
all_crashes,All reported crash locations,2022,15TH AVE & IRWIN ST,PRINCE GEORGE,1,15th Ave  & Irwin St ,-122.77823624459764,53.910375069358345,exact_intersection_name
all_crashes,All reported crash locations,2022,15TH AVE & OGILVIE ST,PRINCE GEORGE,1,15th Ave  & Ogilvie St ,-122.7891847762759,53.91021344519278,exact_intersection_name
all_crashes,All reported crash locations,2022,15TH AVE & QUEENSWAY,PRINCE GEORGE,1,Queensway   & 15th Ave ,-122.7421969063232,53.91048273842842,exact_intersection_name
all_crashes,All reported crash locations,2022,15TH AVE & QUINN ST,PRINCE GEORGE,1,15th Ave  & Quinn St ,-122.79179532834341,53.91021416704673,exact_intersection_name
all_crashes,All reported crash locations,2022,15TH AVE FRTG # 003300 TO 003398,PRINCE GEORGE,1,,,,
all_crashes,All reported crash locations,2022,15TH AVE FRTG # 003600 TO 003698,PRINCE GEORGE,1,,,,
all_crashes,All reported crash locations,2022,17TH AVE & REDWOOD ST,PRINCE GEORGE,1,17th Ave  & Redwood St ,-122.75658652736206,53.90845332744588,exact_intersection_name
all_crashes,All reported crash locations,2022,17TH AVE & UPLAND ST,PRINCE GEORGE,1,17th Ave  & Upland St ,-122.76063153281947,53.90845408832176,exact_intersection_name
all_crashes,All reported crash locations,2022,17TH AVE & WINNIPEG ST,PRINCE GEORGE,1,Winnipeg St  & 17th Ave ,-122.76347818931562,53.908483772123894,exact_intersection_name
all_crashes,All reported crash locations,2022,18TH AVE & OGILVIE ST,PRINCE GEORGE,1,Ogilvie St  & 18th Ave ,-122.78920460104274,53.907319762379416,exact_intersection_name
all_crashes,All reported crash locations,2022,19TH AVE & QUEENSWAY,PRINCE GEORGE,1,Queensway   & 19th Ave ,-122.74230646671471,53.90646518523185,exact_intersection_name
all_crashes,All reported crash locations,2022,1ST AVE # 000700 TO 000899,PRINCE GEORGE,1,,,,
all_crashes,All reported crash locations,2022,1ST AVE # 004300 TO 004339,PRINCE GEORGE,1,,,,
all_crashes,All reported crash locations,2022,1ST AVE & FORT ST,PRINCE GEORGE,1,1st Ave  & Fort St ,-122.75615811513039,53.922167792950724,exact_intersection_name
all_crashes,All reported crash locations,2022,1ST AVE & FREIMULLER AVE,PRINCE GEORGE,1,1st Ave  & Freimuller Ave ,-122.8128201023635,53.929938259176396,exact_intersection_name
all_crashes,All reported crash locations,2022,1ST AVE & OTTAWA ST,PRINCE GEORGE,1,1st Ave  & Ottawa St ,-122.73480518952032,53.916259208426396,exact_intersection_name
all_crashes,All reported crash locations,2022,1ST AVE & SKINNER ST & WADE ST,PRINCE GEORGE,1,1st Ave  & Wade St ,-122.81587995877356,53.931187230034915,subset_intersection_name
all_crashes,All reported crash locations,2022,20TH AVE # 001800 TO 001898,PRINCE GEORGE,1,,,,
all_crashes,All reported crash locations,2022,20TH AVE & BECOTT PL & GORSE ST,PRINCE GEORGE,1,Gorse St  & 20th Ave ,-122.73800381996,53.905504828723416,subset_intersection_name
all_crashes,All reported crash locations,2022,20TH AVE & CUDDIE CRES & JUNIPER ST,PRINCE GEORGE,1,20th Ave  & Juniper St ,-122.74374042804617,53.9054642908929,subset_intersection_name
all_crashes,All reported crash locations,2022,20TH AVE & ELLISON DR,PRINCE GEORGE,1,Ellison Dr  & 20th Ave ,-122.77310706872194,53.90604975783345,exact_intersection_name
all_crashes,All reported crash locations,2022,20TH AVE & HWY 16 W & WILLOW ST & TURNING LANE,PRINCE GEORGE,1,20th Ave  & Willow St ,-122.76326848930421,53.90546465110875,subset_intersection_name
all_crashes,All reported crash locations,2022,20TH AVE & NORWOOD ST,PRINCE GEORGE,1,20th Ave  & Norwood St ,-122.74907151546121,53.90544178723283,exact_intersection_name
all_crashes,All reported crash locations,2022,20TH AVE & PINE ST,PRINCE GEORGE,1,20th Ave  & Pine St ,-122.75210314485864,53.905418966768536,exact_intersection_name
all_crashes,All reported crash locations,2022,20TH AVE & QUINCE ST,PRINCE GEORGE,1,20th Ave  & Quince St ,-122.75362999211765,53.905420207029074,exact_intersection_name
all_crashes,All reported crash locations,2022,22ND AVE # 003200 TO 003399,PRINCE GEORGE,1,,,,
all_crashes,All reported crash locations,2022,22ND AVE & NICHOLSON ST,PRINCE GEORGE,1,22nd Ave  & Nicholson St ,-122.78698164101696,53.90359302010637,exact_intersection_name
all_crashes,All reported crash locations,2022,2ND AVE # 000500 TO 000599,PRINCE GEORGE,1,,,,
all_crashes,All reported crash locations,2022,2ND AVE # 001500 TO 001599,PRINCE GEORGE,1,,,,
all_crashes,All reported crash locations,2022,2ND AVE & CARNEY ST,PRINCE GEORGE,1,Carney St  & 2nd Ave ,-122.76932744827295,53.923632437249374,exact_intersection_name
all_crashes,All reported crash locations,2022,2ND AVE & IRWIN ST,PRINCE GEORGE,1,Irwin St  & 2nd Ave ,-122.77824048705139,53.923595059172065,exact_intersection_name
all_crashes,All reported crash locations,2022,2ND AVE & JOHNSON ST,PRINCE GEORGE,1,Johnson St  & 2nd Ave ,-122.77956493409398,53.923580497660765,exact_intersection_name
all_crashes,All reported crash locations,2022,2ND AVE & OTTAWA ST,PRINCE GEORGE,1,Ottawa St  & 2nd Ave ,-122.73577538053885,53.91509172391203,exact_intersection_name
all_crashes,All reported crash locations,2022,2ND AVE & RUGGLES ST,PRINCE GEORGE,1,2nd Ave  & Ruggles St,-122.79325382316797,53.92366904081929,exact_intersection_name
all_crashes,All reported crash locations,2022,2ND AVE & SCOTIA ST,PRINCE GEORGE,1,Scotia St  & 2nd Ave ,-122.73732033321483,53.915528673975835,exact_intersection_name
all_crashes,All reported crash locations,2022,2ND AVE & TORONTO ST,PRINCE GEORGE,1,Toronto St  & 2nd Ave ,-122.73425205704417,53.914654008702435,exact_intersection_name
all_crashes,All reported crash locations,2022,3RD AVE # 001138 TO 001199,PRINCE GEORGE,1,,,,
all_crashes,All reported crash locations,2022,3RD AVE # 001200 TO 001299,PRINCE GEORGE,1,,,,
all_crashes,All reported crash locations,2022,3RD AVE # 001400 TO 001499,PRINCE GEORGE,1,,,,
all_crashes,All reported crash locations,2022,3RD AVE # 001800 TO 001899,PRINCE GEORGE,1,,,,
all_crashes,All reported crash locations,2022,3RD AVE & 5TH AVE,PRINCE GEORGE,1,,,,
all_crashes,All reported crash locations,2022,3RD AVE & DOMINION ST,PRINCE GEORGE,1,Dominion St  & 3rd Ave ,-122.7444625174748,53.91657191185407,exact_intersection_name
all_crashes,All reported crash locations,2022,3RD AVE & NUGGET AVE & OSPIKA BLVD,PRINCE GEORGE,1,Ospika Blvd  & Nugget Ave ,-122.79419317574805,53.922893333261804,subset_intersection_name
all_crashes,All reported crash locations,2022,3RD AVE & PRINCE RUPERT ST,PRINCE GEORGE,1,3rd Ave  & Prince Rupert St ,-122.75273096859172,53.91885837379381,exact_intersection_name
all_crashes,All reported crash locations,2022,3RD AVE & TORONTO ST,PRINCE GEORGE,1,Toronto St  & 3rd Ave ,-122.7348928153252,53.91385797030544,exact_intersection_name
all_crashes,All reported crash locations,2022,4TH AVE # 001200 TO 001299,PRINCE GEORGE,1,,,,
all_crashes,All reported crash locations,2022,4TH AVE & BRUNSWICK ST,PRINCE GEORGE,1,4th Ave  & Brunswick St ,-122.7481685176321,53.91666622340216,exact_intersection_name
all_crashes,All reported crash locations,2022,4TH AVE & ONTARIO ST,PRINCE GEORGE,1,Ontario St  & 4th Ave ,-122.74012988917454,53.914390134744096,exact_intersection_name
all_crashes,All reported crash locations,2022,4TH AVE & OTTAWA ST,PRINCE GEORGE,1,Ottawa St  & 4th Ave ,-122.73706579383368,53.913528272764324,exact_intersection_name
all_crashes,All reported crash locations,2022,4TH AVE & PRINCE RUPERT ST,PRINCE GEORGE,1,4th Ave  & Prince Rupert St ,-122.75333052888817,53.9181276264779,exact_intersection_name
all_crashes,All reported crash locations,2022,4TH AVE & VANCOUVER ST,PRINCE GEORGE,1,4th Ave  & Vancouver St ,-122.75154338397478,53.917627396230905,exact_intersection_name
all_crashes,All reported crash locations,2022,5TH AVE # 000800 TO 000899,PRINCE GEORGE,1,,,,
all_crashes,All reported crash locations,2022,5TH AVE # 001140 TO 001199,PRINCE GEORGE,1,,,,
all_crashes,All reported crash locations,2022,5TH AVE # 002020 TO 002032,PRINCE GEORGE,1,,,,
all_crashes,All reported crash locations,2022,5TH AVE & BRIGADE DR & KERRY ST,PRINCE GEORGE,1,5th Ave  & Brigade Dr ,-122.79975140654926,53.92062327015756,subset_intersection_name
all_crashes,All reported crash locations,2022,5TH AVE & EWERT ST,PRINCE GEORGE,1,5th Ave  & Ewert St ,-122.77226817477344,53.92074167146665,exact_intersection_name
all_crashes,All reported crash locations,2022,5TH AVE & FREEMAN ST,PRINCE GEORGE,1,5th Ave  & Freeman St ,-122.77379464931148,53.92065187840538,exact_intersection_name
all_crashes,All reported crash locations,2022,5TH AVE & GILLETT ST,PRINCE GEORGE,1,5th Ave  & Gillett St ,-122.77526836576813,53.92073540891626,exact_intersection_name
all_crashes,All reported crash locations,2022,5TH AVE & IRWIN ST,PRINCE GEORGE,1,5th Ave  & Irwin St ,-122.77822407693263,53.920709132533716,exact_intersection_name
all_crashes,All reported crash locations,2022,5TH AVE & JOHNSON ST,PRINCE GEORGE,1,5th Ave  & Johnson St ,-122.77967835544636,53.920634153988544,exact_intersection_name
all_crashes,All reported crash locations,2022,5TH AVE & KELLY ST,PRINCE GEORGE,1,5th Ave  & Kelly St ,-122.7827872921713,53.92073572497236,exact_intersection_name
all_crashes,All reported crash locations,2022,5TH AVE & LACOMA ST & VOYAGEUR DR,PRINCE GEORGE,1,5th Ave  & Voyageur Dr ,-122.80282158157223,53.92063510921243,subset_intersection_name
all_crashes,All reported crash locations,2022,5TH AVE & MELVILLE AVE,PRINCE GEORGE,1,5th Ave  & Melville Ave ,-122.76219404947088,53.92061513458425,exact_intersection_name
all_crashes,All reported crash locations,2022,5TH AVE & ONTARIO ST,PRINCE GEORGE,1,Ontario St  & 5th Ave ,-122.74072739933791,53.91362128016675,exact_intersection_name
all_crashes,All reported crash locations,2022,5TH AVE & PATTERSON ST,PRINCE GEORGE,1,5th Ave  & Patterson St ,-122.79026534946196,53.92062300453895,exact_intersection_name
all_crashes,All reported crash locations,2022,5TH AVE & WATROUS ST,PRINCE GEORGE,1,5th Ave  & Watrous St ,-122.763633453815,53.92066632310007,exact_intersection_name
all_crashes,All reported crash locations,2022,6TH AVE & BRUNSWICK ST,PRINCE GEORGE,1,Brunswick St  & 6th Ave ,-122.74943499188106,53.915128947886245,exact_intersection_name
all_crashes,All reported crash locations,2022,6TH AVE & DOMINION ST,PRINCE GEORGE,1,Dominion St  & 6th Ave ,-122.74635436844278,53.91425395839983,exact_intersection_name
all_crashes,All reported crash locations,2022,6TH AVE & WINNIPEG ST,PRINCE GEORGE,1,Winnipeg St  & 6th Ave ,-122.75637660899812,53.917094371967835,exact_intersection_name
all_crashes,All reported crash locations,2022,7TH AVE & VANCOUVER ST,PRINCE GEORGE,1,7th Ave  & Vancouver St ,-122.7534248898273,53.91530569396242,exact_intersection_name
all_crashes,All reported crash locations,2022,8TH AVE # 002400 TO 002423,PRINCE GEORGE,1,,,,
all_crashes,All reported crash locations,2022,8TH AVE & AHBAU ST,PRINCE GEORGE,1,Ahbau St  & 8th Ave ,-122.78421238442466,53.91763956628348,exact_intersection_name
all_crashes,All reported crash locations,2022,8TH AVE & JOHNSON ST,PRINCE GEORGE,1,Johnson St  & 8th Ave ,-122.77968753716536,53.91764647556499,exact_intersection_name
all_crashes,All reported crash locations,2022,ABBOTT CRES # 002440 TO 002513,PRINCE GEORGE,1,,,,
all_crashes,All reported crash locations,2022,ABBOTT CRES & BORDEN CRES,PRINCE GEORGE,1,Abbott Cres  & Borden Cres ,-122.76229021709305,53.89656495649186,exact_intersection_name
all_crashes,All reported crash locations,2022,ABERDEEN RD & NORTHWOOD PULPMILL RD,PRINCE GEORGE,1,Northwood Pulpmill Rd  & Aberdeen Rd ,-122.76040762371863,53.94427984445898,exact_intersection_name
all_crashes,All reported crash locations,2022,AHBAU ST # 001000 TO 001199,PRINCE GEORGE,1,,,,
all_crashes,All reported crash locations,2022,ANDERSON ST # 000100 TO 000135,PRINCE GEORGE,1,,,,
all_crashes,All reported crash locations,2022,ANDRES RD & OSPIKA BLVD,PRINCE GEORGE,1,Ospika Blvd  & Andres Rd ,-122.78591373191388,53.88577269778631,exact_intersection_name
all_crashes,All reported crash locations,2022,ANDRES RD & WESTWOOD DR,PRINCE GEORGE,1,Westwood Dr  & Andres Rd ,-122.77967587017817,53.88577887334151,exact_intersection_name
all_crashes,All reported crash locations,2022,ANTLER AVE & GENEVIEVE CRES & TABOR BLVD,PRINCE GEORGE,1,Tabor Blvd  & Genevieve Cres ,-122.80680992923236,53.91240435515868,subset_intersection_name
all_crashes,All reported crash locations,2022,AREND DR & NORTH NECHAKO RD,PRINCE GEORGE,1,,,,
all_crashes,All reported crash locations,2022,ARNETT AVE & BOND ST,PRINCE GEORGE,1,Bond St  & Arnett Ave ,-122.79014987436604,53.896525297029925,exact_intersection_name
all_crashes,All reported crash locations,2022,ASH ST # 001500 TO 001599,PRINCE GEORGE,1,,,,
all_crashes,All reported crash locations,2022,ATHLONE AVE & VANIER DR,PRINCE GEORGE,1,Vanier Dr  & Athlone Ave ,-122.7845468417634,53.89447107149331,exact_intersection_name
all_crashes,All reported crash locations,2022,AUSTIN RD E # 002920 TO 002999,PRINCE GEORGE,1,,,,
all_crashes,All reported crash locations,2022,AUSTIN RD W # 003660 TO 003798,PRINCE GEORGE,1,,,,
all_crashes,All reported crash locations,2022,AUSTIN RD W # 004900 TO 004951,PRINCE GEORGE,1,,,,
all_crashes,All reported crash locations,2022,AUSTIN RD W & BURKITT RD,PRINCE GEORGE,1,Austin Rd W & Burkitt Rd ,-122.80534146544564,53.98880389669656,exact_intersection_name
all_crashes,All reported crash locations,2022,AUSTIN RD W & HEATHER RD,PRINCE GEORGE,1,Austin Rd W & Heather Rd ,-122.81085098674966,53.990476166219764,exact_intersection_name
all_crashes,All reported crash locations,2022,AUSTIN RD W & KELLY RD S,PRINCE GEORGE,1,Austin Rd W & Kelly Rd S,-122.80116565456706,53.988857268522445,exact_intersection_name
all_crashes,All reported crash locations,2022,BABINE CRES # 001040 TO 001199,PRINCE GEORGE,1,,,,
all_crashes,All reported crash locations,2022,BAKER CRT # 002930 TO 002959,PRINCE GEORGE,1,,,,
all_crashes,All reported crash locations,2022,BAKER RD & FOSTER RD & SULLIVAN CRES,PRINCE GEORGE,1,Baker Rd  & Sullivan Cres ,-122.78496227997023,53.87106555731794,subset_intersection_name
all_crashes,All reported crash locations,2022,BAXTER AVE # 004300 TO 004399,PRINCE GEORGE,1,,,,
all_crashes,All reported crash locations,2022,BEAR RD & HENREY RD,PRINCE GEORGE,1,Bear Rd  & Henrey Rd ,-122.8181035723299,53.852231358832924,exact_intersection_name
all_crashes,All reported crash locations,2022,BEECH CRES # 000500 TO 000598,PRINCE GEORGE,1,,,,
all_crashes,All reported crash locations,2022,BELLAMY RD & HART HWY & HART HWY FRTG,PRINCE GEORGE,1,Hart Hwy  & Bellamy Rd ,-122.76404226514991,53.952809513486244,subset_intersection_name
all_crashes,All reported crash locations,2022,BENCH DR # 006000 TO 006249,PRINCE GEORGE,1,,,,
all_crashes,All reported crash locations,2022,BENCH DR # 006500 TO 007239,PRINCE GEORGE,1,,,,
all_crashes,All reported crash locations,2022,BERGER PL # 006120 TO 006199,PRINCE GEORGE,1,,,,
all_crashes,All reported crash locations,2022,BERNARD RD # 002830 TO 003099,PRINCE GEORGE,1,,,,
all_crashes,All reported crash locations,2022,BERWICK DR & HIGHLAND DR & WALLACE CRES,PRINCE GEORGE,1,Highland Dr  & Wallace Cres ,-122.79737270232515,53.978599226778876,subset_intersection_name
all_crashes,All reported crash locations,2022,BERWICK DR & KILLARNEY DR & NIXON CRES,PRINCE GEORGE,1,Berwick Dr  & Nixon Cres ,-122.79582203373515,53.975445720000415,subset_intersection_name
all_crashes,All reported crash locations,2022,BERWICK DR & RIDGEVIEW DR,PRINCE GEORGE,1,Ridgeview Dr  & Berwick Dr ,-122.79825440782496,53.9775902052045,exact_intersection_name
all_crashes,All reported crash locations,2022,BETHAM RD # 004750 TO 005149,PRINCE GEORGE,1,,,,
all_crashes,All reported crash locations,2022,BIRCHWOOD DR & HART HWY,PRINCE GEORGE,1,Hart Hwy  & Birchwood Dr ,-122.78341698501423,53.98773950471082,exact_intersection_name
all_crashes,All reported crash locations,2022,BLACKBURN RD & BLACKBURN RD S & VEEKEN RD,PRINCE GEORGE,1,Blackburn Rd S & Veeken Rd ,-122.6409274204847,53.87667651270255,subset_intersection_name
all_crashes,All reported crash locations,2022,BLACKBURN RD N # 000240 TO 000353,PRINCE GEORGE,1,,,,
all_crashes,All reported crash locations,2022,BLACKBURN RD N # 000300 TO 000499,PRINCE GEORGE,1,,,,
all_crashes,All reported crash locations,2022,BLACKBURN RD N # 001640 TO 001749,PRINCE GEORGE,1,,,,
all_crashes,All reported crash locations,2022,BLACKBURN RD S # 002510 TO 004129,PRINCE GEORGE,1,,,,
all_crashes,All reported crash locations,2022,BLACKWATER RD # 009906 TO 009919,PRINCE GEORGE,1,,,,
all_crashes,All reported crash locations,2022,BLACKWATER RD # 009920 TO 010343,PRINCE GEORGE,1,,,,
all_crashes,All reported crash locations,2022,BOUNDARY RD # 001400 TO 001499,PRINCE GEORGE,1,,,,
all_crashes,All reported crash locations,2022,BOUNDARY RD # 005702 TO 007399,PRINCE GEORGE,1,,,,
all_crashes,All reported crash locations,2022,BOUNDARY RD & INDUSTRIAL WAY & PACIFIC ST & SINTICH RD,PRINCE GEORGE,1,Pacific St  & Industrial Way ,-122.73487553314754,53.86597079738879,subset_intersection_name
all_crashes,All reported crash locations,2022,BOUNDARY RD & PENN RD & ACCESS ROAD,PRINCE GEORGE,1,Boundary Rd  & Penn Rd ,-122.73362811532616,53.84194858828079,subset_intersection_name
all_crashes,All reported crash locations,2022,BOUNDARY RD & PIPER RD,PRINCE GEORGE,1,Boundary Rd  & Piper Rd,-122.67933273095564,53.90633948976046,exact_intersection_name
all_crashes,All reported crash locations,2022,BRENTWOOD DR # 003970 TO 004119,PRINCE GEORGE,1,,,,
all_crashes,All reported crash locations,2022,BURDEN ST # 000100 TO 000199,PRINCE GEORGE,1,,,,
all_crashes,All reported crash locations,2022,CARIBOU RD & DEER RD & ELK RD,PRINCE GEORGE,1,Deer Rd  & Elk Rd ,-122.81477397106747,53.85657197114183,subset_intersection_name
all_crashes,All reported crash locations,2022,CARNEY ST # 001200 TO 001299,PRINCE GEORGE,1,,,,
all_crashes,All reported crash locations,2022,CARNEY ST # 001300 TO 001499,PRINCE GEORGE,1,,,,
all_crashes,All reported crash locations,2022,CARSON ST # 004100 TO 004199,PRINCE GEORGE,1,,,,
all_crashes,All reported crash locations,2022,CENTRAL ST E # 000500 TO 000735,PRINCE GEORGE,1,,,,
all_crashes,All reported crash locations,2022,CENTRAL ST E # 000866 TO 000999,PRINCE GEORGE,1,,,,
all_crashes,All reported crash locations,2022,CENTRAL ST E & HWY 97 S & TURNING LANE,PRINCE GEORGE,1,Hwy 97 S & Central St E,-122.78105266199758,53.915407495193456,exact_intersection_name
all_crashes,All reported crash locations,2022,CENTRAL ST W # 000500 TO 000645,PRINCE GEORGE,1,,,,
all_crashes,All reported crash locations,2022,CENTRAL ST W # 000646 TO 000799,PRINCE GEORGE,1,,,,
all_crashes,All reported crash locations,2022,CENTRAL ST W # 001000 TO 001099,PRINCE GEORGE,1,,,,
all_crashes,All reported crash locations,2022,CEREMONIAL RD & RING RD,PRINCE GEORGE,1,Ceremonial Rd & Ring Rd ,-122.8144027865378,53.890447509948025,exact_intersection_name
all_crashes,All reported crash locations,2022,CHARTWELL AVE & TRYGG CRT,PRINCE GEORGE,1,Trygg Crt  & Chartwell Ave ,-122.79923456541395,53.85688881549479,exact_intersection_name
all_crashes,All reported crash locations,2022,CHARTWELL AVE & WESTGATE AVE,PRINCE GEORGE,1,Westgate Ave  & Chartwell Ave ,-122.80060442908957,53.85691688205389,exact_intersection_name
all_crashes,All reported crash locations,2022,CHIEF LAKE RD # 005150 TO 005349,PRINCE GEORGE,1,,,,
all_crashes,All reported crash locations,2022,CHIEF LAKE RD & FOX DR,PRINCE GEORGE,1,Chief Lake Rd  & Fox Dr ,-122.83311958370965,54.01167397849571,exact_intersection_name
all_crashes,All reported crash locations,2022,CHIEF LAKE RD & PETER RD,PRINCE GEORGE,1,,,,
all_crashes,All reported crash locations,2022,CHURCHILL RD & CRAIG DR,PRINCE GEORGE,1,Churchill Rd  & Craig Dr ,-122.80024672805243,53.94559270807781,exact_intersection_name
all_crashes,All reported crash locations,2022,CINCH LOOP # 008300 TO 008379,PRINCE GEORGE,1,,,,
all_crashes,All reported crash locations,2022,CLAPPERTON ST & FERRY AVE,PRINCE GEORGE,1,Ferry Ave  & Clapperton St ,-122.75456620584889,53.88921614640443,exact_intersection_name
all_crashes,All reported crash locations,2022,COMMERCIAL CRES # 001000 TO 001199,PRINCE GEORGE,1,,,,
all_crashes,All reported crash locations,2022,CONNAUGHT DR & PATRICIA BLVD & QUEENSWAY & TURNING LANE,PRINCE GEORGE,1,Queensway   & Patricia Blvd ,-122.7430031853802,53.912754794426554,subset_intersection_name
all_crashes,All reported crash locations,2022,CONTINENTAL WAY # 004850 TO 005299,PRINCE GEORGE,1,,,,
all_crashes,All reported crash locations,2022,COOK CRES # 005500 TO 005759,PRINCE GEORGE,1,,,,
all_crashes,All reported crash locations,2022,COWART RD # 003900 TO 004255,PRINCE GEORGE,1,,,,
all_crashes,All reported crash locations,2022,COWART RD & SIMON FRASER AVE,PRINCE GEORGE,1,Simon Fraser Ave  & Cowart Rd ,-122.76522481983787,53.87174220545284,exact_intersection_name
all_crashes,All reported crash locations,2022,CRANBROOK HILL RD # 005700 TO 006199,PRINCE GEORGE,1,,,,
all_crashes,All reported crash locations,2022,CRANBROOK HILL RD # 006624 TO 006829,PRINCE GEORGE,1,,,,
all_crashes,All reported crash locations,2022,CRANBROOK HILL RD & MELMACK CRES,PRINCE GEORGE,1,Cranbrook Hill Rd  & Melmack Cres ,-122.84557904009421,53.93943408954866,exact_intersection_name
all_crashes,All reported crash locations,2022,CREST RD & KUENG RD,PRINCE GEORGE,1,Kueng Rd  & Crest Rd ,-122.83136661323441,53.90777460687952,exact_intersection_name
all_crashes,All reported crash locations,2022,CROCUS CRES # 004726 TO 004799,PRINCE GEORGE,1,,,,
all_crashes,All reported crash locations,2022,CROFT RD # 002160 TO 002209,PRINCE GEORGE,1,,,,
all_crashes,All reported crash locations,2022,DAGG RD # 006700 TO 006739,PRINCE GEORGE,1,,,,
all_crashes,All reported crash locations,2022,DAGG RD & WEISBROD RD,PRINCE GEORGE,1,Weisbrod Rd  & Dagg Rd ,-122.79538687097471,53.996141647916225,exact_intersection_name
all_crashes,All reported crash locations,2022,DAKELH TI & SOUTHRIDGE AVE,PRINCE GEORGE,1,Southridge Ave  & Dakelh Ti ,-122.78164825399041,53.85885447588533,exact_intersection_name
all_crashes,All reported crash locations,2022,DAVIE AVE & EAGLENEST CRES & TABOR BLVD,PRINCE GEORGE,1,Tabor Blvd  & Eaglenest Cres ,-122.80708792998212,53.91487170302079,subset_intersection_name
all_crashes,All reported crash locations,2022,DAVIE AVE & JARVIS ST,PRINCE GEORGE,1,Davie Ave  & Jarvis St ,-122.80486296023294,53.9148700261842,exact_intersection_name
all_crashes,All reported crash locations,2022,DEL LAVERDURE WAY & MASSEY DR,PRINCE GEORGE,1,Massey Dr  & Del Laverdure Way ,-122.77367095575373,53.90357554176433,exact_intersection_name
all_crashes,All reported crash locations,2022,DENISE AVE & OSPIKA BLVD,PRINCE GEORGE,1,Ospika Blvd  & Denise Ave ,-122.78698467548831,53.8888006428893,exact_intersection_name
all_crashes,All reported crash locations,2022,DOMANO BLVD # 005000 TO 005098,PRINCE GEORGE,1,,,,
all_crashes,All reported crash locations,2022,DOMANO BLVD # 005200 TO 005212,PRINCE GEORGE,1,,,,
all_crashes,All reported crash locations,2022,DOMANO BLVD # 005214 TO 005240,PRINCE GEORGE,1,,,,
all_crashes,All reported crash locations,2022,DOMANO BLVD # 006051 TO 006187,PRINCE GEORGE,1,,,,
all_crashes,All reported crash locations,2022,DOMANO BLVD & MORIARTY CRES,PRINCE GEORGE,1,Domano Blvd  & Moriarty Cres ,-122.77003152066888,53.867321534117444,exact_intersection_name
all_crashes,All reported crash locations,2022,DOUGLAS ST # 000800 TO 000999,PRINCE GEORGE,1,,,,
all_crashes,All reported crash locations,2022,EAGLENEST CRES & PILOT ST,PRINCE GEORGE,1,Pilot St  & Eaglenest Cres ,-122.81188034155744,53.91750549555092,exact_intersection_name
all_crashes,All reported crash locations,2022,EAGLET CRES # 001360 TO 001399,PRINCE GEORGE,1,,,,
all_crashes,All reported crash locations,2022,EDELWEISS RD & LILAC CRES,PRINCE GEORGE,1,Edelweiss Rd  & Lilac Cres ,-122.80355291542912,53.989798685664994,exact_intersection_name
all_crashes,All reported crash locations,2022,EDEN DR & GLENVIEW DR,PRINCE GEORGE,1,Eden Dr  & Glenview Dr,-122.783808657855,53.993400997084514,exact_intersection_name
all_crashes,All reported crash locations,2022,EDEN DR & HOOVER DR,PRINCE GEORGE,1,Eden Dr  & Hoover Dr ,-122.78504536476687,53.993314113322405,exact_intersection_name
all_crashes,All reported crash locations,2022,EDMONTON ST # 001300 TO 001499,PRINCE GEORGE,1,,,,
all_crashes,All reported crash locations,2022,EDWARD RD & FERGUSON LAKE RD,PRINCE GEORGE,1,Ferguson Lake Rd  & Edward Rd ,-122.814704109049,54.025100829691674,exact_intersection_name
all_crashes,All reported crash locations,2022,ELKHORN CRES # 001250 TO 001299,PRINCE GEORGE,1,,,,
all_crashes,All reported crash locations,2022,ELLISON DR # 002616 TO 002629,PRINCE GEORGE,1,,,,
all_crashes,All reported crash locations,2022,ESTAVILLA DR & HART HWY,PRINCE GEORGE,1,Hart Hwy  & Estavilla Dr ,-122.80112676104132,54.00716787553867,exact_intersection_name
all_crashes,All reported crash locations,2022,ETON AVE & YORK DR & YORK PL,PRINCE GEORGE,1,York Pl  & Eton Ave ,-122.77063621099776,53.8726128213791,subset_intersection_name
all_crashes,All reported crash locations,2022,EUGENE RD # 006850 TO 007099,PRINCE GEORGE,1,,,,
all_crashes,All reported crash locations,2022,EVASKO RD & GISCOME RD,PRINCE GEORGE,1,Giscome Rd  & Evasko Rd ,-122.61665475361598,53.898384455367754,exact_intersection_name
all_crashes,All reported crash locations,2022,EWERT ST # 001200 TO 001499,PRINCE GEORGE,1,,,,
all_crashes,All reported crash locations,2022,FACTOR AVE # 004200 TO 004299,PRINCE GEORGE,1,,,,
all_crashes,All reported crash locations,2022,FACTOR AVE & TABOR BLVD,PRINCE GEORGE,1,Tabor Blvd  & Factor Ave ,-122.80606106280874,53.923067676048746,exact_intersection_name
all_crashes,All reported crash locations,2022,FAIRVIEW CRES & WESTWOOD DR,PRINCE GEORGE,1,Westwood Dr  & Fairview Cres ,-122.77969731325452,53.893635641836106,exact_intersection_name
all_crashes,All reported crash locations,2022,FAULKNER CRES # 000800 TO 000899,PRINCE GEORGE,1,,,,
all_crashes,All reported crash locations,2022,FERGUSON LAKE RD & KELLY RD N,PRINCE GEORGE,1,Kelly Rd N & Ferguson Lake Rd ,-122.80130914857916,54.02118859887988,exact_intersection_name
all_crashes,All reported crash locations,2022,FERRY AVE # 002000 TO 002118,PRINCE GEORGE,1,,,,
all_crashes,All reported crash locations,2022,FERRY AVE & SPRUCE ST & WILLIAMS CRES,PRINCE GEORGE,1,Ferry Ave  & Spruce St ,-122.75797567567012,53.888767621190226,subset_intersection_name
all_crashes,All reported crash locations,2022,FOOTHILLS BLVD & GLEN SHEE RD,PRINCE GEORGE,1,Foothills Blvd  & Glen Shee Rd ,-122.81164811368103,53.90933105043924,exact_intersection_name
all_crashes,All reported crash locations,2022,FOOTHILLS BLVD & KILLOREN CRES,PRINCE GEORGE,1,Foothills Blvd  & Killoren Cres ,-122.81964853683898,53.92495184404549,exact_intersection_name
all_crashes,All reported crash locations,2022,FOOTHILLS BLVD & OCHAKWIN CRES,PRINCE GEORGE,1,Foothills Blvd  & Ochakwin Cres ,-122.81927023793749,53.91825961718918,exact_intersection_name
all_crashes,All reported crash locations,2022,FORD AVE # 001470 TO 001499,PRINCE GEORGE,1,,,,
all_crashes,All reported crash locations,2022,FOREMAN RD # 000700 TO 000799,PRINCE GEORGE,1,,,,
all_crashes,All reported crash locations,2022,FOREST AVE & FOREST PL & GOHEEN ST,PRINCE GEORGE,1,Goheen St  & Forest Ave ,-122.79430851545116,53.89570048590638,subset_intersection_name
all_crashes,All reported crash locations,2022,FRASER CRES # 001400 TO 001429,PRINCE GEORGE,1,,,,
all_crashes,All reported crash locations,2022,FRASER FLATS RD & OLD SUMMIT LAKE RD,PRINCE GEORGE,1,Old Summit Lake Rd  & Fraser Flats Rd ,-122.73090112585461,53.96698426509426,exact_intersection_name
all_crashes,All reported crash locations,2022,GARVIN ST # 001442 TO 001499,PRINCE GEORGE,1,,,,
all_crashes,All reported crash locations,2022,GAUTHIER RD # 005900 TO 005989,PRINCE GEORGE,1,,,,
all_crashes,All reported crash locations,2022,GLENNGARRY RD & HIGHLAND DR,PRINCE GEORGE,1,Highland Dr  & Glenngarry Rd ,-122.79525640389801,53.98106447796298,exact_intersection_name
all_crashes,All reported crash locations,2022,GLENVIEW DR # 006900 TO 006999,PRINCE GEORGE,1,,,,
all_crashes,All reported crash locations,2022,GOHEEN PL & GOHEEN ST & GRACE CRES,PRINCE GEORGE,1,Goheen St  & Grace Cres ,-122.7943178838166,53.892906861038355,subset_intersection_name
all_crashes,All reported crash locations,2022,GOHEEN ST & PINEWOOD AVE,PRINCE GEORGE,1,Pinewood Ave  & Goheen St ,-122.79432819316787,53.892124096401936,exact_intersection_name
all_crashes,All reported crash locations,2022,GOULD CRES & OSPIKA BLVD,PRINCE GEORGE,1,Ospika Blvd  & Gould Cres ,-122.78917016752777,53.894140320429266,exact_intersection_name
all_crashes,All reported crash locations,2022,GRANT RD # 002310 TO 002523,PRINCE GEORGE,1,,,,
all_crashes,All reported crash locations,2022,GRAVES RD # 005741 TO 006528,PRINCE GEORGE,1,,,,
all_crashes,All reported crash locations,2022,GREAT ST & RAILWAY RD,PRINCE GEORGE,1,Great St  & Railway Rd ,-122.7431219711367,53.88439335069734,exact_intersection_name
all_crashes,All reported crash locations,2022,GREAT ST & TERMINAL BLVD,PRINCE GEORGE,1,Terminal Blvd  & Great St ,-122.73824984795061,53.87623105382251,exact_intersection_name
all_crashes,All reported crash locations,2022,GREEN PL # 000350 TO 000399,PRINCE GEORGE,1,,,,
all_crashes,All reported crash locations,2022,GUELPH PL # 007150 TO 007199,PRINCE GEORGE,1,,,,
all_crashes,All reported crash locations,2022,GUEST CRES & KINNEY PL,PRINCE GEORGE,1,Guest Cres  & Kinney Pl ,-122.79846180197451,53.89788683692484,exact_intersection_name
all_crashes,All reported crash locations,2022,HANDLEN RD & HEATHER PARK RD,PRINCE GEORGE,1,Handlen Rd  & Heather Park Rd ,-122.80727175696536,53.99613477867774,exact_intersection_name
all_crashes,All reported crash locations,2022,HARPER DR # 001700 TO 001799,PRINCE GEORGE,1,,,,
all_crashes,All reported crash locations,2022,HART HWY # 000601 TO 000975,PRINCE GEORGE,1,,,,
all_crashes,All reported crash locations,2022,HART HWY # 001026 TO 001499,PRINCE GEORGE,1,,,,
all_crashes,All reported crash locations,2022,HART HWY # 002100 TO 002798,PRINCE GEORGE,1,,,,
all_crashes,All reported crash locations,2022,HART HWY # 003500 TO 003898,PRINCE GEORGE,1,,,,
all_crashes,All reported crash locations,2022,HART HWY # 006400 TO 006698,PRINCE GEORGE,1,,,,
all_crashes,All reported crash locations,2022,HART HWY # 008000 TO 008168,PRINCE GEORGE,1,,,,
all_crashes,All reported crash locations,2022,HART HWY & HART HWY FRTG & NORDIC DR,PRINCE GEORGE,1,Hart Hwy  & Nordic Dr ,-122.80095549920783,53.999154791952165,subset_intersection_name
all_crashes,All reported crash locations,2022,HART HWY & LEHMAN ST,PRINCE GEORGE,1,Hart Hwy  & Lehman St ,-122.77578304825636,53.980963507961064,exact_intersection_name
all_crashes,All reported crash locations,2022,HARTMAN RD # 010528 TO 011499,PRINCE GEORGE,1,,,,
all_crashes,All reported crash locations,2022,HARTWAY DR # 005330 TO 005529,PRINCE GEORGE,1,,,,
all_crashes,All reported crash locations,2022,HAZELTON ST # 002572 TO 002599,PRINCE GEORGE,1,,,,
all_crashes,All reported crash locations,2022,HEATHER RD # 004450 TO 004799,PRINCE GEORGE,1,,,,
all_crashes,All reported crash locations,2022,HELENE RD & TONY RD,PRINCE GEORGE,1,Tony Rd  & Helene Rd ,-122.80954122423128,53.85609360750726,exact_intersection_name
all_crashes,All reported crash locations,2022,HEWLETT CRT # 002650 TO 002699,PRINCE GEORGE,1,,,,
all_crashes,All reported crash locations,2022,HOUSTON LANE & JASPER ST & QUEENSWAY,PRINCE GEORGE,1,Queensway   & Jasper St ,-122.74286335367935,53.89439091903017,subset_intersection_name
all_crashes,All reported crash locations,2022,HWY 16 E & YELLOWHEAD BRIDGE,PRINCE GEORGE,1,,,,
all_crashes,All reported crash locations,2022,HWY 16 W # 007840 TO 008157,PRINCE GEORGE,1,,,,
all_crashes,All reported crash locations,2022,HWY 16 W & HWY 16 W FRTG & JUTLAND RD,PRINCE GEORGE,1,Hwy 16 W & Jutland Rd ,-122.85766180675823,53.82754168821828,subset_intersection_name
all_crashes,All reported crash locations,2022,HWY 97 S # 001822 TO 002298,PRINCE GEORGE,1,,,,
all_crashes,All reported crash locations,2022,HWY 97 S & PACIFIC ST & TURNING LANE & UNSIGNED,PRINCE GEORGE,1,Hwy 97 S & Pacific St ,-122.73607787027044,53.8729297934472,subset_intersection_name
all_crashes,All reported crash locations,2022,INGLEDEW ST # 002000 TO 002099,PRINCE GEORGE,1,,,,
all_crashes,All reported crash locations,2022,INGLEWOOD RD & KLUANE RD,PRINCE GEORGE,1,Inglewood Rd  & Kluane Rd ,-122.83763398154534,54.0231143264595,exact_intersection_name
all_crashes,All reported crash locations,2022,INVERNESS RD # 001000 TO 001019,PRINCE GEORGE,1,,,,
all_crashes,All reported crash locations,2022,IRWIN ST # 001441 TO 001499,PRINCE GEORGE,1,,,,
all_crashes,All reported crash locations,2022,IVY ST & PINEWOOD AVE,PRINCE GEORGE,1,Pinewood Ave  & Ivy St ,-122.78268851801819,53.892052227628135,exact_intersection_name
all_crashes,All reported crash locations,2022,JASPER ST & MOSS AVE,PRINCE GEORGE,1,Jasper St  & Moss Ave ,-122.74299108590125,53.900340676531265,exact_intersection_name
all_crashes,All reported crash locations,2022,JOHNSON ST # 000800 TO 000999,PRINCE GEORGE,1,,,,
all_crashes,All reported crash locations,2022,KASLO ST & QUEENSWAY,PRINCE GEORGE,1,Queensway   & Kaslo St ,-122.7443623924109,53.8939946183974,exact_intersection_name
all_crashes,All reported crash locations,2022,KELLY RD N # 010160 TO 010225,PRINCE GEORGE,1,,,,
all_crashes,All reported crash locations,2022,KELLY RD S # 007300 TO 007429,PRINCE GEORGE,1,,,,
all_crashes,All reported crash locations,2022,KENWOOD ST # 001700 TO 001899,PRINCE GEORGE,1,,,,
all_crashes,All reported crash locations,2022,KERRY ST & RAINBOW DR,PRINCE GEORGE,1,Kerry St  & Rainbow Dr ,-122.80096567555634,53.91770163530712,exact_intersection_name
all_crashes,All reported crash locations,2022,KILLARNEY DR # 002800 TO 002849,PRINCE GEORGE,1,,,,
all_crashes,All reported crash locations,2022,KILLOREN CRES # 000300 TO 000390,PRINCE GEORGE,1,,,,
all_crashes,All reported crash locations,2022,KINCHEN DR # 007350 TO 007599,PRINCE GEORGE,1,,,,
all_crashes,All reported crash locations,2022,KINGSTON ST # 000100 TO 000199,PRINCE GEORGE,1,,,,
all_crashes,All reported crash locations,2022,KLUANE RD # 005800 TO 006009,PRINCE GEORGE,1,,,,
all_crashes,All reported crash locations,2022,LA SALLE AVE & QUEENSWAY,PRINCE GEORGE,1,Queensway   & La Salle Ave ,-122.7413515595774,53.89683300697372,exact_intersection_name
all_crashes,All reported crash locations,2022,LALONDE RD & MARLEAU RD,PRINCE GEORGE,1,Marleau Rd  & Lalonde Rd ,-122.7889705182858,53.86284038078352,exact_intersection_name
all_crashes,All reported crash locations,2022,LANDOOZ RD # 006986 TO 006999,PRINCE GEORGE,1,,,,
all_crashes,All reported crash locations,2022,LANDOOZ RD & VISTA RD,PRINCE GEORGE,1,Vista Rd & Landooz Rd ,-122.66583680130584,54.00860455125367,exact_intersection_name
all_crashes,All reported crash locations,2022,LAURIER CRES & LETHBRIDGE ST,PRINCE GEORGE,1,Lethbridge St  & Laurier Cres ,-122.76321700839463,53.91461150970025,exact_intersection_name
all_crashes,All reported crash locations,2022,LETHBRIDGE ST # 001200 TO 001249,PRINCE GEORGE,1,,,,
all_crashes,All reported crash locations,2022,LIMESTONE CRES # 001000 TO 001059,PRINCE GEORGE,1,,,,
all_crashes,All reported crash locations,2022,MALASPINA AVE # 008000 TO 008069,PRINCE GEORGE,1,,,,
all_crashes,All reported crash locations,2022,MALASPINA AVE & PRINCE EDWARD CRES & ROCHESTER CRES,PRINCE GEORGE,1,Malaspina Ave  & Rochester Cres ,-122.76942142881634,53.84892597338895,subset_intersection_name
all_crashes,All reported crash locations,2022,MASSEY DR # 002011 TO 002099,PRINCE GEORGE,1,,,,
all_crashes,All reported crash locations,2022,MASSEY DR # 002201 TO 002441,PRINCE GEORGE,1,,,,
all_crashes,All reported crash locations,2022,MASSEY DR # 003520 TO 003598,PRINCE GEORGE,1,,,,
all_crashes,All reported crash locations,2022,MASSEY DR & OPIE CRES,PRINCE GEORGE,1,Massey Dr  & Opie Cres ,-122.78582548518396,53.899640663219,exact_intersection_name
all_crashes,All reported crash locations,2022,MAURICE DR # 002500 TO 003299,PRINCE GEORGE,1,,,,
all_crashes,All reported crash locations,2022,MCBRIDE CRES # 002200 TO 002399,PRINCE GEORGE,1,,,,
all_crashes,All reported crash locations,2022,MCBRIDE CRES & MELVILLE AVE,PRINCE GEORGE,1,Melville Ave  & McBride Cres ,-122.7608539384683,53.91912158123348,exact_intersection_name
all_crashes,All reported crash locations,2022,MCDERMID DR & MCLEAN DR,PRINCE GEORGE,1,McDermid Dr  & McLean Dr ,-122.79661984575827,53.93063580029101,exact_intersection_name
all_crashes,All reported crash locations,2022,MCDERMID DR & N OSPIKA BLVD,PRINCE GEORGE,1,,,,
all_crashes,All reported crash locations,2022,MCGUIRE RD # 008520 TO 008799,PRINCE GEORGE,1,,,,
all_crashes,All reported crash locations,2022,MCKINLEY CRES # 000100 TO 000149,PRINCE GEORGE,1,,,,
all_crashes,All reported crash locations,2022,MCLARTY CRES # 003500 TO 003539,PRINCE GEORGE,1,,,,
all_crashes,All reported crash locations,2022,MCPHERSON PL # 000300 TO 000399,PRINCE GEORGE,1,,,,
all_crashes,All reported crash locations,2022,MCTAVISH RD # 002368 TO 002449,PRINCE GEORGE,1,,,,
all_crashes,All reported crash locations,2022,MELVILLE AVE & RENWICK CRES,PRINCE GEORGE,1,Melville Ave  & Renwick Cres ,-122.75942592825973,53.9176736007978,exact_intersection_name
all_crashes,All reported crash locations,2022,MELVILLE AVE & ROSS CRES,PRINCE GEORGE,1,Melville Ave  & Ross Cres ,-122.76018350797008,53.918368621213396,exact_intersection_name
all_crashes,All reported crash locations,2022,MERRITT RD & WIEBE RD,PRINCE GEORGE,1,Wiebe Rd  & Merritt Rd ,-122.77355910369752,53.883681255445175,exact_intersection_name
all_crashes,All reported crash locations,2022,MERTON CRES # 004230 TO 004299,PRINCE GEORGE,1,,,,
all_crashes,All reported crash locations,2022,MICHAEL RD # 004100 TO 004349,PRINCE GEORGE,1,,,,
all_crashes,All reported crash locations,2022,MICHENER CRES # 002700 TO 002749,PRINCE GEORGE,1,,,,
all_crashes,All reported crash locations,2022,MILBURN AVE # 001484 TO 001499,PRINCE GEORGE,1,,,,
all_crashes,All reported crash locations,2022,MILWAUKEE WAY # 009261 TO 009499,PRINCE GEORGE,1,,,,
all_crashes,All reported crash locations,2022,MILWAUKEE WAY # 009874 TO 009919,PRINCE GEORGE,1,,,,
all_crashes,All reported crash locations,2022,MONCTON CRES # 007600 TO 007663,PRINCE GEORGE,1,,,,
all_crashes,All reported crash locations,2022,MONCTON CRES # 007664 TO 007699,PRINCE GEORGE,1,,,,
all_crashes,All reported crash locations,2022,MONTGOMERY CRES # 004100 TO 004249,PRINCE GEORGE,1,,,,
all_crashes,All reported crash locations,2022,MORAN CRES # 000260 TO 000329,PRINCE GEORGE,1,,,,
all_crashes,All reported crash locations,2022,MORGAN CRES # 004140 TO 004199,PRINCE GEORGE,1,,,,
all_crashes,All reported crash locations,2022,MORIARTY PL # 005500 TO 005529,PRINCE GEORGE,1,,,,
all_crashes,All reported crash locations,2022,NATION CRES # 001400 TO 001451,PRINCE GEORGE,1,,,,
all_crashes,All reported crash locations,2022,NICHOLSON ST # 002400 TO 002469,PRINCE GEORGE,1,,,,
all_crashes,All reported crash locations,2022,NICHOLSON ST & OPIE CRES,PRINCE GEORGE,1,Nicholson St  & Opie Cres ,-122.78842980112182,53.900872786045554,exact_intersection_name
all_crashes,All reported crash locations,2022,NORTH MEADOW PL # 004820 TO 004845,PRINCE GEORGE,1,,,,
all_crashes,All reported crash locations,2022,NORTH MEADOW RD # 004700 TO 004848,PRINCE GEORGE,1,,,,
all_crashes,All reported crash locations,2022,NORTH NECHAKO RD # 000628 TO 000799,PRINCE GEORGE,1,,,,
all_crashes,All reported crash locations,2022,NORTH NECHAKO RD # 001200 TO 001479,PRINCE GEORGE,1,,,,
all_crashes,All reported crash locations,2022,NORTH NECHAKO RD # 005126 TO 005130,PRINCE GEORGE,1,,,,
all_crashes,All reported crash locations,2022,NORTH NECHAKO RD # 007200 TO 007755,PRINCE GEORGE,1,,,,
all_crashes,All reported crash locations,2022,NORTH NECHAKO RD & ONGMAN RD,PRINCE GEORGE,1,,,,
all_crashes,All reported crash locations,2022,NORTH NECHAKO RD & RIVERVIEW RD,PRINCE GEORGE,1,North Nechako Rd  & Riverview Rd ,-122.83056392977731,53.96240035196523,exact_intersection_name
all_crashes,All reported crash locations,2022,NORTHERN CRES & SINTICH RD,PRINCE GEORGE,1,Sintich Rd  & Northern Cres ,-122.72646961483315,53.84036792655321,exact_intersection_name
all_crashes,All reported crash locations,2022,NORTHWOOD PULPMILL RD # 002200 TO 002399,PRINCE GEORGE,1,,,,
all_crashes,All reported crash locations,2022,NORWOOD ST # 002100 TO 002189,PRINCE GEORGE,1,,,,
all_crashes,All reported crash locations,2022,OAK ST # 002100 TO 002199,PRINCE GEORGE,1,,,,
all_crashes,All reported crash locations,2022,OAKRIDGE CRES # 002700 TO 002999,PRINCE GEORGE,1,,,,
all_crashes,All reported crash locations,2022,OLD CARIBOO HWY # 001442 TO 001849,PRINCE GEORGE,1,,,,
all_crashes,All reported crash locations,2022,OLD SUMMIT LAKE RD # 006903 TO 008799,PRINCE GEORGE,1,,,,
all_crashes,All reported crash locations,2022,OLD SUMMIT LAKE RD & SHADY VALLEY RD,PRINCE GEORGE,1,Old Summit Lake Rd  & Shady Valley Rd ,-122.72901522892496,53.97703954641542,exact_intersection_name
all_crashes,All reported crash locations,2022,OPIE CRES & QUINN ST,PRINCE GEORGE,1,Quinn St  & Opie Cres ,-122.79191572093586,53.900972596755444,exact_intersection_name
all_crashes,All reported crash locations,2022,OSPIKA BLVD # 000619 TO 000799,PRINCE GEORGE,1,,,,
all_crashes,All reported crash locations,2022,OSPIKA BLVD # 001801 TO 002179,PRINCE GEORGE,1,,,,
all_crashes,All reported crash locations,2022,OSPIKA BLVD & PARSNIP CRES,PRINCE GEORGE,1,Ospika Blvd  & Parsnip Cres ,-122.79720068118382,53.91240589996924,exact_intersection_name
all_crashes,All reported crash locations,2022,OSPIKA BLVD & PIONEER AVE,PRINCE GEORGE,1,Ospika Blvd  & Pioneer Ave ,-122.79420588216988,53.92191905775345,exact_intersection_name
all_crashes,All reported crash locations,2022,OTWAY RD # 007130 TO 008141,PRINCE GEORGE,1,,,,
all_crashes,All reported crash locations,2022,PACIFIC ST # 001145 TO 001199,PRINCE GEORGE,1,,,,
all_crashes,All reported crash locations,2022,PACIFIC ST # 006333 TO 006333,PRINCE GEORGE,1,,,,
all_crashes,All reported crash locations,2022,PACIFIC ST # 006491 TO 008483,PRINCE GEORGE,1,,,,
all_crashes,All reported crash locations,2022,PARK DR # 005500 TO 005899,PRINCE GEORGE,1,,,,
all_crashes,All reported crash locations,2022,PARKER DR # 000100 TO 000169,PRINCE GEORGE,1,,,,
all_crashes,All reported crash locations,2022,PARKSIDE DR & TYNER BLVD,PRINCE GEORGE,1,Tyner Blvd & Parkside Dr,-122.7956335109106,53.86937139166956,exact_intersection_name
all_crashes,All reported crash locations,2022,PENN RD # 009000 TO 009299,PRINCE GEORGE,1,,,,
all_crashes,All reported crash locations,2022,PETER RD # 008400 TO 008799,PRINCE GEORGE,1,,,,
all_crashes,All reported crash locations,2022,PETERSEN RD & WESTWOOD DR,PRINCE GEORGE,1,Westwood Dr  & Petersen Rd ,-122.77953925720556,53.88019302188013,exact_intersection_name
all_crashes,All reported crash locations,2022,PINE ST # 002000 TO 002099,PRINCE GEORGE,1,,,,
all_crashes,All reported crash locations,2022,PINEWOOD AVE # 003600 TO 003729,PRINCE GEORGE,1,,,,
all_crashes,All reported crash locations,2022,PINEWOOD AVE # 003800 TO 003849,PRINCE GEORGE,1,,,,
all_crashes,All reported crash locations,2022,PINEWOOD AVE & WESTWOOD DR,PRINCE GEORGE,1,Westwood Dr  & Pinewood Ave ,-122.7796791963073,53.89208116098949,exact_intersection_name
all_crashes,All reported crash locations,2022,PIONEER AVE # 000100 TO 000199,PRINCE GEORGE,1,,,,
all_crashes,All reported crash locations,2022,PRINCE EDWARD CRES # 008160 TO 008179,PRINCE GEORGE,1,,,,
all_crashes,All reported crash locations,2022,PROGRESS RD & VISTA RD,PRINCE GEORGE,1,Vista Rd  & Progress Rd ,-122.66131616578163,54.00395884151195,exact_intersection_name
all_crashes,All reported crash locations,2022,QUAW AVE # 001100 TO 001129,PRINCE GEORGE,1,,,,
all_crashes,All reported crash locations,2022,QUEENSWAY # 001900 TO 001961,PRINCE GEORGE,1,,,,
all_crashes,All reported crash locations,2022,QUEENSWAY # 002098 TO 002199,PRINCE GEORGE,1,,,,
all_crashes,All reported crash locations,2022,QUINCE ST # 002200 TO 002299,PRINCE GEORGE,1,,,,
all_crashes,All reported crash locations,2022,QUINCE ST # 002600 TO 002699,PRINCE GEORGE,1,,,,
all_crashes,All reported crash locations,2022,RANGE RD & ROMANIN CRES,PRINCE GEORGE,1,Range Rd  & Romanin Cres ,-122.78096581657405,53.88452687014974,exact_intersection_name
all_crashes,All reported crash locations,2022,REDWOOD ST # 001700 TO 001879,PRINCE GEORGE,1,,,,
all_crashes,All reported crash locations,2022,REDWOOD ST # 002146 TO 002299,PRINCE GEORGE,1,,,,
all_crashes,All reported crash locations,2022,REYNOLDS RD # 007000 TO 007341,PRINCE GEORGE,1,,,,
all_crashes,All reported crash locations,2022,RIVERVIEW RD # 003100 TO 003409,PRINCE GEORGE,1,,,,
all_crashes,All reported crash locations,2022,ROCK ISLAND RD # 009170 TO 009599,PRINCE GEORGE,1,,,,
all_crashes,All reported crash locations,2022,ROWE ST # 002390 TO 002425,PRINCE GEORGE,1,,,,
all_crashes,All reported crash locations,2022,RUGGLES ST # 000100 TO 000199,PRINCE GEORGE,1,,,,
all_crashes,All reported crash locations,2022,RUGGLES ST # 000300 TO 000399,PRINCE GEORGE,1,,,,
all_crashes,All reported crash locations,2022,RYAN RD & VANCE RD,PRINCE GEORGE,1,Vance Rd  & Ryan Rd ,-122.77429754004862,53.88098289153774,exact_intersection_name
all_crashes,All reported crash locations,2022,SADLER DR # 002330 TO 002499,PRINCE GEORGE,1,,,,
all_crashes,All reported crash locations,2022,SANDERSON RD & WESTWOOD DR,PRINCE GEORGE,1,Westwood Dr  & Sanderson Rd ,-122.77944806184966,53.88276659782765,exact_intersection_name
all_crashes,All reported crash locations,2022,SHAMROCK RD # 004600 TO 004929,PRINCE GEORGE,1,,,,
all_crashes,All reported crash locations,2022,SINDIA RD & SYKES RD W,PRINCE GEORGE,1,Sykes Rd W & Sindia Rd ,-122.84253848321926,53.84491377841575,exact_intersection_name
all_crashes,All reported crash locations,2022,SINTICH RD # 008900 TO 009099,PRINCE GEORGE,1,,,,
all_crashes,All reported crash locations,2022,SOUTHRIDGE AVE # 005750 TO 005848,PRINCE GEORGE,1,,,,
all_crashes,All reported crash locations,2022,SOUTHRIDGE AVE & ST ANTHONY CRES & ST FRANCES CRES,PRINCE GEORGE,1,Southridge Ave  & St Anthony Cres ,-122.78223987193051,53.85958829607353,subset_intersection_name
all_crashes,All reported crash locations,2022,SOUTHRIDGE AVE & ST LAWRENCE AVE,PRINCE GEORGE,1,Southridge Ave  & St Lawrence Ave ,-122.77856011638508,53.855592923887855,exact_intersection_name
all_crashes,All reported crash locations,2022,SPRUCE ST # 001700 TO 001963,PRINCE GEORGE,1,,,,
all_crashes,All reported crash locations,2022,ST ANTHONY CRES # 006931 TO 006949,PRINCE GEORGE,1,,,,
all_crashes,All reported crash locations,2022,ST JOHN CRES # 007900 TO 007999,PRINCE GEORGE,1,,,,
all_crashes,All reported crash locations,2022,ST LAWRENCE AVE & ST PATRICK AVE,PRINCE GEORGE,1,St Lawrence Ave  & St Patrick Ave ,-122.77314112197458,53.85564865406526,exact_intersection_name
all_crashes,All reported crash locations,2022,STILLWATER CRES # 007707 TO 008099,PRINCE GEORGE,1,,,,
all_crashes,All reported crash locations,2022,STIRLING DR # 001000 TO 001099,PRINCE GEORGE,1,,,,
all_crashes,All reported crash locations,2022,STIRLING DR # 001100 TO 001199,PRINCE GEORGE,1,,,,
all_crashes,All reported crash locations,2022,STRATHCONA AVE & VICTORIA ST,PRINCE GEORGE,1,Victoria St  & Strathcona Ave ,-122.75527011029236,53.90222988947146,exact_intersection_name
all_crashes,All reported crash locations,2022,STROM PL # 004700 TO 004870,PRINCE GEORGE,1,,,,
all_crashes,All reported crash locations,2022,STUART DR # 000500 TO 000555,PRINCE GEORGE,1,,,,
all_crashes,All reported crash locations,2022,TAMARACK ST # 001700 TO 001963,PRINCE GEORGE,1,,,,
all_crashes,All reported crash locations,2022,TAPPING ST # 002250 TO 002359,PRINCE GEORGE,1,,,,
all_crashes,All reported crash locations,2022,TRENT DR # 005900 TO 006099,PRINCE GEORGE,1,,,,
all_crashes,All reported crash locations,2022,TWEEDSMUIR AVE & WESTWOOD DR,PRINCE GEORGE,1,Westwood Dr  & Tweedsmuir Ave ,-122.77979619694152,53.895663084375094,exact_intersection_name
all_crashes,All reported crash locations,2022,TWINBERRY DR # 009153 TO 009205,PRINCE GEORGE,1,,,,
all_crashes,All reported crash locations,2022,UNIVERSITY WAY # 003300 TO 003339,PRINCE GEORGE,1,,,,
all_crashes,All reported crash locations,2022,UPLAND ST # 002101 TO 002142,PRINCE GEORGE,1,,,,
all_crashes,All reported crash locations,2022,VANCE RD # 002600 TO 002659,PRINCE GEORGE,1,,,,
all_crashes,All reported crash locations,2022,VANCE RD # 002680 TO 002799,PRINCE GEORGE,1,,,,
all_crashes,All reported crash locations,2022,VICTORIA ST # 000100 TO 000199,PRINCE GEORGE,1,,,,
all_crashes,All reported crash locations,2022,VICTORIA ST # 000700 TO 000753,PRINCE GEORGE,1,,,,
all_crashes,All reported crash locations,2022,VICTORIA ST # 000850 TO 000899,PRINCE GEORGE,1,,,,
all_crashes,All reported crash locations,2022,VICTORIA ST # 000900 TO 000951,PRINCE GEORGE,1,,,,
all_crashes,All reported crash locations,2022,VICTORIA ST # 001000 TO 001099,PRINCE GEORGE,1,,,,
all_crashes,All reported crash locations,2022,VICTORIA ST # 001501 TO 001699,PRINCE GEORGE,1,,,,
all_crashes,All reported crash locations,2022,WADE PL # 004800 TO 004849,PRINCE GEORGE,1,,,,
all_crashes,All reported crash locations,2022,WALLACE CRES # 003080 TO 003115,PRINCE GEORGE,1,,,,
all_crashes,All reported crash locations,2022,WARREN AVE # 000800 TO 000899,PRINCE GEORGE,1,,,,
all_crashes,All reported crash locations,2022,WESTGATE AVE # 006800 TO 006808,PRINCE GEORGE,1,,,,
all_crashes,All reported crash locations,2022,WESTMOUNT DR # 006740 TO 006839,PRINCE GEORGE,1,,,,
all_crashes,All reported crash locations,2022,WESTMOUNT DR # 006840 TO 006999,PRINCE GEORGE,1,,,,
all_crashes,All reported crash locations,2022,WINNIPEG ST & YEW ST,PRINCE GEORGE,1,Winnipeg St  & Yew St ,-122.76498855534012,53.90782580112873,exact_intersection_name
all_crashes,All reported crash locations,2022,WINSTON RD # 002400 TO 002499,PRINCE GEORGE,1,,,,
all_crashes,All reported crash locations,2022,WOLVERINE ST # 000500 TO 000599,PRINCE GEORGE,1,,,,
all_crashes,All reported crash locations,2022,YELLOWHEAD BRIDGE,PRINCE GEORGE,1,,,,
all_crashes,All reported crash locations,2023,DOMANO BLVD & HWY 16 W & TYNER BLVD & TURNING LANE,PRINCE GEORGE,56,Domano Blvd  & Domano Blvd ,-122.7710521207196,53.84646157118433,subset_intersection_name
all_crashes,All reported crash locations,2023,HWY 16 W & HWY 97 S & INDUSTRIAL ACCESS ROAD & TURNING LANE,PRINCE GEORGE,51,,,,
all_crashes,All reported crash locations,2023,15TH AVE & CENTRAL ST E & CENTRAL ST W & HWY 97 S & TURNING LANE,PRINCE GEORGE,47,Hwy 97 S & 15th Ave ,-122.78179494195119,53.910312151553725,subset_intersection_name
all_crashes,All reported crash locations,2023,FERRY AVE & HWY 16 W & TURNING LANE,PRINCE GEORGE,46,Hwy 16 W & Ferry Ave ,-122.76736310375131,53.88887407036401,exact_intersection_name
all_crashes,All reported crash locations,2023,5TH AVE & CENTRAL ST E & HWY 97 S & TURNING LANE,PRINCE GEORGE,30,Hwy 97 S & 5th Ave ,-122.78177854610227,53.9205941555201,subset_intersection_name
all_crashes,All reported crash locations,2023,COWART RD & HWY 16 W & VANCE RD & CEMETERY ACCESS ROAD & TURNING LANE,PRINCE GEORGE,26,Hwy 16 W & Vance Rd ,-122.77015009178176,53.88093857899615,subset_intersection_name
all_crashes,All reported crash locations,2023,5TH AVE & OSPIKA BLVD & TURNING LANE,PRINCE GEORGE,23,Ospika Blvd  & 5th Ave ,-122.79417553362454,53.92053592860853,exact_intersection_name
all_crashes,All reported crash locations,2023,FERRY AVE & RECPLACE DR,PRINCE GEORGE,22,Ferry Ave  & Recplace Dr ,-122.7708357032018,53.888759334056346,exact_intersection_name
all_crashes,All reported crash locations,2023,10TH AVE & CENTRAL ST E & CENTRAL ST W & HWY 97 S & TURNING LANE,PRINCE GEORGE,20,Hwy 97 S & 10th Ave ,-122.78177628409276,53.915447860379075,subset_intersection_name
all_crashes,All reported crash locations,2023,15TH AVE & 15TH AVE FRTG & OSPIKA BLVD,PRINCE GEORGE,20,Ospika Blvd  & 15th Ave ,-122.79747485365283,53.91031461599602,subset_intersection_name
all_crashes,All reported crash locations,2023,15TH AVE & CARNEY ST,PRINCE GEORGE,19,15th Ave  & Carney St ,-122.7692733112798,53.910361039113525,exact_intersection_name
all_crashes,All reported crash locations,2023,MASSEY DR & OSPIKA BLVD & TURNING LANE,PRINCE GEORGE,19,Ospika Blvd  & Massey Dr ,-122.79101461008624,53.89892833157825,exact_intersection_name
all_crashes,All reported crash locations,2023,20TH AVE & REDWOOD ST & VICTORIA ST,PRINCE GEORGE,18,20th Ave  & Redwood St ,-122.75656169384115,53.90543882115238,subset_intersection_name
all_crashes,All reported crash locations,2023,HWY 16 W & KONRATH RD & WESTGATE AVE & TURNING LANE,PRINCE GEORGE,18,Hwy 16 W & Westgate Ave ,-122.80187600562118,53.86123492513162,subset_intersection_name
all_crashes,All reported crash locations,2023,15TH AVE & PATRICIA BLVD & VICTORIA ST & TURNING LANE,PRINCE GEORGE,17,Victoria St  & 15th Ave ,-122.7548642990933,53.910532795614444,subset_intersection_name
all_crashes,All reported crash locations,2023,18TH AVE & OSPIKA BLVD,PRINCE GEORGE,17,Ospika Blvd  & 18th Ave ,-122.7975402414345,53.90731179379243,exact_intersection_name
all_crashes,All reported crash locations,2023,MASSEY DR & WESTWOOD DR & TURNING LANE,PRINCE GEORGE,16,Massey Dr  & Westwood Dr ,-122.78220102448,53.89962927490321,exact_intersection_name
all_crashes,All reported crash locations,2023,FERRY AVE & WESTWOOD DR,PRINCE GEORGE,15,Ferry Ave  & Westwood Dr ,-122.77963965521923,53.88818215882621,exact_intersection_name
all_crashes,All reported crash locations,2023,HWY 97 S & MASSEY DR & PINE CENTRE RD & PINE CENTRE RD OFFRAMP & MALL ACCESS & TURNING LANE,PRINCE GEORGE,15,Hwy 97 S & Pine Centre Rd ,-122.77435190570137,53.89909187852446,subset_intersection_name
all_crashes,All reported crash locations,2023,1ST AVE & CARNEY ST & RIVER RD & TURNING LANE,PRINCE GEORGE,14,1st Ave  & River Rd ,-122.76848239866689,53.92548131015521,subset_intersection_name
all_crashes,All reported crash locations,2023,20TH AVE & CARNEY ST & MASSEY DR & WINNIPEG ST & TURNING LANE,PRINCE GEORGE,14,Massey Dr  & Carney St ,-122.76719262100009,53.9064125236042,subset_intersection_name
all_crashes,All reported crash locations,2023,AUSTIN RD E & AUSTIN RD W & HART HWY & HART HWY FRTG & TURNING LANE,PRINCE GEORGE,14,Hart Hwy  & Austin Rd W,-122.78698619107912,53.98951914251626,subset_intersection_name
all_crashes,All reported crash locations,2023,22ND AVE & CENTRAL ST E & GRIFFITHS AVE & HWY 97 S & WESTWOOD DR & TURNING LANE,PRINCE GEORGE,12,Hwy 97 S & 22nd Ave ,-122.78180081482267,53.90360164570181,subset_intersection_name
all_crashes,All reported crash locations,2023,HART HWY & HART HWY FRTG & NORTHWOOD PULPMILL RD & NORTHWOOD PULPMILL RD OFFRAMP,PRINCE GEORGE,12,Hart Hwy  & Northwood Pulpmill Rd ,-122.76126102811199,53.94364981867475,subset_intersection_name
all_crashes,All reported crash locations,2023,15TH AVE & FOOTHILLS BLVD & UNIVERSITY WAY,PRINCE GEORGE,11,Foothills Blvd  & 15th Ave ,-122.81162073426202,53.91037359785447,subset_intersection_name
all_crashes,All reported crash locations,2023,17TH AVE & VICTORIA ST,PRINCE GEORGE,11,Victoria St  & 17th Ave ,-122.75513359039593,53.90845467368114,exact_intersection_name
all_crashes,All reported crash locations,2023,HART HWY & MONTEREY RD & MONTEREY RD W & TURNING LANE,PRINCE GEORGE,10,Hart Hwy & Monterey Rd ,-122.7722739301461,53.97865848147861,subset_intersection_name
all_crashes,All reported crash locations,2023,BOUNDARY RD & HWY 97 S & HWY 97 S FRTG & TURNING LANE,PRINCE GEORGE,9,Hwy 97 S & Boundary Rd,-122.71434293047058,53.85580502666708,subset_intersection_name
all_crashes,All reported crash locations,2023,DAKELH TI & DOMANO BLVD & MCGILL CRES & TURNING LANE,PRINCE GEORGE,9,Domano Blvd  & Domano Blvd ,-122.7710521207196,53.84646157118433,subset_intersection_name
all_crashes,All reported crash locations,2023,HWY 16 W & RANGE RD & CHAINUP & TURNING LANE,PRINCE GEORGE,9,Hwy 16 W & Range Rd ,-122.76905843798687,53.88447169816131,subset_intersection_name
all_crashes,All reported crash locations,2023,MASSEY DR & NICHOLSON ST,PRINCE GEORGE,9,Massey Dr  & Nicholson St ,-122.78890013154833,53.899613928664735,exact_intersection_name
all_crashes,All reported crash locations,2023,20TH AVE & SPRUCE ST,PRINCE GEORGE,8,20th Ave  & Spruce St ,-122.7579191232894,53.90543509971525,exact_intersection_name
all_crashes,All reported crash locations,2023,5TH AVE & AHBAU ST & LYON ST,PRINCE GEORGE,8,5th Ave  & Lyon St ,-122.78432072548367,53.92061615056932,subset_intersection_name
all_crashes,All reported crash locations,2023,BLUEBERRY RD & HART HWY & HOFERKAMP RD & SCALE ACCESS & TURNING LANE,PRINCE GEORGE,8,Hart Hwy  & Hoferkamp Rd ,-122.75994634796145,53.93830782107887,subset_intersection_name
all_crashes,All reported crash locations,2023,HOLLANDIA DR & VANCE RD & WALLS AVE,PRINCE GEORGE,8,Vance Rd  & Hollandia Dr ,-122.77177018789996,53.88098954093291,subset_intersection_name
all_crashes,All reported crash locations,2023,HWY 97 S & PACIFIC ST & TERMINAL BLVD & TURNING LANE,PRINCE GEORGE,8,Hwy 97 S & Pacific St ,-122.73607787027044,53.8729297934472,subset_intersection_name
all_crashes,All reported crash locations,2023,15TH AVE & EDMONTON ST,PRINCE GEORGE,7,15th Ave  & Edmonton St ,-122.76394479751441,53.9103781471734,exact_intersection_name
all_crashes,All reported crash locations,2023,15TH AVE & JOHNSON ST,PRINCE GEORGE,7,15th Ave  & Johnson St ,-122.779695955024,53.910365631892915,exact_intersection_name
all_crashes,All reported crash locations,2023,15TH AVE & NICHOLSON ST,PRINCE GEORGE,7,15th Ave  & Nicholson St ,-122.78694258757027,53.91020887071563,exact_intersection_name
all_crashes,All reported crash locations,2023,18TH AVE & CENTRAL ST E & CENTRAL ST W & HWY 97 S,PRINCE GEORGE,7,Hwy 97 S & 18th Ave ,-122.7817240248962,53.9072493742058,subset_intersection_name
all_crashes,All reported crash locations,2023,1ST AVE & QUEENSWAY,PRINCE GEORGE,7,1st Ave  & Queensway  ,-122.73942689740369,53.91756997144434,exact_intersection_name
all_crashes,All reported crash locations,2023,5TH AVE & FOOTHILLS BLVD,PRINCE GEORGE,7,Foothills Blvd  & 5th Ave ,-122.81925121571736,53.92063407345569,exact_intersection_name
all_crashes,All reported crash locations,2023,9TH AVE & VICTORIA ST,PRINCE GEORGE,7,Victoria St  & 9th Ave ,-122.75286633413029,53.913255575865634,exact_intersection_name
all_crashes,All reported crash locations,2023,CAMERON ST & RIVER RD,PRINCE GEORGE,7,Cameron St  & River Rd ,-122.76487632814779,53.926038421429304,exact_intersection_name
all_crashes,All reported crash locations,2023,CHIEF LAKE RD & HART HWY & TURNING LANE,PRINCE GEORGE,7,Hart Hwy  & Chief Lake Rd ,-122.80132140581058,54.00366108905891,exact_intersection_name
all_crashes,All reported crash locations,2023,FERRY AVE & FERRY AVE OFFRAMP & FERRY AVE ONRAMP & HWY 97 S & MOYIE ST & QUEENSWAY & QUEENSWAY OFFRAMP & QUEENSWAY ONRAMP & SIMON FRASER BRIDGE & TURNING LANE,PRINCE GEORGE,7,Queensway   & Moyie St ,-122.7474780339104,53.893242216093796,subset_intersection_name
all_crashes,All reported crash locations,2023,HART HWY & HART HWY ONRAMP & HWY 97 S & N NECHAKO RD OFFRAMP & N NECHAKO RD ONRAMP & NECHAKO RD OVERPASS & NORTH NECHAKO RD & INDUSTRIAL ACCESS ROAD,PRINCE GEORGE,7,Hart Hwy  & North Nechako Rd ,-122.78062589085935,53.93106085695682,subset_intersection_name
all_crashes,All reported crash locations,2023,OSPIKA BLVD & TYNER BLVD & TURNING LANE,PRINCE GEORGE,7,Ospika Blvd  & Tyner Blvd ,-122.79190773681847,53.869320651147355,exact_intersection_name
all_crashes,All reported crash locations,2023,13TH AVE & WINNIPEG ST & MALL ACCESS,PRINCE GEORGE,6,Winnipeg St  & 13th Ave ,-122.76080205044619,53.91176246775332,subset_intersection_name
all_crashes,All reported crash locations,2023,17TH AVE & QUEENSWAY,PRINCE GEORGE,6,Queensway   & 17th Ave ,-122.74230240093378,53.908467530371524,exact_intersection_name
all_crashes,All reported crash locations,2023,1ST AVE & VICTORIA ST & TURNING LANE,PRINCE GEORGE,6,Victoria St  & 1st Ave ,-122.74758500128966,53.91980676674687,exact_intersection_name
all_crashes,All reported crash locations,2023,4TH AVE & QUEENSWAY,PRINCE GEORGE,6,Queensway   & 4th Ave ,-122.74167731702815,53.914834595274975,exact_intersection_name
all_crashes,All reported crash locations,2023,5TH AVE & CARNEY ST,PRINCE GEORGE,6,5th Ave  & Carney St ,-122.76929406084285,53.92067066923,exact_intersection_name
all_crashes,All reported crash locations,2023,BEAR RD & HWY 16 W & HWY 16 W FRTG & KIMBALL RD & TURNING LANE,PRINCE GEORGE,6,Hwy 16 W & Kimball Rd ,-122.81600682764814,53.85826461271277,subset_intersection_name
all_crashes,All reported crash locations,2023,FEHR RD & HART HWY & NORANDA RD E & NORANDA RD E ONRAMP & NORANDA RD W & NORANDA RD W ONRAMP,PRINCE GEORGE,6,,,,
all_crashes,All reported crash locations,2023,FERRY AVE & LANSDOWNE RD,PRINCE GEORGE,6,Ferry Ave  & Lansdowne Rd ,-122.76237624803967,53.888733814618774,exact_intersection_name
all_crashes,All reported crash locations,2023,OSPIKA BLVD & RANGE RD,PRINCE GEORGE,6,Ospika Blvd  & Range Rd ,-122.78494957948514,53.884560801882536,exact_intersection_name
all_crashes,All reported crash locations,2023,10TH AVE & CARNEY ST,PRINCE GEORGE,5,Carney St  & 10th Ave ,-122.76929725602113,53.91542380304837,exact_intersection_name
all_crashes,All reported crash locations,2023,20TH AVE & TAMARACK ST,PRINCE GEORGE,5,20th Ave  & Tamarack St ,-122.75924862052311,53.9054295712836,exact_intersection_name
all_crashes,All reported crash locations,2023,22ND AVE & OSPIKA BLVD,PRINCE GEORGE,5,Ospika Blvd  & 22nd Ave ,-122.79642354826369,53.90223423001309,exact_intersection_name
all_crashes,All reported crash locations,2023,2ND AVE & VICTORIA ST,PRINCE GEORGE,5,Victoria St  & 2nd Ave ,-122.74844635195491,53.918682341882864,exact_intersection_name
all_crashes,All reported crash locations,2023,3RD AVE & VICTORIA ST,PRINCE GEORGE,5,Victoria St  & 3rd Ave ,-122.74910264675336,53.91788475620001,exact_intersection_name
all_crashes,All reported crash locations,2023,7TH AVE & BRUNSWICK ST,PRINCE GEORGE,5,7th Ave  & Brunswick St ,-122.75005046164604,53.914358545975176,exact_intersection_name
all_crashes,All reported crash locations,2023,BUNCE RD & GAUTHIER RD & HWY 16 W & HWY 16 W FRTG & TURNING LANE,PRINCE GEORGE,5,Hwy 16 W & Gauthier Rd ,-122.82453561579439,53.84956165993766,subset_intersection_name
all_crashes,All reported crash locations,2023,CARIBOO HWY N & CARIBOO HWY S & HWY 97 S FRTG & SINTICH RD & SINTICH RD E & TURNING LANE,PRINCE GEORGE,5,,,,
all_crashes,All reported crash locations,2023,DOMANO BLVD & GLADSTONE DR & ST LAWRENCE AVE,PRINCE GEORGE,5,Domano Blvd  & Domano Blvd ,-122.7710521207196,53.84646157118433,subset_intersection_name
all_crashes,All reported crash locations,2023,FERRY AVE & OSPIKA BLVD,PRINCE GEORGE,5,Ospika Blvd  & Ferry Ave ,-122.78723029011171,53.888222873019025,exact_intersection_name
all_crashes,All reported crash locations,2023,FOOTHILLS BLVD & OTWAY RD,PRINCE GEORGE,5,Foothills Blvd  & Otway Rd ,-122.81793770725876,53.94313538722845,exact_intersection_name
all_crashes,All reported crash locations,2023,FOREMAN RD & GRAVES RD & HWY 16 E & TURNING LANE,PRINCE GEORGE,5,Hwy 16 E & Graves Rd ,-122.64790116211557,53.92031596922509,subset_intersection_name
all_crashes,All reported crash locations,2023,HWY 16 W & MARLEAU RD & WELLER RD & TURNING LANE,PRINCE GEORGE,5,Hwy 16 W & Marleau Rd ,-122.7915482227612,53.86507997452401,subset_intersection_name
all_crashes,All reported crash locations,2023,HWY 16 W & SOUTHRIDGE AVE & SOUTHRIDGE AVE OFFRAMP & SOUTHRIDGE AVE ONRAMP & TURNING LANE,PRINCE GEORGE,5,Hwy 16 W & Southridge Ave ,-122.78401789678078,53.86549468941883,subset_intersection_name
all_crashes,All reported crash locations,2023,HWY 16 W FRTG & WESTGATE AVE,PRINCE GEORGE,5,,,,
all_crashes,All reported crash locations,2023,HWY 97 S & RAILWAY RD & TURNING LANE,PRINCE GEORGE,5,Hwy 97 S & Railway Rd ,-122.74183225904618,53.884844890120526,exact_intersection_name
all_crashes,All reported crash locations,2023,OSPIKA BLVD & RAINBOW DR,PRINCE GEORGE,5,Ospika Blvd  & Rainbow Dr ,-122.79585095028654,53.91651845108733,exact_intersection_name
all_crashes,All reported crash locations,2023,15TH AVE & 15TH AVE FRTG & AHBAU ST,PRINCE GEORGE,4,,,,
all_crashes,All reported crash locations,2023,15TH AVE & LYON ST,PRINCE GEORGE,4,15th Ave  & Lyon St ,-122.78471601003106,53.910246170511066,exact_intersection_name
all_crashes,All reported crash locations,2023,15TH AVE & TABOR BLVD,PRINCE GEORGE,4,15th Ave  & Tabor Blvd ,-122.80702669201499,53.91044044434808,exact_intersection_name
all_crashes,All reported crash locations,2023,1ST AVE & N TABOR BLVD & TABOR BLVD,PRINCE GEORGE,4,Tabor Blvd  & 1st Ave ,-122.80312365900102,53.92712440844348,subset_intersection_name
all_crashes,All reported crash locations,2023,20TH AVE & QUEENSWAY,PRINCE GEORGE,4,,,,
all_crashes,All reported crash locations,2023,5TH AVE & TABOR BLVD,PRINCE GEORGE,4,5th Ave  & Tabor Blvd ,-122.80762434320357,53.92062910542345,exact_intersection_name
all_crashes,All reported crash locations,2023,DAVIS RD & OSPIKA BLVD,PRINCE GEORGE,4,Ospika Blvd  & Davis Rd ,-122.78461387765036,53.8765979093368,exact_intersection_name
all_crashes,All reported crash locations,2023,DOMANO BLVD & TRENT DR,PRINCE GEORGE,4,Domano Blvd  & Trent Dr ,-122.76699672121138,53.86370190114356,exact_intersection_name
all_crashes,All reported crash locations,2023,E BEAVERLEY RD & HARTMAN RD & HWY 16 W,PRINCE GEORGE,4,Hwy 16 W & Hartman Rd ,-122.88147597500439,53.82080096892897,subset_intersection_name
all_crashes,All reported crash locations,2023,FERRY AVE & UPLAND ST,PRINCE GEORGE,4,Ferry Ave  & Upland St ,-122.76072558033358,53.88881653718363,exact_intersection_name
all_crashes,All reported crash locations,2023,HWY 16 E & OLD CARIBOO HWY & ACCESS ROAD,PRINCE GEORGE,4,Hwy 16 E & Old Cariboo Hwy ,-122.66670235342924,53.908536210376234,subset_intersection_name
all_crashes,All reported crash locations,2023,SPRUCE ST & STRATHCONA AVE,PRINCE GEORGE,4,Spruce St  & Strathcona Ave ,-122.7579259069719,53.90227702965745,exact_intersection_name
all_crashes,All reported crash locations,2023,10TH AVE & AHBAU ST & BABINE CRES,PRINCE GEORGE,3,Ahbau St  & 10th Ave ,-122.78496948824444,53.915236990353364,subset_intersection_name
all_crashes,All reported crash locations,2023,10TH AVE & VICTORIA ST,PRINCE GEORGE,3,Victoria St  & 10th Ave ,-122.75350286994268,53.91244387339383,exact_intersection_name
all_crashes,All reported crash locations,2023,11TH AVE & WINNIPEG ST,PRINCE GEORGE,3,Winnipeg St  & 11th Ave ,-122.75948721738919,53.91324681464521,exact_intersection_name
all_crashes,All reported crash locations,2023,15TH AVE # 001600 TO 001708,PRINCE GEORGE,3,,,,
all_crashes,All reported crash locations,2023,15TH AVE & 15TH AVE FRTG & LIARD DR,PRINCE GEORGE,3,Liard Dr  & Liard Dr ,-122.79071779991386,53.913217594223106,subset_intersection_name
all_crashes,All reported crash locations,2023,15TH AVE & ALWARD ST,PRINCE GEORGE,3,15th Ave  & Alward St ,-122.76638877768924,53.910344784083385,exact_intersection_name
all_crashes,All reported crash locations,2023,15TH AVE & IRWIN ST,PRINCE GEORGE,3,15th Ave  & Irwin St ,-122.77823624459764,53.910375069358345,exact_intersection_name
all_crashes,All reported crash locations,2023,15TH AVE & SPRUCE ST & MALL ACCESS & TURNING LANE,PRINCE GEORGE,3,15th Ave  & Spruce St ,-122.75787971344289,53.90985047665654,subset_intersection_name
all_crashes,All reported crash locations,2023,18TH AVE & NICHOLSON ST & INSTITUTIONAL ACCESS ROAD,PRINCE GEORGE,3,18th Ave  & Nicholson St ,-122.78593329878412,53.907359161967676,subset_intersection_name
all_crashes,All reported crash locations,2023,18TH AVE & OGILVIE ST,PRINCE GEORGE,3,Ogilvie St  & 18th Ave ,-122.78920460104274,53.907319762379416,exact_intersection_name
all_crashes,All reported crash locations,2023,1ST AVE & FOOTHILLS BLVD,PRINCE GEORGE,3,Foothills Blvd  & 1st Ave ,-122.81946800626679,53.931178551459105,exact_intersection_name
all_crashes,All reported crash locations,2023,2ND AVE & DOMINION ST,PRINCE GEORGE,3,2nd Ave  & Dominion St ,-122.74385069353978,53.91736537416934,exact_intersection_name
all_crashes,All reported crash locations,2023,2ND AVE & QUEENSWAY,PRINCE GEORGE,3,2nd Ave  & Queensway  ,-122.74038132103622,53.91637672776007,exact_intersection_name
all_crashes,All reported crash locations,2023,3RD AVE & BRUNSWICK ST,PRINCE GEORGE,3,3rd Ave  & Brunswick St ,-122.74754469656004,53.9174450655935,exact_intersection_name
all_crashes,All reported crash locations,2023,3RD AVE & GEORGE ST,PRINCE GEORGE,3,3rd Ave  & George St ,-122.74275009367263,53.916082136497934,exact_intersection_name
all_crashes,All reported crash locations,2023,3RD AVE & PRINCE RUPERT ST,PRINCE GEORGE,3,3rd Ave  & Prince Rupert St ,-122.75273096859172,53.91885837379381,exact_intersection_name
all_crashes,All reported crash locations,2023,4TH AVE & GEORGE ST,PRINCE GEORGE,3,4th Ave  & George St ,-122.74338122958899,53.915305753250905,exact_intersection_name
all_crashes,All reported crash locations,2023,4TH AVE & WINNIPEG ST,PRINCE GEORGE,3,Winnipeg St  & 4th Ave ,-122.7551217301347,53.91862479119827,exact_intersection_name
all_crashes,All reported crash locations,2023,5TH AVE & HARPER ST,PRINCE GEORGE,3,5th Ave  & Harper St ,-122.77671707651508,53.920625853155975,exact_intersection_name
all_crashes,All reported crash locations,2023,5TH AVE & QUEBEC ST,PRINCE GEORGE,3,Quebec St  & 5th Ave ,-122.74726319836914,53.91547040813759,exact_intersection_name
all_crashes,All reported crash locations,2023,5TH AVE & VICTORIA ST,PRINCE GEORGE,3,Victoria St  & 5th Ave ,-122.7503456963153,53.916345551852956,exact_intersection_name
all_crashes,All reported crash locations,2023,7TH AVE & VICTORIA ST,PRINCE GEORGE,3,Victoria St  & 7th Ave ,-122.75161082477203,53.91479475071995,exact_intersection_name
all_crashes,All reported crash locations,2023,8TH AVE & CENTRAL ST W,PRINCE GEORGE,3,Central St W & 8th Ave ,-122.78235595670778,53.917630084074865,exact_intersection_name
all_crashes,All reported crash locations,2023,8TH AVE & DOUGLAS ST,PRINCE GEORGE,3,Douglas St  & 8th Ave ,-122.77079267186377,53.91764852374874,exact_intersection_name
all_crashes,All reported crash locations,2023,9TH AVE & WINNIPEG ST,PRINCE GEORGE,3,Winnipeg St  & 9th Ave ,-122.75824939815077,53.91477611956704,exact_intersection_name
all_crashes,All reported crash locations,2023,AUSTIN RD W & KELLY RD S,PRINCE GEORGE,3,Austin Rd W & Kelly Rd S,-122.80116565456706,53.988857268522445,exact_intersection_name
all_crashes,All reported crash locations,2023,AUSTIN RD W & MADILL RD,PRINCE GEORGE,3,Austin Rd W & Madill Rd ,-122.79023225392432,53.988947273957294,exact_intersection_name
all_crashes,All reported crash locations,2023,BOUNDARY RD & PENN RD & ACCESS ROAD,PRINCE GEORGE,3,Boundary Rd  & Penn Rd ,-122.73362811532616,53.84194858828079,subset_intersection_name
all_crashes,All reported crash locations,2023,CAMERON ST & N NECHAKO RD ONRAMP & NORTH NECHAKO RD & PG PULPMILL RD & HIGHWAY RAMP & TURNING LANE,PRINCE GEORGE,3,Cameron St  & North Nechako Rd ,-122.76738169131883,53.9285034886262,subset_intersection_name
all_crashes,All reported crash locations,2023,CAMPBELL AVE & OSPIKA BLVD,PRINCE GEORGE,3,Ospika Blvd  & Campbell Ave ,-122.79567671765896,53.901559742310056,exact_intersection_name
all_crashes,All reported crash locations,2023,CRANBROOK HILL RD & FOOTHILLS BLVD,PRINCE GEORGE,3,Foothills Blvd  & Cranbrook Hill Rd ,-122.81882918892512,53.91612824959986,exact_intersection_name
all_crashes,All reported crash locations,2023,DOCHERTY AVE & OPIE CRES & OSPIKA BLVD,PRINCE GEORGE,3,Ospika Blvd  & Opie Cres ,-122.79366455820914,53.900627475114135,subset_intersection_name
all_crashes,All reported crash locations,2023,DOMANO BLVD & MALASPINA AVE,PRINCE GEORGE,3,Domano Blvd  & Malaspina Ave ,-122.77041713510022,53.84894206001694,exact_intersection_name
all_crashes,All reported crash locations,2023,DUFFERIN AVE & FOREST AVE & OSPIKA BLVD,PRINCE GEORGE,3,Ospika Blvd  & Forest Ave ,-122.78902474421145,53.89575059327287,subset_intersection_name
all_crashes,All reported crash locations,2023,GISCOME RD & OLD CARIBOO HWY,PRINCE GEORGE,3,Old Cariboo Hwy  & Giscome Rd ,-122.6653861314918,53.89831669252651,exact_intersection_name
all_crashes,All reported crash locations,2023,HALDI RD & HWY 16 W & TURNING LANE,PRINCE GEORGE,3,Hwy 16 W & Haldi Rd ,-122.83362087648663,53.8403468540641,exact_intersection_name
all_crashes,All reported crash locations,2023,HANDLEN RD & HART HWY & HART HWY FRTG & WEISBROD RD & TURNING LANE,PRINCE GEORGE,3,,,,
all_crashes,All reported crash locations,2023,HART HWY # 008000 TO 008168,PRINCE GEORGE,3,,,,
all_crashes,All reported crash locations,2023,HART HWY & HART HWY FRTG & HOUGHTALING RD & TURNING LANE,PRINCE GEORGE,3,Hart Hwy  & Houghtaling Rd ,-122.76258669384669,53.95056921732199,subset_intersection_name
all_crashes,All reported crash locations,2023,HART HWY & HART HWY FRTG & PERRIN HTS & SHADY LANE,PRINCE GEORGE,3,Hart Hwy  & Shady Lane ,-122.7656637163083,53.957084070516785,subset_intersection_name
all_crashes,All reported crash locations,2023,MARLEAU RD & SOUTHRIDGE AVE,PRINCE GEORGE,3,Southridge Ave  & Marleau Rd ,-122.78366625655235,53.86216204629931,exact_intersection_name
all_crashes,All reported crash locations,2023,MILBURN AVE & VICTORIA ST,PRINCE GEORGE,3,Victoria St  & Milburn Ave ,-122.75513945992688,53.900941525982006,exact_intersection_name
all_crashes,All reported crash locations,2023,OSPIKA BLVD & PINEWOOD AVE,PRINCE GEORGE,3,Ospika Blvd  & Pinewood Ave ,-122.7889642366473,53.89207980775484,exact_intersection_name
all_crashes,All reported crash locations,2023,PACIFIC ST # 006491 TO 008483,PRINCE GEORGE,3,,,,
all_crashes,All reported crash locations,2023,RANGE RD # 002460 TO 002599,PRINCE GEORGE,3,,,,
all_crashes,All reported crash locations,2023,RANGE RD & WESTWOOD DR,PRINCE GEORGE,3,Westwood Dr  & Range Rd ,-122.77958789188526,53.88456263041591,exact_intersection_name
all_crashes,All reported crash locations,2023,RANGE RD & WIEBE RD,PRINCE GEORGE,3,Wiebe Rd  & Range Rd ,-122.77345619416197,53.88454025982472,exact_intersection_name
all_crashes,All reported crash locations,2023,RECPLACE DR & RECREATION AVE,PRINCE GEORGE,3,Recplace Dr & Recreation Ave,-122.77105308953725,53.89219211802886,exact_intersection_name
all_crashes,All reported crash locations,2023,TYNER BLVD & UNIVERSITY HEIGHTS DR,PRINCE GEORGE,3,,,,
all_crashes,All reported crash locations,2023,YELLOWHEAD BRIDGE,PRINCE GEORGE,3,,,,
all_crashes,All reported crash locations,2023,10TH AVE & JOHNSON ST,PRINCE GEORGE,2,10th Ave  & Johnson St ,-122.77969206448486,53.91540913918963,exact_intersection_name
all_crashes,All reported crash locations,2023,11TH AVE & VICTORIA ST,PRINCE GEORGE,2,Victoria St  & 11th Ave ,-122.75417675866784,53.91174693952662,exact_intersection_name
all_crashes,All reported crash locations,2023,15TH AVE & OGILVIE ST,PRINCE GEORGE,2,15th Ave  & Ogilvie St ,-122.7891847762759,53.91021344519278,exact_intersection_name
all_crashes,All reported crash locations,2023,15TH AVE & WINNIPEG ST,PRINCE GEORGE,2,Winnipeg St  & 15th Ave ,-122.762527691673,53.90945294671683,exact_intersection_name
all_crashes,All reported crash locations,2023,17TH AVE & REDWOOD ST,PRINCE GEORGE,2,17th Ave  & Redwood St ,-122.75658652736206,53.90845332744588,exact_intersection_name
all_crashes,All reported crash locations,2023,17TH AVE & SPRUCE ST,PRINCE GEORGE,2,Spruce St  & 17th Ave ,-122.7579380281123,53.908453412529106,exact_intersection_name
all_crashes,All reported crash locations,2023,1ST AVE & DOMINION ST,PRINCE GEORGE,2,1st Ave  & Dominion St ,-122.74287944306614,53.91854251143535,exact_intersection_name
all_crashes,All reported crash locations,2023,1ST AVE & KINGSTON ST,PRINCE GEORGE,2,1st Ave  & Kingston St ,-122.73174050369401,53.915391508459884,exact_intersection_name
all_crashes,All reported crash locations,2023,1ST AVE & MCINTYRE CRES,PRINCE GEORGE,2,1st Ave  & McIntyre Cres ,-122.79638058589016,53.924883656533396,exact_intersection_name
all_crashes,All reported crash locations,2023,20TH AVE & UPLAND ST,PRINCE GEORGE,2,20th Ave  & Upland St ,-122.76059629140936,53.905422296840946,exact_intersection_name
all_crashes,All reported crash locations,2023,22ND AVE & OGILVIE ST,PRINCE GEORGE,2,22nd Ave  & Ogilvie St ,-122.78924494460465,53.90369461843942,exact_intersection_name
all_crashes,All reported crash locations,2023,2ND AVE & GEORGE ST,PRINCE GEORGE,2,2nd Ave  & George St ,-122.7421151472134,53.916865043930706,exact_intersection_name
all_crashes,All reported crash locations,2023,2ND AVE & OSPIKA BLVD & TRADER CRES,PRINCE GEORGE,2,Ospika Blvd  & Trader Cres ,-122.7941423880946,53.92361003619289,subset_intersection_name
all_crashes,All reported crash locations,2023,3RD AVE # 001200 TO 001299,PRINCE GEORGE,2,,,,
all_crashes,All reported crash locations,2023,3RD AVE & CARNEY ST,PRINCE GEORGE,2,Carney St  & 3rd Ave ,-122.76932051435493,53.92264142525402,exact_intersection_name
all_crashes,All reported crash locations,2023,3RD AVE & DOMINION ST,PRINCE GEORGE,2,Dominion St  & 3rd Ave ,-122.7444625174748,53.91657191185407,exact_intersection_name
all_crashes,All reported crash locations,2023,3RD AVE & NUGGET AVE & OSPIKA BLVD,PRINCE GEORGE,2,Ospika Blvd  & Nugget Ave ,-122.79419317574805,53.922893333261804,subset_intersection_name
all_crashes,All reported crash locations,2023,3RD AVE & VANCOUVER ST,PRINCE GEORGE,2,3rd Ave  & Vancouver St ,-122.75090666894809,53.918398721217144,exact_intersection_name
all_crashes,All reported crash locations,2023,3RD AVE & WINNIPEG ST,PRINCE GEORGE,2,Winnipeg St  & 3rd Ave ,-122.75452021595378,53.91936710897583,exact_intersection_name
all_crashes,All reported crash locations,2023,4TH AVE & EDMONTON ST & MCBRIDE CRES,PRINCE GEORGE,2,4th Ave  & Edmonton St ,-122.75681366650194,53.919106389757566,subset_intersection_name
all_crashes,All reported crash locations,2023,4TH AVE & QUEBEC ST,PRINCE GEORGE,2,4th Ave  & Quebec St ,-122.74664790186657,53.91623581218647,exact_intersection_name
all_crashes,All reported crash locations,2023,4TH AVE & VICTORIA ST,PRINCE GEORGE,2,Victoria St  & 4th Ave ,-122.74972703343879,53.91710796548883,exact_intersection_name
all_crashes,All reported crash locations,2023,5TH AVE # 001200 TO 001299,PRINCE GEORGE,2,,,,
all_crashes,All reported crash locations,2023,5TH AVE & DOUGLAS ST,PRINCE GEORGE,2,5th Ave  & Douglas St ,-122.77075632693793,53.920654905906204,exact_intersection_name
all_crashes,All reported crash locations,2023,5TH AVE & FREEMAN ST,PRINCE GEORGE,2,5th Ave  & Freeman St ,-122.77379464931148,53.92065187840538,exact_intersection_name
all_crashes,All reported crash locations,2023,5TH AVE & IRWIN ST,PRINCE GEORGE,2,5th Ave  & Irwin St ,-122.77822407693263,53.920709132533716,exact_intersection_name
all_crashes,All reported crash locations,2023,5TH AVE & MELVILLE AVE,PRINCE GEORGE,2,5th Ave  & Melville Ave ,-122.76219404947088,53.92061513458425,exact_intersection_name
all_crashes,All reported crash locations,2023,5TH AVE & OGILVIE ST,PRINCE GEORGE,2,5th Ave  & Ogilvie St ,-122.78876938244193,53.920638880894835,exact_intersection_name
all_crashes,All reported crash locations,2023,5TH AVE & RUGGLES ST & PARK ACCESS ROAD,PRINCE GEORGE,2,5th Ave  & Ruggles St ,-122.79326321494902,53.920647899303766,subset_intersection_name
all_crashes,All reported crash locations,2023,6TH AVE & VICTORIA ST,PRINCE GEORGE,2,Victoria St  & 6th Ave ,-122.75098212086255,53.91556559540203,exact_intersection_name
all_crashes,All reported crash locations,2023,7TH AVE & CANADA GAMES WAY & QUEBEC ST,PRINCE GEORGE,2,7th Ave  & Quebec St ,-122.74853257549181,53.91392988958388,subset_intersection_name
all_crashes,All reported crash locations,2023,8TH AVE & CENTRAL ST E,PRINCE GEORGE,2,Central St E & 8th Ave ,-122.78104793446411,53.91763482607617,exact_intersection_name
all_crashes,All reported crash locations,2023,9TH AVE & VANCOUVER ST,PRINCE GEORGE,2,Vancouver St  & 9th Ave ,-122.75467438109416,53.91376168850156,exact_intersection_name
all_crashes,All reported crash locations,2023,BAKER RD & GANNETT RD & TYNER BLVD,PRINCE GEORGE,2,Tyner Blvd  & Baker Rd ,-122.78559180190067,53.86986585776354,subset_intersection_name
all_crashes,All reported crash locations,2023,BEECH CRES # 000500 TO 000598,PRINCE GEORGE,2,,,,
all_crashes,All reported crash locations,2023,BELLAMY RD & NORANDA RD E,PRINCE GEORGE,2,Noranda Rd E & Bellamy Rd ,-122.75424721289501,53.9636316031451,exact_intersection_name
all_crashes,All reported crash locations,2023,BIRCHWOOD DR & HART HWY,PRINCE GEORGE,2,Hart Hwy  & Birchwood Dr ,-122.78341698501423,53.98773950471082,exact_intersection_name
all_crashes,All reported crash locations,2023,BOEING RD & BOUNDARY RD & GUNN RD,PRINCE GEORGE,2,,,,
all_crashes,All reported crash locations,2023,BOUNDARY RD & HWY 16 E & SABRE RD & TURNING LANE,PRINCE GEORGE,2,Hwy 16 E & Boundary Rd,-122.67943437646323,53.90701731170521,subset_intersection_name
all_crashes,All reported crash locations,2023,BOUNDARY RD & INDUSTRIAL WAY & PACIFIC ST & SINTICH RD,PRINCE GEORGE,2,Pacific St  & Industrial Way ,-122.73487553314754,53.86597079738879,subset_intersection_name
all_crashes,All reported crash locations,2023,CENTRAL ST E & HWY 97 S & TURNING LANE,PRINCE GEORGE,2,Hwy 97 S & Central St E,-122.78105266199758,53.915407495193456,exact_intersection_name
all_crashes,All reported crash locations,2023,CENTRAL ST W # 000500 TO 000645,PRINCE GEORGE,2,,,,
all_crashes,All reported crash locations,2023,CEREMONIAL RD & UNIVERSITY WAY,PRINCE GEORGE,2,University Way  & Ceremonial Rd ,-122.81361840156315,53.887305973117016,exact_intersection_name
all_crashes,All reported crash locations,2023,CHIEF LAKE RD & DOMAGALA RD,PRINCE GEORGE,2,Chief Lake Rd  & Domagala Rd ,-122.81654086536733,54.00944525836661,exact_intersection_name
all_crashes,All reported crash locations,2023,CHRISTOPHER CRES & NICOLE AVE & OSPIKA BLVD,PRINCE GEORGE,2,Ospika Blvd  & Christopher Cres ,-122.78927092855623,53.89123858048195,subset_intersection_name
all_crashes,All reported crash locations,2023,COLLINS RD & GRANT RD & HART HWY & RANDLE RD,PRINCE GEORGE,2,Grant Rd  & Randle Rd ,-122.76890290888922,53.97125439455562,subset_intersection_name
all_crashes,All reported crash locations,2023,COWART RD # 003900 TO 004255,PRINCE GEORGE,2,,,,
all_crashes,All reported crash locations,2023,DOMANO BLVD & MORIARTY CRES,PRINCE GEORGE,2,Domano Blvd  & Moriarty Cres ,-122.77003152066888,53.867321534117444,exact_intersection_name
all_crashes,All reported crash locations,2023,EDMONTON ST # 001300 TO 001499,PRINCE GEORGE,2,,,,
all_crashes,All reported crash locations,2023,ESTAVILLA DR & HART HWY,PRINCE GEORGE,2,Hart Hwy  & Estavilla Dr ,-122.80112676104132,54.00716787553867,exact_intersection_name
all_crashes,All reported crash locations,2023,FERRY AVE & MEMORIAL PARK LANE,PRINCE GEORGE,2,Ferry Ave  & Memorial Park Lane ,-122.76499483244454,53.88873729334893,exact_intersection_name
all_crashes,All reported crash locations,2023,FOREMAN RD # 000700 TO 000799,PRINCE GEORGE,2,,,,
all_crashes,All reported crash locations,2023,GRANT RD # 002310 TO 002523,PRINCE GEORGE,2,,,,
all_crashes,All reported crash locations,2023,GREAT ST # 001000 TO 001089,PRINCE GEORGE,2,,,,
all_crashes,All reported crash locations,2023,GREAT ST & TERMINAL BLVD,PRINCE GEORGE,2,Terminal Blvd  & Great St ,-122.73824984795061,53.87623105382251,exact_intersection_name
all_crashes,All reported crash locations,2023,GRIFFITHS AVE & MASSEY DR,PRINCE GEORGE,2,Massey Dr  & Griffiths Ave ,-122.77334218117504,53.90476971060151,exact_intersection_name
all_crashes,All reported crash locations,2023,HAMILTON AVE & QUEENSWAY,PRINCE GEORGE,2,Queensway   & Hamilton Ave ,-122.7413360550585,53.89857941922989,exact_intersection_name
all_crashes,All reported crash locations,2023,HART HWY # 000601 TO 000975,PRINCE GEORGE,2,,,,
all_crashes,All reported crash locations,2023,HART HWY # 001570 TO 002048,PRINCE GEORGE,2,,,,
all_crashes,All reported crash locations,2023,HART HWY & KELLY RD N & KELLY RD N OFFRAMP & KELLY RD N ONRAMP,PRINCE GEORGE,2,Hart Hwy  & Kelly Rd N,-122.8003677272629,54.01068068182403,subset_intersection_name
all_crashes,All reported crash locations,2023,HOFERKAMP RD # 000746 TO 002400,PRINCE GEORGE,2,,,,
all_crashes,All reported crash locations,2023,HWY 16 E # 002940 TO 003269,PRINCE GEORGE,2,,,,
all_crashes,All reported crash locations,2023,HWY 16 W & RECREATION AVE,PRINCE GEORGE,2,,,,
all_crashes,All reported crash locations,2023,INGLEDEW ST # 002000 TO 002099,PRINCE GEORGE,2,,,,
all_crashes,All reported crash locations,2023,LANDOOZ RD & VISTA RD,PRINCE GEORGE,2,Vista Rd & Landooz Rd ,-122.66583680130584,54.00860455125367,exact_intersection_name
all_crashes,All reported crash locations,2023,LISGAR CRES & WESTWOOD DR,PRINCE GEORGE,2,Westwood Dr  & Lisgar Cres ,-122.7823890283153,53.89890532174482,exact_intersection_name
all_crashes,All reported crash locations,2023,LORNE CRES & WESTWOOD DR & MALL ACCESS,PRINCE GEORGE,2,Westwood Dr  & Lorne Cres ,-122.78077899070674,53.89738393057166,subset_intersection_name
all_crashes,All reported crash locations,2023,MASSEY DR # 002011 TO 002099,PRINCE GEORGE,2,,,,
all_crashes,All reported crash locations,2023,MASSEY DR # 003050 TO 003298,PRINCE GEORGE,2,,,,
all_crashes,All reported crash locations,2023,MASSEY DR & VANIER DR,PRINCE GEORGE,2,Massey Dr  & Vanier Dr ,-122.78698883518483,53.89952689059441,exact_intersection_name
all_crashes,All reported crash locations,2023,MCGILL CRES & MONAHAN CRES,PRINCE GEORGE,2,McGill Cres  & Monahan Cres ,-122.776187036717,53.87054722497152,exact_intersection_name
all_crashes,All reported crash locations,2023,MERRITT RD & WESTWOOD DR,PRINCE GEORGE,2,Westwood Dr  & Merritt Rd ,-122.77945390567491,53.88367812637021,exact_intersection_name
all_crashes,All reported crash locations,2023,MILBURN AVE & PINE ST,PRINCE GEORGE,2,Pine St  & Milburn Ave ,-122.75211008915304,53.900962939699944,exact_intersection_name
all_crashes,All reported crash locations,2023,NORTH NECHAKO RD # 005126 TO 005130,PRINCE GEORGE,2,,,,
all_crashes,All reported crash locations,2023,PATRICIA BLVD & QUEENSWAY & TURNING LANE,PRINCE GEORGE,2,Queensway   & Patricia Blvd ,-122.74238920198624,53.91168899631086,exact_intersection_name
all_crashes,All reported crash locations,2023,QUEENSWAY # 000350 TO 000399,PRINCE GEORGE,2,,,,
all_crashes,All reported crash locations,2023,RECPLACE DR # 003002 TO 003099,PRINCE GEORGE,2,,,,
all_crashes,All reported crash locations,2023,ROCK ISLAND RD # 009170 TO 009599,PRINCE GEORGE,2,,,,
all_crashes,All reported crash locations,2023,SIMON FRASER AVE # 005200 TO 005451,PRINCE GEORGE,2,,,,
all_crashes,All reported crash locations,2023,SOUTHRIDGE AVE & ST LAWRENCE AVE,PRINCE GEORGE,2,Southridge Ave  & St Lawrence Ave ,-122.77856011638508,53.855592923887855,exact_intersection_name
all_crashes,All reported crash locations,2023,ST JOHN CRES # 007900 TO 007999,PRINCE GEORGE,2,,,,
all_crashes,All reported crash locations,2023,STRATHCONA AVE & UPLAND ST,PRINCE GEORGE,2,Upland St  & Strathcona Ave ,-122.76059764902341,53.902266188290064,exact_intersection_name
all_crashes,All reported crash locations,2023,TYNER BLVD & UNIVERSITY WAY & INSTITUTIONAL ACCESS ROAD,PRINCE GEORGE,2,,,,
all_crashes,All reported crash locations,2023,VANCE RD # 002680 TO 002799,PRINCE GEORGE,2,,,,
all_crashes,All reported crash locations,2023,VICTORIA ST # 000100 TO 000199,PRINCE GEORGE,2,,,,
all_crashes,All reported crash locations,2023,VICTORIA ST # 000300 TO 000399,PRINCE GEORGE,2,,,,
all_crashes,All reported crash locations,2023,VICTORIA ST # 001100 TO 001199,PRINCE GEORGE,2,,,,
all_crashes,All reported crash locations,2023,WILLOW CALE RD # 002000 TO 008899,PRINCE GEORGE,2,,,,
all_crashes,All reported crash locations,2023,WILLOW CALE RD # 008900 TO 009899,PRINCE GEORGE,2,,,,
all_crashes,All reported crash locations,2023,10TH AVE # 002100 TO 002199,PRINCE GEORGE,1,,,,
all_crashes,All reported crash locations,2023,10TH AVE # 003200 TO 003299,PRINCE GEORGE,1,,,,
all_crashes,All reported crash locations,2023,10TH AVE & ALWARD ST,PRINCE GEORGE,1,10th Ave  & Alward St ,-122.76644178895077,53.9154321660912,exact_intersection_name
all_crashes,All reported crash locations,2023,10TH AVE & BURDEN ST,PRINCE GEORGE,1,10th Ave  & Burden St ,-122.76787013086225,53.91542233976414,exact_intersection_name
all_crashes,All reported crash locations,2023,10TH AVE & FREEMAN ST,PRINCE GEORGE,1,10th Ave  & Freeman St ,-122.77377145944547,53.91541040550446,exact_intersection_name
all_crashes,All reported crash locations,2023,10TH AVE & GILLETT ST,PRINCE GEORGE,1,10th Ave  & Gillett St ,-122.77525929832137,53.915413856234,exact_intersection_name
all_crashes,All reported crash locations,2023,10TH AVE & HARPER ST,PRINCE GEORGE,1,10th Ave  & Harper St ,-122.77674421647363,53.915412635233544,exact_intersection_name
all_crashes,All reported crash locations,2023,10TH AVE & WINNIPEG ST,PRINCE GEORGE,1,Winnipeg St  & 10th Ave ,-122.7588745155268,53.9139977977668,exact_intersection_name
all_crashes,All reported crash locations,2023,13TH AVE & CARNEY ST,PRINCE GEORGE,1,Carney St  & 13th Ave ,-122.76919581498045,53.91242890886219,exact_intersection_name
all_crashes,All reported crash locations,2023,13TH AVE & CENTRAL ST E,PRINCE GEORGE,1,Central St E & 13th Ave ,-122.78104348112592,53.91239908208207,exact_intersection_name
all_crashes,All reported crash locations,2023,15TH AVE # 002640 TO 002700,PRINCE GEORGE,1,,,,
all_crashes,All reported crash locations,2023,15TH AVE # 004108 TO 004149,PRINCE GEORGE,1,,,,
all_crashes,All reported crash locations,2023,15TH AVE & 15TH AVE FRTG & BUS LOOP,PRINCE GEORGE,1,,,,
all_crashes,All reported crash locations,2023,15TH AVE & 15TH AVE FRTG & GEORGE PAUL LANE & JARVIS ST,PRINCE GEORGE,1,15th Ave  & Jarvis St ,-122.80451154415744,53.91022660928131,subset_intersection_name
all_crashes,All reported crash locations,2023,15TH AVE & 15TH AVE FRTG & NATION CRES,PRINCE GEORGE,1,15th Ave  & Nation Cres ,-122.79646855732203,53.91023982660093,subset_intersection_name
all_crashes,All reported crash locations,2023,15TH AVE & CEDAR ST,PRINCE GEORGE,1,Cedar St  & 15th Ave ,-122.73234502037914,53.91049058040614,exact_intersection_name
all_crashes,All reported crash locations,2023,15TH AVE & EWERT ST,PRINCE GEORGE,1,15th Ave  & Ewert St ,-122.77225810674886,53.9103640746957,exact_intersection_name
all_crashes,All reported crash locations,2023,15TH AVE & FREEMAN ST,PRINCE GEORGE,1,15th Ave  & Freeman St ,-122.77378459083585,53.91046991081696,exact_intersection_name
all_crashes,All reported crash locations,2023,15TH AVE & QUINN ST,PRINCE GEORGE,1,15th Ave  & Quinn St ,-122.79179532834341,53.91021416704673,exact_intersection_name
all_crashes,All reported crash locations,2023,15TH AVE CONN & WINNIPEG ST & TURNING LANE,PRINCE GEORGE,1,,,,
all_crashes,All reported crash locations,2023,15TH AVE FRTG # 003300 TO 003398,PRINCE GEORGE,1,,,,
all_crashes,All reported crash locations,2023,15TH AVE FRTG & ENDAKO ST,PRINCE GEORGE,1,,,,
all_crashes,All reported crash locations,2023,17TH AVE & KENWOOD ST,PRINCE GEORGE,1,17th Ave  & Kenwood St ,-122.74517257999126,53.90846813009737,exact_intersection_name
all_crashes,All reported crash locations,2023,18TH AVE # 003500 TO 003599,PRINCE GEORGE,1,,,,
all_crashes,All reported crash locations,2023,18TH AVE & FOOTHILLS BLVD,PRINCE GEORGE,1,Foothills Blvd  & 18th Ave ,-122.81064627952179,53.907328313919955,exact_intersection_name
all_crashes,All reported crash locations,2023,18TH AVE & GEORGE PAUL LANE,PRINCE GEORGE,1,George Paul Lane  & 18th Ave ,-122.80391575487246,53.90738277227917,exact_intersection_name
all_crashes,All reported crash locations,2023,18TH AVE & ROBERTSON RD,PRINCE GEORGE,1,Robertson Rd  & 18th Ave ,-122.79499047943176,53.90728505027947,exact_intersection_name
all_crashes,All reported crash locations,2023,19TH AVE & CENTRAL ST E,PRINCE GEORGE,1,Central St E & 19th Ave ,-122.78107813225527,53.90647882186962,exact_intersection_name
all_crashes,All reported crash locations,2023,19TH AVE & QUEENSWAY,PRINCE GEORGE,1,Queensway   & 19th Ave ,-122.74230646671471,53.90646518523185,exact_intersection_name
all_crashes,All reported crash locations,2023,1ST AVE # 000700 TO 000899,PRINCE GEORGE,1,,,,
all_crashes,All reported crash locations,2023,1ST AVE # 001900 TO 002299,PRINCE GEORGE,1,,,,
all_crashes,All reported crash locations,2023,1ST AVE # 004800 TO 004859,PRINCE GEORGE,1,,,,
all_crashes,All reported crash locations,2023,1ST AVE & BOYD ST,PRINCE GEORGE,1,1st Ave  & Boyd St ,-122.80617254054118,53.92729489131555,exact_intersection_name
all_crashes,All reported crash locations,2023,1ST AVE & BRUNSWICK ST,PRINCE GEORGE,1,1st Ave  & Brunswick St ,-122.74595242189892,53.9194106504274,exact_intersection_name
all_crashes,All reported crash locations,2023,1ST AVE & HWY 16 E & TURNING LANE,PRINCE GEORGE,1,,,,
all_crashes,All reported crash locations,2023,1ST AVE & N QUINN ST & QUINN ST,PRINCE GEORGE,1,Quinn St  & 1st Ave ,-122.79186230674993,53.92488352399051,subset_intersection_name
all_crashes,All reported crash locations,2023,1ST AVE & QUEBEC ST,PRINCE GEORGE,1,1st Ave  & Quebec St ,-122.74441177854672,53.91897827952145,exact_intersection_name
all_crashes,All reported crash locations,2023,1ST AVE & RIVER RD,PRINCE GEORGE,1,1st Ave & River Rd ,-122.72764541504804,53.91427956702975,exact_intersection_name
all_crashes,All reported crash locations,2023,1ST AVE & SKINNER ST & WADE ST,PRINCE GEORGE,1,1st Ave  & Wade St ,-122.81587995877356,53.931187230034915,subset_intersection_name
all_crashes,All reported crash locations,2023,20TH AVE # 000800 TO 000899,PRINCE GEORGE,1,,,,
all_crashes,All reported crash locations,2023,20TH AVE # 001800 TO 001898,PRINCE GEORGE,1,,,,
all_crashes,All reported crash locations,2023,20TH AVE # 002000 TO 002099,PRINCE GEORGE,1,,,,
all_crashes,All reported crash locations,2023,20TH AVE & NORWOOD ST,PRINCE GEORGE,1,20th Ave  & Norwood St ,-122.74907151546121,53.90544178723283,exact_intersection_name
all_crashes,All reported crash locations,2023,20TH AVE & QUINCE ST,PRINCE GEORGE,1,20th Ave  & Quince St ,-122.75362999211765,53.905420207029074,exact_intersection_name
all_crashes,All reported crash locations,2023,22ND AVE # 003200 TO 003399,PRINCE GEORGE,1,,,,
all_crashes,All reported crash locations,2023,22ND AVE & NICHOLSON ST,PRINCE GEORGE,1,22nd Ave  & Nicholson St ,-122.78698164101696,53.90359302010637,exact_intersection_name
all_crashes,All reported crash locations,2023,22ND AVE & QUINN ST,PRINCE GEORGE,1,22nd Ave  & Quinn St ,-122.79179551698878,53.9036425652604,exact_intersection_name
all_crashes,All reported crash locations,2023,2ND AVE # 000700 TO 000799,PRINCE GEORGE,1,,,,
all_crashes,All reported crash locations,2023,2ND AVE & BRUNSWICK ST,PRINCE GEORGE,1,2nd Ave  & Brunswick St ,-122.74689927059084,53.918242728048675,exact_intersection_name
all_crashes,All reported crash locations,2023,2ND AVE & LONDON ST,PRINCE GEORGE,1,,,,
all_crashes,All reported crash locations,2023,2ND AVE & NICHOLSON ST,PRINCE GEORGE,1,2nd Ave  & Nicholson St ,-122.78726906319145,53.92365630603211,exact_intersection_name
all_crashes,All reported crash locations,2023,2ND AVE & OTTAWA ST,PRINCE GEORGE,1,Ottawa St  & 2nd Ave ,-122.73577538053885,53.91509172391203,exact_intersection_name
all_crashes,All reported crash locations,2023,2ND AVE & QUEBEC ST,PRINCE GEORGE,1,2nd Ave  & Quebec St ,-122.74536537836482,53.917807061502636,exact_intersection_name
all_crashes,All reported crash locations,2023,3RD AVE # 001138 TO 001199,PRINCE GEORGE,1,,,,
all_crashes,All reported crash locations,2023,3RD AVE # 001600 TO 001699,PRINCE GEORGE,1,,,,
all_crashes,All reported crash locations,2023,3RD AVE # 001920 TO 001949,PRINCE GEORGE,1,,,,
all_crashes,All reported crash locations,2023,3RD AVE # 001950 TO 001979,PRINCE GEORGE,1,,,,
all_crashes,All reported crash locations,2023,3RD AVE & ALWARD ST,PRINCE GEORGE,1,3rd Ave  & Alward St ,-122.76648107653801,53.92263998144126,exact_intersection_name
all_crashes,All reported crash locations,2023,3RD AVE & CASSIAR ST,PRINCE GEORGE,1,3rd Ave  & Cassiar St ,-122.75856942778664,53.92102325547487,exact_intersection_name
all_crashes,All reported crash locations,2023,3RD AVE & ONTARIO ST,PRINCE GEORGE,1,Ontario St  & 3rd Ave ,-122.73950581113034,53.91516286563147,exact_intersection_name
all_crashes,All reported crash locations,2023,3RD AVE & QUEENSWAY,PRINCE GEORGE,1,Queensway   & 3rd Ave ,-122.7410487021898,53.91560474374013,exact_intersection_name
all_crashes,All reported crash locations,2023,3RD AVE & WATROUS ST,PRINCE GEORGE,1,3rd Ave  & Watrous St ,-122.76367759990966,53.92258586438045,exact_intersection_name
all_crashes,All reported crash locations,2023,4TH AVE & BRUNSWICK ST,PRINCE GEORGE,1,4th Ave  & Brunswick St ,-122.7481685176321,53.91666622340216,exact_intersection_name
all_crashes,All reported crash locations,2023,4TH AVE & DOMINION ST,PRINCE GEORGE,1,Dominion St  & 4th Ave ,-122.74509519618428,53.91579619569099,exact_intersection_name
all_crashes,All reported crash locations,2023,4TH AVE & LONDON ST,PRINCE GEORGE,1,,,,
all_crashes,All reported crash locations,2023,4TH AVE & ONTARIO ST,PRINCE GEORGE,1,Ontario St  & 4th Ave ,-122.74012988917454,53.914390134744096,exact_intersection_name
all_crashes,All reported crash locations,2023,4TH AVE & SCOTIA ST,PRINCE GEORGE,1,Scotia St  & 4th Ave ,-122.73858182025376,53.91394502689556,exact_intersection_name
all_crashes,All reported crash locations,2023,4TH AVE & VANCOUVER ST,PRINCE GEORGE,1,4th Ave  & Vancouver St ,-122.75154338397478,53.917627396230905,exact_intersection_name
all_crashes,All reported crash locations,2023,5TH AVE # 001100 TO 001139,PRINCE GEORGE,1,,,,
all_crashes,All reported crash locations,2023,5TH AVE # 001600 TO 001699,PRINCE GEORGE,1,,,,
all_crashes,All reported crash locations,2023,5TH AVE # 003548 TO 003598,PRINCE GEORGE,1,,,,
all_crashes,All reported crash locations,2023,5TH AVE # 004280 TO 004298,PRINCE GEORGE,1,,,,
all_crashes,All reported crash locations,2023,5TH AVE & ALWARD ST,PRINCE GEORGE,1,5th Ave  & Alward St ,-122.76645403987808,53.920750669080306,exact_intersection_name
all_crashes,All reported crash locations,2023,5TH AVE & BRUNSWICK ST,PRINCE GEORGE,1,Brunswick St  & 5th Ave ,-122.74878802525316,53.91590124396454,exact_intersection_name
all_crashes,All reported crash locations,2023,5TH AVE & DOMINION ST,PRINCE GEORGE,1,Dominion St  & 5th Ave ,-122.74571313800674,53.91503233219792,exact_intersection_name
all_crashes,All reported crash locations,2023,5TH AVE & EDMONTON ST & ROSS CRES,PRINCE GEORGE,1,Edmonton St  & 5th Ave ,-122.75743931408265,53.91833589473912,subset_intersection_name
all_crashes,All reported crash locations,2023,5TH AVE & HILL AVE & URQUHART CRES,PRINCE GEORGE,1,5th Ave  & Urquhart Cres ,-122.81223695255046,53.92050545616595,subset_intersection_name
all_crashes,All reported crash locations,2023,5TH AVE & JOHNSON ST,PRINCE GEORGE,1,5th Ave  & Johnson St ,-122.77967835544636,53.920634153988544,exact_intersection_name
all_crashes,All reported crash locations,2023,5TH AVE & KILLOREN CRES & WOLVERINE ST,PRINCE GEORGE,1,5th Ave  & Wolverine St ,-122.81635596718446,53.9206383540851,subset_intersection_name
all_crashes,All reported crash locations,2023,5TH AVE & LACOMA ST & VOYAGEUR DR,PRINCE GEORGE,1,5th Ave  & Voyageur Dr ,-122.80282158157223,53.92063510921243,subset_intersection_name
all_crashes,All reported crash locations,2023,5TH AVE & QUEENSWAY,PRINCE GEORGE,1,Queensway   & 5th Ave ,-122.74228631032446,53.91406985176876,exact_intersection_name
all_crashes,All reported crash locations,2023,5TH AVE & QUINN ST,PRINCE GEORGE,1,5th Ave  & Quinn St ,-122.79175652517856,53.920624846252394,exact_intersection_name
all_crashes,All reported crash locations,2023,5TH AVE & SCOTIA ST,PRINCE GEORGE,1,Scotia St  & 5th Ave ,-122.73921387301591,53.913190791372095,exact_intersection_name
all_crashes,All reported crash locations,2023,5TH AVE & STUART DR,PRINCE GEORGE,1,5th Ave  & Stuart Dr ,-122.78953273309845,53.920564155242744,exact_intersection_name
all_crashes,All reported crash locations,2023,5TH AVE & WAINWRIGHT ST,PRINCE GEORGE,1,5th Ave  & Wainwright St ,-122.76504512229376,53.92065591185311,exact_intersection_name
all_crashes,All reported crash locations,2023,5TH AVE & WATROUS ST,PRINCE GEORGE,1,5th Ave  & Watrous St ,-122.763633453815,53.92066632310007,exact_intersection_name
all_crashes,All reported crash locations,2023,5TH AVE & WINNIPEG ST,PRINCE GEORGE,1,Winnipeg St  & 5th Ave ,-122.75573927443585,53.91786500531382,exact_intersection_name
all_crashes,All reported crash locations,2023,5TH AVE & ZILLMER ST,PRINCE GEORGE,1,5th Ave  & Zillmer St ,-122.81772662068208,53.92063538302131,exact_intersection_name
all_crashes,All reported crash locations,2023,6TH AVE # 001600 TO 001799,PRINCE GEORGE,1,,,,
all_crashes,All reported crash locations,2023,6TH AVE & 7TH AVE & GEORGE ST,PRINCE GEORGE,1,George St  & 6th Ave ,-122.7446203407475,53.91379420748588,subset_intersection_name
all_crashes,All reported crash locations,2023,6TH AVE & QUEBEC ST,PRINCE GEORGE,1,Quebec St  & 6th Ave ,-122.7479124127283,53.91469982305916,exact_intersection_name
all_crashes,All reported crash locations,2023,7TH AVE & LAURIER CRES,PRINCE GEORGE,1,Laurier Cres  & 7th Ave ,-122.76404794531636,53.918331443111065,exact_intersection_name
all_crashes,All reported crash locations,2023,7TH AVE & VANCOUVER ST,PRINCE GEORGE,1,7th Ave  & Vancouver St ,-122.7534248898273,53.91530569396242,exact_intersection_name
all_crashes,All reported crash locations,2023,8TH AVE & ALWARD ST,PRINCE GEORGE,1,Alward St  & 8th Ave ,-122.76647119965253,53.91764756242054,exact_intersection_name
all_crashes,All reported crash locations,2023,8TH AVE & CARNEY ST,PRINCE GEORGE,1,Carney St  & 8th Ave ,-122.7692973995918,53.917645464343316,exact_intersection_name
all_crashes,All reported crash locations,2023,8TH AVE & EWERT ST,PRINCE GEORGE,1,Ewert St  & 8th Ave ,-122.77228484471107,53.917647680815755,exact_intersection_name
all_crashes,All reported crash locations,2023,8TH AVE & JOHNSON ST,PRINCE GEORGE,1,Johnson St  & 8th Ave ,-122.77968753716536,53.91764647556499,exact_intersection_name
all_crashes,All reported crash locations,2023,8TH AVE & WINNIPEG ST,PRINCE GEORGE,1,Winnipeg St  & 8th Ave ,-122.75752869900914,53.915525591796424,exact_intersection_name
all_crashes,All reported crash locations,2023,ABBOTT CRES # 002440 TO 002513,PRINCE GEORGE,1,,,,
all_crashes,All reported crash locations,2023,ABERDEEN RD & AINTREE DR,PRINCE GEORGE,1,Aintree Dr  & Aberdeen Rd ,-122.75080851364314,53.944257525344526,exact_intersection_name
all_crashes,All reported crash locations,2023,AHBAU ST & BABINE CRES,PRINCE GEORGE,1,Ahbau St  & Babine Cres ,-122.78530157834956,53.91236621441813,exact_intersection_name
all_crashes,All reported crash locations,2023,AHBAU ST & RAINBOW DR,PRINCE GEORGE,1,Ahbau St  & Rainbow Dr ,-122.78546472725643,53.91611325384126,exact_intersection_name
all_crashes,All reported crash locations,2023,AIRPORT RD # 004104 TO 004149,PRINCE GEORGE,1,,,,
all_crashes,All reported crash locations,2023,ALDEEN RD # 007100 TO 007499,PRINCE GEORGE,1,,,,
all_crashes,All reported crash locations,2023,ALEZA CRES & OSPIKA BLVD,PRINCE GEORGE,1,Ospika Blvd  & Aleza Cres ,-122.79760459080913,53.91157711038689,exact_intersection_name
all_crashes,All reported crash locations,2023,ALWARD ST # 000800 TO 000899,PRINCE GEORGE,1,,,,
all_crashes,All reported crash locations,2023,ALWARD ST # 001000 TO 001199,PRINCE GEORGE,1,,,,
all_crashes,All reported crash locations,2023,ANDRES RD & OSPIKA BLVD,PRINCE GEORGE,1,Ospika Blvd  & Andres Rd ,-122.78591373191388,53.88577269778631,exact_intersection_name
all_crashes,All reported crash locations,2023,ATHLONE AVE & WESTWOOD DR,PRINCE GEORGE,1,Westwood Dr  & Athlone Ave ,-122.77973208745323,53.89447614119246,exact_intersection_name
all_crashes,All reported crash locations,2023,AUSTIN RD E & DRIFTWOOD RD,PRINCE GEORGE,1,Austin Rd E & Driftwood Rd ,-122.78179205129794,53.98949570533535,exact_intersection_name
all_crashes,All reported crash locations,2023,AUSTIN RD W # 003660 TO 003798,PRINCE GEORGE,1,,,,
all_crashes,All reported crash locations,2023,AUSTIN RD W & DELISLE CRT,PRINCE GEORGE,1,Austin Rd W & Delisle Crt ,-122.80665435847567,53.988803986050215,exact_intersection_name
all_crashes,All reported crash locations,2023,BAKER RD # 004400 TO 004419,PRINCE GEORGE,1,,,,
all_crashes,All reported crash locations,2023,BEDARD RD # 002200 TO 002399,PRINCE GEORGE,1,,,,
all_crashes,All reported crash locations,2023,BEDARD RD & MCINTOSH RD,PRINCE GEORGE,1,Bedard Rd  & McIntosh Rd ,-122.76448211952311,53.94636180108459,exact_intersection_name
all_crashes,All reported crash locations,2023,BEDNESTI CRES & OSPIKA BLVD & POWELL AVE,PRINCE GEORGE,1,Ospika Blvd  & Powell Ave ,-122.79736442871591,53.913210317714544,subset_intersection_name
all_crashes,All reported crash locations,2023,BELLAMY RD & HART HWY & HART HWY FRTG,PRINCE GEORGE,1,Hart Hwy  & Bellamy Rd ,-122.76404226514991,53.952809513486244,subset_intersection_name
all_crashes,All reported crash locations,2023,BELMONT RD & BETHAM RD,PRINCE GEORGE,1,Belmont Rd  & Betham Rd ,-122.81149132152552,54.02875938875034,exact_intersection_name
all_crashes,All reported crash locations,2023,BIC DR & HILL AVE & LAW AVE,PRINCE GEORGE,1,Bic Dr  & Hill Ave,-122.81162683394965,53.922835030211886,subset_intersection_name
all_crashes,All reported crash locations,2023,BLACKBURN RD N # 000500 TO 000599,PRINCE GEORGE,1,,,,
all_crashes,All reported crash locations,2023,BLACKBURN RD N # 000900 TO 001375,PRINCE GEORGE,1,,,,
all_crashes,All reported crash locations,2023,BLACKBURN RD N & BLACKBURN RD S & GISCOME RD,PRINCE GEORGE,1,Blackburn Rd N & Giscome Rd ,-122.6410223234568,53.89836832918449,subset_intersection_name
all_crashes,All reported crash locations,2023,BLACKBURN RD N & GRAVES RD,PRINCE GEORGE,1,Graves Rd  & Blackburn Rd N,-122.64120537105057,53.92004818286077,exact_intersection_name
all_crashes,All reported crash locations,2023,BLACKBURN RD S # 002368 TO 002509,PRINCE GEORGE,1,,,,
all_crashes,All reported crash locations,2023,BLACKWATER RD & HWY 16 W & HWY 16 W FRTG & SYKES RD E & SYKES RD W & TURNING LANE,PRINCE GEORGE,1,Hwy 16 W & Blackwater Rd ,-122.83893245903275,53.835282142950284,subset_intersection_name
all_crashes,All reported crash locations,2023,BLACKWATER RD & LESLIE RD & PRIVATE DRIVEWAY,PRINCE GEORGE,1,Blackwater Rd  & Leslie Rd ,-122.84080235094056,53.8303988625815,subset_intersection_name
all_crashes,All reported crash locations,2023,BLAKLEY RD & PETERSEN RD,PRINCE GEORGE,1,Blakley Rd  & Petersen Rd ,-122.77579137948956,53.88022116027952,exact_intersection_name
all_crashes,All reported crash locations,2023,BOUNDARY AVE & BOUNDARY RD & RIGGS CRES,PRINCE GEORGE,1,,,,
all_crashes,All reported crash locations,2023,BOUNDARY RD # 001500 TO 001899,PRINCE GEORGE,1,,,,
all_crashes,All reported crash locations,2023,BOUNDARY RD & MILWAUKEE WAY,PRINCE GEORGE,1,Boundary Rd  & Milwaukee Way ,-122.74099108835094,53.84180451422931,exact_intersection_name
all_crashes,All reported crash locations,2023,BOUNDARY RD & WILLOW CALE RD,PRINCE GEORGE,1,Willow Cale Rd  & Boundary Rd ,-122.73936754135279,53.841807589887736,exact_intersection_name
all_crashes,All reported crash locations,2023,BROCK DR & RIDEAU DR & SIMON FRASER AVE,PRINCE GEORGE,1,Simon Fraser Ave  & Brock Dr ,-122.76433585861899,53.87028536392749,subset_intersection_name
all_crashes,All reported crash locations,2023,BROCK DR & SIMON FRASER AVE & TRENT DR,PRINCE GEORGE,1,Simon Fraser Ave  & Brock Dr ,-122.76433585861899,53.87028536392749,subset_intersection_name
all_crashes,All reported crash locations,2023,BRUNSWICK ST # 000200 TO 000247,PRINCE GEORGE,1,,,,
all_crashes,All reported crash locations,2023,BRUNSWICK ST # 000700 TO 000799,PRINCE GEORGE,1,,,,
all_crashes,All reported crash locations,2023,BUNCE RD # 008391 TO 008799,PRINCE GEORGE,1,,,,
all_crashes,All reported crash locations,2023,BUNCE RD & PURDUE RD E,PRINCE GEORGE,1,Bunce Rd  & Purdue Rd E,-122.8242482099655,53.83779125719891,exact_intersection_name
all_crashes,All reported crash locations,2023,BURKITT RD # 006386 TO 006459,PRINCE GEORGE,1,,,,
all_crashes,All reported crash locations,2023,CARLE DR & HUENE DR,PRINCE GEORGE,1,Carle Dr  & Huene Dr ,-122.84867002802507,53.969459809574026,exact_intersection_name
all_crashes,All reported crash locations,2023,CARLETON LANE & KILLARNEY DR,PRINCE GEORGE,1,Killarney Dr  & Carleton Lane ,-122.79250416814138,53.98034461556606,exact_intersection_name
all_crashes,All reported crash locations,2023,CARNEY ST & ELLISON DR,PRINCE GEORGE,1,Carney St  & Ellison Dr ,-122.76935355383154,53.908137829677194,exact_intersection_name
all_crashes,All reported crash locations,2023,CASSIAR ST # 000400 TO 000499,PRINCE GEORGE,1,,,,
all_crashes,All reported crash locations,2023,CATHEDRAL AVE # 003250 TO 003337,PRINCE GEORGE,1,,,,
all_crashes,All reported crash locations,2023,CENTRAL ST E # 000500 TO 000735,PRINCE GEORGE,1,,,,
all_crashes,All reported crash locations,2023,CENTRAL ST E # 000800 TO 000865,PRINCE GEORGE,1,,,,
all_crashes,All reported crash locations,2023,CENTRAL ST E # 001800 TO 001899,PRINCE GEORGE,1,,,,
all_crashes,All reported crash locations,2023,CENTRAL ST E # 002000 TO 002199,PRINCE GEORGE,1,,,,
all_crashes,All reported crash locations,2023,CENTRAL ST W # 000839 TO 000899,PRINCE GEORGE,1,,,,
all_crashes,All reported crash locations,2023,CENTRAL ST W & CENTRAL ST W OFFRAMP,PRINCE GEORGE,1,,,,
all_crashes,All reported crash locations,2023,CENTRAL ST W & COMMERCIAL CRES,PRINCE GEORGE,1,Central St W & Commercial Cres ,-122.7823933346945,53.91150036073327,exact_intersection_name
all_crashes,All reported crash locations,2023,CENTRAL ST W & HWY 97 S & TURNING LANE,PRINCE GEORGE,1,Hwy 97 S & Central St W,-122.78209530551926,53.91710435503814,exact_intersection_name
all_crashes,All reported crash locations,2023,CHARELLA DR # 002930 TO 002999,PRINCE GEORGE,1,,,,
all_crashes,All reported crash locations,2023,CHARELLA DR & DAVIS RD,PRINCE GEORGE,1,Davis Rd  & Charella Dr ,-122.78870460726962,53.8801836047828,exact_intersection_name
all_crashes,All reported crash locations,2023,CHARTWELL AVE & CHARTWELL CRES,PRINCE GEORGE,1,Chartwell Cres  & Chartwell Ave ,-122.80490380024638,53.856702480542936,exact_intersection_name
all_crashes,All reported crash locations,2023,CHERRY AVE # 000280 TO 000299,PRINCE GEORGE,1,,,,
all_crashes,All reported crash locations,2023,CHERRY AVE & WESTWOOD DR,PRINCE GEORGE,1,Westwood Dr  & Cherry Ave ,-122.7796925344691,53.88981419268096,exact_intersection_name
all_crashes,All reported crash locations,2023,CHIEF LAKE RD & KELLY RD S,PRINCE GEORGE,1,,,,
all_crashes,All reported crash locations,2023,CHIEF LAKE RD & SPARWOOD RD,PRINCE GEORGE,1,Chief Lake Rd  & Sparwood Rd ,-122.81351585529353,54.00946647015526,exact_intersection_name
all_crashes,All reported crash locations,2023,CHRISTENSON RD # 003200 TO 003409,PRINCE GEORGE,1,,,,
all_crashes,All reported crash locations,2023,COMMERCIAL CRES # 001000 TO 001199,PRINCE GEORGE,1,,,,
all_crashes,All reported crash locations,2023,CONTINENTAL WAY & TERMINAL BLVD,PRINCE GEORGE,1,Continental Way  & Terminal Blvd ,-122.73482577233247,53.87686448680163,exact_intersection_name
all_crashes,All reported crash locations,2023,COOK CRES # 005200 TO 005299,PRINCE GEORGE,1,,,,
all_crashes,All reported crash locations,2023,COOK CRES & COOK CRT,PRINCE GEORGE,1,Cook Cres  & Cook Cres,-122.77925399235875,53.980968500799506,subset_intersection_name
all_crashes,All reported crash locations,2023,COOK CRES & LEHMAN ST,PRINCE GEORGE,1,Lehman St  & Cook Cres ,-122.77644776266041,53.98069218122996,exact_intersection_name
all_crashes,All reported crash locations,2023,CRANBROOK HILL RD # 006911 TO 007186,PRINCE GEORGE,1,,,,
all_crashes,All reported crash locations,2023,CRANBROOK HILL RD & KUENG RD,PRINCE GEORGE,1,Kueng Rd  & Cranbrook Hill Rd ,-122.83126947464103,53.91518517619847,exact_intersection_name
all_crashes,All reported crash locations,2023,CREEKSIDE WAY & MALASPINA AVE,PRINCE GEORGE,1,Malaspina Ave  & Creekside Way ,-122.75296683711461,53.85549778761967,exact_intersection_name
all_crashes,All reported crash locations,2023,CROFT RD # 001900 TO 002069,PRINCE GEORGE,1,,,,
all_crashes,All reported crash locations,2023,DAGG RD & RUNDSTROM RD,PRINCE GEORGE,1,Dagg Rd  & Rundstrom Rd ,-122.79319260653178,53.99499294691265,exact_intersection_name
all_crashes,All reported crash locations,2023,DAGG RD & WEISBROD RD,PRINCE GEORGE,1,Weisbrod Rd  & Dagg Rd ,-122.79538687097471,53.996141647916225,exact_intersection_name
all_crashes,All reported crash locations,2023,DAKELH TI & MARLEAU RD,PRINCE GEORGE,1,Dakelh Ti  & Marleau Rd ,-122.77877082795278,53.86206041285568,exact_intersection_name
all_crashes,All reported crash locations,2023,DAVIS RD OFFRAMP & HWY 16 W,PRINCE GEORGE,1,,,,
all_crashes,All reported crash locations,2023,DEVER RD & NORTH NECHAKO RD,PRINCE GEORGE,1,,,,
all_crashes,All reported crash locations,2023,DIAMOND DR # 003990 TO 004099,PRINCE GEORGE,1,,,,
all_crashes,All reported crash locations,2023,DOMAGALA RD # 008200 TO 008499,PRINCE GEORGE,1,,,,
all_crashes,All reported crash locations,2023,DOMANO BLVD # 005200 TO 005212,PRINCE GEORGE,1,,,,
all_crashes,All reported crash locations,2023,DOMANO BLVD # 005301 TO 005599,PRINCE GEORGE,1,,,,
all_crashes,All reported crash locations,2023,DOMANO BLVD # 006051 TO 006187,PRINCE GEORGE,1,,,,
all_crashes,All reported crash locations,2023,DOUGLAS ST # 000300 TO 000499,PRINCE GEORGE,1,,,,
all_crashes,All reported crash locations,2023,DRIFTWOOD PL # 006320 TO 006379,PRINCE GEORGE,1,,,,
all_crashes,All reported crash locations,2023,DRUMMOND ST # 001400 TO 001499,PRINCE GEORGE,1,,,,
all_crashes,All reported crash locations,2023,DUFFERIN AVE & VANIER DR,PRINCE GEORGE,1,Vanier Dr  & Dufferin Ave ,-122.7847843926574,53.89576145059257,exact_intersection_name
all_crashes,All reported crash locations,2023,EAGLENEST CRES # 004300 TO 004367,PRINCE GEORGE,1,,,,
all_crashes,All reported crash locations,2023,EASTERN ST # 001000 TO 001099,PRINCE GEORGE,1,,,,
all_crashes,All reported crash locations,2023,EDEN DR & GLENVIEW DR,PRINCE GEORGE,1,Eden Dr  & Glenview Dr,-122.783808657855,53.993400997084514,exact_intersection_name
all_crashes,All reported crash locations,2023,ELK RD # 007080 TO 007499,PRINCE GEORGE,1,,,,
all_crashes,All reported crash locations,2023,ELKHORN CRES # 001300 TO 001359,PRINCE GEORGE,1,,,,
all_crashes,All reported crash locations,2023,EMBREE PL # 003230 TO 003245,PRINCE GEORGE,1,,,,
all_crashes,All reported crash locations,2023,ENEMARK CRES & OSPIKA BLVD,PRINCE GEORGE,1,Ospika Blvd  & Enemark Cres ,-122.79286023689306,53.89990418612689,exact_intersection_name
all_crashes,All reported crash locations,2023,ETON AVE & SIMON FRASER AVE,PRINCE GEORGE,1,Simon Fraser Ave  & Eton Ave ,-122.76845385154856,53.87377468556227,exact_intersection_name
all_crashes,All reported crash locations,2023,EUGENE RD & HELENE RD,PRINCE GEORGE,1,Eugene Rd  & Helene Rd ,-122.80807325889457,53.856092424006306,exact_intersection_name
all_crashes,All reported crash locations,2023,EWERT ST # 000500 TO 000799,PRINCE GEORGE,1,,,,
all_crashes,All reported crash locations,2023,EXPLORER CRES # 000400 TO 000459,PRINCE GEORGE,1,,,,
all_crashes,All reported crash locations,2023,FAIRVIEW CRES # 002700 TO 002748,PRINCE GEORGE,1,,,,
all_crashes,All reported crash locations,2023,FAULKNER CRES # 000700 TO 000799,PRINCE GEORGE,1,,,,
all_crashes,All reported crash locations,2023,FERGUSON LAKE RD & KELLY RD N,PRINCE GEORGE,1,Kelly Rd N & Ferguson Lake Rd ,-122.80130914857916,54.02118859887988,exact_intersection_name
all_crashes,All reported crash locations,2023,FERRY AVE # 002120 TO 002218,PRINCE GEORGE,1,,,,
all_crashes,All reported crash locations,2023,FERRY AVE # 002320 TO 002798,PRINCE GEORGE,1,,,,
all_crashes,All reported crash locations,2023,FLAMINGO RD # 008280 TO 008339,PRINCE GEORGE,1,,,,
all_crashes,All reported crash locations,2023,FOLEY CRES & RIVER RD,PRINCE GEORGE,1,River Rd  & Foley Cres ,-122.73887788947127,53.9258642722149,exact_intersection_name
all_crashes,All reported crash locations,2023,FOOT ST # 002300 TO 002379,PRINCE GEORGE,1,,,,
all_crashes,All reported crash locations,2023,FOOTHILLS BLVD # 000100 TO 000399,PRINCE GEORGE,1,,,,
all_crashes,All reported crash locations,2023,FOOTHILLS BLVD # 001391 TO 001599,PRINCE GEORGE,1,,,,
all_crashes,All reported crash locations,2023,FOREMAN RD # 000800 TO 001385,PRINCE GEORGE,1,,,,
all_crashes,All reported crash locations,2023,FOSTER RD # 004360 TO 004399,PRINCE GEORGE,1,,,,
all_crashes,All reported crash locations,2023,FRASER FLATS RD # 001400 TO 001959,PRINCE GEORGE,1,,,,
all_crashes,All reported crash locations,2023,FREIMULLER AVE # 004710 TO 004789,PRINCE GEORGE,1,,,,
all_crashes,All reported crash locations,2023,GARDEN DR & GILLETT ST,PRINCE GEORGE,1,Gillett St  & Garden Dr ,-122.77470737085504,53.90831614039936,exact_intersection_name
all_crashes,All reported crash locations,2023,GEORGE ST # 000200 TO 000299,PRINCE GEORGE,1,,,,
all_crashes,All reported crash locations,2023,GEORGE ST # 000300 TO 000399,PRINCE GEORGE,1,,,,
all_crashes,All reported crash locations,2023,GEORGE ST # 000500 TO 000599,PRINCE GEORGE,1,,,,
all_crashes,All reported crash locations,2023,GLADSTONE DR & SIMON FRASER AVE,PRINCE GEORGE,1,Simon Fraser Ave  & Gladstone Dr,-122.76244808048371,53.85858017723842,exact_intersection_name
all_crashes,All reported crash locations,2023,GLENDALE DR # 003760 TO 004059,PRINCE GEORGE,1,,,,
all_crashes,All reported crash locations,2023,GORDON CRES # 000170 TO 000244,PRINCE GEORGE,1,,,,
all_crashes,All reported crash locations,2023,GORSE ST # 001500 TO 001699,PRINCE GEORGE,1,,,,
all_crashes,All reported crash locations,2023,GORSE ST # 001830 TO 001961,PRINCE GEORGE,1,,,,
all_crashes,All reported crash locations,2023,GRANITE AVE & TABOR BLVD,PRINCE GEORGE,1,Tabor Blvd  & Granite Ave ,-122.80710778811121,53.91642824214421,exact_intersection_name
all_crashes,All reported crash locations,2023,GRAY DR # 004450 TO 004799,PRINCE GEORGE,1,,,,
all_crashes,All reported crash locations,2023,GREAT ST # 000880 TO 000999,PRINCE GEORGE,1,,,,
all_crashes,All reported crash locations,2023,GREENFOREST CRES # 002780 TO 002874,PRINCE GEORGE,1,,,,
all_crashes,All reported crash locations,2023,HAMILTON AVE # 000800 TO 000899,PRINCE GEORGE,1,,,,
all_crashes,All reported crash locations,2023,HANDLEN RD # 004340 TO 004449,PRINCE GEORGE,1,,,,
all_crashes,All reported crash locations,2023,HANDLEN RD & KELLY RD S,PRINCE GEORGE,1,Handlen Rd & Kelly Rd S,-122.80115712591333,53.99618778415678,exact_intersection_name
all_crashes,All reported crash locations,2023,HART HWY # 000977 TO 001025,PRINCE GEORGE,1,,,,
all_crashes,All reported crash locations,2023,HART HWY # 002100 TO 002798,PRINCE GEORGE,1,,,,
all_crashes,All reported crash locations,2023,HART HWY # 003900 TO 004198,PRINCE GEORGE,1,,,,
all_crashes,All reported crash locations,2023,HART HWY # 006700 TO 007298,PRINCE GEORGE,1,,,,
all_crashes,All reported crash locations,2023,HART HWY # 010000 TO 010099,PRINCE GEORGE,1,,,,
all_crashes,All reported crash locations,2023,HART HWY & HART HWY FRTG & NORDIC DR,PRINCE GEORGE,1,Hart Hwy  & Nordic Dr ,-122.80095549920783,53.999154791952165,subset_intersection_name
all_crashes,All reported crash locations,2023,HART HWY & KENWORTH RD E & KENWORTH RD W,PRINCE GEORGE,1,,,,
all_crashes,All reported crash locations,2023,HART HWY & SHAMROCK RD,PRINCE GEORGE,1,Hart Hwy  & Shamrock Rd ,-122.76778430075736,53.9636636974175,exact_intersection_name
all_crashes,All reported crash locations,2023,HART HWY FRTG & MADILL RD & RICHET ST,PRINCE GEORGE,1,,,,
all_crashes,All reported crash locations,2023,HARTWAY DR & STEEL RD & INDUSTRIAL ACCESS ROAD,PRINCE GEORGE,1,Hartway Dr  & Steel Rd ,-122.76669087823372,53.972095449385016,subset_intersection_name
all_crashes,All reported crash locations,2023,HAZELTON ST # 002572 TO 002599,PRINCE GEORGE,1,,,,
all_crashes,All reported crash locations,2023,HEATHER PARK RD # 007020 TO 007151,PRINCE GEORGE,1,,,,
all_crashes,All reported crash locations,2023,HERITAGE CRES # 000800 TO 001099,PRINCE GEORGE,1,,,,
all_crashes,All reported crash locations,2023,HERITAGE CRES & OTWAY RD,PRINCE GEORGE,1,Otway Rd  & Heritage Cres ,-122.80504307583509,53.93471724769329,exact_intersection_name
all_crashes,All reported crash locations,2023,HERITAGE RIVER TRAIL & QUEENSWAY & REGENTS CRES,PRINCE GEORGE,1,Queensway   & Regents Cres ,-122.74141619834658,53.902187620839165,subset_intersection_name
all_crashes,All reported crash locations,2023,HEYER RD # 005490 TO 005574,PRINCE GEORGE,1,,,,
all_crashes,All reported crash locations,2023,HIGHLAND DR & TERESA PL,PRINCE GEORGE,1,Highland Dr  & Teresa Pl ,-122.79671984180288,53.9825455303695,exact_intersection_name
all_crashes,All reported crash locations,2023,HOLLANDIA DR & PETERSEN RD,PRINCE GEORGE,1,Hollandia Dr  & Petersen Rd ,-122.77188615692712,53.88017667329077,exact_intersection_name
all_crashes,All reported crash locations,2023,HOUSTON LANE # 001200 TO 001399,PRINCE GEORGE,1,,,,
all_crashes,All reported crash locations,2023,HWY 16 E & PICKERING RD & TURNING LANE,PRINCE GEORGE,1,Hwy 16 E & Pickering Rd ,-122.70053021537427,53.90793782786571,exact_intersection_name
all_crashes,All reported crash locations,2023,HWY 16 W # 002851 TO 002889,PRINCE GEORGE,1,,,,
all_crashes,All reported crash locations,2023,HWY 16 W # 004001 TO 004499,PRINCE GEORGE,1,,,,
all_crashes,All reported crash locations,2023,HWY 16 W # 008500 TO 008613,PRINCE GEORGE,1,,,,
all_crashes,All reported crash locations,2023,HWY 16 W & HWY 16 W FRTG & JUTLAND RD,PRINCE GEORGE,1,Hwy 16 W & Jutland Rd ,-122.85766180675823,53.82754168821828,subset_intersection_name
all_crashes,All reported crash locations,2023,HWY 16 W & SOUTHRIDGE AVE,PRINCE GEORGE,1,Hwy 16 W & Southridge Ave ,-122.78191621328742,53.86780723576602,exact_intersection_name
all_crashes,All reported crash locations,2023,HWY 16 W FRTG & MARLEAU RD,PRINCE GEORGE,1,,,,
all_crashes,All reported crash locations,2023,HWY 97 FRTG S # 007800 TO 007920,PRINCE GEORGE,1,,,,
all_crashes,All reported crash locations,2023,HWY 97 S & JOHN HART BRIDGE,PRINCE GEORGE,1,,,,
all_crashes,All reported crash locations,2023,HWY 97 S & PACIFIC ST & TURNING LANE & UNSIGNED,PRINCE GEORGE,1,Hwy 97 S & Pacific St ,-122.73607787027044,53.8729297934472,subset_intersection_name
all_crashes,All reported crash locations,2023,IMPERIAL CRES # 007200 TO 007349,PRINCE GEORGE,1,,,,
all_crashes,All reported crash locations,2023,INGLEWOOD RD & LINDSTROM RD,PRINCE GEORGE,1,Inglewood Rd  & Lindstrom Rd ,-122.83772408644975,54.017863778884575,exact_intersection_name
all_crashes,All reported crash locations,2023,INLANDER ST & LA SALLE AVE,PRINCE GEORGE,1,Inlander St  & La Salle Ave ,-122.73978527095919,53.89683085978641,exact_intersection_name
all_crashes,All reported crash locations,2023,INVERNESS RD # 001000 TO 001019,PRINCE GEORGE,1,,,,
all_crashes,All reported crash locations,2023,IRWIN ST # 001441 TO 001499,PRINCE GEORGE,1,,,,
all_crashes,All reported crash locations,2023,IRWIN ST # 001698 TO 001767,PRINCE GEORGE,1,,,,
all_crashes,All reported crash locations,2023,JACKPINE AVE & QUENTIN AVE & TABOR BLVD,PRINCE GEORGE,1,Tabor Blvd  & Quentin Ave ,-122.80762885138665,53.91989221111129,subset_intersection_name
all_crashes,All reported crash locations,2023,JAMES DR & OSPIKA BLVD & SYCAMORE CRES,PRINCE GEORGE,1,Ospika Blvd  & James Dr ,-122.7880433913151,53.89022489944938,subset_intersection_name
all_crashes,All reported crash locations,2023,JARVIS ST # 001400 TO 001445,PRINCE GEORGE,1,,,,
all_crashes,All reported crash locations,2023,JENSEN RD # 010072 TO 010987,PRINCE GEORGE,1,,,,
all_crashes,All reported crash locations,2023,JOHNSON ST # 000300 TO 000499,PRINCE GEORGE,1,,,,
all_crashes,All reported crash locations,2023,JOHNSON ST # 001000 TO 001299,PRINCE GEORGE,1,,,,
all_crashes,All reported crash locations,2023,JUBILEE AVE # 001400 TO 001439,PRINCE GEORGE,1,,,,
all_crashes,All reported crash locations,2023,KELLY RD S # 007300 TO 007429,PRINCE GEORGE,1,,,,
all_crashes,All reported crash locations,2023,KELLY RD S # 007670 TO 007999,PRINCE GEORGE,1,,,,
all_crashes,All reported crash locations,2023,KELLY RD S & MARTIN RD,PRINCE GEORGE,1,Kelly Rd S & Martin Rd ,-122.80143889196059,53.999785794554214,exact_intersection_name
all_crashes,All reported crash locations,2023,KELLY RD S & RICHET ST,PRINCE GEORGE,1,Kelly Rd S & Richet St ,-122.80116116789577,53.99144692908111,exact_intersection_name
all_crashes,All reported crash locations,2023,KELLY RD S & VELLENCHER RD,PRINCE GEORGE,1,Kelly Rd S & Vellencher Rd ,-122.80115368605615,53.9852673412325,exact_intersection_name
all_crashes,All reported crash locations,2023,KILLARNEY DR & WILDWOOD CRES,PRINCE GEORGE,1,Killarney Dr  & Wildwood Cres ,-122.79148910314906,53.97658297490364,exact_intersection_name
all_crashes,All reported crash locations,2023,KILLOREN CRES # 000300 TO 000390,PRINCE GEORGE,1,,,,
all_crashes,All reported crash locations,2023,KILLOREN CRES & MULLETT CRES,PRINCE GEORGE,1,Killoren Cres  & Mullett Cres ,-122.8154991633337,53.92428474998016,exact_intersection_name
all_crashes,All reported crash locations,2023,KINCHEN DR # 007350 TO 007599,PRINCE GEORGE,1,,,,
all_crashes,All reported crash locations,2023,KING DR # 000180 TO 000249,PRINCE GEORGE,1,,,,
all_crashes,All reported crash locations,2023,KOVACHICH DR # 005886 TO 005999,PRINCE GEORGE,1,,,,
all_crashes,All reported crash locations,2023,LA SALLE AVE & QUEENSWAY,PRINCE GEORGE,1,Queensway   & La Salle Ave ,-122.7413515595774,53.89683300697372,exact_intersection_name
all_crashes,All reported crash locations,2023,LALONDE RD # 006101 TO 006349,PRINCE GEORGE,1,,,,
all_crashes,All reported crash locations,2023,LANSDOWNE RD # 003700 TO 003809,PRINCE GEORGE,1,,,,
all_crashes,All reported crash locations,2023,LATROBE CRES & MALASPINA AVE & MALASPINA CRT,PRINCE GEORGE,1,Malaspina Ave  & Latrobe Cres ,-122.757754914102,53.85104227607364,subset_intersection_name
all_crashes,All reported crash locations,2023,LAURIER CRES # 002151 TO 002199,PRINCE GEORGE,1,,,,
all_crashes,All reported crash locations,2023,LEMOYNE PL # 007700 TO 007799,PRINCE GEORGE,1,,,,
all_crashes,All reported crash locations,2023,LEONARD PL & OTWAY PL & OTWAY RD,PRINCE GEORGE,1,Otway Rd  & Leonard Pl ,-122.8097334073648,53.938949391777484,subset_intersection_name
all_crashes,All reported crash locations,2023,LONSDALE ST & UPLAND ST,PRINCE GEORGE,1,Upland St  & Lonsdale St ,-122.76054367152582,53.89379939201989,exact_intersection_name
all_crashes,All reported crash locations,2023,LORNE CRES # 002530 TO 002599,PRINCE GEORGE,1,,,,
all_crashes,All reported crash locations,2023,LOYOLA CRES & LOYOLA DR & MALASPINA AVE,PRINCE GEORGE,1,Malaspina Ave  & Loyola Cres ,-122.7636787685418,53.849340459420446,subset_intersection_name
all_crashes,All reported crash locations,2023,LYON ST # 000200 TO 000299,PRINCE GEORGE,1,,,,
all_crashes,All reported crash locations,2023,MALASPINA AVE & NEWCASTLE CRES & PRINCETON CRES,PRINCE GEORGE,1,Malaspina Ave  & Newcastle Cres ,-122.76646284357179,53.84911286809713,subset_intersection_name
all_crashes,All reported crash locations,2023,MARTIN RD & SABYAM RD,PRINCE GEORGE,1,Sabyam Rd  & Martin Rd ,-122.80533168882762,53.9998381947092,exact_intersection_name
all_crashes,All reported crash locations,2023,MCALONEY RD & ONGMAN RD,PRINCE GEORGE,1,Ongman Rd  & McAloney Rd ,-122.77356373656953,53.92883268080103,exact_intersection_name
all_crashes,All reported crash locations,2023,MCDERMID DR & N OSPIKA BLVD,PRINCE GEORGE,1,,,,
all_crashes,All reported crash locations,2023,MCGILL CRES & SIMON FRASER AVE,PRINCE GEORGE,1,Simon Fraser Ave  & McGill Cres ,-122.77100244080637,53.875295994412326,exact_intersection_name
all_crashes,All reported crash locations,2023,MCGOWAN DR # 001100 TO 001159,PRINCE GEORGE,1,,,,
all_crashes,All reported crash locations,2023,MCGUIRE RD # 008470 TO 008519,PRINCE GEORGE,1,,,,
all_crashes,All reported crash locations,2023,MCINTYRE CRES # 000210 TO 000319,PRINCE GEORGE,1,,,,
all_crashes,All reported crash locations,2023,MCKENZIE AVE # 000110 TO 000199,PRINCE GEORGE,1,,,,
all_crashes,All reported crash locations,2023,MILBURN AVE & SPRUCE ST,PRINCE GEORGE,1,Spruce St  & Milburn Ave ,-122.7578982804465,53.90111785613685,exact_intersection_name
all_crashes,All reported crash locations,2023,MILWAUKEE WAY # 009261 TO 009499,PRINCE GEORGE,1,,,,
all_crashes,All reported crash locations,2023,MILWAUKEE WAY & PENN RD & WILLOW CALE RD,PRINCE GEORGE,1,Willow Cale Rd  & Penn Rd ,-122.73464857926446,53.83097520068339,subset_intersection_name
all_crashes,All reported crash locations,2023,MONAHAN CRES # 003201 TO 003259,PRINCE GEORGE,1,,,,
all_crashes,All reported crash locations,2023,MOYIE ST & VILLAGE AVE,PRINCE GEORGE,1,Moyie St  & Village Ave ,-122.74747093839534,53.89503533079736,exact_intersection_name
all_crashes,All reported crash locations,2023,N OSPIKA BLVD # 000400 TO 000749,PRINCE GEORGE,1,,,,
all_crashes,All reported crash locations,2023,N OSPIKA BLVD # 000960 TO 000999,PRINCE GEORGE,1,,,,
all_crashes,All reported crash locations,2023,NEFF CRES # 000370 TO 000419,PRINCE GEORGE,1,,,,
all_crashes,All reported crash locations,2023,NICHOLSON ST # 002200 TO 002299,PRINCE GEORGE,1,,,,
all_crashes,All reported crash locations,2023,NICHOLSON ST & OPIE CRES,PRINCE GEORGE,1,Nicholson St  & Opie Cres ,-122.78842980112182,53.900872786045554,exact_intersection_name
all_crashes,All reported crash locations,2023,NORANDA RD E & NORTHWOOD PULPMILL RD,PRINCE GEORGE,1,Northwood Pulpmill Rd  & Noranda Rd E,-122.74621630889371,53.961838593862765,exact_intersection_name
all_crashes,All reported crash locations,2023,NORDIC DR & PEARL DR & PEARL PL,PRINCE GEORGE,1,Nordic Dr  & Pearl Pl ,-122.79492964646131,53.99975225981879,subset_intersection_name
all_crashes,All reported crash locations,2023,NORTH NECHAKO RD # 000500 TO 000599,PRINCE GEORGE,1,,,,
all_crashes,All reported crash locations,2023,NORTH NECHAKO RD # 000628 TO 000799,PRINCE GEORGE,1,,,,
all_crashes,All reported crash locations,2023,NORTH NECHAKO RD # 006400 TO 006699,PRINCE GEORGE,1,,,,
all_crashes,All reported crash locations,2023,NORTH NECHAKO RD & RIVERVIEW RD,PRINCE GEORGE,1,North Nechako Rd  & Riverview Rd ,-122.83056392977731,53.96240035196523,exact_intersection_name
all_crashes,All reported crash locations,2023,NORTH NECHAKO RD & TOOMBS DR,PRINCE GEORGE,1,North Nechako Rd  & Toombs Dr ,-122.867257005142,53.975066610321335,exact_intersection_name
all_crashes,All reported crash locations,2023,NORTHWOOD PULPMILL RD # 004360 TO 004413,PRINCE GEORGE,1,,,,
all_crashes,All reported crash locations,2023,NORTHWOOD PULPMILL RD & OLD SUMMIT LAKE RD,PRINCE GEORGE,1,Northwood Pulpmill Rd  & Old Summit Lake Rd ,-122.73864641689094,53.96409740498438,exact_intersection_name
all_crashes,All reported crash locations,2023,OGILVIE ST # 001500 TO 001799,PRINCE GEORGE,1,,,,
all_crashes,All reported crash locations,2023,OLD CARIBOO HWY # 004500 TO 004807,PRINCE GEORGE,1,,,,
all_crashes,All reported crash locations,2023,OLD SUMMIT LAKE RD # 005240 TO 005799,PRINCE GEORGE,1,,,,
all_crashes,All reported crash locations,2023,OLD SUMMIT LAKE RD # 010082 TO 012001,PRINCE GEORGE,1,,,,
all_crashes,All reported crash locations,2023,OLD SUMMIT LAKE RD & SHADY VALLEY RD,PRINCE GEORGE,1,Old Summit Lake Rd  & Shady Valley Rd ,-122.72901522892496,53.97703954641542,exact_intersection_name
all_crashes,All reported crash locations,2023,OSPIKA BLVD # 001801 TO 002179,PRINCE GEORGE,1,,,,
all_crashes,All reported crash locations,2023,OSPIKA BLVD # 003501 TO 004199,PRINCE GEORGE,1,,,,
all_crashes,All reported crash locations,2023,OSPIKA BLVD & REID CRES,PRINCE GEORGE,1,Ospika Blvd  & Reid Cres ,-122.79545059812489,53.91724205492646,exact_intersection_name
all_crashes,All reported crash locations,2023,OTWAY RD # 007130 TO 008141,PRINCE GEORGE,1,,,,
all_crashes,All reported crash locations,2023,PACIFIC ST # 001200 TO 004621,PRINCE GEORGE,1,,,,
all_crashes,All reported crash locations,2023,PACIFIC ST & RUTLEY AVE,PRINCE GEORGE,1,,,,
all_crashes,All reported crash locations,2023,PANORAMA CRES # 002400 TO 002471,PRINCE GEORGE,1,,,,
all_crashes,All reported crash locations,2023,PATRICIA BLVD # 000700 TO 000799,PRINCE GEORGE,1,,,,
all_crashes,All reported crash locations,2023,PATRICIA BLVD # 001100 TO 001199,PRINCE GEORGE,1,,,,
all_crashes,All reported crash locations,2023,PATRICIA BLVD # 001400 TO 001459,PRINCE GEORGE,1,,,,
all_crashes,All reported crash locations,2023,PEARSON AVE # 001350 TO 001399,PRINCE GEORGE,1,,,,
all_crashes,All reported crash locations,2023,PEARSON AVE & UPLAND ST,PRINCE GEORGE,1,Upland St  & Pearson Ave ,-122.7605606702034,53.89849177189463,exact_intersection_name
all_crashes,All reported crash locations,2023,PERRIN HTS # 002380 TO 002499,PRINCE GEORGE,1,,,,
all_crashes,All reported crash locations,2023,PG PULPMILL RD # 000100 TO 000999,PRINCE GEORGE,1,,,,
all_crashes,All reported crash locations,2023,PINE ST & STRATHCONA AVE,PRINCE GEORGE,1,Pine St  & Strathcona Ave ,-122.75211274293017,53.902462723686206,exact_intersection_name
all_crashes,All reported crash locations,2023,PRESTON RD # 000780 TO 000968,PRINCE GEORGE,1,,,,
all_crashes,All reported crash locations,2023,PRUDENTE RD # 004160 TO 004199,PRINCE GEORGE,1,,,,
all_crashes,All reported crash locations,2023,QUEBEC ST # 000100 TO 000199,PRINCE GEORGE,1,,,,
all_crashes,All reported crash locations,2023,QUEENSWAY # 001700 TO 001899,PRINCE GEORGE,1,,,,
all_crashes,All reported crash locations,2023,QUEENSWAY # 001900 TO 001961,PRINCE GEORGE,1,,,,
all_crashes,All reported crash locations,2023,QUEENSWAY # 002550 TO 002575,PRINCE GEORGE,1,,,,
all_crashes,All reported crash locations,2023,QUEENSWAY # 002634 TO 002693,PRINCE GEORGE,1,,,,
all_crashes,All reported crash locations,2023,QUINCE ST # 002100 TO 002199,PRINCE GEORGE,1,,,,
all_crashes,All reported crash locations,2023,QUINCE ST # 002200 TO 002299,PRINCE GEORGE,1,,,,
all_crashes,All reported crash locations,2023,QUINCE ST # 002600 TO 002699,PRINCE GEORGE,1,,,,
all_crashes,All reported crash locations,2023,QUINN ST # 002200 TO 002299,PRINCE GEORGE,1,,,,
all_crashes,All reported crash locations,2023,RECPLACE DR # 002634 TO 002849,PRINCE GEORGE,1,,,,
all_crashes,All reported crash locations,2023,RICHET ST # 003800 TO 004399,PRINCE GEORGE,1,,,,
all_crashes,All reported crash locations,2023,RIVER RD # 001400 TO 002099,PRINCE GEORGE,1,,,,
all_crashes,All reported crash locations,2023,ROWE ST # 002426 TO 002499,PRINCE GEORGE,1,,,,
all_crashes,All reported crash locations,2023,RUGGLES ST # 000400 TO 000499,PRINCE GEORGE,1,,,,
all_crashes,All reported crash locations,2023,SABYAM RD # 007680 TO 007989,PRINCE GEORGE,1,,,,
all_crashes,All reported crash locations,2023,SADLER DR # 002250 TO 002329,PRINCE GEORGE,1,,,,
all_crashes,All reported crash locations,2023,SADLER DR # 002330 TO 002499,PRINCE GEORGE,1,,,,
all_crashes,All reported crash locations,2023,SANDERSON RD # 002600 TO 002719,PRINCE GEORGE,1,,,,
all_crashes,All reported crash locations,2023,SELKIRK CRES & SIMON FRASER AVE,PRINCE GEORGE,1,Simon Fraser Ave  & Selkirk Cres ,-122.765094853915,53.86697246552757,exact_intersection_name
all_crashes,All reported crash locations,2023,SETON CRES # 003240 TO 003399,PRINCE GEORGE,1,,,,
all_crashes,All reported crash locations,2023,SHEARER CRES # 002280 TO 002358,PRINCE GEORGE,1,,,,
all_crashes,All reported crash locations,2023,SOUTHRIDGE AVE # 006502 TO 006899,PRINCE GEORGE,1,,,,
all_crashes,All reported crash locations,2023,SOUTHRIDGE AVE & ST ANTHONY CRES & ST FRANCES CRES,PRINCE GEORGE,1,Southridge Ave  & St Anthony Cres ,-122.78223987193051,53.85958829607353,subset_intersection_name
all_crashes,All reported crash locations,2023,SPECA ST # 004140 TO 004199,PRINCE GEORGE,1,,,,
all_crashes,All reported crash locations,2023,ST ANTHONY CRES # 006930 TO 007049,PRINCE GEORGE,1,,,,
all_crashes,All reported crash locations,2023,ST FRANCES CRES & ST FRANCES PL,PRINCE GEORGE,1,St Frances Pl  & St Frances Cres ,-122.78391600437794,53.86096351075541,exact_intersection_name
all_crashes,All reported crash locations,2023,ST LAURENT AVE & UPLAND ST,PRINCE GEORGE,1,Upland St  & St Laurent Ave ,-122.7605707160058,53.89601516994424,exact_intersection_name
all_crashes,All reported crash locations,2023,ST LAWRENCE AVE # 007200 TO 007599,PRINCE GEORGE,1,,,,
all_crashes,All reported crash locations,2023,STAUBLE RD & TEICHMAN CRES,PRINCE GEORGE,1,Teichman Cres  & Stauble Rd ,-122.80439808335954,53.981895950655364,exact_intersection_name
all_crashes,All reported crash locations,2023,STEVENS DR # 004150 TO 004383,PRINCE GEORGE,1,,,,
all_crashes,All reported crash locations,2023,STONECREEK PL # 007000 TO 007040,PRINCE GEORGE,1,,,,
all_crashes,All reported crash locations,2023,STRATHCONA AVE # 001900 TO 001999,PRINCE GEORGE,1,,,,
all_crashes,All reported crash locations,2023,STRATHCONA AVE & VICTORIA ST,PRINCE GEORGE,1,Victoria St  & Strathcona Ave ,-122.75527011029236,53.90222988947146,exact_intersection_name
all_crashes,All reported crash locations,2023,SUMMIT ST # 000640 TO 000799,PRINCE GEORGE,1,,,,
all_crashes,All reported crash locations,2023,TABOR BLVD # 000401 TO 000499,PRINCE GEORGE,1,,,,
all_crashes,All reported crash locations,2023,TAFT DR # 007200 TO 007309,PRINCE GEORGE,1,,,,
all_crashes,All reported crash locations,2023,TAMARACK ST # 001700 TO 001963,PRINCE GEORGE,1,,,,
all_crashes,All reported crash locations,2023,THACKER CRES # 000100 TO 000148,PRINCE GEORGE,1,,,,
all_crashes,All reported crash locations,2023,THEE PL # 002960 TO 003020,PRINCE GEORGE,1,,,,
all_crashes,All reported crash locations,2023,TOOMBS DR # 007260 TO 007999,PRINCE GEORGE,1,,,,
all_crashes,All reported crash locations,2023,TRENT DR # 006100 TO 006199,PRINCE GEORGE,1,,,,
all_crashes,All reported crash locations,2023,UNIVERSITY WAY # 003300 TO 003339,PRINCE GEORGE,1,,,,
all_crashes,All reported crash locations,2023,UPLAND ST # 002500 TO 002679,PRINCE GEORGE,1,,,,
all_crashes,All reported crash locations,2023,VALLEYVIEW DR # 006980 TO 007199,PRINCE GEORGE,1,,,,
all_crashes,All reported crash locations,2023,VANCE PL & VANCE RD & WESTWOOD DR,PRINCE GEORGE,1,Vance Rd  & Westwood Dr ,-122.77958299151511,53.880945385666415,subset_intersection_name
all_crashes,All reported crash locations,2023,VANTAGE PT # 002350 TO 002369,PRINCE GEORGE,1,,,,
all_crashes,All reported crash locations,2023,VEDDER CRES # 000700 TO 000789,PRINCE GEORGE,1,,,,
all_crashes,All reported crash locations,2023,VICTORIA ST # 000248 TO 000299,PRINCE GEORGE,1,,,,
all_crashes,All reported crash locations,2023,VICTORIA ST # 000400 TO 000449,PRINCE GEORGE,1,,,,
all_crashes,All reported crash locations,2023,VICTORIA ST # 000900 TO 000951,PRINCE GEORGE,1,,,,
all_crashes,All reported crash locations,2023,VICTORIA ST # 001000 TO 001099,PRINCE GEORGE,1,,,,
all_crashes,All reported crash locations,2023,VICTORIA ST # 001501 TO 001699,PRINCE GEORGE,1,,,,
all_crashes,All reported crash locations,2023,VICTORIA ST # 001900 TO 001999,PRINCE GEORGE,1,,,,
all_crashes,All reported crash locations,2023,VICTORIA ST # 002100 TO 002299,PRINCE GEORGE,1,,,,
all_crashes,All reported crash locations,2023,WESTERN RD # 009768 TO 009980,PRINCE GEORGE,1,,,,
all_crashes,All reported crash locations,2023,WESTMOUNT DR # 006840 TO 006999,PRINCE GEORGE,1,,,,
all_crashes,All reported crash locations,2023,WESTWOOD DR # 003300 TO 003339,PRINCE GEORGE,1,,,,
all_crashes,All reported crash locations,2023,WESTWOOD DR # 003360 TO 003404,PRINCE GEORGE,1,,,,
all_crashes,All reported crash locations,2023,WESTWOOD DR # 003401 TO 003508,PRINCE GEORGE,1,,,,
all_crashes,All reported crash locations,2023,WILLMANN RD # 000380 TO 000697,PRINCE GEORGE,1,,,,
all_crashes,All reported crash locations,2023,ZRAL RD # 004500 TO 004591,PRINCE GEORGE,1,,,,
all_crashes,All reported crash locations,2024,DOMANO BLVD & HWY 16 W & TYNER BLVD & TURNING LANE,PRINCE GEORGE,51,Domano Blvd  & Domano Blvd ,-122.7710521207196,53.84646157118433,subset_intersection_name
all_crashes,All reported crash locations,2024,FERRY AVE & HWY 16 W & TURNING LANE,PRINCE GEORGE,47,Hwy 16 W & Ferry Ave ,-122.76736310375131,53.88887407036401,exact_intersection_name
all_crashes,All reported crash locations,2024,HWY 16 W & HWY 97 S & INDUSTRIAL ACCESS ROAD & TURNING LANE,PRINCE GEORGE,45,,,,
all_crashes,All reported crash locations,2024,15TH AVE & CENTRAL ST E & CENTRAL ST W & HWY 97 S & TURNING LANE,PRINCE GEORGE,36,Hwy 97 S & 15th Ave ,-122.78179494195119,53.910312151553725,subset_intersection_name
all_crashes,All reported crash locations,2024,5TH AVE & CENTRAL ST E & HWY 97 S & TURNING LANE,PRINCE GEORGE,35,Hwy 97 S & 5th Ave ,-122.78177854610227,53.9205941555201,subset_intersection_name
all_crashes,All reported crash locations,2024,HWY 16 W & KONRATH RD & WESTGATE AVE & TURNING LANE,PRINCE GEORGE,28,Hwy 16 W & Westgate Ave ,-122.80187600562118,53.86123492513162,subset_intersection_name
all_crashes,All reported crash locations,2024,MASSEY DR & OSPIKA BLVD & TURNING LANE,PRINCE GEORGE,26,Ospika Blvd  & Massey Dr ,-122.79101461008624,53.89892833157825,exact_intersection_name
all_crashes,All reported crash locations,2024,MASSEY DR & WESTWOOD DR & TURNING LANE,PRINCE GEORGE,24,Massey Dr  & Westwood Dr ,-122.78220102448,53.89962927490321,exact_intersection_name
all_crashes,All reported crash locations,2024,HWY 97 S & MASSEY DR & PINE CENTRE RD & PINE CENTRE RD OFFRAMP & MALL ACCESS & TURNING LANE,PRINCE GEORGE,23,Hwy 97 S & Pine Centre Rd ,-122.77435190570137,53.89909187852446,subset_intersection_name
all_crashes,All reported crash locations,2024,COWART RD & HWY 16 W & VANCE RD & CEMETERY ACCESS ROAD & TURNING LANE,PRINCE GEORGE,22,Hwy 16 W & Vance Rd ,-122.77015009178176,53.88093857899615,subset_intersection_name
all_crashes,All reported crash locations,2024,15TH AVE & PATRICIA BLVD & VICTORIA ST & TURNING LANE,PRINCE GEORGE,20,Victoria St  & 15th Ave ,-122.7548642990933,53.910532795614444,subset_intersection_name
all_crashes,All reported crash locations,2024,20TH AVE & REDWOOD ST & VICTORIA ST,PRINCE GEORGE,19,20th Ave  & Redwood St ,-122.75656169384115,53.90543882115238,subset_intersection_name
all_crashes,All reported crash locations,2024,10TH AVE & CENTRAL ST E & CENTRAL ST W & HWY 97 S & TURNING LANE,PRINCE GEORGE,18,Hwy 97 S & 10th Ave ,-122.78177628409276,53.915447860379075,subset_intersection_name
all_crashes,All reported crash locations,2024,20TH AVE & CARNEY ST & MASSEY DR & WINNIPEG ST & TURNING LANE,PRINCE GEORGE,18,Massey Dr  & Carney St ,-122.76719262100009,53.9064125236042,subset_intersection_name
all_crashes,All reported crash locations,2024,5TH AVE & OSPIKA BLVD & TURNING LANE,PRINCE GEORGE,18,Ospika Blvd  & 5th Ave ,-122.79417553362454,53.92053592860853,exact_intersection_name
all_crashes,All reported crash locations,2024,15TH AVE & FOOTHILLS BLVD & UNIVERSITY WAY,PRINCE GEORGE,16,Foothills Blvd  & 15th Ave ,-122.81162073426202,53.91037359785447,subset_intersection_name
all_crashes,All reported crash locations,2024,FERRY AVE & FERRY AVE OFFRAMP & FERRY AVE ONRAMP & HWY 97 S & MOYIE ST & QUEENSWAY & QUEENSWAY OFFRAMP & QUEENSWAY ONRAMP & SIMON FRASER BRIDGE & TURNING LANE,PRINCE GEORGE,16,Queensway   & Moyie St ,-122.7474780339104,53.893242216093796,subset_intersection_name
all_crashes,All reported crash locations,2024,15TH AVE & 15TH AVE FRTG & OSPIKA BLVD,PRINCE GEORGE,15,Ospika Blvd  & 15th Ave ,-122.79747485365283,53.91031461599602,subset_intersection_name
all_crashes,All reported crash locations,2024,AUSTIN RD E & AUSTIN RD W & HART HWY & HART HWY FRTG & TURNING LANE,PRINCE GEORGE,15,Hart Hwy  & Austin Rd W,-122.78698619107912,53.98951914251626,subset_intersection_name
all_crashes,All reported crash locations,2024,HART HWY & HART HWY ONRAMP & HWY 97 S & N NECHAKO RD OFFRAMP & N NECHAKO RD ONRAMP & NECHAKO RD OVERPASS & NORTH NECHAKO RD & INDUSTRIAL ACCESS ROAD,PRINCE GEORGE,14,Hart Hwy  & North Nechako Rd ,-122.78062589085935,53.93106085695682,subset_intersection_name
all_crashes,All reported crash locations,2024,15TH AVE & CARNEY ST,PRINCE GEORGE,13,15th Ave  & Carney St ,-122.7692733112798,53.910361039113525,exact_intersection_name
all_crashes,All reported crash locations,2024,22ND AVE & CENTRAL ST E & GRIFFITHS AVE & HWY 97 S & WESTWOOD DR & TURNING LANE,PRINCE GEORGE,13,Hwy 97 S & 22nd Ave ,-122.78180081482267,53.90360164570181,subset_intersection_name
all_crashes,All reported crash locations,2024,10TH AVE & CARNEY ST,PRINCE GEORGE,11,Carney St  & 10th Ave ,-122.76929725602113,53.91542380304837,exact_intersection_name
all_crashes,All reported crash locations,2024,7TH AVE & VICTORIA ST,PRINCE GEORGE,11,Victoria St  & 7th Ave ,-122.75161082477203,53.91479475071995,exact_intersection_name
all_crashes,All reported crash locations,2024,1ST AVE & QUEENSWAY,PRINCE GEORGE,10,1st Ave  & Queensway  ,-122.73942689740369,53.91756997144434,exact_intersection_name
all_crashes,All reported crash locations,2024,5TH AVE & AHBAU ST & LYON ST,PRINCE GEORGE,10,5th Ave  & Lyon St ,-122.78432072548367,53.92061615056932,subset_intersection_name
all_crashes,All reported crash locations,2024,9TH AVE & VICTORIA ST,PRINCE GEORGE,10,Victoria St  & 9th Ave ,-122.75286633413029,53.913255575865634,exact_intersection_name
all_crashes,All reported crash locations,2024,BOUNDARY RD & HWY 97 S & HWY 97 S FRTG & TURNING LANE,PRINCE GEORGE,10,Hwy 97 S & Boundary Rd,-122.71434293047058,53.85580502666708,subset_intersection_name
all_crashes,All reported crash locations,2024,15TH AVE & SPRUCE ST & MALL ACCESS & TURNING LANE,PRINCE GEORGE,9,15th Ave  & Spruce St ,-122.75787971344289,53.90985047665654,subset_intersection_name
all_crashes,All reported crash locations,2024,18TH AVE & OSPIKA BLVD,PRINCE GEORGE,9,Ospika Blvd  & 18th Ave ,-122.7975402414345,53.90731179379243,exact_intersection_name
all_crashes,All reported crash locations,2024,1ST AVE & CARNEY ST & RIVER RD & TURNING LANE,PRINCE GEORGE,9,1st Ave  & River Rd ,-122.76848239866689,53.92548131015521,subset_intersection_name
all_crashes,All reported crash locations,2024,HART HWY & HART HWY FRTG & NORTHWOOD PULPMILL RD & NORTHWOOD PULPMILL RD OFFRAMP,PRINCE GEORGE,9,Hart Hwy  & Northwood Pulpmill Rd ,-122.76126102811199,53.94364981867475,subset_intersection_name
all_crashes,All reported crash locations,2024,OSPIKA BLVD & RANGE RD,PRINCE GEORGE,9,Ospika Blvd  & Range Rd ,-122.78494957948514,53.884560801882536,exact_intersection_name
all_crashes,All reported crash locations,2024,OSPIKA BLVD & TYNER BLVD & TURNING LANE,PRINCE GEORGE,9,Ospika Blvd  & Tyner Blvd ,-122.79190773681847,53.869320651147355,exact_intersection_name
all_crashes,All reported crash locations,2024,18TH AVE & CENTRAL ST E & CENTRAL ST W & HWY 97 S,PRINCE GEORGE,8,Hwy 97 S & 18th Ave ,-122.7817240248962,53.9072493742058,subset_intersection_name
all_crashes,All reported crash locations,2024,5TH AVE & CARNEY ST,PRINCE GEORGE,8,5th Ave  & Carney St ,-122.76929406084285,53.92067066923,exact_intersection_name
all_crashes,All reported crash locations,2024,HWY 97 S & RAILWAY RD & TURNING LANE,PRINCE GEORGE,8,Hwy 97 S & Railway Rd ,-122.74183225904618,53.884844890120526,exact_intersection_name
all_crashes,All reported crash locations,2024,15TH AVE & 15TH AVE FRTG & AHBAU ST,PRINCE GEORGE,7,,,,
all_crashes,All reported crash locations,2024,15TH AVE & NICHOLSON ST,PRINCE GEORGE,7,15th Ave  & Nicholson St ,-122.78694258757027,53.91020887071563,exact_intersection_name
all_crashes,All reported crash locations,2024,17TH AVE & VICTORIA ST,PRINCE GEORGE,7,Victoria St  & 17th Ave ,-122.75513359039593,53.90845467368114,exact_intersection_name
all_crashes,All reported crash locations,2024,20TH AVE & SPRUCE ST,PRINCE GEORGE,7,20th Ave  & Spruce St ,-122.7579191232894,53.90543509971525,exact_intersection_name
all_crashes,All reported crash locations,2024,20TH AVE & UPLAND ST,PRINCE GEORGE,7,20th Ave  & Upland St ,-122.76059629140936,53.905422296840946,exact_intersection_name
all_crashes,All reported crash locations,2024,22ND AVE & OSPIKA BLVD,PRINCE GEORGE,7,Ospika Blvd  & 22nd Ave ,-122.79642354826369,53.90223423001309,exact_intersection_name
all_crashes,All reported crash locations,2024,4TH AVE & VICTORIA ST,PRINCE GEORGE,7,Victoria St  & 4th Ave ,-122.74972703343879,53.91710796548883,exact_intersection_name
all_crashes,All reported crash locations,2024,5TH AVE & TABOR BLVD,PRINCE GEORGE,7,5th Ave  & Tabor Blvd ,-122.80762434320357,53.92062910542345,exact_intersection_name
all_crashes,All reported crash locations,2024,CARIBOO HWY N & CARIBOO HWY S & HWY 97 S FRTG & SINTICH RD & SINTICH RD E & TURNING LANE,PRINCE GEORGE,7,,,,
all_crashes,All reported crash locations,2024,DAKELH TI & DOMANO BLVD & MCGILL CRES & TURNING LANE,PRINCE GEORGE,7,Domano Blvd  & Domano Blvd ,-122.7710521207196,53.84646157118433,subset_intersection_name
all_crashes,All reported crash locations,2024,DUFFERIN AVE & FOREST AVE & OSPIKA BLVD,PRINCE GEORGE,7,Ospika Blvd  & Forest Ave ,-122.78902474421145,53.89575059327287,subset_intersection_name
all_crashes,All reported crash locations,2024,HWY 16 W & RANGE RD & CHAINUP & TURNING LANE,PRINCE GEORGE,7,Hwy 16 W & Range Rd ,-122.76905843798687,53.88447169816131,subset_intersection_name
all_crashes,All reported crash locations,2024,HWY 97 S & PACIFIC ST & TERMINAL BLVD & TURNING LANE,PRINCE GEORGE,7,Hwy 97 S & Pacific St ,-122.73607787027044,53.8729297934472,subset_intersection_name
all_crashes,All reported crash locations,2024,PATRICIA BLVD & QUEENSWAY & TURNING LANE,PRINCE GEORGE,7,Queensway   & Patricia Blvd ,-122.74238920198624,53.91168899631086,exact_intersection_name
all_crashes,All reported crash locations,2024,13TH AVE & WINNIPEG ST & MALL ACCESS,PRINCE GEORGE,6,Winnipeg St  & 13th Ave ,-122.76080205044619,53.91176246775332,subset_intersection_name
all_crashes,All reported crash locations,2024,15TH AVE & TABOR BLVD,PRINCE GEORGE,6,15th Ave  & Tabor Blvd ,-122.80702669201499,53.91044044434808,exact_intersection_name
all_crashes,All reported crash locations,2024,15TH AVE & WINNIPEG ST,PRINCE GEORGE,6,Winnipeg St  & 15th Ave ,-122.762527691673,53.90945294671683,exact_intersection_name
all_crashes,All reported crash locations,2024,17TH AVE & QUEENSWAY,PRINCE GEORGE,6,Queensway   & 17th Ave ,-122.74230240093378,53.908467530371524,exact_intersection_name
all_crashes,All reported crash locations,2024,3RD AVE & CARNEY ST,PRINCE GEORGE,6,Carney St  & 3rd Ave ,-122.76932051435493,53.92264142525402,exact_intersection_name
all_crashes,All reported crash locations,2024,4TH AVE & EDMONTON ST & MCBRIDE CRES,PRINCE GEORGE,6,4th Ave  & Edmonton St ,-122.75681366650194,53.919106389757566,subset_intersection_name
all_crashes,All reported crash locations,2024,BOUNDARY RD & HWY 16 E & SABRE RD & TURNING LANE,PRINCE GEORGE,6,Hwy 16 E & Boundary Rd,-122.67943437646323,53.90701731170521,subset_intersection_name
all_crashes,All reported crash locations,2024,BUNCE RD & GAUTHIER RD & HWY 16 W & HWY 16 W FRTG & TURNING LANE,PRINCE GEORGE,6,Hwy 16 W & Gauthier Rd ,-122.82453561579439,53.84956165993766,subset_intersection_name
all_crashes,All reported crash locations,2024,CEREMONIAL RD & UNIVERSITY WAY,PRINCE GEORGE,6,University Way  & Ceremonial Rd ,-122.81361840156315,53.887305973117016,exact_intersection_name
all_crashes,All reported crash locations,2024,DOMANO BLVD # 005000 TO 005098,PRINCE GEORGE,6,,,,
all_crashes,All reported crash locations,2024,FERRY AVE & LANSDOWNE RD,PRINCE GEORGE,6,Ferry Ave  & Lansdowne Rd ,-122.76237624803967,53.888733814618774,exact_intersection_name
all_crashes,All reported crash locations,2024,FERRY AVE & RECPLACE DR,PRINCE GEORGE,6,Ferry Ave  & Recplace Dr ,-122.7708357032018,53.888759334056346,exact_intersection_name
all_crashes,All reported crash locations,2024,HART HWY & HART HWY FRTG & NORDIC DR,PRINCE GEORGE,6,Hart Hwy  & Nordic Dr ,-122.80095549920783,53.999154791952165,subset_intersection_name
all_crashes,All reported crash locations,2024,HWY 16 W & SOUTHRIDGE AVE & SOUTHRIDGE AVE OFFRAMP & SOUTHRIDGE AVE ONRAMP & TURNING LANE,PRINCE GEORGE,6,Hwy 16 W & Southridge Ave ,-122.78401789678078,53.86549468941883,subset_intersection_name
all_crashes,All reported crash locations,2024,SPRUCE ST & STRATHCONA AVE,PRINCE GEORGE,6,Spruce St  & Strathcona Ave ,-122.7579259069719,53.90227702965745,exact_intersection_name
all_crashes,All reported crash locations,2024,17TH AVE & SPRUCE ST,PRINCE GEORGE,5,Spruce St  & 17th Ave ,-122.7579380281123,53.908453412529106,exact_intersection_name
all_crashes,All reported crash locations,2024,20TH AVE & QUEENSWAY,PRINCE GEORGE,5,,,,
all_crashes,All reported crash locations,2024,2ND AVE & VICTORIA ST,PRINCE GEORGE,5,Victoria St  & 2nd Ave ,-122.74844635195491,53.918682341882864,exact_intersection_name
all_crashes,All reported crash locations,2024,8TH AVE & CARNEY ST,PRINCE GEORGE,5,Carney St  & 8th Ave ,-122.7692973995918,53.917645464343316,exact_intersection_name
all_crashes,All reported crash locations,2024,BLUEBERRY RD & HART HWY & HOFERKAMP RD & SCALE ACCESS & TURNING LANE,PRINCE GEORGE,5,Hart Hwy  & Hoferkamp Rd ,-122.75994634796145,53.93830782107887,subset_intersection_name
all_crashes,All reported crash locations,2024,HANDLEN RD & HART HWY & HART HWY FRTG & WEISBROD RD & TURNING LANE,PRINCE GEORGE,5,,,,
all_crashes,All reported crash locations,2024,HART HWY & KELLY RD N & KELLY RD N OFFRAMP & KELLY RD N ONRAMP,PRINCE GEORGE,5,Hart Hwy  & Kelly Rd N,-122.8003677272629,54.01068068182403,subset_intersection_name
all_crashes,All reported crash locations,2024,HART HWY & MONTEREY RD & MONTEREY RD W & TURNING LANE,PRINCE GEORGE,5,Hart Hwy & Monterey Rd ,-122.7722739301461,53.97865848147861,subset_intersection_name
all_crashes,All reported crash locations,2024,MASSEY DR # 003050 TO 003298,PRINCE GEORGE,5,,,,
all_crashes,All reported crash locations,2024,MASSEY DR & NICHOLSON ST,PRINCE GEORGE,5,Massey Dr  & Nicholson St ,-122.78890013154833,53.899613928664735,exact_intersection_name
all_crashes,All reported crash locations,2024,15TH AVE & ALWARD ST,PRINCE GEORGE,4,15th Ave  & Alward St ,-122.76638877768924,53.910344784083385,exact_intersection_name
all_crashes,All reported crash locations,2024,18TH AVE & NICHOLSON ST & INSTITUTIONAL ACCESS ROAD,PRINCE GEORGE,4,18th Ave  & Nicholson St ,-122.78593329878412,53.907359161967676,subset_intersection_name
all_crashes,All reported crash locations,2024,1ST AVE & FOOTHILLS BLVD,PRINCE GEORGE,4,Foothills Blvd  & 1st Ave ,-122.81946800626679,53.931178551459105,exact_intersection_name
all_crashes,All reported crash locations,2024,4TH AVE & GEORGE ST,PRINCE GEORGE,4,4th Ave  & George St ,-122.74338122958899,53.915305753250905,exact_intersection_name
all_crashes,All reported crash locations,2024,5TH AVE & DOMINION ST,PRINCE GEORGE,4,Dominion St  & 5th Ave ,-122.74571313800674,53.91503233219792,exact_intersection_name
all_crashes,All reported crash locations,2024,BAKER RD & GANNETT RD & TYNER BLVD,PRINCE GEORGE,4,Tyner Blvd  & Baker Rd ,-122.78559180190067,53.86986585776354,subset_intersection_name
all_crashes,All reported crash locations,2024,BLACKWATER RD & HWY 16 W & HWY 16 W FRTG & SYKES RD E & SYKES RD W & TURNING LANE,PRINCE GEORGE,4,Hwy 16 W & Blackwater Rd ,-122.83893245903275,53.835282142950284,subset_intersection_name
all_crashes,All reported crash locations,2024,CAMERON ST & RIVER RD,PRINCE GEORGE,4,Cameron St  & River Rd ,-122.76487632814779,53.926038421429304,exact_intersection_name
all_crashes,All reported crash locations,2024,DAVIS RD & OSPIKA BLVD,PRINCE GEORGE,4,Ospika Blvd  & Davis Rd ,-122.78461387765036,53.8765979093368,exact_intersection_name
all_crashes,All reported crash locations,2024,DAVIS RD OFFRAMP & HWY 16 W,PRINCE GEORGE,4,,,,
all_crashes,All reported crash locations,2024,DOMANO BLVD & GLADSTONE DR & ST LAWRENCE AVE,PRINCE GEORGE,4,Domano Blvd  & Domano Blvd ,-122.7710521207196,53.84646157118433,subset_intersection_name
all_crashes,All reported crash locations,2024,DOMINION ST & PATRICIA BLVD,PRINCE GEORGE,4,Patricia Blvd  & Dominion St ,-122.7484891204018,53.911912249001574,exact_intersection_name
all_crashes,All reported crash locations,2024,FERRY AVE & OSPIKA BLVD,PRINCE GEORGE,4,Ospika Blvd  & Ferry Ave ,-122.78723029011171,53.888222873019025,exact_intersection_name
all_crashes,All reported crash locations,2024,FERRY AVE & UPLAND ST,PRINCE GEORGE,4,Ferry Ave  & Upland St ,-122.76072558033358,53.88881653718363,exact_intersection_name
all_crashes,All reported crash locations,2024,HWY 16 W & MARLEAU RD & WELLER RD & TURNING LANE,PRINCE GEORGE,4,Hwy 16 W & Marleau Rd ,-122.7915482227612,53.86507997452401,subset_intersection_name
all_crashes,All reported crash locations,2024,HWY 16 W & RECREATION AVE,PRINCE GEORGE,4,,,,
all_crashes,All reported crash locations,2024,HWY 16 W FRTG & WESTGATE AVE,PRINCE GEORGE,4,,,,
all_crashes,All reported crash locations,2024,OSPIKA BLVD & RAINBOW DR,PRINCE GEORGE,4,Ospika Blvd  & Rainbow Dr ,-122.79585095028654,53.91651845108733,exact_intersection_name
all_crashes,All reported crash locations,2024,TYNER BLVD & UNIVERSITY HEIGHTS DR,PRINCE GEORGE,4,,,,
all_crashes,All reported crash locations,2024,10TH AVE & VICTORIA ST,PRINCE GEORGE,3,Victoria St  & 10th Ave ,-122.75350286994268,53.91244387339383,exact_intersection_name
all_crashes,All reported crash locations,2024,15TH AVE # 001600 TO 001708,PRINCE GEORGE,3,,,,
all_crashes,All reported crash locations,2024,15TH AVE & 15TH AVE FRTG & LIARD DR,PRINCE GEORGE,3,Liard Dr  & Liard Dr ,-122.79071779991386,53.913217594223106,subset_intersection_name
all_crashes,All reported crash locations,2024,15TH AVE & EDMONTON ST,PRINCE GEORGE,3,15th Ave  & Edmonton St ,-122.76394479751441,53.9103781471734,exact_intersection_name
all_crashes,All reported crash locations,2024,15TH AVE & QUINN ST,PRINCE GEORGE,3,15th Ave  & Quinn St ,-122.79179532834341,53.91021416704673,exact_intersection_name
all_crashes,All reported crash locations,2024,17TH AVE & WINNIPEG ST,PRINCE GEORGE,3,Winnipeg St  & 17th Ave ,-122.76347818931562,53.908483772123894,exact_intersection_name
all_crashes,All reported crash locations,2024,1ST AVE & N TABOR BLVD & TABOR BLVD,PRINCE GEORGE,3,Tabor Blvd  & 1st Ave ,-122.80312365900102,53.92712440844348,subset_intersection_name
all_crashes,All reported crash locations,2024,1ST AVE & VICTORIA ST & TURNING LANE,PRINCE GEORGE,3,Victoria St  & 1st Ave ,-122.74758500128966,53.91980676674687,exact_intersection_name
all_crashes,All reported crash locations,2024,22ND AVE # 003200 TO 003399,PRINCE GEORGE,3,,,,
all_crashes,All reported crash locations,2024,2ND AVE & QUEENSWAY,PRINCE GEORGE,3,2nd Ave  & Queensway  ,-122.74038132103622,53.91637672776007,exact_intersection_name
all_crashes,All reported crash locations,2024,4TH AVE & WINNIPEG ST,PRINCE GEORGE,3,Winnipeg St  & 4th Ave ,-122.7551217301347,53.91862479119827,exact_intersection_name
all_crashes,All reported crash locations,2024,5TH AVE & BRIGADE DR & KERRY ST,PRINCE GEORGE,3,5th Ave  & Brigade Dr ,-122.79975140654926,53.92062327015756,subset_intersection_name
all_crashes,All reported crash locations,2024,5TH AVE & FOOTHILLS BLVD,PRINCE GEORGE,3,Foothills Blvd  & 5th Ave ,-122.81925121571736,53.92063407345569,exact_intersection_name
all_crashes,All reported crash locations,2024,5TH AVE & GEORGE ST,PRINCE GEORGE,3,George St  & 5th Ave ,-122.74399761023611,53.914548932470986,exact_intersection_name
all_crashes,All reported crash locations,2024,5TH AVE & HARPER ST,PRINCE GEORGE,3,5th Ave  & Harper St ,-122.77671707651508,53.920625853155975,exact_intersection_name
all_crashes,All reported crash locations,2024,5TH AVE & HILL AVE & URQUHART CRES,PRINCE GEORGE,3,5th Ave  & Urquhart Cres ,-122.81223695255046,53.92050545616595,subset_intersection_name
all_crashes,All reported crash locations,2024,5TH AVE & QUEENSWAY,PRINCE GEORGE,3,Queensway   & 5th Ave ,-122.74228631032446,53.91406985176876,exact_intersection_name
all_crashes,All reported crash locations,2024,5TH AVE & RUGGLES ST & PARK ACCESS ROAD,PRINCE GEORGE,3,5th Ave  & Ruggles St ,-122.79326321494902,53.920647899303766,subset_intersection_name
all_crashes,All reported crash locations,2024,5TH AVE & STUART DR,PRINCE GEORGE,3,5th Ave  & Stuart Dr ,-122.78953273309845,53.920564155242744,exact_intersection_name
all_crashes,All reported crash locations,2024,5TH AVE & WAINWRIGHT ST,PRINCE GEORGE,3,5th Ave  & Wainwright St ,-122.76504512229376,53.92065591185311,exact_intersection_name
all_crashes,All reported crash locations,2024,6TH AVE & BRUNSWICK ST,PRINCE GEORGE,3,Brunswick St  & 6th Ave ,-122.74943499188106,53.915128947886245,exact_intersection_name
all_crashes,All reported crash locations,2024,7TH AVE & CANADA GAMES WAY & QUEBEC ST,PRINCE GEORGE,3,7th Ave  & Quebec St ,-122.74853257549181,53.91392988958388,subset_intersection_name
all_crashes,All reported crash locations,2024,BEAR RD & HWY 16 W & HWY 16 W FRTG & KIMBALL RD & TURNING LANE,PRINCE GEORGE,3,Hwy 16 W & Kimball Rd ,-122.81600682764814,53.85826461271277,subset_intersection_name
all_crashes,All reported crash locations,2024,BELLAMY RD & HART HWY & HART HWY FRTG,PRINCE GEORGE,3,Hart Hwy  & Bellamy Rd ,-122.76404226514991,53.952809513486244,subset_intersection_name
all_crashes,All reported crash locations,2024,BIRCHWOOD DR & HART HWY,PRINCE GEORGE,3,Hart Hwy  & Birchwood Dr ,-122.78341698501423,53.98773950471082,exact_intersection_name
all_crashes,All reported crash locations,2024,CENTRAL ST E # 001546 TO 001799,PRINCE GEORGE,3,,,,
all_crashes,All reported crash locations,2024,DAVIE AVE & EAGLENEST CRES & TABOR BLVD,PRINCE GEORGE,3,Tabor Blvd  & Eaglenest Cres ,-122.80708792998212,53.91487170302079,subset_intersection_name
all_crashes,All reported crash locations,2024,DEL LAVERDURE WAY & MASSEY DR,PRINCE GEORGE,3,Massey Dr  & Del Laverdure Way ,-122.77367095575373,53.90357554176433,exact_intersection_name
all_crashes,All reported crash locations,2024,DOMANO BLVD & MALASPINA AVE,PRINCE GEORGE,3,Domano Blvd  & Malaspina Ave ,-122.77041713510022,53.84894206001694,exact_intersection_name
all_crashes,All reported crash locations,2024,E BEAVERLEY RD & HARTMAN RD & HWY 16 W,PRINCE GEORGE,3,Hwy 16 W & Hartman Rd ,-122.88147597500439,53.82080096892897,subset_intersection_name
all_crashes,All reported crash locations,2024,FERRY AVE & WESTWOOD DR,PRINCE GEORGE,3,Ferry Ave  & Westwood Dr ,-122.77963965521923,53.88818215882621,exact_intersection_name
all_crashes,All reported crash locations,2024,FOOTHILLS BLVD & OTWAY RD,PRINCE GEORGE,3,Foothills Blvd  & Otway Rd ,-122.81793770725876,53.94313538722845,exact_intersection_name
all_crashes,All reported crash locations,2024,GREAT ST & TERMINAL BLVD,PRINCE GEORGE,3,Terminal Blvd  & Great St ,-122.73824984795061,53.87623105382251,exact_intersection_name
all_crashes,All reported crash locations,2024,GRIFFITHS AVE & MASSEY DR,PRINCE GEORGE,3,Massey Dr  & Griffiths Ave ,-122.77334218117504,53.90476971060151,exact_intersection_name
all_crashes,All reported crash locations,2024,HART HWY & HART HWY FRTG & PERRIN HTS & SHADY LANE,PRINCE GEORGE,3,Hart Hwy  & Shady Lane ,-122.7656637163083,53.957084070516785,subset_intersection_name
all_crashes,All reported crash locations,2024,HART HWY & KENWORTH RD E & KENWORTH RD W,PRINCE GEORGE,3,,,,
all_crashes,All reported crash locations,2024,HOUSTON LANE & JASPER ST & QUEENSWAY,PRINCE GEORGE,3,Queensway   & Jasper St ,-122.74286335367935,53.89439091903017,subset_intersection_name
all_crashes,All reported crash locations,2024,HWY 16 E & OLD CARIBOO HWY & ACCESS ROAD,PRINCE GEORGE,3,Hwy 16 E & Old Cariboo Hwy ,-122.66670235342924,53.908536210376234,subset_intersection_name
all_crashes,All reported crash locations,2024,HWY 16 W & HWY 16 W FRTG & JUTLAND RD,PRINCE GEORGE,3,Hwy 16 W & Jutland Rd ,-122.85766180675823,53.82754168821828,subset_intersection_name
all_crashes,All reported crash locations,2024,INDUSTRIAL WAY & PACIFIC ST,PRINCE GEORGE,3,Pacific St  & Industrial Way ,-122.73487553314754,53.86597079738879,exact_intersection_name
all_crashes,All reported crash locations,2024,OLD CARIBOO HWY # 001442 TO 001849,PRINCE GEORGE,3,,,,
all_crashes,All reported crash locations,2024,OSPIKA BLVD & PINEWOOD AVE,PRINCE GEORGE,3,Ospika Blvd  & Pinewood Ave ,-122.7889642366473,53.89207980775484,exact_intersection_name
all_crashes,All reported crash locations,2024,OTWAY RD # 007130 TO 008141,PRINCE GEORGE,3,,,,
all_crashes,All reported crash locations,2024,PINE ST & STRATHCONA AVE,PRINCE GEORGE,3,Pine St  & Strathcona Ave ,-122.75211274293017,53.902462723686206,exact_intersection_name
all_crashes,All reported crash locations,2024,RANGE RD # 002460 TO 002599,PRINCE GEORGE,3,,,,
all_crashes,All reported crash locations,2024,UNIVERSITY WAY # 003300 TO 003339,PRINCE GEORGE,3,,,,
all_crashes,All reported crash locations,2024,VANCE PL & VANCE RD & WESTWOOD DR,PRINCE GEORGE,3,Vance Rd  & Westwood Dr ,-122.77958299151511,53.880945385666415,subset_intersection_name
all_crashes,All reported crash locations,2024,VANCE RD # 002600 TO 002659,PRINCE GEORGE,3,,,,
all_crashes,All reported crash locations,2024,VANCE RD & WIEBE RD,PRINCE GEORGE,3,Wiebe Rd  & Vance Rd ,-122.77345590858994,53.88100074036664,exact_intersection_name
all_crashes,All reported crash locations,2024,10TH AVE & JOHNSON ST,PRINCE GEORGE,2,10th Ave  & Johnson St ,-122.77969206448486,53.91540913918963,exact_intersection_name
all_crashes,All reported crash locations,2024,10TH AVE & MCBRIDE CRES,PRINCE GEORGE,2,10th Ave  & McBride Cres ,-122.76291237510696,53.915915559019716,exact_intersection_name
all_crashes,All reported crash locations,2024,11TH AVE & VANCOUVER ST,PRINCE GEORGE,2,Vancouver St  & 11th Ave ,-122.75591672956678,53.91223146758382,exact_intersection_name
all_crashes,All reported crash locations,2024,11TH AVE & WINNIPEG ST,PRINCE GEORGE,2,Winnipeg St  & 11th Ave ,-122.75948721738919,53.91324681464521,exact_intersection_name
all_crashes,All reported crash locations,2024,15TH AVE & JOHNSON ST,PRINCE GEORGE,2,15th Ave  & Johnson St ,-122.779695955024,53.910365631892915,exact_intersection_name
all_crashes,All reported crash locations,2024,15TH AVE FRTG # 003300 TO 003398,PRINCE GEORGE,2,,,,
all_crashes,All reported crash locations,2024,18TH AVE & FOOTHILLS BLVD,PRINCE GEORGE,2,Foothills Blvd  & 18th Ave ,-122.81064627952179,53.907328313919955,exact_intersection_name
all_crashes,All reported crash locations,2024,18TH AVE & KELLAR ST,PRINCE GEORGE,2,,,,
all_crashes,All reported crash locations,2024,18TH AVE & LYON ST,PRINCE GEORGE,2,Lyon St  & 18th Ave ,-122.78472470990198,53.90734849363782,exact_intersection_name
all_crashes,All reported crash locations,2024,18TH AVE & OGILVIE ST,PRINCE GEORGE,2,Ogilvie St  & 18th Ave ,-122.78920460104274,53.907319762379416,exact_intersection_name
all_crashes,All reported crash locations,2024,1ST AVE & MCINTYRE CRES,PRINCE GEORGE,2,1st Ave  & McIntyre Cres ,-122.79638058589016,53.924883656533396,exact_intersection_name
all_crashes,All reported crash locations,2024,1ST AVE & N OSPIKA BLVD & OSPIKA BLVD,PRINCE GEORGE,2,Ospika Blvd  & 1st Ave ,-122.79410008018007,53.92484505980793,subset_intersection_name
all_crashes,All reported crash locations,2024,20TH AVE # 001800 TO 001898,PRINCE GEORGE,2,,,,
all_crashes,All reported crash locations,2024,20TH AVE & TAMARACK ST,PRINCE GEORGE,2,20th Ave  & Tamarack St ,-122.75924862052311,53.9054295712836,exact_intersection_name
all_crashes,All reported crash locations,2024,2ND AVE & OTTAWA ST,PRINCE GEORGE,2,Ottawa St  & 2nd Ave ,-122.73577538053885,53.91509172391203,exact_intersection_name
all_crashes,All reported crash locations,2024,3RD AVE & DOMINION ST,PRINCE GEORGE,2,Dominion St  & 3rd Ave ,-122.7444625174748,53.91657191185407,exact_intersection_name
all_crashes,All reported crash locations,2024,3RD AVE & EDMONTON ST,PRINCE GEORGE,2,3rd Ave  & Edmonton St ,-122.75620437994289,53.919863603293734,exact_intersection_name
all_crashes,All reported crash locations,2024,3RD AVE & GEORGE ST,PRINCE GEORGE,2,3rd Ave  & George St ,-122.74275009367263,53.916082136497934,exact_intersection_name
all_crashes,All reported crash locations,2024,3RD AVE & QUEBEC ST,PRINCE GEORGE,2,3rd Ave  & Quebec St ,-122.74601994808063,53.917013029409,exact_intersection_name
all_crashes,All reported crash locations,2024,3RD AVE & WINNIPEG ST,PRINCE GEORGE,2,Winnipeg St  & 3rd Ave ,-122.75452021595378,53.91936710897583,exact_intersection_name
all_crashes,All reported crash locations,2024,4TH AVE & OTTAWA ST,PRINCE GEORGE,2,Ottawa St  & 4th Ave ,-122.73706579383368,53.913528272764324,exact_intersection_name
all_crashes,All reported crash locations,2024,4TH AVE & QUEBEC ST,PRINCE GEORGE,2,4th Ave  & Quebec St ,-122.74664790186657,53.91623581218647,exact_intersection_name
all_crashes,All reported crash locations,2024,4TH AVE & QUEENSWAY,PRINCE GEORGE,2,Queensway   & 4th Ave ,-122.74167731702815,53.914834595274975,exact_intersection_name
all_crashes,All reported crash locations,2024,4TH AVE & VANCOUVER ST,PRINCE GEORGE,2,4th Ave  & Vancouver St ,-122.75154338397478,53.917627396230905,exact_intersection_name
all_crashes,All reported crash locations,2024,5TH AVE & EWERT ST,PRINCE GEORGE,2,5th Ave  & Ewert St ,-122.77226817477344,53.92074167146665,exact_intersection_name
all_crashes,All reported crash locations,2024,5TH AVE & LACOMA ST & VOYAGEUR DR,PRINCE GEORGE,2,5th Ave  & Voyageur Dr ,-122.80282158157223,53.92063510921243,subset_intersection_name
all_crashes,All reported crash locations,2024,5TH AVE & WATROUS ST,PRINCE GEORGE,2,5th Ave  & Watrous St ,-122.763633453815,53.92066632310007,exact_intersection_name
all_crashes,All reported crash locations,2024,5TH AVE & WINNIPEG ST,PRINCE GEORGE,2,Winnipeg St  & 5th Ave ,-122.75573927443585,53.91786500531382,exact_intersection_name
all_crashes,All reported crash locations,2024,6TH AVE & VICTORIA ST,PRINCE GEORGE,2,Victoria St  & 6th Ave ,-122.75098212086255,53.91556559540203,exact_intersection_name
all_crashes,All reported crash locations,2024,7TH AVE & BRUNSWICK ST,PRINCE GEORGE,2,7th Ave  & Brunswick St ,-122.75005046164604,53.914358545975176,exact_intersection_name
all_crashes,All reported crash locations,2024,7TH AVE & DOMINION ST,PRINCE GEORGE,2,Dominion St  & 7th Ave ,-122.74697050343529,53.91348283827374,exact_intersection_name
all_crashes,All reported crash locations,2024,8TH AVE # 001600 TO 001799,PRINCE GEORGE,2,,,,
all_crashes,All reported crash locations,2024,8TH AVE & AHBAU ST,PRINCE GEORGE,2,Ahbau St  & 8th Ave ,-122.78421238442466,53.91763956628348,exact_intersection_name
all_crashes,All reported crash locations,2024,8TH AVE & HARPER ST,PRINCE GEORGE,2,Harper St  & 8th Ave ,-122.77676198285509,53.91764397049192,exact_intersection_name
all_crashes,All reported crash locations,2024,8TH AVE & JOHNSON ST,PRINCE GEORGE,2,Johnson St  & 8th Ave ,-122.77968753716536,53.91764647556499,exact_intersection_name
all_crashes,All reported crash locations,2024,9TH AVE & VANCOUVER ST,PRINCE GEORGE,2,Vancouver St  & 9th Ave ,-122.75467438109416,53.91376168850156,exact_intersection_name
all_crashes,All reported crash locations,2024,AIRPORT RD # 004104 TO 004149,PRINCE GEORGE,2,,,,
all_crashes,All reported crash locations,2024,BEDNESTI CRES & OSPIKA BLVD & POWELL AVE,PRINCE GEORGE,2,Ospika Blvd  & Powell Ave ,-122.79736442871591,53.913210317714544,subset_intersection_name
all_crashes,All reported crash locations,2024,BOUNDARY RD & INDUSTRIAL WAY & PACIFIC ST & SINTICH RD,PRINCE GEORGE,2,Pacific St  & Industrial Way ,-122.73487553314754,53.86597079738879,subset_intersection_name
all_crashes,All reported crash locations,2024,CANTLE DR # 008280 TO 008399,PRINCE GEORGE,2,,,,
all_crashes,All reported crash locations,2024,CARRIER AVE & HILL AVE & TABOR BLVD,PRINCE GEORGE,2,Tabor Blvd  & Hill Ave,-122.80703578190891,53.922499503227684,subset_intersection_name
all_crashes,All reported crash locations,2024,CATHEDRAL AVE # 003250 TO 003337,PRINCE GEORGE,2,,,,
all_crashes,All reported crash locations,2024,CENTRAL ST W # 000646 TO 000799,PRINCE GEORGE,2,,,,
all_crashes,All reported crash locations,2024,CENTRAL ST W & HWY 97 S & TURNING LANE,PRINCE GEORGE,2,Hwy 97 S & Central St W,-122.78209530551926,53.91710435503814,exact_intersection_name
all_crashes,All reported crash locations,2024,CHIEF LAKE RD & FOX DR,PRINCE GEORGE,2,Chief Lake Rd  & Fox Dr ,-122.83311958370965,54.01167397849571,exact_intersection_name
all_crashes,All reported crash locations,2024,CLAPPERTON ST & FERRY AVE,PRINCE GEORGE,2,Ferry Ave  & Clapperton St ,-122.75456620584889,53.88921614640443,exact_intersection_name
all_crashes,All reported crash locations,2024,COLLINS RD & GRANT RD & HART HWY & RANDLE RD,PRINCE GEORGE,2,Grant Rd  & Randle Rd ,-122.76890290888922,53.97125439455562,subset_intersection_name
all_crashes,All reported crash locations,2024,CRANBROOK HILL RD & FOOTHILLS BLVD,PRINCE GEORGE,2,Foothills Blvd  & Cranbrook Hill Rd ,-122.81882918892512,53.91612824959986,exact_intersection_name
all_crashes,All reported crash locations,2024,DOMANO BLVD & TRENT DR,PRINCE GEORGE,2,Domano Blvd  & Trent Dr ,-122.76699672121138,53.86370190114356,exact_intersection_name
all_crashes,All reported crash locations,2024,EAGLET CRES # 001360 TO 001399,PRINCE GEORGE,2,,,,
all_crashes,All reported crash locations,2024,EASTVIEW ST # 007570 TO 007699,PRINCE GEORGE,2,,,,
all_crashes,All reported crash locations,2024,FEHR RD & HART HWY & NORANDA RD E & NORANDA RD E ONRAMP & NORANDA RD W & NORANDA RD W ONRAMP,PRINCE GEORGE,2,,,,
all_crashes,All reported crash locations,2024,FERRY AVE & SPRUCE ST & WILLIAMS CRES,PRINCE GEORGE,2,Ferry Ave  & Spruce St ,-122.75797567567012,53.888767621190226,subset_intersection_name
all_crashes,All reported crash locations,2024,FOOTHILLS BLVD & OCHAKWIN CRES,PRINCE GEORGE,2,Foothills Blvd  & Ochakwin Cres ,-122.81927023793749,53.91825961718918,exact_intersection_name
all_crashes,All reported crash locations,2024,FORD AVE & NORWOOD ST,PRINCE GEORGE,2,Norwood St  & Ford Ave ,-122.74946364990006,53.89439576653154,exact_intersection_name
all_crashes,All reported crash locations,2024,FOREMAN RD & GRAVES RD & HWY 16 E & TURNING LANE,PRINCE GEORGE,2,Hwy 16 E & Graves Rd ,-122.64790116211557,53.92031596922509,subset_intersection_name
all_crashes,All reported crash locations,2024,GLADSTONE DR & LOYOLA DR & LOYOLA PL,PRINCE GEORGE,2,Loyola Dr  & Gladstone Dr ,-122.76021596245545,53.854835689926716,subset_intersection_name
all_crashes,All reported crash locations,2024,HALDI RD & HWY 16 W & TURNING LANE,PRINCE GEORGE,2,Hwy 16 W & Haldi Rd ,-122.83362087648663,53.8403468540641,exact_intersection_name
all_crashes,All reported crash locations,2024,HART HWY # 007300 TO 007598,PRINCE GEORGE,2,,,,
all_crashes,All reported crash locations,2024,HART HWY # 008000 TO 008168,PRINCE GEORGE,2,,,,
all_crashes,All reported crash locations,2024,HART HWY # 009450 TO 009979,PRINCE GEORGE,2,,,,
all_crashes,All reported crash locations,2024,HART HWY & HART HWY FRTG & HOUGHTALING RD & TURNING LANE,PRINCE GEORGE,2,Hart Hwy  & Houghtaling Rd ,-122.76258669384669,53.95056921732199,subset_intersection_name
all_crashes,All reported crash locations,2024,HEATHER RD & KELLY RD S,PRINCE GEORGE,2,Kelly Rd S & Heather Rd ,-122.80127844978,53.993601972147516,exact_intersection_name
all_crashes,All reported crash locations,2024,HWY 16 E # 000657 TO 000999,PRINCE GEORGE,2,,,,
all_crashes,All reported crash locations,2024,HWY 16 E # 002940 TO 003269,PRINCE GEORGE,2,,,,
all_crashes,All reported crash locations,2024,JAMES DR & OSPIKA BLVD & SYCAMORE CRES,PRINCE GEORGE,2,Ospika Blvd  & James Dr ,-122.7880433913151,53.89022489944938,subset_intersection_name
all_crashes,All reported crash locations,2024,LORNE CRES & WESTWOOD DR & MALL ACCESS,PRINCE GEORGE,2,Westwood Dr  & Lorne Cres ,-122.78077899070674,53.89738393057166,subset_intersection_name
all_crashes,All reported crash locations,2024,MARLEAU RD & SOUTHRIDGE AVE,PRINCE GEORGE,2,Southridge Ave  & Marleau Rd ,-122.78366625655235,53.86216204629931,exact_intersection_name
all_crashes,All reported crash locations,2024,MERRITT RD # 002600 TO 002799,PRINCE GEORGE,2,,,,
all_crashes,All reported crash locations,2024,MILBURN AVE & VICTORIA ST,PRINCE GEORGE,2,Victoria St  & Milburn Ave ,-122.75513945992688,53.900941525982006,exact_intersection_name
all_crashes,All reported crash locations,2024,NORTH MEADOW RD & NORTH NECHAKO RD & SLATE AVE,PRINCE GEORGE,2,North Meadow Rd  & North Meadow Rd ,-122.80287096208659,53.95487395645871,subset_intersection_name
all_crashes,All reported crash locations,2024,NORTH NECHAKO RD # 000628 TO 000799,PRINCE GEORGE,2,,,,
all_crashes,All reported crash locations,2024,OSPIKA BLVD & PARSNIP CRES,PRINCE GEORGE,2,Ospika Blvd  & Parsnip Cres ,-122.79720068118382,53.91240589996924,exact_intersection_name
all_crashes,All reported crash locations,2024,PACIFIC ST # 001145 TO 001199,PRINCE GEORGE,2,,,,
all_crashes,All reported crash locations,2024,PARK DR # 005500 TO 005899,PRINCE GEORGE,2,,,,
all_crashes,All reported crash locations,2024,SPRUCE ST # 001700 TO 001963,PRINCE GEORGE,2,,,,
all_crashes,All reported crash locations,2024,STILLWATER CRES # 007613 TO 007710,PRINCE GEORGE,2,,,,
all_crashes,All reported crash locations,2024,TYNER BLVD & UNIVERSITY WAY & INSTITUTIONAL ACCESS ROAD,PRINCE GEORGE,2,,,,
all_crashes,All reported crash locations,2024,VICTORIA ST # 001100 TO 001199,PRINCE GEORGE,2,,,,
all_crashes,All reported crash locations,2024,10TH AVE & AHBAU ST & BABINE CRES,PRINCE GEORGE,1,Ahbau St  & 10th Ave ,-122.78496948824444,53.915236990353364,subset_intersection_name
all_crashes,All reported crash locations,2024,10TH AVE & COMMERCIAL CRES,PRINCE GEORGE,1,Commercial Cres  & 10th Ave ,-122.78365958685755,53.91536595666098,exact_intersection_name
all_crashes,All reported crash locations,2024,10TH AVE & IRWIN ST,PRINCE GEORGE,1,10th Ave  & Irwin St ,-122.77824800077009,53.915412695085884,exact_intersection_name
all_crashes,All reported crash locations,2024,10TH AVE & LAURIER CRES,PRINCE GEORGE,1,10th Ave  & Laurier Cres ,-122.76421963643598,53.91561757570119,exact_intersection_name
all_crashes,All reported crash locations,2024,10TH AVE & WINNIPEG ST,PRINCE GEORGE,1,Winnipeg St  & 10th Ave ,-122.7588745155268,53.9139977977668,exact_intersection_name
all_crashes,All reported crash locations,2024,11TH AVE & EDMONTON ST & LAURIER CRES,PRINCE GEORGE,1,Edmonton St  & 11th Ave ,-122.76118708720618,53.91372476580139,subset_intersection_name
all_crashes,All reported crash locations,2024,11TH AVE & VICTORIA ST,PRINCE GEORGE,1,Victoria St  & 11th Ave ,-122.75417675866784,53.91174693952662,exact_intersection_name
all_crashes,All reported crash locations,2024,12TH AVE # 001900 TO 001999,PRINCE GEORGE,1,,,,
all_crashes,All reported crash locations,2024,12TH AVE # 002348 TO 002399,PRINCE GEORGE,1,,,,
all_crashes,All reported crash locations,2024,12TH AVE & CARNEY ST,PRINCE GEORGE,1,Carney St  & 12th Ave ,-122.76928172175481,53.91341598893185,exact_intersection_name
all_crashes,All reported crash locations,2024,12TH AVE & VANCOUVER ST & MALL ACCESS,PRINCE GEORGE,1,Vancouver St  & 12th Ave ,-122.75638895446338,53.91150164509954,subset_intersection_name
all_crashes,All reported crash locations,2024,13TH AVE & EDMONTON ST,PRINCE GEORGE,1,Edmonton St  & 13th Ave ,-122.7623933456975,53.91220717196022,exact_intersection_name
all_crashes,All reported crash locations,2024,15TH AVE # 003100 TO 003198,PRINCE GEORGE,1,,,,
all_crashes,All reported crash locations,2024,15TH AVE # 003500 TO 003598,PRINCE GEORGE,1,,,,
all_crashes,All reported crash locations,2024,15TH AVE & 15TH AVE FRTG & GEORGE PAUL LANE & JARVIS ST,PRINCE GEORGE,1,15th Ave  & Jarvis St ,-122.80451154415744,53.91022660928131,subset_intersection_name
all_crashes,All reported crash locations,2024,15TH AVE & GILLETT ST,PRINCE GEORGE,1,15th Ave  & Gillett St ,-122.77523836021402,53.91033108296399,exact_intersection_name
all_crashes,All reported crash locations,2024,15TH AVE & IRWIN ST,PRINCE GEORGE,1,15th Ave  & Irwin St ,-122.77823624459764,53.910375069358345,exact_intersection_name
all_crashes,All reported crash locations,2024,15TH AVE & QUEENSWAY,PRINCE GEORGE,1,Queensway   & 15th Ave ,-122.7421969063232,53.91048273842842,exact_intersection_name
all_crashes,All reported crash locations,2024,15TH AVE & REDWOOD ST,PRINCE GEORGE,1,15th Ave  & Redwood St ,-122.75660412441381,53.91005482771855,exact_intersection_name
all_crashes,All reported crash locations,2024,15TH AVE FRTG & FRASER CRES,PRINCE GEORGE,1,,,,
all_crashes,All reported crash locations,2024,17TH AVE & CEDAR ST,PRINCE GEORGE,1,17th Ave  & Cedar St ,-122.73235674990786,53.90851566848529,exact_intersection_name
all_crashes,All reported crash locations,2024,17TH AVE & UPLAND ST,PRINCE GEORGE,1,17th Ave  & Upland St ,-122.76063153281947,53.90845408832176,exact_intersection_name
all_crashes,All reported crash locations,2024,18TH AVE # 003788 TO 003899,PRINCE GEORGE,1,,,,
all_crashes,All reported crash locations,2024,18TH AVE & GEORGE PAUL LANE,PRINCE GEORGE,1,George Paul Lane  & 18th Ave ,-122.80391575487246,53.90738277227917,exact_intersection_name
all_crashes,All reported crash locations,2024,18TH AVE & QUINN ST,PRINCE GEORGE,1,Quinn St  & 18th Ave ,-122.79178929970689,53.907327863637185,exact_intersection_name
all_crashes,All reported crash locations,2024,1ST AVE # 000700 TO 000899,PRINCE GEORGE,1,,,,
all_crashes,All reported crash locations,2024,1ST AVE # 001900 TO 002299,PRINCE GEORGE,1,,,,
all_crashes,All reported crash locations,2024,1ST AVE & DOMINION ST,PRINCE GEORGE,1,1st Ave  & Dominion St ,-122.74287944306614,53.91854251143535,exact_intersection_name
all_crashes,All reported crash locations,2024,1ST AVE & FORT ST,PRINCE GEORGE,1,1st Ave  & Fort St ,-122.75615811513039,53.922167792950724,exact_intersection_name
all_crashes,All reported crash locations,2024,1ST AVE & QUEBEC ST,PRINCE GEORGE,1,1st Ave  & Quebec St ,-122.74441177854672,53.91897827952145,exact_intersection_name
all_crashes,All reported crash locations,2024,1ST AVE & RIVER RD,PRINCE GEORGE,1,1st Ave & River Rd ,-122.72764541504804,53.91427956702975,exact_intersection_name
all_crashes,All reported crash locations,2024,20TH AVE & HWY 16 W & WILLOW ST & TURNING LANE,PRINCE GEORGE,1,20th Ave  & Willow St ,-122.76326848930421,53.90546465110875,subset_intersection_name
all_crashes,All reported crash locations,2024,20TH AVE & OAK ST,PRINCE GEORGE,1,20th Ave  & Oak St ,-122.75047043920344,53.90540681269199,exact_intersection_name
all_crashes,All reported crash locations,2024,22ND AVE # 003900 TO 003949,PRINCE GEORGE,1,,,,
all_crashes,All reported crash locations,2024,22ND AVE # 004270 TO 004299,PRINCE GEORGE,1,,,,
all_crashes,All reported crash locations,2024,22ND AVE & NICHOLSON ST,PRINCE GEORGE,1,22nd Ave  & Nicholson St ,-122.78698164101696,53.90359302010637,exact_intersection_name
all_crashes,All reported crash locations,2024,22ND AVE & SHEARER CRES,PRINCE GEORGE,1,22nd Ave  & Shearer Cres ,-122.80081298938873,53.90115782111386,exact_intersection_name
all_crashes,All reported crash locations,2024,22ND AVE & WEBBER CRES,PRINCE GEORGE,1,22nd Ave  & Webber Cres ,-122.80731144550717,53.90112743943813,exact_intersection_name
all_crashes,All reported crash locations,2024,2ND AVE & BRUNSWICK ST,PRINCE GEORGE,1,2nd Ave  & Brunswick St ,-122.74689927059084,53.918242728048675,exact_intersection_name
all_crashes,All reported crash locations,2024,2ND AVE & GEORGE ST,PRINCE GEORGE,1,2nd Ave  & George St ,-122.7421151472134,53.916865043930706,exact_intersection_name
all_crashes,All reported crash locations,2024,2ND AVE & KINGSTON ST,PRINCE GEORGE,1,,,,
all_crashes,All reported crash locations,2024,2ND AVE & OSPIKA BLVD & TRADER CRES,PRINCE GEORGE,1,Ospika Blvd  & Trader Cres ,-122.7941423880946,53.92361003619289,subset_intersection_name
all_crashes,All reported crash locations,2024,3RD AVE # 001100 TO 001137,PRINCE GEORGE,1,,,,
all_crashes,All reported crash locations,2024,3RD AVE # 001300 TO 001399,PRINCE GEORGE,1,,,,
all_crashes,All reported crash locations,2024,3RD AVE # 001400 TO 001499,PRINCE GEORGE,1,,,,
all_crashes,All reported crash locations,2024,3RD AVE # 001950 TO 001979,PRINCE GEORGE,1,,,,
all_crashes,All reported crash locations,2024,3RD AVE & BRUNSWICK ST,PRINCE GEORGE,1,3rd Ave  & Brunswick St ,-122.74754469656004,53.9174450655935,exact_intersection_name
all_crashes,All reported crash locations,2024,3RD AVE & KELLY ST,PRINCE GEORGE,1,3rd Ave  & Kelly St ,-122.78279577015992,53.922646223402396,exact_intersection_name
all_crashes,All reported crash locations,2024,3RD AVE & ONTARIO ST,PRINCE GEORGE,1,Ontario St  & 3rd Ave ,-122.73950581113034,53.91516286563147,exact_intersection_name
all_crashes,All reported crash locations,2024,3RD AVE & PRINCE RUPERT ST,PRINCE GEORGE,1,3rd Ave  & Prince Rupert St ,-122.75273096859172,53.91885837379381,exact_intersection_name
all_crashes,All reported crash locations,2024,3RD AVE & SCOTIA ST,PRINCE GEORGE,1,Scotia St  & 3rd Ave ,-122.7379702564461,53.914730720224235,exact_intersection_name
all_crashes,All reported crash locations,2024,3RD AVE & VICTORIA ST,PRINCE GEORGE,1,Victoria St  & 3rd Ave ,-122.74910264675336,53.91788475620001,exact_intersection_name
all_crashes,All reported crash locations,2024,4TH AVE # 001300 TO 001399,PRINCE GEORGE,1,,,,
all_crashes,All reported crash locations,2024,4TH AVE & DOMINION ST,PRINCE GEORGE,1,Dominion St  & 4th Ave ,-122.74509519618428,53.91579619569099,exact_intersection_name
all_crashes,All reported crash locations,2024,5TH AVE # 001800 TO 001899,PRINCE GEORGE,1,,,,
all_crashes,All reported crash locations,2024,5TH AVE # 002050 TO 002072,PRINCE GEORGE,1,,,,
all_crashes,All reported crash locations,2024,5TH AVE # 004280 TO 004298,PRINCE GEORGE,1,,,,
all_crashes,All reported crash locations,2024,5TH AVE & ALWARD ST,PRINCE GEORGE,1,5th Ave  & Alward St ,-122.76645403987808,53.920750669080306,exact_intersection_name
all_crashes,All reported crash locations,2024,5TH AVE & BRUNSWICK ST,PRINCE GEORGE,1,Brunswick St  & 5th Ave ,-122.74878802525316,53.91590124396454,exact_intersection_name
all_crashes,All reported crash locations,2024,5TH AVE & DOUGLAS ST,PRINCE GEORGE,1,5th Ave  & Douglas St ,-122.77075632693793,53.920654905906204,exact_intersection_name
all_crashes,All reported crash locations,2024,5TH AVE & JOHNSON ST,PRINCE GEORGE,1,5th Ave  & Johnson St ,-122.77967835544636,53.920634153988544,exact_intersection_name
all_crashes,All reported crash locations,2024,5TH AVE & KELLY ST,PRINCE GEORGE,1,5th Ave  & Kelly St ,-122.7827872921713,53.92073572497236,exact_intersection_name
all_crashes,All reported crash locations,2024,5TH AVE & KILLOREN CRES & WOLVERINE ST,PRINCE GEORGE,1,5th Ave  & Wolverine St ,-122.81635596718446,53.9206383540851,subset_intersection_name
all_crashes,All reported crash locations,2024,5TH AVE & MOFFAT ST & UNION ST,PRINCE GEORGE,1,5th Ave  & Moffat St ,-122.78579084925752,53.920601010827696,subset_intersection_name
all_crashes,All reported crash locations,2024,5TH AVE & QUINN ST,PRINCE GEORGE,1,5th Ave  & Quinn St ,-122.79175652517856,53.920624846252394,exact_intersection_name
all_crashes,All reported crash locations,2024,5TH AVE & VICTORIA ST,PRINCE GEORGE,1,Victoria St  & 5th Ave ,-122.7503456963153,53.916345551852956,exact_intersection_name
all_crashes,All reported crash locations,2024,6TH AVE & 7TH AVE & GEORGE ST,PRINCE GEORGE,1,George St  & 6th Ave ,-122.7446203407475,53.91379420748588,subset_intersection_name
all_crashes,All reported crash locations,2024,6TH AVE & DOMINION ST,PRINCE GEORGE,1,Dominion St  & 6th Ave ,-122.74635436844278,53.91425395839983,exact_intersection_name
all_crashes,All reported crash locations,2024,8TH AVE & BRUNSWICK ST,PRINCE GEORGE,1,Brunswick St  & 8th Ave ,-122.75076562568555,53.913623450357456,exact_intersection_name
all_crashes,All reported crash locations,2024,8TH AVE & CENTRAL ST E,PRINCE GEORGE,1,Central St E & 8th Ave ,-122.78104793446411,53.91763482607617,exact_intersection_name
all_crashes,All reported crash locations,2024,8TH AVE & CENTRAL ST W,PRINCE GEORGE,1,Central St W & 8th Ave ,-122.78235595670778,53.917630084074865,exact_intersection_name
all_crashes,All reported crash locations,2024,8TH AVE & EWERT ST,PRINCE GEORGE,1,Ewert St  & 8th Ave ,-122.77228484471107,53.917647680815755,exact_intersection_name
all_crashes,All reported crash locations,2024,8TH AVE & VANCOUVER ST,PRINCE GEORGE,1,Vancouver St  & 8th Ave ,-122.75405053594103,53.91453322051916,exact_intersection_name
all_crashes,All reported crash locations,2024,8TH AVE & WINNIPEG ST,PRINCE GEORGE,1,Winnipeg St  & 8th Ave ,-122.75752869900914,53.915525591796424,exact_intersection_name
all_crashes,All reported crash locations,2024,9TH AVE & BRUNSWICK ST & CANADA GAMES WAY,PRINCE GEORGE,1,Brunswick St  & 9th Ave ,-122.75138433430864,53.91284493165025,subset_intersection_name
all_crashes,All reported crash locations,2024,9TH AVE & DUCHESS PARK SECONDARY SCHOOL ACCESS & EDMONTON ST & ROSS CRES,PRINCE GEORGE,1,Edmonton St  & 9th Ave ,-122.7599628734534,53.915211203370454,subset_intersection_name
all_crashes,All reported crash locations,2024,9TH AVE & WINNIPEG ST,PRINCE GEORGE,1,Winnipeg St  & 9th Ave ,-122.75824939815077,53.91477611956704,exact_intersection_name
all_crashes,All reported crash locations,2024,ABERDEEN RD # 001154 TO 001299,PRINCE GEORGE,1,,,,
all_crashes,All reported crash locations,2024,ABERDEEN RD & AINTREE DR,PRINCE GEORGE,1,Aintree Dr  & Aberdeen Rd ,-122.75080851364314,53.944257525344526,exact_intersection_name
all_crashes,All reported crash locations,2024,ADAM DR # 006900 TO 006969,PRINCE GEORGE,1,,,,
all_crashes,All reported crash locations,2024,AHBAU ST & RAINBOW DR,PRINCE GEORGE,1,Ahbau St  & Rainbow Dr ,-122.78546472725643,53.91611325384126,exact_intersection_name
all_crashes,All reported crash locations,2024,AIRPORT RD & OLD CARIBOO HWY,PRINCE GEORGE,1,,,,
all_crashes,All reported crash locations,2024,AITKEN CRES # 000100 TO 000181,PRINCE GEORGE,1,,,,
all_crashes,All reported crash locations,2024,ALWARD ST # 000700 TO 000799,PRINCE GEORGE,1,,,,
all_crashes,All reported crash locations,2024,ALWARD ST # 001300 TO 001499,PRINCE GEORGE,1,,,,
all_crashes,All reported crash locations,2024,ANDERSON ST & HILL AVE,PRINCE GEORGE,1,Anderson St  & Hill Ave,-122.81029568730332,53.92293500758213,exact_intersection_name
all_crashes,All reported crash locations,2024,ANTLER AVE # 004300 TO 004359,PRINCE GEORGE,1,,,,
all_crashes,All reported crash locations,2024,AUSTIN RD E # 002700 TO 002719,PRINCE GEORGE,1,,,,
all_crashes,All reported crash locations,2024,AUSTIN RD E & DAGG RD,PRINCE GEORGE,1,Austin Rd E & Dagg Rd ,-122.78455798055163,53.98964492885922,exact_intersection_name
all_crashes,All reported crash locations,2024,AUSTIN RD E & DRIFTWOOD RD,PRINCE GEORGE,1,Austin Rd E & Driftwood Rd ,-122.78179205129794,53.98949570533535,exact_intersection_name
all_crashes,All reported crash locations,2024,AUSTIN RD W # 003900 TO 004129,PRINCE GEORGE,1,,,,
all_crashes,All reported crash locations,2024,AUSTIN RD W & KELLY RD S,PRINCE GEORGE,1,Austin Rd W & Kelly Rd S,-122.80116565456706,53.988857268522445,exact_intersection_name
all_crashes,All reported crash locations,2024,AVISON CRT # 004200 TO 004229,PRINCE GEORGE,1,,,,
all_crashes,All reported crash locations,2024,AVISON PL & BARNES DR & DAVIS RD,PRINCE GEORGE,1,Davis Rd  & Barnes Dr ,-122.78713322195179,53.87713141915688,subset_intersection_name
all_crashes,All reported crash locations,2024,AYR PL & N OSPIKA BLVD,PRINCE GEORGE,1,,,,
all_crashes,All reported crash locations,2024,AZURE AVE # 004560 TO 004599,PRINCE GEORGE,1,,,,
all_crashes,All reported crash locations,2024,AZURE AVE & FOOTHILLS BLVD,PRINCE GEORGE,1,Foothills Blvd  & Azure Ave ,-122.81169220272521,53.91153297363333,exact_intersection_name
all_crashes,All reported crash locations,2024,BAKER RD & FOSTER RD & SULLIVAN CRES,PRINCE GEORGE,1,Baker Rd  & Sullivan Cres ,-122.78496227997023,53.87106555731794,subset_intersection_name
all_crashes,All reported crash locations,2024,BALSUM RD & CROWN DR,PRINCE GEORGE,1,Crown Dr  & Balsum Rd ,-122.79657964265962,53.98704735608285,exact_intersection_name
all_crashes,All reported crash locations,2024,BARNES DR # 004110 TO 004199,PRINCE GEORGE,1,,,,
all_crashes,All reported crash locations,2024,BEDNESTI CRES & DAVIE AVE & DAVIE PL,PRINCE GEORGE,1,Bednesti Cres  & Davie Ave ,-122.79997397531884,53.91486938645119,subset_intersection_name
all_crashes,All reported crash locations,2024,BEGER RD & WESTRIDGE DR,PRINCE GEORGE,1,Beger Rd  & Westridge Dr ,-122.8655285461503,53.92422356458377,exact_intersection_name
all_crashes,All reported crash locations,2024,BELLAMY RD # 004000 TO 004099,PRINCE GEORGE,1,,,,
all_crashes,All reported crash locations,2024,BELLAMY RD & NORANDA RD E,PRINCE GEORGE,1,Noranda Rd E & Bellamy Rd ,-122.75424721289501,53.9636316031451,exact_intersection_name
all_crashes,All reported crash locations,2024,BERWICK DR # 002900 TO 002949,PRINCE GEORGE,1,,,,
all_crashes,All reported crash locations,2024,BERWICK DR & HIGHLAND DR & WALLACE CRES,PRINCE GEORGE,1,Highland Dr  & Wallace Cres ,-122.79737270232515,53.978599226778876,subset_intersection_name
all_crashes,All reported crash locations,2024,BETHAM RD # 004750 TO 005149,PRINCE GEORGE,1,,,,
all_crashes,All reported crash locations,2024,BETHAM RD & KELLY RD N,PRINCE GEORGE,1,Kelly Rd N & Betham Rd ,-122.80126188763508,54.0288074735602,exact_intersection_name
all_crashes,All reported crash locations,2024,BIRCHILL CRES # 009300 TO 009849,PRINCE GEORGE,1,,,,
all_crashes,All reported crash locations,2024,BIRCHWOOD DR & WILLOWDALE DR,PRINCE GEORGE,1,Birchwood Dr  & Willowdale Dr ,-122.78520051304164,53.98555095798035,exact_intersection_name
all_crashes,All reported crash locations,2024,BLACKBURN RD N & BLACKBURN RD S & GISCOME RD,PRINCE GEORGE,1,Blackburn Rd N & Giscome Rd ,-122.6410223234568,53.89836832918449,subset_intersection_name
all_crashes,All reported crash locations,2024,BLACKWATER RD # 009906 TO 009919,PRINCE GEORGE,1,,,,
all_crashes,All reported crash locations,2024,BLAIR CRES # 000800 TO 000868,PRINCE GEORGE,1,,,,
all_crashes,All reported crash locations,2024,BOUNDARY RD # 000750 TO 001099,PRINCE GEORGE,1,,,,
all_crashes,All reported crash locations,2024,BOUNDARY RD & MILWAUKEE WAY,PRINCE GEORGE,1,Boundary Rd  & Milwaukee Way ,-122.74099108835094,53.84180451422931,exact_intersection_name
all_crashes,All reported crash locations,2024,BOWSER AVE # 001900 TO 001999,PRINCE GEORGE,1,,,,
all_crashes,All reported crash locations,2024,BOWSER AVE # 002040 TO 002099,PRINCE GEORGE,1,,,,
all_crashes,All reported crash locations,2024,BOWSER AVE & WILLOW ST,PRINCE GEORGE,1,Willow St  & Bowser Ave ,-122.76330832369203,53.90674008281931,exact_intersection_name
all_crashes,All reported crash locations,2024,BOYD ST & CLARK CRES & DUPRE AVE,PRINCE GEORGE,1,Boyd St  & Dupre Ave ,-122.80664221430375,53.92653124975919,subset_intersection_name
all_crashes,All reported crash locations,2024,BRENTWOOD DR # 003600 TO 003809,PRINCE GEORGE,1,,,,
all_crashes,All reported crash locations,2024,BRENTWOOD DR & WOODHAVEN DR,PRINCE GEORGE,1,Brentwood Dr  & Woodhaven Dr ,-122.76169274915752,53.958027356231305,exact_intersection_name
all_crashes,All reported crash locations,2024,BRIGADE DR # 000100 TO 000199,PRINCE GEORGE,1,,,,
all_crashes,All reported crash locations,2024,BRUNSWICK ST # 000700 TO 000799,PRINCE GEORGE,1,,,,
all_crashes,All reported crash locations,2024,CALEDONIA CRES # 006100 TO 006199,PRINCE GEORGE,1,,,,
all_crashes,All reported crash locations,2024,CAMBRIDGE RD # 005200 TO 005299,PRINCE GEORGE,1,,,,
all_crashes,All reported crash locations,2024,CAMERON ST & CAMERON ST BRIDGE,PRINCE GEORGE,1,,,,
all_crashes,All reported crash locations,2024,CAMERON ST & N NECHAKO RD ONRAMP & NORTH NECHAKO RD & PG PULPMILL RD & HIGHWAY RAMP & TURNING LANE,PRINCE GEORGE,1,Cameron St  & North Nechako Rd ,-122.76738169131883,53.9285034886262,subset_intersection_name
all_crashes,All reported crash locations,2024,CARNEY ST # 001546 TO 001709,PRINCE GEORGE,1,,,,
all_crashes,All reported crash locations,2024,CENTRAL ST E # 000500 TO 000735,PRINCE GEORGE,1,,,,
all_crashes,All reported crash locations,2024,CENTRAL ST E & HWY 97 S & TURNING LANE,PRINCE GEORGE,1,Hwy 97 S & Central St E,-122.78105266199758,53.915407495193456,exact_intersection_name
all_crashes,All reported crash locations,2024,CENTRAL ST W # 000500 TO 000645,PRINCE GEORGE,1,,,,
all_crashes,All reported crash locations,2024,CENTRAL ST W # 001000 TO 001099,PRINCE GEORGE,1,,,,
all_crashes,All reported crash locations,2024,CENTRAL ST W # 001400 TO 001499,PRINCE GEORGE,1,,,,
all_crashes,All reported crash locations,2024,CENTRAL ST W & CENTRAL ST W OFFRAMP,PRINCE GEORGE,1,,,,
all_crashes,All reported crash locations,2024,CENTRAL ST W OFFRAMP & HWY 97 S,PRINCE GEORGE,1,,,,
all_crashes,All reported crash locations,2024,CHANCELLOR BLVD # 002400 TO 002499,PRINCE GEORGE,1,,,,
all_crashes,All reported crash locations,2024,CHANCELLOR BLVD # 002500 TO 002799,PRINCE GEORGE,1,,,,
all_crashes,All reported crash locations,2024,CHARELLA DR & DAVIS RD,PRINCE GEORGE,1,Davis Rd  & Charella Dr ,-122.78870460726962,53.8801836047828,exact_intersection_name
all_crashes,All reported crash locations,2024,CHARTWELL AVE # 003550 TO 003729,PRINCE GEORGE,1,,,,
all_crashes,All reported crash locations,2024,CHECKLEY RD # 006700 TO 006799,PRINCE GEORGE,1,,,,
all_crashes,All reported crash locations,2024,CHERRY AVE & WESTWOOD DR,PRINCE GEORGE,1,Westwood Dr  & Cherry Ave ,-122.7796925344691,53.88981419268096,exact_intersection_name
all_crashes,All reported crash locations,2024,CHIEF LAKE RD # 005150 TO 005349,PRINCE GEORGE,1,,,,
all_crashes,All reported crash locations,2024,CHIEF LAKE RD & SPARROW RD,PRINCE GEORGE,1,Chief Lake Rd  & Sparrow Rd ,-122.82258339067087,54.009005576961115,exact_intersection_name
all_crashes,All reported crash locations,2024,CHRISTOPHER CRES & NICOLE AVE & OSPIKA BLVD,PRINCE GEORGE,1,Ospika Blvd  & Christopher Cres ,-122.78927092855623,53.89123858048195,subset_intersection_name
all_crashes,All reported crash locations,2024,CLUBHOUSE DR & LINKS DR,PRINCE GEORGE,1,,,,
all_crashes,All reported crash locations,2024,COLLENA ST # 009050 TO 009199,PRINCE GEORGE,1,,,,
all_crashes,All reported crash locations,2024,COMMERCIAL CRES # 001000 TO 001199,PRINCE GEORGE,1,,,,
all_crashes,All reported crash locations,2024,CONNAUGHT DR & PATRICIA BLVD & QUEENSWAY & TURNING LANE,PRINCE GEORGE,1,Queensway   & Patricia Blvd ,-122.7430031853802,53.912754794426554,subset_intersection_name
all_crashes,All reported crash locations,2024,COOK CRES & LEHMAN ST,PRINCE GEORGE,1,Lehman St  & Cook Cres ,-122.77644776266041,53.98069218122996,exact_intersection_name
all_crashes,All reported crash locations,2024,CRANBROOK HILL RD & OTWAY RD,PRINCE GEORGE,1,Otway Rd  & Cranbrook Hill Rd ,-122.83646690330069,53.95481438679682,exact_intersection_name
all_crashes,All reported crash locations,2024,CROFT RD & DUNBAR PL & WINSLOW DR,PRINCE GEORGE,1,Winslow Dr  & Croft Rd ,-122.78965497477908,53.98127936313623,subset_intersection_name
all_crashes,All reported crash locations,2024,DAKELH TI # 005900 TO 005910,PRINCE GEORGE,1,,,,
all_crashes,All reported crash locations,2024,DAKELH TI & STRINGER CRES & MALL ACCESS,PRINCE GEORGE,1,Dakelh Ti & Stringer Cres,-122.77871730876703,53.86652915536729,subset_intersection_name
all_crashes,All reported crash locations,2024,DALHOUSIE DR # 005300 TO 005499,PRINCE GEORGE,1,,,,
all_crashes,All reported crash locations,2024,DAVIS RD # 004271 TO 004299,PRINCE GEORGE,1,,,,
all_crashes,All reported crash locations,2024,DELHI PL # 006400 TO 006509,PRINCE GEORGE,1,,,,
all_crashes,All reported crash locations,2024,DIAMOND DR & JADE DR,PRINCE GEORGE,1,Jade Dr  & Diamond Dr ,-122.79654060591342,54.002943413052556,exact_intersection_name
all_crashes,All reported crash locations,2024,DIEFENBAKER DR & PINE ST,PRINCE GEORGE,1,Pine St  & Diefenbaker Dr ,-122.75226176020279,53.89771092625558,exact_intersection_name
all_crashes,All reported crash locations,2024,DOMANO BLVD & MORIARTY CRES,PRINCE GEORGE,1,Domano Blvd  & Moriarty Cres ,-122.77003152066888,53.867321534117444,exact_intersection_name
all_crashes,All reported crash locations,2024,DOMINION ST # 000400 TO 000449,PRINCE GEORGE,1,,,,
all_crashes,All reported crash locations,2024,EDMONTON ST # 001300 TO 001499,PRINCE GEORGE,1,,,,
all_crashes,All reported crash locations,2024,ESTAVILLA DR # 004050 TO 004399,PRINCE GEORGE,1,,,,
all_crashes,All reported crash locations,2024,ETON AVE & SIMON FRASER AVE,PRINCE GEORGE,1,Simon Fraser Ave  & Eton Ave ,-122.76845385154856,53.87377468556227,exact_intersection_name
all_crashes,All reported crash locations,2024,ETON AVE & YORK DR & YORK PL,PRINCE GEORGE,1,York Pl  & Eton Ave ,-122.77063621099776,53.8726128213791,subset_intersection_name
all_crashes,All reported crash locations,2024,EUGENE RD # 007100 TO 007499,PRINCE GEORGE,1,,,,
all_crashes,All reported crash locations,2024,EVA PL & NORTH NECHAKO RD & PIDHERNY RD,PRINCE GEORGE,1,North Nechako Rd  & Pidherny Rd ,-122.84181312757539,53.96564066542959,subset_intersection_name
all_crashes,All reported crash locations,2024,FERGUSON LAKE RD & KELLY RD N,PRINCE GEORGE,1,Kelly Rd N & Ferguson Lake Rd ,-122.80130914857916,54.02118859887988,exact_intersection_name
all_crashes,All reported crash locations,2024,FERN CRES # 000230 TO 000299,PRINCE GEORGE,1,,,,
all_crashes,All reported crash locations,2024,FERRY AVE # 002120 TO 002218,PRINCE GEORGE,1,,,,
all_crashes,All reported crash locations,2024,FERRY AVE # 002800 TO 002868,PRINCE GEORGE,1,,,,
all_crashes,All reported crash locations,2024,FERRY AVE & MELODY CRES,PRINCE GEORGE,1,Ferry Ave  & Melody Cres ,-122.78565587729712,53.88826157006667,exact_intersection_name
all_crashes,All reported crash locations,2024,FINLAY DR # 001838 TO 001980,PRINCE GEORGE,1,,,,
all_crashes,All reported crash locations,2024,FOOTHILLS BLVD & GLEN SHEE RD,PRINCE GEORGE,1,Foothills Blvd  & Glen Shee Rd ,-122.81164811368103,53.90933105043924,exact_intersection_name
all_crashes,All reported crash locations,2024,FORD AVE # 001500 TO 001599,PRINCE GEORGE,1,,,,
all_crashes,All reported crash locations,2024,FORD AVE & HWY 97 S & SPRUCE ST & TURNING LANE,PRINCE GEORGE,1,Hwy 97 S & Spruce St ,-122.75784389155183,53.89468226575,subset_intersection_name
all_crashes,All reported crash locations,2024,FOXRIDGE AVE # 007126 TO 007447,PRINCE GEORGE,1,,,,
all_crashes,All reported crash locations,2024,FRASER FLATS RD # 001400 TO 001959,PRINCE GEORGE,1,,,,
all_crashes,All reported crash locations,2024,GEORGE ST # 000400 TO 000499,PRINCE GEORGE,1,,,,
all_crashes,All reported crash locations,2024,GILBERT DR # 003900 TO 003949,PRINCE GEORGE,1,,,,
all_crashes,All reported crash locations,2024,GLADSTONE DR & HARTFORD CRES & HARTFORD PL,PRINCE GEORGE,1,Gladstone Dr  & Hartford Cres ,-122.758651299221,53.85718035145826,subset_intersection_name
all_crashes,All reported crash locations,2024,GLADSTONE PL # 006950 TO 006999,PRINCE GEORGE,1,,,,
all_crashes,All reported crash locations,2024,GLENVIEW DR # 006800 TO 006899,PRINCE GEORGE,1,,,,
all_crashes,All reported crash locations,2024,GOHEEN PL # 003700 TO 003799,PRINCE GEORGE,1,,,,
all_crashes,All reported crash locations,2024,GOOSE COUNTRY RD & OLD SUMMIT LAKE RD,PRINCE GEORGE,1,Old Summit Lake Rd  & Goose Country Rd ,-122.74003926980846,54.01062643418059,exact_intersection_name
all_crashes,All reported crash locations,2024,GRAFTON PL # 002400 TO 002499,PRINCE GEORGE,1,,,,
all_crashes,All reported crash locations,2024,GRAVES RD & PEDSCALNY RD & SHELLEY RD S,PRINCE GEORGE,1,,,,
all_crashes,All reported crash locations,2024,GREAT ST # 000880 TO 000999,PRINCE GEORGE,1,,,,
all_crashes,All reported crash locations,2024,GREEN PL # 000350 TO 000399,PRINCE GEORGE,1,,,,
all_crashes,All reported crash locations,2024,GROUSE RD & HALDI RD,PRINCE GEORGE,1,Haldi Rd  & Grouse Rd ,-122.80515629921518,53.823240057200934,exact_intersection_name
all_crashes,All reported crash locations,2024,HANDLEN RD # 004340 TO 004449,PRINCE GEORGE,1,,,,
all_crashes,All reported crash locations,2024,HANDLEN RD & KELLY RD S,PRINCE GEORGE,1,Handlen Rd & Kelly Rd S,-122.80115712591333,53.99618778415678,exact_intersection_name
all_crashes,All reported crash locations,2024,HARDY RD & OLD SUMMIT LAKE RD,PRINCE GEORGE,1,Old Summit Lake Rd  & Hardy Rd ,-122.72737336614433,53.98908352988344,exact_intersection_name
all_crashes,All reported crash locations,2024,HART HWY # 000601 TO 000975,PRINCE GEORGE,1,,,,
all_crashes,All reported crash locations,2024,HART HWY # 000977 TO 001025,PRINCE GEORGE,1,,,,
all_crashes,All reported crash locations,2024,HART HWY # 001570 TO 002048,PRINCE GEORGE,1,,,,
all_crashes,All reported crash locations,2024,HART HWY # 003100 TO 003498,PRINCE GEORGE,1,,,,
all_crashes,All reported crash locations,2024,HART HWY # 004600 TO 004998,PRINCE GEORGE,1,,,,
all_crashes,All reported crash locations,2024,HART HWY # 010250 TO 012051,PRINCE GEORGE,1,,,,
all_crashes,All reported crash locations,2024,HART HWY & KNELL RD E,PRINCE GEORGE,1,Hart Hwy & Knell Rd E,-122.76717733033215,53.967243458232794,exact_intersection_name
all_crashes,All reported crash locations,2024,HART HWY & NIELSON RD,PRINCE GEORGE,1,Nielson Rd  & Nielson Rd ,-122.7947362750361,54.015475661698794,subset_intersection_name
all_crashes,All reported crash locations,2024,HART HWY & SHAMROCK RD,PRINCE GEORGE,1,Hart Hwy  & Shamrock Rd ,-122.76778430075736,53.9636636974175,exact_intersection_name
all_crashes,All reported crash locations,2024,HART HWY & WAGON TRAIL RD,PRINCE GEORGE,1,Hart Hwy & Wagon Trail Rd ,-122.76819075533226,53.96207323056212,exact_intersection_name
all_crashes,All reported crash locations,2024,HART HWY & WALL RD,PRINCE GEORGE,1,Hart Hwy  & Wall Rd ,-122.77629884672984,54.028309751632406,exact_intersection_name
all_crashes,All reported crash locations,2024,HART HWY FRTG # 007600 TO 007848,PRINCE GEORGE,1,,,,
all_crashes,All reported crash locations,2024,HEMLOCK ST & PATRICIA BLVD,PRINCE GEORGE,1,Hemlock St  & Patricia Blvd ,-122.73952651801783,53.91234583479633,exact_intersection_name
all_crashes,All reported crash locations,2024,HEWLETT CRT # 002650 TO 002699,PRINCE GEORGE,1,,,,
all_crashes,All reported crash locations,2024,HIGHLAND DR & LANGLEY CRES & POYNER CRES,PRINCE GEORGE,1,Highland Dr  & Langley Cres ,-122.7960568792306,53.97910817151206,subset_intersection_name
all_crashes,All reported crash locations,2024,HILLTOP RD # 008800 TO 009299,PRINCE GEORGE,1,,,,
all_crashes,All reported crash locations,2024,HOKKERKAMP RD & PG PULPMILL RD & PUMPHOUSE RD,PRINCE GEORGE,1,,,,
all_crashes,All reported crash locations,2024,HOLLANDIA DR & PETERSEN RD,PRINCE GEORGE,1,Hollandia Dr  & Petersen Rd ,-122.77188615692712,53.88017667329077,exact_intersection_name
all_crashes,All reported crash locations,2024,HWY 16 E & PICKERING RD & TURNING LANE,PRINCE GEORGE,1,Hwy 16 E & Pickering Rd ,-122.70053021537427,53.90793782786571,exact_intersection_name
all_crashes,All reported crash locations,2024,HWY 16 E & YELLOWHEAD BRIDGE,PRINCE GEORGE,1,,,,
all_crashes,All reported crash locations,2024,HWY 16 W # 002851 TO 002889,PRINCE GEORGE,1,,,,
all_crashes,All reported crash locations,2024,HWY 16 W # 006460 TO 007248,PRINCE GEORGE,1,,,,
all_crashes,All reported crash locations,2024,HWY 16 W & WESTERN RD,PRINCE GEORGE,1,Hwy 16 W & Western Rd ,-122.87116423544775,53.82363934227935,exact_intersection_name
all_crashes,All reported crash locations,2024,HWY 16 W FRTG & IRENE RD,PRINCE GEORGE,1,,,,
all_crashes,All reported crash locations,2024,HWY 16 W FRTG & MARLEAU RD,PRINCE GEORGE,1,,,,
all_crashes,All reported crash locations,2024,HWY 16 W FRTG & WESTERN RD,PRINCE GEORGE,1,,,,
all_crashes,All reported crash locations,2024,HWY 97 FRTG S # 007800 TO 007920,PRINCE GEORGE,1,,,,
all_crashes,All reported crash locations,2024,HWY 97 S # 001500 TO 001598,PRINCE GEORGE,1,,,,
all_crashes,All reported crash locations,2024,HWY 97 S # 003601 TO 003799,PRINCE GEORGE,1,,,,
all_crashes,All reported crash locations,2024,HWY 97 S & PACIFIC ST & TURNING LANE & UNSIGNED,PRINCE GEORGE,1,Hwy 97 S & Pacific St ,-122.73607787027044,53.8729297934472,subset_intersection_name
all_crashes,All reported crash locations,2024,JAMES DR & WAYNE ST,PRINCE GEORGE,1,Wayne St  & James Dr ,-122.79236869918473,53.89020898747332,exact_intersection_name
all_crashes,All reported crash locations,2024,JENSEN RD # 010072 TO 010987,PRINCE GEORGE,1,,,,
all_crashes,All reported crash locations,2024,JENSEN RD & JUTLAND RD,PRINCE GEORGE,1,Jutland Rd  & Jensen Rd ,-122.85741269809441,53.82710486577903,exact_intersection_name
all_crashes,All reported crash locations,2024,JUBILEE AVE & MANSON CRES,PRINCE GEORGE,1,Manson Cres  & Jubilee Ave ,-122.79304488155773,53.91161007883969,exact_intersection_name
all_crashes,All reported crash locations,2024,KASLO ST & QUEENSWAY,PRINCE GEORGE,1,Queensway   & Kaslo St ,-122.7443623924109,53.8939946183974,exact_intersection_name
all_crashes,All reported crash locations,2024,KELLAR ST & OSPIKA BLVD,PRINCE GEORGE,1,,,,
all_crashes,All reported crash locations,2024,KELLY RD S # 006122 TO 006199,PRINCE GEORGE,1,,,,
all_crashes,All reported crash locations,2024,KELLY RD S # 007300 TO 007429,PRINCE GEORGE,1,,,,
all_crashes,All reported crash locations,2024,KELLY RD S & TURNER RD,PRINCE GEORGE,1,Kelly Rd S & Turner Rd ,-122.80104816811102,53.99400633172175,exact_intersection_name
all_crashes,All reported crash locations,2024,KENWORTH RD E # 002000 TO 002149,PRINCE GEORGE,1,,,,
all_crashes,All reported crash locations,2024,KIM PL & WINSLOW DR,PRINCE GEORGE,1,Winslow Dr  & Kim Pl ,-122.78805562160147,53.98437700798129,exact_intersection_name
all_crashes,All reported crash locations,2024,LA SALLE AVE & QUEENSWAY,PRINCE GEORGE,1,Queensway   & La Salle Ave ,-122.7413515595774,53.89683300697372,exact_intersection_name
all_crashes,All reported crash locations,2024,LANDOOZ RD & NORTHWOOD PULPMILL RD,PRINCE GEORGE,1,Northwood Pulpmill Rd  & Landooz Rd ,-122.7036852775143,53.97705690960349,exact_intersection_name
all_crashes,All reported crash locations,2024,LANDOOZ RD & VISTA RD,PRINCE GEORGE,1,Vista Rd & Landooz Rd ,-122.66583680130584,54.00860455125367,exact_intersection_name
all_crashes,All reported crash locations,2024,LANSDOWNE RD & PIERREROY RD & SINCLAIR RD,PRINCE GEORGE,1,Lansdowne Rd  & Sinclair Rd ,-122.7651694476198,53.883898074716946,subset_intersection_name
all_crashes,All reported crash locations,2024,LATROBE CRES # 007770 TO 007827,PRINCE GEORGE,1,,,,
all_crashes,All reported crash locations,2024,LELAND RD # 005900 TO 005969,PRINCE GEORGE,1,,,,
all_crashes,All reported crash locations,2024,LESLIE RD # 004680 TO 004959,PRINCE GEORGE,1,,,,
all_crashes,All reported crash locations,2024,LILAC CRES # 006730 TO 006859,PRINCE GEORGE,1,,,,
all_crashes,All reported crash locations,2024,LISGAR CRES # 002440 TO 002499,PRINCE GEORGE,1,,,,
all_crashes,All reported crash locations,2024,LISGAR CRES & WESTWOOD DR,PRINCE GEORGE,1,Westwood Dr  & Lisgar Cres ,-122.7823890283153,53.89890532174482,exact_intersection_name
all_crashes,All reported crash locations,2024,LOYOLA CRES & MALASPINA AVE & MALASPINA ELEMENTARY SCHOOL ACCESS,PRINCE GEORGE,1,Malaspina Ave  & Loyola Cres ,-122.7636787685418,53.849340459420446,subset_intersection_name
all_crashes,All reported crash locations,2024,LYON ST # 001500 TO 001707,PRINCE GEORGE,1,,,,
all_crashes,All reported crash locations,2024,MALASPINA AVE & NEWCASTLE CRES & PRINCETON CRES,PRINCE GEORGE,1,Malaspina Ave  & Newcastle Cres ,-122.76646284357179,53.84911286809713,subset_intersection_name
all_crashes,All reported crash locations,2024,MARLEAU RD # 002450 TO 003099,PRINCE GEORGE,1,,,,
all_crashes,All reported crash locations,2024,MARLEAU RD & NORTH ST,PRINCE GEORGE,1,Marleau Rd  & North St ,-122.78673084196056,53.86213602043023,exact_intersection_name
all_crashes,All reported crash locations,2024,MASSEY DR # 002001 TO 002009,PRINCE GEORGE,1,,,,
all_crashes,All reported crash locations,2024,MASSEY DR # 003300 TO 003498,PRINCE GEORGE,1,,,,
all_crashes,All reported crash locations,2024,MASSEY DR & VANIER DR,PRINCE GEORGE,1,Massey Dr  & Vanier Dr ,-122.78698883518483,53.89952689059441,exact_intersection_name
all_crashes,All reported crash locations,2024,MCINNIS AVE # 000400 TO 000499,PRINCE GEORGE,1,,,,
all_crashes,All reported crash locations,2024,MCKENZIE AVE & UPLAND ST,PRINCE GEORGE,1,Upland St  & McKenzie Ave ,-122.76077739903944,53.892599918612255,exact_intersection_name
all_crashes,All reported crash locations,2024,MCKINLEY CRES # 000150 TO 000199,PRINCE GEORGE,1,,,,
all_crashes,All reported crash locations,2024,MCLAREN RD E # 001800 TO 002199,PRINCE GEORGE,1,,,,
all_crashes,All reported crash locations,2024,MERRITT RD & WIEBE RD,PRINCE GEORGE,1,Wiebe Rd  & Merritt Rd ,-122.77355910369752,53.883681255445175,exact_intersection_name
all_crashes,All reported crash locations,2024,MERTON CRES & NESS AVE,PRINCE GEORGE,1,Merton Cres  & Ness Ave ,-122.8063157622014,53.91776255212085,exact_intersection_name
all_crashes,All reported crash locations,2024,MILBURN AVE & PINE ST,PRINCE GEORGE,1,Pine St  & Milburn Ave ,-122.75211008915304,53.900962939699944,exact_intersection_name
all_crashes,All reported crash locations,2024,MONTEREY RD # 006480 TO 006599,PRINCE GEORGE,1,,,,
all_crashes,All reported crash locations,2024,MOOSE RD # 007100 TO 007499,PRINCE GEORGE,1,,,,
all_crashes,All reported crash locations,2024,MORAN CRES # 000260 TO 000329,PRINCE GEORGE,1,,,,
all_crashes,All reported crash locations,2024,MOSS AVE # 002400 TO 002699,PRINCE GEORGE,1,,,,
all_crashes,All reported crash locations,2024,NECHAKO DR # 003100 TO 003149,PRINCE GEORGE,1,,,,
all_crashes,All reported crash locations,2024,NEHRING AVE # 004100 TO 004199,PRINCE GEORGE,1,,,,
all_crashes,All reported crash locations,2024,NIXON CRES # 002970 TO 003099,PRINCE GEORGE,1,,,,
all_crashes,All reported crash locations,2024,NORANDA RD E & NORTHWOOD PULPMILL RD,PRINCE GEORGE,1,Northwood Pulpmill Rd  & Noranda Rd E,-122.74621630889371,53.961838593862765,exact_intersection_name
all_crashes,All reported crash locations,2024,NORTH NECHAKO RD # 005126 TO 005130,PRINCE GEORGE,1,,,,
all_crashes,All reported crash locations,2024,NORTH NECHAKO RD & ONGMAN RD,PRINCE GEORGE,1,,,,
all_crashes,All reported crash locations,2024,NORTH NECHAKO RD & TOOMBS DR,PRINCE GEORGE,1,North Nechako Rd  & Toombs Dr ,-122.867257005142,53.975066610321335,exact_intersection_name
all_crashes,All reported crash locations,2024,NORTHWOOD PULPMILL RD # 004200 TO 004305,PRINCE GEORGE,1,,,,
all_crashes,All reported crash locations,2024,NORTHWOOD PULPMILL RD & OLD SUMMIT LAKE RD,PRINCE GEORGE,1,Northwood Pulpmill Rd  & Old Summit Lake Rd ,-122.73864641689094,53.96409740498438,exact_intersection_name
all_crashes,All reported crash locations,2024,OGILVIE ST # 001500 TO 001799,PRINCE GEORGE,1,,,,
all_crashes,All reported crash locations,2024,OLD SUMMIT LAKE RD # 004300 TO 004720,PRINCE GEORGE,1,,,,
all_crashes,All reported crash locations,2024,OLD SUMMIT LAKE RD & SHADY VALLEY RD,PRINCE GEORGE,1,Old Summit Lake Rd  & Shady Valley Rd ,-122.72901522892496,53.97703954641542,exact_intersection_name
all_crashes,All reported crash locations,2024,OPIE CRES # 003600 TO 003799,PRINCE GEORGE,1,,,,
all_crashes,All reported crash locations,2024,OSPIKA BLVD # 001801 TO 002179,PRINCE GEORGE,1,,,,
all_crashes,All reported crash locations,2024,PACIFIC ST # 001200 TO 004621,PRINCE GEORGE,1,,,,
all_crashes,All reported crash locations,2024,PARKER DR # 000100 TO 000169,PRINCE GEORGE,1,,,,
all_crashes,All reported crash locations,2024,PARKSIDE DR & TYNER BLVD,PRINCE GEORGE,1,Tyner Blvd & Parkside Dr,-122.7956335109106,53.86937139166956,exact_intersection_name
all_crashes,All reported crash locations,2024,PEARL DR & WEISBROD RD,PRINCE GEORGE,1,Weisbrod Rd  & Pearl Dr ,-122.79000975824431,53.99623854231319,exact_intersection_name
all_crashes,All reported crash locations,2024,PENN RD # 009500 TO 009899,PRINCE GEORGE,1,,,,
all_crashes,All reported crash locations,2024,PENN RD & ROCK ISLAND RD,PRINCE GEORGE,1,Penn Rd  & Rock Island Rd ,-122.73269327646805,53.83551262876156,exact_intersection_name
all_crashes,All reported crash locations,2024,PETER RD # 008400 TO 008799,PRINCE GEORGE,1,,,,
all_crashes,All reported crash locations,2024,PG PULPMILL RD # 001360 TO 001719,PRINCE GEORGE,1,,,,
all_crashes,All reported crash locations,2024,PINE ST & PORTER AVE,PRINCE GEORGE,1,Pine St  & Porter Ave ,-122.75210816953546,53.90396681867819,exact_intersection_name
all_crashes,All reported crash locations,2024,PIONEER AVE # 000300 TO 000399,PRINCE GEORGE,1,,,,
all_crashes,All reported crash locations,2024,POLARIS RD # 002700 TO 002799,PRINCE GEORGE,1,,,,
all_crashes,All reported crash locations,2024,PORTER AVE # 001300 TO 001327,PRINCE GEORGE,1,,,,
all_crashes,All reported crash locations,2024,PURDUE RD E # 005400 TO 005749,PRINCE GEORGE,1,,,,
all_crashes,All reported crash locations,2024,QUEENSWAY # 002500 TO 002527,PRINCE GEORGE,1,,,,
all_crashes,All reported crash locations,2024,QUEENSWAY # 002576 TO 002599,PRINCE GEORGE,1,,,,
all_crashes,All reported crash locations,2024,QUEENSWAY # 002694 TO 002799,PRINCE GEORGE,1,,,,
all_crashes,All reported crash locations,2024,QUENTIN AVE # 004200 TO 004299,PRINCE GEORGE,1,,,,
all_crashes,All reported crash locations,2024,QUINN ST # 001500 TO 001799,PRINCE GEORGE,1,,,,
all_crashes,All reported crash locations,2024,RAINBOW DR # 003600 TO 003699,PRINCE GEORGE,1,,,,
all_crashes,All reported crash locations,2024,RANGE RD # 002600 TO 002809,PRINCE GEORGE,1,,,,
all_crashes,All reported crash locations,2024,RANGE RD & WESTWOOD DR,PRINCE GEORGE,1,Westwood Dr  & Range Rd ,-122.77958789188526,53.88456263041591,exact_intersection_name
all_crashes,All reported crash locations,2024,RANGE RD & WIEBE RD,PRINCE GEORGE,1,Wiebe Rd  & Range Rd ,-122.77345619416197,53.88454025982472,exact_intersection_name
all_crashes,All reported crash locations,2024,RECPLACE DR # 002500 TO 002601,PRINCE GEORGE,1,,,,
all_crashes,All reported crash locations,2024,RECPLACE DR # 002634 TO 002849,PRINCE GEORGE,1,,,,
all_crashes,All reported crash locations,2024,RECPLACE DR # 003002 TO 003099,PRINCE GEORGE,1,,,,
all_crashes,All reported crash locations,2024,RUBY CRES # 007600 TO 007699,PRINCE GEORGE,1,,,,
all_crashes,All reported crash locations,2024,SANTA FE RD # 001200 TO 001499,PRINCE GEORGE,1,,,,
all_crashes,All reported crash locations,2024,SETON CRES # 003240 TO 003399,PRINCE GEORGE,1,,,,
all_crashes,All reported crash locations,2024,SHADY VALLEY RD # 001350 TO 001749,PRINCE GEORGE,1,,,,
all_crashes,All reported crash locations,2024,SHANE CRES # 003700 TO 003779,PRINCE GEORGE,1,,,,
all_crashes,All reported crash locations,2024,SIMON FRASER AVE # 006051 TO 006099,PRINCE GEORGE,1,,,,
all_crashes,All reported crash locations,2024,SNOWDROP DR # 004700 TO 004749,PRINCE GEORGE,1,,,,
all_crashes,All reported crash locations,2024,SOUTHRIDGE AVE # 005750 TO 005848,PRINCE GEORGE,1,,,,
all_crashes,All reported crash locations,2024,SPRUCE ST # 001600 TO 001699,PRINCE GEORGE,1,,,,
all_crashes,All reported crash locations,2024,SPRUCE ST & ST LAURENT AVE,PRINCE GEORGE,1,Spruce St  & St Laurent Ave ,-122.75793699107237,53.89595253538743,exact_intersection_name
all_crashes,All reported crash locations,2024,ST ANNE CRES # 003111 TO 003112,PRINCE GEORGE,1,,,,
all_crashes,All reported crash locations,2024,ST JOHN CRES # 008100 TO 008319,PRINCE GEORGE,1,,,,
all_crashes,All reported crash locations,2024,ST LAURENT AVE & UPLAND ST,PRINCE GEORGE,1,Upland St  & St Laurent Ave ,-122.7605707160058,53.89601516994424,exact_intersection_name
all_crashes,All reported crash locations,2024,ST LAWRENCE AVE # 007200 TO 007599,PRINCE GEORGE,1,,,,
all_crashes,All reported crash locations,2024,ST LAWRENCE AVE # 008350 TO 008399,PRINCE GEORGE,1,,,,
all_crashes,All reported crash locations,2024,ST MARK CRES # 007590 TO 007739,PRINCE GEORGE,1,,,,
all_crashes,All reported crash locations,2024,ST MARK CRES & ST PATRICK AVE,PRINCE GEORGE,1,St Patrick Ave  & St Mark Cres ,-122.77643022806048,53.85068492712491,exact_intersection_name
all_crashes,All reported crash locations,2024,ST MARY CRES # 007500 TO 007599,PRINCE GEORGE,1,,,,
all_crashes,All reported crash locations,2024,STARLANE DR # 002600 TO 002699,PRINCE GEORGE,1,,,,
all_crashes,All reported crash locations,2024,STROM PL # 004700 TO 004870,PRINCE GEORGE,1,,,,
all_crashes,All reported crash locations,2024,SUSSEX LANE # 002200 TO 002249,PRINCE GEORGE,1,,,,
all_crashes,All reported crash locations,2024,SYCAMORE CRES # 002931 TO 002999,PRINCE GEORGE,1,,,,
all_crashes,All reported crash locations,2024,TABOR BLVD # 001201 TO 001299,PRINCE GEORGE,1,,,,
all_crashes,All reported crash locations,2024,TAMARACK ST # 002000 TO 002143,PRINCE GEORGE,1,,,,
all_crashes,All reported crash locations,2024,TAYLOR DR # 001300 TO 001369,PRINCE GEORGE,1,,,,
all_crashes,All reported crash locations,2024,TOMLIN RD # 000500 TO 000699,PRINCE GEORGE,1,,,,
all_crashes,All reported crash locations,2024,TOOMBS DR # 008000 TO 008249,PRINCE GEORGE,1,,,,
all_crashes,All reported crash locations,2024,TRADER CRES # 000210 TO 000299,PRINCE GEORGE,1,,,,
all_crashes,All reported crash locations,2024,UNIVERSITY HEIGHTS DR # 004300 TO 004399,PRINCE GEORGE,1,,,,
all_crashes,All reported crash locations,2024,UNIVERSITY WAY # 003830 TO 004798,PRINCE GEORGE,1,,,,
all_crashes,All reported crash locations,2024,UPLAND ST # 002101 TO 002142,PRINCE GEORGE,1,,,,
all_crashes,All reported crash locations,2024,VAN SOMER ST # 000160 TO 000199,PRINCE GEORGE,1,,,,
all_crashes,All reported crash locations,2024,VANCOUVER ST # 000300 TO 000399,PRINCE GEORGE,1,,,,
all_crashes,All reported crash locations,2024,VICTORIA ST # 000248 TO 000299,PRINCE GEORGE,1,,,,
all_crashes,All reported crash locations,2024,VICTORIA ST # 000300 TO 000399,PRINCE GEORGE,1,,,,
all_crashes,All reported crash locations,2024,VICTORIA ST # 000400 TO 000449,PRINCE GEORGE,1,,,,
all_crashes,All reported crash locations,2024,VICTORIA ST # 000500 TO 000551,PRINCE GEORGE,1,,,,
all_crashes,All reported crash locations,2024,VICTORIA ST # 000754 TO 000799,PRINCE GEORGE,1,,,,
all_crashes,All reported crash locations,2024,VICTORIA ST # 000900 TO 000951,PRINCE GEORGE,1,,,,
all_crashes,All reported crash locations,2024,VISTA RISE RD # 003100 TO 003269,PRINCE GEORGE,1,,,,
all_crashes,All reported crash locations,2024,WEISBROD RD # 004000 TO 004079,PRINCE GEORGE,1,,,,
all_crashes,All reported crash locations,2024,WESTGATE AVE # 006700 TO 006799,PRINCE GEORGE,1,,,,
all_crashes,All reported crash locations,2024,WESTMOUNT DR # 006692 TO 006739,PRINCE GEORGE,1,,,,
all_crashes,All reported crash locations,2024,WESTWOOD DR # 002240 TO 002399,PRINCE GEORGE,1,,,,
all_crashes,All reported crash locations,2024,WESTWOOD DR # 003270 TO 003305,PRINCE GEORGE,1,,,,
all_crashes,All reported crash locations,2024,WESTWOOD DR # 003960 TO 004040,PRINCE GEORGE,1,,,,
all_crashes,All reported crash locations,2024,WHEELER RD # 004400 TO 004449,PRINCE GEORGE,1,,,,
all_crashes,All reported crash locations,2024,WIEBE RD # 003600 TO 003699,PRINCE GEORGE,1,,,,
all_crashes,All reported crash locations,2024,WIEBE RD # 003800 TO 003899,PRINCE GEORGE,1,,,,
all_crashes,All reported crash locations,2024,WILLIAMS CRES # 000500 TO 000580,PRINCE GEORGE,1,,,,
all_crashes,All reported crash locations,2024,WILSON CRES # 000200 TO 000288,PRINCE GEORGE,1,,,,
all_crashes,All reported crash locations,2024,WINNIPEG ST # 000700 TO 000751,PRINCE GEORGE,1,,,,
all_crashes,All reported crash locations,2024,YOUNGS AVE # 000700 TO 000799,PRINCE GEORGE,1,,,,
all_crashes,All reported crash locations,2024,ZELKWAS AVE # 000650 TO 000699,PRINCE GEORGE,1,,,,
all_crashes,All reported crash locations,2024,ZRAL RD # 004500 TO 004591,PRINCE GEORGE,1,,,,
