{"type":"FeatureCollection","features":[{"type":"Feature","id":"automated:1A01P","properties":{"station_id":"automated:1A01P","station_type":"automated","location_id":"1A01P","name":"Yellowhead Lake","status":"Active","active":true,"elevation_m":1860,"operator":"BC ENV","camera_url":null,"basin_id":null,"source_object_id":92543,"source_record_id":1,"source_layer":"WHSE_WATER_MANAGEMENT.SSL_SNOW_ASWS_STNS_SP","data_explorer_url":"https://bcmoe-prod.aquaticinformatics.net/Data/Location/Summary/Location/1A01P/Interval/Latest","summary_report_url":null,"weekly_report_url":"https://bcmoe-prod.aquaticinformatics.net/Report/Show/Snow.1A01P.Weekly%20Report/","snow_water_equivalent_report_url":"https://bcmoe-prod.aquaticinformatics.net/Report/Show/Snow.1A01P.Automated%20Snow%20Weather%20Station%20Graph/"},"geometry":{"type":"Point","coordinates":[-118.5475,52.90622]}},{"type":"Feature","id":"automated:1A02P","properties":{"station_id":"automated:1A02P","station_type":"automated","location_id":"1A02P","name":"McBride Upper","status":"Active","active":true,"elevation_m":1610,"operator":"BC ENV","camera_url":null,"basin_id":"2","source_object_id":92544,"source_record_id":2,"source_layer":"WHSE_WATER_MANAGEMENT.SSL_SNOW_ASWS_STNS_SP","data_explorer_url":"https://bcmoe-prod.aquaticinformatics.net/Data/Location/Summary/Location/1A02P/Interval/Latest","summary_report_url":null,"weekly_report_url":"https://bcmoe-prod.aquaticinformatics.net/Report/Show/Snow.1A02P.Weekly%20Report/","snow_water_equivalent_report_url":"https://bcmoe-prod.aquaticinformatics.net/Report/Show/Snow.1A02P.Automated%20Snow%20Weather%20Station%20Graph/"},"geometry":{"type":"Point","coordinates":[-120.31926,53.30604]}},{"type":"Feature","id":"automated:1A03P","properties":{"station_id":"automated:1A03P","station_type":"automated","location_id":"1A03P","name":"Barkerville","status":"Active","active":true,"elevation_m":1470,"operator":"BC ENV","camera_url":null,"basin_id":"2","source_object_id":92545,"source_record_id":3,"source_layer":"WHSE_WATER_MANAGEMENT.SSL_SNOW_ASWS_STNS_SP","data_explorer_url":"https://bcmoe-prod.aquaticinformatics.net/Data/Location/Summary/Location/1A03P/Interval/Latest","summary_report_url":null,"weekly_report_url":"https://bcmoe-prod.aquaticinformatics.net/Report/Show/Snow.1A03P.Weekly%20Report/","snow_water_equivalent_report_url":"https://bcmoe-prod.aquaticinformatics.net/Report/Show/Snow.1A03P.Automated%20Snow%20Weather%20Station%20Graph/"},"geometry":{"type":"Point","coordinates":[-121.491828,53.057338]}},{"type":"Feature","id":"automated:1A05P","properties":{"station_id":"automated:1A05P","station_type":"automated","location_id":"1A05P","name":"Longworth Upper","status":"Active","active":true,"elevation_m":1740,"operator":"BC ENV","camera_url":null,"basin_id":"2","source_object_id":92546,"source_record_id":4,"source_layer":"WHSE_WATER_MANAGEMENT.SSL_SNOW_ASWS_STNS_SP","data_explorer_url":"https://bcmoe-prod.aquaticinformatics.net/Data/Location/Summary/Location/1A05P/Interval/Latest","summary_report_url":null,"weekly_report_url":"https://bcmoe-prod.aquaticinformatics.net/Report/Show/Snow.1A05P.Weekly%20Report/","snow_water_equivalent_report_url":"https://bcmoe-prod.aquaticinformatics.net/Report/Show/Snow.1A05P.Automated%20Snow%20Weather%20Station%20Graph/"},"geometry":{"type":"Point","coordinates":[-121.4431,53.95083]}},{"type":"Feature","id":"automated:1A12P","properties":{"station_id":"automated:1A12P","station_type":"automated","location_id":"1A12P","name":"Kaza Lake","status":"Active","active":true,"elevation_m":1257,"operator":"BC Hydro","camera_url":null,"basin_id":"1","source_object_id":92547,"source_record_id":5,"source_layer":"WHSE_WATER_MANAGEMENT.SSL_SNOW_ASWS_STNS_SP","data_explorer_url":"https://bcmoe-prod.aquaticinformatics.net/Data/Location/Summary/Location/1A12P/Interval/Latest","summary_report_url":null,"weekly_report_url":"https://bcmoe-prod.aquaticinformatics.net/Report/Show/Snow.1A12P.Weekly%20Report/","snow_water_equivalent_report_url":"https://bcmoe-prod.aquaticinformatics.net/Report/Show/Snow.1A12P.Automated%20Snow%20Weather%20Station%20Graph/"},"geometry":{"type":"Point","coordinates":[-126.2975972,56.0211917]}},{"type":"Feature","id":"automated:1A14P","properties":{"station_id":"automated:1A14P","station_type":"automated","location_id":"1A14P","name":"Hedrick Lake","status":"Active","active":true,"elevation_m":1130,"operator":"BC ENV","camera_url":null,"basin_id":"2","source_object_id":92548,"source_record_id":6,"source_layer":"WHSE_WATER_MANAGEMENT.SSL_SNOW_ASWS_STNS_SP","data_explorer_url":"https://bcmoe-prod.aquaticinformatics.net/Data/Location/Summary/Location/1A14P/Interval/Latest","summary_report_url":null,"weekly_report_url":"https://bcmoe-prod.aquaticinformatics.net/Report/Show/Snow.1A14P.Weekly%20Report/","snow_water_equivalent_report_url":"https://bcmoe-prod.aquaticinformatics.net/Report/Show/Snow.1A14P.Automated%20Snow%20Weather%20Station%20Graph/"},"geometry":{"type":"Point","coordinates":[-121,54.105778]}},{"type":"Feature","id":"automated:1A15P","properties":{"station_id":"automated:1A15P","station_type":"automated","location_id":"1A15P","name":"Knudsen Lake","status":"Active","active":true,"elevation_m":1580,"operator":"BC ENV","camera_url":null,"basin_id":"2","source_object_id":92549,"source_record_id":7,"source_layer":"WHSE_WATER_MANAGEMENT.SSL_SNOW_ASWS_STNS_SP","data_explorer_url":"https://bcmoe-prod.aquaticinformatics.net/Data/Location/Summary/Location/1A15P/Interval/Latest","summary_report_url":null,"weekly_report_url":"https://bcmoe-prod.aquaticinformatics.net/Report/Show/Snow.1A15P.Weekly%20Report/","snow_water_equivalent_report_url":"https://bcmoe-prod.aquaticinformatics.net/Report/Show/Snow.1A15P.Automated%20Snow%20Weather%20Station%20Graph/"},"geometry":{"type":"Point","coordinates":[-120.782813,54.30266]}},{"type":"Feature","id":"automated:1A17P","properties":{"station_id":"automated:1A17P","station_type":"automated","location_id":"1A17P","name":"Revolution Creek","status":"Active","active":true,"elevation_m":1680,"operator":"BC ENV","camera_url":null,"basin_id":"2","source_object_id":92550,"source_record_id":8,"source_layer":"WHSE_WATER_MANAGEMENT.SSL_SNOW_ASWS_STNS_SP","data_explorer_url":"https://bcmoe-prod.aquaticinformatics.net/Data/Location/Summary/Location/1A17P/Interval/Latest","summary_report_url":null,"weekly_report_url":"https://bcmoe-prod.aquaticinformatics.net/Report/Show/Snow.1A17P.Weekly%20Report/","snow_water_equivalent_report_url":"https://bcmoe-prod.aquaticinformatics.net/Report/Show/Snow.1A17P.Automated%20Snow%20Weather%20Station%20Graph/"},"geometry":{"type":"Point","coordinates":[-120.3752,53.78422]}},{"type":"Feature","id":"automated:1A19P","properties":{"station_id":"automated:1A19P","station_type":"automated","location_id":"1A19P","name":"Dome Mountain","status":"Active","active":true,"elevation_m":1774,"operator":"BC ENV","camera_url":null,"basin_id":"2","source_object_id":92551,"source_record_id":9,"source_layer":"WHSE_WATER_MANAGEMENT.SSL_SNOW_ASWS_STNS_SP","data_explorer_url":"https://bcmoe-prod.aquaticinformatics.net/Data/Location/Summary/Location/1A19P/Interval/Latest","summary_report_url":null,"weekly_report_url":"https://bcmoe-prod.aquaticinformatics.net/Report/Show/Snow.1A19P.Weekly%20Report/","snow_water_equivalent_report_url":"https://bcmoe-prod.aquaticinformatics.net/Report/Show/Snow.1A19P.Automated%20Snow%20Weather%20Station%20Graph/"},"geometry":{"type":"Point","coordinates":[-121.023111,53.621861]}},{"type":"Feature","id":"automated:1B01P","properties":{"station_id":"automated:1B01P","station_type":"automated","location_id":"1B01P","name":"Mount Wells","status":"Active","active":true,"elevation_m":1490,"operator":"Rio-Tinto Alcan","camera_url":null,"basin_id":"3","source_object_id":92552,"source_record_id":10,"source_layer":"WHSE_WATER_MANAGEMENT.SSL_SNOW_ASWS_STNS_SP","data_explorer_url":"https://bcmoe-prod.aquaticinformatics.net/Data/Location/Summary/Location/1B01P/Interval/Latest","summary_report_url":null,"weekly_report_url":"https://bcmoe-prod.aquaticinformatics.net/Report/Show/Snow.1B01P.Weekly%20Report/","snow_water_equivalent_report_url":"https://bcmoe-prod.aquaticinformatics.net/Report/Show/Snow.1B01P.Automated%20Snow%20Weather%20Station%20Graph/"},"geometry":{"type":"Point","coordinates":[-126.423614,53.72861]}},{"type":"Feature","id":"automated:1B02P","properties":{"station_id":"automated:1B02P","station_type":"automated","location_id":"1B02P","name":"Tahtsa Lake","status":"Active","active":true,"elevation_m":1300,"operator":"Rio-Tinto Alcan","camera_url":null,"basin_id":"3","source_object_id":92553,"source_record_id":11,"source_layer":"WHSE_WATER_MANAGEMENT.SSL_SNOW_ASWS_STNS_SP","data_explorer_url":"https://bcmoe-prod.aquaticinformatics.net/Data/Location/Summary/Location/1B02P/Interval/Latest","summary_report_url":null,"weekly_report_url":"https://bcmoe-prod.aquaticinformatics.net/Report/Show/Snow.1B02P.Weekly%20Report/","snow_water_equivalent_report_url":"https://bcmoe-prod.aquaticinformatics.net/Report/Show/Snow.1B02P.Automated%20Snow%20Weather%20Station%20Graph/"},"geometry":{"type":"Point","coordinates":[-127.64389,53.593055]}},{"type":"Feature","id":"automated:1B08P","properties":{"station_id":"automated:1B08P","station_type":"automated","location_id":"1B08P","name":"Mt. Pondosy","status":"Active","active":true,"elevation_m":1400,"operator":"Rio-Tinto Alcan","camera_url":null,"basin_id":"3","source_object_id":92554,"source_record_id":12,"source_layer":"WHSE_WATER_MANAGEMENT.SSL_SNOW_ASWS_STNS_SP","data_explorer_url":"https://bcmoe-prod.aquaticinformatics.net/Data/Location/Summary/Location/1B08P/Interval/Latest","summary_report_url":null,"weekly_report_url":"https://bcmoe-prod.aquaticinformatics.net/Report/Show/Snow.1B08P.Weekly%20Report/","snow_water_equivalent_report_url":"https://bcmoe-prod.aquaticinformatics.net/Report/Show/Snow.1B08P.Automated%20Snow%20Weather%20Station%20Graph/"},"geometry":{"type":"Point","coordinates":[-126.881111,53.1525]}},{"type":"Feature","id":"automated:1C05P","properties":{"station_id":"automated:1C05P","station_type":"automated","location_id":"1C05P","name":"McGillivray Pass","status":"Active","active":true,"elevation_m":1718,"operator":"BC Hydro","camera_url":null,"basin_id":"4","source_object_id":92555,"source_record_id":13,"source_layer":"WHSE_WATER_MANAGEMENT.SSL_SNOW_ASWS_STNS_SP","data_explorer_url":"https://bcmoe-prod.aquaticinformatics.net/Data/Location/Summary/Location/1C05P/Interval/Latest","summary_report_url":null,"weekly_report_url":"https://bcmoe-prod.aquaticinformatics.net/Report/Show/Snow.1C05P.Weekly%20Report/","snow_water_equivalent_report_url":"https://bcmoe-prod.aquaticinformatics.net/Report/Show/Snow.1C05P.Automated%20Snow%20Weather%20Station%20Graph/"},"geometry":{"type":"Point","coordinates":[-122.625375,50.6985556]}},{"type":"Feature","id":"automated:1C12P","properties":{"station_id":"automated:1C12P","station_type":"automated","location_id":"1C12P","name":"Green Mountain","status":"Active","active":true,"elevation_m":1780,"operator":"BC Hydro","camera_url":null,"basin_id":"4","source_object_id":92556,"source_record_id":14,"source_layer":"WHSE_WATER_MANAGEMENT.SSL_SNOW_ASWS_STNS_SP","data_explorer_url":"https://bcmoe-prod.aquaticinformatics.net/Data/Location/Summary/Location/1C12P/Interval/Latest","summary_report_url":null,"weekly_report_url":"https://bcmoe-prod.aquaticinformatics.net/Report/Show/Snow.1C12P.Weekly%20Report/","snow_water_equivalent_report_url":"https://bcmoe-prod.aquaticinformatics.net/Report/Show/Snow.1C12P.Automated%20Snow%20Weather%20Station%20Graph/"},"geometry":{"type":"Point","coordinates":[-122.9245417,50.7956333]}},{"type":"Feature","id":"automated:1C14P","properties":{"station_id":"automated:1C14P","station_type":"automated","location_id":"1C14P","name":"Bralorne","status":"Active","active":true,"elevation_m":1382,"operator":"BC Hydro","camera_url":null,"basin_id":"4","source_object_id":92557,"source_record_id":15,"source_layer":"WHSE_WATER_MANAGEMENT.SSL_SNOW_ASWS_STNS_SP","data_explorer_url":"https://bcmoe-prod.aquaticinformatics.net/Data/Location/Summary/Location/1C14P/Interval/Latest","summary_report_url":null,"weekly_report_url":"https://bcmoe-prod.aquaticinformatics.net/Report/Show/Snow.1C14P.Weekly%20Report/","snow_water_equivalent_report_url":"https://bcmoe-prod.aquaticinformatics.net/Report/Show/Snow.1C14P.Automated%20Snow%20Weather%20Station%20Graph/"},"geometry":{"type":"Point","coordinates":[-122.7888194,50.7751889]}},{"type":"Feature","id":"automated:1C17P","properties":{"station_id":"automated:1C17P","station_type":"automated","location_id":"1C17P","name":"Mount Timothy","status":"Active","active":true,"elevation_m":1630,"operator":"BC ENV","camera_url":null,"basin_id":"4","source_object_id":92558,"source_record_id":16,"source_layer":"WHSE_WATER_MANAGEMENT.SSL_SNOW_ASWS_STNS_SP","data_explorer_url":"https://bcmoe-prod.aquaticinformatics.net/Data/Location/Summary/Location/1C17P/Interval/Latest","summary_report_url":null,"weekly_report_url":"https://bcmoe-prod.aquaticinformatics.net/Report/Show/Snow.1C17P.Weekly%20Report/","snow_water_equivalent_report_url":"https://bcmoe-prod.aquaticinformatics.net/Report/Show/Snow.1C17P.Automated%20Snow%20Weather%20Station%20Graph/"},"geometry":{"type":"Point","coordinates":[-121.25604,51.90453]}},{"type":"Feature","id":"automated:1C18P","properties":{"station_id":"automated:1C18P","station_type":"automated","location_id":"1C18P","name":"Mission Ridge","status":"Active","active":true,"elevation_m":1850,"operator":"BC Hydro","camera_url":null,"basin_id":"4","source_object_id":92559,"source_record_id":17,"source_layer":"WHSE_WATER_MANAGEMENT.SSL_SNOW_ASWS_STNS_SP","data_explorer_url":"https://bcmoe-prod.aquaticinformatics.net/Data/Location/Summary/Location/1C18P/Interval/Latest","summary_report_url":null,"weekly_report_url":"https://bcmoe-prod.aquaticinformatics.net/Report/Show/Snow.1C18P.Weekly%20Report/","snow_water_equivalent_report_url":"https://bcmoe-prod.aquaticinformatics.net/Report/Show/Snow.1C18P.Automated%20Snow%20Weather%20Station%20Graph/"},"geometry":{"type":"Point","coordinates":[-122.2076944,50.7625556]}},{"type":"Feature","id":"automated:1C20P","properties":{"station_id":"automated:1C20P","station_type":"automated","location_id":"1C20P","name":"Boss Mountain Mine","status":"Active","active":true,"elevation_m":1460,"operator":"BC ENV","camera_url":null,"basin_id":"4","source_object_id":92560,"source_record_id":18,"source_layer":"WHSE_WATER_MANAGEMENT.SSL_SNOW_ASWS_STNS_SP","data_explorer_url":"https://bcmoe-prod.aquaticinformatics.net/Data/Location/Summary/Location/1C20P/Interval/Latest","summary_report_url":null,"weekly_report_url":"https://bcmoe-prod.aquaticinformatics.net/Report/Show/Snow.1C20P.Weekly%20Report/","snow_water_equivalent_report_url":"https://bcmoe-prod.aquaticinformatics.net/Report/Show/Snow.1C20P.Automated%20Snow%20Weather%20Station%20Graph/"},"geometry":{"type":"Point","coordinates":[-120.86727,52.1069]}},{"type":"Feature","id":"automated:1C22AP","properties":{"station_id":"automated:1C22AP","station_type":"automated","location_id":"1C22AP","name":"Puntzi Mountain","status":"Active","active":true,"elevation_m":920,"operator":"BC ENV","camera_url":null,"basin_id":"4","source_object_id":92561,"source_record_id":19,"source_layer":"WHSE_WATER_MANAGEMENT.SSL_SNOW_ASWS_STNS_SP","data_explorer_url":"https://bcmoe-prod.aquaticinformatics.net/Data/Location/Summary/Location/1C22AP/Interval/Latest","summary_report_url":null,"weekly_report_url":"https://bcmoe-prod.aquaticinformatics.net/Report/Show/Snow.1C22AP.Weekly%20Report/","snow_water_equivalent_report_url":"https://bcmoe-prod.aquaticinformatics.net/Report/Show/Snow.1C22AP.Automated%20Snow%20Weather%20Station%20Graph/"},"geometry":{"type":"Point","coordinates":[-124.15273,52.109]}},{"type":"Feature","id":"automated:1C23P","properties":{"station_id":"automated:1C23P","station_type":"automated","location_id":"1C23P","name":"Penfold Creek","status":"Active","active":true,"elevation_m":1740,"operator":"BC ENV","camera_url":null,"basin_id":"4","source_object_id":92562,"source_record_id":20,"source_layer":"WHSE_WATER_MANAGEMENT.SSL_SNOW_ASWS_STNS_SP","data_explorer_url":"https://bcmoe-prod.aquaticinformatics.net/Data/Location/Summary/Location/1C23P/Interval/Latest","summary_report_url":null,"weekly_report_url":"https://bcmoe-prod.aquaticinformatics.net/Report/Show/Snow.1C23P.Weekly%20Report/","snow_water_equivalent_report_url":"https://bcmoe-prod.aquaticinformatics.net/Report/Show/Snow.1C23P.Automated%20Snow%20Weather%20Station%20Graph/"},"geometry":{"type":"Point","coordinates":[-120.56057,52.74882]}},{"type":"Feature","id":"automated:1C29P","properties":{"station_id":"automated:1C29P","station_type":"automated","location_id":"1C29P","name":"Shovelnose Mountain","status":"Active","active":true,"elevation_m":1460,"operator":"BC ENV","camera_url":null,"basin_id":"4","source_object_id":92563,"source_record_id":21,"source_layer":"WHSE_WATER_MANAGEMENT.SSL_SNOW_ASWS_STNS_SP","data_explorer_url":"https://bcmoe-prod.aquaticinformatics.net/Data/Location/Summary/Location/1C29P/Interval/Latest","summary_report_url":null,"weekly_report_url":"https://bcmoe-prod.aquaticinformatics.net/Report/Show/Snow.1C29P.Weekly%20Report/","snow_water_equivalent_report_url":"https://bcmoe-prod.aquaticinformatics.net/Report/Show/Snow.1C29P.Automated%20Snow%20Weather%20Station%20Graph/"},"geometry":{"type":"Point","coordinates":[-120.862891,49.855951]}},{"type":"Feature","id":"automated:1C32P","properties":{"station_id":"automated:1C32P","station_type":"automated","location_id":"1C32P","name":"Deadman River","status":"Active","active":true,"elevation_m":1460,"operator":"BC ENV","camera_url":null,"basin_id":"4","source_object_id":92564,"source_record_id":22,"source_layer":"WHSE_WATER_MANAGEMENT.SSL_SNOW_ASWS_STNS_SP","data_explorer_url":"https://bcmoe-prod.aquaticinformatics.net/Data/Location/Summary/Location/1C32P/Interval/Latest","summary_report_url":null,"weekly_report_url":"https://bcmoe-prod.aquaticinformatics.net/Report/Show/Snow.1C32P.Weekly%20Report/","snow_water_equivalent_report_url":"https://bcmoe-prod.aquaticinformatics.net/Report/Show/Snow.1C32P.Automated%20Snow%20Weather%20Station%20Graph/"},"geometry":{"type":"Point","coordinates":[-120.609694,51.098512]}},{"type":"Feature","id":"automated:1C38P","properties":{"station_id":"automated:1C38P","station_type":"automated","location_id":"1C38P","name":"Downton Lake Upper","status":"Active","active":true,"elevation_m":1829,"operator":"BC Hydro","camera_url":"https://pvs.nupointsystems.com/latest.php?pass=%F3%CDJ7%F6uq%AD%F4%CB%8A4%F0%0Bq%AD%F2uq%2C%F7u%094%04%00","basin_id":"4","source_object_id":92565,"source_record_id":23,"source_layer":"WHSE_WATER_MANAGEMENT.SSL_SNOW_ASWS_STNS_SP","data_explorer_url":"https://bcmoe-prod.aquaticinformatics.net/Data/Location/Summary/Location/1C38P/Interval/Latest","summary_report_url":null,"weekly_report_url":"https://bcmoe-prod.aquaticinformatics.net/Report/Show/Snow.1C38P.Weekly%20Report/","snow_water_equivalent_report_url":"https://bcmoe-prod.aquaticinformatics.net/Report/Show/Snow.1C38P.Automated%20Snow%20Weather%20Station%20Graph/"},"geometry":{"type":"Point","coordinates":[-123.1836333,50.8597917]}},{"type":"Feature","id":"automated:1C40P","properties":{"station_id":"automated:1C40P","station_type":"automated","location_id":"1C40P","name":"North Tyaughton","status":"Active","active":true,"elevation_m":1969,"operator":"BC Hydro","camera_url":null,"basin_id":"4","source_object_id":92566,"source_record_id":24,"source_layer":"WHSE_WATER_MANAGEMENT.SSL_SNOW_ASWS_STNS_SP","data_explorer_url":"https://bcmoe-prod.aquaticinformatics.net/Data/Location/Summary/Location/1C40P/Interval/Latest","summary_report_url":null,"weekly_report_url":"https://bcmoe-prod.aquaticinformatics.net/Report/Show/Snow.1C40P.Weekly%20Report/","snow_water_equivalent_report_url":"https://bcmoe-prod.aquaticinformatics.net/Report/Show/Snow.1C40P.Automated%20Snow%20Weather%20Station%20Graph/"},"geometry":{"type":"Point","coordinates":[-122.7937528,51.147525]}},{"type":"Feature","id":"automated:1C41P","properties":{"station_id":"automated:1C41P","station_type":"automated","location_id":"1C41P","name":"Yanks Peak","status":"Active","active":true,"elevation_m":1670,"operator":"BC ENV","camera_url":null,"basin_id":"4","source_object_id":92567,"source_record_id":25,"source_layer":"WHSE_WATER_MANAGEMENT.SSL_SNOW_ASWS_STNS_SP","data_explorer_url":"https://bcmoe-prod.aquaticinformatics.net/Data/Location/Summary/Location/1C41P/Interval/Latest","summary_report_url":null,"weekly_report_url":"https://bcmoe-prod.aquaticinformatics.net/Report/Show/Snow.1C41P.Weekly%20Report/","snow_water_equivalent_report_url":"https://bcmoe-prod.aquaticinformatics.net/Report/Show/Snow.1C41P.Automated%20Snow%20Weather%20Station%20Graph/"},"geometry":{"type":"Point","coordinates":[-121.35564,52.83201]}},{"type":"Feature","id":"automated:1C43P","properties":{"station_id":"automated:1C43P","station_type":"automated","location_id":"1C43P","name":"Bridge Glacier Proglacial Lake","status":"Active","active":true,"elevation_m":1505,"operator":"BC Hydro","camera_url":null,"basin_id":"4","source_object_id":92568,"source_record_id":26,"source_layer":"WHSE_WATER_MANAGEMENT.SSL_SNOW_ASWS_STNS_SP","data_explorer_url":"https://bcmoe-prod.aquaticinformatics.net/Data/Location/Summary/Location/1C43P/Interval/Latest","summary_report_url":null,"weekly_report_url":"https://bcmoe-prod.aquaticinformatics.net/Report/Show/Snow.1C43P.Weekly%20Report/","snow_water_equivalent_report_url":"https://bcmoe-prod.aquaticinformatics.net/Report/Show/Snow.1C43P.Automated%20Snow%20Weather%20Station%20Graph/"},"geometry":{"type":"Point","coordinates":[-123.486422,50.831492]}},{"type":"Feature","id":"automated:1C44P","properties":{"station_id":"automated:1C44P","station_type":"automated","location_id":"1C44P","name":"Paradise Lake","status":"Active","active":true,"elevation_m":1640,"operator":"BC ENV","camera_url":null,"basin_id":"4","source_object_id":92569,"source_record_id":27,"source_layer":"WHSE_WATER_MANAGEMENT.SSL_SNOW_ASWS_STNS_SP","data_explorer_url":"https://bcmoe-prod.aquaticinformatics.net/Data/Location/Summary/Location/1C44P/Interval/Latest","summary_report_url":null,"weekly_report_url":"https://bcmoe-prod.aquaticinformatics.net/Report/Show/Snow.1C44P.Weekly%20Report/","snow_water_equivalent_report_url":"https://bcmoe-prod.aquaticinformatics.net/Report/Show/Snow.1C44P.Automated%20Snow%20Weather%20Station%20Graph/"},"geometry":{"type":"Point","coordinates":[-120.282278,49.948639]}},{"type":"Feature","id":"automated:1C45P","properties":{"station_id":"automated:1C45P","station_type":"automated","location_id":"1C45P","name":"July Mountain","status":"Active","active":true,"elevation_m":1860,"operator":"BC ENV","camera_url":null,"basin_id":"4","source_object_id":92570,"source_record_id":28,"source_layer":"WHSE_WATER_MANAGEMENT.SSL_SNOW_ASWS_STNS_SP","data_explorer_url":"https://bcmoe-prod.aquaticinformatics.net/Data/Location/Summary/Location/1C45P/Interval/Latest","summary_report_url":null,"weekly_report_url":"https://bcmoe-prod.aquaticinformatics.net/Report/Show/Snow.1C45P.Weekly%20Report/","snow_water_equivalent_report_url":"https://bcmoe-prod.aquaticinformatics.net/Report/Show/Snow.1C45P.Automated%20Snow%20Weather%20Station%20Graph/"},"geometry":{"type":"Point","coordinates":[-121.085472,49.707639]}},{"type":"Feature","id":"automated:1D06P","properties":{"station_id":"automated:1D06P","station_type":"automated","location_id":"1D06P","name":"Tenquille Lake","status":"Active","active":true,"elevation_m":1680,"operator":"BC ENV","camera_url":null,"basin_id":"5","source_object_id":92571,"source_record_id":29,"source_layer":"WHSE_WATER_MANAGEMENT.SSL_SNOW_ASWS_STNS_SP","data_explorer_url":"https://bcmoe-prod.aquaticinformatics.net/Data/Location/Summary/Location/1D06P/Interval/Latest","summary_report_url":null,"weekly_report_url":"https://bcmoe-prod.aquaticinformatics.net/Report/Show/Snow.1D06P.Weekly%20Report/","snow_water_equivalent_report_url":"https://bcmoe-prod.aquaticinformatics.net/Report/Show/Snow.1D06P.Automated%20Snow%20Weather%20Station%20Graph/"},"geometry":{"type":"Point","coordinates":[-122.92996,50.53625]}},{"type":"Feature","id":"automated:1D08P","properties":{"station_id":"automated:1D08P","station_type":"automated","location_id":"1D08P","name":"Lamont Creek Upper","status":"Active","active":true,"elevation_m":1208,"operator":"BC Hydro","camera_url":null,"basin_id":"5","source_object_id":92572,"source_record_id":30,"source_layer":"WHSE_WATER_MANAGEMENT.SSL_SNOW_ASWS_STNS_SP","data_explorer_url":"https://bcmoe-prod.aquaticinformatics.net/Data/Location/Summary/Location/1D08P/Interval/Latest","summary_report_url":null,"weekly_report_url":"https://bcmoe-prod.aquaticinformatics.net/Report/Show/Snow.1D08P.Weekly%20Report/","snow_water_equivalent_report_url":"https://bcmoe-prod.aquaticinformatics.net/Report/Show/Snow.1D08P.Automated%20Snow%20Weather%20Station%20Graph/"},"geometry":{"type":"Point","coordinates":[-122.314283,49.581909]}},{"type":"Feature","id":"automated:1D09P","properties":{"station_id":"automated:1D09P","station_type":"automated","location_id":"1D09P","name":"Wahleach Lake","status":"Active","active":true,"elevation_m":1480,"operator":"BC Hydro","camera_url":null,"basin_id":"5","source_object_id":92573,"source_record_id":31,"source_layer":"WHSE_WATER_MANAGEMENT.SSL_SNOW_ASWS_STNS_SP","data_explorer_url":"https://bcmoe-prod.aquaticinformatics.net/Data/Location/Summary/Location/1D09P/Interval/Latest","summary_report_url":null,"weekly_report_url":"https://bcmoe-prod.aquaticinformatics.net/Report/Show/Snow.1D09P.Weekly%20Report/","snow_water_equivalent_report_url":"https://bcmoe-prod.aquaticinformatics.net/Report/Show/Snow.1D09P.Automated%20Snow%20Weather%20Station%20Graph/"},"geometry":{"type":"Point","coordinates":[-121.5798833,49.23275]}},{"type":"Feature","id":"automated:1D11P","properties":{"station_id":"automated:1D11P","station_type":"automated","location_id":"1D11P","name":"Boston Bar Creek (Upper)","status":"Inactive","active":false,"elevation_m":1340,"operator":"BC ENV","camera_url":null,"basin_id":"5","source_object_id":92574,"source_record_id":32,"source_layer":"WHSE_WATER_MANAGEMENT.SSL_SNOW_ASWS_STNS_SP","data_explorer_url":"https://bcmoe-prod.aquaticinformatics.net/Data/Location/Summary/Location/1D11P/Interval/Latest","summary_report_url":null,"weekly_report_url":"https://bcmoe-prod.aquaticinformatics.net/Report/Show/Snow.1D11P.Weekly%20Report/","snow_water_equivalent_report_url":"https://bcmoe-prod.aquaticinformatics.net/Report/Show/Snow.1D11P.Automated%20Snow%20Weather%20Station%20Graph/"},"geometry":{"type":"Point","coordinates":[-121.216667,49.58333]}},{"type":"Feature","id":"automated:1D12P","properties":{"station_id":"automated:1D12P","station_type":"automated","location_id":"1D12P","name":"Boston Bar Creek (Lower)","status":"Inactive","active":false,"elevation_m":1230,"operator":"BC ENV","camera_url":null,"basin_id":"5","source_object_id":92575,"source_record_id":33,"source_layer":"WHSE_WATER_MANAGEMENT.SSL_SNOW_ASWS_STNS_SP","data_explorer_url":"https://bcmoe-prod.aquaticinformatics.net/Data/Location/Summary/Location/1D12P/Interval/Latest","summary_report_url":null,"weekly_report_url":"https://bcmoe-prod.aquaticinformatics.net/Report/Show/Snow.1D12P.Weekly%20Report/","snow_water_equivalent_report_url":"https://bcmoe-prod.aquaticinformatics.net/Report/Show/Snow.1D12P.Automated%20Snow%20Weather%20Station%20Graph/"},"geometry":{"type":"Point","coordinates":[-121.116667,49.6]}},{"type":"Feature","id":"automated:1D14P","properties":{"station_id":"automated:1D14P","station_type":"automated","location_id":"1D14P","name":"Ottomite Mountain","status":"Inactive","active":false,"elevation_m":1460,"operator":"BC ENV","camera_url":null,"basin_id":"13","source_object_id":92576,"source_record_id":34,"source_layer":"WHSE_WATER_MANAGEMENT.SSL_SNOW_ASWS_STNS_SP","data_explorer_url":"https://bcmoe-prod.aquaticinformatics.net/Data/Location/Summary/Location/1D14P/Interval/Latest","summary_report_url":null,"weekly_report_url":"https://bcmoe-prod.aquaticinformatics.net/Report/Show/Snow.1D14P.Weekly%20Report/","snow_water_equivalent_report_url":"https://bcmoe-prod.aquaticinformatics.net/Report/Show/Snow.1D14P.Automated%20Snow%20Weather%20Station%20Graph/"},"geometry":{"type":"Point","coordinates":[-120.15,49.6]}},{"type":"Feature","id":"automated:1D15P","properties":{"station_id":"automated:1D15P","station_type":"automated","location_id":"1D15P","name":"Great Bear","status":"Inactive","active":false,"elevation_m":1660,"operator":"BC ENV","camera_url":null,"basin_id":"5","source_object_id":93121,"source_record_id":35,"source_layer":"WHSE_WATER_MANAGEMENT.SSL_SNOW_ASWS_STNS_SP","data_explorer_url":"https://bcmoe-prod.aquaticinformatics.net/Data/Location/Summary/Location/1D15P/Interval/Latest","summary_report_url":null,"weekly_report_url":"https://bcmoe-prod.aquaticinformatics.net/Report/Show/Snow.1D15P.Weekly%20Report/","snow_water_equivalent_report_url":"https://bcmoe-prod.aquaticinformatics.net/Report/Show/Snow.1D15P.Automated%20Snow%20Weather%20Station%20Graph/"},"geometry":{"type":"Point","coordinates":[-121.107109,49.486042]}},{"type":"Feature","id":"automated:1D16P","properties":{"station_id":"automated:1D16P","station_type":"automated","location_id":"1D16P","name":"Dickson Lake","status":"Active","active":true,"elevation_m":1155,"operator":"BC Hydro","camera_url":null,"basin_id":"5","source_object_id":93122,"source_record_id":36,"source_layer":"WHSE_WATER_MANAGEMENT.SSL_SNOW_ASWS_STNS_SP","data_explorer_url":"https://bcmoe-prod.aquaticinformatics.net/Data/Location/Summary/Location/1D16P/Interval/Latest","summary_report_url":null,"weekly_report_url":"https://bcmoe-prod.aquaticinformatics.net/Report/Show/Snow.1D16P.Weekly%20Report/","snow_water_equivalent_report_url":"https://bcmoe-prod.aquaticinformatics.net/Report/Show/Snow.1D16P.Automated%20Snow%20Weather%20Station%20Graph/"},"geometry":{"type":"Point","coordinates":[-122.0696495,49.31670436]}},{"type":"Feature","id":"automated:1D17P","properties":{"station_id":"automated:1D17P","station_type":"automated","location_id":"1D17P","name":"Chilliwack River","status":"Active","active":true,"elevation_m":1620,"operator":"BC ENV","camera_url":null,"basin_id":"5","source_object_id":93123,"source_record_id":37,"source_layer":"WHSE_WATER_MANAGEMENT.SSL_SNOW_ASWS_STNS_SP","data_explorer_url":"https://bcmoe-prod.aquaticinformatics.net/Data/Location/Summary/Location/1D17P/Interval/Latest","summary_report_url":null,"weekly_report_url":"https://bcmoe-prod.aquaticinformatics.net/Report/Show/Snow.1D17P.Weekly%20Report/","snow_water_equivalent_report_url":"https://bcmoe-prod.aquaticinformatics.net/Report/Show/Snow.1D17P.Automated%20Snow%20Weather%20Station%20Graph/"},"geometry":{"type":"Point","coordinates":[-121.7121,49.0315]}},{"type":"Feature","id":"automated:1D18P","properties":{"station_id":"automated:1D18P","station_type":"automated","location_id":"1D18P","name":"Disappointment Lake","status":"Active","active":true,"elevation_m":1050,"operator":"Metro Vancouver","camera_url":null,"basin_id":"5","source_object_id":93124,"source_record_id":38,"source_layer":"WHSE_WATER_MANAGEMENT.SSL_SNOW_ASWS_STNS_SP","data_explorer_url":"https://bcmoe-prod.aquaticinformatics.net/Data/Location/Summary/Location/1D18P/Interval/Latest","summary_report_url":null,"weekly_report_url":"https://bcmoe-prod.aquaticinformatics.net/Report/Show/Snow.1D18P.Weekly%20Report/","snow_water_equivalent_report_url":"https://bcmoe-prod.aquaticinformatics.net/Report/Show/Snow.1D18P.Automated%20Snow%20Weather%20Station%20Graph/"},"geometry":{"type":"Point","coordinates":[-122.758333,49.555]}},{"type":"Feature","id":"automated:1D19P","properties":{"station_id":"automated:1D19P","station_type":"automated","location_id":"1D19P","name":"Spuzzum","status":"Active","active":true,"elevation_m":1180,"operator":"BC ENV","camera_url":null,"basin_id":"5","source_object_id":93125,"source_record_id":39,"source_layer":"WHSE_WATER_MANAGEMENT.SSL_SNOW_ASWS_STNS_SP","data_explorer_url":"https://bcmoe-prod.aquaticinformatics.net/Data/Location/Summary/Location/1D19P/Interval/Latest","summary_report_url":null,"weekly_report_url":"https://bcmoe-prod.aquaticinformatics.net/Report/Show/Snow.1D19P.Weekly%20Report/","snow_water_equivalent_report_url":"https://bcmoe-prod.aquaticinformatics.net/Report/Show/Snow.1D19P.Automated%20Snow%20Weather%20Station%20Graph/"},"geometry":{"type":"Point","coordinates":[-121.660835,49.660831]}},{"type":"Feature","id":"automated:1E02P","properties":{"station_id":"automated:1E02P","station_type":"automated","location_id":"1E02P","name":"Mount Cook","status":"Active","active":true,"elevation_m":1570,"operator":"BC ENV","camera_url":null,"basin_id":"6","source_object_id":93126,"source_record_id":40,"source_layer":"WHSE_WATER_MANAGEMENT.SSL_SNOW_ASWS_STNS_SP","data_explorer_url":"https://bcmoe-prod.aquaticinformatics.net/Data/Location/Summary/Location/1E02P/Interval/Latest","summary_report_url":null,"weekly_report_url":"https://bcmoe-prod.aquaticinformatics.net/Report/Show/Snow.1E02P.Weekly%20Report/","snow_water_equivalent_report_url":"https://bcmoe-prod.aquaticinformatics.net/Report/Show/Snow.1E02P.Automated%20Snow%20Weather%20Station%20Graph/"},"geometry":{"type":"Point","coordinates":[-119.3227,52.18214]}},{"type":"Feature","id":"automated:1E03AP","properties":{"station_id":"automated:1E03AP","station_type":"automated","location_id":"1E03AP","name":"Trophy Mountain","status":"Active","active":true,"elevation_m":1880,"operator":"BC ENV","camera_url":null,"basin_id":"6","source_object_id":93127,"source_record_id":41,"source_layer":"WHSE_WATER_MANAGEMENT.SSL_SNOW_ASWS_STNS_SP","data_explorer_url":"https://bcmoe-prod.aquaticinformatics.net/Data/Location/Summary/Location/1E03AP/Interval/Latest","summary_report_url":null,"weekly_report_url":"https://bcmoe-prod.aquaticinformatics.net/Report/Show/Snow.1E03AP.Weekly%20Report/","snow_water_equivalent_report_url":"https://bcmoe-prod.aquaticinformatics.net/Report/Show/Snow.1E03AP.Automated%20Snow%20Weather%20Station%20Graph/"},"geometry":{"type":"Point","coordinates":[-119.940639,51.808369]}},{"type":"Feature","id":"automated:1E08P","properties":{"station_id":"automated:1E08P","station_type":"automated","location_id":"1E08P","name":"Azure River","status":"Active","active":true,"elevation_m":1640,"operator":"BC ENV","camera_url":null,"basin_id":"6","source_object_id":93128,"source_record_id":42,"source_layer":"WHSE_WATER_MANAGEMENT.SSL_SNOW_ASWS_STNS_SP","data_explorer_url":"https://bcmoe-prod.aquaticinformatics.net/Data/Location/Summary/Location/1E08P/Interval/Latest","summary_report_url":null,"weekly_report_url":"https://bcmoe-prod.aquaticinformatics.net/Report/Show/Snow.1E08P.Weekly%20Report/","snow_water_equivalent_report_url":"https://bcmoe-prod.aquaticinformatics.net/Report/Show/Snow.1E08P.Automated%20Snow%20Weather%20Station%20Graph/"},"geometry":{"type":"Point","coordinates":[-119.722694,52.595917]}},{"type":"Feature","id":"automated:1E10P","properties":{"station_id":"automated:1E10P","station_type":"automated","location_id":"1E10P","name":"Kostal Lake","status":"Active","active":true,"elevation_m":1770,"operator":"BC ENV","camera_url":null,"basin_id":"6","source_object_id":93129,"source_record_id":43,"source_layer":"WHSE_WATER_MANAGEMENT.SSL_SNOW_ASWS_STNS_SP","data_explorer_url":"https://bcmoe-prod.aquaticinformatics.net/Data/Location/Summary/Location/1E10P/Interval/Latest","summary_report_url":null,"weekly_report_url":"https://bcmoe-prod.aquaticinformatics.net/Report/Show/Snow.1E10P.Weekly%20Report/","snow_water_equivalent_report_url":"https://bcmoe-prod.aquaticinformatics.net/Report/Show/Snow.1E10P.Automated%20Snow%20Weather%20Station%20Graph/"},"geometry":{"type":"Point","coordinates":[-120.016944,52.203334]}},{"type":"Feature","id":"automated:1E11P","properties":{"station_id":"automated:1E11P","station_type":"automated","location_id":"1E11P","name":"Mt St Anne","status":"Inactive","active":false,"elevation_m":1780,"operator":"BC ENV","camera_url":null,"basin_id":"6","source_object_id":93130,"source_record_id":44,"source_layer":"WHSE_WATER_MANAGEMENT.SSL_SNOW_ASWS_STNS_SP","data_explorer_url":"https://bcmoe-prod.aquaticinformatics.net/Data/Location/Summary/Location/1E11P/Interval/Latest","summary_report_url":null,"weekly_report_url":"https://bcmoe-prod.aquaticinformatics.net/Report/Show/Snow.1E11P.Weekly%20Report/","snow_water_equivalent_report_url":"https://bcmoe-prod.aquaticinformatics.net/Report/Show/Snow.1E11P.Automated%20Snow%20Weather%20Station%20Graph/"},"geometry":{"type":"Point","coordinates":[-119.233333,52.266667]}},{"type":"Feature","id":"automated:1E14P","properties":{"station_id":"automated:1E14P","station_type":"automated","location_id":"1E14P","name":"Cook Creek","status":"Active","active":true,"elevation_m":1280,"operator":"BC ENV","camera_url":null,"basin_id":"6","source_object_id":93131,"source_record_id":45,"source_layer":"WHSE_WATER_MANAGEMENT.SSL_SNOW_ASWS_STNS_SP","data_explorer_url":"https://bcmoe-prod.aquaticinformatics.net/Data/Location/Summary/Location/1E14P/Interval/Latest","summary_report_url":null,"weekly_report_url":"https://bcmoe-prod.aquaticinformatics.net/Report/Show/Snow.1E14P.Weekly%20Report/","snow_water_equivalent_report_url":"https://bcmoe-prod.aquaticinformatics.net/Report/Show/Snow.1E14P.Automated%20Snow%20Weather%20Station%20Graph/"},"geometry":{"type":"Point","coordinates":[-119.303888,52.167777]}},{"type":"Feature","id":"automated:1F03P","properties":{"station_id":"automated:1F03P","station_type":"automated","location_id":"1F03P","name":"Park Mountain","status":"Active","active":true,"elevation_m":1890,"operator":"BC ENV","camera_url":null,"basin_id":"7","source_object_id":93132,"source_record_id":46,"source_layer":"WHSE_WATER_MANAGEMENT.SSL_SNOW_ASWS_STNS_SP","data_explorer_url":"https://bcmoe-prod.aquaticinformatics.net/Data/Location/Summary/Location/1F03P/Interval/Latest","summary_report_url":null,"weekly_report_url":"https://bcmoe-prod.aquaticinformatics.net/Report/Show/Snow.1F03P.Weekly%20Report/","snow_water_equivalent_report_url":"https://bcmoe-prod.aquaticinformatics.net/Report/Show/Snow.1F03P.Automated%20Snow%20Weather%20Station%20Graph/"},"geometry":{"type":"Point","coordinates":[-118.61856,50.44961]}},{"type":"Feature","id":"automated:1F04P","properties":{"station_id":"automated:1F04P","station_type":"automated","location_id":"1F04P","name":"Enderby","status":"Active","active":true,"elevation_m":1950,"operator":"BC ENV","camera_url":"https://pvs.nupointsystems.com/latest.php?pass=%F3uq%2C%F7%85c%D7%2A0%9D%E5X%0E%00","basin_id":"7","source_object_id":93133,"source_record_id":47,"source_layer":"WHSE_WATER_MANAGEMENT.SSL_SNOW_ASWS_STNS_SP","data_explorer_url":"https://bcmoe-prod.aquaticinformatics.net/Data/Location/Summary/Location/1F04P/Interval/Latest","summary_report_url":null,"weekly_report_url":"https://bcmoe-prod.aquaticinformatics.net/Report/Show/Snow.1F04P.Weekly%20Report/","snow_water_equivalent_report_url":"https://bcmoe-prod.aquaticinformatics.net/Report/Show/Snow.1F04P.Automated%20Snow%20Weather%20Station%20Graph/"},"geometry":{"type":"Point","coordinates":[-118.926903,50.653025]}},{"type":"Feature","id":"automated:1F04P2","properties":{"station_id":"automated:1F04P2","station_type":"automated","location_id":"1F04P2","name":"Enderby Tower 2","status":"Inactive","active":false,"elevation_m":1950,"operator":"BC ENV","camera_url":null,"basin_id":"7","source_object_id":93134,"source_record_id":48,"source_layer":"WHSE_WATER_MANAGEMENT.SSL_SNOW_ASWS_STNS_SP","data_explorer_url":"https://bcmoe-prod.aquaticinformatics.net/Data/Location/Summary/Location/1F04P2/Interval/Latest","summary_report_url":null,"weekly_report_url":"https://bcmoe-prod.aquaticinformatics.net/Report/Show/Snow.1F04P2.Weekly%20Report/","snow_water_equivalent_report_url":"https://bcmoe-prod.aquaticinformatics.net/Report/Show/Snow.1F04P2.Automated%20Snow%20Weather%20Station%20Graph/"},"geometry":{"type":"Point","coordinates":[-118.926903,50.653025]}},{"type":"Feature","id":"automated:1F06P","properties":{"station_id":"automated:1F06P","station_type":"automated","location_id":"1F06P","name":"Celista","status":"Active","active":true,"elevation_m":1500,"operator":"BC ENV","camera_url":null,"basin_id":"7","source_object_id":93135,"source_record_id":49,"source_layer":"WHSE_WATER_MANAGEMENT.SSL_SNOW_ASWS_STNS_SP","data_explorer_url":"https://bcmoe-prod.aquaticinformatics.net/Data/Location/Summary/Location/1F06P/Interval/Latest","summary_report_url":null,"weekly_report_url":"https://bcmoe-prod.aquaticinformatics.net/Report/Show/Snow.1F06P.Weekly%20Report/","snow_water_equivalent_report_url":"https://bcmoe-prod.aquaticinformatics.net/Report/Show/Snow.1F06P.Automated%20Snow%20Weather%20Station%20Graph/"},"geometry":{"type":"Point","coordinates":[-118.986,51.405917]}},{"type":"Feature","id":"automated:2A06P","properties":{"station_id":"automated:2A06P","station_type":"automated","location_id":"2A06P","name":"Mount Revelstoke","status":"Active","active":true,"elevation_m":1850,"operator":"BC Hydro","camera_url":null,"basin_id":"8","source_object_id":93136,"source_record_id":50,"source_layer":"WHSE_WATER_MANAGEMENT.SSL_SNOW_ASWS_STNS_SP","data_explorer_url":"https://bcmoe-prod.aquaticinformatics.net/Data/Location/Summary/Location/2A06P/Interval/Latest","summary_report_url":null,"weekly_report_url":"https://bcmoe-prod.aquaticinformatics.net/Report/Show/Snow.2A06P.Weekly%20Report/","snow_water_equivalent_report_url":"https://bcmoe-prod.aquaticinformatics.net/Report/Show/Snow.2A06P.Automated%20Snow%20Weather%20Station%20Graph/"},"geometry":{"type":"Point","coordinates":[-118.1516028,51.0363417]}},{"type":"Feature","id":"automated:2A17P","properties":{"station_id":"automated:2A17P","station_type":"automated","location_id":"2A17P","name":"Fidelity Mountain","status":"Inactive","active":false,"elevation_m":1874,"operator":"BC ENV","camera_url":null,"basin_id":"8","source_object_id":93137,"source_record_id":51,"source_layer":"WHSE_WATER_MANAGEMENT.SSL_SNOW_ASWS_STNS_SP","data_explorer_url":"https://bcmoe-prod.aquaticinformatics.net/Data/Location/Summary/Location/2A17P/Interval/Latest","summary_report_url":null,"weekly_report_url":"https://bcmoe-prod.aquaticinformatics.net/Report/Show/Snow.2A17P.Weekly%20Report/","snow_water_equivalent_report_url":"https://bcmoe-prod.aquaticinformatics.net/Report/Show/Snow.2A17P.Automated%20Snow%20Weather%20Station%20Graph/"},"geometry":{"type":"Point","coordinates":[-117.716667,51.233333]}},{"type":"Feature","id":"automated:2A18P","properties":{"station_id":"automated:2A18P","station_type":"automated","location_id":"2A18P","name":"Keystone Creek","status":"Active","active":true,"elevation_m":1840,"operator":"BC Hydro","camera_url":null,"basin_id":"8","source_object_id":93138,"source_record_id":52,"source_layer":"WHSE_WATER_MANAGEMENT.SSL_SNOW_ASWS_STNS_SP","data_explorer_url":"https://bcmoe-prod.aquaticinformatics.net/Data/Location/Summary/Location/2A18P/Interval/Latest","summary_report_url":null,"weekly_report_url":"https://bcmoe-prod.aquaticinformatics.net/Report/Show/Snow.2A18P.Weekly%20Report/","snow_water_equivalent_report_url":"https://bcmoe-prod.aquaticinformatics.net/Report/Show/Snow.2A18P.Automated%20Snow%20Weather%20Station%20Graph/"},"geometry":{"type":"Point","coordinates":[-118.3606556,51.4112889]}},{"type":"Feature","id":"automated:2A21P","properties":{"station_id":"automated:2A21P","station_type":"automated","location_id":"2A21P","name":"Molson Creek","status":"Active","active":true,"elevation_m":1935,"operator":"BC Hydro","camera_url":null,"basin_id":"8","source_object_id":93139,"source_record_id":53,"source_layer":"WHSE_WATER_MANAGEMENT.SSL_SNOW_ASWS_STNS_SP","data_explorer_url":"https://bcmoe-prod.aquaticinformatics.net/Data/Location/Summary/Location/2A21P/Interval/Latest","summary_report_url":null,"weekly_report_url":"https://bcmoe-prod.aquaticinformatics.net/Report/Show/Snow.2A21P.Weekly%20Report/","snow_water_equivalent_report_url":"https://bcmoe-prod.aquaticinformatics.net/Report/Show/Snow.2A21P.Automated%20Snow%20Weather%20Station%20Graph/"},"geometry":{"type":"Point","coordinates":[-118.2258333,52.2205556]}},{"type":"Feature","id":"automated:2A27P","properties":{"station_id":"automated:2A27P","station_type":"automated","location_id":"2A27P","name":"Downie Slide Lower","status":"Active","active":true,"elevation_m":965,"operator":"BC Hydro","camera_url":null,"basin_id":"8","source_object_id":93140,"source_record_id":54,"source_layer":"WHSE_WATER_MANAGEMENT.SSL_SNOW_ASWS_STNS_SP","data_explorer_url":"https://bcmoe-prod.aquaticinformatics.net/Data/Location/Summary/Location/2A27P/Interval/Latest","summary_report_url":null,"weekly_report_url":"https://bcmoe-prod.aquaticinformatics.net/Report/Show/Snow.2A27P.Weekly%20Report/","snow_water_equivalent_report_url":"https://bcmoe-prod.aquaticinformatics.net/Report/Show/Snow.2A27P.Automated%20Snow%20Weather%20Station%20Graph/"},"geometry":{"type":"Point","coordinates":[-118.529865,51.511984]}},{"type":"Feature","id":"automated:2A30P","properties":{"station_id":"automated:2A30P","station_type":"automated","location_id":"2A30P","name":"Colpitti Creek","status":"Active","active":true,"elevation_m":2131,"operator":"BC Hydro","camera_url":null,"basin_id":"8","source_object_id":93141,"source_record_id":55,"source_layer":"WHSE_WATER_MANAGEMENT.SSL_SNOW_ASWS_STNS_SP","data_explorer_url":"https://bcmoe-prod.aquaticinformatics.net/Data/Location/Summary/Location/2A30P/Interval/Latest","summary_report_url":null,"weekly_report_url":"https://bcmoe-prod.aquaticinformatics.net/Report/Show/Snow.2A30P.Weekly%20Report/","snow_water_equivalent_report_url":"https://bcmoe-prod.aquaticinformatics.net/Report/Show/Snow.2A30P.Automated%20Snow%20Weather%20Station%20Graph/"},"geometry":{"type":"Point","coordinates":[-117.6108611,51.6077222]}},{"type":"Feature","id":"automated:2A31P","properties":{"station_id":"automated:2A31P","station_type":"automated","location_id":"2A31P","name":"Caribou Creek","status":"Active","active":true,"elevation_m":2201,"operator":"BC Hydro","camera_url":"https://pvs.nupointsystems.com/latest.php?pass=%F3%CB%0A-%F7%0FI6%F2%CDr%AD%F2sq%AD%F2uq%2C%F7u%F15%04%00","basin_id":"8","source_object_id":93142,"source_record_id":56,"source_layer":"WHSE_WATER_MANAGEMENT.SSL_SNOW_ASWS_STNS_SP","data_explorer_url":"https://bcmoe-prod.aquaticinformatics.net/Data/Location/Summary/Location/2A31P/Interval/Latest","summary_report_url":null,"weekly_report_url":"https://bcmoe-prod.aquaticinformatics.net/Report/Show/Snow.2A31P.Weekly%20Report/","snow_water_equivalent_report_url":"https://bcmoe-prod.aquaticinformatics.net/Report/Show/Snow.2A31P.Automated%20Snow%20Weather%20Station%20Graph/"},"geometry":{"type":"Point","coordinates":[-117.2284167,51.1090278]}},{"type":"Feature","id":"automated:2A32P","properties":{"station_id":"automated:2A32P","station_type":"automated","location_id":"2A32P","name":"Wildcat Creek","status":"Active","active":true,"elevation_m":2122,"operator":"BC Hydro","camera_url":null,"basin_id":"8","source_object_id":93143,"source_record_id":57,"source_layer":"WHSE_WATER_MANAGEMENT.SSL_SNOW_ASWS_STNS_SP","data_explorer_url":"https://bcmoe-prod.aquaticinformatics.net/Data/Location/Summary/Location/2A32P/Interval/Latest","summary_report_url":null,"weekly_report_url":"https://bcmoe-prod.aquaticinformatics.net/Report/Show/Snow.2A32P.Weekly%20Report/","snow_water_equivalent_report_url":"https://bcmoe-prod.aquaticinformatics.net/Report/Show/Snow.2A32P.Automated%20Snow%20Weather%20Station%20Graph/"},"geometry":{"type":"Point","coordinates":[-116.6294111,51.6963028]}},{"type":"Feature","id":"automated:2A33P","properties":{"station_id":"automated:2A33P","station_type":"automated","location_id":"2A33P","name":"Conrad Glacier","status":"Active","active":true,"elevation_m":2599,"operator":"BC Hydro","camera_url":null,"basin_id":"8","source_object_id":93144,"source_record_id":58,"source_layer":"WHSE_WATER_MANAGEMENT.SSL_SNOW_ASWS_STNS_SP","data_explorer_url":"https://bcmoe-prod.aquaticinformatics.net/Data/Location/Summary/Location/2A33P/Interval/Latest","summary_report_url":null,"weekly_report_url":"https://bcmoe-prod.aquaticinformatics.net/Report/Show/Snow.2A33P.Weekly%20Report/","snow_water_equivalent_report_url":null},"geometry":{"type":"Point","coordinates":[-116.93975,50.812033]}},{"type":"Feature","id":"automated:2A34P","properties":{"station_id":"automated:2A34P","station_type":"automated","location_id":"2A34P","name":"Glacier NP Rogers Pass Lower","status":"Active","active":true,"elevation_m":1182,"operator":"BC Hydro","camera_url":null,"basin_id":"8","source_object_id":93145,"source_record_id":59,"source_layer":"WHSE_WATER_MANAGEMENT.SSL_SNOW_ASWS_STNS_SP","data_explorer_url":"https://bcmoe-prod.aquaticinformatics.net/Data/Location/Summary/Location/2A34P/Interval/Latest","summary_report_url":null,"weekly_report_url":"https://bcmoe-prod.aquaticinformatics.net/Report/Show/Snow.2A34P.Weekly%20Report/","snow_water_equivalent_report_url":"https://bcmoe-prod.aquaticinformatics.net/Report/Show/Snow.2A34P.Automated%20Snow%20Weather%20Station%20Graph/"},"geometry":{"type":"Point","coordinates":[-117.509425,51.270116]}},{"type":"Feature","id":"automated:2A35P","properties":{"station_id":"automated:2A35P","station_type":"automated","location_id":"2A35P","name":"Fred Laing Lower","status":"Active","active":true,"elevation_m":577,"operator":"BC Hydro","camera_url":null,"basin_id":"8","source_object_id":93146,"source_record_id":60,"source_layer":"WHSE_WATER_MANAGEMENT.SSL_SNOW_ASWS_STNS_SP","data_explorer_url":"https://bcmoe-prod.aquaticinformatics.net/Data/Location/Summary/Location/2A35P/Interval/Latest","summary_report_url":null,"weekly_report_url":"https://bcmoe-prod.aquaticinformatics.net/Report/Show/Snow.2A35P.Weekly%20Report/","snow_water_equivalent_report_url":"https://bcmoe-prod.aquaticinformatics.net/Report/Show/Snow.2A35P.Automated%20Snow%20Weather%20Station%20Graph/"},"geometry":{"type":"Point","coordinates":[-118.58594,52.05381]}},{"type":"Feature","id":"automated:2B02AP","properties":{"station_id":"automated:2B02AP","station_type":"automated","location_id":"2B02AP","name":"Farron","status":"Active","active":true,"elevation_m":1230,"operator":"BC ENV","camera_url":null,"basin_id":"9","source_object_id":93147,"source_record_id":61,"source_layer":"WHSE_WATER_MANAGEMENT.SSL_SNOW_ASWS_STNS_SP","data_explorer_url":"https://bcmoe-prod.aquaticinformatics.net/Data/Location/Summary/Location/2B02AP/Interval/Latest","summary_report_url":null,"weekly_report_url":"https://bcmoe-prod.aquaticinformatics.net/Report/Show/Snow.2B02AP.Weekly%20Report/","snow_water_equivalent_report_url":"https://bcmoe-prod.aquaticinformatics.net/Report/Show/Snow.2B02AP.Automated%20Snow%20Weather%20Station%20Graph/"},"geometry":{"type":"Point","coordinates":[-118.13016,49.27017]}},{"type":"Feature","id":"automated:2B06P","properties":{"station_id":"automated:2B06P","station_type":"automated","location_id":"2B06P","name":"Barnes Creek","status":"Active","active":true,"elevation_m":1620,"operator":"BC Hydro","camera_url":null,"basin_id":"9","source_object_id":93148,"source_record_id":62,"source_layer":"WHSE_WATER_MANAGEMENT.SSL_SNOW_ASWS_STNS_SP","data_explorer_url":"https://bcmoe-prod.aquaticinformatics.net/Data/Location/Summary/Location/2B06P/Interval/Latest","summary_report_url":null,"weekly_report_url":"https://bcmoe-prod.aquaticinformatics.net/Report/Show/Snow.2B06P.Weekly%20Report/","snow_water_equivalent_report_url":"https://bcmoe-prod.aquaticinformatics.net/Report/Show/Snow.2B06P.Automated%20Snow%20Weather%20Station%20Graph/"},"geometry":{"type":"Point","coordinates":[-118.351122,50.068553]}},{"type":"Feature","id":"automated:2B08P","properties":{"station_id":"automated:2B08P","station_type":"automated","location_id":"2B08P","name":"St. Leon Creek","status":"Active","active":true,"elevation_m":1800,"operator":"BC Hydro","camera_url":null,"basin_id":"9","source_object_id":93149,"source_record_id":63,"source_layer":"WHSE_WATER_MANAGEMENT.SSL_SNOW_ASWS_STNS_SP","data_explorer_url":"https://bcmoe-prod.aquaticinformatics.net/Data/Location/Summary/Location/2B08P/Interval/Latest","summary_report_url":null,"weekly_report_url":"https://bcmoe-prod.aquaticinformatics.net/Report/Show/Snow.2B08P.Weekly%20Report/","snow_water_equivalent_report_url":"https://bcmoe-prod.aquaticinformatics.net/Report/Show/Snow.2B08P.Automated%20Snow%20Weather%20Station%20Graph/"},"geometry":{"type":"Point","coordinates":[-117.7012139,50.4341722]}},{"type":"Feature","id":"automated:2B10P","properties":{"station_id":"automated:2B10P","station_type":"automated","location_id":"2B10P","name":"Fauquier Water Treatment Plant","status":"Active","active":true,"elevation_m":519,"operator":"BC Hydro","camera_url":null,"basin_id":"9","source_object_id":93150,"source_record_id":64,"source_layer":"WHSE_WATER_MANAGEMENT.SSL_SNOW_ASWS_STNS_SP","data_explorer_url":"https://bcmoe-prod.aquaticinformatics.net/Data/Location/Summary/Location/2B10P/Interval/Latest","summary_report_url":null,"weekly_report_url":"https://bcmoe-prod.aquaticinformatics.net/Report/Show/Snow.2B10P.Weekly%20Report/","snow_water_equivalent_report_url":null},"geometry":{"type":"Point","coordinates":[-118.074228,49.864182]}},{"type":"Feature","id":"automated:2C09P","properties":{"station_id":"automated:2C09P","station_type":"automated","location_id":"2C09P","name":"Morrissey Ridge","status":"Inactive","active":false,"elevation_m":1860,"operator":"BC Hydro","camera_url":null,"basin_id":"10","source_object_id":93151,"source_record_id":65,"source_layer":"WHSE_WATER_MANAGEMENT.SSL_SNOW_ASWS_STNS_SP","data_explorer_url":"https://bcmoe-prod.aquaticinformatics.net/Data/Location/Summary/Location/2C09P/Interval/Latest","summary_report_url":null,"weekly_report_url":"https://bcmoe-prod.aquaticinformatics.net/Report/Show/Snow.2C09P.Weekly%20Report/","snow_water_equivalent_report_url":"https://bcmoe-prod.aquaticinformatics.net/Report/Show/Snow.2C09P.Automated%20Snow%20Weather%20Station%20Graph/"},"geometry":{"type":"Point","coordinates":[-114.973675,49.4470278]}},{"type":"Feature","id":"automated:2C09Q","properties":{"station_id":"automated:2C09Q","station_type":"automated","location_id":"2C09Q","name":"Morrissey Ridge","status":"Active","active":true,"elevation_m":1860,"operator":"BC Hydro","camera_url":null,"basin_id":"10","source_object_id":93152,"source_record_id":66,"source_layer":"WHSE_WATER_MANAGEMENT.SSL_SNOW_ASWS_STNS_SP","data_explorer_url":"https://bcmoe-prod.aquaticinformatics.net/Data/Location/Summary/Location/2C09Q/Interval/Latest","summary_report_url":null,"weekly_report_url":"https://bcmoe-prod.aquaticinformatics.net/Report/Show/Snow.2C09Q.Weekly%20Report/","snow_water_equivalent_report_url":"https://bcmoe-prod.aquaticinformatics.net/Report/Show/Snow.2C09Q.Automated%20Snow%20Weather%20Station%20Graph/"},"geometry":{"type":"Point","coordinates":[-114.975,49.447222]}},{"type":"Feature","id":"automated:2C10P","properties":{"station_id":"automated:2C10P","station_type":"automated","location_id":"2C10P","name":"Moyie Mountain","status":"Active","active":true,"elevation_m":1835,"operator":"BC Hydro","camera_url":null,"basin_id":"10","source_object_id":93153,"source_record_id":67,"source_layer":"WHSE_WATER_MANAGEMENT.SSL_SNOW_ASWS_STNS_SP","data_explorer_url":"https://bcmoe-prod.aquaticinformatics.net/Data/Location/Summary/Location/2C10P/Interval/Latest","summary_report_url":null,"weekly_report_url":"https://bcmoe-prod.aquaticinformatics.net/Report/Show/Snow.2C10P.Weekly%20Report/","snow_water_equivalent_report_url":"https://bcmoe-prod.aquaticinformatics.net/Report/Show/Snow.2C10P.Automated%20Snow%20Weather%20Station%20Graph/"},"geometry":{"type":"Point","coordinates":[-115.7739,49.2515]}},{"type":"Feature","id":"automated:2C14P","properties":{"station_id":"automated:2C14P","station_type":"automated","location_id":"2C14P","name":"Floe Lake","status":"Active","active":true,"elevation_m":2090,"operator":"BC Hydro","camera_url":null,"basin_id":"10","source_object_id":93154,"source_record_id":68,"source_layer":"WHSE_WATER_MANAGEMENT.SSL_SNOW_ASWS_STNS_SP","data_explorer_url":"https://bcmoe-prod.aquaticinformatics.net/Data/Location/Summary/Location/2C14P/Interval/Latest","summary_report_url":null,"weekly_report_url":"https://bcmoe-prod.aquaticinformatics.net/Report/Show/Snow.2C14P.Weekly%20Report/","snow_water_equivalent_report_url":"https://bcmoe-prod.aquaticinformatics.net/Report/Show/Snow.2C14P.Automated%20Snow%20Weather%20Station%20Graph/"},"geometry":{"type":"Point","coordinates":[-116.1371167,51.0599167]}},{"type":"Feature","id":"automated:2C17AP","properties":{"station_id":"automated:2C17AP","station_type":"automated","location_id":"2C17AP","name":"Thunder Creek","status":"Active","active":true,"elevation_m":1599,"operator":"BC Hydro","camera_url":null,"basin_id":"10","source_object_id":93155,"source_record_id":69,"source_layer":"WHSE_WATER_MANAGEMENT.SSL_SNOW_ASWS_STNS_SP","data_explorer_url":"https://bcmoe-prod.aquaticinformatics.net/Data/Location/Summary/Location/2C17AP/Interval/Latest","summary_report_url":null,"weekly_report_url":"https://bcmoe-prod.aquaticinformatics.net/Report/Show/Snow.2C17AP.Weekly%20Report/","snow_water_equivalent_report_url":"https://bcmoe-prod.aquaticinformatics.net/Report/Show/Snow.2C17AP.Automated%20Snow%20Weather%20Station%20Graph/"},"geometry":{"type":"Point","coordinates":[-115.267089,50.160831]}},{"type":"Feature","id":"automated:2C21P","properties":{"station_id":"automated:2C21P","station_type":"automated","location_id":"2C21P","name":"Fernie","status":"Active","active":true,"elevation_m":988,"operator":"BC Hydro","camera_url":null,"basin_id":"10","source_object_id":93156,"source_record_id":70,"source_layer":"WHSE_WATER_MANAGEMENT.SSL_SNOW_ASWS_STNS_SP","data_explorer_url":"https://bcmoe-prod.aquaticinformatics.net/Data/Location/Summary/Location/2C21P/Interval/Latest","summary_report_url":null,"weekly_report_url":"https://bcmoe-prod.aquaticinformatics.net/Report/Show/Snow.2C21P.Weekly%20Report/","snow_water_equivalent_report_url":null},"geometry":{"type":"Point","coordinates":[-115.0726111,49.48825]}},{"type":"Feature","id":"automated:2D05P","properties":{"station_id":"automated:2D05P","station_type":"automated","location_id":"2D05P","name":"Gray Creek Lower","status":"Active","active":true,"elevation_m":1650,"operator":"BC ENV","camera_url":null,"basin_id":"9","source_object_id":93157,"source_record_id":71,"source_layer":"WHSE_WATER_MANAGEMENT.SSL_SNOW_ASWS_STNS_SP","data_explorer_url":"https://bcmoe-prod.aquaticinformatics.net/Data/Location/Summary/Location/2D05P/Interval/Latest","summary_report_url":null,"weekly_report_url":"https://bcmoe-prod.aquaticinformatics.net/Report/Show/Snow.2D05P.Weekly%20Report/","snow_water_equivalent_report_url":"https://bcmoe-prod.aquaticinformatics.net/Report/Show/Snow.2D05P.Automated%20Snow%20Weather%20Station%20Graph/"},"geometry":{"type":"Point","coordinates":[-116.6788,49.61142]}},{"type":"Feature","id":"automated:2D07AP","properties":{"station_id":"automated:2D07AP","station_type":"automated","location_id":"2D07AP","name":"Duncan Lake Dam 2","status":"Active","active":true,"elevation_m":559,"operator":"BC Hydro","camera_url":null,"basin_id":"9","source_object_id":93158,"source_record_id":72,"source_layer":"WHSE_WATER_MANAGEMENT.SSL_SNOW_ASWS_STNS_SP","data_explorer_url":"https://bcmoe-prod.aquaticinformatics.net/Data/Location/Summary/Location/2D07AP/Interval/Latest","summary_report_url":null,"weekly_report_url":"https://bcmoe-prod.aquaticinformatics.net/Report/Show/Snow.2D07AP.Weekly%20Report/","snow_water_equivalent_report_url":"https://bcmoe-prod.aquaticinformatics.net/Report/Show/Snow.2D07AP.Automated%20Snow%20Weather%20Station%20Graph/"},"geometry":{"type":"Point","coordinates":[-116.971343,50.238723]}},{"type":"Feature","id":"automated:2D08P","properties":{"station_id":"automated:2D08P","station_type":"automated","location_id":"2D08P","name":"East Creek","status":"Active","active":true,"elevation_m":2030,"operator":"BC Hydro","camera_url":null,"basin_id":"9","source_object_id":93159,"source_record_id":73,"source_layer":"WHSE_WATER_MANAGEMENT.SSL_SNOW_ASWS_STNS_SP","data_explorer_url":"https://bcmoe-prod.aquaticinformatics.net/Data/Location/Summary/Location/2D08P/Interval/Latest","summary_report_url":null,"weekly_report_url":"https://bcmoe-prod.aquaticinformatics.net/Report/Show/Snow.2D08P.Weekly%20Report/","snow_water_equivalent_report_url":"https://bcmoe-prod.aquaticinformatics.net/Report/Show/Snow.2D08P.Automated%20Snow%20Weather%20Station%20Graph/"},"geometry":{"type":"Point","coordinates":[-116.9297333,50.6396]}},{"type":"Feature","id":"automated:2D10P","properties":{"station_id":"automated:2D10P","station_type":"automated","location_id":"2D10P","name":"Gray Creek Upper","status":"Active","active":true,"elevation_m":1930,"operator":"BC ENV","camera_url":null,"basin_id":"9","source_object_id":93160,"source_record_id":74,"source_layer":"WHSE_WATER_MANAGEMENT.SSL_SNOW_ASWS_STNS_SP","data_explorer_url":"https://bcmoe-prod.aquaticinformatics.net/Data/Location/Summary/Location/2D10P/Interval/Latest","summary_report_url":null,"weekly_report_url":"https://bcmoe-prod.aquaticinformatics.net/Report/Show/Snow.2D10P.Weekly%20Report/","snow_water_equivalent_report_url":"https://bcmoe-prod.aquaticinformatics.net/Report/Show/Snow.2D10P.Automated%20Snow%20Weather%20Station%20Graph/"},"geometry":{"type":"Point","coordinates":[-116.6589,49.61656]}},{"type":"Feature","id":"automated:2D14P","properties":{"station_id":"automated:2D14P","station_type":"automated","location_id":"2D14P","name":"Redfish Creek","status":"Active","active":true,"elevation_m":2100,"operator":"BC ENV","camera_url":"https://pvs.nupointsystems.com/latest.php?pass=%F3uq%2C%F7%85c%D7%2A0%5D%95%5E%0E%00","basin_id":"9","source_object_id":93161,"source_record_id":75,"source_layer":"WHSE_WATER_MANAGEMENT.SSL_SNOW_ASWS_STNS_SP","data_explorer_url":"https://bcmoe-prod.aquaticinformatics.net/Data/Location/Summary/Location/2D14P/Interval/Latest","summary_report_url":null,"weekly_report_url":"https://bcmoe-prod.aquaticinformatics.net/Report/Show/Snow.2D14P.Weekly%20Report/","snow_water_equivalent_report_url":"https://bcmoe-prod.aquaticinformatics.net/Report/Show/Snow.2D14P.Automated%20Snow%20Weather%20Station%20Graph/"},"geometry":{"type":"Point","coordinates":[-117.0865,49.69008]}},{"type":"Feature","id":"automated:2D15P","properties":{"station_id":"automated:2D15P","station_type":"automated","location_id":"2D15P","name":"Kaslo Airport","status":"Active","active":true,"elevation_m":717,"operator":"BC Hydro","camera_url":null,"basin_id":"9","source_object_id":93162,"source_record_id":76,"source_layer":"WHSE_WATER_MANAGEMENT.SSL_SNOW_ASWS_STNS_SP","data_explorer_url":"https://bcmoe-prod.aquaticinformatics.net/Data/Location/Summary/Location/2D15P/Interval/Latest","summary_report_url":null,"weekly_report_url":"https://bcmoe-prod.aquaticinformatics.net/Report/Show/Snow.2D15P.Weekly%20Report/","snow_water_equivalent_report_url":null},"geometry":{"type":"Point","coordinates":[-116.9282778,49.90375]}},{"type":"Feature","id":"automated:2D16P","properties":{"station_id":"automated:2D16P","station_type":"automated","location_id":"2D16P","name":"New Denver East","status":"Active","active":true,"elevation_m":653,"operator":"BC Hydro","camera_url":null,"basin_id":"9","source_object_id":93163,"source_record_id":77,"source_layer":"WHSE_WATER_MANAGEMENT.SSL_SNOW_ASWS_STNS_SP","data_explorer_url":"https://bcmoe-prod.aquaticinformatics.net/Data/Location/Summary/Location/2D16P/Interval/Latest","summary_report_url":null,"weekly_report_url":"https://bcmoe-prod.aquaticinformatics.net/Report/Show/Snow.2D16P.Weekly%20Report/","snow_water_equivalent_report_url":null},"geometry":{"type":"Point","coordinates":[-117.358372,49.996657]}},{"type":"Feature","id":"automated:2E07P","properties":{"station_id":"automated:2E07P","station_type":"automated","location_id":"2E07P","name":"Grano Creek","status":"Active","active":true,"elevation_m":1870,"operator":"BC ENV","camera_url":null,"basin_id":"12","source_object_id":93164,"source_record_id":78,"source_layer":"WHSE_WATER_MANAGEMENT.SSL_SNOW_ASWS_STNS_SP","data_explorer_url":"https://bcmoe-prod.aquaticinformatics.net/Data/Location/Summary/Location/2E07P/Interval/Latest","summary_report_url":null,"weekly_report_url":"https://bcmoe-prod.aquaticinformatics.net/Report/Show/Snow.2E07P.Weekly%20Report/","snow_water_equivalent_report_url":"https://bcmoe-prod.aquaticinformatics.net/Report/Show/Snow.2E07P.Automated%20Snow%20Weather%20Station%20Graph/"},"geometry":{"type":"Point","coordinates":[-118.6773,49.55197]}},{"type":"Feature","id":"automated:2F01AP","properties":{"station_id":"automated:2F01AP","station_type":"automated","location_id":"2F01AP","name":"Trout Creek West","status":"Active","active":true,"elevation_m":1420,"operator":"BC ENV","camera_url":null,"basin_id":"13","source_object_id":93165,"source_record_id":79,"source_layer":"WHSE_WATER_MANAGEMENT.SSL_SNOW_ASWS_STNS_SP","data_explorer_url":"https://bcmoe-prod.aquaticinformatics.net/Data/Location/Summary/Location/2F01AP/Interval/Latest","summary_report_url":null,"weekly_report_url":"https://bcmoe-prod.aquaticinformatics.net/Report/Show/Snow.2F01AP.Weekly%20Report/","snow_water_equivalent_report_url":"https://bcmoe-prod.aquaticinformatics.net/Report/Show/Snow.2F01AP.Automated%20Snow%20Weather%20Station%20Graph/"},"geometry":{"type":"Point","coordinates":[-120.1891,49.74017]}},{"type":"Feature","id":"automated:2F03AP","properties":{"station_id":"automated:2F03AP","station_type":"automated","location_id":"2F03AP","name":"McCulloch","status":"Active","active":true,"elevation_m":1245,"operator":"BC ENV","camera_url":null,"basin_id":"12","source_object_id":93166,"source_record_id":80,"source_layer":"WHSE_WATER_MANAGEMENT.SSL_SNOW_ASWS_STNS_SP","data_explorer_url":"https://bcmoe-prod.aquaticinformatics.net/Data/Location/Summary/Location/2F03AP/Interval/Latest","summary_report_url":null,"weekly_report_url":"https://bcmoe-prod.aquaticinformatics.net/Report/Show/Snow.2F03AP.Weekly%20Report/","snow_water_equivalent_report_url":"https://bcmoe-prod.aquaticinformatics.net/Report/Show/Snow.2F03AP.Automated%20Snow%20Weather%20Station%20Graph/"},"geometry":{"type":"Point","coordinates":[-119.12403,49.76731]}},{"type":"Feature","id":"automated:2F05P","properties":{"station_id":"automated:2F05P","station_type":"automated","location_id":"2F05P","name":"Mission Creek","status":"Active","active":true,"elevation_m":1780,"operator":"BC ENV","camera_url":null,"basin_id":"11","source_object_id":93167,"source_record_id":81,"source_layer":"WHSE_WATER_MANAGEMENT.SSL_SNOW_ASWS_STNS_SP","data_explorer_url":"https://bcmoe-prod.aquaticinformatics.net/Data/Location/Summary/Location/2F05P/Interval/Latest","summary_report_url":null,"weekly_report_url":"https://bcmoe-prod.aquaticinformatics.net/Report/Show/Snow.2F05P.Weekly%20Report/","snow_water_equivalent_report_url":"https://bcmoe-prod.aquaticinformatics.net/Report/Show/Snow.2F05P.Automated%20Snow%20Weather%20Station%20Graph/"},"geometry":{"type":"Point","coordinates":[-118.9497,49.94467]}},{"type":"Feature","id":"automated:2F08P","properties":{"station_id":"automated:2F08P","station_type":"automated","location_id":"2F08P","name":"Greyback Reservoir","status":"Active","active":true,"elevation_m":1550,"operator":"BC ENV","camera_url":"https://pvs.nupointsystems.com/latest.php?pass=%F3uq%2C%F7%85c%D7%2A0%5D%15j%00%00","basin_id":"11","source_object_id":93168,"source_record_id":82,"source_layer":"WHSE_WATER_MANAGEMENT.SSL_SNOW_ASWS_STNS_SP","data_explorer_url":"https://bcmoe-prod.aquaticinformatics.net/Data/Location/Summary/Location/2F08P/Interval/Latest","summary_report_url":null,"weekly_report_url":"https://bcmoe-prod.aquaticinformatics.net/Report/Show/Snow.2F08P.Weekly%20Report/","snow_water_equivalent_report_url":"https://bcmoe-prod.aquaticinformatics.net/Report/Show/Snow.2F08P.Automated%20Snow%20Weather%20Station%20Graph/"},"geometry":{"type":"Point","coordinates":[-119.422678,49.616344]}},{"type":"Feature","id":"automated:2F09P","properties":{"station_id":"automated:2F09P","station_type":"automated","location_id":"2F09P","name":"Whiterocks Mountain","status":"Active","active":true,"elevation_m":1800,"operator":"BC ENV","camera_url":null,"basin_id":"11","source_object_id":93169,"source_record_id":83,"source_layer":"WHSE_WATER_MANAGEMENT.SSL_SNOW_ASWS_STNS_SP","data_explorer_url":"https://bcmoe-prod.aquaticinformatics.net/Data/Location/Summary/Location/2F09P/Interval/Latest","summary_report_url":null,"weekly_report_url":"https://bcmoe-prod.aquaticinformatics.net/Report/Show/Snow.2F09P.Weekly%20Report/","snow_water_equivalent_report_url":"https://bcmoe-prod.aquaticinformatics.net/Report/Show/Snow.2F09P.Automated%20Snow%20Weather%20Station%20Graph/"},"geometry":{"type":"Point","coordinates":[-119.7461,50.01669]}},{"type":"Feature","id":"automated:2F10P","properties":{"station_id":"automated:2F10P","station_type":"automated","location_id":"2F10P","name":"Silver Star Mountain","status":"Active","active":true,"elevation_m":1840,"operator":"BC ENV","camera_url":null,"basin_id":"7","source_object_id":93170,"source_record_id":84,"source_layer":"WHSE_WATER_MANAGEMENT.SSL_SNOW_ASWS_STNS_SP","data_explorer_url":"https://bcmoe-prod.aquaticinformatics.net/Data/Location/Summary/Location/2F10P/Interval/Latest","summary_report_url":null,"weekly_report_url":"https://bcmoe-prod.aquaticinformatics.net/Report/Show/Snow.2F10P.Weekly%20Report/","snow_water_equivalent_report_url":"https://bcmoe-prod.aquaticinformatics.net/Report/Show/Snow.2F10P.Automated%20Snow%20Weather%20Station%20Graph/"},"geometry":{"type":"Point","coordinates":[-119.06211,50.37136]}},{"type":"Feature","id":"automated:2F18P","properties":{"station_id":"automated:2F18P","station_type":"automated","location_id":"2F18P","name":"Brenda Mine","status":"Active","active":true,"elevation_m":1460,"operator":"BC ENV","camera_url":null,"basin_id":"11","source_object_id":93171,"source_record_id":85,"source_layer":"WHSE_WATER_MANAGEMENT.SSL_SNOW_ASWS_STNS_SP","data_explorer_url":"https://bcmoe-prod.aquaticinformatics.net/Data/Location/Summary/Location/2F18P/Interval/Latest","summary_report_url":null,"weekly_report_url":"https://bcmoe-prod.aquaticinformatics.net/Report/Show/Snow.2F18P.Weekly%20Report/","snow_water_equivalent_report_url":"https://bcmoe-prod.aquaticinformatics.net/Report/Show/Snow.2F18P.Automated%20Snow%20Weather%20Station%20Graph/"},"geometry":{"type":"Point","coordinates":[-119.9821111,49.8623611]}},{"type":"Feature","id":"automated:2F19P","properties":{"station_id":"automated:2F19P","station_type":"automated","location_id":"2F19P","name":"Oyama Lake","status":"Active","active":true,"elevation_m":1360,"operator":"BC ENV","camera_url":null,"basin_id":"11","source_object_id":93172,"source_record_id":86,"source_layer":"WHSE_WATER_MANAGEMENT.SSL_SNOW_ASWS_STNS_SP","data_explorer_url":"https://bcmoe-prod.aquaticinformatics.net/Data/Location/Summary/Location/2F19P/Interval/Latest","summary_report_url":null,"weekly_report_url":"https://bcmoe-prod.aquaticinformatics.net/Report/Show/Snow.2F19P.Weekly%20Report/","snow_water_equivalent_report_url":"https://bcmoe-prod.aquaticinformatics.net/Report/Show/Snow.2F19P.Automated%20Snow%20Weather%20Station%20Graph/"},"geometry":{"type":"Point","coordinates":[-119.279,50.11633]}},{"type":"Feature","id":"automated:2F26P","properties":{"station_id":"automated:2F26P","station_type":"automated","location_id":"2F26P","name":"Ellis Creek","status":"Active","active":true,"elevation_m":1540,"operator":"BC ENV","camera_url":null,"basin_id":"11","source_object_id":93173,"source_record_id":87,"source_layer":"WHSE_WATER_MANAGEMENT.SSL_SNOW_ASWS_STNS_SP","data_explorer_url":"https://bcmoe-prod.aquaticinformatics.net/Data/Location/Summary/Location/2F26P/Interval/Latest","summary_report_url":null,"weekly_report_url":"https://bcmoe-prod.aquaticinformatics.net/Report/Show/Snow.2F26P.Weekly%20Report/","snow_water_equivalent_report_url":"https://bcmoe-prod.aquaticinformatics.net/Report/Show/Snow.2F26P.Automated%20Snow%20Weather%20Station%20Graph/"},"geometry":{"type":"Point","coordinates":[-119.38332,49.4127]}},{"type":"Feature","id":"automated:2G03P","properties":{"station_id":"automated:2G03P","station_type":"automated","location_id":"2G03P","name":"Blackwall Peak","status":"Active","active":true,"elevation_m":1940,"operator":"BC ENV","camera_url":null,"basin_id":"13","source_object_id":93174,"source_record_id":88,"source_layer":"WHSE_WATER_MANAGEMENT.SSL_SNOW_ASWS_STNS_SP","data_explorer_url":"https://bcmoe-prod.aquaticinformatics.net/Data/Location/Summary/Location/2G03P/Interval/Latest","summary_report_url":null,"weekly_report_url":"https://bcmoe-prod.aquaticinformatics.net/Report/Show/Snow.2G03P.Weekly%20Report/","snow_water_equivalent_report_url":"https://bcmoe-prod.aquaticinformatics.net/Report/Show/Snow.2G03P.Automated%20Snow%20Weather%20Station%20Graph/"},"geometry":{"type":"Point","coordinates":[-120.7725,49.09414]}},{"type":"Feature","id":"automated:2G06P","properties":{"station_id":"automated:2G06P","station_type":"automated","location_id":"2G06P","name":"Hamilton Hill","status":"Active","active":true,"elevation_m":1480,"operator":"BC ENV","camera_url":null,"basin_id":"13","source_object_id":93175,"source_record_id":89,"source_layer":"WHSE_WATER_MANAGEMENT.SSL_SNOW_ASWS_STNS_SP","data_explorer_url":"https://bcmoe-prod.aquaticinformatics.net/Data/Location/Summary/Location/2G06P/Interval/Latest","summary_report_url":null,"weekly_report_url":"https://bcmoe-prod.aquaticinformatics.net/Report/Show/Snow.2G06P.Weekly%20Report/","snow_water_equivalent_report_url":"https://bcmoe-prod.aquaticinformatics.net/Report/Show/Snow.2G06P.Automated%20Snow%20Weather%20Station%20Graph/"},"geometry":{"type":"Point","coordinates":[-120.79439,49.49914]}},{"type":"Feature","id":"automated:3A09P","properties":{"station_id":"automated:3A09P","station_type":"automated","location_id":"3A09P","name":"Palisade Lake","status":"Active","active":true,"elevation_m":900,"operator":"Metro Vancouver","camera_url":null,"basin_id":"14","source_object_id":93176,"source_record_id":90,"source_layer":"WHSE_WATER_MANAGEMENT.SSL_SNOW_ASWS_STNS_SP","data_explorer_url":"https://bcmoe-prod.aquaticinformatics.net/Data/Location/Summary/Location/3A09P/Interval/Latest","summary_report_url":null,"weekly_report_url":"https://bcmoe-prod.aquaticinformatics.net/Report/Show/Snow.3A09P.Weekly%20Report/","snow_water_equivalent_report_url":"https://bcmoe-prod.aquaticinformatics.net/Report/Show/Snow.3A09P.Automated%20Snow%20Weather%20Station%20Graph/"},"geometry":{"type":"Point","coordinates":[-123.031944,49.454444]}},{"type":"Feature","id":"automated:3A17P","properties":{"station_id":"automated:3A17P","station_type":"automated","location_id":"3A17P","name":"Tiedemann Glacier","status":"Inactive","active":false,"elevation_m":1400,"operator":"BC Hydro","camera_url":null,"basin_id":"14","source_object_id":93177,"source_record_id":91,"source_layer":"WHSE_WATER_MANAGEMENT.SSL_SNOW_ASWS_STNS_SP","data_explorer_url":"https://bcmoe-prod.aquaticinformatics.net/Data/Location/Summary/Location/3A17P/Interval/Latest","summary_report_url":null,"weekly_report_url":"https://bcmoe-prod.aquaticinformatics.net/Report/Show/Snow.3A17P.Weekly%20Report/","snow_water_equivalent_report_url":"https://bcmoe-prod.aquaticinformatics.net/Report/Show/Snow.3A17P.Automated%20Snow%20Weather%20Station%20Graph/"},"geometry":{"type":"Point","coordinates":[-124.966667,51.35]}},{"type":"Feature","id":"automated:3A19P","properties":{"station_id":"automated:3A19P","station_type":"automated","location_id":"3A19P","name":"Orchid Lake","status":"Active","active":true,"elevation_m":1180,"operator":"Metro Vancouver","camera_url":"https://pvs.nupointsystems.com/latest.php?pass=%F3uq%2C%F7%85c%D7%2A0%1D%12X%0E%00","basin_id":"14","source_object_id":93178,"source_record_id":92,"source_layer":"WHSE_WATER_MANAGEMENT.SSL_SNOW_ASWS_STNS_SP","data_explorer_url":"https://bcmoe-prod.aquaticinformatics.net/Data/Location/Summary/Location/3A19P/Interval/Latest","summary_report_url":null,"weekly_report_url":"https://bcmoe-prod.aquaticinformatics.net/Report/Show/Snow.3A19P.Weekly%20Report/","snow_water_equivalent_report_url":"https://bcmoe-prod.aquaticinformatics.net/Report/Show/Snow.3A19P.Automated%20Snow%20Weather%20Station%20Graph/"},"geometry":{"type":"Point","coordinates":[-123.050834,49.535833]}},{"type":"Feature","id":"automated:3A20P","properties":{"station_id":"automated:3A20P","station_type":"automated","location_id":"3A20P","name":"Callaghan Creek","status":"Active","active":true,"elevation_m":1017,"operator":"BC Hydro","camera_url":null,"basin_id":"14","source_object_id":93179,"source_record_id":93,"source_layer":"WHSE_WATER_MANAGEMENT.SSL_SNOW_ASWS_STNS_SP","data_explorer_url":"https://bcmoe-prod.aquaticinformatics.net/Data/Location/Summary/Location/3A20P/Interval/Latest","summary_report_url":null,"weekly_report_url":"https://bcmoe-prod.aquaticinformatics.net/Report/Show/Snow.3A20P.Weekly%20Report/","snow_water_equivalent_report_url":"https://bcmoe-prod.aquaticinformatics.net/Report/Show/Snow.3A20P.Automated%20Snow%20Weather%20Station%20Graph/"},"geometry":{"type":"Point","coordinates":[-123.102889,50.137056]}},{"type":"Feature","id":"automated:3A22P","properties":{"station_id":"automated:3A22P","station_type":"automated","location_id":"3A22P","name":"Nostetuko River","status":"Active","active":true,"elevation_m":1500,"operator":"BC ENV","camera_url":null,"basin_id":"14","source_object_id":93180,"source_record_id":94,"source_layer":"WHSE_WATER_MANAGEMENT.SSL_SNOW_ASWS_STNS_SP","data_explorer_url":"https://bcmoe-prod.aquaticinformatics.net/Data/Location/Summary/Location/3A22P/Interval/Latest","summary_report_url":null,"weekly_report_url":"https://bcmoe-prod.aquaticinformatics.net/Report/Show/Snow.3A22P.Weekly%20Report/","snow_water_equivalent_report_url":"https://bcmoe-prod.aquaticinformatics.net/Report/Show/Snow.3A22P.Automated%20Snow%20Weather%20Station%20Graph/"},"geometry":{"type":"Point","coordinates":[-124.459583,51.24325]}},{"type":"Feature","id":"automated:3A24P","properties":{"station_id":"automated:3A24P","station_type":"automated","location_id":"3A24P","name":"Mosley Creek Upper","status":"Active","active":true,"elevation_m":1650,"operator":"BC ENV","camera_url":null,"basin_id":"14","source_object_id":93181,"source_record_id":95,"source_layer":"WHSE_WATER_MANAGEMENT.SSL_SNOW_ASWS_STNS_SP","data_explorer_url":"https://bcmoe-prod.aquaticinformatics.net/Data/Location/Summary/Location/3A24P/Interval/Latest","summary_report_url":null,"weekly_report_url":"https://bcmoe-prod.aquaticinformatics.net/Report/Show/Snow.3A24P.Weekly%20Report/","snow_water_equivalent_report_url":"https://bcmoe-prod.aquaticinformatics.net/Report/Show/Snow.3A24P.Automated%20Snow%20Weather%20Station%20Graph/"},"geometry":{"type":"Point","coordinates":[-124.6218,51.77617]}},{"type":"Feature","id":"automated:3A25P","properties":{"station_id":"automated:3A25P","station_type":"automated","location_id":"3A25P","name":"Squamish River Upper","status":"Active","active":true,"elevation_m":1360,"operator":"BC ENV","camera_url":null,"basin_id":"14","source_object_id":93182,"source_record_id":96,"source_layer":"WHSE_WATER_MANAGEMENT.SSL_SNOW_ASWS_STNS_SP","data_explorer_url":"https://bcmoe-prod.aquaticinformatics.net/Data/Location/Summary/Location/3A25P/Interval/Latest","summary_report_url":null,"weekly_report_url":"https://bcmoe-prod.aquaticinformatics.net/Report/Show/Snow.3A25P.Weekly%20Report/","snow_water_equivalent_report_url":"https://bcmoe-prod.aquaticinformatics.net/Report/Show/Snow.3A25P.Automated%20Snow%20Weather%20Station%20Graph/"},"geometry":{"type":"Point","coordinates":[-123.4361,50.1543]}},{"type":"Feature","id":"automated:3A28P","properties":{"station_id":"automated:3A28P","station_type":"automated","location_id":"3A28P","name":"Tetrahedron","status":"Active","active":true,"elevation_m":1420,"operator":"BC ENV","camera_url":null,"basin_id":"14","source_object_id":93183,"source_record_id":97,"source_layer":"WHSE_WATER_MANAGEMENT.SSL_SNOW_ASWS_STNS_SP","data_explorer_url":"https://bcmoe-prod.aquaticinformatics.net/Data/Location/Summary/Location/3A28P/Interval/Latest","summary_report_url":null,"weekly_report_url":"https://bcmoe-prod.aquaticinformatics.net/Report/Show/Snow.3A28P.Weekly%20Report/","snow_water_equivalent_report_url":"https://bcmoe-prod.aquaticinformatics.net/Report/Show/Snow.3A28P.Automated%20Snow%20Weather%20Station%20Graph/"},"geometry":{"type":"Point","coordinates":[-123.60499,49.59785]}},{"type":"Feature","id":"automated:3A29P","properties":{"station_id":"automated:3A29P","station_type":"automated","location_id":"3A29P","name":"Loch Lomand","status":"Active","active":true,"elevation_m":1070,"operator":"Metro Vancouver","camera_url":null,"basin_id":"14","source_object_id":93184,"source_record_id":98,"source_layer":"WHSE_WATER_MANAGEMENT.SSL_SNOW_ASWS_STNS_SP","data_explorer_url":"https://bcmoe-prod.aquaticinformatics.net/Data/Location/Summary/Location/3A29P/Interval/Latest","summary_report_url":null,"weekly_report_url":"https://bcmoe-prod.aquaticinformatics.net/Report/Show/Snow.3A29P.Weekly%20Report/","snow_water_equivalent_report_url":null},"geometry":{"type":"Point","coordinates":[-123.0444,49.592]}},{"type":"Feature","id":"automated:3B17P","properties":{"station_id":"automated:3B17P","station_type":"automated","location_id":"3B17P","name":"Wolf River Upper","status":"Active","active":true,"elevation_m":1490,"operator":"BC Hydro","camera_url":null,"basin_id":"15","source_object_id":93185,"source_record_id":99,"source_layer":"WHSE_WATER_MANAGEMENT.SSL_SNOW_ASWS_STNS_SP","data_explorer_url":"https://bcmoe-prod.aquaticinformatics.net/Data/Location/Summary/Location/3B17P/Interval/Latest","summary_report_url":null,"weekly_report_url":"https://bcmoe-prod.aquaticinformatics.net/Report/Show/Snow.3B17P.Weekly%20Report/","snow_water_equivalent_report_url":"https://bcmoe-prod.aquaticinformatics.net/Report/Show/Snow.3B17P.Automated%20Snow%20Weather%20Station%20Graph/"},"geometry":{"type":"Point","coordinates":[-125.67925,49.7041389]}},{"type":"Feature","id":"automated:3B23P","properties":{"station_id":"automated:3B23P","station_type":"automated","location_id":"3B23P","name":"Jump Creek","status":"Active","active":true,"elevation_m":1160,"operator":"BC ENV","camera_url":null,"basin_id":"15","source_object_id":93186,"source_record_id":100,"source_layer":"WHSE_WATER_MANAGEMENT.SSL_SNOW_ASWS_STNS_SP","data_explorer_url":"https://bcmoe-prod.aquaticinformatics.net/Data/Location/Summary/Location/3B23P/Interval/Latest","summary_report_url":null,"weekly_report_url":"https://bcmoe-prod.aquaticinformatics.net/Report/Show/Snow.3B23P.Weekly%20Report/","snow_water_equivalent_report_url":"https://bcmoe-prod.aquaticinformatics.net/Report/Show/Snow.3B23P.Automated%20Snow%20Weather%20Station%20Graph/"},"geometry":{"type":"Point","coordinates":[-124.276182,48.969505]}},{"type":"Feature","id":"automated:3B24P","properties":{"station_id":"automated:3B24P","station_type":"automated","location_id":"3B24P","name":"Heather Mountain Upper","status":"Active","active":true,"elevation_m":1190,"operator":"BC ENV","camera_url":null,"basin_id":"15","source_object_id":93187,"source_record_id":101,"source_layer":"WHSE_WATER_MANAGEMENT.SSL_SNOW_ASWS_STNS_SP","data_explorer_url":"https://bcmoe-prod.aquaticinformatics.net/Data/Location/Summary/Location/3B24P/Interval/Latest","summary_report_url":null,"weekly_report_url":"https://bcmoe-prod.aquaticinformatics.net/Report/Show/Snow.3B24P.Weekly%20Report/","snow_water_equivalent_report_url":"https://bcmoe-prod.aquaticinformatics.net/Report/Show/Snow.3B24P.Automated%20Snow%20Weather%20Station%20Graph/"},"geometry":{"type":"Point","coordinates":[-124.452113,48.943875]}},{"type":"Feature","id":"automated:3B25P","properties":{"station_id":"automated:3B25P","station_type":"automated","location_id":"3B25P","name":"Malaview Test ASWS","status":"Inactive","active":false,"elevation_m":35,"operator":"BC ENV","camera_url":null,"basin_id":"15","source_object_id":93188,"source_record_id":102,"source_layer":"WHSE_WATER_MANAGEMENT.SSL_SNOW_ASWS_STNS_SP","data_explorer_url":"https://bcmoe-prod.aquaticinformatics.net/Data/Location/Summary/Location/3B25P/Interval/Latest","summary_report_url":null,"weekly_report_url":"https://bcmoe-prod.aquaticinformatics.net/Report/Show/Snow.3B25P.Weekly%20Report/","snow_water_equivalent_report_url":"https://bcmoe-prod.aquaticinformatics.net/Report/Show/Snow.3B25P.Automated%20Snow%20Weather%20Station%20Graph/"},"geometry":{"type":"Point","coordinates":[-123.4123056,48.486]}},{"type":"Feature","id":"automated:3B26P","properties":{"station_id":"automated:3B26P","station_type":"automated","location_id":"3B26P","name":"Mount Arrowsmith","status":"Active","active":true,"elevation_m":1465,"operator":"BC ENV","camera_url":"https://pvs.nupointsystems.com/latest.php?pass=%F3uq%2C%F7%85c%D7%2A0%9D%E5X%01%00","basin_id":"15","source_object_id":93189,"source_record_id":103,"source_layer":"WHSE_WATER_MANAGEMENT.SSL_SNOW_ASWS_STNS_SP","data_explorer_url":"https://bcmoe-prod.aquaticinformatics.net/Data/Location/Summary/Location/3B26P/Interval/Latest","summary_report_url":null,"weekly_report_url":"https://bcmoe-prod.aquaticinformatics.net/Report/Show/Snow.3B26P.Weekly%20Report/","snow_water_equivalent_report_url":"https://bcmoe-prod.aquaticinformatics.net/Report/Show/Snow.3B26P.Automated%20Snow%20Weather%20Station%20Graph/"},"geometry":{"type":"Point","coordinates":[-124.567776,49.207376]}},{"type":"Feature","id":"automated:3B27P","properties":{"station_id":"automated:3B27P","station_type":"automated","location_id":"3B27P","name":"Cobble Hill","status":"Active","active":true,"elevation_m":85,"operator":"BC ENV","camera_url":null,"basin_id":"15","source_object_id":93190,"source_record_id":104,"source_layer":"WHSE_WATER_MANAGEMENT.SSL_SNOW_ASWS_STNS_SP","data_explorer_url":"https://bcmoe-prod.aquaticinformatics.net/Data/Location/Summary/Location/3B27P/Interval/Latest","summary_report_url":null,"weekly_report_url":"https://bcmoe-prod.aquaticinformatics.net/Report/Show/Snow.3B27P.Weekly%20Report/","snow_water_equivalent_report_url":"https://bcmoe-prod.aquaticinformatics.net/Report/Show/Snow.3B27P.Automated%20Snow%20Weather%20Station%20Graph/"},"geometry":{"type":"Point","coordinates":[-123.59287,48.69899]}},{"type":"Feature","id":"automated:3B28P","properties":{"station_id":"automated:3B28P","station_type":"automated","location_id":"3B28P","name":"Chris Creek","status":"Active","active":true,"elevation_m":560,"operator":"Capital Regional District","camera_url":null,"basin_id":"15","source_object_id":93191,"source_record_id":105,"source_layer":"WHSE_WATER_MANAGEMENT.SSL_SNOW_ASWS_STNS_SP","data_explorer_url":"https://bcmoe-prod.aquaticinformatics.net/Data/Location/Summary/Location/3B28P/Interval/Latest","summary_report_url":null,"weekly_report_url":"https://bcmoe-prod.aquaticinformatics.net/Report/Show/Snow.3B28P.Weekly%20Report/","snow_water_equivalent_report_url":"https://bcmoe-prod.aquaticinformatics.net/Report/Show/Snow.3B28P.Automated%20Snow%20Weather%20Station%20Graph/"},"geometry":{"type":"Point","coordinates":[-123.840556,48.580278]}},{"type":"Feature","id":"automated:3B29P","properties":{"station_id":"automated:3B29P","station_type":"automated","location_id":"3B29P","name":"Martins Gulch","status":"Active","active":true,"elevation_m":512,"operator":"Capital Regional District","camera_url":null,"basin_id":"15","source_object_id":93192,"source_record_id":106,"source_layer":"WHSE_WATER_MANAGEMENT.SSL_SNOW_ASWS_STNS_SP","data_explorer_url":"https://bcmoe-prod.aquaticinformatics.net/Data/Location/Summary/Location/3B29P/Interval/Latest","summary_report_url":null,"weekly_report_url":"https://bcmoe-prod.aquaticinformatics.net/Report/Show/Snow.3B29P.Weekly%20Report/","snow_water_equivalent_report_url":"https://bcmoe-prod.aquaticinformatics.net/Report/Show/Snow.3B29P.Automated%20Snow%20Weather%20Station%20Graph/"},"geometry":{"type":"Point","coordinates":[-123.764444,48.516111]}},{"type":"Feature","id":"automated:3B30P","properties":{"station_id":"automated:3B30P","station_type":"automated","location_id":"3B30P","name":"Sooke Dam","status":"Active","active":true,"elevation_m":172,"operator":"Capital Regional District","camera_url":null,"basin_id":"15","source_object_id":93193,"source_record_id":107,"source_layer":"WHSE_WATER_MANAGEMENT.SSL_SNOW_ASWS_STNS_SP","data_explorer_url":"https://bcmoe-prod.aquaticinformatics.net/Data/Location/Summary/Location/3B30P/Interval/Latest","summary_report_url":null,"weekly_report_url":"https://bcmoe-prod.aquaticinformatics.net/Report/Show/Snow.3B30P.Weekly%20Report/","snow_water_equivalent_report_url":"https://bcmoe-prod.aquaticinformatics.net/Report/Show/Snow.3B30P.Automated%20Snow%20Weather%20Station%20Graph/"},"geometry":{"type":"Point","coordinates":[-123.700556,48.516111]}},{"type":"Feature","id":"automated:3B31P","properties":{"station_id":"automated:3B31P","station_type":"automated","location_id":"3B31P","name":"Survey Mountain","status":"Active","active":true,"elevation_m":940,"operator":"Capital Regional District","camera_url":null,"basin_id":"15","source_object_id":93194,"source_record_id":108,"source_layer":"WHSE_WATER_MANAGEMENT.SSL_SNOW_ASWS_STNS_SP","data_explorer_url":"https://bcmoe-prod.aquaticinformatics.net/Data/Location/Summary/Location/3B31P/Interval/Latest","summary_report_url":null,"weekly_report_url":"https://bcmoe-prod.aquaticinformatics.net/Report/Show/Snow.3B31P.Weekly%20Report/","snow_water_equivalent_report_url":"https://bcmoe-prod.aquaticinformatics.net/Report/Show/Snow.3B31P.Automated%20Snow%20Weather%20Station%20Graph/"},"geometry":{"type":"Point","coordinates":[-123.799167,48.559167]}},{"type":"Feature","id":"automated:3C08P","properties":{"station_id":"automated:3C08P","station_type":"automated","location_id":"3C08P","name":"Burnt Bridge Creek","status":"Active","active":true,"elevation_m":1330,"operator":"BC ENV","camera_url":null,"basin_id":"16","source_object_id":93195,"source_record_id":109,"source_layer":"WHSE_WATER_MANAGEMENT.SSL_SNOW_ASWS_STNS_SP","data_explorer_url":"https://bcmoe-prod.aquaticinformatics.net/Data/Location/Summary/Location/3C08P/Interval/Latest","summary_report_url":null,"weekly_report_url":"https://bcmoe-prod.aquaticinformatics.net/Report/Show/Snow.3C08P.Weekly%20Report/","snow_water_equivalent_report_url":"https://bcmoe-prod.aquaticinformatics.net/Report/Show/Snow.3C08P.Automated%20Snow%20Weather%20Station%20Graph/"},"geometry":{"type":"Point","coordinates":[-126.247833,52.480889]}},{"type":"Feature","id":"automated:4A02P","properties":{"station_id":"automated:4A02P","station_type":"automated","location_id":"4A02P","name":"Pine Pass","status":"Active","active":true,"elevation_m":1400,"operator":"BC Hydro","camera_url":"https://pvs.nupointsystems.com/latest.php?pass=%F3%CB%8A4%F4sq%AD%F4%0F%894%F0%0Bq%AD%F2uq%2C%F7u%094%00%00","basin_id":"18","source_object_id":93196,"source_record_id":110,"source_layer":"WHSE_WATER_MANAGEMENT.SSL_SNOW_ASWS_STNS_SP","data_explorer_url":"https://bcmoe-prod.aquaticinformatics.net/Data/Location/Summary/Location/4A02P/Interval/Latest","summary_report_url":null,"weekly_report_url":"https://bcmoe-prod.aquaticinformatics.net/Report/Show/Snow.4A02P.Weekly%20Report/","snow_water_equivalent_report_url":"https://bcmoe-prod.aquaticinformatics.net/Report/Show/Snow.4A02P.Automated%20Snow%20Weather%20Station%20Graph/"},"geometry":{"type":"Point","coordinates":[-122.6373333,55.353]}},{"type":"Feature","id":"automated:4A03P","properties":{"station_id":"automated:4A03P","station_type":"automated","location_id":"4A03P","name":"Ware Upper","status":"Active","active":true,"elevation_m":1565,"operator":"BC Hydro","camera_url":null,"basin_id":"18","source_object_id":93197,"source_record_id":111,"source_layer":"WHSE_WATER_MANAGEMENT.SSL_SNOW_ASWS_STNS_SP","data_explorer_url":"https://bcmoe-prod.aquaticinformatics.net/Data/Location/Summary/Location/4A03P/Interval/Latest","summary_report_url":null,"weekly_report_url":"https://bcmoe-prod.aquaticinformatics.net/Report/Show/Snow.4A03P.Weekly%20Report/","snow_water_equivalent_report_url":"https://bcmoe-prod.aquaticinformatics.net/Report/Show/Snow.4A03P.Automated%20Snow%20Weather%20Station%20Graph/"},"geometry":{"type":"Point","coordinates":[-125.7004694,57.3961806]}},{"type":"Feature","id":"automated:4A04P","properties":{"station_id":"automated:4A04P","station_type":"automated","location_id":"4A04P","name":"Ware Lower","status":"Active","active":true,"elevation_m":971,"operator":"BC Hydro","camera_url":null,"basin_id":"18","source_object_id":93198,"source_record_id":112,"source_layer":"WHSE_WATER_MANAGEMENT.SSL_SNOW_ASWS_STNS_SP","data_explorer_url":"https://bcmoe-prod.aquaticinformatics.net/Data/Location/Summary/Location/4A04P/Interval/Latest","summary_report_url":null,"weekly_report_url":"https://bcmoe-prod.aquaticinformatics.net/Report/Show/Snow.4A04P.Weekly%20Report/","snow_water_equivalent_report_url":"https://bcmoe-prod.aquaticinformatics.net/Report/Show/Snow.4A04P.Automated%20Snow%20Weather%20Station%20Graph/"},"geometry":{"type":"Point","coordinates":[-125.6773389,57.4075556]}},{"type":"Feature","id":"automated:4A09P","properties":{"station_id":"automated:4A09P","station_type":"automated","location_id":"4A09P","name":"Pulpit Lake","status":"Active","active":true,"elevation_m":1311,"operator":"BC Hydro","camera_url":null,"basin_id":"18","source_object_id":93199,"source_record_id":113,"source_layer":"WHSE_WATER_MANAGEMENT.SSL_SNOW_ASWS_STNS_SP","data_explorer_url":"https://bcmoe-prod.aquaticinformatics.net/Data/Location/Summary/Location/4A09P/Interval/Latest","summary_report_url":null,"weekly_report_url":"https://bcmoe-prod.aquaticinformatics.net/Report/Show/Snow.4A09P.Weekly%20Report/","snow_water_equivalent_report_url":"https://bcmoe-prod.aquaticinformatics.net/Report/Show/Snow.4A09P.Automated%20Snow%20Weather%20Station%20Graph/"},"geometry":{"type":"Point","coordinates":[-126.7483139,57.5485833]}},{"type":"Feature","id":"automated:4A10P","properties":{"station_id":"automated:4A10P","station_type":"automated","location_id":"4A10P","name":"Fredrickson Lake","status":"Active","active":true,"elevation_m":1326,"operator":"BC Hydro","camera_url":null,"basin_id":"18","source_object_id":93200,"source_record_id":114,"source_layer":"WHSE_WATER_MANAGEMENT.SSL_SNOW_ASWS_STNS_SP","data_explorer_url":"https://bcmoe-prod.aquaticinformatics.net/Data/Location/Summary/Location/4A10P/Interval/Latest","summary_report_url":null,"weekly_report_url":"https://bcmoe-prod.aquaticinformatics.net/Report/Show/Snow.4A10P.Weekly%20Report/","snow_water_equivalent_report_url":"https://bcmoe-prod.aquaticinformatics.net/Report/Show/Snow.4A10P.Automated%20Snow%20Weather%20Station%20Graph/"},"geometry":{"type":"Point","coordinates":[-126.520716,56.948458]}},{"type":"Feature","id":"automated:4A12P","properties":{"station_id":"automated:4A12P","station_type":"automated","location_id":"4A12P","name":"Tsaydaychi Lake","status":"Active","active":true,"elevation_m":null,"operator":"BC Hydro","camera_url":null,"basin_id":"18","source_object_id":93201,"source_record_id":115,"source_layer":"WHSE_WATER_MANAGEMENT.SSL_SNOW_ASWS_STNS_SP","data_explorer_url":"https://bcmoe-prod.aquaticinformatics.net/Data/Location/Summary/Location/4A12P/Interval/Latest","summary_report_url":null,"weekly_report_url":"https://bcmoe-prod.aquaticinformatics.net/Report/Show/Snow.4A12P.Weekly%20Report/","snow_water_equivalent_report_url":"https://bcmoe-prod.aquaticinformatics.net/Report/Show/Snow.4A12P.Automated%20Snow%20Weather%20Station%20Graph/"},"geometry":{"type":"Point","coordinates":[-124.763,55.41635]}},{"type":"Feature","id":"automated:4A13P","properties":{"station_id":"automated:4A13P","station_type":"automated","location_id":"4A13P","name":"Philip Lake","status":"Active","active":true,"elevation_m":1028,"operator":"BC Hydro","camera_url":null,"basin_id":"18","source_object_id":93202,"source_record_id":116,"source_layer":"WHSE_WATER_MANAGEMENT.SSL_SNOW_ASWS_STNS_SP","data_explorer_url":"https://bcmoe-prod.aquaticinformatics.net/Data/Location/Summary/Location/4A13P/Interval/Latest","summary_report_url":null,"weekly_report_url":"https://bcmoe-prod.aquaticinformatics.net/Report/Show/Snow.4A13P.Weekly%20Report/","snow_water_equivalent_report_url":"https://bcmoe-prod.aquaticinformatics.net/Report/Show/Snow.4A13P.Automated%20Snow%20Weather%20Station%20Graph/"},"geometry":{"type":"Point","coordinates":[-123.897927,55.1238]}},{"type":"Feature","id":"automated:4A18P","properties":{"station_id":"automated:4A18P","station_type":"automated","location_id":"4A18P","name":"Mount Sheba","status":"Active","active":true,"elevation_m":1490,"operator":"BC Hydro","camera_url":null,"basin_id":"18","source_object_id":93203,"source_record_id":117,"source_layer":"WHSE_WATER_MANAGEMENT.SSL_SNOW_ASWS_STNS_SP","data_explorer_url":"https://bcmoe-prod.aquaticinformatics.net/Data/Location/Summary/Location/4A18P/Interval/Latest","summary_report_url":null,"weekly_report_url":"https://bcmoe-prod.aquaticinformatics.net/Report/Show/Snow.4A18P.Weekly%20Report/","snow_water_equivalent_report_url":"https://bcmoe-prod.aquaticinformatics.net/Report/Show/Snow.4A18P.Automated%20Snow%20Weather%20Station%20Graph/"},"geometry":{"type":"Point","coordinates":[-121.8041667,54.5266667]}},{"type":"Feature","id":"automated:4A20P","properties":{"station_id":"automated:4A20P","station_type":"automated","location_id":"4A20P","name":"Monkman Creek","status":"Active","active":true,"elevation_m":1570,"operator":"BC Hydro","camera_url":null,"basin_id":"18","source_object_id":93204,"source_record_id":118,"source_layer":"WHSE_WATER_MANAGEMENT.SSL_SNOW_ASWS_STNS_SP","data_explorer_url":"https://bcmoe-prod.aquaticinformatics.net/Data/Location/Summary/Location/4A20P/Interval/Latest","summary_report_url":null,"weekly_report_url":"https://bcmoe-prod.aquaticinformatics.net/Report/Show/Snow.4A20P.Weekly%20Report/","snow_water_equivalent_report_url":"https://bcmoe-prod.aquaticinformatics.net/Report/Show/Snow.4A20P.Automated%20Snow%20Weather%20Station%20Graph/"},"geometry":{"type":"Point","coordinates":[-121.2316972,54.7252806]}},{"type":"Feature","id":"automated:4A27P","properties":{"station_id":"automated:4A27P","station_type":"automated","location_id":"4A27P","name":"Kwadacha North","status":"Active","active":true,"elevation_m":1554,"operator":"BC Hydro","camera_url":null,"basin_id":"18","source_object_id":93205,"source_record_id":119,"source_layer":"WHSE_WATER_MANAGEMENT.SSL_SNOW_ASWS_STNS_SP","data_explorer_url":"https://bcmoe-prod.aquaticinformatics.net/Data/Location/Summary/Location/4A27P/Interval/Latest","summary_report_url":null,"weekly_report_url":"https://bcmoe-prod.aquaticinformatics.net/Report/Show/Snow.4A27P.Weekly%20Report/","snow_water_equivalent_report_url":"https://bcmoe-prod.aquaticinformatics.net/Report/Show/Snow.4A27P.Automated%20Snow%20Weather%20Station%20Graph/"},"geometry":{"type":"Point","coordinates":[-125.073167,57.623333]}},{"type":"Feature","id":"automated:4A29P","properties":{"station_id":"automated:4A29P","station_type":"automated","location_id":"4A29P","name":"Parsnip River","status":"Inactive","active":false,"elevation_m":800,"operator":"BC ENV","camera_url":null,"basin_id":"18","source_object_id":93206,"source_record_id":120,"source_layer":"WHSE_WATER_MANAGEMENT.SSL_SNOW_ASWS_STNS_SP","data_explorer_url":"https://bcmoe-prod.aquaticinformatics.net/Data/Location/Summary/Location/4A29P/Interval/Latest","summary_report_url":null,"weekly_report_url":"https://bcmoe-prod.aquaticinformatics.net/Report/Show/Snow.4A29P.Weekly%20Report/","snow_water_equivalent_report_url":"https://bcmoe-prod.aquaticinformatics.net/Report/Show/Snow.4A29P.Automated%20Snow%20Weather%20Station%20Graph/"},"geometry":{"type":"Point","coordinates":[-122.134657,54.602466]}},{"type":"Feature","id":"automated:4A30P","properties":{"station_id":"automated:4A30P","station_type":"automated","location_id":"4A30P","name":"Aiken Lake","status":"Active","active":true,"elevation_m":1050,"operator":"BC Hydro","camera_url":null,"basin_id":"18","source_object_id":93207,"source_record_id":121,"source_layer":"WHSE_WATER_MANAGEMENT.SSL_SNOW_ASWS_STNS_SP","data_explorer_url":"https://bcmoe-prod.aquaticinformatics.net/Data/Location/Summary/Location/4A30P/Interval/Latest","summary_report_url":null,"weekly_report_url":"https://bcmoe-prod.aquaticinformatics.net/Report/Show/Snow.4A30P.Weekly%20Report/","snow_water_equivalent_report_url":"https://bcmoe-prod.aquaticinformatics.net/Report/Show/Snow.4A30P.Automated%20Snow%20Weather%20Station%20Graph/"},"geometry":{"type":"Point","coordinates":[-125.7417,56.43686]}},{"type":"Feature","id":"automated:4A31P","properties":{"station_id":"automated:4A31P","station_type":"automated","location_id":"4A31P","name":"Crying Girl Prairie","status":"Active","active":true,"elevation_m":1358,"operator":"BC Hydro","camera_url":null,"basin_id":"18","source_object_id":93208,"source_record_id":122,"source_layer":"WHSE_WATER_MANAGEMENT.SSL_SNOW_ASWS_STNS_SP","data_explorer_url":"https://bcmoe-prod.aquaticinformatics.net/Data/Location/Summary/Location/4A31P/Interval/Latest","summary_report_url":null,"weekly_report_url":"https://bcmoe-prod.aquaticinformatics.net/Report/Show/Snow.4A31P.Weekly%20Report/","snow_water_equivalent_report_url":"https://bcmoe-prod.aquaticinformatics.net/Report/Show/Snow.4A31P.Automated%20Snow%20Weather%20Station%20Graph/"},"geometry":{"type":"Point","coordinates":[-122.8928333,56.3858611]}},{"type":"Feature","id":"automated:4A33P","properties":{"station_id":"automated:4A33P","station_type":"automated","location_id":"4A33P","name":"Muskwa-Kechika","status":"Active","active":true,"elevation_m":1196,"operator":"BC Hydro","camera_url":null,"basin_id":"18","source_object_id":93209,"source_record_id":123,"source_layer":"WHSE_WATER_MANAGEMENT.SSL_SNOW_ASWS_STNS_SP","data_explorer_url":"https://bcmoe-prod.aquaticinformatics.net/Data/Location/Summary/Location/4A33P/Interval/Latest","summary_report_url":null,"weekly_report_url":"https://bcmoe-prod.aquaticinformatics.net/Report/Show/Snow.4A33P.Weekly%20Report/","snow_water_equivalent_report_url":"https://bcmoe-prod.aquaticinformatics.net/Report/Show/Snow.4A33P.Automated%20Snow%20Weather%20Station%20Graph/"},"geometry":{"type":"Point","coordinates":[-123.1063889,56.7813889]}},{"type":"Feature","id":"automated:4A34P","properties":{"station_id":"automated:4A34P","station_type":"automated","location_id":"4A34P","name":"Dowling Creek","status":"Active","active":true,"elevation_m":1456,"operator":"BC Hydro","camera_url":null,"basin_id":"18","source_object_id":93210,"source_record_id":124,"source_layer":"WHSE_WATER_MANAGEMENT.SSL_SNOW_ASWS_STNS_SP","data_explorer_url":"https://bcmoe-prod.aquaticinformatics.net/Data/Location/Summary/Location/4A34P/Interval/Latest","summary_report_url":null,"weekly_report_url":"https://bcmoe-prod.aquaticinformatics.net/Report/Show/Snow.4A34P.Weekly%20Report/","snow_water_equivalent_report_url":"https://bcmoe-prod.aquaticinformatics.net/Report/Show/Snow.4A34P.Automated%20Snow%20Weather%20Station%20Graph/"},"geometry":{"type":"Point","coordinates":[-122.43625,55.8250833]}},{"type":"Feature","id":"automated:4A35P","properties":{"station_id":"automated:4A35P","station_type":"automated","location_id":"4A35P","name":"Germansen Landing","status":"Active","active":true,"elevation_m":766,"operator":"BC Hydro","camera_url":null,"basin_id":"18","source_object_id":93211,"source_record_id":125,"source_layer":"WHSE_WATER_MANAGEMENT.SSL_SNOW_ASWS_STNS_SP","data_explorer_url":"https://bcmoe-prod.aquaticinformatics.net/Data/Location/Summary/Location/4A35P/Interval/Latest","summary_report_url":null,"weekly_report_url":"https://bcmoe-prod.aquaticinformatics.net/Report/Show/Snow.4A35P.Weekly%20Report/","snow_water_equivalent_report_url":null},"geometry":{"type":"Point","coordinates":[-124.7014444,55.7855278]}},{"type":"Feature","id":"automated:4A36P","properties":{"station_id":"automated:4A36P","station_type":"automated","location_id":"4A36P","name":"Parsnip Upper","status":"Active","active":true,"elevation_m":790,"operator":"BC Hydro","camera_url":null,"basin_id":"18","source_object_id":93212,"source_record_id":126,"source_layer":"WHSE_WATER_MANAGEMENT.SSL_SNOW_ASWS_STNS_SP","data_explorer_url":"https://bcmoe-prod.aquaticinformatics.net/Data/Location/Summary/Location/4A36P/Interval/Latest","summary_report_url":null,"weekly_report_url":"https://bcmoe-prod.aquaticinformatics.net/Report/Show/Snow.4A36P.Weekly%20Report/","snow_water_equivalent_report_url":"https://bcmoe-prod.aquaticinformatics.net/Report/Show/Snow.4A36P.Automated%20Snow%20Weather%20Station%20Graph/"},"geometry":{"type":"Point","coordinates":[-122.1375833,54.6055556]}},{"type":"Feature","id":"automated:4A37P","properties":{"station_id":"automated:4A37P","station_type":"automated","location_id":"4A37P","name":"McQue Terrace","status":"Active","active":true,"elevation_m":1200,"operator":"BC Hydro","camera_url":null,"basin_id":"18","source_object_id":93213,"source_record_id":127,"source_layer":"WHSE_WATER_MANAGEMENT.SSL_SNOW_ASWS_STNS_SP","data_explorer_url":"https://bcmoe-prod.aquaticinformatics.net/Data/Location/Summary/Location/4A37P/Interval/Latest","summary_report_url":null,"weekly_report_url":"https://bcmoe-prod.aquaticinformatics.net/Report/Show/Snow.4A37P.Weekly%20Report/","snow_water_equivalent_report_url":"https://bcmoe-prod.aquaticinformatics.net/Report/Show/Snow.4A37P.Automated%20Snow%20Weather%20Station%20Graph/"},"geometry":{"type":"Point","coordinates":[-123.4041667,56.9815]}},{"type":"Feature","id":"automated:4A38P","properties":{"station_id":"automated:4A38P","station_type":"automated","location_id":"4A38P","name":"Horn Creek","status":"Active","active":true,"elevation_m":1450,"operator":"BC Hydro","camera_url":null,"basin_id":"18","source_object_id":93214,"source_record_id":128,"source_layer":"WHSE_WATER_MANAGEMENT.SSL_SNOW_ASWS_STNS_SP","data_explorer_url":"https://bcmoe-prod.aquaticinformatics.net/Data/Location/Summary/Location/4A38P/Interval/Latest","summary_report_url":null,"weekly_report_url":"https://bcmoe-prod.aquaticinformatics.net/Report/Show/Snow.4A38P.Weekly%20Report/","snow_water_equivalent_report_url":"https://bcmoe-prod.aquaticinformatics.net/Report/Show/Snow.4A38P.Automated%20Snow%20Weather%20Station%20Graph/"},"geometry":{"type":"Point","coordinates":[-123.606,56.734766]}},{"type":"Feature","id":"automated:4A39P","properties":{"station_id":"automated:4A39P","station_type":"automated","location_id":"4A39P","name":"Chowade Upper","status":"Active","active":true,"elevation_m":1480,"operator":"BC Hydro","camera_url":null,"basin_id":"18","source_object_id":93215,"source_record_id":129,"source_layer":"WHSE_WATER_MANAGEMENT.SSL_SNOW_ASWS_STNS_SP","data_explorer_url":"https://bcmoe-prod.aquaticinformatics.net/Data/Location/Summary/Location/4A39P/Interval/Latest","summary_report_url":null,"weekly_report_url":"https://bcmoe-prod.aquaticinformatics.net/Report/Show/Snow.4A39P.Weekly%20Report/","snow_water_equivalent_report_url":"https://bcmoe-prod.aquaticinformatics.net/Report/Show/Snow.4A39P.Automated%20Snow%20Weather%20Station%20Graph/"},"geometry":{"type":"Point","coordinates":[-122.7788667,56.63683333]}},{"type":"Feature","id":"automated:4A40P","properties":{"station_id":"automated:4A40P","station_type":"automated","location_id":"4A40P","name":"Crocker Creek","status":"Active","active":true,"elevation_m":995,"operator":"BC ENV","camera_url":null,"basin_id":"18","source_object_id":93216,"source_record_id":130,"source_layer":"WHSE_WATER_MANAGEMENT.SSL_SNOW_ASWS_STNS_SP","data_explorer_url":"https://bcmoe-prod.aquaticinformatics.net/Data/Location/Summary/Location/4A40P/Interval/Latest","summary_report_url":null,"weekly_report_url":"https://bcmoe-prod.aquaticinformatics.net/Report/Show/Snow.4A40P.Weekly%20Report/","snow_water_equivalent_report_url":"https://bcmoe-prod.aquaticinformatics.net/Report/Show/Snow.4A40P.Automated%20Snow%20Weather%20Station%20Graph/"},"geometry":{"type":"Point","coordinates":[-122.18292,54.93481]}},{"type":"Feature","id":"automated:4B02P","properties":{"station_id":"automated:4B02P","station_type":"automated","location_id":"4B02P","name":"Johanson Lake","status":"Active","active":true,"elevation_m":1467,"operator":"BC Hydro","camera_url":null,"basin_id":"19","source_object_id":93217,"source_record_id":131,"source_layer":"WHSE_WATER_MANAGEMENT.SSL_SNOW_ASWS_STNS_SP","data_explorer_url":"https://bcmoe-prod.aquaticinformatics.net/Data/Location/Summary/Location/4B02P/Interval/Latest","summary_report_url":null,"weekly_report_url":"https://bcmoe-prod.aquaticinformatics.net/Report/Show/Snow.4B02P.Weekly%20Report/","snow_water_equivalent_report_url":"https://bcmoe-prod.aquaticinformatics.net/Report/Show/Snow.4B02P.Automated%20Snow%20Weather%20Station%20Graph/"},"geometry":{"type":"Point","coordinates":[-126.19401,56.605415]}},{"type":"Feature","id":"automated:4B12P","properties":{"station_id":"automated:4B12P","station_type":"automated","location_id":"4B12P","name":"Granduc Mine","status":"Inactive","active":false,"elevation_m":790,"operator":null,"camera_url":null,"basin_id":"19","source_object_id":93218,"source_record_id":132,"source_layer":"WHSE_WATER_MANAGEMENT.SSL_SNOW_ASWS_STNS_SP","data_explorer_url":"https://bcmoe-prod.aquaticinformatics.net/Data/Location/Summary/Location/4B12P/Interval/Latest","summary_report_url":null,"weekly_report_url":"https://bcmoe-prod.aquaticinformatics.net/Report/Show/Snow.4B12P.Weekly%20Report/","snow_water_equivalent_report_url":"https://bcmoe-prod.aquaticinformatics.net/Report/Show/Snow.4B12P.Automated%20Snow%20Weather%20Station%20Graph/"},"geometry":{"type":"Point","coordinates":[-130.0662,56.2467]}},{"type":"Feature","id":"automated:4B15P","properties":{"station_id":"automated:4B15P","station_type":"automated","location_id":"4B15P","name":"Lu Lake","status":"Active","active":true,"elevation_m":1300,"operator":"BC ENV","camera_url":null,"basin_id":"19","source_object_id":93219,"source_record_id":133,"source_layer":"WHSE_WATER_MANAGEMENT.SSL_SNOW_ASWS_STNS_SP","data_explorer_url":"https://bcmoe-prod.aquaticinformatics.net/Data/Location/Summary/Location/4B15P/Interval/Latest","summary_report_url":null,"weekly_report_url":"https://bcmoe-prod.aquaticinformatics.net/Report/Show/Snow.4B15P.Weekly%20Report/","snow_water_equivalent_report_url":"https://bcmoe-prod.aquaticinformatics.net/Report/Show/Snow.4B15P.Automated%20Snow%20Weather%20Station%20Graph/"},"geometry":{"type":"Point","coordinates":[-126.3041,54.19683]}},{"type":"Feature","id":"automated:4B16P","properties":{"station_id":"automated:4B16P","station_type":"automated","location_id":"4B16P","name":"Shedin Creek","status":"Active","active":true,"elevation_m":1480,"operator":"BC ENV","camera_url":null,"basin_id":"19","source_object_id":93220,"source_record_id":134,"source_layer":"WHSE_WATER_MANAGEMENT.SSL_SNOW_ASWS_STNS_SP","data_explorer_url":"https://bcmoe-prod.aquaticinformatics.net/Data/Location/Summary/Location/4B16P/Interval/Latest","summary_report_url":null,"weekly_report_url":"https://bcmoe-prod.aquaticinformatics.net/Report/Show/Snow.4B16P.Weekly%20Report/","snow_water_equivalent_report_url":"https://bcmoe-prod.aquaticinformatics.net/Report/Show/Snow.4B16P.Automated%20Snow%20Weather%20Station%20Graph/"},"geometry":{"type":"Point","coordinates":[-127.69842,55.861653]}},{"type":"Feature","id":"automated:4B17P","properties":{"station_id":"automated:4B17P","station_type":"automated","location_id":"4B17P","name":"Tsai Creek","status":"Active","active":true,"elevation_m":1360,"operator":"BC ENV","camera_url":null,"basin_id":"19","source_object_id":93221,"source_record_id":135,"source_layer":"WHSE_WATER_MANAGEMENT.SSL_SNOW_ASWS_STNS_SP","data_explorer_url":"https://bcmoe-prod.aquaticinformatics.net/Data/Location/Summary/Location/4B17P/Interval/Latest","summary_report_url":null,"weekly_report_url":"https://bcmoe-prod.aquaticinformatics.net/Report/Show/Snow.4B17P.Weekly%20Report/","snow_water_equivalent_report_url":"https://bcmoe-prod.aquaticinformatics.net/Report/Show/Snow.4B17P.Automated%20Snow%20Weather%20Station%20Graph/"},"geometry":{"type":"Point","coordinates":[-127.674272,54.645906]}},{"type":"Feature","id":"automated:4B18P","properties":{"station_id":"automated:4B18P","station_type":"automated","location_id":"4B18P","name":"Cedar-Kiteen","status":"Active","active":true,"elevation_m":885,"operator":"BC ENV","camera_url":null,"basin_id":"19","source_object_id":93222,"source_record_id":136,"source_layer":"WHSE_WATER_MANAGEMENT.SSL_SNOW_ASWS_STNS_SP","data_explorer_url":"https://bcmoe-prod.aquaticinformatics.net/Data/Location/Summary/Location/4B18P/Interval/Latest","summary_report_url":null,"weekly_report_url":"https://bcmoe-prod.aquaticinformatics.net/Report/Show/Snow.4B18P.Weekly%20Report/","snow_water_equivalent_report_url":"https://bcmoe-prod.aquaticinformatics.net/Report/Show/Snow.4B18P.Automated%20Snow%20Weather%20Station%20Graph/"},"geometry":{"type":"Point","coordinates":[-128.711028,55.152028]}},{"type":"Feature","id":"automated:4B19P","properties":{"station_id":"automated:4B19P","station_type":"automated","location_id":"4B19P","name":"Upper Skeena","status":"Active","active":true,"elevation_m":1537,"operator":"BC ENV","camera_url":null,"basin_id":"19","source_object_id":93223,"source_record_id":137,"source_layer":"WHSE_WATER_MANAGEMENT.SSL_SNOW_ASWS_STNS_SP","data_explorer_url":"https://bcmoe-prod.aquaticinformatics.net/Data/Location/Summary/Location/4B19P/Interval/Latest","summary_report_url":null,"weekly_report_url":"https://bcmoe-prod.aquaticinformatics.net/Report/Show/Snow.4B19P.Weekly%20Report/","snow_water_equivalent_report_url":"https://bcmoe-prod.aquaticinformatics.net/Report/Show/Snow.4B19P.Automated%20Snow%20Weather%20Station%20Graph/"},"geometry":{"type":"Point","coordinates":[-127.657,56.538]}},{"type":"Feature","id":"automated:4C01P","properties":{"station_id":"automated:4C01P","station_type":"automated","location_id":"4C01P","name":"Sikanni Lake","status":"Active","active":true,"elevation_m":1387,"operator":"BC Hydro","camera_url":null,"basin_id":"21","source_object_id":93224,"source_record_id":138,"source_layer":"WHSE_WATER_MANAGEMENT.SSL_SNOW_ASWS_STNS_SP","data_explorer_url":"https://bcmoe-prod.aquaticinformatics.net/Data/Location/Summary/Location/4C01P/Interval/Latest","summary_report_url":null,"weekly_report_url":"https://bcmoe-prod.aquaticinformatics.net/Report/Show/Snow.4C01P.Weekly%20Report/","snow_water_equivalent_report_url":"https://bcmoe-prod.aquaticinformatics.net/Report/Show/Snow.4C01P.Automated%20Snow%20Weather%20Station%20Graph/"},"geometry":{"type":"Point","coordinates":[-124.1319806,57.2637556]}},{"type":"Feature","id":"automated:4C09P","properties":{"station_id":"automated:4C09P","station_type":"automated","location_id":"4C09P","name":"Deadwood River","status":"Active","active":true,"elevation_m":1250,"operator":"BC ENV","camera_url":null,"basin_id":"21","source_object_id":93225,"source_record_id":139,"source_layer":"WHSE_WATER_MANAGEMENT.SSL_SNOW_ASWS_STNS_SP","data_explorer_url":"https://bcmoe-prod.aquaticinformatics.net/Data/Location/Summary/Location/4C09P/Interval/Latest","summary_report_url":null,"weekly_report_url":"https://bcmoe-prod.aquaticinformatics.net/Report/Show/Snow.4C09P.Weekly%20Report/","snow_water_equivalent_report_url":"https://bcmoe-prod.aquaticinformatics.net/Report/Show/Snow.4C09P.Automated%20Snow%20Weather%20Station%20Graph/"},"geometry":{"type":"Point","coordinates":[-128.31979,59.25745]}},{"type":"Feature","id":"automated:4C11P","properties":{"station_id":"automated:4C11P","station_type":"automated","location_id":"4C11P","name":"Bluff Creek","status":"Inactive","active":false,"elevation_m":1040,"operator":"BC ENV","camera_url":null,"basin_id":"21","source_object_id":93226,"source_record_id":140,"source_layer":"WHSE_WATER_MANAGEMENT.SSL_SNOW_ASWS_STNS_SP","data_explorer_url":"https://bcmoe-prod.aquaticinformatics.net/Data/Location/Summary/Location/4C11P/Interval/Latest","summary_report_url":null,"weekly_report_url":"https://bcmoe-prod.aquaticinformatics.net/Report/Show/Snow.4C11P.Weekly%20Report/","snow_water_equivalent_report_url":"https://bcmoe-prod.aquaticinformatics.net/Report/Show/Snow.4C11P.Automated%20Snow%20Weather%20Station%20Graph/"},"geometry":{"type":"Point","coordinates":[-126.45,58.533333]}},{"type":"Feature","id":"automated:4C14P","properties":{"station_id":"automated:4C14P","station_type":"automated","location_id":"4C14P","name":"Frog River","status":"Inactive","active":false,"elevation_m":1480,"operator":"BC ENV","camera_url":null,"basin_id":"21","source_object_id":93227,"source_record_id":141,"source_layer":"WHSE_WATER_MANAGEMENT.SSL_SNOW_ASWS_STNS_SP","data_explorer_url":"https://bcmoe-prod.aquaticinformatics.net/Data/Location/Summary/Location/4C14P/Interval/Latest","summary_report_url":null,"weekly_report_url":"https://bcmoe-prod.aquaticinformatics.net/Report/Show/Snow.4C14P.Weekly%20Report/","snow_water_equivalent_report_url":"https://bcmoe-prod.aquaticinformatics.net/Report/Show/Snow.4C14P.Automated%20Snow%20Weather%20Station%20Graph/"},"geometry":{"type":"Point","coordinates":[-127.493339,57.982551]}},{"type":"Feature","id":"automated:4C20P","properties":{"station_id":"automated:4C20P","station_type":"automated","location_id":"4C20P","name":"Sierra Climate","status":"Inactive","active":false,"elevation_m":572,"operator":"Fort Nelson First Nation","camera_url":null,"basin_id":"21","source_object_id":93228,"source_record_id":142,"source_layer":"WHSE_WATER_MANAGEMENT.SSL_SNOW_ASWS_STNS_SP","data_explorer_url":"https://bcmoe-prod.aquaticinformatics.net/Data/Location/Summary/Location/4C20P/Interval/Latest","summary_report_url":null,"weekly_report_url":"https://bcmoe-prod.aquaticinformatics.net/Report/Show/Snow.4C20P.Weekly%20Report/","snow_water_equivalent_report_url":"https://bcmoe-prod.aquaticinformatics.net/Report/Show/Snow.4C20P.Automated%20Snow%20Weather%20Station%20Graph/"},"geometry":{"type":"Point","coordinates":[-121.396516,58.838191]}},{"type":"Feature","id":"automated:4C21P","properties":{"station_id":"automated:4C21P","station_type":"automated","location_id":"4C21P","name":"Two Island Climate","status":"Inactive","active":false,"elevation_m":708,"operator":"Fort Nelson First Nation","camera_url":null,"basin_id":"21","source_object_id":93229,"source_record_id":143,"source_layer":"WHSE_WATER_MANAGEMENT.SSL_SNOW_ASWS_STNS_SP","data_explorer_url":"https://bcmoe-prod.aquaticinformatics.net/Data/Location/Summary/Location/4C21P/Interval/Latest","summary_report_url":null,"weekly_report_url":"https://bcmoe-prod.aquaticinformatics.net/Report/Show/Snow.4C21P.Weekly%20Report/","snow_water_equivalent_report_url":"https://bcmoe-prod.aquaticinformatics.net/Report/Show/Snow.4C21P.Automated%20Snow%20Weather%20Station%20Graph/"},"geometry":{"type":"Point","coordinates":[-122.085922,59.344647]}},{"type":"Feature","id":"automated:4C22P","properties":{"station_id":"automated:4C22P","station_type":"automated","location_id":"4C22P","name":"Kiwigana Climate","status":"Inactive","active":false,"elevation_m":30,"operator":"BC ENV","camera_url":null,"basin_id":"21","source_object_id":93230,"source_record_id":144,"source_layer":"WHSE_WATER_MANAGEMENT.SSL_SNOW_ASWS_STNS_SP","data_explorer_url":"https://bcmoe-prod.aquaticinformatics.net/Data/Location/Summary/Location/4C22P/Interval/Latest","summary_report_url":null,"weekly_report_url":"https://bcmoe-prod.aquaticinformatics.net/Report/Show/Snow.4C22P.Weekly%20Report/","snow_water_equivalent_report_url":"https://bcmoe-prod.aquaticinformatics.net/Report/Show/Snow.4C22P.Automated%20Snow%20Weather%20Station%20Graph/"},"geometry":{"type":"Point","coordinates":[-123.056666,59.260277]}},{"type":"Feature","id":"automated:4D08P","properties":{"station_id":"automated:4D08P","station_type":"automated","location_id":"4D08P","name":"Forrest-Kerr Creek","status":"Inactive","active":false,"elevation_m":560,"operator":"BC ENV","camera_url":null,"basin_id":"20","source_object_id":93231,"source_record_id":145,"source_layer":"WHSE_WATER_MANAGEMENT.SSL_SNOW_ASWS_STNS_SP","data_explorer_url":"https://bcmoe-prod.aquaticinformatics.net/Data/Location/Summary/Location/4D08P/Interval/Latest","summary_report_url":null,"weekly_report_url":"https://bcmoe-prod.aquaticinformatics.net/Report/Show/Snow.4D08P.Weekly%20Report/","snow_water_equivalent_report_url":"https://bcmoe-prod.aquaticinformatics.net/Report/Show/Snow.4D08P.Automated%20Snow%20Weather%20Station%20Graph/"},"geometry":{"type":"Point","coordinates":[-130.783333,56.95]}},{"type":"Feature","id":"automated:4D10P","properties":{"station_id":"automated:4D10P","station_type":"automated","location_id":"4D10P","name":"Tumeka Creek","status":"Active","active":true,"elevation_m":1220,"operator":"Coast Mountain Hydro","camera_url":null,"basin_id":"20","source_object_id":93232,"source_record_id":146,"source_layer":"WHSE_WATER_MANAGEMENT.SSL_SNOW_ASWS_STNS_SP","data_explorer_url":"https://bcmoe-prod.aquaticinformatics.net/Data/Location/Summary/Location/4D10P/Interval/Latest","summary_report_url":null,"weekly_report_url":"https://bcmoe-prod.aquaticinformatics.net/Report/Show/Snow.4D10P.Weekly%20Report/","snow_water_equivalent_report_url":"https://bcmoe-prod.aquaticinformatics.net/Report/Show/Snow.4D10P.Automated%20Snow%20Weather%20Station%20Graph/"},"geometry":{"type":"Point","coordinates":[-129.706672,57.238829]}},{"type":"Feature","id":"automated:4D11P","properties":{"station_id":"automated:4D11P","station_type":"automated","location_id":"4D11P","name":"Kinaskan Lake","status":"Active","active":true,"elevation_m":1020,"operator":"BC ENV","camera_url":null,"basin_id":"20","source_object_id":93233,"source_record_id":147,"source_layer":"WHSE_WATER_MANAGEMENT.SSL_SNOW_ASWS_STNS_SP","data_explorer_url":"https://bcmoe-prod.aquaticinformatics.net/Data/Location/Summary/Location/4D11P/Interval/Latest","summary_report_url":null,"weekly_report_url":"https://bcmoe-prod.aquaticinformatics.net/Report/Show/Snow.4D11P.Weekly%20Report/","snow_water_equivalent_report_url":"https://bcmoe-prod.aquaticinformatics.net/Report/Show/Snow.4D11P.Automated%20Snow%20Weather%20Station%20Graph/"},"geometry":{"type":"Point","coordinates":[-130.262739,57.57869]}},{"type":"Feature","id":"automated:4D13P","properties":{"station_id":"automated:4D13P","station_type":"automated","location_id":"4D13P","name":"Upper Stikine","status":"Inactive","active":false,"elevation_m":1450,"operator":"BC ENV","camera_url":null,"basin_id":"20","source_object_id":93234,"source_record_id":148,"source_layer":"WHSE_WATER_MANAGEMENT.SSL_SNOW_ASWS_STNS_SP","data_explorer_url":"https://bcmoe-prod.aquaticinformatics.net/Data/Location/Summary/Location/4D13P/Interval/Latest","summary_report_url":null,"weekly_report_url":"https://bcmoe-prod.aquaticinformatics.net/Report/Show/Snow.4D13P.Weekly%20Report/","snow_water_equivalent_report_url":"https://bcmoe-prod.aquaticinformatics.net/Report/Show/Snow.4D13P.Automated%20Snow%20Weather%20Station%20Graph/"},"geometry":{"type":"Point","coordinates":[-128.316667,57.233333]}},{"type":"Feature","id":"automated:4D14P","properties":{"station_id":"automated:4D14P","station_type":"automated","location_id":"4D14P","name":"Wade Lake","status":"Active","active":true,"elevation_m":1430,"operator":"BC ENV","camera_url":null,"basin_id":"20","source_object_id":93235,"source_record_id":149,"source_layer":"WHSE_WATER_MANAGEMENT.SSL_SNOW_ASWS_STNS_SP","data_explorer_url":"https://bcmoe-prod.aquaticinformatics.net/Data/Location/Summary/Location/4D14P/Interval/Latest","summary_report_url":null,"weekly_report_url":"https://bcmoe-prod.aquaticinformatics.net/Report/Show/Snow.4D14P.Weekly%20Report/","snow_water_equivalent_report_url":"https://bcmoe-prod.aquaticinformatics.net/Report/Show/Snow.4D14P.Automated%20Snow%20Weather%20Station%20Graph/"},"geometry":{"type":"Point","coordinates":[-128.91216,58.18419]}},{"type":"Feature","id":"automated:4D16P","properties":{"station_id":"automated:4D16P","station_type":"automated","location_id":"4D16P","name":"Forrest Kerr Mid Elevation Snow","status":"Active","active":true,"elevation_m":1192,"operator":"Coast Mountain Hydro","camera_url":null,"basin_id":"20","source_object_id":93236,"source_record_id":150,"source_layer":"WHSE_WATER_MANAGEMENT.SSL_SNOW_ASWS_STNS_SP","data_explorer_url":"https://bcmoe-prod.aquaticinformatics.net/Data/Location/Summary/Location/4D16P/Interval/Latest","summary_report_url":null,"weekly_report_url":"https://bcmoe-prod.aquaticinformatics.net/Report/Show/Snow.4D16P.Weekly%20Report/","snow_water_equivalent_report_url":"https://bcmoe-prod.aquaticinformatics.net/Report/Show/Snow.4D16P.Automated%20Snow%20Weather%20Station%20Graph/"},"geometry":{"type":"Point","coordinates":[-130.691111,56.753333]}},{"type":"Feature","id":"automated:4D17P","properties":{"station_id":"automated:4D17P","station_type":"automated","location_id":"4D17P","name":"Forrest Kerr High Elevation Snow","status":"Active","active":true,"elevation_m":1622,"operator":"Coast Mountain Hydro","camera_url":null,"basin_id":"20","source_object_id":93237,"source_record_id":151,"source_layer":"WHSE_WATER_MANAGEMENT.SSL_SNOW_ASWS_STNS_SP","data_explorer_url":"https://bcmoe-prod.aquaticinformatics.net/Data/Location/Summary/Location/4D17P/Interval/Latest","summary_report_url":null,"weekly_report_url":"https://bcmoe-prod.aquaticinformatics.net/Report/Show/Snow.4D17P.Weekly%20Report/","snow_water_equivalent_report_url":"https://bcmoe-prod.aquaticinformatics.net/Report/Show/Snow.4D17P.Automated%20Snow%20Weather%20Station%20Graph/"},"geometry":{"type":"Point","coordinates":[-130.746389,56.758889]}},{"type":"Feature","id":"automated:4E01P","properties":{"station_id":"automated:4E01P","station_type":"automated","location_id":"4E01P","name":"Log Cabin","status":"Active","active":true,"elevation_m":890,"operator":"BC ENV","camera_url":null,"basin_id":"22","source_object_id":93238,"source_record_id":152,"source_layer":"WHSE_WATER_MANAGEMENT.SSL_SNOW_ASWS_STNS_SP","data_explorer_url":"https://bcmoe-prod.aquaticinformatics.net/Data/Location/Summary/Location/4E01P/Interval/Latest","summary_report_url":null,"weekly_report_url":"https://bcmoe-prod.aquaticinformatics.net/Report/Show/Snow.4E01P.Weekly%20Report/","snow_water_equivalent_report_url":"https://bcmoe-prod.aquaticinformatics.net/Report/Show/Snow.4E01P.Automated%20Snow%20Weather%20Station%20Graph/"},"geometry":{"type":"Point","coordinates":[-134.965611,59.764044]}},{"type":"Feature","id":"manual:1A01","properties":{"station_id":"manual:1A01","station_type":"manual","location_id":"1A01","name":"Yellowhead","status":"Inactive","active":false,"elevation_m":1860,"operator":null,"camera_url":null,"basin_id":null,"source_object_id":2483717,"source_record_id":1,"source_layer":"WHSE_WATER_MANAGEMENT.SSL_SNOW_MSS_LOCS_SP","data_explorer_url":"https://bcmoe-prod.aquaticinformatics.net/Data/Location/Summary/Location/1A01/Interval/Latest","summary_report_url":"https://bcmoe-prod.aquaticinformatics.net/Report/Show/SnowMSS.1A01.MSS%20Report/","weekly_report_url":null,"snow_water_equivalent_report_url":null},"geometry":{"type":"Point","coordinates":[-118.5475,52.90622]}},{"type":"Feature","id":"manual:1A02","properties":{"station_id":"manual:1A02","station_type":"manual","location_id":"1A02","name":"McBride Upper","status":"Inactive","active":false,"elevation_m":1610,"operator":null,"camera_url":null,"basin_id":"2","source_object_id":2483718,"source_record_id":2,"source_layer":"WHSE_WATER_MANAGEMENT.SSL_SNOW_MSS_LOCS_SP","data_explorer_url":"https://bcmoe-prod.aquaticinformatics.net/Data/Location/Summary/Location/1A02/Interval/Latest","summary_report_url":"https://bcmoe-prod.aquaticinformatics.net/Report/Show/SnowMSS.1A02.MSS%20Report/","weekly_report_url":null,"snow_water_equivalent_report_url":null},"geometry":{"type":"Point","coordinates":[-120.31926,53.30604]}},{"type":"Feature","id":"manual:1A03","properties":{"station_id":"manual:1A03","station_type":"manual","location_id":"1A03","name":"Barkerville","status":"Inactive","active":false,"elevation_m":1470,"operator":null,"camera_url":null,"basin_id":"2","source_object_id":2483719,"source_record_id":3,"source_layer":"WHSE_WATER_MANAGEMENT.SSL_SNOW_MSS_LOCS_SP","data_explorer_url":"https://bcmoe-prod.aquaticinformatics.net/Data/Location/Summary/Location/1A03/Interval/Latest","summary_report_url":"https://bcmoe-prod.aquaticinformatics.net/Report/Show/SnowMSS.1A03.MSS%20Report/","weekly_report_url":null,"snow_water_equivalent_report_url":null},"geometry":{"type":"Point","coordinates":[-121.491828,53.057338]}},{"type":"Feature","id":"manual:1A04","properties":{"station_id":"manual:1A04","station_type":"manual","location_id":"1A04","name":"Nechako","status":"Inactive","active":false,"elevation_m":940,"operator":null,"camera_url":null,"basin_id":"1","source_object_id":2483720,"source_record_id":4,"source_layer":"WHSE_WATER_MANAGEMENT.SSL_SNOW_MSS_LOCS_SP","data_explorer_url":"https://bcmoe-prod.aquaticinformatics.net/Data/Location/Summary/Location/1A04/Interval/Latest","summary_report_url":"https://bcmoe-prod.aquaticinformatics.net/Report/Show/SnowMSS.1A04.MSS%20Report/","weekly_report_url":null,"snow_water_equivalent_report_url":null},"geometry":{"type":"Point","coordinates":[-124.943626,53.583301]}},{"type":"Feature","id":"manual:1A05","properties":{"station_id":"manual:1A05","station_type":"manual","location_id":"1A05","name":"Longworth Upper","status":"Inactive","active":false,"elevation_m":1693,"operator":null,"camera_url":null,"basin_id":"2","source_object_id":2483721,"source_record_id":5,"source_layer":"WHSE_WATER_MANAGEMENT.SSL_SNOW_MSS_LOCS_SP","data_explorer_url":"https://bcmoe-prod.aquaticinformatics.net/Data/Location/Summary/Location/1A05/Interval/Latest","summary_report_url":"https://bcmoe-prod.aquaticinformatics.net/Report/Show/SnowMSS.1A05.MSS%20Report/","weekly_report_url":null,"snow_water_equivalent_report_url":null},"geometry":{"type":"Point","coordinates":[-121.4431396,53.9508058]}},{"type":"Feature","id":"manual:1A06","properties":{"station_id":"manual:1A06","station_type":"manual","location_id":"1A06","name":"Hansard","status":"Inactive","active":false,"elevation_m":590,"operator":null,"camera_url":null,"basin_id":"2","source_object_id":2483722,"source_record_id":6,"source_layer":"WHSE_WATER_MANAGEMENT.SSL_SNOW_MSS_LOCS_SP","data_explorer_url":"https://bcmoe-prod.aquaticinformatics.net/Data/Location/Summary/Location/1A06/Interval/Latest","summary_report_url":"https://bcmoe-prod.aquaticinformatics.net/Report/Show/SnowMSS.1A06.MSS%20Report/","weekly_report_url":null,"snow_water_equivalent_report_url":null},"geometry":{"type":"Point","coordinates":[-121.86557,54.085609]}},{"type":"Feature","id":"manual:1A06A","properties":{"station_id":"manual:1A06A","station_type":"manual","location_id":"1A06A","name":"Hansard","status":"Active","active":true,"elevation_m":608,"operator":null,"camera_url":null,"basin_id":"2","source_object_id":2483723,"source_record_id":7,"source_layer":"WHSE_WATER_MANAGEMENT.SSL_SNOW_MSS_LOCS_SP","data_explorer_url":"https://bcmoe-prod.aquaticinformatics.net/Data/Location/Summary/Location/1A06A/Interval/Latest","summary_report_url":"https://bcmoe-prod.aquaticinformatics.net/Report/Show/SnowMSS.1A06A.MSS%20Report/","weekly_report_url":null,"snow_water_equivalent_report_url":null},"geometry":{"type":"Point","coordinates":[-121.8655,54.07586]}},{"type":"Feature","id":"manual:1A07","properties":{"station_id":"manual:1A07","station_type":"manual","location_id":"1A07","name":"Fort St. James","status":"Inactive","active":false,"elevation_m":810,"operator":null,"camera_url":null,"basin_id":"1","source_object_id":2483724,"source_record_id":8,"source_layer":"WHSE_WATER_MANAGEMENT.SSL_SNOW_MSS_LOCS_SP","data_explorer_url":"https://bcmoe-prod.aquaticinformatics.net/Data/Location/Summary/Location/1A07/Interval/Latest","summary_report_url":"https://bcmoe-prod.aquaticinformatics.net/Report/Show/SnowMSS.1A07.MSS%20Report/","weekly_report_url":null,"snow_water_equivalent_report_url":null},"geometry":{"type":"Point","coordinates":[-124.161155,54.488781]}},{"type":"Feature","id":"manual:1A08","properties":{"station_id":"manual:1A08","station_type":"manual","location_id":"1A08","name":"Bowron Lake","status":"Inactive","active":false,"elevation_m":1280,"operator":null,"camera_url":null,"basin_id":"2","source_object_id":2483725,"source_record_id":9,"source_layer":"WHSE_WATER_MANAGEMENT.SSL_SNOW_MSS_LOCS_SP","data_explorer_url":"https://bcmoe-prod.aquaticinformatics.net/Data/Location/Summary/Location/1A08/Interval/Latest","summary_report_url":"https://bcmoe-prod.aquaticinformatics.net/Report/Show/SnowMSS.1A08.MSS%20Report/","weekly_report_url":null,"snow_water_equivalent_report_url":null},"geometry":{"type":"Point","coordinates":[-121.370712,53.249748]}},{"type":"Feature","id":"manual:1A09","properties":{"station_id":"manual:1A09","station_type":"manual","location_id":"1A09","name":"Torpy River","status":"Inactive","active":false,"elevation_m":1070,"operator":null,"camera_url":null,"basin_id":"2","source_object_id":2483726,"source_record_id":10,"source_layer":"WHSE_WATER_MANAGEMENT.SSL_SNOW_MSS_LOCS_SP","data_explorer_url":"https://bcmoe-prod.aquaticinformatics.net/Data/Location/Summary/Location/1A09/Interval/Latest","summary_report_url":"https://bcmoe-prod.aquaticinformatics.net/Report/Show/SnowMSS.1A09.MSS%20Report/","weekly_report_url":null,"snow_water_equivalent_report_url":null},"geometry":{"type":"Point","coordinates":[-121.669952,54.088321]}},{"type":"Feature","id":"manual:1A10","properties":{"station_id":"manual:1A10","station_type":"manual","location_id":"1A10","name":"Prince George Airport","status":"Active","active":true,"elevation_m":689,"operator":null,"camera_url":null,"basin_id":"2","source_object_id":2483727,"source_record_id":11,"source_layer":"WHSE_WATER_MANAGEMENT.SSL_SNOW_MSS_LOCS_SP","data_explorer_url":"https://bcmoe-prod.aquaticinformatics.net/Data/Location/Summary/Location/1A10/Interval/Latest","summary_report_url":"https://bcmoe-prod.aquaticinformatics.net/Report/Show/SnowMSS.1A10.MSS%20Report/","weekly_report_url":null,"snow_water_equivalent_report_url":null},"geometry":{"type":"Point","coordinates":[-122.67778,53.881111]}},{"type":"Feature","id":"manual:1A11","properties":{"station_id":"manual:1A11","station_type":"manual","location_id":"1A11","name":"Pacific Lake","status":"Inactive","active":false,"elevation_m":755,"operator":null,"camera_url":null,"basin_id":"2","source_object_id":2483728,"source_record_id":12,"source_layer":"WHSE_WATER_MANAGEMENT.SSL_SNOW_MSS_LOCS_SP","data_explorer_url":"https://bcmoe-prod.aquaticinformatics.net/Data/Location/Summary/Location/1A11/Interval/Latest","summary_report_url":"https://bcmoe-prod.aquaticinformatics.net/Report/Show/SnowMSS.1A11.MSS%20Report/","weekly_report_url":null,"snow_water_equivalent_report_url":null},"geometry":{"type":"Point","coordinates":[-121.5780975,54.3827149]}},{"type":"Feature","id":"manual:1A12","properties":{"station_id":"manual:1A12","station_type":"manual","location_id":"1A12","name":"Kaza Lake","status":"Inactive","active":false,"elevation_m":1250,"operator":null,"camera_url":null,"basin_id":"1","source_object_id":2483729,"source_record_id":13,"source_layer":"WHSE_WATER_MANAGEMENT.SSL_SNOW_MSS_LOCS_SP","data_explorer_url":"https://bcmoe-prod.aquaticinformatics.net/Data/Location/Summary/Location/1A12/Interval/Latest","summary_report_url":"https://bcmoe-prod.aquaticinformatics.net/Report/Show/SnowMSS.1A12.MSS%20Report/","weekly_report_url":null,"snow_water_equivalent_report_url":null},"geometry":{"type":"Point","coordinates":[-126.2956839,56.0220754]}},{"type":"Feature","id":"manual:1A13","properties":{"station_id":"manual:1A13","station_type":"manual","location_id":"1A13","name":"Longworth Lower","status":"Inactive","active":false,"elevation_m":1230,"operator":null,"camera_url":null,"basin_id":"2","source_object_id":2483730,"source_record_id":14,"source_layer":"WHSE_WATER_MANAGEMENT.SSL_SNOW_MSS_LOCS_SP","data_explorer_url":"https://bcmoe-prod.aquaticinformatics.net/Data/Location/Summary/Location/1A13/Interval/Latest","summary_report_url":"https://bcmoe-prod.aquaticinformatics.net/Report/Show/SnowMSS.1A13.MSS%20Report/","weekly_report_url":null,"snow_water_equivalent_report_url":null},"geometry":{"type":"Point","coordinates":[-121.45668,53.947891]}},{"type":"Feature","id":"manual:1A14","properties":{"station_id":"manual:1A14","station_type":"manual","location_id":"1A14","name":"Hedrick Lake","status":"Inactive","active":false,"elevation_m":1110,"operator":null,"camera_url":null,"basin_id":"2","source_object_id":2483731,"source_record_id":15,"source_layer":"WHSE_WATER_MANAGEMENT.SSL_SNOW_MSS_LOCS_SP","data_explorer_url":"https://bcmoe-prod.aquaticinformatics.net/Data/Location/Summary/Location/1A14/Interval/Latest","summary_report_url":"https://bcmoe-prod.aquaticinformatics.net/Report/Show/SnowMSS.1A14.MSS%20Report/","weekly_report_url":null,"snow_water_equivalent_report_url":null},"geometry":{"type":"Point","coordinates":[-121.0033,54.10734]}},{"type":"Feature","id":"manual:1A15","properties":{"station_id":"manual:1A15","station_type":"manual","location_id":"1A15","name":"Knudsen Lake","status":"Inactive","active":false,"elevation_m":1580,"operator":null,"camera_url":null,"basin_id":"2","source_object_id":2483732,"source_record_id":16,"source_layer":"WHSE_WATER_MANAGEMENT.SSL_SNOW_MSS_LOCS_SP","data_explorer_url":"https://bcmoe-prod.aquaticinformatics.net/Data/Location/Summary/Location/1A15/Interval/Latest","summary_report_url":"https://bcmoe-prod.aquaticinformatics.net/Report/Show/SnowMSS.1A15.MSS%20Report/","weekly_report_url":null,"snow_water_equivalent_report_url":null},"geometry":{"type":"Point","coordinates":[-120.7825,54.3027806]}},{"type":"Feature","id":"manual:1A16","properties":{"station_id":"manual:1A16","station_type":"manual","location_id":"1A16","name":"Burns Lake","status":"Active","active":true,"elevation_m":800,"operator":null,"camera_url":null,"basin_id":"1","source_object_id":2483733,"source_record_id":17,"source_layer":"WHSE_WATER_MANAGEMENT.SSL_SNOW_MSS_LOCS_SP","data_explorer_url":"https://bcmoe-prod.aquaticinformatics.net/Data/Location/Summary/Location/1A16/Interval/Latest","summary_report_url":"https://bcmoe-prod.aquaticinformatics.net/Report/Show/SnowMSS.1A16.MSS%20Report/","weekly_report_url":null,"snow_water_equivalent_report_url":null},"geometry":{"type":"Point","coordinates":[-125.745552,54.23722]}},{"type":"Feature","id":"manual:1A17","properties":{"station_id":"manual:1A17","station_type":"manual","location_id":"1A17","name":"Revolution Creek","status":"Inactive","active":false,"elevation_m":1680,"operator":null,"camera_url":null,"basin_id":"2","source_object_id":2483734,"source_record_id":18,"source_layer":"WHSE_WATER_MANAGEMENT.SSL_SNOW_MSS_LOCS_SP","data_explorer_url":"https://bcmoe-prod.aquaticinformatics.net/Data/Location/Summary/Location/1A17/Interval/Latest","summary_report_url":"https://bcmoe-prod.aquaticinformatics.net/Report/Show/SnowMSS.1A17.MSS%20Report/","weekly_report_url":null,"snow_water_equivalent_report_url":null},"geometry":{"type":"Point","coordinates":[-120.3752,53.78422]}},{"type":"Feature","id":"manual:1A18","properties":{"station_id":"manual:1A18","station_type":"manual","location_id":"1A18","name":"Holmes River","status":"Inactive","active":false,"elevation_m":1900,"operator":null,"camera_url":null,"basin_id":"2","source_object_id":2483735,"source_record_id":19,"source_layer":"WHSE_WATER_MANAGEMENT.SSL_SNOW_MSS_LOCS_SP","data_explorer_url":"https://bcmoe-prod.aquaticinformatics.net/Data/Location/Summary/Location/1A18/Interval/Latest","summary_report_url":"https://bcmoe-prod.aquaticinformatics.net/Report/Show/SnowMSS.1A18.MSS%20Report/","weekly_report_url":null,"snow_water_equivalent_report_url":null},"geometry":{"type":"Point","coordinates":[-119.464241,53.278789]}},{"type":"Feature","id":"manual:1A19","properties":{"station_id":"manual:1A19","station_type":"manual","location_id":"1A19","name":"Dome Mountain","status":"Inactive","active":false,"elevation_m":1766,"operator":null,"camera_url":null,"basin_id":"2","source_object_id":2483736,"source_record_id":20,"source_layer":"WHSE_WATER_MANAGEMENT.SSL_SNOW_MSS_LOCS_SP","data_explorer_url":"https://bcmoe-prod.aquaticinformatics.net/Data/Location/Summary/Location/1A19/Interval/Latest","summary_report_url":"https://bcmoe-prod.aquaticinformatics.net/Report/Show/SnowMSS.1A19.MSS%20Report/","weekly_report_url":null,"snow_water_equivalent_report_url":null},"geometry":{"type":"Point","coordinates":[-121.024398,53.622081]}},{"type":"Feature","id":"manual:1A20","properties":{"station_id":"manual:1A20","station_type":"manual","location_id":"1A20","name":"Mcbride Middle","status":"Inactive","active":false,"elevation_m":1160,"operator":null,"camera_url":null,"basin_id":"2","source_object_id":2483737,"source_record_id":21,"source_layer":"WHSE_WATER_MANAGEMENT.SSL_SNOW_MSS_LOCS_SP","data_explorer_url":"https://bcmoe-prod.aquaticinformatics.net/Data/Location/Summary/Location/1A20/Interval/Latest","summary_report_url":"https://bcmoe-prod.aquaticinformatics.net/Report/Show/SnowMSS.1A20.MSS%20Report/","weekly_report_url":null,"snow_water_equivalent_report_url":null},"geometry":{"type":"Point","coordinates":[-120.305252,53.371604]}},{"type":"Feature","id":"manual:1A21","properties":{"station_id":"manual:1A21","station_type":"manual","location_id":"1A21","name":"Narrow Lake","status":"Inactive","active":false,"elevation_m":1650,"operator":null,"camera_url":null,"basin_id":"2","source_object_id":2483738,"source_record_id":22,"source_layer":"WHSE_WATER_MANAGEMENT.SSL_SNOW_MSS_LOCS_SP","data_explorer_url":"https://bcmoe-prod.aquaticinformatics.net/Data/Location/Summary/Location/1A21/Interval/Latest","summary_report_url":"https://bcmoe-prod.aquaticinformatics.net/Report/Show/SnowMSS.1A21.MSS%20Report/","weekly_report_url":null,"snow_water_equivalent_report_url":null},"geometry":{"type":"Point","coordinates":[-121.898902,53.581428]}},{"type":"Feature","id":"manual:1A22","properties":{"station_id":"manual:1A22","station_type":"manual","location_id":"1A22","name":"Mcbride Lower","status":"Inactive","active":false,"elevation_m":790,"operator":null,"camera_url":null,"basin_id":"2","source_object_id":2483739,"source_record_id":23,"source_layer":"WHSE_WATER_MANAGEMENT.SSL_SNOW_MSS_LOCS_SP","data_explorer_url":"https://bcmoe-prod.aquaticinformatics.net/Data/Location/Summary/Location/1A22/Interval/Latest","summary_report_url":"https://bcmoe-prod.aquaticinformatics.net/Report/Show/SnowMSS.1A22.MSS%20Report/","weekly_report_url":null,"snow_water_equivalent_report_url":null},"geometry":{"type":"Point","coordinates":[-120.278511,53.336231]}},{"type":"Feature","id":"manual:1A23","properties":{"station_id":"manual:1A23","station_type":"manual","location_id":"1A23","name":"Bird Creek","status":"Active","active":true,"elevation_m":1180,"operator":null,"camera_url":null,"basin_id":"1","source_object_id":2483740,"source_record_id":24,"source_layer":"WHSE_WATER_MANAGEMENT.SSL_SNOW_MSS_LOCS_SP","data_explorer_url":"https://bcmoe-prod.aquaticinformatics.net/Data/Location/Summary/Location/1A23/Interval/Latest","summary_report_url":"https://bcmoe-prod.aquaticinformatics.net/Report/Show/SnowMSS.1A23.MSS%20Report/","weekly_report_url":null,"snow_water_equivalent_report_url":null},"geometry":{"type":"Point","coordinates":[-124.3419,53.67236]}},{"type":"Feature","id":"manual:1A24","properties":{"station_id":"manual:1A24","station_type":"manual","location_id":"1A24","name":"Forfar Creek (Upper)","status":"Inactive","active":false,"elevation_m":1410,"operator":null,"camera_url":null,"basin_id":"1","source_object_id":2483741,"source_record_id":25,"source_layer":"WHSE_WATER_MANAGEMENT.SSL_SNOW_MSS_LOCS_SP","data_explorer_url":"https://bcmoe-prod.aquaticinformatics.net/Data/Location/Summary/Location/1A24/Interval/Latest","summary_report_url":"https://bcmoe-prod.aquaticinformatics.net/Report/Show/SnowMSS.1A24.MSS%20Report/","weekly_report_url":null,"snow_water_equivalent_report_url":null},"geometry":{"type":"Point","coordinates":[-125.583343,54.983341]}},{"type":"Feature","id":"manual:1B01","properties":{"station_id":"manual:1B01","station_type":"manual","location_id":"1B01","name":"Mount Wells","status":"Active","active":true,"elevation_m":1490,"operator":null,"camera_url":null,"basin_id":"3","source_object_id":2483742,"source_record_id":26,"source_layer":"WHSE_WATER_MANAGEMENT.SSL_SNOW_MSS_LOCS_SP","data_explorer_url":"https://bcmoe-prod.aquaticinformatics.net/Data/Location/Summary/Location/1B01/Interval/Latest","summary_report_url":"https://bcmoe-prod.aquaticinformatics.net/Report/Show/SnowMSS.1B01.MSS%20Report/","weekly_report_url":null,"snow_water_equivalent_report_url":null},"geometry":{"type":"Point","coordinates":[-126.423614,53.72861]}},{"type":"Feature","id":"manual:1B02","properties":{"station_id":"manual:1B02","station_type":"manual","location_id":"1B02","name":"Tahtsa Lake","status":"Active","active":true,"elevation_m":1300,"operator":null,"camera_url":null,"basin_id":"3","source_object_id":2483743,"source_record_id":27,"source_layer":"WHSE_WATER_MANAGEMENT.SSL_SNOW_MSS_LOCS_SP","data_explorer_url":"https://bcmoe-prod.aquaticinformatics.net/Data/Location/Summary/Location/1B02/Interval/Latest","summary_report_url":"https://bcmoe-prod.aquaticinformatics.net/Report/Show/SnowMSS.1B02.MSS%20Report/","weekly_report_url":null,"snow_water_equivalent_report_url":null},"geometry":{"type":"Point","coordinates":[-127.660835,53.593055]}},{"type":"Feature","id":"manual:1B03","properties":{"station_id":"manual:1B03","station_type":"manual","location_id":"1B03","name":"Pondosy Lake","status":"Inactive","active":false,"elevation_m":1020,"operator":null,"camera_url":null,"basin_id":"3","source_object_id":2483744,"source_record_id":28,"source_layer":"WHSE_WATER_MANAGEMENT.SSL_SNOW_MSS_LOCS_SP","data_explorer_url":"https://bcmoe-prod.aquaticinformatics.net/Data/Location/Summary/Location/1B03/Interval/Latest","summary_report_url":"https://bcmoe-prod.aquaticinformatics.net/Report/Show/SnowMSS.1B03.MSS%20Report/","weekly_report_url":null,"snow_water_equivalent_report_url":null},"geometry":{"type":"Point","coordinates":[-126.887313,53.17675]}},{"type":"Feature","id":"manual:1B04","properties":{"station_id":"manual:1B04","station_type":"manual","location_id":"1B04","name":"Whitesail Lake","status":"Inactive","active":false,"elevation_m":1330,"operator":null,"camera_url":null,"basin_id":"3","source_object_id":2483745,"source_record_id":29,"source_layer":"WHSE_WATER_MANAGEMENT.SSL_SNOW_MSS_LOCS_SP","data_explorer_url":"https://bcmoe-prod.aquaticinformatics.net/Data/Location/Summary/Location/1B04/Interval/Latest","summary_report_url":"https://bcmoe-prod.aquaticinformatics.net/Report/Show/SnowMSS.1B04.MSS%20Report/","weekly_report_url":null,"snow_water_equivalent_report_url":null},"geometry":{"type":"Point","coordinates":[-127.089477,53.408519]}},{"type":"Feature","id":"manual:1B05","properties":{"station_id":"manual:1B05","station_type":"manual","location_id":"1B05","name":"Skins Lake","status":"Active","active":true,"elevation_m":890,"operator":null,"camera_url":null,"basin_id":"3","source_object_id":2483746,"source_record_id":30,"source_layer":"WHSE_WATER_MANAGEMENT.SSL_SNOW_MSS_LOCS_SP","data_explorer_url":"https://bcmoe-prod.aquaticinformatics.net/Data/Location/Summary/Location/1B05/Interval/Latest","summary_report_url":"https://bcmoe-prod.aquaticinformatics.net/Report/Show/SnowMSS.1B05.MSS%20Report/","weekly_report_url":null,"snow_water_equivalent_report_url":null},"geometry":{"type":"Point","coordinates":[-125.999725,53.779445]}},{"type":"Feature","id":"manual:1B06","properties":{"station_id":"manual:1B06","station_type":"manual","location_id":"1B06","name":"Mount Swannell","status":"Active","active":true,"elevation_m":1620,"operator":null,"camera_url":null,"basin_id":"3","source_object_id":2483747,"source_record_id":31,"source_layer":"WHSE_WATER_MANAGEMENT.SSL_SNOW_MSS_LOCS_SP","data_explorer_url":"https://bcmoe-prod.aquaticinformatics.net/Data/Location/Summary/Location/1B06/Interval/Latest","summary_report_url":"https://bcmoe-prod.aquaticinformatics.net/Report/Show/SnowMSS.1B06.MSS%20Report/","weekly_report_url":null,"snow_water_equivalent_report_url":null},"geometry":{"type":"Point","coordinates":[-125.2725,53.34208]}},{"type":"Feature","id":"manual:1B07","properties":{"station_id":"manual:1B07","station_type":"manual","location_id":"1B07","name":"Nutli Lake","status":"Active","active":true,"elevation_m":1490,"operator":null,"camera_url":null,"basin_id":"3","source_object_id":2483748,"source_record_id":32,"source_layer":"WHSE_WATER_MANAGEMENT.SSL_SNOW_MSS_LOCS_SP","data_explorer_url":"https://bcmoe-prod.aquaticinformatics.net/Data/Location/Summary/Location/1B07/Interval/Latest","summary_report_url":"https://bcmoe-prod.aquaticinformatics.net/Report/Show/SnowMSS.1B07.MSS%20Report/","weekly_report_url":null,"snow_water_equivalent_report_url":null},"geometry":{"type":"Point","coordinates":[-126.288055,53.4575]}},{"type":"Feature","id":"manual:1C01","properties":{"station_id":"manual:1C01","station_type":"manual","location_id":"1C01","name":"Brookmere","status":"Inactive","active":false,"elevation_m":980,"operator":null,"camera_url":null,"basin_id":"4","source_object_id":2483749,"source_record_id":33,"source_layer":"WHSE_WATER_MANAGEMENT.SSL_SNOW_MSS_LOCS_SP","data_explorer_url":"https://bcmoe-prod.aquaticinformatics.net/Data/Location/Summary/Location/1C01/Interval/Latest","summary_report_url":"https://bcmoe-prod.aquaticinformatics.net/Report/Show/SnowMSS.1C01.MSS%20Report/","weekly_report_url":null,"snow_water_equivalent_report_url":null},"geometry":{"type":"Point","coordinates":[-120.8749,49.81492]}},{"type":"Feature","id":"manual:1C02","properties":{"station_id":"manual:1C02","station_type":"manual","location_id":"1C02","name":"Porcupine Ridge","status":"Inactive","active":false,"elevation_m":1830,"operator":null,"camera_url":null,"basin_id":"4","source_object_id":2483750,"source_record_id":34,"source_layer":"WHSE_WATER_MANAGEMENT.SSL_SNOW_MSS_LOCS_SP","data_explorer_url":"https://bcmoe-prod.aquaticinformatics.net/Data/Location/Summary/Location/1C02/Interval/Latest","summary_report_url":"https://bcmoe-prod.aquaticinformatics.net/Report/Show/SnowMSS.1C02.MSS%20Report/","weekly_report_url":null,"snow_water_equivalent_report_url":null},"geometry":{"type":"Point","coordinates":[-120.593544,51.020484]}},{"type":"Feature","id":"manual:1C03","properties":{"station_id":"manual:1C03","station_type":"manual","location_id":"1C03","name":"Tranquille Lake","status":"Inactive","active":false,"elevation_m":1420,"operator":null,"camera_url":null,"basin_id":"4","source_object_id":2483751,"source_record_id":35,"source_layer":"WHSE_WATER_MANAGEMENT.SSL_SNOW_MSS_LOCS_SP","data_explorer_url":"https://bcmoe-prod.aquaticinformatics.net/Data/Location/Summary/Location/1C03/Interval/Latest","summary_report_url":"https://bcmoe-prod.aquaticinformatics.net/Report/Show/SnowMSS.1C03.MSS%20Report/","weekly_report_url":null,"snow_water_equivalent_report_url":null},"geometry":{"type":"Point","coordinates":[-120.597557,50.935928]}},{"type":"Feature","id":"manual:1C04","properties":{"station_id":"manual:1C04","station_type":"manual","location_id":"1C04","name":"Pass Lake","status":"Inactive","active":false,"elevation_m":870,"operator":null,"camera_url":null,"basin_id":"4","source_object_id":2483752,"source_record_id":36,"source_layer":"WHSE_WATER_MANAGEMENT.SSL_SNOW_MSS_LOCS_SP","data_explorer_url":"https://bcmoe-prod.aquaticinformatics.net/Data/Location/Summary/Location/1C04/Interval/Latest","summary_report_url":"https://bcmoe-prod.aquaticinformatics.net/Report/Show/SnowMSS.1C04.MSS%20Report/","weekly_report_url":null,"snow_water_equivalent_report_url":null},"geometry":{"type":"Point","coordinates":[-120.504798,50.848941]}},{"type":"Feature","id":"manual:1C05","properties":{"station_id":"manual:1C05","station_type":"manual","location_id":"1C05","name":"McGillivray Pass","status":"Inactive","active":false,"elevation_m":1725,"operator":null,"camera_url":null,"basin_id":"4","source_object_id":2483753,"source_record_id":37,"source_layer":"WHSE_WATER_MANAGEMENT.SSL_SNOW_MSS_LOCS_SP","data_explorer_url":"https://bcmoe-prod.aquaticinformatics.net/Data/Location/Summary/Location/1C05/Interval/Latest","summary_report_url":"https://bcmoe-prod.aquaticinformatics.net/Report/Show/SnowMSS.1C05.MSS%20Report/","weekly_report_url":null,"snow_water_equivalent_report_url":null},"geometry":{"type":"Point","coordinates":[-122.6248573,50.6982517]}},{"type":"Feature","id":"manual:1C06","properties":{"station_id":"manual:1C06","station_type":"manual","location_id":"1C06","name":"Pavilion","status":"Active","active":true,"elevation_m":1230,"operator":null,"camera_url":null,"basin_id":"4","source_object_id":2483754,"source_record_id":38,"source_layer":"WHSE_WATER_MANAGEMENT.SSL_SNOW_MSS_LOCS_SP","data_explorer_url":"https://bcmoe-prod.aquaticinformatics.net/Data/Location/Summary/Location/1C06/Interval/Latest","summary_report_url":"https://bcmoe-prod.aquaticinformatics.net/Report/Show/SnowMSS.1C06.MSS%20Report/","weekly_report_url":null,"snow_water_equivalent_report_url":null},"geometry":{"type":"Point","coordinates":[-121.8178,50.90764]}},{"type":"Feature","id":"manual:1C07","properties":{"station_id":"manual:1C07","station_type":"manual","location_id":"1C07","name":"Lac Le Jeune Lower","status":"Active","active":true,"elevation_m":1270,"operator":null,"camera_url":null,"basin_id":"4","source_object_id":2483755,"source_record_id":39,"source_layer":"WHSE_WATER_MANAGEMENT.SSL_SNOW_MSS_LOCS_SP","data_explorer_url":"https://bcmoe-prod.aquaticinformatics.net/Data/Location/Summary/Location/1C07/Interval/Latest","summary_report_url":"https://bcmoe-prod.aquaticinformatics.net/Report/Show/SnowMSS.1C07.MSS%20Report/","weekly_report_url":null,"snow_water_equivalent_report_url":null},"geometry":{"type":"Point","coordinates":[-120.5,50.4736]}},{"type":"Feature","id":"manual:1C08","properties":{"station_id":"manual:1C08","station_type":"manual","location_id":"1C08","name":"Nazko","status":"Inactive","active":false,"elevation_m":1070,"operator":null,"camera_url":null,"basin_id":"4","source_object_id":2483756,"source_record_id":40,"source_layer":"WHSE_WATER_MANAGEMENT.SSL_SNOW_MSS_LOCS_SP","data_explorer_url":"https://bcmoe-prod.aquaticinformatics.net/Data/Location/Summary/Location/1C08/Interval/Latest","summary_report_url":"https://bcmoe-prod.aquaticinformatics.net/Report/Show/SnowMSS.1C08.MSS%20Report/","weekly_report_url":null,"snow_water_equivalent_report_url":null},"geometry":{"type":"Point","coordinates":[-123.6541,53.01958]}},{"type":"Feature","id":"manual:1C09","properties":{"station_id":"manual:1C09","station_type":"manual","location_id":"1C09","name":"Highland Valley","status":"Inactive","active":false,"elevation_m":1550,"operator":null,"camera_url":null,"basin_id":"4","source_object_id":2483757,"source_record_id":41,"source_layer":"WHSE_WATER_MANAGEMENT.SSL_SNOW_MSS_LOCS_SP","data_explorer_url":"https://bcmoe-prod.aquaticinformatics.net/Data/Location/Summary/Location/1C09/Interval/Latest","summary_report_url":"https://bcmoe-prod.aquaticinformatics.net/Report/Show/SnowMSS.1C09.MSS%20Report/","weekly_report_url":null,"snow_water_equivalent_report_url":null},"geometry":{"type":"Point","coordinates":[-120.90232,50.510726]}},{"type":"Feature","id":"manual:1C09A","properties":{"station_id":"manual:1C09A","station_type":"manual","location_id":"1C09A","name":"Highland Valley","status":"Active","active":true,"elevation_m":1510,"operator":null,"camera_url":null,"basin_id":"4","source_object_id":2483758,"source_record_id":42,"source_layer":"WHSE_WATER_MANAGEMENT.SSL_SNOW_MSS_LOCS_SP","data_explorer_url":"https://bcmoe-prod.aquaticinformatics.net/Data/Location/Summary/Location/1C09A/Interval/Latest","summary_report_url":"https://bcmoe-prod.aquaticinformatics.net/Report/Show/SnowMSS.1C09A.MSS%20Report/","weekly_report_url":null,"snow_water_equivalent_report_url":null},"geometry":{"type":"Point","coordinates":[-120.9833,50.5]}},{"type":"Feature","id":"manual:1C10","properties":{"station_id":"manual:1C10","station_type":"manual","location_id":"1C10","name":"French Snowshoe","status":"Inactive","active":false,"elevation_m":1580,"operator":null,"camera_url":null,"basin_id":"4","source_object_id":2483759,"source_record_id":43,"source_layer":"WHSE_WATER_MANAGEMENT.SSL_SNOW_MSS_LOCS_SP","data_explorer_url":"https://bcmoe-prod.aquaticinformatics.net/Data/Location/Summary/Location/1C10/Interval/Latest","summary_report_url":"https://bcmoe-prod.aquaticinformatics.net/Report/Show/SnowMSS.1C10.MSS%20Report/","weekly_report_url":null,"snow_water_equivalent_report_url":null},"geometry":{"type":"Point","coordinates":[-121.490966,52.799861]}},{"type":"Feature","id":"manual:1C11","properties":{"station_id":"manual:1C11","station_type":"manual","location_id":"1C11","name":"Mount Penrose","status":"Inactive","active":false,"elevation_m":1430,"operator":null,"camera_url":null,"basin_id":"4","source_object_id":2483760,"source_record_id":44,"source_layer":"WHSE_WATER_MANAGEMENT.SSL_SNOW_MSS_LOCS_SP","data_explorer_url":"https://bcmoe-prod.aquaticinformatics.net/Data/Location/Summary/Location/1C11/Interval/Latest","summary_report_url":"https://bcmoe-prod.aquaticinformatics.net/Report/Show/SnowMSS.1C11.MSS%20Report/","weekly_report_url":null,"snow_water_equivalent_report_url":null},"geometry":{"type":"Point","coordinates":[-122.94886,50.849849]}},{"type":"Feature","id":"manual:1C12","properties":{"station_id":"manual:1C12","station_type":"manual","location_id":"1C12","name":"Green Mountain","status":"Inactive","active":false,"elevation_m":1630,"operator":null,"camera_url":null,"basin_id":"4","source_object_id":2483761,"source_record_id":45,"source_layer":"WHSE_WATER_MANAGEMENT.SSL_SNOW_MSS_LOCS_SP","data_explorer_url":"https://bcmoe-prod.aquaticinformatics.net/Data/Location/Summary/Location/1C12/Interval/Latest","summary_report_url":"https://bcmoe-prod.aquaticinformatics.net/Report/Show/SnowMSS.1C12.MSS%20Report/","weekly_report_url":null,"snow_water_equivalent_report_url":null},"geometry":{"type":"Point","coordinates":[-122.883934,50.776878]}},{"type":"Feature","id":"manual:1C13","properties":{"station_id":"manual:1C13","station_type":"manual","location_id":"1C13","name":"Black Mountain","status":"Inactive","active":false,"elevation_m":1570,"operator":null,"camera_url":null,"basin_id":"4","source_object_id":2483762,"source_record_id":46,"source_layer":"WHSE_WATER_MANAGEMENT.SSL_SNOW_MSS_LOCS_SP","data_explorer_url":"https://bcmoe-prod.aquaticinformatics.net/Data/Location/Summary/Location/1C13/Interval/Latest","summary_report_url":"https://bcmoe-prod.aquaticinformatics.net/Report/Show/SnowMSS.1C13.MSS%20Report/","weekly_report_url":null,"snow_water_equivalent_report_url":null},"geometry":{"type":"Point","coordinates":[-121.17321,52.332126]}},{"type":"Feature","id":"manual:1C13A","properties":{"station_id":"manual:1C13A","station_type":"manual","location_id":"1C13A","name":"Horsefly Mountain","status":"Inactive","active":false,"elevation_m":1550,"operator":null,"camera_url":null,"basin_id":"4","source_object_id":2483763,"source_record_id":47,"source_layer":"WHSE_WATER_MANAGEMENT.SSL_SNOW_MSS_LOCS_SP","data_explorer_url":"https://bcmoe-prod.aquaticinformatics.net/Data/Location/Summary/Location/1C13A/Interval/Latest","summary_report_url":"https://bcmoe-prod.aquaticinformatics.net/Report/Show/SnowMSS.1C13A.MSS%20Report/","weekly_report_url":null,"snow_water_equivalent_report_url":null},"geometry":{"type":"Point","coordinates":[-121.0599,52.34089]}},{"type":"Feature","id":"manual:1C14","properties":{"station_id":"manual:1C14","station_type":"manual","location_id":"1C14","name":"Bralorne","status":"Inactive","active":false,"elevation_m":1389,"operator":null,"camera_url":null,"basin_id":"4","source_object_id":2483764,"source_record_id":48,"source_layer":"WHSE_WATER_MANAGEMENT.SSL_SNOW_MSS_LOCS_SP","data_explorer_url":"https://bcmoe-prod.aquaticinformatics.net/Data/Location/Summary/Location/1C14/Interval/Latest","summary_report_url":"https://bcmoe-prod.aquaticinformatics.net/Report/Show/SnowMSS.1C14.MSS%20Report/","weekly_report_url":null,"snow_water_equivalent_report_url":null},"geometry":{"type":"Point","coordinates":[-122.7885186,50.7749703]}},{"type":"Feature","id":"manual:1C15","properties":{"station_id":"manual:1C15","station_type":"manual","location_id":"1C15","name":"Shalalth","status":"Inactive","active":false,"elevation_m":1460,"operator":null,"camera_url":null,"basin_id":"4","source_object_id":2483765,"source_record_id":49,"source_layer":"WHSE_WATER_MANAGEMENT.SSL_SNOW_MSS_LOCS_SP","data_explorer_url":"https://bcmoe-prod.aquaticinformatics.net/Data/Location/Summary/Location/1C15/Interval/Latest","summary_report_url":"https://bcmoe-prod.aquaticinformatics.net/Report/Show/SnowMSS.1C15.MSS%20Report/","weekly_report_url":null,"snow_water_equivalent_report_url":null},"geometry":{"type":"Point","coordinates":[-122.229133,50.697921]}},{"type":"Feature","id":"manual:1C16","properties":{"station_id":"manual:1C16","station_type":"manual","location_id":"1C16","name":"Lytton","status":"Inactive","active":false,"elevation_m":270,"operator":null,"camera_url":null,"basin_id":"4","source_object_id":2483766,"source_record_id":50,"source_layer":"WHSE_WATER_MANAGEMENT.SSL_SNOW_MSS_LOCS_SP","data_explorer_url":"https://bcmoe-prod.aquaticinformatics.net/Data/Location/Summary/Location/1C16/Interval/Latest","summary_report_url":"https://bcmoe-prod.aquaticinformatics.net/Report/Show/SnowMSS.1C16.MSS%20Report/","weekly_report_url":null,"snow_water_equivalent_report_url":null},"geometry":{"type":"Point","coordinates":[-121.564163,50.247581]}},{"type":"Feature","id":"manual:1C17","properties":{"station_id":"manual:1C17","station_type":"manual","location_id":"1C17","name":"Mount Timothy","status":"Active","active":true,"elevation_m":1660,"operator":null,"camera_url":null,"basin_id":"4","source_object_id":2483767,"source_record_id":51,"source_layer":"WHSE_WATER_MANAGEMENT.SSL_SNOW_MSS_LOCS_SP","data_explorer_url":"https://bcmoe-prod.aquaticinformatics.net/Data/Location/Summary/Location/1C17/Interval/Latest","summary_report_url":"https://bcmoe-prod.aquaticinformatics.net/Report/Show/SnowMSS.1C17.MSS%20Report/","weekly_report_url":null,"snow_water_equivalent_report_url":null},"geometry":{"type":"Point","coordinates":[-121.2588,51.90489]}},{"type":"Feature","id":"manual:1C19","properties":{"station_id":"manual:1C19","station_type":"manual","location_id":"1C19","name":"Gnawed Mountain","status":"Inactive","active":false,"elevation_m":1580,"operator":null,"camera_url":null,"basin_id":"4","source_object_id":2483768,"source_record_id":52,"source_layer":"WHSE_WATER_MANAGEMENT.SSL_SNOW_MSS_LOCS_SP","data_explorer_url":"https://bcmoe-prod.aquaticinformatics.net/Data/Location/Summary/Location/1C19/Interval/Latest","summary_report_url":"https://bcmoe-prod.aquaticinformatics.net/Report/Show/SnowMSS.1C19.MSS%20Report/","weekly_report_url":null,"snow_water_equivalent_report_url":null},"geometry":{"type":"Point","coordinates":[-120.9667,50.4333]}},{"type":"Feature","id":"manual:1C20","properties":{"station_id":"manual:1C20","station_type":"manual","location_id":"1C20","name":"Boss Mountain Mine","status":"Inactive","active":false,"elevation_m":1460,"operator":null,"camera_url":null,"basin_id":"4","source_object_id":2483769,"source_record_id":53,"source_layer":"WHSE_WATER_MANAGEMENT.SSL_SNOW_MSS_LOCS_SP","data_explorer_url":"https://bcmoe-prod.aquaticinformatics.net/Data/Location/Summary/Location/1C20/Interval/Latest","summary_report_url":"https://bcmoe-prod.aquaticinformatics.net/Report/Show/SnowMSS.1C20.MSS%20Report/","weekly_report_url":null,"snow_water_equivalent_report_url":null},"geometry":{"type":"Point","coordinates":[-120.86727,52.1069]}},{"type":"Feature","id":"manual:1C21","properties":{"station_id":"manual:1C21","station_type":"manual","location_id":"1C21","name":"Big Creek","status":"Active","active":true,"elevation_m":1140,"operator":null,"camera_url":null,"basin_id":"4","source_object_id":2483770,"source_record_id":54,"source_layer":"WHSE_WATER_MANAGEMENT.SSL_SNOW_MSS_LOCS_SP","data_explorer_url":"https://bcmoe-prod.aquaticinformatics.net/Data/Location/Summary/Location/1C21/Interval/Latest","summary_report_url":"https://bcmoe-prod.aquaticinformatics.net/Report/Show/SnowMSS.1C21.MSS%20Report/","weekly_report_url":null,"snow_water_equivalent_report_url":null},"geometry":{"type":"Point","coordinates":[-123.0406,51.70633]}},{"type":"Feature","id":"manual:1C22","properties":{"station_id":"manual:1C22","station_type":"manual","location_id":"1C22","name":"Puntzi Mountain","status":"Active","active":true,"elevation_m":940,"operator":null,"camera_url":null,"basin_id":"4","source_object_id":2483771,"source_record_id":55,"source_layer":"WHSE_WATER_MANAGEMENT.SSL_SNOW_MSS_LOCS_SP","data_explorer_url":"https://bcmoe-prod.aquaticinformatics.net/Data/Location/Summary/Location/1C22/Interval/Latest","summary_report_url":"https://bcmoe-prod.aquaticinformatics.net/Report/Show/SnowMSS.1C22.MSS%20Report/","weekly_report_url":null,"snow_water_equivalent_report_url":null},"geometry":{"type":"Point","coordinates":[-124.09405,52.12591]}},{"type":"Feature","id":"manual:1C23","properties":{"station_id":"manual:1C23","station_type":"manual","location_id":"1C23","name":"Penfold Creek","status":"Active","active":true,"elevation_m":1685,"operator":null,"camera_url":null,"basin_id":"4","source_object_id":2483772,"source_record_id":56,"source_layer":"WHSE_WATER_MANAGEMENT.SSL_SNOW_MSS_LOCS_SP","data_explorer_url":"https://bcmoe-prod.aquaticinformatics.net/Data/Location/Summary/Location/1C23/Interval/Latest","summary_report_url":"https://bcmoe-prod.aquaticinformatics.net/Report/Show/SnowMSS.1C23.MSS%20Report/","weekly_report_url":null,"snow_water_equivalent_report_url":null},"geometry":{"type":"Point","coordinates":[-120.559622,52.748222]}},{"type":"Feature","id":"manual:1C24","properties":{"station_id":"manual:1C24","station_type":"manual","location_id":"1C24","name":"Yanks Peak","status":"Inactive","active":false,"elevation_m":1710,"operator":null,"camera_url":null,"basin_id":"4","source_object_id":2483773,"source_record_id":57,"source_layer":"WHSE_WATER_MANAGEMENT.SSL_SNOW_MSS_LOCS_SP","data_explorer_url":"https://bcmoe-prod.aquaticinformatics.net/Data/Location/Summary/Location/1C24/Interval/Latest","summary_report_url":"https://bcmoe-prod.aquaticinformatics.net/Report/Show/SnowMSS.1C24.MSS%20Report/","weekly_report_url":null,"snow_water_equivalent_report_url":null},"geometry":{"type":"Point","coordinates":[-121.41481,52.850498]}},{"type":"Feature","id":"manual:1C25","properties":{"station_id":"manual:1C25","station_type":"manual","location_id":"1C25","name":"Lac Le Jeune Upper","status":"Active","active":true,"elevation_m":1509,"operator":null,"camera_url":null,"basin_id":"4","source_object_id":2483774,"source_record_id":58,"source_layer":"WHSE_WATER_MANAGEMENT.SSL_SNOW_MSS_LOCS_SP","data_explorer_url":"https://bcmoe-prod.aquaticinformatics.net/Data/Location/Summary/Location/1C25/Interval/Latest","summary_report_url":"https://bcmoe-prod.aquaticinformatics.net/Report/Show/SnowMSS.1C25.MSS%20Report/","weekly_report_url":null,"snow_water_equivalent_report_url":null},"geometry":{"type":"Point","coordinates":[-120.497,50.45911]}},{"type":"Feature","id":"manual:1C26","properties":{"station_id":"manual:1C26","station_type":"manual","location_id":"1C26","name":"Harry Lake","status":"Inactive","active":false,"elevation_m":1350,"operator":null,"camera_url":null,"basin_id":"4","source_object_id":2483775,"source_record_id":59,"source_layer":"WHSE_WATER_MANAGEMENT.SSL_SNOW_MSS_LOCS_SP","data_explorer_url":"https://bcmoe-prod.aquaticinformatics.net/Data/Location/Summary/Location/1C26/Interval/Latest","summary_report_url":"https://bcmoe-prod.aquaticinformatics.net/Report/Show/SnowMSS.1C26.MSS%20Report/","weekly_report_url":null,"snow_water_equivalent_report_url":null},"geometry":{"type":"Point","coordinates":[-121.612472,50.832809]}},{"type":"Feature","id":"manual:1C27","properties":{"station_id":"manual:1C27","station_type":"manual","location_id":"1C27","name":"Cornwall Hills","status":"Inactive","active":false,"elevation_m":2000,"operator":null,"camera_url":null,"basin_id":"4","source_object_id":2483776,"source_record_id":60,"source_layer":"WHSE_WATER_MANAGEMENT.SSL_SNOW_MSS_LOCS_SP","data_explorer_url":"https://bcmoe-prod.aquaticinformatics.net/Data/Location/Summary/Location/1C27/Interval/Latest","summary_report_url":"https://bcmoe-prod.aquaticinformatics.net/Report/Show/SnowMSS.1C27.MSS%20Report/","weekly_report_url":null,"snow_water_equivalent_report_url":null},"geometry":{"type":"Point","coordinates":[-121.453811,50.697879]}},{"type":"Feature","id":"manual:1C28","properties":{"station_id":"manual:1C28","station_type":"manual","location_id":"1C28","name":"Duffey Lake","status":"Active","active":true,"elevation_m":1200,"operator":null,"camera_url":null,"basin_id":"4","source_object_id":2483777,"source_record_id":61,"source_layer":"WHSE_WATER_MANAGEMENT.SSL_SNOW_MSS_LOCS_SP","data_explorer_url":"https://bcmoe-prod.aquaticinformatics.net/Data/Location/Summary/Location/1C28/Interval/Latest","summary_report_url":"https://bcmoe-prod.aquaticinformatics.net/Report/Show/SnowMSS.1C28.MSS%20Report/","weekly_report_url":null,"snow_water_equivalent_report_url":null},"geometry":{"type":"Point","coordinates":[-122.48262,50.37918]}},{"type":"Feature","id":"manual:1C29","properties":{"station_id":"manual:1C29","station_type":"manual","location_id":"1C29","name":"Shovelnose Mountain","status":"Inactive","active":false,"elevation_m":1450,"operator":null,"camera_url":null,"basin_id":"4","source_object_id":2483778,"source_record_id":62,"source_layer":"WHSE_WATER_MANAGEMENT.SSL_SNOW_MSS_LOCS_SP","data_explorer_url":"https://bcmoe-prod.aquaticinformatics.net/Data/Location/Summary/Location/1C29/Interval/Latest","summary_report_url":"https://bcmoe-prod.aquaticinformatics.net/Report/Show/SnowMSS.1C29.MSS%20Report/","weekly_report_url":null,"snow_water_equivalent_report_url":null},"geometry":{"type":"Point","coordinates":[-120.86332,49.85675]}},{"type":"Feature","id":"manual:1C30","properties":{"station_id":"manual:1C30","station_type":"manual","location_id":"1C30","name":"Spahomin","status":"Inactive","active":false,"elevation_m":1450,"operator":null,"camera_url":null,"basin_id":"4","source_object_id":2483779,"source_record_id":63,"source_layer":"WHSE_WATER_MANAGEMENT.SSL_SNOW_MSS_LOCS_SP","data_explorer_url":"https://bcmoe-prod.aquaticinformatics.net/Data/Location/Summary/Location/1C30/Interval/Latest","summary_report_url":"https://bcmoe-prod.aquaticinformatics.net/Report/Show/SnowMSS.1C30.MSS%20Report/","weekly_report_url":null,"snow_water_equivalent_report_url":null},"geometry":{"type":"Point","coordinates":[-120.35865,50.125259]}},{"type":"Feature","id":"manual:1C31","properties":{"station_id":"manual:1C31","station_type":"manual","location_id":"1C31","name":"Conant Lake","status":"Inactive","active":false,"elevation_m":1370,"operator":null,"camera_url":null,"basin_id":"4","source_object_id":2483780,"source_record_id":64,"source_layer":"WHSE_WATER_MANAGEMENT.SSL_SNOW_MSS_LOCS_SP","data_explorer_url":"https://bcmoe-prod.aquaticinformatics.net/Data/Location/Summary/Location/1C31/Interval/Latest","summary_report_url":"https://bcmoe-prod.aquaticinformatics.net/Report/Show/SnowMSS.1C31.MSS%20Report/","weekly_report_url":null,"snow_water_equivalent_report_url":null},"geometry":{"type":"Point","coordinates":[-120.536178,50.362514]}},{"type":"Feature","id":"manual:1C32","properties":{"station_id":"manual:1C32","station_type":"manual","location_id":"1C32","name":"Deadman River","status":"Inactive","active":false,"elevation_m":1430,"operator":null,"camera_url":null,"basin_id":"4","source_object_id":2483781,"source_record_id":65,"source_layer":"WHSE_WATER_MANAGEMENT.SSL_SNOW_MSS_LOCS_SP","data_explorer_url":"https://bcmoe-prod.aquaticinformatics.net/Data/Location/Summary/Location/1C32/Interval/Latest","summary_report_url":"https://bcmoe-prod.aquaticinformatics.net/Report/Show/SnowMSS.1C32.MSS%20Report/","weekly_report_url":null,"snow_water_equivalent_report_url":null},"geometry":{"type":"Point","coordinates":[-120.609886,51.098691]}},{"type":"Feature","id":"manual:1C33","properties":{"station_id":"manual:1C33","station_type":"manual","location_id":"1C33","name":"Granite Mountain","status":"Inactive","active":false,"elevation_m":1175,"operator":null,"camera_url":null,"basin_id":"4","source_object_id":2483782,"source_record_id":66,"source_layer":"WHSE_WATER_MANAGEMENT.SSL_SNOW_MSS_LOCS_SP","data_explorer_url":"https://bcmoe-prod.aquaticinformatics.net/Data/Location/Summary/Location/1C33/Interval/Latest","summary_report_url":"https://bcmoe-prod.aquaticinformatics.net/Report/Show/SnowMSS.1C33.MSS%20Report/","weekly_report_url":null,"snow_water_equivalent_report_url":null},"geometry":{"type":"Point","coordinates":[-122.271759,52.532428]}},{"type":"Feature","id":"manual:1C33A","properties":{"station_id":"manual:1C33A","station_type":"manual","location_id":"1C33A","name":"Granite Mountain","status":"Active","active":true,"elevation_m":1150,"operator":null,"camera_url":null,"basin_id":"4","source_object_id":2484199,"source_record_id":67,"source_layer":"WHSE_WATER_MANAGEMENT.SSL_SNOW_MSS_LOCS_SP","data_explorer_url":"https://bcmoe-prod.aquaticinformatics.net/Data/Location/Summary/Location/1C33A/Interval/Latest","summary_report_url":"https://bcmoe-prod.aquaticinformatics.net/Report/Show/SnowMSS.1C33A.MSS%20Report/","weekly_report_url":null,"snow_water_equivalent_report_url":null},"geometry":{"type":"Point","coordinates":[-122.2715,52.53125]}},{"type":"Feature","id":"manual:1C34","properties":{"station_id":"manual:1C34","station_type":"manual","location_id":"1C34","name":"Bonaparte Lake","status":"Inactive","active":false,"elevation_m":1450,"operator":null,"camera_url":null,"basin_id":"4","source_object_id":2484200,"source_record_id":68,"source_layer":"WHSE_WATER_MANAGEMENT.SSL_SNOW_MSS_LOCS_SP","data_explorer_url":"https://bcmoe-prod.aquaticinformatics.net/Data/Location/Summary/Location/1C34/Interval/Latest","summary_report_url":"https://bcmoe-prod.aquaticinformatics.net/Report/Show/SnowMSS.1C34.MSS%20Report/","weekly_report_url":null,"snow_water_equivalent_report_url":null},"geometry":{"type":"Point","coordinates":[-120.507888,51.330142]}},{"type":"Feature","id":"manual:1C35","properties":{"station_id":"manual:1C35","station_type":"manual","location_id":"1C35","name":"Fish Lake","status":"Inactive","active":false,"elevation_m":1500,"operator":null,"camera_url":null,"basin_id":"4","source_object_id":2484201,"source_record_id":69,"source_layer":"WHSE_WATER_MANAGEMENT.SSL_SNOW_MSS_LOCS_SP","data_explorer_url":"https://bcmoe-prod.aquaticinformatics.net/Data/Location/Summary/Location/1C35/Interval/Latest","summary_report_url":"https://bcmoe-prod.aquaticinformatics.net/Report/Show/SnowMSS.1C35.MSS%20Report/","weekly_report_url":null,"snow_water_equivalent_report_url":null},"geometry":{"type":"Point","coordinates":[-123.370002,51.279998]}},{"type":"Feature","id":"manual:1C35A","properties":{"station_id":"manual:1C35A","station_type":"manual","location_id":"1C35A","name":"Fish Lake No. 2","status":"Inactive","active":false,"elevation_m":1550,"operator":null,"camera_url":null,"basin_id":"4","source_object_id":2484202,"source_record_id":70,"source_layer":"WHSE_WATER_MANAGEMENT.SSL_SNOW_MSS_LOCS_SP","data_explorer_url":"https://bcmoe-prod.aquaticinformatics.net/Data/Location/Summary/Location/1C35A/Interval/Latest","summary_report_url":"https://bcmoe-prod.aquaticinformatics.net/Report/Show/SnowMSS.1C35A.MSS%20Report/","weekly_report_url":null,"snow_water_equivalent_report_url":null},"geometry":{"type":"Point","coordinates":[-123.400001,51.290001]}},{"type":"Feature","id":"manual:1C36","properties":{"station_id":"manual:1C36","station_type":"manual","location_id":"1C36","name":"Pavilion Mtn.","status":"Inactive","active":false,"elevation_m":1960,"operator":null,"camera_url":null,"basin_id":"4","source_object_id":2484203,"source_record_id":71,"source_layer":"WHSE_WATER_MANAGEMENT.SSL_SNOW_MSS_LOCS_SP","data_explorer_url":"https://bcmoe-prod.aquaticinformatics.net/Data/Location/Summary/Location/1C36/Interval/Latest","summary_report_url":"https://bcmoe-prod.aquaticinformatics.net/Report/Show/SnowMSS.1C36.MSS%20Report/","weekly_report_url":null,"snow_water_equivalent_report_url":null},"geometry":{"type":"Point","coordinates":[-121.43,50.59]}},{"type":"Feature","id":"manual:1C37","properties":{"station_id":"manual:1C37","station_type":"manual","location_id":"1C37","name":"Bralorne (Upper)","status":"Inactive","active":false,"elevation_m":1981,"operator":null,"camera_url":null,"basin_id":"4","source_object_id":2484204,"source_record_id":72,"source_layer":"WHSE_WATER_MANAGEMENT.SSL_SNOW_MSS_LOCS_SP","data_explorer_url":"https://bcmoe-prod.aquaticinformatics.net/Data/Location/Summary/Location/1C37/Interval/Latest","summary_report_url":"https://bcmoe-prod.aquaticinformatics.net/Report/Show/SnowMSS.1C37.MSS%20Report/","weekly_report_url":null,"snow_water_equivalent_report_url":null},"geometry":{"type":"Point","coordinates":[-122.7451288,50.7982867]}},{"type":"Feature","id":"manual:1C38","properties":{"station_id":"manual:1C38","station_type":"manual","location_id":"1C38","name":"Downton Lake Upper","status":"Inactive","active":false,"elevation_m":1887,"operator":null,"camera_url":null,"basin_id":"4","source_object_id":2484205,"source_record_id":73,"source_layer":"WHSE_WATER_MANAGEMENT.SSL_SNOW_MSS_LOCS_SP","data_explorer_url":"https://bcmoe-prod.aquaticinformatics.net/Data/Location/Summary/Location/1C38/Interval/Latest","summary_report_url":"https://bcmoe-prod.aquaticinformatics.net/Report/Show/SnowMSS.1C38.MSS%20Report/","weekly_report_url":null,"snow_water_equivalent_report_url":null},"geometry":{"type":"Point","coordinates":[-123.1833824,50.85991]}},{"type":"Feature","id":"manual:1C39","properties":{"station_id":"manual:1C39","station_type":"manual","location_id":"1C39","name":"Bridge Glacier Lower","status":"Active","active":true,"elevation_m":1390,"operator":null,"camera_url":null,"basin_id":"4","source_object_id":2484206,"source_record_id":74,"source_layer":"WHSE_WATER_MANAGEMENT.SSL_SNOW_MSS_LOCS_SP","data_explorer_url":"https://bcmoe-prod.aquaticinformatics.net/Data/Location/Summary/Location/1C39/Interval/Latest","summary_report_url":"https://bcmoe-prod.aquaticinformatics.net/Report/Show/SnowMSS.1C39.MSS%20Report/","weekly_report_url":null,"snow_water_equivalent_report_url":null},"geometry":{"type":"Point","coordinates":[-123.4587529,50.845265]}},{"type":"Feature","id":"manual:1C40","properties":{"station_id":"manual:1C40","station_type":"manual","location_id":"1C40","name":"Tyaughton Creek (North)","status":"Inactive","active":false,"elevation_m":1947,"operator":null,"camera_url":null,"basin_id":"4","source_object_id":2484207,"source_record_id":75,"source_layer":"WHSE_WATER_MANAGEMENT.SSL_SNOW_MSS_LOCS_SP","data_explorer_url":"https://bcmoe-prod.aquaticinformatics.net/Data/Location/Summary/Location/1C40/Interval/Latest","summary_report_url":"https://bcmoe-prod.aquaticinformatics.net/Report/Show/SnowMSS.1C40.MSS%20Report/","weekly_report_url":null,"snow_water_equivalent_report_url":null},"geometry":{"type":"Point","coordinates":[-122.7937893,51.1471177]}},{"type":"Feature","id":"manual:1C42","properties":{"station_id":"manual:1C42","station_type":"manual","location_id":"1C42","name":"Caverhill Lake New","status":"Active","active":true,"elevation_m":1400,"operator":null,"camera_url":null,"basin_id":"4","source_object_id":2484208,"source_record_id":76,"source_layer":"WHSE_WATER_MANAGEMENT.SSL_SNOW_MSS_LOCS_SP","data_explorer_url":"https://bcmoe-prod.aquaticinformatics.net/Data/Location/Summary/Location/1C42/Interval/Latest","summary_report_url":"https://bcmoe-prod.aquaticinformatics.net/Report/Show/SnowMSS.1C42.MSS%20Report/","weekly_report_url":null,"snow_water_equivalent_report_url":null},"geometry":{"type":"Point","coordinates":[-120.3846,51.32649]}},{"type":"Feature","id":"manual:1C46","properties":{"station_id":"manual:1C46","station_type":"manual","location_id":"1C46","name":"Pennask Creek","status":"Active","active":true,"elevation_m":1718,"operator":null,"camera_url":null,"basin_id":"4","source_object_id":2484209,"source_record_id":77,"source_layer":"WHSE_WATER_MANAGEMENT.SSL_SNOW_MSS_LOCS_SP","data_explorer_url":"https://bcmoe-prod.aquaticinformatics.net/Data/Location/Summary/Location/1C46/Interval/Latest","summary_report_url":"https://bcmoe-prod.aquaticinformatics.net/Report/Show/SnowMSS.1C46.MSS%20Report/","weekly_report_url":null,"snow_water_equivalent_report_url":null},"geometry":{"type":"Point","coordinates":[-120.017966,49.906612]}},{"type":"Feature","id":"manual:1D01","properties":{"station_id":"manual:1D01","station_type":"manual","location_id":"1D01","name":"Coquitlam Lake","status":"Inactive","active":false,"elevation_m":300,"operator":null,"camera_url":null,"basin_id":"14","source_object_id":2484210,"source_record_id":78,"source_layer":"WHSE_WATER_MANAGEMENT.SSL_SNOW_MSS_LOCS_SP","data_explorer_url":"https://bcmoe-prod.aquaticinformatics.net/Data/Location/Summary/Location/1D01/Interval/Latest","summary_report_url":"https://bcmoe-prod.aquaticinformatics.net/Report/Show/SnowMSS.1D01.MSS%20Report/","weekly_report_url":null,"snow_water_equivalent_report_url":null},"geometry":{"type":"Point","coordinates":[-122.804489,49.363876]}},{"type":"Feature","id":"manual:1D02","properties":{"station_id":"manual:1D02","station_type":"manual","location_id":"1D02","name":"Cypress Lake","status":"Inactive","active":false,"elevation_m":340,"operator":null,"camera_url":null,"basin_id":"5","source_object_id":2484211,"source_record_id":79,"source_layer":"WHSE_WATER_MANAGEMENT.SSL_SNOW_MSS_LOCS_SP","data_explorer_url":"https://bcmoe-prod.aquaticinformatics.net/Data/Location/Summary/Location/1D02/Interval/Latest","summary_report_url":"https://bcmoe-prod.aquaticinformatics.net/Report/Show/SnowMSS.1D02.MSS%20Report/","weekly_report_url":null,"snow_water_equivalent_report_url":null},"geometry":{"type":"Point","coordinates":[-122.203216,49.44215]}},{"type":"Feature","id":"manual:1D03","properties":{"station_id":"manual:1D03","station_type":"manual","location_id":"1D03","name":"Upper Stave River","status":"Inactive","active":false,"elevation_m":140,"operator":null,"camera_url":null,"basin_id":"5","source_object_id":2484212,"source_record_id":80,"source_layer":"WHSE_WATER_MANAGEMENT.SSL_SNOW_MSS_LOCS_SP","data_explorer_url":"https://bcmoe-prod.aquaticinformatics.net/Data/Location/Summary/Location/1D03/Interval/Latest","summary_report_url":"https://bcmoe-prod.aquaticinformatics.net/Report/Show/SnowMSS.1D03.MSS%20Report/","weekly_report_url":null,"snow_water_equivalent_report_url":null},"geometry":{"type":"Point","coordinates":[-122.24279,49.518692]}},{"type":"Feature","id":"manual:1D04","properties":{"station_id":"manual:1D04","station_type":"manual","location_id":"1D04","name":"Alouette Lake","status":"Inactive","active":false,"elevation_m":460,"operator":null,"camera_url":null,"basin_id":"5","source_object_id":2484213,"source_record_id":81,"source_layer":"WHSE_WATER_MANAGEMENT.SSL_SNOW_MSS_LOCS_SP","data_explorer_url":"https://bcmoe-prod.aquaticinformatics.net/Data/Location/Summary/Location/1D04/Interval/Latest","summary_report_url":"https://bcmoe-prod.aquaticinformatics.net/Report/Show/SnowMSS.1D04.MSS%20Report/","weekly_report_url":null,"snow_water_equivalent_report_url":null},"geometry":{"type":"Point","coordinates":[-122.319999,49.415527]}},{"type":"Feature","id":"manual:1D05","properties":{"station_id":"manual:1D05","station_type":"manual","location_id":"1D05","name":"Steelhead","status":"Inactive","active":false,"elevation_m":580,"operator":null,"camera_url":null,"basin_id":"5","source_object_id":2484214,"source_record_id":82,"source_layer":"WHSE_WATER_MANAGEMENT.SSL_SNOW_MSS_LOCS_SP","data_explorer_url":"https://bcmoe-prod.aquaticinformatics.net/Data/Location/Summary/Location/1D05/Interval/Latest","summary_report_url":"https://bcmoe-prod.aquaticinformatics.net/Report/Show/SnowMSS.1D05.MSS%20Report/","weekly_report_url":null,"snow_water_equivalent_report_url":null},"geometry":{"type":"Point","coordinates":[-122.265365,49.233757]}},{"type":"Feature","id":"manual:1D06","properties":{"station_id":"manual:1D06","station_type":"manual","location_id":"1D06","name":"Tenquille Lake","status":"Inactive","active":false,"elevation_m":1680,"operator":null,"camera_url":null,"basin_id":"5","source_object_id":2484215,"source_record_id":83,"source_layer":"WHSE_WATER_MANAGEMENT.SSL_SNOW_MSS_LOCS_SP","data_explorer_url":"https://bcmoe-prod.aquaticinformatics.net/Data/Location/Summary/Location/1D06/Interval/Latest","summary_report_url":"https://bcmoe-prod.aquaticinformatics.net/Report/Show/SnowMSS.1D06.MSS%20Report/","weekly_report_url":null,"snow_water_equivalent_report_url":null},"geometry":{"type":"Point","coordinates":[-122.92996,50.53625]}},{"type":"Feature","id":"manual:1D07","properties":{"station_id":"manual:1D07","station_type":"manual","location_id":"1D07","name":"Hope","status":"Inactive","active":false,"elevation_m":70,"operator":null,"camera_url":null,"basin_id":"5","source_object_id":2484216,"source_record_id":84,"source_layer":"WHSE_WATER_MANAGEMENT.SSL_SNOW_MSS_LOCS_SP","data_explorer_url":"https://bcmoe-prod.aquaticinformatics.net/Data/Location/Summary/Location/1D07/Interval/Latest","summary_report_url":"https://bcmoe-prod.aquaticinformatics.net/Report/Show/SnowMSS.1D07.MSS%20Report/","weekly_report_url":null,"snow_water_equivalent_report_url":null},"geometry":{"type":"Point","coordinates":[-121.380546,49.440616]}},{"type":"Feature","id":"manual:1D08","properties":{"station_id":"manual:1D08","station_type":"manual","location_id":"1D08","name":"Stave Lake","status":"Inactive","active":false,"elevation_m":1250,"operator":null,"camera_url":null,"basin_id":"5","source_object_id":2484217,"source_record_id":85,"source_layer":"WHSE_WATER_MANAGEMENT.SSL_SNOW_MSS_LOCS_SP","data_explorer_url":"https://bcmoe-prod.aquaticinformatics.net/Data/Location/Summary/Location/1D08/Interval/Latest","summary_report_url":"https://bcmoe-prod.aquaticinformatics.net/Report/Show/SnowMSS.1D08.MSS%20Report/","weekly_report_url":null,"snow_water_equivalent_report_url":null},"geometry":{"type":"Point","coordinates":[-122.3155905,49.5798812]}},{"type":"Feature","id":"manual:1D09","properties":{"station_id":"manual:1D09","station_type":"manual","location_id":"1D09","name":"Wahleach Lake","status":"Inactive","active":false,"elevation_m":1480,"operator":null,"camera_url":null,"basin_id":"5","source_object_id":2484218,"source_record_id":86,"source_layer":"WHSE_WATER_MANAGEMENT.SSL_SNOW_MSS_LOCS_SP","data_explorer_url":"https://bcmoe-prod.aquaticinformatics.net/Data/Location/Summary/Location/1D09/Interval/Latest","summary_report_url":"https://bcmoe-prod.aquaticinformatics.net/Report/Show/SnowMSS.1D09.MSS%20Report/","weekly_report_url":null,"snow_water_equivalent_report_url":null},"geometry":{"type":"Point","coordinates":[-121.580187,49.2320608]}},{"type":"Feature","id":"manual:1D10","properties":{"station_id":"manual:1D10","station_type":"manual","location_id":"1D10","name":"Nahatlatch River","status":"Active","active":true,"elevation_m":1550,"operator":null,"camera_url":null,"basin_id":"5","source_object_id":2484219,"source_record_id":87,"source_layer":"WHSE_WATER_MANAGEMENT.SSL_SNOW_MSS_LOCS_SP","data_explorer_url":"https://bcmoe-prod.aquaticinformatics.net/Data/Location/Summary/Location/1D10/Interval/Latest","summary_report_url":"https://bcmoe-prod.aquaticinformatics.net/Report/Show/SnowMSS.1D10.MSS%20Report/","weekly_report_url":null,"snow_water_equivalent_report_url":null},"geometry":{"type":"Point","coordinates":[-122.0594046,49.8256119]}},{"type":"Feature","id":"manual:1D11","properties":{"station_id":"manual:1D11","station_type":"manual","location_id":"1D11","name":"Boston Bar Creek (Upper)","status":"Inactive","active":false,"elevation_m":1340,"operator":null,"camera_url":null,"basin_id":"5","source_object_id":2484220,"source_record_id":88,"source_layer":"WHSE_WATER_MANAGEMENT.SSL_SNOW_MSS_LOCS_SP","data_explorer_url":"https://bcmoe-prod.aquaticinformatics.net/Data/Location/Summary/Location/1D11/Interval/Latest","summary_report_url":"https://bcmoe-prod.aquaticinformatics.net/Report/Show/SnowMSS.1D11.MSS%20Report/","weekly_report_url":null,"snow_water_equivalent_report_url":null},"geometry":{"type":"Point","coordinates":[-121.216247,49.584667]}},{"type":"Feature","id":"manual:1D12","properties":{"station_id":"manual:1D12","station_type":"manual","location_id":"1D12","name":"Boston Bar Creek (Lower)","status":"Inactive","active":false,"elevation_m":1230,"operator":null,"camera_url":null,"basin_id":"5","source_object_id":2484221,"source_record_id":89,"source_layer":"WHSE_WATER_MANAGEMENT.SSL_SNOW_MSS_LOCS_SP","data_explorer_url":"https://bcmoe-prod.aquaticinformatics.net/Data/Location/Summary/Location/1D12/Interval/Latest","summary_report_url":"https://bcmoe-prod.aquaticinformatics.net/Report/Show/SnowMSS.1D12.MSS%20Report/","weekly_report_url":null,"snow_water_equivalent_report_url":null},"geometry":{"type":"Point","coordinates":[-121.102493,49.594291]}},{"type":"Feature","id":"manual:1D13","properties":{"station_id":"manual:1D13","station_type":"manual","location_id":"1D13","name":"Wolverine Creek","status":"Inactive","active":false,"elevation_m":250,"operator":null,"camera_url":null,"basin_id":"5","source_object_id":2484222,"source_record_id":90,"source_layer":"WHSE_WATER_MANAGEMENT.SSL_SNOW_MSS_LOCS_SP","data_explorer_url":"https://bcmoe-prod.aquaticinformatics.net/Data/Location/Summary/Location/1D13/Interval/Latest","summary_report_url":"https://bcmoe-prod.aquaticinformatics.net/Report/Show/SnowMSS.1D13.MSS%20Report/","weekly_report_url":null,"snow_water_equivalent_report_url":null},"geometry":{"type":"Point","coordinates":[-122.978897,50.505828]}},{"type":"Feature","id":"manual:1D14","properties":{"station_id":"manual:1D14","station_type":"manual","location_id":"1D14","name":"Ottomite","status":"Inactive","active":false,"elevation_m":1460,"operator":null,"camera_url":null,"basin_id":"5","source_object_id":2484223,"source_record_id":91,"source_layer":"WHSE_WATER_MANAGEMENT.SSL_SNOW_MSS_LOCS_SP","data_explorer_url":"https://bcmoe-prod.aquaticinformatics.net/Data/Location/Summary/Location/1D14/Interval/Latest","summary_report_url":"https://bcmoe-prod.aquaticinformatics.net/Report/Show/SnowMSS.1D14.MSS%20Report/","weekly_report_url":null,"snow_water_equivalent_report_url":null},"geometry":{"type":"Point","coordinates":[-121.153656,49.60276]}},{"type":"Feature","id":"manual:1D15","properties":{"station_id":"manual:1D15","station_type":"manual","location_id":"1D15","name":"Great Bear","status":"Inactive","active":false,"elevation_m":1660,"operator":null,"camera_url":null,"basin_id":"5","source_object_id":2484224,"source_record_id":92,"source_layer":"WHSE_WATER_MANAGEMENT.SSL_SNOW_MSS_LOCS_SP","data_explorer_url":"https://bcmoe-prod.aquaticinformatics.net/Data/Location/Summary/Location/1D15/Interval/Latest","summary_report_url":"https://bcmoe-prod.aquaticinformatics.net/Report/Show/SnowMSS.1D15.MSS%20Report/","weekly_report_url":null,"snow_water_equivalent_report_url":null},"geometry":{"type":"Point","coordinates":[-121.107109,49.486042]}},{"type":"Feature","id":"manual:1D16","properties":{"station_id":"manual:1D16","station_type":"manual","location_id":"1D16","name":"Dickson Lake","status":"Active","active":true,"elevation_m":1160,"operator":null,"camera_url":null,"basin_id":"5","source_object_id":2484225,"source_record_id":93,"source_layer":"WHSE_WATER_MANAGEMENT.SSL_SNOW_MSS_LOCS_SP","data_explorer_url":"https://bcmoe-prod.aquaticinformatics.net/Data/Location/Summary/Location/1D16/Interval/Latest","summary_report_url":"https://bcmoe-prod.aquaticinformatics.net/Report/Show/SnowMSS.1D16.MSS%20Report/","weekly_report_url":null,"snow_water_equivalent_report_url":null},"geometry":{"type":"Point","coordinates":[-122.0689312,49.3162867]}},{"type":"Feature","id":"manual:1D18","properties":{"station_id":"manual:1D18","station_type":"manual","location_id":"1D18","name":"Disappointment Lake","status":"Active","active":true,"elevation_m":1050,"operator":null,"camera_url":null,"basin_id":"5","source_object_id":2484226,"source_record_id":94,"source_layer":"WHSE_WATER_MANAGEMENT.SSL_SNOW_MSS_LOCS_SP","data_explorer_url":"https://bcmoe-prod.aquaticinformatics.net/Data/Location/Summary/Location/1D18/Interval/Latest","summary_report_url":"https://bcmoe-prod.aquaticinformatics.net/Report/Show/SnowMSS.1D18.MSS%20Report/","weekly_report_url":null,"snow_water_equivalent_report_url":null},"geometry":{"type":"Point","coordinates":[-122.758611,49.554483]}},{"type":"Feature","id":"manual:1E01","properties":{"station_id":"manual:1E01","station_type":"manual","location_id":"1E01","name":"Blue River","status":"Inactive","active":false,"elevation_m":690,"operator":null,"camera_url":null,"basin_id":"6","source_object_id":2484227,"source_record_id":95,"source_layer":"WHSE_WATER_MANAGEMENT.SSL_SNOW_MSS_LOCS_SP","data_explorer_url":"https://bcmoe-prod.aquaticinformatics.net/Data/Location/Summary/Location/1E01/Interval/Latest","summary_report_url":"https://bcmoe-prod.aquaticinformatics.net/Report/Show/SnowMSS.1E01.MSS%20Report/","weekly_report_url":null,"snow_water_equivalent_report_url":null},"geometry":{"type":"Point","coordinates":[-119.241294,52.167964]}},{"type":"Feature","id":"manual:1E01A","properties":{"station_id":"manual:1E01A","station_type":"manual","location_id":"1E01A","name":"Blue River Town","status":"Inactive","active":false,"elevation_m":670,"operator":null,"camera_url":null,"basin_id":"6","source_object_id":2484228,"source_record_id":96,"source_layer":"WHSE_WATER_MANAGEMENT.SSL_SNOW_MSS_LOCS_SP","data_explorer_url":"https://bcmoe-prod.aquaticinformatics.net/Data/Location/Summary/Location/1E01A/Interval/Latest","summary_report_url":"https://bcmoe-prod.aquaticinformatics.net/Report/Show/SnowMSS.1E01A.MSS%20Report/","weekly_report_url":null,"snow_water_equivalent_report_url":null},"geometry":{"type":"Point","coordinates":[-119.270652,52.119682]}},{"type":"Feature","id":"manual:1E01B","properties":{"station_id":"manual:1E01B","station_type":"manual","location_id":"1E01B","name":"Blue River","status":"Active","active":true,"elevation_m":670,"operator":null,"camera_url":null,"basin_id":"6","source_object_id":2484229,"source_record_id":97,"source_layer":"WHSE_WATER_MANAGEMENT.SSL_SNOW_MSS_LOCS_SP","data_explorer_url":"https://bcmoe-prod.aquaticinformatics.net/Data/Location/Summary/Location/1E01B/Interval/Latest","summary_report_url":"https://bcmoe-prod.aquaticinformatics.net/Report/Show/SnowMSS.1E01B.MSS%20Report/","weekly_report_url":null,"snow_water_equivalent_report_url":null},"geometry":{"type":"Point","coordinates":[-119.2895,52.13308]}},{"type":"Feature","id":"manual:1E02","properties":{"station_id":"manual:1E02","station_type":"manual","location_id":"1E02","name":"Mount Cook","status":"Inactive","active":false,"elevation_m":1830,"operator":null,"camera_url":null,"basin_id":"6","source_object_id":2484230,"source_record_id":98,"source_layer":"WHSE_WATER_MANAGEMENT.SSL_SNOW_MSS_LOCS_SP","data_explorer_url":"https://bcmoe-prod.aquaticinformatics.net/Data/Location/Summary/Location/1E02/Interval/Latest","summary_report_url":"https://bcmoe-prod.aquaticinformatics.net/Report/Show/SnowMSS.1E02.MSS%20Report/","weekly_report_url":null,"snow_water_equivalent_report_url":null},"geometry":{"type":"Point","coordinates":[-119.325881,52.227588]}},{"type":"Feature","id":"manual:1E02A","properties":{"station_id":"manual:1E02A","station_type":"manual","location_id":"1E02A","name":"Mount Cook","status":"Inactive","active":false,"elevation_m":1570,"operator":null,"camera_url":null,"basin_id":"6","source_object_id":2484231,"source_record_id":99,"source_layer":"WHSE_WATER_MANAGEMENT.SSL_SNOW_MSS_LOCS_SP","data_explorer_url":"https://bcmoe-prod.aquaticinformatics.net/Data/Location/Summary/Location/1E02A/Interval/Latest","summary_report_url":"https://bcmoe-prod.aquaticinformatics.net/Report/Show/SnowMSS.1E02A.MSS%20Report/","weekly_report_url":null,"snow_water_equivalent_report_url":null},"geometry":{"type":"Point","coordinates":[-119.3227,52.18214]}},{"type":"Feature","id":"manual:1E03","properties":{"station_id":"manual:1E03","station_type":"manual","location_id":"1E03","name":"Trophy Mountain","status":"Inactive","active":false,"elevation_m":1900,"operator":null,"camera_url":null,"basin_id":"6","source_object_id":2484232,"source_record_id":100,"source_layer":"WHSE_WATER_MANAGEMENT.SSL_SNOW_MSS_LOCS_SP","data_explorer_url":"https://bcmoe-prod.aquaticinformatics.net/Data/Location/Summary/Location/1E03/Interval/Latest","summary_report_url":"https://bcmoe-prod.aquaticinformatics.net/Report/Show/SnowMSS.1E03.MSS%20Report/","weekly_report_url":null,"snow_water_equivalent_report_url":null},"geometry":{"type":"Point","coordinates":[-119.958679,51.773571]}},{"type":"Feature","id":"manual:1E03A","properties":{"station_id":"manual:1E03A","station_type":"manual","location_id":"1E03A","name":"Trophy Mountain","status":"Active","active":true,"elevation_m":1860,"operator":null,"camera_url":null,"basin_id":"6","source_object_id":2484233,"source_record_id":101,"source_layer":"WHSE_WATER_MANAGEMENT.SSL_SNOW_MSS_LOCS_SP","data_explorer_url":"https://bcmoe-prod.aquaticinformatics.net/Data/Location/Summary/Location/1E03A/Interval/Latest","summary_report_url":"https://bcmoe-prod.aquaticinformatics.net/Report/Show/SnowMSS.1E03A.MSS%20Report/","weekly_report_url":null,"snow_water_equivalent_report_url":null},"geometry":{"type":"Point","coordinates":[-119.9388,51.80811]}},{"type":"Feature","id":"manual:1E04","properties":{"station_id":"manual:1E04","station_type":"manual","location_id":"1E04","name":"Mount Albreda","status":"Inactive","active":false,"elevation_m":1920,"operator":null,"camera_url":null,"basin_id":"6","source_object_id":2484234,"source_record_id":102,"source_layer":"WHSE_WATER_MANAGEMENT.SSL_SNOW_MSS_LOCS_SP","data_explorer_url":"https://bcmoe-prod.aquaticinformatics.net/Data/Location/Summary/Location/1E04/Interval/Latest","summary_report_url":"https://bcmoe-prod.aquaticinformatics.net/Report/Show/SnowMSS.1E04.MSS%20Report/","weekly_report_url":null,"snow_water_equivalent_report_url":null},"geometry":{"type":"Point","coordinates":[-119.048401,52.499488]}},{"type":"Feature","id":"manual:1E05","properties":{"station_id":"manual:1E05","station_type":"manual","location_id":"1E05","name":"Knouff Lake","status":"Inactive","active":false,"elevation_m":1200,"operator":null,"camera_url":null,"basin_id":"6","source_object_id":2484235,"source_record_id":103,"source_layer":"WHSE_WATER_MANAGEMENT.SSL_SNOW_MSS_LOCS_SP","data_explorer_url":"https://bcmoe-prod.aquaticinformatics.net/Data/Location/Summary/Location/1E05/Interval/Latest","summary_report_url":"https://bcmoe-prod.aquaticinformatics.net/Report/Show/SnowMSS.1E05.MSS%20Report/","weekly_report_url":null,"snow_water_equivalent_report_url":null},"geometry":{"type":"Point","coordinates":[-120.1333,50.9833]}},{"type":"Feature","id":"manual:1E06","properties":{"station_id":"manual:1E06","station_type":"manual","location_id":"1E06","name":"Cook Forks","status":"Inactive","active":false,"elevation_m":1390,"operator":null,"camera_url":null,"basin_id":"6","source_object_id":2484236,"source_record_id":104,"source_layer":"WHSE_WATER_MANAGEMENT.SSL_SNOW_MSS_LOCS_SP","data_explorer_url":"https://bcmoe-prod.aquaticinformatics.net/Data/Location/Summary/Location/1E06/Interval/Latest","summary_report_url":"https://bcmoe-prod.aquaticinformatics.net/Report/Show/SnowMSS.1E06.MSS%20Report/","weekly_report_url":null,"snow_water_equivalent_report_url":null},"geometry":{"type":"Point","coordinates":[-119.3167,52.16667]}},{"type":"Feature","id":"manual:1E07","properties":{"station_id":"manual:1E07","station_type":"manual","location_id":"1E07","name":"Adams River","status":"Active","active":true,"elevation_m":1720,"operator":null,"camera_url":null,"basin_id":"6","source_object_id":2484237,"source_record_id":105,"source_layer":"WHSE_WATER_MANAGEMENT.SSL_SNOW_MSS_LOCS_SP","data_explorer_url":"https://bcmoe-prod.aquaticinformatics.net/Data/Location/Summary/Location/1E07/Interval/Latest","summary_report_url":"https://bcmoe-prod.aquaticinformatics.net/Report/Show/SnowMSS.1E07.MSS%20Report/","weekly_report_url":null,"snow_water_equivalent_report_url":null},"geometry":{"type":"Point","coordinates":[-119.4267,51.58406]}},{"type":"Feature","id":"manual:1E08","properties":{"station_id":"manual:1E08","station_type":"manual","location_id":"1E08","name":"Azure River","status":"Inactive","active":false,"elevation_m":1640,"operator":null,"camera_url":null,"basin_id":"6","source_object_id":2484238,"source_record_id":106,"source_layer":"WHSE_WATER_MANAGEMENT.SSL_SNOW_MSS_LOCS_SP","data_explorer_url":"https://bcmoe-prod.aquaticinformatics.net/Data/Location/Summary/Location/1E08/Interval/Latest","summary_report_url":"https://bcmoe-prod.aquaticinformatics.net/Report/Show/SnowMSS.1E08.MSS%20Report/","weekly_report_url":null,"snow_water_equivalent_report_url":null},"geometry":{"type":"Point","coordinates":[-119.722694,52.595917]}},{"type":"Feature","id":"manual:1E10","properties":{"station_id":"manual:1E10","station_type":"manual","location_id":"1E10","name":"Kostal Lake","status":"Inactive","active":false,"elevation_m":1770,"operator":null,"camera_url":null,"basin_id":"6","source_object_id":2484239,"source_record_id":107,"source_layer":"WHSE_WATER_MANAGEMENT.SSL_SNOW_MSS_LOCS_SP","data_explorer_url":"https://bcmoe-prod.aquaticinformatics.net/Data/Location/Summary/Location/1E10/Interval/Latest","summary_report_url":"https://bcmoe-prod.aquaticinformatics.net/Report/Show/SnowMSS.1E10.MSS%20Report/","weekly_report_url":null,"snow_water_equivalent_report_url":null},"geometry":{"type":"Point","coordinates":[-120.016944,52.203334]}},{"type":"Feature","id":"manual:1E11","properties":{"station_id":"manual:1E11","station_type":"manual","location_id":"1E11","name":"Mount Saint Anne","status":"Inactive","active":false,"elevation_m":1770,"operator":null,"camera_url":null,"basin_id":"6","source_object_id":2484240,"source_record_id":108,"source_layer":"WHSE_WATER_MANAGEMENT.SSL_SNOW_MSS_LOCS_SP","data_explorer_url":"https://bcmoe-prod.aquaticinformatics.net/Data/Location/Summary/Location/1E11/Interval/Latest","summary_report_url":"https://bcmoe-prod.aquaticinformatics.net/Report/Show/SnowMSS.1E11.MSS%20Report/","weekly_report_url":null,"snow_water_equivalent_report_url":null},"geometry":{"type":"Point","coordinates":[-119.234527,52.261878]}},{"type":"Feature","id":"manual:1E12","properties":{"station_id":"manual:1E12","station_type":"manual","location_id":"1E12","name":"Mcqueen Lake","status":"Inactive","active":false,"elevation_m":1100,"operator":null,"camera_url":null,"basin_id":"6","source_object_id":2484241,"source_record_id":109,"source_layer":"WHSE_WATER_MANAGEMENT.SSL_SNOW_MSS_LOCS_SP","data_explorer_url":"https://bcmoe-prod.aquaticinformatics.net/Data/Location/Summary/Location/1E12/Interval/Latest","summary_report_url":"https://bcmoe-prod.aquaticinformatics.net/Report/Show/SnowMSS.1E12.MSS%20Report/","weekly_report_url":null,"snow_water_equivalent_report_url":null},"geometry":{"type":"Point","coordinates":[-120.395347,50.794624]}},{"type":"Feature","id":"manual:1E13","properties":{"station_id":"manual:1E13","station_type":"manual","location_id":"1E13","name":"North Clemina Creek","status":"Inactive","active":false,"elevation_m":1860,"operator":null,"camera_url":null,"basin_id":"6","source_object_id":2484242,"source_record_id":110,"source_layer":"WHSE_WATER_MANAGEMENT.SSL_SNOW_MSS_LOCS_SP","data_explorer_url":"https://bcmoe-prod.aquaticinformatics.net/Data/Location/Summary/Location/1E13/Interval/Latest","summary_report_url":"https://bcmoe-prod.aquaticinformatics.net/Report/Show/SnowMSS.1E13.MSS%20Report/","weekly_report_url":null,"snow_water_equivalent_report_url":null},"geometry":{"type":"Point","coordinates":[-118.951606,52.56295]}},{"type":"Feature","id":"manual:1F01","properties":{"station_id":"manual:1F01","station_type":"manual","location_id":"1F01","name":"Aberdeen Lake","status":"Inactive","active":false,"elevation_m":1310,"operator":null,"camera_url":null,"basin_id":"7","source_object_id":2484243,"source_record_id":111,"source_layer":"WHSE_WATER_MANAGEMENT.SSL_SNOW_MSS_LOCS_SP","data_explorer_url":"https://bcmoe-prod.aquaticinformatics.net/Data/Location/Summary/Location/1F01/Interval/Latest","summary_report_url":"https://bcmoe-prod.aquaticinformatics.net/Report/Show/SnowMSS.1F01.MSS%20Report/","weekly_report_url":null,"snow_water_equivalent_report_url":null},"geometry":{"type":"Point","coordinates":[-119.092033,50.110721]}},{"type":"Feature","id":"manual:1F01A","properties":{"station_id":"manual:1F01A","station_type":"manual","location_id":"1F01A","name":"Aberdeen Lake","status":"Active","active":true,"elevation_m":1310,"operator":null,"camera_url":null,"basin_id":"7","source_object_id":2484244,"source_record_id":112,"source_layer":"WHSE_WATER_MANAGEMENT.SSL_SNOW_MSS_LOCS_SP","data_explorer_url":"https://bcmoe-prod.aquaticinformatics.net/Data/Location/Summary/Location/1F01A/Interval/Latest","summary_report_url":"https://bcmoe-prod.aquaticinformatics.net/Report/Show/SnowMSS.1F01A.MSS%20Report/","weekly_report_url":null,"snow_water_equivalent_report_url":null},"geometry":{"type":"Point","coordinates":[-119.0534,50.14733]}},{"type":"Feature","id":"manual:1F01B","properties":{"station_id":"manual:1F01B","station_type":"manual","location_id":"1F01B","name":"Haddo Lake","status":"Inactive","active":false,"elevation_m":1300,"operator":null,"camera_url":null,"basin_id":"7","source_object_id":2484245,"source_record_id":113,"source_layer":"WHSE_WATER_MANAGEMENT.SSL_SNOW_MSS_LOCS_SP","data_explorer_url":"https://bcmoe-prod.aquaticinformatics.net/Data/Location/Summary/Location/1F01B/Interval/Latest","summary_report_url":"https://bcmoe-prod.aquaticinformatics.net/Report/Show/SnowMSS.1F01B.MSS%20Report/","weekly_report_url":null,"snow_water_equivalent_report_url":null},"geometry":{"type":"Point","coordinates":[-119.110512,50.073745]}},{"type":"Feature","id":"manual:1F02","properties":{"station_id":"manual:1F02","station_type":"manual","location_id":"1F02","name":"Anglemont","status":"Active","active":true,"elevation_m":1190,"operator":null,"camera_url":null,"basin_id":"7","source_object_id":2484246,"source_record_id":114,"source_layer":"WHSE_WATER_MANAGEMENT.SSL_SNOW_MSS_LOCS_SP","data_explorer_url":"https://bcmoe-prod.aquaticinformatics.net/Data/Location/Summary/Location/1F02/Interval/Latest","summary_report_url":"https://bcmoe-prod.aquaticinformatics.net/Report/Show/SnowMSS.1F02.MSS%20Report/","weekly_report_url":null,"snow_water_equivalent_report_url":null},"geometry":{"type":"Point","coordinates":[-119.186386,50.999721]}},{"type":"Feature","id":"manual:1F03","properties":{"station_id":"manual:1F03","station_type":"manual","location_id":"1F03","name":"Park Mountain","status":"Inactive","active":false,"elevation_m":1890,"operator":null,"camera_url":null,"basin_id":"7","source_object_id":2484247,"source_record_id":115,"source_layer":"WHSE_WATER_MANAGEMENT.SSL_SNOW_MSS_LOCS_SP","data_explorer_url":"https://bcmoe-prod.aquaticinformatics.net/Data/Location/Summary/Location/1F03/Interval/Latest","summary_report_url":"https://bcmoe-prod.aquaticinformatics.net/Report/Show/SnowMSS.1F03.MSS%20Report/","weekly_report_url":null,"snow_water_equivalent_report_url":null},"geometry":{"type":"Point","coordinates":[-118.616523,50.446899]}},{"type":"Feature","id":"manual:1F04","properties":{"station_id":"manual:1F04","station_type":"manual","location_id":"1F04","name":"Enderby","status":"Inactive","active":false,"elevation_m":1900,"operator":null,"camera_url":null,"basin_id":"7","source_object_id":2484248,"source_record_id":116,"source_layer":"WHSE_WATER_MANAGEMENT.SSL_SNOW_MSS_LOCS_SP","data_explorer_url":"https://bcmoe-prod.aquaticinformatics.net/Data/Location/Summary/Location/1F04/Interval/Latest","summary_report_url":"https://bcmoe-prod.aquaticinformatics.net/Report/Show/SnowMSS.1F04.MSS%20Report/","weekly_report_url":null,"snow_water_equivalent_report_url":null},"geometry":{"type":"Point","coordinates":[-118.926903,50.653025]}},{"type":"Feature","id":"manual:1F05","properties":{"station_id":"manual:1F05","station_type":"manual","location_id":"1F05","name":"Humamilt Lake","status":"Inactive","active":false,"elevation_m":1280,"operator":null,"camera_url":null,"basin_id":"7","source_object_id":2484249,"source_record_id":117,"source_layer":"WHSE_WATER_MANAGEMENT.SSL_SNOW_MSS_LOCS_SP","data_explorer_url":"https://bcmoe-prod.aquaticinformatics.net/Data/Location/Summary/Location/1F05/Interval/Latest","summary_report_url":"https://bcmoe-prod.aquaticinformatics.net/Report/Show/SnowMSS.1F05.MSS%20Report/","weekly_report_url":null,"snow_water_equivalent_report_url":null},"geometry":{"type":"Point","coordinates":[-119.103507,51.330181]}},{"type":"Feature","id":"manual:2A01","properties":{"station_id":"manual:2A01","station_type":"manual","location_id":"2A01","name":"Canoe River","status":"Inactive","active":false,"elevation_m":1040,"operator":null,"camera_url":null,"basin_id":"8","source_object_id":2484250,"source_record_id":118,"source_layer":"WHSE_WATER_MANAGEMENT.SSL_SNOW_MSS_LOCS_SP","data_explorer_url":"https://bcmoe-prod.aquaticinformatics.net/Data/Location/Summary/Location/2A01/Interval/Latest","summary_report_url":"https://bcmoe-prod.aquaticinformatics.net/Report/Show/SnowMSS.2A01.MSS%20Report/","weekly_report_url":null,"snow_water_equivalent_report_url":null},"geometry":{"type":"Point","coordinates":[-119.176948,52.819549]}},{"type":"Feature","id":"manual:2A01A","properties":{"station_id":"manual:2A01A","station_type":"manual","location_id":"2A01A","name":"Canoe River","status":"Inactive","active":false,"elevation_m":870,"operator":null,"camera_url":null,"basin_id":"8","source_object_id":2484251,"source_record_id":119,"source_layer":"WHSE_WATER_MANAGEMENT.SSL_SNOW_MSS_LOCS_SP","data_explorer_url":"https://bcmoe-prod.aquaticinformatics.net/Data/Location/Summary/Location/2A01A/Interval/Latest","summary_report_url":"https://bcmoe-prod.aquaticinformatics.net/Report/Show/SnowMSS.2A01A.MSS%20Report/","weekly_report_url":null,"snow_water_equivalent_report_url":null},"geometry":{"type":"Point","coordinates":[-119.27111,52.779445]}},{"type":"Feature","id":"manual:2A02","properties":{"station_id":"manual:2A02","station_type":"manual","location_id":"2A02","name":"Glacier","status":"Active","active":true,"elevation_m":1250,"operator":null,"camera_url":null,"basin_id":"8","source_object_id":2484252,"source_record_id":120,"source_layer":"WHSE_WATER_MANAGEMENT.SSL_SNOW_MSS_LOCS_SP","data_explorer_url":"https://bcmoe-prod.aquaticinformatics.net/Data/Location/Summary/Location/2A02/Interval/Latest","summary_report_url":"https://bcmoe-prod.aquaticinformatics.net/Report/Show/SnowMSS.2A02.MSS%20Report/","weekly_report_url":null,"snow_water_equivalent_report_url":null},"geometry":{"type":"Point","coordinates":[-117.491386,51.254165]}},{"type":"Feature","id":"manual:2A02A","properties":{"station_id":"manual:2A02A","station_type":"manual","location_id":"2A02A","name":"New Glacier","status":"Inactive","active":false,"elevation_m":1250,"operator":null,"camera_url":null,"basin_id":"8","source_object_id":2484253,"source_record_id":121,"source_layer":"WHSE_WATER_MANAGEMENT.SSL_SNOW_MSS_LOCS_SP","data_explorer_url":"https://bcmoe-prod.aquaticinformatics.net/Data/Location/Summary/Location/2A02A/Interval/Latest","summary_report_url":"https://bcmoe-prod.aquaticinformatics.net/Report/Show/SnowMSS.2A02A.MSS%20Report/","weekly_report_url":null,"snow_water_equivalent_report_url":null},"geometry":{"type":"Point","coordinates":[-117.468467,51.265895]}},{"type":"Feature","id":"manual:2A03","properties":{"station_id":"manual:2A03","station_type":"manual","location_id":"2A03","name":"Field","status":"Inactive","active":false,"elevation_m":1160,"operator":null,"camera_url":null,"basin_id":"8","source_object_id":2484254,"source_record_id":122,"source_layer":"WHSE_WATER_MANAGEMENT.SSL_SNOW_MSS_LOCS_SP","data_explorer_url":"https://bcmoe-prod.aquaticinformatics.net/Data/Location/Summary/Location/2A03/Interval/Latest","summary_report_url":"https://bcmoe-prod.aquaticinformatics.net/Report/Show/SnowMSS.2A03.MSS%20Report/","weekly_report_url":null,"snow_water_equivalent_report_url":null},"geometry":{"type":"Point","coordinates":[-116.495002,51.311962]}},{"type":"Feature","id":"manual:2A03A","properties":{"station_id":"manual:2A03A","station_type":"manual","location_id":"2A03A","name":"Field","status":"Active","active":true,"elevation_m":1285,"operator":null,"camera_url":null,"basin_id":"8","source_object_id":2484255,"source_record_id":123,"source_layer":"WHSE_WATER_MANAGEMENT.SSL_SNOW_MSS_LOCS_SP","data_explorer_url":"https://bcmoe-prod.aquaticinformatics.net/Data/Location/Summary/Location/2A03A/Interval/Latest","summary_report_url":"https://bcmoe-prod.aquaticinformatics.net/Report/Show/SnowMSS.2A03A.MSS%20Report/","weekly_report_url":null,"snow_water_equivalent_report_url":null},"geometry":{"type":"Point","coordinates":[-116.508331,51.38972]}},{"type":"Feature","id":"manual:2A04","properties":{"station_id":"manual:2A04","station_type":"manual","location_id":"2A04","name":"Invermere","status":"Inactive","active":false,"elevation_m":1040,"operator":null,"camera_url":null,"basin_id":"8","source_object_id":2484256,"source_record_id":124,"source_layer":"WHSE_WATER_MANAGEMENT.SSL_SNOW_MSS_LOCS_SP","data_explorer_url":"https://bcmoe-prod.aquaticinformatics.net/Data/Location/Summary/Location/2A04/Interval/Latest","summary_report_url":"https://bcmoe-prod.aquaticinformatics.net/Report/Show/SnowMSS.2A04.MSS%20Report/","weekly_report_url":null,"snow_water_equivalent_report_url":null},"geometry":{"type":"Point","coordinates":[-116.088569,50.475238]}},{"type":"Feature","id":"manual:2A04A","properties":{"station_id":"manual:2A04A","station_type":"manual","location_id":"2A04A","name":"Invermere","status":"Inactive","active":false,"elevation_m":1070,"operator":null,"camera_url":null,"basin_id":"8","source_object_id":2484257,"source_record_id":125,"source_layer":"WHSE_WATER_MANAGEMENT.SSL_SNOW_MSS_LOCS_SP","data_explorer_url":"https://bcmoe-prod.aquaticinformatics.net/Data/Location/Summary/Location/2A04A/Interval/Latest","summary_report_url":"https://bcmoe-prod.aquaticinformatics.net/Report/Show/SnowMSS.2A04A.MSS%20Report/","weekly_report_url":null,"snow_water_equivalent_report_url":null},"geometry":{"type":"Point","coordinates":[-116.301536,50.558216]}},{"type":"Feature","id":"manual:2A05","properties":{"station_id":"manual:2A05","station_type":"manual","location_id":"2A05","name":"Kinbasket Lake","status":"Inactive","active":false,"elevation_m":690,"operator":null,"camera_url":null,"basin_id":"8","source_object_id":2484258,"source_record_id":126,"source_layer":"WHSE_WATER_MANAGEMENT.SSL_SNOW_MSS_LOCS_SP","data_explorer_url":"https://bcmoe-prod.aquaticinformatics.net/Data/Location/Summary/Location/2A05/Interval/Latest","summary_report_url":"https://bcmoe-prod.aquaticinformatics.net/Report/Show/SnowMSS.2A05.MSS%20Report/","weekly_report_url":null,"snow_water_equivalent_report_url":null},"geometry":{"type":"Point","coordinates":[-117.878349,51.978019]}},{"type":"Feature","id":"manual:2A06","properties":{"station_id":"manual:2A06","station_type":"manual","location_id":"2A06","name":"Mount Revelstoke","status":"Inactive","active":false,"elevation_m":1830,"operator":null,"camera_url":null,"basin_id":"8","source_object_id":2484259,"source_record_id":127,"source_layer":"WHSE_WATER_MANAGEMENT.SSL_SNOW_MSS_LOCS_SP","data_explorer_url":"https://bcmoe-prod.aquaticinformatics.net/Data/Location/Summary/Location/2A06/Interval/Latest","summary_report_url":"https://bcmoe-prod.aquaticinformatics.net/Report/Show/SnowMSS.2A06.MSS%20Report/","weekly_report_url":null,"snow_water_equivalent_report_url":null},"geometry":{"type":"Point","coordinates":[-118.1466369,51.03524]}},{"type":"Feature","id":"manual:2A07","properties":{"station_id":"manual:2A07","station_type":"manual","location_id":"2A07","name":"Kicking Horse","status":"Active","active":true,"elevation_m":1650,"operator":null,"camera_url":null,"basin_id":"8","source_object_id":2484260,"source_record_id":128,"source_layer":"WHSE_WATER_MANAGEMENT.SSL_SNOW_MSS_LOCS_SP","data_explorer_url":"https://bcmoe-prod.aquaticinformatics.net/Data/Location/Summary/Location/2A07/Interval/Latest","summary_report_url":"https://bcmoe-prod.aquaticinformatics.net/Report/Show/SnowMSS.2A07.MSS%20Report/","weekly_report_url":null,"snow_water_equivalent_report_url":null},"geometry":{"type":"Point","coordinates":[-116.355834,51.4405555]}},{"type":"Feature","id":"manual:2A08","properties":{"station_id":"manual:2A08","station_type":"manual","location_id":"2A08","name":"Middle River","status":"Inactive","active":false,"elevation_m":1050,"operator":null,"camera_url":null,"basin_id":"8","source_object_id":2484261,"source_record_id":129,"source_layer":"WHSE_WATER_MANAGEMENT.SSL_SNOW_MSS_LOCS_SP","data_explorer_url":"https://bcmoe-prod.aquaticinformatics.net/Data/Location/Summary/Location/2A08/Interval/Latest","summary_report_url":"https://bcmoe-prod.aquaticinformatics.net/Report/Show/SnowMSS.2A08.MSS%20Report/","weekly_report_url":null,"snow_water_equivalent_report_url":null},"geometry":{"type":"Point","coordinates":[-117.993209,51.97406]}},{"type":"Feature","id":"manual:2A09","properties":{"station_id":"manual:2A09","station_type":"manual","location_id":"2A09","name":"Blackwater Lookout","status":"Inactive","active":false,"elevation_m":1680,"operator":null,"camera_url":null,"basin_id":"8","source_object_id":2484262,"source_record_id":130,"source_layer":"WHSE_WATER_MANAGEMENT.SSL_SNOW_MSS_LOCS_SP","data_explorer_url":"https://bcmoe-prod.aquaticinformatics.net/Data/Location/Summary/Location/2A09/Interval/Latest","summary_report_url":"https://bcmoe-prod.aquaticinformatics.net/Report/Show/SnowMSS.2A09.MSS%20Report/","weekly_report_url":null,"snow_water_equivalent_report_url":null},"geometry":{"type":"Point","coordinates":[-117.352943,51.592972]}},{"type":"Feature","id":"manual:2A10","properties":{"station_id":"manual:2A10","station_type":"manual","location_id":"2A10","name":"Blackwater Creek","status":"Inactive","active":false,"elevation_m":1580,"operator":null,"camera_url":null,"basin_id":"8","source_object_id":2484263,"source_record_id":131,"source_layer":"WHSE_WATER_MANAGEMENT.SSL_SNOW_MSS_LOCS_SP","data_explorer_url":"https://bcmoe-prod.aquaticinformatics.net/Data/Location/Summary/Location/2A10/Interval/Latest","summary_report_url":"https://bcmoe-prod.aquaticinformatics.net/Report/Show/SnowMSS.2A10.MSS%20Report/","weekly_report_url":null,"snow_water_equivalent_report_url":null},"geometry":{"type":"Point","coordinates":[-117.326339,51.562076]}},{"type":"Feature","id":"manual:2A11","properties":{"station_id":"manual:2A11","station_type":"manual","location_id":"2A11","name":"Beaverfoot","status":"Active","active":true,"elevation_m":1890,"operator":null,"camera_url":null,"basin_id":"8","source_object_id":2484264,"source_record_id":132,"source_layer":"WHSE_WATER_MANAGEMENT.SSL_SNOW_MSS_LOCS_SP","data_explorer_url":"https://bcmoe-prod.aquaticinformatics.net/Data/Location/Summary/Location/2A11/Interval/Latest","summary_report_url":"https://bcmoe-prod.aquaticinformatics.net/Report/Show/SnowMSS.2A11.MSS%20Report/","weekly_report_url":null,"snow_water_equivalent_report_url":null},"geometry":{"type":"Point","coordinates":[-116.884035,51.2762168]}},{"type":"Feature","id":"manual:2A12","properties":{"station_id":"manual:2A12","station_type":"manual","location_id":"2A12","name":"Bigmouth Creek","status":"Inactive","active":false,"elevation_m":1220,"operator":null,"camera_url":null,"basin_id":"8","source_object_id":2484265,"source_record_id":133,"source_layer":"WHSE_WATER_MANAGEMENT.SSL_SNOW_MSS_LOCS_SP","data_explorer_url":"https://bcmoe-prod.aquaticinformatics.net/Data/Location/Summary/Location/2A12/Interval/Latest","summary_report_url":"https://bcmoe-prod.aquaticinformatics.net/Report/Show/SnowMSS.2A12.MSS%20Report/","weekly_report_url":null,"snow_water_equivalent_report_url":null},"geometry":{"type":"Point","coordinates":[-118.499633,51.845123]}},{"type":"Feature","id":"manual:2A13","properties":{"station_id":"manual:2A13","station_type":"manual","location_id":"2A13","name":"Wood River","status":"Inactive","active":false,"elevation_m":1220,"operator":null,"camera_url":null,"basin_id":"8","source_object_id":2484266,"source_record_id":134,"source_layer":"WHSE_WATER_MANAGEMENT.SSL_SNOW_MSS_LOCS_SP","data_explorer_url":"https://bcmoe-prod.aquaticinformatics.net/Data/Location/Summary/Location/2A13/Interval/Latest","summary_report_url":"https://bcmoe-prod.aquaticinformatics.net/Report/Show/SnowMSS.2A13.MSS%20Report/","weekly_report_url":null,"snow_water_equivalent_report_url":null},"geometry":{"type":"Point","coordinates":[-118.354171,52.11837]}},{"type":"Feature","id":"manual:2A14","properties":{"station_id":"manual:2A14","station_type":"manual","location_id":"2A14","name":"Mount Abbot","status":"Active","active":true,"elevation_m":2010,"operator":null,"camera_url":null,"basin_id":"8","source_object_id":2484267,"source_record_id":135,"source_layer":"WHSE_WATER_MANAGEMENT.SSL_SNOW_MSS_LOCS_SP","data_explorer_url":"https://bcmoe-prod.aquaticinformatics.net/Data/Location/Summary/Location/2A14/Interval/Latest","summary_report_url":"https://bcmoe-prod.aquaticinformatics.net/Report/Show/SnowMSS.2A14.MSS%20Report/","weekly_report_url":null,"snow_water_equivalent_report_url":null},"geometry":{"type":"Point","coordinates":[-117.508331,51.23722]}},{"type":"Feature","id":"manual:2A15","properties":{"station_id":"manual:2A15","station_type":"manual","location_id":"2A15","name":"Mica Creek","status":"Inactive","active":false,"elevation_m":560,"operator":null,"camera_url":null,"basin_id":"8","source_object_id":2484268,"source_record_id":136,"source_layer":"WHSE_WATER_MANAGEMENT.SSL_SNOW_MSS_LOCS_SP","data_explorer_url":"https://bcmoe-prod.aquaticinformatics.net/Data/Location/Summary/Location/2A15/Interval/Latest","summary_report_url":"https://bcmoe-prod.aquaticinformatics.net/Report/Show/SnowMSS.2A15.MSS%20Report/","weekly_report_url":null,"snow_water_equivalent_report_url":null},"geometry":{"type":"Point","coordinates":[-118.521202,52.06879]}},{"type":"Feature","id":"manual:2A16","properties":{"station_id":"manual:2A16","station_type":"manual","location_id":"2A16","name":"Goldstream","status":"Active","active":true,"elevation_m":1920,"operator":null,"camera_url":null,"basin_id":"8","source_object_id":2484269,"source_record_id":137,"source_layer":"WHSE_WATER_MANAGEMENT.SSL_SNOW_MSS_LOCS_SP","data_explorer_url":"https://bcmoe-prod.aquaticinformatics.net/Data/Location/Summary/Location/2A16/Interval/Latest","summary_report_url":"https://bcmoe-prod.aquaticinformatics.net/Report/Show/SnowMSS.2A16.MSS%20Report/","weekly_report_url":null,"snow_water_equivalent_report_url":null},"geometry":{"type":"Point","coordinates":[-118.4471871,51.698224]}},{"type":"Feature","id":"manual:2A17","properties":{"station_id":"manual:2A17","station_type":"manual","location_id":"2A17","name":"Fidelity Mountain","status":"Active","active":true,"elevation_m":1870,"operator":null,"camera_url":null,"basin_id":"8","source_object_id":2484270,"source_record_id":138,"source_layer":"WHSE_WATER_MANAGEMENT.SSL_SNOW_MSS_LOCS_SP","data_explorer_url":"https://bcmoe-prod.aquaticinformatics.net/Data/Location/Summary/Location/2A17/Interval/Latest","summary_report_url":"https://bcmoe-prod.aquaticinformatics.net/Report/Show/SnowMSS.2A17.MSS%20Report/","weekly_report_url":null,"snow_water_equivalent_report_url":null},"geometry":{"type":"Point","coordinates":[-117.694725,51.23722]}},{"type":"Feature","id":"manual:2A18","properties":{"station_id":"manual:2A18","station_type":"manual","location_id":"2A18","name":"Keystone Creek","status":"Inactive","active":false,"elevation_m":1890,"operator":null,"camera_url":null,"basin_id":"8","source_object_id":2484271,"source_record_id":139,"source_layer":"WHSE_WATER_MANAGEMENT.SSL_SNOW_MSS_LOCS_SP","data_explorer_url":"https://bcmoe-prod.aquaticinformatics.net/Data/Location/Summary/Location/2A18/Interval/Latest","summary_report_url":"https://bcmoe-prod.aquaticinformatics.net/Report/Show/SnowMSS.2A18.MSS%20Report/","weekly_report_url":null,"snow_water_equivalent_report_url":null},"geometry":{"type":"Point","coordinates":[-118.360709,51.4111944]}},{"type":"Feature","id":"manual:2A19","properties":{"station_id":"manual:2A19","station_type":"manual","location_id":"2A19","name":"Vermont Creek","status":"Active","active":true,"elevation_m":1520,"operator":null,"camera_url":null,"basin_id":"8","source_object_id":2484272,"source_record_id":140,"source_layer":"WHSE_WATER_MANAGEMENT.SSL_SNOW_MSS_LOCS_SP","data_explorer_url":"https://bcmoe-prod.aquaticinformatics.net/Data/Location/Summary/Location/2A19/Interval/Latest","summary_report_url":"https://bcmoe-prod.aquaticinformatics.net/Report/Show/SnowMSS.2A19.MSS%20Report/","weekly_report_url":null,"snow_water_equivalent_report_url":null},"geometry":{"type":"Point","coordinates":[-116.9419628,50.9626845]}},{"type":"Feature","id":"manual:2A20","properties":{"station_id":"manual:2A20","station_type":"manual","location_id":"2A20","name":"Watam Lake","status":"Inactive","active":false,"elevation_m":1810,"operator":null,"camera_url":null,"basin_id":"8","source_object_id":2484273,"source_record_id":141,"source_layer":"WHSE_WATER_MANAGEMENT.SSL_SNOW_MSS_LOCS_SP","data_explorer_url":"https://bcmoe-prod.aquaticinformatics.net/Data/Location/Summary/Location/2A20/Interval/Latest","summary_report_url":"https://bcmoe-prod.aquaticinformatics.net/Report/Show/SnowMSS.2A20.MSS%20Report/","weekly_report_url":null,"snow_water_equivalent_report_url":null},"geometry":{"type":"Point","coordinates":[-118.509986,51.325874]}},{"type":"Feature","id":"manual:2A22","properties":{"station_id":"manual:2A22","station_type":"manual","location_id":"2A22","name":"Sunbeam Lake","status":"Inactive","active":false,"elevation_m":2010,"operator":null,"camera_url":null,"basin_id":"8","source_object_id":2484274,"source_record_id":142,"source_layer":"WHSE_WATER_MANAGEMENT.SSL_SNOW_MSS_LOCS_SP","data_explorer_url":"https://bcmoe-prod.aquaticinformatics.net/Data/Location/Summary/Location/2A22/Interval/Latest","summary_report_url":"https://bcmoe-prod.aquaticinformatics.net/Report/Show/SnowMSS.2A22.MSS%20Report/","weekly_report_url":null,"snow_water_equivalent_report_url":null},"geometry":{"type":"Point","coordinates":[-117.653474,51.5899026]}},{"type":"Feature","id":"manual:2A23","properties":{"station_id":"manual:2A23","station_type":"manual","location_id":"2A23","name":"Bush River","status":"Inactive","active":false,"elevation_m":1920,"operator":null,"camera_url":null,"basin_id":"8","source_object_id":2484275,"source_record_id":143,"source_layer":"WHSE_WATER_MANAGEMENT.SSL_SNOW_MSS_LOCS_SP","data_explorer_url":"https://bcmoe-prod.aquaticinformatics.net/Data/Location/Summary/Location/2A23/Interval/Latest","summary_report_url":"https://bcmoe-prod.aquaticinformatics.net/Report/Show/SnowMSS.2A23.MSS%20Report/","weekly_report_url":null,"snow_water_equivalent_report_url":null},"geometry":{"type":"Point","coordinates":[-117.4246864,51.7177081]}},{"type":"Feature","id":"manual:2A24","properties":{"station_id":"manual:2A24","station_type":"manual","location_id":"2A24","name":"Mount Copeland","status":"Inactive","active":false,"elevation_m":1700,"operator":null,"camera_url":null,"basin_id":"8","source_object_id":2484276,"source_record_id":144,"source_layer":"WHSE_WATER_MANAGEMENT.SSL_SNOW_MSS_LOCS_SP","data_explorer_url":"https://bcmoe-prod.aquaticinformatics.net/Data/Location/Summary/Location/2A24/Interval/Latest","summary_report_url":"https://bcmoe-prod.aquaticinformatics.net/Report/Show/SnowMSS.2A24.MSS%20Report/","weekly_report_url":null,"snow_water_equivalent_report_url":null},"geometry":{"type":"Point","coordinates":[-118.468589,51.104209]}},{"type":"Feature","id":"manual:2A25","properties":{"station_id":"manual:2A25","station_type":"manual","location_id":"2A25","name":"Kirbyville Lake","status":"Active","active":true,"elevation_m":1750,"operator":null,"camera_url":null,"basin_id":"8","source_object_id":2484277,"source_record_id":145,"source_layer":"WHSE_WATER_MANAGEMENT.SSL_SNOW_MSS_LOCS_SP","data_explorer_url":"https://bcmoe-prod.aquaticinformatics.net/Data/Location/Summary/Location/2A25/Interval/Latest","summary_report_url":"https://bcmoe-prod.aquaticinformatics.net/Report/Show/SnowMSS.2A25.MSS%20Report/","weekly_report_url":null,"snow_water_equivalent_report_url":null},"geometry":{"type":"Point","coordinates":[-118.7716269,51.5674271]}},{"type":"Feature","id":"manual:2A26","properties":{"station_id":"manual:2A26","station_type":"manual","location_id":"2A26","name":"Bugaboo Creek","status":"Inactive","active":false,"elevation_m":1510,"operator":null,"camera_url":null,"basin_id":"8","source_object_id":2484278,"source_record_id":146,"source_layer":"WHSE_WATER_MANAGEMENT.SSL_SNOW_MSS_LOCS_SP","data_explorer_url":"https://bcmoe-prod.aquaticinformatics.net/Data/Location/Summary/Location/2A26/Interval/Latest","summary_report_url":"https://bcmoe-prod.aquaticinformatics.net/Report/Show/SnowMSS.2A26.MSS%20Report/","weekly_report_url":null,"snow_water_equivalent_report_url":null},"geometry":{"type":"Point","coordinates":[-116.705841,50.75542]}},{"type":"Feature","id":"manual:2A27","properties":{"station_id":"manual:2A27","station_type":"manual","location_id":"2A27","name":"Downie Slide Lower","status":"Active","active":true,"elevation_m":980,"operator":null,"camera_url":null,"basin_id":"8","source_object_id":2484279,"source_record_id":147,"source_layer":"WHSE_WATER_MANAGEMENT.SSL_SNOW_MSS_LOCS_SP","data_explorer_url":"https://bcmoe-prod.aquaticinformatics.net/Data/Location/Summary/Location/2A27/Interval/Latest","summary_report_url":"https://bcmoe-prod.aquaticinformatics.net/Report/Show/SnowMSS.2A27.MSS%20Report/","weekly_report_url":null,"snow_water_equivalent_report_url":null},"geometry":{"type":"Point","coordinates":[-118.5303916,51.5124842]}},{"type":"Feature","id":"manual:2A28","properties":{"station_id":"manual:2A28","station_type":"manual","location_id":"2A28","name":"Downie Site 8","status":"Inactive","active":false,"elevation_m":1250,"operator":null,"camera_url":null,"basin_id":"8","source_object_id":2484280,"source_record_id":148,"source_layer":"WHSE_WATER_MANAGEMENT.SSL_SNOW_MSS_LOCS_SP","data_explorer_url":"https://bcmoe-prod.aquaticinformatics.net/Data/Location/Summary/Location/2A28/Interval/Latest","summary_report_url":"https://bcmoe-prod.aquaticinformatics.net/Report/Show/SnowMSS.2A28.MSS%20Report/","weekly_report_url":null,"snow_water_equivalent_report_url":null},"geometry":{"type":"Point","coordinates":[-118.497077,51.426101]}},{"type":"Feature","id":"manual:2A29","properties":{"station_id":"manual:2A29","station_type":"manual","location_id":"2A29","name":"Downie Slide Upper","status":"Active","active":true,"elevation_m":1630,"operator":null,"camera_url":null,"basin_id":"8","source_object_id":2484281,"source_record_id":149,"source_layer":"WHSE_WATER_MANAGEMENT.SSL_SNOW_MSS_LOCS_SP","data_explorer_url":"https://bcmoe-prod.aquaticinformatics.net/Data/Location/Summary/Location/2A29/Interval/Latest","summary_report_url":"https://bcmoe-prod.aquaticinformatics.net/Report/Show/SnowMSS.2A29.MSS%20Report/","weekly_report_url":null,"snow_water_equivalent_report_url":null},"geometry":{"type":"Point","coordinates":[-118.5533324,51.5007812]}},{"type":"Feature","id":"manual:2B01","properties":{"station_id":"manual:2B01","station_type":"manual","location_id":"2B01","name":"Revelstoke","status":"Inactive","active":false,"elevation_m":560,"operator":null,"camera_url":null,"basin_id":"9","source_object_id":2484282,"source_record_id":150,"source_layer":"WHSE_WATER_MANAGEMENT.SSL_SNOW_MSS_LOCS_SP","data_explorer_url":"https://bcmoe-prod.aquaticinformatics.net/Data/Location/Summary/Location/2B01/Interval/Latest","summary_report_url":"https://bcmoe-prod.aquaticinformatics.net/Report/Show/SnowMSS.2B01.MSS%20Report/","weekly_report_url":null,"snow_water_equivalent_report_url":null},"geometry":{"type":"Point","coordinates":[-118.1772,50.982139]}},{"type":"Feature","id":"manual:2B02","properties":{"station_id":"manual:2B02","station_type":"manual","location_id":"2B02","name":"Farron","status":"Inactive","active":false,"elevation_m":1220,"operator":null,"camera_url":null,"basin_id":"9","source_object_id":2484283,"source_record_id":151,"source_layer":"WHSE_WATER_MANAGEMENT.SSL_SNOW_MSS_LOCS_SP","data_explorer_url":"https://bcmoe-prod.aquaticinformatics.net/Data/Location/Summary/Location/2B02/Interval/Latest","summary_report_url":"https://bcmoe-prod.aquaticinformatics.net/Report/Show/SnowMSS.2B02.MSS%20Report/","weekly_report_url":null,"snow_water_equivalent_report_url":null},"geometry":{"type":"Point","coordinates":[-118.117973,49.316909]}},{"type":"Feature","id":"manual:2B02A","properties":{"station_id":"manual:2B02A","station_type":"manual","location_id":"2B02A","name":"Farron","status":"Active","active":true,"elevation_m":1220,"operator":null,"camera_url":null,"basin_id":"9","source_object_id":2484284,"source_record_id":152,"source_layer":"WHSE_WATER_MANAGEMENT.SSL_SNOW_MSS_LOCS_SP","data_explorer_url":"https://bcmoe-prod.aquaticinformatics.net/Data/Location/Summary/Location/2B02A/Interval/Latest","summary_report_url":"https://bcmoe-prod.aquaticinformatics.net/Report/Show/SnowMSS.2B02A.MSS%20Report/","weekly_report_url":null,"snow_water_equivalent_report_url":null},"geometry":{"type":"Point","coordinates":[-118.13003,49.27011]}},{"type":"Feature","id":"manual:2B03","properties":{"station_id":"manual:2B03","station_type":"manual","location_id":"2B03","name":"Old Glory Mountain","status":"Inactive","active":false,"elevation_m":2130,"operator":null,"camera_url":null,"basin_id":"9","source_object_id":2484285,"source_record_id":153,"source_layer":"WHSE_WATER_MANAGEMENT.SSL_SNOW_MSS_LOCS_SP","data_explorer_url":"https://bcmoe-prod.aquaticinformatics.net/Data/Location/Summary/Location/2B03/Interval/Latest","summary_report_url":"https://bcmoe-prod.aquaticinformatics.net/Report/Show/SnowMSS.2B03.MSS%20Report/","weekly_report_url":null,"snow_water_equivalent_report_url":null},"geometry":{"type":"Point","coordinates":[-117.978668,49.141639]}},{"type":"Feature","id":"manual:2B04","properties":{"station_id":"manual:2B04","station_type":"manual","location_id":"2B04","name":"Whatshan Lower","status":"Inactive","active":false,"elevation_m":1250,"operator":null,"camera_url":null,"basin_id":"9","source_object_id":2484286,"source_record_id":154,"source_layer":"WHSE_WATER_MANAGEMENT.SSL_SNOW_MSS_LOCS_SP","data_explorer_url":"https://bcmoe-prod.aquaticinformatics.net/Data/Location/Summary/Location/2B04/Interval/Latest","summary_report_url":"https://bcmoe-prod.aquaticinformatics.net/Report/Show/SnowMSS.2B04.MSS%20Report/","weekly_report_url":null,"snow_water_equivalent_report_url":null},"geometry":{"type":"Point","coordinates":[-117.981803,50.126705]}},{"type":"Feature","id":"manual:2B05","properties":{"station_id":"manual:2B05","station_type":"manual","location_id":"2B05","name":"Whatshan Upper","status":"Active","active":true,"elevation_m":1525,"operator":null,"camera_url":null,"basin_id":"9","source_object_id":2484287,"source_record_id":155,"source_layer":"WHSE_WATER_MANAGEMENT.SSL_SNOW_MSS_LOCS_SP","data_explorer_url":"https://bcmoe-prod.aquaticinformatics.net/Data/Location/Summary/Location/2B05/Interval/Latest","summary_report_url":"https://bcmoe-prod.aquaticinformatics.net/Report/Show/SnowMSS.2B05.MSS%20Report/","weekly_report_url":null,"snow_water_equivalent_report_url":null},"geometry":{"type":"Point","coordinates":[-118.0432076,50.1880064]}},{"type":"Feature","id":"manual:2B06","properties":{"station_id":"manual:2B06","station_type":"manual","location_id":"2B06","name":"Barnes Creek","status":"Inactive","active":false,"elevation_m":1620,"operator":null,"camera_url":null,"basin_id":"9","source_object_id":2484288,"source_record_id":156,"source_layer":"WHSE_WATER_MANAGEMENT.SSL_SNOW_MSS_LOCS_SP","data_explorer_url":"https://bcmoe-prod.aquaticinformatics.net/Data/Location/Summary/Location/2B06/Interval/Latest","summary_report_url":"https://bcmoe-prod.aquaticinformatics.net/Report/Show/SnowMSS.2B06.MSS%20Report/","weekly_report_url":null,"snow_water_equivalent_report_url":null},"geometry":{"type":"Point","coordinates":[-118.355834,50.067779]}},{"type":"Feature","id":"manual:2B07","properties":{"station_id":"manual:2B07","station_type":"manual","location_id":"2B07","name":"Koch Creek","status":"Active","active":true,"elevation_m":1860,"operator":null,"camera_url":null,"basin_id":"9","source_object_id":2484289,"source_record_id":157,"source_layer":"WHSE_WATER_MANAGEMENT.SSL_SNOW_MSS_LOCS_SP","data_explorer_url":"https://bcmoe-prod.aquaticinformatics.net/Data/Location/Summary/Location/2B07/Interval/Latest","summary_report_url":"https://bcmoe-prod.aquaticinformatics.net/Report/Show/SnowMSS.2B07.MSS%20Report/","weekly_report_url":null,"snow_water_equivalent_report_url":null},"geometry":{"type":"Point","coordinates":[-117.975701,49.718123]}},{"type":"Feature","id":"manual:2B08","properties":{"station_id":"manual:2B08","station_type":"manual","location_id":"2B08","name":"St. Leon Creek","status":"Inactive","active":false,"elevation_m":1860,"operator":null,"camera_url":null,"basin_id":"9","source_object_id":2484290,"source_record_id":158,"source_layer":"WHSE_WATER_MANAGEMENT.SSL_SNOW_MSS_LOCS_SP","data_explorer_url":"https://bcmoe-prod.aquaticinformatics.net/Data/Location/Summary/Location/2B08/Interval/Latest","summary_report_url":"https://bcmoe-prod.aquaticinformatics.net/Report/Show/SnowMSS.2B08.MSS%20Report/","weekly_report_url":null,"snow_water_equivalent_report_url":null},"geometry":{"type":"Point","coordinates":[-117.7035917,50.4351972]}},{"type":"Feature","id":"manual:2B09","properties":{"station_id":"manual:2B09","station_type":"manual","location_id":"2B09","name":"Record Mountain","status":"Active","active":true,"elevation_m":1890,"operator":null,"camera_url":null,"basin_id":"9","source_object_id":2484291,"source_record_id":159,"source_layer":"WHSE_WATER_MANAGEMENT.SSL_SNOW_MSS_LOCS_SP","data_explorer_url":"https://bcmoe-prod.aquaticinformatics.net/Data/Location/Summary/Location/2B09/Interval/Latest","summary_report_url":"https://bcmoe-prod.aquaticinformatics.net/Report/Show/SnowMSS.2B09.MSS%20Report/","weekly_report_url":null,"snow_water_equivalent_report_url":null},"geometry":{"type":"Point","coordinates":[-117.872,49.10136]}},{"type":"Feature","id":"manual:2C01","properties":{"station_id":"manual:2C01","station_type":"manual","location_id":"2C01","name":"Sinclair Pass","status":"Active","active":true,"elevation_m":1370,"operator":null,"camera_url":null,"basin_id":"8","source_object_id":2484292,"source_record_id":160,"source_layer":"WHSE_WATER_MANAGEMENT.SSL_SNOW_MSS_LOCS_SP","data_explorer_url":"https://bcmoe-prod.aquaticinformatics.net/Data/Location/Summary/Location/2C01/Interval/Latest","summary_report_url":"https://bcmoe-prod.aquaticinformatics.net/Report/Show/SnowMSS.2C01.MSS%20Report/","weekly_report_url":null,"snow_water_equivalent_report_url":null},"geometry":{"type":"Point","coordinates":[-115.9599583,50.6637861]}},{"type":"Feature","id":"manual:2C02","properties":{"station_id":"manual:2C02","station_type":"manual","location_id":"2C02","name":"Fernie","status":"Inactive","active":false,"elevation_m":1070,"operator":null,"camera_url":null,"basin_id":"10","source_object_id":2484293,"source_record_id":161,"source_layer":"WHSE_WATER_MANAGEMENT.SSL_SNOW_MSS_LOCS_SP","data_explorer_url":"https://bcmoe-prod.aquaticinformatics.net/Data/Location/Summary/Location/2C02/Interval/Latest","summary_report_url":"https://bcmoe-prod.aquaticinformatics.net/Report/Show/SnowMSS.2C02.MSS%20Report/","weekly_report_url":null,"snow_water_equivalent_report_url":null},"geometry":{"type":"Point","coordinates":[-115.041236,49.558391]}},{"type":"Feature","id":"manual:2C02A","properties":{"station_id":"manual:2C02A","station_type":"manual","location_id":"2C02A","name":"Fernie (Ne)","status":"Inactive","active":false,"elevation_m":1070,"operator":null,"camera_url":null,"basin_id":"10","source_object_id":2484294,"source_record_id":162,"source_layer":"WHSE_WATER_MANAGEMENT.SSL_SNOW_MSS_LOCS_SP","data_explorer_url":"https://bcmoe-prod.aquaticinformatics.net/Data/Location/Summary/Location/2C02A/Interval/Latest","summary_report_url":"https://bcmoe-prod.aquaticinformatics.net/Report/Show/SnowMSS.2C02A.MSS%20Report/","weekly_report_url":null,"snow_water_equivalent_report_url":null},"geometry":{"type":"Point","coordinates":[-115.031311,49.524391]}},{"type":"Feature","id":"manual:2C03","properties":{"station_id":"manual:2C03","station_type":"manual","location_id":"2C03","name":"Kimberley","status":"Inactive","active":false,"elevation_m":1160,"operator":null,"camera_url":null,"basin_id":"10","source_object_id":2484295,"source_record_id":163,"source_layer":"WHSE_WATER_MANAGEMENT.SSL_SNOW_MSS_LOCS_SP","data_explorer_url":"https://bcmoe-prod.aquaticinformatics.net/Data/Location/Summary/Location/2C03/Interval/Latest","summary_report_url":"https://bcmoe-prod.aquaticinformatics.net/Report/Show/SnowMSS.2C03.MSS%20Report/","weekly_report_url":null,"snow_water_equivalent_report_url":null},"geometry":{"type":"Point","coordinates":[-115.987556,49.677501]}},{"type":"Feature","id":"manual:2C03A","properties":{"station_id":"manual:2C03A","station_type":"manual","location_id":"2C03A","name":"Kimberley","status":"Inactive","active":false,"elevation_m":1160,"operator":null,"camera_url":null,"basin_id":"10","source_object_id":2484296,"source_record_id":164,"source_layer":"WHSE_WATER_MANAGEMENT.SSL_SNOW_MSS_LOCS_SP","data_explorer_url":"https://bcmoe-prod.aquaticinformatics.net/Data/Location/Summary/Location/2C03A/Interval/Latest","summary_report_url":"https://bcmoe-prod.aquaticinformatics.net/Report/Show/SnowMSS.2C03A.MSS%20Report/","weekly_report_url":null,"snow_water_equivalent_report_url":null},"geometry":{"type":"Point","coordinates":[-115.847846,49.710758]}},{"type":"Feature","id":"manual:2C04","properties":{"station_id":"manual:2C04","station_type":"manual","location_id":"2C04","name":"Sullivan Mine","status":"Active","active":true,"elevation_m":1550,"operator":null,"camera_url":null,"basin_id":"10","source_object_id":2484297,"source_record_id":165,"source_layer":"WHSE_WATER_MANAGEMENT.SSL_SNOW_MSS_LOCS_SP","data_explorer_url":"https://bcmoe-prod.aquaticinformatics.net/Data/Location/Summary/Location/2C04/Interval/Latest","summary_report_url":"https://bcmoe-prod.aquaticinformatics.net/Report/Show/SnowMSS.2C04.MSS%20Report/","weekly_report_url":null,"snow_water_equivalent_report_url":null},"geometry":{"type":"Point","coordinates":[-116.016944,49.728611]}},{"type":"Feature","id":"manual:2C05","properties":{"station_id":"manual:2C05","station_type":"manual","location_id":"2C05","name":"Marble Canyon","status":"Inactive","active":false,"elevation_m":1520,"operator":null,"camera_url":null,"basin_id":"10","source_object_id":2484298,"source_record_id":166,"source_layer":"WHSE_WATER_MANAGEMENT.SSL_SNOW_MSS_LOCS_SP","data_explorer_url":"https://bcmoe-prod.aquaticinformatics.net/Data/Location/Summary/Location/2C05/Interval/Latest","summary_report_url":"https://bcmoe-prod.aquaticinformatics.net/Report/Show/SnowMSS.2C05.MSS%20Report/","weekly_report_url":null,"snow_water_equivalent_report_url":null},"geometry":{"type":"Point","coordinates":[-116.134208,51.194351]}},{"type":"Feature","id":"manual:2C06","properties":{"station_id":"manual:2C06","station_type":"manual","location_id":"2C06","name":"Upper Elk River","status":"Inactive","active":false,"elevation_m":1340,"operator":null,"camera_url":null,"basin_id":"10","source_object_id":2484299,"source_record_id":167,"source_layer":"WHSE_WATER_MANAGEMENT.SSL_SNOW_MSS_LOCS_SP","data_explorer_url":"https://bcmoe-prod.aquaticinformatics.net/Data/Location/Summary/Location/2C06/Interval/Latest","summary_report_url":"https://bcmoe-prod.aquaticinformatics.net/Report/Show/SnowMSS.2C06.MSS%20Report/","weekly_report_url":null,"snow_water_equivalent_report_url":null},"geometry":{"type":"Point","coordinates":[-114.920455,49.993644]}},{"type":"Feature","id":"manual:2C07","properties":{"station_id":"manual:2C07","station_type":"manual","location_id":"2C07","name":"Fernie East","status":"Inactive","active":false,"elevation_m":1250,"operator":null,"camera_url":null,"basin_id":"10","source_object_id":2484300,"source_record_id":168,"source_layer":"WHSE_WATER_MANAGEMENT.SSL_SNOW_MSS_LOCS_SP","data_explorer_url":"https://bcmoe-prod.aquaticinformatics.net/Data/Location/Summary/Location/2C07/Interval/Latest","summary_report_url":"https://bcmoe-prod.aquaticinformatics.net/Report/Show/SnowMSS.2C07.MSS%20Report/","weekly_report_url":null,"snow_water_equivalent_report_url":null},"geometry":{"type":"Point","coordinates":[-115.016944,49.508335]}},{"type":"Feature","id":"manual:2C08","properties":{"station_id":"manual:2C08","station_type":"manual","location_id":"2C08","name":"Fernie Ridge","status":"Inactive","active":false,"elevation_m":1710,"operator":null,"camera_url":null,"basin_id":"10","source_object_id":2484301,"source_record_id":169,"source_layer":"WHSE_WATER_MANAGEMENT.SSL_SNOW_MSS_LOCS_SP","data_explorer_url":"https://bcmoe-prod.aquaticinformatics.net/Data/Location/Summary/Location/2C08/Interval/Latest","summary_report_url":"https://bcmoe-prod.aquaticinformatics.net/Report/Show/SnowMSS.2C08.MSS%20Report/","weekly_report_url":null,"snow_water_equivalent_report_url":null},"geometry":{"type":"Point","coordinates":[-115.044288,49.598873]}},{"type":"Feature","id":"manual:2C09","properties":{"station_id":"manual:2C09","station_type":"manual","location_id":"2C09","name":"Morrissey Ridge","status":"Inactive","active":false,"elevation_m":1860,"operator":null,"camera_url":null,"basin_id":"10","source_object_id":2484302,"source_record_id":170,"source_layer":"WHSE_WATER_MANAGEMENT.SSL_SNOW_MSS_LOCS_SP","data_explorer_url":"https://bcmoe-prod.aquaticinformatics.net/Data/Location/Summary/Location/2C09/Interval/Latest","summary_report_url":"https://bcmoe-prod.aquaticinformatics.net/Report/Show/SnowMSS.2C09.MSS%20Report/","weekly_report_url":null,"snow_water_equivalent_report_url":null},"geometry":{"type":"Point","coordinates":[-114.958244,49.480876]}},{"type":"Feature","id":"manual:2C09A","properties":{"station_id":"manual:2C09A","station_type":"manual","location_id":"2C09A","name":"Morrissey Ridge","status":"Inactive","active":false,"elevation_m":1800,"operator":null,"camera_url":null,"basin_id":"10","source_object_id":2484303,"source_record_id":171,"source_layer":"WHSE_WATER_MANAGEMENT.SSL_SNOW_MSS_LOCS_SP","data_explorer_url":"https://bcmoe-prod.aquaticinformatics.net/Data/Location/Summary/Location/2C09A/Interval/Latest","summary_report_url":"https://bcmoe-prod.aquaticinformatics.net/Report/Show/SnowMSS.2C09A.MSS%20Report/","weekly_report_url":null,"snow_water_equivalent_report_url":null},"geometry":{"type":"Point","coordinates":[-114.970199,49.448219]}},{"type":"Feature","id":"manual:2C10","properties":{"station_id":"manual:2C10","station_type":"manual","location_id":"2C10","name":"Moyie Mountain","status":"Inactive","active":false,"elevation_m":1835,"operator":null,"camera_url":null,"basin_id":"10","source_object_id":2484304,"source_record_id":172,"source_layer":"WHSE_WATER_MANAGEMENT.SSL_SNOW_MSS_LOCS_SP","data_explorer_url":"https://bcmoe-prod.aquaticinformatics.net/Data/Location/Summary/Location/2C10/Interval/Latest","summary_report_url":"https://bcmoe-prod.aquaticinformatics.net/Report/Show/SnowMSS.2C10.MSS%20Report/","weekly_report_url":null,"snow_water_equivalent_report_url":null},"geometry":{"type":"Point","coordinates":[-115.7739,49.2515]}},{"type":"Feature","id":"manual:2C11","properties":{"station_id":"manual:2C11","station_type":"manual","location_id":"2C11","name":"Kimberley (Upper) VOR","status":"Active","active":true,"elevation_m":2140,"operator":null,"camera_url":null,"basin_id":"10","source_object_id":2484305,"source_record_id":173,"source_layer":"WHSE_WATER_MANAGEMENT.SSL_SNOW_MSS_LOCS_SP","data_explorer_url":"https://bcmoe-prod.aquaticinformatics.net/Data/Location/Summary/Location/2C11/Interval/Latest","summary_report_url":"https://bcmoe-prod.aquaticinformatics.net/Report/Show/SnowMSS.2C11.MSS%20Report/","weekly_report_url":null,"snow_water_equivalent_report_url":null},"geometry":{"type":"Point","coordinates":[-116.09325,49.564722]}},{"type":"Feature","id":"manual:2C12","properties":{"station_id":"manual:2C12","station_type":"manual","location_id":"2C12","name":"Kimberley (Middle)VOR","status":"Active","active":true,"elevation_m":1680,"operator":null,"camera_url":null,"basin_id":"10","source_object_id":2484306,"source_record_id":174,"source_layer":"WHSE_WATER_MANAGEMENT.SSL_SNOW_MSS_LOCS_SP","data_explorer_url":"https://bcmoe-prod.aquaticinformatics.net/Data/Location/Summary/Location/2C12/Interval/Latest","summary_report_url":"https://bcmoe-prod.aquaticinformatics.net/Report/Show/SnowMSS.2C12.MSS%20Report/","weekly_report_url":null,"snow_water_equivalent_report_url":null},"geometry":{"type":"Point","coordinates":[-116.05753,49.5655]}},{"type":"Feature","id":"manual:2C13","properties":{"station_id":"manual:2C13","station_type":"manual","location_id":"2C13","name":"Kimberley (Lower) Vor","status":"Inactive","active":false,"elevation_m":1370,"operator":null,"camera_url":null,"basin_id":"10","source_object_id":2484307,"source_record_id":175,"source_layer":"WHSE_WATER_MANAGEMENT.SSL_SNOW_MSS_LOCS_SP","data_explorer_url":"https://bcmoe-prod.aquaticinformatics.net/Data/Location/Summary/Location/2C13/Interval/Latest","summary_report_url":"https://bcmoe-prod.aquaticinformatics.net/Report/Show/SnowMSS.2C13.MSS%20Report/","weekly_report_url":null,"snow_water_equivalent_report_url":null},"geometry":{"type":"Point","coordinates":[-116.034584,49.538925]}},{"type":"Feature","id":"manual:2C14","properties":{"station_id":"manual:2C14","station_type":"manual","location_id":"2C14","name":"Floe Lake","status":"Inactive","active":false,"elevation_m":2090,"operator":null,"camera_url":null,"basin_id":"10","source_object_id":2484308,"source_record_id":176,"source_layer":"WHSE_WATER_MANAGEMENT.SSL_SNOW_MSS_LOCS_SP","data_explorer_url":"https://bcmoe-prod.aquaticinformatics.net/Data/Location/Summary/Location/2C14/Interval/Latest","summary_report_url":"https://bcmoe-prod.aquaticinformatics.net/Report/Show/SnowMSS.2C14.MSS%20Report/","weekly_report_url":null,"snow_water_equivalent_report_url":null},"geometry":{"type":"Point","coordinates":[-116.1374778,51.0575333]}},{"type":"Feature","id":"manual:2C15","properties":{"station_id":"manual:2C15","station_type":"manual","location_id":"2C15","name":"Mount Assiniboine","status":"Active","active":true,"elevation_m":2230,"operator":null,"camera_url":null,"basin_id":"10","source_object_id":2484309,"source_record_id":177,"source_layer":"WHSE_WATER_MANAGEMENT.SSL_SNOW_MSS_LOCS_SP","data_explorer_url":"https://bcmoe-prod.aquaticinformatics.net/Data/Location/Summary/Location/2C15/Interval/Latest","summary_report_url":"https://bcmoe-prod.aquaticinformatics.net/Report/Show/SnowMSS.2C15.MSS%20Report/","weekly_report_url":null,"snow_water_equivalent_report_url":null},"geometry":{"type":"Point","coordinates":[-115.610001,50.915001]}},{"type":"Feature","id":"manual:2C16","properties":{"station_id":"manual:2C16","station_type":"manual","location_id":"2C16","name":"Mount Joffre","status":"Inactive","active":false,"elevation_m":1750,"operator":null,"camera_url":null,"basin_id":"10","source_object_id":2484310,"source_record_id":178,"source_layer":"WHSE_WATER_MANAGEMENT.SSL_SNOW_MSS_LOCS_SP","data_explorer_url":"https://bcmoe-prod.aquaticinformatics.net/Data/Location/Summary/Location/2C16/Interval/Latest","summary_report_url":"https://bcmoe-prod.aquaticinformatics.net/Report/Show/SnowMSS.2C16.MSS%20Report/","weekly_report_url":null,"snow_water_equivalent_report_url":null},"geometry":{"type":"Point","coordinates":[-115.1264471,50.5338481]}},{"type":"Feature","id":"manual:2C17","properties":{"station_id":"manual:2C17","station_type":"manual","location_id":"2C17","name":"Thunder Creek","status":"Active","active":true,"elevation_m":2010,"operator":null,"camera_url":null,"basin_id":"10","source_object_id":2484311,"source_record_id":179,"source_layer":"WHSE_WATER_MANAGEMENT.SSL_SNOW_MSS_LOCS_SP","data_explorer_url":"https://bcmoe-prod.aquaticinformatics.net/Data/Location/Summary/Location/2C17/Interval/Latest","summary_report_url":"https://bcmoe-prod.aquaticinformatics.net/Report/Show/SnowMSS.2C17.MSS%20Report/","weekly_report_url":null,"snow_water_equivalent_report_url":null},"geometry":{"type":"Point","coordinates":[-115.2337117,50.0474941]}},{"type":"Feature","id":"manual:2C18","properties":{"station_id":"manual:2C18","station_type":"manual","location_id":"2C18","name":"Vermilion River No.1","status":"Inactive","active":false,"elevation_m":1680,"operator":null,"camera_url":null,"basin_id":"10","source_object_id":2484312,"source_record_id":180,"source_layer":"WHSE_WATER_MANAGEMENT.SSL_SNOW_MSS_LOCS_SP","data_explorer_url":"https://bcmoe-prod.aquaticinformatics.net/Data/Location/Summary/Location/2C18/Interval/Latest","summary_report_url":"https://bcmoe-prod.aquaticinformatics.net/Report/Show/SnowMSS.2C18.MSS%20Report/","weekly_report_url":null,"snow_water_equivalent_report_url":null},"geometry":{"type":"Point","coordinates":[-116.214782,51.237655]}},{"type":"Feature","id":"manual:2C19","properties":{"station_id":"manual:2C19","station_type":"manual","location_id":"2C19","name":"Vermilion River No.2","status":"Inactive","active":false,"elevation_m":1610,"operator":null,"camera_url":null,"basin_id":"10","source_object_id":2484313,"source_record_id":181,"source_layer":"WHSE_WATER_MANAGEMENT.SSL_SNOW_MSS_LOCS_SP","data_explorer_url":"https://bcmoe-prod.aquaticinformatics.net/Data/Location/Summary/Location/2C19/Interval/Latest","summary_report_url":"https://bcmoe-prod.aquaticinformatics.net/Report/Show/SnowMSS.2C19.MSS%20Report/","weekly_report_url":null,"snow_water_equivalent_report_url":null},"geometry":{"type":"Point","coordinates":[-116.216186,51.181694]}},{"type":"Feature","id":"manual:2C20","properties":{"station_id":"manual:2C20","station_type":"manual","location_id":"2C20","name":"Vermilion River No. 3","status":"Inactive","active":false,"elevation_m":1570,"operator":null,"camera_url":null,"basin_id":"10","source_object_id":2484314,"source_record_id":182,"source_layer":"WHSE_WATER_MANAGEMENT.SSL_SNOW_MSS_LOCS_SP","data_explorer_url":"https://bcmoe-prod.aquaticinformatics.net/Data/Location/Summary/Location/2C20/Interval/Latest","summary_report_url":"https://bcmoe-prod.aquaticinformatics.net/Report/Show/SnowMSS.2C20.MSS%20Report/","weekly_report_url":null,"snow_water_equivalent_report_url":null},"geometry":{"type":"Point","coordinates":[-116.067779,51.203334]}},{"type":"Feature","id":"manual:2C21","properties":{"station_id":"manual:2C21","station_type":"manual","location_id":"2C21","name":"Vermilion River No.4","status":"Inactive","active":false,"elevation_m":1680,"operator":null,"camera_url":null,"basin_id":"10","source_object_id":2484315,"source_record_id":183,"source_layer":"WHSE_WATER_MANAGEMENT.SSL_SNOW_MSS_LOCS_SP","data_explorer_url":"https://bcmoe-prod.aquaticinformatics.net/Data/Location/Summary/Location/2C21/Interval/Latest","summary_report_url":"https://bcmoe-prod.aquaticinformatics.net/Report/Show/SnowMSS.2C21.MSS%20Report/","weekly_report_url":null,"snow_water_equivalent_report_url":null},"geometry":{"type":"Point","coordinates":[-116.111,51.249198]}},{"type":"Feature","id":"manual:2C22","properties":{"station_id":"manual:2C22","station_type":"manual","location_id":"2C22","name":"Vermilion River No.5","status":"Inactive","active":false,"elevation_m":1570,"operator":null,"camera_url":null,"basin_id":"10","source_object_id":2484316,"source_record_id":184,"source_layer":"WHSE_WATER_MANAGEMENT.SSL_SNOW_MSS_LOCS_SP","data_explorer_url":"https://bcmoe-prod.aquaticinformatics.net/Data/Location/Summary/Location/2C22/Interval/Latest","summary_report_url":"https://bcmoe-prod.aquaticinformatics.net/Report/Show/SnowMSS.2C22.MSS%20Report/","weekly_report_url":null,"snow_water_equivalent_report_url":null},"geometry":{"type":"Point","coordinates":[-116.175338,51.242744]}},{"type":"Feature","id":"manual:2D01","properties":{"station_id":"manual:2D01","station_type":"manual","location_id":"2D01","name":"Gerrard","status":"Inactive","active":false,"elevation_m":1620,"operator":null,"camera_url":null,"basin_id":"9","source_object_id":2484317,"source_record_id":185,"source_layer":"WHSE_WATER_MANAGEMENT.SSL_SNOW_MSS_LOCS_SP","data_explorer_url":"https://bcmoe-prod.aquaticinformatics.net/Data/Location/Summary/Location/2D01/Interval/Latest","summary_report_url":"https://bcmoe-prod.aquaticinformatics.net/Report/Show/SnowMSS.2D01.MSS%20Report/","weekly_report_url":null,"snow_water_equivalent_report_url":null},"geometry":{"type":"Point","coordinates":[-117.221191,50.56641]}},{"type":"Feature","id":"manual:2D02","properties":{"station_id":"manual:2D02","station_type":"manual","location_id":"2D02","name":"Ferguson","status":"Active","active":true,"elevation_m":880,"operator":null,"camera_url":null,"basin_id":"9","source_object_id":2484318,"source_record_id":186,"source_layer":"WHSE_WATER_MANAGEMENT.SSL_SNOW_MSS_LOCS_SP","data_explorer_url":"https://bcmoe-prod.aquaticinformatics.net/Data/Location/Summary/Location/2D02/Interval/Latest","summary_report_url":"https://bcmoe-prod.aquaticinformatics.net/Report/Show/SnowMSS.2D02.MSS%20Report/","weekly_report_url":null,"snow_water_equivalent_report_url":null},"geometry":{"type":"Point","coordinates":[-117.48287,50.67673]}},{"type":"Feature","id":"manual:2D03","properties":{"station_id":"manual:2D03","station_type":"manual","location_id":"2D03","name":"Sandon","status":"Active","active":true,"elevation_m":1070,"operator":null,"camera_url":null,"basin_id":"9","source_object_id":2484319,"source_record_id":187,"source_layer":"WHSE_WATER_MANAGEMENT.SSL_SNOW_MSS_LOCS_SP","data_explorer_url":"https://bcmoe-prod.aquaticinformatics.net/Data/Location/Summary/Location/2D03/Interval/Latest","summary_report_url":"https://bcmoe-prod.aquaticinformatics.net/Report/Show/SnowMSS.2D03.MSS%20Report/","weekly_report_url":null,"snow_water_equivalent_report_url":null},"geometry":{"type":"Point","coordinates":[-117.2264167,49.97605556]}},{"type":"Feature","id":"manual:2D04","properties":{"station_id":"manual:2D04","station_type":"manual","location_id":"2D04","name":"Nelson","status":"Active","active":true,"elevation_m":930,"operator":null,"camera_url":null,"basin_id":"9","source_object_id":2484320,"source_record_id":188,"source_layer":"WHSE_WATER_MANAGEMENT.SSL_SNOW_MSS_LOCS_SP","data_explorer_url":"https://bcmoe-prod.aquaticinformatics.net/Data/Location/Summary/Location/2D04/Interval/Latest","summary_report_url":"https://bcmoe-prod.aquaticinformatics.net/Report/Show/SnowMSS.2D04.MSS%20Report/","weekly_report_url":null,"snow_water_equivalent_report_url":null},"geometry":{"type":"Point","coordinates":[-117.228083,49.41761]}},{"type":"Feature","id":"manual:2D05","properties":{"station_id":"manual:2D05","station_type":"manual","location_id":"2D05","name":"Gray Creek Lower","status":"Inactive","active":false,"elevation_m":1650,"operator":null,"camera_url":null,"basin_id":"9","source_object_id":2484321,"source_record_id":189,"source_layer":"WHSE_WATER_MANAGEMENT.SSL_SNOW_MSS_LOCS_SP","data_explorer_url":"https://bcmoe-prod.aquaticinformatics.net/Data/Location/Summary/Location/2D05/Interval/Latest","summary_report_url":"https://bcmoe-prod.aquaticinformatics.net/Report/Show/SnowMSS.2D05.MSS%20Report/","weekly_report_url":null,"snow_water_equivalent_report_url":null},"geometry":{"type":"Point","coordinates":[-116.67959,49.61219]}},{"type":"Feature","id":"manual:2D06","properties":{"station_id":"manual:2D06","station_type":"manual","location_id":"2D06","name":"Char Creek","status":"Active","active":true,"elevation_m":1310,"operator":null,"camera_url":null,"basin_id":"9","source_object_id":2484322,"source_record_id":190,"source_layer":"WHSE_WATER_MANAGEMENT.SSL_SNOW_MSS_LOCS_SP","data_explorer_url":"https://bcmoe-prod.aquaticinformatics.net/Data/Location/Summary/Location/2D06/Interval/Latest","summary_report_url":"https://bcmoe-prod.aquaticinformatics.net/Report/Show/SnowMSS.2D06.MSS%20Report/","weekly_report_url":null,"snow_water_equivalent_report_url":null},"geometry":{"type":"Point","coordinates":[-116.95111,49.09502]}},{"type":"Feature","id":"manual:2D07","properties":{"station_id":"manual:2D07","station_type":"manual","location_id":"2D07","name":"Duncan Lake","status":"Inactive","active":false,"elevation_m":650,"operator":null,"camera_url":null,"basin_id":"9","source_object_id":2484323,"source_record_id":191,"source_layer":"WHSE_WATER_MANAGEMENT.SSL_SNOW_MSS_LOCS_SP","data_explorer_url":"https://bcmoe-prod.aquaticinformatics.net/Data/Location/Summary/Location/2D07/Interval/Latest","summary_report_url":"https://bcmoe-prod.aquaticinformatics.net/Report/Show/SnowMSS.2D07.MSS%20Report/","weekly_report_url":null,"snow_water_equivalent_report_url":null},"geometry":{"type":"Point","coordinates":[-116.879463,50.236881]}},{"type":"Feature","id":"manual:2D07A","properties":{"station_id":"manual:2D07A","station_type":"manual","location_id":"2D07A","name":"Duncan Lake No. 2","status":"Active","active":true,"elevation_m":630,"operator":null,"camera_url":null,"basin_id":"9","source_object_id":2484324,"source_record_id":192,"source_layer":"WHSE_WATER_MANAGEMENT.SSL_SNOW_MSS_LOCS_SP","data_explorer_url":"https://bcmoe-prod.aquaticinformatics.net/Data/Location/Summary/Location/2D07A/Interval/Latest","summary_report_url":"https://bcmoe-prod.aquaticinformatics.net/Report/Show/SnowMSS.2D07A.MSS%20Report/","weekly_report_url":null,"snow_water_equivalent_report_url":null},"geometry":{"type":"Point","coordinates":[-116.9601667,50.2607222]}},{"type":"Feature","id":"manual:2D08","properties":{"station_id":"manual:2D08","station_type":"manual","location_id":"2D08","name":"East Creek","status":"Inactive","active":false,"elevation_m":2030,"operator":null,"camera_url":null,"basin_id":"9","source_object_id":2484325,"source_record_id":193,"source_layer":"WHSE_WATER_MANAGEMENT.SSL_SNOW_MSS_LOCS_SP","data_explorer_url":"https://bcmoe-prod.aquaticinformatics.net/Data/Location/Summary/Location/2D08/Interval/Latest","summary_report_url":"https://bcmoe-prod.aquaticinformatics.net/Report/Show/SnowMSS.2D08.MSS%20Report/","weekly_report_url":null,"snow_water_equivalent_report_url":null},"geometry":{"type":"Point","coordinates":[-116.925758,50.639759]}},{"type":"Feature","id":"manual:2D09","properties":{"station_id":"manual:2D09","station_type":"manual","location_id":"2D09","name":"Mount Templeman","status":"Active","active":true,"elevation_m":1860,"operator":null,"camera_url":null,"basin_id":"9","source_object_id":2484326,"source_record_id":194,"source_layer":"WHSE_WATER_MANAGEMENT.SSL_SNOW_MSS_LOCS_SP","data_explorer_url":"https://bcmoe-prod.aquaticinformatics.net/Data/Location/Summary/Location/2D09/Interval/Latest","summary_report_url":"https://bcmoe-prod.aquaticinformatics.net/Report/Show/SnowMSS.2D09.MSS%20Report/","weekly_report_url":null,"snow_water_equivalent_report_url":null},"geometry":{"type":"Point","coordinates":[-117.2017096,50.7158427]}},{"type":"Feature","id":"manual:2D10","properties":{"station_id":"manual:2D10","station_type":"manual","location_id":"2D10","name":"Gray Creek Upper","status":"Inactive","active":false,"elevation_m":1930,"operator":null,"camera_url":null,"basin_id":"9","source_object_id":2484327,"source_record_id":195,"source_layer":"WHSE_WATER_MANAGEMENT.SSL_SNOW_MSS_LOCS_SP","data_explorer_url":"https://bcmoe-prod.aquaticinformatics.net/Data/Location/Summary/Location/2D10/Interval/Latest","summary_report_url":"https://bcmoe-prod.aquaticinformatics.net/Report/Show/SnowMSS.2D10.MSS%20Report/","weekly_report_url":null,"snow_water_equivalent_report_url":null},"geometry":{"type":"Point","coordinates":[-116.6589,49.61656]}},{"type":"Feature","id":"manual:2D11","properties":{"station_id":"manual:2D11","station_type":"manual","location_id":"2D11","name":"Arrow Creek","status":"Inactive","active":false,"elevation_m":1620,"operator":null,"camera_url":null,"basin_id":"9","source_object_id":2484328,"source_record_id":196,"source_layer":"WHSE_WATER_MANAGEMENT.SSL_SNOW_MSS_LOCS_SP","data_explorer_url":"https://bcmoe-prod.aquaticinformatics.net/Data/Location/Summary/Location/2D11/Interval/Latest","summary_report_url":"https://bcmoe-prod.aquaticinformatics.net/Report/Show/SnowMSS.2D11.MSS%20Report/","weekly_report_url":null,"snow_water_equivalent_report_url":null},"geometry":{"type":"Point","coordinates":[-116.521919,49.264732]}},{"type":"Feature","id":"manual:2D12","properties":{"station_id":"manual:2D12","station_type":"manual","location_id":"2D12","name":"Harlow Creek","status":"Inactive","active":false,"elevation_m":1920,"operator":null,"camera_url":null,"basin_id":"9","source_object_id":2484329,"source_record_id":197,"source_layer":"WHSE_WATER_MANAGEMENT.SSL_SNOW_MSS_LOCS_SP","data_explorer_url":"https://bcmoe-prod.aquaticinformatics.net/Data/Location/Summary/Location/2D12/Interval/Latest","summary_report_url":"https://bcmoe-prod.aquaticinformatics.net/Report/Show/SnowMSS.2D12.MSS%20Report/","weekly_report_url":null,"snow_water_equivalent_report_url":null},"geometry":{"type":"Point","coordinates":[-117.571823,50.183761]}},{"type":"Feature","id":"manual:2D13","properties":{"station_id":"manual:2D13","station_type":"manual","location_id":"2D13","name":"Meadow Mountain","status":"Inactive","active":false,"elevation_m":1990,"operator":null,"camera_url":null,"basin_id":"9","source_object_id":2484330,"source_record_id":198,"source_layer":"WHSE_WATER_MANAGEMENT.SSL_SNOW_MSS_LOCS_SP","data_explorer_url":"https://bcmoe-prod.aquaticinformatics.net/Data/Location/Summary/Location/2D13/Interval/Latest","summary_report_url":"https://bcmoe-prod.aquaticinformatics.net/Report/Show/SnowMSS.2D13.MSS%20Report/","weekly_report_url":null,"snow_water_equivalent_report_url":null},"geometry":{"type":"Point","coordinates":[-117.057838,50.231918]}},{"type":"Feature","id":"manual:2D17","properties":{"station_id":"manual:2D17","station_type":"manual","location_id":"2D17","name":"Lost Ledge","status":"Active","active":true,"elevation_m":2050,"operator":null,"camera_url":null,"basin_id":"9","source_object_id":2484331,"source_record_id":199,"source_layer":"WHSE_WATER_MANAGEMENT.SSL_SNOW_MSS_LOCS_SP","data_explorer_url":"https://bcmoe-prod.aquaticinformatics.net/Data/Location/Summary/Location/2D17/Interval/Latest","summary_report_url":"https://bcmoe-prod.aquaticinformatics.net/Report/Show/SnowMSS.2D17.MSS%20Report/","weekly_report_url":null,"snow_water_equivalent_report_url":null},"geometry":{"type":"Point","coordinates":[-116.97911,50.070774]}},{"type":"Feature","id":"manual:2D18","properties":{"station_id":"manual:2D18","station_type":"manual","location_id":"2D18","name":"Purcell","status":"Active","active":true,"elevation_m":2060,"operator":null,"camera_url":null,"basin_id":"9","source_object_id":2484332,"source_record_id":200,"source_layer":"WHSE_WATER_MANAGEMENT.SSL_SNOW_MSS_LOCS_SP","data_explorer_url":"https://bcmoe-prod.aquaticinformatics.net/Data/Location/Summary/Location/2D18/Interval/Latest","summary_report_url":"https://bcmoe-prod.aquaticinformatics.net/Report/Show/SnowMSS.2D18.MSS%20Report/","weekly_report_url":null,"snow_water_equivalent_report_url":null},"geometry":{"type":"Point","coordinates":[-116.81117,50.098135]}},{"type":"Feature","id":"manual:2E01","properties":{"station_id":"manual:2E01","station_type":"manual","location_id":"2E01","name":"Monashee Pass","status":"Inactive","active":false,"elevation_m":1370,"operator":null,"camera_url":null,"basin_id":"12","source_object_id":2484333,"source_record_id":201,"source_layer":"WHSE_WATER_MANAGEMENT.SSL_SNOW_MSS_LOCS_SP","data_explorer_url":"https://bcmoe-prod.aquaticinformatics.net/Data/Location/Summary/Location/2E01/Interval/Latest","summary_report_url":"https://bcmoe-prod.aquaticinformatics.net/Report/Show/SnowMSS.2E01.MSS%20Report/","weekly_report_url":null,"snow_water_equivalent_report_url":null},"geometry":{"type":"Point","coordinates":[-118.507165,50.0834218]}},{"type":"Feature","id":"manual:2E02","properties":{"station_id":"manual:2E02","station_type":"manual","location_id":"2E02","name":"Carmi","status":"Active","active":true,"elevation_m":1250,"operator":null,"camera_url":null,"basin_id":"12","source_object_id":2484334,"source_record_id":202,"source_layer":"WHSE_WATER_MANAGEMENT.SSL_SNOW_MSS_LOCS_SP","data_explorer_url":"https://bcmoe-prod.aquaticinformatics.net/Data/Location/Summary/Location/2E02/Interval/Latest","summary_report_url":"https://bcmoe-prod.aquaticinformatics.net/Report/Show/SnowMSS.2E02.MSS%20Report/","weekly_report_url":null,"snow_water_equivalent_report_url":null},"geometry":{"type":"Point","coordinates":[-119.0909,49.49678]}},{"type":"Feature","id":"manual:2E03","properties":{"station_id":"manual:2E03","station_type":"manual","location_id":"2E03","name":"Big White Mountain","status":"Active","active":true,"elevation_m":1680,"operator":null,"camera_url":null,"basin_id":"12","source_object_id":2484335,"source_record_id":203,"source_layer":"WHSE_WATER_MANAGEMENT.SSL_SNOW_MSS_LOCS_SP","data_explorer_url":"https://bcmoe-prod.aquaticinformatics.net/Data/Location/Summary/Location/2E03/Interval/Latest","summary_report_url":"https://bcmoe-prod.aquaticinformatics.net/Report/Show/SnowMSS.2E03.MSS%20Report/","weekly_report_url":null,"snow_water_equivalent_report_url":null},"geometry":{"type":"Point","coordinates":[-118.9729,49.718815]}},{"type":"Feature","id":"manual:2E04","properties":{"station_id":"manual:2E04","station_type":"manual","location_id":"2E04","name":"Trapping Creek","status":"Inactive","active":false,"elevation_m":930,"operator":null,"camera_url":null,"basin_id":"12","source_object_id":2484336,"source_record_id":204,"source_layer":"WHSE_WATER_MANAGEMENT.SSL_SNOW_MSS_LOCS_SP","data_explorer_url":"https://bcmoe-prod.aquaticinformatics.net/Data/Location/Summary/Location/2E04/Interval/Latest","summary_report_url":"https://bcmoe-prod.aquaticinformatics.net/Report/Show/SnowMSS.2E04.MSS%20Report/","weekly_report_url":null,"snow_water_equivalent_report_url":null},"geometry":{"type":"Point","coordinates":[-119.0484,49.566]}},{"type":"Feature","id":"manual:2E04A","properties":{"station_id":"manual:2E04A","station_type":"manual","location_id":"2E04A","name":"Trapping Creek (Upper)","status":"Inactive","active":false,"elevation_m":1350,"operator":null,"camera_url":null,"basin_id":"12","source_object_id":2484337,"source_record_id":205,"source_layer":"WHSE_WATER_MANAGEMENT.SSL_SNOW_MSS_LOCS_SP","data_explorer_url":"https://bcmoe-prod.aquaticinformatics.net/Data/Location/Summary/Location/2E04A/Interval/Latest","summary_report_url":"https://bcmoe-prod.aquaticinformatics.net/Report/Show/SnowMSS.2E04A.MSS%20Report/","weekly_report_url":null,"snow_water_equivalent_report_url":null},"geometry":{"type":"Point","coordinates":[-118.963592,49.664199]}},{"type":"Feature","id":"manual:2E05","properties":{"station_id":"manual:2E05","station_type":"manual","location_id":"2E05","name":"Trapping Creek (Lower)","status":"Inactive","active":false,"elevation_m":930,"operator":null,"camera_url":null,"basin_id":"12","source_object_id":2484338,"source_record_id":206,"source_layer":"WHSE_WATER_MANAGEMENT.SSL_SNOW_MSS_LOCS_SP","data_explorer_url":"https://bcmoe-prod.aquaticinformatics.net/Data/Location/Summary/Location/2E05/Interval/Latest","summary_report_url":"https://bcmoe-prod.aquaticinformatics.net/Report/Show/SnowMSS.2E05.MSS%20Report/","weekly_report_url":null,"snow_water_equivalent_report_url":null},"geometry":{"type":"Point","coordinates":[-118.942749,49.577629]}},{"type":"Feature","id":"manual:2E06","properties":{"station_id":"manual:2E06","station_type":"manual","location_id":"2E06","name":"Bluejoint Mountain","status":"Inactive","active":false,"elevation_m":2040,"operator":null,"camera_url":null,"basin_id":"12","source_object_id":2484339,"source_record_id":207,"source_layer":"WHSE_WATER_MANAGEMENT.SSL_SNOW_MSS_LOCS_SP","data_explorer_url":"https://bcmoe-prod.aquaticinformatics.net/Data/Location/Summary/Location/2E06/Interval/Latest","summary_report_url":"https://bcmoe-prod.aquaticinformatics.net/Report/Show/SnowMSS.2E06.MSS%20Report/","weekly_report_url":null,"snow_water_equivalent_report_url":null},"geometry":{"type":"Point","coordinates":[-118.525276,49.542221]}},{"type":"Feature","id":"manual:2F01","properties":{"station_id":"manual:2F01","station_type":"manual","location_id":"2F01","name":"Trout Creek","status":"Inactive","active":false,"elevation_m":1430,"operator":null,"camera_url":null,"basin_id":"11","source_object_id":2484340,"source_record_id":208,"source_layer":"WHSE_WATER_MANAGEMENT.SSL_SNOW_MSS_LOCS_SP","data_explorer_url":"https://bcmoe-prod.aquaticinformatics.net/Data/Location/Summary/Location/2F01/Interval/Latest","summary_report_url":"https://bcmoe-prod.aquaticinformatics.net/Report/Show/SnowMSS.2F01.MSS%20Report/","weekly_report_url":null,"snow_water_equivalent_report_url":null},"geometry":{"type":"Point","coordinates":[-120.1844,49.73744]}},{"type":"Feature","id":"manual:2F01A","properties":{"station_id":"manual:2F01A","station_type":"manual","location_id":"2F01A","name":"Trout Creek West","status":"Inactive","active":false,"elevation_m":1430,"operator":null,"camera_url":null,"basin_id":"13","source_object_id":2484341,"source_record_id":209,"source_layer":"WHSE_WATER_MANAGEMENT.SSL_SNOW_MSS_LOCS_SP","data_explorer_url":"https://bcmoe-prod.aquaticinformatics.net/Data/Location/Summary/Location/2F01A/Interval/Latest","summary_report_url":"https://bcmoe-prod.aquaticinformatics.net/Report/Show/SnowMSS.2F01A.MSS%20Report/","weekly_report_url":null,"snow_water_equivalent_report_url":null},"geometry":{"type":"Point","coordinates":[-120.1891,49.74017]}},{"type":"Feature","id":"manual:2F02","properties":{"station_id":"manual:2F02","station_type":"manual","location_id":"2F02","name":"Summerland Reservoir","status":"Active","active":true,"elevation_m":1280,"operator":null,"camera_url":null,"basin_id":"11","source_object_id":2484342,"source_record_id":210,"source_layer":"WHSE_WATER_MANAGEMENT.SSL_SNOW_MSS_LOCS_SP","data_explorer_url":"https://bcmoe-prod.aquaticinformatics.net/Data/Location/Summary/Location/2F02/Interval/Latest","summary_report_url":"https://bcmoe-prod.aquaticinformatics.net/Report/Show/SnowMSS.2F02.MSS%20Report/","weekly_report_url":null,"snow_water_equivalent_report_url":null},"geometry":{"type":"Point","coordinates":[-120.01549,49.81291]}},{"type":"Feature","id":"manual:2F03","properties":{"station_id":"manual:2F03","station_type":"manual","location_id":"2F03","name":"McCulloch","status":"Active","active":true,"elevation_m":1280,"operator":null,"camera_url":null,"basin_id":"11","source_object_id":2484343,"source_record_id":211,"source_layer":"WHSE_WATER_MANAGEMENT.SSL_SNOW_MSS_LOCS_SP","data_explorer_url":"https://bcmoe-prod.aquaticinformatics.net/Data/Location/Summary/Location/2F03/Interval/Latest","summary_report_url":"https://bcmoe-prod.aquaticinformatics.net/Report/Show/SnowMSS.2F03.MSS%20Report/","weekly_report_url":null,"snow_water_equivalent_report_url":null},"geometry":{"type":"Point","coordinates":[-119.1933,49.78831]}},{"type":"Feature","id":"manual:2F04","properties":{"station_id":"manual:2F04","station_type":"manual","location_id":"2F04","name":"Graystoke Lake","status":"Active","active":true,"elevation_m":1840,"operator":null,"camera_url":null,"basin_id":"11","source_object_id":2484344,"source_record_id":212,"source_layer":"WHSE_WATER_MANAGEMENT.SSL_SNOW_MSS_LOCS_SP","data_explorer_url":"https://bcmoe-prod.aquaticinformatics.net/Data/Location/Summary/Location/2F04/Interval/Latest","summary_report_url":"https://bcmoe-prod.aquaticinformatics.net/Report/Show/SnowMSS.2F04.MSS%20Report/","weekly_report_url":null,"snow_water_equivalent_report_url":null},"geometry":{"type":"Point","coordinates":[-118.8686,49.98867]}},{"type":"Feature","id":"manual:2F05","properties":{"station_id":"manual:2F05","station_type":"manual","location_id":"2F05","name":"Mission Creek","status":"Inactive","active":false,"elevation_m":1780,"operator":null,"camera_url":null,"basin_id":"11","source_object_id":2484345,"source_record_id":213,"source_layer":"WHSE_WATER_MANAGEMENT.SSL_SNOW_MSS_LOCS_SP","data_explorer_url":"https://bcmoe-prod.aquaticinformatics.net/Data/Location/Summary/Location/2F05/Interval/Latest","summary_report_url":"https://bcmoe-prod.aquaticinformatics.net/Report/Show/SnowMSS.2F05.MSS%20Report/","weekly_report_url":null,"snow_water_equivalent_report_url":null},"geometry":{"type":"Point","coordinates":[-118.9497,49.94467]}},{"type":"Feature","id":"manual:2F06","properties":{"station_id":"manual:2F06","station_type":"manual","location_id":"2F06","name":"Bouleau Creek","status":"Inactive","active":false,"elevation_m":1520,"operator":null,"camera_url":null,"basin_id":"11","source_object_id":2484346,"source_record_id":214,"source_layer":"WHSE_WATER_MANAGEMENT.SSL_SNOW_MSS_LOCS_SP","data_explorer_url":"https://bcmoe-prod.aquaticinformatics.net/Data/Location/Summary/Location/2F06/Interval/Latest","summary_report_url":"https://bcmoe-prod.aquaticinformatics.net/Report/Show/SnowMSS.2F06.MSS%20Report/","weekly_report_url":null,"snow_water_equivalent_report_url":null},"geometry":{"type":"Point","coordinates":[-119.557601,50.375961]}},{"type":"Feature","id":"manual:2F07","properties":{"station_id":"manual:2F07","station_type":"manual","location_id":"2F07","name":"Postill Lake","status":"Active","active":true,"elevation_m":1370,"operator":null,"camera_url":null,"basin_id":"11","source_object_id":2484347,"source_record_id":215,"source_layer":"WHSE_WATER_MANAGEMENT.SSL_SNOW_MSS_LOCS_SP","data_explorer_url":"https://bcmoe-prod.aquaticinformatics.net/Data/Location/Summary/Location/2F07/Interval/Latest","summary_report_url":"https://bcmoe-prod.aquaticinformatics.net/Report/Show/SnowMSS.2F07.MSS%20Report/","weekly_report_url":null,"snow_water_equivalent_report_url":null},"geometry":{"type":"Point","coordinates":[-119.2149,49.99889]}},{"type":"Feature","id":"manual:2F08","properties":{"station_id":"manual:2F08","station_type":"manual","location_id":"2F08","name":"Greyback Reservoir","status":"Inactive","active":false,"elevation_m":1550,"operator":null,"camera_url":null,"basin_id":"11","source_object_id":2484348,"source_record_id":216,"source_layer":"WHSE_WATER_MANAGEMENT.SSL_SNOW_MSS_LOCS_SP","data_explorer_url":"https://bcmoe-prod.aquaticinformatics.net/Data/Location/Summary/Location/2F08/Interval/Latest","summary_report_url":"https://bcmoe-prod.aquaticinformatics.net/Report/Show/SnowMSS.2F08.MSS%20Report/","weekly_report_url":null,"snow_water_equivalent_report_url":null},"geometry":{"type":"Point","coordinates":[-119.422678,49.616344]}},{"type":"Feature","id":"manual:2F09","properties":{"station_id":"manual:2F09","station_type":"manual","location_id":"2F09","name":"Whiterocks Mountain","status":"Active","active":true,"elevation_m":1780,"operator":null,"camera_url":null,"basin_id":"11","source_object_id":2484349,"source_record_id":217,"source_layer":"WHSE_WATER_MANAGEMENT.SSL_SNOW_MSS_LOCS_SP","data_explorer_url":"https://bcmoe-prod.aquaticinformatics.net/Data/Location/Summary/Location/2F09/Interval/Latest","summary_report_url":"https://bcmoe-prod.aquaticinformatics.net/Report/Show/SnowMSS.2F09.MSS%20Report/","weekly_report_url":null,"snow_water_equivalent_report_url":null},"geometry":{"type":"Point","coordinates":[-119.7454,50.01722]}},{"type":"Feature","id":"manual:2F10","properties":{"station_id":"manual:2F10","station_type":"manual","location_id":"2F10","name":"Silver Star Mountain","status":"Active","active":true,"elevation_m":1840,"operator":null,"camera_url":null,"basin_id":"7","source_object_id":2484350,"source_record_id":218,"source_layer":"WHSE_WATER_MANAGEMENT.SSL_SNOW_MSS_LOCS_SP","data_explorer_url":"https://bcmoe-prod.aquaticinformatics.net/Data/Location/Summary/Location/2F10/Interval/Latest","summary_report_url":"https://bcmoe-prod.aquaticinformatics.net/Report/Show/SnowMSS.2F10.MSS%20Report/","weekly_report_url":null,"snow_water_equivalent_report_url":null},"geometry":{"type":"Point","coordinates":[-119.0621,50.37136]}},{"type":"Feature","id":"manual:2F11","properties":{"station_id":"manual:2F11","station_type":"manual","location_id":"2F11","name":"Isintok Lake","status":"Active","active":true,"elevation_m":1680,"operator":null,"camera_url":null,"basin_id":"11","source_object_id":2484351,"source_record_id":219,"source_layer":"WHSE_WATER_MANAGEMENT.SSL_SNOW_MSS_LOCS_SP","data_explorer_url":"https://bcmoe-prod.aquaticinformatics.net/Data/Location/Summary/Location/2F11/Interval/Latest","summary_report_url":"https://bcmoe-prod.aquaticinformatics.net/Report/Show/SnowMSS.2F11.MSS%20Report/","weekly_report_url":null,"snow_water_equivalent_report_url":null},"geometry":{"type":"Point","coordinates":[-119.96686,49.551]}},{"type":"Feature","id":"manual:2F12","properties":{"station_id":"manual:2F12","station_type":"manual","location_id":"2F12","name":"Mount Kobau","status":"Active","active":true,"elevation_m":1810,"operator":null,"camera_url":null,"basin_id":"13","source_object_id":2484352,"source_record_id":220,"source_layer":"WHSE_WATER_MANAGEMENT.SSL_SNOW_MSS_LOCS_SP","data_explorer_url":"https://bcmoe-prod.aquaticinformatics.net/Data/Location/Summary/Location/2F12/Interval/Latest","summary_report_url":"https://bcmoe-prod.aquaticinformatics.net/Report/Show/SnowMSS.2F12.MSS%20Report/","weekly_report_url":null,"snow_water_equivalent_report_url":null},"geometry":{"type":"Point","coordinates":[-119.67778,49.11861]}},{"type":"Feature","id":"manual:2F13","properties":{"station_id":"manual:2F13","station_type":"manual","location_id":"2F13","name":"Esperon Creek Upper","status":"Inactive","active":false,"elevation_m":1620,"operator":null,"camera_url":null,"basin_id":"11","source_object_id":2484353,"source_record_id":221,"source_layer":"WHSE_WATER_MANAGEMENT.SSL_SNOW_MSS_LOCS_SP","data_explorer_url":"https://bcmoe-prod.aquaticinformatics.net/Data/Location/Summary/Location/2F13/Interval/Latest","summary_report_url":"https://bcmoe-prod.aquaticinformatics.net/Report/Show/SnowMSS.2F13.MSS%20Report/","weekly_report_url":null,"snow_water_equivalent_report_url":null},"geometry":{"type":"Point","coordinates":[-119.74167,50.08094]}},{"type":"Feature","id":"manual:2F14","properties":{"station_id":"manual:2F14","station_type":"manual","location_id":"2F14","name":"Esperon Creek Middle","status":"Inactive","active":false,"elevation_m":1420,"operator":null,"camera_url":null,"basin_id":"11","source_object_id":2484354,"source_record_id":222,"source_layer":"WHSE_WATER_MANAGEMENT.SSL_SNOW_MSS_LOCS_SP","data_explorer_url":"https://bcmoe-prod.aquaticinformatics.net/Data/Location/Summary/Location/2F14/Interval/Latest","summary_report_url":"https://bcmoe-prod.aquaticinformatics.net/Report/Show/SnowMSS.2F14.MSS%20Report/","weekly_report_url":null,"snow_water_equivalent_report_url":null},"geometry":{"type":"Point","coordinates":[-119.69869,50.06953]}},{"type":"Feature","id":"manual:2F15","properties":{"station_id":"manual:2F15","station_type":"manual","location_id":"2F15","name":"Esperon Creek Lower","status":"Inactive","active":false,"elevation_m":1340,"operator":null,"camera_url":null,"basin_id":"11","source_object_id":2484355,"source_record_id":223,"source_layer":"WHSE_WATER_MANAGEMENT.SSL_SNOW_MSS_LOCS_SP","data_explorer_url":"https://bcmoe-prod.aquaticinformatics.net/Data/Location/Summary/Location/2F15/Interval/Latest","summary_report_url":"https://bcmoe-prod.aquaticinformatics.net/Report/Show/SnowMSS.2F15.MSS%20Report/","weekly_report_url":null,"snow_water_equivalent_report_url":null},"geometry":{"type":"Point","coordinates":[-119.67187,50.07806]}},{"type":"Feature","id":"manual:2F16","properties":{"station_id":"manual:2F16","station_type":"manual","location_id":"2F16","name":"Carrs Landing (Lower)","status":"Inactive","active":false,"elevation_m":690,"operator":null,"camera_url":null,"basin_id":"11","source_object_id":2484356,"source_record_id":224,"source_layer":"WHSE_WATER_MANAGEMENT.SSL_SNOW_MSS_LOCS_SP","data_explorer_url":"https://bcmoe-prod.aquaticinformatics.net/Data/Location/Summary/Location/2F16/Interval/Latest","summary_report_url":"https://bcmoe-prod.aquaticinformatics.net/Report/Show/SnowMSS.2F16.MSS%20Report/","weekly_report_url":null,"snow_water_equivalent_report_url":null},"geometry":{"type":"Point","coordinates":[-119.343917,50.175884]}},{"type":"Feature","id":"manual:2F17","properties":{"station_id":"manual:2F17","station_type":"manual","location_id":"2F17","name":"Carrs Landing (Upper)","status":"Inactive","active":false,"elevation_m":980,"operator":null,"camera_url":null,"basin_id":"11","source_object_id":2484357,"source_record_id":225,"source_layer":"WHSE_WATER_MANAGEMENT.SSL_SNOW_MSS_LOCS_SP","data_explorer_url":"https://bcmoe-prod.aquaticinformatics.net/Data/Location/Summary/Location/2F17/Interval/Latest","summary_report_url":"https://bcmoe-prod.aquaticinformatics.net/Report/Show/SnowMSS.2F17.MSS%20Report/","weekly_report_url":null,"snow_water_equivalent_report_url":null},"geometry":{"type":"Point","coordinates":[-119.390258,50.181972]}},{"type":"Feature","id":"manual:2F18","properties":{"station_id":"manual:2F18","station_type":"manual","location_id":"2F18","name":"Brenda Mine","status":"Inactive","active":false,"elevation_m":1460,"operator":null,"camera_url":null,"basin_id":"11","source_object_id":2484358,"source_record_id":226,"source_layer":"WHSE_WATER_MANAGEMENT.SSL_SNOW_MSS_LOCS_SP","data_explorer_url":"https://bcmoe-prod.aquaticinformatics.net/Data/Location/Summary/Location/2F18/Interval/Latest","summary_report_url":"https://bcmoe-prod.aquaticinformatics.net/Report/Show/SnowMSS.2F18.MSS%20Report/","weekly_report_url":null,"snow_water_equivalent_report_url":null},"geometry":{"type":"Point","coordinates":[-119.98278,49.864166]}},{"type":"Feature","id":"manual:2F19","properties":{"station_id":"manual:2F19","station_type":"manual","location_id":"2F19","name":"Oyama Lake","status":"Active","active":true,"elevation_m":1340,"operator":null,"camera_url":null,"basin_id":"11","source_object_id":2484359,"source_record_id":227,"source_layer":"WHSE_WATER_MANAGEMENT.SSL_SNOW_MSS_LOCS_SP","data_explorer_url":"https://bcmoe-prod.aquaticinformatics.net/Data/Location/Summary/Location/2F19/Interval/Latest","summary_report_url":"https://bcmoe-prod.aquaticinformatics.net/Report/Show/SnowMSS.2F19.MSS%20Report/","weekly_report_url":null,"snow_water_equivalent_report_url":null},"geometry":{"type":"Point","coordinates":[-119.280863,50.115186]}},{"type":"Feature","id":"manual:2F20","properties":{"station_id":"manual:2F20","station_type":"manual","location_id":"2F20","name":"Vaseux Creek","status":"Active","active":true,"elevation_m":1400,"operator":null,"camera_url":null,"basin_id":"11","source_object_id":2484360,"source_record_id":228,"source_layer":"WHSE_WATER_MANAGEMENT.SSL_SNOW_MSS_LOCS_SP","data_explorer_url":"https://bcmoe-prod.aquaticinformatics.net/Data/Location/Summary/Location/2F20/Interval/Latest","summary_report_url":"https://bcmoe-prod.aquaticinformatics.net/Report/Show/SnowMSS.2F20.MSS%20Report/","weekly_report_url":null,"snow_water_equivalent_report_url":null},"geometry":{"type":"Point","coordinates":[-119.32803,49.28231]}},{"type":"Feature","id":"manual:2F21","properties":{"station_id":"manual:2F21","station_type":"manual","location_id":"2F21","name":"Bouleau Lake","status":"Inactive","active":false,"elevation_m":1400,"operator":null,"camera_url":null,"basin_id":"11","source_object_id":2484361,"source_record_id":229,"source_layer":"WHSE_WATER_MANAGEMENT.SSL_SNOW_MSS_LOCS_SP","data_explorer_url":"https://bcmoe-prod.aquaticinformatics.net/Data/Location/Summary/Location/2F21/Interval/Latest","summary_report_url":"https://bcmoe-prod.aquaticinformatics.net/Report/Show/SnowMSS.2F21.MSS%20Report/","weekly_report_url":null,"snow_water_equivalent_report_url":null},"geometry":{"type":"Point","coordinates":[-119.6483,50.28267]}},{"type":"Feature","id":"manual:2F22","properties":{"station_id":"manual:2F22","station_type":"manual","location_id":"2F22","name":"Pearson Creek","status":"Inactive","active":false,"elevation_m":940,"operator":null,"camera_url":null,"basin_id":"11","source_object_id":2484362,"source_record_id":230,"source_layer":"WHSE_WATER_MANAGEMENT.SSL_SNOW_MSS_LOCS_SP","data_explorer_url":"https://bcmoe-prod.aquaticinformatics.net/Data/Location/Summary/Location/2F22/Interval/Latest","summary_report_url":"https://bcmoe-prod.aquaticinformatics.net/Report/Show/SnowMSS.2F22.MSS%20Report/","weekly_report_url":null,"snow_water_equivalent_report_url":null},"geometry":{"type":"Point","coordinates":[-119.185958,49.940994]}},{"type":"Feature","id":"manual:2F23","properties":{"station_id":"manual:2F23","station_type":"manual","location_id":"2F23","name":"MacDonald Lake","status":"Active","active":true,"elevation_m":1740,"operator":null,"camera_url":null,"basin_id":"4","source_object_id":2484363,"source_record_id":231,"source_layer":"WHSE_WATER_MANAGEMENT.SSL_SNOW_MSS_LOCS_SP","data_explorer_url":"https://bcmoe-prod.aquaticinformatics.net/Data/Location/Summary/Location/2F23/Interval/Latest","summary_report_url":"https://bcmoe-prod.aquaticinformatics.net/Report/Show/SnowMSS.2F23.MSS%20Report/","weekly_report_url":null,"snow_water_equivalent_report_url":null},"geometry":{"type":"Point","coordinates":[-120.0293,49.88494]}},{"type":"Feature","id":"manual:2F24","properties":{"station_id":"manual:2F24","station_type":"manual","location_id":"2F24","name":"Islaht Lake","status":"Active","active":true,"elevation_m":1480,"operator":null,"camera_url":null,"basin_id":"11","source_object_id":2484364,"source_record_id":232,"source_layer":"WHSE_WATER_MANAGEMENT.SSL_SNOW_MSS_LOCS_SP","data_explorer_url":"https://bcmoe-prod.aquaticinformatics.net/Data/Location/Summary/Location/2F24/Interval/Latest","summary_report_url":"https://bcmoe-prod.aquaticinformatics.net/Report/Show/SnowMSS.2F24.MSS%20Report/","weekly_report_url":null,"snow_water_equivalent_report_url":null},"geometry":{"type":"Point","coordinates":[-119.8099,49.99008]}},{"type":"Feature","id":"manual:2F25","properties":{"station_id":"manual:2F25","station_type":"manual","location_id":"2F25","name":"Postill Lake Upper","status":"Inactive","active":false,"elevation_m":1540,"operator":null,"camera_url":null,"basin_id":"11","source_object_id":2484365,"source_record_id":233,"source_layer":"WHSE_WATER_MANAGEMENT.SSL_SNOW_MSS_LOCS_SP","data_explorer_url":"https://bcmoe-prod.aquaticinformatics.net/Data/Location/Summary/Location/2F25/Interval/Latest","summary_report_url":"https://bcmoe-prod.aquaticinformatics.net/Report/Show/SnowMSS.2F25.MSS%20Report/","weekly_report_url":null,"snow_water_equivalent_report_url":null},"geometry":{"type":"Point","coordinates":[-119.2051,49.96219]}},{"type":"Feature","id":"manual:2G01","properties":{"station_id":"manual:2G01","station_type":"manual","location_id":"2G01","name":"Copper Mountain","status":"Inactive","active":false,"elevation_m":1310,"operator":null,"camera_url":null,"basin_id":"13","source_object_id":2484366,"source_record_id":234,"source_layer":"WHSE_WATER_MANAGEMENT.SSL_SNOW_MSS_LOCS_SP","data_explorer_url":"https://bcmoe-prod.aquaticinformatics.net/Data/Location/Summary/Location/2G01/Interval/Latest","summary_report_url":"https://bcmoe-prod.aquaticinformatics.net/Report/Show/SnowMSS.2G01.MSS%20Report/","weekly_report_url":null,"snow_water_equivalent_report_url":null},"geometry":{"type":"Point","coordinates":[-120.598701,49.404491]}},{"type":"Feature","id":"manual:2G01A","properties":{"station_id":"manual:2G01A","station_type":"manual","location_id":"2G01A","name":"Sunday Summit","status":"Inactive","active":false,"elevation_m":1310,"operator":null,"camera_url":null,"basin_id":"13","source_object_id":2484367,"source_record_id":235,"source_layer":"WHSE_WATER_MANAGEMENT.SSL_SNOW_MSS_LOCS_SP","data_explorer_url":"https://bcmoe-prod.aquaticinformatics.net/Data/Location/Summary/Location/2G01A/Interval/Latest","summary_report_url":"https://bcmoe-prod.aquaticinformatics.net/Report/Show/SnowMSS.2G01A.MSS%20Report/","weekly_report_url":null,"snow_water_equivalent_report_url":null},"geometry":{"type":"Point","coordinates":[-120.582015,49.335765]}},{"type":"Feature","id":"manual:2G02","properties":{"station_id":"manual:2G02","station_type":"manual","location_id":"2G02","name":"Nickel Plate","status":"Inactive","active":false,"elevation_m":1890,"operator":null,"camera_url":null,"basin_id":"13","source_object_id":2484368,"source_record_id":236,"source_layer":"WHSE_WATER_MANAGEMENT.SSL_SNOW_MSS_LOCS_SP","data_explorer_url":"https://bcmoe-prod.aquaticinformatics.net/Data/Location/Summary/Location/2G02/Interval/Latest","summary_report_url":"https://bcmoe-prod.aquaticinformatics.net/Report/Show/SnowMSS.2G02.MSS%20Report/","weekly_report_url":null,"snow_water_equivalent_report_url":null},"geometry":{"type":"Point","coordinates":[-120.036491,49.377628]}},{"type":"Feature","id":"manual:2G02A","properties":{"station_id":"manual:2G02A","station_type":"manual","location_id":"2G02A","name":"Nickel Plate","status":"Inactive","active":false,"elevation_m":1890,"operator":null,"camera_url":null,"basin_id":"13","source_object_id":2484369,"source_record_id":237,"source_layer":"WHSE_WATER_MANAGEMENT.SSL_SNOW_MSS_LOCS_SP","data_explorer_url":"https://bcmoe-prod.aquaticinformatics.net/Data/Location/Summary/Location/2G02A/Interval/Latest","summary_report_url":"https://bcmoe-prod.aquaticinformatics.net/Report/Show/SnowMSS.2G02A.MSS%20Report/","weekly_report_url":null,"snow_water_equivalent_report_url":null},"geometry":{"type":"Point","coordinates":[-119.976669,49.313835]}},{"type":"Feature","id":"manual:2G03","properties":{"station_id":"manual:2G03","station_type":"manual","location_id":"2G03","name":"Blackwall Peak","status":"Inactive","active":false,"elevation_m":1940,"operator":null,"camera_url":null,"basin_id":"13","source_object_id":2484370,"source_record_id":238,"source_layer":"WHSE_WATER_MANAGEMENT.SSL_SNOW_MSS_LOCS_SP","data_explorer_url":"https://bcmoe-prod.aquaticinformatics.net/Data/Location/Summary/Location/2G03/Interval/Latest","summary_report_url":"https://bcmoe-prod.aquaticinformatics.net/Report/Show/SnowMSS.2G03.MSS%20Report/","weekly_report_url":null,"snow_water_equivalent_report_url":null},"geometry":{"type":"Point","coordinates":[-120.7725,49.09414]}},{"type":"Feature","id":"manual:2G04","properties":{"station_id":"manual:2G04","station_type":"manual","location_id":"2G04","name":"Lost Horse Mountain","status":"Active","active":true,"elevation_m":1940,"operator":null,"camera_url":null,"basin_id":"13","source_object_id":2484371,"source_record_id":239,"source_layer":"WHSE_WATER_MANAGEMENT.SSL_SNOW_MSS_LOCS_SP","data_explorer_url":"https://bcmoe-prod.aquaticinformatics.net/Data/Location/Summary/Location/2G04/Interval/Latest","summary_report_url":"https://bcmoe-prod.aquaticinformatics.net/Report/Show/SnowMSS.2G04.MSS%20Report/","weekly_report_url":null,"snow_water_equivalent_report_url":null},"geometry":{"type":"Point","coordinates":[-120.13076,49.27983]}},{"type":"Feature","id":"manual:2G05","properties":{"station_id":"manual:2G05","station_type":"manual","location_id":"2G05","name":"Missezula Mountain","status":"Active","active":true,"elevation_m":1550,"operator":null,"camera_url":null,"basin_id":"13","source_object_id":2484372,"source_record_id":240,"source_layer":"WHSE_WATER_MANAGEMENT.SSL_SNOW_MSS_LOCS_SP","data_explorer_url":"https://bcmoe-prod.aquaticinformatics.net/Data/Location/Summary/Location/2G05/Interval/Latest","summary_report_url":"https://bcmoe-prod.aquaticinformatics.net/Report/Show/SnowMSS.2G05.MSS%20Report/","weekly_report_url":null,"snow_water_equivalent_report_url":null},"geometry":{"type":"Point","coordinates":[-120.5441,49.73831]}},{"type":"Feature","id":"manual:2G06","properties":{"station_id":"manual:2G06","station_type":"manual","location_id":"2G06","name":"Hamilton Hill","status":"Active","active":true,"elevation_m":1490,"operator":null,"camera_url":null,"basin_id":"13","source_object_id":2484373,"source_record_id":241,"source_layer":"WHSE_WATER_MANAGEMENT.SSL_SNOW_MSS_LOCS_SP","data_explorer_url":"https://bcmoe-prod.aquaticinformatics.net/Data/Location/Summary/Location/2G06/Interval/Latest","summary_report_url":"https://bcmoe-prod.aquaticinformatics.net/Report/Show/SnowMSS.2G06.MSS%20Report/","weekly_report_url":null,"snow_water_equivalent_report_url":null},"geometry":{"type":"Point","coordinates":[-120.79439,49.49914]}},{"type":"Feature","id":"manual:3A01","properties":{"station_id":"manual:3A01","station_type":"manual","location_id":"3A01","name":"Grouse Mountain","status":"Active","active":true,"elevation_m":1100,"operator":null,"camera_url":null,"basin_id":"14","source_object_id":2484374,"source_record_id":242,"source_layer":"WHSE_WATER_MANAGEMENT.SSL_SNOW_MSS_LOCS_SP","data_explorer_url":"https://bcmoe-prod.aquaticinformatics.net/Data/Location/Summary/Location/3A01/Interval/Latest","summary_report_url":"https://bcmoe-prod.aquaticinformatics.net/Report/Show/SnowMSS.3A01.MSS%20Report/","weekly_report_url":null,"snow_water_equivalent_report_url":null},"geometry":{"type":"Point","coordinates":[-123.07987,49.382986]}},{"type":"Feature","id":"manual:3A02","properties":{"station_id":"manual:3A02","station_type":"manual","location_id":"3A02","name":"Powell River Upper","status":"Active","active":true,"elevation_m":1040,"operator":null,"camera_url":null,"basin_id":"14","source_object_id":2484375,"source_record_id":243,"source_layer":"WHSE_WATER_MANAGEMENT.SSL_SNOW_MSS_LOCS_SP","data_explorer_url":"https://bcmoe-prod.aquaticinformatics.net/Data/Location/Summary/Location/3A02/Interval/Latest","summary_report_url":"https://bcmoe-prod.aquaticinformatics.net/Report/Show/SnowMSS.3A02.MSS%20Report/","weekly_report_url":null,"snow_water_equivalent_report_url":null},"geometry":{"type":"Point","coordinates":[-124.3311,50.26883]}},{"type":"Feature","id":"manual:3A03","properties":{"station_id":"manual:3A03","station_type":"manual","location_id":"3A03","name":"Powell River","status":"Inactive","active":false,"elevation_m":940,"operator":null,"camera_url":null,"basin_id":"14","source_object_id":2484376,"source_record_id":244,"source_layer":"WHSE_WATER_MANAGEMENT.SSL_SNOW_MSS_LOCS_SP","data_explorer_url":"https://bcmoe-prod.aquaticinformatics.net/Data/Location/Summary/Location/3A03/Interval/Latest","summary_report_url":"https://bcmoe-prod.aquaticinformatics.net/Report/Show/SnowMSS.3A03.MSS%20Report/","weekly_report_url":null,"snow_water_equivalent_report_url":null},"geometry":{"type":"Point","coordinates":[-124.503448,50.207378]}},{"type":"Feature","id":"manual:3A04","properties":{"station_id":"manual:3A04","station_type":"manual","location_id":"3A04","name":"Powell River","status":"Inactive","active":false,"elevation_m":670,"operator":null,"camera_url":null,"basin_id":"14","source_object_id":2484377,"source_record_id":245,"source_layer":"WHSE_WATER_MANAGEMENT.SSL_SNOW_MSS_LOCS_SP","data_explorer_url":"https://bcmoe-prod.aquaticinformatics.net/Data/Location/Summary/Location/3A04/Interval/Latest","summary_report_url":"https://bcmoe-prod.aquaticinformatics.net/Report/Show/SnowMSS.3A04.MSS%20Report/","weekly_report_url":null,"snow_water_equivalent_report_url":null},"geometry":{"type":"Point","coordinates":[-124.507865,50.234222]}},{"type":"Feature","id":"manual:3A05","properties":{"station_id":"manual:3A05","station_type":"manual","location_id":"3A05","name":"Powell River Lower","status":"Active","active":true,"elevation_m":910,"operator":null,"camera_url":null,"basin_id":"14","source_object_id":2484378,"source_record_id":246,"source_layer":"WHSE_WATER_MANAGEMENT.SSL_SNOW_MSS_LOCS_SP","data_explorer_url":"https://bcmoe-prod.aquaticinformatics.net/Data/Location/Summary/Location/3A05/Interval/Latest","summary_report_url":"https://bcmoe-prod.aquaticinformatics.net/Report/Show/SnowMSS.3A05.MSS%20Report/","weekly_report_url":null,"snow_water_equivalent_report_url":null},"geometry":{"type":"Point","coordinates":[-124.337439,50.26395]}},{"type":"Feature","id":"manual:3A06","properties":{"station_id":"manual:3A06","station_type":"manual","location_id":"3A06","name":"Powell River","status":"Inactive","active":false,"elevation_m":810,"operator":null,"camera_url":null,"basin_id":"14","source_object_id":2484379,"source_record_id":247,"source_layer":"WHSE_WATER_MANAGEMENT.SSL_SNOW_MSS_LOCS_SP","data_explorer_url":"https://bcmoe-prod.aquaticinformatics.net/Data/Location/Summary/Location/3A06/Interval/Latest","summary_report_url":"https://bcmoe-prod.aquaticinformatics.net/Report/Show/SnowMSS.3A06.MSS%20Report/","weekly_report_url":null,"snow_water_equivalent_report_url":null},"geometry":{"type":"Point","coordinates":[-124.592689,50.247371]}},{"type":"Feature","id":"manual:3A07","properties":{"station_id":"manual:3A07","station_type":"manual","location_id":"3A07","name":"Burwell Lake","status":"Inactive","active":false,"elevation_m":880,"operator":null,"camera_url":null,"basin_id":"14","source_object_id":2484380,"source_record_id":248,"source_layer":"WHSE_WATER_MANAGEMENT.SSL_SNOW_MSS_LOCS_SP","data_explorer_url":"https://bcmoe-prod.aquaticinformatics.net/Data/Location/Summary/Location/3A07/Interval/Latest","summary_report_url":"https://bcmoe-prod.aquaticinformatics.net/Report/Show/SnowMSS.3A07.MSS%20Report/","weekly_report_url":null,"snow_water_equivalent_report_url":null},"geometry":{"type":"Point","coordinates":[-122.992897,49.458713]}},{"type":"Feature","id":"manual:3A08","properties":{"station_id":"manual:3A08","station_type":"manual","location_id":"3A08","name":"Hollyburn","status":"Inactive","active":false,"elevation_m":1100,"operator":null,"camera_url":null,"basin_id":"14","source_object_id":2484381,"source_record_id":249,"source_layer":"WHSE_WATER_MANAGEMENT.SSL_SNOW_MSS_LOCS_SP","data_explorer_url":"https://bcmoe-prod.aquaticinformatics.net/Data/Location/Summary/Location/3A08/Interval/Latest","summary_report_url":"https://bcmoe-prod.aquaticinformatics.net/Report/Show/SnowMSS.3A08.MSS%20Report/","weekly_report_url":null,"snow_water_equivalent_report_url":null},"geometry":{"type":"Point","coordinates":[-123.1833,49.4]}},{"type":"Feature","id":"manual:3A09","properties":{"station_id":"manual:3A09","station_type":"manual","location_id":"3A09","name":"Palisade Lake","status":"Active","active":true,"elevation_m":880,"operator":null,"camera_url":null,"basin_id":"14","source_object_id":2484382,"source_record_id":250,"source_layer":"WHSE_WATER_MANAGEMENT.SSL_SNOW_MSS_LOCS_SP","data_explorer_url":"https://bcmoe-prod.aquaticinformatics.net/Data/Location/Summary/Location/3A09/Interval/Latest","summary_report_url":"https://bcmoe-prod.aquaticinformatics.net/Report/Show/SnowMSS.3A09.MSS%20Report/","weekly_report_url":null,"snow_water_equivalent_report_url":null},"geometry":{"type":"Point","coordinates":[-123.03317,49.453772]}},{"type":"Feature","id":"manual:3A10","properties":{"station_id":"manual:3A10","station_type":"manual","location_id":"3A10","name":"Dog Mountain","status":"Active","active":true,"elevation_m":1080,"operator":null,"camera_url":null,"basin_id":"14","source_object_id":2484383,"source_record_id":251,"source_layer":"WHSE_WATER_MANAGEMENT.SSL_SNOW_MSS_LOCS_SP","data_explorer_url":"https://bcmoe-prod.aquaticinformatics.net/Data/Location/Summary/Location/3A10/Interval/Latest","summary_report_url":"https://bcmoe-prod.aquaticinformatics.net/Report/Show/SnowMSS.3A10.MSS%20Report/","weekly_report_url":null,"snow_water_equivalent_report_url":null},"geometry":{"type":"Point","coordinates":[-122.95676,49.372643]}},{"type":"Feature","id":"manual:3A11","properties":{"station_id":"manual:3A11","station_type":"manual","location_id":"3A11","name":"Loch Lomond","status":"Inactive","active":false,"elevation_m":900,"operator":null,"camera_url":null,"basin_id":"14","source_object_id":2484384,"source_record_id":252,"source_layer":"WHSE_WATER_MANAGEMENT.SSL_SNOW_MSS_LOCS_SP","data_explorer_url":"https://bcmoe-prod.aquaticinformatics.net/Data/Location/Summary/Location/3A11/Interval/Latest","summary_report_url":"https://bcmoe-prod.aquaticinformatics.net/Report/Show/SnowMSS.3A11.MSS%20Report/","weekly_report_url":null,"snow_water_equivalent_report_url":null},"geometry":{"type":"Point","coordinates":[-123.0833,49.58333]}},{"type":"Feature","id":"manual:3A12","properties":{"station_id":"manual:3A12","station_type":"manual","location_id":"3A12","name":"Freda Lake","status":"Inactive","active":false,"elevation_m":700,"operator":null,"camera_url":null,"basin_id":"14","source_object_id":2484385,"source_record_id":253,"source_layer":"WHSE_WATER_MANAGEMENT.SSL_SNOW_MSS_LOCS_SP","data_explorer_url":"https://bcmoe-prod.aquaticinformatics.net/Data/Location/Summary/Location/3A12/Interval/Latest","summary_report_url":"https://bcmoe-prod.aquaticinformatics.net/Report/Show/SnowMSS.3A12.MSS%20Report/","weekly_report_url":null,"snow_water_equivalent_report_url":null},"geometry":{"type":"Point","coordinates":[-124.166741,50.004817]}},{"type":"Feature","id":"manual:3A13","properties":{"station_id":"manual:3A13","station_type":"manual","location_id":"3A13","name":"Tatlayoko Lake","status":"Inactive","active":false,"elevation_m":1710,"operator":null,"camera_url":null,"basin_id":"14","source_object_id":2484386,"source_record_id":254,"source_layer":"WHSE_WATER_MANAGEMENT.SSL_SNOW_MSS_LOCS_SP","data_explorer_url":"https://bcmoe-prod.aquaticinformatics.net/Data/Location/Summary/Location/3A13/Interval/Latest","summary_report_url":"https://bcmoe-prod.aquaticinformatics.net/Report/Show/SnowMSS.3A13.MSS%20Report/","weekly_report_url":null,"snow_water_equivalent_report_url":null},"geometry":{"type":"Point","coordinates":[-124.414428,51.651401]}},{"type":"Feature","id":"manual:3A14","properties":{"station_id":"manual:3A14","station_type":"manual","location_id":"3A14","name":"Garibaldi Lake","status":"Inactive","active":false,"elevation_m":1620,"operator":null,"camera_url":null,"basin_id":"14","source_object_id":2484387,"source_record_id":255,"source_layer":"WHSE_WATER_MANAGEMENT.SSL_SNOW_MSS_LOCS_SP","data_explorer_url":"https://bcmoe-prod.aquaticinformatics.net/Data/Location/Summary/Location/3A14/Interval/Latest","summary_report_url":"https://bcmoe-prod.aquaticinformatics.net/Report/Show/SnowMSS.3A14.MSS%20Report/","weekly_report_url":null,"snow_water_equivalent_report_url":null},"geometry":{"type":"Point","coordinates":[-122.986198,49.969158]}},{"type":"Feature","id":"manual:3A15","properties":{"station_id":"manual:3A15","station_type":"manual","location_id":"3A15","name":"Mount Seymour","status":"Inactive","active":false,"elevation_m":1070,"operator":null,"camera_url":null,"basin_id":"14","source_object_id":2484388,"source_record_id":256,"source_layer":"WHSE_WATER_MANAGEMENT.SSL_SNOW_MSS_LOCS_SP","data_explorer_url":"https://bcmoe-prod.aquaticinformatics.net/Data/Location/Summary/Location/3A15/Interval/Latest","summary_report_url":"https://bcmoe-prod.aquaticinformatics.net/Report/Show/SnowMSS.3A15.MSS%20Report/","weekly_report_url":null,"snow_water_equivalent_report_url":null},"geometry":{"type":"Point","coordinates":[-122.95,49.36667]}},{"type":"Feature","id":"manual:3A16","properties":{"station_id":"manual:3A16","station_type":"manual","location_id":"3A16","name":"Whistler Mountain","status":"Inactive","active":false,"elevation_m":1450,"operator":null,"camera_url":null,"basin_id":"14","source_object_id":2484389,"source_record_id":257,"source_layer":"WHSE_WATER_MANAGEMENT.SSL_SNOW_MSS_LOCS_SP","data_explorer_url":"https://bcmoe-prod.aquaticinformatics.net/Data/Location/Summary/Location/3A16/Interval/Latest","summary_report_url":"https://bcmoe-prod.aquaticinformatics.net/Report/Show/SnowMSS.3A16.MSS%20Report/","weekly_report_url":null,"snow_water_equivalent_report_url":null},"geometry":{"type":"Point","coordinates":[-123.002098,50.05656]}},{"type":"Feature","id":"manual:3A17","properties":{"station_id":"manual:3A17","station_type":"manual","location_id":"3A17","name":"Tiedemann Glacier","status":"Inactive","active":false,"elevation_m":1400,"operator":null,"camera_url":null,"basin_id":"14","source_object_id":2484390,"source_record_id":258,"source_layer":"WHSE_WATER_MANAGEMENT.SSL_SNOW_MSS_LOCS_SP","data_explorer_url":"https://bcmoe-prod.aquaticinformatics.net/Data/Location/Summary/Location/3A17/Interval/Latest","summary_report_url":"https://bcmoe-prod.aquaticinformatics.net/Report/Show/SnowMSS.3A17.MSS%20Report/","weekly_report_url":null,"snow_water_equivalent_report_url":null},"geometry":{"type":"Point","coordinates":[-124.892745,51.599773]}},{"type":"Feature","id":"manual:3A18","properties":{"station_id":"manual:3A18","station_type":"manual","location_id":"3A18","name":"Toba River","status":"Inactive","active":false,"elevation_m":1550,"operator":null,"camera_url":null,"basin_id":"14","source_object_id":2484391,"source_record_id":259,"source_layer":"WHSE_WATER_MANAGEMENT.SSL_SNOW_MSS_LOCS_SP","data_explorer_url":"https://bcmoe-prod.aquaticinformatics.net/Data/Location/Summary/Location/3A18/Interval/Latest","summary_report_url":"https://bcmoe-prod.aquaticinformatics.net/Report/Show/SnowMSS.3A18.MSS%20Report/","weekly_report_url":null,"snow_water_equivalent_report_url":null},"geometry":{"type":"Point","coordinates":[-123.914108,50.686882]}},{"type":"Feature","id":"manual:3A19","properties":{"station_id":"manual:3A19","station_type":"manual","location_id":"3A19","name":"Orchid Lake","status":"Active","active":true,"elevation_m":1190,"operator":null,"camera_url":null,"basin_id":"14","source_object_id":2484392,"source_record_id":260,"source_layer":"WHSE_WATER_MANAGEMENT.SSL_SNOW_MSS_LOCS_SP","data_explorer_url":"https://bcmoe-prod.aquaticinformatics.net/Data/Location/Summary/Location/3A19/Interval/Latest","summary_report_url":"https://bcmoe-prod.aquaticinformatics.net/Report/Show/SnowMSS.3A19.MSS%20Report/","weekly_report_url":null,"snow_water_equivalent_report_url":null},"geometry":{"type":"Point","coordinates":[-123.05234,49.536248]}},{"type":"Feature","id":"manual:3A20","properties":{"station_id":"manual:3A20","station_type":"manual","location_id":"3A20","name":"Callaghan Creek","status":"Inactive","active":false,"elevation_m":1040,"operator":null,"camera_url":null,"basin_id":"14","source_object_id":2484393,"source_record_id":261,"source_layer":"WHSE_WATER_MANAGEMENT.SSL_SNOW_MSS_LOCS_SP","data_explorer_url":"https://bcmoe-prod.aquaticinformatics.net/Data/Location/Summary/Location/3A20/Interval/Latest","summary_report_url":"https://bcmoe-prod.aquaticinformatics.net/Report/Show/SnowMSS.3A20.MSS%20Report/","weekly_report_url":null,"snow_water_equivalent_report_url":null},"geometry":{"type":"Point","coordinates":[-123.1037778,50.1385833]}},{"type":"Feature","id":"manual:3A21","properties":{"station_id":"manual:3A21","station_type":"manual","location_id":"3A21","name":"Diamond Head","status":"Inactive","active":false,"elevation_m":1420,"operator":null,"camera_url":null,"basin_id":"14","source_object_id":2484394,"source_record_id":262,"source_layer":"WHSE_WATER_MANAGEMENT.SSL_SNOW_MSS_LOCS_SP","data_explorer_url":"https://bcmoe-prod.aquaticinformatics.net/Data/Location/Summary/Location/3A21/Interval/Latest","summary_report_url":"https://bcmoe-prod.aquaticinformatics.net/Report/Show/SnowMSS.3A21.MSS%20Report/","weekly_report_url":null,"snow_water_equivalent_report_url":null},"geometry":{"type":"Point","coordinates":[-122.977249,49.81496]}},{"type":"Feature","id":"manual:3A22","properties":{"station_id":"manual:3A22","station_type":"manual","location_id":"3A22","name":"Nostetuko River","status":"Inactive","active":false,"elevation_m":1600,"operator":null,"camera_url":null,"basin_id":"14","source_object_id":2484395,"source_record_id":263,"source_layer":"WHSE_WATER_MANAGEMENT.SSL_SNOW_MSS_LOCS_SP","data_explorer_url":"https://bcmoe-prod.aquaticinformatics.net/Data/Location/Summary/Location/3A22/Interval/Latest","summary_report_url":"https://bcmoe-prod.aquaticinformatics.net/Report/Show/SnowMSS.3A22.MSS%20Report/","weekly_report_url":null,"snow_water_equivalent_report_url":null},"geometry":{"type":"Point","coordinates":[-124.454322,51.132453]}},{"type":"Feature","id":"manual:3A22A","properties":{"station_id":"manual:3A22A","station_type":"manual","location_id":"3A22A","name":"Nostetuko River","status":"Inactive","active":false,"elevation_m":1500,"operator":null,"camera_url":null,"basin_id":"14","source_object_id":2484396,"source_record_id":264,"source_layer":"WHSE_WATER_MANAGEMENT.SSL_SNOW_MSS_LOCS_SP","data_explorer_url":"https://bcmoe-prod.aquaticinformatics.net/Data/Location/Summary/Location/3A22A/Interval/Latest","summary_report_url":"https://bcmoe-prod.aquaticinformatics.net/Report/Show/SnowMSS.3A22A.MSS%20Report/","weekly_report_url":null,"snow_water_equivalent_report_url":null},"geometry":{"type":"Point","coordinates":[-124.459556,51.24325]}},{"type":"Feature","id":"manual:3A26","properties":{"station_id":"manual:3A26","station_type":"manual","location_id":"3A26","name":"Chapman Creek","status":"Active","active":true,"elevation_m":1022,"operator":null,"camera_url":null,"basin_id":"14","source_object_id":2484397,"source_record_id":265,"source_layer":"WHSE_WATER_MANAGEMENT.SSL_SNOW_MSS_LOCS_SP","data_explorer_url":"https://bcmoe-prod.aquaticinformatics.net/Data/Location/Summary/Location/3A26/Interval/Latest","summary_report_url":"https://bcmoe-prod.aquaticinformatics.net/Report/Show/SnowMSS.3A26.MSS%20Report/","weekly_report_url":null,"snow_water_equivalent_report_url":null},"geometry":{"type":"Point","coordinates":[-123.58602,49.58439]}},{"type":"Feature","id":"manual:3A27","properties":{"station_id":"manual:3A27","station_type":"manual","location_id":"3A27","name":"Edwards Lake","status":"Active","active":true,"elevation_m":1070,"operator":null,"camera_url":null,"basin_id":"14","source_object_id":2484398,"source_record_id":266,"source_layer":"WHSE_WATER_MANAGEMENT.SSL_SNOW_MSS_LOCS_SP","data_explorer_url":"https://bcmoe-prod.aquaticinformatics.net/Data/Location/Summary/Location/3A27/Interval/Latest","summary_report_url":"https://bcmoe-prod.aquaticinformatics.net/Report/Show/SnowMSS.3A27.MSS%20Report/","weekly_report_url":null,"snow_water_equivalent_report_url":null},"geometry":{"type":"Point","coordinates":[-123.62853,49.5932]}},{"type":"Feature","id":"manual:3B01","properties":{"station_id":"manual:3B01","station_type":"manual","location_id":"3B01","name":"Forbidden Plateau","status":"Active","active":true,"elevation_m":1100,"operator":null,"camera_url":null,"basin_id":"15","source_object_id":2484399,"source_record_id":267,"source_layer":"WHSE_WATER_MANAGEMENT.SSL_SNOW_MSS_LOCS_SP","data_explorer_url":"https://bcmoe-prod.aquaticinformatics.net/Data/Location/Summary/Location/3B01/Interval/Latest","summary_report_url":"https://bcmoe-prod.aquaticinformatics.net/Report/Show/SnowMSS.3B01.MSS%20Report/","weekly_report_url":null,"snow_water_equivalent_report_url":null},"geometry":{"type":"Point","coordinates":[-125.2072481,49.6534531]}},{"type":"Feature","id":"manual:3B02","properties":{"station_id":"manual:3B02","station_type":"manual","location_id":"3B02","name":"Mount Cokely","status":"Inactive","active":false,"elevation_m":1250,"operator":null,"camera_url":null,"basin_id":"15","source_object_id":2484400,"source_record_id":268,"source_layer":"WHSE_WATER_MANAGEMENT.SSL_SNOW_MSS_LOCS_SP","data_explorer_url":"https://bcmoe-prod.aquaticinformatics.net/Data/Location/Summary/Location/3B02/Interval/Latest","summary_report_url":"https://bcmoe-prod.aquaticinformatics.net/Report/Show/SnowMSS.3B02.MSS%20Report/","weekly_report_url":null,"snow_water_equivalent_report_url":null},"geometry":{"type":"Point","coordinates":[-124.59168,49.24833]}},{"type":"Feature","id":"manual:3B02A","properties":{"station_id":"manual:3B02A","station_type":"manual","location_id":"3B02A","name":"Mount Cokely","status":"Active","active":true,"elevation_m":1190,"operator":null,"camera_url":null,"basin_id":"15","source_object_id":2484401,"source_record_id":269,"source_layer":"WHSE_WATER_MANAGEMENT.SSL_SNOW_MSS_LOCS_SP","data_explorer_url":"https://bcmoe-prod.aquaticinformatics.net/Data/Location/Summary/Location/3B02A/Interval/Latest","summary_report_url":"https://bcmoe-prod.aquaticinformatics.net/Report/Show/SnowMSS.3B02A.MSS%20Report/","weekly_report_url":null,"snow_water_equivalent_report_url":null},"geometry":{"type":"Point","coordinates":[-124.591,49.248]}},{"type":"Feature","id":"manual:3B03","properties":{"station_id":"manual:3B03","station_type":"manual","location_id":"3B03","name":"Labour Day Lake","status":"Inactive","active":false,"elevation_m":1020,"operator":null,"camera_url":null,"basin_id":"15","source_object_id":2484402,"source_record_id":270,"source_layer":"WHSE_WATER_MANAGEMENT.SSL_SNOW_MSS_LOCS_SP","data_explorer_url":"https://bcmoe-prod.aquaticinformatics.net/Data/Location/Summary/Location/3B03/Interval/Latest","summary_report_url":"https://bcmoe-prod.aquaticinformatics.net/Report/Show/SnowMSS.3B03.MSS%20Report/","weekly_report_url":null,"snow_water_equivalent_report_url":null},"geometry":{"type":"Point","coordinates":[-124.602218,49.17086]}},{"type":"Feature","id":"manual:3B04","properties":{"station_id":"manual:3B04","station_type":"manual","location_id":"3B04","name":"Elk River","status":"Active","active":true,"elevation_m":270,"operator":null,"camera_url":null,"basin_id":"15","source_object_id":2484403,"source_record_id":271,"source_layer":"WHSE_WATER_MANAGEMENT.SSL_SNOW_MSS_LOCS_SP","data_explorer_url":"https://bcmoe-prod.aquaticinformatics.net/Data/Location/Summary/Location/3B04/Interval/Latest","summary_report_url":"https://bcmoe-prod.aquaticinformatics.net/Report/Show/SnowMSS.3B04.MSS%20Report/","weekly_report_url":null,"snow_water_equivalent_report_url":null},"geometry":{"type":"Point","coordinates":[-125.81807,49.85601]}},{"type":"Feature","id":"manual:3B05","properties":{"station_id":"manual:3B05","station_type":"manual","location_id":"3B05","name":"Upper Quinsam","status":"Inactive","active":false,"elevation_m":640,"operator":null,"camera_url":null,"basin_id":"15","source_object_id":2484404,"source_record_id":272,"source_layer":"WHSE_WATER_MANAGEMENT.SSL_SNOW_MSS_LOCS_SP","data_explorer_url":"https://bcmoe-prod.aquaticinformatics.net/Data/Location/Summary/Location/3B05/Interval/Latest","summary_report_url":"https://bcmoe-prod.aquaticinformatics.net/Report/Show/SnowMSS.3B05.MSS%20Report/","weekly_report_url":null,"snow_water_equivalent_report_url":null},"geometry":{"type":"Point","coordinates":[-125.501594,49.94363]}},{"type":"Feature","id":"manual:3B06","properties":{"station_id":"manual:3B06","station_type":"manual","location_id":"3B06","name":"Tripp Meadows","status":"Inactive","active":false,"elevation_m":820,"operator":null,"camera_url":null,"basin_id":"15","source_object_id":2484405,"source_record_id":273,"source_layer":"WHSE_WATER_MANAGEMENT.SSL_SNOW_MSS_LOCS_SP","data_explorer_url":"https://bcmoe-prod.aquaticinformatics.net/Data/Location/Summary/Location/3B06/Interval/Latest","summary_report_url":"https://bcmoe-prod.aquaticinformatics.net/Report/Show/SnowMSS.3B06.MSS%20Report/","weekly_report_url":null,"snow_water_equivalent_report_url":null},"geometry":{"type":"Point","coordinates":[-123.818267,48.540721]}},{"type":"Feature","id":"manual:3B07","properties":{"station_id":"manual:3B07","station_type":"manual","location_id":"3B07","name":"Alligator Meadows","status":"Inactive","active":false,"elevation_m":520,"operator":null,"camera_url":null,"basin_id":"15","source_object_id":2484406,"source_record_id":274,"source_layer":"WHSE_WATER_MANAGEMENT.SSL_SNOW_MSS_LOCS_SP","data_explorer_url":"https://bcmoe-prod.aquaticinformatics.net/Data/Location/Summary/Location/3B07/Interval/Latest","summary_report_url":"https://bcmoe-prod.aquaticinformatics.net/Report/Show/SnowMSS.3B07.MSS%20Report/","weekly_report_url":null,"snow_water_equivalent_report_url":null},"geometry":{"type":"Point","coordinates":[-123.911613,48.540882]}},{"type":"Feature","id":"manual:3B08","properties":{"station_id":"manual:3B08","station_type":"manual","location_id":"3B08","name":"June Lake","status":"Inactive","active":false,"elevation_m":980,"operator":null,"camera_url":null,"basin_id":"15","source_object_id":2484407,"source_record_id":275,"source_layer":"WHSE_WATER_MANAGEMENT.SSL_SNOW_MSS_LOCS_SP","data_explorer_url":"https://bcmoe-prod.aquaticinformatics.net/Data/Location/Summary/Location/3B08/Interval/Latest","summary_report_url":"https://bcmoe-prod.aquaticinformatics.net/Report/Show/SnowMSS.3B08.MSS%20Report/","weekly_report_url":null,"snow_water_equivalent_report_url":null},"geometry":{"type":"Point","coordinates":[-125.273262,49.545188]}},{"type":"Feature","id":"manual:3B09","properties":{"station_id":"manual:3B09","station_type":"manual","location_id":"3B09","name":"Burman Lake","status":"Inactive","active":false,"elevation_m":1250,"operator":null,"camera_url":null,"basin_id":"15","source_object_id":2484408,"source_record_id":276,"source_layer":"WHSE_WATER_MANAGEMENT.SSL_SNOW_MSS_LOCS_SP","data_explorer_url":"https://bcmoe-prod.aquaticinformatics.net/Data/Location/Summary/Location/3B09/Interval/Latest","summary_report_url":"https://bcmoe-prod.aquaticinformatics.net/Report/Show/SnowMSS.3B09.MSS%20Report/","weekly_report_url":null,"snow_water_equivalent_report_url":null},"geometry":{"type":"Point","coordinates":[-125.751625,49.635295]}},{"type":"Feature","id":"manual:3B10","properties":{"station_id":"manual:3B10","station_type":"manual","location_id":"3B10","name":"Upper Thelwood Lake","status":"Active","active":true,"elevation_m":990,"operator":null,"camera_url":null,"basin_id":"15","source_object_id":2484409,"source_record_id":277,"source_layer":"WHSE_WATER_MANAGEMENT.SSL_SNOW_MSS_LOCS_SP","data_explorer_url":"https://bcmoe-prod.aquaticinformatics.net/Data/Location/Summary/Location/3B10/Interval/Latest","summary_report_url":"https://bcmoe-prod.aquaticinformatics.net/Report/Show/SnowMSS.3B10.MSS%20Report/","weekly_report_url":null,"snow_water_equivalent_report_url":null},"geometry":{"type":"Point","coordinates":[-125.70371,49.524913]}},{"type":"Feature","id":"manual:3B11","properties":{"station_id":"manual:3B11","station_type":"manual","location_id":"3B11","name":"Memory Lake","status":"Inactive","active":false,"elevation_m":1280,"operator":null,"camera_url":null,"basin_id":"15","source_object_id":2484410,"source_record_id":278,"source_layer":"WHSE_WATER_MANAGEMENT.SSL_SNOW_MSS_LOCS_SP","data_explorer_url":"https://bcmoe-prod.aquaticinformatics.net/Data/Location/Summary/Location/3B11/Interval/Latest","summary_report_url":"https://bcmoe-prod.aquaticinformatics.net/Report/Show/SnowMSS.3B11.MSS%20Report/","weekly_report_url":null,"snow_water_equivalent_report_url":null},"geometry":{"type":"Point","coordinates":[-125.381782,49.586692]}},{"type":"Feature","id":"manual:3B12","properties":{"station_id":"manual:3B12","station_type":"manual","location_id":"3B12","name":"Lyford Mountain","status":"Inactive","active":false,"elevation_m":910,"operator":null,"camera_url":null,"basin_id":"15","source_object_id":2484411,"source_record_id":279,"source_layer":"WHSE_WATER_MANAGEMENT.SSL_SNOW_MSS_LOCS_SP","data_explorer_url":"https://bcmoe-prod.aquaticinformatics.net/Data/Location/Summary/Location/3B12/Interval/Latest","summary_report_url":"https://bcmoe-prod.aquaticinformatics.net/Report/Show/SnowMSS.3B12.MSS%20Report/","weekly_report_url":null,"snow_water_equivalent_report_url":null},"geometry":{"type":"Point","coordinates":[-124.557617,48.855327]}},{"type":"Feature","id":"manual:3B13","properties":{"station_id":"manual:3B13","station_type":"manual","location_id":"3B13","name":"Heather Mountain","status":"Inactive","active":false,"elevation_m":1170,"operator":null,"camera_url":null,"basin_id":"15","source_object_id":2484412,"source_record_id":280,"source_layer":"WHSE_WATER_MANAGEMENT.SSL_SNOW_MSS_LOCS_SP","data_explorer_url":"https://bcmoe-prod.aquaticinformatics.net/Data/Location/Summary/Location/3B13/Interval/Latest","summary_report_url":"https://bcmoe-prod.aquaticinformatics.net/Report/Show/SnowMSS.3B13.MSS%20Report/","weekly_report_url":null,"snow_water_equivalent_report_url":null},"geometry":{"type":"Point","coordinates":[-124.45112,48.94281]}},{"type":"Feature","id":"manual:3B14","properties":{"station_id":"manual:3B14","station_type":"manual","location_id":"3B14","name":"Newcastle Ridge","status":"Inactive","active":false,"elevation_m":1170,"operator":null,"camera_url":null,"basin_id":"15","source_object_id":2484413,"source_record_id":281,"source_layer":"WHSE_WATER_MANAGEMENT.SSL_SNOW_MSS_LOCS_SP","data_explorer_url":"https://bcmoe-prod.aquaticinformatics.net/Data/Location/Summary/Location/3B14/Interval/Latest","summary_report_url":"https://bcmoe-prod.aquaticinformatics.net/Report/Show/SnowMSS.3B14.MSS%20Report/","weekly_report_url":null,"snow_water_equivalent_report_url":null},"geometry":{"type":"Point","coordinates":[-126.046806,50.400028]}},{"type":"Feature","id":"manual:3B15","properties":{"station_id":"manual:3B15","station_type":"manual","location_id":"3B15","name":"Bear Creek Reservoir","status":"Inactive","active":false,"elevation_m":450,"operator":null,"camera_url":null,"basin_id":"15","source_object_id":2484414,"source_record_id":282,"source_layer":"WHSE_WATER_MANAGEMENT.SSL_SNOW_MSS_LOCS_SP","data_explorer_url":"https://bcmoe-prod.aquaticinformatics.net/Data/Location/Summary/Location/3B15/Interval/Latest","summary_report_url":"https://bcmoe-prod.aquaticinformatics.net/Report/Show/SnowMSS.3B15.MSS%20Report/","weekly_report_url":null,"snow_water_equivalent_report_url":null},"geometry":{"type":"Point","coordinates":[-123.917045,48.506278]}},{"type":"Feature","id":"manual:3B16","properties":{"station_id":"manual:3B16","station_type":"manual","location_id":"3B16","name":"Sno-Bird Lake","status":"Inactive","active":false,"elevation_m":1400,"operator":null,"camera_url":null,"basin_id":"15","source_object_id":2484415,"source_record_id":283,"source_layer":"WHSE_WATER_MANAGEMENT.SSL_SNOW_MSS_LOCS_SP","data_explorer_url":"https://bcmoe-prod.aquaticinformatics.net/Data/Location/Summary/Location/3B16/Interval/Latest","summary_report_url":"https://bcmoe-prod.aquaticinformatics.net/Report/Show/SnowMSS.3B16.MSS%20Report/","weekly_report_url":null,"snow_water_equivalent_report_url":null},"geometry":{"type":"Point","coordinates":[-124.337036,49.052196]}},{"type":"Feature","id":"manual:3B17","properties":{"station_id":"manual:3B17","station_type":"manual","location_id":"3B17","name":"Wolf River Upper","status":"Inactive","active":false,"elevation_m":1490,"operator":null,"camera_url":null,"basin_id":"15","source_object_id":2484416,"source_record_id":284,"source_layer":"WHSE_WATER_MANAGEMENT.SSL_SNOW_MSS_LOCS_SP","data_explorer_url":"https://bcmoe-prod.aquaticinformatics.net/Data/Location/Summary/Location/3B17/Interval/Latest","summary_report_url":"https://bcmoe-prod.aquaticinformatics.net/Report/Show/SnowMSS.3B17.MSS%20Report/","weekly_report_url":null,"snow_water_equivalent_report_url":null},"geometry":{"type":"Point","coordinates":[-125.694137,49.750118]}},{"type":"Feature","id":"manual:3B18","properties":{"station_id":"manual:3B18","station_type":"manual","location_id":"3B18","name":"Wolf River Middle","status":"Inactive","active":false,"elevation_m":990,"operator":null,"camera_url":null,"basin_id":"15","source_object_id":2484417,"source_record_id":285,"source_layer":"WHSE_WATER_MANAGEMENT.SSL_SNOW_MSS_LOCS_SP","data_explorer_url":"https://bcmoe-prod.aquaticinformatics.net/Data/Location/Summary/Location/3B18/Interval/Latest","summary_report_url":"https://bcmoe-prod.aquaticinformatics.net/Report/Show/SnowMSS.3B18.MSS%20Report/","weekly_report_url":null,"snow_water_equivalent_report_url":null},"geometry":{"type":"Point","coordinates":[-125.695999,49.7067107]}},{"type":"Feature","id":"manual:3B19","properties":{"station_id":"manual:3B19","station_type":"manual","location_id":"3B19","name":"Wolf River Lower","status":"Inactive","active":false,"elevation_m":640,"operator":null,"camera_url":null,"basin_id":"15","source_object_id":2484418,"source_record_id":286,"source_layer":"WHSE_WATER_MANAGEMENT.SSL_SNOW_MSS_LOCS_SP","data_explorer_url":"https://bcmoe-prod.aquaticinformatics.net/Data/Location/Summary/Location/3B19/Interval/Latest","summary_report_url":"https://bcmoe-prod.aquaticinformatics.net/Report/Show/SnowMSS.3B19.MSS%20Report/","weekly_report_url":null,"snow_water_equivalent_report_url":null},"geometry":{"type":"Point","coordinates":[-125.702509,49.7244642]}},{"type":"Feature","id":"manual:3B20","properties":{"station_id":"manual:3B20","station_type":"manual","location_id":"3B20","name":"Sproat Lake","status":"Inactive","active":false,"elevation_m":1220,"operator":null,"camera_url":null,"basin_id":"15","source_object_id":2484419,"source_record_id":287,"source_layer":"WHSE_WATER_MANAGEMENT.SSL_SNOW_MSS_LOCS_SP","data_explorer_url":"https://bcmoe-prod.aquaticinformatics.net/Data/Location/Summary/Location/3B20/Interval/Latest","summary_report_url":"https://bcmoe-prod.aquaticinformatics.net/Report/Show/SnowMSS.3B20.MSS%20Report/","weekly_report_url":null,"snow_water_equivalent_report_url":null},"geometry":{"type":"Point","coordinates":[-125.150848,49.303218]}},{"type":"Feature","id":"manual:3B21","properties":{"station_id":"manual:3B21","station_type":"manual","location_id":"3B21","name":"Margaret Lake","status":"Inactive","active":false,"elevation_m":1040,"operator":null,"camera_url":null,"basin_id":"15","source_object_id":2484420,"source_record_id":288,"source_layer":"WHSE_WATER_MANAGEMENT.SSL_SNOW_MSS_LOCS_SP","data_explorer_url":"https://bcmoe-prod.aquaticinformatics.net/Data/Location/Summary/Location/3B21/Interval/Latest","summary_report_url":"https://bcmoe-prod.aquaticinformatics.net/Report/Show/SnowMSS.3B21.MSS%20Report/","weekly_report_url":null,"snow_water_equivalent_report_url":null},"geometry":{"type":"Point","coordinates":[-125.4712524,49.484203]}},{"type":"Feature","id":"manual:3B22","properties":{"station_id":"manual:3B22","station_type":"manual","location_id":"3B22","name":"Tennent Lake","status":"Inactive","active":false,"elevation_m":1134,"operator":null,"camera_url":null,"basin_id":"15","source_object_id":2484421,"source_record_id":289,"source_layer":"WHSE_WATER_MANAGEMENT.SSL_SNOW_MSS_LOCS_SP","data_explorer_url":"https://bcmoe-prod.aquaticinformatics.net/Data/Location/Summary/Location/3B22/Interval/Latest","summary_report_url":"https://bcmoe-prod.aquaticinformatics.net/Report/Show/SnowMSS.3B22.MSS%20Report/","weekly_report_url":null,"snow_water_equivalent_report_url":null},"geometry":{"type":"Point","coordinates":[-125.63739,49.579578]}},{"type":"Feature","id":"manual:3B24","properties":{"station_id":"manual:3B24","station_type":"manual","location_id":"3B24","name":"Heather Mountain Upper","status":"Inactive","active":false,"elevation_m":1190,"operator":null,"camera_url":null,"basin_id":"15","source_object_id":2484422,"source_record_id":290,"source_layer":"WHSE_WATER_MANAGEMENT.SSL_SNOW_MSS_LOCS_SP","data_explorer_url":"https://bcmoe-prod.aquaticinformatics.net/Data/Location/Summary/Location/3B24/Interval/Latest","summary_report_url":"https://bcmoe-prod.aquaticinformatics.net/Report/Show/SnowMSS.3B24.MSS%20Report/","weekly_report_url":null,"snow_water_equivalent_report_url":null},"geometry":{"type":"Point","coordinates":[-124.45196,48.943894]}},{"type":"Feature","id":"manual:3C01","properties":{"station_id":"manual:3C01","station_type":"manual","location_id":"3C01","name":"Precipice","status":"Inactive","active":false,"elevation_m":1220,"operator":null,"camera_url":null,"basin_id":"16","source_object_id":2484423,"source_record_id":291,"source_layer":"WHSE_WATER_MANAGEMENT.SSL_SNOW_MSS_LOCS_SP","data_explorer_url":"https://bcmoe-prod.aquaticinformatics.net/Data/Location/Summary/Location/3C01/Interval/Latest","summary_report_url":"https://bcmoe-prod.aquaticinformatics.net/Report/Show/SnowMSS.3C01.MSS%20Report/","weekly_report_url":null,"snow_water_equivalent_report_url":null},"geometry":{"type":"Point","coordinates":[-125.636337,52.4267]}},{"type":"Feature","id":"manual:3C02","properties":{"station_id":"manual:3C02","station_type":"manual","location_id":"3C02","name":"Bella Coola","status":"Inactive","active":false,"elevation_m":1380,"operator":null,"camera_url":null,"basin_id":"16","source_object_id":2484424,"source_record_id":292,"source_layer":"WHSE_WATER_MANAGEMENT.SSL_SNOW_MSS_LOCS_SP","data_explorer_url":"https://bcmoe-prod.aquaticinformatics.net/Data/Location/Summary/Location/3C02/Interval/Latest","summary_report_url":"https://bcmoe-prod.aquaticinformatics.net/Report/Show/SnowMSS.3C02.MSS%20Report/","weekly_report_url":null,"snow_water_equivalent_report_url":null},"geometry":{"type":"Point","coordinates":[-126.629508,52.530158]}},{"type":"Feature","id":"manual:3C03","properties":{"station_id":"manual:3C03","station_type":"manual","location_id":"3C03","name":"Machmell River","status":"Inactive","active":false,"elevation_m":1380,"operator":null,"camera_url":null,"basin_id":"16","source_object_id":2484425,"source_record_id":293,"source_layer":"WHSE_WATER_MANAGEMENT.SSL_SNOW_MSS_LOCS_SP","data_explorer_url":"https://bcmoe-prod.aquaticinformatics.net/Data/Location/Summary/Location/3C03/Interval/Latest","summary_report_url":"https://bcmoe-prod.aquaticinformatics.net/Report/Show/SnowMSS.3C03.MSS%20Report/","weekly_report_url":null,"snow_water_equivalent_report_url":null},"geometry":{"type":"Point","coordinates":[-126.22438,51.702411]}},{"type":"Feature","id":"manual:3C04","properties":{"station_id":"manual:3C04","station_type":"manual","location_id":"3C04","name":"Wedeene River","status":"Inactive","active":false,"elevation_m":340,"operator":null,"camera_url":null,"basin_id":"16","source_object_id":2484426,"source_record_id":294,"source_layer":"WHSE_WATER_MANAGEMENT.SSL_SNOW_MSS_LOCS_SP","data_explorer_url":"https://bcmoe-prod.aquaticinformatics.net/Data/Location/Summary/Location/3C04/Interval/Latest","summary_report_url":"https://bcmoe-prod.aquaticinformatics.net/Report/Show/SnowMSS.3C04.MSS%20Report/","weekly_report_url":null,"snow_water_equivalent_report_url":null},"geometry":{"type":"Point","coordinates":[-128.727371,54.245685]}},{"type":"Feature","id":"manual:3C05","properties":{"station_id":"manual:3C05","station_type":"manual","location_id":"3C05","name":"Braden River","status":"Inactive","active":false,"elevation_m":300,"operator":null,"camera_url":null,"basin_id":"16","source_object_id":2484427,"source_record_id":295,"source_layer":"WHSE_WATER_MANAGEMENT.SSL_SNOW_MSS_LOCS_SP","data_explorer_url":"https://bcmoe-prod.aquaticinformatics.net/Data/Location/Summary/Location/3C05/Interval/Latest","summary_report_url":"https://bcmoe-prod.aquaticinformatics.net/Report/Show/SnowMSS.3C05.MSS%20Report/","weekly_report_url":null,"snow_water_equivalent_report_url":null},"geometry":{"type":"Point","coordinates":[-127.71669,52.60939]}},{"type":"Feature","id":"manual:3C06","properties":{"station_id":"manual:3C06","station_type":"manual","location_id":"3C06","name":"Link Lake","status":"Inactive","active":false,"elevation_m":700,"operator":null,"camera_url":null,"basin_id":"16","source_object_id":2484428,"source_record_id":296,"source_layer":"WHSE_WATER_MANAGEMENT.SSL_SNOW_MSS_LOCS_SP","data_explorer_url":"https://bcmoe-prod.aquaticinformatics.net/Data/Location/Summary/Location/3C06/Interval/Latest","summary_report_url":"https://bcmoe-prod.aquaticinformatics.net/Report/Show/SnowMSS.3C06.MSS%20Report/","weekly_report_url":null,"snow_water_equivalent_report_url":null},"geometry":{"type":"Point","coordinates":[-127.60646,52.401581]}},{"type":"Feature","id":"manual:3C07","properties":{"station_id":"manual:3C07","station_type":"manual","location_id":"3C07","name":"Wedeene River South","status":"Active","active":true,"elevation_m":220,"operator":null,"camera_url":null,"basin_id":"16","source_object_id":2484429,"source_record_id":297,"source_layer":"WHSE_WATER_MANAGEMENT.SSL_SNOW_MSS_LOCS_SP","data_explorer_url":"https://bcmoe-prod.aquaticinformatics.net/Data/Location/Summary/Location/3C07/Interval/Latest","summary_report_url":"https://bcmoe-prod.aquaticinformatics.net/Report/Show/SnowMSS.3C07.MSS%20Report/","weekly_report_url":null,"snow_water_equivalent_report_url":null},"geometry":{"type":"Point","coordinates":[-128.7295,54.23499]}},{"type":"Feature","id":"manual:3D01","properties":{"station_id":"manual:3D01","station_type":"manual","location_id":"3D01","name":"Tashme","status":"Inactive","active":false,"elevation_m":670,"operator":null,"camera_url":null,"basin_id":"17","source_object_id":2484430,"source_record_id":298,"source_layer":"WHSE_WATER_MANAGEMENT.SSL_SNOW_MSS_LOCS_SP","data_explorer_url":"https://bcmoe-prod.aquaticinformatics.net/Data/Location/Summary/Location/3D01/Interval/Latest","summary_report_url":"https://bcmoe-prod.aquaticinformatics.net/Report/Show/SnowMSS.3D01.MSS%20Report/","weekly_report_url":null,"snow_water_equivalent_report_url":null},"geometry":{"type":"Point","coordinates":[-121.215408,49.174915]}},{"type":"Feature","id":"manual:3D01A","properties":{"station_id":"manual:3D01A","station_type":"manual","location_id":"3D01A","name":"New Tashme","status":"Inactive","active":false,"elevation_m":700,"operator":null,"camera_url":null,"basin_id":"17","source_object_id":2484431,"source_record_id":299,"source_layer":"WHSE_WATER_MANAGEMENT.SSL_SNOW_MSS_LOCS_SP","data_explorer_url":"https://bcmoe-prod.aquaticinformatics.net/Data/Location/Summary/Location/3D01A/Interval/Latest","summary_report_url":"https://bcmoe-prod.aquaticinformatics.net/Report/Show/SnowMSS.3D01A.MSS%20Report/","weekly_report_url":null,"snow_water_equivalent_report_url":null},"geometry":{"type":"Point","coordinates":[-121.251472,49.186862]}},{"type":"Feature","id":"manual:3D01B","properties":{"station_id":"manual:3D01B","station_type":"manual","location_id":"3D01B","name":"Sumallo River","status":"Inactive","active":false,"elevation_m":880,"operator":null,"camera_url":null,"basin_id":"17","source_object_id":2484432,"source_record_id":300,"source_layer":"WHSE_WATER_MANAGEMENT.SSL_SNOW_MSS_LOCS_SP","data_explorer_url":"https://bcmoe-prod.aquaticinformatics.net/Data/Location/Summary/Location/3D01B/Interval/Latest","summary_report_url":"https://bcmoe-prod.aquaticinformatics.net/Report/Show/SnowMSS.3D01B.MSS%20Report/","weekly_report_url":null,"snow_water_equivalent_report_url":null},"geometry":{"type":"Point","coordinates":[-121.233757,49.223487]}},{"type":"Feature","id":"manual:3D01C","properties":{"station_id":"manual:3D01C","station_type":"manual","location_id":"3D01C","name":"Sumallo River West","status":"Active","active":true,"elevation_m":790,"operator":null,"camera_url":null,"basin_id":"17","source_object_id":2484433,"source_record_id":301,"source_layer":"WHSE_WATER_MANAGEMENT.SSL_SNOW_MSS_LOCS_SP","data_explorer_url":"https://bcmoe-prod.aquaticinformatics.net/Data/Location/Summary/Location/3D01C/Interval/Latest","summary_report_url":"https://bcmoe-prod.aquaticinformatics.net/Report/Show/SnowMSS.3D01C.MSS%20Report/","weekly_report_url":null,"snow_water_equivalent_report_url":null},"geometry":{"type":"Point","coordinates":[-121.2477675,49.252626]}},{"type":"Feature","id":"manual:3D02","properties":{"station_id":"manual:3D02","station_type":"manual","location_id":"3D02","name":"Lightning Lake","status":"Active","active":true,"elevation_m":1220,"operator":null,"camera_url":null,"basin_id":"17","source_object_id":2484434,"source_record_id":302,"source_layer":"WHSE_WATER_MANAGEMENT.SSL_SNOW_MSS_LOCS_SP","data_explorer_url":"https://bcmoe-prod.aquaticinformatics.net/Data/Location/Summary/Location/3D02/Interval/Latest","summary_report_url":"https://bcmoe-prod.aquaticinformatics.net/Report/Show/SnowMSS.3D02.MSS%20Report/","weekly_report_url":null,"snow_water_equivalent_report_url":null},"geometry":{"type":"Point","coordinates":[-120.8496,49.0455]}},{"type":"Feature","id":"manual:3D03","properties":{"station_id":"manual:3D03","station_type":"manual","location_id":"3D03","name":"Klesilkwa","status":"Inactive","active":false,"elevation_m":610,"operator":null,"camera_url":null,"basin_id":"17","source_object_id":2484435,"source_record_id":303,"source_layer":"WHSE_WATER_MANAGEMENT.SSL_SNOW_MSS_LOCS_SP","data_explorer_url":"https://bcmoe-prod.aquaticinformatics.net/Data/Location/Summary/Location/3D03/Interval/Latest","summary_report_url":"https://bcmoe-prod.aquaticinformatics.net/Report/Show/SnowMSS.3D03.MSS%20Report/","weekly_report_url":null,"snow_water_equivalent_report_url":null},"geometry":{"type":"Point","coordinates":[-121.254181,49.148311]}},{"type":"Feature","id":"manual:3D03A","properties":{"station_id":"manual:3D03A","station_type":"manual","location_id":"3D03A","name":"Klesilkwa","status":"Active","active":true,"elevation_m":1175,"operator":null,"camera_url":null,"basin_id":"17","source_object_id":2484436,"source_record_id":304,"source_layer":"WHSE_WATER_MANAGEMENT.SSL_SNOW_MSS_LOCS_SP","data_explorer_url":"https://bcmoe-prod.aquaticinformatics.net/Data/Location/Summary/Location/3D03A/Interval/Latest","summary_report_url":"https://bcmoe-prod.aquaticinformatics.net/Report/Show/SnowMSS.3D03A.MSS%20Report/","weekly_report_url":null,"snow_water_equivalent_report_url":null},"geometry":{"type":"Point","coordinates":[-121.3088231,49.1299022]}},{"type":"Feature","id":"manual:4A01","properties":{"station_id":"manual:4A01","station_type":"manual","location_id":"4A01","name":"Mcleod Lake","status":"Inactive","active":false,"elevation_m":980,"operator":null,"camera_url":null,"basin_id":"18","source_object_id":2484437,"source_record_id":305,"source_layer":"WHSE_WATER_MANAGEMENT.SSL_SNOW_MSS_LOCS_SP","data_explorer_url":"https://bcmoe-prod.aquaticinformatics.net/Data/Location/Summary/Location/4A01/Interval/Latest","summary_report_url":"https://bcmoe-prod.aquaticinformatics.net/Report/Show/SnowMSS.4A01.MSS%20Report/","weekly_report_url":null,"snow_water_equivalent_report_url":null},"geometry":{"type":"Point","coordinates":[-122.529998,54.549999]}},{"type":"Feature","id":"manual:4A02","properties":{"station_id":"manual:4A02","station_type":"manual","location_id":"4A02","name":"Pine Pass","status":"Active","active":true,"elevation_m":1450,"operator":null,"camera_url":null,"basin_id":"18","source_object_id":2484438,"source_record_id":306,"source_layer":"WHSE_WATER_MANAGEMENT.SSL_SNOW_MSS_LOCS_SP","data_explorer_url":"https://bcmoe-prod.aquaticinformatics.net/Data/Location/Summary/Location/4A02/Interval/Latest","summary_report_url":"https://bcmoe-prod.aquaticinformatics.net/Report/Show/SnowMSS.4A02.MSS%20Report/","weekly_report_url":null,"snow_water_equivalent_report_url":null},"geometry":{"type":"Point","coordinates":[-122.6427773,55.352828]}},{"type":"Feature","id":"manual:4A03","properties":{"station_id":"manual:4A03","station_type":"manual","location_id":"4A03","name":"Ware (Upper)","status":"Inactive","active":false,"elevation_m":1575,"operator":null,"camera_url":null,"basin_id":"18","source_object_id":2484439,"source_record_id":307,"source_layer":"WHSE_WATER_MANAGEMENT.SSL_SNOW_MSS_LOCS_SP","data_explorer_url":"https://bcmoe-prod.aquaticinformatics.net/Data/Location/Summary/Location/4A03/Interval/Latest","summary_report_url":"https://bcmoe-prod.aquaticinformatics.net/Report/Show/SnowMSS.4A03.MSS%20Report/","weekly_report_url":null,"snow_water_equivalent_report_url":null},"geometry":{"type":"Point","coordinates":[-125.711669,57.389721]}},{"type":"Feature","id":"manual:4A04","properties":{"station_id":"manual:4A04","station_type":"manual","location_id":"4A04","name":"Ware (Lower)","status":"Inactive","active":false,"elevation_m":970,"operator":null,"camera_url":null,"basin_id":"18","source_object_id":2484440,"source_record_id":308,"source_layer":"WHSE_WATER_MANAGEMENT.SSL_SNOW_MSS_LOCS_SP","data_explorer_url":"https://bcmoe-prod.aquaticinformatics.net/Data/Location/Summary/Location/4A04/Interval/Latest","summary_report_url":"https://bcmoe-prod.aquaticinformatics.net/Report/Show/SnowMSS.4A04.MSS%20Report/","weekly_report_url":null,"snow_water_equivalent_report_url":null},"geometry":{"type":"Point","coordinates":[-125.6695911,57.4055564]}},{"type":"Feature","id":"manual:4A05","properties":{"station_id":"manual:4A05","station_type":"manual","location_id":"4A05","name":"Germansen Upper","status":"Inactive","active":false,"elevation_m":1480,"operator":null,"camera_url":null,"basin_id":"18","source_object_id":2484441,"source_record_id":309,"source_layer":"WHSE_WATER_MANAGEMENT.SSL_SNOW_MSS_LOCS_SP","data_explorer_url":"https://bcmoe-prod.aquaticinformatics.net/Data/Location/Summary/Location/4A05/Interval/Latest","summary_report_url":"https://bcmoe-prod.aquaticinformatics.net/Report/Show/SnowMSS.4A05.MSS%20Report/","weekly_report_url":null,"snow_water_equivalent_report_url":null},"geometry":{"type":"Point","coordinates":[-124.6931203,55.8193565]}},{"type":"Feature","id":"manual:4A06","properties":{"station_id":"manual:4A06","station_type":"manual","location_id":"4A06","name":"Tutizzi Lake","status":"Inactive","active":false,"elevation_m":1045,"operator":null,"camera_url":null,"basin_id":"18","source_object_id":2484442,"source_record_id":310,"source_layer":"WHSE_WATER_MANAGEMENT.SSL_SNOW_MSS_LOCS_SP","data_explorer_url":"https://bcmoe-prod.aquaticinformatics.net/Data/Location/Summary/Location/4A06/Interval/Latest","summary_report_url":"https://bcmoe-prod.aquaticinformatics.net/Report/Show/SnowMSS.4A06.MSS%20Report/","weekly_report_url":null,"snow_water_equivalent_report_url":null},"geometry":{"type":"Point","coordinates":[-125.6003087,56.3080665]}},{"type":"Feature","id":"manual:4A07","properties":{"station_id":"manual:4A07","station_type":"manual","location_id":"4A07","name":"Lady Laurier Lake","status":"Inactive","active":false,"elevation_m":1440,"operator":null,"camera_url":null,"basin_id":"18","source_object_id":2484443,"source_record_id":311,"source_layer":"WHSE_WATER_MANAGEMENT.SSL_SNOW_MSS_LOCS_SP","data_explorer_url":"https://bcmoe-prod.aquaticinformatics.net/Data/Location/Summary/Location/4A07/Interval/Latest","summary_report_url":"https://bcmoe-prod.aquaticinformatics.net/Report/Show/SnowMSS.4A07.MSS%20Report/","weekly_report_url":null,"snow_water_equivalent_report_url":null},"geometry":{"type":"Point","coordinates":[-123.7546874,56.7011361]}},{"type":"Feature","id":"manual:4A08","properties":{"station_id":"manual:4A08","station_type":"manual","location_id":"4A08","name":"Ipec Lake","status":"Inactive","active":false,"elevation_m":1310,"operator":null,"camera_url":null,"basin_id":"18","source_object_id":2484444,"source_record_id":312,"source_layer":"WHSE_WATER_MANAGEMENT.SSL_SNOW_MSS_LOCS_SP","data_explorer_url":"https://bcmoe-prod.aquaticinformatics.net/Data/Location/Summary/Location/4A08/Interval/Latest","summary_report_url":"https://bcmoe-prod.aquaticinformatics.net/Report/Show/SnowMSS.4A08.MSS%20Report/","weekly_report_url":null,"snow_water_equivalent_report_url":null},"geometry":{"type":"Point","coordinates":[-124.706878,57.657951]}},{"type":"Feature","id":"manual:4A09","properties":{"station_id":"manual:4A09","station_type":"manual","location_id":"4A09","name":"Pulpit Lake","status":"Inactive","active":false,"elevation_m":1335,"operator":null,"camera_url":null,"basin_id":"18","source_object_id":2484445,"source_record_id":313,"source_layer":"WHSE_WATER_MANAGEMENT.SSL_SNOW_MSS_LOCS_SP","data_explorer_url":"https://bcmoe-prod.aquaticinformatics.net/Data/Location/Summary/Location/4A09/Interval/Latest","summary_report_url":"https://bcmoe-prod.aquaticinformatics.net/Report/Show/SnowMSS.4A09.MSS%20Report/","weekly_report_url":null,"snow_water_equivalent_report_url":null},"geometry":{"type":"Point","coordinates":[-126.7489437,57.5485029]}},{"type":"Feature","id":"manual:4A10","properties":{"station_id":"manual:4A10","station_type":"manual","location_id":"4A10","name":"Fredrickson Lake","status":"Active","active":true,"elevation_m":1325,"operator":null,"camera_url":null,"basin_id":"18","source_object_id":2484446,"source_record_id":314,"source_layer":"WHSE_WATER_MANAGEMENT.SSL_SNOW_MSS_LOCS_SP","data_explorer_url":"https://bcmoe-prod.aquaticinformatics.net/Data/Location/Summary/Location/4A10/Interval/Latest","summary_report_url":"https://bcmoe-prod.aquaticinformatics.net/Report/Show/SnowMSS.4A10.MSS%20Report/","weekly_report_url":null,"snow_water_equivalent_report_url":null},"geometry":{"type":"Point","coordinates":[-126.5219078,56.9486817]}},{"type":"Feature","id":"manual:4A11","properties":{"station_id":"manual:4A11","station_type":"manual","location_id":"4A11","name":"Trygve Lake","status":"Active","active":true,"elevation_m":1410,"operator":null,"camera_url":null,"basin_id":"18","source_object_id":2484447,"source_record_id":315,"source_layer":"WHSE_WATER_MANAGEMENT.SSL_SNOW_MSS_LOCS_SP","data_explorer_url":"https://bcmoe-prod.aquaticinformatics.net/Data/Location/Summary/Location/4A11/Interval/Latest","summary_report_url":"https://bcmoe-prod.aquaticinformatics.net/Report/Show/SnowMSS.4A11.MSS%20Report/","weekly_report_url":null,"snow_water_equivalent_report_url":null},"geometry":{"type":"Point","coordinates":[-127.455388,56.9945447]}},{"type":"Feature","id":"manual:4A12","properties":{"station_id":"manual:4A12","station_type":"manual","location_id":"4A12","name":"Tsaydaychi Lake","status":"Inactive","active":false,"elevation_m":1190,"operator":null,"camera_url":null,"basin_id":"18","source_object_id":2484448,"source_record_id":316,"source_layer":"WHSE_WATER_MANAGEMENT.SSL_SNOW_MSS_LOCS_SP","data_explorer_url":"https://bcmoe-prod.aquaticinformatics.net/Data/Location/Summary/Location/4A12/Interval/Latest","summary_report_url":"https://bcmoe-prod.aquaticinformatics.net/Report/Show/SnowMSS.4A12.MSS%20Report/","weekly_report_url":null,"snow_water_equivalent_report_url":null},"geometry":{"type":"Point","coordinates":[-124.7621998,55.4166348]}},{"type":"Feature","id":"manual:4A13","properties":{"station_id":"manual:4A13","station_type":"manual","location_id":"4A13","name":"Philip Lake","status":"Inactive","active":false,"elevation_m":1035,"operator":null,"camera_url":null,"basin_id":"18","source_object_id":2484449,"source_record_id":317,"source_layer":"WHSE_WATER_MANAGEMENT.SSL_SNOW_MSS_LOCS_SP","data_explorer_url":"https://bcmoe-prod.aquaticinformatics.net/Data/Location/Summary/Location/4A13/Interval/Latest","summary_report_url":"https://bcmoe-prod.aquaticinformatics.net/Report/Show/SnowMSS.4A13.MSS%20Report/","weekly_report_url":null,"snow_water_equivalent_report_url":null},"geometry":{"type":"Point","coordinates":[-123.8954242,55.1132826]}},{"type":"Feature","id":"manual:4A14","properties":{"station_id":"manual:4A14","station_type":"manual","location_id":"4A14","name":"Pink Mountain","status":"Inactive","active":false,"elevation_m":1170,"operator":null,"camera_url":null,"basin_id":"18","source_object_id":2484450,"source_record_id":318,"source_layer":"WHSE_WATER_MANAGEMENT.SSL_SNOW_MSS_LOCS_SP","data_explorer_url":"https://bcmoe-prod.aquaticinformatics.net/Data/Location/Summary/Location/4A14/Interval/Latest","summary_report_url":"https://bcmoe-prod.aquaticinformatics.net/Report/Show/SnowMSS.4A14.MSS%20Report/","weekly_report_url":null,"snow_water_equivalent_report_url":null},"geometry":{"type":"Point","coordinates":[-122.508331,57.033889]}},{"type":"Feature","id":"manual:4A15","properties":{"station_id":"manual:4A15","station_type":"manual","location_id":"4A15","name":"Missinka River","status":"Inactive","active":false,"elevation_m":1460,"operator":null,"camera_url":null,"basin_id":"18","source_object_id":2484451,"source_record_id":319,"source_layer":"WHSE_WATER_MANAGEMENT.SSL_SNOW_MSS_LOCS_SP","data_explorer_url":"https://bcmoe-prod.aquaticinformatics.net/Data/Location/Summary/Location/4A15/Interval/Latest","summary_report_url":"https://bcmoe-prod.aquaticinformatics.net/Report/Show/SnowMSS.4A15.MSS%20Report/","weekly_report_url":null,"snow_water_equivalent_report_url":null},"geometry":{"type":"Point","coordinates":[-121.477516,54.748798]}},{"type":"Feature","id":"manual:4A16","properties":{"station_id":"manual:4A16","station_type":"manual","location_id":"4A16","name":"Morfee Mountain","status":"Active","active":true,"elevation_m":1430,"operator":null,"camera_url":null,"basin_id":"18","source_object_id":2484452,"source_record_id":320,"source_layer":"WHSE_WATER_MANAGEMENT.SSL_SNOW_MSS_LOCS_SP","data_explorer_url":"https://bcmoe-prod.aquaticinformatics.net/Data/Location/Summary/Location/4A16/Interval/Latest","summary_report_url":"https://bcmoe-prod.aquaticinformatics.net/Report/Show/SnowMSS.4A16.MSS%20Report/","weekly_report_url":null,"snow_water_equivalent_report_url":null},"geometry":{"type":"Point","coordinates":[-123.0417674,55.4172772]}},{"type":"Feature","id":"manual:4A17","properties":{"station_id":"manual:4A17","station_type":"manual","location_id":"4A17","name":"Germansen Lower","status":"Inactive","active":false,"elevation_m":750,"operator":null,"camera_url":null,"basin_id":"18","source_object_id":2484453,"source_record_id":321,"source_layer":"WHSE_WATER_MANAGEMENT.SSL_SNOW_MSS_LOCS_SP","data_explorer_url":"https://bcmoe-prod.aquaticinformatics.net/Data/Location/Summary/Location/4A17/Interval/Latest","summary_report_url":"https://bcmoe-prod.aquaticinformatics.net/Report/Show/SnowMSS.4A17.MSS%20Report/","weekly_report_url":null,"snow_water_equivalent_report_url":null},"geometry":{"type":"Point","coordinates":[-124.644996,55.7844505]}},{"type":"Feature","id":"manual:4A18","properties":{"station_id":"manual:4A18","station_type":"manual","location_id":"4A18","name":"Mount Sheba","status":"Inactive","active":false,"elevation_m":1490,"operator":null,"camera_url":null,"basin_id":"18","source_object_id":2484454,"source_record_id":322,"source_layer":"WHSE_WATER_MANAGEMENT.SSL_SNOW_MSS_LOCS_SP","data_explorer_url":"https://bcmoe-prod.aquaticinformatics.net/Data/Location/Summary/Location/4A18/Interval/Latest","summary_report_url":"https://bcmoe-prod.aquaticinformatics.net/Report/Show/SnowMSS.4A18.MSS%20Report/","weekly_report_url":null,"snow_water_equivalent_report_url":null},"geometry":{"type":"Point","coordinates":[-121.8043554,54.5269439]}},{"type":"Feature","id":"manual:4A19","properties":{"station_id":"manual:4A19","station_type":"manual","location_id":"4A19","name":"Mackenzie Airport","status":"Inactive","active":false,"elevation_m":700,"operator":null,"camera_url":null,"basin_id":"18","source_object_id":2484455,"source_record_id":323,"source_layer":"WHSE_WATER_MANAGEMENT.SSL_SNOW_MSS_LOCS_SP","data_explorer_url":"https://bcmoe-prod.aquaticinformatics.net/Data/Location/Summary/Location/4A19/Interval/Latest","summary_report_url":"https://bcmoe-prod.aquaticinformatics.net/Report/Show/SnowMSS.4A19.MSS%20Report/","weekly_report_url":null,"snow_water_equivalent_report_url":null},"geometry":{"type":"Point","coordinates":[-123.137817,55.30207]}},{"type":"Feature","id":"manual:4A19A","properties":{"station_id":"manual:4A19A","station_type":"manual","location_id":"4A19A","name":"Mackenzie Airport Manual Snow Course (2003)","status":"Inactive","active":false,"elevation_m":700,"operator":null,"camera_url":null,"basin_id":"18","source_object_id":2484456,"source_record_id":324,"source_layer":"WHSE_WATER_MANAGEMENT.SSL_SNOW_MSS_LOCS_SP","data_explorer_url":"https://bcmoe-prod.aquaticinformatics.net/Data/Location/Summary/Location/4A19A/Interval/Latest","summary_report_url":"https://bcmoe-prod.aquaticinformatics.net/Report/Show/SnowMSS.4A19A.MSS%20Report/","weekly_report_url":null,"snow_water_equivalent_report_url":null},"geometry":{"type":"Point","coordinates":[-123.080001,55.18]}},{"type":"Feature","id":"manual:4A20","properties":{"station_id":"manual:4A20","station_type":"manual","location_id":"4A20","name":"Monkman Creek","status":"Inactive","active":false,"elevation_m":1570,"operator":null,"camera_url":null,"basin_id":"18","source_object_id":2484457,"source_record_id":325,"source_layer":"WHSE_WATER_MANAGEMENT.SSL_SNOW_MSS_LOCS_SP","data_explorer_url":"https://bcmoe-prod.aquaticinformatics.net/Data/Location/Summary/Location/4A20/Interval/Latest","summary_report_url":"https://bcmoe-prod.aquaticinformatics.net/Report/Show/SnowMSS.4A20.MSS%20Report/","weekly_report_url":null,"snow_water_equivalent_report_url":null},"geometry":{"type":"Point","coordinates":[-121.2317944,54.7253643]}},{"type":"Feature","id":"manual:4A21","properties":{"station_id":"manual:4A21","station_type":"manual","location_id":"4A21","name":"Mount Stearns","status":"Inactive","active":false,"elevation_m":1505,"operator":null,"camera_url":null,"basin_id":"18","source_object_id":2484458,"source_record_id":326,"source_layer":"WHSE_WATER_MANAGEMENT.SSL_SNOW_MSS_LOCS_SP","data_explorer_url":"https://bcmoe-prod.aquaticinformatics.net/Data/Location/Summary/Location/4A21/Interval/Latest","summary_report_url":"https://bcmoe-prod.aquaticinformatics.net/Report/Show/SnowMSS.4A21.MSS%20Report/","weekly_report_url":null,"snow_water_equivalent_report_url":null},"geometry":{"type":"Point","coordinates":[-123.3992951,57.0695252]}},{"type":"Feature","id":"manual:4A22","properties":{"station_id":"manual:4A22","station_type":"manual","location_id":"4A22","name":"Sukunka River","status":"Inactive","active":false,"elevation_m":1140,"operator":null,"camera_url":null,"basin_id":"18","source_object_id":2484459,"source_record_id":327,"source_layer":"WHSE_WATER_MANAGEMENT.SSL_SNOW_MSS_LOCS_SP","data_explorer_url":"https://bcmoe-prod.aquaticinformatics.net/Data/Location/Summary/Location/4A22/Interval/Latest","summary_report_url":"https://bcmoe-prod.aquaticinformatics.net/Report/Show/SnowMSS.4A22.MSS%20Report/","weekly_report_url":null,"snow_water_equivalent_report_url":null},"geometry":{"type":"Point","coordinates":[-121.615623,55.22982]}},{"type":"Feature","id":"manual:4A23","properties":{"station_id":"manual:4A23","station_type":"manual","location_id":"4A23","name":"Beatton River","status":"Inactive","active":false,"elevation_m":820,"operator":null,"camera_url":null,"basin_id":"18","source_object_id":2484460,"source_record_id":328,"source_layer":"WHSE_WATER_MANAGEMENT.SSL_SNOW_MSS_LOCS_SP","data_explorer_url":"https://bcmoe-prod.aquaticinformatics.net/Data/Location/Summary/Location/4A23/Interval/Latest","summary_report_url":"https://bcmoe-prod.aquaticinformatics.net/Report/Show/SnowMSS.4A23.MSS%20Report/","weekly_report_url":null,"snow_water_equivalent_report_url":null},"geometry":{"type":"Point","coordinates":[-121.460845,57.258511]}},{"type":"Feature","id":"manual:4A24","properties":{"station_id":"manual:4A24","station_type":"manual","location_id":"4A24","name":"Wonowon","status":"Inactive","active":false,"elevation_m":910,"operator":null,"camera_url":null,"basin_id":"18","source_object_id":2484461,"source_record_id":329,"source_layer":"WHSE_WATER_MANAGEMENT.SSL_SNOW_MSS_LOCS_SP","data_explorer_url":"https://bcmoe-prod.aquaticinformatics.net/Data/Location/Summary/Location/4A24/Interval/Latest","summary_report_url":"https://bcmoe-prod.aquaticinformatics.net/Report/Show/SnowMSS.4A24.MSS%20Report/","weekly_report_url":null,"snow_water_equivalent_report_url":null},"geometry":{"type":"Point","coordinates":[-121.800392,56.730579]}},{"type":"Feature","id":"manual:4A25","properties":{"station_id":"manual:4A25","station_type":"manual","location_id":"4A25","name":"Fort St. John Airport","status":"Active","active":true,"elevation_m":690,"operator":null,"camera_url":null,"basin_id":"18","source_object_id":2484462,"source_record_id":330,"source_layer":"WHSE_WATER_MANAGEMENT.SSL_SNOW_MSS_LOCS_SP","data_explorer_url":"https://bcmoe-prod.aquaticinformatics.net/Data/Location/Summary/Location/4A25/Interval/Latest","summary_report_url":"https://bcmoe-prod.aquaticinformatics.net/Report/Show/SnowMSS.4A25.MSS%20Report/","weekly_report_url":null,"snow_water_equivalent_report_url":null},"geometry":{"type":"Point","coordinates":[-120.728614,56.23722]}},{"type":"Feature","id":"manual:4A26","properties":{"station_id":"manual:4A26","station_type":"manual","location_id":"4A26","name":"Portage Mountain","status":"Inactive","active":false,"elevation_m":760,"operator":null,"camera_url":null,"basin_id":"18","source_object_id":2484463,"source_record_id":331,"source_layer":"WHSE_WATER_MANAGEMENT.SSL_SNOW_MSS_LOCS_SP","data_explorer_url":"https://bcmoe-prod.aquaticinformatics.net/Data/Location/Summary/Location/4A26/Interval/Latest","summary_report_url":"https://bcmoe-prod.aquaticinformatics.net/Report/Show/SnowMSS.4A26.MSS%20Report/","weekly_report_url":null,"snow_water_equivalent_report_url":null},"geometry":{"type":"Point","coordinates":[-122.178131,56.007461]}},{"type":"Feature","id":"manual:4A27","properties":{"station_id":"manual:4A27","station_type":"manual","location_id":"4A27","name":"Kwadacha River","status":"Inactive","active":false,"elevation_m":1620,"operator":null,"camera_url":null,"basin_id":"18","source_object_id":2484464,"source_record_id":332,"source_layer":"WHSE_WATER_MANAGEMENT.SSL_SNOW_MSS_LOCS_SP","data_explorer_url":"https://bcmoe-prod.aquaticinformatics.net/Data/Location/Summary/Location/4A27/Interval/Latest","summary_report_url":"https://bcmoe-prod.aquaticinformatics.net/Report/Show/SnowMSS.4A27.MSS%20Report/","weekly_report_url":null,"snow_water_equivalent_report_url":null},"geometry":{"type":"Point","coordinates":[-125.067832,57.623809]}},{"type":"Feature","id":"manual:4A28","properties":{"station_id":"manual:4A28","station_type":"manual","location_id":"4A28","name":"Bullhead Mountain","status":"Inactive","active":false,"elevation_m":798,"operator":null,"camera_url":null,"basin_id":"18","source_object_id":2484465,"source_record_id":333,"source_layer":"WHSE_WATER_MANAGEMENT.SSL_SNOW_MSS_LOCS_SP","data_explorer_url":"https://bcmoe-prod.aquaticinformatics.net/Data/Location/Summary/Location/4A28/Interval/Latest","summary_report_url":"https://bcmoe-prod.aquaticinformatics.net/Report/Show/SnowMSS.4A28.MSS%20Report/","weekly_report_url":null,"snow_water_equivalent_report_url":null},"geometry":{"type":"Point","coordinates":[-122.103462,56.029949]}},{"type":"Feature","id":"manual:4A31","properties":{"station_id":"manual:4A31","station_type":"manual","location_id":"4A31","name":"Bullmoose Creek","status":"Inactive","active":false,"elevation_m":1570,"operator":null,"camera_url":null,"basin_id":"18","source_object_id":2484466,"source_record_id":334,"source_layer":"WHSE_WATER_MANAGEMENT.SSL_SNOW_MSS_LOCS_SP","data_explorer_url":"https://bcmoe-prod.aquaticinformatics.net/Data/Location/Summary/Location/4A31/Interval/Latest","summary_report_url":"https://bcmoe-prod.aquaticinformatics.net/Report/Show/SnowMSS.4A31.MSS%20Report/","weekly_report_url":null,"snow_water_equivalent_report_url":null},"geometry":{"type":"Point","coordinates":[-121.509361,55.107021]}},{"type":"Feature","id":"manual:4A41","properties":{"station_id":"manual:4A41","station_type":"manual","location_id":"4A41","name":"Kemess Creek Lower","status":"Active","active":true,"elevation_m":1540,"operator":null,"camera_url":null,"basin_id":"18","source_object_id":2484467,"source_record_id":335,"source_layer":"WHSE_WATER_MANAGEMENT.SSL_SNOW_MSS_LOCS_SP","data_explorer_url":"https://bcmoe-prod.aquaticinformatics.net/Data/Location/Summary/Location/4A41/Interval/Latest","summary_report_url":"https://bcmoe-prod.aquaticinformatics.net/Report/Show/SnowMSS.4A41.MSS%20Report/","weekly_report_url":null,"snow_water_equivalent_report_url":null},"geometry":{"type":"Point","coordinates":[-126.654188,57.004601]}},{"type":"Feature","id":"manual:4A42","properties":{"station_id":"manual:4A42","station_type":"manual","location_id":"4A42","name":"Kemess Creek Upper","status":"Active","active":true,"elevation_m":1670,"operator":null,"camera_url":null,"basin_id":"18","source_object_id":2484468,"source_record_id":336,"source_layer":"WHSE_WATER_MANAGEMENT.SSL_SNOW_MSS_LOCS_SP","data_explorer_url":"https://bcmoe-prod.aquaticinformatics.net/Data/Location/Summary/Location/4A42/Interval/Latest","summary_report_url":"https://bcmoe-prod.aquaticinformatics.net/Report/Show/SnowMSS.4A42.MSS%20Report/","weekly_report_url":null,"snow_water_equivalent_report_url":null},"geometry":{"type":"Point","coordinates":[-126.762271,57.061711]}},{"type":"Feature","id":"manual:4A43","properties":{"station_id":"manual:4A43","station_type":"manual","location_id":"4A43","name":"Blackhawk","status":"Active","active":true,"elevation_m":null,"operator":null,"camera_url":null,"basin_id":"18","source_object_id":2484469,"source_record_id":337,"source_layer":"WHSE_WATER_MANAGEMENT.SSL_SNOW_MSS_LOCS_SP","data_explorer_url":"https://bcmoe-prod.aquaticinformatics.net/Data/Location/Summary/Location/4A43/Interval/Latest","summary_report_url":"https://bcmoe-prod.aquaticinformatics.net/Report/Show/SnowMSS.4A43.MSS%20Report/","weekly_report_url":null,"snow_water_equivalent_report_url":null},"geometry":{"type":"Point","coordinates":[-120.352,55.0789]}},{"type":"Feature","id":"manual:4A44","properties":{"station_id":"manual:4A44","station_type":"manual","location_id":"4A44","name":"Hourglass","status":"Active","active":true,"elevation_m":null,"operator":null,"camera_url":null,"basin_id":"18","source_object_id":2484470,"source_record_id":338,"source_layer":"WHSE_WATER_MANAGEMENT.SSL_SNOW_MSS_LOCS_SP","data_explorer_url":"https://bcmoe-prod.aquaticinformatics.net/Data/Location/Summary/Location/4A44/Interval/Latest","summary_report_url":"https://bcmoe-prod.aquaticinformatics.net/Report/Show/SnowMSS.4A44.MSS%20Report/","weekly_report_url":null,"snow_water_equivalent_report_url":null},"geometry":{"type":"Point","coordinates":[-120.772,55.2127]}},{"type":"Feature","id":"manual:4B01","properties":{"station_id":"manual:4B01","station_type":"manual","location_id":"4B01","name":"Kidprice Lake","status":"Active","active":true,"elevation_m":1370,"operator":null,"camera_url":null,"basin_id":"19","source_object_id":2484471,"source_record_id":339,"source_layer":"WHSE_WATER_MANAGEMENT.SSL_SNOW_MSS_LOCS_SP","data_explorer_url":"https://bcmoe-prod.aquaticinformatics.net/Data/Location/Summary/Location/4B01/Interval/Latest","summary_report_url":"https://bcmoe-prod.aquaticinformatics.net/Report/Show/SnowMSS.4B01.MSS%20Report/","weekly_report_url":null,"snow_water_equivalent_report_url":null},"geometry":{"type":"Point","coordinates":[-127.440551,53.864166]}},{"type":"Feature","id":"manual:4B02","properties":{"station_id":"manual:4B02","station_type":"manual","location_id":"4B02","name":"Johanson Lake","status":"Inactive","active":false,"elevation_m":1420,"operator":null,"camera_url":null,"basin_id":"19","source_object_id":2484472,"source_record_id":340,"source_layer":"WHSE_WATER_MANAGEMENT.SSL_SNOW_MSS_LOCS_SP","data_explorer_url":"https://bcmoe-prod.aquaticinformatics.net/Data/Location/Summary/Location/4B02/Interval/Latest","summary_report_url":"https://bcmoe-prod.aquaticinformatics.net/Report/Show/SnowMSS.4B02.MSS%20Report/","weekly_report_url":null,"snow_water_equivalent_report_url":null},"geometry":{"type":"Point","coordinates":[-126.1822555,56.5976254]}},{"type":"Feature","id":"manual:4B03","properties":{"station_id":"manual:4B03","station_type":"manual","location_id":"4B03","name":"Hudson Bay Mountain","status":"Inactive","active":false,"elevation_m":1520,"operator":null,"camera_url":null,"basin_id":"19","source_object_id":2484473,"source_record_id":341,"source_layer":"WHSE_WATER_MANAGEMENT.SSL_SNOW_MSS_LOCS_SP","data_explorer_url":"https://bcmoe-prod.aquaticinformatics.net/Data/Location/Summary/Location/4B03/Interval/Latest","summary_report_url":"https://bcmoe-prod.aquaticinformatics.net/Report/Show/SnowMSS.4B03.MSS%20Report/","weekly_report_url":null,"snow_water_equivalent_report_url":null},"geometry":{"type":"Point","coordinates":[-127.283333,54.766667]}},{"type":"Feature","id":"manual:4B03A","properties":{"station_id":"manual:4B03A","station_type":"manual","location_id":"4B03A","name":"Hudson Bay Mountain","status":"Active","active":true,"elevation_m":1480,"operator":null,"camera_url":null,"basin_id":"19","source_object_id":2484474,"source_record_id":342,"source_layer":"WHSE_WATER_MANAGEMENT.SSL_SNOW_MSS_LOCS_SP","data_explorer_url":"https://bcmoe-prod.aquaticinformatics.net/Data/Location/Summary/Location/4B03A/Interval/Latest","summary_report_url":"https://bcmoe-prod.aquaticinformatics.net/Report/Show/SnowMSS.4B03A.MSS%20Report/","weekly_report_url":null,"snow_water_equivalent_report_url":null},"geometry":{"type":"Point","coordinates":[-127.2772,54.7665]}},{"type":"Feature","id":"manual:4B04","properties":{"station_id":"manual:4B04","station_type":"manual","location_id":"4B04","name":"Chapman Lake","status":"Active","active":true,"elevation_m":1460,"operator":null,"camera_url":null,"basin_id":"19","source_object_id":2484475,"source_record_id":343,"source_layer":"WHSE_WATER_MANAGEMENT.SSL_SNOW_MSS_LOCS_SP","data_explorer_url":"https://bcmoe-prod.aquaticinformatics.net/Data/Location/Summary/Location/4B04/Interval/Latest","summary_report_url":"https://bcmoe-prod.aquaticinformatics.net/Report/Show/SnowMSS.4B04.MSS%20Report/","weekly_report_url":null,"snow_water_equivalent_report_url":null},"geometry":{"type":"Point","coordinates":[-126.728614,54.881111]}},{"type":"Feature","id":"manual:4B05","properties":{"station_id":"manual:4B05","station_type":"manual","location_id":"4B05","name":"Smithers","status":"Inactive","active":false,"elevation_m":500,"operator":null,"camera_url":null,"basin_id":"19","source_object_id":2484476,"source_record_id":344,"source_layer":"WHSE_WATER_MANAGEMENT.SSL_SNOW_MSS_LOCS_SP","data_explorer_url":"https://bcmoe-prod.aquaticinformatics.net/Data/Location/Summary/Location/4B05/Interval/Latest","summary_report_url":"https://bcmoe-prod.aquaticinformatics.net/Report/Show/SnowMSS.4B05.MSS%20Report/","weekly_report_url":null,"snow_water_equivalent_report_url":null},"geometry":{"type":"Point","coordinates":[-127.099838,54.750782]}},{"type":"Feature","id":"manual:4B06","properties":{"station_id":"manual:4B06","station_type":"manual","location_id":"4B06","name":"Tachek Creek","status":"Active","active":true,"elevation_m":1140,"operator":null,"camera_url":null,"basin_id":"19","source_object_id":2484477,"source_record_id":345,"source_layer":"WHSE_WATER_MANAGEMENT.SSL_SNOW_MSS_LOCS_SP","data_explorer_url":"https://bcmoe-prod.aquaticinformatics.net/Data/Location/Summary/Location/4B06/Interval/Latest","summary_report_url":"https://bcmoe-prod.aquaticinformatics.net/Report/Show/SnowMSS.4B06.MSS%20Report/","weekly_report_url":null,"snow_water_equivalent_report_url":null},"geometry":{"type":"Point","coordinates":[-126.2978,54.63675]}},{"type":"Feature","id":"manual:4B07","properties":{"station_id":"manual:4B07","station_type":"manual","location_id":"4B07","name":"McKendrick Creek","status":"Active","active":true,"elevation_m":1050,"operator":null,"camera_url":null,"basin_id":"19","source_object_id":2484478,"source_record_id":346,"source_layer":"WHSE_WATER_MANAGEMENT.SSL_SNOW_MSS_LOCS_SP","data_explorer_url":"https://bcmoe-prod.aquaticinformatics.net/Data/Location/Summary/Location/4B07/Interval/Latest","summary_report_url":"https://bcmoe-prod.aquaticinformatics.net/Report/Show/SnowMSS.4B07.MSS%20Report/","weekly_report_url":null,"snow_water_equivalent_report_url":null},"geometry":{"type":"Point","coordinates":[-126.7986,54.79989]}},{"type":"Feature","id":"manual:4B08","properties":{"station_id":"manual:4B08","station_type":"manual","location_id":"4B08","name":"Mount Cronin","status":"Active","active":true,"elevation_m":1480,"operator":null,"camera_url":null,"basin_id":"19","source_object_id":2484479,"source_record_id":347,"source_layer":"WHSE_WATER_MANAGEMENT.SSL_SNOW_MSS_LOCS_SP","data_explorer_url":"https://bcmoe-prod.aquaticinformatics.net/Data/Location/Summary/Location/4B08/Interval/Latest","summary_report_url":"https://bcmoe-prod.aquaticinformatics.net/Report/Show/SnowMSS.4B08.MSS%20Report/","weekly_report_url":null,"snow_water_equivalent_report_url":null},"geometry":{"type":"Point","coordinates":[-126.8092,54.9285]}},{"type":"Feature","id":"manual:4B10","properties":{"station_id":"manual:4B10","station_type":"manual","location_id":"4B10","name":"Ningunsaw Pass","status":"Inactive","active":false,"elevation_m":690,"operator":null,"camera_url":null,"basin_id":"19","source_object_id":2484480,"source_record_id":348,"source_layer":"WHSE_WATER_MANAGEMENT.SSL_SNOW_MSS_LOCS_SP","data_explorer_url":"https://bcmoe-prod.aquaticinformatics.net/Data/Location/Summary/Location/4B10/Interval/Latest","summary_report_url":"https://bcmoe-prod.aquaticinformatics.net/Report/Show/SnowMSS.4B10.MSS%20Report/","weekly_report_url":null,"snow_water_equivalent_report_url":null},"geometry":{"type":"Point","coordinates":[-129.9529,56.78328]}},{"type":"Feature","id":"manual:4B11","properties":{"station_id":"manual:4B11","station_type":"manual","location_id":"4B11","name":"Bear Pass","status":"Inactive","active":false,"elevation_m":460,"operator":null,"camera_url":null,"basin_id":"19","source_object_id":2484481,"source_record_id":349,"source_layer":"WHSE_WATER_MANAGEMENT.SSL_SNOW_MSS_LOCS_SP","data_explorer_url":"https://bcmoe-prod.aquaticinformatics.net/Data/Location/Summary/Location/4B11/Interval/Latest","summary_report_url":"https://bcmoe-prod.aquaticinformatics.net/Report/Show/SnowMSS.4B11.MSS%20Report/","weekly_report_url":null,"snow_water_equivalent_report_url":null},"geometry":{"type":"Point","coordinates":[-129.612961,56.122798]}},{"type":"Feature","id":"manual:4B11A","properties":{"station_id":"manual:4B11A","station_type":"manual","location_id":"4B11A","name":"Bear Pass","status":"Active","active":true,"elevation_m":460,"operator":null,"camera_url":null,"basin_id":"19","source_object_id":2484482,"source_record_id":350,"source_layer":"WHSE_WATER_MANAGEMENT.SSL_SNOW_MSS_LOCS_SP","data_explorer_url":"https://bcmoe-prod.aquaticinformatics.net/Data/Location/Summary/Location/4B11A/Interval/Latest","summary_report_url":"https://bcmoe-prod.aquaticinformatics.net/Report/Show/SnowMSS.4B11A.MSS%20Report/","weekly_report_url":null,"snow_water_equivalent_report_url":null},"geometry":{"type":"Point","coordinates":[-129.626937,56.101665]}},{"type":"Feature","id":"manual:4B12","properties":{"station_id":"manual:4B12","station_type":"manual","location_id":"4B12","name":"Granduc Mine","status":"Inactive","active":false,"elevation_m":790,"operator":null,"camera_url":null,"basin_id":"19","source_object_id":2484483,"source_record_id":351,"source_layer":"WHSE_WATER_MANAGEMENT.SSL_SNOW_MSS_LOCS_SP","data_explorer_url":"https://bcmoe-prod.aquaticinformatics.net/Data/Location/Summary/Location/4B12/Interval/Latest","summary_report_url":"https://bcmoe-prod.aquaticinformatics.net/Report/Show/SnowMSS.4B12.MSS%20Report/","weekly_report_url":null,"snow_water_equivalent_report_url":null},"geometry":{"type":"Point","coordinates":[-130.063461,56.245235]}},{"type":"Feature","id":"manual:4B13","properties":{"station_id":"manual:4B13","station_type":"manual","location_id":"4B13","name":"Terrace Airport","status":"Inactive","active":false,"elevation_m":180,"operator":null,"camera_url":null,"basin_id":"19","source_object_id":2484484,"source_record_id":352,"source_layer":"WHSE_WATER_MANAGEMENT.SSL_SNOW_MSS_LOCS_SP","data_explorer_url":"https://bcmoe-prod.aquaticinformatics.net/Data/Location/Summary/Location/4B13/Interval/Latest","summary_report_url":"https://bcmoe-prod.aquaticinformatics.net/Report/Show/SnowMSS.4B13.MSS%20Report/","weekly_report_url":null,"snow_water_equivalent_report_url":null},"geometry":{"type":"Point","coordinates":[-128.635208,54.505336]}},{"type":"Feature","id":"manual:4B13A","properties":{"station_id":"manual:4B13A","station_type":"manual","location_id":"4B13A","name":"Terrace Airport","status":"Active","active":true,"elevation_m":180,"operator":null,"camera_url":null,"basin_id":"19","source_object_id":2484485,"source_record_id":353,"source_layer":"WHSE_WATER_MANAGEMENT.SSL_SNOW_MSS_LOCS_SP","data_explorer_url":"https://bcmoe-prod.aquaticinformatics.net/Data/Location/Summary/Location/4B13A/Interval/Latest","summary_report_url":"https://bcmoe-prod.aquaticinformatics.net/Report/Show/SnowMSS.4B13A.MSS%20Report/","weekly_report_url":null,"snow_water_equivalent_report_url":null},"geometry":{"type":"Point","coordinates":[-128.576111,54.474445]}},{"type":"Feature","id":"manual:4B14","properties":{"station_id":"manual:4B14","station_type":"manual","location_id":"4B14","name":"Equity Mine","status":"Active","active":true,"elevation_m":1420,"operator":null,"camera_url":null,"basin_id":"1","source_object_id":2484486,"source_record_id":354,"source_layer":"WHSE_WATER_MANAGEMENT.SSL_SNOW_MSS_LOCS_SP","data_explorer_url":"https://bcmoe-prod.aquaticinformatics.net/Data/Location/Summary/Location/4B14/Interval/Latest","summary_report_url":"https://bcmoe-prod.aquaticinformatics.net/Report/Show/SnowMSS.4B14.MSS%20Report/","weekly_report_url":null,"snow_water_equivalent_report_url":null},"geometry":{"type":"Point","coordinates":[-126.25,54.18936]}},{"type":"Feature","id":"manual:4B15","properties":{"station_id":"manual:4B15","station_type":"manual","location_id":"4B15","name":"Lu Lake","status":"Active","active":true,"elevation_m":1300,"operator":null,"camera_url":null,"basin_id":"19","source_object_id":2484487,"source_record_id":355,"source_layer":"WHSE_WATER_MANAGEMENT.SSL_SNOW_MSS_LOCS_SP","data_explorer_url":"https://bcmoe-prod.aquaticinformatics.net/Data/Location/Summary/Location/4B15/Interval/Latest","summary_report_url":"https://bcmoe-prod.aquaticinformatics.net/Report/Show/SnowMSS.4B15.MSS%20Report/","weekly_report_url":null,"snow_water_equivalent_report_url":null},"geometry":{"type":"Point","coordinates":[-126.2958,54.20231]}},{"type":"Feature","id":"manual:4C01","properties":{"station_id":"manual:4C01","station_type":"manual","location_id":"4C01","name":"Sikanni Lake","status":"Inactive","active":false,"elevation_m":1385,"operator":null,"camera_url":null,"basin_id":"21","source_object_id":2484488,"source_record_id":356,"source_layer":"WHSE_WATER_MANAGEMENT.SSL_SNOW_MSS_LOCS_SP","data_explorer_url":"https://bcmoe-prod.aquaticinformatics.net/Data/Location/Summary/Location/4C01/Interval/Latest","summary_report_url":"https://bcmoe-prod.aquaticinformatics.net/Report/Show/SnowMSS.4C01.MSS%20Report/","weekly_report_url":null,"snow_water_equivalent_report_url":null},"geometry":{"type":"Point","coordinates":[-124.1325249,57.2638578]}},{"type":"Feature","id":"manual:4C02","properties":{"station_id":"manual:4C02","station_type":"manual","location_id":"4C02","name":"Summit Lake","status":"Active","active":true,"elevation_m":1280,"operator":null,"camera_url":null,"basin_id":"21","source_object_id":2484489,"source_record_id":357,"source_layer":"WHSE_WATER_MANAGEMENT.SSL_SNOW_MSS_LOCS_SP","data_explorer_url":"https://bcmoe-prod.aquaticinformatics.net/Data/Location/Summary/Location/4C02/Interval/Latest","summary_report_url":"https://bcmoe-prod.aquaticinformatics.net/Report/Show/SnowMSS.4C02.MSS%20Report/","weekly_report_url":null,"snow_water_equivalent_report_url":null},"geometry":{"type":"Point","coordinates":[-124.7214,58.64817]}},{"type":"Feature","id":"manual:4C03","properties":{"station_id":"manual:4C03","station_type":"manual","location_id":"4C03","name":"Dease Lake","status":"Inactive","active":false,"elevation_m":820,"operator":null,"camera_url":null,"basin_id":"20","source_object_id":2484490,"source_record_id":358,"source_layer":"WHSE_WATER_MANAGEMENT.SSL_SNOW_MSS_LOCS_SP","data_explorer_url":"https://bcmoe-prod.aquaticinformatics.net/Data/Location/Summary/Location/4C03/Interval/Latest","summary_report_url":"https://bcmoe-prod.aquaticinformatics.net/Report/Show/SnowMSS.4C03.MSS%20Report/","weekly_report_url":null,"snow_water_equivalent_report_url":null},"geometry":{"type":"Point","coordinates":[-130.0132,58.42864]}},{"type":"Feature","id":"manual:4C04","properties":{"station_id":"manual:4C04","station_type":"manual","location_id":"4C04","name":"Cassiar","status":"Inactive","active":false,"elevation_m":1390,"operator":null,"camera_url":null,"basin_id":"21","source_object_id":2484491,"source_record_id":359,"source_layer":"WHSE_WATER_MANAGEMENT.SSL_SNOW_MSS_LOCS_SP","data_explorer_url":"https://bcmoe-prod.aquaticinformatics.net/Data/Location/Summary/Location/4C04/Interval/Latest","summary_report_url":"https://bcmoe-prod.aquaticinformatics.net/Report/Show/SnowMSS.4C04.MSS%20Report/","weekly_report_url":null,"snow_water_equivalent_report_url":null},"geometry":{"type":"Point","coordinates":[-129.835113,59.308135]}},{"type":"Feature","id":"manual:4C05","properties":{"station_id":"manual:4C05","station_type":"manual","location_id":"4C05","name":"Fort Nelson Airport","status":"Active","active":true,"elevation_m":380,"operator":null,"camera_url":null,"basin_id":"21","source_object_id":2484492,"source_record_id":360,"source_layer":"WHSE_WATER_MANAGEMENT.SSL_SNOW_MSS_LOCS_SP","data_explorer_url":"https://bcmoe-prod.aquaticinformatics.net/Data/Location/Summary/Location/4C05/Interval/Latest","summary_report_url":"https://bcmoe-prod.aquaticinformatics.net/Report/Show/SnowMSS.4C05.MSS%20Report/","weekly_report_url":null,"snow_water_equivalent_report_url":null},"geometry":{"type":"Point","coordinates":[-122.5719,58.84067]}},{"type":"Feature","id":"manual:4C06","properties":{"station_id":"manual:4C06","station_type":"manual","location_id":"4C06","name":"Mount Roosevelt","status":"Inactive","active":false,"elevation_m":1330,"operator":null,"camera_url":null,"basin_id":"21","source_object_id":2484493,"source_record_id":361,"source_layer":"WHSE_WATER_MANAGEMENT.SSL_SNOW_MSS_LOCS_SP","data_explorer_url":"https://bcmoe-prod.aquaticinformatics.net/Data/Location/Summary/Location/4C06/Interval/Latest","summary_report_url":"https://bcmoe-prod.aquaticinformatics.net/Report/Show/SnowMSS.4C06.MSS%20Report/","weekly_report_url":null,"snow_water_equivalent_report_url":null},"geometry":{"type":"Point","coordinates":[-125.343078,58.37107]}},{"type":"Feature","id":"manual:4C07","properties":{"station_id":"manual:4C07","station_type":"manual","location_id":"4C07","name":"Grayling River","status":"Inactive","active":false,"elevation_m":1250,"operator":null,"camera_url":null,"basin_id":"21","source_object_id":2484494,"source_record_id":362,"source_layer":"WHSE_WATER_MANAGEMENT.SSL_SNOW_MSS_LOCS_SP","data_explorer_url":"https://bcmoe-prod.aquaticinformatics.net/Data/Location/Summary/Location/4C07/Interval/Latest","summary_report_url":"https://bcmoe-prod.aquaticinformatics.net/Report/Show/SnowMSS.4C07.MSS%20Report/","weekly_report_url":null,"snow_water_equivalent_report_url":null},"geometry":{"type":"Point","coordinates":[-125.522591,59.652542]}},{"type":"Feature","id":"manual:4C08","properties":{"station_id":"manual:4C08","station_type":"manual","location_id":"4C08","name":"Trout River","status":"Inactive","active":false,"elevation_m":1400,"operator":null,"camera_url":null,"basin_id":"21","source_object_id":2484495,"source_record_id":363,"source_layer":"WHSE_WATER_MANAGEMENT.SSL_SNOW_MSS_LOCS_SP","data_explorer_url":"https://bcmoe-prod.aquaticinformatics.net/Data/Location/Summary/Location/4C08/Interval/Latest","summary_report_url":"https://bcmoe-prod.aquaticinformatics.net/Report/Show/SnowMSS.4C08.MSS%20Report/","weekly_report_url":null,"snow_water_equivalent_report_url":null},"geometry":{"type":"Point","coordinates":[-125.958229,59.02602]}},{"type":"Feature","id":"manual:4C09","properties":{"station_id":"manual:4C09","station_type":"manual","location_id":"4C09","name":"Deadwood River","status":"Inactive","active":false,"elevation_m":1300,"operator":null,"camera_url":null,"basin_id":"21","source_object_id":2484496,"source_record_id":364,"source_layer":"WHSE_WATER_MANAGEMENT.SSL_SNOW_MSS_LOCS_SP","data_explorer_url":"https://bcmoe-prod.aquaticinformatics.net/Data/Location/Summary/Location/4C09/Interval/Latest","summary_report_url":"https://bcmoe-prod.aquaticinformatics.net/Report/Show/SnowMSS.4C09.MSS%20Report/","weekly_report_url":null,"snow_water_equivalent_report_url":null},"geometry":{"type":"Point","coordinates":[-128.330108,59.259056]}},{"type":"Feature","id":"manual:4C10","properties":{"station_id":"manual:4C10","station_type":"manual","location_id":"4C10","name":"Rabbit River","status":"Inactive","active":false,"elevation_m":1250,"operator":null,"camera_url":null,"basin_id":"21","source_object_id":2484497,"source_record_id":365,"source_layer":"WHSE_WATER_MANAGEMENT.SSL_SNOW_MSS_LOCS_SP","data_explorer_url":"https://bcmoe-prod.aquaticinformatics.net/Data/Location/Summary/Location/4C10/Interval/Latest","summary_report_url":"https://bcmoe-prod.aquaticinformatics.net/Report/Show/SnowMSS.4C10.MSS%20Report/","weekly_report_url":null,"snow_water_equivalent_report_url":null},"geometry":{"type":"Point","coordinates":[-127.193412,59.195411]}},{"type":"Feature","id":"manual:4C11","properties":{"station_id":"manual:4C11","station_type":"manual","location_id":"4C11","name":"Bluff Creek","status":"Inactive","active":false,"elevation_m":1040,"operator":null,"camera_url":null,"basin_id":"21","source_object_id":2484498,"source_record_id":366,"source_layer":"WHSE_WATER_MANAGEMENT.SSL_SNOW_MSS_LOCS_SP","data_explorer_url":"https://bcmoe-prod.aquaticinformatics.net/Data/Location/Summary/Location/4C11/Interval/Latest","summary_report_url":"https://bcmoe-prod.aquaticinformatics.net/Report/Show/SnowMSS.4C11.MSS%20Report/","weekly_report_url":null,"snow_water_equivalent_report_url":null},"geometry":{"type":"Point","coordinates":[-126.437248,58.534881]}},{"type":"Feature","id":"manual:4C12","properties":{"station_id":"manual:4C12","station_type":"manual","location_id":"4C12","name":"Toad River","status":"Inactive","active":false,"elevation_m":1400,"operator":null,"camera_url":null,"basin_id":"21","source_object_id":2484499,"source_record_id":367,"source_layer":"WHSE_WATER_MANAGEMENT.SSL_SNOW_MSS_LOCS_SP","data_explorer_url":"https://bcmoe-prod.aquaticinformatics.net/Data/Location/Summary/Location/4C12/Interval/Latest","summary_report_url":"https://bcmoe-prod.aquaticinformatics.net/Report/Show/SnowMSS.4C12.MSS%20Report/","weekly_report_url":null,"snow_water_equivalent_report_url":null},"geometry":{"type":"Point","coordinates":[-125.370361,58.78947]}},{"type":"Feature","id":"manual:4C13","properties":{"station_id":"manual:4C13","station_type":"manual","location_id":"4C13","name":"Kluachesi Lake","status":"Inactive","active":false,"elevation_m":1220,"operator":null,"camera_url":null,"basin_id":"21","source_object_id":2484500,"source_record_id":368,"source_layer":"WHSE_WATER_MANAGEMENT.SSL_SNOW_MSS_LOCS_SP","data_explorer_url":"https://bcmoe-prod.aquaticinformatics.net/Data/Location/Summary/Location/4C13/Interval/Latest","summary_report_url":"https://bcmoe-prod.aquaticinformatics.net/Report/Show/SnowMSS.4C13.MSS%20Report/","weekly_report_url":null,"snow_water_equivalent_report_url":null},"geometry":{"type":"Point","coordinates":[-123.925491,57.98748]}},{"type":"Feature","id":"manual:4C14","properties":{"station_id":"manual:4C14","station_type":"manual","location_id":"4C14","name":"Frog River","status":"Inactive","active":false,"elevation_m":1480,"operator":null,"camera_url":null,"basin_id":"21","source_object_id":2484501,"source_record_id":369,"source_layer":"WHSE_WATER_MANAGEMENT.SSL_SNOW_MSS_LOCS_SP","data_explorer_url":"https://bcmoe-prod.aquaticinformatics.net/Data/Location/Summary/Location/4C14/Interval/Latest","summary_report_url":"https://bcmoe-prod.aquaticinformatics.net/Report/Show/SnowMSS.4C14.MSS%20Report/","weekly_report_url":null,"snow_water_equivalent_report_url":null},"geometry":{"type":"Point","coordinates":[-127.493339,57.982551]}},{"type":"Feature","id":"manual:4C15","properties":{"station_id":"manual:4C15","station_type":"manual","location_id":"4C15","name":"Jade City","status":"Inactive","active":false,"elevation_m":940,"operator":null,"camera_url":null,"basin_id":"21","source_object_id":2484502,"source_record_id":370,"source_layer":"WHSE_WATER_MANAGEMENT.SSL_SNOW_MSS_LOCS_SP","data_explorer_url":"https://bcmoe-prod.aquaticinformatics.net/Data/Location/Summary/Location/4C15/Interval/Latest","summary_report_url":"https://bcmoe-prod.aquaticinformatics.net/Report/Show/SnowMSS.4C15.MSS%20Report/","weekly_report_url":null,"snow_water_equivalent_report_url":null},"geometry":{"type":"Point","coordinates":[-129.655,59.25]}},{"type":"Feature","id":"manual:4D01","properties":{"station_id":"manual:4D01","station_type":"manual","location_id":"4D01","name":"Telegraph Creek","status":"Inactive","active":false,"elevation_m":580,"operator":null,"camera_url":null,"basin_id":"20","source_object_id":2484503,"source_record_id":371,"source_layer":"WHSE_WATER_MANAGEMENT.SSL_SNOW_MSS_LOCS_SP","data_explorer_url":"https://bcmoe-prod.aquaticinformatics.net/Data/Location/Summary/Location/4D01/Interval/Latest","summary_report_url":"https://bcmoe-prod.aquaticinformatics.net/Report/Show/SnowMSS.4D01.MSS%20Report/","weekly_report_url":null,"snow_water_equivalent_report_url":null},"geometry":{"type":"Point","coordinates":[-131.135559,57.94889]}},{"type":"Feature","id":"manual:4D02","properties":{"station_id":"manual:4D02","station_type":"manual","location_id":"4D02","name":"Iskut","status":"Inactive","active":false,"elevation_m":1000,"operator":null,"camera_url":null,"basin_id":"20","source_object_id":2484504,"source_record_id":372,"source_layer":"WHSE_WATER_MANAGEMENT.SSL_SNOW_MSS_LOCS_SP","data_explorer_url":"https://bcmoe-prod.aquaticinformatics.net/Data/Location/Summary/Location/4D02/Interval/Latest","summary_report_url":"https://bcmoe-prod.aquaticinformatics.net/Report/Show/SnowMSS.4D02.MSS%20Report/","weekly_report_url":null,"snow_water_equivalent_report_url":null},"geometry":{"type":"Point","coordinates":[-129.9922,57.85272]}},{"type":"Feature","id":"manual:4D03","properties":{"station_id":"manual:4D03","station_type":"manual","location_id":"4D03","name":"Red Chris Mine Lower","status":"Inactive","active":false,"elevation_m":1263,"operator":null,"camera_url":null,"basin_id":"20","source_object_id":2484505,"source_record_id":373,"source_layer":"WHSE_WATER_MANAGEMENT.SSL_SNOW_MSS_LOCS_SP","data_explorer_url":"https://bcmoe-prod.aquaticinformatics.net/Data/Location/Summary/Location/4D03/Interval/Latest","summary_report_url":"https://bcmoe-prod.aquaticinformatics.net/Report/Show/SnowMSS.4D03.MSS%20Report/","weekly_report_url":null,"snow_water_equivalent_report_url":null},"geometry":{"type":"Point","coordinates":[-129.751262,57.755701]}},{"type":"Feature","id":"manual:4D04","properties":{"station_id":"manual:4D04","station_type":"manual","location_id":"4D04","name":"Red Chris Mine Upper","status":"Inactive","active":false,"elevation_m":1469,"operator":null,"camera_url":null,"basin_id":"20","source_object_id":2484506,"source_record_id":374,"source_layer":"WHSE_WATER_MANAGEMENT.SSL_SNOW_MSS_LOCS_SP","data_explorer_url":"https://bcmoe-prod.aquaticinformatics.net/Data/Location/Summary/Location/4D04/Interval/Latest","summary_report_url":"https://bcmoe-prod.aquaticinformatics.net/Report/Show/SnowMSS.4D04.MSS%20Report/","weekly_report_url":null,"snow_water_equivalent_report_url":null},"geometry":{"type":"Point","coordinates":[-129.746365,57.764308]}},{"type":"Feature","id":"manual:4D05","properties":{"station_id":"manual:4D05","station_type":"manual","location_id":"4D05","name":"Tahltan Lake","status":"Inactive","active":false,"elevation_m":1220,"operator":null,"camera_url":null,"basin_id":"20","source_object_id":2484507,"source_record_id":375,"source_layer":"WHSE_WATER_MANAGEMENT.SSL_SNOW_MSS_LOCS_SP","data_explorer_url":"https://bcmoe-prod.aquaticinformatics.net/Data/Location/Summary/Location/4D05/Interval/Latest","summary_report_url":"https://bcmoe-prod.aquaticinformatics.net/Report/Show/SnowMSS.4D05.MSS%20Report/","weekly_report_url":null,"snow_water_equivalent_report_url":null},"geometry":{"type":"Point","coordinates":[-131.590576,57.880477]}},{"type":"Feature","id":"manual:4D06","properties":{"station_id":"manual:4D06","station_type":"manual","location_id":"4D06","name":"Triumph Creek","status":"Inactive","active":false,"elevation_m":1220,"operator":null,"camera_url":null,"basin_id":"20","source_object_id":2484508,"source_record_id":376,"source_layer":"WHSE_WATER_MANAGEMENT.SSL_SNOW_MSS_LOCS_SP","data_explorer_url":"https://bcmoe-prod.aquaticinformatics.net/Data/Location/Summary/Location/4D06/Interval/Latest","summary_report_url":"https://bcmoe-prod.aquaticinformatics.net/Report/Show/SnowMSS.4D06.MSS%20Report/","weekly_report_url":null,"snow_water_equivalent_report_url":null},"geometry":{"type":"Point","coordinates":[-132.29692,57.607868]}},{"type":"Feature","id":"manual:4D07","properties":{"station_id":"manual:4D07","station_type":"manual","location_id":"4D07","name":"Schaft Creek","status":"Inactive","active":false,"elevation_m":1140,"operator":null,"camera_url":null,"basin_id":"20","source_object_id":2484509,"source_record_id":377,"source_layer":"WHSE_WATER_MANAGEMENT.SSL_SNOW_MSS_LOCS_SP","data_explorer_url":"https://bcmoe-prod.aquaticinformatics.net/Data/Location/Summary/Location/4D07/Interval/Latest","summary_report_url":"https://bcmoe-prod.aquaticinformatics.net/Report/Show/SnowMSS.4D07.MSS%20Report/","weekly_report_url":null,"snow_water_equivalent_report_url":null},"geometry":{"type":"Point","coordinates":[-130.988311,57.362449]}},{"type":"Feature","id":"manual:4D08","properties":{"station_id":"manual:4D08","station_type":"manual","location_id":"4D08","name":"Forrest Kerr Creek","status":"Inactive","active":false,"elevation_m":560,"operator":null,"camera_url":null,"basin_id":"20","source_object_id":2484510,"source_record_id":378,"source_layer":"WHSE_WATER_MANAGEMENT.SSL_SNOW_MSS_LOCS_SP","data_explorer_url":"https://bcmoe-prod.aquaticinformatics.net/Data/Location/Summary/Location/4D08/Interval/Latest","summary_report_url":"https://bcmoe-prod.aquaticinformatics.net/Report/Show/SnowMSS.4D08.MSS%20Report/","weekly_report_url":null,"snow_water_equivalent_report_url":null},"geometry":{"type":"Point","coordinates":[-130.792739,56.947582]}},{"type":"Feature","id":"manual:4D09","properties":{"station_id":"manual:4D09","station_type":"manual","location_id":"4D09","name":"Snippaker Creek","status":"Inactive","active":false,"elevation_m":620,"operator":null,"camera_url":null,"basin_id":"20","source_object_id":2484511,"source_record_id":379,"source_layer":"WHSE_WATER_MANAGEMENT.SSL_SNOW_MSS_LOCS_SP","data_explorer_url":"https://bcmoe-prod.aquaticinformatics.net/Data/Location/Summary/Location/4D09/Interval/Latest","summary_report_url":"https://bcmoe-prod.aquaticinformatics.net/Report/Show/SnowMSS.4D09.MSS%20Report/","weekly_report_url":null,"snow_water_equivalent_report_url":null},"geometry":{"type":"Point","coordinates":[-130.72792,56.558334]}},{"type":"Feature","id":"manual:4D10","properties":{"station_id":"manual:4D10","station_type":"manual","location_id":"4D10","name":"Tumeka Creek","status":"Inactive","active":false,"elevation_m":1220,"operator":null,"camera_url":null,"basin_id":"20","source_object_id":2484512,"source_record_id":380,"source_layer":"WHSE_WATER_MANAGEMENT.SSL_SNOW_MSS_LOCS_SP","data_explorer_url":"https://bcmoe-prod.aquaticinformatics.net/Data/Location/Summary/Location/4D10/Interval/Latest","summary_report_url":"https://bcmoe-prod.aquaticinformatics.net/Report/Show/SnowMSS.4D10.MSS%20Report/","weekly_report_url":null,"snow_water_equivalent_report_url":null},"geometry":{"type":"Point","coordinates":[-129.705459,57.240566]}},{"type":"Feature","id":"manual:4D11","properties":{"station_id":"manual:4D11","station_type":"manual","location_id":"4D11","name":"Kinaskan Lake","status":"Inactive","active":false,"elevation_m":1020,"operator":null,"camera_url":null,"basin_id":"20","source_object_id":2484513,"source_record_id":381,"source_layer":"WHSE_WATER_MANAGEMENT.SSL_SNOW_MSS_LOCS_SP","data_explorer_url":"https://bcmoe-prod.aquaticinformatics.net/Data/Location/Summary/Location/4D11/Interval/Latest","summary_report_url":"https://bcmoe-prod.aquaticinformatics.net/Report/Show/SnowMSS.4D11.MSS%20Report/","weekly_report_url":null,"snow_water_equivalent_report_url":null},"geometry":{"type":"Point","coordinates":[-130.265594,57.579727]}},{"type":"Feature","id":"manual:4D12","properties":{"station_id":"manual:4D12","station_type":"manual","location_id":"4D12","name":"Eaglenest Creek","status":"Inactive","active":false,"elevation_m":1540,"operator":null,"camera_url":null,"basin_id":"20","source_object_id":2484514,"source_record_id":382,"source_layer":"WHSE_WATER_MANAGEMENT.SSL_SNOW_MSS_LOCS_SP","data_explorer_url":"https://bcmoe-prod.aquaticinformatics.net/Data/Location/Summary/Location/4D12/Interval/Latest","summary_report_url":"https://bcmoe-prod.aquaticinformatics.net/Report/Show/SnowMSS.4D12.MSS%20Report/","weekly_report_url":null,"snow_water_equivalent_report_url":null},"geometry":{"type":"Point","coordinates":[-129.013763,57.612472]}},{"type":"Feature","id":"manual:4D13","properties":{"station_id":"manual:4D13","station_type":"manual","location_id":"4D13","name":"Upper Stikine","status":"Inactive","active":false,"elevation_m":1450,"operator":null,"camera_url":null,"basin_id":"20","source_object_id":2484515,"source_record_id":383,"source_layer":"WHSE_WATER_MANAGEMENT.SSL_SNOW_MSS_LOCS_SP","data_explorer_url":"https://bcmoe-prod.aquaticinformatics.net/Data/Location/Summary/Location/4D13/Interval/Latest","summary_report_url":"https://bcmoe-prod.aquaticinformatics.net/Report/Show/SnowMSS.4D13.MSS%20Report/","weekly_report_url":null,"snow_water_equivalent_report_url":null},"geometry":{"type":"Point","coordinates":[-128.164855,57.357646]}},{"type":"Feature","id":"manual:4D14","properties":{"station_id":"manual:4D14","station_type":"manual","location_id":"4D14","name":"Wade Lake","status":"Inactive","active":false,"elevation_m":1370,"operator":null,"camera_url":null,"basin_id":"20","source_object_id":2484516,"source_record_id":384,"source_layer":"WHSE_WATER_MANAGEMENT.SSL_SNOW_MSS_LOCS_SP","data_explorer_url":"https://bcmoe-prod.aquaticinformatics.net/Data/Location/Summary/Location/4D14/Interval/Latest","summary_report_url":"https://bcmoe-prod.aquaticinformatics.net/Report/Show/SnowMSS.4D14.MSS%20Report/","weekly_report_url":null,"snow_water_equivalent_report_url":null},"geometry":{"type":"Point","coordinates":[-128.913299,58.1875]}},{"type":"Feature","id":"manual:4D15","properties":{"station_id":"manual:4D15","station_type":"manual","location_id":"4D15","name":"Boundary","status":"Inactive","active":false,"elevation_m":470,"operator":null,"camera_url":null,"basin_id":"20","source_object_id":2484517,"source_record_id":385,"source_layer":"WHSE_WATER_MANAGEMENT.SSL_SNOW_MSS_LOCS_SP","data_explorer_url":"https://bcmoe-prod.aquaticinformatics.net/Data/Location/Summary/Location/4D15/Interval/Latest","summary_report_url":"https://bcmoe-prod.aquaticinformatics.net/Report/Show/SnowMSS.4D15.MSS%20Report/","weekly_report_url":null,"snow_water_equivalent_report_url":null},"geometry":{"type":"Point","coordinates":[-131.836318,56.690967]}},{"type":"Feature","id":"manual:4E01","properties":{"station_id":"manual:4E01","station_type":"manual","location_id":"4E01","name":"Log Cabin","status":"Active","active":true,"elevation_m":900,"operator":null,"camera_url":null,"basin_id":"22","source_object_id":2484518,"source_record_id":386,"source_layer":"WHSE_WATER_MANAGEMENT.SSL_SNOW_MSS_LOCS_SP","data_explorer_url":"https://bcmoe-prod.aquaticinformatics.net/Data/Location/Summary/Location/4E01/Interval/Latest","summary_report_url":"https://bcmoe-prod.aquaticinformatics.net/Report/Show/SnowMSS.4E01.MSS%20Report/","weekly_report_url":null,"snow_water_equivalent_report_url":null},"geometry":{"type":"Point","coordinates":[-134.965835,59.7625]}},{"type":"Feature","id":"manual:4E02","properties":{"station_id":"manual:4E02","station_type":"manual","location_id":"4E02","name":"Atlin Lake","status":"Inactive","active":false,"elevation_m":730,"operator":null,"camera_url":null,"basin_id":"22","source_object_id":2484519,"source_record_id":387,"source_layer":"WHSE_WATER_MANAGEMENT.SSL_SNOW_MSS_LOCS_SP","data_explorer_url":"https://bcmoe-prod.aquaticinformatics.net/Data/Location/Summary/Location/4E02/Interval/Latest","summary_report_url":"https://bcmoe-prod.aquaticinformatics.net/Report/Show/SnowMSS.4E02.MSS%20Report/","weekly_report_url":null,"snow_water_equivalent_report_url":null},"geometry":{"type":"Point","coordinates":[-133.763061,59.681076]}},{"type":"Feature","id":"manual:4E02A","properties":{"station_id":"manual:4E02A","station_type":"manual","location_id":"4E02A","name":"Atlin Lake","status":"Inactive","active":false,"elevation_m":710,"operator":null,"camera_url":null,"basin_id":"22","source_object_id":2484520,"source_record_id":388,"source_layer":"WHSE_WATER_MANAGEMENT.SSL_SNOW_MSS_LOCS_SP","data_explorer_url":"https://bcmoe-prod.aquaticinformatics.net/Data/Location/Summary/Location/4E02A/Interval/Latest","summary_report_url":"https://bcmoe-prod.aquaticinformatics.net/Report/Show/SnowMSS.4E02A.MSS%20Report/","weekly_report_url":null,"snow_water_equivalent_report_url":null},"geometry":{"type":"Point","coordinates":[-133.728607,59.593055]}},{"type":"Feature","id":"manual:4E02B","properties":{"station_id":"manual:4E02B","station_type":"manual","location_id":"4E02B","name":"Atlin Lake","status":"Active","active":true,"elevation_m":730,"operator":null,"camera_url":null,"basin_id":"22","source_object_id":2484521,"source_record_id":389,"source_layer":"WHSE_WATER_MANAGEMENT.SSL_SNOW_MSS_LOCS_SP","data_explorer_url":"https://bcmoe-prod.aquaticinformatics.net/Data/Location/Summary/Location/4E02B/Interval/Latest","summary_report_url":"https://bcmoe-prod.aquaticinformatics.net/Report/Show/SnowMSS.4E02B.MSS%20Report/","weekly_report_url":null,"snow_water_equivalent_report_url":null},"geometry":{"type":"Point","coordinates":[-133.71024,59.58866]}},{"type":"Feature","id":"manual:4E03","properties":{"station_id":"manual:4E03","station_type":"manual","location_id":"4E03","name":"Stanley Creek","status":"Inactive","active":false,"elevation_m":930,"operator":null,"camera_url":null,"basin_id":"22","source_object_id":2484522,"source_record_id":390,"source_layer":"WHSE_WATER_MANAGEMENT.SSL_SNOW_MSS_LOCS_SP","data_explorer_url":"https://bcmoe-prod.aquaticinformatics.net/Data/Location/Summary/Location/4E03/Interval/Latest","summary_report_url":"https://bcmoe-prod.aquaticinformatics.net/Report/Show/SnowMSS.4E03.MSS%20Report/","weekly_report_url":null,"snow_water_equivalent_report_url":null},"geometry":{"type":"Point","coordinates":[-136.898406,59.89627]}}]}
