{"type":"FeatureCollection","name":"bc_regional_districts","source":"DataBC WHSE_LEGAL_ADMIN_BOUNDARIES.ABMS_REGIONAL_DISTRICTS_SP","sourceUrl":"https://delivery.maps.gov.bc.ca/arcgis/rest/services/whse/bcgw_pub_whse_legal_admin_boundaries/MapServer/16","features":[{"type":"Feature","id":1313,"properties":{"LGL_ADMIN_AREA_ID":2,"ADMIN_AREA_NAME":"Regional District of Bulkley-Nechako","ADMIN_AREA_ABBREVIATION":"RDBN","ADMIN_AREA_BOUNDARY_TYPE":"Legal","FEATURE_AREA_SQM":78266556471.7954,"OBJECTID":1313},"geometry":{"type":"Polygon","coordinates":[[[-127.80001786998446,54.787367174854694],[-127.80001780490292,54.62797720148047],[-127.79781554849971,54.61860515280414],[-127.80305117012962,54.610893704911504],[-127.80955222801101,54.608262507094935],[-127.80983495161172,54.60405607512545],[-127.80588221608234,54.599109887254066],[-127.77612732865757,54.603324523017555],[-127.76249699357591,54.59537563471266],[-127.71214378401697,54.591497911325966],[-127.6941424745039,54.58390807269781],[-127.69019881377196,54.57327780306609],[-127.69513439706756,54.567126530866695],[-127.68072546567068,54.55892016473978],[-127.68505638707795,54.55168714950437],[-127.69506470002666,54.54622304667871],[-127.7265749465053,54.54767834234322],[-127.73392993454483,54.543265628699075],[-127.7532054806043,54.53993763498476],[-127.75915559918027,54.53097107239305],[-127.7657535691929,54.52963649112334],[-127.77253956201203,54.52110422621841],[-127.76942415717521,54.50830086455565],[-127.77394265057359,54.49839224953614],[-127.76494130541026,54.48611708607424],[-127.7760694195794,54.47923871960424],[-127.77483445192786,54.469950721219185],[-127.77856159790028,54.46397555962392],[-127.75346192055062,54.43950579282689],[-127.72803529424404,54.44944210539074],[-127.71400634202655,54.45858715920625],[-127.70916462393363,54.4579133654039],[-127.70655536971631,54.4620039534451],[-127.69573361929834,54.46339562569196],[-127.65423175619095,54.45430706480656],[-127.64209731565275,54.457095420787105],[-127.63955696629974,54.45077219457782],[-127.62460142835191,54.444782847436144],[-127.61535700012278,54.44879655217003],[-127.60708339560132,54.44626567643258],[-127.58837464873507,54.45392212535493],[-127.54842284635716,54.44519761641056],[-127.54400915412383,54.437649351026955],[-127.53770391467008,54.43439036314955],[-127.5497373591504,54.430257058067376],[-127.55234895081956,54.42381388105851],[-127.54775773925982,54.415178014170905],[-127.55813309963199,54.40745861452589],[-127.56039006792295,54.401969768968044],[-127.55191898723596,54.39233494786083],[-127.5368353949288,54.38866564281442],[-127.53597126109958,54.383954301502264],[-127.52941667431271,54.382076975392565],[-127.54646438601036,54.37898474510294],[-127.54629408038474,54.3692314043489],[-127.56728143011118,54.3582100455414],[-127.56339538231649,54.344321880653524],[-127.57441993210001,54.32967885957168],[-127.585310191464,54.324642765389136],[-127.58328276053773,54.32074701064495],[-127.59564859461477,54.30799338433186],[-127.63287754299448,54.30873568236907],[-127.64504426250265,54.30021727288437],[-127.65404534561004,54.30098119677126],[-127.6637895004652,54.294628984218726],[-127.66539155876607,54.28816919614952],[-127.66212521263338,54.28498111272054],[-127.66249196769387,54.275874065999794],[-127.67204676229633,54.26770147426125],[-127.67469700504756,54.25928164989099],[-127.66456696783595,54.25429220261597],[-127.65739484561232,54.245784482677315],[-127.66115121266887,54.23210408211986],[-127.68290546902674,54.22031242456932],[-127.69506140731596,54.22015905503435],[-127.69797965750958,54.21483058365508],[-127.70290907901227,54.21347858280493],[-127.70011166022053,54.20782173925028],[-127.70746906668263,54.202993261892146],[-127.71733543408823,54.20371891435558],[-127.72696598963763,54.195668655417236],[-127.72767250477939,54.19068860019523],[-127.73667354579426,54.18753755761464],[-127.74562766290263,54.177735003602116],[-127.73814467405732,54.167356192354866],[-127.74336257049086,54.162993482202154],[-127.73626878633779,54.155022460540636],[-127.73922930174464,54.15133231676877],[-127.73353387166952,54.1464577673065],[-127.72322447907733,54.14414372363118],[-127.7272069893147,54.139753611853735],[-127.71938240114116,54.13370331832807],[-127.71840563744053,54.12534866492667],[-127.74533728436619,54.11593691960619],[-127.77137172133168,54.11248431897261],[-127.79499253195488,54.113514122872445],[-127.82475110447396,54.10366056952139],[-127.82410178649417,54.09231291343752],[-127.8475729339422,54.07930715056176],[-127.85065292372978,54.069443418011154],[-127.85662019703956,54.06652114425681],[-127.86291089292601,54.05427669151915],[-127.86007534126533,54.04811077318877],[-127.88235787738968,54.03806255697984],[-127.88934052839369,54.03780529650279],[-127.89394801446096,54.02402861288623],[-127.89935614309309,54.02052882908824],[-127.90867636615748,54.025425580288285],[-127.9133041028101,54.02143770197918],[-127.93910285409204,54.020556567461355],[-127.93961546898127,54.01640547445961],[-127.947276530371,54.01246998178321],[-127.9515010552096,54.00340767532566],[-127.97997038038959,53.99410700390742],[-128.0189485208391,53.99791596517536],[-128.03073801654,54.007386421062506],[-128.04289022779824,54.00158148385319],[-128.0446958082942,53.99202329576936],[-128.04042245074348,53.981955286818675],[-128.04995935254559,53.973582029951636],[-128.04697778082672,53.96333767235739],[-128.0526778359898,53.95149514192197],[-128.04584208223085,53.94854678844117],[-128.04558591238197,53.93974512376589],[-128.0612397489422,53.93055652584866],[-128.06432174181626,53.90285133403523],[-128.05125305703245,53.90094309390797],[-128.03530978547593,53.89364525567852],[-128.0274439944295,53.89837863977869],[-128.02134638948775,53.893953703558985],[-128.00552659449122,53.890756623367004],[-128.0022062244007,53.88535294420027],[-128.01775323486928,53.87766217207529],[-128.0117688268324,53.87125817540026],[-128.015483315048,53.86276659040737],[-128.00553658689313,53.85443409043658],[-127.98872551055935,53.850491429860504],[-127.98071784724502,53.84282832421052],[-127.97108342877453,53.8433033894335],[-127.96243734923713,53.836514438015584],[-127.96111087315712,53.83130054770924],[-127.95764516097653,53.83121455654392],[-127.95561253233761,53.82740967233933],[-127.95913889834861,53.824899538692904],[-127.94792202126898,53.81160934829533],[-127.91826138352388,53.8000187436724],[-127.90986882767803,53.78672234241841],[-127.90092982853817,53.785054721356964],[-127.90356649981449,53.78121170399974],[-127.8982762024989,53.77394723869088],[-127.91188411550623,53.769780893963336],[-127.90428352660362,53.75329717432307],[-127.89800689324103,53.746892536282935],[-127.84547985244758,53.72562379535764],[-127.81853852365246,53.729484087606046],[-127.81290984179635,53.70711596491134],[-127.83760792862809,53.70145443242227],[-127.82404325763864,53.69680959115858],[-127.82471948466129,53.68860532723669],[-127.80863236245092,53.68417163422793],[-127.8104027007527,53.67824852435759],[-127.81857722021294,53.6745620671327],[-127.81728854010088,53.67060617756732],[-127.82185746301887,53.661895948669944],[-127.81015477641425,53.65791595158307],[-127.79547614101705,53.66174132877436],[-127.78059744953971,53.66133603897163],[-127.77714282467659,53.6543313012416],[-127.78251554621954,53.65196201310422],[-127.79079355954131,53.63857232042393],[-127.77886087112066,53.63554672182829],[-127.77571667872907,53.63182908358458],[-127.75950604186698,53.63268393812747],[-127.7653467100478,53.62285931623402],[-127.74726446775628,53.60527044362777],[-127.74909942408144,53.60142531140838],[-127.76451362301731,53.59598522751597],[-127.76238989108182,53.593164652423766],[-127.76672682085277,53.59199690499908],[-127.7624046196705,53.5868584142955],[-127.75584888369214,53.58642686200956],[-127.75417788385774,53.57697983061541],[-127.77047624827192,53.56392538531635],[-127.76703441180368,53.560090521144666],[-127.77059310664015,53.55503627724024],[-127.74296798476855,53.55161186775616],[-127.73776849299068,53.555898899366554],[-127.72447288169415,53.556755636471635],[-127.71224233773512,53.5448935867221],[-127.68183941730172,53.54898205039014],[-127.67248519450604,53.54258005694529],[-127.67849139376436,53.54065396279404],[-127.6796471728529,53.53358014693007],[-127.67228776788349,53.53249185231403],[-127.66764710074311,53.52747811215665],[-127.66020667500415,53.52756575560758],[-127.63635299589792,53.539830234418034],[-127.63578255511965,53.54959216125861],[-127.61874376365934,53.561708985255486],[-127.60874574611131,53.548291830594565],[-127.60348911430412,53.5479518856274],[-127.60447741946528,53.54268665500461],[-127.58821460330256,53.544761078204566],[-127.57522088236838,53.53963281441304],[-127.56753179022714,53.53196584557969],[-127.55890942383411,53.530837430280705],[-127.55421437690661,53.514527776363565],[-127.57161002015312,53.50657746288407],[-127.55453034343003,53.4826897571908],[-127.53261047788526,53.468817376617984],[-127.53001397264734,53.462620604439465],[-127.52103597461269,53.460357285515926],[-127.51972183485822,53.45132143869521],[-127.51539367700069,53.45106196468986],[-127.50952250129225,53.4651924437138],[-127.49571367866493,53.46844441802581],[-127.49411805473092,53.47478896840499],[-127.48221880154713,53.48479268140505],[-127.44530233393692,53.492367804852364],[-127.43634949988495,53.491100318490496],[-127.4280629551923,53.480797311824716],[-127.41335290322077,53.47203768631019],[-127.41319431899689,53.46354429002702],[-127.40611200778211,53.458104111232714],[-127.4098983194958,53.4507420198716],[-127.40842388587188,53.44676589709186],[-127.3972910908205,53.439955606834275],[-127.37460351519164,53.43359585953907],[-127.37697342943346,53.430265896947844],[-127.37413654323005,53.426505516327644],[-127.37597325659776,53.415832606971655],[-127.36528888763895,53.411533489776886],[-127.36534196829345,53.39680880690349],[-127.36304379481113,53.396336812253296],[-127.36877736778567,53.3906198194771],[-127.36205264216433,53.37540771092871],[-127.35683670921934,53.37382970250517],[-127.35184957761875,53.365470213136426],[-127.34249788805157,53.365809170139315],[-127.32364862848887,53.354196519902516],[-127.31749358643096,53.35591987586467],[-127.32282624660776,53.34537675781328],[-127.3190775501765,53.333020651670694],[-127.30864351934196,53.32832720917337],[-127.29973442521523,53.32838835214983],[-127.29285812278371,53.31882458699708],[-127.27979197006435,53.31391405338589],[-127.27882912525169,53.30824538054512],[-127.26724354056688,53.30535360716375],[-127.26620838496784,53.300897429842905],[-127.25863411172023,53.29656768936514],[-127.27132631205765,53.285652517435395],[-127.26700900053201,53.28371888970578],[-127.26420053225436,53.27726004283324],[-127.25546626544684,53.27430963676848],[-127.25349886051653,53.26260255703997],[-127.24557217137549,53.25551872656812],[-127.22689022800276,53.248734323156796],[-127.20335375772481,53.24734695899011],[-127.19254061723699,53.25282938771593],[-127.19480675158103,53.25846469465076],[-127.16652261651664,53.27266924667194],[-127.15132862180003,53.27026792293509],[-127.13193403550557,53.24631084355509],[-127.133033587143,53.240296504431655],[-127.1288403246499,53.23885520702436],[-127.12090370800293,53.2422545703293],[-127.11317940270604,53.23868019739239],[-127.09571573204309,53.243032500826565],[-127.0842694436307,53.237571635479405],[-127.07778986597098,53.23937327020589],[-127.07819900106873,53.24930537584259],[-127.06914963889852,53.26152103015896],[-127.07534354726913,53.27758726943103],[-127.06059462176617,53.29383775410033],[-127.02506450807823,53.30028510719802],[-127.02000914814886,53.30416508334328],[-127.00434351716456,53.3037251261646],[-126.9995731113352,53.29172273637864],[-126.98838709592464,53.29125974274949],[-126.98528499821171,53.28772509476458],[-126.97899392843834,53.260451006752305],[-127.00065992695711,53.25631013191504],[-127.00451662328285,53.245604030697166],[-127.00153652957134,53.23997802868318],[-127.00693144038178,53.234603975473014],[-127.02532518325567,53.233139065899216],[-127.03549102879897,53.22612363879895],[-127.04189750277457,53.21475711287904],[-127.03778739180385,53.20637318916641],[-127.0443642954941,53.20301995734742],[-127.04155540334642,53.198178819378136],[-127.02635511654896,53.198695134569135],[-127.02573879773762,53.194695075358034],[-127.01656702150834,53.187590923608255],[-127.01807583815481,53.18192195046654],[-127.01503618820314,53.17216039976094],[-126.9932070130016,53.15017880516624],[-126.99433024293354,53.13239004494959],[-127.01344562625223,53.12690857277147],[-127.01871634988412,53.12056904215165],[-127.0313479141521,53.115524064188065],[-127.02655270600081,53.110850377026885],[-127.02822038446853,53.104845228103336],[-127.02127387639798,53.10158315260325],[-127.0163268192582,53.09222229664341],[-127.00882164510054,53.087214931667795],[-127.01775623227104,53.08062102741295],[-127.01460678702178,53.07274050128045],[-127.00014400148737,53.06555631951624],[-126.99076435690567,53.06707753803225],[-126.9882801860323,53.0709855371263],[-126.97631309681543,53.07062971218793],[-126.97296323791022,53.07171152651788],[-126.97260343865567,53.077144877511394],[-126.95388366742927,53.08590517879368],[-126.94820749639813,53.09176239482196],[-126.94198182532372,53.090914622148645],[-126.94050922852097,53.08540468426098],[-126.93653657074073,53.08454763854027],[-126.88663472356649,53.083258060954],[-126.87667685723328,53.0871596734146],[-126.86628273228116,53.10828840950895],[-126.84148644369765,53.106378659656116],[-126.80790581129294,53.08364660648221],[-126.81139942791405,53.07656397941738],[-126.79574611889745,53.065779257224506],[-126.78936555199229,53.04884929394402],[-126.7976726719247,53.02964336145444],[-126.78984371864179,53.01996937227565],[-126.79120959628865,53.00150374319375],[-126.78707833643286,52.996312864304294],[-126.78249573839759,52.995780884153184],[-126.77952149978093,53.00362770552856],[-126.77467510062455,53.00557010259923],[-126.7584058996529,52.998321103213804],[-126.75031488744996,52.99103110276207],[-126.73250970278734,52.99299452236488],[-126.7084157919522,52.98664001670996],[-126.68958331909201,52.9970800997559],[-126.68788880603222,53.00368883500483],[-126.67315867995964,53.016898557226526],[-126.67158625733578,53.02299294188229],[-126.66252733117811,53.024781297993464],[-126.65221722518892,53.033938255511906],[-126.63612928196764,53.017674545528365],[-126.63462351165796,53.01188802010523],[-126.62421282488029,53.00470595565068],[-126.62416649743403,53.00132819772959],[-125.00001689877516,53.00000551182037],[-125.00001704105895,53.395022522395976],[-124.98983649310829,53.39702725743212],[-124.99196907792889,53.40554155100799],[-124.99626819314462,53.40696213742693],[-124.99078075248028,53.41117925090752],[-124.9486372748318,53.41172884894711],[-124.93428516346428,53.4034963919328],[-124.92325695467483,53.408512343387194],[-124.91619655245297,53.407716865093626],[-124.9007902882163,53.39714789256772],[-124.86827266972075,53.3988000324999],[-124.84814936174637,53.390422776442065],[-124.84303668490969,53.38486798085287],[-124.83252199975989,53.38232983473567],[-124.82833022667577,53.37714386131903],[-124.8157040243918,53.37437886000778],[-124.81285066232007,53.369926157634644],[-124.76936203351399,53.35920238795118],[-124.75971069442635,53.36765760384647],[-124.75090275724344,53.36816009859755],[-124.73090161869457,53.35802840533808],[-124.72077868506302,53.3615630645088],[-124.71224413989377,53.37072480537882],[-124.68523623025149,53.384790982143535],[-124.6893358615214,53.39545605455996],[-124.68550425012143,53.40070840860693],[-124.67559322673256,53.40266988524093],[-124.67454713612842,53.40667609153316],[-124.66604189689146,53.40885377056247],[-124.64674497029449,53.40792682660796],[-124.63143953500379,53.39329567109133],[-124.60896503608707,53.38664055533355],[-124.5844414363126,53.39114886227017],[-124.57519814339676,53.38722577520057],[-124.56908672970675,53.38828216357283],[-124.55356801901729,53.397095362857534],[-124.51782858681045,53.39302926289411],[-124.51379941775461,53.40031816105904],[-124.52140799163494,53.40478922973699],[-124.52459942703257,53.41714435134767],[-124.5193683611834,53.41687840477658],[-124.51536851717334,53.412161687557784],[-124.50196723562081,53.412010381084755],[-124.51110863954003,53.43370404210873],[-124.5069054799764,53.43763169061672],[-124.50774817574464,53.441873172539545],[-124.53092645663939,53.451260216410155],[-124.5376613315743,53.4601004619896],[-124.55318070087432,53.45980979656517],[-124.56120684605489,53.466312608931894],[-124.55845941692128,53.470136134262354],[-124.56007571338712,53.472440371078925],[-124.55486287751681,53.474926542762],[-124.54645832328812,53.47626720637775],[-124.54352248550296,53.472601430887146],[-124.52397940507826,53.4784708222571],[-124.5199062773065,53.4808779835195],[-124.52178411543281,53.4861849322854],[-124.50888490241769,53.48918322682362],[-124.51387237423104,53.49651558860618],[-124.50998623831566,53.50410700716423],[-124.51871879370755,53.50472751758468],[-124.51891105863369,53.51052635624898],[-124.52918661759098,53.51430880030344],[-124.53268745372768,53.5196966682816],[-124.52627334574373,53.52641004436929],[-124.52745301287264,53.53226716363285],[-124.52385084335269,53.537934595243726],[-124.515939439344,53.54035845574521],[-124.50003442771671,53.53954323446339],[-124.49738031639495,53.53380124146282],[-124.48903616858723,53.52993408258903],[-124.46857785289079,53.52699487632295],[-124.46591160537393,53.52114247585759],[-124.47123469390216,53.516303651545016],[-124.46197760238296,53.513151033435676],[-124.46172359357841,53.50947144007065],[-124.43929813672872,53.5124584022749],[-124.40842905912464,53.50515411368681],[-124.40184869711122,53.50837278527527],[-124.39509121098234,53.50811623377114],[-124.39128588193518,53.5044779201296],[-124.38239914529994,53.50549195923384],[-124.38444794055852,53.501834521569755],[-124.40365108252377,53.50212093988248],[-124.41454235614245,53.49784939159806],[-124.40545879552596,53.494121045685226],[-124.40123240042337,53.488773998268684],[-124.3895065861733,53.4860342825715],[-124.3829401334948,53.47738169438456],[-124.37462663151464,53.47783120232321],[-124.36299269914227,53.470913747467314],[-124.3657715992205,53.46502089027132],[-124.37941367048822,53.45897911406755],[-124.38197632869742,53.45503699376884],[-124.37720734455908,53.450443498341066],[-124.37021104588946,53.4527173941671],[-124.36286036972923,53.44734386690351],[-124.35057791473116,53.449030554914124],[-124.3502265128803,53.44560054602271],[-124.34429549214933,53.44279081273718],[-124.31840107024088,53.44433794953387],[-124.31316160592802,53.448526806215575],[-124.31598422146719,53.45383047623191],[-124.29571590734943,53.45442059902654],[-124.2871880392241,53.45878274840162],[-124.28035577658083,53.45847860944925],[-124.28113466739056,53.46500553947526],[-124.29154952192647,53.47246247048022],[-124.27945975055295,53.47927163095079],[-124.27098821044261,53.475543566563424],[-124.26296579974095,53.46428206692034],[-124.25147302108873,53.45987836257055],[-124.24608485136365,53.45264730614257],[-124.23651517309779,53.45132243375803],[-124.22772907423311,53.444018812818],[-124.2142283719815,53.44455234106955],[-124.22424788110101,53.4369289813665],[-124.22220955101707,53.435670365754056],[-124.1720035932235,53.43177777214903],[-124.15643647545718,53.43406897409512],[-124.15214151700917,53.437630352694974],[-124.12715867688583,53.435223805375784],[-124.12287665079307,53.42735057749922],[-124.10055015628451,53.42218381817574],[-124.09156208690251,53.424054166154434],[-124.09407930076495,53.42674788862223],[-124.08619839635314,53.43129346665771],[-124.06190249109027,53.43181857760422],[-124.04806243018709,53.426226675992396],[-124.03789016355971,53.4262945301908],[-124.03809906545905,53.4305446122294],[-124.02710934034239,53.43524808420677],[-124.00280550748698,53.438328129477895],[-123.9992871248814,53.44428745982356],[-124.00559238964604,53.450517973088346],[-124.00001692121414,53.457859222430095],[-124.00001721023351,53.48480452307275],[-123.60774248457284,53.48496572189192],[-123.61179463583824,53.486186916504984],[-123.59788133362498,53.48741392926248],[-123.4597112171562,53.48494799333928],[-123.46315211204137,53.48778074187768],[-123.459856423082,53.4900421433988],[-123.45692277491769,53.48494068298458],[-123.4255070647923,53.484874148094185],[-123.42553587216877,53.4708162656401],[-123.28035098798992,53.470877169639934],[-123.28032618689255,53.499748460037914],[-123.3044542589162,53.49975995462582],[-123.30388809629629,53.617657990759994],[-123.31066098651931,53.62753528749863],[-123.3207466759878,53.636832770874065],[-123.33659287798629,53.64137940382523],[-123.3385242466945,53.64561153610267],[-123.35547361541558,53.6449901480558],[-123.36890694556115,53.65099277922618],[-123.37761074225143,53.64922187722562],[-123.37131553375798,53.657073540579134],[-123.37482678756987,53.66568256214097],[-123.38609312075945,53.66469399107281],[-123.41056144996298,53.678470843881385],[-123.41667260447403,53.67573422264649],[-123.42314145156381,53.677048827058144],[-123.43096271559594,53.68227719944716],[-123.4323302702696,53.68998238059643],[-123.43910374520159,53.693310441464945],[-123.43871447363236,53.701023959261555],[-123.44559338979884,53.70981623239651],[-123.46128119658933,53.705985706670376],[-123.48101847118717,53.72069907999405],[-123.48263755308732,53.729455287422745],[-123.47690919497747,53.735518434172754],[-123.4816796901114,53.745405569955714],[-123.4781388352108,53.74872748241106],[-123.469099965024,53.74729809080471],[-123.4636656905458,53.75000975773121],[-123.47415520125593,53.76021447828026],[-123.47640414794381,53.772328858636975],[-123.48460250964045,53.77802158866619],[-123.48336067331178,53.78396389699099],[-123.46862258360127,53.787513870237895],[-123.45271370992474,53.783125762349556],[-123.45092882885254,53.78997759910719],[-123.4468906679664,53.79200110041364],[-123.44975166489525,53.80133824334496],[-123.43681526808875,53.80572141173132],[-123.42805632590996,53.804016253308795],[-123.4272170512599,53.94018272968828],[-123.43308674009201,53.982095461583945],[-123.45090834059714,53.98517344774849],[-123.46543573110077,53.99636915510656],[-123.48392589337723,54.00180251478114],[-123.50897042590327,53.99863933954159],[-123.51993801349657,54.0051266091624],[-123.524094496283,54.0009033624778],[-123.52266832743389,53.99493069217919],[-123.53482585407379,53.987271299291706],[-123.53997663007756,53.98722999638981],[-123.54217079194584,53.99372656571239],[-123.55685165083985,54.00667738278578],[-123.58453862501288,54.02379997519504],[-123.58497152008013,54.029178140497095],[-123.57302017656102,54.03255096039173],[-123.57554918348727,54.03756215351131],[-123.60614642177819,54.03895299381269],[-123.61798356299552,54.04290802927659],[-123.60435454818489,54.05914544064987],[-123.58226412438795,54.06020339942073],[-123.57498792143831,54.073058019485416],[-123.56710699887654,54.07921231751532],[-123.55333990399579,54.076602283953335],[-123.55400331800203,54.066360491949425],[-123.54321641368382,54.060805410034426],[-123.52268152402378,54.06887464699799],[-123.49503890661963,54.06605685465186],[-123.48652069792355,54.06974868905197],[-123.48185228711615,54.07685482445706],[-123.48393143472735,54.08375436765733],[-123.5052602142481,54.09214409872466],[-123.53513710575088,54.0990959461018],[-123.55572097643395,54.10035637143113],[-123.5663314105107,54.10676508288966],[-123.56343865075848,54.11482633671194],[-123.55552468742746,54.12060287175463],[-123.53287667063677,54.126936508117296],[-123.5312920081074,54.128635607612466],[-123.53596885293014,54.136892191695935],[-123.53302801710282,54.14388732047175],[-123.51789388157586,54.151323913212224],[-123.5183130553889,54.16942799286266],[-123.52149649946799,54.1703343616524],[-123.52339210306911,54.258438244555755],[-123.53830571980356,54.267279347119455],[-123.55752298453059,54.26907942353791],[-123.56298891405083,54.27542926935782],[-123.56807549876457,54.27380561319331],[-123.57674732562738,54.27676332347098],[-123.57543265403665,54.289325339427236],[-123.56666338135963,54.29213903200576],[-123.55523850664441,54.29103776070657],[-123.5425024037761,54.299090690144205],[-123.55289163479333,54.301635942448954],[-123.55233619771079,54.3170302252446],[-123.5594818649447,54.31959870930768],[-123.5622294411451,54.31677481714791],[-123.56558850494729,54.32008252460659],[-123.57184732283821,54.316254272957224],[-123.58172902811148,54.31568574736701],[-123.58831354874233,54.3232283658027],[-123.59345215721923,54.32452338044693],[-123.62266455628685,54.31667037925614],[-123.63004138904753,54.32262722473058],[-123.65065014471301,54.326698094613725],[-123.65489284361095,54.32253384786314],[-123.6670763400867,54.32134863990887],[-123.67394601540182,54.31522084278584],[-123.68625290773124,54.31504361788889],[-123.69122844220408,54.316778788369945],[-123.69057069743558,54.32850044118603],[-123.69304216874077,54.32916034453943],[-123.70414860239886,54.3227837237185],[-123.7102967679168,54.3247549293736],[-123.71778555939105,54.31979136248477],[-123.72585274191069,54.32450056754162],[-123.73882507119392,54.31993698663278],[-123.74106457464337,54.32563941309067],[-123.73489329406553,54.32964970434379],[-123.74713939696535,54.3273076078088],[-123.7528637032235,54.33585624830829],[-123.77927707161744,54.3395902207999],[-123.78858342773702,54.33693831560346],[-123.79824402294344,54.33887306268973],[-123.80968435900087,54.33478833940226],[-123.81674119301063,54.3408703901164],[-123.82132294619315,54.33947915780103],[-123.83253187374117,54.344090938724726],[-123.83264839115377,54.35010889808845],[-123.83761378895868,54.349148807199235],[-123.8432397479152,54.35274465896593],[-123.83213865319503,54.36219185856227],[-123.8309803032792,54.36919025435261],[-123.83511886930654,54.371532440397196],[-123.87420636217716,54.37941255127569],[-123.87871379808522,54.373950260048666],[-123.89470706609667,54.369626545729446],[-123.90724136917164,54.371923731319],[-123.91753165556474,54.363271665781504],[-123.92447178665796,54.364596831827726],[-123.92928537451733,54.3807887337377],[-123.93296809397606,54.38362741072667],[-123.92979300412415,54.387579541025204],[-123.9536291525484,54.39543765576617],[-123.96162715125625,54.40658491187269],[-123.97623034975614,54.40323616466517],[-123.9969799013775,54.40358394861221],[-124.02261978623282,54.41484692990598],[-124.0277214825951,54.41906083517791],[-124.02849349075451,54.424726528214045],[-124.01009838005074,54.43504586308815],[-123.99041451377876,54.43458868443867],[-123.96336872395824,54.44034378572437],[-123.96000290721969,54.45209746508365],[-123.96187553675405,54.45602315450316],[-123.95254847248717,54.45647252307226],[-123.94784043091052,54.460338266969785],[-123.93282165836435,54.4579385945617],[-123.92994591445307,54.46725395031943],[-123.91695689954287,54.472817639515085],[-123.91500042830033,54.476655180946175],[-123.8997889206416,54.477141855783955],[-123.8920751984453,54.48176671028349],[-123.87972683474567,54.48031134755671],[-123.87519169038099,54.48187813837363],[-123.87387935725165,54.48620464208932],[-123.84524303956796,54.49736401336404],[-123.84770019255068,54.49895556827666],[-123.84501645765226,54.50958257942814],[-123.83003745904024,54.518113554714745],[-123.83365551678554,54.52281607118744],[-123.84941248672183,54.52476555443711],[-123.84088240964326,54.53240057138314],[-123.84811940704319,54.54230812574912],[-123.83735655838649,54.55258580324837],[-123.8294100081804,54.551182589894644],[-123.82436062579629,54.557634098328926],[-123.81687724913341,54.55923067395396],[-123.81804319706312,54.563056420215275],[-123.82424510612005,54.56264085681869],[-123.82539590574189,54.56754910322048],[-123.82122883481077,54.56979733658334],[-123.8198334647105,54.578114112524624],[-123.79840871696666,54.577211813969335],[-123.78925605973602,54.5807319720117],[-123.79786554741558,54.584252479810615],[-123.79278770699668,54.58890532774496],[-123.78539055274354,54.58890861323757],[-123.78277697715436,54.594650457052985],[-123.78888976171307,54.59861013005313],[-123.8037351570431,54.59944715099102],[-123.80795818381235,54.60659990469431],[-123.79481830321582,54.60656105106739],[-123.77665551435462,54.61619644799028],[-123.77994213566137,54.6196264378416],[-123.7779501200812,54.62642462676284],[-123.78467026687898,54.62871795532774],[-123.77803336666108,54.63087677678873],[-123.77742025323413,54.64114613772518],[-123.7830936099313,54.644213176380525],[-123.78029646404337,54.65809850301846],[-123.78754920502332,54.66146670738221],[-123.79713868133545,54.656982285261996],[-123.80746150185938,54.658408794539966],[-123.81268554428712,54.66487761806416],[-123.79671829467257,54.67449213158536],[-123.79697236044844,54.682713735965365],[-123.79103134424867,54.689079634198634],[-123.80931135704053,54.69635538324195],[-123.81961618210234,54.69414718947543],[-123.82375781369868,54.69869358263603],[-123.84695527385631,54.69559689010429],[-123.85611948396297,54.688936890290755],[-123.85582537573703,54.68364249892785],[-123.86299403254428,54.683753424390275],[-123.86210091721847,54.69284586677046],[-123.87052672221274,54.696524320885985],[-123.86282173338918,54.703418686328526],[-123.87241248998394,54.70558784732498],[-123.87245912663786,54.712822213226],[-123.88765042875315,54.718498682846665],[-123.8857628463216,54.722117358630754],[-123.87199189218815,54.727939022284865],[-123.86793755077845,54.73731775081326],[-123.89584691794519,54.74076357815385],[-123.91035573814833,54.73733026300346],[-123.91668135633887,54.741714295877856],[-123.93102095138997,54.742853277729935],[-123.93434049224878,54.74894403741455],[-123.9315234578432,54.752564572966406],[-123.93293757102805,54.76180750196573],[-123.9457132020287,54.76716379171254],[-123.92426287107037,54.781244226506935],[-123.9243115241408,54.785422867127075],[-123.93050316628292,54.78621134776368],[-123.93174044650497,54.79065048652737],[-123.93883298695565,54.792689821147256],[-123.9380119880089,54.79887931751505],[-123.93309646557174,54.79820722537464],[-123.93282943499705,54.80590025009714],[-123.9177224224757,54.80689816046342],[-123.92217058376065,54.81775679860951],[-123.91733694496679,54.82444985037351],[-123.91967572850906,54.825765231406066],[-123.91471964832863,54.83031618493216],[-123.90556687850722,54.831753826238966],[-123.90827222866108,54.8353723680672],[-123.91944525188468,54.83617399793208],[-123.91462107231197,54.84041637316675],[-123.91571586371084,54.84269082518159],[-123.9004774596992,54.84510546998822],[-123.90281438932627,54.847937005597984],[-123.89511161831861,54.856051388798434],[-123.89994046106025,54.8685565544706],[-123.90691245979752,54.870472855115764],[-123.91857728829494,54.86171273208007],[-123.9594423700028,54.862987490158176],[-123.97607424423776,54.85656501556261],[-123.98693529400578,54.863360340077016],[-124.00702807807518,54.86304361973773],[-124.01893542450372,54.86862015375232],[-124.0064440501428,54.874694718812556],[-124.00632485306897,54.88042351195475],[-123.99571347682767,54.88637645972237],[-124.00012260857542,54.88948471345944],[-124.00001753600063,55.032136419390106],[-123.99327087546197,55.02073437451557],[-123.98432790280455,55.019053606341636],[-123.9815809492292,55.01353091060714],[-123.95364175311703,55.00987974622407],[-123.89838949344008,55.02500258942394],[-123.89543483834476,55.03420882962538],[-123.88358363747595,55.03990914926283],[-123.86902359262847,55.04217376596655],[-123.85912495417848,55.04862358846681],[-123.84240136850579,55.04878638810167],[-123.84025707530365,55.04521751911932],[-123.83174836636513,55.044720769056504],[-123.8347776844074,55.0389535514033],[-123.82658941154999,55.033431691702916],[-123.8150436053812,55.03965343780683],[-123.81338633356229,55.03371934127154],[-123.81660890239532,55.028647246211314],[-123.81785010756661,55.01413836746362],[-123.81306830437339,55.003497186406484],[-123.81903415388733,54.99942312931301],[-123.80836824633596,54.99567210117535],[-123.79374096842515,54.996658094733185],[-123.76415714053694,54.98059055029374],[-123.76103494007663,54.97744080122271],[-123.76322988246545,54.97536609904071],[-123.76045755258377,54.96342211504882],[-123.74995664281441,54.96129155983707],[-123.75139626390772,54.956603580702605],[-123.7483462398423,54.95335520053295],[-123.73158133519826,54.95586167963661],[-123.7342759197025,54.95205302873268],[-123.72945996888694,54.946797809819564],[-123.7119406000505,54.94520116618864],[-123.71129356367025,54.93645585361235],[-123.69943776577301,54.92854241549536],[-123.6986894933066,54.92418514460216],[-123.66477204428165,54.9231152341405],[-123.65109518440667,54.92871210776963],[-123.64414141647451,54.934853132081685],[-123.64126922669134,54.94256792007219],[-123.64361420630613,54.94690509210022],[-123.62469866104047,54.96087117848594],[-123.61712668417002,54.95221274720416],[-123.60777508746968,54.94863022982967],[-123.59320071268651,54.949069660684486],[-123.57965341895788,54.94495320698341],[-123.57934643797768,54.95147000125063],[-123.56524243810956,54.95856991972103],[-123.55740156241525,54.95810585976932],[-123.54674361193543,54.96676342035364],[-123.54971923814809,54.9752153874858],[-123.53803625356572,54.989610211143756],[-123.52496136851497,54.99848914472684],[-123.52641019012839,55.00646593504339],[-123.517050644292,55.01949758759162],[-123.48522402272764,55.017916208487144],[-123.46110679156935,55.028765798094135],[-123.45280455157234,55.03566263288247],[-123.4297403581334,55.03752556233583],[-123.4239363135205,55.044057085756386],[-123.42218677508718,55.05131022814237],[-123.42527564805008,55.06870916696414],[-123.41943260244474,55.07700090835577],[-123.42631979580936,55.08525545308304],[-123.40296242713677,55.09623542259518],[-123.39640181700817,55.10468614362634],[-123.42202026542179,55.12475045401618],[-123.4082652059936,55.134935860800184],[-123.41430590210899,55.14074368356811],[-123.41963903553814,55.15338602819755],[-123.40975511697398,55.16128563260465],[-123.39484199362977,55.165842938727245],[-123.39283110674361,55.172067916804885],[-123.3928442597454,55.17624347910333],[-123.41362390324713,55.190325087879756],[-123.41720467211574,55.20731180618464],[-123.42324671528951,55.21694216765785],[-123.41895898870587,55.22173761212652],[-123.41620137851038,55.234651177737796],[-123.42543923427425,55.24140387730204],[-123.42913982124291,55.24897522264843],[-123.43422623736586,55.24947843133047],[-123.43445129506736,55.254249274217884],[-123.44028553037715,55.25829010584464],[-123.44993967648016,55.259099604524714],[-123.45126475864258,55.26495367157345],[-123.4577119329744,55.26726606354086],[-123.45184238125448,55.27563602273837],[-123.453851597604,55.281583364600145],[-123.44988697187236,55.28831864034216],[-123.46998702568958,55.29434250654808],[-123.47293129460871,55.30443748937552],[-123.48148680939768,55.30416643448925],[-123.49277008835269,55.31371957386155],[-123.49129176213503,55.324278160204614],[-123.49370749276562,55.325619333352556],[-123.50750050980646,55.324293788787294],[-123.51420415580355,55.3297252945394],[-123.53088305857793,55.33028599072889],[-123.54049034830987,55.327386307179836],[-123.55122030328211,55.315008461508015],[-123.56977890227263,55.31225543389499],[-123.58667332604769,55.317893640304135],[-123.5919469355393,55.313309243198276],[-123.61843661238186,55.30748080751729],[-123.64024592964452,55.31471014322277],[-123.65289304003095,55.30574690566703],[-123.6614796273373,55.30348546461896],[-123.66425011711463,55.29532460083186],[-123.66974168332548,55.29825906025738],[-123.68301230895526,55.293792317727615],[-123.6987829805884,55.296257191188815],[-123.73117059761886,55.28806784907576],[-123.73742774947661,55.2933890240367],[-123.74994905676755,55.29244411501699],[-123.75283127322709,55.29579023791378],[-123.77381072252726,55.29748333415967],[-123.78603368483327,55.30311156687385],[-123.78834815786543,55.306232857448016],[-123.7852527859208,55.31133602449119],[-123.7954355663804,55.33291202696556],[-123.82802189970782,55.33981566973274],[-123.84360538650776,55.340092505006275],[-123.85561420566292,55.33544399688209],[-123.85742926010487,55.34138018880024],[-123.86281838109866,55.345094527129525],[-123.86149932783805,55.351080691246544],[-123.85593692885294,55.35845554403541],[-123.8580742580516,55.35954586700422],[-123.84948102127925,55.361530942361824],[-123.84488555832648,55.37307214391407],[-123.87656936739579,55.375811550735165],[-123.87763170608189,55.381106808275014],[-123.88176192034224,55.382300216939335],[-123.875196236341,55.3884320519178],[-123.87729056460891,55.389621200270184],[-123.8749749385277,55.396997493847024],[-123.8815304080717,55.3992508925597],[-123.88133202891008,55.406656953229955],[-123.88859927621816,55.40675713720724],[-123.9063169479075,55.416146533846224],[-123.90732500657556,55.420305658080224],[-123.91894865379707,55.42147696804586],[-123.9259178927784,55.42695094240572],[-123.90741388832086,55.43589504244438],[-123.89781918927207,55.44977854063375],[-123.89441567740833,55.464966058018284],[-123.88947653815409,55.47086399330208],[-123.90259825044288,55.48458259538517],[-123.89655417778437,55.48880553381472],[-123.88549932754478,55.48844566561531],[-123.88935689138727,55.499506522015245],[-123.88566281543636,55.50137543968762],[-123.90210518793704,55.51286543185545],[-123.91791906635832,55.532777872084736],[-123.91758164344448,55.53915449617859],[-123.92063979446647,55.539595843420805],[-123.93186101825802,55.55552414015685],[-123.93622233647042,55.55603904761634],[-123.939999461865,55.55067242507622],[-123.94776397318633,55.54836810678349],[-123.99824335775703,55.552790848966914],[-124.01309961660209,55.53653086790684],[-124.04068080042148,55.53662820484492],[-124.05377986132365,55.54175818635703],[-124.07012653095155,55.54300637195872],[-124.10037398563726,55.556553281820385],[-124.09593237750511,55.56589277363986],[-124.09576764001304,55.58067050067405],[-124.10201347596453,55.586803978338786],[-124.12652314033195,55.596527927248026],[-124.13342537175058,55.60376209447637],[-124.12507695151069,55.61044379029156],[-124.12564807366098,55.616156726814516],[-124.11813129738303,55.62380077623137],[-124.12130005560493,55.62885500476928],[-124.11878180847194,55.63486673399307],[-124.12963441738495,55.636434709136054],[-124.1331790874187,55.63980776447821],[-124.16011648857476,55.642940793657736],[-124.16937794900613,55.64969433458898],[-124.16876535748591,55.656278015221496],[-124.1654770631888,55.65865766789021],[-124.16887314682026,55.669495571543436],[-124.18391377642936,55.67059051283758],[-124.18728306672094,55.67993149036172],[-124.20057820898721,55.68043122461931],[-124.2101361076275,55.68504910436281],[-124.2357866989982,55.67802201365233],[-124.2418201685248,55.68903409674945],[-124.24785785023886,55.69019300002973],[-124.2730456457573,55.68349130542378],[-124.2794858930334,55.6952432233902],[-124.29091182766126,55.693863559698386],[-124.30550963661514,55.7042999898403],[-124.31356651148579,55.71644533085429],[-124.3111790969022,55.71946824942825],[-124.31734361457886,55.73138989556744],[-124.33198198484534,55.734754649440326],[-124.33654826950156,55.739279045958334],[-124.33639970955822,55.74549612537408],[-124.33045782840725,55.7486279001036],[-124.33546163743948,55.76031758220672],[-124.33988661872911,55.76511397820876],[-124.35048841312181,55.766411771216085],[-124.35345452960723,55.775344369420054],[-124.3605195616114,55.77952583615394],[-124.36259635514863,55.79151737496768],[-124.3499332289053,55.794108293493856],[-124.3573453964784,55.81347772699988],[-124.34509170031733,55.81812938205272],[-124.3290743115638,55.83721922588969],[-124.3465892290448,55.842537241166305],[-124.34815358926241,55.84636016917452],[-124.34468702122041,55.85389848017421],[-124.35705520696847,55.85770959534625],[-124.35666374861785,55.862013248454176],[-124.36512903096909,55.87072300820091],[-124.37588864045699,55.8742375745598],[-124.37492291741319,55.880229105733356],[-124.37050893766828,55.880380168763445],[-124.37041954901042,55.8873204031176],[-124.38464964137425,55.894647582231975],[-124.38668594148199,55.9006059628552],[-124.38166218003396,55.904682622291226],[-124.38300583223538,55.91097375279528],[-124.39699255692892,55.92353315333713],[-124.40183293794169,55.934222482971364],[-124.41868551392109,55.94256931503277],[-124.41556477607755,55.95621906072392],[-124.43608169427033,55.96323840310915],[-124.43889232616884,55.974507079244724],[-124.43275595395971,55.98147783068126],[-124.44067525794384,55.988843936073984],[-124.44965630462472,55.991509353439646],[-124.4508798816978,55.999730153430974],[-128.44820817074026,56.000005116003976],[-128.44189469454543,55.991953165286944],[-128.44630732564968,55.98181686962281],[-128.4622883695729,55.98022834981872],[-128.45715855546962,55.96927396649075],[-128.47560900779456,55.96223460406517],[-128.4593318233866,55.95109452039225],[-128.46757602851702,55.94645818030683],[-128.46068512663805,55.94418191531724],[-128.45104912851238,55.934558169983895],[-128.45593625223512,55.92811349313425],[-128.4416749123903,55.92189781325323],[-128.42412841000493,55.91742625825751],[-128.39761897681038,55.91953979543081],[-128.38181014392993,55.91159638298347],[-128.37696868589575,55.91766000439698],[-128.3795580260929,55.927402106812465],[-128.37616370750808,55.930146427102805],[-128.36805840201052,55.913173891409514],[-128.35989498772426,55.906092272329886],[-128.34502800613956,55.90598914082526],[-128.31989332768876,55.910683017326754],[-128.30224139123973,55.925311211694435],[-128.26005732040417,55.929725454811866],[-128.24755093988935,55.93435702369072],[-128.23659738237893,55.92816662683368],[-128.2147718518186,55.92844777440057],[-128.2108982795623,55.9087749890275],[-128.18098169818944,55.90206225784765],[-128.18791423920607,55.88641060675339],[-128.18204797519738,55.8828904129261],[-128.18646777149485,55.871485201531556],[-128.1766661910834,55.863407983336415],[-128.16588847310663,55.86529125937007],[-128.14793299137435,55.85411608535131],[-128.14202423382812,55.84605993119208],[-128.144099156997,55.842486158997964],[-128.16209925881182,55.83643997845878],[-128.1571706134996,55.827339895248286],[-128.18047626974445,55.82274599606951],[-128.18890217499973,55.825303821177464],[-128.20440278835216,55.81769546057049],[-128.19807031235246,55.807872074253986],[-128.1991581853347,55.79918114476434],[-128.22116513306227,55.80137718559445],[-128.22480841421233,55.79375649966385],[-128.2375678200273,55.786513057632],[-128.23587787367552,55.779703496690786],[-128.2398740247485,55.777269219046936],[-128.24044573601478,55.76627142451223],[-128.22924803674334,55.742395856812266],[-128.20903974886357,55.737939358209076],[-128.18843254648266,55.72887921442535],[-128.17778034640423,55.72052357893553],[-128.15921617615234,55.721341415350615],[-128.149028708883,55.725748149620046],[-128.11971924415516,55.71610160373983],[-128.10085085829755,55.720340002669495],[-128.0950501412259,55.738874942829185],[-128.09859661969332,55.74440427812957],[-128.09871104893082,55.76577413907202],[-128.0880654819099,55.77065073062114],[-128.0815811918119,55.75694416456323],[-128.06935065365857,55.75239523685097],[-128.05753936613257,55.7526007504136],[-128.04929614707135,55.74519688341563],[-128.04980362905818,55.74092058492084],[-128.04280592841366,55.74546998658411],[-128.0257898169738,55.74685486052466],[-128.01596737409184,55.740252902744814],[-128.01027160948973,55.75006458713003],[-128.00314362617792,55.754755472145575],[-127.99499158059889,55.75107178280757],[-127.98513860832814,55.74178133090127],[-127.9888146519714,55.738837320667706],[-127.98533843363066,55.73571753101602],[-127.98534638174368,55.72927175251678],[-127.96438178218953,55.7163098863215],[-127.94693724489437,55.6924966180456],[-127.9401919001669,55.68981767695408],[-127.91975658106925,55.691774254429205],[-127.91029316128952,55.70586551694796],[-127.91276257093008,55.71296434365195],[-127.90960451712182,55.71700498867336],[-127.8994174330917,55.71885709787392],[-127.86811682527666,55.71564321585225],[-127.85653262060669,55.70841000425163],[-127.83240383322202,55.71164260498195],[-127.81614324125785,55.70616718553649],[-127.80396356706551,55.71206085652159],[-127.79661153991678,55.71200701458431],[-127.77955587631592,55.70291949310862],[-127.72988369200185,55.717014321359954],[-127.71227374102132,55.71109276787673],[-127.7007805462383,55.70654651409483],[-127.70044527890106,55.7005581419674],[-127.69482354295216,55.69714663178943],[-127.69843802933458,55.694508113894244],[-127.69603932667144,55.688820328469895],[-127.67416228898564,55.67075223153263],[-127.6752806173004,55.65867373179142],[-127.66655263516542,55.64935922407925],[-127.66823951231729,55.64773004961114],[-127.65711437782431,55.64002730377133],[-127.64931910366796,55.640166392759845],[-127.64074943971569,55.63590206317674],[-127.63579136682363,55.62451516829148],[-127.62470617997424,55.61724715997732],[-127.62043219305667,55.60963256788943],[-127.62302904903456,55.60620196952277],[-127.61485680407965,55.601158382833056],[-127.6033422078992,55.60358892807301],[-127.60081154712734,55.60800849756631],[-127.58941974044585,55.60583794606799],[-127.59574598627644,55.6011656838868],[-127.57964709699911,55.59073561082449],[-127.58344319663874,55.585791998314726],[-127.58226390514723,55.579626578515246],[-127.57431064383869,55.573356569473596],[-127.57250011522085,55.56773685300939],[-127.56088569183916,55.56311671734994],[-127.55294922841178,55.55599572987904],[-127.55556546450985,55.55037100783176],[-127.54658299917718,55.539906179184435],[-127.52861397867967,55.539835489195944],[-127.51235769768275,55.54477058772362],[-127.49582326224623,55.54110883248586],[-127.48538912155736,55.543318831846115],[-127.47127437308828,55.54090982929816],[-127.46446020220354,55.53578602524431],[-127.47201418993261,55.533049641049075],[-127.47295985808398,55.520776493078166],[-127.46286396171824,55.51373934612787],[-127.46229291644097,55.506857254106606],[-127.44219010341331,55.492898208552276],[-127.41381778487109,55.494753693482146],[-127.41787944191155,55.50518612680941],[-127.40058184396312,55.51432578562387],[-127.37973054151375,55.51105905404253],[-127.31366087072627,55.51841719360609],[-127.30443711014256,55.51374238599409],[-127.30810526219443,55.51056676129182],[-127.3058471656658,55.50267185309935],[-127.29768965422873,55.50005431498999],[-127.29564440796125,55.495843859083514],[-127.27761395470262,55.48530125659453],[-127.2720700570117,55.47684709035162],[-127.26371292838485,55.47482154366519],[-127.2509992229261,55.4779019016583],[-127.23130631694016,55.477136606237295],[-127.22600228623953,55.46945663626061],[-127.1955876652525,55.46861655972278],[-127.18378322000986,55.46450249408609],[-127.15579952973137,55.43762205849828],[-127.14328883038021,55.43566528027172],[-127.10451927047642,55.41527413602727],[-127.07384667458685,55.404360268416696],[-127.06500510964568,55.38920230123702],[-127.0696756632315,55.385159791658076],[-127.05452435648495,55.37734897092677],[-127.03812528306527,55.37977518140343],[-127.0354839106151,55.38773383387394],[-126.98783308870446,55.38218725371891],[-126.97290978670006,55.377005349198356],[-126.96763020339816,55.38330804123904],[-126.9267526254807,55.38785751823003],[-126.9249657322987,55.38616842147938],[-126.92809576580314,55.3831746109231],[-126.92039375308158,55.37852287321233],[-126.8950258402455,55.37774706817671],[-126.89167993867447,55.369923756093485],[-126.85285126034061,55.36214710764254],[-126.84945732667656,55.35955577166565],[-126.8503683826132,55.35565297952479],[-126.87020244126667,55.352134441464095],[-126.87239567852869,55.3474519002872],[-126.88052050275574,55.343090094831304],[-126.87552597223265,55.33906955505724],[-126.87115124592485,55.32841138938536],[-126.87674074800711,55.32363412604979],[-126.87605372499783,55.308807755000444],[-126.89333094005984,55.30290125720731],[-126.89910141948442,55.29315571168101],[-126.94347282390216,55.29329401311748],[-126.95131763023315,55.28400947167259],[-126.92127589585004,55.266241478122716],[-126.90847590597842,55.26419819253196],[-126.88512983268366,55.268611519787726],[-126.87276270038868,55.26382259033365],[-126.86922762516338,55.258476854161536],[-126.85573472280056,55.25062745781499],[-126.84713498096959,55.23571726895252],[-126.84790889779288,55.22983461113123],[-126.83610923410674,55.22139455413843],[-126.82306842944138,55.22288325497743],[-126.81268111970093,55.229837182789915],[-126.79056453089505,55.221414921047995],[-126.77325926226634,55.225049736805026],[-126.76198943618841,55.213951813270555],[-126.74215248021059,55.212612401372446],[-126.74933193160264,55.18753525625902],[-126.74356097409462,55.18540614568854],[-126.74394164692272,55.178671761550135],[-126.73905343706403,55.171490194007916],[-126.73996044036916,55.161784346521905],[-126.72082573002751,55.15603079820718],[-126.70905642916276,55.13843495382379],[-126.70051763059011,55.14366731529123],[-126.69508277426924,55.14266574804124],[-126.69620310249124,55.139019538417855],[-126.68955314111406,55.13199523361407],[-126.69200623233161,55.12800079457335],[-126.6840525252928,55.12313072986829],[-126.67359423452193,55.120908941415756],[-126.66846242025841,55.12822658320467],[-126.65934726536278,55.129849541520215],[-126.63931568397248,55.12166662453572],[-126.64417623588609,55.11858866098767],[-126.64776446982619,55.10895203882803],[-126.64572119966421,55.094817970122264],[-126.6500109344567,55.094131797959804],[-126.65642516517258,55.08154115131324],[-126.68517243011478,55.08343949520288],[-126.70656221375647,55.079015359191544],[-126.72731817893852,55.065024620680845],[-126.72346277771952,55.05854058745219],[-126.73192024564241,55.0529816452022],[-126.73903684139317,55.055523057980444],[-126.75114830115788,55.06758259338197],[-126.75452811290054,55.07948009700673],[-126.78497780645891,55.07774284219216],[-126.78912219433168,55.0789177792895],[-126.78926576388129,55.08341469204215],[-126.80702596522926,55.07956520209715],[-126.81869187328255,55.08112306840716],[-126.82030549110922,55.07306227385264],[-126.82874058313531,55.069168174151024],[-126.83907205605269,55.071224627989054],[-126.85085910409857,55.068746740344636],[-126.85498042817497,55.058856186505665],[-126.85977768044016,55.0569931353606],[-126.88086562659981,55.057961368655064],[-126.89640180326698,55.05283782398145],[-126.89426754630449,55.0487561197832],[-126.89737851434835,55.03420370088009],[-126.88918172772708,55.033837072050595],[-126.92590167635406,55.02442550763948],[-126.94321345667274,55.02386851674899],[-126.95079422745765,55.01951424005186],[-126.95022664985909,55.01459403807792],[-126.93278705370892,55.00076038456796],[-127.24598757275075,55.00000532946646],[-127.2459732149087,55.00536532573966],[-127.2774353972198,55.005420352441305],[-127.27744712584148,55.000814652396286],[-127.34388426252582,55.001219259921406],[-127.34400584735587,54.99399596884802],[-127.36916409853174,54.9941368021632],[-127.36906639286353,55.00000531294671],[-127.80000915518656,55.0000052536103],[-127.80001786998446,54.787367174854694]]]}},{"type":"Feature","id":1314,"properties":{"LGL_ADMIN_AREA_ID":18,"ADMIN_AREA_NAME":"Cariboo Regional District","ADMIN_AREA_ABBREVIATION":"CRD","ADMIN_AREA_BOUNDARY_TYPE":"Legal","FEATURE_AREA_SQM":83106925791.9404,"OBJECTID":1314},"geometry":{"type":"Polygon","coordinates":[[[-123.4255070647923,53.484874148094185],[-123.45692277491769,53.48494068298458],[-123.46183977035734,53.49048790342093],[-123.46319614139168,53.488552891000175],[-123.45958325692273,53.486063722490464],[-123.4732543314976,53.48498263575736],[-123.59265845089217,53.48499873633647],[-123.5922734676767,53.487166366685095],[-123.5987463955632,53.4873506647544],[-123.61195417062913,53.48653200654472],[-123.60774248457284,53.48496572189192],[-124.00001721023351,53.48480452307275],[-124.00001692121414,53.457859222430095],[-124.00563226635502,53.45093114028815],[-123.9994574665601,53.44477345200511],[-124.00187379179677,53.439038103329594],[-124.0086441125338,53.436527087493246],[-124.02010181536801,53.43827755891626],[-124.03812616746629,53.43103878364229],[-124.03789016355971,53.4262945301908],[-124.04919773667929,53.42649238008409],[-124.06265274838128,53.43192576917058],[-124.08619839635314,53.43129346665771],[-124.09512867262488,53.42814758824932],[-124.09140073869638,53.4256547286148],[-124.09683490730384,53.42179948968542],[-124.12389104227331,53.42757775070149],[-124.12536985377608,53.43494003163617],[-124.15348289843664,53.43765729035627],[-124.15862754852758,53.43345444086711],[-124.17867543452266,53.43178903279893],[-124.223335673507,53.435568945906745],[-124.21411012027983,53.44357370566653],[-124.22772907423311,53.444018812818],[-124.23651517309779,53.45132243375803],[-124.2457856543275,53.45220096479443],[-124.2526808357716,53.46048596793237],[-124.26167724886314,53.46299222347006],[-124.27189583100389,53.47582955504631],[-124.28046483250165,53.4792868341208],[-124.29099643874001,53.47161445496273],[-124.28247011945389,53.46666323675745],[-124.28035577658083,53.45847860944925],[-124.28940696036884,53.45844419347906],[-124.29571590734943,53.45442059902654],[-124.31598422146719,53.45383047623191],[-124.31316160592802,53.448526806215575],[-124.31840107024088,53.44433794953387],[-124.34429549214933,53.44279081273718],[-124.35018215241976,53.445151571543086],[-124.34990393643743,53.448565721201376],[-124.36399887615072,53.44747270218751],[-124.37135431586827,53.45267730843081],[-124.37769689008006,53.45031799406253],[-124.38291254602662,53.45428802783911],[-124.3657715992205,53.46502089027132],[-124.36299269914227,53.470913747467314],[-124.37462663151464,53.47783120232321],[-124.38287157260541,53.47666332660222],[-124.3887044195193,53.4856241012798],[-124.39997894730212,53.488090508388524],[-124.40607955688651,53.49450628416215],[-124.4135837404822,53.49622464717532],[-124.40476884402473,53.50202989706165],[-124.38371415130835,53.50214266416368],[-124.38327696204232,53.50626088986811],[-124.39013634606545,53.50426655623261],[-124.40073852028713,53.50808914934058],[-124.40984709265464,53.505375116384506],[-124.44042010955197,53.512732550678265],[-124.4605746761591,53.50938959657213],[-124.4627455123836,53.51330944526562],[-124.47017224770786,53.515192031795515],[-124.4658482524602,53.520181371662275],[-124.46739032478325,53.526392179414486],[-124.48994627993001,53.530311291185996],[-124.49738031639495,53.53380124146282],[-124.50003442771671,53.53954323446339],[-124.515939439344,53.54035845574521],[-124.52867598712862,53.53322039968424],[-124.52522628349679,53.5300192313266],[-124.53279794564605,53.51908995853551],[-124.51788573541322,53.50949958605363],[-124.51982810676353,53.504404777468345],[-124.51056485510216,53.50534924948746],[-124.51332634950943,53.49501224791935],[-124.5078053866559,53.49024264091439],[-124.52061894131708,53.48647744108705],[-124.52189650708517,53.47912664664913],[-124.54352248550296,53.472601430887146],[-124.5459469306315,53.475648539065126],[-124.55486287751681,53.474926542762],[-124.56007571338712,53.472440371078925],[-124.55810652068965,53.4713333653841],[-124.56124971153585,53.465017527949854],[-124.55318070087432,53.45980979656517],[-124.53839662407596,53.45988423765184],[-124.53090715382757,53.451979637841966],[-124.51962139418475,53.44858481151973],[-124.518070591335,53.44479191418521],[-124.50689139210029,53.44314253151474],[-124.51110863954003,53.43370404210873],[-124.50275764318054,53.410672961943945],[-124.51752797728616,53.412101299663995],[-124.51835517394524,53.415893435090695],[-124.52458451851534,53.41798957648733],[-124.5208188889816,53.40411251567983],[-124.51481252078545,53.40027934195099],[-124.51635228626546,53.39347754062763],[-124.55356801901729,53.397095362857534],[-124.56808122389762,53.3884731757211],[-124.57623189998696,53.38712223404551],[-124.58548126920556,53.39107213243887],[-124.60791168420509,53.38675364146732],[-124.63076020742986,53.39305423473056],[-124.64770176747719,53.40833216240362],[-124.66759906255454,53.408661222651915],[-124.67454713612842,53.40667609153316],[-124.67559322673256,53.40266988524093],[-124.6869676051251,53.400055446842224],[-124.69001040874855,53.39522975268137],[-124.68648172720366,53.393432715524106],[-124.68802355000886,53.388731151579464],[-124.68485993200049,53.38516188371737],[-124.68837037813437,53.381788985334246],[-124.71224413989377,53.37072480537882],[-124.72194279650824,53.36098888537705],[-124.73292267671471,53.35788119527933],[-124.7368122094762,53.362416575485646],[-124.74646819378174,53.36361816216774],[-124.74774337369935,53.367885760047756],[-124.75907372029609,53.36817877424565],[-124.76936203351399,53.35920238795118],[-124.81240877413818,53.36899889294986],[-124.816330242941,53.37445324094843],[-124.84505872788996,53.38503152818363],[-124.8487621618851,53.39079786867463],[-124.85549555613814,53.39369810397773],[-124.86504698676546,53.394061691683596],[-124.86929275766875,53.399308485327985],[-124.90158220466753,53.397254155814124],[-124.91499970308607,53.40742141339759],[-124.92220021567009,53.4085823128174],[-124.93308360993944,53.403539830792184],[-124.9486372748318,53.41172884894711],[-124.98972220353642,53.41211839514838],[-124.99554862928548,53.40808897083973],[-124.99639340164042,53.40556652884895],[-124.98938800226959,53.40142104625861],[-124.98983649310829,53.39702725743212],[-125.00001704105895,53.395022522395976],[-125.00001686395038,53.00000914948953],[-126.62304790179411,53.00000555361385],[-126.61553147338086,52.995683400046545],[-126.61551315610423,52.98979654530309],[-126.62467035482696,52.98503455949738],[-126.63373545425584,52.974470496071895],[-126.63718273790845,52.9617051182995],[-126.6496255745331,52.94583803693466],[-126.63895315563755,52.93568566860292],[-126.62581018279569,52.93789637628254],[-126.60813211394445,52.93097878092485],[-126.61376370286328,52.92779212538643],[-126.61373392626328,52.92232358390515],[-126.604473385684,52.91492979995366],[-126.5954520654724,52.913325778351506],[-126.58932838083282,52.895538849375676],[-126.590806663235,52.880536632763175],[-126.60662992471725,52.8720158286546],[-126.61360966555982,52.872641913553295],[-126.62271620533146,52.86780727146554],[-126.62375534441216,52.859037161353655],[-126.63345946853781,52.85564236427203],[-126.64239858245342,52.84383232303162],[-126.63173239384648,52.833588137726714],[-126.6166146807923,52.83313456627414],[-126.61806278596339,52.82102273578684],[-126.60583885004326,52.811842802404406],[-126.59939873704035,52.81243399676067],[-126.58264198284289,52.82527678034972],[-126.57864031143114,52.82305710909053],[-126.58309231012713,52.81853207135403],[-126.542182563174,52.81067524215508],[-126.54051102151604,52.80931238365217],[-126.55251679006624,52.799525712083856],[-126.56158451978023,52.79496474095255],[-126.5541380989957,52.790758041584574],[-126.54266116796235,52.78961061315065],[-126.5487526165867,52.78468318900752],[-126.54100952873483,52.77971218185578],[-126.54326926020356,52.779084613033895],[-126.54069125211379,52.77588997657057],[-126.5179523998224,52.770815277909705],[-126.48713356990265,52.7790503330792],[-126.48339931115028,52.78379989354221],[-126.46769276551366,52.78074990778696],[-126.45727069172646,52.78222040536169],[-126.44891504439434,52.78756412000703],[-126.45058823939564,52.79192332542348],[-126.44808251916605,52.79255083269128],[-126.42132577501967,52.790959937779945],[-126.40046505906977,52.80494101031654],[-126.38622872467022,52.81007743272486],[-126.38679959740861,52.81413851085222],[-126.38242210452657,52.81884484877098],[-126.37392378229212,52.8209210557779],[-126.3681706532289,52.828783669451035],[-126.35877167822181,52.82263289023249],[-126.34227286353001,52.82871286188099],[-126.3422536168323,52.74657659602698],[-126.35224970227544,52.73787959302404],[-126.35302388032983,52.71174397738607],[-126.34985451385988,52.70410451079187],[-126.36078201216655,52.704396376156076],[-126.36578370059395,52.697715413957525],[-126.38751823278805,52.688510870360275],[-126.39595336053058,52.6947544340139],[-126.40229806676203,52.69375568564394],[-126.41649146289575,52.683401136486445],[-126.41322776161633,52.66988835222042],[-126.41466063458519,52.66199037608862],[-126.43086669403175,52.65899387137337],[-126.43659759200924,52.65321907943923],[-126.45256730191646,52.65118069547155],[-126.44705398498117,52.644440631886354],[-126.44039463638225,52.64250340976516],[-126.41692157067602,52.624546478114226],[-126.4184303693615,52.61724158604796],[-126.4147217329477,52.612232812314495],[-126.40558002128596,52.61135539056583],[-126.3999853788944,52.59965336817091],[-126.40727183458027,52.59555975506133],[-126.40797875588596,52.590173774701185],[-126.37929659091387,52.57766003750606],[-126.38386823132846,52.56759963244874],[-126.36951408793128,52.55304917327149],[-126.37036967973724,52.546473631319785],[-126.35509575077995,52.53260824404617],[-126.33401866010584,52.5273330111024],[-126.32410013488672,52.518530000498366],[-126.3156310105606,52.52114981095499],[-126.3143863508325,52.537356397611006],[-126.30315666329271,52.547082829474896],[-126.28555180761361,52.54145541290666],[-126.27124396040999,52.54176072383131],[-126.26895595727449,52.54126227774521],[-126.27151637216487,52.53800402362784],[-126.26438213036845,52.5322237492444],[-126.25492682741934,52.53240137565332],[-126.2506639977062,52.5273852885886],[-126.2329564797577,52.51916353934456],[-126.23439424044693,52.510593980005275],[-126.23014846487769,52.507796737521474],[-126.22943483926531,52.50156670208439],[-126.22073907186841,52.49549647434752],[-126.21435941108524,52.495285395228024],[-126.20637925907657,52.49914394349744],[-126.20582790781775,52.50876237066555],[-126.19895887815778,52.503446897475555],[-126.19179062686734,52.506469387350826],[-126.19021303338342,52.516486055351294],[-126.1969756278325,52.52271578394196],[-126.19500583060501,52.526402155039634],[-126.18954964932243,52.529336227510136],[-126.17646963685475,52.5240615679513],[-126.17317179342942,52.527276224778646],[-126.17163604690359,52.538116027600566],[-126.16580007817915,52.54397066627983],[-126.15488227016044,52.544994575801084],[-126.14246728208171,52.55187175271134],[-126.1391093225011,52.56319075015331],[-126.14099397235312,52.56998407006485],[-126.1360121033869,52.57418022729963],[-126.13972532340851,52.58160833998993],[-126.13245876070324,52.58949020303782],[-126.10475169153635,52.587340706769645],[-126.09253916150544,52.59561168997137],[-126.0824618604419,52.5923599837467],[-126.0732055715328,52.58343606394248],[-126.05311488521477,52.581209728944096],[-126.01090437100233,52.60103327554858],[-126.01428908828846,52.60635277550651],[-126.01075302992233,52.61076912693885],[-126.01460798432561,52.61833080603929],[-126.00700316248322,52.62133734657283],[-125.98286718153365,52.61790968608872],[-125.96495948240486,52.60677639955133],[-125.96255236944589,52.61050589196261],[-125.9449037408378,52.61454957636467],[-125.94429907142117,52.62028724581628],[-125.93500367277743,52.61951386851918],[-125.8891909309688,52.62973484078624],[-125.88122037447451,52.63466540259382],[-125.86984397323553,52.63502065773954],[-125.86451742645527,52.62798026888646],[-125.8605411147591,52.63018277022156],[-125.84504898632034,52.62489954232035],[-125.84794922885517,52.61932113769488],[-125.86278421101125,52.61609953644833],[-125.8694441326939,52.609822055070836],[-125.85914103797141,52.593983957006245],[-125.86035226532502,52.581676259839725],[-125.86448083067306,52.57986172688271],[-125.84261807673359,52.57718301748974],[-125.83592809478614,52.581970355200504],[-125.8271461796792,52.57818463138609],[-125.82279020609037,52.568597246307846],[-125.82996276179495,52.559657777627315],[-125.82069054574505,52.55313449871203],[-125.82509250157987,52.55207021089664],[-125.80765976655545,52.549566517829554],[-125.81115720109622,52.54222715714686],[-125.80482898859995,52.53872525140353],[-125.81021592829681,52.52775389258379],[-125.80332548252818,52.521692295078644],[-125.79298995957937,52.52514030260759],[-125.79041972829991,52.521810639442336],[-125.79515514356952,52.51512498219033],[-125.7925805661041,52.511564650275545],[-125.77131999508197,52.50951679810166],[-125.76819261179759,52.50244069522088],[-125.75776613551841,52.493844306901195],[-125.75858216780472,52.48721649441049],[-125.75348537451039,52.48192956701749],[-125.72719901979792,52.480119773355355],[-125.72094724854854,52.486451887237145],[-125.71476337090552,52.48937181675336],[-125.70372136866573,52.48876451789269],[-125.69815861346117,52.49439217239664],[-125.67636013930522,52.49450987149787],[-125.67211278026625,52.50002853665153],[-125.63226318835999,52.50782862874431],[-125.62673071316021,52.51217817093809],[-125.61078302087647,52.510966578017815],[-125.6016038794954,52.51822502576868],[-125.58356548923808,52.519463751918195],[-125.56490605292834,52.52687396276899],[-125.55272693095,52.524435681776325],[-125.54753706867297,52.51981853494056],[-125.53794674504577,52.522060990221654],[-125.5320062407402,52.520363833778056],[-125.53507624475266,52.514626846255794],[-125.52776310668449,52.5130488158457],[-125.51689774240148,52.50355073058991],[-125.51982479083186,52.499735554235215],[-125.50052512375395,52.497912079576565],[-125.50198079653092,52.496071823799106],[-125.4957840109291,52.49233503636819],[-125.49287385664746,52.48418510874932],[-125.48834154068861,52.48472244248842],[-125.47716279505886,52.476861826609046],[-125.45546191063886,52.475149492378115],[-125.45703666491615,52.4698472547586],[-125.46886153576648,52.46986470531427],[-125.4708094955852,52.46296281000478],[-125.48688593686379,52.45674667571857],[-125.48582520168527,52.451593340793266],[-125.49755371237397,52.44444589915905],[-125.50910400477606,52.44760344312279],[-125.52224314140442,52.43810048523366],[-125.53144642700597,52.43762195802679],[-125.53259820785894,52.43589769104515],[-125.52555678357345,52.43163603282338],[-125.52990204692522,52.43044300801252],[-125.51403894838816,52.42908192949419],[-125.51541677985185,52.42572238518304],[-125.51061638217605,52.424514547682215],[-125.5045971630985,52.42924643326929],[-125.49526473420644,52.43059487281013],[-125.49611409970122,52.43911379596961],[-125.47968043896432,52.42701927101244],[-125.47216481865802,52.42739341721935],[-125.46763153516375,52.43156173409212],[-125.4557272403805,52.42417012606475],[-125.43037674852104,52.42738859376695],[-125.42629940160106,52.42233701561962],[-125.41724514438566,52.42281030636677],[-125.41348518978837,52.41908239227334],[-125.4113927662476,52.40900969631755],[-125.39937588312198,52.39708666002874],[-125.36735240717583,52.386745007051005],[-125.36954183046487,52.383994424612375],[-125.3646311527308,52.377200701141476],[-125.35723992409089,52.372841268197114],[-125.35958615038307,52.36540872866711],[-125.35300438242733,52.35986586107585],[-125.35195798736373,52.35012102721446],[-125.34421664920278,52.3470197077916],[-125.34632132458455,52.34307823907651],[-125.37834149970227,52.33061871014414],[-125.39125758945784,52.33211837810009],[-125.38868649688271,52.323874401490166],[-125.40093816334182,52.310605823977816],[-125.40694174264985,52.294707742830084],[-125.42348352708274,52.29109400987282],[-125.4230311999528,52.28782302036337],[-125.4293138544097,52.28475531741442],[-125.43163599540372,52.279202050391305],[-125.44917711837155,52.27831178325052],[-125.45540269081202,52.28060144103322],[-125.45725567652512,52.2870015780632],[-125.46936066933758,52.28683986684321],[-125.4807502449872,52.279708672975886],[-125.48223999453892,52.26675490261726],[-125.48975284166326,52.26324236392683],[-125.49130841428195,52.25869020236827],[-125.486567320704,52.25162803480269],[-125.48827578955654,52.24969156291504],[-125.5050470120073,52.250904414309915],[-125.51530766804291,52.24295235859293],[-125.50738036107323,52.23928120167703],[-125.50774082426616,52.231704639016186],[-125.48847732228208,52.228863199479605],[-125.46416639288226,52.21660090664787],[-125.46105162069081,52.210931599518695],[-125.45244205076777,52.20859297284847],[-125.45001202809135,52.20405689097586],[-125.45269545615986,52.1893383281008],[-125.46942817807125,52.18547796204362],[-125.48255467822433,52.187369600099814],[-125.48656141135014,52.185495617513155],[-125.48669519059287,52.177814963231356],[-125.50326407068526,52.17327671742838],[-125.51977410069348,52.17324677086032],[-125.5259480869416,52.169001934527344],[-125.55277603843193,52.16807337986687],[-125.57488366404259,52.17422640252042],[-125.57701016637063,52.17106239245746],[-125.57252381647513,52.16130110670043],[-125.57561177592214,52.157801371014166],[-125.59607997040058,52.16108547971426],[-125.6093816406469,52.15744539954379],[-125.60926794572433,52.149171334755884],[-125.6255564353025,52.14814615633882],[-125.63104144132409,52.13982516983985],[-125.64414331347055,52.13830990577379],[-125.64538608869009,52.130236178382376],[-125.65999352930406,52.1276121325977],[-125.66948575945445,52.12151895919298],[-125.6596330205348,52.11469310824788],[-125.6551575523835,52.10496252251426],[-125.66259390119737,52.097164489947446],[-125.66069507469382,52.094184681033354],[-125.66599326533101,52.0876507569155],[-125.6649977184713,52.07372480506729],[-125.65196893435586,52.06512158216688],[-125.64009412806125,52.06217179862811],[-125.6478585949483,52.05530654971717],[-125.62772865113867,52.04887761826057],[-125.627808569115,52.04253563794127],[-125.63473215722854,52.03676917521107],[-125.63419313966702,52.030937645710885],[-125.64920805801007,52.02161158996529],[-125.65055297480674,52.01728547571934],[-125.65716588197901,52.01720836163668],[-125.65810817583622,52.0130801555264],[-125.64520446071623,52.008655331447486],[-125.63977325913935,52.00254490818136],[-125.6332968090923,52.006976742609474],[-125.61735141696775,52.007838961870455],[-125.60537149357874,52.00180046570291],[-125.61566294264398,51.998046898266736],[-125.61256066912625,51.99300664026209],[-125.61722471661572,51.98885707788737],[-125.61660655203049,51.982836351074155],[-125.61230936421077,51.97606996303285],[-125.60551633537087,51.977148846074094],[-125.57969078409641,51.96102536572714],[-125.5912885695521,51.9441530478709],[-125.58222754627462,51.93647117756483],[-125.58465062490252,51.932699764665664],[-125.58077945365913,51.924847700804904],[-125.58447095836355,51.92302196426982],[-125.57837019076966,51.914792114378486],[-125.57342425680837,51.913975106940406],[-125.56668978481042,51.918990588530164],[-125.56352214357605,51.91580910292008],[-125.56001337828131,51.91795396373392],[-125.55261758234988,51.915083968015566],[-125.54988576078227,51.923075220804435],[-125.53910207248569,51.928038877986076],[-125.5289040091914,51.93819597415453],[-125.52221282503265,51.936613918090714],[-125.51181564194164,51.92479353852302],[-125.50491618823342,51.92548922949705],[-125.50154393119998,51.91977839787743],[-125.48472426599335,51.92178758635028],[-125.47829431001561,51.91566302076705],[-125.48422419629105,51.91325969509818],[-125.49781004970757,51.89522553783832],[-125.4982587058343,51.88680740326557],[-125.49034328108566,51.88488586493769],[-125.48369714794194,51.87903098167259],[-125.47446331247947,51.86397326649897],[-125.46317246646801,51.86256458413519],[-125.45880271402234,51.85142360875334],[-125.46503892273856,51.840560190731736],[-125.46334803267841,51.83895887630633],[-125.44942746455011,51.83946856534067],[-125.44156959652209,51.83507750392725],[-125.43130386471124,51.84047529452966],[-125.4184228057782,51.84013843668682],[-125.40591011097764,51.83636027756691],[-125.40392819870978,51.83267469041897],[-125.40681429922722,51.827366666166675],[-125.41664079150722,51.82530049230615],[-125.41932321422084,51.81794290542386],[-125.40555259044754,51.813678018942824],[-125.40266002891579,51.80803554994507],[-125.39427214064166,51.80269694245636],[-125.36896701549195,51.79463333532417],[-125.36910809269781,51.78985517151907],[-125.35842417462247,51.785295746897],[-125.35303243863535,51.77419746461476],[-125.3238295579837,51.77312391195375],[-125.31071848036622,51.77665193772751],[-125.28573654900488,51.77059764308544],[-125.27542062498212,51.77257946548527],[-125.24391731114945,51.75743766778522],[-125.23614494068066,51.745895034926754],[-125.24716469068872,51.739956246610085],[-125.24991088510004,51.733583619084996],[-125.2572408666325,51.729672938127976],[-125.26004257684303,51.719582865392425],[-125.24975731565557,51.71108409341407],[-125.22123135300679,51.70373123231748],[-125.23820415773896,51.694640803582615],[-125.23746977257832,51.69060794523103],[-125.23331413589803,51.689374071821156],[-125.23499643389331,51.67770508977707],[-125.24713978244154,51.67112421021709],[-125.2497765716599,51.66800408142666],[-125.24802872972894,51.662108140936986],[-125.2536725943183,51.65588163689289],[-125.2466901946467,51.64577035278074],[-125.22907915978912,51.63968706256893],[-125.22314195866004,51.63147807627049],[-125.23530682374825,51.62352294698622],[-125.25427709375396,51.61843470113477],[-125.25822407771543,51.61190173808377],[-125.26556146405798,51.6079292250675],[-125.26811272703068,51.60167664401299],[-125.28473598711416,51.59735615736631],[-125.28608051839926,51.58713465921093],[-125.28313450080695,51.5812625041944],[-125.28758178994197,51.57365852100814],[-125.27963998639402,51.569702212335066],[-125.25240308267264,51.569886612116285],[-125.24685574829881,51.56694131191957],[-125.24483831716233,51.56114035082591],[-125.24770365461126,51.55799781413857],[-125.26966775715684,51.5468099522371],[-125.26620834120168,51.54459955537142],[-125.2674713069323,51.5406381026549],[-125.26245836474223,51.532326222015875],[-125.25237011653886,51.52630008686763],[-125.24139242698385,51.5247087794906],[-125.24005792470685,51.51661338798938],[-125.24691086032344,51.512085555774846],[-125.28978746638026,51.503970457231006],[-125.28335072914382,51.49455406720137],[-125.28258553459173,51.486160195857856],[-125.29452880433244,51.47430459151148],[-125.33549190773648,51.48347924629323],[-125.33820372725941,51.47379521179093],[-125.31118750163614,51.4584126959785],[-125.32114220810885,51.45177365762682],[-125.3316468667135,51.4525624006322],[-125.33720457285405,51.44222910198234],[-125.3281394959653,51.43442735599361],[-125.32956844306389,51.42876603757904],[-125.33827754628552,51.423043560492545],[-125.34198664758155,51.41521705866854],[-125.34373431704455,51.402429276214676],[-125.3397030283612,51.39290576589219],[-125.30944903142841,51.385455980549146],[-125.2968917398451,51.3864133912602],[-125.29218168863349,51.38190098951593],[-125.2852166377259,51.38258569221236],[-125.26532620976039,51.37561542542683],[-125.2416228305304,51.362099679884814],[-125.23478545303412,51.3478848034895],[-125.21654311898217,51.337990996505056],[-125.21400164380186,51.32994498101007],[-125.20990976155669,51.327645010500355],[-125.19520660710349,51.32706424786217],[-125.18352630900529,51.3211131784759],[-125.17130171644725,51.32119663807182],[-125.16424624254515,51.317159334861124],[-125.14047217923128,51.321506544747415],[-125.13027362006106,51.31503446337728],[-125.09701358324628,51.31573587294625],[-125.0824039042426,51.313119792366365],[-125.05672984250049,51.30434354383188],[-125.05732510943679,51.30029509189101],[-125.0522392114674,51.295090317657376],[-125.03239339184539,51.29286149151378],[-125.01250687773933,51.281019222352086],[-124.99096080657303,51.28684860152418],[-124.98072783113423,51.28430725077168],[-124.97846399010982,51.2779403649875],[-124.97126150366293,51.27642412483543],[-124.94242907271637,51.28477920480012],[-124.93785756825865,51.295642784461535],[-124.9187475947022,51.30561319523083],[-124.90185352736944,51.30335680351463],[-124.88549327269784,51.308404758235724],[-124.88333365268582,51.29876294932409],[-124.87917049496897,51.29716613333579],[-124.8578335637499,51.30636185922145],[-124.84452477923529,51.30101758693476],[-124.8372273051218,51.30627647967298],[-124.82792630914015,51.3072494784282],[-124.8146556378533,51.31711133346425],[-124.81279655049735,51.31169327025071],[-124.81625432983573,51.3096252435055],[-124.80817230179609,51.30413371512842],[-124.77167267763495,51.293950126554726],[-124.77188312093985,51.27668939154084],[-124.75903430820239,51.266505269462634],[-124.7658269527025,51.25859704263774],[-124.76193883702693,51.246871778988975],[-124.77157569854194,51.24086282230568],[-124.76644373720654,51.239540480606145],[-124.76544548831542,51.23554465185974],[-124.75854817883013,51.237076399782765],[-124.75046007019432,51.234004146849855],[-124.71699518429796,51.23189199697077],[-124.71038246142292,51.22649011812425],[-124.70211652512387,51.22475610431069],[-124.69119523219494,51.2091677092609],[-124.67734324581437,51.22095609803192],[-124.67116619110615,51.22077769539334],[-124.66341366602038,51.21759074081469],[-124.65637999468261,51.20660818799943],[-124.62833982441886,51.20594064637752],[-124.62943079052602,51.201968548540364],[-124.61137303208166,51.196572088966576],[-124.61011092713115,51.190203471593165],[-124.58854595727226,51.18590490224702],[-124.57765496446501,51.17948544793215],[-124.56887823282207,51.17916284097126],[-124.56526242160652,51.184396212871455],[-124.54523990123985,51.18589044670197],[-124.53646356838763,51.18197523303903],[-124.53501468877194,51.17449216458294],[-124.51432379678234,51.17042729425928],[-124.50729522576766,51.17290719253564],[-124.49079761331232,51.16880903261549],[-124.48821456046498,51.16233007156858],[-124.4731185613208,51.162851921884375],[-124.46009414323743,51.1698538135386],[-124.45506628899993,51.18533420285627],[-124.44159818469706,51.18966762589663],[-124.40176446507773,51.19602399175442],[-124.39245319860164,51.191797670795495],[-124.37521907115564,51.19424372907242],[-124.3731066897749,51.18571842097149],[-124.37704261810956,51.172463770218975],[-124.37326012866643,51.16546888017348],[-124.37902624254863,51.16052693820327],[-124.37622680451986,51.157766148630046],[-124.38215385146017,51.15203177691734],[-124.37698763601195,51.14537408355399],[-124.33360651169599,51.150058467790934],[-124.32774402851867,51.14235540131902],[-124.31509798865807,51.13853247904073],[-124.3138825509326,51.13046161861902],[-124.29971211112388,51.13349367373591],[-124.29067749912777,51.130821963070154],[-124.28076731396106,51.14077500955328],[-124.27292019965591,51.14300495493741],[-124.25926832578315,51.14443271739684],[-124.24878368302105,51.14111191596147],[-124.24752005656626,51.14431982049211],[-124.25116090327788,51.14919795097364],[-124.24295270863603,51.151812425831736],[-124.23011519887214,51.148983562525736],[-124.21542831348894,51.137857256076785],[-124.1970069902718,51.14003765134001],[-124.18907791836585,51.12797538694453],[-124.17308708916515,51.13083470388534],[-124.16974061872223,51.128488165336975],[-124.17688359122094,51.118260727422985],[-124.17221322940314,51.0938653922339],[-124.17641106595279,51.09096253150364],[-124.19524823055349,51.089630373087076],[-124.19851961458423,51.078451820701346],[-124.20836305495598,51.07453153248412],[-124.23376628474479,51.0738954610751],[-124.23586992809395,51.06754428151435],[-124.22799908039481,51.06513622891571],[-124.23124780285482,51.05525488894307],[-124.21068142626787,51.050685554073475],[-124.18317625714293,51.05898885152788],[-124.17409223077578,51.05884664541572],[-124.16890584459739,51.05235786516562],[-124.14543586539666,51.04544396686876],[-124.15690904969988,51.04195964255847],[-124.15727241560859,51.03765048239612],[-124.15193921477939,51.030991535041174],[-124.14128194768816,51.031986395693394],[-124.13430670168424,51.02141580087234],[-124.12550984528377,51.02143792145475],[-124.10727749204243,51.01003535625738],[-124.08755023805877,51.0115166225891],[-124.08193905920628,51.00317141972859],[-124.08320339798935,50.99748522633983],[-124.09130979892396,50.99380564516651],[-124.09184341337077,50.98307917793717],[-124.07271250470032,50.98420367727378],[-124.06785096709051,50.974880666684165],[-124.0614709049708,50.97500476360002],[-124.05808746727807,50.97007440411384],[-124.06560576067756,50.96501801162335],[-124.06627805206662,50.95540148312036],[-124.06160084974995,50.94342358620643],[-124.06831184253316,50.93756994613315],[-124.05542152230271,50.93622831613058],[-124.04745266972081,50.946625915805605],[-124.04294255995724,50.947161895430774],[-124.0359005190929,50.93583657387284],[-124.02736595862227,50.93669435456697],[-124.02405873393847,50.94444229520014],[-124.01788486488623,50.945203713488716],[-124.01349502524879,50.952442181165466],[-123.99262651969573,50.961793124690494],[-123.97420826065697,50.95757069537905],[-123.95480800470084,50.93791568797976],[-123.94778710666463,50.93545189469127],[-123.92815853579023,50.934116741640494],[-123.92212278100035,50.94218916594635],[-123.91727210739396,50.9437921207116],[-123.90020380288222,50.939056825967064],[-123.88973882210597,50.947143634401336],[-123.87926998668398,50.94851089074708],[-123.87673187510262,50.940218619559964],[-123.86348385308719,50.9373986691909],[-123.85748704720324,50.93007774835517],[-123.84133804191697,50.934405850259864],[-123.8384939170609,50.928985653323885],[-123.84014745573329,50.925196794099605],[-123.82987511859588,50.91013033861427],[-123.831405520721,50.900933758872824],[-123.81033968422156,50.912160045291806],[-123.79016650769778,50.912563101660076],[-123.78472736496974,50.908676925258604],[-123.76619239094492,50.90616713790193],[-123.76462894636073,50.90073373649517],[-123.7711686686931,50.89171588187162],[-123.76650644848203,50.88516083052744],[-123.74164032240179,50.88604888056412],[-123.73340230240937,50.88341607505301],[-123.72497805641818,50.8864313361478],[-123.71960007522178,50.894882884820845],[-123.70941396808519,50.89704454524331],[-123.70104146471047,50.89198620999762],[-123.69905963506629,50.88074908847962],[-123.67708970216549,50.88021312378031],[-123.66967335477649,50.87617916044058],[-123.66512176418505,50.88127713150323],[-123.665610983806,50.896655016724644],[-123.65763987483706,50.90214382186369],[-123.64107089686296,50.90000277518262],[-123.63248357335739,50.89490574489676],[-123.61507899920812,50.89381169212116],[-123.61080212947775,50.895854530169295],[-123.59961840564941,50.9154707261616],[-123.58376905684977,50.93045896877283],[-123.57898230041803,50.93244021454903],[-123.55812963128076,50.92808136303147],[-123.53731223675739,50.93001351323945],[-123.53507109062735,50.93320173601665],[-123.52641281981589,50.933156636250786],[-123.51599838874775,50.93853277815466],[-123.51672230198972,50.94520513062582],[-123.5032223221027,50.962700818214934],[-123.48985931918372,50.96619280392676],[-123.47145521441367,50.9600906023013],[-123.46116639718804,50.964216332810736],[-123.45835693800689,50.972479608484555],[-123.45054584987115,50.980037796489015],[-123.44835882994299,50.99026777920335],[-123.43116911030138,50.982754736123155],[-123.42240521319718,50.984036726913814],[-123.41608387344142,50.971739568675886],[-123.41198785803923,50.97186399824996],[-123.40178702167573,50.98856077469852],[-123.387128821544,50.995741361456865],[-123.38436319445675,51.00556934754026],[-123.3866340926012,51.011084267511286],[-123.37750289464452,51.00148712037008],[-123.36718430331618,50.99642623375649],[-123.36449010055443,50.99085029281393],[-123.32615130471856,50.99341857419685],[-123.32362009337135,50.98983459795985],[-123.3246927423887,50.98246972013842],[-123.31657598022205,50.980174908663514],[-123.29993716527719,50.985998030713624],[-123.29857083088054,50.992134445588626],[-123.2936532023221,50.99561503153201],[-123.24422687736416,51.000168106910365],[-123.24676091009631,51.00801924173703],[-123.25520413407234,51.01413399597745],[-123.25805479808498,51.02689706067736],[-123.25343535283977,51.031076687246006],[-123.2556298836123,51.03625455910695],[-123.25098235337232,51.042784162623626],[-123.23702439366166,51.05250715727071],[-123.23826959766912,51.05605664149565],[-123.22202359316302,51.060234136807544],[-123.22074280155901,51.06496657521071],[-123.21027869141706,51.06737784542534],[-123.2059812174504,51.07236728438855],[-123.18256858259583,51.07129113676129],[-123.18074942681052,51.07695917292712],[-123.16399410742689,51.085976257885775],[-123.15466564958373,51.097265402564894],[-123.15522900710155,51.107704772123626],[-123.15039824314549,51.11128103923665],[-123.15556240794783,51.11435266417965],[-123.15430789474576,51.11849679245127],[-123.14086711992123,51.12760198482401],[-123.13719653007537,51.134723258383836],[-123.10656377146745,51.14002865485879],[-123.0836195067423,51.13014179774352],[-123.0705439500721,51.130734918015534],[-123.07576475689524,51.13927133141037],[-123.06967385319751,51.14134634070725],[-123.05936477589266,51.13930178880854],[-123.04233924688579,51.153454035293024],[-123.05629102060517,51.16235948338084],[-123.05741485201315,51.16907614158198],[-123.05239794293293,51.172189815501696],[-123.05283704744821,51.18092106570719],[-123.06938213756635,51.18512978043514],[-123.07016408874797,51.200685820136584],[-123.06669993310062,51.21030949147604],[-123.05425842633389,51.20954258653958],[-123.03309232791925,51.19922746227346],[-122.99293136064581,51.19854851454781],[-122.97603085860189,51.19394227186225],[-122.94640851986796,51.19283540143509],[-122.92894953207136,51.18357311872357],[-122.91392357843361,51.18254191562765],[-122.90233019312556,51.17559280983858],[-122.88667047386043,51.171795956275744],[-122.878571632464,51.16194131691732],[-122.86373499976392,51.16413707128599],[-122.85717292478935,51.15872489768283],[-122.83315404801182,51.153315732418534],[-122.83493313817694,51.149829256322434],[-122.82342479624423,51.143742656320036],[-122.79295332587641,51.147646293593525],[-122.7778852500344,51.14223126828723],[-122.76665185582199,51.143007714357594],[-122.75276387960584,51.153300333101626],[-122.73089490891303,51.15445903844039],[-122.72267417537432,51.14633178602228],[-122.72382065992691,51.137082420829834],[-122.69597600714191,51.124920669175225],[-122.70348939821996,51.119430661201626],[-122.70234467378133,51.11747042212577],[-122.67361376037782,51.09435231726457],[-122.6686526536152,51.091179033428304],[-122.65756291274943,51.092403014518446],[-122.63828009058584,51.087797796308315],[-122.6161491064428,51.07895063426319],[-122.61577766417341,51.08530405259274],[-122.60645030809029,51.09420948563487],[-122.59788162863167,51.09244379227263],[-122.57932977536832,51.096574978548645],[-122.58300221386402,51.10144202187819],[-122.57916759342939,51.10972126891098],[-122.59867428320791,51.11048225294858],[-122.6096016497278,51.11868032609439],[-122.6132455190697,51.125275829891734],[-122.59619703112216,51.134105644597184],[-122.59489941307689,51.14029687622931],[-122.60209056370367,51.14737754229169],[-122.5984511989006,51.158920225519],[-122.59187855277686,51.1667687304125],[-122.59486593888649,51.17187774079407],[-122.58545628396698,51.17709427216844],[-122.56641387919353,51.17758177448606],[-122.56033473865999,51.18099713607583],[-122.54867422921136,51.19811897162896],[-122.54858011010104,51.20377407208329],[-122.54039277315394,51.21376019627877],[-122.53910845461863,51.220508294846475],[-122.55150760596543,51.23096046179207],[-122.55148263773133,51.23942202583558],[-122.55780284772086,51.24510214672297],[-122.59699143324882,51.2495059227353],[-122.60836371158832,51.24495851354131],[-122.62294465485871,51.24717350143268],[-122.67112763882673,51.275356240849206],[-122.67428134082286,51.28350291542596],[-122.6685281419732,51.28595958780299],[-122.67576584963628,51.29260701749163],[-122.67516478326333,51.30258655441319],[-122.66781814567159,51.30685515080749],[-122.66495216436225,51.31626167926579],[-122.65976225913906,51.319537794090415],[-122.6514325798147,51.318524184647664],[-122.64529630133275,51.33889881302622],[-122.6316467243671,51.3501879328679],[-122.63207051678171,51.35454844491213],[-122.61901842460068,51.360696326636585],[-122.61973759067926,51.36575768178662],[-122.61345149436376,51.37342049387919],[-122.62476488765188,51.37790840200635],[-122.62221874288177,51.38101542821388],[-122.62366821252441,51.385004925249845],[-122.63399625354081,51.39439036551538],[-122.63770318038348,51.40548892263319],[-122.62324292510743,51.417375594992095],[-122.59839288317855,51.42396507270922],[-122.579584721462,51.432882030451225],[-122.55939142990465,51.43545150116725],[-122.55918300311565,51.48765112665304],[-122.46349592424343,51.4872472604509],[-122.45674791474846,51.49456497318453],[-122.44443308610884,51.49918304202146],[-122.44275510402726,51.50342848788323],[-122.43869811362687,51.502797424296546],[-122.43825824990496,51.505762621349895],[-122.40171710042293,51.51683967107492],[-122.36688882138466,51.51642309389109],[-122.32900062964494,51.52420624483096],[-122.31040783754959,51.52123900997545],[-122.28321391197437,51.521890309101195],[-122.28225602374738,51.51599180240998],[-122.27769403814553,51.51529817611108],[-121.88454418385513,51.51808001585348],[-121.88496658527495,51.565414478615494],[-121.62979134355385,51.565416329059154],[-121.62979133821378,51.547970396309275],[-121.52631159854191,51.54797040882505],[-121.52612570971047,51.45130041244312],[-121.5087566343663,51.45147474680298],[-121.50873981054967,51.44785859922101],[-121.4739036139531,51.44788273963195],[-121.47387076852515,51.43684010387438],[-121.42840686145529,51.43765320054174],[-121.42866174075434,51.40131972632724],[-121.42185705047382,51.40122801688874],[-121.42185704237396,51.37626176976537],[-121.30652066309139,51.376280231936114],[-121.30632286163673,51.3737887211251],[-121.2829057603492,51.373675783741845],[-121.26938087332015,51.3858842995889],[-121.2371140625194,51.39914720929755],[-121.21043835382655,51.41592408425356],[-121.15153983371607,51.4358651139465],[-121.11600110245176,51.44133866732275],[-121.09449786563775,51.44015722550662],[-121.09244942141908,51.436572725980966],[-121.05563160811649,51.43670669525858],[-121.04763379283969,51.43169669924725],[-121.03582901999512,51.43122450394883],[-121.00005138925806,51.43147484906415],[-121.00003472783166,51.43870388606436],[-120.96004601331305,51.438600009618774],[-120.95761793049778,51.44415311143287],[-120.81542056741782,51.44166331816946],[-120.7360449218485,51.43590856939838],[-120.63892218763165,51.43580337062136],[-120.62980160082996,51.441217583377245],[-120.63128623792197,51.436380118208724],[-120.5597392801578,51.435811144294085],[-120.55971007420486,51.668661458851275],[-120.55251416043352,51.663071318210115],[-120.54313768604725,51.66985430176109],[-120.54584483118045,51.67355324090569],[-120.5309316713784,51.681619357673064],[-120.5241707167689,51.69089604498913],[-120.50428801670381,51.696428728046364],[-120.49252557206361,51.703957428952094],[-120.47624398087166,51.702097722515184],[-120.4755090828646,51.71035588061962],[-120.46834158533017,51.713781953427855],[-120.46046410096682,51.7126915389447],[-120.44683134001653,51.71702955044745],[-120.40685605769772,51.70360763261177],[-120.3844565198938,51.70448681722709],[-120.37548692295061,51.711652426093806],[-120.37452239430675,51.71380731420329],[-120.3788567130571,51.71568786916899],[-120.37651954025097,51.71935002388716],[-120.37016484382464,51.722920236070706],[-120.3649459540725,51.720391961174215],[-120.35326741962906,51.727956762624274],[-120.34239178640665,51.728931286179815],[-120.33925253560626,51.734787008216486],[-120.34318855451636,51.74744018328418],[-120.35078562542085,51.755688008266205],[-120.38062557978634,51.76249077496769],[-120.37748136547467,51.768725081859785],[-120.36167002943836,51.77463156662196],[-120.35015075779837,51.76858846057753],[-120.32938383044603,51.77316360830437],[-120.3262552185024,51.77900023468563],[-120.31504610782805,51.786591030845244],[-120.31626886449219,51.797012559762244],[-120.32066815876402,51.801178043964725],[-120.31240749617294,51.814129026722945],[-120.31603851885554,51.81700000943133],[-120.3052957594035,51.83236102400827],[-120.28591660466793,51.829492864484095],[-120.2769723788174,51.83434939089737],[-120.2680501925867,51.83185797224104],[-120.25704079511803,51.823363374672255],[-120.24565662493194,51.82298020908947],[-120.23831779411917,51.8278804326789],[-120.24153658305148,51.83268669384912],[-120.24061627009198,51.83895167242252],[-120.23040878776654,51.84156859379889],[-120.22728227183137,51.8447176225955],[-120.22870755632022,51.855075975847164],[-120.22050400801734,51.857157695835234],[-120.22461028621571,51.86728865252478],[-120.22299850865896,51.872775695355834],[-120.23683339219228,51.878650721243],[-120.24261498521392,51.87174443643946],[-120.25195691499624,51.87026635553241],[-120.26111680593503,51.882924214475075],[-120.28013386137842,51.890965168152675],[-120.27270585090288,51.894813247405786],[-120.27433768793108,51.90048603228788],[-120.2514437970113,51.92210836082262],[-120.24461994373644,51.9242000991727],[-120.24401495515816,51.93270305884119],[-120.2354938232017,51.945900288771746],[-120.23770625729861,51.94991840883976],[-120.21457576621629,51.95936494711365],[-120.217748499452,51.963972768752434],[-120.21408974733232,51.968841656146],[-120.20911904491697,51.96893072039142],[-120.20690220949821,51.97647768467331],[-120.22997808874057,51.97847107747056],[-120.2247854626318,51.98762706065223],[-120.22797196004139,51.99868622357659],[-120.2323394621777,51.997799721026006],[-120.23451350694076,52.00152915846052],[-120.24106620992009,52.00254629633237],[-120.24645460252405,52.0100041427098],[-120.2638896764149,52.01273796712161],[-120.26494217334442,52.01841928148121],[-120.28246202421902,52.018357339093626],[-120.29748580950361,52.01424247309706],[-120.31411388359643,52.0225461258306],[-120.31775710988484,52.03514786332476],[-120.3220409114046,52.0359068701787],[-120.32069724393976,52.039625510531465],[-120.32438092053208,52.042680040703104],[-120.32428706543047,52.047233507210194],[-120.3136579027132,52.05510945622537],[-120.30618087098497,52.075353414177094],[-120.29598979769534,52.07831252417874],[-120.29104487524407,52.083160200819556],[-120.29413670731354,52.089880291051],[-120.30494975994003,52.09747564978952],[-120.30945328600401,52.1095006068882],[-120.3170596215419,52.117852869629466],[-120.30907561472792,52.137020187559365],[-120.31003576241301,52.147868900892284],[-120.3182032723411,52.15528951134234],[-120.31555670339395,52.15593972660808],[-120.31669161138582,52.159676744069394],[-120.33320180744442,52.163565718549386],[-120.3403210924782,52.157179567296524],[-120.34736606342867,52.15689665202806],[-120.35455427599013,52.14924020114547],[-120.36132508697213,52.14840672461455],[-120.36590501349146,52.14131969216462],[-120.38033653773894,52.13572689811098],[-120.38738657412033,52.13590437312374],[-120.39711818332755,52.14289343757415],[-120.40692904649639,52.14446263214876],[-120.40177500799167,52.16075837279068],[-120.39619822863183,52.162856600577825],[-120.40193300832952,52.16883755914455],[-120.38661623359917,52.17594623855427],[-120.38867195353502,52.18805562620489],[-120.4004118819417,52.19307706666729],[-120.39209297097011,52.198530968794934],[-120.40432614384675,52.21136400157897],[-120.41706384218317,52.21032868605926],[-120.42878013143823,52.21403995605103],[-120.42514855141332,52.218861854075115],[-120.4335657066412,52.22825699544086],[-120.44192308502681,52.23179566897925],[-120.44191207856817,52.24001806233822],[-120.47076615432971,52.256818172864655],[-120.47389166295979,52.26018146608144],[-120.47279555960117,52.26493713892936],[-120.48924652816363,52.27571985537835],[-120.48673167234936,52.28095403869801],[-120.49598556475115,52.28516146809495],[-120.49106183535656,52.28925648735758],[-120.47994540027089,52.29055741859737],[-120.47972880438493,52.29706849937572],[-120.47368555816499,52.298647927289515],[-120.46584367960628,52.30637043474338],[-120.47439595289579,52.3084421815703],[-120.47838766158786,52.314155931762706],[-120.49753536683286,52.31976277332265],[-120.50766477667477,52.329418605910476],[-120.528204958573,52.327737131810345],[-120.53624177841101,52.335186066834424],[-120.51666158966025,52.344886559865735],[-120.52136138294219,52.34985027613299],[-120.53254011601841,52.3534745440132],[-120.52873936488777,52.363772454833715],[-120.5297920701942,52.370002312701665],[-120.51276542317768,52.39176964028378],[-120.50077062234708,52.39542226359855],[-120.4900184000104,52.40330560224932],[-120.47551095436548,52.40246296801422],[-120.47033112608639,52.40927945524104],[-120.46022283718449,52.41129178418099],[-120.45663635020263,52.42063087955608],[-120.46870270262492,52.42276041260295],[-120.47286317835534,52.430511100011515],[-120.49481696563576,52.43968922659446],[-120.50110922612527,52.44594030437801],[-120.50979935477764,52.447463577032295],[-120.51031910402614,52.451989732327945],[-120.51561385097543,52.45589493992463],[-120.53720337790385,52.4596418993016],[-120.54375599520456,52.46545740044438],[-120.54417359061696,52.471706785631895],[-120.53280941998631,52.478745025435224],[-120.51443596995304,52.49743009037583],[-120.49302864056506,52.501983999682174],[-120.47903682706267,52.4997172275589],[-120.46446455593308,52.5070462897174],[-120.45335360808822,52.50428266912338],[-120.44929647068625,52.50557807879997],[-120.4449564267285,52.51764224273146],[-120.43554189466562,52.52261817866622],[-120.42127804656592,52.52425944591525],[-120.39156463650446,52.534470945910975],[-120.36691450096909,52.52705448182354],[-120.33055461438693,52.559131658536145],[-120.32852900301567,52.56866609858457],[-120.32078878832499,52.573859716990185],[-120.31827444593749,52.570397542024665],[-120.31413762669209,52.571352862618234],[-120.31396912110945,52.578453237825386],[-120.30434112624638,52.58259575780819],[-120.30259252699653,52.59103299864409],[-120.2858319870509,52.58951173895025],[-120.28793355376874,52.60180695269287],[-120.28526027021019,52.61183245686102],[-120.25209202998971,52.61894777505148],[-120.24840018011263,52.62244712148033],[-120.23499848816748,52.62290225047784],[-120.23354838887772,52.63323701670194],[-120.23937300353218,52.63911133148614],[-120.26733636675414,52.646458539860504],[-120.27083945314183,52.650876785017566],[-120.27969506045795,52.653676419239964],[-120.28966814434024,52.65404896643361],[-120.27000154854818,52.66708619392008],[-120.2625512842836,52.68175208349684],[-120.28936512463699,52.705038962826855],[-120.27428939970892,52.70938722233256],[-120.26945009099384,52.71477526135295],[-120.2977680048241,52.72621045181014],[-120.29130098092948,52.73654808685894],[-120.27571212799573,52.74831272248413],[-120.29442569895835,52.75696947388776],[-120.29400619677627,52.770238779505966],[-120.30020850056792,52.77745324007619],[-120.31061885379654,52.780974052361714],[-120.33729213135408,52.778325793493714],[-120.34412983756539,52.78382060933109],[-120.3392544940025,52.78772189810383],[-120.33468991357294,52.78641941112917],[-120.32090223057749,52.791440191097685],[-120.31455662990368,52.80745997758304],[-120.30221203265243,52.814485655626164],[-120.31757791912639,52.81794251179813],[-120.32138451022509,52.82772228288303],[-120.33434569852368,52.8328850770806],[-120.32760664967653,52.843410339947944],[-120.30795832515669,52.859161352431016],[-120.27778027445542,52.86522615849163],[-120.26029410422565,52.85386197269475],[-120.244343627065,52.85590558483328],[-120.22513890187408,52.86514893282504],[-120.21788630181199,52.87465904917218],[-120.21144278370275,52.8766620174461],[-120.17843994117321,52.85776189522481],[-120.17321917068409,52.85820916050282],[-120.15771825575656,52.86406575531707],[-120.15018613586741,52.872074404692405],[-120.14130409341894,52.87505416115986],[-120.14044055537558,52.87986840046166],[-120.16068843633066,52.892566505773566],[-120.16290552224216,52.9006818739384],[-120.16920625312834,52.907393872535174],[-120.16834421689634,52.921944246325374],[-120.16393671055921,52.92449784063138],[-120.16567020833337,52.92671143683946],[-120.17808445992242,52.92225708410469],[-120.1888269396177,52.923687939864855],[-120.20542894349721,52.93308030057823],[-120.21470734897319,52.92795979229792],[-120.21898118315505,52.92120973194974],[-120.23057264056506,52.918448219614135],[-120.26538254738234,52.92663079329642],[-120.2758239004236,52.922966131347266],[-120.30491469690588,52.92077044672343],[-120.33496936502291,52.92578505893467],[-120.3411918072473,52.93498966431417],[-120.35228740681444,52.939057225219436],[-120.35736753184865,52.94698354307306],[-120.36383874667489,52.950022811750415],[-120.36610635250918,52.957293774933866],[-120.37512018772726,52.962997454206416],[-120.388938567749,52.96437103975647],[-120.4158511982011,52.95672084915569],[-120.425777976936,52.96095180536145],[-120.43827560350084,52.97356191447879],[-120.43428952940864,52.983513899073984],[-120.43660978622503,52.989786389576636],[-120.44899006082797,52.99359662530978],[-120.44596244801596,53.00583649160382],[-120.45114101304574,53.00998002035474],[-120.46687810049566,53.00949022313115],[-120.47782033447395,53.01344254296332],[-120.48289356742696,53.04150754314415],[-120.46057869573535,53.06908740885583],[-120.43098972098794,53.066833369644975],[-120.41285007565546,53.07358865543143],[-120.42083069097977,53.08169879629965],[-120.42155072638873,53.08996891801329],[-120.41835929529202,53.09554056834299],[-120.42134445519176,53.107648351191045],[-120.44472566002058,53.116101544094796],[-120.45233867107387,53.11470923214958],[-120.46566302028717,53.11839865195618],[-120.45523049573106,53.128858148932316],[-120.4545223754355,53.13324894805889],[-120.4628914349064,53.140156446691435],[-120.46376475847235,53.148426428052126],[-120.46817096814006,53.14979705231966],[-120.47816497952675,53.16258752405084],[-120.50093178581804,53.16328544681552],[-120.52925244893643,53.16908869859438],[-120.53456429730147,53.17326497811958],[-120.54409868174592,53.17244599614818],[-120.5454696009194,53.18329101611487],[-120.5538611426168,53.18812128401133],[-120.57322559427159,53.190266832444344],[-120.58433669988042,53.18826088370737],[-120.59500308684083,53.19242700316912],[-120.61039166965719,53.200172625831044],[-120.61680207801386,53.20901665208413],[-120.66932437041409,53.22972872513952],[-120.67532021404321,53.2432337207421],[-120.70713046229294,53.26080728331182],[-120.71873485367485,53.26308893950218],[-120.73445696323303,53.26132090906951],[-120.76714980595717,53.250528350570235],[-120.7926948618206,53.25750470613138],[-120.80168427393968,53.267569850191734],[-120.80815017714777,53.26957702647742],[-120.80482923793588,53.279360934567514],[-120.81006547389305,53.28579580844404],[-120.84029840994518,53.280344483902304],[-120.8497393168312,53.286083454266866],[-120.86384445607516,53.28473667215491],[-120.87474047051421,53.28801224980787],[-120.88184955120839,53.29864594182251],[-120.90235257401635,53.297805660042336],[-120.91615586139861,53.306056386585425],[-120.94185460215516,53.29770088855823],[-120.93208903662088,53.290060689761724],[-120.93599018321395,53.28020559832383],[-120.97860716690825,53.27724670154176],[-120.97557937382115,53.28033903001165],[-120.98118778704725,53.2890051638914],[-120.97852888506543,53.2922506659505],[-120.97895458757964,53.30494957635407],[-120.98704796211638,53.30796344520181],[-120.98901088408722,53.31428094917596],[-120.99492146039755,53.31611864248247],[-121.00295642564596,53.325702484581655],[-121.01447769719107,53.32789071677057],[-121.0034094770876,53.34590268872209],[-121.00604019504054,53.354559555476825],[-121.00487418458742,53.36021902455691],[-120.99830578077339,53.36600675232131],[-120.99755882213142,53.376162417005446],[-121.01153667293671,53.39209539471005],[-121.01119284876985,53.398464849332726],[-121.00106431916846,53.40595248758549],[-121.00360319403015,53.42070023817022],[-121.01164609017096,53.427448353045826],[-121.0227291181073,53.427353699082694],[-121.03354237150472,53.42038497854188],[-121.03683418303133,53.414595434693204],[-121.0480074978435,53.410154633886684],[-121.04956324938995,53.40640712310795],[-121.04589290618516,53.39924573662145],[-121.04896791170425,53.39673279295023],[-121.06870462742948,53.39568723559452],[-121.08420952468715,53.38889770843828],[-121.10782256545998,53.39713186143846],[-121.11413198092308,53.39617985053867],[-121.12217246912422,53.40190751529962],[-121.13987881248691,53.394309324324105],[-121.13965707863892,53.38594497555468],[-121.14546806928023,53.382682069650855],[-121.1557774129016,53.382618058506274],[-121.17749077791156,53.392412234377616],[-121.19042495835781,53.38685733056313],[-121.20231713413462,53.374231101923634],[-121.21432100145219,53.373855925304795],[-121.22429734788442,53.376440095006],[-121.24596294047711,53.39147621173224],[-121.25320453849356,53.392511374473465],[-121.25587402807453,53.40058249849166],[-121.26976300089822,53.405694153768295],[-121.27196467384034,53.412080966084204],[-121.28029954282452,53.41317922208791],[-121.2862628822778,53.43841883211815],[-121.28384178413582,53.442830083530225],[-121.5657414473964,53.44332407528186],[-121.57251721948931,53.448719679740016],[-122.33721308240335,53.44880699545679],[-122.35085031033972,53.43836142895976],[-122.32648977162638,53.42364248311387],[-122.3493594810486,53.39600630957498],[-122.34902540048135,53.38537648213326],[-122.34104241188233,53.37948383765474],[-122.3481369751716,53.37244841832468],[-122.61208697359245,53.37245822205919],[-122.61356635403547,53.376077242860944],[-122.63774561864908,53.37614601848954],[-122.63767343489988,53.38572831231799],[-122.64293633260125,53.387002552691875],[-122.66923154628448,53.37940030983753],[-122.67830851814765,53.38547883272364],[-122.70440397945205,53.388721753830914],[-122.73474773236954,53.382268657314754],[-122.76845135778902,53.385957358741265],[-122.83687661422847,53.37367924351601],[-122.85034126874129,53.351347630282795],[-122.87019652361849,53.340794239766204],[-122.88484804232313,53.32525041362197],[-122.88541929050285,53.32005205300149],[-122.87296840959412,53.31177202280284],[-122.88927168164297,53.3039684502379],[-122.89327998395561,53.307863667801904],[-122.89362110436709,53.313940772383724],[-122.89785954207402,53.314836596392105],[-122.91035894111944,53.30669154389929],[-122.91177963015596,53.30018432636563],[-122.93762327208292,53.29527365310283],[-122.94411650198789,53.29714791154921],[-122.94685423968154,53.293608743746475],[-122.95457338947192,53.29885411176046],[-122.96075604613435,53.29602278471097],[-122.965994019178,53.300937722738595],[-122.97282197108461,53.293490536324796],[-122.96854672645208,53.28632106938461],[-122.96939824410217,53.281316389253426],[-122.97246455357674,53.28391842494182],[-122.99219067940871,53.284609158412366],[-123.00302604519898,53.27596563431367],[-123.01244231966879,53.27628465350526],[-123.01457298062546,53.28071679427216],[-123.02207430719561,53.28056297957718],[-123.01755973892928,53.2845265509942],[-123.02296493501116,53.28648342074031],[-123.02337651677112,53.290214844653995],[-123.02958921208777,53.28886753958466],[-123.02708307643545,53.29044129835538],[-123.02875454224541,53.29225858652585],[-123.04147719507637,53.29398472816077],[-123.04692572419073,53.29890110087431],[-123.05503379703576,53.300164369645266],[-123.06201887654414,53.29044129198942],[-123.07670909239539,53.28770680575202],[-123.09928986543423,53.293883596440075],[-123.11138577291614,53.28986162699443],[-123.12750397228596,53.29124310955845],[-123.14413379463245,53.28746610698278],[-123.15180899997016,53.29283822682016],[-123.16873869861328,53.29255907619525],[-123.17188343332464,53.29657249444965],[-123.16537271326294,53.29782010644686],[-123.16723956910728,53.29942518935087],[-123.18927251865034,53.295642491657794],[-123.19845339379759,53.29872305375873],[-123.20872234633663,53.29673485739285],[-123.20834577279486,53.300957633147235],[-123.21471124712612,53.30155152493227],[-123.22002057281334,53.297270352147066],[-123.22948630546134,53.30084512074023],[-123.24194095565544,53.30011022497584],[-123.26106136695175,53.29216028378139],[-123.26574945545276,53.29448602337326],[-123.27453253328709,53.28829497658284],[-123.28242851563958,53.28937595690415],[-123.28373357349389,53.28547361775606],[-123.29217696527253,53.28114402659229],[-123.30171586536949,53.28351391002659],[-123.30305364012565,53.297118259041426],[-123.3043573569766,53.47082825007055],[-123.42553587216877,53.4708162656401],[-123.4255070647923,53.484874148094185]]]}},{"type":"Feature","id":1315,"properties":{"LGL_ADMIN_AREA_ID":35,"ADMIN_AREA_NAME":"Regional District of Fraser-Fort George","ADMIN_AREA_ABBREVIATION":"RDFFG","ADMIN_AREA_BOUNDARY_TYPE":"Legal","FEATURE_AREA_SQM":51895936270.0083,"OBJECTID":1315},"geometry":{"type":"Polygon","coordinates":[[[-122.64584472432271,53.387003376611844],[-122.63766334713125,53.386986161697855],[-122.63774561864908,53.37614601848954],[-122.61356635403547,53.376077242860944],[-122.61359555267366,53.372462580424504],[-122.34816296837381,53.37242065657672],[-122.3410545728227,53.37858799713883],[-122.34955112876364,53.38573891434535],[-122.349175943733,53.3967553844735],[-122.34196357060972,53.40294123335221],[-122.33340054565686,53.41808312975411],[-122.32544855588911,53.42350576763318],[-122.33119010074178,53.423957545135316],[-122.33209881051367,53.42935000928655],[-122.35000472490356,53.43820002322454],[-122.33740674661854,53.448058590165125],[-121.57251721948931,53.448719679740016],[-121.56586288924876,53.443420094329525],[-121.28375094111547,53.443315385689104],[-121.2863154023843,53.43761249315948],[-121.28029954282452,53.41317922208791],[-121.27271981400432,53.41238256841685],[-121.26933377448243,53.40547916501356],[-121.25882738012282,53.402874122069356],[-121.25240292180051,53.39266246346782],[-121.24522175415196,53.39129550694897],[-121.22429734788442,53.376440095006],[-121.21291348832148,53.37392176234383],[-121.20172719534942,53.37439702153625],[-121.19115306459506,53.38639388713417],[-121.17844081197308,53.39258756117797],[-121.16755675690324,53.39002658707224],[-121.1565433401968,53.382485050203016],[-121.14546806928023,53.382682069650855],[-121.13990691683728,53.38573310805826],[-121.14000885464402,53.39408659203712],[-121.12269482540435,53.40184979916496],[-121.11629064345222,53.40043035082582],[-121.11281476466031,53.39580840963149],[-121.1090886498745,53.39741263991158],[-121.08578250136242,53.38895890162432],[-121.0675146426419,53.39605755934594],[-121.04896791170425,53.39673279295023],[-121.04589290618516,53.39924573662145],[-121.04956324938995,53.40640712310795],[-121.0480074978435,53.410154633886684],[-121.03963217223563,53.41199825685638],[-121.02236232888006,53.42779714518235],[-121.0112700646497,53.42744209676152],[-121.00469519903501,53.42223486598966],[-121.00113394976083,53.407568925486906],[-121.01212607039452,53.39762730834091],[-121.01167095878225,53.392727955652205],[-120.99755882213142,53.376162417005446],[-120.9979526593534,53.36637842766864],[-121.0049386564308,53.360876410299596],[-121.0035556148299,53.346204822843994],[-121.01444294344972,53.32824376532293],[-121.00332068276467,53.325834447638734],[-120.98901088408722,53.31428094917596],[-120.98704796211638,53.30796344520181],[-120.97953322087521,53.3053040162708],[-120.97805135942976,53.29632428750345],[-120.98086250940925,53.28699476125204],[-120.97519312847767,53.28092884527089],[-120.97818605291846,53.277799968686246],[-120.9618890360094,53.2768281796191],[-120.9345726028876,53.28087932307413],[-120.93176738263455,53.28864357449879],[-120.94226605762483,53.29653021943848],[-120.93501992523301,53.3014636822663],[-120.91573550709201,53.306058025822985],[-120.90317042188735,53.29812972449783],[-120.88336985506606,53.29946412098849],[-120.87311945875591,53.28738695524289],[-120.85723630546535,53.28367704563084],[-120.84773052943663,53.285951297650186],[-120.84083224074303,53.28017033709407],[-120.81006547389305,53.28579580844404],[-120.8045867819981,53.27736048535643],[-120.80887683379073,53.270030935005686],[-120.80216313472665,53.26794730912364],[-120.7913309795513,53.256913004738465],[-120.76575061119773,53.25052909871836],[-120.73445696323303,53.26132090906951],[-120.71873485367485,53.26308893950218],[-120.70713046229294,53.26080728331182],[-120.67543306165737,53.24364052456782],[-120.66825698004192,53.229150383543924],[-120.61680207801386,53.20901665208413],[-120.61039166965719,53.200172625831044],[-120.59500308684083,53.19242700316912],[-120.58504020893037,53.188173253799285],[-120.57322559427159,53.190266832444344],[-120.5538611426168,53.18812128401133],[-120.5454696009194,53.18329101611487],[-120.54409868174592,53.17244599614818],[-120.53456429730147,53.17326497811958],[-120.52925244893643,53.16908869859438],[-120.49931859277663,53.16278300268692],[-120.47816497952675,53.16258752405084],[-120.46251004394088,53.146793167435824],[-120.46403705654117,53.140762324993716],[-120.45462892153382,53.13422832450522],[-120.45460531607623,53.130076649570604],[-120.46620171584686,53.1197988416133],[-120.46484762045435,53.11783478482834],[-120.44423665909835,53.11597515167578],[-120.42090424010046,53.107292120182734],[-120.41837126566408,53.09509122896418],[-120.42174463838727,53.08950154338772],[-120.42095180024273,53.08092213088383],[-120.41534759383262,53.072522970472775],[-120.42980335230317,53.066951607687486],[-120.46057869573535,53.06908740885583],[-120.47603534850063,53.05385172168472],[-120.48286815767844,53.04219937776215],[-120.47782033447395,53.01344254296332],[-120.46687810049566,53.00949022313115],[-120.45114101304574,53.00998002035474],[-120.44596244801596,53.00583649160382],[-120.44917214216063,52.99432787751045],[-120.43627589750326,52.989525419052065],[-120.43376706860138,52.982441575516354],[-120.43819808719257,52.97288585160124],[-120.42634991838041,52.96135085367507],[-120.4158511982011,52.95672084915569],[-120.38690739567619,52.96441129792788],[-120.37512018772726,52.962997454206416],[-120.36596554281992,52.95765033175732],[-120.36383874667489,52.950022811750415],[-120.35600522585477,52.94651160849141],[-120.3511356063425,52.938149311265086],[-120.34059420084996,52.93456863588452],[-120.33480607461638,52.92559055410098],[-120.30431816783602,52.92079287870981],[-120.26538254738234,52.92663079329642],[-120.23136743648625,52.918323877312766],[-120.21942451976774,52.92053468633572],[-120.21470734897319,52.92795979229792],[-120.20457200149683,52.93352174818471],[-120.18914104410945,52.923841254882966],[-120.17808445992242,52.92225708410469],[-120.16374518833864,52.925960054407355],[-120.16713125764107,52.92337909972589],[-120.17026778321306,52.91019887800219],[-120.16068843633066,52.892566505773566],[-120.14156212189613,52.882351420681736],[-120.14041098062943,52.87650443619151],[-120.13072470726831,52.875007666639505],[-120.11135870805005,52.86402134687115],[-120.10221005954641,52.85506130802748],[-120.10222799423158,52.84466310467706],[-120.09506590396998,52.83902632163545],[-120.08168324691121,52.83517066636327],[-120.07776050033866,52.82980328094183],[-120.06531275631893,52.82364459913656],[-120.04954476946392,52.82374500575256],[-120.04084216118248,52.81680148412408],[-120.04030856298742,52.801215376324166],[-120.02273934704628,52.78183327217963],[-120.02533294075889,52.77287838219902],[-120.01713175957502,52.766559026528576],[-120.0127201438137,52.753738735828186],[-119.99652686485877,52.74367665642264],[-119.96920048516228,52.73480484904628],[-119.96455211075124,52.71914741163612],[-119.9542530114389,52.713801995892396],[-119.93958699295325,52.72163997642693],[-119.9110673931153,52.72042460047318],[-119.9080797876731,52.71489935574495],[-119.89867723149139,52.715954116489435],[-119.8911899611299,52.71164360020341],[-119.88468861535884,52.69861847219345],[-119.88084198509121,52.69715330899105],[-119.87988752663593,52.69067764038829],[-119.87098998902238,52.68662999138886],[-119.8663920353104,52.68551931530191],[-119.85410099126177,52.692497798214056],[-119.84478416653207,52.6917307018222],[-119.82882741551519,52.6845069076646],[-119.8212469431884,52.67593070977949],[-119.81054912369704,52.67118005262476],[-119.77051282865727,52.65979733315777],[-119.7663507783961,52.66224771433227],[-119.76209794082678,52.67238283305887],[-119.7479891028818,52.681403917487785],[-119.71122358914415,52.67581842271985],[-119.70323157082593,52.68359480598206],[-119.66685313933328,52.69909709605387],[-119.61684885176409,52.70466928937832],[-119.61389323729772,52.699364088273036],[-119.61825809756587,52.68991164199572],[-119.61258235229828,52.6806698755797],[-119.60637338804433,52.678192855826595],[-119.60307993943199,52.67066372134398],[-119.58634806222534,52.65903742167033],[-119.57989068431012,52.65787137231539],[-119.57756887318085,52.651672234311064],[-119.5582379888232,52.66170417333838],[-119.54374837058646,52.66457304443861],[-119.54184887984854,52.6532535699135],[-119.53581440483897,52.647181249680585],[-119.53237426496577,52.63310699506484],[-119.52777871089579,52.628936842430605],[-119.5062444024306,52.63130695090642],[-119.49902248953754,52.63865337907409],[-119.49041970240242,52.63813322176369],[-119.46288234147357,52.651196242515],[-119.45027555939129,52.6447705820782],[-119.44371918171517,52.63730469742204],[-119.42629682997782,52.636757733112525],[-119.41816034876082,52.64100357197745],[-119.4160674955441,52.64659739106569],[-119.40018981087034,52.65106856921505],[-119.3849312857163,52.64998103781677],[-119.37729785467165,52.65444066975436],[-119.36458553639329,52.65561030847132],[-119.36127070240295,52.652575208304725],[-119.36173442725456,52.63920487576278],[-119.36518619952976,52.63660923926464],[-119.36730121376604,52.621856048095744],[-119.37722641976788,52.61469736066759],[-119.35472879099675,52.58665119744467],[-119.3281180988664,52.59425526681534],[-119.3079198017223,52.59631328182804],[-119.2951611756314,52.60336822025403],[-119.27671763074581,52.59716024830559],[-119.2474818788766,52.5985870860502],[-119.22170890615344,52.60527889942732],[-119.20115386126115,52.597995833367676],[-119.19495593546648,52.59896512599176],[-119.1892251023965,52.60160690450207],[-119.19489666160202,52.6102808546893],[-119.18512631461205,52.63333362697188],[-119.05386981141854,52.63296704149843],[-119.05437302160361,52.624820952244825],[-119.0441429287449,52.61677973442044],[-119.03879962542642,52.605749342504765],[-119.03963409467893,52.59732788857787],[-119.03591203569879,52.59507813691871],[-119.01881317685438,52.591858242416016],[-119.01409309229703,52.598465463227974],[-119.0034238231258,52.6009193262451],[-118.99958876111755,52.598964067392664],[-118.99518945117303,52.58772600281089],[-118.98965953696204,52.58416952785327],[-118.96837807402584,52.580655959742906],[-118.95873109275492,52.57561292376831],[-118.95256108768368,52.57681180847868],[-118.92829123693025,52.5682721727303],[-118.9269505606706,52.56259944009423],[-118.93625452053055,52.5581077360952],[-118.9379924988857,52.54870820567126],[-118.92625976479144,52.54021001769395],[-118.91577742829743,52.53778764946525],[-118.90760744909278,52.52280502031881],[-118.9096247149853,52.51255818372829],[-118.907438577127,52.50870014847038],[-118.91009821314442,52.50399365639729],[-118.90633181152486,52.49844972365554],[-118.8891470586992,52.49051321622125],[-118.88605201375523,52.47762087576225],[-118.891972643231,52.47234022421073],[-118.92363259548955,52.46378604800551],[-118.93254262357783,52.454235596165525],[-118.93693892101592,52.45335241693006],[-118.93510859494394,52.4471891809381],[-118.94430005698968,52.4346929154162],[-118.93376604213356,52.42967853546984],[-118.93355425737434,52.42345879986756],[-118.92693828538862,52.42318019226254],[-118.92438273536648,52.41988593597219],[-118.93180419006121,52.41228684611327],[-118.92966679666033,52.410556406569945],[-118.93285991212608,52.3981706929013],[-118.94003321349538,52.39012849545585],[-118.93648339314576,52.38021195365388],[-118.93757914951964,52.3740286921024],[-118.92749005700351,52.36392220564301],[-118.92666217536373,52.354422501256764],[-118.91982938985052,52.34924062553533],[-118.90344905052763,52.34322951266682],[-118.86870256614876,52.34238661276264],[-118.8554740634342,52.33484036156334],[-118.84295452205565,52.33454982793149],[-118.8351782469141,52.32934687358328],[-118.80446130988014,52.31994639454277],[-118.79067884081647,52.31135840716259],[-118.78877344719092,52.307238164948444],[-118.8170975881637,52.29768519700128],[-118.82412228025116,52.290383560013915],[-118.83922377485952,52.2884898170655],[-118.84566000287049,52.28212217023219],[-118.84457967107933,52.27623150251558],[-118.88064425650585,52.26316393216002],[-118.88464638421024,52.260087852508185],[-118.89054464706766,52.244761423401044],[-118.89674583356467,52.23964748260846],[-118.87856973635215,52.2401250579255],[-118.83930407944362,52.233423285667214],[-118.84065950196424,52.224770062643636],[-118.83582196363703,52.220727197511],[-118.85075496785439,52.216611457136544],[-118.8522066542374,52.210571164150714],[-118.8418311954602,52.20248811257981],[-118.82872709204759,52.19984157972598],[-118.80665186018817,52.179323793621855],[-118.79852648259123,52.17660058243332],[-118.77730238337234,52.18095460885145],[-118.76277704473361,52.17995770027166],[-118.75242957181611,52.183436825046165],[-118.74228405753712,52.196654052137276],[-118.7363220609927,52.195858772083504],[-118.71927872961213,52.20314186703867],[-118.7063158271911,52.20488161587017],[-118.70007585432509,52.21036167843913],[-118.68092893293239,52.21366917645447],[-118.62137628761414,52.258506689237954],[-118.58162491375266,52.27275340962891],[-118.56195411741729,52.276560916175],[-118.54644554863548,52.28990028853774],[-118.53194819090537,52.28918198484885],[-118.52165660343447,52.28489932815971],[-118.49153473442252,52.2928063774273],[-118.49083263227294,52.298680549811294],[-118.4951625107147,52.3083633482453],[-118.49260201416406,52.3111740288609],[-118.45618540616914,52.321553940458074],[-118.43925308488586,52.32252072727652],[-118.43064242385041,52.33361853314673],[-118.42189867778575,52.33688798332059],[-118.39690065613817,52.33301833782749],[-118.38893812904232,52.334958406468346],[-118.38323813988127,52.347648783280796],[-118.36656124062691,52.354040701019386],[-118.3625962531683,52.36166595484182],[-118.3566527388216,52.36420687750711],[-118.32904945803236,52.36791017404966],[-118.30957390988424,52.36231642535764],[-118.3045169649889,52.35832941168606],[-118.30475214321417,52.34936278627902],[-118.2919951867228,52.34136610814446],[-118.28868337155464,52.335504177282864],[-118.28264436431395,52.34125120968439],[-118.25483476352493,52.34734104954148],[-118.24959378998018,52.35168828010385],[-118.25055442201126,52.359365388796164],[-118.24188348505447,52.36861460292904],[-118.24026908384018,52.37664346524655],[-118.22387305819504,52.380803361282275],[-118.21898488811213,52.38688976176086],[-118.21853561895303,52.39444670037272],[-118.2314521197019,52.40248857736004],[-118.24262572234134,52.404067928620385],[-118.23782930078079,52.42369931925568],[-118.25232334056369,52.440582364223374],[-118.2503955317175,52.450402210170445],[-118.23776081087934,52.45092281735664],[-118.22802298189248,52.45819544793651],[-118.21162757142817,52.46332249602876],[-118.20562306817963,52.47272020896164],[-118.19625159750063,52.477021015610035],[-118.20075302760284,52.48822280888683],[-118.2365884526595,52.48883025324458],[-118.25215162583139,52.49746293273707],[-118.25474430729903,52.502996216149555],[-118.26317684756037,52.504361527968925],[-118.2696595521151,52.514583554440456],[-118.2683632541841,52.51869722809444],[-118.27335058221286,52.522803381500474],[-118.28257663025533,52.52608427026793],[-118.29019490202019,52.5248716318613],[-118.28456832024912,52.533326187464276],[-118.28997851869889,52.539118308012675],[-118.28583918790817,52.543799565186255],[-118.28641512119867,52.55027160592925],[-118.27126438487407,52.560979356319194],[-118.27225530273742,52.56480473237176],[-118.28525804572848,52.571353356419934],[-118.29934368721504,52.57121533625683],[-118.3021550287629,52.57423455415984],[-118.32822469019351,52.5776820710052],[-118.33608928917252,52.587090810893514],[-118.33505561910901,52.594687609930816],[-118.33111548441062,52.596047606460786],[-118.33478449756275,52.6006634780348],[-118.33357244602327,52.60617787839607],[-118.3461528392282,52.607410674582766],[-118.35626880870927,52.61467562507415],[-118.35574677457805,52.62293219449656],[-118.3517106628376,52.62764305513973],[-118.35474360503144,52.63231229683677],[-118.35275699141734,52.63597968735762],[-118.33223405696755,52.640633355670204],[-118.32825423254278,52.650928889337656],[-118.31921907231083,52.65528809080722],[-118.30618446329547,52.65132979734228],[-118.29991560391646,52.653360684785774],[-118.2940768074819,52.66833791802505],[-118.3096371038251,52.67353233820767],[-118.30949357835466,52.67741584871959],[-118.30477183522336,52.679350935254654],[-118.32169450385288,52.685885368012265],[-118.32237890664487,52.68813435331482],[-118.31516601864608,52.68936239985985],[-118.30876025650758,52.695053376850524],[-118.33257322865747,52.70742801340909],[-118.34407112022703,52.70891325200531],[-118.33979191141876,52.72526916232808],[-118.33526896624656,52.73375302979488],[-118.32864325288948,52.737925309683185],[-118.3475561676694,52.74068682321674],[-118.36574988888577,52.75233744747609],[-118.3852817177529,52.75645840570099],[-118.41490432409128,52.76860448689973],[-118.41831226955422,52.773580495636445],[-118.42071630922565,52.78107568477698],[-118.41809599414543,52.78471331957241],[-118.42304988534885,52.79969509599751],[-118.41905929928117,52.805151152772055],[-118.40839049271905,52.80809226855658],[-118.39869641918858,52.82101605402259],[-118.39660092715037,52.83062554275848],[-118.40269641259525,52.83885701645736],[-118.40048664047237,52.84491566853681],[-118.38774427776333,52.84672852564536],[-118.39601322268702,52.849074959839676],[-118.39793841544757,52.85281109148289],[-118.43783986371659,52.849956940541375],[-118.45421921258436,52.85585386045693],[-118.45552992016492,52.86130692367146],[-118.46343286567009,52.868505306734335],[-118.45695324066621,52.87026668170642],[-118.44870779897919,52.88085274514912],[-118.45259825614562,52.88696357974468],[-118.46107651930035,52.88892774619789],[-118.4744832436243,52.89887521061073],[-118.49317490258316,52.90245999162356],[-118.49839928505868,52.90614238582764],[-118.51186068995177,52.90489536259914],[-118.52217634955772,52.89660961145566],[-118.54261856950167,52.907542781529166],[-118.5496989427968,52.90779582825696],[-118.56265382672385,52.90112560373136],[-118.57245235195212,52.8873993656823],[-118.60172686978385,52.8797717258603],[-118.6142962686993,52.880620445805086],[-118.61637632709564,52.89964915199661],[-118.60757416067122,52.90498324836624],[-118.62030016869022,52.91329428885023],[-118.6226619092994,52.91926972759637],[-118.61715514795131,52.93253491645125],[-118.61145587851976,52.93697074733945],[-118.62147166536775,52.94248151841531],[-118.63455245062593,52.94447000587501],[-118.6350696677571,52.948625490533296],[-118.64904849743608,52.953814791739944],[-118.66078195137355,52.96277162744563],[-118.65830408284445,52.967796964379005],[-118.66248157846057,52.975072863312754],[-118.67306329322187,52.97808255943995],[-118.67017390641684,52.9835369667843],[-118.64746691523372,52.99362435055598],[-118.65086307845154,52.99950895029309],[-118.64132500418461,52.99873411063668],[-118.6554943794048,53.0129362402419],[-118.65834962807358,53.02025562808676],[-118.65246412982881,53.026336643994064],[-118.65713550897877,53.034391896078624],[-118.6675453476252,53.04182805354662],[-118.67375538574444,53.0415610170844],[-118.68716618485067,53.03966334994741],[-118.6910354457907,53.03172675908087],[-118.6971595291291,53.03192721274592],[-118.70106037941848,53.03416106146602],[-118.70296446036261,53.046145070664416],[-118.73289587433152,53.05861609415374],[-118.75933231366423,53.043752289407045],[-118.75848376553279,53.03952030688996],[-118.76178677303469,53.03667136551343],[-118.77647434629263,53.04507582938996],[-118.77810836712789,53.04873154346815],[-118.76977981794928,53.05909534894588],[-118.77186069197614,53.062436451307896],[-118.76888436427105,53.07280185621338],[-118.76119801167728,53.077077919793474],[-118.75711191569248,53.08464669707679],[-118.74897695049084,53.08715927410399],[-118.74986088742824,53.09536855388705],[-118.74230392066907,53.098747962688705],[-118.74090745766601,53.10497779323769],[-118.72979385185525,53.114101209188],[-118.73904325466088,53.12072928562158],[-118.77977761325195,53.13292057598005],[-118.78804824367714,53.1452539037606],[-118.78404307760286,53.15111019536115],[-118.79360012888854,53.16186012118056],[-118.80850955008428,53.163055107046155],[-118.8183888461151,53.17079634310737],[-118.82933557202905,53.172457640225275],[-118.83278434607492,53.18038916819754],[-118.82932241384282,53.18378983301676],[-118.83054059640757,53.18752013426964],[-118.84151662252386,53.18358993144388],[-118.8540909347825,53.18549561658485],[-118.87578979343768,53.1986685708034],[-118.87566688927927,53.203900954783734],[-118.92071652998617,53.21174480303912],[-118.92485760796295,53.21414068627478],[-118.92264758355063,53.22030791161853],[-118.92797613965932,53.22735023715404],[-118.94826539296223,53.2370232948591],[-118.95862635274828,53.2347001700685],[-118.98399126128436,53.24018343189438],[-118.98940690378353,53.236680645839215],[-119.01786359779683,53.23245305904551],[-119.02282650578178,53.23004931675519],[-119.02517313849107,53.224108575977546],[-119.02276171835537,53.21867938912353],[-119.00679216079051,53.21462277132861],[-118.99328913350499,53.205094613787594],[-118.99638211601352,53.20249982841296],[-118.99596142244454,53.19425208103582],[-119.00690088330937,53.19056787901346],[-119.01045189863453,53.184346365336445],[-119.0209904822917,53.1785108345309],[-119.01921110063739,53.17312659234817],[-119.02501565320443,53.170700426286324],[-119.0112428655598,53.163507503352456],[-119.0081345540864,53.15047843832293],[-119.00271542489864,53.14686653706871],[-119.00497362304573,53.137061560670496],[-119.02888885089675,53.12423304846526],[-119.0484214550255,53.126008059559965],[-119.04837308514118,53.14279804932858],[-119.05254658930436,53.1476051851304],[-119.08660809577229,53.163326099215304],[-119.12198745055166,53.16021353991838],[-119.13903075284391,53.17281719816277],[-119.14804168579157,53.19112082119887],[-119.1706905445955,53.183697259915384],[-119.20680465523098,53.185398132963186],[-119.22363777854642,53.19482530052053],[-119.22176758307594,53.19919089294025],[-119.21212093837815,53.20192190263742],[-119.20865500584256,53.206703500788066],[-119.21629768621312,53.21756853047569],[-119.22491518703761,53.22294935595024],[-119.23704150090983,53.223072915311064],[-119.23869528891011,53.21801586100833],[-119.24475760154544,53.21672194764921],[-119.26858527403233,53.21885040088499],[-119.28079727056895,53.22720631098645],[-119.2848910860246,53.236773316311805],[-119.30108442903145,53.25637998183395],[-119.32924517221558,53.269832223361455],[-119.34235246755588,53.28343856094906],[-119.3427057616614,53.28572136105365],[-119.33757604178649,53.28623765775757],[-119.33938858094112,53.28795336985122],[-119.33399400297084,53.29185176947287],[-119.3321250307185,53.2984834213108],[-119.34760918319986,53.29950121897399],[-119.35916635897321,53.308487164051726],[-119.35851481238352,53.31228716342484],[-119.34822929828336,53.31617652439918],[-119.34997878279404,53.326517791377064],[-119.35516452920136,53.32990104502928],[-119.35988239412532,53.34178093756685],[-119.37681070544427,53.34835630258391],[-119.40298449604383,53.364833838955],[-119.40948224126791,53.365556935521006],[-119.44253530132089,53.356208247670274],[-119.44524092396905,53.349130649052015],[-119.44791759408317,53.3491656584583],[-119.48286991991202,53.36281708573845],[-119.50327895957155,53.36128785189398],[-119.52201922193736,53.370648767388445],[-119.53504102390978,53.36208269500359],[-119.54673956911908,53.36417128312586],[-119.60655159988848,53.385088427468126],[-119.60987846389409,53.3820814632162],[-119.59718459959399,53.367866646257376],[-119.60801041574919,53.36158461686865],[-119.67677327968688,53.36901206515751],[-119.68114070325274,53.37054147970946],[-119.67898512407099,53.37795410353783],[-119.70071393092714,53.38935424089357],[-119.7130289408783,53.38622146430449],[-119.73005818251319,53.388863232735616],[-119.72995002732566,53.3952604797712],[-119.73581871205762,53.40175138961785],[-119.73450514042463,53.405305319273346],[-119.74595116335769,53.41166140188779],[-119.75179376833427,53.41932570438429],[-119.74862416699702,53.423518982678466],[-119.75977235005077,53.42406604084341],[-119.76566294312191,53.42899977357643],[-119.7586890252803,53.43754875756381],[-119.7724529641299,53.444336400487536],[-119.78110328682956,53.4650771397482],[-119.79167904450739,53.47233552399333],[-119.79427295283296,53.47829637693605],[-119.78213892582329,53.485967936612084],[-119.785382202553,53.49179794652043],[-119.82770695204634,53.505426161799065],[-119.83333301476169,53.50982275230828],[-119.83660353801477,53.517956721985186],[-119.8503841655002,53.51095572826058],[-119.85530346004464,53.502956325716326],[-119.86829455588703,53.499067269254944],[-119.90122266694219,53.51684551428858],[-119.8990863603399,53.533937228795644],[-119.88860906257932,53.536115265117296],[-119.87750490275742,53.544324406571455],[-119.86503507952553,53.546879656521334],[-119.8631461496926,53.554900745669634],[-119.87251454735157,53.56595378588702],[-119.89164556807692,53.57296279050856],[-119.893889347177,53.58295248545069],[-119.9048575457431,53.58813159986556],[-119.90769501606653,53.59631424189111],[-119.93135872918852,53.6088127726864],[-119.90352029435738,53.61978970029208],[-119.88625215013911,53.61557199198389],[-119.88035010965261,53.61869946268769],[-119.85714772898747,53.60635328433367],[-119.83106707946055,53.60915527112975],[-119.81654733635173,53.60186294106273],[-119.80143838426267,53.60373745643769],[-119.79084084224998,53.60114776262165],[-119.78701526992941,53.59400714874293],[-119.78131248569154,53.591231296271154],[-119.75112910160227,53.59042099982236],[-119.73586781765974,53.60519126426269],[-119.71671322045982,53.610604587817896],[-119.7175826855782,53.616622449666544],[-119.72602933502773,53.62606780098364],[-119.7378404457648,53.63125289779525],[-119.74139372431893,53.64555494976093],[-119.73728461673599,53.650228696846966],[-119.73989075666083,53.655835183554785],[-119.73799799497391,53.6616932278172],[-119.77653513456231,53.67933811907853],[-119.78875423516725,53.70182066072321],[-119.80039288918691,53.706245867347796],[-119.80714394154727,53.70665991221408],[-119.83744718167311,53.69463399701792],[-119.84754601845255,53.70181670569737],[-119.84119874261316,53.70973743760911],[-119.85355256895464,53.7154535565428],[-119.90102761600141,53.70841398842328],[-119.91190541336832,53.71141390145007],[-119.91803727779994,53.71810138923687],[-119.90268792937307,53.723482945385285],[-119.89742980409136,53.728665677919],[-119.90576276975696,53.738088953267116],[-119.89144497228692,53.7483084544895],[-119.89373106618548,53.75375618806563],[-119.88725476584258,53.75965818737874],[-119.89452442550811,53.766682106276946],[-119.88956977324396,53.77092293232529],[-119.89101271599063,53.77638204727024],[-119.93548019652063,53.775694353233206],[-119.94249464692247,53.78108422115405],[-119.9511405205149,53.782556029997394],[-119.96170998447147,53.778854325190686],[-119.97403889518529,53.78852990160188],[-119.98220416078911,53.790395079681275],[-119.98609331619218,53.79597211640812],[-119.9837921310097,53.79906871195619],[-119.98922567450303,53.80299463594546],[-119.99790791853539,53.80455102871597],[-120.00115917299347,53.79905189748795],[-120.00972540139355,53.796662311631124],[-120.03213662387111,53.80596758408442],[-120.04310485811403,53.80474307250467],[-120.04195555969616,53.814371932707374],[-120.05098917013422,53.826580615706376],[-120.04727669510234,53.83376358535679],[-120.04852663024433,53.841491334402114],[-120.05906181422013,53.84519407897254],[-120.026146196433,53.858329440602354],[-120.02168993400899,53.866337457459316],[-120.02762800351026,53.87212864099602],[-120.0480450025721,53.881509778380874],[-120.07032035849296,53.90414447356638],[-120.06947395568362,53.91395667630024],[-120.05631752407335,53.91997774472036],[-120.06418708522739,53.92873558772767],[-120.05814433776109,53.936877906484455],[-120.06877884072695,53.94378691093148],[-120.06337562340902,53.96131338129028],[-120.07424328863968,53.97086902311941],[-120.07894389608231,53.97961037435788],[-120.10267942300982,53.98620072833009],[-120.11503148155776,53.97599009004468],[-120.14039352491163,53.972229942345756],[-120.14271858610424,53.9689614719644],[-120.13836850886989,53.9624919491789],[-120.14186171471044,53.957100384225505],[-120.15058781430486,53.95287406067874],[-120.15095604037248,53.94613524982937],[-120.15605206344709,53.942699492210394],[-120.169277041623,53.94060541888908],[-120.19748926790665,53.94458922577446],[-120.19900756963574,53.93833574286983],[-120.20280512588928,53.93616449106634],[-120.2156296737587,53.94128200078704],[-120.22069115986247,53.94820268476133],[-120.20656632868685,53.973275143206884],[-120.22157840509385,53.97442665293606],[-120.23371146213387,53.97913942860799],[-120.24838625596003,53.97565534381733],[-120.26224296838454,53.97972134937201],[-120.26324130757574,53.98372516645571],[-120.25943327824181,53.989520514994965],[-120.26218428878626,54.00385811231619],[-120.25567555985457,54.011381988468614],[-120.25161908157557,54.025207460709055],[-120.23830226082406,54.034666453302926],[-120.23607708541539,54.04057639139268],[-120.23044235244677,54.043478663768745],[-120.20632807545195,54.02974642602849],[-120.19858511508794,54.03337841870411],[-120.19383528618333,54.04447961512788],[-120.1854198234882,54.04308698213342],[-120.17745917666542,54.04605918647992],[-120.17708255984044,54.05468991396253],[-120.16707545088258,54.07273464187839],[-120.17391540648961,54.08898689649777],[-120.18927504462914,54.09095635048263],[-120.18839752270941,54.099177728420706],[-120.18043177220056,54.10880356076677],[-120.18468365514813,54.11785835130751],[-120.20505934622334,54.11255228615902],[-120.23373813279859,54.11114739455665],[-120.25468185912007,54.114663240868296],[-120.26277577954872,54.11208049838199],[-120.28034861888345,54.11860894192353],[-120.31659643539457,54.10997968850556],[-120.32510856088435,54.10301859935777],[-120.33547798139561,54.10640455416375],[-120.34161409337787,54.114835835452624],[-120.37646651814471,54.113904814084556],[-120.39928423409066,54.12437993742315],[-120.40623172330584,54.1240234584738],[-120.4173094696226,54.11659581569245],[-120.43347427347321,54.114541321110536],[-120.45766432885479,54.127336045736186],[-120.46155295194413,54.13249778023206],[-120.47473615026905,54.13587192139215],[-120.5117323672398,54.12855036140939],[-120.53635506450078,54.136399181244315],[-120.53665569590794,54.14036106987061],[-120.54723274183344,54.145854429258584],[-120.55173672061076,54.144786406968706],[-120.55962002823111,54.16045171059492],[-120.58671283140107,54.17801337944002],[-120.5723079253079,54.19281526058687],[-120.57712587035752,54.199295318052805],[-120.56710538203946,54.209342065900806],[-120.5733305764222,54.217825508807614],[-120.57345649366525,54.22378550688834],[-120.58678136636598,54.229875796304874],[-120.57914403064052,54.24211990326348],[-120.58626878214237,54.25127091288409],[-120.58329318069345,54.25892174906051],[-120.5969768616935,54.26926723838443],[-120.59131927986917,54.277433117524886],[-120.608739079705,54.290088262149816],[-120.62734370586908,54.29221791160471],[-120.62565783755112,54.28661994824611],[-120.6337312163314,54.28102914391384],[-120.65364895542511,54.28913682329939],[-120.68129981509897,54.28245301716434],[-120.7019802078809,54.29310739825859],[-120.72146741291805,54.294573036251755],[-120.72943895889392,54.29893661588333],[-120.72965686120267,54.30186537153705],[-120.7079975955642,54.308809194006756],[-120.70162080148091,54.30709661878678],[-120.69035310504538,54.316140781818945],[-120.69292739370592,54.31944436151274],[-120.68484676485585,54.32410801791369],[-120.69648158280863,54.32891558395298],[-120.69398572819766,54.33585891252778],[-120.70158216647278,54.34280612943255],[-120.69986000608904,54.34823405405404],[-120.69172649322991,54.35119113897973],[-120.67767932512058,54.349160551989165],[-120.65927594370882,54.35866566346052],[-120.68231614556841,54.386180513920536],[-120.71279311314825,54.40145799009487],[-120.7357134353367,54.40900983967937],[-120.74648316758064,54.407557277918265],[-120.75485841730976,54.39990141882937],[-120.76542310164243,54.39668442820942],[-120.77629835970345,54.39709202557418],[-120.78544613980134,54.40217744547116],[-120.78931060040038,54.40732432163088],[-120.78602795043636,54.4132391648084],[-120.79599992981605,54.41677767844898],[-120.80661341286229,54.43392496715112],[-120.803352062273,54.44242359531608],[-120.8067706280464,54.45175676118676],[-120.80587558324329,54.46012459474836],[-120.79959524709255,54.46789403319523],[-120.82077872567247,54.46858363503948],[-120.82199250691706,54.47230013094879],[-120.81691755351011,54.485153151738274],[-120.82488503632452,54.49282685901766],[-120.85878971186759,54.485824448398894],[-120.87738340272564,54.488316874314854],[-120.8778029049321,54.48498825755261],[-120.87385148114168,54.48288723336839],[-120.87737475986007,54.481233243242556],[-120.87611285548643,54.477284779344856],[-120.88053014638275,54.472460235200806],[-120.87702215662587,54.461917222390575],[-120.9087707359818,54.45822208454154],[-120.93500405799527,54.45006776205031],[-120.94126337762368,54.45351855814938],[-120.94139590163873,54.45886933574474],[-120.95683696675675,54.46358106534059],[-120.98353545067032,54.46169947153011],[-121.0029003352873,54.46637379350312],[-121.02868257797977,54.46003751998173],[-121.0235948373825,54.453554251315325],[-121.02736020302956,54.45074832100306],[-121.04421636004737,54.45288310544805],[-121.06349531002903,54.46516689625459],[-121.06662092835887,54.46236747244446],[-121.06731165690144,54.45360537436864],[-121.07629438859793,54.45025806439623],[-121.10946920502327,54.46907103677993],[-121.11628486962964,54.46952504534488],[-121.12950723096998,54.48117014407105],[-121.13097303132142,54.49024748714048],[-121.12078023424968,54.50106468501858],[-121.12996347847648,54.50319061740426],[-121.13609665803516,54.511790654123594],[-121.13110763597592,54.521019928936624],[-121.13228568401001,54.52962633088938],[-121.12189224124461,54.54145925251298],[-121.12711568461393,54.548587377719045],[-121.13319185268517,54.55074270833071],[-121.14980379871186,54.55291852689181],[-121.16081738704469,54.54837747069768],[-121.1823748038591,54.54730013220442],[-121.19772114717125,54.54882414027559],[-121.20274286079997,54.553123475333464],[-121.20257967388461,54.54769197365699],[-121.20902116115523,54.544066277443086],[-121.21653601492719,54.54923785944326],[-121.24161310320063,54.54510778869202],[-121.24976113517376,54.54823111288311],[-121.25325658653256,54.55552234494904],[-121.25789050970991,54.54589563164721],[-121.267825727221,54.54348660762033],[-121.26713125709293,54.531298303296666],[-121.26331986485155,54.52569474275277],[-121.26985517708319,54.524226429917555],[-121.27159402966949,54.51720533869077],[-121.28268633965102,54.514933515576026],[-121.29839311183221,54.518191681326584],[-121.31775618576238,54.51530071824172],[-121.31669953090619,54.51891332535039],[-121.32157582837684,54.523330495815266],[-121.34032433356217,54.52642460852916],[-121.35716275375614,54.53887965657613],[-121.39809509205831,54.533100999398016],[-121.40027245121617,54.539954903151994],[-121.40572429472685,54.54382592151477],[-121.40553026264752,54.56623998984482],[-121.42795545212601,54.57004383041127],[-121.44856878438662,54.562008852152644],[-121.4506775641713,54.574511413897895],[-121.44210755598576,54.586784034142724],[-121.4550013601221,54.594762985023394],[-121.45854459713499,54.60058351350187],[-121.45478039510078,54.60959050688676],[-121.48634396576779,54.607757268177465],[-121.49800902790486,54.617271079114964],[-121.49898988703148,54.6230205822969],[-121.49146054760648,54.626081800541435],[-121.50368019384888,54.63210557702295],[-121.5028699993714,54.63700898456885],[-121.50895906906007,54.638713933193934],[-121.51468516726943,54.64590175837911],[-121.52968341509757,54.65197586005622],[-121.5253973658607,54.65347866595214],[-121.52837480645832,54.6688841992574],[-121.51648328559833,54.67137261205747],[-121.5148945531731,54.67618820989912],[-121.52081767436171,54.68438615061157],[-121.49026016693432,54.6951722501043],[-121.48082660967265,54.71051356485372],[-121.48336076730432,54.7184027125532],[-121.47608130304324,54.725562644205375],[-121.50058890430812,54.739537759715745],[-121.50047046663781,54.74942390733448],[-121.49257064479679,54.75294805329412],[-121.52802546241823,54.768895474844044],[-121.5224485330039,54.78931174679777],[-121.5259612308496,54.796784327016965],[-121.54428777822778,54.803084253407015],[-121.56118814857025,54.82091959700402],[-121.58975702208701,54.82429270125177],[-121.60860570804626,54.82948435111968],[-121.62160385685686,54.83830661970624],[-121.64372784544035,54.84278990698329],[-121.64859507191446,54.84575014117225],[-121.64668101464225,54.84947660693723],[-121.64968325406028,54.85472276962538],[-121.66870703916084,54.85699095844638],[-121.68086268445632,54.86211163318552],[-121.68696376094546,54.87046415304412],[-121.69925728545198,54.878757980493155],[-121.70752472974691,54.88121291339793],[-121.71559646277261,54.87863427354889],[-121.73090314142918,54.887057518258906],[-121.73598969880202,54.88034109580767],[-121.74532571590433,54.880985111064696],[-121.74214049443272,54.8676988391039],[-121.74866679279233,54.86521984845474],[-121.7551820163081,54.85756666830566],[-121.7643411418335,54.85545431979797],[-121.76752011982093,54.85008324024091],[-121.77924519696047,54.85117531372956],[-121.78241056239315,54.841638579820895],[-121.79364972232163,54.84560932689673],[-121.79801373130859,54.84375329072204],[-121.8030733767543,54.85275463202469],[-121.81559136073844,54.85879998815955],[-121.83817923014763,54.859587379476444],[-121.84845204591453,54.86429768103094],[-121.85866393546867,54.86205539364377],[-121.87248440073716,54.86810905790724],[-121.87446154585871,54.87178019929773],[-121.87241248436766,54.87639259461868],[-121.8767815540977,54.87857801090828],[-121.87526975940001,54.88249142728464],[-121.85358624466474,54.89622786163919],[-121.86830313970253,54.898202217893065],[-121.8744597523314,54.904401627265145],[-121.87441939056114,54.908519359601534],[-121.8693164140845,54.91305543053376],[-121.85762861504917,54.91488834599159],[-121.84878858685862,54.92756569066165],[-121.86608005541174,54.9355020896881],[-121.87723445315982,54.95307653315514],[-121.89572963610583,54.954549036743934],[-121.90298971191015,54.96198812657019],[-121.91477449999948,54.96522634656761],[-121.92367197780122,54.973564482877386],[-121.92424554564836,54.984187184864666],[-121.9437020350339,54.99263968665273],[-121.93786919973638,54.99964066211183],[-121.94547278187255,55.006574824442424],[-121.96597877592215,55.011568796425955],[-121.97849995445699,55.02290316908517],[-122.01393254825683,55.02980973496972],[-122.0227546898769,55.0362365679589],[-122.02167551424223,55.04242280802169],[-122.0298426429075,55.04639742682476],[-122.02888631664324,55.05034399443177],[-122.03807282377814,55.05303208081091],[-122.03633179034085,55.0571582216656],[-122.05939940861775,55.06695842058463],[-122.06876645188115,55.06699347343858],[-122.09087980501162,55.08600767190639],[-122.10178003621547,55.09084249341366],[-122.10730473582406,55.09972397991072],[-122.12695754756629,55.10188840140878],[-122.1276718369574,55.09787649288014],[-122.13863928623867,55.09289505745508],[-122.17312238800444,55.09923291930406],[-122.1736962635635,55.1101585203523],[-122.18111308130669,55.11840833552187],[-122.17787808132039,55.12111347653393],[-122.1791647075978,55.12515111812795],[-122.19220274481115,55.137616701709156],[-122.22379902136451,55.1359468271589],[-122.23478344115114,55.1398355423635],[-122.2483369162129,55.13236224608029],[-122.26489548518015,55.13175930033218],[-122.26631576009042,55.13556314846423],[-122.29065060160373,55.14948741959439],[-122.28035300866632,55.155713577525304],[-122.29234352658857,55.16810415230425],[-122.29671876802861,55.168372099306175],[-122.2885997771838,55.17733836301918],[-122.2891408690507,55.181442311262984],[-122.27934027799489,55.189827010225216],[-122.25147180580441,55.191134928540045],[-122.24770311907643,55.19273828003723],[-122.24898678749365,55.19482903792603],[-122.26454405081397,55.198346650065126],[-122.26877951698096,55.208891163764285],[-122.28404290816833,55.21692362931013],[-122.30552573383609,55.22225087589004],[-122.31485442920587,55.22125221601712],[-122.33187454314037,55.22693008653451],[-122.33262537762306,55.23018424161343],[-122.32662057033976,55.232787231822286],[-122.32783170131518,55.23690962732915],[-122.3343150287065,55.23853573762578],[-122.33844364676654,55.246247435134705],[-122.34540286232443,55.247749713846765],[-122.34955414056056,55.25479716440797],[-122.36125780113903,55.25566072927438],[-122.35938248257426,55.261393108146486],[-122.3731425807762,55.26925958569009],[-122.3876017463413,55.283877612070114],[-122.40369132369669,55.28990607416408],[-122.40561621744752,55.29948571006323],[-122.4196536632363,55.308221835532855],[-122.42724876958945,55.30883279714431],[-122.43372474909313,55.31502746033224],[-122.46209280817656,55.309919754444294],[-122.48597676312731,55.31519856740821],[-122.49577866472985,55.326274301768656],[-122.51179788243448,55.33219826636609],[-122.51482862747142,55.33572686553205],[-122.5144836334175,55.34460070353472],[-122.52031487156259,55.35050657589846],[-122.52867510504045,55.349913068508634],[-122.54812238361045,55.36586176293358],[-122.56016729085194,55.36710381327252],[-122.55750112162754,55.37038805268157],[-122.55910963562255,55.37425283592382],[-122.5664327388145,55.37847546531151],[-122.5700407887592,55.390181914127425],[-122.60006064604563,55.41022349425093],[-122.6059043104316,55.4084872105255],[-122.61095455852015,55.3992209447824],[-122.64222025554294,55.38331250843991],[-122.64690273493761,55.369727418156664],[-122.65218087976962,55.365990423167176],[-122.64771747480599,55.35971343680424],[-122.6526563747433,55.34692258385021],[-122.65906172213387,55.341669851666246],[-122.67653331534846,55.3356538060914],[-122.68188437019555,55.3380790924619],[-122.69498819156367,55.33705814810246],[-122.70695855159536,55.3456929836037],[-122.72595146432123,55.34232238408887],[-122.7414762567212,55.34566004363906],[-122.75599276121206,55.35410670746455],[-122.75252178166308,55.36159598147604],[-122.75599903818689,55.36562367219725],[-122.76449951625759,55.36938745883557],[-122.77296083682958,55.36863566826935],[-122.79176817328673,55.3805944187094],[-122.80047692578596,55.38017861429976],[-122.81499233213735,55.385609932034754],[-122.84163546916572,55.377526107954786],[-122.85124354193091,55.377775807030375],[-122.85476496163498,55.381008958544754],[-122.84644823810098,55.38625552739364],[-122.84833889875038,55.39542346032931],[-122.88068091232344,55.39993124256079],[-122.88330196914718,55.40354007961182],[-122.88166281147328,55.40776684258212],[-122.86919126097132,55.41258851027404],[-122.88969500110561,55.417686699361624],[-122.8891251434397,55.42185859276477],[-122.89158260550221,55.42255270494485],[-122.89553801696147,55.417100764316594],[-122.9197338636868,55.41097372754841],[-122.94879802607464,55.40927305662102],[-122.95961460780762,55.40283826699736],[-122.97032362525256,55.4041422797572],[-122.98714919513563,55.39793400487303],[-122.99393768892,55.40389113881036],[-122.98383951461491,55.42172804715152],[-123.0072929165431,55.43624094519812],[-123.00167716035453,55.43989835849926],[-123.00542388070913,55.44484041572605],[-123.00090279214777,55.445990716831034],[-122.99677626691266,55.452207819919835],[-123.0004602915319,55.45712805343488],[-122.99794397131254,55.46294081756045],[-122.98037897531893,55.46539835358279],[-122.96770836981496,55.46110048906838],[-122.94430571726072,55.45904532701865],[-122.93236844691435,55.461915744465],[-122.93338995213526,55.47097092667683],[-122.95932618185329,55.485459281828554],[-122.95568306314193,55.494865042100514],[-122.96474410764993,55.50038220029354],[-122.94647237765398,55.509493041342466],[-122.9443292443469,55.52090986882507],[-122.94023930943509,55.52327116546103],[-122.94238893211416,55.52999944139079],[-122.94662746650748,55.53139713345361],[-122.9432336878216,55.53377680468181],[-122.94380334439602,55.53799132264032],[-122.95608315289068,55.547799650174696],[-122.94558932374342,55.557854323781],[-122.93031862483434,55.566017496346326],[-122.95758642228462,55.584389475163476],[-122.96755993652938,55.58352348117098],[-122.9750966779259,55.57632724730906],[-123.00364122958783,55.56093043574345],[-123.04040873885572,55.55980761330555],[-123.04570122293444,55.566489043889625],[-123.06947735827264,55.57925535742844],[-123.0733891020818,55.58444374218317],[-123.07845043568763,55.584785051235],[-123.06887938891258,55.591044752565836],[-123.07865896300093,55.607966618896754],[-123.07500883023549,55.6185548369175],[-123.07632385024314,55.62525721817787],[-123.11908370683747,55.63064641566956],[-123.12561373941722,55.62913432958785],[-123.1382044513666,55.63555740398316],[-123.13924749499547,55.639524812138916],[-123.15030926815001,55.64079368997988],[-123.14525813296011,55.6543888048518],[-123.13240498928629,55.66022592557604],[-123.12956647606276,55.665449496950494],[-123.12885243760549,55.67714030505919],[-123.13702267940582,55.68178690484012],[-123.12543741385123,55.6932427079124],[-123.14175876849716,55.70778229248599],[-123.14323113160593,55.7139096114571],[-123.13781847526175,55.724166106541276],[-123.14776450126733,55.73423611689179],[-123.16949051059655,55.741821649091975],[-123.18998506087878,55.73757754887607],[-123.19956443483149,55.72972713167491],[-123.19924723742415,55.725460592246826],[-123.1921634070928,55.720645735877596],[-123.19382417203974,55.71847465674432],[-123.20540654760418,55.71829709585442],[-123.22096194797173,55.71227684943218],[-123.23890501761876,55.71323165843787],[-123.24615375891337,55.705879260856754],[-123.26376994242838,55.69854653517345],[-123.30856056989484,55.711264368996545],[-123.32933134473124,55.71264211834429],[-123.33333724787637,55.72452200738182],[-123.34593289173576,55.72896890381123],[-123.3439046325601,55.733109881848605],[-123.35014961320994,55.74229328519319],[-123.33476440918713,55.744321926318165],[-123.31806030826085,55.75086271831589],[-123.31229620553641,55.75635457256685],[-123.31108254128925,55.76291196641088],[-123.31644045491294,55.77118176803929],[-123.30897620000138,55.77466110677961],[-123.318010772847,55.787852471326],[-123.3166697721273,55.79750015133702],[-123.34222813223018,55.810837744925266],[-123.33958491091589,55.824298015344425],[-123.35155356018002,55.831678230069585],[-123.36567391154641,55.83021440897106],[-123.38413364125788,55.83452200347332],[-123.37409103713573,55.84744977114449],[-123.36321515581082,55.852451186651464],[-123.36726830935334,55.86048991818009],[-123.37389257756685,55.86263841015551],[-123.3873429638998,55.85970058270826],[-123.39227657656019,55.867855519056384],[-123.40738042998741,55.86544334794661],[-123.42360706026085,55.87273549730795],[-123.4318292779948,55.87918826658949],[-123.43107678374642,55.882922766640476],[-123.43418557985528,55.88535082746647],[-123.46139523572238,55.884163667367595],[-123.48816362246339,55.8762492732446],[-123.5114588723716,55.88211691749076],[-123.52323366121132,55.87714052589009],[-123.52476225343581,55.86814973966366],[-123.53337212302836,55.86519251799173],[-123.56914380607076,55.86889599882717],[-123.57929179501997,55.87251466748248],[-123.58279171266761,55.88104616035998],[-123.59527140359488,55.884568591043646],[-123.60436548744262,55.88236183157571],[-123.62980788113498,55.89180966175856],[-123.63684689738925,55.89007523282345],[-123.65660882160566,55.90162439441223],[-123.6678206652382,55.91353353624768],[-123.68456369004326,55.914013684502486],[-123.68562200754349,55.917775635827965],[-123.68132063917307,55.92188482248757],[-123.68422184102307,55.93225074268893],[-123.67875309860149,55.94039369385164],[-123.69526949695198,55.94425114184248],[-123.7023457057574,55.95570716782239],[-123.7136542143988,55.96128494664436],[-123.71976447733186,55.96944397837516],[-123.73071981743698,55.96755551092077],[-123.73445363351969,55.96168390801369],[-123.74999920518715,55.9579332819407],[-123.7587452990986,55.961249235848555],[-123.76671927185808,55.95757582633162],[-123.76462016116194,55.95536350567009],[-123.76977704807543,55.955530078931005],[-123.77233370785285,55.959433674718184],[-123.7872255018846,55.96437722245253],[-123.78719384451831,55.969130656124],[-123.79790263357818,55.970993645732776],[-123.80772316394753,55.9852013548761],[-123.80368632781183,55.99029244843884],[-123.80749847080124,55.993195934629796],[-123.81382579074888,55.99224744334741],[-123.93199384353625,55.92029086231212],[-123.92577941175591,55.91821554266062],[-123.92564720316265,55.909682299631605],[-123.92923362471757,55.90653731969062],[-123.92769193524366,55.8861787325753],[-123.90546892159179,55.874652994374905],[-123.90825475067365,55.86413035536706],[-123.89491488668484,55.85465446064944],[-123.89223459384802,55.845742265487075],[-123.88267087043896,55.84297479444043],[-123.8766289158688,55.836508445023476],[-123.87278014068426,55.838063348687434],[-123.86849010120679,55.835357100865956],[-123.86962192252905,55.83169796913777],[-123.86662668858214,55.82838845597634],[-123.87339268682298,55.82114315234028],[-123.86172892072118,55.798841293060356],[-123.85489091677509,55.79665758644878],[-123.84336677509306,55.801390705643044],[-123.83130300202654,55.797735841777566],[-123.82470139334708,55.80027329129834],[-123.8239102151665,55.796801175762184],[-123.82862824902894,55.79188131267654],[-123.82225768479594,55.784148540905214],[-123.82313177643606,55.76594083366879],[-123.81725113796863,55.768762617235346],[-123.81427743530139,55.76578414846903],[-123.81489664360069,55.759301409264175],[-123.80486298048328,55.76112871146349],[-123.79661711113661,55.75532380221556],[-123.79436563756808,55.73627086500766],[-123.79005115296135,55.73292905867262],[-123.79653470405401,55.725474031895345],[-123.79463635568611,55.723464551429906],[-123.79712040294889,55.71670920152644],[-123.8037300758878,55.715937288545454],[-123.80345081491231,55.7032792760812],[-123.81669908676486,55.70217650446858],[-123.82034759212878,55.67479061459134],[-123.84780931574936,55.6743933678938],[-123.85872879869278,55.660066988639706],[-123.87513735913059,55.66280458403461],[-123.87505585496542,55.65899317933068],[-123.88067842348435,55.65384901112185],[-123.90308850642835,55.65251798967592],[-123.924319691433,55.64183145617952],[-123.95013873511759,55.63683775733006],[-123.95876217704497,55.62769288475981],[-123.97437904586297,55.62040503079018],[-123.97519455142884,55.615515169587916],[-123.97915264982676,55.613151272378595],[-123.97651979207279,55.60942510612207],[-123.96919013556563,55.60946826397484],[-123.95812925924872,55.60391796910946],[-123.96256805703693,55.59029339122854],[-123.9535272256014,55.58338490333177],[-123.93979366834117,55.57924355662581],[-123.93590936070028,55.5706616900013],[-123.93954109185843,55.56062048830791],[-123.91851399943762,55.539421091270555],[-123.91726847641743,55.53137392977941],[-123.90472057300833,55.52056516086247],[-123.90141964662043,55.51220251767368],[-123.88577099491053,55.50266865183736],[-123.88925744136785,55.50001046263456],[-123.88603254249416,55.48877728343823],[-123.89655417778437,55.48880553381472],[-123.90248292507844,55.48553697239877],[-123.88926397602461,55.46938582207289],[-123.8955038216298,55.463893753532446],[-123.89378379242446,55.46010618498954],[-123.89848321799045,55.450705232874],[-123.90796203229749,55.43536977748971],[-123.9249920482465,55.42835380701705],[-123.92455232038239,55.425990762047306],[-123.9189609593201,55.42200706513973],[-123.90514981960752,55.419836524303534],[-123.90592504636983,55.415742062802266],[-123.88784130387255,55.40676264621096],[-123.88048705665145,55.406063956881304],[-123.88216616333006,55.40046044001727],[-123.87601908082642,55.397565145016884],[-123.87516545784311,55.388944488724185],[-123.88186064649973,55.38287562540103],[-123.87763170608189,55.381106808275014],[-123.87656936739579,55.375811550735165],[-123.84601488758625,55.37373829513489],[-123.84512262566706,55.367660804351345],[-123.85045975056697,55.36123458335608],[-123.85757392145284,55.359994704023656],[-123.8570443681394,55.3542242503289],[-123.86293297023838,55.34577167597983],[-123.85561420566292,55.33544399688209],[-123.84471491920691,55.33962654252023],[-123.82943651556653,55.340024742964424],[-123.81491065761475,55.338606788741835],[-123.80188524476776,55.332240834819096],[-123.79657835522886,55.33329998125383],[-123.7964629460883,55.32990393540494],[-123.79022771309481,55.32628701490249],[-123.7912281345746,55.320331651463846],[-123.78570982512556,55.313202223239394],[-123.78603368483327,55.30311156687385],[-123.77381072252726,55.29748333415967],[-123.765663106073,55.298864646406756],[-123.74876146452924,55.292284651664694],[-123.73838100175146,55.29364986042455],[-123.72913667805737,55.28801710090995],[-123.7005195011543,55.296191330552325],[-123.68410269980795,55.294010867163166],[-123.66846494933478,55.29861751587953],[-123.66362381890947,55.295543678173985],[-123.66133832643105,55.30269010905936],[-123.64024592964452,55.31471014322277],[-123.61843661238186,55.30748080751729],[-123.59087998992358,55.31396340856755],[-123.58553364786613,55.31861499935616],[-123.57082972268641,55.31265191598608],[-123.55235606074682,55.314722765800965],[-123.547871940433,55.316336490266316],[-123.54109005229331,55.326028749091456],[-123.52963967475256,55.3304261787051],[-123.51300163343296,55.32977827295791],[-123.50809984456346,55.323643301245625],[-123.49247646109956,55.325765082303064],[-123.49383771109952,55.3148235438465],[-123.48208895066657,55.30547003716005],[-123.4738054899749,55.30479953384544],[-123.47064970240748,55.29489110158543],[-123.4496900206222,55.28853902824854],[-123.45421595003828,55.28224099225566],[-123.4520412688699,55.27651592846656],[-123.45845425941586,55.26749691182546],[-123.45126475864258,55.26495367157345],[-123.44993967648016,55.259099604524714],[-123.4403245496419,55.25897291061703],[-123.43445129506736,55.254249274217884],[-123.43533616381063,55.2502832360096],[-123.41624013611029,55.23535196633591],[-123.41593319239753,55.22854150556973],[-123.42314390696195,55.217425362632724],[-123.41335802885384,55.19802118399074],[-123.4132739824782,55.189903922297994],[-123.39381069622429,55.17694128791133],[-123.3925687038704,55.17092750931395],[-123.39458259894431,55.1650080616853],[-123.410964274472,55.16134147207754],[-123.41928048700865,55.15411215917686],[-123.41430590210899,55.14074368356811],[-123.40714922458503,55.13505142514098],[-123.4224165311142,55.12515047533022],[-123.39616349547495,55.105945005613776],[-123.40362835572917,55.09597061605234],[-123.42451259386964,55.08587783309443],[-123.4196347753411,55.0765309188741],[-123.42555196471912,55.068185990729006],[-123.42180564608196,55.05310783361696],[-123.42422030535829,55.043286260650234],[-123.42866840402263,55.03857476035212],[-123.4509920616461,55.036352333646725],[-123.48359712588994,55.01832009002861],[-123.51616091618192,55.02044794561358],[-123.52527296636733,55.00798058363321],[-123.52790248356077,55.00104058439017],[-123.52519248645359,54.99823052921776],[-123.53782171745493,54.98992869081039],[-123.5495723139472,54.97602485010658],[-123.54637515882071,54.970305800794435],[-123.55364270244361,54.95958785066286],[-123.56820295115685,54.957357905372845],[-123.57934643797768,54.95147000125063],[-123.57952024544778,54.94558291546905],[-123.58460209619003,54.94458103649522],[-123.59320071268651,54.949069660684486],[-123.60845734897451,54.94843310750926],[-123.61770277836928,54.952672140177995],[-123.62469866104047,54.96087117848594],[-123.64297349643512,54.94697638075601],[-123.64491518647361,54.933464075051305],[-123.66447863436474,54.9236160958314],[-123.69975515536255,54.92475117028372],[-123.69957338483066,54.9273643732229],[-123.71157417324812,54.93535583558284],[-123.71312467471569,54.945064420307816],[-123.73022018524676,54.94710778045361],[-123.73387845287819,54.95566211191764],[-123.7483462398423,54.95335520053295],[-123.75139626390772,54.956603580702605],[-123.7501469157465,54.9607931242251],[-123.76045755258377,54.96342211504882],[-123.76442267878745,54.97482838593586],[-123.76103494007663,54.97744080122271],[-123.7638161432627,54.980736481042996],[-123.76831672225401,54.980574329562025],[-123.79331316663469,54.99610271682998],[-123.80949392825067,54.995682591951116],[-123.81833343669568,54.99870590801439],[-123.81354133109198,55.002921864022795],[-123.81792733776979,55.01776149046685],[-123.81665148497513,55.02809077749781],[-123.81195284586927,55.03306889126435],[-123.81737631955039,55.03936420131044],[-123.82658941154999,55.033431691702916],[-123.83438000061369,55.038641743165144],[-123.83114527255837,55.04389712043802],[-123.83547787494535,55.04653151414239],[-123.85912495417848,55.04862358846681],[-123.86902359262847,55.04217376596655],[-123.89543483834476,55.03420882962538],[-123.89838949344008,55.02500258942394],[-123.9548580586451,55.00995608172979],[-123.97129019731132,55.013511636901946],[-123.9784710761394,55.01169567612715],[-123.98404929569395,55.01853462294195],[-123.99327087546197,55.02073437451557],[-123.9992964734454,55.031777819188385],[-124.00030660382491,54.890828263460605],[-123.99688525922818,54.88774386716724],[-123.9987853163901,54.88374499792181],[-124.00737211997117,54.8797601982433],[-124.00583020618815,54.875286967378194],[-124.01876599830227,54.87055280878957],[-124.0184610251211,54.86807092882463],[-124.00884812041579,54.863413964754045],[-123.98646489405067,54.86323834117876],[-123.97456733776933,54.856378403585246],[-123.96065547655049,54.862897017838094],[-123.91881034304186,54.86168401388616],[-123.90912765993198,54.86965545337698],[-123.900425595827,54.868883483053736],[-123.8955199533901,54.86245111711528],[-123.8971347107113,54.85705298399307],[-123.89440751539641,54.856536882803205],[-123.90345516996909,54.8466421049119],[-123.90291831347052,54.84352360301499],[-123.9145550830332,54.84346647585936],[-123.91903856960262,54.836548541250565],[-123.90426948954386,54.832216846014205],[-123.91369240264409,54.830555587148446],[-123.91914164732037,54.826161714240556],[-123.91732411994566,54.825028108827595],[-123.92217058376065,54.81775679860951],[-123.91740279225863,54.81056930110412],[-123.9189357992991,54.80688897998827],[-123.93355171776872,54.805735924530836],[-123.93251881662363,54.799617648571115],[-123.93841022232128,54.79689506959272],[-123.93883298695565,54.792689821147256],[-123.93175821293241,54.79142324130355],[-123.92798325995687,54.78550268939591],[-123.92431258142217,54.786150818339074],[-123.92426270280063,54.781918256858056],[-123.94481181412581,54.76761417942708],[-123.93293757102805,54.76180750196573],[-123.93434049224878,54.74894403741455],[-123.93102095138997,54.742853277729935],[-123.91668135633887,54.741714295877856],[-123.90802609966994,54.737182971185334],[-123.89584691794519,54.74076357815385],[-123.86858278958654,54.73763068375208],[-123.86788889015385,54.73358842677562],[-123.87257994687232,54.7278449174746],[-123.88773727189896,54.72034142199546],[-123.87361066135404,54.713676688198845],[-123.87130890607564,54.70575156616588],[-123.86383724553404,54.7039806363332],[-123.8711291064385,54.697280909953626],[-123.86366578740032,54.69339392715824],[-123.86272858622577,54.68440239954112],[-123.8559002714791,54.68351614893854],[-123.85717499012048,54.68880060999925],[-123.84625223809316,54.69577954495223],[-123.82444913137103,54.69869088481178],[-123.81961618210234,54.69414718947543],[-123.80931135704053,54.69635538324195],[-123.79107324027315,54.690436419806176],[-123.79697236044844,54.682713735965365],[-123.79509973197663,54.67896040450131],[-123.79819603634982,54.67322718793672],[-123.81277430955159,54.66777090817785],[-123.81260836497952,54.66334131822491],[-123.80746150185938,54.658408794539966],[-123.80044432339851,54.65709230212218],[-123.78636140169856,54.66114889080553],[-123.7799122519131,54.657552761269294],[-123.7830936099313,54.644213176380525],[-123.77645785094971,54.642593255034576],[-123.77944677330953,54.6366514775998],[-123.77797641863755,54.63267259386321],[-123.78467026687898,54.62871795532774],[-123.7779501200812,54.62642462676284],[-123.78076697733279,54.62064566649051],[-123.77735636241778,54.61532318728405],[-123.79307918511206,54.60709372309501],[-123.80750518900541,54.607092230589515],[-123.80371960857825,54.60022915496959],[-123.78643156267233,54.59796106382753],[-123.7818610345928,54.59280000037328],[-123.79909571080607,54.585439677966356],[-123.79061595882418,54.58117845662922],[-123.79201646380498,54.57955157718427],[-123.80048310537677,54.57648811690587],[-123.8198334647105,54.578114112524624],[-123.82122883481077,54.56979733658334],[-123.82539590574189,54.56754910322048],[-123.82422922436845,54.563386912104214],[-123.81804319706312,54.563056420215275],[-123.81687724913341,54.55923067395396],[-123.82379174033119,54.55822214852435],[-123.8249681652255,54.5542796583701],[-123.83062869016209,54.55155469325721],[-123.83803484595754,54.55332507137939],[-123.8385178405454,54.549232455290884],[-123.84811940704319,54.54230812574912],[-123.84088240964326,54.53240057138314],[-123.84979678844323,54.526157912720805],[-123.84872906844053,54.524262059745524],[-123.83476854210382,54.522423931589174],[-123.83003745904024,54.518113554714745],[-123.84501645765226,54.50958257942814],[-123.84689650887105,54.49651360695351],[-123.86016017347147,54.492768056408636],[-123.87972683474567,54.48031134755671],[-123.8920751984453,54.48176671028349],[-123.8997889206416,54.477141855783955],[-123.91460391424967,54.477329259541946],[-123.91630075833152,54.473379849800416],[-123.93033762513811,54.46660981560458],[-123.93529429092078,54.45790850053823],[-123.94892312388681,54.46023689805313],[-123.95132360338975,54.456868634653894],[-123.96120039488686,54.456614726935925],[-123.96336872395824,54.44034378572437],[-123.99041451377876,54.43458868443867],[-124.01504525750839,54.43371017482361],[-124.0187325614783,54.42822358226985],[-124.02779533369169,54.42570814273495],[-124.02731768369314,54.42016975748618],[-124.02344293340688,54.415310321687485],[-123.99587866264639,54.40348917559381],[-123.96132633835491,54.40645848403236],[-123.95487006764826,54.39610692366231],[-123.93104170992837,54.388998962096736],[-123.92975110433326,54.37686949098622],[-123.92467247321018,54.372159974258814],[-123.92539894941389,54.364381016074915],[-123.91868715831495,54.36332578951618],[-123.9055786643797,54.37160466905585],[-123.89470706609667,54.369626545729446],[-123.87986894498647,54.37365624503302],[-123.87319240881978,54.37951675531244],[-123.8361522252338,54.37188280147619],[-123.8307108696093,54.36872075420144],[-123.83113027449454,54.36374268897339],[-123.84320195818819,54.35398821569312],[-123.83761378895868,54.349148807199235],[-123.83302832225905,54.35063654556234],[-123.83074956727084,54.34309559869564],[-123.82132294619315,54.33947915780103],[-123.81674119301063,54.3408703901164],[-123.80740721115322,54.33474067950959],[-123.79824402294344,54.33887306268973],[-123.78858342773702,54.33693831560346],[-123.77701100261213,54.33932621183934],[-123.7528637032235,54.33585624830829],[-123.74713939696535,54.3273076078088],[-123.73611393776808,54.32997480140188],[-123.73941785468737,54.32670107375975],[-123.73879103535931,54.3206112744986],[-123.72585274191069,54.32450056754162],[-123.71801287930374,54.319307675514835],[-123.71137855365632,54.32437905864595],[-123.70414860239886,54.3227837237185],[-123.69249100753804,54.32869515716745],[-123.6916710640108,54.318726571057326],[-123.6874707671901,54.31504567256436],[-123.67151696489297,54.31520742609425],[-123.67158407093186,54.319328385508285],[-123.65610999288594,54.32247730396566],[-123.65065014471301,54.326698094613725],[-123.63004138904753,54.32262722473058],[-123.62280969410271,54.316726964060955],[-123.59345215721923,54.32452338044693],[-123.58172902811148,54.31568574736701],[-123.56976885705964,54.3167674122183],[-123.56665958096036,54.320580801231664],[-123.56394431630407,54.31764559969718],[-123.55826545156025,54.31946054307183],[-123.55114355727503,54.316106968125574],[-123.55284280420906,54.302579866570724],[-123.54228279169003,54.300308998165306],[-123.54337821273015,54.298437643321506],[-123.55632244406974,54.29052945642532],[-123.56783919631279,54.291988708640694],[-123.57633496328944,54.28903341964106],[-123.57731421005226,54.27788606425676],[-123.56807549876457,54.27380561319331],[-123.56183581940607,54.27571026690475],[-123.5580228808345,54.269711246390294],[-123.53830571980356,54.267279347119455],[-123.52339210306911,54.258438244555755],[-123.52149649946799,54.1703343616524],[-123.51830202410527,54.17033622336374],[-123.51805025034466,54.1517478972199],[-123.5337377819748,54.14255612258094],[-123.53287667063677,54.126936508117296],[-123.55552468742746,54.12060287175463],[-123.56328049005909,54.115056916397194],[-123.56600780427341,54.107166278946494],[-123.55651625584744,54.100500213696314],[-123.53064742926703,54.09855328404805],[-123.5052602142481,54.09214409872466],[-123.48396086179031,54.08394842619905],[-123.48159210997245,54.07870127402187],[-123.48455019942303,54.0713819544355],[-123.49756644844533,54.06525095974071],[-123.52169230798515,54.068817259173],[-123.54175370858228,54.06088522548645],[-123.55393796215414,54.06588684160876],[-123.55333990399579,54.076602283953335],[-123.56710699887654,54.07921231751532],[-123.57411123644036,54.07452090308273],[-123.58226412438795,54.06020339942073],[-123.60435454818489,54.05914544064987],[-123.61812224858123,54.04363721685001],[-123.60614642177819,54.03895299381269],[-123.57698934784545,54.03843600226117],[-123.572791995799,54.033408556727274],[-123.58370612242,54.030421383398654],[-123.58453862501288,54.02379997519504],[-123.55685165083985,54.00667738278578],[-123.54217079194584,53.99372656571239],[-123.53997663007756,53.98722999638981],[-123.52341037688498,53.99361045312328],[-123.52376003597796,54.00320514431254],[-123.51861212370287,54.005038312216925],[-123.50897042590327,53.99863933954159],[-123.48933116542516,54.002832215875195],[-123.46906921893985,53.99792438702028],[-123.45090834059714,53.98517344774849],[-123.43303344875244,53.9799142222182],[-123.4272170512599,53.94018272968828],[-123.42738048793841,53.803764221389635],[-123.43681526808875,53.80572141173132],[-123.44717908016943,53.802940793102785],[-123.45047258401158,53.797767180163135],[-123.44611302239088,53.791833219843255],[-123.45056360035753,53.79067806237347],[-123.45617353578882,53.78307669738756],[-123.46691865643507,53.78716098533577],[-123.48429210859075,53.78269478019707],[-123.48460250964045,53.77802158866619],[-123.47428427625015,53.768229588251494],[-123.47676447591436,53.764849111678885],[-123.47126331387969,53.75527228234214],[-123.46372421693387,53.75119300276977],[-123.47030907374206,53.74708961045022],[-123.48087476305385,53.74706566905449],[-123.47751444988343,53.73690423353192],[-123.48292550091041,53.72710015765114],[-123.48101847118717,53.72069907999405],[-123.46260359441578,53.70669569449693],[-123.44678710363162,53.70951516894308],[-123.43871447363236,53.701023959261555],[-123.43910374520159,53.693310441464945],[-123.43169793122902,53.6886973135709],[-123.43096271559594,53.68227719944716],[-123.42314145156381,53.677048827058144],[-123.40859078726466,53.67803315644419],[-123.38581058817631,53.665243196799175],[-123.37482678756987,53.66568256214097],[-123.37140042717871,53.655446358429685],[-123.3788745902636,53.65031947896918],[-123.3680670108591,53.65067477576036],[-123.35474305539921,53.644860480796176],[-123.34036128191288,53.64497114087963],[-123.3207466759878,53.636832770874065],[-123.30430741403858,53.61851314767579],[-123.3044542589162,53.49975995462582],[-123.28032618689255,53.499748460037914],[-123.28028878100376,53.49210488714851],[-123.28035098798992,53.470877169639934],[-123.30435719030633,53.470980142382516],[-123.30305363555604,53.28339821623464],[-123.29035061911496,53.28199142532241],[-123.28152446136804,53.289373101693876],[-123.27255689847492,53.288844727163],[-123.26574945545276,53.29448602337326],[-123.26158141218954,53.29221582911133],[-123.2566300122128,53.29534054686622],[-123.25121987194271,53.294313690752645],[-123.24334851433,53.30006038228924],[-123.22980951334519,53.30085224157602],[-123.22093674124328,53.297092332656],[-123.2153881405284,53.30149456291378],[-123.20988746752421,53.30145895466078],[-123.20747846893296,53.29661094576887],[-123.19845339379759,53.29872305375873],[-123.18927251865034,53.295642491657794],[-123.16927429513323,53.29970433814281],[-123.16537717903223,53.298310032679815],[-123.17030371944414,53.29713363793105],[-123.16746986275724,53.291851244513715],[-123.15180899997016,53.29283822682016],[-123.14413379463245,53.28746610698278],[-123.12795108892274,53.29109072180393],[-123.10969943563356,53.290070987130306],[-123.09928986543423,53.293883596440075],[-123.07592834615578,53.287997349154985],[-123.06106555438822,53.290472622015905],[-123.05594182104646,53.30040505989345],[-123.04758046609935,53.29923008511555],[-123.0424316885877,53.294345050389765],[-123.03322740760545,53.29415990718138],[-123.0278105082822,53.291733049917795],[-123.02753594221322,53.288559912124136],[-123.02376706211882,53.290343023536394],[-123.02318272152945,53.286772532569344],[-123.0173717152225,53.285225844425334],[-123.0207768305946,53.28011720464421],[-123.01511220742513,53.2807965551877],[-123.01286844798025,53.27626471321724],[-123.00498164683107,53.27525637982836],[-122.99184080314052,53.284639069417764],[-122.97319401029769,53.28393266630582],[-122.96939824410217,53.281316389253426],[-122.96854672645208,53.28632106938461],[-122.97279716381945,53.29158067109404],[-122.96575118618657,53.30099327062616],[-122.96030079982569,53.29549297133378],[-122.95379230963373,53.298842716826094],[-122.94842162479577,53.294266728705914],[-122.94450242224397,53.29696987949184],[-122.93762327208292,53.29527365310283],[-122.91177963015596,53.30018432636563],[-122.90591228329926,53.31116213155373],[-122.8974055558117,53.31490495441758],[-122.89246481532106,53.3121505340924],[-122.89327998395561,53.307863667801904],[-122.88981608967207,53.30407811458062],[-122.88110562957144,53.30630700395308],[-122.87296840959412,53.31177202280284],[-122.88541929050285,53.32005205300149],[-122.88302292451348,53.32788378069838],[-122.87019652361849,53.340794239766204],[-122.85134830860969,53.34976391555244],[-122.83789693604976,53.37212257634673],[-122.82802827723015,53.377034680304625],[-122.76845135778902,53.385957358741265],[-122.73474773236954,53.382268657314754],[-122.7062025446524,53.388807209771585],[-122.67830851814765,53.38547883272364],[-122.6656821934669,53.37943876880141],[-122.64584472432271,53.387003376611844]]]}},{"type":"Feature","id":1316,"properties":{"LGL_ADMIN_AREA_ID":47,"ADMIN_AREA_NAME":"Regional District of Kitimat-Stikine","ADMIN_AREA_ABBREVIATION":"RDKS","ADMIN_AREA_BOUNDARY_TYPE":"Legal","FEATURE_AREA_SQM":119998373720.853,"OBJECTID":1316},"geometry":{"type":"Polygon","coordinates":[[[-127.80001786998446,54.787367174854694],[-127.80000915518656,55.0000052536103],[-127.36906639286353,55.00000531294671],[-127.36916409853174,54.9941368021632],[-127.34400584735587,54.99399596884802],[-127.34388426252582,55.001219259921406],[-127.27744941972232,55.000005325826336],[-127.2774353972198,55.005420352441305],[-127.2459732149087,55.00536532573966],[-127.24598509809292,55.00075429031777],[-126.93164299556959,55.00000537290404],[-126.94229850142871,55.007119669336525],[-126.95055666570633,55.01834475013571],[-126.94331047798454,55.023603503610936],[-126.92491361860071,55.024572447918366],[-126.90577456760283,55.03075312908593],[-126.89873527797172,55.02951120405666],[-126.88918172772708,55.033837072050595],[-126.89737851434835,55.03420370088009],[-126.89433826344172,55.04740908249019],[-126.8964371382783,55.05216430463087],[-126.89401610803618,55.05354559726973],[-126.88086562659981,55.057961368655064],[-126.85977768044016,55.0569931353606],[-126.85498042817497,55.058856186505665],[-126.85344085994419,55.066846784121594],[-126.84979190067722,55.06917531996629],[-126.83815917886726,55.071208420266046],[-126.82874058313531,55.069168174151024],[-126.82030549110922,55.07306227385264],[-126.81869187328255,55.08112306840716],[-126.80228106157058,55.08037848910172],[-126.78926576388129,55.08341469204215],[-126.78912219433168,55.0789177792895],[-126.78497780645891,55.07774284219216],[-126.75570198661765,55.079501746247395],[-126.74685379614836,55.06270919762838],[-126.73828850360664,55.05490989672915],[-126.73125843962961,55.05311712322367],[-126.72419717843684,55.05792510538427],[-126.72868237529696,55.061679303766525],[-126.7273945216357,55.06367773556951],[-126.71743232019836,55.07360368272259],[-126.70656221375647,55.079015359191544],[-126.68517243011478,55.08343949520288],[-126.65642516517258,55.08154115131324],[-126.6500109344567,55.094131797959804],[-126.64572119966421,55.094817970122264],[-126.64407521757143,55.102813224004485],[-126.64734500489985,55.104973841833704],[-126.64720282241201,55.109615350909564],[-126.64378695930996,55.11874792742045],[-126.6390004461892,55.12000955937895],[-126.65934726536278,55.129849541520215],[-126.66846242025841,55.12822658320467],[-126.67312422820085,55.12224828832854],[-126.684130501027,55.121783895848104],[-126.69200623233161,55.12800079457335],[-126.68955314111406,55.13199523361407],[-126.69612531330245,55.13819110290254],[-126.69658567375595,55.14381775884766],[-126.70905642916276,55.13843495382379],[-126.72082573002751,55.15603079820718],[-126.73989076646347,55.16144348246307],[-126.73833485905836,55.17062194560839],[-126.74365071411889,55.176871663924665],[-126.74401176711375,55.1866948611548],[-126.74933193160264,55.18753525625902],[-126.7463953473868,55.190851712524164],[-126.74617907191319,55.20163397614284],[-126.74136096493666,55.20345938329721],[-126.74215248021059,55.212612401372446],[-126.76202724065038,55.21327837326735],[-126.77274029833409,55.22536831283008],[-126.79056453089505,55.221414921047995],[-126.81268111970093,55.229837182789915],[-126.82407949111833,55.222700562149875],[-126.83742995203269,55.22191033140449],[-126.84740521042852,55.22926045287911],[-126.84677871348565,55.23532448879126],[-126.8545797999776,55.24934880185986],[-126.87276270038868,55.26382259033365],[-126.8843314470121,55.26862663927652],[-126.90958048908696,55.26414521292458],[-126.92020835763444,55.26598660298957],[-126.94576958270358,55.2787181549586],[-126.95182886512546,55.28488688831701],[-126.9430807695648,55.29326045067188],[-126.92619261241323,55.29150071113372],[-126.91651568155662,55.295221789522316],[-126.90004471522083,55.292725530389895],[-126.89509982953525,55.30202695902096],[-126.87670497048678,55.308284781072935],[-126.87652540180486,55.32507347958442],[-126.87118955668316,55.32916706237917],[-126.87953574265015,55.34203937496153],[-126.87020244126667,55.352134441464095],[-126.8503683826132,55.35565297952479],[-126.84938791374286,55.35938078284829],[-126.85285126034061,55.36214710764254],[-126.89167993867447,55.369923756093485],[-126.89750341721225,55.377759753213525],[-126.92039375308158,55.37852287321233],[-126.92843884298343,55.38255126495156],[-126.92504893589629,55.387895519747026],[-126.96981152045856,55.38315254778799],[-126.97458978872274,55.376871420474316],[-126.98729645000361,55.3821504497778],[-127.03374498921663,55.38777777571763],[-127.03831910655907,55.37968641990388],[-127.0546131913251,55.37750417494544],[-127.07036141852596,55.384802123508656],[-127.06517436285941,55.39047823068284],[-127.0738768853764,55.40406414640786],[-127.10538489689537,55.41567402186795],[-127.14388676378789,55.4359110282215],[-127.1574623579401,55.43767107816238],[-127.18378322000986,55.46450249408609],[-127.19424289595467,55.468578746273515],[-127.22548902762877,55.46926045726183],[-127.23253091759354,55.477352019966126],[-127.25442820382315,55.47801076351804],[-127.26314268388907,55.47463571450125],[-127.27324159763756,55.47735591902012],[-127.27761395470262,55.48530125659453],[-127.30633328071445,55.50319184393271],[-127.30825298885097,55.50896910951643],[-127.30585690752727,55.51252182427027],[-127.31203299845768,55.51779762880093],[-127.33890183730455,55.51760280437746],[-127.3581735231389,55.51227276787126],[-127.37944710731699,55.51101934986251],[-127.40004471594744,55.51429181048207],[-127.41573282368985,55.508168986557855],[-127.41802298261156,55.50476558910405],[-127.41279816129814,55.49570208690015],[-127.41472216482025,55.494702501630506],[-127.44386064710545,55.49362042350197],[-127.46399622315322,55.508253619193354],[-127.4626155828777,55.51361041157465],[-127.47295985808398,55.520776493078166],[-127.47119534837432,55.52883360634879],[-127.47333986362258,55.53223339361454],[-127.46529561359726,55.53508653228436],[-127.47090116295456,55.540090364968336],[-127.48595787909717,55.54364140411173],[-127.4940094260636,55.54087984966439],[-127.50571598391478,55.54199974650753],[-127.51114991581257,55.544854774895455],[-127.52966182529994,55.539785162412315],[-127.54789897856865,55.541227846788786],[-127.55530352896737,55.549732868009784],[-127.55241405894984,55.55502784153891],[-127.56188634760765,55.56350590367063],[-127.57367820511317,55.56848747197779],[-127.57529250978119,55.574128849474036],[-127.58190592179734,55.57914215147285],[-127.5840241642504,55.58507978604888],[-127.57966754426631,55.59016969864002],[-127.59521537663147,55.599826604209724],[-127.59020370635149,55.60743757750937],[-127.59978689131647,55.60787999995546],[-127.60702656134171,55.60264531276618],[-127.61820968907952,55.60240538910131],[-127.6253538308238,55.617344282030295],[-127.63650014188805,55.625143108874155],[-127.64078496666977,55.63671123143582],[-127.65836469261704,55.640634077778955],[-127.66769754018864,55.64699926118682],[-127.66723307076411,55.650692602232986],[-127.67508233515424,55.65748539759087],[-127.67425234808913,55.67117157137008],[-127.69517754770229,55.68715171702692],[-127.6971483905303,55.69373859590368],[-127.69482354295216,55.69714663178943],[-127.70138630120934,55.70086563345825],[-127.7003089917519,55.70572976736276],[-127.72782662133163,55.716468842493725],[-127.76017505913528,55.70990128188615],[-127.777806116316,55.702556624665014],[-127.79661153991678,55.71200701458431],[-127.80396356706551,55.71206085652159],[-127.81601966789933,55.706335727253574],[-127.83240383322202,55.71164260498195],[-127.85837229190341,55.70863379149867],[-127.86811682527666,55.71564321585225],[-127.8994174330917,55.71885709787392],[-127.90890222303244,55.717515947028794],[-127.91325748157108,55.712528418414934],[-127.91163302232823,55.704991777700684],[-127.92184780889214,55.69003537512033],[-127.94133012065798,55.69014699670135],[-127.95297292502275,55.69953729588604],[-127.96438178218953,55.7163098863215],[-127.9795380483541,55.723224077942504],[-127.9855829552838,55.7295642484884],[-127.98511104964669,55.73425095918517],[-127.98880649534611,55.73792069806706],[-127.98393517700298,55.740279729331235],[-127.99813422554965,55.75305934479417],[-128.00915945043957,55.75106003853694],[-128.01722137213295,55.740424680274515],[-128.0247349538882,55.74670871121244],[-128.0289018800755,55.744207719997775],[-128.04151252556755,55.74559469079617],[-128.04935367854122,55.74021022296817],[-128.0497536077639,55.74472717464261],[-128.05753936613257,55.7526007504136],[-128.06935065365857,55.75239523685097],[-128.07596654948836,55.757180642528795],[-128.08046827379795,55.756611364152484],[-128.08633340077782,55.770495097961295],[-128.09922116949798,55.765463371580026],[-128.09522735715598,55.733969041765945],[-128.10279053395462,55.71952549723551],[-128.12624465413083,55.71638482351935],[-128.13726963448119,55.72349258139162],[-128.15020725560163,55.72565247656367],[-128.169828711524,55.71938283150033],[-128.18227072653795,55.72200024923253],[-128.1903486929777,55.73015883084069],[-128.19906959449636,55.73119543118992],[-128.2105206663945,55.73882947366013],[-128.22989743405236,55.74294206508414],[-128.22967089294417,55.747074024122604],[-128.23953350633528,55.76255173962622],[-128.24039005819316,55.772869483898994],[-128.2354987757715,55.780336118215644],[-128.23706847100186,55.78695025086457],[-128.22602303558065,55.79264994387434],[-128.22278384302516,55.800734474332224],[-128.21308538890813,55.80228420958385],[-128.19811325135785,55.799315108837135],[-128.20243485746752,55.81880290780403],[-128.18986679240913,55.82488785554082],[-128.18169010244634,55.8227101507066],[-128.1587007954701,55.826707400597655],[-128.16341802048558,55.83599967123225],[-128.14269046570016,55.84481558333808],[-128.14769656718522,55.85291637816121],[-128.16524962191784,55.86453214200329],[-128.17859933612888,55.86392308768091],[-128.18646777149485,55.871485201531556],[-128.18204797519738,55.8828904129261],[-128.18783863157861,55.886203447637385],[-128.18098169818944,55.90206225784765],[-128.21286096564796,55.90945645876568],[-128.2124325517529,55.92173574681588],[-128.21616628006709,55.9283488292963],[-128.23641821217146,55.9280537029293],[-128.2491005839018,55.93433152888652],[-128.26005732040417,55.929725454811866],[-128.28253757524297,55.92925340549112],[-128.294902714021,55.92434094845212],[-128.3009412436091,55.925821990147824],[-128.3199399875555,55.910150150233605],[-128.34591142006514,55.90587702986851],[-128.36016174694743,55.906298320033656],[-128.36558075104864,55.9101061583047],[-128.37690483645386,55.93017414551582],[-128.37659852415214,55.9183480024624],[-128.3814554516008,55.91176831324786],[-128.39886479816872,55.92014490299169],[-128.42962851165004,55.91805685482357],[-128.45600379331879,55.92786220644955],[-128.4506718079072,55.93369690333021],[-128.46068512663805,55.94418191531724],[-128.46757602851702,55.94645818030683],[-128.45910495145256,55.950647556613795],[-128.4768510964864,55.96159295612046],[-128.45859036363305,55.96846860051498],[-128.4597388850921,55.98032502722204],[-128.4451549435072,55.98034112330448],[-128.4464340659744,55.98503710969743],[-128.4417782081281,55.99224914759349],[-128.44839518728187,56.000146881028364],[-128.44632527212016,56.00162314036204],[-128.4182497448597,56.00472155742533],[-128.40263900126982,56.01144666702098],[-128.3828146805606,56.00441255169902],[-128.37172180296935,56.01601923885742],[-128.37170030502082,56.02623520961513],[-128.39092166575796,56.03930206866565],[-128.40306315756848,56.043219991124765],[-128.47616442624965,56.04914961772924],[-128.4903420260466,56.07244316550993],[-128.51837414442608,56.07901987619853],[-128.51617661385492,56.08556730693149],[-128.49964364775616,56.08949073476084],[-128.49582781831106,56.09617198716904],[-128.47086465945057,56.0985234383508],[-128.46411175604493,56.10582203547015],[-128.44640870491764,56.09892238444492],[-128.44435985400213,56.10302529785304],[-128.4351257909452,56.10428023808906],[-128.4281743446892,56.10901926614817],[-128.42222899779205,56.106601603869414],[-128.41604010510937,56.10969926541355],[-128.3982690457747,56.09545364011615],[-128.36607695923823,56.09717044981107],[-128.35652268659973,56.0885293599268],[-128.33869575724106,56.084392901966744],[-128.3141730739169,56.08896231311133],[-128.31231007990476,56.09249805261256],[-128.31934770938395,56.101737725026],[-128.30424161942284,56.10824257679534],[-128.26782655347216,56.10658549243425],[-128.26489846180473,56.111740501113935],[-128.28130919291883,56.12164873706614],[-128.28330752555453,56.12750061758429],[-128.27772439889026,56.131834825873945],[-128.2769337640058,56.1422438313596],[-128.29193309664012,56.150698707622205],[-128.28867612044866,56.155636715690754],[-128.3056791160862,56.167508685827485],[-128.2992264726829,56.17096243419153],[-128.29631934753561,56.1805059011204],[-128.29640170701404,56.18481015089435],[-128.31000978171372,56.195021823457196],[-128.29839693680387,56.20055108699703],[-128.3061310005794,56.20426355198191],[-128.30283210342554,56.20958202772953],[-128.28558022881654,56.2090912525454],[-128.26962101407156,56.213837918249986],[-128.27944096462826,56.22497388135916],[-128.2938816088258,56.23342205359877],[-128.29661777853602,56.23904419547953],[-128.27282457995287,56.24646293283737],[-128.26299860268608,56.2614993690025],[-128.2565660644695,56.26604318432358],[-128.2400319333822,56.269357030642105],[-128.21999310525993,56.28022387753519],[-128.21698799038302,56.28360617502049],[-128.21697983813291,56.29831830863784],[-128.20824495819528,56.30508824833503],[-128.1264105719366,56.304389377559424],[-128.09347241290635,56.31205543345153],[-128.09817294364188,56.32051359472054],[-128.1037827733399,56.323918649212246],[-128.10187631546,56.32935866906273],[-128.10523443071034,56.337208795035785],[-128.11351649870593,56.33929889296968],[-128.12339847135038,56.35208274442405],[-128.14904230283508,56.357541522660235],[-128.17729208330104,56.35173339112368],[-128.1876080089571,56.3590481459704],[-128.20042753424784,56.360456244696806],[-128.20956581237968,56.36624711980178],[-128.22357231721077,56.36339762060064],[-128.24185145580947,56.374049815134825],[-128.25029583977775,56.37442760158876],[-128.25751368465117,56.38626192642407],[-128.28274665031427,56.40095955806613],[-128.28123051817315,56.406611099197114],[-128.25793583632438,56.41452417592306],[-128.2537890901433,56.419359991122924],[-128.21829841127385,56.42123489050745],[-128.21046943380284,56.43057428182523],[-128.18562058405544,56.43882734039166],[-128.17288600179623,56.44908047849669],[-128.15875112940486,56.452219965551734],[-128.15247427881158,56.45115600769312],[-128.1504455504775,56.445371987999266],[-128.15417620684076,56.44051778280571],[-128.1516889360053,56.43713155156255],[-128.13952816911222,56.43174087021416],[-128.13825138633504,56.42820701210232],[-128.1277740862962,56.42549728849191],[-128.12286660284755,56.41893478666076],[-128.11465087204425,56.417411918163424],[-128.10173819642216,56.40681590945928],[-128.08040938345917,56.41431467290342],[-128.05755928040202,56.41262476329775],[-128.04565741552585,56.421036410020186],[-128.04597817738932,56.42901838187853],[-128.0334529764502,56.43030112562037],[-128.03472950148006,56.434318285907324],[-128.02086461667483,56.44375153816351],[-128.00711765634054,56.44300640700772],[-127.98241073119625,56.44835992781775],[-127.97799052732822,56.45179475801402],[-127.98416358155073,56.46879978352477],[-127.97632267017255,56.475468001485204],[-127.98254589003061,56.48700172054235],[-127.97254136599139,56.50385566771659],[-127.98441904152173,56.51272545342287],[-127.98692176389935,56.52070836414815],[-127.96819234898827,56.52818929048908],[-127.9474017945447,56.527508788906076],[-127.94309888173945,56.53199160081406],[-127.94493911333684,56.53539449333965],[-127.91970030051546,56.54017820615101],[-127.91085988383655,56.53756235610878],[-127.89379085615103,56.54034664155356],[-127.83258315260174,56.52730978400345],[-127.81954355572415,56.53257755033918],[-127.81875153910863,56.53869474087416],[-127.84138642812998,56.558461861661435],[-127.87050534536253,56.57174879955619],[-127.88086621010358,56.5730913579886],[-127.8870101903686,56.58446730460345],[-127.8962061390231,56.589604670365766],[-127.89397123069719,56.599219447813304],[-127.90134034640153,56.606774004766315],[-127.90544111462708,56.61838543246351],[-127.92993076141099,56.60916553752289],[-127.99597259625841,56.6011546532697],[-128.00604375697074,56.606761049096406],[-128.010378072266,56.617177777299666],[-128.00206552685205,56.619306628487415],[-127.99835333987014,56.62410152426493],[-128.01523803804136,56.642897172482996],[-128.04505185520281,56.6469837885359],[-128.05149816884241,56.65055598892967],[-128.05517936501718,56.66024128238851],[-128.08646566104457,56.67321464920513],[-128.10116990534985,56.664975129529594],[-128.10473255268363,56.66707987410217],[-128.11626526203722,56.66391219984108],[-128.1134881507311,56.652245673564295],[-128.0993784389385,56.6463654170915],[-128.11511560608972,56.63382718901273],[-128.14260213172454,56.643545028763405],[-128.15684571576784,56.64319009896796],[-128.1660423566719,56.647960858822024],[-128.17557160337472,56.64399034050154],[-128.18530980304502,56.647630224578506],[-128.1910278571743,56.65096476847603],[-128.1886890129907,56.660383111007405],[-128.16646597572696,56.67146877283733],[-128.1731629562727,56.68301633754392],[-128.1572157056426,56.69198762624676],[-128.1579048851668,56.700935672884306],[-128.14606145986238,56.70292608824968],[-128.1590762713807,56.71732794180877],[-128.18958190583427,56.71834660785611],[-128.18622274410458,56.727117303487304],[-128.18985888748315,56.73814068938216],[-128.20018197513792,56.74521202833043],[-128.2080386210552,56.74274061373254],[-128.21031958657406,56.73532514162342],[-128.2252664761184,56.73024402365731],[-128.2649515080257,56.74271179271242],[-128.27059143202436,56.74902483370783],[-128.28622672422742,56.74447451011376],[-128.32007102930595,56.75143368212447],[-128.33797643686722,56.738485124343214],[-128.3683665799627,56.74821083069579],[-128.37520095363257,56.75590866875501],[-128.42241914827176,56.75817566134717],[-128.42240175974342,56.76996260668982],[-128.43695733784185,56.77034359801126],[-128.4639283264706,56.78701088977383],[-128.4667255022929,56.79675249270403],[-128.46409419454193,56.80930474310148],[-128.47382455582013,56.814373139537544],[-128.48593176738922,56.826143232971575],[-128.4845085547928,56.83038209951035],[-128.49549307347874,56.838943675258804],[-128.53408589595702,56.843540634392006],[-128.5537519425936,56.84951482834098],[-128.55998130132548,56.85487430979052],[-128.57449161602395,56.8452420449747],[-128.60037971841973,56.84808259888242],[-128.60272990249,56.852186707005046],[-128.62058578466454,56.861917754006726],[-128.62262642001232,56.87263257025276],[-128.63417348433853,56.87811305691122],[-128.65378790575002,56.87539996736986],[-128.659491326558,56.8716644252715],[-128.685051412687,56.87568331553458],[-128.68803074889888,56.881087015017485],[-128.6992411924172,56.8868550871795],[-128.68845971476705,56.90184641409808],[-128.67452879364896,56.903201395115076],[-128.67089849371595,56.90546975143428],[-128.67022498441628,56.91109176136961],[-128.66229450410276,56.914556260076075],[-128.66483403762123,56.92440918632596],[-128.67598378009797,56.929630134849276],[-128.6671648081662,56.937558493042836],[-128.6795992255587,56.942112727025446],[-128.682653099677,56.94829825437719],[-128.67303591070623,56.95023191183974],[-128.672150832615,56.959294062138916],[-128.6684940602429,56.96185374325513],[-128.6739938006859,56.9647968458844],[-128.68416523287237,56.97943024397008],[-128.6946199123694,56.98054320465011],[-128.71523999808997,56.9945632425343],[-128.71400470496002,56.99944547209236],[-128.72078741604653,57.004485571488985],[-128.71919451591884,57.008317973934375],[-128.72214737665652,57.011250193948015],[-128.72023147661992,57.020061743892505],[-128.72798224220594,57.02400161649791],[-128.7283330976454,57.03235702230996],[-128.7246172345166,57.03651624292273],[-128.7330384696889,57.03789197989568],[-128.7405383259088,57.044665297342966],[-128.76058808952666,57.043625212493126],[-128.78877281966058,57.05447400589563],[-128.78020324514426,57.06792542144204],[-128.79112113762446,57.06784527819034],[-128.80733928204396,57.07286603529705],[-128.81243056796626,57.07718578611193],[-128.80779043542907,57.08131112221994],[-128.80846341244833,57.08517800209405],[-128.81559230599365,57.090470920005366],[-128.8309831832396,57.09279834986227],[-128.85847646733126,57.11880325869786],[-128.8701196071607,57.113892986847176],[-128.87848876661914,57.11462902769916],[-128.87734401586414,57.12237153923463],[-128.8936697868796,57.123985474179136],[-128.93573461820782,57.14136981674604],[-128.97097307029463,57.13705895736122],[-128.9799683814503,57.144145532822776],[-128.98031652550657,57.15242816754509],[-128.99390230443626,57.15946945416593],[-128.99378397212692,57.16398203165131],[-128.99968298864454,57.169286291129296],[-129.00002027675907,59.000005040104135],[-131.0000204369112,59.00000473790476],[-131.0000198865167,58.00000480136474],[-133.06967025179952,58.00000449136446],[-132.8696149581142,57.839870209839596],[-132.75132065014478,57.696131732323494],[-132.66112558184267,57.61688968666383],[-132.55391817951207,57.49663886644004],[-132.37002258530293,57.34987500629392],[-132.2480160593849,57.211385546782296],[-132.3689509169543,57.091511298383296],[-132.04532609702719,57.045112759158116],[-132.12354349630095,56.873634982136075],[-131.87289273482702,56.80599427698179],[-131.9010805211227,56.75367157914905],[-131.86068426602193,56.70298330862705],[-131.83532587357394,56.599200307852335],[-131.58105485711073,56.61222725323],[-131.47198801949727,56.552656741462734],[-131.17338654657354,56.449513780840434],[-131.08717909068622,56.406150420580246],[-130.78216444924507,56.366920541466484],[-130.62334395205352,56.26697617604289],[-130.54069829960548,56.24751684310607],[-130.4680481294616,56.24311969187108],[-130.42616496115642,56.1416216104261],[-130.35025704563463,56.12860008470476],[-130.24638753172968,56.09646645458709],[-130.10396370349363,56.12284932801537],[-130.00334253550182,56.00800791161964],[-130.01750606718096,55.91185968980895],[-130.00394648821612,55.91197919469684],[-130.003946198567,55.907490229382596],[-130.08340038560584,55.82171801044236],[-130.12467356686386,55.80565334041058],[-130.15231904236722,55.76629734616377],[-130.14767570084035,55.71491492301208],[-130.11157598000014,55.682912000090006],[-130.1278338237797,55.58104491348494],[-130.08979583624944,55.49798741398268],[-130.04118017750216,55.45173385001328],[-130.0211140654818,55.337927845175365],[-129.9766567796854,55.300379870435435],[-129.97417569689546,55.28192666700595],[-130.1028642988795,55.192617237363386],[-130.1461525468322,55.142860000758354],[-130.1524560160126,55.12463339948825],[-130.1809144231279,55.09127242364709],[-130.1875937368324,55.06286031119059],[-130.27336899806858,54.97399069345034],[-130.3459885168256,54.91775999099957],[-130.48031256806487,54.83669894188221],[-130.56826324293164,54.79218617077555],[-130.63673563361104,54.77959479899354],[-130.6590882269123,54.763082180320055],[-130.62576437482704,54.73809474338653],[-130.62868342402825,54.72475271124799],[-130.61570134110485,54.70747827625903],[-130.61570133271854,54.6868661249126],[-130.3739363791185,54.68686615688082],[-130.35170037450706,54.69942132724699],[-130.29871931679565,54.7028474840549],[-130.24967025057018,54.71323843691594],[-130.22080534754656,54.72401343128085],[-130.20522336930165,54.72414294989126],[-130.18912379304297,54.728409206690415],[-130.17745695904196,54.7226003358193],[-130.1646692780999,54.72192197394494],[-130.14672070319224,54.7288925610629],[-130.13103113774682,54.72777148273765],[-130.12277652649394,54.71922152584839],[-130.11209480397895,54.71656684754016],[-130.0867350047066,54.717992151852485],[-130.07774197337616,54.70834310326534],[-130.06529411800662,54.7085460132056],[-130.05673883255884,54.70411722806893],[-130.0541387444047,54.699074983830286],[-130.03999023145747,54.700427479589536],[-130.02373443338203,54.69701586999321],[-130.00060316618627,54.70223296193185],[-129.99187181501836,54.69419817058038],[-129.97447876194934,54.69700449540022],[-129.96365205582234,54.693679881761696],[-129.957917655082,54.699216577056795],[-129.9739049351069,54.711051257192956],[-129.96608840352255,54.71481056875771],[-129.9417714833005,54.702893079345934],[-129.93599798436549,54.706243117638216],[-129.92507176016306,54.70283295628106],[-129.91354734606946,54.70655719726635],[-129.89646028825587,54.705887903890385],[-129.87041611477463,54.72247933955555],[-129.82098336043097,54.72646393581417],[-129.81142118256963,54.73723196708573],[-129.80691880626378,54.73836742201441],[-129.7879355286147,54.739822342617806],[-129.77553935345864,54.73733194284626],[-129.75751354160008,54.72187126714913],[-129.7413614748362,54.725844547014624],[-129.72371981332705,54.73616043004602],[-129.70513724431416,54.73843577896891],[-129.6926204644355,54.72763659447365],[-129.69188542539194,54.717302690713254],[-129.68241792806637,54.71209292493798],[-129.68036987809586,54.702358465780584],[-129.68571816537235,54.69589456941675],[-129.68815649530748,54.68594702102306],[-129.68592983594837,54.68442483896909],[-129.66191601037167,54.679643439015685],[-129.64704036190693,54.681802791393864],[-129.63147360486286,54.67384746579112],[-129.56628534291997,54.67420559530304],[-129.54910304134089,54.67076174927827],[-129.5368951459626,54.66336619559802],[-129.52987982003478,54.654427996569154],[-129.52193312719336,54.65117323113487],[-129.5003406406751,54.6484244270394],[-129.47745308755975,54.6552480998271],[-129.46344591343077,54.650242784610555],[-129.46619117226604,54.638234542153114],[-129.4547598782489,54.62462664929363],[-129.48122635790023,54.61645396284166],[-129.48804632563804,54.60663072401637],[-129.49010522819825,54.59630518932234],[-129.50578907476532,54.594191605112854],[-129.5160815427467,54.58441507811241],[-129.53661981684297,54.590688682567446],[-129.5388690703784,54.606718754863955],[-129.54461476913076,54.61343539196086],[-129.58534148136664,54.6318427503431],[-129.60098824661875,54.63093630694499],[-129.60617653004695,54.62668648981074],[-129.62867977254888,54.6230308177791],[-129.65307873403592,54.62378243892642],[-129.6694401376383,54.612592912901604],[-129.66992667836558,54.606286193451815],[-129.68236729721386,54.59940240627783],[-129.69423814435535,54.598694819535076],[-129.69601955071147,54.5912092086082],[-129.687046510858,54.572285368423],[-129.66884520800718,54.57168432979423],[-129.65614572432517,54.56603196313169],[-129.65296881261986,54.56080058355773],[-129.65655249374683,54.55262973435826],[-129.66472934596106,54.547947651201405],[-129.66862533967424,54.54133848778608],[-129.68870822189854,54.53055787155361],[-129.68650788807304,54.526517091402674],[-129.68840548704807,54.51838174637706],[-129.6843439660133,54.51723643476181],[-129.6779547766237,54.50642468304742],[-129.68246224419698,54.499497029816695],[-129.69359137259482,54.49479421789239],[-129.69663193649478,54.4867619744755],[-129.6852965254933,54.48246787495607],[-129.68488452928466,54.473916840960776],[-129.66812610900905,54.47763889822732],[-129.64690384439868,54.47459976177679],[-129.63939153549373,54.46984945148433],[-129.59821319693285,54.46912557885074],[-129.59158542729307,54.46426907042503],[-129.58268299424705,54.46315294171662],[-129.56991488304942,54.452973212257284],[-129.5287792637948,54.44283771202306],[-129.51961626502884,54.4322703557427],[-129.50999366090875,54.42761295289174],[-129.50959229400115,54.4212156248259],[-129.5052967237554,54.41655522513099],[-129.49258831887562,54.409395821262756],[-129.5008203143345,54.403016855400324],[-129.50477762087135,54.394507260332325],[-129.49799974945438,54.38678822532874],[-129.4992727183212,54.382558864286224],[-129.49141659662155,54.37825715047102],[-129.47557771998072,54.37676873963694],[-129.4772004192611,54.368600724396245],[-129.46668268198133,54.360773812607654],[-129.454031677012,54.359897351296596],[-129.43149561214844,54.366588786858955],[-129.4215983150813,54.362013192329655],[-129.42152220817067,54.355581434233336],[-129.41054192162875,54.34642510588049],[-129.37713670604467,54.35031982312731],[-129.37610077510138,53.758181988436924],[-129.23159773657144,53.630850461997326],[-129.20160334306237,53.63085994453238],[-129.20792229110958,53.62255141583704],[-129.21035369042406,53.60814001811403],[-129.2160189227005,53.59940156405883],[-129.2166368503529,53.581997400759946],[-129.21056995731115,53.573036191599954],[-129.20356204731777,53.54452113000336],[-129.20199383473883,53.52125159307776],[-129.20960108616666,53.48845725488964],[-129.2018860207133,53.45232892400892],[-129.21038949963022,53.43878916264607],[-129.20992205211027,53.42568144738349],[-129.1958812691157,53.38957320418793],[-129.19284567987015,53.370199069838186],[-129.19423339189356,53.34662089563217],[-129.20368978721783,53.334173575226586],[-129.25792829814807,53.34407775345488],[-129.2991581397727,53.34803798672441],[-129.3047000240018,53.34428626311401],[-129.31202144520128,53.33017883166171],[-129.3059023984019,53.30586340307825],[-129.31031038973524,53.29859838819224],[-129.3998926125006,53.285002551301005],[-129.4276330920584,53.27458570824973],[-129.43822698626562,53.265923827770344],[-129.44219757256013,53.257773608065754],[-129.43975558489907,53.25173958625266],[-129.42530984419514,53.240196020453986],[-129.42616805514226,53.21509535317624],[-129.43004948432207,53.20999557242398],[-129.48491356985534,53.19863162731537],[-129.53925479261164,53.20078235141265],[-129.63362725786212,53.18259952233659],[-129.65606745338457,53.1653094428027],[-129.71767572000698,53.15161457103881],[-129.75173946231297,53.13840194973686],[-129.77396645096695,53.1378475268032],[-129.7960732020364,53.131748886993684],[-129.85739783915346,53.10587632058674],[-130.07959945288746,53.039446503034476],[-130.6399127558191,52.86219376644006],[-129.0266037526322,51.60830737692287],[-128.5811025213414,52.23160853682951],[-128.5542127022645,52.24940264598085],[-128.53279755621068,52.26939012146592],[-128.5290364798152,52.28210920026546],[-128.53098511419,52.303675958185515],[-128.54947182315084,52.37027003107857],[-128.54421992862922,52.38266451217733],[-128.51943096991556,52.39926051590252],[-128.47256647493725,52.4208926137464],[-128.4469827043368,52.44843635569216],[-128.39969987146972,52.463725970775364],[-128.34005427898623,52.47783416808194],[-128.31199042907855,52.47676323708031],[-128.2829739727881,52.48250765765679],[-128.17685610589265,52.484549403683076],[-128.17807818988516,52.49116080408966],[-128.1848796775905,52.493277657955545],[-128.18356051378046,52.5057402836665],[-128.20785442183302,52.521674547467335],[-128.1843549930342,52.531177601739415],[-128.1894866378542,52.53750612103935],[-128.18877178370587,52.5514902207199],[-128.17882581512646,52.55177127221941],[-128.17475571820972,52.55671763229177],[-128.18184247234356,52.56562030488277],[-128.17607261334282,52.57574435992481],[-128.19649089456206,52.5797145386419],[-128.17741802924118,52.59584303981029],[-128.1775071479164,52.60019396007841],[-128.19062905338635,52.60683826375012],[-128.18163906610135,52.608241909663995],[-128.15686733326086,52.62085233829696],[-128.14551704504376,52.61884709308372],[-128.13541449551155,52.61162351884905],[-128.11803487158778,52.612751044843606],[-128.10180214339135,52.640783659971525],[-128.10240570264435,52.64474993901998],[-128.10844593904162,52.64692922650397],[-128.13904660118965,52.64747716958075],[-128.14342570948372,52.65786763961274],[-128.1547195849621,52.66638153946996],[-128.15003395259058,52.67008795827292],[-128.15261863312946,52.67331895584286],[-128.14070869190246,52.678804134144464],[-128.13929744500697,52.68270562365104],[-128.11723817658992,52.68447528468237],[-128.11339906005261,52.676326481885646],[-128.09633395067308,52.680928456961055],[-128.06556408455296,52.6967044671118],[-128.06294289305006,52.70877260055567],[-128.0542987580605,52.70965142145105],[-128.05011327412151,52.71405563720038],[-128.0377359075724,52.711878096778804],[-128.0277646617574,52.715825366317276],[-128.02525608890372,52.71280204314717],[-128.01252580364232,52.714960238852086],[-128.0047591091519,52.71211832596727],[-127.9848458759821,52.71522294605328],[-127.97083910883768,52.7090157973744],[-127.96177133933898,52.710635904777526],[-127.94693598355971,52.7212124711136],[-127.93272435454428,52.721180301805035],[-127.92729843950768,52.72440779484327],[-127.9204432687269,52.7183850294084],[-127.9242968622811,52.69895606420224],[-127.91699021481995,52.6862401549107],[-127.91694829165834,52.672187866539446],[-127.90042106410927,52.67266501213427],[-127.88834406148936,52.677074512609835],[-127.88482089819354,52.6823467289879],[-127.86796715830286,52.686006876055416],[-127.84591815309923,52.67604066041871],[-127.84910077119746,52.67075428229407],[-127.84834122146516,52.66101927581428],[-127.82855894900757,52.66833538259289],[-127.81233699683817,52.66447585638418],[-127.8086939896885,52.66068427362647],[-127.80230070291884,52.66143497358175],[-127.78906202725483,52.666784613016134],[-127.77915114438105,52.67773321982691],[-127.78170683433147,52.684171706276096],[-127.78973025670255,52.6877332045143],[-127.79185310611697,52.69194140497663],[-127.78901076057875,52.69519989797966],[-127.77260152571199,52.704468091551405],[-127.76372436937996,52.70434887788791],[-127.74915829550737,52.71270104545043],[-127.7452500343644,52.71820684327802],[-127.71967425492055,52.71859872338686],[-127.7189170668207,52.72675387176912],[-127.71302917374376,52.73309130713959],[-127.71973463698198,52.737263533370985],[-127.71072908519409,52.75749930688132],[-127.72149780051814,52.76462936771951],[-127.72857437716452,52.775531831540725],[-127.71227799571652,52.78067836197642],[-127.7007095574948,52.77443577736411],[-127.69219107819484,52.78875076731359],[-127.68098869564973,52.79047578204358],[-127.6425515192602,52.779535436471264],[-127.61672003125315,52.77829904503647],[-127.60789330897408,52.781196619115974],[-127.60207151609146,52.774606067001535],[-127.59959388148144,52.75988336974742],[-127.62293276827228,52.743047698420625],[-127.6236525531186,52.73430827849153],[-127.58104050022892,52.72108437068159],[-127.57775276448797,52.71215327505119],[-127.58153767283186,52.70814486008311],[-127.57105709141909,52.70171557338833],[-127.56459799146887,52.6897249343609],[-127.54793181178644,52.697029135109545],[-127.53350377623642,52.69126830887622],[-127.51454161113844,52.69628274535134],[-127.50372167597651,52.692019927204406],[-127.5059655177357,52.68134028171499],[-127.49382901151186,52.681510335811964],[-127.48784652649698,52.68805633602614],[-127.46941179929193,52.68469492453801],[-127.46737211695083,52.69060046706708],[-127.47115292749967,52.697768959532056],[-127.46364048310956,52.70945768395746],[-127.44139077804215,52.71819795500144],[-127.42457185092427,52.720367195407434],[-127.41216277142024,52.73106698709393],[-127.39494209538975,52.73330309348288],[-127.38613648600827,52.746208213426264],[-127.36762550077329,52.75139427487383],[-127.36514658221769,52.75494145510061],[-127.37836797381411,52.763898951493665],[-127.380370456312,52.77408809321846],[-127.37311058589918,52.78786719800246],[-127.35949842296313,52.7991549224227],[-127.35517237449241,52.80661127292645],[-127.34460193273335,52.807836861487864],[-127.33852254846569,52.797883047901884],[-127.31440030256529,52.797063284186024],[-127.30471777817928,52.802412488975406],[-127.29014011716839,52.8171881826965],[-127.27236218657139,52.81081693462553],[-127.25466248487152,52.817435896695976],[-127.22764666479917,52.81905841892621],[-127.21801494138401,52.82522575910753],[-127.22370536429034,52.831114671365384],[-127.2236154598914,52.83735746646756],[-127.215097188812,52.85302857874005],[-127.24595580352783,52.859690208169944],[-127.26152696825137,52.87594976876381],[-127.28086297780388,52.88438886956183],[-127.28197462363092,52.88622108531712],[-127.27417062666176,52.89172410827222],[-127.27437336695513,52.895933707644886],[-127.29906573047154,52.90415675263742],[-127.29454568491812,52.91474686166983],[-127.28711460293374,52.92122108303805],[-127.28978060941314,52.92377987420207],[-127.28636679778566,52.937141703647725],[-127.27896954514378,52.93942628760604],[-127.27329175924226,52.94560138508012],[-127.2453548292753,52.95515376287266],[-127.24257799778108,52.962239310507265],[-127.26217203544523,52.98164449115567],[-127.25743998236133,52.99077258624246],[-127.24922135600772,52.99246791796771],[-127.23778499240414,53.0018109964603],[-127.2422102866031,53.020540950489206],[-127.25312509563311,53.0414699365534],[-127.27213718394728,53.05457609954493],[-127.28032822132121,53.05630508605775],[-127.28253474252821,53.06473205581295],[-127.28877545458587,53.07070373994957],[-127.30662689533644,53.074033890875086],[-127.32419906016445,53.0671982677618],[-127.33044151844935,53.073024903439176],[-127.35507918596636,53.08237341457735],[-127.41889019152278,53.080028922395805],[-127.44214727059165,53.084224468354385],[-127.45108634191953,53.09979032898786],[-127.43359492135389,53.121587373496645],[-127.47294702184011,53.122188601383314],[-127.4770551601084,53.133646699018435],[-127.47570961671678,53.14284733790299],[-127.45661218371632,53.144444297474855],[-127.44099084478403,53.15997850109951],[-127.40823834481026,53.15993378657132],[-127.40239864553223,53.168154501139895],[-127.40897524225728,53.17555252717076],[-127.40222597709544,53.18604356404441],[-127.39773440308852,53.18675338614849],[-127.3819907841687,53.17840048532428],[-127.35696658564197,53.17545774475155],[-127.35398806922058,53.18798490674442],[-127.36264298595442,53.20085225068682],[-127.36364669809352,53.207998233681785],[-127.36078841039905,53.213964358514566],[-127.36204511852142,53.219669402050705],[-127.35696060443989,53.22445407448108],[-127.32921069947285,53.22508409995355],[-127.3182477694188,53.20525633494243],[-127.31000987381825,53.205442436626],[-127.3077306741678,53.211349616590745],[-127.30291006630647,53.21265555332982],[-127.28901480193471,53.22703098014034],[-127.28876509882838,53.23366816671636],[-127.28076321864108,53.24601941516342],[-127.27940242641269,53.25901458721741],[-127.28713379714998,53.261885915097274],[-127.28697633990626,53.26820074853122],[-127.28240025377714,53.27249913342599],[-127.26504742608604,53.277335308978174],[-127.269907725831,53.2866028743223],[-127.25726012542741,53.29579243745099],[-127.27115447771125,53.30679085178484],[-127.28017511978415,53.3091967764306],[-127.2805179491249,53.31340609610181],[-127.29367391538432,53.319282765074895],[-127.29252885632032,53.32163976417034],[-127.29845071390163,53.3275229790534],[-127.31784148874979,53.33160977672645],[-127.32356757734414,53.34375498590355],[-127.31586724784349,53.3556691824357],[-127.32468116847701,53.35443277457685],[-127.34135040257371,53.36547058890158],[-127.35232995547213,53.366091157696275],[-127.35601062010387,53.37342076876619],[-127.36308490455343,53.37566959167859],[-127.3692524443672,53.392747921051864],[-127.36304379481113,53.396336812253296],[-127.36534196829345,53.39680880690349],[-127.36536018316737,53.41085124164486],[-127.37591586500474,53.41536435974686],[-127.37572741923437,53.43491466970945],[-127.39559556898324,53.43922464355224],[-127.407454604428,53.44557231632109],[-127.40862374506945,53.453906423079204],[-127.40611200778211,53.458104111232714],[-127.41319431899689,53.46354429002702],[-127.41321210075276,53.47168322296752],[-127.42886336224085,53.481975499328485],[-127.43256000115025,53.48776345464572],[-127.44644909136414,53.49233777353718],[-127.4832235290266,53.484512769768905],[-127.48918709385799,53.48083066647346],[-127.49624903719146,53.467979704582675],[-127.50943135498356,53.46650379071741],[-127.51442211701236,53.452578119638105],[-127.51791098706327,53.45099433728286],[-127.52019619232581,53.45182774179716],[-127.51984958553517,53.459532533661296],[-127.5285682671302,53.46154403488246],[-127.53130376214125,53.4675857344844],[-127.55453034343003,53.4826897571908],[-127.57161002015312,53.50657746288407],[-127.55421437690661,53.514527776363565],[-127.55869565516753,53.53061610948036],[-127.56661330140969,53.53190988996175],[-127.57793043874875,53.54133710159779],[-127.5869006945339,53.54408134748512],[-127.60476316963278,53.54271695970112],[-127.6039949787172,53.547104802484114],[-127.61122887445514,53.55036128504003],[-127.61751330567435,53.56193747724629],[-127.63436361459544,53.55053182890222],[-127.63587360503594,53.540190337583745],[-127.66020667500415,53.52756575560758],[-127.67890284038809,53.53228645793468],[-127.67849139376436,53.54065396279404],[-127.67250562348444,53.54240949057926],[-127.68011444313697,53.54863340944544],[-127.69588639191849,53.54916601949532],[-127.71315750136081,53.54507423426272],[-127.72326963135755,53.55610455965886],[-127.73849289119927,53.555906541329755],[-127.74375313715525,53.55171799438284],[-127.77098325916397,53.55372786173194],[-127.76683161986517,53.55812279535412],[-127.77032139709415,53.56405862864783],[-127.75405206838458,53.57714931475968],[-127.7554799417852,53.586129373218554],[-127.76660711153527,53.59016986937409],[-127.7626924967385,53.59211605536911],[-127.76525941217136,53.59580115301984],[-127.74800075718656,53.60182860740582],[-127.74765362153474,53.606250341560376],[-127.76494950654961,53.62248067321219],[-127.75950604186698,53.63268393812747],[-127.77511086997607,53.63185883795139],[-127.79144951900234,53.64014204613113],[-127.78113356936515,53.65347908273531],[-127.77711238156155,53.65416319562921],[-127.78165822346264,53.65936425474069],[-127.77942538489143,53.66104543737802],[-127.7960672418313,53.661888099893915],[-127.80828296455913,53.65792929846073],[-127.82305688881549,53.662120483325836],[-127.81749252778106,53.675213548553764],[-127.80998208294753,53.678548966106504],[-127.80960670031881,53.68452290617487],[-127.82405422070542,53.68772188223994],[-127.82447675828568,53.697559934320445],[-127.83661835918245,53.7007177258135],[-127.8119012299556,53.70790198022169],[-127.8182267736095,53.72816863639568],[-127.82588433453142,53.730245436499075],[-127.84547985244758,53.72562379535764],[-127.89800689324103,53.746892536282935],[-127.91290419194097,53.76925381431033],[-127.89858266253773,53.77499275633506],[-127.90356649981449,53.78121170399974],[-127.90092982853817,53.785054721356964],[-127.90986882767803,53.78672234241841],[-127.91826138352388,53.8000187436724],[-127.94717154399252,53.81078179097994],[-127.95898131020036,53.823289207898036],[-127.95764516097653,53.83121455654392],[-127.96203810534467,53.83176499627806],[-127.96131933242216,53.83502164397001],[-127.96982191739525,53.84213303226092],[-127.98138492968774,53.84373285551495],[-127.98872551055935,53.850491429860504],[-128.00553658689313,53.85443409043658],[-128.015483315048,53.86276659040737],[-128.0117688268324,53.87125817540026],[-128.01849665124254,53.87623009739584],[-128.00258616023874,53.884660997441785],[-128.00324404183144,53.88884111463297],[-128.0274439944295,53.89837863977869],[-128.03466689081895,53.89388177511756],[-128.05207846716132,53.90101153465832],[-128.0635039377066,53.901532646138165],[-128.06414638006285,53.91455488181619],[-128.0603675630441,53.931187875820804],[-128.0463127318179,53.939196618630056],[-128.04584208223085,53.94854678844117],[-128.0526778359898,53.95149514192197],[-128.04697778082672,53.96333767235739],[-128.04995935254559,53.973582029951636],[-128.04019718716864,53.98069811891262],[-128.04427477493252,53.991092154506326],[-128.04331634789875,54.000740974271686],[-128.0295859179182,54.006768916693204],[-128.0189485208391,53.99791596517536],[-127.9806348396811,53.994382294475976],[-127.9515010552096,54.00340767532566],[-127.94769322170012,54.01221896059447],[-127.94117899974337,54.014670518201065],[-127.93910285409204,54.020556567461355],[-127.9133041028101,54.02143770197918],[-127.90867636615748,54.025425580288285],[-127.90098255425372,54.01962988601103],[-127.89467021710398,54.02295465255977],[-127.88703930419214,54.03934799846486],[-127.88235787738968,54.03806255697984],[-127.86012651061114,54.046798950335685],[-127.8630765342823,54.053245589947586],[-127.85729533721234,54.06536906290707],[-127.84967472363229,54.07018609675216],[-127.8512414678106,54.07432672915805],[-127.84678623881223,54.0799317932346],[-127.82530836497108,54.09127905470557],[-127.82375318803813,54.10433392938559],[-127.79870177289683,54.11262340829693],[-127.74600955672366,54.116135678545966],[-127.71709478218636,54.12584104972954],[-127.71946272754211,54.13391090987588],[-127.72705885742789,54.13853860923031],[-127.72275480478004,54.14332079058202],[-127.73877521829402,54.1501510848439],[-127.73655348642492,54.15584239239976],[-127.74309208016719,54.16164239986046],[-127.73818459516652,54.166547655523345],[-127.74562766290263,54.177735003602116],[-127.73667354579426,54.18753755761464],[-127.72473591697435,54.19292160908864],[-127.7248342502742,54.196697746530894],[-127.71762664293877,54.203722008755754],[-127.70623045509,54.204034603090186],[-127.70094237527215,54.20724645355216],[-127.70290614495954,54.2130830575907],[-127.69797965750958,54.21483058365508],[-127.69506140731596,54.22015905503435],[-127.68225958408743,54.22047214930109],[-127.66182223818062,54.23112280993293],[-127.65766151248548,54.24681512109998],[-127.66408030819115,54.25372854448813],[-127.67451475637746,54.25794338654146],[-127.67374445340353,54.26695615893089],[-127.66115662895902,54.28011070195842],[-127.66571548544333,54.28917761985151],[-127.6626040495942,54.29527898237244],[-127.65473842412517,54.300620411958086],[-127.64505218896036,54.29903989616671],[-127.6315350459717,54.308844136252695],[-127.59564859461477,54.30799338433186],[-127.58328276053773,54.32074701064495],[-127.58649258790327,54.323544075201795],[-127.57357195756296,54.329987420209356],[-127.56282923295186,54.34467466869046],[-127.56535133678831,54.35490939683071],[-127.56897105933598,54.35756495929365],[-127.54556737009456,54.369805889196265],[-127.54772606900215,54.375521462679934],[-127.5450371317946,54.37972256348158],[-127.52910265226848,54.381432983091194],[-127.53761130450218,54.3851806031912],[-127.53663781886196,54.38859134395656],[-127.55114619249704,54.39163357883074],[-127.5597694541795,54.40048230548155],[-127.56005645748162,54.40504275382222],[-127.54694509001104,54.416804093975784],[-127.55245255291203,54.42306111312955],[-127.54989719509612,54.42944842399622],[-127.53770391467008,54.43439036314955],[-127.54400915412383,54.437649351026955],[-127.54810070762855,54.445148802975595],[-127.58837464873507,54.45392212535493],[-127.60708339560132,54.44626567643258],[-127.61443764895701,54.44887090058605],[-127.62300224414959,54.444695760647996],[-127.640093382913,54.45120767666756],[-127.64305893814596,54.45714616938878],[-127.65504446701114,54.45435006571592],[-127.69523770740179,54.46373380766093],[-127.70655536971631,54.4620039534451],[-127.70916462393363,54.4579133654039],[-127.71400634202655,54.45858715920625],[-127.72803529424404,54.44944210539074],[-127.7522026755407,54.43984332198082],[-127.7609407898895,54.445284068020726],[-127.77750508641871,54.463704230154306],[-127.77875741345723,54.46568923533016],[-127.77485165139727,54.46834207234431],[-127.77592336934764,54.479937297485364],[-127.76494130541026,54.48611708607424],[-127.77394265057359,54.49839224953614],[-127.7682094466247,54.507605421102674],[-127.77352172849996,54.51949338236537],[-127.76671870301759,54.52889135897254],[-127.75965276127076,54.53054476084023],[-127.7517386704964,54.540727418034635],[-127.73410076239828,54.54324045535059],[-127.72741979728332,54.54779908143795],[-127.6927977463641,54.54604577556995],[-127.68012852265655,54.557451629673956],[-127.69453878064522,54.56608051714601],[-127.69450284428719,54.570700869103874],[-127.69019881377196,54.57327780306609],[-127.6941424745039,54.58390807269781],[-127.71152773573364,54.59140147951003],[-127.76249699357591,54.59537563471266],[-127.77612732865757,54.603324523017555],[-127.80500091381019,54.5990742242772],[-127.80983495161172,54.60405607512545],[-127.80955222801101,54.608262507094935],[-127.80305117012962,54.610893704911504],[-127.79734720929017,54.618206045398075],[-127.80001786998446,54.787367174854694]]]}},{"type":"Feature","id":1317,"properties":{"LGL_ADMIN_AREA_ID":60,"ADMIN_AREA_NAME":"Peace River Regional District","ADMIN_AREA_ABBREVIATION":"PRRD","ADMIN_AREA_BOUNDARY_TYPE":"Legal","FEATURE_AREA_SQM":119846904912.959,"OBJECTID":1317},"geometry":{"type":"Polygon","coordinates":[[[-124.94341395814668,57.99310204565481],[-124.95186357158876,57.99385411937109],[-124.9596730265152,57.98718443232719],[-124.96864593682828,57.98940775339959],[-124.97237745226663,57.99450698227453],[-124.98317182209958,57.99307232680117],[-124.9874213927087,57.99482084870476],[-124.98963368375054,58.002911182548296],[-124.99821466981923,58.00191117772801],[-125.00657830731885,58.00627475305142],[-125.02623103365957,58.00056055759464],[-125.02813533314558,58.00533892914075],[-125.06165338335987,58.023498050460056],[-125.09258964114409,58.014544495583785],[-125.1301597885351,58.02684107498709],[-125.14371301636973,58.028239728962824],[-125.15080657638147,58.02734734027755],[-125.153329280927,58.02386050747288],[-125.18684027085044,58.02345371389754],[-125.20266792883093,58.01971552022945],[-125.20464003383293,58.01275097301184],[-125.21048458866676,58.01061894688103],[-125.21141332195766,58.00460683302909],[-125.22322550695701,58.00172638708191],[-125.2215182832854,57.99654091448967],[-125.24464610433644,57.983856203195025],[-125.252346259934,57.98786218398608],[-125.2684915504601,58.00622834109457],[-125.27284250545368,58.00612271479923],[-125.27853080515811,58.00022052934736],[-125.31274724177509,57.994916627373726],[-125.36629581427547,57.99367892193027],[-125.37128026493416,57.98998590604678],[-125.38868904621295,57.9887794953828],[-125.41479387025875,57.97957440206097],[-125.44747881499501,57.97417098946058],[-125.45733266642543,57.964092613465375],[-125.45227215713622,57.95628991493129],[-125.45904682346611,57.95450563087823],[-125.4667360635361,57.94480074797128],[-125.48909694418124,57.94103489186071],[-125.49692625270686,57.9343125901548],[-125.50793410455493,57.93396993911698],[-125.52601750113492,57.9275790549049],[-125.54352392036056,57.929593004436725],[-125.58204167505355,57.91577094580858],[-125.60121108838696,57.91372626059746],[-125.60876929110596,57.917830673595965],[-125.61017491326429,57.92695876102533],[-125.62617961868303,57.933089958337646],[-125.64580644471951,57.92660788270914],[-125.64915786970207,57.923799183334495],[-125.64688091352805,57.91841291621701],[-125.65919645005451,57.91375627417909],[-125.6666751492633,57.90622157452835],[-125.66397227210541,57.89821750262654],[-125.648529479971,57.884692615000326],[-125.65056221591882,57.88113649602904],[-125.67491061592972,57.87772297823848],[-125.68589883913198,57.87947390722619],[-125.68655569232745,57.871695639533506],[-125.70479001087423,57.861695584333525],[-125.71494280142028,57.863592568700945],[-125.72350425368249,57.86036058659367],[-125.7308063189434,57.86480478061366],[-125.74379181166292,57.86437781998433],[-125.75703030541925,57.86880286226486],[-125.765460118762,57.89085867029126],[-125.78520703064949,57.905047418427024],[-125.78367976898647,57.90746641864947],[-125.79302718045327,57.921282563046184],[-125.78452238306137,57.933323916305824],[-125.80090956668064,57.94291799216307],[-125.79958755727303,57.94742257528632],[-125.8029621592983,57.949995282592475],[-125.80010061899537,57.953135861772445],[-125.80212768534999,57.96113137263831],[-125.79918538326703,57.96611500059539],[-125.80790714880312,57.97254586865292],[-125.8213465956334,57.97288630276371],[-125.82611994852579,57.97672548605371],[-125.84475366599487,57.97947319046005],[-125.86968881613012,57.969521214178684],[-125.88563183789111,57.97617910488733],[-125.89488598036716,57.97367694309857],[-125.91247069368933,57.981903845709525],[-125.92495191691303,57.976541461951996],[-125.94293070223071,57.987770921642564],[-125.96221948168966,57.99347921001318],[-125.9690061698145,57.991320705033054],[-125.97282197359476,57.97581417986864],[-125.97922946948125,57.96762040069969],[-125.988503854675,57.96437883423251],[-125.99358322250472,57.955530436460286],[-125.99994589997279,57.955678171691474],[-126.0139266842618,57.96516705410928],[-126.01662130412107,57.970658757020566],[-126.03194109947647,57.96593963295106],[-126.04689942005695,57.96919405666119],[-126.06783743627484,57.96305830186129],[-126.0621852552125,57.95615432740881],[-126.0674208081296,57.946218534982265],[-126.04769269890964,57.9374841957462],[-126.04772305214351,57.9257813656424],[-126.05514787589242,57.921021726769496],[-126.06535136222267,57.92139177155043],[-126.06809577511572,57.91379000888978],[-126.07919428496336,57.91309617088447],[-126.08381049665195,57.91720761175094],[-126.0926240074165,57.91848819819075],[-126.10923094593495,57.91307965708806],[-126.12849723929418,57.91593441008819],[-126.14380008266244,57.928654727403995],[-126.16681663578247,57.939055935914475],[-126.17435403308981,57.93474834884994],[-126.18663483405017,57.94657808571038],[-126.21435491072963,57.94859089026693],[-126.21580008444165,57.942376759849616],[-126.22528477684324,57.93449522585294],[-126.22158701202643,57.929535578227274],[-126.2379438500272,57.92997024504569],[-126.24522015830983,57.92388552692387],[-126.23934776429459,57.90956498002051],[-126.22927448357495,57.8999104396717],[-126.2282021875383,57.88923968582281],[-126.23779320875633,57.88006661485863],[-126.24866544118596,57.87797525064242],[-126.25030356526432,57.87441606663277],[-126.25847586686102,57.87152144352654],[-126.25718912272178,57.86174105219952],[-126.2852481788117,57.8543285355786],[-126.29904011913618,57.85632143266323],[-126.31136179694806,57.86448236658207],[-126.31360530717991,57.86786389912545],[-126.3104605969777,57.87557662204208],[-126.32268924964718,57.880496218227805],[-126.32090203864978,57.88857030696782],[-126.34010757730805,57.89060279121121],[-126.34770229860696,57.90287537197328],[-126.35598444462498,57.901731131325256],[-126.37186938599666,57.90923504145821],[-126.371674580889,57.91680445797669],[-126.37839481030665,57.92139357973509],[-126.42428592893997,57.90906010353205],[-126.43122933803454,57.923572554240096],[-126.44559390193106,57.92566846856765],[-126.44856191244308,57.93070540244253],[-126.4661421437062,57.932717722295486],[-126.47665913676855,57.93787833265357],[-126.48793727248189,57.9360620547099],[-126.50390410513248,57.93855736124141],[-126.52812047521849,57.9342054830034],[-126.5417723735607,57.94252162329456],[-126.5485668433739,57.95075203289798],[-126.57927319628672,57.9462877928127],[-126.5840336232131,57.93957927282724],[-126.60444318413752,57.92708541831269],[-126.6347052029679,57.93905013297359],[-126.65547389026598,57.954434735351235],[-126.65925960356063,57.96187553697403],[-126.6554667100457,57.971746468426254],[-126.67688181100199,57.984683128547296],[-126.67925061806066,57.988859621587565],[-126.6755986685256,57.99352018663159],[-126.67679118168984,57.99783595026004],[-126.68309898172623,57.99999966271055],[-126.69184384923621,57.99744512005252],[-126.6987726159337,58.001811706178174],[-126.69713359540756,58.00673395797991],[-126.71760056069279,58.00638597855285],[-126.73306961902115,57.99633569128224],[-126.73457968777842,57.99082575356958],[-126.74982289153165,57.98670766428384],[-126.74999243281194,57.981217761503295],[-126.75387947251244,57.979409604513584],[-126.77097990673686,57.98100339628885],[-126.7853551182085,57.977261249736394],[-126.8539441484851,58.005890097870896],[-126.8731558813025,58.00273564742496],[-126.87973531718141,57.99278856111003],[-126.90880965466964,57.993543476139514],[-126.91914186228293,57.997530415659156],[-126.94682926180764,57.99381850263051],[-126.95531570785073,57.987712931809796],[-126.95267461269735,57.97895539529226],[-126.95482002231634,57.97514151821066],[-126.95156983421427,57.96996497434476],[-126.97349533579008,57.96458920332033],[-126.9760593910063,57.96145650159056],[-126.97472493758612,57.955544367235504],[-126.95848907719704,57.945913672220506],[-126.96149684479273,57.936480189711176],[-126.95948492296604,57.93254257535602],[-126.94753488570429,57.92561957762245],[-126.94143698433521,57.918073596030816],[-126.92966968267451,57.91323424261686],[-126.9270816718861,57.907462758193844],[-126.93508480058739,57.892025589567],[-126.90365818845706,57.89137880316923],[-126.89811639354619,57.888109542133016],[-126.90207060626513,57.88278404795871],[-126.89467914124032,57.87533900767402],[-126.87930952951201,57.86856908397428],[-126.88063094658706,57.864449111707934],[-126.87540708182941,57.860974445315435],[-126.88184042645285,57.85352567756734],[-126.89512232424599,57.84638807887904],[-126.86984173955967,57.83647698572046],[-126.86781153372579,57.826391671208896],[-126.87600752504493,57.819875324649615],[-126.86168894424071,57.80623202260726],[-126.86458794361344,57.80085092960387],[-126.87866520745459,57.7967055961933],[-126.94671225623054,57.7944228440472],[-126.96259181420236,57.77774969570005],[-126.97495870336351,57.77194608171073],[-126.97734525416998,57.76030596283411],[-126.97262078449894,57.75365155155905],[-126.95253184432009,57.75145059331223],[-126.94919260813569,57.74057876220849],[-126.95113014417949,57.73058297253864],[-126.94717896310262,57.72808406477195],[-126.94519956747821,57.717279020742055],[-126.93564071902115,57.706557189147354],[-126.9346540009963,57.70000900415647],[-126.87954788973914,57.69796155327398],[-126.86141481012113,57.68767188863738],[-126.8439750254498,57.68367099918565],[-126.84362503759408,57.67544354914463],[-126.84820601003644,57.665215488218095],[-126.84576454252084,57.65690749313818],[-126.86192287382693,57.645815405463935],[-126.86004507272793,57.63985338113809],[-126.86468720678864,57.62870930659327],[-126.86026957345499,57.62721193724723],[-126.85715953248666,57.61764385407871],[-126.80971625955199,57.608917343836865],[-126.80231717011833,57.60083776193964],[-126.79193702799537,57.59653244064533],[-126.79037859065924,57.59120276417729],[-126.7754571418577,57.586564923734585],[-126.77360043955196,57.58080842137713],[-126.78903611034946,57.57123147320757],[-126.82656024097022,57.56870804540435],[-126.83598730348278,57.560016340103445],[-126.87382964770947,57.555085386418654],[-126.88521896570018,57.55940691449632],[-126.89464255787156,57.55245107442992],[-126.90739313258574,57.54870956835962],[-126.91296260529256,57.5425989674561],[-126.92571576724421,57.54214727641591],[-126.93422338270881,57.53561079819646],[-126.95885262156331,57.53554728487418],[-126.97498797773443,57.540658143129264],[-126.98585178701715,57.53279731721688],[-127.00554578265863,57.54077430328115],[-127.0086527283435,57.53252120457062],[-127.01549326237308,57.53052645565847],[-127.01771377363838,57.52500862271154],[-127.03024616136256,57.518079767965126],[-127.03022674999193,57.50914838364938],[-127.0361366774931,57.5068325329027],[-127.06494123110157,57.51223332289216],[-127.07403332213138,57.52243052825241],[-127.10055604075704,57.51866157869221],[-127.10748690630174,57.52397974823557],[-127.12760254147986,57.52599205669027],[-127.13519282823619,57.5321631585764],[-127.14707753202967,57.53442064493852],[-127.14739350044893,57.537302390908415],[-127.13587252913757,57.546333128474764],[-127.14278525306455,57.55136761318071],[-127.14550121641375,57.55777767827814],[-127.13736048239126,57.567271474361185],[-127.14319829766997,57.57313458813399],[-127.15298750280039,57.575982499614625],[-127.15226828881028,57.579943193675284],[-127.16477436497979,57.59000857841188],[-127.16435842427282,57.59427920384927],[-127.1704466364836,57.5956612857963],[-127.16963981295034,57.59939617030281],[-127.17291706975718,57.602121009327554],[-127.18834789019347,57.603466245859074],[-127.20832946817605,57.59194350800011],[-127.21917275364547,57.59454058964412],[-127.23623767966708,57.587100252957185],[-127.24850886980622,57.58958596491559],[-127.25978836130332,57.58531252111935],[-127.26309045063587,57.580220885187586],[-127.27814008688152,57.582224788148174],[-127.28595201288955,57.57577144379968],[-127.29258331184268,57.580623967274974],[-127.31063465143373,57.578009652149944],[-127.32103765727139,57.579819426068546],[-127.32495702813534,57.575693763294915],[-127.32022972066166,57.569404864530846],[-127.33264371478461,57.562298073164854],[-127.31773823812368,57.550558524693855],[-127.3185965762949,57.542448118364284],[-127.32980807048457,57.5306357978529],[-127.3355081477584,57.508562463401574],[-127.32855702232334,57.50423915665802],[-127.31574272275253,57.50619904189073],[-127.30701850790291,57.50387610572913],[-127.29671749415535,57.4923531637831],[-127.30217785946483,57.487989455804005],[-127.32557446193069,57.486837767004424],[-127.3264784251568,57.48421733507517],[-127.32605371906823,57.478551516601094],[-127.29904008994492,57.46261995367329],[-127.3047424270759,57.44028044761303],[-127.31851659320395,57.43276526577507],[-127.33487856295939,57.436354694288674],[-127.37013409372449,57.429784788714116],[-127.38167053738026,57.421382343304465],[-127.3795917786736,57.417171886123064],[-127.38627176814184,57.415969862755475],[-127.38494403477586,57.4117122177592],[-127.39175487562721,57.41213976265069],[-127.39677234332322,57.4075947274917],[-127.4192345598258,57.402947202015376],[-127.44551985332323,57.391459972333514],[-127.47441537400134,57.38520988242909],[-127.46100813584161,57.377673632229325],[-127.45248126042084,57.36801578770711],[-127.46020905449824,57.36296252945938],[-127.45666292335714,57.35555195660165],[-127.49123404776593,57.33499279083221],[-127.49291408199585,57.3293078934422],[-127.5076612107104,57.3236079474151],[-127.49820330058692,57.31457098397198],[-127.50918488053502,57.30170131937767],[-127.51902364425597,57.29712177402326],[-127.51681310216148,57.292666452386435],[-127.53601012990828,57.28650859134685],[-127.53570992920896,57.28274167131698],[-127.52456525261748,57.2792881764148],[-127.53586686512583,57.274193435552675],[-127.54507129089366,57.256550313510466],[-127.52830615678887,57.24544509487294],[-127.5148898478084,57.24529621760843],[-127.51508050306222,57.24037203043014],[-127.50842171163842,57.242084041819176],[-127.5101351514383,57.23699224328787],[-127.50439984369568,57.23413992289156],[-127.47234162008637,57.225747990667855],[-127.46801043356915,57.22047824221102],[-127.48090398377909,57.21288724325777],[-127.48152462380473,57.19822306332785],[-127.48994328819526,57.19481765594545],[-127.5010339476324,57.18197098095127],[-127.51834721600186,57.18522527968671],[-127.52788158305478,57.17999770344005],[-127.53005016452325,57.17176939665339],[-127.54926757895393,57.16356462441057],[-127.55823475035001,57.163117924286475],[-127.56762578329266,57.15731074012949],[-127.58454272059059,57.155349466762104],[-127.59148768853152,57.160533743070694],[-127.61878312406452,57.16850978066579],[-127.63559835744925,57.17949583504989],[-127.65861759414591,57.179585222747654],[-127.66284701057725,57.178824766112285],[-127.66256824678577,57.17331245633144],[-127.67563187437601,57.16379194375301],[-127.69543919652932,57.1632447476881],[-127.72177835563825,57.14956935990529],[-127.71393120827037,57.140391151722596],[-127.7167972758618,57.13779711004092],[-127.73154624215152,57.13752487297576],[-127.73761605890839,57.131539738958494],[-127.72947561653923,57.11918510757579],[-127.73072829411433,57.112016401073205],[-127.7369446968107,57.10580819315034],[-127.67993979944245,57.089276756562235],[-127.67113000109455,57.07751298827466],[-127.68625652014825,57.072740070483654],[-127.7029978508389,57.074989848446094],[-127.7031511685074,57.06854668382693],[-127.69995263440474,57.06583920001382],[-127.70300092321274,57.06260947285341],[-127.66201997906083,57.04297484526821],[-127.6627123020596,57.035583063758715],[-127.65999472420444,57.032337581647134],[-127.67730180143228,57.025428880651006],[-127.681825898483,57.0165590449822],[-127.69267142049502,57.017741911737176],[-127.6994854080074,57.027635822139466],[-127.72366957657171,57.02784573229301],[-127.72347298314195,57.0188413998479],[-127.71274815527167,57.01301751891535],[-127.73365992237224,56.999236140279166],[-127.71282164582654,56.99033663510046],[-127.69179529600305,56.99271012391545],[-127.67738425347561,56.989495940226085],[-127.67327735970414,56.9906653767908],[-127.67195623139219,56.996796748180806],[-127.65073813988629,56.989786493719436],[-127.61627101309023,57.00029442575727],[-127.59111095220402,57.00000474999024],[-127.57726535328861,56.99079662509217],[-127.57698682367982,56.980746639881296],[-127.60409794694122,56.97838560625957],[-127.57161806664347,56.96290682022434],[-127.58296802761569,56.95030464366125],[-127.56916909868256,56.945793943429685],[-127.54052629073071,56.94498275058082],[-127.54029426003973,56.935495136543125],[-127.560342920799,56.92844396899971],[-127.56140451856255,56.924248338565675],[-127.551188793083,56.917035388670364],[-127.54026777754669,56.90363179522268],[-127.54210027857299,56.9025390762301],[-127.55328564975426,56.90204012636168],[-127.5840592371661,56.91081727604465],[-127.59826158855105,56.91132976483896],[-127.60854810664172,56.90889404994396],[-127.61517635273245,56.90163416244922],[-127.58691792239266,56.887026095960486],[-127.58339242801239,56.882307113824076],[-127.57485280654737,56.88000871663665],[-127.57387395104674,56.87583459779879],[-127.56752519870267,56.873650529775986],[-127.56079328236052,56.86532508639233],[-127.56391486178707,56.85997012243473],[-127.55955118464227,56.852450473845145],[-127.57815606224678,56.847752000508606],[-127.60460545945905,56.85255175151533],[-127.60516394081424,56.840185950342665],[-127.57198758778391,56.82257994500424],[-127.56871073903558,56.81684400140572],[-127.57207629128328,56.811491627764795],[-127.5383353015119,56.796251883006136],[-127.53641654497918,56.79128466504935],[-127.54221873337767,56.78942981684286],[-127.53593181804088,56.78439648996523],[-127.49962799632884,56.777352126334065],[-127.49315831181127,56.772170617166225],[-127.49872905290925,56.76871565996261],[-127.49831815863999,56.762205533722494],[-127.50583824000296,56.754101496996384],[-127.50381706597975,56.75063598010802],[-127.50673080262389,56.74740932683567],[-127.52385824346881,56.74879034262472],[-127.53659808454192,56.74485534121705],[-127.53283914907247,56.742799509463616],[-127.53443378651417,56.7364658512863],[-127.53132140461295,56.73336531480253],[-127.53937492672036,56.72081599215827],[-127.54225393016233,56.708304568388286],[-127.5367786792304,56.70542806539984],[-127.53326185334328,56.704712833758215],[-127.51315034937792,56.716356744967435],[-127.47751484664977,56.71758471006811],[-127.46697838613518,56.711085040638714],[-127.46748699834423,56.70741635071772],[-127.45833417511726,56.7071327168204],[-127.44832207389481,56.71145610904981],[-127.42623369555429,56.699453311317534],[-127.42349651538514,56.696472528236455],[-127.4316495125991,56.68691527562317],[-127.429667470031,56.68563236489766],[-127.41329886046589,56.68257856713093],[-127.40595416908528,56.68528620250966],[-127.39653105717105,56.684155889061024],[-127.3975990554151,56.68984636099581],[-127.39062216747038,56.69501482981603],[-127.3765876155554,56.692172047595356],[-127.37216960431698,56.693726761688836],[-127.37281120157779,56.698158941771354],[-127.36322474604042,56.70558805809839],[-127.34928996056192,56.70456755933211],[-127.34812714239449,56.710725113540185],[-127.3525493540402,56.71445868524023],[-127.34931214371842,56.72283514230387],[-127.33669544665769,56.729701938892426],[-127.30417961519747,56.73599483397102],[-127.29277988558297,56.71482218746871],[-127.27759173689853,56.72358967724629],[-127.26145889785653,56.72657947254824],[-127.23147873513378,56.738221259870805],[-127.19946536059726,56.71615042360272],[-127.18305531625295,56.69624248770432],[-127.18292168287603,56.69005337292741],[-127.16184697612655,56.666056583373376],[-127.13018264984717,56.657380955099484],[-127.12480391494486,56.64887726237354],[-127.11820658221474,56.64702544416169],[-127.11253625069102,56.63598972172828],[-127.11890644676949,56.63315177458563],[-127.11451034449074,56.625654861043586],[-127.09085204454452,56.61835490451522],[-127.07694468588866,56.63154985553734],[-127.0476639515015,56.63277427859123],[-127.03505203199776,56.639725694675924],[-127.03713521866197,56.643364993003196],[-127.03454672582878,56.64721011777939],[-127.02294825306139,56.65000181844581],[-127.00714976212345,56.6469232180065],[-127.0000189266357,56.65067288017898],[-126.99437058204676,56.661193653759405],[-126.98659446615859,56.66595161462561],[-126.95505075708894,56.6644060301746],[-126.94874872583485,56.675269566952196],[-126.9372840881873,56.68153828688977],[-126.90839720892981,56.68182823061035],[-126.88908523437135,56.689561097217414],[-126.8574471346683,56.675876623126626],[-126.84460902046995,56.67771592428846],[-126.81197240153125,56.671844585664736],[-126.81138185895361,56.675960030607264],[-126.81907657172003,56.683264320803474],[-126.81510815965302,56.68938447019981],[-126.83617182112094,56.6951201782223],[-126.84293125782669,56.701060666471925],[-126.83284396189448,56.712001811537625],[-126.8377129342825,56.7177029482233],[-126.80397414787076,56.71783171289697],[-126.79575112775102,56.71992413891556],[-126.79395911468443,56.72686297566083],[-126.78080585824334,56.729382283653194],[-126.78311543425596,56.7328223080872],[-126.77686822369921,56.740787936064315],[-126.78851421991774,56.75301611577115],[-126.79048170147489,56.760087440799396],[-126.76699028746663,56.7685415766197],[-126.7609648094689,56.7770815735739],[-126.73463803272477,56.774491197621],[-126.71663646412041,56.76842433521183],[-126.70546826976067,56.770596773926755],[-126.67544464316897,56.766931170340904],[-126.64049996425001,56.7800605224836],[-126.60872616668352,56.78303500370405],[-126.59567004213132,56.77982722353134],[-126.58154297499887,56.77014760131334],[-126.5810869453538,56.76279336767166],[-126.58948694425352,56.75660825673166],[-126.56960342212889,56.746309394319404],[-126.56770741893862,56.73937331419686],[-126.55953891814899,56.73302746856061],[-126.54826606096965,56.72987634452226],[-126.5296939601205,56.7355968054148],[-126.50760027845145,56.728553169588224],[-126.48690905904724,56.72929986482576],[-126.49870777246612,56.72254618906389],[-126.49851556041193,56.71764725016713],[-126.49055723256748,56.71264000826085],[-126.49063537818768,56.70773249843546],[-126.48261034118418,56.70235688442421],[-126.47730076175947,56.69291753639534],[-126.46004312589186,56.68308992525795],[-126.46053682520382,56.669721671981264],[-126.44334099445881,56.663803378353386],[-126.43898952300468,56.65938191852426],[-126.42786646635764,56.657927219803824],[-126.42050114271224,56.668038581653704],[-126.41189831894472,56.66527056032018],[-126.39337284239227,56.66984013305112],[-126.3949733619855,56.678340000510474],[-126.38880598425479,56.68058152553884],[-126.36500156033905,56.679320957428885],[-126.34478634800713,56.68407434856341],[-126.33278986759704,56.67844318587108],[-126.31684527062271,56.67970933511388],[-126.30071178933672,56.67358529870193],[-126.27486906281807,56.672559774325904],[-126.26781035592678,56.66775821587404],[-126.26999440381863,56.657200282441785],[-126.24450884182858,56.65511952861955],[-126.23051278884628,56.648895590957466],[-126.2152229430736,56.64951203192746],[-126.18513220771274,56.64136658741664],[-126.1753382587275,56.6363128588794],[-126.18057204370162,56.62990408338478],[-126.17544407738858,56.622536143143286],[-126.17998728265412,56.615329730380644],[-126.17091193897711,56.60415776658395],[-126.14510612621632,56.590228968212756],[-126.13534178194422,56.59083525967005],[-126.11703485221743,56.58405307557969],[-126.1136275011342,56.57896735310916],[-126.13587739644333,56.56204039622584],[-126.13418185480927,56.55614476610156],[-126.1381697922832,56.55118513963807],[-126.11809582008212,56.54315664143504],[-126.10275631867616,56.52649933022024],[-126.12185057220557,56.514700860398015],[-126.15775908449164,56.5154381937337],[-126.17515540057894,56.5089640220463],[-126.18280814540485,56.510912641452904],[-126.19091796705129,56.50698868053322],[-126.19672973793047,56.50951097289858],[-126.21020625387501,56.501985657357686],[-126.20362573783395,56.49641959586471],[-126.2061921507665,56.487549909462366],[-126.2038721880734,56.48360567877274],[-126.21846089980129,56.47871126937321],[-126.20704560790716,56.47358315055874],[-126.17665277631785,56.47126841211386],[-126.15602249869379,56.45528297154255],[-126.13682798346716,56.44588872110078],[-126.11959060540357,56.446559252503334],[-126.10562102180792,56.443046028831894],[-126.10886341064497,56.43494788612679],[-126.12454846734751,56.43397525734528],[-126.13055034248492,56.429779733366466],[-126.1221713516852,56.42616983534919],[-126.11525957124029,56.4112047461271],[-126.13761337367136,56.394662361254],[-126.15487078148398,56.38727355163377],[-126.15601301520287,56.38043142339775],[-126.1517453310164,56.371024115258614],[-126.14026048532396,56.36585169820208],[-126.15348698245637,56.359473719979654],[-126.14848652220115,56.351991947580174],[-126.15705834315138,56.34688566498139],[-126.16564538794586,56.33041744830395],[-126.16479376170896,56.325103608893514],[-126.15894212049277,56.321994201947746],[-126.1683732277058,56.31652940691316],[-126.16390181984974,56.310305726973674],[-126.1691325353131,56.30124797926776],[-126.1677417621576,56.297249141636094],[-126.14505167638146,56.291598179112256],[-126.13459930774974,56.29368470718941],[-126.1261517474241,56.282405542120934],[-126.12472499405364,56.27429139721631],[-126.11955649102609,56.27042878909828],[-126.09770690623276,56.268383979930036],[-126.07983900494594,56.27801020178404],[-126.0608199054249,56.27077207212989],[-126.0519000468067,56.271453730614724],[-126.04307189065317,56.25815483930561],[-126.03576601882305,56.25408164031733],[-126.03702605722455,56.24702037485321],[-126.03096877167516,56.24490246129499],[-126.00261080165063,56.25056114738263],[-125.9809642087557,56.24955734031875],[-125.98391845049515,56.23830346856667],[-125.98944001645896,56.23576395921554],[-125.98785229857539,56.22159927488889],[-126.00046572672187,56.21918499350639],[-126.00115886667285,56.21299917206529],[-125.97245641308845,56.198363676991676],[-125.99462786637724,56.1760931216109],[-125.98880044602706,56.17057996134221],[-125.98071471694387,56.16819540328405],[-125.97148504614188,56.17003586638248],[-125.96243062518971,56.16503058755016],[-125.96596840578714,56.15617213775186],[-125.96196961975815,56.151306030989716],[-125.9636265244328,56.145357320027436],[-125.94692382331739,56.14326705087335],[-125.89006279784735,56.149321271349],[-125.86937298832558,56.14742465537349],[-125.84973623729279,56.155007597903285],[-125.84286844467923,56.15421504312835],[-125.82376353795526,56.163721091777745],[-125.81562394214048,56.16468893211031],[-125.81460682472007,56.16840052662916],[-125.80871351530396,56.170677990339215],[-125.79063012683373,56.167026898901746],[-125.78142435951806,56.16871766049],[-125.77795105857959,56.17081827910534],[-125.78177824621129,56.17761751696802],[-125.77930800175535,56.18082215212371],[-125.76117829925057,56.1791192988167],[-125.74327817494488,56.183644803130164],[-125.74430859974501,56.202185356495086],[-125.72555401015094,56.20444300427112],[-125.72453623679581,56.20843237447302],[-125.71177635470852,56.21257800678199],[-125.70443450028915,56.2058956344648],[-125.68314816351524,56.20336640779522],[-125.66275192301845,56.206423086787545],[-125.65592536942833,56.212412368348154],[-125.65091087939061,56.20838737526214],[-125.66364361160997,56.195563928820825],[-125.65989829614644,56.188040446306765],[-125.66231220787517,56.180228507932526],[-125.65657153940582,56.171627360608994],[-125.63709839586096,56.15550603786071],[-125.62705866695335,56.151771119073885],[-125.59460998381745,56.149245224305616],[-125.5824285010434,56.153335482251386],[-125.580308381406,56.1588086427397],[-125.57063395481983,56.16611997302919],[-125.54754826022001,56.16755989192116],[-125.54690619574579,56.173676031619905],[-125.53684031077447,56.18367107756686],[-125.53325415412364,56.19707385775232],[-125.48347844868458,56.2046900869769],[-125.47887481622611,56.21186591239427],[-125.46484397246573,56.21943754643963],[-125.46654648742073,56.22872194107501],[-125.45612692163735,56.24294922887847],[-125.44251822946721,56.2437080413964],[-125.4358764379173,56.24717145507705],[-125.42732174012451,56.24432376266472],[-125.41451401607767,56.254998093761856],[-125.3946791586168,56.25461628664561],[-125.3740748753106,56.264449691532086],[-125.3321579887267,56.253158786592685],[-125.29237619363425,56.25292370118899],[-125.27504766746672,56.2475086893281],[-125.25377054204185,56.25141216418887],[-125.23641295324043,56.24692800220049],[-125.23667080200941,56.25325531732659],[-125.22713566491532,56.25561521235355],[-125.22371312810007,56.259578197594685],[-125.22594319874221,56.26594193965234],[-125.23291197357133,56.26691582190292],[-125.23144392824956,56.27282889395933],[-125.23568021018356,56.27450193772683],[-125.2319409632544,56.27917284744104],[-125.21147723273742,56.281122915931014],[-125.19559973356483,56.290770104551726],[-125.18610345596909,56.28832394419755],[-125.16406288645146,56.29594973320282],[-125.15863021387526,56.30084561274041],[-125.10717282076129,56.30837533764485],[-125.10587043568854,56.30537192830847],[-125.10994653229798,56.29974567218469],[-125.09934799811904,56.29187364665596],[-125.09939067431716,56.28646284565024],[-125.0881412014298,56.27888850900464],[-125.08985418099498,56.27116787194643],[-125.06888333165335,56.26160678176568],[-125.05236516387177,56.2496837990329],[-125.04937804790184,56.23745137488341],[-125.0542592449453,56.22651334164964],[-125.04616511039119,56.22228991666858],[-125.05150790565035,56.21601846481232],[-125.04702779593534,56.203073804526575],[-125.02758480541794,56.20471523854989],[-125.0114567646061,56.212830087719986],[-124.98697180100518,56.21460090089304],[-124.98619886695364,56.226643490807234],[-124.96654974137597,56.237028478127],[-124.94587980703137,56.238457702153354],[-124.92939660716046,56.24472786658028],[-124.90245054689453,56.24649312705743],[-124.86943764535633,56.240732812792196],[-124.85108960206706,56.22791952093701],[-124.84443116076798,56.22677487550895],[-124.84018894574646,56.22005334010525],[-124.8253407205818,56.21679564280627],[-124.79774794354965,56.22068550760886],[-124.78837867748422,56.21210263075621],[-124.78597272501466,56.20266882722442],[-124.77505528138028,56.194687452831545],[-124.7721564766793,56.18553504854126],[-124.76705915050631,56.18156418322999],[-124.76756032980224,56.17587566817407],[-124.7584529998031,56.169068150444524],[-124.75715350574255,56.16107084348948],[-124.75111538285405,56.159043779983705],[-124.73725376350717,56.140836497537286],[-124.70811400292486,56.136637874124],[-124.68863031236032,56.122729454724904],[-124.65119098503277,56.122768354003234],[-124.61605160125009,56.116906885287094],[-124.59158257409038,56.12343401199049],[-124.58494257675109,56.12240512624509],[-124.58122317129586,56.12541819348506],[-124.56780141257549,56.12514197723262],[-124.53984080215479,56.11638888890218],[-124.5163325101277,56.11666176996292],[-124.50884636672286,56.12872273436283],[-124.50428056202102,56.12684643767677],[-124.50537863691954,56.12447874567567],[-124.49692591994615,56.116008482813825],[-124.49780968941785,56.10785991596723],[-124.49309858185607,56.10358274702837],[-124.49538122552178,56.09693248075733],[-124.49042559681952,56.09224781236764],[-124.50271060332982,56.07791002934494],[-124.49493836082237,56.07098035549816],[-124.49505585014103,56.06502421332245],[-124.4872048763853,56.061460774815714],[-124.4848533299342,56.05311812993143],[-124.47948730402477,56.0492736755593],[-124.48142988243659,56.037119256075805],[-124.46947485653207,56.025235965904756],[-124.47290896479635,56.01807607776656],[-124.46660328216392,56.0156610886304],[-124.4615767163691,56.00914898477504],[-124.4545019821498,56.00740846766068],[-124.44965630462472,55.991509353439646],[-124.43951958660581,55.98803870892908],[-124.43208692288916,55.98106026111235],[-124.43907847894233,55.973909822183096],[-124.43644941441852,55.96365047173383],[-124.41403486412797,55.95555368804292],[-124.4178370393282,55.94374226841371],[-124.40116644223082,55.934089285792545],[-124.39813874974199,55.92469732055365],[-124.38223171004536,55.910300498803544],[-124.38545234466763,55.89613023628476],[-124.37045166771625,55.88646736668671],[-124.37009936558678,55.88176258895484],[-124.37424518853103,55.880251650303286],[-124.37588864045699,55.8742375745598],[-124.36512903096909,55.87072300820091],[-124.35383535961346,55.855730180486624],[-124.34505237346704,55.85476313745179],[-124.34861686302898,55.84759217522899],[-124.34538216596223,55.84196036094405],[-124.33005381868112,55.83836584687698],[-124.34600635888222,55.81734656708978],[-124.35623343861278,55.815104507404314],[-124.35025943413096,55.79590393430755],[-124.36252077677287,55.79026613350068],[-124.36013929264273,55.77898487886369],[-124.35279587195625,55.77474056318788],[-124.35091543948968,55.76723679767854],[-124.34044693968333,55.76611431654154],[-124.33509630177953,55.76009390312053],[-124.32982860129412,55.7499576835427],[-124.33663021727453,55.74493846842276],[-124.33327030316536,55.73537869988182],[-124.31899746176418,55.731476987576436],[-124.30550963661514,55.7042999898403],[-124.29091182766126,55.693863559698386],[-124.27832468701408,55.69427582405087],[-124.2730456457573,55.68349130542378],[-124.24874238562276,55.690105126917366],[-124.2418201685248,55.68903409674945],[-124.23648625826985,55.67796004746429],[-124.21045479447724,55.684896196847745],[-124.20057820898721,55.68043122461931],[-124.18728306672094,55.67993149036172],[-124.18391377642936,55.67059051283758],[-124.16887314682026,55.669495571543436],[-124.16780809646785,55.659656931827584],[-124.16497910100047,55.65883912388352],[-124.16854772178927,55.65644183989257],[-124.16966945122397,55.65011390102394],[-124.16011648857476,55.642940793657736],[-124.11878180847194,55.63486673399307],[-124.11880528665067,55.62268335364439],[-124.12536296104027,55.617597127768875],[-124.12516713745389,55.61100609163039],[-124.13064101881693,55.60794838731434],[-124.13224821588037,55.602020668099485],[-124.1250486047351,55.595589937034276],[-124.10201347596453,55.586803978338786],[-124.09576764001304,55.58067050067405],[-124.09416812738657,55.57056437734816],[-124.09818486617662,55.568443664847415],[-124.09646749432297,55.56694935764177],[-124.10155946268014,55.55642580698566],[-124.07125279396342,55.545569580833465],[-124.07141061175432,55.54321381486862],[-124.05290562353831,55.541463166914816],[-124.04002258594014,55.536504995857804],[-124.01426173556197,55.536466339614044],[-124.00763852655255,55.53895623122534],[-123.99743743857952,55.552543807346254],[-123.94883076098236,55.548348874609474],[-123.93932126248066,55.55103707278503],[-123.93597012672113,55.557433807993874],[-123.93943855371428,55.55979356288369],[-123.93609219811646,55.56968081782575],[-123.93922068071055,55.57805580934857],[-123.96212534416787,55.58884412505768],[-123.95740477276829,55.602195325887145],[-123.96094147800356,55.60633815496788],[-123.977185435444,55.61001886788656],[-123.97472008547092,55.620069841496864],[-123.94458177539289,55.63872976814948],[-123.92332682246202,55.64209951606374],[-123.90409268718481,55.65211022226447],[-123.8864096474067,55.65217232613727],[-123.87507266651824,55.65760924507295],[-123.87427546788632,55.66256910968698],[-123.85723592236728,55.660367963207406],[-123.85272082148366,55.665449435572306],[-123.85229060250889,55.671499864828846],[-123.8480233651541,55.67424212291085],[-123.81811848987758,55.67490432746872],[-123.8166710042335,55.70159261675154],[-123.80345081491231,55.7032792760812],[-123.80444408165542,55.714190390226214],[-123.79817214959343,55.7167652685326],[-123.79460138163537,55.7217425205119],[-123.79424249372003,55.73020634061453],[-123.78950679681944,55.73225863708462],[-123.79566960686687,55.741653813711714],[-123.79666069264984,55.75668035511729],[-123.80597392360109,55.76116335902561],[-123.8148657219622,55.758582767236945],[-123.8162028509871,55.769194901431625],[-123.82375608857204,55.76724555286826],[-123.82280001955691,55.7860907932473],[-123.82899249776995,55.791258846677394],[-123.82363484669442,55.799624492773766],[-123.83244647019542,55.797749069291996],[-123.83593564989003,55.80119483721076],[-123.84412868334621,55.80129562419213],[-123.85588630900638,55.79678944422176],[-123.86248802334659,55.79902466082059],[-123.87376253584331,55.82166169153008],[-123.86767214953962,55.828261278401165],[-123.86783134730696,55.83373835928823],[-123.87181223227165,55.83754405921288],[-123.87750227292516,55.83708128888614],[-123.88339395728127,55.8437962735059],[-123.8883103501647,55.8438447470921],[-123.89606433124862,55.85562551677992],[-123.90413396314835,55.85885322059005],[-123.90308921062028,55.861031400539744],[-123.90790342143367,55.86307364704325],[-123.9062452008946,55.87496676229183],[-123.91910968173097,55.88368122048962],[-123.92683567343946,55.884910231219074],[-123.92827956589745,55.90714853516173],[-123.9256578211511,55.91758946678617],[-123.93244822745012,55.919178340120816],[-123.81513325116283,55.99188898536434],[-123.8047102567171,55.990538357684436],[-123.80814126992888,55.98714543880983],[-123.80050614875621,55.97292658163873],[-123.78861624424157,55.96904469021634],[-123.78720695894695,55.9650422567679],[-123.77281507017082,55.95992185080866],[-123.76862562268309,55.95543742666391],[-123.7587452990986,55.961249235848555],[-123.74999920518715,55.9579332819407],[-123.73445363351969,55.96168390801369],[-123.72859247740784,55.96802335763449],[-123.7200721952933,55.97048446502612],[-123.71754985771464,55.964919329405106],[-123.70361631378844,55.957179485617075],[-123.69655239653002,55.94535307356732],[-123.67938420061317,55.94169308408301],[-123.68397234905248,55.9337366931447],[-123.68113145110469,55.921134095644625],[-123.68456369004326,55.914013684502486],[-123.6679497387727,55.91359573474118],[-123.65660882160566,55.90162439441223],[-123.63684689738925,55.89007523282345],[-123.62757927709187,55.891434670596134],[-123.6052731414984,55.88213573731963],[-123.59443652765988,55.884218205340794],[-123.5823914440332,55.88088532000731],[-123.57908673224823,55.871979507992016],[-123.56878963193303,55.86871793241899],[-123.53230719664285,55.86521510425979],[-123.52219563447613,55.87098802404576],[-123.52627672902118,55.87536743539836],[-123.51295560717237,55.88207275561319],[-123.4872735238763,55.8762198576789],[-123.4607738313556,55.88433670913522],[-123.4336905068313,55.88539750142022],[-123.43067401827052,55.87798929305354],[-123.40770268401205,55.86586858036646],[-123.39227657656019,55.867855519056384],[-123.3873429638998,55.85970058270826],[-123.37389257756685,55.86263841015551],[-123.36757933040455,55.86071661405063],[-123.36346305380367,55.853339995397505],[-123.37532468968256,55.84656247416273],[-123.38539584551056,55.83568913832264],[-123.36733932208095,55.830195474201744],[-123.35210237672912,55.83175453863319],[-123.33958491091589,55.824298015344425],[-123.34229226453313,55.81087350560989],[-123.3166697721273,55.79750015133702],[-123.31806502841489,55.78798710861236],[-123.30858007776227,55.77496760235408],[-123.31668473233098,55.77182009792311],[-123.31102364320448,55.76151938746513],[-123.31743144231285,55.75189766040489],[-123.33476440918713,55.744321926318165],[-123.35023133042532,55.742526675098986],[-123.34394257043247,55.73380165614735],[-123.34538891897213,55.72807389160696],[-123.33460297666268,55.72545304958626],[-123.33063499583976,55.71309587153365],[-123.30856056989484,55.711264368996545],[-123.26235199818016,55.698788190894156],[-123.24535951005502,55.70610549121318],[-123.23890501761876,55.71323165843787],[-123.22096194797173,55.71227684943218],[-123.20434769189762,55.71874813418408],[-123.19273909385609,55.719018481838845],[-123.1992033499161,55.728305033472914],[-123.1910528081506,55.736995840227394],[-123.17038194331644,55.74129227572201],[-123.14654049276606,55.73388116276019],[-123.14282897237125,55.72680307609626],[-123.13630247670889,55.725186137575676],[-123.14334372188213,55.71326353093726],[-123.14144340066967,55.70712272521084],[-123.12552375990302,55.69371085557358],[-123.13629413193203,55.68316248032057],[-123.12887761779803,55.67835031360875],[-123.12967643003138,55.665050025164014],[-123.13347368094341,55.65977250098526],[-123.14548446394367,55.65399617027585],[-123.15025237163341,55.64714050630485],[-123.14975385171745,55.640491862354665],[-123.14050325157888,55.64022425096202],[-123.13711550077632,55.63455824011578],[-123.12373953745703,55.62910029721921],[-123.07435369213351,55.62475524065441],[-123.07847426363081,55.60733575626853],[-123.07092189822643,55.598438690503535],[-123.06893821593323,55.59041372753479],[-123.07525468759428,55.58940563637894],[-123.07935498119865,55.58492824039688],[-123.04638385986466,55.56716270457443],[-123.04040873885572,55.55980761330555],[-123.00397065851658,55.560869524842815],[-122.97474756116272,55.57659374108679],[-122.97239374332067,55.580690654624355],[-122.9589400057814,55.5845337068142],[-122.93259357685731,55.56990552448596],[-122.93033116456009,55.56390788670607],[-122.9453844910267,55.55821664807264],[-122.95550639797807,55.54860515507843],[-122.94380334439602,55.53799132264032],[-122.9432336878216,55.53377680468181],[-122.94662746650748,55.53139713345361],[-122.94184373770963,55.530864799687116],[-122.94362713419885,55.52947485947341],[-122.94014297663894,55.52412475426661],[-122.94350107450667,55.52163033251264],[-122.94460953299495,55.51179853480951],[-122.95647197350557,55.50350855176718],[-122.96599734778094,55.501400926408955],[-122.95639368132906,55.49635692201452],[-122.95623753447157,55.489670509029786],[-122.95976932600364,55.487126769465924],[-122.95773716487686,55.48340301206645],[-122.93286847631437,55.47065614307335],[-122.93286874986205,55.46118518227771],[-122.95052379005405,55.45923669577453],[-122.9808006867965,55.465506248479855],[-122.99905279872776,55.46305464587539],[-123.00038122958848,55.45867860145212],[-122.99677637221038,55.450816029055645],[-123.00607187585783,55.44400471691198],[-123.00280282561725,55.43894884090438],[-123.00719293891717,55.43691487705801],[-122.98350752818371,55.422213239509304],[-122.98753688928821,55.42029075421082],[-122.98646402325751,55.416166157902175],[-122.99321167192964,55.401528824705196],[-122.98595995991013,55.39729588308217],[-122.97032362525256,55.4041422797572],[-122.95961460780762,55.40283826699736],[-122.94879802607464,55.40927305662102],[-122.9197338636868,55.41097372754841],[-122.89822497099593,55.415846007773474],[-122.89158260550221,55.42255270494485],[-122.8891251434397,55.42185859276477],[-122.88998995597183,55.41766300131181],[-122.86913487356013,55.41371566791508],[-122.88166281147328,55.40776684258212],[-122.88189086324667,55.4001390842229],[-122.8474583080563,55.39449681883457],[-122.8473887768978,55.38795503753419],[-122.85466393755097,55.379867634090395],[-122.85064202388618,55.37733076707113],[-122.81530785632093,55.38564635959992],[-122.80307262131953,55.38080883807433],[-122.79237291880595,55.38064337331267],[-122.77331076410832,55.36906165510932],[-122.76449951625759,55.36938745883557],[-122.75226997804964,55.36318298892013],[-122.75671162655802,55.35804696580318],[-122.75550756051304,55.35378524088037],[-122.74199459131785,55.34597364520108],[-122.7240695758962,55.342371069117945],[-122.70492666548841,55.34538856285425],[-122.69945574312013,55.338577855308436],[-122.67653331534846,55.3356538060914],[-122.65906172213387,55.341669851666246],[-122.6526563747433,55.34692258385021],[-122.64741928998015,55.35954184763186],[-122.65169539680069,55.364783927607384],[-122.64113788130518,55.38431575922129],[-122.61095455852015,55.3992209447824],[-122.60447414545716,55.409888391397786],[-122.59442902696064,55.40782967721314],[-122.56990636326323,55.38899230091608],[-122.56728952294434,55.37950289944203],[-122.55889611432109,55.37358710216346],[-122.5595152630209,55.367568739667476],[-122.54776649963296,55.3657106800508],[-122.54409131082583,55.36015268163893],[-122.5274002528807,55.350140784928854],[-122.51964712602013,55.35051593045329],[-122.51519051411297,55.34611315899322],[-122.51697929307063,55.34223428778348],[-122.51287497031554,55.33320400556419],[-122.49536146411366,55.326029958564426],[-122.48518786219915,55.31487474062743],[-122.46313241501781,55.30993431020107],[-122.44865853501696,55.314523647104025],[-122.43319243136885,55.31515678524605],[-122.40464379400332,55.29816001434787],[-122.4024670612691,55.28929202576012],[-122.3856183209401,55.28283424040138],[-122.37432991343519,55.269818821565],[-122.36027909303772,55.26271879076627],[-122.36007735464632,55.255036499178125],[-122.34884808315877,55.254145386488155],[-122.3444580507863,55.24685500397701],[-122.33617428516195,55.2436740320748],[-122.33396279120055,55.23828319669327],[-122.327234791691,55.236558872857316],[-122.32740700207901,55.23256691103423],[-122.33342670860048,55.22802291953132],[-122.3213865911666,55.222600718816],[-122.30446531139502,55.22236166273654],[-122.28404290816833,55.21692362931013],[-122.27531016021312,55.21041587767775],[-122.26897289685057,55.209582277651315],[-122.2655467199341,55.19916345987613],[-122.24809808631714,55.194007797509165],[-122.24784468381584,55.19189443173756],[-122.25701517550691,55.19037302966541],[-122.26663812671464,55.19211371516334],[-122.28014729344497,55.18969098875808],[-122.29699299462023,55.169739614543865],[-122.28098811303306,55.15637134321408],[-122.28964879649382,55.1486628253557],[-122.26519391057937,55.13515200070343],[-122.26385806315668,55.13131270240965],[-122.249797738224,55.13196984992582],[-122.2351486817922,55.13960418987735],[-122.22217285014148,55.13594844130594],[-122.19151615411724,55.137264665743196],[-122.1773345524312,55.12229703309304],[-122.18098060595672,55.11781632796717],[-122.17369153684962,55.10962827431042],[-122.17229833001757,55.09891578690593],[-122.15422541056893,55.09379310334047],[-122.1373601822122,55.09311067122468],[-122.12614384695688,55.10182864854321],[-122.10848003330736,55.100433548752044],[-122.10127213478461,55.090589118326875],[-122.09023264934392,55.08583608733398],[-122.06958720858452,55.06708961425145],[-122.05752328462536,55.066682300233474],[-122.0370650476249,55.05762733586531],[-122.03699925064252,55.052106938157344],[-122.03034872591883,55.05071511735768],[-122.0298426429075,55.04639742682476],[-122.02167551424223,55.04242280802169],[-122.02376104266027,55.03646332498433],[-122.01281617020821,55.02897589025576],[-121.97849995445699,55.02290316908517],[-121.96647325839258,55.01166486943479],[-121.94679405868972,55.0072702742517],[-121.93748387493241,54.99903817022845],[-121.94427900161564,54.99447803587401],[-121.94344392026674,54.99234986183255],[-121.92530699668536,54.985142201019265],[-121.92217744423792,54.97926398207152],[-121.92367197780122,54.973564482877386],[-121.91477449999948,54.96522634656761],[-121.9020827569754,54.961517609412766],[-121.89718217494175,54.95511043369373],[-121.87812451255945,54.95382468346416],[-121.86504146310874,54.93469254648502],[-121.84948786092278,54.92839913242515],[-121.8501368490344,54.92206034363335],[-121.85690193284846,54.91532987231859],[-121.86929751709823,54.91372928992232],[-121.87441743311622,54.90914843949212],[-121.86830313970253,54.898202217893065],[-121.85413134711754,54.89661746291582],[-121.87526975940001,54.88249142728464],[-121.8767815540977,54.87857801090828],[-121.87205669730986,54.87753665847331],[-121.87429692805702,54.8707900810014],[-121.86941096469077,54.866260085802836],[-121.85781912206944,54.86181078757575],[-121.84904682024174,54.86456794374397],[-121.8370145165045,54.859276656371485],[-121.81426459761994,54.85888590433027],[-121.80972290552181,54.8544017555001],[-121.8041489825588,54.85413129565608],[-121.79875270531892,54.84526447570941],[-121.78261036379357,54.84120918641973],[-121.77950803400061,54.850896349691425],[-121.76667027719554,54.850029678047036],[-121.76353953779567,54.85580066661873],[-121.75690203319193,54.856628640123255],[-121.74968900733045,54.864412524813986],[-121.74077453234285,54.86847257660952],[-121.74582706150767,54.87989982818886],[-121.73483309215361,54.88077242718096],[-121.73066834559941,54.886867334038946],[-121.71532743812278,54.87827192813732],[-121.70669180743585,54.881694353900144],[-121.69996531421921,54.87903718307192],[-121.68106460719656,54.86260814234886],[-121.66870703916084,54.85699095844638],[-121.64968325406028,54.85472276962538],[-121.64668101464225,54.84947660693723],[-121.64872622203072,54.84591637044398],[-121.64372784544035,54.84278990698329],[-121.61959705053225,54.83784443116537],[-121.60975684108989,54.82996389581939],[-121.59084308566159,54.82439519470088],[-121.56064988549046,54.82073645223257],[-121.54188023890049,54.80129276354538],[-121.52854566473633,54.79900869839485],[-121.522458549767,54.78861082471522],[-121.52720554645518,54.7685479861619],[-121.49256396423179,54.753127722286344],[-121.50047046663781,54.74942390733448],[-121.50092341816419,54.739686699735365],[-121.4748859357984,54.72403765037362],[-121.48357235930948,54.71804884097181],[-121.47964747839066,54.71091221743335],[-121.49023298747015,54.69465060737136],[-121.52080725044755,54.684056469641185],[-121.51843945630131,54.67784387435918],[-121.51429133983186,54.67652492625364],[-121.5185911061405,54.6706973512326],[-121.52837480645832,54.6688841992574],[-121.5254347805255,54.652445506247645],[-121.52770727551983,54.652185536256944],[-121.5141347950553,54.64564734216546],[-121.50837092911495,54.638413082382755],[-121.5039756264328,54.63826598944729],[-121.50321199584428,54.6320578474936],[-121.49070532007877,54.62700114771351],[-121.49799424802025,54.62327787561834],[-121.49763300353465,54.62079770380754],[-121.48784976960529,54.607930888293],[-121.45478039510078,54.60959050688676],[-121.45854459713499,54.60058351350187],[-121.4550013601221,54.594762985023394],[-121.44210755598576,54.586784034142724],[-121.4506775641713,54.574511413897895],[-121.44856878438662,54.562008852152644],[-121.42795545212601,54.57004383041127],[-121.40740136395166,54.566651125781355],[-121.40424339528411,54.55008017586536],[-121.40597355232572,54.54492277254402],[-121.3987004617646,54.53342960234121],[-121.35526462629208,54.53879993695597],[-121.34032433356217,54.52642460852916],[-121.32157582837684,54.523330495815266],[-121.31669953090619,54.51891332535039],[-121.31775618576238,54.51530071824172],[-121.29839311183221,54.518191681326584],[-121.28098977671466,54.51515209970499],[-121.27028040502061,54.51749815059747],[-121.26943804756601,54.52361523878351],[-121.26331986485155,54.52569474275277],[-121.26713125709293,54.531298303296666],[-121.267825727221,54.54348660762033],[-121.25677909180737,54.54674051280196],[-121.25360882306784,54.555160899582056],[-121.24982384765367,54.54893312661751],[-121.24161310320063,54.54510778869202],[-121.21778256793297,54.54937308507274],[-121.2079540937028,54.54430813941017],[-121.20406474820425,54.546697334023605],[-121.20274286079997,54.553123475333464],[-121.19772114717125,54.54882414027559],[-121.1843152817136,54.54708658731548],[-121.16237753684453,54.548067603433815],[-121.14869291605396,54.553090297359994],[-121.13460211584763,54.55101314748186],[-121.12831865329561,54.54899250400479],[-121.12191318797615,54.54033000421779],[-121.13273374860613,54.5285006701824],[-121.13087546258834,54.52215591285344],[-121.13628539822179,54.51262152702451],[-121.13087624740511,54.503871898097586],[-121.12188424607422,54.50090207744001],[-121.13088920116873,54.49129487779946],[-121.12814183008909,54.47955799671043],[-121.11654130506184,54.469952518081655],[-121.10946920502327,54.46907103677993],[-121.07500060239168,54.44886515323897],[-121.06675111275163,54.45407881136771],[-121.06525507449906,54.46482654463979],[-121.04500435752543,54.45314456011001],[-121.02838229790633,54.45066512732734],[-121.02402582163447,54.45496158282763],[-121.02963942915947,54.45928307547233],[-121.025795894969,54.46177618632741],[-121.0029003352873,54.46637379350312],[-120.98353545067032,54.46169947153011],[-120.95529062008168,54.4632342974123],[-120.94214941795634,54.459226762819654],[-120.94126337762368,54.45351855814938],[-120.93500405799527,54.45006776205031],[-120.9087707359818,54.45822208454154],[-120.87702215662587,54.461917222390575],[-120.88111354808325,54.47172436032199],[-120.87385148114168,54.48288723336839],[-120.87948270882836,54.48624027008889],[-120.87830711729922,54.48817028703632],[-120.85878971186759,54.485824448398894],[-120.82488503632452,54.49282685901766],[-120.81703436166453,54.48569762345467],[-120.82221990205086,54.469634406154604],[-120.8156626938368,54.466507596772445],[-120.79724848426163,54.46647590119309],[-120.80492338324059,54.46100223462727],[-120.80726796889518,54.450405405296344],[-120.80320793845456,54.440954697817354],[-120.80632055182224,54.43498039998628],[-120.79623040233211,54.41707853725806],[-120.78601064428388,54.41365536323271],[-120.78908316546034,54.41069120677199],[-120.7849318183725,54.401364950495484],[-120.77565005576328,54.396830372362516],[-120.7670380734614,54.39663940020764],[-120.75610243456603,54.39884581125441],[-120.74546003857492,54.40804158975388],[-120.73497996823572,54.40917587289627],[-120.70132354594281,54.39743150928951],[-120.69371585528054,54.390388319426926],[-120.68231614556841,54.386180513920536],[-120.66052760230494,54.35912145286835],[-120.67767932512058,54.349160551989165],[-120.69100269683013,54.35092558319896],[-120.69986000608904,54.34823405405404],[-120.70195589530168,54.34327771987921],[-120.69368314229742,54.33408914385631],[-120.69675795919677,54.32919954474443],[-120.68480141247255,54.324367853736234],[-120.69278639067717,54.319918118137494],[-120.69201540436778,54.31418886743922],[-120.70111820739419,54.307563497411],[-120.7079975955642,54.308809194006756],[-120.73073414511055,54.301562027138786],[-120.73008008506804,54.2994820802141],[-120.72102716841002,54.294474813727874],[-120.70364220140414,54.2938332775065],[-120.68173546686351,54.28262921399972],[-120.65420944888598,54.289308554443416],[-120.63417927557502,54.28083616154473],[-120.62565783755112,54.28661994824611],[-120.62840798926783,54.292238853214286],[-120.62592100502273,54.29222386206149],[-120.60786028439351,54.28987305188859],[-120.59339695934834,54.27959326630175],[-120.59072662429465,54.276181641382685],[-120.59549545134747,54.273957449127245],[-120.59657820044393,54.26907948574813],[-120.58265241703889,54.25797592504318],[-120.58619565300754,54.2509458024258],[-120.57905481832444,54.24198326089819],[-120.58094997897129,54.236177764518374],[-120.58686819137519,54.23376324871871],[-120.58669989646272,54.229694359858456],[-120.57319074060426,54.22363730579386],[-120.5731032376638,54.2169069271747],[-120.56752474976842,54.20820879153326],[-120.57622051719645,54.2006166326649],[-120.57328241181317,54.191534326156614],[-120.58688206624583,54.17861611718281],[-120.56010833328612,54.161264735628805],[-120.55172604912688,54.145226707651325],[-120.5465622657113,54.14528036701052],[-120.53794948842709,54.14097791464589],[-120.53666909667099,54.13678319665221],[-120.51200611999118,54.128580000516685],[-120.47552846143148,54.135850583207784],[-120.46075982012776,54.13228325542476],[-120.44996386364465,54.12212040208083],[-120.43489066848377,54.11476033805904],[-120.4178997080789,54.11645564691743],[-120.40073317935152,54.124625029569714],[-120.37575905794766,54.11379947814633],[-120.34161409337787,54.114835835452624],[-120.33551490624302,54.106782990673565],[-120.32575348405317,54.10337759180975],[-120.31623941318335,54.10792780086304],[-120.31775628695631,54.10955301975132],[-120.27946682056255,54.11875283525326],[-120.26422245052629,54.112342177976785],[-120.25412717522119,54.11448873487851],[-120.23551462139558,54.11112530628044],[-120.20392375414512,54.11297844168181],[-120.18684463463009,54.11894289200089],[-120.1830343240136,54.1166778580129],[-120.18047681477097,54.108966461744465],[-120.18820951289017,54.09924325771452],[-120.18927504462914,54.09095635048263],[-120.17395085203063,54.08959013785272],[-120.166885168985,54.07103979924461],[-120.17708255984044,54.05468991396253],[-120.17696597765018,54.04654811142451],[-120.1845240628483,54.04338068661682],[-120.19482953213188,54.04400830907325],[-120.198576656519,54.034412210320994],[-120.20574817039281,54.02981586236191],[-120.22946212445449,54.0428786399014],[-120.2352305365215,54.04113235175262],[-120.24291342699256,54.029845222273096],[-120.25118619336753,54.026213551683675],[-120.25542918488115,54.018985814718654],[-120.25493882328574,54.01278175194965],[-120.26255120073797,54.00338394832594],[-120.25943362586254,53.99137268210855],[-120.26227645229471,53.98107078118561],[-120.24838625596003,53.97565534381733],[-120.23371146213387,53.97913942860799],[-120.20693079517167,53.97352638813839],[-120.22069115986247,53.94820268476133],[-120.21377625207157,53.9400521513162],[-120.20112701628985,53.936269235428654],[-120.19748926790665,53.94458922577446],[-120.169277041623,53.94060541888908],[-120.15612331267987,53.942548327513165],[-120.15048658805516,53.945867349674124],[-120.15031041697105,53.95252080372037],[-120.14186171471044,53.957100384225505],[-120.13713292044282,53.964154877911206],[-120.1427000347356,53.96745048005878],[-120.14116850792489,53.971949687053716],[-120.114308422847,53.97600568910663],[-120.1015469869943,53.98595760612771],[-120.07821419247848,53.97957463352018],[-120.06846702256034,53.963865547012965],[-120.06308956735975,53.96075589263916],[-120.06900178902687,53.94333678614558],[-120.05870301612778,53.93803354659975],[-120.06421333258486,53.92944657557382],[-120.06297863386234,53.925118355987536],[-120.05614878530909,53.920859783699555],[-120.06831659835525,53.91438897323151],[-120.07032035849296,53.90414447356638],[-120.0480450025721,53.881509778380874],[-120.02210685618458,53.866464700689484],[-120.02534901942832,53.85867933061561],[-120.05906181422013,53.84519407897254],[-120.04876405655374,53.84224648827821],[-120.04727669510234,53.83376358535679],[-120.05121803141184,53.82757734387034],[-120.04195175202369,53.81442578770396],[-120.04432306551323,53.806355689486516],[-120.03213662387111,53.80596758408442],[-120.01016354956369,53.796978969498845],[-120.00135922299606,53.798790635989604],[-120.0013018837312,58.00000636441137],[-124.94326764934777,58.00000568981833],[-124.93988015017372,57.99752237254131],[-124.94341395814668,57.99310204565481]]]}},{"type":"Feature","id":1318,"properties":{"LGL_ADMIN_AREA_ID":72,"ADMIN_AREA_NAME":"North Coast Regional District","ADMIN_AREA_ABBREVIATION":"NCRD","ADMIN_AREA_BOUNDARY_TYPE":"Legal","FEATURE_AREA_SQM":65341803342.9068,"OBJECTID":1318},"geometry":{"type":"Polygon","coordinates":[[[-129.64986752253566,53.16881520555659],[-129.634775983794,53.18202347689468],[-129.6021156794376,53.18930990853446],[-129.53925479261164,53.20078235141265],[-129.48491356985534,53.19863162731537],[-129.43004948432207,53.20999557242398],[-129.42616805514226,53.21509535317624],[-129.42568723844275,53.241976357018984],[-129.439375894515,53.251352024747625],[-129.44222599643533,53.257324393790114],[-129.43855639080274,53.26552007113181],[-129.43023585761682,53.27296899347967],[-129.40059981213568,53.28485291055078],[-129.30868068952557,53.299528254418306],[-129.30598848875908,53.30766021934471],[-129.31202144520128,53.33017883166171],[-129.3047000240018,53.34428626311401],[-129.2991581397727,53.34803798672441],[-129.25792829814807,53.34407775345488],[-129.20368978721783,53.334173575226586],[-129.19444320324732,53.34549023356515],[-129.19284732400718,53.370019383359754],[-129.19621743348074,53.39081131470696],[-129.20951442099462,53.42118845640014],[-129.21042236226629,53.43861420941986],[-129.2018860207133,53.45232892400892],[-129.20961187336462,53.48791951517774],[-129.2018198031167,53.52558402548487],[-129.2093543640874,53.569146278547045],[-129.21656620228507,53.5816523369239],[-129.21630652032522,53.59871657821496],[-129.21064127977607,53.607437533397345],[-129.2082011865815,53.62185519727866],[-129.20206085277593,53.63042326964805],[-129.23102867590987,53.63086367852197],[-129.37610077510138,53.758181988436924],[-129.37600667877183,54.35005186511126],[-129.411065822064,54.346365413717514],[-129.42026073496234,54.35527327242235],[-129.42358136501062,54.36329445164837],[-129.43149561214844,54.366588786858955],[-129.45570623520362,54.35964239174899],[-129.46868362234073,54.361705753876294],[-129.4771302067918,54.36785504708035],[-129.4763491221004,54.37750166775846],[-129.49836179782292,54.381365298388246],[-129.4992602871799,54.38914671832178],[-129.50459470136994,54.39368616919437],[-129.50173557790617,54.402556696672264],[-129.49431164296232,54.410485248901054],[-129.50506223867774,54.41642339554777],[-129.51070017900656,54.422451202250706],[-129.51058815977947,54.42831745084248],[-129.51850626720483,54.43158809351507],[-129.52832163378903,54.44255811419715],[-129.5686459168704,54.452174315843536],[-129.58179375293713,54.46221555242644],[-129.60024300931113,54.46935518142343],[-129.64003374920907,54.46980411314967],[-129.64611064644004,54.47420855406819],[-129.66767878516336,54.47765335592039],[-129.68488452928466,54.473916840960776],[-129.68457003935686,54.4817889439159],[-129.69674424186553,54.48549809858973],[-129.69530183051478,54.492979923179945],[-129.68262468576856,54.499361300146845],[-129.67790486970148,54.506209274645094],[-129.6843439660133,54.51723643476181],[-129.68840548704807,54.51838174637706],[-129.68650788807304,54.526517091402674],[-129.68967759233854,54.52939297851789],[-129.65841185113987,54.5502110363089],[-129.65315265468362,54.56165937719043],[-129.65725705026932,54.56685276265355],[-129.6694207822088,54.57198671847077],[-129.6873213223964,54.57278510019407],[-129.69148004851945,54.57842638305562],[-129.69090182443134,54.58479067269756],[-129.69651487232733,54.5915159150874],[-129.6946747299625,54.598881049953356],[-129.68318280578794,54.59911021222218],[-129.66987145473817,54.60512315396081],[-129.6700538967552,54.61151804419295],[-129.65307873403592,54.62378243892642],[-129.62906675480082,54.623016830294084],[-129.60471127461142,54.62710722444239],[-129.60219923109173,54.630768523562196],[-129.58610197223814,54.63206075751806],[-129.54382754913698,54.6124593397788],[-129.53873796514623,54.60812333212035],[-129.5353754403281,54.58968263762126],[-129.5160815427467,54.58441507811241],[-129.50578907476532,54.594191605112854],[-129.49006564959896,54.59558637279705],[-129.48260479021326,54.61516332011636],[-129.4629139910911,54.61979665849795],[-129.45589992284448,54.62438770412138],[-129.4566175919369,54.62915513325775],[-129.46619117226604,54.638234542153114],[-129.46325608890223,54.64914709629225],[-129.47745308755975,54.6552480998271],[-129.49992311118794,54.6484980451392],[-129.52193312719336,54.65117323113487],[-129.55064731106856,54.67143776218546],[-129.56628534291997,54.67420559530304],[-129.63031216285384,54.67395236514399],[-129.64578451290402,54.68161676834065],[-129.6605488621183,54.68003235756046],[-129.68592983594837,54.68442483896909],[-129.68808569958247,54.68542915980637],[-129.68571816537235,54.69589456941675],[-129.68036987809586,54.702358465780584],[-129.68224787920352,54.71121015358382],[-129.69111763146188,54.716884673955796],[-129.69246617332854,54.727087270380835],[-129.6988655900897,54.73050957374906],[-129.70381372457052,54.73824575382851],[-129.72451633635447,54.73553756356499],[-129.7399744690365,54.72641920545791],[-129.75807258678284,54.72187676619411],[-129.77694126491997,54.73736291780755],[-129.80817589150283,54.73822924145423],[-129.82016923280545,54.7266451985507],[-129.87176650535156,54.72246064431527],[-129.89728453795067,54.705261680360735],[-129.91526764022575,54.706448354955306],[-129.92507176016306,54.70283295628106],[-129.93599798436549,54.706243117638216],[-129.9417714833005,54.702893079345934],[-129.96608840352255,54.71481056875771],[-129.9739049351069,54.711051257192956],[-129.95798395232063,54.699395805388846],[-129.96365205582234,54.693679881761696],[-129.97447876194934,54.69700449540022],[-129.99131835243546,54.6937713056666],[-130.00104070160015,54.70235517542341],[-130.02373443338203,54.69701586999321],[-130.03999023145747,54.700427479589536],[-130.0541387444047,54.699074983830286],[-130.05673883255884,54.70411722806893],[-130.06529411800662,54.7085460132056],[-130.07774197337616,54.70834310326534],[-130.0859095495323,54.71769997441121],[-130.1128517703747,54.716997281223605],[-130.12335202706245,54.7194468712371],[-130.13208627043375,54.72793662346463],[-130.14720570793557,54.72901979225525],[-130.16378507775192,54.72195043418701],[-130.17447855618155,54.72180038046993],[-130.18762046932522,54.72851181296668],[-130.20691557921884,54.72378459133267],[-130.22442182304903,54.72401348444142],[-130.22609163223635,54.72059206395596],[-130.25023712848179,54.71311863100447],[-130.29965895075898,54.70284461753305],[-130.3519925131383,54.699358282740214],[-130.37228354732758,54.687944596415356],[-130.61570133271854,54.6868661249126],[-130.61570134110485,54.70747827625903],[-131.50000570215727,54.700438394612945],[-132.69894106160675,54.680630089675006],[-133.1533268144749,54.20172867297939],[-133.16067380624787,54.18730170490297],[-133.16194593559445,54.17419140706436],[-133.1541281825688,54.15364201746218],[-133.17375742840446,54.134226769672495],[-133.1767103225212,54.11927050735489],[-133.16476978635438,54.086910659720935],[-133.14780998191867,54.07283270044444],[-133.14074990990122,54.047545604447734],[-133.1771201932633,54.026174817267396],[-133.1885738920187,54.01271340105065],[-133.19642338839384,53.99181502496881],[-133.19316286686382,53.97207915407041],[-133.2041270735175,53.95843940507365],[-133.2073103668164,53.94346713398466],[-133.2184107994119,53.933856760307],[-133.22569275678,53.91942662991617],[-133.2208503725705,53.87975941791407],[-133.2049462786743,53.848474378111995],[-133.18231290589378,53.829534974801454],[-133.19333139951047,53.81489427335696],[-133.19852383458678,53.80158925153721],[-133.19702037126171,53.786558632478176],[-133.18309832443634,53.75975539925163],[-133.1691236981433,53.74718061790031],[-133.11979077106798,53.72612693669891],[-133.08572986798544,53.717775407266316],[-133.097488454221,53.70408738927261],[-133.10007000823293,53.69668661978014],[-133.09860735681656,53.68165386300571],[-133.06775783030716,53.64560494055145],[-133.04136628779082,53.63132343737158],[-133.0616376755418,53.62000893639156],[-133.07559404239876,53.59921912323236],[-133.07489912147537,53.580422765723526],[-133.0651367587289,53.566804951515614],[-133.06308343247932,53.553760947653316],[-133.04524040123388,53.53399241992238],[-133.01649970498238,53.52038173315096],[-133.01477621349534,53.51112894995839],[-133.00481549962845,53.49729055308937],[-132.97034973941138,53.47885034992854],[-132.9705026785072,53.45830801584361],[-132.96056946154732,53.444465344046684],[-132.94331250423815,53.433483325569505],[-132.92081353804255,53.42668393862241],[-132.8695542507424,53.42375970722959],[-132.81745019501716,53.42624245731584],[-132.76768495508134,53.41040029415858],[-132.7899681950459,53.39387087244196],[-132.79646550703353,53.38379778387184],[-132.80039759576366,53.36637568046209],[-132.8147375303548,53.359638666592154],[-132.8298620482034,53.34760021804081],[-132.83859186753094,53.330664635746636],[-132.83734543418856,53.31236723902995],[-132.82749119385124,53.298511863848155],[-132.81389910461064,53.287392467440434],[-132.78519709273337,53.27625636727871],[-132.78891370165516,53.266697368508915],[-132.78834591998694,53.2455956725459],[-132.77076380612453,53.22578092596423],[-132.73520793122447,53.21190735010182],[-132.70514270669236,53.21022518469526],[-132.67834710841237,53.214328996345024],[-132.66623991542784,53.20998104939343],[-132.6643756417439,53.18996673706716],[-132.6515162262217,53.17218895336263],[-132.66776611563117,53.135327049531],[-132.66648393231318,53.12028516532795],[-132.6496987604494,53.09778191638523],[-132.6513324148408,53.08598916096197],[-132.6456694490269,53.07017504959014],[-132.60643344503234,53.04048912336747],[-132.5942645826196,53.023443028062196],[-132.56596052171645,53.003883212136074],[-132.5175788428181,52.987094985099276],[-132.4812958597216,52.985815506410695],[-132.45279095743626,52.991163946587925],[-132.42537002808618,52.98424825432098],[-132.3940939849143,52.983629953182835],[-132.41403513065777,52.973063809315505],[-132.4254661867978,52.959674437113684],[-132.43527342404974,52.936914536012274],[-132.43456813824113,52.91765115167815],[-132.41728612075454,52.89777859828042],[-132.3971775230071,52.88870330335191],[-132.39122894040352,52.87638991961536],[-132.37715672456045,52.862781061379174],[-132.33725559583795,52.842208867587246],[-132.32817346025715,52.81549570611324],[-132.29532665344422,52.77684682244057],[-132.27850795197918,52.76576106007843],[-132.24584127872168,52.757246433123925],[-132.22137391941683,52.742176303669936],[-132.19554227826086,52.71848036815758],[-132.16536951907497,52.70513445937014],[-132.15777193404813,52.696166843380375],[-132.13593102483,52.68309026839413],[-132.11154340460376,52.661408008752716],[-132.05358946900924,52.63429989390665],[-132.0338304713892,52.61974812768932],[-132.00688840112028,52.60709105906573],[-131.98166288423315,52.5837838629245],[-131.9726723286988,52.57153534095131],[-131.94444694059817,52.54852225006026],[-131.89697179897152,52.52700554720353],[-131.83418949587852,52.48064904592028],[-131.80553214047129,52.46598417207997],[-131.72363474507523,52.44188034516372],[-131.71559345129123,52.43189055056834],[-131.69676921226406,52.418128958999674],[-131.68762076261874,52.40544313458854],[-131.66856700264572,52.39180879657947],[-131.67028323393185,52.37893545175395],[-131.6656157603417,52.36348831141133],[-131.61997132337007,52.302752703319605],[-131.60222377577767,52.29088718671073],[-131.5770598236378,52.28269638155784],[-131.55578935529272,52.260112659964996],[-131.5302348884204,52.24290311897048],[-131.51059418593488,52.235410397831885],[-131.49449158866003,52.204693834242526],[-131.47452314740048,52.186479858345216],[-131.41145940881765,52.149245950924055],[-131.3835652729241,52.14065681442889],[-131.3671706315208,52.12000947083564],[-131.35235130128888,52.11140337021777],[-131.33201724376144,52.10533532159311],[-131.31684978547443,52.09108311587078],[-131.30226825538082,52.0836181673209],[-131.29161930970736,52.06999332150253],[-131.2759772224527,52.05939558932067],[-131.22952010600528,52.043137675730534],[-131.1844286669015,52.04383295255911],[-131.17039709044238,52.026461183801985],[-131.17997774965153,52.00658214012061],[-131.17555142205686,51.98681790618727],[-131.12615029956478,51.93952469052657],[-130.00001689118977,51.31554247126402],[-129.44795448593905,51.00005214492855],[-129.0266037526322,51.60830737692287],[-130.6399127558191,52.86219376644006],[-130.07959945288746,53.039446503034476],[-129.85739783915346,53.10587632058674],[-129.7960732020364,53.131748886993684],[-129.77396645096695,53.1378475268032],[-129.75173946231297,53.13840194973686],[-129.71835285982345,53.1514240161519],[-129.66283719728278,53.16340439435305],[-129.64986752253566,53.16881520555659]]]}},{"type":"Feature","id":1319,"properties":{"LGL_ADMIN_AREA_ID":82,"ADMIN_AREA_NAME":"Regional District of Central Okanagan","ADMIN_AREA_ABBREVIATION":"RDCO","ADMIN_AREA_BOUNDARY_TYPE":"Legal","FEATURE_AREA_SQM":3145609486.4215,"OBJECTID":1319},"geometry":{"type":"Polygon","coordinates":[[[-119.83626351898262,49.76550478914293],[-119.83575826938458,49.71250443845052],[-119.72896604566672,49.71230870860646],[-119.74158961881149,49.72482664917196],[-119.73696476514799,49.7433691242457],[-119.71956685531877,49.76525499422208],[-119.6954045883396,49.77598821248796],[-119.69552159870335,49.759422595651515],[-119.54386182051573,49.75893576974708],[-119.54378179633288,49.75170135856954],[-119.52153256023158,49.75179700956313],[-119.52153659759779,49.73880191644913],[-119.51578527705854,49.73524901250277],[-119.51652820422805,49.72856491331298],[-119.51104988896004,49.72540336938842],[-119.49156076588467,49.732778252429235],[-119.49152569227019,49.74079331993142],[-119.4834008187345,49.74505498721598],[-119.46644895964184,49.738242677159555],[-119.4665598261962,49.732491973469074],[-119.45487420435528,49.723420665556446],[-119.45112175360666,49.702090065879716],[-119.44631585267715,49.70057247425779],[-119.44455411971306,49.69006654300189],[-119.43625001663013,49.686778219773316],[-119.42602902995884,49.67058445209892],[-119.39785738990285,49.680069433193516],[-119.36895591719113,49.678981355860564],[-119.35954807586765,49.687107803949296],[-119.34281386281106,49.69434746877121],[-119.3327092991487,49.69850366413026],[-119.32318401647477,49.697684690369826],[-119.31102485574395,49.70597424546487],[-119.30222352948874,49.70741899978738],[-119.29270908768119,49.72092841661531],[-119.26560811754085,49.731030264209444],[-119.26053237919878,49.735753217121605],[-119.26161409591656,49.74468872240458],[-119.25135204512989,49.74071774046223],[-119.24316219411755,49.743186546009696],[-119.23259350050121,49.74028932371164],[-119.2335396290253,49.74255496013797],[-119.2167308906131,49.74782839835077],[-119.21085499913039,49.74361198726152],[-119.21112784194943,49.75235943821919],[-119.19855178968938,49.75027204035095],[-119.1994404549206,49.75794634526103],[-119.1957182334688,49.760487740476144],[-119.19040462289205,49.75771879674642],[-119.1643062786205,49.75842321410844],[-119.16430810140449,49.76357688489103],[-119.15310442378423,49.763561616404544],[-119.15309463428788,49.82520138336528],[-119.14007677640775,49.825639641974675],[-119.13458279210276,49.82928816125376],[-119.11467531439541,49.815176699736355],[-119.11844714699674,49.80381859512868],[-119.11194978675675,49.79631814920888],[-119.1147604373135,49.79257276096869],[-119.11171208129876,49.78893726789414],[-119.10656747784321,49.79205339093451],[-119.10335692147324,49.78882841958824],[-119.09922119350189,49.789901923805154],[-119.09208974876492,49.794978403484016],[-119.07353184195134,49.791095257540306],[-119.064274672628,49.799660244331875],[-119.05700722224692,49.80131872384997],[-119.05725995102088,49.80567796819039],[-119.05271853768548,49.80944860487125],[-119.05423056209719,49.8132058240359],[-119.04007536943101,49.826004376932026],[-119.04193526534998,49.83021737914116],[-119.03177960737082,49.83590301363597],[-119.03325736147465,49.843134256176],[-119.02288411959599,49.84488098484167],[-119.02586029729832,49.85019015218517],[-119.01794799602456,49.85327863455982],[-119.00527870219499,49.84869511655083],[-119.00303540269236,49.85937523952487],[-118.9702877925571,49.880968293914485],[-118.96919354418921,49.88497972595494],[-118.97321550505627,49.89086310608188],[-118.96744471665299,49.89503898315131],[-118.96865663660724,49.89881435240241],[-118.96446344886121,49.89946117693425],[-118.96564042032576,49.903749874571545],[-118.93106827369706,49.91593757588208],[-118.92906055978948,49.912364976628645],[-118.9312121064709,49.904427494733994],[-118.90986475262801,49.90097625865678],[-118.90148371151109,49.907060751955605],[-118.89872680997568,49.91665766281229],[-118.91018193816133,49.92036533958938],[-118.91118683111317,49.92385584063974],[-118.89432099145068,49.934332963038415],[-118.87542329529259,49.93825915188559],[-118.86909195525527,49.94355747281201],[-118.86300122076909,49.94224128473146],[-118.85623499478746,49.957184456249664],[-118.84533321326879,49.95757732347164],[-118.82460666322736,49.949614976471466],[-118.80946909880332,49.95113844703682],[-118.8068840546416,49.961777732191614],[-118.79740124390258,49.964740485194234],[-118.80259094037768,49.9685367266299],[-118.80341868062654,49.97948859210893],[-118.79992923674259,49.98731734593828],[-118.80641758703965,49.98879656249825],[-118.80860773527944,49.993997435558626],[-118.81385902104115,49.99264716032785],[-118.81818562776354,50.00008112333397],[-118.825061522777,49.999613352521614],[-118.82500465132422,50.001674059766046],[-118.79785788537369,50.01440587477886],[-118.80093587985333,50.02264234693395],[-118.80824305135903,50.02159022569051],[-118.8139694335647,50.02634902250506],[-118.81764867746244,50.02353903468034],[-118.8220607251413,50.0246931155186],[-118.82981671963219,50.03112826210067],[-118.83073419802611,50.03644570250888],[-118.85813528720293,50.03708248115287],[-118.86179208080756,50.04047687289517],[-118.86089303864942,50.04502277140535],[-118.88047181224518,50.054226540906384],[-118.889009541961,50.05095166560329],[-118.906606487191,50.054711525126486],[-118.91729298413212,50.05153115764208],[-118.92620229901382,50.04388788130613],[-118.93626470985411,50.04542042154465],[-118.9501797693054,50.05548651293467],[-118.96872166612788,50.045269002192754],[-119.00370948384504,50.04544460453163],[-119.0095970798243,50.048437033803516],[-119.03409273788589,50.046975748308775],[-119.03739403386417,50.04389851077205],[-119.06804115461047,50.04737503673248],[-119.08057065201807,50.045283056699866],[-119.1083155501065,50.05022917870002],[-119.1092480950034,50.04038064432081],[-119.13085266153143,50.03654972002888],[-119.13647721200087,50.04118667420851],[-119.1447174255504,50.037244703438155],[-119.15966458762247,50.04341089447632],[-119.16054686077297,50.04764415558204],[-119.15583830879568,50.049976513869716],[-119.1570877648491,50.05167135134461],[-119.17846467696681,50.051934572503114],[-119.17950592530563,50.05836750960711],[-119.1656211704383,50.0655807001939],[-119.16636978055159,50.07492259506717],[-119.17288213783365,50.07720451505794],[-119.16806782501287,50.087294071583216],[-119.16919836692958,50.09189639380858],[-119.16055665067053,50.096641078218724],[-119.16158003102596,50.09990920294523],[-119.15543758661804,50.09972961441541],[-119.15067953643775,50.10423143630232],[-119.14874647940488,50.11308534457319],[-119.14119366304658,50.12024200734525],[-119.14372231774537,50.12426806120914],[-119.14103970929098,50.13016829938199],[-119.14357168879613,50.135613500492155],[-119.14197728479175,50.142701971737544],[-119.13384782868712,50.14904919218808],[-119.12976899467657,50.14735509681657],[-119.12382111533408,50.15131488590431],[-119.47706516425869,50.151515736681276],[-119.4746060079481,50.17686617113456],[-119.46529987633687,50.18836119251857],[-119.46024490545068,50.19025672000622],[-119.46009999517022,50.231125237306],[-119.47185117577308,50.231277824790126],[-119.47160324310778,50.234843647273195],[-119.76028823242969,50.23528437283353],[-119.75532264735824,50.23231232245458],[-119.75335206330166,50.228050179115954],[-119.75552992661021,50.22739581634656],[-119.74711799435022,50.2157689526593],[-119.74724239858324,50.20516619837983],[-119.77363897985573,50.19973590483658],[-119.7931943837751,50.20547705782085],[-119.80179628434948,50.204344222692136],[-119.80613194592082,50.196542199132644],[-119.83099471129658,50.183349515988326],[-119.81575817237952,50.18157513502053],[-119.81408924759022,50.177387622342486],[-119.80992085354886,50.17677394729901],[-119.80793850857143,50.168689783082094],[-119.80185250814823,50.16560739920679],[-119.7990458912097,50.15704322121793],[-119.80739052865161,50.15010386452688],[-119.80021827595974,50.14787527477029],[-119.79216223563802,50.15040826597065],[-119.77698727797514,50.14658054088198],[-119.78007982189219,50.13664701701304],[-119.77800251992929,50.1221326763717],[-119.76444367622973,50.12438458461193],[-119.7539914756943,50.12178747610832],[-119.74882324119318,50.12565523025448],[-119.74528658845118,50.11849142575443],[-119.74041250289048,50.11788098617031],[-119.73881915383691,50.11006636380809],[-119.72994212154205,50.10682921858216],[-119.73501932970659,50.09927220068964],[-119.74588122250258,50.096449853598806],[-119.74240607792649,50.09387831325535],[-119.74538068487948,50.08647344100495],[-119.76082726948066,50.08634375614443],[-119.75953553640825,50.08121991982225],[-119.75259749521474,50.08358871136048],[-119.74474992312524,50.07910586306969],[-119.76642884436437,50.06559698246197],[-119.75920627362432,50.05690616775595],[-119.76214077414265,50.04677601359604],[-119.78328742221693,50.04405749217007],[-119.78545889520788,50.04046699483847],[-119.8011880036069,50.03675467530881],[-119.8066284594426,50.029963181520976],[-119.80206988116498,50.02213204733641],[-119.77251758373538,50.014491229498496],[-119.77337927942015,50.012404576688276],[-119.78458627381896,50.00237845252257],[-119.81352580167923,50.002891263983116],[-119.81829245740045,49.99824454740203],[-119.82336949666026,49.99890966971446],[-119.8284340302477,49.99222816972942],[-119.82412726795205,49.988266991892615],[-119.82938931816793,49.98188048916078],[-119.84100760149025,49.98088267043605],[-119.84895519840327,49.972625196558745],[-119.85452183940272,49.9756298658732],[-119.86037175303254,49.969629256404886],[-119.87275871190576,49.96580347768625],[-119.88378597543388,49.96767271673594],[-119.89243482610478,49.964599466063746],[-119.89479134290963,49.95886110730058],[-119.91861782713616,49.94956133733778],[-119.92358720709602,49.939228460880294],[-119.93109094040081,49.93410002300275],[-119.94308769628964,49.93729548504302],[-119.95458309233959,49.94586122954058],[-119.96156590156036,49.94134183753213],[-119.97604702491984,49.9419344613908],[-119.99493796488446,49.93433476067045],[-119.9999213159431,49.922506586396814],[-120.01333948238204,49.920226576049295],[-120.01888534115814,49.91350361931456],[-120.02896802074686,49.91240277943943],[-120.03870316386718,49.906993354907875],[-120.02751820328658,49.90215184948894],[-120.02546347438361,49.89661138334842],[-120.03596655209184,49.889935457093365],[-120.02842921928737,49.88370586677047],[-120.02878390953677,49.87657191247481],[-120.05472639162717,49.87743531141804],[-120.05966180552763,49.87367529966933],[-120.05884144166188,49.867095209131776],[-120.05152791904779,49.862683029770686],[-120.05524258398447,49.856754023635965],[-120.04476570516186,49.8571889048425],[-120.02806885937487,49.851898693854466],[-120.01065447235317,49.838781692030764],[-120.00988836435636,49.8344416606139],[-120.0020148339731,49.827961671616166],[-119.98974527764123,49.83237374647095],[-119.9796593362636,49.824869824393296],[-119.97813548009549,49.765970514366664],[-119.83626351898262,49.76550478914293]]]}},{"type":"Feature","id":1320,"properties":{"LGL_ADMIN_AREA_ID":89,"ADMIN_AREA_NAME":"Fraser Valley Regional District","ADMIN_AREA_ABBREVIATION":"FVRD","ADMIN_AREA_BOUNDARY_TYPE":"Legal","FEATURE_AREA_SQM":13913900713.0722,"OBJECTID":1320},"geometry":{"type":"Polygon","coordinates":[[[-122.4081973615076,49.35325085481696],[-122.40808334253492,49.265880942623134],[-122.4242252459814,49.26589767132417],[-122.42465466017497,49.168410045104416],[-122.46239357148485,49.17119311234383],[-122.45955670306165,49.00224033205748],[-122.09807660867395,49.0024173067943],[-121.75958035568321,48.99730813519103],[-121.33485921860736,49.00092265854445],[-120.85136319179595,49.00030642330265],[-120.84768704405091,49.01351149083714],[-120.83162447756553,49.011651236673984],[-120.8315834464858,49.02088386005729],[-120.82747398875767,49.02572760295605],[-120.83052444971712,49.035798084966046],[-120.8188043661294,49.046078926187015],[-120.82229101356965,49.05419362641553],[-120.82827166632794,49.05735916162663],[-120.84064516846217,49.05696968263552],[-120.86589709980842,49.04822226802647],[-120.88185972077851,49.04973398201035],[-120.88627802732407,49.06141136536957],[-120.8841359265105,49.06768755927785],[-120.89326332860014,49.07784054725284],[-120.90542436873478,49.07653258934539],[-120.9209099338313,49.08544914597528],[-120.94891058744834,49.088991040107345],[-120.96629495290996,49.099665456588255],[-120.96539934746797,49.10414480436048],[-120.94443087582898,49.10459185276777],[-120.92871528600975,49.109186819345844],[-120.92085538618932,49.117244076472474],[-120.91136175621773,49.11812221279886],[-120.89454108169672,49.1124937402277],[-120.88521590269823,49.11608067594066],[-120.86983307320888,49.11557283602665],[-120.86509399657442,49.12061316659895],[-120.86368128650679,49.12662454785892],[-120.85599048774274,49.13433470532629],[-120.87794175575601,49.157417019158835],[-120.89730847584518,49.17104389298688],[-120.88293606768075,49.17853894022688],[-120.8973321203052,49.19048812520724],[-120.89093055948211,49.19681863480375],[-120.89199964234545,49.208803077566465],[-120.86591921985962,49.20578102277066],[-120.85520954161518,49.21379010003182],[-120.85595973660284,49.217927289835416],[-120.84744772015218,49.22071066997471],[-120.84842211408775,49.24517745083839],[-120.83733785811779,49.25282704417438],[-120.82104749605045,49.25012782562526],[-120.8165451733375,49.25835025416755],[-120.8227057910674,49.2752134214091],[-120.822072671996,49.283342991561746],[-120.8140883817755,49.28363596872205],[-120.81253269223552,49.29154710395964],[-120.83741863981365,49.29750335445552],[-120.85839475824525,49.29625689049348],[-120.86813482509801,49.30263436134743],[-120.87724013008742,49.30256815212134],[-120.88714983164026,49.31056839836945],[-120.8985592408502,49.31027874088045],[-120.92498712287471,49.29517837002801],[-120.92322577230794,49.29388727193045],[-120.93470728453437,49.27981641992659],[-120.93445996144726,49.275862731440355],[-120.94158619287379,49.27114108696121],[-120.9629749075917,49.278783096245526],[-120.96661435047484,49.274319225497464],[-120.97708953441743,49.27200228212854],[-120.9873819390048,49.27415221154443],[-121.00029430069227,49.277156253483845],[-120.99925192130745,49.287171732629744],[-120.99414095736354,49.29597310936235],[-120.99964572581561,49.30201890266127],[-120.99853688926858,49.31229606698022],[-121.00629886612666,49.31134576682023],[-121.00915125550884,49.30634824003622],[-121.02599710408367,49.30389355916943],[-121.04311645203194,49.32007160405955],[-121.04012535254203,49.32331340051042],[-121.0428561555193,49.329413934249686],[-121.05375418070986,49.33368214937644],[-121.08010330633276,49.327960832632215],[-121.09784247547042,49.34789513714815],[-121.09526696924036,49.351121190353446],[-121.08507661577828,49.34805911350791],[-121.07509979473309,49.35272909707472],[-121.09969743209163,49.35383292024637],[-121.0997097115418,49.440651093279286],[-121.09038007361409,49.44065732767683],[-121.08559284712707,49.45386671279441],[-121.07913819689934,49.45872527361293],[-121.08039309782714,49.46510605434049],[-121.08697894140697,49.4664656042344],[-121.09010664101488,49.4718117545836],[-121.07489649330672,49.473290681986164],[-121.06966898100295,49.469668240934176],[-121.06058180007744,49.46908437806572],[-121.04917217242493,49.47311141915128],[-121.05910166561453,49.480340118171746],[-121.06373796072104,49.489974226465456],[-121.07369924034406,49.49598575065903],[-121.07132533367496,49.50410421632673],[-121.08046527713815,49.51574366989566],[-121.068282006584,49.52490725003445],[-121.05341964920058,49.52554664276585],[-121.04529078687023,49.52932263662981],[-121.04825051489004,49.54349270726022],[-121.03579147205019,49.54943779626079],[-121.03715828942954,49.55569494104959],[-121.03304567017868,49.56547523909553],[-121.0413398487388,49.57571396922105],[-121.04124563702366,49.58347952779629],[-121.02740733367332,49.58937938745098],[-121.0158091429896,49.58751089368821],[-120.99083730971093,49.597080023615085],[-120.99286086200969,49.602512480182575],[-120.98162466116932,49.611384551766065],[-120.9697081371863,49.607098094875425],[-120.96158977912278,49.61341718583359],[-120.96145464865617,49.619641728383435],[-120.96891598907295,49.62759704894715],[-120.96739614436432,49.63553541181894],[-120.97922185329153,49.64002037387036],[-120.98500931522601,49.64865600723567],[-120.99496527537684,49.65027918303588],[-121.01108510738386,49.64636841198765],[-121.03160135842592,49.63504902215963],[-121.0600836156003,49.6314420112974],[-121.06490035650103,49.6245611653946],[-121.08927857100859,49.627128120539595],[-121.09990747592542,49.62515320246913],[-121.11965873068759,49.60991371758519],[-121.12374428749573,49.61062569938684],[-121.12521305734789,49.618486522050965],[-121.13569593310613,49.623030631488156],[-121.15417409794563,49.61747681423168],[-121.15987855532296,49.6200413865986],[-121.16914197755987,49.63599016750708],[-121.16531859617763,49.640964032710365],[-121.16877799609132,49.64979527560641],[-121.1334893291742,49.66674856901267],[-121.11893337903744,49.67798802068939],[-121.12638856644283,49.6811443364906],[-121.13643682482528,49.690072952143936],[-121.13423787170215,49.693545706652706],[-121.14920136690235,49.70316195938972],[-121.15535156281032,49.70979666691777],[-121.15333075371373,49.71041211952175],[-121.15590545662515,49.71604820317255],[-121.18858447675592,49.72709942254255],[-121.19390648142587,49.735788958102454],[-121.19311365024902,49.739572561816445],[-121.1978775679983,49.74398246888408],[-121.19369083425413,49.74907148544983],[-121.19417563923473,49.756991802419236],[-121.20043788566315,49.758860314296804],[-121.20354149396026,49.76801558227553],[-121.211313877478,49.768900445168185],[-121.21329469615296,49.77735046216725],[-121.20277242250756,49.78684645100997],[-121.2025777983076,49.79068634143579],[-121.18698174052383,49.799297518029555],[-121.18327404169456,49.804174755535676],[-121.18759036192323,49.81095170419065],[-121.18620949510861,49.81504484778609],[-121.17932610546437,49.82197705137397],[-121.16015509680845,49.823032490037065],[-121.14109821426197,49.81709737924342],[-121.12975643933022,49.81776039478278],[-121.11576908409212,49.82818402381402],[-121.10348137665197,49.82972861441993],[-121.10018404100592,49.8373424487767],[-121.11099995063685,49.840785501349636],[-121.11372910830094,49.84809301855427],[-121.08491024242524,49.85712819033276],[-121.0937043985004,49.86382461416355],[-121.09229106453085,49.86763527587044],[-121.0955343106016,49.873514434284765],[-121.10720164536775,49.867047201659794],[-121.12747404534886,49.865343622571515],[-121.1458194165948,49.88933449975404],[-121.15641111076397,49.88979127398224],[-121.17779588269819,49.882291767694355],[-121.20336160447019,49.893589769192964],[-121.21750473887907,49.89607783055342],[-121.22512692611313,49.89145944251946],[-121.23037903029795,49.88321240911427],[-121.25894390040781,49.87699571280208],[-121.26333779751505,49.87259514213388],[-121.28192859302531,49.87164188512343],[-121.29961258692462,49.884818350789466],[-121.30679634594495,49.88591194756446],[-121.31025821615913,49.891713195932695],[-121.32460999538188,49.90095833740562],[-121.31538097295983,49.906446383996744],[-121.31444593252148,49.9126272506422],[-121.3018328427829,49.91230227898374],[-121.2920961760866,49.91563726805219],[-121.28831245536546,49.920165851317826],[-121.28518057142226,49.938412103709396],[-121.28741251316978,49.944642528776235],[-121.28163637710391,49.953416980082515],[-121.28233880607016,49.95953486555427],[-121.26733769635916,49.9638990703939],[-121.27080413257032,49.96937467676493],[-121.26907881513449,49.97699552069803],[-121.27686883908245,49.98347682196088],[-121.2732040892066,49.98782276577693],[-121.29126362918618,49.99886593136962],[-121.28795971575083,50.00794088395645],[-121.32811312912192,50.036766821900606],[-121.32164262884086,50.04130566220941],[-121.32376766895736,50.04641236180133],[-121.31796062475216,50.04715284190902],[-121.31604891302752,50.05095583236895],[-121.63386168960707,50.052207609404924],[-121.637695229211,50.05425204070617],[-121.6372463705356,50.05842617363166],[-121.64478111965016,50.057114276273644],[-121.65208817396028,50.06236215483467],[-121.66372212122234,50.06477226958395],[-121.65574283070157,50.07229836367629],[-121.66387547305396,50.08109981017579],[-121.70229297563412,50.07531458769218],[-121.71833877379437,50.08731441457977],[-121.75486164326631,50.09350723987936],[-121.771995693704,50.08897175242799],[-121.78885289614374,50.08845130347232],[-121.79444366373427,50.09097092411023],[-121.80834548833461,50.08430281115947],[-121.85004396690938,50.07647266551788],[-121.8542906564159,50.06971599967012],[-121.84924216166401,50.06345301965646],[-121.85757744738866,50.057242368181115],[-121.85355934993134,50.05160930369737],[-121.86177306762181,50.04642449477178],[-121.8729277569372,50.05174904173581],[-121.89369737836134,50.04968032444099],[-121.9105743646833,50.0538514120927],[-121.9098302817076,50.057987783131324],[-121.92079797441625,50.07137775546671],[-121.93547300007268,50.07445437361682],[-121.94506458307963,50.07998343927296],[-121.95090060310153,50.078354408336864],[-121.94895780783364,50.08538828309286],[-121.95635671757546,50.090986454817376],[-121.96605748590635,50.08260973792751],[-121.98299998228708,50.07989926527409],[-122.00243669713518,50.087560058629066],[-122.02505127521,50.086136231432334],[-122.03340807212093,50.09421390123986],[-122.05447396572703,50.10521029630864],[-122.05850330232714,50.109395318113116],[-122.05815108080716,50.115468469168725],[-122.06749718578138,50.119895046735486],[-122.07109544143391,50.12615478166047],[-122.0868837947238,50.12120036091989],[-122.10047110986142,50.12438338153034],[-122.11645079735445,50.113142577819715],[-122.11720765116254,50.10722423500765],[-122.13159792899015,50.111783828337714],[-122.14802546050478,50.10985588158161],[-122.15696976880807,50.11500280396977],[-122.17916876387234,50.10964151569504],[-122.2118729741157,50.11021388231603],[-122.22839087589384,50.12698473831369],[-122.245661497352,50.126482626514616],[-122.25760389111267,50.12220749035325],[-122.63891193158042,50.123976861685975],[-122.6410037715661,50.12786011675292],[-122.65512359180968,50.13129360211939],[-122.65965426095406,50.13560603298822],[-122.66182191096864,50.13908999948939],[-122.65616144323916,50.148519926101116],[-122.65953927825836,50.15049353556],[-122.67321580442407,50.14346065485381],[-122.68907006111812,50.14404381590743],[-122.69534575575832,50.147539062852964],[-122.70160227310477,50.145012044923504],[-122.72271634357624,50.14673123916198],[-122.738947388636,50.14211304262057],[-122.7455576712116,50.137109136397115],[-122.75398203312676,50.1388481114107],[-122.76202964327642,50.13484462624353],[-122.77000290487766,50.13926368230123],[-122.78340979995762,50.13599870941111],[-122.7833951734782,50.132008407614926],[-122.79216864277856,50.13186255565614],[-122.78166552715227,50.1185323533941],[-122.79605698215595,50.098157371410025],[-122.80373809278936,50.09388050643042],[-122.80541432087324,50.08810323456675],[-122.80127660356654,50.08132380363212],[-122.80379109595017,50.067963070015956],[-122.80067232581158,50.0585140983794],[-122.79311264893481,50.055658770626756],[-122.78637536069941,50.048160571446076],[-122.79042867801783,50.04645310661801],[-122.79110932337534,50.04087805766739],[-122.7634506904259,50.033854628296886],[-122.76285505765642,50.02343233621045],[-122.75035421571468,50.0210856595039],[-122.74477721318053,50.016285695589126],[-122.71991083881218,50.02387628043352],[-122.7034046402113,50.02091820075793],[-122.68074359278167,50.02374516237402],[-122.67934107392479,50.01423458827177],[-122.68766952929856,50.0014847268683],[-122.68446758194828,49.99892574361563],[-122.68456027679825,49.993049859856264],[-122.67171742699463,49.97981089355795],[-122.67765867659263,49.97361262610633],[-122.69044792518851,49.97129098814174],[-122.70689548023023,49.961080404866294],[-122.7137214947948,49.950277500172675],[-122.73642519318054,49.95338932034253],[-122.75721431567285,49.944762336064365],[-122.7658278306778,49.946328039755436],[-122.76970151817478,49.94362355379697],[-122.76798298487685,49.935163620975445],[-122.77511066966396,49.92898867556115],[-122.79043334152928,49.936230692019045],[-122.79522580578698,49.92664247275697],[-122.80586525346897,49.917039988911036],[-122.82137592000294,49.91425972659066],[-122.82992690703232,49.91768537983171],[-122.85505586492552,49.918763830086036],[-122.86554401232297,49.90413091942498],[-122.88623435217204,49.89238063695241],[-122.90150390769847,49.89779314331132],[-122.90958751125257,49.910212724406016],[-122.93182783055444,49.91593824759678],[-122.93945912166778,49.91002430418722],[-122.94814521018917,49.908564453777934],[-122.95635321530413,49.89960761380316],[-122.96310687835717,49.8991902269648],[-122.96773419821336,49.885571355015294],[-122.98468417052541,49.8771602229111],[-122.98687016695864,49.868219208375315],[-123.00391986535189,49.851958242100814],[-122.99018621400273,49.84760465254247],[-122.97981061955917,49.838029382093836],[-122.96673760799064,49.83677615278693],[-122.96002392716665,49.83300642146146],[-122.95330179969775,49.83428109822561],[-122.93658389083878,49.829713036814795],[-122.91551345850249,49.830996774254864],[-122.90280529469382,49.822904914984335],[-122.88134762321208,49.8273581131991],[-122.8716607925146,49.822910587737375],[-122.86942681100929,49.8190105484775],[-122.87430848698162,49.812752889291794],[-122.87035771572386,49.7868117642097],[-122.86439322564476,49.77802041312427],[-122.85903060346467,49.779515079541],[-122.85039544503142,49.77406863050948],[-122.85965169162242,49.765926272109425],[-122.85875042692612,49.75856473728348],[-122.84458025374062,49.74673389016708],[-122.85239982130098,49.74211197562827],[-122.8293707722943,49.728092935116756],[-122.82878835865108,49.721853903405865],[-122.82276219756702,49.7156176442435],[-122.80627529436552,49.708915316051176],[-122.80911608671565,49.700512154806034],[-122.81479938469985,49.69748722582569],[-122.81150847276628,49.691485560202054],[-122.84145666767525,49.6786952047566],[-122.85320520025293,49.666810876922746],[-122.84598409268324,49.661319800940845],[-122.82719220505741,49.65556772577802],[-122.82180505666823,49.64733849079418],[-122.82503285483625,49.63955407551869],[-122.81428804177715,49.63474320267948],[-122.81830122794233,49.62850729181422],[-122.80364037136928,49.62428285158929],[-122.82008326853524,49.612945330299354],[-122.84712516016576,49.61258343213483],[-122.84755885178494,49.60815862485506],[-122.82621161723202,49.59631053669655],[-122.83022882639857,49.59111057135858],[-122.81421337921057,49.57951578181609],[-122.81315769874658,49.573412655881626],[-122.80559014907625,49.570371969598845],[-122.77888332846072,49.569867550270935],[-122.78004313170943,49.5636251576005],[-122.77448512214245,49.561383759505844],[-122.76032228466717,49.561669116302085],[-122.75219912736138,49.56741763289786],[-122.7395281166556,49.56220084067639],[-122.72879541728294,49.563385488999664],[-122.72251241319917,49.55989861415998],[-122.71126798188865,49.54105004307341],[-122.59939348443346,49.54064485683371],[-122.60231443067435,49.52447131995271],[-122.58262956624638,49.491654093034136],[-122.57287289275199,49.48590034597491],[-122.54024893501743,49.476317349816924],[-122.52787077602812,49.46654403530726],[-122.52718315686312,49.46022477025076],[-122.53773010575708,49.43800015613989],[-122.55551462102437,49.4159477603302],[-122.56396310318155,49.38793945262451],[-122.59111825320765,49.35861355415567],[-122.61268024860924,49.35065215377242],[-122.57952853967487,49.35326701560733],[-122.4081973615076,49.35325085481696]]]}},{"type":"Feature","id":1321,"properties":{"LGL_ADMIN_AREA_ID":104,"ADMIN_AREA_NAME":"Metro Vancouver Regional District","ADMIN_AREA_ABBREVIATION":"MVRD","ADMIN_AREA_BOUNDARY_TYPE":"Legal","FEATURE_AREA_SQM":4051025688.0055,"OBJECTID":1321},"geometry":{"type":"Polygon","coordinates":[[[-122.46179772455305,49.16088586387569],[-122.46239357148485,49.17119311234383],[-122.42581960283495,49.1688362377509],[-122.42390615915033,49.17400049305279],[-122.4242252459814,49.26589767132417],[-122.40808334253492,49.265880942623134],[-122.4081973615076,49.35325085481696],[-122.57952853967487,49.35326701560733],[-122.61268024860924,49.35065215377242],[-122.59111825320765,49.35861355415567],[-122.56396310318155,49.38793945262451],[-122.55551462102437,49.4159477603302],[-122.53773010575708,49.43800015613989],[-122.52723641383497,49.46535806184549],[-122.54024893501743,49.476317349816924],[-122.58170457790429,49.49058365401103],[-122.60231443067435,49.52447131995271],[-122.59989686327356,49.53947644696592],[-122.71110269030129,49.54081585793583],[-122.72380043535688,49.56089611432662],[-122.7333422134826,49.563904752193146],[-122.73929873939937,49.56199344886998],[-122.75219912736138,49.56741763289786],[-122.76032228466717,49.561669116302085],[-122.76715223734725,49.561261298938014],[-122.7804659785004,49.56184499449877],[-122.77832093062838,49.56798532285874],[-122.80397742365741,49.56982287252584],[-122.94032590068078,49.56997361670146],[-122.93947553997984,49.56485111581529],[-122.91763605385837,49.5471403894383],[-123.09830170405354,49.54621343639669],[-123.09830290220972,49.48294376720203],[-123.29036824789856,49.48508900907908],[-123.28169420323064,49.47676225597196],[-123.27672467967164,49.45207433299626],[-123.27934333523766,49.44678940460629],[-123.29838262405814,49.43653392599117],[-123.3529888537714,49.424716472718664],[-123.38973562094486,49.413088931640175],[-123.40694497915003,49.403021594460135],[-123.43315883837701,49.37870708771249],[-123.44251132713332,49.36748430443191],[-123.43917534302386,49.35401714191319],[-123.45392841331994,49.29737817943399],[-123.71482720370416,49.29751510826002],[-123.67970526712503,49.2855428572808],[-123.62197214953338,49.27163777799134],[-123.56678125668923,49.248771281433974],[-123.53701668066911,49.22958042207938],[-123.47666184229419,49.18396137289711],[-123.44147086385352,49.13130368897845],[-123.40308748831109,49.10195517900522],[-123.36679112303678,49.05177285691107],[-123.3331181855573,49.02526321586652],[-123.32279023764947,49.00229537738217],[-122.45955670306165,49.00224033205748],[-122.46179772455305,49.16088586387569]]]}},{"type":"Feature","id":1322,"properties":{"LGL_ADMIN_AREA_ID":127,"ADMIN_AREA_NAME":"Regional District of Okanagan-Similkameen","ADMIN_AREA_ABBREVIATION":"RDOS","ADMIN_AREA_BOUNDARY_TYPE":"Legal","FEATURE_AREA_SQM":10555928739.8586,"OBJECTID":1322},"geometry":{"type":"Polygon","coordinates":[[[-119.37725985883631,49.67869415806151],[-119.39887633068703,49.67986540194458],[-119.42683282521043,49.671819029367484],[-119.43566774970833,49.686317693003204],[-119.44500311011865,49.69139944953331],[-119.44516176110157,49.699409409953546],[-119.45134598804496,49.70277899325081],[-119.45461713082261,49.72217569311379],[-119.46727031476682,49.73373025786108],[-119.46644895964184,49.738242677159555],[-119.4834008187345,49.74505498721598],[-119.4925192034722,49.740166217083484],[-119.49206476931779,49.732321615363105],[-119.50533831290028,49.72934536009589],[-119.50996328201724,49.725232013976914],[-119.51652820422805,49.72856491331298],[-119.51543063929374,49.734653999723676],[-119.52088900788868,49.738356524645305],[-119.52153256023158,49.75179700956313],[-119.54378179633288,49.75170135856954],[-119.54386182051573,49.75893576974708],[-119.69552159870335,49.759422595651515],[-119.6954045883396,49.77598821248796],[-119.71956685531877,49.76525499422208],[-119.73696476514799,49.7433691242457],[-119.74158961881149,49.72482664917196],[-119.72896604566672,49.71230870860646],[-119.83575826938458,49.71250443845052],[-119.83626351898262,49.76550478914293],[-119.97813548009549,49.765970514366664],[-119.97814099657036,49.82413581705026],[-119.99082617688711,49.83230985012261],[-120.00263976020398,49.828368684554896],[-120.01121009948616,49.83909491300717],[-120.0301813148918,49.852770548709444],[-120.05324736207528,49.85661331973048],[-120.05945343107639,49.850428664132075],[-120.05848154141545,49.84515215358867],[-120.06468964896017,49.84346341582994],[-120.05973202121953,49.84052419602672],[-120.07680299589488,49.83468354619087],[-120.08087456018006,49.834822219239555],[-120.08709360194523,49.84342928701505],[-120.1175476642746,49.84409221498351],[-120.1226324410149,49.84904660698771],[-120.14104651853661,49.85032208971259],[-120.14577224667693,49.85656415925293],[-120.1425846988372,49.85965119325615],[-120.16254411589333,49.85845754868762],[-120.16775574136273,49.861901657293075],[-120.17582709416256,49.855384614403164],[-120.18909102015061,49.85564626268406],[-120.19077584707371,49.85931474742942],[-120.19933958149143,49.86242477437557],[-120.20358097898118,49.85740837363637],[-120.21265120698133,49.856736402771126],[-120.21881529209611,49.84850024288252],[-120.2246973594416,49.84612239412225],[-120.24684066905807,49.84603195827455],[-120.24989854741222,49.86369144212362],[-120.24636351117604,49.87366322874667],[-120.24915135062469,49.87981042168167],[-120.25934129412575,49.88440600377127],[-120.26628577091385,49.882454127506314],[-120.27796022676512,49.89694421370632],[-120.28871712725596,49.88864157736898],[-120.28789206035269,49.89761795720361],[-120.29100782218667,49.90099931965175],[-120.30800535948465,49.8975259363008],[-120.31788901017676,49.90209125293444],[-120.32271043098122,49.91174543068992],[-120.338324964435,49.91238887413564],[-120.34584023866445,49.90778743242408],[-120.35221372560387,49.90900069964641],[-120.35347877989713,49.904891529380784],[-120.36324468171215,49.90405858456405],[-120.36637483885255,49.89844430386913],[-120.36309001433926,49.89480252642111],[-120.36409909903377,49.890800177994514],[-120.37369853904747,49.88821944724388],[-120.38177911511293,49.8778682045214],[-120.38906708948146,49.875550810579334],[-120.38334103284495,49.869292470859236],[-120.38997072316732,49.86567875281552],[-120.38659126923604,49.86030885271458],[-120.42046419007134,49.84040575362542],[-120.42791718408581,49.83180955244732],[-120.43303193669688,49.81444708432422],[-120.44504242106707,49.811477133712685],[-120.44913139250598,49.80071927873565],[-120.45853086509197,49.80128775290307],[-120.4591098241452,49.79725032782289],[-120.46742441475685,49.79019079650463],[-120.48011962776336,49.78517317849497],[-120.47758666570246,49.779966427358744],[-120.48906958080788,49.777695141200915],[-120.4900508702491,49.772864656938054],[-120.58909600979,49.772571491388746],[-120.5890915460858,49.77001262409692],[-120.60001592728518,49.77000400313303],[-120.60126746047735,49.749364761437334],[-120.761849914116,49.749276384340696],[-120.76243702398297,49.75985999371587],[-120.77264267561422,49.76001065410243],[-120.77292373434565,49.76334439571748],[-120.91947878697742,49.75868874090697],[-120.92529255157181,49.754415271279356],[-120.91495376131037,49.74710422667258],[-120.91698992408188,49.73010451289145],[-120.92995406701336,49.72717859914138],[-120.93333841543173,49.715959767903115],[-120.94718268963128,49.71558835703557],[-120.95274507226347,49.71245448443581],[-120.95875941704503,49.705066466370965],[-120.96281181866948,49.69200548859198],[-120.97271960456308,49.68783461289695],[-120.96917440578913,49.68229723979352],[-120.95667408901147,49.67601131385309],[-120.96055881206813,49.66864055433931],[-120.95965765125808,49.65440278470376],[-120.96302013282217,49.6514125320158],[-120.9575797874632,49.642695954178464],[-120.9673713223327,49.635872808270726],[-120.96554449252619,49.63417653904915],[-120.96880842401508,49.62896248771453],[-120.96042160888881,49.61457501371564],[-120.96900500152523,49.60762248843705],[-120.98162466116932,49.611384551766065],[-120.99286086200969,49.602512480182575],[-120.98961344183462,49.597562525002225],[-121.0158091429896,49.58751089368821],[-121.02715735155702,49.58940211019213],[-121.04124563702366,49.58347952779629],[-121.04162855288814,49.576334553838905],[-121.03304567017868,49.56547523909553],[-121.03715828942954,49.55569494104959],[-121.03558686312547,49.54971318739348],[-121.04825051489004,49.54349270726022],[-121.04543629112662,49.53083336256947],[-121.05239656549124,49.52579029422377],[-121.06703137189525,49.52543308806027],[-121.07951151917845,49.516930247330315],[-121.07194307859949,49.50439738535252],[-121.07384639891225,49.496185105051126],[-121.06373796072104,49.489974226465456],[-121.05509164807805,49.47573292496812],[-121.04889065950537,49.473904287486],[-121.06175128245297,49.469064011745665],[-121.06847284492432,49.46923546322795],[-121.07298457755645,49.47311490485832],[-121.09021673929058,49.471583680907116],[-121.08664691494754,49.46636715273011],[-121.07952995031553,49.46396226514472],[-121.07887732521087,49.457632461089915],[-121.08455930144771,49.45418543856313],[-121.08933356208355,49.441769423293856],[-121.0997097115418,49.440651093279286],[-121.09969743209163,49.35383292024637],[-121.07508964113498,49.35381243300837],[-121.08628161800449,49.34799511437067],[-121.09457516325266,49.35096884721718],[-121.09784247547042,49.34789513714815],[-121.08010330633276,49.327960832632215],[-121.05375418070986,49.33368214937644],[-121.0428561555193,49.329413934249686],[-121.04184593844622,49.31844881221391],[-121.02709342379016,49.3043440964586],[-121.0104337056638,49.30604647567332],[-120.9987895313068,49.31334296903597],[-120.99964572581561,49.30201890266127],[-120.99414095736354,49.29597310936235],[-121.00100420956223,49.280002283596794],[-120.98789376437689,49.2741881234931],[-120.97550496287269,49.27208846753637],[-120.95955720251519,49.278413906944046],[-120.94256281769769,49.27098156605744],[-120.9343850366167,49.275681470112325],[-120.93470728453437,49.27981641992659],[-120.92950163634731,49.28318070396747],[-120.92468233626536,49.29490301226114],[-120.9060808355935,49.30728570750616],[-120.89511698697666,49.310875776795875],[-120.8865117753639,49.310259861943315],[-120.8787163679514,49.30318101247321],[-120.86974989136753,49.303250903992264],[-120.85839475824525,49.29625689049348],[-120.83741863981365,49.29750335445552],[-120.81207091617784,49.29113852952658],[-120.81312919271538,49.284698349577404],[-120.82015169879517,49.283246774582565],[-120.82266308654687,49.277119802751216],[-120.8166308388716,49.259904220574256],[-120.82043042274702,49.25144961511378],[-120.8383276931645,49.25274961760597],[-120.84903959808211,49.24417838661206],[-120.846151089594,49.241053852084626],[-120.84939134282908,49.232567877497246],[-120.84561038115734,49.22348321239295],[-120.84794476155382,49.22001823259067],[-120.85451461834876,49.21926786856387],[-120.85698501204557,49.21165098213563],[-120.86691217035164,49.20564344256232],[-120.8920169184839,49.21065660745326],[-120.88982182439335,49.200936621957304],[-120.89652848351545,49.19170896374186],[-120.8823795426151,49.17911048394459],[-120.89640400644173,49.17166614720268],[-120.86891722126903,49.14975985065071],[-120.86300762473527,49.143955936599575],[-120.86414791531648,49.139937711049235],[-120.85534806125256,49.13397191075027],[-120.86415731484118,49.126357475480695],[-120.8653462555202,49.12016501672062],[-120.87330553232803,49.114706267510144],[-120.8842661910598,49.116176220504556],[-120.89530653817854,49.112432728532575],[-120.91193582437721,49.118159585380006],[-120.92139626554922,49.11709188980176],[-120.9297766048708,49.10889199349666],[-120.94564207364272,49.10446048306366],[-120.96539934746797,49.10414480436048],[-120.9663192425157,49.10007671747704],[-120.96492781872543,49.0965796217006],[-120.9492536131584,49.08938298313946],[-120.92113607822778,49.08590103511888],[-120.9146959873671,49.079678320630826],[-120.90542436873478,49.07653258934539],[-120.8912122836941,49.07744322436639],[-120.88481323882377,49.068503647945256],[-120.88583373374294,49.060159725843086],[-120.88024983496719,49.04929057064235],[-120.86693534106664,49.04794758479625],[-120.83858138638264,49.05731587750371],[-120.82327941170864,49.05538181543469],[-120.81901357007199,49.04560706789879],[-120.83053466671379,49.034619741553875],[-120.82701547519835,49.02655263376261],[-120.8315834464858,49.02088386005729],[-120.83142351382544,49.0122892094121],[-120.84923796464975,49.01243386091698],[-120.85083481838053,49.00075920248853],[-119.2950676445439,49.000087069122415],[-119.29512924098817,49.00734741300991],[-119.30131096089757,49.00734360218189],[-119.30130333955461,49.082203069661865],[-119.29744745696013,49.087542997022375],[-119.28942706804912,49.088871968503184],[-119.29201663046913,49.09562790147688],[-119.28997371734782,49.09965990754716],[-119.2815393235709,49.10266388896609],[-119.27531885335928,49.10076851478768],[-119.27764748066018,49.11102951244527],[-119.27052572029307,49.11622587279979],[-119.28514888442665,49.13321038017664],[-119.28417389042721,49.13705316233678],[-119.27264701047554,49.14453784096844],[-119.26273790455122,49.146264932058436],[-119.25390531042066,49.16618481138123],[-119.24353052423812,49.16945468760078],[-119.2365396321838,49.17771305811524],[-119.2240727336297,49.18459621329958],[-119.21911165894191,49.195013446178876],[-119.19570212253961,49.200999764464505],[-119.19019158335338,49.19815167165264],[-119.1829100442996,49.20269774916376],[-119.1786931151775,49.21708741520105],[-119.19762718816061,49.215793960415304],[-119.21360198674812,49.22130236567321],[-119.21519009774836,49.225352200812274],[-119.22893312202734,49.23206381086457],[-119.2405082291707,49.24256731059371],[-119.23548217679536,49.25527344491628],[-119.22689956944785,49.26239034811747],[-119.22288807838656,49.2771214340196],[-119.2029345782809,49.29012936325881],[-119.1794377292564,49.29945430418597],[-119.17527824424039,49.308708739763986],[-119.20965965383913,49.324662999327806],[-119.20293921186838,49.33844742549529],[-119.21064565533005,49.34349655327296],[-119.2359842507225,49.33975574870109],[-119.2600955235592,49.34646548803892],[-119.26248081320352,49.3507369392129],[-119.25823615907572,49.35828076385578],[-119.25156956550332,49.36225320341534],[-119.24206211233572,49.37660590490858],[-119.28372933022693,49.384339213789175],[-119.28791672037002,49.389246218614105],[-119.28854642760889,49.3803575932456],[-119.2947621973331,49.38039025209188],[-119.29889904404688,49.38485406227289],[-119.30100210321912,49.5037741610254],[-119.30990326285091,49.5037865428877],[-119.3045072238344,49.510800810464275],[-119.3024313097166,49.523373504434325],[-119.31155206268659,49.53011543164249],[-119.32405665598544,49.53208381243173],[-119.32286820559479,49.53704346171672],[-119.32896586502515,49.53824323176549],[-119.33315897307821,49.554009560277954],[-119.34034124951475,49.55730989051076],[-119.33862655944063,49.56824463080546],[-119.3454809456209,49.57250784800809],[-119.34469677589033,49.577279586891784],[-119.3496222968167,49.58154566066676],[-119.3471594084025,49.59816409295178],[-119.34250554742205,49.60165185891266],[-119.34443119009444,49.605822920218856],[-119.3595697045163,49.61565352726882],[-119.35035281171486,49.63197667993232],[-119.36785903513697,49.63756003654479],[-119.37413410221515,49.65284734756125],[-119.37166461486329,49.670829654416615],[-119.37725985883631,49.67869415806151]]]}},{"type":"Feature","id":1323,"properties":{"LGL_ADMIN_AREA_ID":142,"ADMIN_AREA_NAME":"Squamish-Lillooet Regional District","ADMIN_AREA_ABBREVIATION":"SLRD","ADMIN_AREA_BOUNDARY_TYPE":"Legal","FEATURE_AREA_SQM":16695097610.2103,"OBJECTID":1323},"geometry":{"type":"Polygon","coordinates":[[[-123.1108080464556,49.482943765895364],[-123.09830290220972,49.48294376720203],[-123.09830170405354,49.54621343639669],[-122.91692309607397,49.54621345824113],[-122.94065387358683,49.56829844280654],[-122.80397742365741,49.56982287252584],[-122.81447863481957,49.57401143671309],[-122.81502263631697,49.58011971694685],[-122.83091726654662,49.592089000150494],[-122.82582029299094,49.595667326134624],[-122.84738701339703,49.608518191295225],[-122.84471793081661,49.61408733474106],[-122.82189103056706,49.61237645818684],[-122.80308415536236,49.623350462356086],[-122.81867349270661,49.62894261560473],[-122.8141274198762,49.633687573703774],[-122.82429994817467,49.639236155019006],[-122.82166713099855,49.64717837178852],[-122.82719220505741,49.65556772577802],[-122.85299175497484,49.66610502926909],[-122.8456511114032,49.67605646471277],[-122.81277430673279,49.69041126388885],[-122.81422523367442,49.69774715223311],[-122.80898598596244,49.70186411824778],[-122.80715026021633,49.7101780058009],[-122.82277802913083,49.71507800357058],[-122.8242879683901,49.71949659635993],[-122.82814130734076,49.72043780907591],[-122.82973660139629,49.72840328357286],[-122.84788793293365,49.74099082333032],[-122.8521215187372,49.74082541242636],[-122.84556628124376,49.7480364101165],[-122.85875042692612,49.75856473728348],[-122.85965169162242,49.765926272109425],[-122.85069983221562,49.77344141786835],[-122.85825100203708,49.77906240787325],[-122.86314764176224,49.778075917260196],[-122.87035771572386,49.7868117642097],[-122.87414026925927,49.81330135662642],[-122.86920662011651,49.81933210212664],[-122.87059924844526,49.82129442678053],[-122.8800667184528,49.82681913635755],[-122.9013969703519,49.822681861289055],[-122.91590568854744,49.83110299002318],[-122.93757542029537,49.82995342806438],[-122.95217874040242,49.83407177067391],[-122.96112220070981,49.833312602236184],[-122.96512629119181,49.83637293385745],[-122.97883582901179,49.837517526346396],[-122.99083838050048,49.847790590997626],[-123.00468949314927,49.85095684613875],[-122.98663500736183,49.868741846582445],[-122.98537410565575,49.87638280787846],[-122.96735794429563,49.88615287823551],[-122.96414689669746,49.898737846391526],[-122.95219690598323,49.90181854793339],[-122.94782631141936,49.90867923551113],[-122.94078290808523,49.909458352184025],[-122.93093742039981,49.91628349907827],[-122.91048882284548,49.910684125701955],[-122.90051792899328,49.89651511796667],[-122.88486907949606,49.892751050564335],[-122.86482170075145,49.90514042467436],[-122.85412951056168,49.91850784035594],[-122.83068213568177,49.917706476728775],[-122.81963950593246,49.91425304781671],[-122.80599474217004,49.91639862641878],[-122.79411743477779,49.92845733243863],[-122.79076742163394,49.936312245655586],[-122.77544144316127,49.928767453617766],[-122.76852165906126,49.93454309972423],[-122.77035878014213,49.94087864568989],[-122.76663584867681,49.946084823832074],[-122.7579786151315,49.94459504229468],[-122.73578396315469,49.95338786182514],[-122.71479739588472,49.950624928070006],[-122.70707736870274,49.96097393517073],[-122.69044792518851,49.97129098814174],[-122.67766335999364,49.972911092101334],[-122.67134413599578,49.97909830780088],[-122.68573060186849,49.99448409204497],[-122.68463517523351,49.99866536874626],[-122.687659569812,50.0006282643188],[-122.68035399282546,50.008822956641424],[-122.68074359278167,50.02374516237402],[-122.70318088500527,50.02098358131265],[-122.71991083881218,50.02387628043352],[-122.74477721318053,50.016285695589126],[-122.75035421571468,50.0210856595039],[-122.76285505765642,50.02343233621045],[-122.76373432830302,50.032964795219016],[-122.79230849515307,50.04130292416545],[-122.7916202508484,50.04543893276846],[-122.78615839089416,50.048792750542674],[-122.79408513780362,50.055828384686954],[-122.80042835912217,50.05670588266443],[-122.8037794745753,50.068147927581315],[-122.80135969039856,50.08151281685033],[-122.8054509779599,50.08825619502206],[-122.80490768015167,50.0923834911616],[-122.79512070582521,50.09913006388426],[-122.78182728991425,50.11987275009317],[-122.79165133208392,50.13105917318225],[-122.76948303364033,50.13970035398415],[-122.76359572450541,50.13538246447838],[-122.75092330281998,50.13920734856808],[-122.74485353059893,50.13677982174497],[-122.73816556944668,50.142337123256134],[-122.72201786925221,50.14676854366292],[-122.70343583141523,50.144989761647764],[-122.69482893524099,50.14712898638652],[-122.67714995336706,50.14323482327028],[-122.65803417263287,50.150441150508065],[-122.6553715852529,50.1500105677029],[-122.66077386952773,50.14547557998728],[-122.66032208366477,50.13614762359528],[-122.65613887218643,50.13149447298521],[-122.63914637226974,50.12741366094994],[-122.63918862057227,50.12510335613109],[-122.26008428568659,50.1239440587665],[-122.27793835821149,50.13797924530106],[-122.27364495298897,50.14581319100767],[-122.29124134724128,50.154944831048546],[-122.29855672297953,50.17267528370443],[-122.3157411137665,50.17451660726488],[-122.31838433174119,50.18658095976242],[-122.30385463884387,50.19260463514697],[-122.30145675160497,50.200332963011114],[-122.2846911916651,50.201134334486966],[-122.27812413761389,50.204543359553035],[-122.27803924275992,50.21460795717573],[-122.27131696907732,50.21997529833134],[-122.27661812575779,50.22516688151792],[-122.28758445256783,50.22400348119239],[-122.3032995010457,50.22978186612997],[-122.29757633107985,50.238243565546945],[-122.30416723047058,50.248191380375616],[-122.29422917245894,50.25535945468483],[-122.25991686359068,50.260570279374825],[-122.24725477108643,50.271919051126964],[-122.23513488547421,50.27601304020803],[-122.23738274876935,50.285525220775625],[-122.24817596571285,50.29094681592829],[-122.25140458631091,50.30080379395527],[-122.25052387004708,50.30472538006852],[-122.23850766018565,50.312666689256105],[-122.2446869128712,50.317131903290544],[-122.24136757649767,50.322410583720306],[-122.21640356289701,50.32579753705311],[-122.21392619200633,50.33327855551497],[-122.20272198105044,50.33780704198194],[-122.17377365600316,50.33540150224239],[-122.16780345519619,50.345755644088655],[-122.15529827946918,50.349781595467284],[-122.15328547206494,50.355208135181016],[-122.1463244520112,50.36005280612407],[-122.1520282594092,50.368701478098444],[-122.16402239866402,50.37218790410552],[-122.15497481810301,50.376712290024216],[-122.1518310030824,50.38397125569343],[-122.14140522113455,50.38698558280683],[-122.13196997219477,50.40013919582714],[-122.13453655272889,50.405578469312616],[-122.12009239725256,50.416193504356535],[-122.13180709216218,50.425481952131534],[-122.13202471900318,50.429236899768256],[-122.1223526599312,50.43276177508801],[-122.10991197449546,50.430412885211666],[-122.09839693779082,50.43375378477772],[-122.07269485581631,50.42541756564051],[-122.06205071812306,50.42585787103816],[-122.04867542884791,50.43151419302751],[-122.04457140085472,50.42065224077076],[-122.01004196285851,50.41180458950473],[-121.97059771863296,50.41735910815922],[-121.96557272080223,50.413474240377994],[-121.9671152347991,50.406832616921086],[-121.9577584444559,50.401835599781855],[-121.95031306460838,50.40572888330737],[-121.9306613961552,50.40746556736837],[-121.9271651312759,50.41459236791334],[-121.91925734872575,50.419429732142525],[-121.87119935488829,50.42239099208776],[-121.86490868298256,50.430550042656385],[-121.86895653107777,50.43735273659549],[-121.85582101026331,50.44890712011587],[-121.86262560244155,50.46060266214056],[-121.85726568611966,50.46962475945712],[-121.8425897625981,50.477969747966156],[-121.84067100922026,50.483938427486514],[-121.83165066304805,50.48923043105134],[-121.82496768413209,50.50428845636179],[-121.80749508235917,50.51661191930685],[-121.78467810822796,50.51791213214532],[-121.78454869761966,50.53114892868466],[-121.77798020085156,50.53099117638839],[-121.7769084122419,50.534814137234065],[-121.76790507563236,50.53957892532288],[-121.76736581733631,50.54683366588831],[-121.76192519612395,50.546835464311435],[-121.76192596527378,50.57591134618085],[-121.7647965300238,50.57591134503499],[-121.76479663604607,50.75065015423181],[-121.74264541847077,50.75076708435469],[-121.74200826753425,50.794303797659886],[-121.71953522413418,50.794403786165574],[-121.71918160537432,50.83788602438246],[-121.69648228287298,50.837909179546294],[-121.69627598474203,50.85229390913528],[-121.6730591039264,50.852292124964094],[-121.67305911157774,50.881646437021516],[-121.65021438179535,50.88164711064514],[-121.65019399418038,50.89620779208245],[-121.62730612401242,50.896224175813224],[-121.62730615353344,50.9977582846388],[-121.91584606383216,50.99780566355916],[-121.91439473889045,50.98757981700136],[-122.19477485706891,50.9873175569246],[-122.16542935168184,50.99298821672413],[-122.160067883579,51.004244620327164],[-122.15119519406174,51.00699521693921],[-122.15151090905825,51.00922169689986],[-122.16986777086787,51.01895474005057],[-122.19262786717296,51.01453696085515],[-122.22315123276739,51.02184507701628],[-122.22966648391328,51.027337738280124],[-122.22654789807127,51.03307541947225],[-122.24774893827991,51.04137010360189],[-122.26385454344161,51.034680254433226],[-122.2776357460365,51.04012783645784],[-122.30520147038898,51.04159089512979],[-122.305621863453,51.05502828639554],[-122.30879207419873,51.060600474940706],[-122.3439959723947,51.06543549654706],[-122.37296081076569,51.07927505695148],[-122.37412898754371,51.08321702324179],[-122.36482021806961,51.09099327457218],[-122.37727199849233,51.11223749212206],[-122.42167479644122,51.11369948623236],[-122.4389304547877,51.10889767775988],[-122.45651066596106,51.109134574299766],[-122.47181759872677,51.12209083458369],[-122.47862657640111,51.123964826090734],[-122.47739943902737,51.13647074870207],[-122.46209816919524,51.15064227612302],[-122.47837823370745,51.15996013371304],[-122.4846870380484,51.17387523395292],[-122.50902791848725,51.16979649459954],[-122.50963728378314,51.173179160913406],[-122.50324607663406,51.178673471862936],[-122.51347145758831,51.18309568438609],[-122.5144809112017,51.18915168597045],[-122.50732536395297,51.19593292139699],[-122.5205152080625,51.207493808781344],[-122.52963720823226,51.20952110400583],[-122.54858011010104,51.20377407208329],[-122.54953995972636,51.19642277103946],[-122.56404661027122,51.178300349312075],[-122.58319141740374,51.17759878912291],[-122.59476768428023,51.17220811717202],[-122.59187855277686,51.1667687304125],[-122.5984511989006,51.158920225519],[-122.60209056370367,51.14737754229169],[-122.5950108706061,51.14062698167555],[-122.59676718599545,51.132641858072965],[-122.61346046184472,51.12577412098387],[-122.61090283611406,51.12007247717742],[-122.59837109734522,51.110301367788686],[-122.58018015736441,51.10990475608175],[-122.5832214668932,51.10000203043518],[-122.58006519992067,51.09666853786805],[-122.58984661792216,51.093198220513884],[-122.60714859887374,51.09325464252363],[-122.61848748375189,51.079484847627384],[-122.63811212100379,51.08777229507899],[-122.65735972228948,51.09284604837213],[-122.66815005570517,51.09090783663802],[-122.67361376037782,51.09435231726457],[-122.70389595642432,51.118912130826175],[-122.69515089253493,51.12436100351192],[-122.72284439586825,51.13620985180968],[-122.72366336577173,51.14986210036522],[-122.7312988936212,51.154654795749785],[-122.75033388044612,51.1540495240789],[-122.76665185582199,51.143007714357594],[-122.7778852500344,51.14223126828723],[-122.79295332587641,51.147646293593525],[-122.8227452405422,51.143673690593054],[-122.83476975582316,51.149316459156],[-122.83551180001876,51.15373271945117],[-122.85717292478935,51.15872489768283],[-122.86373499976392,51.16413707128599],[-122.87834313738765,51.16182118700193],[-122.88667047386043,51.171795956275744],[-122.90233019312556,51.17559280983858],[-122.91322109421948,51.182448475404044],[-122.9284919954471,51.183375013594464],[-122.94640851986796,51.19283540143509],[-122.97603085860189,51.19394227186225],[-123.0035225867933,51.19960076962792],[-123.03337863757349,51.199320302469],[-123.054516201442,51.20962340240937],[-123.06515366705773,51.210211441337265],[-123.06825933904396,51.20746206719945],[-123.06965414775418,51.18522852969898],[-123.05099048677404,51.1800406541718],[-123.05740789983142,51.1634829709032],[-123.04165317468815,51.153733045134885],[-123.05846076422402,51.14030438156376],[-123.07514622458764,51.13981327081624],[-123.07016276998144,51.13382849162909],[-123.07251643333493,51.13090456487187],[-123.08234647371899,51.129513237808354],[-123.10730884647289,51.14011290236507],[-123.12323160495703,51.13493363400994],[-123.13806107125302,51.134934058357956],[-123.13966988000774,51.12864553353155],[-123.1547917549928,51.11792064026886],[-123.15487841578442,51.11392793574495],[-123.15034573378948,51.11271089041782],[-123.15545363153606,51.10653546818039],[-123.1554640506054,51.09686567741916],[-123.1612335559259,51.08865083903617],[-123.17960573637636,51.077746271205655],[-123.18093862459352,51.07178825260266],[-123.20626653247906,51.072330812580326],[-123.21059575929853,51.06700858247135],[-123.22129836958466,51.064755696504086],[-123.22332362159733,51.05955422961082],[-123.22977178663038,51.06018318952073],[-123.23756347791884,51.05624392105263],[-123.23865261997884,51.05099611282192],[-123.25085548010334,51.043063205732885],[-123.2559911753017,51.03423746082731],[-123.25277480404264,51.03140483643929],[-123.2579775001979,51.02581514379753],[-123.25488232126524,51.0230432498119],[-123.25492948039246,51.01344216735204],[-123.24278564084639,51.00284788253495],[-123.24531942741986,50.99956032469602],[-123.29248618975384,50.995848760296894],[-123.2992622431977,50.99108054397233],[-123.2985510500354,50.98682889803787],[-123.31685653669321,50.98023409859386],[-123.32369426420851,50.98160620110081],[-123.32615130471856,50.99341857419685],[-123.36407478810314,50.990581814555746],[-123.38777042988465,51.01060090222743],[-123.38425903064524,51.00503712978198],[-123.38651059062227,50.99679553881114],[-123.40178702167573,50.98856077469852],[-123.40665010356163,50.982563892821744],[-123.40706421137872,50.976159733633125],[-123.4133026610355,50.971299814700515],[-123.42218507418788,50.97931241946358],[-123.42192745880931,50.98354485795949],[-123.43276452220888,50.98325042127967],[-123.4477608473105,50.99113635079325],[-123.45253363425931,50.97675880261997],[-123.45901662151502,50.97085035470964],[-123.45969115363128,50.964157196142565],[-123.47274662643693,50.95966272853031],[-123.49145689270044,50.96643789115717],[-123.50454365283788,50.962426334287144],[-123.51672230198972,50.94520513062582],[-123.51510879055915,50.93931407369209],[-123.52509192699371,50.93352529120777],[-123.55812963128076,50.92808136303147],[-123.57898230041803,50.93244021454903],[-123.58309611432853,50.93076208880714],[-123.60002688903077,50.91491007892955],[-123.61114418596819,50.89519026404582],[-123.6237210946116,50.893585992062874],[-123.64136072670118,50.90039686227704],[-123.66241205578356,50.90070198309209],[-123.66558264093474,50.89810301456428],[-123.66665043030811,50.87882436033162],[-123.67316426356756,50.876117115859856],[-123.67614880963846,50.879697988501064],[-123.68506653971703,50.879402188963624],[-123.7030093496238,50.84911750723592],[-123.71918177290141,50.84585746515872],[-123.72324564621911,50.831657548156734],[-123.72731711636669,50.83038722351954],[-123.73086485121227,50.840248259014295],[-123.73771155636707,50.84121238548778],[-123.76625142697874,50.83917193205144],[-123.7833232444249,50.83156748244981],[-123.81536885355308,50.83477626396742],[-123.82926279661078,50.831511834439276],[-123.82976901468882,50.82161898048766],[-123.8121725623452,50.817441162353795],[-123.80363864502266,50.8041686724283],[-123.79415138939191,50.7969573230152],[-123.79640332941176,50.79309196513844],[-123.8132232395596,50.79183681040458],[-123.81755261782232,50.78580620992519],[-123.8224050913033,50.78468294527165],[-123.82313904460324,50.77962368936029],[-123.83226357687712,50.779846719410536],[-123.8426691833848,50.767685359695854],[-123.84275731395297,50.753734477352864],[-123.8337623091479,50.74216508906812],[-123.84188274665658,50.73676683704526],[-123.82430014622423,50.72139434204822],[-123.82938122425219,50.715503784090366],[-123.82462252917134,50.7018230125077],[-123.818593965391,50.70539480945796],[-123.8145655143037,50.717191034880194],[-123.8066805550628,50.71336982172707],[-123.80032949074062,50.71693289527117],[-123.79292033620926,50.715496658724426],[-123.79047203315231,50.721243894691995],[-123.78115301613963,50.72339409443237],[-123.77279813333944,50.718461605345034],[-123.76655087735234,50.72009562655855],[-123.74743230323374,50.71354687692262],[-123.73590186772846,50.70647071813062],[-123.72961663623444,50.69539674424293],[-123.73813716889745,50.6843714852199],[-123.73989518731098,50.67104149228773],[-123.75457108962037,50.653428689704725],[-123.75060126087713,50.641331500371294],[-123.75740093755516,50.633229574950406],[-123.75904762820772,50.61255240322871],[-123.76622389579245,50.61057687520711],[-123.76363079324142,50.60230609980402],[-123.75948659716381,50.601191047104294],[-123.75659526004213,50.58586132987141],[-123.74651074156108,50.58218219137416],[-123.74686561217861,50.57981268183836],[-123.7560461053275,50.57842344010086],[-123.75882024960896,50.56824095735394],[-123.74581566925661,50.559635412154165],[-123.74803614918746,50.547395219942764],[-123.74518762099255,50.542188345814864],[-123.76533663946005,50.534943911387955],[-123.8049572619434,50.53644645275353],[-123.80638502149606,50.53162810227647],[-123.83494887091149,50.523142843589326],[-123.8389645034744,50.51472909922753],[-123.86366902008946,50.51759723195806],[-123.87069966793607,50.52473762375583],[-123.88691582112469,50.529584593679104],[-123.89410268158178,50.53500263232317],[-123.89611268159605,50.52879470239787],[-123.90343382242389,50.53019506466601],[-123.91285777174734,50.52151982341718],[-123.92296746913003,50.53002387163468],[-123.9342909365175,50.53231682293687],[-123.9559039028867,50.518700975235234],[-123.97938552456573,50.51694310577169],[-123.99854073453147,50.50489695461154],[-124.0053188743824,50.50429500269996],[-124.009382142259,50.48983119897804],[-123.99669075661366,50.472684913705535],[-123.98434102193364,50.47909151584807],[-123.96893207957343,50.48104949842162],[-123.9540193248924,50.46734060273968],[-123.95618023735229,50.46378539783222],[-123.95254758554375,50.45861091358433],[-123.9418958548855,50.45643122971522],[-123.93559380450439,50.44975487153017],[-123.94730867382653,50.42790157281238],[-123.95312407061203,50.42489817316742],[-123.95004947708877,50.42165063779204],[-123.95154364833228,50.41737745230318],[-123.961458681783,50.408919851925646],[-123.95039123794658,50.40441503663021],[-123.93208698255367,50.40459911022482],[-123.92406895027382,50.4007398468166],[-123.92148039154206,50.394637702920896],[-123.92816585717117,50.38540201762976],[-123.9219516441181,50.38226168188546],[-123.92094455510072,50.370123184386685],[-123.91432348918681,50.36486814625272],[-123.90840922200016,50.34705199126704],[-123.87679965119838,50.33299860466522],[-123.87710793569549,50.32837350109456],[-123.88626715616385,50.32050646443705],[-123.87478681099437,50.31341739692959],[-123.86697221118828,50.300759742976375],[-123.85345769776121,50.298036702258784],[-123.84819432387897,50.3023532634704],[-123.83502853018034,50.28662853441892],[-123.81183006133442,50.28280861760185],[-123.7878064979644,50.268736765941334],[-123.77612494795687,50.266584891472455],[-123.77437486570571,50.26249540210253],[-123.76657252880266,50.26113609398711],[-123.75578140009856,50.24394966094842],[-123.74834717812692,50.239997520101866],[-123.73124699161225,50.23902812184526],[-123.7223143829395,50.23099855368465],[-123.71178813200491,50.23468401062841],[-123.70149243735996,50.23327264033354],[-123.69932845180459,50.22965217559765],[-123.70220089724769,50.22189417131181],[-123.73098493952742,50.200790950354715],[-123.72102324421269,50.19402684928667],[-123.70559444903327,50.18902205521821],[-123.68903910193134,50.20284606724793],[-123.65733681255807,50.20957028060484],[-123.65182159808504,50.20250520794178],[-123.65298587836344,50.19825957281817],[-123.64725498114282,50.19420843734387],[-123.64279671328732,50.17357127296603],[-123.63025137309336,50.18096003395443],[-123.61604236271393,50.17450770175091],[-123.59413005391825,50.17699722699044],[-123.5832567475224,50.17322993382075],[-123.58380884757521,50.160308954421645],[-123.58078579766787,50.154996726816755],[-123.58865086964812,50.1453216673733],[-123.59832195452384,50.14008575621487],[-123.59558974421704,50.134181788455145],[-123.59780257479083,50.130225081262516],[-123.59094359506612,50.124662962642375],[-123.59130220749053,50.120083219453946],[-123.60467848766473,50.106651296803435],[-123.59709831192508,50.09535611192056],[-123.62482288435939,50.09677517112466],[-123.65018269547265,50.085195540428145],[-123.6383051405288,50.0739169815362],[-123.6179817404823,50.06166314699586],[-123.6158407979035,50.056311075934914],[-123.61888630477608,50.05197272752087],[-123.6370964482106,50.04890316185993],[-123.63078821370183,50.03887823611815],[-123.64115643041607,50.03527474823588],[-123.64240528675515,50.031427360468534],[-123.63082612227292,50.014767825368416],[-123.63504733147687,50.00345116373708],[-123.61972025703318,50.00463132758149],[-123.61859926052966,50.00862170516535],[-123.60466309680139,50.013542992794186],[-123.60291136748468,50.00182376385471],[-123.60605512096292,49.996599782735885],[-123.60005661067305,49.97762630314223],[-123.58804227150921,49.96963803083543],[-123.60034980633148,49.95522925008532],[-123.60654653395422,49.954315577133144],[-123.61018720151816,49.94051733919048],[-123.61901385482793,49.93171717086012],[-123.60183679070508,49.92303418457257],[-123.59010111663815,49.920806946290206],[-123.58111266415942,49.92517857247881],[-123.56973871391595,49.91972053005331],[-123.5511213471188,49.91902000010357],[-123.55318399666199,49.913424746764186],[-123.56893756729764,49.9004357456687],[-123.56993663812203,49.87938317767869],[-123.5844786446418,49.86247139549389],[-123.57882278302444,49.846759641982686],[-123.56797149640173,49.84632662726695],[-123.55130762783757,49.839206580445236],[-123.54826756761933,49.84872205048754],[-123.55213571148893,49.858186730725784],[-123.54754639313622,49.87640503115687],[-123.52652071130767,49.882338720953705],[-123.528614583513,49.8854322241235],[-123.52414170685198,49.889738811967746],[-123.48563969816013,49.90923313174426],[-123.47279251645956,49.90938815680145],[-123.46515906390647,49.906037194357715],[-123.45435460432083,49.90777493859908],[-123.44174801199277,49.89882839897563],[-123.42320028717637,49.89717067684829],[-123.4268672348802,49.8945788822977],[-123.42586789974185,49.89053913078274],[-123.41270694936124,49.87437803304187],[-123.40213084329396,49.88026947615197],[-123.38995014051177,49.86950394825564],[-123.38367283105966,49.86934501315278],[-123.37493461382985,49.86346734078708],[-123.35688464600199,49.863846107480285],[-123.35384552504733,49.856488085749],[-123.34125013347563,49.85446615361503],[-123.32648034120841,49.846833544889975],[-123.33263337538284,49.8354172365787],[-123.33232425325743,49.820745348126984],[-123.31765406709054,49.809552521231666],[-123.31131569340658,49.796455908838986],[-123.30201198551798,49.79292773684648],[-123.30555850087322,49.78588982096288],[-123.29997627570793,49.776014541145486],[-123.29390204626854,49.77548643998782],[-123.28358582499814,49.767837907975576],[-123.2666673816148,49.767866084930766],[-123.27589195022648,49.763644081284944],[-123.27905095535188,49.75841374698986],[-123.27319082211793,49.75245239893239],[-123.27649935686405,49.743213233331744],[-123.33724541095354,49.7440207309149],[-123.33292525289556,49.73201359704465],[-123.31941345849913,49.72203175793245],[-123.32453782337488,49.70821092575738],[-123.33150814355838,49.707309721312086],[-123.33741820678252,49.70154514392842],[-123.3377254963593,49.692080982870124],[-123.34867587005537,49.683684589014476],[-123.37032072106351,49.68253804488402],[-123.37236081645132,49.67659108577198],[-123.37147802993647,49.67250537857534],[-123.33706351662707,49.65827726163264],[-123.33443517993852,49.64878256291085],[-123.31917926351018,49.63969607608869],[-123.31889544035491,49.63158168945513],[-123.30707999708876,49.625202435298],[-123.29973400305964,49.610425456166254],[-123.30465122195173,49.60652092383736],[-123.31037126055354,49.59233807037466],[-123.27609785060238,49.591393009081926],[-123.27581657687976,49.58466009544078],[-123.24676881286737,49.58463021827099],[-123.2568647241091,49.57325163720781],[-123.27745246053547,49.56276410889399],[-123.2700327113978,49.549023826558056],[-123.27456615355713,49.53991792975904],[-123.27299330761586,49.521792422766914],[-123.28686832642076,49.50366130108764],[-123.29036824789856,49.48508900907908],[-123.1108080464556,49.482943765895364]]]}},{"type":"Feature","id":1324,"properties":{"LGL_ADMIN_AREA_ID":151,"ADMIN_AREA_NAME":"Thompson-Nicola Regional District","ADMIN_AREA_ABBREVIATION":"TNRD","ADMIN_AREA_BOUNDARY_TYPE":"Legal","FEATURE_AREA_SQM":45462354980.8117,"OBJECTID":1324},"geometry":{"type":"Polygon","coordinates":[[[-120.58909600979,49.772571491388746],[-120.48993861541514,49.772567962195964],[-120.49022135665838,49.77745023015824],[-120.47873769381762,49.77899494898557],[-120.47821224469865,49.78593229044263],[-120.46742441475685,49.79019079650463],[-120.45701920618725,49.80160840436283],[-120.45269379972778,49.800134991162174],[-120.44642012157031,49.80308741553297],[-120.44536861786223,49.81091459334514],[-120.43119711398974,49.8154039393096],[-120.43294629472338,49.81869122360008],[-120.42770545580485,49.82581061594117],[-120.4285357368097,49.83045990520662],[-120.42017352199262,49.84078510202654],[-120.38694217265581,49.85979217467688],[-120.38987025519884,49.8648748631401],[-120.38334103284495,49.869292470859236],[-120.38990852008685,49.87449028061275],[-120.38143686465098,49.87819031544672],[-120.3743184857727,49.88791364383579],[-120.36494574432334,49.88974293438541],[-120.36306877907981,49.89684252284823],[-120.36611031717733,49.8990706041758],[-120.36151448725785,49.905164673858735],[-120.35347877989713,49.904891529380784],[-120.35221372560387,49.90900069964641],[-120.34584023866445,49.90778743242408],[-120.33199191489048,49.913385672976695],[-120.32074461339577,49.91107523088532],[-120.31665376589257,49.90101019540418],[-120.30657876896703,49.89744202643434],[-120.29100782218667,49.90099931965175],[-120.28789206035269,49.89761795720361],[-120.28871712725596,49.88864157736898],[-120.28459813041171,49.889345837249344],[-120.28480751003613,49.89379844511696],[-120.27896081305187,49.89681587840057],[-120.27309207338256,49.894868480035875],[-120.26777677368719,49.88320199051324],[-120.26116619857576,49.884872077249085],[-120.24839288879326,49.8790580032079],[-120.24627380049549,49.87549627496354],[-120.25079758330138,49.86324336689669],[-120.24584819236169,49.85068405579015],[-120.24789385159208,49.84601900039456],[-120.2246973594416,49.84612239412225],[-120.21881529209611,49.84850024288252],[-120.21265120698133,49.856736402771126],[-120.20358097898118,49.85740837363637],[-120.19933958149143,49.86242477437557],[-120.19077584707371,49.85931474742942],[-120.18909102015061,49.85564626268406],[-120.17582709416256,49.855384614403164],[-120.16775574136273,49.861901657293075],[-120.16254411589333,49.85845754868762],[-120.1425846988372,49.85965119325615],[-120.14577386034055,49.85479494100364],[-120.13859544537709,49.84943304664229],[-120.1226324410149,49.84904660698771],[-120.1175476642746,49.84409221498351],[-120.110562655685,49.8429765706738],[-120.0941982529949,49.84506204652473],[-120.08564614858625,49.84279226481316],[-120.08086770256708,49.83539781355606],[-120.07470319976882,49.83506034244654],[-120.05972101321062,49.84052154581876],[-120.06444883532718,49.84220208291803],[-120.05758498434383,49.84660276935303],[-120.06081156574524,49.849397002189335],[-120.05111752502089,49.86096728923619],[-120.05944521542847,49.86774627001037],[-120.05764075455693,49.87636384302223],[-120.02878390953677,49.87657191247481],[-120.02844125364173,49.88328335454699],[-120.03596655209184,49.889935457093365],[-120.02451974272455,49.89542663295494],[-120.02720984066009,49.900371668796616],[-120.03869291896625,49.90663024738039],[-120.02896802074686,49.91240277943943],[-120.01745318360209,49.91380424951691],[-120.01274209241949,49.920123207706226],[-119.99954468995494,49.92242812577755],[-119.9960574873066,49.93338420130999],[-119.97716364268547,49.94175684727743],[-119.96296969238513,49.94117400586738],[-119.95359949235393,49.94639309087746],[-119.9423714727134,49.93710576460557],[-119.93183648116691,49.93451898130995],[-119.92070643977821,49.9420689080747],[-119.91925882860572,49.94886447967747],[-119.90629640846618,49.956405137501754],[-119.89479134290963,49.95886110730058],[-119.89243482610478,49.964599466063746],[-119.88378597543388,49.96767271673594],[-119.87275871190576,49.96580347768625],[-119.86051756056735,49.969500708774916],[-119.85452183940272,49.9756298658732],[-119.84958811619,49.97247770395138],[-119.83989836316118,49.98084087807056],[-119.83098687909957,49.98073498058282],[-119.82514352238896,49.98746058381811],[-119.82408641844563,49.990427020097265],[-119.8284340302477,49.99222816972942],[-119.82336949666026,49.99890966971446],[-119.80409343961723,50.00341663296715],[-119.78351709547366,50.00258104280855],[-119.77288208152162,50.01257839638166],[-119.80206988116498,50.02213204733641],[-119.8066284594426,50.029963181520976],[-119.7953694963479,50.03922999475658],[-119.76178685222702,50.04734318578727],[-119.75958939394671,50.05822543435558],[-119.76699493256562,50.064667913877386],[-119.74557796278364,50.07731510219044],[-119.75259749521474,50.08358871136048],[-119.76138958646114,50.082263288061824],[-119.76082726948066,50.08634375614443],[-119.74332742887565,50.08748754914432],[-119.74514327033077,50.08930471996766],[-119.74137472087735,50.09075418094638],[-119.74496647443222,50.095859789329864],[-119.73501932970659,50.09927220068964],[-119.72994212154205,50.10682921858216],[-119.73881915383691,50.11006636380809],[-119.74041250289048,50.11788098617031],[-119.74528658845118,50.11849142575443],[-119.7447258036715,50.1239320988431],[-119.74972113232326,50.12585885118175],[-119.75496852530571,50.121746295709585],[-119.7665491246784,50.12398657215081],[-119.77763826418118,50.12180255469091],[-119.78046508594572,50.13001692836509],[-119.77940074208493,50.148268762738525],[-119.80654416428129,50.15018130787865],[-119.79970054505368,50.156025909817544],[-119.80181578546235,50.16505954334882],[-119.80909414798542,50.16942245780805],[-119.81251491206214,50.17944082244903],[-119.81922250682271,50.182489572101865],[-119.82917220977818,50.18159080513268],[-119.83041788117447,50.184966826785555],[-119.80579648148156,50.19682218341608],[-119.80352913115179,50.20396455856285],[-119.79243974734611,50.20551520061113],[-119.77539551312722,50.199548996555514],[-119.74814870871589,50.20462300854748],[-119.74711799435022,50.2157689526593],[-119.75552992661021,50.22739581634656],[-119.75335206330166,50.228050179115954],[-119.75532264735824,50.23231232245458],[-119.75952858600255,50.232480384225624],[-119.76404621096113,50.23789815793483],[-119.75358629726384,50.25017272017505],[-119.75361644113126,50.25818203970425],[-119.74585702717161,50.262329782505674],[-119.72546323271017,50.26078315889479],[-119.71527702370446,50.27387728087304],[-119.70279543466675,50.283147839932695],[-119.70141064016144,50.28802859957636],[-119.68963962711733,50.289429152656936],[-119.68350358852143,50.29599378346588],[-119.6851600718287,50.299640623709834],[-119.6824306167412,50.30567961389366],[-119.69728290395845,50.30589945844644],[-119.70959466971523,50.31492923010953],[-119.71243311438351,50.32069802542857],[-119.69881415507436,50.32524598217918],[-119.69417283228655,50.323926427021384],[-119.68245624112747,50.328726170118635],[-119.68198841419415,50.333365581487854],[-119.67805770922963,50.3356351123635],[-119.67011243976114,50.33560905362843],[-119.68143110214,50.34426281218179],[-119.67445908891065,50.348212509953875],[-119.66505627753017,50.347550970328754],[-119.65903009098042,50.35585074565538],[-119.66215973174508,50.363200219033864],[-119.64701840275451,50.36133320858299],[-119.6485380749234,50.369178441857365],[-119.63736480012518,50.3713744818872],[-119.63383531636241,50.37618400589029],[-119.64331786814738,50.38810633842809],[-119.64172525245979,50.40062490821979],[-119.65276539843398,50.401833744237926],[-119.65250355967137,50.47224293566064],[-119.66102862734614,50.48233404418869],[-119.66104650640662,50.484672370051676],[-119.65250088337517,50.48468132758631],[-119.65247164846893,50.57615327859258],[-119.5270530237581,50.57607795896685],[-119.52734450524915,50.7509292984945],[-119.46962521870046,50.7509253629289],[-119.46976012772829,50.78521906851018],[-119.47338132506147,50.78518598212718],[-119.47353523243903,50.79965521235729],[-119.46978339130823,50.79968950211196],[-119.46981343268868,50.838008448452435],[-119.5159717433723,50.8381284325438],[-119.51593263245408,50.86717946943063],[-119.57646295459628,50.86715235003526],[-119.57748094195529,50.86024096997224],[-119.592523294047,50.853422813777726],[-119.60506342106494,50.85344639471677],[-119.60025129949786,50.860085089970156],[-119.60227228878168,50.86372809049911],[-119.61484330270612,50.87398809132391],[-119.62639629856962,50.87848708462412],[-119.64493729898592,50.86795008720438],[-119.6497283076114,50.85970908783903],[-119.67094778293011,50.865458795688],[-119.66616419370105,50.86780679015833],[-119.66615519064788,50.925343312519125],[-119.64400724970217,50.925294408361815],[-119.64360222470785,50.92740338885376],[-119.65053082809621,50.9350784512379],[-119.6553601532054,50.935206636511765],[-119.65786029041779,50.94563611847967],[-119.67246391155209,50.954101616625664],[-119.67830450505102,50.965814317487094],[-119.69624373041114,50.97254797279203],[-119.7107183170489,50.98350612037739],[-119.539346985883,50.98352235771338],[-119.53952188207998,51.08425307313885],[-119.53259583279568,51.08529999460942],[-119.52378128844141,51.09283898253452],[-119.52743537252863,51.09573607788541],[-119.52712844605074,51.10628590814536],[-119.50610790861322,51.113532171068044],[-119.50476906056018,51.11895336139648],[-119.50916466054129,51.1235899882785],[-119.50740440635373,51.12750423338835],[-119.51540134138153,51.132366122784056],[-119.50149779061509,51.15097049905568],[-119.50416561592526,51.15628085713831],[-119.48727802146732,51.159383559724866],[-119.47716054382451,51.153770234280934],[-119.48582817459882,51.168861153500444],[-119.47712657104587,51.186674109770195],[-119.44294533144188,51.18413738893437],[-119.44401886837348,51.18819822167124],[-119.44047617402677,51.19374053211965],[-119.44932127039743,51.19696431053142],[-119.44340572474549,51.20582117578117],[-119.44359717854319,51.220522245564425],[-119.43324444958522,51.231028093436436],[-119.41828612890004,51.23073169759233],[-119.40810667383417,51.23687463287666],[-119.3891373781248,51.23963094654706],[-119.34754089399463,51.26516884320099],[-119.34445430880352,51.25591322485224],[-119.33501524221408,51.250536864790234],[-119.32297511589778,51.24916965870133],[-119.30971731257897,51.24827194965013],[-119.29007573848094,51.25875792466564],[-119.26847497598466,51.25652257640193],[-119.2239495192555,51.28416309349648],[-119.21774411126712,51.29834070452912],[-119.22504101077516,51.30354137793836],[-119.22561872961201,51.30978087567753],[-119.20599370334841,51.30821875232907],[-119.20411694952895,51.3173316099895],[-119.18495516204658,51.3173143118778],[-119.16788821096655,51.3336115474337],[-119.15789158524488,51.32995104454534],[-119.1399106875477,51.330534863703804],[-119.12990225486885,51.32542027505425],[-119.12884108951144,51.33133021341658],[-119.12107636755334,51.33478967997901],[-119.1223408770798,51.33916450411106],[-119.12695071968704,51.339182777944735],[-119.14011314378524,51.35333828781812],[-119.15110486574112,51.35734578644064],[-119.15050318327276,51.3609231870878],[-119.13025444145715,51.37171449372715],[-119.11453044738076,51.369633196445385],[-119.10386340183597,51.38328619624502],[-119.09320607143465,51.3876319998119],[-119.08823901159096,51.39611331542386],[-119.08460524047821,51.38898547041554],[-119.06385103964328,51.395548261146786],[-119.05539215405182,51.393670519151875],[-119.04704032047589,51.40665897278261],[-119.03352683239324,51.41198340574346],[-119.03188830574607,51.41593082850648],[-119.020557792137,51.417511706538356],[-119.0128726844052,51.42562183984733],[-118.9977760440636,51.42968324778369],[-118.97928342977694,51.44677302760083],[-118.97981967564253,51.450629958545385],[-118.96570945997648,51.45017499901479],[-118.96151511025475,51.45499555632398],[-118.95041205689454,51.45697743127628],[-118.95480006404368,51.462459986183354],[-118.94600338950366,51.461286388440115],[-118.95059617348093,51.47029691939415],[-118.95788153697913,51.475701131990064],[-118.95129453796841,51.4833989874199],[-118.95712596964272,51.495126472809545],[-118.9455140081239,51.51102529713882],[-118.94897841720385,51.516219609058446],[-118.96062454088903,51.51763520894008],[-118.96041750111904,51.52411354063692],[-118.9723026470789,51.53130042079783],[-118.97958696722522,51.54303731176412],[-118.98590632675382,51.54537554623545],[-118.96795950590776,51.57533639989445],[-118.96831557541216,51.58940217030647],[-118.97462912195398,51.59487262781452],[-118.95641985884683,51.60142561393062],[-118.96378820005926,51.610136436871144],[-118.96377413421027,51.616539513216665],[-118.97678192277112,51.6243067209154],[-118.97661819758035,51.62751989530849],[-118.98284885652635,51.62924932789766],[-118.9882244529131,51.638729691228825],[-118.98575679157084,51.642563397740055],[-118.97358044536591,51.64674352746791],[-118.97469717507228,51.65680558484964],[-118.99729046167876,51.67082976456005],[-118.99727525892757,51.67968784187812],[-119.003453881876,51.68802974279889],[-118.99767348437597,51.69158141717207],[-118.95982456514879,51.699125481025746],[-118.94154525165885,51.69784838309734],[-118.93799418558243,51.690492117826],[-118.92578527844228,51.6871498633634],[-118.92733020226517,51.6983143179622],[-118.9179235581898,51.7013878973995],[-118.91502914851912,51.70706247876801],[-118.92032621957294,51.71916292448188],[-118.89016521047857,51.7319238924799],[-118.89318554532531,51.75740794335411],[-118.89718952761451,51.762128366861226],[-118.89699274623713,51.768380311765],[-118.8923431268694,51.770874241859715],[-118.89631763401472,51.779205137751674],[-118.89366771375448,51.78512492509419],[-118.91000184313697,51.78653821382153],[-118.92455166131468,51.79657326941185],[-118.944340398692,51.79141464692704],[-118.95162647793576,51.803355822432394],[-118.96052296637527,51.806922680444025],[-118.95715623047434,51.814928135260296],[-118.96206526601581,51.8219833412272],[-118.96824837263559,51.82342070151769],[-118.94771204356763,51.832742157348655],[-118.95274127940661,51.838984428924554],[-118.95088041870206,51.843061911784616],[-118.9535213965777,51.850967374092555],[-118.96040223141094,51.85148233870541],[-118.9773439306272,51.86158897117061],[-118.99204679846513,51.863522024221275],[-118.99025429748866,51.867517044640984],[-118.98354237647354,51.869914514028025],[-118.98344637120798,51.875141733409],[-118.96932835613624,51.879282657384415],[-118.96738561129926,51.88407414229732],[-118.96941748337896,51.89376691356018],[-118.97633558890197,51.900386195916354],[-118.97596494993132,51.91059876376534],[-118.99248341402686,51.92168657030614],[-118.98826896986246,51.93129875679991],[-118.98268985378196,51.935079751196675],[-118.95586691323459,51.93131519081344],[-118.94413214645397,51.92494125005831],[-118.93462224362445,51.92765579341595],[-118.91279647275177,51.92522097636064],[-118.90696331608534,51.92805828981908],[-118.89910607669535,51.94452424292344],[-118.89075093425264,51.951366948842406],[-118.89685417058566,51.95770717672362],[-118.90368219422298,51.95778877802472],[-118.91914687707954,51.966104255914885],[-118.93304914749707,51.965424183543256],[-118.97364222940746,51.97552635633356],[-118.96949055837115,51.9837079074419],[-118.9710760534018,51.987717898549484],[-118.96260737552794,51.99696551833275],[-118.94773946688743,52.00205319721329],[-118.94747487650473,52.02280256447301],[-118.93259102403967,52.03541893905992],[-118.91163523860276,52.04359502341109],[-118.89929998960224,52.038246422812456],[-118.85455134939829,52.045056034842986],[-118.8483183944844,52.050643118497895],[-118.85126214030198,52.06050210545648],[-118.86934433084177,52.06584560890956],[-118.87355259622363,52.07091621307146],[-118.87138198398962,52.07720315538605],[-118.85333108821857,52.08862350628338],[-118.85947911167312,52.09129918757603],[-118.867401584335,52.101487719031425],[-118.85111430839535,52.12392775018091],[-118.85143410466463,52.13387378123578],[-118.83565382226834,52.14498571940789],[-118.83311288877616,52.15741303670337],[-118.83592382461778,52.1631530639156],[-118.80092378894282,52.17608443846512],[-118.82872709204759,52.19984157972598],[-118.84159570422977,52.202455829888954],[-118.85207842546357,52.21030342401763],[-118.84929905352593,52.21786116523937],[-118.83582196363703,52.220727197511],[-118.84065950196424,52.224770062643636],[-118.83884407676963,52.23327759401178],[-118.87783719043394,52.240081766836155],[-118.89695422110648,52.238771924060416],[-118.88064425650585,52.26316393216002],[-118.84582226499558,52.275561685920515],[-118.84566000287049,52.28212217023219],[-118.83938134016246,52.28824258932225],[-118.82455159819895,52.29032398282199],[-118.81370253854291,52.29918305709443],[-118.78858382717864,52.30524290749314],[-118.79014200084139,52.310779099226885],[-118.80314844800074,52.31917418623925],[-118.8351782469141,52.32934687358328],[-118.84295452205565,52.33454982793149],[-118.8554740634342,52.33484036156334],[-118.8684405697651,52.342246890935975],[-118.90300544594655,52.34315573568098],[-118.91953747964345,52.34901757973586],[-118.92618465584272,52.354022662902516],[-118.9281231422089,52.36538051872391],[-118.93748543689756,52.37341679337843],[-118.93935500386068,52.391755131269434],[-118.93285991212608,52.3981706929013],[-118.92966679666033,52.410556406569945],[-118.93179015668406,52.41174158336287],[-118.92396130648778,52.41910153307542],[-118.92610958469858,52.42276409967111],[-118.9323913938864,52.42302624007053],[-118.93376604213356,52.42967853546984],[-118.94440901407546,52.433492233329304],[-118.93605873579193,52.44648427712996],[-118.93701772324363,52.45291253955605],[-118.92363259548955,52.46378604800551],[-118.890997907084,52.47257660157993],[-118.88541989979666,52.47833529152853],[-118.88938911845496,52.49123465730614],[-118.90710327801344,52.49891383795834],[-118.91024537529877,52.50421606601874],[-118.90719140860374,52.51796533689492],[-118.91102491380497,52.53044555391022],[-118.91405871861203,52.530820122896394],[-118.91793296426351,52.53833617398299],[-118.93818323070295,52.54797876882442],[-118.93618651938414,52.557680256693125],[-118.92722090230644,52.56225935919067],[-118.92829123693025,52.5682721727303],[-118.9515247366457,52.577071666354165],[-118.96028623076234,52.575955826290446],[-118.96981938978138,52.58086875992829],[-118.98896034185213,52.58394150352074],[-118.99462691960922,52.58711407102923],[-118.99475177691433,52.591199099239326],[-119.0029775828745,52.600741050168125],[-119.01370585366547,52.5986438887154],[-119.01953636780041,52.591531202759725],[-119.03488143197819,52.59450540715218],[-119.04010299625867,52.597673479009316],[-119.03886078672853,52.60600604966612],[-119.0444687997542,52.61704484728769],[-119.05448014746632,52.6249000198194],[-119.05374327534406,52.63156651547427],[-119.18512631461205,52.63333362697188],[-119.19489666160202,52.6102808546893],[-119.1888960896505,52.60211652652937],[-119.19449812921394,52.5989646240837],[-119.20115386126115,52.597995833367676],[-119.22132724290641,52.60532502237205],[-119.24916572987009,52.59837027948136],[-119.27671763074581,52.59716024830559],[-119.2969096592679,52.60347817750736],[-119.3055787809648,52.59700631746429],[-119.3275575800778,52.59451406745921],[-119.35400452600278,52.586359866754755],[-119.37697975833076,52.61423472951994],[-119.36679302800208,52.62366461422463],[-119.36211832739727,52.638648711329296],[-119.36105625180727,52.65240664204475],[-119.36406429386774,52.65517611565289],[-119.37030090533285,52.6562983619684],[-119.38393872761883,52.65012590416034],[-119.40018981087034,52.65106856921505],[-119.41527092813979,52.64722510081858],[-119.41755331617105,52.64143260091249],[-119.42750358299145,52.63684090797131],[-119.44335438397232,52.636947544865535],[-119.45165073646032,52.645833169005165],[-119.45574965690365,52.64543252068265],[-119.46406207260156,52.65122865759146],[-119.49088958230394,52.638078370267266],[-119.49935045461419,52.63763633013643],[-119.50318279615956,52.632300914211555],[-119.52820080000944,52.62890985258423],[-119.53580507592144,52.641116647526815],[-119.53595236078824,52.64743608197612],[-119.54222381416756,52.65385400308872],[-119.54264827055448,52.662948080315594],[-119.55516476018805,52.66276865476846],[-119.57756887318085,52.651672234311064],[-119.57989068431012,52.65787137231539],[-119.58634806222534,52.65903742167033],[-119.60283948137447,52.67010248248115],[-119.6060151487401,52.67747735523363],[-119.61258235229828,52.6806698755797],[-119.61825809756587,52.68991164199572],[-119.61377447260419,52.701119223047215],[-119.61848994653319,52.70496275861793],[-119.66685313933328,52.69909709605387],[-119.70249876042021,52.68410811701853],[-119.7096725908327,52.67609671699444],[-119.74650354365865,52.68196493444416],[-119.75793561285015,52.67636765952408],[-119.77096268546316,52.65989472118874],[-119.81874268577533,52.6747473256824],[-119.82882741551519,52.6845069076646],[-119.84478416653207,52.6917307018222],[-119.85410099126177,52.692497798214056],[-119.8663920353104,52.68551931530191],[-119.87098998902238,52.68662999138886],[-119.87988752663593,52.69067764038829],[-119.88084198509121,52.69715330899105],[-119.88468861535884,52.69861847219345],[-119.8911899611299,52.71164360020341],[-119.89867723149139,52.715954116489435],[-119.90794327238432,52.713292970628],[-119.91210869815248,52.7206907870318],[-119.93958699295325,52.72163997642693],[-119.95597002241882,52.71473941141471],[-119.96414076722307,52.71866309134],[-119.97057633352607,52.73012994399716],[-119.9684604319415,52.73418587516876],[-119.99811373972635,52.74421644550516],[-120.01150671089601,52.75306063576104],[-120.01764201820896,52.768251565651326],[-120.02541205932657,52.77222586994421],[-120.0235239929601,52.783085013231],[-120.04030856298742,52.801215376324166],[-120.04108458613415,52.81651075827023],[-120.04590829114952,52.82110949071622],[-120.05594757672381,52.82499824980427],[-120.06697441473645,52.82417430929097],[-120.07701166468824,52.82923627329609],[-120.08087604859546,52.83470915106246],[-120.09424234909172,52.838633455832216],[-120.10171523199169,52.84411101158077],[-120.10180512355223,52.85355861424507],[-120.11064427327189,52.863393447052616],[-120.12205421059538,52.86768448252382],[-120.12941586952226,52.87434652859278],[-120.14614019607738,52.874214340782814],[-120.15771825575656,52.86406575531707],[-120.17151273582115,52.858049593847284],[-120.17843994117321,52.85776189522481],[-120.2020630561505,52.873343827271796],[-120.21344702622896,52.87646629860175],[-120.22625218475144,52.86477929079133],[-120.24496226858938,52.85575509017624],[-120.25867745241901,52.85350690555589],[-120.27843875620871,52.86515134527458],[-120.30881837922962,52.858948058482774],[-120.32786527577697,52.843068456351645],[-120.33461852487461,52.83222877295518],[-120.32274639354218,52.82891304108394],[-120.31757791912639,52.81794251179813],[-120.30207952852328,52.81577254480354],[-120.30284478380976,52.813641767622265],[-120.31550518942575,52.807023839805765],[-120.31262920424204,52.804332931909066],[-120.3218738831582,52.79056789835542],[-120.34439937056283,52.78507658269948],[-120.33863408362534,52.77861070782793],[-120.30972835066355,52.78090489444426],[-120.29890309044107,52.77682200829389],[-120.29438935347028,52.771896145396326],[-120.29404709123968,52.75733851106824],[-120.27428600890156,52.749080274888556],[-120.29162613559492,52.73632171652608],[-120.29767244727161,52.725573801584204],[-120.26852438434003,52.71418639371272],[-120.28881524824489,52.70515227839049],[-120.27789042630693,52.698400152522346],[-120.27613002064682,52.692283698138255],[-120.26263558459505,52.68255937724234],[-120.27000154854818,52.66708619392008],[-120.28966814434024,52.65404896643361],[-120.27986470178384,52.65404001659903],[-120.2666122002528,52.64621700831772],[-120.23785890014395,52.63842954369008],[-120.23379208939573,52.63327868122556],[-120.23524878673345,52.623150897826676],[-120.24840018011263,52.62244712148033],[-120.25111868281519,52.61928488612665],[-120.28526027021019,52.61183245686102],[-120.28815635831258,52.59963583497179],[-120.28413875845852,52.590017457094085],[-120.29297898206266,52.58825358498949],[-120.30123196889625,52.591825819328534],[-120.3044407286662,52.58313758167427],[-120.3126476836242,52.579784120055436],[-120.31413762669209,52.571352862618234],[-120.31715479597814,52.56931702492621],[-120.3211475204392,52.57354409947677],[-120.32478149388541,52.57065114982803],[-120.33015206175358,52.56359891259352],[-120.32887028278434,52.559411385126],[-120.33415531942752,52.55831357516627],[-120.3494965319989,52.54497447093479],[-120.35663560392614,52.5340702786742],[-120.36511240457973,52.53129483035614],[-120.36611381024161,52.52712957119424],[-120.39153298993367,52.53483894334365],[-120.40028635300406,52.532948361623426],[-120.4027855571997,52.52933130677189],[-120.43660613013434,52.522317516825915],[-120.44772172531393,52.515570731172],[-120.44590750490815,52.5114130068411],[-120.45335360808822,52.50428266912338],[-120.46446455593308,52.5070462897174],[-120.47903682706267,52.4997172275589],[-120.49302864056506,52.501983999682174],[-120.51414607105414,52.49786762314292],[-120.53417659165366,52.47770745180934],[-120.54268365701093,52.473516261300645],[-120.54387083692211,52.46577452298676],[-120.53720337790385,52.4596418993016],[-120.5156804768018,52.45619308852184],[-120.51031910402614,52.451989732327945],[-120.50979935477764,52.447463577032295],[-120.50110922612527,52.44594030437801],[-120.49481696563576,52.43968922659446],[-120.47339332653634,52.43110195649561],[-120.46917479613994,52.42359183612252],[-120.45663635020263,52.42063087955608],[-120.46022283718449,52.41129178418099],[-120.47154615403159,52.40857506901688],[-120.47588317450914,52.40223810810633],[-120.48839195863644,52.40372566327268],[-120.51138798331387,52.39256493905849],[-120.51928147722262,52.385138271549785],[-120.53078837766893,52.36893904839421],[-120.52837962565934,52.36524570417967],[-120.5322660961307,52.35514143452124],[-120.51719871945643,52.34648054831677],[-120.53464247645447,52.33575818549326],[-120.52951565238389,52.32844799463195],[-120.5085117059888,52.32923564702759],[-120.49753536683286,52.31976277332265],[-120.47838766158786,52.314155931762706],[-120.47439595289579,52.3084421815703],[-120.46584367960628,52.30637043474338],[-120.47315528982674,52.298887372594095],[-120.47972880438493,52.29706849937572],[-120.47874385500722,52.291314124755736],[-120.49522297734961,52.28516327680691],[-120.48673167234936,52.28095403869801],[-120.48924652816363,52.27571985537835],[-120.48245122643837,52.26913031184663],[-120.47317519087508,52.2659934245084],[-120.47329476567616,52.25976800944693],[-120.45946787361297,52.24835904128451],[-120.44298723141104,52.24136031901811],[-120.44318940032866,52.23299122947931],[-120.43285133121122,52.22822945953292],[-120.42621183714101,52.220476801229196],[-120.42817019779717,52.21699431559666],[-120.4257320306929,52.212741446756525],[-120.40432614384675,52.21136400157897],[-120.39223503306502,52.19915962785369],[-120.39423023596919,52.19552061320493],[-120.40076830050403,52.19432495547462],[-120.38930392026948,52.18837945346153],[-120.38606315638155,52.176508527488465],[-120.40260528873252,52.16959879388371],[-120.39575119031984,52.16377800584614],[-120.40177500799167,52.16075837279068],[-120.40192361043505,52.1546943710536],[-120.40833918031858,52.145183116836485],[-120.38259583610837,52.13538539118926],[-120.3675038188499,52.1401233576328],[-120.3603815352303,52.14867837070094],[-120.35340698684408,52.149358333527175],[-120.34776587770624,52.156620872338145],[-120.3404530264054,52.15673789187963],[-120.33423550100382,52.163153427270515],[-120.32214144431131,52.161571426572976],[-120.3145026970363,52.157010199266885],[-120.3184231294612,52.15606392704061],[-120.30944591336217,52.147011077792115],[-120.30907388254442,52.13640261918954],[-120.31019301705014,52.12979718505767],[-120.31748220100293,52.12368009082541],[-120.31659275969885,52.116842991387664],[-120.31219139513172,52.11497101908482],[-120.30470569051631,52.09716429129754],[-120.29415371232054,52.090564173418905],[-120.29066226117368,52.08240796069998],[-120.3049340511469,52.07639909165667],[-120.31311846335784,52.056535070423784],[-120.3238032319893,52.04768217105598],[-120.32451747615153,52.0432966876974],[-120.32059987817796,52.04049464013411],[-120.32326961689863,52.03708994956266],[-120.31685285714802,52.034096023823345],[-120.31523115147189,52.02328207764795],[-120.29639292879385,52.01423836157997],[-120.27041942141771,52.01967357376082],[-120.26384708907466,52.0174944936526],[-120.26174164384527,52.01163579149135],[-120.24439967256927,52.00947740116733],[-120.24141174385318,52.003798494379154],[-120.22797196004139,51.99868622357659],[-120.22447104283995,51.98886375066187],[-120.22815331249365,51.97759770291868],[-120.20581435728455,51.97523772872762],[-120.20850750300035,51.969320927387656],[-120.21336005631312,51.96918111570354],[-120.21774924020033,51.96440447746311],[-120.21457576621629,51.95936494711365],[-120.23659287778707,51.95003616309499],[-120.2354906691309,51.94382270745279],[-120.2455754953185,51.9316374410702],[-120.24303638802596,51.92532123977746],[-120.25216777455019,51.92176553343162],[-120.27161983161845,51.90332393016445],[-120.2735684582874,51.899477916885054],[-120.27134132048693,51.89568794420032],[-120.27900826775547,51.8910440532706],[-120.26887220436747,51.884444646926504],[-120.26221407986907,51.88455662830398],[-120.25001843113019,51.86975936299391],[-120.23469357473448,51.87847450368793],[-120.22299850865896,51.872775695355834],[-120.22128042686171,51.857835586107534],[-120.22870755632022,51.855075975847164],[-120.22583732420664,51.84979493595945],[-120.22966869639184,51.84250747472763],[-120.24061627009198,51.83895167242252],[-120.24153658305148,51.83268669384912],[-120.23831779411917,51.8278804326789],[-120.24519439257169,51.82336709851369],[-120.2570193965562,51.82276030285072],[-120.27646273666188,51.83402780158983],[-120.28704289645464,51.829590814512024],[-120.30589301835525,51.83216387031845],[-120.30608532680638,51.82778142036768],[-120.31082641727726,51.8265429542218],[-120.3149710959523,51.81933194569566],[-120.31240749617294,51.814129026722945],[-120.32066815876402,51.801178043964725],[-120.31669585867876,51.79796363455236],[-120.31482233877668,51.78702160133078],[-120.32569685166554,51.77986090278869],[-120.32902548195416,51.77366709305614],[-120.34898977896154,51.7685562706288],[-120.36114052612865,51.77484450988401],[-120.37854825730983,51.768074387427966],[-120.38062557978634,51.76249077496769],[-120.35106965107111,51.75611711762573],[-120.34480127345391,51.7503276153833],[-120.33918338860106,51.735963605395185],[-120.34344925272993,51.7284335827696],[-120.35436995936739,51.727924647655065],[-120.3649149311804,51.71968077504653],[-120.3695679586541,51.723085738561124],[-120.37698166715876,51.718898676125946],[-120.37549970775723,51.711931510673544],[-120.3796464229289,51.70715059346211],[-120.39697224763748,51.70255852905812],[-120.4175962842393,51.706146679842604],[-120.42896809556835,51.71262871863175],[-120.44044921988908,51.71313135099418],[-120.44621761700735,51.71687231693053],[-120.47213686967724,51.71293639514731],[-120.477289436759,51.70151762355885],[-120.4867117422938,51.70412991706409],[-120.49799504441275,51.702330379312066],[-120.51792856213224,51.690467472343336],[-120.52456874952975,51.69031987031147],[-120.52988187848375,51.682211825041456],[-120.54462073982452,51.67452290244549],[-120.54367457936257,51.67050506537056],[-120.55240077020109,51.663833384742894],[-120.55969574192531,51.668646817055595],[-120.5597392801578,51.435811144294085],[-120.63247279282852,51.43580700412365],[-120.62908455913345,51.43821647795563],[-120.63153534461759,51.44072458533803],[-120.63875288856853,51.43606221964835],[-120.7360449218485,51.43590856939838],[-120.81542056741782,51.44166331816946],[-120.95761793049778,51.44415311143287],[-120.9576749763024,51.440534218709814],[-121.00003472783166,51.43870388606436],[-121.00005138925806,51.43147484906415],[-121.03473058901896,51.43133029340608],[-121.04763379283969,51.43169669924725],[-121.05563160811649,51.43670669525858],[-121.09244942141908,51.436572725980966],[-121.09449786563775,51.44015722550662],[-121.11600110245176,51.44133866732275],[-121.1497860162437,51.436073230363824],[-121.21043835382655,51.41592408425356],[-121.2371140625194,51.39914720929755],[-121.26938087332015,51.3858842995889],[-121.2829057603492,51.373675783741845],[-121.30632286163673,51.3737887211251],[-121.30632137989952,51.37627982689858],[-121.42185704237396,51.37626176976537],[-121.42185705047382,51.40122801688874],[-121.42866174075434,51.40131972632724],[-121.42840686145529,51.43765320054174],[-121.47387076852515,51.43684010387438],[-121.4739036139531,51.44788273963195],[-121.50873981054967,51.44785859922101],[-121.5087566343663,51.45147474680298],[-121.52612570971047,51.45130041244312],[-121.52631159854191,51.54797040882505],[-121.62979133821378,51.547970396309275],[-121.62979134355385,51.565416329059154],[-121.88496658527495,51.565414478615494],[-121.88454418385513,51.51808001585348],[-122.28201857506244,51.515298441346076],[-122.28321391197437,51.521890309101195],[-122.30343797846717,51.52366160845882],[-122.31074135468806,51.521106097080136],[-122.32921669530842,51.524216472232105],[-122.3667883196493,51.51639557447788],[-122.38223646594183,51.5186359843538],[-122.41185850999368,51.51496671860171],[-122.44275339278914,51.50342820069736],[-122.46296953869701,51.488551111645336],[-122.55918300311565,51.48765112665304],[-122.5605403974822,51.435653633139935],[-122.57949716280278,51.43301660459503],[-122.59990592077231,51.42363755675941],[-122.62433796200857,51.41711834016469],[-122.63826068545154,51.40589528248602],[-122.6345336996195,51.395489052660416],[-122.62317271450492,51.3848224711787],[-122.62431271039084,51.37768745825187],[-122.61436259494748,51.37214738677114],[-122.6196048962435,51.365224411766015],[-122.61764566900528,51.36175881601637],[-122.63094107404716,51.3554066505592],[-122.63894073274848,51.342462109355054],[-122.64471823181502,51.339695068205415],[-122.65103003472517,51.31862190035225],[-122.6590976308837,51.32014732222499],[-122.66639087912216,51.313757000961246],[-122.66832432248297,51.30629009007572],[-122.67574027448416,51.30234535605957],[-122.67682337392523,51.29314047850181],[-122.6685061087984,51.287029583636006],[-122.67384965202334,51.2837175093353],[-122.66915746641953,51.2722124479849],[-122.65019516277515,51.264226270761085],[-122.62300211666444,51.247155707420426],[-122.60836371158832,51.24495851354131],[-122.59699143324882,51.2495059227353],[-122.5580289705005,51.24542673080811],[-122.55165233983257,51.239647477520606],[-122.55150760596543,51.23096046179207],[-122.53910845461863,51.220508294846475],[-122.54095192724373,51.212242697267385],[-122.54813780593993,51.20434365139676],[-122.52922916828501,51.20929166647137],[-122.51622028991481,51.20570465337544],[-122.50766990505811,51.19449160891006],[-122.51390287298287,51.189688821492204],[-122.51346176846596,51.18326050408128],[-122.50354360140899,51.17894450547613],[-122.50902791848725,51.16979649459954],[-122.48538056758859,51.17454072130406],[-122.47785970661586,51.15902262245866],[-122.47345844166104,51.15832147094366],[-122.47187013466812,51.15381614832619],[-122.46278765460308,51.151598639687414],[-122.4678383180356,51.14259339904696],[-122.47754198163003,51.137772281296655],[-122.47848358972875,51.12524110809682],[-122.45723514098493,51.10934476341553],[-122.44006740501293,51.10846049421274],[-122.41996727987336,51.11378794747598],[-122.37816647324642,51.111585810584785],[-122.37517783970969,51.10591762799324],[-122.3702148018939,51.10417843650371],[-122.3722742664651,51.10046663503452],[-122.36500832952017,51.09220228564307],[-122.37323426891459,51.08439324790879],[-122.37215384357071,51.078776140345376],[-122.34475936592064,51.06561363961228],[-122.31035444395063,51.06055974595144],[-122.3058332096179,51.05594977609036],[-122.30641868754283,51.04222760918446],[-122.27698138356511,51.04011579950621],[-122.2651935721402,51.03478160336075],[-122.2485863564488,51.04162728959497],[-122.22680263374372,51.03319401272543],[-122.22966648391328,51.027337738280124],[-122.22378127445975,51.02225393019166],[-122.19056058818892,51.01454664180129],[-122.17041155602905,51.018931630355],[-122.1519139552027,51.00961430768232],[-122.15119519406174,51.00699521693921],[-122.15960688218844,51.00425330193814],[-122.16532398241232,50.99330220381596],[-122.17129525235893,50.990059379732884],[-122.18760672822171,50.99023090652834],[-122.19412917896095,50.987407408616406],[-121.9147591507664,50.98725513875537],[-121.9158297390247,50.99757582420997],[-121.6273061538671,50.99776231062584],[-121.62730612401242,50.896224175813224],[-121.65019399406839,50.896224172811536],[-121.65019398948742,50.881646887118926],[-121.67305911157774,50.881646437021516],[-121.6730591044093,50.852531742047944],[-121.69627598474203,50.85229390913528],[-121.69633047217897,50.83790966346432],[-121.71918160537432,50.83788602438246],[-121.71918159275103,50.794403744079176],[-121.74200826767375,50.79440415708616],[-121.7420082553939,50.7507670212031],[-121.7647966363152,50.75076702557116],[-121.76479653029959,50.57594420291092],[-121.76192596527378,50.57591134618085],[-121.76192519612395,50.546835464311435],[-121.76697282608177,50.546833753022035],[-121.76790507563236,50.53957892532288],[-121.7769084122419,50.534814137234065],[-121.77798020085156,50.53099117638839],[-121.78454869761966,50.53114892868466],[-121.78467810822796,50.51791213214532],[-121.80742219391549,50.518147346569755],[-121.82490142806171,50.50411691214963],[-121.83181300257922,50.48899922533977],[-121.83974689918081,50.484899535704834],[-121.84317428341394,50.47769675397409],[-121.85596713856486,50.47088011096765],[-121.86192735548028,50.46034400773173],[-121.8550873288771,50.4503199111764],[-121.86903314668753,50.437092655384426],[-121.86492663349854,50.43038832924209],[-121.87144117746591,50.42228540534022],[-121.92057810747784,50.41933107260185],[-121.93014836498979,50.40754178914357],[-121.94894160751356,50.40580644228187],[-121.95589647514905,50.401615051713826],[-121.96644223445884,50.4058553172039],[-121.96643692107475,50.413071207880904],[-121.97089005825886,50.41729274457053],[-122.0004306825346,50.41507604510691],[-122.0104688618967,50.41158038743161],[-122.0436683208599,50.42006022996373],[-122.04770369002212,50.431056558445285],[-122.06167120009519,50.42582783300544],[-122.07269485581631,50.42541756564051],[-122.0935944819848,50.43355458837477],[-122.10965015460826,50.43035991427662],[-122.12204838274275,50.43297233106335],[-122.13182506341838,50.4294612473496],[-122.13235658581226,50.425971703994776],[-122.119931777515,50.415661664706725],[-122.13328844416117,50.406798310422],[-122.13264450127497,50.39941573762411],[-122.14149467703754,50.3877447038514],[-122.15129794966607,50.3846778672437],[-122.15641518000561,50.37594228965646],[-122.16461612810943,50.37281273887772],[-122.15236973274058,50.36873994429676],[-122.1463244520112,50.36005280612407],[-122.15328547206494,50.355208135181016],[-122.15529827946918,50.349781595467284],[-122.16740327005827,50.34693994575676],[-122.17281185459088,50.335763402714484],[-122.2025766343222,50.337815037300096],[-122.21534979954113,50.33215496408783],[-122.2159787683929,50.32609446153614],[-122.24261352744622,50.3220919294106],[-122.24471163660994,50.3164575372628],[-122.23871583786477,50.31194356523817],[-122.25120039617372,50.303971272032236],[-122.25125242850098,50.299862473620884],[-122.24821383546994,50.29210724836913],[-122.23703483807138,50.28621546071991],[-122.23503488253178,50.27524791314237],[-122.24761690452209,50.27179548666736],[-122.26096058985782,50.260112241715674],[-122.29247722953659,50.255885437669086],[-122.30448724766326,50.24933250377961],[-122.29784287077477,50.240038940462135],[-122.30184767114767,50.22935044393239],[-122.2877992199291,50.22401578560154],[-122.27291522366157,50.22405851767615],[-122.27131696907732,50.21997529833134],[-122.27848273966178,50.213081759072416],[-122.27714861629173,50.204907046400315],[-122.28521512315206,50.20108059902304],[-122.3015862460522,50.20020682933078],[-122.30411710293482,50.192539254837556],[-122.31837115117715,50.18619414101814],[-122.31707216870977,50.17840080846109],[-122.31395297840679,50.17301207723888],[-122.30678242843129,50.175200986091816],[-122.30020373249705,50.17304797168971],[-122.29155582971951,50.16124050991038],[-122.29205503231674,50.155773243794066],[-122.27464226958581,50.147117555049256],[-122.27375251645465,50.14333152951465],[-122.27841497392922,50.13947520769625],[-122.26959863417613,50.13110266219055],[-122.25807190710103,50.12239836115371],[-122.22948056985874,50.12708191378914],[-122.21089424859325,50.109629618969954],[-122.17933205737943,50.109724615874725],[-122.15696976880807,50.11500280396977],[-122.14802546050478,50.10985588158161],[-122.13159792899015,50.111783828337714],[-122.1173055296712,50.107224980369196],[-122.11645079735445,50.113142577819715],[-122.10065541873618,50.124335843431915],[-122.0868837947238,50.12120036091989],[-122.07122536763853,50.12618879681685],[-122.06749718578138,50.119895046735486],[-122.05804889417489,50.11592433991501],[-122.05944466503561,50.110046523573985],[-122.05554456250042,50.10623634471319],[-122.02490608502472,50.085943139091164],[-122.01315965180741,50.084791563525435],[-122.00320844831603,50.08764463595317],[-121.98219620065458,50.080233998854645],[-121.96550703364179,50.08285667742088],[-121.956706346949,50.09098060341024],[-121.94892179192315,50.085756720945994],[-121.9502473563508,50.079253922840444],[-121.94408659219604,50.0799655515717],[-121.92043183852266,50.0708796735429],[-121.91014750369362,50.05851142549612],[-121.90987596359506,50.05343711980489],[-121.89485585481515,50.049989170269704],[-121.87186908172161,50.0514909177774],[-121.86299751223014,50.046622375055705],[-121.85452575787909,50.05104521283931],[-121.85791207097692,50.05668202292227],[-121.84932154529866,50.063249935567775],[-121.85439684591181,50.06956014838131],[-121.85004396690938,50.07647266551788],[-121.80834548833461,50.08430281115947],[-121.79516416906209,50.0904237619659],[-121.77021861242937,50.089157807945234],[-121.7557237567358,50.093749329113464],[-121.7394914044499,50.088960142302696],[-121.71771660352591,50.087696296838445],[-121.70157755669227,50.07518266443972],[-121.66255082580787,50.08087268633548],[-121.65614615316795,50.0738680529095],[-121.66335370562085,50.06585034894166],[-121.6441635486845,50.05688520534009],[-121.63677326392907,50.057811000486396],[-121.6339716359862,50.052265587159404],[-121.31545819410908,50.05212268647865],[-121.31750018600563,50.04833645259806],[-121.32385157061135,50.0472560742326],[-121.32194718623549,50.04151694252268],[-121.32752775368549,50.03954673228005],[-121.32647813335069,50.03371804776098],[-121.29027846179721,50.01059654368074],[-121.28676165014986,50.00539268149753],[-121.29046490790647,49.99856633092355],[-121.27372022430721,49.98881987330493],[-121.27686883908245,49.98347682196088],[-121.26760055235123,49.97547931230223],[-121.27063430868952,49.97255629974177],[-121.26758628411463,49.964613369495986],[-121.28017560776104,49.96194039965288],[-121.28293184141185,49.95880307558453],[-121.28220837854991,49.95279581355624],[-121.28782579270148,49.94556609443703],[-121.28519713103586,49.9395157126489],[-121.28819756726058,49.91973839727287],[-121.29637011859063,49.91333949816508],[-121.31597294581586,49.91264344979634],[-121.31576606083634,49.90605321523121],[-121.32268125361708,49.901427162166904],[-121.30606990176024,49.885055810717866],[-121.29856092251384,49.88468198652335],[-121.29014338822664,49.87574611139417],[-121.28151138551377,49.87189455769638],[-121.2625213908043,49.87285075689598],[-121.25825724964969,49.87725324835154],[-121.22984275460476,49.88311527050297],[-121.22420796322363,49.89175519328584],[-121.21544804380207,49.89634302584204],[-121.17598605365288,49.88266508359076],[-121.15514058125093,49.89012786522352],[-121.1458194165948,49.88933449975404],[-121.1275140265651,49.86538923621684],[-121.10796459772699,49.86675382110602],[-121.09627147161676,49.873920330857025],[-121.09319063300937,49.871021237368424],[-121.09333651848311,49.863232886929865],[-121.08450089771517,49.85657272054021],[-121.1143352954223,49.847887001697906],[-121.10912833337639,49.839758519360664],[-121.09963101225955,49.837968040198874],[-121.10212648633743,49.83015918705955],[-121.11576908409212,49.82818402381402],[-121.12915558562389,49.81820045624697],[-121.14039781169782,49.81691323364641],[-121.15341174027428,49.82230454992699],[-121.1782754794037,49.82259819248506],[-121.18776641439034,49.810455730127565],[-121.18335973416423,49.80411313316952],[-121.20337387208127,49.790075033671236],[-121.21329469615296,49.77735046216725],[-121.211313877478,49.768900445168185],[-121.20354149396026,49.76801558227553],[-121.20043788566315,49.758860314296804],[-121.1935512336816,49.757686680587256],[-121.19762314537363,49.742482313528626],[-121.19354718544662,49.74060577795168],[-121.18744488446744,49.726566866677636],[-121.17362733513527,49.72291358668886],[-121.17237773901651,49.71961061149709],[-121.1664289169895,49.72063198064713],[-121.15715948494415,49.71700367156016],[-121.15535156281032,49.70979666691777],[-121.14920136690235,49.70316195938972],[-121.13447560637334,49.69385537748121],[-121.13643682482528,49.690072952143936],[-121.11893337903744,49.67798802068939],[-121.1325659693226,49.66709548323462],[-121.17003561416125,49.64913951142349],[-121.16502612596838,49.642602543056874],[-121.16878799342868,49.63549881951913],[-121.15902285231061,49.61947906204052],[-121.15310196078312,49.61759663830288],[-121.13658553933902,49.62318289099212],[-121.12642978624655,49.61961266247633],[-121.12315249483984,49.610255289495996],[-121.11196803871093,49.61477496457597],[-121.09948286888073,49.6253891091678],[-121.06391608035175,49.624511720627275],[-121.0592248948826,49.63167648298173],[-121.0324135300291,49.63482895532585],[-121.01108510738386,49.64636841198765],[-120.99684913591797,49.649763072036905],[-120.98400539504071,49.648289705140506],[-120.9727360057233,49.63565206767722],[-120.95786807563033,49.64136070402796],[-120.96278454859095,49.65019699225585],[-120.95673674751785,49.67550867745536],[-120.96818810346909,49.68112551573012],[-120.9726054214391,49.68824640535819],[-120.9639623485504,49.69135106760103],[-120.9592377525537,49.7046111346216],[-120.94852192703534,49.71588795589332],[-120.93407342928612,49.715712011458685],[-120.9314187138389,49.72692690979109],[-120.91661056568367,49.731509971172684],[-120.91499235336978,49.74854219102558],[-120.9248571839627,49.75297720596054],[-120.9185209316564,49.75918726425386],[-120.77292373434565,49.76334439571748],[-120.77270004159993,49.760009708292095],[-120.76243702398297,49.75985999371587],[-120.76184623011477,49.74938530894464],[-120.60126746047735,49.749364761437334],[-120.60123689234729,49.769990147097346],[-120.5890915460858,49.77001262409692],[-120.58909600979,49.772571491388746]]]}},{"type":"Feature","id":1325,"properties":{"LGL_ADMIN_AREA_ID":173,"ADMIN_AREA_NAME":"Regional District of Central Kootenay","ADMIN_AREA_ABBREVIATION":"RDCK","ADMIN_AREA_BOUNDARY_TYPE":"Legal","FEATURE_AREA_SQM":23158968334.3622,"OBJECTID":1325},"geometry":{"type":"Polygon","coordinates":[[[-116.02707005324696,49.19979711730899],[-116.09759378930205,49.20010273974746],[-116.07400945523244,49.21892681483294],[-116.07074586759684,49.22933331954489],[-116.06356704751201,49.23344022654934],[-116.06424144688567,49.24298482897174],[-116.07371631895776,49.25019655022149],[-116.07434084061683,49.25468426252931],[-116.06751591437673,49.26008957190189],[-116.06871469130776,49.264309081710934],[-116.08423701055915,49.27151252011971],[-116.09342198501038,49.28207553175687],[-116.10179650611116,49.28413590210608],[-116.10645242251381,49.29128930289117],[-116.11783604742972,49.287631724475744],[-116.12611762957307,49.28053737538917],[-116.14451493581525,49.28757845954078],[-116.16625788956418,49.28747053318219],[-116.16952822426171,49.29007573641822],[-116.17065783388821,49.294059772367206],[-116.16637079316713,49.30360891031195],[-116.18321985047521,49.320370471531],[-116.1848790094132,49.326561918687176],[-116.17924911613298,49.332422947879856],[-116.18042761645629,49.33853907677082],[-116.15741514768698,49.35524863719335],[-116.15986495151613,49.36502625396738],[-116.17972285100547,49.381755968411206],[-116.17762806158687,49.389861708401476],[-116.18222371967832,49.39433391304212],[-116.20548058538972,49.40523625463818],[-116.2041762247594,49.413445812715054],[-116.2181123891556,49.41878502967537],[-116.23785140118613,49.42092272276531],[-116.23391967124364,49.429707916595085],[-116.25612741194882,49.449708965533425],[-116.24470034632735,49.45292008547186],[-116.24541491841063,49.4638936748202],[-116.28398572524603,49.47604225441405],[-116.28543437563377,49.47799412886499],[-116.27944958935589,49.485081020694224],[-116.2820284630055,49.48843118920574],[-116.27953480714115,49.49244542641376],[-116.28436243432725,49.50007912430137],[-116.29459139596601,49.50522509202993],[-116.29529872203877,49.51207454256875],[-116.30043754869602,49.5188599095906],[-116.29824810183122,49.52317619459422],[-116.3065985909052,49.52576910489361],[-116.32757118207587,49.521980107151414],[-116.33407489544962,49.52736968890547],[-116.34134535963393,49.52825681883962],[-116.3614266721267,49.51532680661597],[-116.40930095279155,49.524741920221516],[-116.41543090314043,49.53496023131139],[-116.4233143249111,49.53800407481961],[-116.4528384346775,49.52674198345085],[-116.45917935344542,49.51854448908201],[-116.45369294427506,49.50213603716454],[-116.46672434122502,49.492572297726205],[-116.47801536764494,49.49429385049322],[-116.48865978577908,49.49187978802314],[-116.50584738028431,49.479930288835234],[-116.51803241160772,49.47621083126373],[-116.52541095975016,49.468802536750125],[-116.54707977333155,49.468340725249966],[-116.56158405500226,49.45664922535346],[-116.58167175899568,49.454843684476415],[-116.5824450091218,49.459649770964816],[-116.58852104545043,49.46243299072533],[-116.58875733231376,49.47047629769451],[-116.59519795432965,49.47649561715445],[-116.61556650370747,49.47339190047401],[-116.62495329601157,49.46246991455063],[-116.63156213315577,49.460824090378765],[-116.6513330248571,49.46615940610004],[-116.65592366573297,49.47105838400198],[-116.66219130715712,49.47176846540475],[-116.66459567741738,49.477439248571905],[-116.66397719935951,49.48309524071591],[-116.651520016232,49.48757381731727],[-116.6417720553916,49.49893155117769],[-116.63732118496222,49.50880302568438],[-116.6394047381739,49.51662605806221],[-116.622601553265,49.535644496550226],[-116.62305684356,49.54652968926958],[-116.62770476843697,49.54733327821489],[-116.63178540776508,49.55435327369307],[-116.65129392307111,49.567956816306484],[-116.66521287137259,49.56639685035667],[-116.68561516504973,49.572978263469146],[-116.6860746549706,49.578970004549106],[-116.67475996589472,49.5830253679723],[-116.68222094096251,49.58969019489646],[-116.67604999372911,49.59086039212299],[-116.66305618588463,49.60713968787851],[-116.65165348749363,49.61264667141817],[-116.64480988244675,49.62672052784306],[-116.6502824456973,49.632078013537075],[-116.67099337364357,49.63110534168089],[-116.6763124160914,49.63436439997556],[-116.67733949797687,49.6414710352355],[-116.6552556460729,49.67105964401778],[-116.64507416632065,49.674185989306075],[-116.6381609659471,49.681261316481255],[-116.62548425348758,49.68214746136042],[-116.62269700203387,49.68764309021906],[-116.60903386954008,49.69373207653308],[-116.59405258006564,49.69450802830171],[-116.587895167605,49.697904225982626],[-116.60689747178247,49.71449325791824],[-116.59287457717329,49.722647830164775],[-116.59023693569983,49.72613739952864],[-116.59464891317947,49.73375328128351],[-116.58846242545616,49.73635787247605],[-116.59840990858457,49.741186842189684],[-116.60190416118799,49.74667655262725],[-116.62346899266724,49.751599669043564],[-116.62229489933858,49.76355248676256],[-116.62862781539268,49.76744356606675],[-116.62704938490259,49.77648989930412],[-116.6362179333682,49.77708870168372],[-116.64260540218893,49.78633285985573],[-116.66171096820877,49.78618733290265],[-116.67999309324973,49.804177087089755],[-116.67958205619311,49.810304119308206],[-116.6852631380672,49.81299401017118],[-116.67508696424538,49.816701589744476],[-116.67370017956861,49.82034940795697],[-116.68147837447951,49.824907193059126],[-116.67929055017284,49.83057959149541],[-116.68764276184643,49.83703035295304],[-116.68989002623076,49.842978636797234],[-116.68463746291941,49.84652621362173],[-116.6879793006282,49.85172497731755],[-116.68329013599033,49.86326993616925],[-116.69498837198218,49.87486794933725],[-116.675208713449,49.88362860529248],[-116.6561555362791,49.882533336361924],[-116.63377881300572,49.88767749280995],[-116.62468802987718,49.89689552191183],[-116.62177919757156,49.90920817066933],[-116.61514907474921,49.916885417475015],[-116.60067696319905,49.92637035127125],[-116.58539585926329,49.92860226642331],[-116.58233697205041,49.93181021388826],[-116.58063714468888,49.95267059176488],[-116.57461454522603,49.95537688978533],[-116.56153724125255,49.95293275255639],[-116.52856591162755,49.971853077054284],[-116.51290500912388,49.98569332706093],[-116.50663313920329,49.98517215418119],[-116.49142529933548,49.97356699522493],[-116.46464962105098,49.965990358042184],[-116.45193236424034,49.96877313105739],[-116.45077706889786,49.974988639078006],[-116.44269557239713,49.981998517421076],[-116.44346448410683,49.9881602045516],[-116.46887101148266,50.00431582418447],[-116.46997955899019,50.0385803730381],[-116.49807161526994,50.05318666153156],[-116.49981539833337,50.06550500675869],[-116.49464782697008,50.09985764385645],[-116.48302236456726,50.10561355979256],[-116.47986485861975,50.114668362505405],[-116.46267425045122,50.11571432466888],[-116.45285737111611,50.11962282439782],[-116.44900456141679,50.12461722524104],[-116.44638040133201,50.135019710175385],[-116.45209752022056,50.143434141643894],[-116.45296811919204,50.154495743899524],[-116.47748192475903,50.16111118458237],[-116.47864739743018,50.16537151675843],[-116.49078561786071,50.17529061995576],[-116.48784230290694,50.179878532489816],[-116.4884167459279,50.18991318524271],[-116.50337204385934,50.19995220768023],[-116.50846939514365,50.20023470963975],[-116.50897478885499,50.20423908753959],[-116.54972128859461,50.20755196641115],[-116.5582029342061,50.21748967117875],[-116.55470394227343,50.22278562614783],[-116.55925834225307,50.23259119011254],[-116.54766320553559,50.24440037420339],[-116.5512074956857,50.247311097548575],[-116.54968747374849,50.26423936215484],[-116.55317619370999,50.26709383465749],[-116.55530575752832,50.28216940325052],[-116.55040586748385,50.28976718679908],[-116.55118679460755,50.296289601211534],[-116.54061133551285,50.31267366834508],[-116.54221259633094,50.318670729716395],[-116.56823690859405,50.31738426512388],[-116.58129439348654,50.31000928797999],[-116.59424550381888,50.30805863169233],[-116.61983214313696,50.316530144755646],[-116.61674742115183,50.32149047670024],[-116.62372291078886,50.32640876939351],[-116.62235672038284,50.3315726467622],[-116.62659346177546,50.335981187661055],[-116.62356016848642,50.33930202161862],[-116.62677273828434,50.341794598444075],[-116.61637187125814,50.348946605179215],[-116.61848879295829,50.35488930851503],[-116.6239791868691,50.35742538349868],[-116.62877789788676,50.371209874910576],[-116.63577171912738,50.375865646409345],[-116.6317343320625,50.38530309696814],[-116.63350504327968,50.39342180692667],[-116.64029189456181,50.39761496697364],[-116.6405442274105,50.410140632613086],[-116.64839469795278,50.41238900592658],[-116.65513922088121,50.42231995662027],[-116.68561486303199,50.43056232012614],[-116.69305394793395,50.43897401968216],[-116.69473845128758,50.45075079133086],[-116.723381142269,50.4616773859375],[-116.71195280818701,50.47597306529136],[-116.69768319159861,50.485238982559515],[-116.6892287649741,50.48333710892113],[-116.69197618051864,50.51170030616212],[-116.69760238285538,50.515074547458674],[-116.69826156994603,50.519100247287746],[-116.68908612958106,50.523444838473935],[-116.6838116023042,50.53048334537963],[-116.6764829534907,50.5292851013435],[-116.67276955702263,50.53172088777865],[-116.66589311048963,50.54242131293937],[-116.6611943707278,50.562654478165086],[-116.66920522489883,50.57128999801629],[-116.65546880237852,50.59786997857071],[-116.63210794501987,50.60030763968232],[-116.62365363099944,50.62054917762797],[-116.61258845647606,50.630254462548265],[-116.60739836191867,50.62698158280724],[-116.57847237258594,50.6344497355371],[-116.57730876791372,50.6431398584564],[-116.59957918681894,50.650000300847296],[-116.60859062186316,50.65990331435042],[-116.60978011107537,50.66755340779035],[-116.62215903289025,50.66494523933071],[-116.65271682325998,50.66907517317922],[-116.65636386603623,50.670896583997596],[-116.65688409495226,50.67718424672866],[-116.66762522188134,50.679355714750116],[-116.68147163716748,50.67250571354702],[-116.69655014769792,50.67047454593273],[-116.7048638947882,50.67262125250035],[-116.71058631249053,50.66719481465558],[-116.73397723050117,50.6771069081532],[-116.7486170373824,50.678749151611214],[-116.74891606865403,50.692557051005686],[-116.76440186313434,50.70067107513451],[-116.78243914601157,50.70232586615192],[-116.79221926482502,50.71093198684434],[-116.78548286612136,50.71665130254781],[-116.78569567103779,50.72072050356961],[-116.79517231900755,50.72339145680138],[-116.79760736713288,50.7292680887317],[-116.81019654812964,50.7282670675189],[-116.82034471280963,50.73518671432328],[-116.81713483373295,50.737868610156376],[-116.81775535777714,50.74392380320157],[-116.82950781160454,50.75226900360921],[-116.8241483491452,50.756316839739526],[-116.82202189740529,50.763347042870244],[-116.81438987489264,50.76784457786846],[-116.81325124333216,50.783539297783626],[-116.81680460180473,50.78537048040415],[-116.82911883261062,50.7838224124553],[-116.83834279919596,50.79149945530421],[-116.85081611898295,50.775912490089624],[-116.86074408552554,50.769055221481004],[-116.88035770027065,50.774059037993716],[-116.88364228566633,50.77065406190347],[-116.89208951615221,50.77277550152246],[-116.89842106334328,50.76984052559183],[-116.90943488732547,50.774837638853924],[-116.9176082482248,50.77337586488545],[-116.92062779085066,50.7899507591328],[-116.92792259251762,50.78827683842868],[-116.93567384832234,50.79819146183704],[-116.95247983665357,50.80223728679404],[-116.96048729922569,50.80899686856056],[-116.98143531341758,50.81113337514052],[-116.98995673237111,50.808767308901174],[-117.01757568425892,50.820108330161034],[-117.02901487987836,50.81515102112735],[-117.03977463820242,50.81521079393621],[-117.05222496612458,50.829213633627376],[-117.04838394802921,50.83592688936442],[-117.05025492716607,50.84581812181884],[-117.04438268270265,50.85455245131992],[-117.04575666390078,50.85844576540591],[-117.07390701450979,50.85418077386911],[-117.0869360239399,50.86430359114643],[-117.07343451741671,50.890022975828934],[-117.07879049608808,50.89604457777888],[-117.0696095024547,50.90242320540108],[-117.07141645668848,50.906070137018084],[-117.06769209784267,50.91067359112029],[-117.0727264962713,50.91924953063001],[-117.0393269643766,50.95810458121066],[-117.06492753838029,50.9649065228894],[-117.07303690824641,50.97110859466819],[-117.09260805728691,50.968218098156754],[-117.10277113748224,50.970105033159115],[-117.11489719130145,50.96679546290127],[-117.1177380199538,50.97264178466496],[-117.12784703126493,50.97716840536473],[-117.14836720646262,50.97239008039352],[-117.16350466188392,50.97571210418203],[-117.16798928103944,50.98300768974138],[-117.1666642672527,50.98694831291096],[-117.16149745480118,50.98836739971269],[-117.16485012259272,50.99365331185676],[-117.14510696941485,51.00481222461855],[-117.13542107205839,51.021528897876955],[-117.14193868562712,51.026790747658154],[-117.17034056821382,51.024711511577024],[-117.16769477924628,51.036128772007906],[-117.17015020796758,51.04411750944098],[-117.184829782452,51.04640227713111],[-117.21423298304852,51.064730606286595],[-117.22701132426126,51.060714853967355],[-117.22908777444762,51.05673515277562],[-117.24258792945847,51.0622852169321],[-117.25721688869773,51.06004779923937],[-117.26135282073332,51.05823614526162],[-117.26077235858065,51.05453355707617],[-117.26420743576462,51.05168922701904],[-117.29449159645998,51.03667637906798],[-117.34311521289371,51.03620003105437],[-117.35243428103824,51.02275150694898],[-117.36803460921915,51.01938218389698],[-117.3758326825091,51.01225327822212],[-117.37745767007948,51.00365618064198],[-117.39056190651027,50.99912683273461],[-117.38939938002775,50.99133717184087],[-117.39947716635186,50.98682485188752],[-117.39934278555249,50.98260279443798],[-117.40285390308912,50.980257668873826],[-117.39598548483585,50.96492181044984],[-117.39903508183666,50.96184495376055],[-117.41205553995526,50.96085552502122],[-117.42967986984904,50.94962318274064],[-117.43887895774726,50.947560638633426],[-117.43918679847633,50.93490782901598],[-117.43222973479989,50.926772447677095],[-117.41910135644505,50.923620915545925],[-117.41895654863356,50.909608843826945],[-117.40839105605463,50.901786662370135],[-117.40960084542786,50.90009679026098],[-117.41511930455917,50.89681195169201],[-117.42225920204616,50.903450933842855],[-117.42965558056045,50.90442513860926],[-117.45730557898308,50.89965688978387],[-117.46776011087644,50.90273294756642],[-117.47599228911969,50.89555046189563],[-117.47856211213616,50.88869648955283],[-117.49021133151734,50.88167178016895],[-117.46983204639993,50.86601625600609],[-117.46832125212167,50.853747190359414],[-117.46010267182398,50.84868996002852],[-117.45334450477938,50.82999338188562],[-117.46584527762474,50.81910778139632],[-117.46667077867028,50.80507563591724],[-117.45710716200453,50.79701092900748],[-117.43420727475338,50.796702723366444],[-117.43044167537701,50.78272375769087],[-117.41553755414108,50.78251300868457],[-117.4110362426277,50.77838723373086],[-117.40458939240325,50.77807703919536],[-117.39179378482972,50.75917267076881],[-117.39176209187818,50.75254500294218],[-117.38305264132963,50.747253117735916],[-117.3902999088632,50.72615560254147],[-117.39597428527404,50.71860036047731],[-117.40210985054105,50.718258610140104],[-117.39944037230275,50.711403143909614],[-117.37853327086934,50.70630891966283],[-117.37345451088855,50.70243333071284],[-117.36143657084145,50.71142722558927],[-117.35779118855879,50.71961408629517],[-117.32481565558932,50.72414414650207],[-117.30614982716344,50.73605633544206],[-117.30001613335651,50.73346433143259],[-117.2746152432424,50.74422849584854],[-117.2621494409163,50.74601380060753],[-117.25380239826947,50.74307359152564],[-117.25552685049185,50.73006306228499],[-117.2658930448112,50.721559534133974],[-117.26415066824518,50.6930128032822],[-117.27132827035419,50.68556310668109],[-117.27031908438326,50.673621722299025],[-117.27458520183283,50.6722787871581],[-117.26287744169824,50.6636304952465],[-117.25654571906007,50.65454664258632],[-117.23374187868374,50.65173481726559],[-117.23012385254009,50.64660797904383],[-117.23059103267542,50.63224411796247],[-117.2439892318486,50.62192873415452],[-117.26760784954256,50.613803069807965],[-117.27552320645971,50.59528374225119],[-117.30046859599511,50.58104884768792],[-117.30460500210697,50.573676685201086],[-117.28623476249358,50.56169837906893],[-117.28012713115002,50.5520785062691],[-117.26480629648708,50.551143086495124],[-117.26163553976191,50.539333157108125],[-117.2531301547852,50.53482836070937],[-117.24400025248367,50.53475790971883],[-117.245295396238,50.53084812969876],[-117.23730805322582,50.513725126771895],[-117.280401631002,50.51373953778702],[-117.28472273867489,50.510643521291314],[-117.28473928162414,50.50370743416134],[-117.29635451079353,50.503115032425434],[-117.31219803717575,50.496950183896274],[-117.31716084092771,50.49154578094966],[-117.34394421919217,50.482601305274706],[-117.37094692250459,50.48236350220085],[-117.38594136308969,50.48665554006127],[-117.40819617236524,50.48300926592972],[-117.43924968701923,50.483202005529115],[-117.44962289118908,50.49350474885762],[-117.49060292610369,50.49041042329434],[-117.4998704265156,50.48558652614537],[-117.49229221588969,50.47525546424542],[-117.49435258239272,50.47146951305546],[-117.50993366508918,50.460574239241595],[-117.52987426354885,50.477437715283045],[-117.54903388325884,50.484075971990805],[-117.54689877002484,50.49204515812783],[-117.55077491451348,50.49763574212343],[-117.56037794591587,50.502503288602696],[-117.58599250361668,50.50383109682466],[-117.5928553472851,50.513976829532574],[-117.60545761049407,50.523708718750626],[-117.61632450917104,50.543764777726814],[-117.63287780620462,50.54762005680728],[-117.63902021320906,50.54781134333417],[-117.64402904252591,50.54352991584753],[-117.64462811522293,50.53571139839376],[-117.64802136742709,50.53321839500815],[-117.67254019379763,50.532879512351236],[-117.67767263131783,50.538971222391545],[-117.688715845857,50.53895739636776],[-117.70586869063315,50.54907510914742],[-117.72582118652687,50.54938913479841],[-117.75165188969841,50.558759212013214],[-117.75836847838215,50.55081551773809],[-117.76866242206101,50.546797947723455],[-117.7793842872977,50.551722989352726],[-117.79817717116721,50.54986297951118],[-117.80522008505308,50.54531480303363],[-117.82382353119453,50.54133551339092],[-117.84451223419943,50.5436694783776],[-117.84816576508852,50.54120571796641],[-117.84914980426937,50.533131458200316],[-117.85904228741276,50.52776453845624],[-117.90609627453112,50.5276533534698],[-117.90770617828002,50.53302290760061],[-117.98867238493564,50.53372838158766],[-117.98983434634148,50.54679674158182],[-118.00314757577567,50.5682311202203],[-118.00253393472472,50.591877105624306],[-118.01096159184151,50.6040922394962],[-118.0064462243436,50.627592027652135],[-118.0114243683453,50.64456431406846],[-118.01389938340351,50.648062192852365],[-118.03493868463985,50.655194798291255],[-118.0587359883605,50.655211846813586],[-118.07226988430587,50.67018491163241],[-118.07137814251723,50.69131138302147],[-118.08587083028081,50.69170588073153],[-118.11344353818848,50.68209670601428],[-118.12764013955224,50.68080506791155],[-118.17014166011295,50.682544520380475],[-118.20728980554567,50.68908755424915],[-118.21383983532907,50.68377937296216],[-118.21180503448933,50.67879123158115],[-118.20114887011451,50.67443482739268],[-118.17940677059192,50.67186293895975],[-118.17417372640901,50.66688847959441],[-118.20541578626916,50.655238810836515],[-118.19995471658245,50.64665448208281],[-118.20318494490449,50.63966025566161],[-118.19492559520721,50.6340793830721],[-118.18186263241145,50.635333800036456],[-118.17940901954228,50.624875304234244],[-118.16285256102277,50.61165948089767],[-118.16816877387575,50.60716651934779],[-118.16896029771846,50.59696696562883],[-118.16393305848054,50.5907208666173],[-118.17754427746964,50.579638959539075],[-118.17690492553372,50.571365378865636],[-118.18367354128499,50.56890150371037],[-118.18046349808672,50.565770358600666],[-118.18062026706421,50.55320777964435],[-118.19065528333073,50.549521160947705],[-118.20190685905723,50.55235546090394],[-118.21555076498954,50.5378240891906],[-118.20462050490929,50.53180404551673],[-118.20484707751872,50.5214950245536],[-118.21135599456214,50.516383052050465],[-118.20975677981356,50.51157808949841],[-118.19556935661087,50.50772549624131],[-118.18732111549166,50.50037217956704],[-118.17195249209263,50.496436823299064],[-118.18705844572209,50.48720515197729],[-118.19048965681365,50.4768953391682],[-118.19489934374606,50.4755860385986],[-118.20938349789482,50.480400944916845],[-118.21981499400226,50.4766156626702],[-118.22197632401054,50.47243589140004],[-118.20850795458492,50.46627194884948],[-118.20220900942867,50.453783970110706],[-118.20913503718663,50.446350341840535],[-118.20965216845963,50.43809071046192],[-118.23534099235806,50.43530353809666],[-118.26931581754324,50.43696544660556],[-118.27526195010184,50.40296475970536],[-118.25369836208962,50.400454044423576],[-118.26856578553512,50.393907228016175],[-118.28027066999229,50.394399556088416],[-118.29469682274173,50.38528197151419],[-118.29773351887957,50.380064650979214],[-118.29137732329112,50.37090367303106],[-118.29937401240002,50.357222796282166],[-118.29923184999898,50.35046994213403],[-118.3061427014241,50.34260376469154],[-118.30263732317951,50.33930633105942],[-118.28119992017444,50.34116343420701],[-118.25804352943686,50.33600193716524],[-118.26186924003426,50.3285314876088],[-118.25661968377021,50.3263588450738],[-118.2618316165815,50.31644103218108],[-118.25803038754597,50.307833024503566],[-118.24978639287167,50.30109752196374],[-118.25388156298199,50.29746282769344],[-118.26653996442423,50.2970437769511],[-118.27477038837544,50.27997611414869],[-118.27281657660816,50.261973479293495],[-118.26874256782729,50.257670904346185],[-118.26993032857641,50.25157195278279],[-118.2639586405533,50.2488938668979],[-118.26613660195989,50.2433927703478],[-118.2611420055915,50.22933237882349],[-118.2570361168756,50.22384650643985],[-118.2495794505824,50.22164044328312],[-118.24949138045609,50.21773295323894],[-118.23747661924465,50.207306471258406],[-118.24291192020155,50.20080466284391],[-118.2434273478557,50.19421544637996],[-118.25346887682647,50.190851648770625],[-118.26062104027807,50.18314720496659],[-118.25188050277919,50.169750496717214],[-118.27788189527043,50.15668956590222],[-118.27639759597429,50.150951588915255],[-118.28021358352173,50.143466368127],[-118.29478031065311,50.136334318440284],[-118.29020470245635,50.131663264717496],[-118.29549835242088,50.11536367758889],[-118.2922959316177,50.100205013149086],[-118.29582793733663,50.096652868707125],[-118.34135452160716,50.099909363193035],[-118.34986715347132,50.093829453227386],[-118.37559208188337,50.090874123443356],[-118.38280529069759,50.08269848022486],[-118.38057222587591,50.078330806208406],[-118.3891117600695,50.07638506624286],[-118.39772972029789,50.07860216547924],[-118.39983952208944,50.03440506866343],[-118.49707248736105,50.03439979474041],[-118.48934072191147,50.02915334334558],[-118.45118287268471,50.02505264566304],[-118.4322492686026,50.01126945084522],[-118.43138949364624,50.007333463652195],[-118.43762647267384,50.005256558816264],[-118.44799441425984,50.00846959164921],[-118.45434788817401,50.003489096110954],[-118.46883677634044,50.00344747294635],[-118.47214416757137,50.00055426945876],[-118.4704942852095,49.99195939869362],[-118.47296935983427,49.98777849652556],[-118.47115736842635,49.98122544447273],[-118.46331904912451,49.97645252121517],[-118.44176317963544,49.97341245051766],[-118.4298818596679,49.978415593637436],[-118.41655107725398,49.974256764901504],[-118.4126316997636,49.96699398314239],[-118.41955644818331,49.96142673641943],[-118.41863037953736,49.94367373758163],[-118.4227210869696,49.942015589537455],[-118.41439462476387,49.9342001691239],[-118.41877614857101,49.923011293790985],[-118.41665170503737,49.91216273581261],[-118.40860188470003,49.90794736662535],[-118.37796288415903,49.912835844730665],[-118.37458779614755,49.90609794919288],[-118.35336737568119,49.89369712640625],[-118.35938849755003,49.886704805606854],[-118.36030823724977,49.88057364666029],[-118.36726685669427,49.875274874364585],[-118.38442075018472,49.87145542009328],[-118.37876855443488,49.86259104850958],[-118.3840807449021,49.85274148390813],[-118.377825725411,49.840312335074486],[-118.3797519331621,49.837025330453685],[-118.3771639684206,49.82523101466337],[-118.33381153876161,49.82071401321043],[-118.33030668853252,49.817563167077324],[-118.31477371802352,49.81532685254932],[-118.30229346682408,49.808176043839765],[-118.29703552151372,49.796056128086086],[-118.28552857507036,49.78864676653637],[-118.29018202512422,49.77496096349977],[-118.2972708153749,49.77001363015575],[-118.28430692483425,49.76100736600594],[-118.2841290876316,49.75830490213685],[-118.29540646200208,49.75008501282697],[-118.29605795380397,49.74327663101316],[-118.28297090110435,49.74259180342655],[-118.28461707031241,49.73262826747077],[-118.28188814839572,49.71700746200945],[-118.27502582950231,49.71436077307504],[-118.272815435805,49.707456035771315],[-118.27446524878805,49.69947742478869],[-118.2798067430558,49.69745763391813],[-118.28124056726385,49.69344804192699],[-118.27909900223959,49.68158945139731],[-118.28311412077115,49.676130088091426],[-118.27671540188989,49.67209014077343],[-118.2732613702763,49.662953341768294],[-118.24531089682075,49.66137440997463],[-118.2478894614081,49.65377590692467],[-118.24150737782603,49.63418056800532],[-118.25081827833762,49.61776444089236],[-118.25090224461681,49.60914632516098],[-118.24699150657186,49.606148213046815],[-118.2549521582762,49.59813756306797],[-118.2548963780077,49.5878748369316],[-118.24894835326465,49.58305487598288],[-118.24483903998227,49.562374539509484],[-118.25086394476224,49.55275778745452],[-118.2581885102224,49.54874352269107],[-118.25986756496819,49.53698063968931],[-118.26481282414817,49.53282290061731],[-118.27231677057064,49.53220891229925],[-118.27905400495415,49.52340534266371],[-118.27589694924222,49.5106440895365],[-118.28689672969738,49.496741624264274],[-118.2883236230118,49.490539047634975],[-118.28612855238927,49.48124743455433],[-118.28138732337707,49.47720524166158],[-118.2830841555864,49.468413082917],[-118.2718453155323,49.46329401095824],[-118.26692218135045,49.45535328158303],[-118.2582122229135,49.45146348259364],[-118.25452430564492,49.44428036281815],[-118.26124241554395,49.422753563282996],[-118.27421990976714,49.42086118433603],[-118.26048081498486,49.41347872792357],[-118.2581724357478,49.40407678782524],[-118.26742345826563,49.39825471257323],[-118.26517572551958,49.389804726033866],[-118.25321436527615,49.37878779249721],[-118.25350329827265,49.36306376378186],[-118.24046679592287,49.357294450011366],[-118.24276895393592,49.34736880823953],[-118.2398038824893,49.3391398723785],[-118.23189705568781,49.33691460578436],[-118.22138950025023,49.32653549437299],[-118.21332613195419,49.323609971070645],[-118.21326657745547,49.30961072889232],[-118.20639978817958,49.29890308675648],[-118.20951378063148,49.293440278311536],[-118.19820939602319,49.28383097384124],[-118.19869827294458,49.279355159647025],[-118.19134343894923,49.280225831423095],[-118.17790565681908,49.27414175117223],[-118.18131583293682,49.26758221286789],[-118.17700405044127,49.25833389381735],[-118.17781391250811,49.25193883346159],[-118.17154882769222,49.24514996803564],[-118.16181525204186,49.25017580814953],[-118.16163928889596,49.256210560138385],[-118.1486565073429,49.260805137257684],[-118.14513640370845,49.270569176110044],[-118.1402727000547,49.27241038005582],[-118.13409283123194,49.26534497052035],[-118.12385388236007,49.26372126774435],[-117.70369262931496,49.26372131467979],[-117.70369261973812,49.228241466475424],[-117.67374489671124,49.224514513466225],[-117.68099706753686,49.20906116914185],[-117.67496602693448,49.20776798582588],[-117.67504231540507,49.178679994637235],[-117.58276504163855,49.17865203544746],[-117.58277082487008,49.174632337392204],[-117.47253818413544,49.17487147656059],[-117.47250467366756,49.1713708099163],[-117.4841121365452,49.171322301603794],[-117.48410328039557,49.16339011042485],[-117.50009613405622,49.16041061498749],[-117.50009529558498,49.14952465496356],[-117.50382384212185,49.14952527714368],[-117.50555917087516,49.139125508263795],[-117.51108771318816,49.13910680752535],[-117.51118212754953,49.12595240175363],[-117.5169591453255,49.12414083669004],[-117.5166955768669,49.088205064834646],[-117.46619109642317,49.08826675458534],[-117.46905125690145,49.00055191047082],[-116.02694761446978,49.00088009843577],[-116.02707005324696,49.19979711730899]]]}},{"type":"Feature","id":1326,"properties":{"LGL_ADMIN_AREA_ID":194,"ADMIN_AREA_NAME":"Columbia-Shuswap Regional District","ADMIN_AREA_ABBREVIATION":"CSRD","ADMIN_AREA_BOUNDARY_TYPE":"Legal","FEATURE_AREA_SQM":30085149104.0235,"OBJECTID":1326},"geometry":{"type":"Polygon","coordinates":[[[-119.65276539843398,50.401833744237926],[-119.63002379671404,50.401864693981906],[-119.62989523952808,50.416302020999915],[-119.60738348923324,50.416351422066306],[-119.60691571895741,50.43076330727623],[-119.58474534918048,50.43084159189366],[-119.58393310898501,50.44523304655686],[-119.52643746015184,50.445446035818286],[-119.5264352895952,50.430970267919236],[-119.44632681680619,50.43094703020175],[-119.44646179617482,50.41635121494271],[-119.31919145978016,50.41611361536364],[-119.31940922587695,50.44127844641456],[-119.33078404757214,50.441359735100484],[-119.33068406468324,50.47069939341992],[-119.2991892211483,50.471525015897896],[-119.29747495645135,50.4856127598425],[-119.26343930256499,50.485448369551385],[-119.26314620070474,50.49130295114837],[-119.29709522897097,50.49315094772172],[-119.29697422043168,50.50036109220117],[-119.30832596635132,50.500376419062654],[-119.30842297121065,50.52843198081257],[-119.18424805772398,50.52784742714599],[-119.18135016542473,50.75076274222026],[-118.88200220074991,50.7503701434003],[-118.87713066306797,50.757202069361675],[-118.86010996546688,50.75732596922579],[-118.85119010415623,50.766352816085764],[-118.83248079514712,50.766052767309304],[-118.82969024527154,50.769527220439464],[-118.8310323084191,50.77564689746869],[-118.82731205182418,50.78039699466701],[-118.81448906159004,50.7842077130697],[-118.81081359977739,50.79584776213445],[-118.78327207606105,50.80542771362807],[-118.78165702793488,50.82328682296989],[-118.77580945446732,50.82613304722865],[-118.7529443080013,50.82291240834376],[-118.72172355431982,50.82532000927576],[-118.7222795882173,50.81697873511009],[-118.71905868507194,50.81423423562133],[-118.7142032248591,50.815642741468906],[-118.70434397995838,50.81168014793652],[-118.67262910894286,50.815565787022585],[-118.66409792767143,50.82477127971094],[-118.66503282326451,50.83308894116804],[-118.67104146869438,50.83895974808547],[-118.66688853115019,50.848501311451585],[-118.65267731806358,50.853182235649506],[-118.63297591559167,50.84883698268995],[-118.62684098545084,50.85461554309046],[-118.63796393041133,50.86424781214705],[-118.62607116924761,50.88680478404951],[-118.61950255869623,50.88876374574191],[-118.61375527086062,50.89534857318528],[-118.61596792022883,50.898697479791565],[-118.61110510446849,50.90673483575865],[-118.61404970195932,50.91277367147359],[-118.61834017628843,50.91438703452557],[-118.61895322940384,50.924445100738964],[-118.59919737118479,50.926585011736336],[-118.5854922277801,50.92234722906015],[-118.58153446232282,50.9237269247648],[-118.57956769867066,50.929748098443554],[-118.56891156819727,50.92870167225002],[-118.55265695717809,50.93410709800291],[-118.54597754563731,50.93239608342932],[-118.5393911915297,50.9369847397687],[-118.4880197455807,50.89942045162229],[-118.47803611359961,50.89711911338068],[-118.47226370554537,50.900012945901715],[-118.44387751754402,50.901701528585704],[-118.43484386029404,50.89395582538774],[-118.42257444973744,50.89195362969155],[-118.41412329322687,50.88474483160244],[-118.38823266790207,50.8846869232301],[-118.37488526057935,50.88910769481723],[-118.35617108029744,50.8826356959852],[-118.34916750257548,50.8878939429109],[-118.32693474074127,50.88218933854322],[-118.3183789353158,50.88780809463473],[-118.28639966272017,50.88990958657217],[-118.28164882828901,50.895537591693774],[-118.27119569732082,50.896935904032354],[-118.27118963083319,50.89056185111996],[-118.26586925266298,50.886267006239805],[-118.26652365193998,50.88366089049135],[-118.28465230679194,50.87807587983434],[-118.28363030458915,50.87588679450604],[-118.29276478325859,50.87056394795153],[-118.29476787429037,50.861983238567866],[-118.28701117059741,50.849835315131244],[-118.26854440008454,50.83975232568241],[-118.27391921213531,50.83076051660247],[-118.25920136494302,50.81873748254219],[-118.26899713407275,50.81158264748665],[-118.25550760239705,50.79781407193849],[-118.26091666722742,50.794862900119796],[-118.2578093607544,50.79210854178646],[-118.25678809638676,50.78312629026008],[-118.24837665658866,50.77534151899413],[-118.25155451859327,50.769347904965876],[-118.24313076796389,50.76162483880429],[-118.24399772214211,50.75516540312342],[-118.23565658542829,50.752289300767714],[-118.22544221219434,50.74278024773636],[-118.20676889140148,50.73645486787508],[-118.21114180565797,50.72962356764193],[-118.2076591723797,50.724232726456655],[-118.20976534377795,50.71634173115043],[-118.20732913477453,50.70844984346388],[-118.21327032611289,50.702860244481144],[-118.20294918621283,50.702040900497],[-118.20728980554567,50.68908755424915],[-118.1678396674314,50.68231579486832],[-118.12681056169872,50.68084007128471],[-118.07195330220931,50.692320337997],[-118.07183730832442,50.66962530600811],[-118.0638989590607,50.659285773305385],[-118.05603816329405,50.65400024769406],[-118.0337495045506,50.654727704082696],[-118.01502583255775,50.648625955673126],[-118.0104877622665,50.642660855507216],[-118.00625766042248,50.628693841380475],[-118.01041847359753,50.60424684006683],[-118.00215737884184,50.59122082411313],[-118.0018632356809,50.563601562354826],[-117.99005865576876,50.54807190280293],[-117.98938783953645,50.535276903758955],[-117.9079636747001,50.533746685005994],[-117.90342073857305,50.52767341896086],[-117.85904228741276,50.52776453845624],[-117.84930528721867,50.531574461677565],[-117.84585704587315,50.54336893409693],[-117.82489189659218,50.541273990358384],[-117.80346071408042,50.54587855585466],[-117.79817717116721,50.54986297951118],[-117.7793842872977,50.551722989352726],[-117.76866242206101,50.546797947723455],[-117.75806481121147,50.55055968413195],[-117.75165188969841,50.558759212013214],[-117.7332199358809,50.55419618458425],[-117.72651998102405,50.54944672821889],[-117.70863315613245,50.5506101667263],[-117.69332753944701,50.54389135107538],[-117.68914075281603,50.53906279862224],[-117.67844357302508,50.53904467322271],[-117.67333651640337,50.53320166888729],[-117.65041953595097,50.5330621302378],[-117.64482713744452,50.5354734700065],[-117.64601723716343,50.54133352263019],[-117.63794779967843,50.5485306883807],[-117.61632450917104,50.543764777726814],[-117.6056070147699,50.52399273054549],[-117.5928553472851,50.513976829532574],[-117.58599250361668,50.50383109682466],[-117.56085337317413,50.50282675158076],[-117.55077491451348,50.49763574212343],[-117.54697317443842,50.492383558045894],[-117.54990619390885,50.484746355828364],[-117.5263471693782,50.47583491268805],[-117.5078691228882,50.4598637962341],[-117.50643370887326,50.463971047238545],[-117.4920569325204,50.47431215567557],[-117.50048675843195,50.48655216289674],[-117.49209846134896,50.49007435173893],[-117.44927497081282,50.49348810410251],[-117.43850306864067,50.483249782506135],[-117.40922461465273,50.48295169888902],[-117.3838413661005,50.486698458790734],[-117.37140319346429,50.48243099794569],[-117.34301929050017,50.482691973544014],[-117.31576483669612,50.49220008642648],[-117.30489396961858,50.50001726980153],[-117.28624246628917,50.504157578604],[-117.280401631002,50.51373953778702],[-117.23730805322582,50.513725126771895],[-117.2450788596645,50.53051083550957],[-117.2434781645176,50.53475900540229],[-117.25060113144114,50.53421828554822],[-117.26019135045316,50.538464047362844],[-117.26354467637114,50.55018366997289],[-117.27964368473145,50.55148611419239],[-117.28661528518013,50.561846335704544],[-117.30469954780928,50.57422502306767],[-117.29967803491209,50.58111383585803],[-117.2752839574157,50.59544318795221],[-117.26895601535175,50.61282371237362],[-117.24514020349912,50.62125183634132],[-117.23100596566806,50.63324152887636],[-117.23012929340041,50.6477221126494],[-117.23457474367038,50.65233568031229],[-117.25698253421653,50.6550942549152],[-117.26324636828674,50.66381851595705],[-117.27392558378372,50.670523698483436],[-117.26943247761395,50.675864039327735],[-117.26991520630101,50.68600105148493],[-117.26416601858026,50.691544912309205],[-117.2637918973575,50.710664841270436],[-117.26694770684823,50.72018120881412],[-117.25572415774548,50.729867784047244],[-117.2535980215169,50.74284621725971],[-117.26178711063412,50.7459946305744],[-117.27641416846724,50.74404139310134],[-117.29108394136054,50.73571122402399],[-117.30158921803486,50.733248435857725],[-117.30740679128284,50.73516672740642],[-117.32366980407645,50.72439313880674],[-117.35733857071008,50.71970540192396],[-117.36220801840409,50.71555361000313],[-117.36127193487984,50.71171052195607],[-117.36884888502891,50.708023647144266],[-117.37195102220434,50.70212638287252],[-117.3792561817683,50.706584355694545],[-117.39587327964038,50.70978657578694],[-117.40195728321972,50.71587899649136],[-117.40271143140637,50.717929789442266],[-117.39642569404865,50.71818914375479],[-117.39125928015815,50.7256687675869],[-117.38286580125231,50.7451993378206],[-117.39176209187818,50.75254500294218],[-117.39179378482972,50.75917267076881],[-117.40263642746376,50.77656899285898],[-117.41508836523568,50.78215788969706],[-117.43044167537701,50.78272375769087],[-117.43479970080753,50.79632281466305],[-117.45710716200453,50.79701092900748],[-117.46667077867028,50.80507563591724],[-117.4648003688603,50.80600637488997],[-117.46833498793292,50.811130151874586],[-117.46451410003387,50.8208676932709],[-117.45366872083763,50.82974931710673],[-117.46010522987021,50.84895073682626],[-117.46853579557323,50.853890212582634],[-117.46985397347085,50.866312934815745],[-117.49072465744989,50.88272377854423],[-117.47956708483055,50.88780208745892],[-117.46818044527917,50.902575389514276],[-117.45564144625837,50.8996244335991],[-117.42965558056045,50.90442513860926],[-117.42225920204616,50.903450933842855],[-117.41511930455917,50.89681195169201],[-117.40780787213413,50.901231151157894],[-117.4181988580218,50.90917991233946],[-117.4171088309359,50.91930956643149],[-117.41992148286137,50.92516270318073],[-117.42915639174963,50.92523704351333],[-117.43876788740359,50.93391421926882],[-117.43932176987825,50.946044214585086],[-117.41097389974806,50.960916293913144],[-117.3965307473718,50.96373294034891],[-117.40255699602164,50.97905268722812],[-117.39944534580944,50.98643827506261],[-117.3897789659532,50.99072441133312],[-117.38993067820512,51.00032794492517],[-117.37813304885036,51.0031654010867],[-117.37477055095658,51.013119971026256],[-117.3659706235299,51.01980232832268],[-117.35261578972306,51.0222443829905],[-117.33971044540806,51.03760581094489],[-117.30014753989458,51.03570879441055],[-117.26366406294561,51.052032173411256],[-117.26135282073332,51.05823614526162],[-117.25721688869773,51.06004779923937],[-117.2401667466216,51.06198147439765],[-117.229122165482,51.055994707402476],[-117.2271889592655,51.06040177375551],[-117.21048409959766,51.06465348795872],[-117.20639182001095,51.05831014100162],[-117.184829782452,51.04640227713111],[-117.17015020796758,51.04411750944098],[-117.16769477924628,51.036128772007906],[-117.17137887800313,51.02486986150294],[-117.14248073083289,51.026853035768454],[-117.13575086535721,51.02216697943755],[-117.13560989670326,51.01783276591398],[-117.14632508746254,51.00390347037753],[-117.16396618852262,50.99486255230424],[-117.16118956777609,50.989514869663516],[-117.1670699494236,50.98618636972382],[-117.16790094856904,50.982216472029144],[-117.16244833749224,50.975057125212054],[-117.14724235746043,50.97249641493554],[-117.12784703126493,50.97716840536473],[-117.1177380199538,50.97264178466496],[-117.11727068754182,50.9686785426257],[-117.11335855128256,50.9671926406188],[-117.07303690824641,50.97110859466819],[-117.06697614690854,50.96570470201493],[-117.05358940983263,50.96390710149229],[-117.03811530469586,50.95640538779067],[-117.04233304970906,50.954851219647345],[-117.04619837957001,50.947550778757474],[-117.05403343869762,50.944304090365605],[-117.05430868660359,50.94028028060141],[-117.071973843683,50.920122286537826],[-117.0675633413185,50.91016108278889],[-117.0708878421093,50.90762318999686],[-117.07142761101677,50.90097129718797],[-117.07879049608808,50.89604457777888],[-117.07343451741671,50.890022975828934],[-117.08695065017676,50.86452840106876],[-117.07427315855269,50.85413257981724],[-117.04546536299372,50.857594566685194],[-117.05256632934024,50.8297290690501],[-117.03977463820242,50.81521079393621],[-117.02901487987836,50.81515102112735],[-117.01757568425892,50.820108330161034],[-116.9905622235339,50.80913007504459],[-116.98159144729507,50.81112440122276],[-116.96063865064224,50.809040879186064],[-116.95247983665357,50.80223728679404],[-116.93567384832234,50.79819146183704],[-116.92898153170395,50.78850530371712],[-116.91965669972592,50.789060810239725],[-116.91854488640116,50.77393107681291],[-116.91026291896344,50.77529291483266],[-116.89709595542442,50.76982238342969],[-116.89208951615221,50.77277550152246],[-116.88364228566633,50.77065406190347],[-116.88035770027065,50.774059037993716],[-116.85961612797897,50.76950950676513],[-116.83834279919596,50.79149945530421],[-116.82911883261062,50.7838224124553],[-116.8169318174849,50.785487583103944],[-116.81325124333216,50.783539297783626],[-116.81573672686775,50.77193347247256],[-116.81380790000858,50.76838721934024],[-116.82135428783724,50.76407344831788],[-116.82959789330121,50.750884235709435],[-116.81695494251171,50.74322111004546],[-116.81996846891629,50.735989495870186],[-116.81019654812964,50.7282670675189],[-116.79556098902236,50.729573280638455],[-116.7857000257631,50.737709157266885],[-116.78863248107166,50.74108685768816],[-116.78762401531402,50.746801516849395],[-116.77393813192626,50.75233939706106],[-116.77184133197959,50.76666698495899],[-116.74436769840689,50.77220757267421],[-116.74525078642493,50.78020915327867],[-116.7492348056491,50.7849600191521],[-116.74903362079509,50.79516046867063],[-116.738579200769,50.80653442033402],[-116.73863009127629,50.81267662698485],[-116.74829054890851,50.81902879768966],[-116.75272027704413,50.83206282912381],[-116.76386634933534,50.841003745189965],[-116.76501610614312,50.84679140929119],[-116.7228789647563,50.85510418286365],[-116.72508253278556,50.865322145939615],[-116.73302217197954,50.87760065497843],[-116.72784051242068,50.881110833826625],[-116.71508883529998,50.88073868343085],[-116.7105740761339,50.88519695204316],[-116.6906543823138,50.89206424298685],[-116.68911885207046,50.89988980492849],[-116.68068298025219,50.91257468096182],[-116.63579908335254,50.92705238736001],[-116.62541050919766,50.92703451389885],[-116.61716801767098,50.922313611046064],[-116.5366664089864,50.92162472707547],[-116.53664896948399,50.93613521606285],[-116.49362851128586,50.93607890603829],[-116.49233667291247,50.93815354204172],[-116.45033510671662,50.93437918923424],[-116.44328594292507,50.936038353482175],[-116.4433969771544,50.950653820683435],[-116.32008181584494,50.950637667993725],[-116.32965524172498,50.95908319362623],[-116.33071582769368,50.97302692985536],[-116.33890884292215,50.980268714524506],[-116.35106859726966,50.981703776864435],[-116.36204141987011,50.99183597151088],[-116.37773339668293,50.998997792425484],[-116.38053531991594,51.008925533769265],[-116.40273720825681,51.01691263576952],[-116.40596419088662,51.02581873457717],[-116.42938922920982,51.036508704534945],[-116.42369320101196,51.04728078378342],[-116.4077971564132,51.05790241975412],[-116.40705919820637,51.064040560694934],[-116.39982418226278,51.06989671833322],[-116.41400580888507,51.07787007056725],[-116.40775388153888,51.08452896739126],[-116.39700670504915,51.08424922232942],[-116.39597776129645,51.07933101379405],[-116.38213340566669,51.075764586761586],[-116.36595695634043,51.0646311728508],[-116.35129450678114,51.06970643079684],[-116.34314418205304,51.06481694114262],[-116.33184375136129,51.066521426215346],[-116.32669686662116,51.07107808519472],[-116.33031346590089,51.073335996607895],[-116.32984910160536,51.08143758550749],[-116.31891534135781,51.08659803972773],[-116.301073541577,51.08927242484638],[-116.29585634164182,51.10279280599098],[-116.28929867258181,51.10414996298919],[-116.26085591902704,51.12412877738985],[-116.26200960638359,51.1303438576697],[-116.25624856407853,51.14111628491461],[-116.26710178990795,51.14812096348985],[-116.28521837546404,51.15260038989491],[-116.28991147230361,51.16449894431429],[-116.31348382873666,51.17203139580137],[-116.3316515764672,51.1712883150978],[-116.34132060704722,51.176013185764276],[-116.3390480078454,51.18387767298865],[-116.34691462175871,51.20330930265025],[-116.34282467597679,51.20773160340431],[-116.33318013021173,51.20778195300769],[-116.32856535935453,51.21503034194802],[-116.31709980208578,51.22160930584515],[-116.3009161428608,51.21514719607968],[-116.27365478953979,51.21557566322778],[-116.26637954787255,51.22219259485039],[-116.26750753044948,51.226309144392715],[-116.26007844862988,51.232036470713396],[-116.25503688984638,51.24414908496237],[-116.26880189389648,51.256986922557026],[-116.28145889356058,51.259351332002204],[-116.28701181609392,51.26345077364051],[-116.28571789460818,51.265556060227375],[-116.29176114489017,51.27399152080158],[-116.2830024258318,51.28101509853903],[-116.28296205600464,51.28514227371607],[-116.29072603793904,51.30396826500272],[-116.30114018367132,51.311878037290015],[-116.30744341687597,51.323011804268994],[-116.30522846819711,51.328714686901456],[-116.28902063272508,51.33387183313022],[-116.29038846556081,51.343831414803105],[-116.27984143256549,51.35444369154129],[-116.28259007416753,51.3623556199131],[-116.29710156392069,51.365934504799995],[-116.30363601690586,51.37160955990817],[-116.31220795999818,51.385461998018066],[-116.29467712447321,51.39740813143216],[-116.29454064616633,51.40333917682811],[-116.28450750073124,51.407363619717614],[-116.29549712373652,51.42823768691219],[-116.28715578650498,51.435088561812584],[-116.28933126728202,51.448715785406456],[-116.28548601685071,51.449650049348946],[-116.28566943337907,51.45608931780254],[-116.29497404429776,51.46249610358919],[-116.31590999403613,51.46568418059529],[-116.33924129059307,51.46489580368155],[-116.36358645343313,51.47245577518104],[-116.37267089581731,51.48405729163293],[-116.38577686822117,51.492246313998095],[-116.39641021666965,51.507290914208305],[-116.39796424881102,51.51328446446875],[-116.39468365130267,51.525220696573825],[-116.38458307754624,51.53026050228733],[-116.39185830924218,51.546743409577175],[-116.40223174968183,51.54616529345273],[-116.41828226849178,51.554008129441776],[-116.4420584242305,51.556791843025415],[-116.44651622750004,51.56110201387235],[-116.45129878016381,51.559676805514236],[-116.46564696493905,51.565048125241574],[-116.47266524673779,51.57943962595375],[-116.46893338549275,51.58635539350486],[-116.47480676548997,51.588550811394796],[-116.46696632963095,51.591496710742874],[-116.46816241407956,51.60375976980481],[-116.48103005498277,51.608086399441454],[-116.49114851652443,51.605770880456255],[-116.51552491994177,51.60819984361086],[-116.5148959507631,51.62340208693076],[-116.52033150461662,51.62485407564116],[-116.52434824385156,51.633709541430456],[-116.53101164056883,51.638675625931825],[-116.56241494979899,51.64269590514394],[-116.57004389261068,51.64592508315416],[-116.5733387272832,51.652641804175836],[-116.58452554013745,51.65384481416409],[-116.59569353988775,51.66119470158782],[-116.5979318365909,51.66476623306775],[-116.58902898884557,51.67073576980581],[-116.59114371406126,51.676598615011784],[-116.58573306866481,51.68628649254582],[-116.58167389335061,51.68723819298945],[-116.59076326414595,51.69366914585908],[-116.58239062738318,51.69895664338053],[-116.58774781572795,51.707607378571055],[-116.58638255898138,51.71342904248477],[-116.59585417791301,51.71769697527092],[-116.60130064098392,51.72423837306512],[-116.61762402419215,51.72475617210035],[-116.63341391023452,51.73280585274227],[-116.63702335957842,51.75100865342314],[-116.65215519108897,51.75477784178259],[-116.65233900569595,51.76731534128458],[-116.64811369741803,51.76899913908285],[-116.6494590302952,51.775548861122886],[-116.64550834326431,51.78770228841974],[-116.65681656726383,51.79347230386421],[-116.65580882951402,51.80149139008879],[-116.6806777989235,51.81275391844227],[-116.69783011649098,51.80340934138443],[-116.7163643225726,51.799131797852894],[-116.7331454861225,51.805298117983064],[-116.75023069542203,51.80507629189498],[-116.75598019861904,51.80000650617124],[-116.76258419434808,51.786162108957434],[-116.77478053236995,51.77418695439766],[-116.78239116087839,51.77030742298399],[-116.78666029515111,51.76341589834857],[-116.7929667259128,51.76378083864377],[-116.8078980238081,51.74980466484178],[-116.81273317272561,51.74122471547113],[-116.82035264498786,51.738455275618925],[-116.81747664329609,51.733508704845875],[-116.79893978471615,51.72285950685201],[-116.81082248114724,51.70974278916232],[-116.81085797019128,51.70547691810641],[-116.8364460638877,51.704026745022],[-116.85285271506771,51.70569186944283],[-116.85747160149936,51.70903137776211],[-116.86930935284579,51.704382591598005],[-116.88623970030598,51.70678292704389],[-116.89845371470707,51.702697028176104],[-116.91060238237223,51.708619253382764],[-116.91969238803208,51.7081473510599],[-116.92030784976711,51.71464249092893],[-116.93065832537515,51.72024169938924],[-116.92886595945161,51.72773944465831],[-116.94308779242023,51.732566568068215],[-116.94720332580758,51.742324119250895],[-116.95541334427388,51.74286699791616],[-116.96196198285114,51.74812924693326],[-116.96186041410193,51.75216332341612],[-116.97477544754702,51.75906616106995],[-116.9746335228409,51.769229639073146],[-116.96554095099236,51.77421318636468],[-116.9679884504597,51.78377862452055],[-116.96445689460514,51.79091169646697],[-116.97548524349264,51.80395385454671],[-116.9911860084772,51.81126296608078],[-116.98712967576334,51.81670113378145],[-116.9875925598451,51.82622806231352],[-116.98200122817614,51.829148845397285],[-116.9810172437361,51.8350765433366],[-117.00928946208684,51.83701381309879],[-117.02099031208365,51.84273970487819],[-117.03531323100805,51.85607016907755],[-117.03344882311477,51.867753287548666],[-117.02854276873038,51.87248093283245],[-117.02137664951076,51.89224497577819],[-117.05513593843102,51.91781070529101],[-117.08428200144576,51.932472878136686],[-117.10214272721753,51.94808218838719],[-117.10206349415643,51.95448187410459],[-117.10505620315944,51.95720552660159],[-117.12286877789691,51.95724722706939],[-117.13409108320126,51.967737498783954],[-117.14871637144594,51.97321530586307],[-117.16581283715033,51.972783020397756],[-117.19541898564853,51.978497858003216],[-117.1984735605613,51.98112711154957],[-117.19802340775144,51.98731814096588],[-117.20395659838417,51.99364519312571],[-117.2166229078656,51.99667652216871],[-117.2233694908852,52.00536018567018],[-117.23726187677332,52.01131002405909],[-117.23426859567977,52.01666615748418],[-117.22171293796157,52.0196479460305],[-117.21484585085818,52.0284368281144],[-117.23342547740793,52.04125451200361],[-117.2422163177814,52.03809494240642],[-117.25812338553558,52.04031589257797],[-117.26923954303847,52.04705218711456],[-117.2691578843036,52.05530202799033],[-117.29547911136846,52.06529509942793],[-117.30495708855383,52.07371609153441],[-117.2953806081844,52.08572030840792],[-117.29473662894314,52.09824217070066],[-117.29860898616589,52.113864484943875],[-117.3051427991335,52.120204250745296],[-117.30803849133503,52.12922348844345],[-117.30508717312479,52.14841747456338],[-117.3089629399007,52.15304662291863],[-117.33167442932557,52.15598486237425],[-117.33796900224169,52.14745439925197],[-117.33871728294669,52.13935589844895],[-117.35771430357755,52.13608710973652],[-117.38376692919906,52.137371815988544],[-117.38371712515743,52.14007820346802],[-117.39024311980572,52.139427433600716],[-117.39146886689691,52.14368201467307],[-117.40390364439247,52.1376192460511],[-117.42541369146872,52.14242563187366],[-117.4251644672785,52.14541147461757],[-117.42985429734874,52.14679703938716],[-117.47331045820935,52.14380755277365],[-117.49593679806216,52.147583628477776],[-117.50902724589535,52.15417606890564],[-117.5095892986241,52.158167563495425],[-117.51851366462198,52.15711270863325],[-117.51907787473773,52.148926587960496],[-117.5244609560391,52.14227653972146],[-117.56076386455761,52.13574799583717],[-117.55804207940996,52.128319810393],[-117.57426758581434,52.12851952072714],[-117.58582873199988,52.13628947972104],[-117.60899115444855,52.1434707364349],[-117.6153564740122,52.15444950698063],[-117.61964102127612,52.155042446510855],[-117.61827061648385,52.16315738341394],[-117.63256102645718,52.178637758427314],[-117.63899562233675,52.19017426543417],[-117.63878820326788,52.196795610971094],[-117.64806650715195,52.209356102997226],[-117.66151012731702,52.199092939749235],[-117.68444071854344,52.19778037410475],[-117.70988462953699,52.18818667623559],[-117.7338084606035,52.188138269290725],[-117.74708780009549,52.19526953377625],[-117.74845273435297,52.201539501191505],[-117.75531442578423,52.201767508425654],[-117.75699664890801,52.20533145025398],[-117.7783124346049,52.21480862843713],[-117.81339953549114,52.22195749890766],[-117.81625081954707,52.22514355159224],[-117.81444991121771,52.23313685664233],[-117.81767655884859,52.24298047374154],[-117.83300004791096,52.25489406359058],[-117.84353248444559,52.272766911983524],[-117.82426620908984,52.283216378968305],[-117.82332546712622,52.290549403844324],[-117.80189265436373,52.29054380143279],[-117.79170748086446,52.29391934064682],[-117.79405438974678,52.30170852734285],[-117.77395649817636,52.319216936497035],[-117.75130869534206,52.31877479319775],[-117.74615092742661,52.322806295802884],[-117.74562296757928,52.33067644606389],[-117.7395543857283,52.33356907210193],[-117.73812437140973,52.34172831119025],[-117.72533656229203,52.35277461766605],[-117.7184603019651,52.35171218591383],[-117.7046378052995,52.356237598013706],[-117.70632473972468,52.3621965426465],[-117.72007992955345,52.36576348919347],[-117.72919403197564,52.38172102845862],[-117.72284435200098,52.389904154375735],[-117.73969056761993,52.39562362593503],[-117.75608919211027,52.40539369146833],[-117.7627065941773,52.413487613436025],[-117.79201596187589,52.40812534608904],[-117.8273049437435,52.419131873768414],[-117.8440043396995,52.41843746343275],[-117.85267696342063,52.41370912714782],[-117.85961351882581,52.41883747401339],[-117.87017711208308,52.4206212513639],[-117.87622602422351,52.42606982378029],[-117.89630504523224,52.42916493341158],[-117.91545575786174,52.436620227824534],[-117.91931197023173,52.441350361207505],[-117.9158175032613,52.44665493927821],[-117.9365934955315,52.44734634450964],[-117.96992692031449,52.46725854504616],[-117.97435030872671,52.47202615526571],[-117.97109126818205,52.47936819790184],[-117.97291749808727,52.482936507063314],[-117.9873976005631,52.484666601241884],[-117.98659894853596,52.49197259667942],[-117.991147869016,52.49688936720795],[-118.00407107388848,52.4937026513339],[-118.0173714050516,52.47495455005165],[-118.02510459448031,52.47198833198153],[-118.02572216933147,52.46591879901556],[-118.01964801846599,52.45836624706017],[-118.02734964542731,52.45489116085647],[-118.0419801883468,52.45771126754516],[-118.05993087814754,52.454819440071155],[-118.05006251061164,52.44395984624091],[-118.03340523558772,52.43884403662851],[-118.03710909860312,52.4315981003296],[-118.03359426219099,52.426803881454745],[-118.03458394468414,52.422380802802095],[-118.04221999719651,52.41671553448498],[-118.05142267405535,52.41765898879382],[-118.05251601411358,52.415407578365276],[-118.0472799920498,52.40368823018646],[-118.0419077623863,52.399516058437705],[-118.04394360793125,52.3979935813738],[-118.05710812494554,52.40111431438755],[-118.06626578068557,52.39821098013504],[-118.09274628046337,52.40568608201275],[-118.12052062472777,52.40355867401844],[-118.13975800715234,52.40590464567712],[-118.14615040818734,52.40070909669327],[-118.14232795689377,52.393390327120315],[-118.1720666840395,52.39025038427406],[-118.18590973940276,52.3807563615586],[-118.1825075951061,52.375535343628364],[-118.18687439007468,52.37185247014792],[-118.21598768454204,52.37193281709573],[-118.22828511859991,52.3799603965942],[-118.23888205259107,52.37747619256556],[-118.24285403951018,52.375573360107914],[-118.24083959349358,52.37015102604784],[-118.25083691825272,52.35862213573129],[-118.25079300126062,52.35030596453168],[-118.28113638930222,52.341841002717814],[-118.28868337155464,52.335504177282864],[-118.2919951867228,52.34136610814446],[-118.30475214321417,52.34936278627902],[-118.30441387747966,52.35782106414697],[-118.30930998779249,52.36216550937076],[-118.32879966953969,52.36790698814979],[-118.3566527388216,52.36420687750711],[-118.36246586895295,52.361883242794384],[-118.36659226741013,52.35457081877328],[-118.38323813988127,52.347648783280796],[-118.38858204780647,52.335148406233984],[-118.39690065613817,52.33301833782749],[-118.42069627111871,52.33743392943883],[-118.43089897126791,52.33338165442472],[-118.43806065993802,52.32290389246533],[-118.4552213652912,52.32183655886409],[-118.4710217872861,52.315122197988146],[-118.4942111973646,52.31060521944653],[-118.49089452569882,52.29324604032964],[-118.52366663688379,52.2847045650444],[-118.5309023937198,52.28899673841076],[-118.5456855340342,52.29034228803501],[-118.56195411741729,52.276560916175],[-118.58162491375266,52.27275340962891],[-118.62134105039246,52.258577902682134],[-118.68200556987755,52.213237229182006],[-118.7012464021641,52.209968155569435],[-118.70569586337297,52.20538012602555],[-118.71881902019045,52.203364369151885],[-118.73497633568604,52.19612035000347],[-118.74228405753712,52.196654052137276],[-118.75114927997062,52.18464874499085],[-118.76312255243297,52.17981765991132],[-118.77842479560448,52.18061299243815],[-118.80703430094367,52.175046839062475],[-118.82167471055598,52.16694178641849],[-118.83622213282389,52.16333524898849],[-118.8330663215772,52.157821391119434],[-118.83559874028353,52.14321217793763],[-118.84027270951727,52.14278863888437],[-118.85233518593498,52.13269967295913],[-118.85080835573115,52.12445708587137],[-118.86720941841,52.10224708690075],[-118.85945064926861,52.091980024450955],[-118.85334936276548,52.08933857495244],[-118.871361638738,52.07764707676988],[-118.87337658281143,52.071591417269204],[-118.8703789310469,52.066009031179654],[-118.85924436662073,52.06473953870511],[-118.8499577528255,52.05976726780465],[-118.84842127492043,52.04940560276463],[-118.85589250438231,52.04492700945303],[-118.89929998960224,52.038246422812456],[-118.9139574842284,52.04299680436661],[-118.9403235333713,52.03134625723333],[-118.94717139556074,52.02308634081251],[-118.94637634156769,52.015294271066004],[-118.94926783457302,52.01241390105235],[-118.94639542087985,52.00439341422278],[-118.95131102918714,51.999161518462685],[-118.96206656349393,51.99818248614625],[-118.97042957564732,51.98821630207887],[-118.96949055837115,51.9837079074419],[-118.97365253424783,51.97682806635335],[-118.93304914749707,51.965424183543256],[-118.92032787671522,51.96682835371927],[-118.89744068544461,51.95769472645864],[-118.8908108278419,51.95175265135945],[-118.89872513944596,51.945150855508096],[-118.90658492976365,51.92854900497583],[-118.9144902148626,51.92480676760251],[-118.93462224362445,51.92765579341595],[-118.9449567408119,51.92510047938123],[-118.94959866966529,51.92914314957731],[-118.96766792414076,51.93395404270857],[-118.9833337318351,51.93479912561544],[-118.98662210168457,51.932105902428255],[-118.99214754259646,51.92067012580357],[-118.97553274508871,51.910579046973666],[-118.97616422285897,51.89986751257904],[-118.96916271911638,51.89359132312908],[-118.96740666846128,51.885998160454314],[-118.96838787371095,51.87970505046143],[-118.98376207902562,51.87461284587136],[-118.98385134130827,51.8693068019039],[-118.99211712320023,51.86544221875789],[-118.97688263289872,51.86152079373149],[-118.95329419323144,51.8498560882638],[-118.94931924477656,51.83123277602504],[-118.96786659776859,51.824834915842466],[-118.95736566990473,51.81518543323008],[-118.96029090663421,51.807592000669814],[-118.95192271128141,51.803945406916405],[-118.94299162286362,51.79163578124601],[-118.92558280139178,51.79660733968161],[-118.90921562636262,51.78634715722843],[-118.89312853649467,51.78617573210932],[-118.89636945780596,51.78047923295669],[-118.89291459526379,51.77021358967911],[-118.89767175135557,51.76798267364213],[-118.89251339660768,51.7549638283073],[-118.88977795129232,51.733749606615],[-118.90224571347936,51.724625816766135],[-118.91975862113192,51.71947295132777],[-118.91464378246373,51.7076482796728],[-118.91808869481844,51.70221251955069],[-118.92733020226517,51.6983143179622],[-118.92578527844228,51.6871498633634],[-118.93735264117531,51.690376804585846],[-118.94066735969193,51.69784890338646],[-118.96207099187974,51.699201880013504],[-119.0042083251572,51.689605585245424],[-118.99767353944686,51.68106794556257],[-118.99656573251721,51.670245571873245],[-118.97435707162141,51.65729691374743],[-118.97351121928222,51.646810953180164],[-118.98575679157084,51.642563397740055],[-118.98817401678934,51.63900832235043],[-118.98284885652635,51.62924932789766],[-118.97661819758035,51.62751989530849],[-118.97678192277112,51.6243067209154],[-118.96403080768694,51.61668509634346],[-118.96328201051176,51.6086331186069],[-118.95627823007516,51.60208743744307],[-118.95940575200184,51.59859102913472],[-118.97454826139327,51.59515376889595],[-118.96781903704643,51.58979019215932],[-118.9698599261066,51.58835507598886],[-118.96795950590776,51.57533639989445],[-118.98590632675382,51.54537554623545],[-118.97958696722522,51.54303731176412],[-118.96832869779243,51.52819769523533],[-118.95983916204311,51.525454149603576],[-118.95995074584692,51.51712388567129],[-118.95009533554912,51.5158603125122],[-118.9455140081239,51.51102529713882],[-118.95660399344604,51.498412597820014],[-118.95531939499588,51.48691410896772],[-118.95093597343826,51.48410939782223],[-118.95813846062204,51.477104729308806],[-118.94600338950366,51.461286388440115],[-118.95493297689764,51.46306229127467],[-118.95041205689454,51.45697743127628],[-118.96127371985398,51.455483220859264],[-118.96471314176509,51.450882163800934],[-118.97870626300865,51.45184182864571],[-118.97984761458447,51.445620388018405],[-118.99836728394942,51.4290926168859],[-119.01227979775024,51.425805888360664],[-119.02255765112223,51.417201413765426],[-119.03126256616751,51.41609056575669],[-119.03448208700273,51.41140125796761],[-119.04554108696321,51.407755341446865],[-119.05511045383737,51.39743460383023],[-119.05382775682563,51.392870578804605],[-119.0631199096557,51.39555813622858],[-119.08499804032184,51.389370179952024],[-119.08912029858033,51.39480657938774],[-119.0951088929197,51.38649480947251],[-119.10428590845248,51.38414195913803],[-119.11344343850024,51.37005251746952],[-119.12964510201229,51.371553709816006],[-119.15111898567545,51.36061011043507],[-119.15064439934957,51.35702149187431],[-119.13940017054698,51.353072525656906],[-119.13442804517288,51.34559986624965],[-119.12153036891456,51.33747045386369],[-119.130857119755,51.325478843215194],[-119.13879249619913,51.33046536721704],[-119.1566123938074,51.329577901673126],[-119.16788821096655,51.3336115474337],[-119.18470337687958,51.317413614393345],[-119.20411694952895,51.3173316099895],[-119.20599370334841,51.30821875232907],[-119.22561872961201,51.30978087567753],[-119.22373944029114,51.301811372406824],[-119.21785900629561,51.298839164027875],[-119.22432725336856,51.28367026562591],[-119.26888363851586,51.25628380778274],[-119.28878927351546,51.258252472067],[-119.30394266021445,51.25344025366045],[-119.30957883874527,51.24846354600464],[-119.32297511589778,51.24916965870133],[-119.33501524221408,51.250536864790234],[-119.34445430880352,51.25591322485224],[-119.34754089399463,51.26516884320099],[-119.3891373781248,51.23963094654706],[-119.40630175534648,51.23752035841395],[-119.41898624652595,51.23087911140936],[-119.43215150729196,51.23185327767853],[-119.44479384790961,51.217969947744166],[-119.44361550492629,51.20557696000951],[-119.44896188844682,51.19882459899138],[-119.44047617402677,51.19374053211965],[-119.44401886837348,51.18819822167124],[-119.44294533144188,51.18413738893437],[-119.44628857093527,51.18214278907592],[-119.45669448132999,51.186075848091114],[-119.47798518057617,51.185249854953156],[-119.47986791642809,51.17562531424686],[-119.48552558866051,51.17029863585856],[-119.48124966483424,51.1569483622616],[-119.47551593761393,51.153682155967495],[-119.48804619081471,51.15939419562505],[-119.50596489455079,51.154499445077924],[-119.5019864700288,51.15154465330115],[-119.51576495347751,51.13326969958441],[-119.50775262137864,51.12830323394954],[-119.50548285553566,51.114714816997214],[-119.52689309754687,51.10668573888939],[-119.52876758092326,51.10281366395643],[-119.52574827924097,51.09232878117924],[-119.5330279307208,51.084757969253765],[-119.5383392521568,51.08410404101738],[-119.539346985883,50.98352235771338],[-119.7107183170489,50.98350612037739],[-119.69624373041114,50.97254797279203],[-119.67968440181698,50.967077592247634],[-119.67247545610418,50.95417282693455],[-119.65884745079781,50.94710227432646],[-119.65592268096776,50.93590307411898],[-119.64897620228234,50.93484488175318],[-119.6483137862783,50.92989575763457],[-119.64273126282991,50.925781217156754],[-119.66615519064788,50.925343312519125],[-119.66616419370105,50.86780679015833],[-119.67094778293011,50.865458795688],[-119.65037908659168,50.85917123500929],[-119.6458582987169,50.86791108584207],[-119.63973730185954,50.868760088694934],[-119.62555129786564,50.87835408558997],[-119.61410729923404,50.87355509408965],[-119.60153629883413,50.863008094708576],[-119.60061328840209,50.85920509140415],[-119.60454429761452,50.854531094543965],[-119.592523294047,50.853422813777726],[-119.57748094195529,50.86024096997224],[-119.57661619787419,50.866112001594985],[-119.57367294270479,50.8671533338981],[-119.51593263245408,50.86717946943063],[-119.5159717433723,50.8381284325438],[-119.46989200525077,50.83800868269254],[-119.46978339130823,50.79968950211196],[-119.47353523243903,50.79965521235729],[-119.47338527434673,50.78717216049852],[-119.46976012772829,50.78521906851018],[-119.46962521870046,50.7509253629289],[-119.52734450524915,50.7509292984945],[-119.5270530237581,50.57607795896685],[-119.65247164846893,50.57615327859258],[-119.65250110858061,50.48522096302995],[-119.66104650640662,50.484672370051676],[-119.65246223796991,50.46711791815906],[-119.65276539843398,50.401833744237926]]]}},{"type":"Feature","id":1327,"properties":{"LGL_ADMIN_AREA_ID":205,"ADMIN_AREA_NAME":"Regional District of East Kootenay","ADMIN_AREA_ABBREVIATION":"RDEK","ADMIN_AREA_BOUNDARY_TYPE":"Legal","FEATURE_AREA_SQM":27848512268.947,"OBJECTID":1327},"geometry":{"type":"Polygon","coordinates":[[[-116.58321660533527,50.92162310041293],[-116.61647543723853,50.921609909430565],[-116.62602960646853,50.927313267786744],[-116.63579908335254,50.92705238736001],[-116.65196890196039,50.92035121423767],[-116.66920117251088,50.91785038808258],[-116.6821818076834,50.910876157916356],[-116.69210833508299,50.89150454533991],[-116.70995830754678,50.88591783624333],[-116.71634717985448,50.8802951051363],[-116.72713034602782,50.88128303421753],[-116.73449148665549,50.87666876343508],[-116.72437544392308,50.86393859323255],[-116.72284192338594,50.85576056958389],[-116.7439356362048,50.852166691686264],[-116.74829013391972,50.8481474080486],[-116.76353100215032,50.848341154983],[-116.76536713176849,50.844774741667095],[-116.7525160231168,50.83160076830112],[-116.74828012232656,50.81832733742836],[-116.73747327107027,50.81394201997812],[-116.74058247035434,50.8035822485497],[-116.74942426782265,50.79227360873272],[-116.74418432098732,50.772895625661626],[-116.77184133197959,50.76666698495899],[-116.77380809134941,50.752848747511],[-116.78888182771472,50.74552081327764],[-116.78605650847244,50.73826438046074],[-116.79547785852228,50.7316714844734],[-116.79638665465403,50.72759327842207],[-116.79517231900755,50.72339145680138],[-116.7847798921121,50.71893321523591],[-116.79181544256932,50.71256799089411],[-116.78841743594859,50.70703020234817],[-116.78018718947975,50.701735097941736],[-116.7672436550446,50.70156709124431],[-116.74957323027184,50.693220946315535],[-116.74742788270865,50.68934033994682],[-116.75004021890497,50.67905397131484],[-116.71859170237819,50.672538291120965],[-116.70958232022477,50.667087397198344],[-116.70371558086394,50.672942089289755],[-116.69226580029569,50.670906969884605],[-116.67706001757436,50.67402239332645],[-116.66803907802804,50.67954275049882],[-116.65717383262056,50.67821031227247],[-116.6530930784302,50.66922318121554],[-116.62265695029068,50.665003802678626],[-116.60772751066911,50.667271722754954],[-116.60797915871468,50.659142846039366],[-116.59901538778747,50.64957967897496],[-116.57730876791372,50.6431398584564],[-116.57697429316856,50.6354105694061],[-116.58365565303362,50.633913796680325],[-116.5856388864565,50.630287648628034],[-116.6064319295235,50.62702028398818],[-116.61147528445873,50.63036267224355],[-116.61527932741737,50.62797912451174],[-116.62331154095595,50.62070595371767],[-116.63251995103175,50.60002115675587],[-116.63971983720067,50.59716583942251],[-116.65535394349273,50.59812144613651],[-116.66920522489883,50.57128999801629],[-116.66125672826122,50.56314629213712],[-116.66553039727266,50.543154713623544],[-116.67193052599066,50.531987326681445],[-116.68490784674496,50.52971289849097],[-116.69827889728971,50.51859666617045],[-116.6918085804689,50.5114480463567],[-116.69007346007149,50.48301460463981],[-116.69848964385388,50.48476942112741],[-116.71231102634358,50.475775104739334],[-116.72348144631708,50.46138984303905],[-116.6940065989003,50.45065893813937],[-116.68703111626078,50.4312026718849],[-116.6766397151245,50.42622588098848],[-116.65513922088121,50.42231995662027],[-116.64839469795278,50.41238900592658],[-116.6405442274105,50.410140632613086],[-116.64029189456181,50.39761496697364],[-116.63350504327968,50.39342180692667],[-116.63154959533524,50.38554533843584],[-116.636114029888,50.37625943344362],[-116.62929057993082,50.37158624358016],[-116.62308697354703,50.35647816751292],[-116.61868357592637,50.355141762435146],[-116.61608235153722,50.349988906285866],[-116.62685071712185,50.342604268934856],[-116.62318442665328,50.34061386931113],[-116.62617520747276,50.337351865695446],[-116.6221549230048,50.332804114740625],[-116.62456111203002,50.32819819953005],[-116.61692472808886,50.32098742215782],[-116.61968438634446,50.316076980527896],[-116.59285901319852,50.30816070779618],[-116.57769716407158,50.311288362178004],[-116.56857007955037,50.317301555097316],[-116.54216245935596,50.31934104988676],[-116.54045055559784,50.31332657025208],[-116.55573746972942,50.28102686021857],[-116.55367044586013,50.267758267186416],[-116.54981205459953,50.26574279062641],[-116.55224961429654,50.2488550369513],[-116.54775190202874,50.24375517547477],[-116.5596099315239,50.231629193332836],[-116.55491160749602,50.22356888144286],[-116.55806749808704,50.21697851074119],[-116.54945078955012,50.20750595606402],[-116.50897478885499,50.20423908753959],[-116.50846939514365,50.20023470963975],[-116.48849147538836,50.19078590990302],[-116.48792963261752,50.1801527338453],[-116.49078561786071,50.17529061995576],[-116.47864739743018,50.16537151675843],[-116.47748192475903,50.16111118458237],[-116.45293432444974,50.15541295812543],[-116.45224015656521,50.14387951315315],[-116.44638040133201,50.135019710175385],[-116.4522667424789,50.119895848468914],[-116.46237324891645,50.11580786480499],[-116.47963505479255,50.11493714941789],[-116.48230160423358,50.1063148752708],[-116.49509297620064,50.09874432656897],[-116.49508634239751,50.08474068281426],[-116.4997154538225,50.06735234835024],[-116.4979893267136,50.05304040688208],[-116.47056218044077,50.03964032855132],[-116.47070286868885,50.02726712932373],[-116.46671811721802,50.022321133295996],[-116.47106153226945,50.01537158593309],[-116.46654423641061,50.001463003172105],[-116.44247188378661,49.98713910288803],[-116.45140497568762,49.96950816338977],[-116.4615544857057,49.9659580507527],[-116.47857899697286,49.96932168290748],[-116.50105624018288,49.97815985756072],[-116.50185068846902,49.98226459958069],[-116.51190701159662,49.98644464338842],[-116.52769038459006,49.97249210145144],[-116.56026212580731,49.95365645327178],[-116.57936902796479,49.95369133144207],[-116.58219784792304,49.948437971745264],[-116.58255396028288,49.931424247514094],[-116.59003649765769,49.92720766806963],[-116.60110892137855,49.92636284403634],[-116.615453166843,49.916598609089846],[-116.62198556376987,49.908345397949454],[-116.6240805927662,49.89801783237732],[-116.63453920129066,49.88735109923045],[-116.65535230834257,49.88260889748393],[-116.675208713449,49.88362860529248],[-116.69498837198218,49.87486794933725],[-116.68353693956387,49.8638282562303],[-116.68789862153326,49.8520125785341],[-116.68492931607572,49.846562983587],[-116.6895669009627,49.84275891244892],[-116.68752424410134,49.836721223281636],[-116.68131811673771,49.83378217097376],[-116.6790152929317,49.83015009963343],[-116.6811877081321,49.82612063324453],[-116.67341551095032,49.81926927552471],[-116.68439370107319,49.81346034830339],[-116.67938470985777,49.81002174596994],[-116.6798835183829,49.803933931471654],[-116.6625078080027,49.78657941258427],[-116.64364136604917,49.78672080957223],[-116.63723314230897,49.77794934800213],[-116.62832584465582,49.77686877034884],[-116.62862781539268,49.76744356606675],[-116.62209749508767,49.76195382692334],[-116.6233183803246,49.750732708535665],[-116.60190416118799,49.74667655262725],[-116.59840990858457,49.741186842189684],[-116.587314296984,49.73737315732825],[-116.59531628815475,49.73285716259124],[-116.5917152945261,49.72393996365208],[-116.60645513163746,49.716017829491015],[-116.59971323373625,49.70759682471171],[-116.58808866757519,49.701259882691915],[-116.58843111971649,49.69738444530872],[-116.60851977639311,49.693865255513714],[-116.62211054659305,49.6881808555582],[-116.62471860581842,49.68256772837415],[-116.63914674183532,49.68104852976417],[-116.64602040740509,49.673667199839315],[-116.6562599435693,49.67080178463291],[-116.66585313736442,49.660060327909335],[-116.6662948495336,49.65377736411523],[-116.67046117988615,49.652514056957955],[-116.67757710318753,49.64254505842347],[-116.6763124160914,49.63436439997556],[-116.67099337364357,49.63110534168089],[-116.64931289701842,49.632104071086246],[-116.64468857069824,49.628168299284376],[-116.64907582610542,49.615628118486434],[-116.66390320313855,49.6067433890531],[-116.67619036353638,49.59078982702654],[-116.68255601264288,49.59041069584838],[-116.67465956365136,49.58356177559256],[-116.68619828972199,49.57910526014894],[-116.68565156476684,49.57305332182386],[-116.65928999435071,49.56562701096467],[-116.65151484844151,49.56800545210112],[-116.62292950512699,49.546310396404294],[-116.62297604649712,49.53547181332654],[-116.63943487589364,49.51628435424208],[-116.63715166783331,49.50868856044008],[-116.64092068581391,49.50015221260615],[-116.65203215486407,49.48739546519347],[-116.66265309031726,49.4833562362294],[-116.66467722008856,49.477628385097134],[-116.66219130715712,49.47176846540475],[-116.62939785833329,49.460928117202464],[-116.61295505148489,49.47372499830292],[-116.59580002005704,49.476769572829646],[-116.58935168201306,49.471476841644865],[-116.58883611409176,49.46271295896664],[-116.58181669440921,49.458891925223526],[-116.58104661397556,49.45515924293293],[-116.56067545202369,49.456584816965076],[-116.54842654921694,49.46797119772911],[-116.5249488276292,49.46901651613096],[-116.51792005068887,49.47640824873487],[-116.50488778072922,49.48017304461998],[-116.48847906395189,49.491995923031126],[-116.4769052894785,49.49436379646096],[-116.46645232531122,49.49261402031261],[-116.45362247839022,49.50226163261022],[-116.45908990587267,49.51872097485189],[-116.45279567157984,49.526858714767016],[-116.4233143249111,49.53800407481961],[-116.41543090314043,49.53496023131139],[-116.40930095279155,49.524741920221516],[-116.36193701631835,49.51538959005059],[-116.34134535963393,49.52825681883962],[-116.32757118207587,49.521980107151414],[-116.30568633217143,49.525787621759285],[-116.29723115987932,49.522789240543446],[-116.29989440933917,49.51916244599396],[-116.29468329904182,49.50395636846639],[-116.28029714382198,49.496540877534194],[-116.27974993439037,49.48437228748002],[-116.28485695109282,49.47951670699355],[-116.28362059496986,49.47562823039437],[-116.24583091961392,49.46466396570382],[-116.2437806121345,49.4540094690298],[-116.25478737253675,49.44800427145354],[-116.23351501807066,49.429322440611934],[-116.23761911235263,49.420786267719805],[-116.20632844282039,49.41506173487422],[-116.20548058538972,49.40523625463818],[-116.18222371967832,49.39433391304212],[-116.17762806158687,49.389861708401476],[-116.17972285100547,49.381755968411206],[-116.15986495151613,49.36502625396738],[-116.15698323964307,49.355542324947756],[-116.18010149880742,49.33966415726393],[-116.17903724646052,49.3338516902274],[-116.18500973993237,49.32531249701494],[-116.1672822521396,49.30448502100458],[-116.17083406569178,49.292754717869634],[-116.1687447591115,49.28923353565691],[-116.14586520968044,49.2877803450176],[-116.12524811369177,49.280636734738025],[-116.11887474486967,49.28722086623815],[-116.1057713968989,49.29134699981203],[-116.1012899272001,49.284015025094845],[-116.09442667704617,49.28335875187349],[-116.08492064830767,49.27196170631675],[-116.06702728214576,49.26122204548065],[-116.07398032255065,49.255427987431304],[-116.07449450587693,49.25144714815902],[-116.06335883731397,49.2422720365441],[-116.06401905242679,49.23326697432708],[-116.07113941189026,49.228611846975916],[-116.07267392479288,49.22025442215026],[-116.07942601578969,49.21384070999167],[-116.09717641437679,49.201989881601214],[-116.02707005324696,49.19979711730899],[-116.02694761446978,49.00088009843577],[-114.06819340531749,48.99887152296365],[-114.0718565251354,49.00351767867942],[-114.05416224618163,49.02618803556533],[-114.06163532600114,49.035824121920214],[-114.0625137238416,49.04611771569034],[-114.07721080980616,49.05431566774231],[-114.08025740863388,49.05994709939585],[-114.09069268017781,49.05849238409167],[-114.10488079635277,49.06359094533083],[-114.11580284534665,49.07382443688866],[-114.12994575098571,49.07844651524118],[-114.14935850911567,49.09503706109792],[-114.1537147969748,49.10174846907144],[-114.14969082958648,49.10908065989832],[-114.15008790306138,49.11721478313952],[-114.16642787329444,49.134972503475346],[-114.14973916567428,49.144005243547866],[-114.16321641252743,49.15596249258502],[-114.17485463082009,49.16367552067082],[-114.210560040483,49.172404492616266],[-114.22368339363054,49.18897831494502],[-114.2301418712303,49.18907927792018],[-114.23496483038124,49.18482172153025],[-114.24743776385118,49.18636245500443],[-114.25618344244678,49.17730399120463],[-114.27062515396626,49.18153308338989],[-114.28419689751593,49.178551446862066],[-114.28886958408967,49.18006408446811],[-114.294648301488,49.18821655892497],[-114.31289670537772,49.193356178220014],[-114.31810820335706,49.20010000551945],[-114.33548359965025,49.19944082770252],[-114.34812538190165,49.19341628477004],[-114.36236084215392,49.202326339696526],[-114.37953450184985,49.203436245998844],[-114.39619613282973,49.20904936182209],[-114.40140622712214,49.212603485664566],[-114.39521894801457,49.22047959958028],[-114.40571433557481,49.224216072193386],[-114.40138104321916,49.2280051453142],[-114.40310284635333,49.2398754275666],[-114.38155797776422,49.24698091419478],[-114.38133698520997,49.24994478241805],[-114.38768137776682,49.25130905581313],[-114.39377209304251,49.25717358614458],[-114.41506409202512,49.2621060493186],[-114.44734059610727,49.26430600940406],[-114.45074379448342,49.27962127254312],[-114.4457994017321,49.28884738578785],[-114.46025026333572,49.30334753475485],[-114.46895432565584,49.30552383758458],[-114.47814325834743,49.312619116706216],[-114.48434172750356,49.310874038447416],[-114.49167048814161,49.31455703796801],[-114.4921443244384,49.32250515571687],[-114.47964925716289,49.325914709029284],[-114.48155525416044,49.33609323192763],[-114.49258993586913,49.35120129080021],[-114.50651847575185,49.35643576880428],[-114.51701204099895,49.354268761406736],[-114.52323009003962,49.35659733944348],[-114.53150638625958,49.371282524865435],[-114.52664646277294,49.37551780338468],[-114.52848492616856,49.377289434242755],[-114.53919043701755,49.37958955821162],[-114.56576619669234,49.37727922189787],[-114.57590517762605,49.386382937797386],[-114.57335819879764,49.38952308670235],[-114.58734843902462,49.391819163725216],[-114.59792398100487,49.41137312706847],[-114.59683053387803,49.41729286876127],[-114.60090113179673,49.42430449468242],[-114.59950089587167,49.43434211321562],[-114.60537164402412,49.440119468827945],[-114.59883480668641,49.44487175874666],[-114.60245926909666,49.451178314088025],[-114.59812676374528,49.459577317397816],[-114.60011228368627,49.46532548155027],[-114.59382825302072,49.47050355454963],[-114.5970413495692,49.489716075250534],[-114.59377749411837,49.49450607008776],[-114.59531247456451,49.502166674451615],[-114.58499192642516,49.51230604705952],[-114.58301478848033,49.52018127634484],[-114.57347281656455,49.5242365764528],[-114.57321786558522,49.53245361760892],[-114.56946063317721,49.53742149180652],[-114.57380507972879,49.54666457727328],[-114.57346585552705,49.55627732218687],[-114.58761237942682,49.56497551453761],[-114.59279347705089,49.561370107878496],[-114.60745599645595,49.55986714642052],[-114.61813769741806,49.54696847787475],[-114.6303791155573,49.54913907546125],[-114.6389121890932,49.5430723938031],[-114.65186292384857,49.54399975401717],[-114.66229694378005,49.55112600404633],[-114.68508081178734,49.55656705775036],[-114.69539898145264,49.547729308437056],[-114.7095595773564,49.55771001551096],[-114.71457967175435,49.56590995643826],[-114.7255514571797,49.57158429449858],[-114.72376989177322,49.57577018946054],[-114.73278435960873,49.576555278471844],[-114.73750730999157,49.596435665449604],[-114.74729461891292,49.60191646072995],[-114.74668858603131,49.607158756777416],[-114.75347710965059,49.60959459498773],[-114.74699376078318,49.6178830029344],[-114.72230825517391,49.62424585392954],[-114.71677918631208,49.63080042132818],[-114.70906608921848,49.63135626531241],[-114.70615692901825,49.63355774798731],[-114.70769040892604,49.635831334882866],[-114.70241214590449,49.638238593693394],[-114.69445365865228,49.631775385962335],[-114.67432108604835,49.6434481449809],[-114.66750447739861,49.63740444955227],[-114.66177000063799,49.64323834284327],[-114.6561271168152,49.65958365338625],[-114.6698396711229,49.67191552151973],[-114.66569344567941,49.6762938714367],[-114.66991647154147,49.68364753937249],[-114.67043229467001,49.6926746561944],[-114.66452703682279,49.69661580148976],[-114.63576614176151,49.702347150274235],[-114.63738059798432,49.725106148639014],[-114.63310527950371,49.73445234563931],[-114.64379175774255,49.740763407457955],[-114.6451867192052,49.75122679790108],[-114.65919178421878,49.76312416290925],[-114.64950952383403,49.76528890988355],[-114.63666658911364,49.78451778884398],[-114.64731702948724,49.81762197578452],[-114.64160431155108,49.821691766977935],[-114.6407454625165,49.828103141597225],[-114.66185129527693,49.85309856137043],[-114.66138881175277,49.86164331700605],[-114.66972557704183,49.863670349938026],[-114.67302457713127,49.87912496268267],[-114.69195251724152,49.896100111824204],[-114.6886774098764,49.9011412648],[-114.68689970172734,49.91742980850462],[-114.69078741839775,49.92132512558582],[-114.68918553584402,49.93638960223435],[-114.6927209075051,49.94127543147289],[-114.68384430161403,49.95508026324185],[-114.68285692024003,49.96565256142485],[-114.6547552103162,49.968384397603906],[-114.6516284580071,49.9757623040076],[-114.65441819949513,49.987549749087016],[-114.652301994629,49.993409886443914],[-114.66753074090342,50.00124129332481],[-114.65864070527411,50.01976948809119],[-114.65993787522694,50.03116605378956],[-114.66705007823604,50.03562672975525],[-114.66602490249477,50.041243450129166],[-114.67702460644443,50.04803650612741],[-114.66680559620174,50.051933270606824],[-114.6661147747753,50.06213800533722],[-114.67893114925444,50.063528520241924],[-114.69150701070708,50.07062179868399],[-114.69673433006379,50.08432044300932],[-114.70532622031364,50.09536585277077],[-114.72061559819076,50.10587867406598],[-114.72210680153486,50.11195069185355],[-114.7300207787315,50.1146641288422],[-114.73347891541702,50.11981618586725],[-114.72569359156778,50.14310813562994],[-114.72740609846963,50.16357249286867],[-114.73367201745346,50.16925392557494],[-114.72573338729175,50.18286031305232],[-114.72677480044928,50.18936392317932],[-114.73850324337792,50.201781178373665],[-114.74059634761407,50.21196127567219],[-114.74836298619695,50.21491355477069],[-114.74645992160386,50.218708497552],[-114.7488507521939,50.22466755568417],[-114.76297528787711,50.23410130629334],[-114.76288186246852,50.24025703693687],[-114.76827175760641,50.24287029522001],[-114.77035205169351,50.250621877740805],[-114.76477833812464,50.26552694839999],[-114.75182905981559,50.275203748257475],[-114.75487735836539,50.28075056686963],[-114.75453511663761,50.295774382696784],[-114.7570621079548,50.299367160974214],[-114.76917228119443,50.302454640142045],[-114.78140435092628,50.30054205601121],[-114.78295875899937,50.31673939221069],[-114.79749356388669,50.326666155699776],[-114.79806755456177,50.33076504080538],[-114.79234150997198,50.336570592034064],[-114.76801821079053,50.35012369886965],[-114.76940044207855,50.35818177785027],[-114.77666735654971,50.36294129436808],[-114.79172431007689,50.35896478051047],[-114.80940516037008,50.37041376484379],[-114.81606230065759,50.370270164212045],[-114.81835393459446,50.37450970959197],[-114.8148995196564,50.38061219054769],[-114.8273345014206,50.39353668775419],[-114.83345603167449,50.39135727523898],[-114.83954530596569,50.39400106187533],[-114.86158646537882,50.39374888642248],[-114.86664680217284,50.40462035950412],[-114.86156040735075,50.40822580716713],[-114.8654289822127,50.41348060171058],[-114.8612451417338,50.42423316530439],[-114.87455634291825,50.43061257248823],[-114.8755426450708,50.438846605412124],[-114.88380791635734,50.44078418560896],[-114.88503147581918,50.43748945566499],[-114.89142464586418,50.437279524852265],[-114.91278027560689,50.45089512640993],[-114.91704314301566,50.460685805522864],[-114.93308023956965,50.47420205907044],[-114.93860966806771,50.486588522153454],[-114.94692959149228,50.48993562309534],[-114.9595378464844,50.50424257343909],[-114.96402568876871,50.51357036187602],[-114.97879202129802,50.52925898331648],[-114.98164582798304,50.5372954334666],[-114.99113276480432,50.54301800991928],[-115.0134461590251,50.5689175618221],[-115.01731707019341,50.58334727176854],[-115.02816281028711,50.583432509310214],[-115.05133180224452,50.57502828406516],[-115.05385826251032,50.571169410623604],[-115.06646793846117,50.58440596596443],[-115.0736884627749,50.58614969937102],[-115.11976589702202,50.57051216745583],[-115.1405292419148,50.57438028665864],[-115.14896123010521,50.57125578588626],[-115.15731688167818,50.57342444878135],[-115.1743721136667,50.56847608259065],[-115.17835957496091,50.55882496467114],[-115.19086346938464,50.5554892623124],[-115.18688046554468,50.54097883983982],[-115.1931401703052,50.53524800925399],[-115.21015024500906,50.52910701785177],[-115.23209716397146,50.54636018115672],[-115.2299207198333,50.55434678334392],[-115.23232922359294,50.5602834452674],[-115.24347469154786,50.572167285100285],[-115.2328321503967,50.578794718810734],[-115.24023002522274,50.58861723409553],[-115.25248458736067,50.59011788651803],[-115.2592177650048,50.59557388244021],[-115.2795819943406,50.60176373347802],[-115.28289534899875,50.607020099756596],[-115.29621549879924,50.613142681233136],[-115.2984518095445,50.62476845416461],[-115.31256769269415,50.62935379458098],[-115.31318188538117,50.6386623095769],[-115.28465396674349,50.63910016079068],[-115.28215459244522,50.64502524914721],[-115.27661114910948,50.64786737286191],[-115.28587984870617,50.659435262191465],[-115.2845398019848,50.664757867868204],[-115.29907890236939,50.68535484399497],[-115.29452301604745,50.6984472022135],[-115.30307910288607,50.700806538048326],[-115.31020445304382,50.70862668089361],[-115.31177800635756,50.72120470885858],[-115.316587348203,50.72579775974442],[-115.32097287589417,50.72675171893234],[-115.32762339497829,50.72262927794544],[-115.35901828156204,50.72145660419179],[-115.37159683872387,50.71702825377153],[-115.37821706083034,50.711048382117454],[-115.37935072450445,50.70533511332399],[-115.38727866280622,50.70810144579812],[-115.39285876169617,50.706513333252445],[-115.40595438285897,50.712638950047776],[-115.41631134386047,50.712377062416564],[-115.4173978123098,50.72049306617683],[-115.41121042438525,50.727782663794535],[-115.41456686623603,50.73496927521308],[-115.42225632066412,50.73823334124014],[-115.43012401357791,50.745806207144085],[-115.4282734611238,50.74886107564127],[-115.43723806962502,50.755933590188796],[-115.44760453849025,50.753433961228396],[-115.45809415264554,50.75664393968429],[-115.47059107432845,50.752256798022444],[-115.48238385350245,50.755494663547225],[-115.48571414863369,50.762780067204936],[-115.48381067222147,50.76871667813242],[-115.50211248310174,50.785253843859536],[-115.51268278416083,50.78703718265071],[-115.51711818645157,50.78099834927127],[-115.5325842852795,50.788121907763596],[-115.53560676537566,50.795369610144654],[-115.55055618990947,50.79787664126052],[-115.56584601471846,50.81429466795014],[-115.56216571590532,50.827869286562496],[-115.56734108558945,50.842646025148774],[-115.59646755915635,50.84095554944367],[-115.60647162071479,50.84588087096237],[-115.61829383856161,50.83668078618638],[-115.62662843174951,50.83454252764117],[-115.64219824068208,50.840789212397006],[-115.64461249420782,50.85860891066346],[-115.65094775073814,50.86737276754111],[-115.64796808397591,50.87441294717636],[-115.62859807333587,50.88027534702205],[-115.61796347332383,50.87984313047352],[-115.612558107001,50.88629008768276],[-115.60201684643395,50.887025661550766],[-115.59384855098268,50.89293800525586],[-115.578813929558,50.889512357280715],[-115.56222711669263,50.89444835319784],[-115.57946084517077,50.91368301094534],[-115.59824734387956,50.91774607952845],[-115.61035510432576,50.92664300833857],[-115.59780559479414,50.940622442278894],[-115.60930414230914,50.94641368012552],[-115.6080751507488,50.95800915826799],[-115.62259476831689,50.96586141672045],[-115.62876453669034,50.980745609180346],[-115.63915104717468,50.98455224318644],[-115.64958250165773,50.997778151676975],[-115.67447635232482,51.0013906868158],[-115.69060145192279,51.014858162288014],[-115.69413531966075,51.02811435961447],[-115.70642903274484,51.01936608515388],[-115.7205392587552,51.017190284364155],[-115.74083736100461,51.02295643381332],[-115.73665684541567,51.027541663069584],[-115.74342279634934,51.032924434706956],[-115.75215755570433,51.03144628175618],[-115.76773368838266,51.03887782790166],[-115.77272792961875,51.04318401287452],[-115.77112544301411,51.04707906028267],[-115.77423265640078,51.05691389862541],[-115.76306330930056,51.06120028496876],[-115.7606835176406,51.07146728745284],[-115.75461349402477,51.07466413784618],[-115.77718521642502,51.06657046453179],[-115.78938717287055,51.071994241118986],[-115.80363082482914,51.06963007883141],[-115.81392437590769,51.08600774048149],[-115.82707247735303,51.08273342395959],[-115.83458428079156,51.07542251487686],[-115.84355191398652,51.076117491056316],[-115.84867986145522,51.081788649706944],[-115.85961208092259,51.07869726526808],[-115.8698743960037,51.08994401008094],[-115.87507901158465,51.08665091927464],[-115.88969101731401,51.08630000481856],[-115.89746694219232,51.08734081624474],[-115.90081715369143,51.092381310428046],[-115.90620918972049,51.089602178667064],[-115.90483658006463,51.08363315173223],[-115.91579983806106,51.08350688454881],[-115.92412051569183,51.08958553069171],[-115.93012284095997,51.08937672616646],[-115.93490303602923,51.097798669386094],[-115.94957300554603,51.09936421946977],[-115.95731621180029,51.11407656959454],[-115.96840270521243,51.11621622671509],[-115.96932083727046,51.12182673115455],[-115.99927197068834,51.12904715782774],[-116.01078660982844,51.12686400222418],[-116.01479729801365,51.13620218623118],[-116.00991538823563,51.14258165312573],[-116.00916261008031,51.155038957795476],[-116.01751003141223,51.15598378815496],[-116.03524468454684,51.16889864786716],[-116.0246607710497,51.1754923165261],[-116.02132578599158,51.18728660044603],[-116.00672231332982,51.19009808216608],[-116.00086886608209,51.19556464290375],[-116.00846245618534,51.21036391122863],[-116.00372271630916,51.21505368770447],[-116.00840754269359,51.22225147285344],[-116.01913731674001,51.22341198814091],[-116.02669327310016,51.22077396512985],[-116.04976327322436,51.22803842538202],[-116.06616395432548,51.24897539062979],[-116.08049914250024,51.25222720651983],[-116.0972333966929,51.25113549862938],[-116.14446148799783,51.264797836870834],[-116.15394228061058,51.263922549250516],[-116.16013715735505,51.276862101271746],[-116.15404889991896,51.28751907983018],[-116.1596095004219,51.29085029034256],[-116.16175569300614,51.29663870576561],[-116.17433897815349,51.297996011465955],[-116.18205865868055,51.2954154586807],[-116.19066634021888,51.301191328739456],[-116.20440305059606,51.29578621579813],[-116.22039099361498,51.29406732299859],[-116.22964627601472,51.30201250546841],[-116.24488815121373,51.3017123805478],[-116.2679720756351,51.31162146613641],[-116.2749474703525,51.31895451339175],[-116.27676187902016,51.32869224299959],[-116.28557769428866,51.333730988717804],[-116.30649968189697,51.32849142327613],[-116.3068968138902,51.32246004747742],[-116.30076024399617,51.31170192686072],[-116.29051987644445,51.303694250839406],[-116.2834699066325,51.28660211979999],[-116.2827621414184,51.28232648585756],[-116.29106588049123,51.271661331486975],[-116.28247879705745,51.25991510706299],[-116.2697045999325,51.25759804197436],[-116.25509942464825,51.245303495154424],[-116.25859227527818,51.234794701173044],[-116.27269202224953,51.21589640797549],[-116.30161206547541,51.2152053101907],[-116.31836511602798,51.222228154348926],[-116.3327848302064,51.20850007855841],[-116.34355421577483,51.207657765067935],[-116.3469458367696,51.202564110091025],[-116.34453730576564,51.192298400147585],[-116.34001986226727,51.18762696874011],[-116.34094256351912,51.175771263966176],[-116.33124719246565,51.171226057992016],[-116.3145524434092,51.172208515798935],[-116.30454286036515,51.16679797273867],[-116.29138539268025,51.165380148821555],[-116.28834017035892,51.15600957124127],[-116.28248251514039,51.1504554378248],[-116.26607252934026,51.147812763252126],[-116.25619502392323,51.141680471220475],[-116.26200960638359,51.1303438576697],[-116.25955382604008,51.12483393639541],[-116.29623853540409,51.10207870704362],[-116.3025640771901,51.08890363988419],[-116.32919194695027,51.082126240652805],[-116.33142092106523,51.07803842593195],[-116.32669686662116,51.07107808519472],[-116.34241791736349,51.0645940382758],[-116.35340313365269,51.06895074830245],[-116.36703265943942,51.06481985025543],[-116.38285728984935,51.076193048673964],[-116.39670651095528,51.07964352215662],[-116.39806116664903,51.08440752501358],[-116.40897227825484,51.083901666356624],[-116.41323312952515,51.0772607037792],[-116.40058955719178,51.07104868884043],[-116.40070132758869,51.06865726032668],[-116.4061572782209,51.06575054845071],[-116.40811008817461,51.05748235908262],[-116.42282026167759,51.0482656585648],[-116.42933550957687,51.03739869961622],[-116.40478526426308,51.025460033183535],[-116.40399296657374,51.017191822521816],[-116.38053531991594,51.008925533769265],[-116.37773339668293,50.998997792425484],[-116.36058514201684,50.99100968297393],[-116.34998168172098,50.980987317967625],[-116.33927637248657,50.980468634568616],[-116.33090026990901,50.973517588761716],[-116.32930744831793,50.95884439288075],[-116.32120630346483,50.95217097042806],[-116.4433969771544,50.950653820683435],[-116.44328594292507,50.936038353482175],[-116.49233667291247,50.93815354204172],[-116.49362851128586,50.93607890603829],[-116.53664896948399,50.93613521606285],[-116.53666007510874,50.92359768809612],[-116.58321660533527,50.92162310041293]]]}},{"type":"Feature","id":1328,"properties":{"LGL_ADMIN_AREA_ID":221,"ADMIN_AREA_NAME":"Regional District of Kootenay Boundary","ADMIN_AREA_ABBREVIATION":"RDKB","ADMIN_AREA_BOUNDARY_TYPE":"Legal","FEATURE_AREA_SQM":8163546250.7359,"OBJECTID":1328},"geometry":{"type":"Polygon","coordinates":[[[-119.15310442378423,49.763561616404544],[-119.16430810140449,49.76357688489103],[-119.16657793684904,49.758419398580095],[-119.18869306204559,49.75794606261638],[-119.19400531941484,49.76150671227068],[-119.19975916739766,49.75670489706116],[-119.19781965274161,49.75096759618741],[-119.21011691029643,49.7536381193188],[-119.21021147540932,49.7444188800515],[-119.21513811585534,49.74804589793034],[-119.23274658202645,49.74362373896033],[-119.23469487647942,49.74037372880402],[-119.2404901456826,49.74303837778411],[-119.25345422277778,49.74145046479552],[-119.26100534846884,49.745927006124944],[-119.2610625481156,49.73521512330562],[-119.26851279007164,49.72890439631274],[-119.29416215483243,49.72003004291304],[-119.29483117214969,49.71492823704271],[-119.30289198028915,49.70698590765905],[-119.31243767076488,49.705932030272],[-119.32421976864137,49.697624921209055],[-119.33360897735544,49.69817667652099],[-119.35888661508461,49.68757407335644],[-119.36686380326202,49.680148635143006],[-119.37725985883631,49.67869415806151],[-119.37175717340672,49.67159240407404],[-119.37102896986272,49.659184095807426],[-119.37397745062705,49.651210319647355],[-119.36786319433237,49.63821664468917],[-119.35750232786107,49.632356997109596],[-119.35035281171486,49.63197667993232],[-119.3595697045163,49.61565352726882],[-119.34277196328922,49.60201230006242],[-119.3490777409991,49.594690722391306],[-119.34645027281458,49.590695897778865],[-119.3497791126582,49.580202086368],[-119.33793490411409,49.567085152065445],[-119.34069028057297,49.557764619663125],[-119.33300614820413,49.55515512529141],[-119.32945436148195,49.53937488662734],[-119.32286820559479,49.53704346171672],[-119.32405665598544,49.53208381243173],[-119.31155206268659,49.53011543164249],[-119.3024313097166,49.523373504434325],[-119.3045072238344,49.510800810464275],[-119.31053188240604,49.50437441348682],[-119.30100210321912,49.5037741610254],[-119.30082087611905,49.385246604955135],[-119.28749700932767,49.38060627634297],[-119.28865995232425,49.389126544462094],[-119.2823552212576,49.383927556314084],[-119.24370602015722,49.377743486569166],[-119.2418816185913,49.37600367723074],[-119.24891431638846,49.369296875744794],[-119.2523955382954,49.360568830566145],[-119.25847558904151,49.3577283194913],[-119.26077484504039,49.3470669290385],[-119.2373303002974,49.340023563441164],[-119.21013781473887,49.34332975022999],[-119.20341604093049,49.33771864650458],[-119.20922311045778,49.32351985239221],[-119.17523790528033,49.30904234897706],[-119.1794377292564,49.29945430418597],[-119.2029345782809,49.29012936325881],[-119.22231004655947,49.27802718215447],[-119.22689956944785,49.26239034811747],[-119.23548217679536,49.25527344491628],[-119.24117804212997,49.240670101038674],[-119.22070040951328,49.22952356346257],[-119.21360198674812,49.22130236567321],[-119.19624876635591,49.2155403101459],[-119.1786931151775,49.21708741520105],[-119.17764081425835,49.21338582756549],[-119.18177405454975,49.21088780803999],[-119.18288473462054,49.2039936906773],[-119.1898252089148,49.198248587992616],[-119.19570212253961,49.200999764464505],[-119.22103798351333,49.194467606020865],[-119.22313119272121,49.18451339309531],[-119.2374302662056,49.17748088469559],[-119.24468780027979,49.16868449651836],[-119.25381507202351,49.166312516968446],[-119.26171830988417,49.14736448655768],[-119.2752585564438,49.1433058569423],[-119.28407528045932,49.136432358254815],[-119.27087496508815,49.116770777331205],[-119.27764748066018,49.11102951244527],[-119.27407060239845,49.10120296076344],[-119.2845975928281,49.10242643908779],[-119.290684589564,49.099228961052965],[-119.2896618646576,49.08831852419076],[-119.29642261027583,49.08759638818507],[-119.30130333955461,49.082203069661865],[-119.30131096089757,49.00734360218189],[-119.29512924098817,49.00734741300991],[-119.2950676445439,49.000087069122415],[-117.46905125690145,49.00055191047082],[-117.46619109642317,49.08826675458534],[-117.51607442028448,49.08820580386136],[-117.51675398628481,49.09378212931142],[-117.5169591453255,49.12414083669004],[-117.51118420420379,49.124162707044064],[-117.51115331374739,49.139104960121905],[-117.50555917087516,49.139125508263795],[-117.50561523080016,49.14952420737657],[-117.50009529558498,49.14952465496356],[-117.50009613405622,49.16041061498749],[-117.48410328039557,49.16339011042485],[-117.48411095523592,49.17045731566643],[-117.47250467366756,49.1713708099163],[-117.47253818413544,49.17487147656059],[-117.58277082487008,49.174632337392204],[-117.58276504163855,49.17865203544746],[-117.67504231540507,49.178679994637235],[-117.67496602693448,49.20776798582588],[-117.68092840078509,49.20981648287758],[-117.67378048549224,49.22439521442742],[-117.68737868501033,49.22460390566332],[-117.6874189816379,49.22822334256371],[-117.70369261973812,49.228241466475424],[-117.70369262931496,49.26372131467979],[-118.13480669681358,49.26370552994344],[-118.13894612622511,49.27251242003638],[-118.1452239623034,49.26999659768791],[-118.14690647394342,49.26133526713999],[-118.16116471992054,49.25687499670293],[-118.16181525204186,49.25017580814953],[-118.17154882769222,49.24514996803564],[-118.17743177783983,49.25147196214473],[-118.18131583293682,49.26758221286789],[-118.17790565681908,49.27414175117223],[-118.19044604600421,49.28007316303433],[-118.1981802352838,49.27985327967547],[-118.19826794671629,49.2839772952669],[-118.20995851428555,49.29419123966607],[-118.20639752330779,49.29931090752271],[-118.21318511374254,49.30797441387475],[-118.21423724557391,49.323912245869614],[-118.24039616233229,49.34012701494054],[-118.24263168608701,49.34592801951467],[-118.2404814118121,49.35623284383877],[-118.25358850917969,49.363345697129446],[-118.25211986429218,49.377282433824426],[-118.26465374485532,49.388974877440816],[-118.26728638913089,49.3972127615555],[-118.25835409050013,49.402554601982324],[-118.26091619202788,49.41235555721642],[-118.27398419200253,49.420278093360324],[-118.26130833805932,49.42263590925029],[-118.25480064034987,49.4451978854713],[-118.27044705249216,49.46199807857427],[-118.2830841555864,49.468413082917],[-118.28149252063012,49.47647546659354],[-118.2883236230118,49.490539047634975],[-118.2871474718156,49.4965899143149],[-118.27574824326615,49.510061046526985],[-118.27797003532167,49.52458169034904],[-118.27097359024431,49.533174165797476],[-118.26053572298122,49.5362687420298],[-118.2581885102224,49.54874352269107],[-118.25086394476224,49.55275778745452],[-118.24483903998227,49.562374539509484],[-118.24857299190401,49.5817186633646],[-118.2543536840841,49.58643552123111],[-118.25493371819462,49.59795785962253],[-118.24702460189937,49.60527533864806],[-118.25139362616191,49.6095967595285],[-118.25094661070563,49.616287872999266],[-118.24194055602995,49.63505842311653],[-118.2469085605758,49.64611279048845],[-118.24575603720697,49.66150254063501],[-118.27245584413922,49.662884239717584],[-118.27378498042661,49.66814665244483],[-118.28312087602276,49.67586016303311],[-118.27892528830937,49.682658763050824],[-118.28221959521335,49.69218691559401],[-118.27976033513919,49.69833064839479],[-118.27535078178055,49.69828235468159],[-118.27266469602134,49.70876494601359],[-118.27364420176592,49.71422005783875],[-118.28221148977396,49.71769648798169],[-118.28020667011172,49.722701818954214],[-118.28457962051606,49.733312292463054],[-118.28254231494488,49.74125232445867],[-118.29504417949055,49.7422145915708],[-118.29598168873133,49.744581733845635],[-118.29682837101032,49.74874585619931],[-118.28412025110006,49.76030684506904],[-118.29759111023435,49.768369991388106],[-118.29046071990192,49.774356214423484],[-118.28559367036878,49.78743174476989],[-118.2970747483633,49.79544405080352],[-118.30229346682408,49.808176043839765],[-118.31156140639968,49.811510508386846],[-119.05523829409714,49.811984571917954],[-119.05101723312134,49.810195359548715],[-119.05571750693564,49.808201044861676],[-119.05714160567966,49.80193900875497],[-119.064274672628,49.799660244331875],[-119.07353184195134,49.791095257540306],[-119.09117023768152,49.79492303926227],[-119.10335692147324,49.78882841958824],[-119.10643421559705,49.7913661697157],[-119.11437029823757,49.79063387696142],[-119.11198264330717,49.797073161831676],[-119.1183134340339,49.80319635915103],[-119.11481169995575,49.80927025465291],[-119.11643532593179,49.81600612012481],[-119.13458279210276,49.82928816125376],[-119.14007677640775,49.825639641974675],[-119.15309463428788,49.82520138336528],[-119.15310442378423,49.763561616404544]]]}},{"type":"Feature","id":1329,"properties":{"LGL_ADMIN_AREA_ID":235,"ADMIN_AREA_NAME":"Regional District of North Okanagan","ADMIN_AREA_ABBREVIATION":"RDNO","ADMIN_AREA_BOUNDARY_TYPE":"Legal","FEATURE_AREA_SQM":7715554993.7015,"OBJECTID":1329},"geometry":{"type":"Polygon","coordinates":[[[-118.31350156036711,49.81198024149698],[-118.31511667446136,49.81549985530444],[-118.33215320716768,49.81798270273974],[-118.33490090277893,49.820838390188655],[-118.37648409932629,49.824300637566736],[-118.3797519331621,49.837025330453685],[-118.377825725411,49.840312335074486],[-118.3840807449021,49.85274148390813],[-118.37876855443488,49.86259104850958],[-118.38442075018472,49.87145542009328],[-118.36726685669427,49.875274874364585],[-118.35920118131244,49.88212771601761],[-118.35938849755003,49.886704805606854],[-118.35336737568119,49.89369712640625],[-118.3756546702014,49.90704672485371],[-118.37609356695864,49.913388732072306],[-118.40957132005889,49.90802453128895],[-118.41722497718993,49.91260745821771],[-118.41897757215663,49.92206838747769],[-118.41481794181377,49.93390418319339],[-118.42263106277291,49.94106226306161],[-118.41858039828887,49.943395508517256],[-118.41948634318874,49.96046517240623],[-118.4123634411729,49.965768988494304],[-118.41573264976326,49.97308747605664],[-118.43051943608135,49.9786455855995],[-118.44176317963544,49.97341245051766],[-118.46449763374343,49.976683496913985],[-118.4724774663824,49.984512711040196],[-118.47225591303959,49.99964440560546],[-118.46943163631225,50.00312413100241],[-118.45100423460238,50.00336605984972],[-118.44799441425984,50.00846959164921],[-118.43804553132101,50.004957542001264],[-118.43138949364624,50.007333463652195],[-118.4322492686026,50.01126945084522],[-118.45118287268471,50.02505264566304],[-118.48934072191147,50.02915334334558],[-118.49707248736105,50.03439979474041],[-118.39983952208944,50.03440506866343],[-118.39941969095464,50.07896847992574],[-118.38200282835747,50.078016967499764],[-118.3829104647396,50.08235943543197],[-118.37559208188337,50.090874123443356],[-118.35114304478184,50.09384658827319],[-118.34060143499377,50.09998102748637],[-118.29582702326495,50.095812402934875],[-118.29235034842841,50.10130371263407],[-118.29585039038552,50.113492934862755],[-118.29064203363687,50.12971564646867],[-118.29342830755434,50.13688005017746],[-118.27992754823245,50.144518846895444],[-118.27628078301947,50.151471537689],[-118.27727571014591,50.156882110300664],[-118.25353573137185,50.16878825623198],[-118.25985814314086,50.183964958655864],[-118.25400894214889,50.18734210225311],[-118.25322925784972,50.19133092201945],[-118.24307135184948,50.194534052942],[-118.24396603723945,50.19984899944858],[-118.23773816634701,50.20664212188236],[-118.25061579301287,50.222136958423675],[-118.25737594126782,50.224033703228415],[-118.26113066783299,50.229611313337834],[-118.26575746091393,50.241786965437676],[-118.26317273460093,50.24746336344091],[-118.26995949166329,50.25266890534902],[-118.2692497462492,50.25904145757446],[-118.27389751967245,50.26988538947194],[-118.27477038837544,50.27997611414869],[-118.26703254524762,50.29197779063501],[-118.26746428950955,50.29607434266479],[-118.26385180350886,50.29856903418442],[-118.25388156298199,50.29746282769344],[-118.24978639287167,50.30109752196374],[-118.25803038754597,50.307833024503566],[-118.2618316165815,50.31644103218108],[-118.25693843273311,50.32524614750702],[-118.26177934922134,50.33008841344877],[-118.25741572831227,50.33510934129891],[-118.26769374880224,50.34008829794295],[-118.29296392627315,50.338439956757966],[-118.30557798281905,50.34131497288037],[-118.29137732329112,50.37090367303106],[-118.29798238180116,50.37921944593585],[-118.29469682274173,50.38528197151419],[-118.28027066999229,50.394399556088416],[-118.26655808371201,50.394240894356905],[-118.25465604806554,50.39894574725096],[-118.27573086261435,50.404356659452134],[-118.27166243989674,50.41499094327666],[-118.27002004779537,50.435859524631674],[-118.21874610185841,50.43558647898195],[-118.20836474185404,50.438779611697804],[-118.20960358379386,50.445760876814816],[-118.20189500441077,50.45078130878884],[-118.20267449995552,50.45529009947266],[-118.20787313192609,50.466304524773555],[-118.22174395394727,50.47216852257316],[-118.22050213421177,50.47611680000658],[-118.21103163192248,50.48091443317752],[-118.19377239166768,50.47560659340082],[-118.19003291464438,50.47729073828626],[-118.18697013997527,50.487806634633],[-118.17234653971724,50.49539458973343],[-118.1746855097504,50.498743618432265],[-118.18830859218178,50.50107559440953],[-118.19619159176031,50.50804087734947],[-118.2084652642539,50.511447608841635],[-118.21076551229176,50.51535692780732],[-118.20484707751872,50.5214950245536],[-118.20377390927005,50.5314350712843],[-118.21625732628279,50.53895889056174],[-118.20133236228301,50.55252327366805],[-118.19015895001333,50.54943030468268],[-118.1805783855367,50.553415056950286],[-118.17877123390234,50.55806004412309],[-118.18235732699009,50.567655775829294],[-118.17690001966336,50.57179811912973],[-118.17787844562643,50.57831353136842],[-118.16253731826546,50.58969155767156],[-118.1684551175558,50.593049873628686],[-118.16961086014993,50.60661843833486],[-118.16296949317199,50.61200705615005],[-118.17998595258747,50.62533112513908],[-118.18295051031212,50.63548164713803],[-118.19553022767187,50.634130134522046],[-118.20205851762721,50.638931420549255],[-118.19995471658245,50.64665448208281],[-118.20650079504608,50.654824871024374],[-118.17467511267327,50.66599907218191],[-118.18042448233373,50.67237724247656],[-118.20114887011451,50.67443482739268],[-118.21397299222782,50.67961404675582],[-118.21383983532907,50.68377937296216],[-118.20306137431955,50.69683259402811],[-118.20321017481679,50.70092603100519],[-118.21327032611289,50.702860244481144],[-118.20732913477453,50.70844984346388],[-118.20983476737291,50.716287048688685],[-118.20755320462256,50.723601294261236],[-118.21118677607639,50.729169443064585],[-118.20676889140148,50.73645486787508],[-118.22680454413714,50.743386467685184],[-118.2362287229217,50.75290077137956],[-118.24399772214211,50.75516540312342],[-118.24313076796389,50.76162483880429],[-118.25155451859327,50.769347904965876],[-118.24796797988645,50.774908218432344],[-118.25678809638676,50.78312629026008],[-118.25792373924223,50.79161267737153],[-118.2612952578173,50.79422627906118],[-118.25461393728078,50.7974729510193],[-118.26871035145402,50.81083533915129],[-118.26754324092771,50.81433040331876],[-118.25965600884,50.8176953626199],[-118.27403098811844,50.82999787259617],[-118.26800832230016,50.83936245048529],[-118.27763960497845,50.847225359428066],[-118.28701117059741,50.849835315131244],[-118.29476787429037,50.861983238567866],[-118.2921938862285,50.87201916306788],[-118.28397417885631,50.87512459447763],[-118.28322873995478,50.87920669067145],[-118.26585712733251,50.8848871873021],[-118.2737244119709,50.898291282136995],[-118.28191373945447,50.89534582538136],[-118.2846016638371,50.89019019171849],[-118.3187949271725,50.887770424093105],[-118.32734212682665,50.882184708077034],[-118.34979665569139,50.88785369623698],[-118.35657108067319,50.88270299031947],[-118.37502633192278,50.88907005579069],[-118.38265183652513,50.885382694027406],[-118.4039819502229,50.88380006151034],[-118.41320507572749,50.88478293245403],[-118.42257444973744,50.89195362969155],[-118.43412051343103,50.89350207138838],[-118.4489852196523,50.90252856217885],[-118.47803611359961,50.89711911338068],[-118.48741219884528,50.899148406676005],[-118.53848144176203,50.93630124991142],[-118.54499241496897,50.93249205617986],[-118.55320886151496,50.93420267835738],[-118.56984823040594,50.928485233199126],[-118.57851340336283,50.92933866476409],[-118.58259975396012,50.923158899856084],[-118.58976828847302,50.92177845151544],[-118.59919737118479,50.926585011736336],[-118.61781765853732,50.92557301901709],[-118.61841601711146,50.91575297547234],[-118.61137593687702,50.9071637702734],[-118.61600892678986,50.89919754340195],[-118.6124190525354,50.8961404720189],[-118.62207790153452,50.88686035012727],[-118.6263043531717,50.886378839924404],[-118.63820637980712,50.86364184895298],[-118.62690155856116,50.855720891439624],[-118.63195004174013,50.849157110543175],[-118.65355328991838,50.852910009864026],[-118.66688853115019,50.848501311451585],[-118.6712907420022,50.83926695426141],[-118.66527980995808,50.83360004846698],[-118.66414977720362,50.825031356256844],[-118.67453955285214,50.81460304373056],[-118.70434397995838,50.81168014793652],[-118.7142032248591,50.815642741468906],[-118.71867198082832,50.81336755996508],[-118.72379026118666,50.825532313314],[-118.75207658671835,50.8228694845388],[-118.77479076952332,50.826188516652],[-118.78127636590484,50.82435288845015],[-118.78331367615115,50.806893046161626],[-118.81209049656375,50.79457780602275],[-118.81417044704853,50.784365569887534],[-118.82722711820762,50.78064415844519],[-118.8310323084191,50.77564689746869],[-118.82969024527154,50.769527220439464],[-118.83248079514712,50.766052767309304],[-118.85103242436037,50.76631035349729],[-118.85950476909055,50.75759844171895],[-118.87644513281411,50.75762982026102],[-118.88086340954268,50.751950461925034],[-119.18135013826088,50.75080177296203],[-119.18426782550304,50.52944036152189],[-119.30842297121065,50.52843198081257],[-119.30832596635132,50.500376419062654],[-119.29697422043168,50.50036109220117],[-119.29709522897097,50.49315094772172],[-119.26307310205873,50.49288456345367],[-119.26343930256499,50.485448369551385],[-119.29747495645135,50.4856127598425],[-119.29807840275691,50.471523671227764],[-119.33068406468324,50.47069939341992],[-119.33078404757214,50.441359735100484],[-119.31940922587695,50.44127844641456],[-119.31919157834368,50.416155678076656],[-119.44646179617482,50.41635121494271],[-119.44632681680619,50.43094703020175],[-119.5264352895952,50.430970267919236],[-119.52643746015184,50.445446035818286],[-119.58393274230056,50.44531916035119],[-119.58474534918048,50.43084159189366],[-119.60691522642522,50.430823100530944],[-119.60703441912652,50.41635196830057],[-119.62989513344428,50.416313880757386],[-119.63002231349381,50.402031326392624],[-119.64133598209361,50.401849881913705],[-119.64331786814738,50.38810633842809],[-119.63410925741377,50.374273805904565],[-119.63920384913797,50.37052416132222],[-119.64834025171592,50.37042429730874],[-119.64803192992939,50.361184186327336],[-119.66266203651162,50.36246009113592],[-119.65829540678084,50.356290335098755],[-119.66505627753017,50.347550970328754],[-119.67445908891065,50.348212509953875],[-119.68079110757711,50.34479630822465],[-119.66971822534234,50.336097865708055],[-119.67929729609834,50.33482494121788],[-119.68126148921847,50.32969126357387],[-119.69417283228655,50.323926427021384],[-119.69810220523337,50.3253284887324],[-119.71109038373791,50.320969234981355],[-119.70959466971523,50.31492923010953],[-119.69728290395845,50.30589945844644],[-119.69002244910955,50.307301167110104],[-119.68092357575433,50.30421816418248],[-119.6851600718287,50.299640623709834],[-119.68491666721545,50.29423901103591],[-119.68963962711733,50.289429152656936],[-119.70141064016144,50.28802859957636],[-119.70390566402997,50.281847645911874],[-119.71451983998934,50.27487748477774],[-119.72582158825725,50.260669798254256],[-119.7496242794936,50.26130512029974],[-119.75427152062514,50.25716000803125],[-119.75244843557617,50.25309426028286],[-119.75609692309453,50.24597620408163],[-119.76364912042985,50.239514691723244],[-119.76043141471752,50.23561830240258],[-119.47160132322506,50.23487126320522],[-119.47185117577308,50.231277824790126],[-119.46009999517022,50.231125237306],[-119.46024490545068,50.19025672000622],[-119.47403151460675,50.178310367983585],[-119.47713689237939,50.15294551053068],[-119.1229099291457,50.15146247501019],[-119.12881806870148,50.14685082816836],[-119.13441071902031,50.14817233532997],[-119.14215539358167,50.14167625788792],[-119.1437672835077,50.12520470408743],[-119.13979041519927,50.12098348768015],[-119.14850092947333,50.1134327002473],[-119.15023710432017,50.10490026585194],[-119.1569539871381,50.09820526387131],[-119.16040286713243,50.10057876247494],[-119.16214312256625,50.09540220055393],[-119.16874782750733,50.0922746108372],[-119.1732582340275,50.078102975714565],[-119.16559152757604,50.07378076073311],[-119.16571973879925,50.06683816977148],[-119.17950592530563,50.05836750960711],[-119.17846467696681,50.051934572503114],[-119.15502498213138,50.05053133392],[-119.16059448089051,50.04711455488309],[-119.15928332749503,50.04280032899971],[-119.14637370733526,50.03777876121438],[-119.13647721200087,50.04118667420851],[-119.13146349340326,50.03678236297891],[-119.12478859157869,50.03616621014138],[-119.11062851976106,50.04032855222801],[-119.10906195444478,50.05079129985511],[-119.07410927048198,50.04505893570594],[-119.06987630208599,50.04756918565274],[-119.03739403386417,50.04389851077205],[-119.03409273788589,50.046975748308775],[-119.0095970798243,50.048437033803516],[-119.00410496989345,50.045698620685805],[-118.96995394685095,50.044700396000785],[-118.9493039353811,50.05498052513207],[-118.94018855922722,50.047277781932756],[-118.92704050976661,50.04389194648685],[-118.91753868549046,50.0511922947732],[-118.90235780019913,50.055220015918984],[-118.889009541961,50.05095166560329],[-118.87892291819799,50.05387585270969],[-118.86218263253885,50.04587748845269],[-118.85982898958171,50.03806676001408],[-118.83218115110897,50.036710697959215],[-118.82561201386635,50.0271978093555],[-118.81871883208436,50.02308151402313],[-118.81554593657972,50.02606950936576],[-118.79984577807,50.02093249508568],[-118.79870284990758,50.011988169256796],[-118.82597388698086,50.0012270568599],[-118.81713800622485,49.99882026786119],[-118.81385902104115,49.99264716032785],[-118.80691583012167,49.993182868873745],[-118.80641758703965,49.98879656249825],[-118.79906396852996,49.98838915555244],[-118.80342068728217,49.97879595569752],[-118.80187206730483,49.96808316120821],[-118.79750038468191,49.96602921705542],[-118.8068840546416,49.961777732191614],[-118.81018638994215,49.95590286620796],[-118.80889533356856,49.95153417973439],[-118.82384151007959,49.94949209146371],[-118.84580254283827,49.95781871318911],[-118.85522640088952,49.957383494160055],[-118.86300122076909,49.94224128473146],[-118.87014318675598,49.943228699357284],[-118.87380005413273,49.93892804024439],[-118.9069386932748,49.92953868049603],[-118.91123309321974,49.9204459617325],[-118.89769884105571,49.91566705617725],[-118.90179018214414,49.90635411404987],[-118.91056095749872,49.900973777556985],[-118.9312121064709,49.904427494733994],[-118.92906055978948,49.912364976628645],[-118.93106827369706,49.91593757588208],[-118.96564042032576,49.903749874571545],[-118.96446344886121,49.89946117693425],[-118.96865663660724,49.89881435240241],[-118.96744471665299,49.89503898315131],[-118.97324813618313,49.891777055236496],[-118.9702877925571,49.880968293914485],[-119.00222842871234,49.86031169612012],[-119.00627600379362,49.848255084047906],[-119.01512019759566,49.85289607074744],[-119.02410153372446,49.85204691456828],[-119.02288411959599,49.84488098484167],[-119.03325736147465,49.843134256176],[-119.03197250740084,49.834053597686015],[-119.04326319896838,49.82906056868373],[-119.04131001123129,49.825092098961655],[-119.05527140110301,49.81283655398292],[-118.31350156036711,49.81198024149698]]]}},{"type":"Feature","id":1330,"properties":{"LGL_ADMIN_AREA_ID":247,"ADMIN_AREA_NAME":"Regional District of Alberni-Clayoquot","ADMIN_AREA_ABBREVIATION":"RDAC","ADMIN_AREA_BOUNDARY_TYPE":"Legal","FEATURE_AREA_SQM":8829604735.8807,"OBJECTID":1330},"geometry":{"type":"Polygon","coordinates":[[[-125.23327047527906,49.490331546763045],[-125.38371103005932,49.60880817982232],[-125.39543887909151,49.60313012892382],[-125.402081236803,49.603659103407466],[-125.40190103403664,49.599335801715256],[-125.4065691025047,49.595289568804255],[-125.40263471913944,49.58982784321176],[-125.41021004392007,49.5819327385074],[-125.39247067406359,49.5716167930072],[-125.38933248305182,49.561741111350194],[-125.37359077803144,49.549983646172365],[-125.37568639995885,49.54102559946842],[-125.38544549686817,49.53937037158923],[-125.39778874296483,49.54800216188094],[-125.41542466737131,49.54662963209113],[-125.42934696910793,49.555231092308624],[-125.4385287119243,49.55078574241335],[-125.44657814512539,49.53465573837867],[-125.47367084199492,49.527582197120815],[-125.48349868586409,49.51915809020417],[-125.48531629195269,49.51031182426363],[-125.49206083308037,49.50574055151729],[-125.49271008762803,49.48318215282735],[-125.49693548027423,49.47827001084996],[-125.51967996082216,49.478575175365464],[-125.54425434751982,49.48913629265549],[-125.56123192165282,49.48868044073135],[-125.56534995305209,49.49022944638764],[-125.56820567668925,49.49755896045898],[-125.58293271883008,49.49919405661119],[-125.59660733445239,49.506354647819066],[-125.61722021143838,49.50134673273472],[-125.62259241712582,49.49512549741616],[-125.62900090488759,49.4935775122797],[-125.6341283355894,49.49695736347724],[-125.63295258163197,49.509302102403396],[-125.63545014371397,49.51318557243954],[-125.6453988947859,49.51746552207859],[-125.68065139920067,49.510949865453284],[-125.6929740084246,49.51626123387988],[-125.70311097120127,49.51193532468048],[-125.71575559679444,49.51477972568895],[-125.72408713155227,49.51165289562586],[-125.7489844533757,49.518305696355654],[-125.76564121267351,49.513997981746286],[-125.77063087253119,49.51810084725386],[-125.77035161664612,49.526414255927996],[-125.78010165846385,49.53118225233977],[-125.77805729004989,49.534698017473474],[-125.78326082860879,49.540804414792454],[-125.8060875831435,49.5446189783537],[-125.80862406799982,49.54071289983968],[-125.81707242821172,49.53953575108511],[-125.8400962388472,49.54580984180535],[-125.85044894439714,49.53889466891489],[-125.86701026874398,49.54492370483839],[-125.88866634884735,49.544086807908116],[-125.89416651973733,49.5475518817813],[-125.89391208127313,49.55525331372765],[-125.9114907001288,49.55977813295452],[-125.91901171140738,49.56581115676644],[-125.93755785394663,49.56732673978335],[-125.95132136094774,49.572983014333296],[-125.95600326871774,49.582489803707865],[-125.96936079222081,49.58507648679656],[-125.98425899288318,49.57801847918433],[-125.99730797369355,49.58280652027095],[-126.00509217915236,49.571862522771404],[-126.01337127953795,49.57148087377702],[-126.02163498972493,49.57778574596326],[-126.0279237104436,49.57708286933738],[-126.03722914640444,49.569414627139096],[-126.04537945067594,49.56835464299],[-126.049369315142,49.55890411413232],[-126.0665454666194,49.55179398330131],[-126.0857225177415,49.55872648101941],[-126.09581644692044,49.5717045821536],[-126.11472455680205,49.57114928907518],[-126.12196597802628,49.565631941624154],[-126.14288292495277,49.57036900055216],[-126.15077294261589,49.57901535652026],[-126.15881195632572,49.57218089744894],[-126.18472104661728,49.567426669320575],[-126.1891752296506,49.555439792807285],[-126.19574698419345,49.55739863644426],[-126.212615207685,49.552608536391396],[-126.22655885851343,49.55984205310667],[-126.24773957538183,49.555049234709124],[-126.25712985719872,49.56022034621947],[-126.26136055756858,49.57111624913674],[-126.25971899343098,49.575725472153636],[-126.26374657858173,49.57791998078341],[-126.27298744502573,49.57074325566146],[-126.28355555575406,49.57299214632814],[-126.28652184345981,49.58025583298288],[-126.31265301046068,49.593793592788735],[-126.31812119266398,49.60284478540887],[-126.33369638384569,49.607612994795815],[-126.33807769764144,49.606472420857834],[-126.33896296678078,49.598267242236325],[-126.35121865448555,49.599763019367415],[-126.35734920996524,49.59637073359927],[-126.35490349466657,49.585129533100115],[-126.35797798351618,49.579361251641124],[-126.36767759298291,49.571974611589845],[-126.38221879479427,49.57083826379874],[-126.38751360671817,49.56217768466456],[-126.40214861728869,49.56349393657315],[-126.40714484387475,49.57195751651525],[-126.42275224987492,49.57647056823419],[-126.46288549935647,49.5787622538592],[-126.47966203148363,49.57000697726365],[-126.50062662123877,49.552514708928896],[-126.50207373881348,49.54150405417521],[-126.71134250585591,49.54152283040735],[-126.67890554159499,49.53167731489434],[-126.65165427346385,49.531282248943434],[-126.63677430176286,49.534480351791736],[-126.63362955193922,49.520493531546606],[-126.62488882149815,49.50852086122689],[-126.62536083840702,49.50197304084463],[-126.63323173510851,49.49154158997004],[-126.6379632374666,49.47678332108425],[-126.63913386559894,49.45779694991031],[-126.6320706991996,49.44222438542477],[-126.64114147409444,49.42775347679999],[-126.6417279168637,49.40862099800752],[-126.63450981554493,49.39429880166372],[-126.61772777946915,49.379179532732294],[-126.608307326926,49.355745022050044],[-126.59404214809302,49.343893386228785],[-126.57443934953416,49.33594115355002],[-126.55186038006808,49.33284541823277],[-126.50202172604452,49.33635024096423],[-126.46452117919215,49.334247635352156],[-126.4328820343823,49.343050810627126],[-126.41745480791248,49.35426260480807],[-126.40962927681912,49.366515874831435],[-126.39465918970853,49.36384655266388],[-126.37718084496157,49.34647815214104],[-126.3545664426696,49.33602398884446],[-126.32486491239402,49.31304214873228],[-126.30041861702519,49.303615618711454],[-126.29505996571363,49.295533937649836],[-126.2975068109712,49.28583422521456],[-126.2943198736638,49.27090353785628],[-126.27565025909738,49.25204643230122],[-126.22475350607004,49.22602980808715],[-126.19435978172741,49.219613267215905],[-126.1833150938659,49.21083739488259],[-126.16541650125374,49.20337673942365],[-126.15881289227606,49.18690305777233],[-126.16299919069887,49.17414957939445],[-126.15986435726447,49.15911697410734],[-126.1485994044634,49.145650256611475],[-126.12846682443092,49.13332669843545],[-126.09503758732251,49.1256869018296],[-126.06217821679274,49.113598704007195],[-125.99708361950972,49.10592806431085],[-125.97853318241835,49.094188339431426],[-125.95410514648003,49.087957873145804],[-125.94593452829571,49.07218246020502],[-125.927072364296,49.05687028410819],[-125.85134212695982,49.022754984341674],[-125.82494232671648,49.01859829076913],[-125.76845085062543,49.02153794582977],[-125.74568487014375,49.00893002209956],[-125.74027125593618,48.99143666271346],[-125.71884066642497,48.96657190923358],[-125.69925470820266,48.95693988208913],[-125.67345819095111,48.95167711106657],[-125.65171171819875,48.92901214163338],[-125.6021820619254,48.90133582695913],[-125.58493775392209,48.887562914519144],[-125.55563209526551,48.8784747685748],[-125.52322274953623,48.879359418020734],[-125.4673730745106,48.874381433973326],[-125.45218427604827,48.86426577993413],[-125.42847113176124,48.82221182136093],[-125.4085143599391,48.805420451085645],[-125.26009286709727,48.749055263779596],[-125.22979849994216,48.74006575877097],[-125.2030305911216,48.73814286914046],[-125.19152875856378,48.73363035114213],[-125.16910156966757,48.7050830574093],[-125.13511697660662,48.68460057772326],[-125.10451142038363,48.67757810274263],[-125.07227162919676,48.67818049680416],[-125.0487211750697,48.673903356841755],[-125.02664161831119,48.66589082058958],[-124.9745762797591,48.65715142915689],[-124.93697449670006,48.64298923752037],[-124.86963065482433,48.624985010886896],[-124.85124831471005,48.670001621656674],[-124.85343711059964,48.6847770851099],[-124.84734862072709,48.68787900845833],[-124.81979108207534,48.68942276315186],[-124.80198404345263,48.696580934311285],[-124.77491308920877,48.730450065129496],[-124.75615135888192,48.7407790682203],[-124.74162318738483,48.744850251384605],[-124.73663945414394,48.750505787669],[-124.73848232514364,48.758900077412655],[-124.73004782742493,48.7717069138069],[-124.69366099469964,48.79609330609165],[-124.68015328313491,48.814727549674714],[-124.68187186051028,48.82231870234406],[-124.66955594144525,48.83003222523185],[-124.67262477622569,48.833504441924944],[-124.66930508178456,48.84119945044808],[-124.65951010047299,48.83702651848864],[-124.64999105815691,48.84295123352417],[-124.64936718195825,48.84689486904308],[-124.65468510189197,48.853948973639156],[-124.65065052754555,48.85877277576312],[-124.65371882917182,48.86365638809381],[-124.65197317826927,48.86815404214337],[-124.64142353532499,48.86590663997168],[-124.63818284507099,48.86207409385904],[-124.61572340559239,48.87681038521863],[-124.6051464222413,48.87981974065546],[-124.58942515937574,48.87887692045342],[-124.58922181938173,48.88359959415307],[-124.582057383715,48.88881505764897],[-124.5718445099993,48.88974790975368],[-124.57091751940429,48.89799123684742],[-124.55889858320984,48.89490497291899],[-124.55499956797081,48.89737170277557],[-124.55042029512946,48.90181381480478],[-124.55065833496197,48.90814870306633],[-124.545201621151,48.910870367319696],[-124.54914205383241,48.92550269091449],[-124.5458722252275,48.927905333667965],[-124.54973676906582,48.93225202020999],[-124.54111534583555,48.93377735361973],[-124.54618471434758,48.939680969718836],[-124.64126514751685,49.01700747864421],[-124.62783779989977,49.01882041574469],[-124.60858050449639,49.01339463660178],[-124.60307886084821,49.01791823716365],[-124.60307872878583,49.020632324118466],[-124.60720536963501,49.02063227942367],[-124.60445421657863,49.023346410289285],[-124.6077257290083,49.03649988528265],[-124.61460605930023,49.03921348796798],[-124.61598398193283,49.04826024403303],[-124.62974843981176,49.05187660559149],[-124.62975188859575,49.05911408414997],[-124.62699876428943,49.05911469877054],[-124.63113322093831,49.06847630590208],[-124.63837723822415,49.07209281515532],[-124.63846004945724,49.08289721042122],[-124.63563025764,49.08294984519801],[-124.63563258998644,49.08656842627186],[-124.63012345245491,49.086569921286305],[-124.63013021395493,49.09742579951069],[-124.61359939392767,49.099238170260044],[-124.60808853021796,49.09742930905572],[-124.61084041879018,49.08114509079605],[-124.60533185137743,49.0811453867617],[-124.6025777128586,49.07571729377131],[-124.59768098884452,49.07571723622458],[-124.59571090244098,49.078731598883735],[-124.59932448529607,49.08597602202466],[-124.59820860456392,49.10667869958017],[-124.58284002509589,49.10453711254519],[-124.57721446540539,49.107982607926104],[-124.57799697718947,49.131640161267896],[-124.5839968429544,49.140958691158],[-124.59002551166164,49.14244913763834],[-124.59002576108946,49.146746808563314],[-124.5941579875559,49.14674490264768],[-124.5955387811431,49.15126999929901],[-124.59139644074423,49.15127509120418],[-124.59139732468162,49.15851636133013],[-124.6300832037457,49.158985249225495],[-124.62983567496349,49.16262964157486],[-124.63538345761705,49.16278952352728],[-124.63513899747619,49.169503927168904],[-124.6558288970734,49.173106708679555],[-124.65274747657816,49.1836072170401],[-124.66578791352875,49.18202299378356],[-124.67400665342511,49.1706880474952],[-124.68917659411905,49.170655067122986],[-124.68942626877534,49.21534730755141],[-124.67333114950668,49.215339664198],[-124.67326548592735,49.2208104426537],[-124.67881565423417,49.220838939728566],[-124.67872982068668,49.22805682821545],[-124.67313133132168,49.228028094320905],[-124.67317535052429,49.2243615706877],[-124.66197901182395,49.22430337183572],[-124.66193416317616,49.22796991435603],[-124.67308707009377,49.23169466213903],[-124.67647649805083,49.25704656064719],[-124.68752907023642,49.25707410109703],[-124.68744453841359,49.26784470134969],[-124.69296974401101,49.26788557142191],[-124.69291416585502,49.2750920997313],[-124.69844023364789,49.27509347978598],[-124.69838715680487,49.282308800703866],[-124.70391437523645,49.28231177641826],[-124.70393978880092,49.27870032206046],[-124.71501626488453,49.278707243130256],[-124.7150442891705,49.27509964247924],[-124.74805698055614,49.275777932880615],[-124.74745995273862,49.29023676200606],[-124.75298126640436,49.29038731050177],[-124.75247562513069,49.30117301939912],[-124.75817739536696,49.30131253286935],[-124.7586376102493,49.297520366511606],[-124.77327352882502,49.29864552555417],[-124.77341664403168,49.3165501015162],[-124.7830218615724,49.316449175623156],[-124.7831968805961,49.32549450900731],[-124.79457965525519,49.32543897181829],[-124.79452605530514,49.32184364439312],[-124.80008556037262,49.321796644533116],[-124.80020281867596,49.326564708488824],[-124.8137718723704,49.32923763914076],[-124.81376340685917,49.33376012688662],[-124.82206830303518,49.333766013881174],[-124.82206060786254,49.33919427357304],[-124.82621136923053,49.3391970310768],[-124.82626836963549,49.3437344957983],[-124.8345288467942,49.34559198009096],[-124.834513034641,49.34935362457138],[-124.86609022375121,49.361692807312785],[-124.86300812398696,49.36864345054886],[-124.867989458114,49.37709020853054],[-124.8957583087461,49.37736300433341],[-124.8956789902168,49.38693858585682],[-124.91171390246028,49.389476993664736],[-124.9117719993661,49.39216240252542],[-124.91996958911255,49.39390044339332],[-124.9178763948902,49.39773914721742],[-124.92940446279884,49.39956112197224],[-124.92689432330641,49.408637799609096],[-124.93557181308113,49.41123340878359],[-124.93563426556237,49.41394044349085],[-124.94116627484239,49.41577574049707],[-124.94122464550553,49.41939637199083],[-124.94808497313869,49.419382553998226],[-124.95100592013753,49.42749480299395],[-124.96607154311826,49.42564817549164],[-124.96617458160867,49.431830205929714],[-124.9725078552909,49.431826686181374],[-124.97255009073102,49.44284181940264],[-124.98365002840784,49.445609593333884],[-124.98369749721347,49.45286808418925],[-124.99198845536198,49.451111911291704],[-125.00294392675708,49.45831503879957],[-125.01115842336876,49.45835069864991],[-125.01121808919643,49.46203790370594],[-125.01666639721627,49.46393568271226],[-125.013993295329,49.46937064677626],[-125.02222798531155,49.47113741349026],[-125.02221738622737,49.47480300866945],[-125.02498695291021,49.47479114180987],[-125.02495827332966,49.48005669301557],[-125.01958132396487,49.48011406511963],[-125.02220248685889,49.49098227693602],[-125.03589912201817,49.492766974929204],[-125.03336842580525,49.48551254556058],[-125.05285366451541,49.48029655669931],[-125.05303438442478,49.47655472140252],[-125.06870421684084,49.47695665923321],[-125.07439626830089,49.4803969440391],[-125.07716701614348,49.48739961197805],[-125.08239483714569,49.48741935972163],[-125.08236659361579,49.49109979413065],[-125.09349946815382,49.49309280852903],[-125.09340405312618,49.502056623373775],[-125.10672618767582,49.503863775744],[-125.10838448914788,49.514564238669735],[-125.12595822102791,49.514651471047756],[-125.1259159133399,49.51827013568694],[-125.13690973440961,49.52189350169983],[-125.13686820980067,49.52551214449286],[-125.14238667198963,49.52551410982794],[-125.14234560129466,49.52913273858127],[-125.14992810674285,49.529150243171664],[-125.14769725942041,49.521929413884436],[-125.14209621237293,49.52194657475072],[-125.1421902670894,49.511034948097944],[-125.12831442968996,49.51094166833998],[-125.13383999931796,49.50920102795992],[-125.13379257130833,49.50195534192758],[-125.17174781950051,49.5079848302142],[-125.17028882077541,49.49569457777245],[-125.16616281475613,49.495675975030245],[-125.16627916607617,49.490363143497504],[-125.20673642224493,49.49432039053916],[-125.20675875386266,49.49125343548769],[-125.23327047527906,49.490331546763045]]]}},{"type":"Feature","id":1331,"properties":{"LGL_ADMIN_AREA_ID":257,"ADMIN_AREA_NAME":"Capital Regional District","ADMIN_AREA_ABBREVIATION":"CAPRD","ADMIN_AREA_BOUNDARY_TYPE":"Legal","FEATURE_AREA_SQM":4867434706.0914,"OBJECTID":1331},"geometry":{"type":"Polygon","coordinates":[[[-124.49948892876756,48.560713103728354],[-124.5029235449404,48.5607129874305],[-124.50292199980257,48.432588354702574],[-124.01250370041694,48.2969601970879],[-123.67949039512874,48.24028311838709],[-123.54162402784146,48.22484008483155],[-123.24882222759359,48.28430274809006],[-123.11424577827152,48.42312950422437],[-123.16026697639559,48.45380714093823],[-123.21934054277634,48.549001652613036],[-123.26829251557558,48.69427499111043],[-123.00894910009173,48.767373369948544],[-123.00895196491905,48.831483054910606],[-123.32279023764947,49.00229537738217],[-123.58537059182,49.01630999068906],[-123.59412458470732,49.00811490491785],[-123.60595173410941,49.00329658456375],[-123.60148634134104,48.996345456230394],[-123.60311550099924,48.992687094954306],[-123.63157927984726,48.981143630567715],[-123.61224169849854,48.94727385367589],[-123.61529211355665,48.922767923738604],[-123.61335633459164,48.894519329023424],[-123.58590977594588,48.856285919073635],[-123.57612982570943,48.81723025600358],[-123.55308104445987,48.80068961073473],[-123.55876907466646,48.789417358107315],[-123.55355720620767,48.77890021234668],[-123.5681080205567,48.76875931043025],[-123.56948715897934,48.76097809147773],[-123.55172507445238,48.73354468044153],[-123.51478181442445,48.70264891024859],[-123.50138209010859,48.65383503270508],[-123.50210124886229,48.573890518929076],[-123.5145783896677,48.55771880311279],[-123.54527898480065,48.55002676590615],[-123.54859082220312,48.54493405171047],[-123.54713682948675,48.5366599266563],[-123.57937119424426,48.536055147962514],[-123.58172495258405,48.52572516668042],[-123.5874195684129,48.52572111675232],[-123.58731631065469,48.522012606567024],[-123.60900296062552,48.52206245825958],[-123.60899042392577,48.52930135511092],[-123.61716519243323,48.52930638666095],[-123.6171622817558,48.53293876972741],[-123.62802138930442,48.532944544684625],[-123.62800167530827,48.547485591289536],[-123.63446315905145,48.54753703237412],[-123.63464426528148,48.56274784024152],[-123.64556226745276,48.562709742708456],[-123.64559832645395,48.57044648727828],[-123.64016684902779,48.57357787852433],[-123.63998781757043,48.580874127593844],[-123.64817001161498,48.580876816576954],[-123.64815432838402,48.59716589254476],[-123.65327154872708,48.59716741385532],[-123.65324329040894,48.60249547402822],[-123.658655386404,48.60253249844838],[-123.65855161472938,48.60885781141368],[-123.66716774283799,48.608933229785364],[-123.6673689329131,48.61834758884772],[-123.67304056994637,48.618405294623976],[-123.68280630086797,48.624503768193414],[-123.69303930186,48.6231823232714],[-123.69443732837172,48.616556869906496],[-123.70262533653153,48.616580719508015],[-123.70264919763417,48.612960948595045],[-123.71629491662017,48.61299945234625],[-123.71623692336944,48.619269708680484],[-123.72307859544108,48.619352550525626],[-123.72303767040427,48.622898692131734],[-123.74624006939055,48.62289053941716],[-123.74438449795034,48.60548455293206],[-123.76588364529186,48.604697341715784],[-123.76587882707004,48.60107771750584],[-123.78606907377124,48.6010602042146],[-123.78606769464966,48.61024983115611],[-123.8145999216432,48.612748631019954],[-123.8214243898622,48.61184964873023],[-123.82143850007972,48.60261939376435],[-123.8312793367512,48.60262573795242],[-123.83132257474831,48.605299631798026],[-123.85393596711039,48.60271071782602],[-123.85676511366924,48.635777236091336],[-123.8539915436751,48.638907747773935],[-123.89867006434307,48.63639573729486],[-123.90361087885766,48.63854383172239],[-123.90361128456887,48.64487843124372],[-123.90770757091077,48.644878400125386],[-123.90770851710178,48.65144098985869],[-123.9164971215096,48.64975445659225],[-123.91807042404723,48.642338125872875],[-123.93256147653979,48.638306313813935],[-123.94757964199057,48.638301116563234],[-123.94758622689308,48.645681516600284],[-124.01518224118179,48.645476491202956],[-124.01518874634837,48.651241432230485],[-124.11272762778863,48.65126470675432],[-124.11272534500527,48.639719675868164],[-124.14057820381394,48.63971230025241],[-124.14058086074313,48.64333147877024],[-124.15142057733424,48.643326774814106],[-124.15142398627259,48.64694594179244],[-124.156885584263,48.64694318212913],[-124.1569031133482,48.65056229698365],[-124.16782522294781,48.650555996712946],[-124.16782975769082,48.65417513303104],[-124.19791533911688,48.65415947146248],[-124.28084681543663,48.72284249208314],[-124.27973816136041,48.68181004978968],[-124.35623997533575,48.680877142904414],[-124.35665323552426,48.69535087758246],[-124.37851685821286,48.69507482526231],[-124.37779265421226,48.66612626896624],[-124.41057047535371,48.665761719499415],[-124.41057049447005,48.63564486945098],[-124.41623543513789,48.635642238933734],[-124.41755275716137,48.6277036287667],[-124.42306792928315,48.623915060876946],[-124.42542945634806,48.627030847407376],[-124.44546348198611,48.626772738543906],[-124.44546064613459,48.63502086396326],[-124.48914314390056,48.63503283151074],[-124.48922401357862,48.592612811185695],[-124.49949999251592,48.59261306421656],[-124.49948892876756,48.560713103728354]]]}},{"type":"Feature","id":1332,"properties":{"LGL_ADMIN_AREA_ID":274,"ADMIN_AREA_NAME":"Central Coast Regional District","ADMIN_AREA_ABBREVIATION":"CCRD","ADMIN_AREA_BOUNDARY_TYPE":"Legal","FEATURE_AREA_SQM":36733864159.9396,"OBJECTID":1332},"geometry":{"type":"Polygon","coordinates":[[[-125.45248673469209,52.18894300011559],[-125.44943885254283,52.203503987420994],[-125.4539911182852,52.20934311918014],[-125.46105162069081,52.210931599518695],[-125.46300095025248,52.21608868154659],[-125.48953613196952,52.2292904969053],[-125.50909422578222,52.23227238673579],[-125.50741553590699,52.23837518667355],[-125.51483478016233,52.242620714956395],[-125.51363177615644,52.2444898662305],[-125.5050470120073,52.250904414309915],[-125.48643735645544,52.25061459752799],[-125.49154412717323,52.25763807632802],[-125.49045965734283,52.26234316470803],[-125.48409219959538,52.263181803293854],[-125.4802878771604,52.279363680943035],[-125.47002557008537,52.286696064483095],[-125.4575286689695,52.2871647500197],[-125.45540269081202,52.28060144103322],[-125.44917711837155,52.27831178325052],[-125.43163599540372,52.279202050391305],[-125.4293138544097,52.28475531741442],[-125.4226831638847,52.286730079527445],[-125.42457808282377,52.29037011296273],[-125.40645133495022,52.29564097294732],[-125.4010372370281,52.30535919575409],[-125.40235351640489,52.30919818659139],[-125.39607612451113,52.31303364263032],[-125.3884658005926,52.32437844362537],[-125.39179973391087,52.328171705463134],[-125.39088787706827,52.33246058438809],[-125.37942987182697,52.33065973746034],[-125.3619450916633,52.335159252925834],[-125.34863425528621,52.340610322285286],[-125.34447448952265,52.34581860832314],[-125.35195798736373,52.35012102721446],[-125.35195226422874,52.35886168631896],[-125.35958268663015,52.36672167108951],[-125.3572139840124,52.371067300894744],[-125.36450413098606,52.37680957681101],[-125.37060507062957,52.385735591338936],[-125.36842744944342,52.38648066470085],[-125.40262656183917,52.39868518874208],[-125.41800105364422,52.42390090893478],[-125.42692597926636,52.42255694653592],[-125.43100464545111,52.42760499251276],[-125.43517691507792,52.42491608758437],[-125.45681582678968,52.424377304199055],[-125.4660660693313,52.4311907477119],[-125.47983650099854,52.427070842975056],[-125.49464962484561,52.438889933873995],[-125.49724403452316,52.43879917728365],[-125.49637084553166,52.43058550762028],[-125.50298098827547,52.42994611933474],[-125.51176312295694,52.423986596271604],[-125.51734971625253,52.429267240310864],[-125.52387222025611,52.42738857564171],[-125.52882979491764,52.4295307302437],[-125.5263094807216,52.43307773423323],[-125.53263694159978,52.43452100387002],[-125.53208022974005,52.43678606520978],[-125.52262427991629,52.437217072598145],[-125.50910400477606,52.44760344312279],[-125.49829038433407,52.44405664763373],[-125.48582520168527,52.451593340793266],[-125.485628364332,52.45776629018993],[-125.47241320159162,52.461952109679565],[-125.4677301407612,52.470433857834955],[-125.45559671628195,52.47069547803419],[-125.45552116184359,52.473304829228915],[-125.46423241490282,52.47696633578405],[-125.47855983799386,52.47684371789497],[-125.48713811227117,52.4836117194336],[-125.49347568128425,52.48462395224569],[-125.50048538072767,52.49729844302689],[-125.51999236555301,52.49908752157755],[-125.51807002169546,52.50463783333758],[-125.52781120982887,52.512346384048115],[-125.53519788730118,52.51392381829082],[-125.53295148473714,52.52073626960491],[-125.54753706867297,52.51981853494056],[-125.55272693095,52.524435681776325],[-125.56490605292834,52.52687396276899],[-125.58080233210697,52.52272138115136],[-125.58334930690863,52.52143380335896],[-125.58175926957472,52.51983360369025],[-125.6006666967478,52.51858035572385],[-125.60966330842766,52.510946324552485],[-125.62596287615061,52.512237187058865],[-125.63101773140447,52.50770346593569],[-125.67211278026625,52.50002853665153],[-125.67840013811363,52.49440572789278],[-125.69815283018507,52.49477898949102],[-125.70372136866573,52.48876451789269],[-125.7143731826771,52.489494678745345],[-125.72771768970419,52.48017075515754],[-125.7546200371524,52.4821729200111],[-125.76046032638608,52.488403682760165],[-125.75779987290666,52.49438309245216],[-125.77130308697926,52.5087797779382],[-125.79452094819777,52.51238512938411],[-125.79041972829991,52.521810639442336],[-125.79298995957937,52.52514030260759],[-125.80227575651412,52.52159426866174],[-125.80902571979519,52.52643322159107],[-125.81015064275384,52.53057923563253],[-125.80533959602933,52.53475824800701],[-125.80542498607018,52.53933362959991],[-125.8110943721463,52.542577377276764],[-125.80878592062719,52.55056797705228],[-125.82400012451129,52.55124395568349],[-125.82181912954216,52.554507931452704],[-125.8301736382576,52.55883336964196],[-125.82323814546963,52.567912081035146],[-125.82682646442889,52.57100092111385],[-125.82601633080945,52.577526155399525],[-125.83396587660292,52.58214326116833],[-125.84607861562394,52.576729559827506],[-125.86448083067306,52.57986172688271],[-125.85944800981223,52.583508702602145],[-125.85914103797141,52.593983957006245],[-125.8694441326939,52.609822055070836],[-125.86393786053597,52.61589177445863],[-125.84835615431206,52.61888768210169],[-125.84596396835168,52.62465272856599],[-125.85996416098676,52.629947901663854],[-125.86417383445603,52.62787367447725],[-125.86718133450144,52.633760204660476],[-125.87459007561874,52.6352652335305],[-125.93396042740468,52.61977354627336],[-125.94345430103313,52.6204701365635],[-125.94524386820774,52.61438323280663],[-125.96255236944589,52.61050589196261],[-125.96483604385693,52.60669855283029],[-125.9871266227232,52.619124270100656],[-126.01466379789638,52.6196572094041],[-126.01145950998544,52.611892139959416],[-126.01428908828846,52.60635277550651],[-126.01075032317748,52.60155998169342],[-126.01403900135081,52.59859729440091],[-126.04158260807716,52.584744070781404],[-126.05845949174287,52.58025154592287],[-126.07411518514755,52.58379330548088],[-126.08171358889581,52.59199080697783],[-126.09193151140568,52.59556977685426],[-126.10416270532875,52.58768901496107],[-126.13406006158041,52.58863568542726],[-126.13945149573652,52.58200939743066],[-126.1360121033869,52.57418022729963],[-126.14083609112588,52.570142125900645],[-126.13916176921866,52.5639464373163],[-126.14246728208171,52.55187175271134],[-126.15376694198721,52.54505767086149],[-126.161422574319,52.54574523333851],[-126.16994366113222,52.54101225911251],[-126.17646963685475,52.5240615679513],[-126.18954964932243,52.529336227510136],[-126.19500583060501,52.526402155039634],[-126.19752428937004,52.523206410760515],[-126.19101616815502,52.51706769892992],[-126.19098123759613,52.506989743456394],[-126.19895887815778,52.503446897475555],[-126.20582790781775,52.50876237066555],[-126.20637925907657,52.49914394349744],[-126.21435941108524,52.495285395228024],[-126.22811921084329,52.49976348627566],[-126.23014846487769,52.507796737521474],[-126.23370067978237,52.50990329296669],[-126.23129222657478,52.51843513529316],[-126.25185356663165,52.528012459006256],[-126.25393083342988,52.53203053746914],[-126.26309308183617,52.531189729862405],[-126.27335911733644,52.54184946121564],[-126.28555180761361,52.54145541290666],[-126.30427108064822,52.546362837011095],[-126.31406578814483,52.53793664449932],[-126.31560069889906,52.52164671536086],[-126.32413894958307,52.51878068060453],[-126.34156128148636,52.530695159965425],[-126.35647279834528,52.533250528063796],[-126.36874058933351,52.54411732737407],[-126.36891573405875,52.55252929066494],[-126.38327855755593,52.56623970973035],[-126.38161621713914,52.5782299539145],[-126.40082215034435,52.58605014351899],[-126.40273497202483,52.589875971530034],[-126.40766667095957,52.58962438960957],[-126.40749481348467,52.59542376194029],[-126.39913544110728,52.601590051699056],[-126.40558002128596,52.61135539056583],[-126.41614542874983,52.6132260890142],[-126.41643527486468,52.62377151972775],[-126.44110525219207,52.64287946531658],[-126.44740471421636,52.64459506983889],[-126.45081464223428,52.65030069830064],[-126.4352349571605,52.65351030603013],[-126.43231443731354,52.658683554039264],[-126.4199168457145,52.65926840645149],[-126.4142231477299,52.66252536536291],[-126.4129131684775,52.6704280188069],[-126.4167666775481,52.67932461621826],[-126.41395054651608,52.68769798555116],[-126.39702706327166,52.69503380580721],[-126.38940340220998,52.68860738065812],[-126.37931397473366,52.69047385005794],[-126.37058250277377,52.69766514743578],[-126.36578370059395,52.697715413957525],[-126.36078201216655,52.704396376156076],[-126.34985451385988,52.70410451079187],[-126.35302388032983,52.71174397738607],[-126.35187942007336,52.73730779370986],[-126.3422536168323,52.74657659602698],[-126.34227286353001,52.82871286188099],[-126.36003704237422,52.8223833007699],[-126.36784901849336,52.82927410868304],[-126.3740801582616,52.82073468332487],[-126.38287051556284,52.81849105641093],[-126.3869084852063,52.809356049181844],[-126.40167008497417,52.80455677445665],[-126.40790975633911,52.798027087445284],[-126.42239384745932,52.79109805464314],[-126.45020311740925,52.79250552642807],[-126.44987933008962,52.78730710888071],[-126.45727069172646,52.78222040536169],[-126.46769276551366,52.78074990778696],[-126.48339931115028,52.78379989354221],[-126.48713356990265,52.7790503330792],[-126.51379240495784,52.770707146449205],[-126.53667727273063,52.773975290096395],[-126.54948988467824,52.78599026883506],[-126.54299035737566,52.78798089831308],[-126.54395326697271,52.7898441954834],[-126.55453186728647,52.790819118630516],[-126.56126747174449,52.79559365107773],[-126.55311500767925,52.798647851184],[-126.54055543539437,52.81036536485182],[-126.58005654285894,52.817606969127766],[-126.58207035527252,52.81849326635897],[-126.57949114285445,52.823594999975214],[-126.58335605202352,52.82501158267068],[-126.5962632330078,52.814123918985764],[-126.60556384939578,52.811506557634445],[-126.61854992032174,52.821524068275835],[-126.61664756050537,52.831871381340356],[-126.62464919537847,52.835148986221576],[-126.63328638128141,52.83440741804074],[-126.64089786795853,52.84107800045245],[-126.64196322555549,52.8455320938237],[-126.63442579603269,52.85483938417055],[-126.62303056633176,52.85961310800265],[-126.62271620533146,52.86780727146554],[-126.59091565635295,52.879107154483115],[-126.5898993232834,52.89689020742615],[-126.59494751703262,52.912856987513315],[-126.60533438208674,52.915470685567975],[-126.61332017081602,52.92146106039217],[-126.61376370286328,52.92779212538643],[-126.60803043839441,52.93033432960595],[-126.61248120990737,52.93466095894562],[-126.62730421757142,52.937791355586256],[-126.63846977155993,52.935422298321946],[-126.64980451905117,52.94470364286932],[-126.64201408947903,52.95355883138318],[-126.64319082737497,52.9571068802562],[-126.6368097800039,52.960262050801994],[-126.63451621591216,52.973811669215436],[-126.61457420841546,52.99214248224953],[-126.62334797897273,53.00028080089904],[-126.62363974015075,53.00452564887007],[-126.6328421630259,53.00969059212487],[-126.64971941329462,53.032144558702996],[-126.65395154730957,53.033161256549995],[-126.66154476018941,53.02530146000547],[-126.67223282047527,53.0226169718147],[-126.67170782489082,53.01824484459084],[-126.68681608825888,53.00485683231133],[-126.68828390793756,52.9984345220417],[-126.70922079644328,52.98678840692709],[-126.73382078527068,52.99309446326814],[-126.75031488744996,52.99103110276207],[-126.77365470555368,53.00599156317212],[-126.78707833643286,52.996312864304294],[-126.79120959628865,53.00150374319375],[-126.79015901438537,53.018792384866536],[-126.7976726719247,53.02964336145444],[-126.78946422315809,53.048411560419005],[-126.79516463709015,53.06531193227798],[-126.81263213342318,53.0773139410967],[-126.80808507120713,53.08227426490858],[-126.82393565532178,53.095344618615215],[-126.84051574664622,53.106370030639994],[-126.85966992220179,53.1088339845068],[-126.86697772287481,53.107965204384065],[-126.87558457088312,53.088213094282956],[-126.88724747449893,53.08304417155844],[-126.89985589390548,53.08160108995416],[-126.90952637452543,53.08571544916952],[-126.91970859891603,53.08297486508216],[-126.93363085051037,53.08410759914266],[-126.94013915063927,53.08505861967251],[-126.94187694926764,53.09092179591848],[-126.94792420573029,53.09178748190097],[-126.95571263711763,53.0848097587185],[-126.97260343865567,53.077144877511394],[-126.97296323791022,53.07171152651788],[-126.97717944296011,53.07029979837107],[-126.98964921692698,53.07114954563676],[-126.9923622966728,53.0660975451763],[-127.001418446944,53.06553977307513],[-127.01365262029788,53.0724608504921],[-127.01832334681524,53.07932680707046],[-127.00882164510054,53.087214931667795],[-127.0163268192582,53.09222229664341],[-127.02127387639798,53.10158315260325],[-127.02956483605334,53.10539195581063],[-127.02653216119914,53.10908784998434],[-127.0304197671071,53.11392634002641],[-127.01344562625223,53.12690857277147],[-126.99323980592645,53.13272829197013],[-126.99534804224012,53.14638182610835],[-126.99307693916423,53.15082994002943],[-127.00087374212745,53.15533660854471],[-127.00282104860702,53.16128818057671],[-127.01416048603768,53.17132265501964],[-127.01807583815481,53.18192195046654],[-127.01621383831096,53.18713550871103],[-127.0256912625286,53.19804579751548],[-127.04382855690486,53.198345040139955],[-127.0447124529338,53.201512257768],[-127.0376141645701,53.206777904289865],[-127.03757184223409,53.211089701658295],[-127.04196920321918,53.21318493790289],[-127.0348491049869,53.226400749721805],[-127.02645091006961,53.23266323569651],[-127.00631774199394,53.23559266987915],[-127.00182906220707,53.23972188461009],[-127.00451662328285,53.245604030697166],[-127.00065992695711,53.25631013191504],[-126.98377598069908,53.25732034852326],[-126.97782740193271,53.26201157553563],[-126.98659097112707,53.2899438577617],[-126.9995731113352,53.29172273637864],[-127.00466431042695,53.303604624787425],[-127.01873551037309,53.30483919265933],[-127.02599419324157,53.29997684766692],[-127.06118440708205,53.293074166186564],[-127.07590764284944,53.27653150662091],[-127.0689309856687,53.26204792574236],[-127.07958179122603,53.24888713215043],[-127.0779598347883,53.2392591392347],[-127.08513959861656,53.23754965662379],[-127.09693670828175,53.24309995306574],[-127.11500846384409,53.23816971941279],[-127.12200973429798,53.24198131608933],[-127.13220984654626,53.238908063151335],[-127.13515083353222,53.251229024774126],[-127.15277331728788,53.2708477190037],[-127.16652261651664,53.27266924667194],[-127.17244717712724,53.2705485965072],[-127.1947238280864,53.25877210780012],[-127.19248272267822,53.25301730899972],[-127.20335375772481,53.24734695899011],[-127.22901190366058,53.24849515776055],[-127.23145150783617,53.25189374866836],[-127.2500238914454,53.25859689118625],[-127.2568233444485,53.26909419541214],[-127.25660725895342,53.27464997546856],[-127.26330024809008,53.277145045417576],[-127.27686491977482,53.27439609300041],[-127.28762691504912,53.26672272395833],[-127.28774150682196,53.26210341712853],[-127.27940242641269,53.25901458721741],[-127.27886056251648,53.25018937813482],[-127.28876509882838,53.23366816671636],[-127.28901480193471,53.22703098014034],[-127.30125580969815,53.214048438004326],[-127.30754858395044,53.211409966716396],[-127.31000987381825,53.205442436626],[-127.3182477694188,53.20525633494243],[-127.32853827985335,53.224313503639806],[-127.33241459175764,53.22616284699767],[-127.35845906993549,53.22374652539538],[-127.36159902700652,53.22089191627268],[-127.3636251100557,53.20258286597749],[-127.35419672936057,53.18918049283696],[-127.35696658564197,53.17545774475155],[-127.38268354462741,53.17841588577003],[-127.39631931403727,53.186437671791914],[-127.40153809566087,53.186429906034434],[-127.40862071942313,53.17637188819841],[-127.40234127138393,53.1692515280607],[-127.40823834481026,53.15993378657132],[-127.44039560361648,53.160352283219076],[-127.45255591344205,53.151215145692895],[-127.45645919107587,53.144541202920166],[-127.47570961671678,53.14284733790299],[-127.47792942917917,53.13428718700948],[-127.47294702184011,53.122188601383314],[-127.43472903739392,53.12163326399187],[-127.44097711503284,53.11044656029746],[-127.4516745848029,53.10046325531165],[-127.44111934249995,53.08379246036655],[-127.42001243475781,53.08023262436439],[-127.35617185540431,53.08269418576449],[-127.33024108638502,53.07293218340998],[-127.32335835236972,53.06719541832552],[-127.30781860674476,53.0737181988408],[-127.29050563748744,53.070989330398355],[-127.28327270493186,53.066066301710215],[-127.28010486830138,53.05629286781427],[-127.26295647479425,53.04968741204759],[-127.25216974275865,53.04017525241952],[-127.2422087459745,53.02094549879446],[-127.23750267738468,53.00313142271138],[-127.24799879670985,52.992854484839334],[-127.25817875520876,52.990309910661104],[-127.2630925093349,52.9828357079289],[-127.24976935663798,52.9674910830891],[-127.24208365586205,52.96361756152077],[-127.24645732515987,52.95476545276803],[-127.27435878248052,52.94559291709737],[-127.27759939085915,52.94040939102358],[-127.28549514110945,52.937776457886564],[-127.28946772702116,52.9264336013121],[-127.28711460293374,52.92122108303805],[-127.29550612127646,52.91360384996824],[-127.29831568709436,52.90516695383632],[-127.27336904684418,52.895434606325466],[-127.27585240229448,52.88959076714571],[-127.28234341778354,52.885414255332385],[-127.26114367404556,52.87537773603947],[-127.24743905124899,52.86072807885409],[-127.21609612562085,52.85430330808421],[-127.218026490211,52.842713147139115],[-127.22362023203769,52.83699790543971],[-127.2201313923886,52.822550269346614],[-127.2458104102833,52.81639329632572],[-127.25666987761002,52.8169888849915],[-127.27209419144812,52.81084000533412],[-127.29014011716839,52.8171881826965],[-127.30432751096127,52.80269184185523],[-127.3162946433941,52.79691037079293],[-127.34001048824285,52.79789188790588],[-127.344593166899,52.80650953131675],[-127.35517237449241,52.80661127292645],[-127.35949842296313,52.7991549224227],[-127.37303143432563,52.78790206422115],[-127.38042987523188,52.77343832933698],[-127.37954516920459,52.76545944925406],[-127.36594361127564,52.75660973708543],[-127.36809800101322,52.75095423239694],[-127.3857574859653,52.74657467377752],[-127.39494209538975,52.73330309348288],[-127.41137052350341,52.7318700448967],[-127.42457185092427,52.720367195407434],[-127.44139077804215,52.71819795500144],[-127.46579013113308,52.70908493701554],[-127.46726777700393,52.70198039889373],[-127.47257028147254,52.69720582878197],[-127.46719009415652,52.69039931669534],[-127.46786106137536,52.685885639644255],[-127.48599111695285,52.68784784434238],[-127.49498517472556,52.681444110708746],[-127.50488686521882,52.68115885864276],[-127.50259295155904,52.69170897464322],[-127.51344929337348,52.695765577759644],[-127.5346199973022,52.691075322980446],[-127.54893086169783,52.69724815936522],[-127.56089186808336,52.690390258727795],[-127.56689333069632,52.69132307747989],[-127.56996591763513,52.70068647230412],[-127.58092954133701,52.70767606126114],[-127.57755770320001,52.71602588164759],[-127.581789166045,52.721284126149726],[-127.62488954969437,52.735005912027525],[-127.62177632134716,52.74354672708404],[-127.59968223514183,52.76128692984373],[-127.6016667510187,52.774283634104265],[-127.60789330897408,52.781196619115974],[-127.61672003125315,52.77829904503647],[-127.63756966262908,52.77895987714728],[-127.66843338830994,52.785588608621744],[-127.67565056627167,52.79061410829836],[-127.69052494782736,52.78996707368052],[-127.7017957795208,52.774189946321584],[-127.71227799571652,52.78067836197642],[-127.72857437716452,52.775531831540725],[-127.72149780051814,52.76462936771951],[-127.71077852314804,52.75783248205824],[-127.71676710685006,52.749035884559575],[-127.71902125613718,52.738355651950236],[-127.7130405958826,52.7316979180999],[-127.71841301659255,52.72744668187719],[-127.71905167028305,52.71963489225333],[-127.72670643216611,52.71709213051805],[-127.74638911746433,52.717895240824696],[-127.76273190279602,52.70466817315458],[-127.77367368559776,52.70423644469189],[-127.7893707021646,52.69502676242666],[-127.78950130926363,52.68745215715626],[-127.78267225540421,52.6850986477882],[-127.7793108575948,52.67725137765896],[-127.79004447174347,52.666195289221115],[-127.80230070291884,52.66143497358175],[-127.80870034888956,52.66045058923664],[-127.81019716764898,52.663651242310685],[-127.82842853158822,52.66860380736758],[-127.8308926795348,52.66548748730197],[-127.84834122146516,52.66101927581428],[-127.8493050496986,52.669734356585494],[-127.84586753243349,52.675279979247215],[-127.86695972167185,52.68625197763433],[-127.88389128199792,52.68302823449194],[-127.88742031218543,52.67791992888751],[-127.89997114622693,52.67291256866113],[-127.9168272521659,52.67189906914509],[-127.91627785573878,52.684006040487276],[-127.9242968622811,52.69895606420224],[-127.92047123333525,52.71725251308663],[-127.9255162217095,52.72362049350878],[-127.94779361467204,52.720986333768636],[-127.96212005069248,52.71028833744216],[-127.97137427873953,52.70891855654926],[-127.98331161917605,52.71499103803221],[-127.9917462435606,52.71558149527713],[-128.00146808370516,52.712325400641426],[-128.0137249990845,52.71466555390051],[-128.02419304181427,52.7126764258771],[-128.02901715241308,52.716312110846076],[-128.03898444707943,52.71187123774925],[-128.04926207287255,52.714168682930975],[-128.0541717552199,52.709972056591454],[-128.06294289305006,52.70877260055567],[-128.06503734721375,52.69711685551107],[-128.09470620908172,52.681671214817726],[-128.11406296703763,52.67616562909561],[-128.11829920918734,52.6844352405515],[-128.13614554544273,52.6837555178129],[-128.15174753644737,52.674259688377596],[-128.15002278219436,52.67066324244912],[-128.154116774887,52.66466910466466],[-128.14451330957277,52.65819914368024],[-128.13977409097976,52.64731363069104],[-128.10871194604238,52.646931227020175],[-128.1012210221933,52.64389887248459],[-128.11695237745857,52.61280291094993],[-128.13482140472775,52.611658151531635],[-128.14496290992395,52.61847849744621],[-128.15795298374505,52.620473480223794],[-128.18928015755074,52.607290535275396],[-128.1775071479164,52.60019396007841],[-128.17722763689264,52.596111430420436],[-128.1856885724468,52.58657626233698],[-128.19743603405885,52.58102853076422],[-128.19419683955653,52.57819257203886],[-128.1764347562965,52.576281304155756],[-128.18225121206686,52.56664802711861],[-128.18108089792764,52.56241448337314],[-128.1739684418927,52.558319414507764],[-128.1791191420664,52.55159650134965],[-128.18915355001008,52.55078259385861],[-128.18975202484194,52.5388415075402],[-128.1864865811644,52.5303501721351],[-128.20728737329188,52.523062262300385],[-128.1817856843209,52.504431409768685],[-128.1848796775905,52.493277657955545],[-128.17826608948974,52.49170353346152],[-128.17685610589265,52.484549403683076],[-128.2815381884136,52.48269307096698],[-128.31292454107822,52.47668741174766],[-128.3419157641891,52.477654721834405],[-128.40024188785156,52.46358550840341],[-128.44811528151067,52.44781463519363],[-128.47193170377184,52.42131740920966],[-128.51943096991556,52.39926051590252],[-128.54421992862922,52.38266451217733],[-128.54947182315084,52.37027003107857],[-128.53098511419,52.303675958185515],[-128.5290364798152,52.28210920026546],[-128.53279755621068,52.26939012146592],[-128.5542127022645,52.24940264598085],[-128.5811025213414,52.23160853682951],[-129.0266037526322,51.60830737692287],[-129.44795448593905,51.00005214492855],[-128.00001664594618,51.00000509120252],[-127.78747811086092,51.16353505715257],[-127.77166367707673,51.15881810837693],[-127.7576011368424,51.162473188480234],[-127.73910207120578,51.162286727317],[-127.73912544928858,51.191211681005434],[-127.66544564583928,51.193733664413124],[-127.65797508668409,51.18666784728138],[-127.64768605395517,51.1834248816363],[-127.63576747836372,51.18825649310512],[-127.61227405304263,51.19099274264631],[-127.59838451260958,51.18653760451875],[-127.59524266814051,51.190097032315144],[-127.57105284435792,51.192564853275144],[-127.56443567960638,51.19694204397293],[-127.53646922422851,51.199262631798696],[-127.52126136275267,51.20647848661787],[-127.49608366331258,51.20064594280592],[-127.48263464871404,51.20568414476065],[-127.47062274805185,51.200962356744],[-127.45822692181987,51.20424093852084],[-127.45783678761437,51.20806375969254],[-127.47052318970901,51.21328228768938],[-127.47390955536201,51.21888308440929],[-127.48916515062581,51.221206370376194],[-127.48437213571032,51.23429788670805],[-127.44693855073697,51.22844732658991],[-127.3862568989027,51.2302871105862],[-127.389462944804,51.22265233304046],[-127.36906895249996,51.215787006691876],[-127.34582679297012,51.21869719025235],[-127.32438775610035,51.209291204762074],[-127.31021080122562,51.21506865782004],[-127.27622301789074,51.21199183339001],[-127.2662533635734,51.22007015994066],[-127.23572715418268,51.21960583571226],[-127.22693017770003,51.21636323918089],[-127.20991748237985,51.19867550765253],[-127.19667732121263,51.205348911179854],[-127.17057875430673,51.20275234795479],[-127.1649990888059,51.2067118855883],[-127.15221746905115,51.2069153885946],[-127.1283507964732,51.218119218481654],[-127.09621657095158,51.22324647171414],[-127.08666504356633,51.22030474928052],[-127.0715057056167,51.232484519585036],[-127.06742258683599,51.22987805188352],[-127.04128348511637,51.236128373618016],[-127.02900234712615,51.229851675059415],[-126.99523398476099,51.24220132683486],[-126.95625974848129,51.233855732062814],[-126.9493066193238,51.238557512482636],[-126.92232861682592,51.2429529936719],[-126.91941288445837,51.251363971386525],[-126.92192899604058,51.25679571337909],[-126.91402470541617,51.26212306485613],[-126.92009196618521,51.271242409672276],[-126.91682203462145,51.27633745294572],[-126.92049710819104,51.278462285865004],[-126.92208038964743,51.28500158801791],[-126.89947459851861,51.292629159328975],[-126.89079163045679,51.30713219135552],[-126.86843110269761,51.30653831008664],[-126.86197667465701,51.31708676244632],[-126.85177066703447,51.32139861550001],[-126.81901393176221,51.3206021129431],[-126.81541106649654,51.31215305451891],[-126.82090131091377,51.30016219891403],[-126.81620098391419,51.294612570612415],[-126.76901002418685,51.29781465062127],[-126.76652149394852,51.30149951225345],[-126.77095510378388,51.308857770987046],[-126.76372241589019,51.313824146547994],[-126.75525952341587,51.313743110635514],[-126.75235640871858,51.33183331538745],[-126.73722403839987,51.33651524799318],[-126.72500032219256,51.344449493363925],[-126.7226580860423,51.353199615778806],[-126.72950352335215,51.36025255169644],[-126.71847367108973,51.36453492488361],[-126.71171842542736,51.376214599884456],[-126.71443684688934,51.39068123872226],[-126.70062408852812,51.396481508339406],[-126.70065248422465,51.40451324071552],[-126.69690797980596,51.406634097743996],[-126.70912793866755,51.41228376702681],[-126.71668713789487,51.425826560115325],[-126.73145933127662,51.43544864777778],[-126.72090855078453,51.45257418505512],[-126.70844119841873,51.45583848980012],[-126.7074242303785,51.46023636020088],[-126.71291253470474,51.46711360739882],[-126.70779392660145,51.47491279589393],[-126.70014717292156,51.478341381966466],[-126.68402633071592,51.46851493580734],[-126.66237833411368,51.44822360680268],[-126.62262317109663,51.44234745465235],[-126.61153593764632,51.421044059660105],[-126.60069002007242,51.418481100648066],[-126.59313178256853,51.40571401540043],[-126.58871581118912,51.40476879701322],[-126.56801364241751,51.40405602022901],[-126.5628425016119,51.41251551215625],[-126.55142850098215,51.41690124352626],[-126.53890878106836,51.40978869463084],[-126.52174258808093,51.42059698421328],[-126.49584464651231,51.425259634388986],[-126.48827264587096,51.430214982722866],[-126.4794429495428,51.44244573896694],[-126.47796040605256,51.45402476222338],[-126.46367645180018,51.45824831327237],[-126.4564788098127,51.466519460911925],[-126.45299757437272,51.48101773867258],[-126.44047705958772,51.487682168743],[-126.42593347494429,51.48075023919943],[-126.42673686677438,51.475549483325736],[-126.42314087846528,51.47790978708265],[-126.41789354233275,51.47399891130961],[-126.39177080015216,51.477161882204136],[-126.37218021893757,51.47300877823577],[-126.36725561628123,51.467940613911075],[-126.3680644965511,51.454389980742626],[-126.36550031269117,51.450671825249785],[-126.35320832895074,51.460109251984726],[-126.34429760435044,51.46286864846662],[-126.3244899115091,51.45732447167614],[-126.30386448288407,51.461879347615714],[-126.29986257329388,51.456908439279985],[-126.2899919278239,51.457626927966984],[-126.28279801472114,51.448828027506266],[-126.26329348873163,51.45225850474604],[-126.2494027233759,51.45025332503775],[-126.2375378807942,51.453915597741464],[-126.21634057434143,51.45284226295127],[-126.21018237180176,51.445475456339636],[-126.19513014489665,51.43697328554542],[-126.18514182202935,51.43902123702431],[-126.17548215469957,51.43355407140092],[-126.16588893063299,51.447084598853166],[-126.14499860649973,51.451415292959],[-126.1174568402536,51.448756122067074],[-126.10517812973819,51.4619239023476],[-126.10536467973733,51.46688639964118],[-126.09750201605237,51.47729422527956],[-126.10457701120902,51.48240115770108],[-126.10614965657965,51.487743654846604],[-126.10583464423296,51.49635243373556],[-126.10329513823176,51.49731503823594],[-126.11330805418955,51.5038790841093],[-126.11340563160543,51.51844022680994],[-126.08325759337735,51.52517719142189],[-126.08667942926625,51.535689683085494],[-126.07673591864415,51.547390599842764],[-126.07783887892465,51.54966267744522],[-126.0552687502857,51.560140013818994],[-126.05190752103512,51.57218990188241],[-126.06262735537518,51.581332283859666],[-126.05020737490148,51.58612931050596],[-126.05113935193417,51.590414046794265],[-126.05662362121622,51.59340799257227],[-126.0306524473327,51.604949659841644],[-126.0140103645077,51.590854747328265],[-126.00482006871052,51.59058942080174],[-125.98739669183185,51.58338441248041],[-125.9801485071827,51.589377186002565],[-125.97930022833177,51.5968820400308],[-125.96340764705191,51.60273921415578],[-125.95718705829452,51.62512010651779],[-125.93973241289916,51.63145001483505],[-125.9430156270311,51.64405756527245],[-125.95348450460138,51.649971563286016],[-125.94837150417956,51.65717860676108],[-125.9582055791555,51.66850669781717],[-125.93995174712768,51.675207357095346],[-125.94238115142201,51.68522896362762],[-125.95220546495143,51.686207489308075],[-125.95743994459757,51.69448329238357],[-125.9885143593399,51.686527843866955],[-125.99560383295864,51.68746240783676],[-125.99480510026677,51.69355392987628],[-126.00004024390677,51.70792800786073],[-125.99493802184884,51.71389198273724],[-126.00128419149343,51.72781862692693],[-125.98405879610957,51.733663051073485],[-125.98039164214411,51.743014203419456],[-125.96629299738068,51.74421863192455],[-125.95696969520336,51.757314373493195],[-125.93877077988114,51.748651140491226],[-125.92982422922175,51.75392535404301],[-125.936493781061,51.76476754278886],[-125.93464961977918,51.76968042937648],[-125.94291202307011,51.771277527554446],[-125.95597433005553,51.78002760317901],[-125.97388942022555,51.78126629500903],[-125.97670386994693,51.79185306079783],[-125.95372363641748,51.805094741242364],[-125.95856337290712,51.80987474078788],[-125.9586255215381,51.830722409515715],[-125.9549474173289,51.836401242362236],[-125.93658110357809,51.83906511488232],[-125.93886789548972,51.84875744417731],[-125.93657816032271,51.85700519501938],[-125.93302098917788,51.85888679550635],[-125.93449828996911,51.88169557653853],[-125.93047887442599,51.887075268089],[-125.93233471505943,51.891889717931164],[-125.92969039251011,51.89945256192452],[-125.92306334243801,51.90309712565716],[-125.90401449477385,51.89315417005014],[-125.89764317502244,51.89928326925732],[-125.88665798745338,51.898366253640134],[-125.87736552536458,51.901507993076166],[-125.8810362973876,51.907066239075206],[-125.89694261826749,51.91314205333462],[-125.89042400790483,51.92960822983317],[-125.89360393534898,51.93727271258315],[-125.89040550482667,51.945383801007004],[-125.89610091556322,51.953589971406],[-125.88781350947123,51.96055399211193],[-125.88051361472621,51.96224688856545],[-125.87835848399256,51.96822050899702],[-125.88279843050316,51.972461784098286],[-125.82852925052453,51.981036641551874],[-125.82890184126181,51.98702343782205],[-125.83583195477148,51.99503186196371],[-125.87177968839963,52.01164694882208],[-125.8732259319994,52.01571576793648],[-125.86498231012789,52.03048340121789],[-125.85329565827445,52.03497023207074],[-125.85454223538397,52.04138542970617],[-125.84234130866876,52.04937010188068],[-125.82629188567115,52.05169701552005],[-125.81906993448823,52.04473126094356],[-125.8063674859141,52.041185467436236],[-125.80133356141087,52.03454221304663],[-125.79386352629095,52.034632769336646],[-125.78896336081883,52.03071986039937],[-125.7825765620839,52.03219900958923],[-125.77437372729175,52.02712241236005],[-125.75557242022032,52.026643624129456],[-125.7303361500763,52.017159688355534],[-125.73194240457778,52.015241069936025],[-125.7178551426602,52.01122033353006],[-125.70904405775214,52.004383607620895],[-125.70380802983084,51.99302744145945],[-125.69952419043784,51.99083545346638],[-125.70209850936905,51.96657813996606],[-125.68195213943527,51.95291340749086],[-125.67430103343692,51.93865016190206],[-125.65917588383734,51.93410060299956],[-125.65487087383119,51.92208075212171],[-125.62403907313588,51.911393979581824],[-125.61114986020318,51.901332487062206],[-125.60166754777853,51.8981990966743],[-125.58426177702636,51.90140672567538],[-125.57618675904403,51.91297834607853],[-125.58477292032246,51.92296137804559],[-125.58077945365913,51.924847700804904],[-125.58465062490252,51.932699764665664],[-125.58181517858512,51.936046550994384],[-125.59142340416619,51.94371540348487],[-125.57952503138462,51.96053337232573],[-125.60312238072838,51.976102646848084],[-125.61346929648352,51.977150379187854],[-125.61720254121477,51.987394668482196],[-125.6120429338387,51.99360363062543],[-125.61513104516274,51.999003003555025],[-125.60633870551273,52.000085334237944],[-125.61401008056988,52.00751749715655],[-125.6332968090923,52.006976742609474],[-125.63977325913935,52.00254490818136],[-125.64676407404232,52.0095106109678],[-125.65777191448673,52.01268005640966],[-125.65716588197901,52.01720836163668],[-125.64836449602718,52.01749660115755],[-125.64821416923665,52.02184265284778],[-125.63371519766046,52.031378010848066],[-125.63391901371142,52.037323960883334],[-125.62686940874441,52.0429343111776],[-125.62772026293672,52.04948035070356],[-125.64325760285108,52.052493108070095],[-125.64820841639586,52.05675358434258],[-125.64009412806125,52.06217179862811],[-125.65102927947062,52.064750032170174],[-125.66616184388477,52.074293018524536],[-125.66587924642577,52.08818693060381],[-125.66195728544903,52.09293209117299],[-125.66366365391738,52.09687451197059],[-125.65619854454006,52.10191935075015],[-125.65503081068965,52.10635231959106],[-125.65898903653935,52.114426858918335],[-125.66969645066523,52.120562912817476],[-125.66060198547873,52.127442511744505],[-125.64558476340392,52.13008182804735],[-125.64437068672443,52.13809096687465],[-125.63104144132409,52.13982516983985],[-125.6255564353025,52.14814615633882],[-125.60951597034976,52.1487461726174],[-125.60767462621693,52.157481172256674],[-125.59607997040058,52.16108547971426],[-125.57428093467678,52.15897854249621],[-125.57147496999079,52.162469087620345],[-125.57526515255053,52.16547094004886],[-125.57597558446635,52.174475340482196],[-125.55181626959354,52.16802720973609],[-125.52725549995917,52.16881703749452],[-125.52062430345931,52.17304974261142],[-125.5010472945189,52.1735076061304],[-125.48522879020717,52.17836245949521],[-125.4869175843373,52.184013291031945],[-125.48031252171978,52.1878304471705],[-125.46942817807125,52.18547796204362],[-125.45248673469209,52.18894300011559]]]}},{"type":"Feature","id":1333,"properties":{"LGL_ADMIN_AREA_ID":280,"ADMIN_AREA_NAME":"Comox Valley Regional District","ADMIN_AREA_ABBREVIATION":"CMXRD","ADMIN_AREA_BOUNDARY_TYPE":"Legal","FEATURE_AREA_SQM":2519420693.372,"OBJECTID":1333},"geometry":{"type":"Polygon","coordinates":[[[-125.11377940424322,49.51456422437548],[-125.10838448914788,49.514564238669735],[-125.10672618767582,49.503863775744],[-125.09340405312618,49.502056623373775],[-125.09349946815382,49.49309280852903],[-125.08236659361579,49.49109979413065],[-125.08239483714569,49.48741935972163],[-125.07716701614348,49.48739961197805],[-125.07439626830089,49.4803969440391],[-125.06647094674555,49.476882286356926],[-125.05303438442478,49.47655472140252],[-125.05285366451541,49.48029655669931],[-125.036060436438,49.48361422842729],[-125.03336842580525,49.48551254556058],[-125.03589912201817,49.492766974929204],[-125.02220248685889,49.49098227693602],[-125.01958132396487,49.48011406511963],[-125.02495827332966,49.48005669301557],[-125.02498695291021,49.47479114180987],[-125.02221738622737,49.47480300866945],[-125.02222798531155,49.47113741349026],[-125.013993295329,49.46937064677626],[-125.01393324844085,49.465678888022566],[-125.01664078961059,49.46570484498735],[-125.01121808919643,49.46203790370594],[-125.01115842336876,49.45835069864991],[-124.99609017328152,49.45649942714314],[-124.99747781767724,49.454765771302704],[-124.98918567517323,49.451132714059895],[-124.98369749721347,49.45286808418925],[-124.98365002840784,49.445609593333884],[-124.97255009073102,49.44284181940264],[-124.9725078552909,49.431826686181374],[-124.9485043200042,49.431930681729746],[-124.93792461677815,49.4271857056357],[-124.92326160753099,49.43058477708527],[-124.915537968685,49.42691436395099],[-124.90257258610828,49.43239396263307],[-124.8589915505615,49.43254064805151],[-124.85635402434292,49.41945942721893],[-124.8230611783299,49.41933484805016],[-124.82302565064727,49.40488482002295],[-124.7340395259715,49.404944141221044],[-124.73438492673914,49.44076492397497],[-124.75708521542057,49.44075638342985],[-124.75680984711191,49.47613198233198],[-124.72390133112114,49.47350416065604],[-124.70832356116804,49.468393774554755],[-124.49006333694884,49.46764290679816],[-124.48143538674852,49.52271987796404],[-124.49134898431163,49.541037118275185],[-124.51528878769348,49.5617598656655],[-124.65042814115817,49.649032684135676],[-124.73483707691588,49.719307599697096],[-124.7653172643396,49.75156393270393],[-124.79271048255895,49.78684237487659],[-124.8419368573541,49.87212741985911],[-125.11599391991719,49.87212738747529],[-125.13207492082203,49.86753339031972],[-125.14620691705733,49.86955838427554],[-125.16126092213628,49.86475338849704],[-125.1633999254509,49.86994038233747],[-125.1972469319664,49.88618737958379],[-125.21158093420826,49.887264382463805],[-125.2141139296097,49.88393338097447],[-125.22538093986624,49.887953382002934],[-125.22636594510072,49.896642381337415],[-125.23620194144999,49.89555337381765],[-125.2380319447732,49.89263937570404],[-125.26517894931052,49.89550337707461],[-125.26809219315189,49.89055273056834],[-125.28157355936678,49.88793979820707],[-125.29490218742897,49.89042952388064],[-125.29510176157156,49.897316763801506],[-125.30360507858089,49.90197152738235],[-125.30409352712813,49.90557522426884],[-125.29651898674807,49.90688587250392],[-125.30152796472599,49.91895855506478],[-125.33354733819672,49.92050574461084],[-125.33549065928297,49.915973565287885],[-125.3554258399002,49.913659501221964],[-125.35904779904244,49.90322819467446],[-125.35704664542595,49.89994383123752],[-125.36111951254665,49.898032322323544],[-125.36174429183295,49.89369967066935],[-125.3588789593518,49.88750543263323],[-125.36475989340659,49.88473450434038],[-125.35964542847428,49.87999246226793],[-125.36525367810084,49.87332371440844],[-125.40305880793709,49.873316004411144],[-125.4031091048632,49.847972063677794],[-125.38310827867296,49.847989049192016],[-125.38309348154387,49.83940292875203],[-125.38868686913423,49.83939853155682],[-125.38868023708318,49.835781039103416],[-125.42366718261565,49.835818386315566],[-125.42348806677967,49.828787347023464],[-125.4863925596994,49.828810113354166],[-125.48638987259268,49.83931743975754],[-125.49655957302271,49.839317862505766],[-125.49830307570632,49.83120372374823],[-125.50866744430866,49.82736037647308],[-125.50856885403009,49.80654560688643],[-125.51801604567848,49.806526320957914],[-125.51799826250833,49.8029091499195],[-125.53522002156956,49.79870186551462],[-125.55098183773727,49.78686140270412],[-125.54065162936435,49.772798900031205],[-125.54761531446863,49.76792990595731],[-125.54765600560538,49.75646305808926],[-125.52939716321717,49.75646984748966],[-125.49277541794693,49.738039717454754],[-125.48743552242075,49.72636256116865],[-125.51642671757654,49.712820817796604],[-125.23351872399431,49.490533428899546],[-125.20691313286325,49.49124622755802],[-125.20673642224493,49.49432039053916],[-125.16627916607617,49.490363143497504],[-125.16616281475613,49.495675975030245],[-125.17028882077541,49.49569457777245],[-125.17177087400154,49.50616084481385],[-125.16408845189866,49.50798933744236],[-125.13379257130833,49.50195534192758],[-125.13383999931796,49.50920102795992],[-125.12828802945415,49.509181878641705],[-125.1421902670894,49.511034948097944],[-125.14209621237293,49.52194657475072],[-125.14769725942041,49.521929413884436],[-125.14992810674285,49.529150243171664],[-125.14234560129466,49.52913273858127],[-125.14238667198963,49.52551410982794],[-125.13686820980067,49.52551214449286],[-125.13690973440961,49.52189350169983],[-125.1259159133399,49.51827013568694],[-125.12595822102791,49.514651471047756],[-125.11377940424322,49.51456422437548]]]}},{"type":"Feature","id":1334,"properties":{"LGL_ADMIN_AREA_ID":287,"ADMIN_AREA_NAME":"Cowichan Valley Regional District","ADMIN_AREA_ABBREVIATION":"CVRD","ADMIN_AREA_BOUNDARY_TYPE":"Legal","FEATURE_AREA_SQM":4334928178.7931,"OBJECTID":1334},"geometry":{"type":"Polygon","coordinates":[[[-123.32279023764947,49.00229537738217],[-123.33165716538802,49.023963049593064],[-123.36593879901976,49.05106904836784],[-123.40250505621329,49.10135310779866],[-123.43004288468713,49.12257124354393],[-123.68352538937336,49.12231499691979],[-123.69802725384808,49.12929248725118],[-123.71539241243015,49.12851426430052],[-123.73346890587376,49.120210157435196],[-123.7050077420836,49.092431925541014],[-123.70921028085435,49.08909023366107],[-123.72415577325816,49.08917689392371],[-123.73505971979017,49.08276523132596],[-123.74223965481737,49.07421950348326],[-123.72631487605665,49.057325003155334],[-123.86460406694769,49.057420283279015],[-123.86458895826073,49.05014524830914],[-123.8673472593994,49.05012805007735],[-123.8648425054456,49.036965870609755],[-123.8846180057913,49.0371947329745],[-123.885381522189,49.02684181581257],[-123.89189846576951,49.02507119396112],[-123.92147788255079,49.03206968823656],[-123.93512966822958,49.027779938042066],[-123.95396397696021,49.028884338172375],[-123.95443586043274,49.02223955944874],[-123.96102066066048,49.02144508567766],[-123.99466224830746,49.031770950413126],[-124.01487814322353,49.03032998355782],[-124.02271711807175,49.02547803841055],[-124.03715574063034,49.02540754117748],[-124.03716424250167,49.0187550841988],[-124.03008764006397,49.018762826050455],[-124.03007151524736,49.01242912879328],[-124.02457056452049,49.01243481551952],[-124.02585245595706,49.00612389083766],[-124.0189835482687,49.00522274797507],[-124.01628069412043,48.99696874989936],[-124.0341327528628,48.996888909012206],[-124.03833198758845,48.99870740870718],[-124.03546071391698,49.00436347989798],[-124.06019588325972,49.011604409493906],[-124.06432209686706,49.01070119886388],[-124.05194993665744,49.00798293254343],[-124.05194020628467,49.00020108658512],[-124.06648274853723,49.00563599713837],[-124.08217957035829,49.006152333195516],[-124.08216858383395,48.99344672720595],[-124.08755121696497,48.991248125945255],[-124.08230052358019,48.98892277688338],[-124.08205424847861,48.98439877639172],[-124.09030219656648,48.98078099018059],[-124.1012987138612,48.97987731370397],[-124.10404839942275,48.9825916650721],[-124.10542555906333,48.99659121857237],[-124.11825524075947,48.99659129495388],[-124.12120854620404,49.00099927953914],[-124.13471157961102,49.00217209602305],[-124.17246067983804,49.0014023152359],[-124.17390977075857,49.00856966944312],[-124.20489933843206,49.008532118313184],[-124.20485913189914,49.00345684667174],[-124.22757286127627,49.003472409486534],[-124.22756741377063,49.007091465510136],[-124.23390209106876,49.007095036162625],[-124.2399532312497,48.99982511089446],[-124.23440842846917,48.997975496650575],[-124.23441404003341,48.993451390800935],[-124.24379516224386,48.993455706237974],[-124.24541724313919,48.98893244106193],[-124.25091589007536,48.98893468745452],[-124.25090599732675,48.999821852228756],[-124.27565677198713,48.99982168974239],[-124.27579304426663,48.996186671393744],[-124.28258113932125,48.996253771682504],[-124.28257917962142,49.001682596848234],[-124.2770788094897,49.00168178411865],[-124.27707694885162,49.00530079387048],[-124.28257778996324,49.00530158037616],[-124.2821655173495,49.013677928403396],[-124.2934924244167,49.01367877198879],[-124.29074550066171,48.997009173933996],[-124.30429620795908,48.997008893022006],[-124.30429667560402,48.999822712200974],[-124.31119851550822,48.99982252173614],[-124.31120805463317,49.004248367707646],[-124.31533363202455,49.00424785977955],[-124.31533445373964,49.007866743497445],[-124.32083552386409,49.0078657392026],[-124.32220826089365,49.00062755793311],[-124.32908376568558,49.00062594315704],[-124.33193936548653,48.99450457886985],[-124.34029807574986,48.99878426176099],[-124.37467708639815,48.99876556696821],[-124.37467278989465,48.99605095042544],[-124.3870383451533,48.99061268813336],[-124.37190842818221,48.9870043716224],[-124.3840338934841,48.9834554611925],[-124.39117096594556,48.98785061365238],[-124.40045752914345,49.01241424173243],[-124.40979907700972,49.01583588329859],[-124.41760932652643,49.02565373465811],[-124.45777585249317,49.02150183675521],[-124.4593568999225,49.01621519893767],[-124.45882057245623,49.02211356519241],[-124.45577069842264,49.02252161086716],[-124.45853978899741,49.03157279792528],[-124.46954284280741,49.02975812938043],[-124.46541342531982,49.02885748505785],[-124.46403190575516,49.02614468409895],[-124.46815107254454,49.02252182651141],[-124.46402046873436,49.020716409642645],[-124.4708940973253,49.01890024953879],[-124.50255446078751,49.02700618607385],[-124.49980830379663,49.028819095547824],[-124.50119746719281,49.033340813542715],[-124.48742856224237,49.02973879852942],[-124.48331958487559,49.03698112432033],[-124.48882621265774,49.037879495867905],[-124.48883587434017,49.04149827419362],[-124.45718533158632,49.04243572703293],[-124.45719595954154,49.0478639799436],[-124.46407986864781,49.04876226713208],[-124.4632305720627,49.0585363966136],[-124.472862806947,49.059463702048696],[-124.47564510471513,49.054042065579125],[-124.50454907624302,49.055009100276784],[-124.50595103838607,49.04958346489065],[-124.51744247526588,49.05291916386909],[-124.51982630874971,49.056585137052664],[-124.51809794404424,49.066350513248466],[-124.5280917642492,49.077493534847775],[-124.52805741280459,49.08262542803852],[-124.5321882497935,49.08263253664783],[-124.53214223744571,49.0934845652966],[-124.53765121791474,49.09349380356242],[-124.53348142784733,49.1025302477417],[-124.53619841872965,49.1115784194726],[-124.54170955646481,49.111587359842225],[-124.54169052956847,49.11610937902149],[-124.53477421029294,49.1224289132787],[-124.54289439747464,49.12843836685136],[-124.55180078654362,49.13036704146439],[-124.55464655387973,49.14246018885629],[-124.56660389700966,49.143639925877615],[-124.58133635496257,49.153868265383025],[-124.58838010766914,49.14811316372239],[-124.57815485423835,49.13186289706363],[-124.57645613601109,49.121717740932034],[-124.57910176455813,49.11376816414438],[-124.57579485614143,49.10844279225013],[-124.58352213504983,49.10458773162298],[-124.59820860456392,49.10667869958017],[-124.5971427323977,49.07571412056433],[-124.6025777128586,49.07571729377131],[-124.6025776113223,49.07933606155065],[-124.61084041879018,49.08114509079605],[-124.60808853021796,49.09742930905572],[-124.63013021395493,49.09742579951069],[-124.63012345245491,49.086569921286305],[-124.63563258998644,49.08656842627186],[-124.63563025764,49.08294984519801],[-124.63845538818583,49.082951295612176],[-124.63837723822415,49.07209281515532],[-124.6328686657652,49.070285057168036],[-124.62975275089292,49.06092344330261],[-124.626999546908,49.06092406459212],[-124.62975188859575,49.05911408414997],[-124.62974843981176,49.05187660559149],[-124.61598398193283,49.04826024403303],[-124.61460605930023,49.03921348796798],[-124.6077257290083,49.03649988528265],[-124.60772537375652,49.028357637702904],[-124.60534833702815,49.0283577000512],[-124.60720536963501,49.02063227942367],[-124.60307872878583,49.020632324118466],[-124.60307886084821,49.01791823716365],[-124.60720528231647,49.017918190033484],[-124.6072051523288,49.01429938367083],[-124.6182080087325,49.01339386375444],[-124.62096005209291,49.01791696444415],[-124.64126514751685,49.01700747864421],[-124.53945051894635,48.934323796248194],[-124.54979945156865,48.93210247935479],[-124.5457323703954,48.927592008270246],[-124.5499133936268,48.92654806542107],[-124.54616090175205,48.92148784589131],[-124.54523490537885,48.91046731716862],[-124.55102102505082,48.90776131275591],[-124.55023290390315,48.90142216278408],[-124.55939095617894,48.894840887065435],[-124.57034371584517,48.898486860669465],[-124.57286778986204,48.88876236021155],[-124.58252650964981,48.88856866234219],[-124.58939661959407,48.883163787638864],[-124.58889141428722,48.87901649147108],[-124.60419400748476,48.87990947031762],[-124.61637881918121,48.87682748219971],[-124.63910676225721,48.86164967858314],[-124.6407162414619,48.86562179285376],[-124.65171396780066,48.8683263687526],[-124.65414992377022,48.8625526265652],[-124.65025827628841,48.86002607198521],[-124.6547652784737,48.85522079207036],[-124.649362697986,48.84343260957801],[-124.65877505514639,48.83704503312576],[-124.66964855534246,48.840846246749244],[-124.67245329930985,48.8331355793521],[-124.66942400484987,48.829882678119674],[-124.68193257133498,48.821787475400384],[-124.6804903249445,48.81355223097662],[-124.69366099469964,48.79609330609165],[-124.73004782742493,48.7717069138069],[-124.73848232514364,48.758900077412655],[-124.73663945414394,48.750505787669],[-124.74162318738483,48.744850251384605],[-124.77345921496156,48.731690549545704],[-124.78750967015314,48.71771791895937],[-124.80198404345263,48.696580934311285],[-124.81979108207534,48.68942276315186],[-124.84976189227524,48.687437508611566],[-124.85497973738843,48.68325174984242],[-124.85195006341496,48.668095342801635],[-124.86963065482433,48.624985010886896],[-124.85034468887082,48.618563916620644],[-124.83852957882823,48.60879977618715],[-124.82297076317634,48.60169085425784],[-124.8019270755938,48.58274837091234],[-124.74334151960238,48.50381520585586],[-124.73327646995484,48.49547273137964],[-124.50292199980257,48.432588354702574],[-124.5029235449404,48.5607129874305],[-124.49949881945899,48.56071310375556],[-124.49949999251592,48.59261306421656],[-124.48922401357862,48.592612811185695],[-124.48928170756281,48.63503284262062],[-124.44546064613459,48.63502086396326],[-124.44546942917302,48.626772738038326],[-124.42542945634806,48.627030847407376],[-124.42306792928315,48.623915060876946],[-124.4175237676329,48.62576147413764],[-124.41623543513789,48.635642238933734],[-124.41057049503661,48.635638030916716],[-124.41057047535371,48.665761719499415],[-124.37779265421226,48.66612626896624],[-124.37851685821286,48.69507482526231],[-124.35665323552426,48.69535087758246],[-124.35623997533575,48.680877142904414],[-124.27973816136041,48.68181004978968],[-124.28084681543663,48.72284249208314],[-124.19791533911688,48.65415947146248],[-124.16782975769082,48.65417513303104],[-124.16782522294781,48.650555996712946],[-124.1569031133482,48.65056229698365],[-124.156885584263,48.64694318212913],[-124.15142398627259,48.64694594179244],[-124.15142057733424,48.643326774814106],[-124.14058086074313,48.64333147877024],[-124.14057820381394,48.63971230025241],[-124.11272534500527,48.639719675868164],[-124.11272762778863,48.65126470675432],[-124.01518874634837,48.651241432230485],[-124.01518407166974,48.64678234489348],[-124.00001477095385,48.645392523836456],[-123.94758622689308,48.645681516600284],[-123.94757964199057,48.638301116563234],[-123.93256147653979,48.638306313813935],[-123.91807042404723,48.642338125872875],[-123.9164971215096,48.64975445659225],[-123.90770858139183,48.65188263863911],[-123.90770757091077,48.644878400125386],[-123.90361128456887,48.64487843124372],[-123.90361087885766,48.63854383172239],[-123.89867006434307,48.63639573729486],[-123.8539915436751,48.638907747773935],[-123.85690718955753,48.63376609446674],[-123.85396112536067,48.62739965747408],[-123.85393596711039,48.60271071782602],[-123.83132257474831,48.605299631798026],[-123.83128709109768,48.60309817388693],[-123.82143850007972,48.60261939376435],[-123.8214243898622,48.61184964873023],[-123.80368342203911,48.61273989070829],[-123.78606769464966,48.61024983115611],[-123.78606907377124,48.6010602042146],[-123.76587882707004,48.60107771750584],[-123.76588364529186,48.604697341715784],[-123.74438449795034,48.60548455293206],[-123.74624006939055,48.62289053941716],[-123.72303767040427,48.622898692131734],[-123.72307859544108,48.619352550525626],[-123.71623692336944,48.619269708680484],[-123.71629491662017,48.61299945234625],[-123.70264919763417,48.612960948595045],[-123.70262533653153,48.616580719508015],[-123.69443732837172,48.616556869906496],[-123.69440069612142,48.62198658692334],[-123.68280630086797,48.624503768193414],[-123.6673689329131,48.61834758884772],[-123.66716774283799,48.608933229785364],[-123.65855161472938,48.60885781141368],[-123.658655386404,48.60253249844838],[-123.65324329040894,48.60249547402822],[-123.65327154872708,48.59716741385532],[-123.64815432838402,48.59716589254476],[-123.64817001161498,48.580876816576954],[-123.63998781757043,48.580874127593844],[-123.63999610667194,48.57357781407558],[-123.64326910159701,48.57358335120344],[-123.64556226745276,48.562709742708456],[-123.63464426528148,48.56274784024152],[-123.63462965123061,48.54882895217084],[-123.62800167530827,48.547485591289536],[-123.62802138930442,48.532944544684625],[-123.6171622817558,48.53293876972741],[-123.61716519243323,48.52930638666095],[-123.60899042392577,48.52930135511092],[-123.60900296062552,48.52206245825958],[-123.58731631065469,48.522012606567024],[-123.5874195684129,48.52572111675232],[-123.58172495258405,48.52572516668042],[-123.57937119424426,48.536055147962514],[-123.54711430125978,48.53573370485241],[-123.5482301727408,48.546058858554346],[-123.54406587857407,48.55084773322257],[-123.51733659951952,48.5565770231927],[-123.50742632180737,48.56416645584232],[-123.50136783648423,48.57745054841801],[-123.50138209010859,48.65383503270508],[-123.5154401182214,48.703394313875314],[-123.55217316234408,48.7340386584374],[-123.56981922936959,48.76181378851202],[-123.56742211246785,48.769495114170425],[-123.55312817805445,48.779713914465134],[-123.55847482700275,48.78859814674288],[-123.55290207052188,48.80012684154161],[-123.57585559251777,48.816838624104676],[-123.58570931913115,48.85587484318876],[-123.61176699531032,48.89018677331846],[-123.61529211355665,48.922767923738604],[-123.61221355588596,48.9471101914925],[-123.62012204215135,48.96415155075741],[-123.63171471546288,48.978987891204156],[-123.63091009046884,48.98304640943791],[-123.60311550099924,48.992687094954306],[-123.60148634134104,48.996345456230394],[-123.60595173410941,49.00329658456375],[-123.59506566953223,49.00727948572681],[-123.58871232003615,49.01545635337945],[-123.5802554368419,49.01690299606519],[-123.32279023764947,49.00229537738217]]]}},{"type":"Feature","id":1335,"properties":{"LGL_ADMIN_AREA_ID":301,"ADMIN_AREA_NAME":"Regional District of Mount Waddington","ADMIN_AREA_ABBREVIATION":"RDMW","ADMIN_AREA_BOUNDARY_TYPE":"Legal","FEATURE_AREA_SQM":27404252479.1819,"OBJECTID":1335},"geometry":{"type":"Polygon","coordinates":[[[-129.44795448593905,51.00005214492855],[-129.13200153095113,50.8170549655519],[-129.09859124025627,50.80761587402123],[-129.07770327299573,50.805269003279605],[-129.0547257926338,50.80750575790267],[-129.03608412968615,50.81396725372741],[-129.01080473680219,50.814213464196605],[-129.0057214415256,50.80152202057495],[-128.99528246305158,50.790342498367444],[-128.965824235497,50.77666693654137],[-128.89160824989625,50.77369591573934],[-128.8704092039277,50.778718233819546],[-128.84877442519976,50.790708219541536],[-128.84293910559393,50.77687309274994],[-128.82789283371451,50.75960446425711],[-128.8118259317017,50.74948931572879],[-128.7926009942143,50.742853617246155],[-128.77175892463956,50.7403907403428],[-128.7487016095314,50.742522043561635],[-128.7270185136339,50.750012509174894],[-128.71383869715308,50.759156311345215],[-128.68231902422062,50.7580370415692],[-128.64720841161656,50.74248733637727],[-128.61181910133482,50.738638448445656],[-128.58312177243053,50.743156191289444],[-128.53311661567693,50.76019901486394],[-128.51480954424576,50.77343579276555],[-128.50222806581175,50.79075171245015],[-128.49999883661766,50.76923520137525],[-128.4954590759979,50.75839712361637],[-128.48144168317705,50.74488556653137],[-128.47802392984346,50.73170488601319],[-128.47172141910565,50.72218343794203],[-128.44739754851656,50.702088361102014],[-128.44782709027555,50.68669247616784],[-128.4400522202529,50.66256395740307],[-128.42414453385285,50.64562356330993],[-128.39567082928116,50.631398967517086],[-128.38967505046034,50.611727287827534],[-128.36277384701606,50.585971617521444],[-128.340799743334,50.5721480731436],[-128.31303065476433,50.56594138033195],[-128.30460381286258,50.550460625158856],[-128.28761764566204,50.53564943132376],[-128.28317679481162,50.522662065886266],[-128.2732110379342,50.51130703637814],[-128.2505686886297,50.495356810125415],[-128.22528099160445,50.4866732662521],[-128.2057374403776,50.473765347179224],[-128.18359354733164,50.466141910183175],[-128.16945551102833,50.45015954432152],[-128.15321180706886,50.437770281952936],[-128.134824061049,50.43034021415094],[-128.1139991452383,50.42683019214381],[-128.09650556535172,50.412717622534615],[-128.0782110766115,50.4044193685637],[-128.05808149979097,50.40049854058727],[-128.03804196008346,50.4006059754814],[-128.04179022827336,50.38317895343409],[-128.05445024006784,50.370993126543674],[-128.06022244693622,50.35852721477987],[-128.05951439942288,50.338346717075815],[-128.05192952535188,50.32438138305473],[-128.02973757201644,50.30058236773883],[-128.01117851359862,50.28971914240021],[-127.96446229594348,50.27669003701871],[-127.93658829062497,50.27685537351169],[-127.9466181650793,50.26582555977875],[-127.9507660489722,50.250849664112],[-127.94728932094355,50.23601162475941],[-127.93643082720679,50.223818179785525],[-127.94600689642762,50.20430456818591],[-127.94380776941121,50.19010094857583],[-127.93560702881253,50.17837054923995],[-127.97371137578584,50.15847275245545],[-127.9857226716629,50.14551785084265],[-127.99010977265742,50.13070429193457],[-127.91879399245221,50.12915885883147],[-127.909543777972,50.118437392215206],[-127.89950253948616,50.11481094606116],[-127.88837445307044,50.12348924424312],[-127.88015368295933,50.12566477971064],[-127.87183482756014,50.14031068435365],[-127.86069081941507,50.146380865374006],[-127.85075568005118,50.14355773999048],[-127.84550836477213,50.137506583867676],[-127.82451941118589,50.14682084136257],[-127.80278948448043,50.14181395023107],[-127.78126350673018,50.14902821554006],[-127.77158052028237,50.146173968806394],[-127.76728614605781,50.153152924642086],[-127.77207203208103,50.15704114850053],[-127.75931568302491,50.16417586111053],[-127.74022291905263,50.161299056325824],[-127.73438141377692,50.16353805501747],[-127.73007396760961,50.17585204595818],[-127.74216643238908,50.18113428954235],[-127.7419238381011,50.18432658293476],[-127.7302191855164,50.18845345526129],[-127.70330159885742,50.18720070240275],[-127.70189332791185,50.199013298570215],[-127.6935076285003,50.205070300484984],[-127.69587764328632,50.21083519371563],[-127.67622703803323,50.22066140812591],[-127.66082507737458,50.23903180534813],[-127.63780852412494,50.23866431407921],[-127.63552866027852,50.24418495210524],[-127.63900724517137,50.248605887105356],[-127.59394766280478,50.26978124299901],[-127.5984258351429,50.28236213831034],[-127.56731864489953,50.28845961506588],[-127.5636907821359,50.29316473458342],[-127.54665095448074,50.29440097060239],[-127.52841495374166,50.28522833442552],[-127.52416569661105,50.27828793255536],[-127.49903830143045,50.27573556621891],[-127.48465378705745,50.26828457834448],[-127.47179778996207,50.267378698489274],[-127.44027567427452,50.25709619310878],[-127.42172786991596,50.25967495073369],[-127.41039372630672,50.25314650537505],[-127.38026941744475,50.26025671683192],[-127.37484819828435,50.25707499008734],[-127.3736656481186,50.24895456195814],[-127.33971625618695,50.23561546366297],[-127.32309477009726,50.23106843032721],[-127.30777225964006,50.23612296550065],[-127.29962096115473,50.2331627193885],[-127.29370914123169,50.236321024366234],[-127.29561268754577,50.24677746976717],[-127.28883862578279,50.25028165205663],[-127.29819805835521,50.261874951926636],[-127.29518402505599,50.26704150156069],[-127.29776265292347,50.275399082699835],[-127.29542965625778,50.27902558547538],[-127.28191245064221,50.27886850684454],[-127.27431804212608,50.27557496952745],[-127.26225734022213,50.28418274206322],[-127.24958689196046,50.27906067272182],[-127.23595937121371,50.265857689347435],[-127.22409816867649,50.26470861494553],[-127.21789322842297,50.270424013223966],[-127.2008705210355,50.27489277811993],[-127.1792568810452,50.26324109816051],[-127.16631174373872,50.2790386897896],[-127.16053731881927,50.29605187662031],[-127.14830934743352,50.29323131057277],[-127.1450052702343,50.29691931270662],[-127.1496161007353,50.30128716374124],[-127.14799613714541,50.31852767273525],[-127.11810058571365,50.31845524489862],[-127.11585579530406,50.32193570548177],[-127.10194835995675,50.31960073670482],[-127.0975553952883,50.32637770020819],[-127.09738394775356,50.332077382491036],[-127.10113157275032,50.33378863930024],[-127.09897580350254,50.33972172047999],[-127.09045867352381,50.34070342965697],[-127.07935233750422,50.33494089872906],[-127.07269729858437,50.335835131608526],[-127.06918998555741,50.33360926603443],[-127.06884798407522,50.32806598535984],[-127.05037356307271,50.3230894371179],[-127.04786988224244,50.31961750652037],[-127.05124415588536,50.31222366701306],[-127.04542181515929,50.30429466268225],[-127.034657852624,50.302142324556534],[-127.02586024313102,50.28740998040563],[-127.0170653920438,50.28115694351702],[-127.00633456293782,50.281090259789885],[-126.99864457644489,50.277392199084986],[-127.0013288266535,50.25515368633489],[-126.99818046164246,50.249378886208014],[-126.98089191753158,50.247208801913615],[-126.9732569651017,50.24168803050599],[-126.97234451692259,50.23377475763944],[-126.99061786206916,50.22418313388117],[-126.99342228585154,50.20066217883565],[-126.99137108319289,50.18255812294636],[-126.93747797304759,50.18155785551029],[-126.92590286125855,50.19316087920572],[-126.9197464661678,50.19536342369171],[-126.9004990887722,50.18662486048029],[-126.89977767886981,50.1810350098548],[-126.88694597708434,50.17406505926381],[-126.88349699179066,50.16294751826646],[-126.86561869029804,50.15607193241445],[-126.85302372717392,50.145288631616374],[-126.84010859575366,50.14201375437928],[-126.82469894802722,50.14292934851869],[-126.81360672403089,50.152387571009236],[-126.81865648648139,50.16795690762262],[-126.82231348339015,50.169659644313974],[-126.82029449051757,50.17128382748907],[-126.81178550373896,50.17244503307693],[-126.80342168360421,50.167819594848005],[-126.79688342138368,50.1753954151766],[-126.78058775832457,50.17724486123355],[-126.78108588685227,50.17334655451977],[-126.78674502062147,50.170028478314656],[-126.78425233644975,50.16080803513049],[-126.78017873467807,50.16024948630066],[-126.77976783989385,50.156089930707125],[-126.77153245349021,50.14909591824369],[-126.76566633509339,50.14740903204525],[-126.76363000817774,50.14161598780797],[-126.76734010971305,50.136116469573246],[-126.78555736678351,50.132465645402306],[-126.78829046563163,50.12367262223684],[-126.78526900813895,50.1215371566362],[-126.76785399163829,50.11846004973933],[-126.75190737782856,50.11185569133101],[-126.74795357413615,50.10698464705223],[-126.71079834136792,50.11593647535706],[-126.69445268603448,50.11461444897199],[-126.68330363528662,50.106791507889824],[-126.67976251563621,50.098742019093095],[-126.6674724021682,50.097071396905626],[-126.66643566122794,50.09039708720882],[-126.64804708273192,50.09225964891425],[-126.65095793413104,50.07410022463446],[-126.65626968366008,50.06979096541459],[-126.6763080052162,50.07341431649446],[-126.67553356103402,50.06540902940547],[-126.6985632172328,50.06096773955318],[-126.6939585419604,50.05617179686082],[-126.69975159484788,50.04774432406275],[-126.68994384854375,50.040694051422314],[-126.69596643101693,50.03243724211774],[-126.69430938005014,50.03117196102744],[-126.678921534259,50.026905140807195],[-126.67054582885609,50.015989832916084],[-126.65683782065818,50.01855623345459],[-126.64560211786726,50.02620861309931],[-126.63465017229734,50.02829759750192],[-126.59972453828823,50.02523430633984],[-126.59483320119091,50.028426294586126],[-126.58177349669063,50.026829425819486],[-126.5613483414033,50.03089949379474],[-126.56234294839635,50.02118734788625],[-126.54859658569346,50.015311436329405],[-126.54682535060664,50.0114419175822],[-126.55460632653084,50.003078544442694],[-126.56896662101161,50.00106863490249],[-126.5698106371571,49.99134424942072],[-126.55471462792453,49.979676584615234],[-126.53469817480946,49.98192239746567],[-126.52594845950553,49.979349219630485],[-126.51170154279089,49.95789478955173],[-126.49606696794346,49.964776620782104],[-126.4795614629802,49.952649703918006],[-126.47695017986268,49.94952839076561],[-126.4862627805758,49.94212341040745],[-126.4716869151776,49.93449894498828],[-126.47146711048684,49.92852304045306],[-126.47802948835083,49.920594902076694],[-126.47014788066149,49.91761448645769],[-126.46678058981965,49.9103283987957],[-126.4545913375233,49.90769546311173],[-126.43198131178887,49.91756973204357],[-126.42447667286228,49.91788796866033],[-126.41507759785144,49.91076099419921],[-126.3845731113857,49.908657255242524],[-126.37504008812448,49.915051629390966],[-126.35478002624967,49.91828824337934],[-126.3416401746525,49.92388885669966],[-126.34434264115201,49.933786232392485],[-126.35465706654094,49.940379126951626],[-126.35068995990237,49.94705334869441],[-126.34337226267064,49.95091598612988],[-126.32553181819593,49.953200474893556],[-126.32160033213354,49.96053524516151],[-126.3136667628781,49.963440224114294],[-126.30062957492548,49.975035852592505],[-126.28565537710647,49.976097570208644],[-126.27436698102188,49.98778318802057],[-126.2531635819158,49.995807845868995],[-126.24525461605758,50.00502086890355],[-126.2363790625887,50.0079132281668],[-126.23269896550077,50.01306305143002],[-126.22585243418453,50.0140039470735],[-126.22806394833944,50.01899555990011],[-126.2368916124428,50.02209090997422],[-126.2307261996334,50.02514035811338],[-126.2290051414759,50.033447386263525],[-126.23705418584893,50.04309403551612],[-126.22992960749423,50.0547445881881],[-126.24692779152812,50.05858869620713],[-126.25225694504759,50.06490515723208],[-126.24048068218791,50.071746246662656],[-126.23694124306893,50.08103858928149],[-126.22391486087217,50.0816621523517],[-126.22801728667854,50.087851393231496],[-126.23728283888208,50.09024938928131],[-126.24206170777771,50.09922990036006],[-126.21731715285986,50.108240527135514],[-126.21605821450709,50.11041128667568],[-126.22383564517855,50.117182523134815],[-126.22244968804077,50.120822616871585],[-126.16206861306566,50.12153350274785],[-126.16307630891943,50.12717952892193],[-126.15104391575086,50.14313517433867],[-126.14290955856923,50.144751343405495],[-126.12607054970132,50.140839157213435],[-126.12226595530045,50.146544192045944],[-126.11789978855367,50.14675069233289],[-126.11809257071715,50.15308855554725],[-126.11244335380583,50.157562999578545],[-126.09782819168791,50.15987021081984],[-126.0983575020962,50.16569476990671],[-126.09230256404905,50.16795312804325],[-126.09184003863535,50.179385267850414],[-126.06220225538291,50.177478417236046],[-126.04630109694672,50.17987657749482],[-126.04298282251953,50.191761648091145],[-126.04674799992917,50.194301393637424],[-126.03857524793354,50.197367680703174],[-126.04048584379402,50.207206945219085],[-126.03051781939583,50.21247788025449],[-126.03409284674188,50.216314563963145],[-126.03244579386272,50.22169200081711],[-126.03561309557934,50.22377599961944],[-126.03057972308908,50.23001046053966],[-126.0346931083772,50.23370494523961],[-126.03181139071583,50.236294091378504],[-126.03333426873786,50.24248618433453],[-126.02134283641188,50.24972372768961],[-126.02694328601511,50.25486295928922],[-126.02170781084634,50.266135556379474],[-126.01093372586479,50.26979892809558],[-126.00871017081712,50.27347496321426],[-125.99884906201356,50.273829693332374],[-125.99852125960591,50.27854458684977],[-126.0042881413638,50.280112880516214],[-125.99699450546156,50.29069973856716],[-126.00452560959327,50.29473228121248],[-126.0025677635034,50.30107781824458],[-126.00824597550871,50.30571012509157],[-126.02859766293275,50.306730275338836],[-126.04090993552505,50.3114824913543],[-126.04469822446164,50.317016365475865],[-126.04018279891176,50.31934126156267],[-126.03904976348586,50.32829915388996],[-126.04770512609994,50.33043252007625],[-126.0573192329123,50.33821184845896],[-126.0532691438214,50.344298255695776],[-126.04407522903861,50.34694336445212],[-126.02944001361074,50.34199828232305],[-126.00555959505175,50.34240979825391],[-125.98760991176361,50.34497335741752],[-125.98264297363016,50.34898713207815],[-125.98322578367133,50.35344806559372],[-125.9911893526984,50.36106166529158],[-126.01360321590332,50.37042773554486],[-126.02467696610402,50.368934628861034],[-126.02660415193513,50.38279538079362],[-126.03610143420377,50.39120306666359],[-126.04768065186693,50.39439737116661],[-126.05556433889055,50.40274442086485],[-126.07531094064574,50.395893514951105],[-126.10384885042635,50.40076402670331],[-126.11043476438962,50.39928574380047],[-126.1116340392748,50.469112306055315],[-126.15189758287666,50.472025339820945],[-126.18588750341733,50.47959269668598],[-126.29202955286351,50.492773845243846],[-126.3319899354218,50.5015728586071],[-126.29241637158921,50.530728384408576],[-126.24130235655129,50.532845420945755],[-126.22621534867048,50.53533058739942],[-126.22150718468431,50.54082579262213],[-126.19729439145229,50.53887624309712],[-126.19317629794449,50.54321655734084],[-126.19787437875387,50.557188409143706],[-126.19755567787713,50.57198356337903],[-126.1634523511037,50.58428911735627],[-126.15402443816245,50.59212985149809],[-126.11475001741358,50.5976967783437],[-126.05452248149217,50.61507632092629],[-126.01303170085397,50.61869062705357],[-126.00027560177229,50.62571433338242],[-125.94185534086226,50.63624612701318],[-125.88231988995562,50.63562828115824],[-125.86890227741573,50.64585145631526],[-125.84661687436197,50.62137965369086],[-125.84580333894218,50.6165720944628],[-125.85021497806801,50.609021087117696],[-125.84817624439442,50.58120160667445],[-125.86082862956609,50.57605181630031],[-125.85986853285294,50.56945485794671],[-125.85309194406325,50.5755810834275],[-125.84129252746794,50.57650341049081],[-125.83571290091479,50.57201491228476],[-125.82921305268586,50.574305983550765],[-125.81974600134944,50.56695472199412],[-125.81555330456952,50.567435034246095],[-125.79956501556477,50.5740964148603],[-125.79513554928094,50.586121539037315],[-125.77261567016689,50.59817396931421],[-125.7574326309029,50.60413857760201],[-125.72135018951391,50.608756579474026],[-125.70763946992408,50.605163414174164],[-125.69612074399906,50.605922476900766],[-125.69593572992929,50.598621783605125],[-125.69227418118386,50.59655888302804],[-125.69870864043759,50.59343135250169],[-125.68787969000648,50.57907792971248],[-125.67195573496322,50.57566863685319],[-125.66559652548754,50.582791589962966],[-125.65635190028831,50.58169864233648],[-125.65878991534734,50.586104509506505],[-125.65021610834545,50.598722112644],[-125.65236563206764,50.60405116197643],[-125.65013365559744,50.60521837024198],[-125.63703283358538,50.607863532095834],[-125.63313585280767,50.602232946345524],[-125.61951212338181,50.60044246314986],[-125.60984258184001,50.60961757033077],[-125.59312321018686,50.6108466642974],[-125.59754309976485,50.626608126749325],[-125.5838602063639,50.640256915569665],[-125.5866975186979,50.64315523466495],[-125.58261873619614,50.65028871001545],[-125.58183445965295,50.65946282865074],[-125.5846467816896,50.66480633672138],[-125.56048904737207,50.68356030464775],[-125.5620712261667,50.68693153742394],[-125.56684961778326,50.68748895641026],[-125.5678739144649,50.691724902387854],[-125.5575344883186,50.704433039318104],[-125.57744972035344,50.71270108748905],[-125.57832177654181,50.7187802224883],[-125.57491266036338,50.72404856640786],[-125.56304801006006,50.734093381523344],[-125.57525561113354,50.74430607971534],[-125.57595041292056,50.75449271228438],[-125.56550985603202,50.7661592137301],[-125.5642815342823,50.776689997545944],[-125.51871366547329,50.78212879525641],[-125.5139427153975,50.78575765154819],[-125.51388393596947,50.78995038156535],[-125.50771859693072,50.79326723808684],[-125.5158872898808,50.79845200245362],[-125.51394244012248,50.79985312722535],[-125.51772795586551,50.804940311453485],[-125.5311223905538,50.809015659849976],[-125.53799222852646,50.82208833496563],[-125.54669900913649,50.829347998156614],[-125.54506866000445,50.83334519079318],[-125.52997121979703,50.837147584946095],[-125.51656572809136,50.83589056868599],[-125.50293646747349,50.84715713850643],[-125.50695548328304,50.85825195344656],[-125.50038896538317,50.869383113257534],[-125.50529218489771,50.87891095884413],[-125.50341069424084,50.88483071195822],[-125.50676711437161,50.897701606819716],[-125.48789332789953,50.90901776866501],[-125.47557566715503,50.90807549557582],[-125.47059778643782,50.91454299917188],[-125.46442752598423,50.91573679972655],[-125.44605254252535,50.930500295090724],[-125.42473085383159,50.93457889597267],[-125.4160434885625,50.94299777571419],[-125.37583889819726,50.93934394751236],[-125.33883559768682,50.95311477172781],[-125.30806991535302,50.954371696319406],[-125.29442093035233,50.959872302937335],[-125.28275301502914,50.95981622437057],[-125.27768110512619,50.956086828035474],[-125.25394264255844,50.96225876072612],[-125.24998081315492,50.97045674174055],[-125.25482854258608,50.98574291374045],[-125.26455354087852,50.989206271496855],[-125.27548658249243,50.999432735393114],[-125.29303227644543,51.00379638740576],[-125.29781567299929,51.01030395577259],[-125.30914533544635,51.013944907302864],[-125.3120683739329,51.021876740574434],[-125.32121005257146,51.0272207304702],[-125.32251868837866,51.0338702568615],[-125.31950385307134,51.04293713251298],[-125.30854913151968,51.047857977057866],[-125.27984681980467,51.04738735666159],[-125.25798460685503,51.05702570260877],[-125.25036212023369,51.051070937216664],[-125.22931946655676,51.06036928147055],[-125.24176294670802,51.06328802355949],[-125.25468703837991,51.07429963162575],[-125.25620547074189,51.08891229052544],[-125.27970788192833,51.089769264732325],[-125.28380352545915,51.096598573621584],[-125.29578235436834,51.10069691030514],[-125.29589383100867,51.104899857258864],[-125.28583799894105,51.115992502915496],[-125.28344848227698,51.12548871872121],[-125.2836128545023,51.13374482833576],[-125.2934628477254,51.149336125810805],[-125.28089894812106,51.15698380108544],[-125.27413532830344,51.158752413359565],[-125.26842258839456,51.15610231089462],[-125.26021829621563,51.15990666591001],[-125.26846679121032,51.16733464709833],[-125.28425651926997,51.168526206176466],[-125.29303124781558,51.178406498745375],[-125.29457481563158,51.19018202228379],[-125.30228903768187,51.19276451081037],[-125.30640033313647,51.197895883767885],[-125.32512002535564,51.19829269158184],[-125.33231634111625,51.202179617343894],[-125.33101170287138,51.206583598929576],[-125.33789209776936,51.216194525346744],[-125.32970652599712,51.21618096458961],[-125.3250310106237,51.22655385729654],[-125.33329038241943,51.2302547196262],[-125.33764245468574,51.23911860591609],[-125.32997542691147,51.25467180948917],[-125.32146080248782,51.25603822033066],[-125.31585184040121,51.26401984240996],[-125.29502018513276,51.26275245108692],[-125.28777300603403,51.26893809399358],[-125.29358758030419,51.27927288607433],[-125.2899541846077,51.282207004806985],[-125.27466591861172,51.281445906118826],[-125.2675997635797,51.28692322778647],[-125.245654315067,51.29103271255955],[-125.23876359684654,51.29621909046527],[-125.22019479451711,51.30084469848338],[-125.2211131246297,51.30678996883211],[-125.21496872941174,51.30893891416936],[-125.20288955051193,51.325633875288965],[-125.21094220802044,51.3277214530235],[-125.2162029371156,51.33768567092718],[-125.2344870930397,51.34696716626142],[-125.24274278648996,51.36290463326841],[-125.26567031299658,51.37559978192577],[-125.29250624449153,51.382260375009615],[-125.29744116908095,51.38657349182504],[-125.31027566457787,51.38544367612709],[-125.3337989958095,51.39000971069937],[-125.34152032667909,51.394898990521995],[-125.34367170301559,51.40148621323656],[-125.33830168746907,51.42289018835887],[-125.3294547971404,51.42841754762361],[-125.32864957373266,51.4362518881317],[-125.33787724573045,51.44187493357216],[-125.33250531824454,51.45271118960636],[-125.31980913778911,51.45213581010424],[-125.31088869251043,51.4576271707072],[-125.33935206343656,51.4742849245609],[-125.33689829237042,51.482375997361565],[-125.33059562787994,51.48444205992687],[-125.30094436316811,51.47371416763443],[-125.29334421780943,51.47464554207667],[-125.28287960583485,51.485030302484766],[-125.28867090310939,51.50498152881597],[-125.24666201461605,51.51217026702666],[-125.24001664479314,51.51694692211857],[-125.24155194300509,51.52482564690456],[-125.25338027711064,51.5266434040398],[-125.26263681551005,51.53253262500041],[-125.2696406926146,51.54829435661348],[-125.24676295570576,51.55904406031068],[-125.2476947764229,51.56815330339385],[-125.28430843234051,51.570996358629515],[-125.28693439357217,51.57414678648195],[-125.2833101831568,51.58003200876445],[-125.28630232196971,51.58819753890364],[-125.28413146319888,51.59768268983286],[-125.2677046138349,51.60221313645573],[-125.253140032945,51.61871434612274],[-125.2242724103476,51.62888763723986],[-125.22341604104419,51.63304367692238],[-125.22826440524913,51.63928284965994],[-125.2453593291832,51.64477560367214],[-125.25374276526958,51.65409066299329],[-125.2483895418204,51.66073128708113],[-125.24711477945407,51.671950058618634],[-125.23489541352049,51.67800378436872],[-125.23599309887742,51.68413411706996],[-125.2332785785099,51.6876720712001],[-125.23796117719989,51.69118312689734],[-125.23675302321205,51.695536775684765],[-125.22208334377451,51.70251006138003],[-125.24963938115654,51.711041386817904],[-125.25012839136099,51.71447634436027],[-125.25987967267699,51.71792928675974],[-125.2562744897128,51.73004223269991],[-125.25050601015948,51.733156546198295],[-125.24716469068872,51.739956246610085],[-125.23594819140166,51.74543114822211],[-125.24391731114945,51.75743766778522],[-125.25009714218955,51.75828471867222],[-125.25574061784675,51.76438764282927],[-125.27512751704431,51.77242027142599],[-125.28537225680054,51.77055976558906],[-125.3097019087387,51.77664893647032],[-125.32262065068394,51.77329470549229],[-125.35178287210312,51.773584970987855],[-125.35635473481732,51.776657943071406],[-125.35737365008862,51.784027819488514],[-125.36796263306154,51.78958148265226],[-125.3690110820163,51.79381407924218],[-125.39522625266682,51.803243074910476],[-125.40548048448262,51.81359555689093],[-125.41957153664288,51.81725131291439],[-125.41714247583806,51.82491246428745],[-125.40711257978539,51.82679099799969],[-125.40351892387966,51.831894663238934],[-125.40478934405631,51.835759691543174],[-125.4193262493063,51.84020078617744],[-125.43015771391356,51.840400071368144],[-125.44237572937654,51.83501179416581],[-125.44985159805708,51.84009024942264],[-125.46485645059411,51.83943486904809],[-125.45880271402234,51.85142360875334],[-125.46278395039461,51.862365877511365],[-125.47396734078421,51.8635820092316],[-125.48300449029378,51.87838611495141],[-125.49080511471755,51.885265792865845],[-125.49722677446952,51.886019930921165],[-125.49672093247867,51.89603106675337],[-125.48447829913506,51.912828652840446],[-125.47830485592527,51.91503328105442],[-125.48377373081183,51.92113816801418],[-125.50411859990142,51.92030817504784],[-125.50471487477942,51.92431241387557],[-125.51233876955872,51.92553679346045],[-125.52743923526599,51.93856818911513],[-125.55006696758825,51.92293639924833],[-125.55269675086097,51.914941352916024],[-125.56872531047658,51.918555456688395],[-125.57844221949267,51.91097438577268],[-125.57845387429882,51.90610278028294],[-125.58632128675325,51.90157430320973],[-125.60158001380081,51.89880858541996],[-125.6115344302842,51.90164071116723],[-125.62498961351984,51.911485678809186],[-125.65454526891506,51.92187626038586],[-125.66114154529707,51.93480960202105],[-125.67436554699881,51.93753351037349],[-125.68116262610067,51.952203928295496],[-125.70130610081691,51.96609869878098],[-125.69946686965758,51.99068987965548],[-125.71720895566925,52.010818554574044],[-125.73303606233296,52.014850953491035],[-125.72981415199041,52.01747084422843],[-125.73639436948703,52.01733606209452],[-125.75557242022032,52.026643624129456],[-125.77437372729175,52.02712241236005],[-125.7825765620839,52.03219900958923],[-125.78896336081883,52.03071986039937],[-125.79386352629095,52.034632769336646],[-125.80232780403753,52.034662448041836],[-125.80670481995296,52.041681058226736],[-125.81956055319466,52.04495634899013],[-125.82505012002753,52.05136008291361],[-125.84234130866876,52.04937010188068],[-125.85512230591021,52.042324691211114],[-125.85459449146802,52.034198270087856],[-125.86487194871744,52.031493376324086],[-125.87296811265813,52.01427107910654],[-125.83447483156306,51.99399830573927],[-125.82890184126181,51.98702343782205],[-125.82852925052453,51.981036641551874],[-125.88233066583763,51.97399618841286],[-125.87843655899674,51.96527464367364],[-125.89640419523717,51.95197261543968],[-125.89040550482667,51.945383801007004],[-125.8948644496569,51.93779132271242],[-125.89079154737499,51.928762773608774],[-125.89737059319272,51.91386601194857],[-125.88231473766999,51.90752756806926],[-125.87790503853262,51.902012434148716],[-125.88781941971537,51.897888045010355],[-125.89764317502244,51.89928326925732],[-125.90401449477385,51.89315417005014],[-125.92213757959416,51.90309615190639],[-125.92969039251011,51.89945256192452],[-125.93233471505943,51.891889717931164],[-125.93026982051609,51.88761011750796],[-125.93465685942881,51.879990768718514],[-125.93300962975333,51.859381746934346],[-125.93886789548972,51.84875744417731],[-125.93658110357809,51.83906511488232],[-125.95602400109401,51.835106007602],[-125.95863963045834,51.8107922155763],[-125.95369773891447,51.80566001816107],[-125.97540094443697,51.792550628935714],[-125.97388942022555,51.78126629500903],[-125.95630573543097,51.78019212795686],[-125.94042263941193,51.77047444180576],[-125.93413571358758,51.77087049335857],[-125.93615786537043,51.76398446552169],[-125.9290144262085,51.755145763939986],[-125.9372514663217,51.74853525319285],[-125.95741002194195,51.756561772241206],[-125.96533557610033,51.74437272851636],[-125.98039164214411,51.743014203419456],[-125.98388385725085,51.73411020755348],[-126.00145644564385,51.72771842625445],[-125.99381151405916,51.710722332220726],[-126.00019185255559,51.70601730596288],[-125.9949547071118,51.69384692388472],[-125.99560383295864,51.68746240783676],[-125.9888706689324,51.68637186403488],[-125.95743994459757,51.69448329238357],[-125.95220546495143,51.686207489308075],[-125.94320958871992,51.68521118991293],[-125.93887618280122,51.67557607809702],[-125.95882224689962,51.66946053474785],[-125.949593572993,51.65788542612692],[-125.94916692297033,51.65364287883132],[-125.95472675737153,51.65131141357042],[-125.94222473731602,51.642709282624814],[-125.94050111944155,51.630077615269414],[-125.95864889257199,51.62404591150809],[-125.96240096616897,51.60357013882161],[-125.98031638562037,51.59610469806486],[-125.98091453006157,51.58828639282422],[-125.98869337911817,51.583221455545704],[-126.00306314839145,51.590249720317544],[-126.01448606681879,51.59101376830648],[-126.02980891398073,51.60412880870516],[-126.05578785593798,51.59464522076402],[-126.05104909906674,51.5915590500927],[-126.05116954977441,51.585416970086655],[-126.06263774349192,51.5805000657059],[-126.05197924491387,51.573484880553245],[-126.05467508538673,51.561039521225425],[-126.07711143156348,51.550857772485614],[-126.07708425822108,51.54638292833269],[-126.08685057356668,51.535243220086876],[-126.08224691954868,51.52835401843009],[-126.08360723506692,51.5247451725731],[-126.09340918724389,51.524862709478256],[-126.11189341422987,51.51958023428745],[-126.1145529505106,51.51620492390922],[-126.11327069554082,51.503710271690345],[-126.10460585048676,51.49868758434523],[-126.10522883342959,51.484087210856345],[-126.09797650327899,51.47634958444343],[-126.10442259103348,51.46779054005894],[-126.10531063711977,51.46109470005292],[-126.11856616800249,51.448512586431676],[-126.14259905162092,51.45149770575278],[-126.16543127927243,51.44783703738494],[-126.17100650091957,51.43666601311594],[-126.17738495123149,51.43279945008727],[-126.1864366114222,51.43921023896239],[-126.19484117096455,51.43670553679407],[-126.21018237180176,51.445475456339636],[-126.21505641133786,51.45241800317724],[-126.23922052408601,51.45394326575401],[-126.24854296935746,51.45045399156061],[-126.26796016373298,51.451946693825995],[-126.28179207656365,51.44866578635998],[-126.28882212157411,51.45717614993814],[-126.30037257365369,51.45737389075953],[-126.30496545975058,51.46200959868746],[-126.32576898205377,51.45736266369061],[-126.33411233922776,51.45821833186989],[-126.33628818411405,51.46238704942196],[-126.34542026123962,51.46273819018213],[-126.3643087108848,51.45128359993755],[-126.3680644965511,51.454389980742626],[-126.36597926200265,51.46285136232962],[-126.37126943191927,51.47259662345224],[-126.39271413325297,51.477204858352025],[-126.41867771893236,51.47405415788653],[-126.42202690350655,51.47782733590292],[-126.4276880034303,51.47619293190535],[-126.42683482166849,51.48148353900467],[-126.4416166553891,51.48756914300947],[-126.4519997664886,51.48269586048624],[-126.45514145114338,51.4697641600179],[-126.46367645180018,51.45824831327237],[-126.47740464052731,51.4547922617031],[-126.48026152923741,51.44151899733158],[-126.48733194746818,51.4310432284093],[-126.49327968734329,51.429745628032826],[-126.49673287935525,51.42488888419596],[-126.52282707455083,51.42040406356931],[-126.53720832757318,51.410150677969746],[-126.55077088327663,51.41700541235804],[-126.56007425889871,51.41435555424033],[-126.57029819602654,51.40454111743866],[-126.58871581118912,51.40476879701322],[-126.59313178256853,51.40571401540043],[-126.60271927426595,51.41946697832989],[-126.6111760347461,51.42003843390922],[-126.6223863379439,51.441888979077646],[-126.66443124822129,51.44907894608147],[-126.68257605660934,51.467267159663706],[-126.70049726009516,51.4782213436271],[-126.70714116496819,51.47574041071731],[-126.71325101796894,51.466391751424666],[-126.70720869683684,51.45738822650231],[-126.7195875686341,51.453759597994335],[-126.731801644427,51.43512252565671],[-126.71773730337229,51.42666042355629],[-126.71086064095608,51.41844517140579],[-126.71280294105597,51.41673837232396],[-126.7102065441617,51.413019325249294],[-126.6980054982801,51.40781382456217],[-126.70104101700296,51.395143661252284],[-126.71358681619256,51.39177683805687],[-126.71221661397192,51.37550985139624],[-126.71856293517516,51.36578975973125],[-126.7300746759462,51.35883765258825],[-126.72301728263776,51.35425884922322],[-126.72475353193448,51.34566281913333],[-126.7390638293071,51.336053146684826],[-126.75136361476206,51.33275857218843],[-126.7540878825051,51.31471592489961],[-126.76460504715243,51.31347826252225],[-126.77099187426892,51.30813200179271],[-126.76675010299648,51.30217538884647],[-126.76824000352104,51.297719029939394],[-126.8149936551009,51.29432723076914],[-126.82027277662064,51.29859163661102],[-126.81568960125448,51.31152571961915],[-126.82022049922828,51.32169180820573],[-126.85269216952395,51.3210627843655],[-126.86285108963854,51.31649117557218],[-126.86945915800496,51.30644011118218],[-126.89479214531116,51.305936140576996],[-126.89325251689148,51.300080750228965],[-126.89987796989152,51.292276655157266],[-126.92210337036371,51.2841746070009],[-126.91764853778074,51.2777191486873],[-126.918601930875,51.269528160957215],[-126.91250872637501,51.26078296509242],[-126.92218885180475,51.2562247507467],[-126.91963104679816,51.25245704918112],[-126.92306135313208,51.24227251052606],[-126.94795222409878,51.23898044181261],[-126.95674880937608,51.233810313228865],[-126.96606857847173,51.23686855982402],[-126.97006630037941,51.234248977698535],[-126.99523398476099,51.24220132683486],[-127.02872577940475,51.229954936060274],[-127.04128348511637,51.236128373618016],[-127.04773519259035,51.23566962280135],[-127.06686621482525,51.229709980643925],[-127.07563192222413,51.231055577948034],[-127.08768971043864,51.22011466031555],[-127.09621657095158,51.22324647171414],[-127.1283507964732,51.218119218481654],[-127.14087649645569,51.21088156797038],[-127.16899760494458,51.20580327966953],[-127.17057875430673,51.20275234795479],[-127.19667732121263,51.205348911179854],[-127.20937738467761,51.19894603155186],[-127.21510355553634,51.20144070572364],[-127.21599885631022,51.20724892844861],[-127.22693017770003,51.21636323918089],[-127.23544278768237,51.219552586164184],[-127.26751506905083,51.21994495686577],[-127.27659675291945,51.21195236918529],[-127.30939564313125,51.21504089028714],[-127.32438775610035,51.209291204762074],[-127.34582679297012,51.21869719025235],[-127.37047365808147,51.21601641443141],[-127.38810242669486,51.22278947024471],[-127.38782400031413,51.23062046246144],[-127.44693855073697,51.22844732658991],[-127.48323802495757,51.234373122869115],[-127.48800847151203,51.229167063446106],[-127.48916515062581,51.221206370376194],[-127.47390955536201,51.21888308440929],[-127.47052318970901,51.21328228768938],[-127.4578508208659,51.208357713062924],[-127.45822692181987,51.20424093852084],[-127.47185861779087,51.20124829785382],[-127.48263464871404,51.20568414476065],[-127.49686071899475,51.200520036451884],[-127.52233461765007,51.2064920434942],[-127.53681401661137,51.19907209909908],[-127.56552117595287,51.19690062816297],[-127.56957045827374,51.193449012969936],[-127.59584817038427,51.18963667350489],[-127.59860970653055,51.18650432463469],[-127.61108937236085,51.19088875603105],[-127.63534609267059,51.18831152907606],[-127.64733256193328,51.183171998522305],[-127.65797508668409,51.18666784728138],[-127.66544564583928,51.193733664413124],[-127.73912546713022,51.1912274859774],[-127.73910207120578,51.162286727317],[-127.7637186829556,51.16181910789265],[-127.77125368864156,51.158670105039874],[-127.78713867962573,51.16313509994339],[-128.00001664594618,51.00000509120252],[-129.44795448593905,51.00005214492855]]]}},{"type":"Feature","id":1336,"properties":{"LGL_ADMIN_AREA_ID":310,"ADMIN_AREA_NAME":"Regional District of Nanaimo","ADMIN_AREA_ABBREVIATION":"RDN","ADMIN_AREA_BOUNDARY_TYPE":"Legal","FEATURE_AREA_SQM":3187015830.6966,"OBJECTID":1336},"geometry":{"type":"Polygon","coordinates":[[[-124.75708521542057,49.44075638342985],[-124.73442551927195,49.440764926354376],[-124.7340395259715,49.404944141221044],[-124.82302565064727,49.40488482002295],[-124.8230611783299,49.41933484805016],[-124.85635402434292,49.41945942721893],[-124.8589915505615,49.43254064805151],[-124.90629939149304,49.43187585739942],[-124.915537968685,49.42691436395099],[-124.92326160753099,49.43058477708527],[-124.93792461677815,49.4271857056357],[-124.94816939152875,49.431929525793656],[-124.96617458160867,49.431830205929714],[-124.96752805623275,49.42655052169206],[-124.95100592013753,49.42749480299395],[-124.94808497313869,49.419382553998226],[-124.94122464550553,49.41939637199083],[-124.94116627484239,49.41577574049707],[-124.93557181308113,49.41123340878359],[-124.92689432330641,49.408637799609096],[-124.92947218927584,49.399816988496084],[-124.9178763948902,49.39773914721742],[-124.91997979018844,49.39469906303947],[-124.9117719993661,49.39216240252542],[-124.91171390246028,49.389476993664736],[-124.8956789902168,49.38693858585682],[-124.8957583087461,49.37736300433341],[-124.867989458114,49.37709020853054],[-124.86300812398696,49.36864345054886],[-124.86609022375121,49.361692807312785],[-124.84929792613336,49.354717830332966],[-124.84472632954588,49.355777642835584],[-124.834513034641,49.34935362457138],[-124.8345288467942,49.34559198009096],[-124.82626836963549,49.3437344957983],[-124.82621136923053,49.3391970310768],[-124.82206060786254,49.33919427357304],[-124.82206830303518,49.333766013881174],[-124.81533832728728,49.33376125134923],[-124.8137718723704,49.32923763914076],[-124.80824064286591,49.32651962873016],[-124.80020281867596,49.326564708488824],[-124.80008556037262,49.321796644533116],[-124.79452605530514,49.32184364439312],[-124.79457965525519,49.32543897181829],[-124.7831968805961,49.32549450900731],[-124.7830218615724,49.316449175623156],[-124.77341664403168,49.3165501015162],[-124.77327352882502,49.29864552555417],[-124.76402505271109,49.29679779734329],[-124.75817739536696,49.30131253286935],[-124.75247562513069,49.30117301939912],[-124.75298126640436,49.29038731050177],[-124.74745995273862,49.29023676200606],[-124.74805698055614,49.275777932880615],[-124.7150442891705,49.27509964247924],[-124.71501626488453,49.278707243130256],[-124.70393978880092,49.27870032206046],[-124.70391437523645,49.28231177641826],[-124.69838715680487,49.282308800703866],[-124.69844023364789,49.27509347978598],[-124.69291416585502,49.2750920997313],[-124.69296974401101,49.26788557142191],[-124.68819979824626,49.26788304582583],[-124.68752907023642,49.25707410109703],[-124.67647649805083,49.25704656064719],[-124.67653122907254,49.239098724035095],[-124.67313281192823,49.23896606004326],[-124.67308707009377,49.23169466213903],[-124.66193416317616,49.22796991435603],[-124.66197901182395,49.22430337183572],[-124.67317535052429,49.2243615706877],[-124.67313133132168,49.228028094320905],[-124.67872982068668,49.22805682821545],[-124.67881565423417,49.220838939728566],[-124.67326548592735,49.2208104426537],[-124.67333114950668,49.215339664198],[-124.68942626877534,49.21534730755141],[-124.68917659411905,49.170655067122986],[-124.67400665342511,49.1706880474952],[-124.6699079041538,49.17250499290892],[-124.66578791352875,49.18202299378356],[-124.65274747657816,49.1836072170401],[-124.65696768381254,49.17310576957023],[-124.63513899747619,49.169503927168904],[-124.63538330997423,49.16279324888916],[-124.62983567496349,49.16262964157486],[-124.6300832037457,49.158985249225495],[-124.59139732468162,49.15851636133013],[-124.59139644074423,49.15127509120418],[-124.5955387811431,49.15126999929901],[-124.59553830163993,49.14764936430946],[-124.59002576108946,49.146746808563314],[-124.59002551166164,49.14244913763834],[-124.58609109853748,49.14244947620145],[-124.58752169522178,49.1485247906339],[-124.58031416144476,49.15363937309998],[-124.56951153110204,49.148146345430774],[-124.56765187211136,49.14397054196806],[-124.55421363985877,49.142209139318965],[-124.55146601301229,49.13003569503893],[-124.53319281332573,49.12242623088055],[-124.54169052956847,49.11610937902149],[-124.54170955646481,49.111587359842225],[-124.53619841872965,49.1115784194726],[-124.53348904651021,49.10072157516434],[-124.53765121791474,49.09349380356242],[-124.53214223744571,49.0934845652966],[-124.5321882497935,49.08263253664783],[-124.52805741280459,49.08262542803852],[-124.52820356557864,49.07781491215388],[-124.51848032975238,49.06676829590269],[-124.51838406124851,49.053725413460384],[-124.50595103838607,49.04958346489065],[-124.50454907624302,49.055009100276784],[-124.47564510471513,49.054042065579125],[-124.47562594461809,49.05766082768388],[-124.46460227535407,49.059444508383315],[-124.46407986864781,49.04876226713208],[-124.45857416658549,49.048767447650675],[-124.45718533158632,49.04243572703293],[-124.48883587434017,49.04149827419362],[-124.48882621265774,49.037879495867905],[-124.48332189779761,49.03788581101325],[-124.48605511667743,49.03064507862175],[-124.4943076704291,49.02973063675258],[-124.49431781189357,49.033349407365314],[-124.50119746719281,49.033340813542715],[-124.50255446078751,49.02700618607385],[-124.49567324258699,49.02611015692843],[-124.49566554907122,49.02339605239851],[-124.48053598143757,49.02431833912594],[-124.48328496997233,49.02341059046127],[-124.46401666084445,49.01890699565067],[-124.46815704480954,49.025235961806665],[-124.46403190575516,49.02614468409895],[-124.46954082204815,49.028853429476456],[-124.45853978899741,49.03157279792528],[-124.45577069842264,49.02252161086716],[-124.45882057245623,49.02211356519241],[-124.4594590270305,49.016180294284474],[-124.45777585249317,49.02150183675521],[-124.4173844702038,49.02517571498146],[-124.40941911300779,49.01534974903857],[-124.40010798354471,49.011653831194096],[-124.39206257405168,48.98894336832262],[-124.38526890853772,48.98352260437775],[-124.37273985998416,48.986173274227966],[-124.3870383451533,48.99061268813336],[-124.37604627276185,48.9951452448683],[-124.37467708639815,48.99876556696821],[-124.34029807574986,48.99878426176099],[-124.33193936548653,48.99450457886985],[-124.32904790872426,48.99982190346725],[-124.32220826089365,49.00062755793311],[-124.32083552386409,49.0078657392026],[-124.31533445373964,49.007866743497445],[-124.31120746739334,49.00000551702286],[-124.30469904568743,48.99982273379735],[-124.30429620795908,48.997008893022006],[-124.29074550066171,48.997009173933996],[-124.2934924244167,49.01367877198879],[-124.2821655173495,49.013677928403396],[-124.28257778996324,49.00530158037616],[-124.27707694885162,49.00530079387048],[-124.2770788094897,49.00168178411865],[-124.28257917962142,49.001682596848234],[-124.28258113932125,48.996253771682504],[-124.27579304426663,48.996186671393744],[-124.27565677198713,48.99982168974239],[-124.25090599732675,48.999821852228756],[-124.25091500093552,48.9900103757242],[-124.2473485509605,48.98893319772917],[-124.24541252521459,48.993456526270776],[-124.23441404003341,48.993451390800935],[-124.23440842846917,48.997975496650575],[-124.2399532312497,48.99982511089446],[-124.239948604316,49.003478996197465],[-124.23444828966063,49.00347696481952],[-124.23444374074985,49.00689059663034],[-124.22756741377063,49.007091465510136],[-124.22757286127627,49.003472409486534],[-124.20485913189914,49.00345684667174],[-124.20489933843206,49.008532118313184],[-124.17390977075857,49.00856966944312],[-124.17246067983804,49.0014023152359],[-124.12808583066425,49.00217330286177],[-124.12120790627255,48.99840061910708],[-124.10542555906333,48.99659121857237],[-124.10404839942275,48.9825916650721],[-124.09646831655263,48.979876908853534],[-124.0862178948405,48.981685125782356],[-124.08205357561785,48.98657408152343],[-124.08755126706504,48.99073335026505],[-124.08216807575108,48.99617868543042],[-124.08355672264233,49.00615261746652],[-124.06235763835305,49.00563444158583],[-124.05194020628467,49.00020108658512],[-124.05194993665744,49.00798293254343],[-124.06294883885664,49.007986347028144],[-124.06432209686706,49.01070119886388],[-124.05607022848682,49.0116026381237],[-124.03820437937041,49.00616348319505],[-124.03546998049782,49.0011129983101],[-124.03833198758845,48.99870740870718],[-124.0341327528628,48.996888909012206],[-124.01628069412043,48.99696874989936],[-124.0189835482687,49.00522274797507],[-124.02447583383038,49.00522021015046],[-124.02457056452049,49.01243481551952],[-124.03007151524736,49.01242912879328],[-124.03008764006397,49.018762826050455],[-124.03716424250167,49.0187550841988],[-124.03715574063034,49.02540754117748],[-124.03482833935908,49.026001736427794],[-124.02377464765462,49.02519434062315],[-124.01155202907587,49.03083923502881],[-123.99500914337193,49.03173595296796],[-123.95996676424014,49.02121171189861],[-123.95425997552364,49.0224130072892],[-123.95396397696021,49.028884338172375],[-123.93512966822958,49.027779938042066],[-123.92147788255079,49.03206968823656],[-123.88530601404472,49.025116636488576],[-123.88576432566933,49.036049416352704],[-123.86485955613558,49.03842078218554],[-123.8673472593994,49.05012805007735],[-123.86459852737234,49.050117183693345],[-123.86458193855357,49.05655509351448],[-123.72631487605665,49.057325003155334],[-123.74223965481737,49.07421950348326],[-123.72459933781931,49.088966711447114],[-123.70575942102776,49.09011249245643],[-123.70708024862141,49.095728875270616],[-123.73351238452247,49.11984832719867],[-123.71457764954108,49.12859179042583],[-123.6972726027624,49.1290807175323],[-123.68462980203729,49.12244944612574],[-123.43004288468713,49.12257124354393],[-123.44147086385352,49.13130368897845],[-123.47637410274206,49.18366003032218],[-123.56483730484392,49.24777043382222],[-123.62406726318407,49.27249946518236],[-123.6866982448319,49.287650845745745],[-123.77402112734198,49.32151238342901],[-123.83462936659156,49.339004876450026],[-123.9179855563613,49.35226731501454],[-123.97560093139288,49.35299062928105],[-124.0799351748994,49.370829463440614],[-124.18154722628356,49.375084729341225],[-124.2520832617658,49.38325007733426],[-124.37487155081405,49.41135953179661],[-124.47198546101417,49.440163222867774],[-124.48573790450429,49.45101104087625],[-124.49006333694884,49.46764290679816],[-124.70688007567054,49.46764288116224],[-124.72389838168905,49.47350364453743],[-124.75680984711191,49.47613198233198],[-124.75708521542057,49.44075638342985]]]}},{"type":"Feature","id":1337,"properties":{"LGL_ADMIN_AREA_ID":322,"ADMIN_AREA_NAME":"qathet Regional District","ADMIN_AREA_ABBREVIATION":"qRD","ADMIN_AREA_BOUNDARY_TYPE":"Legal","FEATURE_AREA_SQM":6906317867.8932,"OBJECTID":1337},"geometry":{"type":"MultiPolygon","coordinates":[[[[-124.58036918823662,50.456319866068526],[-124.5803693630223,50.4089936799743],[-124.61153889161973,50.40910513361221],[-124.65736656021363,50.4145796077363],[-124.6774937396225,50.397316481255594],[-124.69153294274372,50.374460394364014],[-124.7086136520436,50.355862208317134],[-124.73614409803596,50.3390855975265],[-124.7654500073355,50.326779693723104],[-124.77532904003341,50.30893736758091],[-124.7654763312796,50.31302878828107],[-124.74103719569243,50.31525426920376],[-124.71909882246008,50.31295096745207],[-124.68107404789572,50.30022234465183],[-124.64965877162199,50.28122944312769],[-124.64192956053475,50.271450831655585],[-124.62801586533682,50.24216477989933],[-124.63444517250687,50.19820373977609],[-124.64403131187028,50.18193037852733],[-124.65756374456716,50.17172255433153],[-124.68887360109372,50.15815034163916],[-124.73862223675515,50.15097154740367],[-124.7600689705219,50.13348722417947],[-124.78479792257659,50.12176631294784],[-124.80064238924793,50.10296988030225],[-124.81598878971857,50.091971648343424],[-124.87488304942008,50.10623298706671],[-124.86112971173667,50.05776125568588],[-124.84100973406112,50.04262897481317],[-124.84222273224134,50.03666023949885],[-124.85046099791504,50.02749958393023],[-124.88075944819585,50.01105507377537],[-124.90924537972111,50.01031949383139],[-124.92404882613876,50.00574338822023],[-124.94509020523621,50.011412956677816],[-124.99183965510264,49.9808305080193],[-124.96563399918,49.96327410668121],[-124.9324962387944,49.93080534602356],[-124.88878665288445,49.91097708482269],[-124.85200722861917,49.88292322100826],[-124.8309141899748,49.85625153481801],[-124.80856830757435,49.81168586183635],[-124.7805541278403,49.770256492434434],[-124.74878344296604,49.73333960608717],[-124.7121930733862,49.69858320865672],[-124.64869875284376,49.6477964556981],[-124.53370592721762,49.5748725752649],[-124.49187999340148,49.54162905106232],[-124.48143538674852,49.52271987796404],[-124.48917629498831,49.48241671069397],[-124.48958335675928,49.46335008825314],[-124.48573790450429,49.45101104087625],[-124.47906070282912,49.44396365617941],[-124.37487155081405,49.41135953179661],[-124.2520832617658,49.38325007733426],[-124.18154722628356,49.375084729341225],[-124.08484762556684,49.371297622511086],[-124.03999464310319,49.36468875625064],[-124.03857562480773,49.40744535479229],[-124.04813365234725,49.45863702768636],[-124.06587914334028,49.521329020748894],[-124.08639019432297,49.55957089671452],[-124.11319958047272,49.58481523889319],[-124.24796419918968,49.663686039662124],[-124.28328702330252,49.70561242280419],[-124.24763790624239,49.7375425592496],[-124.23993995151694,49.75940236458465],[-124.13094382854062,49.77159784467121],[-124.05948902226022,49.79389947229509],[-124.04872216669946,49.800115211456806],[-124.02129749041518,49.834872051538326],[-124.02876967628352,49.854150958664555],[-124.04918809002113,49.87450879054185],[-124.04729821695285,49.884434977155514],[-124.03724403744417,49.90311572116139],[-124.0361537111751,49.927745816814095],[-124.0393758854943,49.9306250539627],[-124.0629582794057,49.932403564938205],[-124.05884389033142,49.93993255140262],[-124.06043710912024,49.94951702867512],[-124.05733518265166,49.95561555909319],[-124.05918921041943,49.96090532212684],[-124.0549302068721,49.967411089127815],[-124.05718641394505,49.975134694432285],[-124.05413218219603,49.98641441428852],[-124.06810230839619,49.991107606456936],[-124.09280278375478,50.006998421111824],[-124.1004633529407,50.01631609297037],[-124.11281287540983,50.015142980618755],[-124.11355470848962,50.02301488359133],[-124.11753973154732,50.02756367194049],[-124.11029648693673,50.03980248485678],[-124.13396806098892,50.04870279738895],[-124.13994360455398,50.0568410483582],[-124.14868390267263,50.05779521608645],[-124.15138785917225,50.0609673849174],[-124.13560038603163,50.07840688428115],[-124.14384976177774,50.08950272905931],[-124.15617483298844,50.09742147210176],[-124.1475297036319,50.10368627342998],[-124.14646373094318,50.11461676329162],[-124.13349017518527,50.11969893492532],[-124.13777979171577,50.12493456298534],[-124.13747834006939,50.13687477309423],[-124.12227325433493,50.13560364025777],[-124.10729004701935,50.14215830313323],[-124.08894014275754,50.137744823063805],[-124.07297921226339,50.14740016818227],[-124.07155790761834,50.15144265486957],[-124.08639465863922,50.171645438116954],[-124.09286677288213,50.17434090661553],[-124.0873303860999,50.18154314945143],[-124.0975910392293,50.18677113937955],[-124.09627362279855,50.19836791249517],[-124.0869651756716,50.21049837918331],[-124.09405271883145,50.208547108338095],[-124.10691211581752,50.21212484438345],[-124.12280348586306,50.20936907202345],[-124.14692875790595,50.21954551510602],[-124.16591545874597,50.21751274831933],[-124.17895160078112,50.22118069054435],[-124.16753732983801,50.22825334365924],[-124.16583044333763,50.24085911289169],[-124.14466743298995,50.25462446607246],[-124.14506073310822,50.25861191480104],[-124.15188321554645,50.26460443213802],[-124.16943702053509,50.272280865661614],[-124.16760460379167,50.28438117898679],[-124.15305571243383,50.294948392291595],[-124.15451678647217,50.298853238481534],[-124.1516222858019,50.30225866776808],[-124.15948748634767,50.32118760609517],[-124.1528069398612,50.32899177396608],[-124.1583536913591,50.335031499243854],[-124.14187217657972,50.34758804909318],[-124.12949171167716,50.34788884635218],[-124.12418449464647,50.34350431499202],[-124.10384480749434,50.36162284778218],[-124.08594285753276,50.36657908015625],[-124.06261487378579,50.362351638647475],[-124.0417913511012,50.346036460137306],[-124.02168199019664,50.35048392582367],[-124.018711885308,50.35670869170274],[-124.00066970466878,50.34640959241767],[-123.99113249275284,50.345130213823296],[-123.97938869078233,50.348225637103155],[-123.96676943298539,50.33951036035632],[-123.91480157932612,50.35820605156435],[-123.91398112186639,50.36412436618282],[-123.92094455510072,50.370123184386685],[-123.9224042674353,50.38279471141507],[-123.92639273707591,50.38464269219985],[-123.92148039154206,50.394637702920896],[-123.92406895027382,50.4007398468166],[-123.93208698255367,50.40459911022482],[-123.95148208741989,50.40454501918434],[-123.9603038261023,50.408259855605145],[-123.95154364833228,50.41737745230318],[-123.95004947708877,50.42165063779204],[-123.95268635285272,50.424677919006285],[-123.94737860530425,50.427643185779],[-123.93507570494569,50.44903754933815],[-123.9411522727807,50.455717754119505],[-123.95254758554375,50.45861091358433],[-123.9570336666711,50.46309786996297],[-123.95390152255685,50.466388253400076],[-123.95769916609443,50.471631282336624],[-123.96893207957343,50.48104949842162],[-123.98242504316343,50.48018992015265],[-123.99669075661366,50.472684913705535],[-124.009382142259,50.48983119897804],[-124.0053188743824,50.50429500269996],[-123.99854073453147,50.50489695461154],[-123.98043274773812,50.51672943913696],[-123.9559039028867,50.518700975235234],[-123.9342909365175,50.53231682293687],[-123.92296746913003,50.53002387163468],[-123.91285777174734,50.52151982341718],[-123.90343382242389,50.53019506466601],[-123.89608255878262,50.52794955339899],[-123.89626583755376,50.533155341971806],[-123.89256162314466,50.53467970268205],[-123.88544736362202,50.528102865131984],[-123.86995935044254,50.52420254793468],[-123.8626005529473,50.517449264434035],[-123.85399102696697,50.51438901755374],[-123.83800247603921,50.51483095998212],[-123.83390172765029,50.52376189918062],[-123.80789870037276,50.53103203881853],[-123.80401805595287,50.536814674944985],[-123.76533663946005,50.534943911387955],[-123.74382467589298,50.54316834702379],[-123.74793287704256,50.5479055108645],[-123.74590564843689,50.55877647186877],[-123.75882024960896,50.56824095735394],[-123.7560461053275,50.57842344010086],[-123.74548828408336,50.581538223817944],[-123.7560121518004,50.58502673718223],[-123.75944329133853,50.600256027943345],[-123.76496779635207,50.60419790511682],[-123.7663163175882,50.610175566177304],[-123.75855378617636,50.61436325858296],[-123.76033653501817,50.620610943440404],[-123.75740093755516,50.633229574950406],[-123.75060126087713,50.641331500371294],[-123.75506424868915,50.65271802965936],[-123.73851087905028,50.674410711740684],[-123.7380627790946,50.683238822479055],[-123.7309590637512,50.692492548283376],[-123.73058222783447,50.69922175959532],[-123.73512510307104,50.706306744870965],[-123.74655437858982,50.71346456980995],[-123.76567972051136,50.71976161121273],[-123.77455908951148,50.71901348409171],[-123.78252624785368,50.723333933413635],[-123.78939108135799,50.72145705960348],[-123.79287830647205,50.71552392923643],[-123.80140011154978,50.71686059446234],[-123.80753392244372,50.71357374984981],[-123.8145655143037,50.717191034880194],[-123.82203630637214,50.700501299991174],[-123.8261888850415,50.70500149216415],[-123.82799308870153,50.714434479175885],[-123.86258640249915,50.710742287546765],[-123.86988511386791,50.7158291395156],[-123.87149319038411,50.721066131906255],[-123.88406649884142,50.72321675383441],[-123.89202028523754,50.72103878646169],[-123.89836558889415,50.72746912786637],[-123.92062849929708,50.73875073662054],[-123.92113763415634,50.754989293554],[-123.9389284896717,50.750042089514906],[-123.95246129803034,50.75601269600264],[-123.95747768943514,50.776736719820335],[-123.97900353292732,50.78510646750817],[-123.97617635510338,50.79603377529203],[-123.97092809333127,50.8009158529329],[-123.98041186588782,50.80624036696431],[-124.0275678242817,50.81056590359772],[-124.03605958238745,50.816297329189844],[-124.03735160391909,50.82057854969515],[-124.07065267928365,50.82656487146016],[-124.08709736465669,50.816888121725945],[-124.08817108205315,50.80322655818602],[-124.0987551269477,50.797854366579415],[-124.09813481777424,50.791972696673604],[-124.10641863558614,50.78753972658075],[-124.11091182869907,50.78630292648708],[-124.13063198426055,50.79436917144038],[-124.15305065608582,50.78628967236721],[-124.1552300011373,50.78664581849396],[-124.15444591570828,50.792699007425],[-124.16027838356977,50.796302360116066],[-124.17770252452897,50.79896559799846],[-124.18771401488526,50.80403617673755],[-124.19272656493096,50.80284289915862],[-124.20572219104147,50.812610807352165],[-124.20823180925757,50.820935518635565],[-124.21241119999709,50.822666816135076],[-124.22418106611309,50.822964591270264],[-124.24408969669668,50.8163178609302],[-124.26077197840192,50.82272179890741],[-124.25643433838445,50.8344387751444],[-124.26313823955833,50.845282120011504],[-124.26014163474512,50.85543783418854],[-124.262867007572,50.86142280072214],[-124.28317890133025,50.859583451101834],[-124.3110922246292,50.84991425935774],[-124.32679675071759,50.85393359042096],[-124.32625944645582,50.84250331889533],[-124.33655738070364,50.83753545752659],[-124.3296154657884,50.83181312598896],[-124.32689395773043,50.81980314317479],[-124.35993894066996,50.80103131077593],[-124.36042581117887,50.79776106118142],[-124.35549270173102,50.796685332546524],[-124.35164182110466,50.78988610171798],[-124.37841369354611,50.78101110767877],[-124.38236593607027,50.77665650879889],[-124.37366817137892,50.76880913904651],[-124.36076543809183,50.76563886330697],[-124.35291045686652,50.75251099511909],[-124.34707238705325,50.74838067911442],[-124.37069635516733,50.7368316274726],[-124.38537284473999,50.718064709629175],[-124.4050380121645,50.71624650261594],[-124.41662336870127,50.704423742642476],[-124.42128003495961,50.708549039607654],[-124.43827530135663,50.71175810722543],[-124.47833943228567,50.698767851410786],[-124.4915320137004,50.69721775600039],[-124.49636209987497,50.699686044399826],[-124.52137512737758,50.69151981813744],[-124.53638783992712,50.676060702002495],[-124.5586625886016,50.67068647997589],[-124.57596779786594,50.6573059560358],[-124.58965993677702,50.66228034714532],[-124.60383799976924,50.66061808282124],[-124.59977198625509,50.65227683834071],[-124.60334111293133,50.63854730919881],[-124.58155640105902,50.6301581362338],[-124.58326515517106,50.621767742779014],[-124.57178345879773,50.612803567911506],[-124.56904550778896,50.60476407926965],[-124.58610262034553,50.59264326937735],[-124.58467952017307,50.58434437358531],[-124.57792586768372,50.578249333728934],[-124.58278812932058,50.57427803285063],[-124.56120035173693,50.55953179685487],[-124.56406554942399,50.554384854332454],[-124.55731414690335,50.548287585443795],[-124.55602008007733,50.54242292216328],[-124.55227966835089,50.53950188734624],[-124.53735983092531,50.53846170633994],[-124.5333689677968,50.52912477299411],[-124.51791074215373,50.52301368126611],[-124.51665269896769,50.51457585827381],[-124.51875189792864,50.501750222796105],[-124.51478303642467,50.48876981096895],[-124.51741774611355,50.48476018510998],[-124.52765245608136,50.48191213208595],[-124.55272679963775,50.4825196448623],[-124.56378297551683,50.473700442932504],[-124.56658791769387,50.464330987116696],[-124.57875232540508,50.46064992992857],[-124.58036918823662,50.456319866068526]],[[-124.7616488924468,49.98099574625729],[-124.76056811811637,49.981450397886555],[-124.76028629981772,49.98081030752],[-124.7616488924468,49.98099574625729]],[[-124.69193294412581,49.97467532794814],[-124.6904232716567,49.97463773901861],[-124.69174099284479,49.97426439382482],[-124.69193294412581,49.97467532794814]],[[-124.67504871894845,49.84457188834577],[-124.67471346879447,49.84540707463218],[-124.67388196675248,49.844774170447],[-124.67504871894845,49.84457188834577]],[[-124.76127745236256,49.98247414350419],[-124.76078559263993,49.98247871158147],[-124.76083787835748,49.98163296995347],[-124.76244202165906,49.98123234316921],[-124.76127745236256,49.98247414350419]],[[-124.69950980633793,50.067514081232616],[-124.69856894069262,50.067383945304826],[-124.69832006868538,50.06666800943088],[-124.70046967672957,50.066996323696905],[-124.69950980633793,50.067514081232616]],[[-124.6876197981518,50.065465919432455],[-124.68487279372694,50.06546355273942],[-124.68624639310231,50.06479856784052],[-124.69196881711694,50.064442111726706],[-124.69529536693767,50.064827859899964],[-124.69190389260605,50.06465698571578],[-124.6876197981518,50.065465919432455]],[[-124.70705988195657,49.97426034218643],[-124.7062242920529,49.97311798959761],[-124.70971056982131,49.97351337486887],[-124.71789803369015,49.97254401547499],[-124.71790164539148,49.97425031083538],[-124.70705988195657,49.97426034218643]],[[-124.75266428164305,50.04844184223136],[-124.75575548809167,50.04877667433748],[-124.75655479132328,50.045392634848994],[-124.75792798864799,50.04515471655773],[-124.75825726076864,50.05190104124201],[-124.75265260626668,50.05189330044619],[-124.75266428164305,50.04844184223136]],[[-124.50385117284056,49.84060685469697],[-124.5038045971027,49.84376246088721],[-124.49825489875792,49.84031188499731],[-124.4982582043973,49.83698665167809],[-124.50384910407662,49.83698860495623],[-124.50385117284056,49.84060685469697]],[[-124.70399448449882,50.049911509071094],[-124.7053017233823,50.048380749278884],[-124.70530920199326,50.04729640906876],[-124.70720751302538,50.04817051125207],[-124.70783329379833,50.04691104198431],[-124.70978668728078,50.04697227911254],[-124.708985112532,50.04920340625136],[-124.70935073306663,50.05003883725027],[-124.70836411244593,50.05116976704721],[-124.71154789736426,50.052037643621844],[-124.70994611039247,50.054105406804524],[-124.71054841268318,50.05620350722882],[-124.70874914251355,50.057038811381005],[-124.7079162387973,50.055871962930524],[-124.70782927312621,50.05137245909175],[-124.70346205738645,50.051068810045834],[-124.70399448449882,50.049911509071094]],[[-124.7038199091802,50.06686544870616],[-124.70276690545269,50.066359446014324],[-124.70083791481964,50.06674844571358],[-124.69934702138848,50.06566356853727],[-124.70091116769977,50.06546526241729],[-124.70091858794137,50.06082815499269],[-124.70234665956795,50.06080746825261],[-124.70232775331472,50.06027335892333],[-124.7045959136869,50.06078445128641],[-124.70630490454285,50.06210745073642],[-124.70805190315687,50.06173945102257],[-124.70858790962787,50.062631452202886],[-124.7084269094382,50.06400144635505],[-124.70691690560287,50.066361445010585],[-124.70409890460824,50.0672484508231],[-124.7038199091802,50.06686544870616]],[[-124.69566353524708,50.07147684707047],[-124.67636824487818,50.07912091879689],[-124.67626211071769,50.07607777712211],[-124.67672167996948,50.07596770025977],[-124.67649467886898,50.074693744384],[-124.67569016941785,50.07412970829017],[-124.67889774970938,50.07344473342656],[-124.6813999070333,50.07430797136034],[-124.68343854760919,50.074242440407595],[-124.68374163214008,50.073356571109834],[-124.68483840089871,50.07397027745555],[-124.68652546363323,50.07337011749594],[-124.69322258212294,50.06792979028386],[-124.68917708326413,50.068564401194415],[-124.68974949781622,50.067368776427685],[-124.69536370984575,50.06682816946947],[-124.69566353524708,50.07147684707047]],[[-124.66794823840645,49.99425169012179],[-124.65932920209671,49.98686387586236],[-124.65936143845163,49.98398211280733],[-124.66658634067218,49.98381489479724],[-124.66766428994526,49.98737930469487],[-124.67083471471715,49.99153421871154],[-124.67048542871197,49.99250168463894],[-124.67132644205678,49.99320465115912],[-124.67116872512383,49.99718259049937],[-124.66794823840645,49.99425169012179]],[[-124.67172271130227,49.99737698922826],[-124.68140607842204,49.99271268572141],[-124.68148959401249,49.99344454676449],[-124.67974273332446,49.99517885353646],[-124.67976652007496,49.9981512663936],[-124.6812593652838,50.00145768758676],[-124.68403681496964,50.00450259001109],[-124.68764106361317,50.01095788886134],[-124.68979623941242,50.01261628597975],[-124.68742913559602,50.01317119092351],[-124.6861007368932,50.01251164262915],[-124.68550562534274,50.01006247916962],[-124.67172271130227,49.99737698922826]],[[-124.68631724985894,50.012972384060035],[-124.6877560406159,50.01346836280064],[-124.68993200665135,50.01288433175316],[-124.6915289656365,50.01376803663341],[-124.69230021431413,50.01574850012228],[-124.69572878418292,50.01821112063543],[-124.6950469247459,50.02180547509622],[-124.69853816085889,50.024407852409226],[-124.69916714492115,50.025244144348065],[-124.69896044651388,50.02618711754479],[-124.70057586812551,50.0279713852999],[-124.69801474405239,50.030783759322986],[-124.69598423661347,50.03453276150718],[-124.69395133111023,50.03488179345997],[-124.69380704226302,50.03741204814851],[-124.69203597038536,50.03611452792837],[-124.68631724985894,50.012972384060035]],[[-124.64193733444475,49.917016799842855],[-124.64007754777124,49.9149771898683],[-124.63412279729796,49.91094750108076],[-124.62769520879586,49.90965736531468],[-124.6238344490671,49.90814051915992],[-124.62121685307396,49.90586424534117],[-124.61879478796713,49.90239146895495],[-124.61108614120948,49.89880935509652],[-124.60706648107073,49.89901539789597],[-124.588027833197,49.895703192636994],[-124.59817611538757,49.891035564116464],[-124.60734946455544,49.89588670334556],[-124.61283102676597,49.896196265018176],[-124.616833378202,49.895080534745425],[-124.61912732481981,49.895397265437815],[-124.62226358746328,49.901309444661266],[-124.62476529762684,49.902424574003476],[-124.6270403425186,49.902573392394835],[-124.63115510712245,49.904800697071124],[-124.62864117944585,49.90582428841848],[-124.62406562036567,49.90561066859571],[-124.62334911435164,49.90623120014172],[-124.62389942630627,49.90766354925433],[-124.62522005234192,49.90848221363872],[-124.62758471758218,49.90832243455384],[-124.62895816724543,49.9094716534731],[-124.63381360898131,49.91046646667327],[-124.64181680252153,49.91565046372115],[-124.64462696581467,49.91585612190084],[-124.64476276798528,49.91767171328546],[-124.64193733444475,49.917016799842855]],[[-124.65484515836081,50.08042847869742],[-124.65714771875854,50.08071847294713],[-124.65686114419516,50.08125444085591],[-124.65875332850352,50.08065151923828],[-124.65984209308066,50.08301033599609],[-124.66420049593218,50.082543540966114],[-124.66627748371752,50.08075872297262],[-124.66618746817835,50.0877331593401],[-124.63563315189703,50.08773201619151],[-124.63587539502583,50.080455318110864],[-124.65484515836081,50.08042847869742]],[[-124.71802003615686,49.96326694167582],[-124.72007381204412,49.96198622075656],[-124.72001273251111,49.960651398153],[-124.72415131145452,49.95871452497149],[-124.72784225876514,49.95837625636848],[-124.73439484072695,49.95933501419653],[-124.74020922686752,49.961400045326805],[-124.7366318677558,49.96173138317248],[-124.73660134206206,49.96259998021452],[-124.74081365420037,49.96263362893942],[-124.7408229241064,49.96208665060832],[-124.74169805559448,49.961884606243174],[-124.74271244920179,49.96256250411357],[-124.74829539274967,49.962404443223335],[-124.75121820226062,49.96311805249261],[-124.75346026225316,49.964721864874164],[-124.75641882838937,49.96881411358535],[-124.75952036723233,49.97015289018261],[-124.76040117910198,49.9721251178633],[-124.74333671045275,49.97213828462449],[-124.74317502023116,49.96852368632386],[-124.74037147303662,49.96852434434072],[-124.74020822100817,49.96487728596019],[-124.7309543322445,49.96501836016815],[-124.73128214015871,49.96078568367801],[-124.72566568604859,49.960707229588586],[-124.72470561976549,49.96477089375724],[-124.72377467796181,49.96495306345796],[-124.72377588877289,49.966660343820514],[-124.72016334510012,49.966660855791375],[-124.72014323577373,49.96472860751194],[-124.71787228511224,49.96393924306111],[-124.71802003615686,49.96326694167582]],[[-124.43855638043757,49.728335331126566],[-124.43686143552014,49.728221446464595],[-124.42902647947072,49.724153726337555],[-124.42738969409791,49.724686621619746],[-124.42820438926765,49.725926874975904],[-124.42791336718346,49.7273876429167],[-124.42339203312652,49.72700254549292],[-124.42221641954524,49.72619844805237],[-124.4212287592992,49.72654338439047],[-124.4215138913376,49.72686370283963],[-124.41856719331857,49.72710671540045],[-124.41524209847029,49.72540237721067],[-124.41520507122945,49.723621833289414],[-124.41335265249475,49.72194441211181],[-124.40972409163966,49.722213509040934],[-124.40890989318648,49.72329381286869],[-124.40779268443531,49.7235232771571],[-124.40577738174662,49.721901684363424],[-124.40922435680942,49.71881950979558],[-124.41712255563826,49.7148103309975],[-124.41795504400801,49.71489009010534],[-124.4233902117877,49.716946224043525],[-124.42504102822893,49.71915636399446],[-124.42855489745034,49.71987394904463],[-124.43108285982584,49.71931154178858],[-124.43725737072823,49.721276933753785],[-124.43998498755501,49.72501643381877],[-124.44187716667652,49.72617123010717],[-124.44262220055782,49.72740325485259],[-124.44269107678666,49.72782515919434],[-124.43981680915675,49.72869745634504],[-124.43855638043757,49.728335331126566]],[[-124.69249208553097,50.03879776101237],[-124.69190715988802,50.03639341001337],[-124.69371650284329,50.03787128915731],[-124.69451063762264,50.035380075622626],[-124.69547310392583,50.03479494636008],[-124.70205817717816,50.03707026799146],[-124.70058117250512,50.039844298417954],[-124.69842862134286,50.04017714824024],[-124.69774735761642,50.04116753869363],[-124.69905400933928,50.04376136620349],[-124.70478878765226,50.04065503891207],[-124.70638058762154,50.041814440862446],[-124.70500401868239,50.04798244939998],[-124.70303897977544,50.05103938424069],[-124.69536473368345,50.05050736069208],[-124.69536434566919,50.054608931244275],[-124.68967108302583,50.05461101764502],[-124.68967075374032,50.061847215464184],[-124.69529504590433,50.06184614061655],[-124.69529671945921,50.06398684102554],[-124.68645820837398,50.06450733652474],[-124.6842440208442,50.065463841114195],[-124.67865232583247,50.06546555704794],[-124.67843087675817,50.06184842085923],[-124.672809898791,50.061844133624135],[-124.67274204373655,50.05989327712042],[-124.68967108302583,50.05461101764502],[-124.69249208553097,50.03879776101237]],[[-124.73243507254152,49.95873049394939],[-124.72804754408203,49.95813483427618],[-124.72403530756014,49.958455400046326],[-124.71990020934443,49.96034274557553],[-124.71951251139363,49.962057508594825],[-124.71700956888783,49.96388006031233],[-124.71511090246517,49.96343592740488],[-124.7097555208818,49.96149117327167],[-124.70476785081019,49.95791720604613],[-124.70219148467551,49.95581428675386],[-124.69713068643298,49.94971802295933],[-124.7009323062607,49.94951744778448],[-124.7009445752731,49.948645033165384],[-124.69990808047712,49.94863767396136],[-124.69995911203989,49.945614519094214],[-124.71073214377705,49.94563119517752],[-124.71073684335039,49.94298225695738],[-124.7119840148654,49.942689794935156],[-124.71457959874763,49.94465310500143],[-124.71375108919008,49.94544532523144],[-124.71445898317596,49.94606164155091],[-124.71451355039584,49.9480303168312],[-124.71703689635714,49.94879267448029],[-124.71703399984568,49.94669840633515],[-124.71825745258882,49.94707066036054],[-124.71906324881783,49.94874892271394],[-124.72291950471381,49.949959340529276],[-124.72487695914951,49.952115712517305],[-124.7254578024187,49.95313355153827],[-124.72029490725518,49.95324174600008],[-124.72013366753768,49.95683855329157],[-124.73013502621589,49.95699355340573],[-124.73085260920206,49.95794001826362],[-124.732928365498,49.95878287809937],[-124.73243507254152,49.95873049394939]],[[-124.70455459585303,50.004928482370715],[-124.70292821237739,50.00418881421879],[-124.70002823549046,50.00642161823322],[-124.6964243343517,50.006810250505715],[-124.69513615888602,50.00840315182741],[-124.69492517435644,50.009696634132034],[-124.69215369235631,50.011439183580876],[-124.69229909320165,50.01371503785456],[-124.69187782036832,50.013618768442214],[-124.688115512159,50.010892520650906],[-124.68441168015764,50.004384713206704],[-124.6815752172942,50.00122374325588],[-124.68009492867736,49.997890161295686],[-124.68029654511568,49.99484252542234],[-124.68185513925367,49.99357416783772],[-124.68199179932867,49.99265472349843],[-124.68533677677907,49.991615153819225],[-124.69292907935375,49.99159722249847],[-124.69488539026175,49.99294089150033],[-124.70081429321537,49.9929061119051],[-124.70081453674145,49.99430606426052],[-124.70205006182476,49.99610671754537],[-124.70641410755543,49.999005866168226],[-124.70597847368533,50.00047091926779],[-124.70661227811108,50.00167262850964],[-124.70455459585303,50.004928482370715]],[[-124.49825607623639,49.86230861878464],[-124.47038290905232,49.862182859891966],[-124.47040107250413,49.85508376089538],[-124.48704191329722,49.85507833810487],[-124.4870493556098,49.84786517671967],[-124.49265723353138,49.847852259109054],[-124.49265333836898,49.844221352960574],[-124.49823144853306,49.84422375571899],[-124.49824945929196,49.841686797899854],[-124.50381636513406,49.84511240732078],[-124.50384953602442,49.85145518206476],[-124.50384960628783,49.85859814850102],[-124.49825203841009,49.858687638067515],[-124.49825607623639,49.86230861878464]],[[-124.67990342146088,49.96280891296252],[-124.6756778767442,49.96124599117309],[-124.6756474017573,49.958512515008415],[-124.67296775805094,49.954512545778464],[-124.67369146266665,49.95437617670129],[-124.67363171343324,49.95264641659153],[-124.6755383034342,49.952634752297506],[-124.67581483493817,49.95048160708102],[-124.6809136546012,49.95035535836085],[-124.68141232277334,49.956190122258995],[-124.68421759436143,49.956188041636445],[-124.6842306039596,49.9598083073311],[-124.68985656330908,49.95980625824836],[-124.68982977715575,49.95618623867898],[-124.69543903623574,49.95618353836113],[-124.69543089581437,49.952573468314],[-124.69703831175578,49.95410151366493],[-124.6993814740261,49.95316415130056],[-124.70184617536064,49.95596776862705],[-124.69975362801921,49.95693766069887],[-124.70133361145577,49.95843213217067],[-124.70368018650429,49.95740764812452],[-124.70967481834839,49.96182067298447],[-124.7193315112935,49.964596726970385],[-124.71986382263104,49.96531291631974],[-124.7197993153826,49.965899239694814],[-124.71788636091361,49.96607335922528],[-124.7178976602259,49.972364192784845],[-124.70978572753238,49.973163540933825],[-124.7097183322584,49.97064168792782],[-124.70456936993475,49.9706475001569],[-124.7046325367939,49.97268864126589],[-124.70593924223212,49.97297356952682],[-124.70668167104236,49.97426077765137],[-124.7010740319785,49.97426237155306],[-124.70107548097577,49.977878302417636],[-124.69546620087814,49.97788049488748],[-124.69545980050323,49.97065250182379],[-124.68984933490894,49.970655227905446],[-124.68991102620669,49.96658177919252],[-124.68569684411433,49.96649861525107],[-124.68564594190941,49.963431919133605],[-124.67990342146088,49.96280891296252]],[[-124.70814512004782,50.04657144514753],[-124.70730831901503,50.046828820994946],[-124.70719400916684,50.047851397740565],[-124.70546491535359,50.04652962332896],[-124.70632885122967,50.045242175425344],[-124.70680035752017,50.04179927258553],[-124.70555731393763,50.04056728992709],[-124.70413846168942,50.04064210492229],[-124.69958638517829,50.04351071326235],[-124.69821590170994,50.041569939256746],[-124.69860005535571,50.040471462675455],[-124.70089553207677,50.040033076224034],[-124.70125275605346,50.0387550917048],[-124.7024440355624,50.03792359959007],[-124.70247167706118,50.03701473092035],[-124.70166472342214,50.03629799813268],[-124.69644310812737,50.034836369861104],[-124.69822697855417,50.03117192256431],[-124.70083642091328,50.02881306755053],[-124.7009828699766,50.027906953776466],[-124.69937064658015,50.0261271420747],[-124.69957678219926,50.02519317022705],[-124.6988912612022,50.02426326417359],[-124.69552514832922,50.02185695246956],[-124.69610226047156,50.01808872962254],[-124.69209614710842,50.01486925005573],[-124.69264891578653,50.014199164490066],[-124.69263223803063,50.011396566216426],[-124.6956290277349,50.009455971413125],[-124.69657359149397,50.00707604288211],[-124.70025662036448,50.00664773016771],[-124.70306993695874,50.004447733091126],[-124.70388353485735,50.00468636984762],[-124.70375100794907,50.00730660563558],[-124.7054517949842,50.00797070766593],[-124.70585018583813,50.00997327925767],[-124.70701671937044,50.01053776706541],[-124.7083843788136,50.01342015306954],[-124.7100158149284,50.01383761559943],[-124.70966246132764,50.017574876710604],[-124.71088419325184,50.0181059672282],[-124.71118244149635,50.018972109872074],[-124.71288331395415,50.01897238052281],[-124.71398314358589,50.02073807978179],[-124.71454723407477,50.024739789824636],[-124.7158511095411,50.02663990552833],[-124.71628702983448,50.0290047317693],[-124.7179807472131,50.03107233426404],[-124.71941476493508,50.031270571057256],[-124.71911695530862,50.0364051919482],[-124.71661490598662,50.0388048277575],[-124.71301416812929,50.0398040498622],[-124.70867914440878,50.04330595364844],[-124.70737157012843,50.04481951324439],[-124.70737186675004,50.04640333481595],[-124.70814512004782,50.04657144514753]],[[-124.62665059143013,49.94909550024059],[-124.62566650368339,49.95126803878555],[-124.59608761524682,49.95124715461279],[-124.59407379474693,49.948769822529236],[-124.59156651616567,49.948336533642866],[-124.58952360593247,49.9468039675332],[-124.58690833531753,49.94660592183892],[-124.58636918810821,49.944845834224296],[-124.5836100935947,49.94412348941056],[-124.58283934107544,49.939996437000545],[-124.58491932203077,49.93659500104018],[-124.58344701994804,49.934379922022636],[-124.59132700083293,49.929500335956234],[-124.59280401154335,49.92698930054358],[-124.59698817990719,49.92647222350353],[-124.60176304398166,49.92411269735871],[-124.60824765651388,49.92217450927499],[-124.61041929897735,49.920489328541116],[-124.61274710790238,49.924832934576],[-124.6142225384215,49.9259502431335],[-124.61451097335457,49.92827587432858],[-124.61315700617722,49.92974287707772],[-124.61347590391681,49.932603273312694],[-124.61616209165405,49.935435196094375],[-124.61808781840962,49.93613691690438],[-124.61882469714908,49.93912638523897],[-124.62058896434371,49.94234435436403],[-124.6228180569097,49.94327562029198],[-124.62497367663943,49.942305481567125],[-124.62651315687911,49.94266167870136],[-124.6271721560103,49.9443164650936],[-124.62665059143013,49.94909550024059]],[[-124.64741999138727,49.9231886375034],[-124.65302075183965,49.9234738291357],[-124.66428230007317,49.93417401723047],[-124.66431332271071,49.92725995186243],[-124.668819063207,49.93285086493732],[-124.6735939661399,49.93559704273634],[-124.67467088076111,49.93817686161071],[-124.67219232348768,49.93830799192507],[-124.67235167669837,49.93956060854191],[-124.66989866990434,49.93969033523365],[-124.67580279706799,49.94534437620944],[-124.67580301184373,49.948963794378585],[-124.67017326968478,49.94899396331018],[-124.67018054090819,49.951625147054465],[-124.66874505951729,49.951632091256336],[-124.66884232814098,49.95444605790601],[-124.67244869899115,49.9543941053006],[-124.67506357524258,49.958224121602846],[-124.67532520870223,49.96142067815129],[-124.67967867496841,49.96303703818704],[-124.67983648191927,49.96390274770038],[-124.67899300259184,49.963921005643364],[-124.67776263308397,49.965192668673545],[-124.67568628619384,49.9640885329349],[-124.6745995594089,49.96449018855247],[-124.6799289453311,49.970188751289335],[-124.67906842259069,49.973475306196576],[-124.67798263735322,49.97445199643044],[-124.67901455244336,49.97550653348519],[-124.67672394059299,49.97582863278058],[-124.67672319765556,49.97750075290937],[-124.68130006526137,49.97749274046989],[-124.68438077982809,49.97927274082255],[-124.6868826632796,49.981672155624686],[-124.6865158648796,49.98260689213111],[-124.68834781869143,49.9866730332735],[-124.68839356432557,49.98847819647442],[-124.684572090647,49.988855824630804],[-124.68455374089449,49.991573529183036],[-124.68220066710678,49.992305397396706],[-124.6830868639819,49.990651003522345],[-124.67972731556236,49.98884228754781],[-124.67740616921294,49.986460790044404],[-124.67762836058753,49.984627147030324],[-124.67909168574838,49.983346708870926],[-124.67645815590875,49.98019616503478],[-124.67631733334083,49.97772464453927],[-124.6733363987315,49.97671980028472],[-124.67347973564387,49.97605212100747],[-124.6719862245255,49.97466148444246],[-124.67387513095487,49.972700367142956],[-124.67368462344919,49.96978431777234],[-124.67077279080188,49.967977877585774],[-124.66836490800964,49.96377600774028],[-124.66536982404286,49.962406875790606],[-124.65964884797113,49.95757324767176],[-124.65950568057251,49.95525914356285],[-124.65841150533534,49.95449225081426],[-124.65820456595101,49.95176529661333],[-124.65560937106743,49.95003490259287],[-124.65291479985576,49.94920084709039],[-124.65231587741768,49.94735645891656],[-124.65066960154101,49.94596322634358],[-124.65054970025363,49.944647198283945],[-124.64791420202904,49.941001318449025],[-124.64983102214335,49.9393819866344],[-124.64982594449464,49.93860850711676],[-124.63872667698547,49.9304682037636],[-124.63595431651017,49.92755256288686],[-124.63719925118271,49.925511163890135],[-124.63698128369421,49.92347242185564],[-124.64741999138727,49.9231886375034]],[[-124.6481441181288,49.878969500510834],[-124.64510890412151,49.87692529196892],[-124.64164252948376,49.87605774308441],[-124.6388438482816,49.874379399828406],[-124.63617698769278,49.8717273675942],[-124.63630725610872,49.870215237473936],[-124.63543581722378,49.86783340743735],[-124.63021056292571,49.863949729962336],[-124.6303187593575,49.86219335487233],[-124.63226657733509,49.85850662510644],[-124.63776739998423,49.85247343274947],[-124.64496730466773,49.84858524966785],[-124.65201351278999,49.84592068619292],[-124.65756420644641,49.842253611626326],[-124.65787257937635,49.84115956295255],[-124.65962147188975,49.84143171096958],[-124.65945197878939,49.84015754242423],[-124.66093279048575,49.83913742809577],[-124.66559460182746,49.8387913429253],[-124.66764392211452,49.8397252778826],[-124.66840816407773,49.83931860904208],[-124.6687730765197,49.83740563520934],[-124.66960254364899,49.83720436548069],[-124.6713045437054,49.83861069282582],[-124.67153327680813,49.84001035292148],[-124.67112998762835,49.840853701687806],[-124.66948138598684,49.84143457655906],[-124.66939466098802,49.842505492253245],[-124.67099333201357,49.846161289010084],[-124.67178626218583,49.8513587068507],[-124.67173596793988,49.85638733366319],[-124.67254276425251,49.85877766366394],[-124.67202368687347,49.86025140256277],[-124.66983820043609,49.863071383731345],[-124.66473725213159,49.8676595878823],[-124.65840398332624,49.876997369041206],[-124.65359374015753,49.87959367999322],[-124.65086462016731,49.882376194452966],[-124.65084136608571,49.88098247200245],[-124.6481441181288,49.878969500510834]],[[-124.6593696107714,49.98325156212013],[-124.6449033126882,49.95128039007633],[-124.62614359949112,49.95127034555444],[-124.62729716269301,49.94815547274785],[-124.62755975157731,49.943474512828374],[-124.62587237156522,49.942077010971424],[-124.62284904623066,49.94300534356311],[-124.62094199243379,49.942195503735135],[-124.61902787573085,49.93867830851352],[-124.61848222927149,49.93604146451569],[-124.6164583848725,49.93519270517217],[-124.61369470093312,49.93221795146139],[-124.61354348219591,49.92985443165409],[-124.61493665222916,49.928296930784185],[-124.61464689128985,49.925971319366866],[-124.61294252576658,49.92458285960194],[-124.61138422736519,49.92092566169703],[-124.61025192629742,49.92009138517074],[-124.61099405974407,49.91904217869638],[-124.61278066900266,49.918284267091714],[-124.61672757393782,49.918327906616156],[-124.61671323307436,49.91985515973441],[-124.61951038382054,49.91985204216955],[-124.61948704163281,49.92166148104789],[-124.62501991738672,49.92162702860398],[-124.62514645410458,49.91449169624735],[-124.6211750797545,49.91453659210822],[-124.62307565820419,49.91311603848825],[-124.62317579390026,49.911708845107576],[-124.62596491258012,49.91140676706028],[-124.62734561360318,49.90974102166498],[-124.63395216516405,49.91109530907924],[-124.63962326716317,49.91489326658581],[-124.64172427830808,49.9171335793428],[-124.64417658316486,49.91774780270374],[-124.64441575636393,49.919230622182305],[-124.64362014427033,49.91967805279125],[-124.63640379683086,49.91973378516957],[-124.63622814536852,49.92315154304361],[-124.63685910756959,49.925174162902984],[-124.63560524341648,49.92670748010612],[-124.63557308835011,49.92766138160535],[-124.63827862087587,49.930533001492165],[-124.64946983201989,49.93875299196206],[-124.6474443868104,49.94087756967939],[-124.65001471672831,49.944542377345094],[-124.65029830244407,49.946085443679095],[-124.65205783045838,49.94765696316619],[-124.65256210387356,49.94934529282366],[-124.6577856986846,49.95184774068961],[-124.65796977625563,49.95448057705216],[-124.65916220233309,49.955520409495726],[-124.6592045338047,49.95758860010579],[-124.66536157295467,49.96281175933118],[-124.66802394265801,49.96393382285568],[-124.67050672489229,49.968260547893266],[-124.67332820065181,49.96992438143794],[-124.67342110450673,49.97277887662356],[-124.67157647356889,49.97443352694853],[-124.67279488141331,49.975684221061556],[-124.67303612608085,49.976922017029494],[-124.67616413355111,49.97814511461515],[-124.67592836288657,49.98014085837515],[-124.67866075859297,49.983289982718254],[-124.67726634829026,49.98448396914638],[-124.6768791237961,49.98631100280365],[-124.67935698360995,49.98898706803558],[-124.68185745793748,49.99006618759869],[-124.68273202549929,49.99122731683026],[-124.6767278367738,49.995011096558194],[-124.67179851824751,49.99687219197002],[-124.67125642763436,49.99153713815928],[-124.6680609134467,49.98728815093862],[-124.66695788643601,49.98369262387798],[-124.65985837629066,49.98379443613147],[-124.6593696107714,49.98325156212013]],[[-124.62154707441266,49.91399614389608],[-124.62068642262783,49.91454240411843],[-124.57027348199036,49.914958147625846],[-124.56955354613773,49.912945435235635],[-124.56113472964519,49.91343237824775],[-124.55662440013685,49.91443746819552],[-124.55524950016607,49.9154453418773],[-124.55429910214306,49.91758084625937],[-124.55228765677921,49.919091924329145],[-124.55219566176909,49.92117543852311],[-124.55049298832859,49.92189531125882],[-124.5505342044968,49.92256936548805],[-124.55262346604063,49.923989559948104],[-124.56019143056922,49.92421654611527],[-124.56128740623923,49.92518196027055],[-124.56291516657222,49.92417985912732],[-124.5691933949959,49.92409506418873],[-124.56793833234939,49.92489433190088],[-124.5656711781137,49.928064130407336],[-124.56542127333404,49.929758515253326],[-124.56298900621677,49.93036698856913],[-124.5636427266242,49.93166241068301],[-124.56140425360383,49.933959245527085],[-124.56206432626225,49.93456199721835],[-124.56185659426862,49.935464267539636],[-124.56524381744973,49.93674082136048],[-124.56826887309532,49.936394128706496],[-124.56836563185786,49.93548435223965],[-124.57220694705973,49.93146565734193],[-124.5750064005683,49.93187740433546],[-124.57493908689489,49.93280477671921],[-124.57262355524706,49.93486001759835],[-124.57468862170977,49.93496691434533],[-124.57851863286697,49.93315187272309],[-124.58185988123228,49.93265660362652],[-124.58144989499415,49.92988281948408],[-124.58321235438213,49.928401619446475],[-124.5846895565746,49.92843540919949],[-124.5846005458962,49.92912022742685],[-124.58567651511697,49.930022983366094],[-124.59030423397103,49.92776938446198],[-124.58993215326107,49.925989027910894],[-124.58753769677853,49.92562606625355],[-124.58845962101488,49.924426132173984],[-124.58759844200527,49.922809874463404],[-124.58420880246729,49.92310808893881],[-124.58264265720344,49.92420884777108],[-124.58078351744724,49.923595580316665],[-124.58061959654215,49.92226434256891],[-124.59019758226984,49.92213338222666],[-124.59029424574648,49.92507109416853],[-124.59438577116333,49.925014907020476],[-124.59443423582873,49.9264840405463],[-124.59211239283788,49.92713024951922],[-124.59124477924475,49.929119186182454],[-124.58317754563329,49.934023810710706],[-124.5830296364997,49.935091707646464],[-124.58455955078257,49.936752828126366],[-124.5823939054841,49.940425268342345],[-124.58332215254659,49.944388268701736],[-124.58601691691398,49.94502155155892],[-124.58652731001835,49.94676854241691],[-124.5894543996206,49.947070260647564],[-124.59165471639135,49.94869961000694],[-124.59370205013126,49.94890985248817],[-124.59566930148213,49.95124391664979],[-124.55883929280598,49.951205135177766],[-124.5585390823763,49.941904146990865],[-124.55640756651559,49.94193277465084],[-124.55561707375766,49.940324333356614],[-124.5458706339856,49.940130858169994],[-124.54587238513005,49.93799459150856],[-124.54694951854064,49.93686938096781],[-124.54498636235581,49.93601407195367],[-124.54514194664216,49.93441094030203],[-124.54362607804143,49.93229938113874],[-124.54382135017407,49.930111064960634],[-124.54456612193883,49.929462522142856],[-124.54218293781763,49.926391063098926],[-124.54193780241658,49.923498021676224],[-124.54264002572391,49.92194158821446],[-124.541523086016,49.920337391087386],[-124.54167453264168,49.91875230474957],[-124.54341730683133,49.91661535620331],[-124.54726005591475,49.915655671948066],[-124.5481038613643,49.91462800294775],[-124.54797756913855,49.91329396878399],[-124.54993490928217,49.91260133474798],[-124.55108872042435,49.91071285132192],[-124.55455222941929,49.909386481765985],[-124.55026719237371,49.909042507236045],[-124.54642562929365,49.910962552097445],[-124.54272007343425,49.91048122700642],[-124.5406792260779,49.90805279776723],[-124.5410693064828,49.90587088417884],[-124.5395832392716,49.90515305761064],[-124.54015497866689,49.90382323478138],[-124.53876901991262,49.90018976701262],[-124.54091014350305,49.89912693146987],[-124.5383568979244,49.896754740569854],[-124.5579715724717,49.8968847040193],[-124.55798992550726,49.90049600333737],[-124.5635764044041,49.900496804002366],[-124.56357952175067,49.90410015176006],[-124.56639109524752,49.90410068850573],[-124.56638772010244,49.907713555333565],[-124.57752140432166,49.907728582631],[-124.57752066673687,49.900515590001255],[-124.58767032182072,49.8958670415743],[-124.6066286219075,49.899270792206764],[-124.61097776454464,49.89898115838624],[-124.6185777909503,49.90250532309043],[-124.6211105861257,49.90610022354544],[-124.623329541819,49.90805623226271],[-124.62709326331468,49.9096533058549],[-124.62584165045956,49.91123808227461],[-124.62317354605347,49.91133825057694],[-124.62281853832792,49.91304254816539],[-124.62154707441266,49.91399614389608]]],[[[-124.63042909076712,49.92892653487735],[-124.61946551440701,49.92894479216049],[-124.61939031580148,49.936157102455425],[-124.63030616355033,49.93615757874069],[-124.63037696165996,49.93254217777369],[-124.63625459024311,49.93256397639968],[-124.63622231814335,49.92891805051275],[-124.63042909076712,49.92892653487735]]],[[[-124.63636015996207,49.916123249064256],[-124.63633356488992,49.91432321633825],[-124.63074257400129,49.91440739711242],[-124.63636015996207,49.916123249064256]]]]}},{"type":"Feature","id":1338,"properties":{"LGL_ADMIN_AREA_ID":329,"ADMIN_AREA_NAME":"Sunshine Coast Regional District","ADMIN_AREA_ABBREVIATION":"SCRD","ADMIN_AREA_BOUNDARY_TYPE":"Legal","FEATURE_AREA_SQM":5166552925.4553,"OBJECTID":1338},"geometry":{"type":"Polygon","coordinates":[[[-124.06187062434549,49.93062504947929],[-124.0393758854943,49.9306250539627],[-124.0361537111751,49.927745816814095],[-124.03719868351963,49.90329421679542],[-124.04923985972832,49.874682586716744],[-124.0302199712948,49.8561002864401],[-124.0211160951828,49.83761909290615],[-124.04946252408442,49.799392922961076],[-124.13068057128996,49.77165005266434],[-124.23867275172317,49.76001639788058],[-124.2418911184634,49.757506629011296],[-124.24727831857614,49.738722819759246],[-124.28427546700958,49.70642756627057],[-124.24759158458602,49.66340738793403],[-124.11319958047272,49.58481523889319],[-124.08639019432297,49.55957089671452],[-124.06587914334028,49.521329020748894],[-124.0488233339322,49.46152440636934],[-124.03868410960752,49.408521388710845],[-124.03971718488948,49.36646009918596],[-124.03759010310112,49.364290535053954],[-123.97560093139288,49.35299062928105],[-123.9179855563613,49.35226731501454],[-123.8458235263421,49.341520035171094],[-123.77279816807157,49.32110015977704],[-123.71482720370416,49.29751510826002],[-123.45392841331994,49.29737817943399],[-123.43947443770888,49.35207166536228],[-123.44315108329852,49.36612842549197],[-123.40642640194154,49.40343840701247],[-123.37541775073419,49.41810999974909],[-123.29861455147136,49.43645274658511],[-123.27716740200975,49.448724720023634],[-123.28187594146092,49.47746035724457],[-123.2913885231856,49.487751285409644],[-123.286676757797,49.503994181068634],[-123.27284419641303,49.52233122519133],[-123.27456844740037,49.54009954004226],[-123.27007929241627,49.549202532686564],[-123.27791195576785,49.561538635200876],[-123.25614502372797,49.57375906776116],[-123.24795004203126,49.583301472007],[-123.27581497915676,49.584630214499455],[-123.27609089949458,49.58978896767411],[-123.31085300254426,49.59130489058085],[-123.30004453469527,49.61140507731274],[-123.30791744091167,49.62553002136144],[-123.3198229821133,49.63224672823542],[-123.32108001053606,49.642299259180575],[-123.33391075876064,49.64749785027176],[-123.33581885308767,49.65749734494617],[-123.36985323975908,49.67207883586647],[-123.37223701727407,49.67752191980931],[-123.37150732554741,49.681808687347825],[-123.34725175146933,49.684210548207055],[-123.33688875624682,49.69316376796846],[-123.3385971867734,49.69958089066021],[-123.3319665672321,49.70741634514714],[-123.32453782337488,49.70821092575738],[-123.3190107355056,49.72126534323031],[-123.33326247230531,49.73262424807776],[-123.33652517863815,49.74491028057261],[-123.2773668244151,49.74307724081039],[-123.27298687753685,49.75156742607567],[-123.27916099851954,49.75742709170984],[-123.27659697677895,49.763093741913565],[-123.26708986970816,49.76725348985365],[-123.28623800156079,49.76859291334953],[-123.30374807884571,49.78097663159991],[-123.3039370168461,49.79415493667188],[-123.3122791098237,49.79718185789001],[-123.31706903658399,49.809356240869086],[-123.33232425325743,49.820745348126984],[-123.33237553706074,49.834317674282836],[-123.32689946263274,49.84710519265314],[-123.33980015340765,49.85401170691719],[-123.35413422149765,49.85664910397489],[-123.35811617777587,49.8633406313309],[-123.375515581059,49.863624358118095],[-123.38413322773981,49.86949339374885],[-123.39036168035521,49.86934366960302],[-123.40068199354617,49.87992771284556],[-123.41390128587715,49.87570893221133],[-123.42597149297862,49.88983020430393],[-123.42733167855747,49.893566810839154],[-123.42353010151238,49.89667178656465],[-123.44363319586927,49.89992450146018],[-123.45320814764071,49.907796417716476],[-123.46574123190715,49.9057530316512],[-123.47321920349879,49.90950434728788],[-123.48676025545812,49.90940532887628],[-123.52414170685198,49.889738811967746],[-123.52839422322816,49.88564909734429],[-123.52674713177835,49.882679474510915],[-123.54921286275346,49.87526286141297],[-123.55182310466213,49.85883581272221],[-123.54844576518714,49.84930883412111],[-123.55032115090775,49.839289215930506],[-123.56724507246435,49.84632218976708],[-123.57795669440232,49.84644916324615],[-123.5844786446418,49.86247139549389],[-123.56820360153783,49.880621906365775],[-123.57223982774813,49.88530608331085],[-123.56780135408273,49.88970812832381],[-123.56864267295397,49.90180532234279],[-123.55381901813983,49.912522287720705],[-123.55082064472964,49.920069758053515],[-123.57029177606793,49.91976178206429],[-123.58180380804167,49.92472538896788],[-123.58892629581415,49.92042616818157],[-123.61937372921466,49.9309257492227],[-123.60973448790102,49.94108635505897],[-123.60674090867552,49.95388283988742],[-123.59429131203937,49.960723923939504],[-123.58740149369068,49.97147609028668],[-123.60007906097991,49.978309744332385],[-123.60599981907242,49.99552976787895],[-123.60246139063591,50.008247918397686],[-123.60493108915878,50.013766455479356],[-123.61718289790102,50.00905996570996],[-123.61885408593827,50.00564329387493],[-123.6348128747862,50.00201339105459],[-123.63090165988926,50.01343029421289],[-123.64222272280453,50.03274451086879],[-123.63805585476726,50.03721857377936],[-123.63075954464614,50.03882142606436],[-123.63805052128667,50.048405240059374],[-123.61874767356866,50.05229625777863],[-123.61709481624746,50.058960653880504],[-123.62970518653862,50.07101990173182],[-123.63789851680609,50.0727619881722],[-123.64934409564522,50.08439776465371],[-123.62508069026556,50.09652994616893],[-123.60429144267526,50.09429058258604],[-123.59604337732983,50.096347871721385],[-123.60458016042999,50.108097844501266],[-123.5913682449589,50.11938735077904],[-123.5910798995111,50.12588544553007],[-123.59653721637991,50.12935618155816],[-123.59807496483435,50.140603674584604],[-123.58815548696764,50.145504056950415],[-123.58211450286278,50.15374891790016],[-123.58288183370581,50.17195768396284],[-123.5877378062621,50.176005438207056],[-123.61688832578412,50.1745881567718],[-123.63106088435023,50.18074378411618],[-123.6388864286469,50.173800707608024],[-123.64386438120455,50.173821181606606],[-123.64772415660137,50.18665897131687],[-123.64648406328895,50.192567847915576],[-123.65217952509276,50.19689403785707],[-123.65198765111398,50.20315083330577],[-123.65819656747534,50.20958439695089],[-123.68903910193134,50.20284606724793],[-123.70599395007407,50.18940936462374],[-123.72258925637932,50.194748622385234],[-123.7305390644359,50.201567225570265],[-123.70304726768866,50.221405383854304],[-123.69898656802128,50.228643933207934],[-123.70119899267958,50.232703801166366],[-123.712683266146,50.23442670280569],[-123.72378480219514,50.23026389582729],[-123.73010449138032,50.23879947051853],[-123.74769828653601,50.239753869171444],[-123.7573781717442,50.24470574121646],[-123.7652787756772,50.260169298860774],[-123.77809586543906,50.26717729742995],[-123.78881149470402,50.268981775322246],[-123.8125202836499,50.282860755610415],[-123.83598127667665,50.28723925841807],[-123.8485931678726,50.301970615502086],[-123.85419396949305,50.29785741708875],[-123.86797475266165,50.30055240759772],[-123.87581944129231,50.31407115867254],[-123.88498492656103,50.31962285786956],[-123.87710793569549,50.32837350109456],[-123.87691761005472,50.33270591388345],[-123.90886458317614,50.3477539360245],[-123.91270443329364,50.358894053995165],[-123.96573765959708,50.339449981802666],[-123.9808932559364,50.348634664360816],[-123.98927856486685,50.34526692030611],[-124.0013216852597,50.34644594569451],[-124.01723999463127,50.35668659394893],[-124.02278317992996,50.35048923413983],[-124.0401614110061,50.34541249381453],[-124.06169602264828,50.36191934067644],[-124.08594285753276,50.36657908015625],[-124.10384480749434,50.36162284778218],[-124.12418449464647,50.34350431499202],[-124.13150749715865,50.34820001878889],[-124.14287862757483,50.346771713543326],[-124.15912169187541,50.33438328413634],[-124.15270909486028,50.32843212579923],[-124.15871788062717,50.32221059400417],[-124.1555059091484,50.30761048525314],[-124.15114639539438,50.3032916856457],[-124.15260576617118,50.29569535444146],[-124.16905960100196,50.28341919193984],[-124.16916602437612,50.27051077975576],[-124.15280260390496,50.264910107373495],[-124.14441286197979,50.25557933490727],[-124.1575791145898,50.24392762117244],[-124.16463716262375,50.24215123165891],[-124.16816808655227,50.22824699988475],[-124.1791500258796,50.222721651077684],[-124.16640743523666,50.21776064749261],[-124.14594127870409,50.21928543793538],[-124.12280348586306,50.20936907202345],[-124.10561451045872,50.21224312448621],[-124.09405271883145,50.208547108338095],[-124.0869651756716,50.21049837918331],[-124.09676951562223,50.19908275748115],[-124.09847585450227,50.187482294653535],[-124.08680386714428,50.18028690932034],[-124.09336979774561,50.17429120648947],[-124.08695898193618,50.17217181410574],[-124.07155790761834,50.15144265486957],[-124.07274594603732,50.14760919007656],[-124.08863275748334,50.13776569268149],[-124.10658982562803,50.14213799793918],[-124.12227325433493,50.13560364025777],[-124.13949520428542,50.13636032261658],[-124.13624120403465,50.13072589075363],[-124.1375924272671,50.12437476689858],[-124.13332324880886,50.119343801634884],[-124.14888243644748,50.114052204282565],[-124.14804442942392,50.102598882291616],[-124.15530286694843,50.09817966979734],[-124.13560583069764,50.078439808661884],[-124.15150114991091,50.061095179538974],[-124.1488405556254,50.05791958068572],[-124.1401441235219,50.05704894746602],[-124.13443312642151,50.04887814056966],[-124.11114230295595,50.04034603937666],[-124.11648178370142,50.02816847976971],[-124.11242295014671,50.015182695777554],[-124.09983432655639,50.01648095511936],[-124.09399036636638,50.008081537151575],[-124.07420431802298,49.9976081380497],[-124.06875449780723,49.991578301975274],[-124.05406441996864,49.98813695065539],[-124.05764865924118,49.97487264820752],[-124.05568020345167,49.964723945992226],[-124.06023975789422,49.95146261421189],[-124.05830961397128,49.94176828912547],[-124.06187062434549,49.93062504947929]]]}},{"type":"Feature","id":1339,"properties":{"LGL_ADMIN_AREA_ID":337,"ADMIN_AREA_NAME":"Strathcona Regional District","ADMIN_AREA_ABBREVIATION":"STRD","ADMIN_AREA_BOUNDARY_TYPE":"Legal","FEATURE_AREA_SQM":21804563567.4745,"OBJECTID":1339},"geometry":{"type":"Polygon","coordinates":[[[-126.55862139858712,49.5415228795948],[-126.50207373881348,49.54150405417521],[-126.50218545812481,49.5517637264026],[-126.47782134070685,49.57133726639221],[-126.4624957588667,49.57880767713287],[-126.42360855620079,49.576643583288046],[-126.405470331986,49.57084041831765],[-126.40245063384795,49.563536701888],[-126.38751360671817,49.56217768466456],[-126.38241480560217,49.57085169831181],[-126.36844010986691,49.57217188460347],[-126.35797798351618,49.579361251641124],[-126.35502198821708,49.584985304089614],[-126.35712390455234,49.596527511412496],[-126.35204671700807,49.59946711456664],[-126.33777836666594,49.598839734794716],[-126.33813387830457,49.60518724971355],[-126.33369638384569,49.607612994795815],[-126.31815085169737,49.60356517617],[-126.31378590472123,49.59458459098045],[-126.28652184345981,49.58025583298288],[-126.28355555575406,49.57299214632814],[-126.27302057932324,49.570645081091],[-126.26473470490421,49.57674384164008],[-126.25781493817057,49.57486667184443],[-126.26135926101252,49.569766758428365],[-126.25712985719872,49.56022034621947],[-126.24842728068712,49.55511557672767],[-126.22674445417682,49.5594956518352],[-126.212615207685,49.552608536391396],[-126.19574698419345,49.55739863644426],[-126.19032603793669,49.55546775885086],[-126.1844736008574,49.56772052708121],[-126.15942107568462,49.5721468834702],[-126.15116738762936,49.5789471069492],[-126.14378535041129,49.570971064411154],[-126.12059361398991,49.56544783258507],[-126.11569840894252,49.57027393233776],[-126.09581644692044,49.5717045821536],[-126.0857225177415,49.55872648101941],[-126.0665454666194,49.55179398330131],[-126.049369315142,49.55890411413232],[-126.04597112927738,49.56774499572732],[-126.03602906784077,49.56994166674965],[-126.02851132553945,49.57710196781457],[-126.00541076818921,49.57183078811094],[-126.00170676512158,49.57355069322083],[-125.99809856887143,49.582337807710076],[-125.98425899288318,49.57801847918433],[-125.96952681291523,49.58517718582156],[-125.95600326871774,49.582489803707865],[-125.95132136094774,49.572983014333296],[-125.94333547356165,49.569246043901884],[-125.91901171140738,49.56581115676644],[-125.91311866360196,49.56404649196162],[-125.91209357745966,49.56030274631744],[-125.89700976674037,49.55688809378066],[-125.89383646978673,49.55436454633782],[-125.89420617688756,49.54798872842912],[-125.88866634884735,49.544086807908116],[-125.86701026874398,49.54492370483839],[-125.85105154485018,49.539034749973695],[-125.840541988186,49.545760909785194],[-125.81669100407305,49.539554045443325],[-125.80581430623218,49.54451464706408],[-125.78291195353327,49.54047694667137],[-125.77892277962384,49.53587574842498],[-125.78006065288687,49.53192094424029],[-125.77073586518074,49.526881858040696],[-125.77071160868768,49.518632706058604],[-125.76564121267351,49.513997981746286],[-125.7489844533757,49.518305696355654],[-125.72408713155227,49.51165289562586],[-125.71359384483203,49.51469454254691],[-125.70311097120127,49.51193532468048],[-125.6929740084246,49.51626123387988],[-125.68065139920067,49.510949865453284],[-125.64594952543015,49.51717103909777],[-125.63520476248337,49.514189761216386],[-125.63292680161837,49.50856499103497],[-125.63508659422578,49.49799709684434],[-125.6299297566938,49.49392923470288],[-125.62384595121404,49.49414544607686],[-125.61623630938604,49.5013450135184],[-125.59796857284314,49.50689982818414],[-125.58440889477876,49.49994674160638],[-125.56748932972764,49.49759486756422],[-125.56521853453269,49.490181388530345],[-125.55869080426993,49.48779509836349],[-125.54560537105503,49.48950538592855],[-125.51824749649384,49.47819356719455],[-125.51459758177481,49.48052206383891],[-125.49813147464391,49.47819819076942],[-125.49241344532695,49.484681922596124],[-125.49218036688696,49.505465085102884],[-125.48567523635944,49.510034219082755],[-125.48335669835008,49.51881029306375],[-125.47436468094995,49.52709056084397],[-125.44697856980446,49.534247442989134],[-125.4372315250134,49.551515782884564],[-125.42898437880768,49.55507678118803],[-125.41542466737131,49.54662963209113],[-125.39778874296483,49.54800216188094],[-125.38626218332115,49.53898268237918],[-125.37608016412734,49.54106848968785],[-125.37232294655189,49.54839037891748],[-125.38908878725957,49.56137630984845],[-125.39247067406359,49.5716167930072],[-125.41036795498191,49.581081825191475],[-125.4028881506938,49.58835223901029],[-125.40665282418755,49.59333570374522],[-125.40243896984492,49.602520183432105],[-125.38371103005932,49.60880817982232],[-125.51672961411533,49.71270549588078],[-125.48743552242075,49.72636256116865],[-125.49277541794693,49.738039717454754],[-125.52939716321717,49.75646984748966],[-125.54765600560538,49.75646305808926],[-125.54761531446863,49.76792990595731],[-125.54065162936435,49.772798900031205],[-125.55098183773727,49.78686140270412],[-125.53522002156956,49.79870186551462],[-125.5211906341312,49.80128618290698],[-125.51801604567848,49.806526320957914],[-125.50856885403009,49.80654560688643],[-125.50866744430866,49.82736037647308],[-125.49853591419371,49.83092462202161],[-125.49649565267956,49.8376651841236],[-125.48638987259268,49.83931743975754],[-125.4863925596994,49.828810113354166],[-125.42348806677967,49.828787347023464],[-125.42366718261565,49.835818386315566],[-125.38868023708318,49.835781039103416],[-125.38868686913423,49.83939853155682],[-125.38309348154387,49.83940292875203],[-125.38310827867296,49.847989049192016],[-125.4031091048632,49.847972063677794],[-125.40305880793709,49.873316004411144],[-125.36525367810084,49.87332371440844],[-125.35964542847428,49.87999246226793],[-125.36475989340659,49.88473450434038],[-125.3588789593518,49.88750543263323],[-125.36183551771536,49.8976950393078],[-125.35704664542595,49.89994383123752],[-125.35904779904244,49.90322819467446],[-125.35680113246629,49.91233229428135],[-125.3420213031668,49.9142127888746],[-125.34307072496934,49.91646435504959],[-125.33978972253574,49.91729577534132],[-125.33549065928297,49.915973565287885],[-125.33354733819672,49.92050574461084],[-125.32277200840426,49.92167244854992],[-125.30152796472599,49.91895855506478],[-125.29651898674807,49.90688587250392],[-125.30409352712813,49.90557522426884],[-125.30360507858089,49.90197152738235],[-125.29510176157156,49.897316763801506],[-125.29496499223474,49.89044177989185],[-125.28230819189743,49.887565813819585],[-125.26666615556988,49.89082291146324],[-125.26377994008932,49.89597137234173],[-125.23688794292862,49.89292237604513],[-125.23715394366278,49.89503038088492],[-125.22707894306366,49.89670937939157],[-125.22421093521743,49.88761637672694],[-125.21996694289415,49.88797637933901],[-125.21548492990668,49.883753379634854],[-125.21121593836301,49.887225380419444],[-125.19888894067688,49.88679438491522],[-125.16307792463934,49.8696393825618],[-125.16095291897446,49.86470438297782],[-125.14544091708458,49.869841388924264],[-125.13141092300712,49.8676003902543],[-125.11711791336103,49.87202639436293],[-124.8419368573541,49.87212741985911],[-124.87849599445367,49.90445199214203],[-124.9324962387944,49.93080534602356],[-124.96563399918,49.96327410668121],[-124.99183965510264,49.9808305080193],[-124.94509020523621,50.011412956677816],[-124.92258136588654,50.00570679573201],[-124.90924537972111,50.01031949383139],[-124.88221411319651,50.0109087278935],[-124.8747252350378,50.01249193822457],[-124.85088405085598,50.02703554339316],[-124.84234033824984,50.036496435493625],[-124.84095522837464,50.04244098862344],[-124.8620483668404,50.05946771981924],[-124.87503661828113,50.106276990740625],[-124.82392260534587,50.09219056268734],[-124.81525626457159,50.09221699440106],[-124.8013101724277,50.10239527001513],[-124.78533169930284,50.12135044753966],[-124.75910292689072,50.13412723028361],[-124.73907933170452,50.150765062019296],[-124.68542666215905,50.15934644937774],[-124.65161300429853,50.17529423089262],[-124.63783392456352,50.19080011556775],[-124.6331966283286,50.20428006682224],[-124.62802470635262,50.24234547526094],[-124.64213053571325,50.27178787712466],[-124.64998008102344,50.28152336354571],[-124.68129795028806,50.30033116877358],[-124.71777041385089,50.31265743589211],[-124.73992129721074,50.31533088852218],[-124.76521146898395,50.31308718509898],[-124.77532904003341,50.30893736758091],[-124.7654500073355,50.326779693723104],[-124.73614409803596,50.3390855975265],[-124.70877528735781,50.355715750009345],[-124.69043482891185,50.375920441119504],[-124.6774937396225,50.397316481255594],[-124.65736656021363,50.4145796077363],[-124.61209382464112,50.409154197132885],[-124.5803693630223,50.4089936799743],[-124.58151344657813,50.45810311833503],[-124.56630003244933,50.464715602437344],[-124.56168715887264,50.47596308729339],[-124.55338994191588,50.482109062636],[-124.52863651176847,50.481927187534986],[-124.51756728142692,50.48458735187823],[-124.51469129318075,50.4881054501583],[-124.51817169500502,50.49333052888069],[-124.51776748389115,50.52265279197207],[-124.53321830516052,50.52897485326318],[-124.53578393271769,50.53788291681225],[-124.5547901549171,50.541074283046015],[-124.56320530773236,50.55270556291451],[-124.56207950293347,50.560500336925124],[-124.58122694312601,50.57152015363324],[-124.57745535861865,50.57746025978729],[-124.58538775218456,50.58552291441963],[-124.58644357900414,50.591157639948975],[-124.56980671146421,50.603054004255455],[-124.56975330391874,50.60720584444826],[-124.57187781373578,50.61309009560242],[-124.58343696869531,50.62267377764816],[-124.5826363690375,50.630410277463696],[-124.60326389093396,50.63738618280067],[-124.59981224335945,50.65212039797878],[-124.60393383162608,50.66052382943418],[-124.58965993677702,50.66228034714532],[-124.58008724408148,50.66023207838314],[-124.5769528875849,50.65663208594794],[-124.55799324765334,50.67094026238901],[-124.53619270642615,50.676153208589525],[-124.52875137426726,50.68584725952353],[-124.51815048417049,50.6928949166637],[-124.49558943563808,50.69992978748878],[-124.49234048421108,50.69730933413684],[-124.47956764530394,50.69844848435956],[-124.43721129117333,50.71170328270349],[-124.42233890122452,50.708904849283925],[-124.41826211197808,50.70460167322686],[-124.4050380121645,50.71624650261594],[-124.39754838971544,50.71924142314033],[-124.3864073498142,50.71839716252879],[-124.37017572764573,50.73712153651637],[-124.34797695931859,50.74779465025725],[-124.36076543809183,50.76563886330697],[-124.37366817137892,50.76880913904651],[-124.38236593607027,50.77665650879889],[-124.37841369354611,50.78101110767877],[-124.35164182110466,50.78988610171798],[-124.36036645794681,50.79913772466562],[-124.35165142388546,50.80705122328157],[-124.32756556827916,50.81878825054103],[-124.33002619110093,50.83277371686893],[-124.33531034618167,50.8369691719585],[-124.3266175810905,50.84210953299989],[-124.3264852943617,50.852803981870565],[-124.31262595993708,50.84944535834941],[-124.27264084526387,50.86185720921712],[-124.26367004898108,50.86180980741446],[-124.26054283554546,50.85901777298405],[-124.26306827636117,50.84689965067003],[-124.25544538600218,50.83268974342903],[-124.2609480914106,50.82826370799722],[-124.26014295383845,50.82232690059205],[-124.24356213030187,50.81623055002964],[-124.21381298180958,50.823006969141545],[-124.20771078800642,50.82000062723684],[-124.20631448002057,50.81337810124436],[-124.1937987067549,50.803704273257395],[-124.15606015142146,50.79422785347881],[-124.15327998467203,50.790804980813895],[-124.1552300011373,50.78664581849396],[-124.14643761617423,50.78562640537479],[-124.144473919901,50.789836516464135],[-124.13175616534191,50.79424235691697],[-124.11056295798036,50.78634821487446],[-124.09717040508247,50.79118137468239],[-124.09926026016656,50.797341998914334],[-124.08927536730205,50.801687413802206],[-124.08606907047694,50.81723343633468],[-124.06871700604209,50.82677647358271],[-124.03735160391909,50.82057854969515],[-124.03605958238745,50.816297329189844],[-124.0275678242817,50.81056590359772],[-123.97909867394146,50.80588267684138],[-123.97029140095803,50.80009378988806],[-123.97528920486808,50.79772290572135],[-123.9794452186643,50.786253878262684],[-123.95658258439391,50.776120541377665],[-123.95640851611354,50.766736166479106],[-123.95172040345878,50.75583188654495],[-123.93833193850664,50.750219758505196],[-123.92254593998389,50.7547513370198],[-123.92012115975476,50.74476215641602],[-123.92213166387708,50.7384770575173],[-123.8972143549514,50.72678752105597],[-123.89336608526915,50.72120234892206],[-123.88283221008267,50.723375995471805],[-123.87063052569421,50.720383103798476],[-123.86988511386791,50.7158291395156],[-123.86258640249915,50.710742287546765],[-123.8331272516426,50.713471614566586],[-123.82365990016282,50.71989102682774],[-123.84184781231133,50.736925974180224],[-123.83367297443719,50.7426323675446],[-123.84314464596908,50.754163348437174],[-123.8426691833848,50.767685359695854],[-123.83219182208725,50.77953347352525],[-123.8234044128021,50.77938799722927],[-123.82293025521892,50.78389085019306],[-123.81417188610509,50.79108877424626],[-123.79410014109713,50.79505015252232],[-123.80659507916332,50.80653840047702],[-123.81246284100031,50.81753506608056],[-123.8311136583248,50.822722543367775],[-123.83071170991256,50.82993975582954],[-123.82301094013602,50.834614700369904],[-123.7838818175812,50.831381875360584],[-123.76409964371476,50.83940587141104],[-123.73771155636707,50.84121238548778],[-123.73086485121227,50.840248259014295],[-123.728966076502,50.83050283715674],[-123.72502237970166,50.83105498871756],[-123.71897619224828,50.84747445600295],[-123.7089460696545,50.84654360767734],[-123.70209729535247,50.850185154847686],[-123.68565284677777,50.87834958719439],[-123.69967072586357,50.88137192730695],[-123.70152858600763,50.89275766113492],[-123.70981359781455,50.8971410331925],[-123.72072645625502,50.89415950343223],[-123.72384406857798,50.8870558774598],[-123.7321330660398,50.8840655298144],[-123.76484431838078,50.88494391752156],[-123.77096295944798,50.89160033341037],[-123.76446619725851,50.90092664993021],[-123.76512499788151,50.90554764254784],[-123.7839932196674,50.90862690469191],[-123.78914866343155,50.9124710666561],[-123.81033968422156,50.912160045291806],[-123.83053670399575,50.901125800270506],[-123.82987511859588,50.91013033861427],[-123.83474184578422,50.920850064938755],[-123.83965138579364,50.92407426171317],[-123.84133804191697,50.934405850259864],[-123.85700908614946,50.929966344613085],[-123.86425577504714,50.9377516681298],[-123.87707793026155,50.94070762701358],[-123.87947255310912,50.94843242433449],[-123.89019255330508,50.94696631258264],[-123.89831069817262,50.939543028168295],[-123.91558492047865,50.9438922901183],[-123.92260936551136,50.94192253897135],[-123.92654516653695,50.934570206917954],[-123.9462381547962,50.93533256161111],[-123.95537423276693,50.93830574921674],[-123.97289848864722,50.95682222178917],[-123.99309828151695,50.961880035797705],[-124.01274962414905,50.9531550929164],[-124.01892752229993,50.944712998699096],[-124.02466758059403,50.94379146840354],[-124.02673358390328,50.93792294692693],[-124.03547663728804,50.935975226690395],[-124.04536895793612,50.94695135081708],[-124.05542152230271,50.93622831613058],[-124.06787186843012,50.93672663926006],[-124.06160084974995,50.94342358620643],[-124.06654535573618,50.95795602009841],[-124.06487339497446,50.96620575400315],[-124.0586711333202,50.96915683671495],[-124.06007330645963,50.975487085431865],[-124.06673476914636,50.97410248730189],[-124.0737600650647,50.98425600452652],[-124.09114019905358,50.982522198557035],[-124.09171091691962,50.99281668418531],[-124.0832768826884,50.99737662976702],[-124.08133180614149,51.002799341733756],[-124.08730133877543,51.00635905286588],[-124.0880644438374,51.01189852202401],[-124.10804922512122,51.01011796934251],[-124.11761472652528,51.017716734909285],[-124.13313121857998,51.0210275293803],[-124.14070930954213,51.03151036990538],[-124.15077655184102,51.03011269839124],[-124.15788826529979,51.040231321243425],[-124.14732671143764,51.04505271730589],[-124.15029795888725,51.048157999848435],[-124.16764729099688,51.0516720013886],[-124.17534206510523,51.059113859059835],[-124.21008610149389,51.05083560335004],[-124.23070777974563,51.05497880118688],[-124.22732372594103,51.064963460969146],[-124.23554212325033,51.067026164118566],[-124.23239509680549,51.074640342616846],[-124.20933690704298,51.0740448472856],[-124.1976843881529,51.079646428360995],[-124.1959861643937,51.08908325179875],[-124.17323952459842,51.09259910677445],[-124.17722547023351,51.116658580228254],[-124.17086200850524,51.1293792054899],[-124.18884655386852,51.1278698248207],[-124.19623042949227,51.13930519424295],[-124.20211477366963,51.1409444812185],[-124.21421692722457,51.13720838231792],[-124.2299434150895,51.148856465551965],[-124.24237559553478,51.151797579993584],[-124.251468933381,51.14789970849069],[-124.24789738978511,51.14111238471076],[-124.25833658172908,51.14439978810604],[-124.27413261483764,51.14278991790943],[-124.28165406046378,51.140102831241165],[-124.29067749912777,51.130821963070154],[-124.29971211112388,51.13349367373591],[-124.3138825509326,51.13046161861902],[-124.31504923521318,51.13832619378325],[-124.32755179603743,51.142132770626176],[-124.3302143464208,51.148721202141864],[-124.33475893789098,51.15013525072077],[-124.35401660808851,51.14860092744574],[-124.36267223498318,51.14490327016312],[-124.37698763601195,51.14537408355399],[-124.38215385146017,51.15203177691734],[-124.3752787828597,51.156824061374145],[-124.37884934423728,51.15923105946372],[-124.3733543093183,51.16409187180634],[-124.37682562311448,51.170834633433124],[-124.37668540548766,51.18101611172358],[-124.37368090971222,51.184764445234585],[-124.37525916375152,51.19366771662366],[-124.39447110889252,51.191956489786584],[-124.40176446507773,51.19602399175442],[-124.44159818469706,51.18966762589663],[-124.45567365428838,51.18462820095617],[-124.4621709021753,51.167775505141016],[-124.46926828466616,51.16345890994972],[-124.48456305727206,51.162637278238144],[-124.48900406846077,51.16291356153744],[-124.4914425173955,51.169290423050576],[-124.50640051463205,51.17261995736222],[-124.52497081868196,51.17142507001896],[-124.5353670404814,51.17476332427384],[-124.5371029685675,51.18236651595013],[-124.54673895908658,51.18616740024052],[-124.5771752052771,51.17940199014222],[-124.58854595727226,51.18590490224702],[-124.60652474530991,51.18913764407717],[-124.61012456716867,51.19634247785307],[-124.62853397906697,51.20089289035773],[-124.63019400667132,51.206421429649716],[-124.65799023245137,51.20719689474524],[-124.66262701610468,51.21708632734728],[-124.67005019202163,51.22054182794334],[-124.67637752617789,51.2211348093051],[-124.69247304521869,51.209005343263804],[-124.70182372760851,51.22372116491074],[-124.71834261035512,51.23204608406241],[-124.76378951457609,51.23569552067435],[-124.77095741597509,51.23968609624049],[-124.76151067794494,51.248041328153214],[-124.76582256083341,51.25960432916008],[-124.75950598997815,51.26571878881876],[-124.77135930295184,51.27649047851772],[-124.77340375551233,51.281549567672286],[-124.77110959984513,51.29323321436512],[-124.80717633167458,51.303533567946324],[-124.81505292503695,51.30919822340227],[-124.81259705454889,51.313306099042975],[-124.8146556378533,51.31711133346425],[-124.82754130219408,51.307686476276466],[-124.83854931327029,51.30629047850683],[-124.8428313128824,51.3011164716836],[-124.85662631505494,51.306468943187234],[-124.8800784018162,51.29703464492663],[-124.8868109610565,51.30834755087829],[-124.90070925752315,51.30344033226922],[-124.9177211940127,51.305809872272],[-124.93724113520965,51.29553807527098],[-124.94206449681268,51.284862198470435],[-124.97313830378526,51.27642547016098],[-124.9793002213229,51.27897343719567],[-124.98157834152862,51.284631600915695],[-124.99196098704888,51.286946494859784],[-125.01365426487698,51.28124230214116],[-125.02937660187781,51.29178068116072],[-125.05321464960076,51.29544793278963],[-125.05723306916099,51.300482570750624],[-125.05556930053129,51.30402217882044],[-125.0836002175667,51.313482217734986],[-125.09596745508945,51.315908497184715],[-125.12942119621626,51.31501399993488],[-125.14012493795558,51.32144694148678],[-125.15835762741489,51.319712251698796],[-125.16199699512495,51.316836160814944],[-125.17120761926144,51.321027515365785],[-125.18271620936493,51.32057668370058],[-125.19836619481678,51.32716384028926],[-125.20270695163632,51.3261169631094],[-125.20454895721387,51.319962747046944],[-125.20927827827774,51.318390672873576],[-125.21496872941174,51.30893891416936],[-125.2211009448133,51.30713194455223],[-125.22203078428731,51.30024326218871],[-125.23849173646605,51.29623328620746],[-125.24516971367034,51.291095975602424],[-125.26823095176077,51.2866671712738],[-125.27537455115116,51.28088951649159],[-125.29048345375683,51.28173197739978],[-125.29247108834761,51.27822552052445],[-125.28782400829027,51.2690989823621],[-125.29502018513276,51.26275245108692],[-125.3154108201503,51.264340347248336],[-125.32218425943942,51.25573106236995],[-125.32886815070424,51.25620579166811],[-125.33804029484311,51.23933550673052],[-125.33350673499439,51.2304412656304],[-125.3250253113322,51.226724846833925],[-125.32970652599712,51.21618096458961],[-125.33789209776936,51.216194525346744],[-125.3312550947931,51.20715034481551],[-125.33250969911063,51.20304715701947],[-125.32569312804364,51.19849214650559],[-125.30640033313647,51.197895883767885],[-125.29457481563158,51.19018202228379],[-125.29311406430413,51.17860173464074],[-125.28524882850854,51.169178351267576],[-125.26873806839748,51.1676801373293],[-125.2596502858398,51.16028338873152],[-125.26842258839456,51.15610231089462],[-125.27413532830344,51.158752413359565],[-125.28026984260154,51.157212921642774],[-125.29334220283542,51.149947076921656],[-125.2836062062767,51.13393182737315],[-125.283467552416,51.125875082815526],[-125.28583799894105,51.115992502915496],[-125.2957473836083,51.10501965348939],[-125.29578235436834,51.10069691030514],[-125.28389938595402,51.09667564733112],[-125.27970788192833,51.089769264732325],[-125.25620547074189,51.08891229052544],[-125.25505507654042,51.07443044191528],[-125.24176294670802,51.06328802355949],[-125.22997189254701,51.061274202881705],[-125.25036212023369,51.051070937216664],[-125.25798460685503,51.05702570260877],[-125.27945896599192,51.047430902702835],[-125.29402645908725,51.04854880147015],[-125.31834515525433,51.04452609042653],[-125.32293920406867,51.03049014706708],[-125.31158895893745,51.02150848960906],[-125.31031189405722,51.015040091977866],[-125.29781567299929,51.01030395577259],[-125.29303227644543,51.00379638740576],[-125.27548658249243,50.999432735393114],[-125.26477101971047,50.98928300064805],[-125.25482854258608,50.98574291374045],[-125.24998081315492,50.97045674174055],[-125.25377203220985,50.96255885311809],[-125.27768110512619,50.956086828035474],[-125.282519453473,50.9597968079914],[-125.29408027658067,50.95983102645232],[-125.30795162474601,50.954538925910406],[-125.33877961189711,50.95313388438616],[-125.37583889819726,50.93934394751236],[-125.4160434885625,50.94299777571419],[-125.42473085383159,50.93457889597267],[-125.44766967066904,50.92970487021411],[-125.46442752598423,50.91573679972655],[-125.47059778643782,50.91454299917188],[-125.47557566715503,50.90807549557582],[-125.48598672528846,50.90963503903241],[-125.50625677096936,50.899262614471326],[-125.5082239909078,50.895640564552224],[-125.50389171008013,50.88619952855003],[-125.50553320320138,50.879958129271444],[-125.50067792416021,50.8701194648695],[-125.50720401635097,50.85891119680925],[-125.50293646747349,50.84715713850643],[-125.51580394816426,50.83625180111751],[-125.5294422873446,50.83734794515348],[-125.54705195450754,50.83049758960516],[-125.53254880486094,50.8152349060352],[-125.5304485477835,50.80854258759535],[-125.5189179279814,50.80571712336866],[-125.50771859693072,50.79326723808684],[-125.51351851180802,50.79019212702733],[-125.51511819946548,50.784131260145834],[-125.52672361654615,50.77979476703155],[-125.56364468531135,50.77738060864415],[-125.56631055953528,50.76463648190045],[-125.57595041292056,50.75449271228438],[-125.57525561113354,50.74430607971534],[-125.56278525287757,50.73458787155981],[-125.57693363161341,50.7208527392322],[-125.57826604330168,50.71303382304395],[-125.55717696301407,50.70489062505258],[-125.56776572475894,50.69259578332382],[-125.5677087204913,50.688441463486704],[-125.55998225557965,50.68497163170441],[-125.58404708759598,50.666255812331585],[-125.5826489622624,50.65109757905281],[-125.58703993358424,50.643723293146905],[-125.5838602063639,50.640256915569665],[-125.5971839566636,50.627275762119716],[-125.59334210648495,50.61139947886676],[-125.60984258184001,50.60961757033077],[-125.6143660167672,50.606756641045415],[-125.61417185530286,50.60243344646922],[-125.62056372809015,50.60071562450239],[-125.63167707206927,50.60184116914706],[-125.63845555564687,50.60853290934206],[-125.65171381044227,50.60483158222058],[-125.65021610834545,50.598722112644],[-125.65878991534734,50.586104509506505],[-125.65454087815826,50.58491519781157],[-125.65573358997464,50.582510311553065],[-125.66738905113846,50.58184502958502],[-125.6727708567324,50.575511993534484],[-125.6889258474928,50.579394575296675],[-125.69306355796198,50.589022584487545],[-125.6991792630852,50.59205219347287],[-125.69185394470931,50.596300571701725],[-125.69606208301516,50.59797521413721],[-125.6970132338888,50.6060397273695],[-125.70656170966494,50.60485565894692],[-125.7224282103119,50.60890228888423],[-125.75848640445926,50.6040306568895],[-125.79117874545257,50.58905597881315],[-125.7983520114355,50.582940901149094],[-125.79956501556477,50.5740964148603],[-125.82110665239202,50.566719857730185],[-125.82394440033679,50.5721851228757],[-125.83026795148672,50.57449222481579],[-125.83663069697246,50.572218427919275],[-125.84199802197534,50.57664609842816],[-125.86089526116042,50.57148055354561],[-125.86082862956609,50.57605181630031],[-125.84818116366537,50.580580814773576],[-125.8505072703976,50.60832229403155],[-125.84662536026839,50.61005142420441],[-125.84590263620817,50.61767008525049],[-125.86830367966391,50.64616603941888],[-125.88263641672984,50.63517667893112],[-125.94051423121472,50.63648558297975],[-125.99895150933573,50.62602765704046],[-126.01168573586847,50.61896069960606],[-126.03996418608332,50.614428465217735],[-126.0531761243453,50.615346626655786],[-126.1150194168331,50.59763968809925],[-126.15428167008767,50.59205557769086],[-126.16395130477936,50.584128248058875],[-126.1978118197085,50.57166181673555],[-126.19816656353436,50.558971055170616],[-126.1931727582878,50.54303627702514],[-126.19554101043933,50.539775915767194],[-126.21954460042421,50.54100256803698],[-126.22478996473436,50.53590488677459],[-126.23964967149658,50.533053254238254],[-126.29101831867393,50.53108813994976],[-126.3319899354218,50.5015728586071],[-126.29257577893289,50.492862337187816],[-126.18396596943954,50.479309366879605],[-126.15217331065394,50.47206257351124],[-126.11196680068556,50.46916970874932],[-126.11160866951285,50.40000532798995],[-126.07700191125481,50.39573014989325],[-126.05500815415621,50.402281545329345],[-126.04711103575475,50.393952114226664],[-126.03561696060052,50.390848874005364],[-126.02660415193513,50.38279538079362],[-126.02491119002654,50.369012585070124],[-126.01360321590332,50.37042773554486],[-125.9914424633105,50.36126005599307],[-125.98257700188478,50.35087493811188],[-125.98622695517038,50.34563560864333],[-125.99487450856864,50.34320907206515],[-126.03103771622028,50.34162431547996],[-126.04407522903861,50.34694336445212],[-126.0532691438214,50.344298255695776],[-126.05761173729233,50.3393916932092],[-126.04770512609994,50.33043252007625],[-126.03891629446213,50.328637591145046],[-126.04025865020455,50.319628062431875],[-126.0447290654382,50.31785275619465],[-126.04192801596784,50.31205416409554],[-126.02941325200447,50.30684109393564],[-126.00927398097014,50.305966492535795],[-126.00328397259449,50.30210031099253],[-126.00348782885384,50.294039817736255],[-125.99770668775241,50.288180517304276],[-126.00406896538654,50.27987733560227],[-125.99853695458981,50.27793977748881],[-125.99913397031732,50.27374737299291],[-126.00760454377146,50.27409418344686],[-126.02084688632198,50.26663723182266],[-126.02693211241434,50.25579325141368],[-126.02144220078678,50.25008011665451],[-126.03381358055684,50.24305018011039],[-126.03177267117653,50.236841855016976],[-126.03592904137172,50.23480701480755],[-126.0309062612466,50.22839156113977],[-126.03599160765393,50.22440538224674],[-126.03206266906167,50.22332045336898],[-126.03488620279374,50.21763823091767],[-126.0298245819442,50.213657600200804],[-126.04102835307219,50.20863312937353],[-126.03919841567115,50.19660792947778],[-126.04573677077133,50.194968342142374],[-126.04307668949369,50.19157812684107],[-126.04643237278619,50.17964101942655],[-126.06551224144202,50.177184325505046],[-126.09165600586869,50.179416646389555],[-126.09212328054069,50.168163536027315],[-126.09786167203508,50.16586529127679],[-126.09782819168791,50.15987021081984],[-126.11227273634155,50.15765771543402],[-126.11809257071715,50.15308855554725],[-126.1179013465575,50.14695763782963],[-126.12197240899877,50.1465369128729],[-126.12607054970132,50.140839157213435],[-126.14290955856923,50.144751343405495],[-126.15104391575086,50.14313517433867],[-126.1626292007062,50.128035192145894],[-126.16149401207826,50.121917261125766],[-126.22309905685616,50.120293421012626],[-126.21678165434521,50.108925354997325],[-126.24200778449277,50.09822109312598],[-126.23767661009119,50.09093944839688],[-126.22697765208584,50.08702292593083],[-126.22391486087217,50.0816621523517],[-126.2380090329478,50.08024339855769],[-126.2409102608001,50.07156755449802],[-126.25241702097144,50.065228797865004],[-126.24545543332806,50.05810994969758],[-126.22973785121947,50.05570156171895],[-126.23719361974787,50.04372006691796],[-126.2290051414759,50.033447386263525],[-126.2307261996334,50.02514035811338],[-126.2368916124428,50.02209090997422],[-126.22849863148262,50.020418301225796],[-126.2248610058829,50.01546154109178],[-126.24525461605758,50.00502086890355],[-126.259706105912,49.992632197215755],[-126.27386064358427,49.98777228774945],[-126.28492469992005,49.9766259534784],[-126.29540874577276,49.977234096613024],[-126.30732534969398,49.970783616712474],[-126.31278827658807,49.963939627462366],[-126.32279249241662,49.95946229683003],[-126.32425076962717,49.95356172847167],[-126.34939612536964,49.9478513829019],[-126.35516856867179,49.94198305442786],[-126.34144953397944,49.92895612757509],[-126.34278320258923,49.92303647378845],[-126.34844763429463,49.92053343268425],[-126.37504008812448,49.915051629390966],[-126.38143394186017,49.909007167981194],[-126.38808005377226,49.908116639059585],[-126.4153608808867,49.910760316603344],[-126.4255894504864,49.91792168847087],[-126.4550976708305,49.907602625688845],[-126.46708433948925,49.91038002110687],[-126.47122781686497,49.91851263826565],[-126.47737190440516,49.92046964588547],[-126.47087971139037,49.92880008491021],[-126.47226321986221,49.93476039962825],[-126.48492349814468,49.939350695406844],[-126.48708168418334,49.94352948776718],[-126.47780551933997,49.94925615303503],[-126.49437267833326,49.964551109527974],[-126.51046727766256,49.957584426239514],[-126.5252209060342,49.97884793280064],[-126.53428953093878,49.981941694619884],[-126.55589625850624,49.98012428285894],[-126.56313857624143,49.98826570988791],[-126.57086178913875,49.99152819083533],[-126.5686591196307,50.00117013251865],[-126.5555703125359,50.00278402820155],[-126.54673112587886,50.0121955365726],[-126.56348007255077,50.02161603241378],[-126.55949794470558,50.03021290403542],[-126.57813446851208,50.02949709917763],[-126.58256144297894,50.02643206375245],[-126.59303255641493,50.02869178571783],[-126.60066896690094,50.025179889204836],[-126.64277693844774,50.02721891290995],[-126.65815356909717,50.01800710617067],[-126.67059813903737,50.01606285049745],[-126.68020669067748,50.02766646925308],[-126.69610946530885,50.03226916691534],[-126.68902528802377,50.039333460853186],[-126.70023320301591,50.04825460493847],[-126.69547051861393,50.05494250574579],[-126.69849193075761,50.06070546384414],[-126.67553356103402,50.06540902940547],[-126.67441097009201,50.06970925218858],[-126.67738452958771,50.07302209463966],[-126.65606268873987,50.07021455934468],[-126.64900298340429,50.08034831512949],[-126.65123876527005,50.085511895356206],[-126.64887023030052,50.09334375977244],[-126.66643566122794,50.09039708720882],[-126.66696729892872,50.096146731043696],[-126.67956301401814,50.09881898900577],[-126.68309632291391,50.10664344121839],[-126.69474373398117,50.1149620444844],[-126.70393146106741,50.113561027440845],[-126.70953198223059,50.11631826438674],[-126.74734436801965,50.10738260362026],[-126.76762413167275,50.11818877387934],[-126.78526900813895,50.1215371566362],[-126.78829046563163,50.12367262223684],[-126.78555736678351,50.132465645402306],[-126.76792386900429,50.135701930018676],[-126.7642423830671,50.14252428905011],[-126.7668643500997,50.14803475633548],[-126.7784219487604,50.15458600456986],[-126.78017873467807,50.16024948630066],[-126.78422714101782,50.160141924852375],[-126.78682045714997,50.1692043778465],[-126.78127373599251,50.172516614041406],[-126.78222154587695,50.1781595893219],[-126.7898926175897,50.17442002186776],[-126.79605474128887,50.176054311487555],[-126.80179734485475,50.16812166639528],[-126.81086415981527,50.17258357293896],[-126.82029449051757,50.17128382748907],[-126.82231348339015,50.169659644313974],[-126.81562393694367,50.16157343637549],[-126.8137534883701,50.15203454105109],[-126.82309007133333,50.1434608730119],[-126.84081344134084,50.14200587898829],[-126.85143873739128,50.14456369818141],[-126.86454112679911,50.15606110777245],[-126.8843777497831,50.163613208451714],[-126.88694597708434,50.17406505926381],[-126.89965368627293,50.18098779527455],[-126.90035339580135,50.18643333547997],[-126.91958149099122,50.19532648830778],[-126.92537891171865,50.193755173580875],[-126.936588410863,50.18172194941013],[-126.99137108319289,50.18255812294636],[-126.99139770779581,50.1970908309211],[-126.9941902869185,50.200091177081596],[-126.99163877867564,50.22376130314846],[-126.97234451692259,50.23377475763944],[-126.97310699393219,50.241586470321096],[-126.98028580050146,50.247131300939174],[-126.99767753194196,50.248734593235596],[-127.00119485732017,50.25429489614465],[-127.00012790489366,50.267041927284076],[-126.99717716885961,50.27029213843646],[-126.99919008794676,50.2778463258983],[-127.00797303290956,50.281631047047235],[-127.01636680309234,50.280290528644116],[-127.0197837424658,50.28555668606317],[-127.02611186222578,50.28778107004623],[-127.03506158121563,50.30283373915543],[-127.04567889303276,50.30453283715654],[-127.05119087071624,50.31295433051721],[-127.04753449924542,50.31820273098808],[-127.04925341222174,50.32185338800087],[-127.06949838136894,50.32827366080124],[-127.06922155026406,50.333870624885634],[-127.08450254116677,50.33651596393723],[-127.08896567091678,50.340861783798296],[-127.09915837621571,50.3382386234307],[-127.10077709245618,50.33441645431482],[-127.09723669299161,50.332245859677265],[-127.0975553952883,50.32637770020819],[-127.10170580886168,50.31953781102022],[-127.11585579530406,50.32193570548177],[-127.11931395700311,50.31832197256997],[-127.14864021566044,50.3181002104627],[-127.14748646044735,50.30333095971259],[-127.14954759992408,50.30244935186541],[-127.14473646660936,50.298214219249104],[-127.14916581460693,50.29299011296589],[-127.15997754628664,50.29709536196582],[-127.16768697319799,50.276487967885416],[-127.1779064268017,50.263657652232084],[-127.18616053777048,50.2645903031059],[-127.1915543212584,50.27111140358314],[-127.20148177784104,50.27431460068088],[-127.21909411166361,50.27020857377157],[-127.2251134936626,50.26457321966823],[-127.2369288892443,50.26569551617506],[-127.24791857765163,50.27862478955811],[-127.26250856699386,50.284222478778496],[-127.27450027340471,50.27545175508281],[-127.28218474332083,50.279059413164575],[-127.2965879340579,50.27921346731748],[-127.29471080343905,50.266539871881655],[-127.29809339548183,50.261399717468784],[-127.28873548217838,50.25002828749558],[-127.29606102356314,50.24561177765421],[-127.29341805526511,50.236749477475776],[-127.29962096115473,50.2331627193885],[-127.30777225964006,50.23612296550065],[-127.32515079229755,50.23081626218804],[-127.3389942836217,50.23513844073776],[-127.3599994710714,50.24566242048839],[-127.37202603853895,50.24808613396918],[-127.37540391154494,50.257235656738175],[-127.38055850132713,50.26037467324366],[-127.40841732425777,50.253286344437505],[-127.42017773226037,50.25945700724944],[-127.44083999976087,50.257142742938065],[-127.47195015207254,50.2674406633412],[-127.48141856816456,50.26710607987986],[-127.49955454722382,50.27583217249058],[-127.52446150579581,50.27825371188655],[-127.52873510179184,50.2853163342186],[-127.55173013678599,50.29517889946409],[-127.56457333732514,50.29322960096033],[-127.56777784681827,50.288127494843756],[-127.57852770438501,50.28431703753191],[-127.59222309613195,50.28495742518887],[-127.59994181329907,50.28214855981381],[-127.59518439363131,50.27692453779164],[-127.59475041814527,50.26872964099139],[-127.63865105756356,50.24879958309124],[-127.63550776666312,50.24246082300278],[-127.63878664376718,50.237639446802284],[-127.66009867157682,50.239375200440115],[-127.68188480173734,50.21611873368219],[-127.69507340757353,50.211545691982465],[-127.69270427183615,50.206491326497144],[-127.70116033775018,50.200551104187674],[-127.70227159748657,50.18798968124135],[-127.73357055264813,50.18838911223105],[-127.7419238381011,50.18432658293476],[-127.74216643238908,50.18113428954235],[-127.72943821241725,50.1741242023086],[-127.7353491541639,50.1624153306229],[-127.76097926789672,50.16355503493459],[-127.77203066937949,50.15774525530485],[-127.76736617309184,50.15131096750252],[-127.77307449559505,50.145587156642875],[-127.78126350673018,50.14902821554006],[-127.80278948448043,50.14181395023107],[-127.81919198215256,50.14357485940852],[-127.82424276154111,50.147003916200525],[-127.84550836477213,50.137506583867676],[-127.85075568005118,50.14355773999048],[-127.86069081941507,50.146380865374006],[-127.87159655139615,50.14032635941009],[-127.87994276006167,50.125710715560686],[-127.88800601215887,50.123692580488246],[-127.89854644134572,50.11448508239902],[-127.9087208180504,50.11771912132908],[-127.91749260464813,50.12906768370451],[-127.98993802148608,50.12920979574352],[-127.98253116107615,50.100039876897974],[-127.9628884748661,50.08145317443551],[-127.93705650387633,50.0726079703014],[-127.9186591565737,50.06211634242464],[-127.84152544538321,50.040607309634474],[-127.77962057799091,50.037407419665364],[-127.7604968130182,50.04206257537736],[-127.73737502718701,50.05464601786155],[-127.70907123280995,50.059841431024225],[-127.68986823655335,50.069050536307145],[-127.67392997005774,50.06001528345739],[-127.65556008129971,50.0549346506841],[-127.64542852314761,50.03375345786198],[-127.62975642123374,50.022204047769314],[-127.62066589194262,50.00320432920256],[-127.59647605378213,49.98701923941789],[-127.53867899531919,49.965980754357616],[-127.51329244964738,49.96285313113088],[-127.49149588875342,49.95423231489247],[-127.41152713237969,49.94666653314337],[-127.38209609704853,49.92236782224609],[-127.3610282990473,49.91459384333096],[-127.33282042403442,49.911626327815426],[-127.29401610273942,49.887547620639936],[-127.2693218050414,49.86638555426168],[-127.23535248908745,49.85504396966185],[-127.18538196992664,49.821430128809055],[-127.1349746184123,49.80336857430116],[-127.11551520299315,49.78301984742665],[-127.09806183408008,49.77303956036719],[-127.06478625581107,49.766669961269685],[-127.03053907638439,49.77167563416369],[-127.03968381515185,49.760600352323124],[-127.04432137747743,49.74582495697782],[-127.03622452448289,49.7239730674456],[-127.01319738628177,49.70094916261491],[-126.98807996985578,49.685261643526175],[-126.97281651019135,49.66782853186206],[-126.94747450557314,49.64642157190616],[-126.89885427869812,49.625109294642236],[-126.88566927765616,49.59815587633935],[-126.8619259485244,49.581822536300635],[-126.79329641176696,49.563174980039626],[-126.7540701276113,49.561678172100635],[-126.71134250585591,49.54152283040735],[-126.55862139858712,49.5415228795948]],[[-124.98359558689287,50.04986923297391],[-124.98572990767195,50.04517334610247],[-124.99785360319191,50.04736187435088],[-124.99486712088155,50.05235596938367],[-124.98355934587038,50.05239456622875],[-124.98359558689287,50.04986923297391]]]}},{"type":"Feature","id":1340,"properties":{"LGL_ADMIN_AREA_ID":361,"ADMIN_AREA_NAME":"Stikine Region (Unincorporated)","ADMIN_AREA_ABBREVIATION":"Stikine Region","ADMIN_AREA_BOUNDARY_TYPE":"Administrative","FEATURE_AREA_SQM":122291735837.801,"OBJECTID":1340},"geometry":{"type":"Polygon","coordinates":[[[-136.69174785346013,59.99955948441918],[-139.06132777967898,59.99964665043825],[-139.05385096405556,59.994816403346256],[-138.79867808053177,59.924620217628906],[-138.70753470875206,59.906295143913034],[-138.67960924630103,59.845338230795456],[-138.66879883103465,59.8096239729599],[-138.62634813506398,59.768546402057886],[-138.03479306547152,59.46685106751254],[-137.60743232852008,59.2437980387191],[-137.5421885110623,59.106429783957914],[-137.50003849716387,58.9854028176158],[-137.5261446271433,58.90637856816133],[-137.4517540707151,58.90836030541704],[-137.28290987414755,59.00000444042162],[-137.17567688295,59.03217026947617],[-136.96969978964438,59.101260626770504],[-136.87676030094062,59.136178826829564],[-136.8287532136577,59.159982371246684],[-136.58447455104547,59.165868643703156],[-136.4897529683102,59.25977543524064],[-136.4958094388952,59.275130941542194],[-136.4693007234156,59.28407569825655],[-136.477446782874,59.37622057835042],[-136.47720734213493,59.4658208243614],[-136.36829728072482,59.44895521210779],[-136.30506890467328,59.46451788244566],[-136.2385521379026,59.52432383042598],[-136.23987951431204,59.55940553376762],[-136.35397397380612,59.599825129950574],[-136.19295893748605,59.64000993591063],[-135.95268003244638,59.6621600857591],[-135.4791862338063,59.798039507713625],[-135.36013626373983,59.73761584388106],[-135.2527909271176,59.69828094292036],[-135.2336932326988,59.696145061345675],[-135.2198698924361,59.66277923107992],[-135.15761437891885,59.62572303394854],[-135.11785778451755,59.623073453124036],[-135.0289258241524,59.56366278865952],[-135.0275865045161,59.474743131238114],[-135.07730356657646,59.45177606206785],[-135.1010420761454,59.42753709926868],[-134.98976819136269,59.38713557404198],[-135.03054826244878,59.34635502199715],[-134.95992947116372,59.28093390547027],[-134.70077362312912,59.249177523008825],[-134.6791734730763,59.19244182902032],[-134.56562089763636,59.13120200571182],[-134.48345881736648,59.13161847920303],[-134.44718081561348,59.08923575788387],[-134.38193227125672,59.03877456771717],[-134.4071963067369,58.979215515163396],[-134.31353682845617,58.962189428948065],[-134.33650412618428,58.923415287206254],[-134.25938590566258,58.86106168967475],[-133.97238950897412,58.76730811555701],[-133.84053914444291,58.729440225792814],[-133.70716238198108,58.61227601324393],[-133.5578496422853,58.52313291680863],[-133.3773307681114,58.43053927773309],[-133.46153119395018,58.387715611525444],[-133.34546580952048,58.27644313560895],[-133.27018265017784,58.22730242716873],[-133.17253635722795,58.15387002128458],[-133.07032054712388,58.000522211017454],[-131.0000198865167,58.00000480136474],[-131.0000204369112,59.00000473790476],[-129.00002027675907,59.000005040104135],[-129.0000193113967,57.16946541550101],[-128.98887765445664,57.155606306436574],[-128.97934183912523,57.15147279221736],[-128.9794124422394,57.143378869325815],[-128.97011968438784,57.13674734171682],[-128.9362849137801,57.1416665406407],[-128.89299383642322,57.12356268482072],[-128.87880664046264,57.12347790656023],[-128.8775255576063,57.11462809432115],[-128.8710999554066,57.11371133562779],[-128.85748779349936,57.118236183714906],[-128.82987887359667,57.09250339875751],[-128.8159970149679,57.090570331735236],[-128.80846341244833,57.08517800209405],[-128.80779043542907,57.08131112221994],[-128.81243056796626,57.07718578611193],[-128.80733928204396,57.07286603529705],[-128.79112113762446,57.06784527819034],[-128.78077888832075,57.06819293759304],[-128.78068710457893,57.06418018829096],[-128.7886266510553,57.05698912325519],[-128.78765430125628,57.054034925331464],[-128.7593126029249,57.043494008354614],[-128.74197050958531,57.04517333204356],[-128.73279665475357,57.037145837050794],[-128.72560785676083,57.036995544192976],[-128.72822099006873,57.025143038003684],[-128.72112309033932,57.020500931731604],[-128.72323034301937,57.01176465517989],[-128.71884506925656,57.009775510945204],[-128.72075580019248,57.00577613191997],[-128.71338999074584,56.99875233711995],[-128.71492143283268,56.993653177804276],[-128.6953560272202,56.98106604396631],[-128.68505223141116,56.97960017657842],[-128.66945966407084,56.96237734270721],[-128.67336709946977,56.951630235037456],[-128.6766083393373,56.94775273746593],[-128.68075186561666,56.948563008278285],[-128.68158312652065,56.944612252519285],[-128.6678942575152,56.93869237208027],[-128.67607107251175,56.93008952076634],[-128.6650855410219,56.92445477965825],[-128.6620209349991,56.915750347824556],[-128.67070057974354,56.91116488191709],[-128.67048672571966,56.90561240310345],[-128.67408570400244,56.903384900476325],[-128.69205996038113,56.89995379557069],[-128.69887833727017,56.887304401864206],[-128.68624993072171,56.88015723113355],[-128.68636478641716,56.876237625288134],[-128.65935094249758,56.87166603937912],[-128.65559569673263,56.87526621217225],[-128.6336164594974,56.877839919515104],[-128.62393502927335,56.87301383851957],[-128.61918676037163,56.860790524973694],[-128.59931726432137,56.84778272387871],[-128.57321875634585,56.84536746038484],[-128.5580131577867,56.85521673664397],[-128.54843296363174,56.84735755955802],[-128.5286600635128,56.84221761907647],[-128.49715463196128,56.839714005207],[-128.48525382155972,56.83100505891678],[-128.4851919484234,56.82573116460434],[-128.47524227190155,56.81490017877663],[-128.46503540582884,56.810427778256326],[-128.4667255022929,56.79675249270403],[-128.4642049034698,56.787128872304734],[-128.43695733784185,56.77034359801126],[-128.4226910012181,56.770305337457394],[-128.4242232330195,56.76319708452626],[-128.42097492005536,56.757432275241335],[-128.37391803772906,56.755578807665216],[-128.36743793992437,56.748008477922255],[-128.33797643686722,56.738485124343214],[-128.3201908523288,56.751137858837744],[-128.3051787756811,56.750255530811046],[-128.28668728468952,56.744041911288335],[-128.27017801778945,56.74860615293992],[-128.2629209628407,56.74259798670042],[-128.2252664761184,56.73024402365731],[-128.21041726348352,56.735257883605115],[-128.2080386210552,56.74274061373254],[-128.2005112678871,56.74536088805396],[-128.18991944939359,56.73836568542959],[-128.18622274410458,56.727117303487304],[-128.1901638688884,56.72243822321403],[-128.18958190583427,56.71834660785611],[-128.15932291674656,56.71758316686152],[-128.14610769398885,56.703079937868864],[-128.1573664357351,56.70140121603757],[-128.15985344780842,56.68962859455739],[-128.1745351572637,56.68247240804798],[-128.16680303931327,56.67040887428008],[-128.18904837000028,56.66112216710328],[-128.19153258367805,56.65176765386412],[-128.18375888741153,56.646866379758364],[-128.1759049725002,56.64415726437978],[-128.16620661518374,56.64790804743901],[-128.15684571576784,56.64319009896796],[-128.14114511789106,56.64339822476504],[-128.12544612556775,56.63546348870638],[-128.11496785958528,56.63387106499714],[-128.0983683306084,56.6463241650923],[-128.11258780860396,56.65115014175556],[-128.11547871412054,56.6642899523657],[-128.1000503560855,56.665994300285504],[-128.08556152180336,56.672811706050204],[-128.0568014099404,56.66126882026615],[-128.04921626014823,56.6486977604176],[-128.013781207588,56.641651760298075],[-127.99835333987014,56.62410152426493],[-128.00206552685205,56.619306628487415],[-128.0105665592285,56.61827838850655],[-128.0084481938945,56.609570449823856],[-127.99780490818955,56.60174144897007],[-127.95104335987175,56.605517855757164],[-127.90500943129105,56.61809811557866],[-127.9009964159622,56.60646249442531],[-127.89374876938525,56.599028793171904],[-127.89568280553405,56.58930951901798],[-127.88769993698527,56.58592900352467],[-127.88012051523,56.57243774471413],[-127.87144429454187,56.571919050729825],[-127.86876289617817,56.56850741420628],[-127.84112698383898,56.55843249205201],[-127.81928209734374,56.54028411602799],[-127.82100889871133,56.53181576372848],[-127.8311960207344,56.52642520810894],[-127.8928688123645,56.54011581050044],[-127.91281360747625,56.53766930253481],[-127.91942530721194,56.540063007701384],[-127.94428309291797,56.535595573016785],[-127.9456899942986,56.52826696857926],[-127.96745230801739,56.5283009389673],[-127.98643352533452,56.52093399474754],[-127.98441904152173,56.51272545342287],[-127.97254136599139,56.50385566771659],[-127.97769982965485,56.49966041012016],[-127.97710736725065,56.49538476908044],[-127.98256680226687,56.486220211550034],[-127.97604775818256,56.47502548357005],[-127.9786707550396,56.471121718981045],[-127.98404747070667,56.47031127588332],[-127.97757233052003,56.45326981458874],[-127.98347396904936,56.44803320545505],[-128.02183256569796,56.44325701465006],[-128.0343587078954,56.435297744438266],[-128.0346560937142,56.430175719297665],[-128.04597817738932,56.42901838187853],[-128.04510198131345,56.421421478922596],[-128.05892476115363,56.412024160337],[-128.07997773788315,56.414290512083426],[-128.10130813117988,56.40649833035969],[-128.11044995904848,56.41142497933814],[-128.11305458789914,56.41658290460233],[-128.12305738121555,56.419097858758455],[-128.1278709424682,56.425988135692734],[-128.1365978500268,56.42747673649091],[-128.15199150356062,56.43738219776631],[-128.15166937358296,56.44974092004336],[-128.15925380591088,56.452232354822655],[-128.1718963392905,56.44908285950103],[-128.18798871777776,56.437719773573],[-128.20962082013173,56.43092227531547],[-128.21734924625403,56.42166915468449],[-128.2530269339303,56.41937337565507],[-128.25729097361216,56.41490066504295],[-128.2802485479841,56.40712351895142],[-128.2821249191974,56.40156692131576],[-128.25751368465117,56.38626192642407],[-128.25045566935736,56.374533388173106],[-128.24185145580947,56.374049815134825],[-128.22491108155302,56.363808316525315],[-128.2081328401942,56.36587259496331],[-128.19962439652667,56.36016355466242],[-128.18849009102186,56.35917471904527],[-128.17790145065783,56.35174042754214],[-128.14904230283508,56.357541522660235],[-128.12345700831767,56.352352704455626],[-128.1169074962081,56.34726571983719],[-128.1137776060107,56.33951040878281],[-128.10548737810305,56.337689810097295],[-128.10178103149946,56.33027942758999],[-128.10428414163238,56.324605126963405],[-128.0988607021794,56.32128930151049],[-128.09423540952915,56.31260210760781],[-128.1101881233959,56.306453244811074],[-128.127302468731,56.30457337036335],[-128.20965024434935,56.3046188731488],[-128.2179473665448,56.296483524310425],[-128.21668801152347,56.28572570275504],[-128.21999310525993,56.28022387753519],[-128.2400319333822,56.269357030642105],[-128.2565660644695,56.26604318432358],[-128.26286756416494,56.26159742407474],[-128.26655059155914,56.25219419805755],[-128.27236281769197,56.246891497884285],[-128.29661777853602,56.23904419547953],[-128.2938816088258,56.23342205359877],[-128.28442765577168,56.22913587433489],[-128.26962101407156,56.213837918249986],[-128.28558022881654,56.2090912525454],[-128.3027309814805,56.209824055674744],[-128.30650026073897,56.20464298944712],[-128.29902357406732,56.19918593545559],[-128.3092996806801,56.19328376594357],[-128.29662708530915,56.185700948000594],[-128.2959087779682,56.179271627649264],[-128.29913938104616,56.17191234606886],[-128.30693775597422,56.168759670396796],[-128.29146727091555,56.157934930966746],[-128.2916838049282,56.15054153284636],[-128.27610358161937,56.141888557403625],[-128.27676563269574,56.135103753537294],[-128.28290777703037,56.126216430106254],[-128.28110951804402,56.12210181495373],[-128.26521609022294,56.111949046838255],[-128.2673610660682,56.10654379133269],[-128.30402871153305,56.10816051092769],[-128.31934770938395,56.101737725026],[-128.31231007990476,56.09249805261256],[-128.3141730739169,56.08896231311133],[-128.34022572172216,56.084195427422394],[-128.35679935942912,56.088750435156506],[-128.36489046007173,56.09666119472173],[-128.39663997476254,56.09489859885222],[-128.417113911068,56.10957854513068],[-128.42354118888534,56.105942844012326],[-128.42894309237752,56.10898588094493],[-128.43614865390165,56.10384166245226],[-128.44319813830984,56.10368595380502],[-128.44596773188883,56.099405597828394],[-128.46411175604493,56.10582203547015],[-128.47086465945057,56.0985234383508],[-128.4953686306264,56.09632285552381],[-128.49964364775616,56.08949073476084],[-128.5155819772929,56.08599924387387],[-128.51986259000338,56.081637300233666],[-128.5174997429643,56.078704988884546],[-128.4907793226126,56.07311984384102],[-128.48448434116435,56.0669300162497],[-128.47616442624965,56.04914961772924],[-128.402457806284,56.042920551940504],[-128.39228009166908,56.04001658930698],[-128.37198050147447,56.02676675371116],[-128.37121552693907,56.01657373943712],[-128.3824670575822,56.00610001046801],[-128.4024484931155,56.011319954869286],[-128.41982418925014,56.00440949657748],[-128.44901225750806,56.000979260585616],[-124.45100547703971,56.00000567418165],[-124.45570110422389,56.00782864511006],[-124.46269815291178,56.0099624078457],[-124.46467318035849,56.015528272084886],[-124.47215683614382,56.01658039543904],[-124.46987060974328,56.02551580248343],[-124.4819561546367,56.03772798492506],[-124.47951308490732,56.049947317029336],[-124.48648562256359,56.05547677755244],[-124.48742318513912,56.06189346250186],[-124.49562981343745,56.065604348697285],[-124.49741396244553,56.07350536728239],[-124.50271060332982,56.07791002934494],[-124.49105655183882,56.09221423297911],[-124.495665494684,56.09749215318398],[-124.49701954538048,56.115872893814846],[-124.50542015624757,56.12718900120557],[-124.50983374413849,56.12805269394871],[-124.51742178387525,56.11695691073176],[-124.53904965858926,56.116268956123385],[-124.56695730156825,56.125132720643975],[-124.58011144849702,56.125378500779874],[-124.61678026303922,56.11689435413015],[-124.65119098503277,56.122768354003234],[-124.68789435349356,56.12257775461162],[-124.7095919447366,56.136980874073544],[-124.7398830532174,56.14314092840687],[-124.74997267915063,56.15827016637117],[-124.75764488183916,56.16156509904752],[-124.75907842316846,56.17029935669487],[-124.76712358525913,56.17572016741654],[-124.76705915050631,56.18156418322999],[-124.7721564766793,56.18553504854126],[-124.77495589450787,56.194047857482154],[-124.78627034954708,56.20305992907814],[-124.7851598064525,56.206916116279395],[-124.79629116206671,56.21980903597733],[-124.82403492839357,56.216919757630436],[-124.83925699383602,56.21990245289714],[-124.84369022158536,56.22646241019374],[-124.85239473521969,56.22844416286633],[-124.87035944271,56.24077279503362],[-124.90180063501118,56.24608074936528],[-124.93092163790264,56.244350604684335],[-124.94655654653894,56.238367171999705],[-124.96484957829794,56.23750981617562],[-124.98811771599952,56.22551928321157],[-124.9891509495111,56.21429327752615],[-125.01084858808159,56.21322640606636],[-125.02711796132579,56.20483073332499],[-125.04702779593534,56.203073804526575],[-125.05150790565035,56.21601846481232],[-125.04528749836933,56.22186407908291],[-125.05517082444712,56.22730201613826],[-125.05010697376767,56.2314630719955],[-125.04944506700342,56.237698891881564],[-125.05308398681926,56.250312924513835],[-125.09084092069493,56.271425795922774],[-125.08802721189427,56.27949754010936],[-125.10005551646292,56.28660434620434],[-125.10102705223113,56.29302243030206],[-125.10994653229798,56.29974567218469],[-125.10588055408631,56.30506620422222],[-125.10717282076129,56.30837533764485],[-125.1573434595341,56.30127744619277],[-125.16475603470285,56.295726923439176],[-125.18610345596909,56.28832394419755],[-125.19559973356483,56.290770104551726],[-125.21147723273742,56.281122915931014],[-125.23180481033508,56.27923921354563],[-125.23665863876147,56.27493660972531],[-125.23090482082554,56.27155344474896],[-125.23210994895543,56.267933855448085],[-125.22473859637141,56.26577787384065],[-125.22372853638134,56.26092599224764],[-125.23748017269132,56.25224709361974],[-125.23614227423631,56.24779166638682],[-125.25375753168854,56.2520145514913],[-125.27504766746672,56.2475086893281],[-125.2944724066648,56.25306059367814],[-125.3321579887267,56.253158786592685],[-125.37558167468808,56.26452862871104],[-125.39628789542134,56.254234015939005],[-125.41451401607767,56.254998093761856],[-125.42821014605586,56.24382398473453],[-125.43403231207681,56.247223739158365],[-125.44210061840849,56.246246828473545],[-125.44426289882064,56.24299850602117],[-125.45565077408612,56.243075523032076],[-125.46689522931686,56.22968466588776],[-125.46457414867734,56.21967361244918],[-125.48021072551344,56.21093633910564],[-125.48315608185703,56.205190889253025],[-125.53325415412364,56.19707385775232],[-125.53649636881642,56.1839947198678],[-125.54651979550856,56.17392367737055],[-125.54754826022001,56.16755989192116],[-125.57063395481983,56.16611997302919],[-125.58005825915666,56.15892172700647],[-125.5824285010434,56.153335482251386],[-125.59460998381745,56.149245224305616],[-125.62655951983217,56.15164091972827],[-125.63819663769087,56.15625558183612],[-125.65577820403374,56.171105116207265],[-125.66178487312062,56.17943990338606],[-125.6601165908037,56.18956377113548],[-125.66356593840337,56.196536342868626],[-125.65149022452735,56.20751307557756],[-125.65552909017218,56.212046369682774],[-125.66376917265151,56.20613152587194],[-125.6840550441825,56.20326781231647],[-125.70360255325271,56.20560823218393],[-125.71041769720281,56.212676716472124],[-125.7348474152556,56.20179283810535],[-125.74311156726687,56.203110783722884],[-125.74536877132407,56.1973409321665],[-125.74230937363872,56.18384607712936],[-125.76045705467453,56.17922430875457],[-125.77435306782782,56.18235971227285],[-125.78070676126708,56.18077569407168],[-125.78225331063369,56.176833789719275],[-125.77733762459067,56.17226426817267],[-125.78428248080935,56.16791620050759],[-125.81020410071476,56.17032548606426],[-125.83389513232292,56.15767925056133],[-125.84286844467923,56.15421504312835],[-125.85127644279905,56.154927102336025],[-125.86751444118916,56.1476466054897],[-125.89071746268199,56.149389844816675],[-125.90677102210431,56.14559714246129],[-125.94826953423848,56.14317799967901],[-125.96296024841634,56.14527841915685],[-125.96247261517871,56.15156364232226],[-125.96610990376918,56.15668412591985],[-125.96209767516967,56.16154473809103],[-125.96326147719695,56.16556798799914],[-125.97089939616357,56.16954654974897],[-125.98825631852482,56.17035140888937],[-125.99463207497055,56.175526696131826],[-125.97639318861738,56.19541132745188],[-125.97185799583362,56.19674302791999],[-126.0011830910933,56.213377314272165],[-126.000264771125,56.21927900123532],[-125.98780443080088,56.221744264251974],[-125.98837853830783,56.23629601335307],[-125.98308551161864,56.239354329246574],[-125.98042230788143,56.2484946894149],[-126.00261080165063,56.25056114738263],[-126.03096877167516,56.24490246129499],[-126.03840810226988,56.248566663097165],[-126.03576601882305,56.25408164031733],[-126.04307189065317,56.25815483930561],[-126.05093492038029,56.27130587809822],[-126.05964279472853,56.27055632780464],[-126.0808965963095,56.278079109769976],[-126.09854424253301,56.268205866563925],[-126.11778875589488,56.27006701056325],[-126.1248499887929,56.27434823104917],[-126.12617184768402,56.282783541809344],[-126.13341542537975,56.29265752560949],[-126.14593435052299,56.291562612026624],[-126.16781993242478,56.2974307066796],[-126.16894580424272,56.3015623118513],[-126.1636009918374,56.308329300780635],[-126.16794423305876,56.31751733590221],[-126.16014717260589,56.32195892485639],[-126.16575857319695,56.3267097015796],[-126.1654816163467,56.33085614920358],[-126.1558246382504,56.348067817922235],[-126.14794344626968,56.35102664074822],[-126.1538354704371,56.359287973151645],[-126.14081193455176,56.36562473010047],[-126.15113527505319,56.36986652822538],[-126.15572176228892,56.38559222806361],[-126.11597497355707,56.41096471234934],[-126.12183378588746,56.425056385090514],[-126.13032837662955,56.428826786227745],[-126.12340309396502,56.43427028684326],[-126.10793594764455,56.435267828427],[-126.10594638651949,56.44436297962926],[-126.1361981779161,56.445631483184044],[-126.15567127067195,56.45505918485564],[-126.17665277631785,56.47126841211386],[-126.20935731746583,56.47394975926292],[-126.21747569262544,56.47930038936059],[-126.20493865775207,56.4827997725192],[-126.20652931473576,56.488537235187145],[-126.20338697510167,56.495836957018746],[-126.2105400005167,56.50186732440161],[-126.19732059868939,56.50987485531318],[-126.19091796705129,56.50698868053322],[-126.18280814540485,56.510912641452904],[-126.17387347470533,56.508642226619614],[-126.15740680685826,56.515582940241565],[-126.14389044638143,56.5132772845217],[-126.12125676268123,56.5148129355281],[-126.10350663079431,56.524979774515245],[-126.1167452614528,56.54215952321496],[-126.13746450766418,56.550611600971514],[-126.13418185480927,56.55614476610156],[-126.13587739644333,56.56204039622584],[-126.1136275011342,56.57896735310916],[-126.11823753333856,56.58494387788581],[-126.13467556070296,56.590717027752895],[-126.14576885446675,56.59051384947076],[-126.17131950127872,56.60437377502656],[-126.18013493503517,56.61602118425741],[-126.17550261458814,56.61913488054704],[-126.18066790038584,56.62827937427349],[-126.17492260356512,56.63576411685902],[-126.17723739006625,56.63709101903571],[-126.21482383645572,56.64961395702299],[-126.22124359194669,56.64729474429043],[-126.24394255067114,56.655053066624355],[-126.26999440381863,56.657200282441785],[-126.26781035592678,56.66775821587404],[-126.28123165096979,56.67405610331352],[-126.3027535260863,56.6739521245136],[-126.3189714832967,56.67988997143681],[-126.3320472129108,56.67837534012962],[-126.34478634800713,56.68407434856341],[-126.36500156033905,56.679320957428885],[-126.3880460177831,56.68084020428892],[-126.3949733619855,56.678340000510474],[-126.39304115108219,56.670598136258775],[-126.3955396781558,56.66896398149736],[-126.41305749426203,56.66558327072867],[-126.41964000352466,56.668616906914515],[-126.42844799179986,56.657801424352726],[-126.43932167051409,56.65953754800561],[-126.45956202951854,56.66892586252335],[-126.4593578377338,56.68222014368733],[-126.4781689977706,56.69369305968984],[-126.48204485800545,56.70177324964206],[-126.4903898357098,56.70713938243797],[-126.49147713013856,56.7137140528837],[-126.49851556041193,56.71764725016713],[-126.49870777246612,56.72254618906389],[-126.48621745642862,56.72869374861613],[-126.50084945328273,56.73066875087267],[-126.50680670192061,56.72860420065451],[-126.53006922026609,56.7355263577029],[-126.54731425401674,56.730432784823066],[-126.55794887402463,56.732193465555454],[-126.56803043155585,56.739520418420646],[-126.57063333952607,56.74673988355884],[-126.58826627969344,56.75548822645176],[-126.5813016364788,56.76228227310485],[-126.58119806135818,56.76889471406093],[-126.60051297754784,56.781580106826034],[-126.63676976136786,56.78089156205833],[-126.67667037814314,56.767428315686],[-126.70657997124923,56.770616228303844],[-126.71541831017815,56.768362082320984],[-126.72393662099986,56.77227729799437],[-126.7609648094689,56.7770815735739],[-126.76699028746663,56.7685415766197],[-126.7910531599719,56.759333710322885],[-126.77671056951868,56.740596407501485],[-126.78337855238856,56.72863126799193],[-126.79585610160865,56.72585710772016],[-126.79531962482716,56.7200363293035],[-126.80348123088714,56.717876942848385],[-126.83404309814877,56.71966115007285],[-126.83866774383102,56.71606301842462],[-126.83309383586665,56.71075105106083],[-126.84196224760464,56.70001043183272],[-126.82862609712802,56.69247263204801],[-126.8154016998755,56.69127080277728],[-126.8189484275364,56.682750842298134],[-126.8113510306041,56.67552215093994],[-126.81280878368703,56.671620644201866],[-126.84519006594347,56.67764210874314],[-126.85831997445503,56.676029430147565],[-126.88773046299474,56.68971186132353],[-126.9086698419201,56.681818827685625],[-126.93541172526945,56.681940587519684],[-126.9473496753409,56.676381764812824],[-126.95605895710216,56.6638694325536],[-126.97177252668575,56.66700002924973],[-126.98744680102301,56.665779673910315],[-127.00613390148354,56.64773067997688],[-127.02136623046727,56.65016937724699],[-127.03533071179375,56.64694592890972],[-127.03609340057426,56.63914305918841],[-127.04727671432936,56.633010824597875],[-127.07869136434604,56.630866942674885],[-127.09085204454452,56.61835490451522],[-127.11451034449074,56.625654861043586],[-127.11875334716238,56.632951770622114],[-127.11325059123597,56.63587075884391],[-127.11346804327066,56.64000758798587],[-127.11820658221474,56.64702544416169],[-127.12480391494486,56.64887726237354],[-127.12908940228209,56.65716384105766],[-127.1613456494083,56.665516019339826],[-127.18314199512099,56.69037607771038],[-127.18339259138641,56.69654892800755],[-127.18950381594216,56.70495067785593],[-127.21253212494851,56.72713729539177],[-127.23147873513378,56.738221259870805],[-127.26050684181764,56.72682477579545],[-127.27660385099573,56.7238675561765],[-127.29216818573335,56.7146191210136],[-127.29733121594553,56.71896387637751],[-127.29781561235082,56.72680881681386],[-127.3036794394444,56.73548484638449],[-127.33560606064555,56.7302694535458],[-127.34956224806997,56.72247305022991],[-127.35199226356285,56.713913194546016],[-127.34814582354933,56.71166583693656],[-127.3491079599188,56.70549064538982],[-127.36238908454759,56.70610621250772],[-127.37252768322165,56.69867339955517],[-127.37178289492479,56.69436267066115],[-127.37528880915482,56.69144926326992],[-127.38922178701915,56.695556819786454],[-127.39692799995028,56.69043874829454],[-127.39551956531336,56.68418179640791],[-127.40502749356386,56.685193466349396],[-127.41398107285481,56.68222883964007],[-127.41633861709583,56.68522299112951],[-127.43078530026483,56.6858850664933],[-127.42427228194664,56.69753561966954],[-127.44866314965216,56.711505276114785],[-127.46365906466795,56.706344894974194],[-127.46697838613518,56.711085040638714],[-127.48001151804365,56.71757824636897],[-127.51401000534327,56.716149364786524],[-127.53523602483554,56.7047719987689],[-127.54228404212859,56.70968462667436],[-127.53782363738061,56.723967527633995],[-127.53125425325918,56.732758534535954],[-127.53395223750391,56.73581725323585],[-127.53294967108654,56.742107969782396],[-127.5366235711174,56.74443334202716],[-127.52385824346881,56.74879034262472],[-127.50596972913483,56.74740320248379],[-127.505257020776,56.75514578404848],[-127.49881973751098,56.76097861939851],[-127.49921207793244,56.76809252103898],[-127.4930013119212,56.77182329565783],[-127.51571892789892,56.781880416066045],[-127.53622185915293,56.784094409911326],[-127.54145998422457,56.78887286447051],[-127.53607560575061,56.79163107469988],[-127.53722121104032,56.795427183037454],[-127.5707454367719,56.81097524049444],[-127.56871073903558,56.81684400140572],[-127.57198758778391,56.82257994500424],[-127.60610662351631,56.8412866305428],[-127.60410233354918,56.85241135626988],[-127.57908955667713,56.847636835544705],[-127.55921656885668,56.85205427123142],[-127.56391486178707,56.85997012243473],[-127.5607343368839,56.86491409784662],[-127.5759210963878,56.88054202115347],[-127.61517635273245,56.90163416244922],[-127.60854810664172,56.90889404994396],[-127.59826158855105,56.91132976483896],[-127.5845520651826,56.911104379309194],[-127.55080373488262,56.90167892907489],[-127.53970668416032,56.90286153837106],[-127.56152091647958,56.92487660563591],[-127.55987351118505,56.92882790362735],[-127.54170558245472,56.93498749361398],[-127.54014035135214,56.94476261021057],[-127.56837708707691,56.94567905853126],[-127.58296802761569,56.95030464366125],[-127.57161806664347,56.96290682022434],[-127.60351053480778,56.97805859655215],[-127.59914194280186,56.98066620900559],[-127.57688110347686,56.98145722077854],[-127.5777829152267,56.991036110146176],[-127.58983232372817,56.999713827469876],[-127.6174770801055,57.00022988167675],[-127.65195602342806,56.98994037669463],[-127.67154630897906,56.99705893800491],[-127.67293744530524,56.99096724620144],[-127.676769571799,56.98919295943417],[-127.69775808882595,56.99300690526661],[-127.71359493635657,56.99039749919962],[-127.73344279396186,56.99771258460781],[-127.72206571670941,57.008968184650364],[-127.71403967347659,57.01218026682352],[-127.7237391435829,57.01922132861478],[-127.72217329564069,57.027758591735136],[-127.69853242138801,57.02771876496064],[-127.69537048284482,57.02485876857687],[-127.69734793613493,57.02154614181078],[-127.69236426435616,57.01757698891244],[-127.68144658458586,57.016573019134626],[-127.67812807014143,57.02468691277976],[-127.66051590123263,57.032049663227355],[-127.66256539011235,57.04318831147623],[-127.67286985059789,57.04603217321231],[-127.68642650266027,57.05563562672923],[-127.6949491459988,57.05709032661678],[-127.70343277570512,57.068669384660915],[-127.70220317125626,57.075071464275695],[-127.68540678665913,57.072772086636434],[-127.67152803889137,57.07622345635547],[-127.67735784067737,57.08670696898141],[-127.6901370865204,57.09394577655761],[-127.736338054825,57.10476788962518],[-127.7294505589202,57.118309392383374],[-127.73380237181897,57.12833985596126],[-127.73852346486697,57.13060553328756],[-127.73108763852343,57.13788858364039],[-127.71450558243953,57.13918317192704],[-127.72148484710343,57.148015099039576],[-127.71212982911536,57.15281580023781],[-127.7102181655158,57.15734217166556],[-127.6895888301066,57.164398655558934],[-127.67631611505148,57.16361647778829],[-127.66280530351254,57.17244750310716],[-127.66463047986564,57.17626227845734],[-127.66172780945016,57.17907338073013],[-127.63632539701014,57.17966844907338],[-127.61878312406452,57.16850978066579],[-127.58096396257648,57.155695366219234],[-127.56552689490356,57.15795260908374],[-127.55882163670272,57.162909042254746],[-127.54746088919829,57.163766336157664],[-127.54090192383114,57.16907192330687],[-127.52805315409155,57.172353942026305],[-127.52737513964213,57.18025230743446],[-127.51794958003731,57.18551407776698],[-127.50076318353963,57.18212048776289],[-127.48979944530241,57.19496267188735],[-127.48226286379038,57.19793550454735],[-127.48090398377909,57.21288724325777],[-127.46796785579181,57.219773939420044],[-127.47211503350874,57.22561945434298],[-127.50395982157993,57.233914067379196],[-127.5101351514383,57.23699224328787],[-127.5079892986387,57.242076906281184],[-127.51469338599162,57.240383423627115],[-127.51690055447176,57.241402775705026],[-127.51268933700949,57.244335814323186],[-127.51465730319762,57.245263518857655],[-127.52746017259362,57.24504885539052],[-127.54552205493938,57.25604941173881],[-127.53478698293175,57.27539872560445],[-127.52528658677006,57.2804695899184],[-127.53532166906255,57.282075309626286],[-127.53751991320736,57.28604500158496],[-127.51821007718038,57.291398164090026],[-127.5180533079014,57.297727261943564],[-127.50329708429548,57.30744423945449],[-127.49878193122254,57.31490432323337],[-127.50770366186867,57.322970569785554],[-127.50647998926955,57.324840755408516],[-127.49285687117558,57.32903767942185],[-127.49123404776593,57.33499279083221],[-127.45735180948202,57.35498041413681],[-127.46023469801293,57.362747223293454],[-127.45250962628153,57.367342318965605],[-127.45352448227239,57.36921753296972],[-127.46273248892967,57.378952493469214],[-127.47405500136809,57.38267195038237],[-127.47441537400134,57.38520988242909],[-127.44428110692111,57.39202865116358],[-127.41801360162889,57.402955828127645],[-127.39677234332322,57.4075947274917],[-127.39175487562721,57.41213976265069],[-127.3849221852376,57.411074045263184],[-127.38742436274326,57.41453343239358],[-127.38010402850247,57.41680013227944],[-127.38069733213024,57.42154852648941],[-127.37116909153082,57.429441787407164],[-127.33645962143783,57.43639054256539],[-127.31740596165932,57.43308986000035],[-127.30525260479847,57.43869605203144],[-127.29909379311361,57.46289920376885],[-127.32483205935591,57.478074092940325],[-127.3264784251568,57.48421733507517],[-127.32336148299073,57.48699304732527],[-127.30217785946483,57.487989455804005],[-127.2962899815244,57.49162065009531],[-127.30557809994741,57.50326379753757],[-127.33560616002181,57.50708485622932],[-127.3367066332566,57.51498048727303],[-127.33217243949595,57.51608746302713],[-127.33024834520711,57.52928698755179],[-127.31862689759045,57.54291870258072],[-127.31823117168216,57.55110415554669],[-127.33230404964883,57.56172359041185],[-127.32018402397333,57.56906585385401],[-127.32559127369758,57.57499241990016],[-127.32103765727139,57.579819426068546],[-127.31073536239883,57.57800201471899],[-127.2927352961103,57.580593075473786],[-127.2862733924566,57.5757338776151],[-127.27824972792571,57.58202863450564],[-127.26309045063587,57.580220885187586],[-127.26015729509821,57.58506005292729],[-127.24850886980622,57.58958596491559],[-127.23623767966708,57.587100252957185],[-127.21917275364547,57.59454058964412],[-127.2101183615615,57.591327971053],[-127.18771396085074,57.60364882716145],[-127.17264343175816,57.60201522210721],[-127.16086032548114,57.58468667849292],[-127.15338522174162,57.581337172362275],[-127.15256677294957,57.57537437350691],[-127.14219772101065,57.57275149814778],[-127.13766778232069,57.56812954798331],[-127.1454550502305,57.558101445709845],[-127.14197019843105,57.55559440024524],[-127.14388709045633,57.55204867776739],[-127.13703539720699,57.547122978240594],[-127.14389541843273,57.54104254457626],[-127.14253789782003,57.539153755962495],[-127.14830287950866,57.53683055673875],[-127.14589508766947,57.533581678115446],[-127.13584747043706,57.53210094963],[-127.12590467327645,57.525664368734006],[-127.10598219423159,57.523686788541234],[-127.09952410182666,57.518846702317425],[-127.07241679645097,57.522471729281555],[-127.06577810860648,57.51243883478701],[-127.03667174226767,57.50664319582501],[-127.03077746667468,57.50822254141763],[-127.03024616136256,57.518079767965126],[-127.01771377363838,57.52500862271154],[-127.01549326237308,57.53052645565847],[-127.0086527283435,57.53252120457062],[-127.00673011101954,57.540810980347224],[-126.98625694065863,57.53292258441552],[-126.97580585145639,57.54134315092316],[-126.95963412142954,57.535513995847765],[-126.93329273177258,57.53552368420503],[-126.92709858123219,57.541630873119715],[-126.91391429893545,57.54206060411635],[-126.90610221178817,57.54936204874296],[-126.89410986319822,57.55270276309079],[-126.88352069640379,57.560055349488415],[-126.87190762588332,57.55507996096114],[-126.83598730348278,57.560016340103445],[-126.82544324773377,57.56911811860429],[-126.79456170329654,57.569737663224345],[-126.77360043955196,57.58080842137713],[-126.77528945674754,57.58657095761834],[-126.79268473366884,57.59162047379187],[-126.79289843158347,57.59748273402497],[-126.8015150820577,57.60029266686376],[-126.81042764022902,57.60905847013648],[-126.85631607760013,57.61699159142767],[-126.85875203152024,57.626245783270484],[-126.86458444088588,57.62931856928013],[-126.8643095806188,57.63342917222904],[-126.86064935314033,57.638410999298166],[-126.86115857624117,57.64709635393692],[-126.85478760292675,57.64821640797679],[-126.85299443997243,57.65398445369524],[-126.84576454252084,57.65690749313818],[-126.84837057306846,57.66498467450013],[-126.84370911717622,57.67663203333444],[-126.84552670873019,57.683907091935744],[-126.86037049678977,57.687552401931036],[-126.87844710689723,57.69774943204495],[-126.9346540009963,57.70000900415647],[-126.93543353696333,57.70606861749334],[-126.94519956747821,57.717279020742055],[-126.94658206651945,57.72778287331616],[-126.9519130410768,57.73106185778904],[-126.94897243383338,57.73919251696186],[-126.9527199646199,57.75159140549714],[-126.97295260599967,57.75372874537852],[-126.97745350790466,57.76040751667312],[-126.97509906818038,57.77244249442027],[-126.96282127082351,57.777259225760126],[-126.96200683313809,57.78113356249398],[-126.94746755516704,57.794027760635274],[-126.92028951717894,57.79325131650032],[-126.87278961448617,57.797514616834185],[-126.8649026084432,57.800652571835435],[-126.86116323725665,57.8078773979917],[-126.8769113459685,57.82133604590551],[-126.86667414474908,57.82730398517354],[-126.87054965351476,57.83685126786314],[-126.89512232424599,57.84638807887904],[-126.8818844716428,57.85344554575383],[-126.87540708182941,57.860974445315435],[-126.88063094658706,57.864449111707934],[-126.87930952951201,57.86856908397428],[-126.89467914124032,57.87533900767402],[-126.90216012279392,57.884432742988864],[-126.89642973171019,57.88723703176158],[-126.90183263769487,57.89063285526448],[-126.93330207819204,57.89212236520493],[-126.92715149516951,57.907715471736],[-126.92983902379919,57.91351852667996],[-126.94018973489413,57.91702013621694],[-126.94809309185099,57.92596501625908],[-126.9586404900332,57.93164851786444],[-126.96182324755516,57.93539129840402],[-126.95707307580203,57.9447648434646],[-126.97391367358844,57.954045992988554],[-126.97622429399375,57.95953044034157],[-126.97316740702672,57.96467481147601],[-126.96288072969536,57.96888688019421],[-126.95171200905007,57.96875733803307],[-126.95587308165388,57.976149752685764],[-126.95254955655777,57.979269833862446],[-126.95432361663862,57.98642116669258],[-126.9472737766113,57.99377077008771],[-126.91965621121365,57.997706543532146],[-126.90978833121098,57.993718291094936],[-126.8808549648444,57.992738339860786],[-126.8737044877867,58.00233152275349],[-126.85279652951445,58.005583219006844],[-126.78510619158726,57.97730582886462],[-126.7698673592323,57.98094195806641],[-126.75387947251244,57.979409604513584],[-126.74910147428832,57.98301699049541],[-126.75091245908118,57.98650829970514],[-126.73343190070764,57.99113974419136],[-126.73393302012977,57.99534773341086],[-126.71760056069279,58.00638597855285],[-126.69724994201405,58.00707625201515],[-126.6987726159337,58.001811706178174],[-126.69193128836464,57.99950432571687],[-126.69314379296942,57.99775623171187],[-126.67679118168984,57.99783595026004],[-126.6755986685256,57.99352018663159],[-126.67925061806066,57.988859621587565],[-126.67688181100199,57.984683128547296],[-126.6554667100457,57.971746468426254],[-126.65920778621022,57.95817559606065],[-126.6549838308171,57.95385761602411],[-126.63519991142327,57.93969131909838],[-126.61573391998563,57.93112070707024],[-126.60444318413752,57.92708541831269],[-126.5840336232131,57.93957927282724],[-126.57976419943782,57.9462182681767],[-126.54899862208687,57.95061659629981],[-126.52812047521849,57.9342054830034],[-126.50409830648312,57.93884272915249],[-126.47755047777369,57.937455725477264],[-126.4656014697165,57.93247929700151],[-126.44724214782799,57.9305241269128],[-126.44365214740178,57.92470982921675],[-126.43863902433071,57.92632516646241],[-126.43122933803454,57.923572554240096],[-126.42468313986048,57.90964327566119],[-126.37675596797924,57.921171021015205],[-126.37143688032731,57.91723287772086],[-126.37009086844046,57.908006035022936],[-126.35695176632781,57.90201786848614],[-126.34844644461278,57.90290689137684],[-126.34041874272059,57.890756090837506],[-126.32090203864978,57.88857030696782],[-126.3236664514479,57.880891261563754],[-126.310314234983,57.87512718413842],[-126.3122678917204,57.865220489247584],[-126.29781565372853,57.85616355062611],[-126.28383082310725,57.85427123640195],[-126.25871257871835,57.86077645693916],[-126.26006495992212,57.87048735720698],[-126.24996087209067,57.8746333053889],[-126.24858025496638,57.878207059161355],[-126.23737386381876,57.88025519693856],[-126.22940150340877,57.88800572864606],[-126.22986524654358,57.900446557159945],[-126.23994712608133,57.91006628706959],[-126.2442166836223,57.92419626822648],[-126.23904458252818,57.92954484961979],[-126.22119528930051,57.929212471734445],[-126.22578084195149,57.93385702485147],[-126.21175291797357,57.94894120558868],[-126.18663483405017,57.94657808571038],[-126.17305038827034,57.934710356211625],[-126.16780832462118,57.938503879829064],[-126.15707502133169,57.935197545867275],[-126.12721752451682,57.91560588462058],[-126.11018130130346,57.91292754090881],[-126.09296552575223,57.91844209708649],[-126.08381049665195,57.91720761175094],[-126.07919428496336,57.91309617088447],[-126.0689898764663,57.91400837610187],[-126.0651924642968,57.9158439317198],[-126.06350425656444,57.92220086335519],[-126.05603221407173,57.92083352626021],[-126.04718025938224,57.925420230831165],[-126.04735545572672,57.93726964636294],[-126.06696199321411,57.94484587160546],[-126.06578062693713,57.95236389854989],[-126.06203906479267,57.954864764880035],[-126.06719710447146,57.963720557420984],[-126.04589046235218,57.969670892099174],[-126.03166966180397,57.96608607792789],[-126.01702203998833,57.97085690177749],[-126.01259327332157,57.96412013201774],[-126.00086636763845,57.95618352747827],[-125.9942760924091,57.95525646234004],[-125.99054876181394,57.95698896507094],[-125.9876263932924,57.964650126239135],[-125.97848739779879,57.96789443592217],[-125.96803474391768,57.985560528101836],[-125.96761535531051,57.99166973210975],[-125.95798420270822,57.99281390668654],[-125.94171747406068,57.98721483037482],[-125.92565980462386,57.97664799075051],[-125.91080149809254,57.9818592069594],[-125.8957429687997,57.97402588981164],[-125.88446148012665,57.975789266929766],[-125.86832676046454,57.96940817324941],[-125.84380175849104,57.979273810287495],[-125.82611994852579,57.97672548605371],[-125.8213465956334,57.97288630276371],[-125.80790714880312,57.97254586865292],[-125.7994258296267,57.966379305481055],[-125.80224453507894,57.96154518744278],[-125.79976485965064,57.954032957229934],[-125.80278541216086,57.951075602604746],[-125.7999397894186,57.94199176686558],[-125.78497712845204,57.93381420920317],[-125.79319247085601,57.91995586416234],[-125.78438202954054,57.904494350570694],[-125.7648272456094,57.89011357724066],[-125.75703030541925,57.86880286226486],[-125.74235720935599,57.864360911117906],[-125.73196709525497,57.865435819957824],[-125.7224956307785,57.8605989149393],[-125.7138197051071,57.863830282034115],[-125.7057818966472,57.8621806759151],[-125.69421122994889,57.867165851226794],[-125.68509927193303,57.872897715580116],[-125.68555099308729,57.87903193525049],[-125.67300933753846,57.87776304324748],[-125.65008363254738,57.88173959100204],[-125.64957719548575,57.88517398727665],[-125.66482573428999,57.89895444475748],[-125.66698078827089,57.90533448588944],[-125.65922777256677,57.91349500765299],[-125.64762548235525,57.91759261453805],[-125.64943284758776,57.92218288733276],[-125.64506246085053,57.92697984173438],[-125.62549269476327,57.933014298601485],[-125.60941457113633,57.92672276311124],[-125.60718444763297,57.91664908029846],[-125.59970946039513,57.91350839034772],[-125.5828493907803,57.915026646415335],[-125.54915425766033,57.92847668784888],[-125.52677737931138,57.92757592267049],[-125.50793410455493,57.93396993911698],[-125.49528622644794,57.93472621954917],[-125.48757869858704,57.94155885088727],[-125.4667360635361,57.94480074797128],[-125.4570653331462,57.95568515029829],[-125.45227215713622,57.95628991493129],[-125.45750019487976,57.96352127946497],[-125.44747881499501,57.97417098946058],[-125.412367493551,57.9802724197134],[-125.38749833973368,57.98910736283416],[-125.37159777865347,57.98992607277311],[-125.36671398041683,57.99371905851848],[-125.31548494223118,57.99459924636263],[-125.27853080515811,58.00022052934736],[-125.27284250545368,58.00612271479923],[-125.26863183215175,58.006245808240266],[-125.26429136637665,58.00538669555733],[-125.252346259934,57.98786218398608],[-125.24464610433644,57.983856203195025],[-125.22061288123882,57.996767376444616],[-125.22261021067247,58.0021145138902],[-125.21240154601593,58.00346353232681],[-125.21123733054549,58.00919222931478],[-125.20431640307189,58.01308602278621],[-125.20153610612051,58.019911814445564],[-125.18761677767701,58.02341341033108],[-125.16790660167605,58.021756110016135],[-125.14464706619894,58.02837673243451],[-125.09053694051474,58.01469803879747],[-125.05949073685836,58.02397530653688],[-125.05844916198365,58.0199620822577],[-125.03902660077031,58.0120339977046],[-125.02759826555513,58.004887275823364],[-125.02579269073222,58.00048967410508],[-125.00618215807724,58.00645470103059],[-125.00004741495478,58.002304642715046],[-124.98901428081851,58.002118262110585],[-124.98685970695739,57.994489213224405],[-124.97344508645777,57.99474297628868],[-124.96718303752262,57.98878150978651],[-124.95768573522655,57.9876902130071],[-124.95487108569894,57.992606031163234],[-124.94229279768473,57.99440692515392],[-124.9407126778016,57.99821045087901],[-124.94534404157642,58.00529122189407],[-124.96797168765288,58.02326230358273],[-124.96580999245306,58.02820116432985],[-124.95722874174048,58.03356230262299],[-124.93753775562304,58.024942193953166],[-124.91308842414624,58.026902289194226],[-124.90946266238743,58.029834686007234],[-124.90837189786184,58.033202153866526],[-124.91220913160755,58.038028970729926],[-124.90937772065476,58.04168910738437],[-124.91448610495908,58.04861406502493],[-124.92253177962142,58.0517091710904],[-124.92550858216438,58.05727033406473],[-124.92353823094581,58.06118428391261],[-124.90519416640552,58.07247561473498],[-124.89511434408692,58.0725411449797],[-124.87824013843762,58.09088500760546],[-124.86761663236176,58.0904931526358],[-124.856325756227,58.09651573068225],[-124.87300805592672,58.112110440135574],[-124.8633316105947,58.11961215520718],[-124.86816033370461,58.13030230108328],[-124.84301085341359,58.13540285897225],[-124.8333653183024,58.14272003749232],[-124.85129393458665,58.14804902612553],[-124.8701269515525,58.160218030529194],[-124.87943402391316,58.16257778850642],[-124.87327170393534,58.17534477217635],[-124.8800674053348,58.18134491949631],[-124.87620829710185,58.191059439938925],[-124.88521010824807,58.1965597263118],[-124.88681371006383,58.20498093168035],[-124.8832414716325,58.21080135618443],[-124.8884217252928,58.21507305152407],[-124.88995896820711,58.2244564681747],[-124.88668049764505,58.22845786528579],[-124.89593510428563,58.23422923538776],[-124.93023263716631,58.22969666817852],[-124.96368586846175,58.23818572762637],[-124.97489470745963,58.23511104818286],[-124.98315922154086,58.23668996678191],[-124.98860829005955,58.2396957893036],[-124.99167225627953,58.24997980058694],[-124.9993888327599,58.252042406099044],[-125.00088654614596,58.258558412157456],[-125.01826220791877,58.2626324758693],[-125.02516712389348,58.261581884528205],[-125.03016522063493,58.24875797028386],[-125.05948959204053,58.248670918725686],[-125.07164509693644,58.239705672982744],[-125.09226177650406,58.2417983941523],[-125.1030559104469,58.23789259767344],[-125.1273943308702,58.24006506797411],[-125.14344668747627,58.23679386469061],[-125.16127174463827,58.24774412980201],[-125.17495042581112,58.2462661038586],[-125.18648820551218,58.25293038454298],[-125.20459356613661,58.25630293058709],[-125.20943779508323,58.2658797546],[-125.23738656825728,58.27032405660817],[-125.22751416931261,58.28445873885533],[-125.21569516442167,58.2921483763592],[-125.2384962931328,58.30051722331249],[-125.24935554641058,58.29772406303028],[-125.27517917769289,58.31026810167642],[-125.28039428740495,58.32100188542609],[-125.29648622684638,58.327491511769196],[-125.30304997857014,58.327217763796156],[-125.30205630394903,58.318241816186514],[-125.30646764471489,58.31081571218991],[-125.30292431913819,58.30813319456997],[-125.30232937624268,58.30195632976349],[-125.31593744274194,58.29202181731892],[-125.32526459583586,58.27796474592011],[-125.33670049585913,58.27696547626162],[-125.35391408837117,58.27950981360271],[-125.35540597690081,58.2905848505138],[-125.37199130166937,58.29656770947791],[-125.3819807153637,58.30401931216996],[-125.37360695634413,58.30681665284179],[-125.41113140925331,58.32633715529552],[-125.4140068661335,58.33185073154266],[-125.44458612269183,58.33894936380183],[-125.45256306199872,58.335463150205534],[-125.45005837424148,58.326678626089624],[-125.46100823211592,58.31768775138832],[-125.45867474141025,58.31154375286073],[-125.47432999129222,58.305419244247545],[-125.48261969772375,58.2931462071106],[-125.49265179093393,58.29117784439355],[-125.55357245465304,58.32454690520932],[-125.57147325816074,58.31896655249492],[-125.58765326774872,58.30896953229809],[-125.6097153971257,58.31579259592099],[-125.61881130754,58.31571445387726],[-125.62292978623016,58.304230013271265],[-125.62734719284857,58.30210549731457],[-125.65764979154618,58.299118785335715],[-125.66285157447794,58.30527075194299],[-125.67548181114384,58.309302352167194],[-125.68961349844326,58.305860713067055],[-125.70211156837065,58.3110247439361],[-125.71509232532794,58.30907332131136],[-125.72997661284886,58.31832263659407],[-125.74063978761325,58.31862470800707],[-125.74591538202081,58.32227275117811],[-125.75621651909111,58.31734731533906],[-125.78933102940566,58.32187622069947],[-125.78380909065304,58.33831576585604],[-125.78684957825712,58.34372223908749],[-125.78110162717718,58.34908636470798],[-125.79523453547932,58.354664404579495],[-125.8122444947031,58.35279090840519],[-125.83075881692606,58.358837872240976],[-125.82544536112894,58.36537763497238],[-125.81371413777731,58.37139641772187],[-125.82192836935538,58.372708298609176],[-125.83526217028007,58.38207605082105],[-125.84360719032146,58.39065875124464],[-125.84212185945987,58.394528960421226],[-125.85446294123146,58.40363432569276],[-125.88376947700243,58.40603210105835],[-125.90218522352795,58.41294917175014],[-125.90840860956472,58.40714935967805],[-125.9389708807373,58.39562242035629],[-125.94295527503793,58.400638412918894],[-125.96901095111569,58.40924543875662],[-125.96772363938645,58.41531449313437],[-125.97873683789048,58.42034511489495],[-125.97575117449827,58.42357592404011],[-125.9584976535086,58.42558426092858],[-125.95478182218633,58.43091835764329],[-125.96009052221204,58.43475899593869],[-125.9590544600684,58.440786151982344],[-125.97493679917919,58.44640063781106],[-126.00372740591857,58.44873348895776],[-126.01004767894497,58.45795195476262],[-126.03205941924904,58.45503859137796],[-126.04342262926701,58.44697244999299],[-126.06190376642817,58.447588257914546],[-126.0721782704131,58.452392676417844],[-126.08465775869657,58.44841050080874],[-126.09141173680251,58.44945066478934],[-126.09837124210824,58.46214777638487],[-126.12620993601682,58.463547790027576],[-126.12151464360322,58.47377694903535],[-126.13512871068966,58.48376031881798],[-126.14958305293455,58.482720494926234],[-126.15561214020315,58.48635555034925],[-126.16548985067563,58.485528382694696],[-126.20318694656964,58.492260026373586],[-126.20897997703713,58.50353209629891],[-126.22476750611996,58.50638175110794],[-126.22500527850046,58.516415406657664],[-126.24458933931243,58.517448509113024],[-126.24203227839777,58.52048477174045],[-126.2487614077824,58.5327423789887],[-126.26608179243121,58.544798209369056],[-126.28819022013039,58.54022204490878],[-126.31644205901522,58.54356839500897],[-126.33445029501786,58.53598121981295],[-126.3431227924008,58.53695874326086],[-126.34342701784408,58.54118831110987],[-126.3518827838921,58.54384305485597],[-126.3519719600281,58.54972151783033],[-126.32833785883439,58.56187481281745],[-126.32962637929626,58.5699188623936],[-126.33872069266519,58.577632612135325],[-126.32941405984036,58.58747947863358],[-126.34402266190776,58.59726212897361],[-126.34354773901191,58.60737910871625],[-126.35126023369276,58.609901489941315],[-126.33933443179201,58.62364278303352],[-126.39220149002873,58.62455824247405],[-126.39759518001301,58.615067101925014],[-126.42520085498533,58.62015559280904],[-126.43508671322957,58.615051870486774],[-126.43619507006254,58.60885615352394],[-126.43113771489524,58.60526887319944],[-126.43778482538158,58.601016723406936],[-126.45342535987828,58.60017746646742],[-126.47057179526033,58.60659905440456],[-126.48163843876716,58.60729556254012],[-126.49134046624191,58.60269321555996],[-126.50103826087634,58.59127935405992],[-126.49737845615475,58.583301208773065],[-126.50897484609342,58.58147795127286],[-126.53469206526897,58.593952019260605],[-126.55462562765845,58.59675182201151],[-126.58916829628674,58.58577803386015],[-126.59451500041506,58.595617798265884],[-126.60345132559958,58.59766057653873],[-126.60592741183744,58.60113791761059],[-126.613164546451,58.59976906027979],[-126.62061053355268,58.60984124796286],[-126.63463715506603,58.61485900050218],[-126.66002363821788,58.63644035651341],[-126.71379413859002,58.66009301418057],[-126.72622246612,58.66862376678988],[-126.73713262616917,58.67035737085336],[-126.75456909545994,58.66524025085188],[-126.77672800219294,58.670126073225674],[-126.78012575880553,58.66732075777017],[-126.79050619394891,58.66743450471845],[-126.79729095870131,58.66206347811402],[-126.79411511639424,58.65971612023003],[-126.79604379658817,58.65584270703668],[-126.80486429390139,58.652461060472966],[-126.79945129694676,58.64342934248691],[-126.83372332918017,58.628688145932394],[-126.85423894436488,58.63887459376947],[-126.85846191657227,58.64310456858264],[-126.85583249018681,58.646357906164546],[-126.86464199485438,58.651301885568046],[-126.90836096736906,58.64180235589575],[-126.93182518866287,58.65229850672968],[-126.92974850286423,58.66097242241852],[-126.91669715827092,58.66385223916535],[-126.89930533289012,58.66144733747629],[-126.89189364983274,58.665438770819414],[-126.87991710936676,58.67897247035822],[-126.84473906670232,58.68389948530519],[-126.81956178034119,58.680193332405025],[-126.8270872506125,58.689834699956975],[-126.8141906056256,58.69987820807211],[-126.81508674208762,58.70715853119181],[-126.8030442250907,58.71347712045035],[-126.81384199492457,58.718629021814635],[-126.81360019190384,58.722728629190975],[-126.79809032052816,58.73546644034148],[-126.79965671944649,58.74170118362372],[-126.81301601985845,58.746654179384045],[-126.81654741465772,58.755940634752264],[-126.8498925807789,58.75379696332057],[-126.86416681204767,58.758023106633495],[-126.86890112481395,58.76240472558104],[-126.866861775655,58.76896813810793],[-126.87440449565528,58.77856164591741],[-126.90166585658527,58.79534949776566],[-126.91198388082462,58.798002406632115],[-126.92003054533909,58.805689641162],[-126.926821570653,58.80652361298671],[-126.93638587664815,58.80206634321829],[-126.94249178235131,58.803712032468134],[-126.96276691261784,58.796882841569406],[-126.9660303430761,58.79110400858435],[-126.97792456245102,58.794291499266336],[-126.99097031020304,58.78827574567104],[-127.01020041743875,58.79040943380157],[-127.00780053342868,58.7936333861404],[-127.01024362344668,58.801747202313145],[-127.02531798101144,58.81277682291919],[-127.01820968810512,58.81656665453805],[-127.0181229238601,58.82149220935463],[-127.03104327016123,58.82785751830043],[-127.05035257180616,58.82798290836002],[-127.05234235813995,58.828953200777676],[-127.04679217382059,58.83152839810077],[-127.06142434738094,58.84197888844622],[-127.06460033161751,58.85363487177409],[-127.0481406784009,58.86145813049838],[-127.04984680614776,58.8650372805244],[-127.04307224669152,58.86584513383078],[-127.03549475375446,58.87275504577546],[-127.01927116658916,58.87566646916685],[-127.01934869447918,58.88644763034165],[-127.00724716616135,58.89285334927466],[-126.9982461657438,58.89336305289161],[-126.98967335785865,58.91438978870255],[-126.97782261648895,58.92267829532883],[-126.9638475374404,58.92340524672328],[-126.95420054594398,58.92763889525259],[-126.94759881105527,58.932409298851745],[-126.94774843601559,58.93853937274622],[-126.9424110187877,58.94294729475145],[-126.91967151611493,58.9454103964173],[-126.91466677284069,58.95622879749488],[-126.91789187616773,58.96388076106136],[-126.92423857784715,58.96612677297934],[-126.92345168724621,58.98017024845496],[-126.94352124635688,58.98999206441056],[-126.93598524541072,58.9955047251238],[-126.94549867343945,59.003741044307],[-126.94459518602717,59.010326478028425],[-126.94769851340831,59.01426846181769],[-126.9452289062232,59.01917014796808],[-126.96355949367836,59.028170395658286],[-126.96791090480907,59.040719445103534],[-126.97724679901825,59.04618356669212],[-126.96778137206083,59.050293547212554],[-126.96861094033004,59.058391460376974],[-126.96310721190052,59.06268292979563],[-126.97141967959365,59.0773001726729],[-126.96287477638404,59.078971853367236],[-126.97797111003817,59.096940870837756],[-126.97375469846871,59.10428618610818],[-126.9788094711502,59.11068017119862],[-126.96240988232965,59.11653226261135],[-126.96453193630165,59.1207137813904],[-126.9756839796734,59.12250716158799],[-126.98262762114636,59.130247908956775],[-126.98062550397684,59.13117198347191],[-126.98900223725056,59.13684757132492],[-127.00092250068876,59.135669238065724],[-127.01034941017338,59.13868861370642],[-127.01655856860296,59.13527225705511],[-127.02784673385479,59.135501110884725],[-127.05481413086027,59.140143886784855],[-127.0797521638903,59.130924407354975],[-127.09396400333671,59.13313701109001],[-127.1037284936531,59.130639058911655],[-127.10524027332194,59.126367353376],[-127.1118942462714,59.12400103072704],[-127.14089426725329,59.13269467167015],[-127.14577579963718,59.13701329881445],[-127.14365191499046,59.14051313692899],[-127.1457285514569,59.14413587853671],[-127.15709165397499,59.14740563613904],[-127.15585176077103,59.162649536951484],[-127.1584896352201,59.16694471730186],[-127.1758428527512,59.17452829266937],[-127.17394075589841,59.18981284150307],[-127.18868219825991,59.19049020408079],[-127.19594612599538,59.19582802264373],[-127.18502928904836,59.203248305537656],[-127.1769354051609,59.20362909661557],[-127.17535712533349,59.2098677777847],[-127.16391775092552,59.21245938886366],[-127.16390499350281,59.21700936379375],[-127.17315088092104,59.228463537028915],[-127.18538856381348,59.23047025944584],[-127.19186587594943,59.23587807761337],[-127.18781391071757,59.241579443428236],[-127.19079949476941,59.24942673856015],[-127.2017744955725,59.25181548683699],[-127.16328120843768,59.278809141791456],[-127.1609483033662,59.28236021668086],[-127.16304273270224,59.285515678287965],[-127.15800335776852,59.29170525808679],[-127.1525932942804,59.29544816949896],[-127.1474210742971,59.29483075059273],[-127.17133437974387,59.30701055506277],[-127.1736684485711,59.31076600591918],[-127.17006320682977,59.31602899986269],[-127.18109156946828,59.32937653352562],[-127.19326099114629,59.335859398553104],[-127.19311894672242,59.34140251101371],[-127.2109751468919,59.340912263802444],[-127.2174220972094,59.33786477935182],[-127.21717474120676,59.329761391773495],[-127.22535901861221,59.329111603494816],[-127.23534913621735,59.32104947034852],[-127.2472219932759,59.32061390736232],[-127.24987158571275,59.31742490531248],[-127.26032779173462,59.31900807869473],[-127.26278872476126,59.32553503086885],[-127.29343926893254,59.31084109450006],[-127.30662027682612,59.308974163839444],[-127.32205994055904,59.313287726778036],[-127.32435339432968,59.316665552731976],[-127.31942786024884,59.32318795125472],[-127.32553006847195,59.32525153377393],[-127.31835161136921,59.33074292995057],[-127.34378789272445,59.339757224578],[-127.33929233174365,59.34140261888204],[-127.34114563289955,59.34814871568031],[-127.32964588812642,59.35868446215139],[-127.33290861553607,59.364417795025396],[-127.34408771859285,59.36862903334979],[-127.35180670278626,59.36803520677365],[-127.36149536000592,59.361986717568975],[-127.36886503053204,59.36203419508635],[-127.38851151586336,59.354083004620925],[-127.39277140057855,59.35467848808078],[-127.39534084588112,59.362560263013215],[-127.40134518123985,59.36649219603344],[-127.38517440747886,59.388329413276175],[-127.38791844181453,59.39135428810667],[-127.38507408862989,59.39932190667831],[-127.3753777261785,59.40805264313864],[-127.3820368385354,59.41446553758505],[-127.4027076496843,59.41485881621772],[-127.4051455061189,59.411439632267765],[-127.4127995724955,59.41584714833342],[-127.42369149830007,59.414928259101025],[-127.437091226786,59.40167871708132],[-127.44687727981838,59.4039820848199],[-127.44615184776644,59.41170167755289],[-127.45499135312393,59.41070584732089],[-127.4611350892646,59.417036618147954],[-127.46604595681163,59.41742373875176],[-127.45883596429762,59.424585003395855],[-127.46261417183767,59.43191961515876],[-127.45788224579356,59.434701014037856],[-127.46294198207922,59.43937720666753],[-127.44849200239572,59.442242138882825],[-127.44755411162517,59.450222637393146],[-127.45530320233522,59.458399923759494],[-127.45406833587916,59.464019766746574],[-127.46136950452843,59.47438683464373],[-127.45925147067337,59.47584583127333],[-127.46393215838965,59.48503216335788],[-127.47912641266747,59.49365342697693],[-127.47726671806652,59.497035761318045],[-127.48273907822897,59.503278631827364],[-127.47914350620141,59.51054778795652],[-127.49412482757133,59.51965332129542],[-127.4985681536866,59.51831661966418],[-127.49709401084,59.521742568731625],[-127.50177707653052,59.52336503656186],[-127.51049205413504,59.521852894124066],[-127.52131811974984,59.51229778133809],[-127.53918892116438,59.50769357740151],[-127.54368404283748,59.5125387487353],[-127.53997711395509,59.52257448500132],[-127.53395353951784,59.52573241796613],[-127.53416005642448,59.53201568502849],[-127.54063145677925,59.53742890805534],[-127.53866477615217,59.541053373659004],[-127.54513517725695,59.54440364026622],[-127.54063527794658,59.54679246166442],[-127.55529231277168,59.556290601627666],[-127.55421453950078,59.56381996059517],[-127.56687272459068,59.565028895821605],[-127.57201162912803,59.56887711304506],[-127.59561932822332,59.57071312545367],[-127.59900791532394,59.5777726895982],[-127.62758094167076,59.57961099452395],[-127.62741441392187,59.58403693026278],[-127.63402270263455,59.587994823188176],[-127.63445876532101,59.592528818100526],[-127.662134040424,59.60112180958709],[-127.6781124499457,59.59999671185342],[-127.68622827885166,59.61151408477896],[-127.70768952882021,59.61227231263764],[-127.70889927617944,59.616619016626196],[-127.73133799103009,59.62581699755497],[-127.74250927602125,59.62605335162479],[-127.746379158843,59.63417515392086],[-127.74275794740431,59.637161031067606],[-127.74772124828063,59.63861552142522],[-127.74819868920046,59.64500542429162],[-127.7418083336716,59.64542025350627],[-127.73412474688575,59.64923500901226],[-127.73512297899441,59.651154557986985],[-127.74411820575229,59.65645484917772],[-127.74577865163549,59.66880833084451],[-127.77304074661926,59.680277038683435],[-127.78376595637754,59.681676075018004],[-127.77977362036391,59.68548275408153],[-127.79254539117993,59.69351883029125],[-127.79129864777514,59.70028775013743],[-127.78529653192298,59.70464485631017],[-127.79307774530514,59.70768920514908],[-127.8028059702116,59.72112346163096],[-127.79719895886474,59.72409869675786],[-127.79966236800684,59.72730935083497],[-127.79725466353925,59.73812092548214],[-127.8013967688515,59.7398591046582],[-127.80257238234962,59.74589878710199],[-127.80887772086733,59.747722265961876],[-127.80480259817848,59.749717870686254],[-127.80469085506046,59.75334500249161],[-127.81769221451765,59.759641215221],[-127.79757418990118,59.76862786609131],[-127.8171157003055,59.775944665703214],[-127.81248681951566,59.777846715857],[-127.81549466948967,59.78690025422591],[-127.8057232825247,59.79222913155823],[-127.81339345342117,59.796180124787334],[-127.7820000607954,59.79925189514044],[-127.7402205123889,59.814937679747715],[-127.7469791008911,59.820620058218424],[-127.76540212780736,59.82494318844012],[-127.76393262531549,59.82919614692235],[-127.74931761119271,59.83092204744123],[-127.73423813525078,59.839061309647064],[-127.7342445683444,60.00114853845661],[-129.0544713582946,59.998770970169545],[-130.76834738955463,59.9985452619587],[-131.57027293203285,60.001932445588686],[-132.4410090899148,59.9993745108065],[-134.66110346304862,60.001476999583915],[-136.69174785346013,59.99955948441918]]]}}]}
