{"type":"FeatureCollection","name":"air_quality_bylaws_2016","metadata":{"title":"Status of Air Quality Bylaws in B.C.","indicator":"https://www.env.gov.bc.ca/soe/indicators/air/air-quality-bylaws.html","source":"https://www.env.gov.bc.ca/soe/indicators/air/aqbylaw_viz/data/bylaws.csv","reportingYear":2016,"populationYear":2015,"reusedBoundarySource":"datascrapers/bc/boundaries/output/BC/regional_districts.geojson","excludedBoundary":"Stikine Region (outside the 2016 indicator table)","simplificationToleranceMetres":150},"features":[{"type":"Feature","geometry":{"type":"Polygon","coordinates":[[[-123.322775,49.00229],[-123.578891,49.017027],[-123.588697,49.015451],[-123.59505,49.007274],[-123.605936,49.003291],[-123.601436,48.996518],[-123.602697,48.992924],[-123.631171,48.982735],[-123.631502,48.978097],[-123.620995,48.965563],[-123.612398,48.948161],[-123.615281,48.922188],[-123.612159,48.891078],[-123.585794,48.856075],[-123.576356,48.817587],[-123.552906,48.800192],[-123.558774,48.78914],[-123.553218,48.779429],[-123.568323,48.768509],[-123.569589,48.76125],[-123.55171,48.733539],[-123.514767,48.702643],[-123.50273,48.662773],[-123.502175,48.573604],[-123.513874,48.558066],[-123.545264,48.550021],[-123.548597,48.544785],[-123.547099,48.535728],[-123.579356,48.53605],[-123.58171,48.52572],[-123.587404,48.525716],[-123.587301,48.522007],[-123.608988,48.522057],[-123.608975,48.529296],[-123.61715,48.529301],[-123.617147,48.532933],[-123.628006,48.532939],[-123.627986,48.54748],[-123.634616,48.547531],[-123.634629,48.562742],[-123.645547,48.562704],[-123.645583,48.570441],[-123.643664,48.573571],[-123.639981,48.573572],[-123.639972,48.580869],[-123.648155,48.580871],[-123.648139,48.59716],[-123.653256,48.597162],[-123.653228,48.60249],[-123.65864,48.602527],[-123.658536,48.608852],[-123.667152,48.608928],[-123.667354,48.618342],[-123.673025,48.6184],[-123.672948,48.620283],[-123.682791,48.624498],[-123.693024,48.623177],[-123.694422,48.616551],[-123.70261,48.616575],[-123.702634,48.612955],[-123.716279,48.612994],[-123.716222,48.619264],[-123.723063,48.619347],[-123.723022,48.622893],[-123.746225,48.622885],[-123.744369,48.605479],[-123.765868,48.604692],[-123.765864,48.601072],[-123.786054,48.601055],[-123.786052,48.610244],[-123.790146,48.610241],[-123.790149,48.612051],[-123.803672,48.611135],[-123.803668,48.612734],[-123.821409,48.611844],[-123.821423,48.602614],[-123.831264,48.60262],[-123.831307,48.605294],[-123.848461,48.605304],[-123.848463,48.602703],[-123.853921,48.602705],[-123.853946,48.627394],[-123.856892,48.633761],[-123.853976,48.638902],[-123.875653,48.639614],[-123.879831,48.637291],[-123.891059,48.638424],[-123.898655,48.63639],[-123.903596,48.638538],[-123.903596,48.644873],[-123.907692,48.644873],[-123.907693,48.651877],[-123.916482,48.649749],[-123.918055,48.642333],[-123.932546,48.638301],[-123.947564,48.638296],[-123.947571,48.645676],[-124.015167,48.645471],[-124.015173,48.651236],[-124.112712,48.651259],[-124.11271,48.639714],[-124.140563,48.639707],[-124.140565,48.643326],[-124.151405,48.643321],[-124.151408,48.646941],[-124.15687,48.646938],[-124.156888,48.650557],[-124.16781,48.650551],[-124.167814,48.65417],[-124.1979,48.654154],[-124.280831,48.722837],[-124.279723,48.681805],[-124.356224,48.680872],[-124.356638,48.695345],[-124.378501,48.695069],[-124.377777,48.666121],[-124.410555,48.665756],[-124.410555,48.635633],[-124.41622,48.635637],[-124.417508,48.625756],[-124.423052,48.62391],[-124.425414,48.627025],[-124.445454,48.626767],[-124.445445,48.635015],[-124.489266,48.635027],[-124.489208,48.592607],[-124.499484,48.592608],[-124.499474,48.560708],[-124.502908,48.560708],[-124.502907,48.432583],[-124.012488,48.296955],[-123.679475,48.240278],[-123.541609,48.224835],[-123.248807,48.284297],[-123.114231,48.423124],[-123.160252,48.453802],[-123.219325,48.548996],[-123.268277,48.694269],[-123.008934,48.767368],[-123.008937,48.831477],[-123.322775,49.00229]]]},"properties":{"id":"CAPRD","boundaryCode":"CAPRD","boundaryName":"Capital Regional District","reportingName":"Capital","jurisdiction_count":14,"population_2015":377809,"vehicle_idling_population":110243,"vehicle_idling_percent":29.2,"vehicle_idling_band":"26–50%","vehicle_idling_display":"Capital Regional District · 29.2% covered","vehicle_idling_details":"Vehicle idling: 29.2% of the regional district population covered (2015 population estimate).\nCapital RD-uninc: bylaw reported\nCentral Saanich: no bylaw reported\nColwood: no bylaw reported\nEsquimalt: no bylaw reported\nHighlands: no bylaw reported\nLangford: no bylaw reported\nMetchosin: no bylaw reported\nNorth Saanich: no bylaw reported\nOak Bay: no bylaw reported\nSaanich: no bylaw reported\nSidney: no bylaw reported\nSooke: no bylaw reported\nVictoria: bylaw reported\nView Royal: no bylaw reported","open_burning_population":50154,"open_burning_percent":13.3,"open_burning_band":"1–25%","open_burning_display":"Capital Regional District · 13.3% covered","open_burning_details":"Open burning: 13.3% of the regional district population covered (2015 population estimate).\nCapital RD-uninc: no bylaw reported\nCentral Saanich: bylaw reported\nColwood: bylaw reported\nEsquimalt: no bylaw reported\nHighlands: no bylaw reported\nLangford: no bylaw reported\nMetchosin: bylaw reported\nNorth Saanich: no bylaw reported\nOak Bay: no bylaw reported\nSaanich: no bylaw reported\nSidney: no bylaw reported\nSooke: bylaw reported\nVictoria: no bylaw reported\nView Royal: no bylaw reported","solid_fuel_population":10834,"solid_fuel_percent":2.9,"solid_fuel_band":"1–25%","solid_fuel_display":"Capital Regional District · 2.9% covered","solid_fuel_details":"Solid fuel appliance: 2.9% of the regional district population covered (2015 population estimate).\nCapital RD-uninc: no bylaw reported\nCentral Saanich: no bylaw reported\nColwood: no bylaw reported\nEsquimalt: no bylaw reported\nHighlands: no bylaw reported\nLangford: no bylaw reported\nMetchosin: no bylaw reported\nNorth Saanich: no bylaw reported\nOak Bay: no bylaw reported\nSaanich: no bylaw reported\nSidney: no bylaw reported\nSooke: no bylaw reported\nVictoria: no bylaw reported\nView Royal: bylaw reported"},"id":"CAPRD"},{"type":"Feature","geometry":{"type":"Polygon","coordinates":[[[-126.623031,53],[-126.614203,52.995673],[-126.61506,52.990402],[-126.624212,52.98547],[-126.634499,52.973806],[-126.636793,52.960257],[-126.643165,52.957254],[-126.641749,52.952371],[-126.650521,52.944902],[-126.637935,52.935202],[-126.625793,52.937891],[-126.612464,52.934656],[-126.607476,52.930816],[-126.613966,52.927466],[-126.613347,52.921529],[-126.604456,52.914924],[-126.597135,52.914674],[-126.594367,52.91228],[-126.589258,52.895359],[-126.590899,52.879102],[-126.601107,52.876777],[-126.606613,52.872011],[-126.613593,52.872637],[-126.613269,52.869321],[-126.622171,52.868193],[-126.622235,52.860267],[-126.626457,52.855855],[-126.633733,52.855641],[-126.642659,52.844156],[-126.6321,52.833525],[-126.624952,52.835212],[-126.616102,52.833114],[-126.618825,52.829749],[-126.617878,52.818026],[-126.610906,52.817502],[-126.607416,52.812226],[-126.601217,52.811432],[-126.595039,52.814989],[-126.593665,52.819201],[-126.579628,52.825012],[-126.577936,52.821803],[-126.583075,52.818527],[-126.561504,52.815442],[-126.557744,52.81157],[-126.540413,52.810483],[-126.553098,52.798643],[-126.559202,52.797378],[-126.562001,52.794096],[-126.552819,52.790308],[-126.542644,52.789605],[-126.549462,52.785736],[-126.541366,52.780133],[-126.540674,52.775885],[-126.514461,52.770647],[-126.507199,52.774487],[-126.487392,52.778817],[-126.484829,52.783654],[-126.477363,52.783766],[-126.467987,52.780742],[-126.456574,52.782422],[-126.448039,52.788632],[-126.450186,52.7925],[-126.420713,52.790712],[-126.419932,52.793393],[-126.410624,52.795752],[-126.402894,52.804234],[-126.386891,52.809351],[-126.382647,52.818706],[-126.378462,52.8213],[-126.374063,52.820729],[-126.367832,52.829269],[-126.360211,52.826402],[-126.362402,52.823301],[-126.359345,52.822336],[-126.354299,52.82597],[-126.342256,52.828707],[-126.342237,52.746571],[-126.352233,52.737874],[-126.353311,52.712019],[-126.350002,52.70359],[-126.361968,52.70473],[-126.364933,52.698279],[-126.371025,52.69746],[-126.378406,52.690572],[-126.389128,52.688471],[-126.39701,52.695029],[-126.409604,52.68856],[-126.414126,52.688407],[-126.416772,52.679949],[-126.412708,52.671102],[-126.414644,52.661985],[-126.4199,52.659263],[-126.423391,52.66076],[-126.432297,52.658678],[-126.435218,52.653505],[-126.45255,52.651175],[-126.447388,52.64459],[-126.440378,52.642498],[-126.426433,52.62911],[-126.415217,52.623083],[-126.419309,52.616333],[-126.415331,52.615045],[-126.415731,52.6127],[-126.404222,52.610883],[-126.402417,52.601941],[-126.39915,52.601081],[-126.403407,52.595938],[-126.408322,52.594738],[-126.407814,52.589836],[-126.402718,52.589871],[-126.400805,52.586045],[-126.378532,52.577269],[-126.38411,52.56689],[-126.368899,52.552524],[-126.370353,52.546468],[-126.356295,52.532729],[-126.35078,52.530519],[-126.340397,52.530556],[-126.324083,52.518525],[-126.315754,52.520215],[-126.315203,52.535769],[-126.302879,52.547242],[-126.288387,52.544222],[-126.285535,52.54145],[-126.269579,52.541476],[-126.271425,52.537079],[-126.263574,52.531458],[-126.253246,52.531802],[-126.251837,52.528007],[-126.240155,52.523521],[-126.238201,52.520121],[-126.231026,52.51864],[-126.234377,52.510589],[-126.230132,52.507791],[-126.227902,52.49943],[-126.219902,52.494736],[-126.21356,52.495307],[-126.213498,52.497212],[-126.206362,52.499139],[-126.205811,52.508757],[-126.19432,52.502657],[-126.190964,52.506984],[-126.19008,52.516685],[-126.197507,52.523201],[-126.191477,52.529668],[-126.177524,52.523526],[-126.172573,52.5283],[-126.174847,52.53375],[-126.169927,52.541007],[-126.166841,52.540929],[-126.162323,52.545627],[-126.154231,52.544686],[-126.14245,52.551866],[-126.138483,52.563705],[-126.140977,52.569979],[-126.135862,52.574864],[-126.139998,52.580789],[-126.132442,52.589485],[-126.105064,52.587275],[-126.097421,52.594536],[-126.090765,52.595472],[-126.081897,52.592174],[-126.081589,52.58835],[-126.074098,52.583788],[-126.060183,52.579906],[-126.054272,52.580865],[-126.041566,52.584739],[-126.010907,52.600884],[-126.014355,52.605351],[-126.010747,52.611466],[-126.014886,52.619691],[-126.005675,52.621706],[-126.001426,52.619225],[-125.996682,52.621398],[-125.985845,52.618875],[-125.964819,52.606693],[-125.963781,52.610352],[-125.95553,52.610748],[-125.943289,52.615396],[-125.944051,52.62036],[-125.934987,52.619509],[-125.930757,52.622209],[-125.90234,52.626669],[-125.901035,52.629048],[-125.890254,52.629398],[-125.880568,52.634943],[-125.869827,52.635015],[-125.8645,52.627975],[-125.860524,52.630177],[-125.845032,52.624894],[-125.848869,52.6185],[-125.863921,52.615886],[-125.87039,52.6084],[-125.86481,52.605214],[-125.859127,52.595364],[-125.859387,52.582146],[-125.864464,52.579856],[-125.855383,52.576883],[-125.842128,52.576897],[-125.842053,52.579971],[-125.835028,52.582382],[-125.826309,52.577824],[-125.82681,52.570995],[-125.822773,52.568592],[-125.831008,52.558952],[-125.821367,52.554161],[-125.825705,52.55175],[-125.822936,52.550674],[-125.808498,52.551449],[-125.807028,52.547383],[-125.811204,52.541547],[-125.804583,52.538207],[-125.810156,52.527075],[-125.800856,52.521351],[-125.799105,52.52419],[-125.792973,52.525135],[-125.790352,52.520314],[-125.795138,52.51512],[-125.793802,52.51195],[-125.788793,52.510134],[-125.783942,52.512659],[-125.779,52.511894],[-125.77893,52.509611],[-125.771303,52.509511],[-125.772621,52.507268],[-125.768283,52.506947],[-125.768176,52.502435],[-125.757856,52.494844],[-125.760443,52.488398],[-125.754603,52.482168],[-125.727182,52.480114],[-125.714026,52.489635],[-125.702437,52.489235],[-125.698136,52.494774],[-125.690432,52.493115],[-125.677413,52.494166],[-125.672411,52.500124],[-125.662606,52.500374],[-125.638268,52.50822],[-125.631001,52.507698],[-125.62752,52.512092],[-125.609646,52.510941],[-125.60065,52.518575],[-125.581992,52.519306],[-125.584401,52.521018],[-125.582002,52.52259],[-125.573381,52.52241],[-125.564889,52.526869],[-125.551729,52.52409],[-125.54752,52.519813],[-125.53793,52.522056],[-125.531449,52.51987],[-125.535181,52.513918],[-125.527746,52.513043],[-125.516079,52.503095],[-125.519976,52.499082],[-125.500508,52.497907],[-125.502331,52.494538],[-125.495767,52.49233],[-125.493459,52.484618],[-125.488325,52.484717],[-125.478543,52.476838],[-125.465286,52.477322],[-125.455445,52.475144],[-125.45702,52.469842],[-125.46326,52.471367],[-125.469951,52.469366],[-125.470933,52.462544],[-125.487866,52.456239],[-125.485808,52.451588],[-125.498274,52.444051],[-125.509087,52.447598],[-125.51152,52.44394],[-125.520194,52.44132],[-125.522607,52.437212],[-125.532599,52.437428],[-125.53262,52.434516],[-125.526056,52.433964],[-125.52577,52.431201],[-125.529905,52.429754],[-125.523855,52.427383],[-125.514022,52.429077],[-125.516031,52.427089],[-125.512896,52.423498],[-125.504069,52.429971],[-125.495248,52.430589],[-125.497227,52.438794],[-125.494986,52.439498],[-125.480982,52.427223],[-125.468897,52.427645],[-125.466533,52.431687],[-125.455711,52.424165],[-125.43516,52.424911],[-125.430988,52.4276],[-125.426909,52.422552],[-125.417984,52.423896],[-125.413592,52.419957],[-125.411255,52.408383],[-125.397012,52.394666],[-125.388209,52.39444],[-125.384955,52.390513],[-125.37836,52.39114],[-125.367336,52.38674],[-125.370588,52.38573],[-125.366187,52.38286],[-125.364113,52.376426],[-125.357139,52.372727],[-125.359577,52.36472],[-125.351935,52.358856],[-125.352662,52.350425],[-125.3442,52.347014],[-125.345341,52.343323],[-125.349755,52.339629],[-125.378325,52.330613],[-125.390871,52.332455],[-125.392027,52.328588],[-125.388449,52.324373],[-125.395321,52.31322],[-125.402337,52.309193],[-125.40043,52.306765],[-125.406925,52.294702],[-125.424228,52.290728],[-125.422192,52.286989],[-125.430456,52.284454],[-125.431619,52.279197],[-125.448428,52.278085],[-125.455386,52.280596],[-125.457512,52.287159],[-125.46373,52.288225],[-125.471126,52.286478],[-125.471592,52.28378],[-125.480733,52.279703],[-125.482033,52.26545],[-125.490443,52.262338],[-125.491901,52.2582],[-125.485191,52.251417],[-125.488548,52.24935],[-125.5045,52.251108],[-125.510691,52.248647],[-125.515291,52.242947],[-125.507005,52.239149],[-125.508526,52.231832],[-125.498167,52.228895],[-125.489261,52.22938],[-125.462984,52.216083],[-125.463631,52.212573],[-125.460265,52.210421],[-125.452428,52.209163],[-125.453301,52.205724],[-125.448932,52.203616],[-125.451266,52.203216],[-125.45247,52.188938],[-125.463416,52.1887],[-125.469556,52.185182],[-125.475904,52.188304],[-125.482538,52.187364],[-125.488092,52.185431],[-125.483498,52.178864],[-125.502135,52.173146],[-125.520608,52.173044],[-125.526463,52.16888],[-125.552759,52.168068],[-125.557408,52.171262],[-125.575959,52.17447],[-125.575248,52.165466],[-125.571395,52.162303],[-125.575595,52.157796],[-125.591015,52.158447],[-125.596063,52.16108],[-125.609365,52.15744],[-125.609499,52.148741],[-125.626559,52.148236],[-125.626651,52.142361],[-125.631403,52.139562],[-125.644127,52.138305],[-125.645207,52.130538],[-125.648791,52.127999],[-125.66113,52.12737],[-125.670151,52.121347],[-125.658462,52.114219],[-125.655014,52.106347],[-125.656186,52.101491],[-125.663797,52.096533],[-125.660432,52.094075],[-125.665863,52.088182],[-125.666497,52.074616],[-125.651952,52.065116],[-125.640077,52.062166],[-125.648059,52.0575],[-125.647842,52.055301],[-125.642409,52.051979],[-125.627688,52.050456],[-125.626853,52.042929],[-125.634715,52.036764],[-125.632898,52.031651],[-125.642795,52.023192],[-125.649968,52.021456],[-125.648348,52.017491],[-125.657149,52.017203],[-125.658291,52.01349],[-125.64575,52.009537],[-125.639757,52.00254],[-125.63517,52.003344],[-125.634033,52.007299],[-125.626912,52.005561],[-125.616237,52.007837],[-125.605355,52.001795],[-125.616906,51.996988],[-125.611136,51.994481],[-125.617456,51.988337],[-125.61659,51.982831],[-125.611456,51.979195],[-125.611999,51.975765],[-125.602095,51.976245],[-125.600136,51.971652],[-125.579674,51.96102],[-125.591453,51.942747],[-125.58134,51.936161],[-125.584709,51.932256],[-125.580763,51.924842],[-125.584756,51.922956],[-125.583963,51.919772],[-125.575428,51.913987],[-125.572639,51.913788],[-125.567579,51.91915],[-125.563505,51.915804],[-125.561746,51.918108],[-125.558149,51.917764],[-125.558011,51.915591],[-125.552659,51.914313],[-125.55005,51.922931],[-125.538289,51.928437],[-125.528487,51.938829],[-125.523161,51.937522],[-125.511799,51.924788],[-125.504026,51.925466],[-125.504102,51.920303],[-125.484708,51.921782],[-125.476709,51.915694],[-125.483195,51.91425],[-125.497981,51.895072],[-125.498199,51.886281],[-125.490542,51.885266],[-125.483354,51.878757],[-125.473407,51.863204],[-125.462767,51.862361],[-125.458774,51.850672],[-125.46563,51.839539],[-125.449835,51.840085],[-125.442359,51.835006],[-125.431287,51.84047],[-125.419514,51.840218],[-125.405449,51.836181],[-125.403487,51.831518],[-125.407188,51.826604],[-125.414774,51.826511],[-125.418154,51.824319],[-125.420154,51.817497],[-125.405648,51.813775],[-125.402643,51.80803],[-125.394256,51.802692],[-125.36895,51.794628],[-125.369091,51.78985],[-125.357699,51.784767],[-125.356338,51.776653],[-125.35211,51.77368],[-125.323813,51.773119],[-125.309685,51.776644],[-125.285559,51.770571],[-125.275404,51.772574],[-125.266023,51.766573],[-125.256368,51.764802],[-125.249864,51.758173],[-125.243901,51.757432],[-125.235975,51.745789],[-125.24812,51.739393],[-125.249761,51.733363],[-125.257224,51.729667],[-125.259976,51.718053],[-125.250112,51.714471],[-125.250153,51.711215],[-125.220961,51.703659],[-125.224062,51.70027],[-125.238188,51.694635],[-125.237778,51.690731],[-125.23194,51.689116],[-125.235977,51.684129],[-125.23498,51.6777],[-125.236466,51.674695],[-125.246996,51.672335],[-125.250178,51.667382],[-125.248373,51.660726],[-125.252251,51.658957],[-125.253726,51.654085],[-125.244601,51.643988],[-125.233287,51.642704],[-125.228439,51.639517],[-125.223228,51.631009],[-125.23472,51.623638],[-125.255408,51.618063],[-125.2552,51.615045],[-125.265498,51.608039],[-125.268421,51.600904],[-125.285531,51.596831],[-125.283147,51.580681],[-125.287676,51.573434],[-125.279289,51.56964],[-125.252387,51.569881],[-125.247327,51.567977],[-125.244809,51.561307],[-125.247068,51.558412],[-125.262591,51.552574],[-125.269742,51.54718],[-125.266012,51.544384],[-125.267299,51.53952],[-125.262442,51.532321],[-125.256631,51.527666],[-125.242377,51.525413],[-125.23879,51.520193],[-125.240643,51.515652],[-125.24738,51.511665],[-125.288601,51.505058],[-125.28973,51.500557],[-125.283334,51.494549],[-125.282569,51.486155],[-125.293328,51.47464],[-125.300175,51.473337],[-125.30544,51.47666],[-125.326615,51.481548],[-125.330077,51.484483],[-125.336192,51.483149],[-125.339734,51.474469],[-125.310837,51.457784],[-125.320476,51.451799],[-125.332849,51.452429],[-125.334601,51.44397],[-125.337971,51.441966],[-125.327983,51.434593],[-125.329438,51.428412],[-125.338187,51.423177],[-125.342447,51.41468],[-125.341361,51.40376],[-125.34373,51.4021],[-125.340921,51.393802],[-125.333783,51.390004],[-125.310259,51.385438],[-125.297854,51.386691],[-125.291804,51.381579],[-125.2852,51.38258],[-125.264793,51.375335],[-125.261885,51.371431],[-125.241606,51.362094],[-125.234808,51.347102],[-125.215532,51.337204],[-125.213985,51.329939],[-125.202354,51.326475],[-125.193592,51.326887],[-125.1827,51.320571],[-125.171393,51.321342],[-125.163369,51.316955],[-125.157789,51.319858],[-125.140456,51.321501],[-125.130257,51.315029],[-125.106294,51.315816],[-125.101843,51.313987],[-125.096197,51.31595],[-125.0832,51.313445],[-125.055553,51.304017],[-125.057721,51.299572],[-125.053198,51.295442],[-125.028822,51.291614],[-125.01801,51.28546],[-125.01653,51.282113],[-125.01019,51.280757],[-125.000034,51.285811],[-124.990944,51.286843],[-124.980711,51.284302],[-124.979004,51.278389],[-124.972318,51.276392],[-124.942048,51.284857],[-124.938489,51.295246],[-124.918731,51.305608],[-124.900693,51.303435],[-124.886129,51.308901],[-124.883648,51.298069],[-124.880062,51.297029],[-124.868597,51.300109],[-124.867164,51.303333],[-124.857817,51.306356],[-124.851782,51.305763],[-124.850728,51.303108],[-124.843217,51.300772],[-124.839164,51.306285],[-124.828516,51.306965],[-124.813768,51.316969],[-124.81278,51.311688],[-124.816238,51.30962],[-124.80716,51.303528],[-124.801016,51.300498],[-124.774833,51.296361],[-124.770736,51.2935],[-124.773644,51.282732],[-124.771867,51.276684],[-124.759018,51.2665],[-124.765961,51.25936],[-124.761643,51.247424],[-124.764337,51.244186],[-124.771884,51.242474],[-124.771453,51.239837],[-124.766427,51.239535],[-124.765429,51.235539],[-124.758532,51.237071],[-124.75116,51.233991],[-124.716979,51.231887],[-124.709942,51.225742],[-124.7021,51.224751],[-124.692457,51.209],[-124.68827,51.209231],[-124.677327,51.220951],[-124.670546,51.2207],[-124.662975,51.217522],[-124.657473,51.206925],[-124.629534,51.206557],[-124.629595,51.20098],[-124.617796,51.196387],[-124.610066,51.196754],[-124.610095,51.190198],[-124.587425,51.185717],[-124.577639,51.17948],[-124.568862,51.179157],[-124.565246,51.184391],[-124.545224,51.185885],[-124.536059,51.181575],[-124.534998,51.174487],[-124.52377,51.171084],[-124.513284,51.170434],[-124.508057,51.173086],[-124.492194,51.169588],[-124.488198,51.162325],[-124.469252,51.163453],[-124.461162,51.168034],[-124.454593,51.18612],[-124.449191,51.185863],[-124.439369,51.190145],[-124.4236,51.190791],[-124.411885,51.195033],[-124.401748,51.196019],[-124.393951,51.19139],[-124.375203,51.194238],[-124.373091,51.185713],[-124.376675,51.181199],[-124.377526,51.17136],[-124.373129,51.16459],[-124.379569,51.159771],[-124.375263,51.156818],[-124.382138,51.152026],[-124.376971,51.145369],[-124.362656,51.144898],[-124.354757,51.148569],[-124.333952,51.15013],[-124.330198,51.148716],[-124.326716,51.14148],[-124.315128,51.139138],[-124.313866,51.130456],[-124.310471,51.132185],[-124.305528,51.131242],[-124.301094,51.134196],[-124.291358,51.1305],[-124.280751,51.14077],[-124.274116,51.142784],[-124.260154,51.144527],[-124.247881,51.141107],[-124.251145,51.149192],[-124.243513,51.149831],[-124.241826,51.151801],[-124.230099,51.148978],[-124.223609,51.141696],[-124.214856,51.137174],[-124.207001,51.137542],[-124.203084,51.14092],[-124.196339,51.139876],[-124.190016,51.128392],[-124.185612,51.126647],[-124.179078,51.1302],[-124.17155,51.130223],[-124.169608,51.128391],[-124.177862,51.115224],[-124.175281,51.113748],[-124.177613,51.108814],[-124.172197,51.09386],[-124.175383,51.091093],[-124.195627,51.089441],[-124.198025,51.078913],[-124.209154,51.074077],[-124.230628,51.075361],[-124.23375,51.07389],[-124.235805,51.067314],[-124.227253,51.064752],[-124.231231,51.055213],[-124.211232,51.050521],[-124.204423,51.054067],[-124.188336,51.055118],[-124.184305,51.058858],[-124.174484,51.059188],[-124.168326,51.051893],[-124.14542,51.045438],[-124.157914,51.041898],[-124.151899,51.030024],[-124.141266,51.031981],[-124.134293,51.020916],[-124.125034,51.021275],[-124.108033,51.010112],[-124.100542,51.012416],[-124.087705,51.011713],[-124.087017,51.005834],[-124.081316,51.002794],[-124.084051,50.996626],[-124.09187,50.993379],[-124.091017,50.981921],[-124.071636,50.984151],[-124.067733,50.974214],[-124.060448,50.975836],[-124.057875,50.96978],[-124.065842,50.964374],[-124.06617,50.954693],[-124.061585,50.943418],[-124.068971,50.936927],[-124.054498,50.936384],[-124.048163,50.946296],[-124.043558,50.94717],[-124.035884,50.935831],[-124.02735,50.936689],[-124.02354,50.945092],[-124.018293,50.944925],[-124.013125,50.952974],[-124.008048,50.956291],[-124.004174,50.955578],[-123.998518,50.958081],[-123.994132,50.962048],[-123.97354,50.957239],[-123.955358,50.9383],[-123.947029,50.935344],[-123.926777,50.934176],[-123.922982,50.941595],[-123.916402,50.943872],[-123.906138,50.942593],[-123.899282,50.938582],[-123.890176,50.946961],[-123.877941,50.948843],[-123.876716,50.940213],[-123.863468,50.937393],[-123.857954,50.930124],[-123.853295,50.929425],[-123.841322,50.9344],[-123.839797,50.924252],[-123.834726,50.920844],[-123.829859,50.910125],[-123.831389,50.900928],[-123.823641,50.902683],[-123.811458,50.911949],[-123.797698,50.910933],[-123.789626,50.912564],[-123.785254,50.908791],[-123.764434,50.905154],[-123.766509,50.896323],[-123.771163,50.891855],[-123.766435,50.884979],[-123.755267,50.886781],[-123.741864,50.886115],[-123.733386,50.88341],[-123.723828,50.88705],[-123.719584,50.894877],[-123.710526,50.897329],[-123.701827,50.893793],[-123.699044,50.880744],[-123.68505,50.879397],[-123.677074,50.880208],[-123.673148,50.876112],[-123.66884,50.876673],[-123.664368,50.882385],[-123.666644,50.883451],[-123.665657,50.898007],[-123.656902,50.902346],[-123.652261,50.900363],[-123.641418,50.900562],[-123.629543,50.89416],[-123.618683,50.893364],[-123.611128,50.895185],[-123.599602,50.915465],[-123.589036,50.923697],[-123.587201,50.928302],[-123.578378,50.932779],[-123.558981,50.928045],[-123.547372,50.930645],[-123.536395,50.930129],[-123.532238,50.934147],[-123.525443,50.933155],[-123.514851,50.939138],[-123.517273,50.944577],[-123.504528,50.962421],[-123.491441,50.966432],[-123.481645,50.964923],[-123.472132,50.959588],[-123.465497,50.963958],[-123.459675,50.964152],[-123.458732,50.972015],[-123.45053,50.980032],[-123.448302,50.991308],[-123.430167,50.982375],[-123.422389,50.984031],[-123.421876,50.97893],[-123.416192,50.976104],[-123.416048,50.971149],[-123.412695,50.971488],[-123.407608,50.975046],[-123.406634,50.982558],[-123.401394,50.988952],[-123.386821,50.996117],[-123.384136,51.00448],[-123.388432,51.010407],[-123.386287,51.011224],[-123.37742,51.001265],[-123.367168,50.996421],[-123.363658,50.990371],[-123.332055,50.994323],[-123.326135,50.993413],[-123.324336,50.981902],[-123.316275,50.98014],[-123.299343,50.986138],[-123.298838,50.991777],[-123.293339,50.995724],[-123.283542,50.99544],[-123.274428,50.998815],[-123.262647,50.997053],[-123.243712,51.000358],[-123.241566,51.001586],[-123.246208,51.004137],[-123.246734,51.008598],[-123.254913,51.013437],[-123.254023,51.022674],[-123.258064,51.026217],[-123.252759,51.031399],[-123.256661,51.035608],[-123.250736,51.04328],[-123.2378,51.051052],[-123.23851,51.055997],[-123.229756,51.060178],[-123.222533,51.05976],[-123.222083,51.064423],[-123.21058,51.067003],[-123.206793,51.072315],[-123.19548,51.070239],[-123.181026,51.071477],[-123.180637,51.077736],[-123.172907,51.079708],[-123.163978,51.085971],[-123.15482,51.096999],[-123.155199,51.107807],[-123.149529,51.112338],[-123.155546,51.114347],[-123.155116,51.117159],[-123.149769,51.120421],[-123.148953,51.124541],[-123.139008,51.129256],[-123.138911,51.135038],[-123.124088,51.13456],[-123.107293,51.140107],[-123.101531,51.139591],[-123.082216,51.129436],[-123.077271,51.131933],[-123.070528,51.130729],[-123.075416,51.139617],[-123.069658,51.141341],[-123.059349,51.139296],[-123.041637,51.153727],[-123.057392,51.163477],[-123.057399,51.16907],[-123.051295,51.172499],[-123.050975,51.180035],[-123.070569,51.185546],[-123.066684,51.210304],[-123.054772,51.209726],[-123.033076,51.199222],[-123.003507,51.199595],[-122.997638,51.196691],[-122.992915,51.198543],[-122.988851,51.195827],[-122.976015,51.193937],[-122.946064,51.192749],[-122.929564,51.186122],[-122.92863,51.183422],[-122.921269,51.181216],[-122.913205,51.182443],[-122.903043,51.175802],[-122.886654,51.17179],[-122.878327,51.161816],[-122.862532,51.164031],[-122.857157,51.158719],[-122.85355,51.159812],[-122.833138,51.15331],[-122.834754,51.149311],[-122.823709,51.143782],[-122.810284,51.14404],[-122.802833,51.147016],[-122.791997,51.147681],[-122.778301,51.141952],[-122.766146,51.142863],[-122.753621,51.153075],[-122.731283,51.154649],[-122.723647,51.149856],[-122.721477,51.145088],[-122.72357,51.13657],[-122.708787,51.132501],[-122.701869,51.125946],[-122.695389,51.124788],[-122.697325,51.12154],[-122.704128,51.119046],[-122.698672,51.112279],[-122.685145,51.105607],[-122.674525,51.094472],[-122.670159,51.094028],[-122.667688,51.090784],[-122.659192,51.09013],[-122.657344,51.09284],[-122.638747,51.087964],[-122.628297,51.082144],[-122.616133,51.078945],[-122.615693,51.08558],[-122.60671,51.094219],[-122.597866,51.092438],[-122.579314,51.096569],[-122.583206,51.099996],[-122.579191,51.110057],[-122.599513,51.110767],[-122.610278,51.11937],[-122.613588,51.126281],[-122.6092,51.129171],[-122.601941,51.129138],[-122.594916,51.136887],[-122.595865,51.142462],[-122.602937,51.146245],[-122.598476,51.159511],[-122.591051,51.167956],[-122.594611,51.172516],[-122.583869,51.177687],[-122.564644,51.177474],[-122.554528,51.188091],[-122.548122,51.204338],[-122.540574,51.212613],[-122.53911,51.221609],[-122.551087,51.229883],[-122.551467,51.239416],[-122.557927,51.24543],[-122.596546,51.249499],[-122.608061,51.244961],[-122.623974,51.247225],[-122.63752,51.257303],[-122.64413,51.258708],[-122.655176,51.266879],[-122.663519,51.268702],[-122.67086,51.274495],[-122.674265,51.283497],[-122.668235,51.286537],[-122.676723,51.292928],[-122.675724,51.30234],[-122.668034,51.30649],[-122.664545,51.316776],[-122.659326,51.320106],[-122.650322,51.319055],[-122.650986,51.325858],[-122.644787,51.332649],[-122.647454,51.335644],[-122.645048,51.339411],[-122.631467,51.35033],[-122.631748,51.355531],[-122.617543,51.361224],[-122.619418,51.366811],[-122.613283,51.372718],[-122.618836,51.377188],[-122.624893,51.378059],[-122.622761,51.384558],[-122.634323,51.394691],[-122.638242,51.406285],[-122.625753,51.41272],[-122.62412,51.417211],[-122.598752,51.423808],[-122.578961,51.433297],[-122.559164,51.435577],[-122.559167,51.487645],[-122.46348,51.487241],[-122.458597,51.489092],[-122.460606,51.490998],[-122.456165,51.494979],[-122.452164,51.494655],[-122.453515,51.496163],[-122.444417,51.499177],[-122.443557,51.503516],[-122.439017,51.502515],[-122.438387,51.505677],[-122.428321,51.50757],[-122.427166,51.510136],[-122.408603,51.515817],[-122.404666,51.513864],[-122.402162,51.516836],[-122.3947,51.515485],[-122.382047,51.518674],[-122.366556,51.516389],[-122.364431,51.518913],[-122.359206,51.517419],[-122.33008,51.524234],[-122.310914,51.521092],[-122.303623,51.523693],[-122.281286,51.521885],[-122.283005,51.515293],[-121.884528,51.518074],[-121.884951,51.565409],[-121.629776,51.56541],[-121.629776,51.547964],[-121.526296,51.547964],[-121.52611,51.451295],[-121.508741,51.451469],[-121.508724,51.447853],[-121.473888,51.447877],[-121.473855,51.436834],[-121.428391,51.437647],[-121.428646,51.401314],[-121.421841,51.401222],[-121.421841,51.376256],[-121.306306,51.376274],[-121.306307,51.373783],[-121.28289,51.37367],[-121.269365,51.385878],[-121.237098,51.399141],[-121.210423,51.415918],[-121.151524,51.435859],[-121.115985,51.441333],[-121.094482,51.440151],[-121.092434,51.436567],[-121.055616,51.436701],[-121.047618,51.431691],[-121.037938,51.431453],[-121.03953,51.433283],[-121.036338,51.431075],[-121.000036,51.431469],[-121.000019,51.438698],[-120.96003,51.438594],[-120.957602,51.444147],[-120.815405,51.441657],[-120.736029,51.435903],[-120.638907,51.435797],[-120.629786,51.441212],[-120.629046,51.437128],[-120.632457,51.435801],[-120.559724,51.435805],[-120.559694,51.668655],[-120.552498,51.663065],[-120.543122,51.669848],[-120.545829,51.673547],[-120.527791,51.683646],[-120.524155,51.69089],[-120.517913,51.690462],[-120.510103,51.696187],[-120.504272,51.696423],[-120.497361,51.702601],[-120.486696,51.704124],[-120.480722,51.70119],[-120.475513,51.701941],[-120.475564,51.711422],[-120.472121,51.71293],[-120.458517,51.712583],[-120.45553,51.715774],[-120.453135,51.71458],[-120.446816,51.717024],[-120.440968,51.713137],[-120.427825,51.712328],[-120.426587,51.708892],[-120.419309,51.708345],[-120.417581,51.706141],[-120.394775,51.702654],[-120.379206,51.70746],[-120.374507,51.713801],[-120.378841,51.715682],[-120.378002,51.717945],[-120.370149,51.722914],[-120.365562,51.723001],[-120.364899,51.719675],[-120.354354,51.727919],[-120.342376,51.728925],[-120.339168,51.735958],[-120.344786,51.750322],[-120.351054,51.756111],[-120.359741,51.756001],[-120.370345,51.759297],[-120.373631,51.76286],[-120.38061,51.762485],[-120.37919,51.76748],[-120.361125,51.774839],[-120.354578,51.77192],[-120.354738,51.768938],[-120.350135,51.768582],[-120.329368,51.773158],[-120.325681,51.779855],[-120.314807,51.787016],[-120.316405,51.797495],[-120.320997,51.800164],[-120.312365,51.813592],[-120.316023,51.816994],[-120.314842,51.819713],[-120.309299,51.823163],[-120.310811,51.826537],[-120.30607,51.827775],[-120.305877,51.832158],[-120.285901,51.829487],[-120.276957,51.834343],[-120.269133,51.832408],[-120.257004,51.822754],[-120.252339,51.822133],[-120.238279,51.826822],[-120.24161,51.838816],[-120.23076,51.841259],[-120.226385,51.845271],[-120.225053,51.849291],[-120.228692,51.85507],[-120.220488,51.857152],[-120.225088,51.867612],[-120.221859,51.872608],[-120.226537,51.872629],[-120.230121,51.874125],[-120.228988,51.876005],[-120.236818,51.878645],[-120.242599,51.871738],[-120.25159,51.869907],[-120.255885,51.877996],[-120.261738,51.88081],[-120.261126,51.884663],[-120.268856,51.884439],[-120.280118,51.890959],[-120.271574,51.895253],[-120.274196,51.900826],[-120.257656,51.91371],[-120.252879,51.921444],[-120.243173,51.924598],[-120.243208,51.929531],[-120.246371,51.931364],[-120.238771,51.943228],[-120.235475,51.943817],[-120.23769,51.949912],[-120.234377,51.949592],[-120.231045,51.950997],[-120.232139,51.953083],[-120.22812,51.952637],[-120.21456,51.959359],[-120.217853,51.960714],[-120.217487,51.964824],[-120.214074,51.968836],[-120.208492,51.969315],[-120.205805,51.97373],[-120.206886,51.976472],[-120.225547,51.976391],[-120.229962,51.978465],[-120.224678,51.985777],[-120.227956,51.99868],[-120.232324,51.997794],[-120.233403,52.001326],[-120.24105,52.00254],[-120.244799,52.009829],[-120.261726,52.01163],[-120.262738,52.017247],[-120.270404,52.019668],[-120.288828,52.017332],[-120.293548,52.013697],[-120.298575,52.014199],[-120.301982,52.018855],[-120.307317,52.018807],[-120.315215,52.023276],[-120.316837,52.03409],[-120.323371,52.035855],[-120.320336,52.040248],[-120.324365,52.042674],[-120.324271,52.047227],[-120.313194,52.055579],[-120.309839,52.068681],[-120.304368,52.073759],[-120.306556,52.075392],[-120.2979,52.076867],[-120.290646,52.082402],[-120.294138,52.090558],[-120.30438,52.096243],[-120.312176,52.114965],[-120.317658,52.118291],[-120.318226,52.123197],[-120.310513,52.128983],[-120.309058,52.136397],[-120.308823,52.146598],[-120.318422,52.155703],[-120.314032,52.155252],[-120.315705,52.159116],[-120.334164,52.163839],[-120.340437,52.156732],[-120.34775,52.156615],[-120.353391,52.149352],[-120.362733,52.147862],[-120.361649,52.144942],[-120.367488,52.140117],[-120.382219,52.135167],[-120.38855,52.136116],[-120.389672,52.139172],[-120.394369,52.139321],[-120.398806,52.14369],[-120.408323,52.145177],[-120.401976,52.154264],[-120.402834,52.16038],[-120.395735,52.163772],[-120.402589,52.169593],[-120.386112,52.176225],[-120.388506,52.187924],[-120.400732,52.193392],[-120.392137,52.196503],[-120.393346,52.200846],[-120.40431,52.211358],[-120.418202,52.210368],[-120.428764,52.214034],[-120.424876,52.219246],[-120.432835,52.228223],[-120.443031,52.232169],[-120.44187,52.240983],[-120.459939,52.248549],[-120.463917,52.254831],[-120.47075,52.256812],[-120.47439,52.260586],[-120.473159,52.265987],[-120.481846,52.268743],[-120.489231,52.275714],[-120.485319,52.279812],[-120.49597,52.285155],[-120.490995,52.289636],[-120.487598,52.288251],[-120.478728,52.291308],[-120.479041,52.298446],[-120.472607,52.299106],[-120.465828,52.306364],[-120.473891,52.30809],[-120.478372,52.31415],[-120.49706,52.319419],[-120.507649,52.329412],[-120.528189,52.327731],[-120.536571,52.33537],[-120.516646,52.34488],[-120.519558,52.348988],[-120.532948,52.354035],[-120.528036,52.364669],[-120.530772,52.368933],[-120.519265,52.385132],[-120.514462,52.386659],[-120.512521,52.392436],[-120.500755,52.395416],[-120.499878,52.398317],[-120.488557,52.40156],[-120.490002,52.4033],[-120.485759,52.404463],[-120.475867,52.402232],[-120.470315,52.409273],[-120.458486,52.411888],[-120.460036,52.418441],[-120.456524,52.421711],[-120.468687,52.422754],[-120.47287,52.430874],[-120.484091,52.434819],[-120.484528,52.437741],[-120.494801,52.439683],[-120.501907,52.446815],[-120.509692,52.447078],[-120.510303,52.451984],[-120.515774,52.456423],[-120.532114,52.457197],[-120.538935,52.46001],[-120.543662,52.464479],[-120.544264,52.471901],[-120.533238,52.478338],[-120.531287,52.483276],[-120.517582,52.492035],[-120.51413,52.497862],[-120.504865,52.500148],[-120.50057,52.498718],[-120.494139,52.501954],[-120.477966,52.499515],[-120.478342,52.501195],[-120.464449,52.50704],[-120.453338,52.504277],[-120.44928,52.505572],[-120.451195,52.508896],[-120.445956,52.511122],[-120.448315,52.515371],[-120.44343,52.515976],[-120.44494,52.517636],[-120.43754,52.522032],[-120.403849,52.529016],[-120.401204,52.532609],[-120.391517,52.534833],[-120.365491,52.527161],[-120.365096,52.531289],[-120.355541,52.534232],[-120.349902,52.544618],[-120.344982,52.546459],[-120.33489,52.558174],[-120.328854,52.559405],[-120.328513,52.56866],[-120.320773,52.573854],[-120.31761,52.569387],[-120.312686,52.571899],[-120.313953,52.578447],[-120.312137,52.581113],[-120.304325,52.58259],[-120.304152,52.587091],[-120.300936,52.588007],[-120.302758,52.591754],[-120.292963,52.588248],[-120.284106,52.589411],[-120.288516,52.599998],[-120.285244,52.611826],[-120.281002,52.614727],[-120.251828,52.618648],[-120.248384,52.622441],[-120.234982,52.622896],[-120.233532,52.633231],[-120.238366,52.638748],[-120.26732,52.646452],[-120.271337,52.651329],[-120.279849,52.654034],[-120.289652,52.654043],[-120.269328,52.667739],[-120.26237,52.682417],[-120.276467,52.692472],[-120.277874,52.698394],[-120.289349,52.705033],[-120.280641,52.709132],[-120.274273,52.709381],[-120.26813,52.713908],[-120.278531,52.72018],[-120.297656,52.725568],[-120.29161,52.736316],[-120.27427,52.749074],[-120.285758,52.751946],[-120.29441,52.756963],[-120.293792,52.771706],[-120.298887,52.776816],[-120.310137,52.780955],[-120.340152,52.778582],[-120.34554,52.784593],[-120.33974,52.787595],[-120.334674,52.786413],[-120.321858,52.790562],[-120.312613,52.804327],[-120.316344,52.806632],[-120.308907,52.808886],[-120.302015,52.815218],[-120.319122,52.818394],[-120.318016,52.822612],[-120.321988,52.828345],[-120.334366,52.833395],[-120.327179,52.843893],[-120.307942,52.859155],[-120.277764,52.86522],[-120.265916,52.859867],[-120.259437,52.852353],[-120.255828,52.855156],[-120.244328,52.855899],[-120.23162,52.861113],[-120.21832,52.874381],[-120.212034,52.876913],[-120.211389,52.87331],[-120.202932,52.873742],[-120.189901,52.863613],[-120.178424,52.857756],[-120.172696,52.857422],[-120.157702,52.86406],[-120.147854,52.873598],[-120.139454,52.875815],[-120.141546,52.882345],[-120.161037,52.892849],[-120.16289,52.900676],[-120.17008,52.908776],[-120.168328,52.921938],[-120.162556,52.92466],[-120.164483,52.926404],[-120.177515,52.922249],[-120.188464,52.92357],[-120.204556,52.933516],[-120.214691,52.927954],[-120.219408,52.920529],[-120.231888,52.918248],[-120.25797,52.923002],[-120.264604,52.926965],[-120.275808,52.92296],[-120.286596,52.923663],[-120.304899,52.920764],[-120.327407,52.925877],[-120.334058,52.924912],[-120.338942,52.928373],[-120.341172,52.935808],[-120.35198,52.938759],[-120.356571,52.943444],[-120.355091,52.94672],[-120.363823,52.950017],[-120.365949,52.957644],[-120.37607,52.96338],[-120.388923,52.964365],[-120.414427,52.956245],[-120.421038,52.957244],[-120.426334,52.961345],[-120.438182,52.97288],[-120.433751,52.982436],[-120.436013,52.989244],[-120.450706,52.994058],[-120.447624,52.99562],[-120.445519,53.005498],[-120.450509,53.010051],[-120.468092,53.009446],[-120.477679,53.012743],[-120.482884,53.041906],[-120.481951,53.04587],[-120.476442,53.048235],[-120.476327,53.053771],[-120.460562,53.069081],[-120.430974,53.066827],[-120.412834,53.073583],[-120.420936,53.080916],[-120.421826,53.08901],[-120.418343,53.095534],[-120.420381,53.106666],[-120.44422,53.115969],[-120.452322,53.114703],[-120.466371,53.118873],[-120.454619,53.129316],[-120.454791,53.135002],[-120.464021,53.140756],[-120.462487,53.147494],[-120.468155,53.149791],[-120.478929,53.16348],[-120.499302,53.162777],[-120.508335,53.166725],[-120.529236,53.169083],[-120.534548,53.173259],[-120.542649,53.171853],[-120.545453,53.183285],[-120.552663,53.188109],[-120.574139,53.190329],[-120.585422,53.188004],[-120.606921,53.197636],[-120.616786,53.209011],[-120.633475,53.214091],[-120.644096,53.221701],[-120.652277,53.222231],[-120.668966,53.229401],[-120.675417,53.243634],[-120.681586,53.244702],[-120.687383,53.250476],[-120.707114,53.260801],[-120.718719,53.263083],[-120.73575,53.261105],[-120.766403,53.250455],[-120.778476,53.252946],[-120.784892,53.257597],[-120.791315,53.256907],[-120.802147,53.267941],[-120.809173,53.270372],[-120.804471,53.278378],[-120.810049,53.28579],[-120.822293,53.281923],[-120.840816,53.280164],[-120.848034,53.286455],[-120.85722,53.283671],[-120.874174,53.287571],[-120.883293,53.299466],[-120.901974,53.297704],[-120.908379,53.303595],[-120.917147,53.306005],[-120.934634,53.301643],[-120.942512,53.29732],[-120.932073,53.290055],[-120.935205,53.280493],[-120.954665,53.279467],[-120.961293,53.276808],[-120.969715,53.278744],[-120.978591,53.277241],[-120.975177,53.280923],[-120.982011,53.288375],[-120.978552,53.292039],[-120.978636,53.304608],[-120.981131,53.307033],[-120.986773,53.30739],[-120.98911,53.314846],[-120.994905,53.316113],[-121.002359,53.325597],[-121.014632,53.328085],[-121.003393,53.345897],[-121.005265,53.36051],[-120.997674,53.366614],[-120.997678,53.378391],[-121.003925,53.380696],[-121.01152,53.392089],[-121.01211,53.397621],[-121.000918,53.406801],[-121.003421,53.420805],[-121.010939,53.427413],[-121.02169,53.428293],[-121.026522,53.423104],[-121.034517,53.420108],[-121.034447,53.415099],[-121.049232,53.409983],[-121.047371,53.396746],[-121.067498,53.396052],[-121.071323,53.392828],[-121.08509,53.388825],[-121.107806,53.397126],[-121.114116,53.396174],[-121.119159,53.401709],[-121.126332,53.401356],[-121.131157,53.397025],[-121.139862,53.394303],[-121.138637,53.386876],[-121.146093,53.382452],[-121.156527,53.382479],[-121.16754,53.390021],[-121.177653,53.392684],[-121.191137,53.386388],[-121.193599,53.380511],[-121.201711,53.374391],[-121.214305,53.37385],[-121.221311,53.377223],[-121.224991,53.376235],[-121.245205,53.39129],[-121.253738,53.392347],[-121.258811,53.402868],[-121.269747,53.405688],[-121.271948,53.412075],[-121.281654,53.413914],[-121.280376,53.421357],[-121.286299,53.437607],[-121.283735,53.443309],[-121.565725,53.443318],[-121.572501,53.448714],[-122.337196,53.448801],[-122.350834,53.438356],[-122.332082,53.429344],[-122.332527,53.42398],[-122.325432,53.4235],[-122.333876,53.417588],[-122.338275,53.40758],[-122.340935,53.407739],[-122.342565,53.401754],[-122.349159,53.39675],[-122.350547,53.386083],[-122.340973,53.379037],[-122.348146,53.372415],[-122.613579,53.372457],[-122.61355,53.376071],[-122.637729,53.37614],[-122.637647,53.38698],[-122.645828,53.386997],[-122.665665,53.379433],[-122.670597,53.379855],[-122.678292,53.385473],[-122.706186,53.388801],[-122.719674,53.387483],[-122.734731,53.382263],[-122.762698,53.38607],[-122.783658,53.384237],[-122.806019,53.378805],[-122.828012,53.377029],[-122.83686,53.373673],[-122.851332,53.349758],[-122.87018,53.340788],[-122.884831,53.325245],[-122.885403,53.320046],[-122.872952,53.311766],[-122.882413,53.305576],[-122.890209,53.304276],[-122.892883,53.313256],[-122.897389,53.314899],[-122.905552,53.312145],[-122.912714,53.299878],[-122.91858,53.300913],[-122.936814,53.295281],[-122.9441,53.297142],[-122.947048,53.293546],[-122.952976,53.298737],[-122.960284,53.295487],[-122.965977,53.300932],[-122.973727,53.292894],[-122.967808,53.281751],[-122.972448,53.283913],[-122.992174,53.284603],[-123.004965,53.275251],[-123.014185,53.276618],[-123.013855,53.280494],[-123.022058,53.280557],[-123.017251,53.284911],[-123.023088,53.28654],[-123.02336,53.290209],[-123.029183,53.288645],[-123.026573,53.29068],[-123.028738,53.292253],[-123.041987,53.294123],[-123.047141,53.299159],[-123.055925,53.300399],[-123.060518,53.290625],[-123.076692,53.287701],[-123.09845,53.293973],[-123.112295,53.289648],[-123.126555,53.291326],[-123.14332,53.287325],[-123.150496,53.292786],[-123.159995,53.290703],[-123.167453,53.291845],[-123.171867,53.296567],[-123.16536,53.298304],[-123.169258,53.299699],[-123.190372,53.295553],[-123.198869,53.298979],[-123.208706,53.296729],[-123.209871,53.301453],[-123.216387,53.301167],[-123.22092,53.297087],[-123.22947,53.300839],[-123.237093,53.298551],[-123.242744,53.30013],[-123.250943,53.294335],[-123.256084,53.29561],[-123.261045,53.292155],[-123.267819,53.2938],[-123.273372,53.288264],[-123.283488,53.289222],[-123.282547,53.285747],[-123.29216,53.281138],[-123.303037,53.283393],[-123.304341,53.470823],[-123.425519,53.470811],[-123.42549,53.484868],[-123.456906,53.484935],[-123.46138,53.490553],[-123.463135,53.487775],[-123.459694,53.484942],[-123.592642,53.484993],[-123.592594,53.487338],[-123.598348,53.487418],[-123.602957,53.485556],[-123.61194,53.486525],[-123.607726,53.48496],[-124,53.484799],[-124,53.457854],[-124.005769,53.452344],[-123.99927,53.444282],[-124.003127,53.437966],[-124.008627,53.436521],[-124.020085,53.438272],[-124.022088,53.435792],[-124.038109,53.431033],[-124.037873,53.426289],[-124.041353,53.428263],[-124.048046,53.426221],[-124.062636,53.43192],[-124.086181,53.431288],[-124.095112,53.428142],[-124.091545,53.424049],[-124.100023,53.421894],[-124.124649,53.427832],[-124.126129,53.435132],[-124.153466,53.437652],[-124.154714,53.434441],[-124.159712,53.433177],[-124.177645,53.431735],[-124.224447,53.435525],[-124.214211,53.444547],[-124.228866,53.444163],[-124.235366,53.451261],[-124.245588,53.451694],[-124.251456,53.459873],[-124.264218,53.465432],[-124.263451,53.468514],[-124.269938,53.475358],[-124.279443,53.479266],[-124.291792,53.472562],[-124.280042,53.46441],[-124.280339,53.458473],[-124.28939,53.458439],[-124.294565,53.454266],[-124.315967,53.453825],[-124.312702,53.447739],[-124.317404,53.444568],[-124.344279,53.442785],[-124.350165,53.445146],[-124.349429,53.448984],[-124.365121,53.44761],[-124.370194,53.452712],[-124.378316,53.450371],[-124.382896,53.454282],[-124.379991,53.458991],[-124.36997,53.461659],[-124.36343,53.471907],[-124.377362,53.478735],[-124.382855,53.476658],[-124.388687,53.485618],[-124.401126,53.48788],[-124.404929,53.493756],[-124.414525,53.497844],[-124.404752,53.502024],[-124.384431,53.501829],[-124.383489,53.506801],[-124.390119,53.504261],[-124.394318,53.507877],[-124.401832,53.508367],[-124.409149,53.505206],[-124.440403,53.512727],[-124.44924,53.509426],[-124.461707,53.509466],[-124.461321,53.512964],[-124.471218,53.516298],[-124.465831,53.520176],[-124.469761,53.527814],[-124.479918,53.527491],[-124.489019,53.529929],[-124.498519,53.533857],[-124.500017,53.539538],[-124.512397,53.538411],[-124.515922,53.540353],[-124.523834,53.537929],[-124.528659,53.533215],[-124.525306,53.529056],[-124.532748,53.517763],[-124.518257,53.509985],[-124.519811,53.504399],[-124.510033,53.505035],[-124.51423,53.495867],[-124.507482,53.489687],[-124.521767,53.486179],[-124.519889,53.480872],[-124.522945,53.478721],[-124.536228,53.476366],[-124.543505,53.472596],[-124.546441,53.476262],[-124.559378,53.472851],[-124.561233,53.465012],[-124.554216,53.463054],[-124.553164,53.459804],[-124.544867,53.458213],[-124.537644,53.460095],[-124.530909,53.451255],[-124.518515,53.448716],[-124.520333,53.445336],[-124.507129,53.44357],[-124.506936,53.436843],[-124.511092,53.433699],[-124.507777,53.418934],[-124.501988,53.411366],[-124.505112,53.409897],[-124.509876,53.413215],[-124.517511,53.412096],[-124.516342,53.414763],[-124.524567,53.417984],[-124.521391,53.404784],[-124.513782,53.400313],[-124.516783,53.392903],[-124.536099,53.393465],[-124.554618,53.397067],[-124.568064,53.388468],[-124.576215,53.387117],[-124.584424,53.391143],[-124.596069,53.390467],[-124.608948,53.386635],[-124.622761,53.390035],[-124.627097,53.394111],[-124.629267,53.392248],[-124.631422,53.39329],[-124.647685,53.408327],[-124.667009,53.408838],[-124.67453,53.406671],[-124.675576,53.402664],[-124.686951,53.40005],[-124.689993,53.395224],[-124.685852,53.392801],[-124.688007,53.388726],[-124.684843,53.385156],[-124.712227,53.370719],[-124.72123,53.361245],[-124.732906,53.357876],[-124.73759,53.362821],[-124.74716,53.363989],[-124.747726,53.36788],[-124.759057,53.368173],[-124.768443,53.35926],[-124.776517,53.359374],[-124.799201,53.368087],[-124.80704,53.370054],[-124.812392,53.368993],[-124.815687,53.374373],[-124.829383,53.377203],[-124.832976,53.382857],[-124.845042,53.385026],[-124.848132,53.390417],[-124.855479,53.393693],[-124.862794,53.395548],[-124.86503,53.394056],[-124.869276,53.399303],[-124.880761,53.397091],[-124.889071,53.398811],[-124.899886,53.397031],[-124.91618,53.407711],[-124.92324,53.408507],[-124.934268,53.403491],[-124.947395,53.411576],[-124.963076,53.409997],[-124.966572,53.412061],[-124.990436,53.412217],[-124.996376,53.405561],[-124.991952,53.405536],[-124.988804,53.397398],[-125,53.395017],[-125,53],[-126.623031,53]]]},"properties":{"id":"CRD","boundaryCode":"CRD","boundaryName":"Cariboo Regional District","reportingName":"Cariboo","jurisdiction_count":5,"population_2015":62263,"vehicle_idling_population":0,"vehicle_idling_percent":0,"vehicle_idling_band":"0%","vehicle_idling_display":"Cariboo Regional District · 0% covered","vehicle_idling_details":"Vehicle idling: 0% of the regional district population covered (2015 population estimate).\n100 Mile House: no bylaw reported\nCariboo RD-uninc: no bylaw reported\nQuesnel: no bylaw reported\nWells: no bylaw reported\nWilliams Lake: no bylaw reported","open_burning_population":0,"open_burning_percent":0,"open_burning_band":"0%","open_burning_display":"Cariboo Regional District · 0% covered","open_burning_details":"Open burning: 0% of the regional district population covered (2015 population estimate).\n100 Mile House: no bylaw reported\nCariboo RD-uninc: no bylaw reported\nQuesnel: no bylaw reported\nWells: no bylaw reported\nWilliams Lake: no bylaw reported","solid_fuel_population":20375,"solid_fuel_percent":32.7,"solid_fuel_band":"26–50%","solid_fuel_display":"Cariboo Regional District · 32.7% covered","solid_fuel_details":"Solid fuel appliance: 32.7% of the regional district population covered (2015 population estimate).\n100 Mile House: no bylaw reported\nCariboo RD-uninc: no bylaw reported\nQuesnel: bylaw reported\nWells: no bylaw reported\nWilliams Lake: bylaw reported"},"id":"CRD"},{"type":"Feature","geometry":{"type":"Polygon","coordinates":[[[-126.623031,53],[-126.623018,53.004255],[-126.632601,53.009141],[-126.635916,53.017507],[-126.6522,53.033933],[-126.661528,53.025296],[-126.672745,53.022198],[-126.671708,53.017638],[-126.686484,53.005374],[-126.688354,52.997979],[-126.703882,52.990914],[-126.707726,52.986517],[-126.717045,52.990901],[-126.733478,52.993164],[-126.742503,52.990204],[-126.749566,52.990536],[-126.757863,52.998014],[-126.769155,53.001865],[-126.773637,53.005986],[-126.780017,53.003096],[-126.782128,52.995922],[-126.78766,52.996513],[-126.79156,53.002041],[-126.789827,53.019964],[-126.796157,53.024295],[-126.797655,53.029638],[-126.789348,53.048844],[-126.795148,53.065307],[-126.812615,53.077309],[-126.807889,53.083641],[-126.816369,53.087371],[-126.839976,53.106364],[-126.865486,53.108946],[-126.875827,53.087688],[-126.887587,53.08297],[-126.899839,53.081596],[-126.90983,53.085828],[-126.918759,53.082838],[-126.939752,53.084942],[-126.94186,53.090917],[-126.947907,53.091782],[-126.953875,53.085082],[-126.960016,53.084458],[-126.972499,53.077399],[-126.972946,53.071706],[-126.977162,53.070295],[-126.989632,53.071144],[-126.992345,53.066092],[-127.001401,53.065535],[-127.006627,53.070999],[-127.015503,53.07308],[-127.01894,53.079818],[-127.009872,53.083931],[-127.008804,53.08721],[-127.01631,53.092217],[-127.021257,53.101578],[-127.030028,53.105769],[-127.025638,53.109643],[-127.031526,53.115177],[-127.017286,53.120989],[-127.01392,53.1269],[-127.005282,53.126863],[-126.992156,53.133008],[-126.995364,53.142781],[-126.99264,53.151492],[-127.002264,53.155825],[-127.002804,53.161283],[-127.014989,53.171969],[-127.018502,53.18582],[-127.016197,53.18713],[-127.026063,53.194894],[-127.025397,53.198638],[-127.02907,53.200156],[-127.036865,53.197659],[-127.043811,53.19834],[-127.044775,53.202159],[-127.037801,53.205694],[-127.037555,53.211085],[-127.042538,53.214014],[-127.035658,53.226022],[-127.021877,53.234426],[-127.006914,53.234599],[-127.001307,53.240249],[-127.004499,53.245599],[-127.000643,53.256305],[-126.995325,53.255892],[-126.989644,53.258736],[-126.983759,53.257315],[-126.97781,53.262006],[-126.987242,53.291035],[-127.000293,53.292209],[-127.004326,53.30372],[-127.019672,53.305198],[-127.025445,53.300107],[-127.044161,53.295488],[-127.060292,53.294493],[-127.063528,53.287939],[-127.075862,53.276941],[-127.068914,53.262043],[-127.075183,53.257439],[-127.079564,53.248882],[-127.076693,53.240043],[-127.084252,53.237566],[-127.096235,53.243096],[-127.105807,53.242532],[-127.114991,53.238165],[-127.121217,53.24235],[-127.132193,53.238903],[-127.131917,53.246306],[-127.139441,53.253176],[-127.13919,53.257236],[-127.150418,53.26622],[-127.1514,53.270642],[-127.160066,53.270353],[-127.167395,53.272902],[-127.194801,53.2587],[-127.192682,53.252491],[-127.202119,53.24726],[-127.217094,53.249913],[-127.228995,53.24849],[-127.230193,53.251403],[-127.242195,53.254089],[-127.250804,53.258773],[-127.257033,53.269284],[-127.254623,53.273951],[-127.26503,53.27733],[-127.27151,53.273886],[-127.278464,53.274108],[-127.286701,53.268779],[-127.288009,53.261561],[-127.279544,53.260657],[-127.278323,53.250741],[-127.281856,53.248994],[-127.279596,53.246273],[-127.286488,53.239216],[-127.288997,53.227026],[-127.300595,53.214495],[-127.308098,53.211077],[-127.309993,53.205437],[-127.317757,53.204684],[-127.326417,53.221747],[-127.333136,53.226691],[-127.357707,53.224142],[-127.36187,53.220299],[-127.360424,53.212936],[-127.363969,53.209208],[-127.363619,53.201895],[-127.354047,53.188603],[-127.356949,53.175452],[-127.383231,53.178473],[-127.396599,53.186772],[-127.401521,53.186425],[-127.408626,53.177233],[-127.408884,53.174318],[-127.401804,53.168736],[-127.408345,53.15977],[-127.440378,53.160347],[-127.450519,53.153305],[-127.456849,53.144305],[-127.47725,53.142143],[-127.47807,53.134188],[-127.474422,53.131022],[-127.47407,53.122207],[-127.464836,53.119724],[-127.451643,53.122466],[-127.433578,53.121582],[-127.451673,53.100422],[-127.441102,53.083787],[-127.418873,53.080024],[-127.356155,53.082689],[-127.330224,53.072927],[-127.324981,53.06724],[-127.318213,53.067792],[-127.306978,53.074019],[-127.299774,53.070885],[-127.289129,53.07101],[-127.282764,53.065536],[-127.28147,53.056433],[-127.272361,53.055474],[-127.252841,53.041187],[-127.242182,53.021534],[-127.237466,53.002962],[-127.247982,52.992849],[-127.257924,52.990535],[-127.263161,52.982166],[-127.256584,52.978625],[-127.249276,52.966747],[-127.241968,52.964089],[-127.246186,52.958637],[-127.244842,52.955267],[-127.259873,52.949078],[-127.275781,52.94583],[-127.277756,52.939952],[-127.28635,52.937137],[-127.289995,52.923225],[-127.287097,52.921216],[-127.295489,52.913599],[-127.300029,52.904391],[-127.288869,52.902568],[-127.272641,52.894996],[-127.282326,52.885409],[-127.273473,52.879293],[-127.26151,52.875945],[-127.249307,52.861623],[-127.242646,52.858459],[-127.234781,52.859007],[-127.215337,52.854275],[-127.217896,52.842562],[-127.223645,52.837653],[-127.224137,52.830446],[-127.217998,52.82522],[-127.219669,52.822916],[-127.227629,52.819053],[-127.238876,52.819622],[-127.246606,52.816194],[-127.256044,52.817703],[-127.273286,52.810664],[-127.290123,52.817183],[-127.304375,52.802553],[-127.315038,52.796964],[-127.324415,52.798884],[-127.341104,52.797929],[-127.340545,52.803064],[-127.344585,52.807832],[-127.354896,52.80688],[-127.358298,52.799935],[-127.373093,52.787862],[-127.380385,52.774709],[-127.380532,52.766773],[-127.365184,52.756259],[-127.366762,52.752276],[-127.372623,52.747901],[-127.38574,52.74657],[-127.394925,52.733298],[-127.412129,52.731848],[-127.423399,52.720805],[-127.440634,52.718456],[-127.465773,52.70908],[-127.467251,52.701975],[-127.472553,52.697201],[-127.467063,52.690074],[-127.468258,52.684612],[-127.484927,52.686031],[-127.48708,52.688412],[-127.493812,52.681505],[-127.505948,52.681335],[-127.502576,52.691704],[-127.514524,52.696278],[-127.535693,52.690778],[-127.548914,52.697243],[-127.564581,52.68972],[-127.568971,52.693486],[-127.569927,52.701346],[-127.582015,52.707839],[-127.577736,52.712148],[-127.58069,52.720868],[-127.60557,52.730927],[-127.608879,52.729789],[-127.624872,52.735001],[-127.622916,52.743043],[-127.599577,52.759878],[-127.601649,52.774279],[-127.606802,52.781433],[-127.616703,52.778294],[-127.64291,52.779523],[-127.652012,52.781389],[-127.653414,52.783517],[-127.657005,52.782461],[-127.669326,52.785405],[-127.675043,52.791016],[-127.691469,52.789435],[-127.700692,52.774431],[-127.705503,52.775998],[-127.707738,52.780174],[-127.713521,52.78119],[-127.718193,52.777589],[-127.729667,52.774568],[-127.723374,52.770502],[-127.720801,52.763645],[-127.710725,52.757663],[-127.719717,52.737258],[-127.713,52.734506],[-127.713029,52.730983],[-127.718946,52.72719],[-127.720084,52.717663],[-127.734244,52.717438],[-127.737936,52.719311],[-127.746372,52.71789],[-127.749505,52.712385],[-127.75827,52.709232],[-127.762715,52.704663],[-127.773657,52.704231],[-127.785181,52.69803],[-127.792154,52.692385],[-127.78868,52.686729],[-127.781789,52.684302],[-127.779575,52.676188],[-127.786144,52.672893],[-127.789045,52.66678],[-127.801664,52.661573],[-127.808683,52.660445],[-127.808409,52.663464],[-127.820805,52.664945],[-127.828558,52.668636],[-127.829355,52.665929],[-127.848931,52.660969],[-127.849355,52.670755],[-127.845901,52.676036],[-127.859864,52.681064],[-127.867274,52.686409],[-127.870789,52.683894],[-127.884789,52.68297],[-127.888553,52.676901],[-127.900404,52.67266],[-127.91681,52.671894],[-127.91525,52.682929],[-127.924422,52.699186],[-127.920296,52.718037],[-127.926995,52.724598],[-127.933367,52.721019],[-127.948181,52.72085],[-127.962886,52.709715],[-127.971862,52.708849],[-127.983554,52.715076],[-127.993451,52.716226],[-128.000872,52.712181],[-128.009046,52.712699],[-128.01287,52.715122],[-128.025239,52.712797],[-128.028318,52.716796],[-128.037255,52.711628],[-128.050096,52.714051],[-128.054536,52.709446],[-128.062926,52.708768],[-128.065106,52.696801],[-128.094503,52.681368],[-128.1151,52.675941],[-128.116852,52.684432],[-128.136128,52.68375],[-128.139185,52.683175],[-128.140719,52.67817],[-128.153279,52.674233],[-128.150017,52.670083],[-128.154758,52.668085],[-128.15399,52.664223],[-128.143408,52.657862],[-128.139757,52.647309],[-128.132109,52.649114],[-128.121618,52.645944],[-128.107292,52.646844],[-128.100779,52.643405],[-128.116935,52.612798],[-128.135804,52.611633],[-128.1455,52.618842],[-128.15685,52.620847],[-128.181622,52.608237],[-128.190612,52.606833],[-128.17749,52.600189],[-128.17721,52.596106],[-128.185671,52.586571],[-128.197876,52.580235],[-128.191524,52.577606],[-128.176418,52.576276],[-128.182943,52.565821],[-128.17395,52.557924],[-128.17936,52.551447],[-128.189136,52.550777],[-128.189967,52.537711],[-128.184338,52.531173],[-128.20887,52.522088],[-128.201671,52.519954],[-128.190595,52.508362],[-128.182532,52.505367],[-128.185456,52.494362],[-128.178249,52.491698],[-128.176839,52.484544],[-128.22202,52.482002],[-128.281521,52.482688],[-128.31244,52.476719],[-128.34097,52.477749],[-128.402135,52.463064],[-128.447684,52.448073],[-128.471599,52.421526],[-128.519414,52.399256],[-128.544203,52.38266],[-128.549455,52.370265],[-128.530968,52.303671],[-128.529019,52.282104],[-128.53278,52.269385],[-128.554196,52.249398],[-128.581085,52.231603],[-129.026587,51.608302],[-129.447938,51.000047],[-128,51],[-127.787461,51.16353],[-127.772067,51.158656],[-127.763027,51.16195],[-127.739085,51.162282],[-127.739109,51.191222],[-127.693053,51.191228],[-127.665429,51.193729],[-127.657531,51.186163],[-127.647012,51.182915],[-127.635751,51.188251],[-127.631561,51.187186],[-127.622931,51.189952],[-127.615575,51.188737],[-127.61273,51.190984],[-127.599678,51.186278],[-127.595226,51.190092],[-127.581166,51.190794],[-127.577965,51.193876],[-127.571036,51.19256],[-127.566649,51.196948],[-127.558203,51.196548],[-127.551229,51.19942],[-127.537005,51.198998],[-127.533921,51.201444],[-127.527624,51.201716],[-127.523575,51.206584],[-127.505211,51.204246],[-127.496844,51.200515],[-127.481535,51.205965],[-127.470606,51.200957],[-127.462239,51.205038],[-127.456896,51.204293],[-127.457834,51.208353],[-127.472249,51.213596],[-127.472942,51.218655],[-127.489149,51.221201],[-127.486216,51.226934],[-127.488795,51.229953],[-127.483221,51.234368],[-127.464928,51.231827],[-127.458598,51.228923],[-127.446922,51.228442],[-127.422373,51.229696],[-127.41743,51.228047],[-127.387035,51.230591],[-127.389446,51.222647],[-127.37607,51.219687],[-127.37032,51.215961],[-127.345335,51.218713],[-127.338364,51.213461],[-127.324907,51.209061],[-127.32011,51.212901],[-127.310194,51.215064],[-127.296531,51.214883],[-127.29613,51.212221],[-127.280963,51.21331],[-127.277959,51.211824],[-127.271849,51.214413],[-127.271693,51.218566],[-127.266724,51.220102],[-127.23571,51.219601],[-127.226409,51.21615],[-127.224657,51.211769],[-127.215591,51.207004],[-127.215023,51.200943],[-127.210092,51.198538],[-127.197482,51.205494],[-127.170314,51.202752],[-127.168537,51.206171],[-127.157246,51.208363],[-127.15154,51.206954],[-127.128334,51.218114],[-127.105598,51.219862],[-127.0962,51.223241],[-127.08814,51.219901],[-127.071489,51.232479],[-127.071517,51.22995],[-127.06685,51.229705],[-127.06274,51.232407],[-127.041267,51.236123],[-127.030264,51.229436],[-127.011281,51.235509],[-127.00802,51.238692],[-126.992187,51.242293],[-126.97005,51.234244],[-126.964961,51.23724],[-126.959464,51.233907],[-126.953794,51.234159],[-126.948557,51.238851],[-126.922378,51.242436],[-126.919396,51.251359],[-126.922134,51.256435],[-126.912242,51.260602],[-126.920075,51.271237],[-126.9165,51.277379],[-126.920995,51.278817],[-126.922045,51.285724],[-126.912324,51.285983],[-126.90201,51.290547],[-126.892885,51.300537],[-126.895046,51.305972],[-126.882477,51.307849],[-126.868738,51.306161],[-126.862683,51.316654],[-126.852006,51.321357],[-126.838916,51.322323],[-126.827016,51.320395],[-126.820435,51.32235],[-126.815394,51.312148],[-126.82156,51.299537],[-126.816184,51.294607],[-126.80345,51.293739],[-126.78106,51.298659],[-126.767118,51.298034],[-126.770629,51.309477],[-126.763706,51.313819],[-126.754415,51.314049],[-126.753052,51.330484],[-126.749543,51.334499],[-126.737207,51.33651],[-126.731241,51.342483],[-126.724759,51.344624],[-126.722756,51.353783],[-126.730386,51.359788],[-126.718457,51.36453],[-126.719805,51.367767],[-126.711702,51.376209],[-126.714299,51.391186],[-126.710805,51.394365],[-126.700754,51.395787],[-126.700636,51.404508],[-126.696745,51.406689],[-126.709851,51.412594],[-126.713255,51.416147],[-126.711236,51.419708],[-126.715917,51.422173],[-126.717106,51.426289],[-126.731982,51.434438],[-126.720575,51.453444],[-126.707298,51.456126],[-126.70731,51.461311],[-126.711983,51.463867],[-126.712837,51.46771],[-126.707124,51.475735],[-126.69965,51.478828],[-126.692093,51.471678],[-126.682687,51.468242],[-126.674842,51.459983],[-126.675648,51.457436],[-126.660813,51.447347],[-126.64856,51.447629],[-126.642069,51.444506],[-126.622607,51.442342],[-126.610914,51.419585],[-126.604748,51.420322],[-126.600673,51.418476],[-126.594338,51.406582],[-126.589816,51.404763],[-126.567997,51.404051],[-126.568048,51.407694],[-126.559502,51.415062],[-126.550293,51.417072],[-126.540966,51.409908],[-126.537694,51.409906],[-126.52281,51.420399],[-126.509972,51.422471],[-126.505697,51.425333],[-126.495131,51.425467],[-126.493651,51.429601],[-126.48729,51.430453],[-126.487153,51.435037],[-126.479426,51.44244],[-126.478176,51.454603],[-126.467535,51.454652],[-126.463957,51.457381],[-126.454652,51.4704],[-126.452988,51.482443],[-126.44046,51.487677],[-126.426204,51.481077],[-126.427071,51.475595],[-126.423124,51.477905],[-126.417877,51.473994],[-126.391754,51.477157],[-126.371253,51.472591],[-126.366808,51.467173],[-126.368048,51.454385],[-126.365484,51.450667],[-126.354031,51.459676],[-126.345404,51.462733],[-126.336272,51.462382],[-126.334468,51.458006],[-126.324994,51.457286],[-126.304949,51.462004],[-126.299213,51.456497],[-126.28878,51.457548],[-126.282216,51.447919],[-126.278103,51.451086],[-126.272476,51.449957],[-126.266798,51.452064],[-126.250245,51.450196],[-126.239204,51.453938],[-126.21556,51.45275],[-126.210166,51.44547],[-126.194825,51.4367],[-126.185639,51.439133],[-126.177368,51.432794],[-126.17099,51.436661],[-126.165415,51.447832],[-126.158519,51.447611],[-126.144982,51.45141],[-126.119784,51.448493],[-126.115111,51.450227],[-126.105294,51.461089],[-126.105348,51.466881],[-126.097401,51.477507],[-126.104872,51.482712],[-126.10712,51.488761],[-126.103329,51.498327],[-126.113384,51.503172],[-126.114701,51.515928],[-126.112378,51.519393],[-126.099272,51.521353],[-126.093393,51.524857],[-126.083802,51.524511],[-126.081461,51.527304],[-126.08703,51.534407],[-126.077068,51.546378],[-126.07863,51.550781],[-126.055252,51.560135],[-126.051006,51.572876],[-126.062678,51.580783],[-126.049705,51.58662],[-126.051032,51.591554],[-126.05652,51.594254],[-126.045552,51.597091],[-126.030636,51.604944],[-126.021376,51.599448],[-126.015221,51.591225],[-126.003329,51.590555],[-125.98738,51.583379],[-125.980132,51.589372],[-125.9803,51.596099],[-125.962384,51.603565],[-125.959967,51.623018],[-125.939716,51.631445],[-125.942999,51.644052],[-125.947783,51.648539],[-125.954996,51.650566],[-125.949407,51.653192],[-125.948355,51.657173],[-125.951953,51.664476],[-125.958837,51.669292],[-125.93886,51.675571],[-125.942365,51.685224],[-125.952189,51.686202],[-125.957423,51.694478],[-125.989177,51.686145],[-125.995587,51.687457],[-125.994709,51.693443],[-126.000175,51.706012],[-125.998911,51.709623],[-125.993896,51.711635],[-126.001554,51.727415],[-125.999552,51.729928],[-125.984042,51.733658],[-125.981101,51.742673],[-125.965319,51.744367],[-125.956953,51.757309],[-125.947325,51.750828],[-125.937741,51.748289],[-125.929285,51.754528],[-125.936477,51.764762],[-125.934119,51.770865],[-125.942092,51.77078],[-125.949983,51.778044],[-125.956606,51.780309],[-125.973873,51.781261],[-125.97325,51.788328],[-125.976687,51.791848],[-125.953332,51.805366],[-125.958623,51.810787],[-125.958946,51.830248],[-125.954931,51.836396],[-125.946152,51.839066],[-125.936564,51.83906],[-125.938851,51.848752],[-125.936261,51.858036],[-125.933004,51.858881],[-125.934605,51.881012],[-125.930253,51.887605],[-125.932294,51.892834],[-125.929674,51.899447],[-125.922335,51.903325],[-125.905334,51.8929],[-125.899547,51.898779],[-125.887803,51.897883],[-125.883265,51.9008],[-125.877364,51.901053],[-125.88102,51.907061],[-125.894418,51.910779],[-125.897522,51.914264],[-125.890296,51.929902],[-125.894848,51.937786],[-125.890249,51.946137],[-125.896827,51.953144],[-125.888804,51.960338],[-125.879845,51.962968],[-125.878276,51.968025],[-125.883201,51.974191],[-125.877471,51.973414],[-125.867948,51.977047],[-125.856201,51.976693],[-125.828513,51.981031],[-125.828885,51.987018],[-125.835316,51.994889],[-125.864562,52.007752],[-125.873345,52.014877],[-125.864855,52.031488],[-125.853346,52.034619],[-125.855106,52.042319],[-125.842325,52.049365],[-125.826127,52.052048],[-125.82037,52.048026],[-125.820858,52.04551],[-125.806688,52.041676],[-125.802311,52.034657],[-125.792875,52.034638],[-125.789565,52.030652],[-125.781767,52.032029],[-125.774357,52.027117],[-125.755556,52.026638],[-125.736378,52.017331],[-125.729798,52.017465],[-125.731886,52.014188],[-125.725456,52.014569],[-125.717192,52.010813],[-125.707395,52.002757],[-125.70363,51.9926],[-125.699592,51.991748],[-125.702082,51.966573],[-125.697521,51.965778],[-125.691834,51.958512],[-125.680868,51.951931],[-125.674349,51.937528],[-125.659159,51.934095],[-125.655944,51.92253],[-125.652667,51.920855],[-125.646475,51.919803],[-125.640866,51.914929],[-125.636935,51.915611],[-125.617689,51.908756],[-125.611236,51.901375],[-125.605912,51.901183],[-125.601651,51.898194],[-125.584245,51.901401],[-125.578511,51.905859],[-125.575428,51.913987],[-125.583963,51.919772],[-125.584756,51.922956],[-125.580763,51.924842],[-125.584709,51.932256],[-125.58134,51.936161],[-125.591453,51.942747],[-125.579674,51.96102],[-125.600136,51.971652],[-125.602095,51.976245],[-125.611999,51.975765],[-125.611456,51.979195],[-125.61659,51.982831],[-125.617456,51.988337],[-125.611136,51.994481],[-125.616906,51.996988],[-125.605355,52.001795],[-125.616237,52.007837],[-125.626912,52.005561],[-125.634033,52.007299],[-125.63517,52.003344],[-125.639757,52.00254],[-125.64575,52.009537],[-125.658291,52.01349],[-125.657149,52.017203],[-125.648348,52.017491],[-125.649968,52.021456],[-125.642795,52.023192],[-125.632898,52.031651],[-125.634715,52.036764],[-125.626853,52.042929],[-125.627688,52.050456],[-125.642409,52.051979],[-125.647842,52.055301],[-125.648059,52.0575],[-125.640077,52.062166],[-125.651952,52.065116],[-125.666497,52.074616],[-125.665863,52.088182],[-125.660432,52.094075],[-125.663797,52.096533],[-125.656186,52.101491],[-125.655014,52.106347],[-125.658462,52.114219],[-125.670151,52.121347],[-125.66113,52.12737],[-125.648791,52.127999],[-125.645207,52.130538],[-125.644127,52.138305],[-125.631403,52.139562],[-125.626651,52.142361],[-125.626559,52.148236],[-125.609499,52.148741],[-125.609365,52.15744],[-125.596063,52.16108],[-125.591015,52.158447],[-125.575595,52.157796],[-125.571395,52.162303],[-125.575248,52.165466],[-125.575959,52.17447],[-125.557408,52.171262],[-125.552759,52.168068],[-125.526463,52.16888],[-125.520608,52.173044],[-125.502135,52.173146],[-125.483498,52.178864],[-125.488092,52.185431],[-125.482538,52.187364],[-125.475904,52.188304],[-125.469556,52.185182],[-125.463416,52.1887],[-125.45247,52.188938],[-125.451266,52.203216],[-125.448932,52.203616],[-125.453301,52.205724],[-125.452428,52.209163],[-125.460265,52.210421],[-125.463631,52.212573],[-125.462984,52.216083],[-125.489261,52.22938],[-125.498167,52.228895],[-125.508526,52.231832],[-125.507005,52.239149],[-125.515291,52.242947],[-125.510691,52.248647],[-125.5045,52.251108],[-125.488548,52.24935],[-125.485191,52.251417],[-125.491901,52.2582],[-125.490443,52.262338],[-125.482033,52.26545],[-125.480733,52.279703],[-125.471592,52.28378],[-125.471126,52.286478],[-125.46373,52.288225],[-125.457512,52.287159],[-125.455386,52.280596],[-125.448428,52.278085],[-125.431619,52.279197],[-125.430456,52.284454],[-125.422192,52.286989],[-125.424228,52.290728],[-125.406925,52.294702],[-125.40043,52.306765],[-125.402337,52.309193],[-125.395321,52.31322],[-125.388449,52.324373],[-125.392027,52.328588],[-125.390871,52.332455],[-125.378325,52.330613],[-125.349755,52.339629],[-125.345341,52.343323],[-125.3442,52.347014],[-125.352662,52.350425],[-125.351935,52.358856],[-125.359577,52.36472],[-125.357139,52.372727],[-125.364113,52.376426],[-125.366187,52.38286],[-125.370588,52.38573],[-125.367336,52.38674],[-125.37836,52.39114],[-125.384955,52.390513],[-125.388209,52.39444],[-125.397012,52.394666],[-125.411255,52.408383],[-125.413592,52.419957],[-125.417984,52.423896],[-125.426909,52.422552],[-125.430988,52.4276],[-125.43516,52.424911],[-125.455711,52.424165],[-125.466533,52.431687],[-125.468897,52.427645],[-125.480982,52.427223],[-125.494986,52.439498],[-125.497227,52.438794],[-125.495248,52.430589],[-125.504069,52.429971],[-125.512896,52.423498],[-125.516031,52.427089],[-125.514022,52.429077],[-125.523855,52.427383],[-125.529905,52.429754],[-125.52577,52.431201],[-125.526056,52.433964],[-125.53262,52.434516],[-125.532599,52.437428],[-125.522607,52.437212],[-125.520194,52.44132],[-125.51152,52.44394],[-125.509087,52.447598],[-125.498274,52.444051],[-125.485808,52.451588],[-125.487866,52.456239],[-125.470933,52.462544],[-125.469951,52.469366],[-125.46326,52.471367],[-125.45702,52.469842],[-125.455445,52.475144],[-125.465286,52.477322],[-125.478543,52.476838],[-125.488325,52.484717],[-125.493459,52.484618],[-125.495767,52.49233],[-125.502331,52.494538],[-125.500508,52.497907],[-125.519976,52.499082],[-125.516079,52.503095],[-125.527746,52.513043],[-125.535181,52.513918],[-125.531449,52.51987],[-125.53793,52.522056],[-125.54752,52.519813],[-125.551729,52.52409],[-125.564889,52.526869],[-125.573381,52.52241],[-125.582002,52.52259],[-125.584401,52.521018],[-125.581992,52.519306],[-125.60065,52.518575],[-125.609646,52.510941],[-125.62752,52.512092],[-125.631001,52.507698],[-125.638268,52.50822],[-125.662606,52.500374],[-125.672411,52.500124],[-125.677413,52.494166],[-125.690432,52.493115],[-125.698136,52.494774],[-125.702437,52.489235],[-125.714026,52.489635],[-125.727182,52.480114],[-125.754603,52.482168],[-125.760443,52.488398],[-125.757856,52.494844],[-125.768176,52.502435],[-125.768283,52.506947],[-125.772621,52.507268],[-125.771303,52.509511],[-125.77893,52.509611],[-125.779,52.511894],[-125.783942,52.512659],[-125.788793,52.510134],[-125.793802,52.51195],[-125.795138,52.51512],[-125.790352,52.520314],[-125.792973,52.525135],[-125.799105,52.52419],[-125.800856,52.521351],[-125.810156,52.527075],[-125.804583,52.538207],[-125.811204,52.541547],[-125.807028,52.547383],[-125.808498,52.551449],[-125.822936,52.550674],[-125.825705,52.55175],[-125.821367,52.554161],[-125.831008,52.558952],[-125.822773,52.568592],[-125.82681,52.570995],[-125.826309,52.577824],[-125.835028,52.582382],[-125.842053,52.579971],[-125.842128,52.576897],[-125.855383,52.576883],[-125.864464,52.579856],[-125.859387,52.582146],[-125.859127,52.595364],[-125.86481,52.605214],[-125.87039,52.6084],[-125.863921,52.615886],[-125.848869,52.6185],[-125.845032,52.624894],[-125.860524,52.630177],[-125.8645,52.627975],[-125.869827,52.635015],[-125.880568,52.634943],[-125.890254,52.629398],[-125.901035,52.629048],[-125.90234,52.626669],[-125.930757,52.622209],[-125.934987,52.619509],[-125.944051,52.62036],[-125.943289,52.615396],[-125.95553,52.610748],[-125.963781,52.610352],[-125.964819,52.606693],[-125.985845,52.618875],[-125.996682,52.621398],[-126.001426,52.619225],[-126.005675,52.621706],[-126.014886,52.619691],[-126.010747,52.611466],[-126.014355,52.605351],[-126.010907,52.600884],[-126.041566,52.584739],[-126.054272,52.580865],[-126.060183,52.579906],[-126.074098,52.583788],[-126.081589,52.58835],[-126.081897,52.592174],[-126.090765,52.595472],[-126.097421,52.594536],[-126.105064,52.587275],[-126.132442,52.589485],[-126.139998,52.580789],[-126.135862,52.574864],[-126.140977,52.569979],[-126.138483,52.563705],[-126.14245,52.551866],[-126.154231,52.544686],[-126.162323,52.545627],[-126.166841,52.540929],[-126.169927,52.541007],[-126.174847,52.53375],[-126.172573,52.5283],[-126.177524,52.523526],[-126.191477,52.529668],[-126.197507,52.523201],[-126.19008,52.516685],[-126.190964,52.506984],[-126.19432,52.502657],[-126.205811,52.508757],[-126.206362,52.499139],[-126.213498,52.497212],[-126.21356,52.495307],[-126.219902,52.494736],[-126.227902,52.49943],[-126.230132,52.507791],[-126.234377,52.510589],[-126.231026,52.51864],[-126.238201,52.520121],[-126.240155,52.523521],[-126.251837,52.528007],[-126.253246,52.531802],[-126.263574,52.531458],[-126.271425,52.537079],[-126.269579,52.541476],[-126.285535,52.54145],[-126.288387,52.544222],[-126.302879,52.547242],[-126.315203,52.535769],[-126.315754,52.520215],[-126.324083,52.518525],[-126.340397,52.530556],[-126.35078,52.530519],[-126.356295,52.532729],[-126.370353,52.546468],[-126.368899,52.552524],[-126.38411,52.56689],[-126.378532,52.577269],[-126.400805,52.586045],[-126.402718,52.589871],[-126.407814,52.589836],[-126.408322,52.594738],[-126.403407,52.595938],[-126.39915,52.601081],[-126.402417,52.601941],[-126.404222,52.610883],[-126.415731,52.6127],[-126.415331,52.615045],[-126.419309,52.616333],[-126.415217,52.623083],[-126.426433,52.62911],[-126.440378,52.642498],[-126.447388,52.64459],[-126.45255,52.651175],[-126.435218,52.653505],[-126.432297,52.658678],[-126.423391,52.66076],[-126.4199,52.659263],[-126.414644,52.661985],[-126.412708,52.671102],[-126.416772,52.679949],[-126.414126,52.688407],[-126.409604,52.68856],[-126.39701,52.695029],[-126.389128,52.688471],[-126.378406,52.690572],[-126.371025,52.69746],[-126.364933,52.698279],[-126.361968,52.70473],[-126.350002,52.70359],[-126.353311,52.712019],[-126.352233,52.737874],[-126.342237,52.746571],[-126.342256,52.828707],[-126.354299,52.82597],[-126.359345,52.822336],[-126.362402,52.823301],[-126.360211,52.826402],[-126.367832,52.829269],[-126.374063,52.820729],[-126.378462,52.8213],[-126.382647,52.818706],[-126.386891,52.809351],[-126.402894,52.804234],[-126.410624,52.795752],[-126.419932,52.793393],[-126.420713,52.790712],[-126.450186,52.7925],[-126.448039,52.788632],[-126.456574,52.782422],[-126.467987,52.780742],[-126.477363,52.783766],[-126.484829,52.783654],[-126.487392,52.778817],[-126.507199,52.774487],[-126.514461,52.770647],[-126.540674,52.775885],[-126.541366,52.780133],[-126.549462,52.785736],[-126.542644,52.789605],[-126.552819,52.790308],[-126.562001,52.794096],[-126.559202,52.797378],[-126.553098,52.798643],[-126.540413,52.810483],[-126.557744,52.81157],[-126.561504,52.815442],[-126.583075,52.818527],[-126.577936,52.821803],[-126.579628,52.825012],[-126.593665,52.819201],[-126.595039,52.814989],[-126.601217,52.811432],[-126.607416,52.812226],[-126.610906,52.817502],[-126.617878,52.818026],[-126.618825,52.829749],[-126.616102,52.833114],[-126.624952,52.835212],[-126.6321,52.833525],[-126.642659,52.844156],[-126.633733,52.855641],[-126.626457,52.855855],[-126.622235,52.860267],[-126.622171,52.868193],[-126.613269,52.869321],[-126.613593,52.872637],[-126.606613,52.872011],[-126.601107,52.876777],[-126.590899,52.879102],[-126.589258,52.895359],[-126.594367,52.91228],[-126.597135,52.914674],[-126.604456,52.914924],[-126.613347,52.921529],[-126.613966,52.927466],[-126.607476,52.930816],[-126.612464,52.934656],[-126.625793,52.937891],[-126.637935,52.935202],[-126.650521,52.944902],[-126.641749,52.952371],[-126.643165,52.957254],[-126.636793,52.960257],[-126.634499,52.973806],[-126.624212,52.98547],[-126.61506,52.990402],[-126.614203,52.995673],[-126.623031,53]]]},"properties":{"id":"CCRD","boundaryCode":"CCRD","boundaryName":"Central Coast Regional District","reportingName":"Central Coast","jurisdiction_count":1,"population_2015":3197,"vehicle_idling_population":0,"vehicle_idling_percent":0,"vehicle_idling_band":"0%","vehicle_idling_display":"Central Coast Regional District · 0% covered","vehicle_idling_details":"Vehicle idling: 0% of the regional district population covered (2015 population estimate).\nCentral Coast RD-uninc: no bylaw reported","open_burning_population":0,"open_burning_percent":0,"open_burning_band":"0%","open_burning_display":"Central Coast Regional District · 0% covered","open_burning_details":"Open burning: 0% of the regional district population covered (2015 population estimate).\nCentral Coast RD-uninc: no bylaw reported","solid_fuel_population":0,"solid_fuel_percent":0,"solid_fuel_band":"0%","solid_fuel_display":"Central Coast Regional District · 0% covered","solid_fuel_details":"Solid fuel appliance: 0% of the regional district population covered (2015 population estimate).\nCentral Coast RD-uninc: no bylaw reported"},"id":"CCRD"},{"type":"Feature","geometry":{"type":"Polygon","coordinates":[[[-118.799106,52.176597],[-118.811468,52.173917],[-118.821659,52.166936],[-118.836207,52.163329],[-118.832888,52.157662],[-118.835583,52.143206],[-118.841222,52.142401],[-118.85215,52.133188],[-118.850777,52.12404],[-118.861934,52.112529],[-118.867371,52.101976],[-118.859464,52.091293],[-118.852609,52.088952],[-118.871346,52.077641],[-118.874139,52.071149],[-118.870363,52.066003],[-118.859793,52.065136],[-118.850201,52.06006],[-118.848406,52.049399],[-118.854842,52.044937],[-118.865205,52.045142],[-118.899711,52.03799],[-118.906028,52.039102],[-118.911153,52.043704],[-118.918384,52.039234],[-118.933206,52.035126],[-118.940721,52.031112],[-118.947779,52.022449],[-118.947724,52.002047],[-118.951569,51.998674],[-118.962051,51.998176],[-118.97106,51.987712],[-118.969222,51.98429],[-118.973627,51.97552],[-118.961424,51.972172],[-118.953833,51.97237],[-118.933034,51.965418],[-118.91985,51.966801],[-118.907338,51.961605],[-118.904421,51.958028],[-118.896839,51.957701],[-118.892827,51.954376],[-118.890735,51.951361],[-118.898422,51.945881],[-118.906735,51.928286],[-118.915097,51.924719],[-118.935253,51.927716],[-118.943534,51.924801],[-118.956944,51.931601],[-118.982674,51.935074],[-118.988253,51.931292],[-118.992468,51.92168],[-118.990904,51.918227],[-118.986801,51.918179],[-118.974507,51.909762],[-118.97632,51.90038],[-118.968896,51.893377],[-118.966696,51.884379],[-118.970115,51.878174],[-118.983431,51.875135],[-118.983836,51.869301],[-118.992108,51.867543],[-118.992031,51.863516],[-118.976867,51.861515],[-118.972739,51.857124],[-118.965636,51.856415],[-118.963067,51.852439],[-118.953523,51.851024],[-118.950706,51.843958],[-118.952693,51.838328],[-118.947832,51.832216],[-118.969522,51.824346],[-118.96205,51.821977],[-118.957141,51.814922],[-118.960508,51.806916],[-118.951907,51.803939],[-118.94501,51.791311],[-118.934855,51.792324],[-118.925185,51.796691],[-118.909986,51.786532],[-118.893113,51.78617],[-118.896274,51.778674],[-118.891105,51.772138],[-118.897656,51.767976],[-118.897236,51.761077],[-118.892242,51.754408],[-118.892533,51.743213],[-118.889445,51.742444],[-118.889919,51.732403],[-118.902586,51.724247],[-118.920311,51.719157],[-118.914482,51.708317],[-118.917908,51.701382],[-118.927315,51.698308],[-118.92577,51.687144],[-118.938564,51.690638],[-118.940652,51.697843],[-118.962056,51.699196],[-119.004842,51.688581],[-119.000249,51.686347],[-118.997339,51.680381],[-118.997275,51.670824],[-118.984449,51.660878],[-118.974342,51.657291],[-118.973078,51.647291],[-118.985741,51.642557],[-118.98772,51.637227],[-118.983312,51.629622],[-118.975545,51.627451],[-118.975956,51.623276],[-118.963311,51.616163],[-118.96374,51.609031],[-118.956263,51.602081],[-118.958453,51.598618],[-118.974533,51.595148],[-118.972843,51.591388],[-118.967804,51.589784],[-118.968122,51.573882],[-118.985891,51.545369],[-118.97992,51.543643],[-118.969116,51.528644],[-118.958764,51.524611],[-118.961539,51.522425],[-118.960609,51.517629],[-118.953391,51.514935],[-118.948963,51.516213],[-118.945499,51.511019],[-118.949077,51.504035],[-118.956589,51.498406],[-118.955304,51.486908],[-118.950921,51.484103],[-118.952917,51.47925],[-118.958238,51.476724],[-118.95064,51.470664],[-118.945988,51.46128],[-118.954918,51.463056],[-118.950397,51.456971],[-118.96034,51.453532],[-118.961258,51.455477],[-118.965694,51.450169],[-118.969423,51.452091],[-118.979587,51.451913],[-118.979816,51.444913],[-118.989046,51.440053],[-118.998352,51.429086],[-119.013447,51.42543],[-119.019551,51.421447],[-119.020944,51.41716],[-119.031873,51.415925],[-119.033921,51.41167],[-119.047035,51.407201],[-119.046618,51.403332],[-119.055588,51.397139],[-119.053812,51.392864],[-119.063836,51.395542],[-119.082792,51.388432],[-119.088224,51.396107],[-119.094052,51.391064],[-119.093695,51.387191],[-119.10427,51.384136],[-119.103023,51.381694],[-119.113919,51.369754],[-119.126919,51.369717],[-119.130873,51.371647],[-119.152767,51.360025],[-119.150629,51.357015],[-119.13844,51.352526],[-119.127806,51.339688],[-119.122325,51.339158],[-119.121061,51.334783],[-119.128826,51.331324],[-119.129887,51.325414],[-119.138777,51.330459],[-119.146623,51.331548],[-119.157743,51.329284],[-119.167873,51.333605],[-119.183971,51.317511],[-119.204102,51.317325],[-119.205338,51.308417],[-119.226569,51.309576],[-119.224202,51.302268],[-119.217678,51.297784],[-119.224312,51.283664],[-119.269231,51.256082],[-119.29006,51.258752],[-119.293122,51.255463],[-119.303927,51.253434],[-119.303984,51.249979],[-119.309702,51.248266],[-119.323769,51.249004],[-119.330919,51.251254],[-119.335707,51.250448],[-119.343893,51.255537],[-119.345406,51.264176],[-119.348492,51.265373],[-119.356688,51.257177],[-119.374073,51.249247],[-119.377579,51.244829],[-119.37924,51.246342],[-119.382692,51.245039],[-119.38826,51.239859],[-119.407248,51.237238],[-119.417269,51.23056],[-119.43286,51.231509],[-119.433203,51.227302],[-119.441236,51.224352],[-119.445116,51.217045],[-119.443158,51.206297],[-119.449306,51.196958],[-119.440461,51.193734],[-119.443477,51.1829],[-119.446147,51.181914],[-119.447459,51.185071],[-119.457909,51.186404],[-119.477111,51.186668],[-119.479853,51.175619],[-119.485813,51.168855],[-119.481794,51.166206],[-119.481234,51.156942],[-119.475471,51.153398],[-119.487263,51.159377],[-119.504015,51.156618],[-119.505949,51.154493],[-119.501482,51.150964],[-119.515824,51.132888],[-119.507842,51.129008],[-119.50579,51.113915],[-119.515835,51.108798],[-119.526878,51.10668],[-119.527784,51.096241],[-119.523766,51.092833],[-119.528397,51.091851],[-119.53355,51.084229],[-119.539507,51.084247],[-119.539332,50.983516],[-119.710703,50.9835],[-119.696228,50.972542],[-119.679669,50.967072],[-119.672449,50.954095],[-119.658002,50.946385],[-119.655735,50.935427],[-119.648779,50.934762],[-119.649029,50.930723],[-119.642341,50.925291],[-119.66614,50.925337],[-119.666149,50.867801],[-119.670932,50.865453],[-119.649641,50.858936],[-119.646146,50.867736],[-119.639248,50.868926],[-119.625866,50.878422],[-119.613989,50.873498],[-119.601232,50.862676],[-119.60031,50.859628],[-119.60576,50.853449],[-119.592508,50.853417],[-119.577466,50.860235],[-119.576448,50.867146],[-119.515917,50.867173],[-119.515956,50.838122],[-119.469798,50.838002],[-119.469768,50.799683],[-119.47352,50.799649],[-119.473366,50.78518],[-119.469745,50.785213],[-119.46961,50.750919],[-119.527329,50.750923],[-119.527038,50.576072],[-119.652456,50.576147],[-119.652486,50.484675],[-119.661031,50.484666],[-119.661013,50.482328],[-119.652488,50.472245],[-119.65275,50.401828],[-119.641321,50.401844],[-119.630009,50.401859],[-119.62988,50.416308],[-119.607019,50.416346],[-119.6069,50.430817],[-119.583981,50.430836],[-119.583918,50.445313],[-119.526422,50.44544],[-119.52642,50.430964],[-119.446312,50.430941],[-119.446447,50.416345],[-119.319176,50.416108],[-119.319394,50.441272],[-119.330769,50.441354],[-119.330669,50.470693],[-119.298063,50.471518],[-119.29746,50.485607],[-119.263424,50.485442],[-119.263058,50.492879],[-119.29708,50.493145],[-119.296959,50.500355],[-119.308311,50.50037],[-119.308408,50.528426],[-119.184233,50.527841],[-119.181335,50.750796],[-118.881987,50.750364],[-118.878556,50.757059],[-118.860758,50.757077],[-118.851633,50.766465],[-118.836016,50.764572],[-118.829726,50.769077],[-118.831006,50.775722],[-118.827212,50.780638],[-118.81383,50.784552],[-118.810771,50.796058],[-118.783257,50.805421],[-118.781666,50.823799],[-118.776534,50.825947],[-118.761122,50.825598],[-118.752061,50.822863],[-118.740529,50.825493],[-118.722506,50.825497],[-118.722567,50.817638],[-118.718657,50.813361],[-118.713269,50.815869],[-118.703887,50.811617],[-118.672614,50.81556],[-118.663779,50.823816],[-118.665265,50.833594],[-118.671993,50.839905],[-118.664663,50.850667],[-118.651984,50.853159],[-118.638434,50.848538],[-118.632017,50.848664],[-118.625484,50.85524],[-118.638428,50.863007],[-118.626056,50.886799],[-118.622063,50.886854],[-118.612235,50.895962],[-118.615994,50.899191],[-118.61142,50.908282],[-118.618325,50.914381],[-118.618602,50.925655],[-118.61318,50.924381],[-118.610136,50.926482],[-118.599502,50.926781],[-118.588945,50.921808],[-118.581013,50.923706],[-118.579553,50.929742],[-118.569392,50.928467],[-118.553617,50.934227],[-118.544977,50.932486],[-118.540802,50.933614],[-118.539756,50.937279],[-118.520596,50.924559],[-118.510326,50.913673],[-118.491012,50.904016],[-118.487397,50.899142],[-118.477218,50.896889],[-118.473243,50.899967],[-118.451758,50.902685],[-118.443862,50.901695],[-118.433473,50.893133],[-118.422559,50.891947],[-118.414108,50.884739],[-118.404356,50.883705],[-118.398353,50.885585],[-118.382383,50.885386],[-118.373886,50.889482],[-118.356156,50.882629],[-118.349614,50.887957],[-118.34339,50.887094],[-118.336561,50.8826],[-118.326518,50.882215],[-118.320117,50.887638],[-118.309088,50.886737],[-118.285152,50.890061],[-118.280542,50.896042],[-118.274439,50.898695],[-118.270297,50.896986],[-118.271175,50.890556],[-118.265312,50.886195],[-118.266918,50.883039],[-118.283964,50.87873],[-118.283819,50.875183],[-118.286827,50.875629],[-118.292403,50.871773],[-118.294753,50.861977],[-118.287844,50.850515],[-118.283985,50.847617],[-118.277784,50.847343],[-118.267993,50.839356],[-118.274016,50.829992],[-118.258487,50.818082],[-118.269523,50.813547],[-118.26887,50.811108],[-118.254599,50.797467],[-118.261485,50.794461],[-118.257624,50.792821],[-118.257158,50.783356],[-118.252773,50.781703],[-118.247953,50.774902],[-118.25154,50.769342],[-118.243116,50.761619],[-118.243983,50.755159],[-118.235611,50.75273],[-118.227786,50.743654],[-118.206754,50.736449],[-118.211197,50.729401],[-118.207545,50.723874],[-118.209745,50.712834],[-118.207184,50.709031],[-118.208118,50.705183],[-118.213255,50.702854],[-118.202436,50.70177],[-118.208061,50.689175],[-118.166758,50.682062],[-118.153429,50.68346],[-118.144386,50.681247],[-118.118971,50.680963],[-118.085856,50.6917],[-118.071938,50.692314],[-118.072255,50.670179],[-118.063884,50.659279],[-118.056806,50.653988],[-118.046911,50.656119],[-118.034924,50.655188],[-118.01399,50.648352],[-118.009788,50.641706],[-118.006211,50.627072],[-118.010947,50.604086],[-118.006022,50.60066],[-118.001372,50.589743],[-118.003133,50.568225],[-117.990044,50.548066],[-117.988658,50.533722],[-117.907949,50.53374],[-117.906081,50.527647],[-117.859027,50.527758],[-117.84929,50.531568],[-117.845842,50.543363],[-117.838028,50.544151],[-117.823809,50.541329],[-117.803661,50.545787],[-117.797509,50.550937],[-117.793096,50.548719],[-117.780089,50.551712],[-117.769452,50.546329],[-117.75805,50.550553],[-117.751637,50.558753],[-117.745191,50.555352],[-117.733641,50.554376],[-117.726258,50.54938],[-117.708618,50.550604],[-117.693313,50.543885],[-117.689367,50.539109],[-117.677275,50.538826],[-117.672525,50.532873],[-117.6536,50.534531],[-117.649157,50.532631],[-117.644156,50.536319],[-117.645394,50.542275],[-117.638184,50.548619],[-117.616945,50.544279],[-117.605443,50.523702],[-117.592776,50.514801],[-117.586604,50.50395],[-117.573877,50.503277],[-117.570598,50.504992],[-117.550204,50.497509],[-117.546868,50.491895],[-117.549993,50.484182],[-117.526332,50.475829],[-117.507854,50.459858],[-117.507287,50.463758],[-117.492042,50.474306],[-117.500472,50.486546],[-117.490913,50.490481],[-117.44926,50.493482],[-117.439362,50.483177],[-117.421815,50.485032],[-117.408688,50.482962],[-117.383827,50.486692],[-117.369751,50.482187],[-117.343458,50.482601],[-117.336944,50.486945],[-117.31641,50.491787],[-117.305593,50.5],[-117.29634,50.503109],[-117.284724,50.503701],[-117.284708,50.510637],[-117.280387,50.513733],[-117.237293,50.513719],[-117.245281,50.530842],[-117.243463,50.534753],[-117.25142,50.534367],[-117.260742,50.538726],[-117.264157,50.551327],[-117.279629,50.55148],[-117.285264,50.561305],[-117.297437,50.56697],[-117.304778,50.574835],[-117.300454,50.581043],[-117.288061,50.586018],[-117.27451,50.596017],[-117.268337,50.613368],[-117.260313,50.617927],[-117.243926,50.621599],[-117.230474,50.631653],[-117.229947,50.647308],[-117.233727,50.651728],[-117.256332,50.654379],[-117.262863,50.663624],[-117.275317,50.67144],[-117.269277,50.675207],[-117.271662,50.685397],[-117.264151,50.691539],[-117.265967,50.704655],[-117.262976,50.711694],[-117.2667,50.721506],[-117.255512,50.730057],[-117.256071,50.736422],[-117.252246,50.741899],[-117.261772,50.745988],[-117.268668,50.74366],[-117.276126,50.744201],[-117.291069,50.735705],[-117.301298,50.733068],[-117.306135,50.73605],[-117.323655,50.724387],[-117.357776,50.719608],[-117.362193,50.715547],[-117.361422,50.711421],[-117.368834,50.708017],[-117.372282,50.701729],[-117.377912,50.706208],[-117.399097,50.711047],[-117.402697,50.717923],[-117.396411,50.718183],[-117.390285,50.726149],[-117.383307,50.747827],[-117.387867,50.74824],[-117.391267,50.751827],[-117.392115,50.760379],[-117.395658,50.761851],[-117.405688,50.778915],[-117.41157,50.778442],[-117.416227,50.782629],[-117.43107,50.782706],[-117.434192,50.796696],[-117.457779,50.797092],[-117.466193,50.804303],[-117.464383,50.806265],[-117.46832,50.811124],[-117.46583,50.819101],[-117.45333,50.829987],[-117.460167,50.84952],[-117.469696,50.854931],[-117.469839,50.866307],[-117.473539,50.866831],[-117.482082,50.878037],[-117.490719,50.883037],[-117.478986,50.888206],[-117.475382,50.896692],[-117.467745,50.902727],[-117.456491,50.899529],[-117.43356,50.904639],[-117.423345,50.903701],[-117.415566,50.89635],[-117.407892,50.901115],[-117.418942,50.909603],[-117.417098,50.919771],[-117.419907,50.925156],[-117.430622,50.92583],[-117.438753,50.933908],[-117.438748,50.948189],[-117.430239,50.948581],[-117.428189,50.952006],[-117.416636,50.956395],[-117.412041,50.960849],[-117.3992,50.961802],[-117.396246,50.963853],[-117.403008,50.980044],[-117.399328,50.982596],[-117.399462,50.986818],[-117.389496,50.991043],[-117.390766,50.99968],[-117.38707,51.002321],[-117.377443,51.00365],[-117.375818,51.012247],[-117.36802,51.019376],[-117.352601,51.022238],[-117.3431,51.036194],[-117.334028,51.038137],[-117.327443,51.035503],[-117.318673,51.037749],[-117.315161,51.035069],[-117.307314,51.034641],[-117.294477,51.03667],[-117.28458,51.04388],[-117.264192,51.051683],[-117.260359,51.054088],[-117.261828,51.05769],[-117.257202,51.060041],[-117.240962,51.062213],[-117.229107,51.055988],[-117.226996,51.060709],[-117.214642,51.064732],[-117.206233,51.062047],[-117.207575,51.059014],[-117.198106,51.055883],[-117.184815,51.046396],[-117.178621,51.043721],[-117.170135,51.044111],[-117.16768,51.036122],[-117.171433,51.024712],[-117.15757,51.023752],[-117.142198,51.026832],[-117.135847,51.022619],[-117.135778,51.017158],[-117.145262,51.004398],[-117.153221,51.002059],[-117.165122,50.994147],[-117.161174,50.98936],[-117.166649,50.986942],[-117.167949,50.982603],[-117.162433,50.975051],[-117.147726,50.972337],[-117.137753,50.976242],[-117.1274,50.977234],[-117.117723,50.972635],[-117.114882,50.966789],[-117.102628,50.970113],[-117.09284,50.968113],[-117.072209,50.971167],[-117.065976,50.964939],[-117.054135,50.964143],[-117.037902,50.957631],[-117.046514,50.947068],[-117.054019,50.944298],[-117.053915,50.94053],[-117.072712,50.919243],[-117.067049,50.909229],[-117.071412,50.906501],[-117.068491,50.903167],[-117.078776,50.896038],[-117.073203,50.890646],[-117.086936,50.864693],[-117.078907,50.855805],[-117.068972,50.853221],[-117.045742,50.858439],[-117.043617,50.855345],[-117.050339,50.845038],[-117.047887,50.836209],[-117.052552,50.829723],[-117.043045,50.822029],[-117.040337,50.815588],[-117.029,50.815145],[-117.017561,50.820102],[-116.98954,50.80834],[-116.981421,50.811127],[-116.960472,50.80899],[-116.952914,50.802225],[-116.9346,50.797639],[-116.928982,50.787941],[-116.920613,50.789944],[-116.91853,50.773925],[-116.914415,50.773219],[-116.911201,50.775645],[-116.898676,50.769798],[-116.891025,50.772858],[-116.883628,50.770648],[-116.880343,50.774053],[-116.859609,50.769075],[-116.844634,50.78196],[-116.844687,50.787446],[-116.837252,50.791887],[-116.831036,50.784306],[-116.817908,50.78604],[-116.813236,50.783632],[-116.816071,50.773393],[-116.813794,50.768129],[-116.82212,50.763843],[-116.829684,50.75032],[-116.816559,50.742827],[-116.820684,50.735271],[-116.813394,50.729639],[-116.808867,50.727914],[-116.802647,50.730574],[-116.796989,50.729108],[-116.785685,50.737703],[-116.78848,50.746467],[-116.773982,50.75188],[-116.771471,50.766975],[-116.767731,50.769099],[-116.75781,50.767999],[-116.756337,50.770235],[-116.743761,50.772385],[-116.749728,50.791741],[-116.738564,50.806528],[-116.737076,50.813836],[-116.748269,50.817691],[-116.752706,50.832056],[-116.763676,50.840724],[-116.76485,50.847314],[-116.762007,50.849087],[-116.748133,50.848141],[-116.744641,50.852054],[-116.723121,50.854872],[-116.724511,50.86503],[-116.734477,50.876662],[-116.727492,50.881201],[-116.715682,50.880439],[-116.709944,50.885911],[-116.701179,50.886959],[-116.698014,50.890584],[-116.690142,50.892048],[-116.690636,50.896878],[-116.680668,50.912568],[-116.669186,50.917844],[-116.639478,50.923934],[-116.635085,50.927309],[-116.630968,50.925895],[-116.626015,50.927307],[-116.616461,50.921604],[-116.536652,50.921618],[-116.536634,50.936129],[-116.493614,50.936072],[-116.492322,50.938147],[-116.45032,50.934373],[-116.44946,50.936034],[-116.443271,50.936032],[-116.443382,50.950647],[-116.320067,50.950631],[-116.330189,50.959556],[-116.330886,50.973511],[-116.338541,50.980035],[-116.349967,50.980981],[-116.361287,50.991718],[-116.377719,50.998991],[-116.381394,51.009793],[-116.403978,51.017185],[-116.404771,51.025454],[-116.429802,51.036549],[-116.423376,51.047878],[-116.408288,51.057155],[-116.405738,51.060197],[-116.407192,51.065923],[-116.401973,51.066625],[-116.399296,51.070613],[-116.414714,51.078299],[-116.408402,51.084297],[-116.396992,51.084243],[-116.397634,51.079867],[-116.382843,51.076187],[-116.367018,51.064813],[-116.35128,51.0697],[-116.342403,51.064588],[-116.331829,51.066515],[-116.330908,51.069981],[-116.326682,51.071072],[-116.331406,51.078032],[-116.329177,51.08212],[-116.318123,51.087262],[-116.301059,51.089266],[-116.295767,51.102975],[-116.288098,51.104808],[-116.277838,51.114241],[-116.270573,51.116249],[-116.26956,51.119225],[-116.259457,51.12462],[-116.262334,51.12971],[-116.25636,51.142154],[-116.272735,51.1499],[-116.28238,51.150275],[-116.288325,51.156003],[-116.290126,51.164873],[-116.304528,51.166791],[-116.312155,51.171805],[-116.321066,51.172906],[-116.330761,51.171163],[-116.340207,51.174849],[-116.342492,51.178067],[-116.339437,51.18685],[-116.344469,51.192031],[-116.347109,51.202711],[-116.344792,51.207598],[-116.333165,51.207775],[-116.319832,51.222761],[-116.313596,51.218372],[-116.299946,51.214874],[-116.273211,51.215661],[-116.266365,51.222186],[-116.267493,51.226303],[-116.258577,51.234788],[-116.254647,51.244872],[-116.268849,51.257316],[-116.282464,51.259909],[-116.292875,51.272679],[-116.282304,51.281346],[-116.283019,51.285745],[-116.290505,51.303688],[-116.301125,51.311872],[-116.307429,51.323005],[-116.306599,51.328504],[-116.287263,51.33425],[-116.290973,51.343148],[-116.278824,51.355177],[-116.279753,51.3619],[-116.29721,51.366002],[-116.312679,51.384783],[-116.294168,51.397785],[-116.295437,51.403098],[-116.283868,51.407461],[-116.295584,51.427207],[-116.295123,51.430108],[-116.287141,51.435082],[-116.289316,51.448709],[-116.285471,51.449643],[-116.285655,51.456083],[-116.294959,51.46249],[-116.316411,51.465834],[-116.320778,51.463539],[-116.33953,51.464924],[-116.347169,51.4693],[-116.3629,51.471733],[-116.371083,51.482873],[-116.386745,51.493072],[-116.39863,51.512628],[-116.394669,51.525214],[-116.384608,51.529811],[-116.391519,51.54651],[-116.395372,51.548198],[-116.402963,51.546073],[-116.417161,51.553803],[-116.430561,51.554249],[-116.438479,51.558099],[-116.442044,51.556785],[-116.445751,51.561256],[-116.452122,51.559584],[-116.465948,51.565196],[-116.472815,51.580198],[-116.468675,51.586021],[-116.474792,51.588544],[-116.46695,51.591169],[-116.468721,51.604352],[-116.481015,51.60808],[-116.490293,51.605642],[-116.502772,51.608302],[-116.513929,51.60744],[-116.516903,51.616148],[-116.514881,51.623396],[-116.520317,51.624848],[-116.524412,51.633829],[-116.531382,51.638955],[-116.542758,51.641446],[-116.552242,51.6396],[-116.5624,51.642689],[-116.570864,51.646446],[-116.571471,51.652362],[-116.584093,51.653666],[-116.595682,51.66119],[-116.597755,51.665394],[-116.588758,51.671737],[-116.592144,51.67789],[-116.588702,51.679268],[-116.586167,51.686259],[-116.581659,51.687232],[-116.591158,51.694234],[-116.581949,51.698103],[-116.588224,51.708196],[-116.586358,51.713802],[-116.596243,51.717899],[-116.600005,51.723922],[-116.61826,51.724824],[-116.628245,51.728884],[-116.63448,51.733237],[-116.636103,51.750151],[-116.642679,51.753649],[-116.651903,51.754257],[-116.652655,51.767028],[-116.647319,51.769215],[-116.649426,51.77601],[-116.644356,51.786712],[-116.656802,51.793466],[-116.655701,51.801323],[-116.659908,51.804567],[-116.66782,51.805465],[-116.680663,51.812747],[-116.69825,51.803218],[-116.710177,51.802376],[-116.717726,51.798771],[-116.724148,51.803718],[-116.745968,51.806332],[-116.750216,51.80507],[-116.756523,51.799589],[-116.762569,51.786156],[-116.767683,51.783754],[-116.774766,51.774181],[-116.78315,51.770111],[-116.785558,51.763461],[-116.793323,51.763871],[-116.796101,51.758463],[-116.807807,51.749911],[-116.812808,51.740436],[-116.821422,51.737617],[-116.806944,51.726526],[-116.798861,51.724058],[-116.802295,51.716853],[-116.810715,51.709958],[-116.811043,51.705259],[-116.821196,51.706875],[-116.825932,51.704547],[-116.836431,51.70402],[-116.852838,51.705685],[-116.855386,51.709296],[-116.869294,51.704376],[-116.882,51.704551],[-116.886225,51.706776],[-116.899529,51.702554],[-116.910587,51.708613],[-116.919836,51.708126],[-116.918394,51.713133],[-116.928804,51.717513],[-116.931149,51.720892],[-116.9278,51.723794],[-116.928893,51.728318],[-116.942783,51.732346],[-116.946368,51.741985],[-116.95652,51.742816],[-116.961947,51.748123],[-116.961845,51.752157],[-116.976035,51.759716],[-116.974682,51.770011],[-116.964649,51.774909],[-116.968441,51.782463],[-116.96426,51.79032],[-116.974445,51.803692],[-116.985249,51.806248],[-116.991649,51.811631],[-116.98655,51.815525],[-116.985898,51.819815],[-116.989771,51.822693],[-116.981977,51.829148],[-116.98106,51.835343],[-116.987837,51.837493],[-117.006734,51.836019],[-117.020888,51.842365],[-117.035201,51.855342],[-117.033236,51.868575],[-117.028698,51.871875],[-117.027028,51.882266],[-117.019501,51.891259],[-117.047702,51.909874],[-117.054469,51.917526],[-117.071953,51.924058],[-117.076314,51.929251],[-117.08483,51.932742],[-117.088313,51.938583],[-117.094329,51.940428],[-117.101944,51.947563],[-117.103295,51.957281],[-117.122201,51.95695],[-117.13262,51.967583],[-117.149292,51.973488],[-117.160838,51.973923],[-117.16383,51.972228],[-117.169689,51.975308],[-117.179741,51.974518],[-117.196288,51.978608],[-117.197337,51.986541],[-117.203186,51.993116],[-117.216938,51.996678],[-117.223957,52.005857],[-117.237228,52.010593],[-117.235475,52.016485],[-117.224683,52.017538],[-117.214003,52.028782],[-117.226832,52.034853],[-117.233659,52.041332],[-117.241207,52.037828],[-117.257633,52.039885],[-117.269224,52.047046],[-117.271537,52.050906],[-117.269322,52.056072],[-117.295768,52.065413],[-117.306117,52.07481],[-117.294205,52.087292],[-117.297121,52.094906],[-117.294588,52.09897],[-117.298594,52.113858],[-117.305128,52.120198],[-117.308023,52.129217],[-117.305072,52.148411],[-117.308948,52.15304],[-117.330794,52.156473],[-117.337441,52.14867],[-117.339446,52.138573],[-117.357699,52.136081],[-117.383752,52.137365],[-117.383702,52.140072],[-117.390228,52.139421],[-117.391454,52.143676],[-117.403888,52.137613],[-117.407021,52.139823],[-117.412579,52.139034],[-117.425398,52.142419],[-117.425083,52.146151],[-117.430556,52.146848],[-117.441477,52.147278],[-117.442681,52.144909],[-117.46467,52.14252],[-117.497003,52.147705],[-117.509012,52.15417],[-117.508709,52.157949],[-117.513284,52.15792],[-117.51976,52.156678],[-117.518785,52.149465],[-117.52523,52.141862],[-117.534998,52.141371],[-117.539735,52.137816],[-117.561405,52.135629],[-117.557994,52.128066],[-117.567643,52.130225],[-117.578868,52.129107],[-117.585035,52.136008],[-117.603706,52.140176],[-117.609544,52.143698],[-117.614589,52.153929],[-117.620688,52.155057],[-117.617873,52.162611],[-117.632546,52.178631],[-117.634142,52.185267],[-117.638769,52.189006],[-117.638868,52.198683],[-117.647518,52.209246],[-117.66231,52.198841],[-117.683536,52.198064],[-117.708841,52.187881],[-117.723236,52.189789],[-117.732831,52.187905],[-117.748283,52.196005],[-117.748617,52.202866],[-117.75485,52.201527],[-117.754971,52.20474],[-117.763287,52.206692],[-117.779419,52.215358],[-117.814318,52.222468],[-117.816863,52.242236],[-117.832814,52.254475],[-117.844054,52.27306],[-117.822968,52.283612],[-117.825394,52.288746],[-117.823257,52.290597],[-117.801016,52.290557],[-117.79188,52.29375],[-117.793821,52.302306],[-117.785483,52.306802],[-117.784274,52.311413],[-117.774744,52.319235],[-117.769632,52.317562],[-117.764817,52.319323],[-117.751917,52.318428],[-117.746136,52.3228],[-117.74622,52.330018],[-117.739536,52.333567],[-117.73845,52.343141],[-117.725321,52.352768],[-117.718445,52.351706],[-117.704622,52.356231],[-117.706309,52.36219],[-117.720065,52.365757],[-117.729179,52.381715],[-117.726248,52.382246],[-117.726563,52.388212],[-117.722829,52.389898],[-117.739017,52.39485],[-117.742365,52.399331],[-117.756528,52.405582],[-117.762962,52.413857],[-117.770165,52.412911],[-117.773789,52.409948],[-117.789314,52.40998],[-117.792452,52.407864],[-117.803566,52.409515],[-117.818434,52.417694],[-117.825898,52.418999],[-117.845079,52.418531],[-117.846457,52.415494],[-117.853393,52.413527],[-117.859598,52.418831],[-117.871166,52.420859],[-117.876397,52.426584],[-117.892219,52.427149],[-117.899925,52.432253],[-117.915491,52.436627],[-117.919418,52.441922],[-117.915802,52.446649],[-117.936191,52.447145],[-117.948337,52.452558],[-117.951201,52.458147],[-117.955846,52.458532],[-117.970125,52.467379],[-117.974833,52.471261],[-117.971049,52.478574],[-117.972974,52.483077],[-117.980351,52.481716],[-117.986639,52.483775],[-117.988719,52.488594],[-117.985637,52.492901],[-117.991132,52.496883],[-118.005868,52.493243],[-118.008596,52.484994],[-118.017674,52.474424],[-118.025233,52.472785],[-118.025443,52.465129],[-118.018104,52.458579],[-118.027556,52.454857],[-118.042281,52.457722],[-118.059656,52.455457],[-118.050213,52.444055],[-118.035966,52.441132],[-118.033304,52.438659],[-118.03711,52.431864],[-118.033579,52.426798],[-118.035291,52.421424],[-118.042204,52.416709],[-118.050407,52.417963],[-118.052429,52.416037],[-118.047264,52.403682],[-118.040949,52.398142],[-118.047521,52.397629],[-118.057585,52.401193],[-118.065206,52.397755],[-118.09348,52.405886],[-118.121116,52.40355],[-118.138732,52.406609],[-118.146231,52.40214],[-118.141944,52.392112],[-118.156639,52.393183],[-118.170242,52.389057],[-118.173091,52.390602],[-118.185894,52.38075],[-118.182492,52.375529],[-118.186859,52.371846],[-118.215972,52.371926],[-118.225307,52.379598],[-118.233963,52.379706],[-118.242839,52.375567],[-118.239961,52.372127],[-118.251469,52.357629],[-118.249878,52.350696],[-118.259067,52.345968],[-118.276244,52.343913],[-118.288668,52.335498],[-118.29198,52.34136],[-118.304969,52.349597],[-118.306214,52.360633],[-118.31714,52.365547],[-118.329533,52.367898],[-118.351252,52.363408],[-118.357455,52.364065],[-118.36245,52.361877],[-118.366546,52.354034],[-118.383593,52.347425],[-118.389265,52.334792],[-118.397506,52.333002],[-118.420681,52.337428],[-118.430627,52.333612],[-118.438156,52.322758],[-118.455206,52.32183],[-118.461197,52.318548],[-118.467652,52.318385],[-118.471006,52.315116],[-118.493808,52.310865],[-118.49199,52.292553],[-118.498628,52.29256],[-118.523,52.284336],[-118.531465,52.289163],[-118.542296,52.288186],[-118.546166,52.290284],[-118.561939,52.276555],[-118.581609,52.272747],[-118.621325,52.258572],[-118.623419,52.255315],[-118.637356,52.248596],[-118.650507,52.235019],[-118.66105,52.23027],[-118.665254,52.22406],[-118.678331,52.218291],[-118.68121,52.213518],[-118.700495,52.210253],[-118.70663,52.204694],[-118.718443,52.203489],[-118.735703,52.19583],[-118.742268,52.196648],[-118.751563,52.183454],[-118.757883,52.18309],[-118.763785,52.179568],[-118.768786,52.178432],[-118.776167,52.181225],[-118.790805,52.176514],[-118.799106,52.176597]]]},"properties":{"id":"CSRD","boundaryCode":"CSRD","boundaryName":"Columbia Shuswap Regional District","reportingName":"Columbia-Shuswap","jurisdiction_count":5,"population_2015":51451,"vehicle_idling_population":7192,"vehicle_idling_percent":14,"vehicle_idling_band":"1–25%","vehicle_idling_display":"Columbia Shuswap Regional District · 14% covered","vehicle_idling_details":"Vehicle idling: 14% of the regional district population covered (2015 population estimate).\nColumbia-Shuswap RD-uninc: no bylaw reported\nGolden: no bylaw reported\nRevelstoke: bylaw reported\nSalmon Arm: no bylaw reported\nSicamous: no bylaw reported","open_burning_population":6211,"open_burning_percent":12.1,"open_burning_band":"1–25%","open_burning_display":"Columbia Shuswap Regional District · 12.1% covered","open_burning_details":"Open burning: 12.1% of the regional district population covered (2015 population estimate).\nColumbia-Shuswap RD-uninc: no bylaw reported\nGolden: bylaw reported\nRevelstoke: no bylaw reported\nSalmon Arm: no bylaw reported\nSicamous: bylaw reported","solid_fuel_population":28143,"solid_fuel_percent":54.7,"solid_fuel_band":"51–75%","solid_fuel_display":"Columbia Shuswap Regional District · 54.7% covered","solid_fuel_details":"Solid fuel appliance: 54.7% of the regional district population covered (2015 population estimate).\nColumbia-Shuswap RD-uninc: no bylaw reported\nGolden: bylaw reported\nRevelstoke: bylaw reported\nSalmon Arm: bylaw reported\nSicamous: no bylaw reported"},"id":"CSRD"},{"type":"Feature","geometry":{"type":"Polygon","coordinates":[[[-124.966159,49.431825],[-124.947161,49.431921],[-124.937909,49.42718],[-124.923246,49.430579],[-124.915522,49.426909],[-124.902484,49.432396],[-124.858976,49.432535],[-124.856338,49.419454],[-124.823045,49.419329],[-124.82301,49.404879],[-124.734024,49.404939],[-124.734369,49.44076],[-124.757069,49.440751],[-124.756794,49.476127],[-124.747494,49.474012],[-124.723886,49.473499],[-124.706864,49.467637],[-124.490048,49.467637],[-124.48142,49.522714],[-124.491333,49.541032],[-124.527389,49.570578],[-124.653852,49.65151],[-124.730001,49.714698],[-124.763622,49.749618],[-124.792695,49.786837],[-124.841921,49.872122],[-125.115978,49.872122],[-125.132059,49.867528],[-125.137139,49.86972],[-125.143542,49.868189],[-125.145053,49.869942],[-125.149418,49.866677],[-125.159816,49.86455],[-125.163613,49.870083],[-125.180292,49.875797],[-125.187929,49.882751],[-125.196392,49.883328],[-125.198162,49.886757],[-125.204602,49.888479],[-125.21184,49.887226],[-125.214964,49.883667],[-125.21967,49.887922],[-125.225093,49.887791],[-125.22635,49.896637],[-125.23685,49.89576],[-125.238016,49.892634],[-125.257407,49.896728],[-125.261378,49.893782],[-125.264155,49.895968],[-125.26665,49.890818],[-125.27668,49.890504],[-125.28301,49.887233],[-125.294949,49.890436],[-125.295086,49.897311],[-125.299962,49.901761],[-125.303589,49.901966],[-125.304078,49.90557],[-125.296503,49.90688],[-125.301512,49.918953],[-125.322756,49.921667],[-125.333531,49.9205],[-125.335475,49.915968],[-125.343055,49.916459],[-125.342005,49.914207],[-125.35541,49.913654],[-125.359455,49.901439],[-125.357031,49.899938],[-125.36182,49.89769],[-125.358863,49.8875],[-125.364744,49.884729],[-125.359629,49.879987],[-125.365238,49.873318],[-125.403043,49.873311],[-125.403093,49.847967],[-125.383092,49.847984],[-125.383077,49.839398],[-125.388671,49.839393],[-125.388664,49.835776],[-125.423651,49.835813],[-125.423472,49.828782],[-125.486377,49.828805],[-125.486374,49.839312],[-125.496544,49.839312],[-125.495078,49.835826],[-125.49852,49.830919],[-125.508651,49.827355],[-125.508553,49.80654],[-125.518,49.806521],[-125.521175,49.801281],[-125.535204,49.798696],[-125.550966,49.786856],[-125.540636,49.772794],[-125.547599,49.767925],[-125.54764,49.756458],[-125.529381,49.756465],[-125.49276,49.738034],[-125.48742,49.726357],[-125.516714,49.7127],[-125.383695,49.608803],[-125.233255,49.490326],[-125.206743,49.491248],[-125.206721,49.494315],[-125.192234,49.49416],[-125.19236,49.491319],[-125.166263,49.490358],[-125.166147,49.495671],[-125.170273,49.495689],[-125.17177,49.499078],[-125.171732,49.50798],[-125.16062,49.507986],[-125.160618,49.506293],[-125.152065,49.506424],[-125.133777,49.50195],[-125.133824,49.509196],[-125.128272,49.509176],[-125.128299,49.510936],[-125.142174,49.51103],[-125.14208,49.521941],[-125.147681,49.521924],[-125.149912,49.529145],[-125.14233,49.529127],[-125.142371,49.525509],[-125.136852,49.525507],[-125.136894,49.521888],[-125.131376,49.521886],[-125.131418,49.518267],[-125.1259,49.518265],[-125.125942,49.514646],[-125.108369,49.514559],[-125.10671,49.503858],[-125.093388,49.502051],[-125.093484,49.493087],[-125.082351,49.491094],[-125.082379,49.487414],[-125.077151,49.487394],[-125.074381,49.480392],[-125.068688,49.476951],[-125.053019,49.476549],[-125.052838,49.480291],[-125.044145,49.480395],[-125.041409,49.483583],[-125.033353,49.485507],[-125.035883,49.492762],[-125.024884,49.492788],[-125.02205,49.4856],[-125.019558,49.485566],[-125.019566,49.480109],[-125.024942,49.480051],[-125.024971,49.474786],[-125.022202,49.474798],[-125.022212,49.471132],[-125.013977,49.469365],[-125.016651,49.46393],[-125.011202,49.462033],[-125.011143,49.458345],[-124.996074,49.456494],[-124.997402,49.452764],[-124.992062,49.452792],[-124.991973,49.451107],[-124.983682,49.452863],[-124.983634,49.445604],[-124.976661,49.445596],[-124.976635,49.442862],[-124.972534,49.442836],[-124.972492,49.431821],[-124.966159,49.431825]]]},"properties":{"id":"CMXRD","boundaryCode":"CMXRD","boundaryName":"Comox Valley Regional District","reportingName":"Comox Valley","jurisdiction_count":4,"population_2015":64634,"vehicle_idling_population":0,"vehicle_idling_percent":0,"vehicle_idling_band":"0%","vehicle_idling_display":"Comox Valley Regional District · 0% covered","vehicle_idling_details":"Vehicle idling: 0% of the regional district population covered (2015 population estimate).\nComox: no bylaw reported\nComox Valley RD-uninc: no bylaw reported\nCourtenay: no bylaw reported\nCumberland: no bylaw reported","open_burning_population":0,"open_burning_percent":0,"open_burning_band":"0%","open_burning_display":"Comox Valley Regional District · 0% covered","open_burning_details":"Open burning: 0% of the regional district population covered (2015 population estimate).\nComox: no bylaw reported\nComox Valley RD-uninc: no bylaw reported\nCourtenay: no bylaw reported\nCumberland: no bylaw reported","solid_fuel_population":35884,"solid_fuel_percent":55.5,"solid_fuel_band":"51–75%","solid_fuel_display":"Comox Valley Regional District · 55.5% covered","solid_fuel_details":"Solid fuel appliance: 55.5% of the regional district population covered (2015 population estimate).\nComox: bylaw reported\nComox Valley RD-uninc: bylaw reported\nCourtenay: no bylaw reported\nCumberland: no bylaw reported"},"id":"CMXRD"},{"type":"Feature","geometry":{"type":"Polygon","coordinates":[[[-123.322775,49.00229],[-123.331761,49.024116],[-123.366776,49.051767],[-123.40272,49.101675],[-123.430027,49.122566],[-123.68351,49.12231],[-123.698012,49.129287],[-123.715649,49.128471],[-123.731916,49.121936],[-123.733442,49.118932],[-123.706413,49.095145],[-123.705065,49.090628],[-123.72414,49.089171],[-123.735413,49.082492],[-123.742224,49.074214],[-123.726299,49.057319],[-123.864589,49.057415],[-123.864583,49.050112],[-123.867332,49.050123],[-123.864819,49.036893],[-123.885687,49.037217],[-123.88529,49.025111],[-123.892387,49.025062],[-123.921462,49.032064],[-123.927464,49.028601],[-123.930549,49.030913],[-123.935114,49.027774],[-123.953948,49.028879],[-123.954097,49.022561],[-123.959426,49.021097],[-123.986177,49.027401],[-123.994082,49.031674],[-124.015869,49.030238],[-124.023198,49.025285],[-124.03714,49.025402],[-124.037149,49.01875],[-124.030072,49.018757],[-124.030056,49.012424],[-124.024555,49.012429],[-124.027216,49.007927],[-124.02446,49.005215],[-124.018968,49.005217],[-124.016265,48.996963],[-124.020438,48.995135],[-124.034117,48.996883],[-124.038316,48.998702],[-124.035456,49.000739],[-124.038189,49.006158],[-124.06018,49.011599],[-124.064308,49.008886],[-124.051934,49.007977],[-124.051925,49.000196],[-124.06097,49.002009],[-124.062342,49.005629],[-124.08079,49.004361],[-124.083541,49.006147],[-124.082153,48.993441],[-124.087535,48.993442],[-124.087536,48.990728],[-124.082038,48.988917],[-124.082039,48.984393],[-124.095785,48.979871],[-124.101283,48.979872],[-124.101284,48.982586],[-124.104033,48.982586],[-124.10541,48.996586],[-124.11844,48.996586],[-124.121193,49.000994],[-124.12807,49.002168],[-124.172445,49.001397],[-124.172724,49.008556],[-124.204884,49.008527],[-124.204844,49.003451],[-124.227557,49.003467],[-124.227552,49.007086],[-124.233886,49.00709],[-124.234433,49.003472],[-124.239933,49.003473],[-124.239893,48.997973],[-124.234393,48.99797],[-124.234399,48.993446],[-124.245397,48.993451],[-124.245402,48.988927],[-124.2509,48.988929],[-124.25089,48.999816],[-124.275641,48.999816],[-124.275778,48.996181],[-124.282566,48.996248],[-124.282564,49.001677],[-124.277063,49.001676],[-124.277061,49.005295],[-124.282562,49.005296],[-124.28215,49.013672],[-124.293477,49.013673],[-124.29073,48.997004],[-124.304281,48.997003],[-124.304281,48.999817],[-124.311183,48.999817],[-124.311192,49.004243],[-124.315318,49.004242],[-124.315319,49.007861],[-124.32082,49.00786],[-124.322193,49.000622],[-124.329068,49.00062],[-124.331924,48.994499],[-124.338905,48.996208],[-124.340283,48.998779],[-124.374661,48.99876],[-124.374657,48.996046],[-124.380156,48.995137],[-124.381526,48.992421],[-124.385653,48.993323],[-124.387023,48.990607],[-124.382898,48.99061],[-124.381517,48.986992],[-124.374646,48.988807],[-124.371891,48.986019],[-124.384507,48.983229],[-124.392047,48.988938],[-124.391657,48.994073],[-124.398929,49.002334],[-124.400542,49.012551],[-124.40506,49.015672],[-124.409643,49.015492],[-124.418091,49.026144],[-124.429748,49.022395],[-124.437045,49.024349],[-124.45711,49.021663],[-124.459443,49.016175],[-124.458805,49.022108],[-124.455755,49.022516],[-124.458524,49.031567],[-124.469527,49.029753],[-124.46402,49.027949],[-124.468142,49.025231],[-124.464001,49.018902],[-124.483265,49.021596],[-124.48052,49.024313],[-124.49565,49.023391],[-124.495658,49.026105],[-124.502539,49.027001],[-124.499793,49.028814],[-124.501182,49.033335],[-124.494302,49.033344],[-124.494292,49.029725],[-124.48604,49.03064],[-124.483306,49.03788],[-124.488811,49.037874],[-124.48882,49.041493],[-124.477815,49.043315],[-124.469553,49.041514],[-124.45717,49.04243],[-124.45718,49.047858],[-124.464064,49.048757],[-124.463215,49.058531],[-124.472847,49.059458],[-124.475629,49.054037],[-124.482503,49.055861],[-124.504533,49.055004],[-124.507295,49.0532],[-124.505935,49.049578],[-124.517427,49.052914],[-124.519811,49.05658],[-124.517208,49.058305],[-124.51758,49.065596],[-124.527858,49.076671],[-124.528042,49.08262],[-124.532173,49.082627],[-124.532127,49.093479],[-124.537636,49.093488],[-124.533473,49.100716],[-124.536183,49.111573],[-124.541694,49.111582],[-124.541675,49.116104],[-124.53477,49.11971],[-124.533172,49.123574],[-124.54484,49.129186],[-124.551082,49.129345],[-124.552066,49.139785],[-124.555098,49.142968],[-124.567636,49.143965],[-124.568809,49.147734],[-124.581321,49.153863],[-124.588364,49.148108],[-124.58485,49.14151],[-124.577876,49.131383],[-124.576172,49.121278],[-124.579064,49.113079],[-124.575779,49.108437],[-124.582014,49.104556],[-124.598193,49.106673],[-124.597127,49.075709],[-124.602562,49.075712],[-124.605316,49.08114],[-124.610825,49.08114],[-124.608073,49.097424],[-124.613583,49.097423],[-124.613584,49.099233],[-124.630115,49.09742],[-124.630108,49.086564],[-124.635617,49.086563],[-124.638841,49.081066],[-124.638362,49.072087],[-124.632853,49.07028],[-124.629737,49.060918],[-124.626984,49.060919],[-124.629736,49.059109],[-124.629733,49.051871],[-124.622851,49.051873],[-124.62285,49.049159],[-124.615968,49.048255],[-124.61459,49.039208],[-124.611838,49.039208],[-124.611838,49.036494],[-124.60771,49.036495],[-124.60771,49.028352],[-124.605333,49.028352],[-124.604439,49.024246],[-124.60719,49.020627],[-124.603063,49.020627],[-124.603063,49.017913],[-124.608565,49.017008],[-124.608565,49.013389],[-124.618192,49.013388],[-124.620944,49.017912],[-124.627821,49.017006],[-124.627822,49.018815],[-124.641249,49.017002],[-124.539411,48.934299],[-124.549784,48.932097],[-124.545717,48.927587],[-124.550209,48.926064],[-124.546247,48.92179],[-124.544945,48.912563],[-124.551041,48.907687],[-124.550265,48.900468],[-124.559375,48.894835],[-124.570429,48.898444],[-124.572115,48.889231],[-124.583013,48.888261],[-124.589082,48.883821],[-124.588674,48.879095],[-124.604632,48.879891],[-124.610096,48.876035],[-124.616957,48.876637],[-124.638861,48.861701],[-124.644064,48.867174],[-124.652694,48.867529],[-124.654081,48.862381],[-124.649946,48.859344],[-124.654986,48.854683],[-124.649347,48.843427],[-124.658759,48.83704],[-124.665733,48.841326],[-124.669382,48.841117],[-124.672745,48.833985],[-124.669429,48.828769],[-124.68156,48.823213],[-124.680475,48.813547],[-124.693645,48.796088],[-124.730032,48.771702],[-124.738467,48.758895],[-124.736624,48.7505],[-124.741608,48.744845],[-124.751497,48.742791],[-124.773444,48.731685],[-124.787494,48.717712],[-124.801968,48.696576],[-124.819775,48.689417],[-124.838585,48.686537],[-124.849746,48.687432],[-124.854964,48.683246],[-124.851252,48.669797],[-124.869615,48.62498],[-124.850329,48.618559],[-124.838514,48.608794],[-124.822955,48.601686],[-124.815183,48.592275],[-124.801912,48.582743],[-124.743326,48.50381],[-124.733261,48.495467],[-124.502907,48.432583],[-124.502908,48.560708],[-124.499474,48.560708],[-124.499484,48.592608],[-124.489208,48.592607],[-124.489266,48.635027],[-124.445445,48.635015],[-124.445454,48.626767],[-124.425414,48.627025],[-124.423052,48.62391],[-124.417508,48.625756],[-124.41622,48.635637],[-124.410555,48.635633],[-124.410555,48.665756],[-124.377777,48.666121],[-124.378501,48.695069],[-124.356638,48.695345],[-124.356224,48.680872],[-124.279723,48.681805],[-124.280831,48.722837],[-124.1979,48.654154],[-124.167814,48.65417],[-124.16781,48.650551],[-124.156888,48.650557],[-124.15687,48.646938],[-124.151408,48.646941],[-124.151405,48.643321],[-124.140565,48.643326],[-124.140563,48.639707],[-124.11271,48.639714],[-124.112712,48.651259],[-124.015173,48.651236],[-124.015167,48.645471],[-123.947571,48.645676],[-123.947564,48.638296],[-123.932546,48.638301],[-123.918055,48.642333],[-123.916482,48.649749],[-123.907693,48.651877],[-123.907692,48.644873],[-123.903596,48.644873],[-123.903596,48.638538],[-123.898655,48.63639],[-123.891059,48.638424],[-123.879831,48.637291],[-123.875653,48.639614],[-123.853976,48.638902],[-123.856892,48.633761],[-123.853946,48.627394],[-123.853921,48.602705],[-123.848463,48.602703],[-123.848461,48.605304],[-123.831307,48.605294],[-123.831264,48.60262],[-123.821423,48.602614],[-123.821409,48.611844],[-123.803668,48.612734],[-123.803672,48.611135],[-123.790149,48.612051],[-123.790146,48.610241],[-123.786052,48.610244],[-123.786054,48.601055],[-123.765864,48.601072],[-123.765868,48.604692],[-123.744369,48.605479],[-123.746225,48.622885],[-123.723022,48.622893],[-123.723063,48.619347],[-123.716222,48.619264],[-123.716279,48.612994],[-123.702634,48.612955],[-123.70261,48.616575],[-123.694422,48.616551],[-123.693024,48.623177],[-123.682791,48.624498],[-123.672948,48.620283],[-123.673025,48.6184],[-123.667354,48.618342],[-123.667152,48.608928],[-123.658536,48.608852],[-123.65864,48.602527],[-123.653228,48.60249],[-123.653256,48.597162],[-123.648139,48.59716],[-123.648155,48.580871],[-123.639972,48.580869],[-123.639981,48.573572],[-123.643664,48.573571],[-123.645583,48.570441],[-123.645547,48.562704],[-123.634629,48.562742],[-123.634616,48.547531],[-123.627986,48.54748],[-123.628006,48.532939],[-123.617147,48.532933],[-123.61715,48.529301],[-123.608975,48.529296],[-123.608988,48.522057],[-123.587301,48.522007],[-123.587404,48.525716],[-123.58171,48.52572],[-123.579356,48.53605],[-123.547099,48.535728],[-123.548597,48.544785],[-123.545264,48.550021],[-123.513874,48.558066],[-123.502175,48.573604],[-123.50273,48.662773],[-123.514767,48.702643],[-123.55171,48.733539],[-123.569589,48.76125],[-123.568323,48.768509],[-123.553218,48.779429],[-123.558774,48.78914],[-123.552906,48.800192],[-123.576356,48.817587],[-123.585794,48.856075],[-123.612159,48.891078],[-123.615281,48.922188],[-123.612398,48.948161],[-123.620995,48.965563],[-123.631502,48.978097],[-123.631171,48.982735],[-123.602697,48.992924],[-123.601436,48.996518],[-123.605936,49.003291],[-123.59505,49.007274],[-123.588697,49.015451],[-123.578891,49.017027],[-123.322775,49.00229]]]},"properties":{"id":"CVRD","boundaryCode":"CVRD","boundaryName":"Cowichan Valley Regional District","reportingName":"Cowichan Valley","jurisdiction_count":5,"population_2015":82787,"vehicle_idling_population":4663,"vehicle_idling_percent":5.6,"vehicle_idling_band":"1–25%","vehicle_idling_display":"Cowichan Valley Regional District · 5.6% covered","vehicle_idling_details":"Vehicle idling: 5.6% of the regional district population covered (2015 population estimate).\nCowichan Valley RD-uninc: no bylaw reported\nDuncan: bylaw reported\nLadysmith: no bylaw reported\nLake Cowichan: no bylaw reported\nNorth Cowichan: no bylaw reported","open_burning_population":39948,"open_burning_percent":48.3,"open_burning_band":"26–50%","open_burning_display":"Cowichan Valley Regional District · 48.3% covered","open_burning_details":"Open burning: 48.3% of the regional district population covered (2015 population estimate).\nCowichan Valley RD-uninc: bylaw reported\nDuncan: no bylaw reported\nLadysmith: no bylaw reported\nLake Cowichan: bylaw reported\nNorth Cowichan: no bylaw reported","solid_fuel_population":42839,"solid_fuel_percent":51.7,"solid_fuel_band":"51–75%","solid_fuel_display":"Cowichan Valley Regional District · 51.7% covered","solid_fuel_details":"Solid fuel appliance: 51.7% of the regional district population covered (2015 population estimate).\nCowichan Valley RD-uninc: no bylaw reported\nDuncan: bylaw reported\nLadysmith: bylaw reported\nLake Cowichan: no bylaw reported\nNorth Cowichan: bylaw reported"},"id":"CVRD"},{"type":"Feature","geometry":{"type":"Polygon","coordinates":[[[-122.803962,49.569817],[-122.778868,49.569862],[-122.780451,49.561839],[-122.774866,49.561325],[-122.761453,49.561307],[-122.75291,49.567582],[-122.739283,49.561988],[-122.72878,49.56338],[-122.716989,49.552878],[-122.711087,49.54081],[-122.599378,49.540639],[-122.602299,49.524466],[-122.581689,49.490578],[-122.532952,49.472529],[-122.527221,49.465352],[-122.527168,49.460219],[-122.539369,49.435388],[-122.555499,49.415942],[-122.563948,49.387934],[-122.591103,49.358608],[-122.612665,49.350646],[-122.579513,49.353261],[-122.408182,49.353245],[-122.408068,49.265875],[-122.42421,49.265892],[-122.424639,49.168404],[-122.444815,49.171636],[-122.462378,49.171187],[-122.459541,49.002235],[-122.098061,49.002412],[-121.75072,48.9973],[-120.851348,49.000301],[-120.84829,49.004881],[-120.848626,49.013192],[-120.835866,49.01052],[-120.831572,49.011675],[-120.831568,49.020878],[-120.826427,49.026179],[-120.830518,49.032761],[-120.829485,49.038589],[-120.818161,49.047192],[-120.823422,49.055523],[-120.826482,49.057287],[-120.838566,49.05731],[-120.86692,49.047942],[-120.881116,49.049475],[-120.886263,49.061406],[-120.884121,49.067682],[-120.891197,49.077437],[-120.898375,49.07836],[-120.904387,49.076205],[-120.914681,49.079673],[-120.921406,49.086316],[-120.948895,49.088985],[-120.950069,49.092101],[-120.965167,49.096713],[-120.966073,49.102712],[-120.957987,49.105509],[-120.956158,49.10394],[-120.944017,49.104627],[-120.936325,49.108715],[-120.929169,49.108776],[-120.92054,49.117318],[-120.911074,49.118075],[-120.895292,49.112427],[-120.885013,49.116095],[-120.873291,49.1147],[-120.865476,49.11967],[-120.864443,49.126056],[-120.855333,49.133966],[-120.865209,49.140878],[-120.862993,49.14395],[-120.873742,49.151322],[-120.878254,49.158197],[-120.897293,49.171038],[-120.882051,49.178739],[-120.897418,49.190769],[-120.89099,49.195393],[-120.892002,49.210651],[-120.872362,49.205307],[-120.865904,49.205775],[-120.854826,49.214257],[-120.855954,49.218974],[-120.84793,49.220012],[-120.845595,49.223477],[-120.849535,49.234928],[-120.845505,49.240703],[-120.848314,49.245632],[-120.838313,49.252744],[-120.826222,49.252424],[-120.821032,49.250122],[-120.815585,49.258655],[-120.822691,49.275207],[-120.822058,49.283337],[-120.813012,49.283589],[-120.813873,49.288191],[-120.810771,49.290402],[-120.813903,49.292971],[-120.830792,49.296438],[-120.836335,49.295202],[-120.836332,49.297459],[-120.847339,49.296467],[-120.849643,49.298511],[-120.859136,49.296256],[-120.869735,49.303245],[-120.878051,49.3023],[-120.887135,49.310562],[-120.895102,49.31087],[-120.907549,49.306769],[-120.90884,49.302591],[-120.924972,49.295173],[-120.92332,49.293348],[-120.929798,49.282456],[-120.935141,49.279279],[-120.934893,49.274677],[-120.941571,49.271135],[-120.94438,49.270376],[-120.962727,49.278878],[-120.964142,49.2749],[-120.975721,49.27182],[-120.987879,49.274182],[-121.000279,49.27715],[-121.001031,49.279979],[-120.997398,49.29261],[-120.993966,49.294133],[-120.999662,49.30124],[-120.998218,49.313117],[-121.007147,49.311276],[-121.009402,49.306224],[-121.021459,49.302776],[-121.025982,49.303888],[-121.043101,49.320066],[-121.039917,49.322971],[-121.042841,49.329408],[-121.054712,49.333699],[-121.080088,49.327955],[-121.091619,49.338356],[-121.094363,49.345364],[-121.098105,49.347234],[-121.095901,49.351192],[-121.085652,49.34773],[-121.075074,49.353807],[-121.099682,49.353827],[-121.099694,49.440645],[-121.090365,49.440651],[-121.085578,49.453861],[-121.078669,49.457273],[-121.079821,49.464524],[-121.086964,49.46646],[-121.090202,49.471578],[-121.073982,49.473646],[-121.068704,49.469248],[-121.060567,49.469079],[-121.048875,49.473898],[-121.054967,49.475596],[-121.062956,49.489692],[-121.073684,49.49598],[-121.07131,49.504098],[-121.08045,49.515738],[-121.078016,49.520141],[-121.067582,49.525282],[-121.053165,49.525552],[-121.045276,49.529317],[-121.048683,49.54266],[-121.044806,49.547318],[-121.035572,49.549707],[-121.037143,49.555689],[-121.032959,49.564847],[-121.033228,49.567776],[-121.038879,49.568627],[-121.037024,49.569702],[-121.042689,49.578146],[-121.037077,49.586993],[-121.025914,49.589987],[-121.016387,49.587089],[-121.004038,49.594042],[-120.989598,49.597557],[-120.992654,49.603025],[-120.982632,49.611414],[-120.974994,49.610514],[-120.969916,49.606937],[-120.960472,49.613986],[-120.961659,49.620277],[-120.969498,49.628006],[-120.965529,49.634171],[-120.967356,49.635867],[-120.972659,49.635582],[-120.979207,49.640015],[-120.98399,49.648284],[-120.99495,49.650273],[-121.012312,49.646033],[-121.032115,49.634869],[-121.060068,49.631436],[-121.063901,49.624506],[-121.089263,49.627122],[-121.098825,49.625753],[-121.119643,49.609908],[-121.124307,49.611036],[-121.12543,49.619162],[-121.136182,49.623426],[-121.149445,49.617998],[-121.155701,49.617334],[-121.15989,49.620063],[-121.169277,49.636331],[-121.164958,49.642542],[-121.170888,49.648788],[-121.154091,49.65552],[-121.147524,49.661721],[-121.132774,49.666918],[-121.130111,49.671564],[-121.118918,49.677982],[-121.125891,49.680146],[-121.136422,49.690067],[-121.13446,49.69385],[-121.149819,49.703496],[-121.155336,49.709791],[-121.153444,49.712495],[-121.15612,49.716559],[-121.165873,49.718773],[-121.166221,49.720596],[-121.172928,49.719695],[-121.173612,49.722908],[-121.188569,49.727094],[-121.187742,49.730218],[-121.191315,49.731551],[-121.193378,49.740312],[-121.197862,49.743977],[-121.192978,49.749523],[-121.195818,49.753231],[-121.192936,49.75777],[-121.201423,49.759171],[-121.203526,49.76801],[-121.211299,49.768895],[-121.213279,49.777345],[-121.202757,49.786841],[-121.203359,49.790069],[-121.188151,49.798321],[-121.182987,49.80439],[-121.187572,49.811694],[-121.179226,49.822384],[-121.159277,49.823049],[-121.15155,49.822233],[-121.140382,49.816907],[-121.130211,49.817465],[-121.11666,49.827869],[-121.102111,49.830153],[-121.099616,49.837962],[-121.110627,49.840333],[-121.115477,49.847459],[-121.10392,49.850124],[-121.091598,49.856495],[-121.087735,49.853913],[-121.083937,49.855658],[-121.094629,49.864686],[-121.092583,49.870715],[-121.096255,49.873941],[-121.107949,49.866748],[-121.127459,49.865338],[-121.144065,49.889163],[-121.155125,49.890122],[-121.170739,49.882967],[-121.177781,49.882286],[-121.184552,49.884021],[-121.187825,49.887652],[-121.194269,49.887584],[-121.203713,49.893961],[-121.209948,49.893152],[-121.217489,49.896072],[-121.225694,49.891044],[-121.229172,49.883136],[-121.233942,49.88365],[-121.240812,49.879628],[-121.257685,49.877426],[-121.262814,49.872663],[-121.282365,49.871326],[-121.290152,49.874661],[-121.297479,49.884394],[-121.305694,49.884739],[-121.311217,49.892825],[-121.324595,49.900952],[-121.315366,49.90644],[-121.315958,49.912638],[-121.297157,49.913093],[-121.288182,49.919733],[-121.284946,49.938682],[-121.287811,49.94556],[-121.281044,49.954128],[-121.283379,49.958465],[-121.280718,49.961943],[-121.274609,49.961216],[-121.266726,49.964055],[-121.270971,49.969693],[-121.267366,49.975353],[-121.277882,49.984757],[-121.272972,49.988245],[-121.292014,49.999357],[-121.286746,50.005387],[-121.290263,50.010591],[-121.299666,50.01459],[-121.308912,50.025259],[-121.326464,50.033149],[-121.328313,50.038617],[-121.321627,50.0413],[-121.324219,50.046698],[-121.317945,50.047147],[-121.315443,50.052117],[-121.633846,50.052202],[-121.63768,50.054246],[-121.638109,50.059324],[-121.642791,50.056452],[-121.653193,50.063001],[-121.663707,50.064767],[-121.655298,50.072827],[-121.661486,50.080787],[-121.6664,50.0815],[-121.676588,50.078037],[-121.682503,50.07895],[-121.691415,50.075021],[-121.699568,50.07692],[-121.702091,50.075087],[-121.717701,50.087691],[-121.739116,50.088833],[-121.751808,50.091039],[-121.755708,50.093743],[-121.771622,50.088869],[-121.789294,50.088456],[-121.793856,50.09125],[-121.797695,50.088673],[-121.801887,50.089291],[-121.807912,50.084245],[-121.851748,50.076043],[-121.854771,50.06905],[-121.849216,50.0633],[-121.857897,50.056676],[-121.85368,50.051375],[-121.862158,50.046432],[-121.872663,50.051712],[-121.893682,50.049674],[-121.911693,50.054262],[-121.909815,50.057982],[-121.914851,50.060842],[-121.913835,50.063437],[-121.920782,50.071372],[-121.937217,50.074492],[-121.943094,50.079879],[-121.950885,50.078349],[-121.949099,50.086672],[-121.956229,50.09098],[-121.965733,50.082691],[-121.974002,50.083318],[-121.983456,50.079607],[-121.991703,50.081612],[-121.993014,50.084181],[-121.998728,50.084355],[-122.002699,50.087647],[-122.013144,50.084786],[-122.024891,50.085937],[-122.033855,50.094764],[-122.042912,50.096997],[-122.055301,50.105757],[-122.059458,50.109995],[-122.058033,50.115919],[-122.067869,50.12009],[-122.071552,50.126425],[-122.086249,50.12092],[-122.093311,50.124302],[-122.100918,50.12426],[-122.106684,50.121798],[-122.109442,50.11613],[-122.116435,50.113137],[-122.117192,50.107219],[-122.131993,50.11234],[-122.147385,50.10963],[-122.156954,50.114997],[-122.171293,50.113284],[-122.178533,50.10944],[-122.197931,50.11115],[-122.210879,50.109624],[-122.223288,50.118877],[-122.229098,50.127254],[-122.245309,50.12656],[-122.257131,50.122094],[-122.260069,50.123938],[-122.638896,50.123971],[-122.639131,50.127408],[-122.656123,50.131489],[-122.660654,50.136467],[-122.660758,50.14547],[-122.654877,50.149788],[-122.658758,50.150516],[-122.664988,50.149442],[-122.670376,50.143976],[-122.6762,50.143202],[-122.683918,50.145241],[-122.689962,50.144176],[-122.695844,50.147879],[-122.704162,50.144941],[-122.718506,50.147352],[-122.739586,50.141839],[-122.743675,50.136401],[-122.749224,50.13935],[-122.755002,50.138908],[-122.763051,50.134445],[-122.768789,50.140051],[-122.782632,50.136418],[-122.783379,50.132003],[-122.792153,50.131857],[-122.78165,50.118527],[-122.795514,50.098637],[-122.805154,50.093287],[-122.805673,50.089357],[-122.801192,50.081102],[-122.803776,50.067876],[-122.800413,50.0567],[-122.793097,50.055653],[-122.78596,50.049075],[-122.791388,50.045937],[-122.792293,50.041297],[-122.763435,50.033849],[-122.763723,50.023497],[-122.754161,50.0206],[-122.74923,50.02138],[-122.744762,50.01628],[-122.720555,50.02413],[-122.703389,50.020913],[-122.680908,50.023885],[-122.680338,50.008817],[-122.687714,50.000848],[-122.684556,50.00001],[-122.685238,49.993676],[-122.670574,49.97955],[-122.677648,49.972905],[-122.690432,49.971285],[-122.707234,49.960854],[-122.713706,49.950272],[-122.736183,49.953403],[-122.748424,49.950172],[-122.757727,49.944463],[-122.76662,49.946079],[-122.770343,49.940873],[-122.767302,49.935749],[-122.775278,49.928633],[-122.78492,49.93165],[-122.790752,49.936307],[-122.79521,49.926637],[-122.805979,49.916393],[-122.82136,49.914254],[-122.828968,49.917568],[-122.850555,49.917256],[-122.856075,49.918939],[-122.865897,49.903607],[-122.873185,49.901974],[-122.874842,49.898428],[-122.885298,49.892571],[-122.900502,49.896509],[-122.910473,49.910679],[-122.930922,49.916278],[-122.939443,49.910019],[-122.948912,49.908083],[-122.951332,49.901992],[-122.963838,49.89929],[-122.967873,49.885253],[-122.985071,49.87683],[-122.986855,49.868214],[-123.004674,49.850951],[-122.997566,49.850897],[-122.990171,49.847599],[-122.97882,49.837512],[-122.965851,49.836642],[-122.960008,49.833001],[-122.953286,49.834276],[-122.936568,49.829707],[-122.915714,49.831068],[-122.90242,49.822263],[-122.881332,49.827352],[-122.874595,49.82507],[-122.869034,49.819775],[-122.874293,49.812747],[-122.870342,49.786806],[-122.864147,49.777658],[-122.858486,49.779485],[-122.850332,49.774733],[-122.859447,49.766592],[-122.859752,49.760392],[-122.844246,49.746476],[-122.852744,49.740848],[-122.847872,49.740985],[-122.829355,49.728087],[-122.828347,49.720651],[-122.823941,49.719158],[-122.822667,49.714587],[-122.806196,49.709115],[-122.809101,49.700506],[-122.815173,49.697341],[-122.811967,49.690779],[-122.820526,49.689659],[-122.826163,49.683318],[-122.840788,49.679165],[-122.853271,49.667489],[-122.844369,49.660462],[-122.827964,49.656328],[-122.827094,49.651685],[-122.82139,49.64673],[-122.825017,49.639548],[-122.813485,49.634718],[-122.818658,49.628937],[-122.804933,49.626141],[-122.803111,49.62303],[-122.818964,49.615979],[-122.820187,49.612188],[-122.847064,49.614035],[-122.847817,49.607785],[-122.836948,49.604514],[-122.836722,49.601815],[-122.825408,49.596024],[-122.831064,49.593145],[-122.830213,49.591105],[-122.813928,49.579252],[-122.814463,49.574006],[-122.803962,49.569817]]]},"properties":{"id":"FVRD","boundaryCode":"FVRD","boundaryName":"Fraser Valley Regional District","reportingName":"Fraser Valley","jurisdiction_count":7,"population_2015":296414,"vehicle_idling_population":0,"vehicle_idling_percent":0,"vehicle_idling_band":"0%","vehicle_idling_display":"Fraser Valley Regional District · 0% covered","vehicle_idling_details":"Vehicle idling: 0% of the regional district population covered (2015 population estimate).\nAbbotsford: no bylaw reported\nChilliwack: no bylaw reported\nFraser Valley RD-uninc: no bylaw reported\nHarrison: no bylaw reported\nHope: no bylaw reported\nKent: no bylaw reported\nMission: no bylaw reported","open_burning_population":131282,"open_burning_percent":44.3,"open_burning_band":"26–50%","open_burning_display":"Fraser Valley Regional District · 44.3% covered","open_burning_details":"Open burning: 44.3% of the regional district population covered (2015 population estimate).\nAbbotsford: no bylaw reported\nChilliwack: bylaw reported\nFraser Valley RD-uninc: no bylaw reported\nHarrison: no bylaw reported\nHope: bylaw reported\nKent: no bylaw reported\nMission: bylaw reported","solid_fuel_population":1378,"solid_fuel_percent":0.5,"solid_fuel_band":"1–25%","solid_fuel_display":"Fraser Valley Regional District · 0.5% covered","solid_fuel_details":"Solid fuel appliance: 0.5% of the regional district population covered (2015 population estimate).\nAbbotsford: no bylaw reported\nChilliwack: no bylaw reported\nFraser Valley RD-uninc: no bylaw reported\nHarrison: bylaw reported\nHope: no bylaw reported\nKent: no bylaw reported\nMission: no bylaw reported"},"id":"FVRD"},{"type":"Feature","geometry":{"type":"Polygon","coordinates":[[[-123.322775,49.00229],[-122.459541,49.002235],[-122.462378,49.171187],[-122.444815,49.171636],[-122.424639,49.168404],[-122.42421,49.265892],[-122.408068,49.265875],[-122.408182,49.353245],[-122.579513,49.353261],[-122.612665,49.350646],[-122.591103,49.358608],[-122.563948,49.387934],[-122.555499,49.415942],[-122.539369,49.435388],[-122.527168,49.460219],[-122.527221,49.465352],[-122.532952,49.472529],[-122.581689,49.490578],[-122.602299,49.524466],[-122.599378,49.540639],[-122.711087,49.54081],[-122.716989,49.552878],[-122.72878,49.56338],[-122.739283,49.561988],[-122.75291,49.567582],[-122.761453,49.561307],[-122.774866,49.561325],[-122.780451,49.561839],[-122.778868,49.569862],[-122.803962,49.569817],[-122.94031,49.569968],[-122.93946,49.564846],[-122.922289,49.553341],[-122.916908,49.546208],[-123.098286,49.546208],[-123.098287,49.482938],[-123.291081,49.485407],[-123.281968,49.477801],[-123.276636,49.451501],[-123.278774,49.447174],[-123.298599,49.436447],[-123.352973,49.424711],[-123.389267,49.413289],[-123.406589,49.403297],[-123.433143,49.378702],[-123.443098,49.366463],[-123.439125,49.353104],[-123.453913,49.297373],[-123.714812,49.29751],[-123.677159,49.284833],[-123.624052,49.272494],[-123.558834,49.244324],[-123.476469,49.183819],[-123.441455,49.131298],[-123.430027,49.122566],[-123.40272,49.101675],[-123.366776,49.051767],[-123.331761,49.024116],[-123.322775,49.00229]]]},"properties":{"id":"MVRD","boundaryCode":"MVRD","boundaryName":"Metro Vancouver Regional District","reportingName":"Greater Vancouver","jurisdiction_count":22,"population_2015":2513859,"vehicle_idling_population":1467659,"vehicle_idling_percent":58.4,"vehicle_idling_band":"51–75%","vehicle_idling_display":"Metro Vancouver Regional District · 58.4% covered","vehicle_idling_details":"Vehicle idling: 58.4% of the regional district population covered (2015 population estimate).\nAnmore: no bylaw reported\nBelcarra: no bylaw reported\nBowen Island: bylaw reported\nBurnaby: no bylaw reported\nCoquitlam: no bylaw reported\nDelta: no bylaw reported\nLangley (Town): no bylaw reported\nLangley City: no bylaw reported\nLions Bay: bylaw reported\nMaple Ridge: no bylaw reported\nMetro Vancouver RD-uninc: no bylaw reported\nNew West: bylaw reported\nNorth Vancouver (City): bylaw reported\nNorth Vancouver (District): bylaw reported\nPitt Meadows: no bylaw reported\nPort Coquitlam: no bylaw reported\nPort Moody: bylaw reported\nRichmond: no bylaw reported\nSurrey: bylaw reported\nVancouver (City): bylaw reported\nWest Vancouver: bylaw reported\nWhite Rock: no bylaw reported","open_burning_population":772836,"open_burning_percent":30.7,"open_burning_band":"26–50%","open_burning_display":"Metro Vancouver Regional District · 30.7% covered","open_burning_details":"Open burning: 30.7% of the regional district population covered (2015 population estimate).\nAnmore: no bylaw reported\nBelcarra: no bylaw reported\nBowen Island: no bylaw reported\nBurnaby: no bylaw reported\nCoquitlam: no bylaw reported\nDelta: no bylaw reported\nLangley (Town): bylaw reported\nLangley City: bylaw reported\nLions Bay: bylaw reported\nMaple Ridge: bylaw reported\nMetro Vancouver RD-uninc: no bylaw reported\nNew West: no bylaw reported\nNorth Vancouver (City): no bylaw reported\nNorth Vancouver (District): no bylaw reported\nPitt Meadows: bylaw reported\nPort Coquitlam: no bylaw reported\nPort Moody: no bylaw reported\nRichmond: no bylaw reported\nSurrey: bylaw reported\nVancouver (City): no bylaw reported\nWest Vancouver: no bylaw reported\nWhite Rock: no bylaw reported","solid_fuel_population":878386,"solid_fuel_percent":34.9,"solid_fuel_band":"26–50%","solid_fuel_display":"Metro Vancouver Regional District · 34.9% covered","solid_fuel_details":"Solid fuel appliance: 34.9% of the regional district population covered (2015 population estimate).\nAnmore: no bylaw reported\nBelcarra: no bylaw reported\nBowen Island: no bylaw reported\nBurnaby: no bylaw reported\nCoquitlam: no bylaw reported\nDelta: no bylaw reported\nLangley (Town): bylaw reported\nLangley City: no bylaw reported\nLions Bay: no bylaw reported\nMaple Ridge: no bylaw reported\nMetro Vancouver RD-uninc: bylaw reported\nNew West: no bylaw reported\nNorth Vancouver (City): no bylaw reported\nNorth Vancouver (District): bylaw reported\nPitt Meadows: no bylaw reported\nPort Coquitlam: no bylaw reported\nPort Moody: no bylaw reported\nRichmond: no bylaw reported\nSurrey: no bylaw reported\nVancouver (City): bylaw reported\nWest Vancouver: no bylaw reported\nWhite Rock: no bylaw reported"},"id":"MVRD"},{"type":"Feature","geometry":{"type":"Polygon","coordinates":[[[-129.026587,51.608302],[-130.639895,52.862189],[-130.079582,53.039442],[-129.85738,53.105872],[-129.796056,53.131744],[-129.78611,53.132844],[-129.774679,53.137745],[-129.751722,53.138397],[-129.746186,53.142457],[-129.731715,53.145482],[-129.717658,53.15161],[-129.656706,53.165089],[-129.63361,53.182595],[-129.539972,53.200693],[-129.484896,53.198627],[-129.430678,53.209761],[-129.426198,53.214642],[-129.425502,53.241534],[-129.439358,53.251347],[-129.442208,53.257319],[-129.438209,53.265919],[-129.427615,53.274581],[-129.399875,53.284998],[-129.321157,53.295685],[-129.309729,53.29889],[-129.305931,53.307207],[-129.311832,53.331067],[-129.305004,53.343876],[-129.29914,53.348033],[-129.291832,53.348736],[-129.278778,53.345405],[-129.258639,53.344182],[-129.240963,53.339316],[-129.203672,53.334169],[-129.194426,53.345485],[-129.192838,53.371002],[-129.195864,53.389568],[-129.209921,53.426036],[-129.210229,53.439308],[-129.201868,53.452324],[-129.209596,53.487556],[-129.201956,53.521427],[-129.203464,53.545376],[-129.21036,53.572506],[-129.216645,53.582342],[-129.216349,53.598539],[-129.210336,53.608135],[-129.207905,53.622547],[-129.201586,53.630855],[-129.23158,53.630846],[-129.376083,53.758177],[-129.375989,54.350047],[-129.41139,54.346351],[-129.414225,54.351881],[-129.422118,54.35594],[-129.422203,54.362734],[-129.430246,54.366534],[-129.454906,54.359687],[-129.46851,54.361242],[-129.477112,54.36785],[-129.476331,54.377497],[-129.490963,54.378031],[-129.498936,54.381692],[-129.498411,54.387941],[-129.504911,54.394313],[-129.500319,54.399158],[-129.501777,54.402487],[-129.49257,54.409391],[-129.504511,54.415687],[-129.511563,54.422604],[-129.510009,54.427806],[-129.519247,54.431865],[-129.528761,54.442833],[-129.567662,54.451473],[-129.579294,54.45823],[-129.582665,54.463148],[-129.590877,54.463845],[-129.598944,54.469674],[-129.622418,54.467947],[-129.629167,54.470496],[-129.640483,54.469785],[-129.646886,54.474595],[-129.667568,54.477646],[-129.684866,54.473912],[-129.684808,54.482322],[-129.696726,54.485493],[-129.693096,54.495372],[-129.683567,54.498483],[-129.678031,54.504676],[-129.684613,54.517751],[-129.690025,54.518988],[-129.686136,54.525669],[-129.690021,54.529736],[-129.674857,54.540077],[-129.668607,54.541334],[-129.664711,54.547943],[-129.658394,54.550206],[-129.652939,54.561011],[-129.65702,54.566705],[-129.670022,54.572362],[-129.686468,54.571278],[-129.691625,54.578791],[-129.69094,54.585265],[-129.696778,54.591862],[-129.694657,54.598876],[-129.688491,54.59768],[-129.669853,54.605118],[-129.669422,54.612588],[-129.654467,54.623617],[-129.647013,54.625257],[-129.644283,54.623109],[-129.628662,54.623026],[-129.604693,54.627102],[-129.602856,54.630643],[-129.586084,54.632056],[-129.558908,54.621615],[-129.544597,54.613431],[-129.53872,54.608118],[-129.536589,54.58974],[-129.514375,54.584238],[-129.507192,54.594001],[-129.490047,54.595581],[-129.488028,54.606626],[-129.481208,54.616449],[-129.462896,54.619792],[-129.454742,54.624622],[-129.466173,54.63823],[-129.463207,54.64987],[-129.477435,54.655243],[-129.487283,54.65054],[-129.500323,54.64842],[-129.522752,54.651201],[-129.549586,54.671138],[-129.566267,54.674201],[-129.57881,54.672795],[-129.593398,54.675805],[-129.613038,54.673738],[-129.621855,54.675783],[-129.631205,54.673709],[-129.644151,54.678458],[-129.645944,54.681927],[-129.661898,54.679639],[-129.687063,54.684747],[-129.685683,54.696708],[-129.679703,54.703796],[-129.682918,54.712732],[-129.691867,54.717298],[-129.692602,54.727632],[-129.698847,54.730505],[-129.703592,54.739069],[-129.723702,54.736156],[-129.740668,54.725976],[-129.75942,54.721836],[-129.77063,54.73113],[-129.768833,54.733532],[-129.775521,54.737327],[-129.787917,54.739817],[-129.808158,54.738224],[-129.820532,54.72654],[-129.849504,54.724186],[-129.853135,54.722174],[-129.871748,54.722456],[-129.873171,54.719318],[-129.897266,54.705257],[-129.915249,54.706444],[-129.925053,54.702828],[-129.925236,54.704723],[-129.934812,54.706753],[-129.941753,54.702888],[-129.949977,54.709466],[-129.965118,54.715044],[-129.973887,54.711046],[-129.971352,54.707607],[-129.962967,54.705472],[-129.957966,54.699391],[-129.963913,54.693664],[-129.975642,54.697028],[-129.9913,54.693766],[-130.001022,54.70235],[-130.010312,54.700242],[-130.012989,54.701775],[-130.024159,54.696738],[-130.038714,54.700397],[-130.054121,54.69907],[-130.055672,54.703828],[-130.064704,54.708584],[-130.077724,54.708338],[-130.086283,54.718009],[-130.112057,54.716409],[-130.115576,54.719073],[-130.123334,54.719442],[-130.131013,54.727767],[-130.13771,54.728844],[-130.148813,54.728847],[-130.154774,54.723838],[-130.163202,54.721924],[-130.17721,54.722517],[-130.187774,54.728786],[-130.206618,54.723785],[-130.224403,54.724009],[-130.226781,54.720237],[-130.24258,54.717487],[-130.249652,54.713234],[-130.282068,54.708231],[-130.298397,54.702879],[-130.308502,54.703698],[-130.32322,54.69953],[-130.344318,54.700774],[-130.352263,54.699287],[-130.373918,54.686861],[-130.615683,54.686861],[-130.615683,54.707473],[-132.698923,54.680626],[-133.158059,54.194699],[-133.161927,54.174187],[-133.153799,54.153299],[-133.173739,54.134222],[-133.176692,54.119266],[-133.164751,54.086906],[-133.147792,54.072828],[-133.140731,54.047541],[-133.177102,54.02617],[-133.188555,54.012709],[-133.196405,53.991811],[-133.192915,53.971667],[-133.204109,53.958435],[-133.207292,53.943463],[-133.218392,53.933852],[-133.225674,53.919422],[-133.220832,53.879755],[-133.204928,53.84847],[-133.182295,53.829531],[-133.193313,53.81489],[-133.198506,53.801585],[-133.197002,53.786554],[-133.18308,53.759751],[-133.169105,53.747176],[-133.119773,53.726122],[-133.09378,53.72177],[-133.085712,53.717771],[-133.09747,53.704083],[-133.098589,53.681649],[-133.06774,53.645601],[-133.041348,53.631319],[-133.061619,53.620004],[-133.075576,53.599215],[-133.074881,53.580418],[-133.064632,53.566353],[-133.063065,53.553756],[-133.045222,53.533988],[-133.016482,53.520377],[-133.014758,53.511124],[-133.004797,53.497286],[-132.9811,53.482829],[-132.970033,53.478774],[-132.970485,53.458304],[-132.960551,53.444461],[-132.943294,53.433479],[-132.920795,53.426679],[-132.869536,53.423755],[-132.845643,53.426544],[-132.817432,53.426238],[-132.767258,53.410297],[-132.78995,53.393866],[-132.796447,53.383793],[-132.800373,53.366154],[-132.814719,53.359634],[-132.829844,53.347596],[-132.838574,53.33066],[-132.837327,53.312363],[-132.827473,53.298507],[-132.813881,53.287388],[-132.785179,53.276252],[-132.789659,53.260631],[-132.788328,53.245591],[-132.770746,53.225776],[-132.757546,53.21874],[-132.73519,53.211903],[-132.705125,53.210221],[-132.678329,53.214324],[-132.666222,53.209977],[-132.664358,53.189962],[-132.651498,53.172184],[-132.662936,53.148784],[-132.668201,53.127768],[-132.663351,53.114203],[-132.649681,53.097777],[-132.649513,53.077364],[-132.639776,53.06349],[-132.605137,53.039644],[-132.595915,53.025072],[-132.575235,53.008952],[-132.529162,52.989945],[-132.492798,52.985203],[-132.452773,52.991159],[-132.425352,52.984244],[-132.394076,52.983625],[-132.414017,52.973059],[-132.425448,52.95967],[-132.435256,52.93691],[-132.43455,52.917647],[-132.417268,52.897774],[-132.396845,52.888409],[-132.390587,52.875453],[-132.377139,52.862776],[-132.336614,52.841965],[-132.328156,52.815491],[-132.287698,52.770854],[-132.267965,52.761706],[-132.245823,52.757242],[-132.221356,52.742172],[-132.195524,52.718476],[-132.165352,52.70513],[-132.157754,52.696162],[-132.135913,52.683086],[-132.111526,52.661403],[-132.051823,52.633725],[-132.033813,52.619744],[-132.005369,52.606706],[-131.973465,52.572278],[-131.948673,52.551629],[-131.934213,52.542685],[-131.897823,52.527683],[-131.833119,52.480017],[-131.805514,52.46598],[-131.723117,52.441606],[-131.715576,52.431886],[-131.696752,52.418124],[-131.687194,52.405065],[-131.668798,52.392215],[-131.670213,52.378483],[-131.664919,52.362201],[-131.616654,52.299774],[-131.600423,52.290092],[-131.577042,52.282692],[-131.554826,52.259425],[-131.530773,52.243193],[-131.510922,52.23576],[-131.494172,52.204281],[-131.474031,52.186135],[-131.456102,52.176993],[-131.440334,52.164107],[-131.410319,52.148669],[-131.382956,52.140483],[-131.377774,52.1302],[-131.367618,52.120351],[-131.352938,52.11165],[-131.332,52.105331],[-131.316832,52.091078],[-131.301304,52.083],[-131.292848,52.071096],[-131.281463,52.062346],[-131.244348,52.046833],[-131.230905,52.043382],[-131.208567,52.041571],[-131.184708,52.044252],[-131.170018,52.02561],[-131.17996,52.006577],[-131.174255,51.984717],[-131.130771,51.942973],[-131.103403,51.925183],[-129.447938,51.000047],[-129.026587,51.608302]]]},"properties":{"id":"NCRD","boundaryCode":"NCRD","boundaryName":"North Coast Regional District","reportingName":"Skeena-Queen Charlotte","jurisdiction_count":6,"population_2015":17533,"vehicle_idling_population":0,"vehicle_idling_percent":0,"vehicle_idling_band":"0%","vehicle_idling_display":"North Coast Regional District · 0% covered","vehicle_idling_details":"Vehicle idling: 0% of the regional district population covered (2015 population estimate).\nMasset: no bylaw reported\nPort Clements: no bylaw reported\nPort Edward: no bylaw reported\nPrince Rupert: no bylaw reported\nQueen Charlotte (Village): no bylaw reported\nSkeena-Queen Charlotte RD-uninc: no bylaw reported","open_burning_population":500,"open_burning_percent":2.9,"open_burning_band":"1–25%","open_burning_display":"North Coast Regional District · 2.9% covered","open_burning_details":"Open burning: 2.9% of the regional district population covered (2015 population estimate).\nMasset: no bylaw reported\nPort Clements: no bylaw reported\nPort Edward: bylaw reported\nPrince Rupert: no bylaw reported\nQueen Charlotte (Village): no bylaw reported\nSkeena-Queen Charlotte RD-uninc: no bylaw reported","solid_fuel_population":0,"solid_fuel_percent":0,"solid_fuel_band":"0%","solid_fuel_display":"North Coast Regional District · 0% covered","solid_fuel_details":"Solid fuel appliance: 0% of the regional district population covered (2015 population estimate).\nMasset: no bylaw reported\nPort Clements: no bylaw reported\nPort Edward: no bylaw reported\nPrince Rupert: no bylaw reported\nQueen Charlotte (Village): no bylaw reported\nSkeena-Queen Charlotte RD-uninc: no bylaw reported"},"id":"NCRD"},{"type":"Feature","geometry":{"type":"Polygon","coordinates":[[[-123.935575,55.556685],[-123.939556,55.560081],[-123.935776,55.572463],[-123.940617,55.576524],[-123.938347,55.579174],[-123.95293,55.582656],[-123.963242,55.589818],[-123.956999,55.603867],[-123.968066,55.609181],[-123.977168,55.610013],[-123.979135,55.613146],[-123.975303,55.615118],[-123.974702,55.620064],[-123.958744,55.627687],[-123.950364,55.63675],[-123.922443,55.642352],[-123.908074,55.647801],[-123.903071,55.652512],[-123.896421,55.651282],[-123.880661,55.653843],[-123.875055,55.657604],[-123.87611,55.662871],[-123.870586,55.660367],[-123.857218,55.660362],[-123.847792,55.674388],[-123.829013,55.673328],[-123.818101,55.674899],[-123.816681,55.702171],[-123.803433,55.703274],[-123.804836,55.715764],[-123.80158,55.717699],[-123.797103,55.716704],[-123.794225,55.730201],[-123.789489,55.732253],[-123.794348,55.736265],[-123.796643,55.756675],[-123.802552,55.75731],[-123.804845,55.761123],[-123.814848,55.758577],[-123.816185,55.769189],[-123.82275,55.765282],[-123.823484,55.76658],[-123.822684,55.787142],[-123.828975,55.791253],[-123.823617,55.799619],[-123.83355,55.79788],[-123.838567,55.801962],[-123.854873,55.796652],[-123.86298,55.799322],[-123.874211,55.822129],[-123.866609,55.828383],[-123.86964,55.83034],[-123.868135,55.834785],[-123.872762,55.838058],[-123.876611,55.836503],[-123.883376,55.84379],[-123.889705,55.844329],[-123.888546,55.846728],[-123.891721,55.84515],[-123.894897,55.854649],[-123.908385,55.863552],[-123.905451,55.874647],[-123.919603,55.884248],[-123.927301,55.88552],[-123.929216,55.906532],[-123.925629,55.909677],[-123.92564,55.917584],[-123.932654,55.919166],[-123.815115,55.991883],[-123.807481,55.99319],[-123.803668,55.990287],[-123.808034,55.985825],[-123.800488,55.972921],[-123.793943,55.969396],[-123.787176,55.969125],[-123.787208,55.964372],[-123.777174,55.962503],[-123.770917,55.955552],[-123.764602,55.955358],[-123.767281,55.957156],[-123.758727,55.961244],[-123.749981,55.957928],[-123.733396,55.961756],[-123.730702,55.96755],[-123.720217,55.970613],[-123.713636,55.961279],[-123.70229,55.956546],[-123.695922,55.944452],[-123.678194,55.941505],[-123.684554,55.933527],[-123.680738,55.920403],[-123.685604,55.91777],[-123.684835,55.914081],[-123.667303,55.913306],[-123.6571,55.901848],[-123.645577,55.897901],[-123.641734,55.89176],[-123.636829,55.890069],[-123.628653,55.891702],[-123.604933,55.881964],[-123.595254,55.884563],[-123.582774,55.88104],[-123.578209,55.871463],[-123.56777,55.86844],[-123.532289,55.865209],[-123.521014,55.871574],[-123.526259,55.875362],[-123.512508,55.882168],[-123.500407,55.879719],[-123.496323,55.876636],[-123.487256,55.876214],[-123.480557,55.879978],[-123.46032,55.884428],[-123.443636,55.883031],[-123.432722,55.885548],[-123.429808,55.877264],[-123.423589,55.87273],[-123.40973,55.86854],[-123.406725,55.865098],[-123.392809,55.867998],[-123.388616,55.859403],[-123.373312,55.862757],[-123.367562,55.860711],[-123.363197,55.852445],[-123.367381,55.852334],[-123.374933,55.846935],[-123.385378,55.835683],[-123.366237,55.82912],[-123.351536,55.831672],[-123.338822,55.824031],[-123.342275,55.810868],[-123.316652,55.797494],[-123.318632,55.788663],[-123.30837,55.77481],[-123.316667,55.771814],[-123.310871,55.761918],[-123.311017,55.756958],[-123.318592,55.753564],[-123.316853,55.751534],[-123.325367,55.750353],[-123.334747,55.744316],[-123.339793,55.74574],[-123.350214,55.742521],[-123.343795,55.733545],[-123.346819,55.72969],[-123.333497,55.724814],[-123.330562,55.712843],[-123.30763,55.711177],[-123.263752,55.698541],[-123.245342,55.7061],[-123.238887,55.713226],[-123.220944,55.712271],[-123.212087,55.713643],[-123.20433,55.718742],[-123.194966,55.717886],[-123.191663,55.719518],[-123.200199,55.729541],[-123.190781,55.73775],[-123.180683,55.737631],[-123.169473,55.741816],[-123.146523,55.733875],[-123.144016,55.727708],[-123.136285,55.72518],[-123.14291,55.716951],[-123.141426,55.707117],[-123.12542,55.693237],[-123.127028,55.688925],[-123.137204,55.682221],[-123.128059,55.67807],[-123.129659,55.665044],[-123.132387,55.66022],[-123.144991,55.655596],[-123.151693,55.646171],[-123.150609,55.64124],[-123.139501,55.640309],[-123.13771,55.634918],[-123.125596,55.629128],[-123.119066,55.630641],[-123.10171,55.629178],[-123.074336,55.624749],[-123.078641,55.607961],[-123.068921,55.590408],[-123.074936,55.589571],[-123.079337,55.584922],[-123.073796,55.585339],[-123.071048,55.580327],[-123.061137,55.576368],[-123.055234,55.569732],[-123.046176,55.56704],[-123.039547,55.559702],[-123.025511,55.562329],[-123.003624,55.560925],[-122.975079,55.576321],[-122.969272,55.583147],[-122.957864,55.584941],[-122.947105,55.575547],[-122.931461,55.569752],[-122.930346,55.563453],[-122.944924,55.558509],[-122.94842,55.552427],[-122.956066,55.547794],[-122.943574,55.538551],[-122.94661,55.531391],[-122.941826,55.530859],[-122.944665,55.528955],[-122.940029,55.525008],[-122.944312,55.520904],[-122.944809,55.511205],[-122.955715,55.506882],[-122.957572,55.50257],[-122.966123,55.501045],[-122.955666,55.494859],[-122.955639,55.490115],[-122.960502,55.485875],[-122.957752,55.483152],[-122.931508,55.469814],[-122.934921,55.466533],[-122.932836,55.460559],[-122.950845,55.459253],[-122.968877,55.461167],[-122.981337,55.465554],[-122.999035,55.463049],[-123.001138,55.457244],[-122.996759,55.45081],[-123.006054,55.443999],[-123.00166,55.439893],[-123.008171,55.436505],[-122.98349,55.422207],[-122.987519,55.420285],[-122.986715,55.415415],[-122.994773,55.404318],[-122.986544,55.397502],[-122.978208,55.402725],[-122.973959,55.402102],[-122.967216,55.404915],[-122.959401,55.402876],[-122.948781,55.409267],[-122.936047,55.411876],[-122.919985,55.41086],[-122.911953,55.414521],[-122.898208,55.41584],[-122.890116,55.422914],[-122.889972,55.417657],[-122.868634,55.413335],[-122.881479,55.408253],[-122.882554,55.399715],[-122.874886,55.39718],[-122.853019,55.397409],[-122.847503,55.394683],[-122.846431,55.38625],[-122.854878,55.381363],[-122.850625,55.377325],[-122.842742,55.377097],[-122.820452,55.38554],[-122.812245,55.385438],[-122.800129,55.380084],[-122.791672,55.380579],[-122.772221,55.368009],[-122.76497,55.369536],[-122.752653,55.363523],[-122.756448,55.354392],[-122.741459,55.345654],[-122.725085,55.342195],[-122.712111,55.346047],[-122.705908,55.345561],[-122.699438,55.338572],[-122.694111,55.336837],[-122.681473,55.338018],[-122.677624,55.335516],[-122.659182,55.341571],[-122.652639,55.346917],[-122.6472,55.359149],[-122.648267,55.36333],[-122.653094,55.365231],[-122.646967,55.369401],[-122.641835,55.383854],[-122.626973,55.389812],[-122.622768,55.395424],[-122.610937,55.399215],[-122.605887,55.408481],[-122.600227,55.410593],[-122.582464,55.399534],[-122.578252,55.393266],[-122.570106,55.390362],[-122.567118,55.379146],[-122.557644,55.371133],[-122.56015,55.367098],[-122.547623,55.36565],[-122.544738,55.360591],[-122.528658,55.349907],[-122.523834,55.352324],[-122.51963,55.35051],[-122.513865,55.34479],[-122.51713,55.342062],[-122.513032,55.332978],[-122.494932,55.325792],[-122.485959,55.315193],[-122.462617,55.30988],[-122.448641,55.314518],[-122.440615,55.312711],[-122.431738,55.315402],[-122.428311,55.309192],[-122.418315,55.307745],[-122.417727,55.304804],[-122.404678,55.298936],[-122.403674,55.2899],[-122.38605,55.283289],[-122.386337,55.280028],[-122.376284,55.274931],[-122.37416,55.269516],[-122.360262,55.262713],[-122.361241,55.255655],[-122.349537,55.254791],[-122.344441,55.246849],[-122.338163,55.24598],[-122.334298,55.23853],[-122.326782,55.236239],[-122.325875,55.233179],[-122.334129,55.229504],[-122.332882,55.227277],[-122.315981,55.221441],[-122.303844,55.222406],[-122.30256,55.220341],[-122.2824,55.217304],[-122.278515,55.21194],[-122.268956,55.209576],[-122.26525,55.198573],[-122.254238,55.19767],[-122.24897,55.194823],[-122.247827,55.191889],[-122.250699,55.191202],[-122.257708,55.19017],[-122.267771,55.192199],[-122.280417,55.189569],[-122.290564,55.180696],[-122.288472,55.177368],[-122.296976,55.169734],[-122.280336,55.155708],[-122.291528,55.150247],[-122.265177,55.135146],[-122.264414,55.131403],[-122.249049,55.131947],[-122.234766,55.13983],[-122.223005,55.135902],[-122.207653,55.138497],[-122.192809,55.137888],[-122.183372,55.131699],[-122.177317,55.122291],[-122.181825,55.119616],[-122.171978,55.106265],[-122.173791,55.099405],[-122.153807,55.093598],[-122.149158,55.094796],[-122.138622,55.092889],[-122.127655,55.09787],[-122.12694,55.101883],[-122.108463,55.100428],[-122.102154,55.095424],[-122.101763,55.090836],[-122.088805,55.085481],[-122.06957,55.067084],[-122.057506,55.066676],[-122.054217,55.063398],[-122.03659,55.057415],[-122.03837,55.053391],[-122.028895,55.050563],[-122.029825,55.046392],[-122.021658,55.042417],[-122.023744,55.036457],[-122.015461,55.033275],[-122.013184,55.02916],[-121.977731,55.02268],[-121.969289,55.016983],[-121.966785,55.011779],[-121.956213,55.011003],[-121.94572,55.006833],[-121.937467,54.999032],[-121.944213,54.995128],[-121.943685,54.992634],[-121.924323,54.984295],[-121.92162,54.978414],[-121.923753,54.97367],[-121.914757,54.96522],[-121.902263,54.961702],[-121.896382,54.95463],[-121.878107,54.953819],[-121.865972,54.935396],[-121.848687,54.927436],[-121.857139,54.914994],[-121.86928,54.913723],[-121.8744,54.909142],[-121.874612,54.903797],[-121.869117,54.898408],[-121.853569,54.896222],[-121.858696,54.890824],[-121.876245,54.881552],[-121.876764,54.878572],[-121.871883,54.877008],[-121.875527,54.872647],[-121.870068,54.866617],[-121.859903,54.864638],[-121.857492,54.861748],[-121.84903,54.864562],[-121.836997,54.859271],[-121.833901,54.860751],[-121.829243,54.858594],[-121.822899,54.860312],[-121.814247,54.85888],[-121.809497,54.854078],[-121.802582,54.854029],[-121.797997,54.843747],[-121.794292,54.845769],[-121.782593,54.841203],[-121.779035,54.851791],[-121.765509,54.849901],[-121.763702,54.85603],[-121.756424,54.85663],[-121.749798,54.864857],[-121.740758,54.868467],[-121.745309,54.880979],[-121.737206,54.880177],[-121.732137,54.881966],[-121.731404,54.887449],[-121.71531,54.878266],[-121.706675,54.881688],[-121.69924,54.878752],[-121.686947,54.870458],[-121.680846,54.862106],[-121.674076,54.861379],[-121.668051,54.856511],[-121.650293,54.855065],[-121.646578,54.850638],[-121.648804,54.846034],[-121.643711,54.842784],[-121.631997,54.841946],[-121.628532,54.839001],[-121.619784,54.837934],[-121.609186,54.829625],[-121.590826,54.824389],[-121.559867,54.820374],[-121.544603,54.805958],[-121.545902,54.803565],[-121.539576,54.80038],[-121.530359,54.80016],[-121.524696,54.795454],[-121.522442,54.788605],[-121.528506,54.769281],[-121.509401,54.762596],[-121.50093,54.755023],[-121.492999,54.754341],[-121.500453,54.749418],[-121.500907,54.739681],[-121.474869,54.724032],[-121.481734,54.721502],[-121.483858,54.717547],[-121.47963,54.710906],[-121.490216,54.694645],[-121.495077,54.692431],[-121.499982,54.69322],[-121.520801,54.68438],[-121.518205,54.677293],[-121.514274,54.676519],[-121.517826,54.674381],[-121.516466,54.671367],[-121.528358,54.668878],[-121.529339,54.665384],[-121.524912,54.663408],[-121.528144,54.661496],[-121.525418,54.652439],[-121.529667,54.65197],[-121.514118,54.645641],[-121.508695,54.638402],[-121.50253,54.63749],[-121.50457,54.63215],[-121.495066,54.63107],[-121.494018,54.627579],[-121.48989,54.626943],[-121.49904,54.622446],[-121.497992,54.617265],[-121.488686,54.611264],[-121.488128,54.607615],[-121.474858,54.607646],[-121.472518,54.61016],[-121.453824,54.609438],[-121.459278,54.601428],[-121.454877,54.594461],[-121.441932,54.58633],[-121.450626,54.575837],[-121.448552,54.562003],[-121.426858,54.570297],[-121.412874,54.569468],[-121.405513,54.566234],[-121.405957,54.544917],[-121.399626,54.540556],[-121.398351,54.533108],[-121.389783,54.532859],[-121.369721,54.538797],[-121.355919,54.538977],[-121.354667,54.535472],[-121.338781,54.525581],[-121.322024,54.523821],[-121.315955,54.517852],[-121.317739,54.515295],[-121.297423,54.518282],[-121.288995,54.514775],[-121.28629,54.516273],[-121.282669,54.514928],[-121.270337,54.517224],[-121.270433,54.524092],[-121.263303,54.525689],[-121.268612,54.543005],[-121.25712,54.546314],[-121.25324,54.555516],[-121.249744,54.548225],[-121.242637,54.545263],[-121.230076,54.545506],[-121.217766,54.549367],[-121.209971,54.543751],[-121.202563,54.547686],[-121.202726,54.553117],[-121.197704,54.548818],[-121.184299,54.54708],[-121.161568,54.548154],[-121.147608,54.553221],[-121.133745,54.550905],[-121.127455,54.549252],[-121.121832,54.541048],[-121.132635,54.529269],[-121.130819,54.521664],[-121.136203,54.513158],[-121.131832,54.50455],[-121.120763,54.501059],[-121.13113,54.490912],[-121.129693,54.480379],[-121.116268,54.469519],[-121.108314,54.468658],[-121.100776,54.462148],[-121.074984,54.448859],[-121.066048,54.454532],[-121.063986,54.465843],[-121.061579,54.461709],[-121.044988,54.453139],[-121.036673,54.453915],[-121.029152,54.450673],[-121.023578,54.453548],[-121.029623,54.459277],[-121.024118,54.462834],[-121.014771,54.462447],[-121.002884,54.466368],[-120.983519,54.461693],[-120.956131,54.463482],[-120.941379,54.458863],[-120.941247,54.453513],[-120.93615,54.449956],[-120.929398,54.454128],[-120.920777,54.452569],[-120.907567,54.458489],[-120.877005,54.461911],[-120.881097,54.471718],[-120.875979,54.476959],[-120.877177,54.481843],[-120.873835,54.482881],[-120.879237,54.485387],[-120.877937,54.488625],[-120.875362,54.486764],[-120.858773,54.485818],[-120.82566,54.493476],[-120.816815,54.487627],[-120.821851,54.469256],[-120.816363,54.466556],[-120.803237,54.46826],[-120.797207,54.466937],[-120.805859,54.460119],[-120.807251,54.450399],[-120.80389,54.448765],[-120.803141,54.441527],[-120.806597,54.433919],[-120.804667,54.427915],[-120.797491,54.424305],[-120.799953,54.421785],[-120.795743,54.416465],[-120.785855,54.413647],[-120.789642,54.407729],[-120.784915,54.401359],[-120.781655,54.401689],[-120.774887,54.39657],[-120.765819,54.396368],[-120.756086,54.39884],[-120.745443,54.408036],[-120.734233,54.409273],[-120.732425,54.406578],[-120.702421,54.398046],[-120.694855,54.390638],[-120.682299,54.386174],[-120.659259,54.35866],[-120.678218,54.348643],[-120.69171,54.351185],[-120.699843,54.348228],[-120.702205,54.34375],[-120.693574,54.334787],[-120.697028,54.329567],[-120.68483,54.324102],[-120.69277,54.319912],[-120.691249,54.314669],[-120.701407,54.307033],[-120.707981,54.308803],[-120.713761,54.3052],[-120.730533,54.301642],[-120.729841,54.299229],[-120.720616,54.29438],[-120.703043,54.293957],[-120.681283,54.282447],[-120.654637,54.289335],[-120.634163,54.28083],[-120.625641,54.286614],[-120.628391,54.292233],[-120.608722,54.290082],[-120.590754,54.277003],[-120.597695,54.270184],[-120.583465,54.259273],[-120.586192,54.250194],[-120.5804,54.247033],[-120.578995,54.241752],[-120.580636,54.236265],[-120.586962,54.233622],[-120.586765,54.22987],[-120.572265,54.223312],[-120.57306,54.216577],[-120.566999,54.209559],[-120.577109,54.199289],[-120.57249,54.192301],[-120.586902,54.180966],[-120.586696,54.178007],[-120.560092,54.161259],[-120.55172,54.14478],[-120.547216,54.145848],[-120.536983,54.140758],[-120.536135,54.136209],[-120.51199,54.128574],[-120.498905,54.131575],[-120.490883,54.130808],[-120.482099,54.135819],[-120.461536,54.132492],[-120.457544,54.127022],[-120.444015,54.119226],[-120.438543,54.118923],[-120.434476,54.114395],[-120.425738,54.117364],[-120.417293,54.11659],[-120.407199,54.123895],[-120.399776,54.124807],[-120.395481,54.120219],[-120.39029,54.120358],[-120.37645,54.113899],[-120.34278,54.115407],[-120.337908,54.11262],[-120.335462,54.106398],[-120.325092,54.103013],[-120.325399,54.104742],[-120.316322,54.107564],[-120.31658,54.109974],[-120.278817,54.118832],[-120.264537,54.112369],[-120.255272,54.114764],[-120.240568,54.113813],[-120.235498,54.111119],[-120.20924,54.114073],[-120.205043,54.112546],[-120.188837,54.118723],[-120.183889,54.117519],[-120.180107,54.107711],[-120.189022,54.098914],[-120.189443,54.091369],[-120.178678,54.09153],[-120.173934,54.089584],[-120.166853,54.071633],[-120.177847,54.053683],[-120.176987,54.046444],[-120.185403,54.043081],[-120.194711,54.044377],[-120.198569,54.033372],[-120.207256,54.029627],[-120.230205,54.043393],[-120.235835,54.040745],[-120.237978,54.034932],[-120.242996,54.0295],[-120.25117,54.026207],[-120.255366,54.019198],[-120.254353,54.012434],[-120.262911,54.002991],[-120.259065,53.990927],[-120.263448,53.981793],[-120.24837,53.975649],[-120.233695,53.979133],[-120.222434,53.974378],[-120.207286,53.974188],[-120.212267,53.95945],[-120.220743,53.948462],[-120.213358,53.939677],[-120.201955,53.93586],[-120.196466,53.944768],[-120.176843,53.943161],[-120.170357,53.940289],[-120.156107,53.942542],[-120.15047,53.945861],[-120.150571,53.952868],[-120.141845,53.957094],[-120.137111,53.963713],[-120.142684,53.967444],[-120.141152,53.971943],[-120.130219,53.971517],[-120.125697,53.974726],[-120.114292,53.976],[-120.102663,53.986195],[-120.087243,53.983735],[-120.078031,53.979555],[-120.074656,53.971274],[-120.063073,53.96075],[-120.069204,53.942772],[-120.058884,53.938689],[-120.064171,53.928729],[-120.062417,53.923963],[-120.055609,53.920058],[-120.069458,53.913951],[-120.070304,53.904138],[-120.049228,53.882262],[-120.037226,53.874938],[-120.027318,53.872109],[-120.021674,53.866331],[-120.025694,53.858462],[-120.053357,53.84917],[-120.059045,53.845188],[-120.048372,53.841895],[-120.04726,53.833757],[-120.051202,53.827571],[-120.041935,53.81442],[-120.044697,53.80519],[-120.031223,53.805808],[-120.028356,53.802868],[-120.009199,53.796406],[-120.001343,53.798785],[-120.001284,58],[-121,58],[-122,58],[-123,58],[-124,58],[-124.943249,58],[-124.939381,57.997084],[-124.943395,57.993096],[-124.94744,57.994881],[-124.951845,57.993848],[-124.956584,57.991655],[-124.955525,57.988427],[-124.960881,57.987111],[-124.968627,57.989402],[-124.972358,57.994501],[-124.984555,57.993036],[-124.98986,58.003267],[-124.99929,58.002101],[-125.005589,58.006704],[-125.019991,58.000375],[-125.027267,58.000655],[-125.028116,58.005333],[-125.039007,58.012028],[-125.046348,58.013473],[-125.050635,58.018061],[-125.057745,58.019518],[-125.058827,58.024218],[-125.092571,58.014539],[-125.130141,58.026836],[-125.144628,58.028371],[-125.151752,58.027137],[-125.153601,58.023808],[-125.169945,58.021608],[-125.187598,58.023408],[-125.202649,58.01971],[-125.204332,58.012945],[-125.211124,58.010584],[-125.211823,58.003805],[-125.223206,58.001721],[-125.220594,57.996762],[-125.226289,57.995557],[-125.228656,57.990888],[-125.243533,57.983663],[-125.252104,57.987627],[-125.26411,58.005231],[-125.27228,58.006262],[-125.276871,58.00068],[-125.285098,57.998845],[-125.333655,57.992931],[-125.350473,57.996261],[-125.357441,57.993175],[-125.367306,57.99363],[-125.371261,57.98998],[-125.387926,57.98921],[-125.394387,57.985259],[-125.404765,57.98422],[-125.414775,57.979569],[-125.417386,57.980477],[-125.439465,57.974481],[-125.446392,57.975204],[-125.457314,57.964087],[-125.452253,57.956284],[-125.459028,57.9545],[-125.467773,57.944263],[-125.488501,57.941481],[-125.49635,57.934318],[-125.508393,57.934036],[-125.525998,57.927573],[-125.547527,57.928797],[-125.570713,57.921485],[-125.57117,57.918897],[-125.58283,57.915021],[-125.595208,57.91573],[-125.599885,57.913397],[-125.605588,57.914891],[-125.609396,57.926717],[-125.62616,57.933084],[-125.646987,57.926155],[-125.649844,57.922795],[-125.647495,57.917679],[-125.651782,57.914669],[-125.658844,57.914719],[-125.667265,57.905781],[-125.664807,57.898949],[-125.647901,57.884197],[-125.651139,57.880283],[-125.664445,57.880696],[-125.673989,57.877661],[-125.685464,57.880001],[-125.685451,57.872139],[-125.704771,57.86169],[-125.713801,57.863825],[-125.723485,57.860355],[-125.731948,57.86543],[-125.745213,57.86447],[-125.749826,57.868567],[-125.757011,57.868797],[-125.764308,57.889527],[-125.785188,57.905042],[-125.783661,57.907461],[-125.793204,57.919258],[-125.784501,57.933576],[-125.80089,57.942912],[-125.802316,57.961403],[-125.798637,57.965175],[-125.806959,57.972561],[-125.82208,57.972774],[-125.825628,57.976587],[-125.844735,57.979468],[-125.867812,57.969339],[-125.885613,57.976174],[-125.894449,57.973528],[-125.912094,57.981915],[-125.924406,57.976437],[-125.942912,57.987765],[-125.963071,57.99357],[-125.969476,57.991201],[-125.967453,57.985937],[-125.977839,57.968213],[-125.989604,57.964072],[-125.990149,57.957427],[-125.994937,57.955031],[-126.000107,57.955755],[-126.012574,57.964115],[-126.017003,57.970851],[-126.031922,57.965934],[-126.045871,57.969665],[-126.066749,57.964406],[-126.061841,57.955162],[-126.065488,57.953979],[-126.067478,57.945559],[-126.047336,57.937264],[-126.047161,57.925415],[-126.055129,57.921016],[-126.059771,57.920567],[-126.061864,57.92306],[-126.066242,57.920959],[-126.065173,57.915838],[-126.068439,57.913694],[-126.079544,57.913128],[-126.083791,57.917202],[-126.092199,57.918491],[-126.110162,57.912922],[-126.127198,57.9156],[-126.144118,57.928873],[-126.149562,57.929119],[-126.157056,57.935192],[-126.166797,57.93905],[-126.170426,57.934818],[-126.174335,57.934743],[-126.185283,57.94639],[-126.214336,57.948586],[-126.215801,57.94168],[-126.225854,57.934261],[-126.221176,57.929207],[-126.238501,57.929871],[-126.245914,57.923608],[-126.239928,57.910061],[-126.228508,57.899405],[-126.228183,57.889234],[-126.236967,57.880466],[-126.248561,57.878202],[-126.250758,57.873954],[-126.260005,57.871242],[-126.258323,57.860988],[-126.283812,57.854266],[-126.300151,57.856538],[-126.311616,57.864653],[-126.310441,57.875571],[-126.323647,57.880886],[-126.320883,57.888565],[-126.340088,57.890597],[-126.346981,57.902826],[-126.356626,57.901823],[-126.370828,57.908193],[-126.371635,57.917873],[-126.376934,57.921475],[-126.395987,57.918174],[-126.417034,57.910795],[-126.416235,57.909233],[-126.424267,57.909055],[-126.431738,57.924536],[-126.436754,57.924169],[-126.43862,57.92632],[-126.443633,57.924704],[-126.447223,57.930519],[-126.464957,57.932231],[-126.476791,57.937894],[-126.487918,57.936057],[-126.504079,57.938837],[-126.529221,57.934405],[-126.532845,57.939109],[-126.542302,57.942728],[-126.547549,57.951015],[-126.558803,57.948815],[-126.56622,57.950349],[-126.580328,57.946144],[-126.582691,57.940495],[-126.601359,57.930818],[-126.602675,57.926539],[-126.615715,57.931115],[-126.615907,57.933051],[-126.634013,57.938493],[-126.654964,57.953852],[-126.659188,57.95817],[-126.655701,57.972312],[-126.676857,57.983986],[-126.676772,57.997831],[-126.68308,57.999994],[-126.692322,57.99708],[-126.692641,58.000267],[-126.698753,58.001806],[-126.697231,58.007071],[-126.701573,58.005173],[-126.709335,58.007838],[-126.718623,58.006089],[-126.73305,57.99633],[-126.733326,57.991169],[-126.750893,57.986503],[-126.748621,57.982267],[-126.75386,57.979404],[-126.771398,57.981042],[-126.785336,57.977256],[-126.800347,57.981905],[-126.835873,58.000709],[-126.845073,58.001647],[-126.853925,58.005885],[-126.863389,58.002423],[-126.872914,58.002861],[-126.879363,57.992744],[-126.909245,57.993569],[-126.919518,57.9979],[-126.931942,57.99432],[-126.948022,57.993619],[-126.955296,57.987708],[-126.95253,57.979265],[-126.955854,57.976144],[-126.950775,57.968839],[-126.964013,57.968854],[-126.973811,57.964509],[-126.977243,57.960009],[-126.972668,57.952275],[-126.956972,57.944905],[-126.961797,57.935946],[-126.959092,57.932082],[-126.947065,57.925291],[-126.941268,57.917302],[-126.930734,57.914642],[-126.928897,57.912049],[-126.927803,57.904558],[-126.935108,57.891964],[-126.902632,57.891512],[-126.89641,57.887232],[-126.902394,57.883267],[-126.89466,57.875334],[-126.87929,57.868564],[-126.881519,57.865171],[-126.875437,57.86086],[-126.88208,57.853228],[-126.895052,57.846002],[-126.872975,57.839284],[-126.868848,57.835567],[-126.870724,57.831518],[-126.866655,57.827299],[-126.877045,57.821661],[-126.873629,57.815892],[-126.861019,57.807644],[-126.863803,57.801369],[-126.873102,57.797398],[-126.920953,57.793151],[-126.946693,57.794418],[-126.962225,57.780922],[-126.962802,57.777254],[-126.975305,57.77262],[-126.978428,57.760972],[-126.972933,57.753723],[-126.952132,57.751241],[-126.948835,57.739436],[-126.95205,57.731355],[-126.946563,57.727778],[-126.943859,57.714021],[-126.935621,57.706552],[-126.934635,57.700004],[-126.904143,57.696963],[-126.899676,57.698853],[-126.877924,57.697745],[-126.861946,57.687808],[-126.843063,57.683444],[-126.848811,57.664583],[-126.845393,57.657193],[-126.852975,57.653979],[-126.854119,57.648518],[-126.861466,57.646797],[-126.86005,57.639148],[-126.864829,57.627961],[-126.858358,57.626638],[-126.857074,57.617155],[-126.851654,57.615086],[-126.835567,57.615028],[-126.809697,57.608912],[-126.804185,57.602041],[-126.792638,57.597311],[-126.792666,57.591615],[-126.77527,57.586566],[-126.773581,57.580803],[-126.794543,57.569732],[-126.804443,57.571152],[-126.825904,57.569081],[-126.834978,57.560168],[-126.859534,57.558523],[-126.872827,57.55503],[-126.883502,57.56005],[-126.894091,57.552697],[-126.907374,57.548704],[-126.913622,57.542024],[-126.924512,57.542697],[-126.933274,57.535518],[-126.943407,57.537139],[-126.959615,57.535509],[-126.975787,57.541338],[-126.985833,57.532792],[-126.988608,57.535774],[-127.006711,57.540806],[-127.007963,57.532963],[-127.015474,57.530521],[-127.016436,57.525725],[-127.031571,57.517916],[-127.030057,57.508539],[-127.036653,57.506638],[-127.065551,57.512269],[-127.072172,57.522514],[-127.100537,57.518656],[-127.105963,57.523681],[-127.114102,57.526157],[-127.127583,57.525987],[-127.134922,57.532172],[-127.146268,57.53375],[-127.149186,57.536488],[-127.135853,57.546328],[-127.143868,57.552043],[-127.141833,57.555457],[-127.145482,57.557772],[-127.137045,57.567819],[-127.142309,57.572811],[-127.152729,57.575531],[-127.152099,57.580909],[-127.160964,57.584243],[-127.164339,57.594274],[-127.171057,57.596105],[-127.169421,57.600376],[-127.173242,57.602255],[-127.187968,57.603653],[-127.209182,57.591225],[-127.219793,57.594531],[-127.235735,57.58707],[-127.248135,57.589776],[-127.260195,57.585253],[-127.263971,57.579858],[-127.268807,57.578984],[-127.278121,57.58222],[-127.286132,57.57572],[-127.291827,57.580636],[-127.30983,57.577994],[-127.321018,57.579814],[-127.325572,57.574987],[-127.320308,57.568727],[-127.332656,57.56263],[-127.317719,57.550553],[-127.318279,57.542035],[-127.330212,57.529946],[-127.331126,57.516474],[-127.336688,57.514975],[-127.333916,57.512055],[-127.336292,57.507559],[-127.327854,57.503929],[-127.316213,57.506411],[-127.30673,57.503789],[-127.295999,57.49207],[-127.306666,57.486931],[-127.315865,57.487988],[-127.3266,57.485508],[-127.326004,57.478446],[-127.299075,57.462894],[-127.304592,57.438908],[-127.318498,57.43276],[-127.33644,57.436385],[-127.343199,57.433186],[-127.370115,57.429779],[-127.381651,57.421377],[-127.379573,57.417167],[-127.387714,57.415192],[-127.384903,57.411069],[-127.39108,57.412567],[-127.396753,57.40759],[-127.419215,57.402942],[-127.42525,57.39834],[-127.433183,57.397402],[-127.445501,57.391455],[-127.457051,57.390692],[-127.474396,57.385205],[-127.473542,57.382131],[-127.461116,57.378041],[-127.452462,57.368011],[-127.46019,57.362957],[-127.456644,57.355547],[-127.491215,57.334987],[-127.492838,57.329032],[-127.505987,57.325372],[-127.507685,57.322965],[-127.49818,57.313311],[-127.508363,57.302127],[-127.519005,57.297116],[-127.517341,57.291632],[-127.537501,57.28604],[-127.535303,57.28207],[-127.525839,57.281016],[-127.52419,57.278688],[-127.535341,57.275269],[-127.545503,57.256044],[-127.536642,57.253237],[-127.527441,57.245044],[-127.512959,57.245394],[-127.516882,57.241398],[-127.507252,57.241859],[-127.510116,57.236987],[-127.478603,57.225728],[-127.472323,57.225743],[-127.46694,57.220143],[-127.481607,57.212244],[-127.480872,57.198686],[-127.48978,57.194957],[-127.502775,57.181403],[-127.517113,57.186092],[-127.528967,57.179682],[-127.528034,57.172349],[-127.540842,57.169273],[-127.548302,57.163322],[-127.558651,57.162969],[-127.570798,57.156734],[-127.586301,57.155993],[-127.588379,57.160033],[-127.619287,57.16871],[-127.635935,57.179722],[-127.663887,57.178504],[-127.662287,57.17289],[-127.675059,57.164023],[-127.689112,57.164557],[-127.710199,57.157337],[-127.713802,57.151616],[-127.722542,57.148919],[-127.713138,57.142211],[-127.714875,57.137862],[-127.730998,57.138009],[-127.738504,57.1306],[-127.732948,57.127435],[-127.728895,57.118851],[-127.737118,57.104838],[-127.713071,57.099858],[-127.702719,57.095334],[-127.689161,57.093995],[-127.675108,57.08401],[-127.671099,57.076559],[-127.678483,57.07401],[-127.69516,57.072457],[-127.702979,57.074985],[-127.704172,57.069139],[-127.699774,57.066614],[-127.702982,57.062604],[-127.698286,57.06154],[-127.6955,57.057289],[-127.6861,57.055474],[-127.672657,57.045926],[-127.661369,57.042617],[-127.659976,57.032332],[-127.678096,57.025059],[-127.680109,57.016599],[-127.692878,57.017874],[-127.697393,57.021128],[-127.69413,57.024437],[-127.698166,57.027749],[-127.724754,57.027843],[-127.72227,57.01621],[-127.712729,57.013012],[-127.723664,57.008686],[-127.733424,56.997707],[-127.714347,56.990451],[-127.704377,56.990339],[-127.698107,56.993149],[-127.676751,56.989188],[-127.672351,56.991657],[-127.67189,56.997186],[-127.650335,56.989642],[-127.632782,56.997044],[-127.625141,56.996948],[-127.618047,57.000188],[-127.60367,57.001616],[-127.589839,56.999901],[-127.575954,56.990157],[-127.576868,56.980865],[-127.599123,56.980661],[-127.604079,56.97838],[-127.571737,56.964026],[-127.582949,56.950299],[-127.578467,56.950554],[-127.568771,56.945714],[-127.555645,56.944488],[-127.545616,56.94678],[-127.540121,56.944757],[-127.540257,56.935388],[-127.559855,56.928823],[-127.561502,56.924871],[-127.550215,56.916797],[-127.550504,56.913593],[-127.539688,56.902856],[-127.550785,56.901674],[-127.585099,56.911339],[-127.599405,56.91133],[-127.608203,56.909272],[-127.615905,56.900399],[-127.585831,56.886747],[-127.583761,56.88248],[-127.574834,56.880004],[-127.573496,56.875196],[-127.567506,56.873645],[-127.560223,56.865071],[-127.563892,56.85921],[-127.559198,56.852049],[-127.579717,56.847594],[-127.605901,56.852912],[-127.605911,56.840755],[-127.580378,56.825939],[-127.572237,56.824004],[-127.568692,56.816839],[-127.572075,56.811451],[-127.537522,56.796037],[-127.53596,56.791736],[-127.5422,56.789425],[-127.536203,56.784089],[-127.52788,56.784755],[-127.516002,56.781979],[-127.499302,56.777262],[-127.492622,56.772015],[-127.499193,56.768087],[-127.497281,56.761487],[-127.505637,56.75457],[-127.505729,56.74732],[-127.523839,56.748785],[-127.537174,56.744845],[-127.532417,56.742696],[-127.534467,56.736673],[-127.531232,56.732007],[-127.539805,56.719574],[-127.541583,56.707983],[-127.533068,56.704738],[-127.513358,56.716308],[-127.477206,56.717872],[-127.466416,56.710777],[-127.467468,56.707411],[-127.46284,56.705934],[-127.448644,56.7115],[-127.429068,56.70218],[-127.423433,56.696103],[-127.431724,56.686228],[-127.41632,56.685218],[-127.414618,56.68186],[-127.405935,56.685281],[-127.395501,56.684177],[-127.397622,56.690005],[-127.390283,56.695494],[-127.383125,56.695239],[-127.37527,56.691444],[-127.36952,56.70207],[-127.361445,56.706437],[-127.349271,56.704562],[-127.347805,56.711561],[-127.352531,56.714453],[-127.349808,56.722104],[-127.336182,56.73009],[-127.315734,56.732364],[-127.304223,56.736053],[-127.297106,56.725443],[-127.297312,56.718959],[-127.291737,56.714345],[-127.278067,56.721003],[-127.277573,56.723584],[-127.260488,56.72682],[-127.231798,56.738479],[-127.215444,56.729602],[-127.206785,56.719548],[-127.199447,56.716145],[-127.182032,56.695396],[-127.183123,56.690371],[-127.169069,56.672086],[-127.158849,56.663794],[-127.148103,56.663191],[-127.14437,56.65923],[-127.129071,56.657159],[-127.125351,56.649337],[-127.118188,56.64702],[-127.113315,56.639761],[-127.112736,56.635678],[-127.119469,56.634055],[-127.114719,56.625854],[-127.091398,56.617785],[-127.076926,56.631545],[-127.048031,56.632568],[-127.034144,56.640311],[-127.037702,56.643922],[-127.035312,56.646941],[-127.021998,56.650305],[-127.006914,56.647016],[-126.999103,56.651156],[-126.998589,56.656195],[-126.988032,56.665572],[-126.968526,56.666854],[-126.95604,56.663864],[-126.951572,56.666514],[-126.94873,56.675264],[-126.936252,56.681849],[-126.922983,56.683442],[-126.908181,56.68185],[-126.89812,56.684069],[-126.894646,56.688843],[-126.888209,56.689778],[-126.858301,56.676024],[-126.84459,56.677711],[-126.817993,56.670993],[-126.810731,56.672087],[-126.819058,56.683259],[-126.814311,56.690312],[-126.835432,56.694788],[-126.843222,56.701357],[-126.833075,56.710746],[-126.838649,56.716058],[-126.835143,56.719999],[-126.817506,56.716933],[-126.803281,56.717904],[-126.794582,56.720213],[-126.795271,56.726306],[-126.780787,56.729377],[-126.78317,56.732685],[-126.776414,56.740062],[-126.791862,56.757962],[-126.789782,56.76161],[-126.7762,56.763612],[-126.766972,56.768536],[-126.762334,56.776701],[-126.756371,56.778104],[-126.742485,56.774053],[-126.734619,56.774486],[-126.732018,56.771598],[-126.716625,56.770536],[-126.716166,56.768312],[-126.70921,56.768144],[-126.70545,56.770591],[-126.675426,56.766926],[-126.669,56.770449],[-126.651513,56.774063],[-126.640481,56.780055],[-126.609692,56.783166],[-126.599835,56.781553],[-126.58108,56.769413],[-126.581024,56.762655],[-126.589468,56.756603],[-126.568871,56.745958],[-126.56835,56.739594],[-126.559165,56.732197],[-126.548247,56.729871],[-126.529433,56.735596],[-126.507582,56.728548],[-126.501368,56.730701],[-126.485987,56.728927],[-126.498689,56.722541],[-126.498497,56.717642],[-126.49093,56.713134],[-126.490371,56.707134],[-126.482026,56.701768],[-126.477886,56.693404],[-126.45956,56.682658],[-126.4606,56.669787],[-126.443322,56.663798],[-126.438971,56.659376],[-126.427397,56.657996],[-126.419621,56.668611],[-126.411541,56.665258],[-126.403034,56.668969],[-126.393354,56.669835],[-126.394955,56.678335],[-126.388027,56.680835],[-126.37981,56.678466],[-126.363853,56.679394],[-126.343805,56.68475],[-126.332771,56.678438],[-126.317694,56.679834],[-126.300909,56.67361],[-126.290314,56.67486],[-126.275143,56.672875],[-126.267792,56.667753],[-126.269976,56.657195],[-126.243924,56.655048],[-126.22604,56.647933],[-126.220356,56.647279],[-126.214639,56.64965],[-126.176135,56.636751],[-126.180668,56.628895],[-126.174411,56.619459],[-126.180116,56.616016],[-126.171301,56.604368],[-126.158266,56.595218],[-126.145088,56.590224],[-126.137505,56.591182],[-126.120368,56.587092],[-126.11652,56.583506],[-126.117327,56.580603],[-126.113609,56.578962],[-126.135534,56.562478],[-126.134199,56.555673],[-126.138151,56.55118],[-126.11722,56.542657],[-126.102054,56.525435],[-126.121832,56.514695],[-126.14467,56.513254],[-126.157388,56.515578],[-126.165214,56.514204],[-126.173855,56.508637],[-126.18279,56.510907],[-126.192677,56.506691],[-126.197302,56.509869],[-126.210521,56.501862],[-126.202865,56.494852],[-126.206662,56.489371],[-126.203757,56.482933],[-126.210423,56.482656],[-126.218442,56.478706],[-126.207027,56.473578],[-126.192154,56.471552],[-126.181527,56.473388],[-126.155279,56.454776],[-126.13618,56.445626],[-126.118661,56.446578],[-126.105493,56.444312],[-126.106943,56.435698],[-126.123187,56.434377],[-126.130532,56.429774],[-126.122153,56.426164],[-126.115241,56.411199],[-126.136266,56.398114],[-126.137974,56.394135],[-126.155632,56.386134],[-126.151866,56.370671],[-126.140242,56.365846],[-126.149586,56.363539],[-126.153817,56.359283],[-126.147656,56.351159],[-126.15724,56.347451],[-126.165463,56.330851],[-126.164775,56.325098],[-126.158924,56.321989],[-126.163822,56.321157],[-126.168533,56.316186],[-126.163348,56.309892],[-126.169114,56.301243],[-126.167723,56.297244],[-126.164578,56.294604],[-126.145916,56.291557],[-126.134581,56.293679],[-126.130957,56.285739],[-126.12615,56.284117],[-126.1253,56.274776],[-126.118865,56.270114],[-126.107543,56.270506],[-126.097974,56.268241],[-126.081902,56.278183],[-126.065213,56.274786],[-126.060801,56.270767],[-126.051152,56.271434],[-126.044017,56.25886],[-126.03768,56.257679],[-126.034907,56.252855],[-126.038682,56.247842],[-126.031331,56.244981],[-126.020514,56.248105],[-126.006587,56.248295],[-126.003552,56.25069],[-125.991975,56.248438],[-125.980872,56.249521],[-125.983265,56.238775],[-125.989422,56.235759],[-125.987146,56.22245],[-126.000685,56.219032],[-126.001153,56.213039],[-125.970699,56.197412],[-125.976375,56.195406],[-125.979395,56.189508],[-125.9833,56.189009],[-125.994633,56.174945],[-125.981655,56.16823],[-125.971467,56.17003],[-125.962412,56.165025],[-125.966292,56.157471],[-125.961884,56.15106],[-125.963403,56.145261],[-125.947824,56.143063],[-125.928797,56.143965],[-125.907222,56.145482],[-125.890699,56.149384],[-125.868325,56.147066],[-125.851594,56.152936],[-125.851258,56.154922],[-125.84285,56.15421],[-125.822888,56.164248],[-125.81516,56.164757],[-125.815886,56.16785],[-125.809291,56.170859],[-125.796696,56.169999],[-125.790612,56.167021],[-125.780341,56.168691],[-125.777213,56.172222],[-125.782107,56.176472],[-125.781215,56.180546],[-125.774335,56.182354],[-125.76116,56.179114],[-125.741496,56.18404],[-125.74429,56.20218],[-125.741715,56.204502],[-125.73398,56.201635],[-125.725114,56.204636],[-125.724395,56.208744],[-125.711056,56.213142],[-125.704416,56.20589],[-125.684906,56.203247],[-125.664796,56.20569],[-125.657462,56.208642],[-125.659523,56.211206],[-125.655907,56.212407],[-125.650738,56.207853],[-125.663441,56.198864],[-125.663625,56.195558],[-125.659555,56.188751],[-125.662513,56.180752],[-125.656553,56.171622],[-125.63708,56.155501],[-125.627512,56.151892],[-125.605992,56.148445],[-125.593275,56.1493],[-125.582129,56.153483],[-125.58029,56.158803],[-125.573892,56.16139],[-125.571107,56.166239],[-125.550885,56.16567],[-125.54753,56.167554],[-125.547459,56.173299],[-125.536399,56.183692],[-125.533862,56.197029],[-125.514594,56.201431],[-125.505007,56.202515],[-125.500476,56.201025],[-125.483366,56.204722],[-125.48039,56.210831],[-125.463976,56.220192],[-125.466877,56.229679],[-125.456109,56.242944],[-125.451372,56.244341],[-125.443402,56.242892],[-125.442082,56.246241],[-125.434599,56.247369],[-125.428192,56.243819],[-125.415771,56.254703],[-125.394545,56.254611],[-125.375563,56.264523],[-125.352691,56.256845],[-125.33214,56.253153],[-125.29323,56.253045],[-125.273825,56.247435],[-125.266273,56.247435],[-125.253739,56.252009],[-125.235243,56.246548],[-125.237328,56.252783],[-125.227117,56.25561],[-125.223578,56.260284],[-125.224188,56.265385],[-125.232894,56.26691],[-125.231029,56.272246],[-125.23664,56.274931],[-125.231787,56.279234],[-125.21025,56.281445],[-125.195581,56.290765],[-125.184995,56.288632],[-125.178525,56.292812],[-125.164045,56.295944],[-125.158193,56.301182],[-125.105834,56.308455],[-125.111111,56.300079],[-125.09933,56.291868],[-125.10063,56.286807],[-125.088005,56.279784],[-125.092052,56.271645],[-125.068228,56.261295],[-125.054915,56.252892],[-125.049839,56.245499],[-125.048943,56.232654],[-125.05523,56.227445],[-125.045224,56.221913],[-125.05149,56.216013],[-125.047329,56.203015],[-125.026721,56.204921],[-125.01083,56.213221],[-124.986102,56.214663],[-124.9881,56.225514],[-124.966198,56.237238],[-124.945862,56.238452],[-124.929378,56.244722],[-124.902432,56.246488],[-124.889284,56.24234],[-124.869419,56.240727],[-124.852107,56.228283],[-124.843672,56.226457],[-124.840171,56.220048],[-124.825323,56.21679],[-124.797281,56.220587],[-124.788579,56.213202],[-124.786675,56.203471],[-124.775284,56.19525],[-124.773036,56.18635],[-124.767166,56.183109],[-124.768253,56.176255],[-124.758686,56.169703],[-124.757972,56.161877],[-124.750242,56.158563],[-124.739865,56.143135],[-124.735452,56.14039],[-124.707483,56.136636],[-124.688612,56.122724],[-124.652262,56.123027],[-124.616431,56.116874],[-124.591564,56.123428],[-124.583685,56.122344],[-124.581205,56.125413],[-124.56977,56.123528],[-124.566939,56.125127],[-124.540789,56.116536],[-124.516314,56.116656],[-124.509449,56.128546],[-124.504262,56.126841],[-124.505349,56.123754],[-124.496908,56.116003],[-124.498177,56.108542],[-124.49308,56.103577],[-124.496307,56.10219],[-124.495647,56.097487],[-124.490408,56.092242],[-124.503347,56.078662],[-124.494489,56.070718],[-124.496085,56.065874],[-124.487845,56.062458],[-124.487294,56.056175],[-124.479495,56.049942],[-124.482276,56.037885],[-124.468959,56.024952],[-124.473329,56.020305],[-124.472139,56.016575],[-124.464655,56.015523],[-124.46268,56.009957],[-124.454484,56.007403],[-124.450987,56],[-124.450452,55.991815],[-124.439747,55.988498],[-124.431773,55.980962],[-124.439051,55.974093],[-124.435486,55.962192],[-124.428099,55.959528],[-124.421823,55.960077],[-124.414017,55.955548],[-124.418668,55.942564],[-124.400513,55.933767],[-124.397882,55.924136],[-124.381709,55.910104],[-124.380495,55.905633],[-124.386668,55.9006],[-124.385078,55.895104],[-124.370072,55.888604],[-124.369162,55.880922],[-124.375625,55.880149],[-124.376869,55.875103],[-124.363538,55.869609],[-124.364051,55.866458],[-124.356405,55.861672],[-124.356611,55.857042],[-124.344299,55.854894],[-124.349025,55.846504],[-124.344331,55.840543],[-124.328093,55.83832],[-124.345512,55.817409],[-124.357462,55.81407],[-124.349545,55.794208],[-124.362581,55.792491],[-124.362569,55.790624],[-124.358593,55.784708],[-124.360822,55.780011],[-124.352778,55.774735],[-124.354567,55.772064],[-124.35047,55.766406],[-124.345825,55.764801],[-124.340429,55.766109],[-124.333249,55.759348],[-124.329367,55.74876],[-124.334969,55.747674],[-124.337652,55.739477],[-124.332617,55.73484],[-124.317326,55.731384],[-124.311161,55.719463],[-124.314149,55.717732],[-124.312439,55.713114],[-124.306377,55.704911],[-124.291779,55.694159],[-124.278889,55.69554],[-124.273823,55.683595],[-124.257166,55.685943],[-124.24784,55.690187],[-124.241433,55.688924],[-124.237679,55.677855],[-124.209077,55.68509],[-124.203154,55.683563],[-124.201454,55.680534],[-124.187265,55.679926],[-124.182897,55.670083],[-124.168126,55.669551],[-124.169522,55.664116],[-124.164961,55.658833],[-124.169652,55.650108],[-124.160099,55.642935],[-124.133161,55.639802],[-124.129617,55.636429],[-124.119561,55.635901],[-124.116984,55.633525],[-124.121282,55.628849],[-124.11669,55.624317],[-124.125875,55.617314],[-124.125059,55.610438],[-124.130623,55.607943],[-124.132053,55.600579],[-124.116613,55.591438],[-124.101996,55.586798],[-124.095816,55.58139],[-124.09408,55.570326],[-124.098167,55.568438],[-124.095644,55.566115],[-124.101542,55.55642],[-124.075878,55.545577],[-124.071235,55.545564],[-124.071393,55.543208],[-124.062491,55.541045],[-124.053762,55.541752],[-124.039205,55.536402],[-124.020457,55.537967],[-124.013082,55.536525],[-124.004011,55.542817],[-124.003469,55.548285],[-123.998226,55.552785],[-123.98597,55.550809],[-123.964458,55.551375],[-123.947746,55.548362],[-123.939304,55.551031],[-123.935575,55.556685]]]},"properties":{"id":"PRRD","boundaryCode":"PRRD","boundaryName":"Peace River Regional District","reportingName":"Peace River","jurisdiction_count":9,"population_2015":69284,"vehicle_idling_population":0,"vehicle_idling_percent":0,"vehicle_idling_band":"0%","vehicle_idling_display":"Peace River Regional District · 0% covered","vehicle_idling_details":"Vehicle idling: 0% of the regional district population covered (2015 population estimate).\nChetwynd: no bylaw reported\nDawson Creek: no bylaw reported\nFort St John: no bylaw reported\nHudsons Hope: no bylaw reported\nNorthern Rockies: no bylaw reported\nPeace River RD-uninc: no bylaw reported\nPouce Coupe: no bylaw reported\nTaylor: no bylaw reported\nTumbler Ridge: no bylaw reported","open_burning_population":11944,"open_burning_percent":17.2,"open_burning_band":"1–25%","open_burning_display":"Peace River Regional District · 17.2% covered","open_burning_details":"Open burning: 17.2% of the regional district population covered (2015 population estimate).\nChetwynd: no bylaw reported\nDawson Creek: bylaw reported\nFort St John: no bylaw reported\nHudsons Hope: no bylaw reported\nNorthern Rockies: no bylaw reported\nPeace River RD-uninc: no bylaw reported\nPouce Coupe: no bylaw reported\nTaylor: no bylaw reported\nTumbler Ridge: no bylaw reported","solid_fuel_population":10699,"solid_fuel_percent":15.4,"solid_fuel_band":"1–25%","solid_fuel_display":"Peace River Regional District · 15.4% covered","solid_fuel_details":"Solid fuel appliance: 15.4% of the regional district population covered (2015 population estimate).\nChetwynd: bylaw reported\nDawson Creek: no bylaw reported\nFort St John: no bylaw reported\nHudsons Hope: no bylaw reported\nNorthern Rockies: bylaw reported\nPeace River RD-uninc: no bylaw reported\nPouce Coupe: no bylaw reported\nTaylor: no bylaw reported\nTumbler Ridge: bylaw reported"},"id":"PRRD"},{"type":"Feature","geometry":{"type":"Polygon","coordinates":[[[-124.490048,49.467637],[-124.485722,49.451006],[-124.47197,49.440158],[-124.399245,49.418041],[-124.324845,49.399343],[-124.252068,49.383245],[-124.212886,49.377997],[-124.147393,49.373247],[-124.087273,49.371486],[-124.039979,49.364683],[-124.038461,49.406326],[-124.048118,49.458631],[-124.065863,49.521324],[-124.086375,49.559565],[-124.099049,49.574111],[-124.113184,49.58481],[-124.179424,49.625487],[-124.247576,49.663402],[-124.28426,49.706422],[-124.247622,49.737537],[-124.239317,49.759716],[-124.22077,49.76325],[-124.131192,49.771542],[-124.060216,49.793633],[-124.048423,49.800406],[-124.021203,49.835223],[-124.027381,49.852205],[-124.04546,49.868446],[-124.049427,49.875545],[-124.037228,49.90311],[-124.035936,49.927289],[-124.03936,49.93062],[-124.061855,49.93062],[-124.063079,49.932691],[-124.05801,49.940034],[-124.060955,49.943618],[-124.060752,49.952575],[-124.05616,49.956142],[-124.059823,49.959158],[-124.055657,49.963729],[-124.057902,49.974547],[-124.053473,49.988232],[-124.063664,49.988579],[-124.069482,49.991764],[-124.073765,49.997364],[-124.093229,50.007184],[-124.09925,50.016238],[-124.113827,50.014993],[-124.113539,50.023009],[-124.117524,50.027558],[-124.110281,50.039797],[-124.120649,50.045472],[-124.134906,50.049077],[-124.140128,50.057043],[-124.148341,50.057568],[-124.15219,50.061937],[-124.135282,50.077232],[-124.144125,50.089797],[-124.156159,50.097416],[-124.147554,50.103024],[-124.145948,50.111917],[-124.148867,50.114047],[-124.132558,50.118209],[-124.137577,50.124369],[-124.13605,50.131604],[-124.139479,50.136355],[-124.12158,50.135675],[-124.109838,50.142272],[-124.087575,50.137896],[-124.072963,50.147395],[-124.071224,50.150972],[-124.086379,50.17164],[-124.093354,50.174286],[-124.086987,50.181103],[-124.09846,50.187477],[-124.097187,50.198578],[-124.089185,50.204644],[-124.086949,50.210493],[-124.090186,50.211558],[-124.094037,50.208542],[-124.106086,50.212295],[-124.123344,50.209376],[-124.132872,50.212644],[-124.136889,50.21712],[-124.146913,50.21954],[-124.159308,50.219678],[-124.1659,50.217507],[-124.179454,50.221481],[-124.177363,50.2245],[-124.167521,50.228248],[-124.165946,50.241278],[-124.158033,50.243453],[-124.14674,50.250931],[-124.144397,50.255574],[-124.151867,50.264599],[-124.169397,50.271605],[-124.169248,50.283337],[-124.152412,50.295305],[-124.154986,50.299542],[-124.150947,50.303243],[-124.155712,50.308061],[-124.154949,50.315078],[-124.159718,50.321503],[-124.152711,50.32974],[-124.159782,50.33395],[-124.141856,50.347583],[-124.134764,50.345848],[-124.133158,50.348122],[-124.129476,50.347883],[-124.123218,50.343384],[-124.115132,50.349776],[-124.115679,50.353061],[-124.106281,50.357226],[-124.104787,50.361305],[-124.084329,50.366777],[-124.074197,50.36268],[-124.066221,50.363797],[-124.062094,50.362198],[-124.040145,50.345407],[-124.031104,50.349819],[-124.020559,50.350293],[-124.017223,50.35794],[-124.015975,50.354812],[-124.001306,50.34644],[-123.990175,50.344977],[-123.980052,50.349023],[-123.966054,50.339436],[-123.927738,50.352717],[-123.912604,50.360337],[-123.914462,50.365593],[-123.920929,50.370118],[-123.921936,50.382256],[-123.92815,50.385397],[-123.921464,50.394632],[-123.924053,50.400734],[-123.932071,50.404594],[-123.942985,50.406193],[-123.951466,50.404539],[-123.95581,50.407897],[-123.962149,50.408342],[-123.95123,50.417734],[-123.950155,50.422264],[-123.953108,50.424893],[-123.947363,50.427638],[-123.935199,50.449348],[-123.9414,50.456394],[-123.953354,50.459164],[-123.957018,50.463092],[-123.954003,50.467335],[-123.959827,50.47411],[-123.966377,50.476406],[-123.968489,50.480924],[-123.982409,50.480184],[-123.995561,50.47223],[-124.002827,50.484606],[-124.010064,50.490164],[-124.005303,50.50429],[-123.998525,50.504891],[-123.980322,50.516914],[-123.956887,50.518026],[-123.952944,50.522546],[-123.939292,50.527019],[-123.934275,50.532311],[-123.922008,50.529891],[-123.912842,50.521514],[-123.908945,50.522335],[-123.902965,50.530703],[-123.896067,50.527944],[-123.896156,50.53381],[-123.893266,50.535043],[-123.885431,50.528097],[-123.882238,50.529327],[-123.880963,50.526993],[-123.870684,50.524732],[-123.864731,50.517937],[-123.853975,50.514383],[-123.838949,50.514723],[-123.835862,50.522591],[-123.83285,50.524204],[-123.829625,50.522923],[-123.828435,50.526311],[-123.816175,50.530703],[-123.807016,50.531204],[-123.804002,50.536809],[-123.791226,50.533965],[-123.767537,50.536704],[-123.765321,50.534938],[-123.758091,50.535868],[-123.743318,50.543679],[-123.748275,50.546516],[-123.7458,50.55963],[-123.75557,50.564959],[-123.759436,50.570069],[-123.756776,50.577977],[-123.747468,50.579501],[-123.745261,50.581861],[-123.756296,50.585336],[-123.759471,50.601186],[-123.764182,50.602871],[-123.766405,50.609657],[-123.759032,50.612547],[-123.757404,50.634319],[-123.750585,50.641326],[-123.755286,50.652267],[-123.739879,50.671036],[-123.738121,50.684366],[-123.730621,50.692989],[-123.730566,50.699216],[-123.735109,50.706301],[-123.746538,50.713459],[-123.766274,50.720136],[-123.77366,50.718706],[-123.781137,50.723389],[-123.790456,50.721238],[-123.792904,50.715491],[-123.802258,50.716706],[-123.805176,50.712734],[-123.814549,50.717185],[-123.82202,50.700496],[-123.829356,50.714995],[-123.862094,50.710521],[-123.869487,50.714904],[-123.871477,50.721061],[-123.882248,50.723519],[-123.888679,50.720398],[-123.893263,50.721086],[-123.897684,50.727129],[-123.906753,50.729662],[-123.911268,50.734996],[-123.922116,50.738472],[-123.92129,50.755155],[-123.928681,50.752494],[-123.935963,50.752777],[-123.938913,50.750036],[-123.952445,50.756007],[-123.952469,50.762452],[-123.956942,50.767248],[-123.956669,50.776492],[-123.97952,50.785694],[-123.975774,50.797147],[-123.970062,50.799613],[-123.980766,50.806601],[-123.991321,50.809093],[-124.026481,50.810265],[-124.037362,50.817263],[-124.037336,50.820573],[-124.048065,50.821691],[-124.050645,50.824179],[-124.066417,50.824652],[-124.06968,50.826726],[-124.087081,50.816883],[-124.088163,50.801728],[-124.100003,50.796233],[-124.096376,50.791246],[-124.103141,50.789785],[-124.106914,50.786308],[-124.112287,50.78614],[-124.113662,50.789095],[-124.121919,50.789654],[-124.130616,50.794364],[-124.143553,50.790741],[-124.146422,50.785621],[-124.154744,50.786421],[-124.153264,50.790799],[-124.159213,50.795935],[-124.178016,50.798911],[-124.188539,50.80425],[-124.19271,50.802837],[-124.205706,50.812605],[-124.208216,50.82093],[-124.212972,50.822929],[-124.223582,50.823094],[-124.242973,50.816222],[-124.260756,50.822716],[-124.260932,50.828258],[-124.255429,50.832684],[-124.263431,50.845539],[-124.260268,50.858707],[-124.263654,50.861804],[-124.272387,50.862007],[-124.311772,50.849507],[-124.327145,50.853753],[-124.325886,50.842922],[-124.336541,50.83753],[-124.33001,50.832768],[-124.326896,50.819429],[-124.360454,50.800627],[-124.36043,50.796991],[-124.355477,50.79668],[-124.351626,50.789881],[-124.365635,50.783593],[-124.378398,50.781006],[-124.382536,50.777197],[-124.381533,50.773477],[-124.373652,50.768804],[-124.366072,50.765646],[-124.361238,50.766188],[-124.353306,50.753021],[-124.347056,50.748375],[-124.369658,50.737895],[-124.378252,50.730824],[-124.385357,50.718059],[-124.397532,50.719236],[-124.400201,50.716526],[-124.406129,50.715841],[-124.41662,50.703914],[-124.420824,50.7059],[-124.421256,50.7092],[-124.425521,50.707871],[-124.438259,50.711753],[-124.470197,50.703053],[-124.479722,50.698346],[-124.492041,50.697002],[-124.494426,50.700299],[-124.510889,50.695275],[-124.527554,50.687386],[-124.537055,50.675605],[-124.558646,50.670681],[-124.576937,50.656627],[-124.580071,50.660227],[-124.588332,50.662108],[-124.603535,50.661192],[-124.605066,50.658374],[-124.599756,50.652271],[-124.603694,50.638031],[-124.592477,50.632294],[-124.580456,50.629957],[-124.583188,50.621619],[-124.572454,50.614309],[-124.568202,50.604185],[-124.586364,50.592079],[-124.585134,50.584904],[-124.577122,50.577632],[-124.58309,50.57407],[-124.580968,50.571005],[-124.569711,50.567137],[-124.567767,50.562172],[-124.561416,50.56],[-124.564354,50.553332],[-124.555793,50.546333],[-124.555633,50.541442],[-124.551452,50.538764],[-124.535848,50.538017],[-124.533202,50.528969],[-124.517895,50.523008],[-124.518156,50.493325],[-124.514675,50.4881],[-124.518106,50.483864],[-124.527762,50.481867],[-124.549088,50.484229],[-124.562134,50.475888],[-124.566952,50.46388],[-124.581309,50.458913],[-124.580353,50.408988],[-124.611245,50.40908],[-124.63206,50.411252],[-124.646995,50.415317],[-124.657801,50.414354],[-124.677206,50.397627],[-124.690783,50.375427],[-124.708759,50.35571],[-124.735466,50.339414],[-124.766212,50.326246],[-124.775313,50.308932],[-124.764662,50.313188],[-124.740464,50.31529],[-124.718816,50.312888],[-124.681509,50.300432],[-124.650296,50.281808],[-124.641816,50.271276],[-124.638304,50.259461],[-124.628106,50.243421],[-124.633112,50.204631],[-124.637915,50.190626],[-124.651204,50.175547],[-124.684693,50.15962],[-124.707056,50.154023],[-124.739504,50.150533],[-124.759853,50.133606],[-124.784782,50.121761],[-124.80047,50.103112],[-124.815474,50.092119],[-124.824701,50.092359],[-124.875021,50.106272],[-124.861616,50.058599],[-124.840994,50.042624],[-124.841654,50.037481],[-124.850567,50.027333],[-124.874709,50.012486],[-124.880743,50.01105],[-124.909229,50.010314],[-124.923364,50.005663],[-124.938694,50.011179],[-124.946318,50.011049],[-124.991824,49.980825],[-124.965618,49.963269],[-124.93248,49.9308],[-124.917429,49.925504],[-124.87848,49.904447],[-124.841921,49.872122],[-124.792695,49.786837],[-124.763622,49.749618],[-124.730001,49.714698],[-124.653852,49.65151],[-124.527389,49.570578],[-124.491333,49.541032],[-124.48142,49.522714],[-124.490048,49.467637]],[[-124.653907,49.879404],[-124.650805,49.882389],[-124.647448,49.878209],[-124.639156,49.874674],[-124.630197,49.862371],[-124.63726,49.852746],[-124.660699,49.839226],[-124.668097,49.839613],[-124.669445,49.837156],[-124.672138,49.860028],[-124.653907,49.879404]]]},"properties":{"id":"qRD","boundaryCode":"qRD","boundaryName":"qathet Regional District","reportingName":"Powell River","jurisdiction_count":2,"population_2015":19434,"vehicle_idling_population":0,"vehicle_idling_percent":0,"vehicle_idling_band":"0%","vehicle_idling_display":"qathet Regional District · 0% covered","vehicle_idling_details":"Vehicle idling: 0% of the regional district population covered (2015 population estimate).\nPowell River RD-uninc: no bylaw reported\nPowell River (City): no bylaw reported","open_burning_population":12893,"open_burning_percent":66.3,"open_burning_band":"51–75%","open_burning_display":"qathet Regional District · 66.3% covered","open_burning_details":"Open burning: 66.3% of the regional district population covered (2015 population estimate).\nPowell River RD-uninc: no bylaw reported\nPowell River (City): bylaw reported","solid_fuel_population":12893,"solid_fuel_percent":66.3,"solid_fuel_band":"51–75%","solid_fuel_display":"qathet Regional District · 66.3% covered","solid_fuel_details":"Solid fuel appliance: 66.3% of the regional district population covered (2015 population estimate).\nPowell River RD-uninc: no bylaw reported\nPowell River (City): bylaw reported"},"id":"qRD"},{"type":"Feature","geometry":{"type":"Polygon","coordinates":[[[-125.383695,49.608803],[-125.394781,49.603294],[-125.402065,49.603654],[-125.402139,49.598857],[-125.40739,49.594633],[-125.4025,49.588879],[-125.410567,49.580699],[-125.392455,49.571611],[-125.389339,49.561618],[-125.371222,49.547364],[-125.37567,49.54102],[-125.379268,49.542233],[-125.386466,49.53872],[-125.39813,49.548833],[-125.405661,49.545399],[-125.414724,49.546291],[-125.429559,49.555287],[-125.437776,49.551441],[-125.447494,49.533414],[-125.454128,49.533583],[-125.473655,49.527577],[-125.484394,49.518872],[-125.484375,49.510857],[-125.48949,49.509552],[-125.492654,49.5044],[-125.492799,49.499916],[-125.489908,49.498737],[-125.492554,49.483396],[-125.49644,49.478373],[-125.500869,49.478034],[-125.51443,49.48052],[-125.519447,49.478207],[-125.539554,49.48558],[-125.542067,49.489218],[-125.560408,49.488183],[-125.566312,49.490967],[-125.566762,49.497713],[-125.57246,49.497596],[-125.577829,49.500418],[-125.58403,49.499344],[-125.586223,49.502695],[-125.597953,49.506895],[-125.604906,49.502555],[-125.617618,49.501332],[-125.622854,49.494309],[-125.629446,49.493669],[-125.635434,49.497662],[-125.632868,49.507238],[-125.635189,49.514184],[-125.645383,49.51746],[-125.654573,49.517232],[-125.658754,49.513546],[-125.680635,49.510945],[-125.693693,49.51675],[-125.701954,49.511699],[-125.714511,49.514852],[-125.724071,49.511648],[-125.732619,49.513551],[-125.732861,49.515818],[-125.748968,49.5183],[-125.761377,49.51339],[-125.766532,49.514148],[-125.770668,49.517563],[-125.770356,49.526786],[-125.780086,49.531177],[-125.778006,49.534961],[-125.783245,49.540799],[-125.789441,49.540353],[-125.797174,49.544314],[-125.807417,49.545001],[-125.808608,49.540708],[-125.817056,49.539531],[-125.828224,49.541156],[-125.839833,49.545856],[-125.844613,49.544839],[-125.849624,49.538525],[-125.858337,49.540173],[-125.865943,49.545256],[-125.890022,49.544207],[-125.89409,49.547065],[-125.89381,49.555031],[-125.896327,49.556824],[-125.911954,49.559851],[-125.913103,49.564041],[-125.919687,49.566036],[-125.934301,49.566096],[-125.938415,49.569114],[-125.94332,49.569241],[-125.951305,49.572978],[-125.955588,49.582486],[-125.961958,49.584176],[-125.965793,49.582377],[-125.970539,49.585419],[-125.976116,49.579968],[-125.984776,49.577756],[-125.997349,49.582779],[-125.99997,49.581694],[-126.000587,49.574399],[-126.00523,49.57183],[-126.013024,49.571261],[-126.021619,49.577781],[-126.029271,49.577078],[-126.035858,49.569986],[-126.045517,49.568326],[-126.047569,49.560453],[-126.051928,49.556965],[-126.067418,49.551646],[-126.073439,49.555712],[-126.085417,49.558237],[-126.096668,49.572105],[-126.105402,49.572561],[-126.108546,49.57009],[-126.116454,49.571574],[-126.115558,49.568466],[-126.121265,49.56551],[-126.133656,49.570284],[-126.143154,49.570366],[-126.149514,49.579204],[-126.158221,49.572222],[-126.16651,49.572425],[-126.184458,49.567715],[-126.188955,49.55498],[-126.195731,49.557393],[-126.211917,49.552437],[-126.226012,49.559923],[-126.248411,49.55511],[-126.257114,49.560215],[-126.26083,49.56795],[-126.261072,49.571854],[-126.25727,49.574694],[-126.263731,49.577915],[-126.273005,49.57064],[-126.283913,49.572993],[-126.287095,49.580714],[-126.297926,49.585016],[-126.305326,49.59191],[-126.313579,49.594269],[-126.318135,49.60356],[-126.33368,49.607608],[-126.338062,49.606467],[-126.337293,49.598974],[-126.340823,49.597705],[-126.351784,49.599756],[-126.356768,49.597171],[-126.354841,49.585207],[-126.357962,49.579356],[-126.367662,49.571969],[-126.379323,49.572486],[-126.382399,49.570846],[-126.386337,49.561858],[-126.402665,49.56354],[-126.405867,49.571744],[-126.422853,49.576496],[-126.429852,49.575554],[-126.438638,49.57888],[-126.450522,49.577283],[-126.46287,49.578757],[-126.478524,49.571102],[-126.490972,49.558737],[-126.502068,49.551857],[-126.502058,49.541499],[-126.711326,49.541518],[-126.67889,49.531672],[-126.651638,49.531277],[-126.636758,49.534475],[-126.633613,49.520488],[-126.624873,49.508516],[-126.625345,49.501968],[-126.633216,49.491536],[-126.637947,49.476778],[-126.639118,49.457792],[-126.632055,49.442219],[-126.641125,49.427748],[-126.641712,49.408616],[-126.634494,49.394294],[-126.617712,49.379174],[-126.608291,49.35574],[-126.584756,49.339352],[-126.551844,49.33284],[-126.502006,49.336345],[-126.48116,49.333579],[-126.464505,49.334242],[-126.432866,49.343046],[-126.417439,49.354257],[-126.409613,49.366511],[-126.394643,49.363841],[-126.385066,49.352006],[-126.353519,49.335647],[-126.324849,49.313037],[-126.300403,49.30361],[-126.295044,49.295529],[-126.297491,49.285829],[-126.294304,49.270898],[-126.275634,49.252041],[-126.224738,49.226025],[-126.194344,49.219608],[-126.183299,49.210832],[-126.165401,49.203372],[-126.158797,49.186898],[-126.162983,49.174144],[-126.159848,49.159112],[-126.148583,49.145645],[-126.128451,49.133321],[-126.115842,49.12873],[-126.095022,49.125682],[-126.083327,49.119479],[-126.062162,49.113593],[-125.997068,49.105923],[-125.978517,49.094183],[-125.954089,49.087953],[-125.945919,49.072177],[-125.927057,49.056865],[-125.897135,49.041276],[-125.874731,49.034855],[-125.851326,49.02275],[-125.824927,49.018593],[-125.768435,49.021533],[-125.745669,49.008925],[-125.739228,48.989765],[-125.718825,48.966567],[-125.699239,48.956935],[-125.673442,48.951672],[-125.651696,48.929007],[-125.615872,48.907123],[-125.602166,48.90133],[-125.584922,48.887558],[-125.555616,48.87847],[-125.523207,48.879354],[-125.467357,48.874376],[-125.452169,48.864261],[-125.428455,48.822206],[-125.420244,48.812889],[-125.408499,48.805415],[-125.383905,48.794172],[-125.260077,48.74905],[-125.229783,48.74006],[-125.203015,48.738137],[-125.191513,48.733625],[-125.169086,48.705078],[-125.135101,48.684595],[-125.104496,48.677573],[-125.072256,48.678175],[-125.048706,48.673898],[-125.026626,48.665886],[-124.974561,48.657146],[-124.936959,48.642984],[-124.878498,48.629086],[-124.869615,48.62498],[-124.851252,48.669797],[-124.854964,48.683246],[-124.849746,48.687432],[-124.838585,48.686537],[-124.819775,48.689417],[-124.801968,48.696576],[-124.787494,48.717712],[-124.773444,48.731685],[-124.751497,48.742791],[-124.741608,48.744845],[-124.736624,48.7505],[-124.738467,48.758895],[-124.730032,48.771702],[-124.693645,48.796088],[-124.680475,48.813547],[-124.68156,48.823213],[-124.669429,48.828769],[-124.672745,48.833985],[-124.669382,48.841117],[-124.665733,48.841326],[-124.658759,48.83704],[-124.649347,48.843427],[-124.654986,48.854683],[-124.649946,48.859344],[-124.654081,48.862381],[-124.652694,48.867529],[-124.644064,48.867174],[-124.638861,48.861701],[-124.616957,48.876637],[-124.610096,48.876035],[-124.604632,48.879891],[-124.588674,48.879095],[-124.589082,48.883821],[-124.583013,48.888261],[-124.572115,48.889231],[-124.570429,48.898444],[-124.559375,48.894835],[-124.550265,48.900468],[-124.551041,48.907687],[-124.544945,48.912563],[-124.546247,48.92179],[-124.550209,48.926064],[-124.545717,48.927587],[-124.549784,48.932097],[-124.539411,48.934299],[-124.641249,49.017002],[-124.627822,49.018815],[-124.627821,49.017006],[-124.620944,49.017912],[-124.618192,49.013388],[-124.608565,49.013389],[-124.608565,49.017008],[-124.603063,49.017913],[-124.603063,49.020627],[-124.60719,49.020627],[-124.604439,49.024246],[-124.605333,49.028352],[-124.60771,49.028352],[-124.60771,49.036495],[-124.611838,49.036494],[-124.611838,49.039208],[-124.61459,49.039208],[-124.615968,49.048255],[-124.62285,49.049159],[-124.622851,49.051873],[-124.629733,49.051871],[-124.629736,49.059109],[-124.626984,49.060919],[-124.629737,49.060918],[-124.632853,49.07028],[-124.638362,49.072087],[-124.638841,49.081066],[-124.635617,49.086563],[-124.630108,49.086564],[-124.630115,49.09742],[-124.613584,49.099233],[-124.613583,49.097423],[-124.608073,49.097424],[-124.610825,49.08114],[-124.605316,49.08114],[-124.602562,49.075712],[-124.597127,49.075709],[-124.598193,49.106673],[-124.582014,49.104556],[-124.575779,49.108437],[-124.579064,49.113079],[-124.576172,49.121278],[-124.577876,49.131383],[-124.58485,49.14151],[-124.59001,49.142444],[-124.59001,49.146741],[-124.595523,49.147644],[-124.595523,49.151265],[-124.591381,49.15127],[-124.591382,49.158511],[-124.630068,49.15898],[-124.62982,49.162624],[-124.635368,49.162784],[-124.635123,49.169499],[-124.640697,49.169493],[-124.646213,49.173109],[-124.656952,49.1731],[-124.652732,49.183602],[-124.658706,49.184853],[-124.660615,49.180937],[-124.665772,49.182018],[-124.672624,49.170685],[-124.689161,49.17065],[-124.689411,49.215342],[-124.673315,49.215334],[-124.67325,49.220805],[-124.6788,49.220833],[-124.678714,49.228051],[-124.673116,49.228023],[-124.67316,49.224356],[-124.661963,49.224298],[-124.661918,49.227964],[-124.667517,49.227994],[-124.667472,49.23166],[-124.673071,49.231689],[-124.673117,49.238961],[-124.676516,49.239093],[-124.676461,49.257041],[-124.687513,49.257069],[-124.687429,49.267877],[-124.692954,49.26788],[-124.692898,49.275087],[-124.698424,49.275088],[-124.698371,49.282303],[-124.703899,49.282306],[-124.703924,49.278695],[-124.715001,49.278702],[-124.715029,49.275094],[-124.748041,49.275773],[-124.747444,49.290231],[-124.752966,49.290382],[-124.75246,49.301168],[-124.758162,49.301307],[-124.758622,49.297515],[-124.763497,49.296805],[-124.773258,49.29864],[-124.773401,49.316545],[-124.783006,49.316444],[-124.783181,49.325489],[-124.794564,49.325434],[-124.79451,49.321838],[-124.80007,49.321791],[-124.800187,49.326559],[-124.808225,49.326514],[-124.80822,49.329228],[-124.813756,49.329232],[-124.813748,49.333755],[-124.822053,49.333761],[-124.822045,49.339189],[-124.826196,49.339192],[-124.826253,49.343729],[-124.834513,49.345587],[-124.834497,49.349348],[-124.844711,49.355772],[-124.849282,49.354712],[-124.866075,49.361687],[-124.867219,49.364004],[-124.862992,49.368638],[-124.867974,49.377085],[-124.895743,49.377358],[-124.895663,49.386933],[-124.911698,49.389472],[-124.911756,49.392157],[-124.919954,49.393895],[-124.917861,49.397734],[-124.929389,49.399556],[-124.926879,49.408632],[-124.935556,49.411228],[-124.935618,49.413935],[-124.94115,49.41577],[-124.941209,49.419391],[-124.948069,49.419377],[-124.95099,49.427489],[-124.966056,49.425643],[-124.966159,49.431825],[-124.972492,49.431821],[-124.972534,49.442836],[-124.976635,49.442862],[-124.976661,49.445596],[-124.983634,49.445604],[-124.983682,49.452863],[-124.991973,49.451107],[-124.992062,49.452792],[-124.997402,49.452764],[-124.996074,49.456494],[-125.011143,49.458345],[-125.011202,49.462033],[-125.016651,49.46393],[-125.013977,49.469365],[-125.022212,49.471132],[-125.022202,49.474798],[-125.024971,49.474786],[-125.024942,49.480051],[-125.019566,49.480109],[-125.019558,49.485566],[-125.02205,49.4856],[-125.024884,49.492788],[-125.035883,49.492762],[-125.033353,49.485507],[-125.041409,49.483583],[-125.044145,49.480395],[-125.052838,49.480291],[-125.053019,49.476549],[-125.068688,49.476951],[-125.074381,49.480392],[-125.077151,49.487394],[-125.082379,49.487414],[-125.082351,49.491094],[-125.093484,49.493087],[-125.093388,49.502051],[-125.10671,49.503858],[-125.108369,49.514559],[-125.125942,49.514646],[-125.1259,49.518265],[-125.131418,49.518267],[-125.131376,49.521886],[-125.136894,49.521888],[-125.136852,49.525507],[-125.142371,49.525509],[-125.14233,49.529127],[-125.149912,49.529145],[-125.147681,49.521924],[-125.14208,49.521941],[-125.142174,49.51103],[-125.128299,49.510936],[-125.128272,49.509176],[-125.133824,49.509196],[-125.133777,49.50195],[-125.152065,49.506424],[-125.160618,49.506293],[-125.16062,49.507986],[-125.171732,49.50798],[-125.17177,49.499078],[-125.170273,49.495689],[-125.166147,49.495671],[-125.166263,49.490358],[-125.19236,49.491319],[-125.192234,49.49416],[-125.206721,49.494315],[-125.206743,49.491248],[-125.233255,49.490326],[-125.383695,49.608803]]]},"properties":{"id":"RDAC","boundaryCode":"RDAC","boundaryName":"Regional District of Alberni-Clayoquot","reportingName":"Alberni-Clayoquot","jurisdiction_count":4,"population_2015":30106,"vehicle_idling_population":2053,"vehicle_idling_percent":6.8,"vehicle_idling_band":"1–25%","vehicle_idling_display":"Regional District of Alberni-Clayoquot · 6.8% covered","vehicle_idling_details":"Vehicle idling: 6.8% of the regional district population covered (2015 population estimate).\nAlberni-Clayoqout RD-uninc: no bylaw reported\nPort Alberni: no bylaw reported\nTofino: bylaw reported\nUcluelet: no bylaw reported","open_burning_population":13957,"open_burning_percent":46.4,"open_burning_band":"26–50%","open_burning_display":"Regional District of Alberni-Clayoquot · 46.4% covered","open_burning_details":"Open burning: 46.4% of the regional district population covered (2015 population estimate).\nAlberni-Clayoqout RD-uninc: bylaw reported\nPort Alberni: no bylaw reported\nTofino: bylaw reported\nUcluelet: bylaw reported","solid_fuel_population":16149,"solid_fuel_percent":53.6,"solid_fuel_band":"51–75%","solid_fuel_display":"Regional District of Alberni-Clayoquot · 53.6% covered","solid_fuel_details":"Solid fuel appliance: 53.6% of the regional district population covered (2015 population estimate).\nAlberni-Clayoqout RD-uninc: no bylaw reported\nPort Alberni: bylaw reported\nTofino: no bylaw reported\nUcluelet: no bylaw reported"},"id":"RDAC"},{"type":"Feature","geometry":{"type":"Polygon","coordinates":[[[-123.304341,53.470823],[-123.280334,53.470871],[-123.280309,53.499743],[-123.304437,53.499754],[-123.303871,53.617652],[-123.306649,53.622681],[-123.318116,53.631631],[-123.319349,53.63667],[-123.337308,53.641313],[-123.338507,53.645606],[-123.355457,53.644984],[-123.369759,53.651158],[-123.373266,53.648577],[-123.378099,53.649272],[-123.371383,53.655441],[-123.373762,53.665231],[-123.386076,53.664688],[-123.409778,53.678491],[-123.416656,53.675729],[-123.422153,53.676422],[-123.431939,53.68303],[-123.430964,53.688301],[-123.439087,53.693305],[-123.438698,53.701018],[-123.445576,53.709811],[-123.462089,53.706172],[-123.468212,53.7126],[-123.474751,53.714687],[-123.47502,53.718389],[-123.481001,53.720693],[-123.482815,53.726561],[-123.476588,53.735887],[-123.4816,53.746533],[-123.477249,53.749328],[-123.470292,53.747084],[-123.464408,53.748227],[-123.463469,53.750617],[-123.470927,53.754699],[-123.476747,53.764843],[-123.473332,53.767796],[-123.484586,53.778016],[-123.483943,53.78369],[-123.471885,53.78488],[-123.467911,53.787843],[-123.464497,53.785222],[-123.452697,53.78312],[-123.450547,53.790672],[-123.446096,53.791828],[-123.449735,53.801332],[-123.435495,53.805933],[-123.427363,53.803758],[-123.4272,53.940177],[-123.43307,53.98209],[-123.450891,53.985168],[-123.469052,53.997919],[-123.489314,54.002826],[-123.508953,53.998634],[-123.519921,54.005121],[-123.523743,54.003199],[-123.523393,53.993605],[-123.534809,53.987266],[-123.541819,53.987659],[-123.540656,53.991926],[-123.556835,54.006672],[-123.584522,54.023794],[-123.584396,54.030176],[-123.573003,54.032545],[-123.575532,54.037556],[-123.580009,54.039111],[-123.606129,54.038947],[-123.617967,54.042902],[-123.605981,54.058437],[-123.59714,54.060234],[-123.58678,54.058139],[-123.582247,54.060198],[-123.574094,54.074515],[-123.56709,54.079207],[-123.559245,54.079258],[-123.553323,54.076597],[-123.553921,54.065881],[-123.543199,54.0608],[-123.522665,54.068869],[-123.496366,54.065483],[-123.486504,54.069743],[-123.481835,54.076849],[-123.484893,54.084585],[-123.505243,54.092138],[-123.53063,54.098548],[-123.556119,54.10037],[-123.566195,54.10613],[-123.563263,54.115051],[-123.555508,54.120597],[-123.53286,54.126931],[-123.535952,54.136887],[-123.533011,54.143882],[-123.525494,54.148685],[-123.519523,54.148733],[-123.517877,54.151318],[-123.518285,54.17033],[-123.521479,54.170329],[-123.522522,54.25826],[-123.545861,54.269774],[-123.557506,54.269074],[-123.561819,54.275705],[-123.566502,54.273391],[-123.572118,54.277508],[-123.577205,54.277249],[-123.577615,54.288428],[-123.571011,54.291848],[-123.556305,54.290524],[-123.541418,54.299858],[-123.552874,54.30163],[-123.551512,54.316687],[-123.560469,54.319577],[-123.563173,54.316475],[-123.566642,54.320575],[-123.569752,54.316762],[-123.580484,54.315431],[-123.588008,54.31963],[-123.588296,54.323223],[-123.593435,54.324518],[-123.611031,54.32185],[-123.613677,54.318826],[-123.622647,54.316665],[-123.629008,54.322293],[-123.651857,54.327047],[-123.654876,54.322528],[-123.671567,54.319323],[-123.6715,54.315202],[-123.687454,54.31504],[-123.69227,54.317178],[-123.690553,54.328495],[-123.693025,54.329155],[-123.702894,54.322644],[-123.71028,54.324749],[-123.717655,54.32182],[-123.717996,54.319302],[-123.725836,54.324495],[-123.738808,54.319931],[-123.741047,54.325634],[-123.734876,54.329644],[-123.748096,54.327368],[-123.751947,54.335706],[-123.762241,54.335779],[-123.77926,54.339585],[-123.787357,54.336961],[-123.798227,54.338867],[-123.810834,54.334667],[-123.812255,54.33896],[-123.816724,54.340865],[-123.822452,54.339604],[-123.834086,54.345213],[-123.833011,54.350631],[-123.837597,54.349143],[-123.844102,54.352801],[-123.830954,54.362275],[-123.830296,54.368328],[-123.835102,54.371527],[-123.856675,54.374826],[-123.860418,54.378849],[-123.873175,54.379511],[-123.878697,54.373945],[-123.889841,54.372961],[-123.89469,54.369621],[-123.907224,54.371918],[-123.918792,54.366016],[-123.917514,54.363266],[-123.926262,54.364224],[-123.924655,54.372154],[-123.932951,54.383622],[-123.929776,54.387574],[-123.936376,54.391577],[-123.94528,54.391896],[-123.954338,54.395745],[-123.960592,54.406107],[-123.987774,54.403076],[-123.993848,54.40645],[-123.996963,54.403578],[-124.027704,54.419055],[-124.028603,54.425393],[-124.021886,54.428849],[-124.018715,54.428218],[-124.015028,54.433704],[-124.000299,54.435993],[-123.989307,54.434714],[-123.98674,54.436995],[-123.962141,54.440671],[-123.961183,54.456609],[-123.953758,54.456143],[-123.946868,54.460385],[-123.93774,54.457248],[-123.932804,54.457933],[-123.929929,54.467248],[-123.91694,54.472812],[-123.914587,54.477324],[-123.899772,54.477136],[-123.892058,54.481761],[-123.887104,54.479641],[-123.87971,54.480306],[-123.874435,54.482119],[-123.873862,54.486199],[-123.869439,54.48597],[-123.860843,54.49261],[-123.852734,54.492362],[-123.8502,54.49673],[-123.844528,54.49788],[-123.847683,54.49895],[-123.84626,54.508568],[-123.83002,54.518108],[-123.833638,54.52281],[-123.841067,54.521932],[-123.850881,54.525773],[-123.840891,54.531406],[-123.848102,54.542302],[-123.839058,54.548616],[-123.838018,54.553319],[-123.829393,54.551177],[-123.823775,54.558216],[-123.81686,54.559225],[-123.816791,54.562748],[-123.824228,54.562635],[-123.825379,54.567543],[-123.821642,54.568647],[-123.819816,54.578108],[-123.802912,54.578156],[-123.800466,54.576482],[-123.789239,54.580726],[-123.797884,54.582117],[-123.799078,54.585434],[-123.79277,54.5889],[-123.785373,54.588903],[-123.781535,54.593718],[-123.787645,54.598352],[-123.803718,54.599441],[-123.807488,54.607086],[-123.793492,54.606941],[-123.789779,54.611037],[-123.777493,54.613912],[-123.776638,54.616191],[-123.78075,54.62064],[-123.777933,54.626419],[-123.784653,54.628712],[-123.776769,54.631181],[-123.779459,54.6374],[-123.775893,54.642151],[-123.783076,54.644208],[-123.780279,54.658093],[-123.787532,54.661461],[-123.79431,54.660322],[-123.794847,54.656605],[-123.800427,54.657087],[-123.811299,54.659174],[-123.812591,54.663336],[-123.812757,54.667765],[-123.808409,54.667444],[-123.796701,54.674486],[-123.796955,54.682708],[-123.789753,54.687249],[-123.791056,54.690431],[-123.798344,54.691021],[-123.809294,54.69635],[-123.818602,54.693924],[-123.824228,54.696725],[-123.822871,54.698658],[-123.82899,54.698307],[-123.846938,54.695591],[-123.857158,54.688795],[-123.855883,54.68351],[-123.862977,54.683748],[-123.862084,54.69284],[-123.87181,54.69712],[-123.862698,54.703522],[-123.871952,54.705277],[-123.872442,54.712817],[-123.8883,54.718947],[-123.886913,54.721546],[-123.871509,54.72794],[-123.871598,54.732109],[-123.867871,54.733583],[-123.869087,54.738859],[-123.897089,54.740821],[-123.90899,54.73708],[-123.916664,54.741709],[-123.924803,54.743641],[-123.9298,54.742066],[-123.934427,54.748052],[-123.931053,54.752014],[-123.932556,54.761268],[-123.946176,54.767553],[-123.942559,54.767734],[-123.924246,54.781239],[-123.924295,54.786145],[-123.930486,54.786206],[-123.931741,54.791417],[-123.938816,54.792684],[-123.937995,54.798874],[-123.933079,54.798201],[-123.933534,54.80573],[-123.925694,54.80803],[-123.917705,54.806893],[-123.922153,54.817751],[-123.916118,54.824762],[-123.919658,54.82576],[-123.915475,54.829993],[-123.904252,54.832211],[-123.908977,54.835613],[-123.912434,54.833956],[-123.919428,54.836168],[-123.914622,54.839853],[-123.915694,54.843171],[-123.900622,54.844141],[-123.902797,54.847931],[-123.89439,54.856531],[-123.897483,54.857596],[-123.895609,54.863041],[-123.899923,54.868551],[-123.908059,54.870701],[-123.919787,54.861536],[-123.930176,54.862787],[-123.942215,54.860638],[-123.960047,54.863131],[-123.97455,54.856373],[-123.981473,54.857701],[-123.986779,54.863419],[-124,54.865119],[-124.007861,54.862841],[-124.019378,54.869331],[-124.005352,54.874734],[-124.007056,54.880152],[-123.995696,54.886371],[-124.001278,54.88956],[-123.99863,54.89279],[-124,55.032131],[-123.993253,55.020729],[-123.98431,55.019048],[-123.978454,55.01169],[-123.972452,55.01376],[-123.952496,55.009757],[-123.949898,55.01282],[-123.941691,55.012465],[-123.941539,55.01465],[-123.927534,55.01633],[-123.898844,55.024728],[-123.895417,55.034203],[-123.884028,55.039799],[-123.869269,55.042031],[-123.860015,55.048343],[-123.848402,55.049871],[-123.842384,55.048781],[-123.841466,55.045318],[-123.834355,55.046535],[-123.830709,55.044323],[-123.83476,55.038948],[-123.826572,55.033426],[-123.815026,55.039648],[-123.811935,55.033063],[-123.816591,55.028642],[-123.818147,55.014662],[-123.813051,55.003491],[-123.818803,54.999003],[-123.809477,54.995677],[-123.793724,54.996652],[-123.78343,54.992247],[-123.783171,54.988746],[-123.768299,54.980569],[-123.763799,54.980731],[-123.760814,54.976856],[-123.764405,54.974823],[-123.761916,54.964903],[-123.756512,54.96218],[-123.750721,54.96238],[-123.749395,54.953213],[-123.731564,54.955856],[-123.734313,54.951598],[-123.730203,54.947102],[-123.724695,54.944691],[-123.711606,54.94519],[-123.711557,54.93535],[-123.69942,54.928537],[-123.699414,54.924358],[-123.681857,54.92532],[-123.664935,54.922988],[-123.645336,54.933005],[-123.641016,54.942653],[-123.643597,54.946899],[-123.624032,54.961096],[-123.621904,54.955559],[-123.609162,54.948326],[-123.592283,54.948954],[-123.583792,54.944101],[-123.579636,54.944948],[-123.579979,54.950966],[-123.567567,54.957807],[-123.553625,54.959582],[-123.546088,54.966949],[-123.549714,54.975866],[-123.533453,54.994163],[-123.524944,54.998483],[-123.527885,55.001035],[-123.526393,55.00646],[-123.516565,55.020413],[-123.514108,55.018911],[-123.50426,55.020299],[-123.490057,55.016812],[-123.473323,55.022126],[-123.451418,55.0362],[-123.445859,55.037821],[-123.432929,55.035882],[-123.429723,55.03752],[-123.423119,55.045912],[-123.425534,55.06818],[-123.419207,55.077426],[-123.426302,55.08525],[-123.412323,55.093907],[-123.402337,55.096561],[-123.396171,55.105301],[-123.413794,55.121493],[-123.422399,55.125145],[-123.407132,55.135046],[-123.408103,55.138044],[-123.4153,55.141224],[-123.419874,55.153487],[-123.412096,55.157081],[-123.411527,55.16113],[-123.394565,55.165002],[-123.392551,55.170922],[-123.392685,55.176511],[-123.403821,55.181713],[-123.403813,55.185434],[-123.413606,55.190319],[-123.412736,55.197751],[-123.423229,55.216936],[-123.417917,55.222993],[-123.416223,55.235346],[-123.426115,55.24202],[-123.429122,55.24897],[-123.43528,55.249595],[-123.434434,55.254243],[-123.440307,55.258967],[-123.449922,55.259094],[-123.451247,55.264948],[-123.458437,55.267491],[-123.451825,55.27563],[-123.454198,55.282235],[-123.449672,55.288533],[-123.458399,55.292949],[-123.469969,55.294337],[-123.472914,55.304432],[-123.481826,55.304091],[-123.487325,55.312004],[-123.493665,55.313472],[-123.492459,55.325759],[-123.498917,55.326695],[-123.508082,55.323637],[-123.512984,55.329772],[-123.530865,55.33028],[-123.542692,55.326005],[-123.544881,55.319354],[-123.551203,55.315003],[-123.569761,55.31225],[-123.585516,55.318609],[-123.591929,55.313304],[-123.617244,55.306852],[-123.640228,55.314704],[-123.652993,55.305649],[-123.661971,55.303291],[-123.664232,55.295319],[-123.668447,55.298612],[-123.682995,55.293787],[-123.700502,55.296186],[-123.721452,55.291775],[-123.728164,55.287918],[-123.733089,55.28859],[-123.738363,55.293644],[-123.749931,55.292438],[-123.752814,55.295785],[-123.760226,55.297677],[-123.765645,55.298859],[-123.772257,55.297047],[-123.7815,55.299718],[-123.788331,55.306227],[-123.78515,55.312673],[-123.790506,55.318165],[-123.79021,55.326281],[-123.796445,55.329898],[-123.795418,55.332906],[-123.801868,55.332235],[-123.814436,55.338621],[-123.822975,55.338304],[-123.828255,55.34047],[-123.833609,55.338682],[-123.843588,55.340087],[-123.856535,55.335836],[-123.857412,55.341374],[-123.862555,55.344409],[-123.86181,55.350078],[-123.857027,55.354219],[-123.858057,55.35954],[-123.849725,55.361387],[-123.846878,55.364992],[-123.844949,55.373686],[-123.877983,55.376077],[-123.87747,55.380909],[-123.881843,55.38287],[-123.874079,55.388659],[-123.878325,55.390075],[-123.874957,55.396992],[-123.882371,55.400893],[-123.880469,55.406058],[-123.888582,55.406751],[-123.890255,55.409516],[-123.905486,55.415272],[-123.905132,55.419831],[-123.918931,55.421471],[-123.926387,55.427499],[-123.909974,55.43322],[-123.897584,55.449927],[-123.895398,55.464119],[-123.889711,55.467526],[-123.889459,55.470858],[-123.902875,55.485015],[-123.897735,55.48862],[-123.885482,55.48844],[-123.890003,55.499442],[-123.884317,55.502152],[-123.895966,55.506183],[-123.904703,55.520559],[-123.917617,55.531813],[-123.917008,55.538862],[-123.92642,55.54625],[-123.930557,55.554989],[-123.935575,55.556685],[-123.939304,55.551031],[-123.947746,55.548362],[-123.964458,55.551375],[-123.98597,55.550809],[-123.998226,55.552785],[-124.003469,55.548285],[-124.004011,55.542817],[-124.013082,55.536525],[-124.020457,55.537967],[-124.039205,55.536402],[-124.053762,55.541752],[-124.062491,55.541045],[-124.071393,55.543208],[-124.071235,55.545564],[-124.075878,55.545577],[-124.101542,55.55642],[-124.095644,55.566115],[-124.098167,55.568438],[-124.09408,55.570326],[-124.095816,55.58139],[-124.101996,55.586798],[-124.116613,55.591438],[-124.132053,55.600579],[-124.130623,55.607943],[-124.125059,55.610438],[-124.125875,55.617314],[-124.11669,55.624317],[-124.121282,55.628849],[-124.116984,55.633525],[-124.119561,55.635901],[-124.129617,55.636429],[-124.133161,55.639802],[-124.160099,55.642935],[-124.169652,55.650108],[-124.164961,55.658833],[-124.169522,55.664116],[-124.168126,55.669551],[-124.182897,55.670083],[-124.187265,55.679926],[-124.201454,55.680534],[-124.203154,55.683563],[-124.209077,55.68509],[-124.237679,55.677855],[-124.241433,55.688924],[-124.24784,55.690187],[-124.257166,55.685943],[-124.273823,55.683595],[-124.278889,55.69554],[-124.291779,55.694159],[-124.306377,55.704911],[-124.312439,55.713114],[-124.314149,55.717732],[-124.311161,55.719463],[-124.317326,55.731384],[-124.332617,55.73484],[-124.337652,55.739477],[-124.334969,55.747674],[-124.329367,55.74876],[-124.333249,55.759348],[-124.340429,55.766109],[-124.345825,55.764801],[-124.35047,55.766406],[-124.354567,55.772064],[-124.352778,55.774735],[-124.360822,55.780011],[-124.358593,55.784708],[-124.362569,55.790624],[-124.362581,55.792491],[-124.349545,55.794208],[-124.357462,55.81407],[-124.345512,55.817409],[-124.328093,55.83832],[-124.344331,55.840543],[-124.349025,55.846504],[-124.344299,55.854894],[-124.356611,55.857042],[-124.356405,55.861672],[-124.364051,55.866458],[-124.363538,55.869609],[-124.376869,55.875103],[-124.375625,55.880149],[-124.369162,55.880922],[-124.370072,55.888604],[-124.385078,55.895104],[-124.386668,55.9006],[-124.380495,55.905633],[-124.381709,55.910104],[-124.397882,55.924136],[-124.400513,55.933767],[-124.418668,55.942564],[-124.414017,55.955548],[-124.421823,55.960077],[-124.428099,55.959528],[-124.435486,55.962192],[-124.439051,55.974093],[-124.431773,55.980962],[-124.439747,55.988498],[-124.450452,55.991815],[-124.450987,56],[-125,56],[-126,56],[-127,56],[-128,56],[-128.44819,56],[-128.441552,55.993276],[-128.4463,55.986253],[-128.445136,55.980336],[-128.454316,55.981698],[-128.46227,55.980223],[-128.457184,55.969212],[-128.476832,55.961588],[-128.459163,55.950912],[-128.467557,55.946453],[-128.46107,55.945464],[-128.450761,55.934126],[-128.455978,55.927192],[-128.442818,55.921958],[-128.423189,55.917303],[-128.399367,55.920289],[-128.382758,55.911159],[-128.378123,55.913903],[-128.379569,55.927577],[-128.375558,55.930189],[-128.36615,55.910451],[-128.359584,55.905919],[-128.345893,55.905872],[-128.319921,55.910145],[-128.319363,55.913012],[-128.306251,55.919584],[-128.300923,55.925817],[-128.294533,55.924271],[-128.283655,55.929249],[-128.263347,55.929129],[-128.248307,55.934672],[-128.236265,55.929989],[-128.2364,55.928049],[-128.214753,55.928443],[-128.211792,55.922152],[-128.213639,55.909971],[-128.180963,55.902057],[-128.188727,55.887175],[-128.18177,55.881944],[-128.186449,55.87148],[-128.178517,55.863412],[-128.165617,55.865177],[-128.160835,55.860157],[-128.151536,55.856517],[-128.151612,55.854002],[-128.147316,55.853738],[-128.142006,55.846055],[-128.144317,55.84192],[-128.155816,55.840382],[-128.156248,55.838129],[-128.163665,55.836275],[-128.15673,55.826918],[-128.17271,55.825886],[-128.18116,55.822655],[-128.190047,55.825282],[-128.189255,55.823489],[-128.203921,55.818167],[-128.19637,55.799661],[-128.211691,55.802447],[-128.220707,55.801525],[-128.22534,55.79318],[-128.237549,55.786508],[-128.23548,55.780331],[-128.240137,55.776624],[-128.240377,55.76549],[-128.228258,55.745868],[-128.22923,55.742391],[-128.222313,55.739346],[-128.209673,55.73905],[-128.199051,55.73119],[-128.19033,55.730154],[-128.177762,55.720519],[-128.157934,55.720887],[-128.14901,55.725743],[-128.146436,55.723234],[-128.136517,55.723255],[-128.125615,55.715944],[-128.119453,55.716017],[-128.10122,55.719785],[-128.099451,55.72262],[-128.101568,55.72472],[-128.096585,55.729545],[-128.094968,55.740235],[-128.098479,55.742723],[-128.099714,55.765178],[-128.086934,55.771194],[-128.081563,55.756939],[-128.075948,55.757175],[-128.068132,55.75215],[-128.056425,55.752669],[-128.049278,55.745192],[-128.049335,55.740205],[-128.042787,55.745465],[-128.033717,55.746364],[-128.028883,55.744203],[-128.025771,55.74685],[-128.015949,55.740248],[-128.009141,55.751055],[-128.002394,55.755244],[-127.998116,55.753054],[-127.986271,55.745317],[-127.983917,55.740275],[-127.989023,55.738672],[-127.98532,55.735712],[-127.985104,55.728288],[-127.963331,55.715697],[-127.947113,55.69269],[-127.940173,55.689813],[-127.921918,55.68965],[-127.909475,55.706307],[-127.914227,55.711714],[-127.908884,55.717511],[-127.899399,55.718852],[-127.868098,55.715638],[-127.856514,55.708405],[-127.849821,55.711151],[-127.833715,55.711893],[-127.816125,55.706162],[-127.803945,55.712056],[-127.797758,55.712418],[-127.77895,55.702518],[-127.771607,55.706821],[-127.758878,55.710243],[-127.746355,55.710628],[-127.729865,55.717009],[-127.711131,55.710692],[-127.700762,55.706541],[-127.701913,55.701333],[-127.694805,55.697141],[-127.69842,55.694503],[-127.694963,55.692875],[-127.695969,55.687494],[-127.674234,55.671166],[-127.675064,55.65748],[-127.667215,55.650687],[-127.668871,55.647474],[-127.657096,55.640022],[-127.651733,55.640736],[-127.640767,55.636706],[-127.636436,55.631931],[-127.636482,55.625138],[-127.623487,55.617076],[-127.619466,55.608601],[-127.623011,55.606197],[-127.616443,55.600677],[-127.603324,55.603584],[-127.600095,55.608303],[-127.593675,55.606196],[-127.590185,55.607432],[-127.595756,55.60037],[-127.579629,55.59073],[-127.584071,55.584924],[-127.582665,55.580018],[-127.574337,55.573433],[-127.573286,55.56816],[-127.561054,55.56327],[-127.552111,55.555764],[-127.555583,55.550252],[-127.547429,55.540577],[-127.529074,55.539764],[-127.511132,55.54485],[-127.506844,55.542146],[-127.494617,55.540896],[-127.486429,55.54381],[-127.471474,55.541017],[-127.464442,55.535781],[-127.473495,55.53238],[-127.472862,55.520519],[-127.461909,55.513261],[-127.463978,55.508248],[-127.458891,55.503484],[-127.442683,55.493049],[-127.434534,55.492041],[-127.42688,55.494762],[-127.413103,55.494739],[-127.417992,55.504284],[-127.41622,55.508206],[-127.410185,55.508895],[-127.401365,55.514475],[-127.379002,55.510999],[-127.372107,55.513065],[-127.358155,55.512267],[-127.35302,55.515398],[-127.341623,55.517329],[-127.313643,55.518412],[-127.304419,55.513737],[-127.308285,55.50963],[-127.306165,55.50295],[-127.295711,55.49974],[-127.296462,55.496328],[-127.276303,55.48482],[-127.273223,55.477351],[-127.263124,55.47463],[-127.253983,55.478122],[-127.23215,55.477324],[-127.225471,55.469255],[-127.194225,55.468574],[-127.184421,55.465373],[-127.157444,55.437666],[-127.143869,55.435906],[-127.138297,55.430698],[-127.11186,55.421296],[-127.112077,55.418849],[-127.104501,55.415269],[-127.073947,55.404842],[-127.064603,55.390153],[-127.070343,55.384797],[-127.054527,55.377024],[-127.038216,55.379705],[-127.035068,55.387785],[-126.987073,55.382151],[-126.974572,55.376866],[-126.969479,55.383523],[-126.945208,55.383962],[-126.925092,55.388538],[-126.928421,55.382546],[-126.921678,55.378369],[-126.894319,55.377829],[-126.891971,55.370032],[-126.880376,55.369058],[-126.876527,55.364902],[-126.853427,55.36253],[-126.8498,55.355998],[-126.86112,55.35302],[-126.867019,55.353618],[-126.880502,55.343085],[-126.871217,55.329792],[-126.87676,55.324304],[-126.878637,55.312178],[-126.876024,55.308304],[-126.894677,55.302722],[-126.899414,55.292692],[-126.916292,55.295237],[-126.926174,55.291495],[-126.944532,55.293469],[-126.951299,55.284004],[-126.946389,55.278876],[-126.940761,55.278095],[-126.93086,55.269863],[-126.920638,55.266055],[-126.909094,55.264078],[-126.88445,55.268723],[-126.879464,55.264789],[-126.873461,55.264217],[-126.86921,55.258472],[-126.855017,55.249981],[-126.846761,55.235319],[-126.847891,55.229829],[-126.836984,55.221673],[-126.822139,55.223053],[-126.812663,55.229832],[-126.810602,55.227278],[-126.80193,55.227052],[-126.789459,55.22118],[-126.772519,55.225374],[-126.762009,55.213273],[-126.751574,55.214804],[-126.742134,55.212607],[-126.741343,55.203454],[-126.746129,55.202194],[-126.743892,55.198683],[-126.749314,55.18753],[-126.743635,55.18608],[-126.743865,55.177393],[-126.738317,55.170617],[-126.739873,55.161438],[-126.731974,55.160917],[-126.720808,55.156026],[-126.710214,55.138452],[-126.696934,55.144269],[-126.696107,55.138186],[-126.689535,55.13199],[-126.691988,55.127995],[-126.684112,55.121779],[-126.673576,55.120904],[-126.669659,55.12757],[-126.6601,55.130084],[-126.638306,55.121106],[-126.644158,55.118583],[-126.648439,55.108286],[-126.644057,55.102808],[-126.645303,55.095488],[-126.650638,55.093515],[-126.657229,55.080878],[-126.685154,55.083434],[-126.695939,55.079818],[-126.705343,55.079771],[-126.7273,55.065019],[-126.728664,55.061674],[-126.724556,55.061332],[-126.722989,55.058197],[-126.731241,55.053112],[-126.736784,55.053988],[-126.745007,55.060423],[-126.752363,55.068873],[-126.75451,55.079475],[-126.764047,55.077029],[-126.771036,55.079015],[-126.783892,55.077592],[-126.789104,55.078912],[-126.789248,55.083409],[-126.807008,55.07956],[-126.812843,55.081837],[-126.818674,55.081118],[-126.820287,55.073057],[-126.827549,55.069142],[-126.839054,55.071219],[-126.850841,55.068741],[-126.854962,55.058851],[-126.860957,55.056559],[-126.880848,55.057956],[-126.896384,55.052833],[-126.89432,55.047404],[-126.897594,55.034727],[-126.889164,55.033832],[-126.897671,55.029696],[-126.907329,55.030614],[-126.909762,55.027749],[-126.924896,55.024567],[-126.943195,55.023863],[-126.951181,55.019441],[-126.950209,55.014589],[-126.931625,55],[-127.24597,55],[-127.245955,55.00536],[-127.277417,55.005415],[-127.277431,55],[-127.343866,55.001214],[-127.343988,54.993991],[-127.369146,54.994132],[-127.369048,55],[-127.799991,55],[-127.8,54.627972],[-127.796999,54.618376],[-127.811322,54.604659],[-127.80547,54.598822],[-127.791542,54.599149],[-127.776109,54.603319],[-127.774011,54.6],[-127.762479,54.59537],[-127.751689,54.595943],[-127.741076,54.591905],[-127.71151,54.591396],[-127.706353,54.58709],[-127.693119,54.583775],[-127.690099,54.57385],[-127.695117,54.567121],[-127.691188,54.562606],[-127.679739,54.557781],[-127.685224,54.551208],[-127.691058,54.550085],[-127.69278,54.546041],[-127.706741,54.54731],[-127.714006,54.545558],[-127.727402,54.547794],[-127.736881,54.542231],[-127.751721,54.540722],[-127.758135,54.531682],[-127.766375,54.529264],[-127.77417,54.520469],[-127.768192,54.5076],[-127.774472,54.496951],[-127.764923,54.486112],[-127.766657,54.483215],[-127.775905,54.479932],[-127.774834,54.468337],[-127.778544,54.46397],[-127.753217,54.439354],[-127.728649,54.44901],[-127.713988,54.458582],[-127.709147,54.457908],[-127.706538,54.461999],[-127.69522,54.463729],[-127.678959,54.458894],[-127.661703,54.457736],[-127.654566,54.454286],[-127.641446,54.456975],[-127.640763,54.451399],[-127.624246,54.444417],[-127.615339,54.448791],[-127.607066,54.44626],[-127.596203,54.452912],[-127.587142,54.453954],[-127.578256,54.452486],[-127.570604,54.447659],[-127.559492,54.448253],[-127.54721,54.444962],[-127.544596,54.438219],[-127.537686,54.434385],[-127.54972,54.430252],[-127.552435,54.423056],[-127.547157,54.415586],[-127.558115,54.407453],[-127.561061,54.401347],[-127.553674,54.396872],[-127.551711,54.39174],[-127.541411,54.390711],[-127.535653,54.388053],[-127.536215,54.383961],[-127.528738,54.382028],[-127.546447,54.378979],[-127.54555,54.369801],[-127.551833,54.365508],[-127.557636,54.365497],[-127.569188,54.357751],[-127.564804,54.354105],[-127.562403,54.344898],[-127.569279,54.339623],[-127.571964,54.330496],[-127.586232,54.324336],[-127.584297,54.317985],[-127.595631,54.307988],[-127.59942,54.306396],[-127.604486,54.308907],[-127.632375,54.309147],[-127.633818,54.30547],[-127.639728,54.305222],[-127.645034,54.299035],[-127.653152,54.301265],[-127.665205,54.294011],[-127.66236,54.291587],[-127.666475,54.289423],[-127.661139,54.280106],[-127.664535,54.278633],[-127.662474,54.275869],[-127.665289,54.27288],[-127.673727,54.266951],[-127.675024,54.258085],[-127.664549,54.254287],[-127.657442,54.24688],[-127.660779,54.231511],[-127.682242,54.220467],[-127.69404,54.220856],[-127.697002,54.215267],[-127.702891,54.213473],[-127.700094,54.207817],[-127.707451,54.202988],[-127.718268,54.203733],[-127.720176,54.199034],[-127.727245,54.195487],[-127.723682,54.193371],[-127.728004,54.190228],[-127.732985,54.190244],[-127.745575,54.178386],[-127.738127,54.167351],[-127.743478,54.162643],[-127.735808,54.154482],[-127.738757,54.150146],[-127.732445,54.146037],[-127.725504,54.146437],[-127.722515,54.143565],[-127.727442,54.139159],[-127.71955,54.134482],[-127.717077,54.125836],[-127.73655,54.121053],[-127.74532,54.115932],[-127.771354,54.112479],[-127.794975,54.113509],[-127.815782,54.104853],[-127.823735,54.104329],[-127.824825,54.091225],[-127.84281,54.083391],[-127.851203,54.075067],[-127.849657,54.070181],[-127.857244,54.06602],[-127.863313,54.053628],[-127.860109,54.046794],[-127.876551,54.042526],[-127.881428,54.03779],[-127.887022,54.039343],[-127.893957,54.028246],[-127.893114,54.023858],[-127.900965,54.019625],[-127.907544,54.025431],[-127.914432,54.021203],[-127.939085,54.020551],[-127.940003,54.015077],[-127.946789,54.013464],[-127.950787,54.003726],[-127.955399,54.00166],[-127.95825,54.003084],[-127.960701,53.999241],[-127.979513,53.993999],[-127.983944,53.995556],[-127.98998,53.993676],[-128.010329,53.998374],[-128.017415,53.997434],[-128.020767,54.002153],[-128.031003,54.007458],[-128.042872,54.001576],[-128.044678,53.992018],[-128.040179,53.980693],[-128.05003,53.974659],[-128.04696,53.963332],[-128.05266,53.95149],[-128.045824,53.948542],[-128.045568,53.93974],[-128.061222,53.930551],[-128.064178,53.902069],[-128.051235,53.900938],[-128.04485,53.898477],[-128.045493,53.896547],[-128.035292,53.89364],[-128.027426,53.898373],[-128.022494,53.894313],[-128.00437,53.890014],[-128.003355,53.883931],[-128.019283,53.876951],[-128.011751,53.871253],[-128.016228,53.863272],[-128.009717,53.856415],[-127.988708,53.850486],[-127.9807,53.842823],[-127.971066,53.843298],[-127.96242,53.836509],[-127.96202,53.83176],[-127.957627,53.831209],[-127.95488,53.826817],[-127.958964,53.823284],[-127.954214,53.821035],[-127.947154,53.810777],[-127.922386,53.800004],[-127.917102,53.800001],[-127.909851,53.786717],[-127.900912,53.78505],[-127.903398,53.779958],[-127.898259,53.773942],[-127.912887,53.769249],[-127.906611,53.763753],[-127.904813,53.754091],[-127.897989,53.746887],[-127.878936,53.739426],[-127.879127,53.737351],[-127.863123,53.732823],[-127.859877,53.72934],[-127.849863,53.729694],[-127.84437,53.724913],[-127.827051,53.730109],[-127.818521,53.729479],[-127.811285,53.708167],[-127.83759,53.701449],[-127.823117,53.696247],[-127.824547,53.687866],[-127.808283,53.683887],[-127.809964,53.678544],[-127.819272,53.673971],[-127.817002,53.66999],[-127.823039,53.662115],[-127.809479,53.65781],[-127.7966,53.662095],[-127.779408,53.66104],[-127.781775,53.658709],[-127.777095,53.654158],[-127.7825,53.652982],[-127.791134,53.638964],[-127.789221,53.636537],[-127.77937,53.636158],[-127.775699,53.631824],[-127.757892,53.632566],[-127.765329,53.622854],[-127.759216,53.614344],[-127.749673,53.610278],[-127.747271,53.605801],[-127.746968,53.602087],[-127.752854,53.601861],[-127.756004,53.598541],[-127.765242,53.595796],[-127.762675,53.592111],[-127.767177,53.591618],[-127.761889,53.58644],[-127.754826,53.585665],[-127.753942,53.577374],[-127.758685,53.570657],[-127.770552,53.56381],[-127.766429,53.558734],[-127.770966,53.553723],[-127.742951,53.551607],[-127.739006,53.555808],[-127.724455,53.55675],[-127.712225,53.544888],[-127.695869,53.549161],[-127.68046,53.549073],[-127.672391,53.543101],[-127.678814,53.540398],[-127.678885,53.532281],[-127.67227,53.532487],[-127.66763,53.527473],[-127.660189,53.527561],[-127.652651,53.529292],[-127.644792,53.537284],[-127.636044,53.540017],[-127.635765,53.549587],[-127.617894,53.562524],[-127.611368,53.550493],[-127.60797,53.547478],[-127.603267,53.547756],[-127.606052,53.543078],[-127.598914,53.54152],[-127.589609,53.542687],[-127.587957,53.544699],[-127.574574,53.539659],[-127.567842,53.532099],[-127.560261,53.531847],[-127.5576,53.529792],[-127.554232,53.513498],[-127.56599,53.508762],[-127.571738,53.508675],[-127.570231,53.503263],[-127.566554,53.501861],[-127.553851,53.481275],[-127.550009,53.480954],[-127.546446,53.475711],[-127.531506,53.468046],[-127.529284,53.461738],[-127.520021,53.46041],[-127.519117,53.450879],[-127.513791,53.451612],[-127.509414,53.466499],[-127.496232,53.467975],[-127.494101,53.474784],[-127.483206,53.484508],[-127.447595,53.492249],[-127.436332,53.491095],[-127.428046,53.480792],[-127.413478,53.472288],[-127.414545,53.465949],[-127.406087,53.458437],[-127.410425,53.450237],[-127.408257,53.446056],[-127.39667,53.439598],[-127.386582,53.438815],[-127.374636,53.434248],[-127.377214,53.429806],[-127.373063,53.425389],[-127.376211,53.415453],[-127.365271,53.411528],[-127.363026,53.396332],[-127.369418,53.391724],[-127.363067,53.375664],[-127.355993,53.373416],[-127.351832,53.365465],[-127.341333,53.365465],[-127.335238,53.362253],[-127.335143,53.359294],[-127.324664,53.354428],[-127.3157,53.355785],[-127.323649,53.344159],[-127.31952,53.342722],[-127.320493,53.333794],[-127.317824,53.331605],[-127.313646,53.332445],[-127.308207,53.328129],[-127.298956,53.328004],[-127.292548,53.321842],[-127.293657,53.319278],[-127.279775,53.313909],[-127.280158,53.309192],[-127.267226,53.305348],[-127.26543,53.300036],[-127.256904,53.296028],[-127.271309,53.285647],[-127.266622,53.283576],[-127.26503,53.27733],[-127.254623,53.273951],[-127.257033,53.269284],[-127.250804,53.258773],[-127.242195,53.254089],[-127.230193,53.251403],[-127.228995,53.24849],[-127.217094,53.249913],[-127.202119,53.24726],[-127.192682,53.252491],[-127.194801,53.2587],[-127.167395,53.272902],[-127.160066,53.270353],[-127.1514,53.270642],[-127.150418,53.26622],[-127.13919,53.257236],[-127.139441,53.253176],[-127.131917,53.246306],[-127.132193,53.238903],[-127.121217,53.24235],[-127.114991,53.238165],[-127.105807,53.242532],[-127.096235,53.243096],[-127.084252,53.237566],[-127.076693,53.240043],[-127.079564,53.248882],[-127.075183,53.257439],[-127.068914,53.262043],[-127.075862,53.276941],[-127.063528,53.287939],[-127.060292,53.294493],[-127.044161,53.295488],[-127.025445,53.300107],[-127.019672,53.305198],[-127.004326,53.30372],[-127.000293,53.292209],[-126.987242,53.291035],[-126.97781,53.262006],[-126.983759,53.257315],[-126.989644,53.258736],[-126.995325,53.255892],[-127.000643,53.256305],[-127.004499,53.245599],[-127.001307,53.240249],[-127.006914,53.234599],[-127.021877,53.234426],[-127.035658,53.226022],[-127.042538,53.214014],[-127.037555,53.211085],[-127.037801,53.205694],[-127.044775,53.202159],[-127.043811,53.19834],[-127.036865,53.197659],[-127.02907,53.200156],[-127.025397,53.198638],[-127.026063,53.194894],[-127.016197,53.18713],[-127.018502,53.18582],[-127.014989,53.171969],[-127.002804,53.161283],[-127.002264,53.155825],[-126.99264,53.151492],[-126.995364,53.142781],[-126.992156,53.133008],[-127.005282,53.126863],[-127.01392,53.1269],[-127.017286,53.120989],[-127.031526,53.115177],[-127.025638,53.109643],[-127.030028,53.105769],[-127.021257,53.101578],[-127.01631,53.092217],[-127.008804,53.08721],[-127.009872,53.083931],[-127.01894,53.079818],[-127.015503,53.07308],[-127.006627,53.070999],[-127.001401,53.065535],[-126.992345,53.066092],[-126.989632,53.071144],[-126.977162,53.070295],[-126.972946,53.071706],[-126.972499,53.077399],[-126.960016,53.084458],[-126.953875,53.085082],[-126.947907,53.091782],[-126.94186,53.090917],[-126.939752,53.084942],[-126.918759,53.082838],[-126.90983,53.085828],[-126.899839,53.081596],[-126.887587,53.08297],[-126.875827,53.087688],[-126.865486,53.108946],[-126.839976,53.106364],[-126.816369,53.087371],[-126.807889,53.083641],[-126.812615,53.077309],[-126.795148,53.065307],[-126.789348,53.048844],[-126.797655,53.029638],[-126.796157,53.024295],[-126.789827,53.019964],[-126.79156,53.002041],[-126.78766,52.996513],[-126.782128,52.995922],[-126.780017,53.003096],[-126.773637,53.005986],[-126.769155,53.001865],[-126.757863,52.998014],[-126.749566,52.990536],[-126.742503,52.990204],[-126.733478,52.993164],[-126.717045,52.990901],[-126.707726,52.986517],[-126.703882,52.990914],[-126.688354,52.997979],[-126.686484,53.005374],[-126.671708,53.017638],[-126.672745,53.022198],[-126.661528,53.025296],[-126.6522,53.033933],[-126.635916,53.017507],[-126.632601,53.009141],[-126.623018,53.004255],[-126.623031,53],[-125,53],[-125,53.395017],[-124.988804,53.397398],[-124.991952,53.405536],[-124.996376,53.405561],[-124.990436,53.412217],[-124.966572,53.412061],[-124.963076,53.409997],[-124.947395,53.411576],[-124.934268,53.403491],[-124.92324,53.408507],[-124.91618,53.407711],[-124.899886,53.397031],[-124.889071,53.398811],[-124.880761,53.397091],[-124.869276,53.399303],[-124.86503,53.394056],[-124.862794,53.395548],[-124.855479,53.393693],[-124.848132,53.390417],[-124.845042,53.385026],[-124.832976,53.382857],[-124.829383,53.377203],[-124.815687,53.374373],[-124.812392,53.368993],[-124.80704,53.370054],[-124.799201,53.368087],[-124.776517,53.359374],[-124.768443,53.35926],[-124.759057,53.368173],[-124.747726,53.36788],[-124.74716,53.363989],[-124.73759,53.362821],[-124.732906,53.357876],[-124.72123,53.361245],[-124.712227,53.370719],[-124.684843,53.385156],[-124.688007,53.388726],[-124.685852,53.392801],[-124.689993,53.395224],[-124.686951,53.40005],[-124.675576,53.402664],[-124.67453,53.406671],[-124.667009,53.408838],[-124.647685,53.408327],[-124.631422,53.39329],[-124.629267,53.392248],[-124.627097,53.394111],[-124.622761,53.390035],[-124.608948,53.386635],[-124.596069,53.390467],[-124.584424,53.391143],[-124.576215,53.387117],[-124.568064,53.388468],[-124.554618,53.397067],[-124.536099,53.393465],[-124.516783,53.392903],[-124.513782,53.400313],[-124.521391,53.404784],[-124.524567,53.417984],[-124.516342,53.414763],[-124.517511,53.412096],[-124.509876,53.413215],[-124.505112,53.409897],[-124.501988,53.411366],[-124.507777,53.418934],[-124.511092,53.433699],[-124.506936,53.436843],[-124.507129,53.44357],[-124.520333,53.445336],[-124.518515,53.448716],[-124.530909,53.451255],[-124.537644,53.460095],[-124.544867,53.458213],[-124.553164,53.459804],[-124.554216,53.463054],[-124.561233,53.465012],[-124.559378,53.472851],[-124.546441,53.476262],[-124.543505,53.472596],[-124.536228,53.476366],[-124.522945,53.478721],[-124.519889,53.480872],[-124.521767,53.486179],[-124.507482,53.489687],[-124.51423,53.495867],[-124.510033,53.505035],[-124.519811,53.504399],[-124.518257,53.509985],[-124.532748,53.517763],[-124.525306,53.529056],[-124.528659,53.533215],[-124.523834,53.537929],[-124.515922,53.540353],[-124.512397,53.538411],[-124.500017,53.539538],[-124.498519,53.533857],[-124.489019,53.529929],[-124.479918,53.527491],[-124.469761,53.527814],[-124.465831,53.520176],[-124.471218,53.516298],[-124.461321,53.512964],[-124.461707,53.509466],[-124.44924,53.509426],[-124.440403,53.512727],[-124.409149,53.505206],[-124.401832,53.508367],[-124.394318,53.507877],[-124.390119,53.504261],[-124.383489,53.506801],[-124.384431,53.501829],[-124.404752,53.502024],[-124.414525,53.497844],[-124.404929,53.493756],[-124.401126,53.48788],[-124.388687,53.485618],[-124.382855,53.476658],[-124.377362,53.478735],[-124.36343,53.471907],[-124.36997,53.461659],[-124.379991,53.458991],[-124.382896,53.454282],[-124.378316,53.450371],[-124.370194,53.452712],[-124.365121,53.44761],[-124.349429,53.448984],[-124.350165,53.445146],[-124.344279,53.442785],[-124.317404,53.444568],[-124.312702,53.447739],[-124.315967,53.453825],[-124.294565,53.454266],[-124.28939,53.458439],[-124.280339,53.458473],[-124.280042,53.46441],[-124.291792,53.472562],[-124.279443,53.479266],[-124.269938,53.475358],[-124.263451,53.468514],[-124.264218,53.465432],[-124.251456,53.459873],[-124.245588,53.451694],[-124.235366,53.451261],[-124.228866,53.444163],[-124.214211,53.444547],[-124.224447,53.435525],[-124.177645,53.431735],[-124.159712,53.433177],[-124.154714,53.434441],[-124.153466,53.437652],[-124.126129,53.435132],[-124.124649,53.427832],[-124.100023,53.421894],[-124.091545,53.424049],[-124.095112,53.428142],[-124.086181,53.431288],[-124.062636,53.43192],[-124.048046,53.426221],[-124.041353,53.428263],[-124.037873,53.426289],[-124.038109,53.431033],[-124.022088,53.435792],[-124.020085,53.438272],[-124.008627,53.436521],[-124.003127,53.437966],[-123.99927,53.444282],[-124.005769,53.452344],[-124,53.457854],[-124,53.484799],[-123.607726,53.48496],[-123.61194,53.486525],[-123.602957,53.485556],[-123.598348,53.487418],[-123.592594,53.487338],[-123.592642,53.484993],[-123.459694,53.484942],[-123.463135,53.487775],[-123.46138,53.490553],[-123.456906,53.484935],[-123.42549,53.484868],[-123.425519,53.470811],[-123.304341,53.470823]]]},"properties":{"id":"RDBN","boundaryCode":"RDBN","boundaryName":"Regional District of Bulkley-Nechako","reportingName":"Bulkley-Nechako","jurisdiction_count":9,"population_2015":39997,"vehicle_idling_population":1776,"vehicle_idling_percent":4.4,"vehicle_idling_band":"1–25%","vehicle_idling_display":"Regional District of Bulkley-Nechako · 4.4% covered","vehicle_idling_details":"Vehicle idling: 4.4% of the regional district population covered (2015 population estimate).\nBulkley-Nechako RD-uninc: no bylaw reported\nBurns Lake: no bylaw reported\nFort St James: bylaw reported\nFraser Lake: no bylaw reported\nGranisle: no bylaw reported\nHouston: no bylaw reported\nSmithers: no bylaw reported\nTelkwa: no bylaw reported\nVanderhoof: no bylaw reported","open_burning_population":16029,"open_burning_percent":40.1,"open_burning_band":"26–50%","open_burning_display":"Regional District of Bulkley-Nechako · 40.1% covered","open_burning_details":"Open burning: 40.1% of the regional district population covered (2015 population estimate).\nBulkley-Nechako RD-uninc: no bylaw reported\nBurns Lake: bylaw reported\nFort St James: no bylaw reported\nFraser Lake: no bylaw reported\nGranisle: bylaw reported\nHouston: bylaw reported\nSmithers: bylaw reported\nTelkwa: bylaw reported\nVanderhoof: bylaw reported","solid_fuel_population":13110,"solid_fuel_percent":32.8,"solid_fuel_band":"26–50%","solid_fuel_display":"Regional District of Bulkley-Nechako · 32.8% covered","solid_fuel_details":"Solid fuel appliance: 32.8% of the regional district population covered (2015 population estimate).\nBulkley-Nechako RD-uninc: no bylaw reported\nBurns Lake: bylaw reported\nFort St James: bylaw reported\nFraser Lake: bylaw reported\nGranisle: bylaw reported\nHouston: bylaw reported\nSmithers: bylaw reported\nTelkwa: no bylaw reported\nVanderhoof: no bylaw reported"},"id":"RDBN"},{"type":"Feature","geometry":{"type":"Polygon","coordinates":[[[-118.208061,50.689175],[-118.214157,50.683491],[-118.213958,50.679608],[-118.200245,50.674174],[-118.18041,50.672371],[-118.173411,50.666536],[-118.186141,50.660397],[-118.206486,50.654819],[-118.199759,50.646206],[-118.20317,50.639654],[-118.199236,50.638022],[-118.199474,50.635033],[-118.181041,50.635285],[-118.180213,50.625587],[-118.173341,50.617978],[-118.163126,50.612278],[-118.169596,50.606612],[-118.167225,50.604002],[-118.168703,50.593597],[-118.162522,50.589685],[-118.178576,50.579146],[-118.177036,50.570854],[-118.183659,50.568895],[-118.178756,50.558054],[-118.181174,50.551995],[-118.189635,50.549381],[-118.199433,50.552788],[-118.204185,50.551507],[-118.210725,50.54723],[-118.210324,50.543573],[-118.216233,50.538602],[-118.203682,50.531181],[-118.204832,50.521489],[-118.211748,50.516093],[-118.209742,50.511572],[-118.196177,50.508035],[-118.187306,50.500366],[-118.174751,50.498767],[-118.171557,50.495414],[-118.176382,50.491012],[-118.186624,50.488266],[-118.191052,50.47656],[-118.195869,50.475489],[-118.211017,50.480908],[-118.221067,50.475443],[-118.22025,50.470773],[-118.207585,50.466266],[-118.202829,50.455973],[-118.20188,50.450775],[-118.209787,50.445203],[-118.20835,50.438773],[-118.218731,50.43558],[-118.270751,50.436723],[-118.269286,50.42622],[-118.275247,50.402959],[-118.253693,50.399795],[-118.256304,50.396858],[-118.267455,50.393958],[-118.280256,50.394393],[-118.283366,50.390329],[-118.294682,50.385276],[-118.298942,50.379526],[-118.291546,50.369889],[-118.299813,50.356557],[-118.299217,50.350464],[-118.306128,50.342598],[-118.299363,50.338833],[-118.279589,50.341382],[-118.267679,50.340082],[-118.257401,50.335103],[-118.262509,50.329004],[-118.256245,50.326436],[-118.261174,50.319816],[-118.261004,50.313029],[-118.258739,50.308454],[-118.248433,50.301733],[-118.253477,50.300263],[-118.253867,50.297457],[-118.26285,50.298942],[-118.267607,50.296174],[-118.267123,50.291667],[-118.274815,50.278478],[-118.272802,50.261967],[-118.268728,50.257665],[-118.269916,50.251566],[-118.262606,50.248327],[-118.266091,50.242766],[-118.260784,50.228173],[-118.257361,50.224027],[-118.249565,50.221634],[-118.249479,50.217268],[-118.2375,50.208048],[-118.24398,50.199887],[-118.24046,50.197614],[-118.242306,50.195109],[-118.253214,50.191325],[-118.253714,50.187621],[-118.261588,50.182672],[-118.251866,50.169744],[-118.278745,50.156365],[-118.276266,50.151465],[-118.280296,50.143144],[-118.296054,50.134812],[-118.29019,50.131657],[-118.29592,50.114156],[-118.29225,50.104636],[-118.295812,50.095806],[-118.341955,50.099914],[-118.349852,50.093823],[-118.37703,50.090833],[-118.383248,50.081486],[-118.380557,50.078325],[-118.389097,50.076379],[-118.399405,50.078962],[-118.399825,50.034399],[-118.497058,50.034394],[-118.489938,50.029085],[-118.450745,50.024914],[-118.431463,50.010762],[-118.431375,50.007327],[-118.438625,50.004747],[-118.446867,50.008736],[-118.452213,50.006287],[-118.450989,50.00336],[-118.469912,50.002846],[-118.472963,49.987204],[-118.471143,49.981219],[-118.464483,49.976677],[-118.441748,49.973406],[-118.431169,49.978781],[-118.4159,49.973839],[-118.412349,49.965763],[-118.420376,49.960871],[-118.418706,49.954343],[-118.421484,49.948319],[-118.41816,49.94473],[-118.422913,49.941774],[-118.41438,49.934194],[-118.417844,49.930799],[-118.41721,49.912601],[-118.408587,49.907941],[-118.380345,49.910849],[-118.376079,49.913382],[-118.375176,49.906449],[-118.359839,49.895545],[-118.353353,49.893691],[-118.359374,49.886699],[-118.35915,49.881004],[-118.367485,49.874987],[-118.384406,49.871449],[-118.378802,49.863103],[-118.384066,49.852735],[-118.377557,49.839573],[-118.379737,49.837019],[-118.376469,49.824294],[-118.332913,49.820551],[-118.332138,49.817976],[-118.314905,49.815415],[-118.313487,49.811974],[-118.302279,49.80817],[-118.29706,49.795438],[-118.285514,49.788641],[-118.290446,49.77435],[-118.297738,49.768689],[-118.284292,49.761001],[-118.284114,49.758299],[-118.296814,49.74874],[-118.296095,49.742595],[-118.282956,49.742586],[-118.284602,49.732622],[-118.280192,49.722696],[-118.282197,49.71769],[-118.27363,49.714214],[-118.272291,49.708094],[-118.274326,49.698402],[-118.27971,49.699063],[-118.282186,49.692296],[-118.278884,49.682395],[-118.283106,49.675854],[-118.276701,49.672084],[-118.273247,49.662947],[-118.257175,49.663603],[-118.245047,49.661248],[-118.248036,49.653588],[-118.24142,49.634462],[-118.250828,49.617647],[-118.251438,49.609719],[-118.24701,49.605269],[-118.255004,49.5984],[-118.254858,49.586951],[-118.248934,49.583049],[-118.244978,49.561523],[-118.249683,49.55387],[-118.256442,49.551572],[-118.258524,49.548206],[-118.259649,49.536563],[-118.264951,49.53261],[-118.271637,49.532737],[-118.2793,49.523028],[-118.275771,49.509769],[-118.288224,49.496301],[-118.286114,49.481241],[-118.28139,49.477337],[-118.283502,49.468807],[-118.271092,49.462938],[-118.267148,49.455569],[-118.258198,49.451457],[-118.254548,49.444679],[-118.261294,49.42263],[-118.274979,49.420735],[-118.264287,49.413566],[-118.260466,49.413473],[-118.26089,49.407612],[-118.256619,49.403206],[-118.267272,49.397207],[-118.264781,49.389114],[-118.251395,49.378256],[-118.253583,49.362445],[-118.239365,49.35676],[-118.242754,49.347363],[-118.240782,49.34031],[-118.231125,49.336715],[-118.224364,49.332174],[-118.221217,49.326261],[-118.21303,49.323541],[-118.21317,49.307968],[-118.206383,49.299305],[-118.209944,49.294185],[-118.198413,49.28434],[-118.198684,49.279349],[-118.19056,49.280273],[-118.176821,49.273217],[-118.181301,49.267576],[-118.176893,49.258895],[-118.177799,49.251933],[-118.172346,49.245071],[-118.161801,49.25017],[-118.161679,49.256585],[-118.146892,49.261329],[-118.144804,49.271106],[-118.138656,49.272538],[-118.134792,49.263699],[-117.703678,49.263715],[-117.703678,49.228235],[-117.687405,49.228217],[-117.687364,49.224598],[-117.67373,49.224508],[-117.681112,49.208227],[-117.674951,49.207762],[-117.675028,49.178674],[-117.582751,49.178646],[-117.582756,49.174626],[-117.472524,49.174865],[-117.47249,49.171365],[-117.484098,49.171316],[-117.484089,49.163384],[-117.494513,49.163379],[-117.494513,49.160404],[-117.500082,49.160404],[-117.500081,49.149518],[-117.505601,49.149518],[-117.505545,49.139119],[-117.511139,49.139099],[-117.51117,49.124157],[-117.516945,49.124135],[-117.516681,49.088199],[-117.466177,49.088261],[-117.469037,49.000546],[-117.134904,48.998809],[-116.499234,48.999881],[-116.026934,49.000874],[-116.027056,49.199791],[-116.09758,49.200096],[-116.073132,49.219235],[-116.070732,49.229327],[-116.062542,49.233857],[-116.063257,49.242517],[-116.074426,49.250658],[-116.073584,49.256003],[-116.066806,49.260563],[-116.0687,49.264303],[-116.084906,49.271955],[-116.094412,49.283352],[-116.102085,49.284348],[-116.10506,49.291468],[-116.11886,49.287215],[-116.126103,49.280531],[-116.129152,49.28368],[-116.136918,49.283666],[-116.14518,49.287769],[-116.167068,49.287506],[-116.169771,49.29035],[-116.166357,49.303603],[-116.170101,49.310007],[-116.18357,49.320789],[-116.185245,49.326019],[-116.178701,49.333087],[-116.180326,49.33963],[-116.164875,49.352175],[-116.156969,49.355536],[-116.160124,49.366133],[-116.179507,49.381469],[-116.177016,49.388684],[-116.182375,49.394586],[-116.191024,49.39749],[-116.194016,49.401613],[-116.205212,49.404928],[-116.206314,49.415055],[-116.216857,49.418806],[-116.238054,49.421158],[-116.238215,49.424139],[-116.232374,49.428157],[-116.256113,49.449703],[-116.244032,49.452997],[-116.245156,49.46424],[-116.257811,49.469727],[-116.278934,49.473144],[-116.284737,49.476852],[-116.285766,49.478853],[-116.279261,49.485658],[-116.282062,49.488929],[-116.279462,49.49639],[-116.286523,49.501852],[-116.294669,49.50395],[-116.295284,49.512068],[-116.300423,49.518854],[-116.297379,49.523009],[-116.305257,49.525818],[-116.327557,49.521974],[-116.334061,49.527363],[-116.341331,49.52825],[-116.361412,49.51532],[-116.37875,49.520767],[-116.389959,49.520765],[-116.392827,49.52282],[-116.408821,49.524472],[-116.414064,49.534821],[-116.4233,49.537998],[-116.430954,49.533538],[-116.452482,49.527705],[-116.459248,49.518077],[-116.453537,49.502435],[-116.462569,49.497476],[-116.465228,49.493],[-116.470652,49.491945],[-116.476891,49.494357],[-116.487867,49.492323],[-116.509805,49.477537],[-116.517696,49.476716],[-116.525397,49.468796],[-116.541252,49.467187],[-116.548482,49.468889],[-116.548602,49.466174],[-116.560661,49.456579],[-116.581657,49.454837],[-116.581813,49.459209],[-116.59006,49.463152],[-116.589,49.471076],[-116.595786,49.476763],[-116.615552,49.473385],[-116.617162,49.468776],[-116.630456,49.460813],[-116.637058,49.463974],[-116.651138,49.466078],[-116.654263,49.47053],[-116.662836,49.472265],[-116.663963,49.483089],[-116.652699,49.486663],[-116.640976,49.499442],[-116.636829,49.507995],[-116.639248,49.517177],[-116.622009,49.536497],[-116.623043,49.546523],[-116.628213,49.547634],[-116.630765,49.553939],[-116.638296,49.556394],[-116.650576,49.567762],[-116.657549,49.565391],[-116.664628,49.56617],[-116.671592,49.570504],[-116.678972,49.569266],[-116.685601,49.572972],[-116.686184,49.579099],[-116.681814,49.578871],[-116.674717,49.583134],[-116.682542,49.590404],[-116.675785,49.591033],[-116.663889,49.606737],[-116.648851,49.615294],[-116.644622,49.627676],[-116.649299,49.632098],[-116.664617,49.629757],[-116.671875,49.631426],[-116.676701,49.634669],[-116.674982,49.639053],[-116.677941,49.641931],[-116.670668,49.652371],[-116.665415,49.654695],[-116.665653,49.66044],[-116.65792,49.666492],[-116.656974,49.670924],[-116.645575,49.673839],[-116.64009,49.680883],[-116.625818,49.681899],[-116.621998,49.688246],[-116.609019,49.693726],[-116.594038,49.694502],[-116.587881,49.697898],[-116.588074,49.701254],[-116.599705,49.70688],[-116.607791,49.715362],[-116.592317,49.723025],[-116.58976,49.726651],[-116.595109,49.733382],[-116.586993,49.737174],[-116.598396,49.741181],[-116.600114,49.74652],[-116.609665,49.746445],[-116.623304,49.750726],[-116.622106,49.763159],[-116.629058,49.767996],[-116.626962,49.776921],[-116.63685,49.777033],[-116.643071,49.786749],[-116.654589,49.784652],[-116.662493,49.786573],[-116.679431,49.802991],[-116.67937,49.810015],[-116.685341,49.813108],[-116.673401,49.819263],[-116.682342,49.825206],[-116.678703,49.829645],[-116.687331,49.836418],[-116.690208,49.84318],[-116.684623,49.84652],[-116.687965,49.851719],[-116.683108,49.862706],[-116.695119,49.876112],[-116.675194,49.883622],[-116.644001,49.883468],[-116.633764,49.887671],[-116.624674,49.896889],[-116.621549,49.910011],[-116.614428,49.917587],[-116.602449,49.925929],[-116.590809,49.926743],[-116.582775,49.931068],[-116.582483,49.948731],[-116.579176,49.953963],[-116.571761,49.955393],[-116.561523,49.952926],[-116.549956,49.961543],[-116.537392,49.966126],[-116.533104,49.971191],[-116.528104,49.971962],[-116.511892,49.986438],[-116.501294,49.982085],[-116.501042,49.978154],[-116.478565,49.969315],[-116.465166,49.965923],[-116.451681,49.968997],[-116.450591,49.975237],[-116.44277,49.981801],[-116.442522,49.987583],[-116.463657,49.999055],[-116.468967,50.0044],[-116.471169,50.014888],[-116.466628,50.022716],[-116.471162,50.026949],[-116.46991,50.03922],[-116.498858,50.054054],[-116.496831,50.058201],[-116.499799,50.075059],[-116.494975,50.081937],[-116.494633,50.099851],[-116.482656,50.105854],[-116.479621,50.114931],[-116.469988,50.117019],[-116.46266,50.115708],[-116.452252,50.119889],[-116.446366,50.135013],[-116.452083,50.143428],[-116.45292,50.155407],[-116.457525,50.157902],[-116.476633,50.160597],[-116.478831,50.165605],[-116.491661,50.175855],[-116.48783,50.178941],[-116.488477,50.190779],[-116.503357,50.199946],[-116.508455,50.200228],[-116.50896,50.204233],[-116.539359,50.205203],[-116.549707,50.207546],[-116.557675,50.216123],[-116.558565,50.221061],[-116.554397,50.223033],[-116.559595,50.231623],[-116.547649,50.244394],[-116.552574,50.248631],[-116.549987,50.250708],[-116.551706,50.25737],[-116.549032,50.265714],[-116.553716,50.267459],[-116.555841,50.280729],[-116.550022,50.290172],[-116.551172,50.296283],[-116.546367,50.299601],[-116.540484,50.312754],[-116.542148,50.319335],[-116.568222,50.317378],[-116.585041,50.308631],[-116.596017,50.307789],[-116.609912,50.31233],[-116.611472,50.314918],[-116.61967,50.316071],[-116.616613,50.322464],[-116.6244,50.327121],[-116.625389,50.330074],[-116.621086,50.332237],[-116.626829,50.33632],[-116.622779,50.340336],[-116.627148,50.342212],[-116.616081,50.350099],[-116.618669,50.355135],[-116.623965,50.357419],[-116.628456,50.370951],[-116.636265,50.375841],[-116.631561,50.385791],[-116.633554,50.39363],[-116.640322,50.397321],[-116.640297,50.409849],[-116.648009,50.411779],[-116.650297,50.418351],[-116.658828,50.424141],[-116.676328,50.426017],[-116.687016,50.431196],[-116.687142,50.434878],[-116.693039,50.438968],[-116.693147,50.45065],[-116.701634,50.451725],[-116.71653,50.459901],[-116.723328,50.46031],[-116.712645,50.475549],[-116.702215,50.480004],[-116.696908,50.485923],[-116.689214,50.483331],[-116.6916,50.510865],[-116.697853,50.515311],[-116.698247,50.519094],[-116.688586,50.523805],[-116.683797,50.530477],[-116.676468,50.529279],[-116.670082,50.534648],[-116.661118,50.561994],[-116.669277,50.571032],[-116.655339,50.598115],[-116.639705,50.597159],[-116.632505,50.600015],[-116.623978,50.620411],[-116.612289,50.630535],[-116.607384,50.626975],[-116.585624,50.630281],[-116.583152,50.63428],[-116.576895,50.63467],[-116.576608,50.642738],[-116.593837,50.650185],[-116.597853,50.648697],[-116.600187,50.650378],[-116.608711,50.660143],[-116.60799,50.667389],[-116.621585,50.664901],[-116.651695,50.668781],[-116.656349,50.67089],[-116.657159,50.678204],[-116.669137,50.67965],[-116.67398,50.675158],[-116.692251,50.670901],[-116.697589,50.670447],[-116.703701,50.672936],[-116.709832,50.667076],[-116.717379,50.669274],[-116.718577,50.672532],[-116.725066,50.672877],[-116.733962,50.677101],[-116.749438,50.678664],[-116.749148,50.693214],[-116.765405,50.701074],[-116.782971,50.702427],[-116.782166,50.705106],[-116.789184,50.707496],[-116.793421,50.712312],[-116.784392,50.716837],[-116.785545,50.72057],[-116.796513,50.724359],[-116.796989,50.729108],[-116.802647,50.730574],[-116.808867,50.727914],[-116.813394,50.729639],[-116.820684,50.735271],[-116.816559,50.742827],[-116.829684,50.75032],[-116.82212,50.763843],[-116.813794,50.768129],[-116.816071,50.773393],[-116.813236,50.783632],[-116.817908,50.78604],[-116.831036,50.784306],[-116.837252,50.791887],[-116.844687,50.787446],[-116.844634,50.78196],[-116.859609,50.769075],[-116.880343,50.774053],[-116.883628,50.770648],[-116.891025,50.772858],[-116.898676,50.769798],[-116.911201,50.775645],[-116.914415,50.773219],[-116.91853,50.773925],[-116.920613,50.789944],[-116.928982,50.787941],[-116.9346,50.797639],[-116.952914,50.802225],[-116.960472,50.80899],[-116.981421,50.811127],[-116.98954,50.80834],[-117.017561,50.820102],[-117.029,50.815145],[-117.040337,50.815588],[-117.043045,50.822029],[-117.052552,50.829723],[-117.047887,50.836209],[-117.050339,50.845038],[-117.043617,50.855345],[-117.045742,50.858439],[-117.068972,50.853221],[-117.078907,50.855805],[-117.086936,50.864693],[-117.073203,50.890646],[-117.078776,50.896038],[-117.068491,50.903167],[-117.071412,50.906501],[-117.067049,50.909229],[-117.072712,50.919243],[-117.053915,50.94053],[-117.054019,50.944298],[-117.046514,50.947068],[-117.037902,50.957631],[-117.054135,50.964143],[-117.065976,50.964939],[-117.072209,50.971167],[-117.09284,50.968113],[-117.102628,50.970113],[-117.114882,50.966789],[-117.117723,50.972635],[-117.1274,50.977234],[-117.137753,50.976242],[-117.147726,50.972337],[-117.162433,50.975051],[-117.167949,50.982603],[-117.166649,50.986942],[-117.161174,50.98936],[-117.165122,50.994147],[-117.153221,51.002059],[-117.145262,51.004398],[-117.135778,51.017158],[-117.135847,51.022619],[-117.142198,51.026832],[-117.15757,51.023752],[-117.171433,51.024712],[-117.16768,51.036122],[-117.170135,51.044111],[-117.178621,51.043721],[-117.184815,51.046396],[-117.198106,51.055883],[-117.207575,51.059014],[-117.206233,51.062047],[-117.214642,51.064732],[-117.226996,51.060709],[-117.229107,51.055988],[-117.240962,51.062213],[-117.257202,51.060041],[-117.261828,51.05769],[-117.260359,51.054088],[-117.264192,51.051683],[-117.28458,51.04388],[-117.294477,51.03667],[-117.307314,51.034641],[-117.315161,51.035069],[-117.318673,51.037749],[-117.327443,51.035503],[-117.334028,51.038137],[-117.3431,51.036194],[-117.352601,51.022238],[-117.36802,51.019376],[-117.375818,51.012247],[-117.377443,51.00365],[-117.38707,51.002321],[-117.390766,50.99968],[-117.389496,50.991043],[-117.399462,50.986818],[-117.399328,50.982596],[-117.403008,50.980044],[-117.396246,50.963853],[-117.3992,50.961802],[-117.412041,50.960849],[-117.416636,50.956395],[-117.428189,50.952006],[-117.430239,50.948581],[-117.438748,50.948189],[-117.438753,50.933908],[-117.430622,50.92583],[-117.419907,50.925156],[-117.417098,50.919771],[-117.418942,50.909603],[-117.407892,50.901115],[-117.415566,50.89635],[-117.423345,50.903701],[-117.43356,50.904639],[-117.456491,50.899529],[-117.467745,50.902727],[-117.475382,50.896692],[-117.478986,50.888206],[-117.490719,50.883037],[-117.482082,50.878037],[-117.473539,50.866831],[-117.469839,50.866307],[-117.469696,50.854931],[-117.460167,50.84952],[-117.45333,50.829987],[-117.46583,50.819101],[-117.46832,50.811124],[-117.464383,50.806265],[-117.466193,50.804303],[-117.457779,50.797092],[-117.434192,50.796696],[-117.43107,50.782706],[-117.416227,50.782629],[-117.41157,50.778442],[-117.405688,50.778915],[-117.395658,50.761851],[-117.392115,50.760379],[-117.391267,50.751827],[-117.387867,50.74824],[-117.383307,50.747827],[-117.390285,50.726149],[-117.396411,50.718183],[-117.402697,50.717923],[-117.399097,50.711047],[-117.377912,50.706208],[-117.372282,50.701729],[-117.368834,50.708017],[-117.361422,50.711421],[-117.362193,50.715547],[-117.357776,50.719608],[-117.323655,50.724387],[-117.306135,50.73605],[-117.301298,50.733068],[-117.291069,50.735705],[-117.276126,50.744201],[-117.268668,50.74366],[-117.261772,50.745988],[-117.252246,50.741899],[-117.256071,50.736422],[-117.255512,50.730057],[-117.2667,50.721506],[-117.262976,50.711694],[-117.265967,50.704655],[-117.264151,50.691539],[-117.271662,50.685397],[-117.269277,50.675207],[-117.275317,50.67144],[-117.262863,50.663624],[-117.256332,50.654379],[-117.233727,50.651728],[-117.229947,50.647308],[-117.230474,50.631653],[-117.243926,50.621599],[-117.260313,50.617927],[-117.268337,50.613368],[-117.27451,50.596017],[-117.288061,50.586018],[-117.300454,50.581043],[-117.304778,50.574835],[-117.297437,50.56697],[-117.285264,50.561305],[-117.279629,50.55148],[-117.264157,50.551327],[-117.260742,50.538726],[-117.25142,50.534367],[-117.243463,50.534753],[-117.245281,50.530842],[-117.237293,50.513719],[-117.280387,50.513733],[-117.284708,50.510637],[-117.284724,50.503701],[-117.29634,50.503109],[-117.305593,50.5],[-117.31641,50.491787],[-117.336944,50.486945],[-117.343458,50.482601],[-117.369751,50.482187],[-117.383827,50.486692],[-117.408688,50.482962],[-117.421815,50.485032],[-117.439362,50.483177],[-117.44926,50.493482],[-117.490913,50.490481],[-117.500472,50.486546],[-117.492042,50.474306],[-117.507287,50.463758],[-117.507854,50.459858],[-117.526332,50.475829],[-117.549993,50.484182],[-117.546868,50.491895],[-117.550204,50.497509],[-117.570598,50.504992],[-117.573877,50.503277],[-117.586604,50.50395],[-117.592776,50.514801],[-117.605443,50.523702],[-117.616945,50.544279],[-117.638184,50.548619],[-117.645394,50.542275],[-117.644156,50.536319],[-117.649157,50.532631],[-117.6536,50.534531],[-117.672525,50.532873],[-117.677275,50.538826],[-117.689367,50.539109],[-117.693313,50.543885],[-117.708618,50.550604],[-117.726258,50.54938],[-117.733641,50.554376],[-117.745191,50.555352],[-117.751637,50.558753],[-117.75805,50.550553],[-117.769452,50.546329],[-117.780089,50.551712],[-117.793096,50.548719],[-117.797509,50.550937],[-117.803661,50.545787],[-117.823809,50.541329],[-117.838028,50.544151],[-117.845842,50.543363],[-117.84929,50.531568],[-117.859027,50.527758],[-117.906081,50.527647],[-117.907949,50.53374],[-117.988658,50.533722],[-117.990044,50.548066],[-118.003133,50.568225],[-118.001372,50.589743],[-118.006022,50.60066],[-118.010947,50.604086],[-118.006211,50.627072],[-118.009788,50.641706],[-118.01399,50.648352],[-118.034924,50.655188],[-118.046911,50.656119],[-118.056806,50.653988],[-118.063884,50.659279],[-118.072255,50.670179],[-118.071938,50.692314],[-118.085856,50.6917],[-118.118971,50.680963],[-118.144386,50.681247],[-118.153429,50.68346],[-118.166758,50.682062],[-118.208061,50.689175]]]},"properties":{"id":"RDCK","boundaryCode":"RDCK","boundaryName":"Regional District of Central Kootenay","reportingName":"Central Kootenay","jurisdiction_count":10,"population_2015":60100,"vehicle_idling_population":3698,"vehicle_idling_percent":6.2,"vehicle_idling_band":"1–25%","vehicle_idling_display":"Regional District of Central Kootenay · 6.2% covered","vehicle_idling_details":"Vehicle idling: 6.2% of the regional district population covered (2015 population estimate).\nCastlegar: no bylaw reported\nCentral Kootenay RD-uninc: no bylaw reported\nCreston: no bylaw reported\nKaslo: bylaw reported\nNakusp: bylaw reported\nNelson: no bylaw reported\nNew Denver: no bylaw reported\nSalmo: bylaw reported\nSilverton: no bylaw reported\nSlocan: no bylaw reported","open_burning_population":10655,"open_burning_percent":17.7,"open_burning_band":"1–25%","open_burning_display":"Regional District of Central Kootenay · 17.7% covered","open_burning_details":"Open burning: 17.7% of the regional district population covered (2015 population estimate).\nCastlegar: bylaw reported\nCentral Kootenay RD-uninc: no bylaw reported\nCreston: no bylaw reported\nKaslo: bylaw reported\nNakusp: no bylaw reported\nNelson: no bylaw reported\nNew Denver: bylaw reported\nSalmo: bylaw reported\nSilverton: no bylaw reported\nSlocan: no bylaw reported","solid_fuel_population":11983,"solid_fuel_percent":19.9,"solid_fuel_band":"1–25%","solid_fuel_display":"Regional District of Central Kootenay · 19.9% covered","solid_fuel_details":"Solid fuel appliance: 19.9% of the regional district population covered (2015 population estimate).\nCastlegar: no bylaw reported\nCentral Kootenay RD-uninc: no bylaw reported\nCreston: no bylaw reported\nKaslo: no bylaw reported\nNakusp: no bylaw reported\nNelson: bylaw reported\nNew Denver: no bylaw reported\nSalmo: bylaw reported\nSilverton: no bylaw reported\nSlocan: no bylaw reported"},"id":"RDCK"},{"type":"Feature","geometry":{"type":"Polygon","coordinates":[[[-120.055315,49.85577],[-120.044751,49.857183],[-120.02918,49.852637],[-120.010639,49.838776],[-120.009501,49.833951],[-120.002,49.827956],[-119.997043,49.828025],[-119.995542,49.830766],[-119.98973,49.832368],[-119.986493,49.826775],[-119.978126,49.82413],[-119.97812,49.765965],[-119.836248,49.765499],[-119.835743,49.712498],[-119.728951,49.712303],[-119.741575,49.724821],[-119.73695,49.743363],[-119.719552,49.765249],[-119.69539,49.775982],[-119.695507,49.759417],[-119.543847,49.75893],[-119.543767,49.751695],[-119.521518,49.751791],[-119.521522,49.738796],[-119.515416,49.734648],[-119.516513,49.728559],[-119.509948,49.725226],[-119.504906,49.729837],[-119.502121,49.728259],[-119.492549,49.731939],[-119.492504,49.74016],[-119.48241,49.744754],[-119.466434,49.738237],[-119.466545,49.732486],[-119.454786,49.723344],[-119.449746,49.705909],[-119.451607,49.702928],[-119.445147,49.699403],[-119.444539,49.690061],[-119.43931,49.689478],[-119.435653,49.686312],[-119.435195,49.681774],[-119.42829,49.677401],[-119.426014,49.670578],[-119.397843,49.680063],[-119.388961,49.67788],[-119.377245,49.678688],[-119.369934,49.678307],[-119.358872,49.687568],[-119.347108,49.690521],[-119.343867,49.694635],[-119.331546,49.698842],[-119.323169,49.697679],[-119.312423,49.705926],[-119.302877,49.70698],[-119.294816,49.714922],[-119.295039,49.719641],[-119.268498,49.728898],[-119.261465,49.73464],[-119.26099,49.745921],[-119.251337,49.740712],[-119.241184,49.743243],[-119.23785,49.740523],[-119.232579,49.740283],[-119.232732,49.743618],[-119.22755,49.743241],[-119.216385,49.748059],[-119.21084,49.743606],[-119.210102,49.753632],[-119.197522,49.750534],[-119.199644,49.757337],[-119.194676,49.761922],[-119.19039,49.757713],[-119.164291,49.758417],[-119.164293,49.763571],[-119.153089,49.763555],[-119.15308,49.825195],[-119.140062,49.825634],[-119.132875,49.830093],[-119.12958,49.825044],[-119.124328,49.824502],[-119.124223,49.821157],[-119.11466,49.815171],[-119.118432,49.803813],[-119.111979,49.797634],[-119.114903,49.792039],[-119.111697,49.788931],[-119.106553,49.792047],[-119.106463,49.789341],[-119.099468,49.789798],[-119.092075,49.794972],[-119.073517,49.791089],[-119.06426,49.799654],[-119.056992,49.801313],[-119.056161,49.807597],[-119.051002,49.810189],[-119.055223,49.811978],[-119.050118,49.814595],[-119.0482,49.820853],[-119.04006,49.825998],[-119.043248,49.829055],[-119.031958,49.834047],[-119.033243,49.843128],[-119.029153,49.84579],[-119.022869,49.844875],[-119.026056,49.849893],[-119.024087,49.852041],[-119.015929,49.853121],[-119.005264,49.848689],[-119.002563,49.86015],[-118.989106,49.868163],[-118.986076,49.867918],[-118.976311,49.879275],[-118.969372,49.881506],[-118.973332,49.891349],[-118.96743,49.895033],[-118.968642,49.898808],[-118.964448,49.899455],[-118.965625,49.903744],[-118.954078,49.906449],[-118.956254,49.908265],[-118.932047,49.91629],[-118.928938,49.911682],[-118.931197,49.904421],[-118.90913,49.90109],[-118.908211,49.904271],[-118.901859,49.905635],[-118.900846,49.913891],[-118.897684,49.915661],[-118.905978,49.920382],[-118.911771,49.920992],[-118.911172,49.92385],[-118.906988,49.924108],[-118.906924,49.929533],[-118.88173,49.938112],[-118.874481,49.938537],[-118.869077,49.943551],[-118.862986,49.942235],[-118.85622,49.957178],[-118.845788,49.957813],[-118.823827,49.949486],[-118.818635,49.951603],[-118.808985,49.95126],[-118.80801,49.960593],[-118.801559,49.964831],[-118.797386,49.964734],[-118.803124,49.969343],[-118.803267,49.980762],[-118.799049,49.988383],[-118.806403,49.98879],[-118.806839,49.99314],[-118.813844,49.992641],[-118.818171,50.000075],[-118.825047,49.999607],[-118.825959,50.001221],[-118.811489,50.006071],[-118.810718,50.009339],[-118.799794,50.010949],[-118.797398,50.015195],[-118.801324,50.023131],[-118.808228,50.021584],[-118.813954,50.026343],[-118.818704,50.023075],[-118.829802,50.031122],[-118.830719,50.03644],[-118.85812,50.037076],[-118.862649,50.041552],[-118.861193,50.045599],[-118.875374,50.052837],[-118.883151,50.054159],[-118.890881,50.050732],[-118.902343,50.055214],[-118.917278,50.051525],[-118.925769,50.043889],[-118.937241,50.045416],[-118.950165,50.05548],[-118.953252,50.051687],[-118.962505,50.049346],[-118.968891,50.044694],[-118.972586,50.046232],[-118.972858,50.044699],[-118.987474,50.046527],[-118.989654,50.045194],[-118.992665,50.047173],[-119.003027,50.045],[-119.009582,50.048431],[-119.034078,50.04697],[-119.041288,50.043407],[-119.044143,50.045265],[-119.062564,50.045364],[-119.068834,50.047602],[-119.072863,50.044898],[-119.081382,50.045177],[-119.096356,50.050628],[-119.109047,50.050785],[-119.109233,50.040374],[-119.121735,50.039139],[-119.124774,50.03616],[-119.127139,50.037853],[-119.130838,50.036544],[-119.137996,50.041125],[-119.14228,50.037268],[-119.145655,50.0374],[-119.149832,50.041005],[-119.159268,50.042794],[-119.160532,50.047638],[-119.15501,50.050525],[-119.158564,50.052825],[-119.169511,50.05084],[-119.179332,50.052086],[-119.179491,50.058361],[-119.175174,50.062699],[-119.165606,50.065575],[-119.164943,50.073188],[-119.173423,50.077446],[-119.168053,50.087288],[-119.169183,50.09189],[-119.160801,50.096107],[-119.161309,50.100538],[-119.158196,50.100658],[-119.156939,50.098199],[-119.150665,50.104225],[-119.148731,50.113079],[-119.139775,50.120977],[-119.143865,50.124705],[-119.140801,50.130484],[-119.143648,50.135001],[-119.141962,50.142696],[-119.13724,50.14415],[-119.133833,50.149043],[-119.129514,50.146361],[-119.122895,50.151456],[-119.477051,50.15153],[-119.474016,50.178304],[-119.465285,50.188355],[-119.46023,50.190251],[-119.460085,50.231119],[-119.471836,50.231272],[-119.471586,50.234865],[-119.760273,50.235278],[-119.758903,50.232028],[-119.755308,50.232306],[-119.755085,50.226015],[-119.747103,50.215763],[-119.746754,50.205252],[-119.757722,50.201232],[-119.764927,50.202239],[-119.774806,50.199502],[-119.783785,50.203561],[-119.790006,50.203136],[-119.791556,50.205596],[-119.803514,50.203958],[-119.806117,50.196536],[-119.831032,50.18368],[-119.829461,50.181514],[-119.818007,50.182558],[-119.812697,50.179925],[-119.814074,50.177382],[-119.809324,50.175521],[-119.810033,50.169635],[-119.802098,50.166148],[-119.798802,50.156476],[-119.807375,50.150098],[-119.800203,50.147869],[-119.792147,50.150402],[-119.77751,50.147632],[-119.780996,50.131698],[-119.777603,50.120481],[-119.764793,50.124952],[-119.762892,50.122568],[-119.753891,50.121756],[-119.748808,50.125649],[-119.744711,50.123926],[-119.746839,50.11882],[-119.740397,50.117875],[-119.738425,50.109655],[-119.729694,50.106163],[-119.735293,50.098637],[-119.743039,50.098607],[-119.745866,50.096444],[-119.74136,50.090748],[-119.745779,50.08978],[-119.743957,50.087013],[-119.761361,50.086235],[-119.75952,50.081214],[-119.752582,50.083583],[-119.744504,50.078242],[-119.75622,50.072908],[-119.755271,50.070016],[-119.759552,50.070022],[-119.768005,50.065179],[-119.759305,50.057551],[-119.76252,50.046223],[-119.777331,50.04324],[-119.783272,50.044052],[-119.784437,50.040524],[-119.794676,50.039801],[-119.801641,50.036624],[-119.806744,50.030712],[-119.801161,50.021167],[-119.796738,50.022425],[-119.787101,50.017392],[-119.772503,50.014485],[-119.772867,50.012572],[-119.784012,50.002284],[-119.813511,50.002885],[-119.818602,49.997823],[-119.823354,49.998904],[-119.828419,49.992222],[-119.824071,49.990421],[-119.824129,49.987595],[-119.829319,49.98118],[-119.842107,49.980849],[-119.847531,49.973244],[-119.851773,49.972093],[-119.855517,49.975546],[-119.861054,49.969076],[-119.868105,49.969018],[-119.872744,49.965798],[-119.883771,49.967667],[-119.891536,49.965033],[-119.894776,49.958855],[-119.906281,49.956399],[-119.919476,49.949006],[-119.920803,49.94191],[-119.931076,49.934094],[-119.936467,49.93474],[-119.939355,49.937987],[-119.943073,49.937289],[-119.943583,49.940119],[-119.953584,49.946387],[-119.961551,49.941336],[-119.977148,49.941751],[-119.983868,49.936291],[-119.990512,49.936678],[-119.995666,49.933959],[-119.99953,49.922422],[-120.01448,49.920415],[-120.016113,49.914052],[-120.030017,49.912466],[-120.038739,49.907211],[-120.031442,49.901714],[-120.027503,49.902146],[-120.028115,49.898311],[-120.024505,49.895421],[-120.032039,49.894057],[-120.036275,49.89069],[-120.033753,49.884952],[-120.028414,49.8837],[-120.027848,49.877955],[-120.046246,49.875681],[-120.054711,49.877429],[-120.058639,49.875718],[-120.05943,49.86774],[-120.051089,49.861636],[-120.055315,49.85577]]]},"properties":{"id":"RDCO","boundaryCode":"RDCO","boundaryName":"Regional District of Central Okanagan","reportingName":"Central Okanagan","jurisdiction_count":5,"population_2015":195523,"vehicle_idling_population":0,"vehicle_idling_percent":0,"vehicle_idling_band":"0%","vehicle_idling_display":"Regional District of Central Okanagan · 0% covered","vehicle_idling_details":"Vehicle idling: 0% of the regional district population covered (2015 population estimate).\nCentral Okanagan RD-uninc: no bylaw reported\nKelowna: no bylaw reported\nLake Country: no bylaw reported\nPeachland: no bylaw reported\nWest Kelowna: no bylaw reported","open_burning_population":71145,"open_burning_percent":36.4,"open_burning_band":"26–50%","open_burning_display":"Regional District of Central Okanagan · 36.4% covered","open_burning_details":"Open burning: 36.4% of the regional district population covered (2015 population estimate).\nCentral Okanagan RD-uninc: bylaw reported\nKelowna: no bylaw reported\nLake Country: bylaw reported\nPeachland: bylaw reported\nWest Kelowna: bylaw reported","solid_fuel_population":181488,"solid_fuel_percent":92.8,"solid_fuel_band":"More than 75%","solid_fuel_display":"Regional District of Central Okanagan · 92.8% covered","solid_fuel_details":"Solid fuel appliance: 92.8% of the regional district population covered (2015 population estimate).\nCentral Okanagan RD-uninc: bylaw reported\nKelowna: bylaw reported\nLake Country: no bylaw reported\nPeachland: bylaw reported\nWest Kelowna: bylaw reported"},"id":"RDCO"},{"type":"Feature","geometry":{"type":"Polygon","coordinates":[[[-116.796989,50.729108],[-116.796513,50.724359],[-116.785545,50.72057],[-116.784392,50.716837],[-116.793421,50.712312],[-116.789184,50.707496],[-116.782166,50.705106],[-116.782971,50.702427],[-116.765405,50.701074],[-116.749148,50.693214],[-116.749438,50.678664],[-116.733962,50.677101],[-116.725066,50.672877],[-116.718577,50.672532],[-116.717379,50.669274],[-116.709832,50.667076],[-116.703701,50.672936],[-116.697589,50.670447],[-116.692251,50.670901],[-116.67398,50.675158],[-116.669137,50.67965],[-116.657159,50.678204],[-116.656349,50.67089],[-116.651695,50.668781],[-116.621585,50.664901],[-116.60799,50.667389],[-116.608711,50.660143],[-116.600187,50.650378],[-116.597853,50.648697],[-116.593837,50.650185],[-116.576608,50.642738],[-116.576895,50.63467],[-116.583152,50.63428],[-116.585624,50.630281],[-116.607384,50.626975],[-116.612289,50.630535],[-116.623978,50.620411],[-116.632505,50.600015],[-116.639705,50.597159],[-116.655339,50.598115],[-116.669277,50.571032],[-116.661118,50.561994],[-116.670082,50.534648],[-116.676468,50.529279],[-116.683797,50.530477],[-116.688586,50.523805],[-116.698247,50.519094],[-116.697853,50.515311],[-116.6916,50.510865],[-116.689214,50.483331],[-116.696908,50.485923],[-116.702215,50.480004],[-116.712645,50.475549],[-116.723328,50.46031],[-116.71653,50.459901],[-116.701634,50.451725],[-116.693147,50.45065],[-116.693039,50.438968],[-116.687142,50.434878],[-116.687016,50.431196],[-116.676328,50.426017],[-116.658828,50.424141],[-116.650297,50.418351],[-116.648009,50.411779],[-116.640297,50.409849],[-116.640322,50.397321],[-116.633554,50.39363],[-116.631561,50.385791],[-116.636265,50.375841],[-116.628456,50.370951],[-116.623965,50.357419],[-116.618669,50.355135],[-116.616081,50.350099],[-116.627148,50.342212],[-116.622779,50.340336],[-116.626829,50.33632],[-116.621086,50.332237],[-116.625389,50.330074],[-116.6244,50.327121],[-116.616613,50.322464],[-116.61967,50.316071],[-116.611472,50.314918],[-116.609912,50.31233],[-116.596017,50.307789],[-116.585041,50.308631],[-116.568222,50.317378],[-116.542148,50.319335],[-116.540484,50.312754],[-116.546367,50.299601],[-116.551172,50.296283],[-116.550022,50.290172],[-116.555841,50.280729],[-116.553716,50.267459],[-116.549032,50.265714],[-116.551706,50.25737],[-116.549987,50.250708],[-116.552574,50.248631],[-116.547649,50.244394],[-116.559595,50.231623],[-116.554397,50.223033],[-116.558565,50.221061],[-116.557675,50.216123],[-116.549707,50.207546],[-116.539359,50.205203],[-116.50896,50.204233],[-116.508455,50.200228],[-116.503357,50.199946],[-116.488477,50.190779],[-116.48783,50.178941],[-116.491661,50.175855],[-116.478831,50.165605],[-116.476633,50.160597],[-116.457525,50.157902],[-116.45292,50.155407],[-116.452083,50.143428],[-116.446366,50.135013],[-116.452252,50.119889],[-116.46266,50.115708],[-116.469988,50.117019],[-116.479621,50.114931],[-116.482656,50.105854],[-116.494633,50.099851],[-116.494975,50.081937],[-116.499799,50.075059],[-116.496831,50.058201],[-116.498858,50.054054],[-116.46991,50.03922],[-116.471162,50.026949],[-116.466628,50.022716],[-116.471169,50.014888],[-116.468967,50.0044],[-116.463657,49.999055],[-116.442522,49.987583],[-116.44277,49.981801],[-116.450591,49.975237],[-116.451681,49.968997],[-116.465166,49.965923],[-116.478565,49.969315],[-116.501042,49.978154],[-116.501294,49.982085],[-116.511892,49.986438],[-116.528104,49.971962],[-116.533104,49.971191],[-116.537392,49.966126],[-116.549956,49.961543],[-116.561523,49.952926],[-116.571761,49.955393],[-116.579176,49.953963],[-116.582483,49.948731],[-116.582775,49.931068],[-116.590809,49.926743],[-116.602449,49.925929],[-116.614428,49.917587],[-116.621549,49.910011],[-116.624674,49.896889],[-116.633764,49.887671],[-116.644001,49.883468],[-116.675194,49.883622],[-116.695119,49.876112],[-116.683108,49.862706],[-116.687965,49.851719],[-116.684623,49.84652],[-116.690208,49.84318],[-116.687331,49.836418],[-116.678703,49.829645],[-116.682342,49.825206],[-116.673401,49.819263],[-116.685341,49.813108],[-116.67937,49.810015],[-116.679431,49.802991],[-116.662493,49.786573],[-116.654589,49.784652],[-116.643071,49.786749],[-116.63685,49.777033],[-116.626962,49.776921],[-116.629058,49.767996],[-116.622106,49.763159],[-116.623304,49.750726],[-116.609665,49.746445],[-116.600114,49.74652],[-116.598396,49.741181],[-116.586993,49.737174],[-116.595109,49.733382],[-116.58976,49.726651],[-116.592317,49.723025],[-116.607791,49.715362],[-116.599705,49.70688],[-116.588074,49.701254],[-116.587881,49.697898],[-116.594038,49.694502],[-116.609019,49.693726],[-116.621998,49.688246],[-116.625818,49.681899],[-116.64009,49.680883],[-116.645575,49.673839],[-116.656974,49.670924],[-116.65792,49.666492],[-116.665653,49.66044],[-116.665415,49.654695],[-116.670668,49.652371],[-116.677941,49.641931],[-116.674982,49.639053],[-116.676701,49.634669],[-116.671875,49.631426],[-116.664617,49.629757],[-116.649299,49.632098],[-116.644622,49.627676],[-116.648851,49.615294],[-116.663889,49.606737],[-116.675785,49.591033],[-116.682542,49.590404],[-116.674717,49.583134],[-116.681814,49.578871],[-116.686184,49.579099],[-116.685601,49.572972],[-116.678972,49.569266],[-116.671592,49.570504],[-116.664628,49.56617],[-116.657549,49.565391],[-116.650576,49.567762],[-116.638296,49.556394],[-116.630765,49.553939],[-116.628213,49.547634],[-116.623043,49.546523],[-116.622009,49.536497],[-116.639248,49.517177],[-116.636829,49.507995],[-116.640976,49.499442],[-116.652699,49.486663],[-116.663963,49.483089],[-116.662836,49.472265],[-116.654263,49.47053],[-116.651138,49.466078],[-116.637058,49.463974],[-116.630456,49.460813],[-116.617162,49.468776],[-116.615552,49.473385],[-116.595786,49.476763],[-116.589,49.471076],[-116.59006,49.463152],[-116.581813,49.459209],[-116.581657,49.454837],[-116.560661,49.456579],[-116.548602,49.466174],[-116.548482,49.468889],[-116.541252,49.467187],[-116.525397,49.468796],[-116.517696,49.476716],[-116.509805,49.477537],[-116.487867,49.492323],[-116.476891,49.494357],[-116.470652,49.491945],[-116.465228,49.493],[-116.462569,49.497476],[-116.453537,49.502435],[-116.459248,49.518077],[-116.452482,49.527705],[-116.430954,49.533538],[-116.4233,49.537998],[-116.414064,49.534821],[-116.408821,49.524472],[-116.392827,49.52282],[-116.389959,49.520765],[-116.37875,49.520767],[-116.361412,49.51532],[-116.341331,49.52825],[-116.334061,49.527363],[-116.327557,49.521974],[-116.305257,49.525818],[-116.297379,49.523009],[-116.300423,49.518854],[-116.295284,49.512068],[-116.294669,49.50395],[-116.286523,49.501852],[-116.279462,49.49639],[-116.282062,49.488929],[-116.279261,49.485658],[-116.285766,49.478853],[-116.284737,49.476852],[-116.278934,49.473144],[-116.257811,49.469727],[-116.245156,49.46424],[-116.244032,49.452997],[-116.256113,49.449703],[-116.232374,49.428157],[-116.238215,49.424139],[-116.238054,49.421158],[-116.216857,49.418806],[-116.206314,49.415055],[-116.205212,49.404928],[-116.194016,49.401613],[-116.191024,49.39749],[-116.182375,49.394586],[-116.177016,49.388684],[-116.179507,49.381469],[-116.160124,49.366133],[-116.156969,49.355536],[-116.164875,49.352175],[-116.180326,49.33963],[-116.178701,49.333087],[-116.185245,49.326019],[-116.18357,49.320789],[-116.170101,49.310007],[-116.166357,49.303603],[-116.169771,49.29035],[-116.167068,49.287506],[-116.14518,49.287769],[-116.136918,49.283666],[-116.129152,49.28368],[-116.126103,49.280531],[-116.11886,49.287215],[-116.10506,49.291468],[-116.102085,49.284348],[-116.094412,49.283352],[-116.084906,49.271955],[-116.0687,49.264303],[-116.066806,49.260563],[-116.073584,49.256003],[-116.074426,49.250658],[-116.063257,49.242517],[-116.062542,49.233857],[-116.070732,49.229327],[-116.073132,49.219235],[-116.09758,49.200096],[-116.027056,49.199791],[-116.026934,49.000874],[-115.166834,48.99963],[-114.06818,48.998865],[-114.07248,49.004722],[-114.058574,49.018177],[-114.054148,49.026181],[-114.061622,49.035818],[-114.06247,49.046204],[-114.076542,49.053648],[-114.08035,49.060231],[-114.089903,49.058412],[-114.099184,49.060536],[-114.115789,49.073818],[-114.130465,49.078733],[-114.132388,49.082833],[-114.151714,49.09759],[-114.153839,49.102204],[-114.149675,49.108633],[-114.150224,49.118417],[-114.158432,49.124207],[-114.166545,49.13604],[-114.149761,49.144173],[-114.174549,49.163569],[-114.211681,49.17247],[-114.222603,49.188892],[-114.230601,49.189219],[-114.235987,49.184454],[-114.247424,49.186356],[-114.256586,49.177046],[-114.270061,49.181549],[-114.285162,49.178622],[-114.28913,49.180191],[-114.293777,49.188073],[-114.311107,49.19223],[-114.318041,49.200317],[-114.33664,49.19938],[-114.339037,49.196152],[-114.348603,49.193376],[-114.356723,49.196585],[-114.360751,49.201886],[-114.380857,49.203604],[-114.401392,49.212597],[-114.393933,49.219428],[-114.405823,49.224491],[-114.401099,49.228667],[-114.402894,49.24079],[-114.381882,49.24682],[-114.380228,49.249508],[-114.387427,49.251108],[-114.393456,49.257194],[-114.415162,49.262144],[-114.430698,49.261388],[-114.439955,49.264901],[-114.447327,49.264299],[-114.451058,49.27991],[-114.445321,49.289014],[-114.460463,49.303481],[-114.469207,49.305574],[-114.478265,49.312921],[-114.48519,49.310688],[-114.491387,49.313828],[-114.49213,49.322499],[-114.478987,49.326261],[-114.484702,49.342408],[-114.492888,49.351626],[-114.501365,49.352953],[-114.506505,49.356429],[-114.517097,49.354219],[-114.523983,49.356949],[-114.52458,49.36262],[-114.531857,49.371602],[-114.526164,49.376887],[-114.539228,49.379586],[-114.546565,49.377302],[-114.56727,49.377319],[-114.575891,49.386376],[-114.573344,49.389517],[-114.587334,49.391813],[-114.591257,49.396497],[-114.592214,49.404272],[-114.598344,49.412271],[-114.597113,49.420531],[-114.601304,49.424513],[-114.598798,49.433755],[-114.605542,49.439787],[-114.598404,49.445486],[-114.603574,49.451912],[-114.59776,49.458859],[-114.599727,49.466988],[-114.593631,49.470837],[-114.596389,49.479333],[-114.594169,49.485485],[-114.597868,49.491148],[-114.593319,49.49324],[-114.596471,49.501636],[-114.584987,49.511841],[-114.583001,49.520175],[-114.572526,49.524921],[-114.573164,49.532689],[-114.569447,49.537415],[-114.573697,49.545311],[-114.57338,49.556506],[-114.578401,49.557455],[-114.588049,49.565269],[-114.59261,49.561397],[-114.607797,49.559949],[-114.617435,49.547183],[-114.631075,49.54903],[-114.638982,49.543039],[-114.651223,49.543791],[-114.663452,49.552002],[-114.685067,49.556561],[-114.69571,49.547803],[-114.696797,49.551266],[-114.700241,49.552711],[-114.702735,49.551235],[-114.705642,49.556084],[-114.709172,49.556891],[-114.710032,49.562059],[-114.714566,49.565903],[-114.725538,49.571578],[-114.723756,49.575764],[-114.73277,49.576549],[-114.737493,49.596429],[-114.745787,49.600076],[-114.746675,49.607152],[-114.753463,49.609588],[-114.747921,49.613918],[-114.747417,49.619422],[-114.722294,49.624239],[-114.716765,49.630794],[-114.706143,49.633551],[-114.705811,49.637201],[-114.702398,49.638232],[-114.699883,49.636541],[-114.697923,49.631278],[-114.690755,49.632693],[-114.687093,49.638117],[-114.680154,49.63951],[-114.680091,49.641552],[-114.674307,49.643442],[-114.66749,49.637398],[-114.661756,49.643232],[-114.656113,49.659577],[-114.657069,49.663051],[-114.669953,49.672136],[-114.664735,49.676907],[-114.669902,49.683641],[-114.671086,49.69311],[-114.651517,49.699522],[-114.636581,49.700408],[-114.637831,49.72429],[-114.632565,49.733191],[-114.646044,49.74298],[-114.64177,49.746941],[-114.659549,49.764645],[-114.649119,49.765595],[-114.640772,49.778387],[-114.641743,49.781556],[-114.636332,49.784828],[-114.642333,49.794391],[-114.641527,49.807325],[-114.647466,49.817016],[-114.640364,49.821927],[-114.642168,49.825427],[-114.639832,49.826864],[-114.662636,49.853404],[-114.662652,49.863174],[-114.671517,49.863748],[-114.673474,49.880069],[-114.692006,49.896335],[-114.686965,49.902162],[-114.690062,49.905837],[-114.686886,49.917423],[-114.690773,49.921319],[-114.688953,49.935929],[-114.693272,49.942183],[-114.684034,49.954304],[-114.682946,49.966237],[-114.655204,49.967749],[-114.651127,49.977012],[-114.654635,49.986897],[-114.652447,49.994013],[-114.667517,50.001235],[-114.658608,50.019805],[-114.661193,50.026852],[-114.658762,50.029763],[-114.668099,50.036193],[-114.664474,50.040087],[-114.673746,50.043833],[-114.677129,50.048176],[-114.666792,50.051927],[-114.66594,50.062551],[-114.679142,50.06358],[-114.687063,50.069918],[-114.693058,50.070811],[-114.692967,50.077376],[-114.699549,50.088431],[-114.704851,50.08989],[-114.704432,50.094584],[-114.710812,50.101522],[-114.720602,50.105872],[-114.721619,50.111611],[-114.729633,50.114296],[-114.734408,50.121297],[-114.725697,50.142043],[-114.728108,50.15123],[-114.72618,50.162361],[-114.733885,50.169671],[-114.725601,50.183086],[-114.726888,50.191105],[-114.739655,50.202607],[-114.740369,50.211744],[-114.748919,50.215101],[-114.746431,50.21892],[-114.748581,50.224461],[-114.756239,50.231784],[-114.764364,50.234954],[-114.762868,50.24025],[-114.769761,50.243702],[-114.767144,50.245981],[-114.770528,50.249815],[-114.764421,50.26609],[-114.758572,50.27244],[-114.75237,50.273473],[-114.754613,50.296489],[-114.756235,50.299327],[-114.769955,50.302613],[-114.782137,50.300984],[-114.782295,50.315388],[-114.785298,50.320905],[-114.797479,50.326659],[-114.798062,50.330772],[-114.792327,50.336564],[-114.775457,50.343897],[-114.767882,50.350183],[-114.769396,50.358955],[-114.775616,50.362855],[-114.784907,50.36284],[-114.790248,50.358547],[-114.799104,50.361725],[-114.809982,50.3707],[-114.816048,50.370264],[-114.818704,50.373724],[-114.814928,50.382432],[-114.82056,50.384463],[-114.826186,50.393725],[-114.8322,50.390806],[-114.83989,50.394052],[-114.861942,50.394067],[-114.866951,50.403607],[-114.866454,50.406299],[-114.861351,50.408354],[-114.865472,50.413728],[-114.860663,50.421114],[-114.861765,50.425092],[-114.87395,50.430002],[-114.875963,50.439064],[-114.883794,50.440778],[-114.883038,50.438215],[-114.888663,50.436359],[-114.898401,50.440655],[-114.905502,50.44859],[-114.912796,50.450898],[-114.917587,50.462083],[-114.933066,50.474195],[-114.938104,50.486364],[-114.9459,50.488949],[-114.959163,50.503697],[-114.964057,50.513912],[-114.978778,50.529252],[-114.981057,50.536785],[-114.990799,50.542556],[-115.013852,50.569323],[-115.017078,50.583301],[-115.022131,50.584754],[-115.028754,50.583256],[-115.034639,50.579492],[-115.051317,50.575022],[-115.053844,50.571163],[-115.066454,50.584399],[-115.073674,50.586143],[-115.091546,50.578624],[-115.117449,50.57268],[-115.119103,50.570477],[-115.139435,50.574545],[-115.148518,50.571263],[-115.157458,50.573438],[-115.175357,50.568197],[-115.17839,50.558378],[-115.190849,50.555483],[-115.190838,50.549309],[-115.185316,50.544213],[-115.186881,50.540208],[-115.192009,50.535527],[-115.202457,50.534055],[-115.209349,50.527937],[-115.232083,50.546354],[-115.230599,50.556956],[-115.2367,50.567611],[-115.2437,50.573047],[-115.232361,50.577783],[-115.240829,50.589351],[-115.252024,50.589955],[-115.260246,50.596525],[-115.27152,50.597681],[-115.279568,50.601757],[-115.282881,50.607014],[-115.296655,50.613688],[-115.298194,50.625244],[-115.307829,50.625852],[-115.312248,50.628407],[-115.313167,50.638656],[-115.28464,50.639094],[-115.282818,50.644413],[-115.275354,50.648202],[-115.281855,50.653002],[-115.286427,50.660453],[-115.283962,50.664045],[-115.298192,50.682822],[-115.294317,50.698739],[-115.302692,50.700543],[-115.310614,50.70904],[-115.311702,50.721737],[-115.315986,50.7255],[-115.320959,50.726745],[-115.327268,50.722654],[-115.337437,50.723942],[-115.339743,50.722041],[-115.360058,50.721294],[-115.364136,50.717685],[-115.371582,50.717022],[-115.371004,50.714393],[-115.378203,50.711042],[-115.379336,50.705328],[-115.387264,50.708095],[-115.392844,50.706507],[-115.405957,50.71264],[-115.416659,50.712426],[-115.417118,50.721507],[-115.41093,50.728105],[-115.413381,50.733993],[-115.430039,50.745227],[-115.427727,50.748236],[-115.437582,50.756247],[-115.448227,50.753331],[-115.458759,50.756816],[-115.471254,50.752208],[-115.476711,50.755344],[-115.482369,50.755488],[-115.485753,50.761838],[-115.483738,50.770155],[-115.502098,50.785247],[-115.513475,50.786863],[-115.517866,50.781109],[-115.532926,50.788072],[-115.533977,50.793916],[-115.538813,50.797193],[-115.546642,50.79596],[-115.551056,50.79816],[-115.566995,50.815763],[-115.561526,50.821856],[-115.561177,50.827221],[-115.564807,50.829694],[-115.567596,50.843902],[-115.573739,50.840407],[-115.597695,50.840589],[-115.600589,50.8445],[-115.60697,50.845821],[-115.61857,50.836167],[-115.624946,50.834492],[-115.643378,50.841381],[-115.644292,50.858389],[-115.650472,50.864137],[-115.64954,50.873725],[-115.628916,50.880234],[-115.617481,50.879964],[-115.613853,50.886279],[-115.605718,50.887801],[-115.600483,50.88647],[-115.599935,50.890529],[-115.593075,50.893154],[-115.588667,50.893595],[-115.57841,50.889522],[-115.561832,50.894589],[-115.578637,50.913357],[-115.584994,50.916238],[-115.598233,50.917739],[-115.610341,50.926637],[-115.597791,50.940616],[-115.60929,50.946407],[-115.608352,50.959193],[-115.613021,50.959276],[-115.62258,50.965855],[-115.628787,50.980919],[-115.639497,50.984762],[-115.649931,50.998139],[-115.661086,51.000638],[-115.670185,50.998934],[-115.674897,51.001605],[-115.678447,51.007608],[-115.690073,51.014039],[-115.694121,51.028108],[-115.702704,51.024064],[-115.704705,51.019287],[-115.714505,51.019131],[-115.718754,51.016528],[-115.74126,51.02305],[-115.740449,51.026683],[-115.736095,51.027904],[-115.742909,51.032749],[-115.752143,51.03144],[-115.768959,51.039442],[-115.773317,51.043481],[-115.77028,51.047729],[-115.774218,51.056907],[-115.763049,51.061194],[-115.760669,51.071461],[-115.754599,51.074658],[-115.759003,51.075191],[-115.777171,51.066564],[-115.790585,51.072624],[-115.803616,51.069623],[-115.81391,51.086001],[-115.827058,51.082727],[-115.83457,51.075416],[-115.843537,51.076111],[-115.848665,51.081782],[-115.859597,51.078691],[-115.868847,51.089885],[-115.878363,51.086118],[-115.895553,51.086759],[-115.900698,51.089778],[-115.901137,51.093331],[-115.906572,51.089326],[-115.904814,51.083348],[-115.914369,51.08316],[-115.92002,51.084568],[-115.924106,51.089579],[-115.930644,51.089639],[-115.93526,51.09799],[-115.943446,51.097057],[-115.949451,51.098829],[-115.951267,51.106895],[-115.95788,51.115244],[-115.968388,51.11621],[-115.967743,51.121429],[-115.999257,51.129041],[-116.010391,51.126632],[-116.014988,51.137082],[-116.009792,51.14185],[-116.008531,51.154093],[-116.018725,51.156543],[-116.024902,51.162656],[-116.030037,51.162662],[-116.036136,51.169871],[-116.024646,51.175486],[-116.0221,51.186975],[-116.006708,51.190092],[-116.000186,51.194532],[-116.005031,51.202817],[-116.004308,51.207831],[-116.008448,51.210357],[-116.003708,51.215047],[-116.008109,51.222135],[-116.017793,51.223961],[-116.026679,51.220767],[-116.049749,51.228032],[-116.066605,51.249125],[-116.089026,51.25289],[-116.097885,51.251153],[-116.134242,51.260166],[-116.144909,51.264941],[-116.154684,51.26385],[-116.160122,51.276856],[-116.153282,51.287084],[-116.160429,51.291497],[-116.162207,51.296973],[-116.174718,51.297987],[-116.182044,51.295409],[-116.189543,51.301148],[-116.195815,51.301034],[-116.203548,51.295887],[-116.208875,51.29651],[-116.219684,51.293445],[-116.228869,51.302004],[-116.245264,51.301669],[-116.268884,51.312007],[-116.275358,51.319358],[-116.276201,51.32841],[-116.287263,51.33425],[-116.306599,51.328504],[-116.307429,51.323005],[-116.301125,51.311872],[-116.290505,51.303688],[-116.283019,51.285745],[-116.282304,51.281346],[-116.292875,51.272679],[-116.282464,51.259909],[-116.268849,51.257316],[-116.254647,51.244872],[-116.258577,51.234788],[-116.267493,51.226303],[-116.266365,51.222186],[-116.273211,51.215661],[-116.299946,51.214874],[-116.313596,51.218372],[-116.319832,51.222761],[-116.333165,51.207775],[-116.344792,51.207598],[-116.347109,51.202711],[-116.344469,51.192031],[-116.339437,51.18685],[-116.342492,51.178067],[-116.340207,51.174849],[-116.330761,51.171163],[-116.321066,51.172906],[-116.312155,51.171805],[-116.304528,51.166791],[-116.290126,51.164873],[-116.288325,51.156003],[-116.28238,51.150275],[-116.272735,51.1499],[-116.25636,51.142154],[-116.262334,51.12971],[-116.259457,51.12462],[-116.26956,51.119225],[-116.270573,51.116249],[-116.277838,51.114241],[-116.288098,51.104808],[-116.295767,51.102975],[-116.301059,51.089266],[-116.318123,51.087262],[-116.329177,51.08212],[-116.331406,51.078032],[-116.326682,51.071072],[-116.330908,51.069981],[-116.331829,51.066515],[-116.342403,51.064588],[-116.35128,51.0697],[-116.367018,51.064813],[-116.382843,51.076187],[-116.397634,51.079867],[-116.396992,51.084243],[-116.408402,51.084297],[-116.414714,51.078299],[-116.399296,51.070613],[-116.401973,51.066625],[-116.407192,51.065923],[-116.405738,51.060197],[-116.408288,51.057155],[-116.423376,51.047878],[-116.429802,51.036549],[-116.404771,51.025454],[-116.403978,51.017185],[-116.381394,51.009793],[-116.377719,50.998991],[-116.361287,50.991718],[-116.349967,50.980981],[-116.338541,50.980035],[-116.330886,50.973511],[-116.330189,50.959556],[-116.320067,50.950631],[-116.443382,50.950647],[-116.443271,50.936032],[-116.44946,50.936034],[-116.45032,50.934373],[-116.492322,50.938147],[-116.493614,50.936072],[-116.536634,50.936129],[-116.536652,50.921618],[-116.616461,50.921604],[-116.626015,50.927307],[-116.630968,50.925895],[-116.635085,50.927309],[-116.639478,50.923934],[-116.669186,50.917844],[-116.680668,50.912568],[-116.690636,50.896878],[-116.690142,50.892048],[-116.698014,50.890584],[-116.701179,50.886959],[-116.709944,50.885911],[-116.715682,50.880439],[-116.727492,50.881201],[-116.734477,50.876662],[-116.724511,50.86503],[-116.723121,50.854872],[-116.744641,50.852054],[-116.748133,50.848141],[-116.762007,50.849087],[-116.76485,50.847314],[-116.763676,50.840724],[-116.752706,50.832056],[-116.748269,50.817691],[-116.737076,50.813836],[-116.738564,50.806528],[-116.749728,50.791741],[-116.743761,50.772385],[-116.756337,50.770235],[-116.75781,50.767999],[-116.767731,50.769099],[-116.771471,50.766975],[-116.773982,50.75188],[-116.78848,50.746467],[-116.785685,50.737703],[-116.796989,50.729108]]]},"properties":{"id":"RDEK","boundaryCode":"RDEK","boundaryName":"Regional District of East Kootenay","reportingName":"East Kootenay","jurisdiction_count":9,"population_2015":57642,"vehicle_idling_population":3028,"vehicle_idling_percent":5.3,"vehicle_idling_band":"1–25%","vehicle_idling_display":"Regional District of East Kootenay · 5.3% covered","vehicle_idling_details":"Vehicle idling: 5.3% of the regional district population covered (2015 population estimate).\nCanal Flats: no bylaw reported\nCranbrook: no bylaw reported\nEast Kootenay RD-uninc: no bylaw reported\nElkford: no bylaw reported\nFernie: no bylaw reported\nInvermere: bylaw reported\nKimberley: no bylaw reported\nRadium Hot Springs: no bylaw reported\nSparwood: no bylaw reported","open_burning_population":10526,"open_burning_percent":18.3,"open_burning_band":"1–25%","open_burning_display":"Regional District of East Kootenay · 18.3% covered","open_burning_details":"Open burning: 18.3% of the regional district population covered (2015 population estimate).\nCanal Flats: no bylaw reported\nCranbrook: no bylaw reported\nEast Kootenay RD-uninc: no bylaw reported\nElkford: no bylaw reported\nFernie: no bylaw reported\nInvermere: bylaw reported\nKimberley: bylaw reported\nRadium Hot Springs: bylaw reported\nSparwood: no bylaw reported","solid_fuel_population":46214,"solid_fuel_percent":80.2,"solid_fuel_band":"More than 75%","solid_fuel_display":"Regional District of East Kootenay · 80.2% covered","solid_fuel_details":"Solid fuel appliance: 80.2% of the regional district population covered (2015 population estimate).\nCanal Flats: no bylaw reported\nCranbrook: bylaw reported\nEast Kootenay RD-uninc: bylaw reported\nElkford: no bylaw reported\nFernie: no bylaw reported\nInvermere: no bylaw reported\nKimberley: bylaw reported\nRadium Hot Springs: no bylaw reported\nSparwood: bylaw reported"},"id":"RDEK"},{"type":"Feature","geometry":{"type":"Polygon","coordinates":[[[-120.139454,52.875815],[-120.130709,52.875002],[-120.122038,52.867678],[-120.111343,52.864015],[-120.101817,52.85454],[-120.102212,52.844657],[-120.09505,52.83902],[-120.081161,52.834969],[-120.077393,52.82951],[-120.066402,52.823834],[-120.058693,52.825208],[-120.049529,52.823739],[-120.040826,52.816795],[-120.040293,52.801209],[-120.022723,52.781827],[-120.025565,52.772501],[-120.017626,52.768245],[-120.012704,52.753733],[-119.998098,52.74421],[-119.969072,52.735107],[-119.971082,52.730453],[-119.964125,52.718657],[-119.954237,52.713796],[-119.948585,52.719005],[-119.939571,52.721634],[-119.933105,52.719528],[-119.921644,52.722451],[-119.911051,52.720418],[-119.907927,52.713287],[-119.899852,52.716111],[-119.891174,52.711638],[-119.884954,52.698836],[-119.880826,52.697147],[-119.879872,52.690671],[-119.870974,52.686624],[-119.864614,52.685727],[-119.862358,52.68962],[-119.854923,52.692561],[-119.843579,52.691548],[-119.828487,52.684293],[-119.822271,52.676249],[-119.772779,52.660258],[-119.769143,52.659436],[-119.764334,52.670172],[-119.747198,52.682555],[-119.736714,52.678652],[-119.724203,52.679734],[-119.716969,52.674961],[-119.710371,52.675921],[-119.702483,52.684102],[-119.683782,52.690105],[-119.68328,52.692853],[-119.672377,52.694788],[-119.667732,52.698898],[-119.650221,52.699203],[-119.63944,52.702558],[-119.617403,52.705124],[-119.61355,52.699998],[-119.618242,52.689905],[-119.612566,52.680664],[-119.606357,52.678187],[-119.602824,52.670096],[-119.586332,52.659031],[-119.578898,52.657437],[-119.577553,52.651666],[-119.560235,52.661052],[-119.54257,52.664418],[-119.542515,52.654387],[-119.535799,52.647175],[-119.536073,52.641623],[-119.529189,52.628888],[-119.515278,52.629059],[-119.50345,52.632079],[-119.499007,52.638647],[-119.489613,52.638344],[-119.464046,52.651223],[-119.456144,52.64556],[-119.450829,52.645607],[-119.448281,52.639518],[-119.443339,52.636941],[-119.426593,52.63652],[-119.417598,52.641191],[-119.415255,52.647219],[-119.400174,52.651062],[-119.383923,52.65012],[-119.377708,52.654356],[-119.364335,52.655513],[-119.359784,52.651313],[-119.363511,52.648862],[-119.361642,52.639425],[-119.365113,52.636998],[-119.367024,52.622182],[-119.371797,52.617309],[-119.377696,52.615743],[-119.353989,52.586354],[-119.327175,52.594644],[-119.307467,52.596429],[-119.296894,52.603472],[-119.276702,52.597154],[-119.268166,52.599422],[-119.24788,52.598484],[-119.221311,52.605319],[-119.213808,52.604434],[-119.206747,52.599221],[-119.193658,52.59901],[-119.18888,52.60211],[-119.195061,52.609648],[-119.185111,52.633327],[-119.053854,52.632961],[-119.054922,52.625201],[-119.043947,52.61651],[-119.044772,52.613184],[-119.038584,52.607167],[-119.041396,52.598712],[-119.034619,52.594279],[-119.019521,52.591525],[-119.015653,52.593137],[-119.015129,52.598128],[-119.003863,52.60107],[-118.999136,52.598776],[-118.995174,52.58772],[-118.9902,52.584379],[-118.969088,52.581027],[-118.959465,52.575657],[-118.951509,52.577065],[-118.941383,52.571654],[-118.927268,52.568165],[-118.927994,52.560511],[-118.936239,52.558101],[-118.938194,52.5479],[-118.926244,52.540204],[-118.915762,52.537781],[-118.906768,52.518757],[-118.90943,52.502637],[-118.896441,52.492302],[-118.889621,52.491851],[-118.889135,52.482229],[-118.885067,52.478814],[-118.891459,52.472347],[-118.910141,52.46942],[-118.913473,52.464772],[-118.923617,52.46378],[-118.932764,52.453892],[-118.937274,52.453289],[-118.935138,52.446986],[-118.945155,52.433755],[-118.934197,52.430066],[-118.933539,52.423453],[-118.926923,52.423174],[-118.923914,52.419264],[-118.931788,52.412281],[-118.929651,52.41055],[-118.932605,52.398628],[-118.939919,52.390747],[-118.937585,52.373582],[-118.928107,52.365374],[-118.926647,52.354416],[-118.919193,52.348795],[-118.90299,52.343149],[-118.868995,52.342604],[-118.856493,52.335077],[-118.842939,52.334544],[-118.83642,52.329547],[-118.804128,52.31983],[-118.790663,52.311352],[-118.787707,52.305828],[-118.814087,52.29915],[-118.823858,52.290433],[-118.839208,52.288484],[-118.845644,52.282116],[-118.844953,52.275707],[-118.861334,52.271691],[-118.866051,52.267435],[-118.883589,52.261194],[-118.890529,52.244755],[-118.897608,52.239013],[-118.891147,52.237942],[-118.877822,52.240076],[-118.838828,52.233271],[-118.841214,52.225452],[-118.835806,52.220721],[-118.849919,52.217875],[-118.851906,52.210048],[-118.841816,52.202482],[-118.827555,52.199458],[-118.806903,52.179517],[-118.799106,52.176597],[-118.790805,52.176514],[-118.776167,52.181225],[-118.768786,52.178432],[-118.763785,52.179568],[-118.757883,52.18309],[-118.751563,52.183454],[-118.742268,52.196648],[-118.735703,52.19583],[-118.718443,52.203489],[-118.70663,52.204694],[-118.700495,52.210253],[-118.68121,52.213518],[-118.678331,52.218291],[-118.665254,52.22406],[-118.66105,52.23027],[-118.650507,52.235019],[-118.637356,52.248596],[-118.623419,52.255315],[-118.621325,52.258572],[-118.581609,52.272747],[-118.561939,52.276555],[-118.546166,52.290284],[-118.542296,52.288186],[-118.531465,52.289163],[-118.523,52.284336],[-118.498628,52.29256],[-118.49199,52.292553],[-118.493808,52.310865],[-118.471006,52.315116],[-118.467652,52.318385],[-118.461197,52.318548],[-118.455206,52.32183],[-118.438156,52.322758],[-118.430627,52.333612],[-118.420681,52.337428],[-118.397506,52.333002],[-118.389265,52.334792],[-118.383593,52.347425],[-118.366546,52.354034],[-118.36245,52.361877],[-118.357455,52.364065],[-118.351252,52.363408],[-118.329533,52.367898],[-118.31714,52.365547],[-118.306214,52.360633],[-118.304969,52.349597],[-118.29198,52.34136],[-118.288668,52.335498],[-118.276244,52.343913],[-118.259067,52.345968],[-118.249878,52.350696],[-118.251469,52.357629],[-118.239961,52.372127],[-118.242839,52.375567],[-118.233963,52.379706],[-118.225307,52.379598],[-118.219305,52.385555],[-118.218674,52.396267],[-118.2321,52.402829],[-118.24261,52.404062],[-118.237314,52.42334],[-118.248206,52.434095],[-118.253097,52.443681],[-118.250463,52.450938],[-118.236576,52.451102],[-118.229334,52.457921],[-118.211571,52.463318],[-118.205607,52.472714],[-118.194997,52.477486],[-118.20173,52.489501],[-118.204693,52.487987],[-118.218061,52.490122],[-118.236573,52.488824],[-118.252136,52.497457],[-118.254855,52.503092],[-118.263417,52.504547],[-118.263819,52.508792],[-118.269607,52.513795],[-118.268201,52.518431],[-118.273599,52.522992],[-118.283498,52.526189],[-118.285513,52.523732],[-118.290179,52.524865],[-118.284251,52.533876],[-118.290374,52.539554],[-118.285824,52.543793],[-118.286723,52.549852],[-118.270772,52.561317],[-118.272013,52.564606],[-118.284347,52.571501],[-118.29897,52.570981],[-118.301678,52.574242],[-118.311017,52.573681],[-118.313612,52.576079],[-118.328955,52.577859],[-118.336386,52.585876],[-118.337212,52.593617],[-118.329569,52.596697],[-118.33489,52.600746],[-118.332458,52.604783],[-118.334319,52.607225],[-118.346137,52.607404],[-118.356743,52.615062],[-118.35574,52.623246],[-118.351716,52.626906],[-118.355596,52.63297],[-118.353408,52.635458],[-118.343623,52.639616],[-118.33556,52.638787],[-118.331998,52.640742],[-118.328231,52.651033],[-118.31839,52.655603],[-118.306169,52.651323],[-118.29918,52.653597],[-118.294056,52.668646],[-118.309621,52.673526],[-118.31071,52.676783],[-118.304756,52.679345],[-118.322673,52.687014],[-118.307461,52.694131],[-118.331907,52.707273],[-118.344556,52.708991],[-118.34054,52.726448],[-118.328628,52.737919],[-118.339513,52.737712],[-118.34754,52.740681],[-118.36599,52.752575],[-118.386423,52.756743],[-118.414889,52.768598],[-118.418504,52.773818],[-118.422793,52.800366],[-118.41893,52.805807],[-118.414527,52.805455],[-118.407145,52.808842],[-118.398793,52.819981],[-118.3965,52.831159],[-118.403087,52.839214],[-118.401276,52.843905],[-118.399138,52.845968],[-118.387642,52.846777],[-118.395997,52.849069],[-118.39832,52.852882],[-118.418825,52.850242],[-118.425253,52.852506],[-118.437824,52.849951],[-118.454203,52.855848],[-118.455514,52.861301],[-118.463417,52.868499],[-118.456937,52.87026],[-118.448692,52.880846],[-118.452582,52.886957],[-118.461061,52.888921],[-118.474467,52.898869],[-118.481515,52.901694],[-118.493159,52.902454],[-118.498384,52.906136],[-118.511845,52.904889],[-118.522161,52.896603],[-118.542603,52.907537],[-118.549683,52.90779],[-118.549819,52.90586],[-118.562638,52.901119],[-118.565605,52.893561],[-118.572634,52.887244],[-118.602437,52.879288],[-118.616217,52.880998],[-118.617076,52.898896],[-118.607204,52.905719],[-118.61583,52.908946],[-118.622691,52.919701],[-118.617828,52.931854],[-118.610346,52.935902],[-118.61869,52.938627],[-118.619922,52.942084],[-118.634537,52.944464],[-118.63433,52.948467],[-118.648719,52.953025],[-118.661249,52.963027],[-118.658129,52.967863],[-118.661832,52.974773],[-118.673058,52.978083],[-118.670206,52.983697],[-118.662826,52.98492],[-118.647451,52.993618],[-118.650847,52.999503],[-118.641309,52.998728],[-118.655479,53.01293],[-118.658334,53.020249],[-118.652448,53.02633],[-118.65712,53.034386],[-118.66753,53.041822],[-118.677744,53.041741],[-118.687791,53.03963],[-118.68998,53.031921],[-118.697144,53.031921],[-118.701045,53.034155],[-118.703304,53.046439],[-118.731281,53.058469],[-118.735092,53.058602],[-118.739576,53.052495],[-118.741264,53.055509],[-118.745072,53.053359],[-118.743411,53.050273],[-118.76033,53.043325],[-118.758468,53.039514],[-118.761415,53.036638],[-118.766547,53.037389],[-118.778102,53.046702],[-118.778287,53.050098],[-118.770242,53.054408],[-118.769384,53.060399],[-118.772965,53.063304],[-118.770504,53.071342],[-118.761155,53.077091],[-118.756753,53.08497],[-118.750903,53.08492],[-118.747914,53.087796],[-118.75172,53.094006],[-118.746464,53.09883],[-118.74188,53.098834],[-118.741217,53.104802],[-118.729378,53.111918],[-118.72978,53.114097],[-118.739027,53.120723],[-118.778889,53.132055],[-118.787982,53.144757],[-118.782534,53.149766],[-118.790942,53.15623],[-118.792438,53.161619],[-118.808494,53.163049],[-118.818375,53.170792],[-118.828318,53.171692],[-118.832877,53.180702],[-118.828581,53.184895],[-118.830909,53.18779],[-118.833855,53.188904],[-118.838069,53.183822],[-118.853292,53.185259],[-118.8616,53.18771],[-118.867666,53.195023],[-118.874855,53.197508],[-118.873992,53.203455],[-118.915501,53.209483],[-118.925528,53.214411],[-118.922662,53.221044],[-118.927533,53.227028],[-118.948707,53.237365],[-118.95861,53.234694],[-118.984056,53.240243],[-118.989391,53.236674],[-118.997592,53.236753],[-119.022811,53.230043],[-119.026002,53.223704],[-119.022357,53.218192],[-119.015451,53.214983],[-119.006716,53.214618],[-118.993273,53.205088],[-118.996951,53.20099],[-118.996019,53.193606],[-119.007627,53.190006],[-119.010436,53.18434],[-119.020975,53.178505],[-119.019377,53.172669],[-119.021113,53.173637],[-119.025,53.170694],[-119.013292,53.166388],[-119.008426,53.158369],[-119.00836,53.150171],[-119.001467,53.146008],[-119.005895,53.13585],[-119.027642,53.12423],[-119.048009,53.125383],[-119.047354,53.138017],[-119.052197,53.147392],[-119.087216,53.163641],[-119.121971,53.160207],[-119.139015,53.172811],[-119.148026,53.191115],[-119.170675,53.183691],[-119.190934,53.182969],[-119.206789,53.185392],[-119.213639,53.191109],[-119.224729,53.195101],[-119.22126,53.199805],[-119.210672,53.201809],[-119.208551,53.206854],[-119.216405,53.217993],[-119.223833,53.222603],[-119.235846,53.223431],[-119.238639,53.217813],[-119.243347,53.216684],[-119.268257,53.217671],[-119.280781,53.2272],[-119.284875,53.236767],[-119.293784,53.244519],[-119.301365,53.256754],[-119.307884,53.257805],[-119.311881,53.262403],[-119.330632,53.270247],[-119.34283,53.283764],[-119.342502,53.287098],[-119.3365,53.286271],[-119.339883,53.288309],[-119.331222,53.296804],[-119.332109,53.298477],[-119.347593,53.299495],[-119.35955,53.308933],[-119.35955,53.311918],[-119.348205,53.315934],[-119.351139,53.323593],[-119.348715,53.324297],[-119.355014,53.328965],[-119.360296,53.342572],[-119.376844,53.348367],[-119.383824,53.355246],[-119.404484,53.365531],[-119.422848,53.361604],[-119.436454,53.355778],[-119.44392,53.355994],[-119.442777,53.349939],[-119.448476,53.349198],[-119.45005,53.351507],[-119.453769,53.350334],[-119.464673,53.357275],[-119.474709,53.359027],[-119.48199,53.363021],[-119.502326,53.36069],[-119.520621,53.370663],[-119.533955,53.362036],[-119.546723,53.364165],[-119.558831,53.367781],[-119.561811,53.371107],[-119.57452,53.372176],[-119.598498,53.383738],[-119.606536,53.385082],[-119.6104,53.381635],[-119.596866,53.366847],[-119.599861,53.363909],[-119.614681,53.361193],[-119.623438,53.364508],[-119.63698,53.364365],[-119.642144,53.367203],[-119.659676,53.366367],[-119.680658,53.370123],[-119.678918,53.379055],[-119.701356,53.390247],[-119.713013,53.386215],[-119.73026,53.388978],[-119.73475,53.405984],[-119.747341,53.412684],[-119.74742,53.41671],[-119.753074,53.420514],[-119.748796,53.423809],[-119.759756,53.42406],[-119.761324,53.428034],[-119.766351,53.429167],[-119.758673,53.437543],[-119.77216,53.444037],[-119.78099,53.465658],[-119.791999,53.472738],[-119.794556,53.479476],[-119.782123,53.485962],[-119.784501,53.491427],[-119.810476,53.500485],[-119.820964,53.501721],[-119.833687,53.51007],[-119.836013,53.518387],[-119.850121,53.511227],[-119.855442,53.502629],[-119.868912,53.498412],[-119.872437,53.503587],[-119.901203,53.516561],[-119.898704,53.535199],[-119.890311,53.535402],[-119.877489,53.544416],[-119.865435,53.546558],[-119.862098,53.553481],[-119.872879,53.566386],[-119.891629,53.572957],[-119.893214,53.582369],[-119.899626,53.583769],[-119.904841,53.588125],[-119.90791,53.596591],[-119.931687,53.609226],[-119.902929,53.620016],[-119.884759,53.615277],[-119.880006,53.618988],[-119.856464,53.606163],[-119.844022,53.605876],[-119.832315,53.609858],[-119.816531,53.601857],[-119.802227,53.603931],[-119.79081,53.601141],[-119.786161,53.592528],[-119.780469,53.590997],[-119.749906,53.59048],[-119.735205,53.605716],[-119.716449,53.61132],[-119.716605,53.616247],[-119.726257,53.626404],[-119.738456,53.631187],[-119.7417,53.644617],[-119.737077,53.651],[-119.739957,53.656445],[-119.737981,53.661688],[-119.751122,53.670756],[-119.763712,53.671406],[-119.76778,53.677091],[-119.776519,53.679332],[-119.779068,53.688597],[-119.789095,53.702328],[-119.800419,53.706271],[-119.806241,53.706998],[-119.814167,53.702454],[-119.820705,53.7021],[-119.829458,53.695931],[-119.838129,53.694641],[-119.847794,53.702483],[-119.846005,53.707408],[-119.841176,53.709735],[-119.853536,53.715447],[-119.865812,53.712511],[-119.871689,53.714231],[-119.881894,53.710308],[-119.891565,53.710758],[-119.900357,53.708439],[-119.911249,53.710911],[-119.9187,53.718705],[-119.904613,53.722539],[-119.897707,53.728],[-119.906695,53.738716],[-119.889624,53.751178],[-119.893715,53.75375],[-119.887166,53.760862],[-119.894508,53.766676],[-119.889586,53.770117],[-119.888812,53.776249],[-119.899581,53.778102],[-119.927373,53.77543],[-119.928686,53.777493],[-119.934535,53.77558],[-119.9392,53.776299],[-119.94179,53.781443],[-119.952648,53.782767],[-119.956236,53.779388],[-119.961909,53.778888],[-119.973345,53.788181],[-119.982188,53.790389],[-119.986809,53.796433],[-119.983222,53.799823],[-119.98866,53.802718],[-119.998141,53.804549],[-120.001343,53.798785],[-120.009199,53.796406],[-120.028356,53.802868],[-120.031223,53.805808],[-120.044697,53.80519],[-120.041935,53.81442],[-120.051202,53.827571],[-120.04726,53.833757],[-120.048372,53.841895],[-120.059045,53.845188],[-120.053357,53.84917],[-120.025694,53.858462],[-120.021674,53.866331],[-120.027318,53.872109],[-120.037226,53.874938],[-120.049228,53.882262],[-120.070304,53.904138],[-120.069458,53.913951],[-120.055609,53.920058],[-120.062417,53.923963],[-120.064171,53.928729],[-120.058884,53.938689],[-120.069204,53.942772],[-120.063073,53.96075],[-120.074656,53.971274],[-120.078031,53.979555],[-120.087243,53.983735],[-120.102663,53.986195],[-120.114292,53.976],[-120.125697,53.974726],[-120.130219,53.971517],[-120.141152,53.971943],[-120.142684,53.967444],[-120.137111,53.963713],[-120.141845,53.957094],[-120.150571,53.952868],[-120.15047,53.945861],[-120.156107,53.942542],[-120.170357,53.940289],[-120.176843,53.943161],[-120.196466,53.944768],[-120.201955,53.93586],[-120.213358,53.939677],[-120.220743,53.948462],[-120.212267,53.95945],[-120.207286,53.974188],[-120.222434,53.974378],[-120.233695,53.979133],[-120.24837,53.975649],[-120.263448,53.981793],[-120.259065,53.990927],[-120.262911,54.002991],[-120.254353,54.012434],[-120.255366,54.019198],[-120.25117,54.026207],[-120.242996,54.0295],[-120.237978,54.034932],[-120.235835,54.040745],[-120.230205,54.043393],[-120.207256,54.029627],[-120.198569,54.033372],[-120.194711,54.044377],[-120.185403,54.043081],[-120.176987,54.046444],[-120.177847,54.053683],[-120.166853,54.071633],[-120.173934,54.089584],[-120.178678,54.09153],[-120.189443,54.091369],[-120.189022,54.098914],[-120.180107,54.107711],[-120.183889,54.117519],[-120.188837,54.118723],[-120.205043,54.112546],[-120.20924,54.114073],[-120.235498,54.111119],[-120.240568,54.113813],[-120.255272,54.114764],[-120.264537,54.112369],[-120.278817,54.118832],[-120.31658,54.109974],[-120.316322,54.107564],[-120.325399,54.104742],[-120.325092,54.103013],[-120.335462,54.106398],[-120.337908,54.11262],[-120.34278,54.115407],[-120.37645,54.113899],[-120.39029,54.120358],[-120.395481,54.120219],[-120.399776,54.124807],[-120.407199,54.123895],[-120.417293,54.11659],[-120.425738,54.117364],[-120.434476,54.114395],[-120.438543,54.118923],[-120.444015,54.119226],[-120.457544,54.127022],[-120.461536,54.132492],[-120.482099,54.135819],[-120.490883,54.130808],[-120.498905,54.131575],[-120.51199,54.128574],[-120.536135,54.136209],[-120.536983,54.140758],[-120.547216,54.145848],[-120.55172,54.14478],[-120.560092,54.161259],[-120.586696,54.178007],[-120.586902,54.180966],[-120.57249,54.192301],[-120.577109,54.199289],[-120.566999,54.209559],[-120.57306,54.216577],[-120.572265,54.223312],[-120.586765,54.22987],[-120.586962,54.233622],[-120.580636,54.236265],[-120.578995,54.241752],[-120.5804,54.247033],[-120.586192,54.250194],[-120.583465,54.259273],[-120.597695,54.270184],[-120.590754,54.277003],[-120.608722,54.290082],[-120.628391,54.292233],[-120.625641,54.286614],[-120.634163,54.28083],[-120.654637,54.289335],[-120.681283,54.282447],[-120.703043,54.293957],[-120.720616,54.29438],[-120.729841,54.299229],[-120.730533,54.301642],[-120.713761,54.3052],[-120.707981,54.308803],[-120.701407,54.307033],[-120.691249,54.314669],[-120.69277,54.319912],[-120.68483,54.324102],[-120.697028,54.329567],[-120.693574,54.334787],[-120.702205,54.34375],[-120.699843,54.348228],[-120.69171,54.351185],[-120.678218,54.348643],[-120.659259,54.35866],[-120.682299,54.386174],[-120.694855,54.390638],[-120.702421,54.398046],[-120.732425,54.406578],[-120.734233,54.409273],[-120.745443,54.408036],[-120.756086,54.39884],[-120.765819,54.396368],[-120.774887,54.39657],[-120.781655,54.401689],[-120.784915,54.401359],[-120.789642,54.407729],[-120.785855,54.413647],[-120.795743,54.416465],[-120.799953,54.421785],[-120.797491,54.424305],[-120.804667,54.427915],[-120.806597,54.433919],[-120.803141,54.441527],[-120.80389,54.448765],[-120.807251,54.450399],[-120.805859,54.460119],[-120.797207,54.466937],[-120.803237,54.46826],[-120.816363,54.466556],[-120.821851,54.469256],[-120.816815,54.487627],[-120.82566,54.493476],[-120.858773,54.485818],[-120.875362,54.486764],[-120.877937,54.488625],[-120.879237,54.485387],[-120.873835,54.482881],[-120.877177,54.481843],[-120.875979,54.476959],[-120.881097,54.471718],[-120.877005,54.461911],[-120.907567,54.458489],[-120.920777,54.452569],[-120.929398,54.454128],[-120.93615,54.449956],[-120.941247,54.453513],[-120.941379,54.458863],[-120.956131,54.463482],[-120.983519,54.461693],[-121.002884,54.466368],[-121.014771,54.462447],[-121.024118,54.462834],[-121.029623,54.459277],[-121.023578,54.453548],[-121.029152,54.450673],[-121.036673,54.453915],[-121.044988,54.453139],[-121.061579,54.461709],[-121.063986,54.465843],[-121.066048,54.454532],[-121.074984,54.448859],[-121.100776,54.462148],[-121.108314,54.468658],[-121.116268,54.469519],[-121.129693,54.480379],[-121.13113,54.490912],[-121.120763,54.501059],[-121.131832,54.50455],[-121.136203,54.513158],[-121.130819,54.521664],[-121.132635,54.529269],[-121.121832,54.541048],[-121.127455,54.549252],[-121.133745,54.550905],[-121.147608,54.553221],[-121.161568,54.548154],[-121.184299,54.54708],[-121.197704,54.548818],[-121.202726,54.553117],[-121.202563,54.547686],[-121.209971,54.543751],[-121.217766,54.549367],[-121.230076,54.545506],[-121.242637,54.545263],[-121.249744,54.548225],[-121.25324,54.555516],[-121.25712,54.546314],[-121.268612,54.543005],[-121.263303,54.525689],[-121.270433,54.524092],[-121.270337,54.517224],[-121.282669,54.514928],[-121.28629,54.516273],[-121.288995,54.514775],[-121.297423,54.518282],[-121.317739,54.515295],[-121.315955,54.517852],[-121.322024,54.523821],[-121.338781,54.525581],[-121.354667,54.535472],[-121.355919,54.538977],[-121.369721,54.538797],[-121.389783,54.532859],[-121.398351,54.533108],[-121.399626,54.540556],[-121.405957,54.544917],[-121.405513,54.566234],[-121.412874,54.569468],[-121.426858,54.570297],[-121.448552,54.562003],[-121.450626,54.575837],[-121.441932,54.58633],[-121.454877,54.594461],[-121.459278,54.601428],[-121.453824,54.609438],[-121.472518,54.61016],[-121.474858,54.607646],[-121.488128,54.607615],[-121.488686,54.611264],[-121.497992,54.617265],[-121.49904,54.622446],[-121.48989,54.626943],[-121.494018,54.627579],[-121.495066,54.63107],[-121.50457,54.63215],[-121.50253,54.63749],[-121.508695,54.638402],[-121.514118,54.645641],[-121.529667,54.65197],[-121.525418,54.652439],[-121.528144,54.661496],[-121.524912,54.663408],[-121.529339,54.665384],[-121.528358,54.668878],[-121.516466,54.671367],[-121.517826,54.674381],[-121.514274,54.676519],[-121.518205,54.677293],[-121.520801,54.68438],[-121.499982,54.69322],[-121.495077,54.692431],[-121.490216,54.694645],[-121.47963,54.710906],[-121.483858,54.717547],[-121.481734,54.721502],[-121.474869,54.724032],[-121.500907,54.739681],[-121.500453,54.749418],[-121.492999,54.754341],[-121.50093,54.755023],[-121.509401,54.762596],[-121.528506,54.769281],[-121.522442,54.788605],[-121.524696,54.795454],[-121.530359,54.80016],[-121.539576,54.80038],[-121.545902,54.803565],[-121.544603,54.805958],[-121.559867,54.820374],[-121.590826,54.824389],[-121.609186,54.829625],[-121.619784,54.837934],[-121.628532,54.839001],[-121.631997,54.841946],[-121.643711,54.842784],[-121.648804,54.846034],[-121.646578,54.850638],[-121.650293,54.855065],[-121.668051,54.856511],[-121.674076,54.861379],[-121.680846,54.862106],[-121.686947,54.870458],[-121.69924,54.878752],[-121.706675,54.881688],[-121.71531,54.878266],[-121.731404,54.887449],[-121.732137,54.881966],[-121.737206,54.880177],[-121.745309,54.880979],[-121.740758,54.868467],[-121.749798,54.864857],[-121.756424,54.85663],[-121.763702,54.85603],[-121.765509,54.849901],[-121.779035,54.851791],[-121.782593,54.841203],[-121.794292,54.845769],[-121.797997,54.843747],[-121.802582,54.854029],[-121.809497,54.854078],[-121.814247,54.85888],[-121.822899,54.860312],[-121.829243,54.858594],[-121.833901,54.860751],[-121.836997,54.859271],[-121.84903,54.864562],[-121.857492,54.861748],[-121.859903,54.864638],[-121.870068,54.866617],[-121.875527,54.872647],[-121.871883,54.877008],[-121.876764,54.878572],[-121.876245,54.881552],[-121.858696,54.890824],[-121.853569,54.896222],[-121.869117,54.898408],[-121.874612,54.903797],[-121.8744,54.909142],[-121.86928,54.913723],[-121.857139,54.914994],[-121.848687,54.927436],[-121.865972,54.935396],[-121.878107,54.953819],[-121.896382,54.95463],[-121.902263,54.961702],[-121.914757,54.96522],[-121.923753,54.97367],[-121.92162,54.978414],[-121.924323,54.984295],[-121.943685,54.992634],[-121.944213,54.995128],[-121.937467,54.999032],[-121.94572,55.006833],[-121.956213,55.011003],[-121.966785,55.011779],[-121.969289,55.016983],[-121.977731,55.02268],[-122.013184,55.02916],[-122.015461,55.033275],[-122.023744,55.036457],[-122.021658,55.042417],[-122.029825,55.046392],[-122.028895,55.050563],[-122.03837,55.053391],[-122.03659,55.057415],[-122.054217,55.063398],[-122.057506,55.066676],[-122.06957,55.067084],[-122.088805,55.085481],[-122.101763,55.090836],[-122.102154,55.095424],[-122.108463,55.100428],[-122.12694,55.101883],[-122.127655,55.09787],[-122.138622,55.092889],[-122.149158,55.094796],[-122.153807,55.093598],[-122.173791,55.099405],[-122.171978,55.106265],[-122.181825,55.119616],[-122.177317,55.122291],[-122.183372,55.131699],[-122.192809,55.137888],[-122.207653,55.138497],[-122.223005,55.135902],[-122.234766,55.13983],[-122.249049,55.131947],[-122.264414,55.131403],[-122.265177,55.135146],[-122.291528,55.150247],[-122.280336,55.155708],[-122.296976,55.169734],[-122.288472,55.177368],[-122.290564,55.180696],[-122.280417,55.189569],[-122.267771,55.192199],[-122.257708,55.19017],[-122.250699,55.191202],[-122.247827,55.191889],[-122.24897,55.194823],[-122.254238,55.19767],[-122.26525,55.198573],[-122.268956,55.209576],[-122.278515,55.21194],[-122.2824,55.217304],[-122.30256,55.220341],[-122.303844,55.222406],[-122.315981,55.221441],[-122.332882,55.227277],[-122.334129,55.229504],[-122.325875,55.233179],[-122.326782,55.236239],[-122.334298,55.23853],[-122.338163,55.24598],[-122.344441,55.246849],[-122.349537,55.254791],[-122.361241,55.255655],[-122.360262,55.262713],[-122.37416,55.269516],[-122.376284,55.274931],[-122.386337,55.280028],[-122.38605,55.283289],[-122.403674,55.2899],[-122.404678,55.298936],[-122.417727,55.304804],[-122.418315,55.307745],[-122.428311,55.309192],[-122.431738,55.315402],[-122.440615,55.312711],[-122.448641,55.314518],[-122.462617,55.30988],[-122.485959,55.315193],[-122.494932,55.325792],[-122.513032,55.332978],[-122.51713,55.342062],[-122.513865,55.34479],[-122.51963,55.35051],[-122.523834,55.352324],[-122.528658,55.349907],[-122.544738,55.360591],[-122.547623,55.36565],[-122.56015,55.367098],[-122.557644,55.371133],[-122.567118,55.379146],[-122.570106,55.390362],[-122.578252,55.393266],[-122.582464,55.399534],[-122.600227,55.410593],[-122.605887,55.408481],[-122.610937,55.399215],[-122.622768,55.395424],[-122.626973,55.389812],[-122.641835,55.383854],[-122.646967,55.369401],[-122.653094,55.365231],[-122.648267,55.36333],[-122.6472,55.359149],[-122.652639,55.346917],[-122.659182,55.341571],[-122.677624,55.335516],[-122.681473,55.338018],[-122.694111,55.336837],[-122.699438,55.338572],[-122.705908,55.345561],[-122.712111,55.346047],[-122.725085,55.342195],[-122.741459,55.345654],[-122.756448,55.354392],[-122.752653,55.363523],[-122.76497,55.369536],[-122.772221,55.368009],[-122.791672,55.380579],[-122.800129,55.380084],[-122.812245,55.385438],[-122.820452,55.38554],[-122.842742,55.377097],[-122.850625,55.377325],[-122.854878,55.381363],[-122.846431,55.38625],[-122.847503,55.394683],[-122.853019,55.397409],[-122.874886,55.39718],[-122.882554,55.399715],[-122.881479,55.408253],[-122.868634,55.413335],[-122.889972,55.417657],[-122.890116,55.422914],[-122.898208,55.41584],[-122.911953,55.414521],[-122.919985,55.41086],[-122.936047,55.411876],[-122.948781,55.409267],[-122.959401,55.402876],[-122.967216,55.404915],[-122.973959,55.402102],[-122.978208,55.402725],[-122.986544,55.397502],[-122.994773,55.404318],[-122.986715,55.415415],[-122.987519,55.420285],[-122.98349,55.422207],[-123.008171,55.436505],[-123.00166,55.439893],[-123.006054,55.443999],[-122.996759,55.45081],[-123.001138,55.457244],[-122.999035,55.463049],[-122.981337,55.465554],[-122.968877,55.461167],[-122.950845,55.459253],[-122.932836,55.460559],[-122.934921,55.466533],[-122.931508,55.469814],[-122.957752,55.483152],[-122.960502,55.485875],[-122.955639,55.490115],[-122.955666,55.494859],[-122.966123,55.501045],[-122.957572,55.50257],[-122.955715,55.506882],[-122.944809,55.511205],[-122.944312,55.520904],[-122.940029,55.525008],[-122.944665,55.528955],[-122.941826,55.530859],[-122.94661,55.531391],[-122.943574,55.538551],[-122.956066,55.547794],[-122.94842,55.552427],[-122.944924,55.558509],[-122.930346,55.563453],[-122.931461,55.569752],[-122.947105,55.575547],[-122.957864,55.584941],[-122.969272,55.583147],[-122.975079,55.576321],[-123.003624,55.560925],[-123.025511,55.562329],[-123.039547,55.559702],[-123.046176,55.56704],[-123.055234,55.569732],[-123.061137,55.576368],[-123.071048,55.580327],[-123.073796,55.585339],[-123.079337,55.584922],[-123.074936,55.589571],[-123.068921,55.590408],[-123.078641,55.607961],[-123.074336,55.624749],[-123.10171,55.629178],[-123.119066,55.630641],[-123.125596,55.629128],[-123.13771,55.634918],[-123.139501,55.640309],[-123.150609,55.64124],[-123.151693,55.646171],[-123.144991,55.655596],[-123.132387,55.66022],[-123.129659,55.665044],[-123.128059,55.67807],[-123.137204,55.682221],[-123.127028,55.688925],[-123.12542,55.693237],[-123.141426,55.707117],[-123.14291,55.716951],[-123.136285,55.72518],[-123.144016,55.727708],[-123.146523,55.733875],[-123.169473,55.741816],[-123.180683,55.737631],[-123.190781,55.73775],[-123.200199,55.729541],[-123.191663,55.719518],[-123.194966,55.717886],[-123.20433,55.718742],[-123.212087,55.713643],[-123.220944,55.712271],[-123.238887,55.713226],[-123.245342,55.7061],[-123.263752,55.698541],[-123.30763,55.711177],[-123.330562,55.712843],[-123.333497,55.724814],[-123.346819,55.72969],[-123.343795,55.733545],[-123.350214,55.742521],[-123.339793,55.74574],[-123.334747,55.744316],[-123.325367,55.750353],[-123.316853,55.751534],[-123.318592,55.753564],[-123.311017,55.756958],[-123.310871,55.761918],[-123.316667,55.771814],[-123.30837,55.77481],[-123.318632,55.788663],[-123.316652,55.797494],[-123.342275,55.810868],[-123.338822,55.824031],[-123.351536,55.831672],[-123.366237,55.82912],[-123.385378,55.835683],[-123.374933,55.846935],[-123.367381,55.852334],[-123.363197,55.852445],[-123.367562,55.860711],[-123.373312,55.862757],[-123.388616,55.859403],[-123.392809,55.867998],[-123.406725,55.865098],[-123.40973,55.86854],[-123.423589,55.87273],[-123.429808,55.877264],[-123.432722,55.885548],[-123.443636,55.883031],[-123.46032,55.884428],[-123.480557,55.879978],[-123.487256,55.876214],[-123.496323,55.876636],[-123.500407,55.879719],[-123.512508,55.882168],[-123.526259,55.875362],[-123.521014,55.871574],[-123.532289,55.865209],[-123.56777,55.86844],[-123.578209,55.871463],[-123.582774,55.88104],[-123.595254,55.884563],[-123.604933,55.881964],[-123.628653,55.891702],[-123.636829,55.890069],[-123.641734,55.89176],[-123.645577,55.897901],[-123.6571,55.901848],[-123.667303,55.913306],[-123.684835,55.914081],[-123.685604,55.91777],[-123.680738,55.920403],[-123.684554,55.933527],[-123.678194,55.941505],[-123.695922,55.944452],[-123.70229,55.956546],[-123.713636,55.961279],[-123.720217,55.970613],[-123.730702,55.96755],[-123.733396,55.961756],[-123.749981,55.957928],[-123.758727,55.961244],[-123.767281,55.957156],[-123.764602,55.955358],[-123.770917,55.955552],[-123.777174,55.962503],[-123.787208,55.964372],[-123.787176,55.969125],[-123.793943,55.969396],[-123.800488,55.972921],[-123.808034,55.985825],[-123.803668,55.990287],[-123.807481,55.99319],[-123.815115,55.991883],[-123.932654,55.919166],[-123.92564,55.917584],[-123.925629,55.909677],[-123.929216,55.906532],[-123.927301,55.88552],[-123.919603,55.884248],[-123.905451,55.874647],[-123.908385,55.863552],[-123.894897,55.854649],[-123.891721,55.84515],[-123.888546,55.846728],[-123.889705,55.844329],[-123.883376,55.84379],[-123.876611,55.836503],[-123.872762,55.838058],[-123.868135,55.834785],[-123.86964,55.83034],[-123.866609,55.828383],[-123.874211,55.822129],[-123.86298,55.799322],[-123.854873,55.796652],[-123.838567,55.801962],[-123.83355,55.79788],[-123.823617,55.799619],[-123.828975,55.791253],[-123.822684,55.787142],[-123.823484,55.76658],[-123.82275,55.765282],[-123.816185,55.769189],[-123.814848,55.758577],[-123.804845,55.761123],[-123.802552,55.75731],[-123.796643,55.756675],[-123.794348,55.736265],[-123.789489,55.732253],[-123.794225,55.730201],[-123.797103,55.716704],[-123.80158,55.717699],[-123.804836,55.715764],[-123.803433,55.703274],[-123.816681,55.702171],[-123.818101,55.674899],[-123.829013,55.673328],[-123.847792,55.674388],[-123.857218,55.660362],[-123.870586,55.660367],[-123.87611,55.662871],[-123.875055,55.657604],[-123.880661,55.653843],[-123.896421,55.651282],[-123.903071,55.652512],[-123.908074,55.647801],[-123.922443,55.642352],[-123.950364,55.63675],[-123.958744,55.627687],[-123.974702,55.620064],[-123.975303,55.615118],[-123.979135,55.613146],[-123.977168,55.610013],[-123.968066,55.609181],[-123.956999,55.603867],[-123.963242,55.589818],[-123.95293,55.582656],[-123.938347,55.579174],[-123.940617,55.576524],[-123.935776,55.572463],[-123.939556,55.560081],[-123.935575,55.556685],[-123.930557,55.554989],[-123.92642,55.54625],[-123.917008,55.538862],[-123.917617,55.531813],[-123.904703,55.520559],[-123.895966,55.506183],[-123.884317,55.502152],[-123.890003,55.499442],[-123.885482,55.48844],[-123.897735,55.48862],[-123.902875,55.485015],[-123.889459,55.470858],[-123.889711,55.467526],[-123.895398,55.464119],[-123.897584,55.449927],[-123.909974,55.43322],[-123.926387,55.427499],[-123.918931,55.421471],[-123.905132,55.419831],[-123.905486,55.415272],[-123.890255,55.409516],[-123.888582,55.406751],[-123.880469,55.406058],[-123.882371,55.400893],[-123.874957,55.396992],[-123.878325,55.390075],[-123.874079,55.388659],[-123.881843,55.38287],[-123.87747,55.380909],[-123.877983,55.376077],[-123.844949,55.373686],[-123.846878,55.364992],[-123.849725,55.361387],[-123.858057,55.35954],[-123.857027,55.354219],[-123.86181,55.350078],[-123.862555,55.344409],[-123.857412,55.341374],[-123.856535,55.335836],[-123.843588,55.340087],[-123.833609,55.338682],[-123.828255,55.34047],[-123.822975,55.338304],[-123.814436,55.338621],[-123.801868,55.332235],[-123.795418,55.332906],[-123.796445,55.329898],[-123.79021,55.326281],[-123.790506,55.318165],[-123.78515,55.312673],[-123.788331,55.306227],[-123.7815,55.299718],[-123.772257,55.297047],[-123.765645,55.298859],[-123.760226,55.297677],[-123.752814,55.295785],[-123.749931,55.292438],[-123.738363,55.293644],[-123.733089,55.28859],[-123.728164,55.287918],[-123.721452,55.291775],[-123.700502,55.296186],[-123.682995,55.293787],[-123.668447,55.298612],[-123.664232,55.295319],[-123.661971,55.303291],[-123.652993,55.305649],[-123.640228,55.314704],[-123.617244,55.306852],[-123.591929,55.313304],[-123.585516,55.318609],[-123.569761,55.31225],[-123.551203,55.315003],[-123.544881,55.319354],[-123.542692,55.326005],[-123.530865,55.33028],[-123.512984,55.329772],[-123.508082,55.323637],[-123.498917,55.326695],[-123.492459,55.325759],[-123.493665,55.313472],[-123.487325,55.312004],[-123.481826,55.304091],[-123.472914,55.304432],[-123.469969,55.294337],[-123.458399,55.292949],[-123.449672,55.288533],[-123.454198,55.282235],[-123.451825,55.27563],[-123.458437,55.267491],[-123.451247,55.264948],[-123.449922,55.259094],[-123.440307,55.258967],[-123.434434,55.254243],[-123.43528,55.249595],[-123.429122,55.24897],[-123.426115,55.24202],[-123.416223,55.235346],[-123.417917,55.222993],[-123.423229,55.216936],[-123.412736,55.197751],[-123.413606,55.190319],[-123.403813,55.185434],[-123.403821,55.181713],[-123.392685,55.176511],[-123.392551,55.170922],[-123.394565,55.165002],[-123.411527,55.16113],[-123.412096,55.157081],[-123.419874,55.153487],[-123.4153,55.141224],[-123.408103,55.138044],[-123.407132,55.135046],[-123.422399,55.125145],[-123.413794,55.121493],[-123.396171,55.105301],[-123.402337,55.096561],[-123.412323,55.093907],[-123.426302,55.08525],[-123.419207,55.077426],[-123.425534,55.06818],[-123.423119,55.045912],[-123.429723,55.03752],[-123.432929,55.035882],[-123.445859,55.037821],[-123.451418,55.0362],[-123.473323,55.022126],[-123.490057,55.016812],[-123.50426,55.020299],[-123.514108,55.018911],[-123.516565,55.020413],[-123.526393,55.00646],[-123.527885,55.001035],[-123.524944,54.998483],[-123.533453,54.994163],[-123.549714,54.975866],[-123.546088,54.966949],[-123.553625,54.959582],[-123.567567,54.957807],[-123.579979,54.950966],[-123.579636,54.944948],[-123.583792,54.944101],[-123.592283,54.948954],[-123.609162,54.948326],[-123.621904,54.955559],[-123.624032,54.961096],[-123.643597,54.946899],[-123.641016,54.942653],[-123.645336,54.933005],[-123.664935,54.922988],[-123.681857,54.92532],[-123.699414,54.924358],[-123.69942,54.928537],[-123.711557,54.93535],[-123.711606,54.94519],[-123.724695,54.944691],[-123.730203,54.947102],[-123.734313,54.951598],[-123.731564,54.955856],[-123.749395,54.953213],[-123.750721,54.96238],[-123.756512,54.96218],[-123.761916,54.964903],[-123.764405,54.974823],[-123.760814,54.976856],[-123.763799,54.980731],[-123.768299,54.980569],[-123.783171,54.988746],[-123.78343,54.992247],[-123.793724,54.996652],[-123.809477,54.995677],[-123.818803,54.999003],[-123.813051,55.003491],[-123.818147,55.014662],[-123.816591,55.028642],[-123.811935,55.033063],[-123.815026,55.039648],[-123.826572,55.033426],[-123.83476,55.038948],[-123.830709,55.044323],[-123.834355,55.046535],[-123.841466,55.045318],[-123.842384,55.048781],[-123.848402,55.049871],[-123.860015,55.048343],[-123.869269,55.042031],[-123.884028,55.039799],[-123.895417,55.034203],[-123.898844,55.024728],[-123.927534,55.01633],[-123.941539,55.01465],[-123.941691,55.012465],[-123.949898,55.01282],[-123.952496,55.009757],[-123.972452,55.01376],[-123.978454,55.01169],[-123.98431,55.019048],[-123.993253,55.020729],[-124,55.032131],[-123.99863,54.89279],[-124.001278,54.88956],[-123.995696,54.886371],[-124.007056,54.880152],[-124.005352,54.874734],[-124.019378,54.869331],[-124.007861,54.862841],[-124,54.865119],[-123.986779,54.863419],[-123.981473,54.857701],[-123.97455,54.856373],[-123.960047,54.863131],[-123.942215,54.860638],[-123.930176,54.862787],[-123.919787,54.861536],[-123.908059,54.870701],[-123.899923,54.868551],[-123.895609,54.863041],[-123.897483,54.857596],[-123.89439,54.856531],[-123.902797,54.847931],[-123.900622,54.844141],[-123.915694,54.843171],[-123.914622,54.839853],[-123.919428,54.836168],[-123.912434,54.833956],[-123.908977,54.835613],[-123.904252,54.832211],[-123.915475,54.829993],[-123.919658,54.82576],[-123.916118,54.824762],[-123.922153,54.817751],[-123.917705,54.806893],[-123.925694,54.80803],[-123.933534,54.80573],[-123.933079,54.798201],[-123.937995,54.798874],[-123.938816,54.792684],[-123.931741,54.791417],[-123.930486,54.786206],[-123.924295,54.786145],[-123.924246,54.781239],[-123.942559,54.767734],[-123.946176,54.767553],[-123.932556,54.761268],[-123.931053,54.752014],[-123.934427,54.748052],[-123.9298,54.742066],[-123.924803,54.743641],[-123.916664,54.741709],[-123.90899,54.73708],[-123.897089,54.740821],[-123.869087,54.738859],[-123.867871,54.733583],[-123.871598,54.732109],[-123.871509,54.72794],[-123.886913,54.721546],[-123.8883,54.718947],[-123.872442,54.712817],[-123.871952,54.705277],[-123.862698,54.703522],[-123.87181,54.69712],[-123.862084,54.69284],[-123.862977,54.683748],[-123.855883,54.68351],[-123.857158,54.688795],[-123.846938,54.695591],[-123.82899,54.698307],[-123.822871,54.698658],[-123.824228,54.696725],[-123.818602,54.693924],[-123.809294,54.69635],[-123.798344,54.691021],[-123.791056,54.690431],[-123.789753,54.687249],[-123.796955,54.682708],[-123.796701,54.674486],[-123.808409,54.667444],[-123.812757,54.667765],[-123.812591,54.663336],[-123.811299,54.659174],[-123.800427,54.657087],[-123.794847,54.656605],[-123.79431,54.660322],[-123.787532,54.661461],[-123.780279,54.658093],[-123.783076,54.644208],[-123.775893,54.642151],[-123.779459,54.6374],[-123.776769,54.631181],[-123.784653,54.628712],[-123.777933,54.626419],[-123.78075,54.62064],[-123.776638,54.616191],[-123.777493,54.613912],[-123.789779,54.611037],[-123.793492,54.606941],[-123.807488,54.607086],[-123.803718,54.599441],[-123.787645,54.598352],[-123.781535,54.593718],[-123.785373,54.588903],[-123.79277,54.5889],[-123.799078,54.585434],[-123.797884,54.582117],[-123.789239,54.580726],[-123.800466,54.576482],[-123.802912,54.578156],[-123.819816,54.578108],[-123.821642,54.568647],[-123.825379,54.567543],[-123.824228,54.562635],[-123.816791,54.562748],[-123.81686,54.559225],[-123.823775,54.558216],[-123.829393,54.551177],[-123.838018,54.553319],[-123.839058,54.548616],[-123.848102,54.542302],[-123.840891,54.531406],[-123.850881,54.525773],[-123.841067,54.521932],[-123.833638,54.52281],[-123.83002,54.518108],[-123.84626,54.508568],[-123.847683,54.49895],[-123.844528,54.49788],[-123.8502,54.49673],[-123.852734,54.492362],[-123.860843,54.49261],[-123.869439,54.48597],[-123.873862,54.486199],[-123.874435,54.482119],[-123.87971,54.480306],[-123.887104,54.479641],[-123.892058,54.481761],[-123.899772,54.477136],[-123.914587,54.477324],[-123.91694,54.472812],[-123.929929,54.467248],[-123.932804,54.457933],[-123.93774,54.457248],[-123.946868,54.460385],[-123.953758,54.456143],[-123.961183,54.456609],[-123.962141,54.440671],[-123.98674,54.436995],[-123.989307,54.434714],[-124.000299,54.435993],[-124.015028,54.433704],[-124.018715,54.428218],[-124.021886,54.428849],[-124.028603,54.425393],[-124.027704,54.419055],[-123.996963,54.403578],[-123.993848,54.40645],[-123.987774,54.403076],[-123.960592,54.406107],[-123.954338,54.395745],[-123.94528,54.391896],[-123.936376,54.391577],[-123.929776,54.387574],[-123.932951,54.383622],[-123.924655,54.372154],[-123.926262,54.364224],[-123.917514,54.363266],[-123.918792,54.366016],[-123.907224,54.371918],[-123.89469,54.369621],[-123.889841,54.372961],[-123.878697,54.373945],[-123.873175,54.379511],[-123.860418,54.378849],[-123.856675,54.374826],[-123.835102,54.371527],[-123.830296,54.368328],[-123.830954,54.362275],[-123.844102,54.352801],[-123.837597,54.349143],[-123.833011,54.350631],[-123.834086,54.345213],[-123.822452,54.339604],[-123.816724,54.340865],[-123.812255,54.33896],[-123.810834,54.334667],[-123.798227,54.338867],[-123.787357,54.336961],[-123.77926,54.339585],[-123.762241,54.335779],[-123.751947,54.335706],[-123.748096,54.327368],[-123.734876,54.329644],[-123.741047,54.325634],[-123.738808,54.319931],[-123.725836,54.324495],[-123.717996,54.319302],[-123.717655,54.32182],[-123.71028,54.324749],[-123.702894,54.322644],[-123.693025,54.329155],[-123.690553,54.328495],[-123.69227,54.317178],[-123.687454,54.31504],[-123.6715,54.315202],[-123.671567,54.319323],[-123.654876,54.322528],[-123.651857,54.327047],[-123.629008,54.322293],[-123.622647,54.316665],[-123.613677,54.318826],[-123.611031,54.32185],[-123.593435,54.324518],[-123.588296,54.323223],[-123.588008,54.31963],[-123.580484,54.315431],[-123.569752,54.316762],[-123.566642,54.320575],[-123.563173,54.316475],[-123.560469,54.319577],[-123.551512,54.316687],[-123.552874,54.30163],[-123.541418,54.299858],[-123.556305,54.290524],[-123.571011,54.291848],[-123.577615,54.288428],[-123.577205,54.277249],[-123.572118,54.277508],[-123.566502,54.273391],[-123.561819,54.275705],[-123.557506,54.269074],[-123.545861,54.269774],[-123.522522,54.25826],[-123.521479,54.170329],[-123.518285,54.17033],[-123.517877,54.151318],[-123.519523,54.148733],[-123.525494,54.148685],[-123.533011,54.143882],[-123.535952,54.136887],[-123.53286,54.126931],[-123.555508,54.120597],[-123.563263,54.115051],[-123.566195,54.10613],[-123.556119,54.10037],[-123.53063,54.098548],[-123.505243,54.092138],[-123.484893,54.084585],[-123.481835,54.076849],[-123.486504,54.069743],[-123.496366,54.065483],[-123.522665,54.068869],[-123.543199,54.0608],[-123.553921,54.065881],[-123.553323,54.076597],[-123.559245,54.079258],[-123.56709,54.079207],[-123.574094,54.074515],[-123.582247,54.060198],[-123.58678,54.058139],[-123.59714,54.060234],[-123.605981,54.058437],[-123.617967,54.042902],[-123.606129,54.038947],[-123.580009,54.039111],[-123.575532,54.037556],[-123.573003,54.032545],[-123.584396,54.030176],[-123.584522,54.023794],[-123.556835,54.006672],[-123.540656,53.991926],[-123.541819,53.987659],[-123.534809,53.987266],[-123.523393,53.993605],[-123.523743,54.003199],[-123.519921,54.005121],[-123.508953,53.998634],[-123.489314,54.002826],[-123.469052,53.997919],[-123.450891,53.985168],[-123.43307,53.98209],[-123.4272,53.940177],[-123.427363,53.803758],[-123.435495,53.805933],[-123.449735,53.801332],[-123.446096,53.791828],[-123.450547,53.790672],[-123.452697,53.78312],[-123.464497,53.785222],[-123.467911,53.787843],[-123.471885,53.78488],[-123.483943,53.78369],[-123.484586,53.778016],[-123.473332,53.767796],[-123.476747,53.764843],[-123.470927,53.754699],[-123.463469,53.750617],[-123.464408,53.748227],[-123.470292,53.747084],[-123.477249,53.749328],[-123.4816,53.746533],[-123.476588,53.735887],[-123.482815,53.726561],[-123.481001,53.720693],[-123.47502,53.718389],[-123.474751,53.714687],[-123.468212,53.7126],[-123.462089,53.706172],[-123.445576,53.709811],[-123.438698,53.701018],[-123.439087,53.693305],[-123.430964,53.688301],[-123.431939,53.68303],[-123.422153,53.676422],[-123.416656,53.675729],[-123.409778,53.678491],[-123.386076,53.664688],[-123.373762,53.665231],[-123.371383,53.655441],[-123.378099,53.649272],[-123.373266,53.648577],[-123.369759,53.651158],[-123.355457,53.644984],[-123.338507,53.645606],[-123.337308,53.641313],[-123.319349,53.63667],[-123.318116,53.631631],[-123.306649,53.622681],[-123.303871,53.617652],[-123.304437,53.499754],[-123.280309,53.499743],[-123.280334,53.470871],[-123.304341,53.470823],[-123.303037,53.283393],[-123.29216,53.281138],[-123.282547,53.285747],[-123.283488,53.289222],[-123.273372,53.288264],[-123.267819,53.2938],[-123.261045,53.292155],[-123.256084,53.29561],[-123.250943,53.294335],[-123.242744,53.30013],[-123.237093,53.298551],[-123.22947,53.300839],[-123.22092,53.297087],[-123.216387,53.301167],[-123.209871,53.301453],[-123.208706,53.296729],[-123.198869,53.298979],[-123.190372,53.295553],[-123.169258,53.299699],[-123.16536,53.298304],[-123.171867,53.296567],[-123.167453,53.291845],[-123.159995,53.290703],[-123.150496,53.292786],[-123.14332,53.287325],[-123.126555,53.291326],[-123.112295,53.289648],[-123.09845,53.293973],[-123.076692,53.287701],[-123.060518,53.290625],[-123.055925,53.300399],[-123.047141,53.299159],[-123.041987,53.294123],[-123.028738,53.292253],[-123.026573,53.29068],[-123.029183,53.288645],[-123.02336,53.290209],[-123.023088,53.28654],[-123.017251,53.284911],[-123.022058,53.280557],[-123.013855,53.280494],[-123.014185,53.276618],[-123.004965,53.275251],[-122.992174,53.284603],[-122.972448,53.283913],[-122.967808,53.281751],[-122.973727,53.292894],[-122.965977,53.300932],[-122.960284,53.295487],[-122.952976,53.298737],[-122.947048,53.293546],[-122.9441,53.297142],[-122.936814,53.295281],[-122.91858,53.300913],[-122.912714,53.299878],[-122.905552,53.312145],[-122.897389,53.314899],[-122.892883,53.313256],[-122.890209,53.304276],[-122.882413,53.305576],[-122.872952,53.311766],[-122.885403,53.320046],[-122.884831,53.325245],[-122.87018,53.340788],[-122.851332,53.349758],[-122.83686,53.373673],[-122.828012,53.377029],[-122.806019,53.378805],[-122.783658,53.384237],[-122.762698,53.38607],[-122.734731,53.382263],[-122.719674,53.387483],[-122.706186,53.388801],[-122.678292,53.385473],[-122.670597,53.379855],[-122.665665,53.379433],[-122.645828,53.386997],[-122.637647,53.38698],[-122.637729,53.37614],[-122.61355,53.376071],[-122.613579,53.372457],[-122.348146,53.372415],[-122.340973,53.379037],[-122.350547,53.386083],[-122.349159,53.39675],[-122.342565,53.401754],[-122.340935,53.407739],[-122.338275,53.40758],[-122.333876,53.417588],[-122.325432,53.4235],[-122.332527,53.42398],[-122.332082,53.429344],[-122.350834,53.438356],[-122.337196,53.448801],[-121.572501,53.448714],[-121.565725,53.443318],[-121.283735,53.443309],[-121.286299,53.437607],[-121.280376,53.421357],[-121.281654,53.413914],[-121.271948,53.412075],[-121.269747,53.405688],[-121.258811,53.402868],[-121.253738,53.392347],[-121.245205,53.39129],[-121.224991,53.376235],[-121.221311,53.377223],[-121.214305,53.37385],[-121.201711,53.374391],[-121.193599,53.380511],[-121.191137,53.386388],[-121.177653,53.392684],[-121.16754,53.390021],[-121.156527,53.382479],[-121.146093,53.382452],[-121.138637,53.386876],[-121.139862,53.394303],[-121.131157,53.397025],[-121.126332,53.401356],[-121.119159,53.401709],[-121.114116,53.396174],[-121.107806,53.397126],[-121.08509,53.388825],[-121.071323,53.392828],[-121.067498,53.396052],[-121.047371,53.396746],[-121.049232,53.409983],[-121.034447,53.415099],[-121.034517,53.420108],[-121.026522,53.423104],[-121.02169,53.428293],[-121.010939,53.427413],[-121.003421,53.420805],[-121.000918,53.406801],[-121.01211,53.397621],[-121.01152,53.392089],[-121.003925,53.380696],[-120.997678,53.378391],[-120.997674,53.366614],[-121.005265,53.36051],[-121.003393,53.345897],[-121.014632,53.328085],[-121.002359,53.325597],[-120.994905,53.316113],[-120.98911,53.314846],[-120.986773,53.30739],[-120.981131,53.307033],[-120.978636,53.304608],[-120.978552,53.292039],[-120.982011,53.288375],[-120.975177,53.280923],[-120.978591,53.277241],[-120.969715,53.278744],[-120.961293,53.276808],[-120.954665,53.279467],[-120.935205,53.280493],[-120.932073,53.290055],[-120.942512,53.29732],[-120.934634,53.301643],[-120.917147,53.306005],[-120.908379,53.303595],[-120.901974,53.297704],[-120.883293,53.299466],[-120.874174,53.287571],[-120.85722,53.283671],[-120.848034,53.286455],[-120.840816,53.280164],[-120.822293,53.281923],[-120.810049,53.28579],[-120.804471,53.278378],[-120.809173,53.270372],[-120.802147,53.267941],[-120.791315,53.256907],[-120.784892,53.257597],[-120.778476,53.252946],[-120.766403,53.250455],[-120.73575,53.261105],[-120.718719,53.263083],[-120.707114,53.260801],[-120.687383,53.250476],[-120.681586,53.244702],[-120.675417,53.243634],[-120.668966,53.229401],[-120.652277,53.222231],[-120.644096,53.221701],[-120.633475,53.214091],[-120.616786,53.209011],[-120.606921,53.197636],[-120.585422,53.188004],[-120.574139,53.190329],[-120.552663,53.188109],[-120.545453,53.183285],[-120.542649,53.171853],[-120.534548,53.173259],[-120.529236,53.169083],[-120.508335,53.166725],[-120.499302,53.162777],[-120.478929,53.16348],[-120.468155,53.149791],[-120.462487,53.147494],[-120.464021,53.140756],[-120.454791,53.135002],[-120.454619,53.129316],[-120.466371,53.118873],[-120.452322,53.114703],[-120.44422,53.115969],[-120.420381,53.106666],[-120.418343,53.095534],[-120.421826,53.08901],[-120.420936,53.080916],[-120.412834,53.073583],[-120.430974,53.066827],[-120.460562,53.069081],[-120.476327,53.053771],[-120.476442,53.048235],[-120.481951,53.04587],[-120.482884,53.041906],[-120.477679,53.012743],[-120.468092,53.009446],[-120.450509,53.010051],[-120.445519,53.005498],[-120.447624,52.99562],[-120.450706,52.994058],[-120.436013,52.989244],[-120.433751,52.982436],[-120.438182,52.97288],[-120.426334,52.961345],[-120.421038,52.957244],[-120.414427,52.956245],[-120.388923,52.964365],[-120.37607,52.96338],[-120.365949,52.957644],[-120.363823,52.950017],[-120.355091,52.94672],[-120.356571,52.943444],[-120.35198,52.938759],[-120.341172,52.935808],[-120.338942,52.928373],[-120.334058,52.924912],[-120.327407,52.925877],[-120.304899,52.920764],[-120.286596,52.923663],[-120.275808,52.92296],[-120.264604,52.926965],[-120.25797,52.923002],[-120.231888,52.918248],[-120.219408,52.920529],[-120.214691,52.927954],[-120.204556,52.933516],[-120.188464,52.92357],[-120.177515,52.922249],[-120.164483,52.926404],[-120.162556,52.92466],[-120.168328,52.921938],[-120.17008,52.908776],[-120.16289,52.900676],[-120.161037,52.892849],[-120.141546,52.882345],[-120.139454,52.875815]]]},"properties":{"id":"RDFFG","boundaryCode":"RDFFG","boundaryName":"Regional District of Fraser-Fort George","reportingName":"Fraser-Fort George","jurisdiction_count":5,"population_2015":91277,"vehicle_idling_population":0,"vehicle_idling_percent":0,"vehicle_idling_band":"0%","vehicle_idling_display":"Regional District of Fraser-Fort George · 0% covered","vehicle_idling_details":"Vehicle idling: 0% of the regional district population covered (2015 population estimate).\nFraser-Fort RD-uninc: no bylaw reported\nMackenzie: no bylaw reported\nMcBride: no bylaw reported\nPrince George: no bylaw reported\nValemount: no bylaw reported","open_burning_population":1532,"open_burning_percent":1.7,"open_burning_band":"1–25%","open_burning_display":"Regional District of Fraser-Fort George · 1.7% covered","open_burning_details":"Open burning: 1.7% of the regional district population covered (2015 population estimate).\nFraser-Fort RD-uninc: no bylaw reported\nMackenzie: no bylaw reported\nMcBride: bylaw reported\nPrince George: no bylaw reported\nValemount: bylaw reported","solid_fuel_population":74862,"solid_fuel_percent":82,"solid_fuel_band":"More than 75%","solid_fuel_display":"Regional District of Fraser-Fort George · 82% covered","solid_fuel_details":"Solid fuel appliance: 82% of the regional district population covered (2015 population estimate).\nFraser-Fort RD-uninc: no bylaw reported\nMackenzie: bylaw reported\nMcBride: no bylaw reported\nPrince George: bylaw reported\nValemount: no bylaw reported"},"id":"RDFFG"},{"type":"Feature","geometry":{"type":"Polygon","coordinates":[[[-127.26503,53.27733],[-127.266622,53.283576],[-127.271309,53.285647],[-127.256904,53.296028],[-127.26543,53.300036],[-127.267226,53.305348],[-127.280158,53.309192],[-127.279775,53.313909],[-127.293657,53.319278],[-127.292548,53.321842],[-127.298956,53.328004],[-127.308207,53.328129],[-127.313646,53.332445],[-127.317824,53.331605],[-127.320493,53.333794],[-127.31952,53.342722],[-127.323649,53.344159],[-127.3157,53.355785],[-127.324664,53.354428],[-127.335143,53.359294],[-127.335238,53.362253],[-127.341333,53.365465],[-127.351832,53.365465],[-127.355993,53.373416],[-127.363067,53.375664],[-127.369418,53.391724],[-127.363026,53.396332],[-127.365271,53.411528],[-127.376211,53.415453],[-127.373063,53.425389],[-127.377214,53.429806],[-127.374636,53.434248],[-127.386582,53.438815],[-127.39667,53.439598],[-127.408257,53.446056],[-127.410425,53.450237],[-127.406087,53.458437],[-127.414545,53.465949],[-127.413478,53.472288],[-127.428046,53.480792],[-127.436332,53.491095],[-127.447595,53.492249],[-127.483206,53.484508],[-127.494101,53.474784],[-127.496232,53.467975],[-127.509414,53.466499],[-127.513791,53.451612],[-127.519117,53.450879],[-127.520021,53.46041],[-127.529284,53.461738],[-127.531506,53.468046],[-127.546446,53.475711],[-127.550009,53.480954],[-127.553851,53.481275],[-127.566554,53.501861],[-127.570231,53.503263],[-127.571738,53.508675],[-127.56599,53.508762],[-127.554232,53.513498],[-127.5576,53.529792],[-127.560261,53.531847],[-127.567842,53.532099],[-127.574574,53.539659],[-127.587957,53.544699],[-127.589609,53.542687],[-127.598914,53.54152],[-127.606052,53.543078],[-127.603267,53.547756],[-127.60797,53.547478],[-127.611368,53.550493],[-127.617894,53.562524],[-127.635765,53.549587],[-127.636044,53.540017],[-127.644792,53.537284],[-127.652651,53.529292],[-127.660189,53.527561],[-127.66763,53.527473],[-127.67227,53.532487],[-127.678885,53.532281],[-127.678814,53.540398],[-127.672391,53.543101],[-127.68046,53.549073],[-127.695869,53.549161],[-127.712225,53.544888],[-127.724455,53.55675],[-127.739006,53.555808],[-127.742951,53.551607],[-127.770966,53.553723],[-127.766429,53.558734],[-127.770552,53.56381],[-127.758685,53.570657],[-127.753942,53.577374],[-127.754826,53.585665],[-127.761889,53.58644],[-127.767177,53.591618],[-127.762675,53.592111],[-127.765242,53.595796],[-127.756004,53.598541],[-127.752854,53.601861],[-127.746968,53.602087],[-127.747271,53.605801],[-127.749673,53.610278],[-127.759216,53.614344],[-127.765329,53.622854],[-127.757892,53.632566],[-127.775699,53.631824],[-127.77937,53.636158],[-127.789221,53.636537],[-127.791134,53.638964],[-127.7825,53.652982],[-127.777095,53.654158],[-127.781775,53.658709],[-127.779408,53.66104],[-127.7966,53.662095],[-127.809479,53.65781],[-127.823039,53.662115],[-127.817002,53.66999],[-127.819272,53.673971],[-127.809964,53.678544],[-127.808283,53.683887],[-127.824547,53.687866],[-127.823117,53.696247],[-127.83759,53.701449],[-127.811285,53.708167],[-127.818521,53.729479],[-127.827051,53.730109],[-127.84437,53.724913],[-127.849863,53.729694],[-127.859877,53.72934],[-127.863123,53.732823],[-127.879127,53.737351],[-127.878936,53.739426],[-127.897989,53.746887],[-127.904813,53.754091],[-127.906611,53.763753],[-127.912887,53.769249],[-127.898259,53.773942],[-127.903398,53.779958],[-127.900912,53.78505],[-127.909851,53.786717],[-127.917102,53.800001],[-127.922386,53.800004],[-127.947154,53.810777],[-127.954214,53.821035],[-127.958964,53.823284],[-127.95488,53.826817],[-127.957627,53.831209],[-127.96202,53.83176],[-127.96242,53.836509],[-127.971066,53.843298],[-127.9807,53.842823],[-127.988708,53.850486],[-128.009717,53.856415],[-128.016228,53.863272],[-128.011751,53.871253],[-128.019283,53.876951],[-128.003355,53.883931],[-128.00437,53.890014],[-128.022494,53.894313],[-128.027426,53.898373],[-128.035292,53.89364],[-128.045493,53.896547],[-128.04485,53.898477],[-128.051235,53.900938],[-128.064178,53.902069],[-128.061222,53.930551],[-128.045568,53.93974],[-128.045824,53.948542],[-128.05266,53.95149],[-128.04696,53.963332],[-128.05003,53.974659],[-128.040179,53.980693],[-128.044678,53.992018],[-128.042872,54.001576],[-128.031003,54.007458],[-128.020767,54.002153],[-128.017415,53.997434],[-128.010329,53.998374],[-127.98998,53.993676],[-127.983944,53.995556],[-127.979513,53.993999],[-127.960701,53.999241],[-127.95825,54.003084],[-127.955399,54.00166],[-127.950787,54.003726],[-127.946789,54.013464],[-127.940003,54.015077],[-127.939085,54.020551],[-127.914432,54.021203],[-127.907544,54.025431],[-127.900965,54.019625],[-127.893114,54.023858],[-127.893957,54.028246],[-127.887022,54.039343],[-127.881428,54.03779],[-127.876551,54.042526],[-127.860109,54.046794],[-127.863313,54.053628],[-127.857244,54.06602],[-127.849657,54.070181],[-127.851203,54.075067],[-127.84281,54.083391],[-127.824825,54.091225],[-127.823735,54.104329],[-127.815782,54.104853],[-127.794975,54.113509],[-127.771354,54.112479],[-127.74532,54.115932],[-127.73655,54.121053],[-127.717077,54.125836],[-127.71955,54.134482],[-127.727442,54.139159],[-127.722515,54.143565],[-127.725504,54.146437],[-127.732445,54.146037],[-127.738757,54.150146],[-127.735808,54.154482],[-127.743478,54.162643],[-127.738127,54.167351],[-127.745575,54.178386],[-127.732985,54.190244],[-127.728004,54.190228],[-127.723682,54.193371],[-127.727245,54.195487],[-127.720176,54.199034],[-127.718268,54.203733],[-127.707451,54.202988],[-127.700094,54.207817],[-127.702891,54.213473],[-127.697002,54.215267],[-127.69404,54.220856],[-127.682242,54.220467],[-127.660779,54.231511],[-127.657442,54.24688],[-127.664549,54.254287],[-127.675024,54.258085],[-127.673727,54.266951],[-127.665289,54.27288],[-127.662474,54.275869],[-127.664535,54.278633],[-127.661139,54.280106],[-127.666475,54.289423],[-127.66236,54.291587],[-127.665205,54.294011],[-127.653152,54.301265],[-127.645034,54.299035],[-127.639728,54.305222],[-127.633818,54.30547],[-127.632375,54.309147],[-127.604486,54.308907],[-127.59942,54.306396],[-127.595631,54.307988],[-127.584297,54.317985],[-127.586232,54.324336],[-127.571964,54.330496],[-127.569279,54.339623],[-127.562403,54.344898],[-127.564804,54.354105],[-127.569188,54.357751],[-127.557636,54.365497],[-127.551833,54.365508],[-127.54555,54.369801],[-127.546447,54.378979],[-127.528738,54.382028],[-127.536215,54.383961],[-127.535653,54.388053],[-127.541411,54.390711],[-127.551711,54.39174],[-127.553674,54.396872],[-127.561061,54.401347],[-127.558115,54.407453],[-127.547157,54.415586],[-127.552435,54.423056],[-127.54972,54.430252],[-127.537686,54.434385],[-127.544596,54.438219],[-127.54721,54.444962],[-127.559492,54.448253],[-127.570604,54.447659],[-127.578256,54.452486],[-127.587142,54.453954],[-127.596203,54.452912],[-127.607066,54.44626],[-127.615339,54.448791],[-127.624246,54.444417],[-127.640763,54.451399],[-127.641446,54.456975],[-127.654566,54.454286],[-127.661703,54.457736],[-127.678959,54.458894],[-127.69522,54.463729],[-127.706538,54.461999],[-127.709147,54.457908],[-127.713988,54.458582],[-127.728649,54.44901],[-127.753217,54.439354],[-127.778544,54.46397],[-127.774834,54.468337],[-127.775905,54.479932],[-127.766657,54.483215],[-127.764923,54.486112],[-127.774472,54.496951],[-127.768192,54.5076],[-127.77417,54.520469],[-127.766375,54.529264],[-127.758135,54.531682],[-127.751721,54.540722],[-127.736881,54.542231],[-127.727402,54.547794],[-127.714006,54.545558],[-127.706741,54.54731],[-127.69278,54.546041],[-127.691058,54.550085],[-127.685224,54.551208],[-127.679739,54.557781],[-127.691188,54.562606],[-127.695117,54.567121],[-127.690099,54.57385],[-127.693119,54.583775],[-127.706353,54.58709],[-127.71151,54.591396],[-127.741076,54.591905],[-127.751689,54.595943],[-127.762479,54.59537],[-127.774011,54.6],[-127.776109,54.603319],[-127.791542,54.599149],[-127.80547,54.598822],[-127.811322,54.604659],[-127.796999,54.618376],[-127.8,54.627972],[-127.799991,55],[-127.369048,55],[-127.369146,54.994132],[-127.343988,54.993991],[-127.343866,55.001214],[-127.277431,55],[-127.277417,55.005415],[-127.245955,55.00536],[-127.24597,55],[-126.931625,55],[-126.950209,55.014589],[-126.951181,55.019441],[-126.943195,55.023863],[-126.924896,55.024567],[-126.909762,55.027749],[-126.907329,55.030614],[-126.897671,55.029696],[-126.889164,55.033832],[-126.897594,55.034727],[-126.89432,55.047404],[-126.896384,55.052833],[-126.880848,55.057956],[-126.860957,55.056559],[-126.854962,55.058851],[-126.850841,55.068741],[-126.839054,55.071219],[-126.827549,55.069142],[-126.820287,55.073057],[-126.818674,55.081118],[-126.812843,55.081837],[-126.807008,55.07956],[-126.789248,55.083409],[-126.789104,55.078912],[-126.783892,55.077592],[-126.771036,55.079015],[-126.764047,55.077029],[-126.75451,55.079475],[-126.752363,55.068873],[-126.745007,55.060423],[-126.736784,55.053988],[-126.731241,55.053112],[-126.722989,55.058197],[-126.724556,55.061332],[-126.728664,55.061674],[-126.7273,55.065019],[-126.705343,55.079771],[-126.695939,55.079818],[-126.685154,55.083434],[-126.657229,55.080878],[-126.650638,55.093515],[-126.645303,55.095488],[-126.644057,55.102808],[-126.648439,55.108286],[-126.644158,55.118583],[-126.638306,55.121106],[-126.6601,55.130084],[-126.669659,55.12757],[-126.673576,55.120904],[-126.684112,55.121779],[-126.691988,55.127995],[-126.689535,55.13199],[-126.696107,55.138186],[-126.696934,55.144269],[-126.710214,55.138452],[-126.720808,55.156026],[-126.731974,55.160917],[-126.739873,55.161438],[-126.738317,55.170617],[-126.743865,55.177393],[-126.743635,55.18608],[-126.749314,55.18753],[-126.743892,55.198683],[-126.746129,55.202194],[-126.741343,55.203454],[-126.742134,55.212607],[-126.751574,55.214804],[-126.762009,55.213273],[-126.772519,55.225374],[-126.789459,55.22118],[-126.80193,55.227052],[-126.810602,55.227278],[-126.812663,55.229832],[-126.822139,55.223053],[-126.836984,55.221673],[-126.847891,55.229829],[-126.846761,55.235319],[-126.855017,55.249981],[-126.86921,55.258472],[-126.873461,55.264217],[-126.879464,55.264789],[-126.88445,55.268723],[-126.909094,55.264078],[-126.920638,55.266055],[-126.93086,55.269863],[-126.940761,55.278095],[-126.946389,55.278876],[-126.951299,55.284004],[-126.944532,55.293469],[-126.926174,55.291495],[-126.916292,55.295237],[-126.899414,55.292692],[-126.894677,55.302722],[-126.876024,55.308304],[-126.878637,55.312178],[-126.87676,55.324304],[-126.871217,55.329792],[-126.880502,55.343085],[-126.867019,55.353618],[-126.86112,55.35302],[-126.8498,55.355998],[-126.853427,55.36253],[-126.876527,55.364902],[-126.880376,55.369058],[-126.891971,55.370032],[-126.894319,55.377829],[-126.921678,55.378369],[-126.928421,55.382546],[-126.925092,55.388538],[-126.945208,55.383962],[-126.969479,55.383523],[-126.974572,55.376866],[-126.987073,55.382151],[-127.035068,55.387785],[-127.038216,55.379705],[-127.054527,55.377024],[-127.070343,55.384797],[-127.064603,55.390153],[-127.073947,55.404842],[-127.104501,55.415269],[-127.112077,55.418849],[-127.11186,55.421296],[-127.138297,55.430698],[-127.143869,55.435906],[-127.157444,55.437666],[-127.184421,55.465373],[-127.194225,55.468574],[-127.225471,55.469255],[-127.23215,55.477324],[-127.253983,55.478122],[-127.263124,55.47463],[-127.273223,55.477351],[-127.276303,55.48482],[-127.296462,55.496328],[-127.295711,55.49974],[-127.306165,55.50295],[-127.308285,55.50963],[-127.304419,55.513737],[-127.313643,55.518412],[-127.341623,55.517329],[-127.35302,55.515398],[-127.358155,55.512267],[-127.372107,55.513065],[-127.379002,55.510999],[-127.401365,55.514475],[-127.410185,55.508895],[-127.41622,55.508206],[-127.417992,55.504284],[-127.413103,55.494739],[-127.42688,55.494762],[-127.434534,55.492041],[-127.442683,55.493049],[-127.458891,55.503484],[-127.463978,55.508248],[-127.461909,55.513261],[-127.472862,55.520519],[-127.473495,55.53238],[-127.464442,55.535781],[-127.471474,55.541017],[-127.486429,55.54381],[-127.494617,55.540896],[-127.506844,55.542146],[-127.511132,55.54485],[-127.529074,55.539764],[-127.547429,55.540577],[-127.555583,55.550252],[-127.552111,55.555764],[-127.561054,55.56327],[-127.573286,55.56816],[-127.574337,55.573433],[-127.582665,55.580018],[-127.584071,55.584924],[-127.579629,55.59073],[-127.595756,55.60037],[-127.590185,55.607432],[-127.593675,55.606196],[-127.600095,55.608303],[-127.603324,55.603584],[-127.616443,55.600677],[-127.623011,55.606197],[-127.619466,55.608601],[-127.623487,55.617076],[-127.636482,55.625138],[-127.636436,55.631931],[-127.640767,55.636706],[-127.651733,55.640736],[-127.657096,55.640022],[-127.668871,55.647474],[-127.667215,55.650687],[-127.675064,55.65748],[-127.674234,55.671166],[-127.695969,55.687494],[-127.694963,55.692875],[-127.69842,55.694503],[-127.694805,55.697141],[-127.701913,55.701333],[-127.700762,55.706541],[-127.711131,55.710692],[-127.729865,55.717009],[-127.746355,55.710628],[-127.758878,55.710243],[-127.771607,55.706821],[-127.77895,55.702518],[-127.797758,55.712418],[-127.803945,55.712056],[-127.816125,55.706162],[-127.833715,55.711893],[-127.849821,55.711151],[-127.856514,55.708405],[-127.868098,55.715638],[-127.899399,55.718852],[-127.908884,55.717511],[-127.914227,55.711714],[-127.909475,55.706307],[-127.921918,55.68965],[-127.940173,55.689813],[-127.947113,55.69269],[-127.963331,55.715697],[-127.985104,55.728288],[-127.98532,55.735712],[-127.989023,55.738672],[-127.983917,55.740275],[-127.986271,55.745317],[-127.998116,55.753054],[-128.002394,55.755244],[-128.009141,55.751055],[-128.015949,55.740248],[-128.025771,55.74685],[-128.028883,55.744203],[-128.033717,55.746364],[-128.042787,55.745465],[-128.049335,55.740205],[-128.049278,55.745192],[-128.056425,55.752669],[-128.068132,55.75215],[-128.075948,55.757175],[-128.081563,55.756939],[-128.086934,55.771194],[-128.099714,55.765178],[-128.098479,55.742723],[-128.094968,55.740235],[-128.096585,55.729545],[-128.101568,55.72472],[-128.099451,55.72262],[-128.10122,55.719785],[-128.119453,55.716017],[-128.125615,55.715944],[-128.136517,55.723255],[-128.146436,55.723234],[-128.14901,55.725743],[-128.157934,55.720887],[-128.177762,55.720519],[-128.19033,55.730154],[-128.199051,55.73119],[-128.209673,55.73905],[-128.222313,55.739346],[-128.22923,55.742391],[-128.228258,55.745868],[-128.240377,55.76549],[-128.240137,55.776624],[-128.23548,55.780331],[-128.237549,55.786508],[-128.22534,55.79318],[-128.220707,55.801525],[-128.211691,55.802447],[-128.19637,55.799661],[-128.203921,55.818167],[-128.189255,55.823489],[-128.190047,55.825282],[-128.18116,55.822655],[-128.17271,55.825886],[-128.15673,55.826918],[-128.163665,55.836275],[-128.156248,55.838129],[-128.155816,55.840382],[-128.144317,55.84192],[-128.142006,55.846055],[-128.147316,55.853738],[-128.151612,55.854002],[-128.151536,55.856517],[-128.160835,55.860157],[-128.165617,55.865177],[-128.178517,55.863412],[-128.186449,55.87148],[-128.18177,55.881944],[-128.188727,55.887175],[-128.180963,55.902057],[-128.213639,55.909971],[-128.211792,55.922152],[-128.214753,55.928443],[-128.2364,55.928049],[-128.236265,55.929989],[-128.248307,55.934672],[-128.263347,55.929129],[-128.283655,55.929249],[-128.294533,55.924271],[-128.300923,55.925817],[-128.306251,55.919584],[-128.319363,55.913012],[-128.319921,55.910145],[-128.345893,55.905872],[-128.359584,55.905919],[-128.36615,55.910451],[-128.375558,55.930189],[-128.379569,55.927577],[-128.378123,55.913903],[-128.382758,55.911159],[-128.399367,55.920289],[-128.423189,55.917303],[-128.442818,55.921958],[-128.455978,55.927192],[-128.450761,55.934126],[-128.46107,55.945464],[-128.467557,55.946453],[-128.459163,55.950912],[-128.476832,55.961588],[-128.457184,55.969212],[-128.46227,55.980223],[-128.454316,55.981698],[-128.445136,55.980336],[-128.4463,55.986253],[-128.441552,55.993276],[-128.44819,56],[-128.439264,56.004084],[-128.428281,56.003211],[-128.412356,56.006187],[-128.40262,56.011442],[-128.38251,56.004271],[-128.370658,56.017177],[-128.373088,56.029553],[-128.403677,56.043811],[-128.410264,56.042405],[-128.435302,56.044804],[-128.449627,56.048876],[-128.459657,56.046872],[-128.476146,56.049144],[-128.490761,56.073115],[-128.518961,56.078978],[-128.516563,56.085307],[-128.499625,56.089486],[-128.496712,56.095934],[-128.469898,56.098508],[-128.469909,56.102327],[-128.463619,56.106127],[-128.44639,56.098917],[-128.443962,56.103408],[-128.43613,56.103837],[-128.429509,56.108859],[-128.423522,56.105938],[-128.416021,56.109694],[-128.397474,56.094744],[-128.366058,56.097165],[-128.35229,56.086204],[-128.340207,56.08419],[-128.312633,56.089548],[-128.311867,56.093749],[-128.320903,56.100915],[-128.30816,56.104764],[-128.305513,56.10835],[-128.2974,56.106156],[-128.266846,56.106446],[-128.264669,56.111525],[-128.269513,56.116714],[-128.281291,56.121644],[-128.283149,56.126849],[-128.277706,56.13183],[-128.276085,56.141883],[-128.293188,56.151463],[-128.288657,56.155632],[-128.306919,56.168754],[-128.298495,56.171474],[-128.300403,56.173399],[-128.29589,56.179266],[-128.29609,56.185855],[-128.309991,56.195017],[-128.298235,56.199856],[-128.306468,56.204494],[-128.302579,56.210043],[-128.286719,56.208946],[-128.269602,56.213833],[-128.284476,56.229886],[-128.29399,56.233535],[-128.296599,56.239039],[-128.272806,56.246458],[-128.256547,56.266038],[-128.240013,56.269352],[-128.218954,56.280968],[-128.215668,56.284115],[-128.217949,56.297411],[-128.209041,56.304909],[-128.165492,56.303835],[-128.161847,56.30547],[-128.147683,56.304277],[-128.14447,56.306285],[-128.125982,56.304402],[-128.112615,56.307607],[-128.110169,56.306448],[-128.093454,56.31205],[-128.097942,56.321212],[-128.104265,56.3246],[-128.101524,56.3298],[-128.105469,56.337685],[-128.113759,56.339505],[-128.123506,56.352923],[-128.149667,56.357542],[-128.178373,56.351756],[-128.187214,56.359098],[-128.200008,56.36026],[-128.208693,56.366033],[-128.224794,56.363167],[-128.230527,56.369456],[-128.251491,56.375274],[-128.257475,56.386466],[-128.270798,56.393032],[-128.273952,56.398118],[-128.282728,56.400954],[-128.281028,56.406875],[-128.25764,56.414616],[-128.25377,56.419355],[-128.235491,56.422307],[-128.21757,56.421055],[-128.210451,56.430569],[-128.186212,56.438374],[-128.172867,56.449075],[-128.157916,56.452461],[-128.15122,56.450762],[-128.150006,56.446306],[-128.154157,56.440513],[-128.15167,56.437126],[-128.139817,56.431995],[-128.137418,56.427657],[-128.128093,56.426316],[-128.121333,56.417823],[-128.113316,56.417523],[-128.110679,56.411505],[-128.101289,56.406493],[-128.095106,56.410312],[-128.082792,56.411524],[-128.080779,56.414348],[-128.066685,56.41471],[-128.058906,56.412019],[-128.044525,56.421909],[-128.046233,56.428787],[-128.033434,56.430296],[-128.03461,56.435085],[-128.028575,56.436431],[-128.020846,56.443746],[-128.005905,56.443187],[-127.99474,56.447433],[-127.981444,56.448605],[-127.977446,56.452168],[-127.984114,56.469756],[-127.975174,56.474153],[-127.982527,56.486997],[-127.977681,56.499655],[-127.972523,56.50385],[-127.986869,56.514795],[-127.986903,56.520703],[-127.982197,56.520561],[-127.977679,56.525367],[-127.966507,56.5285],[-127.956185,56.529824],[-127.9456,56.527309],[-127.94492,56.535389],[-127.928989,56.536978],[-127.919935,56.540269],[-127.911778,56.537523],[-127.894474,56.540638],[-127.831177,56.52642],[-127.819525,56.532572],[-127.81785,56.539367],[-127.836695,56.552714],[-127.840523,56.558422],[-127.868744,56.568502],[-127.870487,56.571744],[-127.880648,56.572869],[-127.887046,56.585909],[-127.896363,56.589712],[-127.892901,56.597848],[-127.901322,56.606769],[-127.90585,56.618663],[-127.929912,56.60916],[-127.950609,56.605419],[-127.969406,56.605523],[-127.975636,56.601639],[-127.996698,56.600993],[-128.008775,56.609859],[-128.010511,56.617718],[-128.002047,56.619302],[-127.998428,56.62487],[-128.001955,56.63019],[-128.007964,56.632065],[-128.007437,56.63558],[-128.015061,56.643322],[-128.042954,56.64602],[-128.051479,56.650551],[-128.055409,56.660668],[-128.083276,56.670069],[-128.086447,56.67321],[-128.101151,56.66497],[-128.105452,56.667014],[-128.117462,56.663083],[-128.113494,56.651411],[-128.105424,56.646913],[-128.097998,56.646673],[-128.115097,56.633822],[-128.126495,56.635807],[-128.141521,56.643971],[-128.160572,56.643759],[-128.166023,56.647956],[-128.175262,56.643867],[-128.185291,56.647625],[-128.191915,56.651289],[-128.189029,56.661117],[-128.178564,56.663735],[-128.178392,56.667166],[-128.166472,56.671246],[-128.174516,56.682467],[-128.157197,56.691982],[-128.157347,56.701396],[-128.146043,56.702921],[-128.15909,56.717637],[-128.168491,56.716397],[-128.189783,56.718502],[-128.185986,56.726602],[-128.190629,56.733355],[-128.189775,56.739636],[-128.200492,56.745356],[-128.20802,56.742735],[-128.209063,56.735869],[-128.224404,56.730177],[-128.264933,56.742707],[-128.270872,56.74921],[-128.286668,56.744037],[-128.296122,56.745609],[-128.306261,56.750849],[-128.320052,56.751429],[-128.336242,56.737519],[-128.347964,56.743106],[-128.368348,56.748206],[-128.374387,56.755759],[-128.421513,56.757394],[-128.422195,56.770451],[-128.436272,56.770021],[-128.464895,56.787555],[-128.466938,56.797839],[-128.463354,56.809876],[-128.475223,56.814895],[-128.486335,56.826447],[-128.484489,56.830377],[-128.495498,56.839613],[-128.533837,56.843438],[-128.553733,56.84951],[-128.557994,56.855212],[-128.5732,56.845362],[-128.599298,56.847778],[-128.604063,56.853048],[-128.620393,56.861283],[-128.622607,56.872628],[-128.634527,56.878439],[-128.654684,56.875757],[-128.65925,56.871664],[-128.686495,56.876029],[-128.686342,56.880611],[-128.699336,56.886931],[-128.692041,56.899949],[-128.684243,56.903305],[-128.673364,56.903626],[-128.670681,56.91116],[-128.661515,56.91507],[-128.663586,56.924014],[-128.675965,56.929625],[-128.666996,56.938143],[-128.680531,56.942413],[-128.682634,56.948293],[-128.676589,56.947748],[-128.673017,56.950227],[-128.672127,56.959837],[-128.668013,56.962063],[-128.675384,56.96537],[-128.673654,56.967612],[-128.684146,56.979425],[-128.694601,56.980538],[-128.708881,56.989107],[-128.709105,56.992063],[-128.714923,56.993082],[-128.716394,56.996571],[-128.713235,56.998536],[-128.721205,57.004739],[-128.717765,57.008971],[-128.723211,57.01176],[-128.720212,57.020057],[-128.728666,57.024672],[-128.725083,57.037052],[-128.732777,57.037141],[-128.741074,57.045378],[-128.760569,57.04362],[-128.788754,57.054469],[-128.779461,57.067533],[-128.787245,57.069462],[-128.791102,57.06784],[-128.80857,57.073561],[-128.812409,57.077705],[-128.807771,57.081306],[-128.808444,57.085173],[-128.815573,57.090466],[-128.832167,57.0931],[-128.839613,57.103926],[-128.858457,57.118798],[-128.870541,57.113793],[-128.878893,57.114696],[-128.876904,57.123768],[-128.883301,57.122112],[-128.892612,57.123423],[-128.936266,57.141662],[-128.964357,57.136492],[-128.970954,57.137054],[-128.979804,57.143813],[-128.979075,57.151342],[-128.993883,57.159464],[-128.99386,57.164495],[-129,57.16946],[-129,59],[-130,59],[-131,59],[-131,58],[-132,58],[-133.06965,58],[-132.869595,57.839866],[-132.751301,57.696127],[-132.661106,57.616885],[-132.553898,57.496634],[-132.370003,57.349871],[-132.247996,57.211381],[-132.368931,57.091507],[-132.045307,57.045108],[-132.123524,56.87363],[-131.872873,56.80599],[-131.901061,56.753667],[-131.860665,56.702979],[-131.835306,56.599196],[-131.581036,56.612223],[-131.471969,56.552652],[-131.173367,56.449509],[-131.08716,56.406146],[-130.782145,56.366916],[-130.623325,56.266971],[-130.540679,56.247512],[-130.468029,56.243115],[-130.426146,56.141617],[-130.350238,56.128595],[-130.246369,56.096462],[-130.103945,56.122845],[-130.003324,56.008003],[-130.017487,55.911855],[-130.003928,55.911974],[-130.003927,55.907485],[-130.083382,55.821713],[-130.124655,55.805649],[-130.1523,55.766293],[-130.147657,55.71491],[-130.111557,55.682907],[-130.127815,55.58104],[-130.089777,55.497983],[-130.041162,55.451729],[-130.021095,55.337923],[-129.976638,55.300375],[-129.974157,55.281922],[-130.102846,55.192612],[-130.146134,55.142855],[-130.152438,55.124629],[-130.180896,55.091268],[-130.187575,55.062855],[-130.273351,54.973986],[-130.34597,54.917755],[-130.480294,54.836694],[-130.568245,54.792181],[-130.636717,54.77959],[-130.65907,54.763077],[-130.625746,54.73809],[-130.628665,54.724748],[-130.615683,54.707473],[-130.615683,54.686861],[-130.373918,54.686861],[-130.352263,54.699287],[-130.344318,54.700774],[-130.32322,54.69953],[-130.308502,54.703698],[-130.298397,54.702879],[-130.282068,54.708231],[-130.249652,54.713234],[-130.24258,54.717487],[-130.226781,54.720237],[-130.224403,54.724009],[-130.206618,54.723785],[-130.187774,54.728786],[-130.17721,54.722517],[-130.163202,54.721924],[-130.154774,54.723838],[-130.148813,54.728847],[-130.13771,54.728844],[-130.131013,54.727767],[-130.123334,54.719442],[-130.115576,54.719073],[-130.112057,54.716409],[-130.086283,54.718009],[-130.077724,54.708338],[-130.064704,54.708584],[-130.055672,54.703828],[-130.054121,54.69907],[-130.038714,54.700397],[-130.024159,54.696738],[-130.012989,54.701775],[-130.010312,54.700242],[-130.001022,54.70235],[-129.9913,54.693766],[-129.975642,54.697028],[-129.963913,54.693664],[-129.957966,54.699391],[-129.962967,54.705472],[-129.971352,54.707607],[-129.973887,54.711046],[-129.965118,54.715044],[-129.949977,54.709466],[-129.941753,54.702888],[-129.934812,54.706753],[-129.925236,54.704723],[-129.925053,54.702828],[-129.915249,54.706444],[-129.897266,54.705257],[-129.873171,54.719318],[-129.871748,54.722456],[-129.853135,54.722174],[-129.849504,54.724186],[-129.820532,54.72654],[-129.808158,54.738224],[-129.787917,54.739817],[-129.775521,54.737327],[-129.768833,54.733532],[-129.77063,54.73113],[-129.75942,54.721836],[-129.740668,54.725976],[-129.723702,54.736156],[-129.703592,54.739069],[-129.698847,54.730505],[-129.692602,54.727632],[-129.691867,54.717298],[-129.682918,54.712732],[-129.679703,54.703796],[-129.685683,54.696708],[-129.687063,54.684747],[-129.661898,54.679639],[-129.645944,54.681927],[-129.644151,54.678458],[-129.631205,54.673709],[-129.621855,54.675783],[-129.613038,54.673738],[-129.593398,54.675805],[-129.57881,54.672795],[-129.566267,54.674201],[-129.549586,54.671138],[-129.522752,54.651201],[-129.500323,54.64842],[-129.487283,54.65054],[-129.477435,54.655243],[-129.463207,54.64987],[-129.466173,54.63823],[-129.454742,54.624622],[-129.462896,54.619792],[-129.481208,54.616449],[-129.488028,54.606626],[-129.490047,54.595581],[-129.507192,54.594001],[-129.514375,54.584238],[-129.536589,54.58974],[-129.53872,54.608118],[-129.544597,54.613431],[-129.558908,54.621615],[-129.586084,54.632056],[-129.602856,54.630643],[-129.604693,54.627102],[-129.628662,54.623026],[-129.644283,54.623109],[-129.647013,54.625257],[-129.654467,54.623617],[-129.669422,54.612588],[-129.669853,54.605118],[-129.688491,54.59768],[-129.694657,54.598876],[-129.696778,54.591862],[-129.69094,54.585265],[-129.691625,54.578791],[-129.686468,54.571278],[-129.670022,54.572362],[-129.65702,54.566705],[-129.652939,54.561011],[-129.658394,54.550206],[-129.664711,54.547943],[-129.668607,54.541334],[-129.674857,54.540077],[-129.690021,54.529736],[-129.686136,54.525669],[-129.690025,54.518988],[-129.684613,54.517751],[-129.678031,54.504676],[-129.683567,54.498483],[-129.693096,54.495372],[-129.696726,54.485493],[-129.684808,54.482322],[-129.684866,54.473912],[-129.667568,54.477646],[-129.646886,54.474595],[-129.640483,54.469785],[-129.629167,54.470496],[-129.622418,54.467947],[-129.598944,54.469674],[-129.590877,54.463845],[-129.582665,54.463148],[-129.579294,54.45823],[-129.567662,54.451473],[-129.528761,54.442833],[-129.519247,54.431865],[-129.510009,54.427806],[-129.511563,54.422604],[-129.504511,54.415687],[-129.49257,54.409391],[-129.501777,54.402487],[-129.500319,54.399158],[-129.504911,54.394313],[-129.498411,54.387941],[-129.498936,54.381692],[-129.490963,54.378031],[-129.476331,54.377497],[-129.477112,54.36785],[-129.46851,54.361242],[-129.454906,54.359687],[-129.430246,54.366534],[-129.422203,54.362734],[-129.422118,54.35594],[-129.414225,54.351881],[-129.41139,54.346351],[-129.375989,54.350047],[-129.376083,53.758177],[-129.23158,53.630846],[-129.201586,53.630855],[-129.207905,53.622547],[-129.210336,53.608135],[-129.216349,53.598539],[-129.216645,53.582342],[-129.21036,53.572506],[-129.203464,53.545376],[-129.201956,53.521427],[-129.209596,53.487556],[-129.201868,53.452324],[-129.210229,53.439308],[-129.209921,53.426036],[-129.195864,53.389568],[-129.192838,53.371002],[-129.194426,53.345485],[-129.203672,53.334169],[-129.240963,53.339316],[-129.258639,53.344182],[-129.278778,53.345405],[-129.291832,53.348736],[-129.29914,53.348033],[-129.305004,53.343876],[-129.311832,53.331067],[-129.305931,53.307207],[-129.309729,53.29889],[-129.321157,53.295685],[-129.399875,53.284998],[-129.427615,53.274581],[-129.438209,53.265919],[-129.442208,53.257319],[-129.439358,53.251347],[-129.425502,53.241534],[-129.426198,53.214642],[-129.430678,53.209761],[-129.484896,53.198627],[-129.539972,53.200693],[-129.63361,53.182595],[-129.656706,53.165089],[-129.717658,53.15161],[-129.731715,53.145482],[-129.746186,53.142457],[-129.751722,53.138397],[-129.774679,53.137745],[-129.78611,53.132844],[-129.796056,53.131744],[-129.85738,53.105872],[-130.079582,53.039442],[-130.639895,52.862189],[-129.026587,51.608302],[-128.581085,52.231603],[-128.554196,52.249398],[-128.53278,52.269385],[-128.529019,52.282104],[-128.530968,52.303671],[-128.549455,52.370265],[-128.544203,52.38266],[-128.519414,52.399256],[-128.471599,52.421526],[-128.447684,52.448073],[-128.402135,52.463064],[-128.34097,52.477749],[-128.31244,52.476719],[-128.281521,52.482688],[-128.22202,52.482002],[-128.176839,52.484544],[-128.178249,52.491698],[-128.185456,52.494362],[-128.182532,52.505367],[-128.190595,52.508362],[-128.201671,52.519954],[-128.20887,52.522088],[-128.184338,52.531173],[-128.189967,52.537711],[-128.189136,52.550777],[-128.17936,52.551447],[-128.17395,52.557924],[-128.182943,52.565821],[-128.176418,52.576276],[-128.191524,52.577606],[-128.197876,52.580235],[-128.185671,52.586571],[-128.17721,52.596106],[-128.17749,52.600189],[-128.190612,52.606833],[-128.181622,52.608237],[-128.15685,52.620847],[-128.1455,52.618842],[-128.135804,52.611633],[-128.116935,52.612798],[-128.100779,52.643405],[-128.107292,52.646844],[-128.121618,52.645944],[-128.132109,52.649114],[-128.139757,52.647309],[-128.143408,52.657862],[-128.15399,52.664223],[-128.154758,52.668085],[-128.150017,52.670083],[-128.153279,52.674233],[-128.140719,52.67817],[-128.139185,52.683175],[-128.136128,52.68375],[-128.116852,52.684432],[-128.1151,52.675941],[-128.094503,52.681368],[-128.065106,52.696801],[-128.062926,52.708768],[-128.054536,52.709446],[-128.050096,52.714051],[-128.037255,52.711628],[-128.028318,52.716796],[-128.025239,52.712797],[-128.01287,52.715122],[-128.009046,52.712699],[-128.000872,52.712181],[-127.993451,52.716226],[-127.983554,52.715076],[-127.971862,52.708849],[-127.962886,52.709715],[-127.948181,52.72085],[-127.933367,52.721019],[-127.926995,52.724598],[-127.920296,52.718037],[-127.924422,52.699186],[-127.91525,52.682929],[-127.91681,52.671894],[-127.900404,52.67266],[-127.888553,52.676901],[-127.884789,52.68297],[-127.870789,52.683894],[-127.867274,52.686409],[-127.859864,52.681064],[-127.845901,52.676036],[-127.849355,52.670755],[-127.848931,52.660969],[-127.829355,52.665929],[-127.828558,52.668636],[-127.820805,52.664945],[-127.808409,52.663464],[-127.808683,52.660445],[-127.801664,52.661573],[-127.789045,52.66678],[-127.786144,52.672893],[-127.779575,52.676188],[-127.781789,52.684302],[-127.78868,52.686729],[-127.792154,52.692385],[-127.785181,52.69803],[-127.773657,52.704231],[-127.762715,52.704663],[-127.75827,52.709232],[-127.749505,52.712385],[-127.746372,52.71789],[-127.737936,52.719311],[-127.734244,52.717438],[-127.720084,52.717663],[-127.718946,52.72719],[-127.713029,52.730983],[-127.713,52.734506],[-127.719717,52.737258],[-127.710725,52.757663],[-127.720801,52.763645],[-127.723374,52.770502],[-127.729667,52.774568],[-127.718193,52.777589],[-127.713521,52.78119],[-127.707738,52.780174],[-127.705503,52.775998],[-127.700692,52.774431],[-127.691469,52.789435],[-127.675043,52.791016],[-127.669326,52.785405],[-127.657005,52.782461],[-127.653414,52.783517],[-127.652012,52.781389],[-127.64291,52.779523],[-127.616703,52.778294],[-127.606802,52.781433],[-127.601649,52.774279],[-127.599577,52.759878],[-127.622916,52.743043],[-127.624872,52.735001],[-127.608879,52.729789],[-127.60557,52.730927],[-127.58069,52.720868],[-127.577736,52.712148],[-127.582015,52.707839],[-127.569927,52.701346],[-127.568971,52.693486],[-127.564581,52.68972],[-127.548914,52.697243],[-127.535693,52.690778],[-127.514524,52.696278],[-127.502576,52.691704],[-127.505948,52.681335],[-127.493812,52.681505],[-127.48708,52.688412],[-127.484927,52.686031],[-127.468258,52.684612],[-127.467063,52.690074],[-127.472553,52.697201],[-127.467251,52.701975],[-127.465773,52.70908],[-127.440634,52.718456],[-127.423399,52.720805],[-127.412129,52.731848],[-127.394925,52.733298],[-127.38574,52.74657],[-127.372623,52.747901],[-127.366762,52.752276],[-127.365184,52.756259],[-127.380532,52.766773],[-127.380385,52.774709],[-127.373093,52.787862],[-127.358298,52.799935],[-127.354896,52.80688],[-127.344585,52.807832],[-127.340545,52.803064],[-127.341104,52.797929],[-127.324415,52.798884],[-127.315038,52.796964],[-127.304375,52.802553],[-127.290123,52.817183],[-127.273286,52.810664],[-127.256044,52.817703],[-127.246606,52.816194],[-127.238876,52.819622],[-127.227629,52.819053],[-127.219669,52.822916],[-127.217998,52.82522],[-127.224137,52.830446],[-127.223645,52.837653],[-127.217896,52.842562],[-127.215337,52.854275],[-127.234781,52.859007],[-127.242646,52.858459],[-127.249307,52.861623],[-127.26151,52.875945],[-127.273473,52.879293],[-127.282326,52.885409],[-127.272641,52.894996],[-127.288869,52.902568],[-127.300029,52.904391],[-127.295489,52.913599],[-127.287097,52.921216],[-127.289995,52.923225],[-127.28635,52.937137],[-127.277756,52.939952],[-127.275781,52.94583],[-127.259873,52.949078],[-127.244842,52.955267],[-127.246186,52.958637],[-127.241968,52.964089],[-127.249276,52.966747],[-127.256584,52.978625],[-127.263161,52.982166],[-127.257924,52.990535],[-127.247982,52.992849],[-127.237466,53.002962],[-127.242182,53.021534],[-127.252841,53.041187],[-127.272361,53.055474],[-127.28147,53.056433],[-127.282764,53.065536],[-127.289129,53.07101],[-127.299774,53.070885],[-127.306978,53.074019],[-127.318213,53.067792],[-127.324981,53.06724],[-127.330224,53.072927],[-127.356155,53.082689],[-127.418873,53.080024],[-127.441102,53.083787],[-127.451673,53.100422],[-127.433578,53.121582],[-127.451643,53.122466],[-127.464836,53.119724],[-127.47407,53.122207],[-127.474422,53.131022],[-127.47807,53.134188],[-127.47725,53.142143],[-127.456849,53.144305],[-127.450519,53.153305],[-127.440378,53.160347],[-127.408345,53.15977],[-127.401804,53.168736],[-127.408884,53.174318],[-127.408626,53.177233],[-127.401521,53.186425],[-127.396599,53.186772],[-127.383231,53.178473],[-127.356949,53.175452],[-127.354047,53.188603],[-127.363619,53.201895],[-127.363969,53.209208],[-127.360424,53.212936],[-127.36187,53.220299],[-127.357707,53.224142],[-127.333136,53.226691],[-127.326417,53.221747],[-127.317757,53.204684],[-127.309993,53.205437],[-127.308098,53.211077],[-127.300595,53.214495],[-127.288997,53.227026],[-127.286488,53.239216],[-127.279596,53.246273],[-127.281856,53.248994],[-127.278323,53.250741],[-127.279544,53.260657],[-127.288009,53.261561],[-127.286701,53.268779],[-127.278464,53.274108],[-127.27151,53.273886],[-127.26503,53.27733]]]},"properties":{"id":"RDKS","boundaryCode":"RDKS","boundaryName":"Regional District of Kitimat-Stikine","reportingName":"Kitimat-Stikine","jurisdiction_count":6,"population_2015":38621,"vehicle_idling_population":0,"vehicle_idling_percent":0,"vehicle_idling_band":"0%","vehicle_idling_display":"Regional District of Kitimat-Stikine · 0% covered","vehicle_idling_details":"Vehicle idling: 0% of the regional district population covered (2015 population estimate).\nHazelton: no bylaw reported\nKitimat: no bylaw reported\nKitimat-Stikine RD-uninc: no bylaw reported\nNew Hazelton: no bylaw reported\nStewart: no bylaw reported\nTerrace: no bylaw reported","open_burning_population":11586,"open_burning_percent":30,"open_burning_band":"26–50%","open_burning_display":"Regional District of Kitimat-Stikine · 30% covered","open_burning_details":"Open burning: 30% of the regional district population covered (2015 population estimate).\nHazelton: no bylaw reported\nKitimat: no bylaw reported\nKitimat-Stikine RD-uninc: no bylaw reported\nNew Hazelton: no bylaw reported\nStewart: bylaw reported\nTerrace: bylaw reported","solid_fuel_population":11164,"solid_fuel_percent":28.9,"solid_fuel_band":"26–50%","solid_fuel_display":"Regional District of Kitimat-Stikine · 28.9% covered","solid_fuel_details":"Solid fuel appliance: 28.9% of the regional district population covered (2015 population estimate).\nHazelton: no bylaw reported\nKitimat: no bylaw reported\nKitimat-Stikine RD-uninc: no bylaw reported\nNew Hazelton: no bylaw reported\nStewart: no bylaw reported\nTerrace: bylaw reported"},"id":"RDKS"},{"type":"Feature","geometry":{"type":"Polygon","coordinates":[[[-118.313487,49.811974],[-119.055223,49.811978],[-119.051002,49.810189],[-119.056161,49.807597],[-119.056992,49.801313],[-119.06426,49.799654],[-119.073517,49.791089],[-119.092075,49.794972],[-119.099468,49.789798],[-119.106463,49.789341],[-119.106553,49.792047],[-119.111697,49.788931],[-119.114903,49.792039],[-119.111979,49.797634],[-119.118432,49.803813],[-119.11466,49.815171],[-119.124223,49.821157],[-119.124328,49.824502],[-119.12958,49.825044],[-119.132875,49.830093],[-119.140062,49.825634],[-119.15308,49.825195],[-119.153089,49.763555],[-119.164293,49.763571],[-119.164291,49.758417],[-119.19039,49.757713],[-119.194676,49.761922],[-119.199644,49.757337],[-119.197522,49.750534],[-119.210102,49.753632],[-119.21084,49.743606],[-119.216385,49.748059],[-119.22755,49.743241],[-119.232732,49.743618],[-119.232579,49.740283],[-119.23785,49.740523],[-119.241184,49.743243],[-119.251337,49.740712],[-119.26099,49.745921],[-119.261465,49.73464],[-119.268498,49.728898],[-119.295039,49.719641],[-119.294816,49.714922],[-119.302877,49.70698],[-119.312423,49.705926],[-119.323169,49.697679],[-119.331546,49.698842],[-119.343867,49.694635],[-119.347108,49.690521],[-119.358872,49.687568],[-119.369934,49.678307],[-119.377245,49.678688],[-119.371707,49.671434],[-119.371014,49.659178],[-119.37408,49.651838],[-119.367851,49.636843],[-119.349501,49.63098],[-119.359555,49.615647],[-119.34504,49.606893],[-119.342875,49.603023],[-119.343862,49.598566],[-119.348983,49.595334],[-119.346187,49.592719],[-119.349764,49.580196],[-119.344294,49.576715],[-119.345466,49.572502],[-119.338092,49.567664],[-119.340675,49.557759],[-119.339239,49.555095],[-119.332991,49.555149],[-119.33248,49.544994],[-119.328733,49.538017],[-119.322853,49.537037],[-119.323503,49.53034],[-119.313082,49.530828],[-119.310348,49.527168],[-119.302351,49.524035],[-119.304367,49.511058],[-119.310517,49.504368],[-119.300987,49.503768],[-119.300807,49.385087],[-119.293675,49.382808],[-119.294747,49.380384],[-119.287482,49.3806],[-119.288619,49.389655],[-119.283881,49.387689],[-119.283302,49.38376],[-119.268911,49.383647],[-119.262734,49.382365],[-119.263767,49.380267],[-119.25925,49.378313],[-119.254639,49.380548],[-119.242981,49.377676],[-119.241972,49.374583],[-119.247868,49.370945],[-119.252381,49.360563],[-119.257339,49.359254],[-119.260418,49.355026],[-119.261443,49.347638],[-119.256568,49.343721],[-119.24931,49.34398],[-119.247853,49.341994],[-119.235969,49.33975],[-119.226336,49.342142],[-119.218606,49.341218],[-119.21652,49.344119],[-119.209096,49.343757],[-119.202248,49.339336],[-119.209208,49.323514],[-119.175109,49.309569],[-119.178393,49.299791],[-119.202253,49.290589],[-119.222758,49.277597],[-119.226885,49.262384],[-119.235467,49.255267],[-119.241316,49.241912],[-119.228918,49.232058],[-119.215893,49.226164],[-119.213587,49.221296],[-119.197159,49.215358],[-119.183714,49.218465],[-119.177901,49.216712],[-119.177626,49.21338],[-119.182658,49.209994],[-119.182895,49.202692],[-119.190177,49.198146],[-119.195246,49.201315],[-119.221023,49.194462],[-119.223116,49.184507],[-119.237416,49.177475],[-119.242482,49.16964],[-119.2538,49.166307],[-119.262723,49.146259],[-119.271838,49.144882],[-119.284159,49.137047],[-119.285134,49.133204],[-119.270511,49.11622],[-119.27819,49.109936],[-119.274274,49.100816],[-119.285607,49.102949],[-119.29203,49.096374],[-119.289647,49.088313],[-119.297433,49.087537],[-119.301289,49.082197],[-119.301296,49.007338],[-119.295114,49.007341],[-119.295053,49.000081],[-118.389708,49.000042],[-117.469037,49.000546],[-117.466177,49.088261],[-117.516681,49.088199],[-117.516945,49.124135],[-117.51117,49.124157],[-117.511139,49.139099],[-117.505545,49.139119],[-117.505601,49.149518],[-117.500081,49.149518],[-117.500082,49.160404],[-117.494513,49.160404],[-117.494513,49.163379],[-117.484089,49.163384],[-117.484098,49.171316],[-117.47249,49.171365],[-117.472524,49.174865],[-117.582756,49.174626],[-117.582751,49.178646],[-117.675028,49.178674],[-117.674951,49.207762],[-117.681112,49.208227],[-117.67373,49.224508],[-117.687364,49.224598],[-117.687405,49.228217],[-117.703678,49.228235],[-117.703678,49.263715],[-118.134792,49.263699],[-118.138656,49.272538],[-118.144804,49.271106],[-118.146892,49.261329],[-118.161679,49.256585],[-118.161801,49.25017],[-118.172346,49.245071],[-118.177799,49.251933],[-118.176893,49.258895],[-118.181301,49.267576],[-118.176821,49.273217],[-118.19056,49.280273],[-118.198684,49.279349],[-118.198413,49.28434],[-118.209944,49.294185],[-118.206383,49.299305],[-118.21317,49.307968],[-118.21303,49.323541],[-118.221217,49.326261],[-118.224364,49.332174],[-118.231125,49.336715],[-118.240782,49.34031],[-118.242754,49.347363],[-118.239365,49.35676],[-118.253583,49.362445],[-118.251395,49.378256],[-118.264781,49.389114],[-118.267272,49.397207],[-118.256619,49.403206],[-118.26089,49.407612],[-118.260466,49.413473],[-118.264287,49.413566],[-118.274979,49.420735],[-118.261294,49.42263],[-118.254548,49.444679],[-118.258198,49.451457],[-118.267148,49.455569],[-118.271092,49.462938],[-118.283502,49.468807],[-118.28139,49.477337],[-118.286114,49.481241],[-118.288224,49.496301],[-118.275771,49.509769],[-118.2793,49.523028],[-118.271637,49.532737],[-118.264951,49.53261],[-118.259649,49.536563],[-118.258524,49.548206],[-118.256442,49.551572],[-118.249683,49.55387],[-118.244978,49.561523],[-118.248934,49.583049],[-118.254858,49.586951],[-118.255004,49.5984],[-118.24701,49.605269],[-118.251438,49.609719],[-118.250828,49.617647],[-118.24142,49.634462],[-118.248036,49.653588],[-118.245047,49.661248],[-118.257175,49.663603],[-118.273247,49.662947],[-118.276701,49.672084],[-118.283106,49.675854],[-118.278884,49.682395],[-118.282186,49.692296],[-118.27971,49.699063],[-118.274326,49.698402],[-118.272291,49.708094],[-118.27363,49.714214],[-118.282197,49.71769],[-118.280192,49.722696],[-118.284602,49.732622],[-118.282956,49.742586],[-118.296095,49.742595],[-118.296814,49.74874],[-118.284114,49.758299],[-118.284292,49.761001],[-118.297738,49.768689],[-118.290446,49.77435],[-118.285514,49.788641],[-118.29706,49.795438],[-118.302279,49.80817],[-118.313487,49.811974]]]},"properties":{"id":"RDKB","boundaryCode":"RDKB","boundaryName":"Regional District of Kootenay Boundary","reportingName":"Kootenay Boundary","jurisdiction_count":9,"population_2015":29349,"vehicle_idling_population":9575,"vehicle_idling_percent":32.6,"vehicle_idling_band":"26–50%","vehicle_idling_display":"Regional District of Kootenay Boundary · 32.6% covered","vehicle_idling_details":"Vehicle idling: 32.6% of the regional district population covered (2015 population estimate).\nFruitvale: bylaw reported\nGrand Forks: bylaw reported\nGreenwood: no bylaw reported\nKootenay Boundary RD-uninc: no bylaw reported\nMidway: no bylaw reported\nMontrose: no bylaw reported\nRossland: bylaw reported\nTrail: no bylaw reported\nWarfield: no bylaw reported","open_burning_population":4585,"open_burning_percent":15.6,"open_burning_band":"1–25%","open_burning_display":"Regional District of Kootenay Boundary · 15.6% covered","open_burning_details":"Open burning: 15.6% of the regional district population covered (2015 population estimate).\nFruitvale: no bylaw reported\nGrand Forks: no bylaw reported\nGreenwood: no bylaw reported\nKootenay Boundary RD-uninc: no bylaw reported\nMidway: no bylaw reported\nMontrose: bylaw reported\nRossland: bylaw reported\nTrail: no bylaw reported\nWarfield: no bylaw reported","solid_fuel_population":14458,"solid_fuel_percent":49.3,"solid_fuel_band":"26–50%","solid_fuel_display":"Regional District of Kootenay Boundary · 49.3% covered","solid_fuel_details":"Solid fuel appliance: 49.3% of the regional district population covered (2015 population estimate).\nFruitvale: bylaw reported\nGrand Forks: bylaw reported\nGreenwood: no bylaw reported\nKootenay Boundary RD-uninc: no bylaw reported\nMidway: no bylaw reported\nMontrose: bylaw reported\nRossland: no bylaw reported\nTrail: bylaw reported\nWarfield: no bylaw reported"},"id":"RDKB"},{"type":"Feature","geometry":{"type":"Polygon","coordinates":[[[-125.575428,51.913987],[-125.578511,51.905859],[-125.584245,51.901401],[-125.601651,51.898194],[-125.605912,51.901183],[-125.611236,51.901375],[-125.617689,51.908756],[-125.636935,51.915611],[-125.640866,51.914929],[-125.646475,51.919803],[-125.652667,51.920855],[-125.655944,51.92253],[-125.659159,51.934095],[-125.674349,51.937528],[-125.680868,51.951931],[-125.691834,51.958512],[-125.697521,51.965778],[-125.702082,51.966573],[-125.699592,51.991748],[-125.70363,51.9926],[-125.707395,52.002757],[-125.717192,52.010813],[-125.725456,52.014569],[-125.731886,52.014188],[-125.729798,52.017465],[-125.736378,52.017331],[-125.755556,52.026638],[-125.774357,52.027117],[-125.781767,52.032029],[-125.789565,52.030652],[-125.792875,52.034638],[-125.802311,52.034657],[-125.806688,52.041676],[-125.820858,52.04551],[-125.82037,52.048026],[-125.826127,52.052048],[-125.842325,52.049365],[-125.855106,52.042319],[-125.853346,52.034619],[-125.864855,52.031488],[-125.873345,52.014877],[-125.864562,52.007752],[-125.835316,51.994889],[-125.828885,51.987018],[-125.828513,51.981031],[-125.856201,51.976693],[-125.867948,51.977047],[-125.877471,51.973414],[-125.883201,51.974191],[-125.878276,51.968025],[-125.879845,51.962968],[-125.888804,51.960338],[-125.896827,51.953144],[-125.890249,51.946137],[-125.894848,51.937786],[-125.890296,51.929902],[-125.897522,51.914264],[-125.894418,51.910779],[-125.88102,51.907061],[-125.877364,51.901053],[-125.883265,51.9008],[-125.887803,51.897883],[-125.899547,51.898779],[-125.905334,51.8929],[-125.922335,51.903325],[-125.929674,51.899447],[-125.932294,51.892834],[-125.930253,51.887605],[-125.934605,51.881012],[-125.933004,51.858881],[-125.936261,51.858036],[-125.938851,51.848752],[-125.936564,51.83906],[-125.946152,51.839066],[-125.954931,51.836396],[-125.958946,51.830248],[-125.958623,51.810787],[-125.953332,51.805366],[-125.976687,51.791848],[-125.97325,51.788328],[-125.973873,51.781261],[-125.956606,51.780309],[-125.949983,51.778044],[-125.942092,51.77078],[-125.934119,51.770865],[-125.936477,51.764762],[-125.929285,51.754528],[-125.937741,51.748289],[-125.947325,51.750828],[-125.956953,51.757309],[-125.965319,51.744367],[-125.981101,51.742673],[-125.984042,51.733658],[-125.999552,51.729928],[-126.001554,51.727415],[-125.993896,51.711635],[-125.998911,51.709623],[-126.000175,51.706012],[-125.994709,51.693443],[-125.995587,51.687457],[-125.989177,51.686145],[-125.957423,51.694478],[-125.952189,51.686202],[-125.942365,51.685224],[-125.93886,51.675571],[-125.958837,51.669292],[-125.951953,51.664476],[-125.948355,51.657173],[-125.949407,51.653192],[-125.954996,51.650566],[-125.947783,51.648539],[-125.942999,51.644052],[-125.939716,51.631445],[-125.959967,51.623018],[-125.962384,51.603565],[-125.9803,51.596099],[-125.980132,51.589372],[-125.98738,51.583379],[-126.003329,51.590555],[-126.015221,51.591225],[-126.021376,51.599448],[-126.030636,51.604944],[-126.045552,51.597091],[-126.05652,51.594254],[-126.051032,51.591554],[-126.049705,51.58662],[-126.062678,51.580783],[-126.051006,51.572876],[-126.055252,51.560135],[-126.07863,51.550781],[-126.077068,51.546378],[-126.08703,51.534407],[-126.081461,51.527304],[-126.083802,51.524511],[-126.093393,51.524857],[-126.099272,51.521353],[-126.112378,51.519393],[-126.114701,51.515928],[-126.113384,51.503172],[-126.103329,51.498327],[-126.10712,51.488761],[-126.104872,51.482712],[-126.097401,51.477507],[-126.105348,51.466881],[-126.105294,51.461089],[-126.115111,51.450227],[-126.119784,51.448493],[-126.144982,51.45141],[-126.158519,51.447611],[-126.165415,51.447832],[-126.17099,51.436661],[-126.177368,51.432794],[-126.185639,51.439133],[-126.194825,51.4367],[-126.210166,51.44547],[-126.21556,51.45275],[-126.239204,51.453938],[-126.250245,51.450196],[-126.266798,51.452064],[-126.272476,51.449957],[-126.278103,51.451086],[-126.282216,51.447919],[-126.28878,51.457548],[-126.299213,51.456497],[-126.304949,51.462004],[-126.324994,51.457286],[-126.334468,51.458006],[-126.336272,51.462382],[-126.345404,51.462733],[-126.354031,51.459676],[-126.365484,51.450667],[-126.368048,51.454385],[-126.366808,51.467173],[-126.371253,51.472591],[-126.391754,51.477157],[-126.417877,51.473994],[-126.423124,51.477905],[-126.427071,51.475595],[-126.426204,51.481077],[-126.44046,51.487677],[-126.452988,51.482443],[-126.454652,51.4704],[-126.463957,51.457381],[-126.467535,51.454652],[-126.478176,51.454603],[-126.479426,51.44244],[-126.487153,51.435037],[-126.48729,51.430453],[-126.493651,51.429601],[-126.495131,51.425467],[-126.505697,51.425333],[-126.509972,51.422471],[-126.52281,51.420399],[-126.537694,51.409906],[-126.540966,51.409908],[-126.550293,51.417072],[-126.559502,51.415062],[-126.568048,51.407694],[-126.567997,51.404051],[-126.589816,51.404763],[-126.594338,51.406582],[-126.600673,51.418476],[-126.604748,51.420322],[-126.610914,51.419585],[-126.622607,51.442342],[-126.642069,51.444506],[-126.64856,51.447629],[-126.660813,51.447347],[-126.675648,51.457436],[-126.674842,51.459983],[-126.682687,51.468242],[-126.692093,51.471678],[-126.69965,51.478828],[-126.707124,51.475735],[-126.712837,51.46771],[-126.711983,51.463867],[-126.70731,51.461311],[-126.707298,51.456126],[-126.720575,51.453444],[-126.731982,51.434438],[-126.717106,51.426289],[-126.715917,51.422173],[-126.711236,51.419708],[-126.713255,51.416147],[-126.709851,51.412594],[-126.696745,51.406689],[-126.700636,51.404508],[-126.700754,51.395787],[-126.710805,51.394365],[-126.714299,51.391186],[-126.711702,51.376209],[-126.719805,51.367767],[-126.718457,51.36453],[-126.730386,51.359788],[-126.722756,51.353783],[-126.724759,51.344624],[-126.731241,51.342483],[-126.737207,51.33651],[-126.749543,51.334499],[-126.753052,51.330484],[-126.754415,51.314049],[-126.763706,51.313819],[-126.770629,51.309477],[-126.767118,51.298034],[-126.78106,51.298659],[-126.80345,51.293739],[-126.816184,51.294607],[-126.82156,51.299537],[-126.815394,51.312148],[-126.820435,51.32235],[-126.827016,51.320395],[-126.838916,51.322323],[-126.852006,51.321357],[-126.862683,51.316654],[-126.868738,51.306161],[-126.882477,51.307849],[-126.895046,51.305972],[-126.892885,51.300537],[-126.90201,51.290547],[-126.912324,51.285983],[-126.922045,51.285724],[-126.920995,51.278817],[-126.9165,51.277379],[-126.920075,51.271237],[-126.912242,51.260602],[-126.922134,51.256435],[-126.919396,51.251359],[-126.922378,51.242436],[-126.948557,51.238851],[-126.953794,51.234159],[-126.959464,51.233907],[-126.964961,51.23724],[-126.97005,51.234244],[-126.992187,51.242293],[-127.00802,51.238692],[-127.011281,51.235509],[-127.030264,51.229436],[-127.041267,51.236123],[-127.06274,51.232407],[-127.06685,51.229705],[-127.071517,51.22995],[-127.071489,51.232479],[-127.08814,51.219901],[-127.0962,51.223241],[-127.105598,51.219862],[-127.128334,51.218114],[-127.15154,51.206954],[-127.157246,51.208363],[-127.168537,51.206171],[-127.170314,51.202752],[-127.197482,51.205494],[-127.210092,51.198538],[-127.215023,51.200943],[-127.215591,51.207004],[-127.224657,51.211769],[-127.226409,51.21615],[-127.23571,51.219601],[-127.266724,51.220102],[-127.271693,51.218566],[-127.271849,51.214413],[-127.277959,51.211824],[-127.280963,51.21331],[-127.29613,51.212221],[-127.296531,51.214883],[-127.310194,51.215064],[-127.32011,51.212901],[-127.324907,51.209061],[-127.338364,51.213461],[-127.345335,51.218713],[-127.37032,51.215961],[-127.37607,51.219687],[-127.389446,51.222647],[-127.387035,51.230591],[-127.41743,51.228047],[-127.422373,51.229696],[-127.446922,51.228442],[-127.458598,51.228923],[-127.464928,51.231827],[-127.483221,51.234368],[-127.488795,51.229953],[-127.486216,51.226934],[-127.489149,51.221201],[-127.472942,51.218655],[-127.472249,51.213596],[-127.457834,51.208353],[-127.456896,51.204293],[-127.462239,51.205038],[-127.470606,51.200957],[-127.481535,51.205965],[-127.496844,51.200515],[-127.505211,51.204246],[-127.523575,51.206584],[-127.527624,51.201716],[-127.533921,51.201444],[-127.537005,51.198998],[-127.551229,51.19942],[-127.558203,51.196548],[-127.566649,51.196948],[-127.571036,51.19256],[-127.577965,51.193876],[-127.581166,51.190794],[-127.595226,51.190092],[-127.599678,51.186278],[-127.61273,51.190984],[-127.615575,51.188737],[-127.622931,51.189952],[-127.631561,51.187186],[-127.635751,51.188251],[-127.647012,51.182915],[-127.657531,51.186163],[-127.665429,51.193729],[-127.693053,51.191228],[-127.739109,51.191222],[-127.739085,51.162282],[-127.763027,51.16195],[-127.772067,51.158656],[-127.787461,51.16353],[-128,51],[-129.447938,51.000047],[-129.131417,50.816781],[-129.099924,50.80789],[-129.077686,50.805264],[-129.054709,50.807501],[-129.035432,50.814165],[-129.010128,50.814172],[-129.005705,50.801517],[-128.994848,50.789974],[-128.976662,50.779969],[-128.96516,50.776477],[-128.907746,50.772374],[-128.891592,50.773691],[-128.869172,50.779172],[-128.847597,50.791646],[-128.843725,50.778114],[-128.829972,50.761419],[-128.814051,50.750584],[-128.793932,50.74312],[-128.771742,50.740386],[-128.74936,50.74238],[-128.728704,50.749196],[-128.713822,50.759151],[-128.681611,50.757934],[-128.647845,50.742657],[-128.611094,50.738651],[-128.583105,50.743151],[-128.532307,50.760547],[-128.515553,50.772673],[-128.504786,50.790185],[-128.501567,50.790567],[-128.500063,50.769677],[-128.495969,50.759228],[-128.480747,50.744132],[-128.478562,50.733007],[-128.472387,50.722965],[-128.446543,50.701351],[-128.44789,50.687135],[-128.440036,50.662559],[-128.422695,50.644622],[-128.395724,50.63184],[-128.389658,50.611722],[-128.361967,50.585223],[-128.340184,50.571905],[-128.312351,50.565754],[-128.307074,50.553694],[-128.286727,50.534973],[-128.28316,50.522657],[-128.272327,50.510594],[-128.250552,50.495352],[-128.225814,50.486932],[-128.205166,50.473482],[-128.183577,50.466137],[-128.168649,50.44941],[-128.153195,50.437765],[-128.134808,50.430335],[-128.114455,50.427109],[-128.096489,50.412713],[-128.079459,50.404816],[-128.058762,50.40056],[-128.03827,50.400801],[-128.04194,50.382348],[-128.054131,50.371396],[-128.06038,50.357627],[-128.059498,50.338342],[-128.051913,50.324376],[-128.029311,50.300214],[-128.012349,50.290195],[-127.964446,50.276685],[-127.936572,50.27685],[-127.946602,50.26582],[-127.95075,50.250845],[-127.947273,50.236007],[-127.936414,50.223813],[-127.94599,50.2043],[-127.943791,50.190096],[-127.935591,50.178366],[-127.96525,50.163745],[-127.980583,50.152328],[-127.988908,50.138229],[-127.989922,50.129205],[-127.917961,50.129239],[-127.909454,50.117955],[-127.89853,50.11448],[-127.888183,50.123587],[-127.878558,50.126205],[-127.871818,50.140306],[-127.860674,50.146376],[-127.84996,50.143158],[-127.845492,50.137501],[-127.823548,50.147274],[-127.818871,50.143368],[-127.805946,50.143074],[-127.804249,50.141006],[-127.781471,50.149007],[-127.772846,50.145652],[-127.767266,50.151664],[-127.772262,50.157725],[-127.765686,50.159193],[-127.760001,50.164124],[-127.740207,50.161294],[-127.734663,50.162844],[-127.735617,50.165774],[-127.729422,50.174119],[-127.730409,50.176495],[-127.743251,50.18205],[-127.741734,50.184458],[-127.733251,50.188704],[-127.712434,50.187666],[-127.706845,50.189223],[-127.703285,50.187196],[-127.700475,50.194719],[-127.702213,50.199874],[-127.692635,50.206043],[-127.69623,50.210151],[-127.693196,50.21412],[-127.682258,50.215719],[-127.660495,50.239272],[-127.638618,50.237552],[-127.63549,50.244635],[-127.639374,50.248434],[-127.632794,50.24949],[-127.624152,50.256818],[-127.61648,50.257867],[-127.59483,50.26833],[-127.594327,50.2764],[-127.600433,50.282069],[-127.591284,50.285781],[-127.578511,50.284312],[-127.576405,50.287146],[-127.567761,50.288122],[-127.565011,50.293059],[-127.554368,50.295859],[-127.546635,50.294396],[-127.536813,50.287761],[-127.527646,50.285055],[-127.525998,50.277947],[-127.511957,50.278595],[-127.499022,50.27573],[-127.485166,50.268323],[-127.462397,50.264806],[-127.455889,50.260235],[-127.444203,50.259342],[-127.439899,50.257054],[-127.420828,50.259617],[-127.410377,50.253141],[-127.395551,50.254782],[-127.385656,50.260153],[-127.379213,50.260243],[-127.374245,50.256999],[-127.3736,50.247914],[-127.359694,50.245579],[-127.338978,50.235133],[-127.325134,50.230811],[-127.306804,50.236464],[-127.299605,50.233158],[-127.292827,50.237513],[-127.296198,50.246339],[-127.288419,50.248861],[-127.29821,50.261594],[-127.294603,50.265958],[-127.297394,50.279364],[-127.282449,50.279134],[-127.274927,50.274968],[-127.268502,50.277766],[-127.263659,50.28455],[-127.247902,50.27862],[-127.236913,50.26569],[-127.22897,50.266451],[-127.224082,50.264704],[-127.219078,50.270203],[-127.199773,50.274889],[-127.199363,50.273129],[-127.192087,50.27181],[-127.186144,50.264585],[-127.177932,50.263215],[-127.166355,50.27887],[-127.164151,50.288813],[-127.159195,50.293178],[-127.161049,50.296787],[-127.150097,50.292808],[-127.144582,50.297433],[-127.145065,50.300184],[-127.150641,50.302666],[-127.147571,50.302738],[-127.149602,50.306661],[-127.146975,50.310835],[-127.149886,50.317414],[-127.140387,50.319295],[-127.132433,50.317575],[-127.118084,50.31845],[-127.114586,50.322],[-127.101689,50.319533],[-127.096689,50.326898],[-127.09722,50.332241],[-127.101223,50.333349],[-127.098966,50.339914],[-127.088949,50.340857],[-127.083838,50.336212],[-127.077977,50.334838],[-127.07399,50.336463],[-127.069768,50.334549],[-127.070711,50.328602],[-127.049892,50.323011],[-127.046369,50.318805],[-127.051228,50.312219],[-127.045356,50.304118],[-127.035045,50.302829],[-127.025627,50.286963],[-127.019775,50.286037],[-127.01635,50.280285],[-127.007957,50.281626],[-126.998628,50.277387],[-126.997161,50.270287],[-127.000355,50.26666],[-127.001532,50.254703],[-126.998691,50.24982],[-126.997067,50.248104],[-126.979983,50.247043],[-126.972328,50.240704],[-126.972154,50.233902],[-126.98901,50.227242],[-126.988423,50.224857],[-126.991622,50.223756],[-126.99139,50.200837],[-126.994599,50.200633],[-126.991334,50.197635],[-126.991355,50.182553],[-126.937042,50.181583],[-126.925363,50.19375],[-126.918879,50.19528],[-126.904027,50.190461],[-126.900111,50.186106],[-126.900718,50.181569],[-126.88693,50.17406],[-126.883481,50.162942],[-126.873137,50.160433],[-126.869686,50.155603],[-126.864525,50.156056],[-126.852324,50.144474],[-126.839271,50.141939],[-126.823759,50.143125],[-126.813615,50.152142],[-126.821341,50.171292],[-126.809794,50.172657],[-126.806507,50.167657],[-126.802703,50.167864],[-126.796426,50.175953],[-126.788934,50.174435],[-126.78235,50.178253],[-126.780765,50.172862],[-126.786936,50.169654],[-126.784211,50.160137],[-126.779449,50.159826],[-126.778193,50.154105],[-126.765775,50.147517],[-126.763614,50.141611],[-126.767908,50.135697],[-126.787128,50.132452],[-126.785351,50.129707],[-126.788637,50.12456],[-126.785253,50.121532],[-126.776532,50.11851],[-126.767838,50.118455],[-126.751768,50.111794],[-126.747937,50.106979],[-126.723634,50.1113],[-126.709683,50.116293],[-126.703915,50.113556],[-126.695097,50.115152],[-126.682419,50.106229],[-126.680401,50.099072],[-126.667076,50.096792],[-126.66642,50.090392],[-126.648091,50.092648],[-126.650942,50.074095],[-126.656254,50.069786],[-126.662462,50.069146],[-126.677189,50.073535],[-126.6748,50.065699],[-126.698547,50.060963],[-126.693942,50.056167],[-126.700622,50.048545],[-126.688764,50.040323],[-126.696344,50.032269],[-126.679366,50.027286],[-126.67053,50.015985],[-126.657702,50.018148],[-126.642433,50.027341],[-126.629949,50.028728],[-126.60012,50.025128],[-126.594182,50.028621],[-126.582545,50.026427],[-126.578118,50.029492],[-126.561332,50.030894],[-126.559789,50.026076],[-126.564565,50.021922],[-126.554465,50.018741],[-126.546663,50.011709],[-126.554894,50.002855],[-126.569614,50.000736],[-126.571608,49.99162],[-126.562419,49.988189],[-126.554501,49.979616],[-126.534513,49.981941],[-126.525932,49.979344],[-126.511329,49.957319],[-126.494833,49.964955],[-126.476934,49.949523],[-126.487601,49.944133],[-126.484907,49.939346],[-126.475949,49.938761],[-126.471394,49.934182],[-126.46992,49.929337],[-126.478013,49.92059],[-126.470261,49.918028],[-126.466768,49.913984],[-126.468337,49.910627],[-126.457638,49.90666],[-126.431685,49.917737],[-126.424461,49.917883],[-126.420681,49.917439],[-126.415594,49.910687],[-126.388467,49.908049],[-126.381418,49.909002],[-126.375232,49.915003],[-126.348762,49.920261],[-126.341788,49.923689],[-126.341231,49.92875],[-126.343223,49.933573],[-126.355544,49.940934],[-126.350582,49.947541],[-126.344131,49.950843],[-126.324369,49.953395],[-126.322109,49.960209],[-126.312505,49.964112],[-126.300613,49.975031],[-126.295393,49.977229],[-126.285639,49.976092],[-126.27538,49.987619],[-126.253645,49.9954],[-126.244128,50.005889],[-126.236363,50.007908],[-126.230129,50.014371],[-126.225146,50.014585],[-126.228482,50.020413],[-126.236929,50.021145],[-126.23071,50.025135],[-126.229122,50.0345],[-126.237568,50.043344],[-126.229722,50.055696],[-126.246731,50.058477],[-126.2524,50.065811],[-126.239754,50.071949],[-126.240271,50.078354],[-126.236925,50.081033],[-126.233148,50.082047],[-126.226968,50.079884],[-126.223443,50.082259],[-126.227417,50.087691],[-126.236628,50.089596],[-126.242113,50.097328],[-126.241687,50.10002],[-126.230394,50.105082],[-126.217236,50.107907],[-126.216882,50.111847],[-126.22382,50.117177],[-126.223013,50.12072],[-126.183916,50.122543],[-126.168556,50.119773],[-126.162052,50.121528],[-126.163171,50.12736],[-126.15009,50.144088],[-126.143552,50.144891],[-126.126757,50.140237],[-126.12225,50.146539],[-126.117884,50.146745],[-126.118076,50.153083],[-126.114419,50.153679],[-126.112427,50.157558],[-126.104305,50.157391],[-126.097812,50.159865],[-126.098787,50.165503],[-126.091996,50.168472],[-126.092716,50.179231],[-126.071689,50.179216],[-126.065496,50.177179],[-126.046416,50.179636],[-126.046451,50.187059],[-126.042967,50.191756],[-126.046704,50.194439],[-126.038022,50.197613],[-126.0418,50.208304],[-126.037277,50.208235],[-126.029492,50.213326],[-126.034993,50.216938],[-126.031445,50.223191],[-126.036162,50.22406],[-126.030174,50.230562],[-126.036009,50.234625],[-126.031795,50.236289],[-126.033797,50.243045],[-126.02112,50.25004],[-126.027103,50.255114],[-126.021402,50.266407],[-126.010918,50.269794],[-126.007588,50.274089],[-126.003596,50.272169],[-125.997851,50.274211],[-125.998182,50.279473],[-126.004503,50.280747],[-125.996978,50.290694],[-126.00438,50.294328],[-126.001886,50.299838],[-126.008604,50.306239],[-126.028999,50.306754],[-126.041912,50.312049],[-126.044817,50.317448],[-126.039271,50.320627],[-126.0389,50.328632],[-126.048587,50.330768],[-126.056915,50.336474],[-126.05778,50.339889],[-126.054254,50.343946],[-126.043615,50.347302],[-126.031022,50.341619],[-126.016612,50.341871],[-126.010384,50.344337],[-126.005543,50.342404],[-125.989068,50.344419],[-125.982524,50.349611],[-125.983712,50.354654],[-125.991703,50.361401],[-126.014482,50.370675],[-126.024895,50.369007],[-126.025872,50.382391],[-126.036085,50.391198],[-126.040904,50.390862],[-126.047095,50.393947],[-126.055548,50.402739],[-126.059745,50.40361],[-126.063416,50.399556],[-126.076197,50.395641],[-126.099396,50.39812],[-126.104146,50.400929],[-126.111578,50.398203],[-126.111618,50.469107],[-126.152432,50.472098],[-126.184772,50.479428],[-126.292559,50.492857],[-126.331974,50.501568],[-126.292141,50.530796],[-126.24016,50.532932],[-126.22545,50.535573],[-126.220373,50.540947],[-126.196575,50.539154],[-126.19316,50.543211],[-126.19803,50.557709],[-126.197675,50.57182],[-126.163206,50.58439],[-126.155276,50.591729],[-126.114466,50.597751],[-126.100299,50.60351],[-126.05371,50.615253],[-126.040767,50.614292],[-126.011927,50.618881],[-125.999998,50.625782],[-125.957357,50.631924],[-125.940755,50.636445],[-125.886226,50.636467],[-125.882979,50.634716],[-125.867219,50.645659],[-125.8632,50.6375],[-125.846199,50.620997],[-125.84566,50.617145],[-125.846609,50.610046],[-125.850875,50.608817],[-125.848165,50.580576],[-125.860812,50.576046],[-125.860434,50.570066],[-125.853076,50.575576],[-125.841982,50.576641],[-125.836614,50.572213],[-125.83131,50.574551],[-125.822251,50.571538],[-125.821389,50.566565],[-125.81351,50.568197],[-125.805888,50.573726],[-125.799549,50.574091],[-125.795807,50.585644],[-125.759515,50.604011],[-125.754267,50.602724],[-125.741483,50.607235],[-125.722412,50.608897],[-125.706545,50.60485],[-125.694906,50.605714],[-125.696046,50.59797],[-125.691838,50.596295],[-125.698206,50.595464],[-125.700143,50.592271],[-125.693047,50.589017],[-125.689565,50.579482],[-125.677302,50.578469],[-125.672755,50.575507],[-125.66558,50.582786],[-125.655912,50.581694],[-125.654525,50.58491],[-125.658774,50.586099],[-125.650206,50.598078],[-125.653276,50.604413],[-125.639541,50.606749],[-125.638439,50.608528],[-125.63208,50.601458],[-125.626841,50.602976],[-125.618414,50.600219],[-125.610774,50.609251],[-125.593107,50.610841],[-125.597642,50.625924],[-125.583845,50.639586],[-125.587024,50.643718],[-125.582582,50.650428],[-125.583921,50.667857],[-125.577221,50.669058],[-125.575178,50.673693],[-125.560065,50.683837],[-125.56244,50.687158],[-125.567764,50.687679],[-125.568057,50.691999],[-125.565471,50.698149],[-125.557085,50.70531],[-125.578454,50.712709],[-125.57481,50.724285],[-125.565266,50.730108],[-125.562445,50.735018],[-125.576623,50.745697],[-125.57632,50.753855],[-125.565742,50.764997],[-125.564402,50.777061],[-125.540952,50.780322],[-125.527725,50.779302],[-125.515348,50.78395],[-125.513868,50.789945],[-125.507702,50.793262],[-125.515871,50.798447],[-125.513598,50.801059],[-125.517839,50.805213],[-125.531106,50.80901],[-125.536733,50.82147],[-125.547819,50.829755],[-125.544665,50.833638],[-125.528898,50.837552],[-125.516549,50.835885],[-125.502549,50.847654],[-125.507188,50.858906],[-125.500301,50.869578],[-125.505499,50.879264],[-125.503335,50.88511],[-125.508198,50.895447],[-125.506241,50.899257],[-125.493378,50.903967],[-125.48708,50.910694],[-125.481726,50.90793],[-125.474542,50.908466],[-125.469356,50.915838],[-125.465699,50.915025],[-125.458876,50.921896],[-125.449412,50.925405],[-125.447256,50.930146],[-125.42456,50.934622],[-125.418928,50.942375],[-125.409028,50.942822],[-125.392005,50.938729],[-125.375823,50.939338],[-125.364002,50.941467],[-125.357386,50.946332],[-125.338024,50.953431],[-125.315777,50.955628],[-125.308096,50.954351],[-125.295341,50.959917],[-125.281964,50.959768],[-125.277247,50.956075],[-125.266705,50.959509],[-125.259966,50.959052],[-125.253541,50.962827],[-125.249964,50.970451],[-125.254561,50.985652],[-125.26512,50.989468],[-125.275012,50.999221],[-125.293016,51.003791],[-125.297799,51.010299],[-125.310269,51.014217],[-125.311573,51.021503],[-125.320441,51.026049],[-125.322978,51.033196],[-125.319521,51.04446],[-125.308833,51.047865],[-125.287504,51.049067],[-125.278849,51.047446],[-125.257968,51.05702],[-125.250346,51.051066],[-125.228913,51.06056],[-125.241747,51.063283],[-125.255507,51.074854],[-125.254504,51.088777],[-125.263928,51.087291],[-125.270358,51.091151],[-125.278939,51.089557],[-125.282894,51.096408],[-125.29576,51.099702],[-125.295941,51.104807],[-125.284569,51.11754],[-125.283423,51.125676],[-125.2838,51.134745],[-125.29468,51.147382],[-125.293326,51.149942],[-125.280654,51.157271],[-125.274119,51.158747],[-125.268406,51.156097],[-125.259634,51.160278],[-125.268722,51.167675],[-125.285232,51.169173],[-125.29448,51.1814],[-125.294783,51.190953],[-125.301863,51.19207],[-125.305988,51.197766],[-125.326505,51.19844],[-125.332813,51.202308],[-125.332145,51.209489],[-125.337043,51.211217],[-125.3389,51.215362],[-125.32969,51.216175],[-125.325009,51.226719],[-125.333919,51.230796],[-125.338155,51.239594],[-125.331134,51.248329],[-125.329179,51.256253],[-125.321444,51.256033],[-125.314951,51.26464],[-125.295004,51.262747],[-125.287757,51.268933],[-125.289513,51.27636],[-125.29379,51.279638],[-125.289405,51.28276],[-125.275358,51.280884],[-125.267583,51.286918],[-125.245153,51.291091],[-125.240106,51.296125],[-125.220178,51.300839],[-125.221085,51.307126],[-125.21424,51.309232],[-125.209988,51.317736],[-125.203275,51.321133],[-125.202354,51.326475],[-125.213985,51.329939],[-125.215532,51.337204],[-125.234808,51.347102],[-125.241606,51.362094],[-125.261885,51.371431],[-125.264793,51.375335],[-125.2852,51.38258],[-125.291804,51.381579],[-125.297854,51.386691],[-125.310259,51.385438],[-125.333783,51.390004],[-125.340921,51.393802],[-125.34373,51.4021],[-125.341361,51.40376],[-125.342447,51.41468],[-125.338187,51.423177],[-125.329438,51.428412],[-125.327983,51.434593],[-125.337971,51.441966],[-125.334601,51.44397],[-125.332849,51.452429],[-125.320476,51.451799],[-125.310837,51.457784],[-125.339734,51.474469],[-125.336192,51.483149],[-125.330077,51.484483],[-125.326615,51.481548],[-125.30544,51.47666],[-125.300175,51.473337],[-125.293328,51.47464],[-125.282569,51.486155],[-125.283334,51.494549],[-125.28973,51.500557],[-125.288601,51.505058],[-125.24738,51.511665],[-125.240643,51.515652],[-125.23879,51.520193],[-125.242377,51.525413],[-125.256631,51.527666],[-125.262442,51.532321],[-125.267299,51.53952],[-125.266012,51.544384],[-125.269742,51.54718],[-125.262591,51.552574],[-125.247068,51.558412],[-125.244809,51.561307],[-125.247327,51.567977],[-125.252387,51.569881],[-125.279289,51.56964],[-125.287676,51.573434],[-125.283147,51.580681],[-125.285531,51.596831],[-125.268421,51.600904],[-125.265498,51.608039],[-125.2552,51.615045],[-125.255408,51.618063],[-125.23472,51.623638],[-125.223228,51.631009],[-125.228439,51.639517],[-125.233287,51.642704],[-125.244601,51.643988],[-125.253726,51.654085],[-125.252251,51.658957],[-125.248373,51.660726],[-125.250178,51.667382],[-125.246996,51.672335],[-125.236466,51.674695],[-125.23498,51.6777],[-125.235977,51.684129],[-125.23194,51.689116],[-125.237778,51.690731],[-125.238188,51.694635],[-125.224062,51.70027],[-125.220961,51.703659],[-125.250153,51.711215],[-125.250112,51.714471],[-125.259976,51.718053],[-125.257224,51.729667],[-125.249761,51.733363],[-125.24812,51.739393],[-125.235975,51.745789],[-125.243901,51.757432],[-125.249864,51.758173],[-125.256368,51.764802],[-125.266023,51.766573],[-125.275404,51.772574],[-125.285559,51.770571],[-125.309685,51.776644],[-125.323813,51.773119],[-125.35211,51.77368],[-125.356338,51.776653],[-125.357699,51.784767],[-125.369091,51.78985],[-125.36895,51.794628],[-125.394256,51.802692],[-125.402643,51.80803],[-125.405648,51.813775],[-125.420154,51.817497],[-125.418154,51.824319],[-125.414774,51.826511],[-125.407188,51.826604],[-125.403487,51.831518],[-125.405449,51.836181],[-125.419514,51.840218],[-125.431287,51.84047],[-125.442359,51.835006],[-125.449835,51.840085],[-125.46563,51.839539],[-125.458774,51.850672],[-125.462767,51.862361],[-125.473407,51.863204],[-125.483354,51.878757],[-125.490542,51.885266],[-125.498199,51.886281],[-125.497981,51.895072],[-125.483195,51.91425],[-125.476709,51.915694],[-125.484708,51.921782],[-125.504102,51.920303],[-125.504026,51.925466],[-125.511799,51.924788],[-125.523161,51.937522],[-125.528487,51.938829],[-125.538289,51.928437],[-125.55005,51.922931],[-125.552659,51.914313],[-125.558011,51.915591],[-125.558149,51.917764],[-125.561746,51.918108],[-125.563505,51.915804],[-125.567579,51.91915],[-125.572639,51.913788],[-125.575428,51.913987]]]},"properties":{"id":"RDMW","boundaryCode":"RDMW","boundaryName":"Regional District of Mount Waddington","reportingName":"Mount Waddington","jurisdiction_count":5,"population_2015":11387,"vehicle_idling_population":0,"vehicle_idling_percent":0,"vehicle_idling_band":"0%","vehicle_idling_display":"Regional District of Mount Waddington · 0% covered","vehicle_idling_details":"Vehicle idling: 0% of the regional district population covered (2015 population estimate).\nAlert Bay: no bylaw reported\nMount Waddington RD-uninc: no bylaw reported\nPort Alice: no bylaw reported\nPort Hardy: no bylaw reported\nPort McNeill: no bylaw reported","open_burning_population":3943,"open_burning_percent":34.6,"open_burning_band":"26–50%","open_burning_display":"Regional District of Mount Waddington · 34.6% covered","open_burning_details":"Open burning: 34.6% of the regional district population covered (2015 population estimate).\nAlert Bay: no bylaw reported\nMount Waddington RD-uninc: no bylaw reported\nPort Alice: no bylaw reported\nPort Hardy: bylaw reported\nPort McNeill: no bylaw reported","solid_fuel_population":0,"solid_fuel_percent":0,"solid_fuel_band":"0%","solid_fuel_display":"Regional District of Mount Waddington · 0% covered","solid_fuel_details":"Solid fuel appliance: 0% of the regional district population covered (2015 population estimate).\nAlert Bay: no bylaw reported\nMount Waddington RD-uninc: no bylaw reported\nPort Alice: no bylaw reported\nPort Hardy: no bylaw reported\nPort McNeill: no bylaw reported"},"id":"RDMW"},{"type":"Feature","geometry":{"type":"Polygon","coordinates":[[[-124.966159,49.431825],[-124.966056,49.425643],[-124.95099,49.427489],[-124.948069,49.419377],[-124.941209,49.419391],[-124.94115,49.41577],[-124.935618,49.413935],[-124.935556,49.411228],[-124.926879,49.408632],[-124.929389,49.399556],[-124.917861,49.397734],[-124.919954,49.393895],[-124.911756,49.392157],[-124.911698,49.389472],[-124.895663,49.386933],[-124.895743,49.377358],[-124.867974,49.377085],[-124.862992,49.368638],[-124.867219,49.364004],[-124.866075,49.361687],[-124.849282,49.354712],[-124.844711,49.355772],[-124.834497,49.349348],[-124.834513,49.345587],[-124.826253,49.343729],[-124.826196,49.339192],[-124.822045,49.339189],[-124.822053,49.333761],[-124.813748,49.333755],[-124.813756,49.329232],[-124.80822,49.329228],[-124.808225,49.326514],[-124.800187,49.326559],[-124.80007,49.321791],[-124.79451,49.321838],[-124.794564,49.325434],[-124.783181,49.325489],[-124.783006,49.316444],[-124.773401,49.316545],[-124.773258,49.29864],[-124.763497,49.296805],[-124.758622,49.297515],[-124.758162,49.301307],[-124.75246,49.301168],[-124.752966,49.290382],[-124.747444,49.290231],[-124.748041,49.275773],[-124.715029,49.275094],[-124.715001,49.278702],[-124.703924,49.278695],[-124.703899,49.282306],[-124.698371,49.282303],[-124.698424,49.275088],[-124.692898,49.275087],[-124.692954,49.26788],[-124.687429,49.267877],[-124.687513,49.257069],[-124.676461,49.257041],[-124.676516,49.239093],[-124.673117,49.238961],[-124.673071,49.231689],[-124.667472,49.23166],[-124.667517,49.227994],[-124.661918,49.227964],[-124.661963,49.224298],[-124.67316,49.224356],[-124.673116,49.228023],[-124.678714,49.228051],[-124.6788,49.220833],[-124.67325,49.220805],[-124.673315,49.215334],[-124.689411,49.215342],[-124.689161,49.17065],[-124.672624,49.170685],[-124.665772,49.182018],[-124.660615,49.180937],[-124.658706,49.184853],[-124.652732,49.183602],[-124.656952,49.1731],[-124.646213,49.173109],[-124.640697,49.169493],[-124.635123,49.169499],[-124.635368,49.162784],[-124.62982,49.162624],[-124.630068,49.15898],[-124.591382,49.158511],[-124.591381,49.15127],[-124.595523,49.151265],[-124.595523,49.147644],[-124.59001,49.146741],[-124.59001,49.142444],[-124.58485,49.14151],[-124.588364,49.148108],[-124.581321,49.153863],[-124.568809,49.147734],[-124.567636,49.143965],[-124.555098,49.142968],[-124.552066,49.139785],[-124.551082,49.129345],[-124.54484,49.129186],[-124.533172,49.123574],[-124.53477,49.11971],[-124.541675,49.116104],[-124.541694,49.111582],[-124.536183,49.111573],[-124.533473,49.100716],[-124.537636,49.093488],[-124.532127,49.093479],[-124.532173,49.082627],[-124.528042,49.08262],[-124.527858,49.076671],[-124.51758,49.065596],[-124.517208,49.058305],[-124.519811,49.05658],[-124.517427,49.052914],[-124.505935,49.049578],[-124.507295,49.0532],[-124.504533,49.055004],[-124.482503,49.055861],[-124.475629,49.054037],[-124.472847,49.059458],[-124.463215,49.058531],[-124.464064,49.048757],[-124.45718,49.047858],[-124.45717,49.04243],[-124.469553,49.041514],[-124.477815,49.043315],[-124.48882,49.041493],[-124.488811,49.037874],[-124.483306,49.03788],[-124.48604,49.03064],[-124.494292,49.029725],[-124.494302,49.033344],[-124.501182,49.033335],[-124.499793,49.028814],[-124.502539,49.027001],[-124.495658,49.026105],[-124.49565,49.023391],[-124.48052,49.024313],[-124.483265,49.021596],[-124.464001,49.018902],[-124.468142,49.025231],[-124.46402,49.027949],[-124.469527,49.029753],[-124.458524,49.031567],[-124.455755,49.022516],[-124.458805,49.022108],[-124.459443,49.016175],[-124.45711,49.021663],[-124.437045,49.024349],[-124.429748,49.022395],[-124.418091,49.026144],[-124.409643,49.015492],[-124.40506,49.015672],[-124.400542,49.012551],[-124.398929,49.002334],[-124.391657,48.994073],[-124.392047,48.988938],[-124.384507,48.983229],[-124.371891,48.986019],[-124.374646,48.988807],[-124.381517,48.986992],[-124.382898,48.99061],[-124.387023,48.990607],[-124.385653,48.993323],[-124.381526,48.992421],[-124.380156,48.995137],[-124.374657,48.996046],[-124.374661,48.99876],[-124.340283,48.998779],[-124.338905,48.996208],[-124.331924,48.994499],[-124.329068,49.00062],[-124.322193,49.000622],[-124.32082,49.00786],[-124.315319,49.007861],[-124.315318,49.004242],[-124.311192,49.004243],[-124.311183,48.999817],[-124.304281,48.999817],[-124.304281,48.997003],[-124.29073,48.997004],[-124.293477,49.013673],[-124.28215,49.013672],[-124.282562,49.005296],[-124.277061,49.005295],[-124.277063,49.001676],[-124.282564,49.001677],[-124.282566,48.996248],[-124.275778,48.996181],[-124.275641,48.999816],[-124.25089,48.999816],[-124.2509,48.988929],[-124.245402,48.988927],[-124.245397,48.993451],[-124.234399,48.993446],[-124.234393,48.99797],[-124.239893,48.997973],[-124.239933,49.003473],[-124.234433,49.003472],[-124.233886,49.00709],[-124.227552,49.007086],[-124.227557,49.003467],[-124.204844,49.003451],[-124.204884,49.008527],[-124.172724,49.008556],[-124.172445,49.001397],[-124.12807,49.002168],[-124.121193,49.000994],[-124.11844,48.996586],[-124.10541,48.996586],[-124.104033,48.982586],[-124.101284,48.982586],[-124.101283,48.979872],[-124.095785,48.979871],[-124.082039,48.984393],[-124.082038,48.988917],[-124.087536,48.990728],[-124.087535,48.993442],[-124.082153,48.993441],[-124.083541,49.006147],[-124.08079,49.004361],[-124.062342,49.005629],[-124.06097,49.002009],[-124.051925,49.000196],[-124.051934,49.007977],[-124.064308,49.008886],[-124.06018,49.011599],[-124.038189,49.006158],[-124.035456,49.000739],[-124.038316,48.998702],[-124.034117,48.996883],[-124.020438,48.995135],[-124.016265,48.996963],[-124.018968,49.005217],[-124.02446,49.005215],[-124.027216,49.007927],[-124.024555,49.012429],[-124.030056,49.012424],[-124.030072,49.018757],[-124.037149,49.01875],[-124.03714,49.025402],[-124.023198,49.025285],[-124.015869,49.030238],[-123.994082,49.031674],[-123.986177,49.027401],[-123.959426,49.021097],[-123.954097,49.022561],[-123.953948,49.028879],[-123.935114,49.027774],[-123.930549,49.030913],[-123.927464,49.028601],[-123.921462,49.032064],[-123.892387,49.025062],[-123.88529,49.025111],[-123.885687,49.037217],[-123.864819,49.036893],[-123.867332,49.050123],[-123.864583,49.050112],[-123.864589,49.057415],[-123.726299,49.057319],[-123.742224,49.074214],[-123.735413,49.082492],[-123.72414,49.089171],[-123.705065,49.090628],[-123.706413,49.095145],[-123.733442,49.118932],[-123.731916,49.121936],[-123.715649,49.128471],[-123.698012,49.129287],[-123.68351,49.12231],[-123.430027,49.122566],[-123.441455,49.131298],[-123.476469,49.183819],[-123.558834,49.244324],[-123.624052,49.272494],[-123.677159,49.284833],[-123.714812,49.29751],[-123.774006,49.321507],[-123.845808,49.341515],[-123.91797,49.352262],[-123.975585,49.352985],[-124.039979,49.364683],[-124.087273,49.371486],[-124.147393,49.373247],[-124.212886,49.377997],[-124.252068,49.383245],[-124.324845,49.399343],[-124.399245,49.418041],[-124.47197,49.440158],[-124.485722,49.451006],[-124.490048,49.467637],[-124.706864,49.467637],[-124.723886,49.473499],[-124.747494,49.474012],[-124.756794,49.476127],[-124.757069,49.440751],[-124.734369,49.44076],[-124.734024,49.404939],[-124.82301,49.404879],[-124.823045,49.419329],[-124.856338,49.419454],[-124.858976,49.432535],[-124.902484,49.432396],[-124.915522,49.426909],[-124.923246,49.430579],[-124.937909,49.42718],[-124.947161,49.431921],[-124.966159,49.431825]]]},"properties":{"id":"RDN","boundaryCode":"RDN","boundaryName":"Regional District of Nanaimo","reportingName":"Nanaimo","jurisdiction_count":5,"population_2015":154572,"vehicle_idling_population":8940,"vehicle_idling_percent":5.8,"vehicle_idling_band":"1–25%","vehicle_idling_display":"Regional District of Nanaimo · 5.8% covered","vehicle_idling_details":"Vehicle idling: 5.8% of the regional district population covered (2015 population estimate).\nLantzville: no bylaw reported\nNanaimo: no bylaw reported\nNanaimo RD-uninc: no bylaw reported\nParksville: no bylaw reported\nQualicum Beach: bylaw reported","open_burning_population":21538,"open_burning_percent":13.9,"open_burning_band":"1–25%","open_burning_display":"Regional District of Nanaimo · 13.9% covered","open_burning_details":"Open burning: 13.9% of the regional district population covered (2015 population estimate).\nLantzville: no bylaw reported\nNanaimo: no bylaw reported\nNanaimo RD-uninc: no bylaw reported\nParksville: bylaw reported\nQualicum Beach: bylaw reported","solid_fuel_population":0,"solid_fuel_percent":0,"solid_fuel_band":"0%","solid_fuel_display":"Regional District of Nanaimo · 0% covered","solid_fuel_details":"Solid fuel appliance: 0% of the regional district population covered (2015 population estimate).\nLantzville: no bylaw reported\nNanaimo: no bylaw reported\nNanaimo RD-uninc: no bylaw reported\nParksville: no bylaw reported\nQualicum Beach: no bylaw reported"},"id":"RDN"},{"type":"Feature","geometry":{"type":"Polygon","coordinates":[[[-119.641321,50.401844],[-119.643303,50.3881],[-119.63376,50.376353],[-119.635501,50.372295],[-119.648325,50.370418],[-119.647003,50.361327],[-119.6556,50.360402],[-119.661831,50.363705],[-119.65828,50.356284],[-119.662998,50.353163],[-119.660617,50.351301],[-119.663513,50.347529],[-119.674444,50.348206],[-119.68198,50.344711],[-119.669128,50.335616],[-119.679103,50.33554],[-119.681973,50.333359],[-119.681395,50.328327],[-119.689299,50.327946],[-119.693146,50.323926],[-119.698799,50.32524],[-119.71235,50.32114],[-119.710366,50.31516],[-119.701021,50.310907],[-119.69888,50.306594],[-119.690007,50.307295],[-119.68115,50.30468],[-119.687645,50.289421],[-119.694875,50.287176],[-119.701395,50.288023],[-119.703275,50.282461],[-119.71504,50.274413],[-119.725448,50.260777],[-119.745842,50.262324],[-119.753037,50.25959],[-119.752258,50.251431],[-119.757882,50.242644],[-119.763982,50.238739],[-119.760273,50.235278],[-119.471586,50.234865],[-119.471836,50.231272],[-119.460085,50.231119],[-119.46023,50.190251],[-119.465285,50.188355],[-119.474016,50.178304],[-119.477051,50.15153],[-119.122895,50.151456],[-119.129514,50.146361],[-119.133833,50.149043],[-119.13724,50.14415],[-119.141962,50.142696],[-119.143648,50.135001],[-119.140801,50.130484],[-119.143865,50.124705],[-119.139775,50.120977],[-119.148731,50.113079],[-119.150665,50.104225],[-119.156939,50.098199],[-119.158196,50.100658],[-119.161309,50.100538],[-119.160801,50.096107],[-119.169183,50.09189],[-119.168053,50.087288],[-119.173423,50.077446],[-119.164943,50.073188],[-119.165606,50.065575],[-119.175174,50.062699],[-119.179491,50.058361],[-119.179332,50.052086],[-119.169511,50.05084],[-119.158564,50.052825],[-119.15501,50.050525],[-119.160532,50.047638],[-119.159268,50.042794],[-119.149832,50.041005],[-119.145655,50.0374],[-119.14228,50.037268],[-119.137996,50.041125],[-119.130838,50.036544],[-119.127139,50.037853],[-119.124774,50.03616],[-119.121735,50.039139],[-119.109233,50.040374],[-119.109047,50.050785],[-119.096356,50.050628],[-119.081382,50.045177],[-119.072863,50.044898],[-119.068834,50.047602],[-119.062564,50.045364],[-119.044143,50.045265],[-119.041288,50.043407],[-119.034078,50.04697],[-119.009582,50.048431],[-119.003027,50.045],[-118.992665,50.047173],[-118.989654,50.045194],[-118.987474,50.046527],[-118.972858,50.044699],[-118.972586,50.046232],[-118.968891,50.044694],[-118.962505,50.049346],[-118.953252,50.051687],[-118.950165,50.05548],[-118.937241,50.045416],[-118.925769,50.043889],[-118.917278,50.051525],[-118.902343,50.055214],[-118.890881,50.050732],[-118.883151,50.054159],[-118.875374,50.052837],[-118.861193,50.045599],[-118.862649,50.041552],[-118.85812,50.037076],[-118.830719,50.03644],[-118.829802,50.031122],[-118.818704,50.023075],[-118.813954,50.026343],[-118.808228,50.021584],[-118.801324,50.023131],[-118.797398,50.015195],[-118.799794,50.010949],[-118.810718,50.009339],[-118.811489,50.006071],[-118.825959,50.001221],[-118.825047,49.999607],[-118.818171,50.000075],[-118.813844,49.992641],[-118.806839,49.99314],[-118.806403,49.98879],[-118.799049,49.988383],[-118.803267,49.980762],[-118.803124,49.969343],[-118.797386,49.964734],[-118.801559,49.964831],[-118.80801,49.960593],[-118.808985,49.95126],[-118.818635,49.951603],[-118.823827,49.949486],[-118.845788,49.957813],[-118.85622,49.957178],[-118.862986,49.942235],[-118.869077,49.943551],[-118.874481,49.938537],[-118.88173,49.938112],[-118.906924,49.929533],[-118.906988,49.924108],[-118.911172,49.92385],[-118.911771,49.920992],[-118.905978,49.920382],[-118.897684,49.915661],[-118.900846,49.913891],[-118.901859,49.905635],[-118.908211,49.904271],[-118.90913,49.90109],[-118.931197,49.904421],[-118.928938,49.911682],[-118.932047,49.91629],[-118.956254,49.908265],[-118.954078,49.906449],[-118.965625,49.903744],[-118.964448,49.899455],[-118.968642,49.898808],[-118.96743,49.895033],[-118.973332,49.891349],[-118.969372,49.881506],[-118.976311,49.879275],[-118.986076,49.867918],[-118.989106,49.868163],[-119.002563,49.86015],[-119.005264,49.848689],[-119.015929,49.853121],[-119.024087,49.852041],[-119.026056,49.849893],[-119.022869,49.844875],[-119.029153,49.84579],[-119.033243,49.843128],[-119.031958,49.834047],[-119.043248,49.829055],[-119.04006,49.825998],[-119.0482,49.820853],[-119.050118,49.814595],[-119.055223,49.811978],[-118.313487,49.811974],[-118.314905,49.815415],[-118.332138,49.817976],[-118.332913,49.820551],[-118.376469,49.824294],[-118.379737,49.837019],[-118.377557,49.839573],[-118.384066,49.852735],[-118.378802,49.863103],[-118.384406,49.871449],[-118.367485,49.874987],[-118.35915,49.881004],[-118.359374,49.886699],[-118.353353,49.893691],[-118.359839,49.895545],[-118.375176,49.906449],[-118.376079,49.913382],[-118.380345,49.910849],[-118.408587,49.907941],[-118.41721,49.912601],[-118.417844,49.930799],[-118.41438,49.934194],[-118.422913,49.941774],[-118.41816,49.94473],[-118.421484,49.948319],[-118.418706,49.954343],[-118.420376,49.960871],[-118.412349,49.965763],[-118.4159,49.973839],[-118.431169,49.978781],[-118.441748,49.973406],[-118.464483,49.976677],[-118.471143,49.981219],[-118.472963,49.987204],[-118.469912,50.002846],[-118.450989,50.00336],[-118.452213,50.006287],[-118.446867,50.008736],[-118.438625,50.004747],[-118.431375,50.007327],[-118.431463,50.010762],[-118.450745,50.024914],[-118.489938,50.029085],[-118.497058,50.034394],[-118.399825,50.034399],[-118.399405,50.078962],[-118.389097,50.076379],[-118.380557,50.078325],[-118.383248,50.081486],[-118.37703,50.090833],[-118.349852,50.093823],[-118.341955,50.099914],[-118.295812,50.095806],[-118.29225,50.104636],[-118.29592,50.114156],[-118.29019,50.131657],[-118.296054,50.134812],[-118.280296,50.143144],[-118.276266,50.151465],[-118.278745,50.156365],[-118.251866,50.169744],[-118.261588,50.182672],[-118.253714,50.187621],[-118.253214,50.191325],[-118.242306,50.195109],[-118.24046,50.197614],[-118.24398,50.199887],[-118.2375,50.208048],[-118.249479,50.217268],[-118.249565,50.221634],[-118.257361,50.224027],[-118.260784,50.228173],[-118.266091,50.242766],[-118.262606,50.248327],[-118.269916,50.251566],[-118.268728,50.257665],[-118.272802,50.261967],[-118.274815,50.278478],[-118.267123,50.291667],[-118.267607,50.296174],[-118.26285,50.298942],[-118.253867,50.297457],[-118.253477,50.300263],[-118.248433,50.301733],[-118.258739,50.308454],[-118.261004,50.313029],[-118.261174,50.319816],[-118.256245,50.326436],[-118.262509,50.329004],[-118.257401,50.335103],[-118.267679,50.340082],[-118.279589,50.341382],[-118.299363,50.338833],[-118.306128,50.342598],[-118.299217,50.350464],[-118.299813,50.356557],[-118.291546,50.369889],[-118.298942,50.379526],[-118.294682,50.385276],[-118.283366,50.390329],[-118.280256,50.394393],[-118.267455,50.393958],[-118.256304,50.396858],[-118.253693,50.399795],[-118.275247,50.402959],[-118.269286,50.42622],[-118.270751,50.436723],[-118.218731,50.43558],[-118.20835,50.438773],[-118.209787,50.445203],[-118.20188,50.450775],[-118.202829,50.455973],[-118.207585,50.466266],[-118.22025,50.470773],[-118.221067,50.475443],[-118.211017,50.480908],[-118.195869,50.475489],[-118.191052,50.47656],[-118.186624,50.488266],[-118.176382,50.491012],[-118.171557,50.495414],[-118.174751,50.498767],[-118.187306,50.500366],[-118.196177,50.508035],[-118.209742,50.511572],[-118.211748,50.516093],[-118.204832,50.521489],[-118.203682,50.531181],[-118.216233,50.538602],[-118.210324,50.543573],[-118.210725,50.54723],[-118.204185,50.551507],[-118.199433,50.552788],[-118.189635,50.549381],[-118.181174,50.551995],[-118.178756,50.558054],[-118.183659,50.568895],[-118.177036,50.570854],[-118.178576,50.579146],[-118.162522,50.589685],[-118.168703,50.593597],[-118.167225,50.604002],[-118.169596,50.606612],[-118.163126,50.612278],[-118.173341,50.617978],[-118.180213,50.625587],[-118.181041,50.635285],[-118.199474,50.635033],[-118.199236,50.638022],[-118.20317,50.639654],[-118.199759,50.646206],[-118.206486,50.654819],[-118.186141,50.660397],[-118.173411,50.666536],[-118.18041,50.672371],[-118.200245,50.674174],[-118.213958,50.679608],[-118.214157,50.683491],[-118.208061,50.689175],[-118.202436,50.70177],[-118.213255,50.702854],[-118.208118,50.705183],[-118.207184,50.709031],[-118.209745,50.712834],[-118.207545,50.723874],[-118.211197,50.729401],[-118.206754,50.736449],[-118.227786,50.743654],[-118.235611,50.75273],[-118.243983,50.755159],[-118.243116,50.761619],[-118.25154,50.769342],[-118.247953,50.774902],[-118.252773,50.781703],[-118.257158,50.783356],[-118.257624,50.792821],[-118.261485,50.794461],[-118.254599,50.797467],[-118.26887,50.811108],[-118.269523,50.813547],[-118.258487,50.818082],[-118.274016,50.829992],[-118.267993,50.839356],[-118.277784,50.847343],[-118.283985,50.847617],[-118.287844,50.850515],[-118.294753,50.861977],[-118.292403,50.871773],[-118.286827,50.875629],[-118.283819,50.875183],[-118.283964,50.87873],[-118.266918,50.883039],[-118.265312,50.886195],[-118.271175,50.890556],[-118.270297,50.896986],[-118.274439,50.898695],[-118.280542,50.896042],[-118.285152,50.890061],[-118.309088,50.886737],[-118.320117,50.887638],[-118.326518,50.882215],[-118.336561,50.8826],[-118.34339,50.887094],[-118.349614,50.887957],[-118.356156,50.882629],[-118.373886,50.889482],[-118.382383,50.885386],[-118.398353,50.885585],[-118.404356,50.883705],[-118.414108,50.884739],[-118.422559,50.891947],[-118.433473,50.893133],[-118.443862,50.901695],[-118.451758,50.902685],[-118.473243,50.899967],[-118.477218,50.896889],[-118.487397,50.899142],[-118.491012,50.904016],[-118.510326,50.913673],[-118.520596,50.924559],[-118.539756,50.937279],[-118.540802,50.933614],[-118.544977,50.932486],[-118.553617,50.934227],[-118.569392,50.928467],[-118.579553,50.929742],[-118.581013,50.923706],[-118.588945,50.921808],[-118.599502,50.926781],[-118.610136,50.926482],[-118.61318,50.924381],[-118.618602,50.925655],[-118.618325,50.914381],[-118.61142,50.908282],[-118.615994,50.899191],[-118.612235,50.895962],[-118.622063,50.886854],[-118.626056,50.886799],[-118.638428,50.863007],[-118.625484,50.85524],[-118.632017,50.848664],[-118.638434,50.848538],[-118.651984,50.853159],[-118.664663,50.850667],[-118.671993,50.839905],[-118.665265,50.833594],[-118.663779,50.823816],[-118.672614,50.81556],[-118.703887,50.811617],[-118.713269,50.815869],[-118.718657,50.813361],[-118.722567,50.817638],[-118.722506,50.825497],[-118.740529,50.825493],[-118.752061,50.822863],[-118.761122,50.825598],[-118.776534,50.825947],[-118.781666,50.823799],[-118.783257,50.805421],[-118.810771,50.796058],[-118.81383,50.784552],[-118.827212,50.780638],[-118.831006,50.775722],[-118.829726,50.769077],[-118.836016,50.764572],[-118.851633,50.766465],[-118.860758,50.757077],[-118.878556,50.757059],[-118.881987,50.750364],[-119.181335,50.750796],[-119.184233,50.527841],[-119.308408,50.528426],[-119.308311,50.50037],[-119.296959,50.500355],[-119.29708,50.493145],[-119.263058,50.492879],[-119.263424,50.485442],[-119.29746,50.485607],[-119.298063,50.471518],[-119.330669,50.470693],[-119.330769,50.441354],[-119.319394,50.441272],[-119.319176,50.416108],[-119.446447,50.416345],[-119.446312,50.430941],[-119.52642,50.430964],[-119.526422,50.44544],[-119.583918,50.445313],[-119.583981,50.430836],[-119.6069,50.430817],[-119.607019,50.416346],[-119.62988,50.416308],[-119.630009,50.401859],[-119.641321,50.401844]]]},"properties":{"id":"RDNO","boundaryCode":"RDNO","boundaryName":"Regional District of North Okanagan","reportingName":"North Okanagan","jurisdiction_count":7,"population_2015":84587,"vehicle_idling_population":0,"vehicle_idling_percent":0,"vehicle_idling_band":"0%","vehicle_idling_display":"Regional District of North Okanagan · 0% covered","vehicle_idling_details":"Vehicle idling: 0% of the regional district population covered (2015 population estimate).\nArmstrong: no bylaw reported\nColdstream: no bylaw reported\nEnderby: no bylaw reported\nLumby: no bylaw reported\nNorth Okanagan RD-uninc: no bylaw reported\nSpallumcheen: no bylaw reported\nVernon: no bylaw reported","open_burning_population":65719,"open_burning_percent":77.7,"open_burning_band":"More than 75%","open_burning_display":"Regional District of North Okanagan · 77.7% covered","open_burning_details":"Open burning: 77.7% of the regional district population covered (2015 population estimate).\nArmstrong: bylaw reported\nColdstream: no bylaw reported\nEnderby: no bylaw reported\nLumby: bylaw reported\nNorth Okanagan RD-uninc: bylaw reported\nSpallumcheen: no bylaw reported\nVernon: bylaw reported","solid_fuel_population":42250,"solid_fuel_percent":49.9,"solid_fuel_band":"26–50%","solid_fuel_display":"Regional District of North Okanagan · 49.9% covered","solid_fuel_details":"Solid fuel appliance: 49.9% of the regional district population covered (2015 population estimate).\nArmstrong: no bylaw reported\nColdstream: no bylaw reported\nEnderby: no bylaw reported\nLumby: bylaw reported\nNorth Okanagan RD-uninc: no bylaw reported\nSpallumcheen: no bylaw reported\nVernon: bylaw reported"},"id":"RDNO"},{"type":"Feature","geometry":{"type":"Polygon","coordinates":[[[-120.851348,49.000301],[-120.037291,48.999444],[-119.295053,49.000081],[-119.295114,49.007341],[-119.301296,49.007338],[-119.301289,49.082197],[-119.297433,49.087537],[-119.289647,49.088313],[-119.29203,49.096374],[-119.285607,49.102949],[-119.274274,49.100816],[-119.27819,49.109936],[-119.270511,49.11622],[-119.285134,49.133204],[-119.284159,49.137047],[-119.271838,49.144882],[-119.262723,49.146259],[-119.2538,49.166307],[-119.242482,49.16964],[-119.237416,49.177475],[-119.223116,49.184507],[-119.221023,49.194462],[-119.195246,49.201315],[-119.190177,49.198146],[-119.182895,49.202692],[-119.182658,49.209994],[-119.177626,49.21338],[-119.177901,49.216712],[-119.183714,49.218465],[-119.197159,49.215358],[-119.213587,49.221296],[-119.215893,49.226164],[-119.228918,49.232058],[-119.241316,49.241912],[-119.235467,49.255267],[-119.226885,49.262384],[-119.222758,49.277597],[-119.202253,49.290589],[-119.178393,49.299791],[-119.175109,49.309569],[-119.209208,49.323514],[-119.202248,49.339336],[-119.209096,49.343757],[-119.21652,49.344119],[-119.218606,49.341218],[-119.226336,49.342142],[-119.235969,49.33975],[-119.247853,49.341994],[-119.24931,49.34398],[-119.256568,49.343721],[-119.261443,49.347638],[-119.260418,49.355026],[-119.257339,49.359254],[-119.252381,49.360563],[-119.247868,49.370945],[-119.241972,49.374583],[-119.242981,49.377676],[-119.254639,49.380548],[-119.25925,49.378313],[-119.263767,49.380267],[-119.262734,49.382365],[-119.268911,49.383647],[-119.283302,49.38376],[-119.283881,49.387689],[-119.288619,49.389655],[-119.287482,49.3806],[-119.294747,49.380384],[-119.293675,49.382808],[-119.300807,49.385087],[-119.300987,49.503768],[-119.310517,49.504368],[-119.304367,49.511058],[-119.302351,49.524035],[-119.310348,49.527168],[-119.313082,49.530828],[-119.323503,49.53034],[-119.322853,49.537037],[-119.328733,49.538017],[-119.33248,49.544994],[-119.332991,49.555149],[-119.339239,49.555095],[-119.340675,49.557759],[-119.338092,49.567664],[-119.345466,49.572502],[-119.344294,49.576715],[-119.349764,49.580196],[-119.346187,49.592719],[-119.348983,49.595334],[-119.343862,49.598566],[-119.342875,49.603023],[-119.34504,49.606893],[-119.359555,49.615647],[-119.349501,49.63098],[-119.367851,49.636843],[-119.37408,49.651838],[-119.371014,49.659178],[-119.371707,49.671434],[-119.377245,49.678688],[-119.388961,49.67788],[-119.397843,49.680063],[-119.426014,49.670578],[-119.42829,49.677401],[-119.435195,49.681774],[-119.435653,49.686312],[-119.43931,49.689478],[-119.444539,49.690061],[-119.445147,49.699403],[-119.451607,49.702928],[-119.449746,49.705909],[-119.454786,49.723344],[-119.466545,49.732486],[-119.466434,49.738237],[-119.48241,49.744754],[-119.492504,49.74016],[-119.492549,49.731939],[-119.502121,49.728259],[-119.504906,49.729837],[-119.509948,49.725226],[-119.516513,49.728559],[-119.515416,49.734648],[-119.521522,49.738796],[-119.521518,49.751791],[-119.543767,49.751695],[-119.543847,49.75893],[-119.695507,49.759417],[-119.69539,49.775982],[-119.719552,49.765249],[-119.73695,49.743363],[-119.741575,49.724821],[-119.728951,49.712303],[-119.835743,49.712498],[-119.836248,49.765499],[-119.97812,49.765965],[-119.978126,49.82413],[-119.986493,49.826775],[-119.98973,49.832368],[-119.995542,49.830766],[-119.997043,49.828025],[-120.002,49.827956],[-120.009501,49.833951],[-120.010639,49.838776],[-120.02918,49.852637],[-120.044751,49.857183],[-120.055315,49.85577],[-120.057294,49.850992],[-120.060796,49.849848],[-120.057711,49.845466],[-120.065622,49.843419],[-120.059706,49.840516],[-120.075792,49.834437],[-120.08086,49.834816],[-120.087078,49.843423],[-120.094183,49.845056],[-120.100849,49.842668],[-120.110548,49.842971],[-120.119487,49.844132],[-120.122617,49.849041],[-120.132967,49.847651],[-120.140318,49.85001],[-120.142275,49.853906],[-120.145875,49.854546],[-120.143234,49.860155],[-120.158338,49.860157],[-120.161489,49.858303],[-120.169675,49.862057],[-120.1741,49.855549],[-120.188238,49.855375],[-120.190248,49.859219],[-120.199325,49.862419],[-120.2046,49.8566],[-120.212636,49.85673],[-120.214224,49.8521],[-120.224682,49.846116],[-120.236528,49.844537],[-120.247879,49.846013],[-120.245412,49.852224],[-120.250782,49.863237],[-120.246259,49.87549],[-120.249136,49.879804],[-120.254722,49.880648],[-120.259326,49.8844],[-120.266882,49.881763],[-120.273077,49.894863],[-120.276173,49.893793],[-120.279852,49.896545],[-120.287706,49.888388],[-120.290209,49.900665],[-120.29293,49.901652],[-120.308554,49.897707],[-120.317177,49.901267],[-120.319464,49.910923],[-120.32685,49.91363],[-120.338968,49.912407],[-120.339358,49.909793],[-120.346789,49.907216],[-120.351917,49.909474],[-120.353464,49.904886],[-120.358964,49.906702],[-120.364872,49.901892],[-120.366242,49.897107],[-120.363054,49.896837],[-120.362632,49.893053],[-120.364931,49.889737],[-120.374303,49.887908],[-120.38034,49.879021],[-120.389729,49.874771],[-120.383179,49.868792],[-120.389956,49.865673],[-120.386927,49.859786],[-120.394805,49.854186],[-120.40038,49.853484],[-120.415749,49.841845],[-120.419713,49.841592],[-120.427542,49.832464],[-120.42783,49.825217],[-120.432845,49.819346],[-120.431516,49.814902],[-120.440912,49.810784],[-120.445287,49.811375],[-120.448098,49.80102],[-120.459079,49.801],[-120.459095,49.797244],[-120.467925,49.789763],[-120.480825,49.784491],[-120.476938,49.78265],[-120.478723,49.778989],[-120.490206,49.777444],[-120.489923,49.772562],[-120.589081,49.772566],[-120.589076,49.770007],[-120.601222,49.769984],[-120.601252,49.749359],[-120.693327,49.749929],[-120.693327,49.747733],[-120.761835,49.74927],[-120.762422,49.759854],[-120.772685,49.760004],[-120.772908,49.763339],[-120.831342,49.763354],[-120.831348,49.759737],[-120.917497,49.759748],[-120.926227,49.753302],[-120.914731,49.748121],[-120.916975,49.730099],[-120.931403,49.726921],[-120.933323,49.715954],[-120.948507,49.715882],[-120.959222,49.704605],[-120.962898,49.69157],[-120.972526,49.688446],[-120.968173,49.68112],[-120.956642,49.675867],[-120.960544,49.668635],[-120.959642,49.654397],[-120.963469,49.651019],[-120.957427,49.641791],[-120.967356,49.635867],[-120.965529,49.634171],[-120.969498,49.628006],[-120.961659,49.620277],[-120.960472,49.613986],[-120.969916,49.606937],[-120.974994,49.610514],[-120.982632,49.611414],[-120.992654,49.603025],[-120.989598,49.597557],[-121.004038,49.594042],[-121.016387,49.587089],[-121.025914,49.589987],[-121.037077,49.586993],[-121.042689,49.578146],[-121.037024,49.569702],[-121.038879,49.568627],[-121.033228,49.567776],[-121.032959,49.564847],[-121.037143,49.555689],[-121.035572,49.549707],[-121.044806,49.547318],[-121.048683,49.54266],[-121.045276,49.529317],[-121.053165,49.525552],[-121.067582,49.525282],[-121.078016,49.520141],[-121.08045,49.515738],[-121.07131,49.504098],[-121.073684,49.49598],[-121.062956,49.489692],[-121.054967,49.475596],[-121.048875,49.473898],[-121.060567,49.469079],[-121.068704,49.469248],[-121.073982,49.473646],[-121.090202,49.471578],[-121.086964,49.46646],[-121.079821,49.464524],[-121.078669,49.457273],[-121.085578,49.453861],[-121.090365,49.440651],[-121.099694,49.440645],[-121.099682,49.353827],[-121.075074,49.353807],[-121.085652,49.34773],[-121.095901,49.351192],[-121.098105,49.347234],[-121.094363,49.345364],[-121.091619,49.338356],[-121.080088,49.327955],[-121.054712,49.333699],[-121.042841,49.329408],[-121.039917,49.322971],[-121.043101,49.320066],[-121.025982,49.303888],[-121.021459,49.302776],[-121.009402,49.306224],[-121.007147,49.311276],[-120.998218,49.313117],[-120.999662,49.30124],[-120.993966,49.294133],[-120.997398,49.29261],[-121.001031,49.279979],[-121.000279,49.27715],[-120.987879,49.274182],[-120.975721,49.27182],[-120.964142,49.2749],[-120.962727,49.278878],[-120.94438,49.270376],[-120.941571,49.271135],[-120.934893,49.274677],[-120.935141,49.279279],[-120.929798,49.282456],[-120.92332,49.293348],[-120.924972,49.295173],[-120.90884,49.302591],[-120.907549,49.306769],[-120.895102,49.31087],[-120.887135,49.310562],[-120.878051,49.3023],[-120.869735,49.303245],[-120.859136,49.296256],[-120.849643,49.298511],[-120.847339,49.296467],[-120.836332,49.297459],[-120.836335,49.295202],[-120.830792,49.296438],[-120.813903,49.292971],[-120.810771,49.290402],[-120.813873,49.288191],[-120.813012,49.283589],[-120.822058,49.283337],[-120.822691,49.275207],[-120.815585,49.258655],[-120.821032,49.250122],[-120.826222,49.252424],[-120.838313,49.252744],[-120.848314,49.245632],[-120.845505,49.240703],[-120.849535,49.234928],[-120.845595,49.223477],[-120.84793,49.220012],[-120.855954,49.218974],[-120.854826,49.214257],[-120.865904,49.205775],[-120.872362,49.205307],[-120.892002,49.210651],[-120.89099,49.195393],[-120.897418,49.190769],[-120.882051,49.178739],[-120.897293,49.171038],[-120.878254,49.158197],[-120.873742,49.151322],[-120.862993,49.14395],[-120.865209,49.140878],[-120.855333,49.133966],[-120.864443,49.126056],[-120.865476,49.11967],[-120.873291,49.1147],[-120.885013,49.116095],[-120.895292,49.112427],[-120.911074,49.118075],[-120.92054,49.117318],[-120.929169,49.108776],[-120.936325,49.108715],[-120.944017,49.104627],[-120.956158,49.10394],[-120.957987,49.105509],[-120.966073,49.102712],[-120.965167,49.096713],[-120.950069,49.092101],[-120.948895,49.088985],[-120.921406,49.086316],[-120.914681,49.079673],[-120.904387,49.076205],[-120.898375,49.07836],[-120.891197,49.077437],[-120.884121,49.067682],[-120.886263,49.061406],[-120.881116,49.049475],[-120.86692,49.047942],[-120.838566,49.05731],[-120.826482,49.057287],[-120.823422,49.055523],[-120.818161,49.047192],[-120.829485,49.038589],[-120.830518,49.032761],[-120.826427,49.026179],[-120.831568,49.020878],[-120.831572,49.011675],[-120.835866,49.01052],[-120.848626,49.013192],[-120.84829,49.004881],[-120.851348,49.000301]]]},"properties":{"id":"RDOS","boundaryCode":"RDOS","boundaryName":"Regional District of Okanagan-Similkameen","reportingName":"Okanagan-Similkameen","jurisdiction_count":7,"population_2015":81841,"vehicle_idling_population":4796,"vehicle_idling_percent":5.9,"vehicle_idling_band":"1–25%","vehicle_idling_display":"Regional District of Okanagan-Similkameen · 5.9% covered","vehicle_idling_details":"Vehicle idling: 5.9% of the regional district population covered (2015 population estimate).\nKeremeos: no bylaw reported\nOkanagan-Similkameen RD-uninc: no bylaw reported\nOliver: no bylaw reported\nOsoyoos: bylaw reported\nPenticton: no bylaw reported\nPrinceton: no bylaw reported\nSummerland: no bylaw reported","open_burning_population":64347,"open_burning_percent":78.6,"open_burning_band":"More than 75%","open_burning_display":"Regional District of Okanagan-Similkameen · 78.6% covered","open_burning_details":"Open burning: 78.6% of the regional district population covered (2015 population estimate).\nKeremeos: no bylaw reported\nOkanagan-Similkameen RD-uninc: bylaw reported\nOliver: bylaw reported\nOsoyoos: no bylaw reported\nPenticton: bylaw reported\nPrinceton: bylaw reported\nSummerland: no bylaw reported","solid_fuel_population":0,"solid_fuel_percent":0,"solid_fuel_band":"0%","solid_fuel_display":"Regional District of Okanagan-Similkameen · 0% covered","solid_fuel_details":"Solid fuel appliance: 0% of the regional district population covered (2015 population estimate).\nKeremeos: no bylaw reported\nOkanagan-Similkameen RD-uninc: no bylaw reported\nOliver: no bylaw reported\nOsoyoos: no bylaw reported\nPenticton: no bylaw reported\nPrinceton: no bylaw reported\nSummerland: no bylaw reported"},"id":"RDOS"},{"type":"Feature","geometry":{"type":"Polygon","coordinates":[[[-123.68505,50.879397],[-123.68934,50.869831],[-123.698527,50.860036],[-123.702345,50.849462],[-123.70893,50.846538],[-123.718818,50.847855],[-123.724052,50.831145],[-123.72895,50.830497],[-123.730849,50.840243],[-123.737696,50.841207],[-123.765774,50.839425],[-123.784177,50.831328],[-123.787833,50.832821],[-123.792041,50.830581],[-123.79878,50.83113],[-123.816209,50.834848],[-123.82729,50.834068],[-123.826018,50.832706],[-123.830308,50.830828],[-123.830525,50.822161],[-123.81085,50.817151],[-123.806579,50.806533],[-123.792975,50.796032],[-123.796387,50.793086],[-123.804258,50.794046],[-123.813207,50.791831],[-123.817537,50.785801],[-123.822389,50.784677],[-123.823104,50.779366],[-123.832248,50.779841],[-123.837313,50.776199],[-123.83759,50.77081],[-123.842411,50.768653],[-123.843327,50.754707],[-123.833657,50.742627],[-123.842129,50.73865],[-123.841864,50.736057],[-123.839305,50.73185],[-123.824588,50.722571],[-123.823295,50.718293],[-123.829356,50.714995],[-123.82202,50.700496],[-123.814549,50.717185],[-123.805176,50.712734],[-123.802258,50.716706],[-123.792904,50.715491],[-123.790456,50.721238],[-123.781137,50.723389],[-123.77366,50.718706],[-123.766274,50.720136],[-123.746538,50.713459],[-123.735109,50.706301],[-123.730566,50.699216],[-123.730621,50.692989],[-123.738121,50.684366],[-123.739879,50.671036],[-123.755286,50.652267],[-123.750585,50.641326],[-123.757404,50.634319],[-123.759032,50.612547],[-123.766405,50.609657],[-123.764182,50.602871],[-123.759471,50.601186],[-123.756296,50.585336],[-123.745261,50.581861],[-123.747468,50.579501],[-123.756776,50.577977],[-123.759436,50.570069],[-123.75557,50.564959],[-123.7458,50.55963],[-123.748275,50.546516],[-123.743318,50.543679],[-123.758091,50.535868],[-123.765321,50.534938],[-123.767537,50.536704],[-123.791226,50.533965],[-123.804002,50.536809],[-123.807016,50.531204],[-123.816175,50.530703],[-123.828435,50.526311],[-123.829625,50.522923],[-123.83285,50.524204],[-123.835862,50.522591],[-123.838949,50.514723],[-123.853975,50.514383],[-123.864731,50.517937],[-123.870684,50.524732],[-123.880963,50.526993],[-123.882238,50.529327],[-123.885431,50.528097],[-123.893266,50.535043],[-123.896156,50.53381],[-123.896067,50.527944],[-123.902965,50.530703],[-123.908945,50.522335],[-123.912842,50.521514],[-123.922008,50.529891],[-123.934275,50.532311],[-123.939292,50.527019],[-123.952944,50.522546],[-123.956887,50.518026],[-123.980322,50.516914],[-123.998525,50.504891],[-124.005303,50.50429],[-124.010064,50.490164],[-124.002827,50.484606],[-123.995561,50.47223],[-123.982409,50.480184],[-123.968489,50.480924],[-123.966377,50.476406],[-123.959827,50.47411],[-123.954003,50.467335],[-123.957018,50.463092],[-123.953354,50.459164],[-123.9414,50.456394],[-123.935199,50.449348],[-123.947363,50.427638],[-123.953108,50.424893],[-123.950155,50.422264],[-123.95123,50.417734],[-123.962149,50.408342],[-123.95581,50.407897],[-123.951466,50.404539],[-123.942985,50.406193],[-123.932071,50.404594],[-123.924053,50.400734],[-123.921464,50.394632],[-123.92815,50.385397],[-123.921936,50.382256],[-123.920929,50.370118],[-123.914462,50.365593],[-123.912604,50.360337],[-123.908393,50.347046],[-123.902801,50.345736],[-123.896135,50.339879],[-123.876784,50.332993],[-123.877092,50.328368],[-123.886678,50.319508],[-123.875055,50.313739],[-123.867959,50.300547],[-123.865066,50.301799],[-123.854178,50.297852],[-123.848179,50.302348],[-123.835013,50.286623],[-123.830108,50.287312],[-123.811814,50.282803],[-123.789832,50.269113],[-123.776109,50.266579],[-123.774359,50.26249],[-123.765563,50.260821],[-123.764235,50.255664],[-123.755929,50.248662],[-123.758186,50.245076],[-123.746938,50.239375],[-123.733348,50.238644],[-123.732655,50.240114],[-123.723579,50.233479],[-123.723769,50.230258],[-123.71077,50.234826],[-123.701477,50.233267],[-123.698378,50.229361],[-123.701987,50.222091],[-123.714469,50.211231],[-123.72957,50.204266],[-123.731168,50.200667],[-123.725723,50.196393],[-123.705579,50.189016],[-123.689023,50.20284],[-123.685216,50.202144],[-123.677971,50.207052],[-123.670144,50.208786],[-123.655403,50.209691],[-123.65109,50.200694],[-123.652708,50.19753],[-123.646478,50.193255],[-123.648739,50.187495],[-123.64479,50.183414],[-123.643849,50.173816],[-123.638871,50.173795],[-123.630236,50.180955],[-123.61259,50.173706],[-123.605023,50.176557],[-123.594114,50.176992],[-123.582552,50.172592],[-123.583761,50.159855],[-123.58077,50.154991],[-123.586779,50.150716],[-123.587764,50.145661],[-123.59851,50.13962],[-123.595491,50.135373],[-123.597984,50.129919],[-123.591064,50.12588],[-123.591353,50.119382],[-123.604665,50.108281],[-123.594872,50.096711],[-123.602698,50.094215],[-123.62453,50.096978],[-123.645282,50.08573],[-123.650167,50.08519],[-123.637883,50.072756],[-123.629871,50.071388],[-123.629602,50.068943],[-123.617966,50.061658],[-123.615221,50.055664],[-123.62545,50.049467],[-123.638846,50.04952],[-123.632126,50.043724],[-123.630744,50.038816],[-123.638514,50.037145],[-123.642359,50.033338],[-123.630548,50.014297],[-123.635397,50.002032],[-123.619705,50.004626],[-123.61831,50.00904],[-123.604915,50.013761],[-123.602089,50.000905],[-123.605968,49.995344],[-123.600928,49.986107],[-123.599996,49.97629],[-123.587386,49.971471],[-123.599391,49.955606],[-123.606485,49.954382],[-123.610406,49.944702],[-123.608835,49.941715],[-123.619358,49.93092],[-123.602654,49.923273],[-123.596863,49.923654],[-123.589187,49.920257],[-123.580479,49.925276],[-123.570276,49.919756],[-123.5504,49.92105],[-123.553853,49.912418],[-123.565123,49.906634],[-123.569043,49.901227],[-123.567684,49.890017],[-123.572224,49.8853],[-123.568188,49.880616],[-123.584463,49.862466],[-123.578619,49.846116],[-123.567229,49.846317],[-123.556669,49.84],[-123.550305,49.839284],[-123.547943,49.84801],[-123.552133,49.8581],[-123.548052,49.876103],[-123.526505,49.882333],[-123.528349,49.886723],[-123.523765,49.890117],[-123.508408,49.896361],[-123.486745,49.9094],[-123.471061,49.909125],[-123.46586,49.905708],[-123.453192,49.907791],[-123.449852,49.9025],[-123.441732,49.898823],[-123.423185,49.897165],[-123.427418,49.894065],[-123.426366,49.890012],[-123.412502,49.873935],[-123.401589,49.88045],[-123.391143,49.869242],[-123.384442,49.869643],[-123.374161,49.863164],[-123.356162,49.864058],[-123.353928,49.856524],[-123.340149,49.854437],[-123.334115,49.848833],[-123.325,49.846143],[-123.332963,49.835093],[-123.330452,49.831337],[-123.332309,49.82074],[-123.328967,49.815856],[-123.317053,49.809351],[-123.311283,49.800354],[-123.312263,49.797176],[-123.301996,49.792922],[-123.3061,49.787092],[-123.304161,49.781404],[-123.299847,49.780129],[-123.299961,49.776009],[-123.293664,49.775418],[-123.285079,49.767799],[-123.275714,49.769323],[-123.26636,49.767825],[-123.275448,49.764017],[-123.279122,49.758216],[-123.272909,49.751935],[-123.276271,49.742698],[-123.287073,49.745676],[-123.296436,49.745419],[-123.305999,49.742327],[-123.314568,49.745443],[-123.33651,49.744905],[-123.332784,49.73182],[-123.319048,49.721532],[-123.324522,49.708205],[-123.331951,49.707411],[-123.338305,49.701018],[-123.337064,49.692753],[-123.347049,49.687129],[-123.347236,49.684205],[-123.357021,49.68139],[-123.371525,49.682565],[-123.372345,49.676586],[-123.371462,49.6725],[-123.359978,49.669379],[-123.344233,49.659344],[-123.336187,49.657991],[-123.333446,49.652279],[-123.335451,49.647623],[-123.321064,49.642294],[-123.320254,49.632717],[-123.307064,49.625197],[-123.299718,49.61042],[-123.304901,49.606203],[-123.310837,49.591299],[-123.276082,49.591387],[-123.275799,49.584625],[-123.246753,49.584625],[-123.256465,49.573488],[-123.267551,49.569438],[-123.27761,49.562417],[-123.269852,49.548121],[-123.274523,49.540631],[-123.272754,49.522691],[-123.286941,49.503487],[-123.291081,49.485407],[-123.098287,49.482938],[-123.098286,49.546208],[-122.916908,49.546208],[-122.922289,49.553341],[-122.93946,49.564846],[-122.94031,49.569968],[-122.803962,49.569817],[-122.814463,49.574006],[-122.813928,49.579252],[-122.830213,49.591105],[-122.831064,49.593145],[-122.825408,49.596024],[-122.836722,49.601815],[-122.836948,49.604514],[-122.847817,49.607785],[-122.847064,49.614035],[-122.820187,49.612188],[-122.818964,49.615979],[-122.803111,49.62303],[-122.804933,49.626141],[-122.818658,49.628937],[-122.813485,49.634718],[-122.825017,49.639548],[-122.82139,49.64673],[-122.827094,49.651685],[-122.827964,49.656328],[-122.844369,49.660462],[-122.853271,49.667489],[-122.840788,49.679165],[-122.826163,49.683318],[-122.820526,49.689659],[-122.811967,49.690779],[-122.815173,49.697341],[-122.809101,49.700506],[-122.806196,49.709115],[-122.822667,49.714587],[-122.823941,49.719158],[-122.828347,49.720651],[-122.829355,49.728087],[-122.847872,49.740985],[-122.852744,49.740848],[-122.844246,49.746476],[-122.859752,49.760392],[-122.859447,49.766592],[-122.850332,49.774733],[-122.858486,49.779485],[-122.864147,49.777658],[-122.870342,49.786806],[-122.874293,49.812747],[-122.869034,49.819775],[-122.874595,49.82507],[-122.881332,49.827352],[-122.90242,49.822263],[-122.915714,49.831068],[-122.936568,49.829707],[-122.953286,49.834276],[-122.960008,49.833001],[-122.965851,49.836642],[-122.97882,49.837512],[-122.990171,49.847599],[-122.997566,49.850897],[-123.004674,49.850951],[-122.986855,49.868214],[-122.985071,49.87683],[-122.967873,49.885253],[-122.963838,49.89929],[-122.951332,49.901992],[-122.948912,49.908083],[-122.939443,49.910019],[-122.930922,49.916278],[-122.910473,49.910679],[-122.900502,49.896509],[-122.885298,49.892571],[-122.874842,49.898428],[-122.873185,49.901974],[-122.865897,49.903607],[-122.856075,49.918939],[-122.850555,49.917256],[-122.828968,49.917568],[-122.82136,49.914254],[-122.805979,49.916393],[-122.79521,49.926637],[-122.790752,49.936307],[-122.78492,49.93165],[-122.775278,49.928633],[-122.767302,49.935749],[-122.770343,49.940873],[-122.76662,49.946079],[-122.757727,49.944463],[-122.748424,49.950172],[-122.736183,49.953403],[-122.713706,49.950272],[-122.707234,49.960854],[-122.690432,49.971285],[-122.677648,49.972905],[-122.670574,49.97955],[-122.685238,49.993676],[-122.684556,50.00001],[-122.687714,50.000848],[-122.680338,50.008817],[-122.680908,50.023885],[-122.703389,50.020913],[-122.720555,50.02413],[-122.744762,50.01628],[-122.74923,50.02138],[-122.754161,50.0206],[-122.763723,50.023497],[-122.763435,50.033849],[-122.792293,50.041297],[-122.791388,50.045937],[-122.78596,50.049075],[-122.793097,50.055653],[-122.800413,50.0567],[-122.803776,50.067876],[-122.801192,50.081102],[-122.805673,50.089357],[-122.805154,50.093287],[-122.795514,50.098637],[-122.78165,50.118527],[-122.792153,50.131857],[-122.783379,50.132003],[-122.782632,50.136418],[-122.768789,50.140051],[-122.763051,50.134445],[-122.755002,50.138908],[-122.749224,50.13935],[-122.743675,50.136401],[-122.739586,50.141839],[-122.718506,50.147352],[-122.704162,50.144941],[-122.695844,50.147879],[-122.689962,50.144176],[-122.683918,50.145241],[-122.6762,50.143202],[-122.670376,50.143976],[-122.664988,50.149442],[-122.658758,50.150516],[-122.654877,50.149788],[-122.660758,50.14547],[-122.660654,50.136467],[-122.656123,50.131489],[-122.639131,50.127408],[-122.638896,50.123971],[-122.260069,50.123938],[-122.278115,50.138212],[-122.277668,50.141587],[-122.272689,50.14412],[-122.273674,50.146581],[-122.292224,50.15598],[-122.291334,50.161],[-122.298608,50.172916],[-122.306331,50.175303],[-122.313248,50.172446],[-122.316026,50.175034],[-122.318276,50.187162],[-122.303195,50.192865],[-122.301005,50.200586],[-122.295726,50.2022],[-122.284676,50.201129],[-122.277133,50.204901],[-122.278883,50.214302],[-122.271271,50.218059],[-122.272047,50.223298],[-122.275678,50.225083],[-122.288828,50.224184],[-122.303284,50.229776],[-122.29754,50.239032],[-122.304297,50.249757],[-122.29366,50.255791],[-122.280954,50.25646],[-122.274429,50.260268],[-122.266107,50.258615],[-122.260945,50.260107],[-122.247741,50.271719],[-122.235019,50.275242],[-122.238174,50.280722],[-122.237019,50.28621],[-122.24816,50.290941],[-122.251538,50.301153],[-122.248548,50.306449],[-122.2387,50.311938],[-122.240038,50.314881],[-122.244822,50.315589],[-122.242796,50.321998],[-122.216388,50.325792],[-122.215082,50.332939],[-122.206194,50.334809],[-122.201656,50.338397],[-122.193244,50.338941],[-122.180235,50.334605],[-122.173758,50.335396],[-122.167388,50.346934],[-122.154656,50.350233],[-122.154529,50.354756],[-122.146309,50.360047],[-122.151511,50.368683],[-122.164601,50.372807],[-122.155057,50.376581],[-122.151282,50.384672],[-122.141054,50.387115],[-122.138872,50.394186],[-122.131611,50.400437],[-122.134641,50.406341],[-122.119946,50.414883],[-122.121357,50.419209],[-122.132479,50.42612],[-122.131068,50.430156],[-122.122033,50.432967],[-122.109634,50.430354],[-122.104958,50.432758],[-122.093579,50.433549],[-122.073669,50.42536],[-122.061501,50.425812],[-122.04866,50.431508],[-122.044086,50.420193],[-122.025859,50.417353],[-122.010453,50.411575],[-121.999311,50.415347],[-121.969456,50.417352],[-121.965557,50.413468],[-121.968104,50.411542],[-121.967056,50.406182],[-121.955881,50.401609],[-121.949846,50.405971],[-121.930155,50.407374],[-121.928128,50.414272],[-121.920101,50.416905],[-121.921131,50.41928],[-121.907032,50.420878],[-121.883287,50.419552],[-121.871426,50.42228],[-121.864931,50.430143],[-121.868921,50.437608],[-121.854421,50.450237],[-121.86307,50.460817],[-121.85725,50.469619],[-121.852456,50.474442],[-121.842183,50.478256],[-121.840296,50.484412],[-121.832445,50.487771],[-121.824995,50.504832],[-121.807407,50.518141],[-121.784663,50.517906],[-121.784533,50.531143],[-121.776072,50.53111],[-121.776803,50.535376],[-121.77095,50.536033],[-121.770726,50.539647],[-121.767889,50.539573],[-121.76735,50.546828],[-121.76191,50.54683],[-121.76191,50.575905],[-121.764781,50.575905],[-121.764781,50.750761],[-121.741993,50.750761],[-121.741993,50.794398],[-121.719166,50.794398],[-121.719166,50.83788],[-121.696315,50.837904],[-121.69626,50.852288],[-121.673043,50.852286],[-121.673043,50.881641],[-121.650178,50.881641],[-121.650178,50.896218],[-121.62729,50.896218],[-121.62729,50.997756],[-121.91583,50.9978],[-121.914272,50.987246],[-122.194759,50.987312],[-122.186668,50.990857],[-122.171326,50.989823],[-122.165414,50.992982],[-122.160052,51.004239],[-122.151179,51.006989],[-122.15928,51.015429],[-122.169852,51.018949],[-122.192612,51.014531],[-122.205772,51.016942],[-122.208368,51.020232],[-122.22273,51.021624],[-122.230802,51.025859],[-122.226532,51.03307],[-122.229321,51.035147],[-122.237006,51.035333],[-122.248571,51.041621],[-122.263839,51.034675],[-122.276966,51.04011],[-122.284087,51.03894],[-122.28989,51.041963],[-122.304903,51.041386],[-122.307899,51.043265],[-122.305032,51.050883],[-122.308563,51.060993],[-122.314615,51.060858],[-122.319174,51.063322],[-122.32822,51.061458],[-122.344744,51.065608],[-122.362046,51.072154],[-122.37302,51.079333],[-122.373925,51.08387],[-122.364611,51.090501],[-122.372258,51.100461],[-122.369399,51.103791],[-122.375589,51.106363],[-122.377256,51.112232],[-122.381331,51.110905],[-122.389142,51.113329],[-122.398699,51.111175],[-122.403243,51.113267],[-122.420421,51.113919],[-122.439945,51.10843],[-122.44938,51.110301],[-122.457137,51.109051],[-122.472309,51.12273],[-122.479723,51.124171],[-122.47722,51.13826],[-122.467683,51.142272],[-122.462403,51.151366],[-122.471854,51.15381],[-122.472866,51.15812],[-122.477844,51.159017],[-122.484792,51.174586],[-122.497771,51.172907],[-122.507456,51.168722],[-122.510337,51.170919],[-122.503129,51.178748],[-122.513472,51.182892],[-122.514697,51.188823],[-122.507251,51.196049],[-122.51117,51.197621],[-122.515495,51.205507],[-122.529896,51.209702],[-122.548122,51.204338],[-122.554528,51.188091],[-122.564644,51.177474],[-122.583869,51.177687],[-122.594611,51.172516],[-122.591051,51.167956],[-122.598476,51.159511],[-122.602937,51.146245],[-122.595865,51.142462],[-122.594916,51.136887],[-122.601941,51.129138],[-122.6092,51.129171],[-122.613588,51.126281],[-122.610278,51.11937],[-122.599513,51.110767],[-122.579191,51.110057],[-122.583206,51.099996],[-122.579314,51.096569],[-122.597866,51.092438],[-122.60671,51.094219],[-122.615693,51.08558],[-122.616133,51.078945],[-122.628297,51.082144],[-122.638747,51.087964],[-122.657344,51.09284],[-122.659192,51.09013],[-122.667688,51.090784],[-122.670159,51.094028],[-122.674525,51.094472],[-122.685145,51.105607],[-122.698672,51.112279],[-122.704128,51.119046],[-122.697325,51.12154],[-122.695389,51.124788],[-122.701869,51.125946],[-122.708787,51.132501],[-122.72357,51.13657],[-122.721477,51.145088],[-122.723647,51.149856],[-122.731283,51.154649],[-122.753621,51.153075],[-122.766146,51.142863],[-122.778301,51.141952],[-122.791997,51.147681],[-122.802833,51.147016],[-122.810284,51.14404],[-122.823709,51.143782],[-122.834754,51.149311],[-122.833138,51.15331],[-122.85355,51.159812],[-122.857157,51.158719],[-122.862532,51.164031],[-122.878327,51.161816],[-122.886654,51.17179],[-122.903043,51.175802],[-122.913205,51.182443],[-122.921269,51.181216],[-122.92863,51.183422],[-122.929564,51.186122],[-122.946064,51.192749],[-122.976015,51.193937],[-122.988851,51.195827],[-122.992915,51.198543],[-122.997638,51.196691],[-123.003507,51.199595],[-123.033076,51.199222],[-123.054772,51.209726],[-123.066684,51.210304],[-123.070569,51.185546],[-123.050975,51.180035],[-123.051295,51.172499],[-123.057399,51.16907],[-123.057392,51.163477],[-123.041637,51.153727],[-123.059349,51.139296],[-123.069658,51.141341],[-123.075416,51.139617],[-123.070528,51.130729],[-123.077271,51.131933],[-123.082216,51.129436],[-123.101531,51.139591],[-123.107293,51.140107],[-123.124088,51.13456],[-123.138911,51.135038],[-123.139008,51.129256],[-123.148953,51.124541],[-123.149769,51.120421],[-123.155116,51.117159],[-123.155546,51.114347],[-123.149529,51.112338],[-123.155199,51.107807],[-123.15482,51.096999],[-123.163978,51.085971],[-123.172907,51.079708],[-123.180637,51.077736],[-123.181026,51.071477],[-123.19548,51.070239],[-123.206793,51.072315],[-123.21058,51.067003],[-123.222083,51.064423],[-123.222533,51.05976],[-123.229756,51.060178],[-123.23851,51.055997],[-123.2378,51.051052],[-123.250736,51.04328],[-123.256661,51.035608],[-123.252759,51.031399],[-123.258064,51.026217],[-123.254023,51.022674],[-123.254913,51.013437],[-123.246734,51.008598],[-123.246208,51.004137],[-123.241566,51.001586],[-123.243712,51.000358],[-123.262647,50.997053],[-123.274428,50.998815],[-123.283542,50.99544],[-123.293339,50.995724],[-123.298838,50.991777],[-123.299343,50.986138],[-123.316275,50.98014],[-123.324336,50.981902],[-123.326135,50.993413],[-123.332055,50.994323],[-123.363658,50.990371],[-123.367168,50.996421],[-123.37742,51.001265],[-123.386287,51.011224],[-123.388432,51.010407],[-123.384136,51.00448],[-123.386821,50.996117],[-123.401394,50.988952],[-123.406634,50.982558],[-123.407608,50.975046],[-123.412695,50.971488],[-123.416048,50.971149],[-123.416192,50.976104],[-123.421876,50.97893],[-123.422389,50.984031],[-123.430167,50.982375],[-123.448302,50.991308],[-123.45053,50.980032],[-123.458732,50.972015],[-123.459675,50.964152],[-123.465497,50.963958],[-123.472132,50.959588],[-123.481645,50.964923],[-123.491441,50.966432],[-123.504528,50.962421],[-123.517273,50.944577],[-123.514851,50.939138],[-123.525443,50.933155],[-123.532238,50.934147],[-123.536395,50.930129],[-123.547372,50.930645],[-123.558981,50.928045],[-123.578378,50.932779],[-123.587201,50.928302],[-123.589036,50.923697],[-123.599602,50.915465],[-123.611128,50.895185],[-123.618683,50.893364],[-123.629543,50.89416],[-123.641418,50.900562],[-123.652261,50.900363],[-123.656902,50.902346],[-123.665657,50.898007],[-123.666644,50.883451],[-123.664368,50.882385],[-123.66884,50.876673],[-123.673148,50.876112],[-123.677074,50.880208],[-123.68505,50.879397]]]},"properties":{"id":"SLRD","boundaryCode":"SLRD","boundaryName":"Squamish-Lillooet Regional District","reportingName":"Squamish-Lillooet","jurisdiction_count":5,"population_2015":40378,"vehicle_idling_population":28830,"vehicle_idling_percent":71.4,"vehicle_idling_band":"51–75%","vehicle_idling_display":"Squamish-Lillooet Regional District · 71.4% covered","vehicle_idling_details":"Vehicle idling: 71.4% of the regional district population covered (2015 population estimate).\nLillooet: no bylaw reported\nPemberton: no bylaw reported\nSquamish: bylaw reported\nSquamish-Lillooet RD-uninc: no bylaw reported\nWhistler: bylaw reported","open_burning_population":9135,"open_burning_percent":22.6,"open_burning_band":"1–25%","open_burning_display":"Squamish-Lillooet Regional District · 22.6% covered","open_burning_details":"Open burning: 22.6% of the regional district population covered (2015 population estimate).\nLillooet: no bylaw reported\nPemberton: bylaw reported\nSquamish: no bylaw reported\nSquamish-Lillooet RD-uninc: bylaw reported\nWhistler: no bylaw reported","solid_fuel_population":18469,"solid_fuel_percent":45.7,"solid_fuel_band":"26–50%","solid_fuel_display":"Squamish-Lillooet Regional District · 45.7% covered","solid_fuel_details":"Solid fuel appliance: 45.7% of the regional district population covered (2015 population estimate).\nLillooet: no bylaw reported\nPemberton: no bylaw reported\nSquamish: bylaw reported\nSquamish-Lillooet RD-uninc: no bylaw reported\nWhistler: no bylaw reported"},"id":"SLRD"},{"type":"Feature","geometry":{"type":"Polygon","coordinates":[[[-125.202354,51.326475],[-125.203275,51.321133],[-125.209988,51.317736],[-125.21424,51.309232],[-125.221085,51.307126],[-125.220178,51.300839],[-125.240106,51.296125],[-125.245153,51.291091],[-125.267583,51.286918],[-125.275358,51.280884],[-125.289405,51.28276],[-125.29379,51.279638],[-125.289513,51.27636],[-125.287757,51.268933],[-125.295004,51.262747],[-125.314951,51.26464],[-125.321444,51.256033],[-125.329179,51.256253],[-125.331134,51.248329],[-125.338155,51.239594],[-125.333919,51.230796],[-125.325009,51.226719],[-125.32969,51.216175],[-125.3389,51.215362],[-125.337043,51.211217],[-125.332145,51.209489],[-125.332813,51.202308],[-125.326505,51.19844],[-125.305988,51.197766],[-125.301863,51.19207],[-125.294783,51.190953],[-125.29448,51.1814],[-125.285232,51.169173],[-125.268722,51.167675],[-125.259634,51.160278],[-125.268406,51.156097],[-125.274119,51.158747],[-125.280654,51.157271],[-125.293326,51.149942],[-125.29468,51.147382],[-125.2838,51.134745],[-125.283423,51.125676],[-125.284569,51.11754],[-125.295941,51.104807],[-125.29576,51.099702],[-125.282894,51.096408],[-125.278939,51.089557],[-125.270358,51.091151],[-125.263928,51.087291],[-125.254504,51.088777],[-125.255507,51.074854],[-125.241747,51.063283],[-125.228913,51.06056],[-125.250346,51.051066],[-125.257968,51.05702],[-125.278849,51.047446],[-125.287504,51.049067],[-125.308833,51.047865],[-125.319521,51.04446],[-125.322978,51.033196],[-125.320441,51.026049],[-125.311573,51.021503],[-125.310269,51.014217],[-125.297799,51.010299],[-125.293016,51.003791],[-125.275012,50.999221],[-125.26512,50.989468],[-125.254561,50.985652],[-125.249964,50.970451],[-125.253541,50.962827],[-125.259966,50.959052],[-125.266705,50.959509],[-125.277247,50.956075],[-125.281964,50.959768],[-125.295341,50.959917],[-125.308096,50.954351],[-125.315777,50.955628],[-125.338024,50.953431],[-125.357386,50.946332],[-125.364002,50.941467],[-125.375823,50.939338],[-125.392005,50.938729],[-125.409028,50.942822],[-125.418928,50.942375],[-125.42456,50.934622],[-125.447256,50.930146],[-125.449412,50.925405],[-125.458876,50.921896],[-125.465699,50.915025],[-125.469356,50.915838],[-125.474542,50.908466],[-125.481726,50.90793],[-125.48708,50.910694],[-125.493378,50.903967],[-125.506241,50.899257],[-125.508198,50.895447],[-125.503335,50.88511],[-125.505499,50.879264],[-125.500301,50.869578],[-125.507188,50.858906],[-125.502549,50.847654],[-125.516549,50.835885],[-125.528898,50.837552],[-125.544665,50.833638],[-125.547819,50.829755],[-125.536733,50.82147],[-125.531106,50.80901],[-125.517839,50.805213],[-125.513598,50.801059],[-125.515871,50.798447],[-125.507702,50.793262],[-125.513868,50.789945],[-125.515348,50.78395],[-125.527725,50.779302],[-125.540952,50.780322],[-125.564402,50.777061],[-125.565742,50.764997],[-125.57632,50.753855],[-125.576623,50.745697],[-125.562445,50.735018],[-125.565266,50.730108],[-125.57481,50.724285],[-125.578454,50.712709],[-125.557085,50.70531],[-125.565471,50.698149],[-125.568057,50.691999],[-125.567764,50.687679],[-125.56244,50.687158],[-125.560065,50.683837],[-125.575178,50.673693],[-125.577221,50.669058],[-125.583921,50.667857],[-125.582582,50.650428],[-125.587024,50.643718],[-125.583845,50.639586],[-125.597642,50.625924],[-125.593107,50.610841],[-125.610774,50.609251],[-125.618414,50.600219],[-125.626841,50.602976],[-125.63208,50.601458],[-125.638439,50.608528],[-125.639541,50.606749],[-125.653276,50.604413],[-125.650206,50.598078],[-125.658774,50.586099],[-125.654525,50.58491],[-125.655912,50.581694],[-125.66558,50.582786],[-125.672755,50.575507],[-125.677302,50.578469],[-125.689565,50.579482],[-125.693047,50.589017],[-125.700143,50.592271],[-125.698206,50.595464],[-125.691838,50.596295],[-125.696046,50.59797],[-125.694906,50.605714],[-125.706545,50.60485],[-125.722412,50.608897],[-125.741483,50.607235],[-125.754267,50.602724],[-125.759515,50.604011],[-125.795807,50.585644],[-125.799549,50.574091],[-125.805888,50.573726],[-125.81351,50.568197],[-125.821389,50.566565],[-125.822251,50.571538],[-125.83131,50.574551],[-125.836614,50.572213],[-125.841982,50.576641],[-125.853076,50.575576],[-125.860434,50.570066],[-125.860812,50.576046],[-125.848165,50.580576],[-125.850875,50.608817],[-125.846609,50.610046],[-125.84566,50.617145],[-125.846199,50.620997],[-125.8632,50.6375],[-125.867219,50.645659],[-125.882979,50.634716],[-125.886226,50.636467],[-125.940755,50.636445],[-125.957357,50.631924],[-125.999998,50.625782],[-126.011927,50.618881],[-126.040767,50.614292],[-126.05371,50.615253],[-126.100299,50.60351],[-126.114466,50.597751],[-126.155276,50.591729],[-126.163206,50.58439],[-126.197675,50.57182],[-126.19803,50.557709],[-126.19316,50.543211],[-126.196575,50.539154],[-126.220373,50.540947],[-126.22545,50.535573],[-126.24016,50.532932],[-126.292141,50.530796],[-126.331974,50.501568],[-126.292559,50.492857],[-126.184772,50.479428],[-126.152432,50.472098],[-126.111618,50.469107],[-126.111578,50.398203],[-126.104146,50.400929],[-126.099396,50.39812],[-126.076197,50.395641],[-126.063416,50.399556],[-126.059745,50.40361],[-126.055548,50.402739],[-126.047095,50.393947],[-126.040904,50.390862],[-126.036085,50.391198],[-126.025872,50.382391],[-126.024895,50.369007],[-126.014482,50.370675],[-125.991703,50.361401],[-125.983712,50.354654],[-125.982524,50.349611],[-125.989068,50.344419],[-126.005543,50.342404],[-126.010384,50.344337],[-126.016612,50.341871],[-126.031022,50.341619],[-126.043615,50.347302],[-126.054254,50.343946],[-126.05778,50.339889],[-126.056915,50.336474],[-126.048587,50.330768],[-126.0389,50.328632],[-126.039271,50.320627],[-126.044817,50.317448],[-126.041912,50.312049],[-126.028999,50.306754],[-126.008604,50.306239],[-126.001886,50.299838],[-126.00438,50.294328],[-125.996978,50.290694],[-126.004503,50.280747],[-125.998182,50.279473],[-125.997851,50.274211],[-126.003596,50.272169],[-126.007588,50.274089],[-126.010918,50.269794],[-126.021402,50.266407],[-126.027103,50.255114],[-126.02112,50.25004],[-126.033797,50.243045],[-126.031795,50.236289],[-126.036009,50.234625],[-126.030174,50.230562],[-126.036162,50.22406],[-126.031445,50.223191],[-126.034993,50.216938],[-126.029492,50.213326],[-126.037277,50.208235],[-126.0418,50.208304],[-126.038022,50.197613],[-126.046704,50.194439],[-126.042967,50.191756],[-126.046451,50.187059],[-126.046416,50.179636],[-126.065496,50.177179],[-126.071689,50.179216],[-126.092716,50.179231],[-126.091996,50.168472],[-126.098787,50.165503],[-126.097812,50.159865],[-126.104305,50.157391],[-126.112427,50.157558],[-126.114419,50.153679],[-126.118076,50.153083],[-126.117884,50.146745],[-126.12225,50.146539],[-126.126757,50.140237],[-126.143552,50.144891],[-126.15009,50.144088],[-126.163171,50.12736],[-126.162052,50.121528],[-126.168556,50.119773],[-126.183916,50.122543],[-126.223013,50.12072],[-126.22382,50.117177],[-126.216882,50.111847],[-126.217236,50.107907],[-126.230394,50.105082],[-126.241687,50.10002],[-126.242113,50.097328],[-126.236628,50.089596],[-126.227417,50.087691],[-126.223443,50.082259],[-126.226968,50.079884],[-126.233148,50.082047],[-126.236925,50.081033],[-126.240271,50.078354],[-126.239754,50.071949],[-126.2524,50.065811],[-126.246731,50.058477],[-126.229722,50.055696],[-126.237568,50.043344],[-126.229122,50.0345],[-126.23071,50.025135],[-126.236929,50.021145],[-126.228482,50.020413],[-126.225146,50.014585],[-126.230129,50.014371],[-126.236363,50.007908],[-126.244128,50.005889],[-126.253645,49.9954],[-126.27538,49.987619],[-126.285639,49.976092],[-126.295393,49.977229],[-126.300613,49.975031],[-126.312505,49.964112],[-126.322109,49.960209],[-126.324369,49.953395],[-126.344131,49.950843],[-126.350582,49.947541],[-126.355544,49.940934],[-126.343223,49.933573],[-126.341231,49.92875],[-126.341788,49.923689],[-126.348762,49.920261],[-126.375232,49.915003],[-126.381418,49.909002],[-126.388467,49.908049],[-126.415594,49.910687],[-126.420681,49.917439],[-126.424461,49.917883],[-126.431685,49.917737],[-126.457638,49.90666],[-126.468337,49.910627],[-126.466768,49.913984],[-126.470261,49.918028],[-126.478013,49.92059],[-126.46992,49.929337],[-126.471394,49.934182],[-126.475949,49.938761],[-126.484907,49.939346],[-126.487601,49.944133],[-126.476934,49.949523],[-126.494833,49.964955],[-126.511329,49.957319],[-126.525932,49.979344],[-126.534513,49.981941],[-126.554501,49.979616],[-126.562419,49.988189],[-126.571608,49.99162],[-126.569614,50.000736],[-126.554894,50.002855],[-126.546663,50.011709],[-126.554465,50.018741],[-126.564565,50.021922],[-126.559789,50.026076],[-126.561332,50.030894],[-126.578118,50.029492],[-126.582545,50.026427],[-126.594182,50.028621],[-126.60012,50.025128],[-126.629949,50.028728],[-126.642433,50.027341],[-126.657702,50.018148],[-126.67053,50.015985],[-126.679366,50.027286],[-126.696344,50.032269],[-126.688764,50.040323],[-126.700622,50.048545],[-126.693942,50.056167],[-126.698547,50.060963],[-126.6748,50.065699],[-126.677189,50.073535],[-126.662462,50.069146],[-126.656254,50.069786],[-126.650942,50.074095],[-126.648091,50.092648],[-126.66642,50.090392],[-126.667076,50.096792],[-126.680401,50.099072],[-126.682419,50.106229],[-126.695097,50.115152],[-126.703915,50.113556],[-126.709683,50.116293],[-126.723634,50.1113],[-126.747937,50.106979],[-126.751768,50.111794],[-126.767838,50.118455],[-126.776532,50.11851],[-126.785253,50.121532],[-126.788637,50.12456],[-126.785351,50.129707],[-126.787128,50.132452],[-126.767908,50.135697],[-126.763614,50.141611],[-126.765775,50.147517],[-126.778193,50.154105],[-126.779449,50.159826],[-126.784211,50.160137],[-126.786936,50.169654],[-126.780765,50.172862],[-126.78235,50.178253],[-126.788934,50.174435],[-126.796426,50.175953],[-126.802703,50.167864],[-126.806507,50.167657],[-126.809794,50.172657],[-126.821341,50.171292],[-126.813615,50.152142],[-126.823759,50.143125],[-126.839271,50.141939],[-126.852324,50.144474],[-126.864525,50.156056],[-126.869686,50.155603],[-126.873137,50.160433],[-126.883481,50.162942],[-126.88693,50.17406],[-126.900718,50.181569],[-126.900111,50.186106],[-126.904027,50.190461],[-126.918879,50.19528],[-126.925363,50.19375],[-126.937042,50.181583],[-126.991355,50.182553],[-126.991334,50.197635],[-126.994599,50.200633],[-126.99139,50.200837],[-126.991622,50.223756],[-126.988423,50.224857],[-126.98901,50.227242],[-126.972154,50.233902],[-126.972328,50.240704],[-126.979983,50.247043],[-126.997067,50.248104],[-126.998691,50.24982],[-127.001532,50.254703],[-127.000355,50.26666],[-126.997161,50.270287],[-126.998628,50.277387],[-127.007957,50.281626],[-127.01635,50.280285],[-127.019775,50.286037],[-127.025627,50.286963],[-127.035045,50.302829],[-127.045356,50.304118],[-127.051228,50.312219],[-127.046369,50.318805],[-127.049892,50.323011],[-127.070711,50.328602],[-127.069768,50.334549],[-127.07399,50.336463],[-127.077977,50.334838],[-127.083838,50.336212],[-127.088949,50.340857],[-127.098966,50.339914],[-127.101223,50.333349],[-127.09722,50.332241],[-127.096689,50.326898],[-127.101689,50.319533],[-127.114586,50.322],[-127.118084,50.31845],[-127.132433,50.317575],[-127.140387,50.319295],[-127.149886,50.317414],[-127.146975,50.310835],[-127.149602,50.306661],[-127.147571,50.302738],[-127.150641,50.302666],[-127.145065,50.300184],[-127.144582,50.297433],[-127.150097,50.292808],[-127.161049,50.296787],[-127.159195,50.293178],[-127.164151,50.288813],[-127.166355,50.27887],[-127.177932,50.263215],[-127.186144,50.264585],[-127.192087,50.27181],[-127.199363,50.273129],[-127.199773,50.274889],[-127.219078,50.270203],[-127.224082,50.264704],[-127.22897,50.266451],[-127.236913,50.26569],[-127.247902,50.27862],[-127.263659,50.28455],[-127.268502,50.277766],[-127.274927,50.274968],[-127.282449,50.279134],[-127.297394,50.279364],[-127.294603,50.265958],[-127.29821,50.261594],[-127.288419,50.248861],[-127.296198,50.246339],[-127.292827,50.237513],[-127.299605,50.233158],[-127.306804,50.236464],[-127.325134,50.230811],[-127.338978,50.235133],[-127.359694,50.245579],[-127.3736,50.247914],[-127.374245,50.256999],[-127.379213,50.260243],[-127.385656,50.260153],[-127.395551,50.254782],[-127.410377,50.253141],[-127.420828,50.259617],[-127.439899,50.257054],[-127.444203,50.259342],[-127.455889,50.260235],[-127.462397,50.264806],[-127.485166,50.268323],[-127.499022,50.27573],[-127.511957,50.278595],[-127.525998,50.277947],[-127.527646,50.285055],[-127.536813,50.287761],[-127.546635,50.294396],[-127.554368,50.295859],[-127.565011,50.293059],[-127.567761,50.288122],[-127.576405,50.287146],[-127.578511,50.284312],[-127.591284,50.285781],[-127.600433,50.282069],[-127.594327,50.2764],[-127.59483,50.26833],[-127.61648,50.257867],[-127.624152,50.256818],[-127.632794,50.24949],[-127.639374,50.248434],[-127.63549,50.244635],[-127.638618,50.237552],[-127.660495,50.239272],[-127.682258,50.215719],[-127.693196,50.21412],[-127.69623,50.210151],[-127.692635,50.206043],[-127.702213,50.199874],[-127.700475,50.194719],[-127.703285,50.187196],[-127.706845,50.189223],[-127.712434,50.187666],[-127.733251,50.188704],[-127.741734,50.184458],[-127.743251,50.18205],[-127.730409,50.176495],[-127.729422,50.174119],[-127.735617,50.165774],[-127.734663,50.162844],[-127.740207,50.161294],[-127.760001,50.164124],[-127.765686,50.159193],[-127.772262,50.157725],[-127.767266,50.151664],[-127.772846,50.145652],[-127.781471,50.149007],[-127.804249,50.141006],[-127.805946,50.143074],[-127.818871,50.143368],[-127.823548,50.147274],[-127.845492,50.137501],[-127.84996,50.143158],[-127.860674,50.146376],[-127.871818,50.140306],[-127.878558,50.126205],[-127.888183,50.123587],[-127.89853,50.11448],[-127.909454,50.117955],[-127.917961,50.129239],[-127.989922,50.129205],[-127.982515,50.100035],[-127.971074,50.086873],[-127.953333,50.077021],[-127.93704,50.072603],[-127.918643,50.062111],[-127.90006,50.056019],[-127.860081,50.047632],[-127.833023,50.038919],[-127.786903,50.036803],[-127.76048,50.042058],[-127.7432,50.049505],[-127.737359,50.054641],[-127.709055,50.059836],[-127.689852,50.069045],[-127.673914,50.06001],[-127.655544,50.05493],[-127.645412,50.033748],[-127.628689,50.021642],[-127.62065,50.003199],[-127.59646,49.987014],[-127.57515,49.981316],[-127.538663,49.965976],[-127.513276,49.962848],[-127.49148,49.954227],[-127.475962,49.951718],[-127.454377,49.951542],[-127.43228,49.947147],[-127.411511,49.946661],[-127.40168,49.935948],[-127.374836,49.918934],[-127.349747,49.912532],[-127.331326,49.911615],[-127.302014,49.891004],[-127.292256,49.887527],[-127.281848,49.874706],[-127.269306,49.86638],[-127.249394,49.858126],[-127.234212,49.855107],[-127.221518,49.843455],[-127.185366,49.821425],[-127.172937,49.817804],[-127.157218,49.809558],[-127.134958,49.803363],[-127.115499,49.783015],[-127.098046,49.773034],[-127.087578,49.769483],[-127.06477,49.766665],[-127.030523,49.771671],[-127.039668,49.760595],[-127.044305,49.74582],[-127.036208,49.723968],[-127.013181,49.700944],[-126.988064,49.685256],[-126.9728,49.667823],[-126.947458,49.646416],[-126.898838,49.625104],[-126.885653,49.598151],[-126.871251,49.586332],[-126.851506,49.578425],[-126.819299,49.571965],[-126.79328,49.56317],[-126.772815,49.560847],[-126.754054,49.561673],[-126.727864,49.551457],[-126.711326,49.541518],[-126.502058,49.541499],[-126.502068,49.551857],[-126.490972,49.558737],[-126.478524,49.571102],[-126.46287,49.578757],[-126.450522,49.577283],[-126.438638,49.57888],[-126.429852,49.575554],[-126.422853,49.576496],[-126.405867,49.571744],[-126.402665,49.56354],[-126.386337,49.561858],[-126.382399,49.570846],[-126.379323,49.572486],[-126.367662,49.571969],[-126.357962,49.579356],[-126.354841,49.585207],[-126.356768,49.597171],[-126.351784,49.599756],[-126.340823,49.597705],[-126.337293,49.598974],[-126.338062,49.606467],[-126.33368,49.607608],[-126.318135,49.60356],[-126.313579,49.594269],[-126.305326,49.59191],[-126.297926,49.585016],[-126.287095,49.580714],[-126.283913,49.572993],[-126.273005,49.57064],[-126.263731,49.577915],[-126.25727,49.574694],[-126.261072,49.571854],[-126.26083,49.56795],[-126.257114,49.560215],[-126.248411,49.55511],[-126.226012,49.559923],[-126.211917,49.552437],[-126.195731,49.557393],[-126.188955,49.55498],[-126.184458,49.567715],[-126.16651,49.572425],[-126.158221,49.572222],[-126.149514,49.579204],[-126.143154,49.570366],[-126.133656,49.570284],[-126.121265,49.56551],[-126.115558,49.568466],[-126.116454,49.571574],[-126.108546,49.57009],[-126.105402,49.572561],[-126.096668,49.572105],[-126.085417,49.558237],[-126.073439,49.555712],[-126.067418,49.551646],[-126.051928,49.556965],[-126.047569,49.560453],[-126.045517,49.568326],[-126.035858,49.569986],[-126.029271,49.577078],[-126.021619,49.577781],[-126.013024,49.571261],[-126.00523,49.57183],[-126.000587,49.574399],[-125.99997,49.581694],[-125.997349,49.582779],[-125.984776,49.577756],[-125.976116,49.579968],[-125.970539,49.585419],[-125.965793,49.582377],[-125.961958,49.584176],[-125.955588,49.582486],[-125.951305,49.572978],[-125.94332,49.569241],[-125.938415,49.569114],[-125.934301,49.566096],[-125.919687,49.566036],[-125.913103,49.564041],[-125.911954,49.559851],[-125.896327,49.556824],[-125.89381,49.555031],[-125.89409,49.547065],[-125.890022,49.544207],[-125.865943,49.545256],[-125.858337,49.540173],[-125.849624,49.538525],[-125.844613,49.544839],[-125.839833,49.545856],[-125.828224,49.541156],[-125.817056,49.539531],[-125.808608,49.540708],[-125.807417,49.545001],[-125.797174,49.544314],[-125.789441,49.540353],[-125.783245,49.540799],[-125.778006,49.534961],[-125.780086,49.531177],[-125.770356,49.526786],[-125.770668,49.517563],[-125.766532,49.514148],[-125.761377,49.51339],[-125.748968,49.5183],[-125.732861,49.515818],[-125.732619,49.513551],[-125.724071,49.511648],[-125.714511,49.514852],[-125.701954,49.511699],[-125.693693,49.51675],[-125.680635,49.510945],[-125.658754,49.513546],[-125.654573,49.517232],[-125.645383,49.51746],[-125.635189,49.514184],[-125.632868,49.507238],[-125.635434,49.497662],[-125.629446,49.493669],[-125.622854,49.494309],[-125.617618,49.501332],[-125.604906,49.502555],[-125.597953,49.506895],[-125.586223,49.502695],[-125.58403,49.499344],[-125.577829,49.500418],[-125.57246,49.497596],[-125.566762,49.497713],[-125.566312,49.490967],[-125.560408,49.488183],[-125.542067,49.489218],[-125.539554,49.48558],[-125.519447,49.478207],[-125.51443,49.48052],[-125.500869,49.478034],[-125.49644,49.478373],[-125.492554,49.483396],[-125.489908,49.498737],[-125.492799,49.499916],[-125.492654,49.5044],[-125.48949,49.509552],[-125.484375,49.510857],[-125.484394,49.518872],[-125.473655,49.527577],[-125.454128,49.533583],[-125.447494,49.533414],[-125.437776,49.551441],[-125.429559,49.555287],[-125.414724,49.546291],[-125.405661,49.545399],[-125.39813,49.548833],[-125.386466,49.53872],[-125.379268,49.542233],[-125.37567,49.54102],[-125.371222,49.547364],[-125.389339,49.561618],[-125.392455,49.571611],[-125.410567,49.580699],[-125.4025,49.588879],[-125.40739,49.594633],[-125.402139,49.598857],[-125.402065,49.603654],[-125.394781,49.603294],[-125.383695,49.608803],[-125.516714,49.7127],[-125.48742,49.726357],[-125.49276,49.738034],[-125.529381,49.756465],[-125.54764,49.756458],[-125.547599,49.767925],[-125.540636,49.772794],[-125.550966,49.786856],[-125.535204,49.798696],[-125.521175,49.801281],[-125.518,49.806521],[-125.508553,49.80654],[-125.508651,49.827355],[-125.49852,49.830919],[-125.495078,49.835826],[-125.496544,49.839312],[-125.486374,49.839312],[-125.486377,49.828805],[-125.423472,49.828782],[-125.423651,49.835813],[-125.388664,49.835776],[-125.388671,49.839393],[-125.383077,49.839398],[-125.383092,49.847984],[-125.403093,49.847967],[-125.403043,49.873311],[-125.365238,49.873318],[-125.359629,49.879987],[-125.364744,49.884729],[-125.358863,49.8875],[-125.36182,49.89769],[-125.357031,49.899938],[-125.359455,49.901439],[-125.35541,49.913654],[-125.342005,49.914207],[-125.343055,49.916459],[-125.335475,49.915968],[-125.333531,49.9205],[-125.322756,49.921667],[-125.301512,49.918953],[-125.296503,49.90688],[-125.304078,49.90557],[-125.303589,49.901966],[-125.299962,49.901761],[-125.295086,49.897311],[-125.294949,49.890436],[-125.28301,49.887233],[-125.27668,49.890504],[-125.26665,49.890818],[-125.264155,49.895968],[-125.261378,49.893782],[-125.257407,49.896728],[-125.238016,49.892634],[-125.23685,49.89576],[-125.22635,49.896637],[-125.225093,49.887791],[-125.21967,49.887922],[-125.214964,49.883667],[-125.21184,49.887226],[-125.204602,49.888479],[-125.198162,49.886757],[-125.196392,49.883328],[-125.187929,49.882751],[-125.180292,49.875797],[-125.163613,49.870083],[-125.159816,49.86455],[-125.149418,49.866677],[-125.145053,49.869942],[-125.143542,49.868189],[-125.137139,49.86972],[-125.132059,49.867528],[-125.115978,49.872122],[-124.841921,49.872122],[-124.87848,49.904447],[-124.917429,49.925504],[-124.93248,49.9308],[-124.965618,49.963269],[-124.991824,49.980825],[-124.946318,50.011049],[-124.938694,50.011179],[-124.923364,50.005663],[-124.909229,50.010314],[-124.880743,50.01105],[-124.874709,50.012486],[-124.850567,50.027333],[-124.841654,50.037481],[-124.840994,50.042624],[-124.861616,50.058599],[-124.875021,50.106272],[-124.824701,50.092359],[-124.815474,50.092119],[-124.80047,50.103112],[-124.784782,50.121761],[-124.759853,50.133606],[-124.739504,50.150533],[-124.707056,50.154023],[-124.684693,50.15962],[-124.651204,50.175547],[-124.637915,50.190626],[-124.633112,50.204631],[-124.628106,50.243421],[-124.638304,50.259461],[-124.641816,50.271276],[-124.650296,50.281808],[-124.681509,50.300432],[-124.718816,50.312888],[-124.740464,50.31529],[-124.764662,50.313188],[-124.775313,50.308932],[-124.766212,50.326246],[-124.735466,50.339414],[-124.708759,50.35571],[-124.690783,50.375427],[-124.677206,50.397627],[-124.657801,50.414354],[-124.646995,50.415317],[-124.63206,50.411252],[-124.611245,50.40908],[-124.580353,50.408988],[-124.581309,50.458913],[-124.566952,50.46388],[-124.562134,50.475888],[-124.549088,50.484229],[-124.527762,50.481867],[-124.518106,50.483864],[-124.514675,50.4881],[-124.518156,50.493325],[-124.517895,50.523008],[-124.533202,50.528969],[-124.535848,50.538017],[-124.551452,50.538764],[-124.555633,50.541442],[-124.555793,50.546333],[-124.564354,50.553332],[-124.561416,50.56],[-124.567767,50.562172],[-124.569711,50.567137],[-124.580968,50.571005],[-124.58309,50.57407],[-124.577122,50.577632],[-124.585134,50.584904],[-124.586364,50.592079],[-124.568202,50.604185],[-124.572454,50.614309],[-124.583188,50.621619],[-124.580456,50.629957],[-124.592477,50.632294],[-124.603694,50.638031],[-124.599756,50.652271],[-124.605066,50.658374],[-124.603535,50.661192],[-124.588332,50.662108],[-124.580071,50.660227],[-124.576937,50.656627],[-124.558646,50.670681],[-124.537055,50.675605],[-124.527554,50.687386],[-124.510889,50.695275],[-124.494426,50.700299],[-124.492041,50.697002],[-124.479722,50.698346],[-124.470197,50.703053],[-124.438259,50.711753],[-124.425521,50.707871],[-124.421256,50.7092],[-124.420824,50.7059],[-124.41662,50.703914],[-124.406129,50.715841],[-124.400201,50.716526],[-124.397532,50.719236],[-124.385357,50.718059],[-124.378252,50.730824],[-124.369658,50.737895],[-124.347056,50.748375],[-124.353306,50.753021],[-124.361238,50.766188],[-124.366072,50.765646],[-124.373652,50.768804],[-124.381533,50.773477],[-124.382536,50.777197],[-124.378398,50.781006],[-124.365635,50.783593],[-124.351626,50.789881],[-124.355477,50.79668],[-124.36043,50.796991],[-124.360454,50.800627],[-124.326896,50.819429],[-124.33001,50.832768],[-124.336541,50.83753],[-124.325886,50.842922],[-124.327145,50.853753],[-124.311772,50.849507],[-124.272387,50.862007],[-124.263654,50.861804],[-124.260268,50.858707],[-124.263431,50.845539],[-124.255429,50.832684],[-124.260932,50.828258],[-124.260756,50.822716],[-124.242973,50.816222],[-124.223582,50.823094],[-124.212972,50.822929],[-124.208216,50.82093],[-124.205706,50.812605],[-124.19271,50.802837],[-124.188539,50.80425],[-124.178016,50.798911],[-124.159213,50.795935],[-124.153264,50.790799],[-124.154744,50.786421],[-124.146422,50.785621],[-124.143553,50.790741],[-124.130616,50.794364],[-124.121919,50.789654],[-124.113662,50.789095],[-124.112287,50.78614],[-124.106914,50.786308],[-124.103141,50.789785],[-124.096376,50.791246],[-124.100003,50.796233],[-124.088163,50.801728],[-124.087081,50.816883],[-124.06968,50.826726],[-124.066417,50.824652],[-124.050645,50.824179],[-124.048065,50.821691],[-124.037336,50.820573],[-124.037362,50.817263],[-124.026481,50.810265],[-123.991321,50.809093],[-123.980766,50.806601],[-123.970062,50.799613],[-123.975774,50.797147],[-123.97952,50.785694],[-123.956669,50.776492],[-123.956942,50.767248],[-123.952469,50.762452],[-123.952445,50.756007],[-123.938913,50.750036],[-123.935963,50.752777],[-123.928681,50.752494],[-123.92129,50.755155],[-123.922116,50.738472],[-123.911268,50.734996],[-123.906753,50.729662],[-123.897684,50.727129],[-123.893263,50.721086],[-123.888679,50.720398],[-123.882248,50.723519],[-123.871477,50.721061],[-123.869487,50.714904],[-123.862094,50.710521],[-123.829356,50.714995],[-123.823295,50.718293],[-123.824588,50.722571],[-123.839305,50.73185],[-123.841864,50.736057],[-123.842129,50.73865],[-123.833657,50.742627],[-123.843327,50.754707],[-123.842411,50.768653],[-123.83759,50.77081],[-123.837313,50.776199],[-123.832248,50.779841],[-123.823104,50.779366],[-123.822389,50.784677],[-123.817537,50.785801],[-123.813207,50.791831],[-123.804258,50.794046],[-123.796387,50.793086],[-123.792975,50.796032],[-123.806579,50.806533],[-123.81085,50.817151],[-123.830525,50.822161],[-123.830308,50.830828],[-123.826018,50.832706],[-123.82729,50.834068],[-123.816209,50.834848],[-123.79878,50.83113],[-123.792041,50.830581],[-123.787833,50.832821],[-123.784177,50.831328],[-123.765774,50.839425],[-123.737696,50.841207],[-123.730849,50.840243],[-123.72895,50.830497],[-123.724052,50.831145],[-123.718818,50.847855],[-123.70893,50.846538],[-123.702345,50.849462],[-123.698527,50.860036],[-123.68934,50.869831],[-123.68505,50.879397],[-123.699044,50.880744],[-123.701827,50.893793],[-123.710526,50.897329],[-123.719584,50.894877],[-123.723828,50.88705],[-123.733386,50.88341],[-123.741864,50.886115],[-123.755267,50.886781],[-123.766435,50.884979],[-123.771163,50.891855],[-123.766509,50.896323],[-123.764434,50.905154],[-123.785254,50.908791],[-123.789626,50.912564],[-123.797698,50.910933],[-123.811458,50.911949],[-123.823641,50.902683],[-123.831389,50.900928],[-123.829859,50.910125],[-123.834726,50.920844],[-123.839797,50.924252],[-123.841322,50.9344],[-123.853295,50.929425],[-123.857954,50.930124],[-123.863468,50.937393],[-123.876716,50.940213],[-123.877941,50.948843],[-123.890176,50.946961],[-123.899282,50.938582],[-123.906138,50.942593],[-123.916402,50.943872],[-123.922982,50.941595],[-123.926777,50.934176],[-123.947029,50.935344],[-123.955358,50.9383],[-123.97354,50.957239],[-123.994132,50.962048],[-123.998518,50.958081],[-124.004174,50.955578],[-124.008048,50.956291],[-124.013125,50.952974],[-124.018293,50.944925],[-124.02354,50.945092],[-124.02735,50.936689],[-124.035884,50.935831],[-124.043558,50.94717],[-124.048163,50.946296],[-124.054498,50.936384],[-124.068971,50.936927],[-124.061585,50.943418],[-124.06617,50.954693],[-124.065842,50.964374],[-124.057875,50.96978],[-124.060448,50.975836],[-124.067733,50.974214],[-124.071636,50.984151],[-124.091017,50.981921],[-124.09187,50.993379],[-124.084051,50.996626],[-124.081316,51.002794],[-124.087017,51.005834],[-124.087705,51.011713],[-124.100542,51.012416],[-124.108033,51.010112],[-124.125034,51.021275],[-124.134293,51.020916],[-124.141266,51.031981],[-124.151899,51.030024],[-124.157914,51.041898],[-124.14542,51.045438],[-124.168326,51.051893],[-124.174484,51.059188],[-124.184305,51.058858],[-124.188336,51.055118],[-124.204423,51.054067],[-124.211232,51.050521],[-124.231231,51.055213],[-124.227253,51.064752],[-124.235805,51.067314],[-124.23375,51.07389],[-124.230628,51.075361],[-124.209154,51.074077],[-124.198025,51.078913],[-124.195627,51.089441],[-124.175383,51.091093],[-124.172197,51.09386],[-124.177613,51.108814],[-124.175281,51.113748],[-124.177862,51.115224],[-124.169608,51.128391],[-124.17155,51.130223],[-124.179078,51.1302],[-124.185612,51.126647],[-124.190016,51.128392],[-124.196339,51.139876],[-124.203084,51.14092],[-124.207001,51.137542],[-124.214856,51.137174],[-124.223609,51.141696],[-124.230099,51.148978],[-124.241826,51.151801],[-124.243513,51.149831],[-124.251145,51.149192],[-124.247881,51.141107],[-124.260154,51.144527],[-124.274116,51.142784],[-124.280751,51.14077],[-124.291358,51.1305],[-124.301094,51.134196],[-124.305528,51.131242],[-124.310471,51.132185],[-124.313866,51.130456],[-124.315128,51.139138],[-124.326716,51.14148],[-124.330198,51.148716],[-124.333952,51.15013],[-124.354757,51.148569],[-124.362656,51.144898],[-124.376971,51.145369],[-124.382138,51.152026],[-124.375263,51.156818],[-124.379569,51.159771],[-124.373129,51.16459],[-124.377526,51.17136],[-124.376675,51.181199],[-124.373091,51.185713],[-124.375203,51.194238],[-124.393951,51.19139],[-124.401748,51.196019],[-124.411885,51.195033],[-124.4236,51.190791],[-124.439369,51.190145],[-124.449191,51.185863],[-124.454593,51.18612],[-124.461162,51.168034],[-124.469252,51.163453],[-124.488198,51.162325],[-124.492194,51.169588],[-124.508057,51.173086],[-124.513284,51.170434],[-124.52377,51.171084],[-124.534998,51.174487],[-124.536059,51.181575],[-124.545224,51.185885],[-124.565246,51.184391],[-124.568862,51.179157],[-124.577639,51.17948],[-124.587425,51.185717],[-124.610095,51.190198],[-124.610066,51.196754],[-124.617796,51.196387],[-124.629595,51.20098],[-124.629534,51.206557],[-124.657473,51.206925],[-124.662975,51.217522],[-124.670546,51.2207],[-124.677327,51.220951],[-124.68827,51.209231],[-124.692457,51.209],[-124.7021,51.224751],[-124.709942,51.225742],[-124.716979,51.231887],[-124.75116,51.233991],[-124.758532,51.237071],[-124.765429,51.235539],[-124.766427,51.239535],[-124.771453,51.239837],[-124.771884,51.242474],[-124.764337,51.244186],[-124.761643,51.247424],[-124.765961,51.25936],[-124.759018,51.2665],[-124.771867,51.276684],[-124.773644,51.282732],[-124.770736,51.2935],[-124.774833,51.296361],[-124.801016,51.300498],[-124.80716,51.303528],[-124.816238,51.30962],[-124.81278,51.311688],[-124.813768,51.316969],[-124.828516,51.306965],[-124.839164,51.306285],[-124.843217,51.300772],[-124.850728,51.303108],[-124.851782,51.305763],[-124.857817,51.306356],[-124.867164,51.303333],[-124.868597,51.300109],[-124.880062,51.297029],[-124.883648,51.298069],[-124.886129,51.308901],[-124.900693,51.303435],[-124.918731,51.305608],[-124.938489,51.295246],[-124.942048,51.284857],[-124.972318,51.276392],[-124.979004,51.278389],[-124.980711,51.284302],[-124.990944,51.286843],[-125.000034,51.285811],[-125.01019,51.280757],[-125.01653,51.282113],[-125.01801,51.28546],[-125.028822,51.291614],[-125.053198,51.295442],[-125.057721,51.299572],[-125.055553,51.304017],[-125.0832,51.313445],[-125.096197,51.31595],[-125.101843,51.313987],[-125.106294,51.315816],[-125.130257,51.315029],[-125.140456,51.321501],[-125.157789,51.319858],[-125.163369,51.316955],[-125.171393,51.321342],[-125.1827,51.320571],[-125.193592,51.326887],[-125.202354,51.326475]]]},"properties":{"id":"STRD","boundaryCode":"STRD","boundaryName":"Strathcona Regional District","reportingName":"Strathcona","jurisdiction_count":6,"population_2015":45448,"vehicle_idling_population":307,"vehicle_idling_percent":0.7,"vehicle_idling_band":"1–25%","vehicle_idling_display":"Strathcona Regional District · 0.7% covered","vehicle_idling_details":"Vehicle idling: 0.7% of the regional district population covered (2015 population estimate).\nCampbell River: no bylaw reported\nGold River: no bylaw reported\nSayward: bylaw reported\nStrathcona RD-uninc: no bylaw reported\nTahsis: no bylaw reported\nZeballos: no bylaw reported","open_burning_population":1545,"open_burning_percent":3.4,"open_burning_band":"1–25%","open_burning_display":"Strathcona Regional District · 3.4% covered","open_burning_details":"Open burning: 3.4% of the regional district population covered (2015 population estimate).\nCampbell River: no bylaw reported\nGold River: bylaw reported\nSayward: no bylaw reported\nStrathcona RD-uninc: no bylaw reported\nTahsis: bylaw reported\nZeballos: no bylaw reported","solid_fuel_population":33395,"solid_fuel_percent":73.5,"solid_fuel_band":"51–75%","solid_fuel_display":"Strathcona Regional District · 73.5% covered","solid_fuel_details":"Solid fuel appliance: 73.5% of the regional district population covered (2015 population estimate).\nCampbell River: bylaw reported\nGold River: no bylaw reported\nSayward: no bylaw reported\nStrathcona RD-uninc: no bylaw reported\nTahsis: no bylaw reported\nZeballos: no bylaw reported"},"id":"STRD"},{"type":"Feature","geometry":{"type":"Polygon","coordinates":[[[-123.291081,49.485407],[-123.286941,49.503487],[-123.272754,49.522691],[-123.274523,49.540631],[-123.269852,49.548121],[-123.27761,49.562417],[-123.267551,49.569438],[-123.256465,49.573488],[-123.246753,49.584625],[-123.275799,49.584625],[-123.276082,49.591387],[-123.310837,49.591299],[-123.304901,49.606203],[-123.299718,49.61042],[-123.307064,49.625197],[-123.320254,49.632717],[-123.321064,49.642294],[-123.335451,49.647623],[-123.333446,49.652279],[-123.336187,49.657991],[-123.344233,49.659344],[-123.359978,49.669379],[-123.371462,49.6725],[-123.372345,49.676586],[-123.371525,49.682565],[-123.357021,49.68139],[-123.347236,49.684205],[-123.347049,49.687129],[-123.337064,49.692753],[-123.338305,49.701018],[-123.331951,49.707411],[-123.324522,49.708205],[-123.319048,49.721532],[-123.332784,49.73182],[-123.33651,49.744905],[-123.314568,49.745443],[-123.305999,49.742327],[-123.296436,49.745419],[-123.287073,49.745676],[-123.276271,49.742698],[-123.272909,49.751935],[-123.279122,49.758216],[-123.275448,49.764017],[-123.26636,49.767825],[-123.275714,49.769323],[-123.285079,49.767799],[-123.293664,49.775418],[-123.299961,49.776009],[-123.299847,49.780129],[-123.304161,49.781404],[-123.3061,49.787092],[-123.301996,49.792922],[-123.312263,49.797176],[-123.311283,49.800354],[-123.317053,49.809351],[-123.328967,49.815856],[-123.332309,49.82074],[-123.330452,49.831337],[-123.332963,49.835093],[-123.325,49.846143],[-123.334115,49.848833],[-123.340149,49.854437],[-123.353928,49.856524],[-123.356162,49.864058],[-123.374161,49.863164],[-123.384442,49.869643],[-123.391143,49.869242],[-123.401589,49.88045],[-123.412502,49.873935],[-123.426366,49.890012],[-123.427418,49.894065],[-123.423185,49.897165],[-123.441732,49.898823],[-123.449852,49.9025],[-123.453192,49.907791],[-123.46586,49.905708],[-123.471061,49.909125],[-123.486745,49.9094],[-123.508408,49.896361],[-123.523765,49.890117],[-123.528349,49.886723],[-123.526505,49.882333],[-123.548052,49.876103],[-123.552133,49.8581],[-123.547943,49.84801],[-123.550305,49.839284],[-123.556669,49.84],[-123.567229,49.846317],[-123.578619,49.846116],[-123.584463,49.862466],[-123.568188,49.880616],[-123.572224,49.8853],[-123.567684,49.890017],[-123.569043,49.901227],[-123.565123,49.906634],[-123.553853,49.912418],[-123.5504,49.92105],[-123.570276,49.919756],[-123.580479,49.925276],[-123.589187,49.920257],[-123.596863,49.923654],[-123.602654,49.923273],[-123.619358,49.93092],[-123.608835,49.941715],[-123.610406,49.944702],[-123.606485,49.954382],[-123.599391,49.955606],[-123.587386,49.971471],[-123.599996,49.97629],[-123.600928,49.986107],[-123.605968,49.995344],[-123.602089,50.000905],[-123.604915,50.013761],[-123.61831,50.00904],[-123.619705,50.004626],[-123.635397,50.002032],[-123.630548,50.014297],[-123.642359,50.033338],[-123.638514,50.037145],[-123.630744,50.038816],[-123.632126,50.043724],[-123.638846,50.04952],[-123.62545,50.049467],[-123.615221,50.055664],[-123.617966,50.061658],[-123.629602,50.068943],[-123.629871,50.071388],[-123.637883,50.072756],[-123.650167,50.08519],[-123.645282,50.08573],[-123.62453,50.096978],[-123.602698,50.094215],[-123.594872,50.096711],[-123.604665,50.108281],[-123.591353,50.119382],[-123.591064,50.12588],[-123.597984,50.129919],[-123.595491,50.135373],[-123.59851,50.13962],[-123.587764,50.145661],[-123.586779,50.150716],[-123.58077,50.154991],[-123.583761,50.159855],[-123.582552,50.172592],[-123.594114,50.176992],[-123.605023,50.176557],[-123.61259,50.173706],[-123.630236,50.180955],[-123.638871,50.173795],[-123.643849,50.173816],[-123.64479,50.183414],[-123.648739,50.187495],[-123.646478,50.193255],[-123.652708,50.19753],[-123.65109,50.200694],[-123.655403,50.209691],[-123.670144,50.208786],[-123.677971,50.207052],[-123.685216,50.202144],[-123.689023,50.20284],[-123.705579,50.189016],[-123.725723,50.196393],[-123.731168,50.200667],[-123.72957,50.204266],[-123.714469,50.211231],[-123.701987,50.222091],[-123.698378,50.229361],[-123.701477,50.233267],[-123.71077,50.234826],[-123.723769,50.230258],[-123.723579,50.233479],[-123.732655,50.240114],[-123.733348,50.238644],[-123.746938,50.239375],[-123.758186,50.245076],[-123.755929,50.248662],[-123.764235,50.255664],[-123.765563,50.260821],[-123.774359,50.26249],[-123.776109,50.266579],[-123.789832,50.269113],[-123.811814,50.282803],[-123.830108,50.287312],[-123.835013,50.286623],[-123.848179,50.302348],[-123.854178,50.297852],[-123.865066,50.301799],[-123.867959,50.300547],[-123.875055,50.313739],[-123.886678,50.319508],[-123.877092,50.328368],[-123.876784,50.332993],[-123.896135,50.339879],[-123.902801,50.345736],[-123.908393,50.347046],[-123.912604,50.360337],[-123.927738,50.352717],[-123.966054,50.339436],[-123.980052,50.349023],[-123.990175,50.344977],[-124.001306,50.34644],[-124.015975,50.354812],[-124.017223,50.35794],[-124.020559,50.350293],[-124.031104,50.349819],[-124.040145,50.345407],[-124.062094,50.362198],[-124.066221,50.363797],[-124.074197,50.36268],[-124.084329,50.366777],[-124.104787,50.361305],[-124.106281,50.357226],[-124.115679,50.353061],[-124.115132,50.349776],[-124.123218,50.343384],[-124.129476,50.347883],[-124.133158,50.348122],[-124.134764,50.345848],[-124.141856,50.347583],[-124.159782,50.33395],[-124.152711,50.32974],[-124.159718,50.321503],[-124.154949,50.315078],[-124.155712,50.308061],[-124.150947,50.303243],[-124.154986,50.299542],[-124.152412,50.295305],[-124.169248,50.283337],[-124.169397,50.271605],[-124.151867,50.264599],[-124.144397,50.255574],[-124.14674,50.250931],[-124.158033,50.243453],[-124.165946,50.241278],[-124.167521,50.228248],[-124.177363,50.2245],[-124.179454,50.221481],[-124.1659,50.217507],[-124.159308,50.219678],[-124.146913,50.21954],[-124.136889,50.21712],[-124.132872,50.212644],[-124.123344,50.209376],[-124.106086,50.212295],[-124.094037,50.208542],[-124.090186,50.211558],[-124.086949,50.210493],[-124.089185,50.204644],[-124.097187,50.198578],[-124.09846,50.187477],[-124.086987,50.181103],[-124.093354,50.174286],[-124.086379,50.17164],[-124.071224,50.150972],[-124.072963,50.147395],[-124.087575,50.137896],[-124.109838,50.142272],[-124.12158,50.135675],[-124.139479,50.136355],[-124.13605,50.131604],[-124.137577,50.124369],[-124.132558,50.118209],[-124.148867,50.114047],[-124.145948,50.111917],[-124.147554,50.103024],[-124.156159,50.097416],[-124.144125,50.089797],[-124.135282,50.077232],[-124.15219,50.061937],[-124.148341,50.057568],[-124.140128,50.057043],[-124.134906,50.049077],[-124.120649,50.045472],[-124.110281,50.039797],[-124.117524,50.027558],[-124.113539,50.023009],[-124.113827,50.014993],[-124.09925,50.016238],[-124.093229,50.007184],[-124.073765,49.997364],[-124.069482,49.991764],[-124.063664,49.988579],[-124.053473,49.988232],[-124.057902,49.974547],[-124.055657,49.963729],[-124.059823,49.959158],[-124.05616,49.956142],[-124.060752,49.952575],[-124.060955,49.943618],[-124.05801,49.940034],[-124.063079,49.932691],[-124.061855,49.93062],[-124.03936,49.93062],[-124.035936,49.927289],[-124.037228,49.90311],[-124.049427,49.875545],[-124.04546,49.868446],[-124.027381,49.852205],[-124.021203,49.835223],[-124.048423,49.800406],[-124.060216,49.793633],[-124.131192,49.771542],[-124.22077,49.76325],[-124.239317,49.759716],[-124.247622,49.737537],[-124.28426,49.706422],[-124.247576,49.663402],[-124.179424,49.625487],[-124.113184,49.58481],[-124.099049,49.574111],[-124.086375,49.559565],[-124.065863,49.521324],[-124.048118,49.458631],[-124.038461,49.406326],[-124.039979,49.364683],[-123.975585,49.352985],[-123.91797,49.352262],[-123.845808,49.341515],[-123.774006,49.321507],[-123.714812,49.29751],[-123.453913,49.297373],[-123.439125,49.353104],[-123.443098,49.366463],[-123.433143,49.378702],[-123.406589,49.403297],[-123.389267,49.413289],[-123.352973,49.424711],[-123.298599,49.436447],[-123.278774,49.447174],[-123.276636,49.451501],[-123.281968,49.477801],[-123.291081,49.485407]]]},"properties":{"id":"SCRD","boundaryCode":"SCRD","boundaryName":"Sunshine Coast Regional District","reportingName":"Sunshine Coast","jurisdiction_count":4,"population_2015":29199,"vehicle_idling_population":4487,"vehicle_idling_percent":15.4,"vehicle_idling_band":"1–25%","vehicle_idling_display":"Sunshine Coast Regional District · 15.4% covered","vehicle_idling_details":"Vehicle idling: 15.4% of the regional district population covered (2015 population estimate).\nGibsons: bylaw reported\nSechelt: no bylaw reported\nSechelt Indian Government District: no bylaw reported\nSunshine Coast RD-uninc: no bylaw reported","open_burning_population":29199,"open_burning_percent":100,"open_burning_band":"More than 75%","open_burning_display":"Sunshine Coast Regional District · 100% covered","open_burning_details":"Open burning: 100% of the regional district population covered (2015 population estimate).\nGibsons: bylaw reported\nSechelt: bylaw reported\nSechelt Indian Government District: bylaw reported\nSunshine Coast RD-uninc: bylaw reported","solid_fuel_population":14131,"solid_fuel_percent":48.4,"solid_fuel_band":"26–50%","solid_fuel_display":"Sunshine Coast Regional District · 48.4% covered","solid_fuel_details":"Solid fuel appliance: 48.4% of the regional district population covered (2015 population estimate).\nGibsons: no bylaw reported\nSechelt: no bylaw reported\nSechelt Indian Government District: no bylaw reported\nSunshine Coast RD-uninc: bylaw reported"},"id":"SCRD"},{"type":"Feature","geometry":{"type":"Polygon","coordinates":[[[-122.548122,51.204338],[-122.529896,51.209702],[-122.515495,51.205507],[-122.51117,51.197621],[-122.507251,51.196049],[-122.514697,51.188823],[-122.513472,51.182892],[-122.503129,51.178748],[-122.510337,51.170919],[-122.507456,51.168722],[-122.497771,51.172907],[-122.484792,51.174586],[-122.477844,51.159017],[-122.472866,51.15812],[-122.471854,51.15381],[-122.462403,51.151366],[-122.467683,51.142272],[-122.47722,51.13826],[-122.479723,51.124171],[-122.472309,51.12273],[-122.457137,51.109051],[-122.44938,51.110301],[-122.439945,51.10843],[-122.420421,51.113919],[-122.403243,51.113267],[-122.398699,51.111175],[-122.389142,51.113329],[-122.381331,51.110905],[-122.377256,51.112232],[-122.375589,51.106363],[-122.369399,51.103791],[-122.372258,51.100461],[-122.364611,51.090501],[-122.373925,51.08387],[-122.37302,51.079333],[-122.362046,51.072154],[-122.344744,51.065608],[-122.32822,51.061458],[-122.319174,51.063322],[-122.314615,51.060858],[-122.308563,51.060993],[-122.305032,51.050883],[-122.307899,51.043265],[-122.304903,51.041386],[-122.28989,51.041963],[-122.284087,51.03894],[-122.276966,51.04011],[-122.263839,51.034675],[-122.248571,51.041621],[-122.237006,51.035333],[-122.229321,51.035147],[-122.226532,51.03307],[-122.230802,51.025859],[-122.22273,51.021624],[-122.208368,51.020232],[-122.205772,51.016942],[-122.192612,51.014531],[-122.169852,51.018949],[-122.15928,51.015429],[-122.151179,51.006989],[-122.160052,51.004239],[-122.165414,50.992982],[-122.171326,50.989823],[-122.186668,50.990857],[-122.194759,50.987312],[-121.914272,50.987246],[-121.91583,50.9978],[-121.62729,50.997756],[-121.62729,50.896218],[-121.650178,50.896218],[-121.650178,50.881641],[-121.673043,50.881641],[-121.673043,50.852286],[-121.69626,50.852288],[-121.696315,50.837904],[-121.719166,50.83788],[-121.719166,50.794398],[-121.741993,50.794398],[-121.741993,50.750761],[-121.764781,50.750761],[-121.764781,50.575905],[-121.76191,50.575905],[-121.76191,50.54683],[-121.76735,50.546828],[-121.767889,50.539573],[-121.770726,50.539647],[-121.77095,50.536033],[-121.776803,50.535376],[-121.776072,50.53111],[-121.784533,50.531143],[-121.784663,50.517906],[-121.807407,50.518141],[-121.824995,50.504832],[-121.832445,50.487771],[-121.840296,50.484412],[-121.842183,50.478256],[-121.852456,50.474442],[-121.85725,50.469619],[-121.86307,50.460817],[-121.854421,50.450237],[-121.868921,50.437608],[-121.864931,50.430143],[-121.871426,50.42228],[-121.883287,50.419552],[-121.907032,50.420878],[-121.921131,50.41928],[-121.920101,50.416905],[-121.928128,50.414272],[-121.930155,50.407374],[-121.949846,50.405971],[-121.955881,50.401609],[-121.967056,50.406182],[-121.968104,50.411542],[-121.965557,50.413468],[-121.969456,50.417352],[-121.999311,50.415347],[-122.010453,50.411575],[-122.025859,50.417353],[-122.044086,50.420193],[-122.04866,50.431508],[-122.061501,50.425812],[-122.073669,50.42536],[-122.093579,50.433549],[-122.104958,50.432758],[-122.109634,50.430354],[-122.122033,50.432967],[-122.131068,50.430156],[-122.132479,50.42612],[-122.121357,50.419209],[-122.119946,50.414883],[-122.134641,50.406341],[-122.131611,50.400437],[-122.138872,50.394186],[-122.141054,50.387115],[-122.151282,50.384672],[-122.155057,50.376581],[-122.164601,50.372807],[-122.151511,50.368683],[-122.146309,50.360047],[-122.154529,50.354756],[-122.154656,50.350233],[-122.167388,50.346934],[-122.173758,50.335396],[-122.180235,50.334605],[-122.193244,50.338941],[-122.201656,50.338397],[-122.206194,50.334809],[-122.215082,50.332939],[-122.216388,50.325792],[-122.242796,50.321998],[-122.244822,50.315589],[-122.240038,50.314881],[-122.2387,50.311938],[-122.248548,50.306449],[-122.251538,50.301153],[-122.24816,50.290941],[-122.237019,50.28621],[-122.238174,50.280722],[-122.235019,50.275242],[-122.247741,50.271719],[-122.260945,50.260107],[-122.266107,50.258615],[-122.274429,50.260268],[-122.280954,50.25646],[-122.29366,50.255791],[-122.304297,50.249757],[-122.29754,50.239032],[-122.303284,50.229776],[-122.288828,50.224184],[-122.275678,50.225083],[-122.272047,50.223298],[-122.271271,50.218059],[-122.278883,50.214302],[-122.277133,50.204901],[-122.284676,50.201129],[-122.295726,50.2022],[-122.301005,50.200586],[-122.303195,50.192865],[-122.318276,50.187162],[-122.316026,50.175034],[-122.313248,50.172446],[-122.306331,50.175303],[-122.298608,50.172916],[-122.291334,50.161],[-122.292224,50.15598],[-122.273674,50.146581],[-122.272689,50.14412],[-122.277668,50.141587],[-122.278115,50.138212],[-122.260069,50.123938],[-122.257131,50.122094],[-122.245309,50.12656],[-122.229098,50.127254],[-122.223288,50.118877],[-122.210879,50.109624],[-122.197931,50.11115],[-122.178533,50.10944],[-122.171293,50.113284],[-122.156954,50.114997],[-122.147385,50.10963],[-122.131993,50.11234],[-122.117192,50.107219],[-122.116435,50.113137],[-122.109442,50.11613],[-122.106684,50.121798],[-122.100918,50.12426],[-122.093311,50.124302],[-122.086249,50.12092],[-122.071552,50.126425],[-122.067869,50.12009],[-122.058033,50.115919],[-122.059458,50.109995],[-122.055301,50.105757],[-122.042912,50.096997],[-122.033855,50.094764],[-122.024891,50.085937],[-122.013144,50.084786],[-122.002699,50.087647],[-121.998728,50.084355],[-121.993014,50.084181],[-121.991703,50.081612],[-121.983456,50.079607],[-121.974002,50.083318],[-121.965733,50.082691],[-121.956229,50.09098],[-121.949099,50.086672],[-121.950885,50.078349],[-121.943094,50.079879],[-121.937217,50.074492],[-121.920782,50.071372],[-121.913835,50.063437],[-121.914851,50.060842],[-121.909815,50.057982],[-121.911693,50.054262],[-121.893682,50.049674],[-121.872663,50.051712],[-121.862158,50.046432],[-121.85368,50.051375],[-121.857897,50.056676],[-121.849216,50.0633],[-121.854771,50.06905],[-121.851748,50.076043],[-121.807912,50.084245],[-121.801887,50.089291],[-121.797695,50.088673],[-121.793856,50.09125],[-121.789294,50.088456],[-121.771622,50.088869],[-121.755708,50.093743],[-121.751808,50.091039],[-121.739116,50.088833],[-121.717701,50.087691],[-121.702091,50.075087],[-121.699568,50.07692],[-121.691415,50.075021],[-121.682503,50.07895],[-121.676588,50.078037],[-121.6664,50.0815],[-121.661486,50.080787],[-121.655298,50.072827],[-121.663707,50.064767],[-121.653193,50.063001],[-121.642791,50.056452],[-121.638109,50.059324],[-121.63768,50.054246],[-121.633846,50.052202],[-121.315443,50.052117],[-121.317945,50.047147],[-121.324219,50.046698],[-121.321627,50.0413],[-121.328313,50.038617],[-121.326464,50.033149],[-121.308912,50.025259],[-121.299666,50.01459],[-121.290263,50.010591],[-121.286746,50.005387],[-121.292014,49.999357],[-121.272972,49.988245],[-121.277882,49.984757],[-121.267366,49.975353],[-121.270971,49.969693],[-121.266726,49.964055],[-121.274609,49.961216],[-121.280718,49.961943],[-121.283379,49.958465],[-121.281044,49.954128],[-121.287811,49.94556],[-121.284946,49.938682],[-121.288182,49.919733],[-121.297157,49.913093],[-121.315958,49.912638],[-121.315366,49.90644],[-121.324595,49.900952],[-121.311217,49.892825],[-121.305694,49.884739],[-121.297479,49.884394],[-121.290152,49.874661],[-121.282365,49.871326],[-121.262814,49.872663],[-121.257685,49.877426],[-121.240812,49.879628],[-121.233942,49.88365],[-121.229172,49.883136],[-121.225694,49.891044],[-121.217489,49.896072],[-121.209948,49.893152],[-121.203713,49.893961],[-121.194269,49.887584],[-121.187825,49.887652],[-121.184552,49.884021],[-121.177781,49.882286],[-121.170739,49.882967],[-121.155125,49.890122],[-121.144065,49.889163],[-121.127459,49.865338],[-121.107949,49.866748],[-121.096255,49.873941],[-121.092583,49.870715],[-121.094629,49.864686],[-121.083937,49.855658],[-121.087735,49.853913],[-121.091598,49.856495],[-121.10392,49.850124],[-121.115477,49.847459],[-121.110627,49.840333],[-121.099616,49.837962],[-121.102111,49.830153],[-121.11666,49.827869],[-121.130211,49.817465],[-121.140382,49.816907],[-121.15155,49.822233],[-121.159277,49.823049],[-121.179226,49.822384],[-121.187572,49.811694],[-121.182987,49.80439],[-121.188151,49.798321],[-121.203359,49.790069],[-121.202757,49.786841],[-121.213279,49.777345],[-121.211299,49.768895],[-121.203526,49.76801],[-121.201423,49.759171],[-121.192936,49.75777],[-121.195818,49.753231],[-121.192978,49.749523],[-121.197862,49.743977],[-121.193378,49.740312],[-121.191315,49.731551],[-121.187742,49.730218],[-121.188569,49.727094],[-121.173612,49.722908],[-121.172928,49.719695],[-121.166221,49.720596],[-121.165873,49.718773],[-121.15612,49.716559],[-121.153444,49.712495],[-121.155336,49.709791],[-121.149819,49.703496],[-121.13446,49.69385],[-121.136422,49.690067],[-121.125891,49.680146],[-121.118918,49.677982],[-121.130111,49.671564],[-121.132774,49.666918],[-121.147524,49.661721],[-121.154091,49.65552],[-121.170888,49.648788],[-121.164958,49.642542],[-121.169277,49.636331],[-121.15989,49.620063],[-121.155701,49.617334],[-121.149445,49.617998],[-121.136182,49.623426],[-121.12543,49.619162],[-121.124307,49.611036],[-121.119643,49.609908],[-121.098825,49.625753],[-121.089263,49.627122],[-121.063901,49.624506],[-121.060068,49.631436],[-121.032115,49.634869],[-121.012312,49.646033],[-120.99495,49.650273],[-120.98399,49.648284],[-120.979207,49.640015],[-120.972659,49.635582],[-120.967356,49.635867],[-120.957427,49.641791],[-120.963469,49.651019],[-120.959642,49.654397],[-120.960544,49.668635],[-120.956642,49.675867],[-120.968173,49.68112],[-120.972526,49.688446],[-120.962898,49.69157],[-120.959222,49.704605],[-120.948507,49.715882],[-120.933323,49.715954],[-120.931403,49.726921],[-120.916975,49.730099],[-120.914731,49.748121],[-120.926227,49.753302],[-120.917497,49.759748],[-120.831348,49.759737],[-120.831342,49.763354],[-120.772908,49.763339],[-120.772685,49.760004],[-120.762422,49.759854],[-120.761835,49.74927],[-120.693327,49.747733],[-120.693327,49.749929],[-120.601252,49.749359],[-120.601222,49.769984],[-120.589076,49.770007],[-120.589081,49.772566],[-120.489923,49.772562],[-120.490206,49.777444],[-120.478723,49.778989],[-120.476938,49.78265],[-120.480825,49.784491],[-120.467925,49.789763],[-120.459095,49.797244],[-120.459079,49.801],[-120.448098,49.80102],[-120.445287,49.811375],[-120.440912,49.810784],[-120.431516,49.814902],[-120.432845,49.819346],[-120.42783,49.825217],[-120.427542,49.832464],[-120.419713,49.841592],[-120.415749,49.841845],[-120.40038,49.853484],[-120.394805,49.854186],[-120.386927,49.859786],[-120.389956,49.865673],[-120.383179,49.868792],[-120.389729,49.874771],[-120.38034,49.879021],[-120.374303,49.887908],[-120.364931,49.889737],[-120.362632,49.893053],[-120.363054,49.896837],[-120.366242,49.897107],[-120.364872,49.901892],[-120.358964,49.906702],[-120.353464,49.904886],[-120.351917,49.909474],[-120.346789,49.907216],[-120.339358,49.909793],[-120.338968,49.912407],[-120.32685,49.91363],[-120.319464,49.910923],[-120.317177,49.901267],[-120.308554,49.897707],[-120.29293,49.901652],[-120.290209,49.900665],[-120.287706,49.888388],[-120.279852,49.896545],[-120.276173,49.893793],[-120.273077,49.894863],[-120.266882,49.881763],[-120.259326,49.8844],[-120.254722,49.880648],[-120.249136,49.879804],[-120.246259,49.87549],[-120.250782,49.863237],[-120.245412,49.852224],[-120.247879,49.846013],[-120.236528,49.844537],[-120.224682,49.846116],[-120.214224,49.8521],[-120.212636,49.85673],[-120.2046,49.8566],[-120.199325,49.862419],[-120.190248,49.859219],[-120.188238,49.855375],[-120.1741,49.855549],[-120.169675,49.862057],[-120.161489,49.858303],[-120.158338,49.860157],[-120.143234,49.860155],[-120.145875,49.854546],[-120.142275,49.853906],[-120.140318,49.85001],[-120.132967,49.847651],[-120.122617,49.849041],[-120.119487,49.844132],[-120.110548,49.842971],[-120.100849,49.842668],[-120.094183,49.845056],[-120.087078,49.843423],[-120.08086,49.834816],[-120.075792,49.834437],[-120.059706,49.840516],[-120.065622,49.843419],[-120.057711,49.845466],[-120.060796,49.849848],[-120.057294,49.850992],[-120.055315,49.85577],[-120.051089,49.861636],[-120.05943,49.86774],[-120.058639,49.875718],[-120.054711,49.877429],[-120.046246,49.875681],[-120.027848,49.877955],[-120.028414,49.8837],[-120.033753,49.884952],[-120.036275,49.89069],[-120.032039,49.894057],[-120.024505,49.895421],[-120.028115,49.898311],[-120.027503,49.902146],[-120.031442,49.901714],[-120.038739,49.907211],[-120.030017,49.912466],[-120.016113,49.914052],[-120.01448,49.920415],[-119.99953,49.922422],[-119.995666,49.933959],[-119.990512,49.936678],[-119.983868,49.936291],[-119.977148,49.941751],[-119.961551,49.941336],[-119.953584,49.946387],[-119.943583,49.940119],[-119.943073,49.937289],[-119.939355,49.937987],[-119.936467,49.93474],[-119.931076,49.934094],[-119.920803,49.94191],[-119.919476,49.949006],[-119.906281,49.956399],[-119.894776,49.958855],[-119.891536,49.965033],[-119.883771,49.967667],[-119.872744,49.965798],[-119.868105,49.969018],[-119.861054,49.969076],[-119.855517,49.975546],[-119.851773,49.972093],[-119.847531,49.973244],[-119.842107,49.980849],[-119.829319,49.98118],[-119.824129,49.987595],[-119.824071,49.990421],[-119.828419,49.992222],[-119.823354,49.998904],[-119.818602,49.997823],[-119.813511,50.002885],[-119.784012,50.002284],[-119.772867,50.012572],[-119.772503,50.014485],[-119.787101,50.017392],[-119.796738,50.022425],[-119.801161,50.021167],[-119.806744,50.030712],[-119.801641,50.036624],[-119.794676,50.039801],[-119.784437,50.040524],[-119.783272,50.044052],[-119.777331,50.04324],[-119.76252,50.046223],[-119.759305,50.057551],[-119.768005,50.065179],[-119.759552,50.070022],[-119.755271,50.070016],[-119.75622,50.072908],[-119.744504,50.078242],[-119.752582,50.083583],[-119.75952,50.081214],[-119.761361,50.086235],[-119.743957,50.087013],[-119.745779,50.08978],[-119.74136,50.090748],[-119.745866,50.096444],[-119.743039,50.098607],[-119.735293,50.098637],[-119.729694,50.106163],[-119.738425,50.109655],[-119.740397,50.117875],[-119.746839,50.11882],[-119.744711,50.123926],[-119.748808,50.125649],[-119.753891,50.121756],[-119.762892,50.122568],[-119.764793,50.124952],[-119.777603,50.120481],[-119.780996,50.131698],[-119.77751,50.147632],[-119.792147,50.150402],[-119.800203,50.147869],[-119.807375,50.150098],[-119.798802,50.156476],[-119.802098,50.166148],[-119.810033,50.169635],[-119.809324,50.175521],[-119.814074,50.177382],[-119.812697,50.179925],[-119.818007,50.182558],[-119.829461,50.181514],[-119.831032,50.18368],[-119.806117,50.196536],[-119.803514,50.203958],[-119.791556,50.205596],[-119.790006,50.203136],[-119.783785,50.203561],[-119.774806,50.199502],[-119.764927,50.202239],[-119.757722,50.201232],[-119.746754,50.205252],[-119.747103,50.215763],[-119.755085,50.226015],[-119.755308,50.232306],[-119.758903,50.232028],[-119.760273,50.235278],[-119.763982,50.238739],[-119.757882,50.242644],[-119.752258,50.251431],[-119.753037,50.25959],[-119.745842,50.262324],[-119.725448,50.260777],[-119.71504,50.274413],[-119.703275,50.282461],[-119.701395,50.288023],[-119.694875,50.287176],[-119.687645,50.289421],[-119.68115,50.30468],[-119.690007,50.307295],[-119.69888,50.306594],[-119.701021,50.310907],[-119.710366,50.31516],[-119.71235,50.32114],[-119.698799,50.32524],[-119.693146,50.323926],[-119.689299,50.327946],[-119.681395,50.328327],[-119.681973,50.333359],[-119.679103,50.33554],[-119.669128,50.335616],[-119.68198,50.344711],[-119.674444,50.348206],[-119.663513,50.347529],[-119.660617,50.351301],[-119.662998,50.353163],[-119.65828,50.356284],[-119.661831,50.363705],[-119.6556,50.360402],[-119.647003,50.361327],[-119.648325,50.370418],[-119.635501,50.372295],[-119.63376,50.376353],[-119.643303,50.3881],[-119.641321,50.401844],[-119.65275,50.401828],[-119.652488,50.472245],[-119.661013,50.482328],[-119.661031,50.484666],[-119.652486,50.484675],[-119.652456,50.576147],[-119.527038,50.576072],[-119.527329,50.750923],[-119.46961,50.750919],[-119.469745,50.785213],[-119.473366,50.78518],[-119.47352,50.799649],[-119.469768,50.799683],[-119.469798,50.838002],[-119.515956,50.838122],[-119.515917,50.867173],[-119.576448,50.867146],[-119.577466,50.860235],[-119.592508,50.853417],[-119.60576,50.853449],[-119.60031,50.859628],[-119.601232,50.862676],[-119.613989,50.873498],[-119.625866,50.878422],[-119.639248,50.868926],[-119.646146,50.867736],[-119.649641,50.858936],[-119.670932,50.865453],[-119.666149,50.867801],[-119.66614,50.925337],[-119.642341,50.925291],[-119.649029,50.930723],[-119.648779,50.934762],[-119.655735,50.935427],[-119.658002,50.946385],[-119.672449,50.954095],[-119.679669,50.967072],[-119.696228,50.972542],[-119.710703,50.9835],[-119.539332,50.983516],[-119.539507,51.084247],[-119.53355,51.084229],[-119.528397,51.091851],[-119.523766,51.092833],[-119.527784,51.096241],[-119.526878,51.10668],[-119.515835,51.108798],[-119.50579,51.113915],[-119.507842,51.129008],[-119.515824,51.132888],[-119.501482,51.150964],[-119.505949,51.154493],[-119.504015,51.156618],[-119.487263,51.159377],[-119.475471,51.153398],[-119.481234,51.156942],[-119.481794,51.166206],[-119.485813,51.168855],[-119.479853,51.175619],[-119.477111,51.186668],[-119.457909,51.186404],[-119.447459,51.185071],[-119.446147,51.181914],[-119.443477,51.1829],[-119.440461,51.193734],[-119.449306,51.196958],[-119.443158,51.206297],[-119.445116,51.217045],[-119.441236,51.224352],[-119.433203,51.227302],[-119.43286,51.231509],[-119.417269,51.23056],[-119.407248,51.237238],[-119.38826,51.239859],[-119.382692,51.245039],[-119.37924,51.246342],[-119.377579,51.244829],[-119.374073,51.249247],[-119.356688,51.257177],[-119.348492,51.265373],[-119.345406,51.264176],[-119.343893,51.255537],[-119.335707,51.250448],[-119.330919,51.251254],[-119.323769,51.249004],[-119.309702,51.248266],[-119.303984,51.249979],[-119.303927,51.253434],[-119.293122,51.255463],[-119.29006,51.258752],[-119.269231,51.256082],[-119.224312,51.283664],[-119.217678,51.297784],[-119.224202,51.302268],[-119.226569,51.309576],[-119.205338,51.308417],[-119.204102,51.317325],[-119.183971,51.317511],[-119.167873,51.333605],[-119.157743,51.329284],[-119.146623,51.331548],[-119.138777,51.330459],[-119.129887,51.325414],[-119.128826,51.331324],[-119.121061,51.334783],[-119.122325,51.339158],[-119.127806,51.339688],[-119.13844,51.352526],[-119.150629,51.357015],[-119.152767,51.360025],[-119.130873,51.371647],[-119.126919,51.369717],[-119.113919,51.369754],[-119.103023,51.381694],[-119.10427,51.384136],[-119.093695,51.387191],[-119.094052,51.391064],[-119.088224,51.396107],[-119.082792,51.388432],[-119.063836,51.395542],[-119.053812,51.392864],[-119.055588,51.397139],[-119.046618,51.403332],[-119.047035,51.407201],[-119.033921,51.41167],[-119.031873,51.415925],[-119.020944,51.41716],[-119.019551,51.421447],[-119.013447,51.42543],[-118.998352,51.429086],[-118.989046,51.440053],[-118.979816,51.444913],[-118.979587,51.451913],[-118.969423,51.452091],[-118.965694,51.450169],[-118.961258,51.455477],[-118.96034,51.453532],[-118.950397,51.456971],[-118.954918,51.463056],[-118.945988,51.46128],[-118.95064,51.470664],[-118.958238,51.476724],[-118.952917,51.47925],[-118.950921,51.484103],[-118.955304,51.486908],[-118.956589,51.498406],[-118.949077,51.504035],[-118.945499,51.511019],[-118.948963,51.516213],[-118.953391,51.514935],[-118.960609,51.517629],[-118.961539,51.522425],[-118.958764,51.524611],[-118.969116,51.528644],[-118.97992,51.543643],[-118.985891,51.545369],[-118.968122,51.573882],[-118.967804,51.589784],[-118.972843,51.591388],[-118.974533,51.595148],[-118.958453,51.598618],[-118.956263,51.602081],[-118.96374,51.609031],[-118.963311,51.616163],[-118.975956,51.623276],[-118.975545,51.627451],[-118.983312,51.629622],[-118.98772,51.637227],[-118.985741,51.642557],[-118.973078,51.647291],[-118.974342,51.657291],[-118.984449,51.660878],[-118.997275,51.670824],[-118.997339,51.680381],[-119.000249,51.686347],[-119.004842,51.688581],[-118.962056,51.699196],[-118.940652,51.697843],[-118.938564,51.690638],[-118.92577,51.687144],[-118.927315,51.698308],[-118.917908,51.701382],[-118.914482,51.708317],[-118.920311,51.719157],[-118.902586,51.724247],[-118.889919,51.732403],[-118.889445,51.742444],[-118.892533,51.743213],[-118.892242,51.754408],[-118.897236,51.761077],[-118.897656,51.767976],[-118.891105,51.772138],[-118.896274,51.778674],[-118.893113,51.78617],[-118.909986,51.786532],[-118.925185,51.796691],[-118.934855,51.792324],[-118.94501,51.791311],[-118.951907,51.803939],[-118.960508,51.806916],[-118.957141,51.814922],[-118.96205,51.821977],[-118.969522,51.824346],[-118.947832,51.832216],[-118.952693,51.838328],[-118.950706,51.843958],[-118.953523,51.851024],[-118.963067,51.852439],[-118.965636,51.856415],[-118.972739,51.857124],[-118.976867,51.861515],[-118.992031,51.863516],[-118.992108,51.867543],[-118.983836,51.869301],[-118.983431,51.875135],[-118.970115,51.878174],[-118.966696,51.884379],[-118.968896,51.893377],[-118.97632,51.90038],[-118.974507,51.909762],[-118.986801,51.918179],[-118.990904,51.918227],[-118.992468,51.92168],[-118.988253,51.931292],[-118.982674,51.935074],[-118.956944,51.931601],[-118.943534,51.924801],[-118.935253,51.927716],[-118.915097,51.924719],[-118.906735,51.928286],[-118.898422,51.945881],[-118.890735,51.951361],[-118.892827,51.954376],[-118.896839,51.957701],[-118.904421,51.958028],[-118.907338,51.961605],[-118.91985,51.966801],[-118.933034,51.965418],[-118.953833,51.97237],[-118.961424,51.972172],[-118.973627,51.97552],[-118.969222,51.98429],[-118.97106,51.987712],[-118.962051,51.998176],[-118.951569,51.998674],[-118.947724,52.002047],[-118.947779,52.022449],[-118.940721,52.031112],[-118.933206,52.035126],[-118.918384,52.039234],[-118.911153,52.043704],[-118.906028,52.039102],[-118.899711,52.03799],[-118.865205,52.045142],[-118.854842,52.044937],[-118.848406,52.049399],[-118.850201,52.06006],[-118.859793,52.065136],[-118.870363,52.066003],[-118.874139,52.071149],[-118.871346,52.077641],[-118.852609,52.088952],[-118.859464,52.091293],[-118.867371,52.101976],[-118.861934,52.112529],[-118.850777,52.12404],[-118.85215,52.133188],[-118.841222,52.142401],[-118.835583,52.143206],[-118.832888,52.157662],[-118.836207,52.163329],[-118.821659,52.166936],[-118.811468,52.173917],[-118.799106,52.176597],[-118.806903,52.179517],[-118.827555,52.199458],[-118.841816,52.202482],[-118.851906,52.210048],[-118.849919,52.217875],[-118.835806,52.220721],[-118.841214,52.225452],[-118.838828,52.233271],[-118.877822,52.240076],[-118.891147,52.237942],[-118.897608,52.239013],[-118.890529,52.244755],[-118.883589,52.261194],[-118.866051,52.267435],[-118.861334,52.271691],[-118.844953,52.275707],[-118.845644,52.282116],[-118.839208,52.288484],[-118.823858,52.290433],[-118.814087,52.29915],[-118.787707,52.305828],[-118.790663,52.311352],[-118.804128,52.31983],[-118.83642,52.329547],[-118.842939,52.334544],[-118.856493,52.335077],[-118.868995,52.342604],[-118.90299,52.343149],[-118.919193,52.348795],[-118.926647,52.354416],[-118.928107,52.365374],[-118.937585,52.373582],[-118.939919,52.390747],[-118.932605,52.398628],[-118.929651,52.41055],[-118.931788,52.412281],[-118.923914,52.419264],[-118.926923,52.423174],[-118.933539,52.423453],[-118.934197,52.430066],[-118.945155,52.433755],[-118.935138,52.446986],[-118.937274,52.453289],[-118.932764,52.453892],[-118.923617,52.46378],[-118.913473,52.464772],[-118.910141,52.46942],[-118.891459,52.472347],[-118.885067,52.478814],[-118.889135,52.482229],[-118.889621,52.491851],[-118.896441,52.492302],[-118.90943,52.502637],[-118.906768,52.518757],[-118.915762,52.537781],[-118.926244,52.540204],[-118.938194,52.5479],[-118.936239,52.558101],[-118.927994,52.560511],[-118.927268,52.568165],[-118.941383,52.571654],[-118.951509,52.577065],[-118.959465,52.575657],[-118.969088,52.581027],[-118.9902,52.584379],[-118.995174,52.58772],[-118.999136,52.598776],[-119.003863,52.60107],[-119.015129,52.598128],[-119.015653,52.593137],[-119.019521,52.591525],[-119.034619,52.594279],[-119.041396,52.598712],[-119.038584,52.607167],[-119.044772,52.613184],[-119.043947,52.61651],[-119.054922,52.625201],[-119.053854,52.632961],[-119.185111,52.633327],[-119.195061,52.609648],[-119.18888,52.60211],[-119.193658,52.59901],[-119.206747,52.599221],[-119.213808,52.604434],[-119.221311,52.605319],[-119.24788,52.598484],[-119.268166,52.599422],[-119.276702,52.597154],[-119.296894,52.603472],[-119.307467,52.596429],[-119.327175,52.594644],[-119.353989,52.586354],[-119.377696,52.615743],[-119.371797,52.617309],[-119.367024,52.622182],[-119.365113,52.636998],[-119.361642,52.639425],[-119.363511,52.648862],[-119.359784,52.651313],[-119.364335,52.655513],[-119.377708,52.654356],[-119.383923,52.65012],[-119.400174,52.651062],[-119.415255,52.647219],[-119.417598,52.641191],[-119.426593,52.63652],[-119.443339,52.636941],[-119.448281,52.639518],[-119.450829,52.645607],[-119.456144,52.64556],[-119.464046,52.651223],[-119.489613,52.638344],[-119.499007,52.638647],[-119.50345,52.632079],[-119.515278,52.629059],[-119.529189,52.628888],[-119.536073,52.641623],[-119.535799,52.647175],[-119.542515,52.654387],[-119.54257,52.664418],[-119.560235,52.661052],[-119.577553,52.651666],[-119.578898,52.657437],[-119.586332,52.659031],[-119.602824,52.670096],[-119.606357,52.678187],[-119.612566,52.680664],[-119.618242,52.689905],[-119.61355,52.699998],[-119.617403,52.705124],[-119.63944,52.702558],[-119.650221,52.699203],[-119.667732,52.698898],[-119.672377,52.694788],[-119.68328,52.692853],[-119.683782,52.690105],[-119.702483,52.684102],[-119.710371,52.675921],[-119.716969,52.674961],[-119.724203,52.679734],[-119.736714,52.678652],[-119.747198,52.682555],[-119.764334,52.670172],[-119.769143,52.659436],[-119.772779,52.660258],[-119.822271,52.676249],[-119.828487,52.684293],[-119.843579,52.691548],[-119.854923,52.692561],[-119.862358,52.68962],[-119.864614,52.685727],[-119.870974,52.686624],[-119.879872,52.690671],[-119.880826,52.697147],[-119.884954,52.698836],[-119.891174,52.711638],[-119.899852,52.716111],[-119.907927,52.713287],[-119.911051,52.720418],[-119.921644,52.722451],[-119.933105,52.719528],[-119.939571,52.721634],[-119.948585,52.719005],[-119.954237,52.713796],[-119.964125,52.718657],[-119.971082,52.730453],[-119.969072,52.735107],[-119.998098,52.74421],[-120.012704,52.753733],[-120.017626,52.768245],[-120.025565,52.772501],[-120.022723,52.781827],[-120.040293,52.801209],[-120.040826,52.816795],[-120.049529,52.823739],[-120.058693,52.825208],[-120.066402,52.823834],[-120.077393,52.82951],[-120.081161,52.834969],[-120.09505,52.83902],[-120.102212,52.844657],[-120.101817,52.85454],[-120.111343,52.864015],[-120.122038,52.867678],[-120.130709,52.875002],[-120.139454,52.875815],[-120.147854,52.873598],[-120.157702,52.86406],[-120.172696,52.857422],[-120.178424,52.857756],[-120.189901,52.863613],[-120.202932,52.873742],[-120.211389,52.87331],[-120.212034,52.876913],[-120.21832,52.874381],[-120.23162,52.861113],[-120.244328,52.855899],[-120.255828,52.855156],[-120.259437,52.852353],[-120.265916,52.859867],[-120.277764,52.86522],[-120.307942,52.859155],[-120.327179,52.843893],[-120.334366,52.833395],[-120.321988,52.828345],[-120.318016,52.822612],[-120.319122,52.818394],[-120.302015,52.815218],[-120.308907,52.808886],[-120.316344,52.806632],[-120.312613,52.804327],[-120.321858,52.790562],[-120.334674,52.786413],[-120.33974,52.787595],[-120.34554,52.784593],[-120.340152,52.778582],[-120.310137,52.780955],[-120.298887,52.776816],[-120.293792,52.771706],[-120.29441,52.756963],[-120.285758,52.751946],[-120.27427,52.749074],[-120.29161,52.736316],[-120.297656,52.725568],[-120.278531,52.72018],[-120.26813,52.713908],[-120.274273,52.709381],[-120.280641,52.709132],[-120.289349,52.705033],[-120.277874,52.698394],[-120.276467,52.692472],[-120.26237,52.682417],[-120.269328,52.667739],[-120.289652,52.654043],[-120.279849,52.654034],[-120.271337,52.651329],[-120.26732,52.646452],[-120.238366,52.638748],[-120.233532,52.633231],[-120.234982,52.622896],[-120.248384,52.622441],[-120.251828,52.618648],[-120.281002,52.614727],[-120.285244,52.611826],[-120.288516,52.599998],[-120.284106,52.589411],[-120.292963,52.588248],[-120.302758,52.591754],[-120.300936,52.588007],[-120.304152,52.587091],[-120.304325,52.58259],[-120.312137,52.581113],[-120.313953,52.578447],[-120.312686,52.571899],[-120.31761,52.569387],[-120.320773,52.573854],[-120.328513,52.56866],[-120.328854,52.559405],[-120.33489,52.558174],[-120.344982,52.546459],[-120.349902,52.544618],[-120.355541,52.534232],[-120.365096,52.531289],[-120.365491,52.527161],[-120.391517,52.534833],[-120.401204,52.532609],[-120.403849,52.529016],[-120.43754,52.522032],[-120.44494,52.517636],[-120.44343,52.515976],[-120.448315,52.515371],[-120.445956,52.511122],[-120.451195,52.508896],[-120.44928,52.505572],[-120.453338,52.504277],[-120.464449,52.50704],[-120.478342,52.501195],[-120.477966,52.499515],[-120.494139,52.501954],[-120.50057,52.498718],[-120.504865,52.500148],[-120.51413,52.497862],[-120.517582,52.492035],[-120.531287,52.483276],[-120.533238,52.478338],[-120.544264,52.471901],[-120.543662,52.464479],[-120.538935,52.46001],[-120.532114,52.457197],[-120.515774,52.456423],[-120.510303,52.451984],[-120.509692,52.447078],[-120.501907,52.446815],[-120.494801,52.439683],[-120.484528,52.437741],[-120.484091,52.434819],[-120.47287,52.430874],[-120.468687,52.422754],[-120.456524,52.421711],[-120.460036,52.418441],[-120.458486,52.411888],[-120.470315,52.409273],[-120.475867,52.402232],[-120.485759,52.404463],[-120.490002,52.4033],[-120.488557,52.40156],[-120.499878,52.398317],[-120.500755,52.395416],[-120.512521,52.392436],[-120.514462,52.386659],[-120.519265,52.385132],[-120.530772,52.368933],[-120.528036,52.364669],[-120.532948,52.354035],[-120.519558,52.348988],[-120.516646,52.34488],[-120.536571,52.33537],[-120.528189,52.327731],[-120.507649,52.329412],[-120.49706,52.319419],[-120.478372,52.31415],[-120.473891,52.30809],[-120.465828,52.306364],[-120.472607,52.299106],[-120.479041,52.298446],[-120.478728,52.291308],[-120.487598,52.288251],[-120.490995,52.289636],[-120.49597,52.285155],[-120.485319,52.279812],[-120.489231,52.275714],[-120.481846,52.268743],[-120.473159,52.265987],[-120.47439,52.260586],[-120.47075,52.256812],[-120.463917,52.254831],[-120.459939,52.248549],[-120.44187,52.240983],[-120.443031,52.232169],[-120.432835,52.228223],[-120.424876,52.219246],[-120.428764,52.214034],[-120.418202,52.210368],[-120.40431,52.211358],[-120.393346,52.200846],[-120.392137,52.196503],[-120.400732,52.193392],[-120.388506,52.187924],[-120.386112,52.176225],[-120.402589,52.169593],[-120.395735,52.163772],[-120.402834,52.16038],[-120.401976,52.154264],[-120.408323,52.145177],[-120.398806,52.14369],[-120.394369,52.139321],[-120.389672,52.139172],[-120.38855,52.136116],[-120.382219,52.135167],[-120.367488,52.140117],[-120.361649,52.144942],[-120.362733,52.147862],[-120.353391,52.149352],[-120.34775,52.156615],[-120.340437,52.156732],[-120.334164,52.163839],[-120.315705,52.159116],[-120.314032,52.155252],[-120.318422,52.155703],[-120.308823,52.146598],[-120.309058,52.136397],[-120.310513,52.128983],[-120.318226,52.123197],[-120.317658,52.118291],[-120.312176,52.114965],[-120.30438,52.096243],[-120.294138,52.090558],[-120.290646,52.082402],[-120.2979,52.076867],[-120.306556,52.075392],[-120.304368,52.073759],[-120.309839,52.068681],[-120.313194,52.055579],[-120.324271,52.047227],[-120.324365,52.042674],[-120.320336,52.040248],[-120.323371,52.035855],[-120.316837,52.03409],[-120.315215,52.023276],[-120.307317,52.018807],[-120.301982,52.018855],[-120.298575,52.014199],[-120.293548,52.013697],[-120.288828,52.017332],[-120.270404,52.019668],[-120.262738,52.017247],[-120.261726,52.01163],[-120.244799,52.009829],[-120.24105,52.00254],[-120.233403,52.001326],[-120.232324,51.997794],[-120.227956,51.99868],[-120.224678,51.985777],[-120.229962,51.978465],[-120.225547,51.976391],[-120.206886,51.976472],[-120.205805,51.97373],[-120.208492,51.969315],[-120.214074,51.968836],[-120.217487,51.964824],[-120.217853,51.960714],[-120.21456,51.959359],[-120.22812,51.952637],[-120.232139,51.953083],[-120.231045,51.950997],[-120.234377,51.949592],[-120.23769,51.949912],[-120.235475,51.943817],[-120.238771,51.943228],[-120.246371,51.931364],[-120.243208,51.929531],[-120.243173,51.924598],[-120.252879,51.921444],[-120.257656,51.91371],[-120.274196,51.900826],[-120.271574,51.895253],[-120.280118,51.890959],[-120.268856,51.884439],[-120.261126,51.884663],[-120.261738,51.88081],[-120.255885,51.877996],[-120.25159,51.869907],[-120.242599,51.871738],[-120.236818,51.878645],[-120.228988,51.876005],[-120.230121,51.874125],[-120.226537,51.872629],[-120.221859,51.872608],[-120.225088,51.867612],[-120.220488,51.857152],[-120.228692,51.85507],[-120.225053,51.849291],[-120.226385,51.845271],[-120.23076,51.841259],[-120.24161,51.838816],[-120.238279,51.826822],[-120.252339,51.822133],[-120.257004,51.822754],[-120.269133,51.832408],[-120.276957,51.834343],[-120.285901,51.829487],[-120.305877,51.832158],[-120.30607,51.827775],[-120.310811,51.826537],[-120.309299,51.823163],[-120.314842,51.819713],[-120.316023,51.816994],[-120.312365,51.813592],[-120.320997,51.800164],[-120.316405,51.797495],[-120.314807,51.787016],[-120.325681,51.779855],[-120.329368,51.773158],[-120.350135,51.768582],[-120.354738,51.768938],[-120.354578,51.77192],[-120.361125,51.774839],[-120.37919,51.76748],[-120.38061,51.762485],[-120.373631,51.76286],[-120.370345,51.759297],[-120.359741,51.756001],[-120.351054,51.756111],[-120.344786,51.750322],[-120.339168,51.735958],[-120.342376,51.728925],[-120.354354,51.727919],[-120.364899,51.719675],[-120.365562,51.723001],[-120.370149,51.722914],[-120.378002,51.717945],[-120.378841,51.715682],[-120.374507,51.713801],[-120.379206,51.70746],[-120.394775,51.702654],[-120.417581,51.706141],[-120.419309,51.708345],[-120.426587,51.708892],[-120.427825,51.712328],[-120.440968,51.713137],[-120.446816,51.717024],[-120.453135,51.71458],[-120.45553,51.715774],[-120.458517,51.712583],[-120.472121,51.71293],[-120.475564,51.711422],[-120.475513,51.701941],[-120.480722,51.70119],[-120.486696,51.704124],[-120.497361,51.702601],[-120.504272,51.696423],[-120.510103,51.696187],[-120.517913,51.690462],[-120.524155,51.69089],[-120.527791,51.683646],[-120.545829,51.673547],[-120.543122,51.669848],[-120.552498,51.663065],[-120.559694,51.668655],[-120.559724,51.435805],[-120.632457,51.435801],[-120.629046,51.437128],[-120.629786,51.441212],[-120.638907,51.435797],[-120.736029,51.435903],[-120.815405,51.441657],[-120.957602,51.444147],[-120.96003,51.438594],[-121.000019,51.438698],[-121.000036,51.431469],[-121.036338,51.431075],[-121.03953,51.433283],[-121.037938,51.431453],[-121.047618,51.431691],[-121.055616,51.436701],[-121.092434,51.436567],[-121.094482,51.440151],[-121.115985,51.441333],[-121.151524,51.435859],[-121.210423,51.415918],[-121.237098,51.399141],[-121.269365,51.385878],[-121.28289,51.37367],[-121.306307,51.373783],[-121.306306,51.376274],[-121.421841,51.376256],[-121.421841,51.401222],[-121.428646,51.401314],[-121.428391,51.437647],[-121.473855,51.436834],[-121.473888,51.447877],[-121.508724,51.447853],[-121.508741,51.451469],[-121.52611,51.451295],[-121.526296,51.547964],[-121.629776,51.547964],[-121.629776,51.56541],[-121.884951,51.565409],[-121.884528,51.518074],[-122.283005,51.515293],[-122.281286,51.521885],[-122.303623,51.523693],[-122.310914,51.521092],[-122.33008,51.524234],[-122.359206,51.517419],[-122.364431,51.518913],[-122.366556,51.516389],[-122.382047,51.518674],[-122.3947,51.515485],[-122.402162,51.516836],[-122.404666,51.513864],[-122.408603,51.515817],[-122.427166,51.510136],[-122.428321,51.50757],[-122.438387,51.505677],[-122.439017,51.502515],[-122.443557,51.503516],[-122.444417,51.499177],[-122.453515,51.496163],[-122.452164,51.494655],[-122.456165,51.494979],[-122.460606,51.490998],[-122.458597,51.489092],[-122.46348,51.487241],[-122.559167,51.487645],[-122.559164,51.435577],[-122.578961,51.433297],[-122.598752,51.423808],[-122.62412,51.417211],[-122.625753,51.41272],[-122.638242,51.406285],[-122.634323,51.394691],[-122.622761,51.384558],[-122.624893,51.378059],[-122.618836,51.377188],[-122.613283,51.372718],[-122.619418,51.366811],[-122.617543,51.361224],[-122.631748,51.355531],[-122.631467,51.35033],[-122.645048,51.339411],[-122.647454,51.335644],[-122.644787,51.332649],[-122.650986,51.325858],[-122.650322,51.319055],[-122.659326,51.320106],[-122.664545,51.316776],[-122.668034,51.30649],[-122.675724,51.30234],[-122.676723,51.292928],[-122.668235,51.286537],[-122.674265,51.283497],[-122.67086,51.274495],[-122.663519,51.268702],[-122.655176,51.266879],[-122.64413,51.258708],[-122.63752,51.257303],[-122.623974,51.247225],[-122.608061,51.244961],[-122.596546,51.249499],[-122.557927,51.24543],[-122.551467,51.239416],[-122.551087,51.229883],[-122.53911,51.221609],[-122.540574,51.212613],[-122.548122,51.204338]]]},"properties":{"id":"TNRD","boundaryCode":"TNRD","boundaryName":"Thompson-Nicola Regional District","reportingName":"Thompson-Nicola","jurisdiction_count":12,"population_2015":133191,"vehicle_idling_population":1100,"vehicle_idling_percent":0.8,"vehicle_idling_band":"1–25%","vehicle_idling_display":"Thompson-Nicola Regional District · 0.8% covered","vehicle_idling_details":"Vehicle idling: 0.8% of the regional district population covered (2015 population estimate).\nAshcroft: no bylaw reported\nBarriere: no bylaw reported\nCache Creek: no bylaw reported\nChase: no bylaw reported\nClearwater: no bylaw reported\nClinton: bylaw reported\nKamloops: no bylaw reported\nLogan Lake: no bylaw reported\nLytton: no bylaw reported\nMerritt: no bylaw reported\nSun Peaks: bylaw reported\nThompson-Nicola RD-uninc: no bylaw reported","open_burning_population":7343,"open_burning_percent":5.5,"open_burning_band":"1–25%","open_burning_display":"Thompson-Nicola Regional District · 5.5% covered","open_burning_details":"Open burning: 5.5% of the regional district population covered (2015 population estimate).\nAshcroft: no bylaw reported\nBarriere: bylaw reported\nCache Creek: no bylaw reported\nChase: bylaw reported\nClearwater: bylaw reported\nClinton: bylaw reported\nKamloops: no bylaw reported\nLogan Lake: no bylaw reported\nLytton: bylaw reported\nMerritt: no bylaw reported\nSun Peaks: no bylaw reported\nThompson-Nicola RD-uninc: no bylaw reported","solid_fuel_population":99702,"solid_fuel_percent":74.9,"solid_fuel_band":"51–75%","solid_fuel_display":"Thompson-Nicola Regional District · 74.9% covered","solid_fuel_details":"Solid fuel appliance: 74.9% of the regional district population covered (2015 population estimate).\nAshcroft: no bylaw reported\nBarriere: no bylaw reported\nCache Creek: no bylaw reported\nChase: no bylaw reported\nClearwater: no bylaw reported\nClinton: no bylaw reported\nKamloops: bylaw reported\nLogan Lake: bylaw reported\nLytton: no bylaw reported\nMerritt: bylaw reported\nSun Peaks: no bylaw reported\nThompson-Nicola RD-uninc: no bylaw reported"},"id":"TNRD"}]}
